{"strategy":{"ACO_3_0":{"trades":[{"pair":"DOGE/USDT","stake_amount":329.95935,"max_stake_amount":329.95935,"amount":1395.0,"open_date":"2025-10-10 17:00:00+00:00","close_date":"2025-10-10 20:00:00+00:00","open_rate":0.23653,"close_rate":0.22471,"fee_open":0.001,"fee_close":0.001,"trade_duration":180,"profit_ratio":-0.05187067614666651,"profit_abs":-17.1323298,"exit_reason":"stop_loss","initial_stop_loss_abs":0.22471,"initial_stop_loss_ratio":-0.05,"stop_loss_abs":0.22471,"stop_loss_ratio":-0.05,"min_rate":0.21607,"max_rate":0.23714,"is_open":false,"enter_tag":"","leverage":1.0,"is_short":false,"open_timestamp":1760115600000,"close_timestamp":1760126400000,"orders":[{"amount":1395.0,"safe_price":0.23653,"ft_order_side":"buy","order_filled_timestamp":1760115600000,"ft_is_entry":true,"ft_order_tag":"","cost":330.28930934999994},{"amount":1395.0,"safe_price":0.22471,"ft_order_side":"sell","order_filled_timestamp":1760126400000,"ft_is_entry":false,"ft_order_tag":"stop_loss","cost":313.7839204499999}],"funding_fees":0.0,"weekday":4},{"pair":"DOGE/USDT","stake_amount":324.1792,"max_stake_amount":324.1792,"amount":1480.0,"open_date":"2025-10-10 21:00:00+00:00","close_date":"2025-10-10 21:00:00+00:00","open_rate":0.21904,"close_rate":0.20809,"fee_open":0.001,"fee_close":0.001,"trade_duration":0,"profit_ratio":-0.051888989388989386,"profit_abs":-16.8381524,"exit_reason":"stop_loss","initial_stop_loss_abs":0.20809,"initial_stop_loss_ratio":-0.05,"stop_loss_abs":0.20809,"stop_loss_ratio":-0.05,"min_rate":0.095,"max_rate":0.22132,"is_open":false,"enter_tag":"","leverage":1.0,"is_short":false,"open_timestamp":1760130000000,"close_timestamp":1760130000000,"orders":[{"amount":1480.0,"safe_price":0.21904,"ft_order_side":"buy","order_filled_timestamp":1760130000000,"ft_is_entry":true,"ft_order_tag":"","cost":324.5033792},{"amount":1480.0,"safe_price":0.20809,"ft_order_side":"sell","order_filled_timestamp":1760130000000,"ft_is_entry":false,"ft_order_tag":"stop_loss","cost":308.2811732}],"funding_fees":0.0,"weekday":4},{"pair":"DOGE/USDT","stake_amount":318.78315,"max_stake_amount":318.78315,"amount":1785.0,"open_date":"2025-10-17 08:00:00+00:00","close_date":"2025-10-17 10:00:00+00:00","open_rate":0.17859,"close_rate":0.1789475375375375,"fee_open":0.001,"fee_close":0.001,"trade_duration":120,"profit_ratio":0.0,"profit_abs":0.0,"exit_reason":"roi","initial_stop_loss_abs":0.16967,"initial_stop_loss_ratio":-0.05,"stop_loss_abs":0.16967,"stop_loss_ratio":-0.05,"min_rate":0.17555,"max_rate":0.18194,"is_open":false,"enter_tag":"","leverage":1.0,"is_short":false,"open_timestamp":1760688000000,"close_timestamp":1760695200000,"orders":[{"amount":1785.0,"safe_price":0.17859,"ft_order_side":"buy","order_filled_timestamp":1760688000000,"ft_is_entry":true,"ft_order_tag":"","cost":319.1019331499999},{"amount":1785.0,"safe_price":0.1789475375375375,"ft_order_side":"sell","order_filled_timestamp":1760695200000,"ft_is_entry":false,"ft_order_tag":"roi","cost":319.7407758590089}],"funding_fees":0.0,"weekday":4},{"pair":"DOGE/USDT","stake_amount":318.78276,"max_stake_amount":318.78276,"amount":1748.0,"open_date":"2025-10-30 14:00:00+00:00","close_date":"2025-10-30 23:00:00+00:00","open_rate":0.18237,"close_rate":0.1827351051051051,"fee_open":0.001,"fee_close":0.001,"trade_duration":540,"profit_ratio":0.0,"profit_abs":0.0,"exit_reason":"roi","initial_stop_loss_abs":0.17326,"initial_stop_loss_ratio":-0.05,"stop_loss_abs":0.17326,"stop_loss_ratio":-0.05,"min_rate":0.17642,"max_rate":0.18361,"is_open":false,"enter_tag":"","leverage":1.0,"is_short":false,"open_timestamp":1761832800000,"close_timestamp":1761865200000,"orders":[{"amount":1748.0,"safe_price":0.18237,"ft_order_side":"buy","order_filled_timestamp":1761832800000,"ft_is_entry":true,"ft_order_tag":"","cost":319.10154276},{"amount":1748.0,"safe_price":0.1827351051051051,"ft_order_side":"sell","order_filled_timestamp":1761865200000,"ft_is_entry":false,"ft_order_tag":"roi","cost":319.74038468744743}],"funding_fees":0.0,"weekday":3},{"pair":"DOGE/USDT","stake_amount":318.78756,"max_stake_amount":318.78756,"amount":1924.0,"open_date":"2025-11-13 18:00:00+00:00","close_date":"2025-11-14 07:00:00+00:00","open_rate":0.16569,"close_rate":0.16602171171171168,"fee_open":0.001,"fee_close":0.001,"trade_duration":780,"profit_ratio":0.0,"profit_abs":0.0,"exit_reason":"roi","initial_stop_loss_abs":0.15741,"initial_stop_loss_ratio":-0.05,"stop_loss_abs":0.15741,"stop_loss_ratio":-0.05,"min_rate":0.1591,"max_rate":0.16628,"is_open":false,"enter_tag":"","leverage":1.0,"is_short":false,"open_timestamp":1763056800000,"close_timestamp":1763103600000,"orders":[{"amount":1924.0,"safe_price":0.16569,"ft_order_side":"buy","order_filled_timestamp":1763056800000,"ft_is_entry":true,"ft_order_tag":"","cost":319.10634755999996},{"amount":1924.0,"safe_price":0.16602171171171168,"ft_order_side":"sell","order_filled_timestamp":1763103600000,"ft_is_entry":false,"ft_order_tag":"roi","cost":319.7451991066666}],"funding_fees":0.0,"weekday":4},{"pair":"DOGE/USDT","stake_amount":318.71609,"max_stake_amount":318.71609,"amount":2039.0,"open_date":"2025-11-16 17:00:00+00:00","close_date":"2025-11-16 19:00:00+00:00","open_rate":0.15631,"close_rate":0.15662293293293292,"fee_open":0.001,"fee_close":0.001,"trade_duration":120,"profit_ratio":0.0,"profit_abs":0.0,"exit_reason":"roi","initial_stop_loss_abs":0.1485,"initial_stop_loss_ratio":-0.05,"stop_loss_abs":0.1485,"stop_loss_ratio":-0.05,"min_rate":0.1536,"max_rate":0.15794,"is_open":false,"enter_tag":"","leverage":1.0,"is_short":false,"open_timestamp":1763312400000,"close_timestamp":1763319600000,"orders":[{"amount":2039.0,"safe_price":0.15631,"ft_order_side":"buy","order_filled_timestamp":1763312400000,"ft_is_entry":true,"ft_order_tag":"","cost":319.03480608999996},{"amount":2039.0,"safe_price":0.15662293293293292,"ft_order_side":"sell","order_filled_timestamp":1763319600000,"ft_is_entry":false,"ft_order_tag":"roi","cost":319.67351441050045}],"funding_fees":0.0,"weekday":6},{"pair":"DOGE/USDT","stake_amount":318.64887,"max_stake_amount":318.64887,"amount":2133.0,"open_date":"2025-11-19 18:00:00+00:00","close_date":"2025-11-19 20:00:00+00:00","open_rate":0.14939,"close_rate":0.14968907907907905,"fee_open":0.001,"fee_close":0.001,"trade_duration":120,"profit_ratio":0.0,"profit_abs":0.0,"exit_reason":"roi","initial_stop_loss_abs":0.14193,"initial_stop_loss_ratio":-0.05,"stop_loss_abs":0.14193,"stop_loss_ratio":-0.05,"min_rate":0.14712,"max_rate":0.15089,"is_open":false,"enter_tag":"","leverage":1.0,"is_short":false,"open_timestamp":1763575200000,"close_timestamp":1763582400000,"orders":[{"amount":2133.0,"safe_price":0.14939,"ft_order_side":"buy","order_filled_timestamp":1763575200000,"ft_is_entry":true,"ft_order_tag":"","cost":318.96751886999994},{"amount":2133.0,"safe_price":0.14968907907907905,"ft_order_side":"sell","order_filled_timestamp":1763582400000,"ft_is_entry":false,"ft_order_tag":"roi","cost":319.60609248135125}],"funding_fees":0.0,"weekday":2},{"pair":"DOGE/USDT","stake_amount":318.67479,"max_stake_amount":318.67479,"amount":2163.0,"open_date":"2025-11-20 19:00:00+00:00","close_date":"2025-11-20 21:00:00+00:00","open_rate":0.14733,"close_rate":0.14931,"fee_open":0.001,"fee_close":0.001,"trade_duration":120,"profit_ratio":0.011414364499275922,"profit_abs":3.64110768,"exit_reason":"roi","initial_stop_loss_abs":0.13997,"initial_stop_loss_ratio":-0.05,"stop_loss_abs":0.13997,"stop_loss_ratio":-0.05,"min_rate":0.14623,"max_rate":0.1523,"is_open":false,"enter_tag":"","leverage":1.0,"is_short":false,"open_timestamp":1763665200000,"close_timestamp":1763672400000,"orders":[{"amount":2163.0,"safe_price":0.14733,"ft_order_side":"buy","order_filled_timestamp":1763665200000,"ft_is_entry":true,"ft_order_tag":"","cost":318.99346478999996},{"amount":2163.0,"safe_price":0.14931,"ft_order_side":"sell","order_filled_timestamp":1763672400000,"ft_is_entry":false,"ft_order_tag":"roi","cost":323.28048752999996}],"funding_fees":0.0,"weekday":3},{"pair":"DOGE/USDT","stake_amount":319.90973,"max_stake_amount":319.90973,"amount":2303.0,"open_date":"2025-12-01 01:00:00+00:00","close_date":"2025-12-01 15:00:00+00:00","open_rate":0.13891,"close_rate":0.13197,"fee_open":0.001,"fee_close":0.001,"trade_duration":840,"profit_ratio":-0.0518585870252417,"profit_abs":-16.60665664,"exit_reason":"stop_loss","initial_stop_loss_abs":0.13197,"initial_stop_loss_ratio":-0.05,"stop_loss_abs":0.13197,"stop_loss_ratio":-0.05,"min_rate":0.13177,"max_rate":0.14064,"is_open":false,"enter_tag":"","leverage":1.0,"is_short":false,"open_timestamp":1764550800000,"close_timestamp":1764601200000,"orders":[{"amount":2303.0,"safe_price":0.13891,"ft_order_side":"buy","order_filled_timestamp":1764550800000,"ft_is_entry":true,"ft_order_tag":"","cost":320.22963973},{"amount":2303.0,"safe_price":0.13197,"ft_order_side":"sell","order_filled_timestamp":1764601200000,"ft_is_entry":false,"ft_order_tag":"stop_loss","cost":304.23083691}],"funding_fees":0.0,"weekday":0},{"pair":"DOGE/USDT","stake_amount":314.47324,"max_stake_amount":314.47324,"amount":2209.0,"open_date":"2025-12-05 15:00:00+00:00","close_date":"2025-12-07 14:00:00+00:00","open_rate":0.14236,"close_rate":0.13525,"fee_open":0.001,"fee_close":0.001,"trade_duration":2820,"profit_ratio":-0.05184201861639343,"profit_abs":-16.31923049,"exit_reason":"stop_loss","initial_stop_loss_abs":0.13525,"initial_stop_loss_ratio":-0.05,"stop_loss_abs":0.13525,"stop_loss_ratio":-0.05,"min_rate":0.13486,"max_rate":0.14466,"is_open":false,"enter_tag":"","leverage":1.0,"is_short":false,"open_timestamp":1764946800000,"close_timestamp":1765116000000,"orders":[{"amount":2209.0,"safe_price":0.14236,"ft_order_side":"buy","order_filled_timestamp":1764946800000,"ft_is_entry":true,"ft_order_tag":"","cost":314.78771323999996},{"amount":2209.0,"safe_price":0.13525,"ft_order_side":"sell","order_filled_timestamp":1765116000000,"ft_is_entry":false,"ft_order_tag":"stop_loss","cost":299.06601725}],"funding_fees":0.0,"weekday":6},{"pair":"DOGE/USDT","stake_amount":309.06064,"max_stake_amount":309.06064,"amount":2212.0,"open_date":"2025-12-11 02:00:00+00:00","close_date":"2025-12-11 20:00:00+00:00","open_rate":0.13972,"close_rate":0.13999971971971972,"fee_open":0.001,"fee_close":0.001,"trade_duration":1080,"profit_ratio":0.0,"profit_abs":0.0,"exit_reason":"roi","initial_stop_loss_abs":0.13274,"initial_stop_loss_ratio":-0.05,"stop_loss_abs":0.13274,"stop_loss_ratio":-0.05,"min_rate":0.13623,"max_rate":0.14023,"is_open":false,"enter_tag":"","leverage":1.0,"is_short":false,"open_timestamp":1765418400000,"close_timestamp":1765483200000,"orders":[{"amount":2212.0,"safe_price":0.13972,"ft_order_side":"buy","order_filled_timestamp":1765418400000,"ft_is_entry":true,"ft_order_tag":"","cost":309.36970064},{"amount":2212.0,"safe_price":0.13999971971971972,"ft_order_side":"sell","order_filled_timestamp":1765483200000,"ft_is_entry":false,"ft_order_tag":"roi","cost":309.98905940004}],"funding_fees":0.0,"weekday":3},{"pair":"DOGE/USDT","stake_amount":309.10944,"max_stake_amount":309.10944,"amount":2384.0,"open_date":"2025-12-15 17:00:00+00:00","close_date":"2025-12-16 00:00:00+00:00","open_rate":0.12966,"close_rate":0.12991957957957956,"fee_open":0.001,"fee_close":0.001,"trade_duration":420,"profit_ratio":0.0,"profit_abs":0.0,"exit_reason":"roi","initial_stop_loss_abs":0.12318,"initial_stop_loss_ratio":-0.05,"stop_loss_abs":0.12318,"stop_loss_ratio":-0.05,"min_rate":0.12661,"max_rate":0.13014,"is_open":false,"enter_tag":"","leverage":1.0,"is_short":false,"open_timestamp":1765818000000,"close_timestamp":1765843200000,"orders":[{"amount":2384.0,"safe_price":0.12966,"ft_order_side":"buy","order_filled_timestamp":1765818000000,"ft_is_entry":true,"ft_order_tag":"","cost":309.41854944},{"amount":2384.0,"safe_price":0.12991957957957956,"ft_order_side":"sell","order_filled_timestamp":1765843200000,"ft_is_entry":false,"ft_order_tag":"roi","cost":310.03800599543536}],"funding_fees":0.0,"weekday":1},{"pair":"DOGE/USDT","stake_amount":309.05043,"max_stake_amount":309.05043,"amount":2559.0,"open_date":"2025-12-26 17:00:00+00:00","close_date":"2025-12-26 19:00:00+00:00","open_rate":0.12077,"close_rate":0.12186,"fee_open":0.001,"fee_close":0.001,"trade_duration":120,"profit_ratio":0.007009385414618502,"profit_abs":2.16841983,"exit_reason":"roi","initial_stop_loss_abs":0.11474,"initial_stop_loss_ratio":-0.05,"stop_loss_abs":0.11474,"stop_loss_ratio":-0.05,"min_rate":0.12068,"max_rate":0.12247,"is_open":false,"enter_tag":"","leverage":1.0,"is_short":false,"open_timestamp":1766768400000,"close_timestamp":1766775600000,"orders":[{"amount":2559.0,"safe_price":0.12077,"ft_order_side":"buy","order_filled_timestamp":1766768400000,"ft_is_entry":true,"ft_order_tag":"","cost":309.35948042999996},{"amount":2559.0,"safe_price":0.12186,"ft_order_side":"sell","order_filled_timestamp":1766775600000,"ft_is_entry":false,"ft_order_tag":"roi","cost":312.15157974}],"funding_fees":0.0,"weekday":4},{"pair":"DOGE/USDT","stake_amount":309.82133,"max_stake_amount":309.82133,"amount":2149.0,"open_date":"2026-01-06 18:00:00+00:00","close_date":"2026-01-06 20:00:00+00:00","open_rate":0.14417,"close_rate":0.14588,"fee_open":0.001,"fee_close":0.001,"trade_duration":120,"profit_ratio":0.009839297139012753,"profit_abs":3.05147255,"exit_reason":"roi","initial_stop_loss_abs":0.13697,"initial_stop_loss_ratio":-0.05,"stop_loss_abs":0.13697,"stop_loss_ratio":-0.05,"min_rate":0.14366,"max_rate":0.14743,"is_open":false,"enter_tag":"","leverage":1.0,"is_short":false,"open_timestamp":1767722400000,"close_timestamp":1767729600000,"orders":[{"amount":2149.0,"safe_price":0.14417,"ft_order_side":"buy","order_filled_timestamp":1767722400000,"ft_is_entry":true,"ft_order_tag":"","cost":310.13115132999997},{"amount":2149.0,"safe_price":0.14588,"ft_order_side":"sell","order_filled_timestamp":1767729600000,"ft_is_entry":false,"ft_order_tag":"roi","cost":313.80961612}],"funding_fees":0.0,"weekday":1}],"locks":[],"best_pair":{"key":"DOGE/USDT","trades":14,"profit_mean":-0.012799801723170275,"profit_mean_pct":-1.28,"profit_total_abs":-58.03536927,"profit_total":-0.05803536927,"profit_total_pct":-5.8,"duration_avg":"8:47:00","wins":3,"draws":7,"losses":4,"winrate":0.21428571428571427,"cagr":-0.20146284270887094,"expectancy":-4.145383519285714,"expectancy_ratio":-0.7478689687230424,"sortino":-38.24171114280502,"sharpe":-1.4210453430900563,"calmar":-18.07052597234902,"sqn":-1.8581,"profit_factor":0.1324586094693519,"max_drawdown_account":0.06325526164999996,"max_drawdown_abs":63.255261649999994},"worst_pair":{"key":"DOGE/USDT","trades":14,"profit_mean":-0.012799801723170275,"profit_mean_pct":-1.28,"profit_total_abs":-58.03536927,"profit_total":-0.05803536927,"profit_total_pct":-5.8,"duration_avg":"8:47:00","wins":3,"draws":7,"losses":4,"winrate":0.21428571428571427,"cagr":-0.20146284270887094,"expectancy":-4.145383519285714,"expectancy_ratio":-0.7478689687230424,"sortino":-38.24171114280502,"sharpe":-1.4210453430900563,"calmar":-18.07052597234902,"sqn":-1.8581,"profit_factor":0.1324586094693519,"max_drawdown_account":0.06325526164999996,"max_drawdown_abs":63.255261649999994},"results_per_pair":[{"key":"DOGE/USDT","trades":14,"profit_mean":-0.012799801723170275,"profit_mean_pct":-1.28,"profit_total_abs":-58.03536927,"profit_total":-0.05803536927,"profit_total_pct":-5.8,"duration_avg":"8:47:00","wins":3,"draws":7,"losses":4,"winrate":0.21428571428571427,"cagr":-0.20146284270887094,"expectancy":-4.145383519285714,"expectancy_ratio":-0.7478689687230424,"sortino":-38.24171114280502,"sharpe":-1.4210453430900563,"calmar":-18.07052597234902,"sqn":-1.8581,"profit_factor":0.1324586094693519,"max_drawdown_account":0.06325526164999996,"max_drawdown_abs":63.255261649999994},{"key":"TOTAL","trades":14,"profit_mean":-0.012799801723170275,"profit_mean_pct":-1.28,"profit_total_abs":-58.03536927,"profit_total":-0.05803536927,"profit_total_pct":-5.8,"duration_avg":"8:47:00","wins":3,"draws":7,"losses":4,"winrate":0.21428571428571427,"cagr":-0.20146284270887094,"expectancy":-4.145383519285714,"expectancy_ratio":-0.7478689687230424,"sortino":-38.24171114280502,"sharpe":-1.4210453430900563,"calmar":-18.07052597234902,"sqn":-1.8581,"profit_factor":0.1324586094693519,"max_drawdown_account":0.06325526164999996,"max_drawdown_abs":63.255261649999994}],"results_per_enter_tag":[{"key":"","trades":14,"profit_mean":-0.012799801723170275,"profit_mean_pct":-1.28,"profit_total_abs":-58.03536927,"profit_total":-0.05803536927,"profit_total_pct":-5.8,"duration_avg":"8:47:00","wins":3,"draws":7,"losses":4,"winrate":0.21428571428571427,"cagr":-0.20146284270887094,"expectancy":-4.145383519285714,"expectancy_ratio":-0.7478689687230424,"sortino":-38.24171114280502,"sharpe":-1.4210453430900563,"calmar":-18.07052597234902,"sqn":-1.8581,"profit_factor":0.1324586094693519,"max_drawdown_account":0.06325526164999996,"max_drawdown_abs":63.255261649999994},{"key":"TOTAL","trades":14,"profit_mean":-0.012799801723170275,"profit_mean_pct":-1.28,"profit_total_abs":-58.03536927,"profit_total":-0.05803536927,"profit_total_pct":-5.8,"duration_avg":"8:47:00","wins":3,"draws":7,"losses":4,"winrate":0.21428571428571427,"cagr":-0.20146284270887094,"expectancy":-4.145383519285714,"expectancy_ratio":-0.7478689687230424,"sortino":-38.24171114280502,"sharpe":-1.4210453430900563,"calmar":-18.07052597234902,"sqn":-1.8581,"profit_factor":0.1324586094693519,"max_drawdown_account":0.06325526164999996,"max_drawdown_abs":63.255261649999994}],"exit_reason_summary":[{"key":"roi","trades":10,"profit_mean":0.0028263047052907177,"profit_mean_pct":0.28,"profit_total_abs":8.86100006,"profit_total":0.00886100006,"profit_total_pct":0.89,"duration_avg":"5:54:00","wins":3,"draws":7,"losses":0,"winrate":0.3,"cagr":0.033753217068351216,"expectancy":0.886100006,"expectancy_ratio":100.0,"sortino":-100,"sharpe":1.25238782812387,"calmar":-100,"sqn":1.9076,"profit_factor":0.0,"max_drawdown_account":0.0,"max_drawdown_abs":0.0},{"key":"stop_loss","trades":4,"profit_mean":-0.051865067794322754,"profit_mean_pct":-5.19,"profit_total_abs":-66.89636933,"profit_total":-0.06689636933,"profit_total_pct":-6.69,"duration_avg":"16:00:00","wins":0,"draws":0,"losses":4,"winrate":0.0,"cagr":-0.22936355181292623,"expectancy":-16.7240923325,"expectancy_ratio":-1.0,"sortino":-44.08056095100401,"sharpe":-44.08056095100401,"calmar":-19.695848633549282,"sqn":-96.911,"profit_factor":0.0,"max_drawdown_account":0.06689636932999997,"max_drawdown_abs":66.89636933},{"key":"TOTAL","trades":14,"profit_mean":-0.012799801723170275,"profit_mean_pct":-1.28,"profit_total_abs":-58.03536927,"profit_total":-0.05803536927,"profit_total_pct":-5.8,"duration_avg":"8:47:00","wins":3,"draws":7,"losses":4,"winrate":0.21428571428571427,"cagr":-0.20146284270887094,"expectancy":-4.145383519285714,"expectancy_ratio":-0.7478689687230424,"sortino":-38.24171114280502,"sharpe":-1.4210453430900563,"calmar":-18.07052597234902,"sqn":-1.8581,"profit_factor":0.1324586094693519,"max_drawdown_account":0.06325526164999996,"max_drawdown_abs":63.255261649999994}],"mix_tag_stats":[{"key":["","roi"],"trades":10,"profit_mean":0.0028263047052907177,"profit_mean_pct":0.28,"profit_total_abs":8.86100006,"profit_total":0.00886100006,"profit_total_pct":0.89,"duration_avg":"5:54:00","wins":3,"draws":7,"losses":0,"winrate":0.3,"cagr":0.033753217068351216,"expectancy":0.886100006,"expectancy_ratio":100.0,"sortino":-100,"sharpe":1.25238782812387,"calmar":-100,"sqn":1.9076,"profit_factor":0.0,"max_drawdown_account":0.0,"max_drawdown_abs":0.0},{"key":["","stop_loss"],"trades":4,"profit_mean":-0.051865067794322754,"profit_mean_pct":-5.19,"profit_total_abs":-66.89636933,"profit_total":-0.06689636933,"profit_total_pct":-6.69,"duration_avg":"16:00:00","wins":0,"draws":0,"losses":4,"winrate":0.0,"cagr":-0.22936355181292623,"expectancy":-16.7240923325,"expectancy_ratio":-1.0,"sortino":-44.08056095100401,"sharpe":-44.08056095100401,"calmar":-19.695848633549282,"sqn":-96.911,"profit_factor":0.0,"max_drawdown_account":0.06689636932999997,"max_drawdown_abs":66.89636933},{"key":"TOTAL","trades":14,"profit_mean":-0.012799801723170275,"profit_mean_pct":-1.28,"profit_total_abs":-58.03536927,"profit_total":-0.05803536927,"profit_total_pct":-5.8,"duration_avg":"8:47:00","wins":3,"draws":7,"losses":4,"winrate":0.21428571428571427,"cagr":-0.20146284270887094,"expectancy":-4.145383519285714,"expectancy_ratio":-0.7478689687230424,"sortino":-38.24171114280502,"sharpe":-1.4210453430900563,"calmar":-18.07052597234902,"sqn":-1.8581,"profit_factor":0.1324586094693519,"max_drawdown_account":0.06325526164999996,"max_drawdown_abs":63.255261649999994}],"left_open_trades":[{"key":"TOTAL","trades":0,"profit_mean":0.0,"profit_mean_pct":0.0,"profit_total_abs":0.0,"profit_total":0.0,"profit_total_pct":0.0,"duration_avg":"0:00","wins":0,"draws":0,"losses":0,"winrate":0.0,"cagr":0.0,"expectancy":0.0,"expectancy_ratio":100.0,"sortino":0,"sharpe":0,"calmar":0,"sqn":0.0,"profit_factor":0.0,"max_drawdown_account":0.0,"max_drawdown_abs":0.0}],"total_trades":14,"trade_count_long":14,"trade_count_short":0,"total_volume":8835.53119972045,"avg_stake_amount":316.9968985714286,"profit_mean":-0.012799801723170275,"profit_median":0.0,"profit_total":-0.05803536927,"profit_total_long":-0.05803536927,"profit_total_short":0.0,"profit_total_abs":-58.03536927,"profit_total_long_abs":-58.03536927,"profit_total_short_abs":0.0,"cagr":-0.20146284270887094,"expectancy":-4.145383519285714,"expectancy_ratio":-0.7478689687230424,"sortino":-38.24171114280502,"sharpe":-1.4210453430900563,"calmar":-18.07052597234902,"sqn":-1.8581,"profit_factor":0.1324586094693519,"backtest_start":"2025-10-01 00:00:00","backtest_start_ts":1759276800000,"backtest_end":"2026-01-06 20:00:00","backtest_end_ts":1767729600000,"backtest_days":97,"backtest_run_start_ts":1767740698,"backtest_run_end_ts":1767740698,"trades_per_day":0.14,"market_change":-0.36632086436227446,"pairlist":["DOGE/USDT"],"stake_amount":"unlimited","stake_currency":"USDT","stake_currency_decimals":3,"starting_balance":1000,"dry_run_wallet":1000,"final_balance":941.96463073,"rejected_signals":0,"timedout_entry_orders":0,"timedout_exit_orders":0,"canceled_trade_entries":0,"canceled_entry_orders":0,"replaced_entry_orders":0,"max_open_trades":1,"max_open_trades_setting":3,"timeframe":"1h","timeframe_detail":"","timerange":"20251001-","enable_protections":false,"strategy_name":"ACO_3_0","freqaimodel":null,"freqai_identifier":null,"stoploss":-0.05,"trailing_stop":false,"trailing_stop_positive":null,"trailing_stop_positive_offset":0.0,"trailing_only_offset_is_reached":false,"use_custom_stoploss":false,"minimal_roi":{"0":0.1,"60":0.05,"120":0.0},"use_exit_signal":true,"exit_profit_only":false,"exit_profit_offset":0.0,"ignore_roi_if_entry_signal":false,"trading_mode":"spot","margin_mode":"","periodic_breakdown":{"day":[{"date":"10/10/2025","date_ts":1760054400000,"profit_abs":-33.9704822,"wins":0,"draws":0,"losses":2,"trades":2,"profit_factor":0.0},{"date":"11/10/2025","date_ts":1760140800000,"profit_abs":0.0,"wins":0,"draws":0,"losses":0,"trades":0,"profit_factor":0.0},{"date":"12/10/2025","date_ts":1760227200000,"profit_abs":0.0,"wins":0,"draws":0,"losses":0,"trades":0,"profit_factor":0.0},{"date":"13/10/2025","date_ts":1760313600000,"profit_abs":0.0,"wins":0,"draws":0,"losses":0,"trades":0,"profit_factor":0.0},{"date":"14/10/2025","date_ts":1760400000000,"profit_abs":0.0,"wins":0,"draws":0,"losses":0,"trades":0,"profit_factor":0.0},{"date":"15/10/2025","date_ts":1760486400000,"profit_abs":0.0,"wins":0,"draws":0,"losses":0,"trades":0,"profit_factor":0.0},{"date":"16/10/2025","date_ts":1760572800000,"profit_abs":0.0,"wins":0,"draws":0,"losses":0,"trades":0,"profit_factor":0.0},{"date":"17/10/2025","date_ts":1760659200000,"profit_abs":0.0,"wins":0,"draws":1,"losses":0,"trades":1,"profit_factor":0.0},{"date":"18/10/2025","date_ts":1760745600000,"profit_abs":0.0,"wins":0,"draws":0,"losses":0,"trades":0,"profit_factor":0.0},{"date":"19/10/2025","date_ts":1760832000000,"profit_abs":0.0,"wins":0,"draws":0,"losses":0,"trades":0,"profit_factor":0.0},{"date":"20/10/2025","date_ts":1760918400000,"profit_abs":0.0,"wins":0,"draws":0,"losses":0,"trades":0,"profit_factor":0.0},{"date":"21/10/2025","date_ts":1761004800000,"profit_abs":0.0,"wins":0,"draws":0,"losses":0,"trades":0,"profit_factor":0.0},{"date":"22/10/2025","date_ts":1761091200000,"profit_abs":0.0,"wins":0,"draws":0,"losses":0,"trades":0,"profit_factor":0.0},{"date":"23/10/2025","date_ts":1761177600000,"profit_abs":0.0,"wins":0,"draws":0,"losses":0,"trades":0,"profit_factor":0.0},{"date":"24/10/2025","date_ts":1761264000000,"profit_abs":0.0,"wins":0,"draws":0,"losses":0,"trades":0,"profit_factor":0.0},{"date":"25/10/2025","date_ts":1761350400000,"profit_abs":0.0,"wins":0,"draws":0,"losses":0,"trades":0,"profit_factor":0.0},{"date":"26/10/2025","date_ts":1761436800000,"profit_abs":0.0,"wins":0,"draws":0,"losses":0,"trades":0,"profit_factor":0.0},{"date":"27/10/2025","date_ts":1761523200000,"profit_abs":0.0,"wins":0,"draws":0,"losses":0,"trades":0,"profit_factor":0.0},{"date":"28/10/2025","date_ts":1761609600000,"profit_abs":0.0,"wins":0,"draws":0,"losses":0,"trades":0,"profit_factor":0.0},{"date":"29/10/2025","date_ts":1761696000000,"profit_abs":0.0,"wins":0,"draws":0,"losses":0,"trades":0,"profit_factor":0.0},{"date":"30/10/2025","date_ts":1761782400000,"profit_abs":0.0,"wins":0,"draws":1,"losses":0,"trades":1,"profit_factor":0.0},{"date":"31/10/2025","date_ts":1761868800000,"profit_abs":0.0,"wins":0,"draws":0,"losses":0,"trades":0,"profit_factor":0.0},{"date":"01/11/2025","date_ts":1761955200000,"profit_abs":0.0,"wins":0,"draws":0,"losses":0,"trades":0,"profit_factor":0.0},{"date":"02/11/2025","date_ts":1762041600000,"profit_abs":0.0,"wins":0,"draws":0,"losses":0,"trades":0,"profit_factor":0.0},{"date":"03/11/2025","date_ts":1762128000000,"profit_abs":0.0,"wins":0,"draws":0,"losses":0,"trades":0,"profit_factor":0.0},{"date":"04/11/2025","date_ts":1762214400000,"profit_abs":0.0,"wins":0,"draws":0,"losses":0,"trades":0,"profit_factor":0.0},{"date":"05/11/2025","date_ts":1762300800000,"profit_abs":0.0,"wins":0,"draws":0,"losses":0,"trades":0,"profit_factor":0.0},{"date":"06/11/2025","date_ts":1762387200000,"profit_abs":0.0,"wins":0,"draws":0,"losses":0,"trades":0,"profit_factor":0.0},{"date":"07/11/2025","date_ts":1762473600000,"profit_abs":0.0,"wins":0,"draws":0,"losses":0,"trades":0,"profit_factor":0.0},{"date":"08/11/2025","date_ts":1762560000000,"profit_abs":0.0,"wins":0,"draws":0,"losses":0,"trades":0,"profit_factor":0.0},{"date":"09/11/2025","date_ts":1762646400000,"profit_abs":0.0,"wins":0,"draws":0,"losses":0,"trades":0,"profit_factor":0.0},{"date":"10/11/2025","date_ts":1762732800000,"profit_abs":0.0,"wins":0,"draws":0,"losses":0,"trades":0,"profit_factor":0.0},{"date":"11/11/2025","date_ts":1762819200000,"profit_abs":0.0,"wins":0,"draws":0,"losses":0,"trades":0,"profit_factor":0.0},{"date":"12/11/2025","date_ts":1762905600000,"profit_abs":0.0,"wins":0,"draws":0,"losses":0,"trades":0,"profit_factor":0.0},{"date":"13/11/2025","date_ts":1762992000000,"profit_abs":0.0,"wins":0,"draws":0,"losses":0,"trades":0,"profit_factor":0.0},{"date":"14/11/2025","date_ts":1763078400000,"profit_abs":0.0,"wins":0,"draws":1,"losses":0,"trades":1,"profit_factor":0.0},{"date":"15/11/2025","date_ts":1763164800000,"profit_abs":0.0,"wins":0,"draws":0,"losses":0,"trades":0,"profit_factor":0.0},{"date":"16/11/2025","date_ts":1763251200000,"profit_abs":0.0,"wins":0,"draws":1,"losses":0,"trades":1,"profit_factor":0.0},{"date":"17/11/2025","date_ts":1763337600000,"profit_abs":0.0,"wins":0,"draws":0,"losses":0,"trades":0,"profit_factor":0.0},{"date":"18/11/2025","date_ts":1763424000000,"profit_abs":0.0,"wins":0,"draws":0,"losses":0,"trades":0,"profit_factor":0.0},{"date":"19/11/2025","date_ts":1763510400000,"profit_abs":0.0,"wins":0,"draws":1,"losses":0,"trades":1,"profit_factor":0.0},{"date":"20/11/2025","date_ts":1763596800000,"profit_abs":3.64110768,"wins":1,"draws":0,"losses":0,"trades":1,"profit_factor":0.0},{"date":"21/11/2025","date_ts":1763683200000,"profit_abs":0.0,"wins":0,"draws":0,"losses":0,"trades":0,"profit_factor":0.0},{"date":"22/11/2025","date_ts":1763769600000,"profit_abs":0.0,"wins":0,"draws":0,"losses":0,"trades":0,"profit_factor":0.0},{"date":"23/11/2025","date_ts":1763856000000,"profit_abs":0.0,"wins":0,"draws":0,"losses":0,"trades":0,"profit_factor":0.0},{"date":"24/11/2025","date_ts":1763942400000,"profit_abs":0.0,"wins":0,"draws":0,"losses":0,"trades":0,"profit_factor":0.0},{"date":"25/11/2025","date_ts":1764028800000,"profit_abs":0.0,"wins":0,"draws":0,"losses":0,"trades":0,"profit_factor":0.0},{"date":"26/11/2025","date_ts":1764115200000,"profit_abs":0.0,"wins":0,"draws":0,"losses":0,"trades":0,"profit_factor":0.0},{"date":"27/11/2025","date_ts":1764201600000,"profit_abs":0.0,"wins":0,"draws":0,"losses":0,"trades":0,"profit_factor":0.0},{"date":"28/11/2025","date_ts":1764288000000,"profit_abs":0.0,"wins":0,"draws":0,"losses":0,"trades":0,"profit_factor":0.0},{"date":"29/11/2025","date_ts":1764374400000,"profit_abs":0.0,"wins":0,"draws":0,"losses":0,"trades":0,"profit_factor":0.0},{"date":"30/11/2025","date_ts":1764460800000,"profit_abs":0.0,"wins":0,"draws":0,"losses":0,"trades":0,"profit_factor":0.0},{"date":"01/12/2025","date_ts":1764547200000,"profit_abs":-16.60665664,"wins":0,"draws":0,"losses":1,"trades":1,"profit_factor":0.0},{"date":"02/12/2025","date_ts":1764633600000,"profit_abs":0.0,"wins":0,"draws":0,"losses":0,"trades":0,"profit_factor":0.0},{"date":"03/12/2025","date_ts":1764720000000,"profit_abs":0.0,"wins":0,"draws":0,"losses":0,"trades":0,"profit_factor":0.0},{"date":"04/12/2025","date_ts":1764806400000,"profit_abs":0.0,"wins":0,"draws":0,"losses":0,"trades":0,"profit_factor":0.0},{"date":"05/12/2025","date_ts":1764892800000,"profit_abs":0.0,"wins":0,"draws":0,"losses":0,"trades":0,"profit_factor":0.0},{"date":"06/12/2025","date_ts":1764979200000,"profit_abs":0.0,"wins":0,"draws":0,"losses":0,"trades":0,"profit_factor":0.0},{"date":"07/12/2025","date_ts":1765065600000,"profit_abs":-16.31923049,"wins":0,"draws":0,"losses":1,"trades":1,"profit_factor":0.0},{"date":"08/12/2025","date_ts":1765152000000,"profit_abs":0.0,"wins":0,"draws":0,"losses":0,"trades":0,"profit_factor":0.0},{"date":"09/12/2025","date_ts":1765238400000,"profit_abs":0.0,"wins":0,"draws":0,"losses":0,"trades":0,"profit_factor":0.0},{"date":"10/12/2025","date_ts":1765324800000,"profit_abs":0.0,"wins":0,"draws":0,"losses":0,"trades":0,"profit_factor":0.0},{"date":"11/12/2025","date_ts":1765411200000,"profit_abs":0.0,"wins":0,"draws":1,"losses":0,"trades":1,"profit_factor":0.0},{"date":"12/12/2025","date_ts":1765497600000,"profit_abs":0.0,"wins":0,"draws":0,"losses":0,"trades":0,"profit_factor":0.0},{"date":"13/12/2025","date_ts":1765584000000,"profit_abs":0.0,"wins":0,"draws":0,"losses":0,"trades":0,"profit_factor":0.0},{"date":"14/12/2025","date_ts":1765670400000,"profit_abs":0.0,"wins":0,"draws":0,"losses":0,"trades":0,"profit_factor":0.0},{"date":"15/12/2025","date_ts":1765756800000,"profit_abs":0.0,"wins":0,"draws":0,"losses":0,"trades":0,"profit_factor":0.0},{"date":"16/12/2025","date_ts":1765843200000,"profit_abs":0.0,"wins":0,"draws":1,"losses":0,"trades":1,"profit_factor":0.0},{"date":"17/12/2025","date_ts":1765929600000,"profit_abs":0.0,"wins":0,"draws":0,"losses":0,"trades":0,"profit_factor":0.0},{"date":"18/12/2025","date_ts":1766016000000,"profit_abs":0.0,"wins":0,"draws":0,"losses":0,"trades":0,"profit_factor":0.0},{"date":"19/12/2025","date_ts":1766102400000,"profit_abs":0.0,"wins":0,"draws":0,"losses":0,"trades":0,"profit_factor":0.0},{"date":"20/12/2025","date_ts":1766188800000,"profit_abs":0.0,"wins":0,"draws":0,"losses":0,"trades":0,"profit_factor":0.0},{"date":"21/12/2025","date_ts":1766275200000,"profit_abs":0.0,"wins":0,"draws":0,"losses":0,"trades":0,"profit_factor":0.0},{"date":"22/12/2025","date_ts":1766361600000,"profit_abs":0.0,"wins":0,"draws":0,"losses":0,"trades":0,"profit_factor":0.0},{"date":"23/12/2025","date_ts":1766448000000,"profit_abs":0.0,"wins":0,"draws":0,"losses":0,"trades":0,"profit_factor":0.0},{"date":"24/12/2025","date_ts":1766534400000,"profit_abs":0.0,"wins":0,"draws":0,"losses":0,"trades":0,"profit_factor":0.0},{"date":"25/12/2025","date_ts":1766620800000,"profit_abs":0.0,"wins":0,"draws":0,"losses":0,"trades":0,"profit_factor":0.0},{"date":"26/12/2025","date_ts":1766707200000,"profit_abs":2.16841983,"wins":1,"draws":0,"losses":0,"trades":1,"profit_factor":0.0},{"date":"27/12/2025","date_ts":1766793600000,"profit_abs":0.0,"wins":0,"draws":0,"losses":0,"trades":0,"profit_factor":0.0},{"date":"28/12/2025","date_ts":1766880000000,"profit_abs":0.0,"wins":0,"draws":0,"losses":0,"trades":0,"profit_factor":0.0},{"date":"29/12/2025","date_ts":1766966400000,"profit_abs":0.0,"wins":0,"draws":0,"losses":0,"trades":0,"profit_factor":0.0},{"date":"30/12/2025","date_ts":1767052800000,"profit_abs":0.0,"wins":0,"draws":0,"losses":0,"trades":0,"profit_factor":0.0},{"date":"31/12/2025","date_ts":1767139200000,"profit_abs":0.0,"wins":0,"draws":0,"losses":0,"trades":0,"profit_factor":0.0},{"date":"01/01/2026","date_ts":1767225600000,"profit_abs":0.0,"wins":0,"draws":0,"losses":0,"trades":0,"profit_factor":0.0},{"date":"02/01/2026","date_ts":1767312000000,"profit_abs":0.0,"wins":0,"draws":0,"losses":0,"trades":0,"profit_factor":0.0},{"date":"03/01/2026","date_ts":1767398400000,"profit_abs":0.0,"wins":0,"draws":0,"losses":0,"trades":0,"profit_factor":0.0},{"date":"04/01/2026","date_ts":1767484800000,"profit_abs":0.0,"wins":0,"draws":0,"losses":0,"trades":0,"profit_factor":0.0},{"date":"05/01/2026","date_ts":1767571200000,"profit_abs":0.0,"wins":0,"draws":0,"losses":0,"trades":0,"profit_factor":0.0},{"date":"06/01/2026","date_ts":1767657600000,"profit_abs":3.05147255,"wins":1,"draws":0,"losses":0,"trades":1,"profit_factor":0.0}],"week":[{"date":"13/10/2025","date_ts":1760313600000,"profit_abs":-33.9704822,"wins":0,"draws":0,"losses":2,"trades":2,"profit_factor":0.0},{"date":"20/10/2025","date_ts":1760918400000,"profit_abs":0.0,"wins":0,"draws":1,"losses":0,"trades":1,"profit_factor":0.0},{"date":"27/10/2025","date_ts":1761523200000,"profit_abs":0.0,"wins":0,"draws":0,"losses":0,"trades":0,"profit_factor":0.0},{"date":"03/11/2025","date_ts":1762128000000,"profit_abs":0.0,"wins":0,"draws":1,"losses":0,"trades":1,"profit_factor":0.0},{"date":"10/11/2025","date_ts":1762732800000,"profit_abs":0.0,"wins":0,"draws":0,"losses":0,"trades":0,"profit_factor":0.0},{"date":"17/11/2025","date_ts":1763337600000,"profit_abs":0.0,"wins":0,"draws":2,"losses":0,"trades":2,"profit_factor":0.0},{"date":"24/11/2025","date_ts":1763942400000,"profit_abs":3.64110768,"wins":1,"draws":1,"losses":0,"trades":2,"profit_factor":0.0},{"date":"01/12/2025","date_ts":1764547200000,"profit_abs":-16.60665664,"wins":0,"draws":0,"losses":1,"trades":1,"profit_factor":0.0},{"date":"08/12/2025","date_ts":1765152000000,"profit_abs":-16.31923049,"wins":0,"draws":0,"losses":1,"trades":1,"profit_factor":0.0},{"date":"15/12/2025","date_ts":1765756800000,"profit_abs":0.0,"wins":0,"draws":1,"losses":0,"trades":1,"profit_factor":0.0},{"date":"22/12/2025","date_ts":1766361600000,"profit_abs":0.0,"wins":0,"draws":1,"losses":0,"trades":1,"profit_factor":0.0},{"date":"29/12/2025","date_ts":1766966400000,"profit_abs":2.16841983,"wins":1,"draws":0,"losses":0,"trades":1,"profit_factor":0.0},{"date":"05/01/2026","date_ts":1767571200000,"profit_abs":0.0,"wins":0,"draws":0,"losses":0,"trades":0,"profit_factor":0.0},{"date":"12/01/2026","date_ts":1768176000000,"profit_abs":3.05147255,"wins":1,"draws":0,"losses":0,"trades":1,"profit_factor":0.0}],"month":[{"date":"31/10/2025","date_ts":1761868800000,"profit_abs":-33.9704822,"wins":0,"draws":2,"losses":2,"trades":4,"profit_factor":0.0},{"date":"30/11/2025","date_ts":1764460800000,"profit_abs":3.64110768,"wins":1,"draws":3,"losses":0,"trades":4,"profit_factor":0.0},{"date":"31/12/2025","date_ts":1767139200000,"profit_abs":-30.7574673,"wins":1,"draws":2,"losses":2,"trades":5,"profit_factor":0.0658576},{"date":"31/01/2026","date_ts":1769817600000,"profit_abs":3.05147255,"wins":1,"draws":0,"losses":0,"trades":1,"profit_factor":0.0}],"year":[{"date":"31/12/2025","date_ts":1767139200000,"profit_abs":-61.08684182,"wins":2,"draws":7,"losses":4,"trades":13,"profit_factor":0.08684369},{"date":"31/12/2026","date_ts":1798675200000,"profit_abs":3.05147255,"wins":1,"draws":0,"losses":0,"trades":1,"profit_factor":0.0}],"weekday":[{"date":"Monday","date_ts":0,"profit_abs":-16.60665664,"wins":0,"draws":0,"losses":1,"trades":1,"profit_factor":0.0},{"date":"Tuesday","date_ts":1,"profit_abs":3.05147255,"wins":1,"draws":1,"losses":0,"trades":2,"profit_factor":0.0},{"date":"Wednesday","date_ts":2,"profit_abs":0.0,"wins":0,"draws":1,"losses":0,"trades":1,"profit_factor":0.0},{"date":"Thursday","date_ts":3,"profit_abs":3.64110768,"wins":1,"draws":2,"losses":0,"trades":3,"profit_factor":0.0},{"date":"Friday","date_ts":4,"profit_abs":-31.80206237,"wins":1,"draws":2,"losses":2,"trades":5,"profit_factor":0.06383247},{"date":"Sunday","date_ts":6,"profit_abs":-16.31923049,"wins":0,"draws":1,"losses":1,"trades":2,"profit_factor":0.0}]},"backtest_best_day":0.011414364499275922,"backtest_worst_day":-0.1037596655356559,"backtest_best_day_abs":3.64110768,"backtest_worst_day_abs":-33.9704822,"winning_days":3,"draw_days":83,"losing_days":3,"daily_profit":[["2025-10-10",-33.9704822],["2025-10-11",0.0],["2025-10-12",0.0],["2025-10-13",0.0],["2025-10-14",0.0],["2025-10-15",0.0],["2025-10-16",0.0],["2025-10-17",0.0],["2025-10-18",0.0],["2025-10-19",0.0],["2025-10-20",0.0],["2025-10-21",0.0],["2025-10-22",0.0],["2025-10-23",0.0],["2025-10-24",0.0],["2025-10-25",0.0],["2025-10-26",0.0],["2025-10-27",0.0],["2025-10-28",0.0],["2025-10-29",0.0],["2025-10-30",0.0],["2025-10-31",0.0],["2025-11-01",0.0],["2025-11-02",0.0],["2025-11-03",0.0],["2025-11-04",0.0],["2025-11-05",0.0],["2025-11-06",0.0],["2025-11-07",0.0],["2025-11-08",0.0],["2025-11-09",0.0],["2025-11-10",0.0],["2025-11-11",0.0],["2025-11-12",0.0],["2025-11-13",0.0],["2025-11-14",0.0],["2025-11-15",0.0],["2025-11-16",0.0],["2025-11-17",0.0],["2025-11-18",0.0],["2025-11-19",0.0],["2025-11-20",3.64110768],["2025-11-21",0.0],["2025-11-22",0.0],["2025-11-23",0.0],["2025-11-24",0.0],["2025-11-25",0.0],["2025-11-26",0.0],["2025-11-27",0.0],["2025-11-28",0.0],["2025-11-29",0.0],["2025-11-30",0.0],["2025-12-01",-16.60665664],["2025-12-02",0.0],["2025-12-03",0.0],["2025-12-04",0.0],["2025-12-05",0.0],["2025-12-06",0.0],["2025-12-07",-16.31923049],["2025-12-08",0.0],["2025-12-09",0.0],["2025-12-10",0.0],["2025-12-11",0.0],["2025-12-12",0.0],["2025-12-13",0.0],["2025-12-14",0.0],["2025-12-15",0.0],["2025-12-16",0.0],["2025-12-17",0.0],["2025-12-18",0.0],["2025-12-19",0.0],["2025-12-20",0.0],["2025-12-21",0.0],["2025-12-22",0.0],["2025-12-23",0.0],["2025-12-24",0.0],["2025-12-25",0.0],["2025-12-26",2.16841983],["2025-12-27",0.0],["2025-12-28",0.0],["2025-12-29",0.0],["2025-12-30",0.0],["2025-12-31",0.0],["2026-01-01",0.0],["2026-01-02",0.0],["2026-01-03",0.0],["2026-01-04",0.0],["2026-01-05",0.0],["2026-01-06",3.05147255]],"wins":3,"losses":4,"draws":7,"winrate":0.21428571428571427,"holding_avg":"8:47:00","holding_avg_s":31620.0,"winner_holding_min":"0d 02:00","winner_holding_min_s":7200.0,"winner_holding_max":"0d 02:00","winner_holding_max_s":7200.0,"winner_holding_avg":"0d 02:00","winner_holding_avg_s":7200.0,"loser_holding_min":"0d 00:00","loser_holding_min_s":0.0,"loser_holding_max":"1d 23:00","loser_holding_max_s":169200.0,"loser_holding_avg":"0d 16:00","loser_holding_avg_s":57600.0,"max_consecutive_wins":2,"max_consecutive_losses":7,"max_drawdown_account":0.06325526164999996,"max_relative_drawdown":0.06325526164999996,"max_drawdown_abs":63.255261649999994,"drawdown_start":"2025-10-10 20:00:00","drawdown_start_ts":1760126400000.0,"drawdown_end":"2025-12-07 14:00:00","drawdown_end_ts":1765116000000.0,"drawdown_duration":"57 days 18:00:00","drawdown_duration_s":4989600.0,"max_drawdown_low":-63.255261649999994,"max_drawdown_high":0.0,"csum_min":936.74473835,"csum_max":982.8676702}},"strategy_comparison":[{"key":"ACO_3_0","trades":14,"profit_mean":-0.012799801723170275,"profit_mean_pct":-1.28,"profit_total_abs":-58.03536927,"profit_total":-0.05803536927,"profit_total_pct":-5.8,"duration_avg":"8:47:00","wins":3,"draws":7,"losses":4,"winrate":0.21428571428571427,"cagr":-0.20146284270887094,"expectancy":-4.145383519285714,"expectancy_ratio":-0.7478689687230424,"sortino":-38.24171114280502,"sharpe":-1.4210453430900563,"calmar":-18.07052597234902,"sqn":-1.8581,"profit_factor":0.1324586094693519,"max_drawdown_account":0.06325526164999996,"max_drawdown_abs":"63.255"}]}