{"strategy":{"ACO_35_10":{"trades":[{"pair":"DOGE/USDT","stake_amount":329.8338,"max_stake_amount":329.8338,"amount":1285.0,"open_date":"2025-10-05 03:00:00+00:00","close_date":"2025-10-05 05:00:00+00:00","open_rate":0.25668,"close_rate":0.2625,"fee_open":0.001,"fee_close":0.001,"trade_duration":120,"profit_ratio":0.020630841808962425,"profit_abs":6.8115537,"exit_reason":"roi","initial_stop_loss_abs":0.24385,"initial_stop_loss_ratio":-0.05,"stop_loss_abs":0.24385,"stop_loss_ratio":-0.05,"min_rate":0.25522,"max_rate":0.26398,"is_open":false,"enter_tag":"","leverage":1.0,"is_short":false,"open_timestamp":1759633200000,"close_timestamp":1759640400000,"orders":[{"amount":1285.0,"safe_price":0.25668,"ft_order_side":"buy","order_filled_timestamp":1759633200000,"ft_is_entry":true,"ft_order_tag":"","cost":330.16363379999996},{"amount":1285.0,"safe_price":0.2625,"ft_order_side":"sell","order_filled_timestamp":1759640400000,"ft_is_entry":false,"ft_order_tag":"roi","cost":337.64981249999994}],"funding_fees":0.0,"weekday":6},{"pair":"DOGE/USDT","stake_amount":332.06928,"max_stake_amount":332.06928,"amount":1572.0,"open_date":"2025-10-13 14:00:00+00:00","close_date":"2025-10-13 16:00:00+00:00","open_rate":0.21124,"close_rate":0.21166290290290288,"fee_open":0.001,"fee_close":0.001,"trade_duration":120,"profit_ratio":0.0,"profit_abs":0.0,"exit_reason":"roi","initial_stop_loss_abs":0.20068,"initial_stop_loss_ratio":-0.05,"stop_loss_abs":0.20068,"stop_loss_ratio":-0.05,"min_rate":0.20517,"max_rate":0.21192,"is_open":false,"enter_tag":"","leverage":1.0,"is_short":false,"open_timestamp":1760364000000,"close_timestamp":1760371200000,"orders":[{"amount":1572.0,"safe_price":0.21124,"ft_order_side":"buy","order_filled_timestamp":1760364000000,"ft_is_entry":true,"ft_order_tag":"","cost":332.40134928},{"amount":1572.0,"safe_price":0.21166290290290288,"ft_order_side":"sell","order_filled_timestamp":1760371200000,"ft_is_entry":false,"ft_order_tag":"roi","cost":333.06681744672665}],"funding_fees":0.0,"weekday":0},{"pair":"DOGE/USDT","stake_amount":332.1898,"max_stake_amount":332.1898,"amount":1636.0,"open_date":"2025-10-21 15:00:00+00:00","close_date":"2025-10-22 00:00:00+00:00","open_rate":0.20305,"close_rate":0.1929,"fee_open":0.001,"fee_close":0.001,"trade_duration":540,"profit_ratio":-0.05188581425961382,"profit_abs":-17.2531742,"exit_reason":"stop_loss","initial_stop_loss_abs":0.1929,"initial_stop_loss_ratio":-0.05,"stop_loss_abs":0.1929,"stop_loss_ratio":-0.05,"min_rate":0.19251,"max_rate":0.20563,"is_open":false,"enter_tag":"","leverage":1.0,"is_short":false,"open_timestamp":1761058800000,"close_timestamp":1761091200000,"orders":[{"amount":1636.0,"safe_price":0.20305,"ft_order_side":"buy","order_filled_timestamp":1761058800000,"ft_is_entry":true,"ft_order_tag":"","cost":332.5219898},{"amount":1636.0,"safe_price":0.1929,"ft_order_side":"sell","order_filled_timestamp":1761091200000,"ft_is_entry":false,"ft_order_tag":"stop_loss","cost":315.89998439999994}],"funding_fees":0.0,"weekday":2},{"pair":"DOGE/USDT","stake_amount":326.51288,"max_stake_amount":326.51288,"amount":1636.0,"open_date":"2025-10-26 10:00:00+00:00","close_date":"2025-10-26 12:00:00+00:00","open_rate":0.19958,"close_rate":0.20183,"fee_open":0.001,"fee_close":0.001,"trade_duration":120,"profit_ratio":0.009253147894294302,"profit_abs":3.02429324,"exit_reason":"roi","initial_stop_loss_abs":0.18961,"initial_stop_loss_ratio":-0.05,"stop_loss_abs":0.18961,"stop_loss_ratio":-0.05,"min_rate":0.19833,"max_rate":0.20286,"is_open":false,"enter_tag":"","leverage":1.0,"is_short":false,"open_timestamp":1761472800000,"close_timestamp":1761480000000,"orders":[{"amount":1636.0,"safe_price":0.19958,"ft_order_side":"buy","order_filled_timestamp":1761472800000,"ft_is_entry":true,"ft_order_tag":"","cost":326.83939287999993},{"amount":1636.0,"safe_price":0.20183,"ft_order_side":"sell","order_filled_timestamp":1761480000000,"ft_is_entry":false,"ft_order_tag":"roi","cost":330.52407388}],"funding_fees":0.0,"weekday":6},{"pair":"DOGE/USDT","stake_amount":327.4326,"max_stake_amount":327.4326,"amount":1980.0,"open_date":"2025-11-05 07:00:00+00:00","close_date":"2025-11-05 13:00:00+00:00","open_rate":0.16537,"close_rate":0.16570107107107104,"fee_open":0.001,"fee_close":0.001,"trade_duration":360,"profit_ratio":0.0,"profit_abs":0.0,"exit_reason":"roi","initial_stop_loss_abs":0.15711,"initial_stop_loss_ratio":-0.05,"stop_loss_abs":0.15711,"stop_loss_ratio":-0.05,"min_rate":0.161,"max_rate":0.16617,"is_open":false,"enter_tag":"","leverage":1.0,"is_short":false,"open_timestamp":1762326000000,"close_timestamp":1762347600000,"orders":[{"amount":1980.0,"safe_price":0.16537,"ft_order_side":"buy","order_filled_timestamp":1762326000000,"ft_is_entry":true,"ft_order_tag":"","cost":327.76003259999993},{"amount":1980.0,"safe_price":0.16570107107107104,"ft_order_side":"sell","order_filled_timestamp":1762347600000,"ft_is_entry":false,"ft_order_tag":"roi","cost":328.41620884144135}],"funding_fees":0.0,"weekday":2},{"pair":"DOGE/USDT","stake_amount":327.4593,"max_stake_amount":327.4593,"amount":1995.0,"open_date":"2025-11-07 03:00:00+00:00","close_date":"2025-11-07 05:00:00+00:00","open_rate":0.16414,"close_rate":0.16461,"fee_open":0.001,"fee_close":0.001,"trade_duration":120,"profit_ratio":0.000859686189282875,"profit_abs":0.28179375,"exit_reason":"roi","initial_stop_loss_abs":0.15594,"initial_stop_loss_ratio":-0.05,"stop_loss_abs":0.15594,"stop_loss_ratio":-0.05,"min_rate":0.16366,"max_rate":0.16649,"is_open":false,"enter_tag":"","leverage":1.0,"is_short":false,"open_timestamp":1762484400000,"close_timestamp":1762491600000,"orders":[{"amount":1995.0,"safe_price":0.16414,"ft_order_side":"buy","order_filled_timestamp":1762484400000,"ft_is_entry":true,"ft_order_tag":"","cost":327.7867593},{"amount":1995.0,"safe_price":0.16461,"ft_order_side":"sell","order_filled_timestamp":1762491600000,"ft_is_entry":false,"ft_order_tag":"roi","cost":328.72534694999996}],"funding_fees":0.0,"weekday":4},{"pair":"DOGE/USDT","stake_amount":327.50019,"max_stake_amount":327.50019,"amount":2103.0,"open_date":"2025-11-26 18:00:00+00:00","close_date":"2025-11-26 20:00:00+00:00","open_rate":0.15573,"close_rate":0.15604177177177178,"fee_open":0.001,"fee_close":0.001,"trade_duration":120,"profit_ratio":0.0,"profit_abs":0.0,"exit_reason":"roi","initial_stop_loss_abs":0.14795,"initial_stop_loss_ratio":-0.05,"stop_loss_abs":0.14795,"stop_loss_ratio":-0.05,"min_rate":0.15507,"max_rate":0.15681,"is_open":false,"enter_tag":"","leverage":1.0,"is_short":false,"open_timestamp":1764180000000,"close_timestamp":1764187200000,"orders":[{"amount":2103.0,"safe_price":0.15573,"ft_order_side":"buy","order_filled_timestamp":1764180000000,"ft_is_entry":true,"ft_order_tag":"","cost":327.82769019},{"amount":2103.0,"safe_price":0.15604177177177178,"ft_order_side":"sell","order_filled_timestamp":1764187200000,"ft_is_entry":false,"ft_order_tag":"roi","cost":328.48400188207205}],"funding_fees":0.0,"weekday":2},{"pair":"DOGE/USDT","stake_amount":327.5982,"max_stake_amount":327.5982,"amount":2316.0,"open_date":"2025-12-07 18:00:00+00:00","close_date":"2025-12-07 20:00:00+00:00","open_rate":0.14145,"close_rate":0.1421,"fee_open":0.001,"fee_close":0.001,"trade_duration":120,"profit_ratio":0.0025880800005932563,"profit_abs":0.8486982,"exit_reason":"roi","initial_stop_loss_abs":0.13438,"initial_stop_loss_ratio":-0.05,"stop_loss_abs":0.13438,"stop_loss_ratio":-0.05,"min_rate":0.14126,"max_rate":0.14291,"is_open":false,"enter_tag":"","leverage":1.0,"is_short":false,"open_timestamp":1765130400000,"close_timestamp":1765137600000,"orders":[{"amount":2316.0,"safe_price":0.14145,"ft_order_side":"buy","order_filled_timestamp":1765130400000,"ft_is_entry":true,"ft_order_tag":"","cost":327.9257981999999},{"amount":2316.0,"safe_price":0.1421,"ft_order_side":"sell","order_filled_timestamp":1765137600000,"ft_is_entry":false,"ft_order_tag":"roi","cost":329.43270359999997}],"funding_fees":0.0,"weekday":6},{"pair":"DOGE/USDT","stake_amount":327.8583,"max_stake_amount":327.8583,"amount":2241.0,"open_date":"2025-12-09 16:00:00+00:00","close_date":"2025-12-09 18:00:00+00:00","open_rate":0.1463,"close_rate":0.15095,"fee_open":0.001,"fee_close":0.001,"trade_duration":120,"profit_ratio":0.029722498963783997,"profit_abs":9.75451275,"exit_reason":"roi","initial_stop_loss_abs":0.13899,"initial_stop_loss_ratio":-0.05,"stop_loss_abs":0.13899,"stop_loss_ratio":-0.05,"min_rate":0.1463,"max_rate":0.15319,"is_open":false,"enter_tag":"","leverage":1.0,"is_short":false,"open_timestamp":1765296000000,"close_timestamp":1765303200000,"orders":[{"amount":2241.0,"safe_price":0.1463,"ft_order_side":"buy","order_filled_timestamp":1765296000000,"ft_is_entry":true,"ft_order_tag":"","cost":328.1861583},{"amount":2241.0,"safe_price":0.15095,"ft_order_side":"sell","order_filled_timestamp":1765303200000,"ft_is_entry":false,"ft_order_tag":"roi","cost":338.61722894999997}],"funding_fees":0.0,"weekday":1},{"pair":"DOGE/USDT","stake_amount":331.08976,"max_stake_amount":331.08976,"amount":2462.0,"open_date":"2025-12-17 15:00:00+00:00","close_date":"2025-12-17 16:00:00+00:00","open_rate":0.13448,"close_rate":0.12776,"fee_open":0.001,"fee_close":0.001,"trade_duration":60,"profit_ratio":-0.05186841712719167,"profit_abs":-17.19027488,"exit_reason":"stop_loss","initial_stop_loss_abs":0.12776,"initial_stop_loss_ratio":-0.05,"stop_loss_abs":0.12776,"stop_loss_ratio":-0.05,"min_rate":0.12583,"max_rate":0.13631,"is_open":false,"enter_tag":"","leverage":1.0,"is_short":false,"open_timestamp":1765983600000,"close_timestamp":1765987200000,"orders":[{"amount":2462.0,"safe_price":0.13448,"ft_order_side":"buy","order_filled_timestamp":1765983600000,"ft_is_entry":true,"ft_order_tag":"","cost":331.4208497599999},{"amount":2462.0,"safe_price":0.12776,"ft_order_side":"sell","order_filled_timestamp":1765987200000,"ft_is_entry":false,"ft_order_tag":"stop_loss","cost":314.85966512000005}],"funding_fees":0.0,"weekday":2},{"pair":"DOGE/USDT","stake_amount":325.42293,"max_stake_amount":325.42293,"amount":2517.0,"open_date":"2025-12-18 14:00:00+00:00","close_date":"2025-12-18 16:00:00+00:00","open_rate":0.12929,"close_rate":0.1295488388388388,"fee_open":0.001,"fee_close":0.001,"trade_duration":120,"profit_ratio":0.0,"profit_abs":0.0,"exit_reason":"roi","initial_stop_loss_abs":0.12283,"initial_stop_loss_ratio":-0.05,"stop_loss_abs":0.12283,"stop_loss_ratio":-0.05,"min_rate":0.12769,"max_rate":0.13072,"is_open":false,"enter_tag":"","leverage":1.0,"is_short":false,"open_timestamp":1766066400000,"close_timestamp":1766073600000,"orders":[{"amount":2517.0,"safe_price":0.12929,"ft_order_side":"buy","order_filled_timestamp":1766066400000,"ft_is_entry":true,"ft_order_tag":"","cost":325.7483529299999},{"amount":2517.0,"safe_price":0.1295488388388388,"ft_order_side":"sell","order_filled_timestamp":1766073600000,"ft_is_entry":false,"ft_order_tag":"roi","cost":326.40050178471455}],"funding_fees":0.0,"weekday":3},{"pair":"DOGE/USDT","stake_amount":325.3845,"max_stake_amount":325.3845,"amount":2450.0,"open_date":"2025-12-21 09:00:00+00:00","close_date":"2025-12-22 00:00:00+00:00","open_rate":0.13281,"close_rate":0.13307588588588587,"fee_open":0.001,"fee_close":0.001,"trade_duration":900,"profit_ratio":0.0,"profit_abs":0.0,"exit_reason":"roi","initial_stop_loss_abs":0.12617,"initial_stop_loss_ratio":-0.05,"stop_loss_abs":0.12617,"stop_loss_ratio":-0.05,"min_rate":0.12871,"max_rate":0.13424,"is_open":false,"enter_tag":"","leverage":1.0,"is_short":false,"open_timestamp":1766307600000,"close_timestamp":1766361600000,"orders":[{"amount":2450.0,"safe_price":0.13281,"ft_order_side":"buy","order_filled_timestamp":1766307600000,"ft_is_entry":true,"ft_order_tag":"","cost":325.7098845},{"amount":2450.0,"safe_price":0.13307588588588587,"ft_order_side":"sell","order_filled_timestamp":1766361600000,"ft_is_entry":false,"ft_order_tag":"roi","cost":326.3619563408408}],"funding_fees":0.0,"weekday":0},{"pair":"DOGE/USDT","stake_amount":325.4388,"max_stake_amount":325.4388,"amount":2472.0,"open_date":"2025-12-22 01:00:00+00:00","close_date":"2025-12-22 03:00:00+00:00","open_rate":0.13165,"close_rate":0.13191356356356354,"fee_open":0.001,"fee_close":0.001,"trade_duration":120,"profit_ratio":0.0,"profit_abs":0.0,"exit_reason":"roi","initial_stop_loss_abs":0.12507,"initial_stop_loss_ratio":-0.05,"stop_loss_abs":0.12507,"stop_loss_ratio":-0.05,"min_rate":0.12952,"max_rate":0.13301,"is_open":false,"enter_tag":"","leverage":1.0,"is_short":false,"open_timestamp":1766365200000,"close_timestamp":1766372400000,"orders":[{"amount":2472.0,"safe_price":0.13165,"ft_order_side":"buy","order_filled_timestamp":1766365200000,"ft_is_entry":true,"ft_order_tag":"","cost":325.76423879999993},{"amount":2472.0,"safe_price":0.13191356356356354,"ft_order_side":"sell","order_filled_timestamp":1766372400000,"ft_is_entry":false,"ft_order_tag":"roi","cost":326.4164194582582}],"funding_fees":0.0,"weekday":0},{"pair":"DOGE/USDT","stake_amount":325.364,"max_stake_amount":325.364,"amount":2600.0,"open_date":"2025-12-29 01:00:00+00:00","close_date":"2025-12-29 03:00:00+00:00","open_rate":0.12514,"close_rate":0.12639,"fee_open":0.001,"fee_close":0.001,"trade_duration":120,"profit_ratio":0.007970852864571899,"profit_abs":2.596022,"exit_reason":"roi","initial_stop_loss_abs":0.11889,"initial_stop_loss_ratio":-0.05,"stop_loss_abs":0.11889,"stop_loss_ratio":-0.05,"min_rate":0.12437,"max_rate":0.12777,"is_open":false,"enter_tag":"","leverage":1.0,"is_short":false,"open_timestamp":1766970000000,"close_timestamp":1766977200000,"orders":[{"amount":2600.0,"safe_price":0.12514,"ft_order_side":"buy","order_filled_timestamp":1766970000000,"ft_is_entry":true,"ft_order_tag":"","cost":325.68936399999996},{"amount":2600.0,"safe_price":0.12639,"ft_order_side":"sell","order_filled_timestamp":1766977200000,"ft_is_entry":false,"ft_order_tag":"roi","cost":328.942614}],"funding_fees":0.0,"weekday":0},{"pair":"DOGE/USDT","stake_amount":326.2424,"max_stake_amount":326.2424,"amount":2620.0,"open_date":"2025-12-30 09:00:00+00:00","close_date":"2025-12-30 11:00:00+00:00","open_rate":0.12452,"close_rate":0.12476928928928928,"fee_open":0.001,"fee_close":0.001,"trade_duration":120,"profit_ratio":0.0,"profit_abs":0.0,"exit_reason":"roi","initial_stop_loss_abs":0.1183,"initial_stop_loss_ratio":-0.05,"stop_loss_abs":0.1183,"stop_loss_ratio":-0.05,"min_rate":0.1243,"max_rate":0.12525,"is_open":false,"enter_tag":"","leverage":1.0,"is_short":false,"open_timestamp":1767085200000,"close_timestamp":1767092400000,"orders":[{"amount":2620.0,"safe_price":0.12452,"ft_order_side":"buy","order_filled_timestamp":1767085200000,"ft_is_entry":true,"ft_order_tag":"","cost":326.5686424},{"amount":2620.0,"safe_price":0.12476928928928928,"ft_order_side":"sell","order_filled_timestamp":1767092400000,"ft_is_entry":false,"ft_order_tag":"roi","cost":327.2224334758758}],"funding_fees":0.0,"weekday":1},{"pair":"DOGE/USDT","stake_amount":326.32294,"max_stake_amount":326.32294,"amount":2138.0,"open_date":"2026-01-06 15:00:00+00:00","close_date":"2026-01-06 16:00:00+00:00","open_rate":0.15263,"close_rate":0.145,"fee_open":0.001,"fee_close":0.001,"trade_duration":60,"profit_ratio":-0.05188829384596927,"profit_abs":-16.94927294,"exit_reason":"stop_loss","initial_stop_loss_abs":0.145,"initial_stop_loss_ratio":-0.05,"stop_loss_abs":0.145,"stop_loss_ratio":-0.05,"min_rate":0.14417,"max_rate":0.15353,"is_open":false,"enter_tag":"","leverage":1.0,"is_short":false,"open_timestamp":1767711600000,"close_timestamp":1767715200000,"orders":[{"amount":2138.0,"safe_price":0.15263,"ft_order_side":"buy","order_filled_timestamp":1767711600000,"ft_is_entry":true,"ft_order_tag":"","cost":326.6492629399999},{"amount":2138.0,"safe_price":0.145,"ft_order_side":"sell","order_filled_timestamp":1767715200000,"ft_is_entry":false,"ft_order_tag":"stop_loss","cost":310.32000999999997}],"funding_fees":0.0,"weekday":1}],"locks":[],"best_pair":{"key":"DOGE/USDT","trades":16,"profit_mean":-0.005288588594455376,"profit_mean_pct":-0.53,"profit_total_abs":-28.075848379999996,"profit_total":-0.028075848379999997,"profit_total_pct":-2.81,"duration_avg":"3:22:00","wins":6,"draws":7,"losses":3,"winrate":0.375,"cagr":-0.10161596305353515,"expectancy":-1.75474052375,"expectancy_ratio":-0.5399312658356834,"sortino":-42.219520887437675,"sharpe":-0.7031963873381069,"calmar":-15.958319157727772,"sqn":-0.8642,"profit_factor":0.45369991554302186,"max_drawdown_account":0.03465137239614498,"max_drawdown_abs":34.887402079999994},"worst_pair":{"key":"DOGE/USDT","trades":16,"profit_mean":-0.005288588594455376,"profit_mean_pct":-0.53,"profit_total_abs":-28.075848379999996,"profit_total":-0.028075848379999997,"profit_total_pct":-2.81,"duration_avg":"3:22:00","wins":6,"draws":7,"losses":3,"winrate":0.375,"cagr":-0.10161596305353515,"expectancy":-1.75474052375,"expectancy_ratio":-0.5399312658356834,"sortino":-42.219520887437675,"sharpe":-0.7031963873381069,"calmar":-15.958319157727772,"sqn":-0.8642,"profit_factor":0.45369991554302186,"max_drawdown_account":0.03465137239614498,"max_drawdown_abs":34.887402079999994},"results_per_pair":[{"key":"DOGE/USDT","trades":16,"profit_mean":-0.005288588594455376,"profit_mean_pct":-0.53,"profit_total_abs":-28.075848379999996,"profit_total":-0.028075848379999997,"profit_total_pct":-2.81,"duration_avg":"3:22:00","wins":6,"draws":7,"losses":3,"winrate":0.375,"cagr":-0.10161596305353515,"expectancy":-1.75474052375,"expectancy_ratio":-0.5399312658356834,"sortino":-42.219520887437675,"sharpe":-0.7031963873381069,"calmar":-15.958319157727772,"sqn":-0.8642,"profit_factor":0.45369991554302186,"max_drawdown_account":0.03465137239614498,"max_drawdown_abs":34.887402079999994},{"key":"TOTAL","trades":16,"profit_mean":-0.005288588594455376,"profit_mean_pct":-0.53,"profit_total_abs":-28.075848379999996,"profit_total":-0.028075848379999997,"profit_total_pct":-2.81,"duration_avg":"3:22:00","wins":6,"draws":7,"losses":3,"winrate":0.375,"cagr":-0.10161596305353515,"expectancy":-1.75474052375,"expectancy_ratio":-0.5399312658356834,"sortino":-42.219520887437675,"sharpe":-0.7031963873381069,"calmar":-15.958319157727772,"sqn":-0.8642,"profit_factor":0.45369991554302186,"max_drawdown_account":0.03465137239614498,"max_drawdown_abs":34.887402079999994}],"results_per_enter_tag":[{"key":"","trades":16,"profit_mean":-0.005288588594455376,"profit_mean_pct":-0.53,"profit_total_abs":-28.075848379999996,"profit_total":-0.028075848379999997,"profit_total_pct":-2.81,"duration_avg":"3:22:00","wins":6,"draws":7,"losses":3,"winrate":0.375,"cagr":-0.10161596305353515,"expectancy":-1.75474052375,"expectancy_ratio":-0.5399312658356834,"sortino":-42.219520887437675,"sharpe":-0.7031963873381069,"calmar":-15.958319157727772,"sqn":-0.8642,"profit_factor":0.45369991554302186,"max_drawdown_account":0.03465137239614498,"max_drawdown_abs":34.887402079999994},{"key":"TOTAL","trades":16,"profit_mean":-0.005288588594455376,"profit_mean_pct":-0.53,"profit_total_abs":-28.075848379999996,"profit_total":-0.028075848379999997,"profit_total_pct":-2.81,"duration_avg":"3:22:00","wins":6,"draws":7,"losses":3,"winrate":0.375,"cagr":-0.10161596305353515,"expectancy":-1.75474052375,"expectancy_ratio":-0.5399312658356834,"sortino":-42.219520887437675,"sharpe":-0.7031963873381069,"calmar":-15.958319157727772,"sqn":-0.8642,"profit_factor":0.45369991554302186,"max_drawdown_account":0.03465137239614498,"max_drawdown_abs":34.887402079999994}],"exit_reason_summary":[{"key":"roi","trades":13,"profit_mean":0.005463469824729904,"profit_mean_pct":0.55,"profit_total_abs":23.31687364,"profit_total":0.02331687364,"profit_total_pct":2.33,"duration_avg":"3:18:00","wins":6,"draws":7,"losses":0,"winrate":0.46153846153846156,"cagr":0.09060379382706696,"expectancy":1.7936056646153846,"expectancy_ratio":100.0,"sortino":-100,"sharpe":1.534680720991569,"calmar":-100,"sqn":2.0763,"profit_factor":0.0,"max_drawdown_account":0.0,"max_drawdown_abs":0.0},{"key":"stop_loss","trades":3,"profit_mean":-0.05188084174425825,"profit_mean_pct":-5.19,"profit_total_abs":-51.39272202,"profit_total":-0.05139272202,"profit_total_pct":-5.14,"duration_avg":"3:40:00","wins":0,"draws":0,"losses":3,"winrate":0.0,"cagr":-0.18006595639486234,"expectancy":-17.13090734,"expectancy_ratio":-1.0,"sortino":-77.28265487896428,"sharpe":-77.28265487896428,"calmar":-19.6958486335493,"sqn":-184.9699,"profit_factor":0.0,"max_drawdown_account":0.05139272201999995,"max_drawdown_abs":51.39272202},{"key":"TOTAL","trades":16,"profit_mean":-0.005288588594455376,"profit_mean_pct":-0.53,"profit_total_abs":-28.075848379999996,"profit_total":-0.028075848379999997,"profit_total_pct":-2.81,"duration_avg":"3:22:00","wins":6,"draws":7,"losses":3,"winrate":0.375,"cagr":-0.10161596305353515,"expectancy":-1.75474052375,"expectancy_ratio":-0.5399312658356834,"sortino":-42.219520887437675,"sharpe":-0.7031963873381069,"calmar":-15.958319157727772,"sqn":-0.8642,"profit_factor":0.45369991554302186,"max_drawdown_account":0.03465137239614498,"max_drawdown_abs":34.887402079999994}],"mix_tag_stats":[{"key":["","roi"],"trades":13,"profit_mean":0.005463469824729904,"profit_mean_pct":0.55,"profit_total_abs":23.31687364,"profit_total":0.02331687364,"profit_total_pct":2.33,"duration_avg":"3:18:00","wins":6,"draws":7,"losses":0,"winrate":0.46153846153846156,"cagr":0.09060379382706696,"expectancy":1.7936056646153846,"expectancy_ratio":100.0,"sortino":-100,"sharpe":1.534680720991569,"calmar":-100,"sqn":2.0763,"profit_factor":0.0,"max_drawdown_account":0.0,"max_drawdown_abs":0.0},{"key":["","stop_loss"],"trades":3,"profit_mean":-0.05188084174425825,"profit_mean_pct":-5.19,"profit_total_abs":-51.39272202,"profit_total":-0.05139272202,"profit_total_pct":-5.14,"duration_avg":"3:40:00","wins":0,"draws":0,"losses":3,"winrate":0.0,"cagr":-0.18006595639486234,"expectancy":-17.13090734,"expectancy_ratio":-1.0,"sortino":-77.28265487896428,"sharpe":-77.28265487896428,"calmar":-19.6958486335493,"sqn":-184.9699,"profit_factor":0.0,"max_drawdown_account":0.05139272201999995,"max_drawdown_abs":51.39272202},{"key":"TOTAL","trades":16,"profit_mean":-0.005288588594455376,"profit_mean_pct":-0.53,"profit_total_abs":-28.075848379999996,"profit_total":-0.028075848379999997,"profit_total_pct":-2.81,"duration_avg":"3:22:00","wins":6,"draws":7,"losses":3,"winrate":0.375,"cagr":-0.10161596305353515,"expectancy":-1.75474052375,"expectancy_ratio":-0.5399312658356834,"sortino":-42.219520887437675,"sharpe":-0.7031963873381069,"calmar":-15.958319157727772,"sqn":-0.8642,"profit_factor":0.45369991554302186,"max_drawdown_account":0.03465137239614498,"max_drawdown_abs":34.887402079999994}],"left_open_trades":[{"key":"TOTAL","trades":0,"profit_mean":0.0,"profit_mean_pct":0.0,"profit_total_abs":0.0,"profit_total":0.0,"profit_total_pct":0.0,"duration_avg":"0:00","wins":0,"draws":0,"losses":0,"winrate":0.0,"cagr":0.0,"expectancy":0.0,"expectancy_ratio":100.0,"sortino":0,"sharpe":0,"calmar":0,"sqn":0.0,"profit_factor":0.0,"max_drawdown_account":0.0,"max_drawdown_abs":0.0}],"total_trades":16,"trade_count_long":16,"trade_count_short":0,"total_volume":10480.303178309929,"avg_stake_amount":327.73248,"profit_mean":-0.005288588594455376,"profit_median":0.0,"profit_total":-0.028075848379999997,"profit_total_long":-0.028075848379999997,"profit_total_short":0.0,"profit_total_abs":-28.075848379999996,"profit_total_long_abs":-28.075848379999996,"profit_total_short_abs":0.0,"cagr":-0.10161596305353515,"expectancy":-1.75474052375,"expectancy_ratio":-0.5399312658356834,"sortino":-42.219520887437675,"sharpe":-0.7031963873381069,"calmar":-15.958319157727772,"sqn":-0.8642,"profit_factor":0.45369991554302186,"backtest_start":"2025-10-01 00:00:00","backtest_start_ts":1759276800000,"backtest_end":"2026-01-06 20:00:00","backtest_end_ts":1767729600000,"backtest_days":97,"backtest_run_start_ts":1767748529,"backtest_run_end_ts":1767748530,"trades_per_day":0.16,"market_change":-0.36632086436227446,"pairlist":["DOGE/USDT"],"stake_amount":"unlimited","stake_currency":"USDT","stake_currency_decimals":3,"starting_balance":1000,"dry_run_wallet":1000,"final_balance":971.92415162,"rejected_signals":0,"timedout_entry_orders":0,"timedout_exit_orders":0,"canceled_trade_entries":0,"canceled_entry_orders":0,"replaced_entry_orders":0,"max_open_trades":1,"max_open_trades_setting":3,"timeframe":"1h","timeframe_detail":"","timerange":"20251001-","enable_protections":false,"strategy_name":"ACO_35_10","freqaimodel":null,"freqai_identifier":null,"stoploss":-0.05,"trailing_stop":false,"trailing_stop_positive":null,"trailing_stop_positive_offset":0.0,"trailing_only_offset_is_reached":false,"use_custom_stoploss":false,"minimal_roi":{"0":0.1,"60":0.05,"120":0.0},"use_exit_signal":true,"exit_profit_only":false,"exit_profit_offset":0.0,"ignore_roi_if_entry_signal":false,"trading_mode":"spot","margin_mode":"","periodic_breakdown":{"day":[{"date":"05/10/2025","date_ts":1759622400000,"profit_abs":6.8115537,"wins":1,"draws":0,"losses":0,"trades":1,"profit_factor":0.0},{"date":"06/10/2025","date_ts":1759708800000,"profit_abs":0.0,"wins":0,"draws":0,"losses":0,"trades":0,"profit_factor":0.0},{"date":"07/10/2025","date_ts":1759795200000,"profit_abs":0.0,"wins":0,"draws":0,"losses":0,"trades":0,"profit_factor":0.0},{"date":"08/10/2025","date_ts":1759881600000,"profit_abs":0.0,"wins":0,"draws":0,"losses":0,"trades":0,"profit_factor":0.0},{"date":"09/10/2025","date_ts":1759968000000,"profit_abs":0.0,"wins":0,"draws":0,"losses":0,"trades":0,"profit_factor":0.0},{"date":"10/10/2025","date_ts":1760054400000,"profit_abs":0.0,"wins":0,"draws":0,"losses":0,"trades":0,"profit_factor":0.0},{"date":"11/10/2025","date_ts":1760140800000,"profit_abs":0.0,"wins":0,"draws":0,"losses":0,"trades":0,"profit_factor":0.0},{"date":"12/10/2025","date_ts":1760227200000,"profit_abs":0.0,"wins":0,"draws":0,"losses":0,"trades":0,"profit_factor":0.0},{"date":"13/10/2025","date_ts":1760313600000,"profit_abs":0.0,"wins":0,"draws":1,"losses":0,"trades":1,"profit_factor":0.0},{"date":"14/10/2025","date_ts":1760400000000,"profit_abs":0.0,"wins":0,"draws":0,"losses":0,"trades":0,"profit_factor":0.0},{"date":"15/10/2025","date_ts":1760486400000,"profit_abs":0.0,"wins":0,"draws":0,"losses":0,"trades":0,"profit_factor":0.0},{"date":"16/10/2025","date_ts":1760572800000,"profit_abs":0.0,"wins":0,"draws":0,"losses":0,"trades":0,"profit_factor":0.0},{"date":"17/10/2025","date_ts":1760659200000,"profit_abs":0.0,"wins":0,"draws":0,"losses":0,"trades":0,"profit_factor":0.0},{"date":"18/10/2025","date_ts":1760745600000,"profit_abs":0.0,"wins":0,"draws":0,"losses":0,"trades":0,"profit_factor":0.0},{"date":"19/10/2025","date_ts":1760832000000,"profit_abs":0.0,"wins":0,"draws":0,"losses":0,"trades":0,"profit_factor":0.0},{"date":"20/10/2025","date_ts":1760918400000,"profit_abs":0.0,"wins":0,"draws":0,"losses":0,"trades":0,"profit_factor":0.0},{"date":"21/10/2025","date_ts":1761004800000,"profit_abs":0.0,"wins":0,"draws":0,"losses":0,"trades":0,"profit_factor":0.0},{"date":"22/10/2025","date_ts":1761091200000,"profit_abs":-17.2531742,"wins":0,"draws":0,"losses":1,"trades":1,"profit_factor":0.0},{"date":"23/10/2025","date_ts":1761177600000,"profit_abs":0.0,"wins":0,"draws":0,"losses":0,"trades":0,"profit_factor":0.0},{"date":"24/10/2025","date_ts":1761264000000,"profit_abs":0.0,"wins":0,"draws":0,"losses":0,"trades":0,"profit_factor":0.0},{"date":"25/10/2025","date_ts":1761350400000,"profit_abs":0.0,"wins":0,"draws":0,"losses":0,"trades":0,"profit_factor":0.0},{"date":"26/10/2025","date_ts":1761436800000,"profit_abs":3.02429324,"wins":1,"draws":0,"losses":0,"trades":1,"profit_factor":0.0},{"date":"27/10/2025","date_ts":1761523200000,"profit_abs":0.0,"wins":0,"draws":0,"losses":0,"trades":0,"profit_factor":0.0},{"date":"28/10/2025","date_ts":1761609600000,"profit_abs":0.0,"wins":0,"draws":0,"losses":0,"trades":0,"profit_factor":0.0},{"date":"29/10/2025","date_ts":1761696000000,"profit_abs":0.0,"wins":0,"draws":0,"losses":0,"trades":0,"profit_factor":0.0},{"date":"30/10/2025","date_ts":1761782400000,"profit_abs":0.0,"wins":0,"draws":0,"losses":0,"trades":0,"profit_factor":0.0},{"date":"31/10/2025","date_ts":1761868800000,"profit_abs":0.0,"wins":0,"draws":0,"losses":0,"trades":0,"profit_factor":0.0},{"date":"01/11/2025","date_ts":1761955200000,"profit_abs":0.0,"wins":0,"draws":0,"losses":0,"trades":0,"profit_factor":0.0},{"date":"02/11/2025","date_ts":1762041600000,"profit_abs":0.0,"wins":0,"draws":0,"losses":0,"trades":0,"profit_factor":0.0},{"date":"03/11/2025","date_ts":1762128000000,"profit_abs":0.0,"wins":0,"draws":0,"losses":0,"trades":0,"profit_factor":0.0},{"date":"04/11/2025","date_ts":1762214400000,"profit_abs":0.0,"wins":0,"draws":0,"losses":0,"trades":0,"profit_factor":0.0},{"date":"05/11/2025","date_ts":1762300800000,"profit_abs":0.0,"wins":0,"draws":1,"losses":0,"trades":1,"profit_factor":0.0},{"date":"06/11/2025","date_ts":1762387200000,"profit_abs":0.0,"wins":0,"draws":0,"losses":0,"trades":0,"profit_factor":0.0},{"date":"07/11/2025","date_ts":1762473600000,"profit_abs":0.28179375,"wins":1,"draws":0,"losses":0,"trades":1,"profit_factor":0.0},{"date":"08/11/2025","date_ts":1762560000000,"profit_abs":0.0,"wins":0,"draws":0,"losses":0,"trades":0,"profit_factor":0.0},{"date":"09/11/2025","date_ts":1762646400000,"profit_abs":0.0,"wins":0,"draws":0,"losses":0,"trades":0,"profit_factor":0.0},{"date":"10/11/2025","date_ts":1762732800000,"profit_abs":0.0,"wins":0,"draws":0,"losses":0,"trades":0,"profit_factor":0.0},{"date":"11/11/2025","date_ts":1762819200000,"profit_abs":0.0,"wins":0,"draws":0,"losses":0,"trades":0,"profit_factor":0.0},{"date":"12/11/2025","date_ts":1762905600000,"profit_abs":0.0,"wins":0,"draws":0,"losses":0,"trades":0,"profit_factor":0.0},{"date":"13/11/2025","date_ts":1762992000000,"profit_abs":0.0,"wins":0,"draws":0,"losses":0,"trades":0,"profit_factor":0.0},{"date":"14/11/2025","date_ts":1763078400000,"profit_abs":0.0,"wins":0,"draws":0,"losses":0,"trades":0,"profit_factor":0.0},{"date":"15/11/2025","date_ts":1763164800000,"profit_abs":0.0,"wins":0,"draws":0,"losses":0,"trades":0,"profit_factor":0.0},{"date":"16/11/2025","date_ts":1763251200000,"profit_abs":0.0,"wins":0,"draws":0,"losses":0,"trades":0,"profit_factor":0.0},{"date":"17/11/2025","date_ts":1763337600000,"profit_abs":0.0,"wins":0,"draws":0,"losses":0,"trades":0,"profit_factor":0.0},{"date":"18/11/2025","date_ts":1763424000000,"profit_abs":0.0,"wins":0,"draws":0,"losses":0,"trades":0,"profit_factor":0.0},{"date":"19/11/2025","date_ts":1763510400000,"profit_abs":0.0,"wins":0,"draws":0,"losses":0,"trades":0,"profit_factor":0.0},{"date":"20/11/2025","date_ts":1763596800000,"profit_abs":0.0,"wins":0,"draws":0,"losses":0,"trades":0,"profit_factor":0.0},{"date":"21/11/2025","date_ts":1763683200000,"profit_abs":0.0,"wins":0,"draws":0,"losses":0,"trades":0,"profit_factor":0.0},{"date":"22/11/2025","date_ts":1763769600000,"profit_abs":0.0,"wins":0,"draws":0,"losses":0,"trades":0,"profit_factor":0.0},{"date":"23/11/2025","date_ts":1763856000000,"profit_abs":0.0,"wins":0,"draws":0,"losses":0,"trades":0,"profit_factor":0.0},{"date":"24/11/2025","date_ts":1763942400000,"profit_abs":0.0,"wins":0,"draws":0,"losses":0,"trades":0,"profit_factor":0.0},{"date":"25/11/2025","date_ts":1764028800000,"profit_abs":0.0,"wins":0,"draws":0,"losses":0,"trades":0,"profit_factor":0.0},{"date":"26/11/2025","date_ts":1764115200000,"profit_abs":0.0,"wins":0,"draws":1,"losses":0,"trades":1,"profit_factor":0.0},{"date":"27/11/2025","date_ts":1764201600000,"profit_abs":0.0,"wins":0,"draws":0,"losses":0,"trades":0,"profit_factor":0.0},{"date":"28/11/2025","date_ts":1764288000000,"profit_abs":0.0,"wins":0,"draws":0,"losses":0,"trades":0,"profit_factor":0.0},{"date":"29/11/2025","date_ts":1764374400000,"profit_abs":0.0,"wins":0,"draws":0,"losses":0,"trades":0,"profit_factor":0.0},{"date":"30/11/2025","date_ts":1764460800000,"profit_abs":0.0,"wins":0,"draws":0,"losses":0,"trades":0,"profit_factor":0.0},{"date":"01/12/2025","date_ts":1764547200000,"profit_abs":0.0,"wins":0,"draws":0,"losses":0,"trades":0,"profit_factor":0.0},{"date":"02/12/2025","date_ts":1764633600000,"profit_abs":0.0,"wins":0,"draws":0,"losses":0,"trades":0,"profit_factor":0.0},{"date":"03/12/2025","date_ts":1764720000000,"profit_abs":0.0,"wins":0,"draws":0,"losses":0,"trades":0,"profit_factor":0.0},{"date":"04/12/2025","date_ts":1764806400000,"profit_abs":0.0,"wins":0,"draws":0,"losses":0,"trades":0,"profit_factor":0.0},{"date":"05/12/2025","date_ts":1764892800000,"profit_abs":0.0,"wins":0,"draws":0,"losses":0,"trades":0,"profit_factor":0.0},{"date":"06/12/2025","date_ts":1764979200000,"profit_abs":0.0,"wins":0,"draws":0,"losses":0,"trades":0,"profit_factor":0.0},{"date":"07/12/2025","date_ts":1765065600000,"profit_abs":0.8486982,"wins":1,"draws":0,"losses":0,"trades":1,"profit_factor":0.0},{"date":"08/12/2025","date_ts":1765152000000,"profit_abs":0.0,"wins":0,"draws":0,"losses":0,"trades":0,"profit_factor":0.0},{"date":"09/12/2025","date_ts":1765238400000,"profit_abs":9.75451275,"wins":1,"draws":0,"losses":0,"trades":1,"profit_factor":0.0},{"date":"10/12/2025","date_ts":1765324800000,"profit_abs":0.0,"wins":0,"draws":0,"losses":0,"trades":0,"profit_factor":0.0},{"date":"11/12/2025","date_ts":1765411200000,"profit_abs":0.0,"wins":0,"draws":0,"losses":0,"trades":0,"profit_factor":0.0},{"date":"12/12/2025","date_ts":1765497600000,"profit_abs":0.0,"wins":0,"draws":0,"losses":0,"trades":0,"profit_factor":0.0},{"date":"13/12/2025","date_ts":1765584000000,"profit_abs":0.0,"wins":0,"draws":0,"losses":0,"trades":0,"profit_factor":0.0},{"date":"14/12/2025","date_ts":1765670400000,"profit_abs":0.0,"wins":0,"draws":0,"losses":0,"trades":0,"profit_factor":0.0},{"date":"15/12/2025","date_ts":1765756800000,"profit_abs":0.0,"wins":0,"draws":0,"losses":0,"trades":0,"profit_factor":0.0},{"date":"16/12/2025","date_ts":1765843200000,"profit_abs":0.0,"wins":0,"draws":0,"losses":0,"trades":0,"profit_factor":0.0},{"date":"17/12/2025","date_ts":1765929600000,"profit_abs":-17.19027488,"wins":0,"draws":0,"losses":1,"trades":1,"profit_factor":0.0},{"date":"18/12/2025","date_ts":1766016000000,"profit_abs":0.0,"wins":0,"draws":1,"losses":0,"trades":1,"profit_factor":0.0},{"date":"19/12/2025","date_ts":1766102400000,"profit_abs":0.0,"wins":0,"draws":0,"losses":0,"trades":0,"profit_factor":0.0},{"date":"20/12/2025","date_ts":1766188800000,"profit_abs":0.0,"wins":0,"draws":0,"losses":0,"trades":0,"profit_factor":0.0},{"date":"21/12/2025","date_ts":1766275200000,"profit_abs":0.0,"wins":0,"draws":0,"losses":0,"trades":0,"profit_factor":0.0},{"date":"22/12/2025","date_ts":1766361600000,"profit_abs":0.0,"wins":0,"draws":2,"losses":0,"trades":2,"profit_factor":0.0},{"date":"23/12/2025","date_ts":1766448000000,"profit_abs":0.0,"wins":0,"draws":0,"losses":0,"trades":0,"profit_factor":0.0},{"date":"24/12/2025","date_ts":1766534400000,"profit_abs":0.0,"wins":0,"draws":0,"losses":0,"trades":0,"profit_factor":0.0},{"date":"25/12/2025","date_ts":1766620800000,"profit_abs":0.0,"wins":0,"draws":0,"losses":0,"trades":0,"profit_factor":0.0},{"date":"26/12/2025","date_ts":1766707200000,"profit_abs":0.0,"wins":0,"draws":0,"losses":0,"trades":0,"profit_factor":0.0},{"date":"27/12/2025","date_ts":1766793600000,"profit_abs":0.0,"wins":0,"draws":0,"losses":0,"trades":0,"profit_factor":0.0},{"date":"28/12/2025","date_ts":1766880000000,"profit_abs":0.0,"wins":0,"draws":0,"losses":0,"trades":0,"profit_factor":0.0},{"date":"29/12/2025","date_ts":1766966400000,"profit_abs":2.596022,"wins":1,"draws":0,"losses":0,"trades":1,"profit_factor":0.0},{"date":"30/12/2025","date_ts":1767052800000,"profit_abs":0.0,"wins":0,"draws":1,"losses":0,"trades":1,"profit_factor":0.0},{"date":"31/12/2025","date_ts":1767139200000,"profit_abs":0.0,"wins":0,"draws":0,"losses":0,"trades":0,"profit_factor":0.0},{"date":"01/01/2026","date_ts":1767225600000,"profit_abs":0.0,"wins":0,"draws":0,"losses":0,"trades":0,"profit_factor":0.0},{"date":"02/01/2026","date_ts":1767312000000,"profit_abs":0.0,"wins":0,"draws":0,"losses":0,"trades":0,"profit_factor":0.0},{"date":"03/01/2026","date_ts":1767398400000,"profit_abs":0.0,"wins":0,"draws":0,"losses":0,"trades":0,"profit_factor":0.0},{"date":"04/01/2026","date_ts":1767484800000,"profit_abs":0.0,"wins":0,"draws":0,"losses":0,"trades":0,"profit_factor":0.0},{"date":"05/01/2026","date_ts":1767571200000,"profit_abs":0.0,"wins":0,"draws":0,"losses":0,"trades":0,"profit_factor":0.0},{"date":"06/01/2026","date_ts":1767657600000,"profit_abs":-16.94927294,"wins":0,"draws":0,"losses":1,"trades":1,"profit_factor":0.0}],"week":[{"date":"06/10/2025","date_ts":1759708800000,"profit_abs":6.8115537,"wins":1,"draws":0,"losses":0,"trades":1,"profit_factor":0.0},{"date":"13/10/2025","date_ts":1760313600000,"profit_abs":0.0,"wins":0,"draws":1,"losses":0,"trades":1,"profit_factor":0.0},{"date":"20/10/2025","date_ts":1760918400000,"profit_abs":0.0,"wins":0,"draws":0,"losses":0,"trades":0,"profit_factor":0.0},{"date":"27/10/2025","date_ts":1761523200000,"profit_abs":-14.22888096,"wins":1,"draws":0,"losses":1,"trades":2,"profit_factor":0.17528909},{"date":"03/11/2025","date_ts":1762128000000,"profit_abs":0.0,"wins":0,"draws":0,"losses":0,"trades":0,"profit_factor":0.0},{"date":"10/11/2025","date_ts":1762732800000,"profit_abs":0.28179375,"wins":1,"draws":1,"losses":0,"trades":2,"profit_factor":0.0},{"date":"17/11/2025","date_ts":1763337600000,"profit_abs":0.0,"wins":0,"draws":0,"losses":0,"trades":0,"profit_factor":0.0},{"date":"24/11/2025","date_ts":1763942400000,"profit_abs":0.0,"wins":0,"draws":0,"losses":0,"trades":0,"profit_factor":0.0},{"date":"01/12/2025","date_ts":1764547200000,"profit_abs":0.0,"wins":0,"draws":1,"losses":0,"trades":1,"profit_factor":0.0},{"date":"08/12/2025","date_ts":1765152000000,"profit_abs":0.8486982,"wins":1,"draws":0,"losses":0,"trades":1,"profit_factor":0.0},{"date":"15/12/2025","date_ts":1765756800000,"profit_abs":9.75451275,"wins":1,"draws":0,"losses":0,"trades":1,"profit_factor":0.0},{"date":"22/12/2025","date_ts":1766361600000,"profit_abs":-17.19027488,"wins":0,"draws":3,"losses":1,"trades":4,"profit_factor":0.0},{"date":"29/12/2025","date_ts":1766966400000,"profit_abs":2.596022,"wins":1,"draws":0,"losses":0,"trades":1,"profit_factor":0.0},{"date":"05/01/2026","date_ts":1767571200000,"profit_abs":0.0,"wins":0,"draws":1,"losses":0,"trades":1,"profit_factor":0.0},{"date":"12/01/2026","date_ts":1768176000000,"profit_abs":-16.94927294,"wins":0,"draws":0,"losses":1,"trades":1,"profit_factor":0.0}],"month":[{"date":"31/10/2025","date_ts":1761868800000,"profit_abs":-7.41732726,"wins":2,"draws":1,"losses":1,"trades":4,"profit_factor":0.57008912},{"date":"30/11/2025","date_ts":1764460800000,"profit_abs":0.28179375,"wins":1,"draws":2,"losses":0,"trades":3,"profit_factor":0.0},{"date":"31/12/2025","date_ts":1767139200000,"profit_abs":-3.99104193,"wins":3,"draws":4,"losses":1,"trades":8,"profit_factor":0.76783141},{"date":"31/01/2026","date_ts":1769817600000,"profit_abs":-16.94927294,"wins":0,"draws":0,"losses":1,"trades":1,"profit_factor":0.0}],"year":[{"date":"31/12/2025","date_ts":1767139200000,"profit_abs":-11.12657544,"wins":6,"draws":7,"losses":2,"trades":15,"profit_factor":0.67696106},{"date":"31/12/2026","date_ts":1798675200000,"profit_abs":-16.94927294,"wins":0,"draws":0,"losses":1,"trades":1,"profit_factor":0.0}],"weekday":[{"date":"Monday","date_ts":0,"profit_abs":2.596022,"wins":1,"draws":3,"losses":0,"trades":4,"profit_factor":0.0},{"date":"Tuesday","date_ts":1,"profit_abs":-7.19476019,"wins":1,"draws":1,"losses":1,"trades":3,"profit_factor":0.57551216},{"date":"Wednesday","date_ts":2,"profit_abs":-34.44344908,"wins":0,"draws":2,"losses":2,"trades":4,"profit_factor":0.0},{"date":"Thursday","date_ts":3,"profit_abs":0.0,"wins":0,"draws":1,"losses":0,"trades":1,"profit_factor":0.0},{"date":"Friday","date_ts":4,"profit_abs":0.28179375,"wins":1,"draws":0,"losses":0,"trades":1,"profit_factor":0.0},{"date":"Sunday","date_ts":6,"profit_abs":10.68454514,"wins":3,"draws":0,"losses":0,"trades":3,"profit_factor":0.0}]},"backtest_best_day":0.029722498963783997,"backtest_worst_day":-0.05188829384596927,"backtest_best_day_abs":9.75451275,"backtest_worst_day_abs":-17.2531742,"winning_days":6,"draw_days":85,"losing_days":3,"daily_profit":[["2025-10-05",6.8115537],["2025-10-06",0.0],["2025-10-07",0.0],["2025-10-08",0.0],["2025-10-09",0.0],["2025-10-10",0.0],["2025-10-11",0.0],["2025-10-12",0.0],["2025-10-13",0.0],["2025-10-14",0.0],["2025-10-15",0.0],["2025-10-16",0.0],["2025-10-17",0.0],["2025-10-18",0.0],["2025-10-19",0.0],["2025-10-20",0.0],["2025-10-21",0.0],["2025-10-22",-17.2531742],["2025-10-23",0.0],["2025-10-24",0.0],["2025-10-25",0.0],["2025-10-26",3.02429324],["2025-10-27",0.0],["2025-10-28",0.0],["2025-10-29",0.0],["2025-10-30",0.0],["2025-10-31",0.0],["2025-11-01",0.0],["2025-11-02",0.0],["2025-11-03",0.0],["2025-11-04",0.0],["2025-11-05",0.0],["2025-11-06",0.0],["2025-11-07",0.28179375],["2025-11-08",0.0],["2025-11-09",0.0],["2025-11-10",0.0],["2025-11-11",0.0],["2025-11-12",0.0],["2025-11-13",0.0],["2025-11-14",0.0],["2025-11-15",0.0],["2025-11-16",0.0],["2025-11-17",0.0],["2025-11-18",0.0],["2025-11-19",0.0],["2025-11-20",0.0],["2025-11-21",0.0],["2025-11-22",0.0],["2025-11-23",0.0],["2025-11-24",0.0],["2025-11-25",0.0],["2025-11-26",0.0],["2025-11-27",0.0],["2025-11-28",0.0],["2025-11-29",0.0],["2025-11-30",0.0],["2025-12-01",0.0],["2025-12-02",0.0],["2025-12-03",0.0],["2025-12-04",0.0],["2025-12-05",0.0],["2025-12-06",0.0],["2025-12-07",0.8486982],["2025-12-08",0.0],["2025-12-09",9.75451275],["2025-12-10",0.0],["2025-12-11",0.0],["2025-12-12",0.0],["2025-12-13",0.0],["2025-12-14",0.0],["2025-12-15",0.0],["2025-12-16",0.0],["2025-12-17",-17.19027488],["2025-12-18",0.0],["2025-12-19",0.0],["2025-12-20",0.0],["2025-12-21",0.0],["2025-12-22",0.0],["2025-12-23",0.0],["2025-12-24",0.0],["2025-12-25",0.0],["2025-12-26",0.0],["2025-12-27",0.0],["2025-12-28",0.0],["2025-12-29",2.596022],["2025-12-30",0.0],["2025-12-31",0.0],["2026-01-01",0.0],["2026-01-02",0.0],["2026-01-03",0.0],["2026-01-04",0.0],["2026-01-05",0.0],["2026-01-06",-16.94927294]],"wins":6,"losses":3,"draws":7,"winrate":0.375,"holding_avg":"3:22:00","holding_avg_s":12120.0,"winner_holding_min":"0d 02:00","winner_holding_min_s":7200.0,"winner_holding_max":"0d 02:00","winner_holding_max_s":7200.0,"winner_holding_avg":"0d 02:00","winner_holding_avg_s":7200.0,"loser_holding_min":"0d 01:00","loser_holding_min_s":3600.0,"loser_holding_max":"0d 09:00","loser_holding_max_s":32400.0,"loser_holding_avg":"0d 03:40","loser_holding_avg_s":13200.0,"max_consecutive_wins":2,"max_consecutive_losses":4,"max_drawdown_account":0.03465137239614498,"max_relative_drawdown":0.03465137239614498,"max_drawdown_abs":34.887402079999994,"drawdown_start":"2025-10-05 05:00:00","drawdown_start_ts":1759640400000.0,"drawdown_end":"2026-01-06 16:00:00","drawdown_end_ts":1767715200000.0,"drawdown_duration":"93 days 11:00:00","drawdown_duration_s":8074800.0,"max_drawdown_low":-28.075848379999996,"max_drawdown_high":6.8115537,"csum_min":971.92415162,"csum_max":1006.8115537}},"strategy_comparison":[{"key":"ACO_35_10","trades":16,"profit_mean":-0.005288588594455376,"profit_mean_pct":-0.53,"profit_total_abs":-28.075848379999996,"profit_total":-0.028075848379999997,"profit_total_pct":-2.81,"duration_avg":"3:22:00","wins":6,"draws":7,"losses":3,"winrate":0.375,"cagr":-0.10161596305353515,"expectancy":-1.75474052375,"expectancy_ratio":-0.5399312658356834,"sortino":-42.219520887437675,"sharpe":-0.7031963873381069,"calmar":-15.958319157727772,"sqn":-0.8642,"profit_factor":0.45369991554302186,"max_drawdown_account":0.03465137239614498,"max_drawdown_abs":"34.887"}]}