{"strategy":{"ACO_15_12":{"trades":[{"pair":"DOGE/USDT","stake_amount":329.95798,"max_stake_amount":329.95798,"amount":1322.0,"open_date":"2025-10-09 13:00:00+00:00","close_date":"2025-10-09 22:00:00+00:00","open_rate":0.24959,"close_rate":0.25008967967967966,"fee_open":0.001,"fee_close":0.001,"trade_duration":540,"profit_ratio":0.0,"profit_abs":0.0,"exit_reason":"roi","initial_stop_loss_abs":0.23712,"initial_stop_loss_ratio":-0.05,"stop_loss_abs":0.23712,"stop_loss_ratio":-0.05,"min_rate":0.24099,"max_rate":0.25037,"is_open":false,"enter_tag":"","leverage":1.0,"is_short":false,"open_timestamp":1760014800000,"close_timestamp":1760047200000,"orders":[{"amount":1322.0,"safe_price":0.24959,"ft_order_side":"buy","order_filled_timestamp":1760014800000,"ft_is_entry":true,"ft_order_tag":"","cost":330.28793798},{"amount":1322.0,"safe_price":0.25008967967967966,"ft_order_side":"sell","order_filled_timestamp":1760047200000,"ft_is_entry":false,"ft_order_tag":"roi","cost":330.949175093073}],"funding_fees":0.0,"weekday":3},{"pair":"DOGE/USDT","stake_amount":329.99736,"max_stake_amount":329.99736,"amount":1617.0,"open_date":"2025-10-15 05:00:00+00:00","close_date":"2025-10-15 07:00:00+00:00","open_rate":0.20408,"close_rate":0.20452,"fee_open":0.001,"fee_close":0.001,"trade_duration":120,"profit_ratio":0.00015370752336648063,"profit_abs":0.0507738,"exit_reason":"roi","initial_stop_loss_abs":0.19388,"initial_stop_loss_ratio":-0.05,"stop_loss_abs":0.19388,"stop_loss_ratio":-0.05,"min_rate":0.2018,"max_rate":0.20509,"is_open":false,"enter_tag":"","leverage":1.0,"is_short":false,"open_timestamp":1760504400000,"close_timestamp":1760511600000,"orders":[{"amount":1617.0,"safe_price":0.20408,"ft_order_side":"buy","order_filled_timestamp":1760504400000,"ft_is_entry":true,"ft_order_tag":"","cost":330.32735735999995},{"amount":1617.0,"safe_price":0.20452,"ft_order_side":"sell","order_filled_timestamp":1760511600000,"ft_is_entry":false,"ft_order_tag":"roi","cost":331.03954883999995}],"funding_fees":0.0,"weekday":2},{"pair":"DOGE/USDT","stake_amount":329.84,"max_stake_amount":329.84,"amount":1736.0,"open_date":"2025-10-18 18:00:00+00:00","close_date":"2025-10-19 03:00:00+00:00","open_rate":0.19,"close_rate":0.19038038038038035,"fee_open":0.001,"fee_close":0.001,"trade_duration":540,"profit_ratio":0.0,"profit_abs":0.0,"exit_reason":"roi","initial_stop_loss_abs":0.1805,"initial_stop_loss_ratio":-0.05,"stop_loss_abs":0.1805,"stop_loss_ratio":-0.05,"min_rate":0.18777,"max_rate":0.19078,"is_open":false,"enter_tag":"","leverage":1.0,"is_short":false,"open_timestamp":1760810400000,"close_timestamp":1760842800000,"orders":[{"amount":1736.0,"safe_price":0.19,"ft_order_side":"buy","order_filled_timestamp":1760810400000,"ft_is_entry":true,"ft_order_tag":"","cost":330.16984},{"amount":1736.0,"safe_price":0.19038038038038035,"ft_order_side":"sell","order_filled_timestamp":1760842800000,"ft_is_entry":false,"ft_order_tag":"roi","cost":330.8308406806806}],"funding_fees":0.0,"weekday":6},{"pair":"DOGE/USDT","stake_amount":329.97668,"max_stake_amount":329.97668,"amount":1738.0,"open_date":"2025-10-19 10:00:00+00:00","close_date":"2025-10-19 12:00:00+00:00","open_rate":0.18986,"close_rate":0.1933,"fee_open":0.001,"fee_close":0.001,"trade_duration":120,"profit_ratio":0.016084410690962888,"profit_abs":5.31278792,"exit_reason":"roi","initial_stop_loss_abs":0.18037,"initial_stop_loss_ratio":-0.05,"stop_loss_abs":0.18037,"stop_loss_ratio":-0.05,"min_rate":0.18895,"max_rate":0.1968,"is_open":false,"enter_tag":"","leverage":1.0,"is_short":false,"open_timestamp":1760868000000,"close_timestamp":1760875200000,"orders":[{"amount":1738.0,"safe_price":0.18986,"ft_order_side":"buy","order_filled_timestamp":1760868000000,"ft_is_entry":true,"ft_order_tag":"","cost":330.30665667999995},{"amount":1738.0,"safe_price":0.1933,"ft_order_side":"sell","order_filled_timestamp":1760875200000,"ft_is_entry":false,"ft_order_tag":"roi","cost":336.2913554}],"funding_fees":0.0,"weekday":6},{"pair":"DOGE/USDT","stake_amount":331.668,"max_stake_amount":331.668,"amount":1665.0,"open_date":"2025-10-20 04:00:00+00:00","close_date":"2025-10-20 06:00:00+00:00","open_rate":0.1992,"close_rate":0.20135,"fee_open":0.001,"fee_close":0.001,"trade_duration":120,"profit_ratio":0.008773605912160129,"profit_abs":2.91283425,"exit_reason":"roi","initial_stop_loss_abs":0.18924,"initial_stop_loss_ratio":-0.05,"stop_loss_abs":0.18924,"stop_loss_ratio":-0.05,"min_rate":0.1992,"max_rate":0.20249,"is_open":false,"enter_tag":"","leverage":1.0,"is_short":false,"open_timestamp":1760932800000,"close_timestamp":1760940000000,"orders":[{"amount":1665.0,"safe_price":0.1992,"ft_order_side":"buy","order_filled_timestamp":1760932800000,"ft_is_entry":true,"ft_order_tag":"","cost":331.999668},{"amount":1665.0,"safe_price":0.20135,"ft_order_side":"sell","order_filled_timestamp":1760940000000,"ft_is_entry":false,"ft_order_tag":"roi","cost":335.58299774999995}],"funding_fees":0.0,"weekday":0},{"pair":"DOGE/USDT","stake_amount":332.61129,"max_stake_amount":332.61129,"amount":1683.0,"open_date":"2025-10-24 05:00:00+00:00","close_date":"2025-10-24 07:00:00+00:00","open_rate":0.19763,"close_rate":0.19837,"fee_open":0.001,"fee_close":0.001,"trade_duration":120,"profit_ratio":0.0017388875355783214,"profit_abs":0.578952,"exit_reason":"roi","initial_stop_loss_abs":0.18775,"initial_stop_loss_ratio":-0.05,"stop_loss_abs":0.18775,"stop_loss_ratio":-0.05,"min_rate":0.19608,"max_rate":0.19849,"is_open":false,"enter_tag":"","leverage":1.0,"is_short":false,"open_timestamp":1761282000000,"close_timestamp":1761289200000,"orders":[{"amount":1683.0,"safe_price":0.19763,"ft_order_side":"buy","order_filled_timestamp":1761282000000,"ft_is_entry":true,"ft_order_tag":"","cost":332.94390129},{"amount":1683.0,"safe_price":0.19837,"ft_order_side":"sell","order_filled_timestamp":1761289200000,"ft_is_entry":false,"ft_order_tag":"roi","cost":334.1905667099999}],"funding_fees":0.0,"weekday":4},{"pair":"DOGE/USDT","stake_amount":332.87592,"max_stake_amount":332.87592,"amount":1698.0,"open_date":"2025-10-29 18:00:00+00:00","close_date":"2025-10-29 20:00:00+00:00","open_rate":0.19604,"close_rate":0.19643247247247245,"fee_open":0.001,"fee_close":0.001,"trade_duration":120,"profit_ratio":0.0,"profit_abs":0.0,"exit_reason":"roi","initial_stop_loss_abs":0.18624,"initial_stop_loss_ratio":-0.05,"stop_loss_abs":0.18624,"stop_loss_ratio":-0.05,"min_rate":0.1871,"max_rate":0.197,"is_open":false,"enter_tag":"","leverage":1.0,"is_short":false,"open_timestamp":1761760800000,"close_timestamp":1761768000000,"orders":[{"amount":1698.0,"safe_price":0.19604,"ft_order_side":"buy","order_filled_timestamp":1761760800000,"ft_is_entry":true,"ft_order_tag":"","cost":333.20879591999994},{"amount":1698.0,"safe_price":0.19643247247247245,"ft_order_side":"sell","order_filled_timestamp":1761768000000,"ft_is_entry":false,"ft_order_tag":"roi","cost":333.8758805965164}],"funding_fees":0.0,"weekday":2},{"pair":"DOGE/USDT","stake_amount":332.777,"max_stake_amount":332.777,"amount":1775.0,"open_date":"2025-10-31 20:00:00+00:00","close_date":"2025-11-01 09:00:00+00:00","open_rate":0.18748,"close_rate":0.18785533533533533,"fee_open":0.001,"fee_close":0.001,"trade_duration":780,"profit_ratio":0.0,"profit_abs":0.0,"exit_reason":"roi","initial_stop_loss_abs":0.17811,"initial_stop_loss_ratio":-0.05,"stop_loss_abs":0.17811,"stop_loss_ratio":-0.05,"min_rate":0.18512,"max_rate":0.188,"is_open":false,"enter_tag":"","leverage":1.0,"is_short":false,"open_timestamp":1761940800000,"close_timestamp":1761987600000,"orders":[{"amount":1775.0,"safe_price":0.18748,"ft_order_side":"buy","order_filled_timestamp":1761940800000,"ft_is_entry":true,"ft_order_tag":"","cost":333.10977699999995},{"amount":1775.0,"safe_price":0.18785533533533533,"ft_order_side":"sell","order_filled_timestamp":1761987600000,"ft_is_entry":false,"ft_order_tag":"roi","cost":333.7766634404404}],"funding_fees":0.0,"weekday":5},{"pair":"DOGE/USDT","stake_amount":332.90318,"max_stake_amount":332.90318,"amount":1777.0,"open_date":"2025-11-01 16:00:00+00:00","close_date":"2025-11-01 20:00:00+00:00","open_rate":0.18734,"close_rate":0.18771505505505504,"fee_open":0.001,"fee_close":0.001,"trade_duration":240,"profit_ratio":0.0,"profit_abs":0.0,"exit_reason":"roi","initial_stop_loss_abs":0.17798,"initial_stop_loss_ratio":-0.05,"stop_loss_abs":0.17798,"stop_loss_ratio":-0.05,"min_rate":0.18662,"max_rate":0.18837,"is_open":false,"enter_tag":"","leverage":1.0,"is_short":false,"open_timestamp":1762012800000,"close_timestamp":1762027200000,"orders":[{"amount":1777.0,"safe_price":0.18734,"ft_order_side":"buy","order_filled_timestamp":1762012800000,"ft_is_entry":true,"ft_order_tag":"","cost":333.23608318},{"amount":1777.0,"safe_price":0.18771505505505504,"ft_order_side":"sell","order_filled_timestamp":1762027200000,"ft_is_entry":false,"ft_order_tag":"roi","cost":333.9032224856656}],"funding_fees":0.0,"weekday":5},{"pair":"DOGE/USDT","stake_amount":332.75136,"max_stake_amount":332.75136,"amount":1776.0,"open_date":"2025-11-02 00:00:00+00:00","close_date":"2025-11-02 02:00:00+00:00","open_rate":0.18736,"close_rate":0.1861,"fee_open":0.001,"fee_close":0.001,"trade_duration":120,"profit_ratio":-0.008709586741183667,"profit_abs":-2.90102496,"exit_reason":"exit_signal","initial_stop_loss_abs":0.178,"initial_stop_loss_ratio":-0.05,"stop_loss_abs":0.178,"stop_loss_ratio":-0.05,"min_rate":0.18588,"max_rate":0.18738,"is_open":false,"enter_tag":"","leverage":1.0,"is_short":false,"open_timestamp":1762041600000,"close_timestamp":1762048800000,"orders":[{"amount":1776.0,"safe_price":0.18736,"ft_order_side":"buy","order_filled_timestamp":1762041600000,"ft_is_entry":true,"ft_order_tag":"","cost":333.08411135999995},{"amount":1776.0,"safe_price":0.1861,"ft_order_side":"sell","order_filled_timestamp":1762048800000,"ft_is_entry":false,"ft_order_tag":"exit_signal","cost":330.84411359999996}],"funding_fees":0.0,"weekday":6},{"pair":"DOGE/USDT","stake_amount":331.8553,"max_stake_amount":331.8553,"amount":1765.0,"open_date":"2025-11-02 05:00:00+00:00","close_date":"2025-11-02 07:00:00+00:00","open_rate":0.18802,"close_rate":0.18839641641641638,"fee_open":0.001,"fee_close":0.001,"trade_duration":120,"profit_ratio":0.0,"profit_abs":0.0,"exit_reason":"roi","initial_stop_loss_abs":0.17862,"initial_stop_loss_ratio":-0.05,"stop_loss_abs":0.17862,"stop_loss_ratio":-0.05,"min_rate":0.18701,"max_rate":0.18884,"is_open":false,"enter_tag":"","leverage":1.0,"is_short":false,"open_timestamp":1762059600000,"close_timestamp":1762066800000,"orders":[{"amount":1765.0,"safe_price":0.18802,"ft_order_side":"buy","order_filled_timestamp":1762059600000,"ft_is_entry":true,"ft_order_tag":"","cost":332.1871553},{"amount":1765.0,"safe_price":0.18839641641641638,"ft_order_side":"sell","order_filled_timestamp":1762066800000,"ft_is_entry":false,"ft_order_tag":"roi","cost":332.85219464994987}],"funding_fees":0.0,"weekday":6},{"pair":"DOGE/USDT","stake_amount":331.8927,"max_stake_amount":331.8927,"amount":2006.0,"open_date":"2025-11-07 15:00:00+00:00","close_date":"2025-11-07 16:00:00+00:00","open_rate":0.16545,"close_rate":0.174062012012012,"fee_open":0.001,"fee_close":0.001,"trade_duration":60,"profit_ratio":0.04995004995004995,"profit_abs":16.594635,"exit_reason":"roi","initial_stop_loss_abs":0.15718,"initial_stop_loss_ratio":-0.05,"stop_loss_abs":0.15718,"stop_loss_ratio":-0.05,"min_rate":0.16408,"max_rate":0.17555,"is_open":false,"enter_tag":"","leverage":1.0,"is_short":false,"open_timestamp":1762527600000,"close_timestamp":1762531200000,"orders":[{"amount":2006.0,"safe_price":0.16545,"ft_order_side":"buy","order_filled_timestamp":1762527600000,"ft_is_entry":true,"ft_order_tag":"","cost":332.2245927},{"amount":2006.0,"safe_price":0.174062012012012,"ft_order_side":"sell","order_filled_timestamp":1762531200000,"ft_is_entry":false,"ft_order_tag":"roi","cost":349.5175644921921}],"funding_fees":0.0,"weekday":4},{"pair":"DOGE/USDT","stake_amount":337.37112,"max_stake_amount":337.37112,"amount":1923.0,"open_date":"2025-11-09 02:00:00+00:00","close_date":"2025-11-09 12:00:00+00:00","open_rate":0.17544,"close_rate":0.17579123123123122,"fee_open":0.001,"fee_close":0.001,"trade_duration":600,"profit_ratio":0.0,"profit_abs":0.0,"exit_reason":"roi","initial_stop_loss_abs":0.16667,"initial_stop_loss_ratio":-0.05,"stop_loss_abs":0.16667,"stop_loss_ratio":-0.05,"min_rate":0.17123,"max_rate":0.17601,"is_open":false,"enter_tag":"","leverage":1.0,"is_short":false,"open_timestamp":1762653600000,"close_timestamp":1762689600000,"orders":[{"amount":1923.0,"safe_price":0.17544,"ft_order_side":"buy","order_filled_timestamp":1762653600000,"ft_is_entry":true,"ft_order_tag":"","cost":337.70849111999996},{"amount":1923.0,"safe_price":0.17579123123123122,"ft_order_side":"sell","order_filled_timestamp":1762689600000,"ft_is_entry":false,"ft_order_tag":"roi","cost":338.3845841953153}],"funding_fees":0.0,"weekday":6},{"pair":"DOGE/USDT","stake_amount":337.3088,"max_stake_amount":337.3088,"amount":1840.0,"open_date":"2025-11-10 23:00:00+00:00","close_date":"2025-11-11 01:00:00+00:00","open_rate":0.18332,"close_rate":0.183687007007007,"fee_open":0.001,"fee_close":0.001,"trade_duration":120,"profit_ratio":0.0,"profit_abs":0.0,"exit_reason":"roi","initial_stop_loss_abs":0.17416,"initial_stop_loss_ratio":-0.05,"stop_loss_abs":0.17416,"stop_loss_ratio":-0.05,"min_rate":0.17933,"max_rate":0.1864,"is_open":false,"enter_tag":"","leverage":1.0,"is_short":false,"open_timestamp":1762815600000,"close_timestamp":1762822800000,"orders":[{"amount":1840.0,"safe_price":0.18332,"ft_order_side":"buy","order_filled_timestamp":1762815600000,"ft_is_entry":true,"ft_order_tag":"","cost":337.6461088},{"amount":1840.0,"safe_price":0.183687007007007,"ft_order_side":"sell","order_filled_timestamp":1762822800000,"ft_is_entry":false,"ft_order_tag":"roi","cost":338.3220769857857}],"funding_fees":0.0,"weekday":1},{"pair":"DOGE/USDT","stake_amount":337.3361,"max_stake_amount":337.3361,"amount":2074.0,"open_date":"2025-11-14 15:00:00+00:00","close_date":"2025-11-14 17:00:00+00:00","open_rate":0.16265,"close_rate":0.16401,"fee_open":0.001,"fee_close":0.001,"trade_duration":120,"profit_ratio":0.006346804133462602,"profit_abs":2.14314716,"exit_reason":"roi","initial_stop_loss_abs":0.15452,"initial_stop_loss_ratio":-0.05,"stop_loss_abs":0.15452,"stop_loss_ratio":-0.05,"min_rate":0.1609,"max_rate":0.16477,"is_open":false,"enter_tag":"","leverage":1.0,"is_short":false,"open_timestamp":1763132400000,"close_timestamp":1763139600000,"orders":[{"amount":2074.0,"safe_price":0.16265,"ft_order_side":"buy","order_filled_timestamp":1763132400000,"ft_is_entry":true,"ft_order_tag":"","cost":337.67343609999995},{"amount":2074.0,"safe_price":0.16401,"ft_order_side":"sell","order_filled_timestamp":1763139600000,"ft_is_entry":false,"ft_order_tag":"roi","cost":340.4968967399999}],"funding_fees":0.0,"weekday":4},{"pair":"DOGE/USDT","stake_amount":338.10245,"max_stake_amount":338.10245,"amount":2065.0,"open_date":"2025-11-16 03:00:00+00:00","close_date":"2025-11-16 05:00:00+00:00","open_rate":0.16373,"close_rate":0.16405778778778773,"fee_open":0.001,"fee_close":0.001,"trade_duration":120,"profit_ratio":0.0,"profit_abs":0.0,"exit_reason":"roi","initial_stop_loss_abs":0.15555,"initial_stop_loss_ratio":-0.05,"stop_loss_abs":0.15555,"stop_loss_ratio":-0.05,"min_rate":0.16271,"max_rate":0.16445,"is_open":false,"enter_tag":"","leverage":1.0,"is_short":false,"open_timestamp":1763262000000,"close_timestamp":1763269200000,"orders":[{"amount":2065.0,"safe_price":0.16373,"ft_order_side":"buy","order_filled_timestamp":1763262000000,"ft_is_entry":true,"ft_order_tag":"","cost":338.4405524499999},{"amount":2065.0,"safe_price":0.16405778778778773,"ft_order_side":"sell","order_filled_timestamp":1763269200000,"ft_is_entry":false,"ft_order_tag":"roi","cost":339.1181111135634}],"funding_fees":0.0,"weekday":6},{"pair":"DOGE/USDT","stake_amount":338.09173,"max_stake_amount":338.09173,"amount":2083.0,"open_date":"2025-11-17 15:00:00+00:00","close_date":"2025-11-17 18:00:00+00:00","open_rate":0.16231,"close_rate":0.1542,"fee_open":0.001,"fee_close":0.001,"trade_duration":180,"profit_ratio":-0.051864283827810415,"profit_abs":-17.55242033,"exit_reason":"stop_loss","initial_stop_loss_abs":0.1542,"initial_stop_loss_ratio":-0.05,"stop_loss_abs":0.1542,"stop_loss_ratio":-0.05,"min_rate":0.15372,"max_rate":0.16367,"is_open":false,"enter_tag":"","leverage":1.0,"is_short":false,"open_timestamp":1763391600000,"close_timestamp":1763402400000,"orders":[{"amount":2083.0,"safe_price":0.16231,"ft_order_side":"buy","order_filled_timestamp":1763391600000,"ft_is_entry":true,"ft_order_tag":"","cost":338.42982173},{"amount":2083.0,"safe_price":0.1542,"ft_order_side":"sell","order_filled_timestamp":1763402400000,"ft_is_entry":false,"ft_order_tag":"stop_loss","cost":321.51979859999994}],"funding_fees":0.0,"weekday":0},{"pair":"DOGE/USDT","stake_amount":332.34701,"max_stake_amount":332.34701,"amount":2369.0,"open_date":"2025-11-22 00:00:00+00:00","close_date":"2025-11-22 02:00:00+00:00","open_rate":0.14029,"close_rate":0.14136,"fee_open":0.001,"fee_close":0.001,"trade_duration":120,"profit_ratio":0.005613817360912664,"profit_abs":1.86760115,"exit_reason":"roi","initial_stop_loss_abs":0.13328,"initial_stop_loss_ratio":-0.05,"stop_loss_abs":0.13328,"stop_loss_ratio":-0.05,"min_rate":0.13852,"max_rate":0.14148,"is_open":false,"enter_tag":"","leverage":1.0,"is_short":false,"open_timestamp":1763769600000,"close_timestamp":1763776800000,"orders":[{"amount":2369.0,"safe_price":0.14029,"ft_order_side":"buy","order_filled_timestamp":1763769600000,"ft_is_entry":true,"ft_order_tag":"","cost":332.67935701},{"amount":2369.0,"safe_price":0.14136,"ft_order_side":"sell","order_filled_timestamp":1763776800000,"ft_is_entry":false,"ft_order_tag":"roi","cost":335.21672184}],"funding_fees":0.0,"weekday":5},{"pair":"DOGE/USDT","stake_amount":332.90964,"max_stake_amount":332.90964,"amount":2394.0,"open_date":"2025-11-22 07:00:00+00:00","close_date":"2025-11-22 09:00:00+00:00","open_rate":0.13906,"close_rate":0.13933839839839837,"fee_open":0.001,"fee_close":0.001,"trade_duration":120,"profit_ratio":0.0,"profit_abs":0.0,"exit_reason":"roi","initial_stop_loss_abs":0.13211,"initial_stop_loss_ratio":-0.05,"stop_loss_abs":0.13211,"stop_loss_ratio":-0.05,"min_rate":0.13549,"max_rate":0.14016,"is_open":false,"enter_tag":"","leverage":1.0,"is_short":false,"open_timestamp":1763794800000,"close_timestamp":1763802000000,"orders":[{"amount":2394.0,"safe_price":0.13906,"ft_order_side":"buy","order_filled_timestamp":1763794800000,"ft_is_entry":true,"ft_order_tag":"","cost":333.24254963999994},{"amount":2394.0,"safe_price":0.13933839839839837,"ft_order_side":"sell","order_filled_timestamp":1763802000000,"ft_is_entry":false,"ft_order_tag":"roi","cost":333.9097018915314}],"funding_fees":0.0,"weekday":5},{"pair":"DOGE/USDT","stake_amount":332.84237,"max_stake_amount":332.84237,"amount":2393.0,"open_date":"2025-11-22 15:00:00+00:00","close_date":"2025-11-22 17:00:00+00:00","open_rate":0.13909,"close_rate":0.13953,"fee_open":0.001,"fee_close":0.001,"trade_duration":120,"profit_ratio":0.0011590968525327574,"profit_abs":0.38618234,"exit_reason":"roi","initial_stop_loss_abs":0.13214,"initial_stop_loss_ratio":-0.05,"stop_loss_abs":0.13214,"stop_loss_ratio":-0.05,"min_rate":0.13729,"max_rate":0.13977,"is_open":false,"enter_tag":"","leverage":1.0,"is_short":false,"open_timestamp":1763823600000,"close_timestamp":1763830800000,"orders":[{"amount":2393.0,"safe_price":0.13909,"ft_order_side":"buy","order_filled_timestamp":1763823600000,"ft_is_entry":true,"ft_order_tag":"","cost":333.17521236999994},{"amount":2393.0,"safe_price":0.13953,"ft_order_side":"sell","order_filled_timestamp":1763830800000,"ft_is_entry":false,"ft_order_tag":"roi","cost":334.22918529}],"funding_fees":0.0,"weekday":5},{"pair":"DOGE/USDT","stake_amount":332.99043,"max_stake_amount":332.99043,"amount":2251.0,"open_date":"2025-11-24 06:00:00+00:00","close_date":"2025-11-24 10:00:00+00:00","open_rate":0.14793,"close_rate":0.14464,"fee_open":0.001,"fee_close":0.001,"trade_duration":240,"profit_ratio":-0.02419381470283924,"profit_abs":-8.06436507,"exit_reason":"exit_signal","initial_stop_loss_abs":0.14054,"initial_stop_loss_ratio":-0.05,"stop_loss_abs":0.14054,"stop_loss_ratio":-0.05,"min_rate":0.14395,"max_rate":0.14805,"is_open":false,"enter_tag":"","leverage":1.0,"is_short":false,"open_timestamp":1763964000000,"close_timestamp":1763978400000,"orders":[{"amount":2251.0,"safe_price":0.14793,"ft_order_side":"buy","order_filled_timestamp":1763964000000,"ft_is_entry":true,"ft_order_tag":"","cost":333.32342042999994},{"amount":2251.0,"safe_price":0.14464,"ft_order_side":"sell","order_filled_timestamp":1763978400000,"ft_is_entry":false,"ft_order_tag":"exit_signal","cost":325.91022463999997}],"funding_fees":0.0,"weekday":0},{"pair":"DOGE/USDT","stake_amount":330.30855,"max_stake_amount":330.30855,"amount":2145.0,"open_date":"2025-11-27 16:00:00+00:00","close_date":"2025-11-27 18:00:00+00:00","open_rate":0.15399,"close_rate":0.15429828828828826,"fee_open":0.001,"fee_close":0.001,"trade_duration":120,"profit_ratio":0.0,"profit_abs":0.0,"exit_reason":"roi","initial_stop_loss_abs":0.1463,"initial_stop_loss_ratio":-0.05,"stop_loss_abs":0.1463,"stop_loss_ratio":-0.05,"min_rate":0.15265,"max_rate":0.15442,"is_open":false,"enter_tag":"","leverage":1.0,"is_short":false,"open_timestamp":1764259200000,"close_timestamp":1764266400000,"orders":[{"amount":2145.0,"safe_price":0.15399,"ft_order_side":"buy","order_filled_timestamp":1764259200000,"ft_is_entry":true,"ft_order_tag":"","cost":330.63885854999995},{"amount":2145.0,"safe_price":0.15429828828828826,"ft_order_side":"sell","order_filled_timestamp":1764266400000,"ft_is_entry":false,"ft_order_tag":"roi","cost":331.30079820675667}],"funding_fees":0.0,"weekday":3},{"pair":"DOGE/USDT","stake_amount":330.43328,"max_stake_amount":330.43328,"amount":2144.0,"open_date":"2025-11-27 19:00:00+00:00","close_date":"2025-11-27 21:00:00+00:00","open_rate":0.15412,"close_rate":0.15442854854854854,"fee_open":0.001,"fee_close":0.001,"trade_duration":120,"profit_ratio":0.0,"profit_abs":0.0,"exit_reason":"roi","initial_stop_loss_abs":0.14642,"initial_stop_loss_ratio":-0.05,"stop_loss_abs":0.14642,"stop_loss_ratio":-0.05,"min_rate":0.1537,"max_rate":0.1548,"is_open":false,"enter_tag":"","leverage":1.0,"is_short":false,"open_timestamp":1764270000000,"close_timestamp":1764277200000,"orders":[{"amount":2144.0,"safe_price":0.15412,"ft_order_side":"buy","order_filled_timestamp":1764270000000,"ft_is_entry":true,"ft_order_tag":"","cost":330.76371328},{"amount":2144.0,"safe_price":0.15442854854854854,"ft_order_side":"sell","order_filled_timestamp":1764277200000,"ft_is_entry":false,"ft_order_tag":"roi","cost":331.4259028961761}],"funding_fees":0.0,"weekday":3},{"pair":"DOGE/USDT","stake_amount":330.43083,"max_stake_amount":330.43083,"amount":2157.0,"open_date":"2025-11-28 09:00:00+00:00","close_date":"2025-11-28 14:00:00+00:00","open_rate":0.15319,"close_rate":0.15349668668668665,"fee_open":0.001,"fee_close":0.001,"trade_duration":300,"profit_ratio":0.0,"profit_abs":0.0,"exit_reason":"roi","initial_stop_loss_abs":0.14554,"initial_stop_loss_ratio":-0.05,"stop_loss_abs":0.14554,"stop_loss_ratio":-0.05,"min_rate":0.14975,"max_rate":0.15395,"is_open":false,"enter_tag":"","leverage":1.0,"is_short":false,"open_timestamp":1764320400000,"close_timestamp":1764338400000,"orders":[{"amount":2157.0,"safe_price":0.15319,"ft_order_side":"buy","order_filled_timestamp":1764320400000,"ft_is_entry":true,"ft_order_tag":"","cost":330.7612608299999},{"amount":2157.0,"safe_price":0.15349668668668665,"ft_order_side":"sell","order_filled_timestamp":1764338400000,"ft_is_entry":false,"ft_order_tag":"roi","cost":331.4234455363662}],"funding_fees":0.0,"weekday":4},{"pair":"DOGE/USDT","stake_amount":330.33386,"max_stake_amount":330.33386,"amount":2209.0,"open_date":"2025-11-30 13:00:00+00:00","close_date":"2025-11-30 16:00:00+00:00","open_rate":0.14954,"close_rate":0.14983937937937936,"fee_open":0.001,"fee_close":0.001,"trade_duration":180,"profit_ratio":0.0,"profit_abs":0.0,"exit_reason":"roi","initial_stop_loss_abs":0.14207,"initial_stop_loss_ratio":-0.05,"stop_loss_abs":0.14207,"stop_loss_ratio":-0.05,"min_rate":0.14894,"max_rate":0.15059,"is_open":false,"enter_tag":"","leverage":1.0,"is_short":false,"open_timestamp":1764507600000,"close_timestamp":1764518400000,"orders":[{"amount":2209.0,"safe_price":0.14954,"ft_order_side":"buy","order_filled_timestamp":1764507600000,"ft_is_entry":true,"ft_order_tag":"","cost":330.66419385999995},{"amount":2209.0,"safe_price":0.14983937937937936,"ft_order_side":"sell","order_filled_timestamp":1764518400000,"ft_is_entry":false,"ft_order_tag":"roi","cost":331.326184238098}],"funding_fees":0.0,"weekday":6},{"pair":"DOGE/USDT","stake_amount":330.3216,"max_stake_amount":330.3216,"amount":2436.0,"open_date":"2025-12-02 10:00:00+00:00","close_date":"2025-12-02 12:00:00+00:00","open_rate":0.1356,"close_rate":0.137,"fee_open":0.001,"fee_close":0.001,"trade_duration":120,"profit_ratio":0.008305853438596803,"profit_abs":2.7463464,"exit_reason":"roi","initial_stop_loss_abs":0.12882,"initial_stop_loss_ratio":-0.05,"stop_loss_abs":0.12882,"stop_loss_ratio":-0.05,"min_rate":0.1355,"max_rate":0.13758,"is_open":false,"enter_tag":"","leverage":1.0,"is_short":false,"open_timestamp":1764669600000,"close_timestamp":1764676800000,"orders":[{"amount":2436.0,"safe_price":0.1356,"ft_order_side":"buy","order_filled_timestamp":1764669600000,"ft_is_entry":true,"ft_order_tag":"","cost":330.6519216},{"amount":2436.0,"safe_price":0.137,"ft_order_side":"sell","order_filled_timestamp":1764676800000,"ft_is_entry":false,"ft_order_tag":"roi","cost":334.06573199999997}],"funding_fees":0.0,"weekday":1},{"pair":"DOGE/USDT","stake_amount":331.32704,"max_stake_amount":331.32704,"amount":2189.0,"open_date":"2025-12-03 18:00:00+00:00","close_date":"2025-12-03 21:00:00+00:00","open_rate":0.15136,"close_rate":0.151663023023023,"fee_open":0.001,"fee_close":0.001,"trade_duration":180,"profit_ratio":0.0,"profit_abs":0.0,"exit_reason":"roi","initial_stop_loss_abs":0.1438,"initial_stop_loss_ratio":-0.05,"stop_loss_abs":0.1438,"stop_loss_ratio":-0.05,"min_rate":0.15014,"max_rate":0.15242,"is_open":false,"enter_tag":"","leverage":1.0,"is_short":false,"open_timestamp":1764784800000,"close_timestamp":1764795600000,"orders":[{"amount":2189.0,"safe_price":0.15136,"ft_order_side":"buy","order_filled_timestamp":1764784800000,"ft_is_entry":true,"ft_order_tag":"","cost":331.65836704},{"amount":2189.0,"safe_price":0.151663023023023,"ft_order_side":"sell","order_filled_timestamp":1764795600000,"ft_is_entry":false,"ft_order_tag":"roi","cost":332.32234775479475}],"funding_fees":0.0,"weekday":2},{"pair":"DOGE/USDT","stake_amount":331.2351,"max_stake_amount":331.2351,"amount":2205.0,"open_date":"2025-12-04 16:00:00+00:00","close_date":"2025-12-05 14:00:00+00:00","open_rate":0.15022,"close_rate":0.14271,"fee_open":0.001,"fee_close":0.001,"trade_duration":1320,"profit_ratio":-0.05189145829539918,"profit_abs":-17.20546065,"exit_reason":"stop_loss","initial_stop_loss_abs":0.14271,"initial_stop_loss_ratio":-0.05,"stop_loss_abs":0.14271,"stop_loss_ratio":-0.05,"min_rate":0.14182,"max_rate":0.15043,"is_open":false,"enter_tag":"","leverage":1.0,"is_short":false,"open_timestamp":1764864000000,"close_timestamp":1764943200000,"orders":[{"amount":2205.0,"safe_price":0.15022,"ft_order_side":"buy","order_filled_timestamp":1764864000000,"ft_is_entry":true,"ft_order_tag":"","cost":331.56633509999995},{"amount":2205.0,"safe_price":0.14271,"ft_order_side":"sell","order_filled_timestamp":1764943200000,"ft_is_entry":false,"ft_order_tag":"stop_loss","cost":314.99022554999993}],"funding_fees":0.0,"weekday":4},{"pair":"DOGE/USDT","stake_amount":325.6605,"max_stake_amount":325.6605,"amount":2322.0,"open_date":"2025-12-07 03:00:00+00:00","close_date":"2025-12-07 06:00:00+00:00","open_rate":0.14025,"close_rate":0.14053078078078077,"fee_open":0.001,"fee_close":0.001,"trade_duration":180,"profit_ratio":0.0,"profit_abs":0.0,"exit_reason":"roi","initial_stop_loss_abs":0.13324,"initial_stop_loss_ratio":-0.05,"stop_loss_abs":0.13324,"stop_loss_ratio":-0.05,"min_rate":0.13979,"max_rate":0.1409,"is_open":false,"enter_tag":"","leverage":1.0,"is_short":false,"open_timestamp":1765076400000,"close_timestamp":1765087200000,"orders":[{"amount":2322.0,"safe_price":0.14025,"ft_order_side":"buy","order_filled_timestamp":1765076400000,"ft_is_entry":true,"ft_order_tag":"","cost":325.9861605},{"amount":2322.0,"safe_price":0.14053078078078077,"ft_order_side":"sell","order_filled_timestamp":1765087200000,"ft_is_entry":false,"ft_order_tag":"roi","cost":326.63878544594587}],"funding_fees":0.0,"weekday":6},{"pair":"DOGE/USDT","stake_amount":325.60848,"max_stake_amount":325.60848,"amount":2264.0,"open_date":"2025-12-08 22:00:00+00:00","close_date":"2025-12-09 01:00:00+00:00","open_rate":0.14382,"close_rate":0.14171,"fee_open":0.001,"fee_close":0.001,"trade_duration":180,"profit_ratio":-0.01663980575119499,"profit_abs":-5.42347992,"exit_reason":"exit_signal","initial_stop_loss_abs":0.13663,"initial_stop_loss_ratio":-0.05,"stop_loss_abs":0.13663,"stop_loss_ratio":-0.05,"min_rate":0.14041,"max_rate":0.14394,"is_open":false,"enter_tag":"","leverage":1.0,"is_short":false,"open_timestamp":1765231200000,"close_timestamp":1765242000000,"orders":[{"amount":2264.0,"safe_price":0.14382,"ft_order_side":"buy","order_filled_timestamp":1765231200000,"ft_is_entry":true,"ft_order_tag":"","cost":325.93408847999996},{"amount":2264.0,"safe_price":0.14171,"ft_order_side":"sell","order_filled_timestamp":1765242000000,"ft_is_entry":false,"ft_order_tag":"exit_signal","cost":321.15227143999994}],"funding_fees":0.0,"weekday":1},{"pair":"DOGE/USDT","stake_amount":323.86013,"max_stake_amount":323.86013,"amount":2299.0,"open_date":"2025-12-09 12:00:00+00:00","close_date":"2025-12-09 14:00:00+00:00","open_rate":0.14087,"close_rate":0.14178,"fee_open":0.001,"fee_close":0.001,"trade_duration":120,"profit_ratio":0.004448947800974492,"profit_abs":1.44227765,"exit_reason":"roi","initial_stop_loss_abs":0.13383,"initial_stop_loss_ratio":-0.05,"stop_loss_abs":0.13383,"stop_loss_ratio":-0.05,"min_rate":0.14049,"max_rate":0.14244,"is_open":false,"enter_tag":"","leverage":1.0,"is_short":false,"open_timestamp":1765281600000,"close_timestamp":1765288800000,"orders":[{"amount":2299.0,"safe_price":0.14087,"ft_order_side":"buy","order_filled_timestamp":1765281600000,"ft_is_entry":true,"ft_order_tag":"","cost":324.1839901299999},{"amount":2299.0,"safe_price":0.14178,"ft_order_side":"sell","order_filled_timestamp":1765288800000,"ft_is_entry":false,"ft_order_tag":"roi","cost":326.27817221999993}],"funding_fees":0.0,"weekday":1},{"pair":"DOGE/USDT","stake_amount":324.31784,"max_stake_amount":324.31784,"amount":2584.0,"open_date":"2025-12-19 04:00:00+00:00","close_date":"2025-12-19 06:00:00+00:00","open_rate":0.12551,"close_rate":0.1257612712712713,"fee_open":0.001,"fee_close":0.001,"trade_duration":120,"profit_ratio":0.0,"profit_abs":0.0,"exit_reason":"roi","initial_stop_loss_abs":0.11924,"initial_stop_loss_ratio":-0.05,"stop_loss_abs":0.11924,"stop_loss_ratio":-0.05,"min_rate":0.12539,"max_rate":0.12673,"is_open":false,"enter_tag":"","leverage":1.0,"is_short":false,"open_timestamp":1766116800000,"close_timestamp":1766124000000,"orders":[{"amount":2584.0,"safe_price":0.12551,"ft_order_side":"buy","order_filled_timestamp":1766116800000,"ft_is_entry":true,"ft_order_tag":"","cost":324.64215784000004},{"amount":2584.0,"safe_price":0.1257612712712713,"ft_order_side":"sell","order_filled_timestamp":1766124000000,"ft_is_entry":false,"ft_order_tag":"roi","cost":325.29209208992995}],"funding_fees":0.0,"weekday":4},{"pair":"DOGE/USDT","stake_amount":324.32604,"max_stake_amount":324.32604,"amount":2452.0,"open_date":"2025-12-20 21:00:00+00:00","close_date":"2025-12-21 08:00:00+00:00","open_rate":0.13227,"close_rate":0.13253480480480478,"fee_open":0.001,"fee_close":0.001,"trade_duration":660,"profit_ratio":0.0,"profit_abs":0.0,"exit_reason":"roi","initial_stop_loss_abs":0.12566,"initial_stop_loss_ratio":-0.05,"stop_loss_abs":0.12566,"stop_loss_ratio":-0.05,"min_rate":0.13049,"max_rate":0.13307,"is_open":false,"enter_tag":"","leverage":1.0,"is_short":false,"open_timestamp":1766264400000,"close_timestamp":1766304000000,"orders":[{"amount":2452.0,"safe_price":0.13227,"ft_order_side":"buy","order_filled_timestamp":1766264400000,"ft_is_entry":true,"ft_order_tag":"","cost":324.65036603999994},{"amount":2452.0,"safe_price":0.13253480480480478,"ft_order_side":"sell","order_filled_timestamp":1766304000000,"ft_is_entry":false,"ft_order_tag":"roi","cost":325.30031672276266}],"funding_fees":0.0,"weekday":6},{"pair":"DOGE/USDT","stake_amount":324.32202,"max_stake_amount":324.32202,"amount":2442.0,"open_date":"2025-12-21 09:00:00+00:00","close_date":"2025-12-22 00:00:00+00:00","open_rate":0.13281,"close_rate":0.13307588588588587,"fee_open":0.001,"fee_close":0.001,"trade_duration":900,"profit_ratio":0.0,"profit_abs":0.0,"exit_reason":"roi","initial_stop_loss_abs":0.12617,"initial_stop_loss_ratio":-0.05,"stop_loss_abs":0.12617,"stop_loss_ratio":-0.05,"min_rate":0.12871,"max_rate":0.13424,"is_open":false,"enter_tag":"","leverage":1.0,"is_short":false,"open_timestamp":1766307600000,"close_timestamp":1766361600000,"orders":[{"amount":2442.0,"safe_price":0.13281,"ft_order_side":"buy","order_filled_timestamp":1766307600000,"ft_is_entry":true,"ft_order_tag":"","cost":324.64634201999996},{"amount":2442.0,"safe_price":0.13307588588588587,"ft_order_side":"sell","order_filled_timestamp":1766361600000,"ft_is_entry":false,"ft_order_tag":"roi","cost":325.2962846466666}],"funding_fees":0.0,"weekday":0},{"pair":"DOGE/USDT","stake_amount":324.328,"max_stake_amount":324.328,"amount":2272.0,"open_date":"2026-01-03 23:00:00+00:00","close_date":"2026-01-04 01:00:00+00:00","open_rate":0.14275,"close_rate":0.14634,"fee_open":0.001,"fee_close":0.001,"trade_duration":120,"profit_ratio":0.023100612172416025,"profit_abs":7.49966752,"exit_reason":"roi","initial_stop_loss_abs":0.13562,"initial_stop_loss_ratio":-0.05,"stop_loss_abs":0.13562,"stop_loss_ratio":-0.05,"min_rate":0.14271,"max_rate":0.14712,"is_open":false,"enter_tag":"","leverage":1.0,"is_short":false,"open_timestamp":1767481200000,"close_timestamp":1767488400000,"orders":[{"amount":2272.0,"safe_price":0.14275,"ft_order_side":"buy","order_filled_timestamp":1767481200000,"ft_is_entry":true,"ft_order_tag":"","cost":324.65232799999995},{"amount":2272.0,"safe_price":0.14634,"ft_order_side":"sell","order_filled_timestamp":1767488400000,"ft_is_entry":false,"ft_order_tag":"roi","cost":332.81696447999997}],"funding_fees":0.0,"weekday":6},{"pair":"DOGE/USDT","stake_amount":326.71775,"max_stake_amount":326.71775,"amount":2153.0,"open_date":"2026-01-05 02:00:00+00:00","close_date":"2026-01-05 17:00:00+00:00","open_rate":0.15175,"close_rate":0.1520538038038038,"fee_open":0.001,"fee_close":0.001,"trade_duration":900,"profit_ratio":0.0,"profit_abs":0.0,"exit_reason":"roi","initial_stop_loss_abs":0.14417,"initial_stop_loss_ratio":-0.05,"stop_loss_abs":0.14417,"stop_loss_ratio":-0.05,"min_rate":0.14581,"max_rate":0.15386,"is_open":false,"enter_tag":"","leverage":1.0,"is_short":false,"open_timestamp":1767578400000,"close_timestamp":1767632400000,"orders":[{"amount":2153.0,"safe_price":0.15175,"ft_order_side":"buy","order_filled_timestamp":1767578400000,"ft_is_entry":true,"ft_order_tag":"","cost":327.0444677499999},{"amount":2153.0,"safe_price":0.1520538038038038,"ft_order_side":"sell","order_filled_timestamp":1767632400000,"ft_is_entry":false,"ft_order_tag":"roi","cost":327.6992114291791}],"funding_fees":0.0,"weekday":0},{"pair":"DOGE/USDT","stake_amount":326.73816,"max_stake_amount":326.73816,"amount":2152.0,"open_date":"2026-01-06 13:00:00+00:00","close_date":"2026-01-06 15:00:00+00:00","open_rate":0.15183,"close_rate":0.15263,"fee_open":0.001,"fee_close":0.001,"trade_duration":120,"profit_ratio":0.0032605213399522826,"profit_abs":1.06640208,"exit_reason":"roi","initial_stop_loss_abs":0.14424,"initial_stop_loss_ratio":-0.05,"stop_loss_abs":0.14424,"stop_loss_ratio":-0.05,"min_rate":0.14913,"max_rate":0.15656,"is_open":false,"enter_tag":"","leverage":1.0,"is_short":false,"open_timestamp":1767704400000,"close_timestamp":1767711600000,"orders":[{"amount":2152.0,"safe_price":0.15183,"ft_order_side":"buy","order_filled_timestamp":1767704400000,"ft_is_entry":true,"ft_order_tag":"","cost":327.06489816},{"amount":2152.0,"safe_price":0.15263,"ft_order_side":"sell","order_filled_timestamp":1767711600000,"ft_is_entry":false,"ft_order_tag":"roi","cost":328.78821975999995}],"funding_fees":0.0,"weekday":1}],"locks":[],"best_pair":{"key":"DOGE/USDT","trades":37,"profit_mean":-0.0006584495839854621,"profit_mean_pct":-0.07,"profit_total_abs":-8.545143659999997,"profit_total":-0.008545143659999997,"profit_total_pct":-0.85,"duration_avg":"4:41:00","wins":12,"draws":20,"losses":5,"winrate":0.32432432432432434,"cagr":-0.031776738496550494,"expectancy":-0.23094982864864844,"expectancy_ratio":-0.5631177154782729,"sortino":-0.27760566337945486,"sharpe":-0.30970644923553076,"calmar":-3.9879120240379176,"sqn":-0.255,"profit_factor":0.8329289054607796,"max_drawdown_account":0.042203502751517304,"max_drawdown_abs":43.24559608},"worst_pair":{"key":"DOGE/USDT","trades":37,"profit_mean":-0.0006584495839854621,"profit_mean_pct":-0.07,"profit_total_abs":-8.545143659999997,"profit_total":-0.008545143659999997,"profit_total_pct":-0.85,"duration_avg":"4:41:00","wins":12,"draws":20,"losses":5,"winrate":0.32432432432432434,"cagr":-0.031776738496550494,"expectancy":-0.23094982864864844,"expectancy_ratio":-0.5631177154782729,"sortino":-0.27760566337945486,"sharpe":-0.30970644923553076,"calmar":-3.9879120240379176,"sqn":-0.255,"profit_factor":0.8329289054607796,"max_drawdown_account":0.042203502751517304,"max_drawdown_abs":43.24559608},"results_per_pair":[{"key":"DOGE/USDT","trades":37,"profit_mean":-0.0006584495839854621,"profit_mean_pct":-0.07,"profit_total_abs":-8.545143659999997,"profit_total":-0.008545143659999997,"profit_total_pct":-0.85,"duration_avg":"4:41:00","wins":12,"draws":20,"losses":5,"winrate":0.32432432432432434,"cagr":-0.031776738496550494,"expectancy":-0.23094982864864844,"expectancy_ratio":-0.5631177154782729,"sortino":-0.27760566337945486,"sharpe":-0.30970644923553076,"calmar":-3.9879120240379176,"sqn":-0.255,"profit_factor":0.8329289054607796,"max_drawdown_account":0.042203502751517304,"max_drawdown_abs":43.24559608},{"key":"TOTAL","trades":37,"profit_mean":-0.0006584495839854621,"profit_mean_pct":-0.07,"profit_total_abs":-8.545143659999997,"profit_total":-0.008545143659999997,"profit_total_pct":-0.85,"duration_avg":"4:41:00","wins":12,"draws":20,"losses":5,"winrate":0.32432432432432434,"cagr":-0.031776738496550494,"expectancy":-0.23094982864864844,"expectancy_ratio":-0.5631177154782729,"sortino":-0.27760566337945486,"sharpe":-0.30970644923553076,"calmar":-3.9879120240379176,"sqn":-0.255,"profit_factor":0.8329289054607796,"max_drawdown_account":0.042203502751517304,"max_drawdown_abs":43.24559608}],"results_per_enter_tag":[{"key":"","trades":37,"profit_mean":-0.0006584495839854621,"profit_mean_pct":-0.07,"profit_total_abs":-8.545143659999997,"profit_total":-0.008545143659999997,"profit_total_pct":-0.85,"duration_avg":"4:41:00","wins":12,"draws":20,"losses":5,"winrate":0.32432432432432434,"cagr":-0.031776738496550494,"expectancy":-0.23094982864864844,"expectancy_ratio":-0.5631177154782729,"sortino":-0.27760566337945486,"sharpe":-0.30970644923553076,"calmar":-3.9879120240379176,"sqn":-0.255,"profit_factor":0.8329289054607796,"max_drawdown_account":0.042203502751517304,"max_drawdown_abs":43.24559608},{"key":"TOTAL","trades":37,"profit_mean":-0.0006584495839854621,"profit_mean_pct":-0.07,"profit_total_abs":-8.545143659999997,"profit_total":-0.008545143659999997,"profit_total_pct":-0.85,"duration_avg":"4:41:00","wins":12,"draws":20,"losses":5,"winrate":0.32432432432432434,"cagr":-0.031776738496550494,"expectancy":-0.23094982864864844,"expectancy_ratio":-0.5631177154782729,"sortino":-0.27760566337945486,"sharpe":-0.30970644923553076,"calmar":-3.9879120240379176,"sqn":-0.255,"profit_factor":0.8329289054607796,"max_drawdown_account":0.042203502751517304,"max_drawdown_abs":43.24559608}],"exit_reason_summary":[{"key":"roi","trades":32,"profit_mean":0.0040292598347176686,"profit_mean_pct":0.4,"profit_total_abs":42.60160727,"profit_total":0.04260160727,"profit_total_pct":4.26,"duration_avg":"4:21:00","wins":12,"draws":20,"losses":0,"winrate":0.375,"cagr":0.16997733142985427,"expectancy":1.3313002271875003,"expectancy_ratio":100.0,"sortino":-100,"sharpe":2.609124824251786,"calmar":-100,"sqn":2.3049,"profit_factor":0.0,"max_drawdown_account":0.0,"max_drawdown_abs":0.0},{"key":"exit_signal","trades":3,"profit_mean":-0.016514402398405965,"profit_mean_pct":-1.65,"profit_total_abs":-16.38886995,"profit_total":-0.01638886995,"profit_total_pct":-1.64,"duration_avg":"3:00:00","wins":0,"draws":0,"losses":3,"winrate":0.0,"cagr":-0.06028664865610456,"expectancy":-5.46295665,"expectancy_ratio":-1.0,"sortino":-1.531195071323333,"sharpe":-1.531195071323333,"calmar":-19.695848633549325,"sqn":-3.6648,"profit_factor":0.0,"max_drawdown_account":0.016388869949999958,"max_drawdown_abs":16.38886995},{"key":"stop_loss","trades":2,"profit_mean":-0.0518778710616048,"profit_mean_pct":-5.19,"profit_total_abs":-34.757880979999996,"profit_total":-0.034757880979999996,"profit_total_pct":-3.48,"duration_avg":"12:30:00","wins":0,"draws":0,"losses":2,"winrate":0.0,"cagr":-0.12463736407098214,"expectancy":-17.378940489999998,"expectancy_ratio":-1.0,"sortino":-39.46198950869479,"sharpe":-39.46198950869479,"calmar":-19.695848633549282,"sqn":-100.1784,"profit_factor":0.0,"max_drawdown_account":0.03475788097999998,"max_drawdown_abs":34.757880979999996},{"key":"TOTAL","trades":37,"profit_mean":-0.0006584495839854621,"profit_mean_pct":-0.07,"profit_total_abs":-8.545143659999997,"profit_total":-0.008545143659999997,"profit_total_pct":-0.85,"duration_avg":"4:41:00","wins":12,"draws":20,"losses":5,"winrate":0.32432432432432434,"cagr":-0.031776738496550494,"expectancy":-0.23094982864864844,"expectancy_ratio":-0.5631177154782729,"sortino":-0.27760566337945486,"sharpe":-0.30970644923553076,"calmar":-3.9879120240379176,"sqn":-0.255,"profit_factor":0.8329289054607796,"max_drawdown_account":0.042203502751517304,"max_drawdown_abs":43.24559608}],"mix_tag_stats":[{"key":["","roi"],"trades":32,"profit_mean":0.0040292598347176686,"profit_mean_pct":0.4,"profit_total_abs":42.60160727,"profit_total":0.04260160727,"profit_total_pct":4.26,"duration_avg":"4:21:00","wins":12,"draws":20,"losses":0,"winrate":0.375,"cagr":0.16997733142985427,"expectancy":1.3313002271875003,"expectancy_ratio":100.0,"sortino":-100,"sharpe":2.609124824251786,"calmar":-100,"sqn":2.3049,"profit_factor":0.0,"max_drawdown_account":0.0,"max_drawdown_abs":0.0},{"key":["","exit_signal"],"trades":3,"profit_mean":-0.016514402398405965,"profit_mean_pct":-1.65,"profit_total_abs":-16.38886995,"profit_total":-0.01638886995,"profit_total_pct":-1.64,"duration_avg":"3:00:00","wins":0,"draws":0,"losses":3,"winrate":0.0,"cagr":-0.06028664865610456,"expectancy":-5.46295665,"expectancy_ratio":-1.0,"sortino":-1.531195071323333,"sharpe":-1.531195071323333,"calmar":-19.695848633549325,"sqn":-3.6648,"profit_factor":0.0,"max_drawdown_account":0.016388869949999958,"max_drawdown_abs":16.38886995},{"key":["","stop_loss"],"trades":2,"profit_mean":-0.0518778710616048,"profit_mean_pct":-5.19,"profit_total_abs":-34.757880979999996,"profit_total":-0.034757880979999996,"profit_total_pct":-3.48,"duration_avg":"12:30:00","wins":0,"draws":0,"losses":2,"winrate":0.0,"cagr":-0.12463736407098214,"expectancy":-17.378940489999998,"expectancy_ratio":-1.0,"sortino":-39.46198950869479,"sharpe":-39.46198950869479,"calmar":-19.695848633549282,"sqn":-100.1784,"profit_factor":0.0,"max_drawdown_account":0.03475788097999998,"max_drawdown_abs":34.757880979999996},{"key":"TOTAL","trades":37,"profit_mean":-0.0006584495839854621,"profit_mean_pct":-0.07,"profit_total_abs":-8.545143659999997,"profit_total":-0.008545143659999997,"profit_total_pct":-0.85,"duration_avg":"4:41:00","wins":12,"draws":20,"losses":5,"winrate":0.32432432432432434,"cagr":-0.031776738496550494,"expectancy":-0.23094982864864844,"expectancy_ratio":-0.5631177154782729,"sortino":-0.27760566337945486,"sharpe":-0.30970644923553076,"calmar":-3.9879120240379176,"sqn":-0.255,"profit_factor":0.8329289054607796,"max_drawdown_account":0.042203502751517304,"max_drawdown_abs":43.24559608}],"left_open_trades":[{"key":"TOTAL","trades":0,"profit_mean":0.0,"profit_mean_pct":0.0,"profit_total_abs":0.0,"profit_total":0.0,"profit_total_pct":0.0,"duration_avg":"0:00","wins":0,"draws":0,"losses":0,"winrate":0.0,"cagr":0.0,"expectancy":0.0,"expectancy_ratio":100.0,"sortino":0,"sharpe":0,"calmar":0,"sqn":0.0,"profit_factor":0.0,"max_drawdown_account":0.0,"max_drawdown_abs":0.0}],"total_trades":37,"trade_count_long":37,"trade_count_short":0,"total_volume":24517.792655051388,"avg_stake_amount":330.77501621621616,"profit_mean":-0.0006584495839854621,"profit_median":0.0,"profit_total":-0.008545143659999997,"profit_total_long":-0.008545143659999997,"profit_total_short":0.0,"profit_total_abs":-8.545143659999997,"profit_total_long_abs":-8.545143659999997,"profit_total_short_abs":0.0,"cagr":-0.031776738496550494,"expectancy":-0.23094982864864844,"expectancy_ratio":-0.5631177154782729,"sortino":-0.27760566337945486,"sharpe":-0.30970644923553076,"calmar":-3.9879120240379176,"sqn":-0.255,"profit_factor":0.8329289054607796,"backtest_start":"2025-10-01 00:00:00","backtest_start_ts":1759276800000,"backtest_end":"2026-01-06 20:00:00","backtest_end_ts":1767729600000,"backtest_days":97,"backtest_run_start_ts":1767744067,"backtest_run_end_ts":1767744067,"trades_per_day":0.38,"market_change":-0.36632086436227446,"pairlist":["DOGE/USDT"],"stake_amount":"unlimited","stake_currency":"USDT","stake_currency_decimals":3,"starting_balance":1000,"dry_run_wallet":1000,"final_balance":991.45485634,"rejected_signals":0,"timedout_entry_orders":0,"timedout_exit_orders":0,"canceled_trade_entries":0,"canceled_entry_orders":0,"replaced_entry_orders":0,"max_open_trades":1,"max_open_trades_setting":3,"timeframe":"1h","timeframe_detail":"","timerange":"20251001-","enable_protections":false,"strategy_name":"ACO_15_12","freqaimodel":null,"freqai_identifier":null,"stoploss":-0.05,"trailing_stop":false,"trailing_stop_positive":null,"trailing_stop_positive_offset":0.0,"trailing_only_offset_is_reached":false,"use_custom_stoploss":false,"minimal_roi":{"0":0.1,"60":0.05,"120":0.0},"use_exit_signal":true,"exit_profit_only":false,"exit_profit_offset":0.0,"ignore_roi_if_entry_signal":false,"trading_mode":"spot","margin_mode":"","periodic_breakdown":{"day":[{"date":"09/10/2025","date_ts":1759968000000,"profit_abs":0.0,"wins":0,"draws":1,"losses":0,"trades":1,"profit_factor":0.0},{"date":"10/10/2025","date_ts":1760054400000,"profit_abs":0.0,"wins":0,"draws":0,"losses":0,"trades":0,"profit_factor":0.0},{"date":"11/10/2025","date_ts":1760140800000,"profit_abs":0.0,"wins":0,"draws":0,"losses":0,"trades":0,"profit_factor":0.0},{"date":"12/10/2025","date_ts":1760227200000,"profit_abs":0.0,"wins":0,"draws":0,"losses":0,"trades":0,"profit_factor":0.0},{"date":"13/10/2025","date_ts":1760313600000,"profit_abs":0.0,"wins":0,"draws":0,"losses":0,"trades":0,"profit_factor":0.0},{"date":"14/10/2025","date_ts":1760400000000,"profit_abs":0.0,"wins":0,"draws":0,"losses":0,"trades":0,"profit_factor":0.0},{"date":"15/10/2025","date_ts":1760486400000,"profit_abs":0.0507738,"wins":1,"draws":0,"losses":0,"trades":1,"profit_factor":0.0},{"date":"16/10/2025","date_ts":1760572800000,"profit_abs":0.0,"wins":0,"draws":0,"losses":0,"trades":0,"profit_factor":0.0},{"date":"17/10/2025","date_ts":1760659200000,"profit_abs":0.0,"wins":0,"draws":0,"losses":0,"trades":0,"profit_factor":0.0},{"date":"18/10/2025","date_ts":1760745600000,"profit_abs":0.0,"wins":0,"draws":0,"losses":0,"trades":0,"profit_factor":0.0},{"date":"19/10/2025","date_ts":1760832000000,"profit_abs":5.31278792,"wins":1,"draws":1,"losses":0,"trades":2,"profit_factor":0.0},{"date":"20/10/2025","date_ts":1760918400000,"profit_abs":2.91283425,"wins":1,"draws":0,"losses":0,"trades":1,"profit_factor":0.0},{"date":"21/10/2025","date_ts":1761004800000,"profit_abs":0.0,"wins":0,"draws":0,"losses":0,"trades":0,"profit_factor":0.0},{"date":"22/10/2025","date_ts":1761091200000,"profit_abs":0.0,"wins":0,"draws":0,"losses":0,"trades":0,"profit_factor":0.0},{"date":"23/10/2025","date_ts":1761177600000,"profit_abs":0.0,"wins":0,"draws":0,"losses":0,"trades":0,"profit_factor":0.0},{"date":"24/10/2025","date_ts":1761264000000,"profit_abs":0.578952,"wins":1,"draws":0,"losses":0,"trades":1,"profit_factor":0.0},{"date":"25/10/2025","date_ts":1761350400000,"profit_abs":0.0,"wins":0,"draws":0,"losses":0,"trades":0,"profit_factor":0.0},{"date":"26/10/2025","date_ts":1761436800000,"profit_abs":0.0,"wins":0,"draws":0,"losses":0,"trades":0,"profit_factor":0.0},{"date":"27/10/2025","date_ts":1761523200000,"profit_abs":0.0,"wins":0,"draws":0,"losses":0,"trades":0,"profit_factor":0.0},{"date":"28/10/2025","date_ts":1761609600000,"profit_abs":0.0,"wins":0,"draws":0,"losses":0,"trades":0,"profit_factor":0.0},{"date":"29/10/2025","date_ts":1761696000000,"profit_abs":0.0,"wins":0,"draws":1,"losses":0,"trades":1,"profit_factor":0.0},{"date":"30/10/2025","date_ts":1761782400000,"profit_abs":0.0,"wins":0,"draws":0,"losses":0,"trades":0,"profit_factor":0.0},{"date":"31/10/2025","date_ts":1761868800000,"profit_abs":0.0,"wins":0,"draws":0,"losses":0,"trades":0,"profit_factor":0.0},{"date":"01/11/2025","date_ts":1761955200000,"profit_abs":0.0,"wins":0,"draws":2,"losses":0,"trades":2,"profit_factor":0.0},{"date":"02/11/2025","date_ts":1762041600000,"profit_abs":-2.90102496,"wins":0,"draws":1,"losses":1,"trades":2,"profit_factor":0.0},{"date":"03/11/2025","date_ts":1762128000000,"profit_abs":0.0,"wins":0,"draws":0,"losses":0,"trades":0,"profit_factor":0.0},{"date":"04/11/2025","date_ts":1762214400000,"profit_abs":0.0,"wins":0,"draws":0,"losses":0,"trades":0,"profit_factor":0.0},{"date":"05/11/2025","date_ts":1762300800000,"profit_abs":0.0,"wins":0,"draws":0,"losses":0,"trades":0,"profit_factor":0.0},{"date":"06/11/2025","date_ts":1762387200000,"profit_abs":0.0,"wins":0,"draws":0,"losses":0,"trades":0,"profit_factor":0.0},{"date":"07/11/2025","date_ts":1762473600000,"profit_abs":16.594635,"wins":1,"draws":0,"losses":0,"trades":1,"profit_factor":0.0},{"date":"08/11/2025","date_ts":1762560000000,"profit_abs":0.0,"wins":0,"draws":0,"losses":0,"trades":0,"profit_factor":0.0},{"date":"09/11/2025","date_ts":1762646400000,"profit_abs":0.0,"wins":0,"draws":1,"losses":0,"trades":1,"profit_factor":0.0},{"date":"10/11/2025","date_ts":1762732800000,"profit_abs":0.0,"wins":0,"draws":0,"losses":0,"trades":0,"profit_factor":0.0},{"date":"11/11/2025","date_ts":1762819200000,"profit_abs":0.0,"wins":0,"draws":1,"losses":0,"trades":1,"profit_factor":0.0},{"date":"12/11/2025","date_ts":1762905600000,"profit_abs":0.0,"wins":0,"draws":0,"losses":0,"trades":0,"profit_factor":0.0},{"date":"13/11/2025","date_ts":1762992000000,"profit_abs":0.0,"wins":0,"draws":0,"losses":0,"trades":0,"profit_factor":0.0},{"date":"14/11/2025","date_ts":1763078400000,"profit_abs":2.14314716,"wins":1,"draws":0,"losses":0,"trades":1,"profit_factor":0.0},{"date":"15/11/2025","date_ts":1763164800000,"profit_abs":0.0,"wins":0,"draws":0,"losses":0,"trades":0,"profit_factor":0.0},{"date":"16/11/2025","date_ts":1763251200000,"profit_abs":0.0,"wins":0,"draws":1,"losses":0,"trades":1,"profit_factor":0.0},{"date":"17/11/2025","date_ts":1763337600000,"profit_abs":-17.55242033,"wins":0,"draws":0,"losses":1,"trades":1,"profit_factor":0.0},{"date":"18/11/2025","date_ts":1763424000000,"profit_abs":0.0,"wins":0,"draws":0,"losses":0,"trades":0,"profit_factor":0.0},{"date":"19/11/2025","date_ts":1763510400000,"profit_abs":0.0,"wins":0,"draws":0,"losses":0,"trades":0,"profit_factor":0.0},{"date":"20/11/2025","date_ts":1763596800000,"profit_abs":0.0,"wins":0,"draws":0,"losses":0,"trades":0,"profit_factor":0.0},{"date":"21/11/2025","date_ts":1763683200000,"profit_abs":0.0,"wins":0,"draws":0,"losses":0,"trades":0,"profit_factor":0.0},{"date":"22/11/2025","date_ts":1763769600000,"profit_abs":2.25378349,"wins":2,"draws":1,"losses":0,"trades":3,"profit_factor":0.0},{"date":"23/11/2025","date_ts":1763856000000,"profit_abs":0.0,"wins":0,"draws":0,"losses":0,"trades":0,"profit_factor":0.0},{"date":"24/11/2025","date_ts":1763942400000,"profit_abs":-8.06436507,"wins":0,"draws":0,"losses":1,"trades":1,"profit_factor":0.0},{"date":"25/11/2025","date_ts":1764028800000,"profit_abs":0.0,"wins":0,"draws":0,"losses":0,"trades":0,"profit_factor":0.0},{"date":"26/11/2025","date_ts":1764115200000,"profit_abs":0.0,"wins":0,"draws":0,"losses":0,"trades":0,"profit_factor":0.0},{"date":"27/11/2025","date_ts":1764201600000,"profit_abs":0.0,"wins":0,"draws":2,"losses":0,"trades":2,"profit_factor":0.0},{"date":"28/11/2025","date_ts":1764288000000,"profit_abs":0.0,"wins":0,"draws":1,"losses":0,"trades":1,"profit_factor":0.0},{"date":"29/11/2025","date_ts":1764374400000,"profit_abs":0.0,"wins":0,"draws":0,"losses":0,"trades":0,"profit_factor":0.0},{"date":"30/11/2025","date_ts":1764460800000,"profit_abs":0.0,"wins":0,"draws":1,"losses":0,"trades":1,"profit_factor":0.0},{"date":"01/12/2025","date_ts":1764547200000,"profit_abs":0.0,"wins":0,"draws":0,"losses":0,"trades":0,"profit_factor":0.0},{"date":"02/12/2025","date_ts":1764633600000,"profit_abs":2.7463464,"wins":1,"draws":0,"losses":0,"trades":1,"profit_factor":0.0},{"date":"03/12/2025","date_ts":1764720000000,"profit_abs":0.0,"wins":0,"draws":1,"losses":0,"trades":1,"profit_factor":0.0},{"date":"04/12/2025","date_ts":1764806400000,"profit_abs":0.0,"wins":0,"draws":0,"losses":0,"trades":0,"profit_factor":0.0},{"date":"05/12/2025","date_ts":1764892800000,"profit_abs":-17.20546065,"wins":0,"draws":0,"losses":1,"trades":1,"profit_factor":0.0},{"date":"06/12/2025","date_ts":1764979200000,"profit_abs":0.0,"wins":0,"draws":0,"losses":0,"trades":0,"profit_factor":0.0},{"date":"07/12/2025","date_ts":1765065600000,"profit_abs":0.0,"wins":0,"draws":1,"losses":0,"trades":1,"profit_factor":0.0},{"date":"08/12/2025","date_ts":1765152000000,"profit_abs":0.0,"wins":0,"draws":0,"losses":0,"trades":0,"profit_factor":0.0},{"date":"09/12/2025","date_ts":1765238400000,"profit_abs":-3.98120227,"wins":1,"draws":0,"losses":1,"trades":2,"profit_factor":0.26593215},{"date":"10/12/2025","date_ts":1765324800000,"profit_abs":0.0,"wins":0,"draws":0,"losses":0,"trades":0,"profit_factor":0.0},{"date":"11/12/2025","date_ts":1765411200000,"profit_abs":0.0,"wins":0,"draws":0,"losses":0,"trades":0,"profit_factor":0.0},{"date":"12/12/2025","date_ts":1765497600000,"profit_abs":0.0,"wins":0,"draws":0,"losses":0,"trades":0,"profit_factor":0.0},{"date":"13/12/2025","date_ts":1765584000000,"profit_abs":0.0,"wins":0,"draws":0,"losses":0,"trades":0,"profit_factor":0.0},{"date":"14/12/2025","date_ts":1765670400000,"profit_abs":0.0,"wins":0,"draws":0,"losses":0,"trades":0,"profit_factor":0.0},{"date":"15/12/2025","date_ts":1765756800000,"profit_abs":0.0,"wins":0,"draws":0,"losses":0,"trades":0,"profit_factor":0.0},{"date":"16/12/2025","date_ts":1765843200000,"profit_abs":0.0,"wins":0,"draws":0,"losses":0,"trades":0,"profit_factor":0.0},{"date":"17/12/2025","date_ts":1765929600000,"profit_abs":0.0,"wins":0,"draws":0,"losses":0,"trades":0,"profit_factor":0.0},{"date":"18/12/2025","date_ts":1766016000000,"profit_abs":0.0,"wins":0,"draws":0,"losses":0,"trades":0,"profit_factor":0.0},{"date":"19/12/2025","date_ts":1766102400000,"profit_abs":0.0,"wins":0,"draws":1,"losses":0,"trades":1,"profit_factor":0.0},{"date":"20/12/2025","date_ts":1766188800000,"profit_abs":0.0,"wins":0,"draws":0,"losses":0,"trades":0,"profit_factor":0.0},{"date":"21/12/2025","date_ts":1766275200000,"profit_abs":0.0,"wins":0,"draws":1,"losses":0,"trades":1,"profit_factor":0.0},{"date":"22/12/2025","date_ts":1766361600000,"profit_abs":0.0,"wins":0,"draws":1,"losses":0,"trades":1,"profit_factor":0.0},{"date":"23/12/2025","date_ts":1766448000000,"profit_abs":0.0,"wins":0,"draws":0,"losses":0,"trades":0,"profit_factor":0.0},{"date":"24/12/2025","date_ts":1766534400000,"profit_abs":0.0,"wins":0,"draws":0,"losses":0,"trades":0,"profit_factor":0.0},{"date":"25/12/2025","date_ts":1766620800000,"profit_abs":0.0,"wins":0,"draws":0,"losses":0,"trades":0,"profit_factor":0.0},{"date":"26/12/2025","date_ts":1766707200000,"profit_abs":0.0,"wins":0,"draws":0,"losses":0,"trades":0,"profit_factor":0.0},{"date":"27/12/2025","date_ts":1766793600000,"profit_abs":0.0,"wins":0,"draws":0,"losses":0,"trades":0,"profit_factor":0.0},{"date":"28/12/2025","date_ts":1766880000000,"profit_abs":0.0,"wins":0,"draws":0,"losses":0,"trades":0,"profit_factor":0.0},{"date":"29/12/2025","date_ts":1766966400000,"profit_abs":0.0,"wins":0,"draws":0,"losses":0,"trades":0,"profit_factor":0.0},{"date":"30/12/2025","date_ts":1767052800000,"profit_abs":0.0,"wins":0,"draws":0,"losses":0,"trades":0,"profit_factor":0.0},{"date":"31/12/2025","date_ts":1767139200000,"profit_abs":0.0,"wins":0,"draws":0,"losses":0,"trades":0,"profit_factor":0.0},{"date":"01/01/2026","date_ts":1767225600000,"profit_abs":0.0,"wins":0,"draws":0,"losses":0,"trades":0,"profit_factor":0.0},{"date":"02/01/2026","date_ts":1767312000000,"profit_abs":0.0,"wins":0,"draws":0,"losses":0,"trades":0,"profit_factor":0.0},{"date":"03/01/2026","date_ts":1767398400000,"profit_abs":0.0,"wins":0,"draws":0,"losses":0,"trades":0,"profit_factor":0.0},{"date":"04/01/2026","date_ts":1767484800000,"profit_abs":7.49966752,"wins":1,"draws":0,"losses":0,"trades":1,"profit_factor":0.0},{"date":"05/01/2026","date_ts":1767571200000,"profit_abs":0.0,"wins":0,"draws":1,"losses":0,"trades":1,"profit_factor":0.0},{"date":"06/01/2026","date_ts":1767657600000,"profit_abs":1.06640208,"wins":1,"draws":0,"losses":0,"trades":1,"profit_factor":0.0}],"week":[{"date":"13/10/2025","date_ts":1760313600000,"profit_abs":0.0,"wins":0,"draws":1,"losses":0,"trades":1,"profit_factor":0.0},{"date":"20/10/2025","date_ts":1760918400000,"profit_abs":8.27639597,"wins":3,"draws":1,"losses":0,"trades":4,"profit_factor":0.0},{"date":"27/10/2025","date_ts":1761523200000,"profit_abs":0.578952,"wins":1,"draws":0,"losses":0,"trades":1,"profit_factor":0.0},{"date":"03/11/2025","date_ts":1762128000000,"profit_abs":-2.90102496,"wins":0,"draws":4,"losses":1,"trades":5,"profit_factor":0.0},{"date":"10/11/2025","date_ts":1762732800000,"profit_abs":16.594635,"wins":1,"draws":1,"losses":0,"trades":2,"profit_factor":0.0},{"date":"17/11/2025","date_ts":1763337600000,"profit_abs":-15.40927317,"wins":1,"draws":2,"losses":1,"trades":4,"profit_factor":0.12209981},{"date":"24/11/2025","date_ts":1763942400000,"profit_abs":-5.81058158,"wins":2,"draws":1,"losses":1,"trades":4,"profit_factor":0.27947439},{"date":"01/12/2025","date_ts":1764547200000,"profit_abs":0.0,"wins":0,"draws":4,"losses":0,"trades":4,"profit_factor":0.0},{"date":"08/12/2025","date_ts":1765152000000,"profit_abs":-14.45911425,"wins":1,"draws":2,"losses":1,"trades":4,"profit_factor":0.15962063},{"date":"15/12/2025","date_ts":1765756800000,"profit_abs":-3.98120227,"wins":1,"draws":0,"losses":1,"trades":2,"profit_factor":0.26593215},{"date":"22/12/2025","date_ts":1766361600000,"profit_abs":0.0,"wins":0,"draws":3,"losses":0,"trades":3,"profit_factor":0.0},{"date":"29/12/2025","date_ts":1766966400000,"profit_abs":0.0,"wins":0,"draws":0,"losses":0,"trades":0,"profit_factor":0.0},{"date":"05/01/2026","date_ts":1767571200000,"profit_abs":7.49966752,"wins":1,"draws":1,"losses":0,"trades":2,"profit_factor":0.0},{"date":"12/01/2026","date_ts":1768176000000,"profit_abs":1.06640208,"wins":1,"draws":0,"losses":0,"trades":1,"profit_factor":0.0}],"month":[{"date":"31/10/2025","date_ts":1761868800000,"profit_abs":8.85534797,"wins":4,"draws":3,"losses":0,"trades":7,"profit_factor":0.0},{"date":"30/11/2025","date_ts":1764460800000,"profit_abs":-7.52624471,"wins":4,"draws":11,"losses":3,"trades":18,"profit_factor":0.73608616},{"date":"31/12/2025","date_ts":1767139200000,"profit_abs":-18.44031652,"wins":2,"draws":5,"losses":2,"trades":9,"profit_factor":0.18510032},{"date":"31/01/2026","date_ts":1769817600000,"profit_abs":8.5660696,"wins":2,"draws":1,"losses":0,"trades":3,"profit_factor":0.0}],"year":[{"date":"31/12/2025","date_ts":1767139200000,"profit_abs":-17.11121326,"wins":10,"draws":19,"losses":5,"trades":34,"profit_factor":0.66544868},{"date":"31/12/2026","date_ts":1798675200000,"profit_abs":8.5660696,"wins":2,"draws":1,"losses":0,"trades":3,"profit_factor":0.0}],"weekday":[{"date":"Monday","date_ts":0,"profit_abs":-22.70395115,"wins":1,"draws":2,"losses":2,"trades":5,"profit_factor":0.11370803},{"date":"Tuesday","date_ts":1,"profit_abs":-0.16845379,"wins":3,"draws":1,"losses":1,"trades":5,"profit_factor":0.96893991},{"date":"Wednesday","date_ts":2,"profit_abs":0.0507738,"wins":1,"draws":2,"losses":0,"trades":3,"profit_factor":0.0},{"date":"Thursday","date_ts":3,"profit_abs":0.0,"wins":0,"draws":3,"losses":0,"trades":3,"profit_factor":0.0},{"date":"Friday","date_ts":4,"profit_abs":2.11127351,"wins":3,"draws":2,"losses":1,"trades":6,"profit_factor":1.1227095},{"date":"Saturday","date_ts":5,"profit_abs":2.25378349,"wins":2,"draws":3,"losses":0,"trades":5,"profit_factor":0.0},{"date":"Sunday","date_ts":6,"profit_abs":9.91143048,"wins":2,"draws":7,"losses":1,"trades":10,"profit_factor":4.41652713}]},"backtest_best_day":0.04995004995004995,"backtest_worst_day":-0.05189145829539918,"backtest_best_day_abs":16.594635,"backtest_worst_day_abs":-17.55242033,"winning_days":10,"draw_days":75,"losing_days":5,"daily_profit":[["2025-10-09",0.0],["2025-10-10",0.0],["2025-10-11",0.0],["2025-10-12",0.0],["2025-10-13",0.0],["2025-10-14",0.0],["2025-10-15",0.0507738],["2025-10-16",0.0],["2025-10-17",0.0],["2025-10-18",0.0],["2025-10-19",5.31278792],["2025-10-20",2.91283425],["2025-10-21",0.0],["2025-10-22",0.0],["2025-10-23",0.0],["2025-10-24",0.578952],["2025-10-25",0.0],["2025-10-26",0.0],["2025-10-27",0.0],["2025-10-28",0.0],["2025-10-29",0.0],["2025-10-30",0.0],["2025-10-31",0.0],["2025-11-01",0.0],["2025-11-02",-2.90102496],["2025-11-03",0.0],["2025-11-04",0.0],["2025-11-05",0.0],["2025-11-06",0.0],["2025-11-07",16.594635],["2025-11-08",0.0],["2025-11-09",0.0],["2025-11-10",0.0],["2025-11-11",0.0],["2025-11-12",0.0],["2025-11-13",0.0],["2025-11-14",2.14314716],["2025-11-15",0.0],["2025-11-16",0.0],["2025-11-17",-17.55242033],["2025-11-18",0.0],["2025-11-19",0.0],["2025-11-20",0.0],["2025-11-21",0.0],["2025-11-22",2.25378349],["2025-11-23",0.0],["2025-11-24",-8.06436507],["2025-11-25",0.0],["2025-11-26",0.0],["2025-11-27",0.0],["2025-11-28",0.0],["2025-11-29",0.0],["2025-11-30",0.0],["2025-12-01",0.0],["2025-12-02",2.7463464],["2025-12-03",0.0],["2025-12-04",0.0],["2025-12-05",-17.20546065],["2025-12-06",0.0],["2025-12-07",0.0],["2025-12-08",0.0],["2025-12-09",-3.98120227],["2025-12-10",0.0],["2025-12-11",0.0],["2025-12-12",0.0],["2025-12-13",0.0],["2025-12-14",0.0],["2025-12-15",0.0],["2025-12-16",0.0],["2025-12-17",0.0],["2025-12-18",0.0],["2025-12-19",0.0],["2025-12-20",0.0],["2025-12-21",0.0],["2025-12-22",0.0],["2025-12-23",0.0],["2025-12-24",0.0],["2025-12-25",0.0],["2025-12-26",0.0],["2025-12-27",0.0],["2025-12-28",0.0],["2025-12-29",0.0],["2025-12-30",0.0],["2025-12-31",0.0],["2026-01-01",0.0],["2026-01-02",0.0],["2026-01-03",0.0],["2026-01-04",7.49966752],["2026-01-05",0.0],["2026-01-06",1.06640208]],"wins":12,"losses":5,"draws":20,"winrate":0.32432432432432434,"holding_avg":"4:41:00","holding_avg_s":16860.0,"winner_holding_min":"0d 01:00","winner_holding_min_s":3600.0,"winner_holding_max":"0d 02:00","winner_holding_max_s":7200.0,"winner_holding_avg":"0d 01:55","winner_holding_avg_s":6900.0,"loser_holding_min":"0d 02:00","loser_holding_min_s":7200.0,"loser_holding_max":"0d 22:00","loser_holding_max_s":79200.0,"loser_holding_avg":"0d 06:48","loser_holding_avg_s":24480.0,"max_consecutive_wins":3,"max_consecutive_losses":5,"max_drawdown_account":0.042203502751517304,"max_relative_drawdown":0.042203502751517304,"max_drawdown_abs":43.24559608,"drawdown_start":"2025-11-14 17:00:00","drawdown_start_ts":1763139600000.0,"drawdown_end":"2025-12-09 01:00:00","drawdown_end_ts":1765242000000.0,"drawdown_duration":"24 days 08:00:00","drawdown_duration_s":2102400.0,"max_drawdown_low":-18.55349091,"max_drawdown_high":24.692105169999998,"csum_min":981.44650909,"csum_max":1024.69210517}},"strategy_comparison":[{"key":"ACO_15_12","trades":37,"profit_mean":-0.0006584495839854621,"profit_mean_pct":-0.07,"profit_total_abs":-8.545143659999997,"profit_total":-0.008545143659999997,"profit_total_pct":-0.85,"duration_avg":"4:41:00","wins":12,"draws":20,"losses":5,"winrate":0.32432432432432434,"cagr":-0.031776738496550494,"expectancy":-0.23094982864864844,"expectancy_ratio":-0.5631177154782729,"sortino":-0.27760566337945486,"sharpe":-0.30970644923553076,"calmar":-3.9879120240379176,"sqn":-0.255,"profit_factor":0.8329289054607796,"max_drawdown_account":0.042203502751517304,"max_drawdown_abs":"43.246"}]}