{"strategy":{"ACO_30_9":{"trades":[{"pair":"DOGE/USDT","stake_amount":329.953,"max_stake_amount":329.953,"amount":1700.0,"open_date":"2025-10-11 10:00:00+00:00","close_date":"2025-10-11 19:00:00+00:00","open_rate":0.19409,"close_rate":0.18439,"fee_open":0.001,"fee_close":0.001,"trade_duration":540,"profit_ratio":-0.05187496310171358,"profit_abs":-17.133416,"exit_reason":"stop_loss","initial_stop_loss_abs":0.18439,"initial_stop_loss_ratio":-0.05,"stop_loss_abs":0.18439,"stop_loss_ratio":-0.05,"min_rate":0.18286,"max_rate":0.19664,"is_open":false,"enter_tag":"","leverage":1.0,"is_short":false,"open_timestamp":1760176800000,"close_timestamp":1760209200000,"orders":[{"amount":1700.0,"safe_price":0.19409,"ft_order_side":"buy","order_filled_timestamp":1760176800000,"ft_is_entry":true,"ft_order_tag":"","cost":330.282953},{"amount":1700.0,"safe_price":0.18439,"ft_order_side":"sell","order_filled_timestamp":1760209200000,"ft_is_entry":false,"ft_order_tag":"stop_loss","cost":313.776463}],"funding_fees":0.0,"weekday":5},{"pair":"DOGE/USDT","stake_amount":324.18363,"max_stake_amount":324.18363,"amount":1973.0,"open_date":"2025-11-05 03:00:00+00:00","close_date":"2025-11-05 05:00:00+00:00","open_rate":0.16431,"close_rate":0.16476,"fee_open":0.001,"fee_close":0.001,"trade_duration":120,"profit_ratio":0.0007352516025147028,"profit_abs":0.23859489,"exit_reason":"roi","initial_stop_loss_abs":0.1561,"initial_stop_loss_ratio":-0.05,"stop_loss_abs":0.1561,"stop_loss_ratio":-0.05,"min_rate":0.16313,"max_rate":0.16619,"is_open":false,"enter_tag":"","leverage":1.0,"is_short":false,"open_timestamp":1762311600000,"close_timestamp":1762318800000,"orders":[{"amount":1973.0,"safe_price":0.16431,"ft_order_side":"buy","order_filled_timestamp":1762311600000,"ft_is_entry":true,"ft_order_tag":"","cost":324.50781363},{"amount":1973.0,"safe_price":0.16476,"ft_order_side":"sell","order_filled_timestamp":1762318800000,"ft_is_entry":false,"ft_order_tag":"roi","cost":325.39655147999997}],"funding_fees":0.0,"weekday":2},{"pair":"DOGE/USDT","stake_amount":324.3327,"max_stake_amount":324.3327,"amount":2290.0,"open_date":"2025-11-21 18:00:00+00:00","close_date":"2025-11-22 22:00:00+00:00","open_rate":0.14163,"close_rate":0.14191354354354352,"fee_open":0.001,"fee_close":0.001,"trade_duration":1680,"profit_ratio":0.0,"profit_abs":0.0,"exit_reason":"roi","initial_stop_loss_abs":0.13455,"initial_stop_loss_ratio":-0.05,"stop_loss_abs":0.13455,"stop_loss_ratio":-0.05,"min_rate":0.13549,"max_rate":0.1424,"is_open":false,"enter_tag":"","leverage":1.0,"is_short":false,"open_timestamp":1763748000000,"close_timestamp":1763848800000,"orders":[{"amount":2290.0,"safe_price":0.14163,"ft_order_side":"buy","order_filled_timestamp":1763748000000,"ft_is_entry":true,"ft_order_tag":"","cost":324.65703269999995},{"amount":2290.0,"safe_price":0.14191354354354352,"ft_order_side":"sell","order_filled_timestamp":1763848800000,"ft_is_entry":false,"ft_order_tag":"roi","cost":325.30699672942933}],"funding_fees":0.0,"weekday":5}],"locks":[],"best_pair":{"key":"DOGE/USDT","trades":3,"profit_mean":-0.017046570499732957,"profit_mean_pct":-1.7,"profit_total_abs":-16.89482111,"profit_total":-0.01689482111,"profit_total_pct":-1.69,"duration_avg":"13:00:00","wins":1,"draws":1,"losses":1,"winrate":0.3333333333333333,"cagr":-0.06210422670083671,"expectancy":-5.631607036666667,"expectancy_ratio":-0.662024765133429,"sortino":-100,"sharpe":-0.40911556067093635,"calmar":-19.42157006363779,"sqn":-0.9792,"profit_factor":0.013925704599713215,"max_drawdown_account":0.017133416000000012,"max_drawdown_abs":17.133416},"worst_pair":{"key":"DOGE/USDT","trades":3,"profit_mean":-0.017046570499732957,"profit_mean_pct":-1.7,"profit_total_abs":-16.89482111,"profit_total":-0.01689482111,"profit_total_pct":-1.69,"duration_avg":"13:00:00","wins":1,"draws":1,"losses":1,"winrate":0.3333333333333333,"cagr":-0.06210422670083671,"expectancy":-5.631607036666667,"expectancy_ratio":-0.662024765133429,"sortino":-100,"sharpe":-0.40911556067093635,"calmar":-19.42157006363779,"sqn":-0.9792,"profit_factor":0.013925704599713215,"max_drawdown_account":0.017133416000000012,"max_drawdown_abs":17.133416},"results_per_pair":[{"key":"DOGE/USDT","trades":3,"profit_mean":-0.017046570499732957,"profit_mean_pct":-1.7,"profit_total_abs":-16.89482111,"profit_total":-0.01689482111,"profit_total_pct":-1.69,"duration_avg":"13:00:00","wins":1,"draws":1,"losses":1,"winrate":0.3333333333333333,"cagr":-0.06210422670083671,"expectancy":-5.631607036666667,"expectancy_ratio":-0.662024765133429,"sortino":-100,"sharpe":-0.40911556067093635,"calmar":-19.42157006363779,"sqn":-0.9792,"profit_factor":0.013925704599713215,"max_drawdown_account":0.017133416000000012,"max_drawdown_abs":17.133416},{"key":"TOTAL","trades":3,"profit_mean":-0.017046570499732957,"profit_mean_pct":-1.7,"profit_total_abs":-16.89482111,"profit_total":-0.01689482111,"profit_total_pct":-1.69,"duration_avg":"13:00:00","wins":1,"draws":1,"losses":1,"winrate":0.3333333333333333,"cagr":-0.06210422670083671,"expectancy":-5.631607036666667,"expectancy_ratio":-0.662024765133429,"sortino":-100,"sharpe":-0.40911556067093635,"calmar":-19.42157006363779,"sqn":-0.9792,"profit_factor":0.013925704599713215,"max_drawdown_account":0.017133416000000012,"max_drawdown_abs":17.133416}],"results_per_enter_tag":[{"key":"","trades":3,"profit_mean":-0.017046570499732957,"profit_mean_pct":-1.7,"profit_total_abs":-16.89482111,"profit_total":-0.01689482111,"profit_total_pct":-1.69,"duration_avg":"13:00:00","wins":1,"draws":1,"losses":1,"winrate":0.3333333333333333,"cagr":-0.06210422670083671,"expectancy":-5.631607036666667,"expectancy_ratio":-0.662024765133429,"sortino":-100,"sharpe":-0.40911556067093635,"calmar":-19.42157006363779,"sqn":-0.9792,"profit_factor":0.013925704599713215,"max_drawdown_account":0.017133416000000012,"max_drawdown_abs":17.133416},{"key":"TOTAL","trades":3,"profit_mean":-0.017046570499732957,"profit_mean_pct":-1.7,"profit_total_abs":-16.89482111,"profit_total":-0.01689482111,"profit_total_pct":-1.69,"duration_avg":"13:00:00","wins":1,"draws":1,"losses":1,"winrate":0.3333333333333333,"cagr":-0.06210422670083671,"expectancy":-5.631607036666667,"expectancy_ratio":-0.662024765133429,"sortino":-100,"sharpe":-0.40911556067093635,"calmar":-19.42157006363779,"sqn":-0.9792,"profit_factor":0.013925704599713215,"max_drawdown_account":0.017133416000000012,"max_drawdown_abs":17.133416}],"exit_reason_summary":[{"key":"roi","trades":2,"profit_mean":0.0003676258012573514,"profit_mean_pct":0.04,"profit_total_abs":0.23859489,"profit_total":0.00023859489,"profit_total_pct":0.02,"duration_avg":"15:00:00","wins":1,"draws":1,"losses":0,"winrate":0.5,"cagr":0.0008981014768751905,"expectancy":0.119297445,"expectancy_ratio":100.0,"sortino":-100,"sharpe":0.3939169726709855,"calmar":-100,"sqn":1.0,"profit_factor":0.0,"max_drawdown_account":0.0,"max_drawdown_abs":0.0},{"key":"stop_loss","trades":1,"profit_mean":-0.05187496310171358,"profit_mean_pct":-5.19,"profit_total_abs":-17.133416,"profit_total":-0.017133416000000002,"profit_total_pct":-1.71,"duration_avg":"9:00:00","wins":0,"draws":0,"losses":1,"winrate":0.0,"cagr":-0.06296045830449493,"expectancy":-17.133416,"expectancy_ratio":-1.0,"sortino":-100,"sharpe":-100,"calmar":-19.695848633549268,"sqn":-100.0,"profit_factor":0.0,"max_drawdown_account":0.017133416000000012,"max_drawdown_abs":17.133416},{"key":"TOTAL","trades":3,"profit_mean":-0.017046570499732957,"profit_mean_pct":-1.7,"profit_total_abs":-16.89482111,"profit_total":-0.01689482111,"profit_total_pct":-1.69,"duration_avg":"13:00:00","wins":1,"draws":1,"losses":1,"winrate":0.3333333333333333,"cagr":-0.06210422670083671,"expectancy":-5.631607036666667,"expectancy_ratio":-0.662024765133429,"sortino":-100,"sharpe":-0.40911556067093635,"calmar":-19.42157006363779,"sqn":-0.9792,"profit_factor":0.013925704599713215,"max_drawdown_account":0.017133416000000012,"max_drawdown_abs":17.133416}],"mix_tag_stats":[{"key":["","roi"],"trades":2,"profit_mean":0.0003676258012573514,"profit_mean_pct":0.04,"profit_total_abs":0.23859489,"profit_total":0.00023859489,"profit_total_pct":0.02,"duration_avg":"15:00:00","wins":1,"draws":1,"losses":0,"winrate":0.5,"cagr":0.0008981014768751905,"expectancy":0.119297445,"expectancy_ratio":100.0,"sortino":-100,"sharpe":0.3939169726709855,"calmar":-100,"sqn":1.0,"profit_factor":0.0,"max_drawdown_account":0.0,"max_drawdown_abs":0.0},{"key":["","stop_loss"],"trades":1,"profit_mean":-0.05187496310171358,"profit_mean_pct":-5.19,"profit_total_abs":-17.133416,"profit_total":-0.017133416000000002,"profit_total_pct":-1.71,"duration_avg":"9:00:00","wins":0,"draws":0,"losses":1,"winrate":0.0,"cagr":-0.06296045830449493,"expectancy":-17.133416,"expectancy_ratio":-1.0,"sortino":-100,"sharpe":-100,"calmar":-19.695848633549268,"sqn":-100.0,"profit_factor":0.0,"max_drawdown_account":0.017133416000000012,"max_drawdown_abs":17.133416},{"key":"TOTAL","trades":3,"profit_mean":-0.017046570499732957,"profit_mean_pct":-1.7,"profit_total_abs":-16.89482111,"profit_total":-0.01689482111,"profit_total_pct":-1.69,"duration_avg":"13:00:00","wins":1,"draws":1,"losses":1,"winrate":0.3333333333333333,"cagr":-0.06210422670083671,"expectancy":-5.631607036666667,"expectancy_ratio":-0.662024765133429,"sortino":-100,"sharpe":-0.40911556067093635,"calmar":-19.42157006363779,"sqn":-0.9792,"profit_factor":0.013925704599713215,"max_drawdown_account":0.017133416000000012,"max_drawdown_abs":17.133416}],"left_open_trades":[{"key":"TOTAL","trades":0,"profit_mean":0.0,"profit_mean_pct":0.0,"profit_total_abs":0.0,"profit_total":0.0,"profit_total_pct":0.0,"duration_avg":"0:00","wins":0,"draws":0,"losses":0,"winrate":0.0,"cagr":0.0,"expectancy":0.0,"expectancy_ratio":100.0,"sortino":0,"sharpe":0,"calmar":0,"sqn":0.0,"profit_factor":0.0,"max_drawdown_account":0.0,"max_drawdown_abs":0.0}],"total_trades":3,"trade_count_long":3,"trade_count_short":0,"total_volume":1943.9278105394292,"avg_stake_amount":326.1564433333333,"profit_mean":-0.017046570499732957,"profit_median":0.0,"profit_total":-0.01689482111,"profit_total_long":-0.01689482111,"profit_total_short":0.0,"profit_total_abs":-16.89482111,"profit_total_long_abs":-16.89482111,"profit_total_short_abs":0.0,"cagr":-0.06210422670083671,"expectancy":-5.631607036666667,"expectancy_ratio":-0.662024765133429,"sortino":-100,"sharpe":-0.40911556067093635,"calmar":-19.42157006363779,"sqn":-0.9792,"profit_factor":0.013925704599713215,"backtest_start":"2025-10-01 00:00:00","backtest_start_ts":1759276800000,"backtest_end":"2026-01-06 20:00:00","backtest_end_ts":1767729600000,"backtest_days":97,"backtest_run_start_ts":1767751638,"backtest_run_end_ts":1767751639,"trades_per_day":0.03,"market_change":-0.36632086436227446,"pairlist":["DOGE/USDT"],"stake_amount":"unlimited","stake_currency":"USDT","stake_currency_decimals":3,"starting_balance":1000,"dry_run_wallet":1000,"final_balance":983.10517889,"rejected_signals":0,"timedout_entry_orders":0,"timedout_exit_orders":0,"canceled_trade_entries":0,"canceled_entry_orders":0,"replaced_entry_orders":0,"max_open_trades":1,"max_open_trades_setting":3,"timeframe":"1h","timeframe_detail":"","timerange":"20251001-","enable_protections":false,"strategy_name":"ACO_30_9","freqaimodel":null,"freqai_identifier":null,"stoploss":-0.05,"trailing_stop":false,"trailing_stop_positive":null,"trailing_stop_positive_offset":0.0,"trailing_only_offset_is_reached":false,"use_custom_stoploss":false,"minimal_roi":{"0":0.1,"60":0.05,"120":0.0},"use_exit_signal":true,"exit_profit_only":false,"exit_profit_offset":0.0,"ignore_roi_if_entry_signal":false,"trading_mode":"spot","margin_mode":"","periodic_breakdown":{"day":[{"date":"11/10/2025","date_ts":1760140800000,"profit_abs":-17.133416,"wins":0,"draws":0,"losses":1,"trades":1,"profit_factor":0.0},{"date":"12/10/2025","date_ts":1760227200000,"profit_abs":0.0,"wins":0,"draws":0,"losses":0,"trades":0,"profit_factor":0.0},{"date":"13/10/2025","date_ts":1760313600000,"profit_abs":0.0,"wins":0,"draws":0,"losses":0,"trades":0,"profit_factor":0.0},{"date":"14/10/2025","date_ts":1760400000000,"profit_abs":0.0,"wins":0,"draws":0,"losses":0,"trades":0,"profit_factor":0.0},{"date":"15/10/2025","date_ts":1760486400000,"profit_abs":0.0,"wins":0,"draws":0,"losses":0,"trades":0,"profit_factor":0.0},{"date":"16/10/2025","date_ts":1760572800000,"profit_abs":0.0,"wins":0,"draws":0,"losses":0,"trades":0,"profit_factor":0.0},{"date":"17/10/2025","date_ts":1760659200000,"profit_abs":0.0,"wins":0,"draws":0,"losses":0,"trades":0,"profit_factor":0.0},{"date":"18/10/2025","date_ts":1760745600000,"profit_abs":0.0,"wins":0,"draws":0,"losses":0,"trades":0,"profit_factor":0.0},{"date":"19/10/2025","date_ts":1760832000000,"profit_abs":0.0,"wins":0,"draws":0,"losses":0,"trades":0,"profit_factor":0.0},{"date":"20/10/2025","date_ts":1760918400000,"profit_abs":0.0,"wins":0,"draws":0,"losses":0,"trades":0,"profit_factor":0.0},{"date":"21/10/2025","date_ts":1761004800000,"profit_abs":0.0,"wins":0,"draws":0,"losses":0,"trades":0,"profit_factor":0.0},{"date":"22/10/2025","date_ts":1761091200000,"profit_abs":0.0,"wins":0,"draws":0,"losses":0,"trades":0,"profit_factor":0.0},{"date":"23/10/2025","date_ts":1761177600000,"profit_abs":0.0,"wins":0,"draws":0,"losses":0,"trades":0,"profit_factor":0.0},{"date":"24/10/2025","date_ts":1761264000000,"profit_abs":0.0,"wins":0,"draws":0,"losses":0,"trades":0,"profit_factor":0.0},{"date":"25/10/2025","date_ts":1761350400000,"profit_abs":0.0,"wins":0,"draws":0,"losses":0,"trades":0,"profit_factor":0.0},{"date":"26/10/2025","date_ts":1761436800000,"profit_abs":0.0,"wins":0,"draws":0,"losses":0,"trades":0,"profit_factor":0.0},{"date":"27/10/2025","date_ts":1761523200000,"profit_abs":0.0,"wins":0,"draws":0,"losses":0,"trades":0,"profit_factor":0.0},{"date":"28/10/2025","date_ts":1761609600000,"profit_abs":0.0,"wins":0,"draws":0,"losses":0,"trades":0,"profit_factor":0.0},{"date":"29/10/2025","date_ts":1761696000000,"profit_abs":0.0,"wins":0,"draws":0,"losses":0,"trades":0,"profit_factor":0.0},{"date":"30/10/2025","date_ts":1761782400000,"profit_abs":0.0,"wins":0,"draws":0,"losses":0,"trades":0,"profit_factor":0.0},{"date":"31/10/2025","date_ts":1761868800000,"profit_abs":0.0,"wins":0,"draws":0,"losses":0,"trades":0,"profit_factor":0.0},{"date":"01/11/2025","date_ts":1761955200000,"profit_abs":0.0,"wins":0,"draws":0,"losses":0,"trades":0,"profit_factor":0.0},{"date":"02/11/2025","date_ts":1762041600000,"profit_abs":0.0,"wins":0,"draws":0,"losses":0,"trades":0,"profit_factor":0.0},{"date":"03/11/2025","date_ts":1762128000000,"profit_abs":0.0,"wins":0,"draws":0,"losses":0,"trades":0,"profit_factor":0.0},{"date":"04/11/2025","date_ts":1762214400000,"profit_abs":0.0,"wins":0,"draws":0,"losses":0,"trades":0,"profit_factor":0.0},{"date":"05/11/2025","date_ts":1762300800000,"profit_abs":0.23859489,"wins":1,"draws":0,"losses":0,"trades":1,"profit_factor":0.0},{"date":"06/11/2025","date_ts":1762387200000,"profit_abs":0.0,"wins":0,"draws":0,"losses":0,"trades":0,"profit_factor":0.0},{"date":"07/11/2025","date_ts":1762473600000,"profit_abs":0.0,"wins":0,"draws":0,"losses":0,"trades":0,"profit_factor":0.0},{"date":"08/11/2025","date_ts":1762560000000,"profit_abs":0.0,"wins":0,"draws":0,"losses":0,"trades":0,"profit_factor":0.0},{"date":"09/11/2025","date_ts":1762646400000,"profit_abs":0.0,"wins":0,"draws":0,"losses":0,"trades":0,"profit_factor":0.0},{"date":"10/11/2025","date_ts":1762732800000,"profit_abs":0.0,"wins":0,"draws":0,"losses":0,"trades":0,"profit_factor":0.0},{"date":"11/11/2025","date_ts":1762819200000,"profit_abs":0.0,"wins":0,"draws":0,"losses":0,"trades":0,"profit_factor":0.0},{"date":"12/11/2025","date_ts":1762905600000,"profit_abs":0.0,"wins":0,"draws":0,"losses":0,"trades":0,"profit_factor":0.0},{"date":"13/11/2025","date_ts":1762992000000,"profit_abs":0.0,"wins":0,"draws":0,"losses":0,"trades":0,"profit_factor":0.0},{"date":"14/11/2025","date_ts":1763078400000,"profit_abs":0.0,"wins":0,"draws":0,"losses":0,"trades":0,"profit_factor":0.0},{"date":"15/11/2025","date_ts":1763164800000,"profit_abs":0.0,"wins":0,"draws":0,"losses":0,"trades":0,"profit_factor":0.0},{"date":"16/11/2025","date_ts":1763251200000,"profit_abs":0.0,"wins":0,"draws":0,"losses":0,"trades":0,"profit_factor":0.0},{"date":"17/11/2025","date_ts":1763337600000,"profit_abs":0.0,"wins":0,"draws":0,"losses":0,"trades":0,"profit_factor":0.0},{"date":"18/11/2025","date_ts":1763424000000,"profit_abs":0.0,"wins":0,"draws":0,"losses":0,"trades":0,"profit_factor":0.0},{"date":"19/11/2025","date_ts":1763510400000,"profit_abs":0.0,"wins":0,"draws":0,"losses":0,"trades":0,"profit_factor":0.0},{"date":"20/11/2025","date_ts":1763596800000,"profit_abs":0.0,"wins":0,"draws":0,"losses":0,"trades":0,"profit_factor":0.0},{"date":"21/11/2025","date_ts":1763683200000,"profit_abs":0.0,"wins":0,"draws":0,"losses":0,"trades":0,"profit_factor":0.0},{"date":"22/11/2025","date_ts":1763769600000,"profit_abs":0.0,"wins":0,"draws":1,"losses":0,"trades":1,"profit_factor":0.0}],"week":[{"date":"13/10/2025","date_ts":1760313600000,"profit_abs":-17.133416,"wins":0,"draws":0,"losses":1,"trades":1,"profit_factor":0.0},{"date":"20/10/2025","date_ts":1760918400000,"profit_abs":0.0,"wins":0,"draws":0,"losses":0,"trades":0,"profit_factor":0.0},{"date":"27/10/2025","date_ts":1761523200000,"profit_abs":0.0,"wins":0,"draws":0,"losses":0,"trades":0,"profit_factor":0.0},{"date":"03/11/2025","date_ts":1762128000000,"profit_abs":0.0,"wins":0,"draws":0,"losses":0,"trades":0,"profit_factor":0.0},{"date":"10/11/2025","date_ts":1762732800000,"profit_abs":0.23859489,"wins":1,"draws":0,"losses":0,"trades":1,"profit_factor":0.0},{"date":"17/11/2025","date_ts":1763337600000,"profit_abs":0.0,"wins":0,"draws":0,"losses":0,"trades":0,"profit_factor":0.0},{"date":"24/11/2025","date_ts":1763942400000,"profit_abs":0.0,"wins":0,"draws":1,"losses":0,"trades":1,"profit_factor":0.0}],"month":[{"date":"31/10/2025","date_ts":1761868800000,"profit_abs":-17.133416,"wins":0,"draws":0,"losses":1,"trades":1,"profit_factor":0.0},{"date":"30/11/2025","date_ts":1764460800000,"profit_abs":0.23859489,"wins":1,"draws":1,"losses":0,"trades":2,"profit_factor":0.0}],"year":[{"date":"31/12/2025","date_ts":1767139200000,"profit_abs":-16.89482111,"wins":1,"draws":1,"losses":1,"trades":3,"profit_factor":0.0139257}],"weekday":[{"date":"Wednesday","date_ts":2,"profit_abs":0.23859489,"wins":1,"draws":0,"losses":0,"trades":1,"profit_factor":0.0},{"date":"Saturday","date_ts":5,"profit_abs":-17.133416,"wins":0,"draws":1,"losses":1,"trades":2,"profit_factor":0.0}]},"backtest_best_day":0.0007352516025147028,"backtest_worst_day":-0.05187496310171358,"backtest_best_day_abs":0.23859489,"backtest_worst_day_abs":-17.133416,"winning_days":1,"draw_days":41,"losing_days":1,"daily_profit":[["2025-10-11",-17.133416],["2025-10-12",0.0],["2025-10-13",0.0],["2025-10-14",0.0],["2025-10-15",0.0],["2025-10-16",0.0],["2025-10-17",0.0],["2025-10-18",0.0],["2025-10-19",0.0],["2025-10-20",0.0],["2025-10-21",0.0],["2025-10-22",0.0],["2025-10-23",0.0],["2025-10-24",0.0],["2025-10-25",0.0],["2025-10-26",0.0],["2025-10-27",0.0],["2025-10-28",0.0],["2025-10-29",0.0],["2025-10-30",0.0],["2025-10-31",0.0],["2025-11-01",0.0],["2025-11-02",0.0],["2025-11-03",0.0],["2025-11-04",0.0],["2025-11-05",0.23859489],["2025-11-06",0.0],["2025-11-07",0.0],["2025-11-08",0.0],["2025-11-09",0.0],["2025-11-10",0.0],["2025-11-11",0.0],["2025-11-12",0.0],["2025-11-13",0.0],["2025-11-14",0.0],["2025-11-15",0.0],["2025-11-16",0.0],["2025-11-17",0.0],["2025-11-18",0.0],["2025-11-19",0.0],["2025-11-20",0.0],["2025-11-21",0.0],["2025-11-22",0.0]],"wins":1,"losses":1,"draws":1,"winrate":0.3333333333333333,"holding_avg":"13:00:00","holding_avg_s":46800.0,"winner_holding_min":"0d 02:00","winner_holding_min_s":7200.0,"winner_holding_max":"0d 02:00","winner_holding_max_s":7200.0,"winner_holding_avg":"0d 02:00","winner_holding_avg_s":7200.0,"loser_holding_min":"0d 09:00","loser_holding_min_s":32400.0,"loser_holding_max":"0d 09:00","loser_holding_max_s":32400.0,"loser_holding_avg":"0d 09:00","loser_holding_avg_s":32400.0,"max_consecutive_wins":1,"max_consecutive_losses":1,"max_drawdown_account":0.017133416000000012,"max_relative_drawdown":0.017133416000000012,"max_drawdown_abs":17.133416,"drawdown_start":"2025-10-11 19:00:00","drawdown_start_ts":1760209200000.0,"drawdown_end":"2025-10-11 19:00:00","drawdown_end_ts":1760209200000.0,"drawdown_duration":"0 days 00:00:00","drawdown_duration_s":0.0,"max_drawdown_low":-17.133416,"max_drawdown_high":0.0,"csum_min":982.866584,"csum_max":983.10517889}},"strategy_comparison":[{"key":"ACO_30_9","trades":3,"profit_mean":-0.017046570499732957,"profit_mean_pct":-1.7,"profit_total_abs":-16.89482111,"profit_total":-0.01689482111,"profit_total_pct":-1.69,"duration_avg":"13:00:00","wins":1,"draws":1,"losses":1,"winrate":0.3333333333333333,"cagr":-0.06210422670083671,"expectancy":-5.631607036666667,"expectancy_ratio":-0.662024765133429,"sortino":-100,"sharpe":-0.40911556067093635,"calmar":-19.42157006363779,"sqn":-0.9792,"profit_factor":0.013925704599713215,"max_drawdown_account":0.017133416000000012,"max_drawdown_abs":"17.133"}]}