{"strategy":{"ACO_80_18":{"trades":[{"pair":"DOGE/USDT","stake_amount":329.7664,"max_stake_amount":329.7664,"amount":1280.0,"open_date":"2025-10-02 09:00:00+00:00","close_date":"2025-10-02 11:00:00+00:00","open_rate":0.25763,"close_rate":0.25814577577577574,"fee_open":0.001,"fee_close":0.001,"trade_duration":120,"profit_ratio":0.0,"profit_abs":0.0,"exit_reason":"roi","initial_stop_loss_abs":0.24475,"initial_stop_loss_ratio":-0.05,"stop_loss_abs":0.24475,"stop_loss_ratio":-0.05,"min_rate":0.25557,"max_rate":0.2597,"is_open":false,"enter_tag":"","leverage":1.0,"is_short":false,"open_timestamp":1759395600000,"close_timestamp":1759402800000,"orders":[{"amount":1280.0,"safe_price":0.25763,"ft_order_side":"buy","order_filled_timestamp":1759395600000,"ft_is_entry":true,"ft_order_tag":"","cost":330.0961664},{"amount":1280.0,"safe_price":0.25814577577577574,"ft_order_side":"sell","order_filled_timestamp":1759402800000,"ft_is_entry":false,"ft_order_tag":"roi","cost":330.7570195859859}],"funding_fees":0.0,"weekday":3},{"pair":"DOGE/USDT","stake_amount":329.87059,"max_stake_amount":329.87059,"amount":1259.0,"open_date":"2025-10-03 00:00:00+00:00","close_date":"2025-10-03 16:00:00+00:00","open_rate":0.26201,"close_rate":0.26253454454454456,"fee_open":0.001,"fee_close":0.001,"trade_duration":960,"profit_ratio":0.0,"profit_abs":0.0,"exit_reason":"roi","initial_stop_loss_abs":0.24891,"initial_stop_loss_ratio":-0.05,"stop_loss_abs":0.24891,"stop_loss_ratio":-0.05,"min_rate":0.25274,"max_rate":0.26534,"is_open":false,"enter_tag":"","leverage":1.0,"is_short":false,"open_timestamp":1759449600000,"close_timestamp":1759507200000,"orders":[{"amount":1259.0,"safe_price":0.26201,"ft_order_side":"buy","order_filled_timestamp":1759449600000,"ft_is_entry":true,"ft_order_tag":"","cost":330.20046059000003},{"amount":1259.0,"safe_price":0.26253454454454456,"ft_order_side":"sell","order_filled_timestamp":1759507200000,"ft_is_entry":false,"ft_order_tag":"roi","cost":330.86152257316314}],"funding_fees":0.0,"weekday":4},{"pair":"DOGE/USDT","stake_amount":329.99472,"max_stake_amount":329.99472,"amount":1328.0,"open_date":"2025-10-04 17:00:00+00:00","close_date":"2025-10-04 19:00:00+00:00","open_rate":0.24849,"close_rate":0.24898747747747743,"fee_open":0.001,"fee_close":0.001,"trade_duration":120,"profit_ratio":0.0,"profit_abs":0.0,"exit_reason":"roi","initial_stop_loss_abs":0.23607,"initial_stop_loss_ratio":-0.05,"stop_loss_abs":0.23607,"stop_loss_ratio":-0.05,"min_rate":0.24815,"max_rate":0.24956,"is_open":false,"enter_tag":"","leverage":1.0,"is_short":false,"open_timestamp":1759597200000,"close_timestamp":1759604400000,"orders":[{"amount":1328.0,"safe_price":0.24849,"ft_order_side":"buy","order_filled_timestamp":1759597200000,"ft_is_entry":true,"ft_order_tag":"","cost":330.3247147199999},{"amount":1328.0,"safe_price":0.24898747747747743,"ft_order_side":"sell","order_filled_timestamp":1759604400000,"ft_is_entry":false,"ft_order_tag":"roi","cost":330.98602546018003}],"funding_fees":0.0,"weekday":5},{"pair":"DOGE/USDT","stake_amount":329.81598,"max_stake_amount":329.81598,"amount":1326.0,"open_date":"2025-10-08 01:00:00+00:00","close_date":"2025-10-08 08:00:00+00:00","open_rate":0.24873,"close_rate":0.24922795795795794,"fee_open":0.001,"fee_close":0.001,"trade_duration":420,"profit_ratio":0.0,"profit_abs":0.0,"exit_reason":"roi","initial_stop_loss_abs":0.2363,"initial_stop_loss_ratio":-0.05,"stop_loss_abs":0.2363,"stop_loss_ratio":-0.05,"min_rate":0.24291,"max_rate":0.25061,"is_open":false,"enter_tag":"","leverage":1.0,"is_short":false,"open_timestamp":1759885200000,"close_timestamp":1759910400000,"orders":[{"amount":1326.0,"safe_price":0.24873,"ft_order_side":"buy","order_filled_timestamp":1759885200000,"ft_is_entry":true,"ft_order_tag":"","cost":330.14579598},{"amount":1326.0,"safe_price":0.24922795795795794,"ft_order_side":"sell","order_filled_timestamp":1759910400000,"ft_is_entry":false,"ft_order_tag":"roi","cost":330.8067485245044}],"funding_fees":0.0,"weekday":2},{"pair":"DOGE/USDT","stake_amount":329.9214,"max_stake_amount":329.9214,"amount":1340.0,"open_date":"2025-10-09 18:00:00+00:00","close_date":"2025-10-09 20:00:00+00:00","open_rate":0.24621,"close_rate":0.24670291291291288,"fee_open":0.001,"fee_close":0.001,"trade_duration":120,"profit_ratio":0.0,"profit_abs":0.0,"exit_reason":"roi","initial_stop_loss_abs":0.2339,"initial_stop_loss_ratio":-0.05,"stop_loss_abs":0.2339,"stop_loss_ratio":-0.05,"min_rate":0.24492,"max_rate":0.24755,"is_open":false,"enter_tag":"","leverage":1.0,"is_short":false,"open_timestamp":1760032800000,"close_timestamp":1760040000000,"orders":[{"amount":1340.0,"safe_price":0.24621,"ft_order_side":"buy","order_filled_timestamp":1760032800000,"ft_is_entry":true,"ft_order_tag":"","cost":330.2513214},{"amount":1340.0,"safe_price":0.24670291291291288,"ft_order_side":"sell","order_filled_timestamp":1760040000000,"ft_is_entry":false,"ft_order_tag":"roi","cost":330.9124852066065}],"funding_fees":0.0,"weekday":3},{"pair":"DOGE/USDT","stake_amount":329.97993,"max_stake_amount":329.97993,"amount":1689.0,"open_date":"2025-10-11 01:00:00+00:00","close_date":"2025-10-11 03:00:00+00:00","open_rate":0.19537,"close_rate":0.19889,"fee_open":0.001,"fee_close":0.001,"trade_duration":120,"profit_ratio":0.015983095575663523,"profit_abs":5.27937486,"exit_reason":"roi","initial_stop_loss_abs":0.18561,"initial_stop_loss_ratio":-0.05,"stop_loss_abs":0.18561,"stop_loss_ratio":-0.05,"min_rate":0.18627,"max_rate":0.20048,"is_open":false,"enter_tag":"","leverage":1.0,"is_short":false,"open_timestamp":1760144400000,"close_timestamp":1760151600000,"orders":[{"amount":1689.0,"safe_price":0.19537,"ft_order_side":"buy","order_filled_timestamp":1760144400000,"ft_is_entry":true,"ft_order_tag":"","cost":330.30990992999995},{"amount":1689.0,"safe_price":0.19889,"ft_order_side":"sell","order_filled_timestamp":1760151600000,"ft_is_entry":false,"ft_order_tag":"roi","cost":336.26113520999996}],"funding_fees":0.0,"weekday":5},{"pair":"DOGE/USDT","stake_amount":331.64052,"max_stake_amount":331.64052,"amount":1821.0,"open_date":"2025-10-12 03:00:00+00:00","close_date":"2025-10-12 05:00:00+00:00","open_rate":0.18212,"close_rate":0.18799,"fee_open":0.001,"fee_close":0.001,"trade_duration":120,"profit_ratio":0.030169095126266227,"profit_abs":10.01529969,"exit_reason":"roi","initial_stop_loss_abs":0.17302,"initial_stop_loss_ratio":-0.05,"stop_loss_abs":0.17302,"stop_loss_ratio":-0.05,"min_rate":0.18171,"max_rate":0.18945,"is_open":false,"enter_tag":"","leverage":1.0,"is_short":false,"open_timestamp":1760238000000,"close_timestamp":1760245200000,"orders":[{"amount":1821.0,"safe_price":0.18212,"ft_order_side":"buy","order_filled_timestamp":1760238000000,"ft_is_entry":true,"ft_order_tag":"","cost":331.97216051999993},{"amount":1821.0,"safe_price":0.18799,"ft_order_side":"sell","order_filled_timestamp":1760245200000,"ft_is_entry":false,"ft_order_tag":"roi","cost":342.67211978999995}],"funding_fees":0.0,"weekday":6},{"pair":"DOGE/USDT","stake_amount":334.87776,"max_stake_amount":334.87776,"amount":1764.0,"open_date":"2025-10-12 13:00:00+00:00","close_date":"2025-10-12 14:00:00+00:00","open_rate":0.18984,"close_rate":0.19972156156156154,"fee_open":0.001,"fee_close":0.001,"trade_duration":60,"profit_ratio":0.049950049950049945,"profit_abs":16.743888,"exit_reason":"roi","initial_stop_loss_abs":0.18035,"initial_stop_loss_ratio":-0.05,"stop_loss_abs":0.18035,"stop_loss_ratio":-0.05,"min_rate":0.18624,"max_rate":0.19986,"is_open":false,"enter_tag":"","leverage":1.0,"is_short":false,"open_timestamp":1760274000000,"close_timestamp":1760277600000,"orders":[{"amount":1764.0,"safe_price":0.18984,"ft_order_side":"buy","order_filled_timestamp":1760274000000,"ft_is_entry":true,"ft_order_tag":"","cost":335.21263776},{"amount":1764.0,"safe_price":0.19972156156156154,"ft_order_side":"sell","order_filled_timestamp":1760277600000,"ft_is_entry":false,"ft_order_tag":"roi","cost":352.6611434291891}],"funding_fees":0.0,"weekday":6},{"pair":"DOGE/USDT","stake_amount":340.49904,"max_stake_amount":340.49904,"amount":1736.0,"open_date":"2025-10-12 15:00:00+00:00","close_date":"2025-10-12 16:00:00+00:00","open_rate":0.19614,"close_rate":0.2063494894894895,"fee_open":0.001,"fee_close":0.001,"trade_duration":60,"profit_ratio":0.04995004995004995,"profit_abs":17.024952,"exit_reason":"roi","initial_stop_loss_abs":0.18634,"initial_stop_loss_ratio":-0.05,"stop_loss_abs":0.18634,"stop_loss_ratio":-0.05,"min_rate":0.19562,"max_rate":0.2095,"is_open":false,"enter_tag":"","leverage":1.0,"is_short":false,"open_timestamp":1760281200000,"close_timestamp":1760284800000,"orders":[{"amount":1736.0,"safe_price":0.19614,"ft_order_side":"buy","order_filled_timestamp":1760281200000,"ft_is_entry":true,"ft_order_tag":"","cost":340.83953904},{"amount":1736.0,"safe_price":0.2063494894894895,"ft_order_side":"sell","order_filled_timestamp":1760284800000,"ft_is_entry":false,"ft_order_tag":"roi","cost":358.5809364675075}],"funding_fees":0.0,"weekday":6},{"pair":"DOGE/USDT","stake_amount":346.049,"max_stake_amount":346.049,"amount":1630.0,"open_date":"2025-10-13 09:00:00+00:00","close_date":"2025-10-13 13:00:00+00:00","open_rate":0.2123,"close_rate":0.212725025025025,"fee_open":0.001,"fee_close":0.001,"trade_duration":240,"profit_ratio":0.0,"profit_abs":0.0,"exit_reason":"roi","initial_stop_loss_abs":0.20169,"initial_stop_loss_ratio":-0.05,"stop_loss_abs":0.20169,"stop_loss_ratio":-0.05,"min_rate":0.20188,"max_rate":0.21313,"is_open":false,"enter_tag":"","leverage":1.0,"is_short":false,"open_timestamp":1760346000000,"close_timestamp":1760360400000,"orders":[{"amount":1630.0,"safe_price":0.2123,"ft_order_side":"buy","order_filled_timestamp":1760346000000,"ft_is_entry":true,"ft_order_tag":"","cost":346.3950489999999},{"amount":1630.0,"safe_price":0.212725025025025,"ft_order_side":"sell","order_filled_timestamp":1760360400000,"ft_is_entry":false,"ft_order_tag":"roi","cost":347.0885325815815}],"funding_fees":0.0,"weekday":0},{"pair":"DOGE/USDT","stake_amount":346.16534,"max_stake_amount":346.16534,"amount":1739.0,"open_date":"2025-10-14 12:00:00+00:00","close_date":"2025-10-14 14:00:00+00:00","open_rate":0.19906,"close_rate":0.19945851851851848,"fee_open":0.001,"fee_close":0.001,"trade_duration":120,"profit_ratio":0.0,"profit_abs":0.0,"exit_reason":"roi","initial_stop_loss_abs":0.18911,"initial_stop_loss_ratio":-0.05,"stop_loss_abs":0.18911,"stop_loss_ratio":-0.05,"min_rate":0.1933,"max_rate":0.20175,"is_open":false,"enter_tag":"","leverage":1.0,"is_short":false,"open_timestamp":1760443200000,"close_timestamp":1760450400000,"orders":[{"amount":1739.0,"safe_price":0.19906,"ft_order_side":"buy","order_filled_timestamp":1760443200000,"ft_is_entry":true,"ft_order_tag":"","cost":346.5115053399999},{"amount":1739.0,"safe_price":0.19945851851851848,"ft_order_side":"sell","order_filled_timestamp":1760450400000,"ft_is_entry":false,"ft_order_tag":"roi","cost":347.2052220674073}],"funding_fees":0.0,"weekday":1},{"pair":"DOGE/USDT","stake_amount":346.09299,"max_stake_amount":346.09299,"amount":1689.0,"open_date":"2025-10-15 03:00:00+00:00","close_date":"2025-10-15 08:00:00+00:00","open_rate":0.20491,"close_rate":0.20532023023023022,"fee_open":0.001,"fee_close":0.001,"trade_duration":300,"profit_ratio":0.0,"profit_abs":0.0,"exit_reason":"roi","initial_stop_loss_abs":0.19467,"initial_stop_loss_ratio":-0.05,"stop_loss_abs":0.19467,"stop_loss_ratio":-0.05,"min_rate":0.2015,"max_rate":0.20853,"is_open":false,"enter_tag":"","leverage":1.0,"is_short":false,"open_timestamp":1760497200000,"close_timestamp":1760515200000,"orders":[{"amount":1689.0,"safe_price":0.20491,"ft_order_side":"buy","order_filled_timestamp":1760497200000,"ft_is_entry":true,"ft_order_tag":"","cost":346.43908299000003},{"amount":1689.0,"safe_price":0.20532023023023022,"ft_order_side":"sell","order_filled_timestamp":1760515200000,"ft_is_entry":false,"ft_order_tag":"roi","cost":347.1326547277177}],"funding_fees":0.0,"weekday":2},{"pair":"DOGE/USDT","stake_amount":346.10068,"max_stake_amount":346.10068,"amount":1766.0,"open_date":"2025-10-16 06:00:00+00:00","close_date":"2025-10-16 08:00:00+00:00","open_rate":0.19598,"close_rate":0.19743,"fee_open":0.001,"fee_close":0.001,"trade_duration":120,"profit_ratio":0.005385929510840216,"profit_abs":1.86593794,"exit_reason":"roi","initial_stop_loss_abs":0.18619,"initial_stop_loss_ratio":-0.05,"stop_loss_abs":0.18619,"stop_loss_ratio":-0.05,"min_rate":0.19552,"max_rate":0.20077,"is_open":false,"enter_tag":"","leverage":1.0,"is_short":false,"open_timestamp":1760594400000,"close_timestamp":1760601600000,"orders":[{"amount":1766.0,"safe_price":0.19598,"ft_order_side":"buy","order_filled_timestamp":1760594400000,"ft_is_entry":true,"ft_order_tag":"","cost":346.4467806799999},{"amount":1766.0,"safe_price":0.19743,"ft_order_side":"sell","order_filled_timestamp":1760601600000,"ft_is_entry":false,"ft_order_tag":"roi","cost":349.01004137999996}],"funding_fees":0.0,"weekday":3},{"pair":"DOGE/USDT","stake_amount":346.745,"max_stake_amount":346.745,"amount":1750.0,"open_date":"2025-10-16 10:00:00+00:00","close_date":"2025-10-16 12:00:00+00:00","open_rate":0.19814,"close_rate":0.20034,"fee_open":0.001,"fee_close":0.001,"trade_duration":120,"profit_ratio":0.009083073986677499,"profit_abs":3.15266,"exit_reason":"roi","initial_stop_loss_abs":0.18824,"initial_stop_loss_ratio":-0.05,"stop_loss_abs":0.18824,"stop_loss_ratio":-0.05,"min_rate":0.19777,"max_rate":0.2015,"is_open":false,"enter_tag":"","leverage":1.0,"is_short":false,"open_timestamp":1760608800000,"close_timestamp":1760616000000,"orders":[{"amount":1750.0,"safe_price":0.19814,"ft_order_side":"buy","order_filled_timestamp":1760608800000,"ft_is_entry":true,"ft_order_tag":"","cost":347.09174499999995},{"amount":1750.0,"safe_price":0.20034,"ft_order_side":"sell","order_filled_timestamp":1760616000000,"ft_is_entry":false,"ft_order_tag":"roi","cost":350.9455949999999}],"funding_fees":0.0,"weekday":3},{"pair":"DOGE/USDT","stake_amount":347.718,"max_stake_amount":347.718,"amount":1785.0,"open_date":"2025-10-16 17:00:00+00:00","close_date":"2025-10-16 20:00:00+00:00","open_rate":0.1948,"close_rate":0.18506,"fee_open":0.001,"fee_close":0.001,"trade_duration":180,"profit_ratio":-0.051898101898101894,"profit_abs":-18.0639501,"exit_reason":"stop_loss","initial_stop_loss_abs":0.18506,"initial_stop_loss_ratio":-0.05,"stop_loss_abs":0.18506,"stop_loss_ratio":-0.05,"min_rate":0.18469,"max_rate":0.1948,"is_open":false,"enter_tag":"","leverage":1.0,"is_short":false,"open_timestamp":1760634000000,"close_timestamp":1760644800000,"orders":[{"amount":1785.0,"safe_price":0.1948,"ft_order_side":"buy","order_filled_timestamp":1760634000000,"ft_is_entry":true,"ft_order_tag":"","cost":348.065718},{"amount":1785.0,"safe_price":0.18506,"ft_order_side":"sell","order_filled_timestamp":1760644800000,"ft_is_entry":false,"ft_order_tag":"stop_loss","cost":330.6624321}],"funding_fees":0.0,"weekday":3},{"pair":"DOGE/USDT","stake_amount":341.69856,"max_stake_amount":341.69856,"amount":1816.0,"open_date":"2025-10-16 22:00:00+00:00","close_date":"2025-10-17 00:00:00+00:00","open_rate":0.18816,"close_rate":0.18853669669669668,"fee_open":0.001,"fee_close":0.001,"trade_duration":120,"profit_ratio":0.0,"profit_abs":0.0,"exit_reason":"roi","initial_stop_loss_abs":0.17876,"initial_stop_loss_ratio":-0.05,"stop_loss_abs":0.17876,"stop_loss_ratio":-0.05,"min_rate":0.18616,"max_rate":0.19011,"is_open":false,"enter_tag":"","leverage":1.0,"is_short":false,"open_timestamp":1760652000000,"close_timestamp":1760659200000,"orders":[{"amount":1816.0,"safe_price":0.18816,"ft_order_side":"buy","order_filled_timestamp":1760652000000,"ft_is_entry":true,"ft_order_tag":"","cost":342.0402585599999},{"amount":1816.0,"safe_price":0.18853669669669668,"ft_order_side":"sell","order_filled_timestamp":1760659200000,"ft_is_entry":false,"ft_order_tag":"roi","cost":342.7250238424023}],"funding_fees":0.0,"weekday":4},{"pair":"DOGE/USDT","stake_amount":341.70037,"max_stake_amount":341.70037,"amount":1837.0,"open_date":"2025-10-18 01:00:00+00:00","close_date":"2025-10-18 03:00:00+00:00","open_rate":0.18601,"close_rate":0.18638239239239238,"fee_open":0.001,"fee_close":0.001,"trade_duration":120,"profit_ratio":0.0,"profit_abs":0.0,"exit_reason":"roi","initial_stop_loss_abs":0.17671,"initial_stop_loss_ratio":-0.05,"stop_loss_abs":0.17671,"stop_loss_ratio":-0.05,"min_rate":0.18568,"max_rate":0.18854,"is_open":false,"enter_tag":"","leverage":1.0,"is_short":false,"open_timestamp":1760749200000,"close_timestamp":1760756400000,"orders":[{"amount":1837.0,"safe_price":0.18601,"ft_order_side":"buy","order_filled_timestamp":1760749200000,"ft_is_entry":true,"ft_order_tag":"","cost":342.04207037},{"amount":1837.0,"safe_price":0.18638239239239238,"ft_order_side":"sell","order_filled_timestamp":1760756400000,"ft_is_entry":false,"ft_order_tag":"roi","cost":342.7268392796496}],"funding_fees":0.0,"weekday":5},{"pair":"DOGE/USDT","stake_amount":341.699,"max_stake_amount":341.699,"amount":1789.0,"open_date":"2025-10-22 12:00:00+00:00","close_date":"2025-10-22 14:00:00+00:00","open_rate":0.191,"close_rate":0.19236,"fee_open":0.001,"fee_close":0.001,"trade_duration":120,"profit_ratio":0.0051081902390802915,"profit_abs":1.74720896,"exit_reason":"roi","initial_stop_loss_abs":0.18145,"initial_stop_loss_ratio":-0.05,"stop_loss_abs":0.18145,"stop_loss_ratio":-0.05,"min_rate":0.18814,"max_rate":0.19275,"is_open":false,"enter_tag":"","leverage":1.0,"is_short":false,"open_timestamp":1761134400000,"close_timestamp":1761141600000,"orders":[{"amount":1789.0,"safe_price":0.191,"ft_order_side":"buy","order_filled_timestamp":1761134400000,"ft_is_entry":true,"ft_order_tag":"","cost":342.04069899999996},{"amount":1789.0,"safe_price":0.19236,"ft_order_side":"sell","order_filled_timestamp":1761141600000,"ft_is_entry":false,"ft_order_tag":"roi","cost":344.47617204}],"funding_fees":0.0,"weekday":2},{"pair":"DOGE/USDT","stake_amount":342.27726,"max_stake_amount":342.27726,"amount":1794.0,"open_date":"2025-10-22 19:00:00+00:00","close_date":"2025-10-23 01:00:00+00:00","open_rate":0.19079,"close_rate":0.19117196196196193,"fee_open":0.001,"fee_close":0.001,"trade_duration":360,"profit_ratio":0.0,"profit_abs":0.0,"exit_reason":"roi","initial_stop_loss_abs":0.18126,"initial_stop_loss_ratio":-0.05,"stop_loss_abs":0.18126,"stop_loss_ratio":-0.05,"min_rate":0.18467,"max_rate":0.19228,"is_open":false,"enter_tag":"","leverage":1.0,"is_short":false,"open_timestamp":1761159600000,"close_timestamp":1761181200000,"orders":[{"amount":1794.0,"safe_price":0.19079,"ft_order_side":"buy","order_filled_timestamp":1761159600000,"ft_is_entry":true,"ft_order_tag":"","cost":342.6195372599999},{"amount":1794.0,"safe_price":0.19117196196196193,"ft_order_side":"sell","order_filled_timestamp":1761181200000,"ft_is_entry":false,"ft_order_tag":"roi","cost":343.3054622595194}],"funding_fees":0.0,"weekday":3},{"pair":"DOGE/USDT","stake_amount":342.44413,"max_stake_amount":342.44413,"amount":1687.0,"open_date":"2025-10-27 16:00:00+00:00","close_date":"2025-10-27 18:00:00+00:00","open_rate":0.20299,"close_rate":0.20529,"fee_open":0.001,"fee_close":0.001,"trade_duration":120,"profit_ratio":0.009309966844820779,"profit_abs":3.19133164,"exit_reason":"roi","initial_stop_loss_abs":0.19285,"initial_stop_loss_ratio":-0.05,"stop_loss_abs":0.19285,"stop_loss_ratio":-0.05,"min_rate":0.20299,"max_rate":0.20569,"is_open":false,"enter_tag":"","leverage":1.0,"is_short":false,"open_timestamp":1761580800000,"close_timestamp":1761588000000,"orders":[{"amount":1687.0,"safe_price":0.20299,"ft_order_side":"buy","order_filled_timestamp":1761580800000,"ft_is_entry":true,"ft_order_tag":"","cost":342.78657413},{"amount":1687.0,"safe_price":0.20529,"ft_order_side":"sell","order_filled_timestamp":1761588000000,"ft_is_entry":false,"ft_order_tag":"roi","cost":346.67055422999994}],"funding_fees":0.0,"weekday":0},{"pair":"DOGE/USDT","stake_amount":343.31544,"max_stake_amount":343.31544,"amount":1706.0,"open_date":"2025-10-28 07:00:00+00:00","close_date":"2025-10-28 13:00:00+00:00","open_rate":0.20124,"close_rate":0.20164288288288287,"fee_open":0.001,"fee_close":0.001,"trade_duration":360,"profit_ratio":0.0,"profit_abs":0.0,"exit_reason":"roi","initial_stop_loss_abs":0.19118,"initial_stop_loss_ratio":-0.05,"stop_loss_abs":0.19118,"stop_loss_ratio":-0.05,"min_rate":0.19932,"max_rate":0.20256,"is_open":false,"enter_tag":"","leverage":1.0,"is_short":false,"open_timestamp":1761634800000,"close_timestamp":1761656400000,"orders":[{"amount":1706.0,"safe_price":0.20124,"ft_order_side":"buy","order_filled_timestamp":1761634800000,"ft_is_entry":true,"ft_order_tag":"","cost":343.65875544},{"amount":1706.0,"safe_price":0.20164288288288287,"ft_order_side":"sell","order_filled_timestamp":1761656400000,"ft_is_entry":false,"ft_order_tag":"roi","cost":344.34676095639634}],"funding_fees":0.0,"weekday":1},{"pair":"DOGE/USDT","stake_amount":343.44904,"max_stake_amount":343.44904,"amount":1772.0,"open_date":"2025-10-29 02:00:00+00:00","close_date":"2025-10-29 05:00:00+00:00","open_rate":0.19382,"close_rate":0.194208028028028,"fee_open":0.001,"fee_close":0.001,"trade_duration":180,"profit_ratio":0.0,"profit_abs":0.0,"exit_reason":"roi","initial_stop_loss_abs":0.18413,"initial_stop_loss_ratio":-0.05,"stop_loss_abs":0.18413,"stop_loss_ratio":-0.05,"min_rate":0.19263,"max_rate":0.19486,"is_open":false,"enter_tag":"","leverage":1.0,"is_short":false,"open_timestamp":1761703200000,"close_timestamp":1761714000000,"orders":[{"amount":1772.0,"safe_price":0.19382,"ft_order_side":"buy","order_filled_timestamp":1761703200000,"ft_is_entry":true,"ft_order_tag":"","cost":343.7924890399999},{"amount":1772.0,"safe_price":0.194208028028028,"ft_order_side":"sell","order_filled_timestamp":1761714000000,"ft_is_entry":false,"ft_order_tag":"roi","cost":344.48076229133125}],"funding_fees":0.0,"weekday":2},{"pair":"DOGE/USDT","stake_amount":343.4508,"max_stake_amount":343.4508,"amount":1770.0,"open_date":"2025-10-29 20:00:00+00:00","close_date":"2025-10-29 22:00:00+00:00","open_rate":0.19404,"close_rate":0.19607,"fee_open":0.001,"fee_close":0.001,"trade_duration":120,"profit_ratio":0.008442855845453248,"profit_abs":2.9026053,"exit_reason":"roi","initial_stop_loss_abs":0.18434,"initial_stop_loss_ratio":-0.05,"stop_loss_abs":0.18434,"stop_loss_ratio":-0.05,"min_rate":0.19329,"max_rate":0.19691,"is_open":false,"enter_tag":"","leverage":1.0,"is_short":false,"open_timestamp":1761768000000,"close_timestamp":1761775200000,"orders":[{"amount":1770.0,"safe_price":0.19404,"ft_order_side":"buy","order_filled_timestamp":1761768000000,"ft_is_entry":true,"ft_order_tag":"","cost":343.79425079999993},{"amount":1770.0,"safe_price":0.19607,"ft_order_side":"sell","order_filled_timestamp":1761775200000,"ft_is_entry":false,"ft_order_tag":"roi","cost":347.39094389999997}],"funding_fees":0.0,"weekday":2},{"pair":"DOGE/USDT","stake_amount":344.44284,"max_stake_amount":344.44284,"amount":1894.0,"open_date":"2025-10-30 17:00:00+00:00","close_date":"2025-10-30 23:00:00+00:00","open_rate":0.18186,"close_rate":0.18222408408408405,"fee_open":0.001,"fee_close":0.001,"trade_duration":360,"profit_ratio":0.0,"profit_abs":0.0,"exit_reason":"roi","initial_stop_loss_abs":0.17277,"initial_stop_loss_ratio":-0.05,"stop_loss_abs":0.17277,"stop_loss_ratio":-0.05,"min_rate":0.17642,"max_rate":0.18287,"is_open":false,"enter_tag":"","leverage":1.0,"is_short":false,"open_timestamp":1761843600000,"close_timestamp":1761865200000,"orders":[{"amount":1894.0,"safe_price":0.18186,"ft_order_side":"buy","order_filled_timestamp":1761843600000,"ft_is_entry":true,"ft_order_tag":"","cost":344.78728283999993},{"amount":1894.0,"safe_price":0.18222408408408405,"ft_order_side":"sell","order_filled_timestamp":1761865200000,"ft_is_entry":false,"ft_order_tag":"roi","cost":345.4775476705104}],"funding_fees":0.0,"weekday":3},{"pair":"DOGE/USDT","stake_amount":344.45493,"max_stake_amount":344.45493,"amount":1857.0,"open_date":"2025-10-31 09:00:00+00:00","close_date":"2025-10-31 11:00:00+00:00","open_rate":0.18549,"close_rate":0.18586135135135132,"fee_open":0.001,"fee_close":0.001,"trade_duration":120,"profit_ratio":0.0,"profit_abs":0.0,"exit_reason":"roi","initial_stop_loss_abs":0.17622,"initial_stop_loss_ratio":-0.05,"stop_loss_abs":0.17622,"stop_loss_ratio":-0.05,"min_rate":0.18498,"max_rate":0.18734,"is_open":false,"enter_tag":"","leverage":1.0,"is_short":false,"open_timestamp":1761901200000,"close_timestamp":1761908400000,"orders":[{"amount":1857.0,"safe_price":0.18549,"ft_order_side":"buy","order_filled_timestamp":1761901200000,"ft_is_entry":true,"ft_order_tag":"","cost":344.79938493},{"amount":1857.0,"safe_price":0.18586135135135132,"ft_order_side":"sell","order_filled_timestamp":1761908400000,"ft_is_entry":false,"ft_order_tag":"roi","cost":345.48967398891887}],"funding_fees":0.0,"weekday":4},{"pair":"DOGE/USDT","stake_amount":344.32916,"max_stake_amount":344.32916,"amount":2053.0,"open_date":"2025-11-03 22:00:00+00:00","close_date":"2025-11-04 00:00:00+00:00","open_rate":0.16772,"close_rate":0.16805577577577577,"fee_open":0.001,"fee_close":0.001,"trade_duration":120,"profit_ratio":0.0,"profit_abs":0.0,"exit_reason":"roi","initial_stop_loss_abs":0.15934,"initial_stop_loss_ratio":-0.05,"stop_loss_abs":0.15934,"stop_loss_ratio":-0.05,"min_rate":0.16433,"max_rate":0.16953,"is_open":false,"enter_tag":"","leverage":1.0,"is_short":false,"open_timestamp":1762207200000,"close_timestamp":1762214400000,"orders":[{"amount":2053.0,"safe_price":0.16772,"ft_order_side":"buy","order_filled_timestamp":1762207200000,"ft_is_entry":true,"ft_order_tag":"","cost":344.67348916},{"amount":2053.0,"safe_price":0.16805577577577577,"ft_order_side":"sell","order_filled_timestamp":1762214400000,"ft_is_entry":false,"ft_order_tag":"roi","cost":345.3635261753353}],"funding_fees":0.0,"weekday":1},{"pair":"DOGE/USDT","stake_amount":344.463,"max_stake_amount":344.463,"amount":2094.0,"open_date":"2025-11-04 09:00:00+00:00","close_date":"2025-11-04 11:00:00+00:00","open_rate":0.1645,"close_rate":0.16536,"fee_open":0.001,"fee_close":0.001,"trade_duration":120,"profit_ratio":0.003219516046263767,"profit_abs":1.11011316,"exit_reason":"roi","initial_stop_loss_abs":0.15628,"initial_stop_loss_ratio":-0.05,"stop_loss_abs":0.15628,"stop_loss_ratio":-0.05,"min_rate":0.16364,"max_rate":0.16702,"is_open":false,"enter_tag":"","leverage":1.0,"is_short":false,"open_timestamp":1762246800000,"close_timestamp":1762254000000,"orders":[{"amount":2094.0,"safe_price":0.1645,"ft_order_side":"buy","order_filled_timestamp":1762246800000,"ft_is_entry":true,"ft_order_tag":"","cost":344.807463},{"amount":2094.0,"safe_price":0.16536,"ft_order_side":"sell","order_filled_timestamp":1762254000000,"ft_is_entry":false,"ft_order_tag":"roi","cost":346.61010383999997}],"funding_fees":0.0,"weekday":1},{"pair":"DOGE/USDT","stake_amount":344.71045,"max_stake_amount":344.71045,"amount":2065.0,"open_date":"2025-11-04 15:00:00+00:00","close_date":"2025-11-04 17:00:00+00:00","open_rate":0.16693,"close_rate":0.15859,"fee_open":0.001,"fee_close":0.001,"trade_duration":120,"profit_ratio":-0.051859241220051144,"profit_abs":-17.8942988,"exit_reason":"stop_loss","initial_stop_loss_abs":0.15859,"initial_stop_loss_ratio":-0.05,"stop_loss_abs":0.15859,"stop_loss_ratio":-0.05,"min_rate":0.1562,"max_rate":0.16853,"is_open":false,"enter_tag":"","leverage":1.0,"is_short":false,"open_timestamp":1762268400000,"close_timestamp":1762275600000,"orders":[{"amount":2065.0,"safe_price":0.16693,"ft_order_side":"buy","order_filled_timestamp":1762268400000,"ft_is_entry":true,"ft_order_tag":"","cost":345.05516044999996},{"amount":2065.0,"safe_price":0.15859,"ft_order_side":"sell","order_filled_timestamp":1762275600000,"ft_is_entry":false,"ft_order_tag":"stop_loss","cost":327.81583835}],"funding_fees":0.0,"weekday":1},{"pair":"DOGE/USDT","stake_amount":338.91237,"max_stake_amount":338.91237,"amount":2133.0,"open_date":"2025-11-04 21:00:00+00:00","close_date":"2025-11-04 23:00:00+00:00","open_rate":0.15889,"close_rate":0.16344,"fee_open":0.001,"fee_close":0.001,"trade_duration":120,"profit_ratio":0.02658094627381555,"profit_abs":9.01762011,"exit_reason":"roi","initial_stop_loss_abs":0.15095,"initial_stop_loss_ratio":-0.05,"stop_loss_abs":0.15095,"stop_loss_ratio":-0.05,"min_rate":0.15159,"max_rate":0.16436,"is_open":false,"enter_tag":"","leverage":1.0,"is_short":false,"open_timestamp":1762290000000,"close_timestamp":1762297200000,"orders":[{"amount":2133.0,"safe_price":0.15889,"ft_order_side":"buy","order_filled_timestamp":1762290000000,"ft_is_entry":true,"ft_order_tag":"","cost":339.25128236999996},{"amount":2133.0,"safe_price":0.16344,"ft_order_side":"sell","order_filled_timestamp":1762297200000,"ft_is_entry":false,"ft_order_tag":"roi","cost":348.96613751999996}],"funding_fees":0.0,"weekday":1},{"pair":"DOGE/USDT","stake_amount":341.7648,"max_stake_amount":341.7648,"amount":2080.0,"open_date":"2025-11-05 03:00:00+00:00","close_date":"2025-11-05 05:00:00+00:00","open_rate":0.16431,"close_rate":0.16476,"fee_open":0.001,"fee_close":0.001,"trade_duration":120,"profit_ratio":0.0007352516025147028,"profit_abs":0.2515344,"exit_reason":"roi","initial_stop_loss_abs":0.1561,"initial_stop_loss_ratio":-0.05,"stop_loss_abs":0.1561,"stop_loss_ratio":-0.05,"min_rate":0.16313,"max_rate":0.16619,"is_open":false,"enter_tag":"","leverage":1.0,"is_short":false,"open_timestamp":1762311600000,"close_timestamp":1762318800000,"orders":[{"amount":2080.0,"safe_price":0.16431,"ft_order_side":"buy","order_filled_timestamp":1762311600000,"ft_is_entry":true,"ft_order_tag":"","cost":342.1065648},{"amount":2080.0,"safe_price":0.16476,"ft_order_side":"sell","order_filled_timestamp":1762318800000,"ft_is_entry":false,"ft_order_tag":"roi","cost":343.04350079999995}],"funding_fees":0.0,"weekday":2},{"pair":"DOGE/USDT","stake_amount":341.85368,"max_stake_amount":341.85368,"amount":2086.0,"open_date":"2025-11-05 12:00:00+00:00","close_date":"2025-11-05 14:00:00+00:00","open_rate":0.16388,"close_rate":0.16553,"fee_open":0.001,"fee_close":0.001,"trade_duration":120,"profit_ratio":0.008050224122960272,"profit_abs":2.75475074,"exit_reason":"roi","initial_stop_loss_abs":0.15569,"initial_stop_loss_ratio":-0.05,"stop_loss_abs":0.15569,"stop_loss_ratio":-0.05,"min_rate":0.163,"max_rate":0.16709,"is_open":false,"enter_tag":"","leverage":1.0,"is_short":false,"open_timestamp":1762344000000,"close_timestamp":1762351200000,"orders":[{"amount":2086.0,"safe_price":0.16388,"ft_order_side":"buy","order_filled_timestamp":1762344000000,"ft_is_entry":true,"ft_order_tag":"","cost":342.19553368},{"amount":2086.0,"safe_price":0.16553,"ft_order_side":"sell","order_filled_timestamp":1762351200000,"ft_is_entry":false,"ft_order_tag":"roi","cost":345.64087558}],"funding_fees":0.0,"weekday":2},{"pair":"DOGE/USDT","stake_amount":342.85066,"max_stake_amount":342.85066,"amount":2099.0,"open_date":"2025-11-06 11:00:00+00:00","close_date":"2025-11-06 13:00:00+00:00","open_rate":0.16334,"close_rate":0.163667007007007,"fee_open":0.001,"fee_close":0.001,"trade_duration":120,"profit_ratio":0.0,"profit_abs":0.0,"exit_reason":"roi","initial_stop_loss_abs":0.15518,"initial_stop_loss_ratio":-0.05,"stop_loss_abs":0.15518,"stop_loss_ratio":-0.05,"min_rate":0.16098,"max_rate":0.16384,"is_open":false,"enter_tag":"","leverage":1.0,"is_short":false,"open_timestamp":1762426800000,"close_timestamp":1762434000000,"orders":[{"amount":2099.0,"safe_price":0.16334,"ft_order_side":"buy","order_filled_timestamp":1762426800000,"ft_is_entry":true,"ft_order_tag":"","cost":343.19351065999996},{"amount":2099.0,"safe_price":0.163667007007007,"ft_order_side":"sell","order_filled_timestamp":1762434000000,"ft_is_entry":false,"ft_order_tag":"roi","cost":343.8805847554154}],"funding_fees":0.0,"weekday":3},{"pair":"DOGE/USDT","stake_amount":342.81518,"max_stake_amount":342.81518,"amount":2102.0,"open_date":"2025-11-06 14:00:00+00:00","close_date":"2025-11-07 01:00:00+00:00","open_rate":0.16309,"close_rate":0.1634165065065065,"fee_open":0.001,"fee_close":0.001,"trade_duration":660,"profit_ratio":0.0,"profit_abs":0.0,"exit_reason":"roi","initial_stop_loss_abs":0.15494,"initial_stop_loss_ratio":-0.05,"stop_loss_abs":0.15494,"stop_loss_ratio":-0.05,"min_rate":0.15693,"max_rate":0.1635,"is_open":false,"enter_tag":"","leverage":1.0,"is_short":false,"open_timestamp":1762437600000,"close_timestamp":1762477200000,"orders":[{"amount":2102.0,"safe_price":0.16309,"ft_order_side":"buy","order_filled_timestamp":1762437600000,"ft_is_entry":true,"ft_order_tag":"","cost":343.15799518},{"amount":2102.0,"safe_price":0.1634165065065065,"ft_order_side":"sell","order_filled_timestamp":1762477200000,"ft_is_entry":false,"ft_order_tag":"roi","cost":343.8449981733533}],"funding_fees":0.0,"weekday":4},{"pair":"DOGE/USDT","stake_amount":342.8352,"max_stake_amount":342.8352,"amount":1860.0,"open_date":"2025-11-10 10:00:00+00:00","close_date":"2025-11-11 01:00:00+00:00","open_rate":0.18432,"close_rate":0.184689009009009,"fee_open":0.001,"fee_close":0.001,"trade_duration":900,"profit_ratio":0.0,"profit_abs":0.0,"exit_reason":"roi","initial_stop_loss_abs":0.17511,"initial_stop_loss_ratio":-0.05,"stop_loss_abs":0.17511,"stop_loss_ratio":-0.05,"min_rate":0.17722,"max_rate":0.1864,"is_open":false,"enter_tag":"","leverage":1.0,"is_short":false,"open_timestamp":1762768800000,"close_timestamp":1762822800000,"orders":[{"amount":1860.0,"safe_price":0.18432,"ft_order_side":"buy","order_filled_timestamp":1762768800000,"ft_is_entry":true,"ft_order_tag":"","cost":343.1780352},{"amount":1860.0,"safe_price":0.184689009009009,"ft_order_side":"sell","order_filled_timestamp":1762822800000,"ft_is_entry":false,"ft_order_tag":"roi","cost":343.8650783135135}],"funding_fees":0.0,"weekday":1},{"pair":"DOGE/USDT","stake_amount":342.8492,"max_stake_amount":342.8492,"amount":1985.0,"open_date":"2025-11-12 02:00:00+00:00","close_date":"2025-11-12 08:00:00+00:00","open_rate":0.17272,"close_rate":0.1730657857857858,"fee_open":0.001,"fee_close":0.001,"trade_duration":360,"profit_ratio":0.0,"profit_abs":0.0,"exit_reason":"roi","initial_stop_loss_abs":0.16409,"initial_stop_loss_ratio":-0.05,"stop_loss_abs":0.16409,"stop_loss_ratio":-0.05,"min_rate":0.17094,"max_rate":0.17459,"is_open":false,"enter_tag":"","leverage":1.0,"is_short":false,"open_timestamp":1762912800000,"close_timestamp":1762934400000,"orders":[{"amount":1985.0,"safe_price":0.17272,"ft_order_side":"buy","order_filled_timestamp":1762912800000,"ft_is_entry":true,"ft_order_tag":"","cost":343.19204920000004},{"amount":1985.0,"safe_price":0.1730657857857858,"ft_order_side":"sell","order_filled_timestamp":1762934400000,"ft_is_entry":false,"ft_order_tag":"roi","cost":343.8791203695696}],"funding_fees":0.0,"weekday":2},{"pair":"DOGE/USDT","stake_amount":342.888,"max_stake_amount":342.888,"amount":2100.0,"open_date":"2025-11-14 11:00:00+00:00","close_date":"2025-11-14 14:00:00+00:00","open_rate":0.16328,"close_rate":0.16360688688688688,"fee_open":0.001,"fee_close":0.001,"trade_duration":180,"profit_ratio":0.0,"profit_abs":0.0,"exit_reason":"roi","initial_stop_loss_abs":0.15512,"initial_stop_loss_ratio":-0.05,"stop_loss_abs":0.15512,"stop_loss_ratio":-0.05,"min_rate":0.15767,"max_rate":0.16407,"is_open":false,"enter_tag":"","leverage":1.0,"is_short":false,"open_timestamp":1763118000000,"close_timestamp":1763128800000,"orders":[{"amount":2100.0,"safe_price":0.16328,"ft_order_side":"buy","order_filled_timestamp":1763118000000,"ft_is_entry":true,"ft_order_tag":"","cost":343.230888},{"amount":2100.0,"safe_price":0.16360688688688688,"ft_order_side":"sell","order_filled_timestamp":1763128800000,"ft_is_entry":false,"ft_order_tag":"roi","cost":343.9180369249249}],"funding_fees":0.0,"weekday":4},{"pair":"DOGE/USDT","stake_amount":342.8662,"max_stake_amount":342.8662,"amount":2108.0,"open_date":"2025-11-14 15:00:00+00:00","close_date":"2025-11-14 17:00:00+00:00","open_rate":0.16265,"close_rate":0.16401,"fee_open":0.001,"fee_close":0.001,"trade_duration":120,"profit_ratio":0.006346804133462603,"profit_abs":2.17828072,"exit_reason":"roi","initial_stop_loss_abs":0.15452,"initial_stop_loss_ratio":-0.05,"stop_loss_abs":0.15452,"stop_loss_ratio":-0.05,"min_rate":0.1609,"max_rate":0.16477,"is_open":false,"enter_tag":"","leverage":1.0,"is_short":false,"open_timestamp":1763132400000,"close_timestamp":1763139600000,"orders":[{"amount":2108.0,"safe_price":0.16265,"ft_order_side":"buy","order_filled_timestamp":1763132400000,"ft_is_entry":true,"ft_order_tag":"","cost":343.20906619999994},{"amount":2108.0,"safe_price":0.16401,"ft_order_side":"sell","order_filled_timestamp":1763139600000,"ft_is_entry":false,"ft_order_tag":"roi","cost":346.0788130799999}],"funding_fees":0.0,"weekday":4},{"pair":"DOGE/USDT","stake_amount":343.60424,"max_stake_amount":343.60424,"amount":2104.0,"open_date":"2025-11-14 20:00:00+00:00","close_date":"2025-11-14 23:00:00+00:00","open_rate":0.16331,"close_rate":0.15515,"fee_open":0.001,"fee_close":0.001,"trade_duration":180,"profit_ratio":-0.051864490906803076,"profit_abs":-17.83867984,"exit_reason":"stop_loss","initial_stop_loss_abs":0.15515,"initial_stop_loss_ratio":-0.05,"stop_loss_abs":0.15515,"stop_loss_ratio":-0.05,"min_rate":0.15472,"max_rate":0.1634,"is_open":false,"enter_tag":"","leverage":1.0,"is_short":false,"open_timestamp":1763150400000,"close_timestamp":1763161200000,"orders":[{"amount":2104.0,"safe_price":0.16331,"ft_order_side":"buy","order_filled_timestamp":1763150400000,"ft_is_entry":true,"ft_order_tag":"","cost":343.94784424},{"amount":2104.0,"safe_price":0.15515,"ft_order_side":"sell","order_filled_timestamp":1763161200000,"ft_is_entry":false,"ft_order_tag":"stop_loss","cost":326.7620356}],"funding_fees":0.0,"weekday":4},{"pair":"DOGE/USDT","stake_amount":337.71417,"max_stake_amount":337.71417,"amount":2109.0,"open_date":"2025-11-15 01:00:00+00:00","close_date":"2025-11-15 03:00:00+00:00","open_rate":0.16013,"close_rate":0.1624,"fee_open":0.001,"fee_close":0.001,"trade_duration":120,"profit_ratio":0.012149656376222293,"profit_abs":4.10721423,"exit_reason":"roi","initial_stop_loss_abs":0.15213,"initial_stop_loss_ratio":-0.05,"stop_loss_abs":0.15213,"stop_loss_ratio":-0.05,"min_rate":0.15942,"max_rate":0.16307,"is_open":false,"enter_tag":"","leverage":1.0,"is_short":false,"open_timestamp":1763168400000,"close_timestamp":1763175600000,"orders":[{"amount":2109.0,"safe_price":0.16013,"ft_order_side":"buy","order_filled_timestamp":1763168400000,"ft_is_entry":true,"ft_order_tag":"","cost":338.05188416999994},{"amount":2109.0,"safe_price":0.1624,"ft_order_side":"sell","order_filled_timestamp":1763175600000,"ft_is_entry":false,"ft_order_tag":"roi","cost":342.84410159999993}],"funding_fees":0.0,"weekday":5},{"pair":"DOGE/USDT","stake_amount":339.00174,"max_stake_amount":339.00174,"amount":2079.0,"open_date":"2025-11-15 13:00:00+00:00","close_date":"2025-11-15 15:00:00+00:00","open_rate":0.16306,"close_rate":0.16375,"fee_open":0.001,"fee_close":0.001,"trade_duration":120,"profit_ratio":0.002225114515069133,"profit_abs":0.75507201,"exit_reason":"roi","initial_stop_loss_abs":0.15491,"initial_stop_loss_ratio":-0.05,"stop_loss_abs":0.15491,"stop_loss_ratio":-0.05,"min_rate":0.16277,"max_rate":0.1641,"is_open":false,"enter_tag":"","leverage":1.0,"is_short":false,"open_timestamp":1763211600000,"close_timestamp":1763218800000,"orders":[{"amount":2079.0,"safe_price":0.16306,"ft_order_side":"buy","order_filled_timestamp":1763211600000,"ft_is_entry":true,"ft_order_tag":"","cost":339.34074174},{"amount":2079.0,"safe_price":0.16375,"ft_order_side":"sell","order_filled_timestamp":1763218800000,"ft_is_entry":false,"ft_order_tag":"roi","cost":340.77668625}],"funding_fees":0.0,"weekday":5},{"pair":"DOGE/USDT","stake_amount":339.21664,"max_stake_amount":339.21664,"amount":2176.0,"open_date":"2025-11-16 20:00:00+00:00","close_date":"2025-11-16 22:00:00+00:00","open_rate":0.15589,"close_rate":0.15633,"fee_open":0.001,"fee_close":0.001,"trade_duration":120,"profit_ratio":0.0008188616822910235,"profit_abs":0.27804928,"exit_reason":"roi","initial_stop_loss_abs":0.1481,"initial_stop_loss_ratio":-0.05,"stop_loss_abs":0.1481,"stop_loss_ratio":-0.05,"min_rate":0.15505,"max_rate":0.1586,"is_open":false,"enter_tag":"","leverage":1.0,"is_short":false,"open_timestamp":1763323200000,"close_timestamp":1763330400000,"orders":[{"amount":2176.0,"safe_price":0.15589,"ft_order_side":"buy","order_filled_timestamp":1763323200000,"ft_is_entry":true,"ft_order_tag":"","cost":339.55585663999994},{"amount":2176.0,"safe_price":0.15633,"ft_order_side":"sell","order_filled_timestamp":1763330400000,"ft_is_entry":false,"ft_order_tag":"roi","cost":340.51425407999994}],"funding_fees":0.0,"weekday":6},{"pair":"DOGE/USDT","stake_amount":339.34332,"max_stake_amount":339.34332,"amount":2092.0,"open_date":"2025-11-18 23:00:00+00:00","close_date":"2025-11-19 16:00:00+00:00","open_rate":0.16221,"close_rate":0.1541,"fee_open":0.001,"fee_close":0.001,"trade_duration":1020,"profit_ratio":-0.05189502563277299,"profit_abs":-17.62784052,"exit_reason":"stop_loss","initial_stop_loss_abs":0.1541,"initial_stop_loss_ratio":-0.05,"stop_loss_abs":0.1541,"stop_loss_ratio":-0.05,"min_rate":0.15176,"max_rate":0.1625,"is_open":false,"enter_tag":"","leverage":1.0,"is_short":false,"open_timestamp":1763506800000,"close_timestamp":1763568000000,"orders":[{"amount":2092.0,"safe_price":0.16221,"ft_order_side":"buy","order_filled_timestamp":1763506800000,"ft_is_entry":true,"ft_order_tag":"","cost":339.68266331999996},{"amount":2092.0,"safe_price":0.1541,"ft_order_side":"sell","order_filled_timestamp":1763568000000,"ft_is_entry":false,"ft_order_tag":"stop_loss","cost":322.6995771999999}],"funding_fees":0.0,"weekday":2},{"pair":"DOGE/USDT","stake_amount":333.56664,"max_stake_amount":333.56664,"amount":2222.0,"open_date":"2025-11-21 01:00:00+00:00","close_date":"2025-11-21 07:00:00+00:00","open_rate":0.15012,"close_rate":0.14262,"fee_open":0.001,"fee_close":0.001,"trade_duration":360,"profit_ratio":-0.05185821372871732,"profit_abs":-17.31546828,"exit_reason":"stop_loss","initial_stop_loss_abs":0.14262,"initial_stop_loss_ratio":-0.05,"stop_loss_abs":0.14262,"stop_loss_ratio":-0.05,"min_rate":0.13441,"max_rate":0.15109,"is_open":false,"enter_tag":"","leverage":1.0,"is_short":false,"open_timestamp":1763686800000,"close_timestamp":1763708400000,"orders":[{"amount":2222.0,"safe_price":0.15012,"ft_order_side":"buy","order_filled_timestamp":1763686800000,"ft_is_entry":true,"ft_order_tag":"","cost":333.90020663999996},{"amount":2222.0,"safe_price":0.14262,"ft_order_side":"sell","order_filled_timestamp":1763708400000,"ft_is_entry":false,"ft_order_tag":"stop_loss","cost":317.21854163999996}],"funding_fees":0.0,"weekday":4},{"pair":"DOGE/USDT","stake_amount":327.8276,"max_stake_amount":327.8276,"amount":2360.0,"open_date":"2025-11-21 13:00:00+00:00","close_date":"2025-11-21 15:00:00+00:00","open_rate":0.13891,"close_rate":0.14133,"fee_open":0.001,"fee_close":0.001,"trade_duration":120,"profit_ratio":0.015388542060487925,"profit_abs":5.0498336,"exit_reason":"roi","initial_stop_loss_abs":0.13197,"initial_stop_loss_ratio":-0.05,"stop_loss_abs":0.13197,"stop_loss_ratio":-0.05,"min_rate":0.13746,"max_rate":0.14209,"is_open":false,"enter_tag":"","leverage":1.0,"is_short":false,"open_timestamp":1763730000000,"close_timestamp":1763737200000,"orders":[{"amount":2360.0,"safe_price":0.13891,"ft_order_side":"buy","order_filled_timestamp":1763730000000,"ft_is_entry":true,"ft_order_tag":"","cost":328.1554276},{"amount":2360.0,"safe_price":0.14133,"ft_order_side":"sell","order_filled_timestamp":1763737200000,"ft_is_entry":false,"ft_order_tag":"roi","cost":333.8723388}],"funding_fees":0.0,"weekday":4},{"pair":"DOGE/USDT","stake_amount":329.44689,"max_stake_amount":329.44689,"amount":2337.0,"open_date":"2025-11-21 22:00:00+00:00","close_date":"2025-11-22 01:00:00+00:00","open_rate":0.14097,"close_rate":0.14125222222222222,"fee_open":0.001,"fee_close":0.001,"trade_duration":180,"profit_ratio":0.0,"profit_abs":0.0,"exit_reason":"roi","initial_stop_loss_abs":0.13393,"initial_stop_loss_ratio":-0.05,"stop_loss_abs":0.13393,"stop_loss_ratio":-0.05,"min_rate":0.13574,"max_rate":0.14156,"is_open":false,"enter_tag":"","leverage":1.0,"is_short":false,"open_timestamp":1763762400000,"close_timestamp":1763773200000,"orders":[{"amount":2337.0,"safe_price":0.14097,"ft_order_side":"buy","order_filled_timestamp":1763762400000,"ft_is_entry":true,"ft_order_tag":"","cost":329.77633689000004},{"amount":2337.0,"safe_price":0.14125222222222222,"ft_order_side":"sell","order_filled_timestamp":1763773200000,"ft_is_entry":false,"ft_order_tag":"roi","cost":330.43654977666665}],"funding_fees":0.0,"weekday":5},{"pair":"DOGE/USDT","stake_amount":329.43314,"max_stake_amount":329.43314,"amount":2369.0,"open_date":"2025-11-22 07:00:00+00:00","close_date":"2025-11-22 09:00:00+00:00","open_rate":0.13906,"close_rate":0.13933839839839837,"fee_open":0.001,"fee_close":0.001,"trade_duration":120,"profit_ratio":0.0,"profit_abs":0.0,"exit_reason":"roi","initial_stop_loss_abs":0.13211,"initial_stop_loss_ratio":-0.05,"stop_loss_abs":0.13211,"stop_loss_ratio":-0.05,"min_rate":0.13549,"max_rate":0.14016,"is_open":false,"enter_tag":"","leverage":1.0,"is_short":false,"open_timestamp":1763794800000,"close_timestamp":1763802000000,"orders":[{"amount":2369.0,"safe_price":0.13906,"ft_order_side":"buy","order_filled_timestamp":1763794800000,"ft_is_entry":true,"ft_order_tag":"","cost":329.76257314},{"amount":2369.0,"safe_price":0.13933839839839837,"ft_order_side":"sell","order_filled_timestamp":1763802000000,"ft_is_entry":false,"ft_order_tag":"roi","cost":330.4227584716115}],"funding_fees":0.0,"weekday":5},{"pair":"DOGE/USDT","stake_amount":329.54922,"max_stake_amount":329.54922,"amount":2387.0,"open_date":"2025-11-22 10:00:00+00:00","close_date":"2025-11-22 14:00:00+00:00","open_rate":0.13806,"close_rate":0.1383363963963964,"fee_open":0.001,"fee_close":0.001,"trade_duration":240,"profit_ratio":0.0,"profit_abs":0.0,"exit_reason":"roi","initial_stop_loss_abs":0.13116,"initial_stop_loss_ratio":-0.05,"stop_loss_abs":0.13116,"stop_loss_ratio":-0.05,"min_rate":0.13563,"max_rate":0.13943,"is_open":false,"enter_tag":"","leverage":1.0,"is_short":false,"open_timestamp":1763805600000,"close_timestamp":1763820000000,"orders":[{"amount":2387.0,"safe_price":0.13806,"ft_order_side":"buy","order_filled_timestamp":1763805600000,"ft_is_entry":true,"ft_order_tag":"","cost":329.87876922},{"amount":2387.0,"safe_price":0.1383363963963964,"ft_order_side":"sell","order_filled_timestamp":1763820000000,"ft_is_entry":false,"ft_order_tag":"roi","cost":330.53918717639635}],"funding_fees":0.0,"weekday":5},{"pair":"DOGE/USDT","stake_amount":329.50421,"max_stake_amount":329.50421,"amount":2369.0,"open_date":"2025-11-22 15:00:00+00:00","close_date":"2025-11-22 17:00:00+00:00","open_rate":0.13909,"close_rate":0.13953,"fee_open":0.001,"fee_close":0.001,"trade_duration":120,"profit_ratio":0.0011590968525327574,"profit_abs":0.38230922,"exit_reason":"roi","initial_stop_loss_abs":0.13214,"initial_stop_loss_ratio":-0.05,"stop_loss_abs":0.13214,"stop_loss_ratio":-0.05,"min_rate":0.13729,"max_rate":0.13977,"is_open":false,"enter_tag":"","leverage":1.0,"is_short":false,"open_timestamp":1763823600000,"close_timestamp":1763830800000,"orders":[{"amount":2369.0,"safe_price":0.13909,"ft_order_side":"buy","order_filled_timestamp":1763823600000,"ft_is_entry":true,"ft_order_tag":"","cost":329.83371421},{"amount":2369.0,"safe_price":0.13953,"ft_order_side":"sell","order_filled_timestamp":1763830800000,"ft_is_entry":false,"ft_order_tag":"roi","cost":330.87711656999994}],"funding_fees":0.0,"weekday":5},{"pair":"DOGE/USDT","stake_amount":329.61746,"max_stake_amount":329.61746,"amount":2326.0,"open_date":"2025-11-23 02:00:00+00:00","close_date":"2025-11-23 04:00:00+00:00","open_rate":0.14171,"close_rate":0.14289,"fee_open":0.001,"fee_close":0.001,"trade_duration":120,"profit_ratio":0.006312225633374457,"profit_abs":2.0827004,"exit_reason":"roi","initial_stop_loss_abs":0.13463,"initial_stop_loss_ratio":-0.05,"stop_loss_abs":0.13463,"stop_loss_ratio":-0.05,"min_rate":0.14124,"max_rate":0.1447,"is_open":false,"enter_tag":"","leverage":1.0,"is_short":false,"open_timestamp":1763863200000,"close_timestamp":1763870400000,"orders":[{"amount":2326.0,"safe_price":0.14171,"ft_order_side":"buy","order_filled_timestamp":1763863200000,"ft_is_entry":true,"ft_order_tag":"","cost":329.94707745999995},{"amount":2326.0,"safe_price":0.14289,"ft_order_side":"sell","order_filled_timestamp":1763870400000,"ft_is_entry":false,"ft_order_tag":"roi","cost":332.69450213999994}],"funding_fees":0.0,"weekday":6},{"pair":"DOGE/USDT","stake_amount":330.30725,"max_stake_amount":330.30725,"amount":2275.0,"open_date":"2025-11-23 13:00:00+00:00","close_date":"2025-11-23 15:00:00+00:00","open_rate":0.14519,"close_rate":0.14548067067067066,"fee_open":0.001,"fee_close":0.001,"trade_duration":120,"profit_ratio":0.0,"profit_abs":0.0,"exit_reason":"roi","initial_stop_loss_abs":0.13794,"initial_stop_loss_ratio":-0.05,"stop_loss_abs":0.13794,"stop_loss_ratio":-0.05,"min_rate":0.14438,"max_rate":0.14775,"is_open":false,"enter_tag":"","leverage":1.0,"is_short":false,"open_timestamp":1763902800000,"close_timestamp":1763910000000,"orders":[{"amount":2275.0,"safe_price":0.14519,"ft_order_side":"buy","order_filled_timestamp":1763902800000,"ft_is_entry":true,"ft_order_tag":"","cost":330.63755725},{"amount":2275.0,"safe_price":0.14548067067067066,"ft_order_side":"sell","order_filled_timestamp":1763910000000,"ft_is_entry":false,"ft_order_tag":"roi","cost":331.29949430155153}],"funding_fees":0.0,"weekday":6},{"pair":"DOGE/USDT","stake_amount":330.25932,"max_stake_amount":330.25932,"amount":2243.0,"open_date":"2025-11-23 16:00:00+00:00","close_date":"2025-11-23 22:00:00+00:00","open_rate":0.14724,"close_rate":0.14753477477477478,"fee_open":0.001,"fee_close":0.001,"trade_duration":360,"profit_ratio":0.0,"profit_abs":0.0,"exit_reason":"roi","initial_stop_loss_abs":0.13988,"initial_stop_loss_ratio":-0.05,"stop_loss_abs":0.13988,"stop_loss_ratio":-0.05,"min_rate":0.14463,"max_rate":0.14767,"is_open":false,"enter_tag":"","leverage":1.0,"is_short":false,"open_timestamp":1763913600000,"close_timestamp":1763935200000,"orders":[{"amount":2243.0,"safe_price":0.14724,"ft_order_side":"buy","order_filled_timestamp":1763913600000,"ft_is_entry":true,"ft_order_tag":"","cost":330.58957932},{"amount":2243.0,"safe_price":0.14753477477477478,"ft_order_side":"sell","order_filled_timestamp":1763935200000,"ft_is_entry":false,"ft_order_tag":"roi","cost":331.25142031963964}],"funding_fees":0.0,"weekday":6},{"pair":"DOGE/USDT","stake_amount":330.32769,"max_stake_amount":330.32769,"amount":2233.0,"open_date":"2025-11-24 06:00:00+00:00","close_date":"2025-11-24 16:00:00+00:00","open_rate":0.14793,"close_rate":0.14822615615615614,"fee_open":0.001,"fee_close":0.001,"trade_duration":600,"profit_ratio":0.0,"profit_abs":0.0,"exit_reason":"roi","initial_stop_loss_abs":0.14054,"initial_stop_loss_ratio":-0.05,"stop_loss_abs":0.14054,"stop_loss_ratio":-0.05,"min_rate":0.14279,"max_rate":0.14854,"is_open":false,"enter_tag":"","leverage":1.0,"is_short":false,"open_timestamp":1763964000000,"close_timestamp":1764000000000,"orders":[{"amount":2233.0,"safe_price":0.14793,"ft_order_side":"buy","order_filled_timestamp":1763964000000,"ft_is_entry":true,"ft_order_tag":"","cost":330.65801769},{"amount":2233.0,"safe_price":0.14822615615615614,"ft_order_side":"sell","order_filled_timestamp":1764000000000,"ft_is_entry":false,"ft_order_tag":"roi","cost":331.3199957033933}],"funding_fees":0.0,"weekday":0},{"pair":"DOGE/USDT","stake_amount":330.32208,"max_stake_amount":330.32208,"amount":2409.0,"open_date":"2025-12-01 06:00:00+00:00","close_date":"2025-12-01 08:00:00+00:00","open_rate":0.13712,"close_rate":0.13774,"fee_open":0.001,"fee_close":0.001,"trade_duration":120,"profit_ratio":0.0025145507934306068,"profit_abs":0.83144226,"exit_reason":"roi","initial_stop_loss_abs":0.13027,"initial_stop_loss_ratio":-0.05,"stop_loss_abs":0.13027,"stop_loss_ratio":-0.05,"min_rate":0.13655,"max_rate":0.13824,"is_open":false,"enter_tag":"","leverage":1.0,"is_short":false,"open_timestamp":1764568800000,"close_timestamp":1764576000000,"orders":[{"amount":2409.0,"safe_price":0.13712,"ft_order_side":"buy","order_filled_timestamp":1764568800000,"ft_is_entry":true,"ft_order_tag":"","cost":330.65240207999994},{"amount":2409.0,"safe_price":0.13774,"ft_order_side":"sell","order_filled_timestamp":1764576000000,"ft_is_entry":false,"ft_order_tag":"roi","cost":332.14747565999994}],"funding_fees":0.0,"weekday":0},{"pair":"DOGE/USDT","stake_amount":330.59691,"max_stake_amount":330.59691,"amount":2487.0,"open_date":"2025-12-01 18:00:00+00:00","close_date":"2025-12-01 20:00:00+00:00","open_rate":0.13293,"close_rate":0.13327,"fee_open":0.001,"fee_close":0.001,"trade_duration":120,"profit_ratio":0.0005546247929457137,"profit_abs":0.1835406,"exit_reason":"roi","initial_stop_loss_abs":0.12629,"initial_stop_loss_ratio":-0.05,"stop_loss_abs":0.12629,"stop_loss_ratio":-0.05,"min_rate":0.13262,"max_rate":0.13493,"is_open":false,"enter_tag":"","leverage":1.0,"is_short":false,"open_timestamp":1764612000000,"close_timestamp":1764619200000,"orders":[{"amount":2487.0,"safe_price":0.13293,"ft_order_side":"buy","order_filled_timestamp":1764612000000,"ft_is_entry":true,"ft_order_tag":"","cost":330.9275069099999},{"amount":2487.0,"safe_price":0.13327,"ft_order_side":"sell","order_filled_timestamp":1764619200000,"ft_is_entry":false,"ft_order_tag":"roi","cost":331.77393249}],"funding_fees":0.0,"weekday":0},{"pair":"DOGE/USDT","stake_amount":330.5928,"max_stake_amount":330.5928,"amount":2438.0,"open_date":"2025-12-02 10:00:00+00:00","close_date":"2025-12-02 12:00:00+00:00","open_rate":0.1356,"close_rate":0.137,"fee_open":0.001,"fee_close":0.001,"trade_duration":120,"profit_ratio":0.008305853438596801,"profit_abs":2.7486012,"exit_reason":"roi","initial_stop_loss_abs":0.12882,"initial_stop_loss_ratio":-0.05,"stop_loss_abs":0.12882,"stop_loss_ratio":-0.05,"min_rate":0.1355,"max_rate":0.13758,"is_open":false,"enter_tag":"","leverage":1.0,"is_short":false,"open_timestamp":1764669600000,"close_timestamp":1764676800000,"orders":[{"amount":2438.0,"safe_price":0.1356,"ft_order_side":"buy","order_filled_timestamp":1764669600000,"ft_is_entry":true,"ft_order_tag":"","cost":330.9233928},{"amount":2438.0,"safe_price":0.137,"ft_order_side":"sell","order_filled_timestamp":1764676800000,"ft_is_entry":false,"ft_order_tag":"roi","cost":334.340006}],"funding_fees":0.0,"weekday":1},{"pair":"DOGE/USDT","stake_amount":331.4908,"max_stake_amount":331.4908,"amount":2180.0,"open_date":"2025-12-04 03:00:00+00:00","close_date":"2025-12-05 09:00:00+00:00","open_rate":0.15206,"close_rate":0.14446,"fee_open":0.001,"fee_close":0.001,"trade_duration":1800,"profit_ratio":-0.05187841226247118,"profit_abs":-17.2144136,"exit_reason":"stop_loss","initial_stop_loss_abs":0.14446,"initial_stop_loss_ratio":-0.05,"stop_loss_abs":0.14446,"stop_loss_ratio":-0.05,"min_rate":0.14409,"max_rate":0.15229,"is_open":false,"enter_tag":"","leverage":1.0,"is_short":false,"open_timestamp":1764817200000,"close_timestamp":1764925200000,"orders":[{"amount":2180.0,"safe_price":0.15206,"ft_order_side":"buy","order_filled_timestamp":1764817200000,"ft_is_entry":true,"ft_order_tag":"","cost":331.82229079999996},{"amount":2180.0,"safe_price":0.14446,"ft_order_side":"sell","order_filled_timestamp":1764925200000,"ft_is_entry":false,"ft_order_tag":"stop_loss","cost":315.2377228}],"funding_fees":0.0,"weekday":4},{"pair":"DOGE/USDT","stake_amount":325.86288,"max_stake_amount":325.86288,"amount":2344.0,"open_date":"2025-12-05 20:00:00+00:00","close_date":"2025-12-05 22:00:00+00:00","open_rate":0.13902,"close_rate":0.13929831831831832,"fee_open":0.001,"fee_close":0.001,"trade_duration":120,"profit_ratio":0.0,"profit_abs":0.0,"exit_reason":"roi","initial_stop_loss_abs":0.13207,"initial_stop_loss_ratio":-0.05,"stop_loss_abs":0.13207,"stop_loss_ratio":-0.05,"min_rate":0.13803,"max_rate":0.13944,"is_open":false,"enter_tag":"","leverage":1.0,"is_short":false,"open_timestamp":1764964800000,"close_timestamp":1764972000000,"orders":[{"amount":2344.0,"safe_price":0.13902,"ft_order_side":"buy","order_filled_timestamp":1764964800000,"ft_is_entry":true,"ft_order_tag":"","cost":326.18874288},{"amount":2344.0,"safe_price":0.13929831831831832,"ft_order_side":"sell","order_filled_timestamp":1764972000000,"ft_is_entry":false,"ft_order_tag":"roi","cost":326.84177339627627}],"funding_fees":0.0,"weekday":4},{"pair":"DOGE/USDT","stake_amount":325.8672,"max_stake_amount":325.8672,"amount":2341.0,"open_date":"2025-12-06 10:00:00+00:00","close_date":"2025-12-06 12:00:00+00:00","open_rate":0.1392,"close_rate":0.13968,"fee_open":0.001,"fee_close":0.001,"trade_duration":120,"profit_ratio":0.0014433842020048918,"profit_abs":0.47082192,"exit_reason":"roi","initial_stop_loss_abs":0.13224,"initial_stop_loss_ratio":-0.05,"stop_loss_abs":0.13224,"stop_loss_ratio":-0.05,"min_rate":0.13897,"max_rate":0.13992,"is_open":false,"enter_tag":"","leverage":1.0,"is_short":false,"open_timestamp":1765015200000,"close_timestamp":1765022400000,"orders":[{"amount":2341.0,"safe_price":0.1392,"ft_order_side":"buy","order_filled_timestamp":1765015200000,"ft_is_entry":true,"ft_order_tag":"","cost":326.1930671999999},{"amount":2341.0,"safe_price":0.13968,"ft_order_side":"sell","order_filled_timestamp":1765022400000,"ft_is_entry":false,"ft_order_tag":"roi","cost":327.31787088}],"funding_fees":0.0,"weekday":5},{"pair":"DOGE/USDT","stake_amount":325.99009,"max_stake_amount":325.99009,"amount":2333.0,"open_date":"2025-12-06 21:00:00+00:00","close_date":"2025-12-07 00:00:00+00:00","open_rate":0.13973,"close_rate":0.1400097397397397,"fee_open":0.001,"fee_close":0.001,"trade_duration":180,"profit_ratio":0.0,"profit_abs":0.0,"exit_reason":"roi","initial_stop_loss_abs":0.13275,"initial_stop_loss_ratio":-0.05,"stop_loss_abs":0.13275,"stop_loss_ratio":-0.05,"min_rate":0.13906,"max_rate":0.1405,"is_open":false,"enter_tag":"","leverage":1.0,"is_short":false,"open_timestamp":1765054800000,"close_timestamp":1765065600000,"orders":[{"amount":2333.0,"safe_price":0.13973,"ft_order_side":"buy","order_filled_timestamp":1765054800000,"ft_is_entry":true,"ft_order_tag":"","cost":326.31608008999996},{"amount":2333.0,"safe_price":0.1400097397397397,"ft_order_side":"sell","order_filled_timestamp":1765065600000,"ft_is_entry":false,"ft_order_tag":"roi","cost":326.9693655356255}],"funding_fees":0.0,"weekday":6},{"pair":"DOGE/USDT","stake_amount":326.0673,"max_stake_amount":326.0673,"amount":2418.0,"open_date":"2025-12-14 19:00:00+00:00","close_date":"2025-12-15 00:00:00+00:00","open_rate":0.13485,"close_rate":0.13511996996996997,"fee_open":0.001,"fee_close":0.001,"trade_duration":300,"profit_ratio":0.0,"profit_abs":0.0,"exit_reason":"roi","initial_stop_loss_abs":0.12811,"initial_stop_loss_ratio":-0.05,"stop_loss_abs":0.12811,"stop_loss_ratio":-0.05,"min_rate":0.13261,"max_rate":0.1353,"is_open":false,"enter_tag":"","leverage":1.0,"is_short":false,"open_timestamp":1765738800000,"close_timestamp":1765756800000,"orders":[{"amount":2418.0,"safe_price":0.13485,"ft_order_side":"buy","order_filled_timestamp":1765738800000,"ft_is_entry":true,"ft_order_tag":"","cost":326.39336729999997},{"amount":2418.0,"safe_price":0.13511996996996997,"ft_order_side":"sell","order_filled_timestamp":1765756800000,"ft_is_entry":false,"ft_order_tag":"roi","cost":327.0468074747747}],"funding_fees":0.0,"weekday":0},{"pair":"DOGE/USDT","stake_amount":326.04758,"max_stake_amount":326.04758,"amount":2378.0,"open_date":"2025-12-15 10:00:00+00:00","close_date":"2025-12-15 14:00:00+00:00","open_rate":0.13711,"close_rate":0.1373844944944945,"fee_open":0.001,"fee_close":0.001,"trade_duration":240,"profit_ratio":0.0,"profit_abs":0.0,"exit_reason":"roi","initial_stop_loss_abs":0.13026,"initial_stop_loss_ratio":-0.05,"stop_loss_abs":0.13026,"stop_loss_ratio":-0.05,"min_rate":0.13272,"max_rate":0.13774,"is_open":false,"enter_tag":"","leverage":1.0,"is_short":false,"open_timestamp":1765792800000,"close_timestamp":1765807200000,"orders":[{"amount":2378.0,"safe_price":0.13711,"ft_order_side":"buy","order_filled_timestamp":1765792800000,"ft_is_entry":true,"ft_order_tag":"","cost":326.37362758},{"amount":2378.0,"safe_price":0.1373844944944945,"ft_order_side":"sell","order_filled_timestamp":1765807200000,"ft_is_entry":false,"ft_order_tag":"roi","cost":327.0270282358158}],"funding_fees":0.0,"weekday":0},{"pair":"DOGE/USDT","stake_amount":325.9905,"max_stake_amount":325.9905,"amount":2530.0,"open_date":"2025-12-15 22:00:00+00:00","close_date":"2025-12-16 00:00:00+00:00","open_rate":0.12885,"close_rate":0.12975,"fee_open":0.001,"fee_close":0.001,"trade_duration":120,"profit_ratio":0.004972908348926975,"profit_abs":1.622742,"exit_reason":"roi","initial_stop_loss_abs":0.12241,"initial_stop_loss_ratio":-0.05,"stop_loss_abs":0.12241,"stop_loss_ratio":-0.05,"min_rate":0.12824,"max_rate":0.13014,"is_open":false,"enter_tag":"","leverage":1.0,"is_short":false,"open_timestamp":1765836000000,"close_timestamp":1765843200000,"orders":[{"amount":2530.0,"safe_price":0.12885,"ft_order_side":"buy","order_filled_timestamp":1765836000000,"ft_is_entry":true,"ft_order_tag":"","cost":326.3164905},{"amount":2530.0,"safe_price":0.12975,"ft_order_side":"sell","order_filled_timestamp":1765843200000,"ft_is_entry":false,"ft_order_tag":"roi","cost":328.59576749999997}],"funding_fees":0.0,"weekday":1},{"pair":"DOGE/USDT","stake_amount":326.58984,"max_stake_amount":326.58984,"amount":2538.0,"open_date":"2025-12-16 09:00:00+00:00","close_date":"2025-12-16 11:00:00+00:00","open_rate":0.12868,"close_rate":0.13087,"fee_open":0.001,"fee_close":0.001,"trade_duration":120,"profit_ratio":0.014986955848006517,"profit_abs":4.8994821,"exit_reason":"roi","initial_stop_loss_abs":0.12225,"initial_stop_loss_ratio":-0.05,"stop_loss_abs":0.12225,"stop_loss_ratio":-0.05,"min_rate":0.12867,"max_rate":0.13205,"is_open":false,"enter_tag":"","leverage":1.0,"is_short":false,"open_timestamp":1765875600000,"close_timestamp":1765882800000,"orders":[{"amount":2538.0,"safe_price":0.12868,"ft_order_side":"buy","order_filled_timestamp":1765875600000,"ft_is_entry":true,"ft_order_tag":"","cost":326.9164298399999},{"amount":2538.0,"safe_price":0.13087,"ft_order_side":"sell","order_filled_timestamp":1765882800000,"ft_is_entry":false,"ft_order_tag":"roi","cost":332.48020805999994}],"funding_fees":0.0,"weekday":1},{"pair":"DOGE/USDT","stake_amount":328.16226,"max_stake_amount":328.16226,"amount":2498.0,"open_date":"2025-12-16 15:00:00+00:00","close_date":"2025-12-16 17:00:00+00:00","open_rate":0.13137,"close_rate":0.13164,"fee_open":0.001,"fee_close":0.001,"trade_duration":120,"profit_ratio":5.315533975045279e-05,"profit_abs":0.01746102,"exit_reason":"roi","initial_stop_loss_abs":0.12481,"initial_stop_loss_ratio":-0.05,"stop_loss_abs":0.12481,"stop_loss_ratio":-0.05,"min_rate":0.13069,"max_rate":0.13305,"is_open":false,"enter_tag":"","leverage":1.0,"is_short":false,"open_timestamp":1765897200000,"close_timestamp":1765904400000,"orders":[{"amount":2498.0,"safe_price":0.13137,"ft_order_side":"buy","order_filled_timestamp":1765897200000,"ft_is_entry":true,"ft_order_tag":"","cost":328.4904222599999},{"amount":2498.0,"safe_price":0.13164,"ft_order_side":"sell","order_filled_timestamp":1765904400000,"ft_is_entry":false,"ft_order_tag":"roi","cost":329.16555672}],"funding_fees":0.0,"weekday":1},{"pair":"DOGE/USDT","stake_amount":328.125,"max_stake_amount":328.125,"amount":2500.0,"open_date":"2025-12-19 19:00:00+00:00","close_date":"2025-12-19 21:00:00+00:00","open_rate":0.13125,"close_rate":0.13302,"fee_open":0.001,"fee_close":0.001,"trade_duration":120,"profit_ratio":0.011460767803624946,"profit_abs":3.764325,"exit_reason":"roi","initial_stop_loss_abs":0.12469,"initial_stop_loss_ratio":-0.05,"stop_loss_abs":0.12469,"stop_loss_ratio":-0.05,"min_rate":0.13125,"max_rate":0.13353,"is_open":false,"enter_tag":"","leverage":1.0,"is_short":false,"open_timestamp":1766170800000,"close_timestamp":1766178000000,"orders":[{"amount":2500.0,"safe_price":0.13125,"ft_order_side":"buy","order_filled_timestamp":1766170800000,"ft_is_entry":true,"ft_order_tag":"","cost":328.45312499999994},{"amount":2500.0,"safe_price":0.13302,"ft_order_side":"sell","order_filled_timestamp":1766178000000,"ft_is_entry":false,"ft_order_tag":"roi","cost":332.88255}],"funding_fees":0.0,"weekday":4},{"pair":"DOGE/USDT","stake_amount":329.44995,"max_stake_amount":329.44995,"amount":2493.0,"open_date":"2025-12-20 19:00:00+00:00","close_date":"2025-12-20 21:00:00+00:00","open_rate":0.13215,"close_rate":0.13241456456456455,"fee_open":0.001,"fee_close":0.001,"trade_duration":120,"profit_ratio":0.0,"profit_abs":0.0,"exit_reason":"roi","initial_stop_loss_abs":0.12555,"initial_stop_loss_ratio":-0.05,"stop_loss_abs":0.12555,"stop_loss_ratio":-0.05,"min_rate":0.13193,"max_rate":0.13246,"is_open":false,"enter_tag":"","leverage":1.0,"is_short":false,"open_timestamp":1766257200000,"close_timestamp":1766264400000,"orders":[{"amount":2493.0,"safe_price":0.13215,"ft_order_side":"buy","order_filled_timestamp":1766257200000,"ft_is_entry":true,"ft_order_tag":"","cost":329.77939994999997},{"amount":2493.0,"safe_price":0.13241456456456455,"ft_order_side":"sell","order_filled_timestamp":1766264400000,"ft_is_entry":false,"ft_order_tag":"roi","cost":330.4396189689188}],"funding_fees":0.0,"weekday":5},{"pair":"DOGE/USDT","stake_amount":329.43456,"max_stake_amount":329.43456,"amount":2457.0,"open_date":"2025-12-22 15:00:00+00:00","close_date":"2025-12-22 18:00:00+00:00","open_rate":0.13408,"close_rate":0.13434842842842842,"fee_open":0.001,"fee_close":0.001,"trade_duration":180,"profit_ratio":0.0,"profit_abs":0.0,"exit_reason":"roi","initial_stop_loss_abs":0.12738,"initial_stop_loss_ratio":-0.05,"stop_loss_abs":0.12738,"stop_loss_ratio":-0.05,"min_rate":0.13267,"max_rate":0.1354,"is_open":false,"enter_tag":"","leverage":1.0,"is_short":false,"open_timestamp":1766415600000,"close_timestamp":1766426400000,"orders":[{"amount":2457.0,"safe_price":0.13408,"ft_order_side":"buy","order_filled_timestamp":1766415600000,"ft_is_entry":true,"ft_order_tag":"","cost":329.76399456},{"amount":2457.0,"safe_price":0.13434842842842842,"ft_order_side":"sell","order_filled_timestamp":1766426400000,"ft_is_entry":false,"ft_order_tag":"roi","cost":330.42418273729726}],"funding_fees":0.0,"weekday":0},{"pair":"DOGE/USDT","stake_amount":329.39712,"max_stake_amount":329.39712,"amount":2656.0,"open_date":"2025-12-29 18:00:00+00:00","close_date":"2025-12-30 08:00:00+00:00","open_rate":0.12402,"close_rate":0.12426828828828829,"fee_open":0.001,"fee_close":0.001,"trade_duration":840,"profit_ratio":0.0,"profit_abs":0.0,"exit_reason":"roi","initial_stop_loss_abs":0.11782,"initial_stop_loss_ratio":-0.05,"stop_loss_abs":0.11782,"stop_loss_ratio":-0.05,"min_rate":0.12228,"max_rate":0.12486,"is_open":false,"enter_tag":"","leverage":1.0,"is_short":false,"open_timestamp":1767031200000,"close_timestamp":1767081600000,"orders":[{"amount":2656.0,"safe_price":0.12402,"ft_order_side":"buy","order_filled_timestamp":1767031200000,"ft_is_entry":true,"ft_order_tag":"","cost":329.72651712},{"amount":2656.0,"safe_price":0.12426828828828829,"ft_order_side":"sell","order_filled_timestamp":1767081600000,"ft_is_entry":false,"ft_order_tag":"roi","cost":330.3866302673873}],"funding_fees":0.0,"weekday":1},{"pair":"DOGE/USDT","stake_amount":329.47,"max_stake_amount":329.47,"amount":2804.0,"open_date":"2025-12-31 22:00:00+00:00","close_date":"2026-01-01 00:00:00+00:00","open_rate":0.1175,"close_rate":0.11773523523523523,"fee_open":0.001,"fee_close":0.001,"trade_duration":120,"profit_ratio":0.0,"profit_abs":0.0,"exit_reason":"roi","initial_stop_loss_abs":0.11163,"initial_stop_loss_ratio":-0.05,"stop_loss_abs":0.11163,"stop_loss_ratio":-0.05,"min_rate":0.11707,"max_rate":0.11798,"is_open":false,"enter_tag":"","leverage":1.0,"is_short":false,"open_timestamp":1767218400000,"close_timestamp":1767225600000,"orders":[{"amount":2804.0,"safe_price":0.1175,"ft_order_side":"buy","order_filled_timestamp":1767218400000,"ft_is_entry":true,"ft_order_tag":"","cost":329.7994699999999},{"amount":2804.0,"safe_price":0.11773523523523523,"ft_order_side":"sell","order_filled_timestamp":1767225600000,"ft_is_entry":false,"ft_order_tag":"roi","cost":330.45972919919916}],"funding_fees":0.0,"weekday":3},{"pair":"DOGE/USDT","stake_amount":329.44765,"max_stake_amount":329.44765,"amount":2315.0,"open_date":"2026-01-03 21:00:00+00:00","close_date":"2026-01-03 23:00:00+00:00","open_rate":0.14231,"close_rate":0.14275,"fee_open":0.001,"fee_close":0.001,"trade_duration":120,"profit_ratio":0.001087662249913673,"profit_abs":0.3586861,"exit_reason":"roi","initial_stop_loss_abs":0.1352,"initial_stop_loss_ratio":-0.05,"stop_loss_abs":0.1352,"stop_loss_ratio":-0.05,"min_rate":0.14207,"max_rate":0.14372,"is_open":false,"enter_tag":"","leverage":1.0,"is_short":false,"open_timestamp":1767474000000,"close_timestamp":1767481200000,"orders":[{"amount":2315.0,"safe_price":0.14231,"ft_order_side":"buy","order_filled_timestamp":1767474000000,"ft_is_entry":true,"ft_order_tag":"","cost":329.7770976499999},{"amount":2315.0,"safe_price":0.14275,"ft_order_side":"sell","order_filled_timestamp":1767481200000,"ft_is_entry":false,"ft_order_tag":"roi","cost":330.7967162499999}],"funding_fees":0.0,"weekday":5},{"pair":"DOGE/USDT","stake_amount":329.51529,"max_stake_amount":329.51529,"amount":2223.0,"open_date":"2026-01-05 15:00:00+00:00","close_date":"2026-01-05 17:00:00+00:00","open_rate":0.14823,"close_rate":0.15047,"fee_open":0.001,"fee_close":0.001,"trade_duration":120,"profit_ratio":0.013083455706406526,"profit_abs":4.3155099,"exit_reason":"roi","initial_stop_loss_abs":0.14082,"initial_stop_loss_ratio":-0.05,"stop_loss_abs":0.14082,"stop_loss_ratio":-0.05,"min_rate":0.14648,"max_rate":0.15386,"is_open":false,"enter_tag":"","leverage":1.0,"is_short":false,"open_timestamp":1767625200000,"close_timestamp":1767632400000,"orders":[{"amount":2223.0,"safe_price":0.14823,"ft_order_side":"buy","order_filled_timestamp":1767625200000,"ft_is_entry":true,"ft_order_tag":"","cost":329.84480528999995},{"amount":2223.0,"safe_price":0.15047,"ft_order_side":"sell","order_filled_timestamp":1767632400000,"ft_is_entry":false,"ft_order_tag":"roi","cost":334.82930480999994}],"funding_fees":0.0,"weekday":0}],"locks":[],"best_pair":{"key":"DOGE/USDT","trades":71,"profit_mean":0.0001912447775012064,"profit_mean_pct":0.02,"profit_total_abs":3.1486972199999976,"profit_total":0.0031486972199999976,"profit_total_pct":0.31,"duration_avg":"4:03:00","wins":30,"draws":35,"losses":6,"winrate":0.4225352112676056,"cagr":0.011899822611334043,"expectancy":0.04434784816901405,"expectancy_ratio":-0.4904464165263779,"sortino":2.015121423853077,"sharpe":0.09848252478184241,"calmar":0.9847518581053171,"sqn":0.0589,"profit_factor":1.0297174044378623,"max_drawdown_account":0.0629765390413357,"max_drawdown_abs":66.38244331000001},"worst_pair":{"key":"DOGE/USDT","trades":71,"profit_mean":0.0001912447775012064,"profit_mean_pct":0.02,"profit_total_abs":3.1486972199999976,"profit_total":0.0031486972199999976,"profit_total_pct":0.31,"duration_avg":"4:03:00","wins":30,"draws":35,"losses":6,"winrate":0.4225352112676056,"cagr":0.011899822611334043,"expectancy":0.04434784816901405,"expectancy_ratio":-0.4904464165263779,"sortino":2.015121423853077,"sharpe":0.09848252478184241,"calmar":0.9847518581053171,"sqn":0.0589,"profit_factor":1.0297174044378623,"max_drawdown_account":0.0629765390413357,"max_drawdown_abs":66.38244331000001},"results_per_pair":[{"key":"DOGE/USDT","trades":71,"profit_mean":0.0001912447775012064,"profit_mean_pct":0.02,"profit_total_abs":3.1486972199999976,"profit_total":0.0031486972199999976,"profit_total_pct":0.31,"duration_avg":"4:03:00","wins":30,"draws":35,"losses":6,"winrate":0.4225352112676056,"cagr":0.011899822611334043,"expectancy":0.04434784816901405,"expectancy_ratio":-0.4904464165263779,"sortino":2.015121423853077,"sharpe":0.09848252478184241,"calmar":0.9847518581053171,"sqn":0.0589,"profit_factor":1.0297174044378623,"max_drawdown_account":0.0629765390413357,"max_drawdown_abs":66.38244331000001},{"key":"TOTAL","trades":71,"profit_mean":0.0001912447775012064,"profit_mean_pct":0.02,"profit_total_abs":3.1486972199999976,"profit_total":0.0031486972199999976,"profit_total_pct":0.31,"duration_avg":"4:03:00","wins":30,"draws":35,"losses":6,"winrate":0.4225352112676056,"cagr":0.011899822611334043,"expectancy":0.04434784816901405,"expectancy_ratio":-0.4904464165263779,"sortino":2.015121423853077,"sharpe":0.09848252478184241,"calmar":0.9847518581053171,"sqn":0.0589,"profit_factor":1.0297174044378623,"max_drawdown_account":0.0629765390413357,"max_drawdown_abs":66.38244331000001}],"results_per_enter_tag":[{"key":"","trades":71,"profit_mean":0.0001912447775012064,"profit_mean_pct":0.02,"profit_total_abs":3.1486972199999976,"profit_total":0.0031486972199999976,"profit_total_pct":0.31,"duration_avg":"4:03:00","wins":30,"draws":35,"losses":6,"winrate":0.4225352112676056,"cagr":0.011899822611334043,"expectancy":0.04434784816901405,"expectancy_ratio":-0.4904464165263779,"sortino":2.015121423853077,"sharpe":0.09848252478184241,"calmar":0.9847518581053171,"sqn":0.0589,"profit_factor":1.0297174044378623,"max_drawdown_account":0.0629765390413357,"max_drawdown_abs":66.38244331000001},{"key":"TOTAL","trades":71,"profit_mean":0.0001912447775012064,"profit_mean_pct":0.02,"profit_total_abs":3.1486972199999976,"profit_total":0.0031486972199999976,"profit_total_pct":0.31,"duration_avg":"4:03:00","wins":30,"draws":35,"losses":6,"winrate":0.4225352112676056,"cagr":0.011899822611334043,"expectancy":0.04434784816901405,"expectancy_ratio":-0.4904464165263779,"sortino":2.015121423853077,"sharpe":0.09848252478184241,"calmar":0.9847518581053171,"sqn":0.0589,"profit_factor":1.0297174044378623,"max_drawdown_account":0.0629765390413357,"max_drawdown_abs":66.38244331000001}],"exit_reason_summary":[{"key":"roi","trades":65,"profit_mean":0.0049974133054077425,"profit_mean_pct":0.5,"profit_total_abs":109.10334835999998,"profit_total":0.10910334835999999,"profit_total_pct":10.91,"duration_avg":"3:29:00","wins":30,"draws":35,"losses":0,"winrate":0.46153846153846156,"cagr":0.47646990071171325,"expectancy":1.6785130516923077,"expectancy_ratio":100.0,"sortino":-100,"sharpe":6.280883458720362,"calmar":-100,"sqn":3.9248,"profit_factor":0.0,"max_drawdown_account":0.0,"max_drawdown_abs":0.0},{"key":"stop_loss","trades":6,"profit_mean":-0.05187558094148626,"profit_mean_pct":-5.19,"profit_total_abs":-105.95465114000001,"profit_total":-0.10595465114000001,"profit_total_pct":-10.6,"duration_avg":"10:10:00","wins":0,"draws":0,"losses":6,"winrate":0.0,"cagr":-0.3438977974591999,"expectancy":-17.659108523333334,"expectancy_ratio":-1.0,"sortino":-67.80946929825564,"sharpe":-67.80946929825564,"calmar":-19.69584863354928,"sqn":-128.3067,"profit_factor":0.0,"max_drawdown_account":0.10595465114000001,"max_drawdown_abs":105.95465114000001},{"key":"TOTAL","trades":71,"profit_mean":0.0001912447775012064,"profit_mean_pct":0.02,"profit_total_abs":3.1486972199999976,"profit_total":0.0031486972199999976,"profit_total_pct":0.31,"duration_avg":"4:03:00","wins":30,"draws":35,"losses":6,"winrate":0.4225352112676056,"cagr":0.011899822611334043,"expectancy":0.04434784816901405,"expectancy_ratio":-0.4904464165263779,"sortino":2.015121423853077,"sharpe":0.09848252478184241,"calmar":0.9847518581053171,"sqn":0.0589,"profit_factor":1.0297174044378623,"max_drawdown_account":0.0629765390413357,"max_drawdown_abs":66.38244331000001}],"mix_tag_stats":[{"key":["","roi"],"trades":65,"profit_mean":0.0049974133054077425,"profit_mean_pct":0.5,"profit_total_abs":109.10334835999998,"profit_total":0.10910334835999999,"profit_total_pct":10.91,"duration_avg":"3:29:00","wins":30,"draws":35,"losses":0,"winrate":0.46153846153846156,"cagr":0.47646990071171325,"expectancy":1.6785130516923077,"expectancy_ratio":100.0,"sortino":-100,"sharpe":6.280883458720362,"calmar":-100,"sqn":3.9248,"profit_factor":0.0,"max_drawdown_account":0.0,"max_drawdown_abs":0.0},{"key":["","stop_loss"],"trades":6,"profit_mean":-0.05187558094148626,"profit_mean_pct":-5.19,"profit_total_abs":-105.95465114000001,"profit_total":-0.10595465114000001,"profit_total_pct":-10.6,"duration_avg":"10:10:00","wins":0,"draws":0,"losses":6,"winrate":0.0,"cagr":-0.3438977974591999,"expectancy":-17.659108523333334,"expectancy_ratio":-1.0,"sortino":-67.80946929825564,"sharpe":-67.80946929825564,"calmar":-19.69584863354928,"sqn":-128.3067,"profit_factor":0.0,"max_drawdown_account":0.10595465114000001,"max_drawdown_abs":105.95465114000001},{"key":"TOTAL","trades":71,"profit_mean":0.0001912447775012064,"profit_mean_pct":0.02,"profit_total_abs":3.1486972199999976,"profit_total":0.0031486972199999976,"profit_total_pct":0.31,"duration_avg":"4:03:00","wins":30,"draws":35,"losses":6,"winrate":0.4225352112676056,"cagr":0.011899822611334043,"expectancy":0.04434784816901405,"expectancy_ratio":-0.4904464165263779,"sortino":2.015121423853077,"sharpe":0.09848252478184241,"calmar":0.9847518581053171,"sqn":0.0589,"profit_factor":1.0297174044378623,"max_drawdown_account":0.0629765390413357,"max_drawdown_abs":66.38244331000001}],"left_open_trades":[{"key":"TOTAL","trades":0,"profit_mean":0.0,"profit_mean_pct":0.0,"profit_total_abs":0.0,"profit_total":0.0,"profit_total_pct":0.0,"duration_avg":"0:00","wins":0,"draws":0,"losses":0,"winrate":0.0,"cagr":0.0,"expectancy":0.0,"expectancy_ratio":100.0,"sortino":0,"sharpe":0,"calmar":0,"sqn":0.0,"profit_factor":0.0,"max_drawdown_account":0.0,"max_drawdown_abs":0.0}],"total_trades":71,"trade_count_long":71,"trade_count_short":0,"total_volume":47787.52218201923,"avg_stake_amount":335.83728112676056,"profit_mean":0.0001912447775012064,"profit_median":0.0,"profit_total":0.0031486972199999976,"profit_total_long":0.0031486972199999976,"profit_total_short":0.0,"profit_total_abs":3.1486972199999976,"profit_total_long_abs":3.1486972199999976,"profit_total_short_abs":0.0,"cagr":0.011899822611334043,"expectancy":0.04434784816901405,"expectancy_ratio":-0.4904464165263779,"sortino":2.015121423853077,"sharpe":0.09848252478184241,"calmar":0.9847518581053171,"sqn":0.0589,"profit_factor":1.0297174044378623,"backtest_start":"2025-10-01 00:00:00","backtest_start_ts":1759276800000,"backtest_end":"2026-01-06 20:00:00","backtest_end_ts":1767729600000,"backtest_days":97,"backtest_run_start_ts":1767752919,"backtest_run_end_ts":1767752919,"trades_per_day":0.73,"market_change":-0.36632086436227446,"pairlist":["DOGE/USDT"],"stake_amount":"unlimited","stake_currency":"USDT","stake_currency_decimals":3,"starting_balance":1000,"dry_run_wallet":1000,"final_balance":1003.14869722,"rejected_signals":0,"timedout_entry_orders":0,"timedout_exit_orders":0,"canceled_trade_entries":0,"canceled_entry_orders":0,"replaced_entry_orders":0,"max_open_trades":1,"max_open_trades_setting":3,"timeframe":"1h","timeframe_detail":"","timerange":"20251001-","enable_protections":false,"strategy_name":"ACO_80_18","freqaimodel":null,"freqai_identifier":null,"stoploss":-0.05,"trailing_stop":false,"trailing_stop_positive":null,"trailing_stop_positive_offset":0.0,"trailing_only_offset_is_reached":false,"use_custom_stoploss":false,"minimal_roi":{"0":0.1,"60":0.05,"120":0.0},"use_exit_signal":true,"exit_profit_only":false,"exit_profit_offset":0.0,"ignore_roi_if_entry_signal":false,"trading_mode":"spot","margin_mode":"","periodic_breakdown":{"day":[{"date":"02/10/2025","date_ts":1759363200000,"profit_abs":0.0,"wins":0,"draws":1,"losses":0,"trades":1,"profit_factor":0.0},{"date":"03/10/2025","date_ts":1759449600000,"profit_abs":0.0,"wins":0,"draws":1,"losses":0,"trades":1,"profit_factor":0.0},{"date":"04/10/2025","date_ts":1759536000000,"profit_abs":0.0,"wins":0,"draws":1,"losses":0,"trades":1,"profit_factor":0.0},{"date":"05/10/2025","date_ts":1759622400000,"profit_abs":0.0,"wins":0,"draws":0,"losses":0,"trades":0,"profit_factor":0.0},{"date":"06/10/2025","date_ts":1759708800000,"profit_abs":0.0,"wins":0,"draws":0,"losses":0,"trades":0,"profit_factor":0.0},{"date":"07/10/2025","date_ts":1759795200000,"profit_abs":0.0,"wins":0,"draws":0,"losses":0,"trades":0,"profit_factor":0.0},{"date":"08/10/2025","date_ts":1759881600000,"profit_abs":0.0,"wins":0,"draws":1,"losses":0,"trades":1,"profit_factor":0.0},{"date":"09/10/2025","date_ts":1759968000000,"profit_abs":0.0,"wins":0,"draws":1,"losses":0,"trades":1,"profit_factor":0.0},{"date":"10/10/2025","date_ts":1760054400000,"profit_abs":0.0,"wins":0,"draws":0,"losses":0,"trades":0,"profit_factor":0.0},{"date":"11/10/2025","date_ts":1760140800000,"profit_abs":5.27937486,"wins":1,"draws":0,"losses":0,"trades":1,"profit_factor":0.0},{"date":"12/10/2025","date_ts":1760227200000,"profit_abs":43.78413969,"wins":3,"draws":0,"losses":0,"trades":3,"profit_factor":0.0},{"date":"13/10/2025","date_ts":1760313600000,"profit_abs":0.0,"wins":0,"draws":1,"losses":0,"trades":1,"profit_factor":0.0},{"date":"14/10/2025","date_ts":1760400000000,"profit_abs":0.0,"wins":0,"draws":1,"losses":0,"trades":1,"profit_factor":0.0},{"date":"15/10/2025","date_ts":1760486400000,"profit_abs":0.0,"wins":0,"draws":1,"losses":0,"trades":1,"profit_factor":0.0},{"date":"16/10/2025","date_ts":1760572800000,"profit_abs":-13.04535216,"wins":2,"draws":0,"losses":1,"trades":3,"profit_factor":0.27782395},{"date":"17/10/2025","date_ts":1760659200000,"profit_abs":0.0,"wins":0,"draws":1,"losses":0,"trades":1,"profit_factor":0.0},{"date":"18/10/2025","date_ts":1760745600000,"profit_abs":0.0,"wins":0,"draws":1,"losses":0,"trades":1,"profit_factor":0.0},{"date":"19/10/2025","date_ts":1760832000000,"profit_abs":0.0,"wins":0,"draws":0,"losses":0,"trades":0,"profit_factor":0.0},{"date":"20/10/2025","date_ts":1760918400000,"profit_abs":0.0,"wins":0,"draws":0,"losses":0,"trades":0,"profit_factor":0.0},{"date":"21/10/2025","date_ts":1761004800000,"profit_abs":0.0,"wins":0,"draws":0,"losses":0,"trades":0,"profit_factor":0.0},{"date":"22/10/2025","date_ts":1761091200000,"profit_abs":1.74720896,"wins":1,"draws":0,"losses":0,"trades":1,"profit_factor":0.0},{"date":"23/10/2025","date_ts":1761177600000,"profit_abs":0.0,"wins":0,"draws":1,"losses":0,"trades":1,"profit_factor":0.0},{"date":"24/10/2025","date_ts":1761264000000,"profit_abs":0.0,"wins":0,"draws":0,"losses":0,"trades":0,"profit_factor":0.0},{"date":"25/10/2025","date_ts":1761350400000,"profit_abs":0.0,"wins":0,"draws":0,"losses":0,"trades":0,"profit_factor":0.0},{"date":"26/10/2025","date_ts":1761436800000,"profit_abs":0.0,"wins":0,"draws":0,"losses":0,"trades":0,"profit_factor":0.0},{"date":"27/10/2025","date_ts":1761523200000,"profit_abs":3.19133164,"wins":1,"draws":0,"losses":0,"trades":1,"profit_factor":0.0},{"date":"28/10/2025","date_ts":1761609600000,"profit_abs":0.0,"wins":0,"draws":1,"losses":0,"trades":1,"profit_factor":0.0},{"date":"29/10/2025","date_ts":1761696000000,"profit_abs":2.9026053,"wins":1,"draws":1,"losses":0,"trades":2,"profit_factor":0.0},{"date":"30/10/2025","date_ts":1761782400000,"profit_abs":0.0,"wins":0,"draws":1,"losses":0,"trades":1,"profit_factor":0.0},{"date":"31/10/2025","date_ts":1761868800000,"profit_abs":0.0,"wins":0,"draws":1,"losses":0,"trades":1,"profit_factor":0.0},{"date":"01/11/2025","date_ts":1761955200000,"profit_abs":0.0,"wins":0,"draws":0,"losses":0,"trades":0,"profit_factor":0.0},{"date":"02/11/2025","date_ts":1762041600000,"profit_abs":0.0,"wins":0,"draws":0,"losses":0,"trades":0,"profit_factor":0.0},{"date":"03/11/2025","date_ts":1762128000000,"profit_abs":0.0,"wins":0,"draws":0,"losses":0,"trades":0,"profit_factor":0.0},{"date":"04/11/2025","date_ts":1762214400000,"profit_abs":-7.76656553,"wins":2,"draws":1,"losses":1,"trades":4,"profit_factor":0.56597542},{"date":"05/11/2025","date_ts":1762300800000,"profit_abs":3.00628514,"wins":2,"draws":0,"losses":0,"trades":2,"profit_factor":0.0},{"date":"06/11/2025","date_ts":1762387200000,"profit_abs":0.0,"wins":0,"draws":1,"losses":0,"trades":1,"profit_factor":0.0},{"date":"07/11/2025","date_ts":1762473600000,"profit_abs":0.0,"wins":0,"draws":1,"losses":0,"trades":1,"profit_factor":0.0},{"date":"08/11/2025","date_ts":1762560000000,"profit_abs":0.0,"wins":0,"draws":0,"losses":0,"trades":0,"profit_factor":0.0},{"date":"09/11/2025","date_ts":1762646400000,"profit_abs":0.0,"wins":0,"draws":0,"losses":0,"trades":0,"profit_factor":0.0},{"date":"10/11/2025","date_ts":1762732800000,"profit_abs":0.0,"wins":0,"draws":0,"losses":0,"trades":0,"profit_factor":0.0},{"date":"11/11/2025","date_ts":1762819200000,"profit_abs":0.0,"wins":0,"draws":1,"losses":0,"trades":1,"profit_factor":0.0},{"date":"12/11/2025","date_ts":1762905600000,"profit_abs":0.0,"wins":0,"draws":1,"losses":0,"trades":1,"profit_factor":0.0},{"date":"13/11/2025","date_ts":1762992000000,"profit_abs":0.0,"wins":0,"draws":0,"losses":0,"trades":0,"profit_factor":0.0},{"date":"14/11/2025","date_ts":1763078400000,"profit_abs":-15.66039912,"wins":1,"draws":1,"losses":1,"trades":3,"profit_factor":0.12210997},{"date":"15/11/2025","date_ts":1763164800000,"profit_abs":4.86228624,"wins":2,"draws":0,"losses":0,"trades":2,"profit_factor":0.0},{"date":"16/11/2025","date_ts":1763251200000,"profit_abs":0.27804928,"wins":1,"draws":0,"losses":0,"trades":1,"profit_factor":0.0},{"date":"17/11/2025","date_ts":1763337600000,"profit_abs":0.0,"wins":0,"draws":0,"losses":0,"trades":0,"profit_factor":0.0},{"date":"18/11/2025","date_ts":1763424000000,"profit_abs":0.0,"wins":0,"draws":0,"losses":0,"trades":0,"profit_factor":0.0},{"date":"19/11/2025","date_ts":1763510400000,"profit_abs":-17.62784052,"wins":0,"draws":0,"losses":1,"trades":1,"profit_factor":0.0},{"date":"20/11/2025","date_ts":1763596800000,"profit_abs":0.0,"wins":0,"draws":0,"losses":0,"trades":0,"profit_factor":0.0},{"date":"21/11/2025","date_ts":1763683200000,"profit_abs":-12.26563468,"wins":1,"draws":0,"losses":1,"trades":2,"profit_factor":0.29163714},{"date":"22/11/2025","date_ts":1763769600000,"profit_abs":0.38230922,"wins":1,"draws":3,"losses":0,"trades":4,"profit_factor":0.0},{"date":"23/11/2025","date_ts":1763856000000,"profit_abs":2.0827004,"wins":1,"draws":2,"losses":0,"trades":3,"profit_factor":0.0},{"date":"24/11/2025","date_ts":1763942400000,"profit_abs":0.0,"wins":0,"draws":1,"losses":0,"trades":1,"profit_factor":0.0},{"date":"25/11/2025","date_ts":1764028800000,"profit_abs":0.0,"wins":0,"draws":0,"losses":0,"trades":0,"profit_factor":0.0},{"date":"26/11/2025","date_ts":1764115200000,"profit_abs":0.0,"wins":0,"draws":0,"losses":0,"trades":0,"profit_factor":0.0},{"date":"27/11/2025","date_ts":1764201600000,"profit_abs":0.0,"wins":0,"draws":0,"losses":0,"trades":0,"profit_factor":0.0},{"date":"28/11/2025","date_ts":1764288000000,"profit_abs":0.0,"wins":0,"draws":0,"losses":0,"trades":0,"profit_factor":0.0},{"date":"29/11/2025","date_ts":1764374400000,"profit_abs":0.0,"wins":0,"draws":0,"losses":0,"trades":0,"profit_factor":0.0},{"date":"30/11/2025","date_ts":1764460800000,"profit_abs":0.0,"wins":0,"draws":0,"losses":0,"trades":0,"profit_factor":0.0},{"date":"01/12/2025","date_ts":1764547200000,"profit_abs":1.01498286,"wins":2,"draws":0,"losses":0,"trades":2,"profit_factor":0.0},{"date":"02/12/2025","date_ts":1764633600000,"profit_abs":2.7486012,"wins":1,"draws":0,"losses":0,"trades":1,"profit_factor":0.0},{"date":"03/12/2025","date_ts":1764720000000,"profit_abs":0.0,"wins":0,"draws":0,"losses":0,"trades":0,"profit_factor":0.0},{"date":"04/12/2025","date_ts":1764806400000,"profit_abs":0.0,"wins":0,"draws":0,"losses":0,"trades":0,"profit_factor":0.0},{"date":"05/12/2025","date_ts":1764892800000,"profit_abs":-17.2144136,"wins":0,"draws":1,"losses":1,"trades":2,"profit_factor":0.0},{"date":"06/12/2025","date_ts":1764979200000,"profit_abs":0.47082192,"wins":1,"draws":0,"losses":0,"trades":1,"profit_factor":0.0},{"date":"07/12/2025","date_ts":1765065600000,"profit_abs":0.0,"wins":0,"draws":1,"losses":0,"trades":1,"profit_factor":0.0},{"date":"08/12/2025","date_ts":1765152000000,"profit_abs":0.0,"wins":0,"draws":0,"losses":0,"trades":0,"profit_factor":0.0},{"date":"09/12/2025","date_ts":1765238400000,"profit_abs":0.0,"wins":0,"draws":0,"losses":0,"trades":0,"profit_factor":0.0},{"date":"10/12/2025","date_ts":1765324800000,"profit_abs":0.0,"wins":0,"draws":0,"losses":0,"trades":0,"profit_factor":0.0},{"date":"11/12/2025","date_ts":1765411200000,"profit_abs":0.0,"wins":0,"draws":0,"losses":0,"trades":0,"profit_factor":0.0},{"date":"12/12/2025","date_ts":1765497600000,"profit_abs":0.0,"wins":0,"draws":0,"losses":0,"trades":0,"profit_factor":0.0},{"date":"13/12/2025","date_ts":1765584000000,"profit_abs":0.0,"wins":0,"draws":0,"losses":0,"trades":0,"profit_factor":0.0},{"date":"14/12/2025","date_ts":1765670400000,"profit_abs":0.0,"wins":0,"draws":0,"losses":0,"trades":0,"profit_factor":0.0},{"date":"15/12/2025","date_ts":1765756800000,"profit_abs":0.0,"wins":0,"draws":2,"losses":0,"trades":2,"profit_factor":0.0},{"date":"16/12/2025","date_ts":1765843200000,"profit_abs":6.53968512,"wins":3,"draws":0,"losses":0,"trades":3,"profit_factor":0.0},{"date":"17/12/2025","date_ts":1765929600000,"profit_abs":0.0,"wins":0,"draws":0,"losses":0,"trades":0,"profit_factor":0.0},{"date":"18/12/2025","date_ts":1766016000000,"profit_abs":0.0,"wins":0,"draws":0,"losses":0,"trades":0,"profit_factor":0.0},{"date":"19/12/2025","date_ts":1766102400000,"profit_abs":3.764325,"wins":1,"draws":0,"losses":0,"trades":1,"profit_factor":0.0},{"date":"20/12/2025","date_ts":1766188800000,"profit_abs":0.0,"wins":0,"draws":1,"losses":0,"trades":1,"profit_factor":0.0},{"date":"21/12/2025","date_ts":1766275200000,"profit_abs":0.0,"wins":0,"draws":0,"losses":0,"trades":0,"profit_factor":0.0},{"date":"22/12/2025","date_ts":1766361600000,"profit_abs":0.0,"wins":0,"draws":1,"losses":0,"trades":1,"profit_factor":0.0},{"date":"23/12/2025","date_ts":1766448000000,"profit_abs":0.0,"wins":0,"draws":0,"losses":0,"trades":0,"profit_factor":0.0},{"date":"24/12/2025","date_ts":1766534400000,"profit_abs":0.0,"wins":0,"draws":0,"losses":0,"trades":0,"profit_factor":0.0},{"date":"25/12/2025","date_ts":1766620800000,"profit_abs":0.0,"wins":0,"draws":0,"losses":0,"trades":0,"profit_factor":0.0},{"date":"26/12/2025","date_ts":1766707200000,"profit_abs":0.0,"wins":0,"draws":0,"losses":0,"trades":0,"profit_factor":0.0},{"date":"27/12/2025","date_ts":1766793600000,"profit_abs":0.0,"wins":0,"draws":0,"losses":0,"trades":0,"profit_factor":0.0},{"date":"28/12/2025","date_ts":1766880000000,"profit_abs":0.0,"wins":0,"draws":0,"losses":0,"trades":0,"profit_factor":0.0},{"date":"29/12/2025","date_ts":1766966400000,"profit_abs":0.0,"wins":0,"draws":0,"losses":0,"trades":0,"profit_factor":0.0},{"date":"30/12/2025","date_ts":1767052800000,"profit_abs":0.0,"wins":0,"draws":1,"losses":0,"trades":1,"profit_factor":0.0},{"date":"31/12/2025","date_ts":1767139200000,"profit_abs":0.0,"wins":0,"draws":0,"losses":0,"trades":0,"profit_factor":0.0},{"date":"01/01/2026","date_ts":1767225600000,"profit_abs":0.0,"wins":0,"draws":1,"losses":0,"trades":1,"profit_factor":0.0},{"date":"02/01/2026","date_ts":1767312000000,"profit_abs":0.0,"wins":0,"draws":0,"losses":0,"trades":0,"profit_factor":0.0},{"date":"03/01/2026","date_ts":1767398400000,"profit_abs":0.3586861,"wins":1,"draws":0,"losses":0,"trades":1,"profit_factor":0.0},{"date":"04/01/2026","date_ts":1767484800000,"profit_abs":0.0,"wins":0,"draws":0,"losses":0,"trades":0,"profit_factor":0.0},{"date":"05/01/2026","date_ts":1767571200000,"profit_abs":4.3155099,"wins":1,"draws":0,"losses":0,"trades":1,"profit_factor":0.0}],"week":[{"date":"06/10/2025","date_ts":1759708800000,"profit_abs":0.0,"wins":0,"draws":3,"losses":0,"trades":3,"profit_factor":0.0},{"date":"13/10/2025","date_ts":1760313600000,"profit_abs":49.06351455,"wins":4,"draws":3,"losses":0,"trades":7,"profit_factor":0.0},{"date":"20/10/2025","date_ts":1760918400000,"profit_abs":-13.04535216,"wins":2,"draws":4,"losses":1,"trades":7,"profit_factor":0.27782395},{"date":"27/10/2025","date_ts":1761523200000,"profit_abs":4.9385406,"wins":2,"draws":1,"losses":0,"trades":3,"profit_factor":0.0},{"date":"03/11/2025","date_ts":1762128000000,"profit_abs":2.9026053,"wins":1,"draws":4,"losses":0,"trades":5,"profit_factor":0.0},{"date":"10/11/2025","date_ts":1762732800000,"profit_abs":-4.76028039,"wins":4,"draws":3,"losses":1,"trades":8,"profit_factor":0.73397782},{"date":"17/11/2025","date_ts":1763337600000,"profit_abs":-10.5200636,"wins":4,"draws":3,"losses":1,"trades":8,"profit_factor":0.4102667},{"date":"24/11/2025","date_ts":1763942400000,"profit_abs":-27.42846558,"wins":3,"draws":6,"losses":2,"trades":11,"profit_factor":0.21505815},{"date":"01/12/2025","date_ts":1764547200000,"profit_abs":1.01498286,"wins":2,"draws":0,"losses":0,"trades":2,"profit_factor":0.0},{"date":"08/12/2025","date_ts":1765152000000,"profit_abs":-13.99499048,"wins":2,"draws":2,"losses":1,"trades":5,"profit_factor":0.18701904},{"date":"15/12/2025","date_ts":1765756800000,"profit_abs":0.0,"wins":0,"draws":2,"losses":0,"trades":2,"profit_factor":0.0},{"date":"22/12/2025","date_ts":1766361600000,"profit_abs":10.30401012,"wins":4,"draws":2,"losses":0,"trades":6,"profit_factor":0.0},{"date":"29/12/2025","date_ts":1766966400000,"profit_abs":0.0,"wins":0,"draws":0,"losses":0,"trades":0,"profit_factor":0.0},{"date":"05/01/2026","date_ts":1767571200000,"profit_abs":4.674196,"wins":2,"draws":2,"losses":0,"trades":4,"profit_factor":0.0}],"month":[{"date":"31/10/2025","date_ts":1761868800000,"profit_abs":43.85930829,"wins":9,"draws":15,"losses":1,"trades":25,"profit_factor":3.42800207},{"date":"30/11/2025","date_ts":1764460800000,"profit_abs":-42.70880957,"wins":11,"draws":12,"losses":4,"trades":27,"profit_factor":0.39571232},{"date":"31/12/2025","date_ts":1767139200000,"profit_abs":-2.6759975,"wins":8,"draws":7,"losses":1,"trades":16,"profit_factor":0.84454902},{"date":"31/01/2026","date_ts":1769817600000,"profit_abs":4.674196,"wins":2,"draws":1,"losses":0,"trades":3,"profit_factor":0.0}],"year":[{"date":"31/12/2025","date_ts":1767139200000,"profit_abs":-1.52549878,"wins":28,"draws":34,"losses":6,"trades":68,"profit_factor":0.98560234},{"date":"31/12/2026","date_ts":1798675200000,"profit_abs":4.674196,"wins":2,"draws":1,"losses":0,"trades":3,"profit_factor":0.0}],"weekday":[{"date":"Monday","date_ts":0,"profit_abs":8.5218244,"wins":4,"draws":5,"losses":0,"trades":9,"profit_factor":0.0},{"date":"Tuesday","date_ts":1,"profit_abs":1.52172079,"wins":6,"draws":5,"losses":1,"trades":12,"profit_factor":1.08503942},{"date":"Wednesday","date_ts":2,"profit_abs":-9.97174112,"wins":4,"draws":4,"losses":1,"trades":9,"profit_factor":0.43431862},{"date":"Thursday","date_ts":3,"profit_abs":-13.04535216,"wins":2,"draws":6,"losses":1,"trades":9,"profit_factor":0.27782395},{"date":"Friday","date_ts":4,"profit_abs":-41.3761224,"wins":3,"draws":6,"losses":3,"trades":12,"profit_factor":0.20990531},{"date":"Saturday","date_ts":5,"profit_abs":11.35347834,"wins":6,"draws":6,"losses":0,"trades":12,"profit_factor":0.0},{"date":"Sunday","date_ts":6,"profit_abs":46.14488937,"wins":5,"draws":3,"losses":0,"trades":8,"profit_factor":0.0}]},"backtest_best_day":0.13006919502636613,"backtest_worst_day":-0.05189502563277299,"backtest_best_day_abs":43.78413969,"backtest_worst_day_abs":-17.62784052,"winning_days":17,"draw_days":73,"losing_days":6,"daily_profit":[["2025-10-02",0.0],["2025-10-03",0.0],["2025-10-04",0.0],["2025-10-05",0.0],["2025-10-06",0.0],["2025-10-07",0.0],["2025-10-08",0.0],["2025-10-09",0.0],["2025-10-10",0.0],["2025-10-11",5.27937486],["2025-10-12",43.78413969],["2025-10-13",0.0],["2025-10-14",0.0],["2025-10-15",0.0],["2025-10-16",-13.04535216],["2025-10-17",0.0],["2025-10-18",0.0],["2025-10-19",0.0],["2025-10-20",0.0],["2025-10-21",0.0],["2025-10-22",1.74720896],["2025-10-23",0.0],["2025-10-24",0.0],["2025-10-25",0.0],["2025-10-26",0.0],["2025-10-27",3.19133164],["2025-10-28",0.0],["2025-10-29",2.9026053],["2025-10-30",0.0],["2025-10-31",0.0],["2025-11-01",0.0],["2025-11-02",0.0],["2025-11-03",0.0],["2025-11-04",-7.76656553],["2025-11-05",3.00628514],["2025-11-06",0.0],["2025-11-07",0.0],["2025-11-08",0.0],["2025-11-09",0.0],["2025-11-10",0.0],["2025-11-11",0.0],["2025-11-12",0.0],["2025-11-13",0.0],["2025-11-14",-15.66039912],["2025-11-15",4.86228624],["2025-11-16",0.27804928],["2025-11-17",0.0],["2025-11-18",0.0],["2025-11-19",-17.62784052],["2025-11-20",0.0],["2025-11-21",-12.26563468],["2025-11-22",0.38230922],["2025-11-23",2.0827004],["2025-11-24",0.0],["2025-11-25",0.0],["2025-11-26",0.0],["2025-11-27",0.0],["2025-11-28",0.0],["2025-11-29",0.0],["2025-11-30",0.0],["2025-12-01",1.01498286],["2025-12-02",2.7486012],["2025-12-03",0.0],["2025-12-04",0.0],["2025-12-05",-17.2144136],["2025-12-06",0.47082192],["2025-12-07",0.0],["2025-12-08",0.0],["2025-12-09",0.0],["2025-12-10",0.0],["2025-12-11",0.0],["2025-12-12",0.0],["2025-12-13",0.0],["2025-12-14",0.0],["2025-12-15",0.0],["2025-12-16",6.53968512],["2025-12-17",0.0],["2025-12-18",0.0],["2025-12-19",3.764325],["2025-12-20",0.0],["2025-12-21",0.0],["2025-12-22",0.0],["2025-12-23",0.0],["2025-12-24",0.0],["2025-12-25",0.0],["2025-12-26",0.0],["2025-12-27",0.0],["2025-12-28",0.0],["2025-12-29",0.0],["2025-12-30",0.0],["2025-12-31",0.0],["2026-01-01",0.0],["2026-01-02",0.0],["2026-01-03",0.3586861],["2026-01-04",0.0],["2026-01-05",4.3155099]],"wins":30,"losses":6,"draws":35,"winrate":0.4225352112676056,"holding_avg":"4:03:00","holding_avg_s":14580.0,"winner_holding_min":"0d 01:00","winner_holding_min_s":3600.0,"winner_holding_max":"0d 02:00","winner_holding_max_s":7200.0,"winner_holding_avg":"0d 01:56","winner_holding_avg_s":6960.0,"loser_holding_min":"0d 02:00","loser_holding_min_s":7200.0,"loser_holding_max":"1d 06:00","loser_holding_max_s":108000.0,"loser_holding_avg":"0d 10:10","loser_holding_avg_s":36600.0,"max_consecutive_wins":4,"max_consecutive_losses":5,"max_drawdown_account":0.0629765390413357,"max_relative_drawdown":0.0629765390413357,"max_drawdown_abs":66.38244331000001,"drawdown_start":"2025-10-16 12:00:00","drawdown_start_ts":1760616000000.0,"drawdown_end":"2025-12-05 09:00:00","drawdown_end_ts":1764925200000.0,"drawdown_duration":"49 days 21:00:00","drawdown_duration_s":4309200.0,"max_drawdown_low":-12.300330820000015,"max_drawdown_high":54.08211248999999,"csum_min":987.69966918,"csum_max":1054.08211249}},"strategy_comparison":[{"key":"ACO_80_18","trades":71,"profit_mean":0.0001912447775012064,"profit_mean_pct":0.02,"profit_total_abs":3.1486972199999976,"profit_total":0.0031486972199999976,"profit_total_pct":0.31,"duration_avg":"4:03:00","wins":30,"draws":35,"losses":6,"winrate":0.4225352112676056,"cagr":0.011899822611334043,"expectancy":0.04434784816901405,"expectancy_ratio":-0.4904464165263779,"sortino":2.015121423853077,"sharpe":0.09848252478184241,"calmar":0.9847518581053171,"sqn":0.0589,"profit_factor":1.0297174044378623,"max_drawdown_account":0.0629765390413357,"max_drawdown_abs":"66.382"}]}