{"strategy":{"ACO_85_19":{"trades":[{"pair":"DOGE/USDT","stake_amount":329.8357,"max_stake_amount":329.8357,"amount":1717.0,"open_date":"2025-10-11 07:00:00+00:00","close_date":"2025-10-11 09:00:00+00:00","open_rate":0.1921,"close_rate":0.19534,"fee_open":0.001,"fee_close":0.001,"trade_duration":120,"profit_ratio":0.01483451478245856,"profit_abs":4.89784552,"exit_reason":"roi","initial_stop_loss_abs":0.1825,"initial_stop_loss_ratio":-0.05,"stop_loss_abs":0.1825,"stop_loss_ratio":-0.05,"min_rate":0.1881,"max_rate":0.19776,"is_open":false,"enter_tag":"","leverage":1.0,"is_short":false,"open_timestamp":1760166000000,"close_timestamp":1760173200000,"orders":[{"amount":1717.0,"safe_price":0.1921,"ft_order_side":"buy","order_filled_timestamp":1760166000000,"ft_is_entry":true,"ft_order_tag":"","cost":330.16553569999996},{"amount":1717.0,"safe_price":0.19534,"ft_order_side":"sell","order_filled_timestamp":1760173200000,"ft_is_entry":false,"ft_order_tag":"roi","cost":335.73417878000004}],"funding_fees":0.0,"weekday":5},{"pair":"DOGE/USDT","stake_amount":331.57376,"max_stake_amount":331.57376,"amount":1792.0,"open_date":"2025-10-11 23:00:00+00:00","close_date":"2025-10-12 03:00:00+00:00","open_rate":0.18503,"close_rate":0.18540043043043042,"fee_open":0.001,"fee_close":0.001,"trade_duration":240,"profit_ratio":0.0,"profit_abs":0.0,"exit_reason":"roi","initial_stop_loss_abs":0.17578,"initial_stop_loss_ratio":-0.05,"stop_loss_abs":0.17578,"stop_loss_ratio":-0.05,"min_rate":0.18072,"max_rate":0.18675,"is_open":false,"enter_tag":"","leverage":1.0,"is_short":false,"open_timestamp":1760223600000,"close_timestamp":1760238000000,"orders":[{"amount":1792.0,"safe_price":0.18503,"ft_order_side":"buy","order_filled_timestamp":1760223600000,"ft_is_entry":true,"ft_order_tag":"","cost":331.90533375999996},{"amount":1792.0,"safe_price":0.18540043043043042,"ft_order_side":"sell","order_filled_timestamp":1760238000000,"ft_is_entry":false,"ft_order_tag":"roi","cost":332.5698089026626}],"funding_fees":0.0,"weekday":6},{"pair":"DOGE/USDT","stake_amount":331.5617,"max_stake_amount":331.5617,"amount":1790.0,"open_date":"2025-10-12 04:00:00+00:00","close_date":"2025-10-12 06:00:00+00:00","open_rate":0.18523,"close_rate":0.18862,"fee_open":0.001,"fee_close":0.001,"trade_duration":120,"profit_ratio":0.016267002446347045,"profit_abs":5.3989085,"exit_reason":"roi","initial_stop_loss_abs":0.17597,"initial_stop_loss_ratio":-0.05,"stop_loss_abs":0.17597,"stop_loss_ratio":-0.05,"min_rate":0.1848,"max_rate":0.19118,"is_open":false,"enter_tag":"","leverage":1.0,"is_short":false,"open_timestamp":1760241600000,"close_timestamp":1760248800000,"orders":[{"amount":1790.0,"safe_price":0.18523,"ft_order_side":"buy","order_filled_timestamp":1760241600000,"ft_is_entry":true,"ft_order_tag":"","cost":331.8932617},{"amount":1790.0,"safe_price":0.18862,"ft_order_side":"sell","order_filled_timestamp":1760248800000,"ft_is_entry":false,"ft_order_tag":"roi","cost":337.9674298}],"funding_fees":0.0,"weekday":6},{"pair":"DOGE/USDT","stake_amount":333.35904,"max_stake_amount":333.35904,"amount":1756.0,"open_date":"2025-10-12 13:00:00+00:00","close_date":"2025-10-12 14:00:00+00:00","open_rate":0.18984,"close_rate":0.19972156156156154,"fee_open":0.001,"fee_close":0.001,"trade_duration":60,"profit_ratio":0.04995004995004995,"profit_abs":16.667952,"exit_reason":"roi","initial_stop_loss_abs":0.18035,"initial_stop_loss_ratio":-0.05,"stop_loss_abs":0.18035,"stop_loss_ratio":-0.05,"min_rate":0.18624,"max_rate":0.19986,"is_open":false,"enter_tag":"","leverage":1.0,"is_short":false,"open_timestamp":1760274000000,"close_timestamp":1760277600000,"orders":[{"amount":1756.0,"safe_price":0.18984,"ft_order_side":"buy","order_filled_timestamp":1760274000000,"ft_is_entry":true,"ft_order_tag":"","cost":333.69239903999994},{"amount":1756.0,"safe_price":0.19972156156156154,"ft_order_side":"sell","order_filled_timestamp":1760277600000,"ft_is_entry":false,"ft_order_tag":"roi","cost":351.0617731642041}],"funding_fees":0.0,"weekday":6},{"pair":"DOGE/USDT","stake_amount":338.73378,"max_stake_amount":338.73378,"amount":1727.0,"open_date":"2025-10-12 15:00:00+00:00","close_date":"2025-10-12 16:00:00+00:00","open_rate":0.19614,"close_rate":0.2063494894894895,"fee_open":0.001,"fee_close":0.001,"trade_duration":60,"profit_ratio":0.04995004995004995,"profit_abs":16.936689,"exit_reason":"roi","initial_stop_loss_abs":0.18634,"initial_stop_loss_ratio":-0.05,"stop_loss_abs":0.18634,"stop_loss_ratio":-0.05,"min_rate":0.19562,"max_rate":0.2095,"is_open":false,"enter_tag":"","leverage":1.0,"is_short":false,"open_timestamp":1760281200000,"close_timestamp":1760284800000,"orders":[{"amount":1727.0,"safe_price":0.19614,"ft_order_side":"buy","order_filled_timestamp":1760281200000,"ft_is_entry":true,"ft_order_tag":"","cost":339.07251378},{"amount":1727.0,"safe_price":0.2063494894894895,"ft_order_side":"sell","order_filled_timestamp":1760284800000,"ft_is_entry":false,"ft_order_tag":"roi","cost":356.7219339166966}],"funding_fees":0.0,"weekday":6},{"pair":"DOGE/USDT","stake_amount":344.34785,"max_stake_amount":344.34785,"amount":1645.0,"open_date":"2025-10-13 02:00:00+00:00","close_date":"2025-10-13 04:00:00+00:00","open_rate":0.20933,"close_rate":0.20974907907907905,"fee_open":0.001,"fee_close":0.001,"trade_duration":120,"profit_ratio":0.0,"profit_abs":0.0,"exit_reason":"roi","initial_stop_loss_abs":0.19887,"initial_stop_loss_ratio":-0.05,"stop_loss_abs":0.19887,"stop_loss_ratio":-0.05,"min_rate":0.20642,"max_rate":0.20999,"is_open":false,"enter_tag":"","leverage":1.0,"is_short":false,"open_timestamp":1760320800000,"close_timestamp":1760328000000,"orders":[{"amount":1645.0,"safe_price":0.20933,"ft_order_side":"buy","order_filled_timestamp":1760320800000,"ft_is_entry":true,"ft_order_tag":"","cost":344.69219784999996},{"amount":1645.0,"safe_price":0.20974907907907905,"ft_order_side":"sell","order_filled_timestamp":1760328000000,"ft_is_entry":false,"ft_order_tag":"roi","cost":345.3822723201701}],"funding_fees":0.0,"weekday":0},{"pair":"DOGE/USDT","stake_amount":344.38245,"max_stake_amount":344.38245,"amount":1731.0,"open_date":"2025-10-14 15:00:00+00:00","close_date":"2025-10-14 17:00:00+00:00","open_rate":0.19895,"close_rate":0.20294,"fee_open":0.001,"fee_close":0.001,"trade_duration":120,"profit_ratio":0.01801721776589834,"profit_abs":6.21101841,"exit_reason":"roi","initial_stop_loss_abs":0.18901,"initial_stop_loss_ratio":-0.05,"stop_loss_abs":0.18901,"stop_loss_ratio":-0.05,"min_rate":0.19781,"max_rate":0.2071,"is_open":false,"enter_tag":"","leverage":1.0,"is_short":false,"open_timestamp":1760454000000,"close_timestamp":1760461200000,"orders":[{"amount":1731.0,"safe_price":0.19895,"ft_order_side":"buy","order_filled_timestamp":1760454000000,"ft_is_entry":true,"ft_order_tag":"","cost":344.72683244999996},{"amount":1731.0,"safe_price":0.20294,"ft_order_side":"sell","order_filled_timestamp":1760461200000,"ft_is_entry":false,"ft_order_tag":"roi","cost":351.64042914}],"funding_fees":0.0,"weekday":1},{"pair":"DOGE/USDT","stake_amount":346.4006,"max_stake_amount":346.4006,"amount":1820.0,"open_date":"2025-10-17 04:00:00+00:00","close_date":"2025-10-17 07:00:00+00:00","open_rate":0.19033,"close_rate":0.18082,"fee_open":0.001,"fee_close":0.001,"trade_duration":180,"profit_ratio":-0.051864018921235336,"profit_abs":-17.983693,"exit_reason":"stop_loss","initial_stop_loss_abs":0.18082,"initial_stop_loss_ratio":-0.05,"stop_loss_abs":0.18082,"stop_loss_ratio":-0.05,"min_rate":0.17831,"max_rate":0.1905,"is_open":false,"enter_tag":"","leverage":1.0,"is_short":false,"open_timestamp":1760673600000,"close_timestamp":1760684400000,"orders":[{"amount":1820.0,"safe_price":0.19033,"ft_order_side":"buy","order_filled_timestamp":1760673600000,"ft_is_entry":true,"ft_order_tag":"","cost":346.7470006},{"amount":1820.0,"safe_price":0.18082,"ft_order_side":"sell","order_filled_timestamp":1760684400000,"ft_is_entry":false,"ft_order_tag":"stop_loss","cost":329.4214924}],"funding_fees":0.0,"weekday":4},{"pair":"DOGE/USDT","stake_amount":340.5714,"max_stake_amount":340.5714,"amount":1858.0,"open_date":"2025-10-17 14:00:00+00:00","close_date":"2025-10-17 16:00:00+00:00","open_rate":0.1833,"close_rate":0.18488,"fee_open":0.001,"fee_close":0.001,"trade_duration":120,"profit_ratio":0.006604524771464214,"profit_abs":2.25156156,"exit_reason":"roi","initial_stop_loss_abs":0.17414,"initial_stop_loss_ratio":-0.05,"stop_loss_abs":0.17414,"stop_loss_ratio":-0.05,"min_rate":0.17968,"max_rate":0.18726,"is_open":false,"enter_tag":"","leverage":1.0,"is_short":false,"open_timestamp":1760709600000,"close_timestamp":1760716800000,"orders":[{"amount":1858.0,"safe_price":0.1833,"ft_order_side":"buy","order_filled_timestamp":1760709600000,"ft_is_entry":true,"ft_order_tag":"","cost":340.91197139999997},{"amount":1858.0,"safe_price":0.18488,"ft_order_side":"sell","order_filled_timestamp":1760716800000,"ft_is_entry":false,"ft_order_tag":"roi","cost":343.8505470399999}],"funding_fees":0.0,"weekday":4},{"pair":"DOGE/USDT","stake_amount":341.16435,"max_stake_amount":341.16435,"amount":1821.0,"open_date":"2025-10-17 22:00:00+00:00","close_date":"2025-10-18 01:00:00+00:00","open_rate":0.18735,"close_rate":0.18772507507507505,"fee_open":0.001,"fee_close":0.001,"trade_duration":180,"profit_ratio":0.0,"profit_abs":0.0,"exit_reason":"roi","initial_stop_loss_abs":0.17799,"initial_stop_loss_ratio":-0.05,"stop_loss_abs":0.17799,"stop_loss_ratio":-0.05,"min_rate":0.18426,"max_rate":0.18791,"is_open":false,"enter_tag":"","leverage":1.0,"is_short":false,"open_timestamp":1760738400000,"close_timestamp":1760749200000,"orders":[{"amount":1821.0,"safe_price":0.18735,"ft_order_side":"buy","order_filled_timestamp":1760738400000,"ft_is_entry":true,"ft_order_tag":"","cost":341.50551434999994},{"amount":1821.0,"safe_price":0.18772507507507505,"ft_order_side":"sell","order_filled_timestamp":1760749200000,"ft_is_entry":false,"ft_order_tag":"roi","cost":342.18920907342334}],"funding_fees":0.0,"weekday":5},{"pair":"DOGE/USDT","stake_amount":341.25987,"max_stake_amount":341.25987,"amount":2023.0,"open_date":"2025-11-04 01:00:00+00:00","close_date":"2025-11-04 03:00:00+00:00","open_rate":0.16869,"close_rate":0.16938,"fee_open":0.001,"fee_close":0.001,"trade_duration":120,"profit_ratio":0.0020841687211952194,"profit_abs":0.71195439,"exit_reason":"roi","initial_stop_loss_abs":0.16026,"initial_stop_loss_ratio":-0.05,"stop_loss_abs":0.16026,"stop_loss_ratio":-0.05,"min_rate":0.16796,"max_rate":0.17095,"is_open":false,"enter_tag":"","leverage":1.0,"is_short":false,"open_timestamp":1762218000000,"close_timestamp":1762225200000,"orders":[{"amount":2023.0,"safe_price":0.16869,"ft_order_side":"buy","order_filled_timestamp":1762218000000,"ft_is_entry":true,"ft_order_tag":"","cost":341.60112987},{"amount":2023.0,"safe_price":0.16938,"ft_order_side":"sell","order_filled_timestamp":1762225200000,"ft_is_entry":false,"ft_order_tag":"roi","cost":342.9983957399999}],"funding_fees":0.0,"weekday":1},{"pair":"DOGE/USDT","stake_amount":341.4271,"max_stake_amount":341.4271,"amount":2065.0,"open_date":"2025-11-04 10:00:00+00:00","close_date":"2025-11-04 12:00:00+00:00","open_rate":0.16534,"close_rate":0.16613,"fee_open":0.001,"fee_close":0.001,"trade_duration":120,"profit_ratio":0.0027704846260549663,"profit_abs":0.94686445,"exit_reason":"roi","initial_stop_loss_abs":0.15708,"initial_stop_loss_ratio":-0.05,"stop_loss_abs":0.15708,"stop_loss_ratio":-0.05,"min_rate":0.16365,"max_rate":0.16702,"is_open":false,"enter_tag":"","leverage":1.0,"is_short":false,"open_timestamp":1762250400000,"close_timestamp":1762257600000,"orders":[{"amount":2065.0,"safe_price":0.16534,"ft_order_side":"buy","order_filled_timestamp":1762250400000,"ft_is_entry":true,"ft_order_tag":"","cost":341.7685271},{"amount":2065.0,"safe_price":0.16613,"ft_order_side":"sell","order_filled_timestamp":1762257600000,"ft_is_entry":false,"ft_order_tag":"roi","cost":343.40150844999994}],"funding_fees":0.0,"weekday":1},{"pair":"DOGE/USDT","stake_amount":341.77239,"max_stake_amount":341.77239,"amount":2151.0,"open_date":"2025-11-04 21:00:00+00:00","close_date":"2025-11-04 23:00:00+00:00","open_rate":0.15889,"close_rate":0.16344,"fee_open":0.001,"fee_close":0.001,"trade_duration":120,"profit_ratio":0.026580946273815558,"profit_abs":9.09371817,"exit_reason":"roi","initial_stop_loss_abs":0.15095,"initial_stop_loss_ratio":-0.05,"stop_loss_abs":0.15095,"stop_loss_ratio":-0.05,"min_rate":0.15159,"max_rate":0.16436,"is_open":false,"enter_tag":"","leverage":1.0,"is_short":false,"open_timestamp":1762290000000,"close_timestamp":1762297200000,"orders":[{"amount":2151.0,"safe_price":0.15889,"ft_order_side":"buy","order_filled_timestamp":1762290000000,"ft_is_entry":true,"ft_order_tag":"","cost":342.11416239},{"amount":2151.0,"safe_price":0.16344,"ft_order_side":"sell","order_filled_timestamp":1762297200000,"ft_is_entry":false,"ft_order_tag":"roi","cost":351.91099943999996}],"funding_fees":0.0,"weekday":1},{"pair":"DOGE/USDT","stake_amount":344.80273,"max_stake_amount":344.80273,"amount":2099.0,"open_date":"2025-11-05 13:00:00+00:00","close_date":"2025-11-05 15:00:00+00:00","open_rate":0.16427,"close_rate":0.16582,"fee_open":0.001,"fee_close":0.001,"trade_duration":120,"profit_ratio":0.00741883063670365,"profit_abs":2.56059109,"exit_reason":"roi","initial_stop_loss_abs":0.15606,"initial_stop_loss_ratio":-0.05,"stop_loss_abs":0.15606,"stop_loss_ratio":-0.05,"min_rate":0.16342,"max_rate":0.16736,"is_open":false,"enter_tag":"","leverage":1.0,"is_short":false,"open_timestamp":1762347600000,"close_timestamp":1762354800000,"orders":[{"amount":2099.0,"safe_price":0.16427,"ft_order_side":"buy","order_filled_timestamp":1762347600000,"ft_is_entry":true,"ft_order_tag":"","cost":345.14753272999997},{"amount":2099.0,"safe_price":0.16582,"ft_order_side":"sell","order_filled_timestamp":1762354800000,"ft_is_entry":false,"ft_order_tag":"roi","cost":348.40423617999994}],"funding_fees":0.0,"weekday":2},{"pair":"DOGE/USDT","stake_amount":345.6527,"max_stake_amount":345.6527,"amount":1910.0,"open_date":"2025-11-08 02:00:00+00:00","close_date":"2025-11-08 04:00:00+00:00","open_rate":0.18097,"close_rate":0.18133230230230227,"fee_open":0.001,"fee_close":0.001,"trade_duration":120,"profit_ratio":0.0,"profit_abs":0.0,"exit_reason":"roi","initial_stop_loss_abs":0.17193,"initial_stop_loss_ratio":-0.05,"stop_loss_abs":0.17193,"stop_loss_ratio":-0.05,"min_rate":0.17974,"max_rate":0.18332,"is_open":false,"enter_tag":"","leverage":1.0,"is_short":false,"open_timestamp":1762567200000,"close_timestamp":1762574400000,"orders":[{"amount":1910.0,"safe_price":0.18097,"ft_order_side":"buy","order_filled_timestamp":1762567200000,"ft_is_entry":true,"ft_order_tag":"","cost":345.99835269999994},{"amount":1910.0,"safe_price":0.18133230230230227,"ft_order_side":"sell","order_filled_timestamp":1762574400000,"ft_is_entry":false,"ft_order_tag":"roi","cost":346.6910420947947}],"funding_fees":0.0,"weekday":5},{"pair":"DOGE/USDT","stake_amount":345.70035,"max_stake_amount":345.70035,"amount":1905.0,"open_date":"2025-11-08 05:00:00+00:00","close_date":"2025-11-08 08:00:00+00:00","open_rate":0.18147,"close_rate":0.18183330330330327,"fee_open":0.001,"fee_close":0.001,"trade_duration":180,"profit_ratio":0.0,"profit_abs":0.0,"exit_reason":"roi","initial_stop_loss_abs":0.1724,"initial_stop_loss_ratio":-0.05,"stop_loss_abs":0.1724,"stop_loss_ratio":-0.05,"min_rate":0.17762,"max_rate":0.1822,"is_open":false,"enter_tag":"","leverage":1.0,"is_short":false,"open_timestamp":1762578000000,"close_timestamp":1762588800000,"orders":[{"amount":1905.0,"safe_price":0.18147,"ft_order_side":"buy","order_filled_timestamp":1762578000000,"ft_is_entry":true,"ft_order_tag":"","cost":346.0460503499999},{"amount":1905.0,"safe_price":0.18183330330330327,"ft_order_side":"sell","order_filled_timestamp":1762588800000,"ft_is_entry":false,"ft_order_tag":"roi","cost":346.7388352355855}],"funding_fees":0.0,"weekday":5},{"pair":"DOGE/USDT","stake_amount":345.73308,"max_stake_amount":345.73308,"amount":2108.0,"open_date":"2025-11-14 17:00:00+00:00","close_date":"2025-11-14 23:00:00+00:00","open_rate":0.16401,"close_rate":0.15581,"fee_open":0.001,"fee_close":0.001,"trade_duration":360,"profit_ratio":-0.05189505939460211,"profit_abs":-17.95978056,"exit_reason":"stop_loss","initial_stop_loss_abs":0.15581,"initial_stop_loss_ratio":-0.05,"stop_loss_abs":0.15581,"stop_loss_ratio":-0.05,"min_rate":0.15472,"max_rate":0.16455,"is_open":false,"enter_tag":"","leverage":1.0,"is_short":false,"open_timestamp":1763139600000,"close_timestamp":1763161200000,"orders":[{"amount":2108.0,"safe_price":0.16401,"ft_order_side":"buy","order_filled_timestamp":1763139600000,"ft_is_entry":true,"ft_order_tag":"","cost":346.0788130799999},{"amount":2108.0,"safe_price":0.15581,"ft_order_side":"sell","order_filled_timestamp":1763161200000,"ft_is_entry":false,"ft_order_tag":"stop_loss","cost":328.77592747999995}],"funding_fees":0.0,"weekday":4},{"pair":"DOGE/USDT","stake_amount":339.7408,"max_stake_amount":339.7408,"amount":2092.0,"open_date":"2025-11-15 03:00:00+00:00","close_date":"2025-11-15 05:00:00+00:00","open_rate":0.1624,"close_rate":0.1627251251251251,"fee_open":0.001,"fee_close":0.001,"trade_duration":120,"profit_ratio":0.0,"profit_abs":0.0,"exit_reason":"roi","initial_stop_loss_abs":0.15428,"initial_stop_loss_ratio":-0.05,"stop_loss_abs":0.15428,"stop_loss_ratio":-0.05,"min_rate":0.16188,"max_rate":0.16339,"is_open":false,"enter_tag":"","leverage":1.0,"is_short":false,"open_timestamp":1763175600000,"close_timestamp":1763182800000,"orders":[{"amount":2092.0,"safe_price":0.1624,"ft_order_side":"buy","order_filled_timestamp":1763175600000,"ft_is_entry":true,"ft_order_tag":"","cost":340.08054079999994},{"amount":2092.0,"safe_price":0.1627251251251251,"ft_order_side":"sell","order_filled_timestamp":1763182800000,"ft_is_entry":false,"ft_order_tag":"roi","cost":340.7613827235234}],"funding_fees":0.0,"weekday":5},{"pair":"DOGE/USDT","stake_amount":339.79408,"max_stake_amount":339.79408,"amount":2143.0,"open_date":"2025-11-17 00:00:00+00:00","close_date":"2025-11-17 02:00:00+00:00","open_rate":0.15856,"close_rate":0.15904,"fee_open":0.001,"fee_close":0.001,"trade_duration":120,"profit_ratio":0.001023194766888006,"profit_abs":0.3480232,"exit_reason":"roi","initial_stop_loss_abs":0.15064,"initial_stop_loss_ratio":-0.05,"stop_loss_abs":0.15064,"stop_loss_ratio":-0.05,"min_rate":0.157,"max_rate":0.16069,"is_open":false,"enter_tag":"","leverage":1.0,"is_short":false,"open_timestamp":1763337600000,"close_timestamp":1763344800000,"orders":[{"amount":2143.0,"safe_price":0.15856,"ft_order_side":"buy","order_filled_timestamp":1763337600000,"ft_is_entry":true,"ft_order_tag":"","cost":340.13387408},{"amount":2143.0,"safe_price":0.15904,"ft_order_side":"sell","order_filled_timestamp":1763344800000,"ft_is_entry":false,"ft_order_tag":"roi","cost":341.1635427199999}],"funding_fees":0.0,"weekday":0},{"pair":"DOGE/USDT","stake_amount":339.78882,"max_stake_amount":339.78882,"amount":2198.0,"open_date":"2025-11-18 04:00:00+00:00","close_date":"2025-11-18 06:00:00+00:00","open_rate":0.15459,"close_rate":0.15489948948948948,"fee_open":0.001,"fee_close":0.001,"trade_duration":120,"profit_ratio":0.0,"profit_abs":0.0,"exit_reason":"roi","initial_stop_loss_abs":0.14687,"initial_stop_loss_ratio":-0.05,"stop_loss_abs":0.14687,"stop_loss_ratio":-0.05,"min_rate":0.1522,"max_rate":0.15623,"is_open":false,"enter_tag":"","leverage":1.0,"is_short":false,"open_timestamp":1763438400000,"close_timestamp":1763445600000,"orders":[{"amount":2198.0,"safe_price":0.15459,"ft_order_side":"buy","order_filled_timestamp":1763438400000,"ft_is_entry":true,"ft_order_tag":"","cost":340.12860881999995},{"amount":2198.0,"safe_price":0.15489948948948948,"ft_order_side":"sell","order_filled_timestamp":1763445600000,"ft_is_entry":false,"ft_order_tag":"roi","cost":340.80954697579574}],"funding_fees":0.0,"weekday":1},{"pair":"DOGE/USDT","stake_amount":339.90686,"max_stake_amount":339.90686,"amount":2426.0,"open_date":"2025-11-21 14:00:00+00:00","close_date":"2025-11-21 16:00:00+00:00","open_rate":0.14011,"close_rate":0.14039050050050048,"fee_open":0.001,"fee_close":0.001,"trade_duration":120,"profit_ratio":0.0,"profit_abs":0.0,"exit_reason":"roi","initial_stop_loss_abs":0.13311,"initial_stop_loss_ratio":-0.05,"stop_loss_abs":0.13311,"stop_loss_ratio":-0.05,"min_rate":0.13575,"max_rate":0.14209,"is_open":false,"enter_tag":"","leverage":1.0,"is_short":false,"open_timestamp":1763733600000,"close_timestamp":1763740800000,"orders":[{"amount":2426.0,"safe_price":0.14011,"ft_order_side":"buy","order_filled_timestamp":1763733600000,"ft_is_entry":true,"ft_order_tag":"","cost":340.24676686000004},{"amount":2426.0,"safe_price":0.14039050050050048,"ft_order_side":"sell","order_filled_timestamp":1763740800000,"ft_is_entry":false,"ft_order_tag":"roi","cost":340.9279415684283}],"funding_fees":0.0,"weekday":4},{"pair":"DOGE/USDT","stake_amount":339.9228,"max_stake_amount":339.9228,"amount":2460.0,"open_date":"2025-11-22 12:00:00+00:00","close_date":"2025-11-22 14:00:00+00:00","open_rate":0.13818,"close_rate":0.13845663663663663,"fee_open":0.001,"fee_close":0.001,"trade_duration":120,"profit_ratio":0.0,"profit_abs":0.0,"exit_reason":"roi","initial_stop_loss_abs":0.13128,"initial_stop_loss_ratio":-0.05,"stop_loss_abs":0.13128,"stop_loss_ratio":-0.05,"min_rate":0.13563,"max_rate":0.13943,"is_open":false,"enter_tag":"","leverage":1.0,"is_short":false,"open_timestamp":1763812800000,"close_timestamp":1763820000000,"orders":[{"amount":2460.0,"safe_price":0.13818,"ft_order_side":"buy","order_filled_timestamp":1763812800000,"ft_is_entry":true,"ft_order_tag":"","cost":340.26272279999995},{"amount":2460.0,"safe_price":0.13845663663663663,"ft_order_side":"sell","order_filled_timestamp":1763820000000,"ft_is_entry":false,"ft_order_tag":"roi","cost":340.9439294522522}],"funding_fees":0.0,"weekday":5},{"pair":"DOGE/USDT","stake_amount":339.79687,"max_stake_amount":339.79687,"amount":2443.0,"open_date":"2025-11-22 15:00:00+00:00","close_date":"2025-11-22 17:00:00+00:00","open_rate":0.13909,"close_rate":0.13953,"fee_open":0.001,"fee_close":0.001,"trade_duration":120,"profit_ratio":0.0011590968525327574,"profit_abs":0.39425134,"exit_reason":"roi","initial_stop_loss_abs":0.13214,"initial_stop_loss_ratio":-0.05,"stop_loss_abs":0.13214,"stop_loss_ratio":-0.05,"min_rate":0.13729,"max_rate":0.13977,"is_open":false,"enter_tag":"","leverage":1.0,"is_short":false,"open_timestamp":1763823600000,"close_timestamp":1763830800000,"orders":[{"amount":2443.0,"safe_price":0.13909,"ft_order_side":"buy","order_filled_timestamp":1763823600000,"ft_is_entry":true,"ft_order_tag":"","cost":340.13666686999994},{"amount":2443.0,"safe_price":0.13953,"ft_order_side":"sell","order_filled_timestamp":1763830800000,"ft_is_entry":false,"ft_order_tag":"roi","cost":341.2126617899999}],"funding_fees":0.0,"weekday":5},{"pair":"DOGE/USDT","stake_amount":339.99843,"max_stake_amount":339.99843,"amount":2427.0,"open_date":"2025-11-22 22:00:00+00:00","close_date":"2025-11-23 00:00:00+00:00","open_rate":0.14009,"close_rate":0.14037046046046042,"fee_open":0.001,"fee_close":0.001,"trade_duration":120,"profit_ratio":0.0,"profit_abs":0.0,"exit_reason":"roi","initial_stop_loss_abs":0.13309,"initial_stop_loss_ratio":-0.05,"stop_loss_abs":0.13309,"stop_loss_ratio":-0.05,"min_rate":0.13939,"max_rate":0.1424,"is_open":false,"enter_tag":"","leverage":1.0,"is_short":false,"open_timestamp":1763848800000,"close_timestamp":1763856000000,"orders":[{"amount":2427.0,"safe_price":0.14009,"ft_order_side":"buy","order_filled_timestamp":1763848800000,"ft_is_entry":true,"ft_order_tag":"","cost":340.33842842999996},{"amount":2427.0,"safe_price":0.14037046046046042,"ft_order_side":"sell","order_filled_timestamp":1763856000000,"ft_is_entry":false,"ft_order_tag":"roi","cost":341.01978664507493}],"funding_fees":0.0,"weekday":6},{"pair":"DOGE/USDT","stake_amount":339.96229,"max_stake_amount":339.96229,"amount":2399.0,"open_date":"2025-11-23 02:00:00+00:00","close_date":"2025-11-23 04:00:00+00:00","open_rate":0.14171,"close_rate":0.14289,"fee_open":0.001,"fee_close":0.001,"trade_duration":120,"profit_ratio":0.006312225633374458,"profit_abs":2.1480646,"exit_reason":"roi","initial_stop_loss_abs":0.13463,"initial_stop_loss_ratio":-0.05,"stop_loss_abs":0.13463,"stop_loss_ratio":-0.05,"min_rate":0.14124,"max_rate":0.1447,"is_open":false,"enter_tag":"","leverage":1.0,"is_short":false,"open_timestamp":1763863200000,"close_timestamp":1763870400000,"orders":[{"amount":2399.0,"safe_price":0.14171,"ft_order_side":"buy","order_filled_timestamp":1763863200000,"ft_is_entry":true,"ft_order_tag":"","cost":340.30225228999996},{"amount":2399.0,"safe_price":0.14289,"ft_order_side":"sell","order_filled_timestamp":1763870400000,"ft_is_entry":false,"ft_order_tag":"roi","cost":343.1359031099999}],"funding_fees":0.0,"weekday":6},{"pair":"DOGE/USDT","stake_amount":340.71918,"max_stake_amount":340.71918,"amount":2389.0,"open_date":"2026-01-03 10:00:00+00:00","close_date":"2026-01-03 12:00:00+00:00","open_rate":0.14262,"close_rate":0.14290552552552552,"fee_open":0.001,"fee_close":0.001,"trade_duration":120,"profit_ratio":0.0,"profit_abs":0.0,"exit_reason":"roi","initial_stop_loss_abs":0.13549,"initial_stop_loss_ratio":-0.05,"stop_loss_abs":0.13549,"stop_loss_ratio":-0.05,"min_rate":0.14221,"max_rate":0.14329,"is_open":false,"enter_tag":"","leverage":1.0,"is_short":false,"open_timestamp":1767434400000,"close_timestamp":1767441600000,"orders":[{"amount":2389.0,"safe_price":0.14262,"ft_order_side":"buy","order_filled_timestamp":1767434400000,"ft_is_entry":true,"ft_order_tag":"","cost":341.05989917999995},{"amount":2389.0,"safe_price":0.14290552552552552,"ft_order_side":"sell","order_filled_timestamp":1767441600000,"ft_is_entry":false,"ft_order_tag":"roi","cost":341.74270178096094}],"funding_fees":0.0,"weekday":5}],"locks":[],"best_pair":{"key":"DOGE/USDT","trades":26,"profit_mean":0.003815893417730586,"profit_mean_pct":0.38,"profit_total_abs":32.623968670000004,"profit_total":0.03262396867,"profit_total_pct":3.26,"duration_avg":"2:16:00","wins":13,"draws":11,"losses":2,"winrate":0.5,"cagr":0.12839959827943637,"expectancy":1.2547680257692306,"expectancy_ratio":-0.35325796005017707,"sortino":537.4246615987297,"sharpe":0.8877778194971461,"calmar":33.11074995969532,"sqn":0.8668,"profit_factor":1.9076465193476975,"max_drawdown_account":0.01940628797390993,"max_drawdown_abs":20.378783899999995},"worst_pair":{"key":"DOGE/USDT","trades":26,"profit_mean":0.003815893417730586,"profit_mean_pct":0.38,"profit_total_abs":32.623968670000004,"profit_total":0.03262396867,"profit_total_pct":3.26,"duration_avg":"2:16:00","wins":13,"draws":11,"losses":2,"winrate":0.5,"cagr":0.12839959827943637,"expectancy":1.2547680257692306,"expectancy_ratio":-0.35325796005017707,"sortino":537.4246615987297,"sharpe":0.8877778194971461,"calmar":33.11074995969532,"sqn":0.8668,"profit_factor":1.9076465193476975,"max_drawdown_account":0.01940628797390993,"max_drawdown_abs":20.378783899999995},"results_per_pair":[{"key":"DOGE/USDT","trades":26,"profit_mean":0.003815893417730586,"profit_mean_pct":0.38,"profit_total_abs":32.623968670000004,"profit_total":0.03262396867,"profit_total_pct":3.26,"duration_avg":"2:16:00","wins":13,"draws":11,"losses":2,"winrate":0.5,"cagr":0.12839959827943637,"expectancy":1.2547680257692306,"expectancy_ratio":-0.35325796005017707,"sortino":537.4246615987297,"sharpe":0.8877778194971461,"calmar":33.11074995969532,"sqn":0.8668,"profit_factor":1.9076465193476975,"max_drawdown_account":0.01940628797390993,"max_drawdown_abs":20.378783899999995},{"key":"TOTAL","trades":26,"profit_mean":0.003815893417730586,"profit_mean_pct":0.38,"profit_total_abs":32.623968670000004,"profit_total":0.03262396867,"profit_total_pct":3.26,"duration_avg":"2:16:00","wins":13,"draws":11,"losses":2,"winrate":0.5,"cagr":0.12839959827943637,"expectancy":1.2547680257692306,"expectancy_ratio":-0.35325796005017707,"sortino":537.4246615987297,"sharpe":0.8877778194971461,"calmar":33.11074995969532,"sqn":0.8668,"profit_factor":1.9076465193476975,"max_drawdown_account":0.01940628797390993,"max_drawdown_abs":20.378783899999995}],"results_per_enter_tag":[{"key":"","trades":26,"profit_mean":0.003815893417730586,"profit_mean_pct":0.38,"profit_total_abs":32.623968670000004,"profit_total":0.03262396867,"profit_total_pct":3.26,"duration_avg":"2:16:00","wins":13,"draws":11,"losses":2,"winrate":0.5,"cagr":0.12839959827943637,"expectancy":1.2547680257692306,"expectancy_ratio":-0.35325796005017707,"sortino":537.4246615987297,"sharpe":0.8877778194971461,"calmar":33.11074995969532,"sqn":0.8668,"profit_factor":1.9076465193476975,"max_drawdown_account":0.01940628797390993,"max_drawdown_abs":20.378783899999995},{"key":"TOTAL","trades":26,"profit_mean":0.003815893417730586,"profit_mean_pct":0.38,"profit_total_abs":32.623968670000004,"profit_total":0.03262396867,"profit_total_pct":3.26,"duration_avg":"2:16:00","wins":13,"draws":11,"losses":2,"winrate":0.5,"cagr":0.12839959827943637,"expectancy":1.2547680257692306,"expectancy_ratio":-0.35325796005017707,"sortino":537.4246615987297,"sharpe":0.8877778194971461,"calmar":33.11074995969532,"sqn":0.8668,"profit_factor":1.9076465193476975,"max_drawdown_account":0.01940628797390993,"max_drawdown_abs":20.378783899999995}],"exit_reason_summary":[{"key":"roi","trades":24,"profit_mean":0.008457179465701362,"profit_mean_pct":0.85,"profit_total_abs":68.56744223,"profit_total":0.06856744223,"profit_total_pct":6.86,"duration_avg":"2:05:00","wins":13,"draws":11,"losses":0,"winrate":0.5416666666666666,"cagr":0.2834484368028183,"expectancy":2.856976759583333,"expectancy_ratio":100.0,"sortino":-100,"sharpe":2.7930304722616213,"calmar":-100,"sqn":2.8337,"profit_factor":0.0,"max_drawdown_account":0.0,"max_drawdown_abs":0.0},{"key":"stop_loss","trades":2,"profit_mean":-0.05187953915791872,"profit_mean_pct":-5.19,"profit_total_abs":-35.94347356,"profit_total":-0.03594347356,"profit_total_pct":-3.59,"duration_avg":"4:30:00","wins":0,"draws":0,"losses":2,"winrate":0.0,"cagr":-0.12867634066804257,"expectancy":-17.97173678,"expectancy_ratio":-1.0,"sortino":-592.1078857713934,"sharpe":-592.1078857713934,"calmar":-19.69584863354926,"sqn":-1503.1286,"profit_factor":0.0,"max_drawdown_account":0.03594347356000003,"max_drawdown_abs":35.94347356},{"key":"TOTAL","trades":26,"profit_mean":0.003815893417730586,"profit_mean_pct":0.38,"profit_total_abs":32.623968670000004,"profit_total":0.03262396867,"profit_total_pct":3.26,"duration_avg":"2:16:00","wins":13,"draws":11,"losses":2,"winrate":0.5,"cagr":0.12839959827943637,"expectancy":1.2547680257692306,"expectancy_ratio":-0.35325796005017707,"sortino":537.4246615987297,"sharpe":0.8877778194971461,"calmar":33.11074995969532,"sqn":0.8668,"profit_factor":1.9076465193476975,"max_drawdown_account":0.01940628797390993,"max_drawdown_abs":20.378783899999995}],"mix_tag_stats":[{"key":["","roi"],"trades":24,"profit_mean":0.008457179465701362,"profit_mean_pct":0.85,"profit_total_abs":68.56744223,"profit_total":0.06856744223,"profit_total_pct":6.86,"duration_avg":"2:05:00","wins":13,"draws":11,"losses":0,"winrate":0.5416666666666666,"cagr":0.2834484368028183,"expectancy":2.856976759583333,"expectancy_ratio":100.0,"sortino":-100,"sharpe":2.7930304722616213,"calmar":-100,"sqn":2.8337,"profit_factor":0.0,"max_drawdown_account":0.0,"max_drawdown_abs":0.0},{"key":["","stop_loss"],"trades":2,"profit_mean":-0.05187953915791872,"profit_mean_pct":-5.19,"profit_total_abs":-35.94347356,"profit_total":-0.03594347356,"profit_total_pct":-3.59,"duration_avg":"4:30:00","wins":0,"draws":0,"losses":2,"winrate":0.0,"cagr":-0.12867634066804257,"expectancy":-17.97173678,"expectancy_ratio":-1.0,"sortino":-592.1078857713934,"sharpe":-592.1078857713934,"calmar":-19.69584863354926,"sqn":-1503.1286,"profit_factor":0.0,"max_drawdown_account":0.03594347356000003,"max_drawdown_abs":35.94347356},{"key":"TOTAL","trades":26,"profit_mean":0.003815893417730586,"profit_mean_pct":0.38,"profit_total_abs":32.623968670000004,"profit_total":0.03262396867,"profit_total_pct":3.26,"duration_avg":"2:16:00","wins":13,"draws":11,"losses":2,"winrate":0.5,"cagr":0.12839959827943637,"expectancy":1.2547680257692306,"expectancy_ratio":-0.35325796005017707,"sortino":537.4246615987297,"sharpe":0.8877778194971461,"calmar":33.11074995969532,"sqn":0.8668,"profit_factor":1.9076465193476975,"max_drawdown_account":0.01940628797390993,"max_drawdown_abs":20.378783899999995}],"left_open_trades":[{"key":"TOTAL","trades":0,"profit_mean":0.0,"profit_mean_pct":0.0,"profit_total_abs":0.0,"profit_total":0.0,"profit_total_pct":0.0,"duration_avg":"0:00","wins":0,"draws":0,"losses":0,"winrate":0.0,"cagr":0.0,"expectancy":0.0,"expectancy_ratio":100.0,"sortino":0,"sharpe":0,"calmar":0,"sqn":0.0,"profit_factor":0.0,"max_drawdown_account":0.0,"max_drawdown_abs":0.0}],"total_trades":26,"trade_count_long":26,"trade_count_short":0,"total_volume":17763.93430490357,"avg_stake_amount":340.30419153846157,"profit_mean":0.003815893417730586,"profit_median":0.000511597383444003,"profit_total":0.03262396867,"profit_total_long":0.03262396867,"profit_total_short":0.0,"profit_total_abs":32.623968670000004,"profit_total_long_abs":32.623968670000004,"profit_total_short_abs":0.0,"cagr":0.12839959827943637,"expectancy":1.2547680257692306,"expectancy_ratio":-0.35325796005017707,"sortino":537.4246615987297,"sharpe":0.8877778194971461,"calmar":33.11074995969532,"sqn":0.8668,"profit_factor":1.9076465193476975,"backtest_start":"2025-10-01 00:00:00","backtest_start_ts":1759276800000,"backtest_end":"2026-01-06 20:00:00","backtest_end_ts":1767729600000,"backtest_days":97,"backtest_run_start_ts":1767753053,"backtest_run_end_ts":1767753053,"trades_per_day":0.27,"market_change":-0.36632086436227446,"pairlist":["DOGE/USDT"],"stake_amount":"unlimited","stake_currency":"USDT","stake_currency_decimals":3,"starting_balance":1000,"dry_run_wallet":1000,"final_balance":1032.62396867,"rejected_signals":0,"timedout_entry_orders":0,"timedout_exit_orders":0,"canceled_trade_entries":0,"canceled_entry_orders":0,"replaced_entry_orders":0,"max_open_trades":1,"max_open_trades_setting":3,"timeframe":"1h","timeframe_detail":"","timerange":"20251001-","enable_protections":false,"strategy_name":"ACO_85_19","freqaimodel":null,"freqai_identifier":null,"stoploss":-0.05,"trailing_stop":false,"trailing_stop_positive":null,"trailing_stop_positive_offset":0.0,"trailing_only_offset_is_reached":false,"use_custom_stoploss":false,"minimal_roi":{"0":0.1,"60":0.05,"120":0.0},"use_exit_signal":true,"exit_profit_only":false,"exit_profit_offset":0.0,"ignore_roi_if_entry_signal":false,"trading_mode":"spot","margin_mode":"","periodic_breakdown":{"day":[{"date":"11/10/2025","date_ts":1760140800000,"profit_abs":4.89784552,"wins":1,"draws":0,"losses":0,"trades":1,"profit_factor":0.0},{"date":"12/10/2025","date_ts":1760227200000,"profit_abs":39.0035495,"wins":3,"draws":1,"losses":0,"trades":4,"profit_factor":0.0},{"date":"13/10/2025","date_ts":1760313600000,"profit_abs":0.0,"wins":0,"draws":1,"losses":0,"trades":1,"profit_factor":0.0},{"date":"14/10/2025","date_ts":1760400000000,"profit_abs":6.21101841,"wins":1,"draws":0,"losses":0,"trades":1,"profit_factor":0.0},{"date":"15/10/2025","date_ts":1760486400000,"profit_abs":0.0,"wins":0,"draws":0,"losses":0,"trades":0,"profit_factor":0.0},{"date":"16/10/2025","date_ts":1760572800000,"profit_abs":0.0,"wins":0,"draws":0,"losses":0,"trades":0,"profit_factor":0.0},{"date":"17/10/2025","date_ts":1760659200000,"profit_abs":-15.73213144,"wins":1,"draws":0,"losses":1,"trades":2,"profit_factor":0.12520018},{"date":"18/10/2025","date_ts":1760745600000,"profit_abs":0.0,"wins":0,"draws":1,"losses":0,"trades":1,"profit_factor":0.0},{"date":"19/10/2025","date_ts":1760832000000,"profit_abs":0.0,"wins":0,"draws":0,"losses":0,"trades":0,"profit_factor":0.0},{"date":"20/10/2025","date_ts":1760918400000,"profit_abs":0.0,"wins":0,"draws":0,"losses":0,"trades":0,"profit_factor":0.0},{"date":"21/10/2025","date_ts":1761004800000,"profit_abs":0.0,"wins":0,"draws":0,"losses":0,"trades":0,"profit_factor":0.0},{"date":"22/10/2025","date_ts":1761091200000,"profit_abs":0.0,"wins":0,"draws":0,"losses":0,"trades":0,"profit_factor":0.0},{"date":"23/10/2025","date_ts":1761177600000,"profit_abs":0.0,"wins":0,"draws":0,"losses":0,"trades":0,"profit_factor":0.0},{"date":"24/10/2025","date_ts":1761264000000,"profit_abs":0.0,"wins":0,"draws":0,"losses":0,"trades":0,"profit_factor":0.0},{"date":"25/10/2025","date_ts":1761350400000,"profit_abs":0.0,"wins":0,"draws":0,"losses":0,"trades":0,"profit_factor":0.0},{"date":"26/10/2025","date_ts":1761436800000,"profit_abs":0.0,"wins":0,"draws":0,"losses":0,"trades":0,"profit_factor":0.0},{"date":"27/10/2025","date_ts":1761523200000,"profit_abs":0.0,"wins":0,"draws":0,"losses":0,"trades":0,"profit_factor":0.0},{"date":"28/10/2025","date_ts":1761609600000,"profit_abs":0.0,"wins":0,"draws":0,"losses":0,"trades":0,"profit_factor":0.0},{"date":"29/10/2025","date_ts":1761696000000,"profit_abs":0.0,"wins":0,"draws":0,"losses":0,"trades":0,"profit_factor":0.0},{"date":"30/10/2025","date_ts":1761782400000,"profit_abs":0.0,"wins":0,"draws":0,"losses":0,"trades":0,"profit_factor":0.0},{"date":"31/10/2025","date_ts":1761868800000,"profit_abs":0.0,"wins":0,"draws":0,"losses":0,"trades":0,"profit_factor":0.0},{"date":"01/11/2025","date_ts":1761955200000,"profit_abs":0.0,"wins":0,"draws":0,"losses":0,"trades":0,"profit_factor":0.0},{"date":"02/11/2025","date_ts":1762041600000,"profit_abs":0.0,"wins":0,"draws":0,"losses":0,"trades":0,"profit_factor":0.0},{"date":"03/11/2025","date_ts":1762128000000,"profit_abs":0.0,"wins":0,"draws":0,"losses":0,"trades":0,"profit_factor":0.0},{"date":"04/11/2025","date_ts":1762214400000,"profit_abs":10.75253701,"wins":3,"draws":0,"losses":0,"trades":3,"profit_factor":0.0},{"date":"05/11/2025","date_ts":1762300800000,"profit_abs":2.56059109,"wins":1,"draws":0,"losses":0,"trades":1,"profit_factor":0.0},{"date":"06/11/2025","date_ts":1762387200000,"profit_abs":0.0,"wins":0,"draws":0,"losses":0,"trades":0,"profit_factor":0.0},{"date":"07/11/2025","date_ts":1762473600000,"profit_abs":0.0,"wins":0,"draws":0,"losses":0,"trades":0,"profit_factor":0.0},{"date":"08/11/2025","date_ts":1762560000000,"profit_abs":0.0,"wins":0,"draws":2,"losses":0,"trades":2,"profit_factor":0.0},{"date":"09/11/2025","date_ts":1762646400000,"profit_abs":0.0,"wins":0,"draws":0,"losses":0,"trades":0,"profit_factor":0.0},{"date":"10/11/2025","date_ts":1762732800000,"profit_abs":0.0,"wins":0,"draws":0,"losses":0,"trades":0,"profit_factor":0.0},{"date":"11/11/2025","date_ts":1762819200000,"profit_abs":0.0,"wins":0,"draws":0,"losses":0,"trades":0,"profit_factor":0.0},{"date":"12/11/2025","date_ts":1762905600000,"profit_abs":0.0,"wins":0,"draws":0,"losses":0,"trades":0,"profit_factor":0.0},{"date":"13/11/2025","date_ts":1762992000000,"profit_abs":0.0,"wins":0,"draws":0,"losses":0,"trades":0,"profit_factor":0.0},{"date":"14/11/2025","date_ts":1763078400000,"profit_abs":-17.95978056,"wins":0,"draws":0,"losses":1,"trades":1,"profit_factor":0.0},{"date":"15/11/2025","date_ts":1763164800000,"profit_abs":0.0,"wins":0,"draws":1,"losses":0,"trades":1,"profit_factor":0.0},{"date":"16/11/2025","date_ts":1763251200000,"profit_abs":0.0,"wins":0,"draws":0,"losses":0,"trades":0,"profit_factor":0.0},{"date":"17/11/2025","date_ts":1763337600000,"profit_abs":0.3480232,"wins":1,"draws":0,"losses":0,"trades":1,"profit_factor":0.0},{"date":"18/11/2025","date_ts":1763424000000,"profit_abs":0.0,"wins":0,"draws":1,"losses":0,"trades":1,"profit_factor":0.0},{"date":"19/11/2025","date_ts":1763510400000,"profit_abs":0.0,"wins":0,"draws":0,"losses":0,"trades":0,"profit_factor":0.0},{"date":"20/11/2025","date_ts":1763596800000,"profit_abs":0.0,"wins":0,"draws":0,"losses":0,"trades":0,"profit_factor":0.0},{"date":"21/11/2025","date_ts":1763683200000,"profit_abs":0.0,"wins":0,"draws":1,"losses":0,"trades":1,"profit_factor":0.0},{"date":"22/11/2025","date_ts":1763769600000,"profit_abs":0.39425134,"wins":1,"draws":1,"losses":0,"trades":2,"profit_factor":0.0},{"date":"23/11/2025","date_ts":1763856000000,"profit_abs":2.1480646,"wins":1,"draws":1,"losses":0,"trades":2,"profit_factor":0.0},{"date":"24/11/2025","date_ts":1763942400000,"profit_abs":0.0,"wins":0,"draws":0,"losses":0,"trades":0,"profit_factor":0.0},{"date":"25/11/2025","date_ts":1764028800000,"profit_abs":0.0,"wins":0,"draws":0,"losses":0,"trades":0,"profit_factor":0.0},{"date":"26/11/2025","date_ts":1764115200000,"profit_abs":0.0,"wins":0,"draws":0,"losses":0,"trades":0,"profit_factor":0.0},{"date":"27/11/2025","date_ts":1764201600000,"profit_abs":0.0,"wins":0,"draws":0,"losses":0,"trades":0,"profit_factor":0.0},{"date":"28/11/2025","date_ts":1764288000000,"profit_abs":0.0,"wins":0,"draws":0,"losses":0,"trades":0,"profit_factor":0.0},{"date":"29/11/2025","date_ts":1764374400000,"profit_abs":0.0,"wins":0,"draws":0,"losses":0,"trades":0,"profit_factor":0.0},{"date":"30/11/2025","date_ts":1764460800000,"profit_abs":0.0,"wins":0,"draws":0,"losses":0,"trades":0,"profit_factor":0.0},{"date":"01/12/2025","date_ts":1764547200000,"profit_abs":0.0,"wins":0,"draws":0,"losses":0,"trades":0,"profit_factor":0.0},{"date":"02/12/2025","date_ts":1764633600000,"profit_abs":0.0,"wins":0,"draws":0,"losses":0,"trades":0,"profit_factor":0.0},{"date":"03/12/2025","date_ts":1764720000000,"profit_abs":0.0,"wins":0,"draws":0,"losses":0,"trades":0,"profit_factor":0.0},{"date":"04/12/2025","date_ts":1764806400000,"profit_abs":0.0,"wins":0,"draws":0,"losses":0,"trades":0,"profit_factor":0.0},{"date":"05/12/2025","date_ts":1764892800000,"profit_abs":0.0,"wins":0,"draws":0,"losses":0,"trades":0,"profit_factor":0.0},{"date":"06/12/2025","date_ts":1764979200000,"profit_abs":0.0,"wins":0,"draws":0,"losses":0,"trades":0,"profit_factor":0.0},{"date":"07/12/2025","date_ts":1765065600000,"profit_abs":0.0,"wins":0,"draws":0,"losses":0,"trades":0,"profit_factor":0.0},{"date":"08/12/2025","date_ts":1765152000000,"profit_abs":0.0,"wins":0,"draws":0,"losses":0,"trades":0,"profit_factor":0.0},{"date":"09/12/2025","date_ts":1765238400000,"profit_abs":0.0,"wins":0,"draws":0,"losses":0,"trades":0,"profit_factor":0.0},{"date":"10/12/2025","date_ts":1765324800000,"profit_abs":0.0,"wins":0,"draws":0,"losses":0,"trades":0,"profit_factor":0.0},{"date":"11/12/2025","date_ts":1765411200000,"profit_abs":0.0,"wins":0,"draws":0,"losses":0,"trades":0,"profit_factor":0.0},{"date":"12/12/2025","date_ts":1765497600000,"profit_abs":0.0,"wins":0,"draws":0,"losses":0,"trades":0,"profit_factor":0.0},{"date":"13/12/2025","date_ts":1765584000000,"profit_abs":0.0,"wins":0,"draws":0,"losses":0,"trades":0,"profit_factor":0.0},{"date":"14/12/2025","date_ts":1765670400000,"profit_abs":0.0,"wins":0,"draws":0,"losses":0,"trades":0,"profit_factor":0.0},{"date":"15/12/2025","date_ts":1765756800000,"profit_abs":0.0,"wins":0,"draws":0,"losses":0,"trades":0,"profit_factor":0.0},{"date":"16/12/2025","date_ts":1765843200000,"profit_abs":0.0,"wins":0,"draws":0,"losses":0,"trades":0,"profit_factor":0.0},{"date":"17/12/2025","date_ts":1765929600000,"profit_abs":0.0,"wins":0,"draws":0,"losses":0,"trades":0,"profit_factor":0.0},{"date":"18/12/2025","date_ts":1766016000000,"profit_abs":0.0,"wins":0,"draws":0,"losses":0,"trades":0,"profit_factor":0.0},{"date":"19/12/2025","date_ts":1766102400000,"profit_abs":0.0,"wins":0,"draws":0,"losses":0,"trades":0,"profit_factor":0.0},{"date":"20/12/2025","date_ts":1766188800000,"profit_abs":0.0,"wins":0,"draws":0,"losses":0,"trades":0,"profit_factor":0.0},{"date":"21/12/2025","date_ts":1766275200000,"profit_abs":0.0,"wins":0,"draws":0,"losses":0,"trades":0,"profit_factor":0.0},{"date":"22/12/2025","date_ts":1766361600000,"profit_abs":0.0,"wins":0,"draws":0,"losses":0,"trades":0,"profit_factor":0.0},{"date":"23/12/2025","date_ts":1766448000000,"profit_abs":0.0,"wins":0,"draws":0,"losses":0,"trades":0,"profit_factor":0.0},{"date":"24/12/2025","date_ts":1766534400000,"profit_abs":0.0,"wins":0,"draws":0,"losses":0,"trades":0,"profit_factor":0.0},{"date":"25/12/2025","date_ts":1766620800000,"profit_abs":0.0,"wins":0,"draws":0,"losses":0,"trades":0,"profit_factor":0.0},{"date":"26/12/2025","date_ts":1766707200000,"profit_abs":0.0,"wins":0,"draws":0,"losses":0,"trades":0,"profit_factor":0.0},{"date":"27/12/2025","date_ts":1766793600000,"profit_abs":0.0,"wins":0,"draws":0,"losses":0,"trades":0,"profit_factor":0.0},{"date":"28/12/2025","date_ts":1766880000000,"profit_abs":0.0,"wins":0,"draws":0,"losses":0,"trades":0,"profit_factor":0.0},{"date":"29/12/2025","date_ts":1766966400000,"profit_abs":0.0,"wins":0,"draws":0,"losses":0,"trades":0,"profit_factor":0.0},{"date":"30/12/2025","date_ts":1767052800000,"profit_abs":0.0,"wins":0,"draws":0,"losses":0,"trades":0,"profit_factor":0.0},{"date":"31/12/2025","date_ts":1767139200000,"profit_abs":0.0,"wins":0,"draws":0,"losses":0,"trades":0,"profit_factor":0.0},{"date":"01/01/2026","date_ts":1767225600000,"profit_abs":0.0,"wins":0,"draws":0,"losses":0,"trades":0,"profit_factor":0.0},{"date":"02/01/2026","date_ts":1767312000000,"profit_abs":0.0,"wins":0,"draws":0,"losses":0,"trades":0,"profit_factor":0.0},{"date":"03/01/2026","date_ts":1767398400000,"profit_abs":0.0,"wins":0,"draws":1,"losses":0,"trades":1,"profit_factor":0.0}],"week":[{"date":"13/10/2025","date_ts":1760313600000,"profit_abs":43.90139502,"wins":4,"draws":2,"losses":0,"trades":6,"profit_factor":0.0},{"date":"20/10/2025","date_ts":1760918400000,"profit_abs":-9.52111303,"wins":2,"draws":1,"losses":1,"trades":4,"profit_factor":0.47056964},{"date":"27/10/2025","date_ts":1761523200000,"profit_abs":0.0,"wins":0,"draws":0,"losses":0,"trades":0,"profit_factor":0.0},{"date":"03/11/2025","date_ts":1762128000000,"profit_abs":0.0,"wins":0,"draws":0,"losses":0,"trades":0,"profit_factor":0.0},{"date":"10/11/2025","date_ts":1762732800000,"profit_abs":13.3131281,"wins":4,"draws":2,"losses":0,"trades":6,"profit_factor":0.0},{"date":"17/11/2025","date_ts":1763337600000,"profit_abs":-17.61175736,"wins":1,"draws":1,"losses":1,"trades":3,"profit_factor":0.01937792},{"date":"24/11/2025","date_ts":1763942400000,"profit_abs":2.54231594,"wins":2,"draws":4,"losses":0,"trades":6,"profit_factor":0.0},{"date":"01/12/2025","date_ts":1764547200000,"profit_abs":0.0,"wins":0,"draws":0,"losses":0,"trades":0,"profit_factor":0.0},{"date":"08/12/2025","date_ts":1765152000000,"profit_abs":0.0,"wins":0,"draws":0,"losses":0,"trades":0,"profit_factor":0.0},{"date":"15/12/2025","date_ts":1765756800000,"profit_abs":0.0,"wins":0,"draws":0,"losses":0,"trades":0,"profit_factor":0.0},{"date":"22/12/2025","date_ts":1766361600000,"profit_abs":0.0,"wins":0,"draws":0,"losses":0,"trades":0,"profit_factor":0.0},{"date":"29/12/2025","date_ts":1766966400000,"profit_abs":0.0,"wins":0,"draws":0,"losses":0,"trades":0,"profit_factor":0.0},{"date":"05/01/2026","date_ts":1767571200000,"profit_abs":0.0,"wins":0,"draws":1,"losses":0,"trades":1,"profit_factor":0.0}],"month":[{"date":"31/10/2025","date_ts":1761868800000,"profit_abs":34.38028199,"wins":6,"draws":3,"losses":1,"trades":10,"profit_factor":2.9117476},{"date":"30/11/2025","date_ts":1764460800000,"profit_abs":-1.75631332,"wins":7,"draws":7,"losses":1,"trades":15,"profit_factor":0.90220853},{"date":"31/12/2025","date_ts":1767139200000,"profit_abs":0.0,"wins":0,"draws":0,"losses":0,"trades":0,"profit_factor":0.0},{"date":"31/01/2026","date_ts":1769817600000,"profit_abs":0.0,"wins":0,"draws":1,"losses":0,"trades":1,"profit_factor":0.0}],"year":[{"date":"31/12/2025","date_ts":1767139200000,"profit_abs":32.62396867,"wins":13,"draws":10,"losses":2,"trades":25,"profit_factor":1.90764652},{"date":"31/12/2026","date_ts":1798675200000,"profit_abs":0.0,"wins":0,"draws":1,"losses":0,"trades":1,"profit_factor":0.0}],"weekday":[{"date":"Monday","date_ts":0,"profit_abs":0.3480232,"wins":1,"draws":1,"losses":0,"trades":2,"profit_factor":0.0},{"date":"Tuesday","date_ts":1,"profit_abs":16.96355542,"wins":4,"draws":1,"losses":0,"trades":5,"profit_factor":0.0},{"date":"Wednesday","date_ts":2,"profit_abs":2.56059109,"wins":1,"draws":0,"losses":0,"trades":1,"profit_factor":0.0},{"date":"Friday","date_ts":4,"profit_abs":-33.691912,"wins":1,"draws":1,"losses":2,"trades":4,"profit_factor":0.06264174},{"date":"Saturday","date_ts":5,"profit_abs":5.29209686,"wins":2,"draws":6,"losses":0,"trades":8,"profit_factor":0.0},{"date":"Sunday","date_ts":6,"profit_abs":41.1516141,"wins":4,"draws":2,"losses":0,"trades":6,"profit_factor":0.0}]},"backtest_best_day":0.11616710234644695,"backtest_worst_day":-0.05189505939460211,"backtest_best_day_abs":39.0035495,"backtest_worst_day_abs":-17.95978056,"winning_days":8,"draw_days":75,"losing_days":2,"daily_profit":[["2025-10-11",4.89784552],["2025-10-12",39.0035495],["2025-10-13",0.0],["2025-10-14",6.21101841],["2025-10-15",0.0],["2025-10-16",0.0],["2025-10-17",-15.73213144],["2025-10-18",0.0],["2025-10-19",0.0],["2025-10-20",0.0],["2025-10-21",0.0],["2025-10-22",0.0],["2025-10-23",0.0],["2025-10-24",0.0],["2025-10-25",0.0],["2025-10-26",0.0],["2025-10-27",0.0],["2025-10-28",0.0],["2025-10-29",0.0],["2025-10-30",0.0],["2025-10-31",0.0],["2025-11-01",0.0],["2025-11-02",0.0],["2025-11-03",0.0],["2025-11-04",10.75253701],["2025-11-05",2.56059109],["2025-11-06",0.0],["2025-11-07",0.0],["2025-11-08",0.0],["2025-11-09",0.0],["2025-11-10",0.0],["2025-11-11",0.0],["2025-11-12",0.0],["2025-11-13",0.0],["2025-11-14",-17.95978056],["2025-11-15",0.0],["2025-11-16",0.0],["2025-11-17",0.3480232],["2025-11-18",0.0],["2025-11-19",0.0],["2025-11-20",0.0],["2025-11-21",0.0],["2025-11-22",0.39425134],["2025-11-23",2.1480646],["2025-11-24",0.0],["2025-11-25",0.0],["2025-11-26",0.0],["2025-11-27",0.0],["2025-11-28",0.0],["2025-11-29",0.0],["2025-11-30",0.0],["2025-12-01",0.0],["2025-12-02",0.0],["2025-12-03",0.0],["2025-12-04",0.0],["2025-12-05",0.0],["2025-12-06",0.0],["2025-12-07",0.0],["2025-12-08",0.0],["2025-12-09",0.0],["2025-12-10",0.0],["2025-12-11",0.0],["2025-12-12",0.0],["2025-12-13",0.0],["2025-12-14",0.0],["2025-12-15",0.0],["2025-12-16",0.0],["2025-12-17",0.0],["2025-12-18",0.0],["2025-12-19",0.0],["2025-12-20",0.0],["2025-12-21",0.0],["2025-12-22",0.0],["2025-12-23",0.0],["2025-12-24",0.0],["2025-12-25",0.0],["2025-12-26",0.0],["2025-12-27",0.0],["2025-12-28",0.0],["2025-12-29",0.0],["2025-12-30",0.0],["2025-12-31",0.0],["2026-01-01",0.0],["2026-01-02",0.0],["2026-01-03",0.0]],"wins":13,"losses":2,"draws":11,"winrate":0.5,"holding_avg":"2:16:00","holding_avg_s":8160.0,"winner_holding_min":"0d 01:00","winner_holding_min_s":3600.0,"winner_holding_max":"0d 02:00","winner_holding_max_s":7200.0,"winner_holding_avg":"0d 01:51","winner_holding_avg_s":6660.0,"loser_holding_min":"0d 03:00","loser_holding_min_s":10800.0,"loser_holding_max":"0d 06:00","loser_holding_max_s":21600.0,"loser_holding_avg":"0d 04:30","loser_holding_avg_s":16200.0,"max_consecutive_wins":4,"max_consecutive_losses":4,"max_drawdown_account":0.01940628797390993,"max_relative_drawdown":0.01940628797390993,"max_drawdown_abs":20.378783899999995,"drawdown_start":"2025-10-14 17:00:00","drawdown_start_ts":1760461200000.0,"drawdown_end":"2025-11-14 23:00:00","drawdown_end_ts":1763161200000.0,"drawdown_duration":"31 days 06:00:00","drawdown_duration_s":2700000.0,"max_drawdown_low":29.73362953000001,"max_drawdown_high":50.112413430000004,"csum_min":1004.89784552,"csum_max":1050.11241343}},"strategy_comparison":[{"key":"ACO_85_19","trades":26,"profit_mean":0.003815893417730586,"profit_mean_pct":0.38,"profit_total_abs":32.623968670000004,"profit_total":0.03262396867,"profit_total_pct":3.26,"duration_avg":"2:16:00","wins":13,"draws":11,"losses":2,"winrate":0.5,"cagr":0.12839959827943637,"expectancy":1.2547680257692306,"expectancy_ratio":-0.35325796005017707,"sortino":537.4246615987297,"sharpe":0.8877778194971461,"calmar":33.11074995969532,"sqn":0.8668,"profit_factor":1.9076465193476975,"max_drawdown_account":0.01940628797390993,"max_drawdown_abs":"20.379"}]}