{"strategy":{"ACO_61_21":{"trades":[{"pair":"DOGE/USDT","stake_amount":329.90442,"max_stake_amount":329.90442,"amount":1698.0,"open_date":"2025-10-19 11:00:00+00:00","close_date":"2025-10-19 13:00:00+00:00","open_rate":0.19429,"close_rate":0.19467896896896894,"fee_open":0.001,"fee_close":0.001,"trade_duration":120,"profit_ratio":0.0,"profit_abs":0.0,"exit_reason":"roi","initial_stop_loss_abs":0.18458,"initial_stop_loss_ratio":-0.05,"stop_loss_abs":0.18458,"stop_loss_ratio":-0.05,"min_rate":0.19259,"max_rate":0.19805,"is_open":false,"enter_tag":"","leverage":1.0,"is_short":false,"open_timestamp":1760871600000,"close_timestamp":1760878800000,"orders":[{"amount":1698.0,"safe_price":0.19429,"ft_order_side":"buy","order_filled_timestamp":1760871600000,"ft_is_entry":true,"ft_order_tag":"","cost":330.23432441999995},{"amount":1698.0,"safe_price":0.19467896896896894,"ft_order_side":"sell","order_filled_timestamp":1760878800000,"ft_is_entry":false,"ft_order_tag":"roi","cost":330.89545419861855}],"funding_fees":0.0,"weekday":6},{"pair":"DOGE/USDT","stake_amount":329.92704,"max_stake_amount":329.92704,"amount":1952.0,"open_date":"2025-11-07 16:00:00+00:00","close_date":"2025-11-07 17:00:00+00:00","open_rate":0.16902,"close_rate":0.17781783783783786,"fee_open":0.001,"fee_close":0.001,"trade_duration":60,"profit_ratio":0.04995004995004995,"profit_abs":16.496352,"exit_reason":"roi","initial_stop_loss_abs":0.16057,"initial_stop_loss_ratio":-0.05,"stop_loss_abs":0.16057,"stop_loss_ratio":-0.05,"min_rate":0.16834,"max_rate":0.17978,"is_open":false,"enter_tag":"","leverage":1.0,"is_short":false,"open_timestamp":1762531200000,"close_timestamp":1762534800000,"orders":[{"amount":1952.0,"safe_price":0.16902,"ft_order_side":"buy","order_filled_timestamp":1762531200000,"ft_is_entry":true,"ft_order_tag":"","cost":330.25696704},{"amount":1952.0,"safe_price":0.17781783783783786,"ft_order_side":"sell","order_filled_timestamp":1762534800000,"ft_is_entry":false,"ft_order_tag":"roi","cost":347.4475198789189}],"funding_fees":0.0,"weekday":4},{"pair":"DOGE/USDT","stake_amount":335.31732,"max_stake_amount":335.31732,"amount":2052.0,"open_date":"2025-11-16 06:00:00+00:00","close_date":"2025-11-16 08:00:00+00:00","open_rate":0.16341,"close_rate":0.16408,"fee_open":0.001,"fee_close":0.001,"trade_duration":120,"profit_ratio":0.0020939222334485784,"profit_abs":0.70283052,"exit_reason":"roi","initial_stop_loss_abs":0.15524,"initial_stop_loss_ratio":-0.05,"stop_loss_abs":0.15524,"stop_loss_ratio":-0.05,"min_rate":0.16295,"max_rate":0.16445,"is_open":false,"enter_tag":"","leverage":1.0,"is_short":false,"open_timestamp":1763272800000,"close_timestamp":1763280000000,"orders":[{"amount":2052.0,"safe_price":0.16341,"ft_order_side":"buy","order_filled_timestamp":1763272800000,"ft_is_entry":true,"ft_order_tag":"","cost":335.65263731999994},{"amount":2052.0,"safe_price":0.16408,"ft_order_side":"sell","order_filled_timestamp":1763280000000,"ft_is_entry":false,"ft_order_tag":"roi","cost":337.02885216}],"funding_fees":0.0,"weekday":6}],"locks":[],"best_pair":{"key":"DOGE/USDT","trades":3,"profit_mean":0.017347990727832843,"profit_mean_pct":1.73,"profit_total_abs":17.19918252,"profit_total":0.017199182520000002,"profit_total_pct":1.72,"duration_avg":"1:40:00","wins":2,"draws":1,"losses":0,"winrate":0.6666666666666666,"cagr":0.06627185899391641,"expectancy":5.73306084,"expectancy_ratio":100.0,"sortino":-100,"sharpe":0.44477871660365953,"calmar":-100,"sqn":1.0645,"profit_factor":0.0,"max_drawdown_account":0.0,"max_drawdown_abs":0.0},"worst_pair":{"key":"DOGE/USDT","trades":3,"profit_mean":0.017347990727832843,"profit_mean_pct":1.73,"profit_total_abs":17.19918252,"profit_total":0.017199182520000002,"profit_total_pct":1.72,"duration_avg":"1:40:00","wins":2,"draws":1,"losses":0,"winrate":0.6666666666666666,"cagr":0.06627185899391641,"expectancy":5.73306084,"expectancy_ratio":100.0,"sortino":-100,"sharpe":0.44477871660365953,"calmar":-100,"sqn":1.0645,"profit_factor":0.0,"max_drawdown_account":0.0,"max_drawdown_abs":0.0},"results_per_pair":[{"key":"DOGE/USDT","trades":3,"profit_mean":0.017347990727832843,"profit_mean_pct":1.73,"profit_total_abs":17.19918252,"profit_total":0.017199182520000002,"profit_total_pct":1.72,"duration_avg":"1:40:00","wins":2,"draws":1,"losses":0,"winrate":0.6666666666666666,"cagr":0.06627185899391641,"expectancy":5.73306084,"expectancy_ratio":100.0,"sortino":-100,"sharpe":0.44477871660365953,"calmar":-100,"sqn":1.0645,"profit_factor":0.0,"max_drawdown_account":0.0,"max_drawdown_abs":0.0},{"key":"TOTAL","trades":3,"profit_mean":0.017347990727832843,"profit_mean_pct":1.73,"profit_total_abs":17.19918252,"profit_total":0.017199182520000002,"profit_total_pct":1.72,"duration_avg":"1:40:00","wins":2,"draws":1,"losses":0,"winrate":0.6666666666666666,"cagr":0.06627185899391641,"expectancy":5.73306084,"expectancy_ratio":100.0,"sortino":-100,"sharpe":0.44477871660365953,"calmar":-100,"sqn":1.0645,"profit_factor":0.0,"max_drawdown_account":0.0,"max_drawdown_abs":0.0}],"results_per_enter_tag":[{"key":"","trades":3,"profit_mean":0.017347990727832843,"profit_mean_pct":1.73,"profit_total_abs":17.19918252,"profit_total":0.017199182520000002,"profit_total_pct":1.72,"duration_avg":"1:40:00","wins":2,"draws":1,"losses":0,"winrate":0.6666666666666666,"cagr":0.06627185899391641,"expectancy":5.73306084,"expectancy_ratio":100.0,"sortino":-100,"sharpe":0.44477871660365953,"calmar":-100,"sqn":1.0645,"profit_factor":0.0,"max_drawdown_account":0.0,"max_drawdown_abs":0.0},{"key":"TOTAL","trades":3,"profit_mean":0.017347990727832843,"profit_mean_pct":1.73,"profit_total_abs":17.19918252,"profit_total":0.017199182520000002,"profit_total_pct":1.72,"duration_avg":"1:40:00","wins":2,"draws":1,"losses":0,"winrate":0.6666666666666666,"cagr":0.06627185899391641,"expectancy":5.73306084,"expectancy_ratio":100.0,"sortino":-100,"sharpe":0.44477871660365953,"calmar":-100,"sqn":1.0645,"profit_factor":0.0,"max_drawdown_account":0.0,"max_drawdown_abs":0.0}],"exit_reason_summary":[{"key":"roi","trades":3,"profit_mean":0.017347990727832843,"profit_mean_pct":1.73,"profit_total_abs":17.19918252,"profit_total":0.017199182520000002,"profit_total_pct":1.72,"duration_avg":"1:40:00","wins":2,"draws":1,"losses":0,"winrate":0.6666666666666666,"cagr":0.06627185899391641,"expectancy":5.73306084,"expectancy_ratio":100.0,"sortino":-100,"sharpe":0.44477871660365953,"calmar":-100,"sqn":1.0645,"profit_factor":0.0,"max_drawdown_account":0.0,"max_drawdown_abs":0.0},{"key":"TOTAL","trades":3,"profit_mean":0.017347990727832843,"profit_mean_pct":1.73,"profit_total_abs":17.19918252,"profit_total":0.017199182520000002,"profit_total_pct":1.72,"duration_avg":"1:40:00","wins":2,"draws":1,"losses":0,"winrate":0.6666666666666666,"cagr":0.06627185899391641,"expectancy":5.73306084,"expectancy_ratio":100.0,"sortino":-100,"sharpe":0.44477871660365953,"calmar":-100,"sqn":1.0645,"profit_factor":0.0,"max_drawdown_account":0.0,"max_drawdown_abs":0.0}],"mix_tag_stats":[{"key":["","roi"],"trades":3,"profit_mean":0.017347990727832843,"profit_mean_pct":1.73,"profit_total_abs":17.19918252,"profit_total":0.017199182520000002,"profit_total_pct":1.72,"duration_avg":"1:40:00","wins":2,"draws":1,"losses":0,"winrate":0.6666666666666666,"cagr":0.06627185899391641,"expectancy":5.73306084,"expectancy_ratio":100.0,"sortino":-100,"sharpe":0.44477871660365953,"calmar":-100,"sqn":1.0645,"profit_factor":0.0,"max_drawdown_account":0.0,"max_drawdown_abs":0.0},{"key":"TOTAL","trades":3,"profit_mean":0.017347990727832843,"profit_mean_pct":1.73,"profit_total_abs":17.19918252,"profit_total":0.017199182520000002,"profit_total_pct":1.72,"duration_avg":"1:40:00","wins":2,"draws":1,"losses":0,"winrate":0.6666666666666666,"cagr":0.06627185899391641,"expectancy":5.73306084,"expectancy_ratio":100.0,"sortino":-100,"sharpe":0.44477871660365953,"calmar":-100,"sqn":1.0645,"profit_factor":0.0,"max_drawdown_account":0.0,"max_drawdown_abs":0.0}],"left_open_trades":[{"key":"TOTAL","trades":0,"profit_mean":0.0,"profit_mean_pct":0.0,"profit_total_abs":0.0,"profit_total":0.0,"profit_total_pct":0.0,"duration_avg":"0:00","wins":0,"draws":0,"losses":0,"winrate":0.0,"cagr":0.0,"expectancy":0.0,"expectancy_ratio":100.0,"sortino":0,"sharpe":0,"calmar":0,"sqn":0.0,"profit_factor":0.0,"max_drawdown_account":0.0,"max_drawdown_abs":0.0}],"total_trades":3,"trade_count_long":3,"trade_count_short":0,"total_volume":2011.5157550175375,"avg_stake_amount":331.71626,"profit_mean":0.017347990727832843,"profit_median":0.0020939222334485784,"profit_total":0.017199182520000002,"profit_total_long":0.017199182520000002,"profit_total_short":0.0,"profit_total_abs":17.19918252,"profit_total_long_abs":17.19918252,"profit_total_short_abs":0.0,"cagr":0.06627185899391641,"expectancy":5.73306084,"expectancy_ratio":100.0,"sortino":-100,"sharpe":0.44477871660365953,"calmar":-100,"sqn":1.0645,"profit_factor":0.0,"backtest_start":"2025-10-01 00:00:00","backtest_start_ts":1759276800000,"backtest_end":"2026-01-06 20:00:00","backtest_end_ts":1767729600000,"backtest_days":97,"backtest_run_start_ts":1767745660,"backtest_run_end_ts":1767745660,"trades_per_day":0.03,"market_change":-0.36632086436227446,"pairlist":["DOGE/USDT"],"stake_amount":"unlimited","stake_currency":"USDT","stake_currency_decimals":3,"starting_balance":1000,"dry_run_wallet":1000,"final_balance":1017.19918252,"rejected_signals":0,"timedout_entry_orders":0,"timedout_exit_orders":0,"canceled_trade_entries":0,"canceled_entry_orders":0,"replaced_entry_orders":0,"max_open_trades":1,"max_open_trades_setting":3,"timeframe":"1h","timeframe_detail":"","timerange":"20251001-","enable_protections":false,"strategy_name":"ACO_61_21","freqaimodel":null,"freqai_identifier":null,"stoploss":-0.05,"trailing_stop":false,"trailing_stop_positive":null,"trailing_stop_positive_offset":0.0,"trailing_only_offset_is_reached":false,"use_custom_stoploss":false,"minimal_roi":{"0":0.1,"60":0.05,"120":0.0},"use_exit_signal":true,"exit_profit_only":false,"exit_profit_offset":0.0,"ignore_roi_if_entry_signal":false,"trading_mode":"spot","margin_mode":"","periodic_breakdown":{"day":[{"date":"19/10/2025","date_ts":1760832000000,"profit_abs":0.0,"wins":0,"draws":1,"losses":0,"trades":1,"profit_factor":0.0},{"date":"20/10/2025","date_ts":1760918400000,"profit_abs":0.0,"wins":0,"draws":0,"losses":0,"trades":0,"profit_factor":0.0},{"date":"21/10/2025","date_ts":1761004800000,"profit_abs":0.0,"wins":0,"draws":0,"losses":0,"trades":0,"profit_factor":0.0},{"date":"22/10/2025","date_ts":1761091200000,"profit_abs":0.0,"wins":0,"draws":0,"losses":0,"trades":0,"profit_factor":0.0},{"date":"23/10/2025","date_ts":1761177600000,"profit_abs":0.0,"wins":0,"draws":0,"losses":0,"trades":0,"profit_factor":0.0},{"date":"24/10/2025","date_ts":1761264000000,"profit_abs":0.0,"wins":0,"draws":0,"losses":0,"trades":0,"profit_factor":0.0},{"date":"25/10/2025","date_ts":1761350400000,"profit_abs":0.0,"wins":0,"draws":0,"losses":0,"trades":0,"profit_factor":0.0},{"date":"26/10/2025","date_ts":1761436800000,"profit_abs":0.0,"wins":0,"draws":0,"losses":0,"trades":0,"profit_factor":0.0},{"date":"27/10/2025","date_ts":1761523200000,"profit_abs":0.0,"wins":0,"draws":0,"losses":0,"trades":0,"profit_factor":0.0},{"date":"28/10/2025","date_ts":1761609600000,"profit_abs":0.0,"wins":0,"draws":0,"losses":0,"trades":0,"profit_factor":0.0},{"date":"29/10/2025","date_ts":1761696000000,"profit_abs":0.0,"wins":0,"draws":0,"losses":0,"trades":0,"profit_factor":0.0},{"date":"30/10/2025","date_ts":1761782400000,"profit_abs":0.0,"wins":0,"draws":0,"losses":0,"trades":0,"profit_factor":0.0},{"date":"31/10/2025","date_ts":1761868800000,"profit_abs":0.0,"wins":0,"draws":0,"losses":0,"trades":0,"profit_factor":0.0},{"date":"01/11/2025","date_ts":1761955200000,"profit_abs":0.0,"wins":0,"draws":0,"losses":0,"trades":0,"profit_factor":0.0},{"date":"02/11/2025","date_ts":1762041600000,"profit_abs":0.0,"wins":0,"draws":0,"losses":0,"trades":0,"profit_factor":0.0},{"date":"03/11/2025","date_ts":1762128000000,"profit_abs":0.0,"wins":0,"draws":0,"losses":0,"trades":0,"profit_factor":0.0},{"date":"04/11/2025","date_ts":1762214400000,"profit_abs":0.0,"wins":0,"draws":0,"losses":0,"trades":0,"profit_factor":0.0},{"date":"05/11/2025","date_ts":1762300800000,"profit_abs":0.0,"wins":0,"draws":0,"losses":0,"trades":0,"profit_factor":0.0},{"date":"06/11/2025","date_ts":1762387200000,"profit_abs":0.0,"wins":0,"draws":0,"losses":0,"trades":0,"profit_factor":0.0},{"date":"07/11/2025","date_ts":1762473600000,"profit_abs":16.496352,"wins":1,"draws":0,"losses":0,"trades":1,"profit_factor":0.0},{"date":"08/11/2025","date_ts":1762560000000,"profit_abs":0.0,"wins":0,"draws":0,"losses":0,"trades":0,"profit_factor":0.0},{"date":"09/11/2025","date_ts":1762646400000,"profit_abs":0.0,"wins":0,"draws":0,"losses":0,"trades":0,"profit_factor":0.0},{"date":"10/11/2025","date_ts":1762732800000,"profit_abs":0.0,"wins":0,"draws":0,"losses":0,"trades":0,"profit_factor":0.0},{"date":"11/11/2025","date_ts":1762819200000,"profit_abs":0.0,"wins":0,"draws":0,"losses":0,"trades":0,"profit_factor":0.0},{"date":"12/11/2025","date_ts":1762905600000,"profit_abs":0.0,"wins":0,"draws":0,"losses":0,"trades":0,"profit_factor":0.0},{"date":"13/11/2025","date_ts":1762992000000,"profit_abs":0.0,"wins":0,"draws":0,"losses":0,"trades":0,"profit_factor":0.0},{"date":"14/11/2025","date_ts":1763078400000,"profit_abs":0.0,"wins":0,"draws":0,"losses":0,"trades":0,"profit_factor":0.0},{"date":"15/11/2025","date_ts":1763164800000,"profit_abs":0.0,"wins":0,"draws":0,"losses":0,"trades":0,"profit_factor":0.0},{"date":"16/11/2025","date_ts":1763251200000,"profit_abs":0.70283052,"wins":1,"draws":0,"losses":0,"trades":1,"profit_factor":0.0}],"week":[{"date":"20/10/2025","date_ts":1760918400000,"profit_abs":0.0,"wins":0,"draws":1,"losses":0,"trades":1,"profit_factor":0.0},{"date":"27/10/2025","date_ts":1761523200000,"profit_abs":0.0,"wins":0,"draws":0,"losses":0,"trades":0,"profit_factor":0.0},{"date":"03/11/2025","date_ts":1762128000000,"profit_abs":0.0,"wins":0,"draws":0,"losses":0,"trades":0,"profit_factor":0.0},{"date":"10/11/2025","date_ts":1762732800000,"profit_abs":16.496352,"wins":1,"draws":0,"losses":0,"trades":1,"profit_factor":0.0},{"date":"17/11/2025","date_ts":1763337600000,"profit_abs":0.70283052,"wins":1,"draws":0,"losses":0,"trades":1,"profit_factor":0.0}],"month":[{"date":"31/10/2025","date_ts":1761868800000,"profit_abs":0.0,"wins":0,"draws":1,"losses":0,"trades":1,"profit_factor":0.0},{"date":"30/11/2025","date_ts":1764460800000,"profit_abs":17.19918252,"wins":2,"draws":0,"losses":0,"trades":2,"profit_factor":0.0}],"year":[{"date":"31/12/2025","date_ts":1767139200000,"profit_abs":17.19918252,"wins":2,"draws":1,"losses":0,"trades":3,"profit_factor":0.0}],"weekday":[{"date":"Friday","date_ts":4,"profit_abs":16.496352,"wins":1,"draws":0,"losses":0,"trades":1,"profit_factor":0.0},{"date":"Sunday","date_ts":6,"profit_abs":0.70283052,"wins":1,"draws":1,"losses":0,"trades":2,"profit_factor":0.0}]},"backtest_best_day":0.04995004995004995,"backtest_worst_day":0.0,"backtest_best_day_abs":16.496352,"backtest_worst_day_abs":0.0,"winning_days":2,"draw_days":27,"losing_days":0,"daily_profit":[["2025-10-19",0.0],["2025-10-20",0.0],["2025-10-21",0.0],["2025-10-22",0.0],["2025-10-23",0.0],["2025-10-24",0.0],["2025-10-25",0.0],["2025-10-26",0.0],["2025-10-27",0.0],["2025-10-28",0.0],["2025-10-29",0.0],["2025-10-30",0.0],["2025-10-31",0.0],["2025-11-01",0.0],["2025-11-02",0.0],["2025-11-03",0.0],["2025-11-04",0.0],["2025-11-05",0.0],["2025-11-06",0.0],["2025-11-07",16.496352],["2025-11-08",0.0],["2025-11-09",0.0],["2025-11-10",0.0],["2025-11-11",0.0],["2025-11-12",0.0],["2025-11-13",0.0],["2025-11-14",0.0],["2025-11-15",0.0],["2025-11-16",0.70283052]],"wins":2,"losses":0,"draws":1,"winrate":0.6666666666666666,"holding_avg":"1:40:00","holding_avg_s":6000.0,"winner_holding_min":"0d 01:00","winner_holding_min_s":3600.0,"winner_holding_max":"0d 02:00","winner_holding_max_s":7200.0,"winner_holding_avg":"0d 01:30","winner_holding_avg_s":5400.0,"loser_holding_min":"0d 00:00","loser_holding_min_s":0.0,"loser_holding_max":"0d 00:00","loser_holding_max_s":0.0,"loser_holding_avg":"0d 00:00","loser_holding_avg_s":0.0,"max_consecutive_wins":2,"max_consecutive_losses":1,"max_drawdown_account":0.0,"max_relative_drawdown":0.0,"max_drawdown_abs":0.0,"drawdown_start":"2025-10-19 13:00:00","drawdown_start_ts":1760878800000.0,"drawdown_end":"2025-10-19 13:00:00","drawdown_end_ts":1760878800000.0,"drawdown_duration":"0 days 00:00:00","drawdown_duration_s":0.0,"max_drawdown_low":0.0,"max_drawdown_high":0.0,"csum_min":1000.0,"csum_max":1017.19918252}},"strategy_comparison":[{"key":"ACO_61_21","trades":3,"profit_mean":0.017347990727832843,"profit_mean_pct":1.73,"profit_total_abs":17.19918252,"profit_total":0.017199182520000002,"profit_total_pct":1.72,"duration_avg":"1:40:00","wins":2,"draws":1,"losses":0,"winrate":0.6666666666666666,"cagr":0.06627185899391641,"expectancy":5.73306084,"expectancy_ratio":100.0,"sortino":-100,"sharpe":0.44477871660365953,"calmar":-100,"sqn":1.0645,"profit_factor":0.0,"max_drawdown_account":0.0,"max_drawdown_abs":"0"}]}