{"strategy":{"ACO_39_17":{"trades":[{"pair":"DOGE/USDT","stake_amount":329.9829,"max_stake_amount":329.9829,"amount":1266.0,"open_date":"2025-10-03 16:00:00+00:00","close_date":"2025-10-03 19:00:00+00:00","open_rate":0.26065,"close_rate":0.2611718218218218,"fee_open":0.001,"fee_close":0.001,"trade_duration":180,"profit_ratio":0.0,"profit_abs":0.0,"exit_reason":"roi","initial_stop_loss_abs":0.24762,"initial_stop_loss_ratio":-0.05,"stop_loss_abs":0.24762,"stop_loss_ratio":-0.05,"min_rate":0.25505,"max_rate":0.26534,"is_open":false,"enter_tag":"","leverage":1.0,"is_short":false,"open_timestamp":1759507200000,"close_timestamp":1759518000000,"orders":[{"amount":1266.0,"safe_price":0.26065,"ft_order_side":"buy","order_filled_timestamp":1759507200000,"ft_is_entry":true,"ft_order_tag":"","cost":330.3128828999999},{"amount":1266.0,"safe_price":0.2611718218218218,"ft_order_side":"sell","order_filled_timestamp":1759518000000,"ft_is_entry":false,"ft_order_tag":"roi","cost":330.9741699528528}],"funding_fees":0.0,"weekday":4},{"pair":"DOGE/USDT","stake_amount":329.8338,"max_stake_amount":329.8338,"amount":1285.0,"open_date":"2025-10-05 03:00:00+00:00","close_date":"2025-10-05 05:00:00+00:00","open_rate":0.25668,"close_rate":0.2625,"fee_open":0.001,"fee_close":0.001,"trade_duration":120,"profit_ratio":0.020630841808962425,"profit_abs":6.8115537,"exit_reason":"roi","initial_stop_loss_abs":0.24385,"initial_stop_loss_ratio":-0.05,"stop_loss_abs":0.24385,"stop_loss_ratio":-0.05,"min_rate":0.25522,"max_rate":0.26398,"is_open":false,"enter_tag":"","leverage":1.0,"is_short":false,"open_timestamp":1759633200000,"close_timestamp":1759640400000,"orders":[{"amount":1285.0,"safe_price":0.25668,"ft_order_side":"buy","order_filled_timestamp":1759633200000,"ft_is_entry":true,"ft_order_tag":"","cost":330.16363379999996},{"amount":1285.0,"safe_price":0.2625,"ft_order_side":"sell","order_filled_timestamp":1759640400000,"ft_is_entry":false,"ft_order_tag":"roi","cost":337.64981249999994}],"funding_fees":0.0,"weekday":6},{"pair":"DOGE/USDT","stake_amount":332.1363,"max_stake_amount":332.1363,"amount":1290.0,"open_date":"2025-10-06 09:00:00+00:00","close_date":"2025-10-06 11:00:00+00:00","open_rate":0.25747,"close_rate":0.25909,"fee_open":0.001,"fee_close":0.001,"trade_duration":120,"profit_ratio":0.0042814217669540616,"profit_abs":1.4234376,"exit_reason":"roi","initial_stop_loss_abs":0.2446,"initial_stop_loss_ratio":-0.05,"stop_loss_abs":0.2446,"stop_loss_ratio":-0.05,"min_rate":0.25731,"max_rate":0.26191,"is_open":false,"enter_tag":"","leverage":1.0,"is_short":false,"open_timestamp":1759741200000,"close_timestamp":1759748400000,"orders":[{"amount":1290.0,"safe_price":0.25747,"ft_order_side":"buy","order_filled_timestamp":1759741200000,"ft_is_entry":true,"ft_order_tag":"","cost":332.4684362999999},{"amount":1290.0,"safe_price":0.25909,"ft_order_side":"sell","order_filled_timestamp":1759748400000,"ft_is_entry":false,"ft_order_tag":"roi","cost":334.56032609999994}],"funding_fees":0.0,"weekday":0},{"pair":"DOGE/USDT","stake_amount":332.61342,"max_stake_amount":332.61342,"amount":1338.0,"open_date":"2025-10-10 03:00:00+00:00","close_date":"2025-10-10 05:00:00+00:00","open_rate":0.24859,"close_rate":0.25115,"fee_open":0.001,"fee_close":0.001,"trade_duration":120,"profit_ratio":0.00827950359307212,"profit_abs":2.75662788,"exit_reason":"roi","initial_stop_loss_abs":0.23617,"initial_stop_loss_ratio":-0.05,"stop_loss_abs":0.23617,"stop_loss_ratio":-0.05,"min_rate":0.24717,"max_rate":0.25347,"is_open":false,"enter_tag":"","leverage":1.0,"is_short":false,"open_timestamp":1760065200000,"close_timestamp":1760072400000,"orders":[{"amount":1338.0,"safe_price":0.24859,"ft_order_side":"buy","order_filled_timestamp":1760065200000,"ft_is_entry":true,"ft_order_tag":"","cost":332.94603342},{"amount":1338.0,"safe_price":0.25115,"ft_order_side":"sell","order_filled_timestamp":1760072400000,"ft_is_entry":false,"ft_order_tag":"roi","cost":336.37473869999997}],"funding_fees":0.0,"weekday":4},{"pair":"DOGE/USDT","stake_amount":333.49818,"max_stake_amount":333.49818,"amount":1671.0,"open_date":"2025-10-26 10:00:00+00:00","close_date":"2025-10-26 12:00:00+00:00","open_rate":0.19958,"close_rate":0.20183,"fee_open":0.001,"fee_close":0.001,"trade_duration":120,"profit_ratio":0.009253147894294302,"profit_abs":3.08899389,"exit_reason":"roi","initial_stop_loss_abs":0.18961,"initial_stop_loss_ratio":-0.05,"stop_loss_abs":0.18961,"stop_loss_ratio":-0.05,"min_rate":0.19833,"max_rate":0.20286,"is_open":false,"enter_tag":"","leverage":1.0,"is_short":false,"open_timestamp":1761472800000,"close_timestamp":1761480000000,"orders":[{"amount":1671.0,"safe_price":0.19958,"ft_order_side":"buy","order_filled_timestamp":1761472800000,"ft_is_entry":true,"ft_order_tag":"","cost":333.8316781799999},{"amount":1671.0,"safe_price":0.20183,"ft_order_side":"sell","order_filled_timestamp":1761480000000,"ft_is_entry":false,"ft_order_tag":"roi","cost":337.59518792999995}],"funding_fees":0.0,"weekday":6},{"pair":"DOGE/USDT","stake_amount":334.48758,"max_stake_amount":334.48758,"amount":1779.0,"open_date":"2025-11-02 05:00:00+00:00","close_date":"2025-11-02 07:00:00+00:00","open_rate":0.18802,"close_rate":0.18839641641641638,"fee_open":0.001,"fee_close":0.001,"trade_duration":120,"profit_ratio":0.0,"profit_abs":0.0,"exit_reason":"roi","initial_stop_loss_abs":0.17862,"initial_stop_loss_ratio":-0.05,"stop_loss_abs":0.17862,"stop_loss_ratio":-0.05,"min_rate":0.18701,"max_rate":0.18884,"is_open":false,"enter_tag":"","leverage":1.0,"is_short":false,"open_timestamp":1762059600000,"close_timestamp":1762066800000,"orders":[{"amount":1779.0,"safe_price":0.18802,"ft_order_side":"buy","order_filled_timestamp":1762059600000,"ft_is_entry":true,"ft_order_tag":"","cost":334.82206757999995},{"amount":1779.0,"safe_price":0.18839641641641638,"ft_order_side":"sell","order_filled_timestamp":1762066800000,"ft_is_entry":false,"ft_order_tag":"roi","cost":335.49238202960953}],"funding_fees":0.0,"weekday":6},{"pair":"DOGE/USDT","stake_amount":334.54351,"max_stake_amount":334.54351,"amount":2023.0,"open_date":"2025-11-05 07:00:00+00:00","close_date":"2025-11-05 13:00:00+00:00","open_rate":0.16537,"close_rate":0.16570107107107104,"fee_open":0.001,"fee_close":0.001,"trade_duration":360,"profit_ratio":0.0,"profit_abs":0.0,"exit_reason":"roi","initial_stop_loss_abs":0.15711,"initial_stop_loss_ratio":-0.05,"stop_loss_abs":0.15711,"stop_loss_ratio":-0.05,"min_rate":0.161,"max_rate":0.16617,"is_open":false,"enter_tag":"","leverage":1.0,"is_short":false,"open_timestamp":1762326000000,"close_timestamp":1762347600000,"orders":[{"amount":2023.0,"safe_price":0.16537,"ft_order_side":"buy","order_filled_timestamp":1762326000000,"ft_is_entry":true,"ft_order_tag":"","cost":334.8780535099999},{"amount":2023.0,"safe_price":0.16570107107107104,"ft_order_side":"sell","order_filled_timestamp":1762347600000,"ft_is_entry":false,"ft_order_tag":"roi","cost":335.54848004355347}],"funding_fees":0.0,"weekday":2},{"pair":"DOGE/USDT","stake_amount":334.559,"max_stake_amount":334.559,"amount":1825.0,"open_date":"2025-11-10 23:00:00+00:00","close_date":"2025-11-11 01:00:00+00:00","open_rate":0.18332,"close_rate":0.183687007007007,"fee_open":0.001,"fee_close":0.001,"trade_duration":120,"profit_ratio":0.0,"profit_abs":0.0,"exit_reason":"roi","initial_stop_loss_abs":0.17416,"initial_stop_loss_ratio":-0.05,"stop_loss_abs":0.17416,"stop_loss_ratio":-0.05,"min_rate":0.17933,"max_rate":0.1864,"is_open":false,"enter_tag":"","leverage":1.0,"is_short":false,"open_timestamp":1762815600000,"close_timestamp":1762822800000,"orders":[{"amount":1825.0,"safe_price":0.18332,"ft_order_side":"buy","order_filled_timestamp":1762815600000,"ft_is_entry":true,"ft_order_tag":"","cost":334.893559},{"amount":1825.0,"safe_price":0.183687007007007,"ft_order_side":"sell","order_filled_timestamp":1762822800000,"ft_is_entry":false,"ft_order_tag":"roi","cost":335.5640165755755}],"funding_fees":0.0,"weekday":1},{"pair":"DOGE/USDT","stake_amount":334.521,"max_stake_amount":334.521,"amount":2046.0,"open_date":"2025-11-15 14:00:00+00:00","close_date":"2025-11-15 17:00:00+00:00","open_rate":0.1635,"close_rate":0.16382732732732733,"fee_open":0.001,"fee_close":0.001,"trade_duration":180,"profit_ratio":0.0,"profit_abs":0.0,"exit_reason":"roi","initial_stop_loss_abs":0.15533,"initial_stop_loss_ratio":-0.05,"stop_loss_abs":0.15533,"stop_loss_ratio":-0.05,"min_rate":0.16209,"max_rate":0.16482,"is_open":false,"enter_tag":"","leverage":1.0,"is_short":false,"open_timestamp":1763215200000,"close_timestamp":1763226000000,"orders":[{"amount":2046.0,"safe_price":0.1635,"ft_order_side":"buy","order_filled_timestamp":1763215200000,"ft_is_entry":true,"ft_order_tag":"","cost":334.85552099999995},{"amount":2046.0,"safe_price":0.16382732732732733,"ft_order_side":"sell","order_filled_timestamp":1763226000000,"ft_is_entry":false,"ft_order_tag":"roi","cost":335.52590242342336}],"funding_fees":0.0,"weekday":5},{"pair":"DOGE/USDT","stake_amount":334.50039,"max_stake_amount":334.50039,"amount":2043.0,"open_date":"2025-11-16 03:00:00+00:00","close_date":"2025-11-16 05:00:00+00:00","open_rate":0.16373,"close_rate":0.16405778778778773,"fee_open":0.001,"fee_close":0.001,"trade_duration":120,"profit_ratio":0.0,"profit_abs":0.0,"exit_reason":"roi","initial_stop_loss_abs":0.15555,"initial_stop_loss_ratio":-0.05,"stop_loss_abs":0.15555,"stop_loss_ratio":-0.05,"min_rate":0.16271,"max_rate":0.16445,"is_open":false,"enter_tag":"","leverage":1.0,"is_short":false,"open_timestamp":1763262000000,"close_timestamp":1763269200000,"orders":[{"amount":2043.0,"safe_price":0.16373,"ft_order_side":"buy","order_filled_timestamp":1763262000000,"ft_is_entry":true,"ft_order_tag":"","cost":334.83489038999994},{"amount":2043.0,"safe_price":0.16405778778778773,"ft_order_side":"sell","order_filled_timestamp":1763269200000,"ft_is_entry":false,"ft_order_tag":"roi","cost":335.5052305109008}],"funding_fees":0.0,"weekday":6},{"pair":"DOGE/USDT","stake_amount":334.62528,"max_stake_amount":334.62528,"amount":2112.0,"open_date":"2025-11-20 05:00:00+00:00","close_date":"2025-11-20 12:00:00+00:00","open_rate":0.15844,"close_rate":0.15875719719719716,"fee_open":0.001,"fee_close":0.001,"trade_duration":420,"profit_ratio":0.0,"profit_abs":0.0,"exit_reason":"roi","initial_stop_loss_abs":0.15052,"initial_stop_loss_ratio":-0.05,"stop_loss_abs":0.15052,"stop_loss_ratio":-0.05,"min_rate":0.15638,"max_rate":0.15925,"is_open":false,"enter_tag":"","leverage":1.0,"is_short":false,"open_timestamp":1763614800000,"close_timestamp":1763640000000,"orders":[{"amount":2112.0,"safe_price":0.15844,"ft_order_side":"buy","order_filled_timestamp":1763614800000,"ft_is_entry":true,"ft_order_tag":"","cost":334.95990527999993},{"amount":2112.0,"safe_price":0.15875719719719716,"ft_order_side":"sell","order_filled_timestamp":1763640000000,"ft_is_entry":false,"ft_order_tag":"roi","cost":335.63049568096085}],"funding_fees":0.0,"weekday":3},{"pair":"DOGE/USDT","stake_amount":334.52925,"max_stake_amount":334.52925,"amount":2365.0,"open_date":"2025-11-22 23:00:00+00:00","close_date":"2025-11-23 01:00:00+00:00","open_rate":0.14145,"close_rate":0.14173318318318318,"fee_open":0.001,"fee_close":0.001,"trade_duration":120,"profit_ratio":0.0,"profit_abs":0.0,"exit_reason":"roi","initial_stop_loss_abs":0.13438,"initial_stop_loss_ratio":-0.05,"stop_loss_abs":0.13438,"stop_loss_ratio":-0.05,"min_rate":0.13966,"max_rate":0.14227,"is_open":false,"enter_tag":"","leverage":1.0,"is_short":false,"open_timestamp":1763852400000,"close_timestamp":1763859600000,"orders":[{"amount":2365.0,"safe_price":0.14145,"ft_order_side":"buy","order_filled_timestamp":1763852400000,"ft_is_entry":true,"ft_order_tag":"","cost":334.86377924999994},{"amount":2365.0,"safe_price":0.14173318318318318,"ft_order_side":"sell","order_filled_timestamp":1763859600000,"ft_is_entry":false,"ft_order_tag":"roi","cost":335.5341772064564}],"funding_fees":0.0,"weekday":6},{"pair":"DOGE/USDT","stake_amount":334.50804,"max_stake_amount":334.50804,"amount":2148.0,"open_date":"2025-11-26 18:00:00+00:00","close_date":"2025-11-26 20:00:00+00:00","open_rate":0.15573,"close_rate":0.15604177177177178,"fee_open":0.001,"fee_close":0.001,"trade_duration":120,"profit_ratio":0.0,"profit_abs":0.0,"exit_reason":"roi","initial_stop_loss_abs":0.14795,"initial_stop_loss_ratio":-0.05,"stop_loss_abs":0.14795,"stop_loss_ratio":-0.05,"min_rate":0.15507,"max_rate":0.15681,"is_open":false,"enter_tag":"","leverage":1.0,"is_short":false,"open_timestamp":1764180000000,"close_timestamp":1764187200000,"orders":[{"amount":2148.0,"safe_price":0.15573,"ft_order_side":"buy","order_filled_timestamp":1764180000000,"ft_is_entry":true,"ft_order_tag":"","cost":334.84254803999994},{"amount":2148.0,"safe_price":0.15604177177177178,"ft_order_side":"sell","order_filled_timestamp":1764187200000,"ft_is_entry":false,"ft_order_tag":"roi","cost":335.5129034915315}],"funding_fees":0.0,"weekday":2},{"pair":"DOGE/USDT","stake_amount":334.52796,"max_stake_amount":334.52796,"amount":2236.0,"open_date":"2025-11-30 10:00:00+00:00","close_date":"2025-11-30 12:00:00+00:00","open_rate":0.14961,"close_rate":0.1499095195195195,"fee_open":0.001,"fee_close":0.001,"trade_duration":120,"profit_ratio":0.0,"profit_abs":0.0,"exit_reason":"roi","initial_stop_loss_abs":0.14213,"initial_stop_loss_ratio":-0.05,"stop_loss_abs":0.14213,"stop_loss_ratio":-0.05,"min_rate":0.14854,"max_rate":0.15015,"is_open":false,"enter_tag":"","leverage":1.0,"is_short":false,"open_timestamp":1764496800000,"close_timestamp":1764504000000,"orders":[{"amount":2236.0,"safe_price":0.14961,"ft_order_side":"buy","order_filled_timestamp":1764496800000,"ft_is_entry":true,"ft_order_tag":"","cost":334.86248795999995},{"amount":2236.0,"safe_price":0.1499095195195195,"ft_order_side":"sell","order_filled_timestamp":1764504000000,"ft_is_entry":false,"ft_order_tag":"roi","cost":335.5328833312912}],"funding_fees":0.0,"weekday":6},{"pair":"DOGE/USDT","stake_amount":334.52098,"max_stake_amount":334.52098,"amount":2237.0,"open_date":"2025-11-30 13:00:00+00:00","close_date":"2025-11-30 16:00:00+00:00","open_rate":0.14954,"close_rate":0.14983937937937936,"fee_open":0.001,"fee_close":0.001,"trade_duration":180,"profit_ratio":0.0,"profit_abs":0.0,"exit_reason":"roi","initial_stop_loss_abs":0.14207,"initial_stop_loss_ratio":-0.05,"stop_loss_abs":0.14207,"stop_loss_ratio":-0.05,"min_rate":0.14894,"max_rate":0.15059,"is_open":false,"enter_tag":"","leverage":1.0,"is_short":false,"open_timestamp":1764507600000,"close_timestamp":1764518400000,"orders":[{"amount":2237.0,"safe_price":0.14954,"ft_order_side":"buy","order_filled_timestamp":1764507600000,"ft_is_entry":true,"ft_order_tag":"","cost":334.85550098},{"amount":2237.0,"safe_price":0.14983937937937936,"ft_order_side":"sell","order_filled_timestamp":1764518400000,"ft_is_entry":false,"ft_order_tag":"roi","cost":335.52588236334327}],"funding_fees":0.0,"weekday":6},{"pair":"DOGE/USDT","stake_amount":334.5881,"max_stake_amount":334.5881,"amount":2287.0,"open_date":"2025-12-09 16:00:00+00:00","close_date":"2025-12-09 18:00:00+00:00","open_rate":0.1463,"close_rate":0.15095,"fee_open":0.001,"fee_close":0.001,"trade_duration":120,"profit_ratio":0.02972249896378399,"profit_abs":9.95473925,"exit_reason":"roi","initial_stop_loss_abs":0.13899,"initial_stop_loss_ratio":-0.05,"stop_loss_abs":0.13899,"stop_loss_ratio":-0.05,"min_rate":0.1463,"max_rate":0.15319,"is_open":false,"enter_tag":"","leverage":1.0,"is_short":false,"open_timestamp":1765296000000,"close_timestamp":1765303200000,"orders":[{"amount":2287.0,"safe_price":0.1463,"ft_order_side":"buy","order_filled_timestamp":1765296000000,"ft_is_entry":true,"ft_order_tag":"","cost":334.9226881},{"amount":2287.0,"safe_price":0.15095,"ft_order_side":"sell","order_filled_timestamp":1765303200000,"ft_is_entry":false,"ft_order_tag":"roi","cost":345.56787264999997}],"funding_fees":0.0,"weekday":1},{"pair":"DOGE/USDT","stake_amount":337.81376,"max_stake_amount":337.81376,"amount":2512.0,"open_date":"2025-12-17 15:00:00+00:00","close_date":"2025-12-17 16:00:00+00:00","open_rate":0.13448,"close_rate":0.12776,"fee_open":0.001,"fee_close":0.001,"trade_duration":60,"profit_ratio":-0.05186841712719166,"profit_abs":-17.53938688,"exit_reason":"stop_loss","initial_stop_loss_abs":0.12776,"initial_stop_loss_ratio":-0.05,"stop_loss_abs":0.12776,"stop_loss_ratio":-0.05,"min_rate":0.12583,"max_rate":0.13631,"is_open":false,"enter_tag":"","leverage":1.0,"is_short":false,"open_timestamp":1765983600000,"close_timestamp":1765987200000,"orders":[{"amount":2512.0,"safe_price":0.13448,"ft_order_side":"buy","order_filled_timestamp":1765983600000,"ft_is_entry":true,"ft_order_tag":"","cost":338.1515737599999},{"amount":2512.0,"safe_price":0.12776,"ft_order_side":"sell","order_filled_timestamp":1765987200000,"ft_is_entry":false,"ft_order_tag":"stop_loss","cost":321.25405312}],"funding_fees":0.0,"weekday":2},{"pair":"DOGE/USDT","stake_amount":332.025,"max_stake_amount":332.025,"amount":2500.0,"open_date":"2025-12-21 09:00:00+00:00","close_date":"2025-12-22 00:00:00+00:00","open_rate":0.13281,"close_rate":0.13113,"fee_open":0.001,"fee_close":0.001,"trade_duration":900,"profit_ratio":-0.014622377848038565,"profit_abs":-4.85985,"exit_reason":"exit_signal","initial_stop_loss_abs":0.12617,"initial_stop_loss_ratio":-0.05,"stop_loss_abs":0.12617,"stop_loss_ratio":-0.05,"min_rate":0.12871,"max_rate":0.13424,"is_open":false,"enter_tag":"","leverage":1.0,"is_short":false,"open_timestamp":1766307600000,"close_timestamp":1766361600000,"orders":[{"amount":2500.0,"safe_price":0.13281,"ft_order_side":"buy","order_filled_timestamp":1766307600000,"ft_is_entry":true,"ft_order_tag":"","cost":332.357025},{"amount":2500.0,"safe_price":0.13113,"ft_order_side":"sell","order_filled_timestamp":1766361600000,"ft_is_entry":false,"ft_order_tag":"exit_signal","cost":328.15282499999995}],"funding_fees":0.0,"weekday":0},{"pair":"DOGE/USDT","stake_amount":330.52115,"max_stake_amount":330.52115,"amount":2503.0,"open_date":"2025-12-22 04:00:00+00:00","close_date":"2025-12-22 07:00:00+00:00","open_rate":0.13205,"close_rate":0.13231436436436436,"fee_open":0.001,"fee_close":0.001,"trade_duration":180,"profit_ratio":0.0,"profit_abs":0.0,"exit_reason":"roi","initial_stop_loss_abs":0.12545,"initial_stop_loss_ratio":-0.05,"stop_loss_abs":0.12545,"stop_loss_ratio":-0.05,"min_rate":0.13151,"max_rate":0.13274,"is_open":false,"enter_tag":"","leverage":1.0,"is_short":false,"open_timestamp":1766376000000,"close_timestamp":1766386800000,"orders":[{"amount":2503.0,"safe_price":0.13205,"ft_order_side":"buy","order_filled_timestamp":1766376000000,"ft_is_entry":true,"ft_order_tag":"","cost":330.85167114999996},{"amount":2503.0,"safe_price":0.13231436436436436,"ft_order_side":"sell","order_filled_timestamp":1766386800000,"ft_is_entry":false,"ft_order_tag":"roi","cost":331.51403685800796}],"funding_fees":0.0,"weekday":0},{"pair":"DOGE/USDT","stake_amount":330.49474,"max_stake_amount":330.49474,"amount":2641.0,"open_date":"2025-12-29 01:00:00+00:00","close_date":"2025-12-29 03:00:00+00:00","open_rate":0.12514,"close_rate":0.12639,"fee_open":0.001,"fee_close":0.001,"trade_duration":120,"profit_ratio":0.0079708528645719,"profit_abs":2.63695927,"exit_reason":"roi","initial_stop_loss_abs":0.11889,"initial_stop_loss_ratio":-0.05,"stop_loss_abs":0.11889,"stop_loss_ratio":-0.05,"min_rate":0.12437,"max_rate":0.12777,"is_open":false,"enter_tag":"","leverage":1.0,"is_short":false,"open_timestamp":1766970000000,"close_timestamp":1766977200000,"orders":[{"amount":2641.0,"safe_price":0.12514,"ft_order_side":"buy","order_filled_timestamp":1766970000000,"ft_is_entry":true,"ft_order_tag":"","cost":330.8252347399999},{"amount":2641.0,"safe_price":0.12639,"ft_order_side":"sell","order_filled_timestamp":1766977200000,"ft_is_entry":false,"ft_order_tag":"roi","cost":334.12978598999996}],"funding_fees":0.0,"weekday":0}],"locks":[],"best_pair":{"key":"DOGE/USDT","trades":20,"profit_mean":0.0006823735958204283,"profit_mean_pct":0.07,"profit_total_abs":4.273074710000003,"profit_total":0.004273074710000003,"profit_total_pct":0.43,"duration_avg":"3:15:00","wins":6,"draws":12,"losses":2,"winrate":0.3,"cagr":0.01617424915116339,"expectancy":0.21365373549999989,"expectancy_ratio":-0.5809231237077752,"sortino":0.13275221876716936,"sharpe":0.16799639413482775,"calmar":3.8476619739449425,"sqn":0.1859,"profit_factor":1.1907687629222485,"max_drawdown_account":0.021873499610392706,"max_drawdown_abs":22.399236879999997},"worst_pair":{"key":"DOGE/USDT","trades":20,"profit_mean":0.0006823735958204283,"profit_mean_pct":0.07,"profit_total_abs":4.273074710000003,"profit_total":0.004273074710000003,"profit_total_pct":0.43,"duration_avg":"3:15:00","wins":6,"draws":12,"losses":2,"winrate":0.3,"cagr":0.01617424915116339,"expectancy":0.21365373549999989,"expectancy_ratio":-0.5809231237077752,"sortino":0.13275221876716936,"sharpe":0.16799639413482775,"calmar":3.8476619739449425,"sqn":0.1859,"profit_factor":1.1907687629222485,"max_drawdown_account":0.021873499610392706,"max_drawdown_abs":22.399236879999997},"results_per_pair":[{"key":"DOGE/USDT","trades":20,"profit_mean":0.0006823735958204283,"profit_mean_pct":0.07,"profit_total_abs":4.273074710000003,"profit_total":0.004273074710000003,"profit_total_pct":0.43,"duration_avg":"3:15:00","wins":6,"draws":12,"losses":2,"winrate":0.3,"cagr":0.01617424915116339,"expectancy":0.21365373549999989,"expectancy_ratio":-0.5809231237077752,"sortino":0.13275221876716936,"sharpe":0.16799639413482775,"calmar":3.8476619739449425,"sqn":0.1859,"profit_factor":1.1907687629222485,"max_drawdown_account":0.021873499610392706,"max_drawdown_abs":22.399236879999997},{"key":"TOTAL","trades":20,"profit_mean":0.0006823735958204283,"profit_mean_pct":0.07,"profit_total_abs":4.273074710000003,"profit_total":0.004273074710000003,"profit_total_pct":0.43,"duration_avg":"3:15:00","wins":6,"draws":12,"losses":2,"winrate":0.3,"cagr":0.01617424915116339,"expectancy":0.21365373549999989,"expectancy_ratio":-0.5809231237077752,"sortino":0.13275221876716936,"sharpe":0.16799639413482775,"calmar":3.8476619739449425,"sqn":0.1859,"profit_factor":1.1907687629222485,"max_drawdown_account":0.021873499610392706,"max_drawdown_abs":22.399236879999997}],"results_per_enter_tag":[{"key":"","trades":20,"profit_mean":0.0006823735958204283,"profit_mean_pct":0.07,"profit_total_abs":4.273074710000003,"profit_total":0.004273074710000003,"profit_total_pct":0.43,"duration_avg":"3:15:00","wins":6,"draws":12,"losses":2,"winrate":0.3,"cagr":0.01617424915116339,"expectancy":0.21365373549999989,"expectancy_ratio":-0.5809231237077752,"sortino":0.13275221876716936,"sharpe":0.16799639413482775,"calmar":3.8476619739449425,"sqn":0.1859,"profit_factor":1.1907687629222485,"max_drawdown_account":0.021873499610392706,"max_drawdown_abs":22.399236879999997},{"key":"TOTAL","trades":20,"profit_mean":0.0006823735958204283,"profit_mean_pct":0.07,"profit_total_abs":4.273074710000003,"profit_total":0.004273074710000003,"profit_total_pct":0.43,"duration_avg":"3:15:00","wins":6,"draws":12,"losses":2,"winrate":0.3,"cagr":0.01617424915116339,"expectancy":0.21365373549999989,"expectancy_ratio":-0.5809231237077752,"sortino":0.13275221876716936,"sharpe":0.16799639413482775,"calmar":3.8476619739449425,"sqn":0.1859,"profit_factor":1.1907687629222485,"max_drawdown_account":0.021873499610392706,"max_drawdown_abs":22.399236879999997}],"exit_reason_summary":[{"key":"roi","trades":18,"profit_mean":0.004452125938424378,"profit_mean_pct":0.45,"profit_total_abs":26.67231159,"profit_total":0.02667231159,"profit_total_pct":2.67,"duration_avg":"2:43:00","wins":6,"draws":12,"losses":0,"winrate":0.3333333333333333,"cagr":0.10412121297690624,"expectancy":1.481795088333333,"expectancy_ratio":100.0,"sortino":-100,"sharpe":1.939249405301948,"calmar":-100,"sqn":2.2553,"profit_factor":0.0,"max_drawdown_account":0.0,"max_drawdown_abs":0.0},{"key":"exit_signal","trades":1,"profit_mean":-0.014622377848038565,"profit_mean_pct":-1.46,"profit_total_abs":-4.85985,"profit_total":-0.00485985,"profit_total_pct":-0.49,"duration_avg":"15:00:00","wins":0,"draws":0,"losses":1,"winrate":0.0,"cagr":-0.018164642551495858,"expectancy":-4.85985,"expectancy_ratio":-1.0,"sortino":-100,"sharpe":-100,"calmar":-19.69584863354907,"sqn":-100.0,"profit_factor":0.0,"max_drawdown_account":0.004859850000000051,"max_drawdown_abs":4.85985},{"key":"stop_loss","trades":1,"profit_mean":-0.05186841712719166,"profit_mean_pct":-5.19,"profit_total_abs":-17.53938688,"profit_total":-0.017539386879999997,"profit_total_pct":-1.75,"duration_avg":"1:00:00","wins":0,"draws":0,"losses":1,"winrate":0.0,"cagr":-0.06441602309373806,"expectancy":-17.53938688,"expectancy_ratio":-1.0,"sortino":-100,"sharpe":-100,"calmar":-19.695848633549215,"sqn":-100.0,"profit_factor":0.0,"max_drawdown_account":0.017539386880000053,"max_drawdown_abs":17.53938688},{"key":"TOTAL","trades":20,"profit_mean":0.0006823735958204283,"profit_mean_pct":0.07,"profit_total_abs":4.273074710000003,"profit_total":0.004273074710000003,"profit_total_pct":0.43,"duration_avg":"3:15:00","wins":6,"draws":12,"losses":2,"winrate":0.3,"cagr":0.01617424915116339,"expectancy":0.21365373549999989,"expectancy_ratio":-0.5809231237077752,"sortino":0.13275221876716936,"sharpe":0.16799639413482775,"calmar":3.8476619739449425,"sqn":0.1859,"profit_factor":1.1907687629222485,"max_drawdown_account":0.021873499610392706,"max_drawdown_abs":22.399236879999997}],"mix_tag_stats":[{"key":["","roi"],"trades":18,"profit_mean":0.004452125938424378,"profit_mean_pct":0.45,"profit_total_abs":26.67231159,"profit_total":0.02667231159,"profit_total_pct":2.67,"duration_avg":"2:43:00","wins":6,"draws":12,"losses":0,"winrate":0.3333333333333333,"cagr":0.10412121297690624,"expectancy":1.481795088333333,"expectancy_ratio":100.0,"sortino":-100,"sharpe":1.939249405301948,"calmar":-100,"sqn":2.2553,"profit_factor":0.0,"max_drawdown_account":0.0,"max_drawdown_abs":0.0},{"key":["","exit_signal"],"trades":1,"profit_mean":-0.014622377848038565,"profit_mean_pct":-1.46,"profit_total_abs":-4.85985,"profit_total":-0.00485985,"profit_total_pct":-0.49,"duration_avg":"15:00:00","wins":0,"draws":0,"losses":1,"winrate":0.0,"cagr":-0.018164642551495858,"expectancy":-4.85985,"expectancy_ratio":-1.0,"sortino":-100,"sharpe":-100,"calmar":-19.69584863354907,"sqn":-100.0,"profit_factor":0.0,"max_drawdown_account":0.004859850000000051,"max_drawdown_abs":4.85985},{"key":["","stop_loss"],"trades":1,"profit_mean":-0.05186841712719166,"profit_mean_pct":-5.19,"profit_total_abs":-17.53938688,"profit_total":-0.017539386879999997,"profit_total_pct":-1.75,"duration_avg":"1:00:00","wins":0,"draws":0,"losses":1,"winrate":0.0,"cagr":-0.06441602309373806,"expectancy":-17.53938688,"expectancy_ratio":-1.0,"sortino":-100,"sharpe":-100,"calmar":-19.695848633549215,"sqn":-100.0,"profit_factor":0.0,"max_drawdown_account":0.017539386880000053,"max_drawdown_abs":17.53938688},{"key":"TOTAL","trades":20,"profit_mean":0.0006823735958204283,"profit_mean_pct":0.07,"profit_total_abs":4.273074710000003,"profit_total":0.004273074710000003,"profit_total_pct":0.43,"duration_avg":"3:15:00","wins":6,"draws":12,"losses":2,"winrate":0.3,"cagr":0.01617424915116339,"expectancy":0.21365373549999989,"expectancy_ratio":-0.5809231237077752,"sortino":0.13275221876716936,"sharpe":0.16799639413482775,"calmar":3.8476619739449425,"sqn":0.1859,"profit_factor":1.1907687629222485,"max_drawdown_account":0.021873499610392706,"max_drawdown_abs":22.399236879999997}],"left_open_trades":[{"key":"TOTAL","trades":0,"profit_mean":0.0,"profit_mean_pct":0.0,"profit_total_abs":0.0,"profit_total":0.0,"profit_total_pct":0.0,"duration_avg":"0:00","wins":0,"draws":0,"losses":0,"winrate":0.0,"cagr":0.0,"expectancy":0.0,"expectancy_ratio":100.0,"sortino":0,"sharpe":0,"calmar":0,"sqn":0.0,"profit_factor":0.0,"max_drawdown_account":0.0,"max_drawdown_abs":0.0}],"total_trades":20,"trade_count_long":20,"trade_count_short":0,"total_volume":13368.644332797505,"avg_stake_amount":333.4415169999999,"profit_mean":0.0006823735958204283,"profit_median":0.0,"profit_total":0.004273074710000003,"profit_total_long":0.004273074710000003,"profit_total_short":0.0,"profit_total_abs":4.273074710000003,"profit_total_long_abs":4.273074710000003,"profit_total_short_abs":0.0,"cagr":0.01617424915116339,"expectancy":0.21365373549999989,"expectancy_ratio":-0.5809231237077752,"sortino":0.13275221876716936,"sharpe":0.16799639413482775,"calmar":3.8476619739449425,"sqn":0.1859,"profit_factor":1.1907687629222485,"backtest_start":"2025-10-01 00:00:00","backtest_start_ts":1759276800000,"backtest_end":"2026-01-06 20:00:00","backtest_end_ts":1767729600000,"backtest_days":97,"backtest_run_start_ts":1767744911,"backtest_run_end_ts":1767744911,"trades_per_day":0.21,"market_change":-0.36632086436227446,"pairlist":["DOGE/USDT"],"stake_amount":"unlimited","stake_currency":"USDT","stake_currency_decimals":3,"starting_balance":1000,"dry_run_wallet":1000,"final_balance":1004.27307471,"rejected_signals":0,"timedout_entry_orders":0,"timedout_exit_orders":0,"canceled_trade_entries":0,"canceled_entry_orders":0,"replaced_entry_orders":0,"max_open_trades":1,"max_open_trades_setting":3,"timeframe":"1h","timeframe_detail":"","timerange":"20251001-","enable_protections":false,"strategy_name":"ACO_39_17","freqaimodel":null,"freqai_identifier":null,"stoploss":-0.05,"trailing_stop":false,"trailing_stop_positive":null,"trailing_stop_positive_offset":0.0,"trailing_only_offset_is_reached":false,"use_custom_stoploss":false,"minimal_roi":{"0":0.1,"60":0.05,"120":0.0},"use_exit_signal":true,"exit_profit_only":false,"exit_profit_offset":0.0,"ignore_roi_if_entry_signal":false,"trading_mode":"spot","margin_mode":"","periodic_breakdown":{"day":[{"date":"03/10/2025","date_ts":1759449600000,"profit_abs":0.0,"wins":0,"draws":1,"losses":0,"trades":1,"profit_factor":0.0},{"date":"04/10/2025","date_ts":1759536000000,"profit_abs":0.0,"wins":0,"draws":0,"losses":0,"trades":0,"profit_factor":0.0},{"date":"05/10/2025","date_ts":1759622400000,"profit_abs":6.8115537,"wins":1,"draws":0,"losses":0,"trades":1,"profit_factor":0.0},{"date":"06/10/2025","date_ts":1759708800000,"profit_abs":1.4234376,"wins":1,"draws":0,"losses":0,"trades":1,"profit_factor":0.0},{"date":"07/10/2025","date_ts":1759795200000,"profit_abs":0.0,"wins":0,"draws":0,"losses":0,"trades":0,"profit_factor":0.0},{"date":"08/10/2025","date_ts":1759881600000,"profit_abs":0.0,"wins":0,"draws":0,"losses":0,"trades":0,"profit_factor":0.0},{"date":"09/10/2025","date_ts":1759968000000,"profit_abs":0.0,"wins":0,"draws":0,"losses":0,"trades":0,"profit_factor":0.0},{"date":"10/10/2025","date_ts":1760054400000,"profit_abs":2.75662788,"wins":1,"draws":0,"losses":0,"trades":1,"profit_factor":0.0},{"date":"11/10/2025","date_ts":1760140800000,"profit_abs":0.0,"wins":0,"draws":0,"losses":0,"trades":0,"profit_factor":0.0},{"date":"12/10/2025","date_ts":1760227200000,"profit_abs":0.0,"wins":0,"draws":0,"losses":0,"trades":0,"profit_factor":0.0},{"date":"13/10/2025","date_ts":1760313600000,"profit_abs":0.0,"wins":0,"draws":0,"losses":0,"trades":0,"profit_factor":0.0},{"date":"14/10/2025","date_ts":1760400000000,"profit_abs":0.0,"wins":0,"draws":0,"losses":0,"trades":0,"profit_factor":0.0},{"date":"15/10/2025","date_ts":1760486400000,"profit_abs":0.0,"wins":0,"draws":0,"losses":0,"trades":0,"profit_factor":0.0},{"date":"16/10/2025","date_ts":1760572800000,"profit_abs":0.0,"wins":0,"draws":0,"losses":0,"trades":0,"profit_factor":0.0},{"date":"17/10/2025","date_ts":1760659200000,"profit_abs":0.0,"wins":0,"draws":0,"losses":0,"trades":0,"profit_factor":0.0},{"date":"18/10/2025","date_ts":1760745600000,"profit_abs":0.0,"wins":0,"draws":0,"losses":0,"trades":0,"profit_factor":0.0},{"date":"19/10/2025","date_ts":1760832000000,"profit_abs":0.0,"wins":0,"draws":0,"losses":0,"trades":0,"profit_factor":0.0},{"date":"20/10/2025","date_ts":1760918400000,"profit_abs":0.0,"wins":0,"draws":0,"losses":0,"trades":0,"profit_factor":0.0},{"date":"21/10/2025","date_ts":1761004800000,"profit_abs":0.0,"wins":0,"draws":0,"losses":0,"trades":0,"profit_factor":0.0},{"date":"22/10/2025","date_ts":1761091200000,"profit_abs":0.0,"wins":0,"draws":0,"losses":0,"trades":0,"profit_factor":0.0},{"date":"23/10/2025","date_ts":1761177600000,"profit_abs":0.0,"wins":0,"draws":0,"losses":0,"trades":0,"profit_factor":0.0},{"date":"24/10/2025","date_ts":1761264000000,"profit_abs":0.0,"wins":0,"draws":0,"losses":0,"trades":0,"profit_factor":0.0},{"date":"25/10/2025","date_ts":1761350400000,"profit_abs":0.0,"wins":0,"draws":0,"losses":0,"trades":0,"profit_factor":0.0},{"date":"26/10/2025","date_ts":1761436800000,"profit_abs":3.08899389,"wins":1,"draws":0,"losses":0,"trades":1,"profit_factor":0.0},{"date":"27/10/2025","date_ts":1761523200000,"profit_abs":0.0,"wins":0,"draws":0,"losses":0,"trades":0,"profit_factor":0.0},{"date":"28/10/2025","date_ts":1761609600000,"profit_abs":0.0,"wins":0,"draws":0,"losses":0,"trades":0,"profit_factor":0.0},{"date":"29/10/2025","date_ts":1761696000000,"profit_abs":0.0,"wins":0,"draws":0,"losses":0,"trades":0,"profit_factor":0.0},{"date":"30/10/2025","date_ts":1761782400000,"profit_abs":0.0,"wins":0,"draws":0,"losses":0,"trades":0,"profit_factor":0.0},{"date":"31/10/2025","date_ts":1761868800000,"profit_abs":0.0,"wins":0,"draws":0,"losses":0,"trades":0,"profit_factor":0.0},{"date":"01/11/2025","date_ts":1761955200000,"profit_abs":0.0,"wins":0,"draws":0,"losses":0,"trades":0,"profit_factor":0.0},{"date":"02/11/2025","date_ts":1762041600000,"profit_abs":0.0,"wins":0,"draws":1,"losses":0,"trades":1,"profit_factor":0.0},{"date":"03/11/2025","date_ts":1762128000000,"profit_abs":0.0,"wins":0,"draws":0,"losses":0,"trades":0,"profit_factor":0.0},{"date":"04/11/2025","date_ts":1762214400000,"profit_abs":0.0,"wins":0,"draws":0,"losses":0,"trades":0,"profit_factor":0.0},{"date":"05/11/2025","date_ts":1762300800000,"profit_abs":0.0,"wins":0,"draws":1,"losses":0,"trades":1,"profit_factor":0.0},{"date":"06/11/2025","date_ts":1762387200000,"profit_abs":0.0,"wins":0,"draws":0,"losses":0,"trades":0,"profit_factor":0.0},{"date":"07/11/2025","date_ts":1762473600000,"profit_abs":0.0,"wins":0,"draws":0,"losses":0,"trades":0,"profit_factor":0.0},{"date":"08/11/2025","date_ts":1762560000000,"profit_abs":0.0,"wins":0,"draws":0,"losses":0,"trades":0,"profit_factor":0.0},{"date":"09/11/2025","date_ts":1762646400000,"profit_abs":0.0,"wins":0,"draws":0,"losses":0,"trades":0,"profit_factor":0.0},{"date":"10/11/2025","date_ts":1762732800000,"profit_abs":0.0,"wins":0,"draws":0,"losses":0,"trades":0,"profit_factor":0.0},{"date":"11/11/2025","date_ts":1762819200000,"profit_abs":0.0,"wins":0,"draws":1,"losses":0,"trades":1,"profit_factor":0.0},{"date":"12/11/2025","date_ts":1762905600000,"profit_abs":0.0,"wins":0,"draws":0,"losses":0,"trades":0,"profit_factor":0.0},{"date":"13/11/2025","date_ts":1762992000000,"profit_abs":0.0,"wins":0,"draws":0,"losses":0,"trades":0,"profit_factor":0.0},{"date":"14/11/2025","date_ts":1763078400000,"profit_abs":0.0,"wins":0,"draws":0,"losses":0,"trades":0,"profit_factor":0.0},{"date":"15/11/2025","date_ts":1763164800000,"profit_abs":0.0,"wins":0,"draws":1,"losses":0,"trades":1,"profit_factor":0.0},{"date":"16/11/2025","date_ts":1763251200000,"profit_abs":0.0,"wins":0,"draws":1,"losses":0,"trades":1,"profit_factor":0.0},{"date":"17/11/2025","date_ts":1763337600000,"profit_abs":0.0,"wins":0,"draws":0,"losses":0,"trades":0,"profit_factor":0.0},{"date":"18/11/2025","date_ts":1763424000000,"profit_abs":0.0,"wins":0,"draws":0,"losses":0,"trades":0,"profit_factor":0.0},{"date":"19/11/2025","date_ts":1763510400000,"profit_abs":0.0,"wins":0,"draws":0,"losses":0,"trades":0,"profit_factor":0.0},{"date":"20/11/2025","date_ts":1763596800000,"profit_abs":0.0,"wins":0,"draws":1,"losses":0,"trades":1,"profit_factor":0.0},{"date":"21/11/2025","date_ts":1763683200000,"profit_abs":0.0,"wins":0,"draws":0,"losses":0,"trades":0,"profit_factor":0.0},{"date":"22/11/2025","date_ts":1763769600000,"profit_abs":0.0,"wins":0,"draws":0,"losses":0,"trades":0,"profit_factor":0.0},{"date":"23/11/2025","date_ts":1763856000000,"profit_abs":0.0,"wins":0,"draws":1,"losses":0,"trades":1,"profit_factor":0.0},{"date":"24/11/2025","date_ts":1763942400000,"profit_abs":0.0,"wins":0,"draws":0,"losses":0,"trades":0,"profit_factor":0.0},{"date":"25/11/2025","date_ts":1764028800000,"profit_abs":0.0,"wins":0,"draws":0,"losses":0,"trades":0,"profit_factor":0.0},{"date":"26/11/2025","date_ts":1764115200000,"profit_abs":0.0,"wins":0,"draws":1,"losses":0,"trades":1,"profit_factor":0.0},{"date":"27/11/2025","date_ts":1764201600000,"profit_abs":0.0,"wins":0,"draws":0,"losses":0,"trades":0,"profit_factor":0.0},{"date":"28/11/2025","date_ts":1764288000000,"profit_abs":0.0,"wins":0,"draws":0,"losses":0,"trades":0,"profit_factor":0.0},{"date":"29/11/2025","date_ts":1764374400000,"profit_abs":0.0,"wins":0,"draws":0,"losses":0,"trades":0,"profit_factor":0.0},{"date":"30/11/2025","date_ts":1764460800000,"profit_abs":0.0,"wins":0,"draws":2,"losses":0,"trades":2,"profit_factor":0.0},{"date":"01/12/2025","date_ts":1764547200000,"profit_abs":0.0,"wins":0,"draws":0,"losses":0,"trades":0,"profit_factor":0.0},{"date":"02/12/2025","date_ts":1764633600000,"profit_abs":0.0,"wins":0,"draws":0,"losses":0,"trades":0,"profit_factor":0.0},{"date":"03/12/2025","date_ts":1764720000000,"profit_abs":0.0,"wins":0,"draws":0,"losses":0,"trades":0,"profit_factor":0.0},{"date":"04/12/2025","date_ts":1764806400000,"profit_abs":0.0,"wins":0,"draws":0,"losses":0,"trades":0,"profit_factor":0.0},{"date":"05/12/2025","date_ts":1764892800000,"profit_abs":0.0,"wins":0,"draws":0,"losses":0,"trades":0,"profit_factor":0.0},{"date":"06/12/2025","date_ts":1764979200000,"profit_abs":0.0,"wins":0,"draws":0,"losses":0,"trades":0,"profit_factor":0.0},{"date":"07/12/2025","date_ts":1765065600000,"profit_abs":0.0,"wins":0,"draws":0,"losses":0,"trades":0,"profit_factor":0.0},{"date":"08/12/2025","date_ts":1765152000000,"profit_abs":0.0,"wins":0,"draws":0,"losses":0,"trades":0,"profit_factor":0.0},{"date":"09/12/2025","date_ts":1765238400000,"profit_abs":9.95473925,"wins":1,"draws":0,"losses":0,"trades":1,"profit_factor":0.0},{"date":"10/12/2025","date_ts":1765324800000,"profit_abs":0.0,"wins":0,"draws":0,"losses":0,"trades":0,"profit_factor":0.0},{"date":"11/12/2025","date_ts":1765411200000,"profit_abs":0.0,"wins":0,"draws":0,"losses":0,"trades":0,"profit_factor":0.0},{"date":"12/12/2025","date_ts":1765497600000,"profit_abs":0.0,"wins":0,"draws":0,"losses":0,"trades":0,"profit_factor":0.0},{"date":"13/12/2025","date_ts":1765584000000,"profit_abs":0.0,"wins":0,"draws":0,"losses":0,"trades":0,"profit_factor":0.0},{"date":"14/12/2025","date_ts":1765670400000,"profit_abs":0.0,"wins":0,"draws":0,"losses":0,"trades":0,"profit_factor":0.0},{"date":"15/12/2025","date_ts":1765756800000,"profit_abs":0.0,"wins":0,"draws":0,"losses":0,"trades":0,"profit_factor":0.0},{"date":"16/12/2025","date_ts":1765843200000,"profit_abs":0.0,"wins":0,"draws":0,"losses":0,"trades":0,"profit_factor":0.0},{"date":"17/12/2025","date_ts":1765929600000,"profit_abs":-17.53938688,"wins":0,"draws":0,"losses":1,"trades":1,"profit_factor":0.0},{"date":"18/12/2025","date_ts":1766016000000,"profit_abs":0.0,"wins":0,"draws":0,"losses":0,"trades":0,"profit_factor":0.0},{"date":"19/12/2025","date_ts":1766102400000,"profit_abs":0.0,"wins":0,"draws":0,"losses":0,"trades":0,"profit_factor":0.0},{"date":"20/12/2025","date_ts":1766188800000,"profit_abs":0.0,"wins":0,"draws":0,"losses":0,"trades":0,"profit_factor":0.0},{"date":"21/12/2025","date_ts":1766275200000,"profit_abs":0.0,"wins":0,"draws":0,"losses":0,"trades":0,"profit_factor":0.0},{"date":"22/12/2025","date_ts":1766361600000,"profit_abs":-4.85985,"wins":0,"draws":1,"losses":1,"trades":2,"profit_factor":0.0},{"date":"23/12/2025","date_ts":1766448000000,"profit_abs":0.0,"wins":0,"draws":0,"losses":0,"trades":0,"profit_factor":0.0},{"date":"24/12/2025","date_ts":1766534400000,"profit_abs":0.0,"wins":0,"draws":0,"losses":0,"trades":0,"profit_factor":0.0},{"date":"25/12/2025","date_ts":1766620800000,"profit_abs":0.0,"wins":0,"draws":0,"losses":0,"trades":0,"profit_factor":0.0},{"date":"26/12/2025","date_ts":1766707200000,"profit_abs":0.0,"wins":0,"draws":0,"losses":0,"trades":0,"profit_factor":0.0},{"date":"27/12/2025","date_ts":1766793600000,"profit_abs":0.0,"wins":0,"draws":0,"losses":0,"trades":0,"profit_factor":0.0},{"date":"28/12/2025","date_ts":1766880000000,"profit_abs":0.0,"wins":0,"draws":0,"losses":0,"trades":0,"profit_factor":0.0},{"date":"29/12/2025","date_ts":1766966400000,"profit_abs":2.63695927,"wins":1,"draws":0,"losses":0,"trades":1,"profit_factor":0.0}],"week":[{"date":"06/10/2025","date_ts":1759708800000,"profit_abs":8.2349913,"wins":2,"draws":1,"losses":0,"trades":3,"profit_factor":0.0},{"date":"13/10/2025","date_ts":1760313600000,"profit_abs":2.75662788,"wins":1,"draws":0,"losses":0,"trades":1,"profit_factor":0.0},{"date":"20/10/2025","date_ts":1760918400000,"profit_abs":0.0,"wins":0,"draws":0,"losses":0,"trades":0,"profit_factor":0.0},{"date":"27/10/2025","date_ts":1761523200000,"profit_abs":3.08899389,"wins":1,"draws":0,"losses":0,"trades":1,"profit_factor":0.0},{"date":"03/11/2025","date_ts":1762128000000,"profit_abs":0.0,"wins":0,"draws":1,"losses":0,"trades":1,"profit_factor":0.0},{"date":"10/11/2025","date_ts":1762732800000,"profit_abs":0.0,"wins":0,"draws":1,"losses":0,"trades":1,"profit_factor":0.0},{"date":"17/11/2025","date_ts":1763337600000,"profit_abs":0.0,"wins":0,"draws":3,"losses":0,"trades":3,"profit_factor":0.0},{"date":"24/11/2025","date_ts":1763942400000,"profit_abs":0.0,"wins":0,"draws":2,"losses":0,"trades":2,"profit_factor":0.0},{"date":"01/12/2025","date_ts":1764547200000,"profit_abs":0.0,"wins":0,"draws":3,"losses":0,"trades":3,"profit_factor":0.0},{"date":"08/12/2025","date_ts":1765152000000,"profit_abs":0.0,"wins":0,"draws":0,"losses":0,"trades":0,"profit_factor":0.0},{"date":"15/12/2025","date_ts":1765756800000,"profit_abs":9.95473925,"wins":1,"draws":0,"losses":0,"trades":1,"profit_factor":0.0},{"date":"22/12/2025","date_ts":1766361600000,"profit_abs":-22.39923688,"wins":0,"draws":1,"losses":2,"trades":3,"profit_factor":0.0},{"date":"29/12/2025","date_ts":1766966400000,"profit_abs":2.63695927,"wins":1,"draws":0,"losses":0,"trades":1,"profit_factor":0.0}],"month":[{"date":"31/10/2025","date_ts":1761868800000,"profit_abs":14.08061307,"wins":4,"draws":1,"losses":0,"trades":5,"profit_factor":0.0},{"date":"30/11/2025","date_ts":1764460800000,"profit_abs":0.0,"wins":0,"draws":10,"losses":0,"trades":10,"profit_factor":0.0},{"date":"31/12/2025","date_ts":1767139200000,"profit_abs":-9.80753836,"wins":2,"draws":1,"losses":2,"trades":5,"profit_factor":0.56214855}],"year":[{"date":"31/12/2025","date_ts":1767139200000,"profit_abs":4.27307471,"wins":6,"draws":12,"losses":2,"trades":20,"profit_factor":1.19076876}],"weekday":[{"date":"Monday","date_ts":0,"profit_abs":-0.79945313,"wins":2,"draws":1,"losses":1,"trades":4,"profit_factor":0.83549839},{"date":"Tuesday","date_ts":1,"profit_abs":9.95473925,"wins":1,"draws":1,"losses":0,"trades":2,"profit_factor":0.0},{"date":"Wednesday","date_ts":2,"profit_abs":-17.53938688,"wins":0,"draws":2,"losses":1,"trades":3,"profit_factor":0.0},{"date":"Thursday","date_ts":3,"profit_abs":0.0,"wins":0,"draws":1,"losses":0,"trades":1,"profit_factor":0.0},{"date":"Friday","date_ts":4,"profit_abs":2.75662788,"wins":1,"draws":1,"losses":0,"trades":2,"profit_factor":0.0},{"date":"Saturday","date_ts":5,"profit_abs":0.0,"wins":0,"draws":1,"losses":0,"trades":1,"profit_factor":0.0},{"date":"Sunday","date_ts":6,"profit_abs":9.90054759,"wins":2,"draws":5,"losses":0,"trades":7,"profit_factor":0.0}]},"backtest_best_day":0.02972249896378399,"backtest_worst_day":-0.05186841712719166,"backtest_best_day_abs":9.95473925,"backtest_worst_day_abs":-17.53938688,"winning_days":6,"draw_days":80,"losing_days":2,"daily_profit":[["2025-10-03",0.0],["2025-10-04",0.0],["2025-10-05",6.8115537],["2025-10-06",1.4234376],["2025-10-07",0.0],["2025-10-08",0.0],["2025-10-09",0.0],["2025-10-10",2.75662788],["2025-10-11",0.0],["2025-10-12",0.0],["2025-10-13",0.0],["2025-10-14",0.0],["2025-10-15",0.0],["2025-10-16",0.0],["2025-10-17",0.0],["2025-10-18",0.0],["2025-10-19",0.0],["2025-10-20",0.0],["2025-10-21",0.0],["2025-10-22",0.0],["2025-10-23",0.0],["2025-10-24",0.0],["2025-10-25",0.0],["2025-10-26",3.08899389],["2025-10-27",0.0],["2025-10-28",0.0],["2025-10-29",0.0],["2025-10-30",0.0],["2025-10-31",0.0],["2025-11-01",0.0],["2025-11-02",0.0],["2025-11-03",0.0],["2025-11-04",0.0],["2025-11-05",0.0],["2025-11-06",0.0],["2025-11-07",0.0],["2025-11-08",0.0],["2025-11-09",0.0],["2025-11-10",0.0],["2025-11-11",0.0],["2025-11-12",0.0],["2025-11-13",0.0],["2025-11-14",0.0],["2025-11-15",0.0],["2025-11-16",0.0],["2025-11-17",0.0],["2025-11-18",0.0],["2025-11-19",0.0],["2025-11-20",0.0],["2025-11-21",0.0],["2025-11-22",0.0],["2025-11-23",0.0],["2025-11-24",0.0],["2025-11-25",0.0],["2025-11-26",0.0],["2025-11-27",0.0],["2025-11-28",0.0],["2025-11-29",0.0],["2025-11-30",0.0],["2025-12-01",0.0],["2025-12-02",0.0],["2025-12-03",0.0],["2025-12-04",0.0],["2025-12-05",0.0],["2025-12-06",0.0],["2025-12-07",0.0],["2025-12-08",0.0],["2025-12-09",9.95473925],["2025-12-10",0.0],["2025-12-11",0.0],["2025-12-12",0.0],["2025-12-13",0.0],["2025-12-14",0.0],["2025-12-15",0.0],["2025-12-16",0.0],["2025-12-17",-17.53938688],["2025-12-18",0.0],["2025-12-19",0.0],["2025-12-20",0.0],["2025-12-21",0.0],["2025-12-22",-4.85985],["2025-12-23",0.0],["2025-12-24",0.0],["2025-12-25",0.0],["2025-12-26",0.0],["2025-12-27",0.0],["2025-12-28",0.0],["2025-12-29",2.63695927]],"wins":6,"losses":2,"draws":12,"winrate":0.3,"holding_avg":"3:15:00","holding_avg_s":11700.0,"winner_holding_min":"0d 02:00","winner_holding_min_s":7200.0,"winner_holding_max":"0d 02:00","winner_holding_max_s":7200.0,"winner_holding_avg":"0d 02:00","winner_holding_avg_s":7200.0,"loser_holding_min":"0d 01:00","loser_holding_min_s":3600.0,"loser_holding_max":"0d 15:00","loser_holding_max_s":54000.0,"loser_holding_avg":"0d 08:00","loser_holding_avg_s":28800.0,"max_consecutive_wins":4,"max_consecutive_losses":10,"max_drawdown_account":0.021873499610392706,"max_relative_drawdown":0.021873499610392706,"max_drawdown_abs":22.399236879999997,"drawdown_start":"2025-12-09 18:00:00","drawdown_start_ts":1765303200000.0,"drawdown_end":"2025-12-22 00:00:00","drawdown_end_ts":1766361600000.0,"drawdown_duration":"12 days 06:00:00","drawdown_duration_s":1058400.0,"max_drawdown_low":1.6361154400000029,"max_drawdown_high":24.03535232,"csum_min":1000.0,"csum_max":1024.03535232}},"strategy_comparison":[{"key":"ACO_39_17","trades":20,"profit_mean":0.0006823735958204283,"profit_mean_pct":0.07,"profit_total_abs":4.273074710000003,"profit_total":0.004273074710000003,"profit_total_pct":0.43,"duration_avg":"3:15:00","wins":6,"draws":12,"losses":2,"winrate":0.3,"cagr":0.01617424915116339,"expectancy":0.21365373549999989,"expectancy_ratio":-0.5809231237077752,"sortino":0.13275221876716936,"sharpe":0.16799639413482775,"calmar":3.8476619739449425,"sqn":0.1859,"profit_factor":1.1907687629222485,"max_drawdown_account":0.021873499610392706,"max_drawdown_abs":"22.399"}]}