{"strategy":{"ACO_77_7":{"trades":[{"pair":"DOGE/USDT","stake_amount":329.87424,"max_stake_amount":329.87424,"amount":1506.0,"open_date":"2025-10-10 21:00:00+00:00","close_date":"2025-10-10 21:00:00+00:00","open_rate":0.21904,"close_rate":0.20809,"fee_open":0.001,"fee_close":0.001,"trade_duration":0,"profit_ratio":-0.051888989388989386,"profit_abs":-17.13395778,"exit_reason":"stop_loss","initial_stop_loss_abs":0.20809,"initial_stop_loss_ratio":-0.05,"stop_loss_abs":0.20809,"stop_loss_ratio":-0.05,"min_rate":0.095,"max_rate":0.22132,"is_open":false,"enter_tag":"","leverage":1.0,"is_short":false,"open_timestamp":1760130000000,"close_timestamp":1760130000000,"orders":[{"amount":1506.0,"safe_price":0.21904,"ft_order_side":"buy","order_filled_timestamp":1760130000000,"ft_is_entry":true,"ft_order_tag":"","cost":330.20411424},{"amount":1506.0,"safe_price":0.20809,"ft_order_side":"sell","order_filled_timestamp":1760130000000,"ft_is_entry":false,"ft_order_tag":"stop_loss","cost":313.69692353999994}],"funding_fees":0.0,"weekday":4},{"pair":"DOGE/USDT","stake_amount":324.2733,"max_stake_amount":324.2733,"amount":1742.0,"open_date":"2025-10-10 22:00:00+00:00","close_date":"2025-10-10 22:00:00+00:00","open_rate":0.18615,"close_rate":0.17685,"fee_open":0.001,"fee_close":0.001,"trade_duration":0,"profit_ratio":-0.0518578923091413,"profit_abs":-16.832946,"exit_reason":"stop_loss","initial_stop_loss_abs":0.17685,"initial_stop_loss_ratio":-0.05,"stop_loss_abs":0.17685,"stop_loss_ratio":-0.05,"min_rate":0.16923,"max_rate":0.19509,"is_open":false,"enter_tag":"","leverage":1.0,"is_short":false,"open_timestamp":1760133600000,"close_timestamp":1760133600000,"orders":[{"amount":1742.0,"safe_price":0.18615,"ft_order_side":"buy","order_filled_timestamp":1760133600000,"ft_is_entry":true,"ft_order_tag":"","cost":324.59757329999997},{"amount":1742.0,"safe_price":0.17685,"ft_order_side":"sell","order_filled_timestamp":1760133600000,"ft_is_entry":false,"ft_order_tag":"stop_loss","cost":308.38077269999997}],"funding_fees":0.0,"weekday":4},{"pair":"DOGE/USDT","stake_amount":318.76146,"max_stake_amount":318.76146,"amount":1642.0,"open_date":"2025-10-10 23:00:00+00:00","close_date":"2025-10-11 01:00:00+00:00","open_rate":0.19413,"close_rate":0.19537,"fee_open":0.001,"fee_close":0.001,"trade_duration":120,"profit_ratio":0.004376708131923709,"profit_abs":1.396521,"exit_reason":"roi","initial_stop_loss_abs":0.18443,"initial_stop_loss_ratio":-0.05,"stop_loss_abs":0.18443,"stop_loss_ratio":-0.05,"min_rate":0.18495,"max_rate":0.2,"is_open":false,"enter_tag":"","leverage":1.0,"is_short":false,"open_timestamp":1760137200000,"close_timestamp":1760144400000,"orders":[{"amount":1642.0,"safe_price":0.19413,"ft_order_side":"buy","order_filled_timestamp":1760137200000,"ft_is_entry":true,"ft_order_tag":"","cost":319.08022145999996},{"amount":1642.0,"safe_price":0.19537,"ft_order_side":"sell","order_filled_timestamp":1760144400000,"ft_is_entry":false,"ft_order_tag":"roi","cost":321.1183375399999}],"funding_fees":0.0,"weekday":5},{"pair":"DOGE/USDT","stake_amount":319.10922,"max_stake_amount":319.10922,"amount":1686.0,"open_date":"2025-10-11 02:00:00+00:00","close_date":"2025-10-11 03:00:00+00:00","open_rate":0.18927,"close_rate":0.19912189189189186,"fee_open":0.001,"fee_close":0.001,"trade_duration":60,"profit_ratio":0.049950049950049945,"profit_abs":15.955461,"exit_reason":"roi","initial_stop_loss_abs":0.17981,"initial_stop_loss_ratio":-0.05,"stop_loss_abs":0.17981,"stop_loss_ratio":-0.05,"min_rate":0.189,"max_rate":0.20048,"is_open":false,"enter_tag":"","leverage":1.0,"is_short":false,"open_timestamp":1760148000000,"close_timestamp":1760151600000,"orders":[{"amount":1686.0,"safe_price":0.18927,"ft_order_side":"buy","order_filled_timestamp":1760148000000,"ft_is_entry":true,"ft_order_tag":"","cost":319.42832921999997},{"amount":1686.0,"safe_price":0.19912189189189186,"ft_order_side":"sell","order_filled_timestamp":1760151600000,"ft_is_entry":false,"ft_order_tag":"roi","cost":336.0552292394594}],"funding_fees":0.0,"weekday":5},{"pair":"DOGE/USDT","stake_amount":324.32384,"max_stake_amount":324.32384,"amount":1678.0,"open_date":"2025-10-11 04:00:00+00:00","close_date":"2025-10-11 06:00:00+00:00","open_rate":0.19328,"close_rate":0.19366694694694694,"fee_open":0.001,"fee_close":0.001,"trade_duration":120,"profit_ratio":0.0,"profit_abs":0.0,"exit_reason":"roi","initial_stop_loss_abs":0.18362,"initial_stop_loss_ratio":-0.05,"stop_loss_abs":0.18362,"stop_loss_ratio":-0.05,"min_rate":0.18994,"max_rate":0.1971,"is_open":false,"enter_tag":"","leverage":1.0,"is_short":false,"open_timestamp":1760155200000,"close_timestamp":1760162400000,"orders":[{"amount":1678.0,"safe_price":0.19328,"ft_order_side":"buy","order_filled_timestamp":1760155200000,"ft_is_entry":true,"ft_order_tag":"","cost":324.64816384},{"amount":1678.0,"safe_price":0.19366694694694694,"ft_order_side":"sell","order_filled_timestamp":1760162400000,"ft_is_entry":false,"ft_order_tag":"roi","cost":325.2981101139539}],"funding_fees":0.0,"weekday":5},{"pair":"DOGE/USDT","stake_amount":324.4569,"max_stake_amount":324.4569,"amount":1689.0,"open_date":"2025-10-11 07:00:00+00:00","close_date":"2025-10-11 09:00:00+00:00","open_rate":0.1921,"close_rate":0.19534,"fee_open":0.001,"fee_close":0.001,"trade_duration":120,"profit_ratio":0.014834514782458562,"profit_abs":4.81797384,"exit_reason":"roi","initial_stop_loss_abs":0.1825,"initial_stop_loss_ratio":-0.05,"stop_loss_abs":0.1825,"stop_loss_ratio":-0.05,"min_rate":0.1881,"max_rate":0.19776,"is_open":false,"enter_tag":"","leverage":1.0,"is_short":false,"open_timestamp":1760166000000,"close_timestamp":1760173200000,"orders":[{"amount":1689.0,"safe_price":0.1921,"ft_order_side":"buy","order_filled_timestamp":1760166000000,"ft_is_entry":true,"ft_order_tag":"","cost":324.78135689999993},{"amount":1689.0,"safe_price":0.19534,"ft_order_side":"sell","order_filled_timestamp":1760173200000,"ft_is_entry":false,"ft_order_tag":"roi","cost":330.25918925999997}],"funding_fees":0.0,"weekday":5},{"pair":"DOGE/USDT","stake_amount":326.0712,"max_stake_amount":326.0712,"amount":1680.0,"open_date":"2025-10-11 10:00:00+00:00","close_date":"2025-10-11 19:00:00+00:00","open_rate":0.19409,"close_rate":0.18439,"fee_open":0.001,"fee_close":0.001,"trade_duration":540,"profit_ratio":-0.051874963101713585,"profit_abs":-16.9318464,"exit_reason":"stop_loss","initial_stop_loss_abs":0.18439,"initial_stop_loss_ratio":-0.05,"stop_loss_abs":0.18439,"stop_loss_ratio":-0.05,"min_rate":0.18286,"max_rate":0.19664,"is_open":false,"enter_tag":"","leverage":1.0,"is_short":false,"open_timestamp":1760176800000,"close_timestamp":1760209200000,"orders":[{"amount":1680.0,"safe_price":0.19409,"ft_order_side":"buy","order_filled_timestamp":1760176800000,"ft_is_entry":true,"ft_order_tag":"","cost":326.3972712},{"amount":1680.0,"safe_price":0.18439,"ft_order_side":"sell","order_filled_timestamp":1760209200000,"ft_is_entry":false,"ft_order_tag":"stop_loss","cost":310.0849752}],"funding_fees":0.0,"weekday":5},{"pair":"DOGE/USDT","stake_amount":320.35491,"max_stake_amount":320.35491,"amount":1737.0,"open_date":"2025-10-11 20:00:00+00:00","close_date":"2025-10-11 22:00:00+00:00","open_rate":0.18443,"close_rate":0.18479922922922923,"fee_open":0.001,"fee_close":0.001,"trade_duration":120,"profit_ratio":0.0,"profit_abs":0.0,"exit_reason":"roi","initial_stop_loss_abs":0.17521,"initial_stop_loss_ratio":-0.05,"stop_loss_abs":0.17521,"stop_loss_ratio":-0.05,"min_rate":0.17816,"max_rate":0.18622,"is_open":false,"enter_tag":"","leverage":1.0,"is_short":false,"open_timestamp":1760212800000,"close_timestamp":1760220000000,"orders":[{"amount":1737.0,"safe_price":0.18443,"ft_order_side":"buy","order_filled_timestamp":1760212800000,"ft_is_entry":true,"ft_order_tag":"","cost":320.67526491},{"amount":1737.0,"safe_price":0.18479922922922923,"ft_order_side":"sell","order_filled_timestamp":1760220000000,"ft_is_entry":false,"ft_order_tag":"roi","cost":321.31725743234233}],"funding_fees":0.0,"weekday":5},{"pair":"DOGE/USDT","stake_amount":320.47196,"max_stake_amount":320.47196,"amount":1732.0,"open_date":"2025-10-11 23:00:00+00:00","close_date":"2025-10-12 03:00:00+00:00","open_rate":0.18503,"close_rate":0.18540043043043042,"fee_open":0.001,"fee_close":0.001,"trade_duration":240,"profit_ratio":0.0,"profit_abs":0.0,"exit_reason":"roi","initial_stop_loss_abs":0.17578,"initial_stop_loss_ratio":-0.05,"stop_loss_abs":0.17578,"stop_loss_ratio":-0.05,"min_rate":0.18072,"max_rate":0.18675,"is_open":false,"enter_tag":"","leverage":1.0,"is_short":false,"open_timestamp":1760223600000,"close_timestamp":1760238000000,"orders":[{"amount":1732.0,"safe_price":0.18503,"ft_order_side":"buy","order_filled_timestamp":1760223600000,"ft_is_entry":true,"ft_order_tag":"","cost":320.79243196},{"amount":1732.0,"safe_price":0.18540043043043042,"ft_order_side":"sell","order_filled_timestamp":1760238000000,"ft_is_entry":false,"ft_order_tag":"roi","cost":321.43465905101095}],"funding_fees":0.0,"weekday":6},{"pair":"DOGE/USDT","stake_amount":320.4479,"max_stake_amount":320.4479,"amount":1730.0,"open_date":"2025-10-12 04:00:00+00:00","close_date":"2025-10-12 06:00:00+00:00","open_rate":0.18523,"close_rate":0.18862,"fee_open":0.001,"fee_close":0.001,"trade_duration":120,"profit_ratio":0.016267002446347045,"profit_abs":5.2179395,"exit_reason":"roi","initial_stop_loss_abs":0.17597,"initial_stop_loss_ratio":-0.05,"stop_loss_abs":0.17597,"stop_loss_ratio":-0.05,"min_rate":0.1848,"max_rate":0.19118,"is_open":false,"enter_tag":"","leverage":1.0,"is_short":false,"open_timestamp":1760241600000,"close_timestamp":1760248800000,"orders":[{"amount":1730.0,"safe_price":0.18523,"ft_order_side":"buy","order_filled_timestamp":1760241600000,"ft_is_entry":true,"ft_order_tag":"","cost":320.7683479},{"amount":1730.0,"safe_price":0.18862,"ft_order_side":"sell","order_filled_timestamp":1760248800000,"ft_is_entry":false,"ft_order_tag":"roi","cost":326.63891259999997}],"funding_fees":0.0,"weekday":6},{"pair":"DOGE/USDT","stake_amount":322.08728,"max_stake_amount":322.08728,"amount":1688.0,"open_date":"2025-10-12 07:00:00+00:00","close_date":"2025-10-12 14:00:00+00:00","open_rate":0.19081,"close_rate":0.19119200200200198,"fee_open":0.001,"fee_close":0.001,"trade_duration":420,"profit_ratio":0.0,"profit_abs":0.0,"exit_reason":"roi","initial_stop_loss_abs":0.18127,"initial_stop_loss_ratio":-0.05,"stop_loss_abs":0.18127,"stop_loss_ratio":-0.05,"min_rate":0.18624,"max_rate":0.19986,"is_open":false,"enter_tag":"","leverage":1.0,"is_short":false,"open_timestamp":1760252400000,"close_timestamp":1760277600000,"orders":[{"amount":1688.0,"safe_price":0.19081,"ft_order_side":"buy","order_filled_timestamp":1760252400000,"ft_is_entry":true,"ft_order_tag":"","cost":322.40936727999997},{"amount":1688.0,"safe_price":0.19119200200200198,"ft_order_side":"sell","order_filled_timestamp":1760277600000,"ft_is_entry":false,"ft_order_tag":"roi","cost":323.0548314787587}],"funding_fees":0.0,"weekday":6},{"pair":"DOGE/USDT","stake_amount":322.06188,"max_stake_amount":322.06188,"amount":1642.0,"open_date":"2025-10-12 15:00:00+00:00","close_date":"2025-10-12 16:00:00+00:00","open_rate":0.19614,"close_rate":0.2063494894894895,"fee_open":0.001,"fee_close":0.001,"trade_duration":60,"profit_ratio":0.049950049950049945,"profit_abs":16.103094,"exit_reason":"roi","initial_stop_loss_abs":0.18634,"initial_stop_loss_ratio":-0.05,"stop_loss_abs":0.18634,"stop_loss_ratio":-0.05,"min_rate":0.19562,"max_rate":0.2095,"is_open":false,"enter_tag":"","leverage":1.0,"is_short":false,"open_timestamp":1760281200000,"close_timestamp":1760284800000,"orders":[{"amount":1642.0,"safe_price":0.19614,"ft_order_side":"buy","order_filled_timestamp":1760281200000,"ft_is_entry":true,"ft_order_tag":"","cost":322.38394188},{"amount":1642.0,"safe_price":0.2063494894894895,"ft_order_side":"sell","order_filled_timestamp":1760284800000,"ft_is_entry":false,"ft_order_tag":"roi","cost":339.1646876034835}],"funding_fees":0.0,"weekday":6},{"pair":"DOGE/USDT","stake_amount":327.54025,"max_stake_amount":327.54025,"amount":1585.0,"open_date":"2025-10-12 17:00:00+00:00","close_date":"2025-10-12 19:00:00+00:00","open_rate":0.20665,"close_rate":0.20759,"fee_open":0.001,"fee_close":0.001,"trade_duration":120,"profit_ratio":0.0025416635143225997,"profit_abs":0.8333296,"exit_reason":"roi","initial_stop_loss_abs":0.19632,"initial_stop_loss_ratio":-0.05,"stop_loss_abs":0.19632,"stop_loss_ratio":-0.05,"min_rate":0.20526,"max_rate":0.21053,"is_open":false,"enter_tag":"","leverage":1.0,"is_short":false,"open_timestamp":1760288400000,"close_timestamp":1760295600000,"orders":[{"amount":1585.0,"safe_price":0.20665,"ft_order_side":"buy","order_filled_timestamp":1760288400000,"ft_is_entry":true,"ft_order_tag":"","cost":327.86779025},{"amount":1585.0,"safe_price":0.20759,"ft_order_side":"sell","order_filled_timestamp":1760295600000,"ft_is_entry":false,"ft_order_tag":"roi","cost":329.35918014999993}],"funding_fees":0.0,"weekday":6},{"pair":"DOGE/USDT","stake_amount":327.7018,"max_stake_amount":327.7018,"amount":1559.0,"open_date":"2025-10-12 20:00:00+00:00","close_date":"2025-10-13 06:00:00+00:00","open_rate":0.2102,"close_rate":0.2106208208208208,"fee_open":0.001,"fee_close":0.001,"trade_duration":600,"profit_ratio":0.0,"profit_abs":0.0,"exit_reason":"roi","initial_stop_loss_abs":0.19969,"initial_stop_loss_ratio":-0.05,"stop_loss_abs":0.19969,"stop_loss_ratio":-0.05,"min_rate":0.20445,"max_rate":0.21421,"is_open":false,"enter_tag":"","leverage":1.0,"is_short":false,"open_timestamp":1760299200000,"close_timestamp":1760335200000,"orders":[{"amount":1559.0,"safe_price":0.2102,"ft_order_side":"buy","order_filled_timestamp":1760299200000,"ft_is_entry":true,"ft_order_tag":"","cost":328.02950179999993},{"amount":1559.0,"safe_price":0.2106208208208208,"ft_order_side":"sell","order_filled_timestamp":1760335200000,"ft_is_entry":false,"ft_order_tag":"roi","cost":328.6862175193192}],"funding_fees":0.0,"weekday":0},{"pair":"DOGE/USDT","stake_amount":327.7253,"max_stake_amount":327.7253,"amount":1558.0,"open_date":"2025-10-13 07:00:00+00:00","close_date":"2025-10-13 09:00:00+00:00","open_rate":0.21035,"close_rate":0.2123,"fee_open":0.001,"fee_close":0.001,"trade_duration":120,"profit_ratio":0.007253739842282747,"profit_abs":2.3796113,"exit_reason":"roi","initial_stop_loss_abs":0.19984,"initial_stop_loss_ratio":-0.05,"stop_loss_abs":0.19984,"stop_loss_ratio":-0.05,"min_rate":0.20902,"max_rate":0.21279,"is_open":false,"enter_tag":"","leverage":1.0,"is_short":false,"open_timestamp":1760338800000,"close_timestamp":1760346000000,"orders":[{"amount":1558.0,"safe_price":0.21035,"ft_order_side":"buy","order_filled_timestamp":1760338800000,"ft_is_entry":true,"ft_order_tag":"","cost":328.05302529999994},{"amount":1558.0,"safe_price":0.2123,"ft_order_side":"sell","order_filled_timestamp":1760346000000,"ft_is_entry":false,"ft_order_tag":"roi","cost":331.09416339999996}],"funding_fees":0.0,"weekday":0},{"pair":"DOGE/USDT","stake_amount":328.56678,"max_stake_amount":328.56678,"amount":1597.0,"open_date":"2025-10-13 12:00:00+00:00","close_date":"2025-10-13 14:00:00+00:00","open_rate":0.20574,"close_rate":0.21124,"fee_open":0.001,"fee_close":0.001,"trade_duration":120,"profit_ratio":0.024681355390016806,"profit_abs":8.11758294,"exit_reason":"roi","initial_stop_loss_abs":0.19546,"initial_stop_loss_ratio":-0.05,"stop_loss_abs":0.19546,"stop_loss_ratio":-0.05,"min_rate":0.20422,"max_rate":0.21313,"is_open":false,"enter_tag":"","leverage":1.0,"is_short":false,"open_timestamp":1760356800000,"close_timestamp":1760364000000,"orders":[{"amount":1597.0,"safe_price":0.20574,"ft_order_side":"buy","order_filled_timestamp":1760356800000,"ft_is_entry":true,"ft_order_tag":"","cost":328.89534677999995},{"amount":1597.0,"safe_price":0.21124,"ft_order_side":"sell","order_filled_timestamp":1760364000000,"ft_is_entry":false,"ft_order_tag":"roi","cost":337.68763027999995}],"funding_fees":0.0,"weekday":0},{"pair":"DOGE/USDT","stake_amount":331.23438,"max_stake_amount":331.23438,"amount":1674.0,"open_date":"2025-10-14 08:00:00+00:00","close_date":"2025-10-14 10:00:00+00:00","open_rate":0.19787,"close_rate":0.19958,"fee_open":0.001,"fee_close":0.001,"trade_duration":120,"profit_ratio":0.006626768894924755,"profit_abs":2.1972087,"exit_reason":"roi","initial_stop_loss_abs":0.18798,"initial_stop_loss_ratio":-0.05,"stop_loss_abs":0.18798,"stop_loss_ratio":-0.05,"min_rate":0.19436,"max_rate":0.20153,"is_open":false,"enter_tag":"","leverage":1.0,"is_short":false,"open_timestamp":1760428800000,"close_timestamp":1760436000000,"orders":[{"amount":1674.0,"safe_price":0.19787,"ft_order_side":"buy","order_filled_timestamp":1760428800000,"ft_is_entry":true,"ft_order_tag":"","cost":331.56561437999994},{"amount":1674.0,"safe_price":0.19958,"ft_order_side":"sell","order_filled_timestamp":1760436000000,"ft_is_entry":false,"ft_order_tag":"roi","cost":334.43101692}],"funding_fees":0.0,"weekday":1},{"pair":"DOGE/USDT","stake_amount":331.9975,"max_stake_amount":331.9975,"amount":1681.0,"open_date":"2025-10-14 11:00:00+00:00","close_date":"2025-10-14 13:00:00+00:00","open_rate":0.1975,"close_rate":0.19789539539539538,"fee_open":0.001,"fee_close":0.001,"trade_duration":120,"profit_ratio":0.0,"profit_abs":0.0,"exit_reason":"roi","initial_stop_loss_abs":0.18763,"initial_stop_loss_ratio":-0.05,"stop_loss_abs":0.18763,"stop_loss_ratio":-0.05,"min_rate":0.1933,"max_rate":0.20041,"is_open":false,"enter_tag":"","leverage":1.0,"is_short":false,"open_timestamp":1760439600000,"close_timestamp":1760446800000,"orders":[{"amount":1681.0,"safe_price":0.1975,"ft_order_side":"buy","order_filled_timestamp":1760439600000,"ft_is_entry":true,"ft_order_tag":"","cost":332.32949749999995},{"amount":1681.0,"safe_price":0.19789539539539538,"ft_order_side":"sell","order_filled_timestamp":1760446800000,"ft_is_entry":false,"ft_order_tag":"roi","cost":332.99482181931927}],"funding_fees":0.0,"weekday":1},{"pair":"DOGE/USDT","stake_amount":331.88152,"max_stake_amount":331.88152,"amount":1676.0,"open_date":"2025-10-14 14:00:00+00:00","close_date":"2025-10-14 16:00:00+00:00","open_rate":0.19802,"close_rate":0.2035,"fee_open":0.001,"fee_close":0.001,"trade_duration":120,"profit_ratio":0.02562067767602562,"profit_abs":8.51153248,"exit_reason":"roi","initial_stop_loss_abs":0.18812,"initial_stop_loss_ratio":-0.05,"stop_loss_abs":0.18812,"stop_loss_ratio":-0.05,"min_rate":0.19749,"max_rate":0.2071,"is_open":false,"enter_tag":"","leverage":1.0,"is_short":false,"open_timestamp":1760450400000,"close_timestamp":1760457600000,"orders":[{"amount":1676.0,"safe_price":0.19802,"ft_order_side":"buy","order_filled_timestamp":1760450400000,"ft_is_entry":true,"ft_order_tag":"","cost":332.21340152},{"amount":1676.0,"safe_price":0.2035,"ft_order_side":"sell","order_filled_timestamp":1760457600000,"ft_is_entry":false,"ft_order_tag":"roi","cost":341.40706599999993}],"funding_fees":0.0,"weekday":1},{"pair":"DOGE/USDT","stake_amount":334.64806,"max_stake_amount":334.64806,"amount":1649.0,"open_date":"2025-10-14 17:00:00+00:00","close_date":"2025-10-14 19:00:00+00:00","open_rate":0.20294,"close_rate":0.20382,"fee_open":0.001,"fee_close":0.001,"trade_duration":120,"profit_ratio":0.002329591173584472,"profit_abs":0.78037276,"exit_reason":"roi","initial_stop_loss_abs":0.1928,"initial_stop_loss_ratio":-0.05,"stop_loss_abs":0.1928,"stop_loss_ratio":-0.05,"min_rate":0.19991,"max_rate":0.20574,"is_open":false,"enter_tag":"","leverage":1.0,"is_short":false,"open_timestamp":1760461200000,"close_timestamp":1760468400000,"orders":[{"amount":1649.0,"safe_price":0.20294,"ft_order_side":"buy","order_filled_timestamp":1760461200000,"ft_is_entry":true,"ft_order_tag":"","cost":334.98270806},{"amount":1649.0,"safe_price":0.20382,"ft_order_side":"sell","order_filled_timestamp":1760468400000,"ft_is_entry":false,"ft_order_tag":"roi","cost":336.43527917999995}],"funding_fees":0.0,"weekday":1},{"pair":"DOGE/USDT","stake_amount":334.89541,"max_stake_amount":334.89541,"amount":1649.0,"open_date":"2025-10-14 20:00:00+00:00","close_date":"2025-10-14 22:00:00+00:00","open_rate":0.20309,"close_rate":0.20359,"fee_open":0.001,"fee_close":0.001,"trade_duration":120,"profit_ratio":0.0004590416722968793,"profit_abs":0.15388468,"exit_reason":"roi","initial_stop_loss_abs":0.19294,"initial_stop_loss_ratio":-0.05,"stop_loss_abs":0.19294,"stop_loss_ratio":-0.05,"min_rate":0.20198,"max_rate":0.20516,"is_open":false,"enter_tag":"","leverage":1.0,"is_short":false,"open_timestamp":1760472000000,"close_timestamp":1760479200000,"orders":[{"amount":1649.0,"safe_price":0.20309,"ft_order_side":"buy","order_filled_timestamp":1760472000000,"ft_is_entry":true,"ft_order_tag":"","cost":335.2303054099999},{"amount":1649.0,"safe_price":0.20359,"ft_order_side":"sell","order_filled_timestamp":1760479200000,"ft_is_entry":false,"ft_order_tag":"roi","cost":336.05562990999994}],"funding_fees":0.0,"weekday":1},{"pair":"DOGE/USDT","stake_amount":335.10504,"max_stake_amount":335.10504,"amount":1752.0,"open_date":"2025-10-16 18:00:00+00:00","close_date":"2025-10-17 07:00:00+00:00","open_rate":0.19127,"close_rate":0.18171,"fee_open":0.001,"fee_close":0.001,"trade_duration":780,"profit_ratio":-0.05187983971901994,"profit_abs":-17.40258096,"exit_reason":"stop_loss","initial_stop_loss_abs":0.18171,"initial_stop_loss_ratio":-0.05,"stop_loss_abs":0.18171,"stop_loss_ratio":-0.05,"min_rate":0.17831,"max_rate":0.19142,"is_open":false,"enter_tag":"","leverage":1.0,"is_short":false,"open_timestamp":1760637600000,"close_timestamp":1760684400000,"orders":[{"amount":1752.0,"safe_price":0.19127,"ft_order_side":"buy","order_filled_timestamp":1760637600000,"ft_is_entry":true,"ft_order_tag":"","cost":335.44014503999995},{"amount":1752.0,"safe_price":0.18171,"ft_order_side":"sell","order_filled_timestamp":1760684400000,"ft_is_entry":false,"ft_order_tag":"stop_loss","cost":318.67427592}],"funding_fees":0.0,"weekday":4},{"pair":"DOGE/USDT","stake_amount":329.28308,"max_stake_amount":329.28308,"amount":1844.0,"open_date":"2025-10-17 10:00:00+00:00","close_date":"2025-10-17 12:00:00+00:00","open_rate":0.17857,"close_rate":0.18272,"fee_open":0.001,"fee_close":0.001,"trade_duration":120,"profit_ratio":0.0211957499855803,"profit_abs":6.98638124,"exit_reason":"roi","initial_stop_loss_abs":0.16965,"initial_stop_loss_ratio":-0.05,"stop_loss_abs":0.16965,"stop_loss_ratio":-0.05,"min_rate":0.17555,"max_rate":0.18431,"is_open":false,"enter_tag":"","leverage":1.0,"is_short":false,"open_timestamp":1760695200000,"close_timestamp":1760702400000,"orders":[{"amount":1844.0,"safe_price":0.17857,"ft_order_side":"buy","order_filled_timestamp":1760695200000,"ft_is_entry":true,"ft_order_tag":"","cost":329.61236307999997},{"amount":1844.0,"safe_price":0.18272,"ft_order_side":"sell","order_filled_timestamp":1760702400000,"ft_is_entry":false,"ft_order_tag":"roi","cost":337.27261567999994}],"funding_fees":0.0,"weekday":4},{"pair":"DOGE/USDT","stake_amount":331.52742,"max_stake_amount":331.52742,"amount":1827.0,"open_date":"2025-10-17 15:00:00+00:00","close_date":"2025-10-17 17:00:00+00:00","open_rate":0.18146,"close_rate":0.18381,"fee_open":0.001,"fee_close":0.001,"trade_duration":120,"profit_ratio":0.010926635361772583,"profit_abs":3.62610171,"exit_reason":"roi","initial_stop_loss_abs":0.17239,"initial_stop_loss_ratio":-0.05,"stop_loss_abs":0.17239,"stop_loss_ratio":-0.05,"min_rate":0.18119,"max_rate":0.18726,"is_open":false,"enter_tag":"","leverage":1.0,"is_short":false,"open_timestamp":1760713200000,"close_timestamp":1760720400000,"orders":[{"amount":1827.0,"safe_price":0.18146,"ft_order_side":"buy","order_filled_timestamp":1760713200000,"ft_is_entry":true,"ft_order_tag":"","cost":331.85894742},{"amount":1827.0,"safe_price":0.18381,"ft_order_side":"sell","order_filled_timestamp":1760720400000,"ft_is_entry":false,"ft_order_tag":"roi","cost":336.15669087}],"funding_fees":0.0,"weekday":4},{"pair":"DOGE/USDT","stake_amount":332.81194,"max_stake_amount":332.81194,"amount":2066.0,"open_date":"2025-11-04 06:00:00+00:00","close_date":"2025-11-04 08:00:00+00:00","open_rate":0.16109,"close_rate":0.16201,"fee_open":0.001,"fee_close":0.001,"trade_duration":120,"profit_ratio":0.0037016804041448653,"profit_abs":1.2331954,"exit_reason":"roi","initial_stop_loss_abs":0.15304,"initial_stop_loss_ratio":-0.05,"stop_loss_abs":0.15304,"stop_loss_ratio":-0.05,"min_rate":0.16062,"max_rate":0.16735,"is_open":false,"enter_tag":"","leverage":1.0,"is_short":false,"open_timestamp":1762236000000,"close_timestamp":1762243200000,"orders":[{"amount":2066.0,"safe_price":0.16109,"ft_order_side":"buy","order_filled_timestamp":1762236000000,"ft_is_entry":true,"ft_order_tag":"","cost":333.14475194},{"amount":2066.0,"safe_price":0.16201,"ft_order_side":"sell","order_filled_timestamp":1762243200000,"ft_is_entry":false,"ft_order_tag":"roi","cost":335.04737265999995}],"funding_fees":0.0,"weekday":1},{"pair":"DOGE/USDT","stake_amount":333.277,"max_stake_amount":333.277,"amount":2026.0,"open_date":"2025-11-04 09:00:00+00:00","close_date":"2025-11-04 11:00:00+00:00","open_rate":0.1645,"close_rate":0.16536,"fee_open":0.001,"fee_close":0.001,"trade_duration":120,"profit_ratio":0.003219516046263767,"profit_abs":1.07406364,"exit_reason":"roi","initial_stop_loss_abs":0.15628,"initial_stop_loss_ratio":-0.05,"stop_loss_abs":0.15628,"stop_loss_ratio":-0.05,"min_rate":0.16364,"max_rate":0.16702,"is_open":false,"enter_tag":"","leverage":1.0,"is_short":false,"open_timestamp":1762246800000,"close_timestamp":1762254000000,"orders":[{"amount":2026.0,"safe_price":0.1645,"ft_order_side":"buy","order_filled_timestamp":1762246800000,"ft_is_entry":true,"ft_order_tag":"","cost":333.61027699999994},{"amount":2026.0,"safe_price":0.16536,"ft_order_side":"sell","order_filled_timestamp":1762254000000,"ft_is_entry":false,"ft_order_tag":"roi","cost":335.35437936}],"funding_fees":0.0,"weekday":1},{"pair":"DOGE/USDT","stake_amount":333.52614,"max_stake_amount":333.52614,"amount":1998.0,"open_date":"2025-11-04 15:00:00+00:00","close_date":"2025-11-04 17:00:00+00:00","open_rate":0.16693,"close_rate":0.15859,"fee_open":0.001,"fee_close":0.001,"trade_duration":120,"profit_ratio":-0.05185924122005114,"profit_abs":-17.31370896,"exit_reason":"stop_loss","initial_stop_loss_abs":0.15859,"initial_stop_loss_ratio":-0.05,"stop_loss_abs":0.15859,"stop_loss_ratio":-0.05,"min_rate":0.1562,"max_rate":0.16853,"is_open":false,"enter_tag":"","leverage":1.0,"is_short":false,"open_timestamp":1762268400000,"close_timestamp":1762275600000,"orders":[{"amount":1998.0,"safe_price":0.16693,"ft_order_side":"buy","order_filled_timestamp":1762268400000,"ft_is_entry":true,"ft_order_tag":"","cost":333.85966613999994},{"amount":1998.0,"safe_price":0.15859,"ft_order_side":"sell","order_filled_timestamp":1762275600000,"ft_is_entry":false,"ft_order_tag":"stop_loss","cost":317.17968282}],"funding_fees":0.0,"weekday":1},{"pair":"DOGE/USDT","stake_amount":327.85457,"max_stake_amount":327.85457,"amount":2059.0,"open_date":"2025-11-04 18:00:00+00:00","close_date":"2025-11-04 20:00:00+00:00","open_rate":0.15923,"close_rate":0.15954877877877877,"fee_open":0.001,"fee_close":0.001,"trade_duration":120,"profit_ratio":0.0,"profit_abs":0.0,"exit_reason":"roi","initial_stop_loss_abs":0.15127,"initial_stop_loss_ratio":-0.05,"stop_loss_abs":0.15127,"stop_loss_ratio":-0.05,"min_rate":0.15159,"max_rate":0.16152,"is_open":false,"enter_tag":"","leverage":1.0,"is_short":false,"open_timestamp":1762279200000,"close_timestamp":1762286400000,"orders":[{"amount":2059.0,"safe_price":0.15923,"ft_order_side":"buy","order_filled_timestamp":1762279200000,"ft_is_entry":true,"ft_order_tag":"","cost":328.18242456999997},{"amount":2059.0,"safe_price":0.15954877877877877,"ft_order_side":"sell","order_filled_timestamp":1762286400000,"ft_is_entry":false,"ft_order_tag":"roi","cost":328.8394464410109}],"funding_fees":0.0,"weekday":1},{"pair":"DOGE/USDT","stake_amount":327.79007,"max_stake_amount":327.79007,"amount":2063.0,"open_date":"2025-11-04 21:00:00+00:00","close_date":"2025-11-04 23:00:00+00:00","open_rate":0.15889,"close_rate":0.16344,"fee_open":0.001,"fee_close":0.001,"trade_duration":120,"profit_ratio":0.026580946273815555,"profit_abs":8.72168321,"exit_reason":"roi","initial_stop_loss_abs":0.15095,"initial_stop_loss_ratio":-0.05,"stop_loss_abs":0.15095,"stop_loss_ratio":-0.05,"min_rate":0.15159,"max_rate":0.16436,"is_open":false,"enter_tag":"","leverage":1.0,"is_short":false,"open_timestamp":1762290000000,"close_timestamp":1762297200000,"orders":[{"amount":2063.0,"safe_price":0.15889,"ft_order_side":"buy","order_filled_timestamp":1762290000000,"ft_is_entry":true,"ft_order_tag":"","cost":328.11786007},{"amount":2063.0,"safe_price":0.16344,"ft_order_side":"sell","order_filled_timestamp":1762297200000,"ft_is_entry":false,"ft_order_tag":"roi","cost":337.51389671999993}],"funding_fees":0.0,"weekday":1},{"pair":"DOGE/USDT","stake_amount":330.80736,"max_stake_amount":330.80736,"amount":2039.0,"open_date":"2025-11-05 00:00:00+00:00","close_date":"2025-11-05 02:00:00+00:00","open_rate":0.16224,"close_rate":0.16256480480480479,"fee_open":0.001,"fee_close":0.001,"trade_duration":120,"profit_ratio":0.0,"profit_abs":0.0,"exit_reason":"roi","initial_stop_loss_abs":0.15413,"initial_stop_loss_ratio":-0.05,"stop_loss_abs":0.15413,"stop_loss_ratio":-0.05,"min_rate":0.15456,"max_rate":0.16467,"is_open":false,"enter_tag":"","leverage":1.0,"is_short":false,"open_timestamp":1762300800000,"close_timestamp":1762308000000,"orders":[{"amount":2039.0,"safe_price":0.16224,"ft_order_side":"buy","order_filled_timestamp":1762300800000,"ft_is_entry":true,"ft_order_tag":"","cost":331.13816735999995},{"amount":2039.0,"safe_price":0.16256480480480479,"ft_order_side":"sell","order_filled_timestamp":1762308000000,"ft_is_entry":false,"ft_order_tag":"roi","cost":331.8011066339939}],"funding_fees":0.0,"weekday":2},{"pair":"DOGE/USDT","stake_amount":330.75603,"max_stake_amount":330.75603,"amount":2013.0,"open_date":"2025-11-05 03:00:00+00:00","close_date":"2025-11-05 05:00:00+00:00","open_rate":0.16431,"close_rate":0.16476,"fee_open":0.001,"fee_close":0.001,"trade_duration":120,"profit_ratio":0.0007352516025147028,"profit_abs":0.24343209,"exit_reason":"roi","initial_stop_loss_abs":0.1561,"initial_stop_loss_ratio":-0.05,"stop_loss_abs":0.1561,"stop_loss_ratio":-0.05,"min_rate":0.16313,"max_rate":0.16619,"is_open":false,"enter_tag":"","leverage":1.0,"is_short":false,"open_timestamp":1762311600000,"close_timestamp":1762318800000,"orders":[{"amount":2013.0,"safe_price":0.16431,"ft_order_side":"buy","order_filled_timestamp":1762311600000,"ft_is_entry":true,"ft_order_tag":"","cost":331.08678603},{"amount":2013.0,"safe_price":0.16476,"ft_order_side":"sell","order_filled_timestamp":1762318800000,"ft_is_entry":false,"ft_order_tag":"roi","cost":331.99354187999995}],"funding_fees":0.0,"weekday":2},{"pair":"DOGE/USDT","stake_amount":330.7849,"max_stake_amount":330.7849,"amount":2005.0,"open_date":"2025-11-05 06:00:00+00:00","close_date":"2025-11-05 13:00:00+00:00","open_rate":0.16498,"close_rate":0.16531029029029026,"fee_open":0.001,"fee_close":0.001,"trade_duration":420,"profit_ratio":0.0,"profit_abs":0.0,"exit_reason":"roi","initial_stop_loss_abs":0.15674,"initial_stop_loss_ratio":-0.05,"stop_loss_abs":0.15674,"stop_loss_ratio":-0.05,"min_rate":0.161,"max_rate":0.16617,"is_open":false,"enter_tag":"","leverage":1.0,"is_short":false,"open_timestamp":1762322400000,"close_timestamp":1762347600000,"orders":[{"amount":2005.0,"safe_price":0.16498,"ft_order_side":"buy","order_filled_timestamp":1762322400000,"ft_is_entry":true,"ft_order_tag":"","cost":331.11568489999996},{"amount":2005.0,"safe_price":0.16531029029029026,"ft_order_side":"sell","order_filled_timestamp":1762347600000,"ft_is_entry":false,"ft_order_tag":"roi","cost":331.77857916406396}],"funding_fees":0.0,"weekday":2},{"pair":"DOGE/USDT","stake_amount":330.85062,"max_stake_amount":330.85062,"amount":2082.0,"open_date":"2025-11-14 21:00:00+00:00","close_date":"2025-11-14 23:00:00+00:00","open_rate":0.15891,"close_rate":0.15933,"fee_open":0.001,"fee_close":0.001,"trade_duration":120,"profit_ratio":0.0006397227465756821,"profit_abs":0.21186432,"exit_reason":"roi","initial_stop_loss_abs":0.15097,"initial_stop_loss_ratio":-0.05,"stop_loss_abs":0.15097,"stop_loss_ratio":-0.05,"min_rate":0.15472,"max_rate":0.16111,"is_open":false,"enter_tag":"","leverage":1.0,"is_short":false,"open_timestamp":1763154000000,"close_timestamp":1763161200000,"orders":[{"amount":2082.0,"safe_price":0.15891,"ft_order_side":"buy","order_filled_timestamp":1763154000000,"ft_is_entry":true,"ft_order_tag":"","cost":331.18147061999997},{"amount":2082.0,"safe_price":0.15933,"ft_order_side":"sell","order_filled_timestamp":1763161200000,"ft_is_entry":false,"ft_order_tag":"roi","cost":332.0567850599999}],"funding_fees":0.0,"weekday":4},{"pair":"DOGE/USDT","stake_amount":330.90735,"max_stake_amount":330.90735,"amount":2099.0,"open_date":"2025-11-15 00:00:00+00:00","close_date":"2025-11-15 02:00:00+00:00","open_rate":0.15765,"close_rate":0.16137,"fee_open":0.001,"fee_close":0.001,"trade_duration":120,"profit_ratio":0.021551426689390533,"profit_abs":7.13865702,"exit_reason":"roi","initial_stop_loss_abs":0.14977,"initial_stop_loss_ratio":-0.05,"stop_loss_abs":0.14977,"stop_loss_ratio":-0.05,"min_rate":0.15721,"max_rate":0.16243,"is_open":false,"enter_tag":"","leverage":1.0,"is_short":false,"open_timestamp":1763164800000,"close_timestamp":1763172000000,"orders":[{"amount":2099.0,"safe_price":0.15765,"ft_order_side":"buy","order_filled_timestamp":1763164800000,"ft_is_entry":true,"ft_order_tag":"","cost":331.23825734999997},{"amount":2099.0,"safe_price":0.16137,"ft_order_side":"sell","order_filled_timestamp":1763172000000,"ft_is_entry":false,"ft_order_tag":"roi","cost":339.05434563}],"funding_fees":0.0,"weekday":5},{"pair":"DOGE/USDT","stake_amount":333.1909,"max_stake_amount":333.1909,"amount":2374.0,"open_date":"2025-11-21 08:00:00+00:00","close_date":"2025-11-21 12:00:00+00:00","open_rate":0.14035,"close_rate":0.13334,"fee_open":0.001,"fee_close":0.001,"trade_duration":240,"profit_ratio":-0.05184477083301452,"profit_abs":-17.29148006,"exit_reason":"stop_loss","initial_stop_loss_abs":0.13334,"initial_stop_loss_ratio":-0.05,"stop_loss_abs":0.13334,"stop_loss_ratio":-0.05,"min_rate":0.13321,"max_rate":0.14234,"is_open":false,"enter_tag":"","leverage":1.0,"is_short":false,"open_timestamp":1763712000000,"close_timestamp":1763726400000,"orders":[{"amount":2374.0,"safe_price":0.14035,"ft_order_side":"buy","order_filled_timestamp":1763712000000,"ft_is_entry":true,"ft_order_tag":"","cost":333.5240909},{"amount":2374.0,"safe_price":0.13334,"ft_order_side":"sell","order_filled_timestamp":1763726400000,"ft_is_entry":false,"ft_order_tag":"stop_loss","cost":316.86570915999994}],"funding_fees":0.0,"weekday":4},{"pair":"DOGE/USDT","stake_amount":327.54978,"max_stake_amount":327.54978,"amount":2358.0,"open_date":"2025-11-21 13:00:00+00:00","close_date":"2025-11-21 15:00:00+00:00","open_rate":0.13891,"close_rate":0.14133,"fee_open":0.001,"fee_close":0.001,"trade_duration":120,"profit_ratio":0.015388542060487922,"profit_abs":5.04555408,"exit_reason":"roi","initial_stop_loss_abs":0.13197,"initial_stop_loss_ratio":-0.05,"stop_loss_abs":0.13197,"stop_loss_ratio":-0.05,"min_rate":0.13746,"max_rate":0.14209,"is_open":false,"enter_tag":"","leverage":1.0,"is_short":false,"open_timestamp":1763730000000,"close_timestamp":1763737200000,"orders":[{"amount":2358.0,"safe_price":0.13891,"ft_order_side":"buy","order_filled_timestamp":1763730000000,"ft_is_entry":true,"ft_order_tag":"","cost":327.87732977999997},{"amount":2358.0,"safe_price":0.14133,"ft_order_side":"sell","order_filled_timestamp":1763737200000,"ft_is_entry":false,"ft_order_tag":"roi","cost":333.58939613999996}],"funding_fees":0.0,"weekday":4},{"pair":"DOGE/USDT","stake_amount":329.22028,"max_stake_amount":329.22028,"amount":2386.0,"open_date":"2025-11-21 16:00:00+00:00","close_date":"2025-11-21 18:00:00+00:00","open_rate":0.13798,"close_rate":0.14163,"fee_open":0.001,"fee_close":0.001,"trade_duration":120,"profit_ratio":0.024402253783323506,"profit_abs":8.04175054,"exit_reason":"roi","initial_stop_loss_abs":0.13109,"initial_stop_loss_ratio":-0.05,"stop_loss_abs":0.13109,"stop_loss_ratio":-0.05,"min_rate":0.13575,"max_rate":0.1435,"is_open":false,"enter_tag":"","leverage":1.0,"is_short":false,"open_timestamp":1763740800000,"close_timestamp":1763748000000,"orders":[{"amount":2386.0,"safe_price":0.13798,"ft_order_side":"buy","order_filled_timestamp":1763740800000,"ft_is_entry":true,"ft_order_tag":"","cost":329.54950027999996},{"amount":2386.0,"safe_price":0.14163,"ft_order_side":"sell","order_filled_timestamp":1763748000000,"ft_is_entry":false,"ft_order_tag":"roi","cost":338.26710918}],"funding_fees":0.0,"weekday":4},{"pair":"DOGE/USDT","stake_amount":331.82016,"max_stake_amount":331.82016,"amount":2352.0,"open_date":"2025-11-21 19:00:00+00:00","close_date":"2025-11-21 21:00:00+00:00","open_rate":0.14108,"close_rate":0.14136244244244245,"fee_open":0.001,"fee_close":0.001,"trade_duration":120,"profit_ratio":0.0,"profit_abs":0.0,"exit_reason":"roi","initial_stop_loss_abs":0.13403,"initial_stop_loss_ratio":-0.05,"stop_loss_abs":0.13403,"stop_loss_ratio":-0.05,"min_rate":0.13756,"max_rate":0.14171,"is_open":false,"enter_tag":"","leverage":1.0,"is_short":false,"open_timestamp":1763751600000,"close_timestamp":1763758800000,"orders":[{"amount":2352.0,"safe_price":0.14108,"ft_order_side":"buy","order_filled_timestamp":1763751600000,"ft_is_entry":true,"ft_order_tag":"","cost":332.15198016},{"amount":2352.0,"safe_price":0.14136244244244245,"ft_order_side":"sell","order_filled_timestamp":1763758800000,"ft_is_entry":false,"ft_order_tag":"roi","cost":332.81694908924925}],"funding_fees":0.0,"weekday":4},{"pair":"DOGE/USDT","stake_amount":331.84338,"max_stake_amount":331.84338,"amount":2354.0,"open_date":"2025-11-21 22:00:00+00:00","close_date":"2025-11-22 01:00:00+00:00","open_rate":0.14097,"close_rate":0.14125222222222222,"fee_open":0.001,"fee_close":0.001,"trade_duration":180,"profit_ratio":0.0,"profit_abs":0.0,"exit_reason":"roi","initial_stop_loss_abs":0.13393,"initial_stop_loss_ratio":-0.05,"stop_loss_abs":0.13393,"stop_loss_ratio":-0.05,"min_rate":0.13574,"max_rate":0.14156,"is_open":false,"enter_tag":"","leverage":1.0,"is_short":false,"open_timestamp":1763762400000,"close_timestamp":1763773200000,"orders":[{"amount":2354.0,"safe_price":0.14097,"ft_order_side":"buy","order_filled_timestamp":1763762400000,"ft_is_entry":true,"ft_order_tag":"","cost":332.17522338},{"amount":2354.0,"safe_price":0.14125222222222222,"ft_order_side":"sell","order_filled_timestamp":1763773200000,"ft_is_entry":false,"ft_order_tag":"roi","cost":332.8402388422222}],"funding_fees":0.0,"weekday":5},{"pair":"DOGE/USDT","stake_amount":331.91328,"max_stake_amount":331.91328,"amount":2348.0,"open_date":"2025-11-22 02:00:00+00:00","close_date":"2025-11-22 22:00:00+00:00","open_rate":0.14136,"close_rate":0.141643003003003,"fee_open":0.001,"fee_close":0.001,"trade_duration":1200,"profit_ratio":0.0,"profit_abs":0.0,"exit_reason":"roi","initial_stop_loss_abs":0.1343,"initial_stop_loss_ratio":-0.05,"stop_loss_abs":0.1343,"stop_loss_ratio":-0.05,"min_rate":0.13549,"max_rate":0.1424,"is_open":false,"enter_tag":"","leverage":1.0,"is_short":false,"open_timestamp":1763776800000,"close_timestamp":1763848800000,"orders":[{"amount":2348.0,"safe_price":0.14136,"ft_order_side":"buy","order_filled_timestamp":1763776800000,"ft_is_entry":true,"ft_order_tag":"","cost":332.24519328},{"amount":2348.0,"safe_price":0.141643003003003,"ft_order_side":"sell","order_filled_timestamp":1763848800000,"ft_is_entry":false,"ft_order_tag":"roi","cost":332.9103488221021}],"funding_fees":0.0,"weekday":5}],"locks":[],"best_pair":{"key":"DOGE/USDT","trades":40,"profit_mean":0.0005506797951555661,"profit_mean_pct":0.06,"profit_total_abs":5.880674889999998,"profit_total":0.005880674889999998,"profit_total_pct":0.59,"duration_avg":"3:20:00","wins":22,"draws":12,"losses":6,"winrate":0.55,"cagr":0.022308701043137757,"expectancy":0.14701687225000004,"expectancy_ratio":-0.291428130772195,"sortino":5.575005833471262,"sharpe":0.1393691143267143,"calmar":3.4099334825081375,"sqn":0.1105,"profit_factor":1.0571457948520333,"max_drawdown_account":0.03396690377999994,"max_drawdown_abs":33.966903779999996},"worst_pair":{"key":"DOGE/USDT","trades":40,"profit_mean":0.0005506797951555661,"profit_mean_pct":0.06,"profit_total_abs":5.880674889999998,"profit_total":0.005880674889999998,"profit_total_pct":0.59,"duration_avg":"3:20:00","wins":22,"draws":12,"losses":6,"winrate":0.55,"cagr":0.022308701043137757,"expectancy":0.14701687225000004,"expectancy_ratio":-0.291428130772195,"sortino":5.575005833471262,"sharpe":0.1393691143267143,"calmar":3.4099334825081375,"sqn":0.1105,"profit_factor":1.0571457948520333,"max_drawdown_account":0.03396690377999994,"max_drawdown_abs":33.966903779999996},"results_per_pair":[{"key":"DOGE/USDT","trades":40,"profit_mean":0.0005506797951555661,"profit_mean_pct":0.06,"profit_total_abs":5.880674889999998,"profit_total":0.005880674889999998,"profit_total_pct":0.59,"duration_avg":"3:20:00","wins":22,"draws":12,"losses":6,"winrate":0.55,"cagr":0.022308701043137757,"expectancy":0.14701687225000004,"expectancy_ratio":-0.291428130772195,"sortino":5.575005833471262,"sharpe":0.1393691143267143,"calmar":3.4099334825081375,"sqn":0.1105,"profit_factor":1.0571457948520333,"max_drawdown_account":0.03396690377999994,"max_drawdown_abs":33.966903779999996},{"key":"TOTAL","trades":40,"profit_mean":0.0005506797951555661,"profit_mean_pct":0.06,"profit_total_abs":5.880674889999998,"profit_total":0.005880674889999998,"profit_total_pct":0.59,"duration_avg":"3:20:00","wins":22,"draws":12,"losses":6,"winrate":0.55,"cagr":0.022308701043137757,"expectancy":0.14701687225000004,"expectancy_ratio":-0.291428130772195,"sortino":5.575005833471262,"sharpe":0.1393691143267143,"calmar":3.4099334825081375,"sqn":0.1105,"profit_factor":1.0571457948520333,"max_drawdown_account":0.03396690377999994,"max_drawdown_abs":33.966903779999996}],"results_per_enter_tag":[{"key":"","trades":40,"profit_mean":0.0005506797951555661,"profit_mean_pct":0.06,"profit_total_abs":5.880674889999998,"profit_total":0.005880674889999998,"profit_total_pct":0.59,"duration_avg":"3:20:00","wins":22,"draws":12,"losses":6,"winrate":0.55,"cagr":0.022308701043137757,"expectancy":0.14701687225000004,"expectancy_ratio":-0.291428130772195,"sortino":5.575005833471262,"sharpe":0.1393691143267143,"calmar":3.4099334825081375,"sqn":0.1105,"profit_factor":1.0571457948520333,"max_drawdown_account":0.03396690377999994,"max_drawdown_abs":33.966903779999996},{"key":"TOTAL","trades":40,"profit_mean":0.0005506797951555661,"profit_mean_pct":0.06,"profit_total_abs":5.880674889999998,"profit_total":0.005880674889999998,"profit_total_pct":0.59,"duration_avg":"3:20:00","wins":22,"draws":12,"losses":6,"winrate":0.55,"cagr":0.022308701043137757,"expectancy":0.14701687225000004,"expectancy_ratio":-0.291428130772195,"sortino":5.575005833471262,"sharpe":0.1393691143267143,"calmar":3.4099334825081375,"sqn":0.1105,"profit_factor":1.0571457948520333,"max_drawdown_account":0.03396690377999994,"max_drawdown_abs":33.966903779999996}],"exit_reason_summary":[{"key":"roi","trades":34,"profit_mean":0.00980096730523978,"profit_mean_pct":0.98,"profit_total_abs":108.78719505000001,"profit_total":0.10878719505000001,"profit_total_pct":10.88,"duration_avg":"3:05:00","wins":22,"draws":12,"losses":0,"winrate":0.6470588235294118,"cagr":0.47488682960973705,"expectancy":3.1996233838235293,"expectancy_ratio":100.0,"sortino":-100,"sharpe":4.899502619596928,"calmar":-100,"sqn":4.203,"profit_factor":0.0,"max_drawdown_account":0.0,"max_drawdown_abs":0.0},{"key":"stop_loss","trades":6,"profit_mean":-0.051867616095321645,"profit_mean_pct":-5.19,"profit_total_abs":-102.90652016,"profit_total":-0.10290652016,"profit_total_pct":-10.29,"duration_avg":"4:40:00","wins":0,"draws":0,"losses":6,"winrate":0.0,"cagr":-0.33544089260738497,"expectancy":-17.151086693333333,"expectancy_ratio":-1.0,"sortino":-97.55758665894017,"sharpe":-97.55758665894017,"calmar":-19.695848633549275,"sqn":-184.5951,"profit_factor":0.0,"max_drawdown_account":0.10290652016000001,"max_drawdown_abs":102.90652016},{"key":"TOTAL","trades":40,"profit_mean":0.0005506797951555661,"profit_mean_pct":0.06,"profit_total_abs":5.880674889999998,"profit_total":0.005880674889999998,"profit_total_pct":0.59,"duration_avg":"3:20:00","wins":22,"draws":12,"losses":6,"winrate":0.55,"cagr":0.022308701043137757,"expectancy":0.14701687225000004,"expectancy_ratio":-0.291428130772195,"sortino":5.575005833471262,"sharpe":0.1393691143267143,"calmar":3.4099334825081375,"sqn":0.1105,"profit_factor":1.0571457948520333,"max_drawdown_account":0.03396690377999994,"max_drawdown_abs":33.966903779999996}],"mix_tag_stats":[{"key":["","roi"],"trades":34,"profit_mean":0.00980096730523978,"profit_mean_pct":0.98,"profit_total_abs":108.78719505000001,"profit_total":0.10878719505000001,"profit_total_pct":10.88,"duration_avg":"3:05:00","wins":22,"draws":12,"losses":0,"winrate":0.6470588235294118,"cagr":0.47488682960973705,"expectancy":3.1996233838235293,"expectancy_ratio":100.0,"sortino":-100,"sharpe":4.899502619596928,"calmar":-100,"sqn":4.203,"profit_factor":0.0,"max_drawdown_account":0.0,"max_drawdown_abs":0.0},{"key":["","stop_loss"],"trades":6,"profit_mean":-0.051867616095321645,"profit_mean_pct":-5.19,"profit_total_abs":-102.90652016,"profit_total":-0.10290652016,"profit_total_pct":-10.29,"duration_avg":"4:40:00","wins":0,"draws":0,"losses":6,"winrate":0.0,"cagr":-0.33544089260738497,"expectancy":-17.151086693333333,"expectancy_ratio":-1.0,"sortino":-97.55758665894017,"sharpe":-97.55758665894017,"calmar":-19.695848633549275,"sqn":-184.5951,"profit_factor":0.0,"max_drawdown_account":0.10290652016000001,"max_drawdown_abs":102.90652016},{"key":"TOTAL","trades":40,"profit_mean":0.0005506797951555661,"profit_mean_pct":0.06,"profit_total_abs":5.880674889999998,"profit_total":0.005880674889999998,"profit_total_pct":0.59,"duration_avg":"3:20:00","wins":22,"draws":12,"losses":6,"winrate":0.55,"cagr":0.022308701043137757,"expectancy":0.14701687225000004,"expectancy_ratio":-0.291428130772195,"sortino":5.575005833471262,"sharpe":0.1393691143267143,"calmar":3.4099334825081375,"sqn":0.1105,"profit_factor":1.0571457948520333,"max_drawdown_account":0.03396690377999994,"max_drawdown_abs":33.966903779999996}],"left_open_trades":[{"key":"TOTAL","trades":0,"profit_mean":0.0,"profit_mean_pct":0.0,"profit_total_abs":0.0,"profit_total":0.0,"profit_total_pct":0.0,"duration_avg":"0:00","wins":0,"draws":0,"losses":0,"winrate":0.0,"cagr":0.0,"expectancy":0.0,"expectancy_ratio":100.0,"sortino":0,"sharpe":0,"calmar":0,"sqn":0.0,"profit_factor":0.0,"max_drawdown_account":0.0,"max_drawdown_abs":0.0}],"total_trades":40,"trade_count_long":40,"trade_count_short":0,"total_volume":26337.111055400288,"avg_stake_amount":328.48260975,"profit_mean":0.0005506797951555661,"profit_median":0.0006874871745451924,"profit_total":0.005880674889999998,"profit_total_long":0.005880674889999998,"profit_total_short":0.0,"profit_total_abs":5.880674889999998,"profit_total_long_abs":5.880674889999998,"profit_total_short_abs":0.0,"cagr":0.022308701043137757,"expectancy":0.14701687225000004,"expectancy_ratio":-0.291428130772195,"sortino":5.575005833471262,"sharpe":0.1393691143267143,"calmar":3.4099334825081375,"sqn":0.1105,"profit_factor":1.0571457948520333,"backtest_start":"2025-10-01 00:00:00","backtest_start_ts":1759276800000,"backtest_end":"2026-01-06 20:00:00","backtest_end_ts":1767729600000,"backtest_days":97,"backtest_run_start_ts":1767752837,"backtest_run_end_ts":1767752838,"trades_per_day":0.41,"market_change":-0.36632086436227446,"pairlist":["DOGE/USDT"],"stake_amount":"unlimited","stake_currency":"USDT","stake_currency_decimals":3,"starting_balance":1000,"dry_run_wallet":1000,"final_balance":1005.88067489,"rejected_signals":0,"timedout_entry_orders":0,"timedout_exit_orders":0,"canceled_trade_entries":0,"canceled_entry_orders":0,"replaced_entry_orders":0,"max_open_trades":1,"max_open_trades_setting":3,"timeframe":"1h","timeframe_detail":"","timerange":"20251001-","enable_protections":false,"strategy_name":"ACO_77_7","freqaimodel":null,"freqai_identifier":null,"stoploss":-0.05,"trailing_stop":false,"trailing_stop_positive":null,"trailing_stop_positive_offset":0.0,"trailing_only_offset_is_reached":false,"use_custom_stoploss":false,"minimal_roi":{"0":0.1,"60":0.05,"120":0.0},"use_exit_signal":true,"exit_profit_only":false,"exit_profit_offset":0.0,"ignore_roi_if_entry_signal":false,"trading_mode":"spot","margin_mode":"","periodic_breakdown":{"day":[{"date":"10/10/2025","date_ts":1760054400000,"profit_abs":-33.96690378,"wins":0,"draws":0,"losses":2,"trades":2,"profit_factor":0.0},{"date":"11/10/2025","date_ts":1760140800000,"profit_abs":5.23810944,"wins":3,"draws":2,"losses":1,"trades":6,"profit_factor":1.30936434},{"date":"12/10/2025","date_ts":1760227200000,"profit_abs":22.1543631,"wins":3,"draws":2,"losses":0,"trades":5,"profit_factor":0.0},{"date":"13/10/2025","date_ts":1760313600000,"profit_abs":10.49719424,"wins":2,"draws":1,"losses":0,"trades":3,"profit_factor":0.0},{"date":"14/10/2025","date_ts":1760400000000,"profit_abs":11.64299862,"wins":4,"draws":1,"losses":0,"trades":5,"profit_factor":0.0},{"date":"15/10/2025","date_ts":1760486400000,"profit_abs":0.0,"wins":0,"draws":0,"losses":0,"trades":0,"profit_factor":0.0},{"date":"16/10/2025","date_ts":1760572800000,"profit_abs":0.0,"wins":0,"draws":0,"losses":0,"trades":0,"profit_factor":0.0},{"date":"17/10/2025","date_ts":1760659200000,"profit_abs":-6.79009801,"wins":2,"draws":0,"losses":1,"trades":3,"profit_factor":0.60982236},{"date":"18/10/2025","date_ts":1760745600000,"profit_abs":0.0,"wins":0,"draws":0,"losses":0,"trades":0,"profit_factor":0.0},{"date":"19/10/2025","date_ts":1760832000000,"profit_abs":0.0,"wins":0,"draws":0,"losses":0,"trades":0,"profit_factor":0.0},{"date":"20/10/2025","date_ts":1760918400000,"profit_abs":0.0,"wins":0,"draws":0,"losses":0,"trades":0,"profit_factor":0.0},{"date":"21/10/2025","date_ts":1761004800000,"profit_abs":0.0,"wins":0,"draws":0,"losses":0,"trades":0,"profit_factor":0.0},{"date":"22/10/2025","date_ts":1761091200000,"profit_abs":0.0,"wins":0,"draws":0,"losses":0,"trades":0,"profit_factor":0.0},{"date":"23/10/2025","date_ts":1761177600000,"profit_abs":0.0,"wins":0,"draws":0,"losses":0,"trades":0,"profit_factor":0.0},{"date":"24/10/2025","date_ts":1761264000000,"profit_abs":0.0,"wins":0,"draws":0,"losses":0,"trades":0,"profit_factor":0.0},{"date":"25/10/2025","date_ts":1761350400000,"profit_abs":0.0,"wins":0,"draws":0,"losses":0,"trades":0,"profit_factor":0.0},{"date":"26/10/2025","date_ts":1761436800000,"profit_abs":0.0,"wins":0,"draws":0,"losses":0,"trades":0,"profit_factor":0.0},{"date":"27/10/2025","date_ts":1761523200000,"profit_abs":0.0,"wins":0,"draws":0,"losses":0,"trades":0,"profit_factor":0.0},{"date":"28/10/2025","date_ts":1761609600000,"profit_abs":0.0,"wins":0,"draws":0,"losses":0,"trades":0,"profit_factor":0.0},{"date":"29/10/2025","date_ts":1761696000000,"profit_abs":0.0,"wins":0,"draws":0,"losses":0,"trades":0,"profit_factor":0.0},{"date":"30/10/2025","date_ts":1761782400000,"profit_abs":0.0,"wins":0,"draws":0,"losses":0,"trades":0,"profit_factor":0.0},{"date":"31/10/2025","date_ts":1761868800000,"profit_abs":0.0,"wins":0,"draws":0,"losses":0,"trades":0,"profit_factor":0.0},{"date":"01/11/2025","date_ts":1761955200000,"profit_abs":0.0,"wins":0,"draws":0,"losses":0,"trades":0,"profit_factor":0.0},{"date":"02/11/2025","date_ts":1762041600000,"profit_abs":0.0,"wins":0,"draws":0,"losses":0,"trades":0,"profit_factor":0.0},{"date":"03/11/2025","date_ts":1762128000000,"profit_abs":0.0,"wins":0,"draws":0,"losses":0,"trades":0,"profit_factor":0.0},{"date":"04/11/2025","date_ts":1762214400000,"profit_abs":-6.28476671,"wins":3,"draws":1,"losses":1,"trades":5,"profit_factor":0.63700633},{"date":"05/11/2025","date_ts":1762300800000,"profit_abs":0.24343209,"wins":1,"draws":2,"losses":0,"trades":3,"profit_factor":0.0},{"date":"06/11/2025","date_ts":1762387200000,"profit_abs":0.0,"wins":0,"draws":0,"losses":0,"trades":0,"profit_factor":0.0},{"date":"07/11/2025","date_ts":1762473600000,"profit_abs":0.0,"wins":0,"draws":0,"losses":0,"trades":0,"profit_factor":0.0},{"date":"08/11/2025","date_ts":1762560000000,"profit_abs":0.0,"wins":0,"draws":0,"losses":0,"trades":0,"profit_factor":0.0},{"date":"09/11/2025","date_ts":1762646400000,"profit_abs":0.0,"wins":0,"draws":0,"losses":0,"trades":0,"profit_factor":0.0},{"date":"10/11/2025","date_ts":1762732800000,"profit_abs":0.0,"wins":0,"draws":0,"losses":0,"trades":0,"profit_factor":0.0},{"date":"11/11/2025","date_ts":1762819200000,"profit_abs":0.0,"wins":0,"draws":0,"losses":0,"trades":0,"profit_factor":0.0},{"date":"12/11/2025","date_ts":1762905600000,"profit_abs":0.0,"wins":0,"draws":0,"losses":0,"trades":0,"profit_factor":0.0},{"date":"13/11/2025","date_ts":1762992000000,"profit_abs":0.0,"wins":0,"draws":0,"losses":0,"trades":0,"profit_factor":0.0},{"date":"14/11/2025","date_ts":1763078400000,"profit_abs":0.21186432,"wins":1,"draws":0,"losses":0,"trades":1,"profit_factor":0.0},{"date":"15/11/2025","date_ts":1763164800000,"profit_abs":7.13865702,"wins":1,"draws":0,"losses":0,"trades":1,"profit_factor":0.0},{"date":"16/11/2025","date_ts":1763251200000,"profit_abs":0.0,"wins":0,"draws":0,"losses":0,"trades":0,"profit_factor":0.0},{"date":"17/11/2025","date_ts":1763337600000,"profit_abs":0.0,"wins":0,"draws":0,"losses":0,"trades":0,"profit_factor":0.0},{"date":"18/11/2025","date_ts":1763424000000,"profit_abs":0.0,"wins":0,"draws":0,"losses":0,"trades":0,"profit_factor":0.0},{"date":"19/11/2025","date_ts":1763510400000,"profit_abs":0.0,"wins":0,"draws":0,"losses":0,"trades":0,"profit_factor":0.0},{"date":"20/11/2025","date_ts":1763596800000,"profit_abs":0.0,"wins":0,"draws":0,"losses":0,"trades":0,"profit_factor":0.0},{"date":"21/11/2025","date_ts":1763683200000,"profit_abs":-4.20417544,"wins":2,"draws":1,"losses":1,"trades":4,"profit_factor":0.75686434},{"date":"22/11/2025","date_ts":1763769600000,"profit_abs":0.0,"wins":0,"draws":2,"losses":0,"trades":2,"profit_factor":0.0}],"week":[{"date":"13/10/2025","date_ts":1760313600000,"profit_abs":3.922763,"wins":8,"draws":5,"losses":3,"trades":16,"profit_factor":1.07706993},{"date":"20/10/2025","date_ts":1760918400000,"profit_abs":4.85290061,"wins":6,"draws":1,"losses":1,"trades":8,"profit_factor":1.27886097},{"date":"27/10/2025","date_ts":1761523200000,"profit_abs":0.0,"wins":0,"draws":0,"losses":0,"trades":0,"profit_factor":0.0},{"date":"03/11/2025","date_ts":1762128000000,"profit_abs":0.0,"wins":0,"draws":0,"losses":0,"trades":0,"profit_factor":0.0},{"date":"10/11/2025","date_ts":1762732800000,"profit_abs":-6.04133462,"wins":4,"draws":3,"losses":1,"trades":8,"profit_factor":0.65106641},{"date":"17/11/2025","date_ts":1763337600000,"profit_abs":7.35052134,"wins":2,"draws":0,"losses":0,"trades":2,"profit_factor":0.0},{"date":"24/11/2025","date_ts":1763942400000,"profit_abs":-4.20417544,"wins":2,"draws":3,"losses":1,"trades":6,"profit_factor":0.75686434}],"month":[{"date":"31/10/2025","date_ts":1761868800000,"profit_abs":8.77566361,"wins":14,"draws":6,"losses":4,"trades":24,"profit_factor":1.12848452},{"date":"30/11/2025","date_ts":1764460800000,"profit_abs":-2.89498872,"wins":8,"draws":6,"losses":2,"trades":16,"profit_factor":0.91634235}],"year":[{"date":"31/12/2025","date_ts":1767139200000,"profit_abs":5.88067489,"wins":22,"draws":12,"losses":6,"trades":40,"profit_factor":1.05714579}],"weekday":[{"date":"Monday","date_ts":0,"profit_abs":10.49719424,"wins":2,"draws":1,"losses":0,"trades":3,"profit_factor":0.0},{"date":"Tuesday","date_ts":1,"profit_abs":5.35823191,"wins":7,"draws":2,"losses":1,"trades":10,"profit_factor":1.30947915},{"date":"Wednesday","date_ts":2,"profit_abs":0.24343209,"wins":1,"draws":2,"losses":0,"trades":3,"profit_factor":0.0},{"date":"Friday","date_ts":4,"profit_abs":-44.74931291,"wins":5,"draws":1,"losses":4,"trades":10,"profit_factor":0.34825686},{"date":"Saturday","date_ts":5,"profit_abs":12.37676646,"wins":4,"draws":4,"losses":1,"trades":9,"profit_factor":1.73097559},{"date":"Sunday","date_ts":6,"profit_abs":22.1543631,"wins":3,"draws":2,"losses":0,"trades":5,"profit_factor":0.0}]},"backtest_best_day":0.0687587159107196,"backtest_worst_day":-0.10374688169813068,"backtest_best_day_abs":22.1543631,"backtest_worst_day_abs":-33.96690378,"winning_days":7,"draw_days":33,"losing_days":4,"daily_profit":[["2025-10-10",-33.96690378],["2025-10-11",5.23810944],["2025-10-12",22.1543631],["2025-10-13",10.49719424],["2025-10-14",11.64299862],["2025-10-15",0.0],["2025-10-16",0.0],["2025-10-17",-6.79009801],["2025-10-18",0.0],["2025-10-19",0.0],["2025-10-20",0.0],["2025-10-21",0.0],["2025-10-22",0.0],["2025-10-23",0.0],["2025-10-24",0.0],["2025-10-25",0.0],["2025-10-26",0.0],["2025-10-27",0.0],["2025-10-28",0.0],["2025-10-29",0.0],["2025-10-30",0.0],["2025-10-31",0.0],["2025-11-01",0.0],["2025-11-02",0.0],["2025-11-03",0.0],["2025-11-04",-6.28476671],["2025-11-05",0.24343209],["2025-11-06",0.0],["2025-11-07",0.0],["2025-11-08",0.0],["2025-11-09",0.0],["2025-11-10",0.0],["2025-11-11",0.0],["2025-11-12",0.0],["2025-11-13",0.0],["2025-11-14",0.21186432],["2025-11-15",7.13865702],["2025-11-16",0.0],["2025-11-17",0.0],["2025-11-18",0.0],["2025-11-19",0.0],["2025-11-20",0.0],["2025-11-21",-4.20417544],["2025-11-22",0.0]],"wins":22,"losses":6,"draws":12,"winrate":0.55,"holding_avg":"3:20:00","holding_avg_s":12000.0,"winner_holding_min":"0d 01:00","winner_holding_min_s":3600.0,"winner_holding_max":"0d 02:00","winner_holding_max_s":7200.0,"winner_holding_avg":"0d 01:55","winner_holding_avg_s":6900.0,"loser_holding_min":"0d 00:00","loser_holding_min_s":0.0,"loser_holding_max":"0d 13:00","loser_holding_max_s":46800.0,"loser_holding_avg":"0d 04:40","loser_holding_avg_s":16800.0,"max_consecutive_wins":4,"max_consecutive_losses":3,"max_drawdown_account":0.03396690377999994,"max_relative_drawdown":0.03396690377999994,"max_drawdown_abs":33.966903779999996,"drawdown_start":"2025-10-10 21:00:00","drawdown_start_ts":1760130000000.0,"drawdown_end":"2025-10-10 22:00:00","drawdown_end_ts":1760133600000.0,"drawdown_duration":"0 days 01:00:00","drawdown_duration_s":3600.0,"max_drawdown_low":-33.966903779999996,"max_drawdown_high":0.0,"csum_min":966.0330962200001,"csum_max":1015.56576162}},"strategy_comparison":[{"key":"ACO_77_7","trades":40,"profit_mean":0.0005506797951555661,"profit_mean_pct":0.06,"profit_total_abs":5.880674889999998,"profit_total":0.005880674889999998,"profit_total_pct":0.59,"duration_avg":"3:20:00","wins":22,"draws":12,"losses":6,"winrate":0.55,"cagr":0.022308701043137757,"expectancy":0.14701687225000004,"expectancy_ratio":-0.291428130772195,"sortino":5.575005833471262,"sharpe":0.1393691143267143,"calmar":3.4099334825081375,"sqn":0.1105,"profit_factor":1.0571457948520333,"max_drawdown_account":0.03396690377999994,"max_drawdown_abs":"33.967"}]}