{"strategy":{"ACO_8_3":{"trades":[{"pair":"DOGE/USDT","stake_amount":329.93064,"max_stake_amount":329.93064,"amount":1313.0,"open_date":"2025-10-10 04:00:00+00:00","close_date":"2025-10-10 06:00:00+00:00","open_rate":0.25128,"close_rate":0.25199,"fee_open":0.001,"fee_close":0.001,"trade_duration":120,"profit_ratio":0.0008218858505391456,"profit_abs":0.27143649,"exit_reason":"roi","initial_stop_loss_abs":0.23872,"initial_stop_loss_ratio":-0.05,"stop_loss_abs":0.23872,"stop_loss_ratio":-0.05,"min_rate":0.24856,"max_rate":0.25296,"is_open":false,"enter_tag":"","leverage":1.0,"is_short":false,"open_timestamp":1760068800000,"close_timestamp":1760076000000,"orders":[{"amount":1313.0,"safe_price":0.25128,"ft_order_side":"buy","order_filled_timestamp":1760068800000,"ft_is_entry":true,"ft_order_tag":"","cost":330.26057063999997},{"amount":1313.0,"safe_price":0.25199,"ft_order_side":"sell","order_filled_timestamp":1760076000000,"ft_is_entry":false,"ft_order_tag":"roi","cost":331.19373286999996}],"funding_fees":0.0,"weekday":4},{"pair":"DOGE/USDT","stake_amount":329.98174,"max_stake_amount":329.98174,"amount":1774.0,"open_date":"2025-10-18 01:00:00+00:00","close_date":"2025-10-18 03:00:00+00:00","open_rate":0.18601,"close_rate":0.18638239239239238,"fee_open":0.001,"fee_close":0.001,"trade_duration":120,"profit_ratio":0.0,"profit_abs":0.0,"exit_reason":"roi","initial_stop_loss_abs":0.17671,"initial_stop_loss_ratio":-0.05,"stop_loss_abs":0.17671,"stop_loss_ratio":-0.05,"min_rate":0.18568,"max_rate":0.18854,"is_open":false,"enter_tag":"","leverage":1.0,"is_short":false,"open_timestamp":1760749200000,"close_timestamp":1760756400000,"orders":[{"amount":1774.0,"safe_price":0.18601,"ft_order_side":"buy","order_filled_timestamp":1760749200000,"ft_is_entry":true,"ft_order_tag":"","cost":330.31172173999994},{"amount":1774.0,"safe_price":0.18638239239239238,"ft_order_side":"sell","order_filled_timestamp":1760756400000,"ft_is_entry":false,"ft_order_tag":"roi","cost":330.97300646820815}],"funding_fees":0.0,"weekday":5},{"pair":"DOGE/USDT","stake_amount":330.01376,"max_stake_amount":330.01376,"amount":1699.0,"open_date":"2025-10-23 09:00:00+00:00","close_date":"2025-10-23 11:00:00+00:00","open_rate":0.19424,"close_rate":0.1948,"fee_open":0.001,"fee_close":0.001,"trade_duration":120,"profit_ratio":0.0008792690011800392,"profit_abs":0.29046104,"exit_reason":"roi","initial_stop_loss_abs":0.18453,"initial_stop_loss_ratio":-0.05,"stop_loss_abs":0.18453,"stop_loss_ratio":-0.05,"min_rate":0.19316,"max_rate":0.19598,"is_open":false,"enter_tag":"","leverage":1.0,"is_short":false,"open_timestamp":1761210000000,"close_timestamp":1761217200000,"orders":[{"amount":1699.0,"safe_price":0.19424,"ft_order_side":"buy","order_filled_timestamp":1761210000000,"ft_is_entry":true,"ft_order_tag":"","cost":330.34377376},{"amount":1699.0,"safe_price":0.1948,"ft_order_side":"sell","order_filled_timestamp":1761217200000,"ft_is_entry":false,"ft_order_tag":"roi","cost":331.29616519999996}],"funding_fees":0.0,"weekday":3},{"pair":"DOGE/USDT","stake_amount":330.04692,"max_stake_amount":330.04692,"amount":2086.0,"open_date":"2025-11-20 08:00:00+00:00","close_date":"2025-11-20 12:00:00+00:00","open_rate":0.15822,"close_rate":0.15853675675675674,"fee_open":0.001,"fee_close":0.001,"trade_duration":240,"profit_ratio":0.0,"profit_abs":0.0,"exit_reason":"roi","initial_stop_loss_abs":0.15031,"initial_stop_loss_ratio":-0.05,"stop_loss_abs":0.15031,"stop_loss_ratio":-0.05,"min_rate":0.15644,"max_rate":0.15925,"is_open":false,"enter_tag":"","leverage":1.0,"is_short":false,"open_timestamp":1763625600000,"close_timestamp":1763640000000,"orders":[{"amount":2086.0,"safe_price":0.15822,"ft_order_side":"buy","order_filled_timestamp":1763625600000,"ft_is_entry":true,"ft_order_tag":"","cost":330.37696692},{"amount":2086.0,"safe_price":0.15853675675675674,"ft_order_side":"sell","order_filled_timestamp":1763640000000,"ft_is_entry":false,"ft_order_tag":"roi","cost":331.0383822691891}],"funding_fees":0.0,"weekday":3},{"pair":"DOGE/USDT","stake_amount":330.03966,"max_stake_amount":330.03966,"amount":2206.0,"open_date":"2025-11-30 10:00:00+00:00","close_date":"2025-11-30 12:00:00+00:00","open_rate":0.14961,"close_rate":0.1499095195195195,"fee_open":0.001,"fee_close":0.001,"trade_duration":120,"profit_ratio":0.0,"profit_abs":0.0,"exit_reason":"roi","initial_stop_loss_abs":0.14213,"initial_stop_loss_ratio":-0.05,"stop_loss_abs":0.14213,"stop_loss_ratio":-0.05,"min_rate":0.14854,"max_rate":0.15015,"is_open":false,"enter_tag":"","leverage":1.0,"is_short":false,"open_timestamp":1764496800000,"close_timestamp":1764504000000,"orders":[{"amount":2206.0,"safe_price":0.14961,"ft_order_side":"buy","order_filled_timestamp":1764496800000,"ft_is_entry":true,"ft_order_tag":"","cost":330.3696996599999},{"amount":2206.0,"safe_price":0.1499095195195195,"ft_order_side":"sell","order_filled_timestamp":1764504000000,"ft_is_entry":false,"ft_order_tag":"roi","cost":331.03110046012006}],"funding_fees":0.0,"weekday":6},{"pair":"DOGE/USDT","stake_amount":330.06588,"max_stake_amount":330.06588,"amount":2362.0,"open_date":"2025-12-06 17:00:00+00:00","close_date":"2025-12-06 19:00:00+00:00","open_rate":0.13974,"close_rate":0.14001975975975972,"fee_open":0.001,"fee_close":0.001,"trade_duration":120,"profit_ratio":0.0,"profit_abs":0.0,"exit_reason":"roi","initial_stop_loss_abs":0.13276,"initial_stop_loss_ratio":-0.05,"stop_loss_abs":0.13276,"stop_loss_ratio":-0.05,"min_rate":0.13907,"max_rate":0.14058,"is_open":false,"enter_tag":"","leverage":1.0,"is_short":false,"open_timestamp":1765040400000,"close_timestamp":1765047600000,"orders":[{"amount":2362.0,"safe_price":0.13974,"ft_order_side":"buy","order_filled_timestamp":1765040400000,"ft_is_entry":true,"ft_order_tag":"","cost":330.39594587999994},{"amount":2362.0,"safe_price":0.14001975975975972,"ft_order_side":"sell","order_filled_timestamp":1765047600000,"ft_is_entry":false,"ft_order_tag":"roi","cost":331.05739922510503}],"funding_fees":0.0,"weekday":5},{"pair":"DOGE/USDT","stake_amount":330.09642,"max_stake_amount":330.09642,"amount":2358.0,"open_date":"2025-12-08 02:00:00+00:00","close_date":"2025-12-08 04:00:00+00:00","open_rate":0.13999,"close_rate":0.14031,"fee_open":0.001,"fee_close":0.001,"trade_duration":120,"profit_ratio":0.00028330837674362216,"profit_abs":0.0936126,"exit_reason":"roi","initial_stop_loss_abs":0.133,"initial_stop_loss_ratio":-0.05,"stop_loss_abs":0.133,"stop_loss_ratio":-0.05,"min_rate":0.1396,"max_rate":0.14144,"is_open":false,"enter_tag":"","leverage":1.0,"is_short":false,"open_timestamp":1765159200000,"close_timestamp":1765166400000,"orders":[{"amount":2358.0,"safe_price":0.13999,"ft_order_side":"buy","order_filled_timestamp":1765159200000,"ft_is_entry":true,"ft_order_tag":"","cost":330.42651642},{"amount":2358.0,"safe_price":0.14031,"ft_order_side":"sell","order_filled_timestamp":1765166400000,"ft_is_entry":false,"ft_order_tag":"roi","cost":331.18183098}],"funding_fees":0.0,"weekday":0},{"pair":"DOGE/USDT","stake_amount":330.15024,"max_stake_amount":330.15024,"amount":2352.0,"open_date":"2025-12-12 02:00:00+00:00","close_date":"2025-12-12 04:00:00+00:00","open_rate":0.14037,"close_rate":0.14065102102102098,"fee_open":0.001,"fee_close":0.001,"trade_duration":120,"profit_ratio":0.0,"profit_abs":0.0,"exit_reason":"roi","initial_stop_loss_abs":0.13336,"initial_stop_loss_ratio":-0.05,"stop_loss_abs":0.13336,"stop_loss_ratio":-0.05,"min_rate":0.1401,"max_rate":0.14133,"is_open":false,"enter_tag":"","leverage":1.0,"is_short":false,"open_timestamp":1765504800000,"close_timestamp":1765512000000,"orders":[{"amount":2352.0,"safe_price":0.14037,"ft_order_side":"buy","order_filled_timestamp":1765504800000,"ft_is_entry":true,"ft_order_tag":"","cost":330.48039023999996},{"amount":2352.0,"safe_price":0.14065102102102098,"ft_order_side":"sell","order_filled_timestamp":1765512000000,"ft_is_entry":false,"ft_order_tag":"roi","cost":331.1420126428827}],"funding_fees":0.0,"weekday":4},{"pair":"DOGE/USDT","stake_amount":330.19392,"max_stake_amount":330.19392,"amount":2368.0,"open_date":"2025-12-13 13:00:00+00:00","close_date":"2025-12-13 15:00:00+00:00","open_rate":0.13944,"close_rate":0.13971915915915917,"fee_open":0.001,"fee_close":0.001,"trade_duration":120,"profit_ratio":0.0,"profit_abs":0.0,"exit_reason":"roi","initial_stop_loss_abs":0.13247,"initial_stop_loss_ratio":-0.05,"stop_loss_abs":0.13247,"stop_loss_ratio":-0.05,"min_rate":0.13854,"max_rate":0.13999,"is_open":false,"enter_tag":"","leverage":1.0,"is_short":false,"open_timestamp":1765630800000,"close_timestamp":1765638000000,"orders":[{"amount":2368.0,"safe_price":0.13944,"ft_order_side":"buy","order_filled_timestamp":1765630800000,"ft_is_entry":true,"ft_order_tag":"","cost":330.52411392},{"amount":2368.0,"safe_price":0.13971915915915917,"ft_order_side":"sell","order_filled_timestamp":1765638000000,"ft_is_entry":false,"ft_order_tag":"roi","cost":331.18582385777773}],"funding_fees":0.0,"weekday":5},{"pair":"DOGE/USDT","stake_amount":330.16088,"max_stake_amount":330.16088,"amount":2408.0,"open_date":"2025-12-15 10:00:00+00:00","close_date":"2025-12-15 14:00:00+00:00","open_rate":0.13711,"close_rate":0.1373844944944945,"fee_open":0.001,"fee_close":0.001,"trade_duration":240,"profit_ratio":0.0,"profit_abs":0.0,"exit_reason":"roi","initial_stop_loss_abs":0.13026,"initial_stop_loss_ratio":-0.05,"stop_loss_abs":0.13026,"stop_loss_ratio":-0.05,"min_rate":0.13272,"max_rate":0.13774,"is_open":false,"enter_tag":"","leverage":1.0,"is_short":false,"open_timestamp":1765792800000,"close_timestamp":1765807200000,"orders":[{"amount":2408.0,"safe_price":0.13711,"ft_order_side":"buy","order_filled_timestamp":1765792800000,"ft_is_entry":true,"ft_order_tag":"","cost":330.49104087999996},{"amount":2408.0,"safe_price":0.1373844944944945,"ft_order_side":"sell","order_filled_timestamp":1765807200000,"ft_is_entry":false,"ft_order_tag":"roi","cost":331.15268460548543}],"funding_fees":0.0,"weekday":0},{"pair":"DOGE/USDT","stake_amount":330.137,"max_stake_amount":330.137,"amount":2650.0,"open_date":"2025-12-30 12:00:00+00:00","close_date":"2025-12-30 14:00:00+00:00","open_rate":0.12458,"close_rate":0.1248294094094094,"fee_open":0.001,"fee_close":0.001,"trade_duration":120,"profit_ratio":0.0,"profit_abs":0.0,"exit_reason":"roi","initial_stop_loss_abs":0.11836,"initial_stop_loss_ratio":-0.05,"stop_loss_abs":0.11836,"stop_loss_ratio":-0.05,"min_rate":0.12317,"max_rate":0.12537,"is_open":false,"enter_tag":"","leverage":1.0,"is_short":false,"open_timestamp":1767096000000,"close_timestamp":1767103200000,"orders":[{"amount":2650.0,"safe_price":0.12458,"ft_order_side":"buy","order_filled_timestamp":1767096000000,"ft_is_entry":true,"ft_order_tag":"","cost":330.467137},{"amount":2650.0,"safe_price":0.1248294094094094,"ft_order_side":"sell","order_filled_timestamp":1767103200000,"ft_is_entry":false,"ft_order_tag":"roi","cost":331.1287328698698}],"funding_fees":0.0,"weekday":1},{"pair":"DOGE/USDT","stake_amount":330.20106,"max_stake_amount":330.20106,"amount":2733.0,"open_date":"2026-01-01 14:00:00+00:00","close_date":"2026-01-01 15:00:00+00:00","open_rate":0.12082,"close_rate":0.1271089289289289,"fee_open":0.001,"fee_close":0.001,"trade_duration":60,"profit_ratio":0.049950049950049945,"profit_abs":16.510053,"exit_reason":"roi","initial_stop_loss_abs":0.11478,"initial_stop_loss_ratio":-0.05,"stop_loss_abs":0.11478,"stop_loss_ratio":-0.05,"min_rate":0.12029,"max_rate":0.1275,"is_open":false,"enter_tag":"","leverage":1.0,"is_short":false,"open_timestamp":1767276000000,"close_timestamp":1767279600000,"orders":[{"amount":2733.0,"safe_price":0.12082,"ft_order_side":"buy","order_filled_timestamp":1767276000000,"ft_is_entry":true,"ft_order_tag":"","cost":330.53126105999996},{"amount":2733.0,"safe_price":0.1271089289289289,"ft_order_side":"sell","order_filled_timestamp":1767279600000,"ft_is_entry":false,"ft_order_tag":"roi","cost":347.73609146552536}],"funding_fees":0.0,"weekday":3}],"locks":[],"best_pair":{"key":"DOGE/USDT","trades":12,"profit_mean":0.004327876098209396,"profit_mean_pct":0.43,"profit_total_abs":17.16556313,"profit_total":0.01716556313,"profit_total_pct":1.72,"duration_avg":"2:15:00","wins":4,"draws":8,"losses":0,"winrate":0.3333333333333333,"cagr":0.06613925607767324,"expectancy":1.4304635941666666,"expectancy_ratio":100.0,"sortino":-100,"sharpe":0.7434089489960348,"calmar":-100,"sqn":1.0432,"profit_factor":0.0,"max_drawdown_account":0.0,"max_drawdown_abs":0.0},"worst_pair":{"key":"DOGE/USDT","trades":12,"profit_mean":0.004327876098209396,"profit_mean_pct":0.43,"profit_total_abs":17.16556313,"profit_total":0.01716556313,"profit_total_pct":1.72,"duration_avg":"2:15:00","wins":4,"draws":8,"losses":0,"winrate":0.3333333333333333,"cagr":0.06613925607767324,"expectancy":1.4304635941666666,"expectancy_ratio":100.0,"sortino":-100,"sharpe":0.7434089489960348,"calmar":-100,"sqn":1.0432,"profit_factor":0.0,"max_drawdown_account":0.0,"max_drawdown_abs":0.0},"results_per_pair":[{"key":"DOGE/USDT","trades":12,"profit_mean":0.004327876098209396,"profit_mean_pct":0.43,"profit_total_abs":17.16556313,"profit_total":0.01716556313,"profit_total_pct":1.72,"duration_avg":"2:15:00","wins":4,"draws":8,"losses":0,"winrate":0.3333333333333333,"cagr":0.06613925607767324,"expectancy":1.4304635941666666,"expectancy_ratio":100.0,"sortino":-100,"sharpe":0.7434089489960348,"calmar":-100,"sqn":1.0432,"profit_factor":0.0,"max_drawdown_account":0.0,"max_drawdown_abs":0.0},{"key":"TOTAL","trades":12,"profit_mean":0.004327876098209396,"profit_mean_pct":0.43,"profit_total_abs":17.16556313,"profit_total":0.01716556313,"profit_total_pct":1.72,"duration_avg":"2:15:00","wins":4,"draws":8,"losses":0,"winrate":0.3333333333333333,"cagr":0.06613925607767324,"expectancy":1.4304635941666666,"expectancy_ratio":100.0,"sortino":-100,"sharpe":0.7434089489960348,"calmar":-100,"sqn":1.0432,"profit_factor":0.0,"max_drawdown_account":0.0,"max_drawdown_abs":0.0}],"results_per_enter_tag":[{"key":"","trades":12,"profit_mean":0.004327876098209396,"profit_mean_pct":0.43,"profit_total_abs":17.16556313,"profit_total":0.01716556313,"profit_total_pct":1.72,"duration_avg":"2:15:00","wins":4,"draws":8,"losses":0,"winrate":0.3333333333333333,"cagr":0.06613925607767324,"expectancy":1.4304635941666666,"expectancy_ratio":100.0,"sortino":-100,"sharpe":0.7434089489960348,"calmar":-100,"sqn":1.0432,"profit_factor":0.0,"max_drawdown_account":0.0,"max_drawdown_abs":0.0},{"key":"TOTAL","trades":12,"profit_mean":0.004327876098209396,"profit_mean_pct":0.43,"profit_total_abs":17.16556313,"profit_total":0.01716556313,"profit_total_pct":1.72,"duration_avg":"2:15:00","wins":4,"draws":8,"losses":0,"winrate":0.3333333333333333,"cagr":0.06613925607767324,"expectancy":1.4304635941666666,"expectancy_ratio":100.0,"sortino":-100,"sharpe":0.7434089489960348,"calmar":-100,"sqn":1.0432,"profit_factor":0.0,"max_drawdown_account":0.0,"max_drawdown_abs":0.0}],"exit_reason_summary":[{"key":"roi","trades":12,"profit_mean":0.004327876098209396,"profit_mean_pct":0.43,"profit_total_abs":17.16556313,"profit_total":0.01716556313,"profit_total_pct":1.72,"duration_avg":"2:15:00","wins":4,"draws":8,"losses":0,"winrate":0.3333333333333333,"cagr":0.06613925607767324,"expectancy":1.4304635941666666,"expectancy_ratio":100.0,"sortino":-100,"sharpe":0.7434089489960348,"calmar":-100,"sqn":1.0432,"profit_factor":0.0,"max_drawdown_account":0.0,"max_drawdown_abs":0.0},{"key":"TOTAL","trades":12,"profit_mean":0.004327876098209396,"profit_mean_pct":0.43,"profit_total_abs":17.16556313,"profit_total":0.01716556313,"profit_total_pct":1.72,"duration_avg":"2:15:00","wins":4,"draws":8,"losses":0,"winrate":0.3333333333333333,"cagr":0.06613925607767324,"expectancy":1.4304635941666666,"expectancy_ratio":100.0,"sortino":-100,"sharpe":0.7434089489960348,"calmar":-100,"sqn":1.0432,"profit_factor":0.0,"max_drawdown_account":0.0,"max_drawdown_abs":0.0}],"mix_tag_stats":[{"key":["","roi"],"trades":12,"profit_mean":0.004327876098209396,"profit_mean_pct":0.43,"profit_total_abs":17.16556313,"profit_total":0.01716556313,"profit_total_pct":1.72,"duration_avg":"2:15:00","wins":4,"draws":8,"losses":0,"winrate":0.3333333333333333,"cagr":0.06613925607767324,"expectancy":1.4304635941666666,"expectancy_ratio":100.0,"sortino":-100,"sharpe":0.7434089489960348,"calmar":-100,"sqn":1.0432,"profit_factor":0.0,"max_drawdown_account":0.0,"max_drawdown_abs":0.0},{"key":"TOTAL","trades":12,"profit_mean":0.004327876098209396,"profit_mean_pct":0.43,"profit_total_abs":17.16556313,"profit_total":0.01716556313,"profit_total_pct":1.72,"duration_avg":"2:15:00","wins":4,"draws":8,"losses":0,"winrate":0.3333333333333333,"cagr":0.06613925607767324,"expectancy":1.4304635941666666,"expectancy_ratio":100.0,"sortino":-100,"sharpe":0.7434089489960348,"calmar":-100,"sqn":1.0432,"profit_factor":0.0,"max_drawdown_account":0.0,"max_drawdown_abs":0.0}],"left_open_trades":[{"key":"TOTAL","trades":0,"profit_mean":0.0,"profit_mean_pct":0.0,"profit_total_abs":0.0,"profit_total":0.0,"profit_total_pct":0.0,"duration_avg":"0:00","wins":0,"draws":0,"losses":0,"winrate":0.0,"cagr":0.0,"expectancy":0.0,"expectancy_ratio":100.0,"sortino":0,"sharpe":0,"calmar":0,"sqn":0.0,"profit_factor":0.0,"max_drawdown_account":0.0,"max_drawdown_abs":0.0}],"total_trades":12,"trade_count_long":12,"trade_count_short":0,"total_volume":7955.0961010341625,"avg_stake_amount":330.08484333333337,"profit_mean":0.004327876098209396,"profit_median":0.0,"profit_total":0.01716556313,"profit_total_long":0.01716556313,"profit_total_short":0.0,"profit_total_abs":17.16556313,"profit_total_long_abs":17.16556313,"profit_total_short_abs":0.0,"cagr":0.06613925607767324,"expectancy":1.4304635941666666,"expectancy_ratio":100.0,"sortino":-100,"sharpe":0.7434089489960348,"calmar":-100,"sqn":1.0432,"profit_factor":0.0,"backtest_start":"2025-10-01 00:00:00","backtest_start_ts":1759276800000,"backtest_end":"2026-01-06 20:00:00","backtest_end_ts":1767729600000,"backtest_days":97,"backtest_run_start_ts":1767737040,"backtest_run_end_ts":1767737040,"trades_per_day":0.12,"market_change":-0.36632086436227446,"pairlist":["DOGE/USDT"],"stake_amount":"unlimited","stake_currency":"USDT","stake_currency_decimals":3,"starting_balance":1000,"dry_run_wallet":1000,"final_balance":1017.16556313,"rejected_signals":0,"timedout_entry_orders":0,"timedout_exit_orders":0,"canceled_trade_entries":0,"canceled_entry_orders":0,"replaced_entry_orders":0,"max_open_trades":1,"max_open_trades_setting":3,"timeframe":"1h","timeframe_detail":"","timerange":"20251001-","enable_protections":false,"strategy_name":"ACO_8_3","freqaimodel":null,"freqai_identifier":null,"stoploss":-0.05,"trailing_stop":false,"trailing_stop_positive":null,"trailing_stop_positive_offset":0.0,"trailing_only_offset_is_reached":false,"use_custom_stoploss":false,"minimal_roi":{"0":0.1,"60":0.05,"120":0.0},"use_exit_signal":true,"exit_profit_only":false,"exit_profit_offset":0.0,"ignore_roi_if_entry_signal":false,"trading_mode":"spot","margin_mode":"","periodic_breakdown":{"day":[{"date":"10/10/2025","date_ts":1760054400000,"profit_abs":0.27143649,"wins":1,"draws":0,"losses":0,"trades":1,"profit_factor":0.0},{"date":"11/10/2025","date_ts":1760140800000,"profit_abs":0.0,"wins":0,"draws":0,"losses":0,"trades":0,"profit_factor":0.0},{"date":"12/10/2025","date_ts":1760227200000,"profit_abs":0.0,"wins":0,"draws":0,"losses":0,"trades":0,"profit_factor":0.0},{"date":"13/10/2025","date_ts":1760313600000,"profit_abs":0.0,"wins":0,"draws":0,"losses":0,"trades":0,"profit_factor":0.0},{"date":"14/10/2025","date_ts":1760400000000,"profit_abs":0.0,"wins":0,"draws":0,"losses":0,"trades":0,"profit_factor":0.0},{"date":"15/10/2025","date_ts":1760486400000,"profit_abs":0.0,"wins":0,"draws":0,"losses":0,"trades":0,"profit_factor":0.0},{"date":"16/10/2025","date_ts":1760572800000,"profit_abs":0.0,"wins":0,"draws":0,"losses":0,"trades":0,"profit_factor":0.0},{"date":"17/10/2025","date_ts":1760659200000,"profit_abs":0.0,"wins":0,"draws":0,"losses":0,"trades":0,"profit_factor":0.0},{"date":"18/10/2025","date_ts":1760745600000,"profit_abs":0.0,"wins":0,"draws":1,"losses":0,"trades":1,"profit_factor":0.0},{"date":"19/10/2025","date_ts":1760832000000,"profit_abs":0.0,"wins":0,"draws":0,"losses":0,"trades":0,"profit_factor":0.0},{"date":"20/10/2025","date_ts":1760918400000,"profit_abs":0.0,"wins":0,"draws":0,"losses":0,"trades":0,"profit_factor":0.0},{"date":"21/10/2025","date_ts":1761004800000,"profit_abs":0.0,"wins":0,"draws":0,"losses":0,"trades":0,"profit_factor":0.0},{"date":"22/10/2025","date_ts":1761091200000,"profit_abs":0.0,"wins":0,"draws":0,"losses":0,"trades":0,"profit_factor":0.0},{"date":"23/10/2025","date_ts":1761177600000,"profit_abs":0.29046104,"wins":1,"draws":0,"losses":0,"trades":1,"profit_factor":0.0},{"date":"24/10/2025","date_ts":1761264000000,"profit_abs":0.0,"wins":0,"draws":0,"losses":0,"trades":0,"profit_factor":0.0},{"date":"25/10/2025","date_ts":1761350400000,"profit_abs":0.0,"wins":0,"draws":0,"losses":0,"trades":0,"profit_factor":0.0},{"date":"26/10/2025","date_ts":1761436800000,"profit_abs":0.0,"wins":0,"draws":0,"losses":0,"trades":0,"profit_factor":0.0},{"date":"27/10/2025","date_ts":1761523200000,"profit_abs":0.0,"wins":0,"draws":0,"losses":0,"trades":0,"profit_factor":0.0},{"date":"28/10/2025","date_ts":1761609600000,"profit_abs":0.0,"wins":0,"draws":0,"losses":0,"trades":0,"profit_factor":0.0},{"date":"29/10/2025","date_ts":1761696000000,"profit_abs":0.0,"wins":0,"draws":0,"losses":0,"trades":0,"profit_factor":0.0},{"date":"30/10/2025","date_ts":1761782400000,"profit_abs":0.0,"wins":0,"draws":0,"losses":0,"trades":0,"profit_factor":0.0},{"date":"31/10/2025","date_ts":1761868800000,"profit_abs":0.0,"wins":0,"draws":0,"losses":0,"trades":0,"profit_factor":0.0},{"date":"01/11/2025","date_ts":1761955200000,"profit_abs":0.0,"wins":0,"draws":0,"losses":0,"trades":0,"profit_factor":0.0},{"date":"02/11/2025","date_ts":1762041600000,"profit_abs":0.0,"wins":0,"draws":0,"losses":0,"trades":0,"profit_factor":0.0},{"date":"03/11/2025","date_ts":1762128000000,"profit_abs":0.0,"wins":0,"draws":0,"losses":0,"trades":0,"profit_factor":0.0},{"date":"04/11/2025","date_ts":1762214400000,"profit_abs":0.0,"wins":0,"draws":0,"losses":0,"trades":0,"profit_factor":0.0},{"date":"05/11/2025","date_ts":1762300800000,"profit_abs":0.0,"wins":0,"draws":0,"losses":0,"trades":0,"profit_factor":0.0},{"date":"06/11/2025","date_ts":1762387200000,"profit_abs":0.0,"wins":0,"draws":0,"losses":0,"trades":0,"profit_factor":0.0},{"date":"07/11/2025","date_ts":1762473600000,"profit_abs":0.0,"wins":0,"draws":0,"losses":0,"trades":0,"profit_factor":0.0},{"date":"08/11/2025","date_ts":1762560000000,"profit_abs":0.0,"wins":0,"draws":0,"losses":0,"trades":0,"profit_factor":0.0},{"date":"09/11/2025","date_ts":1762646400000,"profit_abs":0.0,"wins":0,"draws":0,"losses":0,"trades":0,"profit_factor":0.0},{"date":"10/11/2025","date_ts":1762732800000,"profit_abs":0.0,"wins":0,"draws":0,"losses":0,"trades":0,"profit_factor":0.0},{"date":"11/11/2025","date_ts":1762819200000,"profit_abs":0.0,"wins":0,"draws":0,"losses":0,"trades":0,"profit_factor":0.0},{"date":"12/11/2025","date_ts":1762905600000,"profit_abs":0.0,"wins":0,"draws":0,"losses":0,"trades":0,"profit_factor":0.0},{"date":"13/11/2025","date_ts":1762992000000,"profit_abs":0.0,"wins":0,"draws":0,"losses":0,"trades":0,"profit_factor":0.0},{"date":"14/11/2025","date_ts":1763078400000,"profit_abs":0.0,"wins":0,"draws":0,"losses":0,"trades":0,"profit_factor":0.0},{"date":"15/11/2025","date_ts":1763164800000,"profit_abs":0.0,"wins":0,"draws":0,"losses":0,"trades":0,"profit_factor":0.0},{"date":"16/11/2025","date_ts":1763251200000,"profit_abs":0.0,"wins":0,"draws":0,"losses":0,"trades":0,"profit_factor":0.0},{"date":"17/11/2025","date_ts":1763337600000,"profit_abs":0.0,"wins":0,"draws":0,"losses":0,"trades":0,"profit_factor":0.0},{"date":"18/11/2025","date_ts":1763424000000,"profit_abs":0.0,"wins":0,"draws":0,"losses":0,"trades":0,"profit_factor":0.0},{"date":"19/11/2025","date_ts":1763510400000,"profit_abs":0.0,"wins":0,"draws":0,"losses":0,"trades":0,"profit_factor":0.0},{"date":"20/11/2025","date_ts":1763596800000,"profit_abs":0.0,"wins":0,"draws":1,"losses":0,"trades":1,"profit_factor":0.0},{"date":"21/11/2025","date_ts":1763683200000,"profit_abs":0.0,"wins":0,"draws":0,"losses":0,"trades":0,"profit_factor":0.0},{"date":"22/11/2025","date_ts":1763769600000,"profit_abs":0.0,"wins":0,"draws":0,"losses":0,"trades":0,"profit_factor":0.0},{"date":"23/11/2025","date_ts":1763856000000,"profit_abs":0.0,"wins":0,"draws":0,"losses":0,"trades":0,"profit_factor":0.0},{"date":"24/11/2025","date_ts":1763942400000,"profit_abs":0.0,"wins":0,"draws":0,"losses":0,"trades":0,"profit_factor":0.0},{"date":"25/11/2025","date_ts":1764028800000,"profit_abs":0.0,"wins":0,"draws":0,"losses":0,"trades":0,"profit_factor":0.0},{"date":"26/11/2025","date_ts":1764115200000,"profit_abs":0.0,"wins":0,"draws":0,"losses":0,"trades":0,"profit_factor":0.0},{"date":"27/11/2025","date_ts":1764201600000,"profit_abs":0.0,"wins":0,"draws":0,"losses":0,"trades":0,"profit_factor":0.0},{"date":"28/11/2025","date_ts":1764288000000,"profit_abs":0.0,"wins":0,"draws":0,"losses":0,"trades":0,"profit_factor":0.0},{"date":"29/11/2025","date_ts":1764374400000,"profit_abs":0.0,"wins":0,"draws":0,"losses":0,"trades":0,"profit_factor":0.0},{"date":"30/11/2025","date_ts":1764460800000,"profit_abs":0.0,"wins":0,"draws":1,"losses":0,"trades":1,"profit_factor":0.0},{"date":"01/12/2025","date_ts":1764547200000,"profit_abs":0.0,"wins":0,"draws":0,"losses":0,"trades":0,"profit_factor":0.0},{"date":"02/12/2025","date_ts":1764633600000,"profit_abs":0.0,"wins":0,"draws":0,"losses":0,"trades":0,"profit_factor":0.0},{"date":"03/12/2025","date_ts":1764720000000,"profit_abs":0.0,"wins":0,"draws":0,"losses":0,"trades":0,"profit_factor":0.0},{"date":"04/12/2025","date_ts":1764806400000,"profit_abs":0.0,"wins":0,"draws":0,"losses":0,"trades":0,"profit_factor":0.0},{"date":"05/12/2025","date_ts":1764892800000,"profit_abs":0.0,"wins":0,"draws":0,"losses":0,"trades":0,"profit_factor":0.0},{"date":"06/12/2025","date_ts":1764979200000,"profit_abs":0.0,"wins":0,"draws":1,"losses":0,"trades":1,"profit_factor":0.0},{"date":"07/12/2025","date_ts":1765065600000,"profit_abs":0.0,"wins":0,"draws":0,"losses":0,"trades":0,"profit_factor":0.0},{"date":"08/12/2025","date_ts":1765152000000,"profit_abs":0.0936126,"wins":1,"draws":0,"losses":0,"trades":1,"profit_factor":0.0},{"date":"09/12/2025","date_ts":1765238400000,"profit_abs":0.0,"wins":0,"draws":0,"losses":0,"trades":0,"profit_factor":0.0},{"date":"10/12/2025","date_ts":1765324800000,"profit_abs":0.0,"wins":0,"draws":0,"losses":0,"trades":0,"profit_factor":0.0},{"date":"11/12/2025","date_ts":1765411200000,"profit_abs":0.0,"wins":0,"draws":0,"losses":0,"trades":0,"profit_factor":0.0},{"date":"12/12/2025","date_ts":1765497600000,"profit_abs":0.0,"wins":0,"draws":1,"losses":0,"trades":1,"profit_factor":0.0},{"date":"13/12/2025","date_ts":1765584000000,"profit_abs":0.0,"wins":0,"draws":1,"losses":0,"trades":1,"profit_factor":0.0},{"date":"14/12/2025","date_ts":1765670400000,"profit_abs":0.0,"wins":0,"draws":0,"losses":0,"trades":0,"profit_factor":0.0},{"date":"15/12/2025","date_ts":1765756800000,"profit_abs":0.0,"wins":0,"draws":1,"losses":0,"trades":1,"profit_factor":0.0},{"date":"16/12/2025","date_ts":1765843200000,"profit_abs":0.0,"wins":0,"draws":0,"losses":0,"trades":0,"profit_factor":0.0},{"date":"17/12/2025","date_ts":1765929600000,"profit_abs":0.0,"wins":0,"draws":0,"losses":0,"trades":0,"profit_factor":0.0},{"date":"18/12/2025","date_ts":1766016000000,"profit_abs":0.0,"wins":0,"draws":0,"losses":0,"trades":0,"profit_factor":0.0},{"date":"19/12/2025","date_ts":1766102400000,"profit_abs":0.0,"wins":0,"draws":0,"losses":0,"trades":0,"profit_factor":0.0},{"date":"20/12/2025","date_ts":1766188800000,"profit_abs":0.0,"wins":0,"draws":0,"losses":0,"trades":0,"profit_factor":0.0},{"date":"21/12/2025","date_ts":1766275200000,"profit_abs":0.0,"wins":0,"draws":0,"losses":0,"trades":0,"profit_factor":0.0},{"date":"22/12/2025","date_ts":1766361600000,"profit_abs":0.0,"wins":0,"draws":0,"losses":0,"trades":0,"profit_factor":0.0},{"date":"23/12/2025","date_ts":1766448000000,"profit_abs":0.0,"wins":0,"draws":0,"losses":0,"trades":0,"profit_factor":0.0},{"date":"24/12/2025","date_ts":1766534400000,"profit_abs":0.0,"wins":0,"draws":0,"losses":0,"trades":0,"profit_factor":0.0},{"date":"25/12/2025","date_ts":1766620800000,"profit_abs":0.0,"wins":0,"draws":0,"losses":0,"trades":0,"profit_factor":0.0},{"date":"26/12/2025","date_ts":1766707200000,"profit_abs":0.0,"wins":0,"draws":0,"losses":0,"trades":0,"profit_factor":0.0},{"date":"27/12/2025","date_ts":1766793600000,"profit_abs":0.0,"wins":0,"draws":0,"losses":0,"trades":0,"profit_factor":0.0},{"date":"28/12/2025","date_ts":1766880000000,"profit_abs":0.0,"wins":0,"draws":0,"losses":0,"trades":0,"profit_factor":0.0},{"date":"29/12/2025","date_ts":1766966400000,"profit_abs":0.0,"wins":0,"draws":0,"losses":0,"trades":0,"profit_factor":0.0},{"date":"30/12/2025","date_ts":1767052800000,"profit_abs":0.0,"wins":0,"draws":1,"losses":0,"trades":1,"profit_factor":0.0},{"date":"31/12/2025","date_ts":1767139200000,"profit_abs":0.0,"wins":0,"draws":0,"losses":0,"trades":0,"profit_factor":0.0},{"date":"01/01/2026","date_ts":1767225600000,"profit_abs":16.510053,"wins":1,"draws":0,"losses":0,"trades":1,"profit_factor":0.0}],"week":[{"date":"13/10/2025","date_ts":1760313600000,"profit_abs":0.27143649,"wins":1,"draws":0,"losses":0,"trades":1,"profit_factor":0.0},{"date":"20/10/2025","date_ts":1760918400000,"profit_abs":0.0,"wins":0,"draws":1,"losses":0,"trades":1,"profit_factor":0.0},{"date":"27/10/2025","date_ts":1761523200000,"profit_abs":0.29046104,"wins":1,"draws":0,"losses":0,"trades":1,"profit_factor":0.0},{"date":"03/11/2025","date_ts":1762128000000,"profit_abs":0.0,"wins":0,"draws":0,"losses":0,"trades":0,"profit_factor":0.0},{"date":"10/11/2025","date_ts":1762732800000,"profit_abs":0.0,"wins":0,"draws":0,"losses":0,"trades":0,"profit_factor":0.0},{"date":"17/11/2025","date_ts":1763337600000,"profit_abs":0.0,"wins":0,"draws":0,"losses":0,"trades":0,"profit_factor":0.0},{"date":"24/11/2025","date_ts":1763942400000,"profit_abs":0.0,"wins":0,"draws":1,"losses":0,"trades":1,"profit_factor":0.0},{"date":"01/12/2025","date_ts":1764547200000,"profit_abs":0.0,"wins":0,"draws":1,"losses":0,"trades":1,"profit_factor":0.0},{"date":"08/12/2025","date_ts":1765152000000,"profit_abs":0.0936126,"wins":1,"draws":1,"losses":0,"trades":2,"profit_factor":0.0},{"date":"15/12/2025","date_ts":1765756800000,"profit_abs":0.0,"wins":0,"draws":3,"losses":0,"trades":3,"profit_factor":0.0},{"date":"22/12/2025","date_ts":1766361600000,"profit_abs":0.0,"wins":0,"draws":0,"losses":0,"trades":0,"profit_factor":0.0},{"date":"29/12/2025","date_ts":1766966400000,"profit_abs":0.0,"wins":0,"draws":0,"losses":0,"trades":0,"profit_factor":0.0},{"date":"05/01/2026","date_ts":1767571200000,"profit_abs":16.510053,"wins":1,"draws":1,"losses":0,"trades":2,"profit_factor":0.0}],"month":[{"date":"31/10/2025","date_ts":1761868800000,"profit_abs":0.56189753,"wins":2,"draws":1,"losses":0,"trades":3,"profit_factor":0.0},{"date":"30/11/2025","date_ts":1764460800000,"profit_abs":0.0,"wins":0,"draws":2,"losses":0,"trades":2,"profit_factor":0.0},{"date":"31/12/2025","date_ts":1767139200000,"profit_abs":0.0936126,"wins":1,"draws":5,"losses":0,"trades":6,"profit_factor":0.0},{"date":"31/01/2026","date_ts":1769817600000,"profit_abs":16.510053,"wins":1,"draws":0,"losses":0,"trades":1,"profit_factor":0.0}],"year":[{"date":"31/12/2025","date_ts":1767139200000,"profit_abs":0.65551013,"wins":3,"draws":8,"losses":0,"trades":11,"profit_factor":0.0},{"date":"31/12/2026","date_ts":1798675200000,"profit_abs":16.510053,"wins":1,"draws":0,"losses":0,"trades":1,"profit_factor":0.0}],"weekday":[{"date":"Monday","date_ts":0,"profit_abs":0.0936126,"wins":1,"draws":1,"losses":0,"trades":2,"profit_factor":0.0},{"date":"Tuesday","date_ts":1,"profit_abs":0.0,"wins":0,"draws":1,"losses":0,"trades":1,"profit_factor":0.0},{"date":"Thursday","date_ts":3,"profit_abs":16.80051404,"wins":2,"draws":1,"losses":0,"trades":3,"profit_factor":0.0},{"date":"Friday","date_ts":4,"profit_abs":0.27143649,"wins":1,"draws":1,"losses":0,"trades":2,"profit_factor":0.0},{"date":"Saturday","date_ts":5,"profit_abs":0.0,"wins":0,"draws":3,"losses":0,"trades":3,"profit_factor":0.0},{"date":"Sunday","date_ts":6,"profit_abs":0.0,"wins":0,"draws":1,"losses":0,"trades":1,"profit_factor":0.0}]},"backtest_best_day":0.049950049950049945,"backtest_worst_day":0.0,"backtest_best_day_abs":16.510053,"backtest_worst_day_abs":0.0,"winning_days":4,"draw_days":80,"losing_days":0,"daily_profit":[["2025-10-10",0.27143649],["2025-10-11",0.0],["2025-10-12",0.0],["2025-10-13",0.0],["2025-10-14",0.0],["2025-10-15",0.0],["2025-10-16",0.0],["2025-10-17",0.0],["2025-10-18",0.0],["2025-10-19",0.0],["2025-10-20",0.0],["2025-10-21",0.0],["2025-10-22",0.0],["2025-10-23",0.29046104],["2025-10-24",0.0],["2025-10-25",0.0],["2025-10-26",0.0],["2025-10-27",0.0],["2025-10-28",0.0],["2025-10-29",0.0],["2025-10-30",0.0],["2025-10-31",0.0],["2025-11-01",0.0],["2025-11-02",0.0],["2025-11-03",0.0],["2025-11-04",0.0],["2025-11-05",0.0],["2025-11-06",0.0],["2025-11-07",0.0],["2025-11-08",0.0],["2025-11-09",0.0],["2025-11-10",0.0],["2025-11-11",0.0],["2025-11-12",0.0],["2025-11-13",0.0],["2025-11-14",0.0],["2025-11-15",0.0],["2025-11-16",0.0],["2025-11-17",0.0],["2025-11-18",0.0],["2025-11-19",0.0],["2025-11-20",0.0],["2025-11-21",0.0],["2025-11-22",0.0],["2025-11-23",0.0],["2025-11-24",0.0],["2025-11-25",0.0],["2025-11-26",0.0],["2025-11-27",0.0],["2025-11-28",0.0],["2025-11-29",0.0],["2025-11-30",0.0],["2025-12-01",0.0],["2025-12-02",0.0],["2025-12-03",0.0],["2025-12-04",0.0],["2025-12-05",0.0],["2025-12-06",0.0],["2025-12-07",0.0],["2025-12-08",0.0936126],["2025-12-09",0.0],["2025-12-10",0.0],["2025-12-11",0.0],["2025-12-12",0.0],["2025-12-13",0.0],["2025-12-14",0.0],["2025-12-15",0.0],["2025-12-16",0.0],["2025-12-17",0.0],["2025-12-18",0.0],["2025-12-19",0.0],["2025-12-20",0.0],["2025-12-21",0.0],["2025-12-22",0.0],["2025-12-23",0.0],["2025-12-24",0.0],["2025-12-25",0.0],["2025-12-26",0.0],["2025-12-27",0.0],["2025-12-28",0.0],["2025-12-29",0.0],["2025-12-30",0.0],["2025-12-31",0.0],["2026-01-01",16.510053]],"wins":4,"losses":0,"draws":8,"winrate":0.3333333333333333,"holding_avg":"2:15:00","holding_avg_s":8100.0,"winner_holding_min":"0d 01:00","winner_holding_min_s":3600.0,"winner_holding_max":"0d 02:00","winner_holding_max_s":7200.0,"winner_holding_avg":"0d 01:45","winner_holding_avg_s":6300.0,"loser_holding_min":"0d 00:00","loser_holding_min_s":0.0,"loser_holding_max":"0d 00:00","loser_holding_max_s":0.0,"loser_holding_avg":"0d 00:00","loser_holding_avg_s":0.0,"max_consecutive_wins":1,"max_consecutive_losses":4,"max_drawdown_account":0.0,"max_relative_drawdown":0.0,"max_drawdown_abs":0.0,"drawdown_start":"2025-10-10 06:00:00","drawdown_start_ts":1760076000000.0,"drawdown_end":"2025-10-10 06:00:00","drawdown_end_ts":1760076000000.0,"drawdown_duration":"0 days 00:00:00","drawdown_duration_s":0.0,"max_drawdown_low":0.0,"max_drawdown_high":0.0,"csum_min":1000.27143649,"csum_max":1017.16556313}},"strategy_comparison":[{"key":"ACO_8_3","trades":12,"profit_mean":0.004327876098209396,"profit_mean_pct":0.43,"profit_total_abs":17.16556313,"profit_total":0.01716556313,"profit_total_pct":1.72,"duration_avg":"2:15:00","wins":4,"draws":8,"losses":0,"winrate":0.3333333333333333,"cagr":0.06613925607767324,"expectancy":1.4304635941666666,"expectancy_ratio":100.0,"sortino":-100,"sharpe":0.7434089489960348,"calmar":-100,"sqn":1.0432,"profit_factor":0.0,"max_drawdown_account":0.0,"max_drawdown_abs":"0"}]}