{"strategy":{"ACO_19_23":{"trades":[{"pair":"DOGE/USDT","stake_amount":329.82932,"max_stake_amount":329.82932,"amount":1289.0,"open_date":"2025-10-02 17:00:00+00:00","close_date":"2025-10-02 19:00:00+00:00","open_rate":0.25588,"close_rate":0.25882,"fee_open":0.001,"fee_close":0.001,"trade_duration":120,"profit_ratio":0.009468802262299214,"profit_abs":3.1262117,"exit_reason":"roi","initial_stop_loss_abs":0.24309,"initial_stop_loss_ratio":-0.05,"stop_loss_abs":0.24309,"stop_loss_ratio":-0.05,"min_rate":0.25482,"max_rate":0.2608,"is_open":false,"enter_tag":"","leverage":1.0,"is_short":false,"open_timestamp":1759424400000,"close_timestamp":1759431600000,"orders":[{"amount":1289.0,"safe_price":0.25588,"ft_order_side":"buy","order_filled_timestamp":1759424400000,"ft_is_entry":true,"ft_order_tag":"","cost":330.15914932},{"amount":1289.0,"safe_price":0.25882,"ft_order_side":"sell","order_filled_timestamp":1759431600000,"ft_is_entry":false,"ft_order_tag":"roi","cost":333.95259897999995}],"funding_fees":0.0,"weekday":3},{"pair":"DOGE/USDT","stake_amount":330.93494,"max_stake_amount":330.93494,"amount":1291.0,"open_date":"2025-10-03 09:00:00+00:00","close_date":"2025-10-03 13:00:00+00:00","open_rate":0.25634,"close_rate":0.25685319319319316,"fee_open":0.001,"fee_close":0.001,"trade_duration":240,"profit_ratio":0.0,"profit_abs":0.0,"exit_reason":"roi","initial_stop_loss_abs":0.24353,"initial_stop_loss_ratio":-0.05,"stop_loss_abs":0.24353,"stop_loss_ratio":-0.05,"min_rate":0.25386,"max_rate":0.25793,"is_open":false,"enter_tag":"","leverage":1.0,"is_short":false,"open_timestamp":1759482000000,"close_timestamp":1759496400000,"orders":[{"amount":1291.0,"safe_price":0.25634,"ft_order_side":"buy","order_filled_timestamp":1759482000000,"ft_is_entry":true,"ft_order_tag":"","cost":331.26587494},{"amount":1291.0,"safe_price":0.25685319319319316,"ft_order_side":"sell","order_filled_timestamp":1759496400000,"ft_is_entry":false,"ft_order_tag":"roi","cost":331.9290698848248}],"funding_fees":0.0,"weekday":4},{"pair":"DOGE/USDT","stake_amount":330.99088,"max_stake_amount":330.99088,"amount":1342.0,"open_date":"2025-10-08 08:00:00+00:00","close_date":"2025-10-08 10:00:00+00:00","open_rate":0.24664,"close_rate":0.24845,"fee_open":0.001,"fee_close":0.001,"trade_duration":120,"profit_ratio":0.0053259666055644,"profit_abs":1.76460922,"exit_reason":"roi","initial_stop_loss_abs":0.23431,"initial_stop_loss_ratio":-0.05,"stop_loss_abs":0.23431,"stop_loss_ratio":-0.05,"min_rate":0.24659,"max_rate":0.25039,"is_open":false,"enter_tag":"","leverage":1.0,"is_short":false,"open_timestamp":1759910400000,"close_timestamp":1759917600000,"orders":[{"amount":1342.0,"safe_price":0.24664,"ft_order_side":"buy","order_filled_timestamp":1759910400000,"ft_is_entry":true,"ft_order_tag":"","cost":331.32187087999995},{"amount":1342.0,"safe_price":0.24845,"ft_order_side":"sell","order_filled_timestamp":1759917600000,"ft_is_entry":false,"ft_order_tag":"roi","cost":333.75331989999995}],"funding_fees":0.0,"weekday":2},{"pair":"DOGE/USDT","stake_amount":331.42637,"max_stake_amount":331.42637,"amount":1763.0,"open_date":"2025-10-12 05:00:00+00:00","close_date":"2025-10-12 07:00:00+00:00","open_rate":0.18799,"close_rate":0.19081,"fee_open":0.001,"fee_close":0.001,"trade_duration":120,"profit_ratio":0.012972824292575343,"profit_abs":4.3038356,"exit_reason":"roi","initial_stop_loss_abs":0.1786,"initial_stop_loss_ratio":-0.05,"stop_loss_abs":0.1786,"stop_loss_ratio":-0.05,"min_rate":0.18715,"max_rate":0.19118,"is_open":false,"enter_tag":"","leverage":1.0,"is_short":false,"open_timestamp":1760245200000,"close_timestamp":1760252400000,"orders":[{"amount":1763.0,"safe_price":0.18799,"ft_order_side":"buy","order_filled_timestamp":1760245200000,"ft_is_entry":true,"ft_order_tag":"","cost":331.75779636999994},{"amount":1763.0,"safe_price":0.19081,"ft_order_side":"sell","order_filled_timestamp":1760252400000,"ft_is_entry":false,"ft_order_tag":"roi","cost":336.73442802999995}],"funding_fees":0.0,"weekday":6},{"pair":"DOGE/USDT","stake_amount":332.97534,"max_stake_amount":332.97534,"amount":1674.0,"open_date":"2025-10-16 07:00:00+00:00","close_date":"2025-10-16 10:00:00+00:00","open_rate":0.19891,"close_rate":0.1993082182182182,"fee_open":0.001,"fee_close":0.001,"trade_duration":180,"profit_ratio":0.0,"profit_abs":0.0,"exit_reason":"roi","initial_stop_loss_abs":0.18897,"initial_stop_loss_ratio":-0.05,"stop_loss_abs":0.18897,"stop_loss_ratio":-0.05,"min_rate":0.19015,"max_rate":0.20062,"is_open":false,"enter_tag":"","leverage":1.0,"is_short":false,"open_timestamp":1760598000000,"close_timestamp":1760608800000,"orders":[{"amount":1674.0,"safe_price":0.19891,"ft_order_side":"buy","order_filled_timestamp":1760598000000,"ft_is_entry":true,"ft_order_tag":"","cost":333.30831534},{"amount":1674.0,"safe_price":0.1993082182182182,"ft_order_side":"sell","order_filled_timestamp":1760608800000,"ft_is_entry":false,"ft_order_tag":"roi","cost":333.97559925459456}],"funding_fees":0.0,"weekday":3},{"pair":"DOGE/USDT","stake_amount":332.9132,"max_stake_amount":332.9132,"amount":1709.0,"open_date":"2025-10-16 17:00:00+00:00","close_date":"2025-10-16 20:00:00+00:00","open_rate":0.1948,"close_rate":0.18506,"fee_open":0.001,"fee_close":0.001,"trade_duration":180,"profit_ratio":-0.0518981018981019,"profit_abs":-17.29484074,"exit_reason":"stop_loss","initial_stop_loss_abs":0.18506,"initial_stop_loss_ratio":-0.05,"stop_loss_abs":0.18506,"stop_loss_ratio":-0.05,"min_rate":0.18469,"max_rate":0.1948,"is_open":false,"enter_tag":"","leverage":1.0,"is_short":false,"open_timestamp":1760634000000,"close_timestamp":1760644800000,"orders":[{"amount":1709.0,"safe_price":0.1948,"ft_order_side":"buy","order_filled_timestamp":1760634000000,"ft_is_entry":true,"ft_order_tag":"","cost":333.24611319999997},{"amount":1709.0,"safe_price":0.18506,"ft_order_side":"sell","order_filled_timestamp":1760644800000,"ft_is_entry":false,"ft_order_tag":"stop_loss","cost":316.58380753999995}],"funding_fees":0.0,"weekday":3},{"pair":"DOGE/USDT","stake_amount":327.30045,"max_stake_amount":327.30045,"amount":1747.0,"open_date":"2025-10-17 22:00:00+00:00","close_date":"2025-10-18 01:00:00+00:00","open_rate":0.18735,"close_rate":0.18772507507507505,"fee_open":0.001,"fee_close":0.001,"trade_duration":180,"profit_ratio":0.0,"profit_abs":0.0,"exit_reason":"roi","initial_stop_loss_abs":0.17799,"initial_stop_loss_ratio":-0.05,"stop_loss_abs":0.17799,"stop_loss_ratio":-0.05,"min_rate":0.18426,"max_rate":0.18791,"is_open":false,"enter_tag":"","leverage":1.0,"is_short":false,"open_timestamp":1760738400000,"close_timestamp":1760749200000,"orders":[{"amount":1747.0,"safe_price":0.18735,"ft_order_side":"buy","order_filled_timestamp":1760738400000,"ft_is_entry":true,"ft_order_tag":"","cost":327.6277504499999},{"amount":1747.0,"safe_price":0.18772507507507505,"ft_order_side":"sell","order_filled_timestamp":1760749200000,"ft_is_entry":false,"ft_order_tag":"roi","cost":328.2836618623122}],"funding_fees":0.0,"weekday":5},{"pair":"DOGE/USDT","stake_amount":327.20436,"max_stake_amount":327.20436,"amount":1701.0,"open_date":"2025-10-22 14:00:00+00:00","close_date":"2025-10-22 16:00:00+00:00","open_rate":0.19236,"close_rate":0.1927451051051051,"fee_open":0.001,"fee_close":0.001,"trade_duration":120,"profit_ratio":0.0,"profit_abs":0.0,"exit_reason":"roi","initial_stop_loss_abs":0.18275,"initial_stop_loss_ratio":-0.05,"stop_loss_abs":0.18275,"stop_loss_ratio":-0.05,"min_rate":0.18814,"max_rate":0.19339,"is_open":false,"enter_tag":"","leverage":1.0,"is_short":false,"open_timestamp":1761141600000,"close_timestamp":1761148800000,"orders":[{"amount":1701.0,"safe_price":0.19236,"ft_order_side":"buy","order_filled_timestamp":1761141600000,"ft_is_entry":true,"ft_order_tag":"","cost":327.53156435999995},{"amount":1701.0,"safe_price":0.1927451051051051,"ft_order_side":"sell","order_filled_timestamp":1761148800000,"ft_is_entry":false,"ft_order_tag":"roi","cost":328.18728320756753}],"funding_fees":0.0,"weekday":2},{"pair":"DOGE/USDT","stake_amount":327.1463,"max_stake_amount":327.1463,"amount":1703.0,"open_date":"2025-10-23 06:00:00+00:00","close_date":"2025-10-23 08:00:00+00:00","open_rate":0.1921,"close_rate":0.19401,"fee_open":0.001,"fee_close":0.001,"trade_duration":120,"profit_ratio":0.007924870548504074,"profit_abs":2.59518467,"exit_reason":"roi","initial_stop_loss_abs":0.1825,"initial_stop_loss_ratio":-0.05,"stop_loss_abs":0.1825,"stop_loss_ratio":-0.05,"min_rate":0.19194,"max_rate":0.19514,"is_open":false,"enter_tag":"","leverage":1.0,"is_short":false,"open_timestamp":1761199200000,"close_timestamp":1761206400000,"orders":[{"amount":1703.0,"safe_price":0.1921,"ft_order_side":"buy","order_filled_timestamp":1761199200000,"ft_is_entry":true,"ft_order_tag":"","cost":327.4734463},{"amount":1703.0,"safe_price":0.19401,"ft_order_side":"sell","order_filled_timestamp":1761206400000,"ft_is_entry":false,"ft_order_tag":"roi","cost":330.72942902999995}],"funding_fees":0.0,"weekday":3},{"pair":"DOGE/USDT","stake_amount":328.09339,"max_stake_amount":328.09339,"amount":1679.0,"open_date":"2025-10-29 12:00:00+00:00","close_date":"2025-10-29 17:00:00+00:00","open_rate":0.19541,"close_rate":0.1958012112112112,"fee_open":0.001,"fee_close":0.001,"trade_duration":300,"profit_ratio":0.0,"profit_abs":0.0,"exit_reason":"roi","initial_stop_loss_abs":0.18564,"initial_stop_loss_ratio":-0.05,"stop_loss_abs":0.18564,"stop_loss_ratio":-0.05,"min_rate":0.19022,"max_rate":0.19728,"is_open":false,"enter_tag":"","leverage":1.0,"is_short":false,"open_timestamp":1761739200000,"close_timestamp":1761757200000,"orders":[{"amount":1679.0,"safe_price":0.19541,"ft_order_side":"buy","order_filled_timestamp":1761739200000,"ft_is_entry":true,"ft_order_tag":"","cost":328.42148339},{"amount":1679.0,"safe_price":0.1958012112112112,"ft_order_side":"sell","order_filled_timestamp":1761757200000,"ft_is_entry":false,"ft_order_tag":"roi","cost":329.0789838572472}],"funding_fees":0.0,"weekday":2},{"pair":"DOGE/USDT","stake_amount":328.11412,"max_stake_amount":328.11412,"amount":1769.0,"open_date":"2025-10-31 02:00:00+00:00","close_date":"2025-10-31 04:00:00+00:00","open_rate":0.18548,"close_rate":0.18585133133133133,"fee_open":0.001,"fee_close":0.001,"trade_duration":120,"profit_ratio":0.0,"profit_abs":0.0,"exit_reason":"roi","initial_stop_loss_abs":0.17621,"initial_stop_loss_ratio":-0.05,"stop_loss_abs":0.17621,"stop_loss_ratio":-0.05,"min_rate":0.18335,"max_rate":0.18608,"is_open":false,"enter_tag":"","leverage":1.0,"is_short":false,"open_timestamp":1761876000000,"close_timestamp":1761883200000,"orders":[{"amount":1769.0,"safe_price":0.18548,"ft_order_side":"buy","order_filled_timestamp":1761876000000,"ft_is_entry":true,"ft_order_tag":"","cost":328.44223411999997},{"amount":1769.0,"safe_price":0.18585133133133133,"ft_order_side":"sell","order_filled_timestamp":1761883200000,"ft_is_entry":false,"ft_order_tag":"roi","cost":329.0997761302502}],"funding_fees":0.0,"weekday":4},{"pair":"DOGE/USDT","stake_amount":328.13087,"max_stake_amount":328.13087,"amount":1873.0,"open_date":"2025-11-03 15:00:00+00:00","close_date":"2025-11-03 15:00:00+00:00","open_rate":0.17519,"close_rate":0.16644,"fee_open":0.001,"fee_close":0.001,"trade_duration":0,"profit_ratio":-0.051843983404003945,"profit_abs":-17.02862299,"exit_reason":"stop_loss","initial_stop_loss_abs":0.16644,"initial_stop_loss_ratio":-0.05,"stop_loss_abs":0.16644,"stop_loss_ratio":-0.05,"min_rate":0.16017,"max_rate":0.17545,"is_open":false,"enter_tag":"","leverage":1.0,"is_short":false,"open_timestamp":1762182000000,"close_timestamp":1762182000000,"orders":[{"amount":1873.0,"safe_price":0.17519,"ft_order_side":"buy","order_filled_timestamp":1762182000000,"ft_is_entry":true,"ft_order_tag":"","cost":328.45900086999995},{"amount":1873.0,"safe_price":0.16644,"ft_order_side":"sell","order_filled_timestamp":1762182000000,"ft_is_entry":false,"ft_order_tag":"stop_loss","cost":312.05386211999996}],"funding_fees":0.0,"weekday":0},{"pair":"DOGE/USDT","stake_amount":322.41572,"max_stake_amount":322.41572,"amount":1892.0,"open_date":"2025-11-04 04:00:00+00:00","close_date":"2025-11-04 05:00:00+00:00","open_rate":0.17041,"close_rate":0.16189,"fee_open":0.001,"fee_close":0.001,"trade_duration":60,"profit_ratio":-0.05189517366032828,"profit_abs":-16.7485516,"exit_reason":"stop_loss","initial_stop_loss_abs":0.16189,"initial_stop_loss_ratio":-0.05,"stop_loss_abs":0.16189,"stop_loss_ratio":-0.05,"min_rate":0.16073,"max_rate":0.1711,"is_open":false,"enter_tag":"","leverage":1.0,"is_short":false,"open_timestamp":1762228800000,"close_timestamp":1762232400000,"orders":[{"amount":1892.0,"safe_price":0.17041,"ft_order_side":"buy","order_filled_timestamp":1762228800000,"ft_is_entry":true,"ft_order_tag":"","cost":322.73813572},{"amount":1892.0,"safe_price":0.16189,"ft_order_side":"sell","order_filled_timestamp":1762232400000,"ft_is_entry":false,"ft_order_tag":"stop_loss","cost":306.60217588}],"funding_fees":0.0,"weekday":1},{"pair":"DOGE/USDT","stake_amount":316.95678,"max_stake_amount":316.95678,"amount":1917.0,"open_date":"2025-11-04 10:00:00+00:00","close_date":"2025-11-04 12:00:00+00:00","open_rate":0.16534,"close_rate":0.16613,"fee_open":0.001,"fee_close":0.001,"trade_duration":120,"profit_ratio":0.0027704846260549663,"profit_abs":0.87900201,"exit_reason":"roi","initial_stop_loss_abs":0.15708,"initial_stop_loss_ratio":-0.05,"stop_loss_abs":0.15708,"stop_loss_ratio":-0.05,"min_rate":0.16365,"max_rate":0.16702,"is_open":false,"enter_tag":"","leverage":1.0,"is_short":false,"open_timestamp":1762250400000,"close_timestamp":1762257600000,"orders":[{"amount":1917.0,"safe_price":0.16534,"ft_order_side":"buy","order_filled_timestamp":1762250400000,"ft_is_entry":true,"ft_order_tag":"","cost":317.2737367799999},{"amount":1917.0,"safe_price":0.16613,"ft_order_side":"sell","order_filled_timestamp":1762257600000,"ft_is_entry":false,"ft_order_tag":"roi","cost":318.78968120999997}],"funding_fees":0.0,"weekday":1},{"pair":"DOGE/USDT","stake_amount":317.30333,"max_stake_amount":317.30333,"amount":1997.0,"open_date":"2025-11-04 21:00:00+00:00","close_date":"2025-11-04 23:00:00+00:00","open_rate":0.15889,"close_rate":0.16344,"fee_open":0.001,"fee_close":0.001,"trade_duration":120,"profit_ratio":0.026580946273815555,"profit_abs":8.44265699,"exit_reason":"roi","initial_stop_loss_abs":0.15095,"initial_stop_loss_ratio":-0.05,"stop_loss_abs":0.15095,"stop_loss_ratio":-0.05,"min_rate":0.15159,"max_rate":0.16436,"is_open":false,"enter_tag":"","leverage":1.0,"is_short":false,"open_timestamp":1762290000000,"close_timestamp":1762297200000,"orders":[{"amount":1997.0,"safe_price":0.15889,"ft_order_side":"buy","order_filled_timestamp":1762290000000,"ft_is_entry":true,"ft_order_tag":"","cost":317.62063333},{"amount":1997.0,"safe_price":0.16344,"ft_order_side":"sell","order_filled_timestamp":1762297200000,"ft_is_entry":false,"ft_order_tag":"roi","cost":326.71606968}],"funding_fees":0.0,"weekday":1},{"pair":"DOGE/USDT","stake_amount":320.07885,"max_stake_amount":320.07885,"amount":1965.0,"open_date":"2025-11-15 04:00:00+00:00","close_date":"2025-11-15 06:00:00+00:00","open_rate":0.16289,"close_rate":0.16327,"fee_open":0.001,"fee_close":0.001,"trade_duration":120,"profit_ratio":0.00033019960578435626,"profit_abs":0.1057956,"exit_reason":"roi","initial_stop_loss_abs":0.15475,"initial_stop_loss_ratio":-0.05,"stop_loss_abs":0.15475,"stop_loss_ratio":-0.05,"min_rate":0.16225,"max_rate":0.1642,"is_open":false,"enter_tag":"","leverage":1.0,"is_short":false,"open_timestamp":1763179200000,"close_timestamp":1763186400000,"orders":[{"amount":1965.0,"safe_price":0.16289,"ft_order_side":"buy","order_filled_timestamp":1763179200000,"ft_is_entry":true,"ft_order_tag":"","cost":320.39892884999995},{"amount":1965.0,"safe_price":0.16327,"ft_order_side":"sell","order_filled_timestamp":1763186400000,"ft_is_entry":false,"ft_order_tag":"roi","cost":321.14637554999996}],"funding_fees":0.0,"weekday":5},{"pair":"DOGE/USDT","stake_amount":320.0013,"max_stake_amount":320.0013,"amount":2070.0,"open_date":"2025-11-18 04:00:00+00:00","close_date":"2025-11-18 06:00:00+00:00","open_rate":0.15459,"close_rate":0.15489948948948948,"fee_open":0.001,"fee_close":0.001,"trade_duration":120,"profit_ratio":0.0,"profit_abs":0.0,"exit_reason":"roi","initial_stop_loss_abs":0.14687,"initial_stop_loss_ratio":-0.05,"stop_loss_abs":0.14687,"stop_loss_ratio":-0.05,"min_rate":0.1522,"max_rate":0.15623,"is_open":false,"enter_tag":"","leverage":1.0,"is_short":false,"open_timestamp":1763438400000,"close_timestamp":1763445600000,"orders":[{"amount":2070.0,"safe_price":0.15459,"ft_order_side":"buy","order_filled_timestamp":1763438400000,"ft_is_entry":true,"ft_order_tag":"","cost":320.32130129999996},{"amount":2070.0,"safe_price":0.15489948948948948,"ft_order_side":"sell","order_filled_timestamp":1763445600000,"ft_is_entry":false,"ft_order_tag":"roi","cost":320.9625851864865}],"funding_fees":0.0,"weekday":1},{"pair":"DOGE/USDT","stake_amount":320.10135,"max_stake_amount":320.10135,"amount":2263.0,"open_date":"2025-11-21 17:00:00+00:00","close_date":"2025-11-22 22:00:00+00:00","open_rate":0.14145,"close_rate":0.14173318318318318,"fee_open":0.001,"fee_close":0.001,"trade_duration":1740,"profit_ratio":0.0,"profit_abs":0.0,"exit_reason":"roi","initial_stop_loss_abs":0.13438,"initial_stop_loss_ratio":-0.05,"stop_loss_abs":0.13438,"stop_loss_ratio":-0.05,"min_rate":0.13549,"max_rate":0.1435,"is_open":false,"enter_tag":"","leverage":1.0,"is_short":false,"open_timestamp":1763744400000,"close_timestamp":1763848800000,"orders":[{"amount":2263.0,"safe_price":0.14145,"ft_order_side":"buy","order_filled_timestamp":1763744400000,"ft_is_entry":true,"ft_order_tag":"","cost":320.4214513499999},{"amount":2263.0,"safe_price":0.14173318318318318,"ft_order_side":"sell","order_filled_timestamp":1763848800000,"ft_is_entry":false,"ft_order_tag":"roi","cost":321.062935737087}],"funding_fees":0.0,"weekday":5},{"pair":"DOGE/USDT","stake_amount":320.10135,"max_stake_amount":320.10135,"amount":2263.0,"open_date":"2025-11-22 23:00:00+00:00","close_date":"2025-11-23 01:00:00+00:00","open_rate":0.14145,"close_rate":0.14173318318318318,"fee_open":0.001,"fee_close":0.001,"trade_duration":120,"profit_ratio":0.0,"profit_abs":0.0,"exit_reason":"roi","initial_stop_loss_abs":0.13438,"initial_stop_loss_ratio":-0.05,"stop_loss_abs":0.13438,"stop_loss_ratio":-0.05,"min_rate":0.13966,"max_rate":0.14227,"is_open":false,"enter_tag":"","leverage":1.0,"is_short":false,"open_timestamp":1763852400000,"close_timestamp":1763859600000,"orders":[{"amount":2263.0,"safe_price":0.14145,"ft_order_side":"buy","order_filled_timestamp":1763852400000,"ft_is_entry":true,"ft_order_tag":"","cost":320.4214513499999},{"amount":2263.0,"safe_price":0.14173318318318318,"ft_order_side":"sell","order_filled_timestamp":1763859600000,"ft_is_entry":false,"ft_order_tag":"roi","cost":321.062935737087}],"funding_fees":0.0,"weekday":6},{"pair":"DOGE/USDT","stake_amount":320.12289,"max_stake_amount":320.12289,"amount":2259.0,"open_date":"2025-11-23 02:00:00+00:00","close_date":"2025-11-23 04:00:00+00:00","open_rate":0.14171,"close_rate":0.14289,"fee_open":0.001,"fee_close":0.001,"trade_duration":120,"profit_ratio":0.006312225633374459,"profit_abs":2.0227086,"exit_reason":"roi","initial_stop_loss_abs":0.13463,"initial_stop_loss_ratio":-0.05,"stop_loss_abs":0.13463,"stop_loss_ratio":-0.05,"min_rate":0.14124,"max_rate":0.1447,"is_open":false,"enter_tag":"","leverage":1.0,"is_short":false,"open_timestamp":1763863200000,"close_timestamp":1763870400000,"orders":[{"amount":2259.0,"safe_price":0.14171,"ft_order_side":"buy","order_filled_timestamp":1763863200000,"ft_is_entry":true,"ft_order_tag":"","cost":320.4430128899999},{"amount":2259.0,"safe_price":0.14289,"ft_order_side":"sell","order_filled_timestamp":1763870400000,"ft_is_entry":false,"ft_order_tag":"roi","cost":323.1112985099999}],"funding_fees":0.0,"weekday":6},{"pair":"DOGE/USDT","stake_amount":320.78424,"max_stake_amount":320.78424,"amount":2212.0,"open_date":"2025-11-24 01:00:00+00:00","close_date":"2025-11-24 03:00:00+00:00","open_rate":0.14502,"close_rate":0.14718,"fee_open":0.001,"fee_close":0.001,"trade_duration":120,"profit_ratio":0.012866736077327722,"profit_abs":4.1315736,"exit_reason":"roi","initial_stop_loss_abs":0.13777,"initial_stop_loss_ratio":-0.05,"stop_loss_abs":0.13777,"stop_loss_ratio":-0.05,"min_rate":0.14399,"max_rate":0.1493,"is_open":false,"enter_tag":"","leverage":1.0,"is_short":false,"open_timestamp":1763946000000,"close_timestamp":1763953200000,"orders":[{"amount":2212.0,"safe_price":0.14502,"ft_order_side":"buy","order_filled_timestamp":1763946000000,"ft_is_entry":true,"ft_order_tag":"","cost":321.10502424},{"amount":2212.0,"safe_price":0.14718,"ft_order_side":"sell","order_filled_timestamp":1763953200000,"ft_is_entry":false,"ft_order_tag":"roi","cost":325.88772215999995}],"funding_fees":0.0,"weekday":0},{"pair":"DOGE/USDT","stake_amount":322.17822,"max_stake_amount":322.17822,"amount":2366.0,"open_date":"2025-12-02 07:00:00+00:00","close_date":"2025-12-02 10:00:00+00:00","open_rate":0.13617,"close_rate":0.13644261261261262,"fee_open":0.001,"fee_close":0.001,"trade_duration":180,"profit_ratio":0.0,"profit_abs":0.0,"exit_reason":"roi","initial_stop_loss_abs":0.12937,"initial_stop_loss_ratio":-0.05,"stop_loss_abs":0.12937,"stop_loss_ratio":-0.05,"min_rate":0.13443,"max_rate":0.13727,"is_open":false,"enter_tag":"","leverage":1.0,"is_short":false,"open_timestamp":1764658800000,"close_timestamp":1764669600000,"orders":[{"amount":2366.0,"safe_price":0.13617,"ft_order_side":"buy","order_filled_timestamp":1764658800000,"ft_is_entry":true,"ft_order_tag":"","cost":322.50039821999997},{"amount":2366.0,"safe_price":0.13644261261261262,"ft_order_side":"sell","order_filled_timestamp":1764669600000,"ft_is_entry":false,"ft_order_tag":"roi","cost":323.14604466288284}],"funding_fees":0.0,"weekday":1},{"pair":"DOGE/USDT","stake_amount":322.11361,"max_stake_amount":322.11361,"amount":2149.0,"open_date":"2025-12-03 17:00:00+00:00","close_date":"2025-12-03 19:00:00+00:00","open_rate":0.14989,"close_rate":0.15054,"fee_open":0.001,"fee_close":0.001,"trade_duration":120,"profit_ratio":0.0023298470826658164,"profit_abs":0.75122593,"exit_reason":"roi","initial_stop_loss_abs":0.1424,"initial_stop_loss_ratio":-0.05,"stop_loss_abs":0.1424,"stop_loss_ratio":-0.05,"min_rate":0.14988,"max_rate":0.15195,"is_open":false,"enter_tag":"","leverage":1.0,"is_short":false,"open_timestamp":1764781200000,"close_timestamp":1764788400000,"orders":[{"amount":2149.0,"safe_price":0.14989,"ft_order_side":"buy","order_filled_timestamp":1764781200000,"ft_is_entry":true,"ft_order_tag":"","cost":322.43572360999997},{"amount":2149.0,"safe_price":0.15054,"ft_order_side":"sell","order_filled_timestamp":1764788400000,"ft_is_entry":false,"ft_order_tag":"roi","cost":323.83397046}],"funding_fees":0.0,"weekday":2},{"pair":"DOGE/USDT","stake_amount":322.38144,"max_stake_amount":322.38144,"amount":2308.0,"open_date":"2025-12-06 12:00:00+00:00","close_date":"2025-12-06 14:00:00+00:00","open_rate":0.13968,"close_rate":0.13995963963963962,"fee_open":0.001,"fee_close":0.001,"trade_duration":120,"profit_ratio":0.0,"profit_abs":0.0,"exit_reason":"roi","initial_stop_loss_abs":0.1327,"initial_stop_loss_ratio":-0.05,"stop_loss_abs":0.1327,"stop_loss_ratio":-0.05,"min_rate":0.13926,"max_rate":0.14076,"is_open":false,"enter_tag":"","leverage":1.0,"is_short":false,"open_timestamp":1765022400000,"close_timestamp":1765029600000,"orders":[{"amount":2308.0,"safe_price":0.13968,"ft_order_side":"buy","order_filled_timestamp":1765022400000,"ft_is_entry":true,"ft_order_tag":"","cost":322.70382143999996},{"amount":2308.0,"safe_price":0.13995963963963962,"ft_order_side":"sell","order_filled_timestamp":1765029600000,"ft_is_entry":false,"ft_order_tag":"roi","cost":323.3498751365765}],"funding_fees":0.0,"weekday":5},{"pair":"DOGE/USDT","stake_amount":322.39046,"max_stake_amount":322.39046,"amount":2357.0,"open_date":"2025-12-15 06:00:00+00:00","close_date":"2025-12-15 09:00:00+00:00","open_rate":0.13678,"close_rate":0.13705383383383382,"fee_open":0.001,"fee_close":0.001,"trade_duration":180,"profit_ratio":0.0,"profit_abs":0.0,"exit_reason":"roi","initial_stop_loss_abs":0.12995,"initial_stop_loss_ratio":-0.05,"stop_loss_abs":0.12995,"stop_loss_ratio":-0.05,"min_rate":0.13601,"max_rate":0.13738,"is_open":false,"enter_tag":"","leverage":1.0,"is_short":false,"open_timestamp":1765778400000,"close_timestamp":1765789200000,"orders":[{"amount":2357.0,"safe_price":0.13678,"ft_order_side":"buy","order_filled_timestamp":1765778400000,"ft_is_entry":true,"ft_order_tag":"","cost":322.71285045999997},{"amount":2357.0,"safe_price":0.13705383383383382,"ft_order_side":"sell","order_filled_timestamp":1765789200000,"ft_is_entry":false,"ft_order_tag":"roi","cost":323.35892223269263}],"funding_fees":0.0,"weekday":0},{"pair":"DOGE/USDT","stake_amount":322.325,"max_stake_amount":322.325,"amount":2500.0,"open_date":"2025-12-16 10:00:00+00:00","close_date":"2025-12-16 12:00:00+00:00","open_rate":0.12893,"close_rate":0.13166,"fee_open":0.001,"fee_close":0.001,"trade_duration":120,"profit_ratio":0.019133972364407482,"profit_abs":6.173525,"exit_reason":"roi","initial_stop_loss_abs":0.12249,"initial_stop_loss_ratio":-0.05,"stop_loss_abs":0.12249,"stop_loss_ratio":-0.05,"min_rate":0.12874,"max_rate":0.13205,"is_open":false,"enter_tag":"","leverage":1.0,"is_short":false,"open_timestamp":1765879200000,"close_timestamp":1765886400000,"orders":[{"amount":2500.0,"safe_price":0.12893,"ft_order_side":"buy","order_filled_timestamp":1765879200000,"ft_is_entry":true,"ft_order_tag":"","cost":322.64732499999997},{"amount":2500.0,"safe_price":0.13166,"ft_order_side":"sell","order_filled_timestamp":1765886400000,"ft_is_entry":false,"ft_order_tag":"roi","cost":329.47914999999995}],"funding_fees":0.0,"weekday":1},{"pair":"DOGE/USDT","stake_amount":324.41736,"max_stake_amount":324.41736,"amount":2602.0,"open_date":"2026-01-01 16:00:00+00:00","close_date":"2026-01-01 18:00:00+00:00","open_rate":0.12468,"close_rate":0.1249296096096096,"fee_open":0.001,"fee_close":0.001,"trade_duration":120,"profit_ratio":0.0,"profit_abs":0.0,"exit_reason":"roi","initial_stop_loss_abs":0.11845,"initial_stop_loss_ratio":-0.05,"stop_loss_abs":0.11845,"stop_loss_ratio":-0.05,"min_rate":0.12363,"max_rate":0.12555,"is_open":false,"enter_tag":"","leverage":1.0,"is_short":false,"open_timestamp":1767283200000,"close_timestamp":1767290400000,"orders":[{"amount":2602.0,"safe_price":0.12468,"ft_order_side":"buy","order_filled_timestamp":1767283200000,"ft_is_entry":true,"ft_order_tag":"","cost":324.74177735999996},{"amount":2602.0,"safe_price":0.1249296096096096,"ft_order_side":"sell","order_filled_timestamp":1767290400000,"ft_is_entry":false,"ft_order_tag":"roi","cost":325.39191104840836}],"funding_fees":0.0,"weekday":3},{"pair":"DOGE/USDT","stake_amount":324.41332,"max_stake_amount":324.41332,"amount":2156.0,"open_date":"2026-01-05 01:00:00+00:00","close_date":"2026-01-05 03:00:00+00:00","open_rate":0.15047,"close_rate":0.1519,"fee_open":0.001,"fee_close":0.001,"trade_duration":120,"profit_ratio":0.007486565405087369,"profit_abs":2.43117028,"exit_reason":"roi","initial_stop_loss_abs":0.14295,"initial_stop_loss_ratio":-0.05,"stop_loss_abs":0.14295,"stop_loss_ratio":-0.05,"min_rate":0.15004,"max_rate":0.15248,"is_open":false,"enter_tag":"","leverage":1.0,"is_short":false,"open_timestamp":1767574800000,"close_timestamp":1767582000000,"orders":[{"amount":2156.0,"safe_price":0.15047,"ft_order_side":"buy","order_filled_timestamp":1767574800000,"ft_is_entry":true,"ft_order_tag":"","cost":324.73773331999996},{"amount":2156.0,"safe_price":0.1519,"ft_order_side":"sell","order_filled_timestamp":1767582000000,"ft_is_entry":false,"ft_order_tag":"roi","cost":327.82389639999997}],"funding_fees":0.0,"weekday":0},{"pair":"DOGE/USDT","stake_amount":325.21662,"max_stake_amount":325.21662,"amount":2194.0,"open_date":"2026-01-05 15:00:00+00:00","close_date":"2026-01-05 17:00:00+00:00","open_rate":0.14823,"close_rate":0.15047,"fee_open":0.001,"fee_close":0.001,"trade_duration":120,"profit_ratio":0.013083455706406526,"profit_abs":4.2592122,"exit_reason":"roi","initial_stop_loss_abs":0.14082,"initial_stop_loss_ratio":-0.05,"stop_loss_abs":0.14082,"stop_loss_ratio":-0.05,"min_rate":0.14648,"max_rate":0.15386,"is_open":false,"enter_tag":"","leverage":1.0,"is_short":false,"open_timestamp":1767625200000,"close_timestamp":1767632400000,"orders":[{"amount":2194.0,"safe_price":0.14823,"ft_order_side":"buy","order_filled_timestamp":1767625200000,"ft_is_entry":true,"ft_order_tag":"","cost":325.54183661999997},{"amount":2194.0,"safe_price":0.15047,"ft_order_side":"sell","order_filled_timestamp":1767632400000,"ft_is_entry":false,"ft_order_tag":"roi","cost":330.46131117999994}],"funding_fees":0.0,"weekday":0}],"locks":[],"best_pair":{"key":"DOGE/USDT","trades":29,"profit_mean":-0.00100173663719196,"profit_mean_pct":-0.1,"profit_total_abs":-10.085303929999998,"profit_total":-0.01008530393,"profit_total_pct":-1.01,"duration_avg":"3:10:00","wins":13,"draws":13,"losses":3,"winrate":0.4482758620689655,"cagr":-0.037424254589042194,"expectancy":-0.3477691010344828,"expectancy_ratio":-0.46870402211634477,"sortino":-8.905743901725591,"sharpe":-0.3285269880345141,"calmar":-4.135275156779642,"sqn":-0.3044,"profit_factor":0.8025277862086669,"max_drawdown_account":0.04803516382772219,"max_drawdown_abs":48.476830660000005},"worst_pair":{"key":"DOGE/USDT","trades":29,"profit_mean":-0.00100173663719196,"profit_mean_pct":-0.1,"profit_total_abs":-10.085303929999998,"profit_total":-0.01008530393,"profit_total_pct":-1.01,"duration_avg":"3:10:00","wins":13,"draws":13,"losses":3,"winrate":0.4482758620689655,"cagr":-0.037424254589042194,"expectancy":-0.3477691010344828,"expectancy_ratio":-0.46870402211634477,"sortino":-8.905743901725591,"sharpe":-0.3285269880345141,"calmar":-4.135275156779642,"sqn":-0.3044,"profit_factor":0.8025277862086669,"max_drawdown_account":0.04803516382772219,"max_drawdown_abs":48.476830660000005},"results_per_pair":[{"key":"DOGE/USDT","trades":29,"profit_mean":-0.00100173663719196,"profit_mean_pct":-0.1,"profit_total_abs":-10.085303929999998,"profit_total":-0.01008530393,"profit_total_pct":-1.01,"duration_avg":"3:10:00","wins":13,"draws":13,"losses":3,"winrate":0.4482758620689655,"cagr":-0.037424254589042194,"expectancy":-0.3477691010344828,"expectancy_ratio":-0.46870402211634477,"sortino":-8.905743901725591,"sharpe":-0.3285269880345141,"calmar":-4.135275156779642,"sqn":-0.3044,"profit_factor":0.8025277862086669,"max_drawdown_account":0.04803516382772219,"max_drawdown_abs":48.476830660000005},{"key":"TOTAL","trades":29,"profit_mean":-0.00100173663719196,"profit_mean_pct":-0.1,"profit_total_abs":-10.085303929999998,"profit_total":-0.01008530393,"profit_total_pct":-1.01,"duration_avg":"3:10:00","wins":13,"draws":13,"losses":3,"winrate":0.4482758620689655,"cagr":-0.037424254589042194,"expectancy":-0.3477691010344828,"expectancy_ratio":-0.46870402211634477,"sortino":-8.905743901725591,"sharpe":-0.3285269880345141,"calmar":-4.135275156779642,"sqn":-0.3044,"profit_factor":0.8025277862086669,"max_drawdown_account":0.04803516382772219,"max_drawdown_abs":48.476830660000005}],"results_per_enter_tag":[{"key":"","trades":29,"profit_mean":-0.00100173663719196,"profit_mean_pct":-0.1,"profit_total_abs":-10.085303929999998,"profit_total":-0.01008530393,"profit_total_pct":-1.01,"duration_avg":"3:10:00","wins":13,"draws":13,"losses":3,"winrate":0.4482758620689655,"cagr":-0.037424254589042194,"expectancy":-0.3477691010344828,"expectancy_ratio":-0.46870402211634477,"sortino":-8.905743901725591,"sharpe":-0.3285269880345141,"calmar":-4.135275156779642,"sqn":-0.3044,"profit_factor":0.8025277862086669,"max_drawdown_account":0.04803516382772219,"max_drawdown_abs":48.476830660000005},{"key":"TOTAL","trades":29,"profit_mean":-0.00100173663719196,"profit_mean_pct":-0.1,"profit_total_abs":-10.085303929999998,"profit_total":-0.01008530393,"profit_total_pct":-1.01,"duration_avg":"3:10:00","wins":13,"draws":13,"losses":3,"winrate":0.4482758620689655,"cagr":-0.037424254589042194,"expectancy":-0.3477691010344828,"expectancy_ratio":-0.46870402211634477,"sortino":-8.905743901725591,"sharpe":-0.3285269880345141,"calmar":-4.135275156779642,"sqn":-0.3044,"profit_factor":0.8025277862086669,"max_drawdown_account":0.04803516382772219,"max_drawdown_abs":48.476830660000005}],"exit_reason_summary":[{"key":"roi","trades":26,"profit_mean":0.00486872678784105,"profit_mean_pct":0.49,"profit_total_abs":40.9867114,"profit_total":0.0409867114,"profit_total_pct":4.1,"duration_avg":"3:23:00","wins":13,"draws":13,"losses":0,"winrate":0.5,"cagr":0.1631728459828905,"expectancy":1.5764119769230769,"expectancy_ratio":100.0,"sortino":-100,"sharpe":3.617386796754593,"calmar":-100,"sqn":3.532,"profit_factor":0.0,"max_drawdown_account":0.0,"max_drawdown_abs":0.0},{"key":"stop_loss","trades":3,"profit_mean":-0.051879086320811375,"profit_mean_pct":-5.19,"profit_total_abs":-51.07201533,"profit_total":-0.05107201533,"profit_total_pct":-5.11,"duration_avg":"1:20:00","wins":0,"draws":0,"losses":3,"winrate":0.0,"cagr":-0.17902237953135114,"expectancy":-17.02400511,"expectancy_ratio":-1.0,"sortino":-45.09871910959689,"sharpe":-45.09871910959689,"calmar":-19.695848633549275,"sqn":-107.9402,"profit_factor":0.0,"max_drawdown_account":0.05107201533,"max_drawdown_abs":51.07201533},{"key":"TOTAL","trades":29,"profit_mean":-0.00100173663719196,"profit_mean_pct":-0.1,"profit_total_abs":-10.085303929999998,"profit_total":-0.01008530393,"profit_total_pct":-1.01,"duration_avg":"3:10:00","wins":13,"draws":13,"losses":3,"winrate":0.4482758620689655,"cagr":-0.037424254589042194,"expectancy":-0.3477691010344828,"expectancy_ratio":-0.46870402211634477,"sortino":-8.905743901725591,"sharpe":-0.3285269880345141,"calmar":-4.135275156779642,"sqn":-0.3044,"profit_factor":0.8025277862086669,"max_drawdown_account":0.04803516382772219,"max_drawdown_abs":48.476830660000005}],"mix_tag_stats":[{"key":["","roi"],"trades":26,"profit_mean":0.00486872678784105,"profit_mean_pct":0.49,"profit_total_abs":40.9867114,"profit_total":0.0409867114,"profit_total_pct":4.1,"duration_avg":"3:23:00","wins":13,"draws":13,"losses":0,"winrate":0.5,"cagr":0.1631728459828905,"expectancy":1.5764119769230769,"expectancy_ratio":100.0,"sortino":-100,"sharpe":3.617386796754593,"calmar":-100,"sqn":3.532,"profit_factor":0.0,"max_drawdown_account":0.0,"max_drawdown_abs":0.0},{"key":["","stop_loss"],"trades":3,"profit_mean":-0.051879086320811375,"profit_mean_pct":-5.19,"profit_total_abs":-51.07201533,"profit_total":-0.05107201533,"profit_total_pct":-5.11,"duration_avg":"1:20:00","wins":0,"draws":0,"losses":3,"winrate":0.0,"cagr":-0.17902237953135114,"expectancy":-17.02400511,"expectancy_ratio":-1.0,"sortino":-45.09871910959689,"sharpe":-45.09871910959689,"calmar":-19.695848633549275,"sqn":-107.9402,"profit_factor":0.0,"max_drawdown_account":0.05107201533,"max_drawdown_abs":51.07201533},{"key":"TOTAL","trades":29,"profit_mean":-0.00100173663719196,"profit_mean_pct":-0.1,"profit_total_abs":-10.085303929999998,"profit_total":-0.01008530393,"profit_total_pct":-1.01,"duration_avg":"3:10:00","wins":13,"draws":13,"losses":3,"winrate":0.4482758620689655,"cagr":-0.037424254589042194,"expectancy":-0.3477691010344828,"expectancy_ratio":-0.46870402211634477,"sortino":-8.905743901725591,"sharpe":-0.3285269880345141,"calmar":-4.135275156779642,"sqn":-0.3044,"profit_factor":0.8025277862086669,"max_drawdown_account":0.04803516382772219,"max_drawdown_abs":48.476830660000005}],"left_open_trades":[{"key":"TOTAL","trades":0,"profit_mean":0.0,"profit_mean_pct":0.0,"profit_total_abs":0.0,"profit_total":0.0,"profit_total_pct":0.0,"duration_avg":"0:00","wins":0,"draws":0,"losses":0,"winrate":0.0,"cagr":0.0,"expectancy":0.0,"expectancy_ratio":100.0,"sortino":0,"sharpe":0,"calmar":0,"sqn":0.0,"profit_factor":0.0,"max_drawdown_account":0.0,"max_drawdown_abs":0.0}],"total_trades":29,"trade_count_long":29,"trade_count_short":0,"total_volume":18864.328421948016,"avg_stake_amount":324.7710820689655,"profit_mean":-0.00100173663719196,"profit_median":0.0,"profit_total":-0.01008530393,"profit_total_long":-0.01008530393,"profit_total_short":0.0,"profit_total_abs":-10.085303929999998,"profit_total_long_abs":-10.085303929999998,"profit_total_short_abs":0.0,"cagr":-0.037424254589042194,"expectancy":-0.3477691010344828,"expectancy_ratio":-0.46870402211634477,"sortino":-8.905743901725591,"sharpe":-0.3285269880345141,"calmar":-4.135275156779642,"sqn":-0.3044,"profit_factor":0.8025277862086669,"backtest_start":"2025-10-01 00:00:00","backtest_start_ts":1759276800000,"backtest_end":"2026-01-06 20:00:00","backtest_end_ts":1767729600000,"backtest_days":97,"backtest_run_start_ts":1767740236,"backtest_run_end_ts":1767740236,"trades_per_day":0.3,"market_change":-0.36632086436227446,"pairlist":["DOGE/USDT"],"stake_amount":"unlimited","stake_currency":"USDT","stake_currency_decimals":3,"starting_balance":1000,"dry_run_wallet":1000,"final_balance":989.91469607,"rejected_signals":0,"timedout_entry_orders":0,"timedout_exit_orders":0,"canceled_trade_entries":0,"canceled_entry_orders":0,"replaced_entry_orders":0,"max_open_trades":1,"max_open_trades_setting":3,"timeframe":"1h","timeframe_detail":"","timerange":"20251001-","enable_protections":false,"strategy_name":"ACO_19_23","freqaimodel":null,"freqai_identifier":null,"stoploss":-0.05,"trailing_stop":false,"trailing_stop_positive":null,"trailing_stop_positive_offset":0.0,"trailing_only_offset_is_reached":false,"use_custom_stoploss":false,"minimal_roi":{"0":0.1,"60":0.05,"120":0.0},"use_exit_signal":true,"exit_profit_only":false,"exit_profit_offset":0.0,"ignore_roi_if_entry_signal":false,"trading_mode":"spot","margin_mode":"","periodic_breakdown":{"day":[{"date":"02/10/2025","date_ts":1759363200000,"profit_abs":3.1262117,"wins":1,"draws":0,"losses":0,"trades":1,"profit_factor":0.0},{"date":"03/10/2025","date_ts":1759449600000,"profit_abs":0.0,"wins":0,"draws":1,"losses":0,"trades":1,"profit_factor":0.0},{"date":"04/10/2025","date_ts":1759536000000,"profit_abs":0.0,"wins":0,"draws":0,"losses":0,"trades":0,"profit_factor":0.0},{"date":"05/10/2025","date_ts":1759622400000,"profit_abs":0.0,"wins":0,"draws":0,"losses":0,"trades":0,"profit_factor":0.0},{"date":"06/10/2025","date_ts":1759708800000,"profit_abs":0.0,"wins":0,"draws":0,"losses":0,"trades":0,"profit_factor":0.0},{"date":"07/10/2025","date_ts":1759795200000,"profit_abs":0.0,"wins":0,"draws":0,"losses":0,"trades":0,"profit_factor":0.0},{"date":"08/10/2025","date_ts":1759881600000,"profit_abs":1.76460922,"wins":1,"draws":0,"losses":0,"trades":1,"profit_factor":0.0},{"date":"09/10/2025","date_ts":1759968000000,"profit_abs":0.0,"wins":0,"draws":0,"losses":0,"trades":0,"profit_factor":0.0},{"date":"10/10/2025","date_ts":1760054400000,"profit_abs":0.0,"wins":0,"draws":0,"losses":0,"trades":0,"profit_factor":0.0},{"date":"11/10/2025","date_ts":1760140800000,"profit_abs":0.0,"wins":0,"draws":0,"losses":0,"trades":0,"profit_factor":0.0},{"date":"12/10/2025","date_ts":1760227200000,"profit_abs":4.3038356,"wins":1,"draws":0,"losses":0,"trades":1,"profit_factor":0.0},{"date":"13/10/2025","date_ts":1760313600000,"profit_abs":0.0,"wins":0,"draws":0,"losses":0,"trades":0,"profit_factor":0.0},{"date":"14/10/2025","date_ts":1760400000000,"profit_abs":0.0,"wins":0,"draws":0,"losses":0,"trades":0,"profit_factor":0.0},{"date":"15/10/2025","date_ts":1760486400000,"profit_abs":0.0,"wins":0,"draws":0,"losses":0,"trades":0,"profit_factor":0.0},{"date":"16/10/2025","date_ts":1760572800000,"profit_abs":-17.29484074,"wins":0,"draws":1,"losses":1,"trades":2,"profit_factor":0.0},{"date":"17/10/2025","date_ts":1760659200000,"profit_abs":0.0,"wins":0,"draws":0,"losses":0,"trades":0,"profit_factor":0.0},{"date":"18/10/2025","date_ts":1760745600000,"profit_abs":0.0,"wins":0,"draws":1,"losses":0,"trades":1,"profit_factor":0.0},{"date":"19/10/2025","date_ts":1760832000000,"profit_abs":0.0,"wins":0,"draws":0,"losses":0,"trades":0,"profit_factor":0.0},{"date":"20/10/2025","date_ts":1760918400000,"profit_abs":0.0,"wins":0,"draws":0,"losses":0,"trades":0,"profit_factor":0.0},{"date":"21/10/2025","date_ts":1761004800000,"profit_abs":0.0,"wins":0,"draws":0,"losses":0,"trades":0,"profit_factor":0.0},{"date":"22/10/2025","date_ts":1761091200000,"profit_abs":0.0,"wins":0,"draws":1,"losses":0,"trades":1,"profit_factor":0.0},{"date":"23/10/2025","date_ts":1761177600000,"profit_abs":2.59518467,"wins":1,"draws":0,"losses":0,"trades":1,"profit_factor":0.0},{"date":"24/10/2025","date_ts":1761264000000,"profit_abs":0.0,"wins":0,"draws":0,"losses":0,"trades":0,"profit_factor":0.0},{"date":"25/10/2025","date_ts":1761350400000,"profit_abs":0.0,"wins":0,"draws":0,"losses":0,"trades":0,"profit_factor":0.0},{"date":"26/10/2025","date_ts":1761436800000,"profit_abs":0.0,"wins":0,"draws":0,"losses":0,"trades":0,"profit_factor":0.0},{"date":"27/10/2025","date_ts":1761523200000,"profit_abs":0.0,"wins":0,"draws":0,"losses":0,"trades":0,"profit_factor":0.0},{"date":"28/10/2025","date_ts":1761609600000,"profit_abs":0.0,"wins":0,"draws":0,"losses":0,"trades":0,"profit_factor":0.0},{"date":"29/10/2025","date_ts":1761696000000,"profit_abs":0.0,"wins":0,"draws":1,"losses":0,"trades":1,"profit_factor":0.0},{"date":"30/10/2025","date_ts":1761782400000,"profit_abs":0.0,"wins":0,"draws":0,"losses":0,"trades":0,"profit_factor":0.0},{"date":"31/10/2025","date_ts":1761868800000,"profit_abs":0.0,"wins":0,"draws":1,"losses":0,"trades":1,"profit_factor":0.0},{"date":"01/11/2025","date_ts":1761955200000,"profit_abs":0.0,"wins":0,"draws":0,"losses":0,"trades":0,"profit_factor":0.0},{"date":"02/11/2025","date_ts":1762041600000,"profit_abs":0.0,"wins":0,"draws":0,"losses":0,"trades":0,"profit_factor":0.0},{"date":"03/11/2025","date_ts":1762128000000,"profit_abs":-17.02862299,"wins":0,"draws":0,"losses":1,"trades":1,"profit_factor":0.0},{"date":"04/11/2025","date_ts":1762214400000,"profit_abs":-7.4268926,"wins":2,"draws":0,"losses":1,"trades":3,"profit_factor":0.55656508},{"date":"05/11/2025","date_ts":1762300800000,"profit_abs":0.0,"wins":0,"draws":0,"losses":0,"trades":0,"profit_factor":0.0},{"date":"06/11/2025","date_ts":1762387200000,"profit_abs":0.0,"wins":0,"draws":0,"losses":0,"trades":0,"profit_factor":0.0},{"date":"07/11/2025","date_ts":1762473600000,"profit_abs":0.0,"wins":0,"draws":0,"losses":0,"trades":0,"profit_factor":0.0},{"date":"08/11/2025","date_ts":1762560000000,"profit_abs":0.0,"wins":0,"draws":0,"losses":0,"trades":0,"profit_factor":0.0},{"date":"09/11/2025","date_ts":1762646400000,"profit_abs":0.0,"wins":0,"draws":0,"losses":0,"trades":0,"profit_factor":0.0},{"date":"10/11/2025","date_ts":1762732800000,"profit_abs":0.0,"wins":0,"draws":0,"losses":0,"trades":0,"profit_factor":0.0},{"date":"11/11/2025","date_ts":1762819200000,"profit_abs":0.0,"wins":0,"draws":0,"losses":0,"trades":0,"profit_factor":0.0},{"date":"12/11/2025","date_ts":1762905600000,"profit_abs":0.0,"wins":0,"draws":0,"losses":0,"trades":0,"profit_factor":0.0},{"date":"13/11/2025","date_ts":1762992000000,"profit_abs":0.0,"wins":0,"draws":0,"losses":0,"trades":0,"profit_factor":0.0},{"date":"14/11/2025","date_ts":1763078400000,"profit_abs":0.0,"wins":0,"draws":0,"losses":0,"trades":0,"profit_factor":0.0},{"date":"15/11/2025","date_ts":1763164800000,"profit_abs":0.1057956,"wins":1,"draws":0,"losses":0,"trades":1,"profit_factor":0.0},{"date":"16/11/2025","date_ts":1763251200000,"profit_abs":0.0,"wins":0,"draws":0,"losses":0,"trades":0,"profit_factor":0.0},{"date":"17/11/2025","date_ts":1763337600000,"profit_abs":0.0,"wins":0,"draws":0,"losses":0,"trades":0,"profit_factor":0.0},{"date":"18/11/2025","date_ts":1763424000000,"profit_abs":0.0,"wins":0,"draws":1,"losses":0,"trades":1,"profit_factor":0.0},{"date":"19/11/2025","date_ts":1763510400000,"profit_abs":0.0,"wins":0,"draws":0,"losses":0,"trades":0,"profit_factor":0.0},{"date":"20/11/2025","date_ts":1763596800000,"profit_abs":0.0,"wins":0,"draws":0,"losses":0,"trades":0,"profit_factor":0.0},{"date":"21/11/2025","date_ts":1763683200000,"profit_abs":0.0,"wins":0,"draws":0,"losses":0,"trades":0,"profit_factor":0.0},{"date":"22/11/2025","date_ts":1763769600000,"profit_abs":0.0,"wins":0,"draws":1,"losses":0,"trades":1,"profit_factor":0.0},{"date":"23/11/2025","date_ts":1763856000000,"profit_abs":2.0227086,"wins":1,"draws":1,"losses":0,"trades":2,"profit_factor":0.0},{"date":"24/11/2025","date_ts":1763942400000,"profit_abs":4.1315736,"wins":1,"draws":0,"losses":0,"trades":1,"profit_factor":0.0},{"date":"25/11/2025","date_ts":1764028800000,"profit_abs":0.0,"wins":0,"draws":0,"losses":0,"trades":0,"profit_factor":0.0},{"date":"26/11/2025","date_ts":1764115200000,"profit_abs":0.0,"wins":0,"draws":0,"losses":0,"trades":0,"profit_factor":0.0},{"date":"27/11/2025","date_ts":1764201600000,"profit_abs":0.0,"wins":0,"draws":0,"losses":0,"trades":0,"profit_factor":0.0},{"date":"28/11/2025","date_ts":1764288000000,"profit_abs":0.0,"wins":0,"draws":0,"losses":0,"trades":0,"profit_factor":0.0},{"date":"29/11/2025","date_ts":1764374400000,"profit_abs":0.0,"wins":0,"draws":0,"losses":0,"trades":0,"profit_factor":0.0},{"date":"30/11/2025","date_ts":1764460800000,"profit_abs":0.0,"wins":0,"draws":0,"losses":0,"trades":0,"profit_factor":0.0},{"date":"01/12/2025","date_ts":1764547200000,"profit_abs":0.0,"wins":0,"draws":0,"losses":0,"trades":0,"profit_factor":0.0},{"date":"02/12/2025","date_ts":1764633600000,"profit_abs":0.0,"wins":0,"draws":1,"losses":0,"trades":1,"profit_factor":0.0},{"date":"03/12/2025","date_ts":1764720000000,"profit_abs":0.75122593,"wins":1,"draws":0,"losses":0,"trades":1,"profit_factor":0.0},{"date":"04/12/2025","date_ts":1764806400000,"profit_abs":0.0,"wins":0,"draws":0,"losses":0,"trades":0,"profit_factor":0.0},{"date":"05/12/2025","date_ts":1764892800000,"profit_abs":0.0,"wins":0,"draws":0,"losses":0,"trades":0,"profit_factor":0.0},{"date":"06/12/2025","date_ts":1764979200000,"profit_abs":0.0,"wins":0,"draws":1,"losses":0,"trades":1,"profit_factor":0.0},{"date":"07/12/2025","date_ts":1765065600000,"profit_abs":0.0,"wins":0,"draws":0,"losses":0,"trades":0,"profit_factor":0.0},{"date":"08/12/2025","date_ts":1765152000000,"profit_abs":0.0,"wins":0,"draws":0,"losses":0,"trades":0,"profit_factor":0.0},{"date":"09/12/2025","date_ts":1765238400000,"profit_abs":0.0,"wins":0,"draws":0,"losses":0,"trades":0,"profit_factor":0.0},{"date":"10/12/2025","date_ts":1765324800000,"profit_abs":0.0,"wins":0,"draws":0,"losses":0,"trades":0,"profit_factor":0.0},{"date":"11/12/2025","date_ts":1765411200000,"profit_abs":0.0,"wins":0,"draws":0,"losses":0,"trades":0,"profit_factor":0.0},{"date":"12/12/2025","date_ts":1765497600000,"profit_abs":0.0,"wins":0,"draws":0,"losses":0,"trades":0,"profit_factor":0.0},{"date":"13/12/2025","date_ts":1765584000000,"profit_abs":0.0,"wins":0,"draws":0,"losses":0,"trades":0,"profit_factor":0.0},{"date":"14/12/2025","date_ts":1765670400000,"profit_abs":0.0,"wins":0,"draws":0,"losses":0,"trades":0,"profit_factor":0.0},{"date":"15/12/2025","date_ts":1765756800000,"profit_abs":0.0,"wins":0,"draws":1,"losses":0,"trades":1,"profit_factor":0.0},{"date":"16/12/2025","date_ts":1765843200000,"profit_abs":6.173525,"wins":1,"draws":0,"losses":0,"trades":1,"profit_factor":0.0},{"date":"17/12/2025","date_ts":1765929600000,"profit_abs":0.0,"wins":0,"draws":0,"losses":0,"trades":0,"profit_factor":0.0},{"date":"18/12/2025","date_ts":1766016000000,"profit_abs":0.0,"wins":0,"draws":0,"losses":0,"trades":0,"profit_factor":0.0},{"date":"19/12/2025","date_ts":1766102400000,"profit_abs":0.0,"wins":0,"draws":0,"losses":0,"trades":0,"profit_factor":0.0},{"date":"20/12/2025","date_ts":1766188800000,"profit_abs":0.0,"wins":0,"draws":0,"losses":0,"trades":0,"profit_factor":0.0},{"date":"21/12/2025","date_ts":1766275200000,"profit_abs":0.0,"wins":0,"draws":0,"losses":0,"trades":0,"profit_factor":0.0},{"date":"22/12/2025","date_ts":1766361600000,"profit_abs":0.0,"wins":0,"draws":0,"losses":0,"trades":0,"profit_factor":0.0},{"date":"23/12/2025","date_ts":1766448000000,"profit_abs":0.0,"wins":0,"draws":0,"losses":0,"trades":0,"profit_factor":0.0},{"date":"24/12/2025","date_ts":1766534400000,"profit_abs":0.0,"wins":0,"draws":0,"losses":0,"trades":0,"profit_factor":0.0},{"date":"25/12/2025","date_ts":1766620800000,"profit_abs":0.0,"wins":0,"draws":0,"losses":0,"trades":0,"profit_factor":0.0},{"date":"26/12/2025","date_ts":1766707200000,"profit_abs":0.0,"wins":0,"draws":0,"losses":0,"trades":0,"profit_factor":0.0},{"date":"27/12/2025","date_ts":1766793600000,"profit_abs":0.0,"wins":0,"draws":0,"losses":0,"trades":0,"profit_factor":0.0},{"date":"28/12/2025","date_ts":1766880000000,"profit_abs":0.0,"wins":0,"draws":0,"losses":0,"trades":0,"profit_factor":0.0},{"date":"29/12/2025","date_ts":1766966400000,"profit_abs":0.0,"wins":0,"draws":0,"losses":0,"trades":0,"profit_factor":0.0},{"date":"30/12/2025","date_ts":1767052800000,"profit_abs":0.0,"wins":0,"draws":0,"losses":0,"trades":0,"profit_factor":0.0},{"date":"31/12/2025","date_ts":1767139200000,"profit_abs":0.0,"wins":0,"draws":0,"losses":0,"trades":0,"profit_factor":0.0},{"date":"01/01/2026","date_ts":1767225600000,"profit_abs":0.0,"wins":0,"draws":1,"losses":0,"trades":1,"profit_factor":0.0},{"date":"02/01/2026","date_ts":1767312000000,"profit_abs":0.0,"wins":0,"draws":0,"losses":0,"trades":0,"profit_factor":0.0},{"date":"03/01/2026","date_ts":1767398400000,"profit_abs":0.0,"wins":0,"draws":0,"losses":0,"trades":0,"profit_factor":0.0},{"date":"04/01/2026","date_ts":1767484800000,"profit_abs":0.0,"wins":0,"draws":0,"losses":0,"trades":0,"profit_factor":0.0},{"date":"05/01/2026","date_ts":1767571200000,"profit_abs":6.69038248,"wins":2,"draws":0,"losses":0,"trades":2,"profit_factor":0.0}],"week":[{"date":"06/10/2025","date_ts":1759708800000,"profit_abs":3.1262117,"wins":1,"draws":1,"losses":0,"trades":2,"profit_factor":0.0},{"date":"13/10/2025","date_ts":1760313600000,"profit_abs":6.06844482,"wins":2,"draws":0,"losses":0,"trades":2,"profit_factor":0.0},{"date":"20/10/2025","date_ts":1760918400000,"profit_abs":-17.29484074,"wins":0,"draws":2,"losses":1,"trades":3,"profit_factor":0.0},{"date":"27/10/2025","date_ts":1761523200000,"profit_abs":2.59518467,"wins":1,"draws":1,"losses":0,"trades":2,"profit_factor":0.0},{"date":"03/11/2025","date_ts":1762128000000,"profit_abs":-17.02862299,"wins":0,"draws":2,"losses":1,"trades":3,"profit_factor":0.0},{"date":"10/11/2025","date_ts":1762732800000,"profit_abs":-7.4268926,"wins":2,"draws":0,"losses":1,"trades":3,"profit_factor":0.55656508},{"date":"17/11/2025","date_ts":1763337600000,"profit_abs":0.1057956,"wins":1,"draws":0,"losses":0,"trades":1,"profit_factor":0.0},{"date":"24/11/2025","date_ts":1763942400000,"profit_abs":6.1542822,"wins":2,"draws":3,"losses":0,"trades":5,"profit_factor":0.0},{"date":"01/12/2025","date_ts":1764547200000,"profit_abs":0.0,"wins":0,"draws":0,"losses":0,"trades":0,"profit_factor":0.0},{"date":"08/12/2025","date_ts":1765152000000,"profit_abs":0.75122593,"wins":1,"draws":2,"losses":0,"trades":3,"profit_factor":0.0},{"date":"15/12/2025","date_ts":1765756800000,"profit_abs":0.0,"wins":0,"draws":1,"losses":0,"trades":1,"profit_factor":0.0},{"date":"22/12/2025","date_ts":1766361600000,"profit_abs":6.173525,"wins":1,"draws":0,"losses":0,"trades":1,"profit_factor":0.0},{"date":"29/12/2025","date_ts":1766966400000,"profit_abs":0.0,"wins":0,"draws":0,"losses":0,"trades":0,"profit_factor":0.0},{"date":"05/01/2026","date_ts":1767571200000,"profit_abs":6.69038248,"wins":2,"draws":1,"losses":0,"trades":3,"profit_factor":0.0}],"month":[{"date":"31/10/2025","date_ts":1761868800000,"profit_abs":-5.50499955,"wins":4,"draws":6,"losses":1,"trades":11,"profit_factor":0.68169701},{"date":"30/11/2025","date_ts":1764460800000,"profit_abs":-18.19543779,"wins":5,"draws":3,"losses":2,"trades":10,"profit_factor":0.46130966},{"date":"31/12/2025","date_ts":1767139200000,"profit_abs":6.92475093,"wins":2,"draws":3,"losses":0,"trades":5,"profit_factor":0.0},{"date":"31/01/2026","date_ts":1769817600000,"profit_abs":6.69038248,"wins":2,"draws":1,"losses":0,"trades":3,"profit_factor":0.0}],"year":[{"date":"31/12/2025","date_ts":1767139200000,"profit_abs":-16.77568641,"wins":11,"draws":12,"losses":3,"trades":26,"profit_factor":0.6715288},{"date":"31/12/2026","date_ts":1798675200000,"profit_abs":6.69038248,"wins":2,"draws":1,"losses":0,"trades":3,"profit_factor":0.0}],"weekday":[{"date":"Monday","date_ts":0,"profit_abs":-6.20666691,"wins":3,"draws":1,"losses":1,"trades":5,"profit_factor":0.63551563},{"date":"Tuesday","date_ts":1,"profit_abs":-1.2533676,"wins":3,"draws":2,"losses":1,"trades":6,"profit_factor":0.92516561},{"date":"Wednesday","date_ts":2,"profit_abs":2.51583515,"wins":2,"draws":2,"losses":0,"trades":4,"profit_factor":0.0},{"date":"Thursday","date_ts":3,"profit_abs":-11.57344437,"wins":2,"draws":2,"losses":1,"trades":5,"profit_factor":0.33081521},{"date":"Friday","date_ts":4,"profit_abs":0.0,"wins":0,"draws":2,"losses":0,"trades":2,"profit_factor":0.0},{"date":"Saturday","date_ts":5,"profit_abs":0.1057956,"wins":1,"draws":3,"losses":0,"trades":4,"profit_factor":0.0},{"date":"Sunday","date_ts":6,"profit_abs":6.3265442,"wins":2,"draws":1,"losses":0,"trades":3,"profit_factor":0.0}]},"backtest_best_day":0.020570021111493895,"backtest_worst_day":-0.0518981018981019,"backtest_best_day_abs":6.69038248,"backtest_worst_day_abs":-17.29484074,"winning_days":10,"draw_days":83,"losing_days":3,"daily_profit":[["2025-10-02",3.1262117],["2025-10-03",0.0],["2025-10-04",0.0],["2025-10-05",0.0],["2025-10-06",0.0],["2025-10-07",0.0],["2025-10-08",1.76460922],["2025-10-09",0.0],["2025-10-10",0.0],["2025-10-11",0.0],["2025-10-12",4.3038356],["2025-10-13",0.0],["2025-10-14",0.0],["2025-10-15",0.0],["2025-10-16",-17.29484074],["2025-10-17",0.0],["2025-10-18",0.0],["2025-10-19",0.0],["2025-10-20",0.0],["2025-10-21",0.0],["2025-10-22",0.0],["2025-10-23",2.59518467],["2025-10-24",0.0],["2025-10-25",0.0],["2025-10-26",0.0],["2025-10-27",0.0],["2025-10-28",0.0],["2025-10-29",0.0],["2025-10-30",0.0],["2025-10-31",0.0],["2025-11-01",0.0],["2025-11-02",0.0],["2025-11-03",-17.02862299],["2025-11-04",-7.4268926],["2025-11-05",0.0],["2025-11-06",0.0],["2025-11-07",0.0],["2025-11-08",0.0],["2025-11-09",0.0],["2025-11-10",0.0],["2025-11-11",0.0],["2025-11-12",0.0],["2025-11-13",0.0],["2025-11-14",0.0],["2025-11-15",0.1057956],["2025-11-16",0.0],["2025-11-17",0.0],["2025-11-18",0.0],["2025-11-19",0.0],["2025-11-20",0.0],["2025-11-21",0.0],["2025-11-22",0.0],["2025-11-23",2.0227086],["2025-11-24",4.1315736],["2025-11-25",0.0],["2025-11-26",0.0],["2025-11-27",0.0],["2025-11-28",0.0],["2025-11-29",0.0],["2025-11-30",0.0],["2025-12-01",0.0],["2025-12-02",0.0],["2025-12-03",0.75122593],["2025-12-04",0.0],["2025-12-05",0.0],["2025-12-06",0.0],["2025-12-07",0.0],["2025-12-08",0.0],["2025-12-09",0.0],["2025-12-10",0.0],["2025-12-11",0.0],["2025-12-12",0.0],["2025-12-13",0.0],["2025-12-14",0.0],["2025-12-15",0.0],["2025-12-16",6.173525],["2025-12-17",0.0],["2025-12-18",0.0],["2025-12-19",0.0],["2025-12-20",0.0],["2025-12-21",0.0],["2025-12-22",0.0],["2025-12-23",0.0],["2025-12-24",0.0],["2025-12-25",0.0],["2025-12-26",0.0],["2025-12-27",0.0],["2025-12-28",0.0],["2025-12-29",0.0],["2025-12-30",0.0],["2025-12-31",0.0],["2026-01-01",0.0],["2026-01-02",0.0],["2026-01-03",0.0],["2026-01-04",0.0],["2026-01-05",6.69038248]],"wins":13,"losses":3,"draws":13,"winrate":0.4482758620689655,"holding_avg":"3:10:00","holding_avg_s":11400.0,"winner_holding_min":"0d 02:00","winner_holding_min_s":7200.0,"winner_holding_max":"0d 02:00","winner_holding_max_s":7200.0,"winner_holding_avg":"0d 02:00","winner_holding_avg_s":7200.0,"loser_holding_min":"0d 00:00","loser_holding_min_s":0.0,"loser_holding_max":"0d 03:00","loser_holding_max_s":10800.0,"loser_holding_avg":"0d 01:20","loser_holding_avg_s":4800.0,"max_consecutive_wins":3,"max_consecutive_losses":4,"max_drawdown_account":0.04803516382772219,"max_relative_drawdown":0.04803516382772219,"max_drawdown_abs":48.476830660000005,"drawdown_start":"2025-10-12 07:00:00","drawdown_start_ts":1760252400000.0,"drawdown_end":"2025-11-04 05:00:00","drawdown_end_ts":1762232400000.0,"drawdown_duration":"22 days 22:00:00","drawdown_duration_s":1980000.0,"max_drawdown_low":-39.28217414,"max_drawdown_high":9.194656519999999,"csum_min":960.71782586,"csum_max":1009.19465652}},"strategy_comparison":[{"key":"ACO_19_23","trades":29,"profit_mean":-0.00100173663719196,"profit_mean_pct":-0.1,"profit_total_abs":-10.085303929999998,"profit_total":-0.01008530393,"profit_total_pct":-1.01,"duration_avg":"3:10:00","wins":13,"draws":13,"losses":3,"winrate":0.4482758620689655,"cagr":-0.037424254589042194,"expectancy":-0.3477691010344828,"expectancy_ratio":-0.46870402211634477,"sortino":-8.905743901725591,"sharpe":-0.3285269880345141,"calmar":-4.135275156779642,"sqn":-0.3044,"profit_factor":0.8025277862086669,"max_drawdown_account":0.04803516382772219,"max_drawdown_abs":"48.477"}]}