{"strategy":{"ACO_29_4":{"trades":[{"pair":"DOGE/USDT","stake_amount":329.86071,"max_stake_amount":329.86071,"amount":1311.0,"open_date":"2025-10-02 15:00:00+00:00","close_date":"2025-10-02 17:00:00+00:00","open_rate":0.25161,"close_rate":0.25588,"fee_open":0.001,"fee_close":0.001,"trade_duration":120,"profit_ratio":0.014938799128616703,"profit_abs":4.93265061,"exit_reason":"roi","initial_stop_loss_abs":0.23903,"initial_stop_loss_ratio":-0.05,"stop_loss_abs":0.23903,"stop_loss_ratio":-0.05,"min_rate":0.25079,"max_rate":0.2578,"is_open":false,"enter_tag":"","leverage":1.0,"is_short":false,"open_timestamp":1759417200000,"close_timestamp":1759424400000,"orders":[{"amount":1311.0,"safe_price":0.25161,"ft_order_side":"buy","order_filled_timestamp":1759417200000,"ft_is_entry":true,"ft_order_tag":"","cost":330.19057071},{"amount":1311.0,"safe_price":0.25588,"ft_order_side":"sell","order_filled_timestamp":1759424400000,"ft_is_entry":false,"ft_order_tag":"roi","cost":335.79413868}],"funding_fees":0.0,"weekday":3},{"pair":"DOGE/USDT","stake_amount":331.50298,"max_stake_amount":331.50298,"amount":1291.0,"open_date":"2025-10-03 02:00:00+00:00","close_date":"2025-10-03 04:00:00+00:00","open_rate":0.25678,"close_rate":0.25925,"fee_open":0.001,"fee_close":0.001,"trade_duration":120,"profit_ratio":0.007601908178277054,"profit_abs":2.52257527,"exit_reason":"roi","initial_stop_loss_abs":0.24395,"initial_stop_loss_ratio":-0.05,"stop_loss_abs":0.24395,"stop_loss_ratio":-0.05,"min_rate":0.25664,"max_rate":0.26155,"is_open":false,"enter_tag":"","leverage":1.0,"is_short":false,"open_timestamp":1759456800000,"close_timestamp":1759464000000,"orders":[{"amount":1291.0,"safe_price":0.25678,"ft_order_side":"buy","order_filled_timestamp":1759456800000,"ft_is_entry":true,"ft_order_tag":"","cost":331.83448298},{"amount":1291.0,"safe_price":0.25925,"ft_order_side":"sell","order_filled_timestamp":1759464000000,"ft_is_entry":false,"ft_order_tag":"roi","cost":335.02644174999995}],"funding_fees":0.0,"weekday":4},{"pair":"DOGE/USDT","stake_amount":332.29049,"max_stake_amount":332.29049,"amount":1291.0,"open_date":"2025-10-03 06:00:00+00:00","close_date":"2025-10-03 13:00:00+00:00","open_rate":0.25739,"close_rate":0.25790529529529527,"fee_open":0.001,"fee_close":0.001,"trade_duration":420,"profit_ratio":0.0,"profit_abs":0.0,"exit_reason":"roi","initial_stop_loss_abs":0.24453,"initial_stop_loss_ratio":-0.05,"stop_loss_abs":0.24453,"stop_loss_ratio":-0.05,"min_rate":0.25361,"max_rate":0.25793,"is_open":false,"enter_tag":"","leverage":1.0,"is_short":false,"open_timestamp":1759471200000,"close_timestamp":1759496400000,"orders":[{"amount":1291.0,"safe_price":0.25739,"ft_order_side":"buy","order_filled_timestamp":1759471200000,"ft_is_entry":true,"ft_order_tag":"","cost":332.62278049},{"amount":1291.0,"safe_price":0.25790529529529527,"ft_order_side":"sell","order_filled_timestamp":1759496400000,"ft_is_entry":false,"ft_order_tag":"roi","cost":333.2886919624524}],"funding_fees":0.0,"weekday":4},{"pair":"DOGE/USDT","stake_amount":332.20932,"max_stake_amount":332.20932,"amount":1284.0,"open_date":"2025-10-05 12:00:00+00:00","close_date":"2025-10-06 10:00:00+00:00","open_rate":0.25873,"close_rate":0.259247977977978,"fee_open":0.001,"fee_close":0.001,"trade_duration":1320,"profit_ratio":0.0,"profit_abs":0.0,"exit_reason":"roi","initial_stop_loss_abs":0.2458,"initial_stop_loss_ratio":-0.05,"stop_loss_abs":0.2458,"stop_loss_ratio":-0.05,"min_rate":0.25057,"max_rate":0.2593,"is_open":false,"enter_tag":"","leverage":1.0,"is_short":false,"open_timestamp":1759665600000,"close_timestamp":1759744800000,"orders":[{"amount":1284.0,"safe_price":0.25873,"ft_order_side":"buy","order_filled_timestamp":1759665600000,"ft_is_entry":true,"ft_order_tag":"","cost":332.54152932},{"amount":1284.0,"safe_price":0.259247977977978,"ft_order_side":"sell","order_filled_timestamp":1759744800000,"ft_is_entry":false,"ft_order_tag":"roi","cost":333.2072781274474}],"funding_fees":0.0,"weekday":0},{"pair":"DOGE/USDT","stake_amount":332.28396,"max_stake_amount":332.28396,"amount":1249.0,"open_date":"2025-10-07 00:00:00+00:00","close_date":"2025-10-07 02:00:00+00:00","open_rate":0.26604,"close_rate":0.26657261261261256,"fee_open":0.001,"fee_close":0.001,"trade_duration":120,"profit_ratio":0.0,"profit_abs":0.0,"exit_reason":"roi","initial_stop_loss_abs":0.25274,"initial_stop_loss_ratio":-0.05,"stop_loss_abs":0.25274,"stop_loss_ratio":-0.05,"min_rate":0.26416,"max_rate":0.26796,"is_open":false,"enter_tag":"","leverage":1.0,"is_short":false,"open_timestamp":1759795200000,"close_timestamp":1759802400000,"orders":[{"amount":1249.0,"safe_price":0.26604,"ft_order_side":"buy","order_filled_timestamp":1759795200000,"ft_is_entry":true,"ft_order_tag":"","cost":332.61624395999996},{"amount":1249.0,"safe_price":0.26657261261261256,"ft_order_side":"sell","order_filled_timestamp":1759802400000,"ft_is_entry":false,"ft_order_tag":"roi","cost":333.2821423463062}],"funding_fees":0.0,"weekday":1},{"pair":"DOGE/USDT","stake_amount":332.45286,"max_stake_amount":332.45286,"amount":1338.0,"open_date":"2025-10-07 19:00:00+00:00","close_date":"2025-10-07 21:00:00+00:00","open_rate":0.24847,"close_rate":0.25136,"fee_open":0.001,"fee_close":0.001,"trade_duration":120,"profit_ratio":0.00960994171442113,"profit_abs":3.19804746,"exit_reason":"roi","initial_stop_loss_abs":0.23605,"initial_stop_loss_ratio":-0.05,"stop_loss_abs":0.23605,"stop_loss_ratio":-0.05,"min_rate":0.2482,"max_rate":0.25214,"is_open":false,"enter_tag":"","leverage":1.0,"is_short":false,"open_timestamp":1759863600000,"close_timestamp":1759870800000,"orders":[{"amount":1338.0,"safe_price":0.24847,"ft_order_side":"buy","order_filled_timestamp":1759863600000,"ft_is_entry":true,"ft_order_tag":"","cost":332.78531286},{"amount":1338.0,"safe_price":0.25136,"ft_order_side":"sell","order_filled_timestamp":1759870800000,"ft_is_entry":false,"ft_order_tag":"roi","cost":336.6559996799999}],"funding_fees":0.0,"weekday":1},{"pair":"DOGE/USDT","stake_amount":333.44031,"max_stake_amount":333.44031,"amount":1351.0,"open_date":"2025-10-08 00:00:00+00:00","close_date":"2025-10-08 02:00:00+00:00","open_rate":0.24681,"close_rate":0.24977,"fee_open":0.001,"fee_close":0.001,"trade_duration":120,"profit_ratio":0.009971066978481588,"profit_abs":3.32808042,"exit_reason":"roi","initial_stop_loss_abs":0.23447,"initial_stop_loss_ratio":-0.05,"stop_loss_abs":0.23447,"stop_loss_ratio":-0.05,"min_rate":0.24669,"max_rate":0.25061,"is_open":false,"enter_tag":"","leverage":1.0,"is_short":false,"open_timestamp":1759881600000,"close_timestamp":1759888800000,"orders":[{"amount":1351.0,"safe_price":0.24681,"ft_order_side":"buy","order_filled_timestamp":1759881600000,"ft_is_entry":true,"ft_order_tag":"","cost":333.77375030999997},{"amount":1351.0,"safe_price":0.24977,"ft_order_side":"sell","order_filled_timestamp":1759888800000,"ft_is_entry":false,"ft_order_tag":"roi","cost":337.7767092699999}],"funding_fees":0.0,"weekday":2},{"pair":"DOGE/USDT","stake_amount":334.55958,"max_stake_amount":334.55958,"amount":1367.0,"open_date":"2025-10-08 04:00:00+00:00","close_date":"2025-10-08 06:00:00+00:00","open_rate":0.24474,"close_rate":0.24538,"fee_open":0.001,"fee_close":0.001,"trade_duration":120,"profit_ratio":0.0006117932080177728,"profit_abs":0.20488596,"exit_reason":"roi","initial_stop_loss_abs":0.23251,"initial_stop_loss_ratio":-0.05,"stop_loss_abs":0.23251,"stop_loss_ratio":-0.05,"min_rate":0.24291,"max_rate":0.24706,"is_open":false,"enter_tag":"","leverage":1.0,"is_short":false,"open_timestamp":1759896000000,"close_timestamp":1759903200000,"orders":[{"amount":1367.0,"safe_price":0.24474,"ft_order_side":"buy","order_filled_timestamp":1759896000000,"ft_is_entry":true,"ft_order_tag":"","cost":334.89413958},{"amount":1367.0,"safe_price":0.24538,"ft_order_side":"sell","order_filled_timestamp":1759903200000,"ft_is_entry":false,"ft_order_tag":"roi","cost":335.76989446}],"funding_fees":0.0,"weekday":2},{"pair":"DOGE/USDT","stake_amount":334.64585,"max_stake_amount":334.64585,"amount":1309.0,"open_date":"2025-10-09 00:00:00+00:00","close_date":"2025-10-09 14:00:00+00:00","open_rate":0.25565,"close_rate":0.24287,"fee_open":0.001,"fee_close":0.001,"trade_duration":840,"profit_ratio":-0.051888342441833546,"profit_abs":-17.38158268,"exit_reason":"stop_loss","initial_stop_loss_abs":0.24287,"initial_stop_loss_ratio":-0.05,"stop_loss_abs":0.24287,"stop_loss_ratio":-0.05,"min_rate":0.24228,"max_rate":0.25593,"is_open":false,"enter_tag":"","leverage":1.0,"is_short":false,"open_timestamp":1759968000000,"close_timestamp":1760018400000,"orders":[{"amount":1309.0,"safe_price":0.25565,"ft_order_side":"buy","order_filled_timestamp":1759968000000,"ft_is_entry":true,"ft_order_tag":"","cost":334.98049584999995},{"amount":1309.0,"safe_price":0.24287,"ft_order_side":"sell","order_filled_timestamp":1760018400000,"ft_is_entry":false,"ft_order_tag":"stop_loss","cost":318.23474682999995}],"funding_fees":0.0,"weekday":3},{"pair":"DOGE/USDT","stake_amount":328.83869,"max_stake_amount":328.83869,"amount":1783.0,"open_date":"2025-10-11 20:00:00+00:00","close_date":"2025-10-11 22:00:00+00:00","open_rate":0.18443,"close_rate":0.18479922922922923,"fee_open":0.001,"fee_close":0.001,"trade_duration":120,"profit_ratio":0.0,"profit_abs":0.0,"exit_reason":"roi","initial_stop_loss_abs":0.17521,"initial_stop_loss_ratio":-0.05,"stop_loss_abs":0.17521,"stop_loss_ratio":-0.05,"min_rate":0.17816,"max_rate":0.18622,"is_open":false,"enter_tag":"","leverage":1.0,"is_short":false,"open_timestamp":1760212800000,"close_timestamp":1760220000000,"orders":[{"amount":1783.0,"safe_price":0.18443,"ft_order_side":"buy","order_filled_timestamp":1760212800000,"ft_is_entry":true,"ft_order_tag":"","cost":329.16752869},{"amount":1783.0,"safe_price":0.18479922922922923,"ft_order_side":"sell","order_filled_timestamp":1760220000000,"ft_is_entry":false,"ft_order_tag":"roi","cost":329.8265227414314}],"funding_fees":0.0,"weekday":5},{"pair":"DOGE/USDT","stake_amount":328.79228,"max_stake_amount":328.79228,"amount":1759.0,"open_date":"2025-10-12 14:00:00+00:00","close_date":"2025-10-12 15:00:00+00:00","open_rate":0.18692,"close_rate":0.19664956956956955,"fee_open":0.001,"fee_close":0.001,"trade_duration":60,"profit_ratio":0.049950049950049945,"profit_abs":16.439614,"exit_reason":"roi","initial_stop_loss_abs":0.17758,"initial_stop_loss_ratio":-0.05,"stop_loss_abs":0.17758,"stop_loss_ratio":-0.05,"min_rate":0.18682,"max_rate":0.20676,"is_open":false,"enter_tag":"","leverage":1.0,"is_short":false,"open_timestamp":1760277600000,"close_timestamp":1760281200000,"orders":[{"amount":1759.0,"safe_price":0.18692,"ft_order_side":"buy","order_filled_timestamp":1760277600000,"ft_is_entry":true,"ft_order_tag":"","cost":329.12107227999996},{"amount":1759.0,"safe_price":0.19664956956956955,"ft_order_side":"sell","order_filled_timestamp":1760281200000,"ft_is_entry":false,"ft_order_tag":"roi","cost":346.2524994657457}],"funding_fees":0.0,"weekday":6},{"pair":"DOGE/USDT","stake_amount":334.33969,"max_stake_amount":334.33969,"amount":1619.0,"open_date":"2025-10-13 01:00:00+00:00","close_date":"2025-10-13 03:00:00+00:00","open_rate":0.20651,"close_rate":0.20886,"fee_open":0.001,"fee_close":0.001,"trade_duration":120,"profit_ratio":0.009358855758545847,"profit_abs":3.13216597,"exit_reason":"roi","initial_stop_loss_abs":0.19619,"initial_stop_loss_ratio":-0.05,"stop_loss_abs":0.19619,"stop_loss_ratio":-0.05,"min_rate":0.20548,"max_rate":0.20999,"is_open":false,"enter_tag":"","leverage":1.0,"is_short":false,"open_timestamp":1760317200000,"close_timestamp":1760324400000,"orders":[{"amount":1619.0,"safe_price":0.20651,"ft_order_side":"buy","order_filled_timestamp":1760317200000,"ft_is_entry":true,"ft_order_tag":"","cost":334.67402969},{"amount":1619.0,"safe_price":0.20886,"ft_order_side":"sell","order_filled_timestamp":1760324400000,"ft_is_entry":false,"ft_order_tag":"roi","cost":338.48248434}],"funding_fees":0.0,"weekday":0},{"pair":"DOGE/USDT","stake_amount":335.39409,"max_stake_amount":335.39409,"amount":1719.0,"open_date":"2025-10-15 22:00:00+00:00","close_date":"2025-10-16 00:00:00+00:00","open_rate":0.19511,"close_rate":0.19621,"fee_open":0.001,"fee_close":0.001,"trade_duration":120,"profit_ratio":0.003628578893813889,"profit_abs":1.21822092,"exit_reason":"roi","initial_stop_loss_abs":0.18536,"initial_stop_loss_ratio":-0.05,"stop_loss_abs":0.18536,"stop_loss_ratio":-0.05,"min_rate":0.1946,"max_rate":0.19684,"is_open":false,"enter_tag":"","leverage":1.0,"is_short":false,"open_timestamp":1760565600000,"close_timestamp":1760572800000,"orders":[{"amount":1719.0,"safe_price":0.19511,"ft_order_side":"buy","order_filled_timestamp":1760565600000,"ft_is_entry":true,"ft_order_tag":"","cost":335.72948408999997},{"amount":1719.0,"safe_price":0.19621,"ft_order_side":"sell","order_filled_timestamp":1760572800000,"ft_is_entry":false,"ft_order_tag":"roi","cost":337.62227498999994}],"funding_fees":0.0,"weekday":3},{"pair":"DOGE/USDT","stake_amount":335.65224,"max_stake_amount":335.65224,"amount":1772.0,"open_date":"2025-10-16 16:00:00+00:00","close_date":"2025-10-16 18:00:00+00:00","open_rate":0.18942,"close_rate":0.19127,"fee_open":0.001,"fee_close":0.001,"trade_duration":120,"profit_ratio":0.007749140311699704,"profit_abs":2.60361732,"exit_reason":"roi","initial_stop_loss_abs":0.17995,"initial_stop_loss_ratio":-0.05,"stop_loss_abs":0.17995,"stop_loss_ratio":-0.05,"min_rate":0.1875,"max_rate":0.19484,"is_open":false,"enter_tag":"","leverage":1.0,"is_short":false,"open_timestamp":1760630400000,"close_timestamp":1760637600000,"orders":[{"amount":1772.0,"safe_price":0.18942,"ft_order_side":"buy","order_filled_timestamp":1760630400000,"ft_is_entry":true,"ft_order_tag":"","cost":335.98789223999995},{"amount":1772.0,"safe_price":0.19127,"ft_order_side":"sell","order_filled_timestamp":1760637600000,"ft_is_entry":false,"ft_order_tag":"roi","cost":339.26937043999993}],"funding_fees":0.0,"weekday":3},{"pair":"DOGE/USDT","stake_amount":336.63117,"max_stake_amount":336.63117,"amount":1767.0,"open_date":"2025-10-16 19:00:00+00:00","close_date":"2025-10-17 01:00:00+00:00","open_rate":0.19051,"close_rate":0.1908914014014014,"fee_open":0.001,"fee_close":0.001,"trade_duration":360,"profit_ratio":0.0,"profit_abs":0.0,"exit_reason":"roi","initial_stop_loss_abs":0.18099,"initial_stop_loss_ratio":-0.05,"stop_loss_abs":0.18099,"stop_loss_ratio":-0.05,"min_rate":0.18469,"max_rate":0.19114,"is_open":false,"enter_tag":"","leverage":1.0,"is_short":false,"open_timestamp":1760641200000,"close_timestamp":1760662800000,"orders":[{"amount":1767.0,"safe_price":0.19051,"ft_order_side":"buy","order_filled_timestamp":1760641200000,"ft_is_entry":true,"ft_order_tag":"","cost":336.96780117},{"amount":1767.0,"safe_price":0.1908914014014014,"ft_order_side":"sell","order_filled_timestamp":1760662800000,"ft_is_entry":false,"ft_order_tag":"roi","cost":337.6424113825525}],"funding_fees":0.0,"weekday":4},{"pair":"DOGE/USDT","stake_amount":336.53,"max_stake_amount":336.53,"amount":1844.0,"open_date":"2025-10-17 07:00:00+00:00","close_date":"2025-10-17 11:00:00+00:00","open_rate":0.1825,"close_rate":0.18286536536536532,"fee_open":0.001,"fee_close":0.001,"trade_duration":240,"profit_ratio":0.0,"profit_abs":0.0,"exit_reason":"roi","initial_stop_loss_abs":0.17338,"initial_stop_loss_ratio":-0.05,"stop_loss_abs":0.17338,"stop_loss_ratio":-0.05,"min_rate":0.17555,"max_rate":0.184,"is_open":false,"enter_tag":"","leverage":1.0,"is_short":false,"open_timestamp":1760684400000,"close_timestamp":1760698800000,"orders":[{"amount":1844.0,"safe_price":0.1825,"ft_order_side":"buy","order_filled_timestamp":1760684400000,"ft_is_entry":true,"ft_order_tag":"","cost":336.86652999999995},{"amount":1844.0,"safe_price":0.18286536536536532,"ft_order_side":"sell","order_filled_timestamp":1760698800000,"ft_is_entry":false,"ft_order_tag":"roi","cost":337.54093746746736}],"funding_fees":0.0,"weekday":4},{"pair":"DOGE/USDT","stake_amount":336.50062,"max_stake_amount":336.50062,"amount":1667.0,"open_date":"2025-10-26 20:00:00+00:00","close_date":"2025-10-26 22:00:00+00:00","open_rate":0.20186,"close_rate":0.20226412412412412,"fee_open":0.001,"fee_close":0.001,"trade_duration":120,"profit_ratio":0.0,"profit_abs":0.0,"exit_reason":"roi","initial_stop_loss_abs":0.19177,"initial_stop_loss_ratio":-0.05,"stop_loss_abs":0.19177,"stop_loss_ratio":-0.05,"min_rate":0.20031,"max_rate":0.20742,"is_open":false,"enter_tag":"","leverage":1.0,"is_short":false,"open_timestamp":1761508800000,"close_timestamp":1761516000000,"orders":[{"amount":1667.0,"safe_price":0.20186,"ft_order_side":"buy","order_filled_timestamp":1761508800000,"ft_is_entry":true,"ft_order_tag":"","cost":336.83712062},{"amount":1667.0,"safe_price":0.20226412412412412,"ft_order_side":"sell","order_filled_timestamp":1761516000000,"ft_is_entry":false,"ft_order_tag":"roi","cost":337.5114692098298}],"funding_fees":0.0,"weekday":6},{"pair":"DOGE/USDT","stake_amount":336.5609,"max_stake_amount":336.5609,"amount":1649.0,"open_date":"2025-10-27 09:00:00+00:00","close_date":"2025-10-27 16:00:00+00:00","open_rate":0.2041,"close_rate":0.2045086086086086,"fee_open":0.001,"fee_close":0.001,"trade_duration":420,"profit_ratio":0.0,"profit_abs":0.0,"exit_reason":"roi","initial_stop_loss_abs":0.1939,"initial_stop_loss_ratio":-0.05,"stop_loss_abs":0.1939,"stop_loss_ratio":-0.05,"min_rate":0.20053,"max_rate":0.20535,"is_open":false,"enter_tag":"","leverage":1.0,"is_short":false,"open_timestamp":1761555600000,"close_timestamp":1761580800000,"orders":[{"amount":1649.0,"safe_price":0.2041,"ft_order_side":"buy","order_filled_timestamp":1761555600000,"ft_is_entry":true,"ft_order_tag":"","cost":336.89746089999994},{"amount":1649.0,"safe_price":0.2045086086086086,"ft_order_side":"sell","order_filled_timestamp":1761580800000,"ft_is_entry":false,"ft_order_tag":"roi","cost":337.5719302911911}],"funding_fees":0.0,"weekday":0},{"pair":"DOGE/USDT","stake_amount":336.59388,"max_stake_amount":336.59388,"amount":1746.0,"open_date":"2025-10-28 22:00:00+00:00","close_date":"2025-10-29 00:00:00+00:00","open_rate":0.19278,"close_rate":0.19362,"fee_open":0.001,"fee_close":0.001,"trade_duration":120,"profit_ratio":0.0023505905858847032,"profit_abs":0.7919856,"exit_reason":"roi","initial_stop_loss_abs":0.18315,"initial_stop_loss_ratio":-0.05,"stop_loss_abs":0.18315,"stop_loss_ratio":-0.05,"min_rate":0.19202,"max_rate":0.1942,"is_open":false,"enter_tag":"","leverage":1.0,"is_short":false,"open_timestamp":1761688800000,"close_timestamp":1761696000000,"orders":[{"amount":1746.0,"safe_price":0.19278,"ft_order_side":"buy","order_filled_timestamp":1761688800000,"ft_is_entry":true,"ft_order_tag":"","cost":336.93047387999997},{"amount":1746.0,"safe_price":0.19362,"ft_order_side":"sell","order_filled_timestamp":1761696000000,"ft_is_entry":false,"ft_order_tag":"roi","cost":338.39858051999994}],"funding_fees":0.0,"weekday":2},{"pair":"DOGE/USDT","stake_amount":336.83475,"max_stake_amount":336.83475,"amount":1743.0,"open_date":"2025-10-29 15:00:00+00:00","close_date":"2025-10-29 17:00:00+00:00","open_rate":0.19325,"close_rate":0.19363688688688688,"fee_open":0.001,"fee_close":0.001,"trade_duration":120,"profit_ratio":0.0,"profit_abs":0.0,"exit_reason":"roi","initial_stop_loss_abs":0.18359,"initial_stop_loss_ratio":-0.05,"stop_loss_abs":0.18359,"stop_loss_ratio":-0.05,"min_rate":0.19022,"max_rate":0.19609,"is_open":false,"enter_tag":"","leverage":1.0,"is_short":false,"open_timestamp":1761750000000,"close_timestamp":1761757200000,"orders":[{"amount":1743.0,"safe_price":0.19325,"ft_order_side":"buy","order_filled_timestamp":1761750000000,"ft_is_entry":true,"ft_order_tag":"","cost":337.17158474999997},{"amount":1743.0,"safe_price":0.19363688688688688,"ft_order_side":"sell","order_filled_timestamp":1761757200000,"ft_is_entry":false,"ft_order_tag":"roi","cost":337.84660293768763}],"funding_fees":0.0,"weekday":2},{"pair":"DOGE/USDT","stake_amount":336.82184,"max_stake_amount":336.82184,"amount":1796.0,"open_date":"2025-10-30 05:00:00+00:00","close_date":"2025-10-30 07:00:00+00:00","open_rate":0.18754,"close_rate":0.1913,"fee_open":0.001,"fee_close":0.001,"trade_duration":120,"profit_ratio":0.018010996148993378,"profit_abs":6.07256336,"exit_reason":"roi","initial_stop_loss_abs":0.17817,"initial_stop_loss_ratio":-0.05,"stop_loss_abs":0.17817,"stop_loss_ratio":-0.05,"min_rate":0.18712,"max_rate":0.19346,"is_open":false,"enter_tag":"","leverage":1.0,"is_short":false,"open_timestamp":1761800400000,"close_timestamp":1761807600000,"orders":[{"amount":1796.0,"safe_price":0.18754,"ft_order_side":"buy","order_filled_timestamp":1761800400000,"ft_is_entry":true,"ft_order_tag":"","cost":337.15866184},{"amount":1796.0,"safe_price":0.1913,"ft_order_side":"sell","order_filled_timestamp":1761807600000,"ft_is_entry":false,"ft_order_tag":"roi","cost":343.9183747999999}],"funding_fees":0.0,"weekday":3},{"pair":"DOGE/USDT","stake_amount":338.89188,"max_stake_amount":338.89188,"amount":1803.0,"open_date":"2025-10-30 12:00:00+00:00","close_date":"2025-10-30 17:00:00+00:00","open_rate":0.18796,"close_rate":0.17857,"fee_open":0.001,"fee_close":0.001,"trade_duration":300,"profit_ratio":-0.05185562469027035,"profit_abs":-17.59102359,"exit_reason":"stop_loss","initial_stop_loss_abs":0.17857,"initial_stop_loss_ratio":-0.05,"stop_loss_abs":0.17857,"stop_loss_ratio":-0.05,"min_rate":0.17822,"max_rate":0.18833,"is_open":false,"enter_tag":"","leverage":1.0,"is_short":false,"open_timestamp":1761825600000,"close_timestamp":1761843600000,"orders":[{"amount":1803.0,"safe_price":0.18796,"ft_order_side":"buy","order_filled_timestamp":1761825600000,"ft_is_entry":true,"ft_order_tag":"","cost":339.2307718799999},{"amount":1803.0,"safe_price":0.17857,"ft_order_side":"sell","order_filled_timestamp":1761843600000,"ft_is_entry":false,"ft_order_tag":"stop_loss","cost":322.28367171}],"funding_fees":0.0,"weekday":3},{"pair":"DOGE/USDT","stake_amount":332.99262,"max_stake_amount":332.99262,"amount":1863.0,"open_date":"2025-10-30 19:00:00+00:00","close_date":"2025-10-30 21:00:00+00:00","open_rate":0.17874,"close_rate":0.17951,"fee_open":0.001,"fee_close":0.001,"trade_duration":120,"profit_ratio":0.0023013240535899146,"profit_abs":0.76709025,"exit_reason":"roi","initial_stop_loss_abs":0.16981,"initial_stop_loss_ratio":-0.05,"stop_loss_abs":0.16981,"stop_loss_ratio":-0.05,"min_rate":0.17642,"max_rate":0.18034,"is_open":false,"enter_tag":"","leverage":1.0,"is_short":false,"open_timestamp":1761850800000,"close_timestamp":1761858000000,"orders":[{"amount":1863.0,"safe_price":0.17874,"ft_order_side":"buy","order_filled_timestamp":1761850800000,"ft_is_entry":true,"ft_order_tag":"","cost":333.32561262},{"amount":1863.0,"safe_price":0.17951,"ft_order_side":"sell","order_filled_timestamp":1761858000000,"ft_is_entry":false,"ft_order_tag":"roi","cost":334.76155712999997}],"funding_fees":0.0,"weekday":3},{"pair":"DOGE/USDT","stake_amount":333.333,"max_stake_amount":333.333,"amount":1925.0,"open_date":"2025-11-03 07:00:00+00:00","close_date":"2025-11-03 09:00:00+00:00","open_rate":0.17316,"close_rate":0.1738,"fee_open":0.001,"fee_close":0.001,"trade_duration":120,"profit_ratio":0.0016906170752324597,"profit_abs":0.564102,"exit_reason":"roi","initial_stop_loss_abs":0.16451,"initial_stop_loss_ratio":-0.05,"stop_loss_abs":0.16451,"stop_loss_ratio":-0.05,"min_rate":0.17236,"max_rate":0.17534,"is_open":false,"enter_tag":"","leverage":1.0,"is_short":false,"open_timestamp":1762153200000,"close_timestamp":1762160400000,"orders":[{"amount":1925.0,"safe_price":0.17316,"ft_order_side":"buy","order_filled_timestamp":1762153200000,"ft_is_entry":true,"ft_order_tag":"","cost":333.666333},{"amount":1925.0,"safe_price":0.1738,"ft_order_side":"sell","order_filled_timestamp":1762160400000,"ft_is_entry":false,"ft_order_tag":"roi","cost":334.89956499999994}],"funding_fees":0.0,"weekday":0},{"pair":"DOGE/USDT","stake_amount":333.52232,"max_stake_amount":333.52232,"amount":1931.0,"open_date":"2025-11-03 10:00:00+00:00","close_date":"2025-11-03 12:00:00+00:00","open_rate":0.17272,"close_rate":0.17423,"fee_open":0.001,"fee_close":0.001,"trade_duration":120,"profit_ratio":0.006727003890042333,"profit_abs":2.24584955,"exit_reason":"roi","initial_stop_loss_abs":0.16409,"initial_stop_loss_ratio":-0.05,"stop_loss_abs":0.16409,"stop_loss_ratio":-0.05,"min_rate":0.1714,"max_rate":0.17564,"is_open":false,"enter_tag":"","leverage":1.0,"is_short":false,"open_timestamp":1762164000000,"close_timestamp":1762171200000,"orders":[{"amount":1931.0,"safe_price":0.17272,"ft_order_side":"buy","order_filled_timestamp":1762164000000,"ft_is_entry":true,"ft_order_tag":"","cost":333.85584232},{"amount":1931.0,"safe_price":0.17423,"ft_order_side":"sell","order_filled_timestamp":1762171200000,"ft_is_entry":false,"ft_order_tag":"roi","cost":336.77456813}],"funding_fees":0.0,"weekday":0},{"pair":"DOGE/USDT","stake_amount":334.26175,"max_stake_amount":334.26175,"amount":2075.0,"open_date":"2025-11-04 06:00:00+00:00","close_date":"2025-11-04 08:00:00+00:00","open_rate":0.16109,"close_rate":0.16201,"fee_open":0.001,"fee_close":0.001,"trade_duration":120,"profit_ratio":0.0037016804041448653,"profit_abs":1.2385675,"exit_reason":"roi","initial_stop_loss_abs":0.15304,"initial_stop_loss_ratio":-0.05,"stop_loss_abs":0.15304,"stop_loss_ratio":-0.05,"min_rate":0.16062,"max_rate":0.16735,"is_open":false,"enter_tag":"","leverage":1.0,"is_short":false,"open_timestamp":1762236000000,"close_timestamp":1762243200000,"orders":[{"amount":2075.0,"safe_price":0.16109,"ft_order_side":"buy","order_filled_timestamp":1762236000000,"ft_is_entry":true,"ft_order_tag":"","cost":334.59601174999995},{"amount":2075.0,"safe_price":0.16201,"ft_order_side":"sell","order_filled_timestamp":1762243200000,"ft_is_entry":false,"ft_order_tag":"roi","cost":336.50692074999995}],"funding_fees":0.0,"weekday":1},{"pair":"DOGE/USDT","stake_amount":334.57424,"max_stake_amount":334.57424,"amount":2089.0,"open_date":"2025-11-04 17:00:00+00:00","close_date":"2025-11-04 19:00:00+00:00","open_rate":0.16016,"close_rate":0.16048064064064063,"fee_open":0.001,"fee_close":0.001,"trade_duration":120,"profit_ratio":0.0,"profit_abs":0.0,"exit_reason":"roi","initial_stop_loss_abs":0.15216,"initial_stop_loss_ratio":-0.05,"stop_loss_abs":0.15216,"stop_loss_ratio":-0.05,"min_rate":0.15419,"max_rate":0.16152,"is_open":false,"enter_tag":"","leverage":1.0,"is_short":false,"open_timestamp":1762275600000,"close_timestamp":1762282800000,"orders":[{"amount":2089.0,"safe_price":0.16016,"ft_order_side":"buy","order_filled_timestamp":1762275600000,"ft_is_entry":true,"ft_order_tag":"","cost":334.9088142399999},{"amount":2089.0,"safe_price":0.16048064064064063,"ft_order_side":"sell","order_filled_timestamp":1762282800000,"ft_is_entry":false,"ft_order_tag":"roi","cost":335.57930235659654}],"funding_fees":0.0,"weekday":1},{"pair":"DOGE/USDT","stake_amount":334.70658,"max_stake_amount":334.70658,"amount":2073.0,"open_date":"2025-11-05 11:00:00+00:00","close_date":"2025-11-05 13:00:00+00:00","open_rate":0.16146,"close_rate":0.16427,"fee_open":0.001,"fee_close":0.001,"trade_duration":120,"profit_ratio":0.015370916708709352,"profit_abs":5.14989171,"exit_reason":"roi","initial_stop_loss_abs":0.15339,"initial_stop_loss_ratio":-0.05,"stop_loss_abs":0.15339,"stop_loss_ratio":-0.05,"min_rate":0.16138,"max_rate":0.16617,"is_open":false,"enter_tag":"","leverage":1.0,"is_short":false,"open_timestamp":1762340400000,"close_timestamp":1762347600000,"orders":[{"amount":2073.0,"safe_price":0.16146,"ft_order_side":"buy","order_filled_timestamp":1762340400000,"ft_is_entry":true,"ft_order_tag":"","cost":335.04128657999996},{"amount":2073.0,"safe_price":0.16427,"ft_order_side":"sell","order_filled_timestamp":1762347600000,"ft_is_entry":false,"ft_order_tag":"roi","cost":340.8722417099999}],"funding_fees":0.0,"weekday":2},{"pair":"DOGE/USDT","stake_amount":336.28395,"max_stake_amount":336.28395,"amount":2113.0,"open_date":"2025-11-06 16:00:00+00:00","close_date":"2025-11-06 18:00:00+00:00","open_rate":0.15915,"close_rate":0.16035,"fee_open":0.001,"fee_close":0.001,"trade_duration":120,"profit_ratio":0.005526989504369335,"profit_abs":1.8604965,"exit_reason":"roi","initial_stop_loss_abs":0.1512,"initial_stop_loss_ratio":-0.05,"stop_loss_abs":0.1512,"stop_loss_ratio":-0.05,"min_rate":0.15693,"max_rate":0.16212,"is_open":false,"enter_tag":"","leverage":1.0,"is_short":false,"open_timestamp":1762444800000,"close_timestamp":1762452000000,"orders":[{"amount":2113.0,"safe_price":0.15915,"ft_order_side":"buy","order_filled_timestamp":1762444800000,"ft_is_entry":true,"ft_order_tag":"","cost":336.62023394999994},{"amount":2113.0,"safe_price":0.16035,"ft_order_side":"sell","order_filled_timestamp":1762452000000,"ft_is_entry":false,"ft_order_tag":"roi","cost":339.15836955}],"funding_fees":0.0,"weekday":3},{"pair":"DOGE/USDT","stake_amount":336.86926,"max_stake_amount":336.86926,"amount":1897.0,"open_date":"2025-11-08 01:00:00+00:00","close_date":"2025-11-08 03:00:00+00:00","open_rate":0.17758,"close_rate":0.18138,"fee_open":0.001,"fee_close":0.001,"trade_duration":120,"profit_ratio":0.019358049316377957,"profit_abs":6.52765288,"exit_reason":"roi","initial_stop_loss_abs":0.16871,"initial_stop_loss_ratio":-0.05,"stop_loss_abs":0.16871,"stop_loss_ratio":-0.05,"min_rate":0.17731,"max_rate":0.18332,"is_open":false,"enter_tag":"","leverage":1.0,"is_short":false,"open_timestamp":1762563600000,"close_timestamp":1762570800000,"orders":[{"amount":1897.0,"safe_price":0.17758,"ft_order_side":"buy","order_filled_timestamp":1762563600000,"ft_is_entry":true,"ft_order_tag":"","cost":337.20612925999995},{"amount":1897.0,"safe_price":0.18138,"ft_order_side":"sell","order_filled_timestamp":1762570800000,"ft_is_entry":false,"ft_order_tag":"roi","cost":344.42193786}],"funding_fees":0.0,"weekday":5},{"pair":"DOGE/USDT","stake_amount":339.05081,"max_stake_amount":339.05081,"amount":1897.0,"open_date":"2025-11-08 06:00:00+00:00","close_date":"2025-11-08 08:00:00+00:00","open_rate":0.17873,"close_rate":0.18022,"fee_open":0.001,"fee_close":0.001,"trade_duration":120,"profit_ratio":0.006321938566105745,"profit_abs":2.14560185,"exit_reason":"roi","initial_stop_loss_abs":0.1698,"initial_stop_loss_ratio":-0.05,"stop_loss_abs":0.1698,"stop_loss_ratio":-0.05,"min_rate":0.17762,"max_rate":0.1822,"is_open":false,"enter_tag":"","leverage":1.0,"is_short":false,"open_timestamp":1762581600000,"close_timestamp":1762588800000,"orders":[{"amount":1897.0,"safe_price":0.17873,"ft_order_side":"buy","order_filled_timestamp":1762581600000,"ft_is_entry":true,"ft_order_tag":"","cost":339.38986080999996},{"amount":1897.0,"safe_price":0.18022,"ft_order_side":"sell","order_filled_timestamp":1762588800000,"ft_is_entry":false,"ft_order_tag":"roi","cost":342.21921733999994}],"funding_fees":0.0,"weekday":5},{"pair":"DOGE/USDT","stake_amount":339.7878,"max_stake_amount":339.7878,"amount":1980.0,"open_date":"2025-11-12 04:00:00+00:00","close_date":"2025-11-12 06:00:00+00:00","open_rate":0.17161,"close_rate":0.17202,"fee_open":0.001,"fee_close":0.001,"trade_duration":120,"profit_ratio":0.0003863626612883649,"profit_abs":0.1314126,"exit_reason":"roi","initial_stop_loss_abs":0.16303,"initial_stop_loss_ratio":-0.05,"stop_loss_abs":0.16303,"stop_loss_ratio":-0.05,"min_rate":0.17109,"max_rate":0.17298,"is_open":false,"enter_tag":"","leverage":1.0,"is_short":false,"open_timestamp":1762920000000,"close_timestamp":1762927200000,"orders":[{"amount":1980.0,"safe_price":0.17161,"ft_order_side":"buy","order_filled_timestamp":1762920000000,"ft_is_entry":true,"ft_order_tag":"","cost":340.12758779999996},{"amount":1980.0,"safe_price":0.17202,"ft_order_side":"sell","order_filled_timestamp":1762927200000,"ft_is_entry":false,"ft_order_tag":"roi","cost":340.94019959999997}],"funding_fees":0.0,"weekday":2},{"pair":"DOGE/USDT","stake_amount":339.79408,"max_stake_amount":339.79408,"amount":1982.0,"open_date":"2025-11-12 08:00:00+00:00","close_date":"2025-11-12 10:00:00+00:00","open_rate":0.17144,"close_rate":0.17514,"fee_open":0.001,"fee_close":0.001,"trade_duration":120,"profit_ratio":0.01954077187394966,"profit_abs":6.64647844,"exit_reason":"roi","initial_stop_loss_abs":0.16287,"initial_stop_loss_ratio":-0.05,"stop_loss_abs":0.16287,"stop_loss_ratio":-0.05,"min_rate":0.17144,"max_rate":0.17655,"is_open":false,"enter_tag":"","leverage":1.0,"is_short":false,"open_timestamp":1762934400000,"close_timestamp":1762941600000,"orders":[{"amount":1982.0,"safe_price":0.17144,"ft_order_side":"buy","order_filled_timestamp":1762934400000,"ft_is_entry":true,"ft_order_tag":"","cost":340.13387408},{"amount":1982.0,"safe_price":0.17514,"ft_order_side":"sell","order_filled_timestamp":1762941600000,"ft_is_entry":false,"ft_order_tag":"roi","cost":347.47460748}],"funding_fees":0.0,"weekday":2},{"pair":"DOGE/USDT","stake_amount":341.98193,"max_stake_amount":341.98193,"amount":2141.0,"open_date":"2025-11-14 14:00:00+00:00","close_date":"2025-11-14 16:00:00+00:00","open_rate":0.15973,"close_rate":0.16288,"fee_open":0.001,"fee_close":0.001,"trade_duration":120,"profit_ratio":0.01768337466077402,"profit_abs":6.05344199,"exit_reason":"roi","initial_stop_loss_abs":0.15175,"initial_stop_loss_ratio":-0.05,"stop_loss_abs":0.15175,"stop_loss_ratio":-0.05,"min_rate":0.15803,"max_rate":0.16477,"is_open":false,"enter_tag":"","leverage":1.0,"is_short":false,"open_timestamp":1763128800000,"close_timestamp":1763136000000,"orders":[{"amount":2141.0,"safe_price":0.15973,"ft_order_side":"buy","order_filled_timestamp":1763128800000,"ft_is_entry":true,"ft_order_tag":"","cost":342.32391193},{"amount":2141.0,"safe_price":0.16288,"ft_order_side":"sell","order_filled_timestamp":1763136000000,"ft_is_entry":false,"ft_order_tag":"roi","cost":349.0748060799999}],"funding_fees":0.0,"weekday":4},{"pair":"DOGE/USDT","stake_amount":344.04015,"max_stake_amount":344.04015,"amount":2165.0,"open_date":"2025-11-14 21:00:00+00:00","close_date":"2025-11-14 23:00:00+00:00","open_rate":0.15891,"close_rate":0.15933,"fee_open":0.001,"fee_close":0.001,"trade_duration":120,"profit_ratio":0.0006397227465756821,"profit_abs":0.2203104,"exit_reason":"roi","initial_stop_loss_abs":0.15097,"initial_stop_loss_ratio":-0.05,"stop_loss_abs":0.15097,"stop_loss_ratio":-0.05,"min_rate":0.15472,"max_rate":0.16111,"is_open":false,"enter_tag":"","leverage":1.0,"is_short":false,"open_timestamp":1763154000000,"close_timestamp":1763161200000,"orders":[{"amount":2165.0,"safe_price":0.15891,"ft_order_side":"buy","order_filled_timestamp":1763154000000,"ft_is_entry":true,"ft_order_tag":"","cost":344.38419014999994},{"amount":2165.0,"safe_price":0.15933,"ft_order_side":"sell","order_filled_timestamp":1763161200000,"ft_is_entry":false,"ft_order_tag":"roi","cost":345.29439944999996}],"funding_fees":0.0,"weekday":4},{"pair":"DOGE/USDT","stake_amount":344.1096,"max_stake_amount":344.1096,"amount":2136.0,"open_date":"2025-11-15 09:00:00+00:00","close_date":"2025-11-15 11:00:00+00:00","open_rate":0.1611,"close_rate":0.16195,"fee_open":0.001,"fee_close":0.001,"trade_duration":120,"profit_ratio":0.0032676820386317593,"profit_abs":1.1255652,"exit_reason":"roi","initial_stop_loss_abs":0.15305,"initial_stop_loss_ratio":-0.05,"stop_loss_abs":0.15305,"stop_loss_ratio":-0.05,"min_rate":0.16082,"max_rate":0.16266,"is_open":false,"enter_tag":"","leverage":1.0,"is_short":false,"open_timestamp":1763197200000,"close_timestamp":1763204400000,"orders":[{"amount":2136.0,"safe_price":0.1611,"ft_order_side":"buy","order_filled_timestamp":1763197200000,"ft_is_entry":true,"ft_order_tag":"","cost":344.45370959999997},{"amount":2136.0,"safe_price":0.16195,"ft_order_side":"sell","order_filled_timestamp":1763204400000,"ft_is_entry":false,"ft_order_tag":"roi","cost":346.2711252}],"funding_fees":0.0,"weekday":5},{"pair":"DOGE/USDT","stake_amount":344.463,"max_stake_amount":344.463,"amount":2350.0,"open_date":"2025-11-21 06:00:00+00:00","close_date":"2025-11-21 07:00:00+00:00","open_rate":0.14658,"close_rate":0.13926,"fee_open":0.001,"fee_close":0.001,"trade_duration":60,"profit_ratio":-0.051836824657127564,"profit_abs":-17.873724,"exit_reason":"stop_loss","initial_stop_loss_abs":0.13926,"initial_stop_loss_ratio":-0.05,"stop_loss_abs":0.13926,"stop_loss_ratio":-0.05,"min_rate":0.13441,"max_rate":0.14689,"is_open":false,"enter_tag":"","leverage":1.0,"is_short":false,"open_timestamp":1763704800000,"close_timestamp":1763708400000,"orders":[{"amount":2350.0,"safe_price":0.14658,"ft_order_side":"buy","order_filled_timestamp":1763704800000,"ft_is_entry":true,"ft_order_tag":"","cost":344.8074629999999},{"amount":2350.0,"safe_price":0.13926,"ft_order_side":"sell","order_filled_timestamp":1763708400000,"ft_is_entry":false,"ft_order_tag":"stop_loss","cost":327.58826099999993}],"funding_fees":0.0,"weekday":4},{"pair":"DOGE/USDT","stake_amount":338.5746,"max_stake_amount":338.5746,"amount":2457.0,"open_date":"2025-11-21 11:00:00+00:00","close_date":"2025-11-21 13:00:00+00:00","open_rate":0.1378,"close_rate":0.13891,"fee_open":0.001,"fee_close":0.001,"trade_duration":120,"profit_ratio":0.0060410561861940675,"profit_abs":2.04739353,"exit_reason":"roi","initial_stop_loss_abs":0.13091,"initial_stop_loss_ratio":-0.05,"stop_loss_abs":0.13091,"stop_loss_ratio":-0.05,"min_rate":0.13321,"max_rate":0.14094,"is_open":false,"enter_tag":"","leverage":1.0,"is_short":false,"open_timestamp":1763722800000,"close_timestamp":1763730000000,"orders":[{"amount":2457.0,"safe_price":0.1378,"ft_order_side":"buy","order_filled_timestamp":1763722800000,"ft_is_entry":true,"ft_order_tag":"","cost":338.9131746},{"amount":2457.0,"safe_price":0.13891,"ft_order_side":"sell","order_filled_timestamp":1763730000000,"ft_is_entry":false,"ft_order_tag":"roi","cost":341.64317186999995}],"funding_fees":0.0,"weekday":4},{"pair":"DOGE/USDT","stake_amount":339.23988,"max_stake_amount":339.23988,"amount":2484.0,"open_date":"2025-11-21 23:00:00+00:00","close_date":"2025-11-22 01:00:00+00:00","open_rate":0.13657,"close_rate":0.14012,"fee_open":0.001,"fee_close":0.001,"trade_duration":120,"profit_ratio":0.02394405769964092,"profit_abs":8.13090204,"exit_reason":"roi","initial_stop_loss_abs":0.12975,"initial_stop_loss_ratio":-0.05,"stop_loss_abs":0.12975,"stop_loss_ratio":-0.05,"min_rate":0.13574,"max_rate":0.14148,"is_open":false,"enter_tag":"","leverage":1.0,"is_short":false,"open_timestamp":1763766000000,"close_timestamp":1763773200000,"orders":[{"amount":2484.0,"safe_price":0.13657,"ft_order_side":"buy","order_filled_timestamp":1763766000000,"ft_is_entry":true,"ft_order_tag":"","cost":339.57911987999995},{"amount":2484.0,"safe_price":0.14012,"ft_order_side":"sell","order_filled_timestamp":1763773200000,"ft_is_entry":false,"ft_order_tag":"roi","cost":348.40613807999995}],"funding_fees":0.0,"weekday":5},{"pair":"DOGE/USDT","stake_amount":341.9148,"max_stake_amount":341.9148,"amount":2495.0,"open_date":"2025-11-22 06:00:00+00:00","close_date":"2025-11-22 08:00:00+00:00","open_rate":0.13704,"close_rate":0.13969,"fee_open":0.001,"fee_close":0.001,"trade_duration":120,"profit_ratio":0.017300781530203597,"profit_abs":5.92130865,"exit_reason":"roi","initial_stop_loss_abs":0.13019,"initial_stop_loss_ratio":-0.05,"stop_loss_abs":0.13019,"stop_loss_ratio":-0.05,"min_rate":0.13549,"max_rate":0.14016,"is_open":false,"enter_tag":"","leverage":1.0,"is_short":false,"open_timestamp":1763791200000,"close_timestamp":1763798400000,"orders":[{"amount":2495.0,"safe_price":0.13704,"ft_order_side":"buy","order_filled_timestamp":1763791200000,"ft_is_entry":true,"ft_order_tag":"","cost":342.2567148},{"amount":2495.0,"safe_price":0.13969,"ft_order_side":"sell","order_filled_timestamp":1763798400000,"ft_is_entry":false,"ft_order_tag":"roi","cost":348.87507655}],"funding_fees":0.0,"weekday":5},{"pair":"DOGE/USDT","stake_amount":343.94003,"max_stake_amount":343.94003,"amount":2521.0,"open_date":"2025-11-22 09:00:00+00:00","close_date":"2025-11-22 11:00:00+00:00","open_rate":0.13643,"close_rate":0.13677,"fee_open":0.001,"fee_close":0.001,"trade_duration":120,"profit_ratio":0.0004891392416130377,"profit_abs":0.1684028,"exit_reason":"roi","initial_stop_loss_abs":0.12961,"initial_stop_loss_ratio":-0.05,"stop_loss_abs":0.12961,"stop_loss_ratio":-0.05,"min_rate":0.13582,"max_rate":0.14011,"is_open":false,"enter_tag":"","leverage":1.0,"is_short":false,"open_timestamp":1763802000000,"close_timestamp":1763809200000,"orders":[{"amount":2521.0,"safe_price":0.13643,"ft_order_side":"buy","order_filled_timestamp":1763802000000,"ft_is_entry":true,"ft_order_tag":"","cost":344.2839700299999},{"amount":2521.0,"safe_price":0.13677,"ft_order_side":"sell","order_filled_timestamp":1763809200000,"ft_is_entry":false,"ft_order_tag":"roi","cost":345.14196716999993}],"funding_fees":0.0,"weekday":5},{"pair":"DOGE/USDT","stake_amount":344.0008,"max_stake_amount":344.0008,"amount":2522.0,"open_date":"2025-11-22 14:00:00+00:00","close_date":"2025-11-22 16:00:00+00:00","open_rate":0.1364,"close_rate":0.13816,"fee_open":0.001,"fee_close":0.001,"trade_duration":120,"profit_ratio":0.010879443137507654,"profit_abs":3.74627968,"exit_reason":"roi","initial_stop_loss_abs":0.12958,"initial_stop_loss_ratio":-0.05,"stop_loss_abs":0.12958,"stop_loss_ratio":-0.05,"min_rate":0.13632,"max_rate":0.13977,"is_open":false,"enter_tag":"","leverage":1.0,"is_short":false,"open_timestamp":1763820000000,"close_timestamp":1763827200000,"orders":[{"amount":2522.0,"safe_price":0.1364,"ft_order_side":"buy","order_filled_timestamp":1763820000000,"ft_is_entry":true,"ft_order_tag":"","cost":344.3448007999999},{"amount":2522.0,"safe_price":0.13816,"ft_order_side":"sell","order_filled_timestamp":1763827200000,"ft_is_entry":false,"ft_order_tag":"roi","cost":348.78795951999996}],"funding_fees":0.0,"weekday":5},{"pair":"DOGE/USDT","stake_amount":345.245,"max_stake_amount":345.245,"amount":2381.0,"open_date":"2025-11-24 00:00:00+00:00","close_date":"2025-11-24 02:00:00+00:00","open_rate":0.145,"close_rate":0.14593,"fee_open":0.001,"fee_close":0.001,"trade_duration":120,"profit_ratio":0.004402976334010817,"profit_abs":1.52162567,"exit_reason":"roi","initial_stop_loss_abs":0.13775,"initial_stop_loss_ratio":-0.05,"stop_loss_abs":0.13775,"stop_loss_ratio":-0.05,"min_rate":0.14355,"max_rate":0.1493,"is_open":false,"enter_tag":"","leverage":1.0,"is_short":false,"open_timestamp":1763942400000,"close_timestamp":1763949600000,"orders":[{"amount":2381.0,"safe_price":0.145,"ft_order_side":"buy","order_filled_timestamp":1763942400000,"ft_is_entry":true,"ft_order_tag":"","cost":345.590245},{"amount":2381.0,"safe_price":0.14593,"ft_order_side":"sell","order_filled_timestamp":1763949600000,"ft_is_entry":false,"ft_order_tag":"roi","cost":347.80678932999996}],"funding_fees":0.0,"weekday":0},{"pair":"DOGE/USDT","stake_amount":345.76941,"max_stake_amount":345.76941,"amount":2527.0,"open_date":"2025-12-01 05:00:00+00:00","close_date":"2025-12-01 07:00:00+00:00","open_rate":0.13683,"close_rate":0.1371039339339339,"fee_open":0.001,"fee_close":0.001,"trade_duration":120,"profit_ratio":0.0,"profit_abs":0.0,"exit_reason":"roi","initial_stop_loss_abs":0.12999,"initial_stop_loss_ratio":-0.05,"stop_loss_abs":0.12999,"stop_loss_ratio":-0.05,"min_rate":0.13655,"max_rate":0.13778,"is_open":false,"enter_tag":"","leverage":1.0,"is_short":false,"open_timestamp":1764565200000,"close_timestamp":1764572400000,"orders":[{"amount":2527.0,"safe_price":0.13683,"ft_order_side":"buy","order_filled_timestamp":1764565200000,"ft_is_entry":true,"ft_order_tag":"","cost":346.11517940999994},{"amount":2527.0,"safe_price":0.1371039339339339,"ft_order_side":"sell","order_filled_timestamp":1764572400000,"ft_is_entry":false,"ft_order_tag":"roi","cost":346.808102692102}],"funding_fees":0.0,"weekday":0},{"pair":"DOGE/USDT","stake_amount":345.67344,"max_stake_amount":345.67344,"amount":2556.0,"open_date":"2025-12-01 14:00:00+00:00","close_date":"2025-12-01 22:00:00+00:00","open_rate":0.13524,"close_rate":0.13551075075075072,"fee_open":0.001,"fee_close":0.001,"trade_duration":480,"profit_ratio":0.0,"profit_abs":0.0,"exit_reason":"roi","initial_stop_loss_abs":0.12848,"initial_stop_loss_ratio":-0.05,"stop_loss_abs":0.12848,"stop_loss_ratio":-0.05,"min_rate":0.13177,"max_rate":0.13647,"is_open":false,"enter_tag":"","leverage":1.0,"is_short":false,"open_timestamp":1764597600000,"close_timestamp":1764626400000,"orders":[{"amount":2556.0,"safe_price":0.13524,"ft_order_side":"buy","order_filled_timestamp":1764597600000,"ft_is_entry":true,"ft_order_tag":"","cost":346.01911343999996},{"amount":2556.0,"safe_price":0.13551075075075072,"ft_order_side":"sell","order_filled_timestamp":1764626400000,"ft_is_entry":false,"ft_order_tag":"roi","cost":346.7118443978377}],"funding_fees":0.0,"weekday":0},{"pair":"DOGE/USDT","stake_amount":345.66586,"max_stake_amount":345.66586,"amount":2566.0,"open_date":"2025-12-02 09:00:00+00:00","close_date":"2025-12-02 11:00:00+00:00","open_rate":0.13471,"close_rate":0.1367,"fee_open":0.001,"fee_close":0.001,"trade_duration":120,"profit_ratio":0.012744956772868583,"profit_abs":4.40990194,"exit_reason":"roi","initial_stop_loss_abs":0.12798,"initial_stop_loss_ratio":-0.05,"stop_loss_abs":0.12798,"stop_loss_ratio":-0.05,"min_rate":0.13466,"max_rate":0.1373,"is_open":false,"enter_tag":"","leverage":1.0,"is_short":false,"open_timestamp":1764666000000,"close_timestamp":1764673200000,"orders":[{"amount":2566.0,"safe_price":0.13471,"ft_order_side":"buy","order_filled_timestamp":1764666000000,"ft_is_entry":true,"ft_order_tag":"","cost":346.01152585999995},{"amount":2566.0,"safe_price":0.1367,"ft_order_side":"sell","order_filled_timestamp":1764673200000,"ft_is_entry":false,"ft_order_tag":"roi","cost":351.12297219999994}],"funding_fees":0.0,"weekday":1},{"pair":"DOGE/USDT","stake_amount":347.13294,"max_stake_amount":347.13294,"amount":2317.0,"open_date":"2025-12-03 13:00:00+00:00","close_date":"2025-12-03 16:00:00+00:00","open_rate":0.14982,"close_rate":0.15011993993993994,"fee_open":0.001,"fee_close":0.001,"trade_duration":180,"profit_ratio":0.0,"profit_abs":0.0,"exit_reason":"roi","initial_stop_loss_abs":0.14233,"initial_stop_loss_ratio":-0.05,"stop_loss_abs":0.14233,"stop_loss_ratio":-0.05,"min_rate":0.14651,"max_rate":0.15093,"is_open":false,"enter_tag":"","leverage":1.0,"is_short":false,"open_timestamp":1764766800000,"close_timestamp":1764777600000,"orders":[{"amount":2317.0,"safe_price":0.14982,"ft_order_side":"buy","order_filled_timestamp":1764766800000,"ft_is_entry":true,"ft_order_tag":"","cost":347.48007293999996},{"amount":2317.0,"safe_price":0.15011993993993994,"ft_order_side":"sell","order_filled_timestamp":1764777600000,"ft_is_entry":false,"ft_order_tag":"roi","cost":348.1757287416816}],"funding_fees":0.0,"weekday":2},{"pair":"DOGE/USDT","stake_amount":347.15886,"max_stake_amount":347.15886,"amount":2298.0,"open_date":"2025-12-04 04:00:00+00:00","close_date":"2025-12-05 13:00:00+00:00","open_rate":0.15107,"close_rate":0.14352,"fee_open":0.001,"fee_close":0.001,"trade_duration":1980,"profit_ratio":-0.05187498012016448,"profit_abs":-18.02686782,"exit_reason":"stop_loss","initial_stop_loss_abs":0.14352,"initial_stop_loss_ratio":-0.05,"stop_loss_abs":0.14352,"stop_loss_ratio":-0.05,"min_rate":0.14295,"max_rate":0.15163,"is_open":false,"enter_tag":"","leverage":1.0,"is_short":false,"open_timestamp":1764820800000,"close_timestamp":1764939600000,"orders":[{"amount":2298.0,"safe_price":0.15107,"ft_order_side":"buy","order_filled_timestamp":1764820800000,"ft_is_entry":true,"ft_order_tag":"","cost":347.50601886},{"amount":2298.0,"safe_price":0.14352,"ft_order_side":"sell","order_filled_timestamp":1764939600000,"ft_is_entry":false,"ft_order_tag":"stop_loss","cost":330.13876896}],"funding_fees":0.0,"weekday":4},{"pair":"DOGE/USDT","stake_amount":341.24576,"max_stake_amount":341.24576,"amount":2384.0,"open_date":"2025-12-05 14:00:00+00:00","close_date":"2025-12-07 14:00:00+00:00","open_rate":0.14314,"close_rate":0.13599,"fee_open":0.001,"fee_close":0.001,"trade_duration":2880,"profit_ratio":-0.051849296435016706,"profit_abs":-17.71104592,"exit_reason":"stop_loss","initial_stop_loss_abs":0.13599,"initial_stop_loss_ratio":-0.05,"stop_loss_abs":0.13599,"stop_loss_ratio":-0.05,"min_rate":0.13486,"max_rate":0.14466,"is_open":false,"enter_tag":"","leverage":1.0,"is_short":false,"open_timestamp":1764943200000,"close_timestamp":1765116000000,"orders":[{"amount":2384.0,"safe_price":0.14314,"ft_order_side":"buy","order_filled_timestamp":1764943200000,"ft_is_entry":true,"ft_order_tag":"","cost":341.5870057599999},{"amount":2384.0,"safe_price":0.13599,"ft_order_side":"sell","order_filled_timestamp":1765116000000,"ft_is_entry":false,"ft_order_tag":"stop_loss","cost":324.52436015999996}],"funding_fees":0.0,"weekday":6},{"pair":"DOGE/USDT","stake_amount":335.42372,"max_stake_amount":335.42372,"amount":2476.0,"open_date":"2025-12-14 16:00:00+00:00","close_date":"2025-12-15 01:00:00+00:00","open_rate":0.13547,"close_rate":0.13574121121121122,"fee_open":0.001,"fee_close":0.001,"trade_duration":540,"profit_ratio":0.0,"profit_abs":0.0,"exit_reason":"roi","initial_stop_loss_abs":0.1287,"initial_stop_loss_ratio":-0.05,"stop_loss_abs":0.1287,"stop_loss_ratio":-0.05,"min_rate":0.13261,"max_rate":0.13683,"is_open":false,"enter_tag":"","leverage":1.0,"is_short":false,"open_timestamp":1765728000000,"close_timestamp":1765760400000,"orders":[{"amount":2476.0,"safe_price":0.13547,"ft_order_side":"buy","order_filled_timestamp":1765728000000,"ft_is_entry":true,"ft_order_tag":"","cost":335.75914371999994},{"amount":2476.0,"safe_price":0.13574121121121122,"ft_order_side":"sell","order_filled_timestamp":1765760400000,"ft_is_entry":false,"ft_order_tag":"roi","cost":336.4313341979179}],"funding_fees":0.0,"weekday":0},{"pair":"DOGE/USDT","stake_amount":335.38254,"max_stake_amount":335.38254,"amount":2559.0,"open_date":"2025-12-20 02:00:00+00:00","close_date":"2025-12-20 04:00:00+00:00","open_rate":0.13106,"close_rate":0.13148,"fee_open":0.001,"fee_close":0.001,"trade_duration":120,"profit_ratio":0.0012002342232771044,"profit_abs":0.40294014,"exit_reason":"roi","initial_stop_loss_abs":0.12451,"initial_stop_loss_ratio":-0.05,"stop_loss_abs":0.12451,"stop_loss_ratio":-0.05,"min_rate":0.13069,"max_rate":0.13182,"is_open":false,"enter_tag":"","leverage":1.0,"is_short":false,"open_timestamp":1766196000000,"close_timestamp":1766203200000,"orders":[{"amount":2559.0,"safe_price":0.13106,"ft_order_side":"buy","order_filled_timestamp":1766196000000,"ft_is_entry":true,"ft_order_tag":"","cost":335.71792253999996},{"amount":2559.0,"safe_price":0.13148,"ft_order_side":"sell","order_filled_timestamp":1766203200000,"ft_is_entry":false,"ft_order_tag":"roi","cost":336.79377732}],"funding_fees":0.0,"weekday":5},{"pair":"DOGE/USDT","stake_amount":335.55068,"max_stake_amount":335.55068,"amount":2564.0,"open_date":"2025-12-20 05:00:00+00:00","close_date":"2025-12-20 07:00:00+00:00","open_rate":0.13087,"close_rate":0.13122,"fee_open":0.001,"fee_close":0.001,"trade_duration":120,"profit_ratio":0.0006710642456038651,"profit_abs":0.22540124,"exit_reason":"roi","initial_stop_loss_abs":0.12433,"initial_stop_loss_ratio":-0.05,"stop_loss_abs":0.12433,"stop_loss_ratio":-0.05,"min_rate":0.13077,"max_rate":0.13167,"is_open":false,"enter_tag":"","leverage":1.0,"is_short":false,"open_timestamp":1766206800000,"close_timestamp":1766214000000,"orders":[{"amount":2564.0,"safe_price":0.13087,"ft_order_side":"buy","order_filled_timestamp":1766206800000,"ft_is_entry":true,"ft_order_tag":"","cost":335.8862306799999},{"amount":2564.0,"safe_price":0.13122,"ft_order_side":"sell","order_filled_timestamp":1766214000000,"ft_is_entry":false,"ft_order_tag":"roi","cost":336.78452808}],"funding_fees":0.0,"weekday":5},{"pair":"DOGE/USDT","stake_amount":335.60448,"max_stake_amount":335.60448,"amount":2544.0,"open_date":"2025-12-22 20:00:00+00:00","close_date":"2025-12-22 22:00:00+00:00","open_rate":0.13192,"close_rate":0.13218410410410408,"fee_open":0.001,"fee_close":0.001,"trade_duration":120,"profit_ratio":0.0,"profit_abs":0.0,"exit_reason":"roi","initial_stop_loss_abs":0.12533,"initial_stop_loss_ratio":-0.05,"stop_loss_abs":0.12533,"stop_loss_ratio":-0.05,"min_rate":0.13089,"max_rate":0.13269,"is_open":false,"enter_tag":"","leverage":1.0,"is_short":false,"open_timestamp":1766433600000,"close_timestamp":1766440800000,"orders":[{"amount":2544.0,"safe_price":0.13192,"ft_order_side":"buy","order_filled_timestamp":1766433600000,"ft_is_entry":true,"ft_order_tag":"","cost":335.94008448},{"amount":2544.0,"safe_price":0.13218410410410408,"ft_order_side":"sell","order_filled_timestamp":1766440800000,"ft_is_entry":false,"ft_order_tag":"roi","cost":336.6126372016816}],"funding_fees":0.0,"weekday":0},{"pair":"DOGE/USDT","stake_amount":335.60397,"max_stake_amount":335.60397,"amount":2397.0,"open_date":"2026-01-03 08:00:00+00:00","close_date":"2026-01-03 10:00:00+00:00","open_rate":0.14001,"close_rate":0.14262,"fee_open":0.001,"fee_close":0.001,"trade_duration":120,"profit_ratio":0.016606277801906686,"profit_abs":5.57870589,"exit_reason":"roi","initial_stop_loss_abs":0.13301,"initial_stop_loss_ratio":-0.05,"stop_loss_abs":0.13301,"stop_loss_ratio":-0.05,"min_rate":0.13938,"max_rate":0.14329,"is_open":false,"enter_tag":"","leverage":1.0,"is_short":false,"open_timestamp":1767427200000,"close_timestamp":1767434400000,"orders":[{"amount":2397.0,"safe_price":0.14001,"ft_order_side":"buy","order_filled_timestamp":1767427200000,"ft_is_entry":true,"ft_order_tag":"","cost":335.93957396999997},{"amount":2397.0,"safe_price":0.14262,"ft_order_side":"sell","order_filled_timestamp":1767434400000,"ft_is_entry":false,"ft_order_tag":"roi","cost":342.20200013999994}],"funding_fees":0.0,"weekday":5},{"pair":"DOGE/USDT","stake_amount":337.468,"max_stake_amount":337.468,"amount":2390.0,"open_date":"2026-01-03 17:00:00+00:00","close_date":"2026-01-03 19:00:00+00:00","open_rate":0.1412,"close_rate":0.14182,"fee_open":0.001,"fee_close":0.001,"trade_duration":120,"profit_ratio":0.002384159749598843,"profit_abs":0.8053822,"exit_reason":"roi","initial_stop_loss_abs":0.13414,"initial_stop_loss_ratio":-0.05,"stop_loss_abs":0.13414,"stop_loss_ratio":-0.05,"min_rate":0.14074,"max_rate":0.14244,"is_open":false,"enter_tag":"","leverage":1.0,"is_short":false,"open_timestamp":1767459600000,"close_timestamp":1767466800000,"orders":[{"amount":2390.0,"safe_price":0.1412,"ft_order_side":"buy","order_filled_timestamp":1767459600000,"ft_is_entry":true,"ft_order_tag":"","cost":337.8054679999999},{"amount":2390.0,"safe_price":0.14182,"ft_order_side":"sell","order_filled_timestamp":1767466800000,"ft_is_entry":false,"ft_order_tag":"roi","cost":339.28874979999995}],"funding_fees":0.0,"weekday":5},{"pair":"DOGE/USDT","stake_amount":337.68197,"max_stake_amount":337.68197,"amount":2297.0,"open_date":"2026-01-05 14:00:00+00:00","close_date":"2026-01-05 16:00:00+00:00","open_rate":0.14701,"close_rate":0.14886,"fee_open":0.001,"fee_close":0.001,"trade_duration":120,"profit_ratio":0.010561032736394957,"profit_abs":3.56983661,"exit_reason":"roi","initial_stop_loss_abs":0.13966,"initial_stop_loss_ratio":-0.05,"stop_loss_abs":0.13966,"stop_loss_ratio":-0.05,"min_rate":0.1463,"max_rate":0.15141,"is_open":false,"enter_tag":"","leverage":1.0,"is_short":false,"open_timestamp":1767621600000,"close_timestamp":1767628800000,"orders":[{"amount":2297.0,"safe_price":0.14701,"ft_order_side":"buy","order_filled_timestamp":1767621600000,"ft_is_entry":true,"ft_order_tag":"","cost":338.0196519699999},{"amount":2297.0,"safe_price":0.14886,"ft_order_side":"sell","order_filled_timestamp":1767628800000,"ft_is_entry":false,"ft_order_tag":"roi","cost":342.27335142}],"funding_fees":0.0,"weekday":0}],"locks":[],"best_pair":{"key":"DOGE/USDT","trades":56,"profit_mean":0.001503897601267869,"profit_mean_pct":0.15,"profit_total_abs":27.064704139999996,"profit_total":0.027064704139999996,"profit_total_pct":2.71,"duration_avg":"4:30:00","wins":36,"draws":15,"losses":5,"winrate":0.6428571428571429,"cagr":0.10570996486529927,"expectancy":0.483298288214286,"expectancy_ratio":-0.24057812198748751,"sortino":23.887542087308272,"sharpe":0.8340976328654277,"calmar":15.694789063779846,"sqn":0.5608,"profit_factor":1.3055250337401394,"max_drawdown_account":0.033964286737910104,"max_drawdown_abs":35.737913739999996},"worst_pair":{"key":"DOGE/USDT","trades":56,"profit_mean":0.001503897601267869,"profit_mean_pct":0.15,"profit_total_abs":27.064704139999996,"profit_total":0.027064704139999996,"profit_total_pct":2.71,"duration_avg":"4:30:00","wins":36,"draws":15,"losses":5,"winrate":0.6428571428571429,"cagr":0.10570996486529927,"expectancy":0.483298288214286,"expectancy_ratio":-0.24057812198748751,"sortino":23.887542087308272,"sharpe":0.8340976328654277,"calmar":15.694789063779846,"sqn":0.5608,"profit_factor":1.3055250337401394,"max_drawdown_account":0.033964286737910104,"max_drawdown_abs":35.737913739999996},"results_per_pair":[{"key":"DOGE/USDT","trades":56,"profit_mean":0.001503897601267869,"profit_mean_pct":0.15,"profit_total_abs":27.064704139999996,"profit_total":0.027064704139999996,"profit_total_pct":2.71,"duration_avg":"4:30:00","wins":36,"draws":15,"losses":5,"winrate":0.6428571428571429,"cagr":0.10570996486529927,"expectancy":0.483298288214286,"expectancy_ratio":-0.24057812198748751,"sortino":23.887542087308272,"sharpe":0.8340976328654277,"calmar":15.694789063779846,"sqn":0.5608,"profit_factor":1.3055250337401394,"max_drawdown_account":0.033964286737910104,"max_drawdown_abs":35.737913739999996},{"key":"TOTAL","trades":56,"profit_mean":0.001503897601267869,"profit_mean_pct":0.15,"profit_total_abs":27.064704139999996,"profit_total":0.027064704139999996,"profit_total_pct":2.71,"duration_avg":"4:30:00","wins":36,"draws":15,"losses":5,"winrate":0.6428571428571429,"cagr":0.10570996486529927,"expectancy":0.483298288214286,"expectancy_ratio":-0.24057812198748751,"sortino":23.887542087308272,"sharpe":0.8340976328654277,"calmar":15.694789063779846,"sqn":0.5608,"profit_factor":1.3055250337401394,"max_drawdown_account":0.033964286737910104,"max_drawdown_abs":35.737913739999996}],"results_per_enter_tag":[{"key":"","trades":56,"profit_mean":0.001503897601267869,"profit_mean_pct":0.15,"profit_total_abs":27.064704139999996,"profit_total":0.027064704139999996,"profit_total_pct":2.71,"duration_avg":"4:30:00","wins":36,"draws":15,"losses":5,"winrate":0.6428571428571429,"cagr":0.10570996486529927,"expectancy":0.483298288214286,"expectancy_ratio":-0.24057812198748751,"sortino":23.887542087308272,"sharpe":0.8340976328654277,"calmar":15.694789063779846,"sqn":0.5608,"profit_factor":1.3055250337401394,"max_drawdown_account":0.033964286737910104,"max_drawdown_abs":35.737913739999996},{"key":"TOTAL","trades":56,"profit_mean":0.001503897601267869,"profit_mean_pct":0.15,"profit_total_abs":27.064704139999996,"profit_total":0.027064704139999996,"profit_total_pct":2.71,"duration_avg":"4:30:00","wins":36,"draws":15,"losses":5,"winrate":0.6428571428571429,"cagr":0.10570996486529927,"expectancy":0.483298288214286,"expectancy_ratio":-0.24057812198748751,"sortino":23.887542087308272,"sharpe":0.8340976328654277,"calmar":15.694789063779846,"sqn":0.5608,"profit_factor":1.3055250337401394,"max_drawdown_account":0.033964286737910104,"max_drawdown_abs":35.737913739999996}],"exit_reason_summary":[{"key":"roi","trades":51,"profit_mean":0.006735751647361045,"profit_mean_pct":0.67,"profit_total_abs":115.64894815,"profit_total":0.11564894815,"profit_total_pct":11.56,"duration_avg":"2:58:00","wins":36,"draws":15,"losses":0,"winrate":0.7058823529411765,"cagr":0.5095267717925331,"expectancy":2.2676264343137253,"expectancy_ratio":100.0,"sortino":-100,"sharpe":7.516260447668144,"calmar":-100,"sqn":5.2911,"profit_factor":0.0,"max_drawdown_account":0.0,"max_drawdown_abs":0.0},{"key":"stop_loss","trades":5,"profit_mean":-0.05186101366888253,"profit_mean_pct":-5.19,"profit_total_abs":-88.58424400999999,"profit_total":-0.08858424401,"profit_total_pct":-8.86,"duration_avg":"20:12:00","wins":0,"draws":0,"losses":5,"winrate":0.0,"cagr":-0.2946285482917923,"expectancy":-17.716848801999998,"expectancy_ratio":-1.0,"sortino":-78.1852203562001,"sharpe":-78.1852203562001,"calmar":-19.69584863354927,"sqn":-158.7852,"profit_factor":0.0,"max_drawdown_account":0.08858424401000002,"max_drawdown_abs":88.58424400999999},{"key":"TOTAL","trades":56,"profit_mean":0.001503897601267869,"profit_mean_pct":0.15,"profit_total_abs":27.064704139999996,"profit_total":0.027064704139999996,"profit_total_pct":2.71,"duration_avg":"4:30:00","wins":36,"draws":15,"losses":5,"winrate":0.6428571428571429,"cagr":0.10570996486529927,"expectancy":0.483298288214286,"expectancy_ratio":-0.24057812198748751,"sortino":23.887542087308272,"sharpe":0.8340976328654277,"calmar":15.694789063779846,"sqn":0.5608,"profit_factor":1.3055250337401394,"max_drawdown_account":0.033964286737910104,"max_drawdown_abs":35.737913739999996}],"mix_tag_stats":[{"key":["","roi"],"trades":51,"profit_mean":0.006735751647361045,"profit_mean_pct":0.67,"profit_total_abs":115.64894815,"profit_total":0.11564894815,"profit_total_pct":11.56,"duration_avg":"2:58:00","wins":36,"draws":15,"losses":0,"winrate":0.7058823529411765,"cagr":0.5095267717925331,"expectancy":2.2676264343137253,"expectancy_ratio":100.0,"sortino":-100,"sharpe":7.516260447668144,"calmar":-100,"sqn":5.2911,"profit_factor":0.0,"max_drawdown_account":0.0,"max_drawdown_abs":0.0},{"key":["","stop_loss"],"trades":5,"profit_mean":-0.05186101366888253,"profit_mean_pct":-5.19,"profit_total_abs":-88.58424400999999,"profit_total":-0.08858424401,"profit_total_pct":-8.86,"duration_avg":"20:12:00","wins":0,"draws":0,"losses":5,"winrate":0.0,"cagr":-0.2946285482917923,"expectancy":-17.716848801999998,"expectancy_ratio":-1.0,"sortino":-78.1852203562001,"sharpe":-78.1852203562001,"calmar":-19.69584863354927,"sqn":-158.7852,"profit_factor":0.0,"max_drawdown_account":0.08858424401000002,"max_drawdown_abs":88.58424400999999},{"key":"TOTAL","trades":56,"profit_mean":0.001503897601267869,"profit_mean_pct":0.15,"profit_total_abs":27.064704139999996,"profit_total":0.027064704139999996,"profit_total_pct":2.71,"duration_avg":"4:30:00","wins":36,"draws":15,"losses":5,"winrate":0.6428571428571429,"cagr":0.10570996486529927,"expectancy":0.483298288214286,"expectancy_ratio":-0.24057812198748751,"sortino":23.887542087308272,"sharpe":0.8340976328654277,"calmar":15.694789063779846,"sqn":0.5608,"profit_factor":1.3055250337401394,"max_drawdown_account":0.033964286737910104,"max_drawdown_abs":35.737913739999996}],"left_open_trades":[{"key":"TOTAL","trades":0,"profit_mean":0.0,"profit_mean_pct":0.0,"profit_total_abs":0.0,"profit_total":0.0,"profit_total_pct":0.0,"duration_avg":"0:00","wins":0,"draws":0,"losses":0,"winrate":0.0,"cagr":0.0,"expectancy":0.0,"expectancy_ratio":100.0,"sortino":0,"sharpe":0,"calmar":0,"sqn":0.0,"profit_factor":0.0,"max_drawdown_account":0.0,"max_drawdown_abs":0.0}],"total_trades":56,"trade_count_long":56,"trade_count_short":0,"total_volume":37902.145105789925,"avg_stake_amount":337.4942128571429,"profit_mean":0.001503897601267869,"profit_median":0.0023259573197373087,"profit_total":0.027064704139999996,"profit_total_long":0.027064704139999996,"profit_total_short":0.0,"profit_total_abs":27.064704139999996,"profit_total_long_abs":27.064704139999996,"profit_total_short_abs":0.0,"cagr":0.10570996486529927,"expectancy":0.483298288214286,"expectancy_ratio":-0.24057812198748751,"sortino":23.887542087308272,"sharpe":0.8340976328654277,"calmar":15.694789063779846,"sqn":0.5608,"profit_factor":1.3055250337401394,"backtest_start":"2025-10-01 00:00:00","backtest_start_ts":1759276800000,"backtest_end":"2026-01-06 20:00:00","backtest_end_ts":1767729600000,"backtest_days":97,"backtest_run_start_ts":1767737517,"backtest_run_end_ts":1767737517,"trades_per_day":0.58,"market_change":-0.36632086436227446,"pairlist":["DOGE/USDT"],"stake_amount":"unlimited","stake_currency":"USDT","stake_currency_decimals":3,"starting_balance":1000,"dry_run_wallet":1000,"final_balance":1027.06470414,"rejected_signals":0,"timedout_entry_orders":0,"timedout_exit_orders":0,"canceled_trade_entries":0,"canceled_entry_orders":0,"replaced_entry_orders":0,"max_open_trades":1,"max_open_trades_setting":3,"timeframe":"1h","timeframe_detail":"","timerange":"20251001-","enable_protections":false,"strategy_name":"ACO_29_4","freqaimodel":null,"freqai_identifier":null,"stoploss":-0.05,"trailing_stop":false,"trailing_stop_positive":null,"trailing_stop_positive_offset":0.0,"trailing_only_offset_is_reached":false,"use_custom_stoploss":false,"minimal_roi":{"0":0.1,"60":0.05,"120":0.0},"use_exit_signal":true,"exit_profit_only":false,"exit_profit_offset":0.0,"ignore_roi_if_entry_signal":false,"trading_mode":"spot","margin_mode":"","periodic_breakdown":{"day":[{"date":"02/10/2025","date_ts":1759363200000,"profit_abs":4.93265061,"wins":1,"draws":0,"losses":0,"trades":1,"profit_factor":0.0},{"date":"03/10/2025","date_ts":1759449600000,"profit_abs":2.52257527,"wins":1,"draws":1,"losses":0,"trades":2,"profit_factor":0.0},{"date":"04/10/2025","date_ts":1759536000000,"profit_abs":0.0,"wins":0,"draws":0,"losses":0,"trades":0,"profit_factor":0.0},{"date":"05/10/2025","date_ts":1759622400000,"profit_abs":0.0,"wins":0,"draws":0,"losses":0,"trades":0,"profit_factor":0.0},{"date":"06/10/2025","date_ts":1759708800000,"profit_abs":0.0,"wins":0,"draws":1,"losses":0,"trades":1,"profit_factor":0.0},{"date":"07/10/2025","date_ts":1759795200000,"profit_abs":3.19804746,"wins":1,"draws":1,"losses":0,"trades":2,"profit_factor":0.0},{"date":"08/10/2025","date_ts":1759881600000,"profit_abs":3.53296638,"wins":2,"draws":0,"losses":0,"trades":2,"profit_factor":0.0},{"date":"09/10/2025","date_ts":1759968000000,"profit_abs":-17.38158268,"wins":0,"draws":0,"losses":1,"trades":1,"profit_factor":0.0},{"date":"10/10/2025","date_ts":1760054400000,"profit_abs":0.0,"wins":0,"draws":0,"losses":0,"trades":0,"profit_factor":0.0},{"date":"11/10/2025","date_ts":1760140800000,"profit_abs":0.0,"wins":0,"draws":1,"losses":0,"trades":1,"profit_factor":0.0},{"date":"12/10/2025","date_ts":1760227200000,"profit_abs":16.439614,"wins":1,"draws":0,"losses":0,"trades":1,"profit_factor":0.0},{"date":"13/10/2025","date_ts":1760313600000,"profit_abs":3.13216597,"wins":1,"draws":0,"losses":0,"trades":1,"profit_factor":0.0},{"date":"14/10/2025","date_ts":1760400000000,"profit_abs":0.0,"wins":0,"draws":0,"losses":0,"trades":0,"profit_factor":0.0},{"date":"15/10/2025","date_ts":1760486400000,"profit_abs":0.0,"wins":0,"draws":0,"losses":0,"trades":0,"profit_factor":0.0},{"date":"16/10/2025","date_ts":1760572800000,"profit_abs":3.82183824,"wins":2,"draws":0,"losses":0,"trades":2,"profit_factor":0.0},{"date":"17/10/2025","date_ts":1760659200000,"profit_abs":0.0,"wins":0,"draws":2,"losses":0,"trades":2,"profit_factor":0.0},{"date":"18/10/2025","date_ts":1760745600000,"profit_abs":0.0,"wins":0,"draws":0,"losses":0,"trades":0,"profit_factor":0.0},{"date":"19/10/2025","date_ts":1760832000000,"profit_abs":0.0,"wins":0,"draws":0,"losses":0,"trades":0,"profit_factor":0.0},{"date":"20/10/2025","date_ts":1760918400000,"profit_abs":0.0,"wins":0,"draws":0,"losses":0,"trades":0,"profit_factor":0.0},{"date":"21/10/2025","date_ts":1761004800000,"profit_abs":0.0,"wins":0,"draws":0,"losses":0,"trades":0,"profit_factor":0.0},{"date":"22/10/2025","date_ts":1761091200000,"profit_abs":0.0,"wins":0,"draws":0,"losses":0,"trades":0,"profit_factor":0.0},{"date":"23/10/2025","date_ts":1761177600000,"profit_abs":0.0,"wins":0,"draws":0,"losses":0,"trades":0,"profit_factor":0.0},{"date":"24/10/2025","date_ts":1761264000000,"profit_abs":0.0,"wins":0,"draws":0,"losses":0,"trades":0,"profit_factor":0.0},{"date":"25/10/2025","date_ts":1761350400000,"profit_abs":0.0,"wins":0,"draws":0,"losses":0,"trades":0,"profit_factor":0.0},{"date":"26/10/2025","date_ts":1761436800000,"profit_abs":0.0,"wins":0,"draws":1,"losses":0,"trades":1,"profit_factor":0.0},{"date":"27/10/2025","date_ts":1761523200000,"profit_abs":0.0,"wins":0,"draws":1,"losses":0,"trades":1,"profit_factor":0.0},{"date":"28/10/2025","date_ts":1761609600000,"profit_abs":0.0,"wins":0,"draws":0,"losses":0,"trades":0,"profit_factor":0.0},{"date":"29/10/2025","date_ts":1761696000000,"profit_abs":0.7919856,"wins":1,"draws":1,"losses":0,"trades":2,"profit_factor":0.0},{"date":"30/10/2025","date_ts":1761782400000,"profit_abs":-10.75136998,"wins":2,"draws":0,"losses":1,"trades":3,"profit_factor":0.38881499},{"date":"31/10/2025","date_ts":1761868800000,"profit_abs":0.0,"wins":0,"draws":0,"losses":0,"trades":0,"profit_factor":0.0},{"date":"01/11/2025","date_ts":1761955200000,"profit_abs":0.0,"wins":0,"draws":0,"losses":0,"trades":0,"profit_factor":0.0},{"date":"02/11/2025","date_ts":1762041600000,"profit_abs":0.0,"wins":0,"draws":0,"losses":0,"trades":0,"profit_factor":0.0},{"date":"03/11/2025","date_ts":1762128000000,"profit_abs":2.80995155,"wins":2,"draws":0,"losses":0,"trades":2,"profit_factor":0.0},{"date":"04/11/2025","date_ts":1762214400000,"profit_abs":1.2385675,"wins":1,"draws":1,"losses":0,"trades":2,"profit_factor":0.0},{"date":"05/11/2025","date_ts":1762300800000,"profit_abs":5.14989171,"wins":1,"draws":0,"losses":0,"trades":1,"profit_factor":0.0},{"date":"06/11/2025","date_ts":1762387200000,"profit_abs":1.8604965,"wins":1,"draws":0,"losses":0,"trades":1,"profit_factor":0.0},{"date":"07/11/2025","date_ts":1762473600000,"profit_abs":0.0,"wins":0,"draws":0,"losses":0,"trades":0,"profit_factor":0.0},{"date":"08/11/2025","date_ts":1762560000000,"profit_abs":8.67325473,"wins":2,"draws":0,"losses":0,"trades":2,"profit_factor":0.0},{"date":"09/11/2025","date_ts":1762646400000,"profit_abs":0.0,"wins":0,"draws":0,"losses":0,"trades":0,"profit_factor":0.0},{"date":"10/11/2025","date_ts":1762732800000,"profit_abs":0.0,"wins":0,"draws":0,"losses":0,"trades":0,"profit_factor":0.0},{"date":"11/11/2025","date_ts":1762819200000,"profit_abs":0.0,"wins":0,"draws":0,"losses":0,"trades":0,"profit_factor":0.0},{"date":"12/11/2025","date_ts":1762905600000,"profit_abs":6.77789104,"wins":2,"draws":0,"losses":0,"trades":2,"profit_factor":0.0},{"date":"13/11/2025","date_ts":1762992000000,"profit_abs":0.0,"wins":0,"draws":0,"losses":0,"trades":0,"profit_factor":0.0},{"date":"14/11/2025","date_ts":1763078400000,"profit_abs":6.27375239,"wins":2,"draws":0,"losses":0,"trades":2,"profit_factor":0.0},{"date":"15/11/2025","date_ts":1763164800000,"profit_abs":1.1255652,"wins":1,"draws":0,"losses":0,"trades":1,"profit_factor":0.0},{"date":"16/11/2025","date_ts":1763251200000,"profit_abs":0.0,"wins":0,"draws":0,"losses":0,"trades":0,"profit_factor":0.0},{"date":"17/11/2025","date_ts":1763337600000,"profit_abs":0.0,"wins":0,"draws":0,"losses":0,"trades":0,"profit_factor":0.0},{"date":"18/11/2025","date_ts":1763424000000,"profit_abs":0.0,"wins":0,"draws":0,"losses":0,"trades":0,"profit_factor":0.0},{"date":"19/11/2025","date_ts":1763510400000,"profit_abs":0.0,"wins":0,"draws":0,"losses":0,"trades":0,"profit_factor":0.0},{"date":"20/11/2025","date_ts":1763596800000,"profit_abs":0.0,"wins":0,"draws":0,"losses":0,"trades":0,"profit_factor":0.0},{"date":"21/11/2025","date_ts":1763683200000,"profit_abs":-15.82633047,"wins":1,"draws":0,"losses":1,"trades":2,"profit_factor":0.11454768},{"date":"22/11/2025","date_ts":1763769600000,"profit_abs":17.96689317,"wins":4,"draws":0,"losses":0,"trades":4,"profit_factor":0.0},{"date":"23/11/2025","date_ts":1763856000000,"profit_abs":0.0,"wins":0,"draws":0,"losses":0,"trades":0,"profit_factor":0.0},{"date":"24/11/2025","date_ts":1763942400000,"profit_abs":1.52162567,"wins":1,"draws":0,"losses":0,"trades":1,"profit_factor":0.0},{"date":"25/11/2025","date_ts":1764028800000,"profit_abs":0.0,"wins":0,"draws":0,"losses":0,"trades":0,"profit_factor":0.0},{"date":"26/11/2025","date_ts":1764115200000,"profit_abs":0.0,"wins":0,"draws":0,"losses":0,"trades":0,"profit_factor":0.0},{"date":"27/11/2025","date_ts":1764201600000,"profit_abs":0.0,"wins":0,"draws":0,"losses":0,"trades":0,"profit_factor":0.0},{"date":"28/11/2025","date_ts":1764288000000,"profit_abs":0.0,"wins":0,"draws":0,"losses":0,"trades":0,"profit_factor":0.0},{"date":"29/11/2025","date_ts":1764374400000,"profit_abs":0.0,"wins":0,"draws":0,"losses":0,"trades":0,"profit_factor":0.0},{"date":"30/11/2025","date_ts":1764460800000,"profit_abs":0.0,"wins":0,"draws":0,"losses":0,"trades":0,"profit_factor":0.0},{"date":"01/12/2025","date_ts":1764547200000,"profit_abs":0.0,"wins":0,"draws":2,"losses":0,"trades":2,"profit_factor":0.0},{"date":"02/12/2025","date_ts":1764633600000,"profit_abs":4.40990194,"wins":1,"draws":0,"losses":0,"trades":1,"profit_factor":0.0},{"date":"03/12/2025","date_ts":1764720000000,"profit_abs":0.0,"wins":0,"draws":1,"losses":0,"trades":1,"profit_factor":0.0},{"date":"04/12/2025","date_ts":1764806400000,"profit_abs":0.0,"wins":0,"draws":0,"losses":0,"trades":0,"profit_factor":0.0},{"date":"05/12/2025","date_ts":1764892800000,"profit_abs":-18.02686782,"wins":0,"draws":0,"losses":1,"trades":1,"profit_factor":0.0},{"date":"06/12/2025","date_ts":1764979200000,"profit_abs":0.0,"wins":0,"draws":0,"losses":0,"trades":0,"profit_factor":0.0},{"date":"07/12/2025","date_ts":1765065600000,"profit_abs":-17.71104592,"wins":0,"draws":0,"losses":1,"trades":1,"profit_factor":0.0},{"date":"08/12/2025","date_ts":1765152000000,"profit_abs":0.0,"wins":0,"draws":0,"losses":0,"trades":0,"profit_factor":0.0},{"date":"09/12/2025","date_ts":1765238400000,"profit_abs":0.0,"wins":0,"draws":0,"losses":0,"trades":0,"profit_factor":0.0},{"date":"10/12/2025","date_ts":1765324800000,"profit_abs":0.0,"wins":0,"draws":0,"losses":0,"trades":0,"profit_factor":0.0},{"date":"11/12/2025","date_ts":1765411200000,"profit_abs":0.0,"wins":0,"draws":0,"losses":0,"trades":0,"profit_factor":0.0},{"date":"12/12/2025","date_ts":1765497600000,"profit_abs":0.0,"wins":0,"draws":0,"losses":0,"trades":0,"profit_factor":0.0},{"date":"13/12/2025","date_ts":1765584000000,"profit_abs":0.0,"wins":0,"draws":0,"losses":0,"trades":0,"profit_factor":0.0},{"date":"14/12/2025","date_ts":1765670400000,"profit_abs":0.0,"wins":0,"draws":0,"losses":0,"trades":0,"profit_factor":0.0},{"date":"15/12/2025","date_ts":1765756800000,"profit_abs":0.0,"wins":0,"draws":1,"losses":0,"trades":1,"profit_factor":0.0},{"date":"16/12/2025","date_ts":1765843200000,"profit_abs":0.0,"wins":0,"draws":0,"losses":0,"trades":0,"profit_factor":0.0},{"date":"17/12/2025","date_ts":1765929600000,"profit_abs":0.0,"wins":0,"draws":0,"losses":0,"trades":0,"profit_factor":0.0},{"date":"18/12/2025","date_ts":1766016000000,"profit_abs":0.0,"wins":0,"draws":0,"losses":0,"trades":0,"profit_factor":0.0},{"date":"19/12/2025","date_ts":1766102400000,"profit_abs":0.0,"wins":0,"draws":0,"losses":0,"trades":0,"profit_factor":0.0},{"date":"20/12/2025","date_ts":1766188800000,"profit_abs":0.62834138,"wins":2,"draws":0,"losses":0,"trades":2,"profit_factor":0.0},{"date":"21/12/2025","date_ts":1766275200000,"profit_abs":0.0,"wins":0,"draws":0,"losses":0,"trades":0,"profit_factor":0.0},{"date":"22/12/2025","date_ts":1766361600000,"profit_abs":0.0,"wins":0,"draws":1,"losses":0,"trades":1,"profit_factor":0.0},{"date":"23/12/2025","date_ts":1766448000000,"profit_abs":0.0,"wins":0,"draws":0,"losses":0,"trades":0,"profit_factor":0.0},{"date":"24/12/2025","date_ts":1766534400000,"profit_abs":0.0,"wins":0,"draws":0,"losses":0,"trades":0,"profit_factor":0.0},{"date":"25/12/2025","date_ts":1766620800000,"profit_abs":0.0,"wins":0,"draws":0,"losses":0,"trades":0,"profit_factor":0.0},{"date":"26/12/2025","date_ts":1766707200000,"profit_abs":0.0,"wins":0,"draws":0,"losses":0,"trades":0,"profit_factor":0.0},{"date":"27/12/2025","date_ts":1766793600000,"profit_abs":0.0,"wins":0,"draws":0,"losses":0,"trades":0,"profit_factor":0.0},{"date":"28/12/2025","date_ts":1766880000000,"profit_abs":0.0,"wins":0,"draws":0,"losses":0,"trades":0,"profit_factor":0.0},{"date":"29/12/2025","date_ts":1766966400000,"profit_abs":0.0,"wins":0,"draws":0,"losses":0,"trades":0,"profit_factor":0.0},{"date":"30/12/2025","date_ts":1767052800000,"profit_abs":0.0,"wins":0,"draws":0,"losses":0,"trades":0,"profit_factor":0.0},{"date":"31/12/2025","date_ts":1767139200000,"profit_abs":0.0,"wins":0,"draws":0,"losses":0,"trades":0,"profit_factor":0.0},{"date":"01/01/2026","date_ts":1767225600000,"profit_abs":0.0,"wins":0,"draws":0,"losses":0,"trades":0,"profit_factor":0.0},{"date":"02/01/2026","date_ts":1767312000000,"profit_abs":0.0,"wins":0,"draws":0,"losses":0,"trades":0,"profit_factor":0.0},{"date":"03/01/2026","date_ts":1767398400000,"profit_abs":6.38408809,"wins":2,"draws":0,"losses":0,"trades":2,"profit_factor":0.0},{"date":"04/01/2026","date_ts":1767484800000,"profit_abs":0.0,"wins":0,"draws":0,"losses":0,"trades":0,"profit_factor":0.0},{"date":"05/01/2026","date_ts":1767571200000,"profit_abs":3.56983661,"wins":1,"draws":0,"losses":0,"trades":1,"profit_factor":0.0}],"week":[{"date":"06/10/2025","date_ts":1759708800000,"profit_abs":7.45522588,"wins":2,"draws":2,"losses":0,"trades":4,"profit_factor":0.0},{"date":"13/10/2025","date_ts":1760313600000,"profit_abs":8.92121113,"wins":5,"draws":2,"losses":1,"trades":8,"profit_factor":1.51325655},{"date":"20/10/2025","date_ts":1760918400000,"profit_abs":3.82183824,"wins":2,"draws":2,"losses":0,"trades":4,"profit_factor":0.0},{"date":"27/10/2025","date_ts":1761523200000,"profit_abs":0.0,"wins":0,"draws":2,"losses":0,"trades":2,"profit_factor":0.0},{"date":"03/11/2025","date_ts":1762128000000,"profit_abs":-7.14943283,"wins":5,"draws":1,"losses":1,"trades":7,"profit_factor":0.59357494},{"date":"10/11/2025","date_ts":1762732800000,"profit_abs":16.92221044,"wins":5,"draws":1,"losses":0,"trades":6,"profit_factor":0.0},{"date":"17/11/2025","date_ts":1763337600000,"profit_abs":14.17720863,"wins":5,"draws":0,"losses":0,"trades":5,"profit_factor":0.0},{"date":"24/11/2025","date_ts":1763942400000,"profit_abs":3.66218837,"wins":6,"draws":0,"losses":1,"trades":7,"profit_factor":1.2048923},{"date":"01/12/2025","date_ts":1764547200000,"profit_abs":0.0,"wins":0,"draws":2,"losses":0,"trades":2,"profit_factor":0.0},{"date":"08/12/2025","date_ts":1765152000000,"profit_abs":-31.3280118,"wins":1,"draws":1,"losses":2,"trades":4,"profit_factor":0.12339562},{"date":"15/12/2025","date_ts":1765756800000,"profit_abs":0.0,"wins":0,"draws":1,"losses":0,"trades":1,"profit_factor":0.0},{"date":"22/12/2025","date_ts":1766361600000,"profit_abs":0.62834138,"wins":2,"draws":1,"losses":0,"trades":3,"profit_factor":0.0},{"date":"29/12/2025","date_ts":1766966400000,"profit_abs":0.0,"wins":0,"draws":0,"losses":0,"trades":0,"profit_factor":0.0},{"date":"05/01/2026","date_ts":1767571200000,"profit_abs":9.9539247,"wins":3,"draws":0,"losses":0,"trades":3,"profit_factor":0.0}],"month":[{"date":"31/10/2025","date_ts":1761868800000,"profit_abs":10.23889087,"wins":12,"draws":9,"losses":2,"trades":23,"profit_factor":1.29276888},{"date":"30/11/2025","date_ts":1764460800000,"profit_abs":37.57155899,"wins":18,"draws":1,"losses":1,"trades":20,"profit_factor":3.10205545},{"date":"31/12/2025","date_ts":1767139200000,"profit_abs":-30.69967042,"wins":3,"draws":5,"losses":2,"trades":10,"profit_factor":0.14097754},{"date":"31/01/2026","date_ts":1769817600000,"profit_abs":9.9539247,"wins":3,"draws":0,"losses":0,"trades":3,"profit_factor":0.0}],"year":[{"date":"31/12/2025","date_ts":1767139200000,"profit_abs":17.11077944,"wins":33,"draws":15,"losses":5,"trades":53,"profit_factor":1.19315827},{"date":"31/12/2026","date_ts":1798675200000,"profit_abs":9.9539247,"wins":3,"draws":0,"losses":0,"trades":3,"profit_factor":0.0}],"weekday":[{"date":"Monday","date_ts":0,"profit_abs":11.0335798,"wins":5,"draws":6,"losses":0,"trades":11,"profit_factor":0.0},{"date":"Tuesday","date_ts":1,"profit_abs":8.8465169,"wins":3,"draws":2,"losses":0,"trades":5,"profit_factor":0.0},{"date":"Wednesday","date_ts":2,"profit_abs":16.25273473,"wins":6,"draws":2,"losses":0,"trades":8,"profit_factor":0.0},{"date":"Thursday","date_ts":3,"profit_abs":-17.51796731,"wins":6,"draws":0,"losses":2,"trades":8,"profit_factor":0.4990946},{"date":"Friday","date_ts":4,"profit_abs":-25.05687063,"wins":4,"draws":3,"losses":2,"trades":9,"profit_factor":0.30204854},{"date":"Saturday","date_ts":5,"profit_abs":34.77814257,"wins":11,"draws":1,"losses":0,"trades":12,"profit_factor":0.0},{"date":"Sunday","date_ts":6,"profit_abs":-1.27143192,"wins":1,"draws":1,"losses":1,"trades":3,"profit_factor":0.92821249}]},"backtest_best_day":0.052613421608965205,"backtest_worst_day":-0.051888342441833546,"backtest_best_day_abs":17.96689317,"backtest_worst_day_abs":-18.02686782,"winning_days":22,"draw_days":69,"losing_days":5,"daily_profit":[["2025-10-02",4.93265061],["2025-10-03",2.52257527],["2025-10-04",0.0],["2025-10-05",0.0],["2025-10-06",0.0],["2025-10-07",3.19804746],["2025-10-08",3.53296638],["2025-10-09",-17.38158268],["2025-10-10",0.0],["2025-10-11",0.0],["2025-10-12",16.439614],["2025-10-13",3.13216597],["2025-10-14",0.0],["2025-10-15",0.0],["2025-10-16",3.82183824],["2025-10-17",0.0],["2025-10-18",0.0],["2025-10-19",0.0],["2025-10-20",0.0],["2025-10-21",0.0],["2025-10-22",0.0],["2025-10-23",0.0],["2025-10-24",0.0],["2025-10-25",0.0],["2025-10-26",0.0],["2025-10-27",0.0],["2025-10-28",0.0],["2025-10-29",0.7919856],["2025-10-30",-10.75136998],["2025-10-31",0.0],["2025-11-01",0.0],["2025-11-02",0.0],["2025-11-03",2.80995155],["2025-11-04",1.2385675],["2025-11-05",5.14989171],["2025-11-06",1.8604965],["2025-11-07",0.0],["2025-11-08",8.67325473],["2025-11-09",0.0],["2025-11-10",0.0],["2025-11-11",0.0],["2025-11-12",6.77789104],["2025-11-13",0.0],["2025-11-14",6.27375239],["2025-11-15",1.1255652],["2025-11-16",0.0],["2025-11-17",0.0],["2025-11-18",0.0],["2025-11-19",0.0],["2025-11-20",0.0],["2025-11-21",-15.82633047],["2025-11-22",17.96689317],["2025-11-23",0.0],["2025-11-24",1.52162567],["2025-11-25",0.0],["2025-11-26",0.0],["2025-11-27",0.0],["2025-11-28",0.0],["2025-11-29",0.0],["2025-11-30",0.0],["2025-12-01",0.0],["2025-12-02",4.40990194],["2025-12-03",0.0],["2025-12-04",0.0],["2025-12-05",-18.02686782],["2025-12-06",0.0],["2025-12-07",-17.71104592],["2025-12-08",0.0],["2025-12-09",0.0],["2025-12-10",0.0],["2025-12-11",0.0],["2025-12-12",0.0],["2025-12-13",0.0],["2025-12-14",0.0],["2025-12-15",0.0],["2025-12-16",0.0],["2025-12-17",0.0],["2025-12-18",0.0],["2025-12-19",0.0],["2025-12-20",0.62834138],["2025-12-21",0.0],["2025-12-22",0.0],["2025-12-23",0.0],["2025-12-24",0.0],["2025-12-25",0.0],["2025-12-26",0.0],["2025-12-27",0.0],["2025-12-28",0.0],["2025-12-29",0.0],["2025-12-30",0.0],["2025-12-31",0.0],["2026-01-01",0.0],["2026-01-02",0.0],["2026-01-03",6.38408809],["2026-01-04",0.0],["2026-01-05",3.56983661]],"wins":36,"losses":5,"draws":15,"winrate":0.6428571428571429,"holding_avg":"4:30:00","holding_avg_s":16200.0,"winner_holding_min":"0d 01:00","winner_holding_min_s":3600.0,"winner_holding_max":"0d 02:00","winner_holding_max_s":7200.0,"winner_holding_avg":"0d 01:58","winner_holding_avg_s":7080.0,"loser_holding_min":"0d 01:00","loser_holding_min_s":3600.0,"loser_holding_max":"2d 00:00","loser_holding_max_s":172800.0,"loser_holding_avg":"0d 20:12","loser_holding_avg_s":72720.0,"max_consecutive_wins":9,"max_consecutive_losses":4,"max_drawdown_account":0.033964286737910104,"max_relative_drawdown":0.033964286737910104,"max_drawdown_abs":35.737913739999996,"drawdown_start":"2025-12-02 11:00:00","drawdown_start_ts":1764673200000.0,"drawdown_end":"2025-12-07 14:00:00","drawdown_end_ts":1765116000000.0,"drawdown_duration":"5 days 03:00:00","drawdown_duration_s":442800.0,"max_drawdown_low":16.482438059999996,"max_drawdown_high":52.220351799999996,"csum_min":996.80465704,"csum_max":1052.2203518}},"strategy_comparison":[{"key":"ACO_29_4","trades":56,"profit_mean":0.001503897601267869,"profit_mean_pct":0.15,"profit_total_abs":27.064704139999996,"profit_total":0.027064704139999996,"profit_total_pct":2.71,"duration_avg":"4:30:00","wins":36,"draws":15,"losses":5,"winrate":0.6428571428571429,"cagr":0.10570996486529927,"expectancy":0.483298288214286,"expectancy_ratio":-0.24057812198748751,"sortino":23.887542087308272,"sharpe":0.8340976328654277,"calmar":15.694789063779846,"sqn":0.5608,"profit_factor":1.3055250337401394,"max_drawdown_account":0.033964286737910104,"max_drawdown_abs":"35.738"}]}