{"strategy":{"ACO_16_1":{"trades":[{"pair":"DOGE/USDT","stake_amount":329.84,"max_stake_amount":329.84,"amount":1736.0,"open_date":"2025-10-18 18:00:00+00:00","close_date":"2025-10-19 03:00:00+00:00","open_rate":0.19,"close_rate":0.19038038038038035,"fee_open":0.001,"fee_close":0.001,"trade_duration":540,"profit_ratio":0.0,"profit_abs":0.0,"exit_reason":"roi","initial_stop_loss_abs":0.1805,"initial_stop_loss_ratio":-0.05,"stop_loss_abs":0.1805,"stop_loss_ratio":-0.05,"min_rate":0.18777,"max_rate":0.19078,"is_open":false,"enter_tag":"","leverage":1.0,"is_short":false,"open_timestamp":1760810400000,"close_timestamp":1760842800000,"orders":[{"amount":1736.0,"safe_price":0.19,"ft_order_side":"buy","order_filled_timestamp":1760810400000,"ft_is_entry":true,"ft_order_tag":"","cost":330.16984},{"amount":1736.0,"safe_price":0.19038038038038035,"ft_order_side":"sell","order_filled_timestamp":1760842800000,"ft_is_entry":false,"ft_order_tag":"roi","cost":330.8308406806806}],"funding_fees":0.0,"weekday":6},{"pair":"DOGE/USDT","stake_amount":329.90442,"max_stake_amount":329.90442,"amount":1698.0,"open_date":"2025-10-19 11:00:00+00:00","close_date":"2025-10-19 13:00:00+00:00","open_rate":0.19429,"close_rate":0.19467896896896894,"fee_open":0.001,"fee_close":0.001,"trade_duration":120,"profit_ratio":0.0,"profit_abs":0.0,"exit_reason":"roi","initial_stop_loss_abs":0.18458,"initial_stop_loss_ratio":-0.05,"stop_loss_abs":0.18458,"stop_loss_ratio":-0.05,"min_rate":0.19259,"max_rate":0.19805,"is_open":false,"enter_tag":"","leverage":1.0,"is_short":false,"open_timestamp":1760871600000,"close_timestamp":1760878800000,"orders":[{"amount":1698.0,"safe_price":0.19429,"ft_order_side":"buy","order_filled_timestamp":1760871600000,"ft_is_entry":true,"ft_order_tag":"","cost":330.23432441999995},{"amount":1698.0,"safe_price":0.19467896896896894,"ft_order_side":"sell","order_filled_timestamp":1760878800000,"ft_is_entry":false,"ft_order_tag":"roi","cost":330.89545419861855}],"funding_fees":0.0,"weekday":6},{"pair":"DOGE/USDT","stake_amount":329.8752,"max_stake_amount":329.8752,"amount":1656.0,"open_date":"2025-10-20 04:00:00+00:00","close_date":"2025-10-20 06:00:00+00:00","open_rate":0.1992,"close_rate":0.20135,"fee_open":0.001,"fee_close":0.001,"trade_duration":120,"profit_ratio":0.008773605912160129,"profit_abs":2.8970892,"exit_reason":"roi","initial_stop_loss_abs":0.18924,"initial_stop_loss_ratio":-0.05,"stop_loss_abs":0.18924,"stop_loss_ratio":-0.05,"min_rate":0.1992,"max_rate":0.20249,"is_open":false,"enter_tag":"","leverage":1.0,"is_short":false,"open_timestamp":1760932800000,"close_timestamp":1760940000000,"orders":[{"amount":1656.0,"safe_price":0.1992,"ft_order_side":"buy","order_filled_timestamp":1760932800000,"ft_is_entry":true,"ft_order_tag":"","cost":330.20507519999995},{"amount":1656.0,"safe_price":0.20135,"ft_order_side":"sell","order_filled_timestamp":1760940000000,"ft_is_entry":false,"ft_order_tag":"roi","cost":333.7690356}],"funding_fees":0.0,"weekday":0},{"pair":"DOGE/USDT","stake_amount":330.9022,"max_stake_amount":330.9022,"amount":1765.0,"open_date":"2025-10-31 20:00:00+00:00","close_date":"2025-11-01 09:00:00+00:00","open_rate":0.18748,"close_rate":0.18785533533533533,"fee_open":0.001,"fee_close":0.001,"trade_duration":780,"profit_ratio":0.0,"profit_abs":0.0,"exit_reason":"roi","initial_stop_loss_abs":0.17811,"initial_stop_loss_ratio":-0.05,"stop_loss_abs":0.17811,"stop_loss_ratio":-0.05,"min_rate":0.18512,"max_rate":0.188,"is_open":false,"enter_tag":"","leverage":1.0,"is_short":false,"open_timestamp":1761940800000,"close_timestamp":1761987600000,"orders":[{"amount":1765.0,"safe_price":0.18748,"ft_order_side":"buy","order_filled_timestamp":1761940800000,"ft_is_entry":true,"ft_order_tag":"","cost":331.23310219999996},{"amount":1765.0,"safe_price":0.18785533533533533,"ft_order_side":"sell","order_filled_timestamp":1761987600000,"ft_is_entry":false,"ft_order_tag":"roi","cost":331.89623153373367}],"funding_fees":0.0,"weekday":5},{"pair":"DOGE/USDT","stake_amount":330.92676,"max_stake_amount":330.92676,"amount":2351.0,"open_date":"2025-12-07 07:00:00+00:00","close_date":"2025-12-07 09:00:00+00:00","open_rate":0.14076,"close_rate":0.13923,"fee_open":0.001,"fee_close":0.001,"trade_duration":120,"profit_ratio":-0.01284584980237154,"profit_abs":-4.25528649,"exit_reason":"exit_signal","initial_stop_loss_abs":0.13373,"initial_stop_loss_ratio":-0.05,"stop_loss_abs":0.13373,"stop_loss_ratio":-0.05,"min_rate":0.13844,"max_rate":0.14084,"is_open":false,"enter_tag":"","leverage":1.0,"is_short":false,"open_timestamp":1765090800000,"close_timestamp":1765098000000,"orders":[{"amount":2351.0,"safe_price":0.14076,"ft_order_side":"buy","order_filled_timestamp":1765090800000,"ft_is_entry":true,"ft_order_tag":"","cost":331.25768675999996},{"amount":2351.0,"safe_price":0.13923,"ft_order_side":"sell","order_filled_timestamp":1765098000000,"ft_is_entry":false,"ft_order_tag":"exit_signal","cost":327.65705972999996}],"funding_fees":0.0,"weekday":6}],"locks":[],"best_pair":{"key":"DOGE/USDT","trades":5,"profit_mean":-0.0008144487780422822,"profit_mean_pct":-0.08,"profit_total_abs":-1.3581972899999997,"profit_total":-0.0013581972899999997,"profit_total_pct":-0.14,"duration_avg":"5:36:00","wins":1,"draws":3,"losses":1,"winrate":0.2,"cagr":-0.005101160885552347,"expectancy":-0.271639458,"expectancy_ratio":-0.6638357625599023,"sortino":-100,"sharpe":-0.11701435738333112,"calmar":-6.304710128191377,"sqn":-0.2376,"profit_factor":0.6808211872004887,"max_drawdown_account":0.004242994157450789,"max_drawdown_abs":4.25528649},"worst_pair":{"key":"DOGE/USDT","trades":5,"profit_mean":-0.0008144487780422822,"profit_mean_pct":-0.08,"profit_total_abs":-1.3581972899999997,"profit_total":-0.0013581972899999997,"profit_total_pct":-0.14,"duration_avg":"5:36:00","wins":1,"draws":3,"losses":1,"winrate":0.2,"cagr":-0.005101160885552347,"expectancy":-0.271639458,"expectancy_ratio":-0.6638357625599023,"sortino":-100,"sharpe":-0.11701435738333112,"calmar":-6.304710128191377,"sqn":-0.2376,"profit_factor":0.6808211872004887,"max_drawdown_account":0.004242994157450789,"max_drawdown_abs":4.25528649},"results_per_pair":[{"key":"DOGE/USDT","trades":5,"profit_mean":-0.0008144487780422822,"profit_mean_pct":-0.08,"profit_total_abs":-1.3581972899999997,"profit_total":-0.0013581972899999997,"profit_total_pct":-0.14,"duration_avg":"5:36:00","wins":1,"draws":3,"losses":1,"winrate":0.2,"cagr":-0.005101160885552347,"expectancy":-0.271639458,"expectancy_ratio":-0.6638357625599023,"sortino":-100,"sharpe":-0.11701435738333112,"calmar":-6.304710128191377,"sqn":-0.2376,"profit_factor":0.6808211872004887,"max_drawdown_account":0.004242994157450789,"max_drawdown_abs":4.25528649},{"key":"TOTAL","trades":5,"profit_mean":-0.0008144487780422822,"profit_mean_pct":-0.08,"profit_total_abs":-1.3581972899999997,"profit_total":-0.0013581972899999997,"profit_total_pct":-0.14,"duration_avg":"5:36:00","wins":1,"draws":3,"losses":1,"winrate":0.2,"cagr":-0.005101160885552347,"expectancy":-0.271639458,"expectancy_ratio":-0.6638357625599023,"sortino":-100,"sharpe":-0.11701435738333112,"calmar":-6.304710128191377,"sqn":-0.2376,"profit_factor":0.6808211872004887,"max_drawdown_account":0.004242994157450789,"max_drawdown_abs":4.25528649}],"results_per_enter_tag":[{"key":"","trades":5,"profit_mean":-0.0008144487780422822,"profit_mean_pct":-0.08,"profit_total_abs":-1.3581972899999997,"profit_total":-0.0013581972899999997,"profit_total_pct":-0.14,"duration_avg":"5:36:00","wins":1,"draws":3,"losses":1,"winrate":0.2,"cagr":-0.005101160885552347,"expectancy":-0.271639458,"expectancy_ratio":-0.6638357625599023,"sortino":-100,"sharpe":-0.11701435738333112,"calmar":-6.304710128191377,"sqn":-0.2376,"profit_factor":0.6808211872004887,"max_drawdown_account":0.004242994157450789,"max_drawdown_abs":4.25528649},{"key":"TOTAL","trades":5,"profit_mean":-0.0008144487780422822,"profit_mean_pct":-0.08,"profit_total_abs":-1.3581972899999997,"profit_total":-0.0013581972899999997,"profit_total_pct":-0.14,"duration_avg":"5:36:00","wins":1,"draws":3,"losses":1,"winrate":0.2,"cagr":-0.005101160885552347,"expectancy":-0.271639458,"expectancy_ratio":-0.6638357625599023,"sortino":-100,"sharpe":-0.11701435738333112,"calmar":-6.304710128191377,"sqn":-0.2376,"profit_factor":0.6808211872004887,"max_drawdown_account":0.004242994157450789,"max_drawdown_abs":4.25528649}],"exit_reason_summary":[{"key":"roi","trades":4,"profit_mean":0.0021934014780400322,"profit_mean_pct":0.22,"profit_total_abs":2.8970892,"profit_total":0.0028970892,"profit_total_pct":0.29,"duration_avg":"6:30:00","wins":1,"draws":3,"losses":0,"winrate":0.25,"cagr":0.010945121707987893,"expectancy":0.7242723,"expectancy_ratio":100.0,"sortino":-100,"sharpe":0.45485614041991185,"calmar":-100,"sqn":1.0,"profit_factor":0.0,"max_drawdown_account":0.0,"max_drawdown_abs":0.0},{"key":"exit_signal","trades":1,"profit_mean":-0.01284584980237154,"profit_mean_pct":-1.28,"profit_total_abs":-4.25528649,"profit_total":-0.004255286489999999,"profit_total_pct":-0.43,"duration_avg":"2:00:00","wins":0,"draws":0,"losses":1,"winrate":0.0,"cagr":-0.015918269201690483,"expectancy":-4.25528649,"expectancy_ratio":-1.0,"sortino":-100,"sharpe":-100,"calmar":-19.69584863354926,"sqn":-100.0,"profit_factor":0.0,"max_drawdown_account":0.004255286490000003,"max_drawdown_abs":4.25528649},{"key":"TOTAL","trades":5,"profit_mean":-0.0008144487780422822,"profit_mean_pct":-0.08,"profit_total_abs":-1.3581972899999997,"profit_total":-0.0013581972899999997,"profit_total_pct":-0.14,"duration_avg":"5:36:00","wins":1,"draws":3,"losses":1,"winrate":0.2,"cagr":-0.005101160885552347,"expectancy":-0.271639458,"expectancy_ratio":-0.6638357625599023,"sortino":-100,"sharpe":-0.11701435738333112,"calmar":-6.304710128191377,"sqn":-0.2376,"profit_factor":0.6808211872004887,"max_drawdown_account":0.004242994157450789,"max_drawdown_abs":4.25528649}],"mix_tag_stats":[{"key":["","roi"],"trades":4,"profit_mean":0.0021934014780400322,"profit_mean_pct":0.22,"profit_total_abs":2.8970892,"profit_total":0.0028970892,"profit_total_pct":0.29,"duration_avg":"6:30:00","wins":1,"draws":3,"losses":0,"winrate":0.25,"cagr":0.010945121707987893,"expectancy":0.7242723,"expectancy_ratio":100.0,"sortino":-100,"sharpe":0.45485614041991185,"calmar":-100,"sqn":1.0,"profit_factor":0.0,"max_drawdown_account":0.0,"max_drawdown_abs":0.0},{"key":["","exit_signal"],"trades":1,"profit_mean":-0.01284584980237154,"profit_mean_pct":-1.28,"profit_total_abs":-4.25528649,"profit_total":-0.004255286489999999,"profit_total_pct":-0.43,"duration_avg":"2:00:00","wins":0,"draws":0,"losses":1,"winrate":0.0,"cagr":-0.015918269201690483,"expectancy":-4.25528649,"expectancy_ratio":-1.0,"sortino":-100,"sharpe":-100,"calmar":-19.69584863354926,"sqn":-100.0,"profit_factor":0.0,"max_drawdown_account":0.004255286490000003,"max_drawdown_abs":4.25528649},{"key":"TOTAL","trades":5,"profit_mean":-0.0008144487780422822,"profit_mean_pct":-0.08,"profit_total_abs":-1.3581972899999997,"profit_total":-0.0013581972899999997,"profit_total_pct":-0.14,"duration_avg":"5:36:00","wins":1,"draws":3,"losses":1,"winrate":0.2,"cagr":-0.005101160885552347,"expectancy":-0.271639458,"expectancy_ratio":-0.6638357625599023,"sortino":-100,"sharpe":-0.11701435738333112,"calmar":-6.304710128191377,"sqn":-0.2376,"profit_factor":0.6808211872004887,"max_drawdown_account":0.004242994157450789,"max_drawdown_abs":4.25528649}],"left_open_trades":[{"key":"TOTAL","trades":0,"profit_mean":0.0,"profit_mean_pct":0.0,"profit_total_abs":0.0,"profit_total":0.0,"profit_total_pct":0.0,"duration_avg":"0:00","wins":0,"draws":0,"losses":0,"winrate":0.0,"cagr":0.0,"expectancy":0.0,"expectancy_ratio":100.0,"sortino":0,"sharpe":0,"calmar":0,"sqn":0.0,"profit_factor":0.0,"max_drawdown_account":0.0,"max_drawdown_abs":0.0}],"total_trades":5,"trade_count_long":5,"trade_count_short":0,"total_volume":3308.1486503230326,"avg_stake_amount":330.289716,"profit_mean":-0.0008144487780422822,"profit_median":0.0,"profit_total":-0.0013581972899999997,"profit_total_long":-0.0013581972899999997,"profit_total_short":0.0,"profit_total_abs":-1.3581972899999997,"profit_total_long_abs":-1.3581972899999997,"profit_total_short_abs":0.0,"cagr":-0.005101160885552347,"expectancy":-0.271639458,"expectancy_ratio":-0.6638357625599023,"sortino":-100,"sharpe":-0.11701435738333112,"calmar":-6.304710128191377,"sqn":-0.2376,"profit_factor":0.6808211872004887,"backtest_start":"2025-10-01 00:00:00","backtest_start_ts":1759276800000,"backtest_end":"2026-01-06 20:00:00","backtest_end_ts":1767729600000,"backtest_days":97,"backtest_run_start_ts":1767742976,"backtest_run_end_ts":1767742977,"trades_per_day":0.05,"market_change":-0.36632086436227446,"pairlist":["DOGE/USDT"],"stake_amount":"unlimited","stake_currency":"USDT","stake_currency_decimals":3,"starting_balance":1000,"dry_run_wallet":1000,"final_balance":998.64180271,"rejected_signals":0,"timedout_entry_orders":0,"timedout_exit_orders":0,"canceled_trade_entries":0,"canceled_entry_orders":0,"replaced_entry_orders":0,"max_open_trades":1,"max_open_trades_setting":3,"timeframe":"1h","timeframe_detail":"","timerange":"20251001-","enable_protections":false,"strategy_name":"ACO_16_1","freqaimodel":null,"freqai_identifier":null,"stoploss":-0.05,"trailing_stop":false,"trailing_stop_positive":null,"trailing_stop_positive_offset":0.0,"trailing_only_offset_is_reached":false,"use_custom_stoploss":false,"minimal_roi":{"0":0.1,"60":0.05,"120":0.0},"use_exit_signal":true,"exit_profit_only":false,"exit_profit_offset":0.0,"ignore_roi_if_entry_signal":false,"trading_mode":"spot","margin_mode":"","periodic_breakdown":{"day":[{"date":"19/10/2025","date_ts":1760832000000,"profit_abs":0.0,"wins":0,"draws":2,"losses":0,"trades":2,"profit_factor":0.0},{"date":"20/10/2025","date_ts":1760918400000,"profit_abs":2.8970892,"wins":1,"draws":0,"losses":0,"trades":1,"profit_factor":0.0},{"date":"21/10/2025","date_ts":1761004800000,"profit_abs":0.0,"wins":0,"draws":0,"losses":0,"trades":0,"profit_factor":0.0},{"date":"22/10/2025","date_ts":1761091200000,"profit_abs":0.0,"wins":0,"draws":0,"losses":0,"trades":0,"profit_factor":0.0},{"date":"23/10/2025","date_ts":1761177600000,"profit_abs":0.0,"wins":0,"draws":0,"losses":0,"trades":0,"profit_factor":0.0},{"date":"24/10/2025","date_ts":1761264000000,"profit_abs":0.0,"wins":0,"draws":0,"losses":0,"trades":0,"profit_factor":0.0},{"date":"25/10/2025","date_ts":1761350400000,"profit_abs":0.0,"wins":0,"draws":0,"losses":0,"trades":0,"profit_factor":0.0},{"date":"26/10/2025","date_ts":1761436800000,"profit_abs":0.0,"wins":0,"draws":0,"losses":0,"trades":0,"profit_factor":0.0},{"date":"27/10/2025","date_ts":1761523200000,"profit_abs":0.0,"wins":0,"draws":0,"losses":0,"trades":0,"profit_factor":0.0},{"date":"28/10/2025","date_ts":1761609600000,"profit_abs":0.0,"wins":0,"draws":0,"losses":0,"trades":0,"profit_factor":0.0},{"date":"29/10/2025","date_ts":1761696000000,"profit_abs":0.0,"wins":0,"draws":0,"losses":0,"trades":0,"profit_factor":0.0},{"date":"30/10/2025","date_ts":1761782400000,"profit_abs":0.0,"wins":0,"draws":0,"losses":0,"trades":0,"profit_factor":0.0},{"date":"31/10/2025","date_ts":1761868800000,"profit_abs":0.0,"wins":0,"draws":0,"losses":0,"trades":0,"profit_factor":0.0},{"date":"01/11/2025","date_ts":1761955200000,"profit_abs":0.0,"wins":0,"draws":1,"losses":0,"trades":1,"profit_factor":0.0},{"date":"02/11/2025","date_ts":1762041600000,"profit_abs":0.0,"wins":0,"draws":0,"losses":0,"trades":0,"profit_factor":0.0},{"date":"03/11/2025","date_ts":1762128000000,"profit_abs":0.0,"wins":0,"draws":0,"losses":0,"trades":0,"profit_factor":0.0},{"date":"04/11/2025","date_ts":1762214400000,"profit_abs":0.0,"wins":0,"draws":0,"losses":0,"trades":0,"profit_factor":0.0},{"date":"05/11/2025","date_ts":1762300800000,"profit_abs":0.0,"wins":0,"draws":0,"losses":0,"trades":0,"profit_factor":0.0},{"date":"06/11/2025","date_ts":1762387200000,"profit_abs":0.0,"wins":0,"draws":0,"losses":0,"trades":0,"profit_factor":0.0},{"date":"07/11/2025","date_ts":1762473600000,"profit_abs":0.0,"wins":0,"draws":0,"losses":0,"trades":0,"profit_factor":0.0},{"date":"08/11/2025","date_ts":1762560000000,"profit_abs":0.0,"wins":0,"draws":0,"losses":0,"trades":0,"profit_factor":0.0},{"date":"09/11/2025","date_ts":1762646400000,"profit_abs":0.0,"wins":0,"draws":0,"losses":0,"trades":0,"profit_factor":0.0},{"date":"10/11/2025","date_ts":1762732800000,"profit_abs":0.0,"wins":0,"draws":0,"losses":0,"trades":0,"profit_factor":0.0},{"date":"11/11/2025","date_ts":1762819200000,"profit_abs":0.0,"wins":0,"draws":0,"losses":0,"trades":0,"profit_factor":0.0},{"date":"12/11/2025","date_ts":1762905600000,"profit_abs":0.0,"wins":0,"draws":0,"losses":0,"trades":0,"profit_factor":0.0},{"date":"13/11/2025","date_ts":1762992000000,"profit_abs":0.0,"wins":0,"draws":0,"losses":0,"trades":0,"profit_factor":0.0},{"date":"14/11/2025","date_ts":1763078400000,"profit_abs":0.0,"wins":0,"draws":0,"losses":0,"trades":0,"profit_factor":0.0},{"date":"15/11/2025","date_ts":1763164800000,"profit_abs":0.0,"wins":0,"draws":0,"losses":0,"trades":0,"profit_factor":0.0},{"date":"16/11/2025","date_ts":1763251200000,"profit_abs":0.0,"wins":0,"draws":0,"losses":0,"trades":0,"profit_factor":0.0},{"date":"17/11/2025","date_ts":1763337600000,"profit_abs":0.0,"wins":0,"draws":0,"losses":0,"trades":0,"profit_factor":0.0},{"date":"18/11/2025","date_ts":1763424000000,"profit_abs":0.0,"wins":0,"draws":0,"losses":0,"trades":0,"profit_factor":0.0},{"date":"19/11/2025","date_ts":1763510400000,"profit_abs":0.0,"wins":0,"draws":0,"losses":0,"trades":0,"profit_factor":0.0},{"date":"20/11/2025","date_ts":1763596800000,"profit_abs":0.0,"wins":0,"draws":0,"losses":0,"trades":0,"profit_factor":0.0},{"date":"21/11/2025","date_ts":1763683200000,"profit_abs":0.0,"wins":0,"draws":0,"losses":0,"trades":0,"profit_factor":0.0},{"date":"22/11/2025","date_ts":1763769600000,"profit_abs":0.0,"wins":0,"draws":0,"losses":0,"trades":0,"profit_factor":0.0},{"date":"23/11/2025","date_ts":1763856000000,"profit_abs":0.0,"wins":0,"draws":0,"losses":0,"trades":0,"profit_factor":0.0},{"date":"24/11/2025","date_ts":1763942400000,"profit_abs":0.0,"wins":0,"draws":0,"losses":0,"trades":0,"profit_factor":0.0},{"date":"25/11/2025","date_ts":1764028800000,"profit_abs":0.0,"wins":0,"draws":0,"losses":0,"trades":0,"profit_factor":0.0},{"date":"26/11/2025","date_ts":1764115200000,"profit_abs":0.0,"wins":0,"draws":0,"losses":0,"trades":0,"profit_factor":0.0},{"date":"27/11/2025","date_ts":1764201600000,"profit_abs":0.0,"wins":0,"draws":0,"losses":0,"trades":0,"profit_factor":0.0},{"date":"28/11/2025","date_ts":1764288000000,"profit_abs":0.0,"wins":0,"draws":0,"losses":0,"trades":0,"profit_factor":0.0},{"date":"29/11/2025","date_ts":1764374400000,"profit_abs":0.0,"wins":0,"draws":0,"losses":0,"trades":0,"profit_factor":0.0},{"date":"30/11/2025","date_ts":1764460800000,"profit_abs":0.0,"wins":0,"draws":0,"losses":0,"trades":0,"profit_factor":0.0},{"date":"01/12/2025","date_ts":1764547200000,"profit_abs":0.0,"wins":0,"draws":0,"losses":0,"trades":0,"profit_factor":0.0},{"date":"02/12/2025","date_ts":1764633600000,"profit_abs":0.0,"wins":0,"draws":0,"losses":0,"trades":0,"profit_factor":0.0},{"date":"03/12/2025","date_ts":1764720000000,"profit_abs":0.0,"wins":0,"draws":0,"losses":0,"trades":0,"profit_factor":0.0},{"date":"04/12/2025","date_ts":1764806400000,"profit_abs":0.0,"wins":0,"draws":0,"losses":0,"trades":0,"profit_factor":0.0},{"date":"05/12/2025","date_ts":1764892800000,"profit_abs":0.0,"wins":0,"draws":0,"losses":0,"trades":0,"profit_factor":0.0},{"date":"06/12/2025","date_ts":1764979200000,"profit_abs":0.0,"wins":0,"draws":0,"losses":0,"trades":0,"profit_factor":0.0},{"date":"07/12/2025","date_ts":1765065600000,"profit_abs":-4.25528649,"wins":0,"draws":0,"losses":1,"trades":1,"profit_factor":0.0}],"week":[{"date":"20/10/2025","date_ts":1760918400000,"profit_abs":2.8970892,"wins":1,"draws":2,"losses":0,"trades":3,"profit_factor":0.0},{"date":"27/10/2025","date_ts":1761523200000,"profit_abs":0.0,"wins":0,"draws":0,"losses":0,"trades":0,"profit_factor":0.0},{"date":"03/11/2025","date_ts":1762128000000,"profit_abs":0.0,"wins":0,"draws":1,"losses":0,"trades":1,"profit_factor":0.0},{"date":"10/11/2025","date_ts":1762732800000,"profit_abs":0.0,"wins":0,"draws":0,"losses":0,"trades":0,"profit_factor":0.0},{"date":"17/11/2025","date_ts":1763337600000,"profit_abs":0.0,"wins":0,"draws":0,"losses":0,"trades":0,"profit_factor":0.0},{"date":"24/11/2025","date_ts":1763942400000,"profit_abs":0.0,"wins":0,"draws":0,"losses":0,"trades":0,"profit_factor":0.0},{"date":"01/12/2025","date_ts":1764547200000,"profit_abs":0.0,"wins":0,"draws":0,"losses":0,"trades":0,"profit_factor":0.0},{"date":"08/12/2025","date_ts":1765152000000,"profit_abs":-4.25528649,"wins":0,"draws":0,"losses":1,"trades":1,"profit_factor":0.0}],"month":[{"date":"31/10/2025","date_ts":1761868800000,"profit_abs":2.8970892,"wins":1,"draws":2,"losses":0,"trades":3,"profit_factor":0.0},{"date":"30/11/2025","date_ts":1764460800000,"profit_abs":0.0,"wins":0,"draws":1,"losses":0,"trades":1,"profit_factor":0.0},{"date":"31/12/2025","date_ts":1767139200000,"profit_abs":-4.25528649,"wins":0,"draws":0,"losses":1,"trades":1,"profit_factor":0.0}],"year":[{"date":"31/12/2025","date_ts":1767139200000,"profit_abs":-1.35819729,"wins":1,"draws":3,"losses":1,"trades":5,"profit_factor":0.68082119}],"weekday":[{"date":"Monday","date_ts":0,"profit_abs":2.8970892,"wins":1,"draws":0,"losses":0,"trades":1,"profit_factor":0.0},{"date":"Saturday","date_ts":5,"profit_abs":0.0,"wins":0,"draws":1,"losses":0,"trades":1,"profit_factor":0.0},{"date":"Sunday","date_ts":6,"profit_abs":-4.25528649,"wins":0,"draws":2,"losses":1,"trades":3,"profit_factor":0.0}]},"backtest_best_day":0.008773605912160129,"backtest_worst_day":-0.01284584980237154,"backtest_best_day_abs":2.8970892,"backtest_worst_day_abs":-4.25528649,"winning_days":1,"draw_days":48,"losing_days":1,"daily_profit":[["2025-10-19",0.0],["2025-10-20",2.8970892],["2025-10-21",0.0],["2025-10-22",0.0],["2025-10-23",0.0],["2025-10-24",0.0],["2025-10-25",0.0],["2025-10-26",0.0],["2025-10-27",0.0],["2025-10-28",0.0],["2025-10-29",0.0],["2025-10-30",0.0],["2025-10-31",0.0],["2025-11-01",0.0],["2025-11-02",0.0],["2025-11-03",0.0],["2025-11-04",0.0],["2025-11-05",0.0],["2025-11-06",0.0],["2025-11-07",0.0],["2025-11-08",0.0],["2025-11-09",0.0],["2025-11-10",0.0],["2025-11-11",0.0],["2025-11-12",0.0],["2025-11-13",0.0],["2025-11-14",0.0],["2025-11-15",0.0],["2025-11-16",0.0],["2025-11-17",0.0],["2025-11-18",0.0],["2025-11-19",0.0],["2025-11-20",0.0],["2025-11-21",0.0],["2025-11-22",0.0],["2025-11-23",0.0],["2025-11-24",0.0],["2025-11-25",0.0],["2025-11-26",0.0],["2025-11-27",0.0],["2025-11-28",0.0],["2025-11-29",0.0],["2025-11-30",0.0],["2025-12-01",0.0],["2025-12-02",0.0],["2025-12-03",0.0],["2025-12-04",0.0],["2025-12-05",0.0],["2025-12-06",0.0],["2025-12-07",-4.25528649]],"wins":1,"losses":1,"draws":3,"winrate":0.2,"holding_avg":"5:36:00","holding_avg_s":20160.0,"winner_holding_min":"0d 02:00","winner_holding_min_s":7200.0,"winner_holding_max":"0d 02:00","winner_holding_max_s":7200.0,"winner_holding_avg":"0d 02:00","winner_holding_avg_s":7200.0,"loser_holding_min":"0d 02:00","loser_holding_min_s":7200.0,"loser_holding_max":"0d 02:00","loser_holding_max_s":7200.0,"loser_holding_avg":"0d 02:00","loser_holding_avg_s":7200.0,"max_consecutive_wins":1,"max_consecutive_losses":2,"max_drawdown_account":0.004242994157450789,"max_relative_drawdown":0.004242994157450789,"max_drawdown_abs":4.25528649,"drawdown_start":"2025-10-20 06:00:00","drawdown_start_ts":1760940000000.0,"drawdown_end":"2025-12-07 09:00:00","drawdown_end_ts":1765098000000.0,"drawdown_duration":"48 days 03:00:00","drawdown_duration_s":4158000.0,"max_drawdown_low":-1.3581972899999997,"max_drawdown_high":2.8970892,"csum_min":998.64180271,"csum_max":1002.8970892}},"strategy_comparison":[{"key":"ACO_16_1","trades":5,"profit_mean":-0.0008144487780422822,"profit_mean_pct":-0.08,"profit_total_abs":-1.3581972899999997,"profit_total":-0.0013581972899999997,"profit_total_pct":-0.14,"duration_avg":"5:36:00","wins":1,"draws":3,"losses":1,"winrate":0.2,"cagr":-0.005101160885552347,"expectancy":-0.271639458,"expectancy_ratio":-0.6638357625599023,"sortino":-100,"sharpe":-0.11701435738333112,"calmar":-6.304710128191377,"sqn":-0.2376,"profit_factor":0.6808211872004887,"max_drawdown_account":0.004242994157450789,"max_drawdown_abs":"4.255"}]}