{"strategy":{"ACO_21_21":{"trades":[{"pair":"DOGE/USDT","stake_amount":329.87736,"max_stake_amount":329.87736,"amount":1704.0,"open_date":"2025-10-11 18:00:00+00:00","close_date":"2025-10-11 19:00:00+00:00","open_rate":0.19359,"close_rate":0.18392,"fee_open":0.001,"fee_close":0.001,"trade_duration":60,"profit_ratio":-0.051849127162934695,"profit_abs":-17.12095704,"exit_reason":"stop_loss","initial_stop_loss_abs":0.18392,"initial_stop_loss_ratio":-0.05,"stop_loss_abs":0.18392,"stop_loss_ratio":-0.05,"min_rate":0.18286,"max_rate":0.19359,"is_open":false,"enter_tag":"","leverage":1.0,"is_short":false,"open_timestamp":1760205600000,"close_timestamp":1760209200000,"orders":[{"amount":1704.0,"safe_price":0.19359,"ft_order_side":"buy","order_filled_timestamp":1760205600000,"ft_is_entry":true,"ft_order_tag":"","cost":330.20723735999997},{"amount":1704.0,"safe_price":0.18392,"ft_order_side":"sell","order_filled_timestamp":1760209200000,"ft_is_entry":false,"ft_order_tag":"stop_loss","cost":313.71307967999996}],"funding_fees":0.0,"weekday":5},{"pair":"DOGE/USDT","stake_amount":324.28275,"max_stake_amount":324.28275,"amount":1725.0,"open_date":"2025-10-12 05:00:00+00:00","close_date":"2025-10-12 07:00:00+00:00","open_rate":0.18799,"close_rate":0.19081,"fee_open":0.001,"fee_close":0.001,"trade_duration":120,"profit_ratio":0.012972824292575345,"profit_abs":4.21107,"exit_reason":"roi","initial_stop_loss_abs":0.1786,"initial_stop_loss_ratio":-0.05,"stop_loss_abs":0.1786,"stop_loss_ratio":-0.05,"min_rate":0.18715,"max_rate":0.19118,"is_open":false,"enter_tag":"","leverage":1.0,"is_short":false,"open_timestamp":1760245200000,"close_timestamp":1760252400000,"orders":[{"amount":1725.0,"safe_price":0.18799,"ft_order_side":"buy","order_filled_timestamp":1760245200000,"ft_is_entry":true,"ft_order_tag":"","cost":324.6070327499999},{"amount":1725.0,"safe_price":0.19081,"ft_order_side":"sell","order_filled_timestamp":1760252400000,"ft_is_entry":false,"ft_order_tag":"roi","cost":329.47639724999993}],"funding_fees":0.0,"weekday":6},{"pair":"DOGE/USDT","stake_amount":325.5924,"max_stake_amount":325.5924,"amount":1660.0,"open_date":"2025-10-12 15:00:00+00:00","close_date":"2025-10-12 16:00:00+00:00","open_rate":0.19614,"close_rate":0.2063494894894895,"fee_open":0.001,"fee_close":0.001,"trade_duration":60,"profit_ratio":0.04995004995004995,"profit_abs":16.27962,"exit_reason":"roi","initial_stop_loss_abs":0.18634,"initial_stop_loss_ratio":-0.05,"stop_loss_abs":0.18634,"stop_loss_ratio":-0.05,"min_rate":0.19562,"max_rate":0.2095,"is_open":false,"enter_tag":"","leverage":1.0,"is_short":false,"open_timestamp":1760281200000,"close_timestamp":1760284800000,"orders":[{"amount":1660.0,"safe_price":0.19614,"ft_order_side":"buy","order_filled_timestamp":1760281200000,"ft_is_entry":true,"ft_order_tag":"","cost":325.91799239999995},{"amount":1660.0,"safe_price":0.2063494894894895,"ft_order_side":"sell","order_filled_timestamp":1760284800000,"ft_is_entry":false,"ft_order_tag":"roi","cost":342.88269270510506}],"funding_fees":0.0,"weekday":6},{"pair":"DOGE/USDT","stake_amount":331.01308,"max_stake_amount":331.01308,"amount":1567.0,"open_date":"2025-10-13 14:00:00+00:00","close_date":"2025-10-13 16:00:00+00:00","open_rate":0.21124,"close_rate":0.21166290290290288,"fee_open":0.001,"fee_close":0.001,"trade_duration":120,"profit_ratio":0.0,"profit_abs":0.0,"exit_reason":"roi","initial_stop_loss_abs":0.20068,"initial_stop_loss_ratio":-0.05,"stop_loss_abs":0.20068,"stop_loss_ratio":-0.05,"min_rate":0.20517,"max_rate":0.21192,"is_open":false,"enter_tag":"","leverage":1.0,"is_short":false,"open_timestamp":1760364000000,"close_timestamp":1760371200000,"orders":[{"amount":1567.0,"safe_price":0.21124,"ft_order_side":"buy","order_filled_timestamp":1760364000000,"ft_is_entry":true,"ft_order_tag":"","cost":331.34409308},{"amount":1567.0,"safe_price":0.21166290290290288,"ft_order_side":"sell","order_filled_timestamp":1760371200000,"ft_is_entry":false,"ft_order_tag":"roi","cost":332.0074446176976}],"funding_fees":0.0,"weekday":0},{"pair":"DOGE/USDT","stake_amount":331.0945,"max_stake_amount":331.0945,"amount":1627.0,"open_date":"2025-10-14 16:00:00+00:00","close_date":"2025-10-14 18:00:00+00:00","open_rate":0.2035,"close_rate":0.20390740740740737,"fee_open":0.001,"fee_close":0.001,"trade_duration":120,"profit_ratio":0.0,"profit_abs":0.0,"exit_reason":"roi","initial_stop_loss_abs":0.19333,"initial_stop_loss_ratio":-0.05,"stop_loss_abs":0.19333,"stop_loss_ratio":-0.05,"min_rate":0.19991,"max_rate":0.2071,"is_open":false,"enter_tag":"","leverage":1.0,"is_short":false,"open_timestamp":1760457600000,"close_timestamp":1760464800000,"orders":[{"amount":1627.0,"safe_price":0.2035,"ft_order_side":"buy","order_filled_timestamp":1760457600000,"ft_is_entry":true,"ft_order_tag":"","cost":331.42559449999993},{"amount":1627.0,"safe_price":0.20390740740740737,"ft_order_side":"sell","order_filled_timestamp":1760464800000,"ft_is_entry":false,"ft_order_tag":"roi","cost":332.08910920370363}],"funding_fees":0.0,"weekday":1},{"pair":"DOGE/USDT","stake_amount":331.09194,"max_stake_amount":331.09194,"amount":1671.0,"open_date":"2025-10-16 10:00:00+00:00","close_date":"2025-10-16 12:00:00+00:00","open_rate":0.19814,"close_rate":0.20034,"fee_open":0.001,"fee_close":0.001,"trade_duration":120,"profit_ratio":0.009083073986677499,"profit_abs":3.01033992,"exit_reason":"roi","initial_stop_loss_abs":0.18824,"initial_stop_loss_ratio":-0.05,"stop_loss_abs":0.18824,"stop_loss_ratio":-0.05,"min_rate":0.19777,"max_rate":0.2015,"is_open":false,"enter_tag":"","leverage":1.0,"is_short":false,"open_timestamp":1760608800000,"close_timestamp":1760616000000,"orders":[{"amount":1671.0,"safe_price":0.19814,"ft_order_side":"buy","order_filled_timestamp":1760608800000,"ft_is_entry":true,"ft_order_tag":"","cost":331.42303194},{"amount":1671.0,"safe_price":0.20034,"ft_order_side":"sell","order_filled_timestamp":1760616000000,"ft_is_entry":false,"ft_order_tag":"roi","cost":335.1029081399999}],"funding_fees":0.0,"weekday":3},{"pair":"DOGE/USDT","stake_amount":332.04448,"max_stake_amount":332.04448,"amount":1796.0,"open_date":"2025-10-17 16:00:00+00:00","close_date":"2025-10-17 18:00:00+00:00","open_rate":0.18488,"close_rate":0.1852501301301301,"fee_open":0.001,"fee_close":0.001,"trade_duration":120,"profit_ratio":0.0,"profit_abs":0.0,"exit_reason":"roi","initial_stop_loss_abs":0.17564,"initial_stop_loss_ratio":-0.05,"stop_loss_abs":0.17564,"stop_loss_ratio":-0.05,"min_rate":0.18332,"max_rate":0.18726,"is_open":false,"enter_tag":"","leverage":1.0,"is_short":false,"open_timestamp":1760716800000,"close_timestamp":1760724000000,"orders":[{"amount":1796.0,"safe_price":0.18488,"ft_order_side":"buy","order_filled_timestamp":1760716800000,"ft_is_entry":true,"ft_order_tag":"","cost":332.37652447999994},{"amount":1796.0,"safe_price":0.1852501301301301,"ft_order_side":"sell","order_filled_timestamp":1760724000000,"ft_is_entry":false,"ft_order_tag":"roi","cost":333.0419429474273}],"funding_fees":0.0,"weekday":4},{"pair":"DOGE/USDT","stake_amount":332.06859,"max_stake_amount":332.06859,"amount":1953.0,"open_date":"2025-11-04 02:00:00+00:00","close_date":"2025-11-04 04:00:00+00:00","open_rate":0.17003,"close_rate":0.17041,"fee_open":0.001,"fee_close":0.001,"trade_duration":120,"profit_ratio":0.00023243239146315074,"profit_abs":0.07726068,"exit_reason":"roi","initial_stop_loss_abs":0.16153,"initial_stop_loss_ratio":-0.05,"stop_loss_abs":0.16153,"stop_loss_ratio":-0.05,"min_rate":0.168,"max_rate":0.1711,"is_open":false,"enter_tag":"","leverage":1.0,"is_short":false,"open_timestamp":1762221600000,"close_timestamp":1762228800000,"orders":[{"amount":1953.0,"safe_price":0.17003,"ft_order_side":"buy","order_filled_timestamp":1762221600000,"ft_is_entry":true,"ft_order_tag":"","cost":332.4006585899999},{"amount":1953.0,"safe_price":0.17041,"ft_order_side":"sell","order_filled_timestamp":1762228800000,"ft_is_entry":false,"ft_order_tag":"roi","cost":333.14354073}],"funding_fees":0.0,"weekday":1},{"pair":"DOGE/USDT","stake_amount":332.02377,"max_stake_amount":332.02377,"amount":1989.0,"open_date":"2025-11-04 15:00:00+00:00","close_date":"2025-11-04 17:00:00+00:00","open_rate":0.16693,"close_rate":0.15859,"fee_open":0.001,"fee_close":0.001,"trade_duration":120,"profit_ratio":-0.051859241220051144,"profit_abs":-17.23571928,"exit_reason":"stop_loss","initial_stop_loss_abs":0.15859,"initial_stop_loss_ratio":-0.05,"stop_loss_abs":0.15859,"stop_loss_ratio":-0.05,"min_rate":0.1562,"max_rate":0.16853,"is_open":false,"enter_tag":"","leverage":1.0,"is_short":false,"open_timestamp":1762268400000,"close_timestamp":1762275600000,"orders":[{"amount":1989.0,"safe_price":0.16693,"ft_order_side":"buy","order_filled_timestamp":1762268400000,"ft_is_entry":true,"ft_order_tag":"","cost":332.35579377},{"amount":1989.0,"safe_price":0.15859,"ft_order_side":"sell","order_filled_timestamp":1762275600000,"ft_is_entry":false,"ft_order_tag":"stop_loss","cost":315.75094551}],"funding_fees":0.0,"weekday":1},{"pair":"DOGE/USDT","stake_amount":326.38968,"max_stake_amount":326.38968,"amount":1997.0,"open_date":"2025-11-04 23:00:00+00:00","close_date":"2025-11-05 01:00:00+00:00","open_rate":0.16344,"close_rate":0.15527,"fee_open":0.001,"fee_close":0.001,"trade_duration":120,"profit_ratio":-0.05188588944095553,"profit_abs":-16.95195387,"exit_reason":"stop_loss","initial_stop_loss_abs":0.15527,"initial_stop_loss_ratio":-0.05,"stop_loss_abs":0.15527,"stop_loss_ratio":-0.05,"min_rate":0.15456,"max_rate":0.16427,"is_open":false,"enter_tag":"","leverage":1.0,"is_short":false,"open_timestamp":1762297200000,"close_timestamp":1762304400000,"orders":[{"amount":1997.0,"safe_price":0.16344,"ft_order_side":"buy","order_filled_timestamp":1762297200000,"ft_is_entry":true,"ft_order_tag":"","cost":326.71606968},{"amount":1997.0,"safe_price":0.15527,"ft_order_side":"sell","order_filled_timestamp":1762304400000,"ft_is_entry":false,"ft_order_tag":"stop_loss","cost":310.38426418999995}],"funding_fees":0.0,"weekday":2},{"pair":"DOGE/USDT","stake_amount":320.73312,"max_stake_amount":320.73312,"amount":1952.0,"open_date":"2025-11-05 03:00:00+00:00","close_date":"2025-11-05 05:00:00+00:00","open_rate":0.16431,"close_rate":0.16476,"fee_open":0.001,"fee_close":0.001,"trade_duration":120,"profit_ratio":0.0007352516025147028,"profit_abs":0.23605536,"exit_reason":"roi","initial_stop_loss_abs":0.1561,"initial_stop_loss_ratio":-0.05,"stop_loss_abs":0.1561,"stop_loss_ratio":-0.05,"min_rate":0.16313,"max_rate":0.16619,"is_open":false,"enter_tag":"","leverage":1.0,"is_short":false,"open_timestamp":1762311600000,"close_timestamp":1762318800000,"orders":[{"amount":1952.0,"safe_price":0.16431,"ft_order_side":"buy","order_filled_timestamp":1762311600000,"ft_is_entry":true,"ft_order_tag":"","cost":321.05385312},{"amount":1952.0,"safe_price":0.16476,"ft_order_side":"sell","order_filled_timestamp":1762318800000,"ft_is_entry":false,"ft_order_tag":"roi","cost":321.93313151999996}],"funding_fees":0.0,"weekday":2},{"pair":"DOGE/USDT","stake_amount":320.87704,"max_stake_amount":320.87704,"amount":1958.0,"open_date":"2025-11-05 12:00:00+00:00","close_date":"2025-11-05 14:00:00+00:00","open_rate":0.16388,"close_rate":0.16553,"fee_open":0.001,"fee_close":0.001,"trade_duration":120,"profit_ratio":0.008050224122960272,"profit_abs":2.58571522,"exit_reason":"exit_signal","initial_stop_loss_abs":0.15569,"initial_stop_loss_ratio":-0.05,"stop_loss_abs":0.15569,"stop_loss_ratio":-0.05,"min_rate":0.163,"max_rate":0.16709,"is_open":false,"enter_tag":"","leverage":1.0,"is_short":false,"open_timestamp":1762344000000,"close_timestamp":1762351200000,"orders":[{"amount":1958.0,"safe_price":0.16388,"ft_order_side":"buy","order_filled_timestamp":1762344000000,"ft_is_entry":true,"ft_order_tag":"","cost":321.19791704},{"amount":1958.0,"safe_price":0.16553,"ft_order_side":"sell","order_filled_timestamp":1762351200000,"ft_is_entry":false,"ft_order_tag":"exit_signal","cost":324.43184774}],"funding_fees":0.0,"weekday":2},{"pair":"DOGE/USDT","stake_amount":321.6348,"max_stake_amount":321.6348,"amount":1944.0,"open_date":"2025-11-07 15:00:00+00:00","close_date":"2025-11-07 16:00:00+00:00","open_rate":0.16545,"close_rate":0.174062012012012,"fee_open":0.001,"fee_close":0.001,"trade_duration":60,"profit_ratio":0.049950049950049945,"profit_abs":16.08174,"exit_reason":"roi","initial_stop_loss_abs":0.15718,"initial_stop_loss_ratio":-0.05,"stop_loss_abs":0.15718,"stop_loss_ratio":-0.05,"min_rate":0.16408,"max_rate":0.17555,"is_open":false,"enter_tag":"","leverage":1.0,"is_short":false,"open_timestamp":1762527600000,"close_timestamp":1762531200000,"orders":[{"amount":1944.0,"safe_price":0.16545,"ft_order_side":"buy","order_filled_timestamp":1762527600000,"ft_is_entry":true,"ft_order_tag":"","cost":321.9564348},{"amount":1944.0,"safe_price":0.174062012012012,"ft_order_side":"sell","order_filled_timestamp":1762531200000,"ft_is_entry":false,"ft_order_tag":"roi","cost":338.7149279027026}],"funding_fees":0.0,"weekday":4},{"pair":"DOGE/USDT","stake_amount":327.04776,"max_stake_amount":327.04776,"amount":1976.0,"open_date":"2025-11-14 07:00:00+00:00","close_date":"2025-11-14 23:00:00+00:00","open_rate":0.16551,"close_rate":0.15724,"fee_open":0.001,"fee_close":0.001,"trade_duration":960,"profit_ratio":-0.05186493767244175,"profit_abs":-16.979274,"exit_reason":"stop_loss","initial_stop_loss_abs":0.15724,"initial_stop_loss_ratio":-0.05,"stop_loss_abs":0.15724,"stop_loss_ratio":-0.05,"min_rate":0.15472,"max_rate":0.16628,"is_open":false,"enter_tag":"","leverage":1.0,"is_short":false,"open_timestamp":1763103600000,"close_timestamp":1763161200000,"orders":[{"amount":1976.0,"safe_price":0.16551,"ft_order_side":"buy","order_filled_timestamp":1763103600000,"ft_is_entry":true,"ft_order_tag":"","cost":327.37480775999995},{"amount":1976.0,"safe_price":0.15724,"ft_order_side":"sell","order_filled_timestamp":1763161200000,"ft_is_entry":false,"ft_order_tag":"stop_loss","cost":311.0169462399999}],"funding_fees":0.0,"weekday":4},{"pair":"DOGE/USDT","stake_amount":321.44904,"max_stake_amount":321.44904,"amount":1992.0,"open_date":"2025-11-15 02:00:00+00:00","close_date":"2025-11-15 04:00:00+00:00","open_rate":0.16137,"close_rate":0.16289,"fee_open":0.001,"fee_close":0.001,"trade_duration":120,"profit_ratio":0.007402524970846221,"profit_abs":2.38191408,"exit_reason":"roi","initial_stop_loss_abs":0.15331,"initial_stop_loss_ratio":-0.05,"stop_loss_abs":0.15331,"stop_loss_ratio":-0.05,"min_rate":0.161,"max_rate":0.16338,"is_open":false,"enter_tag":"","leverage":1.0,"is_short":false,"open_timestamp":1763172000000,"close_timestamp":1763179200000,"orders":[{"amount":1992.0,"safe_price":0.16137,"ft_order_side":"buy","order_filled_timestamp":1763172000000,"ft_is_entry":true,"ft_order_tag":"","cost":321.77048904},{"amount":1992.0,"safe_price":0.16289,"ft_order_side":"sell","order_filled_timestamp":1763179200000,"ft_is_entry":false,"ft_order_tag":"roi","cost":324.80135687999996}],"funding_fees":0.0,"weekday":5},{"pair":"DOGE/USDT","stake_amount":322.19972,"max_stake_amount":322.19972,"amount":2014.0,"open_date":"2025-11-17 01:00:00+00:00","close_date":"2025-11-17 03:00:00+00:00","open_rate":0.15998,"close_rate":0.16030028028028026,"fee_open":0.001,"fee_close":0.001,"trade_duration":120,"profit_ratio":0.0,"profit_abs":0.0,"exit_reason":"roi","initial_stop_loss_abs":0.15199,"initial_stop_loss_ratio":-0.05,"stop_loss_abs":0.15199,"stop_loss_ratio":-0.05,"min_rate":0.1581,"max_rate":0.16166,"is_open":false,"enter_tag":"","leverage":1.0,"is_short":false,"open_timestamp":1763341200000,"close_timestamp":1763348400000,"orders":[{"amount":2014.0,"safe_price":0.15998,"ft_order_side":"buy","order_filled_timestamp":1763341200000,"ft_is_entry":true,"ft_order_tag":"","cost":322.52191971999997},{"amount":2014.0,"safe_price":0.16030028028028026,"ft_order_side":"sell","order_filled_timestamp":1763348400000,"ft_is_entry":false,"ft_order_tag":"roi","cost":323.1676092489689}],"funding_fees":0.0,"weekday":0},{"pair":"DOGE/USDT","stake_amount":322.17444,"max_stake_amount":322.17444,"amount":2076.0,"open_date":"2025-11-18 05:00:00+00:00","close_date":"2025-11-18 07:00:00+00:00","open_rate":0.15519,"close_rate":0.15550069069069067,"fee_open":0.001,"fee_close":0.001,"trade_duration":120,"profit_ratio":0.0,"profit_abs":0.0,"exit_reason":"roi","initial_stop_loss_abs":0.14744,"initial_stop_loss_ratio":-0.05,"stop_loss_abs":0.14744,"stop_loss_ratio":-0.05,"min_rate":0.15295,"max_rate":0.15623,"is_open":false,"enter_tag":"","leverage":1.0,"is_short":false,"open_timestamp":1763442000000,"close_timestamp":1763449200000,"orders":[{"amount":2076.0,"safe_price":0.15519,"ft_order_side":"buy","order_filled_timestamp":1763442000000,"ft_is_entry":true,"ft_order_tag":"","cost":322.49661444},{"amount":2076.0,"safe_price":0.15550069069069067,"ft_order_side":"sell","order_filled_timestamp":1763449200000,"ft_is_entry":false,"ft_order_tag":"roi","cost":323.1422533077477}],"funding_fees":0.0,"weekday":1},{"pair":"DOGE/USDT","stake_amount":322.25624,"max_stake_amount":322.25624,"amount":2078.0,"open_date":"2025-11-18 08:00:00+00:00","close_date":"2025-11-18 10:00:00+00:00","open_rate":0.15508,"close_rate":0.15741,"fee_open":0.001,"fee_close":0.001,"trade_duration":120,"profit_ratio":0.0129964824960956,"profit_abs":4.19238578,"exit_reason":"roi","initial_stop_loss_abs":0.14733,"initial_stop_loss_ratio":-0.05,"stop_loss_abs":0.14733,"stop_loss_ratio":-0.05,"min_rate":0.15503,"max_rate":0.15786,"is_open":false,"enter_tag":"","leverage":1.0,"is_short":false,"open_timestamp":1763452800000,"close_timestamp":1763460000000,"orders":[{"amount":2078.0,"safe_price":0.15508,"ft_order_side":"buy","order_filled_timestamp":1763452800000,"ft_is_entry":true,"ft_order_tag":"","cost":322.57849623999994},{"amount":2078.0,"safe_price":0.15741,"ft_order_side":"sell","order_filled_timestamp":1763460000000,"ft_is_entry":false,"ft_order_tag":"roi","cost":327.42507797999997}],"funding_fees":0.0,"weekday":1},{"pair":"DOGE/USDT","stake_amount":323.58184,"max_stake_amount":323.58184,"amount":2099.0,"open_date":"2025-11-19 22:00:00+00:00","close_date":"2025-11-20 00:00:00+00:00","open_rate":0.15416,"close_rate":0.15459,"fee_open":0.001,"fee_close":0.001,"trade_duration":120,"profit_ratio":0.000785734763420285,"profit_abs":0.25450375,"exit_reason":"roi","initial_stop_loss_abs":0.14646,"initial_stop_loss_ratio":-0.05,"stop_loss_abs":0.14646,"stop_loss_ratio":-0.05,"min_rate":0.15263,"max_rate":0.15538,"is_open":false,"enter_tag":"","leverage":1.0,"is_short":false,"open_timestamp":1763589600000,"close_timestamp":1763596800000,"orders":[{"amount":2099.0,"safe_price":0.15416,"ft_order_side":"buy","order_filled_timestamp":1763589600000,"ft_is_entry":true,"ft_order_tag":"","cost":323.90542184},{"amount":2099.0,"safe_price":0.15459,"ft_order_side":"sell","order_filled_timestamp":1763596800000,"ft_is_entry":false,"ft_order_tag":"roi","cost":324.80889441}],"funding_fees":0.0,"weekday":3},{"pair":"DOGE/USDT","stake_amount":323.62455,"max_stake_amount":323.62455,"amount":2285.0,"open_date":"2025-11-21 18:00:00+00:00","close_date":"2025-11-22 22:00:00+00:00","open_rate":0.14163,"close_rate":0.14191354354354352,"fee_open":0.001,"fee_close":0.001,"trade_duration":1680,"profit_ratio":0.0,"profit_abs":0.0,"exit_reason":"roi","initial_stop_loss_abs":0.13455,"initial_stop_loss_ratio":-0.05,"stop_loss_abs":0.13455,"stop_loss_ratio":-0.05,"min_rate":0.13549,"max_rate":0.1424,"is_open":false,"enter_tag":"","leverage":1.0,"is_short":false,"open_timestamp":1763748000000,"close_timestamp":1763848800000,"orders":[{"amount":2285.0,"safe_price":0.14163,"ft_order_side":"buy","order_filled_timestamp":1763748000000,"ft_is_entry":true,"ft_order_tag":"","cost":323.94817455},{"amount":2285.0,"safe_price":0.14191354354354352,"ft_order_side":"sell","order_filled_timestamp":1763848800000,"ft_is_entry":false,"ft_order_tag":"roi","cost":324.59671944399395}],"funding_fees":0.0,"weekday":5},{"pair":"DOGE/USDT","stake_amount":323.69029,"max_stake_amount":323.69029,"amount":2579.0,"open_date":"2025-12-19 04:00:00+00:00","close_date":"2025-12-19 06:00:00+00:00","open_rate":0.12551,"close_rate":0.1257612712712713,"fee_open":0.001,"fee_close":0.001,"trade_duration":120,"profit_ratio":0.0,"profit_abs":0.0,"exit_reason":"roi","initial_stop_loss_abs":0.11924,"initial_stop_loss_ratio":-0.05,"stop_loss_abs":0.11924,"stop_loss_ratio":-0.05,"min_rate":0.12539,"max_rate":0.12673,"is_open":false,"enter_tag":"","leverage":1.0,"is_short":false,"open_timestamp":1766116800000,"close_timestamp":1766124000000,"orders":[{"amount":2579.0,"safe_price":0.12551,"ft_order_side":"buy","order_filled_timestamp":1766116800000,"ft_is_entry":true,"ft_order_tag":"","cost":324.01398028999995},{"amount":2579.0,"safe_price":0.1257612712712713,"ft_order_side":"sell","order_filled_timestamp":1766124000000,"ft_is_entry":false,"ft_order_tag":"roi","cost":324.6626569272172}],"funding_fees":0.0,"weekday":4}],"locks":[],"best_pair":{"key":"DOGE/USDT","trades":21,"profit_mean":-0.0026333593795109596,"profit_mean_pct":-0.26,"profit_total_abs":-18.977299400000003,"profit_total":-0.018977299400000005,"profit_total_pct":-1.9,"duration_avg":"3:46:00","wins":10,"draws":7,"losses":4,"winrate":0.47619047619047616,"cagr":-0.06955815257966502,"expectancy":-0.9036809238095236,"expectancy_ratio":-0.3862669200074933,"sortino":-32.71616230684464,"sharpe":-0.41190199354544355,"calmar":-11.003603500762447,"sqn":-0.4454,"profit_factor":0.7220986699606603,"max_drawdown_account":0.03396832832353933,"max_drawdown_abs":34.18767315},"worst_pair":{"key":"DOGE/USDT","trades":21,"profit_mean":-0.0026333593795109596,"profit_mean_pct":-0.26,"profit_total_abs":-18.977299400000003,"profit_total":-0.018977299400000005,"profit_total_pct":-1.9,"duration_avg":"3:46:00","wins":10,"draws":7,"losses":4,"winrate":0.47619047619047616,"cagr":-0.06955815257966502,"expectancy":-0.9036809238095236,"expectancy_ratio":-0.3862669200074933,"sortino":-32.71616230684464,"sharpe":-0.41190199354544355,"calmar":-11.003603500762447,"sqn":-0.4454,"profit_factor":0.7220986699606603,"max_drawdown_account":0.03396832832353933,"max_drawdown_abs":34.18767315},"results_per_pair":[{"key":"DOGE/USDT","trades":21,"profit_mean":-0.0026333593795109596,"profit_mean_pct":-0.26,"profit_total_abs":-18.977299400000003,"profit_total":-0.018977299400000005,"profit_total_pct":-1.9,"duration_avg":"3:46:00","wins":10,"draws":7,"losses":4,"winrate":0.47619047619047616,"cagr":-0.06955815257966502,"expectancy":-0.9036809238095236,"expectancy_ratio":-0.3862669200074933,"sortino":-32.71616230684464,"sharpe":-0.41190199354544355,"calmar":-11.003603500762447,"sqn":-0.4454,"profit_factor":0.7220986699606603,"max_drawdown_account":0.03396832832353933,"max_drawdown_abs":34.18767315},{"key":"TOTAL","trades":21,"profit_mean":-0.0026333593795109596,"profit_mean_pct":-0.26,"profit_total_abs":-18.977299400000003,"profit_total":-0.018977299400000005,"profit_total_pct":-1.9,"duration_avg":"3:46:00","wins":10,"draws":7,"losses":4,"winrate":0.47619047619047616,"cagr":-0.06955815257966502,"expectancy":-0.9036809238095236,"expectancy_ratio":-0.3862669200074933,"sortino":-32.71616230684464,"sharpe":-0.41190199354544355,"calmar":-11.003603500762447,"sqn":-0.4454,"profit_factor":0.7220986699606603,"max_drawdown_account":0.03396832832353933,"max_drawdown_abs":34.18767315}],"results_per_enter_tag":[{"key":"","trades":21,"profit_mean":-0.0026333593795109596,"profit_mean_pct":-0.26,"profit_total_abs":-18.977299400000003,"profit_total":-0.018977299400000005,"profit_total_pct":-1.9,"duration_avg":"3:46:00","wins":10,"draws":7,"losses":4,"winrate":0.47619047619047616,"cagr":-0.06955815257966502,"expectancy":-0.9036809238095236,"expectancy_ratio":-0.3862669200074933,"sortino":-32.71616230684464,"sharpe":-0.41190199354544355,"calmar":-11.003603500762447,"sqn":-0.4454,"profit_factor":0.7220986699606603,"max_drawdown_account":0.03396832832353933,"max_drawdown_abs":34.18767315},{"key":"TOTAL","trades":21,"profit_mean":-0.0026333593795109596,"profit_mean_pct":-0.26,"profit_total_abs":-18.977299400000003,"profit_total":-0.018977299400000005,"profit_total_pct":-1.9,"duration_avg":"3:46:00","wins":10,"draws":7,"losses":4,"winrate":0.47619047619047616,"cagr":-0.06955815257966502,"expectancy":-0.9036809238095236,"expectancy_ratio":-0.3862669200074933,"sortino":-32.71616230684464,"sharpe":-0.41190199354544355,"calmar":-11.003603500762447,"sqn":-0.4454,"profit_factor":0.7220986699606603,"max_drawdown_account":0.03396832832353933,"max_drawdown_abs":34.18767315}],"exit_reason_summary":[{"key":"roi","trades":16,"profit_mean":0.009006776525230794,"profit_mean_pct":0.9,"profit_total_abs":46.72488957,"profit_total":0.046724889570000004,"profit_total_pct":4.67,"duration_avg":"3:30:00","wins":9,"draws":7,"losses":0,"winrate":0.5625,"cagr":0.18748365628402386,"expectancy":2.920305598125,"expectancy_ratio":100.0,"sortino":-100,"sharpe":1.7601881395165975,"calmar":-100,"sqn":2.1633,"profit_factor":0.0,"max_drawdown_account":0.0,"max_drawdown_abs":0.0},{"key":"exit_signal","trades":1,"profit_mean":0.008050224122960272,"profit_mean_pct":0.81,"profit_total_abs":2.58571522,"profit_total":0.00258571522,"profit_total_pct":0.26,"duration_avg":"2:00:00","wins":1,"draws":0,"losses":0,"winrate":1.0,"cagr":0.00976456084417654,"expectancy":2.58571522,"expectancy_ratio":100.0,"sortino":-100,"sharpe":-100,"calmar":-100,"sqn":-100.0,"profit_factor":0.0,"max_drawdown_account":0.0,"max_drawdown_abs":0.0},{"key":"stop_loss","trades":4,"profit_mean":-0.05186479887409578,"profit_mean_pct":-5.19,"profit_total_abs":-68.28790419,"profit_total":-0.06828790419000001,"profit_total_pct":-6.83,"duration_avg":"5:15:00","wins":0,"draws":0,"losses":4,"winrate":0.0,"cagr":-0.233679140451989,"expectancy":-17.0719760475,"expectancy_ratio":-1.0,"sortino":-117.72582125538352,"sharpe":-117.72582125538352,"calmar":-19.695848633549257,"sqn":-258.8199,"profit_factor":0.0,"max_drawdown_account":0.06828790419000007,"max_drawdown_abs":68.28790419},{"key":"TOTAL","trades":21,"profit_mean":-0.0026333593795109596,"profit_mean_pct":-0.26,"profit_total_abs":-18.977299400000003,"profit_total":-0.018977299400000005,"profit_total_pct":-1.9,"duration_avg":"3:46:00","wins":10,"draws":7,"losses":4,"winrate":0.47619047619047616,"cagr":-0.06955815257966502,"expectancy":-0.9036809238095236,"expectancy_ratio":-0.3862669200074933,"sortino":-32.71616230684464,"sharpe":-0.41190199354544355,"calmar":-11.003603500762447,"sqn":-0.4454,"profit_factor":0.7220986699606603,"max_drawdown_account":0.03396832832353933,"max_drawdown_abs":34.18767315}],"mix_tag_stats":[{"key":["","roi"],"trades":16,"profit_mean":0.009006776525230794,"profit_mean_pct":0.9,"profit_total_abs":46.72488957,"profit_total":0.046724889570000004,"profit_total_pct":4.67,"duration_avg":"3:30:00","wins":9,"draws":7,"losses":0,"winrate":0.5625,"cagr":0.18748365628402386,"expectancy":2.920305598125,"expectancy_ratio":100.0,"sortino":-100,"sharpe":1.7601881395165975,"calmar":-100,"sqn":2.1633,"profit_factor":0.0,"max_drawdown_account":0.0,"max_drawdown_abs":0.0},{"key":["","exit_signal"],"trades":1,"profit_mean":0.008050224122960272,"profit_mean_pct":0.81,"profit_total_abs":2.58571522,"profit_total":0.00258571522,"profit_total_pct":0.26,"duration_avg":"2:00:00","wins":1,"draws":0,"losses":0,"winrate":1.0,"cagr":0.00976456084417654,"expectancy":2.58571522,"expectancy_ratio":100.0,"sortino":-100,"sharpe":-100,"calmar":-100,"sqn":-100.0,"profit_factor":0.0,"max_drawdown_account":0.0,"max_drawdown_abs":0.0},{"key":["","stop_loss"],"trades":4,"profit_mean":-0.05186479887409578,"profit_mean_pct":-5.19,"profit_total_abs":-68.28790419,"profit_total":-0.06828790419000001,"profit_total_pct":-6.83,"duration_avg":"5:15:00","wins":0,"draws":0,"losses":4,"winrate":0.0,"cagr":-0.233679140451989,"expectancy":-17.0719760475,"expectancy_ratio":-1.0,"sortino":-117.72582125538352,"sharpe":-117.72582125538352,"calmar":-19.695848633549257,"sqn":-258.8199,"profit_factor":0.0,"max_drawdown_account":0.06828790419000007,"max_drawdown_abs":68.28790419},{"key":"TOTAL","trades":21,"profit_mean":-0.0026333593795109596,"profit_mean_pct":-0.26,"profit_total_abs":-18.977299400000003,"profit_total":-0.018977299400000005,"profit_total_pct":-1.9,"duration_avg":"3:46:00","wins":10,"draws":7,"losses":4,"winrate":0.47619047619047616,"cagr":-0.06955815257966502,"expectancy":-0.9036809238095236,"expectancy_ratio":-0.3862669200074933,"sortino":-32.71616230684464,"sharpe":-0.41190199354544355,"calmar":-11.003603500762447,"sqn":-0.4454,"profit_factor":0.7220986699606603,"max_drawdown_account":0.03396832832353933,"max_drawdown_abs":34.18767315}],"left_open_trades":[{"key":"TOTAL","trades":0,"profit_mean":0.0,"profit_mean_pct":0.0,"profit_total_abs":0.0,"profit_total":0.0,"profit_total_pct":0.0,"duration_avg":"0:00","wins":0,"draws":0,"losses":0,"winrate":0.0,"cagr":0.0,"expectancy":0.0,"expectancy_ratio":100.0,"sortino":0,"sharpe":0,"calmar":0,"sqn":0.0,"profit_factor":0.0,"max_drawdown_account":0.0,"max_drawdown_abs":0.0}],"total_trades":21,"trade_count_long":21,"trade_count_short":0,"total_volume":13697.885883964564,"avg_stake_amount":325.94035190476194,"profit_mean":-0.0026333593795109596,"profit_median":0.0,"profit_total":-0.018977299400000005,"profit_total_long":-0.018977299400000005,"profit_total_short":0.0,"profit_total_abs":-18.977299400000003,"profit_total_long_abs":-18.977299400000003,"profit_total_short_abs":0.0,"cagr":-0.06955815257966502,"expectancy":-0.9036809238095236,"expectancy_ratio":-0.3862669200074933,"sortino":-32.71616230684464,"sharpe":-0.41190199354544355,"calmar":-11.003603500762447,"sqn":-0.4454,"profit_factor":0.7220986699606603,"backtest_start":"2025-10-01 00:00:00","backtest_start_ts":1759276800000,"backtest_end":"2026-01-06 20:00:00","backtest_end_ts":1767729600000,"backtest_days":97,"backtest_run_start_ts":1767744266,"backtest_run_end_ts":1767744266,"trades_per_day":0.22,"market_change":-0.36632086436227446,"pairlist":["DOGE/USDT"],"stake_amount":"unlimited","stake_currency":"USDT","stake_currency_decimals":3,"starting_balance":1000,"dry_run_wallet":1000,"final_balance":981.0227006,"rejected_signals":0,"timedout_entry_orders":0,"timedout_exit_orders":0,"canceled_trade_entries":0,"canceled_entry_orders":0,"replaced_entry_orders":0,"max_open_trades":1,"max_open_trades_setting":3,"timeframe":"1h","timeframe_detail":"","timerange":"20251001-","enable_protections":false,"strategy_name":"ACO_21_21","freqaimodel":null,"freqai_identifier":null,"stoploss":-0.05,"trailing_stop":false,"trailing_stop_positive":null,"trailing_stop_positive_offset":0.0,"trailing_only_offset_is_reached":false,"use_custom_stoploss":false,"minimal_roi":{"0":0.1,"60":0.05,"120":0.0},"use_exit_signal":true,"exit_profit_only":false,"exit_profit_offset":0.0,"ignore_roi_if_entry_signal":false,"trading_mode":"spot","margin_mode":"","periodic_breakdown":{"day":[{"date":"11/10/2025","date_ts":1760140800000,"profit_abs":-17.12095704,"wins":0,"draws":0,"losses":1,"trades":1,"profit_factor":0.0},{"date":"12/10/2025","date_ts":1760227200000,"profit_abs":20.49069,"wins":2,"draws":0,"losses":0,"trades":2,"profit_factor":0.0},{"date":"13/10/2025","date_ts":1760313600000,"profit_abs":0.0,"wins":0,"draws":1,"losses":0,"trades":1,"profit_factor":0.0},{"date":"14/10/2025","date_ts":1760400000000,"profit_abs":0.0,"wins":0,"draws":1,"losses":0,"trades":1,"profit_factor":0.0},{"date":"15/10/2025","date_ts":1760486400000,"profit_abs":0.0,"wins":0,"draws":0,"losses":0,"trades":0,"profit_factor":0.0},{"date":"16/10/2025","date_ts":1760572800000,"profit_abs":3.01033992,"wins":1,"draws":0,"losses":0,"trades":1,"profit_factor":0.0},{"date":"17/10/2025","date_ts":1760659200000,"profit_abs":0.0,"wins":0,"draws":1,"losses":0,"trades":1,"profit_factor":0.0},{"date":"18/10/2025","date_ts":1760745600000,"profit_abs":0.0,"wins":0,"draws":0,"losses":0,"trades":0,"profit_factor":0.0},{"date":"19/10/2025","date_ts":1760832000000,"profit_abs":0.0,"wins":0,"draws":0,"losses":0,"trades":0,"profit_factor":0.0},{"date":"20/10/2025","date_ts":1760918400000,"profit_abs":0.0,"wins":0,"draws":0,"losses":0,"trades":0,"profit_factor":0.0},{"date":"21/10/2025","date_ts":1761004800000,"profit_abs":0.0,"wins":0,"draws":0,"losses":0,"trades":0,"profit_factor":0.0},{"date":"22/10/2025","date_ts":1761091200000,"profit_abs":0.0,"wins":0,"draws":0,"losses":0,"trades":0,"profit_factor":0.0},{"date":"23/10/2025","date_ts":1761177600000,"profit_abs":0.0,"wins":0,"draws":0,"losses":0,"trades":0,"profit_factor":0.0},{"date":"24/10/2025","date_ts":1761264000000,"profit_abs":0.0,"wins":0,"draws":0,"losses":0,"trades":0,"profit_factor":0.0},{"date":"25/10/2025","date_ts":1761350400000,"profit_abs":0.0,"wins":0,"draws":0,"losses":0,"trades":0,"profit_factor":0.0},{"date":"26/10/2025","date_ts":1761436800000,"profit_abs":0.0,"wins":0,"draws":0,"losses":0,"trades":0,"profit_factor":0.0},{"date":"27/10/2025","date_ts":1761523200000,"profit_abs":0.0,"wins":0,"draws":0,"losses":0,"trades":0,"profit_factor":0.0},{"date":"28/10/2025","date_ts":1761609600000,"profit_abs":0.0,"wins":0,"draws":0,"losses":0,"trades":0,"profit_factor":0.0},{"date":"29/10/2025","date_ts":1761696000000,"profit_abs":0.0,"wins":0,"draws":0,"losses":0,"trades":0,"profit_factor":0.0},{"date":"30/10/2025","date_ts":1761782400000,"profit_abs":0.0,"wins":0,"draws":0,"losses":0,"trades":0,"profit_factor":0.0},{"date":"31/10/2025","date_ts":1761868800000,"profit_abs":0.0,"wins":0,"draws":0,"losses":0,"trades":0,"profit_factor":0.0},{"date":"01/11/2025","date_ts":1761955200000,"profit_abs":0.0,"wins":0,"draws":0,"losses":0,"trades":0,"profit_factor":0.0},{"date":"02/11/2025","date_ts":1762041600000,"profit_abs":0.0,"wins":0,"draws":0,"losses":0,"trades":0,"profit_factor":0.0},{"date":"03/11/2025","date_ts":1762128000000,"profit_abs":0.0,"wins":0,"draws":0,"losses":0,"trades":0,"profit_factor":0.0},{"date":"04/11/2025","date_ts":1762214400000,"profit_abs":-17.1584586,"wins":1,"draws":0,"losses":1,"trades":2,"profit_factor":0.00448259},{"date":"05/11/2025","date_ts":1762300800000,"profit_abs":-14.13018329,"wins":2,"draws":0,"losses":1,"trades":3,"profit_factor":0.16645695},{"date":"06/11/2025","date_ts":1762387200000,"profit_abs":0.0,"wins":0,"draws":0,"losses":0,"trades":0,"profit_factor":0.0},{"date":"07/11/2025","date_ts":1762473600000,"profit_abs":16.08174,"wins":1,"draws":0,"losses":0,"trades":1,"profit_factor":0.0},{"date":"08/11/2025","date_ts":1762560000000,"profit_abs":0.0,"wins":0,"draws":0,"losses":0,"trades":0,"profit_factor":0.0},{"date":"09/11/2025","date_ts":1762646400000,"profit_abs":0.0,"wins":0,"draws":0,"losses":0,"trades":0,"profit_factor":0.0},{"date":"10/11/2025","date_ts":1762732800000,"profit_abs":0.0,"wins":0,"draws":0,"losses":0,"trades":0,"profit_factor":0.0},{"date":"11/11/2025","date_ts":1762819200000,"profit_abs":0.0,"wins":0,"draws":0,"losses":0,"trades":0,"profit_factor":0.0},{"date":"12/11/2025","date_ts":1762905600000,"profit_abs":0.0,"wins":0,"draws":0,"losses":0,"trades":0,"profit_factor":0.0},{"date":"13/11/2025","date_ts":1762992000000,"profit_abs":0.0,"wins":0,"draws":0,"losses":0,"trades":0,"profit_factor":0.0},{"date":"14/11/2025","date_ts":1763078400000,"profit_abs":-16.979274,"wins":0,"draws":0,"losses":1,"trades":1,"profit_factor":0.0},{"date":"15/11/2025","date_ts":1763164800000,"profit_abs":2.38191408,"wins":1,"draws":0,"losses":0,"trades":1,"profit_factor":0.0},{"date":"16/11/2025","date_ts":1763251200000,"profit_abs":0.0,"wins":0,"draws":0,"losses":0,"trades":0,"profit_factor":0.0},{"date":"17/11/2025","date_ts":1763337600000,"profit_abs":0.0,"wins":0,"draws":1,"losses":0,"trades":1,"profit_factor":0.0},{"date":"18/11/2025","date_ts":1763424000000,"profit_abs":4.19238578,"wins":1,"draws":1,"losses":0,"trades":2,"profit_factor":0.0},{"date":"19/11/2025","date_ts":1763510400000,"profit_abs":0.0,"wins":0,"draws":0,"losses":0,"trades":0,"profit_factor":0.0},{"date":"20/11/2025","date_ts":1763596800000,"profit_abs":0.25450375,"wins":1,"draws":0,"losses":0,"trades":1,"profit_factor":0.0},{"date":"21/11/2025","date_ts":1763683200000,"profit_abs":0.0,"wins":0,"draws":0,"losses":0,"trades":0,"profit_factor":0.0},{"date":"22/11/2025","date_ts":1763769600000,"profit_abs":0.0,"wins":0,"draws":1,"losses":0,"trades":1,"profit_factor":0.0},{"date":"23/11/2025","date_ts":1763856000000,"profit_abs":0.0,"wins":0,"draws":0,"losses":0,"trades":0,"profit_factor":0.0},{"date":"24/11/2025","date_ts":1763942400000,"profit_abs":0.0,"wins":0,"draws":0,"losses":0,"trades":0,"profit_factor":0.0},{"date":"25/11/2025","date_ts":1764028800000,"profit_abs":0.0,"wins":0,"draws":0,"losses":0,"trades":0,"profit_factor":0.0},{"date":"26/11/2025","date_ts":1764115200000,"profit_abs":0.0,"wins":0,"draws":0,"losses":0,"trades":0,"profit_factor":0.0},{"date":"27/11/2025","date_ts":1764201600000,"profit_abs":0.0,"wins":0,"draws":0,"losses":0,"trades":0,"profit_factor":0.0},{"date":"28/11/2025","date_ts":1764288000000,"profit_abs":0.0,"wins":0,"draws":0,"losses":0,"trades":0,"profit_factor":0.0},{"date":"29/11/2025","date_ts":1764374400000,"profit_abs":0.0,"wins":0,"draws":0,"losses":0,"trades":0,"profit_factor":0.0},{"date":"30/11/2025","date_ts":1764460800000,"profit_abs":0.0,"wins":0,"draws":0,"losses":0,"trades":0,"profit_factor":0.0},{"date":"01/12/2025","date_ts":1764547200000,"profit_abs":0.0,"wins":0,"draws":0,"losses":0,"trades":0,"profit_factor":0.0},{"date":"02/12/2025","date_ts":1764633600000,"profit_abs":0.0,"wins":0,"draws":0,"losses":0,"trades":0,"profit_factor":0.0},{"date":"03/12/2025","date_ts":1764720000000,"profit_abs":0.0,"wins":0,"draws":0,"losses":0,"trades":0,"profit_factor":0.0},{"date":"04/12/2025","date_ts":1764806400000,"profit_abs":0.0,"wins":0,"draws":0,"losses":0,"trades":0,"profit_factor":0.0},{"date":"05/12/2025","date_ts":1764892800000,"profit_abs":0.0,"wins":0,"draws":0,"losses":0,"trades":0,"profit_factor":0.0},{"date":"06/12/2025","date_ts":1764979200000,"profit_abs":0.0,"wins":0,"draws":0,"losses":0,"trades":0,"profit_factor":0.0},{"date":"07/12/2025","date_ts":1765065600000,"profit_abs":0.0,"wins":0,"draws":0,"losses":0,"trades":0,"profit_factor":0.0},{"date":"08/12/2025","date_ts":1765152000000,"profit_abs":0.0,"wins":0,"draws":0,"losses":0,"trades":0,"profit_factor":0.0},{"date":"09/12/2025","date_ts":1765238400000,"profit_abs":0.0,"wins":0,"draws":0,"losses":0,"trades":0,"profit_factor":0.0},{"date":"10/12/2025","date_ts":1765324800000,"profit_abs":0.0,"wins":0,"draws":0,"losses":0,"trades":0,"profit_factor":0.0},{"date":"11/12/2025","date_ts":1765411200000,"profit_abs":0.0,"wins":0,"draws":0,"losses":0,"trades":0,"profit_factor":0.0},{"date":"12/12/2025","date_ts":1765497600000,"profit_abs":0.0,"wins":0,"draws":0,"losses":0,"trades":0,"profit_factor":0.0},{"date":"13/12/2025","date_ts":1765584000000,"profit_abs":0.0,"wins":0,"draws":0,"losses":0,"trades":0,"profit_factor":0.0},{"date":"14/12/2025","date_ts":1765670400000,"profit_abs":0.0,"wins":0,"draws":0,"losses":0,"trades":0,"profit_factor":0.0},{"date":"15/12/2025","date_ts":1765756800000,"profit_abs":0.0,"wins":0,"draws":0,"losses":0,"trades":0,"profit_factor":0.0},{"date":"16/12/2025","date_ts":1765843200000,"profit_abs":0.0,"wins":0,"draws":0,"losses":0,"trades":0,"profit_factor":0.0},{"date":"17/12/2025","date_ts":1765929600000,"profit_abs":0.0,"wins":0,"draws":0,"losses":0,"trades":0,"profit_factor":0.0},{"date":"18/12/2025","date_ts":1766016000000,"profit_abs":0.0,"wins":0,"draws":0,"losses":0,"trades":0,"profit_factor":0.0},{"date":"19/12/2025","date_ts":1766102400000,"profit_abs":0.0,"wins":0,"draws":1,"losses":0,"trades":1,"profit_factor":0.0}],"week":[{"date":"13/10/2025","date_ts":1760313600000,"profit_abs":3.36973296,"wins":2,"draws":1,"losses":1,"trades":4,"profit_factor":1.19681919},{"date":"20/10/2025","date_ts":1760918400000,"profit_abs":3.01033992,"wins":1,"draws":2,"losses":0,"trades":3,"profit_factor":0.0},{"date":"27/10/2025","date_ts":1761523200000,"profit_abs":0.0,"wins":0,"draws":0,"losses":0,"trades":0,"profit_factor":0.0},{"date":"03/11/2025","date_ts":1762128000000,"profit_abs":0.0,"wins":0,"draws":0,"losses":0,"trades":0,"profit_factor":0.0},{"date":"10/11/2025","date_ts":1762732800000,"profit_abs":-15.20690189,"wins":4,"draws":0,"losses":2,"trades":6,"profit_factor":0.55519342},{"date":"17/11/2025","date_ts":1763337600000,"profit_abs":-14.59735992,"wins":1,"draws":1,"losses":1,"trades":3,"profit_factor":0.14028362},{"date":"24/11/2025","date_ts":1763942400000,"profit_abs":4.44688953,"wins":2,"draws":2,"losses":0,"trades":4,"profit_factor":0.0},{"date":"01/12/2025","date_ts":1764547200000,"profit_abs":0.0,"wins":0,"draws":0,"losses":0,"trades":0,"profit_factor":0.0},{"date":"08/12/2025","date_ts":1765152000000,"profit_abs":0.0,"wins":0,"draws":0,"losses":0,"trades":0,"profit_factor":0.0},{"date":"15/12/2025","date_ts":1765756800000,"profit_abs":0.0,"wins":0,"draws":0,"losses":0,"trades":0,"profit_factor":0.0},{"date":"22/12/2025","date_ts":1766361600000,"profit_abs":0.0,"wins":0,"draws":1,"losses":0,"trades":1,"profit_factor":0.0}],"month":[{"date":"31/10/2025","date_ts":1761868800000,"profit_abs":6.38007288,"wins":3,"draws":3,"losses":1,"trades":7,"profit_factor":1.37264698},{"date":"30/11/2025","date_ts":1764460800000,"profit_abs":-25.35737228,"wins":7,"draws":3,"losses":3,"trades":13,"profit_factor":0.50441889},{"date":"31/12/2025","date_ts":1767139200000,"profit_abs":0.0,"wins":0,"draws":1,"losses":0,"trades":1,"profit_factor":0.0}],"year":[{"date":"31/12/2025","date_ts":1767139200000,"profit_abs":-18.9772994,"wins":10,"draws":7,"losses":4,"trades":21,"profit_factor":0.72209867}],"weekday":[{"date":"Monday","date_ts":0,"profit_abs":0.0,"wins":0,"draws":2,"losses":0,"trades":2,"profit_factor":0.0},{"date":"Tuesday","date_ts":1,"profit_abs":-12.96607282,"wins":2,"draws":2,"losses":1,"trades":5,"profit_factor":0.24772082},{"date":"Wednesday","date_ts":2,"profit_abs":-14.13018329,"wins":2,"draws":0,"losses":1,"trades":3,"profit_factor":0.16645695},{"date":"Thursday","date_ts":3,"profit_abs":3.26484367,"wins":2,"draws":0,"losses":0,"trades":2,"profit_factor":0.0},{"date":"Friday","date_ts":4,"profit_abs":-0.897534,"wins":1,"draws":2,"losses":1,"trades":4,"profit_factor":0.94713944},{"date":"Saturday","date_ts":5,"profit_abs":-14.73904296,"wins":1,"draws":1,"losses":1,"trades":3,"profit_factor":0.13912272},{"date":"Sunday","date_ts":6,"profit_abs":20.49069,"wins":2,"draws":0,"losses":0,"trades":2,"profit_factor":0.0}]},"backtest_best_day":0.0629228742426253,"backtest_worst_day":-0.05186493767244175,"backtest_best_day_abs":20.49069,"backtest_worst_day_abs":-17.1584586,"winning_days":6,"draw_days":60,"losing_days":4,"daily_profit":[["2025-10-11",-17.12095704],["2025-10-12",20.49069],["2025-10-13",0.0],["2025-10-14",0.0],["2025-10-15",0.0],["2025-10-16",3.01033992],["2025-10-17",0.0],["2025-10-18",0.0],["2025-10-19",0.0],["2025-10-20",0.0],["2025-10-21",0.0],["2025-10-22",0.0],["2025-10-23",0.0],["2025-10-24",0.0],["2025-10-25",0.0],["2025-10-26",0.0],["2025-10-27",0.0],["2025-10-28",0.0],["2025-10-29",0.0],["2025-10-30",0.0],["2025-10-31",0.0],["2025-11-01",0.0],["2025-11-02",0.0],["2025-11-03",0.0],["2025-11-04",-17.1584586],["2025-11-05",-14.13018329],["2025-11-06",0.0],["2025-11-07",16.08174],["2025-11-08",0.0],["2025-11-09",0.0],["2025-11-10",0.0],["2025-11-11",0.0],["2025-11-12",0.0],["2025-11-13",0.0],["2025-11-14",-16.979274],["2025-11-15",2.38191408],["2025-11-16",0.0],["2025-11-17",0.0],["2025-11-18",4.19238578],["2025-11-19",0.0],["2025-11-20",0.25450375],["2025-11-21",0.0],["2025-11-22",0.0],["2025-11-23",0.0],["2025-11-24",0.0],["2025-11-25",0.0],["2025-11-26",0.0],["2025-11-27",0.0],["2025-11-28",0.0],["2025-11-29",0.0],["2025-11-30",0.0],["2025-12-01",0.0],["2025-12-02",0.0],["2025-12-03",0.0],["2025-12-04",0.0],["2025-12-05",0.0],["2025-12-06",0.0],["2025-12-07",0.0],["2025-12-08",0.0],["2025-12-09",0.0],["2025-12-10",0.0],["2025-12-11",0.0],["2025-12-12",0.0],["2025-12-13",0.0],["2025-12-14",0.0],["2025-12-15",0.0],["2025-12-16",0.0],["2025-12-17",0.0],["2025-12-18",0.0],["2025-12-19",0.0]],"wins":10,"losses":4,"draws":7,"winrate":0.47619047619047616,"holding_avg":"3:46:00","holding_avg_s":13560.0,"winner_holding_min":"0d 01:00","winner_holding_min_s":3600.0,"winner_holding_max":"0d 02:00","winner_holding_max_s":7200.0,"winner_holding_avg":"0d 01:48","winner_holding_avg_s":6480.0,"loser_holding_min":"0d 01:00","loser_holding_min_s":3600.0,"loser_holding_max":"0d 16:00","loser_holding_max_s":57600.0,"loser_holding_avg":"0d 05:15","loser_holding_avg_s":18900.0,"max_consecutive_wins":3,"max_consecutive_losses":2,"max_drawdown_account":0.03396832832353933,"max_relative_drawdown":0.03396832832353933,"max_drawdown_abs":34.18767315,"drawdown_start":"2025-11-04 04:00:00","drawdown_start_ts":1762228800000.0,"drawdown_end":"2025-11-05 01:00:00","drawdown_end_ts":1762304400000.0,"drawdown_duration":"0 days 21:00:00","drawdown_duration_s":75600.0,"max_drawdown_low":-27.73033959,"max_drawdown_high":6.45733356,"csum_min":972.26966041,"csum_max":1006.45733356}},"strategy_comparison":[{"key":"ACO_21_21","trades":21,"profit_mean":-0.0026333593795109596,"profit_mean_pct":-0.26,"profit_total_abs":-18.977299400000003,"profit_total":-0.018977299400000005,"profit_total_pct":-1.9,"duration_avg":"3:46:00","wins":10,"draws":7,"losses":4,"winrate":0.47619047619047616,"cagr":-0.06955815257966502,"expectancy":-0.9036809238095236,"expectancy_ratio":-0.3862669200074933,"sortino":-32.71616230684464,"sharpe":-0.41190199354544355,"calmar":-11.003603500762447,"sqn":-0.4454,"profit_factor":0.7220986699606603,"max_drawdown_account":0.03396832832353933,"max_drawdown_abs":"34.188"}]}