{"strategy":{"ACO_29_5":{"trades":[{"pair":"DOGE/USDT","stake_amount":329.97993,"max_stake_amount":329.97993,"amount":1689.0,"open_date":"2025-10-11 01:00:00+00:00","close_date":"2025-10-11 03:00:00+00:00","open_rate":0.19537,"close_rate":0.19889,"fee_open":0.001,"fee_close":0.001,"trade_duration":120,"profit_ratio":0.015983095575663523,"profit_abs":5.27937486,"exit_reason":"roi","initial_stop_loss_abs":0.18561,"initial_stop_loss_ratio":-0.05,"stop_loss_abs":0.18561,"stop_loss_ratio":-0.05,"min_rate":0.18627,"max_rate":0.20048,"is_open":false,"enter_tag":"","leverage":1.0,"is_short":false,"open_timestamp":1760144400000,"close_timestamp":1760151600000,"orders":[{"amount":1689.0,"safe_price":0.19537,"ft_order_side":"buy","order_filled_timestamp":1760144400000,"ft_is_entry":true,"ft_order_tag":"","cost":330.30990992999995},{"amount":1689.0,"safe_price":0.19889,"ft_order_side":"sell","order_filled_timestamp":1760151600000,"ft_is_entry":false,"ft_order_tag":"roi","cost":336.26113520999996}],"funding_fees":0.0,"weekday":5},{"pair":"DOGE/USDT","stake_amount":331.57376,"max_stake_amount":331.57376,"amount":1792.0,"open_date":"2025-10-11 23:00:00+00:00","close_date":"2025-10-12 03:00:00+00:00","open_rate":0.18503,"close_rate":0.18540043043043042,"fee_open":0.001,"fee_close":0.001,"trade_duration":240,"profit_ratio":0.0,"profit_abs":0.0,"exit_reason":"roi","initial_stop_loss_abs":0.17578,"initial_stop_loss_ratio":-0.05,"stop_loss_abs":0.17578,"stop_loss_ratio":-0.05,"min_rate":0.18072,"max_rate":0.18675,"is_open":false,"enter_tag":"","leverage":1.0,"is_short":false,"open_timestamp":1760223600000,"close_timestamp":1760238000000,"orders":[{"amount":1792.0,"safe_price":0.18503,"ft_order_side":"buy","order_filled_timestamp":1760223600000,"ft_is_entry":true,"ft_order_tag":"","cost":331.90533375999996},{"amount":1792.0,"safe_price":0.18540043043043042,"ft_order_side":"sell","order_filled_timestamp":1760238000000,"ft_is_entry":false,"ft_order_tag":"roi","cost":332.5698089026626}],"funding_fees":0.0,"weekday":6},{"pair":"DOGE/USDT","stake_amount":331.65048,"max_stake_amount":331.65048,"amount":1747.0,"open_date":"2025-10-12 13:00:00+00:00","close_date":"2025-10-12 14:00:00+00:00","open_rate":0.18984,"close_rate":0.19972156156156154,"fee_open":0.001,"fee_close":0.001,"trade_duration":60,"profit_ratio":0.049950049950049945,"profit_abs":16.582524,"exit_reason":"roi","initial_stop_loss_abs":0.18035,"initial_stop_loss_ratio":-0.05,"stop_loss_abs":0.18035,"stop_loss_ratio":-0.05,"min_rate":0.18624,"max_rate":0.19986,"is_open":false,"enter_tag":"","leverage":1.0,"is_short":false,"open_timestamp":1760274000000,"close_timestamp":1760277600000,"orders":[{"amount":1747.0,"safe_price":0.18984,"ft_order_side":"buy","order_filled_timestamp":1760274000000,"ft_is_entry":true,"ft_order_tag":"","cost":331.98213047999997},{"amount":1747.0,"safe_price":0.19972156156156154,"ft_order_side":"sell","order_filled_timestamp":1760277600000,"ft_is_entry":false,"ft_order_tag":"roi","cost":349.26248161609607}],"funding_fees":0.0,"weekday":6},{"pair":"DOGE/USDT","stake_amount":337.16466,"max_stake_amount":337.16466,"amount":1719.0,"open_date":"2025-10-12 15:00:00+00:00","close_date":"2025-10-12 16:00:00+00:00","open_rate":0.19614,"close_rate":0.2063494894894895,"fee_open":0.001,"fee_close":0.001,"trade_duration":60,"profit_ratio":0.049950049950049945,"profit_abs":16.858233,"exit_reason":"roi","initial_stop_loss_abs":0.18634,"initial_stop_loss_ratio":-0.05,"stop_loss_abs":0.18634,"stop_loss_ratio":-0.05,"min_rate":0.19562,"max_rate":0.2095,"is_open":false,"enter_tag":"","leverage":1.0,"is_short":false,"open_timestamp":1760281200000,"close_timestamp":1760284800000,"orders":[{"amount":1719.0,"safe_price":0.19614,"ft_order_side":"buy","order_filled_timestamp":1760281200000,"ft_is_entry":true,"ft_order_tag":"","cost":337.50182466},{"amount":1719.0,"safe_price":0.2063494894894895,"ft_order_side":"sell","order_filled_timestamp":1760284800000,"ft_is_entry":false,"ft_order_tag":"roi","cost":355.0694872048648}],"funding_fees":0.0,"weekday":6},{"pair":"DOGE/USDT","stake_amount":342.58226,"max_stake_amount":342.58226,"amount":1721.0,"open_date":"2025-10-14 12:00:00+00:00","close_date":"2025-10-14 14:00:00+00:00","open_rate":0.19906,"close_rate":0.19945851851851848,"fee_open":0.001,"fee_close":0.001,"trade_duration":120,"profit_ratio":0.0,"profit_abs":0.0,"exit_reason":"roi","initial_stop_loss_abs":0.18911,"initial_stop_loss_ratio":-0.05,"stop_loss_abs":0.18911,"stop_loss_ratio":-0.05,"min_rate":0.1933,"max_rate":0.20175,"is_open":false,"enter_tag":"","leverage":1.0,"is_short":false,"open_timestamp":1760443200000,"close_timestamp":1760450400000,"orders":[{"amount":1721.0,"safe_price":0.19906,"ft_order_side":"buy","order_filled_timestamp":1760443200000,"ft_is_entry":true,"ft_order_tag":"","cost":342.92484225999993},{"amount":1721.0,"safe_price":0.19945851851851848,"ft_order_side":"sell","order_filled_timestamp":1760450400000,"ft_is_entry":false,"ft_order_tag":"roi","cost":343.61137848074065}],"funding_fees":0.0,"weekday":1},{"pair":"DOGE/USDT","stake_amount":342.63936,"max_stake_amount":342.63936,"amount":1821.0,"open_date":"2025-10-16 22:00:00+00:00","close_date":"2025-10-17 00:00:00+00:00","open_rate":0.18816,"close_rate":0.18853669669669668,"fee_open":0.001,"fee_close":0.001,"trade_duration":120,"profit_ratio":0.0,"profit_abs":0.0,"exit_reason":"roi","initial_stop_loss_abs":0.17876,"initial_stop_loss_ratio":-0.05,"stop_loss_abs":0.17876,"stop_loss_ratio":-0.05,"min_rate":0.18616,"max_rate":0.19011,"is_open":false,"enter_tag":"","leverage":1.0,"is_short":false,"open_timestamp":1760652000000,"close_timestamp":1760659200000,"orders":[{"amount":1821.0,"safe_price":0.18816,"ft_order_side":"buy","order_filled_timestamp":1760652000000,"ft_is_entry":true,"ft_order_tag":"","cost":342.98199936},{"amount":1821.0,"safe_price":0.18853669669669668,"ft_order_side":"sell","order_filled_timestamp":1760659200000,"ft_is_entry":false,"ft_order_tag":"roi","cost":343.6686500093693}],"funding_fees":0.0,"weekday":4},{"pair":"DOGE/USDT","stake_amount":342.62514,"max_stake_amount":342.62514,"amount":1914.0,"open_date":"2025-10-17 11:00:00+00:00","close_date":"2025-10-17 13:00:00+00:00","open_rate":0.17901,"close_rate":0.18228,"fee_open":0.001,"fee_close":0.001,"trade_duration":120,"profit_ratio":0.016232636142138407,"profit_abs":5.56727094,"exit_reason":"roi","initial_stop_loss_abs":0.17006,"initial_stop_loss_ratio":-0.05,"stop_loss_abs":0.17006,"stop_loss_ratio":-0.05,"min_rate":0.17882,"max_rate":0.18463,"is_open":false,"enter_tag":"","leverage":1.0,"is_short":false,"open_timestamp":1760698800000,"close_timestamp":1760706000000,"orders":[{"amount":1914.0,"safe_price":0.17901,"ft_order_side":"buy","order_filled_timestamp":1760698800000,"ft_is_entry":true,"ft_order_tag":"","cost":342.9677651399999},{"amount":1914.0,"safe_price":0.18228,"ft_order_side":"sell","order_filled_timestamp":1760706000000,"ft_is_entry":false,"ft_order_tag":"roi","cost":349.2328039199999}],"funding_fees":0.0,"weekday":4},{"pair":"DOGE/USDT","stake_amount":344.463,"max_stake_amount":344.463,"amount":2094.0,"open_date":"2025-11-04 09:00:00+00:00","close_date":"2025-11-04 11:00:00+00:00","open_rate":0.1645,"close_rate":0.16536,"fee_open":0.001,"fee_close":0.001,"trade_duration":120,"profit_ratio":0.003219516046263767,"profit_abs":1.11011316,"exit_reason":"roi","initial_stop_loss_abs":0.15628,"initial_stop_loss_ratio":-0.05,"stop_loss_abs":0.15628,"stop_loss_ratio":-0.05,"min_rate":0.16364,"max_rate":0.16702,"is_open":false,"enter_tag":"","leverage":1.0,"is_short":false,"open_timestamp":1762246800000,"close_timestamp":1762254000000,"orders":[{"amount":2094.0,"safe_price":0.1645,"ft_order_side":"buy","order_filled_timestamp":1762246800000,"ft_is_entry":true,"ft_order_tag":"","cost":344.807463},{"amount":2094.0,"safe_price":0.16536,"ft_order_side":"sell","order_filled_timestamp":1762254000000,"ft_is_entry":false,"ft_order_tag":"roi","cost":346.61010383999997}],"funding_fees":0.0,"weekday":1},{"pair":"DOGE/USDT","stake_amount":344.87738,"max_stake_amount":344.87738,"amount":2066.0,"open_date":"2025-11-04 15:00:00+00:00","close_date":"2025-11-04 17:00:00+00:00","open_rate":0.16693,"close_rate":0.15859,"fee_open":0.001,"fee_close":0.001,"trade_duration":120,"profit_ratio":-0.051859241220051144,"profit_abs":-17.90296432,"exit_reason":"stop_loss","initial_stop_loss_abs":0.15859,"initial_stop_loss_ratio":-0.05,"stop_loss_abs":0.15859,"stop_loss_ratio":-0.05,"min_rate":0.1562,"max_rate":0.16853,"is_open":false,"enter_tag":"","leverage":1.0,"is_short":false,"open_timestamp":1762268400000,"close_timestamp":1762275600000,"orders":[{"amount":2066.0,"safe_price":0.16693,"ft_order_side":"buy","order_filled_timestamp":1762268400000,"ft_is_entry":true,"ft_order_tag":"","cost":345.22225738},{"amount":2066.0,"safe_price":0.15859,"ft_order_side":"sell","order_filled_timestamp":1762275600000,"ft_is_entry":false,"ft_order_tag":"stop_loss","cost":327.97458694}],"funding_fees":0.0,"weekday":1},{"pair":"DOGE/USDT","stake_amount":339.07126,"max_stake_amount":339.07126,"amount":2134.0,"open_date":"2025-11-04 21:00:00+00:00","close_date":"2025-11-04 23:00:00+00:00","open_rate":0.15889,"close_rate":0.16344,"fee_open":0.001,"fee_close":0.001,"trade_duration":120,"profit_ratio":0.02658094627381555,"profit_abs":9.02184778,"exit_reason":"roi","initial_stop_loss_abs":0.15095,"initial_stop_loss_ratio":-0.05,"stop_loss_abs":0.15095,"stop_loss_ratio":-0.05,"min_rate":0.15159,"max_rate":0.16436,"is_open":false,"enter_tag":"","leverage":1.0,"is_short":false,"open_timestamp":1762290000000,"close_timestamp":1762297200000,"orders":[{"amount":2134.0,"safe_price":0.15889,"ft_order_side":"buy","order_filled_timestamp":1762290000000,"ft_is_entry":true,"ft_order_tag":"","cost":339.41033125999996},{"amount":2134.0,"safe_price":0.16344,"ft_order_side":"sell","order_filled_timestamp":1762297200000,"ft_is_entry":false,"ft_order_tag":"roi","cost":349.12974095999994}],"funding_fees":0.0,"weekday":1},{"pair":"DOGE/USDT","stake_amount":341.92911,"max_stake_amount":341.92911,"amount":2081.0,"open_date":"2025-11-05 03:00:00+00:00","close_date":"2025-11-05 05:00:00+00:00","open_rate":0.16431,"close_rate":0.16476,"fee_open":0.001,"fee_close":0.001,"trade_duration":120,"profit_ratio":0.0007352516025147028,"profit_abs":0.25165533,"exit_reason":"roi","initial_stop_loss_abs":0.1561,"initial_stop_loss_ratio":-0.05,"stop_loss_abs":0.1561,"stop_loss_ratio":-0.05,"min_rate":0.16313,"max_rate":0.16619,"is_open":false,"enter_tag":"","leverage":1.0,"is_short":false,"open_timestamp":1762311600000,"close_timestamp":1762318800000,"orders":[{"amount":2081.0,"safe_price":0.16431,"ft_order_side":"buy","order_filled_timestamp":1762311600000,"ft_is_entry":true,"ft_order_tag":"","cost":342.27103911},{"amount":2081.0,"safe_price":0.16476,"ft_order_side":"sell","order_filled_timestamp":1762318800000,"ft_is_entry":false,"ft_order_tag":"roi","cost":343.2084255599999}],"funding_fees":0.0,"weekday":2},{"pair":"DOGE/USDT","stake_amount":342.01756,"max_stake_amount":342.01756,"amount":2087.0,"open_date":"2025-11-05 12:00:00+00:00","close_date":"2025-11-05 14:00:00+00:00","open_rate":0.16388,"close_rate":0.16553,"fee_open":0.001,"fee_close":0.001,"trade_duration":120,"profit_ratio":0.008050224122960272,"profit_abs":2.75607133,"exit_reason":"roi","initial_stop_loss_abs":0.15569,"initial_stop_loss_ratio":-0.05,"stop_loss_abs":0.15569,"stop_loss_ratio":-0.05,"min_rate":0.163,"max_rate":0.16709,"is_open":false,"enter_tag":"","leverage":1.0,"is_short":false,"open_timestamp":1762344000000,"close_timestamp":1762351200000,"orders":[{"amount":2087.0,"safe_price":0.16388,"ft_order_side":"buy","order_filled_timestamp":1762344000000,"ft_is_entry":true,"ft_order_tag":"","cost":342.35957756},{"amount":2087.0,"safe_price":0.16553,"ft_order_side":"sell","order_filled_timestamp":1762351200000,"ft_is_entry":false,"ft_order_tag":"roi","cost":345.80657111}],"funding_fees":0.0,"weekday":2},{"pair":"DOGE/USDT","stake_amount":342.99846,"max_stake_amount":342.99846,"amount":2142.0,"open_date":"2025-11-15 01:00:00+00:00","close_date":"2025-11-15 03:00:00+00:00","open_rate":0.16013,"close_rate":0.1624,"fee_open":0.001,"fee_close":0.001,"trade_duration":120,"profit_ratio":0.012149656376222291,"profit_abs":4.17148074,"exit_reason":"roi","initial_stop_loss_abs":0.15213,"initial_stop_loss_ratio":-0.05,"stop_loss_abs":0.15213,"stop_loss_ratio":-0.05,"min_rate":0.15942,"max_rate":0.16307,"is_open":false,"enter_tag":"","leverage":1.0,"is_short":false,"open_timestamp":1763168400000,"close_timestamp":1763175600000,"orders":[{"amount":2142.0,"safe_price":0.16013,"ft_order_side":"buy","order_filled_timestamp":1763168400000,"ft_is_entry":true,"ft_order_tag":"","cost":343.34145845999996},{"amount":2142.0,"safe_price":0.1624,"ft_order_side":"sell","order_filled_timestamp":1763175600000,"ft_is_entry":false,"ft_order_tag":"roi","cost":348.20866079999996}],"funding_fees":0.0,"weekday":5},{"pair":"DOGE/USDT","stake_amount":344.35789,"max_stake_amount":344.35789,"amount":2479.0,"open_date":"2025-11-21 13:00:00+00:00","close_date":"2025-11-21 15:00:00+00:00","open_rate":0.13891,"close_rate":0.14133,"fee_open":0.001,"fee_close":0.001,"trade_duration":120,"profit_ratio":0.015388542060487924,"profit_abs":5.30446504,"exit_reason":"roi","initial_stop_loss_abs":0.13197,"initial_stop_loss_ratio":-0.05,"stop_loss_abs":0.13197,"stop_loss_ratio":-0.05,"min_rate":0.13746,"max_rate":0.14209,"is_open":false,"enter_tag":"","leverage":1.0,"is_short":false,"open_timestamp":1763730000000,"close_timestamp":1763737200000,"orders":[{"amount":2479.0,"safe_price":0.13891,"ft_order_side":"buy","order_filled_timestamp":1763730000000,"ft_is_entry":true,"ft_order_tag":"","cost":344.70224788999997},{"amount":2479.0,"safe_price":0.14133,"ft_order_side":"sell","order_filled_timestamp":1763737200000,"ft_is_entry":false,"ft_order_tag":"roi","cost":350.70742707}],"funding_fees":0.0,"weekday":4},{"pair":"DOGE/USDT","stake_amount":346.08135,"max_stake_amount":346.08135,"amount":2455.0,"open_date":"2025-11-21 22:00:00+00:00","close_date":"2025-11-22 01:00:00+00:00","open_rate":0.14097,"close_rate":0.14125222222222222,"fee_open":0.001,"fee_close":0.001,"trade_duration":180,"profit_ratio":0.0,"profit_abs":0.0,"exit_reason":"roi","initial_stop_loss_abs":0.13393,"initial_stop_loss_ratio":-0.05,"stop_loss_abs":0.13393,"stop_loss_ratio":-0.05,"min_rate":0.13574,"max_rate":0.14156,"is_open":false,"enter_tag":"","leverage":1.0,"is_short":false,"open_timestamp":1763762400000,"close_timestamp":1763773200000,"orders":[{"amount":2455.0,"safe_price":0.14097,"ft_order_side":"buy","order_filled_timestamp":1763762400000,"ft_is_entry":true,"ft_order_tag":"","cost":346.42743135},{"amount":2455.0,"safe_price":0.14125222222222222,"ft_order_side":"sell","order_filled_timestamp":1763773200000,"ft_is_entry":false,"ft_order_tag":"roi","cost":347.1209797611111}],"funding_fees":0.0,"weekday":5},{"pair":"DOGE/USDT","stake_amount":346.12034,"max_stake_amount":346.12034,"amount":2489.0,"open_date":"2025-11-22 07:00:00+00:00","close_date":"2025-11-22 09:00:00+00:00","open_rate":0.13906,"close_rate":0.13933839839839837,"fee_open":0.001,"fee_close":0.001,"trade_duration":120,"profit_ratio":0.0,"profit_abs":0.0,"exit_reason":"roi","initial_stop_loss_abs":0.13211,"initial_stop_loss_ratio":-0.05,"stop_loss_abs":0.13211,"stop_loss_ratio":-0.05,"min_rate":0.13549,"max_rate":0.14016,"is_open":false,"enter_tag":"","leverage":1.0,"is_short":false,"open_timestamp":1763794800000,"close_timestamp":1763802000000,"orders":[{"amount":2489.0,"safe_price":0.13906,"ft_order_side":"buy","order_filled_timestamp":1763794800000,"ft_is_entry":true,"ft_order_tag":"","cost":346.46646033999997},{"amount":2489.0,"safe_price":0.13933839839839837,"ft_order_side":"sell","order_filled_timestamp":1763802000000,"ft_is_entry":false,"ft_order_tag":"roi","cost":347.1600868872271}],"funding_fees":0.0,"weekday":5},{"pair":"DOGE/USDT","stake_amount":346.11642,"max_stake_amount":346.11642,"amount":2507.0,"open_date":"2025-11-22 10:00:00+00:00","close_date":"2025-11-22 14:00:00+00:00","open_rate":0.13806,"close_rate":0.1383363963963964,"fee_open":0.001,"fee_close":0.001,"trade_duration":240,"profit_ratio":0.0,"profit_abs":0.0,"exit_reason":"roi","initial_stop_loss_abs":0.13116,"initial_stop_loss_ratio":-0.05,"stop_loss_abs":0.13116,"stop_loss_ratio":-0.05,"min_rate":0.13563,"max_rate":0.13943,"is_open":false,"enter_tag":"","leverage":1.0,"is_short":false,"open_timestamp":1763805600000,"close_timestamp":1763820000000,"orders":[{"amount":2507.0,"safe_price":0.13806,"ft_order_side":"buy","order_filled_timestamp":1763805600000,"ft_is_entry":true,"ft_order_tag":"","cost":346.46253641999994},{"amount":2507.0,"safe_price":0.1383363963963964,"ft_order_side":"sell","order_filled_timestamp":1763820000000,"ft_is_entry":false,"ft_order_tag":"roi","cost":347.15615511153146}],"funding_fees":0.0,"weekday":5},{"pair":"DOGE/USDT","stake_amount":346.05592,"max_stake_amount":346.05592,"amount":2488.0,"open_date":"2025-11-22 15:00:00+00:00","close_date":"2025-11-22 17:00:00+00:00","open_rate":0.13909,"close_rate":0.13953,"fee_open":0.001,"fee_close":0.001,"trade_duration":120,"profit_ratio":0.0011590968525327574,"profit_abs":0.40151344,"exit_reason":"roi","initial_stop_loss_abs":0.13214,"initial_stop_loss_ratio":-0.05,"stop_loss_abs":0.13214,"stop_loss_ratio":-0.05,"min_rate":0.13729,"max_rate":0.13977,"is_open":false,"enter_tag":"","leverage":1.0,"is_short":false,"open_timestamp":1763823600000,"close_timestamp":1763830800000,"orders":[{"amount":2488.0,"safe_price":0.13909,"ft_order_side":"buy","order_filled_timestamp":1763823600000,"ft_is_entry":true,"ft_order_tag":"","cost":346.4019759199999},{"amount":2488.0,"safe_price":0.13953,"ft_order_side":"sell","order_filled_timestamp":1763830800000,"ft_is_entry":false,"ft_order_tag":"roi","cost":347.4977906399999}],"funding_fees":0.0,"weekday":5}],"locks":[],"best_pair":{"key":"DOGE/USDT","trades":18,"profit_mean":0.008196656874035996,"profit_mean_pct":0.82,"profit_total_abs":49.4015853,"profit_total":0.0494015853,"profit_total_pct":4.94,"duration_avg":"2:10:00","wins":11,"draws":6,"losses":1,"winrate":0.6111111111111112,"cagr":0.1989506355591133,"expectancy":2.744532516666667,"expectancy_ratio":-0.18003288165334763,"sortino":-100,"sharpe":1.3471857783663137,"calmar":56.81618921883651,"sqn":1.5668,"profit_factor":3.7594081302397417,"max_drawdown_account":0.0171255087626255,"max_drawdown_abs":17.90296432},"worst_pair":{"key":"DOGE/USDT","trades":18,"profit_mean":0.008196656874035996,"profit_mean_pct":0.82,"profit_total_abs":49.4015853,"profit_total":0.0494015853,"profit_total_pct":4.94,"duration_avg":"2:10:00","wins":11,"draws":6,"losses":1,"winrate":0.6111111111111112,"cagr":0.1989506355591133,"expectancy":2.744532516666667,"expectancy_ratio":-0.18003288165334763,"sortino":-100,"sharpe":1.3471857783663137,"calmar":56.81618921883651,"sqn":1.5668,"profit_factor":3.7594081302397417,"max_drawdown_account":0.0171255087626255,"max_drawdown_abs":17.90296432},"results_per_pair":[{"key":"DOGE/USDT","trades":18,"profit_mean":0.008196656874035996,"profit_mean_pct":0.82,"profit_total_abs":49.4015853,"profit_total":0.0494015853,"profit_total_pct":4.94,"duration_avg":"2:10:00","wins":11,"draws":6,"losses":1,"winrate":0.6111111111111112,"cagr":0.1989506355591133,"expectancy":2.744532516666667,"expectancy_ratio":-0.18003288165334763,"sortino":-100,"sharpe":1.3471857783663137,"calmar":56.81618921883651,"sqn":1.5668,"profit_factor":3.7594081302397417,"max_drawdown_account":0.0171255087626255,"max_drawdown_abs":17.90296432},{"key":"TOTAL","trades":18,"profit_mean":0.008196656874035996,"profit_mean_pct":0.82,"profit_total_abs":49.4015853,"profit_total":0.0494015853,"profit_total_pct":4.94,"duration_avg":"2:10:00","wins":11,"draws":6,"losses":1,"winrate":0.6111111111111112,"cagr":0.1989506355591133,"expectancy":2.744532516666667,"expectancy_ratio":-0.18003288165334763,"sortino":-100,"sharpe":1.3471857783663137,"calmar":56.81618921883651,"sqn":1.5668,"profit_factor":3.7594081302397417,"max_drawdown_account":0.0171255087626255,"max_drawdown_abs":17.90296432}],"results_per_enter_tag":[{"key":"","trades":18,"profit_mean":0.008196656874035996,"profit_mean_pct":0.82,"profit_total_abs":49.4015853,"profit_total":0.0494015853,"profit_total_pct":4.94,"duration_avg":"2:10:00","wins":11,"draws":6,"losses":1,"winrate":0.6111111111111112,"cagr":0.1989506355591133,"expectancy":2.744532516666667,"expectancy_ratio":-0.18003288165334763,"sortino":-100,"sharpe":1.3471857783663137,"calmar":56.81618921883651,"sqn":1.5668,"profit_factor":3.7594081302397417,"max_drawdown_account":0.0171255087626255,"max_drawdown_abs":17.90296432},{"key":"TOTAL","trades":18,"profit_mean":0.008196656874035996,"profit_mean_pct":0.82,"profit_total_abs":49.4015853,"profit_total":0.0494015853,"profit_total_pct":4.94,"duration_avg":"2:10:00","wins":11,"draws":6,"losses":1,"winrate":0.6111111111111112,"cagr":0.1989506355591133,"expectancy":2.744532516666667,"expectancy_ratio":-0.18003288165334763,"sortino":-100,"sharpe":1.3471857783663137,"calmar":56.81618921883651,"sqn":1.5668,"profit_factor":3.7594081302397417,"max_drawdown_account":0.0171255087626255,"max_drawdown_abs":17.90296432}],"exit_reason_summary":[{"key":"roi","trades":17,"profit_mean":0.011729356761923476,"profit_mean_pct":1.17,"profit_total_abs":67.30454961999999,"profit_total":0.06730454961999999,"profit_total_pct":6.73,"duration_avg":"2:11:00","wins":11,"draws":6,"losses":0,"winrate":0.6470588235294118,"cagr":0.2777500110337854,"expectancy":3.9590911541176474,"expectancy_ratio":100.0,"sortino":-100,"sharpe":2.4752926044803174,"calmar":-100,"sqn":2.9571,"profit_factor":0.0,"max_drawdown_account":0.0,"max_drawdown_abs":0.0},{"key":"stop_loss","trades":1,"profit_mean":-0.051859241220051144,"profit_mean_pct":-5.19,"profit_total_abs":-17.90296432,"profit_total":-0.01790296432,"profit_total_pct":-1.79,"duration_avg":"2:00:00","wins":0,"draws":0,"losses":1,"winrate":0.0,"cagr":-0.065718181000471,"expectancy":-17.90296432,"expectancy_ratio":-1.0,"sortino":-100,"sharpe":-100,"calmar":-19.69584863354925,"sqn":-100.0,"profit_factor":0.0,"max_drawdown_account":0.017902964320000023,"max_drawdown_abs":17.90296432},{"key":"TOTAL","trades":18,"profit_mean":0.008196656874035996,"profit_mean_pct":0.82,"profit_total_abs":49.4015853,"profit_total":0.0494015853,"profit_total_pct":4.94,"duration_avg":"2:10:00","wins":11,"draws":6,"losses":1,"winrate":0.6111111111111112,"cagr":0.1989506355591133,"expectancy":2.744532516666667,"expectancy_ratio":-0.18003288165334763,"sortino":-100,"sharpe":1.3471857783663137,"calmar":56.81618921883651,"sqn":1.5668,"profit_factor":3.7594081302397417,"max_drawdown_account":0.0171255087626255,"max_drawdown_abs":17.90296432}],"mix_tag_stats":[{"key":["","roi"],"trades":17,"profit_mean":0.011729356761923476,"profit_mean_pct":1.17,"profit_total_abs":67.30454961999999,"profit_total":0.06730454961999999,"profit_total_pct":6.73,"duration_avg":"2:11:00","wins":11,"draws":6,"losses":0,"winrate":0.6470588235294118,"cagr":0.2777500110337854,"expectancy":3.9590911541176474,"expectancy_ratio":100.0,"sortino":-100,"sharpe":2.4752926044803174,"calmar":-100,"sqn":2.9571,"profit_factor":0.0,"max_drawdown_account":0.0,"max_drawdown_abs":0.0},{"key":["","stop_loss"],"trades":1,"profit_mean":-0.051859241220051144,"profit_mean_pct":-5.19,"profit_total_abs":-17.90296432,"profit_total":-0.01790296432,"profit_total_pct":-1.79,"duration_avg":"2:00:00","wins":0,"draws":0,"losses":1,"winrate":0.0,"cagr":-0.065718181000471,"expectancy":-17.90296432,"expectancy_ratio":-1.0,"sortino":-100,"sharpe":-100,"calmar":-19.69584863354925,"sqn":-100.0,"profit_factor":0.0,"max_drawdown_account":0.017902964320000023,"max_drawdown_abs":17.90296432},{"key":"TOTAL","trades":18,"profit_mean":0.008196656874035996,"profit_mean_pct":0.82,"profit_total_abs":49.4015853,"profit_total":0.0494015853,"profit_total_pct":4.94,"duration_avg":"2:10:00","wins":11,"draws":6,"losses":1,"winrate":0.6111111111111112,"cagr":0.1989506355591133,"expectancy":2.744532516666667,"expectancy_ratio":-0.18003288165334763,"sortino":-100,"sharpe":1.3471857783663137,"calmar":56.81618921883651,"sqn":1.5668,"profit_factor":3.7594081302397417,"max_drawdown_account":0.0171255087626255,"max_drawdown_abs":17.90296432}],"left_open_trades":[{"key":"TOTAL","trades":0,"profit_mean":0.0,"profit_mean_pct":0.0,"profit_total_abs":0.0,"profit_total":0.0,"profit_total_pct":0.0,"duration_avg":"0:00","wins":0,"draws":0,"losses":0,"winrate":0.0,"cagr":0.0,"expectancy":0.0,"expectancy_ratio":100.0,"sortino":0,"sharpe":0,"calmar":0,"sqn":0.0,"profit_factor":0.0,"max_drawdown_account":0.0,"max_drawdown_abs":0.0}],"total_trades":18,"trade_count_long":18,"trade_count_short":0,"total_volume":12358.702858303603,"avg_stake_amount":341.23912666666666,"profit_mean":0.008196656874035996,"profit_median":0.0021893064493982623,"profit_total":0.0494015853,"profit_total_long":0.0494015853,"profit_total_short":0.0,"profit_total_abs":49.4015853,"profit_total_long_abs":49.4015853,"profit_total_short_abs":0.0,"cagr":0.1989506355591133,"expectancy":2.744532516666667,"expectancy_ratio":-0.18003288165334763,"sortino":-100,"sharpe":1.3471857783663137,"calmar":56.81618921883651,"sqn":1.5668,"profit_factor":3.7594081302397417,"backtest_start":"2025-10-01 00:00:00","backtest_start_ts":1759276800000,"backtest_end":"2026-01-06 20:00:00","backtest_end_ts":1767729600000,"backtest_days":97,"backtest_run_start_ts":1767751610,"backtest_run_end_ts":1767751610,"trades_per_day":0.19,"market_change":-0.36632086436227446,"pairlist":["DOGE/USDT"],"stake_amount":"unlimited","stake_currency":"USDT","stake_currency_decimals":3,"starting_balance":1000,"dry_run_wallet":1000,"final_balance":1049.4015853,"rejected_signals":0,"timedout_entry_orders":0,"timedout_exit_orders":0,"canceled_trade_entries":0,"canceled_entry_orders":0,"replaced_entry_orders":0,"max_open_trades":1,"max_open_trades_setting":3,"timeframe":"1h","timeframe_detail":"","timerange":"20251001-","enable_protections":false,"strategy_name":"ACO_29_5","freqaimodel":null,"freqai_identifier":null,"stoploss":-0.05,"trailing_stop":false,"trailing_stop_positive":null,"trailing_stop_positive_offset":0.0,"trailing_only_offset_is_reached":false,"use_custom_stoploss":false,"minimal_roi":{"0":0.1,"60":0.05,"120":0.0},"use_exit_signal":true,"exit_profit_only":false,"exit_profit_offset":0.0,"ignore_roi_if_entry_signal":false,"trading_mode":"spot","margin_mode":"","periodic_breakdown":{"day":[{"date":"11/10/2025","date_ts":1760140800000,"profit_abs":5.27937486,"wins":1,"draws":0,"losses":0,"trades":1,"profit_factor":0.0},{"date":"12/10/2025","date_ts":1760227200000,"profit_abs":33.440757,"wins":2,"draws":1,"losses":0,"trades":3,"profit_factor":0.0},{"date":"13/10/2025","date_ts":1760313600000,"profit_abs":0.0,"wins":0,"draws":0,"losses":0,"trades":0,"profit_factor":0.0},{"date":"14/10/2025","date_ts":1760400000000,"profit_abs":0.0,"wins":0,"draws":1,"losses":0,"trades":1,"profit_factor":0.0},{"date":"15/10/2025","date_ts":1760486400000,"profit_abs":0.0,"wins":0,"draws":0,"losses":0,"trades":0,"profit_factor":0.0},{"date":"16/10/2025","date_ts":1760572800000,"profit_abs":0.0,"wins":0,"draws":0,"losses":0,"trades":0,"profit_factor":0.0},{"date":"17/10/2025","date_ts":1760659200000,"profit_abs":5.56727094,"wins":1,"draws":1,"losses":0,"trades":2,"profit_factor":0.0},{"date":"18/10/2025","date_ts":1760745600000,"profit_abs":0.0,"wins":0,"draws":0,"losses":0,"trades":0,"profit_factor":0.0},{"date":"19/10/2025","date_ts":1760832000000,"profit_abs":0.0,"wins":0,"draws":0,"losses":0,"trades":0,"profit_factor":0.0},{"date":"20/10/2025","date_ts":1760918400000,"profit_abs":0.0,"wins":0,"draws":0,"losses":0,"trades":0,"profit_factor":0.0},{"date":"21/10/2025","date_ts":1761004800000,"profit_abs":0.0,"wins":0,"draws":0,"losses":0,"trades":0,"profit_factor":0.0},{"date":"22/10/2025","date_ts":1761091200000,"profit_abs":0.0,"wins":0,"draws":0,"losses":0,"trades":0,"profit_factor":0.0},{"date":"23/10/2025","date_ts":1761177600000,"profit_abs":0.0,"wins":0,"draws":0,"losses":0,"trades":0,"profit_factor":0.0},{"date":"24/10/2025","date_ts":1761264000000,"profit_abs":0.0,"wins":0,"draws":0,"losses":0,"trades":0,"profit_factor":0.0},{"date":"25/10/2025","date_ts":1761350400000,"profit_abs":0.0,"wins":0,"draws":0,"losses":0,"trades":0,"profit_factor":0.0},{"date":"26/10/2025","date_ts":1761436800000,"profit_abs":0.0,"wins":0,"draws":0,"losses":0,"trades":0,"profit_factor":0.0},{"date":"27/10/2025","date_ts":1761523200000,"profit_abs":0.0,"wins":0,"draws":0,"losses":0,"trades":0,"profit_factor":0.0},{"date":"28/10/2025","date_ts":1761609600000,"profit_abs":0.0,"wins":0,"draws":0,"losses":0,"trades":0,"profit_factor":0.0},{"date":"29/10/2025","date_ts":1761696000000,"profit_abs":0.0,"wins":0,"draws":0,"losses":0,"trades":0,"profit_factor":0.0},{"date":"30/10/2025","date_ts":1761782400000,"profit_abs":0.0,"wins":0,"draws":0,"losses":0,"trades":0,"profit_factor":0.0},{"date":"31/10/2025","date_ts":1761868800000,"profit_abs":0.0,"wins":0,"draws":0,"losses":0,"trades":0,"profit_factor":0.0},{"date":"01/11/2025","date_ts":1761955200000,"profit_abs":0.0,"wins":0,"draws":0,"losses":0,"trades":0,"profit_factor":0.0},{"date":"02/11/2025","date_ts":1762041600000,"profit_abs":0.0,"wins":0,"draws":0,"losses":0,"trades":0,"profit_factor":0.0},{"date":"03/11/2025","date_ts":1762128000000,"profit_abs":0.0,"wins":0,"draws":0,"losses":0,"trades":0,"profit_factor":0.0},{"date":"04/11/2025","date_ts":1762214400000,"profit_abs":-7.77100338,"wins":2,"draws":0,"losses":1,"trades":3,"profit_factor":0.56593762},{"date":"05/11/2025","date_ts":1762300800000,"profit_abs":3.00772666,"wins":2,"draws":0,"losses":0,"trades":2,"profit_factor":0.0},{"date":"06/11/2025","date_ts":1762387200000,"profit_abs":0.0,"wins":0,"draws":0,"losses":0,"trades":0,"profit_factor":0.0},{"date":"07/11/2025","date_ts":1762473600000,"profit_abs":0.0,"wins":0,"draws":0,"losses":0,"trades":0,"profit_factor":0.0},{"date":"08/11/2025","date_ts":1762560000000,"profit_abs":0.0,"wins":0,"draws":0,"losses":0,"trades":0,"profit_factor":0.0},{"date":"09/11/2025","date_ts":1762646400000,"profit_abs":0.0,"wins":0,"draws":0,"losses":0,"trades":0,"profit_factor":0.0},{"date":"10/11/2025","date_ts":1762732800000,"profit_abs":0.0,"wins":0,"draws":0,"losses":0,"trades":0,"profit_factor":0.0},{"date":"11/11/2025","date_ts":1762819200000,"profit_abs":0.0,"wins":0,"draws":0,"losses":0,"trades":0,"profit_factor":0.0},{"date":"12/11/2025","date_ts":1762905600000,"profit_abs":0.0,"wins":0,"draws":0,"losses":0,"trades":0,"profit_factor":0.0},{"date":"13/11/2025","date_ts":1762992000000,"profit_abs":0.0,"wins":0,"draws":0,"losses":0,"trades":0,"profit_factor":0.0},{"date":"14/11/2025","date_ts":1763078400000,"profit_abs":0.0,"wins":0,"draws":0,"losses":0,"trades":0,"profit_factor":0.0},{"date":"15/11/2025","date_ts":1763164800000,"profit_abs":4.17148074,"wins":1,"draws":0,"losses":0,"trades":1,"profit_factor":0.0},{"date":"16/11/2025","date_ts":1763251200000,"profit_abs":0.0,"wins":0,"draws":0,"losses":0,"trades":0,"profit_factor":0.0},{"date":"17/11/2025","date_ts":1763337600000,"profit_abs":0.0,"wins":0,"draws":0,"losses":0,"trades":0,"profit_factor":0.0},{"date":"18/11/2025","date_ts":1763424000000,"profit_abs":0.0,"wins":0,"draws":0,"losses":0,"trades":0,"profit_factor":0.0},{"date":"19/11/2025","date_ts":1763510400000,"profit_abs":0.0,"wins":0,"draws":0,"losses":0,"trades":0,"profit_factor":0.0},{"date":"20/11/2025","date_ts":1763596800000,"profit_abs":0.0,"wins":0,"draws":0,"losses":0,"trades":0,"profit_factor":0.0},{"date":"21/11/2025","date_ts":1763683200000,"profit_abs":5.30446504,"wins":1,"draws":0,"losses":0,"trades":1,"profit_factor":0.0},{"date":"22/11/2025","date_ts":1763769600000,"profit_abs":0.40151344,"wins":1,"draws":3,"losses":0,"trades":4,"profit_factor":0.0}],"week":[{"date":"13/10/2025","date_ts":1760313600000,"profit_abs":38.72013186,"wins":3,"draws":1,"losses":0,"trades":4,"profit_factor":0.0},{"date":"20/10/2025","date_ts":1760918400000,"profit_abs":5.56727094,"wins":1,"draws":2,"losses":0,"trades":3,"profit_factor":0.0},{"date":"27/10/2025","date_ts":1761523200000,"profit_abs":0.0,"wins":0,"draws":0,"losses":0,"trades":0,"profit_factor":0.0},{"date":"03/11/2025","date_ts":1762128000000,"profit_abs":0.0,"wins":0,"draws":0,"losses":0,"trades":0,"profit_factor":0.0},{"date":"10/11/2025","date_ts":1762732800000,"profit_abs":-4.76327672,"wins":4,"draws":0,"losses":1,"trades":5,"profit_factor":0.73393922},{"date":"17/11/2025","date_ts":1763337600000,"profit_abs":4.17148074,"wins":1,"draws":0,"losses":0,"trades":1,"profit_factor":0.0},{"date":"24/11/2025","date_ts":1763942400000,"profit_abs":5.70597848,"wins":2,"draws":3,"losses":0,"trades":5,"profit_factor":0.0}],"month":[{"date":"31/10/2025","date_ts":1761868800000,"profit_abs":44.2874028,"wins":4,"draws":3,"losses":0,"trades":7,"profit_factor":0.0},{"date":"30/11/2025","date_ts":1764460800000,"profit_abs":5.1141825,"wins":7,"draws":3,"losses":1,"trades":11,"profit_factor":1.28566121}],"year":[{"date":"31/12/2025","date_ts":1767139200000,"profit_abs":49.4015853,"wins":11,"draws":6,"losses":1,"trades":18,"profit_factor":3.75940813}],"weekday":[{"date":"Tuesday","date_ts":1,"profit_abs":-7.77100338,"wins":2,"draws":1,"losses":1,"trades":4,"profit_factor":0.56593762},{"date":"Wednesday","date_ts":2,"profit_abs":3.00772666,"wins":2,"draws":0,"losses":0,"trades":2,"profit_factor":0.0},{"date":"Friday","date_ts":4,"profit_abs":10.87173598,"wins":2,"draws":1,"losses":0,"trades":3,"profit_factor":0.0},{"date":"Saturday","date_ts":5,"profit_abs":9.85236904,"wins":3,"draws":3,"losses":0,"trades":6,"profit_factor":0.0},{"date":"Sunday","date_ts":6,"profit_abs":33.440757,"wins":2,"draws":1,"losses":0,"trades":3,"profit_factor":0.0}]},"backtest_best_day":0.09990009990009989,"backtest_worst_day":-0.022058778899971824,"backtest_best_day_abs":33.440757,"backtest_worst_day_abs":-7.77100338,"winning_days":7,"draw_days":35,"losing_days":1,"daily_profit":[["2025-10-11",5.27937486],["2025-10-12",33.440757],["2025-10-13",0.0],["2025-10-14",0.0],["2025-10-15",0.0],["2025-10-16",0.0],["2025-10-17",5.56727094],["2025-10-18",0.0],["2025-10-19",0.0],["2025-10-20",0.0],["2025-10-21",0.0],["2025-10-22",0.0],["2025-10-23",0.0],["2025-10-24",0.0],["2025-10-25",0.0],["2025-10-26",0.0],["2025-10-27",0.0],["2025-10-28",0.0],["2025-10-29",0.0],["2025-10-30",0.0],["2025-10-31",0.0],["2025-11-01",0.0],["2025-11-02",0.0],["2025-11-03",0.0],["2025-11-04",-7.77100338],["2025-11-05",3.00772666],["2025-11-06",0.0],["2025-11-07",0.0],["2025-11-08",0.0],["2025-11-09",0.0],["2025-11-10",0.0],["2025-11-11",0.0],["2025-11-12",0.0],["2025-11-13",0.0],["2025-11-14",0.0],["2025-11-15",4.17148074],["2025-11-16",0.0],["2025-11-17",0.0],["2025-11-18",0.0],["2025-11-19",0.0],["2025-11-20",0.0],["2025-11-21",5.30446504],["2025-11-22",0.40151344]],"wins":11,"losses":1,"draws":6,"winrate":0.6111111111111112,"holding_avg":"2:10:00","holding_avg_s":7800.0,"winner_holding_min":"0d 01:00","winner_holding_min_s":3600.0,"winner_holding_max":"0d 02:00","winner_holding_max_s":7200.0,"winner_holding_avg":"0d 01:49","winner_holding_avg_s":6540.0,"loser_holding_min":"0d 02:00","loser_holding_min_s":7200.0,"loser_holding_max":"0d 02:00","loser_holding_max_s":7200.0,"loser_holding_avg":"0d 02:00","loser_holding_avg_s":7200.0,"max_consecutive_wins":5,"max_consecutive_losses":3,"max_drawdown_account":0.0171255087626255,"max_relative_drawdown":0.0171255087626255,"max_drawdown_abs":17.90296432,"drawdown_start":"2025-11-04 11:00:00","drawdown_start_ts":1762254000000.0,"drawdown_end":"2025-11-04 17:00:00","drawdown_end_ts":1762275600000.0,"drawdown_duration":"0 days 06:00:00","drawdown_duration_s":21600.0,"max_drawdown_low":27.494551639999994,"max_drawdown_high":45.39751595999999,"csum_min":1005.27937486,"csum_max":1049.4015853}},"strategy_comparison":[{"key":"ACO_29_5","trades":18,"profit_mean":0.008196656874035996,"profit_mean_pct":0.82,"profit_total_abs":49.4015853,"profit_total":0.0494015853,"profit_total_pct":4.94,"duration_avg":"2:10:00","wins":11,"draws":6,"losses":1,"winrate":0.6111111111111112,"cagr":0.1989506355591133,"expectancy":2.744532516666667,"expectancy_ratio":-0.18003288165334763,"sortino":-100,"sharpe":1.3471857783663137,"calmar":56.81618921883651,"sqn":1.5668,"profit_factor":3.7594081302397417,"max_drawdown_account":0.0171255087626255,"max_drawdown_abs":"17.903"}]}