{"strategy":{"ACO_8_0":{"trades":[{"pair":"DOGE/USDT","stake_amount":329.92926,"max_stake_amount":329.92926,"amount":1689.0,"open_date":"2025-10-11 09:00:00+00:00","close_date":"2025-10-11 19:00:00+00:00","open_rate":0.19534,"close_rate":0.18558,"fee_open":0.001,"fee_close":0.001,"trade_duration":600,"profit_ratio":-0.05186233854197405,"profit_abs":-17.12801388,"exit_reason":"stop_loss","initial_stop_loss_abs":0.18558,"initial_stop_loss_ratio":-0.05,"stop_loss_abs":0.18558,"stop_loss_ratio":-0.05,"min_rate":0.18286,"max_rate":0.19776,"is_open":false,"enter_tag":"","leverage":1.0,"is_short":false,"open_timestamp":1760173200000,"close_timestamp":1760209200000,"orders":[{"amount":1689.0,"safe_price":0.19534,"ft_order_side":"buy","order_filled_timestamp":1760173200000,"ft_is_entry":true,"ft_order_tag":"","cost":330.25918925999997},{"amount":1689.0,"safe_price":0.18558,"ft_order_side":"sell","order_filled_timestamp":1760209200000,"ft_is_entry":false,"ft_order_tag":"stop_loss","cost":313.75806461999997}],"funding_fees":0.0,"weekday":5},{"pair":"DOGE/USDT","stake_amount":324.25974,"max_stake_amount":324.25974,"amount":1574.0,"open_date":"2025-10-15 09:00:00+00:00","close_date":"2025-10-15 20:00:00+00:00","open_rate":0.20601,"close_rate":0.19571,"fee_open":0.001,"fee_close":0.001,"trade_duration":660,"profit_ratio":-0.05189567968073865,"profit_abs":-16.84450728,"exit_reason":"stop_loss","initial_stop_loss_abs":0.19571,"initial_stop_loss_ratio":-0.05,"stop_loss_abs":0.19571,"stop_loss_ratio":-0.05,"min_rate":0.1942,"max_rate":0.20601,"is_open":false,"enter_tag":"","leverage":1.0,"is_short":false,"open_timestamp":1760518800000,"close_timestamp":1760558400000,"orders":[{"amount":1574.0,"safe_price":0.20601,"ft_order_side":"buy","order_filled_timestamp":1760518800000,"ft_is_entry":true,"ft_order_tag":"","cost":324.58399973999997},{"amount":1574.0,"safe_price":0.19571,"ft_order_side":"sell","order_filled_timestamp":1760558400000,"ft_is_entry":false,"ft_order_tag":"stop_loss","cost":308.35558753999993}],"funding_fees":0.0,"weekday":2},{"pair":"DOGE/USDT","stake_amount":318.63,"max_stake_amount":318.63,"amount":1677.0,"open_date":"2025-10-18 18:00:00+00:00","close_date":"2025-10-19 03:00:00+00:00","open_rate":0.19,"close_rate":0.19038038038038035,"fee_open":0.001,"fee_close":0.001,"trade_duration":540,"profit_ratio":0.0,"profit_abs":0.0,"exit_reason":"roi","initial_stop_loss_abs":0.1805,"initial_stop_loss_ratio":-0.05,"stop_loss_abs":0.1805,"stop_loss_ratio":-0.05,"min_rate":0.18777,"max_rate":0.19078,"is_open":false,"enter_tag":"","leverage":1.0,"is_short":false,"open_timestamp":1760810400000,"close_timestamp":1760842800000,"orders":[{"amount":1677.0,"safe_price":0.19,"ft_order_side":"buy","order_filled_timestamp":1760810400000,"ft_is_entry":true,"ft_order_tag":"","cost":318.94863},{"amount":1677.0,"safe_price":0.19038038038038035,"ft_order_side":"sell","order_filled_timestamp":1760842800000,"ft_is_entry":false,"ft_order_tag":"roi","cost":319.5871657957957}],"funding_fees":0.0,"weekday":6},{"pair":"DOGE/USDT","stake_amount":318.6356,"max_stake_amount":318.6356,"amount":1640.0,"open_date":"2025-10-19 11:00:00+00:00","close_date":"2025-10-19 13:00:00+00:00","open_rate":0.19429,"close_rate":0.19467896896896894,"fee_open":0.001,"fee_close":0.001,"trade_duration":120,"profit_ratio":0.0,"profit_abs":0.0,"exit_reason":"roi","initial_stop_loss_abs":0.18458,"initial_stop_loss_ratio":-0.05,"stop_loss_abs":0.18458,"stop_loss_ratio":-0.05,"min_rate":0.19259,"max_rate":0.19805,"is_open":false,"enter_tag":"","leverage":1.0,"is_short":false,"open_timestamp":1760871600000,"close_timestamp":1760878800000,"orders":[{"amount":1640.0,"safe_price":0.19429,"ft_order_side":"buy","order_filled_timestamp":1760871600000,"ft_is_entry":true,"ft_order_tag":"","cost":318.9542356},{"amount":1640.0,"safe_price":0.19467896896896894,"ft_order_side":"sell","order_filled_timestamp":1760878800000,"ft_is_entry":false,"ft_order_tag":"roi","cost":319.5927826182181}],"funding_fees":0.0,"weekday":6},{"pair":"DOGE/USDT","stake_amount":318.72,"max_stake_amount":318.72,"amount":1600.0,"open_date":"2025-10-20 04:00:00+00:00","close_date":"2025-10-20 06:00:00+00:00","open_rate":0.1992,"close_rate":0.20135,"fee_open":0.001,"fee_close":0.001,"trade_duration":120,"profit_ratio":0.008773605912160129,"profit_abs":2.79912,"exit_reason":"roi","initial_stop_loss_abs":0.18924,"initial_stop_loss_ratio":-0.05,"stop_loss_abs":0.18924,"stop_loss_ratio":-0.05,"min_rate":0.1992,"max_rate":0.20249,"is_open":false,"enter_tag":"","leverage":1.0,"is_short":false,"open_timestamp":1760932800000,"close_timestamp":1760940000000,"orders":[{"amount":1600.0,"safe_price":0.1992,"ft_order_side":"buy","order_filled_timestamp":1760932800000,"ft_is_entry":true,"ft_order_tag":"","cost":319.03871999999996},{"amount":1600.0,"safe_price":0.20135,"ft_order_side":"sell","order_filled_timestamp":1760940000000,"ft_is_entry":false,"ft_order_tag":"roi","cost":322.48215999999996}],"funding_fees":0.0,"weekday":0},{"pair":"DOGE/USDT","stake_amount":319.6534,"max_stake_amount":319.6534,"amount":1705.0,"open_date":"2025-10-31 20:00:00+00:00","close_date":"2025-11-01 09:00:00+00:00","open_rate":0.18748,"close_rate":0.18785533533533533,"fee_open":0.001,"fee_close":0.001,"trade_duration":780,"profit_ratio":0.0,"profit_abs":0.0,"exit_reason":"roi","initial_stop_loss_abs":0.17811,"initial_stop_loss_ratio":-0.05,"stop_loss_abs":0.17811,"stop_loss_ratio":-0.05,"min_rate":0.18512,"max_rate":0.188,"is_open":false,"enter_tag":"","leverage":1.0,"is_short":false,"open_timestamp":1761940800000,"close_timestamp":1761987600000,"orders":[{"amount":1705.0,"safe_price":0.18748,"ft_order_side":"buy","order_filled_timestamp":1761940800000,"ft_is_entry":true,"ft_order_tag":"","cost":319.9730534},{"amount":1705.0,"safe_price":0.18785533533533533,"ft_order_side":"sell","order_filled_timestamp":1761987600000,"ft_is_entry":false,"ft_order_tag":"roi","cost":320.6136400934935}],"funding_fees":0.0,"weekday":5},{"pair":"DOGE/USDT","stake_amount":319.61088,"max_stake_amount":319.61088,"amount":1734.0,"open_date":"2025-11-10 10:00:00+00:00","close_date":"2025-11-11 01:00:00+00:00","open_rate":0.18432,"close_rate":0.184689009009009,"fee_open":0.001,"fee_close":0.001,"trade_duration":900,"profit_ratio":0.0,"profit_abs":0.0,"exit_reason":"roi","initial_stop_loss_abs":0.17511,"initial_stop_loss_ratio":-0.05,"stop_loss_abs":0.17511,"stop_loss_ratio":-0.05,"min_rate":0.17722,"max_rate":0.1864,"is_open":false,"enter_tag":"","leverage":1.0,"is_short":false,"open_timestamp":1762768800000,"close_timestamp":1762822800000,"orders":[{"amount":1734.0,"safe_price":0.18432,"ft_order_side":"buy","order_filled_timestamp":1762768800000,"ft_is_entry":true,"ft_order_tag":"","cost":319.93049088},{"amount":1734.0,"safe_price":0.184689009009009,"ft_order_side":"sell","order_filled_timestamp":1762822800000,"ft_is_entry":false,"ft_order_tag":"roi","cost":320.5709923632432}],"funding_fees":0.0,"weekday":1},{"pair":"DOGE/USDT","stake_amount":319.6476,"max_stake_amount":319.6476,"amount":1836.0,"open_date":"2025-11-12 09:00:00+00:00","close_date":"2025-11-12 11:00:00+00:00","open_rate":0.1741,"close_rate":0.1764,"fee_open":0.001,"fee_close":0.001,"trade_duration":120,"profit_ratio":0.011186401192145017,"profit_abs":3.579282,"exit_reason":"roi","initial_stop_loss_abs":0.1654,"initial_stop_loss_ratio":-0.05,"stop_loss_abs":0.1654,"stop_loss_ratio":-0.05,"min_rate":0.17404,"max_rate":0.17713,"is_open":false,"enter_tag":"","leverage":1.0,"is_short":false,"open_timestamp":1762938000000,"close_timestamp":1762945200000,"orders":[{"amount":1836.0,"safe_price":0.1741,"ft_order_side":"buy","order_filled_timestamp":1762938000000,"ft_is_entry":true,"ft_order_tag":"","cost":319.96724759999995},{"amount":1836.0,"safe_price":0.1764,"ft_order_side":"sell","order_filled_timestamp":1762945200000,"ft_is_entry":false,"ft_order_tag":"roi","cost":324.1942704}],"funding_fees":0.0,"weekday":2},{"pair":"DOGE/USDT","stake_amount":320.88687,"max_stake_amount":320.88687,"amount":1977.0,"open_date":"2025-11-17 15:00:00+00:00","close_date":"2025-11-17 18:00:00+00:00","open_rate":0.16231,"close_rate":0.1542,"fee_open":0.001,"fee_close":0.001,"trade_duration":180,"profit_ratio":-0.05186428382781041,"profit_abs":-16.65921027,"exit_reason":"stop_loss","initial_stop_loss_abs":0.1542,"initial_stop_loss_ratio":-0.05,"stop_loss_abs":0.1542,"stop_loss_ratio":-0.05,"min_rate":0.15372,"max_rate":0.16367,"is_open":false,"enter_tag":"","leverage":1.0,"is_short":false,"open_timestamp":1763391600000,"close_timestamp":1763402400000,"orders":[{"amount":1977.0,"safe_price":0.16231,"ft_order_side":"buy","order_filled_timestamp":1763391600000,"ft_is_entry":true,"ft_order_tag":"","cost":321.20775687},{"amount":1977.0,"safe_price":0.1542,"ft_order_side":"sell","order_filled_timestamp":1763402400000,"ft_is_entry":false,"ft_order_tag":"stop_loss","cost":305.1582534}],"funding_fees":0.0,"weekday":0},{"pair":"DOGE/USDT","stake_amount":315.25956,"max_stake_amount":315.25956,"amount":2142.0,"open_date":"2025-11-24 03:00:00+00:00","close_date":"2025-11-24 05:00:00+00:00","open_rate":0.14718,"close_rate":0.14747465465465465,"fee_open":0.001,"fee_close":0.001,"trade_duration":120,"profit_ratio":0.0,"profit_abs":0.0,"exit_reason":"roi","initial_stop_loss_abs":0.13983,"initial_stop_loss_ratio":-0.05,"stop_loss_abs":0.13983,"stop_loss_ratio":-0.05,"min_rate":0.14453,"max_rate":0.1489,"is_open":false,"enter_tag":"","leverage":1.0,"is_short":false,"open_timestamp":1763953200000,"close_timestamp":1763960400000,"orders":[{"amount":2142.0,"safe_price":0.14718,"ft_order_side":"buy","order_filled_timestamp":1763953200000,"ft_is_entry":true,"ft_order_tag":"","cost":315.57481956},{"amount":2142.0,"safe_price":0.14747465465465465,"ft_order_side":"sell","order_filled_timestamp":1763960400000,"ft_is_entry":false,"ft_order_tag":"roi","cost":316.2066009805405}],"funding_fees":0.0,"weekday":0},{"pair":"DOGE/USDT","stake_amount":315.32007,"max_stake_amount":315.32007,"amount":2111.0,"open_date":"2025-11-30 04:00:00+00:00","close_date":"2025-11-30 08:00:00+00:00","open_rate":0.14937,"close_rate":0.14966903903903903,"fee_open":0.001,"fee_close":0.001,"trade_duration":240,"profit_ratio":0.0,"profit_abs":0.0,"exit_reason":"roi","initial_stop_loss_abs":0.14191,"initial_stop_loss_ratio":-0.05,"stop_loss_abs":0.14191,"stop_loss_ratio":-0.05,"min_rate":0.14839,"max_rate":0.14988,"is_open":false,"enter_tag":"","leverage":1.0,"is_short":false,"open_timestamp":1764475200000,"close_timestamp":1764489600000,"orders":[{"amount":2111.0,"safe_price":0.14937,"ft_order_side":"buy","order_filled_timestamp":1764475200000,"ft_is_entry":true,"ft_order_tag":"","cost":315.63539006999997},{"amount":2111.0,"safe_price":0.14966903903903903,"ft_order_side":"sell","order_filled_timestamp":1764489600000,"ft_is_entry":false,"ft_order_tag":"roi","cost":316.26729275282275}],"funding_fees":0.0,"weekday":6},{"pair":"DOGE/USDT","stake_amount":315.28288,"max_stake_amount":315.28288,"amount":2083.0,"open_date":"2025-12-03 18:00:00+00:00","close_date":"2025-12-03 21:00:00+00:00","open_rate":0.15136,"close_rate":0.151663023023023,"fee_open":0.001,"fee_close":0.001,"trade_duration":180,"profit_ratio":0.0,"profit_abs":0.0,"exit_reason":"roi","initial_stop_loss_abs":0.1438,"initial_stop_loss_ratio":-0.05,"stop_loss_abs":0.1438,"stop_loss_ratio":-0.05,"min_rate":0.15014,"max_rate":0.15242,"is_open":false,"enter_tag":"","leverage":1.0,"is_short":false,"open_timestamp":1764784800000,"close_timestamp":1764795600000,"orders":[{"amount":2083.0,"safe_price":0.15136,"ft_order_side":"buy","order_filled_timestamp":1764784800000,"ft_is_entry":true,"ft_order_tag":"","cost":315.59816287999996},{"amount":2083.0,"safe_price":0.151663023023023,"ft_order_side":"sell","order_filled_timestamp":1764795600000,"ft_is_entry":false,"ft_order_tag":"roi","cost":316.22999103391385}],"funding_fees":0.0,"weekday":2},{"pair":"DOGE/USDT","stake_amount":315.3024,"max_stake_amount":315.3024,"amount":2240.0,"open_date":"2025-12-07 07:00:00+00:00","close_date":"2025-12-07 08:00:00+00:00","open_rate":0.14076,"close_rate":0.13949,"fee_open":0.001,"fee_close":0.001,"trade_duration":60,"profit_ratio":-0.011002424685289136,"profit_abs":-3.47256,"exit_reason":"exit_signal","initial_stop_loss_abs":0.13373,"initial_stop_loss_ratio":-0.05,"stop_loss_abs":0.13373,"stop_loss_ratio":-0.05,"min_rate":0.13904,"max_rate":0.14084,"is_open":false,"enter_tag":"","leverage":1.0,"is_short":false,"open_timestamp":1765090800000,"close_timestamp":1765094400000,"orders":[{"amount":2240.0,"safe_price":0.14076,"ft_order_side":"buy","order_filled_timestamp":1765090800000,"ft_is_entry":true,"ft_order_tag":"","cost":315.6177023999999},{"amount":2240.0,"safe_price":0.13949,"ft_order_side":"sell","order_filled_timestamp":1765094400000,"ft_is_entry":false,"ft_order_tag":"exit_signal","cost":312.7700576}],"funding_fees":0.0,"weekday":6},{"pair":"DOGE/USDT","stake_amount":314.13297,"max_stake_amount":314.13297,"amount":2229.0,"open_date":"2025-12-12 10:00:00+00:00","close_date":"2025-12-12 12:00:00+00:00","open_rate":0.14093,"close_rate":0.14121214214214212,"fee_open":0.001,"fee_close":0.001,"trade_duration":120,"profit_ratio":0.0,"profit_abs":0.0,"exit_reason":"roi","initial_stop_loss_abs":0.13389,"initial_stop_loss_ratio":-0.05,"stop_loss_abs":0.13389,"stop_loss_ratio":-0.05,"min_rate":0.14068,"max_rate":0.1414,"is_open":false,"enter_tag":"","leverage":1.0,"is_short":false,"open_timestamp":1765533600000,"close_timestamp":1765540800000,"orders":[{"amount":2229.0,"safe_price":0.14093,"ft_order_side":"buy","order_filled_timestamp":1765533600000,"ft_is_entry":true,"ft_order_tag":"","cost":314.44710296999995},{"amount":2229.0,"safe_price":0.14121214214214212,"ft_order_side":"sell","order_filled_timestamp":1765540800000,"ft_is_entry":false,"ft_order_tag":"roi","cost":315.0766266996696}],"funding_fees":0.0,"weekday":4},{"pair":"DOGE/USDT","stake_amount":314.22528,"max_stake_amount":314.22528,"amount":2448.0,"open_date":"2025-12-24 16:00:00+00:00","close_date":"2025-12-24 20:00:00+00:00","open_rate":0.12836,"close_rate":0.12861697697697697,"fee_open":0.001,"fee_close":0.001,"trade_duration":240,"profit_ratio":0.0,"profit_abs":0.0,"exit_reason":"roi","initial_stop_loss_abs":0.12195,"initial_stop_loss_ratio":-0.05,"stop_loss_abs":0.12195,"stop_loss_ratio":-0.05,"min_rate":0.12762,"max_rate":0.12946,"is_open":false,"enter_tag":"","leverage":1.0,"is_short":false,"open_timestamp":1766592000000,"close_timestamp":1766606400000,"orders":[{"amount":2448.0,"safe_price":0.12836,"ft_order_side":"buy","order_filled_timestamp":1766592000000,"ft_is_entry":true,"ft_order_tag":"","cost":314.53950527999996},{"amount":2448.0,"safe_price":0.12861697697697697,"ft_order_side":"sell","order_filled_timestamp":1766606400000,"ft_is_entry":false,"ft_order_tag":"roi","cost":315.1692139992792}],"funding_fees":0.0,"weekday":2},{"pair":"DOGE/USDT","stake_amount":314.18116,"max_stake_amount":314.18116,"amount":2551.0,"open_date":"2025-12-31 06:00:00+00:00","close_date":"2025-12-31 08:00:00+00:00","open_rate":0.12316,"close_rate":0.12340656656656655,"fee_open":0.001,"fee_close":0.001,"trade_duration":120,"profit_ratio":0.0,"profit_abs":0.0,"exit_reason":"roi","initial_stop_loss_abs":0.11701,"initial_stop_loss_ratio":-0.05,"stop_loss_abs":0.11701,"stop_loss_ratio":-0.05,"min_rate":0.12289,"max_rate":0.1237,"is_open":false,"enter_tag":"","leverage":1.0,"is_short":false,"open_timestamp":1767160800000,"close_timestamp":1767168000000,"orders":[{"amount":2551.0,"safe_price":0.12316,"ft_order_side":"buy","order_filled_timestamp":1767160800000,"ft_is_entry":true,"ft_order_tag":"","cost":314.49534116},{"amount":2551.0,"safe_price":0.12340656656656655,"ft_order_side":"sell","order_filled_timestamp":1767168000000,"ft_is_entry":false,"ft_order_tag":"roi","cost":315.1249614626226}],"funding_fees":0.0,"weekday":2}],"locks":[],"best_pair":{"key":"DOGE/USDT","trades":16,"profit_mean":-0.009166544976969193,"profit_mean_pct":-0.92,"profit_total_abs":-47.72588943,"profit_total":-0.04772588943,"profit_total_pct":-4.77,"duration_avg":"5:19:00","wins":2,"draws":10,"losses":4,"winrate":0.125,"cagr":-0.1680758547101936,"expectancy":-2.982868089375,"expectancy_ratio":-0.8455272824418542,"sortino":-1.6187953112799776,"sharpe":-1.377578177681663,"calmar":-19.695848633549257,"sqn":-1.693,"profit_factor":0.11789087023258331,"max_drawdown_account":0.04772588943000005,"max_drawdown_abs":47.72588943},"worst_pair":{"key":"DOGE/USDT","trades":16,"profit_mean":-0.009166544976969193,"profit_mean_pct":-0.92,"profit_total_abs":-47.72588943,"profit_total":-0.04772588943,"profit_total_pct":-4.77,"duration_avg":"5:19:00","wins":2,"draws":10,"losses":4,"winrate":0.125,"cagr":-0.1680758547101936,"expectancy":-2.982868089375,"expectancy_ratio":-0.8455272824418542,"sortino":-1.6187953112799776,"sharpe":-1.377578177681663,"calmar":-19.695848633549257,"sqn":-1.693,"profit_factor":0.11789087023258331,"max_drawdown_account":0.04772588943000005,"max_drawdown_abs":47.72588943},"results_per_pair":[{"key":"DOGE/USDT","trades":16,"profit_mean":-0.009166544976969193,"profit_mean_pct":-0.92,"profit_total_abs":-47.72588943,"profit_total":-0.04772588943,"profit_total_pct":-4.77,"duration_avg":"5:19:00","wins":2,"draws":10,"losses":4,"winrate":0.125,"cagr":-0.1680758547101936,"expectancy":-2.982868089375,"expectancy_ratio":-0.8455272824418542,"sortino":-1.6187953112799776,"sharpe":-1.377578177681663,"calmar":-19.695848633549257,"sqn":-1.693,"profit_factor":0.11789087023258331,"max_drawdown_account":0.04772588943000005,"max_drawdown_abs":47.72588943},{"key":"TOTAL","trades":16,"profit_mean":-0.009166544976969193,"profit_mean_pct":-0.92,"profit_total_abs":-47.72588943,"profit_total":-0.04772588943,"profit_total_pct":-4.77,"duration_avg":"5:19:00","wins":2,"draws":10,"losses":4,"winrate":0.125,"cagr":-0.1680758547101936,"expectancy":-2.982868089375,"expectancy_ratio":-0.8455272824418542,"sortino":-1.6187953112799776,"sharpe":-1.377578177681663,"calmar":-19.695848633549257,"sqn":-1.693,"profit_factor":0.11789087023258331,"max_drawdown_account":0.04772588943000005,"max_drawdown_abs":47.72588943}],"results_per_enter_tag":[{"key":"","trades":16,"profit_mean":-0.009166544976969193,"profit_mean_pct":-0.92,"profit_total_abs":-47.72588943,"profit_total":-0.04772588943,"profit_total_pct":-4.77,"duration_avg":"5:19:00","wins":2,"draws":10,"losses":4,"winrate":0.125,"cagr":-0.1680758547101936,"expectancy":-2.982868089375,"expectancy_ratio":-0.8455272824418542,"sortino":-1.6187953112799776,"sharpe":-1.377578177681663,"calmar":-19.695848633549257,"sqn":-1.693,"profit_factor":0.11789087023258331,"max_drawdown_account":0.04772588943000005,"max_drawdown_abs":47.72588943},{"key":"TOTAL","trades":16,"profit_mean":-0.009166544976969193,"profit_mean_pct":-0.92,"profit_total_abs":-47.72588943,"profit_total":-0.04772588943,"profit_total_pct":-4.77,"duration_avg":"5:19:00","wins":2,"draws":10,"losses":4,"winrate":0.125,"cagr":-0.1680758547101936,"expectancy":-2.982868089375,"expectancy_ratio":-0.8455272824418542,"sortino":-1.6187953112799776,"sharpe":-1.377578177681663,"calmar":-19.695848633549257,"sqn":-1.693,"profit_factor":0.11789087023258331,"max_drawdown_account":0.04772588943000005,"max_drawdown_abs":47.72588943}],"exit_reason_summary":[{"key":"roi","trades":12,"profit_mean":0.0016633339253587622,"profit_mean_pct":0.17,"profit_total_abs":6.3784019999999995,"profit_total":0.006378401999999999,"profit_total_pct":0.64,"duration_avg":"5:00:00","wins":2,"draws":10,"losses":0,"winrate":0.16666666666666666,"cagr":0.02421348125755074,"expectancy":0.5315334999999999,"expectancy_ratio":100.0,"sortino":-100,"sharpe":1.0476281668444178,"calmar":-100,"sqn":1.4701,"profit_factor":0.0,"max_drawdown_account":0.0,"max_drawdown_abs":0.0},{"key":"exit_signal","trades":1,"profit_mean":-0.011002424685289136,"profit_mean_pct":-1.1,"profit_total_abs":-3.47256,"profit_total":-0.00347256,"profit_total_pct":-0.35,"duration_avg":"1:00:00","wins":0,"draws":0,"losses":1,"winrate":0.0,"cagr":-0.013004293742121531,"expectancy":-3.47256,"expectancy_ratio":-1.0,"sortino":-100,"sharpe":-100,"calmar":-19.695848633549026,"sqn":-100.0,"profit_factor":0.0,"max_drawdown_account":0.003472560000000044,"max_drawdown_abs":3.47256},{"key":"stop_loss","trades":3,"profit_mean":-0.0518741006835077,"profit_mean_pct":-5.19,"profit_total_abs":-50.63173143,"profit_total":-0.05063173143,"profit_total_pct":-5.06,"duration_avg":"8:00:00","wins":0,"draws":0,"losses":3,"winrate":0.0,"cagr":-0.1775881113886829,"expectancy":-16.87724381,"expectancy_ratio":-1.0,"sortino":-51.72834590240151,"sharpe":-51.72834590240151,"calmar":-19.695848633549296,"sqn":-123.8077,"profit_factor":0.0,"max_drawdown_account":0.050631731429999945,"max_drawdown_abs":50.63173143},{"key":"TOTAL","trades":16,"profit_mean":-0.009166544976969193,"profit_mean_pct":-0.92,"profit_total_abs":-47.72588943,"profit_total":-0.04772588943,"profit_total_pct":-4.77,"duration_avg":"5:19:00","wins":2,"draws":10,"losses":4,"winrate":0.125,"cagr":-0.1680758547101936,"expectancy":-2.982868089375,"expectancy_ratio":-0.8455272824418542,"sortino":-1.6187953112799776,"sharpe":-1.377578177681663,"calmar":-19.695848633549257,"sqn":-1.693,"profit_factor":0.11789087023258331,"max_drawdown_account":0.04772588943000005,"max_drawdown_abs":47.72588943}],"mix_tag_stats":[{"key":["","roi"],"trades":12,"profit_mean":0.0016633339253587622,"profit_mean_pct":0.17,"profit_total_abs":6.3784019999999995,"profit_total":0.006378401999999999,"profit_total_pct":0.64,"duration_avg":"5:00:00","wins":2,"draws":10,"losses":0,"winrate":0.16666666666666666,"cagr":0.02421348125755074,"expectancy":0.5315334999999999,"expectancy_ratio":100.0,"sortino":-100,"sharpe":1.0476281668444178,"calmar":-100,"sqn":1.4701,"profit_factor":0.0,"max_drawdown_account":0.0,"max_drawdown_abs":0.0},{"key":["","exit_signal"],"trades":1,"profit_mean":-0.011002424685289136,"profit_mean_pct":-1.1,"profit_total_abs":-3.47256,"profit_total":-0.00347256,"profit_total_pct":-0.35,"duration_avg":"1:00:00","wins":0,"draws":0,"losses":1,"winrate":0.0,"cagr":-0.013004293742121531,"expectancy":-3.47256,"expectancy_ratio":-1.0,"sortino":-100,"sharpe":-100,"calmar":-19.695848633549026,"sqn":-100.0,"profit_factor":0.0,"max_drawdown_account":0.003472560000000044,"max_drawdown_abs":3.47256},{"key":["","stop_loss"],"trades":3,"profit_mean":-0.0518741006835077,"profit_mean_pct":-5.19,"profit_total_abs":-50.63173143,"profit_total":-0.05063173143,"profit_total_pct":-5.06,"duration_avg":"8:00:00","wins":0,"draws":0,"losses":3,"winrate":0.0,"cagr":-0.1775881113886829,"expectancy":-16.87724381,"expectancy_ratio":-1.0,"sortino":-51.72834590240151,"sharpe":-51.72834590240151,"calmar":-19.695848633549296,"sqn":-123.8077,"profit_factor":0.0,"max_drawdown_account":0.050631731429999945,"max_drawdown_abs":50.63173143},{"key":"TOTAL","trades":16,"profit_mean":-0.009166544976969193,"profit_mean_pct":-0.92,"profit_total_abs":-47.72588943,"profit_total":-0.04772588943,"profit_total_pct":-4.77,"duration_avg":"5:19:00","wins":2,"draws":10,"losses":4,"winrate":0.125,"cagr":-0.1680758547101936,"expectancy":-2.982868089375,"expectancy_ratio":-0.8455272824418542,"sortino":-1.6187953112799776,"sharpe":-1.377578177681663,"calmar":-19.695848633549257,"sqn":-1.693,"profit_factor":0.11789087023258331,"max_drawdown_account":0.04772588943000005,"max_drawdown_abs":47.72588943}],"left_open_trades":[{"key":"TOTAL","trades":0,"profit_mean":0.0,"profit_mean_pct":0.0,"profit_total_abs":0.0,"profit_total":0.0,"profit_total_pct":0.0,"duration_avg":"0:00","wins":0,"draws":0,"losses":0,"winrate":0.0,"cagr":0.0,"expectancy":0.0,"expectancy_ratio":100.0,"sortino":0,"sharpe":0,"calmar":0,"sqn":0.0,"profit_factor":0.0,"max_drawdown_account":0.0,"max_drawdown_abs":0.0}],"total_trades":16,"trade_count_long":16,"trade_count_short":0,"total_volume":10159.929009029598,"avg_stake_amount":318.35485437500006,"profit_mean":-0.009166544976969193,"profit_median":0.0,"profit_total":-0.04772588943,"profit_total_long":-0.04772588943,"profit_total_short":0.0,"profit_total_abs":-47.72588943,"profit_total_long_abs":-47.72588943,"profit_total_short_abs":0.0,"cagr":-0.1680758547101936,"expectancy":-2.982868089375,"expectancy_ratio":-0.8455272824418542,"sortino":-1.6187953112799776,"sharpe":-1.377578177681663,"calmar":-19.695848633549257,"sqn":-1.693,"profit_factor":0.11789087023258331,"backtest_start":"2025-10-01 00:00:00","backtest_start_ts":1759276800000,"backtest_end":"2026-01-06 20:00:00","backtest_end_ts":1767729600000,"backtest_days":97,"backtest_run_start_ts":1767748998,"backtest_run_end_ts":1767748999,"trades_per_day":0.16,"market_change":-0.36632086436227446,"pairlist":["DOGE/USDT"],"stake_amount":"unlimited","stake_currency":"USDT","stake_currency_decimals":3,"starting_balance":1000,"dry_run_wallet":1000,"final_balance":952.27411057,"rejected_signals":0,"timedout_entry_orders":0,"timedout_exit_orders":0,"canceled_trade_entries":0,"canceled_entry_orders":0,"replaced_entry_orders":0,"max_open_trades":1,"max_open_trades_setting":3,"timeframe":"1h","timeframe_detail":"","timerange":"20251001-","enable_protections":false,"strategy_name":"ACO_8_0","freqaimodel":null,"freqai_identifier":null,"stoploss":-0.05,"trailing_stop":false,"trailing_stop_positive":null,"trailing_stop_positive_offset":0.0,"trailing_only_offset_is_reached":false,"use_custom_stoploss":false,"minimal_roi":{"0":0.1,"60":0.05,"120":0.0},"use_exit_signal":true,"exit_profit_only":false,"exit_profit_offset":0.0,"ignore_roi_if_entry_signal":false,"trading_mode":"spot","margin_mode":"","periodic_breakdown":{"day":[{"date":"11/10/2025","date_ts":1760140800000,"profit_abs":-17.12801388,"wins":0,"draws":0,"losses":1,"trades":1,"profit_factor":0.0},{"date":"12/10/2025","date_ts":1760227200000,"profit_abs":0.0,"wins":0,"draws":0,"losses":0,"trades":0,"profit_factor":0.0},{"date":"13/10/2025","date_ts":1760313600000,"profit_abs":0.0,"wins":0,"draws":0,"losses":0,"trades":0,"profit_factor":0.0},{"date":"14/10/2025","date_ts":1760400000000,"profit_abs":0.0,"wins":0,"draws":0,"losses":0,"trades":0,"profit_factor":0.0},{"date":"15/10/2025","date_ts":1760486400000,"profit_abs":-16.84450728,"wins":0,"draws":0,"losses":1,"trades":1,"profit_factor":0.0},{"date":"16/10/2025","date_ts":1760572800000,"profit_abs":0.0,"wins":0,"draws":0,"losses":0,"trades":0,"profit_factor":0.0},{"date":"17/10/2025","date_ts":1760659200000,"profit_abs":0.0,"wins":0,"draws":0,"losses":0,"trades":0,"profit_factor":0.0},{"date":"18/10/2025","date_ts":1760745600000,"profit_abs":0.0,"wins":0,"draws":0,"losses":0,"trades":0,"profit_factor":0.0},{"date":"19/10/2025","date_ts":1760832000000,"profit_abs":0.0,"wins":0,"draws":2,"losses":0,"trades":2,"profit_factor":0.0},{"date":"20/10/2025","date_ts":1760918400000,"profit_abs":2.79912,"wins":1,"draws":0,"losses":0,"trades":1,"profit_factor":0.0},{"date":"21/10/2025","date_ts":1761004800000,"profit_abs":0.0,"wins":0,"draws":0,"losses":0,"trades":0,"profit_factor":0.0},{"date":"22/10/2025","date_ts":1761091200000,"profit_abs":0.0,"wins":0,"draws":0,"losses":0,"trades":0,"profit_factor":0.0},{"date":"23/10/2025","date_ts":1761177600000,"profit_abs":0.0,"wins":0,"draws":0,"losses":0,"trades":0,"profit_factor":0.0},{"date":"24/10/2025","date_ts":1761264000000,"profit_abs":0.0,"wins":0,"draws":0,"losses":0,"trades":0,"profit_factor":0.0},{"date":"25/10/2025","date_ts":1761350400000,"profit_abs":0.0,"wins":0,"draws":0,"losses":0,"trades":0,"profit_factor":0.0},{"date":"26/10/2025","date_ts":1761436800000,"profit_abs":0.0,"wins":0,"draws":0,"losses":0,"trades":0,"profit_factor":0.0},{"date":"27/10/2025","date_ts":1761523200000,"profit_abs":0.0,"wins":0,"draws":0,"losses":0,"trades":0,"profit_factor":0.0},{"date":"28/10/2025","date_ts":1761609600000,"profit_abs":0.0,"wins":0,"draws":0,"losses":0,"trades":0,"profit_factor":0.0},{"date":"29/10/2025","date_ts":1761696000000,"profit_abs":0.0,"wins":0,"draws":0,"losses":0,"trades":0,"profit_factor":0.0},{"date":"30/10/2025","date_ts":1761782400000,"profit_abs":0.0,"wins":0,"draws":0,"losses":0,"trades":0,"profit_factor":0.0},{"date":"31/10/2025","date_ts":1761868800000,"profit_abs":0.0,"wins":0,"draws":0,"losses":0,"trades":0,"profit_factor":0.0},{"date":"01/11/2025","date_ts":1761955200000,"profit_abs":0.0,"wins":0,"draws":1,"losses":0,"trades":1,"profit_factor":0.0},{"date":"02/11/2025","date_ts":1762041600000,"profit_abs":0.0,"wins":0,"draws":0,"losses":0,"trades":0,"profit_factor":0.0},{"date":"03/11/2025","date_ts":1762128000000,"profit_abs":0.0,"wins":0,"draws":0,"losses":0,"trades":0,"profit_factor":0.0},{"date":"04/11/2025","date_ts":1762214400000,"profit_abs":0.0,"wins":0,"draws":0,"losses":0,"trades":0,"profit_factor":0.0},{"date":"05/11/2025","date_ts":1762300800000,"profit_abs":0.0,"wins":0,"draws":0,"losses":0,"trades":0,"profit_factor":0.0},{"date":"06/11/2025","date_ts":1762387200000,"profit_abs":0.0,"wins":0,"draws":0,"losses":0,"trades":0,"profit_factor":0.0},{"date":"07/11/2025","date_ts":1762473600000,"profit_abs":0.0,"wins":0,"draws":0,"losses":0,"trades":0,"profit_factor":0.0},{"date":"08/11/2025","date_ts":1762560000000,"profit_abs":0.0,"wins":0,"draws":0,"losses":0,"trades":0,"profit_factor":0.0},{"date":"09/11/2025","date_ts":1762646400000,"profit_abs":0.0,"wins":0,"draws":0,"losses":0,"trades":0,"profit_factor":0.0},{"date":"10/11/2025","date_ts":1762732800000,"profit_abs":0.0,"wins":0,"draws":0,"losses":0,"trades":0,"profit_factor":0.0},{"date":"11/11/2025","date_ts":1762819200000,"profit_abs":0.0,"wins":0,"draws":1,"losses":0,"trades":1,"profit_factor":0.0},{"date":"12/11/2025","date_ts":1762905600000,"profit_abs":3.579282,"wins":1,"draws":0,"losses":0,"trades":1,"profit_factor":0.0},{"date":"13/11/2025","date_ts":1762992000000,"profit_abs":0.0,"wins":0,"draws":0,"losses":0,"trades":0,"profit_factor":0.0},{"date":"14/11/2025","date_ts":1763078400000,"profit_abs":0.0,"wins":0,"draws":0,"losses":0,"trades":0,"profit_factor":0.0},{"date":"15/11/2025","date_ts":1763164800000,"profit_abs":0.0,"wins":0,"draws":0,"losses":0,"trades":0,"profit_factor":0.0},{"date":"16/11/2025","date_ts":1763251200000,"profit_abs":0.0,"wins":0,"draws":0,"losses":0,"trades":0,"profit_factor":0.0},{"date":"17/11/2025","date_ts":1763337600000,"profit_abs":-16.65921027,"wins":0,"draws":0,"losses":1,"trades":1,"profit_factor":0.0},{"date":"18/11/2025","date_ts":1763424000000,"profit_abs":0.0,"wins":0,"draws":0,"losses":0,"trades":0,"profit_factor":0.0},{"date":"19/11/2025","date_ts":1763510400000,"profit_abs":0.0,"wins":0,"draws":0,"losses":0,"trades":0,"profit_factor":0.0},{"date":"20/11/2025","date_ts":1763596800000,"profit_abs":0.0,"wins":0,"draws":0,"losses":0,"trades":0,"profit_factor":0.0},{"date":"21/11/2025","date_ts":1763683200000,"profit_abs":0.0,"wins":0,"draws":0,"losses":0,"trades":0,"profit_factor":0.0},{"date":"22/11/2025","date_ts":1763769600000,"profit_abs":0.0,"wins":0,"draws":0,"losses":0,"trades":0,"profit_factor":0.0},{"date":"23/11/2025","date_ts":1763856000000,"profit_abs":0.0,"wins":0,"draws":0,"losses":0,"trades":0,"profit_factor":0.0},{"date":"24/11/2025","date_ts":1763942400000,"profit_abs":0.0,"wins":0,"draws":1,"losses":0,"trades":1,"profit_factor":0.0},{"date":"25/11/2025","date_ts":1764028800000,"profit_abs":0.0,"wins":0,"draws":0,"losses":0,"trades":0,"profit_factor":0.0},{"date":"26/11/2025","date_ts":1764115200000,"profit_abs":0.0,"wins":0,"draws":0,"losses":0,"trades":0,"profit_factor":0.0},{"date":"27/11/2025","date_ts":1764201600000,"profit_abs":0.0,"wins":0,"draws":0,"losses":0,"trades":0,"profit_factor":0.0},{"date":"28/11/2025","date_ts":1764288000000,"profit_abs":0.0,"wins":0,"draws":0,"losses":0,"trades":0,"profit_factor":0.0},{"date":"29/11/2025","date_ts":1764374400000,"profit_abs":0.0,"wins":0,"draws":0,"losses":0,"trades":0,"profit_factor":0.0},{"date":"30/11/2025","date_ts":1764460800000,"profit_abs":0.0,"wins":0,"draws":1,"losses":0,"trades":1,"profit_factor":0.0},{"date":"01/12/2025","date_ts":1764547200000,"profit_abs":0.0,"wins":0,"draws":0,"losses":0,"trades":0,"profit_factor":0.0},{"date":"02/12/2025","date_ts":1764633600000,"profit_abs":0.0,"wins":0,"draws":0,"losses":0,"trades":0,"profit_factor":0.0},{"date":"03/12/2025","date_ts":1764720000000,"profit_abs":0.0,"wins":0,"draws":1,"losses":0,"trades":1,"profit_factor":0.0},{"date":"04/12/2025","date_ts":1764806400000,"profit_abs":0.0,"wins":0,"draws":0,"losses":0,"trades":0,"profit_factor":0.0},{"date":"05/12/2025","date_ts":1764892800000,"profit_abs":0.0,"wins":0,"draws":0,"losses":0,"trades":0,"profit_factor":0.0},{"date":"06/12/2025","date_ts":1764979200000,"profit_abs":0.0,"wins":0,"draws":0,"losses":0,"trades":0,"profit_factor":0.0},{"date":"07/12/2025","date_ts":1765065600000,"profit_abs":-3.47256,"wins":0,"draws":0,"losses":1,"trades":1,"profit_factor":0.0},{"date":"08/12/2025","date_ts":1765152000000,"profit_abs":0.0,"wins":0,"draws":0,"losses":0,"trades":0,"profit_factor":0.0},{"date":"09/12/2025","date_ts":1765238400000,"profit_abs":0.0,"wins":0,"draws":0,"losses":0,"trades":0,"profit_factor":0.0},{"date":"10/12/2025","date_ts":1765324800000,"profit_abs":0.0,"wins":0,"draws":0,"losses":0,"trades":0,"profit_factor":0.0},{"date":"11/12/2025","date_ts":1765411200000,"profit_abs":0.0,"wins":0,"draws":0,"losses":0,"trades":0,"profit_factor":0.0},{"date":"12/12/2025","date_ts":1765497600000,"profit_abs":0.0,"wins":0,"draws":1,"losses":0,"trades":1,"profit_factor":0.0},{"date":"13/12/2025","date_ts":1765584000000,"profit_abs":0.0,"wins":0,"draws":0,"losses":0,"trades":0,"profit_factor":0.0},{"date":"14/12/2025","date_ts":1765670400000,"profit_abs":0.0,"wins":0,"draws":0,"losses":0,"trades":0,"profit_factor":0.0},{"date":"15/12/2025","date_ts":1765756800000,"profit_abs":0.0,"wins":0,"draws":0,"losses":0,"trades":0,"profit_factor":0.0},{"date":"16/12/2025","date_ts":1765843200000,"profit_abs":0.0,"wins":0,"draws":0,"losses":0,"trades":0,"profit_factor":0.0},{"date":"17/12/2025","date_ts":1765929600000,"profit_abs":0.0,"wins":0,"draws":0,"losses":0,"trades":0,"profit_factor":0.0},{"date":"18/12/2025","date_ts":1766016000000,"profit_abs":0.0,"wins":0,"draws":0,"losses":0,"trades":0,"profit_factor":0.0},{"date":"19/12/2025","date_ts":1766102400000,"profit_abs":0.0,"wins":0,"draws":0,"losses":0,"trades":0,"profit_factor":0.0},{"date":"20/12/2025","date_ts":1766188800000,"profit_abs":0.0,"wins":0,"draws":0,"losses":0,"trades":0,"profit_factor":0.0},{"date":"21/12/2025","date_ts":1766275200000,"profit_abs":0.0,"wins":0,"draws":0,"losses":0,"trades":0,"profit_factor":0.0},{"date":"22/12/2025","date_ts":1766361600000,"profit_abs":0.0,"wins":0,"draws":0,"losses":0,"trades":0,"profit_factor":0.0},{"date":"23/12/2025","date_ts":1766448000000,"profit_abs":0.0,"wins":0,"draws":0,"losses":0,"trades":0,"profit_factor":0.0},{"date":"24/12/2025","date_ts":1766534400000,"profit_abs":0.0,"wins":0,"draws":1,"losses":0,"trades":1,"profit_factor":0.0},{"date":"25/12/2025","date_ts":1766620800000,"profit_abs":0.0,"wins":0,"draws":0,"losses":0,"trades":0,"profit_factor":0.0},{"date":"26/12/2025","date_ts":1766707200000,"profit_abs":0.0,"wins":0,"draws":0,"losses":0,"trades":0,"profit_factor":0.0},{"date":"27/12/2025","date_ts":1766793600000,"profit_abs":0.0,"wins":0,"draws":0,"losses":0,"trades":0,"profit_factor":0.0},{"date":"28/12/2025","date_ts":1766880000000,"profit_abs":0.0,"wins":0,"draws":0,"losses":0,"trades":0,"profit_factor":0.0},{"date":"29/12/2025","date_ts":1766966400000,"profit_abs":0.0,"wins":0,"draws":0,"losses":0,"trades":0,"profit_factor":0.0},{"date":"30/12/2025","date_ts":1767052800000,"profit_abs":0.0,"wins":0,"draws":0,"losses":0,"trades":0,"profit_factor":0.0},{"date":"31/12/2025","date_ts":1767139200000,"profit_abs":0.0,"wins":0,"draws":1,"losses":0,"trades":1,"profit_factor":0.0}],"week":[{"date":"13/10/2025","date_ts":1760313600000,"profit_abs":-17.12801388,"wins":0,"draws":0,"losses":1,"trades":1,"profit_factor":0.0},{"date":"20/10/2025","date_ts":1760918400000,"profit_abs":-14.04538728,"wins":1,"draws":2,"losses":1,"trades":4,"profit_factor":0.16617405},{"date":"27/10/2025","date_ts":1761523200000,"profit_abs":0.0,"wins":0,"draws":0,"losses":0,"trades":0,"profit_factor":0.0},{"date":"03/11/2025","date_ts":1762128000000,"profit_abs":0.0,"wins":0,"draws":1,"losses":0,"trades":1,"profit_factor":0.0},{"date":"10/11/2025","date_ts":1762732800000,"profit_abs":0.0,"wins":0,"draws":0,"losses":0,"trades":0,"profit_factor":0.0},{"date":"17/11/2025","date_ts":1763337600000,"profit_abs":-13.07992827,"wins":1,"draws":1,"losses":1,"trades":3,"profit_factor":0.21485304},{"date":"24/11/2025","date_ts":1763942400000,"profit_abs":0.0,"wins":0,"draws":1,"losses":0,"trades":1,"profit_factor":0.0},{"date":"01/12/2025","date_ts":1764547200000,"profit_abs":0.0,"wins":0,"draws":1,"losses":0,"trades":1,"profit_factor":0.0},{"date":"08/12/2025","date_ts":1765152000000,"profit_abs":-3.47256,"wins":0,"draws":1,"losses":1,"trades":2,"profit_factor":0.0},{"date":"15/12/2025","date_ts":1765756800000,"profit_abs":0.0,"wins":0,"draws":1,"losses":0,"trades":1,"profit_factor":0.0},{"date":"22/12/2025","date_ts":1766361600000,"profit_abs":0.0,"wins":0,"draws":0,"losses":0,"trades":0,"profit_factor":0.0},{"date":"29/12/2025","date_ts":1766966400000,"profit_abs":0.0,"wins":0,"draws":1,"losses":0,"trades":1,"profit_factor":0.0},{"date":"05/01/2026","date_ts":1767571200000,"profit_abs":0.0,"wins":0,"draws":1,"losses":0,"trades":1,"profit_factor":0.0}],"month":[{"date":"31/10/2025","date_ts":1761868800000,"profit_abs":-31.17340116,"wins":1,"draws":2,"losses":2,"trades":5,"profit_factor":0.08239365},{"date":"30/11/2025","date_ts":1764460800000,"profit_abs":-13.07992827,"wins":1,"draws":4,"losses":1,"trades":6,"profit_factor":0.21485304},{"date":"31/12/2025","date_ts":1767139200000,"profit_abs":-3.47256,"wins":0,"draws":4,"losses":1,"trades":5,"profit_factor":0.0}],"year":[{"date":"31/12/2025","date_ts":1767139200000,"profit_abs":-47.72588943,"wins":2,"draws":10,"losses":4,"trades":16,"profit_factor":0.11789087}],"weekday":[{"date":"Monday","date_ts":0,"profit_abs":-13.86009027,"wins":1,"draws":1,"losses":1,"trades":3,"profit_factor":0.16802237},{"date":"Tuesday","date_ts":1,"profit_abs":0.0,"wins":0,"draws":1,"losses":0,"trades":1,"profit_factor":0.0},{"date":"Wednesday","date_ts":2,"profit_abs":-13.26522528,"wins":1,"draws":3,"losses":1,"trades":5,"profit_factor":0.21248956},{"date":"Friday","date_ts":4,"profit_abs":0.0,"wins":0,"draws":1,"losses":0,"trades":1,"profit_factor":0.0},{"date":"Saturday","date_ts":5,"profit_abs":-17.12801388,"wins":0,"draws":1,"losses":1,"trades":2,"profit_factor":0.0},{"date":"Sunday","date_ts":6,"profit_abs":-3.47256,"wins":0,"draws":3,"losses":1,"trades":4,"profit_factor":0.0}]},"backtest_best_day":0.011186401192145017,"backtest_worst_day":-0.05189567968073865,"backtest_best_day_abs":3.579282,"backtest_worst_day_abs":-17.12801388,"winning_days":2,"draw_days":76,"losing_days":4,"daily_profit":[["2025-10-11",-17.12801388],["2025-10-12",0.0],["2025-10-13",0.0],["2025-10-14",0.0],["2025-10-15",-16.84450728],["2025-10-16",0.0],["2025-10-17",0.0],["2025-10-18",0.0],["2025-10-19",0.0],["2025-10-20",2.79912],["2025-10-21",0.0],["2025-10-22",0.0],["2025-10-23",0.0],["2025-10-24",0.0],["2025-10-25",0.0],["2025-10-26",0.0],["2025-10-27",0.0],["2025-10-28",0.0],["2025-10-29",0.0],["2025-10-30",0.0],["2025-10-31",0.0],["2025-11-01",0.0],["2025-11-02",0.0],["2025-11-03",0.0],["2025-11-04",0.0],["2025-11-05",0.0],["2025-11-06",0.0],["2025-11-07",0.0],["2025-11-08",0.0],["2025-11-09",0.0],["2025-11-10",0.0],["2025-11-11",0.0],["2025-11-12",3.579282],["2025-11-13",0.0],["2025-11-14",0.0],["2025-11-15",0.0],["2025-11-16",0.0],["2025-11-17",-16.65921027],["2025-11-18",0.0],["2025-11-19",0.0],["2025-11-20",0.0],["2025-11-21",0.0],["2025-11-22",0.0],["2025-11-23",0.0],["2025-11-24",0.0],["2025-11-25",0.0],["2025-11-26",0.0],["2025-11-27",0.0],["2025-11-28",0.0],["2025-11-29",0.0],["2025-11-30",0.0],["2025-12-01",0.0],["2025-12-02",0.0],["2025-12-03",0.0],["2025-12-04",0.0],["2025-12-05",0.0],["2025-12-06",0.0],["2025-12-07",-3.47256],["2025-12-08",0.0],["2025-12-09",0.0],["2025-12-10",0.0],["2025-12-11",0.0],["2025-12-12",0.0],["2025-12-13",0.0],["2025-12-14",0.0],["2025-12-15",0.0],["2025-12-16",0.0],["2025-12-17",0.0],["2025-12-18",0.0],["2025-12-19",0.0],["2025-12-20",0.0],["2025-12-21",0.0],["2025-12-22",0.0],["2025-12-23",0.0],["2025-12-24",0.0],["2025-12-25",0.0],["2025-12-26",0.0],["2025-12-27",0.0],["2025-12-28",0.0],["2025-12-29",0.0],["2025-12-30",0.0],["2025-12-31",0.0]],"wins":2,"losses":4,"draws":10,"winrate":0.125,"holding_avg":"5:19:00","holding_avg_s":19140.0,"winner_holding_min":"0d 02:00","winner_holding_min_s":7200.0,"winner_holding_max":"0d 02:00","winner_holding_max_s":7200.0,"winner_holding_avg":"0d 02:00","winner_holding_avg_s":7200.0,"loser_holding_min":"0d 01:00","loser_holding_min_s":3600.0,"loser_holding_max":"0d 11:00","loser_holding_max_s":39600.0,"loser_holding_avg":"0d 06:15","loser_holding_avg_s":22500.0,"max_consecutive_wins":1,"max_consecutive_losses":8,"max_drawdown_account":0.04772588943000005,"max_relative_drawdown":0.04772588943000005,"max_drawdown_abs":47.72588943,"drawdown_start":"2025-10-11 19:00:00","drawdown_start_ts":1760209200000.0,"drawdown_end":"2025-12-07 08:00:00","drawdown_end_ts":1765094400000.0,"drawdown_duration":"56 days 13:00:00","drawdown_duration_s":4885200.0,"max_drawdown_low":-47.72588943,"max_drawdown_high":0.0,"csum_min":952.27411057,"csum_max":982.87198612}},"strategy_comparison":[{"key":"ACO_8_0","trades":16,"profit_mean":-0.009166544976969193,"profit_mean_pct":-0.92,"profit_total_abs":-47.72588943,"profit_total":-0.04772588943,"profit_total_pct":-4.77,"duration_avg":"5:19:00","wins":2,"draws":10,"losses":4,"winrate":0.125,"cagr":-0.1680758547101936,"expectancy":-2.982868089375,"expectancy_ratio":-0.8455272824418542,"sortino":-1.6187953112799776,"sharpe":-1.377578177681663,"calmar":-19.695848633549257,"sqn":-1.693,"profit_factor":0.11789087023258331,"max_drawdown_account":0.04772588943000005,"max_drawdown_abs":"47.726"}]}