{"strategy":{"ACO_9_19":{"trades":[{"pair":"DOGE/USDT","stake_amount":329.91129,"max_stake_amount":329.91129,"amount":1731.0,"open_date":"2025-10-19 04:00:00+00:00","close_date":"2025-10-19 09:00:00+00:00","open_rate":0.19059,"close_rate":0.19097156156156156,"fee_open":0.001,"fee_close":0.001,"trade_duration":300,"profit_ratio":0.0,"profit_abs":0.0,"exit_reason":"roi","initial_stop_loss_abs":0.18107,"initial_stop_loss_ratio":-0.05,"stop_loss_abs":0.18107,"stop_loss_ratio":-0.05,"min_rate":0.186,"max_rate":0.19184,"is_open":false,"enter_tag":"","leverage":1.0,"is_short":false,"open_timestamp":1760846400000,"close_timestamp":1760864400000,"orders":[{"amount":1731.0,"safe_price":0.19059,"ft_order_side":"buy","order_filled_timestamp":1760846400000,"ft_is_entry":true,"ft_order_tag":"","cost":330.24120129},{"amount":1731.0,"safe_price":0.19097156156156156,"ft_order_side":"sell","order_filled_timestamp":1760864400000,"ft_is_entry":false,"ft_order_tag":"roi","cost":330.9023448361261}],"funding_fees":0.0,"weekday":6},{"pair":"DOGE/USDT","stake_amount":329.97668,"max_stake_amount":329.97668,"amount":1738.0,"open_date":"2025-10-19 10:00:00+00:00","close_date":"2025-10-19 12:00:00+00:00","open_rate":0.18986,"close_rate":0.1933,"fee_open":0.001,"fee_close":0.001,"trade_duration":120,"profit_ratio":0.016084410690962888,"profit_abs":5.31278792,"exit_reason":"roi","initial_stop_loss_abs":0.18037,"initial_stop_loss_ratio":-0.05,"stop_loss_abs":0.18037,"stop_loss_ratio":-0.05,"min_rate":0.18895,"max_rate":0.1968,"is_open":false,"enter_tag":"","leverage":1.0,"is_short":false,"open_timestamp":1760868000000,"close_timestamp":1760875200000,"orders":[{"amount":1738.0,"safe_price":0.18986,"ft_order_side":"buy","order_filled_timestamp":1760868000000,"ft_is_entry":true,"ft_order_tag":"","cost":330.30665667999995},{"amount":1738.0,"safe_price":0.1933,"ft_order_side":"sell","order_filled_timestamp":1760875200000,"ft_is_entry":false,"ft_order_tag":"roi","cost":336.2913554}],"funding_fees":0.0,"weekday":6},{"pair":"DOGE/USDT","stake_amount":331.74189,"max_stake_amount":331.74189,"amount":2019.0,"open_date":"2025-11-05 03:00:00+00:00","close_date":"2025-11-05 05:00:00+00:00","open_rate":0.16431,"close_rate":0.16476,"fee_open":0.001,"fee_close":0.001,"trade_duration":120,"profit_ratio":0.0007352516025147028,"profit_abs":0.24415767,"exit_reason":"roi","initial_stop_loss_abs":0.1561,"initial_stop_loss_ratio":-0.05,"stop_loss_abs":0.1561,"stop_loss_ratio":-0.05,"min_rate":0.16313,"max_rate":0.16619,"is_open":false,"enter_tag":"","leverage":1.0,"is_short":false,"open_timestamp":1762311600000,"close_timestamp":1762318800000,"orders":[{"amount":2019.0,"safe_price":0.16431,"ft_order_side":"buy","order_filled_timestamp":1762311600000,"ft_is_entry":true,"ft_order_tag":"","cost":332.07363189},{"amount":2019.0,"safe_price":0.16476,"ft_order_side":"sell","order_filled_timestamp":1762318800000,"ft_is_entry":false,"ft_order_tag":"roi","cost":332.98309043999996}],"funding_fees":0.0,"weekday":2},{"pair":"DOGE/USDT","stake_amount":331.6605,"max_stake_amount":331.6605,"amount":1905.0,"open_date":"2025-11-12 09:00:00+00:00","close_date":"2025-11-12 11:00:00+00:00","open_rate":0.1741,"close_rate":0.1764,"fee_open":0.001,"fee_close":0.001,"trade_duration":120,"profit_ratio":0.011186401192145017,"profit_abs":3.7137975,"exit_reason":"roi","initial_stop_loss_abs":0.1654,"initial_stop_loss_ratio":-0.05,"stop_loss_abs":0.1654,"stop_loss_ratio":-0.05,"min_rate":0.17404,"max_rate":0.17713,"is_open":false,"enter_tag":"","leverage":1.0,"is_short":false,"open_timestamp":1762938000000,"close_timestamp":1762945200000,"orders":[{"amount":1905.0,"safe_price":0.1741,"ft_order_side":"buy","order_filled_timestamp":1762938000000,"ft_is_entry":true,"ft_order_tag":"","cost":331.99216049999995},{"amount":1905.0,"safe_price":0.1764,"ft_order_side":"sell","order_filled_timestamp":1762945200000,"ft_is_entry":false,"ft_order_tag":"roi","cost":336.378042}],"funding_fees":0.0,"weekday":2},{"pair":"DOGE/USDT","stake_amount":333.02558,"max_stake_amount":333.02558,"amount":2227.0,"open_date":"2025-11-30 13:00:00+00:00","close_date":"2025-11-30 16:00:00+00:00","open_rate":0.14954,"close_rate":0.14983937937937936,"fee_open":0.001,"fee_close":0.001,"trade_duration":180,"profit_ratio":0.0,"profit_abs":0.0,"exit_reason":"roi","initial_stop_loss_abs":0.14207,"initial_stop_loss_ratio":-0.05,"stop_loss_abs":0.14207,"stop_loss_ratio":-0.05,"min_rate":0.14894,"max_rate":0.15059,"is_open":false,"enter_tag":"","leverage":1.0,"is_short":false,"open_timestamp":1764507600000,"close_timestamp":1764518400000,"orders":[{"amount":2227.0,"safe_price":0.14954,"ft_order_side":"buy","order_filled_timestamp":1764507600000,"ft_is_entry":true,"ft_order_tag":"","cost":333.35860557999996},{"amount":2227.0,"safe_price":0.14983937937937936,"ft_order_side":"sell","order_filled_timestamp":1764518400000,"ft_is_entry":false,"ft_order_tag":"roi","cost":334.0259901757557}],"funding_fees":0.0,"weekday":6},{"pair":"DOGE/USDT","stake_amount":332.9788,"max_stake_amount":332.9788,"amount":2276.0,"open_date":"2025-12-09 16:00:00+00:00","close_date":"2025-12-09 18:00:00+00:00","open_rate":0.1463,"close_rate":0.15095,"fee_open":0.001,"fee_close":0.001,"trade_duration":120,"profit_ratio":0.029722498963783997,"profit_abs":9.906859,"exit_reason":"roi","initial_stop_loss_abs":0.13899,"initial_stop_loss_ratio":-0.05,"stop_loss_abs":0.13899,"stop_loss_ratio":-0.05,"min_rate":0.1463,"max_rate":0.15319,"is_open":false,"enter_tag":"","leverage":1.0,"is_short":false,"open_timestamp":1765296000000,"close_timestamp":1765303200000,"orders":[{"amount":2276.0,"safe_price":0.1463,"ft_order_side":"buy","order_filled_timestamp":1765296000000,"ft_is_entry":true,"ft_order_tag":"","cost":333.3117788},{"amount":2276.0,"safe_price":0.15095,"ft_order_side":"sell","order_filled_timestamp":1765303200000,"ft_is_entry":false,"ft_order_tag":"roi","cost":343.90576219999997}],"funding_fees":0.0,"weekday":1},{"pair":"DOGE/USDT","stake_amount":336.20503,"max_stake_amount":336.20503,"amount":2569.0,"open_date":"2025-12-16 11:00:00+00:00","close_date":"2025-12-16 13:00:00+00:00","open_rate":0.13087,"close_rate":0.13139,"fee_open":0.001,"fee_close":0.001,"trade_duration":120,"profit_ratio":0.0019674678496409987,"profit_abs":0.66213406,"exit_reason":"roi","initial_stop_loss_abs":0.12433,"initial_stop_loss_ratio":-0.05,"stop_loss_abs":0.12433,"stop_loss_ratio":-0.05,"min_rate":0.12975,"max_rate":0.13263,"is_open":false,"enter_tag":"","leverage":1.0,"is_short":false,"open_timestamp":1765882800000,"close_timestamp":1765890000000,"orders":[{"amount":2569.0,"safe_price":0.13087,"ft_order_side":"buy","order_filled_timestamp":1765882800000,"ft_is_entry":true,"ft_order_tag":"","cost":336.54123502999994},{"amount":2569.0,"safe_price":0.13139,"ft_order_side":"sell","order_filled_timestamp":1765890000000,"ft_is_entry":false,"ft_order_tag":"roi","cost":337.87845090999997}],"funding_fees":0.0,"weekday":1},{"pair":"DOGE/USDT","stake_amount":336.49005,"max_stake_amount":336.49005,"amount":2795.0,"open_date":"2026-01-01 09:00:00+00:00","close_date":"2026-01-01 11:00:00+00:00","open_rate":0.12039,"close_rate":0.120631021021021,"fee_open":0.001,"fee_close":0.001,"trade_duration":120,"profit_ratio":0.0,"profit_abs":0.0,"exit_reason":"roi","initial_stop_loss_abs":0.11438,"initial_stop_loss_ratio":-0.05,"stop_loss_abs":0.11438,"stop_loss_ratio":-0.05,"min_rate":0.12021,"max_rate":0.12126,"is_open":false,"enter_tag":"","leverage":1.0,"is_short":false,"open_timestamp":1767258000000,"close_timestamp":1767265200000,"orders":[{"amount":2795.0,"safe_price":0.12039,"ft_order_side":"buy","order_filled_timestamp":1767258000000,"ft_is_entry":true,"ft_order_tag":"","cost":336.82654004999995},{"amount":2795.0,"safe_price":0.120631021021021,"ft_order_side":"sell","order_filled_timestamp":1767265200000,"ft_is_entry":false,"ft_order_tag":"roi","cost":337.5008674575074}],"funding_fees":0.0,"weekday":3}],"locks":[],"best_pair":{"key":"DOGE/USDT","trades":8,"profit_mean":0.00746200378738095,"profit_mean_pct":0.75,"profit_total_abs":19.83973615,"profit_total":0.01983973615,"profit_total_pct":1.98,"duration_avg":"2:30:00","wins":5,"draws":3,"losses":0,"winrate":0.625,"cagr":0.07672471751865761,"expectancy":2.47996701875,"expectancy_ratio":100.0,"sortino":-100,"sharpe":1.155686317004549,"calmar":-100,"sqn":1.9405,"profit_factor":0.0,"max_drawdown_account":0.0,"max_drawdown_abs":0.0},"worst_pair":{"key":"DOGE/USDT","trades":8,"profit_mean":0.00746200378738095,"profit_mean_pct":0.75,"profit_total_abs":19.83973615,"profit_total":0.01983973615,"profit_total_pct":1.98,"duration_avg":"2:30:00","wins":5,"draws":3,"losses":0,"winrate":0.625,"cagr":0.07672471751865761,"expectancy":2.47996701875,"expectancy_ratio":100.0,"sortino":-100,"sharpe":1.155686317004549,"calmar":-100,"sqn":1.9405,"profit_factor":0.0,"max_drawdown_account":0.0,"max_drawdown_abs":0.0},"results_per_pair":[{"key":"DOGE/USDT","trades":8,"profit_mean":0.00746200378738095,"profit_mean_pct":0.75,"profit_total_abs":19.83973615,"profit_total":0.01983973615,"profit_total_pct":1.98,"duration_avg":"2:30:00","wins":5,"draws":3,"losses":0,"winrate":0.625,"cagr":0.07672471751865761,"expectancy":2.47996701875,"expectancy_ratio":100.0,"sortino":-100,"sharpe":1.155686317004549,"calmar":-100,"sqn":1.9405,"profit_factor":0.0,"max_drawdown_account":0.0,"max_drawdown_abs":0.0},{"key":"TOTAL","trades":8,"profit_mean":0.00746200378738095,"profit_mean_pct":0.75,"profit_total_abs":19.83973615,"profit_total":0.01983973615,"profit_total_pct":1.98,"duration_avg":"2:30:00","wins":5,"draws":3,"losses":0,"winrate":0.625,"cagr":0.07672471751865761,"expectancy":2.47996701875,"expectancy_ratio":100.0,"sortino":-100,"sharpe":1.155686317004549,"calmar":-100,"sqn":1.9405,"profit_factor":0.0,"max_drawdown_account":0.0,"max_drawdown_abs":0.0}],"results_per_enter_tag":[{"key":"","trades":8,"profit_mean":0.00746200378738095,"profit_mean_pct":0.75,"profit_total_abs":19.83973615,"profit_total":0.01983973615,"profit_total_pct":1.98,"duration_avg":"2:30:00","wins":5,"draws":3,"losses":0,"winrate":0.625,"cagr":0.07672471751865761,"expectancy":2.47996701875,"expectancy_ratio":100.0,"sortino":-100,"sharpe":1.155686317004549,"calmar":-100,"sqn":1.9405,"profit_factor":0.0,"max_drawdown_account":0.0,"max_drawdown_abs":0.0},{"key":"TOTAL","trades":8,"profit_mean":0.00746200378738095,"profit_mean_pct":0.75,"profit_total_abs":19.83973615,"profit_total":0.01983973615,"profit_total_pct":1.98,"duration_avg":"2:30:00","wins":5,"draws":3,"losses":0,"winrate":0.625,"cagr":0.07672471751865761,"expectancy":2.47996701875,"expectancy_ratio":100.0,"sortino":-100,"sharpe":1.155686317004549,"calmar":-100,"sqn":1.9405,"profit_factor":0.0,"max_drawdown_account":0.0,"max_drawdown_abs":0.0}],"exit_reason_summary":[{"key":"roi","trades":8,"profit_mean":0.00746200378738095,"profit_mean_pct":0.75,"profit_total_abs":19.83973615,"profit_total":0.01983973615,"profit_total_pct":1.98,"duration_avg":"2:30:00","wins":5,"draws":3,"losses":0,"winrate":0.625,"cagr":0.07672471751865761,"expectancy":2.47996701875,"expectancy_ratio":100.0,"sortino":-100,"sharpe":1.155686317004549,"calmar":-100,"sqn":1.9405,"profit_factor":0.0,"max_drawdown_account":0.0,"max_drawdown_abs":0.0},{"key":"TOTAL","trades":8,"profit_mean":0.00746200378738095,"profit_mean_pct":0.75,"profit_total_abs":19.83973615,"profit_total":0.01983973615,"profit_total_pct":1.98,"duration_avg":"2:30:00","wins":5,"draws":3,"losses":0,"winrate":0.625,"cagr":0.07672471751865761,"expectancy":2.47996701875,"expectancy_ratio":100.0,"sortino":-100,"sharpe":1.155686317004549,"calmar":-100,"sqn":1.9405,"profit_factor":0.0,"max_drawdown_account":0.0,"max_drawdown_abs":0.0}],"mix_tag_stats":[{"key":["","roi"],"trades":8,"profit_mean":0.00746200378738095,"profit_mean_pct":0.75,"profit_total_abs":19.83973615,"profit_total":0.01983973615,"profit_total_pct":1.98,"duration_avg":"2:30:00","wins":5,"draws":3,"losses":0,"winrate":0.625,"cagr":0.07672471751865761,"expectancy":2.47996701875,"expectancy_ratio":100.0,"sortino":-100,"sharpe":1.155686317004549,"calmar":-100,"sqn":1.9405,"profit_factor":0.0,"max_drawdown_account":0.0,"max_drawdown_abs":0.0},{"key":"TOTAL","trades":8,"profit_mean":0.00746200378738095,"profit_mean_pct":0.75,"profit_total_abs":19.83973615,"profit_total":0.01983973615,"profit_total_pct":1.98,"duration_avg":"2:30:00","wins":5,"draws":3,"losses":0,"winrate":0.625,"cagr":0.07672471751865761,"expectancy":2.47996701875,"expectancy_ratio":100.0,"sortino":-100,"sharpe":1.155686317004549,"calmar":-100,"sqn":1.9405,"profit_factor":0.0,"max_drawdown_account":0.0,"max_drawdown_abs":0.0}],"left_open_trades":[{"key":"TOTAL","trades":0,"profit_mean":0.0,"profit_mean_pct":0.0,"profit_total_abs":0.0,"profit_total":0.0,"profit_total_pct":0.0,"duration_avg":"0:00","wins":0,"draws":0,"losses":0,"winrate":0.0,"cagr":0.0,"expectancy":0.0,"expectancy_ratio":100.0,"sortino":0,"sharpe":0,"calmar":0,"sqn":0.0,"profit_factor":0.0,"max_drawdown_account":0.0,"max_drawdown_abs":0.0}],"total_trades":8,"trade_count_long":8,"trade_count_short":0,"total_volume":5354.517713239389,"avg_stake_amount":332.7487275,"profit_mean":0.00746200378738095,"profit_median":0.0013513597260778507,"profit_total":0.01983973615,"profit_total_long":0.01983973615,"profit_total_short":0.0,"profit_total_abs":19.83973615,"profit_total_long_abs":19.83973615,"profit_total_short_abs":0.0,"cagr":0.07672471751865761,"expectancy":2.47996701875,"expectancy_ratio":100.0,"sortino":-100,"sharpe":1.155686317004549,"calmar":-100,"sqn":1.9405,"profit_factor":0.0,"backtest_start":"2025-10-01 00:00:00","backtest_start_ts":1759276800000,"backtest_end":"2026-01-06 20:00:00","backtest_end_ts":1767729600000,"backtest_days":97,"backtest_run_start_ts":1767740890,"backtest_run_end_ts":1767740891,"trades_per_day":0.08,"market_change":-0.36632086436227446,"pairlist":["DOGE/USDT"],"stake_amount":"unlimited","stake_currency":"USDT","stake_currency_decimals":3,"starting_balance":1000,"dry_run_wallet":1000,"final_balance":1019.83973615,"rejected_signals":0,"timedout_entry_orders":0,"timedout_exit_orders":0,"canceled_trade_entries":0,"canceled_entry_orders":0,"replaced_entry_orders":0,"max_open_trades":1,"max_open_trades_setting":3,"timeframe":"1h","timeframe_detail":"","timerange":"20251001-","enable_protections":false,"strategy_name":"ACO_9_19","freqaimodel":null,"freqai_identifier":null,"stoploss":-0.05,"trailing_stop":false,"trailing_stop_positive":null,"trailing_stop_positive_offset":0.0,"trailing_only_offset_is_reached":false,"use_custom_stoploss":false,"minimal_roi":{"0":0.1,"60":0.05,"120":0.0},"use_exit_signal":true,"exit_profit_only":false,"exit_profit_offset":0.0,"ignore_roi_if_entry_signal":false,"trading_mode":"spot","margin_mode":"","periodic_breakdown":{"day":[{"date":"19/10/2025","date_ts":1760832000000,"profit_abs":5.31278792,"wins":1,"draws":1,"losses":0,"trades":2,"profit_factor":0.0},{"date":"20/10/2025","date_ts":1760918400000,"profit_abs":0.0,"wins":0,"draws":0,"losses":0,"trades":0,"profit_factor":0.0},{"date":"21/10/2025","date_ts":1761004800000,"profit_abs":0.0,"wins":0,"draws":0,"losses":0,"trades":0,"profit_factor":0.0},{"date":"22/10/2025","date_ts":1761091200000,"profit_abs":0.0,"wins":0,"draws":0,"losses":0,"trades":0,"profit_factor":0.0},{"date":"23/10/2025","date_ts":1761177600000,"profit_abs":0.0,"wins":0,"draws":0,"losses":0,"trades":0,"profit_factor":0.0},{"date":"24/10/2025","date_ts":1761264000000,"profit_abs":0.0,"wins":0,"draws":0,"losses":0,"trades":0,"profit_factor":0.0},{"date":"25/10/2025","date_ts":1761350400000,"profit_abs":0.0,"wins":0,"draws":0,"losses":0,"trades":0,"profit_factor":0.0},{"date":"26/10/2025","date_ts":1761436800000,"profit_abs":0.0,"wins":0,"draws":0,"losses":0,"trades":0,"profit_factor":0.0},{"date":"27/10/2025","date_ts":1761523200000,"profit_abs":0.0,"wins":0,"draws":0,"losses":0,"trades":0,"profit_factor":0.0},{"date":"28/10/2025","date_ts":1761609600000,"profit_abs":0.0,"wins":0,"draws":0,"losses":0,"trades":0,"profit_factor":0.0},{"date":"29/10/2025","date_ts":1761696000000,"profit_abs":0.0,"wins":0,"draws":0,"losses":0,"trades":0,"profit_factor":0.0},{"date":"30/10/2025","date_ts":1761782400000,"profit_abs":0.0,"wins":0,"draws":0,"losses":0,"trades":0,"profit_factor":0.0},{"date":"31/10/2025","date_ts":1761868800000,"profit_abs":0.0,"wins":0,"draws":0,"losses":0,"trades":0,"profit_factor":0.0},{"date":"01/11/2025","date_ts":1761955200000,"profit_abs":0.0,"wins":0,"draws":0,"losses":0,"trades":0,"profit_factor":0.0},{"date":"02/11/2025","date_ts":1762041600000,"profit_abs":0.0,"wins":0,"draws":0,"losses":0,"trades":0,"profit_factor":0.0},{"date":"03/11/2025","date_ts":1762128000000,"profit_abs":0.0,"wins":0,"draws":0,"losses":0,"trades":0,"profit_factor":0.0},{"date":"04/11/2025","date_ts":1762214400000,"profit_abs":0.0,"wins":0,"draws":0,"losses":0,"trades":0,"profit_factor":0.0},{"date":"05/11/2025","date_ts":1762300800000,"profit_abs":0.24415767,"wins":1,"draws":0,"losses":0,"trades":1,"profit_factor":0.0},{"date":"06/11/2025","date_ts":1762387200000,"profit_abs":0.0,"wins":0,"draws":0,"losses":0,"trades":0,"profit_factor":0.0},{"date":"07/11/2025","date_ts":1762473600000,"profit_abs":0.0,"wins":0,"draws":0,"losses":0,"trades":0,"profit_factor":0.0},{"date":"08/11/2025","date_ts":1762560000000,"profit_abs":0.0,"wins":0,"draws":0,"losses":0,"trades":0,"profit_factor":0.0},{"date":"09/11/2025","date_ts":1762646400000,"profit_abs":0.0,"wins":0,"draws":0,"losses":0,"trades":0,"profit_factor":0.0},{"date":"10/11/2025","date_ts":1762732800000,"profit_abs":0.0,"wins":0,"draws":0,"losses":0,"trades":0,"profit_factor":0.0},{"date":"11/11/2025","date_ts":1762819200000,"profit_abs":0.0,"wins":0,"draws":0,"losses":0,"trades":0,"profit_factor":0.0},{"date":"12/11/2025","date_ts":1762905600000,"profit_abs":3.7137975,"wins":1,"draws":0,"losses":0,"trades":1,"profit_factor":0.0},{"date":"13/11/2025","date_ts":1762992000000,"profit_abs":0.0,"wins":0,"draws":0,"losses":0,"trades":0,"profit_factor":0.0},{"date":"14/11/2025","date_ts":1763078400000,"profit_abs":0.0,"wins":0,"draws":0,"losses":0,"trades":0,"profit_factor":0.0},{"date":"15/11/2025","date_ts":1763164800000,"profit_abs":0.0,"wins":0,"draws":0,"losses":0,"trades":0,"profit_factor":0.0},{"date":"16/11/2025","date_ts":1763251200000,"profit_abs":0.0,"wins":0,"draws":0,"losses":0,"trades":0,"profit_factor":0.0},{"date":"17/11/2025","date_ts":1763337600000,"profit_abs":0.0,"wins":0,"draws":0,"losses":0,"trades":0,"profit_factor":0.0},{"date":"18/11/2025","date_ts":1763424000000,"profit_abs":0.0,"wins":0,"draws":0,"losses":0,"trades":0,"profit_factor":0.0},{"date":"19/11/2025","date_ts":1763510400000,"profit_abs":0.0,"wins":0,"draws":0,"losses":0,"trades":0,"profit_factor":0.0},{"date":"20/11/2025","date_ts":1763596800000,"profit_abs":0.0,"wins":0,"draws":0,"losses":0,"trades":0,"profit_factor":0.0},{"date":"21/11/2025","date_ts":1763683200000,"profit_abs":0.0,"wins":0,"draws":0,"losses":0,"trades":0,"profit_factor":0.0},{"date":"22/11/2025","date_ts":1763769600000,"profit_abs":0.0,"wins":0,"draws":0,"losses":0,"trades":0,"profit_factor":0.0},{"date":"23/11/2025","date_ts":1763856000000,"profit_abs":0.0,"wins":0,"draws":0,"losses":0,"trades":0,"profit_factor":0.0},{"date":"24/11/2025","date_ts":1763942400000,"profit_abs":0.0,"wins":0,"draws":0,"losses":0,"trades":0,"profit_factor":0.0},{"date":"25/11/2025","date_ts":1764028800000,"profit_abs":0.0,"wins":0,"draws":0,"losses":0,"trades":0,"profit_factor":0.0},{"date":"26/11/2025","date_ts":1764115200000,"profit_abs":0.0,"wins":0,"draws":0,"losses":0,"trades":0,"profit_factor":0.0},{"date":"27/11/2025","date_ts":1764201600000,"profit_abs":0.0,"wins":0,"draws":0,"losses":0,"trades":0,"profit_factor":0.0},{"date":"28/11/2025","date_ts":1764288000000,"profit_abs":0.0,"wins":0,"draws":0,"losses":0,"trades":0,"profit_factor":0.0},{"date":"29/11/2025","date_ts":1764374400000,"profit_abs":0.0,"wins":0,"draws":0,"losses":0,"trades":0,"profit_factor":0.0},{"date":"30/11/2025","date_ts":1764460800000,"profit_abs":0.0,"wins":0,"draws":1,"losses":0,"trades":1,"profit_factor":0.0},{"date":"01/12/2025","date_ts":1764547200000,"profit_abs":0.0,"wins":0,"draws":0,"losses":0,"trades":0,"profit_factor":0.0},{"date":"02/12/2025","date_ts":1764633600000,"profit_abs":0.0,"wins":0,"draws":0,"losses":0,"trades":0,"profit_factor":0.0},{"date":"03/12/2025","date_ts":1764720000000,"profit_abs":0.0,"wins":0,"draws":0,"losses":0,"trades":0,"profit_factor":0.0},{"date":"04/12/2025","date_ts":1764806400000,"profit_abs":0.0,"wins":0,"draws":0,"losses":0,"trades":0,"profit_factor":0.0},{"date":"05/12/2025","date_ts":1764892800000,"profit_abs":0.0,"wins":0,"draws":0,"losses":0,"trades":0,"profit_factor":0.0},{"date":"06/12/2025","date_ts":1764979200000,"profit_abs":0.0,"wins":0,"draws":0,"losses":0,"trades":0,"profit_factor":0.0},{"date":"07/12/2025","date_ts":1765065600000,"profit_abs":0.0,"wins":0,"draws":0,"losses":0,"trades":0,"profit_factor":0.0},{"date":"08/12/2025","date_ts":1765152000000,"profit_abs":0.0,"wins":0,"draws":0,"losses":0,"trades":0,"profit_factor":0.0},{"date":"09/12/2025","date_ts":1765238400000,"profit_abs":9.906859,"wins":1,"draws":0,"losses":0,"trades":1,"profit_factor":0.0},{"date":"10/12/2025","date_ts":1765324800000,"profit_abs":0.0,"wins":0,"draws":0,"losses":0,"trades":0,"profit_factor":0.0},{"date":"11/12/2025","date_ts":1765411200000,"profit_abs":0.0,"wins":0,"draws":0,"losses":0,"trades":0,"profit_factor":0.0},{"date":"12/12/2025","date_ts":1765497600000,"profit_abs":0.0,"wins":0,"draws":0,"losses":0,"trades":0,"profit_factor":0.0},{"date":"13/12/2025","date_ts":1765584000000,"profit_abs":0.0,"wins":0,"draws":0,"losses":0,"trades":0,"profit_factor":0.0},{"date":"14/12/2025","date_ts":1765670400000,"profit_abs":0.0,"wins":0,"draws":0,"losses":0,"trades":0,"profit_factor":0.0},{"date":"15/12/2025","date_ts":1765756800000,"profit_abs":0.0,"wins":0,"draws":0,"losses":0,"trades":0,"profit_factor":0.0},{"date":"16/12/2025","date_ts":1765843200000,"profit_abs":0.66213406,"wins":1,"draws":0,"losses":0,"trades":1,"profit_factor":0.0},{"date":"17/12/2025","date_ts":1765929600000,"profit_abs":0.0,"wins":0,"draws":0,"losses":0,"trades":0,"profit_factor":0.0},{"date":"18/12/2025","date_ts":1766016000000,"profit_abs":0.0,"wins":0,"draws":0,"losses":0,"trades":0,"profit_factor":0.0},{"date":"19/12/2025","date_ts":1766102400000,"profit_abs":0.0,"wins":0,"draws":0,"losses":0,"trades":0,"profit_factor":0.0},{"date":"20/12/2025","date_ts":1766188800000,"profit_abs":0.0,"wins":0,"draws":0,"losses":0,"trades":0,"profit_factor":0.0},{"date":"21/12/2025","date_ts":1766275200000,"profit_abs":0.0,"wins":0,"draws":0,"losses":0,"trades":0,"profit_factor":0.0},{"date":"22/12/2025","date_ts":1766361600000,"profit_abs":0.0,"wins":0,"draws":0,"losses":0,"trades":0,"profit_factor":0.0},{"date":"23/12/2025","date_ts":1766448000000,"profit_abs":0.0,"wins":0,"draws":0,"losses":0,"trades":0,"profit_factor":0.0},{"date":"24/12/2025","date_ts":1766534400000,"profit_abs":0.0,"wins":0,"draws":0,"losses":0,"trades":0,"profit_factor":0.0},{"date":"25/12/2025","date_ts":1766620800000,"profit_abs":0.0,"wins":0,"draws":0,"losses":0,"trades":0,"profit_factor":0.0},{"date":"26/12/2025","date_ts":1766707200000,"profit_abs":0.0,"wins":0,"draws":0,"losses":0,"trades":0,"profit_factor":0.0},{"date":"27/12/2025","date_ts":1766793600000,"profit_abs":0.0,"wins":0,"draws":0,"losses":0,"trades":0,"profit_factor":0.0},{"date":"28/12/2025","date_ts":1766880000000,"profit_abs":0.0,"wins":0,"draws":0,"losses":0,"trades":0,"profit_factor":0.0},{"date":"29/12/2025","date_ts":1766966400000,"profit_abs":0.0,"wins":0,"draws":0,"losses":0,"trades":0,"profit_factor":0.0},{"date":"30/12/2025","date_ts":1767052800000,"profit_abs":0.0,"wins":0,"draws":0,"losses":0,"trades":0,"profit_factor":0.0},{"date":"31/12/2025","date_ts":1767139200000,"profit_abs":0.0,"wins":0,"draws":0,"losses":0,"trades":0,"profit_factor":0.0},{"date":"01/01/2026","date_ts":1767225600000,"profit_abs":0.0,"wins":0,"draws":1,"losses":0,"trades":1,"profit_factor":0.0}],"week":[{"date":"20/10/2025","date_ts":1760918400000,"profit_abs":5.31278792,"wins":1,"draws":1,"losses":0,"trades":2,"profit_factor":0.0},{"date":"27/10/2025","date_ts":1761523200000,"profit_abs":0.0,"wins":0,"draws":0,"losses":0,"trades":0,"profit_factor":0.0},{"date":"03/11/2025","date_ts":1762128000000,"profit_abs":0.0,"wins":0,"draws":0,"losses":0,"trades":0,"profit_factor":0.0},{"date":"10/11/2025","date_ts":1762732800000,"profit_abs":0.24415767,"wins":1,"draws":0,"losses":0,"trades":1,"profit_factor":0.0},{"date":"17/11/2025","date_ts":1763337600000,"profit_abs":3.7137975,"wins":1,"draws":0,"losses":0,"trades":1,"profit_factor":0.0},{"date":"24/11/2025","date_ts":1763942400000,"profit_abs":0.0,"wins":0,"draws":0,"losses":0,"trades":0,"profit_factor":0.0},{"date":"01/12/2025","date_ts":1764547200000,"profit_abs":0.0,"wins":0,"draws":1,"losses":0,"trades":1,"profit_factor":0.0},{"date":"08/12/2025","date_ts":1765152000000,"profit_abs":0.0,"wins":0,"draws":0,"losses":0,"trades":0,"profit_factor":0.0},{"date":"15/12/2025","date_ts":1765756800000,"profit_abs":9.906859,"wins":1,"draws":0,"losses":0,"trades":1,"profit_factor":0.0},{"date":"22/12/2025","date_ts":1766361600000,"profit_abs":0.66213406,"wins":1,"draws":0,"losses":0,"trades":1,"profit_factor":0.0},{"date":"29/12/2025","date_ts":1766966400000,"profit_abs":0.0,"wins":0,"draws":0,"losses":0,"trades":0,"profit_factor":0.0},{"date":"05/01/2026","date_ts":1767571200000,"profit_abs":0.0,"wins":0,"draws":1,"losses":0,"trades":1,"profit_factor":0.0}],"month":[{"date":"31/10/2025","date_ts":1761868800000,"profit_abs":5.31278792,"wins":1,"draws":1,"losses":0,"trades":2,"profit_factor":0.0},{"date":"30/11/2025","date_ts":1764460800000,"profit_abs":3.95795517,"wins":2,"draws":1,"losses":0,"trades":3,"profit_factor":0.0},{"date":"31/12/2025","date_ts":1767139200000,"profit_abs":10.56899306,"wins":2,"draws":0,"losses":0,"trades":2,"profit_factor":0.0},{"date":"31/01/2026","date_ts":1769817600000,"profit_abs":0.0,"wins":0,"draws":1,"losses":0,"trades":1,"profit_factor":0.0}],"year":[{"date":"31/12/2025","date_ts":1767139200000,"profit_abs":19.83973615,"wins":5,"draws":2,"losses":0,"trades":7,"profit_factor":0.0},{"date":"31/12/2026","date_ts":1798675200000,"profit_abs":0.0,"wins":0,"draws":1,"losses":0,"trades":1,"profit_factor":0.0}],"weekday":[{"date":"Tuesday","date_ts":1,"profit_abs":10.56899306,"wins":2,"draws":0,"losses":0,"trades":2,"profit_factor":0.0},{"date":"Wednesday","date_ts":2,"profit_abs":3.95795517,"wins":2,"draws":0,"losses":0,"trades":2,"profit_factor":0.0},{"date":"Thursday","date_ts":3,"profit_abs":0.0,"wins":0,"draws":1,"losses":0,"trades":1,"profit_factor":0.0},{"date":"Sunday","date_ts":6,"profit_abs":5.31278792,"wins":1,"draws":2,"losses":0,"trades":3,"profit_factor":0.0}]},"backtest_best_day":0.029722498963783997,"backtest_worst_day":0.0,"backtest_best_day_abs":9.906859,"backtest_worst_day_abs":0.0,"winning_days":5,"draw_days":70,"losing_days":0,"daily_profit":[["2025-10-19",5.31278792],["2025-10-20",0.0],["2025-10-21",0.0],["2025-10-22",0.0],["2025-10-23",0.0],["2025-10-24",0.0],["2025-10-25",0.0],["2025-10-26",0.0],["2025-10-27",0.0],["2025-10-28",0.0],["2025-10-29",0.0],["2025-10-30",0.0],["2025-10-31",0.0],["2025-11-01",0.0],["2025-11-02",0.0],["2025-11-03",0.0],["2025-11-04",0.0],["2025-11-05",0.24415767],["2025-11-06",0.0],["2025-11-07",0.0],["2025-11-08",0.0],["2025-11-09",0.0],["2025-11-10",0.0],["2025-11-11",0.0],["2025-11-12",3.7137975],["2025-11-13",0.0],["2025-11-14",0.0],["2025-11-15",0.0],["2025-11-16",0.0],["2025-11-17",0.0],["2025-11-18",0.0],["2025-11-19",0.0],["2025-11-20",0.0],["2025-11-21",0.0],["2025-11-22",0.0],["2025-11-23",0.0],["2025-11-24",0.0],["2025-11-25",0.0],["2025-11-26",0.0],["2025-11-27",0.0],["2025-11-28",0.0],["2025-11-29",0.0],["2025-11-30",0.0],["2025-12-01",0.0],["2025-12-02",0.0],["2025-12-03",0.0],["2025-12-04",0.0],["2025-12-05",0.0],["2025-12-06",0.0],["2025-12-07",0.0],["2025-12-08",0.0],["2025-12-09",9.906859],["2025-12-10",0.0],["2025-12-11",0.0],["2025-12-12",0.0],["2025-12-13",0.0],["2025-12-14",0.0],["2025-12-15",0.0],["2025-12-16",0.66213406],["2025-12-17",0.0],["2025-12-18",0.0],["2025-12-19",0.0],["2025-12-20",0.0],["2025-12-21",0.0],["2025-12-22",0.0],["2025-12-23",0.0],["2025-12-24",0.0],["2025-12-25",0.0],["2025-12-26",0.0],["2025-12-27",0.0],["2025-12-28",0.0],["2025-12-29",0.0],["2025-12-30",0.0],["2025-12-31",0.0],["2026-01-01",0.0]],"wins":5,"losses":0,"draws":3,"winrate":0.625,"holding_avg":"2:30:00","holding_avg_s":9000.0,"winner_holding_min":"0d 02:00","winner_holding_min_s":7200.0,"winner_holding_max":"0d 02:00","winner_holding_max_s":7200.0,"winner_holding_avg":"0d 02:00","winner_holding_avg_s":7200.0,"loser_holding_min":"0d 00:00","loser_holding_min_s":0.0,"loser_holding_max":"0d 00:00","loser_holding_max_s":0.0,"loser_holding_avg":"0d 00:00","loser_holding_avg_s":0.0,"max_consecutive_wins":3,"max_consecutive_losses":1,"max_drawdown_account":0.0,"max_relative_drawdown":0.0,"max_drawdown_abs":0.0,"drawdown_start":"2025-10-19 09:00:00","drawdown_start_ts":1760864400000.0,"drawdown_end":"2025-10-19 09:00:00","drawdown_end_ts":1760864400000.0,"drawdown_duration":"0 days 00:00:00","drawdown_duration_s":0.0,"max_drawdown_low":0.0,"max_drawdown_high":0.0,"csum_min":1000.0,"csum_max":1019.83973615}},"strategy_comparison":[{"key":"ACO_9_19","trades":8,"profit_mean":0.00746200378738095,"profit_mean_pct":0.75,"profit_total_abs":19.83973615,"profit_total":0.01983973615,"profit_total_pct":1.98,"duration_avg":"2:30:00","wins":5,"draws":3,"losses":0,"winrate":0.625,"cagr":0.07672471751865761,"expectancy":2.47996701875,"expectancy_ratio":100.0,"sortino":-100,"sharpe":1.155686317004549,"calmar":-100,"sqn":1.9405,"profit_factor":0.0,"max_drawdown_account":0.0,"max_drawdown_abs":"0"}]}