{"strategy":{"ACO_31_13":{"trades":[{"pair":"DOGE/USDT","stake_amount":329.75688,"max_stake_amount":329.75688,"amount":1284.0,"open_date":"2025-10-03 10:00:00+00:00","close_date":"2025-10-03 13:00:00+00:00","open_rate":0.25682,"close_rate":0.2573341541541541,"fee_open":0.001,"fee_close":0.001,"trade_duration":180,"profit_ratio":0.0,"profit_abs":0.0,"exit_reason":"roi","initial_stop_loss_abs":0.24398,"initial_stop_loss_ratio":-0.05,"stop_loss_abs":0.24398,"stop_loss_ratio":-0.05,"min_rate":0.25386,"max_rate":0.25793,"is_open":false,"enter_tag":"","leverage":1.0,"is_short":false,"open_timestamp":1759485600000,"close_timestamp":1759496400000,"orders":[{"amount":1284.0,"safe_price":0.25682,"ft_order_side":"buy","order_filled_timestamp":1759485600000,"ft_is_entry":true,"ft_order_tag":"","cost":330.08663687999996},{"amount":1284.0,"safe_price":0.2573341541541541,"ft_order_side":"sell","order_filled_timestamp":1759496400000,"ft_is_entry":false,"ft_order_tag":"roi","cost":330.74747098786776}],"funding_fees":0.0,"weekday":4},{"pair":"DOGE/USDT","stake_amount":329.9445,"max_stake_amount":329.9445,"amount":1275.0,"open_date":"2025-10-03 22:00:00+00:00","close_date":"2025-10-04 00:00:00+00:00","open_rate":0.25878,"close_rate":0.25929807807807803,"fee_open":0.001,"fee_close":0.001,"trade_duration":120,"profit_ratio":0.0,"profit_abs":0.0,"exit_reason":"roi","initial_stop_loss_abs":0.24585,"initial_stop_loss_ratio":-0.05,"stop_loss_abs":0.24585,"stop_loss_ratio":-0.05,"min_rate":0.25715,"max_rate":0.25983,"is_open":false,"enter_tag":"","leverage":1.0,"is_short":false,"open_timestamp":1759528800000,"close_timestamp":1759536000000,"orders":[{"amount":1275.0,"safe_price":0.25878,"ft_order_side":"buy","order_filled_timestamp":1759528800000,"ft_is_entry":true,"ft_order_tag":"","cost":330.27444449999996},{"amount":1275.0,"safe_price":0.25929807807807803,"ft_order_side":"sell","order_filled_timestamp":1759536000000,"ft_is_entry":false,"ft_order_tag":"roi","cost":330.935654599099}],"funding_fees":0.0,"weekday":5},{"pair":"DOGE/USDT","stake_amount":329.97668,"max_stake_amount":329.97668,"amount":1738.0,"open_date":"2025-10-19 10:00:00+00:00","close_date":"2025-10-19 12:00:00+00:00","open_rate":0.18986,"close_rate":0.1933,"fee_open":0.001,"fee_close":0.001,"trade_duration":120,"profit_ratio":0.016084410690962888,"profit_abs":5.31278792,"exit_reason":"roi","initial_stop_loss_abs":0.18037,"initial_stop_loss_ratio":-0.05,"stop_loss_abs":0.18037,"stop_loss_ratio":-0.05,"min_rate":0.18895,"max_rate":0.1968,"is_open":false,"enter_tag":"","leverage":1.0,"is_short":false,"open_timestamp":1760868000000,"close_timestamp":1760875200000,"orders":[{"amount":1738.0,"safe_price":0.18986,"ft_order_side":"buy","order_filled_timestamp":1760868000000,"ft_is_entry":true,"ft_order_tag":"","cost":330.30665667999995},{"amount":1738.0,"safe_price":0.1933,"ft_order_side":"sell","order_filled_timestamp":1760875200000,"ft_is_entry":false,"ft_order_tag":"roi","cost":336.2913554}],"funding_fees":0.0,"weekday":6},{"pair":"DOGE/USDT","stake_amount":331.57305,"max_stake_amount":331.57305,"amount":1731.0,"open_date":"2025-10-23 05:00:00+00:00","close_date":"2025-10-23 07:00:00+00:00","open_rate":0.19155,"close_rate":0.19477,"fee_open":0.001,"fee_close":0.001,"trade_duration":120,"profit_ratio":0.014778643439567482,"profit_abs":4.90510008,"exit_reason":"roi","initial_stop_loss_abs":0.18198,"initial_stop_loss_ratio":-0.05,"stop_loss_abs":0.18198,"stop_loss_ratio":-0.05,"min_rate":0.1913,"max_rate":0.19498,"is_open":false,"enter_tag":"","leverage":1.0,"is_short":false,"open_timestamp":1761195600000,"close_timestamp":1761202800000,"orders":[{"amount":1731.0,"safe_price":0.19155,"ft_order_side":"buy","order_filled_timestamp":1761195600000,"ft_is_entry":true,"ft_order_tag":"","cost":331.90462305},{"amount":1731.0,"safe_price":0.19477,"ft_order_side":"sell","order_filled_timestamp":1761202800000,"ft_is_entry":false,"ft_order_tag":"roi","cost":337.48401686999995}],"funding_fees":0.0,"weekday":3},{"pair":"DOGE/USDT","stake_amount":333.2619,"max_stake_amount":333.2619,"amount":1710.0,"open_date":"2025-10-24 17:00:00+00:00","close_date":"2025-10-24 19:00:00+00:00","open_rate":0.19489,"close_rate":0.19608,"fee_open":0.001,"fee_close":0.001,"trade_duration":120,"profit_ratio":0.004095806702405297,"profit_abs":1.3663413,"exit_reason":"roi","initial_stop_loss_abs":0.18515,"initial_stop_loss_ratio":-0.05,"stop_loss_abs":0.18515,"stop_loss_ratio":-0.05,"min_rate":0.19474,"max_rate":0.19709,"is_open":false,"enter_tag":"","leverage":1.0,"is_short":false,"open_timestamp":1761325200000,"close_timestamp":1761332400000,"orders":[{"amount":1710.0,"safe_price":0.19489,"ft_order_side":"buy","order_filled_timestamp":1761325200000,"ft_is_entry":true,"ft_order_tag":"","cost":333.5951619},{"amount":1710.0,"safe_price":0.19608,"ft_order_side":"sell","order_filled_timestamp":1761332400000,"ft_is_entry":false,"ft_order_tag":"roi","cost":335.6320968}],"funding_fees":0.0,"weekday":4},{"pair":"DOGE/USDT","stake_amount":333.7365,"max_stake_amount":333.7365,"amount":1642.0,"open_date":"2025-10-27 14:00:00+00:00","close_date":"2025-10-27 16:00:00+00:00","open_rate":0.20325,"close_rate":0.20365690690690688,"fee_open":0.001,"fee_close":0.001,"trade_duration":120,"profit_ratio":0.0,"profit_abs":0.0,"exit_reason":"roi","initial_stop_loss_abs":0.19309,"initial_stop_loss_ratio":-0.05,"stop_loss_abs":0.19309,"stop_loss_ratio":-0.05,"min_rate":0.20114,"max_rate":0.20535,"is_open":false,"enter_tag":"","leverage":1.0,"is_short":false,"open_timestamp":1761573600000,"close_timestamp":1761580800000,"orders":[{"amount":1642.0,"safe_price":0.20325,"ft_order_side":"buy","order_filled_timestamp":1761573600000,"ft_is_entry":true,"ft_order_tag":"","cost":334.07023649999996},{"amount":1642.0,"safe_price":0.20365690690690688,"ft_order_side":"sell","order_filled_timestamp":1761580800000,"ft_is_entry":false,"ft_order_tag":"roi","cost":334.7390457822822}],"funding_fees":0.0,"weekday":0},{"pair":"DOGE/USDT","stake_amount":333.78608,"max_stake_amount":333.78608,"amount":1657.0,"open_date":"2025-10-28 17:00:00+00:00","close_date":"2025-10-28 21:00:00+00:00","open_rate":0.20144,"close_rate":0.19137,"fee_open":0.001,"fee_close":0.001,"trade_duration":240,"profit_ratio":-0.05188819322059989,"profit_abs":-17.33687617,"exit_reason":"stop_loss","initial_stop_loss_abs":0.19137,"initial_stop_loss_ratio":-0.05,"stop_loss_abs":0.19137,"stop_loss_ratio":-0.05,"min_rate":0.19006,"max_rate":0.2025,"is_open":false,"enter_tag":"","leverage":1.0,"is_short":false,"open_timestamp":1761670800000,"close_timestamp":1761685200000,"orders":[{"amount":1657.0,"safe_price":0.20144,"ft_order_side":"buy","order_filled_timestamp":1761670800000,"ft_is_entry":true,"ft_order_tag":"","cost":334.11986608},{"amount":1657.0,"safe_price":0.19137,"ft_order_side":"sell","order_filled_timestamp":1761685200000,"ft_is_entry":false,"ft_order_tag":"stop_loss","cost":317.41719008999996}],"funding_fees":0.0,"weekday":1},{"pair":"DOGE/USDT","stake_amount":327.9276,"max_stake_amount":327.9276,"amount":1690.0,"open_date":"2025-10-29 20:00:00+00:00","close_date":"2025-10-29 22:00:00+00:00","open_rate":0.19404,"close_rate":0.19607,"fee_open":0.001,"fee_close":0.001,"trade_duration":120,"profit_ratio":0.008442855845453248,"profit_abs":2.7714141,"exit_reason":"roi","initial_stop_loss_abs":0.18434,"initial_stop_loss_ratio":-0.05,"stop_loss_abs":0.18434,"stop_loss_ratio":-0.05,"min_rate":0.19329,"max_rate":0.19691,"is_open":false,"enter_tag":"","leverage":1.0,"is_short":false,"open_timestamp":1761768000000,"close_timestamp":1761775200000,"orders":[{"amount":1690.0,"safe_price":0.19404,"ft_order_side":"buy","order_filled_timestamp":1761768000000,"ft_is_entry":true,"ft_order_tag":"","cost":328.25552759999994},{"amount":1690.0,"safe_price":0.19607,"ft_order_side":"sell","order_filled_timestamp":1761775200000,"ft_is_entry":false,"ft_order_tag":"roi","cost":331.68965829999996}],"funding_fees":0.0,"weekday":2},{"pair":"DOGE/USDT","stake_amount":328.83186,"max_stake_amount":328.83186,"amount":1691.0,"open_date":"2025-10-30 03:00:00+00:00","close_date":"2025-10-30 12:00:00+00:00","open_rate":0.19446,"close_rate":0.18474,"fee_open":0.001,"fee_close":0.001,"trade_duration":540,"profit_ratio":-0.051882705384710945,"profit_abs":-17.0777472,"exit_reason":"stop_loss","initial_stop_loss_abs":0.18474,"initial_stop_loss_ratio":-0.05,"stop_loss_abs":0.18474,"stop_loss_ratio":-0.05,"min_rate":0.18275,"max_rate":0.19451,"is_open":false,"enter_tag":"","leverage":1.0,"is_short":false,"open_timestamp":1761793200000,"close_timestamp":1761825600000,"orders":[{"amount":1691.0,"safe_price":0.19446,"ft_order_side":"buy","order_filled_timestamp":1761793200000,"ft_is_entry":true,"ft_order_tag":"","cost":329.16069186},{"amount":1691.0,"safe_price":0.18474,"ft_order_side":"sell","order_filled_timestamp":1761825600000,"ft_is_entry":false,"ft_order_tag":"stop_loss","cost":312.70773533999994}],"funding_fees":0.0,"weekday":3},{"pair":"DOGE/USDT","stake_amount":323.24775,"max_stake_amount":323.24775,"amount":1725.0,"open_date":"2025-11-01 17:00:00+00:00","close_date":"2025-11-01 20:00:00+00:00","open_rate":0.18739,"close_rate":0.18776515515515513,"fee_open":0.001,"fee_close":0.001,"trade_duration":180,"profit_ratio":0.0,"profit_abs":0.0,"exit_reason":"roi","initial_stop_loss_abs":0.17803,"initial_stop_loss_ratio":-0.05,"stop_loss_abs":0.17803,"stop_loss_ratio":-0.05,"min_rate":0.18662,"max_rate":0.18837,"is_open":false,"enter_tag":"","leverage":1.0,"is_short":false,"open_timestamp":1762016400000,"close_timestamp":1762027200000,"orders":[{"amount":1725.0,"safe_price":0.18739,"ft_order_side":"buy","order_filled_timestamp":1762016400000,"ft_is_entry":true,"ft_order_tag":"","cost":323.57099774999995},{"amount":1725.0,"safe_price":0.18776515515515513,"ft_order_side":"sell","order_filled_timestamp":1762027200000,"ft_is_entry":false,"ft_order_tag":"roi","cost":324.21878753528523}],"funding_fees":0.0,"weekday":5},{"pair":"DOGE/USDT","stake_amount":323.20638,"max_stake_amount":323.20638,"amount":1719.0,"open_date":"2025-11-02 05:00:00+00:00","close_date":"2025-11-02 07:00:00+00:00","open_rate":0.18802,"close_rate":0.18839641641641638,"fee_open":0.001,"fee_close":0.001,"trade_duration":120,"profit_ratio":0.0,"profit_abs":0.0,"exit_reason":"roi","initial_stop_loss_abs":0.17862,"initial_stop_loss_ratio":-0.05,"stop_loss_abs":0.17862,"stop_loss_ratio":-0.05,"min_rate":0.18701,"max_rate":0.18884,"is_open":false,"enter_tag":"","leverage":1.0,"is_short":false,"open_timestamp":1762059600000,"close_timestamp":1762066800000,"orders":[{"amount":1719.0,"safe_price":0.18802,"ft_order_side":"buy","order_filled_timestamp":1762059600000,"ft_is_entry":true,"ft_order_tag":"","cost":323.52958637999996},{"amount":1719.0,"safe_price":0.18839641641641638,"ft_order_side":"sell","order_filled_timestamp":1762066800000,"ft_is_entry":false,"ft_order_tag":"roi","cost":324.17729325963955}],"funding_fees":0.0,"weekday":6},{"pair":"DOGE/USDT","stake_amount":323.24986,"max_stake_amount":323.24986,"amount":1979.0,"open_date":"2025-11-06 07:00:00+00:00","close_date":"2025-11-06 09:00:00+00:00","open_rate":0.16334,"close_rate":0.163667007007007,"fee_open":0.001,"fee_close":0.001,"trade_duration":120,"profit_ratio":0.0,"profit_abs":0.0,"exit_reason":"roi","initial_stop_loss_abs":0.15518,"initial_stop_loss_ratio":-0.05,"stop_loss_abs":0.15518,"stop_loss_ratio":-0.05,"min_rate":0.16262,"max_rate":0.16447,"is_open":false,"enter_tag":"","leverage":1.0,"is_short":false,"open_timestamp":1762412400000,"close_timestamp":1762419600000,"orders":[{"amount":1979.0,"safe_price":0.16334,"ft_order_side":"buy","order_filled_timestamp":1762412400000,"ft_is_entry":true,"ft_order_tag":"","cost":323.57310986},{"amount":1979.0,"safe_price":0.163667007007007,"ft_order_side":"sell","order_filled_timestamp":1762419600000,"ft_is_entry":false,"ft_order_tag":"roi","cost":324.22090387373373}],"funding_fees":0.0,"weekday":3},{"pair":"DOGE/USDT","stake_amount":323.30844,"max_stake_amount":323.30844,"amount":1846.0,"open_date":"2025-11-09 12:00:00+00:00","close_date":"2025-11-09 14:00:00+00:00","open_rate":0.17514,"close_rate":0.1761,"fee_open":0.001,"fee_close":0.001,"trade_duration":120,"profit_ratio":0.0034723755175964837,"profit_abs":1.12377096,"exit_reason":"roi","initial_stop_loss_abs":0.16639,"initial_stop_loss_ratio":-0.05,"stop_loss_abs":0.16639,"stop_loss_ratio":-0.05,"min_rate":0.17478,"max_rate":0.17961,"is_open":false,"enter_tag":"","leverage":1.0,"is_short":false,"open_timestamp":1762689600000,"close_timestamp":1762696800000,"orders":[{"amount":1846.0,"safe_price":0.17514,"ft_order_side":"buy","order_filled_timestamp":1762689600000,"ft_is_entry":true,"ft_order_tag":"","cost":323.6317484399999},{"amount":1846.0,"safe_price":0.1761,"ft_order_side":"sell","order_filled_timestamp":1762696800000,"ft_is_entry":false,"ft_order_tag":"roi","cost":325.4056806}],"funding_fees":0.0,"weekday":6},{"pair":"DOGE/USDT","stake_amount":323.67608,"max_stake_amount":323.67608,"amount":1799.0,"open_date":"2025-11-10 20:00:00+00:00","close_date":"2025-11-10 22:00:00+00:00","open_rate":0.17992,"close_rate":0.18028020020020016,"fee_open":0.001,"fee_close":0.001,"trade_duration":120,"profit_ratio":0.0,"profit_abs":0.0,"exit_reason":"roi","initial_stop_loss_abs":0.17093,"initial_stop_loss_ratio":-0.05,"stop_loss_abs":0.17093,"stop_loss_ratio":-0.05,"min_rate":0.17824,"max_rate":0.18418,"is_open":false,"enter_tag":"","leverage":1.0,"is_short":false,"open_timestamp":1762804800000,"close_timestamp":1762812000000,"orders":[{"amount":1799.0,"safe_price":0.17992,"ft_order_side":"buy","order_filled_timestamp":1762804800000,"ft_is_entry":true,"ft_order_tag":"","cost":323.99975608},{"amount":1799.0,"safe_price":0.18028020020020016,"ft_order_side":"sell","order_filled_timestamp":1762812000000,"ft_is_entry":false,"ft_order_tag":"roi","cost":324.64840424032025}],"funding_fees":0.0,"weekday":0},{"pair":"DOGE/USDT","stake_amount":323.6257,"max_stake_amount":323.6257,"amount":1811.0,"open_date":"2025-11-11 15:00:00+00:00","close_date":"2025-11-12 16:00:00+00:00","open_rate":0.1787,"close_rate":0.16977,"fee_open":0.001,"fee_close":0.001,"trade_duration":1500,"profit_ratio":-0.05187017794740235,"profit_abs":-16.80330917,"exit_reason":"stop_loss","initial_stop_loss_abs":0.16977,"initial_stop_loss_ratio":-0.05,"stop_loss_abs":0.16977,"stop_loss_ratio":-0.05,"min_rate":0.1679,"max_rate":0.1787,"is_open":false,"enter_tag":"","leverage":1.0,"is_short":false,"open_timestamp":1762873200000,"close_timestamp":1762963200000,"orders":[{"amount":1811.0,"safe_price":0.1787,"ft_order_side":"buy","order_filled_timestamp":1762873200000,"ft_is_entry":true,"ft_order_tag":"","cost":323.9493257},{"amount":1811.0,"safe_price":0.16977,"ft_order_side":"sell","order_filled_timestamp":1762963200000,"ft_is_entry":false,"ft_order_tag":"stop_loss","cost":307.76092346999997}],"funding_fees":0.0,"weekday":2},{"pair":"DOGE/USDT","stake_amount":318.10464,"max_stake_amount":318.10464,"amount":1953.0,"open_date":"2025-11-14 16:00:00+00:00","close_date":"2025-11-14 18:00:00+00:00","open_rate":0.16288,"close_rate":0.16320608608608606,"fee_open":0.001,"fee_close":0.001,"trade_duration":120,"profit_ratio":0.0,"profit_abs":0.0,"exit_reason":"roi","initial_stop_loss_abs":0.15474,"initial_stop_loss_ratio":-0.05,"stop_loss_abs":0.15474,"stop_loss_ratio":-0.05,"min_rate":0.1609,"max_rate":0.16477,"is_open":false,"enter_tag":"","leverage":1.0,"is_short":false,"open_timestamp":1763136000000,"close_timestamp":1763143200000,"orders":[{"amount":1953.0,"safe_price":0.16288,"ft_order_side":"buy","order_filled_timestamp":1763136000000,"ft_is_entry":true,"ft_order_tag":"","cost":318.42274463999996},{"amount":1953.0,"safe_price":0.16320608608608606,"ft_order_side":"sell","order_filled_timestamp":1763143200000,"ft_is_entry":false,"ft_order_tag":"roi","cost":319.06022761225216}],"funding_fees":0.0,"weekday":4},{"pair":"DOGE/USDT","stake_amount":318.12739,"max_stake_amount":318.12739,"amount":1943.0,"open_date":"2025-11-16 03:00:00+00:00","close_date":"2025-11-16 05:00:00+00:00","open_rate":0.16373,"close_rate":0.16405778778778773,"fee_open":0.001,"fee_close":0.001,"trade_duration":120,"profit_ratio":0.0,"profit_abs":0.0,"exit_reason":"roi","initial_stop_loss_abs":0.15555,"initial_stop_loss_ratio":-0.05,"stop_loss_abs":0.15555,"stop_loss_ratio":-0.05,"min_rate":0.16271,"max_rate":0.16445,"is_open":false,"enter_tag":"","leverage":1.0,"is_short":false,"open_timestamp":1763262000000,"close_timestamp":1763269200000,"orders":[{"amount":1943.0,"safe_price":0.16373,"ft_order_side":"buy","order_filled_timestamp":1763262000000,"ft_is_entry":true,"ft_order_tag":"","cost":318.44551738999996},{"amount":1943.0,"safe_price":0.16405778778778773,"ft_order_side":"sell","order_filled_timestamp":1763269200000,"ft_is_entry":false,"ft_order_tag":"roi","cost":319.0830459533432}],"funding_fees":0.0,"weekday":6},{"pair":"DOGE/USDT","stake_amount":318.19788,"max_stake_amount":318.19788,"amount":2002.0,"open_date":"2025-11-19 08:00:00+00:00","close_date":"2025-11-19 15:00:00+00:00","open_rate":0.15894,"close_rate":0.1592581981981982,"fee_open":0.001,"fee_close":0.001,"trade_duration":420,"profit_ratio":0.0,"profit_abs":0.0,"exit_reason":"roi","initial_stop_loss_abs":0.151,"initial_stop_loss_ratio":-0.05,"stop_loss_abs":0.151,"stop_loss_ratio":-0.05,"min_rate":0.1542,"max_rate":0.15973,"is_open":false,"enter_tag":"","leverage":1.0,"is_short":false,"open_timestamp":1763539200000,"close_timestamp":1763564400000,"orders":[{"amount":2002.0,"safe_price":0.15894,"ft_order_side":"buy","order_filled_timestamp":1763539200000,"ft_is_entry":true,"ft_order_tag":"","cost":318.51607787999995},{"amount":2002.0,"safe_price":0.1592581981981982,"ft_order_side":"sell","order_filled_timestamp":1763564400000,"ft_is_entry":false,"ft_order_tag":"roi","cost":319.15374770558554}],"funding_fees":0.0,"weekday":2},{"pair":"DOGE/USDT","stake_amount":318.09036,"max_stake_amount":318.09036,"amount":2302.0,"open_date":"2025-11-22 12:00:00+00:00","close_date":"2025-11-22 14:00:00+00:00","open_rate":0.13818,"close_rate":0.13845663663663663,"fee_open":0.001,"fee_close":0.001,"trade_duration":120,"profit_ratio":0.0,"profit_abs":0.0,"exit_reason":"roi","initial_stop_loss_abs":0.13128,"initial_stop_loss_ratio":-0.05,"stop_loss_abs":0.13128,"stop_loss_ratio":-0.05,"min_rate":0.13563,"max_rate":0.13943,"is_open":false,"enter_tag":"","leverage":1.0,"is_short":false,"open_timestamp":1763812800000,"close_timestamp":1763820000000,"orders":[{"amount":2302.0,"safe_price":0.13818,"ft_order_side":"buy","order_filled_timestamp":1763812800000,"ft_is_entry":true,"ft_order_tag":"","cost":318.40845035999996},{"amount":2302.0,"safe_price":0.13845663663663663,"ft_order_side":"sell","order_filled_timestamp":1763820000000,"ft_is_entry":false,"ft_order_tag":"roi","cost":319.045904715075}],"funding_fees":0.0,"weekday":5},{"pair":"DOGE/USDT","stake_amount":318.1797,"max_stake_amount":318.1797,"amount":2185.0,"open_date":"2025-11-24 11:00:00+00:00","close_date":"2025-11-24 13:00:00+00:00","open_rate":0.14562,"close_rate":0.14591153153153152,"fee_open":0.001,"fee_close":0.001,"trade_duration":120,"profit_ratio":0.0,"profit_abs":0.0,"exit_reason":"roi","initial_stop_loss_abs":0.13834,"initial_stop_loss_ratio":-0.05,"stop_loss_abs":0.13834,"stop_loss_ratio":-0.05,"min_rate":0.14448,"max_rate":0.14699,"is_open":false,"enter_tag":"","leverage":1.0,"is_short":false,"open_timestamp":1763982000000,"close_timestamp":1763989200000,"orders":[{"amount":2185.0,"safe_price":0.14562,"ft_order_side":"buy","order_filled_timestamp":1763982000000,"ft_is_entry":true,"ft_order_tag":"","cost":318.4978797},{"amount":2185.0,"safe_price":0.14591153153153152,"ft_order_side":"sell","order_filled_timestamp":1763989200000,"ft_is_entry":false,"ft_order_tag":"roi","cost":319.13551309279273}],"funding_fees":0.0,"weekday":0},{"pair":"DOGE/USDT","stake_amount":318.07014,"max_stake_amount":318.07014,"amount":2182.0,"open_date":"2025-11-24 14:00:00+00:00","close_date":"2025-11-24 16:00:00+00:00","open_rate":0.14577,"close_rate":0.14682,"fee_open":0.001,"fee_close":0.001,"trade_duration":120,"profit_ratio":0.005190734353113444,"profit_abs":1.65266862,"exit_reason":"roi","initial_stop_loss_abs":0.13849,"initial_stop_loss_ratio":-0.05,"stop_loss_abs":0.13849,"stop_loss_ratio":-0.05,"min_rate":0.14279,"max_rate":0.14854,"is_open":false,"enter_tag":"","leverage":1.0,"is_short":false,"open_timestamp":1763992800000,"close_timestamp":1764000000000,"orders":[{"amount":2182.0,"safe_price":0.14577,"ft_order_side":"buy","order_filled_timestamp":1763992800000,"ft_is_entry":true,"ft_order_tag":"","cost":318.38821014},{"amount":2182.0,"safe_price":0.14682,"ft_order_side":"sell","order_filled_timestamp":1764000000000,"ft_is_entry":false,"ft_order_tag":"roi","cost":320.68160123999996}],"funding_fees":0.0,"weekday":0},{"pair":"DOGE/USDT","stake_amount":318.68496,"max_stake_amount":318.68496,"amount":2124.0,"open_date":"2025-11-29 03:00:00+00:00","close_date":"2025-11-29 05:00:00+00:00","open_rate":0.15004,"close_rate":0.1506,"fee_open":0.001,"fee_close":0.001,"trade_duration":120,"profit_ratio":0.0017268788263189758,"profit_abs":0.55088064,"exit_reason":"roi","initial_stop_loss_abs":0.14254,"initial_stop_loss_ratio":-0.05,"stop_loss_abs":0.14254,"stop_loss_ratio":-0.05,"min_rate":0.14955,"max_rate":0.15072,"is_open":false,"enter_tag":"","leverage":1.0,"is_short":false,"open_timestamp":1764385200000,"close_timestamp":1764392400000,"orders":[{"amount":2124.0,"safe_price":0.15004,"ft_order_side":"buy","order_filled_timestamp":1764385200000,"ft_is_entry":true,"ft_order_tag":"","cost":319.00364496},{"amount":2124.0,"safe_price":0.1506,"ft_order_side":"sell","order_filled_timestamp":1764392400000,"ft_is_entry":false,"ft_order_tag":"roi","cost":320.1942744}],"funding_fees":0.0,"weekday":5},{"pair":"DOGE/USDT","stake_amount":318.90495,"max_stake_amount":318.90495,"amount":2135.0,"open_date":"2025-11-30 04:00:00+00:00","close_date":"2025-11-30 08:00:00+00:00","open_rate":0.14937,"close_rate":0.14966903903903903,"fee_open":0.001,"fee_close":0.001,"trade_duration":240,"profit_ratio":0.0,"profit_abs":0.0,"exit_reason":"roi","initial_stop_loss_abs":0.14191,"initial_stop_loss_ratio":-0.05,"stop_loss_abs":0.14191,"stop_loss_ratio":-0.05,"min_rate":0.14839,"max_rate":0.14988,"is_open":false,"enter_tag":"","leverage":1.0,"is_short":false,"open_timestamp":1764475200000,"close_timestamp":1764489600000,"orders":[{"amount":2135.0,"safe_price":0.14937,"ft_order_side":"buy","order_filled_timestamp":1764475200000,"ft_is_entry":true,"ft_order_tag":"","cost":319.22385495},{"amount":2135.0,"safe_price":0.14966903903903903,"ft_order_side":"sell","order_filled_timestamp":1764489600000,"ft_is_entry":false,"ft_order_tag":"roi","cost":319.8629417466966}],"funding_fees":0.0,"weekday":6},{"pair":"DOGE/USDT","stake_amount":318.81891,"max_stake_amount":318.81891,"amount":2131.0,"open_date":"2025-11-30 10:00:00+00:00","close_date":"2025-11-30 12:00:00+00:00","open_rate":0.14961,"close_rate":0.1499095195195195,"fee_open":0.001,"fee_close":0.001,"trade_duration":120,"profit_ratio":0.0,"profit_abs":0.0,"exit_reason":"roi","initial_stop_loss_abs":0.14213,"initial_stop_loss_ratio":-0.05,"stop_loss_abs":0.14213,"stop_loss_ratio":-0.05,"min_rate":0.14854,"max_rate":0.15015,"is_open":false,"enter_tag":"","leverage":1.0,"is_short":false,"open_timestamp":1764496800000,"close_timestamp":1764504000000,"orders":[{"amount":2131.0,"safe_price":0.14961,"ft_order_side":"buy","order_filled_timestamp":1764496800000,"ft_is_entry":true,"ft_order_tag":"","cost":319.1377289099999},{"amount":2131.0,"safe_price":0.1499095195195195,"ft_order_side":"sell","order_filled_timestamp":1764504000000,"ft_is_entry":false,"ft_order_tag":"roi","cost":319.77664328219214}],"funding_fees":0.0,"weekday":6},{"pair":"DOGE/USDT","stake_amount":318.81928,"max_stake_amount":318.81928,"amount":2132.0,"open_date":"2025-11-30 13:00:00+00:00","close_date":"2025-11-30 16:00:00+00:00","open_rate":0.14954,"close_rate":0.14983937937937936,"fee_open":0.001,"fee_close":0.001,"trade_duration":180,"profit_ratio":0.0,"profit_abs":0.0,"exit_reason":"roi","initial_stop_loss_abs":0.14207,"initial_stop_loss_ratio":-0.05,"stop_loss_abs":0.14207,"stop_loss_ratio":-0.05,"min_rate":0.14894,"max_rate":0.15059,"is_open":false,"enter_tag":"","leverage":1.0,"is_short":false,"open_timestamp":1764507600000,"close_timestamp":1764518400000,"orders":[{"amount":2132.0,"safe_price":0.14954,"ft_order_side":"buy","order_filled_timestamp":1764507600000,"ft_is_entry":true,"ft_order_tag":"","cost":319.13809927999995},{"amount":2132.0,"safe_price":0.14983937937937936,"ft_order_side":"sell","order_filled_timestamp":1764518400000,"ft_is_entry":false,"ft_order_tag":"roi","cost":319.7770143936736}],"funding_fees":0.0,"weekday":6},{"pair":"DOGE/USDT","stake_amount":318.90496,"max_stake_amount":318.90496,"amount":2134.0,"open_date":"2025-11-30 23:00:00+00:00","close_date":"2025-12-01 00:00:00+00:00","open_rate":0.14944,"close_rate":0.14197,"fee_open":0.001,"fee_close":0.001,"trade_duration":60,"profit_ratio":-0.05188474534031279,"profit_abs":-16.56284894,"exit_reason":"stop_loss","initial_stop_loss_abs":0.14197,"initial_stop_loss_ratio":-0.05,"stop_loss_abs":0.14197,"stop_loss_ratio":-0.05,"min_rate":0.13876,"max_rate":0.14949,"is_open":false,"enter_tag":"","leverage":1.0,"is_short":false,"open_timestamp":1764543600000,"close_timestamp":1764547200000,"orders":[{"amount":2134.0,"safe_price":0.14944,"ft_order_side":"buy","order_filled_timestamp":1764543600000,"ft_is_entry":true,"ft_order_tag":"","cost":319.2238649599999},{"amount":2134.0,"safe_price":0.14197,"ft_order_side":"sell","order_filled_timestamp":1764547200000,"ft_is_entry":false,"ft_order_tag":"stop_loss","cost":303.26694398}],"funding_fees":0.0,"weekday":0},{"pair":"DOGE/USDT","stake_amount":313.39178,"max_stake_amount":313.39178,"amount":2089.0,"open_date":"2025-12-04 10:00:00+00:00","close_date":"2025-12-04 15:00:00+00:00","open_rate":0.15002,"close_rate":0.1503203403403403,"fee_open":0.001,"fee_close":0.001,"trade_duration":300,"profit_ratio":0.0,"profit_abs":0.0,"exit_reason":"roi","initial_stop_loss_abs":0.14252,"initial_stop_loss_ratio":-0.05,"stop_loss_abs":0.14252,"stop_loss_ratio":-0.05,"min_rate":0.14781,"max_rate":0.15103,"is_open":false,"enter_tag":"","leverage":1.0,"is_short":false,"open_timestamp":1764842400000,"close_timestamp":1764860400000,"orders":[{"amount":2089.0,"safe_price":0.15002,"ft_order_side":"buy","order_filled_timestamp":1764842400000,"ft_is_entry":true,"ft_order_tag":"","cost":313.70517177999994},{"amount":2089.0,"safe_price":0.1503203403403403,"ft_order_side":"sell","order_filled_timestamp":1764860400000,"ft_is_entry":false,"ft_order_tag":"roi","cost":314.33321016194185}],"funding_fees":0.0,"weekday":3},{"pair":"DOGE/USDT","stake_amount":313.43403,"max_stake_amount":313.43403,"amount":2247.0,"open_date":"2025-12-06 13:00:00+00:00","close_date":"2025-12-06 15:00:00+00:00","open_rate":0.13949,"close_rate":0.14004,"fee_open":0.001,"fee_close":0.001,"trade_duration":120,"profit_ratio":0.0019370549874528655,"profit_abs":0.60774609,"exit_reason":"roi","initial_stop_loss_abs":0.13252,"initial_stop_loss_ratio":-0.05,"stop_loss_abs":0.13252,"stop_loss_ratio":-0.05,"min_rate":0.13902,"max_rate":0.14076,"is_open":false,"enter_tag":"","leverage":1.0,"is_short":false,"open_timestamp":1765026000000,"close_timestamp":1765033200000,"orders":[{"amount":2247.0,"safe_price":0.13949,"ft_order_side":"buy","order_filled_timestamp":1765026000000,"ft_is_entry":true,"ft_order_tag":"","cost":313.74746402999995},{"amount":2247.0,"safe_price":0.14004,"ft_order_side":"sell","order_filled_timestamp":1765033200000,"ft_is_entry":false,"ft_order_tag":"roi","cost":314.9845498799999}],"funding_fees":0.0,"weekday":5},{"pair":"DOGE/USDT","stake_amount":313.56072,"max_stake_amount":313.56072,"amount":2241.0,"open_date":"2025-12-06 22:00:00+00:00","close_date":"2025-12-07 00:00:00+00:00","open_rate":0.13992,"close_rate":0.1402001201201201,"fee_open":0.001,"fee_close":0.001,"trade_duration":120,"profit_ratio":0.0,"profit_abs":0.0,"exit_reason":"roi","initial_stop_loss_abs":0.13293,"initial_stop_loss_ratio":-0.05,"stop_loss_abs":0.13293,"stop_loss_ratio":-0.05,"min_rate":0.13906,"max_rate":0.14039,"is_open":false,"enter_tag":"","leverage":1.0,"is_short":false,"open_timestamp":1765058400000,"close_timestamp":1765065600000,"orders":[{"amount":2241.0,"safe_price":0.13992,"ft_order_side":"buy","order_filled_timestamp":1765058400000,"ft_is_entry":true,"ft_order_tag":"","cost":313.8742807199999},{"amount":2241.0,"safe_price":0.1402001201201201,"ft_order_side":"sell","order_filled_timestamp":1765065600000,"ft_is_entry":false,"ft_order_tag":"roi","cost":314.50265765837827}],"funding_fees":0.0,"weekday":6},{"pair":"DOGE/USDT","stake_amount":313.56029,"max_stake_amount":313.56029,"amount":2237.0,"open_date":"2025-12-07 01:00:00+00:00","close_date":"2025-12-07 06:00:00+00:00","open_rate":0.14017,"close_rate":0.1404506206206206,"fee_open":0.001,"fee_close":0.001,"trade_duration":300,"profit_ratio":0.0,"profit_abs":0.0,"exit_reason":"roi","initial_stop_loss_abs":0.13317,"initial_stop_loss_ratio":-0.05,"stop_loss_abs":0.13317,"stop_loss_ratio":-0.05,"min_rate":0.13957,"max_rate":0.1409,"is_open":false,"enter_tag":"","leverage":1.0,"is_short":false,"open_timestamp":1765069200000,"close_timestamp":1765087200000,"orders":[{"amount":2237.0,"safe_price":0.14017,"ft_order_side":"buy","order_filled_timestamp":1765069200000,"ft_is_entry":true,"ft_order_tag":"","cost":313.8738502899999},{"amount":2237.0,"safe_price":0.1404506206206206,"ft_order_side":"sell","order_filled_timestamp":1765087200000,"ft_is_entry":false,"ft_order_tag":"roi","cost":314.50222636665654}],"funding_fees":0.0,"weekday":6},{"pair":"DOGE/USDT","stake_amount":313.61217,"max_stake_amount":313.61217,"amount":2371.0,"open_date":"2025-12-20 21:00:00+00:00","close_date":"2025-12-21 08:00:00+00:00","open_rate":0.13227,"close_rate":0.13253480480480478,"fee_open":0.001,"fee_close":0.001,"trade_duration":660,"profit_ratio":0.0,"profit_abs":0.0,"exit_reason":"roi","initial_stop_loss_abs":0.12566,"initial_stop_loss_ratio":-0.05,"stop_loss_abs":0.12566,"stop_loss_ratio":-0.05,"min_rate":0.13049,"max_rate":0.13307,"is_open":false,"enter_tag":"","leverage":1.0,"is_short":false,"open_timestamp":1766264400000,"close_timestamp":1766304000000,"orders":[{"amount":2371.0,"safe_price":0.13227,"ft_order_side":"buy","order_filled_timestamp":1766264400000,"ft_is_entry":true,"ft_order_tag":"","cost":313.92578216999993},{"amount":2371.0,"safe_price":0.13253480480480478,"ft_order_side":"sell","order_filled_timestamp":1766304000000,"ft_is_entry":false,"ft_order_tag":"roi","cost":314.5542622143843}],"funding_fees":0.0,"weekday":6},{"pair":"DOGE/USDT","stake_amount":313.56441,"max_stake_amount":313.56441,"amount":2361.0,"open_date":"2025-12-21 09:00:00+00:00","close_date":"2025-12-22 00:00:00+00:00","open_rate":0.13281,"close_rate":0.13307588588588587,"fee_open":0.001,"fee_close":0.001,"trade_duration":900,"profit_ratio":0.0,"profit_abs":0.0,"exit_reason":"roi","initial_stop_loss_abs":0.12617,"initial_stop_loss_ratio":-0.05,"stop_loss_abs":0.12617,"stop_loss_ratio":-0.05,"min_rate":0.12871,"max_rate":0.13424,"is_open":false,"enter_tag":"","leverage":1.0,"is_short":false,"open_timestamp":1766307600000,"close_timestamp":1766361600000,"orders":[{"amount":2361.0,"safe_price":0.13281,"ft_order_side":"buy","order_filled_timestamp":1766307600000,"ft_is_entry":true,"ft_order_tag":"","cost":313.87797441},{"amount":2361.0,"safe_price":0.13307588588588587,"ft_order_side":"sell","order_filled_timestamp":1766361600000,"ft_is_entry":false,"ft_order_tag":"roi","cost":314.5063587431531}],"funding_fees":0.0,"weekday":0},{"pair":"DOGE/USDT","stake_amount":313.61584,"max_stake_amount":313.61584,"amount":2386.0,"open_date":"2025-12-22 22:00:00+00:00","close_date":"2025-12-23 00:00:00+00:00","open_rate":0.13144,"close_rate":0.13258,"fee_open":0.001,"fee_close":0.001,"trade_duration":120,"profit_ratio":0.0066578278690268946,"profit_abs":2.09008828,"exit_reason":"roi","initial_stop_loss_abs":0.12487,"initial_stop_loss_ratio":-0.05,"stop_loss_abs":0.12487,"stop_loss_ratio":-0.05,"min_rate":0.13111,"max_rate":0.13342,"is_open":false,"enter_tag":"","leverage":1.0,"is_short":false,"open_timestamp":1766440800000,"close_timestamp":1766448000000,"orders":[{"amount":2386.0,"safe_price":0.13144,"ft_order_side":"buy","order_filled_timestamp":1766440800000,"ft_is_entry":true,"ft_order_tag":"","cost":313.92945583999995},{"amount":2386.0,"safe_price":0.13258,"ft_order_side":"sell","order_filled_timestamp":1766448000000,"ft_is_entry":false,"ft_order_tag":"roi","cost":316.65221587999997}],"funding_fees":0.0,"weekday":1},{"pair":"DOGE/USDT","stake_amount":314.23872,"max_stake_amount":314.23872,"amount":2432.0,"open_date":"2025-12-24 23:00:00+00:00","close_date":"2025-12-26 14:00:00+00:00","open_rate":0.12921,"close_rate":0.12275,"fee_open":0.001,"fee_close":0.001,"trade_duration":2340,"profit_ratio":-0.051894239960179125,"profit_abs":-16.32348672,"exit_reason":"stop_loss","initial_stop_loss_abs":0.12275,"initial_stop_loss_ratio":-0.05,"stop_loss_abs":0.12275,"stop_loss_ratio":-0.05,"min_rate":0.12238,"max_rate":0.12927,"is_open":false,"enter_tag":"","leverage":1.0,"is_short":false,"open_timestamp":1766617200000,"close_timestamp":1766757600000,"orders":[{"amount":2432.0,"safe_price":0.12921,"ft_order_side":"buy","order_filled_timestamp":1766617200000,"ft_is_entry":true,"ft_order_tag":"","cost":314.55295872},{"amount":2432.0,"safe_price":0.12275,"ft_order_side":"sell","order_filled_timestamp":1766757600000,"ft_is_entry":false,"ft_order_tag":"stop_loss","cost":298.826528}],"funding_fees":0.0,"weekday":4},{"pair":"DOGE/USDT","stake_amount":308.8555,"max_stake_amount":308.8555,"amount":2510.0,"open_date":"2025-12-27 12:00:00+00:00","close_date":"2025-12-27 16:00:00+00:00","open_rate":0.12305,"close_rate":0.12329634634634634,"fee_open":0.001,"fee_close":0.001,"trade_duration":240,"profit_ratio":0.0,"profit_abs":0.0,"exit_reason":"roi","initial_stop_loss_abs":0.1169,"initial_stop_loss_ratio":-0.05,"stop_loss_abs":0.1169,"stop_loss_ratio":-0.05,"min_rate":0.12242,"max_rate":0.1234,"is_open":false,"enter_tag":"","leverage":1.0,"is_short":false,"open_timestamp":1766836800000,"close_timestamp":1766851200000,"orders":[{"amount":2510.0,"safe_price":0.12305,"ft_order_side":"buy","order_filled_timestamp":1766836800000,"ft_is_entry":true,"ft_order_tag":"","cost":309.1643555},{"amount":2510.0,"safe_price":0.12329634634634634,"ft_order_side":"sell","order_filled_timestamp":1766851200000,"ft_is_entry":false,"ft_order_tag":"roi","cost":309.7833031586586}],"funding_fees":0.0,"weekday":5},{"pair":"DOGE/USDT","stake_amount":308.97066,"max_stake_amount":308.97066,"amount":2469.0,"open_date":"2025-12-29 01:00:00+00:00","close_date":"2025-12-29 03:00:00+00:00","open_rate":0.12514,"close_rate":0.12639,"fee_open":0.001,"fee_close":0.001,"trade_duration":120,"profit_ratio":0.007970852864571899,"profit_abs":2.46522243,"exit_reason":"roi","initial_stop_loss_abs":0.11889,"initial_stop_loss_ratio":-0.05,"stop_loss_abs":0.11889,"stop_loss_ratio":-0.05,"min_rate":0.12437,"max_rate":0.12777,"is_open":false,"enter_tag":"","leverage":1.0,"is_short":false,"open_timestamp":1766970000000,"close_timestamp":1766977200000,"orders":[{"amount":2469.0,"safe_price":0.12514,"ft_order_side":"buy","order_filled_timestamp":1766970000000,"ft_is_entry":true,"ft_order_tag":"","cost":309.27963065999995},{"amount":2469.0,"safe_price":0.12639,"ft_order_side":"sell","order_filled_timestamp":1766977200000,"ft_is_entry":false,"ft_order_tag":"roi","cost":312.36896691}],"funding_fees":0.0,"weekday":0},{"pair":"DOGE/USDT","stake_amount":309.7448,"max_stake_amount":309.7448,"amount":2504.0,"open_date":"2025-12-29 15:00:00+00:00","close_date":"2025-12-29 17:00:00+00:00","open_rate":0.1237,"close_rate":0.12394764764764764,"fee_open":0.001,"fee_close":0.001,"trade_duration":120,"profit_ratio":0.0,"profit_abs":0.0,"exit_reason":"roi","initial_stop_loss_abs":0.11752,"initial_stop_loss_ratio":-0.05,"stop_loss_abs":0.11752,"stop_loss_ratio":-0.05,"min_rate":0.12325,"max_rate":0.12475,"is_open":false,"enter_tag":"","leverage":1.0,"is_short":false,"open_timestamp":1767020400000,"close_timestamp":1767027600000,"orders":[{"amount":2504.0,"safe_price":0.1237,"ft_order_side":"buy","order_filled_timestamp":1767020400000,"ft_is_entry":true,"ft_order_tag":"","cost":310.0545448},{"amount":2504.0,"safe_price":0.12394764764764764,"ft_order_side":"sell","order_filled_timestamp":1767027600000,"ft_is_entry":false,"ft_order_tag":"roi","cost":310.6752746194194}],"funding_fees":0.0,"weekday":0},{"pair":"DOGE/USDT","stake_amount":309.68124,"max_stake_amount":309.68124,"amount":2487.0,"open_date":"2025-12-30 09:00:00+00:00","close_date":"2025-12-30 11:00:00+00:00","open_rate":0.12452,"close_rate":0.12476928928928928,"fee_open":0.001,"fee_close":0.001,"trade_duration":120,"profit_ratio":0.0,"profit_abs":0.0,"exit_reason":"roi","initial_stop_loss_abs":0.1183,"initial_stop_loss_ratio":-0.05,"stop_loss_abs":0.1183,"stop_loss_ratio":-0.05,"min_rate":0.1243,"max_rate":0.12525,"is_open":false,"enter_tag":"","leverage":1.0,"is_short":false,"open_timestamp":1767085200000,"close_timestamp":1767092400000,"orders":[{"amount":2487.0,"safe_price":0.12452,"ft_order_side":"buy","order_filled_timestamp":1767085200000,"ft_is_entry":true,"ft_order_tag":"","cost":309.99092124},{"amount":2487.0,"safe_price":0.12476928928928928,"ft_order_side":"sell","order_filled_timestamp":1767092400000,"ft_is_entry":false,"ft_order_tag":"roi","cost":310.61152368492486}],"funding_fees":0.0,"weekday":1},{"pair":"DOGE/USDT","stake_amount":309.75238,"max_stake_amount":309.75238,"amount":2513.0,"open_date":"2025-12-30 23:00:00+00:00","close_date":"2025-12-31 01:00:00+00:00","open_rate":0.12326,"close_rate":0.12350676676676675,"fee_open":0.001,"fee_close":0.001,"trade_duration":120,"profit_ratio":0.0,"profit_abs":0.0,"exit_reason":"roi","initial_stop_loss_abs":0.1171,"initial_stop_loss_ratio":-0.05,"stop_loss_abs":0.1171,"stop_loss_ratio":-0.05,"min_rate":0.12291,"max_rate":0.12376,"is_open":false,"enter_tag":"","leverage":1.0,"is_short":false,"open_timestamp":1767135600000,"close_timestamp":1767142800000,"orders":[{"amount":2513.0,"safe_price":0.12326,"ft_order_side":"buy","order_filled_timestamp":1767135600000,"ft_is_entry":true,"ft_order_tag":"","cost":310.0621323799999},{"amount":2513.0,"safe_price":0.12350676676676675,"ft_order_side":"sell","order_filled_timestamp":1767142800000,"ft_is_entry":false,"ft_order_tag":"roi","cost":310.6828773897697}],"funding_fees":0.0,"weekday":2},{"pair":"DOGE/USDT","stake_amount":309.75472,"max_stake_amount":309.75472,"amount":2512.0,"open_date":"2025-12-31 02:00:00+00:00","close_date":"2025-12-31 08:00:00+00:00","open_rate":0.12331,"close_rate":0.12355686686686686,"fee_open":0.001,"fee_close":0.001,"trade_duration":360,"profit_ratio":0.0,"profit_abs":0.0,"exit_reason":"roi","initial_stop_loss_abs":0.11715,"initial_stop_loss_ratio":-0.05,"stop_loss_abs":0.11715,"stop_loss_ratio":-0.05,"min_rate":0.12289,"max_rate":0.1237,"is_open":false,"enter_tag":"","leverage":1.0,"is_short":false,"open_timestamp":1767146400000,"close_timestamp":1767168000000,"orders":[{"amount":2512.0,"safe_price":0.12331,"ft_order_side":"buy","order_filled_timestamp":1767146400000,"ft_is_entry":true,"ft_order_tag":"","cost":310.06447471999996},{"amount":2512.0,"safe_price":0.12355686686686686,"ft_order_side":"sell","order_filled_timestamp":1767168000000,"ft_is_entry":false,"ft_order_tag":"roi","cost":310.6852244191391}],"funding_fees":0.0,"weekday":2},{"pair":"DOGE/USDT","stake_amount":309.66656,"max_stake_amount":309.66656,"amount":2176.0,"open_date":"2026-01-03 21:00:00+00:00","close_date":"2026-01-03 23:00:00+00:00","open_rate":0.14231,"close_rate":0.14275,"fee_open":0.001,"fee_close":0.001,"trade_duration":120,"profit_ratio":0.001087662249913673,"profit_abs":0.33714944,"exit_reason":"roi","initial_stop_loss_abs":0.1352,"initial_stop_loss_ratio":-0.05,"stop_loss_abs":0.1352,"stop_loss_ratio":-0.05,"min_rate":0.14207,"max_rate":0.14372,"is_open":false,"enter_tag":"","leverage":1.0,"is_short":false,"open_timestamp":1767474000000,"close_timestamp":1767481200000,"orders":[{"amount":2176.0,"safe_price":0.14231,"ft_order_side":"buy","order_filled_timestamp":1767474000000,"ft_is_entry":true,"ft_order_tag":"","cost":309.97622656},{"amount":2176.0,"safe_price":0.14275,"ft_order_side":"sell","order_filled_timestamp":1767481200000,"ft_is_entry":false,"ft_order_tag":"roi","cost":310.9346239999999}],"funding_fees":0.0,"weekday":5},{"pair":"DOGE/USDT","stake_amount":309.876,"max_stake_amount":309.876,"amount":2040.0,"open_date":"2026-01-05 03:00:00+00:00","close_date":"2026-01-05 17:00:00+00:00","open_rate":0.1519,"close_rate":0.1522041041041041,"fee_open":0.001,"fee_close":0.001,"trade_duration":840,"profit_ratio":0.0,"profit_abs":0.0,"exit_reason":"roi","initial_stop_loss_abs":0.14431,"initial_stop_loss_ratio":-0.05,"stop_loss_abs":0.14431,"stop_loss_ratio":-0.05,"min_rate":0.14581,"max_rate":0.15386,"is_open":false,"enter_tag":"","leverage":1.0,"is_short":false,"open_timestamp":1767582000000,"close_timestamp":1767632400000,"orders":[{"amount":2040.0,"safe_price":0.1519,"ft_order_side":"buy","order_filled_timestamp":1767582000000,"ft_is_entry":true,"ft_order_tag":"","cost":310.185876},{"amount":2040.0,"safe_price":0.1522041041041041,"ft_order_side":"sell","order_filled_timestamp":1767632400000,"ft_is_entry":false,"ft_order_tag":"roi","cost":310.8068687447447}],"funding_fees":0.0,"weekday":0},{"pair":"DOGE/USDT","stake_amount":309.8389,"max_stake_amount":309.8389,"amount":2030.0,"open_date":"2026-01-06 15:00:00+00:00","close_date":"2026-01-06 16:00:00+00:00","open_rate":0.15263,"close_rate":0.145,"fee_open":0.001,"fee_close":0.001,"trade_duration":60,"profit_ratio":-0.051888293845969276,"profit_abs":-16.0930889,"exit_reason":"stop_loss","initial_stop_loss_abs":0.145,"initial_stop_loss_ratio":-0.05,"stop_loss_abs":0.145,"stop_loss_ratio":-0.05,"min_rate":0.14417,"max_rate":0.15353,"is_open":false,"enter_tag":"","leverage":1.0,"is_short":false,"open_timestamp":1767711600000,"close_timestamp":1767715200000,"orders":[{"amount":2030.0,"safe_price":0.15263,"ft_order_side":"buy","order_filled_timestamp":1767711600000,"ft_is_entry":true,"ft_order_tag":"","cost":310.14873889999996},{"amount":2030.0,"safe_price":0.145,"ft_order_side":"sell","order_filled_timestamp":1767715200000,"ft_is_entry":false,"ft_order_tag":"stop_loss","cost":294.6443499999999}],"funding_fees":0.0,"weekday":1}],"locks":[],"best_pair":{"key":"DOGE/USDT","trades":43,"profit_mean":-0.005578215170995144,"profit_mean_pct":-0.56,"profit_total_abs":-77.01418724000001,"profit_total":-0.07701418724000002,"profit_total_pct":-7.7,"duration_avg":"4:52:00","wins":11,"draws":26,"losses":6,"winrate":0.2558139534883721,"cagr":-0.26033881660020464,"expectancy":-1.791027610232558,"expectancy_ratio":-0.7119011539323836,"sortino":-35.6228492582823,"sharpe":-2.476280870636222,"calmar":-17.318948643580246,"sqn":-1.8949,"profit_factor":0.2313750634845837,"max_drawdown_account":0.08758382542332495,"max_drawdown_abs":88.59841654},"worst_pair":{"key":"DOGE/USDT","trades":43,"profit_mean":-0.005578215170995144,"profit_mean_pct":-0.56,"profit_total_abs":-77.01418724000001,"profit_total":-0.07701418724000002,"profit_total_pct":-7.7,"duration_avg":"4:52:00","wins":11,"draws":26,"losses":6,"winrate":0.2558139534883721,"cagr":-0.26033881660020464,"expectancy":-1.791027610232558,"expectancy_ratio":-0.7119011539323836,"sortino":-35.6228492582823,"sharpe":-2.476280870636222,"calmar":-17.318948643580246,"sqn":-1.8949,"profit_factor":0.2313750634845837,"max_drawdown_account":0.08758382542332495,"max_drawdown_abs":88.59841654},"results_per_pair":[{"key":"DOGE/USDT","trades":43,"profit_mean":-0.005578215170995144,"profit_mean_pct":-0.56,"profit_total_abs":-77.01418724000001,"profit_total":-0.07701418724000002,"profit_total_pct":-7.7,"duration_avg":"4:52:00","wins":11,"draws":26,"losses":6,"winrate":0.2558139534883721,"cagr":-0.26033881660020464,"expectancy":-1.791027610232558,"expectancy_ratio":-0.7119011539323836,"sortino":-35.6228492582823,"sharpe":-2.476280870636222,"calmar":-17.318948643580246,"sqn":-1.8949,"profit_factor":0.2313750634845837,"max_drawdown_account":0.08758382542332495,"max_drawdown_abs":88.59841654},{"key":"TOTAL","trades":43,"profit_mean":-0.005578215170995144,"profit_mean_pct":-0.56,"profit_total_abs":-77.01418724000001,"profit_total":-0.07701418724000002,"profit_total_pct":-7.7,"duration_avg":"4:52:00","wins":11,"draws":26,"losses":6,"winrate":0.2558139534883721,"cagr":-0.26033881660020464,"expectancy":-1.791027610232558,"expectancy_ratio":-0.7119011539323836,"sortino":-35.6228492582823,"sharpe":-2.476280870636222,"calmar":-17.318948643580246,"sqn":-1.8949,"profit_factor":0.2313750634845837,"max_drawdown_account":0.08758382542332495,"max_drawdown_abs":88.59841654}],"results_per_enter_tag":[{"key":"","trades":43,"profit_mean":-0.005578215170995144,"profit_mean_pct":-0.56,"profit_total_abs":-77.01418724000001,"profit_total":-0.07701418724000002,"profit_total_pct":-7.7,"duration_avg":"4:52:00","wins":11,"draws":26,"losses":6,"winrate":0.2558139534883721,"cagr":-0.26033881660020464,"expectancy":-1.791027610232558,"expectancy_ratio":-0.7119011539323836,"sortino":-35.6228492582823,"sharpe":-2.476280870636222,"calmar":-17.318948643580246,"sqn":-1.8949,"profit_factor":0.2313750634845837,"max_drawdown_account":0.08758382542332495,"max_drawdown_abs":88.59841654},{"key":"TOTAL","trades":43,"profit_mean":-0.005578215170995144,"profit_mean_pct":-0.56,"profit_total_abs":-77.01418724000001,"profit_total":-0.07701418724000002,"profit_total_pct":-7.7,"duration_avg":"4:52:00","wins":11,"draws":26,"losses":6,"winrate":0.2558139534883721,"cagr":-0.26033881660020464,"expectancy":-1.791027610232558,"expectancy_ratio":-0.7119011539323836,"sortino":-35.6228492582823,"sharpe":-2.476280870636222,"calmar":-17.318948643580246,"sqn":-1.8949,"profit_factor":0.2313750634845837,"max_drawdown_account":0.08758382542332495,"max_drawdown_abs":88.59841654}],"exit_reason_summary":[{"key":"roi","trades":37,"profit_mean":0.0019309487390914365,"profit_mean_pct":0.19,"profit_total_abs":23.18316986,"profit_total":0.02318316986,"profit_total_pct":2.32,"duration_avg":"3:31:00","wins":11,"draws":26,"losses":0,"winrate":0.2972972972972973,"cagr":0.09006769692789796,"expectancy":0.6265721583783784,"expectancy_ratio":100.0,"sortino":-100,"sharpe":3.5122926586629704,"calmar":-100,"sqn":2.8918,"profit_factor":0.0,"max_drawdown_account":0.0,"max_drawdown_abs":0.0},{"key":"stop_loss","trades":6,"profit_mean":-0.0518847259498624,"profit_mean_pct":-5.19,"profit_total_abs":-100.1973571,"profit_total":-0.10019735710000001,"profit_total_pct":-10.02,"duration_avg":"13:10:00","wins":0,"draws":0,"losses":6,"winrate":0.0,"cagr":-0.32785750170311545,"expectancy":-16.699559516666667,"expectancy_ratio":-1.0,"sortino":-46.34620549754673,"sharpe":-46.34620549754673,"calmar":-19.695848633549282,"sqn":-87.6947,"profit_factor":0.0,"max_drawdown_account":0.10019735709999998,"max_drawdown_abs":100.1973571},{"key":"TOTAL","trades":43,"profit_mean":-0.005578215170995144,"profit_mean_pct":-0.56,"profit_total_abs":-77.01418724000001,"profit_total":-0.07701418724000002,"profit_total_pct":-7.7,"duration_avg":"4:52:00","wins":11,"draws":26,"losses":6,"winrate":0.2558139534883721,"cagr":-0.26033881660020464,"expectancy":-1.791027610232558,"expectancy_ratio":-0.7119011539323836,"sortino":-35.6228492582823,"sharpe":-2.476280870636222,"calmar":-17.318948643580246,"sqn":-1.8949,"profit_factor":0.2313750634845837,"max_drawdown_account":0.08758382542332495,"max_drawdown_abs":88.59841654}],"mix_tag_stats":[{"key":["","roi"],"trades":37,"profit_mean":0.0019309487390914365,"profit_mean_pct":0.19,"profit_total_abs":23.18316986,"profit_total":0.02318316986,"profit_total_pct":2.32,"duration_avg":"3:31:00","wins":11,"draws":26,"losses":0,"winrate":0.2972972972972973,"cagr":0.09006769692789796,"expectancy":0.6265721583783784,"expectancy_ratio":100.0,"sortino":-100,"sharpe":3.5122926586629704,"calmar":-100,"sqn":2.8918,"profit_factor":0.0,"max_drawdown_account":0.0,"max_drawdown_abs":0.0},{"key":["","stop_loss"],"trades":6,"profit_mean":-0.0518847259498624,"profit_mean_pct":-5.19,"profit_total_abs":-100.1973571,"profit_total":-0.10019735710000001,"profit_total_pct":-10.02,"duration_avg":"13:10:00","wins":0,"draws":0,"losses":6,"winrate":0.0,"cagr":-0.32785750170311545,"expectancy":-16.699559516666667,"expectancy_ratio":-1.0,"sortino":-46.34620549754673,"sharpe":-46.34620549754673,"calmar":-19.695848633549282,"sqn":-87.6947,"profit_factor":0.0,"max_drawdown_account":0.10019735709999998,"max_drawdown_abs":100.1973571},{"key":"TOTAL","trades":43,"profit_mean":-0.005578215170995144,"profit_mean_pct":-0.56,"profit_total_abs":-77.01418724000001,"profit_total":-0.07701418724000002,"profit_total_pct":-7.7,"duration_avg":"4:52:00","wins":11,"draws":26,"losses":6,"winrate":0.2558139534883721,"cagr":-0.26033881660020464,"expectancy":-1.791027610232558,"expectancy_ratio":-0.7119011539323836,"sortino":-35.6228492582823,"sharpe":-2.476280870636222,"calmar":-17.318948643580246,"sqn":-1.8949,"profit_factor":0.2313750634845837,"max_drawdown_account":0.08758382542332495,"max_drawdown_abs":88.59841654}],"left_open_trades":[{"key":"TOTAL","trades":0,"profit_mean":0.0,"profit_mean_pct":0.0,"profit_total_abs":0.0,"profit_total":0.0,"profit_total_pct":0.0,"duration_avg":"0:00","wins":0,"draws":0,"losses":0,"winrate":0.0,"cagr":0.0,"expectancy":0.0,"expectancy_ratio":100.0,"sortino":0,"sharpe":0,"calmar":0,"sqn":0.0,"profit_factor":0.0,"max_drawdown_account":0.0,"max_drawdown_abs":0.0}],"total_trades":43,"trade_count_long":43,"trade_count_short":0,"total_volume":27412.017378251006,"avg_stake_amount":319.00305,"profit_mean":-0.005578215170995144,"profit_median":0.0,"profit_total":-0.07701418724000002,"profit_total_long":-0.07701418724000002,"profit_total_short":0.0,"profit_total_abs":-77.01418724000001,"profit_total_long_abs":-77.01418724000001,"profit_total_short_abs":0.0,"cagr":-0.26033881660020464,"expectancy":-1.791027610232558,"expectancy_ratio":-0.7119011539323836,"sortino":-35.6228492582823,"sharpe":-2.476280870636222,"calmar":-17.318948643580246,"sqn":-1.8949,"profit_factor":0.2313750634845837,"backtest_start":"2025-10-01 00:00:00","backtest_start_ts":1759276800000,"backtest_end":"2026-01-06 20:00:00","backtest_end_ts":1767729600000,"backtest_days":97,"backtest_run_start_ts":1767747115,"backtest_run_end_ts":1767747115,"trades_per_day":0.44,"market_change":-0.36632086436227446,"pairlist":["DOGE/USDT"],"stake_amount":"unlimited","stake_currency":"USDT","stake_currency_decimals":3,"starting_balance":1000,"dry_run_wallet":1000,"final_balance":922.98581276,"rejected_signals":0,"timedout_entry_orders":0,"timedout_exit_orders":0,"canceled_trade_entries":0,"canceled_entry_orders":0,"replaced_entry_orders":0,"max_open_trades":1,"max_open_trades_setting":3,"timeframe":"1h","timeframe_detail":"","timerange":"20251001-","enable_protections":false,"strategy_name":"ACO_31_13","freqaimodel":null,"freqai_identifier":null,"stoploss":-0.05,"trailing_stop":false,"trailing_stop_positive":null,"trailing_stop_positive_offset":0.0,"trailing_only_offset_is_reached":false,"use_custom_stoploss":false,"minimal_roi":{"0":0.1,"60":0.05,"120":0.0},"use_exit_signal":true,"exit_profit_only":false,"exit_profit_offset":0.0,"ignore_roi_if_entry_signal":false,"trading_mode":"spot","margin_mode":"","periodic_breakdown":{"day":[{"date":"03/10/2025","date_ts":1759449600000,"profit_abs":0.0,"wins":0,"draws":1,"losses":0,"trades":1,"profit_factor":0.0},{"date":"04/10/2025","date_ts":1759536000000,"profit_abs":0.0,"wins":0,"draws":1,"losses":0,"trades":1,"profit_factor":0.0},{"date":"05/10/2025","date_ts":1759622400000,"profit_abs":0.0,"wins":0,"draws":0,"losses":0,"trades":0,"profit_factor":0.0},{"date":"06/10/2025","date_ts":1759708800000,"profit_abs":0.0,"wins":0,"draws":0,"losses":0,"trades":0,"profit_factor":0.0},{"date":"07/10/2025","date_ts":1759795200000,"profit_abs":0.0,"wins":0,"draws":0,"losses":0,"trades":0,"profit_factor":0.0},{"date":"08/10/2025","date_ts":1759881600000,"profit_abs":0.0,"wins":0,"draws":0,"losses":0,"trades":0,"profit_factor":0.0},{"date":"09/10/2025","date_ts":1759968000000,"profit_abs":0.0,"wins":0,"draws":0,"losses":0,"trades":0,"profit_factor":0.0},{"date":"10/10/2025","date_ts":1760054400000,"profit_abs":0.0,"wins":0,"draws":0,"losses":0,"trades":0,"profit_factor":0.0},{"date":"11/10/2025","date_ts":1760140800000,"profit_abs":0.0,"wins":0,"draws":0,"losses":0,"trades":0,"profit_factor":0.0},{"date":"12/10/2025","date_ts":1760227200000,"profit_abs":0.0,"wins":0,"draws":0,"losses":0,"trades":0,"profit_factor":0.0},{"date":"13/10/2025","date_ts":1760313600000,"profit_abs":0.0,"wins":0,"draws":0,"losses":0,"trades":0,"profit_factor":0.0},{"date":"14/10/2025","date_ts":1760400000000,"profit_abs":0.0,"wins":0,"draws":0,"losses":0,"trades":0,"profit_factor":0.0},{"date":"15/10/2025","date_ts":1760486400000,"profit_abs":0.0,"wins":0,"draws":0,"losses":0,"trades":0,"profit_factor":0.0},{"date":"16/10/2025","date_ts":1760572800000,"profit_abs":0.0,"wins":0,"draws":0,"losses":0,"trades":0,"profit_factor":0.0},{"date":"17/10/2025","date_ts":1760659200000,"profit_abs":0.0,"wins":0,"draws":0,"losses":0,"trades":0,"profit_factor":0.0},{"date":"18/10/2025","date_ts":1760745600000,"profit_abs":0.0,"wins":0,"draws":0,"losses":0,"trades":0,"profit_factor":0.0},{"date":"19/10/2025","date_ts":1760832000000,"profit_abs":5.31278792,"wins":1,"draws":0,"losses":0,"trades":1,"profit_factor":0.0},{"date":"20/10/2025","date_ts":1760918400000,"profit_abs":0.0,"wins":0,"draws":0,"losses":0,"trades":0,"profit_factor":0.0},{"date":"21/10/2025","date_ts":1761004800000,"profit_abs":0.0,"wins":0,"draws":0,"losses":0,"trades":0,"profit_factor":0.0},{"date":"22/10/2025","date_ts":1761091200000,"profit_abs":0.0,"wins":0,"draws":0,"losses":0,"trades":0,"profit_factor":0.0},{"date":"23/10/2025","date_ts":1761177600000,"profit_abs":4.90510008,"wins":1,"draws":0,"losses":0,"trades":1,"profit_factor":0.0},{"date":"24/10/2025","date_ts":1761264000000,"profit_abs":1.3663413,"wins":1,"draws":0,"losses":0,"trades":1,"profit_factor":0.0},{"date":"25/10/2025","date_ts":1761350400000,"profit_abs":0.0,"wins":0,"draws":0,"losses":0,"trades":0,"profit_factor":0.0},{"date":"26/10/2025","date_ts":1761436800000,"profit_abs":0.0,"wins":0,"draws":0,"losses":0,"trades":0,"profit_factor":0.0},{"date":"27/10/2025","date_ts":1761523200000,"profit_abs":0.0,"wins":0,"draws":1,"losses":0,"trades":1,"profit_factor":0.0},{"date":"28/10/2025","date_ts":1761609600000,"profit_abs":-17.33687617,"wins":0,"draws":0,"losses":1,"trades":1,"profit_factor":0.0},{"date":"29/10/2025","date_ts":1761696000000,"profit_abs":2.7714141,"wins":1,"draws":0,"losses":0,"trades":1,"profit_factor":0.0},{"date":"30/10/2025","date_ts":1761782400000,"profit_abs":-17.0777472,"wins":0,"draws":0,"losses":1,"trades":1,"profit_factor":0.0},{"date":"31/10/2025","date_ts":1761868800000,"profit_abs":0.0,"wins":0,"draws":0,"losses":0,"trades":0,"profit_factor":0.0},{"date":"01/11/2025","date_ts":1761955200000,"profit_abs":0.0,"wins":0,"draws":1,"losses":0,"trades":1,"profit_factor":0.0},{"date":"02/11/2025","date_ts":1762041600000,"profit_abs":0.0,"wins":0,"draws":1,"losses":0,"trades":1,"profit_factor":0.0},{"date":"03/11/2025","date_ts":1762128000000,"profit_abs":0.0,"wins":0,"draws":0,"losses":0,"trades":0,"profit_factor":0.0},{"date":"04/11/2025","date_ts":1762214400000,"profit_abs":0.0,"wins":0,"draws":0,"losses":0,"trades":0,"profit_factor":0.0},{"date":"05/11/2025","date_ts":1762300800000,"profit_abs":0.0,"wins":0,"draws":0,"losses":0,"trades":0,"profit_factor":0.0},{"date":"06/11/2025","date_ts":1762387200000,"profit_abs":0.0,"wins":0,"draws":1,"losses":0,"trades":1,"profit_factor":0.0},{"date":"07/11/2025","date_ts":1762473600000,"profit_abs":0.0,"wins":0,"draws":0,"losses":0,"trades":0,"profit_factor":0.0},{"date":"08/11/2025","date_ts":1762560000000,"profit_abs":0.0,"wins":0,"draws":0,"losses":0,"trades":0,"profit_factor":0.0},{"date":"09/11/2025","date_ts":1762646400000,"profit_abs":1.12377096,"wins":1,"draws":0,"losses":0,"trades":1,"profit_factor":0.0},{"date":"10/11/2025","date_ts":1762732800000,"profit_abs":0.0,"wins":0,"draws":1,"losses":0,"trades":1,"profit_factor":0.0},{"date":"11/11/2025","date_ts":1762819200000,"profit_abs":0.0,"wins":0,"draws":0,"losses":0,"trades":0,"profit_factor":0.0},{"date":"12/11/2025","date_ts":1762905600000,"profit_abs":-16.80330917,"wins":0,"draws":0,"losses":1,"trades":1,"profit_factor":0.0},{"date":"13/11/2025","date_ts":1762992000000,"profit_abs":0.0,"wins":0,"draws":0,"losses":0,"trades":0,"profit_factor":0.0},{"date":"14/11/2025","date_ts":1763078400000,"profit_abs":0.0,"wins":0,"draws":1,"losses":0,"trades":1,"profit_factor":0.0},{"date":"15/11/2025","date_ts":1763164800000,"profit_abs":0.0,"wins":0,"draws":0,"losses":0,"trades":0,"profit_factor":0.0},{"date":"16/11/2025","date_ts":1763251200000,"profit_abs":0.0,"wins":0,"draws":1,"losses":0,"trades":1,"profit_factor":0.0},{"date":"17/11/2025","date_ts":1763337600000,"profit_abs":0.0,"wins":0,"draws":0,"losses":0,"trades":0,"profit_factor":0.0},{"date":"18/11/2025","date_ts":1763424000000,"profit_abs":0.0,"wins":0,"draws":0,"losses":0,"trades":0,"profit_factor":0.0},{"date":"19/11/2025","date_ts":1763510400000,"profit_abs":0.0,"wins":0,"draws":1,"losses":0,"trades":1,"profit_factor":0.0},{"date":"20/11/2025","date_ts":1763596800000,"profit_abs":0.0,"wins":0,"draws":0,"losses":0,"trades":0,"profit_factor":0.0},{"date":"21/11/2025","date_ts":1763683200000,"profit_abs":0.0,"wins":0,"draws":0,"losses":0,"trades":0,"profit_factor":0.0},{"date":"22/11/2025","date_ts":1763769600000,"profit_abs":0.0,"wins":0,"draws":1,"losses":0,"trades":1,"profit_factor":0.0},{"date":"23/11/2025","date_ts":1763856000000,"profit_abs":0.0,"wins":0,"draws":0,"losses":0,"trades":0,"profit_factor":0.0},{"date":"24/11/2025","date_ts":1763942400000,"profit_abs":1.65266862,"wins":1,"draws":1,"losses":0,"trades":2,"profit_factor":0.0},{"date":"25/11/2025","date_ts":1764028800000,"profit_abs":0.0,"wins":0,"draws":0,"losses":0,"trades":0,"profit_factor":0.0},{"date":"26/11/2025","date_ts":1764115200000,"profit_abs":0.0,"wins":0,"draws":0,"losses":0,"trades":0,"profit_factor":0.0},{"date":"27/11/2025","date_ts":1764201600000,"profit_abs":0.0,"wins":0,"draws":0,"losses":0,"trades":0,"profit_factor":0.0},{"date":"28/11/2025","date_ts":1764288000000,"profit_abs":0.0,"wins":0,"draws":0,"losses":0,"trades":0,"profit_factor":0.0},{"date":"29/11/2025","date_ts":1764374400000,"profit_abs":0.55088064,"wins":1,"draws":0,"losses":0,"trades":1,"profit_factor":0.0},{"date":"30/11/2025","date_ts":1764460800000,"profit_abs":0.0,"wins":0,"draws":3,"losses":0,"trades":3,"profit_factor":0.0},{"date":"01/12/2025","date_ts":1764547200000,"profit_abs":-16.56284894,"wins":0,"draws":0,"losses":1,"trades":1,"profit_factor":0.0},{"date":"02/12/2025","date_ts":1764633600000,"profit_abs":0.0,"wins":0,"draws":0,"losses":0,"trades":0,"profit_factor":0.0},{"date":"03/12/2025","date_ts":1764720000000,"profit_abs":0.0,"wins":0,"draws":0,"losses":0,"trades":0,"profit_factor":0.0},{"date":"04/12/2025","date_ts":1764806400000,"profit_abs":0.0,"wins":0,"draws":1,"losses":0,"trades":1,"profit_factor":0.0},{"date":"05/12/2025","date_ts":1764892800000,"profit_abs":0.0,"wins":0,"draws":0,"losses":0,"trades":0,"profit_factor":0.0},{"date":"06/12/2025","date_ts":1764979200000,"profit_abs":0.60774609,"wins":1,"draws":0,"losses":0,"trades":1,"profit_factor":0.0},{"date":"07/12/2025","date_ts":1765065600000,"profit_abs":0.0,"wins":0,"draws":2,"losses":0,"trades":2,"profit_factor":0.0},{"date":"08/12/2025","date_ts":1765152000000,"profit_abs":0.0,"wins":0,"draws":0,"losses":0,"trades":0,"profit_factor":0.0},{"date":"09/12/2025","date_ts":1765238400000,"profit_abs":0.0,"wins":0,"draws":0,"losses":0,"trades":0,"profit_factor":0.0},{"date":"10/12/2025","date_ts":1765324800000,"profit_abs":0.0,"wins":0,"draws":0,"losses":0,"trades":0,"profit_factor":0.0},{"date":"11/12/2025","date_ts":1765411200000,"profit_abs":0.0,"wins":0,"draws":0,"losses":0,"trades":0,"profit_factor":0.0},{"date":"12/12/2025","date_ts":1765497600000,"profit_abs":0.0,"wins":0,"draws":0,"losses":0,"trades":0,"profit_factor":0.0},{"date":"13/12/2025","date_ts":1765584000000,"profit_abs":0.0,"wins":0,"draws":0,"losses":0,"trades":0,"profit_factor":0.0},{"date":"14/12/2025","date_ts":1765670400000,"profit_abs":0.0,"wins":0,"draws":0,"losses":0,"trades":0,"profit_factor":0.0},{"date":"15/12/2025","date_ts":1765756800000,"profit_abs":0.0,"wins":0,"draws":0,"losses":0,"trades":0,"profit_factor":0.0},{"date":"16/12/2025","date_ts":1765843200000,"profit_abs":0.0,"wins":0,"draws":0,"losses":0,"trades":0,"profit_factor":0.0},{"date":"17/12/2025","date_ts":1765929600000,"profit_abs":0.0,"wins":0,"draws":0,"losses":0,"trades":0,"profit_factor":0.0},{"date":"18/12/2025","date_ts":1766016000000,"profit_abs":0.0,"wins":0,"draws":0,"losses":0,"trades":0,"profit_factor":0.0},{"date":"19/12/2025","date_ts":1766102400000,"profit_abs":0.0,"wins":0,"draws":0,"losses":0,"trades":0,"profit_factor":0.0},{"date":"20/12/2025","date_ts":1766188800000,"profit_abs":0.0,"wins":0,"draws":0,"losses":0,"trades":0,"profit_factor":0.0},{"date":"21/12/2025","date_ts":1766275200000,"profit_abs":0.0,"wins":0,"draws":1,"losses":0,"trades":1,"profit_factor":0.0},{"date":"22/12/2025","date_ts":1766361600000,"profit_abs":0.0,"wins":0,"draws":1,"losses":0,"trades":1,"profit_factor":0.0},{"date":"23/12/2025","date_ts":1766448000000,"profit_abs":2.09008828,"wins":1,"draws":0,"losses":0,"trades":1,"profit_factor":0.0},{"date":"24/12/2025","date_ts":1766534400000,"profit_abs":0.0,"wins":0,"draws":0,"losses":0,"trades":0,"profit_factor":0.0},{"date":"25/12/2025","date_ts":1766620800000,"profit_abs":0.0,"wins":0,"draws":0,"losses":0,"trades":0,"profit_factor":0.0},{"date":"26/12/2025","date_ts":1766707200000,"profit_abs":-16.32348672,"wins":0,"draws":0,"losses":1,"trades":1,"profit_factor":0.0},{"date":"27/12/2025","date_ts":1766793600000,"profit_abs":0.0,"wins":0,"draws":1,"losses":0,"trades":1,"profit_factor":0.0},{"date":"28/12/2025","date_ts":1766880000000,"profit_abs":0.0,"wins":0,"draws":0,"losses":0,"trades":0,"profit_factor":0.0},{"date":"29/12/2025","date_ts":1766966400000,"profit_abs":2.46522243,"wins":1,"draws":1,"losses":0,"trades":2,"profit_factor":0.0},{"date":"30/12/2025","date_ts":1767052800000,"profit_abs":0.0,"wins":0,"draws":1,"losses":0,"trades":1,"profit_factor":0.0},{"date":"31/12/2025","date_ts":1767139200000,"profit_abs":0.0,"wins":0,"draws":2,"losses":0,"trades":2,"profit_factor":0.0},{"date":"01/01/2026","date_ts":1767225600000,"profit_abs":0.0,"wins":0,"draws":0,"losses":0,"trades":0,"profit_factor":0.0},{"date":"02/01/2026","date_ts":1767312000000,"profit_abs":0.0,"wins":0,"draws":0,"losses":0,"trades":0,"profit_factor":0.0},{"date":"03/01/2026","date_ts":1767398400000,"profit_abs":0.33714944,"wins":1,"draws":0,"losses":0,"trades":1,"profit_factor":0.0},{"date":"04/01/2026","date_ts":1767484800000,"profit_abs":0.0,"wins":0,"draws":0,"losses":0,"trades":0,"profit_factor":0.0},{"date":"05/01/2026","date_ts":1767571200000,"profit_abs":0.0,"wins":0,"draws":1,"losses":0,"trades":1,"profit_factor":0.0},{"date":"06/01/2026","date_ts":1767657600000,"profit_abs":-16.0930889,"wins":0,"draws":0,"losses":1,"trades":1,"profit_factor":0.0}],"week":[{"date":"06/10/2025","date_ts":1759708800000,"profit_abs":0.0,"wins":0,"draws":2,"losses":0,"trades":2,"profit_factor":0.0},{"date":"13/10/2025","date_ts":1760313600000,"profit_abs":0.0,"wins":0,"draws":0,"losses":0,"trades":0,"profit_factor":0.0},{"date":"20/10/2025","date_ts":1760918400000,"profit_abs":5.31278792,"wins":1,"draws":0,"losses":0,"trades":1,"profit_factor":0.0},{"date":"27/10/2025","date_ts":1761523200000,"profit_abs":6.27144138,"wins":2,"draws":1,"losses":0,"trades":3,"profit_factor":0.0},{"date":"03/11/2025","date_ts":1762128000000,"profit_abs":-31.64320927,"wins":1,"draws":2,"losses":2,"trades":5,"profit_factor":0.08053013},{"date":"10/11/2025","date_ts":1762732800000,"profit_abs":1.12377096,"wins":1,"draws":2,"losses":0,"trades":3,"profit_factor":0.0},{"date":"17/11/2025","date_ts":1763337600000,"profit_abs":-16.80330917,"wins":0,"draws":2,"losses":1,"trades":3,"profit_factor":0.0},{"date":"24/11/2025","date_ts":1763942400000,"profit_abs":1.65266862,"wins":1,"draws":3,"losses":0,"trades":4,"profit_factor":0.0},{"date":"01/12/2025","date_ts":1764547200000,"profit_abs":-16.0119683,"wins":1,"draws":3,"losses":1,"trades":5,"profit_factor":0.03326002},{"date":"08/12/2025","date_ts":1765152000000,"profit_abs":0.60774609,"wins":1,"draws":3,"losses":0,"trades":4,"profit_factor":0.0},{"date":"15/12/2025","date_ts":1765756800000,"profit_abs":0.0,"wins":0,"draws":0,"losses":0,"trades":0,"profit_factor":0.0},{"date":"22/12/2025","date_ts":1766361600000,"profit_abs":0.0,"wins":0,"draws":2,"losses":0,"trades":2,"profit_factor":0.0},{"date":"29/12/2025","date_ts":1766966400000,"profit_abs":-11.76817601,"wins":2,"draws":2,"losses":1,"trades":5,"profit_factor":0.27906481},{"date":"05/01/2026","date_ts":1767571200000,"profit_abs":0.33714944,"wins":1,"draws":4,"losses":0,"trades":5,"profit_factor":0.0},{"date":"12/01/2026","date_ts":1768176000000,"profit_abs":-16.0930889,"wins":0,"draws":0,"losses":1,"trades":1,"profit_factor":0.0}],"month":[{"date":"31/10/2025","date_ts":1761868800000,"profit_abs":-20.05897997,"wins":4,"draws":3,"losses":2,"trades":9,"profit_factor":0.41713789},{"date":"30/11/2025","date_ts":1764460800000,"profit_abs":-13.47598895,"wins":3,"draws":12,"losses":1,"trades":16,"profit_factor":0.19801577},{"date":"31/12/2025","date_ts":1767139200000,"profit_abs":-27.72327886,"wins":3,"draws":10,"losses":2,"trades":15,"profit_factor":0.15699702},{"date":"31/01/2026","date_ts":1769817600000,"profit_abs":-15.75593946,"wins":1,"draws":1,"losses":1,"trades":3,"profit_factor":0.02094995}],"year":[{"date":"31/12/2025","date_ts":1767139200000,"profit_abs":-61.25824778,"wins":10,"draws":25,"losses":5,"trades":40,"profit_factor":0.27163925},{"date":"31/12/2026","date_ts":1798675200000,"profit_abs":-15.75593946,"wins":1,"draws":1,"losses":1,"trades":3,"profit_factor":0.02094995}],"weekday":[{"date":"Monday","date_ts":0,"profit_abs":-12.44495789,"wins":2,"draws":6,"losses":1,"trades":9,"profit_factor":0.24862215},{"date":"Tuesday","date_ts":1,"profit_abs":-31.33987679,"wins":1,"draws":1,"losses":2,"trades":4,"profit_factor":0.0625214},{"date":"Wednesday","date_ts":2,"profit_abs":-14.03189507,"wins":1,"draws":3,"losses":1,"trades":5,"profit_factor":0.16493264},{"date":"Thursday","date_ts":3,"profit_abs":-12.17264712,"wins":1,"draws":2,"losses":1,"trades":4,"profit_factor":0.28722173},{"date":"Friday","date_ts":4,"profit_abs":-14.95714542,"wins":1,"draws":2,"losses":1,"trades":4,"profit_factor":0.08370401},{"date":"Saturday","date_ts":5,"profit_abs":1.49577617,"wins":3,"draws":4,"losses":0,"trades":7,"profit_factor":0.0},{"date":"Sunday","date_ts":6,"profit_abs":6.43655888,"wins":2,"draws":8,"losses":0,"trades":10,"profit_factor":0.0}]},"backtest_best_day":0.016084410690962888,"backtest_worst_day":-0.051894239960179125,"backtest_best_day_abs":5.31278792,"backtest_worst_day_abs":-17.33687617,"winning_days":11,"draw_days":79,"losing_days":6,"daily_profit":[["2025-10-03",0.0],["2025-10-04",0.0],["2025-10-05",0.0],["2025-10-06",0.0],["2025-10-07",0.0],["2025-10-08",0.0],["2025-10-09",0.0],["2025-10-10",0.0],["2025-10-11",0.0],["2025-10-12",0.0],["2025-10-13",0.0],["2025-10-14",0.0],["2025-10-15",0.0],["2025-10-16",0.0],["2025-10-17",0.0],["2025-10-18",0.0],["2025-10-19",5.31278792],["2025-10-20",0.0],["2025-10-21",0.0],["2025-10-22",0.0],["2025-10-23",4.90510008],["2025-10-24",1.3663413],["2025-10-25",0.0],["2025-10-26",0.0],["2025-10-27",0.0],["2025-10-28",-17.33687617],["2025-10-29",2.7714141],["2025-10-30",-17.0777472],["2025-10-31",0.0],["2025-11-01",0.0],["2025-11-02",0.0],["2025-11-03",0.0],["2025-11-04",0.0],["2025-11-05",0.0],["2025-11-06",0.0],["2025-11-07",0.0],["2025-11-08",0.0],["2025-11-09",1.12377096],["2025-11-10",0.0],["2025-11-11",0.0],["2025-11-12",-16.80330917],["2025-11-13",0.0],["2025-11-14",0.0],["2025-11-15",0.0],["2025-11-16",0.0],["2025-11-17",0.0],["2025-11-18",0.0],["2025-11-19",0.0],["2025-11-20",0.0],["2025-11-21",0.0],["2025-11-22",0.0],["2025-11-23",0.0],["2025-11-24",1.65266862],["2025-11-25",0.0],["2025-11-26",0.0],["2025-11-27",0.0],["2025-11-28",0.0],["2025-11-29",0.55088064],["2025-11-30",0.0],["2025-12-01",-16.56284894],["2025-12-02",0.0],["2025-12-03",0.0],["2025-12-04",0.0],["2025-12-05",0.0],["2025-12-06",0.60774609],["2025-12-07",0.0],["2025-12-08",0.0],["2025-12-09",0.0],["2025-12-10",0.0],["2025-12-11",0.0],["2025-12-12",0.0],["2025-12-13",0.0],["2025-12-14",0.0],["2025-12-15",0.0],["2025-12-16",0.0],["2025-12-17",0.0],["2025-12-18",0.0],["2025-12-19",0.0],["2025-12-20",0.0],["2025-12-21",0.0],["2025-12-22",0.0],["2025-12-23",2.09008828],["2025-12-24",0.0],["2025-12-25",0.0],["2025-12-26",-16.32348672],["2025-12-27",0.0],["2025-12-28",0.0],["2025-12-29",2.46522243],["2025-12-30",0.0],["2025-12-31",0.0],["2026-01-01",0.0],["2026-01-02",0.0],["2026-01-03",0.33714944],["2026-01-04",0.0],["2026-01-05",0.0],["2026-01-06",-16.0930889]],"wins":11,"losses":6,"draws":26,"winrate":0.2558139534883721,"holding_avg":"4:52:00","holding_avg_s":17520.0,"winner_holding_min":"0d 02:00","winner_holding_min_s":7200.0,"winner_holding_max":"0d 02:00","winner_holding_max_s":7200.0,"winner_holding_avg":"0d 02:00","winner_holding_avg_s":7200.0,"loser_holding_min":"0d 01:00","loser_holding_min_s":3600.0,"loser_holding_max":"1d 15:00","loser_holding_max_s":140400.0,"loser_holding_avg":"0d 13:10","loser_holding_avg_s":47400.0,"max_consecutive_wins":3,"max_consecutive_losses":7,"max_drawdown_account":0.08758382542332495,"max_relative_drawdown":0.08758382542332495,"max_drawdown_abs":88.59841654,"drawdown_start":"2025-10-24 19:00:00","drawdown_start_ts":1761332400000.0,"drawdown_end":"2026-01-06 16:00:00","drawdown_end_ts":1767715200000.0,"drawdown_duration":"73 days 21:00:00","drawdown_duration_s":6382800.0,"max_drawdown_low":-77.01418724,"max_drawdown_high":11.5842293,"csum_min":922.98581276,"csum_max":1011.5842293}},"strategy_comparison":[{"key":"ACO_31_13","trades":43,"profit_mean":-0.005578215170995144,"profit_mean_pct":-0.56,"profit_total_abs":-77.01418724000001,"profit_total":-0.07701418724000002,"profit_total_pct":-7.7,"duration_avg":"4:52:00","wins":11,"draws":26,"losses":6,"winrate":0.2558139534883721,"cagr":-0.26033881660020464,"expectancy":-1.791027610232558,"expectancy_ratio":-0.7119011539323836,"sortino":-35.6228492582823,"sharpe":-2.476280870636222,"calmar":-17.318948643580246,"sqn":-1.8949,"profit_factor":0.2313750634845837,"max_drawdown_account":0.08758382542332495,"max_drawdown_abs":"88.598"}]}