{"strategy":{"ACO_74_3":{"trades":[{"pair":"DOGE/USDT","stake_amount":329.82687,"max_stake_amount":329.82687,"amount":1699.0,"open_date":"2025-10-10 23:00:00+00:00","close_date":"2025-10-11 01:00:00+00:00","open_rate":0.19413,"close_rate":0.19537,"fee_open":0.001,"fee_close":0.001,"trade_duration":120,"profit_ratio":0.004376708131923709,"profit_abs":1.4449995,"exit_reason":"roi","initial_stop_loss_abs":0.18443,"initial_stop_loss_ratio":-0.05,"stop_loss_abs":0.18443,"stop_loss_ratio":-0.05,"min_rate":0.18495,"max_rate":0.2,"is_open":false,"enter_tag":"","leverage":1.0,"is_short":false,"open_timestamp":1760137200000,"close_timestamp":1760144400000,"orders":[{"amount":1699.0,"safe_price":0.19413,"ft_order_side":"buy","order_filled_timestamp":1760137200000,"ft_is_entry":true,"ft_order_tag":"","cost":330.15669686999996},{"amount":1699.0,"safe_price":0.19537,"ft_order_side":"sell","order_filled_timestamp":1760144400000,"ft_is_entry":false,"ft_order_tag":"roi","cost":332.26556363}],"funding_fees":0.0,"weekday":5},{"pair":"DOGE/USDT","stake_amount":330.35629,"max_stake_amount":330.35629,"amount":1661.0,"open_date":"2025-10-11 03:00:00+00:00","close_date":"2025-10-11 07:00:00+00:00","open_rate":0.19889,"close_rate":0.18895,"fee_open":0.001,"fee_close":0.001,"trade_duration":240,"profit_ratio":-0.05187552153211564,"profit_abs":-17.15454224,"exit_reason":"stop_loss","initial_stop_loss_abs":0.18895,"initial_stop_loss_ratio":-0.05,"stop_loss_abs":0.18895,"stop_loss_ratio":-0.05,"min_rate":0.1881,"max_rate":0.19987,"is_open":false,"enter_tag":"","leverage":1.0,"is_short":false,"open_timestamp":1760151600000,"close_timestamp":1760166000000,"orders":[{"amount":1661.0,"safe_price":0.19889,"ft_order_side":"buy","order_filled_timestamp":1760151600000,"ft_is_entry":true,"ft_order_tag":"","cost":330.68664628999994},{"amount":1661.0,"safe_price":0.18895,"ft_order_side":"sell","order_filled_timestamp":1760166000000,"ft_is_entry":false,"ft_order_tag":"stop_loss","cost":314.15979595}],"funding_fees":0.0,"weekday":5},{"pair":"DOGE/USDT","stake_amount":324.65508,"max_stake_amount":324.65508,"amount":1662.0,"open_date":"2025-10-11 09:00:00+00:00","close_date":"2025-10-11 19:00:00+00:00","open_rate":0.19534,"close_rate":0.18558,"fee_open":0.001,"fee_close":0.001,"trade_duration":600,"profit_ratio":-0.05186233854197405,"profit_abs":-16.85420904,"exit_reason":"stop_loss","initial_stop_loss_abs":0.18558,"initial_stop_loss_ratio":-0.05,"stop_loss_abs":0.18558,"stop_loss_ratio":-0.05,"min_rate":0.18286,"max_rate":0.19776,"is_open":false,"enter_tag":"","leverage":1.0,"is_short":false,"open_timestamp":1760173200000,"close_timestamp":1760209200000,"orders":[{"amount":1662.0,"safe_price":0.19534,"ft_order_side":"buy","order_filled_timestamp":1760173200000,"ft_is_entry":true,"ft_order_tag":"","cost":324.97973507999995},{"amount":1662.0,"safe_price":0.18558,"ft_order_side":"sell","order_filled_timestamp":1760209200000,"ft_is_entry":false,"ft_order_tag":"stop_loss","cost":308.74239395999996}],"funding_fees":0.0,"weekday":5},{"pair":"DOGE/USDT","stake_amount":319.10985,"max_stake_amount":319.10985,"amount":1731.0,"open_date":"2025-10-11 22:00:00+00:00","close_date":"2025-10-12 00:00:00+00:00","open_rate":0.18435,"close_rate":0.18527,"fee_open":0.001,"fee_close":0.001,"trade_duration":120,"profit_ratio":0.0029825341460817455,"profit_abs":0.95270778,"exit_reason":"roi","initial_stop_loss_abs":0.17514,"initial_stop_loss_ratio":-0.05,"stop_loss_abs":0.17514,"stop_loss_ratio":-0.05,"min_rate":0.18189,"max_rate":0.18622,"is_open":false,"enter_tag":"","leverage":1.0,"is_short":false,"open_timestamp":1760220000000,"close_timestamp":1760227200000,"orders":[{"amount":1731.0,"safe_price":0.18435,"ft_order_side":"buy","order_filled_timestamp":1760220000000,"ft_is_entry":true,"ft_order_tag":"","cost":319.42895985},{"amount":1731.0,"safe_price":0.18527,"ft_order_side":"sell","order_filled_timestamp":1760227200000,"ft_is_entry":false,"ft_order_tag":"roi","cost":321.02307236999997}],"funding_fees":0.0,"weekday":6},{"pair":"DOGE/USDT","stake_amount":319.43848,"max_stake_amount":319.43848,"amount":1754.0,"open_date":"2025-10-12 03:00:00+00:00","close_date":"2025-10-12 05:00:00+00:00","open_rate":0.18212,"close_rate":0.18799,"fee_open":0.001,"fee_close":0.001,"trade_duration":120,"profit_ratio":0.030169095126266223,"profit_abs":9.64680706,"exit_reason":"roi","initial_stop_loss_abs":0.17302,"initial_stop_loss_ratio":-0.05,"stop_loss_abs":0.17302,"stop_loss_ratio":-0.05,"min_rate":0.18171,"max_rate":0.18945,"is_open":false,"enter_tag":"","leverage":1.0,"is_short":false,"open_timestamp":1760238000000,"close_timestamp":1760245200000,"orders":[{"amount":1754.0,"safe_price":0.18212,"ft_order_side":"buy","order_filled_timestamp":1760238000000,"ft_is_entry":true,"ft_order_tag":"","cost":319.75791848},{"amount":1754.0,"safe_price":0.18799,"ft_order_side":"sell","order_filled_timestamp":1760245200000,"ft_is_entry":false,"ft_order_tag":"roi","cost":330.0641944599999}],"funding_fees":0.0,"weekday":6},{"pair":"DOGE/USDT","stake_amount":322.68218,"max_stake_amount":322.68218,"amount":1702.0,"open_date":"2025-10-12 10:00:00+00:00","close_date":"2025-10-12 12:00:00+00:00","open_rate":0.18959,"close_rate":0.18996955955955955,"fee_open":0.001,"fee_close":0.001,"trade_duration":120,"profit_ratio":0.0,"profit_abs":0.0,"exit_reason":"roi","initial_stop_loss_abs":0.18012,"initial_stop_loss_ratio":-0.05,"stop_loss_abs":0.18012,"stop_loss_ratio":-0.05,"min_rate":0.18846,"max_rate":0.19067,"is_open":false,"enter_tag":"","leverage":1.0,"is_short":false,"open_timestamp":1760263200000,"close_timestamp":1760270400000,"orders":[{"amount":1702.0,"safe_price":0.18959,"ft_order_side":"buy","order_filled_timestamp":1760263200000,"ft_is_entry":true,"ft_order_tag":"","cost":323.00486218},{"amount":1702.0,"safe_price":0.18996955955955955,"ft_order_side":"sell","order_filled_timestamp":1760270400000,"ft_is_entry":false,"ft_order_tag":"roi","cost":323.65151856074067}],"funding_fees":0.0,"weekday":6},{"pair":"DOGE/USDT","stake_amount":322.728,"max_stake_amount":322.728,"amount":1700.0,"open_date":"2025-10-12 13:00:00+00:00","close_date":"2025-10-12 14:00:00+00:00","open_rate":0.18984,"close_rate":0.19972156156156154,"fee_open":0.001,"fee_close":0.001,"trade_duration":60,"profit_ratio":0.049950049950049945,"profit_abs":16.1364,"exit_reason":"roi","initial_stop_loss_abs":0.18035,"initial_stop_loss_ratio":-0.05,"stop_loss_abs":0.18035,"stop_loss_ratio":-0.05,"min_rate":0.18624,"max_rate":0.19986,"is_open":false,"enter_tag":"","leverage":1.0,"is_short":false,"open_timestamp":1760274000000,"close_timestamp":1760277600000,"orders":[{"amount":1700.0,"safe_price":0.18984,"ft_order_side":"buy","order_filled_timestamp":1760274000000,"ft_is_entry":true,"ft_order_tag":"","cost":323.050728},{"amount":1700.0,"safe_price":0.19972156156156154,"ft_order_side":"sell","order_filled_timestamp":1760277600000,"ft_is_entry":false,"ft_order_tag":"roi","cost":339.86618130930924}],"funding_fees":0.0,"weekday":6},{"pair":"DOGE/USDT","stake_amount":327.94608,"max_stake_amount":327.94608,"amount":1672.0,"open_date":"2025-10-12 15:00:00+00:00","close_date":"2025-10-12 16:00:00+00:00","open_rate":0.19614,"close_rate":0.2063494894894895,"fee_open":0.001,"fee_close":0.001,"trade_duration":60,"profit_ratio":0.049950049950049945,"profit_abs":16.397304,"exit_reason":"roi","initial_stop_loss_abs":0.18634,"initial_stop_loss_ratio":-0.05,"stop_loss_abs":0.18634,"stop_loss_ratio":-0.05,"min_rate":0.19562,"max_rate":0.2095,"is_open":false,"enter_tag":"","leverage":1.0,"is_short":false,"open_timestamp":1760281200000,"close_timestamp":1760284800000,"orders":[{"amount":1672.0,"safe_price":0.19614,"ft_order_side":"buy","order_filled_timestamp":1760281200000,"ft_is_entry":true,"ft_order_tag":"","cost":328.27402607999994},{"amount":1672.0,"safe_price":0.2063494894894895,"ft_order_side":"sell","order_filled_timestamp":1760284800000,"ft_is_entry":false,"ft_order_tag":"roi","cost":345.36136277285283}],"funding_fees":0.0,"weekday":6},{"pair":"DOGE/USDT","stake_amount":333.48464,"max_stake_amount":333.48464,"amount":1607.0,"open_date":"2025-10-12 23:00:00+00:00","close_date":"2025-10-13 01:00:00+00:00","open_rate":0.20752,"close_rate":0.20793545545545544,"fee_open":0.001,"fee_close":0.001,"trade_duration":120,"profit_ratio":0.0,"profit_abs":0.0,"exit_reason":"roi","initial_stop_loss_abs":0.19715,"initial_stop_loss_ratio":-0.05,"stop_loss_abs":0.19715,"stop_loss_ratio":-0.05,"min_rate":0.20465,"max_rate":0.20943,"is_open":false,"enter_tag":"","leverage":1.0,"is_short":false,"open_timestamp":1760310000000,"close_timestamp":1760317200000,"orders":[{"amount":1607.0,"safe_price":0.20752,"ft_order_side":"buy","order_filled_timestamp":1760310000000,"ft_is_entry":true,"ft_order_tag":"","cost":333.81812463999995},{"amount":1607.0,"safe_price":0.20793545545545544,"ft_order_side":"sell","order_filled_timestamp":1760317200000,"ft_is_entry":false,"ft_order_tag":"roi","cost":334.48642919383377}],"funding_fees":0.0,"weekday":0},{"pair":"DOGE/USDT","stake_amount":333.46269,"max_stake_amount":333.46269,"amount":1593.0,"open_date":"2025-10-13 02:00:00+00:00","close_date":"2025-10-13 04:00:00+00:00","open_rate":0.20933,"close_rate":0.20974907907907905,"fee_open":0.001,"fee_close":0.001,"trade_duration":120,"profit_ratio":0.0,"profit_abs":0.0,"exit_reason":"roi","initial_stop_loss_abs":0.19887,"initial_stop_loss_ratio":-0.05,"stop_loss_abs":0.19887,"stop_loss_ratio":-0.05,"min_rate":0.20642,"max_rate":0.20999,"is_open":false,"enter_tag":"","leverage":1.0,"is_short":false,"open_timestamp":1760320800000,"close_timestamp":1760328000000,"orders":[{"amount":1593.0,"safe_price":0.20933,"ft_order_side":"buy","order_filled_timestamp":1760320800000,"ft_is_entry":true,"ft_order_tag":"","cost":333.79615269},{"amount":1593.0,"safe_price":0.20974907907907905,"ft_order_side":"sell","order_filled_timestamp":1760328000000,"ft_is_entry":false,"ft_order_tag":"roi","cost":334.46441325594583}],"funding_fees":0.0,"weekday":0},{"pair":"DOGE/USDT","stake_amount":333.4255,"max_stake_amount":333.4255,"amount":1675.0,"open_date":"2025-10-14 12:00:00+00:00","close_date":"2025-10-14 14:00:00+00:00","open_rate":0.19906,"close_rate":0.19945851851851848,"fee_open":0.001,"fee_close":0.001,"trade_duration":120,"profit_ratio":0.0,"profit_abs":0.0,"exit_reason":"roi","initial_stop_loss_abs":0.18911,"initial_stop_loss_ratio":-0.05,"stop_loss_abs":0.18911,"stop_loss_ratio":-0.05,"min_rate":0.1933,"max_rate":0.20175,"is_open":false,"enter_tag":"","leverage":1.0,"is_short":false,"open_timestamp":1760443200000,"close_timestamp":1760450400000,"orders":[{"amount":1675.0,"safe_price":0.19906,"ft_order_side":"buy","order_filled_timestamp":1760443200000,"ft_is_entry":true,"ft_order_tag":"","cost":333.7589255},{"amount":1675.0,"safe_price":0.19945851851851848,"ft_order_side":"sell","order_filled_timestamp":1760450400000,"ft_is_entry":false,"ft_order_tag":"roi","cost":334.427111537037}],"funding_fees":0.0,"weekday":1},{"pair":"DOGE/USDT","stake_amount":333.32343,"max_stake_amount":333.32343,"amount":1639.0,"open_date":"2025-10-14 18:00:00+00:00","close_date":"2025-10-14 20:00:00+00:00","open_rate":0.20337,"close_rate":0.20377714714714712,"fee_open":0.001,"fee_close":0.001,"trade_duration":120,"profit_ratio":0.0,"profit_abs":0.0,"exit_reason":"roi","initial_stop_loss_abs":0.19321,"initial_stop_loss_ratio":-0.05,"stop_loss_abs":0.19321,"stop_loss_ratio":-0.05,"min_rate":0.20036,"max_rate":0.20574,"is_open":false,"enter_tag":"","leverage":1.0,"is_short":false,"open_timestamp":1760464800000,"close_timestamp":1760472000000,"orders":[{"amount":1639.0,"safe_price":0.20337,"ft_order_side":"buy","order_filled_timestamp":1760464800000,"ft_is_entry":true,"ft_order_tag":"","cost":333.6567534299999},{"amount":1639.0,"safe_price":0.20377714714714712,"ft_order_side":"sell","order_filled_timestamp":1760472000000,"ft_is_entry":false,"ft_order_tag":"roi","cost":334.32473491834827}],"funding_fees":0.0,"weekday":1},{"pair":"DOGE/USDT","stake_amount":333.30332,"max_stake_amount":333.30332,"amount":1634.0,"open_date":"2025-10-14 21:00:00+00:00","close_date":"2025-10-14 23:00:00+00:00","open_rate":0.20398,"close_rate":0.20438836836836832,"fee_open":0.001,"fee_close":0.001,"trade_duration":120,"profit_ratio":0.0,"profit_abs":0.0,"exit_reason":"roi","initial_stop_loss_abs":0.19379,"initial_stop_loss_ratio":-0.05,"stop_loss_abs":0.19379,"stop_loss_ratio":-0.05,"min_rate":0.20215,"max_rate":0.20518,"is_open":false,"enter_tag":"","leverage":1.0,"is_short":false,"open_timestamp":1760475600000,"close_timestamp":1760482800000,"orders":[{"amount":1634.0,"safe_price":0.20398,"ft_order_side":"buy","order_filled_timestamp":1760475600000,"ft_is_entry":true,"ft_order_tag":"","cost":333.63662331999996},{"amount":1634.0,"safe_price":0.20438836836836832,"ft_order_side":"sell","order_filled_timestamp":1760482800000,"ft_is_entry":false,"ft_order_tag":"roi","cost":334.3045645078277}],"funding_fees":0.0,"weekday":1},{"pair":"DOGE/USDT","stake_amount":333.41952,"max_stake_amount":333.41952,"amount":1772.0,"open_date":"2025-10-16 22:00:00+00:00","close_date":"2025-10-17 00:00:00+00:00","open_rate":0.18816,"close_rate":0.18853669669669668,"fee_open":0.001,"fee_close":0.001,"trade_duration":120,"profit_ratio":0.0,"profit_abs":0.0,"exit_reason":"roi","initial_stop_loss_abs":0.17876,"initial_stop_loss_ratio":-0.05,"stop_loss_abs":0.17876,"stop_loss_ratio":-0.05,"min_rate":0.18616,"max_rate":0.19011,"is_open":false,"enter_tag":"","leverage":1.0,"is_short":false,"open_timestamp":1760652000000,"close_timestamp":1760659200000,"orders":[{"amount":1772.0,"safe_price":0.18816,"ft_order_side":"buy","order_filled_timestamp":1760652000000,"ft_is_entry":true,"ft_order_tag":"","cost":333.7529395199999},{"amount":1772.0,"safe_price":0.18853669669669668,"ft_order_side":"sell","order_filled_timestamp":1760659200000,"ft_is_entry":false,"ft_order_tag":"roi","cost":334.421113573093}],"funding_fees":0.0,"weekday":4},{"pair":"DOGE/USDT","stake_amount":333.39019,"max_stake_amount":333.39019,"amount":1867.0,"open_date":"2025-10-17 10:00:00+00:00","close_date":"2025-10-17 12:00:00+00:00","open_rate":0.17857,"close_rate":0.18272,"fee_open":0.001,"fee_close":0.001,"trade_duration":120,"profit_ratio":0.0211957499855803,"profit_abs":7.07352157,"exit_reason":"roi","initial_stop_loss_abs":0.16965,"initial_stop_loss_ratio":-0.05,"stop_loss_abs":0.16965,"stop_loss_ratio":-0.05,"min_rate":0.17555,"max_rate":0.18431,"is_open":false,"enter_tag":"","leverage":1.0,"is_short":false,"open_timestamp":1760695200000,"close_timestamp":1760702400000,"orders":[{"amount":1867.0,"safe_price":0.17857,"ft_order_side":"buy","order_filled_timestamp":1760695200000,"ft_is_entry":true,"ft_order_tag":"","cost":333.72358019},{"amount":1867.0,"safe_price":0.18272,"ft_order_side":"sell","order_filled_timestamp":1760702400000,"ft_is_entry":false,"ft_order_tag":"roi","cost":341.47937823999996}],"funding_fees":0.0,"weekday":4},{"pair":"DOGE/USDT","stake_amount":335.78648,"max_stake_amount":335.78648,"amount":2042.0,"open_date":"2025-11-04 07:00:00+00:00","close_date":"2025-11-04 09:00:00+00:00","open_rate":0.16444,"close_rate":0.1647692092092092,"fee_open":0.001,"fee_close":0.001,"trade_duration":120,"profit_ratio":0.0,"profit_abs":0.0,"exit_reason":"roi","initial_stop_loss_abs":0.15622,"initial_stop_loss_ratio":-0.05,"stop_loss_abs":0.15622,"stop_loss_ratio":-0.05,"min_rate":0.16062,"max_rate":0.16586,"is_open":false,"enter_tag":"","leverage":1.0,"is_short":false,"open_timestamp":1762239600000,"close_timestamp":1762246800000,"orders":[{"amount":2042.0,"safe_price":0.16444,"ft_order_side":"buy","order_filled_timestamp":1762239600000,"ft_is_entry":true,"ft_order_tag":"","cost":336.12226647999995},{"amount":2042.0,"safe_price":0.1647692092092092,"ft_order_side":"sell","order_filled_timestamp":1762246800000,"ft_is_entry":false,"ft_order_tag":"roi","cost":336.79518393041036}],"funding_fees":0.0,"weekday":1},{"pair":"DOGE/USDT","stake_amount":335.69623,"max_stake_amount":335.69623,"amount":2011.0,"open_date":"2025-11-04 15:00:00+00:00","close_date":"2025-11-04 17:00:00+00:00","open_rate":0.16693,"close_rate":0.15859,"fee_open":0.001,"fee_close":0.001,"trade_duration":120,"profit_ratio":-0.051859241220051144,"profit_abs":-17.42636072,"exit_reason":"stop_loss","initial_stop_loss_abs":0.15859,"initial_stop_loss_ratio":-0.05,"stop_loss_abs":0.15859,"stop_loss_ratio":-0.05,"min_rate":0.1562,"max_rate":0.16853,"is_open":false,"enter_tag":"","leverage":1.0,"is_short":false,"open_timestamp":1762268400000,"close_timestamp":1762275600000,"orders":[{"amount":2011.0,"safe_price":0.16693,"ft_order_side":"buy","order_filled_timestamp":1762268400000,"ft_is_entry":true,"ft_order_tag":"","cost":336.03192622999995},{"amount":2011.0,"safe_price":0.15859,"ft_order_side":"sell","order_filled_timestamp":1762275600000,"ft_is_entry":false,"ft_order_tag":"stop_loss","cost":319.24341448999996}],"funding_fees":0.0,"weekday":1},{"pair":"DOGE/USDT","stake_amount":330.04895,"max_stake_amount":330.04895,"amount":2065.0,"open_date":"2025-11-04 19:00:00+00:00","close_date":"2025-11-04 20:00:00+00:00","open_rate":0.15983,"close_rate":0.15184,"fee_open":0.001,"fee_close":0.001,"trade_duration":60,"profit_ratio":-0.05188873567776152,"profit_abs":-17.14294855,"exit_reason":"stop_loss","initial_stop_loss_abs":0.15184,"initial_stop_loss_ratio":-0.05,"stop_loss_abs":0.15184,"stop_loss_ratio":-0.05,"min_rate":0.15159,"max_rate":0.16152,"is_open":false,"enter_tag":"","leverage":1.0,"is_short":false,"open_timestamp":1762282800000,"close_timestamp":1762286400000,"orders":[{"amount":2065.0,"safe_price":0.15983,"ft_order_side":"buy","order_filled_timestamp":1762282800000,"ft_is_entry":true,"ft_order_tag":"","cost":330.37899895},{"amount":2065.0,"safe_price":0.15184,"ft_order_side":"sell","order_filled_timestamp":1762286400000,"ft_is_entry":false,"ft_order_tag":"stop_loss","cost":313.8631496}],"funding_fees":0.0,"weekday":1},{"pair":"DOGE/USDT","stake_amount":324.29449,"max_stake_amount":324.29449,"amount":2041.0,"open_date":"2025-11-04 21:00:00+00:00","close_date":"2025-11-04 23:00:00+00:00","open_rate":0.15889,"close_rate":0.16344,"fee_open":0.001,"fee_close":0.001,"trade_duration":120,"profit_ratio":0.026580946273815555,"profit_abs":8.62867447,"exit_reason":"roi","initial_stop_loss_abs":0.15095,"initial_stop_loss_ratio":-0.05,"stop_loss_abs":0.15095,"stop_loss_ratio":-0.05,"min_rate":0.15159,"max_rate":0.16436,"is_open":false,"enter_tag":"","leverage":1.0,"is_short":false,"open_timestamp":1762290000000,"close_timestamp":1762297200000,"orders":[{"amount":2041.0,"safe_price":0.15889,"ft_order_side":"buy","order_filled_timestamp":1762290000000,"ft_is_entry":true,"ft_order_tag":"","cost":324.61878448999994},{"amount":2041.0,"safe_price":0.16344,"ft_order_side":"sell","order_filled_timestamp":1762297200000,"ft_is_entry":false,"ft_order_tag":"roi","cost":333.91462104}],"funding_fees":0.0,"weekday":1},{"pair":"DOGE/USDT","stake_amount":327.14121,"max_stake_amount":327.14121,"amount":1991.0,"open_date":"2025-11-05 03:00:00+00:00","close_date":"2025-11-05 05:00:00+00:00","open_rate":0.16431,"close_rate":0.16476,"fee_open":0.001,"fee_close":0.001,"trade_duration":120,"profit_ratio":0.0007352516025147028,"profit_abs":0.24077163,"exit_reason":"roi","initial_stop_loss_abs":0.1561,"initial_stop_loss_ratio":-0.05,"stop_loss_abs":0.1561,"stop_loss_ratio":-0.05,"min_rate":0.16313,"max_rate":0.16619,"is_open":false,"enter_tag":"","leverage":1.0,"is_short":false,"open_timestamp":1762311600000,"close_timestamp":1762318800000,"orders":[{"amount":1991.0,"safe_price":0.16431,"ft_order_side":"buy","order_filled_timestamp":1762311600000,"ft_is_entry":true,"ft_order_tag":"","cost":327.46835121},{"amount":1991.0,"safe_price":0.16476,"ft_order_side":"sell","order_filled_timestamp":1762318800000,"ft_is_entry":false,"ft_order_tag":"roi","cost":328.3651971599999}],"funding_fees":0.0,"weekday":2},{"pair":"DOGE/USDT","stake_amount":327.28833,"max_stake_amount":327.28833,"amount":1997.0,"open_date":"2025-11-05 10:00:00+00:00","close_date":"2025-11-05 12:00:00+00:00","open_rate":0.16389,"close_rate":0.16421810810810808,"fee_open":0.001,"fee_close":0.001,"trade_duration":120,"profit_ratio":0.0,"profit_abs":0.0,"exit_reason":"roi","initial_stop_loss_abs":0.1557,"initial_stop_loss_ratio":-0.05,"stop_loss_abs":0.1557,"stop_loss_ratio":-0.05,"min_rate":0.161,"max_rate":0.16514,"is_open":false,"enter_tag":"","leverage":1.0,"is_short":false,"open_timestamp":1762336800000,"close_timestamp":1762344000000,"orders":[{"amount":1997.0,"safe_price":0.16389,"ft_order_side":"buy","order_filled_timestamp":1762336800000,"ft_is_entry":true,"ft_order_tag":"","cost":327.61561833},{"amount":1997.0,"safe_price":0.16421810810810808,"ft_order_side":"sell","order_filled_timestamp":1762344000000,"ft_is_entry":false,"ft_order_tag":"roi","cost":328.2715054537837}],"funding_fees":0.0,"weekday":2},{"pair":"DOGE/USDT","stake_amount":327.30572,"max_stake_amount":327.30572,"amount":2044.0,"open_date":"2025-11-15 01:00:00+00:00","close_date":"2025-11-15 03:00:00+00:00","open_rate":0.16013,"close_rate":0.1624,"fee_open":0.001,"fee_close":0.001,"trade_duration":120,"profit_ratio":0.012149656376222293,"profit_abs":3.98062868,"exit_reason":"roi","initial_stop_loss_abs":0.15213,"initial_stop_loss_ratio":-0.05,"stop_loss_abs":0.15213,"stop_loss_ratio":-0.05,"min_rate":0.15942,"max_rate":0.16307,"is_open":false,"enter_tag":"","leverage":1.0,"is_short":false,"open_timestamp":1763168400000,"close_timestamp":1763175600000,"orders":[{"amount":2044.0,"safe_price":0.16013,"ft_order_side":"buy","order_filled_timestamp":1763168400000,"ft_is_entry":true,"ft_order_tag":"","cost":327.63302572},{"amount":2044.0,"safe_price":0.1624,"ft_order_side":"sell","order_filled_timestamp":1763175600000,"ft_is_entry":false,"ft_order_tag":"roi","cost":332.27754559999994}],"funding_fees":0.0,"weekday":5},{"pair":"DOGE/USDT","stake_amount":328.57532,"max_stake_amount":328.57532,"amount":2329.0,"open_date":"2025-11-21 09:00:00+00:00","close_date":"2025-11-21 12:00:00+00:00","open_rate":0.14108,"close_rate":0.13403,"fee_open":0.001,"fee_close":0.001,"trade_duration":180,"profit_ratio":-0.05186980583918492,"profit_abs":-17.06018119,"exit_reason":"stop_loss","initial_stop_loss_abs":0.13403,"initial_stop_loss_ratio":-0.05,"stop_loss_abs":0.13403,"stop_loss_ratio":-0.05,"min_rate":0.13321,"max_rate":0.14195,"is_open":false,"enter_tag":"","leverage":1.0,"is_short":false,"open_timestamp":1763715600000,"close_timestamp":1763726400000,"orders":[{"amount":2329.0,"safe_price":0.14108,"ft_order_side":"buy","order_filled_timestamp":1763715600000,"ft_is_entry":true,"ft_order_tag":"","cost":328.90389532},{"amount":2329.0,"safe_price":0.13403,"ft_order_side":"sell","order_filled_timestamp":1763726400000,"ft_is_entry":false,"ft_order_tag":"stop_loss","cost":312.46802587}],"funding_fees":0.0,"weekday":4},{"pair":"DOGE/USDT","stake_amount":322.96575,"max_stake_amount":322.96575,"amount":2325.0,"open_date":"2025-11-21 13:00:00+00:00","close_date":"2025-11-21 15:00:00+00:00","open_rate":0.13891,"close_rate":0.14133,"fee_open":0.001,"fee_close":0.001,"trade_duration":120,"profit_ratio":0.015388542060487927,"profit_abs":4.974942,"exit_reason":"roi","initial_stop_loss_abs":0.13197,"initial_stop_loss_ratio":-0.05,"stop_loss_abs":0.13197,"stop_loss_ratio":-0.05,"min_rate":0.13746,"max_rate":0.14209,"is_open":false,"enter_tag":"","leverage":1.0,"is_short":false,"open_timestamp":1763730000000,"close_timestamp":1763737200000,"orders":[{"amount":2325.0,"safe_price":0.13891,"ft_order_side":"buy","order_filled_timestamp":1763730000000,"ft_is_entry":true,"ft_order_tag":"","cost":323.28871575},{"amount":2325.0,"safe_price":0.14133,"ft_order_side":"sell","order_filled_timestamp":1763737200000,"ft_is_entry":false,"ft_order_tag":"roi","cost":328.92084225}],"funding_fees":0.0,"weekday":4},{"pair":"DOGE/USDT","stake_amount":324.62775,"max_stake_amount":324.62775,"amount":2295.0,"open_date":"2025-11-21 17:00:00+00:00","close_date":"2025-11-22 22:00:00+00:00","open_rate":0.14145,"close_rate":0.14173318318318318,"fee_open":0.001,"fee_close":0.001,"trade_duration":1740,"profit_ratio":0.0,"profit_abs":0.0,"exit_reason":"roi","initial_stop_loss_abs":0.13438,"initial_stop_loss_ratio":-0.05,"stop_loss_abs":0.13438,"stop_loss_ratio":-0.05,"min_rate":0.13549,"max_rate":0.1435,"is_open":false,"enter_tag":"","leverage":1.0,"is_short":false,"open_timestamp":1763744400000,"close_timestamp":1763848800000,"orders":[{"amount":2295.0,"safe_price":0.14145,"ft_order_side":"buy","order_filled_timestamp":1763744400000,"ft_is_entry":true,"ft_order_tag":"","cost":324.95237775},{"amount":2295.0,"safe_price":0.14173318318318318,"ft_order_side":"sell","order_filled_timestamp":1763848800000,"ft_is_entry":false,"ft_order_tag":"roi","cost":325.60293306081076}],"funding_fees":0.0,"weekday":5}],"locks":[],"best_pair":{"key":"DOGE/USDT","trades":25,"profit_mean":-0.001835082368323796,"profit_mean_pct":-0.18,"profit_total_abs":-16.161485050000003,"profit_total":-0.016161485050000004,"profit_total_pct":-1.62,"duration_avg":"3:24:00","wins":10,"draws":10,"losses":5,"winrate":0.4,"cagr":-0.05946894977369033,"expectancy":-0.6464594020000005,"expectancy_ratio":-0.43774361715427723,"sortino":-17.288078331085394,"sharpe":-0.335759702701018,"calmar":-8.353147429397993,"sqn":-0.3341,"profit_factor":0.8112819142286138,"max_drawdown_account":0.03810709267717431,"max_drawdown_abs":38.77941568},"worst_pair":{"key":"DOGE/USDT","trades":25,"profit_mean":-0.001835082368323796,"profit_mean_pct":-0.18,"profit_total_abs":-16.161485050000003,"profit_total":-0.016161485050000004,"profit_total_pct":-1.62,"duration_avg":"3:24:00","wins":10,"draws":10,"losses":5,"winrate":0.4,"cagr":-0.05946894977369033,"expectancy":-0.6464594020000005,"expectancy_ratio":-0.43774361715427723,"sortino":-17.288078331085394,"sharpe":-0.335759702701018,"calmar":-8.353147429397993,"sqn":-0.3341,"profit_factor":0.8112819142286138,"max_drawdown_account":0.03810709267717431,"max_drawdown_abs":38.77941568},"results_per_pair":[{"key":"DOGE/USDT","trades":25,"profit_mean":-0.001835082368323796,"profit_mean_pct":-0.18,"profit_total_abs":-16.161485050000003,"profit_total":-0.016161485050000004,"profit_total_pct":-1.62,"duration_avg":"3:24:00","wins":10,"draws":10,"losses":5,"winrate":0.4,"cagr":-0.05946894977369033,"expectancy":-0.6464594020000005,"expectancy_ratio":-0.43774361715427723,"sortino":-17.288078331085394,"sharpe":-0.335759702701018,"calmar":-8.353147429397993,"sqn":-0.3341,"profit_factor":0.8112819142286138,"max_drawdown_account":0.03810709267717431,"max_drawdown_abs":38.77941568},{"key":"TOTAL","trades":25,"profit_mean":-0.001835082368323796,"profit_mean_pct":-0.18,"profit_total_abs":-16.161485050000003,"profit_total":-0.016161485050000004,"profit_total_pct":-1.62,"duration_avg":"3:24:00","wins":10,"draws":10,"losses":5,"winrate":0.4,"cagr":-0.05946894977369033,"expectancy":-0.6464594020000005,"expectancy_ratio":-0.43774361715427723,"sortino":-17.288078331085394,"sharpe":-0.335759702701018,"calmar":-8.353147429397993,"sqn":-0.3341,"profit_factor":0.8112819142286138,"max_drawdown_account":0.03810709267717431,"max_drawdown_abs":38.77941568}],"results_per_enter_tag":[{"key":"","trades":25,"profit_mean":-0.001835082368323796,"profit_mean_pct":-0.18,"profit_total_abs":-16.161485050000003,"profit_total":-0.016161485050000004,"profit_total_pct":-1.62,"duration_avg":"3:24:00","wins":10,"draws":10,"losses":5,"winrate":0.4,"cagr":-0.05946894977369033,"expectancy":-0.6464594020000005,"expectancy_ratio":-0.43774361715427723,"sortino":-17.288078331085394,"sharpe":-0.335759702701018,"calmar":-8.353147429397993,"sqn":-0.3341,"profit_factor":0.8112819142286138,"max_drawdown_account":0.03810709267717431,"max_drawdown_abs":38.77941568},{"key":"TOTAL","trades":25,"profit_mean":-0.001835082368323796,"profit_mean_pct":-0.18,"profit_total_abs":-16.161485050000003,"profit_total":-0.016161485050000004,"profit_total_pct":-1.62,"duration_avg":"3:24:00","wins":10,"draws":10,"losses":5,"winrate":0.4,"cagr":-0.05946894977369033,"expectancy":-0.6464594020000005,"expectancy_ratio":-0.43774361715427723,"sortino":-17.288078331085394,"sharpe":-0.335759702701018,"calmar":-8.353147429397993,"sqn":-0.3341,"profit_factor":0.8112819142286138,"max_drawdown_account":0.03810709267717431,"max_drawdown_abs":38.77941568}],"exit_reason_summary":[{"key":"roi","trades":20,"profit_mean":0.010673929180149618,"profit_mean_pct":1.07,"profit_total_abs":69.47675668999999,"profit_total":0.06947675668999999,"profit_total_pct":6.95,"duration_avg":"3:15:00","wins":10,"draws":10,"losses":0,"winrate":0.5,"cagr":0.2875629855318609,"expectancy":3.4738378344999994,"expectancy_ratio":100.0,"sortino":-100,"sharpe":2.6115746079156748,"calmar":-100,"sqn":2.8898,"profit_factor":0.0,"max_drawdown_account":0.0,"max_drawdown_abs":0.0},{"key":"stop_loss","trades":5,"profit_mean":-0.05187112856221746,"profit_mean_pct":-5.19,"profit_total_abs":-85.63824174000001,"profit_total":-0.08563824174000001,"profit_total_pct":-8.56,"duration_avg":"4:00:00","wins":0,"draws":0,"losses":5,"winrate":0.0,"cagr":-0.28601079301823984,"expectancy":-17.127648348,"expectancy_ratio":-1.0,"sortino":-91.60795723642649,"sharpe":-91.60795723642649,"calmar":-19.69584863354928,"sqn":-186.0452,"profit_factor":0.0,"max_drawdown_account":0.08563824174000001,"max_drawdown_abs":85.63824174000001},{"key":"TOTAL","trades":25,"profit_mean":-0.001835082368323796,"profit_mean_pct":-0.18,"profit_total_abs":-16.161485050000003,"profit_total":-0.016161485050000004,"profit_total_pct":-1.62,"duration_avg":"3:24:00","wins":10,"draws":10,"losses":5,"winrate":0.4,"cagr":-0.05946894977369033,"expectancy":-0.6464594020000005,"expectancy_ratio":-0.43774361715427723,"sortino":-17.288078331085394,"sharpe":-0.335759702701018,"calmar":-8.353147429397993,"sqn":-0.3341,"profit_factor":0.8112819142286138,"max_drawdown_account":0.03810709267717431,"max_drawdown_abs":38.77941568}],"mix_tag_stats":[{"key":["","roi"],"trades":20,"profit_mean":0.010673929180149618,"profit_mean_pct":1.07,"profit_total_abs":69.47675668999999,"profit_total":0.06947675668999999,"profit_total_pct":6.95,"duration_avg":"3:15:00","wins":10,"draws":10,"losses":0,"winrate":0.5,"cagr":0.2875629855318609,"expectancy":3.4738378344999994,"expectancy_ratio":100.0,"sortino":-100,"sharpe":2.6115746079156748,"calmar":-100,"sqn":2.8898,"profit_factor":0.0,"max_drawdown_account":0.0,"max_drawdown_abs":0.0},{"key":["","stop_loss"],"trades":5,"profit_mean":-0.05187112856221746,"profit_mean_pct":-5.19,"profit_total_abs":-85.63824174000001,"profit_total":-0.08563824174000001,"profit_total_pct":-8.56,"duration_avg":"4:00:00","wins":0,"draws":0,"losses":5,"winrate":0.0,"cagr":-0.28601079301823984,"expectancy":-17.127648348,"expectancy_ratio":-1.0,"sortino":-91.60795723642649,"sharpe":-91.60795723642649,"calmar":-19.69584863354928,"sqn":-186.0452,"profit_factor":0.0,"max_drawdown_account":0.08563824174000001,"max_drawdown_abs":85.63824174000001},{"key":"TOTAL","trades":25,"profit_mean":-0.001835082368323796,"profit_mean_pct":-0.18,"profit_total_abs":-16.161485050000003,"profit_total":-0.016161485050000004,"profit_total_pct":-1.62,"duration_avg":"3:24:00","wins":10,"draws":10,"losses":5,"winrate":0.4,"cagr":-0.05946894977369033,"expectancy":-0.6464594020000005,"expectancy_ratio":-0.43774361715427723,"sortino":-17.288078331085394,"sharpe":-0.335759702701018,"calmar":-8.353147429397993,"sqn":-0.3341,"profit_factor":0.8112819142286138,"max_drawdown_account":0.03810709267717431,"max_drawdown_abs":38.77941568}],"left_open_trades":[{"key":"TOTAL","trades":0,"profit_mean":0.0,"profit_mean_pct":0.0,"profit_total_abs":0.0,"profit_total":0.0,"profit_total_pct":0.0,"duration_avg":"0:00","wins":0,"draws":0,"losses":0,"winrate":0.0,"cagr":0.0,"expectancy":0.0,"expectancy_ratio":100.0,"sortino":0,"sharpe":0,"calmar":0,"sqn":0.0,"profit_factor":0.0,"max_drawdown_account":0.0,"max_drawdown_abs":0.0}],"total_trades":25,"trade_count_long":25,"trade_count_short":0,"total_volume":16445.26087904399,"avg_stake_amount":328.57129399999997,"profit_mean":-0.001835082368323796,"profit_median":0.0,"profit_total":-0.016161485050000004,"profit_total_long":-0.016161485050000004,"profit_total_short":0.0,"profit_total_abs":-16.161485050000003,"profit_total_long_abs":-16.161485050000003,"profit_total_short_abs":0.0,"cagr":-0.05946894977369033,"expectancy":-0.6464594020000005,"expectancy_ratio":-0.43774361715427723,"sortino":-17.288078331085394,"sharpe":-0.335759702701018,"calmar":-8.353147429397993,"sqn":-0.3341,"profit_factor":0.8112819142286138,"backtest_start":"2025-10-01 00:00:00","backtest_start_ts":1759276800000,"backtest_end":"2026-01-06 20:00:00","backtest_end_ts":1767729600000,"backtest_days":97,"backtest_run_start_ts":1767752759,"backtest_run_end_ts":1767752760,"trades_per_day":0.26,"market_change":-0.36632086436227446,"pairlist":["DOGE/USDT"],"stake_amount":"unlimited","stake_currency":"USDT","stake_currency_decimals":3,"starting_balance":1000,"dry_run_wallet":1000,"final_balance":983.83851495,"rejected_signals":0,"timedout_entry_orders":0,"timedout_exit_orders":0,"canceled_trade_entries":0,"canceled_entry_orders":0,"replaced_entry_orders":0,"max_open_trades":1,"max_open_trades_setting":3,"timeframe":"1h","timeframe_detail":"","timerange":"20251001-","enable_protections":false,"strategy_name":"ACO_74_3","freqaimodel":null,"freqai_identifier":null,"stoploss":-0.05,"trailing_stop":false,"trailing_stop_positive":null,"trailing_stop_positive_offset":0.0,"trailing_only_offset_is_reached":false,"use_custom_stoploss":false,"minimal_roi":{"0":0.1,"60":0.05,"120":0.0},"use_exit_signal":true,"exit_profit_only":false,"exit_profit_offset":0.0,"ignore_roi_if_entry_signal":false,"trading_mode":"spot","margin_mode":"","periodic_breakdown":{"day":[{"date":"11/10/2025","date_ts":1760140800000,"profit_abs":-32.56375178,"wins":1,"draws":0,"losses":2,"trades":3,"profit_factor":0.04248905},{"date":"12/10/2025","date_ts":1760227200000,"profit_abs":43.13321884,"wins":4,"draws":1,"losses":0,"trades":5,"profit_factor":0.0},{"date":"13/10/2025","date_ts":1760313600000,"profit_abs":0.0,"wins":0,"draws":2,"losses":0,"trades":2,"profit_factor":0.0},{"date":"14/10/2025","date_ts":1760400000000,"profit_abs":0.0,"wins":0,"draws":3,"losses":0,"trades":3,"profit_factor":0.0},{"date":"15/10/2025","date_ts":1760486400000,"profit_abs":0.0,"wins":0,"draws":0,"losses":0,"trades":0,"profit_factor":0.0},{"date":"16/10/2025","date_ts":1760572800000,"profit_abs":0.0,"wins":0,"draws":0,"losses":0,"trades":0,"profit_factor":0.0},{"date":"17/10/2025","date_ts":1760659200000,"profit_abs":7.07352157,"wins":1,"draws":1,"losses":0,"trades":2,"profit_factor":0.0},{"date":"18/10/2025","date_ts":1760745600000,"profit_abs":0.0,"wins":0,"draws":0,"losses":0,"trades":0,"profit_factor":0.0},{"date":"19/10/2025","date_ts":1760832000000,"profit_abs":0.0,"wins":0,"draws":0,"losses":0,"trades":0,"profit_factor":0.0},{"date":"20/10/2025","date_ts":1760918400000,"profit_abs":0.0,"wins":0,"draws":0,"losses":0,"trades":0,"profit_factor":0.0},{"date":"21/10/2025","date_ts":1761004800000,"profit_abs":0.0,"wins":0,"draws":0,"losses":0,"trades":0,"profit_factor":0.0},{"date":"22/10/2025","date_ts":1761091200000,"profit_abs":0.0,"wins":0,"draws":0,"losses":0,"trades":0,"profit_factor":0.0},{"date":"23/10/2025","date_ts":1761177600000,"profit_abs":0.0,"wins":0,"draws":0,"losses":0,"trades":0,"profit_factor":0.0},{"date":"24/10/2025","date_ts":1761264000000,"profit_abs":0.0,"wins":0,"draws":0,"losses":0,"trades":0,"profit_factor":0.0},{"date":"25/10/2025","date_ts":1761350400000,"profit_abs":0.0,"wins":0,"draws":0,"losses":0,"trades":0,"profit_factor":0.0},{"date":"26/10/2025","date_ts":1761436800000,"profit_abs":0.0,"wins":0,"draws":0,"losses":0,"trades":0,"profit_factor":0.0},{"date":"27/10/2025","date_ts":1761523200000,"profit_abs":0.0,"wins":0,"draws":0,"losses":0,"trades":0,"profit_factor":0.0},{"date":"28/10/2025","date_ts":1761609600000,"profit_abs":0.0,"wins":0,"draws":0,"losses":0,"trades":0,"profit_factor":0.0},{"date":"29/10/2025","date_ts":1761696000000,"profit_abs":0.0,"wins":0,"draws":0,"losses":0,"trades":0,"profit_factor":0.0},{"date":"30/10/2025","date_ts":1761782400000,"profit_abs":0.0,"wins":0,"draws":0,"losses":0,"trades":0,"profit_factor":0.0},{"date":"31/10/2025","date_ts":1761868800000,"profit_abs":0.0,"wins":0,"draws":0,"losses":0,"trades":0,"profit_factor":0.0},{"date":"01/11/2025","date_ts":1761955200000,"profit_abs":0.0,"wins":0,"draws":0,"losses":0,"trades":0,"profit_factor":0.0},{"date":"02/11/2025","date_ts":1762041600000,"profit_abs":0.0,"wins":0,"draws":0,"losses":0,"trades":0,"profit_factor":0.0},{"date":"03/11/2025","date_ts":1762128000000,"profit_abs":0.0,"wins":0,"draws":0,"losses":0,"trades":0,"profit_factor":0.0},{"date":"04/11/2025","date_ts":1762214400000,"profit_abs":-25.9406348,"wins":1,"draws":1,"losses":2,"trades":4,"profit_factor":0.24960506},{"date":"05/11/2025","date_ts":1762300800000,"profit_abs":0.24077163,"wins":1,"draws":1,"losses":0,"trades":2,"profit_factor":0.0},{"date":"06/11/2025","date_ts":1762387200000,"profit_abs":0.0,"wins":0,"draws":0,"losses":0,"trades":0,"profit_factor":0.0},{"date":"07/11/2025","date_ts":1762473600000,"profit_abs":0.0,"wins":0,"draws":0,"losses":0,"trades":0,"profit_factor":0.0},{"date":"08/11/2025","date_ts":1762560000000,"profit_abs":0.0,"wins":0,"draws":0,"losses":0,"trades":0,"profit_factor":0.0},{"date":"09/11/2025","date_ts":1762646400000,"profit_abs":0.0,"wins":0,"draws":0,"losses":0,"trades":0,"profit_factor":0.0},{"date":"10/11/2025","date_ts":1762732800000,"profit_abs":0.0,"wins":0,"draws":0,"losses":0,"trades":0,"profit_factor":0.0},{"date":"11/11/2025","date_ts":1762819200000,"profit_abs":0.0,"wins":0,"draws":0,"losses":0,"trades":0,"profit_factor":0.0},{"date":"12/11/2025","date_ts":1762905600000,"profit_abs":0.0,"wins":0,"draws":0,"losses":0,"trades":0,"profit_factor":0.0},{"date":"13/11/2025","date_ts":1762992000000,"profit_abs":0.0,"wins":0,"draws":0,"losses":0,"trades":0,"profit_factor":0.0},{"date":"14/11/2025","date_ts":1763078400000,"profit_abs":0.0,"wins":0,"draws":0,"losses":0,"trades":0,"profit_factor":0.0},{"date":"15/11/2025","date_ts":1763164800000,"profit_abs":3.98062868,"wins":1,"draws":0,"losses":0,"trades":1,"profit_factor":0.0},{"date":"16/11/2025","date_ts":1763251200000,"profit_abs":0.0,"wins":0,"draws":0,"losses":0,"trades":0,"profit_factor":0.0},{"date":"17/11/2025","date_ts":1763337600000,"profit_abs":0.0,"wins":0,"draws":0,"losses":0,"trades":0,"profit_factor":0.0},{"date":"18/11/2025","date_ts":1763424000000,"profit_abs":0.0,"wins":0,"draws":0,"losses":0,"trades":0,"profit_factor":0.0},{"date":"19/11/2025","date_ts":1763510400000,"profit_abs":0.0,"wins":0,"draws":0,"losses":0,"trades":0,"profit_factor":0.0},{"date":"20/11/2025","date_ts":1763596800000,"profit_abs":0.0,"wins":0,"draws":0,"losses":0,"trades":0,"profit_factor":0.0},{"date":"21/11/2025","date_ts":1763683200000,"profit_abs":-12.08523919,"wins":1,"draws":0,"losses":1,"trades":2,"profit_factor":0.29161132},{"date":"22/11/2025","date_ts":1763769600000,"profit_abs":0.0,"wins":0,"draws":1,"losses":0,"trades":1,"profit_factor":0.0}],"week":[{"date":"13/10/2025","date_ts":1760313600000,"profit_abs":10.56946706,"wins":5,"draws":3,"losses":2,"trades":10,"profit_factor":1.31078668},{"date":"20/10/2025","date_ts":1760918400000,"profit_abs":7.07352157,"wins":1,"draws":4,"losses":0,"trades":5,"profit_factor":0.0},{"date":"27/10/2025","date_ts":1761523200000,"profit_abs":0.0,"wins":0,"draws":0,"losses":0,"trades":0,"profit_factor":0.0},{"date":"03/11/2025","date_ts":1762128000000,"profit_abs":0.0,"wins":0,"draws":0,"losses":0,"trades":0,"profit_factor":0.0},{"date":"10/11/2025","date_ts":1762732800000,"profit_abs":-25.69986317,"wins":2,"draws":2,"losses":2,"trades":6,"profit_factor":0.25656995},{"date":"17/11/2025","date_ts":1763337600000,"profit_abs":3.98062868,"wins":1,"draws":0,"losses":0,"trades":1,"profit_factor":0.0},{"date":"24/11/2025","date_ts":1763942400000,"profit_abs":-12.08523919,"wins":1,"draws":1,"losses":1,"trades":3,"profit_factor":0.29161132}],"month":[{"date":"31/10/2025","date_ts":1761868800000,"profit_abs":17.64298863,"wins":6,"draws":7,"losses":2,"trades":15,"profit_factor":1.5187779},{"date":"30/11/2025","date_ts":1764460800000,"profit_abs":-33.80447368,"wins":4,"draws":3,"losses":3,"trades":10,"profit_factor":0.34524874}],"year":[{"date":"31/12/2025","date_ts":1767139200000,"profit_abs":-16.16148505,"wins":10,"draws":10,"losses":5,"trades":25,"profit_factor":0.81128191}],"weekday":[{"date":"Monday","date_ts":0,"profit_abs":0.0,"wins":0,"draws":2,"losses":0,"trades":2,"profit_factor":0.0},{"date":"Tuesday","date_ts":1,"profit_abs":-25.9406348,"wins":1,"draws":4,"losses":2,"trades":7,"profit_factor":0.24960506},{"date":"Wednesday","date_ts":2,"profit_abs":0.24077163,"wins":1,"draws":1,"losses":0,"trades":2,"profit_factor":0.0},{"date":"Friday","date_ts":4,"profit_abs":-5.01171762,"wins":2,"draws":1,"losses":1,"trades":4,"profit_factor":0.70623304},{"date":"Saturday","date_ts":5,"profit_abs":-28.5831231,"wins":2,"draws":1,"losses":2,"trades":5,"profit_factor":0.15953624},{"date":"Sunday","date_ts":6,"profit_abs":43.13321884,"wins":4,"draws":1,"losses":0,"trades":5,"profit_factor":0.0}]},"backtest_best_day":0.13305172917244787,"backtest_worst_day":-0.09936115194216598,"backtest_best_day_abs":43.13321884,"backtest_worst_day_abs":-32.56375178,"winning_days":4,"draw_days":36,"losing_days":3,"daily_profit":[["2025-10-11",-32.56375178],["2025-10-12",43.13321884],["2025-10-13",0.0],["2025-10-14",0.0],["2025-10-15",0.0],["2025-10-16",0.0],["2025-10-17",7.07352157],["2025-10-18",0.0],["2025-10-19",0.0],["2025-10-20",0.0],["2025-10-21",0.0],["2025-10-22",0.0],["2025-10-23",0.0],["2025-10-24",0.0],["2025-10-25",0.0],["2025-10-26",0.0],["2025-10-27",0.0],["2025-10-28",0.0],["2025-10-29",0.0],["2025-10-30",0.0],["2025-10-31",0.0],["2025-11-01",0.0],["2025-11-02",0.0],["2025-11-03",0.0],["2025-11-04",-25.9406348],["2025-11-05",0.24077163],["2025-11-06",0.0],["2025-11-07",0.0],["2025-11-08",0.0],["2025-11-09",0.0],["2025-11-10",0.0],["2025-11-11",0.0],["2025-11-12",0.0],["2025-11-13",0.0],["2025-11-14",0.0],["2025-11-15",3.98062868],["2025-11-16",0.0],["2025-11-17",0.0],["2025-11-18",0.0],["2025-11-19",0.0],["2025-11-20",0.0],["2025-11-21",-12.08523919],["2025-11-22",0.0]],"wins":10,"losses":5,"draws":10,"winrate":0.4,"holding_avg":"3:24:00","holding_avg_s":12240.0,"winner_holding_min":"0d 01:00","winner_holding_min_s":3600.0,"winner_holding_max":"0d 02:00","winner_holding_max_s":7200.0,"winner_holding_avg":"0d 01:48","winner_holding_avg_s":6480.0,"loser_holding_min":"0d 01:00","loser_holding_min_s":3600.0,"loser_holding_max":"0d 10:00","loser_holding_max_s":36000.0,"loser_holding_avg":"0d 04:00","loser_holding_avg_s":14400.0,"max_consecutive_wins":2,"max_consecutive_losses":6,"max_drawdown_account":0.03810709267717431,"max_relative_drawdown":0.03810709267717431,"max_drawdown_abs":38.77941568,"drawdown_start":"2025-10-17 12:00:00","drawdown_start_ts":1760702400000.0,"drawdown_end":"2025-11-21 12:00:00","drawdown_end_ts":1763726400000.0,"drawdown_duration":"35 days 00:00:00","drawdown_duration_s":3024000.0,"max_drawdown_low":-21.13642705000001,"max_drawdown_high":17.642988629999994,"csum_min":967.43624822,"csum_max":1017.64298863}},"strategy_comparison":[{"key":"ACO_74_3","trades":25,"profit_mean":-0.001835082368323796,"profit_mean_pct":-0.18,"profit_total_abs":-16.161485050000003,"profit_total":-0.016161485050000004,"profit_total_pct":-1.62,"duration_avg":"3:24:00","wins":10,"draws":10,"losses":5,"winrate":0.4,"cagr":-0.05946894977369033,"expectancy":-0.6464594020000005,"expectancy_ratio":-0.43774361715427723,"sortino":-17.288078331085394,"sharpe":-0.335759702701018,"calmar":-8.353147429397993,"sqn":-0.3341,"profit_factor":0.8112819142286138,"max_drawdown_account":0.03810709267717431,"max_drawdown_abs":"38.779"}]}