{"strategy":{"ACO_23_16":{"trades":[{"pair":"DOGE/USDT","stake_amount":329.99187,"max_stake_amount":329.99187,"amount":2119.0,"open_date":"2025-11-26 18:00:00+00:00","close_date":"2025-11-26 19:00:00+00:00","open_rate":0.15573,"close_rate":0.15666,"fee_open":0.001,"fee_close":0.001,"trade_duration":60,"profit_ratio":0.00396194058301552,"profit_abs":1.30871559,"exit_reason":"exit_signal","initial_stop_loss_abs":0.14795,"initial_stop_loss_ratio":-0.05,"stop_loss_abs":0.14795,"stop_loss_ratio":-0.05,"min_rate":0.15539,"max_rate":0.15681,"is_open":false,"enter_tag":"","leverage":1.0,"is_short":false,"open_timestamp":1764180000000,"close_timestamp":1764183600000,"orders":[{"amount":2119.0,"safe_price":0.15573,"ft_order_side":"buy","order_filled_timestamp":1764180000000,"ft_is_entry":true,"ft_order_tag":"","cost":330.32186186999996},{"amount":2119.0,"safe_price":0.15666,"ft_order_side":"sell","order_filled_timestamp":1764183600000,"ft_is_entry":false,"ft_order_tag":"exit_signal","cost":332.29450253999994}],"funding_fees":0.0,"weekday":2}],"locks":[],"best_pair":{"key":"DOGE/USDT","trades":1,"profit_mean":0.00396194058301552,"profit_mean_pct":0.4,"profit_total_abs":1.30871559,"profit_total":0.00130871559,"profit_total_pct":0.13,"duration_avg":"1:00:00","wins":1,"draws":0,"losses":0,"winrate":1.0,"cagr":0.004933458374362987,"expectancy":1.30871559,"expectancy_ratio":100.0,"sortino":-100,"sharpe":-100,"calmar":-100,"sqn":-100.0,"profit_factor":0.0,"max_drawdown_account":0.0,"max_drawdown_abs":0.0},"worst_pair":{"key":"DOGE/USDT","trades":1,"profit_mean":0.00396194058301552,"profit_mean_pct":0.4,"profit_total_abs":1.30871559,"profit_total":0.00130871559,"profit_total_pct":0.13,"duration_avg":"1:00:00","wins":1,"draws":0,"losses":0,"winrate":1.0,"cagr":0.004933458374362987,"expectancy":1.30871559,"expectancy_ratio":100.0,"sortino":-100,"sharpe":-100,"calmar":-100,"sqn":-100.0,"profit_factor":0.0,"max_drawdown_account":0.0,"max_drawdown_abs":0.0},"results_per_pair":[{"key":"DOGE/USDT","trades":1,"profit_mean":0.00396194058301552,"profit_mean_pct":0.4,"profit_total_abs":1.30871559,"profit_total":0.00130871559,"profit_total_pct":0.13,"duration_avg":"1:00:00","wins":1,"draws":0,"losses":0,"winrate":1.0,"cagr":0.004933458374362987,"expectancy":1.30871559,"expectancy_ratio":100.0,"sortino":-100,"sharpe":-100,"calmar":-100,"sqn":-100.0,"profit_factor":0.0,"max_drawdown_account":0.0,"max_drawdown_abs":0.0},{"key":"TOTAL","trades":1,"profit_mean":0.00396194058301552,"profit_mean_pct":0.4,"profit_total_abs":1.30871559,"profit_total":0.00130871559,"profit_total_pct":0.13,"duration_avg":"1:00:00","wins":1,"draws":0,"losses":0,"winrate":1.0,"cagr":0.004933458374362987,"expectancy":1.30871559,"expectancy_ratio":100.0,"sortino":-100,"sharpe":-100,"calmar":-100,"sqn":-100.0,"profit_factor":0.0,"max_drawdown_account":0.0,"max_drawdown_abs":0.0}],"results_per_enter_tag":[{"key":"","trades":1,"profit_mean":0.00396194058301552,"profit_mean_pct":0.4,"profit_total_abs":1.30871559,"profit_total":0.00130871559,"profit_total_pct":0.13,"duration_avg":"1:00:00","wins":1,"draws":0,"losses":0,"winrate":1.0,"cagr":0.004933458374362987,"expectancy":1.30871559,"expectancy_ratio":100.0,"sortino":-100,"sharpe":-100,"calmar":-100,"sqn":-100.0,"profit_factor":0.0,"max_drawdown_account":0.0,"max_drawdown_abs":0.0},{"key":"TOTAL","trades":1,"profit_mean":0.00396194058301552,"profit_mean_pct":0.4,"profit_total_abs":1.30871559,"profit_total":0.00130871559,"profit_total_pct":0.13,"duration_avg":"1:00:00","wins":1,"draws":0,"losses":0,"winrate":1.0,"cagr":0.004933458374362987,"expectancy":1.30871559,"expectancy_ratio":100.0,"sortino":-100,"sharpe":-100,"calmar":-100,"sqn":-100.0,"profit_factor":0.0,"max_drawdown_account":0.0,"max_drawdown_abs":0.0}],"exit_reason_summary":[{"key":"exit_signal","trades":1,"profit_mean":0.00396194058301552,"profit_mean_pct":0.4,"profit_total_abs":1.30871559,"profit_total":0.00130871559,"profit_total_pct":0.13,"duration_avg":"1:00:00","wins":1,"draws":0,"losses":0,"winrate":1.0,"cagr":0.004933458374362987,"expectancy":1.30871559,"expectancy_ratio":100.0,"sortino":-100,"sharpe":-100,"calmar":-100,"sqn":-100.0,"profit_factor":0.0,"max_drawdown_account":0.0,"max_drawdown_abs":0.0},{"key":"TOTAL","trades":1,"profit_mean":0.00396194058301552,"profit_mean_pct":0.4,"profit_total_abs":1.30871559,"profit_total":0.00130871559,"profit_total_pct":0.13,"duration_avg":"1:00:00","wins":1,"draws":0,"losses":0,"winrate":1.0,"cagr":0.004933458374362987,"expectancy":1.30871559,"expectancy_ratio":100.0,"sortino":-100,"sharpe":-100,"calmar":-100,"sqn":-100.0,"profit_factor":0.0,"max_drawdown_account":0.0,"max_drawdown_abs":0.0}],"mix_tag_stats":[{"key":["","exit_signal"],"trades":1,"profit_mean":0.00396194058301552,"profit_mean_pct":0.4,"profit_total_abs":1.30871559,"profit_total":0.00130871559,"profit_total_pct":0.13,"duration_avg":"1:00:00","wins":1,"draws":0,"losses":0,"winrate":1.0,"cagr":0.004933458374362987,"expectancy":1.30871559,"expectancy_ratio":100.0,"sortino":-100,"sharpe":-100,"calmar":-100,"sqn":-100.0,"profit_factor":0.0,"max_drawdown_account":0.0,"max_drawdown_abs":0.0},{"key":"TOTAL","trades":1,"profit_mean":0.00396194058301552,"profit_mean_pct":0.4,"profit_total_abs":1.30871559,"profit_total":0.00130871559,"profit_total_pct":0.13,"duration_avg":"1:00:00","wins":1,"draws":0,"losses":0,"winrate":1.0,"cagr":0.004933458374362987,"expectancy":1.30871559,"expectancy_ratio":100.0,"sortino":-100,"sharpe":-100,"calmar":-100,"sqn":-100.0,"profit_factor":0.0,"max_drawdown_account":0.0,"max_drawdown_abs":0.0}],"left_open_trades":[{"key":"TOTAL","trades":0,"profit_mean":0.0,"profit_mean_pct":0.0,"profit_total_abs":0.0,"profit_total":0.0,"profit_total_pct":0.0,"duration_avg":"0:00","wins":0,"draws":0,"losses":0,"winrate":0.0,"cagr":0.0,"expectancy":0.0,"expectancy_ratio":100.0,"sortino":0,"sharpe":0,"calmar":0,"sqn":0.0,"profit_factor":0.0,"max_drawdown_account":0.0,"max_drawdown_abs":0.0}],"total_trades":1,"trade_count_long":1,"trade_count_short":0,"total_volume":662.61636441,"avg_stake_amount":329.99187,"profit_mean":0.00396194058301552,"profit_median":0.00396194058301552,"profit_total":0.00130871559,"profit_total_long":0.00130871559,"profit_total_short":0.0,"profit_total_abs":1.30871559,"profit_total_long_abs":1.30871559,"profit_total_short_abs":0.0,"cagr":0.004933458374362987,"expectancy":1.30871559,"expectancy_ratio":100.0,"sortino":-100,"sharpe":-100,"calmar":-100,"sqn":-100.0,"profit_factor":0.0,"backtest_start":"2025-10-01 00:00:00","backtest_start_ts":1759276800000,"backtest_end":"2026-01-06 20:00:00","backtest_end_ts":1767729600000,"backtest_days":97,"backtest_run_start_ts":1767744329,"backtest_run_end_ts":1767744329,"trades_per_day":0.01,"market_change":-0.36632086436227446,"pairlist":["DOGE/USDT"],"stake_amount":"unlimited","stake_currency":"USDT","stake_currency_decimals":3,"starting_balance":1000,"dry_run_wallet":1000,"final_balance":1001.30871559,"rejected_signals":0,"timedout_entry_orders":0,"timedout_exit_orders":0,"canceled_trade_entries":0,"canceled_entry_orders":0,"replaced_entry_orders":0,"max_open_trades":1,"max_open_trades_setting":3,"timeframe":"1h","timeframe_detail":"","timerange":"20251001-","enable_protections":false,"strategy_name":"ACO_23_16","freqaimodel":null,"freqai_identifier":null,"stoploss":-0.05,"trailing_stop":false,"trailing_stop_positive":null,"trailing_stop_positive_offset":0.0,"trailing_only_offset_is_reached":false,"use_custom_stoploss":false,"minimal_roi":{"0":0.1,"60":0.05,"120":0.0},"use_exit_signal":true,"exit_profit_only":false,"exit_profit_offset":0.0,"ignore_roi_if_entry_signal":false,"trading_mode":"spot","margin_mode":"","periodic_breakdown":{"day":[{"date":"26/11/2025","date_ts":1764115200000,"profit_abs":1.30871559,"wins":1,"draws":0,"losses":0,"trades":1,"profit_factor":0.0}],"week":[{"date":"01/12/2025","date_ts":1764547200000,"profit_abs":1.30871559,"wins":1,"draws":0,"losses":0,"trades":1,"profit_factor":0.0}],"month":[{"date":"30/11/2025","date_ts":1764460800000,"profit_abs":1.30871559,"wins":1,"draws":0,"losses":0,"trades":1,"profit_factor":0.0}],"year":[{"date":"31/12/2025","date_ts":1767139200000,"profit_abs":1.30871559,"wins":1,"draws":0,"losses":0,"trades":1,"profit_factor":0.0}],"weekday":[{"date":"Wednesday","date_ts":2,"profit_abs":1.30871559,"wins":1,"draws":0,"losses":0,"trades":1,"profit_factor":0.0}]},"backtest_best_day":0.00396194058301552,"backtest_worst_day":0.00396194058301552,"backtest_best_day_abs":1.30871559,"backtest_worst_day_abs":1.30871559,"winning_days":1,"draw_days":0,"losing_days":0,"daily_profit":[["2025-11-26",1.30871559]],"wins":1,"losses":0,"draws":0,"winrate":1.0,"holding_avg":"1:00:00","holding_avg_s":3600.0,"winner_holding_min":"0d 01:00","winner_holding_min_s":3600.0,"winner_holding_max":"0d 01:00","winner_holding_max_s":3600.0,"winner_holding_avg":"0d 01:00","winner_holding_avg_s":3600.0,"loser_holding_min":"0d 00:00","loser_holding_min_s":0.0,"loser_holding_max":"0d 00:00","loser_holding_max_s":0.0,"loser_holding_avg":"0d 00:00","loser_holding_avg_s":0.0,"max_consecutive_wins":1,"max_consecutive_losses":0,"max_drawdown_account":0.0,"max_relative_drawdown":0.0,"max_drawdown_abs":0.0,"drawdown_start":"2025-11-26 19:00:00","drawdown_start_ts":1764183600000.0,"drawdown_end":"2025-11-26 19:00:00","drawdown_end_ts":1764183600000.0,"drawdown_duration":"0 days 00:00:00","drawdown_duration_s":0.0,"max_drawdown_low":0.0,"max_drawdown_high":0.0,"csum_min":1001.30871559,"csum_max":1001.30871559}},"strategy_comparison":[{"key":"ACO_23_16","trades":1,"profit_mean":0.00396194058301552,"profit_mean_pct":0.4,"profit_total_abs":1.30871559,"profit_total":0.00130871559,"profit_total_pct":0.13,"duration_avg":"1:00:00","wins":1,"draws":0,"losses":0,"winrate":1.0,"cagr":0.004933458374362987,"expectancy":1.30871559,"expectancy_ratio":100.0,"sortino":-100,"sharpe":-100,"calmar":-100,"sqn":-100.0,"profit_factor":0.0,"max_drawdown_account":0.0,"max_drawdown_abs":"0"}]}