{"strategy":{"ACO_96_8":{"trades":[{"pair":"DOGE/USDT","stake_amount":329.97993,"max_stake_amount":329.97993,"amount":1689.0,"open_date":"2025-10-11 01:00:00+00:00","close_date":"2025-10-11 03:00:00+00:00","open_rate":0.19537,"close_rate":0.19889,"fee_open":0.001,"fee_close":0.001,"trade_duration":120,"profit_ratio":0.015983095575663523,"profit_abs":5.27937486,"exit_reason":"roi","initial_stop_loss_abs":0.18561,"initial_stop_loss_ratio":-0.05,"stop_loss_abs":0.18561,"stop_loss_ratio":-0.05,"min_rate":0.18627,"max_rate":0.20048,"is_open":false,"enter_tag":"","leverage":1.0,"is_short":false,"open_timestamp":1760144400000,"close_timestamp":1760151600000,"orders":[{"amount":1689.0,"safe_price":0.19537,"ft_order_side":"buy","order_filled_timestamp":1760144400000,"ft_is_entry":true,"ft_order_tag":"","cost":330.30990992999995},{"amount":1689.0,"safe_price":0.19889,"ft_order_side":"sell","order_filled_timestamp":1760151600000,"ft_is_entry":false,"ft_order_tag":"roi","cost":336.26113520999996}],"funding_fees":0.0,"weekday":5},{"pair":"DOGE/USDT","stake_amount":331.57376,"max_stake_amount":331.57376,"amount":1792.0,"open_date":"2025-10-11 23:00:00+00:00","close_date":"2025-10-12 03:00:00+00:00","open_rate":0.18503,"close_rate":0.18540043043043042,"fee_open":0.001,"fee_close":0.001,"trade_duration":240,"profit_ratio":0.0,"profit_abs":0.0,"exit_reason":"roi","initial_stop_loss_abs":0.17578,"initial_stop_loss_ratio":-0.05,"stop_loss_abs":0.17578,"stop_loss_ratio":-0.05,"min_rate":0.18072,"max_rate":0.18675,"is_open":false,"enter_tag":"","leverage":1.0,"is_short":false,"open_timestamp":1760223600000,"close_timestamp":1760238000000,"orders":[{"amount":1792.0,"safe_price":0.18503,"ft_order_side":"buy","order_filled_timestamp":1760223600000,"ft_is_entry":true,"ft_order_tag":"","cost":331.90533375999996},{"amount":1792.0,"safe_price":0.18540043043043042,"ft_order_side":"sell","order_filled_timestamp":1760238000000,"ft_is_entry":false,"ft_order_tag":"roi","cost":332.5698089026626}],"funding_fees":0.0,"weekday":6},{"pair":"DOGE/USDT","stake_amount":331.65048,"max_stake_amount":331.65048,"amount":1747.0,"open_date":"2025-10-12 13:00:00+00:00","close_date":"2025-10-12 14:00:00+00:00","open_rate":0.18984,"close_rate":0.19972156156156154,"fee_open":0.001,"fee_close":0.001,"trade_duration":60,"profit_ratio":0.049950049950049945,"profit_abs":16.582524,"exit_reason":"roi","initial_stop_loss_abs":0.18035,"initial_stop_loss_ratio":-0.05,"stop_loss_abs":0.18035,"stop_loss_ratio":-0.05,"min_rate":0.18624,"max_rate":0.19986,"is_open":false,"enter_tag":"","leverage":1.0,"is_short":false,"open_timestamp":1760274000000,"close_timestamp":1760277600000,"orders":[{"amount":1747.0,"safe_price":0.18984,"ft_order_side":"buy","order_filled_timestamp":1760274000000,"ft_is_entry":true,"ft_order_tag":"","cost":331.98213047999997},{"amount":1747.0,"safe_price":0.19972156156156154,"ft_order_side":"sell","order_filled_timestamp":1760277600000,"ft_is_entry":false,"ft_order_tag":"roi","cost":349.26248161609607}],"funding_fees":0.0,"weekday":6},{"pair":"DOGE/USDT","stake_amount":337.16466,"max_stake_amount":337.16466,"amount":1719.0,"open_date":"2025-10-12 15:00:00+00:00","close_date":"2025-10-12 16:00:00+00:00","open_rate":0.19614,"close_rate":0.2063494894894895,"fee_open":0.001,"fee_close":0.001,"trade_duration":60,"profit_ratio":0.049950049950049945,"profit_abs":16.858233,"exit_reason":"roi","initial_stop_loss_abs":0.18634,"initial_stop_loss_ratio":-0.05,"stop_loss_abs":0.18634,"stop_loss_ratio":-0.05,"min_rate":0.19562,"max_rate":0.2095,"is_open":false,"enter_tag":"","leverage":1.0,"is_short":false,"open_timestamp":1760281200000,"close_timestamp":1760284800000,"orders":[{"amount":1719.0,"safe_price":0.19614,"ft_order_side":"buy","order_filled_timestamp":1760281200000,"ft_is_entry":true,"ft_order_tag":"","cost":337.50182466},{"amount":1719.0,"safe_price":0.2063494894894895,"ft_order_side":"sell","order_filled_timestamp":1760284800000,"ft_is_entry":false,"ft_order_tag":"roi","cost":355.0694872048648}],"funding_fees":0.0,"weekday":6},{"pair":"DOGE/USDT","stake_amount":342.6522,"max_stake_amount":342.6522,"amount":1614.0,"open_date":"2025-10-13 09:00:00+00:00","close_date":"2025-10-13 13:00:00+00:00","open_rate":0.2123,"close_rate":0.212725025025025,"fee_open":0.001,"fee_close":0.001,"trade_duration":240,"profit_ratio":0.0,"profit_abs":0.0,"exit_reason":"roi","initial_stop_loss_abs":0.20169,"initial_stop_loss_ratio":-0.05,"stop_loss_abs":0.20169,"stop_loss_ratio":-0.05,"min_rate":0.20188,"max_rate":0.21313,"is_open":false,"enter_tag":"","leverage":1.0,"is_short":false,"open_timestamp":1760346000000,"close_timestamp":1760360400000,"orders":[{"amount":1614.0,"safe_price":0.2123,"ft_order_side":"buy","order_filled_timestamp":1760346000000,"ft_is_entry":true,"ft_order_tag":"","cost":342.99485219999997},{"amount":1614.0,"safe_price":0.212725025025025,"ft_order_side":"sell","order_filled_timestamp":1760360400000,"ft_is_entry":false,"ft_order_tag":"roi","cost":343.6815285807807}],"funding_fees":0.0,"weekday":0},{"pair":"DOGE/USDT","stake_amount":342.63128,"max_stake_amount":342.63128,"amount":1622.0,"open_date":"2025-10-13 14:00:00+00:00","close_date":"2025-10-13 16:00:00+00:00","open_rate":0.21124,"close_rate":0.21166290290290288,"fee_open":0.001,"fee_close":0.001,"trade_duration":120,"profit_ratio":0.0,"profit_abs":0.0,"exit_reason":"roi","initial_stop_loss_abs":0.20068,"initial_stop_loss_ratio":-0.05,"stop_loss_abs":0.20068,"stop_loss_ratio":-0.05,"min_rate":0.20517,"max_rate":0.21192,"is_open":false,"enter_tag":"","leverage":1.0,"is_short":false,"open_timestamp":1760364000000,"close_timestamp":1760371200000,"orders":[{"amount":1622.0,"safe_price":0.21124,"ft_order_side":"buy","order_filled_timestamp":1760364000000,"ft_is_entry":true,"ft_order_tag":"","cost":342.97391128},{"amount":1622.0,"safe_price":0.21166290290290288,"ft_order_side":"sell","order_filled_timestamp":1760371200000,"ft_is_entry":false,"ft_order_tag":"roi","cost":343.66054573701695}],"funding_fees":0.0,"weekday":0},{"pair":"DOGE/USDT","stake_amount":342.67886,"max_stake_amount":342.67886,"amount":1717.0,"open_date":"2025-10-14 10:00:00+00:00","close_date":"2025-10-14 14:00:00+00:00","open_rate":0.19958,"close_rate":0.19997955955955954,"fee_open":0.001,"fee_close":0.001,"trade_duration":240,"profit_ratio":0.0,"profit_abs":0.0,"exit_reason":"roi","initial_stop_loss_abs":0.18961,"initial_stop_loss_ratio":-0.05,"stop_loss_abs":0.18961,"stop_loss_ratio":-0.05,"min_rate":0.1933,"max_rate":0.20175,"is_open":false,"enter_tag":"","leverage":1.0,"is_short":false,"open_timestamp":1760436000000,"close_timestamp":1760450400000,"orders":[{"amount":1717.0,"safe_price":0.19958,"ft_order_side":"buy","order_filled_timestamp":1760436000000,"ft_is_entry":true,"ft_order_tag":"","cost":343.02153885999996},{"amount":1717.0,"safe_price":0.19997955955955954,"ft_order_side":"sell","order_filled_timestamp":1760450400000,"ft_is_entry":false,"ft_order_tag":"roi","cost":343.7082686675274}],"funding_fees":0.0,"weekday":1},{"pair":"DOGE/USDT","stake_amount":342.60952,"max_stake_amount":342.60952,"amount":1672.0,"open_date":"2025-10-15 03:00:00+00:00","close_date":"2025-10-15 08:00:00+00:00","open_rate":0.20491,"close_rate":0.20532023023023022,"fee_open":0.001,"fee_close":0.001,"trade_duration":300,"profit_ratio":0.0,"profit_abs":0.0,"exit_reason":"roi","initial_stop_loss_abs":0.19467,"initial_stop_loss_ratio":-0.05,"stop_loss_abs":0.19467,"stop_loss_ratio":-0.05,"min_rate":0.2015,"max_rate":0.20853,"is_open":false,"enter_tag":"","leverage":1.0,"is_short":false,"open_timestamp":1760497200000,"close_timestamp":1760515200000,"orders":[{"amount":1672.0,"safe_price":0.20491,"ft_order_side":"buy","order_filled_timestamp":1760497200000,"ft_is_entry":true,"ft_order_tag":"","cost":342.95212951999997},{"amount":1672.0,"safe_price":0.20532023023023022,"ft_order_side":"sell","order_filled_timestamp":1760515200000,"ft_is_entry":false,"ft_order_tag":"roi","cost":343.6387203698898}],"funding_fees":0.0,"weekday":2},{"pair":"DOGE/USDT","stake_amount":342.68265,"max_stake_amount":342.68265,"amount":1719.0,"open_date":"2025-10-15 19:00:00+00:00","close_date":"2025-10-16 06:00:00+00:00","open_rate":0.19935,"close_rate":0.19974909909909908,"fee_open":0.001,"fee_close":0.001,"trade_duration":660,"profit_ratio":0.0,"profit_abs":0.0,"exit_reason":"roi","initial_stop_loss_abs":0.18939,"initial_stop_loss_ratio":-0.05,"stop_loss_abs":0.18939,"stop_loss_ratio":-0.05,"min_rate":0.1942,"max_rate":0.20077,"is_open":false,"enter_tag":"","leverage":1.0,"is_short":false,"open_timestamp":1760554800000,"close_timestamp":1760594400000,"orders":[{"amount":1719.0,"safe_price":0.19935,"ft_order_side":"buy","order_filled_timestamp":1760554800000,"ft_is_entry":true,"ft_order_tag":"","cost":343.02533265},{"amount":1719.0,"safe_price":0.19974909909909908,"ft_order_side":"sell","order_filled_timestamp":1760594400000,"ft_is_entry":false,"ft_order_tag":"roi","cost":343.71207005270264}],"funding_fees":0.0,"weekday":3},{"pair":"DOGE/USDT","stake_amount":342.58406,"max_stake_amount":342.58406,"amount":1729.0,"open_date":"2025-10-16 10:00:00+00:00","close_date":"2025-10-16 12:00:00+00:00","open_rate":0.19814,"close_rate":0.20034,"fee_open":0.001,"fee_close":0.001,"trade_duration":120,"profit_ratio":0.009083073986677499,"profit_abs":3.11482808,"exit_reason":"roi","initial_stop_loss_abs":0.18824,"initial_stop_loss_ratio":-0.05,"stop_loss_abs":0.18824,"stop_loss_ratio":-0.05,"min_rate":0.19777,"max_rate":0.2015,"is_open":false,"enter_tag":"","leverage":1.0,"is_short":false,"open_timestamp":1760608800000,"close_timestamp":1760616000000,"orders":[{"amount":1729.0,"safe_price":0.19814,"ft_order_side":"buy","order_filled_timestamp":1760608800000,"ft_is_entry":true,"ft_order_tag":"","cost":342.92664406},{"amount":1729.0,"safe_price":0.20034,"ft_order_side":"sell","order_filled_timestamp":1760616000000,"ft_is_entry":false,"ft_order_tag":"roi","cost":346.7342478599999}],"funding_fees":0.0,"weekday":3},{"pair":"DOGE/USDT","stake_amount":343.6272,"max_stake_amount":343.6272,"amount":1764.0,"open_date":"2025-10-16 17:00:00+00:00","close_date":"2025-10-16 20:00:00+00:00","open_rate":0.1948,"close_rate":0.18506,"fee_open":0.001,"fee_close":0.001,"trade_duration":180,"profit_ratio":-0.0518981018981019,"profit_abs":-17.85143304,"exit_reason":"stop_loss","initial_stop_loss_abs":0.18506,"initial_stop_loss_ratio":-0.05,"stop_loss_abs":0.18506,"stop_loss_ratio":-0.05,"min_rate":0.18469,"max_rate":0.1948,"is_open":false,"enter_tag":"","leverage":1.0,"is_short":false,"open_timestamp":1760634000000,"close_timestamp":1760644800000,"orders":[{"amount":1764.0,"safe_price":0.1948,"ft_order_side":"buy","order_filled_timestamp":1760634000000,"ft_is_entry":true,"ft_order_tag":"","cost":343.9708272},{"amount":1764.0,"safe_price":0.18506,"ft_order_side":"sell","order_filled_timestamp":1760644800000,"ft_is_entry":false,"ft_order_tag":"stop_loss","cost":326.77228583999994}],"funding_fees":0.0,"weekday":3},{"pair":"DOGE/USDT","stake_amount":337.7472,"max_stake_amount":337.7472,"amount":1795.0,"open_date":"2025-10-16 22:00:00+00:00","close_date":"2025-10-17 00:00:00+00:00","open_rate":0.18816,"close_rate":0.18853669669669668,"fee_open":0.001,"fee_close":0.001,"trade_duration":120,"profit_ratio":0.0,"profit_abs":0.0,"exit_reason":"roi","initial_stop_loss_abs":0.17876,"initial_stop_loss_ratio":-0.05,"stop_loss_abs":0.17876,"stop_loss_ratio":-0.05,"min_rate":0.18616,"max_rate":0.19011,"is_open":false,"enter_tag":"","leverage":1.0,"is_short":false,"open_timestamp":1760652000000,"close_timestamp":1760659200000,"orders":[{"amount":1795.0,"safe_price":0.18816,"ft_order_side":"buy","order_filled_timestamp":1760652000000,"ft_is_entry":true,"ft_order_tag":"","cost":338.08494719999993},{"amount":1795.0,"safe_price":0.18853669669669668,"ft_order_side":"sell","order_filled_timestamp":1760659200000,"ft_is_entry":false,"ft_order_tag":"roi","cost":338.76179394114104}],"funding_fees":0.0,"weekday":4},{"pair":"DOGE/USDT","stake_amount":337.79187,"max_stake_amount":337.79187,"amount":1887.0,"open_date":"2025-10-17 11:00:00+00:00","close_date":"2025-10-17 13:00:00+00:00","open_rate":0.17901,"close_rate":0.18228,"fee_open":0.001,"fee_close":0.001,"trade_duration":120,"profit_ratio":0.016232636142138403,"profit_abs":5.48873577,"exit_reason":"roi","initial_stop_loss_abs":0.17006,"initial_stop_loss_ratio":-0.05,"stop_loss_abs":0.17006,"stop_loss_ratio":-0.05,"min_rate":0.17882,"max_rate":0.18463,"is_open":false,"enter_tag":"","leverage":1.0,"is_short":false,"open_timestamp":1760698800000,"close_timestamp":1760706000000,"orders":[{"amount":1887.0,"safe_price":0.17901,"ft_order_side":"buy","order_filled_timestamp":1760698800000,"ft_is_entry":true,"ft_order_tag":"","cost":338.12966187},{"amount":1887.0,"safe_price":0.18228,"ft_order_side":"sell","order_filled_timestamp":1760706000000,"ft_is_entry":false,"ft_order_tag":"roi","cost":344.30632235999997}],"funding_fees":0.0,"weekday":4},{"pair":"DOGE/USDT","stake_amount":339.65426,"max_stake_amount":339.65426,"amount":1826.0,"open_date":"2025-10-18 01:00:00+00:00","close_date":"2025-10-18 03:00:00+00:00","open_rate":0.18601,"close_rate":0.18638239239239238,"fee_open":0.001,"fee_close":0.001,"trade_duration":120,"profit_ratio":0.0,"profit_abs":0.0,"exit_reason":"roi","initial_stop_loss_abs":0.17671,"initial_stop_loss_ratio":-0.05,"stop_loss_abs":0.17671,"stop_loss_ratio":-0.05,"min_rate":0.18568,"max_rate":0.18854,"is_open":false,"enter_tag":"","leverage":1.0,"is_short":false,"open_timestamp":1760749200000,"close_timestamp":1760756400000,"orders":[{"amount":1826.0,"safe_price":0.18601,"ft_order_side":"buy","order_filled_timestamp":1760749200000,"ft_is_entry":true,"ft_order_tag":"","cost":339.99391426},{"amount":1826.0,"safe_price":0.18638239239239238,"ft_order_side":"sell","order_filled_timestamp":1760756400000,"ft_is_entry":false,"ft_order_tag":"roi","cost":340.674582757017}],"funding_fees":0.0,"weekday":5},{"pair":"DOGE/USDT","stake_amount":339.5575,"max_stake_amount":339.5575,"amount":1775.0,"open_date":"2025-10-30 07:00:00+00:00","close_date":"2025-10-30 13:00:00+00:00","open_rate":0.1913,"close_rate":0.18174,"fee_open":0.001,"fee_close":0.001,"trade_duration":360,"profit_ratio":-0.05187201716213739,"profit_abs":-17.631146,"exit_reason":"stop_loss","initial_stop_loss_abs":0.18174,"initial_stop_loss_ratio":-0.05,"stop_loss_abs":0.18174,"stop_loss_ratio":-0.05,"min_rate":0.18149,"max_rate":0.19346,"is_open":false,"enter_tag":"","leverage":1.0,"is_short":false,"open_timestamp":1761807600000,"close_timestamp":1761829200000,"orders":[{"amount":1775.0,"safe_price":0.1913,"ft_order_side":"buy","order_filled_timestamp":1761807600000,"ft_is_entry":true,"ft_order_tag":"","cost":339.89705749999996},{"amount":1775.0,"safe_price":0.18174,"ft_order_side":"sell","order_filled_timestamp":1761829200000,"ft_is_entry":false,"ft_order_tag":"stop_loss","cost":322.91108849999995}],"funding_fees":0.0,"weekday":3},{"pair":"DOGE/USDT","stake_amount":333.89496,"max_stake_amount":333.89496,"amount":1836.0,"open_date":"2025-10-30 17:00:00+00:00","close_date":"2025-10-30 23:00:00+00:00","open_rate":0.18186,"close_rate":0.18222408408408405,"fee_open":0.001,"fee_close":0.001,"trade_duration":360,"profit_ratio":0.0,"profit_abs":0.0,"exit_reason":"roi","initial_stop_loss_abs":0.17277,"initial_stop_loss_ratio":-0.05,"stop_loss_abs":0.17277,"stop_loss_ratio":-0.05,"min_rate":0.17642,"max_rate":0.18287,"is_open":false,"enter_tag":"","leverage":1.0,"is_short":false,"open_timestamp":1761843600000,"close_timestamp":1761865200000,"orders":[{"amount":1836.0,"safe_price":0.18186,"ft_order_side":"buy","order_filled_timestamp":1761843600000,"ft_is_entry":true,"ft_order_tag":"","cost":334.2288549599999},{"amount":1836.0,"safe_price":0.18222408408408405,"ft_order_side":"sell","order_filled_timestamp":1761865200000,"ft_is_entry":false,"ft_order_tag":"roi","cost":334.8979817967567}],"funding_fees":0.0,"weekday":3},{"pair":"DOGE/USDT","stake_amount":333.82876,"max_stake_amount":333.82876,"amount":1948.0,"open_date":"2025-11-03 18:00:00+00:00","close_date":"2025-11-04 05:00:00+00:00","open_rate":0.17137,"close_rate":0.16281,"fee_open":0.001,"fee_close":0.001,"trade_duration":660,"profit_ratio":-0.051848600719464934,"profit_abs":-17.32586264,"exit_reason":"stop_loss","initial_stop_loss_abs":0.16281,"initial_stop_loss_ratio":-0.05,"stop_loss_abs":0.16281,"stop_loss_ratio":-0.05,"min_rate":0.16073,"max_rate":0.1717,"is_open":false,"enter_tag":"","leverage":1.0,"is_short":false,"open_timestamp":1762192800000,"close_timestamp":1762232400000,"orders":[{"amount":1948.0,"safe_price":0.17137,"ft_order_side":"buy","order_filled_timestamp":1762192800000,"ft_is_entry":true,"ft_order_tag":"","cost":334.16258875999995},{"amount":1948.0,"safe_price":0.16281,"ft_order_side":"sell","order_filled_timestamp":1762232400000,"ft_is_entry":false,"ft_order_tag":"stop_loss","cost":317.47103388}],"funding_fees":0.0,"weekday":1},{"pair":"DOGE/USDT","stake_amount":328.1775,"max_stake_amount":328.1775,"amount":1995.0,"open_date":"2025-11-04 09:00:00+00:00","close_date":"2025-11-04 11:00:00+00:00","open_rate":0.1645,"close_rate":0.16536,"fee_open":0.001,"fee_close":0.001,"trade_duration":120,"profit_ratio":0.003219516046263767,"profit_abs":1.0576293,"exit_reason":"roi","initial_stop_loss_abs":0.15628,"initial_stop_loss_ratio":-0.05,"stop_loss_abs":0.15628,"stop_loss_ratio":-0.05,"min_rate":0.16364,"max_rate":0.16702,"is_open":false,"enter_tag":"","leverage":1.0,"is_short":false,"open_timestamp":1762246800000,"close_timestamp":1762254000000,"orders":[{"amount":1995.0,"safe_price":0.1645,"ft_order_side":"buy","order_filled_timestamp":1762246800000,"ft_is_entry":true,"ft_order_tag":"","cost":328.5056775},{"amount":1995.0,"safe_price":0.16536,"ft_order_side":"sell","order_filled_timestamp":1762254000000,"ft_is_entry":false,"ft_order_tag":"roi","cost":330.2230932}],"funding_fees":0.0,"weekday":1},{"pair":"DOGE/USDT","stake_amount":328.51824,"max_stake_amount":328.51824,"amount":1968.0,"open_date":"2025-11-04 15:00:00+00:00","close_date":"2025-11-04 17:00:00+00:00","open_rate":0.16693,"close_rate":0.15859,"fee_open":0.001,"fee_close":0.001,"trade_duration":120,"profit_ratio":-0.05185924122005114,"profit_abs":-17.05374336,"exit_reason":"stop_loss","initial_stop_loss_abs":0.15859,"initial_stop_loss_ratio":-0.05,"stop_loss_abs":0.15859,"stop_loss_ratio":-0.05,"min_rate":0.1562,"max_rate":0.16853,"is_open":false,"enter_tag":"","leverage":1.0,"is_short":false,"open_timestamp":1762268400000,"close_timestamp":1762275600000,"orders":[{"amount":1968.0,"safe_price":0.16693,"ft_order_side":"buy","order_filled_timestamp":1762268400000,"ft_is_entry":true,"ft_order_tag":"","cost":328.84675823999993},{"amount":1968.0,"safe_price":0.15859,"ft_order_side":"sell","order_filled_timestamp":1762275600000,"ft_is_entry":false,"ft_order_tag":"stop_loss","cost":312.41722511999996}],"funding_fees":0.0,"weekday":1},{"pair":"DOGE/USDT","stake_amount":322.86448,"max_stake_amount":322.86448,"amount":2032.0,"open_date":"2025-11-04 21:00:00+00:00","close_date":"2025-11-04 23:00:00+00:00","open_rate":0.15889,"close_rate":0.16344,"fee_open":0.001,"fee_close":0.001,"trade_duration":120,"profit_ratio":0.026580946273815558,"profit_abs":8.59062544,"exit_reason":"roi","initial_stop_loss_abs":0.15095,"initial_stop_loss_ratio":-0.05,"stop_loss_abs":0.15095,"stop_loss_ratio":-0.05,"min_rate":0.15159,"max_rate":0.16436,"is_open":false,"enter_tag":"","leverage":1.0,"is_short":false,"open_timestamp":1762290000000,"close_timestamp":1762297200000,"orders":[{"amount":2032.0,"safe_price":0.15889,"ft_order_side":"buy","order_filled_timestamp":1762290000000,"ft_is_entry":true,"ft_order_tag":"","cost":323.18734448},{"amount":2032.0,"safe_price":0.16344,"ft_order_side":"sell","order_filled_timestamp":1762297200000,"ft_is_entry":false,"ft_order_tag":"roi","cost":332.44219007999993}],"funding_fees":0.0,"weekday":1},{"pair":"DOGE/USDT","stake_amount":325.66242,"max_stake_amount":325.66242,"amount":1982.0,"open_date":"2025-11-05 03:00:00+00:00","close_date":"2025-11-05 05:00:00+00:00","open_rate":0.16431,"close_rate":0.16476,"fee_open":0.001,"fee_close":0.001,"trade_duration":120,"profit_ratio":0.0007352516025147028,"profit_abs":0.23968326,"exit_reason":"roi","initial_stop_loss_abs":0.1561,"initial_stop_loss_ratio":-0.05,"stop_loss_abs":0.1561,"stop_loss_ratio":-0.05,"min_rate":0.16313,"max_rate":0.16619,"is_open":false,"enter_tag":"","leverage":1.0,"is_short":false,"open_timestamp":1762311600000,"close_timestamp":1762318800000,"orders":[{"amount":1982.0,"safe_price":0.16431,"ft_order_side":"buy","order_filled_timestamp":1762311600000,"ft_is_entry":true,"ft_order_tag":"","cost":325.98808241999996},{"amount":1982.0,"safe_price":0.16476,"ft_order_side":"sell","order_filled_timestamp":1762318800000,"ft_is_entry":false,"ft_order_tag":"roi","cost":326.8808743199999}],"funding_fees":0.0,"weekday":2},{"pair":"DOGE/USDT","stake_amount":325.79344,"max_stake_amount":325.79344,"amount":1988.0,"open_date":"2025-11-05 12:00:00+00:00","close_date":"2025-11-05 14:00:00+00:00","open_rate":0.16388,"close_rate":0.16553,"fee_open":0.001,"fee_close":0.001,"trade_duration":120,"profit_ratio":0.00805022412296027,"profit_abs":2.62533292,"exit_reason":"roi","initial_stop_loss_abs":0.15569,"initial_stop_loss_ratio":-0.05,"stop_loss_abs":0.15569,"stop_loss_ratio":-0.05,"min_rate":0.163,"max_rate":0.16709,"is_open":false,"enter_tag":"","leverage":1.0,"is_short":false,"open_timestamp":1762344000000,"close_timestamp":1762351200000,"orders":[{"amount":1988.0,"safe_price":0.16388,"ft_order_side":"buy","order_filled_timestamp":1762344000000,"ft_is_entry":true,"ft_order_tag":"","cost":326.11923343999996},{"amount":1988.0,"safe_price":0.16553,"ft_order_side":"sell","order_filled_timestamp":1762351200000,"ft_is_entry":false,"ft_order_tag":"roi","cost":329.40271364}],"funding_fees":0.0,"weekday":2},{"pair":"DOGE/USDT","stake_amount":326.66976,"max_stake_amount":326.66976,"amount":1944.0,"open_date":"2025-11-05 23:00:00+00:00","close_date":"2025-11-06 15:00:00+00:00","open_rate":0.16804,"close_rate":0.15964,"fee_open":0.001,"fee_close":0.001,"trade_duration":960,"profit_ratio":-0.05188622375006569,"profit_abs":-16.96660992,"exit_reason":"stop_loss","initial_stop_loss_abs":0.15964,"initial_stop_loss_ratio":-0.05,"stop_loss_abs":0.15964,"stop_loss_ratio":-0.05,"min_rate":0.15853,"max_rate":0.16831,"is_open":false,"enter_tag":"","leverage":1.0,"is_short":false,"open_timestamp":1762383600000,"close_timestamp":1762441200000,"orders":[{"amount":1944.0,"safe_price":0.16804,"ft_order_side":"buy","order_filled_timestamp":1762383600000,"ft_is_entry":true,"ft_order_tag":"","cost":326.99642975999996},{"amount":1944.0,"safe_price":0.15964,"ft_order_side":"sell","order_filled_timestamp":1762441200000,"ft_is_entry":false,"ft_order_tag":"stop_loss","cost":310.65050016}],"funding_fees":0.0,"weekday":3},{"pair":"DOGE/USDT","stake_amount":320.973,"max_stake_amount":320.973,"amount":1940.0,"open_date":"2025-11-07 15:00:00+00:00","close_date":"2025-11-07 16:00:00+00:00","open_rate":0.16545,"close_rate":0.174062012012012,"fee_open":0.001,"fee_close":0.001,"trade_duration":60,"profit_ratio":0.049950049950049945,"profit_abs":16.04865,"exit_reason":"roi","initial_stop_loss_abs":0.15718,"initial_stop_loss_ratio":-0.05,"stop_loss_abs":0.15718,"stop_loss_ratio":-0.05,"min_rate":0.16408,"max_rate":0.17555,"is_open":false,"enter_tag":"","leverage":1.0,"is_short":false,"open_timestamp":1762527600000,"close_timestamp":1762531200000,"orders":[{"amount":1940.0,"safe_price":0.16545,"ft_order_side":"buy","order_filled_timestamp":1762527600000,"ft_is_entry":true,"ft_order_tag":"","cost":321.293973},{"amount":1940.0,"safe_price":0.174062012012012,"ft_order_side":"sell","order_filled_timestamp":1762531200000,"ft_is_entry":false,"ft_order_tag":"roi","cost":338.01798360660655}],"funding_fees":0.0,"weekday":4},{"pair":"DOGE/USDT","stake_amount":326.36496,"max_stake_amount":326.36496,"amount":1784.0,"open_date":"2025-11-11 03:00:00+00:00","close_date":"2025-11-11 19:00:00+00:00","open_rate":0.18294,"close_rate":0.1738,"fee_open":0.001,"fee_close":0.001,"trade_duration":960,"profit_ratio":-0.05185991443780883,"profit_abs":-16.94218416,"exit_reason":"stop_loss","initial_stop_loss_abs":0.1738,"initial_stop_loss_ratio":-0.05,"stop_loss_abs":0.1738,"stop_loss_ratio":-0.05,"min_rate":0.17344,"max_rate":0.18394,"is_open":false,"enter_tag":"","leverage":1.0,"is_short":false,"open_timestamp":1762830000000,"close_timestamp":1762887600000,"orders":[{"amount":1784.0,"safe_price":0.18294,"ft_order_side":"buy","order_filled_timestamp":1762830000000,"ft_is_entry":true,"ft_order_tag":"","cost":326.69132496},{"amount":1784.0,"safe_price":0.1738,"ft_order_side":"sell","order_filled_timestamp":1762887600000,"ft_is_entry":false,"ft_order_tag":"stop_loss","cost":310.3692592}],"funding_fees":0.0,"weekday":1},{"pair":"DOGE/USDT","stake_amount":320.75956,"max_stake_amount":320.75956,"amount":1958.0,"open_date":"2025-11-13 23:00:00+00:00","close_date":"2025-11-14 01:00:00+00:00","open_rate":0.16382,"close_rate":0.16414796796796793,"fee_open":0.001,"fee_close":0.001,"trade_duration":120,"profit_ratio":0.0,"profit_abs":0.0,"exit_reason":"roi","initial_stop_loss_abs":0.15563,"initial_stop_loss_ratio":-0.05,"stop_loss_abs":0.15563,"stop_loss_ratio":-0.05,"min_rate":0.16257,"max_rate":0.16535,"is_open":false,"enter_tag":"","leverage":1.0,"is_short":false,"open_timestamp":1763074800000,"close_timestamp":1763082000000,"orders":[{"amount":1958.0,"safe_price":0.16382,"ft_order_side":"buy","order_filled_timestamp":1763074800000,"ft_is_entry":true,"ft_order_tag":"","cost":321.0803195599999},{"amount":1958.0,"safe_price":0.16414796796796793,"ft_order_side":"sell","order_filled_timestamp":1763082000000,"ft_is_entry":false,"ft_order_tag":"roi","cost":321.72312300256243}],"funding_fees":0.0,"weekday":4},{"pair":"DOGE/USDT","stake_amount":320.68192,"max_stake_amount":320.68192,"amount":1964.0,"open_date":"2025-11-14 11:00:00+00:00","close_date":"2025-11-14 14:00:00+00:00","open_rate":0.16328,"close_rate":0.16360688688688688,"fee_open":0.001,"fee_close":0.001,"trade_duration":180,"profit_ratio":0.0,"profit_abs":0.0,"exit_reason":"roi","initial_stop_loss_abs":0.15512,"initial_stop_loss_ratio":-0.05,"stop_loss_abs":0.15512,"stop_loss_ratio":-0.05,"min_rate":0.15767,"max_rate":0.16407,"is_open":false,"enter_tag":"","leverage":1.0,"is_short":false,"open_timestamp":1763118000000,"close_timestamp":1763128800000,"orders":[{"amount":1964.0,"safe_price":0.16328,"ft_order_side":"buy","order_filled_timestamp":1763118000000,"ft_is_entry":true,"ft_order_tag":"","cost":321.00260191999996},{"amount":1964.0,"safe_price":0.16360688688688688,"ft_order_side":"sell","order_filled_timestamp":1763128800000,"ft_is_entry":false,"ft_order_tag":"roi","cost":321.6452497716917}],"funding_fees":0.0,"weekday":4},{"pair":"DOGE/USDT","stake_amount":320.7458,"max_stake_amount":320.7458,"amount":1972.0,"open_date":"2025-11-14 15:00:00+00:00","close_date":"2025-11-14 17:00:00+00:00","open_rate":0.16265,"close_rate":0.16401,"fee_open":0.001,"fee_close":0.001,"trade_duration":120,"profit_ratio":0.006346804133462603,"profit_abs":2.03774648,"exit_reason":"roi","initial_stop_loss_abs":0.15452,"initial_stop_loss_ratio":-0.05,"stop_loss_abs":0.15452,"stop_loss_ratio":-0.05,"min_rate":0.1609,"max_rate":0.16477,"is_open":false,"enter_tag":"","leverage":1.0,"is_short":false,"open_timestamp":1763132400000,"close_timestamp":1763139600000,"orders":[{"amount":1972.0,"safe_price":0.16265,"ft_order_side":"buy","order_filled_timestamp":1763132400000,"ft_is_entry":true,"ft_order_tag":"","cost":321.0665457999999},{"amount":1972.0,"safe_price":0.16401,"ft_order_side":"sell","order_filled_timestamp":1763139600000,"ft_is_entry":false,"ft_order_tag":"roi","cost":323.75114771999995}],"funding_fees":0.0,"weekday":4},{"pair":"DOGE/USDT","stake_amount":321.39408,"max_stake_amount":321.39408,"amount":1968.0,"open_date":"2025-11-14 20:00:00+00:00","close_date":"2025-11-14 23:00:00+00:00","open_rate":0.16331,"close_rate":0.15515,"fee_open":0.001,"fee_close":0.001,"trade_duration":180,"profit_ratio":-0.05186449090680308,"profit_abs":-16.68560928,"exit_reason":"stop_loss","initial_stop_loss_abs":0.15515,"initial_stop_loss_ratio":-0.05,"stop_loss_abs":0.15515,"stop_loss_ratio":-0.05,"min_rate":0.15472,"max_rate":0.1634,"is_open":false,"enter_tag":"","leverage":1.0,"is_short":false,"open_timestamp":1763150400000,"close_timestamp":1763161200000,"orders":[{"amount":1968.0,"safe_price":0.16331,"ft_order_side":"buy","order_filled_timestamp":1763150400000,"ft_is_entry":true,"ft_order_tag":"","cost":321.71547408},{"amount":1968.0,"safe_price":0.15515,"ft_order_side":"sell","order_filled_timestamp":1763161200000,"ft_is_entry":false,"ft_order_tag":"stop_loss","cost":305.6405352}],"funding_fees":0.0,"weekday":4},{"pair":"DOGE/USDT","stake_amount":315.93649,"max_stake_amount":315.93649,"amount":1973.0,"open_date":"2025-11-15 01:00:00+00:00","close_date":"2025-11-15 03:00:00+00:00","open_rate":0.16013,"close_rate":0.1624,"fee_open":0.001,"fee_close":0.001,"trade_duration":120,"profit_ratio":0.012149656376222291,"profit_abs":3.84235831,"exit_reason":"roi","initial_stop_loss_abs":0.15213,"initial_stop_loss_ratio":-0.05,"stop_loss_abs":0.15213,"stop_loss_ratio":-0.05,"min_rate":0.15942,"max_rate":0.16307,"is_open":false,"enter_tag":"","leverage":1.0,"is_short":false,"open_timestamp":1763168400000,"close_timestamp":1763175600000,"orders":[{"amount":1973.0,"safe_price":0.16013,"ft_order_side":"buy","order_filled_timestamp":1763168400000,"ft_is_entry":true,"ft_order_tag":"","cost":316.25242648999995},{"amount":1973.0,"safe_price":0.1624,"ft_order_side":"sell","order_filled_timestamp":1763175600000,"ft_is_entry":false,"ft_order_tag":"roi","cost":320.7356151999999}],"funding_fees":0.0,"weekday":5},{"pair":"DOGE/USDT","stake_amount":317.19303,"max_stake_amount":317.19303,"amount":2079.0,"open_date":"2025-11-17 23:00:00+00:00","close_date":"2025-11-18 01:00:00+00:00","open_rate":0.15257,"close_rate":0.15287544544544546,"fee_open":0.001,"fee_close":0.001,"trade_duration":120,"profit_ratio":0.0,"profit_abs":0.0,"exit_reason":"roi","initial_stop_loss_abs":0.14495,"initial_stop_loss_ratio":-0.05,"stop_loss_abs":0.14495,"stop_loss_ratio":-0.05,"min_rate":0.14943,"max_rate":0.15336,"is_open":false,"enter_tag":"","leverage":1.0,"is_short":false,"open_timestamp":1763420400000,"close_timestamp":1763427600000,"orders":[{"amount":2079.0,"safe_price":0.15257,"ft_order_side":"buy","order_filled_timestamp":1763420400000,"ft_is_entry":true,"ft_order_tag":"","cost":317.51022302999996},{"amount":2079.0,"safe_price":0.15287544544544546,"ft_order_side":"sell","order_filled_timestamp":1763427600000,"ft_is_entry":false,"ft_order_tag":"roi","cost":318.1458791321622}],"funding_fees":0.0,"weekday":1},{"pair":"DOGE/USDT","stake_amount":317.16624,"max_stake_amount":317.16624,"amount":1992.0,"open_date":"2025-11-18 16:00:00+00:00","close_date":"2025-11-18 18:00:00+00:00","open_rate":0.15922,"close_rate":0.16049,"fee_open":0.001,"fee_close":0.001,"trade_duration":120,"profit_ratio":0.0059624460453502025,"profit_abs":1.89297768,"exit_reason":"roi","initial_stop_loss_abs":0.15126,"initial_stop_loss_ratio":-0.05,"stop_loss_abs":0.15126,"stop_loss_ratio":-0.05,"min_rate":0.1587,"max_rate":0.16171,"is_open":false,"enter_tag":"","leverage":1.0,"is_short":false,"open_timestamp":1763481600000,"close_timestamp":1763488800000,"orders":[{"amount":1992.0,"safe_price":0.15922,"ft_order_side":"buy","order_filled_timestamp":1763481600000,"ft_is_entry":true,"ft_order_tag":"","cost":317.48340623999997},{"amount":1992.0,"safe_price":0.16049,"ft_order_side":"sell","order_filled_timestamp":1763488800000,"ft_is_entry":false,"ft_order_tag":"roi","cost":320.01577607999997}],"funding_fees":0.0,"weekday":1},{"pair":"DOGE/USDT","stake_amount":317.7952,"max_stake_amount":317.7952,"amount":2113.0,"open_date":"2025-11-19 21:00:00+00:00","close_date":"2025-11-19 23:00:00+00:00","open_rate":0.1504,"close_rate":0.15315,"fee_open":0.001,"fee_close":0.001,"trade_duration":120,"profit_ratio":0.01625003985376326,"profit_abs":5.16934885,"exit_reason":"roi","initial_stop_loss_abs":0.14288,"initial_stop_loss_ratio":-0.05,"stop_loss_abs":0.14288,"stop_loss_ratio":-0.05,"min_rate":0.15007,"max_rate":0.15515,"is_open":false,"enter_tag":"","leverage":1.0,"is_short":false,"open_timestamp":1763586000000,"close_timestamp":1763593200000,"orders":[{"amount":2113.0,"safe_price":0.1504,"ft_order_side":"buy","order_filled_timestamp":1763586000000,"ft_is_entry":true,"ft_order_tag":"","cost":318.1129952},{"amount":2113.0,"safe_price":0.15315,"ft_order_side":"sell","order_filled_timestamp":1763593200000,"ft_is_entry":false,"ft_order_tag":"roi","cost":323.92955594999995}],"funding_fees":0.0,"weekday":2},{"pair":"DOGE/USDT","stake_amount":319.53716,"max_stake_amount":319.53716,"amount":2116.0,"open_date":"2025-11-20 22:00:00+00:00","close_date":"2025-11-21 07:00:00+00:00","open_rate":0.15101,"close_rate":0.14346,"fee_open":0.001,"fee_close":0.001,"trade_duration":540,"profit_ratio":-0.0518947974745604,"profit_abs":-16.59889852,"exit_reason":"stop_loss","initial_stop_loss_abs":0.14346,"initial_stop_loss_ratio":-0.05,"stop_loss_abs":0.14346,"stop_loss_ratio":-0.05,"min_rate":0.13441,"max_rate":0.15317,"is_open":false,"enter_tag":"","leverage":1.0,"is_short":false,"open_timestamp":1763676000000,"close_timestamp":1763708400000,"orders":[{"amount":2116.0,"safe_price":0.15101,"ft_order_side":"buy","order_filled_timestamp":1763676000000,"ft_is_entry":true,"ft_order_tag":"","cost":319.85669716},{"amount":2116.0,"safe_price":0.14346,"ft_order_side":"sell","order_filled_timestamp":1763708400000,"ft_is_entry":false,"ft_order_tag":"stop_loss","cost":303.86492136}],"funding_fees":0.0,"weekday":4},{"pair":"DOGE/USDT","stake_amount":314.07551,"max_stake_amount":314.07551,"amount":2261.0,"open_date":"2025-11-21 13:00:00+00:00","close_date":"2025-11-21 15:00:00+00:00","open_rate":0.13891,"close_rate":0.14133,"fee_open":0.001,"fee_close":0.001,"trade_duration":120,"profit_ratio":0.015388542060487924,"profit_abs":4.83799736,"exit_reason":"roi","initial_stop_loss_abs":0.13197,"initial_stop_loss_ratio":-0.05,"stop_loss_abs":0.13197,"stop_loss_ratio":-0.05,"min_rate":0.13746,"max_rate":0.14209,"is_open":false,"enter_tag":"","leverage":1.0,"is_short":false,"open_timestamp":1763730000000,"close_timestamp":1763737200000,"orders":[{"amount":2261.0,"safe_price":0.13891,"ft_order_side":"buy","order_filled_timestamp":1763730000000,"ft_is_entry":true,"ft_order_tag":"","cost":314.38958550999996},{"amount":2261.0,"safe_price":0.14133,"ft_order_side":"sell","order_filled_timestamp":1763737200000,"ft_is_entry":false,"ft_order_tag":"roi","cost":319.86667713}],"funding_fees":0.0,"weekday":4},{"pair":"DOGE/USDT","stake_amount":315.63183,"max_stake_amount":315.63183,"amount":2239.0,"open_date":"2025-11-21 22:00:00+00:00","close_date":"2025-11-22 01:00:00+00:00","open_rate":0.14097,"close_rate":0.14125222222222222,"fee_open":0.001,"fee_close":0.001,"trade_duration":180,"profit_ratio":0.0,"profit_abs":0.0,"exit_reason":"roi","initial_stop_loss_abs":0.13393,"initial_stop_loss_ratio":-0.05,"stop_loss_abs":0.13393,"stop_loss_ratio":-0.05,"min_rate":0.13574,"max_rate":0.14156,"is_open":false,"enter_tag":"","leverage":1.0,"is_short":false,"open_timestamp":1763762400000,"close_timestamp":1763773200000,"orders":[{"amount":2239.0,"safe_price":0.14097,"ft_order_side":"buy","order_filled_timestamp":1763762400000,"ft_is_entry":true,"ft_order_tag":"","cost":315.94746183},{"amount":2239.0,"safe_price":0.14125222222222222,"ft_order_side":"sell","order_filled_timestamp":1763773200000,"ft_is_entry":false,"ft_order_tag":"roi","cost":316.57998928111107}],"funding_fees":0.0,"weekday":5},{"pair":"DOGE/USDT","stake_amount":315.6662,"max_stake_amount":315.6662,"amount":2270.0,"open_date":"2025-11-22 07:00:00+00:00","close_date":"2025-11-22 09:00:00+00:00","open_rate":0.13906,"close_rate":0.13933839839839837,"fee_open":0.001,"fee_close":0.001,"trade_duration":120,"profit_ratio":0.0,"profit_abs":0.0,"exit_reason":"roi","initial_stop_loss_abs":0.13211,"initial_stop_loss_ratio":-0.05,"stop_loss_abs":0.13211,"stop_loss_ratio":-0.05,"min_rate":0.13549,"max_rate":0.14016,"is_open":false,"enter_tag":"","leverage":1.0,"is_short":false,"open_timestamp":1763794800000,"close_timestamp":1763802000000,"orders":[{"amount":2270.0,"safe_price":0.13906,"ft_order_side":"buy","order_filled_timestamp":1763794800000,"ft_is_entry":true,"ft_order_tag":"","cost":315.98186619999996},{"amount":2270.0,"safe_price":0.13933839839839837,"ft_order_side":"sell","order_filled_timestamp":1763802000000,"ft_is_entry":false,"ft_order_tag":"roi","cost":316.61446252872867}],"funding_fees":0.0,"weekday":5},{"pair":"DOGE/USDT","stake_amount":315.60516,"max_stake_amount":315.60516,"amount":2286.0,"open_date":"2025-11-22 10:00:00+00:00","close_date":"2025-11-22 14:00:00+00:00","open_rate":0.13806,"close_rate":0.1383363963963964,"fee_open":0.001,"fee_close":0.001,"trade_duration":240,"profit_ratio":0.0,"profit_abs":0.0,"exit_reason":"roi","initial_stop_loss_abs":0.13116,"initial_stop_loss_ratio":-0.05,"stop_loss_abs":0.13116,"stop_loss_ratio":-0.05,"min_rate":0.13563,"max_rate":0.13943,"is_open":false,"enter_tag":"","leverage":1.0,"is_short":false,"open_timestamp":1763805600000,"close_timestamp":1763820000000,"orders":[{"amount":2286.0,"safe_price":0.13806,"ft_order_side":"buy","order_filled_timestamp":1763805600000,"ft_is_entry":true,"ft_order_tag":"","cost":315.9207651599999},{"amount":2286.0,"safe_price":0.1383363963963964,"ft_order_side":"sell","order_filled_timestamp":1763820000000,"ft_is_entry":false,"ft_order_tag":"roi","cost":316.5532391643243}],"funding_fees":0.0,"weekday":5},{"pair":"DOGE/USDT","stake_amount":315.59521,"max_stake_amount":315.59521,"amount":2269.0,"open_date":"2025-11-22 15:00:00+00:00","close_date":"2025-11-22 17:00:00+00:00","open_rate":0.13909,"close_rate":0.13953,"fee_open":0.001,"fee_close":0.001,"trade_duration":120,"profit_ratio":0.0011590968525327576,"profit_abs":0.36617122,"exit_reason":"roi","initial_stop_loss_abs":0.13214,"initial_stop_loss_ratio":-0.05,"stop_loss_abs":0.13214,"stop_loss_ratio":-0.05,"min_rate":0.13729,"max_rate":0.13977,"is_open":false,"enter_tag":"","leverage":1.0,"is_short":false,"open_timestamp":1763823600000,"close_timestamp":1763830800000,"orders":[{"amount":2269.0,"safe_price":0.13909,"ft_order_side":"buy","order_filled_timestamp":1763823600000,"ft_is_entry":true,"ft_order_tag":"","cost":315.91080521},{"amount":2269.0,"safe_price":0.13953,"ft_order_side":"sell","order_filled_timestamp":1763830800000,"ft_is_entry":false,"ft_order_tag":"roi","cost":316.91016356999995}],"funding_fees":0.0,"weekday":5},{"pair":"DOGE/USDT","stake_amount":315.72988,"max_stake_amount":315.72988,"amount":2228.0,"open_date":"2025-11-23 02:00:00+00:00","close_date":"2025-11-23 04:00:00+00:00","open_rate":0.14171,"close_rate":0.14289,"fee_open":0.001,"fee_close":0.001,"trade_duration":120,"profit_ratio":0.006312225633374459,"profit_abs":1.9949512,"exit_reason":"roi","initial_stop_loss_abs":0.13463,"initial_stop_loss_ratio":-0.05,"stop_loss_abs":0.13463,"stop_loss_ratio":-0.05,"min_rate":0.14124,"max_rate":0.1447,"is_open":false,"enter_tag":"","leverage":1.0,"is_short":false,"open_timestamp":1763863200000,"close_timestamp":1763870400000,"orders":[{"amount":2228.0,"safe_price":0.14171,"ft_order_side":"buy","order_filled_timestamp":1763863200000,"ft_is_entry":true,"ft_order_tag":"","cost":316.04560988},{"amount":2228.0,"safe_price":0.14289,"ft_order_side":"sell","order_filled_timestamp":1763870400000,"ft_is_entry":false,"ft_order_tag":"roi","cost":318.67727891999994}],"funding_fees":0.0,"weekday":6},{"pair":"DOGE/USDT","stake_amount":316.44288,"max_stake_amount":316.44288,"amount":2496.0,"open_date":"2025-12-17 21:00:00+00:00","close_date":"2025-12-18 13:00:00+00:00","open_rate":0.12678,"close_rate":0.12703381381381382,"fee_open":0.001,"fee_close":0.001,"trade_duration":960,"profit_ratio":0.0,"profit_abs":0.0,"exit_reason":"roi","initial_stop_loss_abs":0.12045,"initial_stop_loss_ratio":-0.05,"stop_loss_abs":0.12045,"stop_loss_ratio":-0.05,"min_rate":0.12385,"max_rate":0.12972,"is_open":false,"enter_tag":"","leverage":1.0,"is_short":false,"open_timestamp":1766005200000,"close_timestamp":1766062800000,"orders":[{"amount":2496.0,"safe_price":0.12678,"ft_order_side":"buy","order_filled_timestamp":1766005200000,"ft_is_entry":true,"ft_order_tag":"","cost":316.75932287999996},{"amount":2496.0,"safe_price":0.12703381381381382,"ft_order_side":"sell","order_filled_timestamp":1766062800000,"ft_is_entry":false,"ft_order_tag":"roi","cost":317.39347567855856}],"funding_fees":0.0,"weekday":3},{"pair":"DOGE/USDT","stake_amount":316.40328,"max_stake_amount":316.40328,"amount":2568.0,"open_date":"2025-12-18 22:00:00+00:00","close_date":"2025-12-19 03:00:00+00:00","open_rate":0.12321,"close_rate":0.12345666666666665,"fee_open":0.001,"fee_close":0.001,"trade_duration":300,"profit_ratio":0.0,"profit_abs":0.0,"exit_reason":"roi","initial_stop_loss_abs":0.11705,"initial_stop_loss_ratio":-0.05,"stop_loss_abs":0.11705,"stop_loss_ratio":-0.05,"min_rate":0.12056,"max_rate":0.1263,"is_open":false,"enter_tag":"","leverage":1.0,"is_short":false,"open_timestamp":1766095200000,"close_timestamp":1766113200000,"orders":[{"amount":2568.0,"safe_price":0.12321,"ft_order_side":"buy","order_filled_timestamp":1766095200000,"ft_is_entry":true,"ft_order_tag":"","cost":316.71968327999997},{"amount":2568.0,"safe_price":0.12345666666666665,"ft_order_side":"sell","order_filled_timestamp":1766113200000,"ft_is_entry":false,"ft_order_tag":"roi","cost":317.3537567199999}],"funding_fees":0.0,"weekday":4},{"pair":"DOGE/USDT","stake_amount":316.44483,"max_stake_amount":316.44483,"amount":2361.0,"open_date":"2026-01-02 15:00:00+00:00","close_date":"2026-01-02 17:00:00+00:00","open_rate":0.13403,"close_rate":0.13837,"fee_open":0.001,"fee_close":0.001,"trade_duration":120,"profit_ratio":0.030318111344747174,"profit_abs":9.6036036,"exit_reason":"roi","initial_stop_loss_abs":0.12733,"initial_stop_loss_ratio":-0.05,"stop_loss_abs":0.12733,"stop_loss_ratio":-0.05,"min_rate":0.13309,"max_rate":0.13982,"is_open":false,"enter_tag":"","leverage":1.0,"is_short":false,"open_timestamp":1767366000000,"close_timestamp":1767373200000,"orders":[{"amount":2361.0,"safe_price":0.13403,"ft_order_side":"buy","order_filled_timestamp":1767366000000,"ft_is_entry":true,"ft_order_tag":"","cost":316.76127483},{"amount":2361.0,"safe_price":0.13837,"ft_order_side":"sell","order_filled_timestamp":1767373200000,"ft_is_entry":false,"ft_order_tag":"roi","cost":327.01826156999994}],"funding_fees":0.0,"weekday":4},{"pair":"DOGE/USDT","stake_amount":319.61496,"max_stake_amount":319.61496,"amount":2261.0,"open_date":"2026-01-02 22:00:00+00:00","close_date":"2026-01-03 00:00:00+00:00","open_rate":0.14136,"close_rate":0.14187,"fee_open":0.001,"fee_close":0.001,"trade_duration":120,"profit_ratio":0.0016025994379135296,"profit_abs":0.51272697,"exit_reason":"roi","initial_stop_loss_abs":0.1343,"initial_stop_loss_ratio":-0.05,"stop_loss_abs":0.1343,"stop_loss_ratio":-0.05,"min_rate":0.14125,"max_rate":0.14498,"is_open":false,"enter_tag":"","leverage":1.0,"is_short":false,"open_timestamp":1767391200000,"close_timestamp":1767398400000,"orders":[{"amount":2261.0,"safe_price":0.14136,"ft_order_side":"buy","order_filled_timestamp":1767391200000,"ft_is_entry":true,"ft_order_tag":"","cost":319.93457496},{"amount":2261.0,"safe_price":0.14187,"ft_order_side":"sell","order_filled_timestamp":1767398400000,"ft_is_entry":false,"ft_order_tag":"roi","cost":321.08883806999995}],"funding_fees":0.0,"weekday":5}],"locks":[],"best_pair":{"key":"DOGE/USDT","trades":44,"profit_mean":-0.0020399766416126274,"profit_mean_pct":-0.2,"profit_total_abs":-30.91198862,"profit_total":-0.03091198862,"profit_total_pct":-3.09,"duration_avg":"4:03:00","wins":19,"draws":17,"losses":8,"winrate":0.4318181818181818,"cagr":-0.11144084305470747,"expectancy":-0.7025451959090909,"expectancy_ratio":-0.42737156456539716,"sortino":-14.781257988800393,"sharpe":-0.6862601484099514,"calmar":-7.042989788344306,"sqn":-0.5193,"profit_factor":0.7744563948903155,"max_drawdown_account":0.08644593661474637,"max_drawdown_abs":90.06239891},"worst_pair":{"key":"DOGE/USDT","trades":44,"profit_mean":-0.0020399766416126274,"profit_mean_pct":-0.2,"profit_total_abs":-30.91198862,"profit_total":-0.03091198862,"profit_total_pct":-3.09,"duration_avg":"4:03:00","wins":19,"draws":17,"losses":8,"winrate":0.4318181818181818,"cagr":-0.11144084305470747,"expectancy":-0.7025451959090909,"expectancy_ratio":-0.42737156456539716,"sortino":-14.781257988800393,"sharpe":-0.6862601484099514,"calmar":-7.042989788344306,"sqn":-0.5193,"profit_factor":0.7744563948903155,"max_drawdown_account":0.08644593661474637,"max_drawdown_abs":90.06239891},"results_per_pair":[{"key":"DOGE/USDT","trades":44,"profit_mean":-0.0020399766416126274,"profit_mean_pct":-0.2,"profit_total_abs":-30.91198862,"profit_total":-0.03091198862,"profit_total_pct":-3.09,"duration_avg":"4:03:00","wins":19,"draws":17,"losses":8,"winrate":0.4318181818181818,"cagr":-0.11144084305470747,"expectancy":-0.7025451959090909,"expectancy_ratio":-0.42737156456539716,"sortino":-14.781257988800393,"sharpe":-0.6862601484099514,"calmar":-7.042989788344306,"sqn":-0.5193,"profit_factor":0.7744563948903155,"max_drawdown_account":0.08644593661474637,"max_drawdown_abs":90.06239891},{"key":"TOTAL","trades":44,"profit_mean":-0.0020399766416126274,"profit_mean_pct":-0.2,"profit_total_abs":-30.91198862,"profit_total":-0.03091198862,"profit_total_pct":-3.09,"duration_avg":"4:03:00","wins":19,"draws":17,"losses":8,"winrate":0.4318181818181818,"cagr":-0.11144084305470747,"expectancy":-0.7025451959090909,"expectancy_ratio":-0.42737156456539716,"sortino":-14.781257988800393,"sharpe":-0.6862601484099514,"calmar":-7.042989788344306,"sqn":-0.5193,"profit_factor":0.7744563948903155,"max_drawdown_account":0.08644593661474637,"max_drawdown_abs":90.06239891}],"results_per_enter_tag":[{"key":"","trades":44,"profit_mean":-0.0020399766416126274,"profit_mean_pct":-0.2,"profit_total_abs":-30.91198862,"profit_total":-0.03091198862,"profit_total_pct":-3.09,"duration_avg":"4:03:00","wins":19,"draws":17,"losses":8,"winrate":0.4318181818181818,"cagr":-0.11144084305470747,"expectancy":-0.7025451959090909,"expectancy_ratio":-0.42737156456539716,"sortino":-14.781257988800393,"sharpe":-0.6862601484099514,"calmar":-7.042989788344306,"sqn":-0.5193,"profit_factor":0.7744563948903155,"max_drawdown_account":0.08644593661474637,"max_drawdown_abs":90.06239891},{"key":"TOTAL","trades":44,"profit_mean":-0.0020399766416126274,"profit_mean_pct":-0.2,"profit_total_abs":-30.91198862,"profit_total":-0.03091198862,"profit_total_pct":-3.09,"duration_avg":"4:03:00","wins":19,"draws":17,"losses":8,"winrate":0.4318181818181818,"cagr":-0.11144084305470747,"expectancy":-0.7025451959090909,"expectancy_ratio":-0.42737156456539716,"sortino":-14.781257988800393,"sharpe":-0.6862601484099514,"calmar":-7.042989788344306,"sqn":-0.5193,"profit_factor":0.7744563948903155,"max_drawdown_account":0.08644593661474637,"max_drawdown_abs":90.06239891}],"exit_reason_summary":[{"key":"roi","trades":36,"profit_mean":0.009034011537167715,"profit_mean_pct":0.9,"profit_total_abs":106.1434983,"profit_total":0.1061434983,"profit_total_pct":10.61,"duration_avg":"3:07:00","wins":19,"draws":17,"losses":0,"winrate":0.5277777777777778,"cagr":0.4616978123939308,"expectancy":2.9484305083333338,"expectancy_ratio":100.0,"sortino":-100,"sharpe":4.373501232246411,"calmar":-100,"sqn":3.6491,"profit_factor":0.0,"max_drawdown_account":0.0,"max_drawdown_abs":0.0},{"key":"stop_loss","trades":8,"profit_mean":-0.05187292344612417,"profit_mean_pct":-5.19,"profit_total_abs":-137.05548692000002,"profit_total":-0.13705548692000002,"profit_total_pct":-13.71,"duration_avg":"8:15:00","wins":0,"draws":0,"losses":8,"winrate":0.0,"cagr":-0.4257370391208044,"expectancy":-17.131935865000003,"expectancy_ratio":-1.0,"sortino":-65.53614314009079,"sharpe":-65.53614314009079,"calmar":-19.69584863354928,"sqn":-110.0437,"profit_factor":0.0,"max_drawdown_account":0.13705548692000002,"max_drawdown_abs":137.05548692},{"key":"TOTAL","trades":44,"profit_mean":-0.0020399766416126274,"profit_mean_pct":-0.2,"profit_total_abs":-30.91198862,"profit_total":-0.03091198862,"profit_total_pct":-3.09,"duration_avg":"4:03:00","wins":19,"draws":17,"losses":8,"winrate":0.4318181818181818,"cagr":-0.11144084305470747,"expectancy":-0.7025451959090909,"expectancy_ratio":-0.42737156456539716,"sortino":-14.781257988800393,"sharpe":-0.6862601484099514,"calmar":-7.042989788344306,"sqn":-0.5193,"profit_factor":0.7744563948903155,"max_drawdown_account":0.08644593661474637,"max_drawdown_abs":90.06239891}],"mix_tag_stats":[{"key":["","roi"],"trades":36,"profit_mean":0.009034011537167715,"profit_mean_pct":0.9,"profit_total_abs":106.1434983,"profit_total":0.1061434983,"profit_total_pct":10.61,"duration_avg":"3:07:00","wins":19,"draws":17,"losses":0,"winrate":0.5277777777777778,"cagr":0.4616978123939308,"expectancy":2.9484305083333338,"expectancy_ratio":100.0,"sortino":-100,"sharpe":4.373501232246411,"calmar":-100,"sqn":3.6491,"profit_factor":0.0,"max_drawdown_account":0.0,"max_drawdown_abs":0.0},{"key":["","stop_loss"],"trades":8,"profit_mean":-0.05187292344612417,"profit_mean_pct":-5.19,"profit_total_abs":-137.05548692000002,"profit_total":-0.13705548692000002,"profit_total_pct":-13.71,"duration_avg":"8:15:00","wins":0,"draws":0,"losses":8,"winrate":0.0,"cagr":-0.4257370391208044,"expectancy":-17.131935865000003,"expectancy_ratio":-1.0,"sortino":-65.53614314009079,"sharpe":-65.53614314009079,"calmar":-19.69584863354928,"sqn":-110.0437,"profit_factor":0.0,"max_drawdown_account":0.13705548692000002,"max_drawdown_abs":137.05548692},{"key":"TOTAL","trades":44,"profit_mean":-0.0020399766416126274,"profit_mean_pct":-0.2,"profit_total_abs":-30.91198862,"profit_total":-0.03091198862,"profit_total_pct":-3.09,"duration_avg":"4:03:00","wins":19,"draws":17,"losses":8,"winrate":0.4318181818181818,"cagr":-0.11144084305470747,"expectancy":-0.7025451959090909,"expectancy_ratio":-0.42737156456539716,"sortino":-14.781257988800393,"sharpe":-0.6862601484099514,"calmar":-7.042989788344306,"sqn":-0.5193,"profit_factor":0.7744563948903155,"max_drawdown_account":0.08644593661474637,"max_drawdown_abs":90.06239891}],"left_open_trades":[{"key":"TOTAL","trades":0,"profit_mean":0.0,"profit_mean_pct":0.0,"profit_total_abs":0.0,"profit_total":0.0,"profit_total_pct":0.0,"duration_avg":"0:00","wins":0,"draws":0,"losses":0,"winrate":0.0,"cagr":0.0,"expectancy":0.0,"expectancy_ratio":100.0,"sortino":0,"sharpe":0,"calmar":0,"sqn":0.0,"profit_factor":0.0,"max_drawdown_account":0.0,"max_drawdown_abs":0.0}],"total_trades":44,"trade_count_long":44,"trade_count_short":0,"total_volume":28806.1470908222,"avg_stake_amount":327.03982204545457,"profit_mean":-0.0020399766416126274,"profit_median":0.0,"profit_total":-0.03091198862,"profit_total_long":-0.03091198862,"profit_total_short":0.0,"profit_total_abs":-30.91198862,"profit_total_long_abs":-30.91198862,"profit_total_short_abs":0.0,"cagr":-0.11144084305470747,"expectancy":-0.7025451959090909,"expectancy_ratio":-0.42737156456539716,"sortino":-14.781257988800393,"sharpe":-0.6862601484099514,"calmar":-7.042989788344306,"sqn":-0.5193,"profit_factor":0.7744563948903155,"backtest_start":"2025-10-01 00:00:00","backtest_start_ts":1759276800000,"backtest_end":"2026-01-06 20:00:00","backtest_end_ts":1767729600000,"backtest_days":97,"backtest_run_start_ts":1767753360,"backtest_run_end_ts":1767753360,"trades_per_day":0.45,"market_change":-0.36632086436227446,"pairlist":["DOGE/USDT"],"stake_amount":"unlimited","stake_currency":"USDT","stake_currency_decimals":3,"starting_balance":1000,"dry_run_wallet":1000,"final_balance":969.08801138,"rejected_signals":0,"timedout_entry_orders":0,"timedout_exit_orders":0,"canceled_trade_entries":0,"canceled_entry_orders":0,"replaced_entry_orders":0,"max_open_trades":1,"max_open_trades_setting":3,"timeframe":"1h","timeframe_detail":"","timerange":"20251001-","enable_protections":false,"strategy_name":"ACO_96_8","freqaimodel":null,"freqai_identifier":null,"stoploss":-0.05,"trailing_stop":false,"trailing_stop_positive":null,"trailing_stop_positive_offset":0.0,"trailing_only_offset_is_reached":false,"use_custom_stoploss":false,"minimal_roi":{"0":0.1,"60":0.05,"120":0.0},"use_exit_signal":true,"exit_profit_only":false,"exit_profit_offset":0.0,"ignore_roi_if_entry_signal":false,"trading_mode":"spot","margin_mode":"","periodic_breakdown":{"day":[{"date":"11/10/2025","date_ts":1760140800000,"profit_abs":5.27937486,"wins":1,"draws":0,"losses":0,"trades":1,"profit_factor":0.0},{"date":"12/10/2025","date_ts":1760227200000,"profit_abs":33.440757,"wins":2,"draws":1,"losses":0,"trades":3,"profit_factor":0.0},{"date":"13/10/2025","date_ts":1760313600000,"profit_abs":0.0,"wins":0,"draws":2,"losses":0,"trades":2,"profit_factor":0.0},{"date":"14/10/2025","date_ts":1760400000000,"profit_abs":0.0,"wins":0,"draws":1,"losses":0,"trades":1,"profit_factor":0.0},{"date":"15/10/2025","date_ts":1760486400000,"profit_abs":0.0,"wins":0,"draws":1,"losses":0,"trades":1,"profit_factor":0.0},{"date":"16/10/2025","date_ts":1760572800000,"profit_abs":-14.73660496,"wins":1,"draws":1,"losses":1,"trades":3,"profit_factor":0.17448616},{"date":"17/10/2025","date_ts":1760659200000,"profit_abs":5.48873577,"wins":1,"draws":1,"losses":0,"trades":2,"profit_factor":0.0},{"date":"18/10/2025","date_ts":1760745600000,"profit_abs":0.0,"wins":0,"draws":1,"losses":0,"trades":1,"profit_factor":0.0},{"date":"19/10/2025","date_ts":1760832000000,"profit_abs":0.0,"wins":0,"draws":0,"losses":0,"trades":0,"profit_factor":0.0},{"date":"20/10/2025","date_ts":1760918400000,"profit_abs":0.0,"wins":0,"draws":0,"losses":0,"trades":0,"profit_factor":0.0},{"date":"21/10/2025","date_ts":1761004800000,"profit_abs":0.0,"wins":0,"draws":0,"losses":0,"trades":0,"profit_factor":0.0},{"date":"22/10/2025","date_ts":1761091200000,"profit_abs":0.0,"wins":0,"draws":0,"losses":0,"trades":0,"profit_factor":0.0},{"date":"23/10/2025","date_ts":1761177600000,"profit_abs":0.0,"wins":0,"draws":0,"losses":0,"trades":0,"profit_factor":0.0},{"date":"24/10/2025","date_ts":1761264000000,"profit_abs":0.0,"wins":0,"draws":0,"losses":0,"trades":0,"profit_factor":0.0},{"date":"25/10/2025","date_ts":1761350400000,"profit_abs":0.0,"wins":0,"draws":0,"losses":0,"trades":0,"profit_factor":0.0},{"date":"26/10/2025","date_ts":1761436800000,"profit_abs":0.0,"wins":0,"draws":0,"losses":0,"trades":0,"profit_factor":0.0},{"date":"27/10/2025","date_ts":1761523200000,"profit_abs":0.0,"wins":0,"draws":0,"losses":0,"trades":0,"profit_factor":0.0},{"date":"28/10/2025","date_ts":1761609600000,"profit_abs":0.0,"wins":0,"draws":0,"losses":0,"trades":0,"profit_factor":0.0},{"date":"29/10/2025","date_ts":1761696000000,"profit_abs":0.0,"wins":0,"draws":0,"losses":0,"trades":0,"profit_factor":0.0},{"date":"30/10/2025","date_ts":1761782400000,"profit_abs":-17.631146,"wins":0,"draws":1,"losses":1,"trades":2,"profit_factor":0.0},{"date":"31/10/2025","date_ts":1761868800000,"profit_abs":0.0,"wins":0,"draws":0,"losses":0,"trades":0,"profit_factor":0.0},{"date":"01/11/2025","date_ts":1761955200000,"profit_abs":0.0,"wins":0,"draws":0,"losses":0,"trades":0,"profit_factor":0.0},{"date":"02/11/2025","date_ts":1762041600000,"profit_abs":0.0,"wins":0,"draws":0,"losses":0,"trades":0,"profit_factor":0.0},{"date":"03/11/2025","date_ts":1762128000000,"profit_abs":0.0,"wins":0,"draws":0,"losses":0,"trades":0,"profit_factor":0.0},{"date":"04/11/2025","date_ts":1762214400000,"profit_abs":-24.73135126,"wins":2,"draws":0,"losses":2,"trades":4,"profit_factor":0.2806389},{"date":"05/11/2025","date_ts":1762300800000,"profit_abs":2.86501618,"wins":2,"draws":0,"losses":0,"trades":2,"profit_factor":0.0},{"date":"06/11/2025","date_ts":1762387200000,"profit_abs":-16.96660992,"wins":0,"draws":0,"losses":1,"trades":1,"profit_factor":0.0},{"date":"07/11/2025","date_ts":1762473600000,"profit_abs":16.04865,"wins":1,"draws":0,"losses":0,"trades":1,"profit_factor":0.0},{"date":"08/11/2025","date_ts":1762560000000,"profit_abs":0.0,"wins":0,"draws":0,"losses":0,"trades":0,"profit_factor":0.0},{"date":"09/11/2025","date_ts":1762646400000,"profit_abs":0.0,"wins":0,"draws":0,"losses":0,"trades":0,"profit_factor":0.0},{"date":"10/11/2025","date_ts":1762732800000,"profit_abs":0.0,"wins":0,"draws":0,"losses":0,"trades":0,"profit_factor":0.0},{"date":"11/11/2025","date_ts":1762819200000,"profit_abs":-16.94218416,"wins":0,"draws":0,"losses":1,"trades":1,"profit_factor":0.0},{"date":"12/11/2025","date_ts":1762905600000,"profit_abs":0.0,"wins":0,"draws":0,"losses":0,"trades":0,"profit_factor":0.0},{"date":"13/11/2025","date_ts":1762992000000,"profit_abs":0.0,"wins":0,"draws":0,"losses":0,"trades":0,"profit_factor":0.0},{"date":"14/11/2025","date_ts":1763078400000,"profit_abs":-14.6478628,"wins":1,"draws":2,"losses":1,"trades":4,"profit_factor":0.12212599},{"date":"15/11/2025","date_ts":1763164800000,"profit_abs":3.84235831,"wins":1,"draws":0,"losses":0,"trades":1,"profit_factor":0.0},{"date":"16/11/2025","date_ts":1763251200000,"profit_abs":0.0,"wins":0,"draws":0,"losses":0,"trades":0,"profit_factor":0.0},{"date":"17/11/2025","date_ts":1763337600000,"profit_abs":0.0,"wins":0,"draws":0,"losses":0,"trades":0,"profit_factor":0.0},{"date":"18/11/2025","date_ts":1763424000000,"profit_abs":1.89297768,"wins":1,"draws":1,"losses":0,"trades":2,"profit_factor":0.0},{"date":"19/11/2025","date_ts":1763510400000,"profit_abs":5.16934885,"wins":1,"draws":0,"losses":0,"trades":1,"profit_factor":0.0},{"date":"20/11/2025","date_ts":1763596800000,"profit_abs":0.0,"wins":0,"draws":0,"losses":0,"trades":0,"profit_factor":0.0},{"date":"21/11/2025","date_ts":1763683200000,"profit_abs":-11.76090116,"wins":1,"draws":0,"losses":1,"trades":2,"profit_factor":0.29146496},{"date":"22/11/2025","date_ts":1763769600000,"profit_abs":0.36617122,"wins":1,"draws":3,"losses":0,"trades":4,"profit_factor":0.0},{"date":"23/11/2025","date_ts":1763856000000,"profit_abs":1.9949512,"wins":1,"draws":0,"losses":0,"trades":1,"profit_factor":0.0},{"date":"24/11/2025","date_ts":1763942400000,"profit_abs":0.0,"wins":0,"draws":0,"losses":0,"trades":0,"profit_factor":0.0},{"date":"25/11/2025","date_ts":1764028800000,"profit_abs":0.0,"wins":0,"draws":0,"losses":0,"trades":0,"profit_factor":0.0},{"date":"26/11/2025","date_ts":1764115200000,"profit_abs":0.0,"wins":0,"draws":0,"losses":0,"trades":0,"profit_factor":0.0},{"date":"27/11/2025","date_ts":1764201600000,"profit_abs":0.0,"wins":0,"draws":0,"losses":0,"trades":0,"profit_factor":0.0},{"date":"28/11/2025","date_ts":1764288000000,"profit_abs":0.0,"wins":0,"draws":0,"losses":0,"trades":0,"profit_factor":0.0},{"date":"29/11/2025","date_ts":1764374400000,"profit_abs":0.0,"wins":0,"draws":0,"losses":0,"trades":0,"profit_factor":0.0},{"date":"30/11/2025","date_ts":1764460800000,"profit_abs":0.0,"wins":0,"draws":0,"losses":0,"trades":0,"profit_factor":0.0},{"date":"01/12/2025","date_ts":1764547200000,"profit_abs":0.0,"wins":0,"draws":0,"losses":0,"trades":0,"profit_factor":0.0},{"date":"02/12/2025","date_ts":1764633600000,"profit_abs":0.0,"wins":0,"draws":0,"losses":0,"trades":0,"profit_factor":0.0},{"date":"03/12/2025","date_ts":1764720000000,"profit_abs":0.0,"wins":0,"draws":0,"losses":0,"trades":0,"profit_factor":0.0},{"date":"04/12/2025","date_ts":1764806400000,"profit_abs":0.0,"wins":0,"draws":0,"losses":0,"trades":0,"profit_factor":0.0},{"date":"05/12/2025","date_ts":1764892800000,"profit_abs":0.0,"wins":0,"draws":0,"losses":0,"trades":0,"profit_factor":0.0},{"date":"06/12/2025","date_ts":1764979200000,"profit_abs":0.0,"wins":0,"draws":0,"losses":0,"trades":0,"profit_factor":0.0},{"date":"07/12/2025","date_ts":1765065600000,"profit_abs":0.0,"wins":0,"draws":0,"losses":0,"trades":0,"profit_factor":0.0},{"date":"08/12/2025","date_ts":1765152000000,"profit_abs":0.0,"wins":0,"draws":0,"losses":0,"trades":0,"profit_factor":0.0},{"date":"09/12/2025","date_ts":1765238400000,"profit_abs":0.0,"wins":0,"draws":0,"losses":0,"trades":0,"profit_factor":0.0},{"date":"10/12/2025","date_ts":1765324800000,"profit_abs":0.0,"wins":0,"draws":0,"losses":0,"trades":0,"profit_factor":0.0},{"date":"11/12/2025","date_ts":1765411200000,"profit_abs":0.0,"wins":0,"draws":0,"losses":0,"trades":0,"profit_factor":0.0},{"date":"12/12/2025","date_ts":1765497600000,"profit_abs":0.0,"wins":0,"draws":0,"losses":0,"trades":0,"profit_factor":0.0},{"date":"13/12/2025","date_ts":1765584000000,"profit_abs":0.0,"wins":0,"draws":0,"losses":0,"trades":0,"profit_factor":0.0},{"date":"14/12/2025","date_ts":1765670400000,"profit_abs":0.0,"wins":0,"draws":0,"losses":0,"trades":0,"profit_factor":0.0},{"date":"15/12/2025","date_ts":1765756800000,"profit_abs":0.0,"wins":0,"draws":0,"losses":0,"trades":0,"profit_factor":0.0},{"date":"16/12/2025","date_ts":1765843200000,"profit_abs":0.0,"wins":0,"draws":0,"losses":0,"trades":0,"profit_factor":0.0},{"date":"17/12/2025","date_ts":1765929600000,"profit_abs":0.0,"wins":0,"draws":0,"losses":0,"trades":0,"profit_factor":0.0},{"date":"18/12/2025","date_ts":1766016000000,"profit_abs":0.0,"wins":0,"draws":1,"losses":0,"trades":1,"profit_factor":0.0},{"date":"19/12/2025","date_ts":1766102400000,"profit_abs":0.0,"wins":0,"draws":1,"losses":0,"trades":1,"profit_factor":0.0},{"date":"20/12/2025","date_ts":1766188800000,"profit_abs":0.0,"wins":0,"draws":0,"losses":0,"trades":0,"profit_factor":0.0},{"date":"21/12/2025","date_ts":1766275200000,"profit_abs":0.0,"wins":0,"draws":0,"losses":0,"trades":0,"profit_factor":0.0},{"date":"22/12/2025","date_ts":1766361600000,"profit_abs":0.0,"wins":0,"draws":0,"losses":0,"trades":0,"profit_factor":0.0},{"date":"23/12/2025","date_ts":1766448000000,"profit_abs":0.0,"wins":0,"draws":0,"losses":0,"trades":0,"profit_factor":0.0},{"date":"24/12/2025","date_ts":1766534400000,"profit_abs":0.0,"wins":0,"draws":0,"losses":0,"trades":0,"profit_factor":0.0},{"date":"25/12/2025","date_ts":1766620800000,"profit_abs":0.0,"wins":0,"draws":0,"losses":0,"trades":0,"profit_factor":0.0},{"date":"26/12/2025","date_ts":1766707200000,"profit_abs":0.0,"wins":0,"draws":0,"losses":0,"trades":0,"profit_factor":0.0},{"date":"27/12/2025","date_ts":1766793600000,"profit_abs":0.0,"wins":0,"draws":0,"losses":0,"trades":0,"profit_factor":0.0},{"date":"28/12/2025","date_ts":1766880000000,"profit_abs":0.0,"wins":0,"draws":0,"losses":0,"trades":0,"profit_factor":0.0},{"date":"29/12/2025","date_ts":1766966400000,"profit_abs":0.0,"wins":0,"draws":0,"losses":0,"trades":0,"profit_factor":0.0},{"date":"30/12/2025","date_ts":1767052800000,"profit_abs":0.0,"wins":0,"draws":0,"losses":0,"trades":0,"profit_factor":0.0},{"date":"31/12/2025","date_ts":1767139200000,"profit_abs":0.0,"wins":0,"draws":0,"losses":0,"trades":0,"profit_factor":0.0},{"date":"01/01/2026","date_ts":1767225600000,"profit_abs":0.0,"wins":0,"draws":0,"losses":0,"trades":0,"profit_factor":0.0},{"date":"02/01/2026","date_ts":1767312000000,"profit_abs":9.6036036,"wins":1,"draws":0,"losses":0,"trades":1,"profit_factor":0.0},{"date":"03/01/2026","date_ts":1767398400000,"profit_abs":0.51272697,"wins":1,"draws":0,"losses":0,"trades":1,"profit_factor":0.0}],"week":[{"date":"13/10/2025","date_ts":1760313600000,"profit_abs":38.72013186,"wins":3,"draws":3,"losses":0,"trades":6,"profit_factor":0.0},{"date":"20/10/2025","date_ts":1760918400000,"profit_abs":-9.24786919,"wins":2,"draws":5,"losses":1,"trades":8,"profit_factor":0.48195368},{"date":"27/10/2025","date_ts":1761523200000,"profit_abs":0.0,"wins":0,"draws":0,"losses":0,"trades":0,"profit_factor":0.0},{"date":"03/11/2025","date_ts":1762128000000,"profit_abs":-17.631146,"wins":0,"draws":1,"losses":1,"trades":2,"profit_factor":0.0},{"date":"10/11/2025","date_ts":1762732800000,"profit_abs":-22.784295,"wins":5,"draws":0,"losses":3,"trades":8,"profit_factor":0.55626146},{"date":"17/11/2025","date_ts":1763337600000,"profit_abs":-27.74768865,"wins":2,"draws":2,"losses":2,"trades":6,"profit_factor":0.17485848},{"date":"24/11/2025","date_ts":1763942400000,"profit_abs":-2.33745221,"wins":5,"draws":4,"losses":1,"trades":10,"profit_factor":0.85918028},{"date":"01/12/2025","date_ts":1764547200000,"profit_abs":0.0,"wins":0,"draws":0,"losses":0,"trades":0,"profit_factor":0.0},{"date":"08/12/2025","date_ts":1765152000000,"profit_abs":0.0,"wins":0,"draws":0,"losses":0,"trades":0,"profit_factor":0.0},{"date":"15/12/2025","date_ts":1765756800000,"profit_abs":0.0,"wins":0,"draws":0,"losses":0,"trades":0,"profit_factor":0.0},{"date":"22/12/2025","date_ts":1766361600000,"profit_abs":0.0,"wins":0,"draws":2,"losses":0,"trades":2,"profit_factor":0.0},{"date":"29/12/2025","date_ts":1766966400000,"profit_abs":0.0,"wins":0,"draws":0,"losses":0,"trades":0,"profit_factor":0.0},{"date":"05/01/2026","date_ts":1767571200000,"profit_abs":10.11633057,"wins":2,"draws":0,"losses":0,"trades":2,"profit_factor":0.0}],"month":[{"date":"31/10/2025","date_ts":1761868800000,"profit_abs":11.84111667,"wins":5,"draws":9,"losses":2,"trades":16,"profit_factor":1.33371635},{"date":"30/11/2025","date_ts":1764460800000,"profit_abs":-52.86943586,"wins":12,"draws":6,"losses":6,"trades":24,"profit_factor":0.47949274},{"date":"31/12/2025","date_ts":1767139200000,"profit_abs":0.0,"wins":0,"draws":2,"losses":0,"trades":2,"profit_factor":0.0},{"date":"31/01/2026","date_ts":1769817600000,"profit_abs":10.11633057,"wins":2,"draws":0,"losses":0,"trades":2,"profit_factor":0.0}],"year":[{"date":"31/12/2025","date_ts":1767139200000,"profit_abs":-41.02831919,"wins":17,"draws":17,"losses":8,"trades":42,"profit_factor":0.70064446},{"date":"31/12/2026","date_ts":1798675200000,"profit_abs":10.11633057,"wins":2,"draws":0,"losses":0,"trades":2,"profit_factor":0.0}],"weekday":[{"date":"Monday","date_ts":0,"profit_abs":0.0,"wins":0,"draws":2,"losses":0,"trades":2,"profit_factor":0.0},{"date":"Tuesday","date_ts":1,"profit_abs":-39.78055774,"wins":3,"draws":2,"losses":3,"trades":8,"profit_factor":0.22487977},{"date":"Wednesday","date_ts":2,"profit_abs":8.03436503,"wins":3,"draws":1,"losses":0,"trades":4,"profit_factor":0.0},{"date":"Thursday","date_ts":3,"profit_abs":-49.33436088,"wins":1,"draws":3,"losses":3,"trades":7,"profit_factor":0.05938754},{"date":"Friday","date_ts":4,"profit_abs":4.73222541,"wins":5,"draws":4,"losses":2,"trades":11,"profit_factor":1.14217502},{"date":"Saturday","date_ts":5,"profit_abs":10.00063136,"wins":4,"draws":4,"losses":0,"trades":8,"profit_factor":0.0},{"date":"Sunday","date_ts":6,"profit_abs":35.4357082,"wins":3,"draws":1,"losses":0,"trades":4,"profit_factor":0.0}]},"backtest_best_day":0.09990009990009989,"backtest_worst_day":-0.07390737961943675,"backtest_best_day_abs":33.440757,"backtest_worst_day_abs":-24.73135126,"winning_days":12,"draw_days":66,"losing_days":7,"daily_profit":[["2025-10-11",5.27937486],["2025-10-12",33.440757],["2025-10-13",0.0],["2025-10-14",0.0],["2025-10-15",0.0],["2025-10-16",-14.73660496],["2025-10-17",5.48873577],["2025-10-18",0.0],["2025-10-19",0.0],["2025-10-20",0.0],["2025-10-21",0.0],["2025-10-22",0.0],["2025-10-23",0.0],["2025-10-24",0.0],["2025-10-25",0.0],["2025-10-26",0.0],["2025-10-27",0.0],["2025-10-28",0.0],["2025-10-29",0.0],["2025-10-30",-17.631146],["2025-10-31",0.0],["2025-11-01",0.0],["2025-11-02",0.0],["2025-11-03",0.0],["2025-11-04",-24.73135126],["2025-11-05",2.86501618],["2025-11-06",-16.96660992],["2025-11-07",16.04865],["2025-11-08",0.0],["2025-11-09",0.0],["2025-11-10",0.0],["2025-11-11",-16.94218416],["2025-11-12",0.0],["2025-11-13",0.0],["2025-11-14",-14.6478628],["2025-11-15",3.84235831],["2025-11-16",0.0],["2025-11-17",0.0],["2025-11-18",1.89297768],["2025-11-19",5.16934885],["2025-11-20",0.0],["2025-11-21",-11.76090116],["2025-11-22",0.36617122],["2025-11-23",1.9949512],["2025-11-24",0.0],["2025-11-25",0.0],["2025-11-26",0.0],["2025-11-27",0.0],["2025-11-28",0.0],["2025-11-29",0.0],["2025-11-30",0.0],["2025-12-01",0.0],["2025-12-02",0.0],["2025-12-03",0.0],["2025-12-04",0.0],["2025-12-05",0.0],["2025-12-06",0.0],["2025-12-07",0.0],["2025-12-08",0.0],["2025-12-09",0.0],["2025-12-10",0.0],["2025-12-11",0.0],["2025-12-12",0.0],["2025-12-13",0.0],["2025-12-14",0.0],["2025-12-15",0.0],["2025-12-16",0.0],["2025-12-17",0.0],["2025-12-18",0.0],["2025-12-19",0.0],["2025-12-20",0.0],["2025-12-21",0.0],["2025-12-22",0.0],["2025-12-23",0.0],["2025-12-24",0.0],["2025-12-25",0.0],["2025-12-26",0.0],["2025-12-27",0.0],["2025-12-28",0.0],["2025-12-29",0.0],["2025-12-30",0.0],["2025-12-31",0.0],["2026-01-01",0.0],["2026-01-02",9.6036036],["2026-01-03",0.51272697]],"wins":19,"losses":8,"draws":17,"winrate":0.4318181818181818,"holding_avg":"4:03:00","holding_avg_s":14580.0,"winner_holding_min":"0d 01:00","winner_holding_min_s":3600.0,"winner_holding_max":"0d 02:00","winner_holding_max_s":7200.0,"winner_holding_avg":"0d 01:51","winner_holding_avg_s":6660.0,"loser_holding_min":"0d 02:00","loser_holding_min_s":7200.0,"loser_holding_max":"0d 16:00","loser_holding_max_s":57600.0,"loser_holding_avg":"0d 08:15","loser_holding_avg_s":29700.0,"max_consecutive_wins":3,"max_consecutive_losses":5,"max_drawdown_account":0.08644593661474637,"max_relative_drawdown":0.08644593661474637,"max_drawdown_abs":90.06239891,"drawdown_start":"2025-10-16 12:00:00","drawdown_start_ts":1760616000000.0,"drawdown_end":"2025-11-21 07:00:00","drawdown_end_ts":1763708400000.0,"drawdown_duration":"35 days 19:00:00","drawdown_duration_s":3092400.0,"max_drawdown_low":-48.22743897,"max_drawdown_high":41.83495994,"csum_min":951.77256103,"csum_max":1041.83495994}},"strategy_comparison":[{"key":"ACO_96_8","trades":44,"profit_mean":-0.0020399766416126274,"profit_mean_pct":-0.2,"profit_total_abs":-30.91198862,"profit_total":-0.03091198862,"profit_total_pct":-3.09,"duration_avg":"4:03:00","wins":19,"draws":17,"losses":8,"winrate":0.4318181818181818,"cagr":-0.11144084305470747,"expectancy":-0.7025451959090909,"expectancy_ratio":-0.42737156456539716,"sortino":-14.781257988800393,"sharpe":-0.6862601484099514,"calmar":-7.042989788344306,"sqn":-0.5193,"profit_factor":0.7744563948903155,"max_drawdown_account":0.08644593661474637,"max_drawdown_abs":"90.062"}]}