{"strategy":{"ACO_1_6":{"trades":[{"pair":"DOGE/USDT","stake_amount":329.98152,"max_stake_amount":329.98152,"amount":3993.0,"open_date":"2024-01-04 07:00:00+00:00","close_date":"2024-01-04 09:00:00+00:00","open_rate":0.08264,"close_rate":0.08280544544544545,"fee_open":0.001,"fee_close":0.001,"trade_duration":120,"profit_ratio":0.0,"profit_abs":0.0,"exit_reason":"roi","initial_stop_loss_abs":0.07851,"initial_stop_loss_ratio":-0.05,"stop_loss_abs":0.07851,"stop_loss_ratio":-0.05,"min_rate":0.08176,"max_rate":0.08305,"is_open":false,"enter_tag":"","leverage":1.0,"is_short":false,"open_timestamp":1704351600000,"close_timestamp":1704358800000,"orders":[{"amount":3993.0,"safe_price":0.08264,"ft_order_side":"buy","order_filled_timestamp":1704351600000,"ft_is_entry":true,"ft_order_tag":"","cost":330.31150152000004},{"amount":3993.0,"safe_price":0.08280544544544545,"ft_order_side":"sell","order_filled_timestamp":1704358800000,"ft_is_entry":false,"ft_order_tag":"roi","cost":330.9727858073273}],"funding_fees":0.0,"weekday":3},{"pair":"DOGE/USDT","stake_amount":329.9649,"max_stake_amount":329.9649,"amount":4002.0,"open_date":"2024-01-05 21:00:00+00:00","close_date":"2024-01-05 23:00:00+00:00","open_rate":0.08245,"close_rate":0.08261506506506505,"fee_open":0.001,"fee_close":0.001,"trade_duration":120,"profit_ratio":0.0,"profit_abs":0.0,"exit_reason":"roi","initial_stop_loss_abs":0.07833,"initial_stop_loss_ratio":-0.05,"stop_loss_abs":0.07833,"stop_loss_ratio":-0.05,"min_rate":0.08175,"max_rate":0.08282,"is_open":false,"enter_tag":"","leverage":1.0,"is_short":false,"open_timestamp":1704488400000,"close_timestamp":1704495600000,"orders":[{"amount":4002.0,"safe_price":0.08245,"ft_order_side":"buy","order_filled_timestamp":1704488400000,"ft_is_entry":true,"ft_order_tag":"","cost":330.29486489999994},{"amount":4002.0,"safe_price":0.08261506506506505,"ft_order_side":"sell","order_filled_timestamp":1704495600000,"ft_is_entry":false,"ft_order_tag":"roi","cost":330.95611588078066}],"funding_fees":0.0,"weekday":4},{"pair":"DOGE/USDT","stake_amount":329.99638,"max_stake_amount":329.99638,"amount":4057.0,"open_date":"2024-01-06 15:00:00+00:00","close_date":"2024-01-06 17:00:00+00:00","open_rate":0.08134,"close_rate":0.08150284284284283,"fee_open":0.001,"fee_close":0.001,"trade_duration":120,"profit_ratio":0.0,"profit_abs":0.0,"exit_reason":"roi","initial_stop_loss_abs":0.07728,"initial_stop_loss_ratio":-0.05,"stop_loss_abs":0.07728,"stop_loss_ratio":-0.05,"min_rate":0.08111,"max_rate":0.0819,"is_open":false,"enter_tag":"","leverage":1.0,"is_short":false,"open_timestamp":1704553200000,"close_timestamp":1704560400000,"orders":[{"amount":4057.0,"safe_price":0.08134,"ft_order_side":"buy","order_filled_timestamp":1704553200000,"ft_is_entry":true,"ft_order_tag":"","cost":330.32637637999994},{"amount":4057.0,"safe_price":0.08150284284284283,"ft_order_side":"sell","order_filled_timestamp":1704560400000,"ft_is_entry":false,"ft_order_tag":"roi","cost":330.9876904468267}],"funding_fees":0.0,"weekday":5},{"pair":"DOGE/USDT","stake_amount":329.97376,"max_stake_amount":329.97376,"amount":4096.0,"open_date":"2024-01-07 14:00:00+00:00","close_date":"2024-01-08 02:00:00+00:00","open_rate":0.08056,"close_rate":0.07654,"fee_open":0.001,"fee_close":0.001,"trade_duration":720,"profit_ratio":-0.05179899544348403,"profit_abs":-17.1094016,"exit_reason":"stop_loss","initial_stop_loss_abs":0.07654,"initial_stop_loss_ratio":-0.05,"stop_loss_abs":0.07654,"stop_loss_ratio":-0.05,"min_rate":0.075,"max_rate":0.0807,"is_open":false,"enter_tag":"","leverage":1.0,"is_short":false,"open_timestamp":1704636000000,"close_timestamp":1704679200000,"orders":[{"amount":4096.0,"safe_price":0.08056,"ft_order_side":"buy","order_filled_timestamp":1704636000000,"ft_is_entry":true,"ft_order_tag":"","cost":330.30373376},{"amount":4096.0,"safe_price":0.07654,"ft_order_side":"sell","order_filled_timestamp":1704679200000,"ft_is_entry":false,"ft_order_tag":"stop_loss","cost":313.82134783999993}],"funding_fees":0.0,"weekday":0},{"pair":"DOGE/USDT","stake_amount":324.2862,"max_stake_amount":324.2862,"amount":4140.0,"open_date":"2024-01-08 12:00:00+00:00","close_date":"2024-01-08 14:00:00+00:00","open_rate":0.07833,"close_rate":0.07868,"fee_open":0.001,"fee_close":0.001,"trade_duration":120,"profit_ratio":0.0024613456248844985,"profit_abs":0.7989786,"exit_reason":"roi","initial_stop_loss_abs":0.07442,"initial_stop_loss_ratio":-0.05,"stop_loss_abs":0.07442,"stop_loss_ratio":-0.05,"min_rate":0.07796,"max_rate":0.07919,"is_open":false,"enter_tag":"","leverage":1.0,"is_short":false,"open_timestamp":1704715200000,"close_timestamp":1704722400000,"orders":[{"amount":4140.0,"safe_price":0.07833,"ft_order_side":"buy","order_filled_timestamp":1704715200000,"ft_is_entry":true,"ft_order_tag":"","cost":324.61048619999997},{"amount":4140.0,"safe_price":0.07868,"ft_order_side":"sell","order_filled_timestamp":1704722400000,"ft_is_entry":false,"ft_order_tag":"roi","cost":326.06093519999996}],"funding_fees":0.0,"weekday":0},{"pair":"DOGE/USDT","stake_amount":324.54812,"max_stake_amount":324.54812,"amount":4066.0,"open_date":"2024-01-09 20:00:00+00:00","close_date":"2024-01-09 22:00:00+00:00","open_rate":0.07982,"close_rate":0.0799797997997998,"fee_open":0.001,"fee_close":0.001,"trade_duration":120,"profit_ratio":0.0,"profit_abs":0.0,"exit_reason":"roi","initial_stop_loss_abs":0.07583,"initial_stop_loss_ratio":-0.05,"stop_loss_abs":0.07583,"stop_loss_ratio":-0.05,"min_rate":0.07681,"max_rate":0.08227,"is_open":false,"enter_tag":"","leverage":1.0,"is_short":false,"open_timestamp":1704830400000,"close_timestamp":1704837600000,"orders":[{"amount":4066.0,"safe_price":0.07982,"ft_order_side":"buy","order_filled_timestamp":1704830400000,"ft_is_entry":true,"ft_order_tag":"","cost":324.87266811999996},{"amount":4066.0,"safe_price":0.0799797997997998,"ft_order_side":"sell","order_filled_timestamp":1704837600000,"ft_is_entry":false,"ft_order_tag":"roi","cost":325.5230638519719}],"funding_fees":0.0,"weekday":1},{"pair":"DOGE/USDT","stake_amount":324.5466,"max_stake_amount":324.5466,"amount":4067.0,"open_date":"2024-01-10 01:00:00+00:00","close_date":"2024-01-10 03:00:00+00:00","open_rate":0.0798,"close_rate":0.07995975975975975,"fee_open":0.001,"fee_close":0.001,"trade_duration":120,"profit_ratio":0.0,"profit_abs":0.0,"exit_reason":"roi","initial_stop_loss_abs":0.07581,"initial_stop_loss_ratio":-0.05,"stop_loss_abs":0.07581,"stop_loss_ratio":-0.05,"min_rate":0.07936,"max_rate":0.08084,"is_open":false,"enter_tag":"","leverage":1.0,"is_short":false,"open_timestamp":1704848400000,"close_timestamp":1704855600000,"orders":[{"amount":4067.0,"safe_price":0.0798,"ft_order_side":"buy","order_filled_timestamp":1704848400000,"ft_is_entry":true,"ft_order_tag":"","cost":324.8711465999999},{"amount":4067.0,"safe_price":0.07995975975975975,"ft_order_side":"sell","order_filled_timestamp":1704855600000,"ft_is_entry":false,"ft_order_tag":"roi","cost":325.52153928588575}],"funding_fees":0.0,"weekday":2},{"pair":"DOGE/USDT","stake_amount":324.597,"max_stake_amount":324.597,"amount":4100.0,"open_date":"2024-01-10 11:00:00+00:00","close_date":"2024-01-10 18:00:00+00:00","open_rate":0.07917,"close_rate":0.07932849849849849,"fee_open":0.001,"fee_close":0.001,"trade_duration":420,"profit_ratio":0.0,"profit_abs":0.0,"exit_reason":"roi","initial_stop_loss_abs":0.07522,"initial_stop_loss_ratio":-0.05,"stop_loss_abs":0.07522,"stop_loss_ratio":-0.05,"min_rate":0.07579,"max_rate":0.07954,"is_open":false,"enter_tag":"","leverage":1.0,"is_short":false,"open_timestamp":1704884400000,"close_timestamp":1704909600000,"orders":[{"amount":4100.0,"safe_price":0.07917,"ft_order_side":"buy","order_filled_timestamp":1704884400000,"ft_is_entry":true,"ft_order_tag":"","cost":324.921597},{"amount":4100.0,"safe_price":0.07932849849849849,"ft_order_side":"sell","order_filled_timestamp":1704909600000,"ft_is_entry":false,"ft_order_tag":"roi","cost":325.5720906876876}],"funding_fees":0.0,"weekday":2},{"pair":"DOGE/USDT","stake_amount":324.55882,"max_stake_amount":324.55882,"amount":4099.0,"open_date":"2024-01-10 20:00:00+00:00","close_date":"2024-01-10 22:00:00+00:00","open_rate":0.07918,"close_rate":0.08176,"fee_open":0.001,"fee_close":0.001,"trade_duration":120,"profit_ratio":0.03052088098817071,"profit_abs":9.91572694,"exit_reason":"roi","initial_stop_loss_abs":0.07523,"initial_stop_loss_ratio":-0.05,"stop_loss_abs":0.07523,"stop_loss_ratio":-0.05,"min_rate":0.0771,"max_rate":0.08352,"is_open":false,"enter_tag":"","leverage":1.0,"is_short":false,"open_timestamp":1704916800000,"close_timestamp":1704924000000,"orders":[{"amount":4099.0,"safe_price":0.07918,"ft_order_side":"buy","order_filled_timestamp":1704916800000,"ft_is_entry":true,"ft_order_tag":"","cost":324.88337881999996},{"amount":4099.0,"safe_price":0.08176,"ft_order_side":"sell","order_filled_timestamp":1704924000000,"ft_is_entry":false,"ft_order_tag":"roi","cost":335.4693742399999}],"funding_fees":0.0,"weekday":2},{"pair":"DOGE/USDT","stake_amount":327.84477,"max_stake_amount":327.84477,"amount":4037.0,"open_date":"2024-01-13 16:00:00+00:00","close_date":"2024-01-14 06:00:00+00:00","open_rate":0.08121,"close_rate":0.08137258258258258,"fee_open":0.001,"fee_close":0.001,"trade_duration":840,"profit_ratio":0.0,"profit_abs":0.0,"exit_reason":"roi","initial_stop_loss_abs":0.07715,"initial_stop_loss_ratio":-0.05,"stop_loss_abs":0.07715,"stop_loss_ratio":-0.05,"min_rate":0.08026,"max_rate":0.08174,"is_open":false,"enter_tag":"","leverage":1.0,"is_short":false,"open_timestamp":1705161600000,"close_timestamp":1705212000000,"orders":[{"amount":4037.0,"safe_price":0.08121,"ft_order_side":"buy","order_filled_timestamp":1705161600000,"ft_is_entry":true,"ft_order_tag":"","cost":328.17261477},{"amount":4037.0,"safe_price":0.08137258258258258,"ft_order_side":"sell","order_filled_timestamp":1705212000000,"ft_is_entry":false,"ft_order_tag":"roi","cost":328.82961700177174}],"funding_fees":0.0,"weekday":6},{"pair":"DOGE/USDT","stake_amount":327.87002,"max_stake_amount":327.87002,"amount":4019.0,"open_date":"2024-01-15 11:00:00+00:00","close_date":"2024-01-15 18:00:00+00:00","open_rate":0.08158,"close_rate":0.08174332332332332,"fee_open":0.001,"fee_close":0.001,"trade_duration":420,"profit_ratio":0.0,"profit_abs":0.0,"exit_reason":"roi","initial_stop_loss_abs":0.07751,"initial_stop_loss_ratio":-0.05,"stop_loss_abs":0.07751,"stop_loss_ratio":-0.05,"min_rate":0.07987,"max_rate":0.08178,"is_open":false,"enter_tag":"","leverage":1.0,"is_short":false,"open_timestamp":1705316400000,"close_timestamp":1705341600000,"orders":[{"amount":4019.0,"safe_price":0.08158,"ft_order_side":"buy","order_filled_timestamp":1705316400000,"ft_is_entry":true,"ft_order_tag":"","cost":328.19789002},{"amount":4019.0,"safe_price":0.08174332332332332,"ft_order_side":"sell","order_filled_timestamp":1705341600000,"ft_is_entry":false,"ft_order_tag":"roi","cost":328.8549428528728}],"funding_fees":0.0,"weekday":0},{"pair":"DOGE/USDT","stake_amount":327.8877,"max_stake_amount":327.8877,"amount":4045.0,"open_date":"2024-01-15 21:00:00+00:00","close_date":"2024-01-15 23:00:00+00:00","open_rate":0.08106,"close_rate":0.08122228228228227,"fee_open":0.001,"fee_close":0.001,"trade_duration":120,"profit_ratio":0.0,"profit_abs":0.0,"exit_reason":"roi","initial_stop_loss_abs":0.07701,"initial_stop_loss_ratio":-0.05,"stop_loss_abs":0.07701,"stop_loss_ratio":-0.05,"min_rate":0.08,"max_rate":0.08135,"is_open":false,"enter_tag":"","leverage":1.0,"is_short":false,"open_timestamp":1705352400000,"close_timestamp":1705359600000,"orders":[{"amount":4045.0,"safe_price":0.08106,"ft_order_side":"buy","order_filled_timestamp":1705352400000,"ft_is_entry":true,"ft_order_tag":"","cost":328.21558769999996},{"amount":4045.0,"safe_price":0.08122228228228227,"ft_order_side":"sell","order_filled_timestamp":1705359600000,"ft_is_entry":false,"ft_order_tag":"roi","cost":328.8726759636636}],"funding_fees":0.0,"weekday":0},{"pair":"DOGE/USDT","stake_amount":327.88352,"max_stake_amount":327.88352,"amount":4034.0,"open_date":"2024-01-16 09:00:00+00:00","close_date":"2024-01-16 11:00:00+00:00","open_rate":0.08128,"close_rate":0.08188,"fee_open":0.001,"fee_close":0.001,"trade_duration":120,"profit_ratio":0.005369138735280468,"profit_abs":1.76221256,"exit_reason":"roi","initial_stop_loss_abs":0.07722,"initial_stop_loss_ratio":-0.05,"stop_loss_abs":0.07722,"stop_loss_ratio":-0.05,"min_rate":0.08116,"max_rate":0.08258,"is_open":false,"enter_tag":"","leverage":1.0,"is_short":false,"open_timestamp":1705395600000,"close_timestamp":1705402800000,"orders":[{"amount":4034.0,"safe_price":0.08128,"ft_order_side":"buy","order_filled_timestamp":1705395600000,"ft_is_entry":true,"ft_order_tag":"","cost":328.21140352},{"amount":4034.0,"safe_price":0.08188,"ft_order_side":"sell","order_filled_timestamp":1705402800000,"ft_is_entry":false,"ft_order_tag":"roi","cost":330.63422391999995}],"funding_fees":0.0,"weekday":1},{"pair":"DOGE/USDT","stake_amount":328.4083,"max_stake_amount":328.4083,"amount":4070.0,"open_date":"2024-01-18 01:00:00+00:00","close_date":"2024-01-19 03:00:00+00:00","open_rate":0.08069,"close_rate":0.07666,"fee_open":0.001,"fee_close":0.001,"trade_duration":1560,"profit_ratio":-0.05184244433222002,"profit_abs":-17.0425145,"exit_reason":"stop_loss","initial_stop_loss_abs":0.07666,"initial_stop_loss_ratio":-0.05,"stop_loss_abs":0.07666,"stop_loss_ratio":-0.05,"min_rate":0.07641,"max_rate":0.08081,"is_open":false,"enter_tag":"","leverage":1.0,"is_short":false,"open_timestamp":1705539600000,"close_timestamp":1705633200000,"orders":[{"amount":4070.0,"safe_price":0.08069,"ft_order_side":"buy","order_filled_timestamp":1705539600000,"ft_is_entry":true,"ft_order_tag":"","cost":328.7367083},{"amount":4070.0,"safe_price":0.07666,"ft_order_side":"sell","order_filled_timestamp":1705633200000,"ft_is_entry":false,"ft_order_tag":"stop_loss","cost":312.3182062}],"funding_fees":0.0,"weekday":4},{"pair":"DOGE/USDT","stake_amount":322.81394,"max_stake_amount":322.81394,"amount":4127.0,"open_date":"2024-01-19 09:00:00+00:00","close_date":"2024-01-19 11:00:00+00:00","open_rate":0.07822,"close_rate":0.07837659659659658,"fee_open":0.001,"fee_close":0.001,"trade_duration":120,"profit_ratio":0.0,"profit_abs":0.0,"exit_reason":"roi","initial_stop_loss_abs":0.07431,"initial_stop_loss_ratio":-0.05,"stop_loss_abs":0.07431,"stop_loss_ratio":-0.05,"min_rate":0.07801,"max_rate":0.07852,"is_open":false,"enter_tag":"","leverage":1.0,"is_short":false,"open_timestamp":1705654800000,"close_timestamp":1705662000000,"orders":[{"amount":4127.0,"safe_price":0.07822,"ft_order_side":"buy","order_filled_timestamp":1705654800000,"ft_is_entry":true,"ft_order_tag":"","cost":323.13675393999995},{"amount":4127.0,"safe_price":0.07837659659659658,"ft_order_side":"sell","order_filled_timestamp":1705662000000,"ft_is_entry":false,"ft_order_tag":"roi","cost":323.78367436830825}],"funding_fees":0.0,"weekday":4},{"pair":"DOGE/USDT","stake_amount":322.81788,"max_stake_amount":322.81788,"amount":4116.0,"open_date":"2024-01-19 20:00:00+00:00","close_date":"2024-01-19 22:00:00+00:00","open_rate":0.07843,"close_rate":0.07858701701701701,"fee_open":0.001,"fee_close":0.001,"trade_duration":120,"profit_ratio":0.0,"profit_abs":0.0,"exit_reason":"roi","initial_stop_loss_abs":0.07451,"initial_stop_loss_ratio":-0.05,"stop_loss_abs":0.07451,"stop_loss_ratio":-0.05,"min_rate":0.07793,"max_rate":0.07884,"is_open":false,"enter_tag":"","leverage":1.0,"is_short":false,"open_timestamp":1705694400000,"close_timestamp":1705701600000,"orders":[{"amount":4116.0,"safe_price":0.07843,"ft_order_side":"buy","order_filled_timestamp":1705694400000,"ft_is_entry":true,"ft_order_tag":"","cost":323.14069787999995},{"amount":4116.0,"safe_price":0.07858701701701701,"ft_order_side":"sell","order_filled_timestamp":1705701600000,"ft_is_entry":false,"ft_order_tag":"roi","cost":323.787626204084}],"funding_fees":0.0,"weekday":4},{"pair":"DOGE/USDT","stake_amount":322.77267,"max_stake_amount":322.77267,"amount":4127.0,"open_date":"2024-01-24 00:00:00+00:00","close_date":"2024-01-24 02:00:00+00:00","open_rate":0.07821,"close_rate":0.07836657657657657,"fee_open":0.001,"fee_close":0.001,"trade_duration":120,"profit_ratio":0.0,"profit_abs":0.0,"exit_reason":"roi","initial_stop_loss_abs":0.0743,"initial_stop_loss_ratio":-0.05,"stop_loss_abs":0.0743,"stop_loss_ratio":-0.05,"min_rate":0.07778,"max_rate":0.0789,"is_open":false,"enter_tag":"","leverage":1.0,"is_short":false,"open_timestamp":1706054400000,"close_timestamp":1706061600000,"orders":[{"amount":4127.0,"safe_price":0.07821,"ft_order_side":"buy","order_filled_timestamp":1706054400000,"ft_is_entry":true,"ft_order_tag":"","cost":323.09544266999995},{"amount":4127.0,"safe_price":0.07836657657657657,"ft_order_side":"sell","order_filled_timestamp":1706061600000,"ft_is_entry":false,"ft_order_tag":"roi","cost":323.74228039306297}],"funding_fees":0.0,"weekday":2},{"pair":"DOGE/USDT","stake_amount":322.81824,"max_stake_amount":322.81824,"amount":4126.0,"open_date":"2024-01-25 12:00:00+00:00","close_date":"2024-01-26 02:00:00+00:00","open_rate":0.07824,"close_rate":0.07839663663663664,"fee_open":0.001,"fee_close":0.001,"trade_duration":840,"profit_ratio":0.0,"profit_abs":0.0,"exit_reason":"roi","initial_stop_loss_abs":0.07433,"initial_stop_loss_ratio":-0.05,"stop_loss_abs":0.07433,"stop_loss_ratio":-0.05,"min_rate":0.07711,"max_rate":0.07852,"is_open":false,"enter_tag":"","leverage":1.0,"is_short":false,"open_timestamp":1706184000000,"close_timestamp":1706234400000,"orders":[{"amount":4126.0,"safe_price":0.07824,"ft_order_side":"buy","order_filled_timestamp":1706184000000,"ft_is_entry":true,"ft_order_tag":"","cost":323.14105823999995},{"amount":4126.0,"safe_price":0.07839663663663664,"ft_order_side":"sell","order_filled_timestamp":1706234400000,"ft_is_entry":false,"ft_order_tag":"roi","cost":323.7879872855255}],"funding_fees":0.0,"weekday":4},{"pair":"DOGE/USDT","stake_amount":322.84629,"max_stake_amount":322.84629,"amount":4017.0,"open_date":"2024-01-27 22:00:00+00:00","close_date":"2024-01-28 01:00:00+00:00","open_rate":0.08037,"close_rate":0.0805309009009009,"fee_open":0.001,"fee_close":0.001,"trade_duration":180,"profit_ratio":0.0,"profit_abs":0.0,"exit_reason":"roi","initial_stop_loss_abs":0.07636,"initial_stop_loss_ratio":-0.05,"stop_loss_abs":0.07636,"stop_loss_ratio":-0.05,"min_rate":0.07984,"max_rate":0.0807,"is_open":false,"enter_tag":"","leverage":1.0,"is_short":false,"open_timestamp":1706392800000,"close_timestamp":1706403600000,"orders":[{"amount":4017.0,"safe_price":0.08037,"ft_order_side":"buy","order_filled_timestamp":1706392800000,"ft_is_entry":true,"ft_order_tag":"","cost":323.16913629},{"amount":4017.0,"safe_price":0.0805309009009009,"ft_order_side":"sell","order_filled_timestamp":1706403600000,"ft_is_entry":false,"ft_order_tag":"roi","cost":323.8161215478378}],"funding_fees":0.0,"weekday":6},{"pair":"DOGE/USDT","stake_amount":322.78232,"max_stake_amount":322.78232,"amount":3983.0,"open_date":"2024-01-29 10:00:00+00:00","close_date":"2024-01-29 12:00:00+00:00","open_rate":0.08104,"close_rate":0.08120224224224223,"fee_open":0.001,"fee_close":0.001,"trade_duration":120,"profit_ratio":0.0,"profit_abs":0.0,"exit_reason":"roi","initial_stop_loss_abs":0.07699,"initial_stop_loss_ratio":-0.05,"stop_loss_abs":0.07699,"stop_loss_ratio":-0.05,"min_rate":0.0803,"max_rate":0.08236,"is_open":false,"enter_tag":"","leverage":1.0,"is_short":false,"open_timestamp":1706522400000,"close_timestamp":1706529600000,"orders":[{"amount":3983.0,"safe_price":0.08104,"ft_order_side":"buy","order_filled_timestamp":1706522400000,"ft_is_entry":true,"ft_order_tag":"","cost":323.10510232},{"amount":3983.0,"safe_price":0.08120224224224223,"ft_order_side":"sell","order_filled_timestamp":1706529600000,"ft_is_entry":false,"ft_order_tag":"roi","cost":323.7519593817016}],"funding_fees":0.0,"weekday":0},{"pair":"DOGE/USDT","stake_amount":322.828,"max_stake_amount":322.828,"amount":4048.0,"open_date":"2024-01-31 19:00:00+00:00","close_date":"2024-02-01 00:00:00+00:00","open_rate":0.07975,"close_rate":0.07874,"fee_open":0.001,"fee_close":0.001,"trade_duration":300,"profit_ratio":-0.014637274950754576,"profit_abs":-4.73004752,"exit_reason":"force_exit","initial_stop_loss_abs":0.07577,"initial_stop_loss_ratio":-0.05,"stop_loss_abs":0.07577,"stop_loss_ratio":-0.05,"min_rate":0.078,"max_rate":0.08009,"is_open":false,"enter_tag":"","leverage":1.0,"is_short":false,"open_timestamp":1706727600000,"close_timestamp":1706745600000,"orders":[{"amount":4048.0,"safe_price":0.07975,"ft_order_side":"buy","order_filled_timestamp":1706727600000,"ft_is_entry":true,"ft_order_tag":"","cost":323.150828},{"amount":4048.0,"safe_price":0.07874,"ft_order_side":"sell","order_filled_timestamp":1706745600000,"ft_is_entry":false,"ft_order_tag":"force_exit","cost":319.05825952}],"funding_fees":0.0,"weekday":3}],"locks":[],"best_pair":{"key":"DOGE/USDT","trades":21,"profit_mean":-0.0038060642561010927,"profit_mean_pct":-0.38,"profit_total_abs":-26.40504552,"profit_total":-0.02640504552,"profit_total_pct":-2.64,"duration_avg":"5:26:00","wins":3,"draws":15,"losses":3,"winrate":0.14285714285714285,"cagr":-0.2702669330096842,"expectancy":-1.25738312,"expectancy_ratio":-0.8113011170278662,"sortino":-2.79608268574645,"sharpe":-2.8715556687125368,"calmar":-61.628945724331516,"sqn":-0.9923,"profit_factor":0.3208921808049364,"max_drawdown_account":0.026405045520000045,"max_drawdown_abs":26.405045519999998},"worst_pair":{"key":"DOGE/USDT","trades":21,"profit_mean":-0.0038060642561010927,"profit_mean_pct":-0.38,"profit_total_abs":-26.40504552,"profit_total":-0.02640504552,"profit_total_pct":-2.64,"duration_avg":"5:26:00","wins":3,"draws":15,"losses":3,"winrate":0.14285714285714285,"cagr":-0.2702669330096842,"expectancy":-1.25738312,"expectancy_ratio":-0.8113011170278662,"sortino":-2.79608268574645,"sharpe":-2.8715556687125368,"calmar":-61.628945724331516,"sqn":-0.9923,"profit_factor":0.3208921808049364,"max_drawdown_account":0.026405045520000045,"max_drawdown_abs":26.405045519999998},"results_per_pair":[{"key":"DOGE/USDT","trades":21,"profit_mean":-0.0038060642561010927,"profit_mean_pct":-0.38,"profit_total_abs":-26.40504552,"profit_total":-0.02640504552,"profit_total_pct":-2.64,"duration_avg":"5:26:00","wins":3,"draws":15,"losses":3,"winrate":0.14285714285714285,"cagr":-0.2702669330096842,"expectancy":-1.25738312,"expectancy_ratio":-0.8113011170278662,"sortino":-2.79608268574645,"sharpe":-2.8715556687125368,"calmar":-61.628945724331516,"sqn":-0.9923,"profit_factor":0.3208921808049364,"max_drawdown_account":0.026405045520000045,"max_drawdown_abs":26.405045519999998},{"key":"TOTAL","trades":21,"profit_mean":-0.0038060642561010927,"profit_mean_pct":-0.38,"profit_total_abs":-26.40504552,"profit_total":-0.02640504552,"profit_total_pct":-2.64,"duration_avg":"5:26:00","wins":3,"draws":15,"losses":3,"winrate":0.14285714285714285,"cagr":-0.2702669330096842,"expectancy":-1.25738312,"expectancy_ratio":-0.8113011170278662,"sortino":-2.79608268574645,"sharpe":-2.8715556687125368,"calmar":-61.628945724331516,"sqn":-0.9923,"profit_factor":0.3208921808049364,"max_drawdown_account":0.026405045520000045,"max_drawdown_abs":26.405045519999998}],"results_per_enter_tag":[{"key":"","trades":21,"profit_mean":-0.0038060642561010927,"profit_mean_pct":-0.38,"profit_total_abs":-26.40504552,"profit_total":-0.02640504552,"profit_total_pct":-2.64,"duration_avg":"5:26:00","wins":3,"draws":15,"losses":3,"winrate":0.14285714285714285,"cagr":-0.2702669330096842,"expectancy":-1.25738312,"expectancy_ratio":-0.8113011170278662,"sortino":-2.79608268574645,"sharpe":-2.8715556687125368,"calmar":-61.628945724331516,"sqn":-0.9923,"profit_factor":0.3208921808049364,"max_drawdown_account":0.026405045520000045,"max_drawdown_abs":26.405045519999998},{"key":"TOTAL","trades":21,"profit_mean":-0.0038060642561010927,"profit_mean_pct":-0.38,"profit_total_abs":-26.40504552,"profit_total":-0.02640504552,"profit_total_pct":-2.64,"duration_avg":"5:26:00","wins":3,"draws":15,"losses":3,"winrate":0.14285714285714285,"cagr":-0.2702669330096842,"expectancy":-1.25738312,"expectancy_ratio":-0.8113011170278662,"sortino":-2.79608268574645,"sharpe":-2.8715556687125368,"calmar":-61.628945724331516,"sqn":-0.9923,"profit_factor":0.3208921808049364,"max_drawdown_account":0.026405045520000045,"max_drawdown_abs":26.405045519999998}],"exit_reason_summary":[{"key":"roi","trades":18,"profit_mean":0.002130631408240871,"profit_mean_pct":0.21,"profit_total_abs":12.4769181,"profit_total":0.012476918100000001,"profit_total_pct":1.25,"duration_avg":"3:57:00","wins":3,"draws":15,"losses":0,"winrate":0.16666666666666666,"cagr":0.15719241119845262,"expectancy":0.6931621166666667,"expectancy_ratio":100.0,"sortino":-100,"sharpe":3.375325424773127,"calmar":-100,"sqn":1.2545,"profit_factor":0.0,"max_drawdown_account":0.0,"max_drawdown_abs":0.0},{"key":"force_exit","trades":1,"profit_mean":-0.014637274950754576,"profit_mean_pct":-1.46,"profit_total_abs":-4.73004752,"profit_total":-0.00473004752,"profit_total_pct":-0.47,"duration_avg":"5:00:00","wins":0,"draws":0,"losses":1,"winrate":0.0,"cagr":-0.05429502648289397,"expectancy":-4.73004752,"expectancy_ratio":-1.0,"sortino":-100,"sharpe":-100,"calmar":-61.628945724331984,"sqn":-100.0,"profit_factor":0.0,"max_drawdown_account":0.004730047519999971,"max_drawdown_abs":4.73004752},{"key":"stop_loss","trades":2,"profit_mean":-0.05182071988785202,"profit_mean_pct":-5.18,"profit_total_abs":-34.1519161,"profit_total":-0.0341519161,"profit_total_pct":-3.42,"duration_avg":"19:00:00","wins":0,"draws":0,"losses":2,"winrate":0.0,"cagr":-0.33577754097338464,"expectancy":-17.07595805,"expectancy_ratio":-1.0,"sortino":-629.343052310157,"sharpe":-629.343052310157,"calmar":-61.62894572433162,"sqn":-510.5905,"profit_factor":0.0,"max_drawdown_account":0.03415191609999999,"max_drawdown_abs":34.1519161},{"key":"TOTAL","trades":21,"profit_mean":-0.0038060642561010927,"profit_mean_pct":-0.38,"profit_total_abs":-26.40504552,"profit_total":-0.02640504552,"profit_total_pct":-2.64,"duration_avg":"5:26:00","wins":3,"draws":15,"losses":3,"winrate":0.14285714285714285,"cagr":-0.2702669330096842,"expectancy":-1.25738312,"expectancy_ratio":-0.8113011170278662,"sortino":-2.79608268574645,"sharpe":-2.8715556687125368,"calmar":-61.628945724331516,"sqn":-0.9923,"profit_factor":0.3208921808049364,"max_drawdown_account":0.026405045520000045,"max_drawdown_abs":26.405045519999998}],"mix_tag_stats":[{"key":["","roi"],"trades":18,"profit_mean":0.002130631408240871,"profit_mean_pct":0.21,"profit_total_abs":12.4769181,"profit_total":0.012476918100000001,"profit_total_pct":1.25,"duration_avg":"3:57:00","wins":3,"draws":15,"losses":0,"winrate":0.16666666666666666,"cagr":0.15719241119845262,"expectancy":0.6931621166666667,"expectancy_ratio":100.0,"sortino":-100,"sharpe":3.375325424773127,"calmar":-100,"sqn":1.2545,"profit_factor":0.0,"max_drawdown_account":0.0,"max_drawdown_abs":0.0},{"key":["","force_exit"],"trades":1,"profit_mean":-0.014637274950754576,"profit_mean_pct":-1.46,"profit_total_abs":-4.73004752,"profit_total":-0.00473004752,"profit_total_pct":-0.47,"duration_avg":"5:00:00","wins":0,"draws":0,"losses":1,"winrate":0.0,"cagr":-0.05429502648289397,"expectancy":-4.73004752,"expectancy_ratio":-1.0,"sortino":-100,"sharpe":-100,"calmar":-61.628945724331984,"sqn":-100.0,"profit_factor":0.0,"max_drawdown_account":0.004730047519999971,"max_drawdown_abs":4.73004752},{"key":["","stop_loss"],"trades":2,"profit_mean":-0.05182071988785202,"profit_mean_pct":-5.18,"profit_total_abs":-34.1519161,"profit_total":-0.0341519161,"profit_total_pct":-3.42,"duration_avg":"19:00:00","wins":0,"draws":0,"losses":2,"winrate":0.0,"cagr":-0.33577754097338464,"expectancy":-17.07595805,"expectancy_ratio":-1.0,"sortino":-629.343052310157,"sharpe":-629.343052310157,"calmar":-61.62894572433162,"sqn":-510.5905,"profit_factor":0.0,"max_drawdown_account":0.03415191609999999,"max_drawdown_abs":34.1519161},{"key":"TOTAL","trades":21,"profit_mean":-0.0038060642561010927,"profit_mean_pct":-0.38,"profit_total_abs":-26.40504552,"profit_total":-0.02640504552,"profit_total_pct":-2.64,"duration_avg":"5:26:00","wins":3,"draws":15,"losses":3,"winrate":0.14285714285714285,"cagr":-0.2702669330096842,"expectancy":-1.25738312,"expectancy_ratio":-0.8113011170278662,"sortino":-2.79608268574645,"sharpe":-2.8715556687125368,"calmar":-61.628945724331516,"sqn":-0.9923,"profit_factor":0.3208921808049364,"max_drawdown_account":0.026405045520000045,"max_drawdown_abs":26.405045519999998}],"left_open_trades":[{"key":"DOGE/USDT","trades":1,"profit_mean":-0.014637274950754576,"profit_mean_pct":-1.46,"profit_total_abs":-4.73004752,"profit_total":-0.00473004752,"profit_total_pct":-0.47,"duration_avg":"5:00:00","wins":0,"draws":0,"losses":1,"winrate":0.0,"cagr":-0.05429502648289397,"expectancy":-4.73004752,"expectancy_ratio":-1.0,"sortino":-100,"sharpe":-100,"calmar":-61.628945724331984,"sqn":-100.0,"profit_factor":0.0,"max_drawdown_account":0.004730047519999971,"max_drawdown_abs":4.73004752},{"key":"TOTAL","trades":1,"profit_mean":-0.014637274950754576,"profit_mean_pct":-1.46,"profit_total_abs":-4.73004752,"profit_total":-0.00473004752,"profit_total_pct":-0.47,"duration_avg":"5:00:00","wins":0,"draws":0,"losses":1,"winrate":0.0,"cagr":-0.05429502648289397,"expectancy":-4.73004752,"expectancy_ratio":-1.0,"sortino":-100,"sharpe":-100,"calmar":-61.628945724331984,"sqn":-100.0,"profit_factor":0.0,"max_drawdown_account":0.004730047519999971,"max_drawdown_abs":4.73004752}],"total_trades":21,"trade_count_long":21,"trade_count_short":0,"total_volume":13684.991494829306,"avg_stake_amount":325.81080714285713,"profit_mean":-0.0038060642561010927,"profit_median":0.0,"profit_total":-0.02640504552,"profit_total_long":-0.02640504552,"profit_total_short":0.0,"profit_total_abs":-26.40504552,"profit_total_long_abs":-26.40504552,"profit_total_short_abs":0.0,"cagr":-0.2702669330096842,"expectancy":-1.25738312,"expectancy_ratio":-0.8113011170278662,"sortino":-2.79608268574645,"sharpe":-2.8715556687125368,"calmar":-61.628945724331516,"sqn":-0.9923,"profit_factor":0.3208921808049364,"backtest_start":"2024-01-01 00:00:00","backtest_start_ts":1704067200000,"backtest_end":"2024-02-01 00:00:00","backtest_end_ts":1706745600000,"backtest_days":31,"backtest_run_start_ts":1767736108,"backtest_run_end_ts":1767736108,"trades_per_day":0.68,"market_change":-0.1200044528553935,"pairlist":["DOGE/USDT"],"stake_amount":"unlimited","stake_currency":"USDT","stake_currency_decimals":3,"starting_balance":1000,"dry_run_wallet":1000,"final_balance":973.59495448,"rejected_signals":0,"timedout_entry_orders":0,"timedout_exit_orders":0,"canceled_trade_entries":0,"canceled_entry_orders":0,"replaced_entry_orders":0,"max_open_trades":1,"max_open_trades_setting":3,"timeframe":"1h","timeframe_detail":"","timerange":"20240101-20240201","enable_protections":false,"strategy_name":"ACO_1_6","freqaimodel":null,"freqai_identifier":null,"stoploss":-0.05,"trailing_stop":false,"trailing_stop_positive":null,"trailing_stop_positive_offset":0.0,"trailing_only_offset_is_reached":false,"use_custom_stoploss":false,"minimal_roi":{"0":0.1,"60":0.05,"120":0.0},"use_exit_signal":true,"exit_profit_only":false,"exit_profit_offset":0.0,"ignore_roi_if_entry_signal":false,"trading_mode":"spot","margin_mode":"","periodic_breakdown":{"day":[{"date":"04/01/2024","date_ts":1704326400000,"profit_abs":0.0,"wins":0,"draws":1,"losses":0,"trades":1,"profit_factor":0.0},{"date":"05/01/2024","date_ts":1704412800000,"profit_abs":0.0,"wins":0,"draws":1,"losses":0,"trades":1,"profit_factor":0.0},{"date":"06/01/2024","date_ts":1704499200000,"profit_abs":0.0,"wins":0,"draws":1,"losses":0,"trades":1,"profit_factor":0.0},{"date":"07/01/2024","date_ts":1704585600000,"profit_abs":0.0,"wins":0,"draws":0,"losses":0,"trades":0,"profit_factor":0.0},{"date":"08/01/2024","date_ts":1704672000000,"profit_abs":-16.310423,"wins":1,"draws":0,"losses":1,"trades":2,"profit_factor":0.04669822},{"date":"09/01/2024","date_ts":1704758400000,"profit_abs":0.0,"wins":0,"draws":1,"losses":0,"trades":1,"profit_factor":0.0},{"date":"10/01/2024","date_ts":1704844800000,"profit_abs":9.91572694,"wins":1,"draws":2,"losses":0,"trades":3,"profit_factor":0.0},{"date":"11/01/2024","date_ts":1704931200000,"profit_abs":0.0,"wins":0,"draws":0,"losses":0,"trades":0,"profit_factor":0.0},{"date":"12/01/2024","date_ts":1705017600000,"profit_abs":0.0,"wins":0,"draws":0,"losses":0,"trades":0,"profit_factor":0.0},{"date":"13/01/2024","date_ts":1705104000000,"profit_abs":0.0,"wins":0,"draws":0,"losses":0,"trades":0,"profit_factor":0.0},{"date":"14/01/2024","date_ts":1705190400000,"profit_abs":0.0,"wins":0,"draws":1,"losses":0,"trades":1,"profit_factor":0.0},{"date":"15/01/2024","date_ts":1705276800000,"profit_abs":0.0,"wins":0,"draws":2,"losses":0,"trades":2,"profit_factor":0.0},{"date":"16/01/2024","date_ts":1705363200000,"profit_abs":1.76221256,"wins":1,"draws":0,"losses":0,"trades":1,"profit_factor":0.0},{"date":"17/01/2024","date_ts":1705449600000,"profit_abs":0.0,"wins":0,"draws":0,"losses":0,"trades":0,"profit_factor":0.0},{"date":"18/01/2024","date_ts":1705536000000,"profit_abs":0.0,"wins":0,"draws":0,"losses":0,"trades":0,"profit_factor":0.0},{"date":"19/01/2024","date_ts":1705622400000,"profit_abs":-17.0425145,"wins":0,"draws":2,"losses":1,"trades":3,"profit_factor":0.0},{"date":"20/01/2024","date_ts":1705708800000,"profit_abs":0.0,"wins":0,"draws":0,"losses":0,"trades":0,"profit_factor":0.0},{"date":"21/01/2024","date_ts":1705795200000,"profit_abs":0.0,"wins":0,"draws":0,"losses":0,"trades":0,"profit_factor":0.0},{"date":"22/01/2024","date_ts":1705881600000,"profit_abs":0.0,"wins":0,"draws":0,"losses":0,"trades":0,"profit_factor":0.0},{"date":"23/01/2024","date_ts":1705968000000,"profit_abs":0.0,"wins":0,"draws":0,"losses":0,"trades":0,"profit_factor":0.0},{"date":"24/01/2024","date_ts":1706054400000,"profit_abs":0.0,"wins":0,"draws":1,"losses":0,"trades":1,"profit_factor":0.0},{"date":"25/01/2024","date_ts":1706140800000,"profit_abs":0.0,"wins":0,"draws":0,"losses":0,"trades":0,"profit_factor":0.0},{"date":"26/01/2024","date_ts":1706227200000,"profit_abs":0.0,"wins":0,"draws":1,"losses":0,"trades":1,"profit_factor":0.0},{"date":"27/01/2024","date_ts":1706313600000,"profit_abs":0.0,"wins":0,"draws":0,"losses":0,"trades":0,"profit_factor":0.0},{"date":"28/01/2024","date_ts":1706400000000,"profit_abs":0.0,"wins":0,"draws":1,"losses":0,"trades":1,"profit_factor":0.0},{"date":"29/01/2024","date_ts":1706486400000,"profit_abs":0.0,"wins":0,"draws":1,"losses":0,"trades":1,"profit_factor":0.0},{"date":"30/01/2024","date_ts":1706572800000,"profit_abs":0.0,"wins":0,"draws":0,"losses":0,"trades":0,"profit_factor":0.0},{"date":"31/01/2024","date_ts":1706659200000,"profit_abs":0.0,"wins":0,"draws":0,"losses":0,"trades":0,"profit_factor":0.0},{"date":"01/02/2024","date_ts":1706745600000,"profit_abs":-4.73004752,"wins":0,"draws":0,"losses":1,"trades":1,"profit_factor":0.0}],"week":[{"date":"08/01/2024","date_ts":1704672000000,"profit_abs":-16.310423,"wins":1,"draws":3,"losses":1,"trades":5,"profit_factor":0.04669822},{"date":"15/01/2024","date_ts":1705276800000,"profit_abs":9.91572694,"wins":1,"draws":6,"losses":0,"trades":7,"profit_factor":0.0},{"date":"22/01/2024","date_ts":1705881600000,"profit_abs":-15.28030194,"wins":1,"draws":2,"losses":1,"trades":4,"profit_factor":0.10340097},{"date":"29/01/2024","date_ts":1706486400000,"profit_abs":0.0,"wins":0,"draws":4,"losses":0,"trades":4,"profit_factor":0.0},{"date":"05/02/2024","date_ts":1707091200000,"profit_abs":-4.73004752,"wins":0,"draws":0,"losses":1,"trades":1,"profit_factor":0.0}],"month":[{"date":"31/01/2024","date_ts":1706659200000,"profit_abs":-21.674998,"wins":3,"draws":15,"losses":2,"trades":20,"profit_factor":0.36533581},{"date":"29/02/2024","date_ts":1709164800000,"profit_abs":-4.73004752,"wins":0,"draws":0,"losses":1,"trades":1,"profit_factor":0.0}],"year":[{"date":"31/12/2024","date_ts":1735603200000,"profit_abs":-26.40504552,"wins":3,"draws":15,"losses":3,"trades":21,"profit_factor":0.32089218}],"weekday":[{"date":"Monday","date_ts":0,"profit_abs":-16.310423,"wins":1,"draws":3,"losses":1,"trades":5,"profit_factor":0.04669822},{"date":"Tuesday","date_ts":1,"profit_abs":1.76221256,"wins":1,"draws":1,"losses":0,"trades":2,"profit_factor":0.0},{"date":"Wednesday","date_ts":2,"profit_abs":9.91572694,"wins":1,"draws":3,"losses":0,"trades":4,"profit_factor":0.0},{"date":"Thursday","date_ts":3,"profit_abs":-4.73004752,"wins":0,"draws":1,"losses":1,"trades":2,"profit_factor":0.0},{"date":"Friday","date_ts":4,"profit_abs":-17.0425145,"wins":0,"draws":4,"losses":1,"trades":5,"profit_factor":0.0},{"date":"Saturday","date_ts":5,"profit_abs":0.0,"wins":0,"draws":1,"losses":0,"trades":1,"profit_factor":0.0},{"date":"Sunday","date_ts":6,"profit_abs":0.0,"wins":0,"draws":2,"losses":0,"trades":2,"profit_factor":0.0}]},"backtest_best_day":0.03052088098817071,"backtest_worst_day":-0.05184244433222002,"backtest_best_day_abs":9.91572694,"backtest_worst_day_abs":-17.0425145,"winning_days":2,"draw_days":24,"losing_days":3,"daily_profit":[["2024-01-04",0.0],["2024-01-05",0.0],["2024-01-06",0.0],["2024-01-07",0.0],["2024-01-08",-16.310423],["2024-01-09",0.0],["2024-01-10",9.91572694],["2024-01-11",0.0],["2024-01-12",0.0],["2024-01-13",0.0],["2024-01-14",0.0],["2024-01-15",0.0],["2024-01-16",1.76221256],["2024-01-17",0.0],["2024-01-18",0.0],["2024-01-19",-17.0425145],["2024-01-20",0.0],["2024-01-21",0.0],["2024-01-22",0.0],["2024-01-23",0.0],["2024-01-24",0.0],["2024-01-25",0.0],["2024-01-26",0.0],["2024-01-27",0.0],["2024-01-28",0.0],["2024-01-29",0.0],["2024-01-30",0.0],["2024-01-31",0.0],["2024-02-01",-4.73004752]],"wins":3,"losses":3,"draws":15,"winrate":0.14285714285714285,"holding_avg":"5:26:00","holding_avg_s":19560.0,"winner_holding_min":"0d 02:00","winner_holding_min_s":7200.0,"winner_holding_max":"0d 02:00","winner_holding_max_s":7200.0,"winner_holding_avg":"0d 02:00","winner_holding_avg_s":7200.0,"loser_holding_min":"0d 05:00","loser_holding_min_s":18000.0,"loser_holding_max":"1d 02:00","loser_holding_max_s":93600.0,"loser_holding_avg":"0d 14:20","loser_holding_avg_s":51600.0,"max_consecutive_wins":1,"max_consecutive_losses":8,"max_drawdown_account":0.026405045520000045,"max_relative_drawdown":0.026405045520000045,"max_drawdown_abs":26.405045519999998,"drawdown_start":"2024-01-04 09:00:00","drawdown_start_ts":1704358800000.0,"drawdown_end":"2024-02-01 00:00:00","drawdown_end_ts":1706745600000.0,"drawdown_duration":"27 days 15:00:00","drawdown_duration_s":2386800.0,"max_drawdown_low":-26.405045519999998,"max_drawdown_high":0.0,"csum_min":973.59495448,"csum_max":1000.0}},"strategy_comparison":[{"key":"ACO_1_6","trades":21,"profit_mean":-0.0038060642561010927,"profit_mean_pct":-0.38,"profit_total_abs":-26.40504552,"profit_total":-0.02640504552,"profit_total_pct":-2.64,"duration_avg":"5:26:00","wins":3,"draws":15,"losses":3,"winrate":0.14285714285714285,"cagr":-0.2702669330096842,"expectancy":-1.25738312,"expectancy_ratio":-0.8113011170278662,"sortino":-2.79608268574645,"sharpe":-2.8715556687125368,"calmar":-61.628945724331516,"sqn":-0.9923,"profit_factor":0.3208921808049364,"max_drawdown_account":0.026405045520000045,"max_drawdown_abs":"26.405"}]}