{"strategy":{"ACO_13_2":{"trades":[{"pair":"DOGE/USDT","stake_amount":329.9829,"max_stake_amount":329.9829,"amount":1266.0,"open_date":"2025-10-03 16:00:00+00:00","close_date":"2025-10-03 19:00:00+00:00","open_rate":0.26065,"close_rate":0.2611718218218218,"fee_open":0.001,"fee_close":0.001,"trade_duration":180,"profit_ratio":0.0,"profit_abs":0.0,"exit_reason":"roi","initial_stop_loss_abs":0.24762,"initial_stop_loss_ratio":-0.05,"stop_loss_abs":0.24762,"stop_loss_ratio":-0.05,"min_rate":0.25505,"max_rate":0.26534,"is_open":false,"enter_tag":"","leverage":1.0,"is_short":false,"open_timestamp":1759507200000,"close_timestamp":1759518000000,"orders":[{"amount":1266.0,"safe_price":0.26065,"ft_order_side":"buy","order_filled_timestamp":1759507200000,"ft_is_entry":true,"ft_order_tag":"","cost":330.3128828999999},{"amount":1266.0,"safe_price":0.2611718218218218,"ft_order_side":"sell","order_filled_timestamp":1759518000000,"ft_is_entry":false,"ft_order_tag":"roi","cost":330.9741699528528}],"funding_fees":0.0,"weekday":4},{"pair":"DOGE/USDT","stake_amount":329.8338,"max_stake_amount":329.8338,"amount":1285.0,"open_date":"2025-10-05 03:00:00+00:00","close_date":"2025-10-05 05:00:00+00:00","open_rate":0.25668,"close_rate":0.2625,"fee_open":0.001,"fee_close":0.001,"trade_duration":120,"profit_ratio":0.020630841808962425,"profit_abs":6.8115537,"exit_reason":"roi","initial_stop_loss_abs":0.24385,"initial_stop_loss_ratio":-0.05,"stop_loss_abs":0.24385,"stop_loss_ratio":-0.05,"min_rate":0.25522,"max_rate":0.26398,"is_open":false,"enter_tag":"","leverage":1.0,"is_short":false,"open_timestamp":1759633200000,"close_timestamp":1759640400000,"orders":[{"amount":1285.0,"safe_price":0.25668,"ft_order_side":"buy","order_filled_timestamp":1759633200000,"ft_is_entry":true,"ft_order_tag":"","cost":330.16363379999996},{"amount":1285.0,"safe_price":0.2625,"ft_order_side":"sell","order_filled_timestamp":1759640400000,"ft_is_entry":false,"ft_order_tag":"roi","cost":337.64981249999994}],"funding_fees":0.0,"weekday":6},{"pair":"DOGE/USDT","stake_amount":332.1363,"max_stake_amount":332.1363,"amount":1290.0,"open_date":"2025-10-06 09:00:00+00:00","close_date":"2025-10-06 11:00:00+00:00","open_rate":0.25747,"close_rate":0.25909,"fee_open":0.001,"fee_close":0.001,"trade_duration":120,"profit_ratio":0.0042814217669540616,"profit_abs":1.4234376,"exit_reason":"roi","initial_stop_loss_abs":0.2446,"initial_stop_loss_ratio":-0.05,"stop_loss_abs":0.2446,"stop_loss_ratio":-0.05,"min_rate":0.25731,"max_rate":0.26191,"is_open":false,"enter_tag":"","leverage":1.0,"is_short":false,"open_timestamp":1759741200000,"close_timestamp":1759748400000,"orders":[{"amount":1290.0,"safe_price":0.25747,"ft_order_side":"buy","order_filled_timestamp":1759741200000,"ft_is_entry":true,"ft_order_tag":"","cost":332.4684362999999},{"amount":1290.0,"safe_price":0.25909,"ft_order_side":"sell","order_filled_timestamp":1759748400000,"ft_is_entry":false,"ft_order_tag":"roi","cost":334.56032609999994}],"funding_fees":0.0,"weekday":0},{"pair":"DOGE/USDT","stake_amount":332.6184,"max_stake_amount":332.6184,"amount":1296.0,"open_date":"2025-10-08 17:00:00+00:00","close_date":"2025-10-08 19:00:00+00:00","open_rate":0.25665,"close_rate":0.25855,"fee_open":0.001,"fee_close":0.001,"trade_duration":120,"profit_ratio":0.0053902847590749405,"profit_abs":1.7947008,"exit_reason":"roi","initial_stop_loss_abs":0.24382,"initial_stop_loss_ratio":-0.05,"stop_loss_abs":0.24382,"stop_loss_ratio":-0.05,"min_rate":0.25663,"max_rate":0.2611,"is_open":false,"enter_tag":"","leverage":1.0,"is_short":false,"open_timestamp":1759942800000,"close_timestamp":1759950000000,"orders":[{"amount":1296.0,"safe_price":0.25665,"ft_order_side":"buy","order_filled_timestamp":1759942800000,"ft_is_entry":true,"ft_order_tag":"","cost":332.95101839999995},{"amount":1296.0,"safe_price":0.25855,"ft_order_side":"sell","order_filled_timestamp":1759950000000,"ft_is_entry":false,"ft_order_tag":"roi","cost":335.41588079999997}],"funding_fees":0.0,"weekday":2},{"pair":"DOGE/USDT","stake_amount":333.1106,"max_stake_amount":333.1106,"amount":1340.0,"open_date":"2025-10-10 03:00:00+00:00","close_date":"2025-10-10 05:00:00+00:00","open_rate":0.24859,"close_rate":0.25115,"fee_open":0.001,"fee_close":0.001,"trade_duration":120,"profit_ratio":0.008279503593072121,"profit_abs":2.7607484,"exit_reason":"roi","initial_stop_loss_abs":0.23617,"initial_stop_loss_ratio":-0.05,"stop_loss_abs":0.23617,"stop_loss_ratio":-0.05,"min_rate":0.24717,"max_rate":0.25347,"is_open":false,"enter_tag":"","leverage":1.0,"is_short":false,"open_timestamp":1760065200000,"close_timestamp":1760072400000,"orders":[{"amount":1340.0,"safe_price":0.24859,"ft_order_side":"buy","order_filled_timestamp":1760065200000,"ft_is_entry":true,"ft_order_tag":"","cost":333.4437106},{"amount":1340.0,"safe_price":0.25115,"ft_order_side":"sell","order_filled_timestamp":1760072400000,"ft_is_entry":false,"ft_order_tag":"roi","cost":336.87754099999995}],"funding_fees":0.0,"weekday":4},{"pair":"DOGE/USDT","stake_amount":334.17306,"max_stake_amount":334.17306,"amount":1629.0,"open_date":"2025-10-12 16:00:00+00:00","close_date":"2025-10-12 18:00:00+00:00","open_rate":0.20514,"close_rate":0.20679,"fee_open":0.001,"fee_close":0.001,"trade_duration":120,"profit_ratio":0.006029215008448704,"profit_abs":2.01681603,"exit_reason":"roi","initial_stop_loss_abs":0.19489,"initial_stop_loss_ratio":-0.05,"stop_loss_abs":0.19489,"stop_loss_ratio":-0.05,"min_rate":0.20397,"max_rate":0.2095,"is_open":false,"enter_tag":"","leverage":1.0,"is_short":false,"open_timestamp":1760284800000,"close_timestamp":1760292000000,"orders":[{"amount":1629.0,"safe_price":0.20514,"ft_order_side":"buy","order_filled_timestamp":1760284800000,"ft_is_entry":true,"ft_order_tag":"","cost":334.5072330599999},{"amount":1629.0,"safe_price":0.20679,"ft_order_side":"sell","order_filled_timestamp":1760292000000,"ft_is_entry":false,"ft_order_tag":"roi","cost":337.19777091}],"funding_fees":0.0,"weekday":6},{"pair":"DOGE/USDT","stake_amount":334.82294,"max_stake_amount":334.82294,"amount":1634.0,"open_date":"2025-10-15 03:00:00+00:00","close_date":"2025-10-15 08:00:00+00:00","open_rate":0.20491,"close_rate":0.20532023023023022,"fee_open":0.001,"fee_close":0.001,"trade_duration":300,"profit_ratio":0.0,"profit_abs":0.0,"exit_reason":"roi","initial_stop_loss_abs":0.19467,"initial_stop_loss_ratio":-0.05,"stop_loss_abs":0.19467,"stop_loss_ratio":-0.05,"min_rate":0.2015,"max_rate":0.20853,"is_open":false,"enter_tag":"","leverage":1.0,"is_short":false,"open_timestamp":1760497200000,"close_timestamp":1760515200000,"orders":[{"amount":1634.0,"safe_price":0.20491,"ft_order_side":"buy","order_filled_timestamp":1760497200000,"ft_is_entry":true,"ft_order_tag":"","cost":335.15776294},{"amount":1634.0,"safe_price":0.20532023023023022,"ft_order_side":"sell","order_filled_timestamp":1760515200000,"ft_is_entry":false,"ft_order_tag":"roi","cost":335.82874945239234}],"funding_fees":0.0,"weekday":2},{"pair":"DOGE/USDT","stake_amount":334.85022,"max_stake_amount":334.85022,"amount":1674.0,"open_date":"2025-10-16 13:00:00+00:00","close_date":"2025-10-16 15:00:00+00:00","open_rate":0.20003,"close_rate":0.19003,"fee_open":0.001,"fee_close":0.001,"trade_duration":120,"profit_ratio":-0.051890618005700745,"profit_abs":-17.39296044,"exit_reason":"stop_loss","initial_stop_loss_abs":0.19003,"initial_stop_loss_ratio":-0.05,"stop_loss_abs":0.19003,"stop_loss_ratio":-0.05,"min_rate":0.18784,"max_rate":0.20035,"is_open":false,"enter_tag":"","leverage":1.0,"is_short":false,"open_timestamp":1760619600000,"close_timestamp":1760626800000,"orders":[{"amount":1674.0,"safe_price":0.20003,"ft_order_side":"buy","order_filled_timestamp":1760619600000,"ft_is_entry":true,"ft_order_tag":"","cost":335.18507022},{"amount":1674.0,"safe_price":0.19003,"ft_order_side":"sell","order_filled_timestamp":1760626800000,"ft_is_entry":false,"ft_order_tag":"stop_loss","cost":318.42833021999996}],"funding_fees":0.0,"weekday":3},{"pair":"DOGE/USDT","stake_amount":329.12056,"max_stake_amount":329.12056,"amount":1754.0,"open_date":"2025-10-18 02:00:00+00:00","close_date":"2025-10-18 07:00:00+00:00","open_rate":0.18764,"close_rate":0.18801565565565564,"fee_open":0.001,"fee_close":0.001,"trade_duration":300,"profit_ratio":0.0,"profit_abs":0.0,"exit_reason":"roi","initial_stop_loss_abs":0.17826,"initial_stop_loss_ratio":-0.05,"stop_loss_abs":0.17826,"stop_loss_ratio":-0.05,"min_rate":0.18505,"max_rate":0.18988,"is_open":false,"enter_tag":"","leverage":1.0,"is_short":false,"open_timestamp":1760752800000,"close_timestamp":1760770800000,"orders":[{"amount":1754.0,"safe_price":0.18764,"ft_order_side":"buy","order_filled_timestamp":1760752800000,"ft_is_entry":true,"ft_order_tag":"","cost":329.44968056},{"amount":1754.0,"safe_price":0.18801565565565564,"ft_order_side":"sell","order_filled_timestamp":1760770800000,"ft_is_entry":false,"ft_order_tag":"roi","cost":330.10923948004}],"funding_fees":0.0,"weekday":5},{"pair":"DOGE/USDT","stake_amount":329.084,"max_stake_amount":329.084,"amount":1610.0,"open_date":"2025-10-21 16:00:00+00:00","close_date":"2025-10-21 23:00:00+00:00","open_rate":0.2044,"close_rate":0.19418,"fee_open":0.001,"fee_close":0.001,"trade_duration":420,"profit_ratio":-0.0518981018981019,"profit_abs":-17.0959138,"exit_reason":"stop_loss","initial_stop_loss_abs":0.19418,"initial_stop_loss_ratio":-0.05,"stop_loss_abs":0.19418,"stop_loss_ratio":-0.05,"min_rate":0.19362,"max_rate":0.205,"is_open":false,"enter_tag":"","leverage":1.0,"is_short":false,"open_timestamp":1761062400000,"close_timestamp":1761087600000,"orders":[{"amount":1610.0,"safe_price":0.2044,"ft_order_side":"buy","order_filled_timestamp":1761062400000,"ft_is_entry":true,"ft_order_tag":"","cost":329.41308399999997},{"amount":1610.0,"safe_price":0.19418,"ft_order_side":"sell","order_filled_timestamp":1761087600000,"ft_is_entry":false,"ft_order_tag":"stop_loss","cost":312.94242979999996}],"funding_fees":0.0,"weekday":1},{"pair":"DOGE/USDT","stake_amount":323.3182,"max_stake_amount":323.3182,"amount":1660.0,"open_date":"2025-10-23 07:00:00+00:00","close_date":"2025-10-23 10:00:00+00:00","open_rate":0.19477,"close_rate":0.19515992992992992,"fee_open":0.001,"fee_close":0.001,"trade_duration":180,"profit_ratio":0.0,"profit_abs":0.0,"exit_reason":"roi","initial_stop_loss_abs":0.18504,"initial_stop_loss_ratio":-0.05,"stop_loss_abs":0.18504,"stop_loss_ratio":-0.05,"min_rate":0.1931,"max_rate":0.19598,"is_open":false,"enter_tag":"","leverage":1.0,"is_short":false,"open_timestamp":1761202800000,"close_timestamp":1761213600000,"orders":[{"amount":1660.0,"safe_price":0.19477,"ft_order_side":"buy","order_filled_timestamp":1761202800000,"ft_is_entry":true,"ft_order_tag":"","cost":323.64151819999995},{"amount":1660.0,"safe_price":0.19515992992992992,"ft_order_side":"sell","order_filled_timestamp":1761213600000,"ft_is_entry":false,"ft_order_tag":"roi","cost":324.2894491673673}],"funding_fees":0.0,"weekday":3},{"pair":"DOGE/USDT","stake_amount":323.44056,"max_stake_amount":323.44056,"amount":1644.0,"open_date":"2025-10-24 20:00:00+00:00","close_date":"2025-10-24 22:00:00+00:00","open_rate":0.19674,"close_rate":0.19815,"fee_open":0.001,"fee_close":0.001,"trade_duration":120,"profit_ratio":0.005154497835193169,"profit_abs":1.66884084,"exit_reason":"roi","initial_stop_loss_abs":0.18691,"initial_stop_loss_ratio":-0.05,"stop_loss_abs":0.18691,"stop_loss_ratio":-0.05,"min_rate":0.19664,"max_rate":0.1985,"is_open":false,"enter_tag":"","leverage":1.0,"is_short":false,"open_timestamp":1761336000000,"close_timestamp":1761343200000,"orders":[{"amount":1644.0,"safe_price":0.19674,"ft_order_side":"buy","order_filled_timestamp":1761336000000,"ft_is_entry":true,"ft_order_tag":"","cost":323.76400055999994},{"amount":1644.0,"safe_price":0.19815,"ft_order_side":"sell","order_filled_timestamp":1761343200000,"ft_is_entry":false,"ft_order_tag":"roi","cost":326.0843586}],"funding_fees":0.0,"weekday":4},{"pair":"DOGE/USDT","stake_amount":323.91834,"max_stake_amount":323.91834,"amount":1623.0,"open_date":"2025-10-26 10:00:00+00:00","close_date":"2025-10-26 12:00:00+00:00","open_rate":0.19958,"close_rate":0.20183,"fee_open":0.001,"fee_close":0.001,"trade_duration":120,"profit_ratio":0.009253147894294303,"profit_abs":3.00026157,"exit_reason":"roi","initial_stop_loss_abs":0.18961,"initial_stop_loss_ratio":-0.05,"stop_loss_abs":0.18961,"stop_loss_ratio":-0.05,"min_rate":0.19833,"max_rate":0.20286,"is_open":false,"enter_tag":"","leverage":1.0,"is_short":false,"open_timestamp":1761472800000,"close_timestamp":1761480000000,"orders":[{"amount":1623.0,"safe_price":0.19958,"ft_order_side":"buy","order_filled_timestamp":1761472800000,"ft_is_entry":true,"ft_order_tag":"","cost":324.24225834},{"amount":1623.0,"safe_price":0.20183,"ft_order_side":"sell","order_filled_timestamp":1761480000000,"ft_is_entry":false,"ft_order_tag":"roi","cost":327.89766008999993}],"funding_fees":0.0,"weekday":6},{"pair":"DOGE/USDT","stake_amount":324.97407,"max_stake_amount":324.97407,"amount":1583.0,"open_date":"2025-10-27 18:00:00+00:00","close_date":"2025-10-28 20:00:00+00:00","open_rate":0.20529,"close_rate":0.19503,"fee_open":0.001,"fee_close":0.001,"trade_duration":1560,"profit_ratio":-0.051876225484292125,"profit_abs":-16.87528656,"exit_reason":"stop_loss","initial_stop_loss_abs":0.19503,"initial_stop_loss_ratio":-0.05,"stop_loss_abs":0.19503,"stop_loss_ratio":-0.05,"min_rate":0.19189,"max_rate":0.20569,"is_open":false,"enter_tag":"","leverage":1.0,"is_short":false,"open_timestamp":1761588000000,"close_timestamp":1761681600000,"orders":[{"amount":1583.0,"safe_price":0.20529,"ft_order_side":"buy","order_filled_timestamp":1761588000000,"ft_is_entry":true,"ft_order_tag":"","cost":325.2990440699999},{"amount":1583.0,"safe_price":0.19503,"ft_order_side":"sell","order_filled_timestamp":1761681600000,"ft_is_entry":false,"ft_order_tag":"stop_loss","cost":309.04122249}],"funding_fees":0.0,"weekday":1},{"pair":"DOGE/USDT","stake_amount":319.34876,"max_stake_amount":319.34876,"amount":1721.0,"open_date":"2025-10-31 11:00:00+00:00","close_date":"2025-10-31 13:00:00+00:00","open_rate":0.18556,"close_rate":0.18593149149149146,"fee_open":0.001,"fee_close":0.001,"trade_duration":120,"profit_ratio":0.0,"profit_abs":0.0,"exit_reason":"roi","initial_stop_loss_abs":0.17629,"initial_stop_loss_ratio":-0.05,"stop_loss_abs":0.17629,"stop_loss_ratio":-0.05,"min_rate":0.18458,"max_rate":0.18734,"is_open":false,"enter_tag":"","leverage":1.0,"is_short":false,"open_timestamp":1761908400000,"close_timestamp":1761915600000,"orders":[{"amount":1721.0,"safe_price":0.18556,"ft_order_side":"buy","order_filled_timestamp":1761908400000,"ft_is_entry":true,"ft_order_tag":"","cost":319.66810876},{"amount":1721.0,"safe_price":0.18593149149149146,"ft_order_side":"sell","order_filled_timestamp":1761915600000,"ft_is_entry":false,"ft_order_tag":"roi","cost":320.30808495371366}],"funding_fees":0.0,"weekday":4},{"pair":"DOGE/USDT","stake_amount":319.44598,"max_stake_amount":319.44598,"amount":1699.0,"open_date":"2025-11-02 05:00:00+00:00","close_date":"2025-11-02 07:00:00+00:00","open_rate":0.18802,"close_rate":0.18839641641641638,"fee_open":0.001,"fee_close":0.001,"trade_duration":120,"profit_ratio":0.0,"profit_abs":0.0,"exit_reason":"roi","initial_stop_loss_abs":0.17862,"initial_stop_loss_ratio":-0.05,"stop_loss_abs":0.17862,"stop_loss_ratio":-0.05,"min_rate":0.18701,"max_rate":0.18884,"is_open":false,"enter_tag":"","leverage":1.0,"is_short":false,"open_timestamp":1762059600000,"close_timestamp":1762066800000,"orders":[{"amount":1699.0,"safe_price":0.18802,"ft_order_side":"buy","order_filled_timestamp":1762059600000,"ft_is_entry":true,"ft_order_tag":"","cost":319.7654259799999},{"amount":1699.0,"safe_price":0.18839641641641638,"ft_order_side":"sell","order_filled_timestamp":1762066800000,"ft_is_entry":false,"ft_order_tag":"roi","cost":320.4055970029829}],"funding_fees":0.0,"weekday":6},{"pair":"DOGE/USDT","stake_amount":319.32947,"max_stake_amount":319.32947,"amount":1931.0,"open_date":"2025-11-05 07:00:00+00:00","close_date":"2025-11-05 13:00:00+00:00","open_rate":0.16537,"close_rate":0.16570107107107104,"fee_open":0.001,"fee_close":0.001,"trade_duration":360,"profit_ratio":0.0,"profit_abs":0.0,"exit_reason":"roi","initial_stop_loss_abs":0.15711,"initial_stop_loss_ratio":-0.05,"stop_loss_abs":0.15711,"stop_loss_ratio":-0.05,"min_rate":0.161,"max_rate":0.16617,"is_open":false,"enter_tag":"","leverage":1.0,"is_short":false,"open_timestamp":1762326000000,"close_timestamp":1762347600000,"orders":[{"amount":1931.0,"safe_price":0.16537,"ft_order_side":"buy","order_filled_timestamp":1762326000000,"ft_is_entry":true,"ft_order_tag":"","cost":319.6487994699999},{"amount":1931.0,"safe_price":0.16570107107107104,"ft_order_side":"sell","order_filled_timestamp":1762347600000,"ft_is_entry":false,"ft_order_tag":"roi","cost":320.28873700647637}],"funding_fees":0.0,"weekday":2},{"pair":"DOGE/USDT","stake_amount":319.33205,"max_stake_amount":319.33205,"amount":1943.0,"open_date":"2025-11-07 04:00:00+00:00","close_date":"2025-11-07 06:00:00+00:00","open_rate":0.16435,"close_rate":0.16623,"fee_open":0.001,"fee_close":0.001,"trade_duration":120,"profit_ratio":0.00941814498248937,"profit_abs":3.01052306,"exit_reason":"roi","initial_stop_loss_abs":0.15614,"initial_stop_loss_ratio":-0.05,"stop_loss_abs":0.15614,"stop_loss_ratio":-0.05,"min_rate":0.16366,"max_rate":0.16649,"is_open":false,"enter_tag":"","leverage":1.0,"is_short":false,"open_timestamp":1762488000000,"close_timestamp":1762495200000,"orders":[{"amount":1943.0,"safe_price":0.16435,"ft_order_side":"buy","order_filled_timestamp":1762488000000,"ft_is_entry":true,"ft_order_tag":"","cost":319.65138204999994},{"amount":1943.0,"safe_price":0.16623,"ft_order_side":"sell","order_filled_timestamp":1762495200000,"ft_is_entry":false,"ft_order_tag":"roi","cost":323.30787488999994}],"funding_fees":0.0,"weekday":4},{"pair":"DOGE/USDT","stake_amount":320.3112,"max_stake_amount":320.3112,"amount":1936.0,"open_date":"2025-11-07 15:00:00+00:00","close_date":"2025-11-07 16:00:00+00:00","open_rate":0.16545,"close_rate":0.174062012012012,"fee_open":0.001,"fee_close":0.001,"trade_duration":60,"profit_ratio":0.04995004995004996,"profit_abs":16.01556,"exit_reason":"roi","initial_stop_loss_abs":0.15718,"initial_stop_loss_ratio":-0.05,"stop_loss_abs":0.15718,"stop_loss_ratio":-0.05,"min_rate":0.16408,"max_rate":0.17555,"is_open":false,"enter_tag":"","leverage":1.0,"is_short":false,"open_timestamp":1762527600000,"close_timestamp":1762531200000,"orders":[{"amount":1936.0,"safe_price":0.16545,"ft_order_side":"buy","order_filled_timestamp":1762527600000,"ft_is_entry":true,"ft_order_tag":"","cost":320.63151120000003},{"amount":1936.0,"safe_price":0.174062012012012,"ft_order_side":"sell","order_filled_timestamp":1762531200000,"ft_is_entry":false,"ft_order_tag":"roi","cost":337.32103931051046}],"funding_fees":0.0,"weekday":4},{"pair":"DOGE/USDT","stake_amount":325.72813,"max_stake_amount":325.72813,"amount":1841.0,"open_date":"2025-11-09 15:00:00+00:00","close_date":"2025-11-09 17:00:00+00:00","open_rate":0.17693,"close_rate":0.17869,"fee_open":0.001,"fee_close":0.001,"trade_duration":120,"profit_ratio":0.007929559842745848,"profit_abs":2.58546358,"exit_reason":"roi","initial_stop_loss_abs":0.16809,"initial_stop_loss_ratio":-0.05,"stop_loss_abs":0.16809,"stop_loss_ratio":-0.05,"min_rate":0.17671,"max_rate":0.17933,"is_open":false,"enter_tag":"","leverage":1.0,"is_short":false,"open_timestamp":1762700400000,"close_timestamp":1762707600000,"orders":[{"amount":1841.0,"safe_price":0.17693,"ft_order_side":"buy","order_filled_timestamp":1762700400000,"ft_is_entry":true,"ft_order_tag":"","cost":326.05385813},{"amount":1841.0,"safe_price":0.17869,"ft_order_side":"sell","order_filled_timestamp":1762707600000,"ft_is_entry":false,"ft_order_tag":"roi","cost":329.29725828999995}],"funding_fees":0.0,"weekday":6},{"pair":"DOGE/USDT","stake_amount":326.49292,"max_stake_amount":326.49292,"amount":1781.0,"open_date":"2025-11-10 23:00:00+00:00","close_date":"2025-11-11 01:00:00+00:00","open_rate":0.18332,"close_rate":0.183687007007007,"fee_open":0.001,"fee_close":0.001,"trade_duration":120,"profit_ratio":0.0,"profit_abs":0.0,"exit_reason":"roi","initial_stop_loss_abs":0.17416,"initial_stop_loss_ratio":-0.05,"stop_loss_abs":0.17416,"stop_loss_ratio":-0.05,"min_rate":0.17933,"max_rate":0.1864,"is_open":false,"enter_tag":"","leverage":1.0,"is_short":false,"open_timestamp":1762815600000,"close_timestamp":1762822800000,"orders":[{"amount":1781.0,"safe_price":0.18332,"ft_order_side":"buy","order_filled_timestamp":1762815600000,"ft_is_entry":true,"ft_order_tag":"","cost":326.81941292},{"amount":1781.0,"safe_price":0.183687007007007,"ft_order_side":"sell","order_filled_timestamp":1762822800000,"ft_is_entry":false,"ft_order_tag":"roi","cost":327.4737060389589}],"funding_fees":0.0,"weekday":1},{"pair":"DOGE/USDT","stake_amount":326.4325,"max_stake_amount":326.4325,"amount":1850.0,"open_date":"2025-11-12 13:00:00+00:00","close_date":"2025-11-12 19:00:00+00:00","open_rate":0.17645,"close_rate":0.16763,"fee_open":0.001,"fee_close":0.001,"trade_duration":360,"profit_ratio":-0.05188396188679555,"profit_abs":-16.953548,"exit_reason":"stop_loss","initial_stop_loss_abs":0.16763,"initial_stop_loss_ratio":-0.05,"stop_loss_abs":0.16763,"stop_loss_ratio":-0.05,"min_rate":0.16721,"max_rate":0.17855,"is_open":false,"enter_tag":"","leverage":1.0,"is_short":false,"open_timestamp":1762952400000,"close_timestamp":1762974000000,"orders":[{"amount":1850.0,"safe_price":0.17645,"ft_order_side":"buy","order_filled_timestamp":1762952400000,"ft_is_entry":true,"ft_order_tag":"","cost":326.75893249999996},{"amount":1850.0,"safe_price":0.16763,"ft_order_side":"sell","order_filled_timestamp":1762974000000,"ft_is_entry":false,"ft_order_tag":"stop_loss","cost":310.42561549999994}],"funding_fees":0.0,"weekday":2},{"pair":"DOGE/USDT","stake_amount":320.90269,"max_stake_amount":320.90269,"amount":1823.0,"open_date":"2025-11-13 06:00:00+00:00","close_date":"2025-11-13 08:00:00+00:00","open_rate":0.17603,"close_rate":0.1763824124124124,"fee_open":0.001,"fee_close":0.001,"trade_duration":120,"profit_ratio":0.0,"profit_abs":0.0,"exit_reason":"roi","initial_stop_loss_abs":0.16723,"initial_stop_loss_ratio":-0.05,"stop_loss_abs":0.16723,"stop_loss_ratio":-0.05,"min_rate":0.17519,"max_rate":0.17709,"is_open":false,"enter_tag":"","leverage":1.0,"is_short":false,"open_timestamp":1763013600000,"close_timestamp":1763020800000,"orders":[{"amount":1823.0,"safe_price":0.17603,"ft_order_side":"buy","order_filled_timestamp":1763013600000,"ft_is_entry":true,"ft_order_tag":"","cost":321.22359269},{"amount":1823.0,"safe_price":0.1763824124124124,"ft_order_side":"sell","order_filled_timestamp":1763020800000,"ft_is_entry":false,"ft_order_tag":"roi","cost":321.8666829656556}],"funding_fees":0.0,"weekday":3},{"pair":"DOGE/USDT","stake_amount":320.8824,"max_stake_amount":320.8824,"amount":1968.0,"open_date":"2025-11-15 08:00:00+00:00","close_date":"2025-11-15 13:00:00+00:00","open_rate":0.16305,"close_rate":0.16337642642642639,"fee_open":0.001,"fee_close":0.001,"trade_duration":300,"profit_ratio":0.0,"profit_abs":0.0,"exit_reason":"roi","initial_stop_loss_abs":0.1549,"initial_stop_loss_ratio":-0.05,"stop_loss_abs":0.1549,"stop_loss_ratio":-0.05,"min_rate":0.16077,"max_rate":0.16385,"is_open":false,"enter_tag":"","leverage":1.0,"is_short":false,"open_timestamp":1763193600000,"close_timestamp":1763211600000,"orders":[{"amount":1968.0,"safe_price":0.16305,"ft_order_side":"buy","order_filled_timestamp":1763193600000,"ft_is_entry":true,"ft_order_tag":"","cost":321.2032824},{"amount":1968.0,"safe_price":0.16337642642642639,"ft_order_side":"sell","order_filled_timestamp":1763211600000,"ft_is_entry":false,"ft_order_tag":"roi","cost":321.8463320144143}],"funding_fees":0.0,"weekday":5},{"pair":"DOGE/USDT","stake_amount":320.9505,"max_stake_amount":320.9505,"amount":1963.0,"open_date":"2025-11-15 14:00:00+00:00","close_date":"2025-11-15 17:00:00+00:00","open_rate":0.1635,"close_rate":0.16382732732732733,"fee_open":0.001,"fee_close":0.001,"trade_duration":180,"profit_ratio":0.0,"profit_abs":0.0,"exit_reason":"roi","initial_stop_loss_abs":0.15533,"initial_stop_loss_ratio":-0.05,"stop_loss_abs":0.15533,"stop_loss_ratio":-0.05,"min_rate":0.16209,"max_rate":0.16482,"is_open":false,"enter_tag":"","leverage":1.0,"is_short":false,"open_timestamp":1763215200000,"close_timestamp":1763226000000,"orders":[{"amount":1963.0,"safe_price":0.1635,"ft_order_side":"buy","order_filled_timestamp":1763215200000,"ft_is_entry":true,"ft_order_tag":"","cost":321.2714505},{"amount":1963.0,"safe_price":0.16382732732732733,"ft_order_side":"sell","order_filled_timestamp":1763226000000,"ft_is_entry":false,"ft_order_tag":"roi","cost":321.91463658708705}],"funding_fees":0.0,"weekday":5},{"pair":"DOGE/USDT","stake_amount":320.9108,"max_stake_amount":320.9108,"amount":1960.0,"open_date":"2025-11-16 03:00:00+00:00","close_date":"2025-11-16 05:00:00+00:00","open_rate":0.16373,"close_rate":0.16405778778778773,"fee_open":0.001,"fee_close":0.001,"trade_duration":120,"profit_ratio":0.0,"profit_abs":0.0,"exit_reason":"roi","initial_stop_loss_abs":0.15555,"initial_stop_loss_ratio":-0.05,"stop_loss_abs":0.15555,"stop_loss_ratio":-0.05,"min_rate":0.16271,"max_rate":0.16445,"is_open":false,"enter_tag":"","leverage":1.0,"is_short":false,"open_timestamp":1763262000000,"close_timestamp":1763269200000,"orders":[{"amount":1960.0,"safe_price":0.16373,"ft_order_side":"buy","order_filled_timestamp":1763262000000,"ft_is_entry":true,"ft_order_tag":"","cost":321.2317108},{"amount":1960.0,"safe_price":0.16405778778778773,"ft_order_side":"sell","order_filled_timestamp":1763269200000,"ft_is_entry":false,"ft_order_tag":"roi","cost":321.874817328128}],"funding_fees":0.0,"weekday":6},{"pair":"DOGE/USDT","stake_amount":320.8676,"max_stake_amount":320.8676,"amount":1990.0,"open_date":"2025-11-17 06:00:00+00:00","close_date":"2025-11-17 08:00:00+00:00","open_rate":0.16124,"close_rate":0.16186,"fee_open":0.001,"fee_close":0.001,"trade_duration":120,"profit_ratio":0.0018395149876171953,"profit_abs":0.590831,"exit_reason":"roi","initial_stop_loss_abs":0.15318,"initial_stop_loss_ratio":-0.05,"stop_loss_abs":0.15318,"stop_loss_ratio":-0.05,"min_rate":0.16069,"max_rate":0.16239,"is_open":false,"enter_tag":"","leverage":1.0,"is_short":false,"open_timestamp":1763359200000,"close_timestamp":1763366400000,"orders":[{"amount":1990.0,"safe_price":0.16124,"ft_order_side":"buy","order_filled_timestamp":1763359200000,"ft_is_entry":true,"ft_order_tag":"","cost":321.18846759999997},{"amount":1990.0,"safe_price":0.16186,"ft_order_side":"sell","order_filled_timestamp":1763366400000,"ft_is_entry":false,"ft_order_tag":"roi","cost":322.42350139999996}],"funding_fees":0.0,"weekday":0},{"pair":"DOGE/USDT","stake_amount":321.18108,"max_stake_amount":321.18108,"amount":2046.0,"open_date":"2025-11-18 12:00:00+00:00","close_date":"2025-11-18 14:00:00+00:00","open_rate":0.15698,"close_rate":0.15729427427427425,"fee_open":0.001,"fee_close":0.001,"trade_duration":120,"profit_ratio":0.0,"profit_abs":0.0,"exit_reason":"roi","initial_stop_loss_abs":0.14914,"initial_stop_loss_ratio":-0.05,"stop_loss_abs":0.14914,"stop_loss_ratio":-0.05,"min_rate":0.15584,"max_rate":0.15876,"is_open":false,"enter_tag":"","leverage":1.0,"is_short":false,"open_timestamp":1763467200000,"close_timestamp":1763474400000,"orders":[{"amount":2046.0,"safe_price":0.15698,"ft_order_side":"buy","order_filled_timestamp":1763467200000,"ft_is_entry":true,"ft_order_tag":"","cost":321.50226108},{"amount":2046.0,"safe_price":0.15729427427427425,"ft_order_side":"sell","order_filled_timestamp":1763474400000,"ft_is_entry":false,"ft_order_tag":"roi","cost":322.14590925033025}],"funding_fees":0.0,"weekday":1},{"pair":"DOGE/USDT","stake_amount":321.15788,"max_stake_amount":321.15788,"amount":2027.0,"open_date":"2025-11-20 05:00:00+00:00","close_date":"2025-11-20 12:00:00+00:00","open_rate":0.15844,"close_rate":0.15875719719719716,"fee_open":0.001,"fee_close":0.001,"trade_duration":420,"profit_ratio":0.0,"profit_abs":0.0,"exit_reason":"roi","initial_stop_loss_abs":0.15052,"initial_stop_loss_ratio":-0.05,"stop_loss_abs":0.15052,"stop_loss_ratio":-0.05,"min_rate":0.15638,"max_rate":0.15925,"is_open":false,"enter_tag":"","leverage":1.0,"is_short":false,"open_timestamp":1763614800000,"close_timestamp":1763640000000,"orders":[{"amount":2027.0,"safe_price":0.15844,"ft_order_side":"buy","order_filled_timestamp":1763614800000,"ft_is_entry":true,"ft_order_tag":"","cost":321.47903787999996},{"amount":2027.0,"safe_price":0.15875719719719716,"ft_order_side":"sell","order_filled_timestamp":1763640000000,"ft_is_entry":false,"ft_order_tag":"roi","cost":322.1226395574373}],"funding_fees":0.0,"weekday":3},{"pair":"DOGE/USDT","stake_amount":321.0915,"max_stake_amount":321.0915,"amount":2270.0,"open_date":"2025-11-22 23:00:00+00:00","close_date":"2025-11-23 01:00:00+00:00","open_rate":0.14145,"close_rate":0.14173318318318318,"fee_open":0.001,"fee_close":0.001,"trade_duration":120,"profit_ratio":0.0,"profit_abs":0.0,"exit_reason":"roi","initial_stop_loss_abs":0.13438,"initial_stop_loss_ratio":-0.05,"stop_loss_abs":0.13438,"stop_loss_ratio":-0.05,"min_rate":0.13966,"max_rate":0.14227,"is_open":false,"enter_tag":"","leverage":1.0,"is_short":false,"open_timestamp":1763852400000,"close_timestamp":1763859600000,"orders":[{"amount":2270.0,"safe_price":0.14145,"ft_order_side":"buy","order_filled_timestamp":1763852400000,"ft_is_entry":true,"ft_order_tag":"","cost":321.41259149999996},{"amount":2270.0,"safe_price":0.14173318318318318,"ft_order_side":"sell","order_filled_timestamp":1763859600000,"ft_is_entry":false,"ft_order_tag":"roi","cost":322.0560601516516}],"funding_fees":0.0,"weekday":6},{"pair":"DOGE/USDT","stake_amount":321.15356,"max_stake_amount":321.15356,"amount":2126.0,"open_date":"2025-11-25 19:00:00+00:00","close_date":"2025-11-25 21:00:00+00:00","open_rate":0.15106,"close_rate":0.1529,"fee_open":0.001,"fee_close":0.001,"trade_duration":120,"profit_ratio":0.010158251651697965,"profit_abs":3.26562104,"exit_reason":"roi","initial_stop_loss_abs":0.14351,"initial_stop_loss_ratio":-0.05,"stop_loss_abs":0.14351,"stop_loss_ratio":-0.05,"min_rate":0.14842,"max_rate":0.15362,"is_open":false,"enter_tag":"","leverage":1.0,"is_short":false,"open_timestamp":1764097200000,"close_timestamp":1764104400000,"orders":[{"amount":2126.0,"safe_price":0.15106,"ft_order_side":"buy","order_filled_timestamp":1764097200000,"ft_is_entry":true,"ft_order_tag":"","cost":321.47471356},{"amount":2126.0,"safe_price":0.1529,"ft_order_side":"sell","order_filled_timestamp":1764104400000,"ft_is_entry":false,"ft_order_tag":"roi","cost":325.3904654}],"funding_fees":0.0,"weekday":1},{"pair":"DOGE/USDT","stake_amount":322.20537,"max_stake_amount":322.20537,"amount":2069.0,"open_date":"2025-11-26 18:00:00+00:00","close_date":"2025-11-26 20:00:00+00:00","open_rate":0.15573,"close_rate":0.15604177177177178,"fee_open":0.001,"fee_close":0.001,"trade_duration":120,"profit_ratio":0.0,"profit_abs":0.0,"exit_reason":"roi","initial_stop_loss_abs":0.14795,"initial_stop_loss_ratio":-0.05,"stop_loss_abs":0.14795,"stop_loss_ratio":-0.05,"min_rate":0.15507,"max_rate":0.15681,"is_open":false,"enter_tag":"","leverage":1.0,"is_short":false,"open_timestamp":1764180000000,"close_timestamp":1764187200000,"orders":[{"amount":2069.0,"safe_price":0.15573,"ft_order_side":"buy","order_filled_timestamp":1764180000000,"ft_is_entry":true,"ft_order_tag":"","cost":322.52757536999997},{"amount":2069.0,"safe_price":0.15604177177177178,"ft_order_side":"sell","order_filled_timestamp":1764187200000,"ft_is_entry":false,"ft_order_tag":"roi","cost":323.1732762215916}],"funding_fees":0.0,"weekday":2},{"pair":"DOGE/USDT","stake_amount":322.23828,"max_stake_amount":322.23828,"amount":2093.0,"open_date":"2025-11-27 20:00:00+00:00","close_date":"2025-11-28 15:00:00+00:00","open_rate":0.15396,"close_rate":0.15426822822822822,"fee_open":0.001,"fee_close":0.001,"trade_duration":1140,"profit_ratio":0.0,"profit_abs":0.0,"exit_reason":"roi","initial_stop_loss_abs":0.14627,"initial_stop_loss_ratio":-0.05,"stop_loss_abs":0.14627,"stop_loss_ratio":-0.05,"min_rate":0.14961,"max_rate":0.15554,"is_open":false,"enter_tag":"","leverage":1.0,"is_short":false,"open_timestamp":1764273600000,"close_timestamp":1764342000000,"orders":[{"amount":2093.0,"safe_price":0.15396,"ft_order_side":"buy","order_filled_timestamp":1764273600000,"ft_is_entry":true,"ft_order_tag":"","cost":322.56051828},{"amount":2093.0,"safe_price":0.15426822822822822,"ft_order_side":"sell","order_filled_timestamp":1764342000000,"ft_is_entry":false,"ft_order_tag":"roi","cost":323.2062850833633}],"funding_fees":0.0,"weekday":4},{"pair":"DOGE/USDT","stake_amount":322.28096,"max_stake_amount":322.28096,"amount":2096.0,"open_date":"2025-11-28 16:00:00+00:00","close_date":"2025-11-30 23:00:00+00:00","open_rate":0.15376,"close_rate":0.14608,"fee_open":0.001,"fee_close":0.001,"trade_duration":3300,"profit_ratio":-0.05184617671610387,"profit_abs":-16.72574464,"exit_reason":"stop_loss","initial_stop_loss_abs":0.14608,"initial_stop_loss_ratio":-0.05,"stop_loss_abs":0.14608,"stop_loss_ratio":-0.05,"min_rate":0.14588,"max_rate":0.15379,"is_open":false,"enter_tag":"","leverage":1.0,"is_short":false,"open_timestamp":1764345600000,"close_timestamp":1764543600000,"orders":[{"amount":2096.0,"safe_price":0.15376,"ft_order_side":"buy","order_filled_timestamp":1764345600000,"ft_is_entry":true,"ft_order_tag":"","cost":322.60324095999994},{"amount":2096.0,"safe_price":0.14608,"ft_order_side":"sell","order_filled_timestamp":1764543600000,"ft_is_entry":false,"ft_order_tag":"stop_loss","cost":306.4898636799999}],"funding_fees":0.0,"weekday":6},{"pair":"DOGE/USDT","stake_amount":316.64037,"max_stake_amount":316.64037,"amount":2293.0,"open_date":"2025-12-02 14:00:00+00:00","close_date":"2025-12-02 15:00:00+00:00","open_rate":0.13809,"close_rate":0.14527786786786784,"fee_open":0.001,"fee_close":0.001,"trade_duration":60,"profit_ratio":0.04995004995004995,"profit_abs":15.8320185,"exit_reason":"roi","initial_stop_loss_abs":0.13119,"initial_stop_loss_ratio":-0.05,"stop_loss_abs":0.13119,"stop_loss_ratio":-0.05,"min_rate":0.13789,"max_rate":0.14783,"is_open":false,"enter_tag":"","leverage":1.0,"is_short":false,"open_timestamp":1764684000000,"close_timestamp":1764687600000,"orders":[{"amount":2293.0,"safe_price":0.13809,"ft_order_side":"buy","order_filled_timestamp":1764684000000,"ft_is_entry":true,"ft_order_tag":"","cost":316.9570103699999},{"amount":2293.0,"safe_price":0.14527786786786784,"ft_order_side":"sell","order_filled_timestamp":1764687600000,"ft_is_entry":false,"ft_order_tag":"roi","cost":333.4552731720419}],"funding_fees":0.0,"weekday":1},{"pair":"DOGE/USDT","stake_amount":321.90598,"max_stake_amount":321.90598,"amount":2299.0,"open_date":"2025-12-07 05:00:00+00:00","close_date":"2025-12-07 07:00:00+00:00","open_rate":0.14002,"close_rate":0.14076,"fee_open":0.001,"fee_close":0.001,"trade_duration":120,"profit_ratio":0.003276397934303948,"profit_abs":1.05574678,"exit_reason":"roi","initial_stop_loss_abs":0.13302,"initial_stop_loss_ratio":-0.05,"stop_loss_abs":0.13302,"stop_loss_ratio":-0.05,"min_rate":0.13934,"max_rate":0.1409,"is_open":false,"enter_tag":"","leverage":1.0,"is_short":false,"open_timestamp":1765083600000,"close_timestamp":1765090800000,"orders":[{"amount":2299.0,"safe_price":0.14002,"ft_order_side":"buy","order_filled_timestamp":1765083600000,"ft_is_entry":true,"ft_order_tag":"","cost":322.22788597999994},{"amount":2299.0,"safe_price":0.14076,"ft_order_side":"sell","order_filled_timestamp":1765090800000,"ft_is_entry":false,"ft_order_tag":"roi","cost":323.93084723999993}],"funding_fees":0.0,"weekday":6},{"pair":"DOGE/USDT","stake_amount":322.20254,"max_stake_amount":322.20254,"amount":2266.0,"open_date":"2025-12-07 19:00:00+00:00","close_date":"2025-12-08 07:00:00+00:00","open_rate":0.14219,"close_rate":0.14247466466466466,"fee_open":0.001,"fee_close":0.001,"trade_duration":720,"profit_ratio":0.0,"profit_abs":0.0,"exit_reason":"roi","initial_stop_loss_abs":0.13509,"initial_stop_loss_ratio":-0.05,"stop_loss_abs":0.13509,"stop_loss_ratio":-0.05,"min_rate":0.13584,"max_rate":0.14263,"is_open":false,"enter_tag":"","leverage":1.0,"is_short":false,"open_timestamp":1765134000000,"close_timestamp":1765177200000,"orders":[{"amount":2266.0,"safe_price":0.14219,"ft_order_side":"buy","order_filled_timestamp":1765134000000,"ft_is_entry":true,"ft_order_tag":"","cost":322.52474254},{"amount":2266.0,"safe_price":0.14247466466466466,"ft_order_side":"sell","order_filled_timestamp":1765177200000,"ft_is_entry":false,"ft_order_tag":"roi","cost":323.1704377202602}],"funding_fees":0.0,"weekday":0},{"pair":"DOGE/USDT","stake_amount":322.2989,"max_stake_amount":322.2989,"amount":2203.0,"open_date":"2025-12-09 16:00:00+00:00","close_date":"2025-12-09 18:00:00+00:00","open_rate":0.1463,"close_rate":0.15095,"fee_open":0.001,"fee_close":0.001,"trade_duration":120,"profit_ratio":0.029722498963783994,"profit_abs":9.58910825,"exit_reason":"roi","initial_stop_loss_abs":0.13899,"initial_stop_loss_ratio":-0.05,"stop_loss_abs":0.13899,"stop_loss_ratio":-0.05,"min_rate":0.1463,"max_rate":0.15319,"is_open":false,"enter_tag":"","leverage":1.0,"is_short":false,"open_timestamp":1765296000000,"close_timestamp":1765303200000,"orders":[{"amount":2203.0,"safe_price":0.1463,"ft_order_side":"buy","order_filled_timestamp":1765296000000,"ft_is_entry":true,"ft_order_tag":"","cost":322.62119889999997},{"amount":2203.0,"safe_price":0.15095,"ft_order_side":"sell","order_filled_timestamp":1765303200000,"ft_is_entry":false,"ft_order_tag":"roi","cost":332.87539284999997}],"funding_fees":0.0,"weekday":1},{"pair":"DOGE/USDT","stake_amount":325.45118,"max_stake_amount":325.45118,"amount":2206.0,"open_date":"2025-12-10 20:00:00+00:00","close_date":"2025-12-11 01:00:00+00:00","open_rate":0.14753,"close_rate":0.14016,"fee_open":0.001,"fee_close":0.001,"trade_duration":300,"profit_ratio":-0.051854131092252155,"profit_abs":-16.89286414,"exit_reason":"stop_loss","initial_stop_loss_abs":0.14016,"initial_stop_loss_ratio":-0.05,"stop_loss_abs":0.14016,"stop_loss_ratio":-0.05,"min_rate":0.13944,"max_rate":0.15031,"is_open":false,"enter_tag":"","leverage":1.0,"is_short":false,"open_timestamp":1765396800000,"close_timestamp":1765414800000,"orders":[{"amount":2206.0,"safe_price":0.14753,"ft_order_side":"buy","order_filled_timestamp":1765396800000,"ft_is_entry":true,"ft_order_tag":"","cost":325.7766311799999},{"amount":2206.0,"safe_price":0.14016,"ft_order_side":"sell","order_filled_timestamp":1765414800000,"ft_is_entry":false,"ft_order_tag":"stop_loss","cost":309.50215296}],"funding_fees":0.0,"weekday":3},{"pair":"DOGE/USDT","stake_amount":319.91388,"max_stake_amount":319.91388,"amount":2266.0,"open_date":"2025-12-12 03:00:00+00:00","close_date":"2025-12-12 06:00:00+00:00","open_rate":0.14118,"close_rate":0.14146264264264263,"fee_open":0.001,"fee_close":0.001,"trade_duration":180,"profit_ratio":0.0,"profit_abs":0.0,"exit_reason":"roi","initial_stop_loss_abs":0.13413,"initial_stop_loss_ratio":-0.05,"stop_loss_abs":0.13413,"stop_loss_ratio":-0.05,"min_rate":0.13976,"max_rate":0.14155,"is_open":false,"enter_tag":"","leverage":1.0,"is_short":false,"open_timestamp":1765508400000,"close_timestamp":1765519200000,"orders":[{"amount":2266.0,"safe_price":0.14118,"ft_order_side":"buy","order_filled_timestamp":1765508400000,"ft_is_entry":true,"ft_order_tag":"","cost":320.23379387999995},{"amount":2266.0,"safe_price":0.14146264264264263,"ft_order_side":"sell","order_filled_timestamp":1765519200000,"ft_is_entry":false,"ft_order_tag":"roi","cost":320.8749025764564}],"funding_fees":0.0,"weekday":4},{"pair":"DOGE/USDT","stake_amount":319.8735,"max_stake_amount":319.8735,"amount":2293.0,"open_date":"2025-12-13 11:00:00+00:00","close_date":"2025-12-13 15:00:00+00:00","open_rate":0.1395,"close_rate":0.13977927927927927,"fee_open":0.001,"fee_close":0.001,"trade_duration":240,"profit_ratio":0.0,"profit_abs":0.0,"exit_reason":"roi","initial_stop_loss_abs":0.13253,"initial_stop_loss_ratio":-0.05,"stop_loss_abs":0.13253,"stop_loss_ratio":-0.05,"min_rate":0.13854,"max_rate":0.14002,"is_open":false,"enter_tag":"","leverage":1.0,"is_short":false,"open_timestamp":1765623600000,"close_timestamp":1765638000000,"orders":[{"amount":2293.0,"safe_price":0.1395,"ft_order_side":"buy","order_filled_timestamp":1765623600000,"ft_is_entry":true,"ft_order_tag":"","cost":320.1933735},{"amount":2293.0,"safe_price":0.13977927927927927,"ft_order_side":"sell","order_filled_timestamp":1765638000000,"ft_is_entry":false,"ft_order_tag":"roi","cost":320.83440127477473}],"funding_fees":0.0,"weekday":5},{"pair":"DOGE/USDT","stake_amount":319.91193,"max_stake_amount":319.91193,"amount":2337.0,"open_date":"2025-12-15 07:00:00+00:00","close_date":"2025-12-15 09:00:00+00:00","open_rate":0.13689,"close_rate":0.13716405405405405,"fee_open":0.001,"fee_close":0.001,"trade_duration":120,"profit_ratio":0.0,"profit_abs":0.0,"exit_reason":"roi","initial_stop_loss_abs":0.13005,"initial_stop_loss_ratio":-0.05,"stop_loss_abs":0.13005,"stop_loss_ratio":-0.05,"min_rate":0.13601,"max_rate":0.13738,"is_open":false,"enter_tag":"","leverage":1.0,"is_short":false,"open_timestamp":1765782000000,"close_timestamp":1765789200000,"orders":[{"amount":2337.0,"safe_price":0.13689,"ft_order_side":"buy","order_filled_timestamp":1765782000000,"ft_is_entry":true,"ft_order_tag":"","cost":320.23184193000003},{"amount":2337.0,"safe_price":0.13716405405405405,"ft_order_side":"sell","order_filled_timestamp":1765789200000,"ft_is_entry":false,"ft_order_tag":"roi","cost":320.8729467186486}],"funding_fees":0.0,"weekday":0},{"pair":"DOGE/USDT","stake_amount":319.91559,"max_stake_amount":319.91559,"amount":2411.0,"open_date":"2025-12-16 16:00:00+00:00","close_date":"2025-12-16 18:00:00+00:00","open_rate":0.13269,"close_rate":0.13295564564564563,"fee_open":0.001,"fee_close":0.001,"trade_duration":120,"profit_ratio":0.0,"profit_abs":0.0,"exit_reason":"roi","initial_stop_loss_abs":0.12606,"initial_stop_loss_ratio":-0.05,"stop_loss_abs":0.12606,"stop_loss_ratio":-0.05,"min_rate":0.13095,"max_rate":0.133,"is_open":false,"enter_tag":"","leverage":1.0,"is_short":false,"open_timestamp":1765900800000,"close_timestamp":1765908000000,"orders":[{"amount":2411.0,"safe_price":0.13269,"ft_order_side":"buy","order_filled_timestamp":1765900800000,"ft_is_entry":true,"ft_order_tag":"","cost":320.23550558999995},{"amount":2411.0,"safe_price":0.13295564564564563,"ft_order_side":"sell","order_filled_timestamp":1765908000000,"ft_is_entry":false,"ft_order_tag":"roi","cost":320.87661771330323}],"funding_fees":0.0,"weekday":1},{"pair":"DOGE/USDT","stake_amount":319.92792,"max_stake_amount":319.92792,"amount":2379.0,"open_date":"2025-12-17 15:00:00+00:00","close_date":"2025-12-17 16:00:00+00:00","open_rate":0.13448,"close_rate":0.12776,"fee_open":0.001,"fee_close":0.001,"trade_duration":60,"profit_ratio":-0.05186841712719166,"profit_abs":-16.61074896,"exit_reason":"stop_loss","initial_stop_loss_abs":0.12776,"initial_stop_loss_ratio":-0.05,"stop_loss_abs":0.12776,"stop_loss_ratio":-0.05,"min_rate":0.12583,"max_rate":0.13631,"is_open":false,"enter_tag":"","leverage":1.0,"is_short":false,"open_timestamp":1765983600000,"close_timestamp":1765987200000,"orders":[{"amount":2379.0,"safe_price":0.13448,"ft_order_side":"buy","order_filled_timestamp":1765983600000,"ft_is_entry":true,"ft_order_tag":"","cost":320.2478479199999},{"amount":2379.0,"safe_price":0.12776,"ft_order_side":"sell","order_filled_timestamp":1765987200000,"ft_is_entry":false,"ft_order_tag":"stop_loss","cost":304.24498104}],"funding_fees":0.0,"weekday":2},{"pair":"DOGE/USDT","stake_amount":314.37172,"max_stake_amount":314.37172,"amount":2444.0,"open_date":"2025-12-18 15:00:00+00:00","close_date":"2025-12-18 17:00:00+00:00","open_rate":0.12863,"close_rate":0.1222,"fee_open":0.001,"fee_close":0.001,"trade_duration":120,"profit_ratio":-0.05188646384323909,"profit_abs":-16.32794852,"exit_reason":"stop_loss","initial_stop_loss_abs":0.1222,"initial_stop_loss_ratio":-0.05,"stop_loss_abs":0.1222,"stop_loss_ratio":-0.05,"min_rate":0.12137,"max_rate":0.13072,"is_open":false,"enter_tag":"","leverage":1.0,"is_short":false,"open_timestamp":1766070000000,"close_timestamp":1766077200000,"orders":[{"amount":2444.0,"safe_price":0.12863,"ft_order_side":"buy","order_filled_timestamp":1766070000000,"ft_is_entry":true,"ft_order_tag":"","cost":314.6860917199999},{"amount":2444.0,"safe_price":0.1222,"ft_order_side":"sell","order_filled_timestamp":1766077200000,"ft_is_entry":false,"ft_order_tag":"stop_loss","cost":298.9554568}],"funding_fees":0.0,"weekday":3},{"pair":"DOGE/USDT","stake_amount":308.99925,"max_stake_amount":308.99925,"amount":2415.0,"open_date":"2025-12-19 08:00:00+00:00","close_date":"2025-12-19 10:00:00+00:00","open_rate":0.12795,"close_rate":0.12820615615615616,"fee_open":0.001,"fee_close":0.001,"trade_duration":120,"profit_ratio":0.0,"profit_abs":0.0,"exit_reason":"roi","initial_stop_loss_abs":0.12156,"initial_stop_loss_ratio":-0.05,"stop_loss_abs":0.12156,"stop_loss_ratio":-0.05,"min_rate":0.12757,"max_rate":0.12865,"is_open":false,"enter_tag":"","leverage":1.0,"is_short":false,"open_timestamp":1766131200000,"close_timestamp":1766138400000,"orders":[{"amount":2415.0,"safe_price":0.12795,"ft_order_side":"buy","order_filled_timestamp":1766131200000,"ft_is_entry":true,"ft_order_tag":"","cost":309.30824924999996},{"amount":2415.0,"safe_price":0.12820615615615616,"ft_order_side":"sell","order_filled_timestamp":1766138400000,"ft_is_entry":false,"ft_order_tag":"roi","cost":309.9274849842342}],"funding_fees":0.0,"weekday":4},{"pair":"DOGE/USDT","stake_amount":309.04887,"max_stake_amount":309.04887,"amount":2327.0,"open_date":"2025-12-21 09:00:00+00:00","close_date":"2025-12-22 00:00:00+00:00","open_rate":0.13281,"close_rate":0.13307588588588587,"fee_open":0.001,"fee_close":0.001,"trade_duration":900,"profit_ratio":0.0,"profit_abs":0.0,"exit_reason":"roi","initial_stop_loss_abs":0.12617,"initial_stop_loss_ratio":-0.05,"stop_loss_abs":0.12617,"stop_loss_ratio":-0.05,"min_rate":0.12871,"max_rate":0.13424,"is_open":false,"enter_tag":"","leverage":1.0,"is_short":false,"open_timestamp":1766307600000,"close_timestamp":1766361600000,"orders":[{"amount":2327.0,"safe_price":0.13281,"ft_order_side":"buy","order_filled_timestamp":1766307600000,"ft_is_entry":true,"ft_order_tag":"","cost":309.35791887},{"amount":2327.0,"safe_price":0.13307588588588587,"ft_order_side":"sell","order_filled_timestamp":1766361600000,"ft_is_entry":false,"ft_order_tag":"roi","cost":309.9772540429129}],"funding_fees":0.0,"weekday":0},{"pair":"DOGE/USDT","stake_amount":308.997,"max_stake_amount":308.997,"amount":2340.0,"open_date":"2025-12-22 04:00:00+00:00","close_date":"2025-12-22 07:00:00+00:00","open_rate":0.13205,"close_rate":0.13231436436436436,"fee_open":0.001,"fee_close":0.001,"trade_duration":180,"profit_ratio":0.0,"profit_abs":0.0,"exit_reason":"roi","initial_stop_loss_abs":0.12545,"initial_stop_loss_ratio":-0.05,"stop_loss_abs":0.12545,"stop_loss_ratio":-0.05,"min_rate":0.13151,"max_rate":0.13274,"is_open":false,"enter_tag":"","leverage":1.0,"is_short":false,"open_timestamp":1766376000000,"close_timestamp":1766386800000,"orders":[{"amount":2340.0,"safe_price":0.13205,"ft_order_side":"buy","order_filled_timestamp":1766376000000,"ft_is_entry":true,"ft_order_tag":"","cost":309.305997},{"amount":2340.0,"safe_price":0.13231436436436436,"ft_order_side":"sell","order_filled_timestamp":1766386800000,"ft_is_entry":false,"ft_order_tag":"roi","cost":309.92522822522517}],"funding_fees":0.0,"weekday":0},{"pair":"DOGE/USDT","stake_amount":309.024,"max_stake_amount":309.024,"amount":2400.0,"open_date":"2025-12-25 03:00:00+00:00","close_date":"2025-12-26 15:00:00+00:00","open_rate":0.12876,"close_rate":0.12233,"fee_open":0.001,"fee_close":0.001,"trade_duration":2160,"profit_ratio":-0.05183609493954321,"profit_abs":-16.034616,"exit_reason":"stop_loss","initial_stop_loss_abs":0.12233,"initial_stop_loss_ratio":-0.05,"stop_loss_abs":0.12233,"stop_loss_ratio":-0.05,"min_rate":0.12129,"max_rate":0.12909,"is_open":false,"enter_tag":"","leverage":1.0,"is_short":false,"open_timestamp":1766631600000,"close_timestamp":1766761200000,"orders":[{"amount":2400.0,"safe_price":0.12876,"ft_order_side":"buy","order_filled_timestamp":1766631600000,"ft_is_entry":true,"ft_order_tag":"","cost":309.333024},{"amount":2400.0,"safe_price":0.12233,"ft_order_side":"sell","order_filled_timestamp":1766761200000,"ft_is_entry":false,"ft_order_tag":"stop_loss","cost":293.885592}],"funding_fees":0.0,"weekday":4},{"pair":"DOGE/USDT","stake_amount":303.6852,"max_stake_amount":303.6852,"amount":2457.0,"open_date":"2025-12-27 22:00:00+00:00","close_date":"2025-12-28 00:00:00+00:00","open_rate":0.1236,"close_rate":0.12435,"fee_open":0.001,"fee_close":0.001,"trade_duration":120,"profit_ratio":0.00405783536851498,"profit_abs":1.23353685,"exit_reason":"roi","initial_stop_loss_abs":0.11742,"initial_stop_loss_ratio":-0.05,"stop_loss_abs":0.11742,"stop_loss_ratio":-0.05,"min_rate":0.12316,"max_rate":0.12492,"is_open":false,"enter_tag":"","leverage":1.0,"is_short":false,"open_timestamp":1766872800000,"close_timestamp":1766880000000,"orders":[{"amount":2457.0,"safe_price":0.1236,"ft_order_side":"buy","order_filled_timestamp":1766872800000,"ft_is_entry":true,"ft_order_tag":"","cost":303.98888519999997},{"amount":2457.0,"safe_price":0.12435,"ft_order_side":"sell","order_filled_timestamp":1766880000000,"ft_is_entry":false,"ft_order_tag":"roi","cost":305.83347795}],"funding_fees":0.0,"weekday":6},{"pair":"DOGE/USDT","stake_amount":304.0902,"max_stake_amount":304.0902,"amount":2430.0,"open_date":"2025-12-29 01:00:00+00:00","close_date":"2025-12-29 03:00:00+00:00","open_rate":0.12514,"close_rate":0.12639,"fee_open":0.001,"fee_close":0.001,"trade_duration":120,"profit_ratio":0.007970852864571899,"profit_abs":2.4262821,"exit_reason":"roi","initial_stop_loss_abs":0.11889,"initial_stop_loss_ratio":-0.05,"stop_loss_abs":0.11889,"stop_loss_ratio":-0.05,"min_rate":0.12437,"max_rate":0.12777,"is_open":false,"enter_tag":"","leverage":1.0,"is_short":false,"open_timestamp":1766970000000,"close_timestamp":1766977200000,"orders":[{"amount":2430.0,"safe_price":0.12514,"ft_order_side":"buy","order_filled_timestamp":1766970000000,"ft_is_entry":true,"ft_order_tag":"","cost":304.39429019999994},{"amount":2430.0,"safe_price":0.12639,"ft_order_side":"sell","order_filled_timestamp":1766977200000,"ft_is_entry":false,"ft_order_tag":"roi","cost":307.43482769999997}],"funding_fees":0.0,"weekday":0},{"pair":"DOGE/USDT","stake_amount":304.87173,"max_stake_amount":304.87173,"amount":2447.0,"open_date":"2025-12-30 10:00:00+00:00","close_date":"2025-12-30 12:00:00+00:00","open_rate":0.12459,"close_rate":0.12483942942942941,"fee_open":0.001,"fee_close":0.001,"trade_duration":120,"profit_ratio":0.0,"profit_abs":0.0,"exit_reason":"roi","initial_stop_loss_abs":0.11837,"initial_stop_loss_ratio":-0.05,"stop_loss_abs":0.11837,"stop_loss_ratio":-0.05,"min_rate":0.12353,"max_rate":0.12525,"is_open":false,"enter_tag":"","leverage":1.0,"is_short":false,"open_timestamp":1767088800000,"close_timestamp":1767096000000,"orders":[{"amount":2447.0,"safe_price":0.12459,"ft_order_side":"buy","order_filled_timestamp":1767088800000,"ft_is_entry":true,"ft_order_tag":"","cost":305.17660172999996},{"amount":2447.0,"safe_price":0.12483942942942941,"ft_order_side":"sell","order_filled_timestamp":1767096000000,"ft_is_entry":false,"ft_order_tag":"roi","cost":305.78756589762753}],"funding_fees":0.0,"weekday":1},{"pair":"DOGE/USDT","stake_amount":304.90782,"max_stake_amount":304.90782,"amount":2527.0,"open_date":"2026-01-01 12:00:00+00:00","close_date":"2026-01-01 14:00:00+00:00","open_rate":0.12066,"close_rate":0.12090156156156155,"fee_open":0.001,"fee_close":0.001,"trade_duration":120,"profit_ratio":0.0,"profit_abs":0.0,"exit_reason":"roi","initial_stop_loss_abs":0.11463,"initial_stop_loss_ratio":-0.05,"stop_loss_abs":0.11463,"stop_loss_ratio":-0.05,"min_rate":0.12029,"max_rate":0.12108,"is_open":false,"enter_tag":"","leverage":1.0,"is_short":false,"open_timestamp":1767268800000,"close_timestamp":1767276000000,"orders":[{"amount":2527.0,"safe_price":0.12066,"ft_order_side":"buy","order_filled_timestamp":1767268800000,"ft_is_entry":true,"ft_order_tag":"","cost":305.21272782},{"amount":2527.0,"safe_price":0.12090156156156155,"ft_order_side":"sell","order_filled_timestamp":1767276000000,"ft_is_entry":false,"ft_order_tag":"roi","cost":305.8237643121321}],"funding_fees":0.0,"weekday":3},{"pair":"DOGE/USDT","stake_amount":304.94893,"max_stake_amount":304.94893,"amount":1993.0,"open_date":"2026-01-05 18:00:00+00:00","close_date":"2026-01-05 20:00:00+00:00","open_rate":0.15301,"close_rate":0.1533163263263263,"fee_open":0.001,"fee_close":0.001,"trade_duration":120,"profit_ratio":0.0,"profit_abs":0.0,"exit_reason":"roi","initial_stop_loss_abs":0.14536,"initial_stop_loss_ratio":-0.05,"stop_loss_abs":0.14536,"stop_loss_ratio":-0.05,"min_rate":0.15085,"max_rate":0.1545,"is_open":false,"enter_tag":"","leverage":1.0,"is_short":false,"open_timestamp":1767636000000,"close_timestamp":1767643200000,"orders":[{"amount":1993.0,"safe_price":0.15301,"ft_order_side":"buy","order_filled_timestamp":1767636000000,"ft_is_entry":true,"ft_order_tag":"","cost":305.25387893},{"amount":1993.0,"safe_price":0.1533163263263263,"ft_order_side":"sell","order_filled_timestamp":1767643200000,"ft_is_entry":false,"ft_order_tag":"roi","cost":305.86499780673665}],"funding_fees":0.0,"weekday":0},{"pair":"DOGE/USDT","stake_amount":304.87464,"max_stake_amount":304.87464,"amount":2008.0,"open_date":"2026-01-06 13:00:00+00:00","close_date":"2026-01-06 15:00:00+00:00","open_rate":0.15183,"close_rate":0.15263,"fee_open":0.001,"fee_close":0.001,"trade_duration":120,"profit_ratio":0.0032605213399522826,"profit_abs":0.99504432,"exit_reason":"roi","initial_stop_loss_abs":0.14424,"initial_stop_loss_ratio":-0.05,"stop_loss_abs":0.14424,"stop_loss_ratio":-0.05,"min_rate":0.14913,"max_rate":0.15656,"is_open":false,"enter_tag":"","leverage":1.0,"is_short":false,"open_timestamp":1767704400000,"close_timestamp":1767711600000,"orders":[{"amount":2008.0,"safe_price":0.15183,"ft_order_side":"buy","order_filled_timestamp":1767704400000,"ft_is_entry":true,"ft_order_tag":"","cost":305.17951464},{"amount":2008.0,"safe_price":0.15263,"ft_order_side":"sell","order_filled_timestamp":1767711600000,"ft_is_entry":false,"ft_order_tag":"roi","cost":306.78752103999994}],"funding_fees":0.0,"weekday":1}],"locks":[],"best_pair":{"key":"DOGE/USDT","trades":55,"profit_mean":-0.004187047281662604,"profit_mean_pct":-0.42,"profit_total_abs":-74.83353663999999,"profit_total":-0.07483353663999999,"profit_total_pct":-7.48,"duration_avg":"5:22:00","wins":18,"draws":28,"losses":9,"winrate":0.32727272727272727,"cagr":-0.253741579016479,"expectancy":-1.3606097570909093,"expectancy_ratio":-0.5902354174155601,"sortino":-38.52063089880852,"sharpe":-1.9505598233199501,"calmar":-15.862178921805224,"sqn":-1.3232,"profit_factor":0.5041168935715772,"max_drawdown_account":0.09291976957519166,"max_drawdown_abs":94.29565644},"worst_pair":{"key":"DOGE/USDT","trades":55,"profit_mean":-0.004187047281662604,"profit_mean_pct":-0.42,"profit_total_abs":-74.83353663999999,"profit_total":-0.07483353663999999,"profit_total_pct":-7.48,"duration_avg":"5:22:00","wins":18,"draws":28,"losses":9,"winrate":0.32727272727272727,"cagr":-0.253741579016479,"expectancy":-1.3606097570909093,"expectancy_ratio":-0.5902354174155601,"sortino":-38.52063089880852,"sharpe":-1.9505598233199501,"calmar":-15.862178921805224,"sqn":-1.3232,"profit_factor":0.5041168935715772,"max_drawdown_account":0.09291976957519166,"max_drawdown_abs":94.29565644},"results_per_pair":[{"key":"DOGE/USDT","trades":55,"profit_mean":-0.004187047281662604,"profit_mean_pct":-0.42,"profit_total_abs":-74.83353663999999,"profit_total":-0.07483353663999999,"profit_total_pct":-7.48,"duration_avg":"5:22:00","wins":18,"draws":28,"losses":9,"winrate":0.32727272727272727,"cagr":-0.253741579016479,"expectancy":-1.3606097570909093,"expectancy_ratio":-0.5902354174155601,"sortino":-38.52063089880852,"sharpe":-1.9505598233199501,"calmar":-15.862178921805224,"sqn":-1.3232,"profit_factor":0.5041168935715772,"max_drawdown_account":0.09291976957519166,"max_drawdown_abs":94.29565644},{"key":"TOTAL","trades":55,"profit_mean":-0.004187047281662604,"profit_mean_pct":-0.42,"profit_total_abs":-74.83353663999999,"profit_total":-0.07483353663999999,"profit_total_pct":-7.48,"duration_avg":"5:22:00","wins":18,"draws":28,"losses":9,"winrate":0.32727272727272727,"cagr":-0.253741579016479,"expectancy":-1.3606097570909093,"expectancy_ratio":-0.5902354174155601,"sortino":-38.52063089880852,"sharpe":-1.9505598233199501,"calmar":-15.862178921805224,"sqn":-1.3232,"profit_factor":0.5041168935715772,"max_drawdown_account":0.09291976957519166,"max_drawdown_abs":94.29565644}],"results_per_enter_tag":[{"key":"","trades":55,"profit_mean":-0.004187047281662604,"profit_mean_pct":-0.42,"profit_total_abs":-74.83353663999999,"profit_total":-0.07483353663999999,"profit_total_pct":-7.48,"duration_avg":"5:22:00","wins":18,"draws":28,"losses":9,"winrate":0.32727272727272727,"cagr":-0.253741579016479,"expectancy":-1.3606097570909093,"expectancy_ratio":-0.5902354174155601,"sortino":-38.52063089880852,"sharpe":-1.9505598233199501,"calmar":-15.862178921805224,"sqn":-1.3232,"profit_factor":0.5041168935715772,"max_drawdown_account":0.09291976957519166,"max_drawdown_abs":94.29565644},{"key":"TOTAL","trades":55,"profit_mean":-0.004187047281662604,"profit_mean_pct":-0.42,"profit_total_abs":-74.83353663999999,"profit_total":-0.07483353663999999,"profit_total_pct":-7.48,"duration_avg":"5:22:00","wins":18,"draws":28,"losses":9,"winrate":0.32727272727272727,"cagr":-0.253741579016479,"expectancy":-1.3606097570909093,"expectancy_ratio":-0.5902354174155601,"sortino":-38.52063089880852,"sharpe":-1.9505598233199501,"calmar":-15.862178921805224,"sqn":-1.3232,"profit_factor":0.5041168935715772,"max_drawdown_account":0.09291976957519166,"max_drawdown_abs":94.29565644}],"exit_reason_summary":[{"key":"roi","trades":46,"profit_mean":0.0051424476196038505,"profit_mean_pct":0.51,"profit_total_abs":76.07609442,"profit_total":0.07607609442,"profit_total_pct":7.61,"duration_avg":"3:22:00","wins":18,"draws":28,"losses":0,"winrate":0.391304347826087,"cagr":0.31771513925495753,"expectancy":1.6538281395652175,"expectancy_ratio":100.0,"sortino":-100,"sharpe":4.2028390319896864,"calmar":-100,"sqn":3.1118,"profit_factor":0.0,"max_drawdown_account":0.0,"max_drawdown_abs":0.0},{"key":"stop_loss","trades":9,"profit_mean":-0.05187113233258003,"profit_mean_pct":-5.19,"profit_total_abs":-150.90963106,"profit_total":-0.15090963106000002,"profit_total_pct":-15.09,"duration_avg":"15:33:00","wins":0,"draws":0,"losses":9,"winrate":0.0,"cagr":-0.459666818435606,"expectancy":-16.767736784444445,"expectancy_ratio":-1.0,"sortino":-77.68086954252534,"sharpe":-77.68086954252534,"calmar":-19.695848633549275,"sqn":-123.9487,"profit_factor":0.0,"max_drawdown_account":0.15090963106000005,"max_drawdown_abs":150.90963106},{"key":"TOTAL","trades":55,"profit_mean":-0.004187047281662604,"profit_mean_pct":-0.42,"profit_total_abs":-74.83353663999999,"profit_total":-0.07483353663999999,"profit_total_pct":-7.48,"duration_avg":"5:22:00","wins":18,"draws":28,"losses":9,"winrate":0.32727272727272727,"cagr":-0.253741579016479,"expectancy":-1.3606097570909093,"expectancy_ratio":-0.5902354174155601,"sortino":-38.52063089880852,"sharpe":-1.9505598233199501,"calmar":-15.862178921805224,"sqn":-1.3232,"profit_factor":0.5041168935715772,"max_drawdown_account":0.09291976957519166,"max_drawdown_abs":94.29565644}],"mix_tag_stats":[{"key":["","roi"],"trades":46,"profit_mean":0.0051424476196038505,"profit_mean_pct":0.51,"profit_total_abs":76.07609442,"profit_total":0.07607609442,"profit_total_pct":7.61,"duration_avg":"3:22:00","wins":18,"draws":28,"losses":0,"winrate":0.391304347826087,"cagr":0.31771513925495753,"expectancy":1.6538281395652175,"expectancy_ratio":100.0,"sortino":-100,"sharpe":4.2028390319896864,"calmar":-100,"sqn":3.1118,"profit_factor":0.0,"max_drawdown_account":0.0,"max_drawdown_abs":0.0},{"key":["","stop_loss"],"trades":9,"profit_mean":-0.05187113233258003,"profit_mean_pct":-5.19,"profit_total_abs":-150.90963106,"profit_total":-0.15090963106000002,"profit_total_pct":-15.09,"duration_avg":"15:33:00","wins":0,"draws":0,"losses":9,"winrate":0.0,"cagr":-0.459666818435606,"expectancy":-16.767736784444445,"expectancy_ratio":-1.0,"sortino":-77.68086954252534,"sharpe":-77.68086954252534,"calmar":-19.695848633549275,"sqn":-123.9487,"profit_factor":0.0,"max_drawdown_account":0.15090963106000005,"max_drawdown_abs":150.90963106},{"key":"TOTAL","trades":55,"profit_mean":-0.004187047281662604,"profit_mean_pct":-0.42,"profit_total_abs":-74.83353663999999,"profit_total":-0.07483353663999999,"profit_total_pct":-7.48,"duration_avg":"5:22:00","wins":18,"draws":28,"losses":9,"winrate":0.32727272727272727,"cagr":-0.253741579016479,"expectancy":-1.3606097570909093,"expectancy_ratio":-0.5902354174155601,"sortino":-38.52063089880852,"sharpe":-1.9505598233199501,"calmar":-15.862178921805224,"sqn":-1.3232,"profit_factor":0.5041168935715772,"max_drawdown_account":0.09291976957519166,"max_drawdown_abs":94.29565644}],"left_open_trades":[{"key":"TOTAL","trades":0,"profit_mean":0.0,"profit_mean_pct":0.0,"profit_total_abs":0.0,"profit_total":0.0,"profit_total_pct":0.0,"duration_avg":"0:00","wins":0,"draws":0,"losses":0,"winrate":0.0,"cagr":0.0,"expectancy":0.0,"expectancy_ratio":100.0,"sortino":0,"sharpe":0,"calmar":0,"sqn":0.0,"profit_factor":0.0,"max_drawdown_account":0.0,"max_drawdown_abs":0.0}],"total_trades":55,"trade_count_long":55,"trade_count_short":0,"total_volume":35262.59866594931,"avg_stake_amount":320.6088859999999,"profit_mean":-0.004187047281662604,"profit_median":0.0,"profit_total":-0.07483353663999999,"profit_total_long":-0.07483353663999999,"profit_total_short":0.0,"profit_total_abs":-74.83353663999999,"profit_total_long_abs":-74.83353663999999,"profit_total_short_abs":0.0,"cagr":-0.253741579016479,"expectancy":-1.3606097570909093,"expectancy_ratio":-0.5902354174155601,"sortino":-38.52063089880852,"sharpe":-1.9505598233199501,"calmar":-15.862178921805224,"sqn":-1.3232,"profit_factor":0.5041168935715772,"backtest_start":"2025-10-01 00:00:00","backtest_start_ts":1759276800000,"backtest_end":"2026-01-06 20:00:00","backtest_end_ts":1767729600000,"backtest_days":97,"backtest_run_start_ts":1767738193,"backtest_run_end_ts":1767738193,"trades_per_day":0.57,"market_change":-0.36632086436227446,"pairlist":["DOGE/USDT"],"stake_amount":"unlimited","stake_currency":"USDT","stake_currency_decimals":3,"starting_balance":1000,"dry_run_wallet":1000,"final_balance":925.16646336,"rejected_signals":0,"timedout_entry_orders":0,"timedout_exit_orders":0,"canceled_trade_entries":0,"canceled_entry_orders":0,"replaced_entry_orders":0,"max_open_trades":1,"max_open_trades_setting":3,"timeframe":"1h","timeframe_detail":"","timerange":"20251001-","enable_protections":false,"strategy_name":"ACO_13_2","freqaimodel":null,"freqai_identifier":null,"stoploss":-0.05,"trailing_stop":false,"trailing_stop_positive":null,"trailing_stop_positive_offset":0.0,"trailing_only_offset_is_reached":false,"use_custom_stoploss":false,"minimal_roi":{"0":0.1,"60":0.05,"120":0.0},"use_exit_signal":true,"exit_profit_only":false,"exit_profit_offset":0.0,"ignore_roi_if_entry_signal":false,"trading_mode":"spot","margin_mode":"","periodic_breakdown":{"day":[{"date":"03/10/2025","date_ts":1759449600000,"profit_abs":0.0,"wins":0,"draws":1,"losses":0,"trades":1,"profit_factor":0.0},{"date":"04/10/2025","date_ts":1759536000000,"profit_abs":0.0,"wins":0,"draws":0,"losses":0,"trades":0,"profit_factor":0.0},{"date":"05/10/2025","date_ts":1759622400000,"profit_abs":6.8115537,"wins":1,"draws":0,"losses":0,"trades":1,"profit_factor":0.0},{"date":"06/10/2025","date_ts":1759708800000,"profit_abs":1.4234376,"wins":1,"draws":0,"losses":0,"trades":1,"profit_factor":0.0},{"date":"07/10/2025","date_ts":1759795200000,"profit_abs":0.0,"wins":0,"draws":0,"losses":0,"trades":0,"profit_factor":0.0},{"date":"08/10/2025","date_ts":1759881600000,"profit_abs":1.7947008,"wins":1,"draws":0,"losses":0,"trades":1,"profit_factor":0.0},{"date":"09/10/2025","date_ts":1759968000000,"profit_abs":0.0,"wins":0,"draws":0,"losses":0,"trades":0,"profit_factor":0.0},{"date":"10/10/2025","date_ts":1760054400000,"profit_abs":2.7607484,"wins":1,"draws":0,"losses":0,"trades":1,"profit_factor":0.0},{"date":"11/10/2025","date_ts":1760140800000,"profit_abs":0.0,"wins":0,"draws":0,"losses":0,"trades":0,"profit_factor":0.0},{"date":"12/10/2025","date_ts":1760227200000,"profit_abs":2.01681603,"wins":1,"draws":0,"losses":0,"trades":1,"profit_factor":0.0},{"date":"13/10/2025","date_ts":1760313600000,"profit_abs":0.0,"wins":0,"draws":0,"losses":0,"trades":0,"profit_factor":0.0},{"date":"14/10/2025","date_ts":1760400000000,"profit_abs":0.0,"wins":0,"draws":0,"losses":0,"trades":0,"profit_factor":0.0},{"date":"15/10/2025","date_ts":1760486400000,"profit_abs":0.0,"wins":0,"draws":1,"losses":0,"trades":1,"profit_factor":0.0},{"date":"16/10/2025","date_ts":1760572800000,"profit_abs":-17.39296044,"wins":0,"draws":0,"losses":1,"trades":1,"profit_factor":0.0},{"date":"17/10/2025","date_ts":1760659200000,"profit_abs":0.0,"wins":0,"draws":0,"losses":0,"trades":0,"profit_factor":0.0},{"date":"18/10/2025","date_ts":1760745600000,"profit_abs":0.0,"wins":0,"draws":1,"losses":0,"trades":1,"profit_factor":0.0},{"date":"19/10/2025","date_ts":1760832000000,"profit_abs":0.0,"wins":0,"draws":0,"losses":0,"trades":0,"profit_factor":0.0},{"date":"20/10/2025","date_ts":1760918400000,"profit_abs":0.0,"wins":0,"draws":0,"losses":0,"trades":0,"profit_factor":0.0},{"date":"21/10/2025","date_ts":1761004800000,"profit_abs":-17.0959138,"wins":0,"draws":0,"losses":1,"trades":1,"profit_factor":0.0},{"date":"22/10/2025","date_ts":1761091200000,"profit_abs":0.0,"wins":0,"draws":0,"losses":0,"trades":0,"profit_factor":0.0},{"date":"23/10/2025","date_ts":1761177600000,"profit_abs":0.0,"wins":0,"draws":1,"losses":0,"trades":1,"profit_factor":0.0},{"date":"24/10/2025","date_ts":1761264000000,"profit_abs":1.66884084,"wins":1,"draws":0,"losses":0,"trades":1,"profit_factor":0.0},{"date":"25/10/2025","date_ts":1761350400000,"profit_abs":0.0,"wins":0,"draws":0,"losses":0,"trades":0,"profit_factor":0.0},{"date":"26/10/2025","date_ts":1761436800000,"profit_abs":3.00026157,"wins":1,"draws":0,"losses":0,"trades":1,"profit_factor":0.0},{"date":"27/10/2025","date_ts":1761523200000,"profit_abs":0.0,"wins":0,"draws":0,"losses":0,"trades":0,"profit_factor":0.0},{"date":"28/10/2025","date_ts":1761609600000,"profit_abs":-16.87528656,"wins":0,"draws":0,"losses":1,"trades":1,"profit_factor":0.0},{"date":"29/10/2025","date_ts":1761696000000,"profit_abs":0.0,"wins":0,"draws":0,"losses":0,"trades":0,"profit_factor":0.0},{"date":"30/10/2025","date_ts":1761782400000,"profit_abs":0.0,"wins":0,"draws":0,"losses":0,"trades":0,"profit_factor":0.0},{"date":"31/10/2025","date_ts":1761868800000,"profit_abs":0.0,"wins":0,"draws":1,"losses":0,"trades":1,"profit_factor":0.0},{"date":"01/11/2025","date_ts":1761955200000,"profit_abs":0.0,"wins":0,"draws":0,"losses":0,"trades":0,"profit_factor":0.0},{"date":"02/11/2025","date_ts":1762041600000,"profit_abs":0.0,"wins":0,"draws":1,"losses":0,"trades":1,"profit_factor":0.0},{"date":"03/11/2025","date_ts":1762128000000,"profit_abs":0.0,"wins":0,"draws":0,"losses":0,"trades":0,"profit_factor":0.0},{"date":"04/11/2025","date_ts":1762214400000,"profit_abs":0.0,"wins":0,"draws":0,"losses":0,"trades":0,"profit_factor":0.0},{"date":"05/11/2025","date_ts":1762300800000,"profit_abs":0.0,"wins":0,"draws":1,"losses":0,"trades":1,"profit_factor":0.0},{"date":"06/11/2025","date_ts":1762387200000,"profit_abs":0.0,"wins":0,"draws":0,"losses":0,"trades":0,"profit_factor":0.0},{"date":"07/11/2025","date_ts":1762473600000,"profit_abs":19.02608306,"wins":2,"draws":0,"losses":0,"trades":2,"profit_factor":0.0},{"date":"08/11/2025","date_ts":1762560000000,"profit_abs":0.0,"wins":0,"draws":0,"losses":0,"trades":0,"profit_factor":0.0},{"date":"09/11/2025","date_ts":1762646400000,"profit_abs":2.58546358,"wins":1,"draws":0,"losses":0,"trades":1,"profit_factor":0.0},{"date":"10/11/2025","date_ts":1762732800000,"profit_abs":0.0,"wins":0,"draws":0,"losses":0,"trades":0,"profit_factor":0.0},{"date":"11/11/2025","date_ts":1762819200000,"profit_abs":0.0,"wins":0,"draws":1,"losses":0,"trades":1,"profit_factor":0.0},{"date":"12/11/2025","date_ts":1762905600000,"profit_abs":-16.953548,"wins":0,"draws":0,"losses":1,"trades":1,"profit_factor":0.0},{"date":"13/11/2025","date_ts":1762992000000,"profit_abs":0.0,"wins":0,"draws":1,"losses":0,"trades":1,"profit_factor":0.0},{"date":"14/11/2025","date_ts":1763078400000,"profit_abs":0.0,"wins":0,"draws":0,"losses":0,"trades":0,"profit_factor":0.0},{"date":"15/11/2025","date_ts":1763164800000,"profit_abs":0.0,"wins":0,"draws":2,"losses":0,"trades":2,"profit_factor":0.0},{"date":"16/11/2025","date_ts":1763251200000,"profit_abs":0.0,"wins":0,"draws":1,"losses":0,"trades":1,"profit_factor":0.0},{"date":"17/11/2025","date_ts":1763337600000,"profit_abs":0.590831,"wins":1,"draws":0,"losses":0,"trades":1,"profit_factor":0.0},{"date":"18/11/2025","date_ts":1763424000000,"profit_abs":0.0,"wins":0,"draws":1,"losses":0,"trades":1,"profit_factor":0.0},{"date":"19/11/2025","date_ts":1763510400000,"profit_abs":0.0,"wins":0,"draws":0,"losses":0,"trades":0,"profit_factor":0.0},{"date":"20/11/2025","date_ts":1763596800000,"profit_abs":0.0,"wins":0,"draws":1,"losses":0,"trades":1,"profit_factor":0.0},{"date":"21/11/2025","date_ts":1763683200000,"profit_abs":0.0,"wins":0,"draws":0,"losses":0,"trades":0,"profit_factor":0.0},{"date":"22/11/2025","date_ts":1763769600000,"profit_abs":0.0,"wins":0,"draws":0,"losses":0,"trades":0,"profit_factor":0.0},{"date":"23/11/2025","date_ts":1763856000000,"profit_abs":0.0,"wins":0,"draws":1,"losses":0,"trades":1,"profit_factor":0.0},{"date":"24/11/2025","date_ts":1763942400000,"profit_abs":0.0,"wins":0,"draws":0,"losses":0,"trades":0,"profit_factor":0.0},{"date":"25/11/2025","date_ts":1764028800000,"profit_abs":3.26562104,"wins":1,"draws":0,"losses":0,"trades":1,"profit_factor":0.0},{"date":"26/11/2025","date_ts":1764115200000,"profit_abs":0.0,"wins":0,"draws":1,"losses":0,"trades":1,"profit_factor":0.0},{"date":"27/11/2025","date_ts":1764201600000,"profit_abs":0.0,"wins":0,"draws":0,"losses":0,"trades":0,"profit_factor":0.0},{"date":"28/11/2025","date_ts":1764288000000,"profit_abs":0.0,"wins":0,"draws":1,"losses":0,"trades":1,"profit_factor":0.0},{"date":"29/11/2025","date_ts":1764374400000,"profit_abs":0.0,"wins":0,"draws":0,"losses":0,"trades":0,"profit_factor":0.0},{"date":"30/11/2025","date_ts":1764460800000,"profit_abs":-16.72574464,"wins":0,"draws":0,"losses":1,"trades":1,"profit_factor":0.0},{"date":"01/12/2025","date_ts":1764547200000,"profit_abs":0.0,"wins":0,"draws":0,"losses":0,"trades":0,"profit_factor":0.0},{"date":"02/12/2025","date_ts":1764633600000,"profit_abs":15.8320185,"wins":1,"draws":0,"losses":0,"trades":1,"profit_factor":0.0},{"date":"03/12/2025","date_ts":1764720000000,"profit_abs":0.0,"wins":0,"draws":0,"losses":0,"trades":0,"profit_factor":0.0},{"date":"04/12/2025","date_ts":1764806400000,"profit_abs":0.0,"wins":0,"draws":0,"losses":0,"trades":0,"profit_factor":0.0},{"date":"05/12/2025","date_ts":1764892800000,"profit_abs":0.0,"wins":0,"draws":0,"losses":0,"trades":0,"profit_factor":0.0},{"date":"06/12/2025","date_ts":1764979200000,"profit_abs":0.0,"wins":0,"draws":0,"losses":0,"trades":0,"profit_factor":0.0},{"date":"07/12/2025","date_ts":1765065600000,"profit_abs":1.05574678,"wins":1,"draws":0,"losses":0,"trades":1,"profit_factor":0.0},{"date":"08/12/2025","date_ts":1765152000000,"profit_abs":0.0,"wins":0,"draws":1,"losses":0,"trades":1,"profit_factor":0.0},{"date":"09/12/2025","date_ts":1765238400000,"profit_abs":9.58910825,"wins":1,"draws":0,"losses":0,"trades":1,"profit_factor":0.0},{"date":"10/12/2025","date_ts":1765324800000,"profit_abs":0.0,"wins":0,"draws":0,"losses":0,"trades":0,"profit_factor":0.0},{"date":"11/12/2025","date_ts":1765411200000,"profit_abs":-16.89286414,"wins":0,"draws":0,"losses":1,"trades":1,"profit_factor":0.0},{"date":"12/12/2025","date_ts":1765497600000,"profit_abs":0.0,"wins":0,"draws":1,"losses":0,"trades":1,"profit_factor":0.0},{"date":"13/12/2025","date_ts":1765584000000,"profit_abs":0.0,"wins":0,"draws":1,"losses":0,"trades":1,"profit_factor":0.0},{"date":"14/12/2025","date_ts":1765670400000,"profit_abs":0.0,"wins":0,"draws":0,"losses":0,"trades":0,"profit_factor":0.0},{"date":"15/12/2025","date_ts":1765756800000,"profit_abs":0.0,"wins":0,"draws":1,"losses":0,"trades":1,"profit_factor":0.0},{"date":"16/12/2025","date_ts":1765843200000,"profit_abs":0.0,"wins":0,"draws":1,"losses":0,"trades":1,"profit_factor":0.0},{"date":"17/12/2025","date_ts":1765929600000,"profit_abs":-16.61074896,"wins":0,"draws":0,"losses":1,"trades":1,"profit_factor":0.0},{"date":"18/12/2025","date_ts":1766016000000,"profit_abs":-16.32794852,"wins":0,"draws":0,"losses":1,"trades":1,"profit_factor":0.0},{"date":"19/12/2025","date_ts":1766102400000,"profit_abs":0.0,"wins":0,"draws":1,"losses":0,"trades":1,"profit_factor":0.0},{"date":"20/12/2025","date_ts":1766188800000,"profit_abs":0.0,"wins":0,"draws":0,"losses":0,"trades":0,"profit_factor":0.0},{"date":"21/12/2025","date_ts":1766275200000,"profit_abs":0.0,"wins":0,"draws":0,"losses":0,"trades":0,"profit_factor":0.0},{"date":"22/12/2025","date_ts":1766361600000,"profit_abs":0.0,"wins":0,"draws":2,"losses":0,"trades":2,"profit_factor":0.0},{"date":"23/12/2025","date_ts":1766448000000,"profit_abs":0.0,"wins":0,"draws":0,"losses":0,"trades":0,"profit_factor":0.0},{"date":"24/12/2025","date_ts":1766534400000,"profit_abs":0.0,"wins":0,"draws":0,"losses":0,"trades":0,"profit_factor":0.0},{"date":"25/12/2025","date_ts":1766620800000,"profit_abs":0.0,"wins":0,"draws":0,"losses":0,"trades":0,"profit_factor":0.0},{"date":"26/12/2025","date_ts":1766707200000,"profit_abs":-16.034616,"wins":0,"draws":0,"losses":1,"trades":1,"profit_factor":0.0},{"date":"27/12/2025","date_ts":1766793600000,"profit_abs":0.0,"wins":0,"draws":0,"losses":0,"trades":0,"profit_factor":0.0},{"date":"28/12/2025","date_ts":1766880000000,"profit_abs":1.23353685,"wins":1,"draws":0,"losses":0,"trades":1,"profit_factor":0.0},{"date":"29/12/2025","date_ts":1766966400000,"profit_abs":2.4262821,"wins":1,"draws":0,"losses":0,"trades":1,"profit_factor":0.0},{"date":"30/12/2025","date_ts":1767052800000,"profit_abs":0.0,"wins":0,"draws":1,"losses":0,"trades":1,"profit_factor":0.0},{"date":"31/12/2025","date_ts":1767139200000,"profit_abs":0.0,"wins":0,"draws":0,"losses":0,"trades":0,"profit_factor":0.0},{"date":"01/01/2026","date_ts":1767225600000,"profit_abs":0.0,"wins":0,"draws":1,"losses":0,"trades":1,"profit_factor":0.0},{"date":"02/01/2026","date_ts":1767312000000,"profit_abs":0.0,"wins":0,"draws":0,"losses":0,"trades":0,"profit_factor":0.0},{"date":"03/01/2026","date_ts":1767398400000,"profit_abs":0.0,"wins":0,"draws":0,"losses":0,"trades":0,"profit_factor":0.0},{"date":"04/01/2026","date_ts":1767484800000,"profit_abs":0.0,"wins":0,"draws":0,"losses":0,"trades":0,"profit_factor":0.0},{"date":"05/01/2026","date_ts":1767571200000,"profit_abs":0.0,"wins":0,"draws":1,"losses":0,"trades":1,"profit_factor":0.0},{"date":"06/01/2026","date_ts":1767657600000,"profit_abs":0.99504432,"wins":1,"draws":0,"losses":0,"trades":1,"profit_factor":0.0}],"week":[{"date":"06/10/2025","date_ts":1759708800000,"profit_abs":8.2349913,"wins":2,"draws":1,"losses":0,"trades":3,"profit_factor":0.0},{"date":"13/10/2025","date_ts":1760313600000,"profit_abs":6.57226523,"wins":3,"draws":0,"losses":0,"trades":3,"profit_factor":0.0},{"date":"20/10/2025","date_ts":1760918400000,"profit_abs":-17.39296044,"wins":0,"draws":2,"losses":1,"trades":3,"profit_factor":0.0},{"date":"27/10/2025","date_ts":1761523200000,"profit_abs":-12.42681139,"wins":2,"draws":1,"losses":1,"trades":4,"profit_factor":0.27311219},{"date":"03/11/2025","date_ts":1762128000000,"profit_abs":-16.87528656,"wins":0,"draws":2,"losses":1,"trades":3,"profit_factor":0.0},{"date":"10/11/2025","date_ts":1762732800000,"profit_abs":21.61154664,"wins":3,"draws":1,"losses":0,"trades":4,"profit_factor":0.0},{"date":"17/11/2025","date_ts":1763337600000,"profit_abs":-16.362717,"wins":1,"draws":5,"losses":1,"trades":7,"profit_factor":0.03484999},{"date":"24/11/2025","date_ts":1763942400000,"profit_abs":0.0,"wins":0,"draws":3,"losses":0,"trades":3,"profit_factor":0.0},{"date":"01/12/2025","date_ts":1764547200000,"profit_abs":-13.4601236,"wins":1,"draws":2,"losses":1,"trades":4,"profit_factor":0.19524518},{"date":"08/12/2025","date_ts":1765152000000,"profit_abs":16.88776528,"wins":2,"draws":1,"losses":0,"trades":3,"profit_factor":0.0},{"date":"15/12/2025","date_ts":1765756800000,"profit_abs":-7.30375589,"wins":1,"draws":3,"losses":1,"trades":5,"profit_factor":0.56764254},{"date":"22/12/2025","date_ts":1766361600000,"profit_abs":-32.93869748,"wins":0,"draws":4,"losses":2,"trades":6,"profit_factor":0.0},{"date":"29/12/2025","date_ts":1766966400000,"profit_abs":-12.37479705,"wins":2,"draws":0,"losses":1,"trades":3,"profit_factor":0.22824488},{"date":"05/01/2026","date_ts":1767571200000,"profit_abs":0.0,"wins":0,"draws":3,"losses":0,"trades":3,"profit_factor":0.0},{"date":"12/01/2026","date_ts":1768176000000,"profit_abs":0.99504432,"wins":1,"draws":0,"losses":0,"trades":1,"profit_factor":0.0}],"month":[{"date":"31/10/2025","date_ts":1761868800000,"profit_abs":-31.88780186,"wins":7,"draws":5,"losses":3,"trades":15,"profit_factor":0.37918188},{"date":"30/11/2025","date_ts":1764460800000,"profit_abs":-8.21129396,"wins":5,"draws":12,"losses":2,"trades":19,"profit_factor":0.75619161},{"date":"31/12/2025","date_ts":1767139200000,"profit_abs":-35.72948514,"wins":5,"draws":9,"losses":4,"trades":18,"profit_factor":0.45754427},{"date":"31/01/2026","date_ts":1769817600000,"profit_abs":0.99504432,"wins":1,"draws":2,"losses":0,"trades":3,"profit_factor":0.0}],"year":[{"date":"31/12/2025","date_ts":1767139200000,"profit_abs":-75.82858096,"wins":17,"draws":26,"losses":9,"trades":52,"profit_factor":0.49752325},{"date":"31/12/2026","date_ts":1798675200000,"profit_abs":0.99504432,"wins":1,"draws":2,"losses":0,"trades":3,"profit_factor":0.0}],"weekday":[{"date":"Monday","date_ts":0,"profit_abs":4.4405507,"wins":3,"draws":5,"losses":0,"trades":8,"profit_factor":0.0},{"date":"Tuesday","date_ts":1,"profit_abs":-4.28940825,"wins":4,"draws":4,"losses":2,"trades":10,"profit_factor":0.87373398},{"date":"Wednesday","date_ts":2,"profit_abs":-31.76959616,"wins":1,"draws":3,"losses":2,"trades":6,"profit_factor":0.05347053},{"date":"Thursday","date_ts":3,"profit_abs":-50.6137731,"wins":0,"draws":4,"losses":3,"trades":7,"profit_factor":0.0},{"date":"Friday","date_ts":4,"profit_abs":7.4210563,"wins":4,"draws":5,"losses":1,"trades":10,"profit_factor":1.46281472},{"date":"Saturday","date_ts":5,"profit_abs":0.0,"wins":0,"draws":4,"losses":0,"trades":4,"profit_factor":0.0},{"date":"Sunday","date_ts":6,"profit_abs":-0.02236613,"wins":6,"draws":3,"losses":1,"trades":10,"profit_factor":0.99866277}]},"backtest_best_day":0.05936819493253933,"backtest_worst_day":-0.0518981018981019,"backtest_best_day_abs":19.02608306,"backtest_worst_day_abs":-17.39296044,"winning_days":17,"draw_days":70,"losing_days":9,"daily_profit":[["2025-10-03",0.0],["2025-10-04",0.0],["2025-10-05",6.8115537],["2025-10-06",1.4234376],["2025-10-07",0.0],["2025-10-08",1.7947008],["2025-10-09",0.0],["2025-10-10",2.7607484],["2025-10-11",0.0],["2025-10-12",2.01681603],["2025-10-13",0.0],["2025-10-14",0.0],["2025-10-15",0.0],["2025-10-16",-17.39296044],["2025-10-17",0.0],["2025-10-18",0.0],["2025-10-19",0.0],["2025-10-20",0.0],["2025-10-21",-17.0959138],["2025-10-22",0.0],["2025-10-23",0.0],["2025-10-24",1.66884084],["2025-10-25",0.0],["2025-10-26",3.00026157],["2025-10-27",0.0],["2025-10-28",-16.87528656],["2025-10-29",0.0],["2025-10-30",0.0],["2025-10-31",0.0],["2025-11-01",0.0],["2025-11-02",0.0],["2025-11-03",0.0],["2025-11-04",0.0],["2025-11-05",0.0],["2025-11-06",0.0],["2025-11-07",19.02608306],["2025-11-08",0.0],["2025-11-09",2.58546358],["2025-11-10",0.0],["2025-11-11",0.0],["2025-11-12",-16.953548],["2025-11-13",0.0],["2025-11-14",0.0],["2025-11-15",0.0],["2025-11-16",0.0],["2025-11-17",0.590831],["2025-11-18",0.0],["2025-11-19",0.0],["2025-11-20",0.0],["2025-11-21",0.0],["2025-11-22",0.0],["2025-11-23",0.0],["2025-11-24",0.0],["2025-11-25",3.26562104],["2025-11-26",0.0],["2025-11-27",0.0],["2025-11-28",0.0],["2025-11-29",0.0],["2025-11-30",-16.72574464],["2025-12-01",0.0],["2025-12-02",15.8320185],["2025-12-03",0.0],["2025-12-04",0.0],["2025-12-05",0.0],["2025-12-06",0.0],["2025-12-07",1.05574678],["2025-12-08",0.0],["2025-12-09",9.58910825],["2025-12-10",0.0],["2025-12-11",-16.89286414],["2025-12-12",0.0],["2025-12-13",0.0],["2025-12-14",0.0],["2025-12-15",0.0],["2025-12-16",0.0],["2025-12-17",-16.61074896],["2025-12-18",-16.32794852],["2025-12-19",0.0],["2025-12-20",0.0],["2025-12-21",0.0],["2025-12-22",0.0],["2025-12-23",0.0],["2025-12-24",0.0],["2025-12-25",0.0],["2025-12-26",-16.034616],["2025-12-27",0.0],["2025-12-28",1.23353685],["2025-12-29",2.4262821],["2025-12-30",0.0],["2025-12-31",0.0],["2026-01-01",0.0],["2026-01-02",0.0],["2026-01-03",0.0],["2026-01-04",0.0],["2026-01-05",0.0],["2026-01-06",0.99504432]],"wins":18,"losses":9,"draws":28,"winrate":0.32727272727272727,"holding_avg":"5:22:00","holding_avg_s":19320.0,"winner_holding_min":"0d 01:00","winner_holding_min_s":3600.0,"winner_holding_max":"0d 02:00","winner_holding_max_s":7200.0,"winner_holding_avg":"0d 01:53","winner_holding_avg_s":6780.0,"loser_holding_min":"0d 01:00","loser_holding_min_s":3600.0,"loser_holding_max":"2d 07:00","loser_holding_max_s":198000.0,"loser_holding_avg":"0d 15:33","loser_holding_avg_s":55980.0,"max_consecutive_wins":5,"max_consecutive_losses":11,"max_drawdown_account":0.09291976957519166,"max_relative_drawdown":0.09291976957519166,"max_drawdown_abs":94.29565644,"drawdown_start":"2025-10-12 18:00:00","drawdown_start_ts":1760292000000.0,"drawdown_end":"2025-12-26 15:00:00","drawdown_end_ts":1766761200000.0,"drawdown_duration":"74 days 21:00:00","drawdown_duration_s":6469200.0,"max_drawdown_low":-79.48839991,"max_drawdown_high":14.80725653,"csum_min":920.51160009,"csum_max":1014.80725653}},"strategy_comparison":[{"key":"ACO_13_2","trades":55,"profit_mean":-0.004187047281662604,"profit_mean_pct":-0.42,"profit_total_abs":-74.83353663999999,"profit_total":-0.07483353663999999,"profit_total_pct":-7.48,"duration_avg":"5:22:00","wins":18,"draws":28,"losses":9,"winrate":0.32727272727272727,"cagr":-0.253741579016479,"expectancy":-1.3606097570909093,"expectancy_ratio":-0.5902354174155601,"sortino":-38.52063089880852,"sharpe":-1.9505598233199501,"calmar":-15.862178921805224,"sqn":-1.3232,"profit_factor":0.5041168935715772,"max_drawdown_account":0.09291976957519166,"max_drawdown_abs":"94.296"}]}