{"strategy":{"ACO_41_18":{"trades":[{"pair":"DOGE/USDT","stake_amount":329.90088,"max_stake_amount":329.90088,"amount":2328.0,"open_date":"2025-11-23 02:00:00+00:00","close_date":"2025-11-23 04:00:00+00:00","open_rate":0.14171,"close_rate":0.14289,"fee_open":0.001,"fee_close":0.001,"trade_duration":120,"profit_ratio":0.006312225633374458,"profit_abs":2.0844912,"exit_reason":"roi","initial_stop_loss_abs":0.13463,"initial_stop_loss_ratio":-0.05,"stop_loss_abs":0.13463,"stop_loss_ratio":-0.05,"min_rate":0.14124,"max_rate":0.1447,"is_open":false,"enter_tag":"","leverage":1.0,"is_short":false,"open_timestamp":1763863200000,"close_timestamp":1763870400000,"orders":[{"amount":2328.0,"safe_price":0.14171,"ft_order_side":"buy","order_filled_timestamp":1763863200000,"ft_is_entry":true,"ft_order_tag":"","cost":330.23078088},{"amount":2328.0,"safe_price":0.14289,"ft_order_side":"sell","order_filled_timestamp":1763870400000,"ft_is_entry":false,"ft_order_tag":"roi","cost":332.98056791999994}],"funding_fees":0.0,"weekday":6},{"pair":"DOGE/USDT","stake_amount":330.5928,"max_stake_amount":330.5928,"amount":2438.0,"open_date":"2025-12-02 10:00:00+00:00","close_date":"2025-12-02 12:00:00+00:00","open_rate":0.1356,"close_rate":0.137,"fee_open":0.001,"fee_close":0.001,"trade_duration":120,"profit_ratio":0.008305853438596801,"profit_abs":2.7486012,"exit_reason":"roi","initial_stop_loss_abs":0.12882,"initial_stop_loss_ratio":-0.05,"stop_loss_abs":0.12882,"stop_loss_ratio":-0.05,"min_rate":0.1355,"max_rate":0.13758,"is_open":false,"enter_tag":"","leverage":1.0,"is_short":false,"open_timestamp":1764669600000,"close_timestamp":1764676800000,"orders":[{"amount":2438.0,"safe_price":0.1356,"ft_order_side":"buy","order_filled_timestamp":1764669600000,"ft_is_entry":true,"ft_order_tag":"","cost":330.9233928},{"amount":2438.0,"safe_price":0.137,"ft_order_side":"sell","order_filled_timestamp":1764676800000,"ft_is_entry":false,"ft_order_tag":"roi","cost":334.340006}],"funding_fees":0.0,"weekday":1}],"locks":[],"best_pair":{"key":"DOGE/USDT","trades":2,"profit_mean":0.00730903953598563,"profit_mean_pct":0.73,"profit_total_abs":4.8330924,"profit_total":0.0048330924,"profit_total_pct":0.48,"duration_avg":"2:00:00","wins":2,"draws":0,"losses":0,"winrate":1.0,"cagr":0.018308147747735815,"expectancy":2.4165462,"expectancy_ratio":100.0,"sortino":-100,"sharpe":2.8667496752754036,"calmar":-100,"sqn":7.2775,"profit_factor":0.0,"max_drawdown_account":0.0,"max_drawdown_abs":0.0},"worst_pair":{"key":"DOGE/USDT","trades":2,"profit_mean":0.00730903953598563,"profit_mean_pct":0.73,"profit_total_abs":4.8330924,"profit_total":0.0048330924,"profit_total_pct":0.48,"duration_avg":"2:00:00","wins":2,"draws":0,"losses":0,"winrate":1.0,"cagr":0.018308147747735815,"expectancy":2.4165462,"expectancy_ratio":100.0,"sortino":-100,"sharpe":2.8667496752754036,"calmar":-100,"sqn":7.2775,"profit_factor":0.0,"max_drawdown_account":0.0,"max_drawdown_abs":0.0},"results_per_pair":[{"key":"DOGE/USDT","trades":2,"profit_mean":0.00730903953598563,"profit_mean_pct":0.73,"profit_total_abs":4.8330924,"profit_total":0.0048330924,"profit_total_pct":0.48,"duration_avg":"2:00:00","wins":2,"draws":0,"losses":0,"winrate":1.0,"cagr":0.018308147747735815,"expectancy":2.4165462,"expectancy_ratio":100.0,"sortino":-100,"sharpe":2.8667496752754036,"calmar":-100,"sqn":7.2775,"profit_factor":0.0,"max_drawdown_account":0.0,"max_drawdown_abs":0.0},{"key":"TOTAL","trades":2,"profit_mean":0.00730903953598563,"profit_mean_pct":0.73,"profit_total_abs":4.8330924,"profit_total":0.0048330924,"profit_total_pct":0.48,"duration_avg":"2:00:00","wins":2,"draws":0,"losses":0,"winrate":1.0,"cagr":0.018308147747735815,"expectancy":2.4165462,"expectancy_ratio":100.0,"sortino":-100,"sharpe":2.8667496752754036,"calmar":-100,"sqn":7.2775,"profit_factor":0.0,"max_drawdown_account":0.0,"max_drawdown_abs":0.0}],"results_per_enter_tag":[{"key":"","trades":2,"profit_mean":0.00730903953598563,"profit_mean_pct":0.73,"profit_total_abs":4.8330924,"profit_total":0.0048330924,"profit_total_pct":0.48,"duration_avg":"2:00:00","wins":2,"draws":0,"losses":0,"winrate":1.0,"cagr":0.018308147747735815,"expectancy":2.4165462,"expectancy_ratio":100.0,"sortino":-100,"sharpe":2.8667496752754036,"calmar":-100,"sqn":7.2775,"profit_factor":0.0,"max_drawdown_account":0.0,"max_drawdown_abs":0.0},{"key":"TOTAL","trades":2,"profit_mean":0.00730903953598563,"profit_mean_pct":0.73,"profit_total_abs":4.8330924,"profit_total":0.0048330924,"profit_total_pct":0.48,"duration_avg":"2:00:00","wins":2,"draws":0,"losses":0,"winrate":1.0,"cagr":0.018308147747735815,"expectancy":2.4165462,"expectancy_ratio":100.0,"sortino":-100,"sharpe":2.8667496752754036,"calmar":-100,"sqn":7.2775,"profit_factor":0.0,"max_drawdown_account":0.0,"max_drawdown_abs":0.0}],"exit_reason_summary":[{"key":"roi","trades":2,"profit_mean":0.00730903953598563,"profit_mean_pct":0.73,"profit_total_abs":4.8330924,"profit_total":0.0048330924,"profit_total_pct":0.48,"duration_avg":"2:00:00","wins":2,"draws":0,"losses":0,"winrate":1.0,"cagr":0.018308147747735815,"expectancy":2.4165462,"expectancy_ratio":100.0,"sortino":-100,"sharpe":2.8667496752754036,"calmar":-100,"sqn":7.2775,"profit_factor":0.0,"max_drawdown_account":0.0,"max_drawdown_abs":0.0},{"key":"TOTAL","trades":2,"profit_mean":0.00730903953598563,"profit_mean_pct":0.73,"profit_total_abs":4.8330924,"profit_total":0.0048330924,"profit_total_pct":0.48,"duration_avg":"2:00:00","wins":2,"draws":0,"losses":0,"winrate":1.0,"cagr":0.018308147747735815,"expectancy":2.4165462,"expectancy_ratio":100.0,"sortino":-100,"sharpe":2.8667496752754036,"calmar":-100,"sqn":7.2775,"profit_factor":0.0,"max_drawdown_account":0.0,"max_drawdown_abs":0.0}],"mix_tag_stats":[{"key":["","roi"],"trades":2,"profit_mean":0.00730903953598563,"profit_mean_pct":0.73,"profit_total_abs":4.8330924,"profit_total":0.0048330924,"profit_total_pct":0.48,"duration_avg":"2:00:00","wins":2,"draws":0,"losses":0,"winrate":1.0,"cagr":0.018308147747735815,"expectancy":2.4165462,"expectancy_ratio":100.0,"sortino":-100,"sharpe":2.8667496752754036,"calmar":-100,"sqn":7.2775,"profit_factor":0.0,"max_drawdown_account":0.0,"max_drawdown_abs":0.0},{"key":"TOTAL","trades":2,"profit_mean":0.00730903953598563,"profit_mean_pct":0.73,"profit_total_abs":4.8330924,"profit_total":0.0048330924,"profit_total_pct":0.48,"duration_avg":"2:00:00","wins":2,"draws":0,"losses":0,"winrate":1.0,"cagr":0.018308147747735815,"expectancy":2.4165462,"expectancy_ratio":100.0,"sortino":-100,"sharpe":2.8667496752754036,"calmar":-100,"sqn":7.2775,"profit_factor":0.0,"max_drawdown_account":0.0,"max_drawdown_abs":0.0}],"left_open_trades":[{"key":"TOTAL","trades":0,"profit_mean":0.0,"profit_mean_pct":0.0,"profit_total_abs":0.0,"profit_total":0.0,"profit_total_pct":0.0,"duration_avg":"0:00","wins":0,"draws":0,"losses":0,"winrate":0.0,"cagr":0.0,"expectancy":0.0,"expectancy_ratio":100.0,"sortino":0,"sharpe":0,"calmar":0,"sqn":0.0,"profit_factor":0.0,"max_drawdown_account":0.0,"max_drawdown_abs":0.0}],"total_trades":2,"trade_count_long":2,"trade_count_short":0,"total_volume":1328.4747476,"avg_stake_amount":330.24684,"profit_mean":0.00730903953598563,"profit_median":0.00730903953598563,"profit_total":0.0048330924,"profit_total_long":0.0048330924,"profit_total_short":0.0,"profit_total_abs":4.8330924,"profit_total_long_abs":4.8330924,"profit_total_short_abs":0.0,"cagr":0.018308147747735815,"expectancy":2.4165462,"expectancy_ratio":100.0,"sortino":-100,"sharpe":2.8667496752754036,"calmar":-100,"sqn":7.2775,"profit_factor":0.0,"backtest_start":"2025-10-01 00:00:00","backtest_start_ts":1759276800000,"backtest_end":"2026-01-06 20:00:00","backtest_end_ts":1767729600000,"backtest_days":97,"backtest_run_start_ts":1767751911,"backtest_run_end_ts":1767751911,"trades_per_day":0.02,"market_change":-0.36632086436227446,"pairlist":["DOGE/USDT"],"stake_amount":"unlimited","stake_currency":"USDT","stake_currency_decimals":3,"starting_balance":1000,"dry_run_wallet":1000,"final_balance":1004.8330924,"rejected_signals":0,"timedout_entry_orders":0,"timedout_exit_orders":0,"canceled_trade_entries":0,"canceled_entry_orders":0,"replaced_entry_orders":0,"max_open_trades":1,"max_open_trades_setting":3,"timeframe":"1h","timeframe_detail":"","timerange":"20251001-","enable_protections":false,"strategy_name":"ACO_41_18","freqaimodel":null,"freqai_identifier":null,"stoploss":-0.05,"trailing_stop":false,"trailing_stop_positive":null,"trailing_stop_positive_offset":0.0,"trailing_only_offset_is_reached":false,"use_custom_stoploss":false,"minimal_roi":{"0":0.1,"60":0.05,"120":0.0},"use_exit_signal":true,"exit_profit_only":false,"exit_profit_offset":0.0,"ignore_roi_if_entry_signal":false,"trading_mode":"spot","margin_mode":"","periodic_breakdown":{"day":[{"date":"23/11/2025","date_ts":1763856000000,"profit_abs":2.0844912,"wins":1,"draws":0,"losses":0,"trades":1,"profit_factor":0.0},{"date":"24/11/2025","date_ts":1763942400000,"profit_abs":0.0,"wins":0,"draws":0,"losses":0,"trades":0,"profit_factor":0.0},{"date":"25/11/2025","date_ts":1764028800000,"profit_abs":0.0,"wins":0,"draws":0,"losses":0,"trades":0,"profit_factor":0.0},{"date":"26/11/2025","date_ts":1764115200000,"profit_abs":0.0,"wins":0,"draws":0,"losses":0,"trades":0,"profit_factor":0.0},{"date":"27/11/2025","date_ts":1764201600000,"profit_abs":0.0,"wins":0,"draws":0,"losses":0,"trades":0,"profit_factor":0.0},{"date":"28/11/2025","date_ts":1764288000000,"profit_abs":0.0,"wins":0,"draws":0,"losses":0,"trades":0,"profit_factor":0.0},{"date":"29/11/2025","date_ts":1764374400000,"profit_abs":0.0,"wins":0,"draws":0,"losses":0,"trades":0,"profit_factor":0.0},{"date":"30/11/2025","date_ts":1764460800000,"profit_abs":0.0,"wins":0,"draws":0,"losses":0,"trades":0,"profit_factor":0.0},{"date":"01/12/2025","date_ts":1764547200000,"profit_abs":0.0,"wins":0,"draws":0,"losses":0,"trades":0,"profit_factor":0.0},{"date":"02/12/2025","date_ts":1764633600000,"profit_abs":2.7486012,"wins":1,"draws":0,"losses":0,"trades":1,"profit_factor":0.0}],"week":[{"date":"24/11/2025","date_ts":1763942400000,"profit_abs":2.0844912,"wins":1,"draws":0,"losses":0,"trades":1,"profit_factor":0.0},{"date":"01/12/2025","date_ts":1764547200000,"profit_abs":0.0,"wins":0,"draws":0,"losses":0,"trades":0,"profit_factor":0.0},{"date":"08/12/2025","date_ts":1765152000000,"profit_abs":2.7486012,"wins":1,"draws":0,"losses":0,"trades":1,"profit_factor":0.0}],"month":[{"date":"30/11/2025","date_ts":1764460800000,"profit_abs":2.0844912,"wins":1,"draws":0,"losses":0,"trades":1,"profit_factor":0.0},{"date":"31/12/2025","date_ts":1767139200000,"profit_abs":2.7486012,"wins":1,"draws":0,"losses":0,"trades":1,"profit_factor":0.0}],"year":[{"date":"31/12/2025","date_ts":1767139200000,"profit_abs":4.8330924,"wins":2,"draws":0,"losses":0,"trades":2,"profit_factor":0.0}],"weekday":[{"date":"Tuesday","date_ts":1,"profit_abs":2.7486012,"wins":1,"draws":0,"losses":0,"trades":1,"profit_factor":0.0},{"date":"Sunday","date_ts":6,"profit_abs":2.0844912,"wins":1,"draws":0,"losses":0,"trades":1,"profit_factor":0.0}]},"backtest_best_day":0.008305853438596801,"backtest_worst_day":0.0,"backtest_best_day_abs":2.7486012,"backtest_worst_day_abs":0.0,"winning_days":2,"draw_days":8,"losing_days":0,"daily_profit":[["2025-11-23",2.0844912],["2025-11-24",0.0],["2025-11-25",0.0],["2025-11-26",0.0],["2025-11-27",0.0],["2025-11-28",0.0],["2025-11-29",0.0],["2025-11-30",0.0],["2025-12-01",0.0],["2025-12-02",2.7486012]],"wins":2,"losses":0,"draws":0,"winrate":1.0,"holding_avg":"2:00:00","holding_avg_s":7200.0,"winner_holding_min":"0d 02:00","winner_holding_min_s":7200.0,"winner_holding_max":"0d 02:00","winner_holding_max_s":7200.0,"winner_holding_avg":"0d 02:00","winner_holding_avg_s":7200.0,"loser_holding_min":"0d 00:00","loser_holding_min_s":0.0,"loser_holding_max":"0d 00:00","loser_holding_max_s":0.0,"loser_holding_avg":"0d 00:00","loser_holding_avg_s":0.0,"max_consecutive_wins":2,"max_consecutive_losses":0,"max_drawdown_account":0.0,"max_relative_drawdown":0.0,"max_drawdown_abs":0.0,"drawdown_start":"2025-11-23 04:00:00","drawdown_start_ts":1763870400000.0,"drawdown_end":"2025-11-23 04:00:00","drawdown_end_ts":1763870400000.0,"drawdown_duration":"0 days 00:00:00","drawdown_duration_s":0.0,"max_drawdown_low":0.0,"max_drawdown_high":0.0,"csum_min":1002.0844912,"csum_max":1004.8330924}},"strategy_comparison":[{"key":"ACO_41_18","trades":2,"profit_mean":0.00730903953598563,"profit_mean_pct":0.73,"profit_total_abs":4.8330924,"profit_total":0.0048330924,"profit_total_pct":0.48,"duration_avg":"2:00:00","wins":2,"draws":0,"losses":0,"winrate":1.0,"cagr":0.018308147747735815,"expectancy":2.4165462,"expectancy_ratio":100.0,"sortino":-100,"sharpe":2.8667496752754036,"calmar":-100,"sqn":7.2775,"profit_factor":0.0,"max_drawdown_account":0.0,"max_drawdown_abs":"0"}]}