{"strategy":{"ACO_7_9":{"trades":[{"pair":"DOGE/USDT","stake_amount":329.75688,"max_stake_amount":329.75688,"amount":1284.0,"open_date":"2025-10-03 10:00:00+00:00","close_date":"2025-10-03 13:00:00+00:00","open_rate":0.25682,"close_rate":0.2573341541541541,"fee_open":0.001,"fee_close":0.001,"trade_duration":180,"profit_ratio":0.0,"profit_abs":0.0,"exit_reason":"roi","initial_stop_loss_abs":0.24398,"initial_stop_loss_ratio":-0.05,"stop_loss_abs":0.24398,"stop_loss_ratio":-0.05,"min_rate":0.25386,"max_rate":0.25793,"is_open":false,"enter_tag":"","leverage":1.0,"is_short":false,"open_timestamp":1759485600000,"close_timestamp":1759496400000,"orders":[{"amount":1284.0,"safe_price":0.25682,"ft_order_side":"buy","order_filled_timestamp":1759485600000,"ft_is_entry":true,"ft_order_tag":"","cost":330.08663687999996},{"amount":1284.0,"safe_price":0.2573341541541541,"ft_order_side":"sell","order_filled_timestamp":1759496400000,"ft_is_entry":false,"ft_order_tag":"roi","cost":330.74747098786776}],"funding_fees":0.0,"weekday":4},{"pair":"DOGE/USDT","stake_amount":329.79515,"max_stake_amount":329.79515,"amount":1283.0,"open_date":"2025-10-03 15:00:00+00:00","close_date":"2025-10-03 17:00:00+00:00","open_rate":0.25705,"close_rate":0.25997,"fee_open":0.001,"fee_close":0.001,"trade_duration":120,"profit_ratio":0.009338959037461275,"profit_abs":3.08302334,"exit_reason":"roi","initial_stop_loss_abs":0.2442,"initial_stop_loss_ratio":-0.05,"stop_loss_abs":0.2442,"stop_loss_ratio":-0.05,"min_rate":0.25505,"max_rate":0.26534,"is_open":false,"enter_tag":"","leverage":1.0,"is_short":false,"open_timestamp":1759503600000,"close_timestamp":1759510800000,"orders":[{"amount":1283.0,"safe_price":0.25705,"ft_order_side":"buy","order_filled_timestamp":1759503600000,"ft_is_entry":true,"ft_order_tag":"","cost":330.1249451499999},{"amount":1283.0,"safe_price":0.25997,"ft_order_side":"sell","order_filled_timestamp":1759510800000,"ft_is_entry":false,"ft_order_tag":"roi","cost":333.87505150999993}],"funding_fees":0.0,"weekday":4},{"pair":"DOGE/USDT","stake_amount":330.8938,"max_stake_amount":330.8938,"amount":1670.0,"open_date":"2025-10-16 10:00:00+00:00","close_date":"2025-10-16 12:00:00+00:00","open_rate":0.19814,"close_rate":0.20034,"fee_open":0.001,"fee_close":0.001,"trade_duration":120,"profit_ratio":0.009083073986677499,"profit_abs":3.0085384,"exit_reason":"roi","initial_stop_loss_abs":0.18824,"initial_stop_loss_ratio":-0.05,"stop_loss_abs":0.18824,"stop_loss_ratio":-0.05,"min_rate":0.19777,"max_rate":0.2015,"is_open":false,"enter_tag":"","leverage":1.0,"is_short":false,"open_timestamp":1760608800000,"close_timestamp":1760616000000,"orders":[{"amount":1670.0,"safe_price":0.19814,"ft_order_side":"buy","order_filled_timestamp":1760608800000,"ft_is_entry":true,"ft_order_tag":"","cost":331.22469379999995},{"amount":1670.0,"safe_price":0.20034,"ft_order_side":"sell","order_filled_timestamp":1760616000000,"ft_is_entry":false,"ft_order_tag":"roi","cost":334.9023677999999}],"funding_fees":0.0,"weekday":3},{"pair":"DOGE/USDT","stake_amount":331.87528,"max_stake_amount":331.87528,"amount":1748.0,"open_date":"2025-10-19 10:00:00+00:00","close_date":"2025-10-19 12:00:00+00:00","open_rate":0.18986,"close_rate":0.1933,"fee_open":0.001,"fee_close":0.001,"trade_duration":120,"profit_ratio":0.016084410690962888,"profit_abs":5.34335632,"exit_reason":"roi","initial_stop_loss_abs":0.18037,"initial_stop_loss_ratio":-0.05,"stop_loss_abs":0.18037,"stop_loss_ratio":-0.05,"min_rate":0.18895,"max_rate":0.1968,"is_open":false,"enter_tag":"","leverage":1.0,"is_short":false,"open_timestamp":1760868000000,"close_timestamp":1760875200000,"orders":[{"amount":1748.0,"safe_price":0.18986,"ft_order_side":"buy","order_filled_timestamp":1760868000000,"ft_is_entry":true,"ft_order_tag":"","cost":332.20715527999994},{"amount":1748.0,"safe_price":0.1933,"ft_order_side":"sell","order_filled_timestamp":1760875200000,"ft_is_entry":false,"ft_order_tag":"roi","cost":338.22628839999993}],"funding_fees":0.0,"weekday":6},{"pair":"DOGE/USDT","stake_amount":333.6801,"max_stake_amount":333.6801,"amount":1742.0,"open_date":"2025-10-23 05:00:00+00:00","close_date":"2025-10-23 07:00:00+00:00","open_rate":0.19155,"close_rate":0.19477,"fee_open":0.001,"fee_close":0.001,"trade_duration":120,"profit_ratio":0.014778643439567479,"profit_abs":4.93627056,"exit_reason":"roi","initial_stop_loss_abs":0.18198,"initial_stop_loss_ratio":-0.05,"stop_loss_abs":0.18198,"stop_loss_ratio":-0.05,"min_rate":0.1913,"max_rate":0.19498,"is_open":false,"enter_tag":"","leverage":1.0,"is_short":false,"open_timestamp":1761195600000,"close_timestamp":1761202800000,"orders":[{"amount":1742.0,"safe_price":0.19155,"ft_order_side":"buy","order_filled_timestamp":1761195600000,"ft_is_entry":true,"ft_order_tag":"","cost":334.01378009999996},{"amount":1742.0,"safe_price":0.19477,"ft_order_side":"sell","order_filled_timestamp":1761202800000,"ft_is_entry":false,"ft_order_tag":"roi","cost":339.6286293399999}],"funding_fees":0.0,"weekday":3},{"pair":"DOGE/USDT","stake_amount":335.33026,"max_stake_amount":335.33026,"amount":1723.0,"open_date":"2025-10-23 23:00:00+00:00","close_date":"2025-10-24 01:00:00+00:00","open_rate":0.19462,"close_rate":0.19535,"fee_open":0.001,"fee_close":0.001,"trade_duration":120,"profit_ratio":0.0017454028860872967,"profit_abs":0.58587169,"exit_reason":"roi","initial_stop_loss_abs":0.18489,"initial_stop_loss_ratio":-0.05,"stop_loss_abs":0.18489,"stop_loss_ratio":-0.05,"min_rate":0.19431,"max_rate":0.19594,"is_open":false,"enter_tag":"","leverage":1.0,"is_short":false,"open_timestamp":1761260400000,"close_timestamp":1761267600000,"orders":[{"amount":1723.0,"safe_price":0.19462,"ft_order_side":"buy","order_filled_timestamp":1761260400000,"ft_is_entry":true,"ft_order_tag":"","cost":335.66559025999993},{"amount":1723.0,"safe_price":0.19535,"ft_order_side":"sell","order_filled_timestamp":1761267600000,"ft_is_entry":false,"ft_order_tag":"roi","cost":336.92463805}],"funding_fees":0.0,"weekday":4},{"pair":"DOGE/USDT","stake_amount":335.49288,"max_stake_amount":335.49288,"amount":1711.0,"open_date":"2025-10-24 19:00:00+00:00","close_date":"2025-10-24 21:00:00+00:00","open_rate":0.19608,"close_rate":0.19762,"fee_open":0.001,"fee_close":0.001,"trade_duration":120,"profit_ratio":0.0058402429883458035,"profit_abs":1.9613193,"exit_reason":"roi","initial_stop_loss_abs":0.18628,"initial_stop_loss_ratio":-0.05,"stop_loss_abs":0.18628,"stop_loss_ratio":-0.05,"min_rate":0.19603,"max_rate":0.19819,"is_open":false,"enter_tag":"","leverage":1.0,"is_short":false,"open_timestamp":1761332400000,"close_timestamp":1761339600000,"orders":[{"amount":1711.0,"safe_price":0.19608,"ft_order_side":"buy","order_filled_timestamp":1761332400000,"ft_is_entry":true,"ft_order_tag":"","cost":335.82837287999996},{"amount":1711.0,"safe_price":0.19762,"ft_order_side":"sell","order_filled_timestamp":1761339600000,"ft_is_entry":false,"ft_order_tag":"roi","cost":338.46594781999994}],"funding_fees":0.0,"weekday":4},{"pair":"DOGE/USDT","stake_amount":336.16682,"max_stake_amount":336.16682,"amount":1714.0,"open_date":"2025-10-26 07:00:00+00:00","close_date":"2025-10-26 09:00:00+00:00","open_rate":0.19613,"close_rate":0.19709,"fee_open":0.001,"fee_close":0.001,"trade_duration":120,"profit_ratio":0.0028869310468249945,"profit_abs":0.97146092,"exit_reason":"roi","initial_stop_loss_abs":0.18633,"initial_stop_loss_ratio":-0.05,"stop_loss_abs":0.18633,"stop_loss_ratio":-0.05,"min_rate":0.19594,"max_rate":0.20094,"is_open":false,"enter_tag":"","leverage":1.0,"is_short":false,"open_timestamp":1761462000000,"close_timestamp":1761469200000,"orders":[{"amount":1714.0,"safe_price":0.19613,"ft_order_side":"buy","order_filled_timestamp":1761462000000,"ft_is_entry":true,"ft_order_tag":"","cost":336.50298681999993},{"amount":1714.0,"safe_price":0.19709,"ft_order_side":"sell","order_filled_timestamp":1761469200000,"ft_is_entry":false,"ft_order_tag":"roi","cost":338.15007225999994}],"funding_fees":0.0,"weekday":6},{"pair":"DOGE/USDT","stake_amount":336.544,"max_stake_amount":336.544,"amount":1664.0,"open_date":"2025-10-28 18:00:00+00:00","close_date":"2025-10-28 20:00:00+00:00","open_rate":0.20225,"close_rate":0.19214,"fee_open":0.001,"fee_close":0.001,"trade_duration":120,"profit_ratio":-0.051885765655852185,"profit_abs":-17.47930496,"exit_reason":"stop_loss","initial_stop_loss_abs":0.19214,"initial_stop_loss_ratio":-0.05,"stop_loss_abs":0.19214,"stop_loss_ratio":-0.05,"min_rate":0.19189,"max_rate":0.20245,"is_open":false,"enter_tag":"","leverage":1.0,"is_short":false,"open_timestamp":1761674400000,"close_timestamp":1761681600000,"orders":[{"amount":1664.0,"safe_price":0.20225,"ft_order_side":"buy","order_filled_timestamp":1761674400000,"ft_is_entry":true,"ft_order_tag":"","cost":336.880544},{"amount":1664.0,"safe_price":0.19214,"ft_order_side":"sell","order_filled_timestamp":1761681600000,"ft_is_entry":false,"ft_order_tag":"stop_loss","cost":320.04068096}],"funding_fees":0.0,"weekday":1},{"pair":"DOGE/USDT","stake_amount":330.6644,"max_stake_amount":330.6644,"amount":1784.0,"open_date":"2025-10-31 19:00:00+00:00","close_date":"2025-10-31 21:00:00+00:00","open_rate":0.18535,"close_rate":0.18598,"fee_open":0.001,"fee_close":0.001,"trade_duration":120,"profit_ratio":0.00139418175566004,"profit_abs":0.46146728,"exit_reason":"roi","initial_stop_loss_abs":0.17609,"initial_stop_loss_ratio":-0.05,"stop_loss_abs":0.17609,"stop_loss_ratio":-0.05,"min_rate":0.18454,"max_rate":0.18816,"is_open":false,"enter_tag":"","leverage":1.0,"is_short":false,"open_timestamp":1761937200000,"close_timestamp":1761944400000,"orders":[{"amount":1784.0,"safe_price":0.18535,"ft_order_side":"buy","order_filled_timestamp":1761937200000,"ft_is_entry":true,"ft_order_tag":"","cost":330.9950644},{"amount":1784.0,"safe_price":0.18598,"ft_order_side":"sell","order_filled_timestamp":1761944400000,"ft_is_entry":false,"ft_order_tag":"roi","cost":332.12010832}],"funding_fees":0.0,"weekday":4},{"pair":"DOGE/USDT","stake_amount":330.9369,"max_stake_amount":330.9369,"amount":1770.0,"open_date":"2025-11-02 12:00:00+00:00","close_date":"2025-11-03 03:00:00+00:00","open_rate":0.18697,"close_rate":0.17763,"fee_open":0.001,"fee_close":0.001,"trade_duration":900,"profit_ratio":-0.05185273089214898,"profit_abs":-17.177142,"exit_reason":"stop_loss","initial_stop_loss_abs":0.17763,"initial_stop_loss_ratio":-0.05,"stop_loss_abs":0.17763,"stop_loss_ratio":-0.05,"min_rate":0.17456,"max_rate":0.18704,"is_open":false,"enter_tag":"","leverage":1.0,"is_short":false,"open_timestamp":1762084800000,"close_timestamp":1762138800000,"orders":[{"amount":1770.0,"safe_price":0.18697,"ft_order_side":"buy","order_filled_timestamp":1762084800000,"ft_is_entry":true,"ft_order_tag":"","cost":331.26783689999996},{"amount":1770.0,"safe_price":0.17763,"ft_order_side":"sell","order_filled_timestamp":1762138800000,"ft_is_entry":false,"ft_order_tag":"stop_loss","cost":314.7195051}],"funding_fees":0.0,"weekday":0},{"pair":"DOGE/USDT","stake_amount":325.16778,"max_stake_amount":325.16778,"amount":1986.0,"open_date":"2025-11-16 03:00:00+00:00","close_date":"2025-11-16 05:00:00+00:00","open_rate":0.16373,"close_rate":0.16405778778778773,"fee_open":0.001,"fee_close":0.001,"trade_duration":120,"profit_ratio":0.0,"profit_abs":0.0,"exit_reason":"roi","initial_stop_loss_abs":0.15555,"initial_stop_loss_ratio":-0.05,"stop_loss_abs":0.15555,"stop_loss_ratio":-0.05,"min_rate":0.16271,"max_rate":0.16445,"is_open":false,"enter_tag":"","leverage":1.0,"is_short":false,"open_timestamp":1763262000000,"close_timestamp":1763269200000,"orders":[{"amount":1986.0,"safe_price":0.16373,"ft_order_side":"buy","order_filled_timestamp":1763262000000,"ft_is_entry":true,"ft_order_tag":"","cost":325.49294777999995},{"amount":1986.0,"safe_price":0.16405778778778773,"ft_order_side":"sell","order_filled_timestamp":1763269200000,"ft_is_entry":false,"ft_order_tag":"roi","cost":326.14458531309293}],"funding_fees":0.0,"weekday":6},{"pair":"DOGE/USDT","stake_amount":325.20656,"max_stake_amount":325.20656,"amount":1982.0,"open_date":"2025-11-16 08:00:00+00:00","close_date":"2025-11-16 10:00:00+00:00","open_rate":0.16408,"close_rate":0.16544,"fee_open":0.001,"fee_close":0.001,"trade_duration":120,"profit_ratio":0.006274076971297839,"profit_abs":2.04241136,"exit_reason":"roi","initial_stop_loss_abs":0.15588,"initial_stop_loss_ratio":-0.05,"stop_loss_abs":0.15588,"stop_loss_ratio":-0.05,"min_rate":0.16337,"max_rate":0.16563,"is_open":false,"enter_tag":"","leverage":1.0,"is_short":false,"open_timestamp":1763280000000,"close_timestamp":1763287200000,"orders":[{"amount":1982.0,"safe_price":0.16408,"ft_order_side":"buy","order_filled_timestamp":1763280000000,"ft_is_entry":true,"ft_order_tag":"","cost":325.53176656},{"amount":1982.0,"safe_price":0.16544,"ft_order_side":"sell","order_filled_timestamp":1763287200000,"ft_is_entry":false,"ft_order_tag":"roi","cost":328.22998207999996}],"funding_fees":0.0,"weekday":6},{"pair":"DOGE/USDT","stake_amount":325.94172,"max_stake_amount":325.94172,"amount":2236.0,"open_date":"2025-11-24 14:00:00+00:00","close_date":"2025-11-24 15:00:00+00:00","open_rate":0.14577,"close_rate":0.14537,"fee_open":0.001,"fee_close":0.001,"trade_duration":60,"profit_ratio":-0.004736568226998358,"profit_abs":-1.54538904,"exit_reason":"exit_signal","initial_stop_loss_abs":0.13849,"initial_stop_loss_ratio":-0.05,"stop_loss_abs":0.13849,"stop_loss_ratio":-0.05,"min_rate":0.14279,"max_rate":0.14763,"is_open":false,"enter_tag":"","leverage":1.0,"is_short":false,"open_timestamp":1763992800000,"close_timestamp":1763996400000,"orders":[{"amount":2236.0,"safe_price":0.14577,"ft_order_side":"buy","order_filled_timestamp":1763992800000,"ft_is_entry":true,"ft_order_tag":"","cost":326.26766172},{"amount":2236.0,"safe_price":0.14537,"ft_order_side":"sell","order_filled_timestamp":1763996400000,"ft_is_entry":false,"ft_order_tag":"exit_signal","cost":325.37236731999997}],"funding_fees":0.0,"weekday":0},{"pair":"DOGE/USDT","stake_amount":325.35312,"max_stake_amount":325.35312,"amount":2216.0,"open_date":"2025-11-24 16:00:00+00:00","close_date":"2025-11-24 18:00:00+00:00","open_rate":0.14682,"close_rate":0.15211,"fee_open":0.001,"fee_close":0.001,"trade_duration":120,"profit_ratio":0.03396052251793977,"profit_abs":11.06021112,"exit_reason":"roi","initial_stop_loss_abs":0.13948,"initial_stop_loss_ratio":-0.05,"stop_loss_abs":0.13948,"stop_loss_ratio":-0.05,"min_rate":0.14673,"max_rate":0.153,"is_open":false,"enter_tag":"","leverage":1.0,"is_short":false,"open_timestamp":1764000000000,"close_timestamp":1764007200000,"orders":[{"amount":2216.0,"safe_price":0.14682,"ft_order_side":"buy","order_filled_timestamp":1764000000000,"ft_is_entry":true,"ft_order_tag":"","cost":325.67847312},{"amount":2216.0,"safe_price":0.15211,"ft_order_side":"sell","order_filled_timestamp":1764007200000,"ft_is_entry":false,"ft_order_tag":"roi","cost":337.41283575999995}],"funding_fees":0.0,"weekday":0},{"pair":"DOGE/USDT","stake_amount":328.96146,"max_stake_amount":328.96146,"amount":2201.0,"open_date":"2025-11-25 13:00:00+00:00","close_date":"2025-11-25 16:00:00+00:00","open_rate":0.14946,"close_rate":0.14975921921921923,"fee_open":0.001,"fee_close":0.001,"trade_duration":180,"profit_ratio":0.0,"profit_abs":0.0,"exit_reason":"roi","initial_stop_loss_abs":0.14199,"initial_stop_loss_ratio":-0.05,"stop_loss_abs":0.14199,"stop_loss_ratio":-0.05,"min_rate":0.14585,"max_rate":0.15052,"is_open":false,"enter_tag":"","leverage":1.0,"is_short":false,"open_timestamp":1764075600000,"close_timestamp":1764086400000,"orders":[{"amount":2201.0,"safe_price":0.14946,"ft_order_side":"buy","order_filled_timestamp":1764075600000,"ft_is_entry":true,"ft_order_tag":"","cost":329.29042146},{"amount":2201.0,"safe_price":0.14975921921921923,"ft_order_side":"sell","order_filled_timestamp":1764086400000,"ft_is_entry":false,"ft_order_tag":"roi","cost":329.949661543003}],"funding_fees":0.0,"weekday":1},{"pair":"DOGE/USDT","stake_amount":328.97878,"max_stake_amount":328.97878,"amount":2197.0,"open_date":"2025-11-25 17:00:00+00:00","close_date":"2025-11-25 19:00:00+00:00","open_rate":0.14974,"close_rate":0.15106,"fee_open":0.001,"fee_close":0.001,"trade_duration":120,"profit_ratio":0.0067996648736597986,"profit_abs":2.2391824,"exit_reason":"roi","initial_stop_loss_abs":0.14226,"initial_stop_loss_ratio":-0.05,"stop_loss_abs":0.14226,"stop_loss_ratio":-0.05,"min_rate":0.14842,"max_rate":0.15222,"is_open":false,"enter_tag":"","leverage":1.0,"is_short":false,"open_timestamp":1764090000000,"close_timestamp":1764097200000,"orders":[{"amount":2197.0,"safe_price":0.14974,"ft_order_side":"buy","order_filled_timestamp":1764090000000,"ft_is_entry":true,"ft_order_tag":"","cost":329.30775878},{"amount":2197.0,"safe_price":0.15106,"ft_order_side":"sell","order_filled_timestamp":1764097200000,"ft_is_entry":false,"ft_order_tag":"roi","cost":332.21069882}],"funding_fees":0.0,"weekday":1},{"pair":"DOGE/USDT","stake_amount":329.69025,"max_stake_amount":329.69025,"amount":2187.0,"open_date":"2025-11-26 14:00:00+00:00","close_date":"2025-11-26 16:00:00+00:00","open_rate":0.15075,"close_rate":0.15105180180180178,"fee_open":0.001,"fee_close":0.001,"trade_duration":120,"profit_ratio":0.0,"profit_abs":0.0,"exit_reason":"roi","initial_stop_loss_abs":0.14322,"initial_stop_loss_ratio":-0.05,"stop_loss_abs":0.14322,"stop_loss_ratio":-0.05,"min_rate":0.14971,"max_rate":0.15277,"is_open":false,"enter_tag":"","leverage":1.0,"is_short":false,"open_timestamp":1764165600000,"close_timestamp":1764172800000,"orders":[{"amount":2187.0,"safe_price":0.15075,"ft_order_side":"buy","order_filled_timestamp":1764165600000,"ft_is_entry":true,"ft_order_tag":"","cost":330.01994024999993},{"amount":2187.0,"safe_price":0.15105180180180178,"ft_order_side":"sell","order_filled_timestamp":1764172800000,"ft_is_entry":false,"ft_order_tag":"roi","cost":330.68064083108095}],"funding_fees":0.0,"weekday":2},{"pair":"DOGE/USDT","stake_amount":329.76741,"max_stake_amount":329.76741,"amount":2191.0,"open_date":"2025-11-30 14:00:00+00:00","close_date":"2025-12-01 00:00:00+00:00","open_rate":0.15051,"close_rate":0.14299,"fee_open":0.001,"fee_close":0.001,"trade_duration":600,"profit_ratio":-0.05186163248750453,"profit_abs":-17.1193785,"exit_reason":"stop_loss","initial_stop_loss_abs":0.14299,"initial_stop_loss_ratio":-0.05,"stop_loss_abs":0.14299,"stop_loss_ratio":-0.05,"min_rate":0.13876,"max_rate":0.15057,"is_open":false,"enter_tag":"","leverage":1.0,"is_short":false,"open_timestamp":1764511200000,"close_timestamp":1764547200000,"orders":[{"amount":2191.0,"safe_price":0.15051,"ft_order_side":"buy","order_filled_timestamp":1764511200000,"ft_is_entry":true,"ft_order_tag":"","cost":330.09717741},{"amount":2191.0,"safe_price":0.14299,"ft_order_side":"sell","order_filled_timestamp":1764547200000,"ft_is_entry":false,"ft_order_tag":"stop_loss","cost":313.60438108999995}],"funding_fees":0.0,"weekday":0},{"pair":"DOGE/USDT","stake_amount":324.0576,"max_stake_amount":324.0576,"amount":2320.0,"open_date":"2025-12-06 12:00:00+00:00","close_date":"2025-12-06 14:00:00+00:00","open_rate":0.13968,"close_rate":0.13995963963963962,"fee_open":0.001,"fee_close":0.001,"trade_duration":120,"profit_ratio":0.0,"profit_abs":0.0,"exit_reason":"roi","initial_stop_loss_abs":0.1327,"initial_stop_loss_ratio":-0.05,"stop_loss_abs":0.1327,"stop_loss_ratio":-0.05,"min_rate":0.13926,"max_rate":0.14076,"is_open":false,"enter_tag":"","leverage":1.0,"is_short":false,"open_timestamp":1765022400000,"close_timestamp":1765029600000,"orders":[{"amount":2320.0,"safe_price":0.13968,"ft_order_side":"buy","order_filled_timestamp":1765022400000,"ft_is_entry":true,"ft_order_tag":"","cost":324.3816575999999},{"amount":2320.0,"safe_price":0.13995963963963962,"ft_order_side":"sell","order_filled_timestamp":1765029600000,"ft_is_entry":false,"ft_order_tag":"roi","cost":325.0310703279278}],"funding_fees":0.0,"weekday":5},{"pair":"DOGE/USDT","stake_amount":324.05706,"max_stake_amount":324.05706,"amount":2319.0,"open_date":"2025-12-06 17:00:00+00:00","close_date":"2025-12-06 19:00:00+00:00","open_rate":0.13974,"close_rate":0.14001975975975972,"fee_open":0.001,"fee_close":0.001,"trade_duration":120,"profit_ratio":0.0,"profit_abs":0.0,"exit_reason":"roi","initial_stop_loss_abs":0.13276,"initial_stop_loss_ratio":-0.05,"stop_loss_abs":0.13276,"stop_loss_ratio":-0.05,"min_rate":0.13907,"max_rate":0.14058,"is_open":false,"enter_tag":"","leverage":1.0,"is_short":false,"open_timestamp":1765040400000,"close_timestamp":1765047600000,"orders":[{"amount":2319.0,"safe_price":0.13974,"ft_order_side":"buy","order_filled_timestamp":1765040400000,"ft_is_entry":true,"ft_order_tag":"","cost":324.38111706},{"amount":2319.0,"safe_price":0.14001975975975972,"ft_order_side":"sell","order_filled_timestamp":1765047600000,"ft_is_entry":false,"ft_order_tag":"roi","cost":325.0305287057656}],"funding_fees":0.0,"weekday":5},{"pair":"DOGE/USDT","stake_amount":324.1736,"max_stake_amount":324.1736,"amount":2320.0,"open_date":"2025-12-06 21:00:00+00:00","close_date":"2025-12-07 00:00:00+00:00","open_rate":0.13973,"close_rate":0.1400097397397397,"fee_open":0.001,"fee_close":0.001,"trade_duration":180,"profit_ratio":0.0,"profit_abs":0.0,"exit_reason":"roi","initial_stop_loss_abs":0.13275,"initial_stop_loss_ratio":-0.05,"stop_loss_abs":0.13275,"stop_loss_ratio":-0.05,"min_rate":0.13906,"max_rate":0.1405,"is_open":false,"enter_tag":"","leverage":1.0,"is_short":false,"open_timestamp":1765054800000,"close_timestamp":1765065600000,"orders":[{"amount":2320.0,"safe_price":0.13973,"ft_order_side":"buy","order_filled_timestamp":1765054800000,"ft_is_entry":true,"ft_order_tag":"","cost":324.4977735999999},{"amount":2320.0,"safe_price":0.1400097397397397,"ft_order_side":"sell","order_filled_timestamp":1765065600000,"ft_is_entry":false,"ft_order_tag":"roi","cost":325.1474187923923}],"funding_fees":0.0,"weekday":6},{"pair":"DOGE/USDT","stake_amount":324.11775,"max_stake_amount":324.11775,"amount":2311.0,"open_date":"2025-12-07 03:00:00+00:00","close_date":"2025-12-07 06:00:00+00:00","open_rate":0.14025,"close_rate":0.14053078078078077,"fee_open":0.001,"fee_close":0.001,"trade_duration":180,"profit_ratio":0.0,"profit_abs":0.0,"exit_reason":"roi","initial_stop_loss_abs":0.13324,"initial_stop_loss_ratio":-0.05,"stop_loss_abs":0.13324,"stop_loss_ratio":-0.05,"min_rate":0.13979,"max_rate":0.1409,"is_open":false,"enter_tag":"","leverage":1.0,"is_short":false,"open_timestamp":1765076400000,"close_timestamp":1765087200000,"orders":[{"amount":2311.0,"safe_price":0.14025,"ft_order_side":"buy","order_filled_timestamp":1765076400000,"ft_is_entry":true,"ft_order_tag":"","cost":324.44186775000003},{"amount":2311.0,"safe_price":0.14053078078078077,"ft_order_side":"sell","order_filled_timestamp":1765087200000,"ft_is_entry":false,"ft_order_tag":"roi","cost":325.0914010187687}],"funding_fees":0.0,"weekday":6},{"pair":"DOGE/USDT","stake_amount":324.17437,"max_stake_amount":324.17437,"amount":2327.0,"open_date":"2025-12-07 16:00:00+00:00","close_date":"2025-12-07 18:00:00+00:00","open_rate":0.13931,"close_rate":0.14145,"fee_open":0.001,"fee_close":0.001,"trade_duration":120,"profit_ratio":0.013332730007771285,"profit_abs":4.32645148,"exit_reason":"roi","initial_stop_loss_abs":0.13235,"initial_stop_loss_ratio":-0.05,"stop_loss_abs":0.13235,"stop_loss_ratio":-0.05,"min_rate":0.13818,"max_rate":0.14291,"is_open":false,"enter_tag":"","leverage":1.0,"is_short":false,"open_timestamp":1765123200000,"close_timestamp":1765130400000,"orders":[{"amount":2327.0,"safe_price":0.13931,"ft_order_side":"buy","order_filled_timestamp":1765123200000,"ft_is_entry":true,"ft_order_tag":"","cost":324.49854436999993},{"amount":2327.0,"safe_price":0.14145,"ft_order_side":"sell","order_filled_timestamp":1765130400000,"ft_is_entry":false,"ft_order_tag":"roi","cost":329.4833041499999}],"funding_fees":0.0,"weekday":6},{"pair":"DOGE/USDT","stake_amount":325.46943,"max_stake_amount":325.46943,"amount":2299.0,"open_date":"2025-12-09 13:00:00+00:00","close_date":"2025-12-09 15:00:00+00:00","open_rate":0.14157,"close_rate":0.1418534234234234,"fee_open":0.001,"fee_close":0.001,"trade_duration":120,"profit_ratio":0.0,"profit_abs":0.0,"exit_reason":"roi","initial_stop_loss_abs":0.1345,"initial_stop_loss_ratio":-0.05,"stop_loss_abs":0.1345,"stop_loss_ratio":-0.05,"min_rate":0.14049,"max_rate":0.14682,"is_open":false,"enter_tag":"","leverage":1.0,"is_short":false,"open_timestamp":1765285200000,"close_timestamp":1765292400000,"orders":[{"amount":2299.0,"safe_price":0.14157,"ft_order_side":"buy","order_filled_timestamp":1765285200000,"ft_is_entry":true,"ft_order_tag":"","cost":325.79489942999993},{"amount":2299.0,"safe_price":0.1418534234234234,"ft_order_side":"sell","order_filled_timestamp":1765292400000,"ft_is_entry":false,"ft_order_tag":"roi","cost":326.4471414709008}],"funding_fees":0.0,"weekday":1},{"pair":"DOGE/USDT","stake_amount":325.55536,"max_stake_amount":325.55536,"amount":2228.0,"open_date":"2025-12-10 18:00:00+00:00","close_date":"2025-12-10 20:00:00+00:00","open_rate":0.14612,"close_rate":0.14753,"fee_open":0.001,"fee_close":0.001,"trade_duration":120,"profit_ratio":0.007632321141765434,"profit_abs":2.4872278,"exit_reason":"roi","initial_stop_loss_abs":0.13882,"initial_stop_loss_ratio":-0.05,"stop_loss_abs":0.13882,"stop_loss_ratio":-0.05,"min_rate":0.14541,"max_rate":0.15031,"is_open":false,"enter_tag":"","leverage":1.0,"is_short":false,"open_timestamp":1765389600000,"close_timestamp":1765396800000,"orders":[{"amount":2228.0,"safe_price":0.14612,"ft_order_side":"buy","order_filled_timestamp":1765389600000,"ft_is_entry":true,"ft_order_tag":"","cost":325.88091535999996},{"amount":2228.0,"safe_price":0.14753,"ft_order_side":"sell","order_filled_timestamp":1765396800000,"ft_is_entry":false,"ft_order_tag":"roi","cost":329.02553684}],"funding_fees":0.0,"weekday":2},{"pair":"DOGE/USDT","stake_amount":326.37384,"max_stake_amount":326.37384,"amount":2364.0,"open_date":"2025-12-11 19:00:00+00:00","close_date":"2025-12-11 21:00:00+00:00","open_rate":0.13806,"close_rate":0.14006,"fee_open":0.001,"fee_close":0.001,"trade_duration":120,"profit_ratio":0.012459509200056788,"profit_abs":4.07052432,"exit_reason":"roi","initial_stop_loss_abs":0.13116,"initial_stop_loss_ratio":-0.05,"stop_loss_abs":0.13116,"stop_loss_ratio":-0.05,"min_rate":0.13787,"max_rate":0.14281,"is_open":false,"enter_tag":"","leverage":1.0,"is_short":false,"open_timestamp":1765479600000,"close_timestamp":1765486800000,"orders":[{"amount":2364.0,"safe_price":0.13806,"ft_order_side":"buy","order_filled_timestamp":1765479600000,"ft_is_entry":true,"ft_order_tag":"","cost":326.70021383999995},{"amount":2364.0,"safe_price":0.14006,"ft_order_side":"sell","order_filled_timestamp":1765486800000,"ft_is_entry":false,"ft_order_tag":"roi","cost":331.43294183999996}],"funding_fees":0.0,"weekday":3},{"pair":"DOGE/USDT","stake_amount":327.73842,"max_stake_amount":327.73842,"amount":2358.0,"open_date":"2025-12-13 20:00:00+00:00","close_date":"2025-12-13 22:00:00+00:00","open_rate":0.13899,"close_rate":0.13926825825825823,"fee_open":0.001,"fee_close":0.001,"trade_duration":120,"profit_ratio":0.0,"profit_abs":0.0,"exit_reason":"roi","initial_stop_loss_abs":0.13205,"initial_stop_loss_ratio":-0.05,"stop_loss_abs":0.13205,"stop_loss_ratio":-0.05,"min_rate":0.13789,"max_rate":0.13944,"is_open":false,"enter_tag":"","leverage":1.0,"is_short":false,"open_timestamp":1765656000000,"close_timestamp":1765663200000,"orders":[{"amount":2358.0,"safe_price":0.13899,"ft_order_side":"buy","order_filled_timestamp":1765656000000,"ft_is_entry":true,"ft_order_tag":"","cost":328.06615841999997},{"amount":2358.0,"safe_price":0.13926825825825823,"ft_order_side":"sell","order_filled_timestamp":1765663200000,"ft_is_entry":false,"ft_order_tag":"roi","cost":328.72294752594587}],"funding_fees":0.0,"weekday":5},{"pair":"DOGE/USDT","stake_amount":327.71728,"max_stake_amount":327.71728,"amount":2357.0,"open_date":"2025-12-14 03:00:00+00:00","close_date":"2025-12-15 15:00:00+00:00","open_rate":0.13904,"close_rate":0.13209,"fee_open":0.001,"fee_close":0.001,"trade_duration":2160,"profit_ratio":-0.0518837462882342,"profit_abs":-17.02020341,"exit_reason":"stop_loss","initial_stop_loss_abs":0.13209,"initial_stop_loss_ratio":-0.05,"stop_loss_abs":0.13209,"stop_loss_ratio":-0.05,"min_rate":0.12977,"max_rate":0.13925,"is_open":false,"enter_tag":"","leverage":1.0,"is_short":false,"open_timestamp":1765681200000,"close_timestamp":1765810800000,"orders":[{"amount":2357.0,"safe_price":0.13904,"ft_order_side":"buy","order_filled_timestamp":1765681200000,"ft_is_entry":true,"ft_order_tag":"","cost":328.04499727999996},{"amount":2357.0,"safe_price":0.13209,"ft_order_side":"sell","order_filled_timestamp":1765810800000,"ft_is_entry":false,"ft_order_tag":"stop_loss","cost":311.64746613}],"funding_fees":0.0,"weekday":0},{"pair":"DOGE/USDT","stake_amount":322.08813,"max_stake_amount":322.08813,"amount":2457.0,"open_date":"2025-12-17 14:00:00+00:00","close_date":"2025-12-18 05:00:00+00:00","open_rate":0.13109,"close_rate":0.12454,"fee_open":0.001,"fee_close":0.001,"trade_duration":900,"profit_ratio":-0.05186384292342032,"profit_abs":-16.72143291,"exit_reason":"stop_loss","initial_stop_loss_abs":0.12454,"initial_stop_loss_ratio":-0.05,"stop_loss_abs":0.12454,"stop_loss_ratio":-0.05,"min_rate":0.12385,"max_rate":0.13631,"is_open":false,"enter_tag":"","leverage":1.0,"is_short":false,"open_timestamp":1765980000000,"close_timestamp":1766034000000,"orders":[{"amount":2457.0,"safe_price":0.13109,"ft_order_side":"buy","order_filled_timestamp":1765980000000,"ft_is_entry":true,"ft_order_tag":"","cost":322.41021813},{"amount":2457.0,"safe_price":0.12454,"ft_order_side":"sell","order_filled_timestamp":1766034000000,"ft_is_entry":false,"ft_order_tag":"stop_loss","cost":306.30077478}],"funding_fees":0.0,"weekday":3},{"pair":"DOGE/USDT","stake_amount":316.62792,"max_stake_amount":316.62792,"amount":2408.0,"open_date":"2025-12-21 06:00:00+00:00","close_date":"2025-12-21 08:00:00+00:00","open_rate":0.13149,"close_rate":0.13175324324324322,"fee_open":0.001,"fee_close":0.001,"trade_duration":120,"profit_ratio":0.0,"profit_abs":0.0,"exit_reason":"roi","initial_stop_loss_abs":0.12492,"initial_stop_loss_ratio":-0.05,"stop_loss_abs":0.12492,"stop_loss_ratio":-0.05,"min_rate":0.13122,"max_rate":0.13307,"is_open":false,"enter_tag":"","leverage":1.0,"is_short":false,"open_timestamp":1766296800000,"close_timestamp":1766304000000,"orders":[{"amount":2408.0,"safe_price":0.13149,"ft_order_side":"buy","order_filled_timestamp":1766296800000,"ft_is_entry":true,"ft_order_tag":"","cost":316.94454792},{"amount":2408.0,"safe_price":0.13175324324324322,"ft_order_side":"sell","order_filled_timestamp":1766304000000,"ft_is_entry":false,"ft_order_tag":"roi","cost":317.5790715394594}],"funding_fees":0.0,"weekday":6},{"pair":"DOGE/USDT","stake_amount":316.61904,"max_stake_amount":316.61904,"amount":2384.0,"open_date":"2025-12-21 09:00:00+00:00","close_date":"2025-12-22 00:00:00+00:00","open_rate":0.13281,"close_rate":0.13307588588588587,"fee_open":0.001,"fee_close":0.001,"trade_duration":900,"profit_ratio":0.0,"profit_abs":0.0,"exit_reason":"roi","initial_stop_loss_abs":0.12617,"initial_stop_loss_ratio":-0.05,"stop_loss_abs":0.12617,"stop_loss_ratio":-0.05,"min_rate":0.12871,"max_rate":0.13424,"is_open":false,"enter_tag":"","leverage":1.0,"is_short":false,"open_timestamp":1766307600000,"close_timestamp":1766361600000,"orders":[{"amount":2384.0,"safe_price":0.13281,"ft_order_side":"buy","order_filled_timestamp":1766307600000,"ft_is_entry":true,"ft_order_tag":"","cost":316.93565904},{"amount":2384.0,"safe_price":0.13307588588588587,"ft_order_side":"sell","order_filled_timestamp":1766361600000,"ft_is_entry":false,"ft_order_tag":"roi","cost":317.5701648639038}],"funding_fees":0.0,"weekday":0},{"pair":"DOGE/USDT","stake_amount":316.60104,"max_stake_amount":316.60104,"amount":2388.0,"open_date":"2025-12-23 00:00:00+00:00","close_date":"2025-12-23 02:00:00+00:00","open_rate":0.13258,"close_rate":0.1329,"fee_open":0.001,"fee_close":0.001,"trade_duration":120,"profit_ratio":0.0004108125996796988,"profit_abs":0.13019376,"exit_reason":"roi","initial_stop_loss_abs":0.12596,"initial_stop_loss_ratio":-0.05,"stop_loss_abs":0.12596,"stop_loss_ratio":-0.05,"min_rate":0.13201,"max_rate":0.13369,"is_open":false,"enter_tag":"","leverage":1.0,"is_short":false,"open_timestamp":1766448000000,"close_timestamp":1766455200000,"orders":[{"amount":2388.0,"safe_price":0.13258,"ft_order_side":"buy","order_filled_timestamp":1766448000000,"ft_is_entry":true,"ft_order_tag":"","cost":316.91764104},{"amount":2388.0,"safe_price":0.1329,"ft_order_side":"sell","order_filled_timestamp":1766455200000,"ft_is_entry":false,"ft_order_tag":"roi","cost":317.68256519999994}],"funding_fees":0.0,"weekday":1},{"pair":"DOGE/USDT","stake_amount":316.6632,"max_stake_amount":316.6632,"amount":2562.0,"open_date":"2025-12-27 22:00:00+00:00","close_date":"2025-12-28 00:00:00+00:00","open_rate":0.1236,"close_rate":0.12435,"fee_open":0.001,"fee_close":0.001,"trade_duration":120,"profit_ratio":0.00405783536851498,"profit_abs":1.2862521,"exit_reason":"roi","initial_stop_loss_abs":0.11742,"initial_stop_loss_ratio":-0.05,"stop_loss_abs":0.11742,"stop_loss_ratio":-0.05,"min_rate":0.12316,"max_rate":0.12492,"is_open":false,"enter_tag":"","leverage":1.0,"is_short":false,"open_timestamp":1766872800000,"close_timestamp":1766880000000,"orders":[{"amount":2562.0,"safe_price":0.1236,"ft_order_side":"buy","order_filled_timestamp":1766872800000,"ft_is_entry":true,"ft_order_tag":"","cost":316.97986319999995},{"amount":2562.0,"safe_price":0.12435,"ft_order_side":"sell","order_filled_timestamp":1766880000000,"ft_is_entry":false,"ft_order_tag":"roi","cost":318.9032847}],"funding_fees":0.0,"weekday":6},{"pair":"DOGE/USDT","stake_amount":317.08968,"max_stake_amount":317.08968,"amount":2558.0,"open_date":"2025-12-28 23:00:00+00:00","close_date":"2025-12-29 01:00:00+00:00","open_rate":0.12396,"close_rate":0.12514,"fee_open":0.001,"fee_close":0.001,"trade_duration":120,"profit_ratio":0.007502178363746611,"profit_abs":2.3812422,"exit_reason":"roi","initial_stop_loss_abs":0.11777,"initial_stop_loss_ratio":-0.05,"stop_loss_abs":0.11777,"stop_loss_ratio":-0.05,"min_rate":0.12324,"max_rate":0.12604,"is_open":false,"enter_tag":"","leverage":1.0,"is_short":false,"open_timestamp":1766962800000,"close_timestamp":1766970000000,"orders":[{"amount":2558.0,"safe_price":0.12396,"ft_order_side":"buy","order_filled_timestamp":1766962800000,"ft_is_entry":true,"ft_order_tag":"","cost":317.40676967999997},{"amount":2558.0,"safe_price":0.12514,"ft_order_side":"sell","order_filled_timestamp":1766970000000,"ft_is_entry":false,"ft_order_tag":"roi","cost":320.42822811999997}],"funding_fees":0.0,"weekday":0},{"pair":"DOGE/USDT","stake_amount":317.77504,"max_stake_amount":317.77504,"amount":2552.0,"open_date":"2025-12-30 09:00:00+00:00","close_date":"2025-12-30 11:00:00+00:00","open_rate":0.12452,"close_rate":0.12476928928928928,"fee_open":0.001,"fee_close":0.001,"trade_duration":120,"profit_ratio":0.0,"profit_abs":0.0,"exit_reason":"roi","initial_stop_loss_abs":0.1183,"initial_stop_loss_ratio":-0.05,"stop_loss_abs":0.1183,"stop_loss_ratio":-0.05,"min_rate":0.1243,"max_rate":0.12525,"is_open":false,"enter_tag":"","leverage":1.0,"is_short":false,"open_timestamp":1767085200000,"close_timestamp":1767092400000,"orders":[{"amount":2552.0,"safe_price":0.12452,"ft_order_side":"buy","order_filled_timestamp":1767085200000,"ft_is_entry":true,"ft_order_tag":"","cost":318.09281503999995},{"amount":2552.0,"safe_price":0.12476928928928928,"ft_order_side":"sell","order_filled_timestamp":1767092400000,"ft_is_entry":false,"ft_order_tag":"roi","cost":318.72963749253245}],"funding_fees":0.0,"weekday":1},{"pair":"DOGE/USDT","stake_amount":317.77662,"max_stake_amount":317.77662,"amount":2559.0,"open_date":"2025-12-30 14:00:00+00:00","close_date":"2025-12-30 16:00:00+00:00","open_rate":0.12418,"close_rate":0.12455,"fee_open":0.001,"fee_close":0.001,"trade_duration":120,"profit_ratio":0.0009755906840783632,"profit_abs":0.31032993,"exit_reason":"roi","initial_stop_loss_abs":0.11798,"initial_stop_loss_ratio":-0.05,"stop_loss_abs":0.11798,"stop_loss_ratio":-0.05,"min_rate":0.12317,"max_rate":0.12537,"is_open":false,"enter_tag":"","leverage":1.0,"is_short":false,"open_timestamp":1767103200000,"close_timestamp":1767110400000,"orders":[{"amount":2559.0,"safe_price":0.12418,"ft_order_side":"buy","order_filled_timestamp":1767103200000,"ft_is_entry":true,"ft_order_tag":"","cost":318.09439661999994},{"amount":2559.0,"safe_price":0.12455,"ft_order_side":"sell","order_filled_timestamp":1767110400000,"ft_is_entry":false,"ft_order_tag":"roi","cost":319.04217344999995}],"funding_fees":0.0,"weekday":1},{"pair":"DOGE/USDT","stake_amount":317.98868,"max_stake_amount":317.98868,"amount":2246.0,"open_date":"2026-01-03 18:00:00+00:00","close_date":"2026-01-03 20:00:00+00:00","open_rate":0.14158,"close_rate":0.14186344344344343,"fee_open":0.001,"fee_close":0.001,"trade_duration":120,"profit_ratio":0.0,"profit_abs":0.0,"exit_reason":"roi","initial_stop_loss_abs":0.13451,"initial_stop_loss_ratio":-0.05,"stop_loss_abs":0.13451,"stop_loss_ratio":-0.05,"min_rate":0.14127,"max_rate":0.14261,"is_open":false,"enter_tag":"","leverage":1.0,"is_short":false,"open_timestamp":1767463200000,"close_timestamp":1767470400000,"orders":[{"amount":2246.0,"safe_price":0.14158,"ft_order_side":"buy","order_filled_timestamp":1767463200000,"ft_is_entry":true,"ft_order_tag":"","cost":318.30666868000003},{"amount":2246.0,"safe_price":0.14186344344344343,"ft_order_side":"sell","order_filled_timestamp":1767470400000,"ft_is_entry":false,"ft_order_tag":"roi","cost":318.9439192679479}],"funding_fees":0.0,"weekday":5},{"pair":"DOGE/USDT","stake_amount":317.91625,"max_stake_amount":317.91625,"amount":2095.0,"open_date":"2026-01-05 02:00:00+00:00","close_date":"2026-01-05 17:00:00+00:00","open_rate":0.15175,"close_rate":0.1520538038038038,"fee_open":0.001,"fee_close":0.001,"trade_duration":900,"profit_ratio":0.0,"profit_abs":0.0,"exit_reason":"roi","initial_stop_loss_abs":0.14417,"initial_stop_loss_ratio":-0.05,"stop_loss_abs":0.14417,"stop_loss_ratio":-0.05,"min_rate":0.14581,"max_rate":0.15386,"is_open":false,"enter_tag":"","leverage":1.0,"is_short":false,"open_timestamp":1767578400000,"close_timestamp":1767632400000,"orders":[{"amount":2095.0,"safe_price":0.15175,"ft_order_side":"buy","order_filled_timestamp":1767578400000,"ft_is_entry":true,"ft_order_tag":"","cost":318.23416624999993},{"amount":2095.0,"safe_price":0.1520538038038038,"ft_order_side":"sell","order_filled_timestamp":1767632400000,"ft_is_entry":false,"ft_order_tag":"roi","cost":318.87127168793785}],"funding_fees":0.0,"weekday":0},{"pair":"DOGE/USDT","stake_amount":317.89549,"max_stake_amount":317.89549,"amount":2111.0,"open_date":"2026-01-06 10:00:00+00:00","close_date":"2026-01-06 12:00:00+00:00","open_rate":0.15059,"close_rate":0.15089148148148146,"fee_open":0.001,"fee_close":0.001,"trade_duration":120,"profit_ratio":0.0,"profit_abs":0.0,"exit_reason":"roi","initial_stop_loss_abs":0.14307,"initial_stop_loss_ratio":-0.05,"stop_loss_abs":0.14307,"stop_loss_ratio":-0.05,"min_rate":0.1501,"max_rate":0.15212,"is_open":false,"enter_tag":"","leverage":1.0,"is_short":false,"open_timestamp":1767693600000,"close_timestamp":1767700800000,"orders":[{"amount":2111.0,"safe_price":0.15059,"ft_order_side":"buy","order_filled_timestamp":1767693600000,"ft_is_entry":true,"ft_order_tag":"","cost":318.21338548999995},{"amount":2111.0,"safe_price":0.15089148148148146,"ft_order_side":"sell","order_filled_timestamp":1767700800000,"ft_is_entry":false,"ft_order_tag":"roi","cost":318.85044932481475}],"funding_fees":0.0,"weekday":1}],"locks":[],"best_pair":{"key":"DOGE/USDT","trades":40,"profit_mean":-0.0027381799728515184,"profit_mean_pct":-0.27,"profit_total_abs":-36.37751654000001,"profit_total":-0.03637751654000001,"profit_total_pct":-3.64,"duration_avg":"4:26:00","wins":18,"draws":16,"losses":6,"winrate":0.45,"cagr":-0.13015157410576128,"expectancy":-0.9094379134999997,"expectancy_ratio":-0.4626745785327133,"sortino":-1.2347948829296687,"sharpe":-1.1024497354426679,"calmar":-12.10322672404498,"sqn":-0.8739,"profit_factor":0.5821694764485774,"max_drawdown_account":0.059197937522963366,"max_drawdown_abs":60.37537506000001},"worst_pair":{"key":"DOGE/USDT","trades":40,"profit_mean":-0.0027381799728515184,"profit_mean_pct":-0.27,"profit_total_abs":-36.37751654000001,"profit_total":-0.03637751654000001,"profit_total_pct":-3.64,"duration_avg":"4:26:00","wins":18,"draws":16,"losses":6,"winrate":0.45,"cagr":-0.13015157410576128,"expectancy":-0.9094379134999997,"expectancy_ratio":-0.4626745785327133,"sortino":-1.2347948829296687,"sharpe":-1.1024497354426679,"calmar":-12.10322672404498,"sqn":-0.8739,"profit_factor":0.5821694764485774,"max_drawdown_account":0.059197937522963366,"max_drawdown_abs":60.37537506000001},"results_per_pair":[{"key":"DOGE/USDT","trades":40,"profit_mean":-0.0027381799728515184,"profit_mean_pct":-0.27,"profit_total_abs":-36.37751654000001,"profit_total":-0.03637751654000001,"profit_total_pct":-3.64,"duration_avg":"4:26:00","wins":18,"draws":16,"losses":6,"winrate":0.45,"cagr":-0.13015157410576128,"expectancy":-0.9094379134999997,"expectancy_ratio":-0.4626745785327133,"sortino":-1.2347948829296687,"sharpe":-1.1024497354426679,"calmar":-12.10322672404498,"sqn":-0.8739,"profit_factor":0.5821694764485774,"max_drawdown_account":0.059197937522963366,"max_drawdown_abs":60.37537506000001},{"key":"TOTAL","trades":40,"profit_mean":-0.0027381799728515184,"profit_mean_pct":-0.27,"profit_total_abs":-36.37751654000001,"profit_total":-0.03637751654000001,"profit_total_pct":-3.64,"duration_avg":"4:26:00","wins":18,"draws":16,"losses":6,"winrate":0.45,"cagr":-0.13015157410576128,"expectancy":-0.9094379134999997,"expectancy_ratio":-0.4626745785327133,"sortino":-1.2347948829296687,"sharpe":-1.1024497354426679,"calmar":-12.10322672404498,"sqn":-0.8739,"profit_factor":0.5821694764485774,"max_drawdown_account":0.059197937522963366,"max_drawdown_abs":60.37537506000001}],"results_per_enter_tag":[{"key":"","trades":40,"profit_mean":-0.0027381799728515184,"profit_mean_pct":-0.27,"profit_total_abs":-36.37751654000001,"profit_total":-0.03637751654000001,"profit_total_pct":-3.64,"duration_avg":"4:26:00","wins":18,"draws":16,"losses":6,"winrate":0.45,"cagr":-0.13015157410576128,"expectancy":-0.9094379134999997,"expectancy_ratio":-0.4626745785327133,"sortino":-1.2347948829296687,"sharpe":-1.1024497354426679,"calmar":-12.10322672404498,"sqn":-0.8739,"profit_factor":0.5821694764485774,"max_drawdown_account":0.059197937522963366,"max_drawdown_abs":60.37537506000001},{"key":"TOTAL","trades":40,"profit_mean":-0.0027381799728515184,"profit_mean_pct":-0.27,"profit_total_abs":-36.37751654000001,"profit_total":-0.03637751654000001,"profit_total_pct":-3.64,"duration_avg":"4:26:00","wins":18,"draws":16,"losses":6,"winrate":0.45,"cagr":-0.13015157410576128,"expectancy":-0.9094379134999997,"expectancy_ratio":-0.4626745785327133,"sortino":-1.2347948829296687,"sharpe":-1.1024497354426679,"calmar":-12.10322672404498,"sqn":-0.8739,"profit_factor":0.5821694764485774,"max_drawdown_account":0.059197937522963366,"max_drawdown_abs":60.37537506000001}],"exit_reason_summary":[{"key":"roi","trades":34,"profit_mean":0.004545796692944054,"profit_mean_pct":0.45,"profit_total_abs":50.68533427999999,"profit_total":0.050685334279999994,"profit_total_pct":5.07,"duration_avg":"2:53:00","wins":18,"draws":16,"losses":0,"winrate":0.5294117647058824,"cagr":0.20447897457205721,"expectancy":1.490745125882353,"expectancy_ratio":100.0,"sortino":-100,"sharpe":4.318508139491008,"calmar":-100,"sqn":3.7046,"profit_factor":0.0,"max_drawdown_account":0.0,"max_drawdown_abs":0.0},{"key":"exit_signal","trades":1,"profit_mean":-0.004736568226998358,"profit_mean_pct":-0.47,"profit_total_abs":-1.54538904,"profit_total":-0.0015453890400000002,"profit_total_pct":-0.15,"duration_avg":"1:00:00","wins":0,"draws":0,"losses":1,"winrate":0.0,"cagr":-0.0058027204600623605,"expectancy":-1.54538904,"expectancy_ratio":-1.0,"sortino":-100,"sharpe":-100,"calmar":-19.695848633548877,"sqn":-100.0,"profit_factor":0.0,"max_drawdown_account":0.0015453890400000318,"max_drawdown_abs":1.54538904},{"key":"stop_loss","trades":5,"profit_mean":-0.05186954364943204,"profit_mean_pct":-5.19,"profit_total_abs":-85.51746177999999,"profit_total":-0.08551746177999998,"profit_total_pct":-8.55,"duration_avg":"15:36:00","wins":0,"draws":0,"losses":5,"winrate":0.0,"cagr":-0.28565584165183233,"expectancy":-17.103492355999997,"expectancy_ratio":-1.0,"sortino":-68.78369314868768,"sharpe":-68.78369314868768,"calmar":-19.695848633549282,"sqn":-139.6918,"profit_factor":0.0,"max_drawdown_account":0.08551746177999996,"max_drawdown_abs":85.51746177999999},{"key":"TOTAL","trades":40,"profit_mean":-0.0027381799728515184,"profit_mean_pct":-0.27,"profit_total_abs":-36.37751654000001,"profit_total":-0.03637751654000001,"profit_total_pct":-3.64,"duration_avg":"4:26:00","wins":18,"draws":16,"losses":6,"winrate":0.45,"cagr":-0.13015157410576128,"expectancy":-0.9094379134999997,"expectancy_ratio":-0.4626745785327133,"sortino":-1.2347948829296687,"sharpe":-1.1024497354426679,"calmar":-12.10322672404498,"sqn":-0.8739,"profit_factor":0.5821694764485774,"max_drawdown_account":0.059197937522963366,"max_drawdown_abs":60.37537506000001}],"mix_tag_stats":[{"key":["","roi"],"trades":34,"profit_mean":0.004545796692944054,"profit_mean_pct":0.45,"profit_total_abs":50.68533427999999,"profit_total":0.050685334279999994,"profit_total_pct":5.07,"duration_avg":"2:53:00","wins":18,"draws":16,"losses":0,"winrate":0.5294117647058824,"cagr":0.20447897457205721,"expectancy":1.490745125882353,"expectancy_ratio":100.0,"sortino":-100,"sharpe":4.318508139491008,"calmar":-100,"sqn":3.7046,"profit_factor":0.0,"max_drawdown_account":0.0,"max_drawdown_abs":0.0},{"key":["","exit_signal"],"trades":1,"profit_mean":-0.004736568226998358,"profit_mean_pct":-0.47,"profit_total_abs":-1.54538904,"profit_total":-0.0015453890400000002,"profit_total_pct":-0.15,"duration_avg":"1:00:00","wins":0,"draws":0,"losses":1,"winrate":0.0,"cagr":-0.0058027204600623605,"expectancy":-1.54538904,"expectancy_ratio":-1.0,"sortino":-100,"sharpe":-100,"calmar":-19.695848633548877,"sqn":-100.0,"profit_factor":0.0,"max_drawdown_account":0.0015453890400000318,"max_drawdown_abs":1.54538904},{"key":["","stop_loss"],"trades":5,"profit_mean":-0.05186954364943204,"profit_mean_pct":-5.19,"profit_total_abs":-85.51746177999999,"profit_total":-0.08551746177999998,"profit_total_pct":-8.55,"duration_avg":"15:36:00","wins":0,"draws":0,"losses":5,"winrate":0.0,"cagr":-0.28565584165183233,"expectancy":-17.103492355999997,"expectancy_ratio":-1.0,"sortino":-68.78369314868768,"sharpe":-68.78369314868768,"calmar":-19.695848633549282,"sqn":-139.6918,"profit_factor":0.0,"max_drawdown_account":0.08551746177999996,"max_drawdown_abs":85.51746177999999},{"key":"TOTAL","trades":40,"profit_mean":-0.0027381799728515184,"profit_mean_pct":-0.27,"profit_total_abs":-36.37751654000001,"profit_total":-0.03637751654000001,"profit_total_pct":-3.64,"duration_avg":"4:26:00","wins":18,"draws":16,"losses":6,"winrate":0.45,"cagr":-0.13015157410576128,"expectancy":-0.9094379134999997,"expectancy_ratio":-0.4626745785327133,"sortino":-1.2347948829296687,"sharpe":-1.1024497354426679,"calmar":-12.10322672404498,"sqn":-0.8739,"profit_factor":0.5821694764485774,"max_drawdown_account":0.059197937522963366,"max_drawdown_abs":60.37537506000001}],"left_open_trades":[{"key":"TOTAL","trades":0,"profit_mean":0.0,"profit_mean_pct":0.0,"profit_total_abs":0.0,"profit_total":0.0,"profit_total_pct":0.0,"duration_avg":"0:00","wins":0,"draws":0,"losses":0,"winrate":0.0,"cagr":0.0,"expectancy":0.0,"expectancy_ratio":100.0,"sortino":0,"sharpe":0,"calmar":0,"sqn":0.0,"profit_factor":0.0,"max_drawdown_account":0.0,"max_drawdown_abs":0.0}],"total_trades":40,"trade_count_long":40,"trade_count_short":0,"total_volume":26073.07523988334,"avg_stake_amount":325.71698375,"profit_mean":-0.0027381799728515184,"profit_median":0.0,"profit_total":-0.03637751654000001,"profit_total_long":-0.03637751654000001,"profit_total_short":0.0,"profit_total_abs":-36.37751654000001,"profit_total_long_abs":-36.37751654000001,"profit_total_short_abs":0.0,"cagr":-0.13015157410576128,"expectancy":-0.9094379134999997,"expectancy_ratio":-0.4626745785327133,"sortino":-1.2347948829296687,"sharpe":-1.1024497354426679,"calmar":-12.10322672404498,"sqn":-0.8739,"profit_factor":0.5821694764485774,"backtest_start":"2025-10-01 00:00:00","backtest_start_ts":1759276800000,"backtest_end":"2026-01-06 20:00:00","backtest_end_ts":1767729600000,"backtest_days":97,"backtest_run_start_ts":1767750524,"backtest_run_end_ts":1767750524,"trades_per_day":0.41,"market_change":-0.36632086436227446,"pairlist":["DOGE/USDT"],"stake_amount":"unlimited","stake_currency":"USDT","stake_currency_decimals":3,"starting_balance":1000,"dry_run_wallet":1000,"final_balance":963.62248346,"rejected_signals":0,"timedout_entry_orders":0,"timedout_exit_orders":0,"canceled_trade_entries":0,"canceled_entry_orders":0,"replaced_entry_orders":0,"max_open_trades":1,"max_open_trades_setting":3,"timeframe":"1h","timeframe_detail":"","timerange":"20251001-","enable_protections":false,"strategy_name":"ACO_7_9","freqaimodel":null,"freqai_identifier":null,"stoploss":-0.05,"trailing_stop":false,"trailing_stop_positive":null,"trailing_stop_positive_offset":0.0,"trailing_only_offset_is_reached":false,"use_custom_stoploss":false,"minimal_roi":{"0":0.1,"60":0.05,"120":0.0},"use_exit_signal":true,"exit_profit_only":false,"exit_profit_offset":0.0,"ignore_roi_if_entry_signal":false,"trading_mode":"spot","margin_mode":"","periodic_breakdown":{"day":[{"date":"03/10/2025","date_ts":1759449600000,"profit_abs":3.08302334,"wins":1,"draws":1,"losses":0,"trades":2,"profit_factor":0.0},{"date":"04/10/2025","date_ts":1759536000000,"profit_abs":0.0,"wins":0,"draws":0,"losses":0,"trades":0,"profit_factor":0.0},{"date":"05/10/2025","date_ts":1759622400000,"profit_abs":0.0,"wins":0,"draws":0,"losses":0,"trades":0,"profit_factor":0.0},{"date":"06/10/2025","date_ts":1759708800000,"profit_abs":0.0,"wins":0,"draws":0,"losses":0,"trades":0,"profit_factor":0.0},{"date":"07/10/2025","date_ts":1759795200000,"profit_abs":0.0,"wins":0,"draws":0,"losses":0,"trades":0,"profit_factor":0.0},{"date":"08/10/2025","date_ts":1759881600000,"profit_abs":0.0,"wins":0,"draws":0,"losses":0,"trades":0,"profit_factor":0.0},{"date":"09/10/2025","date_ts":1759968000000,"profit_abs":0.0,"wins":0,"draws":0,"losses":0,"trades":0,"profit_factor":0.0},{"date":"10/10/2025","date_ts":1760054400000,"profit_abs":0.0,"wins":0,"draws":0,"losses":0,"trades":0,"profit_factor":0.0},{"date":"11/10/2025","date_ts":1760140800000,"profit_abs":0.0,"wins":0,"draws":0,"losses":0,"trades":0,"profit_factor":0.0},{"date":"12/10/2025","date_ts":1760227200000,"profit_abs":0.0,"wins":0,"draws":0,"losses":0,"trades":0,"profit_factor":0.0},{"date":"13/10/2025","date_ts":1760313600000,"profit_abs":0.0,"wins":0,"draws":0,"losses":0,"trades":0,"profit_factor":0.0},{"date":"14/10/2025","date_ts":1760400000000,"profit_abs":0.0,"wins":0,"draws":0,"losses":0,"trades":0,"profit_factor":0.0},{"date":"15/10/2025","date_ts":1760486400000,"profit_abs":0.0,"wins":0,"draws":0,"losses":0,"trades":0,"profit_factor":0.0},{"date":"16/10/2025","date_ts":1760572800000,"profit_abs":3.0085384,"wins":1,"draws":0,"losses":0,"trades":1,"profit_factor":0.0},{"date":"17/10/2025","date_ts":1760659200000,"profit_abs":0.0,"wins":0,"draws":0,"losses":0,"trades":0,"profit_factor":0.0},{"date":"18/10/2025","date_ts":1760745600000,"profit_abs":0.0,"wins":0,"draws":0,"losses":0,"trades":0,"profit_factor":0.0},{"date":"19/10/2025","date_ts":1760832000000,"profit_abs":5.34335632,"wins":1,"draws":0,"losses":0,"trades":1,"profit_factor":0.0},{"date":"20/10/2025","date_ts":1760918400000,"profit_abs":0.0,"wins":0,"draws":0,"losses":0,"trades":0,"profit_factor":0.0},{"date":"21/10/2025","date_ts":1761004800000,"profit_abs":0.0,"wins":0,"draws":0,"losses":0,"trades":0,"profit_factor":0.0},{"date":"22/10/2025","date_ts":1761091200000,"profit_abs":0.0,"wins":0,"draws":0,"losses":0,"trades":0,"profit_factor":0.0},{"date":"23/10/2025","date_ts":1761177600000,"profit_abs":4.93627056,"wins":1,"draws":0,"losses":0,"trades":1,"profit_factor":0.0},{"date":"24/10/2025","date_ts":1761264000000,"profit_abs":2.54719099,"wins":2,"draws":0,"losses":0,"trades":2,"profit_factor":0.0},{"date":"25/10/2025","date_ts":1761350400000,"profit_abs":0.0,"wins":0,"draws":0,"losses":0,"trades":0,"profit_factor":0.0},{"date":"26/10/2025","date_ts":1761436800000,"profit_abs":0.97146092,"wins":1,"draws":0,"losses":0,"trades":1,"profit_factor":0.0},{"date":"27/10/2025","date_ts":1761523200000,"profit_abs":0.0,"wins":0,"draws":0,"losses":0,"trades":0,"profit_factor":0.0},{"date":"28/10/2025","date_ts":1761609600000,"profit_abs":-17.47930496,"wins":0,"draws":0,"losses":1,"trades":1,"profit_factor":0.0},{"date":"29/10/2025","date_ts":1761696000000,"profit_abs":0.0,"wins":0,"draws":0,"losses":0,"trades":0,"profit_factor":0.0},{"date":"30/10/2025","date_ts":1761782400000,"profit_abs":0.0,"wins":0,"draws":0,"losses":0,"trades":0,"profit_factor":0.0},{"date":"31/10/2025","date_ts":1761868800000,"profit_abs":0.46146728,"wins":1,"draws":0,"losses":0,"trades":1,"profit_factor":0.0},{"date":"01/11/2025","date_ts":1761955200000,"profit_abs":0.0,"wins":0,"draws":0,"losses":0,"trades":0,"profit_factor":0.0},{"date":"02/11/2025","date_ts":1762041600000,"profit_abs":0.0,"wins":0,"draws":0,"losses":0,"trades":0,"profit_factor":0.0},{"date":"03/11/2025","date_ts":1762128000000,"profit_abs":-17.177142,"wins":0,"draws":0,"losses":1,"trades":1,"profit_factor":0.0},{"date":"04/11/2025","date_ts":1762214400000,"profit_abs":0.0,"wins":0,"draws":0,"losses":0,"trades":0,"profit_factor":0.0},{"date":"05/11/2025","date_ts":1762300800000,"profit_abs":0.0,"wins":0,"draws":0,"losses":0,"trades":0,"profit_factor":0.0},{"date":"06/11/2025","date_ts":1762387200000,"profit_abs":0.0,"wins":0,"draws":0,"losses":0,"trades":0,"profit_factor":0.0},{"date":"07/11/2025","date_ts":1762473600000,"profit_abs":0.0,"wins":0,"draws":0,"losses":0,"trades":0,"profit_factor":0.0},{"date":"08/11/2025","date_ts":1762560000000,"profit_abs":0.0,"wins":0,"draws":0,"losses":0,"trades":0,"profit_factor":0.0},{"date":"09/11/2025","date_ts":1762646400000,"profit_abs":0.0,"wins":0,"draws":0,"losses":0,"trades":0,"profit_factor":0.0},{"date":"10/11/2025","date_ts":1762732800000,"profit_abs":0.0,"wins":0,"draws":0,"losses":0,"trades":0,"profit_factor":0.0},{"date":"11/11/2025","date_ts":1762819200000,"profit_abs":0.0,"wins":0,"draws":0,"losses":0,"trades":0,"profit_factor":0.0},{"date":"12/11/2025","date_ts":1762905600000,"profit_abs":0.0,"wins":0,"draws":0,"losses":0,"trades":0,"profit_factor":0.0},{"date":"13/11/2025","date_ts":1762992000000,"profit_abs":0.0,"wins":0,"draws":0,"losses":0,"trades":0,"profit_factor":0.0},{"date":"14/11/2025","date_ts":1763078400000,"profit_abs":0.0,"wins":0,"draws":0,"losses":0,"trades":0,"profit_factor":0.0},{"date":"15/11/2025","date_ts":1763164800000,"profit_abs":0.0,"wins":0,"draws":0,"losses":0,"trades":0,"profit_factor":0.0},{"date":"16/11/2025","date_ts":1763251200000,"profit_abs":2.04241136,"wins":1,"draws":1,"losses":0,"trades":2,"profit_factor":0.0},{"date":"17/11/2025","date_ts":1763337600000,"profit_abs":0.0,"wins":0,"draws":0,"losses":0,"trades":0,"profit_factor":0.0},{"date":"18/11/2025","date_ts":1763424000000,"profit_abs":0.0,"wins":0,"draws":0,"losses":0,"trades":0,"profit_factor":0.0},{"date":"19/11/2025","date_ts":1763510400000,"profit_abs":0.0,"wins":0,"draws":0,"losses":0,"trades":0,"profit_factor":0.0},{"date":"20/11/2025","date_ts":1763596800000,"profit_abs":0.0,"wins":0,"draws":0,"losses":0,"trades":0,"profit_factor":0.0},{"date":"21/11/2025","date_ts":1763683200000,"profit_abs":0.0,"wins":0,"draws":0,"losses":0,"trades":0,"profit_factor":0.0},{"date":"22/11/2025","date_ts":1763769600000,"profit_abs":0.0,"wins":0,"draws":0,"losses":0,"trades":0,"profit_factor":0.0},{"date":"23/11/2025","date_ts":1763856000000,"profit_abs":0.0,"wins":0,"draws":0,"losses":0,"trades":0,"profit_factor":0.0},{"date":"24/11/2025","date_ts":1763942400000,"profit_abs":9.51482208,"wins":1,"draws":0,"losses":1,"trades":2,"profit_factor":7.15691055},{"date":"25/11/2025","date_ts":1764028800000,"profit_abs":2.2391824,"wins":1,"draws":1,"losses":0,"trades":2,"profit_factor":0.0},{"date":"26/11/2025","date_ts":1764115200000,"profit_abs":0.0,"wins":0,"draws":1,"losses":0,"trades":1,"profit_factor":0.0},{"date":"27/11/2025","date_ts":1764201600000,"profit_abs":0.0,"wins":0,"draws":0,"losses":0,"trades":0,"profit_factor":0.0},{"date":"28/11/2025","date_ts":1764288000000,"profit_abs":0.0,"wins":0,"draws":0,"losses":0,"trades":0,"profit_factor":0.0},{"date":"29/11/2025","date_ts":1764374400000,"profit_abs":0.0,"wins":0,"draws":0,"losses":0,"trades":0,"profit_factor":0.0},{"date":"30/11/2025","date_ts":1764460800000,"profit_abs":0.0,"wins":0,"draws":0,"losses":0,"trades":0,"profit_factor":0.0},{"date":"01/12/2025","date_ts":1764547200000,"profit_abs":-17.1193785,"wins":0,"draws":0,"losses":1,"trades":1,"profit_factor":0.0},{"date":"02/12/2025","date_ts":1764633600000,"profit_abs":0.0,"wins":0,"draws":0,"losses":0,"trades":0,"profit_factor":0.0},{"date":"03/12/2025","date_ts":1764720000000,"profit_abs":0.0,"wins":0,"draws":0,"losses":0,"trades":0,"profit_factor":0.0},{"date":"04/12/2025","date_ts":1764806400000,"profit_abs":0.0,"wins":0,"draws":0,"losses":0,"trades":0,"profit_factor":0.0},{"date":"05/12/2025","date_ts":1764892800000,"profit_abs":0.0,"wins":0,"draws":0,"losses":0,"trades":0,"profit_factor":0.0},{"date":"06/12/2025","date_ts":1764979200000,"profit_abs":0.0,"wins":0,"draws":2,"losses":0,"trades":2,"profit_factor":0.0},{"date":"07/12/2025","date_ts":1765065600000,"profit_abs":4.32645148,"wins":1,"draws":2,"losses":0,"trades":3,"profit_factor":0.0},{"date":"08/12/2025","date_ts":1765152000000,"profit_abs":0.0,"wins":0,"draws":0,"losses":0,"trades":0,"profit_factor":0.0},{"date":"09/12/2025","date_ts":1765238400000,"profit_abs":0.0,"wins":0,"draws":1,"losses":0,"trades":1,"profit_factor":0.0},{"date":"10/12/2025","date_ts":1765324800000,"profit_abs":2.4872278,"wins":1,"draws":0,"losses":0,"trades":1,"profit_factor":0.0},{"date":"11/12/2025","date_ts":1765411200000,"profit_abs":4.07052432,"wins":1,"draws":0,"losses":0,"trades":1,"profit_factor":0.0},{"date":"12/12/2025","date_ts":1765497600000,"profit_abs":0.0,"wins":0,"draws":0,"losses":0,"trades":0,"profit_factor":0.0},{"date":"13/12/2025","date_ts":1765584000000,"profit_abs":0.0,"wins":0,"draws":1,"losses":0,"trades":1,"profit_factor":0.0},{"date":"14/12/2025","date_ts":1765670400000,"profit_abs":0.0,"wins":0,"draws":0,"losses":0,"trades":0,"profit_factor":0.0},{"date":"15/12/2025","date_ts":1765756800000,"profit_abs":-17.02020341,"wins":0,"draws":0,"losses":1,"trades":1,"profit_factor":0.0},{"date":"16/12/2025","date_ts":1765843200000,"profit_abs":0.0,"wins":0,"draws":0,"losses":0,"trades":0,"profit_factor":0.0},{"date":"17/12/2025","date_ts":1765929600000,"profit_abs":0.0,"wins":0,"draws":0,"losses":0,"trades":0,"profit_factor":0.0},{"date":"18/12/2025","date_ts":1766016000000,"profit_abs":-16.72143291,"wins":0,"draws":0,"losses":1,"trades":1,"profit_factor":0.0},{"date":"19/12/2025","date_ts":1766102400000,"profit_abs":0.0,"wins":0,"draws":0,"losses":0,"trades":0,"profit_factor":0.0},{"date":"20/12/2025","date_ts":1766188800000,"profit_abs":0.0,"wins":0,"draws":0,"losses":0,"trades":0,"profit_factor":0.0},{"date":"21/12/2025","date_ts":1766275200000,"profit_abs":0.0,"wins":0,"draws":1,"losses":0,"trades":1,"profit_factor":0.0},{"date":"22/12/2025","date_ts":1766361600000,"profit_abs":0.0,"wins":0,"draws":1,"losses":0,"trades":1,"profit_factor":0.0},{"date":"23/12/2025","date_ts":1766448000000,"profit_abs":0.13019376,"wins":1,"draws":0,"losses":0,"trades":1,"profit_factor":0.0},{"date":"24/12/2025","date_ts":1766534400000,"profit_abs":0.0,"wins":0,"draws":0,"losses":0,"trades":0,"profit_factor":0.0},{"date":"25/12/2025","date_ts":1766620800000,"profit_abs":0.0,"wins":0,"draws":0,"losses":0,"trades":0,"profit_factor":0.0},{"date":"26/12/2025","date_ts":1766707200000,"profit_abs":0.0,"wins":0,"draws":0,"losses":0,"trades":0,"profit_factor":0.0},{"date":"27/12/2025","date_ts":1766793600000,"profit_abs":0.0,"wins":0,"draws":0,"losses":0,"trades":0,"profit_factor":0.0},{"date":"28/12/2025","date_ts":1766880000000,"profit_abs":1.2862521,"wins":1,"draws":0,"losses":0,"trades":1,"profit_factor":0.0},{"date":"29/12/2025","date_ts":1766966400000,"profit_abs":2.3812422,"wins":1,"draws":0,"losses":0,"trades":1,"profit_factor":0.0},{"date":"30/12/2025","date_ts":1767052800000,"profit_abs":0.31032993,"wins":1,"draws":1,"losses":0,"trades":2,"profit_factor":0.0},{"date":"31/12/2025","date_ts":1767139200000,"profit_abs":0.0,"wins":0,"draws":0,"losses":0,"trades":0,"profit_factor":0.0},{"date":"01/01/2026","date_ts":1767225600000,"profit_abs":0.0,"wins":0,"draws":0,"losses":0,"trades":0,"profit_factor":0.0},{"date":"02/01/2026","date_ts":1767312000000,"profit_abs":0.0,"wins":0,"draws":0,"losses":0,"trades":0,"profit_factor":0.0},{"date":"03/01/2026","date_ts":1767398400000,"profit_abs":0.0,"wins":0,"draws":1,"losses":0,"trades":1,"profit_factor":0.0},{"date":"04/01/2026","date_ts":1767484800000,"profit_abs":0.0,"wins":0,"draws":0,"losses":0,"trades":0,"profit_factor":0.0},{"date":"05/01/2026","date_ts":1767571200000,"profit_abs":0.0,"wins":0,"draws":1,"losses":0,"trades":1,"profit_factor":0.0},{"date":"06/01/2026","date_ts":1767657600000,"profit_abs":0.0,"wins":0,"draws":1,"losses":0,"trades":1,"profit_factor":0.0}],"week":[{"date":"06/10/2025","date_ts":1759708800000,"profit_abs":3.08302334,"wins":1,"draws":1,"losses":0,"trades":2,"profit_factor":0.0},{"date":"13/10/2025","date_ts":1760313600000,"profit_abs":0.0,"wins":0,"draws":0,"losses":0,"trades":0,"profit_factor":0.0},{"date":"20/10/2025","date_ts":1760918400000,"profit_abs":8.35189472,"wins":2,"draws":0,"losses":0,"trades":2,"profit_factor":0.0},{"date":"27/10/2025","date_ts":1761523200000,"profit_abs":8.45492247,"wins":4,"draws":0,"losses":0,"trades":4,"profit_factor":0.0},{"date":"03/11/2025","date_ts":1762128000000,"profit_abs":-34.19497968,"wins":1,"draws":0,"losses":2,"trades":3,"profit_factor":0.01331548},{"date":"10/11/2025","date_ts":1762732800000,"profit_abs":0.0,"wins":0,"draws":0,"losses":0,"trades":0,"profit_factor":0.0},{"date":"17/11/2025","date_ts":1763337600000,"profit_abs":2.04241136,"wins":1,"draws":1,"losses":0,"trades":2,"profit_factor":0.0},{"date":"24/11/2025","date_ts":1763942400000,"profit_abs":9.51482208,"wins":1,"draws":0,"losses":1,"trades":2,"profit_factor":7.15691055},{"date":"01/12/2025","date_ts":1764547200000,"profit_abs":-14.8801961,"wins":1,"draws":2,"losses":1,"trades":4,"profit_factor":0.13079811},{"date":"08/12/2025","date_ts":1765152000000,"profit_abs":4.32645148,"wins":1,"draws":4,"losses":0,"trades":5,"profit_factor":0.0},{"date":"15/12/2025","date_ts":1765756800000,"profit_abs":-10.46245129,"wins":2,"draws":2,"losses":1,"trades":5,"profit_factor":0.38529223},{"date":"22/12/2025","date_ts":1766361600000,"profit_abs":-16.72143291,"wins":0,"draws":2,"losses":1,"trades":3,"profit_factor":0.0},{"date":"29/12/2025","date_ts":1766966400000,"profit_abs":3.79768806,"wins":3,"draws":0,"losses":0,"trades":3,"profit_factor":0.0},{"date":"05/01/2026","date_ts":1767571200000,"profit_abs":0.31032993,"wins":1,"draws":3,"losses":0,"trades":4,"profit_factor":0.0},{"date":"12/01/2026","date_ts":1768176000000,"profit_abs":0.0,"wins":0,"draws":1,"losses":0,"trades":1,"profit_factor":0.0}],"month":[{"date":"31/10/2025","date_ts":1761868800000,"profit_abs":2.87200285,"wins":8,"draws":1,"losses":1,"trades":10,"profit_factor":1.16430876},{"date":"30/11/2025","date_ts":1764460800000,"profit_abs":-3.38072616,"wins":3,"draws":3,"losses":2,"trades":8,"profit_factor":0.81943007},{"date":"31/12/2025","date_ts":1767139200000,"profit_abs":-35.86879323,"wins":7,"draws":9,"losses":3,"trades":19,"profit_factor":0.29476843},{"date":"31/01/2026","date_ts":1769817600000,"profit_abs":0.0,"wins":0,"draws":3,"losses":0,"trades":3,"profit_factor":0.0}],"year":[{"date":"31/12/2025","date_ts":1767139200000,"profit_abs":-36.37751654,"wins":18,"draws":13,"losses":6,"trades":37,"profit_factor":0.58216948},{"date":"31/12/2026","date_ts":1798675200000,"profit_abs":0.0,"wins":0,"draws":3,"losses":0,"trades":3,"profit_factor":0.0}],"weekday":[{"date":"Monday","date_ts":0,"profit_abs":-39.42065963,"wins":2,"draws":2,"losses":4,"trades":8,"profit_factor":0.25427386},{"date":"Tuesday","date_ts":1,"profit_abs":-14.79959887,"wins":3,"draws":4,"losses":1,"trades":8,"profit_factor":0.15330736},{"date":"Wednesday","date_ts":2,"profit_abs":2.4872278,"wins":1,"draws":1,"losses":0,"trades":2,"profit_factor":0.0},{"date":"Thursday","date_ts":3,"profit_abs":-4.70609963,"wins":3,"draws":0,"losses":1,"trades":4,"profit_factor":0.71855883},{"date":"Friday","date_ts":4,"profit_abs":6.09168161,"wins":4,"draws":1,"losses":0,"trades":5,"profit_factor":0.0},{"date":"Saturday","date_ts":5,"profit_abs":0.0,"wins":0,"draws":4,"losses":0,"trades":4,"profit_factor":0.0},{"date":"Sunday","date_ts":6,"profit_abs":13.96993218,"wins":5,"draws":4,"losses":0,"trades":9,"profit_factor":0.0}]},"backtest_best_day":0.02922395429094141,"backtest_worst_day":-0.051885765655852185,"backtest_best_day_abs":9.51482208,"backtest_worst_day_abs":-17.47930496,"winning_days":17,"draw_days":74,"losing_days":5,"daily_profit":[["2025-10-03",3.08302334],["2025-10-04",0.0],["2025-10-05",0.0],["2025-10-06",0.0],["2025-10-07",0.0],["2025-10-08",0.0],["2025-10-09",0.0],["2025-10-10",0.0],["2025-10-11",0.0],["2025-10-12",0.0],["2025-10-13",0.0],["2025-10-14",0.0],["2025-10-15",0.0],["2025-10-16",3.0085384],["2025-10-17",0.0],["2025-10-18",0.0],["2025-10-19",5.34335632],["2025-10-20",0.0],["2025-10-21",0.0],["2025-10-22",0.0],["2025-10-23",4.93627056],["2025-10-24",2.54719099],["2025-10-25",0.0],["2025-10-26",0.97146092],["2025-10-27",0.0],["2025-10-28",-17.47930496],["2025-10-29",0.0],["2025-10-30",0.0],["2025-10-31",0.46146728],["2025-11-01",0.0],["2025-11-02",0.0],["2025-11-03",-17.177142],["2025-11-04",0.0],["2025-11-05",0.0],["2025-11-06",0.0],["2025-11-07",0.0],["2025-11-08",0.0],["2025-11-09",0.0],["2025-11-10",0.0],["2025-11-11",0.0],["2025-11-12",0.0],["2025-11-13",0.0],["2025-11-14",0.0],["2025-11-15",0.0],["2025-11-16",2.04241136],["2025-11-17",0.0],["2025-11-18",0.0],["2025-11-19",0.0],["2025-11-20",0.0],["2025-11-21",0.0],["2025-11-22",0.0],["2025-11-23",0.0],["2025-11-24",9.51482208],["2025-11-25",2.2391824],["2025-11-26",0.0],["2025-11-27",0.0],["2025-11-28",0.0],["2025-11-29",0.0],["2025-11-30",0.0],["2025-12-01",-17.1193785],["2025-12-02",0.0],["2025-12-03",0.0],["2025-12-04",0.0],["2025-12-05",0.0],["2025-12-06",0.0],["2025-12-07",4.32645148],["2025-12-08",0.0],["2025-12-09",0.0],["2025-12-10",2.4872278],["2025-12-11",4.07052432],["2025-12-12",0.0],["2025-12-13",0.0],["2025-12-14",0.0],["2025-12-15",-17.02020341],["2025-12-16",0.0],["2025-12-17",0.0],["2025-12-18",-16.72143291],["2025-12-19",0.0],["2025-12-20",0.0],["2025-12-21",0.0],["2025-12-22",0.0],["2025-12-23",0.13019376],["2025-12-24",0.0],["2025-12-25",0.0],["2025-12-26",0.0],["2025-12-27",0.0],["2025-12-28",1.2862521],["2025-12-29",2.3812422],["2025-12-30",0.31032993],["2025-12-31",0.0],["2026-01-01",0.0],["2026-01-02",0.0],["2026-01-03",0.0],["2026-01-04",0.0],["2026-01-05",0.0],["2026-01-06",0.0]],"wins":18,"losses":6,"draws":16,"winrate":0.45,"holding_avg":"4:26:00","holding_avg_s":15960.0,"winner_holding_min":"0d 02:00","winner_holding_min_s":7200.0,"winner_holding_max":"0d 02:00","winner_holding_max_s":7200.0,"winner_holding_avg":"0d 02:00","winner_holding_avg_s":7200.0,"loser_holding_min":"0d 01:00","loser_holding_min_s":3600.0,"loser_holding_max":"1d 12:00","loser_holding_max_s":129600.0,"loser_holding_avg":"0d 13:10","loser_holding_avg_s":47400.0,"max_consecutive_wins":7,"max_consecutive_losses":6,"max_drawdown_account":0.059197937522963366,"max_relative_drawdown":0.059197937522963366,"max_drawdown_abs":60.37537506000001,"drawdown_start":"2025-10-26 09:00:00","drawdown_start_ts":1761469200000.0,"drawdown_end":"2025-12-18 05:00:00","drawdown_end_ts":1766034000000.0,"drawdown_duration":"52 days 20:00:00","drawdown_duration_s":4564800.0,"max_drawdown_low":-40.48553453000001,"max_drawdown_high":19.889840529999997,"csum_min":959.51446547,"csum_max":1019.88984053}},"strategy_comparison":[{"key":"ACO_7_9","trades":40,"profit_mean":-0.0027381799728515184,"profit_mean_pct":-0.27,"profit_total_abs":-36.37751654000001,"profit_total":-0.03637751654000001,"profit_total_pct":-3.64,"duration_avg":"4:26:00","wins":18,"draws":16,"losses":6,"winrate":0.45,"cagr":-0.13015157410576128,"expectancy":-0.9094379134999997,"expectancy_ratio":-0.4626745785327133,"sortino":-1.2347948829296687,"sharpe":-1.1024497354426679,"calmar":-12.10322672404498,"sqn":-0.8739,"profit_factor":0.5821694764485774,"max_drawdown_account":0.059197937522963366,"max_drawdown_abs":"60.375"}]}