{"strategy":{"ACO_75_4":{"trades":[{"pair":"DOGE/USDT","stake_amount":329.92245,"max_stake_amount":329.92245,"amount":1287.0,"open_date":"2025-10-03 18:00:00+00:00","close_date":"2025-10-03 20:00:00+00:00","open_rate":0.25635,"close_rate":0.25926,"fee_open":0.001,"fee_close":0.001,"trade_duration":120,"profit_ratio":0.009330984989264686,"profit_abs":3.08157993,"exit_reason":"roi","initial_stop_loss_abs":0.24354,"initial_stop_loss_ratio":-0.05,"stop_loss_abs":0.24354,"stop_loss_ratio":-0.05,"min_rate":0.25517,"max_rate":0.26123,"is_open":false,"enter_tag":"","leverage":1.0,"is_short":false,"open_timestamp":1759514400000,"close_timestamp":1759521600000,"orders":[{"amount":1287.0,"safe_price":0.25635,"ft_order_side":"buy","order_filled_timestamp":1759514400000,"ft_is_entry":true,"ft_order_tag":"","cost":330.25237245},{"amount":1287.0,"safe_price":0.25926,"ft_order_side":"sell","order_filled_timestamp":1759521600000,"ft_is_entry":false,"ft_order_tag":"roi","cost":334.00128761999997}],"funding_fees":0.0,"weekday":4},{"pair":"DOGE/USDT","stake_amount":330.91776,"max_stake_amount":330.91776,"amount":1314.0,"open_date":"2025-10-05 02:00:00+00:00","close_date":"2025-10-05 04:00:00+00:00","open_rate":0.25184,"close_rate":0.25833,"fee_open":0.001,"fee_close":0.001,"trade_duration":120,"profit_ratio":0.02372083919892052,"profit_abs":7.85749662,"exit_reason":"roi","initial_stop_loss_abs":0.23925,"initial_stop_loss_ratio":-0.05,"stop_loss_abs":0.23925,"stop_loss_ratio":-0.05,"min_rate":0.25133,"max_rate":0.26398,"is_open":false,"enter_tag":"","leverage":1.0,"is_short":false,"open_timestamp":1759629600000,"close_timestamp":1759636800000,"orders":[{"amount":1314.0,"safe_price":0.25184,"ft_order_side":"buy","order_filled_timestamp":1759629600000,"ft_is_entry":true,"ft_order_tag":"","cost":331.24867775999996},{"amount":1314.0,"safe_price":0.25833,"ft_order_side":"sell","order_filled_timestamp":1759636800000,"ft_is_entry":false,"ft_order_tag":"roi","cost":339.78506561999995}],"funding_fees":0.0,"weekday":6},{"pair":"DOGE/USDT","stake_amount":333.38956,"max_stake_amount":333.38956,"amount":1307.0,"open_date":"2025-10-06 08:00:00+00:00","close_date":"2025-10-06 10:00:00+00:00","open_rate":0.25508,"close_rate":0.25837,"fee_open":0.001,"fee_close":0.001,"trade_duration":120,"profit_ratio":0.010874142323099512,"profit_abs":3.62895085,"exit_reason":"roi","initial_stop_loss_abs":0.24233,"initial_stop_loss_ratio":-0.05,"stop_loss_abs":0.24233,"stop_loss_ratio":-0.05,"min_rate":0.25508,"max_rate":0.2593,"is_open":false,"enter_tag":"","leverage":1.0,"is_short":false,"open_timestamp":1759737600000,"close_timestamp":1759744800000,"orders":[{"amount":1307.0,"safe_price":0.25508,"ft_order_side":"buy","order_filled_timestamp":1759737600000,"ft_is_entry":true,"ft_order_tag":"","cost":333.7229495599999},{"amount":1307.0,"safe_price":0.25837,"ft_order_side":"sell","order_filled_timestamp":1759744800000,"ft_is_entry":false,"ft_order_tag":"roi","cost":338.02727959}],"funding_fees":0.0,"weekday":0},{"pair":"DOGE/USDT","stake_amount":334.8021,"max_stake_amount":334.8021,"amount":1327.0,"open_date":"2025-10-08 13:00:00+00:00","close_date":"2025-10-08 15:00:00+00:00","open_rate":0.2523,"close_rate":0.2528051051051051,"fee_open":0.001,"fee_close":0.001,"trade_duration":120,"profit_ratio":0.0,"profit_abs":0.0,"exit_reason":"roi","initial_stop_loss_abs":0.23969,"initial_stop_loss_ratio":-0.05,"stop_loss_abs":0.23969,"stop_loss_ratio":-0.05,"min_rate":0.24914,"max_rate":0.25678,"is_open":false,"enter_tag":"","leverage":1.0,"is_short":false,"open_timestamp":1759928400000,"close_timestamp":1759935600000,"orders":[{"amount":1327.0,"safe_price":0.2523,"ft_order_side":"buy","order_filled_timestamp":1759928400000,"ft_is_entry":true,"ft_order_tag":"","cost":335.13690210000004},{"amount":1327.0,"safe_price":0.2528051051051051,"ft_order_side":"sell","order_filled_timestamp":1759935600000,"ft_is_entry":false,"ft_order_tag":"roi","cost":335.80784684894894}],"funding_fees":0.0,"weekday":2},{"pair":"DOGE/USDT","stake_amount":334.67635,"max_stake_amount":334.67635,"amount":1345.0,"open_date":"2025-10-09 22:00:00+00:00","close_date":"2025-10-10 00:00:00+00:00","open_rate":0.24883,"close_rate":0.24932815815815812,"fee_open":0.001,"fee_close":0.001,"trade_duration":120,"profit_ratio":0.0,"profit_abs":0.0,"exit_reason":"roi","initial_stop_loss_abs":0.23639,"initial_stop_loss_ratio":-0.05,"stop_loss_abs":0.23639,"stop_loss_ratio":-0.05,"min_rate":0.24779,"max_rate":0.25037,"is_open":false,"enter_tag":"","leverage":1.0,"is_short":false,"open_timestamp":1760047200000,"close_timestamp":1760054400000,"orders":[{"amount":1345.0,"safe_price":0.24883,"ft_order_side":"buy","order_filled_timestamp":1760047200000,"ft_is_entry":true,"ft_order_tag":"","cost":335.01102634999995},{"amount":1345.0,"safe_price":0.24932815815815812,"ft_order_side":"sell","order_filled_timestamp":1760054400000,"ft_is_entry":false,"ft_order_tag":"roi","cost":335.6817190954454}],"funding_fees":0.0,"weekday":4},{"pair":"DOGE/USDT","stake_amount":334.67029,"max_stake_amount":334.67029,"amount":1763.0,"open_date":"2025-10-12 08:00:00+00:00","close_date":"2025-10-12 10:00:00+00:00","open_rate":0.18983,"close_rate":0.19021004004004002,"fee_open":0.001,"fee_close":0.001,"trade_duration":120,"profit_ratio":0.0,"profit_abs":0.0,"exit_reason":"roi","initial_stop_loss_abs":0.18034,"initial_stop_loss_ratio":-0.05,"stop_loss_abs":0.18034,"stop_loss_ratio":-0.05,"min_rate":0.18695,"max_rate":0.19075,"is_open":false,"enter_tag":"","leverage":1.0,"is_short":false,"open_timestamp":1760256000000,"close_timestamp":1760263200000,"orders":[{"amount":1763.0,"safe_price":0.18983,"ft_order_side":"buy","order_filled_timestamp":1760256000000,"ft_is_entry":true,"ft_order_tag":"","cost":335.00496029},{"amount":1763.0,"safe_price":0.19021004004004002,"ft_order_side":"sell","order_filled_timestamp":1760263200000,"ft_is_entry":false,"ft_order_tag":"roi","cost":335.6756408911811}],"funding_fees":0.0,"weekday":6},{"pair":"DOGE/USDT","stake_amount":334.7504,"max_stake_amount":334.7504,"amount":1588.0,"open_date":"2025-10-13 17:00:00+00:00","close_date":"2025-10-13 19:00:00+00:00","open_rate":0.2108,"close_rate":0.21418,"fee_open":0.001,"fee_close":0.001,"trade_duration":120,"profit_ratio":0.014004117324800438,"profit_abs":4.69257176,"exit_reason":"roi","initial_stop_loss_abs":0.20026,"initial_stop_loss_ratio":-0.05,"stop_loss_abs":0.20026,"stop_loss_ratio":-0.05,"min_rate":0.21016,"max_rate":0.21714,"is_open":false,"enter_tag":"","leverage":1.0,"is_short":false,"open_timestamp":1760374800000,"close_timestamp":1760382000000,"orders":[{"amount":1588.0,"safe_price":0.2108,"ft_order_side":"buy","order_filled_timestamp":1760374800000,"ft_is_entry":true,"ft_order_tag":"","cost":335.0851503999999},{"amount":1588.0,"safe_price":0.21418,"ft_order_side":"sell","order_filled_timestamp":1760382000000,"ft_is_entry":false,"ft_order_tag":"roi","cost":340.45795783999995}],"funding_fees":0.0,"weekday":0},{"pair":"DOGE/USDT","stake_amount":336.31704,"max_stake_amount":336.31704,"amount":1656.0,"open_date":"2025-10-14 20:00:00+00:00","close_date":"2025-10-14 22:00:00+00:00","open_rate":0.20309,"close_rate":0.20359,"fee_open":0.001,"fee_close":0.001,"trade_duration":120,"profit_ratio":0.00045904167229687934,"profit_abs":0.15453792,"exit_reason":"roi","initial_stop_loss_abs":0.19294,"initial_stop_loss_ratio":-0.05,"stop_loss_abs":0.19294,"stop_loss_ratio":-0.05,"min_rate":0.20198,"max_rate":0.20516,"is_open":false,"enter_tag":"","leverage":1.0,"is_short":false,"open_timestamp":1760472000000,"close_timestamp":1760479200000,"orders":[{"amount":1656.0,"safe_price":0.20309,"ft_order_side":"buy","order_filled_timestamp":1760472000000,"ft_is_entry":true,"ft_order_tag":"","cost":336.65335703999995},{"amount":1656.0,"safe_price":0.20359,"ft_order_side":"sell","order_filled_timestamp":1760479200000,"ft_is_entry":false,"ft_order_tag":"roi","cost":337.48218503999993}],"funding_fees":0.0,"weekday":1},{"pair":"DOGE/USDT","stake_amount":336.37093,"max_stake_amount":336.37093,"amount":1687.0,"open_date":"2025-10-16 11:00:00+00:00","close_date":"2025-10-16 13:00:00+00:00","open_rate":0.19939,"close_rate":0.20003,"fee_open":0.001,"fee_close":0.001,"trade_duration":120,"profit_ratio":0.0012053746945165772,"profit_abs":0.40585846,"exit_reason":"roi","initial_stop_loss_abs":0.18943,"initial_stop_loss_ratio":-0.05,"stop_loss_abs":0.18943,"stop_loss_ratio":-0.05,"min_rate":0.19729,"max_rate":0.2015,"is_open":false,"enter_tag":"","leverage":1.0,"is_short":false,"open_timestamp":1760612400000,"close_timestamp":1760619600000,"orders":[{"amount":1687.0,"safe_price":0.19939,"ft_order_side":"buy","order_filled_timestamp":1760612400000,"ft_is_entry":true,"ft_order_tag":"","cost":336.70730093000003},{"amount":1687.0,"safe_price":0.20003,"ft_order_side":"sell","order_filled_timestamp":1760619600000,"ft_is_entry":false,"ft_order_tag":"roi","cost":337.78806061}],"funding_fees":0.0,"weekday":3},{"pair":"DOGE/USDT","stake_amount":336.41856,"max_stake_amount":336.41856,"amount":1824.0,"open_date":"2025-10-17 20:00:00+00:00","close_date":"2025-10-17 22:00:00+00:00","open_rate":0.18444,"close_rate":0.18735,"fee_open":0.001,"fee_close":0.001,"trade_duration":120,"profit_ratio":0.013747963162406883,"profit_abs":4.62969504,"exit_reason":"roi","initial_stop_loss_abs":0.17522,"initial_stop_loss_ratio":-0.05,"stop_loss_abs":0.17522,"stop_loss_ratio":-0.05,"min_rate":0.18399,"max_rate":0.18776,"is_open":false,"enter_tag":"","leverage":1.0,"is_short":false,"open_timestamp":1760731200000,"close_timestamp":1760738400000,"orders":[{"amount":1824.0,"safe_price":0.18444,"ft_order_side":"buy","order_filled_timestamp":1760731200000,"ft_is_entry":true,"ft_order_tag":"","cost":336.75497856},{"amount":1824.0,"safe_price":0.18735,"ft_order_side":"sell","order_filled_timestamp":1760738400000,"ft_is_entry":false,"ft_order_tag":"roi","cost":342.0681263999999}],"funding_fees":0.0,"weekday":4},{"pair":"DOGE/USDT","stake_amount":338.0646,"max_stake_amount":338.0646,"amount":1740.0,"open_date":"2025-10-19 11:00:00+00:00","close_date":"2025-10-19 13:00:00+00:00","open_rate":0.19429,"close_rate":0.19467896896896894,"fee_open":0.001,"fee_close":0.001,"trade_duration":120,"profit_ratio":0.0,"profit_abs":0.0,"exit_reason":"roi","initial_stop_loss_abs":0.18458,"initial_stop_loss_ratio":-0.05,"stop_loss_abs":0.18458,"stop_loss_ratio":-0.05,"min_rate":0.19259,"max_rate":0.19805,"is_open":false,"enter_tag":"","leverage":1.0,"is_short":false,"open_timestamp":1760871600000,"close_timestamp":1760878800000,"orders":[{"amount":1740.0,"safe_price":0.19429,"ft_order_side":"buy","order_filled_timestamp":1760871600000,"ft_is_entry":true,"ft_order_tag":"","cost":338.4026645999999},{"amount":1740.0,"safe_price":0.19467896896896894,"ft_order_side":"sell","order_filled_timestamp":1760878800000,"ft_is_entry":false,"ft_order_tag":"roi","cost":339.0801474120119}],"funding_fees":0.0,"weekday":6},{"pair":"DOGE/USDT","stake_amount":337.8732,"max_stake_amount":337.8732,"amount":1653.0,"open_date":"2025-10-21 16:00:00+00:00","close_date":"2025-10-21 23:00:00+00:00","open_rate":0.2044,"close_rate":0.19418,"fee_open":0.001,"fee_close":0.001,"trade_duration":420,"profit_ratio":-0.0518981018981019,"profit_abs":-17.55251274,"exit_reason":"stop_loss","initial_stop_loss_abs":0.19418,"initial_stop_loss_ratio":-0.05,"stop_loss_abs":0.19418,"stop_loss_ratio":-0.05,"min_rate":0.19362,"max_rate":0.205,"is_open":false,"enter_tag":"","leverage":1.0,"is_short":false,"open_timestamp":1761062400000,"close_timestamp":1761087600000,"orders":[{"amount":1653.0,"safe_price":0.2044,"ft_order_side":"buy","order_filled_timestamp":1761062400000,"ft_is_entry":true,"ft_order_tag":"","cost":338.2110732},{"amount":1653.0,"safe_price":0.19418,"ft_order_side":"sell","order_filled_timestamp":1761087600000,"ft_is_entry":false,"ft_order_tag":"stop_loss","cost":321.3005195399999}],"funding_fees":0.0,"weekday":1},{"pair":"DOGE/USDT","stake_amount":332.27073,"max_stake_amount":332.27073,"amount":1739.0,"open_date":"2025-10-23 04:00:00+00:00","close_date":"2025-10-23 06:00:00+00:00","open_rate":0.19107,"close_rate":0.1921,"fee_open":0.001,"fee_close":0.001,"trade_duration":120,"profit_ratio":0.0033819218934621666,"profit_abs":1.12483737,"exit_reason":"roi","initial_stop_loss_abs":0.18152,"initial_stop_loss_ratio":-0.05,"stop_loss_abs":0.18152,"stop_loss_ratio":-0.05,"min_rate":0.1908,"max_rate":0.19498,"is_open":false,"enter_tag":"","leverage":1.0,"is_short":false,"open_timestamp":1761192000000,"close_timestamp":1761199200000,"orders":[{"amount":1739.0,"safe_price":0.19107,"ft_order_side":"buy","order_filled_timestamp":1761192000000,"ft_is_entry":true,"ft_order_tag":"","cost":332.6030007299999},{"amount":1739.0,"safe_price":0.1921,"ft_order_side":"sell","order_filled_timestamp":1761199200000,"ft_is_entry":false,"ft_order_tag":"roi","cost":334.3959618999999}],"funding_fees":0.0,"weekday":3},{"pair":"DOGE/USDT","stake_amount":332.63888,"max_stake_amount":332.63888,"amount":1702.0,"open_date":"2025-10-24 03:00:00+00:00","close_date":"2025-10-24 05:00:00+00:00","open_rate":0.19544,"close_rate":0.19763,"fee_open":0.001,"fee_close":0.001,"trade_duration":120,"profit_ratio":0.009185094479814086,"profit_abs":3.05837486,"exit_reason":"roi","initial_stop_loss_abs":0.18567,"initial_stop_loss_ratio":-0.05,"stop_loss_abs":0.18567,"stop_loss_ratio":-0.05,"min_rate":0.19481,"max_rate":0.19835,"is_open":false,"enter_tag":"","leverage":1.0,"is_short":false,"open_timestamp":1761274800000,"close_timestamp":1761282000000,"orders":[{"amount":1702.0,"safe_price":0.19544,"ft_order_side":"buy","order_filled_timestamp":1761274800000,"ft_is_entry":true,"ft_order_tag":"","cost":332.97151888},{"amount":1702.0,"safe_price":0.19763,"ft_order_side":"sell","order_filled_timestamp":1761282000000,"ft_is_entry":false,"ft_order_tag":"roi","cost":336.70262626}],"funding_fees":0.0,"weekday":4},{"pair":"DOGE/USDT","stake_amount":333.48645,"max_stake_amount":333.48645,"amount":1683.0,"open_date":"2025-10-24 22:00:00+00:00","close_date":"2025-10-25 00:00:00+00:00","open_rate":0.19815,"close_rate":0.19854669669669667,"fee_open":0.001,"fee_close":0.001,"trade_duration":120,"profit_ratio":0.0,"profit_abs":0.0,"exit_reason":"roi","initial_stop_loss_abs":0.18825,"initial_stop_loss_ratio":-0.05,"stop_loss_abs":0.18825,"stop_loss_ratio":-0.05,"min_rate":0.19732,"max_rate":0.19884,"is_open":false,"enter_tag":"","leverage":1.0,"is_short":false,"open_timestamp":1761343200000,"close_timestamp":1761350400000,"orders":[{"amount":1683.0,"safe_price":0.19815,"ft_order_side":"buy","order_filled_timestamp":1761343200000,"ft_is_entry":true,"ft_order_tag":"","cost":333.81993644999994},{"amount":1683.0,"safe_price":0.19854669669669667,"ft_order_side":"sell","order_filled_timestamp":1761350400000,"ft_is_entry":false,"ft_order_tag":"roi","cost":334.488244631081}],"funding_fees":0.0,"weekday":5},{"pair":"DOGE/USDT","stake_amount":333.49818,"max_stake_amount":333.49818,"amount":1671.0,"open_date":"2025-10-26 10:00:00+00:00","close_date":"2025-10-26 12:00:00+00:00","open_rate":0.19958,"close_rate":0.20183,"fee_open":0.001,"fee_close":0.001,"trade_duration":120,"profit_ratio":0.009253147894294302,"profit_abs":3.08899389,"exit_reason":"roi","initial_stop_loss_abs":0.18961,"initial_stop_loss_ratio":-0.05,"stop_loss_abs":0.18961,"stop_loss_ratio":-0.05,"min_rate":0.19833,"max_rate":0.20286,"is_open":false,"enter_tag":"","leverage":1.0,"is_short":false,"open_timestamp":1761472800000,"close_timestamp":1761480000000,"orders":[{"amount":1671.0,"safe_price":0.19958,"ft_order_side":"buy","order_filled_timestamp":1761472800000,"ft_is_entry":true,"ft_order_tag":"","cost":333.8316781799999},{"amount":1671.0,"safe_price":0.20183,"ft_order_side":"sell","order_filled_timestamp":1761480000000,"ft_is_entry":false,"ft_order_tag":"roi","cost":337.59518792999995}],"funding_fees":0.0,"weekday":6},{"pair":"DOGE/USDT","stake_amount":334.59184,"max_stake_amount":334.59184,"amount":1661.0,"open_date":"2025-10-28 17:00:00+00:00","close_date":"2025-10-28 21:00:00+00:00","open_rate":0.20144,"close_rate":0.19137,"fee_open":0.001,"fee_close":0.001,"trade_duration":240,"profit_ratio":-0.05188819322059989,"profit_abs":-17.37872741,"exit_reason":"stop_loss","initial_stop_loss_abs":0.19137,"initial_stop_loss_ratio":-0.05,"stop_loss_abs":0.19137,"stop_loss_ratio":-0.05,"min_rate":0.19006,"max_rate":0.2025,"is_open":false,"enter_tag":"","leverage":1.0,"is_short":false,"open_timestamp":1761670800000,"close_timestamp":1761685200000,"orders":[{"amount":1661.0,"safe_price":0.20144,"ft_order_side":"buy","order_filled_timestamp":1761670800000,"ft_is_entry":true,"ft_order_tag":"","cost":334.92643183999996},{"amount":1661.0,"safe_price":0.19137,"ft_order_side":"sell","order_filled_timestamp":1761685200000,"ft_is_entry":false,"ft_order_tag":"stop_loss","cost":318.18343557000003}],"funding_fees":0.0,"weekday":1},{"pair":"DOGE/USDT","stake_amount":328.7622,"max_stake_amount":328.7622,"amount":1695.0,"open_date":"2025-10-29 14:00:00+00:00","close_date":"2025-10-29 17:00:00+00:00","open_rate":0.19396,"close_rate":0.19434830830830827,"fee_open":0.001,"fee_close":0.001,"trade_duration":180,"profit_ratio":0.0,"profit_abs":0.0,"exit_reason":"roi","initial_stop_loss_abs":0.18427,"initial_stop_loss_ratio":-0.05,"stop_loss_abs":0.18427,"stop_loss_ratio":-0.05,"min_rate":0.19022,"max_rate":0.19609,"is_open":false,"enter_tag":"","leverage":1.0,"is_short":false,"open_timestamp":1761746400000,"close_timestamp":1761757200000,"orders":[{"amount":1695.0,"safe_price":0.19396,"ft_order_side":"buy","order_filled_timestamp":1761746400000,"ft_is_entry":true,"ft_order_tag":"","cost":329.0909622},{"amount":1695.0,"safe_price":0.19434830830830827,"ft_order_side":"sell","order_filled_timestamp":1761757200000,"ft_is_entry":false,"ft_order_tag":"roi","cost":329.7498029651651}],"funding_fees":0.0,"weekday":2},{"pair":"DOGE/USDT","stake_amount":328.93834,"max_stake_amount":328.93834,"amount":1678.0,"open_date":"2025-10-29 21:00:00+00:00","close_date":"2025-10-29 23:00:00+00:00","open_rate":0.19603,"close_rate":0.19485,"fee_open":0.001,"fee_close":0.001,"trade_duration":120,"profit_ratio":-0.008005461864565064,"profit_abs":-2.63593664,"exit_reason":"exit_signal","initial_stop_loss_abs":0.18623,"initial_stop_loss_ratio":-0.05,"stop_loss_abs":0.18623,"stop_loss_ratio":-0.05,"min_rate":0.19147,"max_rate":0.19691,"is_open":false,"enter_tag":"","leverage":1.0,"is_short":false,"open_timestamp":1761771600000,"close_timestamp":1761778800000,"orders":[{"amount":1678.0,"safe_price":0.19603,"ft_order_side":"buy","order_filled_timestamp":1761771600000,"ft_is_entry":true,"ft_order_tag":"","cost":329.26727834},{"amount":1678.0,"safe_price":0.19485,"ft_order_side":"sell","order_filled_timestamp":1761778800000,"ft_is_entry":false,"ft_order_tag":"exit_signal","cost":327.28525829999995}],"funding_fees":0.0,"weekday":2},{"pair":"DOGE/USDT","stake_amount":327.90981,"max_stake_amount":327.90981,"amount":1777.0,"open_date":"2025-10-31 04:00:00+00:00","close_date":"2025-10-31 06:00:00+00:00","open_rate":0.18453,"close_rate":0.18506,"fee_open":0.001,"fee_close":0.001,"trade_duration":120,"profit_ratio":0.0008684211252899272,"profit_abs":0.28504857,"exit_reason":"roi","initial_stop_loss_abs":0.17531,"initial_stop_loss_ratio":-0.05,"stop_loss_abs":0.17531,"stop_loss_ratio":-0.05,"min_rate":0.1842,"max_rate":0.18608,"is_open":false,"enter_tag":"","leverage":1.0,"is_short":false,"open_timestamp":1761883200000,"close_timestamp":1761890400000,"orders":[{"amount":1777.0,"safe_price":0.18453,"ft_order_side":"buy","order_filled_timestamp":1761883200000,"ft_is_entry":true,"ft_order_tag":"","cost":328.23771980999993},{"amount":1777.0,"safe_price":0.18506,"ft_order_side":"sell","order_filled_timestamp":1761890400000,"ft_is_entry":false,"ft_order_tag":"roi","cost":329.18047162}],"funding_fees":0.0,"weekday":4},{"pair":"DOGE/USDT","stake_amount":328.0743,"max_stake_amount":328.0743,"amount":1761.0,"open_date":"2025-10-31 22:00:00+00:00","close_date":"2025-11-01 01:00:00+00:00","open_rate":0.1863,"close_rate":0.18667297297297294,"fee_open":0.001,"fee_close":0.001,"trade_duration":180,"profit_ratio":0.0,"profit_abs":0.0,"exit_reason":"roi","initial_stop_loss_abs":0.17699,"initial_stop_loss_ratio":-0.05,"stop_loss_abs":0.17699,"stop_loss_ratio":-0.05,"min_rate":0.18535,"max_rate":0.18686,"is_open":false,"enter_tag":"","leverage":1.0,"is_short":false,"open_timestamp":1761948000000,"close_timestamp":1761958800000,"orders":[{"amount":1761.0,"safe_price":0.1863,"ft_order_side":"buy","order_filled_timestamp":1761948000000,"ft_is_entry":true,"ft_order_tag":"","cost":328.40237429999996},{"amount":1761.0,"safe_price":0.18667297297297294,"ft_order_side":"sell","order_filled_timestamp":1761958800000,"ft_is_entry":false,"ft_order_tag":"roi","cost":329.0598365108107}],"funding_fees":0.0,"weekday":5},{"pair":"DOGE/USDT","stake_amount":328.06913,"max_stake_amount":328.06913,"amount":1747.0,"open_date":"2025-11-02 07:00:00+00:00","close_date":"2025-11-03 03:00:00+00:00","open_rate":0.18779,"close_rate":0.17841,"fee_open":0.001,"fee_close":0.001,"trade_duration":1200,"profit_ratio":-0.051847614550633886,"profit_abs":-17.0266114,"exit_reason":"stop_loss","initial_stop_loss_abs":0.17841,"initial_stop_loss_ratio":-0.05,"stop_loss_abs":0.17841,"stop_loss_ratio":-0.05,"min_rate":0.17456,"max_rate":0.18884,"is_open":false,"enter_tag":"","leverage":1.0,"is_short":false,"open_timestamp":1762066800000,"close_timestamp":1762138800000,"orders":[{"amount":1747.0,"safe_price":0.18779,"ft_order_side":"buy","order_filled_timestamp":1762066800000,"ft_is_entry":true,"ft_order_tag":"","cost":328.39719913},{"amount":1747.0,"safe_price":0.17841,"ft_order_side":"sell","order_filled_timestamp":1762138800000,"ft_is_entry":false,"ft_order_tag":"stop_loss","cost":311.99395226999997}],"funding_fees":0.0,"weekday":0},{"pair":"DOGE/USDT","stake_amount":322.43532,"max_stake_amount":322.43532,"amount":1957.0,"open_date":"2025-11-05 05:00:00+00:00","close_date":"2025-11-05 07:00:00+00:00","open_rate":0.16476,"close_rate":0.16537,"fee_open":0.001,"fee_close":0.001,"trade_duration":120,"profit_ratio":0.0016969556299490749,"profit_abs":0.54770559,"exit_reason":"roi","initial_stop_loss_abs":0.15653,"initial_stop_loss_ratio":-0.05,"stop_loss_abs":0.15653,"stop_loss_ratio":-0.05,"min_rate":0.16403,"max_rate":0.16619,"is_open":false,"enter_tag":"","leverage":1.0,"is_short":false,"open_timestamp":1762318800000,"close_timestamp":1762326000000,"orders":[{"amount":1957.0,"safe_price":0.16476,"ft_order_side":"buy","order_filled_timestamp":1762318800000,"ft_is_entry":true,"ft_order_tag":"","cost":322.75775531999994},{"amount":1957.0,"safe_price":0.16537,"ft_order_side":"sell","order_filled_timestamp":1762326000000,"ft_is_entry":false,"ft_order_tag":"roi","cost":323.9527190899999}],"funding_fees":0.0,"weekday":2},{"pair":"DOGE/USDT","stake_amount":322.63637,"max_stake_amount":322.63637,"amount":1979.0,"open_date":"2025-11-07 01:00:00+00:00","close_date":"2025-11-07 03:00:00+00:00","open_rate":0.16303,"close_rate":0.16414,"fee_open":0.001,"fee_close":0.001,"trade_duration":120,"profit_ratio":0.004796957321032644,"profit_abs":1.54922057,"exit_reason":"roi","initial_stop_loss_abs":0.15488,"initial_stop_loss_ratio":-0.05,"stop_loss_abs":0.15488,"stop_loss_ratio":-0.05,"min_rate":0.16095,"max_rate":0.16509,"is_open":false,"enter_tag":"","leverage":1.0,"is_short":false,"open_timestamp":1762477200000,"close_timestamp":1762484400000,"orders":[{"amount":1979.0,"safe_price":0.16303,"ft_order_side":"buy","order_filled_timestamp":1762477200000,"ft_is_entry":true,"ft_order_tag":"","cost":322.95900636999994},{"amount":1979.0,"safe_price":0.16414,"ft_order_side":"sell","order_filled_timestamp":1762484400000,"ft_is_entry":false,"ft_order_tag":"roi","cost":325.15789305999994}],"funding_fees":0.0,"weekday":4},{"pair":"DOGE/USDT","stake_amount":323.16624,"max_stake_amount":323.16624,"amount":1912.0,"open_date":"2025-11-07 16:00:00+00:00","close_date":"2025-11-07 17:00:00+00:00","open_rate":0.16902,"close_rate":0.17781783783783786,"fee_open":0.001,"fee_close":0.001,"trade_duration":60,"profit_ratio":0.049950049950049945,"profit_abs":16.158312,"exit_reason":"roi","initial_stop_loss_abs":0.16057,"initial_stop_loss_ratio":-0.05,"stop_loss_abs":0.16057,"stop_loss_ratio":-0.05,"min_rate":0.16834,"max_rate":0.17978,"is_open":false,"enter_tag":"","leverage":1.0,"is_short":false,"open_timestamp":1762531200000,"close_timestamp":1762534800000,"orders":[{"amount":1912.0,"safe_price":0.16902,"ft_order_side":"buy","order_filled_timestamp":1762531200000,"ft_is_entry":true,"ft_order_tag":"","cost":323.48940624},{"amount":1912.0,"safe_price":0.17781783783783786,"ft_order_side":"sell","order_filled_timestamp":1762534800000,"ft_is_entry":false,"ft_order_tag":"roi","cost":340.32769365189193}],"funding_fees":0.0,"weekday":4},{"pair":"DOGE/USDT","stake_amount":328.4265,"max_stake_amount":328.4265,"amount":1865.0,"open_date":"2025-11-09 14:00:00+00:00","close_date":"2025-11-09 16:00:00+00:00","open_rate":0.1761,"close_rate":0.17807,"fee_open":0.001,"fee_close":0.001,"trade_duration":120,"profit_ratio":0.009166472369198092,"profit_abs":3.01352295,"exit_reason":"roi","initial_stop_loss_abs":0.1673,"initial_stop_loss_ratio":-0.05,"stop_loss_abs":0.1673,"stop_loss_ratio":-0.05,"min_rate":0.17501,"max_rate":0.17961,"is_open":false,"enter_tag":"","leverage":1.0,"is_short":false,"open_timestamp":1762696800000,"close_timestamp":1762704000000,"orders":[{"amount":1865.0,"safe_price":0.1761,"ft_order_side":"buy","order_filled_timestamp":1762696800000,"ft_is_entry":true,"ft_order_tag":"","cost":328.7549265},{"amount":1865.0,"safe_price":0.17807,"ft_order_side":"sell","order_filled_timestamp":1762704000000,"ft_is_entry":false,"ft_order_tag":"roi","cost":332.43265054999995}],"funding_fees":0.0,"weekday":6},{"pair":"DOGE/USDT","stake_amount":329.511,"max_stake_amount":329.511,"amount":1820.0,"open_date":"2025-11-11 01:00:00+00:00","close_date":"2025-11-11 03:00:00+00:00","open_rate":0.18105,"close_rate":0.18294,"fee_open":0.001,"fee_close":0.001,"trade_duration":120,"profit_ratio":0.008420245868464593,"profit_abs":2.7773382,"exit_reason":"roi","initial_stop_loss_abs":0.172,"initial_stop_loss_ratio":-0.05,"stop_loss_abs":0.172,"stop_loss_ratio":-0.05,"min_rate":0.17973,"max_rate":0.1864,"is_open":false,"enter_tag":"","leverage":1.0,"is_short":false,"open_timestamp":1762822800000,"close_timestamp":1762830000000,"orders":[{"amount":1820.0,"safe_price":0.18105,"ft_order_side":"buy","order_filled_timestamp":1762822800000,"ft_is_entry":true,"ft_order_tag":"","cost":329.84051099999994},{"amount":1820.0,"safe_price":0.18294,"ft_order_side":"sell","order_filled_timestamp":1762830000000,"ft_is_entry":false,"ft_order_tag":"roi","cost":333.2837507999999}],"funding_fees":0.0,"weekday":1},{"pair":"DOGE/USDT","stake_amount":330.3972,"max_stake_amount":330.3972,"amount":1873.0,"open_date":"2025-11-12 11:00:00+00:00","close_date":"2025-11-12 13:00:00+00:00","open_rate":0.1764,"close_rate":0.17675315315315315,"fee_open":0.001,"fee_close":0.001,"trade_duration":120,"profit_ratio":0.0,"profit_abs":0.0,"exit_reason":"roi","initial_stop_loss_abs":0.16758,"initial_stop_loss_ratio":-0.05,"stop_loss_abs":0.16758,"stop_loss_ratio":-0.05,"min_rate":0.1757,"max_rate":0.17806,"is_open":false,"enter_tag":"","leverage":1.0,"is_short":false,"open_timestamp":1762945200000,"close_timestamp":1762952400000,"orders":[{"amount":1873.0,"safe_price":0.1764,"ft_order_side":"buy","order_filled_timestamp":1762945200000,"ft_is_entry":true,"ft_order_tag":"","cost":330.72759719999993},{"amount":1873.0,"safe_price":0.17675315315315315,"ft_order_side":"sell","order_filled_timestamp":1762952400000,"ft_is_entry":false,"ft_order_tag":"roi","cost":331.3897145117117}],"funding_fees":0.0,"weekday":2},{"pair":"DOGE/USDT","stake_amount":330.40831,"max_stake_amount":330.40831,"amount":1877.0,"open_date":"2025-11-13 06:00:00+00:00","close_date":"2025-11-13 08:00:00+00:00","open_rate":0.17603,"close_rate":0.1763824124124124,"fee_open":0.001,"fee_close":0.001,"trade_duration":120,"profit_ratio":0.0,"profit_abs":0.0,"exit_reason":"roi","initial_stop_loss_abs":0.16723,"initial_stop_loss_ratio":-0.05,"stop_loss_abs":0.16723,"stop_loss_ratio":-0.05,"min_rate":0.17519,"max_rate":0.17709,"is_open":false,"enter_tag":"","leverage":1.0,"is_short":false,"open_timestamp":1763013600000,"close_timestamp":1763020800000,"orders":[{"amount":1877.0,"safe_price":0.17603,"ft_order_side":"buy","order_filled_timestamp":1763013600000,"ft_is_entry":true,"ft_order_tag":"","cost":330.7387183099999},{"amount":1877.0,"safe_price":0.1763824124124124,"ft_order_side":"sell","order_filled_timestamp":1763020800000,"ft_is_entry":false,"ft_order_tag":"roi","cost":331.4008578861961}],"funding_fees":0.0,"weekday":3},{"pair":"DOGE/USDT","stake_amount":330.32184,"max_stake_amount":330.32184,"amount":2033.0,"open_date":"2025-11-15 05:00:00+00:00","close_date":"2025-11-15 07:00:00+00:00","open_rate":0.16248,"close_rate":0.16329,"fee_open":0.001,"fee_close":0.001,"trade_duration":120,"profit_ratio":0.002977266455848435,"profit_abs":0.98443959,"exit_reason":"roi","initial_stop_loss_abs":0.15436,"initial_stop_loss_ratio":-0.05,"stop_loss_abs":0.15436,"stop_loss_ratio":-0.05,"min_rate":0.16225,"max_rate":0.1642,"is_open":false,"enter_tag":"","leverage":1.0,"is_short":false,"open_timestamp":1763182800000,"close_timestamp":1763190000000,"orders":[{"amount":2033.0,"safe_price":0.16248,"ft_order_side":"buy","order_filled_timestamp":1763182800000,"ft_is_entry":true,"ft_order_tag":"","cost":330.65216183999996},{"amount":2033.0,"safe_price":0.16329,"ft_order_side":"sell","order_filled_timestamp":1763190000000,"ft_is_entry":false,"ft_order_tag":"roi","cost":332.30053856999996}],"funding_fees":0.0,"weekday":5},{"pair":"DOGE/USDT","stake_amount":330.68966,"max_stake_amount":330.68966,"amount":2018.0,"open_date":"2025-11-16 04:00:00+00:00","close_date":"2025-11-16 08:00:00+00:00","open_rate":0.16387,"close_rate":0.16419806806806803,"fee_open":0.001,"fee_close":0.001,"trade_duration":240,"profit_ratio":0.0,"profit_abs":0.0,"exit_reason":"roi","initial_stop_loss_abs":0.15568,"initial_stop_loss_ratio":-0.05,"stop_loss_abs":0.15568,"stop_loss_ratio":-0.05,"min_rate":0.16271,"max_rate":0.16445,"is_open":false,"enter_tag":"","leverage":1.0,"is_short":false,"open_timestamp":1763265600000,"close_timestamp":1763280000000,"orders":[{"amount":2018.0,"safe_price":0.16387,"ft_order_side":"buy","order_filled_timestamp":1763265600000,"ft_is_entry":true,"ft_order_tag":"","cost":331.02034965999997},{"amount":2018.0,"safe_price":0.16419806806806803,"ft_order_side":"sell","order_filled_timestamp":1763280000000,"ft_is_entry":false,"ft_order_tag":"roi","cost":331.6830530627226}],"funding_fees":0.0,"weekday":6},{"pair":"DOGE/USDT","stake_amount":330.752,"max_stake_amount":330.752,"amount":2048.0,"open_date":"2025-11-17 04:00:00+00:00","close_date":"2025-11-17 07:00:00+00:00","open_rate":0.1615,"close_rate":0.1618233233233233,"fee_open":0.001,"fee_close":0.001,"trade_duration":180,"profit_ratio":0.0,"profit_abs":0.0,"exit_reason":"roi","initial_stop_loss_abs":0.15343,"initial_stop_loss_ratio":-0.05,"stop_loss_abs":0.15343,"stop_loss_ratio":-0.05,"min_rate":0.16069,"max_rate":0.16239,"is_open":false,"enter_tag":"","leverage":1.0,"is_short":false,"open_timestamp":1763352000000,"close_timestamp":1763362800000,"orders":[{"amount":2048.0,"safe_price":0.1615,"ft_order_side":"buy","order_filled_timestamp":1763352000000,"ft_is_entry":true,"ft_order_tag":"","cost":331.08275199999997},{"amount":2048.0,"safe_price":0.1618233233233233,"ft_order_side":"sell","order_filled_timestamp":1763362800000,"ft_is_entry":false,"ft_order_tag":"roi","cost":331.7455803323323}],"funding_fees":0.0,"weekday":0},{"pair":"DOGE/USDT","stake_amount":330.8019,"max_stake_amount":330.8019,"amount":2103.0,"open_date":"2025-11-18 09:00:00+00:00","close_date":"2025-11-18 12:00:00+00:00","open_rate":0.1573,"close_rate":0.1576149149149149,"fee_open":0.001,"fee_close":0.001,"trade_duration":180,"profit_ratio":0.0,"profit_abs":0.0,"exit_reason":"roi","initial_stop_loss_abs":0.14944,"initial_stop_loss_ratio":-0.05,"stop_loss_abs":0.14944,"stop_loss_ratio":-0.05,"min_rate":0.15629,"max_rate":0.15787,"is_open":false,"enter_tag":"","leverage":1.0,"is_short":false,"open_timestamp":1763456400000,"close_timestamp":1763467200000,"orders":[{"amount":2103.0,"safe_price":0.1573,"ft_order_side":"buy","order_filled_timestamp":1763456400000,"ft_is_entry":true,"ft_order_tag":"","cost":331.1327019},{"amount":2103.0,"safe_price":0.1576149149149149,"ft_order_side":"sell","order_filled_timestamp":1763467200000,"ft_is_entry":false,"ft_order_tag":"roi","cost":331.79563023213205}],"funding_fees":0.0,"weekday":1},{"pair":"DOGE/USDT","stake_amount":330.75438,"max_stake_amount":330.75438,"amount":2091.0,"open_date":"2025-11-20 03:00:00+00:00","close_date":"2025-11-20 05:00:00+00:00","open_rate":0.15818,"close_rate":0.15849667667667663,"fee_open":0.001,"fee_close":0.001,"trade_duration":120,"profit_ratio":0.0,"profit_abs":0.0,"exit_reason":"roi","initial_stop_loss_abs":0.15028,"initial_stop_loss_ratio":-0.05,"stop_loss_abs":0.15028,"stop_loss_ratio":-0.05,"min_rate":0.15682,"max_rate":0.15882,"is_open":false,"enter_tag":"","leverage":1.0,"is_short":false,"open_timestamp":1763607600000,"close_timestamp":1763614800000,"orders":[{"amount":2091.0,"safe_price":0.15818,"ft_order_side":"buy","order_filled_timestamp":1763607600000,"ft_is_entry":true,"ft_order_tag":"","cost":331.08513437999994},{"amount":2091.0,"safe_price":0.15849667667667663,"ft_order_side":"sell","order_filled_timestamp":1763614800000,"ft_is_entry":false,"ft_order_tag":"roi","cost":331.74796748186174}],"funding_fees":0.0,"weekday":3},{"pair":"DOGE/USDT","stake_amount":330.67446,"max_stake_amount":330.67446,"amount":2374.0,"open_date":"2025-11-22 04:00:00+00:00","close_date":"2025-11-22 07:00:00+00:00","open_rate":0.13929,"close_rate":0.13956885885885884,"fee_open":0.001,"fee_close":0.001,"trade_duration":180,"profit_ratio":0.0,"profit_abs":0.0,"exit_reason":"roi","initial_stop_loss_abs":0.13233,"initial_stop_loss_ratio":-0.05,"stop_loss_abs":0.13233,"stop_loss_ratio":-0.05,"min_rate":0.13565,"max_rate":0.14016,"is_open":false,"enter_tag":"","leverage":1.0,"is_short":false,"open_timestamp":1763784000000,"close_timestamp":1763794800000,"orders":[{"amount":2374.0,"safe_price":0.13929,"ft_order_side":"buy","order_filled_timestamp":1763784000000,"ft_is_entry":true,"ft_order_tag":"","cost":331.00513445999997},{"amount":2374.0,"safe_price":0.13956885885885884,"ft_order_side":"sell","order_filled_timestamp":1763794800000,"ft_is_entry":false,"ft_order_tag":"roi","cost":331.6678074018618}],"funding_fees":0.0,"weekday":5},{"pair":"DOGE/USDT","stake_amount":330.73856,"max_stake_amount":330.73856,"amount":2368.0,"open_date":"2025-11-22 19:00:00+00:00","close_date":"2025-11-22 21:00:00+00:00","open_rate":0.13967,"close_rate":0.13994961961961958,"fee_open":0.001,"fee_close":0.001,"trade_duration":120,"profit_ratio":0.0,"profit_abs":0.0,"exit_reason":"roi","initial_stop_loss_abs":0.13269,"initial_stop_loss_ratio":-0.05,"stop_loss_abs":0.13269,"stop_loss_ratio":-0.05,"min_rate":0.13874,"max_rate":0.14018,"is_open":false,"enter_tag":"","leverage":1.0,"is_short":false,"open_timestamp":1763838000000,"close_timestamp":1763845200000,"orders":[{"amount":2368.0,"safe_price":0.13967,"ft_order_side":"buy","order_filled_timestamp":1763838000000,"ft_is_entry":true,"ft_order_tag":"","cost":331.06929855999994},{"amount":2368.0,"safe_price":0.13994961961961958,"ft_order_side":"sell","order_filled_timestamp":1763845200000,"ft_is_entry":false,"ft_order_tag":"roi","cost":331.7320999585184}],"funding_fees":0.0,"weekday":5},{"pair":"DOGE/USDT","stake_amount":330.68714,"max_stake_amount":330.68714,"amount":2174.0,"open_date":"2025-11-24 18:00:00+00:00","close_date":"2025-11-24 20:00:00+00:00","open_rate":0.15211,"close_rate":0.15249,"fee_open":0.001,"fee_close":0.001,"trade_duration":120,"profit_ratio":0.0004951987070191001,"profit_abs":0.1639196,"exit_reason":"roi","initial_stop_loss_abs":0.14451,"initial_stop_loss_ratio":-0.05,"stop_loss_abs":0.14451,"stop_loss_ratio":-0.05,"min_rate":0.15174,"max_rate":0.15397,"is_open":false,"enter_tag":"","leverage":1.0,"is_short":false,"open_timestamp":1764007200000,"close_timestamp":1764014400000,"orders":[{"amount":2174.0,"safe_price":0.15211,"ft_order_side":"buy","order_filled_timestamp":1764007200000,"ft_is_entry":true,"ft_order_tag":"","cost":331.01782713999995},{"amount":2174.0,"safe_price":0.15249,"ft_order_side":"sell","order_filled_timestamp":1764014400000,"ft_is_entry":false,"ft_order_tag":"roi","cost":331.8447732599999}],"funding_fees":0.0,"weekday":0},{"pair":"DOGE/USDT","stake_amount":330.71412,"max_stake_amount":330.71412,"amount":2189.0,"open_date":"2025-11-25 20:00:00+00:00","close_date":"2025-11-25 22:00:00+00:00","open_rate":0.15108,"close_rate":0.15269,"fee_open":0.001,"fee_close":0.001,"trade_duration":120,"profit_ratio":0.008637311854150615,"profit_abs":2.85933747,"exit_reason":"roi","initial_stop_loss_abs":0.14353,"initial_stop_loss_ratio":-0.05,"stop_loss_abs":0.14353,"stop_loss_ratio":-0.05,"min_rate":0.15083,"max_rate":0.15377,"is_open":false,"enter_tag":"","leverage":1.0,"is_short":false,"open_timestamp":1764100800000,"close_timestamp":1764108000000,"orders":[{"amount":2189.0,"safe_price":0.15108,"ft_order_side":"buy","order_filled_timestamp":1764100800000,"ft_is_entry":true,"ft_order_tag":"","cost":331.04483411999996},{"amount":2189.0,"safe_price":0.15269,"ft_order_side":"sell","order_filled_timestamp":1764108000000,"ft_is_entry":false,"ft_order_tag":"roi","cost":334.57264840999994}],"funding_fees":0.0,"weekday":1},{"pair":"DOGE/USDT","stake_amount":331.7049,"max_stake_amount":331.7049,"amount":2130.0,"open_date":"2025-11-26 18:00:00+00:00","close_date":"2025-11-26 20:00:00+00:00","open_rate":0.15573,"close_rate":0.15604177177177178,"fee_open":0.001,"fee_close":0.001,"trade_duration":120,"profit_ratio":0.0,"profit_abs":0.0,"exit_reason":"roi","initial_stop_loss_abs":0.14795,"initial_stop_loss_ratio":-0.05,"stop_loss_abs":0.14795,"stop_loss_ratio":-0.05,"min_rate":0.15507,"max_rate":0.15681,"is_open":false,"enter_tag":"","leverage":1.0,"is_short":false,"open_timestamp":1764180000000,"close_timestamp":1764187200000,"orders":[{"amount":2130.0,"safe_price":0.15573,"ft_order_side":"buy","order_filled_timestamp":1764180000000,"ft_is_entry":true,"ft_order_tag":"","cost":332.0366049},{"amount":2130.0,"safe_price":0.15604177177177178,"ft_order_side":"sell","order_filled_timestamp":1764187200000,"ft_is_entry":false,"ft_order_tag":"roi","cost":332.7013428477477}],"funding_fees":0.0,"weekday":2},{"pair":"DOGE/USDT","stake_amount":331.745,"max_stake_amount":331.745,"amount":2150.0,"open_date":"2025-11-27 21:00:00+00:00","close_date":"2025-11-28 15:00:00+00:00","open_rate":0.1543,"close_rate":0.1546089089089089,"fee_open":0.001,"fee_close":0.001,"trade_duration":1080,"profit_ratio":0.0,"profit_abs":0.0,"exit_reason":"roi","initial_stop_loss_abs":0.14659,"initial_stop_loss_ratio":-0.05,"stop_loss_abs":0.14659,"stop_loss_ratio":-0.05,"min_rate":0.14961,"max_rate":0.15554,"is_open":false,"enter_tag":"","leverage":1.0,"is_short":false,"open_timestamp":1764277200000,"close_timestamp":1764342000000,"orders":[{"amount":2150.0,"safe_price":0.1543,"ft_order_side":"buy","order_filled_timestamp":1764277200000,"ft_is_entry":true,"ft_order_tag":"","cost":332.07674499999996},{"amount":2150.0,"safe_price":0.1546089089089089,"ft_order_side":"sell","order_filled_timestamp":1764342000000,"ft_is_entry":false,"ft_order_tag":"roi","cost":332.7415633083083}],"funding_fees":0.0,"weekday":4},{"pair":"DOGE/USDT","stake_amount":331.66032,"max_stake_amount":331.66032,"amount":2157.0,"open_date":"2025-11-28 16:00:00+00:00","close_date":"2025-11-30 23:00:00+00:00","open_rate":0.15376,"close_rate":0.14608,"fee_open":0.001,"fee_close":0.001,"trade_duration":3300,"profit_ratio":-0.05184617671610388,"profit_abs":-17.21251488,"exit_reason":"stop_loss","initial_stop_loss_abs":0.14608,"initial_stop_loss_ratio":-0.05,"stop_loss_abs":0.14608,"stop_loss_ratio":-0.05,"min_rate":0.14588,"max_rate":0.15379,"is_open":false,"enter_tag":"","leverage":1.0,"is_short":false,"open_timestamp":1764345600000,"close_timestamp":1764543600000,"orders":[{"amount":2157.0,"safe_price":0.15376,"ft_order_side":"buy","order_filled_timestamp":1764345600000,"ft_is_entry":true,"ft_order_tag":"","cost":331.99198032},{"amount":2157.0,"safe_price":0.14608,"ft_order_side":"sell","order_filled_timestamp":1764543600000,"ft_is_entry":false,"ft_order_tag":"stop_loss","cost":315.40965456}],"funding_fees":0.0,"weekday":6},{"pair":"DOGE/USDT","stake_amount":326.00778,"max_stake_amount":326.00778,"amount":2401.0,"open_date":"2025-12-02 02:00:00+00:00","close_date":"2025-12-02 04:00:00+00:00","open_rate":0.13578,"close_rate":0.13634,"fee_open":0.001,"fee_close":0.001,"trade_duration":120,"profit_ratio":0.0021180763558138723,"profit_abs":0.69119988,"exit_reason":"roi","initial_stop_loss_abs":0.129,"initial_stop_loss_ratio":-0.05,"stop_loss_abs":0.129,"stop_loss_ratio":-0.05,"min_rate":0.13504,"max_rate":0.13676,"is_open":false,"enter_tag":"","leverage":1.0,"is_short":false,"open_timestamp":1764640800000,"close_timestamp":1764648000000,"orders":[{"amount":2401.0,"safe_price":0.13578,"ft_order_side":"buy","order_filled_timestamp":1764640800000,"ft_is_entry":true,"ft_order_tag":"","cost":326.33378777999997},{"amount":2401.0,"safe_price":0.13634,"ft_order_side":"sell","order_filled_timestamp":1764648000000,"ft_is_entry":false,"ft_order_tag":"roi","cost":327.6796923399999}],"funding_fees":0.0,"weekday":1},{"pair":"DOGE/USDT","stake_amount":326.29248,"max_stake_amount":326.29248,"amount":2336.0,"open_date":"2025-12-06 12:00:00+00:00","close_date":"2025-12-06 14:00:00+00:00","open_rate":0.13968,"close_rate":0.13995963963963962,"fee_open":0.001,"fee_close":0.001,"trade_duration":120,"profit_ratio":0.0,"profit_abs":0.0,"exit_reason":"roi","initial_stop_loss_abs":0.1327,"initial_stop_loss_ratio":-0.05,"stop_loss_abs":0.1327,"stop_loss_ratio":-0.05,"min_rate":0.13926,"max_rate":0.14076,"is_open":false,"enter_tag":"","leverage":1.0,"is_short":false,"open_timestamp":1765022400000,"close_timestamp":1765029600000,"orders":[{"amount":2336.0,"safe_price":0.13968,"ft_order_side":"buy","order_filled_timestamp":1765022400000,"ft_is_entry":true,"ft_order_tag":"","cost":326.61877247999996},{"amount":2336.0,"safe_price":0.13995963963963962,"ft_order_side":"sell","order_filled_timestamp":1765029600000,"ft_is_entry":false,"ft_order_tag":"roi","cost":327.2726639163963}],"funding_fees":0.0,"weekday":5},{"pair":"DOGE/USDT","stake_amount":326.2616,"max_stake_amount":326.2616,"amount":2296.0,"open_date":"2025-12-07 20:00:00+00:00","close_date":"2025-12-08 07:00:00+00:00","open_rate":0.1421,"close_rate":0.14238448448448446,"fee_open":0.001,"fee_close":0.001,"trade_duration":660,"profit_ratio":0.0,"profit_abs":0.0,"exit_reason":"roi","initial_stop_loss_abs":0.135,"initial_stop_loss_ratio":-0.05,"stop_loss_abs":0.135,"stop_loss_ratio":-0.05,"min_rate":0.13584,"max_rate":0.14263,"is_open":false,"enter_tag":"","leverage":1.0,"is_short":false,"open_timestamp":1765137600000,"close_timestamp":1765177200000,"orders":[{"amount":2296.0,"safe_price":0.1421,"ft_order_side":"buy","order_filled_timestamp":1765137600000,"ft_is_entry":true,"ft_order_tag":"","cost":326.58786159999994},{"amount":2296.0,"safe_price":0.14238448448448446,"ft_order_side":"sell","order_filled_timestamp":1765177200000,"ft_is_entry":false,"ft_order_tag":"roi","cost":327.24169115275265}],"funding_fees":0.0,"weekday":0},{"pair":"DOGE/USDT","stake_amount":326.249,"max_stake_amount":326.249,"amount":2230.0,"open_date":"2025-12-09 16:00:00+00:00","close_date":"2025-12-09 18:00:00+00:00","open_rate":0.1463,"close_rate":0.15095,"fee_open":0.001,"fee_close":0.001,"trade_duration":120,"profit_ratio":0.029722498963783994,"profit_abs":9.7066325,"exit_reason":"roi","initial_stop_loss_abs":0.13899,"initial_stop_loss_ratio":-0.05,"stop_loss_abs":0.13899,"stop_loss_ratio":-0.05,"min_rate":0.1463,"max_rate":0.15319,"is_open":false,"enter_tag":"","leverage":1.0,"is_short":false,"open_timestamp":1765296000000,"close_timestamp":1765303200000,"orders":[{"amount":2230.0,"safe_price":0.1463,"ft_order_side":"buy","order_filled_timestamp":1765296000000,"ft_is_entry":true,"ft_order_tag":"","cost":326.575249},{"amount":2230.0,"safe_price":0.15095,"ft_order_side":"sell","order_filled_timestamp":1765303200000,"ft_is_entry":false,"ft_order_tag":"roi","cost":336.95511849999997}],"funding_fees":0.0,"weekday":1},{"pair":"DOGE/USDT","stake_amount":329.51226,"max_stake_amount":329.51226,"amount":2254.0,"open_date":"2025-12-10 21:00:00+00:00","close_date":"2025-12-11 02:00:00+00:00","open_rate":0.14619,"close_rate":0.13889,"fee_open":0.001,"fee_close":0.001,"trade_duration":300,"profit_ratio":-0.05183324781108487,"profit_abs":-17.09677032,"exit_reason":"stop_loss","initial_stop_loss_abs":0.13889,"initial_stop_loss_ratio":-0.05,"stop_loss_abs":0.13889,"stop_loss_ratio":-0.05,"min_rate":0.13817,"max_rate":0.1468,"is_open":false,"enter_tag":"","leverage":1.0,"is_short":false,"open_timestamp":1765400400000,"close_timestamp":1765418400000,"orders":[{"amount":2254.0,"safe_price":0.14619,"ft_order_side":"buy","order_filled_timestamp":1765400400000,"ft_is_entry":true,"ft_order_tag":"","cost":329.8417722599999},{"amount":2254.0,"safe_price":0.13889,"ft_order_side":"sell","order_filled_timestamp":1765418400000,"ft_is_entry":false,"ft_order_tag":"stop_loss","cost":313.37111805999996}],"funding_fees":0.0,"weekday":3},{"pair":"DOGE/USDT","stake_amount":323.77984,"max_stake_amount":323.77984,"amount":2284.0,"open_date":"2025-12-11 22:00:00+00:00","close_date":"2025-12-12 16:00:00+00:00","open_rate":0.14176,"close_rate":0.13468,"fee_open":0.001,"fee_close":0.001,"trade_duration":1080,"profit_ratio":-0.05184178124358711,"profit_abs":-16.80210896,"exit_reason":"stop_loss","initial_stop_loss_abs":0.13468,"initial_stop_loss_ratio":-0.05,"stop_loss_abs":0.13468,"stop_loss_ratio":-0.05,"min_rate":0.13428,"max_rate":0.14225,"is_open":false,"enter_tag":"","leverage":1.0,"is_short":false,"open_timestamp":1765490400000,"close_timestamp":1765555200000,"orders":[{"amount":2284.0,"safe_price":0.14176,"ft_order_side":"buy","order_filled_timestamp":1765490400000,"ft_is_entry":true,"ft_order_tag":"","cost":324.10361983999996},{"amount":2284.0,"safe_price":0.13468,"ft_order_side":"sell","order_filled_timestamp":1765555200000,"ft_is_entry":false,"ft_order_tag":"stop_loss","cost":307.9167291199999}],"funding_fees":0.0,"weekday":4},{"pair":"DOGE/USDT","stake_amount":318.2487,"max_stake_amount":318.2487,"amount":2310.0,"open_date":"2025-12-13 08:00:00+00:00","close_date":"2025-12-13 10:00:00+00:00","open_rate":0.13777,"close_rate":0.13838,"fee_open":0.001,"fee_close":0.001,"trade_duration":120,"profit_ratio":0.0024208208137946104,"profit_abs":0.7711935,"exit_reason":"roi","initial_stop_loss_abs":0.13089,"initial_stop_loss_ratio":-0.05,"stop_loss_abs":0.13089,"stop_loss_ratio":-0.05,"min_rate":0.13777,"max_rate":0.13955,"is_open":false,"enter_tag":"","leverage":1.0,"is_short":false,"open_timestamp":1765612800000,"close_timestamp":1765620000000,"orders":[{"amount":2310.0,"safe_price":0.13777,"ft_order_side":"buy","order_filled_timestamp":1765612800000,"ft_is_entry":true,"ft_order_tag":"","cost":318.56694869999995},{"amount":2310.0,"safe_price":0.13838,"ft_order_side":"sell","order_filled_timestamp":1765620000000,"ft_is_entry":false,"ft_order_tag":"roi","cost":319.97745779999997}],"funding_fees":0.0,"weekday":5},{"pair":"DOGE/USDT","stake_amount":318.59784,"max_stake_amount":318.59784,"amount":2332.0,"open_date":"2025-12-15 05:00:00+00:00","close_date":"2025-12-15 07:00:00+00:00","open_rate":0.13662,"close_rate":0.13689351351351348,"fee_open":0.001,"fee_close":0.001,"trade_duration":120,"profit_ratio":0.0,"profit_abs":0.0,"exit_reason":"roi","initial_stop_loss_abs":0.12979,"initial_stop_loss_ratio":-0.05,"stop_loss_abs":0.12979,"stop_loss_ratio":-0.05,"min_rate":0.13601,"max_rate":0.13727,"is_open":false,"enter_tag":"","leverage":1.0,"is_short":false,"open_timestamp":1765774800000,"close_timestamp":1765782000000,"orders":[{"amount":2332.0,"safe_price":0.13662,"ft_order_side":"buy","order_filled_timestamp":1765774800000,"ft_is_entry":true,"ft_order_tag":"","cost":318.9164378399999},{"amount":2332.0,"safe_price":0.13689351351351348,"ft_order_side":"sell","order_filled_timestamp":1765782000000,"ft_is_entry":false,"ft_order_tag":"roi","cost":319.5549091870269}],"funding_fees":0.0,"weekday":0},{"pair":"DOGE/USDT","stake_amount":318.53758,"max_stake_amount":318.53758,"amount":2434.0,"open_date":"2025-12-16 11:00:00+00:00","close_date":"2025-12-16 13:00:00+00:00","open_rate":0.13087,"close_rate":0.13139,"fee_open":0.001,"fee_close":0.001,"trade_duration":120,"profit_ratio":0.0019674678496409987,"profit_abs":0.62733916,"exit_reason":"roi","initial_stop_loss_abs":0.12433,"initial_stop_loss_ratio":-0.05,"stop_loss_abs":0.12433,"stop_loss_ratio":-0.05,"min_rate":0.12975,"max_rate":0.13263,"is_open":false,"enter_tag":"","leverage":1.0,"is_short":false,"open_timestamp":1765882800000,"close_timestamp":1765890000000,"orders":[{"amount":2434.0,"safe_price":0.13087,"ft_order_side":"buy","order_filled_timestamp":1765882800000,"ft_is_entry":true,"ft_order_tag":"","cost":318.85611757999993},{"amount":2434.0,"safe_price":0.13139,"ft_order_side":"sell","order_filled_timestamp":1765890000000,"ft_is_entry":false,"ft_order_tag":"roi","cost":320.12306326}],"funding_fees":0.0,"weekday":1},{"pair":"DOGE/USDT","stake_amount":318.74282,"max_stake_amount":318.74282,"amount":2453.0,"open_date":"2025-12-17 16:00:00+00:00","close_date":"2025-12-18 14:00:00+00:00","open_rate":0.12994,"close_rate":0.13020014014014014,"fee_open":0.001,"fee_close":0.001,"trade_duration":1320,"profit_ratio":0.0,"profit_abs":0.0,"exit_reason":"roi","initial_stop_loss_abs":0.12345,"initial_stop_loss_ratio":-0.05,"stop_loss_abs":0.12345,"stop_loss_ratio":-0.05,"min_rate":0.12385,"max_rate":0.13076,"is_open":false,"enter_tag":"","leverage":1.0,"is_short":false,"open_timestamp":1765987200000,"close_timestamp":1766066400000,"orders":[{"amount":2453.0,"safe_price":0.12994,"ft_order_side":"buy","order_filled_timestamp":1765987200000,"ft_is_entry":true,"ft_order_tag":"","cost":319.06156281999995},{"amount":2453.0,"safe_price":0.13020014014014014,"ft_order_side":"sell","order_filled_timestamp":1766066400000,"ft_is_entry":false,"ft_order_tag":"roi","cost":319.7003247075275}],"funding_fees":0.0,"weekday":3},{"pair":"DOGE/USDT","stake_amount":318.7548,"max_stake_amount":318.7548,"amount":2520.0,"open_date":"2025-12-19 07:00:00+00:00","close_date":"2025-12-19 09:00:00+00:00","open_rate":0.12649,"close_rate":0.12819,"fee_open":0.001,"fee_close":0.001,"trade_duration":120,"profit_ratio":0.011414942871975049,"profit_abs":3.6422064,"exit_reason":"roi","initial_stop_loss_abs":0.12017,"initial_stop_loss_ratio":-0.05,"stop_loss_abs":0.12017,"stop_loss_ratio":-0.05,"min_rate":0.12649,"max_rate":0.12885,"is_open":false,"enter_tag":"","leverage":1.0,"is_short":false,"open_timestamp":1766127600000,"close_timestamp":1766134800000,"orders":[{"amount":2520.0,"safe_price":0.12649,"ft_order_side":"buy","order_filled_timestamp":1766127600000,"ft_is_entry":true,"ft_order_tag":"","cost":319.07355479999995},{"amount":2520.0,"safe_price":0.12819,"ft_order_side":"sell","order_filled_timestamp":1766134800000,"ft_is_entry":false,"ft_order_tag":"roi","cost":323.36183879999993}],"funding_fees":0.0,"weekday":4},{"pair":"DOGE/USDT","stake_amount":319.9998,"max_stake_amount":319.9998,"amount":2410.0,"open_date":"2025-12-21 10:00:00+00:00","close_date":"2025-12-22 00:00:00+00:00","open_rate":0.13278,"close_rate":0.13304582582582583,"fee_open":0.001,"fee_close":0.001,"trade_duration":840,"profit_ratio":0.0,"profit_abs":0.0,"exit_reason":"roi","initial_stop_loss_abs":0.12615,"initial_stop_loss_ratio":-0.05,"stop_loss_abs":0.12615,"stop_loss_ratio":-0.05,"min_rate":0.12871,"max_rate":0.13424,"is_open":false,"enter_tag":"","leverage":1.0,"is_short":false,"open_timestamp":1766311200000,"close_timestamp":1766361600000,"orders":[{"amount":2410.0,"safe_price":0.13278,"ft_order_side":"buy","order_filled_timestamp":1766311200000,"ft_is_entry":true,"ft_order_tag":"","cost":320.3197998},{"amount":2410.0,"safe_price":0.13304582582582583,"ft_order_side":"sell","order_filled_timestamp":1766361600000,"ft_is_entry":false,"ft_order_tag":"roi","cost":320.96108068048045}],"funding_fees":0.0,"weekday":0},{"pair":"DOGE/USDT","stake_amount":319.98335,"max_stake_amount":319.98335,"amount":2435.0,"open_date":"2025-12-22 02:00:00+00:00","close_date":"2025-12-22 04:00:00+00:00","open_rate":0.13141,"close_rate":0.13205,"fee_open":0.001,"fee_close":0.001,"trade_duration":120,"profit_ratio":0.00286252063133579,"profit_abs":0.9168749,"exit_reason":"roi","initial_stop_loss_abs":0.12484,"initial_stop_loss_ratio":-0.05,"stop_loss_abs":0.12484,"stop_loss_ratio":-0.05,"min_rate":0.12952,"max_rate":0.13287,"is_open":false,"enter_tag":"","leverage":1.0,"is_short":false,"open_timestamp":1766368800000,"close_timestamp":1766376000000,"orders":[{"amount":2435.0,"safe_price":0.13141,"ft_order_side":"buy","order_filled_timestamp":1766368800000,"ft_is_entry":true,"ft_order_tag":"","cost":320.30333334999995},{"amount":2435.0,"safe_price":0.13205,"ft_order_side":"sell","order_filled_timestamp":1766376000000,"ft_is_entry":false,"ft_order_tag":"roi","cost":321.8632917499999}],"funding_fees":0.0,"weekday":0},{"pair":"DOGE/USDT","stake_amount":320.29683,"max_stake_amount":320.29683,"amount":2499.0,"open_date":"2025-12-24 20:00:00+00:00","close_date":"2025-12-24 22:00:00+00:00","open_rate":0.12817,"close_rate":0.12855,"fee_open":0.001,"fee_close":0.001,"trade_duration":120,"profit_ratio":0.0009608866595680983,"profit_abs":0.30807672,"exit_reason":"roi","initial_stop_loss_abs":0.12177,"initial_stop_loss_ratio":-0.05,"stop_loss_abs":0.12177,"stop_loss_ratio":-0.05,"min_rate":0.1281,"max_rate":0.12938,"is_open":false,"enter_tag":"","leverage":1.0,"is_short":false,"open_timestamp":1766606400000,"close_timestamp":1766613600000,"orders":[{"amount":2499.0,"safe_price":0.12817,"ft_order_side":"buy","order_filled_timestamp":1766606400000,"ft_is_entry":true,"ft_order_tag":"","cost":320.61712682999996},{"amount":2499.0,"safe_price":0.12855,"ft_order_side":"sell","order_filled_timestamp":1766613600000,"ft_is_entry":false,"ft_order_tag":"roi","cost":321.56769644999997}],"funding_fees":0.0,"weekday":2},{"pair":"DOGE/USDT","stake_amount":320.32098,"max_stake_amount":320.32098,"amount":2538.0,"open_date":"2025-12-26 14:00:00+00:00","close_date":"2025-12-29 02:00:00+00:00","open_rate":0.12621,"close_rate":0.12646267267267264,"fee_open":0.001,"fee_close":0.001,"trade_duration":3600,"profit_ratio":0.0,"profit_abs":0.0,"exit_reason":"roi","initial_stop_loss_abs":0.1199,"initial_stop_loss_ratio":-0.05,"stop_loss_abs":0.1199,"stop_loss_ratio":-0.05,"min_rate":0.12064,"max_rate":0.12709,"is_open":false,"enter_tag":"","leverage":1.0,"is_short":false,"open_timestamp":1766757600000,"close_timestamp":1766973600000,"orders":[{"amount":2538.0,"safe_price":0.12621,"ft_order_side":"buy","order_filled_timestamp":1766757600000,"ft_is_entry":true,"ft_order_tag":"","cost":320.6413009799999},{"amount":2538.0,"safe_price":0.12646267267267264,"ft_order_side":"sell","order_filled_timestamp":1766973600000,"ft_is_entry":false,"ft_order_tag":"roi","cost":321.28322550648636}],"funding_fees":0.0,"weekday":0},{"pair":"DOGE/USDT","stake_amount":320.4089,"max_stake_amount":320.4089,"amount":2590.0,"open_date":"2025-12-30 08:00:00+00:00","close_date":"2025-12-30 10:00:00+00:00","open_rate":0.12371,"close_rate":0.12459,"fee_open":0.001,"fee_close":0.001,"trade_duration":120,"profit_ratio":0.0051011957890949085,"profit_abs":1.636103,"exit_reason":"roi","initial_stop_loss_abs":0.11753,"initial_stop_loss_ratio":-0.05,"stop_loss_abs":0.11753,"stop_loss_ratio":-0.05,"min_rate":0.12371,"max_rate":0.12525,"is_open":false,"enter_tag":"","leverage":1.0,"is_short":false,"open_timestamp":1767081600000,"close_timestamp":1767088800000,"orders":[{"amount":2590.0,"safe_price":0.12371,"ft_order_side":"buy","order_filled_timestamp":1767081600000,"ft_is_entry":true,"ft_order_tag":"","cost":320.7293089},{"amount":2590.0,"safe_price":0.12459,"ft_order_side":"sell","order_filled_timestamp":1767088800000,"ft_is_entry":false,"ft_order_tag":"roi","cost":323.01078809999996}],"funding_fees":0.0,"weekday":1},{"pair":"DOGE/USDT","stake_amount":320.95974,"max_stake_amount":320.95974,"amount":2666.0,"open_date":"2026-01-01 10:00:00+00:00","close_date":"2026-01-01 12:00:00+00:00","open_rate":0.12039,"close_rate":0.12066,"fee_open":0.001,"fee_close":0.001,"trade_duration":120,"profit_ratio":0.00024022824919909397,"profit_abs":0.0771807,"exit_reason":"roi","initial_stop_loss_abs":0.11438,"initial_stop_loss_ratio":-0.05,"stop_loss_abs":0.11438,"stop_loss_ratio":-0.05,"min_rate":0.12025,"max_rate":0.12093,"is_open":false,"enter_tag":"","leverage":1.0,"is_short":false,"open_timestamp":1767261600000,"close_timestamp":1767268800000,"orders":[{"amount":2666.0,"safe_price":0.12039,"ft_order_side":"buy","order_filled_timestamp":1767261600000,"ft_is_entry":true,"ft_order_tag":"","cost":321.28069974},{"amount":2666.0,"safe_price":0.12066,"ft_order_side":"sell","order_filled_timestamp":1767268800000,"ft_is_entry":false,"ft_order_tag":"roi","cost":322.00123955999993}],"funding_fees":0.0,"weekday":3},{"pair":"DOGE/USDT","stake_amount":320.91988,"max_stake_amount":320.91988,"amount":2242.0,"open_date":"2026-01-04 00:00:00+00:00","close_date":"2026-01-04 02:00:00+00:00","open_rate":0.14314,"close_rate":0.14653,"fee_open":0.001,"fee_close":0.001,"trade_duration":120,"profit_ratio":0.021637786553253928,"profit_abs":6.95093986,"exit_reason":"roi","initial_stop_loss_abs":0.13599,"initial_stop_loss_ratio":-0.05,"stop_loss_abs":0.13599,"stop_loss_ratio":-0.05,"min_rate":0.14278,"max_rate":0.14749,"is_open":false,"enter_tag":"","leverage":1.0,"is_short":false,"open_timestamp":1767484800000,"close_timestamp":1767492000000,"orders":[{"amount":2242.0,"safe_price":0.14314,"ft_order_side":"buy","order_filled_timestamp":1767484800000,"ft_is_entry":true,"ft_order_tag":"","cost":321.24079987999994},{"amount":2242.0,"safe_price":0.14653,"ft_order_side":"sell","order_filled_timestamp":1767492000000,"ft_is_entry":false,"ft_order_tag":"roi","cost":328.84878025999996}],"funding_fees":0.0,"weekday":6},{"pair":"DOGE/USDT","stake_amount":323.1876,"max_stake_amount":323.1876,"amount":2146.0,"open_date":"2026-01-05 05:00:00+00:00","close_date":"2026-01-05 16:00:00+00:00","open_rate":0.1506,"close_rate":0.15090150150150147,"fee_open":0.001,"fee_close":0.001,"trade_duration":660,"profit_ratio":0.0,"profit_abs":0.0,"exit_reason":"roi","initial_stop_loss_abs":0.14307,"initial_stop_loss_ratio":-0.05,"stop_loss_abs":0.14307,"stop_loss_ratio":-0.05,"min_rate":0.14581,"max_rate":0.15141,"is_open":false,"enter_tag":"","leverage":1.0,"is_short":false,"open_timestamp":1767589200000,"close_timestamp":1767628800000,"orders":[{"amount":2146.0,"safe_price":0.1506,"ft_order_side":"buy","order_filled_timestamp":1767589200000,"ft_is_entry":true,"ft_order_tag":"","cost":323.5107876},{"amount":2146.0,"safe_price":0.15090150150150147,"ft_order_side":"sell","order_filled_timestamp":1767628800000,"ft_is_entry":false,"ft_order_tag":"roi","cost":324.15845684444434}],"funding_fees":0.0,"weekday":0},{"pair":"DOGE/USDT","stake_amount":323.2728,"max_stake_amount":323.2728,"amount":2124.0,"open_date":"2026-01-05 19:00:00+00:00","close_date":"2026-01-05 21:00:00+00:00","open_rate":0.1522,"close_rate":0.1525047047047047,"fee_open":0.001,"fee_close":0.001,"trade_duration":120,"profit_ratio":0.0,"profit_abs":0.0,"exit_reason":"roi","initial_stop_loss_abs":0.14459,"initial_stop_loss_ratio":-0.05,"stop_loss_abs":0.14459,"stop_loss_ratio":-0.05,"min_rate":0.15085,"max_rate":0.1545,"is_open":false,"enter_tag":"","leverage":1.0,"is_short":false,"open_timestamp":1767639600000,"close_timestamp":1767646800000,"orders":[{"amount":2124.0,"safe_price":0.1522,"ft_order_side":"buy","order_filled_timestamp":1767639600000,"ft_is_entry":true,"ft_order_tag":"","cost":323.5960728},{"amount":2124.0,"safe_price":0.1525047047047047,"ft_order_side":"sell","order_filled_timestamp":1767646800000,"ft_is_entry":false,"ft_order_tag":"roi","cost":324.24391278558556}],"funding_fees":0.0,"weekday":0}],"locks":[],"best_pair":{"key":"DOGE/USDT","trades":61,"profit_mean":-0.0009597155025137346,"profit_mean_pct":-0.1,"profit_total_abs":-20.315694490000006,"profit_total":-0.020315694490000005,"profit_total_pct":-2.03,"duration_avg":"5:43:00","wins":29,"draws":25,"losses":7,"winrate":0.47540983606557374,"cagr":-0.07432572194369114,"expectancy":-0.33304417196721325,"expectancy_ratio":-0.43189088967928413,"sortino":-0.7855514311841572,"sharpe":-0.6419422750655954,"calmar":-6.866730794851443,"sqn":-0.4139,"profit_factor":0.8078079613662386,"max_drawdown_account":0.058271520395190894,"max_drawdown_abs":59.696299310000015},"worst_pair":{"key":"DOGE/USDT","trades":61,"profit_mean":-0.0009597155025137346,"profit_mean_pct":-0.1,"profit_total_abs":-20.315694490000006,"profit_total":-0.020315694490000005,"profit_total_pct":-2.03,"duration_avg":"5:43:00","wins":29,"draws":25,"losses":7,"winrate":0.47540983606557374,"cagr":-0.07432572194369114,"expectancy":-0.33304417196721325,"expectancy_ratio":-0.43189088967928413,"sortino":-0.7855514311841572,"sharpe":-0.6419422750655954,"calmar":-6.866730794851443,"sqn":-0.4139,"profit_factor":0.8078079613662386,"max_drawdown_account":0.058271520395190894,"max_drawdown_abs":59.696299310000015},"results_per_pair":[{"key":"DOGE/USDT","trades":61,"profit_mean":-0.0009597155025137346,"profit_mean_pct":-0.1,"profit_total_abs":-20.315694490000006,"profit_total":-0.020315694490000005,"profit_total_pct":-2.03,"duration_avg":"5:43:00","wins":29,"draws":25,"losses":7,"winrate":0.47540983606557374,"cagr":-0.07432572194369114,"expectancy":-0.33304417196721325,"expectancy_ratio":-0.43189088967928413,"sortino":-0.7855514311841572,"sharpe":-0.6419422750655954,"calmar":-6.866730794851443,"sqn":-0.4139,"profit_factor":0.8078079613662386,"max_drawdown_account":0.058271520395190894,"max_drawdown_abs":59.696299310000015},{"key":"TOTAL","trades":61,"profit_mean":-0.0009597155025137346,"profit_mean_pct":-0.1,"profit_total_abs":-20.315694490000006,"profit_total":-0.020315694490000005,"profit_total_pct":-2.03,"duration_avg":"5:43:00","wins":29,"draws":25,"losses":7,"winrate":0.47540983606557374,"cagr":-0.07432572194369114,"expectancy":-0.33304417196721325,"expectancy_ratio":-0.43189088967928413,"sortino":-0.7855514311841572,"sharpe":-0.6419422750655954,"calmar":-6.866730794851443,"sqn":-0.4139,"profit_factor":0.8078079613662386,"max_drawdown_account":0.058271520395190894,"max_drawdown_abs":59.696299310000015}],"results_per_enter_tag":[{"key":"","trades":61,"profit_mean":-0.0009597155025137346,"profit_mean_pct":-0.1,"profit_total_abs":-20.315694490000006,"profit_total":-0.020315694490000005,"profit_total_pct":-2.03,"duration_avg":"5:43:00","wins":29,"draws":25,"losses":7,"winrate":0.47540983606557374,"cagr":-0.07432572194369114,"expectancy":-0.33304417196721325,"expectancy_ratio":-0.43189088967928413,"sortino":-0.7855514311841572,"sharpe":-0.6419422750655954,"calmar":-6.866730794851443,"sqn":-0.4139,"profit_factor":0.8078079613662386,"max_drawdown_account":0.058271520395190894,"max_drawdown_abs":59.696299310000015},{"key":"TOTAL","trades":61,"profit_mean":-0.0009597155025137346,"profit_mean_pct":-0.1,"profit_total_abs":-20.315694490000006,"profit_total":-0.020315694490000005,"profit_total_pct":-2.03,"duration_avg":"5:43:00","wins":29,"draws":25,"losses":7,"winrate":0.47540983606557374,"cagr":-0.07432572194369114,"expectancy":-0.33304417196721325,"expectancy_ratio":-0.43189088967928413,"sortino":-0.7855514311841572,"sharpe":-0.6419422750655954,"calmar":-6.866730794851443,"sqn":-0.4139,"profit_factor":0.8078079613662386,"max_drawdown_account":0.058271520395190894,"max_drawdown_abs":59.696299310000015}],"exit_reason_summary":[{"key":"roi","trades":54,"profit_mean":0.004826257993543311,"profit_mean_pct":0.48,"profit_total_abs":85.38948786,"profit_total":0.08538948786,"profit_total_pct":8.54,"duration_avg":"4:24:00","wins":29,"draws":25,"losses":0,"winrate":0.5370370370370371,"cagr":0.36114571076829893,"expectancy":1.5812868122222226,"expectancy_ratio":100.0,"sortino":-100,"sharpe":5.737996252778287,"calmar":-100,"sqn":3.9276,"profit_factor":0.0,"max_drawdown_account":0.0,"max_drawdown_abs":0.0},{"key":"exit_signal","trades":1,"profit_mean":-0.008005461864565064,"profit_mean_pct":-0.8,"profit_total_abs":-2.63593664,"profit_total":-0.0026359366400000002,"profit_total_pct":-0.26,"duration_avg":"2:00:00","wins":0,"draws":0,"losses":1,"winrate":0.0,"cagr":-0.009882668536530859,"expectancy":-2.63593664,"expectancy_ratio":-1.0,"sortino":-100,"sharpe":-100,"calmar":-19.695848633549623,"sqn":-100.0,"profit_factor":0.0,"max_drawdown_account":0.0026359366399999543,"max_drawdown_abs":2.63593664},{"key":"stop_loss","trades":6,"profit_mean":-0.051859185906685264,"profit_mean_pct":-5.19,"profit_total_abs":-103.06924571,"profit_total":-0.10306924571000001,"profit_total_pct":-10.31,"duration_avg":"18:10:00","wins":0,"draws":0,"losses":6,"winrate":0.0,"cagr":-0.3358943786903128,"expectancy":-17.178207618333335,"expectancy_ratio":-1.0,"sortino":-83.74658820476074,"sharpe":-83.74658820476074,"calmar":-19.695848633549275,"sqn":-158.4624,"profit_factor":0.0,"max_drawdown_account":0.10306924571000002,"max_drawdown_abs":103.06924571},{"key":"TOTAL","trades":61,"profit_mean":-0.0009597155025137346,"profit_mean_pct":-0.1,"profit_total_abs":-20.315694490000006,"profit_total":-0.020315694490000005,"profit_total_pct":-2.03,"duration_avg":"5:43:00","wins":29,"draws":25,"losses":7,"winrate":0.47540983606557374,"cagr":-0.07432572194369114,"expectancy":-0.33304417196721325,"expectancy_ratio":-0.43189088967928413,"sortino":-0.7855514311841572,"sharpe":-0.6419422750655954,"calmar":-6.866730794851443,"sqn":-0.4139,"profit_factor":0.8078079613662386,"max_drawdown_account":0.058271520395190894,"max_drawdown_abs":59.696299310000015}],"mix_tag_stats":[{"key":["","roi"],"trades":54,"profit_mean":0.004826257993543311,"profit_mean_pct":0.48,"profit_total_abs":85.38948786,"profit_total":0.08538948786,"profit_total_pct":8.54,"duration_avg":"4:24:00","wins":29,"draws":25,"losses":0,"winrate":0.5370370370370371,"cagr":0.36114571076829893,"expectancy":1.5812868122222226,"expectancy_ratio":100.0,"sortino":-100,"sharpe":5.737996252778287,"calmar":-100,"sqn":3.9276,"profit_factor":0.0,"max_drawdown_account":0.0,"max_drawdown_abs":0.0},{"key":["","exit_signal"],"trades":1,"profit_mean":-0.008005461864565064,"profit_mean_pct":-0.8,"profit_total_abs":-2.63593664,"profit_total":-0.0026359366400000002,"profit_total_pct":-0.26,"duration_avg":"2:00:00","wins":0,"draws":0,"losses":1,"winrate":0.0,"cagr":-0.009882668536530859,"expectancy":-2.63593664,"expectancy_ratio":-1.0,"sortino":-100,"sharpe":-100,"calmar":-19.695848633549623,"sqn":-100.0,"profit_factor":0.0,"max_drawdown_account":0.0026359366399999543,"max_drawdown_abs":2.63593664},{"key":["","stop_loss"],"trades":6,"profit_mean":-0.051859185906685264,"profit_mean_pct":-5.19,"profit_total_abs":-103.06924571,"profit_total":-0.10306924571000001,"profit_total_pct":-10.31,"duration_avg":"18:10:00","wins":0,"draws":0,"losses":6,"winrate":0.0,"cagr":-0.3358943786903128,"expectancy":-17.178207618333335,"expectancy_ratio":-1.0,"sortino":-83.74658820476074,"sharpe":-83.74658820476074,"calmar":-19.695848633549275,"sqn":-158.4624,"profit_factor":0.0,"max_drawdown_account":0.10306924571000002,"max_drawdown_abs":103.06924571},{"key":"TOTAL","trades":61,"profit_mean":-0.0009597155025137346,"profit_mean_pct":-0.1,"profit_total_abs":-20.315694490000006,"profit_total":-0.020315694490000005,"profit_total_pct":-2.03,"duration_avg":"5:43:00","wins":29,"draws":25,"losses":7,"winrate":0.47540983606557374,"cagr":-0.07432572194369114,"expectancy":-0.33304417196721325,"expectancy_ratio":-0.43189088967928413,"sortino":-0.7855514311841572,"sharpe":-0.6419422750655954,"calmar":-6.866730794851443,"sqn":-0.4139,"profit_factor":0.8078079613662386,"max_drawdown_account":0.058271520395190894,"max_drawdown_abs":59.696299310000015}],"left_open_trades":[{"key":"TOTAL","trades":0,"profit_mean":0.0,"profit_mean_pct":0.0,"profit_total_abs":0.0,"profit_total":0.0,"profit_total_pct":0.0,"duration_avg":"0:00","wins":0,"draws":0,"losses":0,"winrate":0.0,"cagr":0.0,"expectancy":0.0,"expectancy_ratio":100.0,"sortino":0,"sharpe":0,"calmar":0,"sqn":0.0,"profit_factor":0.0,"max_drawdown_account":0.0,"max_drawdown_abs":0.0}],"total_trades":61,"trade_count_long":61,"trade_count_short":0,"total_volume":40109.769505120625,"avg_stake_amount":328.27824426229506,"profit_mean":-0.0009597155025137346,"profit_median":0.0,"profit_total":-0.020315694490000005,"profit_total_long":-0.020315694490000005,"profit_total_short":0.0,"profit_total_abs":-20.315694490000006,"profit_total_long_abs":-20.315694490000006,"profit_total_short_abs":0.0,"cagr":-0.07432572194369114,"expectancy":-0.33304417196721325,"expectancy_ratio":-0.43189088967928413,"sortino":-0.7855514311841572,"sharpe":-0.6419422750655954,"calmar":-6.866730794851443,"sqn":-0.4139,"profit_factor":0.8078079613662386,"backtest_start":"2025-10-01 00:00:00","backtest_start_ts":1759276800000,"backtest_end":"2026-01-06 20:00:00","backtest_end_ts":1767729600000,"backtest_days":97,"backtest_run_start_ts":1767746144,"backtest_run_end_ts":1767746145,"trades_per_day":0.63,"market_change":-0.36632086436227446,"pairlist":["DOGE/USDT"],"stake_amount":"unlimited","stake_currency":"USDT","stake_currency_decimals":3,"starting_balance":1000,"dry_run_wallet":1000,"final_balance":979.68430551,"rejected_signals":0,"timedout_entry_orders":0,"timedout_exit_orders":0,"canceled_trade_entries":0,"canceled_entry_orders":0,"replaced_entry_orders":0,"max_open_trades":1,"max_open_trades_setting":3,"timeframe":"1h","timeframe_detail":"","timerange":"20251001-","enable_protections":false,"strategy_name":"ACO_75_4","freqaimodel":null,"freqai_identifier":null,"stoploss":-0.05,"trailing_stop":false,"trailing_stop_positive":null,"trailing_stop_positive_offset":0.0,"trailing_only_offset_is_reached":false,"use_custom_stoploss":false,"minimal_roi":{"0":0.1,"60":0.05,"120":0.0},"use_exit_signal":true,"exit_profit_only":false,"exit_profit_offset":0.0,"ignore_roi_if_entry_signal":false,"trading_mode":"spot","margin_mode":"","periodic_breakdown":{"day":[{"date":"03/10/2025","date_ts":1759449600000,"profit_abs":3.08157993,"wins":1,"draws":0,"losses":0,"trades":1,"profit_factor":0.0},{"date":"04/10/2025","date_ts":1759536000000,"profit_abs":0.0,"wins":0,"draws":0,"losses":0,"trades":0,"profit_factor":0.0},{"date":"05/10/2025","date_ts":1759622400000,"profit_abs":7.85749662,"wins":1,"draws":0,"losses":0,"trades":1,"profit_factor":0.0},{"date":"06/10/2025","date_ts":1759708800000,"profit_abs":3.62895085,"wins":1,"draws":0,"losses":0,"trades":1,"profit_factor":0.0},{"date":"07/10/2025","date_ts":1759795200000,"profit_abs":0.0,"wins":0,"draws":0,"losses":0,"trades":0,"profit_factor":0.0},{"date":"08/10/2025","date_ts":1759881600000,"profit_abs":0.0,"wins":0,"draws":1,"losses":0,"trades":1,"profit_factor":0.0},{"date":"09/10/2025","date_ts":1759968000000,"profit_abs":0.0,"wins":0,"draws":0,"losses":0,"trades":0,"profit_factor":0.0},{"date":"10/10/2025","date_ts":1760054400000,"profit_abs":0.0,"wins":0,"draws":1,"losses":0,"trades":1,"profit_factor":0.0},{"date":"11/10/2025","date_ts":1760140800000,"profit_abs":0.0,"wins":0,"draws":0,"losses":0,"trades":0,"profit_factor":0.0},{"date":"12/10/2025","date_ts":1760227200000,"profit_abs":0.0,"wins":0,"draws":1,"losses":0,"trades":1,"profit_factor":0.0},{"date":"13/10/2025","date_ts":1760313600000,"profit_abs":4.69257176,"wins":1,"draws":0,"losses":0,"trades":1,"profit_factor":0.0},{"date":"14/10/2025","date_ts":1760400000000,"profit_abs":0.15453792,"wins":1,"draws":0,"losses":0,"trades":1,"profit_factor":0.0},{"date":"15/10/2025","date_ts":1760486400000,"profit_abs":0.0,"wins":0,"draws":0,"losses":0,"trades":0,"profit_factor":0.0},{"date":"16/10/2025","date_ts":1760572800000,"profit_abs":0.40585846,"wins":1,"draws":0,"losses":0,"trades":1,"profit_factor":0.0},{"date":"17/10/2025","date_ts":1760659200000,"profit_abs":4.62969504,"wins":1,"draws":0,"losses":0,"trades":1,"profit_factor":0.0},{"date":"18/10/2025","date_ts":1760745600000,"profit_abs":0.0,"wins":0,"draws":0,"losses":0,"trades":0,"profit_factor":0.0},{"date":"19/10/2025","date_ts":1760832000000,"profit_abs":0.0,"wins":0,"draws":1,"losses":0,"trades":1,"profit_factor":0.0},{"date":"20/10/2025","date_ts":1760918400000,"profit_abs":0.0,"wins":0,"draws":0,"losses":0,"trades":0,"profit_factor":0.0},{"date":"21/10/2025","date_ts":1761004800000,"profit_abs":-17.55251274,"wins":0,"draws":0,"losses":1,"trades":1,"profit_factor":0.0},{"date":"22/10/2025","date_ts":1761091200000,"profit_abs":0.0,"wins":0,"draws":0,"losses":0,"trades":0,"profit_factor":0.0},{"date":"23/10/2025","date_ts":1761177600000,"profit_abs":1.12483737,"wins":1,"draws":0,"losses":0,"trades":1,"profit_factor":0.0},{"date":"24/10/2025","date_ts":1761264000000,"profit_abs":3.05837486,"wins":1,"draws":0,"losses":0,"trades":1,"profit_factor":0.0},{"date":"25/10/2025","date_ts":1761350400000,"profit_abs":0.0,"wins":0,"draws":1,"losses":0,"trades":1,"profit_factor":0.0},{"date":"26/10/2025","date_ts":1761436800000,"profit_abs":3.08899389,"wins":1,"draws":0,"losses":0,"trades":1,"profit_factor":0.0},{"date":"27/10/2025","date_ts":1761523200000,"profit_abs":0.0,"wins":0,"draws":0,"losses":0,"trades":0,"profit_factor":0.0},{"date":"28/10/2025","date_ts":1761609600000,"profit_abs":-17.37872741,"wins":0,"draws":0,"losses":1,"trades":1,"profit_factor":0.0},{"date":"29/10/2025","date_ts":1761696000000,"profit_abs":-2.63593664,"wins":0,"draws":1,"losses":1,"trades":2,"profit_factor":0.0},{"date":"30/10/2025","date_ts":1761782400000,"profit_abs":0.0,"wins":0,"draws":0,"losses":0,"trades":0,"profit_factor":0.0},{"date":"31/10/2025","date_ts":1761868800000,"profit_abs":0.28504857,"wins":1,"draws":0,"losses":0,"trades":1,"profit_factor":0.0},{"date":"01/11/2025","date_ts":1761955200000,"profit_abs":0.0,"wins":0,"draws":1,"losses":0,"trades":1,"profit_factor":0.0},{"date":"02/11/2025","date_ts":1762041600000,"profit_abs":0.0,"wins":0,"draws":0,"losses":0,"trades":0,"profit_factor":0.0},{"date":"03/11/2025","date_ts":1762128000000,"profit_abs":-17.0266114,"wins":0,"draws":0,"losses":1,"trades":1,"profit_factor":0.0},{"date":"04/11/2025","date_ts":1762214400000,"profit_abs":0.0,"wins":0,"draws":0,"losses":0,"trades":0,"profit_factor":0.0},{"date":"05/11/2025","date_ts":1762300800000,"profit_abs":0.54770559,"wins":1,"draws":0,"losses":0,"trades":1,"profit_factor":0.0},{"date":"06/11/2025","date_ts":1762387200000,"profit_abs":0.0,"wins":0,"draws":0,"losses":0,"trades":0,"profit_factor":0.0},{"date":"07/11/2025","date_ts":1762473600000,"profit_abs":17.70753257,"wins":2,"draws":0,"losses":0,"trades":2,"profit_factor":0.0},{"date":"08/11/2025","date_ts":1762560000000,"profit_abs":0.0,"wins":0,"draws":0,"losses":0,"trades":0,"profit_factor":0.0},{"date":"09/11/2025","date_ts":1762646400000,"profit_abs":3.01352295,"wins":1,"draws":0,"losses":0,"trades":1,"profit_factor":0.0},{"date":"10/11/2025","date_ts":1762732800000,"profit_abs":0.0,"wins":0,"draws":0,"losses":0,"trades":0,"profit_factor":0.0},{"date":"11/11/2025","date_ts":1762819200000,"profit_abs":2.7773382,"wins":1,"draws":0,"losses":0,"trades":1,"profit_factor":0.0},{"date":"12/11/2025","date_ts":1762905600000,"profit_abs":0.0,"wins":0,"draws":1,"losses":0,"trades":1,"profit_factor":0.0},{"date":"13/11/2025","date_ts":1762992000000,"profit_abs":0.0,"wins":0,"draws":1,"losses":0,"trades":1,"profit_factor":0.0},{"date":"14/11/2025","date_ts":1763078400000,"profit_abs":0.0,"wins":0,"draws":0,"losses":0,"trades":0,"profit_factor":0.0},{"date":"15/11/2025","date_ts":1763164800000,"profit_abs":0.98443959,"wins":1,"draws":0,"losses":0,"trades":1,"profit_factor":0.0},{"date":"16/11/2025","date_ts":1763251200000,"profit_abs":0.0,"wins":0,"draws":1,"losses":0,"trades":1,"profit_factor":0.0},{"date":"17/11/2025","date_ts":1763337600000,"profit_abs":0.0,"wins":0,"draws":1,"losses":0,"trades":1,"profit_factor":0.0},{"date":"18/11/2025","date_ts":1763424000000,"profit_abs":0.0,"wins":0,"draws":1,"losses":0,"trades":1,"profit_factor":0.0},{"date":"19/11/2025","date_ts":1763510400000,"profit_abs":0.0,"wins":0,"draws":0,"losses":0,"trades":0,"profit_factor":0.0},{"date":"20/11/2025","date_ts":1763596800000,"profit_abs":0.0,"wins":0,"draws":1,"losses":0,"trades":1,"profit_factor":0.0},{"date":"21/11/2025","date_ts":1763683200000,"profit_abs":0.0,"wins":0,"draws":0,"losses":0,"trades":0,"profit_factor":0.0},{"date":"22/11/2025","date_ts":1763769600000,"profit_abs":0.0,"wins":0,"draws":2,"losses":0,"trades":2,"profit_factor":0.0},{"date":"23/11/2025","date_ts":1763856000000,"profit_abs":0.0,"wins":0,"draws":0,"losses":0,"trades":0,"profit_factor":0.0},{"date":"24/11/2025","date_ts":1763942400000,"profit_abs":0.1639196,"wins":1,"draws":0,"losses":0,"trades":1,"profit_factor":0.0},{"date":"25/11/2025","date_ts":1764028800000,"profit_abs":2.85933747,"wins":1,"draws":0,"losses":0,"trades":1,"profit_factor":0.0},{"date":"26/11/2025","date_ts":1764115200000,"profit_abs":0.0,"wins":0,"draws":1,"losses":0,"trades":1,"profit_factor":0.0},{"date":"27/11/2025","date_ts":1764201600000,"profit_abs":0.0,"wins":0,"draws":0,"losses":0,"trades":0,"profit_factor":0.0},{"date":"28/11/2025","date_ts":1764288000000,"profit_abs":0.0,"wins":0,"draws":1,"losses":0,"trades":1,"profit_factor":0.0},{"date":"29/11/2025","date_ts":1764374400000,"profit_abs":0.0,"wins":0,"draws":0,"losses":0,"trades":0,"profit_factor":0.0},{"date":"30/11/2025","date_ts":1764460800000,"profit_abs":-17.21251488,"wins":0,"draws":0,"losses":1,"trades":1,"profit_factor":0.0},{"date":"01/12/2025","date_ts":1764547200000,"profit_abs":0.0,"wins":0,"draws":0,"losses":0,"trades":0,"profit_factor":0.0},{"date":"02/12/2025","date_ts":1764633600000,"profit_abs":0.69119988,"wins":1,"draws":0,"losses":0,"trades":1,"profit_factor":0.0},{"date":"03/12/2025","date_ts":1764720000000,"profit_abs":0.0,"wins":0,"draws":0,"losses":0,"trades":0,"profit_factor":0.0},{"date":"04/12/2025","date_ts":1764806400000,"profit_abs":0.0,"wins":0,"draws":0,"losses":0,"trades":0,"profit_factor":0.0},{"date":"05/12/2025","date_ts":1764892800000,"profit_abs":0.0,"wins":0,"draws":0,"losses":0,"trades":0,"profit_factor":0.0},{"date":"06/12/2025","date_ts":1764979200000,"profit_abs":0.0,"wins":0,"draws":1,"losses":0,"trades":1,"profit_factor":0.0},{"date":"07/12/2025","date_ts":1765065600000,"profit_abs":0.0,"wins":0,"draws":0,"losses":0,"trades":0,"profit_factor":0.0},{"date":"08/12/2025","date_ts":1765152000000,"profit_abs":0.0,"wins":0,"draws":1,"losses":0,"trades":1,"profit_factor":0.0},{"date":"09/12/2025","date_ts":1765238400000,"profit_abs":9.7066325,"wins":1,"draws":0,"losses":0,"trades":1,"profit_factor":0.0},{"date":"10/12/2025","date_ts":1765324800000,"profit_abs":0.0,"wins":0,"draws":0,"losses":0,"trades":0,"profit_factor":0.0},{"date":"11/12/2025","date_ts":1765411200000,"profit_abs":-17.09677032,"wins":0,"draws":0,"losses":1,"trades":1,"profit_factor":0.0},{"date":"12/12/2025","date_ts":1765497600000,"profit_abs":-16.80210896,"wins":0,"draws":0,"losses":1,"trades":1,"profit_factor":0.0},{"date":"13/12/2025","date_ts":1765584000000,"profit_abs":0.7711935,"wins":1,"draws":0,"losses":0,"trades":1,"profit_factor":0.0},{"date":"14/12/2025","date_ts":1765670400000,"profit_abs":0.0,"wins":0,"draws":0,"losses":0,"trades":0,"profit_factor":0.0},{"date":"15/12/2025","date_ts":1765756800000,"profit_abs":0.0,"wins":0,"draws":1,"losses":0,"trades":1,"profit_factor":0.0},{"date":"16/12/2025","date_ts":1765843200000,"profit_abs":0.62733916,"wins":1,"draws":0,"losses":0,"trades":1,"profit_factor":0.0},{"date":"17/12/2025","date_ts":1765929600000,"profit_abs":0.0,"wins":0,"draws":0,"losses":0,"trades":0,"profit_factor":0.0},{"date":"18/12/2025","date_ts":1766016000000,"profit_abs":0.0,"wins":0,"draws":1,"losses":0,"trades":1,"profit_factor":0.0},{"date":"19/12/2025","date_ts":1766102400000,"profit_abs":3.6422064,"wins":1,"draws":0,"losses":0,"trades":1,"profit_factor":0.0},{"date":"20/12/2025","date_ts":1766188800000,"profit_abs":0.0,"wins":0,"draws":0,"losses":0,"trades":0,"profit_factor":0.0},{"date":"21/12/2025","date_ts":1766275200000,"profit_abs":0.0,"wins":0,"draws":0,"losses":0,"trades":0,"profit_factor":0.0},{"date":"22/12/2025","date_ts":1766361600000,"profit_abs":0.9168749,"wins":1,"draws":1,"losses":0,"trades":2,"profit_factor":0.0},{"date":"23/12/2025","date_ts":1766448000000,"profit_abs":0.0,"wins":0,"draws":0,"losses":0,"trades":0,"profit_factor":0.0},{"date":"24/12/2025","date_ts":1766534400000,"profit_abs":0.30807672,"wins":1,"draws":0,"losses":0,"trades":1,"profit_factor":0.0},{"date":"25/12/2025","date_ts":1766620800000,"profit_abs":0.0,"wins":0,"draws":0,"losses":0,"trades":0,"profit_factor":0.0},{"date":"26/12/2025","date_ts":1766707200000,"profit_abs":0.0,"wins":0,"draws":0,"losses":0,"trades":0,"profit_factor":0.0},{"date":"27/12/2025","date_ts":1766793600000,"profit_abs":0.0,"wins":0,"draws":0,"losses":0,"trades":0,"profit_factor":0.0},{"date":"28/12/2025","date_ts":1766880000000,"profit_abs":0.0,"wins":0,"draws":0,"losses":0,"trades":0,"profit_factor":0.0},{"date":"29/12/2025","date_ts":1766966400000,"profit_abs":0.0,"wins":0,"draws":1,"losses":0,"trades":1,"profit_factor":0.0},{"date":"30/12/2025","date_ts":1767052800000,"profit_abs":1.636103,"wins":1,"draws":0,"losses":0,"trades":1,"profit_factor":0.0},{"date":"31/12/2025","date_ts":1767139200000,"profit_abs":0.0,"wins":0,"draws":0,"losses":0,"trades":0,"profit_factor":0.0},{"date":"01/01/2026","date_ts":1767225600000,"profit_abs":0.0771807,"wins":1,"draws":0,"losses":0,"trades":1,"profit_factor":0.0},{"date":"02/01/2026","date_ts":1767312000000,"profit_abs":0.0,"wins":0,"draws":0,"losses":0,"trades":0,"profit_factor":0.0},{"date":"03/01/2026","date_ts":1767398400000,"profit_abs":0.0,"wins":0,"draws":0,"losses":0,"trades":0,"profit_factor":0.0},{"date":"04/01/2026","date_ts":1767484800000,"profit_abs":6.95093986,"wins":1,"draws":0,"losses":0,"trades":1,"profit_factor":0.0},{"date":"05/01/2026","date_ts":1767571200000,"profit_abs":0.0,"wins":0,"draws":2,"losses":0,"trades":2,"profit_factor":0.0}],"week":[{"date":"06/10/2025","date_ts":1759708800000,"profit_abs":14.5680274,"wins":3,"draws":0,"losses":0,"trades":3,"profit_factor":0.0},{"date":"13/10/2025","date_ts":1760313600000,"profit_abs":4.69257176,"wins":1,"draws":3,"losses":0,"trades":4,"profit_factor":0.0},{"date":"20/10/2025","date_ts":1760918400000,"profit_abs":5.19009142,"wins":3,"draws":1,"losses":0,"trades":4,"profit_factor":0.0},{"date":"27/10/2025","date_ts":1761523200000,"profit_abs":-10.28030662,"wins":3,"draws":1,"losses":1,"trades":5,"profit_factor":0.4143114},{"date":"03/11/2025","date_ts":1762128000000,"profit_abs":-36.75622688,"wins":1,"draws":2,"losses":3,"trades":6,"profit_factor":0.00769543},{"date":"10/11/2025","date_ts":1762732800000,"profit_abs":21.26876111,"wins":4,"draws":0,"losses":0,"trades":4,"profit_factor":0.0},{"date":"17/11/2025","date_ts":1763337600000,"profit_abs":3.76177779,"wins":2,"draws":4,"losses":0,"trades":6,"profit_factor":0.0},{"date":"24/11/2025","date_ts":1763942400000,"profit_abs":0.1639196,"wins":1,"draws":4,"losses":0,"trades":5,"profit_factor":0.0},{"date":"01/12/2025","date_ts":1764547200000,"profit_abs":-14.35317741,"wins":1,"draws":2,"losses":1,"trades":4,"profit_factor":0.16611968},{"date":"08/12/2025","date_ts":1765152000000,"profit_abs":0.69119988,"wins":1,"draws":2,"losses":0,"trades":3,"profit_factor":0.0},{"date":"15/12/2025","date_ts":1765756800000,"profit_abs":-23.42105328,"wins":2,"draws":1,"losses":2,"trades":5,"profit_factor":0.30909063},{"date":"22/12/2025","date_ts":1766361600000,"profit_abs":5.18642046,"wins":3,"draws":2,"losses":0,"trades":5,"profit_factor":0.0},{"date":"29/12/2025","date_ts":1766966400000,"profit_abs":0.30807672,"wins":1,"draws":1,"losses":0,"trades":2,"profit_factor":0.0},{"date":"05/01/2026","date_ts":1767571200000,"profit_abs":8.66422356,"wins":3,"draws":2,"losses":0,"trades":5,"profit_factor":0.0}],"month":[{"date":"31/10/2025","date_ts":1761868800000,"profit_abs":-5.55923152,"wins":11,"draws":6,"losses":3,"trades":20,"profit_factor":0.85201892},{"date":"30/11/2025","date_ts":1764460800000,"profit_abs":-6.18533031,"wins":8,"draws":11,"losses":2,"trades":21,"profit_factor":0.81934906},{"date":"31/12/2025","date_ts":1767139200000,"profit_abs":-15.59925322,"wins":8,"draws":6,"losses":2,"trades":16,"profit_factor":0.53982982},{"date":"31/01/2026","date_ts":1769817600000,"profit_abs":7.02812056,"wins":2,"draws":2,"losses":0,"trades":4,"profit_factor":0.0}],"year":[{"date":"31/12/2025","date_ts":1767139200000,"profit_abs":-27.34381505,"wins":27,"draws":23,"losses":7,"trades":57,"profit_factor":0.74132001},{"date":"31/12/2026","date_ts":1798675200000,"profit_abs":7.02812056,"wins":2,"draws":2,"losses":0,"trades":4,"profit_factor":0.0}],"weekday":[{"date":"Monday","date_ts":0,"profit_abs":-7.62429429,"wins":4,"draws":7,"losses":1,"trades":12,"profit_factor":0.55221306},{"date":"Tuesday","date_ts":1,"profit_abs":-16.47875202,"wins":7,"draws":1,"losses":2,"trades":10,"profit_factor":0.52825173},{"date":"Wednesday","date_ts":2,"profit_abs":-1.78015433,"wins":2,"draws":4,"losses":1,"trades":7,"profit_factor":0.32465967},{"date":"Thursday","date_ts":3,"profit_abs":-15.48889379,"wins":3,"draws":3,"losses":1,"trades":7,"profit_factor":0.09404563},{"date":"Friday","date_ts":4,"profit_abs":15.60232841,"wins":7,"draws":2,"losses":1,"trades":10,"profit_factor":1.92859345},{"date":"Saturday","date_ts":5,"profit_abs":1.75563309,"wins":2,"draws":5,"losses":0,"trades":7,"profit_factor":0.0},{"date":"Sunday","date_ts":6,"profit_abs":3.69843844,"wins":4,"draws":3,"losses":1,"trades":8,"profit_factor":1.21486915}]},"backtest_best_day":0.05474700727108259,"backtest_worst_day":-0.0518981018981019,"backtest_best_day_abs":17.70753257,"backtest_worst_day_abs":-17.55251274,"winning_days":28,"draw_days":60,"losing_days":7,"daily_profit":[["2025-10-03",3.08157993],["2025-10-04",0.0],["2025-10-05",7.85749662],["2025-10-06",3.62895085],["2025-10-07",0.0],["2025-10-08",0.0],["2025-10-09",0.0],["2025-10-10",0.0],["2025-10-11",0.0],["2025-10-12",0.0],["2025-10-13",4.69257176],["2025-10-14",0.15453792],["2025-10-15",0.0],["2025-10-16",0.40585846],["2025-10-17",4.62969504],["2025-10-18",0.0],["2025-10-19",0.0],["2025-10-20",0.0],["2025-10-21",-17.55251274],["2025-10-22",0.0],["2025-10-23",1.12483737],["2025-10-24",3.05837486],["2025-10-25",0.0],["2025-10-26",3.08899389],["2025-10-27",0.0],["2025-10-28",-17.37872741],["2025-10-29",-2.63593664],["2025-10-30",0.0],["2025-10-31",0.28504857],["2025-11-01",0.0],["2025-11-02",0.0],["2025-11-03",-17.0266114],["2025-11-04",0.0],["2025-11-05",0.54770559],["2025-11-06",0.0],["2025-11-07",17.70753257],["2025-11-08",0.0],["2025-11-09",3.01352295],["2025-11-10",0.0],["2025-11-11",2.7773382],["2025-11-12",0.0],["2025-11-13",0.0],["2025-11-14",0.0],["2025-11-15",0.98443959],["2025-11-16",0.0],["2025-11-17",0.0],["2025-11-18",0.0],["2025-11-19",0.0],["2025-11-20",0.0],["2025-11-21",0.0],["2025-11-22",0.0],["2025-11-23",0.0],["2025-11-24",0.1639196],["2025-11-25",2.85933747],["2025-11-26",0.0],["2025-11-27",0.0],["2025-11-28",0.0],["2025-11-29",0.0],["2025-11-30",-17.21251488],["2025-12-01",0.0],["2025-12-02",0.69119988],["2025-12-03",0.0],["2025-12-04",0.0],["2025-12-05",0.0],["2025-12-06",0.0],["2025-12-07",0.0],["2025-12-08",0.0],["2025-12-09",9.7066325],["2025-12-10",0.0],["2025-12-11",-17.09677032],["2025-12-12",-16.80210896],["2025-12-13",0.7711935],["2025-12-14",0.0],["2025-12-15",0.0],["2025-12-16",0.62733916],["2025-12-17",0.0],["2025-12-18",0.0],["2025-12-19",3.6422064],["2025-12-20",0.0],["2025-12-21",0.0],["2025-12-22",0.9168749],["2025-12-23",0.0],["2025-12-24",0.30807672],["2025-12-25",0.0],["2025-12-26",0.0],["2025-12-27",0.0],["2025-12-28",0.0],["2025-12-29",0.0],["2025-12-30",1.636103],["2025-12-31",0.0],["2026-01-01",0.0771807],["2026-01-02",0.0],["2026-01-03",0.0],["2026-01-04",6.95093986],["2026-01-05",0.0]],"wins":29,"losses":7,"draws":25,"winrate":0.47540983606557374,"holding_avg":"5:43:00","holding_avg_s":20580.0,"winner_holding_min":"0d 01:00","winner_holding_min_s":3600.0,"winner_holding_max":"0d 02:00","winner_holding_max_s":7200.0,"winner_holding_avg":"0d 01:58","winner_holding_avg_s":7080.0,"loser_holding_min":"0d 02:00","loser_holding_min_s":7200.0,"loser_holding_max":"2d 07:00","loser_holding_max_s":198000.0,"loser_holding_avg":"0d 15:51","loser_holding_avg_s":57060.0,"max_consecutive_wins":5,"max_consecutive_losses":6,"max_drawdown_account":0.058271520395190894,"max_relative_drawdown":0.058271520395190894,"max_drawdown_abs":59.696299310000015,"drawdown_start":"2025-10-17 22:00:00","drawdown_start_ts":1760738400000.0,"drawdown_end":"2025-12-12 16:00:00","drawdown_end_ts":1765555200000.0,"drawdown_duration":"55 days 18:00:00","drawdown_duration_s":4816800.0,"max_drawdown_low":-35.245608730000015,"max_drawdown_high":24.45069058,"csum_min":964.75439127,"csum_max":1024.45069058}},"strategy_comparison":[{"key":"ACO_75_4","trades":61,"profit_mean":-0.0009597155025137346,"profit_mean_pct":-0.1,"profit_total_abs":-20.315694490000006,"profit_total":-0.020315694490000005,"profit_total_pct":-2.03,"duration_avg":"5:43:00","wins":29,"draws":25,"losses":7,"winrate":0.47540983606557374,"cagr":-0.07432572194369114,"expectancy":-0.33304417196721325,"expectancy_ratio":-0.43189088967928413,"sortino":-0.7855514311841572,"sharpe":-0.6419422750655954,"calmar":-6.866730794851443,"sqn":-0.4139,"profit_factor":0.8078079613662386,"max_drawdown_account":0.058271520395190894,"max_drawdown_abs":"59.696"}]}