{"strategy":{"ACO_83_8":{"trades":[{"pair":"DOGE/USDT","stake_amount":329.90193,"max_stake_amount":329.90193,"amount":1269.0,"open_date":"2025-10-03 17:00:00+00:00","close_date":"2025-10-03 19:00:00+00:00","open_rate":0.25997,"close_rate":0.2604904604604604,"fee_open":0.001,"fee_close":0.001,"trade_duration":120,"profit_ratio":0.0,"profit_abs":0.0,"exit_reason":"roi","initial_stop_loss_abs":0.24698,"initial_stop_loss_ratio":-0.05,"stop_loss_abs":0.24698,"stop_loss_ratio":-0.05,"min_rate":0.25505,"max_rate":0.26123,"is_open":false,"enter_tag":"","leverage":1.0,"is_short":false,"open_timestamp":1759510800000,"close_timestamp":1759518000000,"orders":[{"amount":1269.0,"safe_price":0.25997,"ft_order_side":"buy","order_filled_timestamp":1759510800000,"ft_is_entry":true,"ft_order_tag":"","cost":330.23183192999994},{"amount":1269.0,"safe_price":0.2604904604604604,"ft_order_side":"sell","order_filled_timestamp":1759518000000,"ft_is_entry":false,"ft_order_tag":"roi","cost":330.8929567186485}],"funding_fees":0.0,"weekday":4},{"pair":"DOGE/USDT","stake_amount":329.8338,"max_stake_amount":329.8338,"amount":1285.0,"open_date":"2025-10-05 03:00:00+00:00","close_date":"2025-10-05 05:00:00+00:00","open_rate":0.25668,"close_rate":0.2625,"fee_open":0.001,"fee_close":0.001,"trade_duration":120,"profit_ratio":0.020630841808962425,"profit_abs":6.8115537,"exit_reason":"roi","initial_stop_loss_abs":0.24385,"initial_stop_loss_ratio":-0.05,"stop_loss_abs":0.24385,"stop_loss_ratio":-0.05,"min_rate":0.25522,"max_rate":0.26398,"is_open":false,"enter_tag":"","leverage":1.0,"is_short":false,"open_timestamp":1759633200000,"close_timestamp":1759640400000,"orders":[{"amount":1285.0,"safe_price":0.25668,"ft_order_side":"buy","order_filled_timestamp":1759633200000,"ft_is_entry":true,"ft_order_tag":"","cost":330.16363379999996},{"amount":1285.0,"safe_price":0.2625,"ft_order_side":"sell","order_filled_timestamp":1759640400000,"ft_is_entry":false,"ft_order_tag":"roi","cost":337.64981249999994}],"funding_fees":0.0,"weekday":6},{"pair":"DOGE/USDT","stake_amount":332.1898,"max_stake_amount":332.1898,"amount":1636.0,"open_date":"2025-10-21 15:00:00+00:00","close_date":"2025-10-22 00:00:00+00:00","open_rate":0.20305,"close_rate":0.1929,"fee_open":0.001,"fee_close":0.001,"trade_duration":540,"profit_ratio":-0.05188581425961382,"profit_abs":-17.2531742,"exit_reason":"stop_loss","initial_stop_loss_abs":0.1929,"initial_stop_loss_ratio":-0.05,"stop_loss_abs":0.1929,"stop_loss_ratio":-0.05,"min_rate":0.19251,"max_rate":0.20563,"is_open":false,"enter_tag":"","leverage":1.0,"is_short":false,"open_timestamp":1761058800000,"close_timestamp":1761091200000,"orders":[{"amount":1636.0,"safe_price":0.20305,"ft_order_side":"buy","order_filled_timestamp":1761058800000,"ft_is_entry":true,"ft_order_tag":"","cost":332.5219898},{"amount":1636.0,"safe_price":0.1929,"ft_order_side":"sell","order_filled_timestamp":1761091200000,"ft_is_entry":false,"ft_order_tag":"stop_loss","cost":315.89998439999994}],"funding_fees":0.0,"weekday":2},{"pair":"DOGE/USDT","stake_amount":326.43452,"max_stake_amount":326.43452,"amount":1676.0,"open_date":"2025-10-23 07:00:00+00:00","close_date":"2025-10-23 10:00:00+00:00","open_rate":0.19477,"close_rate":0.19515992992992992,"fee_open":0.001,"fee_close":0.001,"trade_duration":180,"profit_ratio":0.0,"profit_abs":0.0,"exit_reason":"roi","initial_stop_loss_abs":0.18504,"initial_stop_loss_ratio":-0.05,"stop_loss_abs":0.18504,"stop_loss_ratio":-0.05,"min_rate":0.1931,"max_rate":0.19598,"is_open":false,"enter_tag":"","leverage":1.0,"is_short":false,"open_timestamp":1761202800000,"close_timestamp":1761213600000,"orders":[{"amount":1676.0,"safe_price":0.19477,"ft_order_side":"buy","order_filled_timestamp":1761202800000,"ft_is_entry":true,"ft_order_tag":"","cost":326.76095452},{"amount":1676.0,"safe_price":0.19515992992992992,"ft_order_side":"sell","order_filled_timestamp":1761213600000,"ft_is_entry":false,"ft_order_tag":"roi","cost":327.41513060512506}],"funding_fees":0.0,"weekday":3},{"pair":"DOGE/USDT","stake_amount":326.51288,"max_stake_amount":326.51288,"amount":1636.0,"open_date":"2025-10-26 10:00:00+00:00","close_date":"2025-10-26 12:00:00+00:00","open_rate":0.19958,"close_rate":0.20183,"fee_open":0.001,"fee_close":0.001,"trade_duration":120,"profit_ratio":0.009253147894294302,"profit_abs":3.02429324,"exit_reason":"roi","initial_stop_loss_abs":0.18961,"initial_stop_loss_ratio":-0.05,"stop_loss_abs":0.18961,"stop_loss_ratio":-0.05,"min_rate":0.19833,"max_rate":0.20286,"is_open":false,"enter_tag":"","leverage":1.0,"is_short":false,"open_timestamp":1761472800000,"close_timestamp":1761480000000,"orders":[{"amount":1636.0,"safe_price":0.19958,"ft_order_side":"buy","order_filled_timestamp":1761472800000,"ft_is_entry":true,"ft_order_tag":"","cost":326.83939287999993},{"amount":1636.0,"safe_price":0.20183,"ft_order_side":"sell","order_filled_timestamp":1761480000000,"ft_is_entry":false,"ft_order_tag":"roi","cost":330.52407388}],"funding_fees":0.0,"weekday":6},{"pair":"DOGE/USDT","stake_amount":327.37716,"max_stake_amount":327.37716,"amount":1621.0,"open_date":"2025-10-28 14:00:00+00:00","close_date":"2025-10-28 17:00:00+00:00","open_rate":0.20196,"close_rate":0.2023643243243243,"fee_open":0.001,"fee_close":0.001,"trade_duration":180,"profit_ratio":0.0,"profit_abs":0.0,"exit_reason":"roi","initial_stop_loss_abs":0.19187,"initial_stop_loss_ratio":-0.05,"stop_loss_abs":0.19187,"stop_loss_ratio":-0.05,"min_rate":0.19617,"max_rate":0.20311,"is_open":false,"enter_tag":"","leverage":1.0,"is_short":false,"open_timestamp":1761660000000,"close_timestamp":1761670800000,"orders":[{"amount":1621.0,"safe_price":0.20196,"ft_order_side":"buy","order_filled_timestamp":1761660000000,"ft_is_entry":true,"ft_order_tag":"","cost":327.70453716},{"amount":1621.0,"safe_price":0.2023643243243243,"ft_order_side":"sell","order_filled_timestamp":1761670800000,"ft_is_entry":false,"ft_order_tag":"roi","cost":328.3606022994594}],"funding_fees":0.0,"weekday":1},{"pair":"DOGE/USDT","stake_amount":327.5028,"max_stake_amount":327.5028,"amount":1740.0,"open_date":"2025-11-02 08:00:00+00:00","close_date":"2025-11-03 03:00:00+00:00","open_rate":0.18822,"close_rate":0.17881,"fee_open":0.001,"fee_close":0.001,"trade_duration":1140,"profit_ratio":-0.0518927995816743,"profit_abs":-17.0120322,"exit_reason":"stop_loss","initial_stop_loss_abs":0.17881,"initial_stop_loss_ratio":-0.05,"stop_loss_abs":0.17881,"stop_loss_ratio":-0.05,"min_rate":0.17456,"max_rate":0.1884,"is_open":false,"enter_tag":"","leverage":1.0,"is_short":false,"open_timestamp":1762070400000,"close_timestamp":1762138800000,"orders":[{"amount":1740.0,"safe_price":0.18822,"ft_order_side":"buy","order_filled_timestamp":1762070400000,"ft_is_entry":true,"ft_order_tag":"","cost":327.83030279999997},{"amount":1740.0,"safe_price":0.17881,"ft_order_side":"sell","order_filled_timestamp":1762138800000,"ft_is_entry":false,"ft_order_tag":"stop_loss","cost":311.44052939999995}],"funding_fees":0.0,"weekday":0},{"pair":"DOGE/USDT","stake_amount":321.81408,"max_stake_amount":321.81408,"amount":1904.0,"open_date":"2025-11-07 16:00:00+00:00","close_date":"2025-11-07 17:00:00+00:00","open_rate":0.16902,"close_rate":0.17781783783783786,"fee_open":0.001,"fee_close":0.001,"trade_duration":60,"profit_ratio":0.049950049950049945,"profit_abs":16.090704,"exit_reason":"roi","initial_stop_loss_abs":0.16057,"initial_stop_loss_ratio":-0.05,"stop_loss_abs":0.16057,"stop_loss_ratio":-0.05,"min_rate":0.16834,"max_rate":0.17978,"is_open":false,"enter_tag":"","leverage":1.0,"is_short":false,"open_timestamp":1762531200000,"close_timestamp":1762534800000,"orders":[{"amount":1904.0,"safe_price":0.16902,"ft_order_side":"buy","order_filled_timestamp":1762531200000,"ft_is_entry":true,"ft_order_tag":"","cost":322.13589407999996},{"amount":1904.0,"safe_price":0.17781783783783786,"ft_order_side":"sell","order_filled_timestamp":1762534800000,"ft_is_entry":false,"ft_order_tag":"roi","cost":338.9037284064865}],"funding_fees":0.0,"weekday":4},{"pair":"DOGE/USDT","stake_amount":327.1938,"max_stake_amount":327.1938,"amount":1858.0,"open_date":"2025-11-09 14:00:00+00:00","close_date":"2025-11-09 16:00:00+00:00","open_rate":0.1761,"close_rate":0.17807,"fee_open":0.001,"fee_close":0.001,"trade_duration":120,"profit_ratio":0.009166472369198094,"profit_abs":3.00221214,"exit_reason":"roi","initial_stop_loss_abs":0.1673,"initial_stop_loss_ratio":-0.05,"stop_loss_abs":0.1673,"stop_loss_ratio":-0.05,"min_rate":0.17501,"max_rate":0.17961,"is_open":false,"enter_tag":"","leverage":1.0,"is_short":false,"open_timestamp":1762696800000,"close_timestamp":1762704000000,"orders":[{"amount":1858.0,"safe_price":0.1761,"ft_order_side":"buy","order_filled_timestamp":1762696800000,"ft_is_entry":true,"ft_order_tag":"","cost":327.5209938},{"amount":1858.0,"safe_price":0.17807,"ft_order_side":"sell","order_filled_timestamp":1762704000000,"ft_is_entry":false,"ft_order_tag":"roi","cost":331.18491406}],"funding_fees":0.0,"weekday":6},{"pair":"DOGE/USDT","stake_amount":328.14033,"max_stake_amount":328.14033,"amount":2037.0,"open_date":"2025-11-17 05:00:00+00:00","close_date":"2025-11-17 07:00:00+00:00","open_rate":0.16109,"close_rate":0.16164,"fee_open":0.001,"fee_close":0.001,"trade_duration":120,"profit_ratio":0.0014094168293684092,"profit_abs":0.46294899,"exit_reason":"roi","initial_stop_loss_abs":0.15304,"initial_stop_loss_ratio":-0.05,"stop_loss_abs":0.15304,"stop_loss_ratio":-0.05,"min_rate":0.16069,"max_rate":0.16239,"is_open":false,"enter_tag":"","leverage":1.0,"is_short":false,"open_timestamp":1763355600000,"close_timestamp":1763362800000,"orders":[{"amount":2037.0,"safe_price":0.16109,"ft_order_side":"buy","order_filled_timestamp":1763355600000,"ft_is_entry":true,"ft_order_tag":"","cost":328.46847032999995},{"amount":2037.0,"safe_price":0.16164,"ft_order_side":"sell","order_filled_timestamp":1763362800000,"ft_is_entry":false,"ft_order_tag":"roi","cost":329.58994068}],"funding_fees":0.0,"weekday":0},{"pair":"DOGE/USDT","stake_amount":328.2851,"max_stake_amount":328.2851,"amount":2087.0,"open_date":"2025-11-18 09:00:00+00:00","close_date":"2025-11-18 12:00:00+00:00","open_rate":0.1573,"close_rate":0.1576149149149149,"fee_open":0.001,"fee_close":0.001,"trade_duration":180,"profit_ratio":0.0,"profit_abs":0.0,"exit_reason":"roi","initial_stop_loss_abs":0.14944,"initial_stop_loss_ratio":-0.05,"stop_loss_abs":0.14944,"stop_loss_ratio":-0.05,"min_rate":0.15629,"max_rate":0.15787,"is_open":false,"enter_tag":"","leverage":1.0,"is_short":false,"open_timestamp":1763456400000,"close_timestamp":1763467200000,"orders":[{"amount":2087.0,"safe_price":0.1573,"ft_order_side":"buy","order_filled_timestamp":1763456400000,"ft_is_entry":true,"ft_order_tag":"","cost":328.61338509999996},{"amount":2087.0,"safe_price":0.1576149149149149,"ft_order_side":"sell","order_filled_timestamp":1763467200000,"ft_is_entry":false,"ft_order_tag":"roi","cost":329.27126975485476}],"funding_fees":0.0,"weekday":1},{"pair":"DOGE/USDT","stake_amount":328.25338,"max_stake_amount":328.25338,"amount":2158.0,"open_date":"2025-11-24 18:00:00+00:00","close_date":"2025-11-24 20:00:00+00:00","open_rate":0.15211,"close_rate":0.15249,"fee_open":0.001,"fee_close":0.001,"trade_duration":120,"profit_ratio":0.0004951987070191001,"profit_abs":0.1627132,"exit_reason":"roi","initial_stop_loss_abs":0.14451,"initial_stop_loss_ratio":-0.05,"stop_loss_abs":0.14451,"stop_loss_ratio":-0.05,"min_rate":0.15174,"max_rate":0.15397,"is_open":false,"enter_tag":"","leverage":1.0,"is_short":false,"open_timestamp":1764007200000,"close_timestamp":1764014400000,"orders":[{"amount":2158.0,"safe_price":0.15211,"ft_order_side":"buy","order_filled_timestamp":1764007200000,"ft_is_entry":true,"ft_order_tag":"","cost":328.58163337999997},{"amount":2158.0,"safe_price":0.15249,"ft_order_side":"sell","order_filled_timestamp":1764014400000,"ft_is_entry":false,"ft_order_tag":"roi","cost":329.40249342}],"funding_fees":0.0,"weekday":0},{"pair":"DOGE/USDT","stake_amount":328.43457,"max_stake_amount":328.43457,"amount":2109.0,"open_date":"2025-11-26 18:00:00+00:00","close_date":"2025-11-26 20:00:00+00:00","open_rate":0.15573,"close_rate":0.15604177177177178,"fee_open":0.001,"fee_close":0.001,"trade_duration":120,"profit_ratio":0.0,"profit_abs":0.0,"exit_reason":"roi","initial_stop_loss_abs":0.14795,"initial_stop_loss_ratio":-0.05,"stop_loss_abs":0.14795,"stop_loss_ratio":-0.05,"min_rate":0.15507,"max_rate":0.15681,"is_open":false,"enter_tag":"","leverage":1.0,"is_short":false,"open_timestamp":1764180000000,"close_timestamp":1764187200000,"orders":[{"amount":2109.0,"safe_price":0.15573,"ft_order_side":"buy","order_filled_timestamp":1764180000000,"ft_is_entry":true,"ft_order_tag":"","cost":328.76300456999996},{"amount":2109.0,"safe_price":0.15604177177177178,"ft_order_side":"sell","order_filled_timestamp":1764187200000,"ft_is_entry":false,"ft_order_tag":"roi","cost":329.4211887633333}],"funding_fees":0.0,"weekday":2},{"pair":"DOGE/USDT","stake_amount":328.30545,"max_stake_amount":328.30545,"amount":2321.0,"open_date":"2025-12-07 18:00:00+00:00","close_date":"2025-12-07 20:00:00+00:00","open_rate":0.14145,"close_rate":0.1421,"fee_open":0.001,"fee_close":0.001,"trade_duration":120,"profit_ratio":0.0025880800005932563,"profit_abs":0.85053045,"exit_reason":"roi","initial_stop_loss_abs":0.13438,"initial_stop_loss_ratio":-0.05,"stop_loss_abs":0.13438,"stop_loss_ratio":-0.05,"min_rate":0.14126,"max_rate":0.14291,"is_open":false,"enter_tag":"","leverage":1.0,"is_short":false,"open_timestamp":1765130400000,"close_timestamp":1765137600000,"orders":[{"amount":2321.0,"safe_price":0.14145,"ft_order_side":"buy","order_filled_timestamp":1765130400000,"ft_is_entry":true,"ft_order_tag":"","cost":328.63375544999997},{"amount":2321.0,"safe_price":0.1421,"ft_order_side":"sell","order_filled_timestamp":1765137600000,"ft_is_entry":false,"ft_order_tag":"roi","cost":330.14391409999996}],"funding_fees":0.0,"weekday":6},{"pair":"DOGE/USDT","stake_amount":328.5898,"max_stake_amount":328.5898,"amount":2246.0,"open_date":"2025-12-09 16:00:00+00:00","close_date":"2025-12-09 18:00:00+00:00","open_rate":0.1463,"close_rate":0.15095,"fee_open":0.001,"fee_close":0.001,"trade_duration":120,"profit_ratio":0.029722498963783994,"profit_abs":9.7762765,"exit_reason":"roi","initial_stop_loss_abs":0.13899,"initial_stop_loss_ratio":-0.05,"stop_loss_abs":0.13899,"stop_loss_ratio":-0.05,"min_rate":0.1463,"max_rate":0.15319,"is_open":false,"enter_tag":"","leverage":1.0,"is_short":false,"open_timestamp":1765296000000,"close_timestamp":1765303200000,"orders":[{"amount":2246.0,"safe_price":0.1463,"ft_order_side":"buy","order_filled_timestamp":1765296000000,"ft_is_entry":true,"ft_order_tag":"","cost":328.9183898},{"amount":2246.0,"safe_price":0.15095,"ft_order_side":"sell","order_filled_timestamp":1765303200000,"ft_is_entry":false,"ft_order_tag":"roi","cost":339.37273369999997}],"funding_fees":0.0,"weekday":1},{"pair":"DOGE/USDT","stake_amount":331.89624,"max_stake_amount":331.89624,"amount":2404.0,"open_date":"2025-12-11 19:00:00+00:00","close_date":"2025-12-11 21:00:00+00:00","open_rate":0.13806,"close_rate":0.14006,"fee_open":0.001,"fee_close":0.001,"trade_duration":120,"profit_ratio":0.012459509200056788,"profit_abs":4.13939952,"exit_reason":"roi","initial_stop_loss_abs":0.13116,"initial_stop_loss_ratio":-0.05,"stop_loss_abs":0.13116,"stop_loss_ratio":-0.05,"min_rate":0.13787,"max_rate":0.14281,"is_open":false,"enter_tag":"","leverage":1.0,"is_short":false,"open_timestamp":1765479600000,"close_timestamp":1765486800000,"orders":[{"amount":2404.0,"safe_price":0.13806,"ft_order_side":"buy","order_filled_timestamp":1765479600000,"ft_is_entry":true,"ft_order_tag":"","cost":332.2281362399999},{"amount":2404.0,"safe_price":0.14006,"ft_order_side":"sell","order_filled_timestamp":1765486800000,"ft_is_entry":false,"ft_order_tag":"roi","cost":337.04094423999993}],"funding_fees":0.0,"weekday":3},{"pair":"DOGE/USDT","stake_amount":333.21618,"max_stake_amount":333.21618,"amount":2439.0,"open_date":"2025-12-15 03:00:00+00:00","close_date":"2025-12-15 05:00:00+00:00","open_rate":0.13662,"close_rate":0.13689351351351348,"fee_open":0.001,"fee_close":0.001,"trade_duration":120,"profit_ratio":0.0,"profit_abs":0.0,"exit_reason":"roi","initial_stop_loss_abs":0.12979,"initial_stop_loss_ratio":-0.05,"stop_loss_abs":0.12979,"stop_loss_ratio":-0.05,"min_rate":0.13601,"max_rate":0.13725,"is_open":false,"enter_tag":"","leverage":1.0,"is_short":false,"open_timestamp":1765767600000,"close_timestamp":1765774800000,"orders":[{"amount":2439.0,"safe_price":0.13662,"ft_order_side":"buy","order_filled_timestamp":1765767600000,"ft_is_entry":true,"ft_order_tag":"","cost":333.5493961799999},{"amount":2439.0,"safe_price":0.13689351351351348,"ft_order_side":"sell","order_filled_timestamp":1765774800000,"ft_is_entry":false,"ft_order_tag":"roi","cost":334.2171627389188}],"funding_fees":0.0,"weekday":0},{"pair":"DOGE/USDT","stake_amount":333.24144,"max_stake_amount":333.24144,"amount":2478.0,"open_date":"2025-12-17 15:00:00+00:00","close_date":"2025-12-17 16:00:00+00:00","open_rate":0.13448,"close_rate":0.12776,"fee_open":0.001,"fee_close":0.001,"trade_duration":60,"profit_ratio":-0.05186841712719166,"profit_abs":-17.30199072,"exit_reason":"stop_loss","initial_stop_loss_abs":0.12776,"initial_stop_loss_ratio":-0.05,"stop_loss_abs":0.12776,"stop_loss_ratio":-0.05,"min_rate":0.12583,"max_rate":0.13631,"is_open":false,"enter_tag":"","leverage":1.0,"is_short":false,"open_timestamp":1765983600000,"close_timestamp":1765987200000,"orders":[{"amount":2478.0,"safe_price":0.13448,"ft_order_side":"buy","order_filled_timestamp":1765983600000,"ft_is_entry":true,"ft_order_tag":"","cost":333.5746814399999},{"amount":2478.0,"safe_price":0.12776,"ft_order_side":"sell","order_filled_timestamp":1765987200000,"ft_is_entry":false,"ft_order_tag":"stop_loss","cost":316.90586928}],"funding_fees":0.0,"weekday":2},{"pair":"DOGE/USDT","stake_amount":327.552,"max_stake_amount":327.552,"amount":2560.0,"open_date":"2025-12-19 08:00:00+00:00","close_date":"2025-12-19 10:00:00+00:00","open_rate":0.12795,"close_rate":0.12820615615615616,"fee_open":0.001,"fee_close":0.001,"trade_duration":120,"profit_ratio":0.0,"profit_abs":0.0,"exit_reason":"roi","initial_stop_loss_abs":0.12156,"initial_stop_loss_ratio":-0.05,"stop_loss_abs":0.12156,"stop_loss_ratio":-0.05,"min_rate":0.12757,"max_rate":0.12865,"is_open":false,"enter_tag":"","leverage":1.0,"is_short":false,"open_timestamp":1766131200000,"close_timestamp":1766138400000,"orders":[{"amount":2560.0,"safe_price":0.12795,"ft_order_side":"buy","order_filled_timestamp":1766131200000,"ft_is_entry":true,"ft_order_tag":"","cost":327.879552},{"amount":2560.0,"safe_price":0.12820615615615616,"ft_order_side":"sell","order_filled_timestamp":1766138400000,"ft_is_entry":false,"ft_order_tag":"roi","cost":328.5359675195195}],"funding_fees":0.0,"weekday":4},{"pair":"DOGE/USDT","stake_amount":327.50946,"max_stake_amount":327.50946,"amount":2466.0,"open_date":"2025-12-21 09:00:00+00:00","close_date":"2025-12-22 00:00:00+00:00","open_rate":0.13281,"close_rate":0.13307588588588587,"fee_open":0.001,"fee_close":0.001,"trade_duration":900,"profit_ratio":0.0,"profit_abs":0.0,"exit_reason":"roi","initial_stop_loss_abs":0.12617,"initial_stop_loss_ratio":-0.05,"stop_loss_abs":0.12617,"stop_loss_ratio":-0.05,"min_rate":0.12871,"max_rate":0.13424,"is_open":false,"enter_tag":"","leverage":1.0,"is_short":false,"open_timestamp":1766307600000,"close_timestamp":1766361600000,"orders":[{"amount":2466.0,"safe_price":0.13281,"ft_order_side":"buy","order_filled_timestamp":1766307600000,"ft_is_entry":true,"ft_order_tag":"","cost":327.83696946000003},{"amount":2466.0,"safe_price":0.13307588588588587,"ft_order_side":"sell","order_filled_timestamp":1766361600000,"ft_is_entry":false,"ft_order_tag":"roi","cost":328.4932997291891}],"funding_fees":0.0,"weekday":0},{"pair":"DOGE/USDT","stake_amount":327.5452,"max_stake_amount":327.5452,"amount":2488.0,"open_date":"2025-12-22 01:00:00+00:00","close_date":"2025-12-22 03:00:00+00:00","open_rate":0.13165,"close_rate":0.13191356356356354,"fee_open":0.001,"fee_close":0.001,"trade_duration":120,"profit_ratio":0.0,"profit_abs":0.0,"exit_reason":"roi","initial_stop_loss_abs":0.12507,"initial_stop_loss_ratio":-0.05,"stop_loss_abs":0.12507,"stop_loss_ratio":-0.05,"min_rate":0.12952,"max_rate":0.13301,"is_open":false,"enter_tag":"","leverage":1.0,"is_short":false,"open_timestamp":1766365200000,"close_timestamp":1766372400000,"orders":[{"amount":2488.0,"safe_price":0.13165,"ft_order_side":"buy","order_filled_timestamp":1766365200000,"ft_is_entry":true,"ft_order_tag":"","cost":327.87274519999994},{"amount":2488.0,"safe_price":0.13191356356356354,"ft_order_side":"sell","order_filled_timestamp":1766372400000,"ft_is_entry":false,"ft_order_tag":"roi","cost":328.5291470922922}],"funding_fees":0.0,"weekday":0},{"pair":"DOGE/USDT","stake_amount":327.49138,"max_stake_amount":327.49138,"amount":2617.0,"open_date":"2025-12-29 01:00:00+00:00","close_date":"2025-12-29 03:00:00+00:00","open_rate":0.12514,"close_rate":0.12639,"fee_open":0.001,"fee_close":0.001,"trade_duration":120,"profit_ratio":0.007970852864571899,"profit_abs":2.61299599,"exit_reason":"roi","initial_stop_loss_abs":0.11889,"initial_stop_loss_ratio":-0.05,"stop_loss_abs":0.11889,"stop_loss_ratio":-0.05,"min_rate":0.12437,"max_rate":0.12777,"is_open":false,"enter_tag":"","leverage":1.0,"is_short":false,"open_timestamp":1766970000000,"close_timestamp":1766977200000,"orders":[{"amount":2617.0,"safe_price":0.12514,"ft_order_side":"buy","order_filled_timestamp":1766970000000,"ft_is_entry":true,"ft_order_tag":"","cost":327.81887137999996},{"amount":2617.0,"safe_price":0.12639,"ft_order_side":"sell","order_filled_timestamp":1766977200000,"ft_is_entry":false,"ft_order_tag":"roi","cost":331.09339263}],"funding_fees":0.0,"weekday":0},{"pair":"DOGE/USDT","stake_amount":328.42392,"max_stake_amount":328.42392,"amount":2728.0,"open_date":"2026-01-01 09:00:00+00:00","close_date":"2026-01-01 11:00:00+00:00","open_rate":0.12039,"close_rate":0.120631021021021,"fee_open":0.001,"fee_close":0.001,"trade_duration":120,"profit_ratio":0.0,"profit_abs":0.0,"exit_reason":"roi","initial_stop_loss_abs":0.11438,"initial_stop_loss_ratio":-0.05,"stop_loss_abs":0.11438,"stop_loss_ratio":-0.05,"min_rate":0.12021,"max_rate":0.12126,"is_open":false,"enter_tag":"","leverage":1.0,"is_short":false,"open_timestamp":1767258000000,"close_timestamp":1767265200000,"orders":[{"amount":2728.0,"safe_price":0.12039,"ft_order_side":"buy","order_filled_timestamp":1767258000000,"ft_is_entry":true,"ft_order_tag":"","cost":328.75234392},{"amount":2728.0,"safe_price":0.120631021021021,"ft_order_side":"sell","order_filled_timestamp":1767265200000,"ft_is_entry":false,"ft_order_tag":"roi","cost":329.4105067706906}],"funding_fees":0.0,"weekday":3},{"pair":"DOGE/USDT","stake_amount":328.35946,"max_stake_amount":328.35946,"amount":2146.0,"open_date":"2026-01-05 18:00:00+00:00","close_date":"2026-01-05 20:00:00+00:00","open_rate":0.15301,"close_rate":0.1533163263263263,"fee_open":0.001,"fee_close":0.001,"trade_duration":120,"profit_ratio":0.0,"profit_abs":0.0,"exit_reason":"roi","initial_stop_loss_abs":0.14536,"initial_stop_loss_ratio":-0.05,"stop_loss_abs":0.14536,"stop_loss_ratio":-0.05,"min_rate":0.15085,"max_rate":0.1545,"is_open":false,"enter_tag":"","leverage":1.0,"is_short":false,"open_timestamp":1767636000000,"close_timestamp":1767643200000,"orders":[{"amount":2146.0,"safe_price":0.15301,"ft_order_side":"buy","order_filled_timestamp":1767636000000,"ft_is_entry":true,"ft_order_tag":"","cost":328.68781945999996},{"amount":2146.0,"safe_price":0.1533163263263263,"ft_order_side":"sell","order_filled_timestamp":1767643200000,"ft_is_entry":false,"ft_order_tag":"roi","cost":329.3458531325925}],"funding_fees":0.0,"weekday":0}],"locks":[],"best_pair":{"key":"DOGE/USDT","trades":24,"profit_mean":-0.0005000400991908991,"profit_mean_pct":-0.05,"profit_total_abs":-4.633569390000002,"profit_total":-0.004633569390000002,"profit_total_pct":-0.46,"duration_avg":"3:35:00","wins":10,"draws":11,"losses":3,"winrate":0.4166666666666667,"cagr":-0.01732429428682003,"expectancy":-0.19306539124999977,"expectancy_ratio":-0.46956520564941395,"sortino":-7.19970617817524,"sharpe":-0.12261661131957893,"calmar":-2.9411341927080277,"sqn":-0.1244,"profit_factor":0.9101450214713551,"max_drawdown_account":0.031029553688761955,"max_drawdown_abs":31.24091316},"worst_pair":{"key":"DOGE/USDT","trades":24,"profit_mean":-0.0005000400991908991,"profit_mean_pct":-0.05,"profit_total_abs":-4.633569390000002,"profit_total":-0.004633569390000002,"profit_total_pct":-0.46,"duration_avg":"3:35:00","wins":10,"draws":11,"losses":3,"winrate":0.4166666666666667,"cagr":-0.01732429428682003,"expectancy":-0.19306539124999977,"expectancy_ratio":-0.46956520564941395,"sortino":-7.19970617817524,"sharpe":-0.12261661131957893,"calmar":-2.9411341927080277,"sqn":-0.1244,"profit_factor":0.9101450214713551,"max_drawdown_account":0.031029553688761955,"max_drawdown_abs":31.24091316},"results_per_pair":[{"key":"DOGE/USDT","trades":24,"profit_mean":-0.0005000400991908991,"profit_mean_pct":-0.05,"profit_total_abs":-4.633569390000002,"profit_total":-0.004633569390000002,"profit_total_pct":-0.46,"duration_avg":"3:35:00","wins":10,"draws":11,"losses":3,"winrate":0.4166666666666667,"cagr":-0.01732429428682003,"expectancy":-0.19306539124999977,"expectancy_ratio":-0.46956520564941395,"sortino":-7.19970617817524,"sharpe":-0.12261661131957893,"calmar":-2.9411341927080277,"sqn":-0.1244,"profit_factor":0.9101450214713551,"max_drawdown_account":0.031029553688761955,"max_drawdown_abs":31.24091316},{"key":"TOTAL","trades":24,"profit_mean":-0.0005000400991908991,"profit_mean_pct":-0.05,"profit_total_abs":-4.633569390000002,"profit_total":-0.004633569390000002,"profit_total_pct":-0.46,"duration_avg":"3:35:00","wins":10,"draws":11,"losses":3,"winrate":0.4166666666666667,"cagr":-0.01732429428682003,"expectancy":-0.19306539124999977,"expectancy_ratio":-0.46956520564941395,"sortino":-7.19970617817524,"sharpe":-0.12261661131957893,"calmar":-2.9411341927080277,"sqn":-0.1244,"profit_factor":0.9101450214713551,"max_drawdown_account":0.031029553688761955,"max_drawdown_abs":31.24091316}],"results_per_enter_tag":[{"key":"","trades":24,"profit_mean":-0.0005000400991908991,"profit_mean_pct":-0.05,"profit_total_abs":-4.633569390000002,"profit_total":-0.004633569390000002,"profit_total_pct":-0.46,"duration_avg":"3:35:00","wins":10,"draws":11,"losses":3,"winrate":0.4166666666666667,"cagr":-0.01732429428682003,"expectancy":-0.19306539124999977,"expectancy_ratio":-0.46956520564941395,"sortino":-7.19970617817524,"sharpe":-0.12261661131957893,"calmar":-2.9411341927080277,"sqn":-0.1244,"profit_factor":0.9101450214713551,"max_drawdown_account":0.031029553688761955,"max_drawdown_abs":31.24091316},{"key":"TOTAL","trades":24,"profit_mean":-0.0005000400991908991,"profit_mean_pct":-0.05,"profit_total_abs":-4.633569390000002,"profit_total":-0.004633569390000002,"profit_total_pct":-0.46,"duration_avg":"3:35:00","wins":10,"draws":11,"losses":3,"winrate":0.4166666666666667,"cagr":-0.01732429428682003,"expectancy":-0.19306539124999977,"expectancy_ratio":-0.46956520564941395,"sortino":-7.19970617817524,"sharpe":-0.12261661131957893,"calmar":-2.9411341927080277,"sqn":-0.1244,"profit_factor":0.9101450214713551,"max_drawdown_account":0.031029553688761955,"max_drawdown_abs":31.24091316}],"exit_reason_summary":[{"key":"roi","trades":21,"profit_mean":0.006840288980376104,"profit_mean_pct":0.68,"profit_total_abs":46.93362773,"profit_total":0.04693362773,"profit_total_pct":4.69,"duration_avg":"2:43:00","wins":10,"draws":11,"losses":0,"winrate":0.47619047619047616,"cagr":0.18837498461591817,"expectancy":2.2349346538095234,"expectancy_ratio":100.0,"sortino":-100,"sharpe":2.3004871266733153,"calmar":-100,"sqn":2.4874,"profit_factor":0.0,"max_drawdown_account":0.0,"max_drawdown_abs":0.0},{"key":"stop_loss","trades":3,"profit_mean":-0.05188234365615992,"profit_mean_pct":-5.19,"profit_total_abs":-51.567197119999996,"profit_total":-0.05156719712,"profit_total_pct":-5.16,"duration_avg":"9:40:00","wins":0,"draws":0,"losses":3,"winrate":0.0,"cagr":-0.18063328763977826,"expectancy":-17.189065706666664,"expectancy_ratio":-1.0,"sortino":-80.12584606962032,"sharpe":-80.12584606962032,"calmar":-19.695848633549296,"sqn":-191.7749,"profit_factor":0.0,"max_drawdown_account":0.05156719711999995,"max_drawdown_abs":51.567197119999996},{"key":"TOTAL","trades":24,"profit_mean":-0.0005000400991908991,"profit_mean_pct":-0.05,"profit_total_abs":-4.633569390000002,"profit_total":-0.004633569390000002,"profit_total_pct":-0.46,"duration_avg":"3:35:00","wins":10,"draws":11,"losses":3,"winrate":0.4166666666666667,"cagr":-0.01732429428682003,"expectancy":-0.19306539124999977,"expectancy_ratio":-0.46956520564941395,"sortino":-7.19970617817524,"sharpe":-0.12261661131957893,"calmar":-2.9411341927080277,"sqn":-0.1244,"profit_factor":0.9101450214713551,"max_drawdown_account":0.031029553688761955,"max_drawdown_abs":31.24091316}],"mix_tag_stats":[{"key":["","roi"],"trades":21,"profit_mean":0.006840288980376104,"profit_mean_pct":0.68,"profit_total_abs":46.93362773,"profit_total":0.04693362773,"profit_total_pct":4.69,"duration_avg":"2:43:00","wins":10,"draws":11,"losses":0,"winrate":0.47619047619047616,"cagr":0.18837498461591817,"expectancy":2.2349346538095234,"expectancy_ratio":100.0,"sortino":-100,"sharpe":2.3004871266733153,"calmar":-100,"sqn":2.4874,"profit_factor":0.0,"max_drawdown_account":0.0,"max_drawdown_abs":0.0},{"key":["","stop_loss"],"trades":3,"profit_mean":-0.05188234365615992,"profit_mean_pct":-5.19,"profit_total_abs":-51.567197119999996,"profit_total":-0.05156719712,"profit_total_pct":-5.16,"duration_avg":"9:40:00","wins":0,"draws":0,"losses":3,"winrate":0.0,"cagr":-0.18063328763977826,"expectancy":-17.189065706666664,"expectancy_ratio":-1.0,"sortino":-80.12584606962032,"sharpe":-80.12584606962032,"calmar":-19.695848633549296,"sqn":-191.7749,"profit_factor":0.0,"max_drawdown_account":0.05156719711999995,"max_drawdown_abs":51.567197119999996},{"key":"TOTAL","trades":24,"profit_mean":-0.0005000400991908991,"profit_mean_pct":-0.05,"profit_total_abs":-4.633569390000002,"profit_total":-0.004633569390000002,"profit_total_pct":-0.46,"duration_avg":"3:35:00","wins":10,"draws":11,"losses":3,"winrate":0.4166666666666667,"cagr":-0.01732429428682003,"expectancy":-0.19306539124999977,"expectancy_ratio":-0.46956520564941395,"sortino":-7.19970617817524,"sharpe":-0.12261661131957893,"calmar":-2.9411341927080277,"sqn":-0.1244,"profit_factor":0.9101450214713551,"max_drawdown_account":0.031029553688761955,"max_drawdown_abs":31.24091316}],"left_open_trades":[{"key":"TOTAL","trades":0,"profit_mean":0.0,"profit_mean_pct":0.0,"profit_total_abs":0.0,"profit_total":0.0,"profit_total_pct":0.0,"duration_avg":"0:00","wins":0,"draws":0,"losses":0,"winrate":0.0,"cagr":0.0,"expectancy":0.0,"expectancy_ratio":100.0,"sortino":0,"sharpe":0,"calmar":0,"sqn":0.0,"profit_factor":0.0,"max_drawdown_account":0.0,"max_drawdown_abs":0.0}],"total_trades":24,"trade_count_long":24,"trade_count_short":0,"total_volume":15794.934100501108,"avg_stake_amount":328.500195,"profit_mean":-0.0005000400991908991,"profit_median":0.0,"profit_total":-0.004633569390000002,"profit_total_long":-0.004633569390000002,"profit_total_short":0.0,"profit_total_abs":-4.633569390000002,"profit_total_long_abs":-4.633569390000002,"profit_total_short_abs":0.0,"cagr":-0.01732429428682003,"expectancy":-0.19306539124999977,"expectancy_ratio":-0.46956520564941395,"sortino":-7.19970617817524,"sharpe":-0.12261661131957893,"calmar":-2.9411341927080277,"sqn":-0.1244,"profit_factor":0.9101450214713551,"backtest_start":"2025-10-01 00:00:00","backtest_start_ts":1759276800000,"backtest_end":"2026-01-06 20:00:00","backtest_end_ts":1767729600000,"backtest_days":97,"backtest_run_start_ts":1767746437,"backtest_run_end_ts":1767746438,"trades_per_day":0.25,"market_change":-0.36632086436227446,"pairlist":["DOGE/USDT"],"stake_amount":"unlimited","stake_currency":"USDT","stake_currency_decimals":3,"starting_balance":1000,"dry_run_wallet":1000,"final_balance":995.36643061,"rejected_signals":0,"timedout_entry_orders":0,"timedout_exit_orders":0,"canceled_trade_entries":0,"canceled_entry_orders":0,"replaced_entry_orders":0,"max_open_trades":1,"max_open_trades_setting":3,"timeframe":"1h","timeframe_detail":"","timerange":"20251001-","enable_protections":false,"strategy_name":"ACO_83_8","freqaimodel":null,"freqai_identifier":null,"stoploss":-0.05,"trailing_stop":false,"trailing_stop_positive":null,"trailing_stop_positive_offset":0.0,"trailing_only_offset_is_reached":false,"use_custom_stoploss":false,"minimal_roi":{"0":0.1,"60":0.05,"120":0.0},"use_exit_signal":true,"exit_profit_only":false,"exit_profit_offset":0.0,"ignore_roi_if_entry_signal":false,"trading_mode":"spot","margin_mode":"","periodic_breakdown":{"day":[{"date":"03/10/2025","date_ts":1759449600000,"profit_abs":0.0,"wins":0,"draws":1,"losses":0,"trades":1,"profit_factor":0.0},{"date":"04/10/2025","date_ts":1759536000000,"profit_abs":0.0,"wins":0,"draws":0,"losses":0,"trades":0,"profit_factor":0.0},{"date":"05/10/2025","date_ts":1759622400000,"profit_abs":6.8115537,"wins":1,"draws":0,"losses":0,"trades":1,"profit_factor":0.0},{"date":"06/10/2025","date_ts":1759708800000,"profit_abs":0.0,"wins":0,"draws":0,"losses":0,"trades":0,"profit_factor":0.0},{"date":"07/10/2025","date_ts":1759795200000,"profit_abs":0.0,"wins":0,"draws":0,"losses":0,"trades":0,"profit_factor":0.0},{"date":"08/10/2025","date_ts":1759881600000,"profit_abs":0.0,"wins":0,"draws":0,"losses":0,"trades":0,"profit_factor":0.0},{"date":"09/10/2025","date_ts":1759968000000,"profit_abs":0.0,"wins":0,"draws":0,"losses":0,"trades":0,"profit_factor":0.0},{"date":"10/10/2025","date_ts":1760054400000,"profit_abs":0.0,"wins":0,"draws":0,"losses":0,"trades":0,"profit_factor":0.0},{"date":"11/10/2025","date_ts":1760140800000,"profit_abs":0.0,"wins":0,"draws":0,"losses":0,"trades":0,"profit_factor":0.0},{"date":"12/10/2025","date_ts":1760227200000,"profit_abs":0.0,"wins":0,"draws":0,"losses":0,"trades":0,"profit_factor":0.0},{"date":"13/10/2025","date_ts":1760313600000,"profit_abs":0.0,"wins":0,"draws":0,"losses":0,"trades":0,"profit_factor":0.0},{"date":"14/10/2025","date_ts":1760400000000,"profit_abs":0.0,"wins":0,"draws":0,"losses":0,"trades":0,"profit_factor":0.0},{"date":"15/10/2025","date_ts":1760486400000,"profit_abs":0.0,"wins":0,"draws":0,"losses":0,"trades":0,"profit_factor":0.0},{"date":"16/10/2025","date_ts":1760572800000,"profit_abs":0.0,"wins":0,"draws":0,"losses":0,"trades":0,"profit_factor":0.0},{"date":"17/10/2025","date_ts":1760659200000,"profit_abs":0.0,"wins":0,"draws":0,"losses":0,"trades":0,"profit_factor":0.0},{"date":"18/10/2025","date_ts":1760745600000,"profit_abs":0.0,"wins":0,"draws":0,"losses":0,"trades":0,"profit_factor":0.0},{"date":"19/10/2025","date_ts":1760832000000,"profit_abs":0.0,"wins":0,"draws":0,"losses":0,"trades":0,"profit_factor":0.0},{"date":"20/10/2025","date_ts":1760918400000,"profit_abs":0.0,"wins":0,"draws":0,"losses":0,"trades":0,"profit_factor":0.0},{"date":"21/10/2025","date_ts":1761004800000,"profit_abs":0.0,"wins":0,"draws":0,"losses":0,"trades":0,"profit_factor":0.0},{"date":"22/10/2025","date_ts":1761091200000,"profit_abs":-17.2531742,"wins":0,"draws":0,"losses":1,"trades":1,"profit_factor":0.0},{"date":"23/10/2025","date_ts":1761177600000,"profit_abs":0.0,"wins":0,"draws":1,"losses":0,"trades":1,"profit_factor":0.0},{"date":"24/10/2025","date_ts":1761264000000,"profit_abs":0.0,"wins":0,"draws":0,"losses":0,"trades":0,"profit_factor":0.0},{"date":"25/10/2025","date_ts":1761350400000,"profit_abs":0.0,"wins":0,"draws":0,"losses":0,"trades":0,"profit_factor":0.0},{"date":"26/10/2025","date_ts":1761436800000,"profit_abs":3.02429324,"wins":1,"draws":0,"losses":0,"trades":1,"profit_factor":0.0},{"date":"27/10/2025","date_ts":1761523200000,"profit_abs":0.0,"wins":0,"draws":0,"losses":0,"trades":0,"profit_factor":0.0},{"date":"28/10/2025","date_ts":1761609600000,"profit_abs":0.0,"wins":0,"draws":1,"losses":0,"trades":1,"profit_factor":0.0},{"date":"29/10/2025","date_ts":1761696000000,"profit_abs":0.0,"wins":0,"draws":0,"losses":0,"trades":0,"profit_factor":0.0},{"date":"30/10/2025","date_ts":1761782400000,"profit_abs":0.0,"wins":0,"draws":0,"losses":0,"trades":0,"profit_factor":0.0},{"date":"31/10/2025","date_ts":1761868800000,"profit_abs":0.0,"wins":0,"draws":0,"losses":0,"trades":0,"profit_factor":0.0},{"date":"01/11/2025","date_ts":1761955200000,"profit_abs":0.0,"wins":0,"draws":0,"losses":0,"trades":0,"profit_factor":0.0},{"date":"02/11/2025","date_ts":1762041600000,"profit_abs":0.0,"wins":0,"draws":0,"losses":0,"trades":0,"profit_factor":0.0},{"date":"03/11/2025","date_ts":1762128000000,"profit_abs":-17.0120322,"wins":0,"draws":0,"losses":1,"trades":1,"profit_factor":0.0},{"date":"04/11/2025","date_ts":1762214400000,"profit_abs":0.0,"wins":0,"draws":0,"losses":0,"trades":0,"profit_factor":0.0},{"date":"05/11/2025","date_ts":1762300800000,"profit_abs":0.0,"wins":0,"draws":0,"losses":0,"trades":0,"profit_factor":0.0},{"date":"06/11/2025","date_ts":1762387200000,"profit_abs":0.0,"wins":0,"draws":0,"losses":0,"trades":0,"profit_factor":0.0},{"date":"07/11/2025","date_ts":1762473600000,"profit_abs":16.090704,"wins":1,"draws":0,"losses":0,"trades":1,"profit_factor":0.0},{"date":"08/11/2025","date_ts":1762560000000,"profit_abs":0.0,"wins":0,"draws":0,"losses":0,"trades":0,"profit_factor":0.0},{"date":"09/11/2025","date_ts":1762646400000,"profit_abs":3.00221214,"wins":1,"draws":0,"losses":0,"trades":1,"profit_factor":0.0},{"date":"10/11/2025","date_ts":1762732800000,"profit_abs":0.0,"wins":0,"draws":0,"losses":0,"trades":0,"profit_factor":0.0},{"date":"11/11/2025","date_ts":1762819200000,"profit_abs":0.0,"wins":0,"draws":0,"losses":0,"trades":0,"profit_factor":0.0},{"date":"12/11/2025","date_ts":1762905600000,"profit_abs":0.0,"wins":0,"draws":0,"losses":0,"trades":0,"profit_factor":0.0},{"date":"13/11/2025","date_ts":1762992000000,"profit_abs":0.0,"wins":0,"draws":0,"losses":0,"trades":0,"profit_factor":0.0},{"date":"14/11/2025","date_ts":1763078400000,"profit_abs":0.0,"wins":0,"draws":0,"losses":0,"trades":0,"profit_factor":0.0},{"date":"15/11/2025","date_ts":1763164800000,"profit_abs":0.0,"wins":0,"draws":0,"losses":0,"trades":0,"profit_factor":0.0},{"date":"16/11/2025","date_ts":1763251200000,"profit_abs":0.0,"wins":0,"draws":0,"losses":0,"trades":0,"profit_factor":0.0},{"date":"17/11/2025","date_ts":1763337600000,"profit_abs":0.46294899,"wins":1,"draws":0,"losses":0,"trades":1,"profit_factor":0.0},{"date":"18/11/2025","date_ts":1763424000000,"profit_abs":0.0,"wins":0,"draws":1,"losses":0,"trades":1,"profit_factor":0.0},{"date":"19/11/2025","date_ts":1763510400000,"profit_abs":0.0,"wins":0,"draws":0,"losses":0,"trades":0,"profit_factor":0.0},{"date":"20/11/2025","date_ts":1763596800000,"profit_abs":0.0,"wins":0,"draws":0,"losses":0,"trades":0,"profit_factor":0.0},{"date":"21/11/2025","date_ts":1763683200000,"profit_abs":0.0,"wins":0,"draws":0,"losses":0,"trades":0,"profit_factor":0.0},{"date":"22/11/2025","date_ts":1763769600000,"profit_abs":0.0,"wins":0,"draws":0,"losses":0,"trades":0,"profit_factor":0.0},{"date":"23/11/2025","date_ts":1763856000000,"profit_abs":0.0,"wins":0,"draws":0,"losses":0,"trades":0,"profit_factor":0.0},{"date":"24/11/2025","date_ts":1763942400000,"profit_abs":0.1627132,"wins":1,"draws":0,"losses":0,"trades":1,"profit_factor":0.0},{"date":"25/11/2025","date_ts":1764028800000,"profit_abs":0.0,"wins":0,"draws":0,"losses":0,"trades":0,"profit_factor":0.0},{"date":"26/11/2025","date_ts":1764115200000,"profit_abs":0.0,"wins":0,"draws":1,"losses":0,"trades":1,"profit_factor":0.0},{"date":"27/11/2025","date_ts":1764201600000,"profit_abs":0.0,"wins":0,"draws":0,"losses":0,"trades":0,"profit_factor":0.0},{"date":"28/11/2025","date_ts":1764288000000,"profit_abs":0.0,"wins":0,"draws":0,"losses":0,"trades":0,"profit_factor":0.0},{"date":"29/11/2025","date_ts":1764374400000,"profit_abs":0.0,"wins":0,"draws":0,"losses":0,"trades":0,"profit_factor":0.0},{"date":"30/11/2025","date_ts":1764460800000,"profit_abs":0.0,"wins":0,"draws":0,"losses":0,"trades":0,"profit_factor":0.0},{"date":"01/12/2025","date_ts":1764547200000,"profit_abs":0.0,"wins":0,"draws":0,"losses":0,"trades":0,"profit_factor":0.0},{"date":"02/12/2025","date_ts":1764633600000,"profit_abs":0.0,"wins":0,"draws":0,"losses":0,"trades":0,"profit_factor":0.0},{"date":"03/12/2025","date_ts":1764720000000,"profit_abs":0.0,"wins":0,"draws":0,"losses":0,"trades":0,"profit_factor":0.0},{"date":"04/12/2025","date_ts":1764806400000,"profit_abs":0.0,"wins":0,"draws":0,"losses":0,"trades":0,"profit_factor":0.0},{"date":"05/12/2025","date_ts":1764892800000,"profit_abs":0.0,"wins":0,"draws":0,"losses":0,"trades":0,"profit_factor":0.0},{"date":"06/12/2025","date_ts":1764979200000,"profit_abs":0.0,"wins":0,"draws":0,"losses":0,"trades":0,"profit_factor":0.0},{"date":"07/12/2025","date_ts":1765065600000,"profit_abs":0.85053045,"wins":1,"draws":0,"losses":0,"trades":1,"profit_factor":0.0},{"date":"08/12/2025","date_ts":1765152000000,"profit_abs":0.0,"wins":0,"draws":0,"losses":0,"trades":0,"profit_factor":0.0},{"date":"09/12/2025","date_ts":1765238400000,"profit_abs":9.7762765,"wins":1,"draws":0,"losses":0,"trades":1,"profit_factor":0.0},{"date":"10/12/2025","date_ts":1765324800000,"profit_abs":0.0,"wins":0,"draws":0,"losses":0,"trades":0,"profit_factor":0.0},{"date":"11/12/2025","date_ts":1765411200000,"profit_abs":4.13939952,"wins":1,"draws":0,"losses":0,"trades":1,"profit_factor":0.0},{"date":"12/12/2025","date_ts":1765497600000,"profit_abs":0.0,"wins":0,"draws":0,"losses":0,"trades":0,"profit_factor":0.0},{"date":"13/12/2025","date_ts":1765584000000,"profit_abs":0.0,"wins":0,"draws":0,"losses":0,"trades":0,"profit_factor":0.0},{"date":"14/12/2025","date_ts":1765670400000,"profit_abs":0.0,"wins":0,"draws":0,"losses":0,"trades":0,"profit_factor":0.0},{"date":"15/12/2025","date_ts":1765756800000,"profit_abs":0.0,"wins":0,"draws":1,"losses":0,"trades":1,"profit_factor":0.0},{"date":"16/12/2025","date_ts":1765843200000,"profit_abs":0.0,"wins":0,"draws":0,"losses":0,"trades":0,"profit_factor":0.0},{"date":"17/12/2025","date_ts":1765929600000,"profit_abs":-17.30199072,"wins":0,"draws":0,"losses":1,"trades":1,"profit_factor":0.0},{"date":"18/12/2025","date_ts":1766016000000,"profit_abs":0.0,"wins":0,"draws":0,"losses":0,"trades":0,"profit_factor":0.0},{"date":"19/12/2025","date_ts":1766102400000,"profit_abs":0.0,"wins":0,"draws":1,"losses":0,"trades":1,"profit_factor":0.0},{"date":"20/12/2025","date_ts":1766188800000,"profit_abs":0.0,"wins":0,"draws":0,"losses":0,"trades":0,"profit_factor":0.0},{"date":"21/12/2025","date_ts":1766275200000,"profit_abs":0.0,"wins":0,"draws":0,"losses":0,"trades":0,"profit_factor":0.0},{"date":"22/12/2025","date_ts":1766361600000,"profit_abs":0.0,"wins":0,"draws":2,"losses":0,"trades":2,"profit_factor":0.0},{"date":"23/12/2025","date_ts":1766448000000,"profit_abs":0.0,"wins":0,"draws":0,"losses":0,"trades":0,"profit_factor":0.0},{"date":"24/12/2025","date_ts":1766534400000,"profit_abs":0.0,"wins":0,"draws":0,"losses":0,"trades":0,"profit_factor":0.0},{"date":"25/12/2025","date_ts":1766620800000,"profit_abs":0.0,"wins":0,"draws":0,"losses":0,"trades":0,"profit_factor":0.0},{"date":"26/12/2025","date_ts":1766707200000,"profit_abs":0.0,"wins":0,"draws":0,"losses":0,"trades":0,"profit_factor":0.0},{"date":"27/12/2025","date_ts":1766793600000,"profit_abs":0.0,"wins":0,"draws":0,"losses":0,"trades":0,"profit_factor":0.0},{"date":"28/12/2025","date_ts":1766880000000,"profit_abs":0.0,"wins":0,"draws":0,"losses":0,"trades":0,"profit_factor":0.0},{"date":"29/12/2025","date_ts":1766966400000,"profit_abs":2.61299599,"wins":1,"draws":0,"losses":0,"trades":1,"profit_factor":0.0},{"date":"30/12/2025","date_ts":1767052800000,"profit_abs":0.0,"wins":0,"draws":0,"losses":0,"trades":0,"profit_factor":0.0},{"date":"31/12/2025","date_ts":1767139200000,"profit_abs":0.0,"wins":0,"draws":0,"losses":0,"trades":0,"profit_factor":0.0},{"date":"01/01/2026","date_ts":1767225600000,"profit_abs":0.0,"wins":0,"draws":1,"losses":0,"trades":1,"profit_factor":0.0},{"date":"02/01/2026","date_ts":1767312000000,"profit_abs":0.0,"wins":0,"draws":0,"losses":0,"trades":0,"profit_factor":0.0},{"date":"03/01/2026","date_ts":1767398400000,"profit_abs":0.0,"wins":0,"draws":0,"losses":0,"trades":0,"profit_factor":0.0},{"date":"04/01/2026","date_ts":1767484800000,"profit_abs":0.0,"wins":0,"draws":0,"losses":0,"trades":0,"profit_factor":0.0},{"date":"05/01/2026","date_ts":1767571200000,"profit_abs":0.0,"wins":0,"draws":1,"losses":0,"trades":1,"profit_factor":0.0}],"week":[{"date":"06/10/2025","date_ts":1759708800000,"profit_abs":6.8115537,"wins":1,"draws":1,"losses":0,"trades":2,"profit_factor":0.0},{"date":"13/10/2025","date_ts":1760313600000,"profit_abs":0.0,"wins":0,"draws":0,"losses":0,"trades":0,"profit_factor":0.0},{"date":"20/10/2025","date_ts":1760918400000,"profit_abs":0.0,"wins":0,"draws":0,"losses":0,"trades":0,"profit_factor":0.0},{"date":"27/10/2025","date_ts":1761523200000,"profit_abs":-14.22888096,"wins":1,"draws":1,"losses":1,"trades":3,"profit_factor":0.17528909},{"date":"03/11/2025","date_ts":1762128000000,"profit_abs":-17.0120322,"wins":0,"draws":1,"losses":1,"trades":2,"profit_factor":0.0},{"date":"10/11/2025","date_ts":1762732800000,"profit_abs":19.09291614,"wins":2,"draws":0,"losses":0,"trades":2,"profit_factor":0.0},{"date":"17/11/2025","date_ts":1763337600000,"profit_abs":0.46294899,"wins":1,"draws":0,"losses":0,"trades":1,"profit_factor":0.0},{"date":"24/11/2025","date_ts":1763942400000,"profit_abs":0.1627132,"wins":1,"draws":1,"losses":0,"trades":2,"profit_factor":0.0},{"date":"01/12/2025","date_ts":1764547200000,"profit_abs":0.0,"wins":0,"draws":1,"losses":0,"trades":1,"profit_factor":0.0},{"date":"08/12/2025","date_ts":1765152000000,"profit_abs":0.85053045,"wins":1,"draws":0,"losses":0,"trades":1,"profit_factor":0.0},{"date":"15/12/2025","date_ts":1765756800000,"profit_abs":13.91567602,"wins":2,"draws":1,"losses":0,"trades":3,"profit_factor":0.0},{"date":"22/12/2025","date_ts":1766361600000,"profit_abs":-17.30199072,"wins":0,"draws":3,"losses":1,"trades":4,"profit_factor":0.0},{"date":"29/12/2025","date_ts":1766966400000,"profit_abs":2.61299599,"wins":1,"draws":0,"losses":0,"trades":1,"profit_factor":0.0},{"date":"05/01/2026","date_ts":1767571200000,"profit_abs":0.0,"wins":0,"draws":2,"losses":0,"trades":2,"profit_factor":0.0}],"month":[{"date":"31/10/2025","date_ts":1761868800000,"profit_abs":-7.41732726,"wins":2,"draws":3,"losses":1,"trades":6,"profit_factor":0.57008912},{"date":"30/11/2025","date_ts":1764460800000,"profit_abs":2.70654613,"wins":4,"draws":2,"losses":1,"trades":7,"profit_factor":1.15909599},{"date":"31/12/2025","date_ts":1767139200000,"profit_abs":0.07721174,"wins":4,"draws":4,"losses":1,"trades":9,"profit_factor":1.00446259},{"date":"31/01/2026","date_ts":1769817600000,"profit_abs":0.0,"wins":0,"draws":2,"losses":0,"trades":2,"profit_factor":0.0}],"year":[{"date":"31/12/2025","date_ts":1767139200000,"profit_abs":-4.63356939,"wins":10,"draws":9,"losses":3,"trades":22,"profit_factor":0.91014502},{"date":"31/12/2026","date_ts":1798675200000,"profit_abs":0.0,"wins":0,"draws":2,"losses":0,"trades":2,"profit_factor":0.0}],"weekday":[{"date":"Monday","date_ts":0,"profit_abs":-13.77337402,"wins":3,"draws":4,"losses":1,"trades":8,"profit_factor":0.19037456},{"date":"Tuesday","date_ts":1,"profit_abs":9.7762765,"wins":1,"draws":2,"losses":0,"trades":3,"profit_factor":0.0},{"date":"Wednesday","date_ts":2,"profit_abs":-34.55516492,"wins":0,"draws":1,"losses":2,"trades":3,"profit_factor":0.0},{"date":"Thursday","date_ts":3,"profit_abs":4.13939952,"wins":1,"draws":2,"losses":0,"trades":3,"profit_factor":0.0},{"date":"Friday","date_ts":4,"profit_abs":16.090704,"wins":1,"draws":2,"losses":0,"trades":3,"profit_factor":0.0},{"date":"Sunday","date_ts":6,"profit_abs":13.68858953,"wins":4,"draws":0,"losses":0,"trades":4,"profit_factor":0.0}]},"backtest_best_day":0.049950049950049945,"backtest_worst_day":-0.0518927995816743,"backtest_best_day_abs":16.090704,"backtest_worst_day_abs":-17.30199072,"winning_days":10,"draw_days":82,"losing_days":3,"daily_profit":[["2025-10-03",0.0],["2025-10-04",0.0],["2025-10-05",6.8115537],["2025-10-06",0.0],["2025-10-07",0.0],["2025-10-08",0.0],["2025-10-09",0.0],["2025-10-10",0.0],["2025-10-11",0.0],["2025-10-12",0.0],["2025-10-13",0.0],["2025-10-14",0.0],["2025-10-15",0.0],["2025-10-16",0.0],["2025-10-17",0.0],["2025-10-18",0.0],["2025-10-19",0.0],["2025-10-20",0.0],["2025-10-21",0.0],["2025-10-22",-17.2531742],["2025-10-23",0.0],["2025-10-24",0.0],["2025-10-25",0.0],["2025-10-26",3.02429324],["2025-10-27",0.0],["2025-10-28",0.0],["2025-10-29",0.0],["2025-10-30",0.0],["2025-10-31",0.0],["2025-11-01",0.0],["2025-11-02",0.0],["2025-11-03",-17.0120322],["2025-11-04",0.0],["2025-11-05",0.0],["2025-11-06",0.0],["2025-11-07",16.090704],["2025-11-08",0.0],["2025-11-09",3.00221214],["2025-11-10",0.0],["2025-11-11",0.0],["2025-11-12",0.0],["2025-11-13",0.0],["2025-11-14",0.0],["2025-11-15",0.0],["2025-11-16",0.0],["2025-11-17",0.46294899],["2025-11-18",0.0],["2025-11-19",0.0],["2025-11-20",0.0],["2025-11-21",0.0],["2025-11-22",0.0],["2025-11-23",0.0],["2025-11-24",0.1627132],["2025-11-25",0.0],["2025-11-26",0.0],["2025-11-27",0.0],["2025-11-28",0.0],["2025-11-29",0.0],["2025-11-30",0.0],["2025-12-01",0.0],["2025-12-02",0.0],["2025-12-03",0.0],["2025-12-04",0.0],["2025-12-05",0.0],["2025-12-06",0.0],["2025-12-07",0.85053045],["2025-12-08",0.0],["2025-12-09",9.7762765],["2025-12-10",0.0],["2025-12-11",4.13939952],["2025-12-12",0.0],["2025-12-13",0.0],["2025-12-14",0.0],["2025-12-15",0.0],["2025-12-16",0.0],["2025-12-17",-17.30199072],["2025-12-18",0.0],["2025-12-19",0.0],["2025-12-20",0.0],["2025-12-21",0.0],["2025-12-22",0.0],["2025-12-23",0.0],["2025-12-24",0.0],["2025-12-25",0.0],["2025-12-26",0.0],["2025-12-27",0.0],["2025-12-28",0.0],["2025-12-29",2.61299599],["2025-12-30",0.0],["2025-12-31",0.0],["2026-01-01",0.0],["2026-01-02",0.0],["2026-01-03",0.0],["2026-01-04",0.0],["2026-01-05",0.0]],"wins":10,"losses":3,"draws":11,"winrate":0.4166666666666667,"holding_avg":"3:35:00","holding_avg_s":12900.0,"winner_holding_min":"0d 01:00","winner_holding_min_s":3600.0,"winner_holding_max":"0d 02:00","winner_holding_max_s":7200.0,"winner_holding_avg":"0d 01:54","winner_holding_avg_s":6840.0,"loser_holding_min":"0d 01:00","loser_holding_min_s":3600.0,"loser_holding_max":"0d 19:00","loser_holding_max_s":68400.0,"loser_holding_avg":"0d 09:40","loser_holding_avg_s":34800.0,"max_consecutive_wins":3,"max_consecutive_losses":5,"max_drawdown_account":0.031029553688761955,"max_relative_drawdown":0.031029553688761955,"max_drawdown_abs":31.24091316,"drawdown_start":"2025-10-05 05:00:00","drawdown_start_ts":1759640400000.0,"drawdown_end":"2025-11-03 03:00:00","drawdown_end_ts":1762138800000.0,"drawdown_duration":"28 days 22:00:00","drawdown_duration_s":2498400.0,"max_drawdown_low":-24.42935946,"max_drawdown_high":6.8115537,"csum_min":975.57064054,"csum_max":1010.05542534}},"strategy_comparison":[{"key":"ACO_83_8","trades":24,"profit_mean":-0.0005000400991908991,"profit_mean_pct":-0.05,"profit_total_abs":-4.633569390000002,"profit_total":-0.004633569390000002,"profit_total_pct":-0.46,"duration_avg":"3:35:00","wins":10,"draws":11,"losses":3,"winrate":0.4166666666666667,"cagr":-0.01732429428682003,"expectancy":-0.19306539124999977,"expectancy_ratio":-0.46956520564941395,"sortino":-7.19970617817524,"sharpe":-0.12261661131957893,"calmar":-2.9411341927080277,"sqn":-0.1244,"profit_factor":0.9101450214713551,"max_drawdown_account":0.031029553688761955,"max_drawdown_abs":"31.241"}]}