{"strategy":{"ACO_23_3":{"trades":[{"pair":"DOGE/USDT","stake_amount":329.9829,"max_stake_amount":329.9829,"amount":1266.0,"open_date":"2025-10-03 16:00:00+00:00","close_date":"2025-10-03 19:00:00+00:00","open_rate":0.26065,"close_rate":0.2611718218218218,"fee_open":0.001,"fee_close":0.001,"trade_duration":180,"profit_ratio":0.0,"profit_abs":0.0,"exit_reason":"roi","initial_stop_loss_abs":0.24762,"initial_stop_loss_ratio":-0.05,"stop_loss_abs":0.24762,"stop_loss_ratio":-0.05,"min_rate":0.25505,"max_rate":0.26534,"is_open":false,"enter_tag":"","leverage":1.0,"is_short":false,"open_timestamp":1759507200000,"close_timestamp":1759518000000,"orders":[{"amount":1266.0,"safe_price":0.26065,"ft_order_side":"buy","order_filled_timestamp":1759507200000,"ft_is_entry":true,"ft_order_tag":"","cost":330.3128828999999},{"amount":1266.0,"safe_price":0.2611718218218218,"ft_order_side":"sell","order_filled_timestamp":1759518000000,"ft_is_entry":false,"ft_order_tag":"roi","cost":330.9741699528528}],"funding_fees":0.0,"weekday":4},{"pair":"DOGE/USDT","stake_amount":329.95688,"max_stake_amount":329.95688,"amount":1562.0,"open_date":"2025-10-13 14:00:00+00:00","close_date":"2025-10-13 16:00:00+00:00","open_rate":0.21124,"close_rate":0.21166290290290288,"fee_open":0.001,"fee_close":0.001,"trade_duration":120,"profit_ratio":0.0,"profit_abs":0.0,"exit_reason":"roi","initial_stop_loss_abs":0.20068,"initial_stop_loss_ratio":-0.05,"stop_loss_abs":0.20068,"stop_loss_ratio":-0.05,"min_rate":0.20517,"max_rate":0.21192,"is_open":false,"enter_tag":"","leverage":1.0,"is_short":false,"open_timestamp":1760364000000,"close_timestamp":1760371200000,"orders":[{"amount":1562.0,"safe_price":0.21124,"ft_order_side":"buy","order_filled_timestamp":1760364000000,"ft_is_entry":true,"ft_order_tag":"","cost":330.28683687999995},{"amount":1562.0,"safe_price":0.21166290290290288,"ft_order_side":"sell","order_filled_timestamp":1760371200000,"ft_is_entry":false,"ft_order_tag":"roi","cost":330.9480717886686}],"funding_fees":0.0,"weekday":0},{"pair":"DOGE/USDT","stake_amount":329.84,"max_stake_amount":329.84,"amount":1736.0,"open_date":"2025-10-18 18:00:00+00:00","close_date":"2025-10-19 03:00:00+00:00","open_rate":0.19,"close_rate":0.19038038038038035,"fee_open":0.001,"fee_close":0.001,"trade_duration":540,"profit_ratio":0.0,"profit_abs":0.0,"exit_reason":"roi","initial_stop_loss_abs":0.1805,"initial_stop_loss_ratio":-0.05,"stop_loss_abs":0.1805,"stop_loss_ratio":-0.05,"min_rate":0.18777,"max_rate":0.19078,"is_open":false,"enter_tag":"","leverage":1.0,"is_short":false,"open_timestamp":1760810400000,"close_timestamp":1760842800000,"orders":[{"amount":1736.0,"safe_price":0.19,"ft_order_side":"buy","order_filled_timestamp":1760810400000,"ft_is_entry":true,"ft_order_tag":"","cost":330.16984},{"amount":1736.0,"safe_price":0.19038038038038035,"ft_order_side":"sell","order_filled_timestamp":1760842800000,"ft_is_entry":false,"ft_order_tag":"roi","cost":330.8308406806806}],"funding_fees":0.0,"weekday":6},{"pair":"DOGE/USDT","stake_amount":329.8752,"max_stake_amount":329.8752,"amount":1656.0,"open_date":"2025-10-20 04:00:00+00:00","close_date":"2025-10-20 06:00:00+00:00","open_rate":0.1992,"close_rate":0.20135,"fee_open":0.001,"fee_close":0.001,"trade_duration":120,"profit_ratio":0.008773605912160129,"profit_abs":2.8970892,"exit_reason":"roi","initial_stop_loss_abs":0.18924,"initial_stop_loss_ratio":-0.05,"stop_loss_abs":0.18924,"stop_loss_ratio":-0.05,"min_rate":0.1992,"max_rate":0.20249,"is_open":false,"enter_tag":"","leverage":1.0,"is_short":false,"open_timestamp":1760932800000,"close_timestamp":1760940000000,"orders":[{"amount":1656.0,"safe_price":0.1992,"ft_order_side":"buy","order_filled_timestamp":1760932800000,"ft_is_entry":true,"ft_order_tag":"","cost":330.20507519999995},{"amount":1656.0,"safe_price":0.20135,"ft_order_side":"sell","order_filled_timestamp":1760940000000,"ft_is_entry":false,"ft_order_tag":"roi","cost":333.7690356}],"funding_fees":0.0,"weekday":0},{"pair":"DOGE/USDT","stake_amount":330.9229,"max_stake_amount":330.9229,"amount":1694.0,"open_date":"2025-10-24 01:00:00+00:00","close_date":"2025-10-24 04:00:00+00:00","open_rate":0.19535,"close_rate":0.19574109109109106,"fee_open":0.001,"fee_close":0.001,"trade_duration":180,"profit_ratio":0.0,"profit_abs":0.0,"exit_reason":"roi","initial_stop_loss_abs":0.18559,"initial_stop_loss_ratio":-0.05,"stop_loss_abs":0.18559,"stop_loss_ratio":-0.05,"min_rate":0.19451,"max_rate":0.19824,"is_open":false,"enter_tag":"","leverage":1.0,"is_short":false,"open_timestamp":1761267600000,"close_timestamp":1761278400000,"orders":[{"amount":1694.0,"safe_price":0.19535,"ft_order_side":"buy","order_filled_timestamp":1761267600000,"ft_is_entry":true,"ft_order_tag":"","cost":331.25382289999993},{"amount":1694.0,"safe_price":0.19574109109109106,"ft_order_side":"sell","order_filled_timestamp":1761278400000,"ft_is_entry":false,"ft_order_tag":"roi","cost":331.91699371661656}],"funding_fees":0.0,"weekday":4},{"pair":"DOGE/USDT","stake_amount":330.8604,"max_stake_amount":330.8604,"amount":1670.0,"open_date":"2025-10-24 13:00:00+00:00","close_date":"2025-10-25 00:00:00+00:00","open_rate":0.19812,"close_rate":0.1985166366366366,"fee_open":0.001,"fee_close":0.001,"trade_duration":660,"profit_ratio":0.0,"profit_abs":0.0,"exit_reason":"roi","initial_stop_loss_abs":0.18822,"initial_stop_loss_ratio":-0.05,"stop_loss_abs":0.18822,"stop_loss_ratio":-0.05,"min_rate":0.19391,"max_rate":0.19884,"is_open":false,"enter_tag":"","leverage":1.0,"is_short":false,"open_timestamp":1761310800000,"close_timestamp":1761350400000,"orders":[{"amount":1670.0,"safe_price":0.19812,"ft_order_side":"buy","order_filled_timestamp":1761310800000,"ft_is_entry":true,"ft_order_tag":"","cost":331.1912603999999},{"amount":1670.0,"safe_price":0.1985166366366366,"ft_order_side":"sell","order_filled_timestamp":1761350400000,"ft_is_entry":false,"ft_order_tag":"roi","cost":331.8543059663663}],"funding_fees":0.0,"weekday":5},{"pair":"DOGE/USDT","stake_amount":330.95568,"max_stake_amount":330.95568,"amount":1672.0,"open_date":"2025-10-25 19:00:00+00:00","close_date":"2025-10-26 09:00:00+00:00","open_rate":0.19794,"close_rate":0.19833627627627626,"fee_open":0.001,"fee_close":0.001,"trade_duration":840,"profit_ratio":0.0,"profit_abs":0.0,"exit_reason":"roi","initial_stop_loss_abs":0.18805,"initial_stop_loss_ratio":-0.05,"stop_loss_abs":0.18805,"stop_loss_ratio":-0.05,"min_rate":0.19465,"max_rate":0.20094,"is_open":false,"enter_tag":"","leverage":1.0,"is_short":false,"open_timestamp":1761418800000,"close_timestamp":1761469200000,"orders":[{"amount":1672.0,"safe_price":0.19794,"ft_order_side":"buy","order_filled_timestamp":1761418800000,"ft_is_entry":true,"ft_order_tag":"","cost":331.28663568},{"amount":1672.0,"safe_price":0.19833627627627626,"ft_order_side":"sell","order_filled_timestamp":1761469200000,"ft_is_entry":false,"ft_order_tag":"roi","cost":331.9498721878678}],"funding_fees":0.0,"weekday":6},{"pair":"DOGE/USDT","stake_amount":330.7893,"max_stake_amount":330.7893,"amount":1614.0,"open_date":"2025-10-27 17:00:00+00:00","close_date":"2025-10-28 20:00:00+00:00","open_rate":0.20495,"close_rate":0.19471,"fee_open":0.001,"fee_close":0.001,"trade_duration":1620,"profit_ratio":-0.05186158072227845,"profit_abs":-17.17241124,"exit_reason":"stop_loss","initial_stop_loss_abs":0.19471,"initial_stop_loss_ratio":-0.05,"stop_loss_abs":0.19471,"stop_loss_ratio":-0.05,"min_rate":0.19189,"max_rate":0.20569,"is_open":false,"enter_tag":"","leverage":1.0,"is_short":false,"open_timestamp":1761584400000,"close_timestamp":1761681600000,"orders":[{"amount":1614.0,"safe_price":0.20495,"ft_order_side":"buy","order_filled_timestamp":1761584400000,"ft_is_entry":true,"ft_order_tag":"","cost":331.1200892999999},{"amount":1614.0,"safe_price":0.19471,"ft_order_side":"sell","order_filled_timestamp":1761681600000,"ft_is_entry":false,"ft_order_tag":"stop_loss","cost":314.5762019399999}],"funding_fees":0.0,"weekday":1},{"pair":"DOGE/USDT","stake_amount":325.16242,"max_stake_amount":325.16242,"amount":1738.0,"open_date":"2025-11-01 08:00:00+00:00","close_date":"2025-11-01 10:00:00+00:00","open_rate":0.18709,"close_rate":0.18746455455455455,"fee_open":0.001,"fee_close":0.001,"trade_duration":120,"profit_ratio":0.0,"profit_abs":0.0,"exit_reason":"roi","initial_stop_loss_abs":0.17774,"initial_stop_loss_ratio":-0.05,"stop_loss_abs":0.17774,"stop_loss_ratio":-0.05,"min_rate":0.1867,"max_rate":0.188,"is_open":false,"enter_tag":"","leverage":1.0,"is_short":false,"open_timestamp":1761984000000,"close_timestamp":1761991200000,"orders":[{"amount":1738.0,"safe_price":0.18709,"ft_order_side":"buy","order_filled_timestamp":1761984000000,"ft_is_entry":true,"ft_order_tag":"","cost":325.48758241999997},{"amount":1738.0,"safe_price":0.18746455455455455,"ft_order_side":"sell","order_filled_timestamp":1761991200000,"ft_is_entry":false,"ft_order_tag":"roi","cost":326.13920921163157}],"funding_fees":0.0,"weekday":5},{"pair":"DOGE/USDT","stake_amount":325.22224,"max_stake_amount":325.22224,"amount":1736.0,"open_date":"2025-11-01 16:00:00+00:00","close_date":"2025-11-01 20:00:00+00:00","open_rate":0.18734,"close_rate":0.18771505505505504,"fee_open":0.001,"fee_close":0.001,"trade_duration":240,"profit_ratio":0.0,"profit_abs":0.0,"exit_reason":"roi","initial_stop_loss_abs":0.17798,"initial_stop_loss_ratio":-0.05,"stop_loss_abs":0.17798,"stop_loss_ratio":-0.05,"min_rate":0.18662,"max_rate":0.18837,"is_open":false,"enter_tag":"","leverage":1.0,"is_short":false,"open_timestamp":1762012800000,"close_timestamp":1762027200000,"orders":[{"amount":1736.0,"safe_price":0.18734,"ft_order_side":"buy","order_filled_timestamp":1762012800000,"ft_is_entry":true,"ft_order_tag":"","cost":325.54746223999996},{"amount":1736.0,"safe_price":0.18771505505505504,"ft_order_side":"sell","order_filled_timestamp":1762027200000,"ft_is_entry":false,"ft_order_tag":"roi","cost":326.19920891115106}],"funding_fees":0.0,"weekday":5},{"pair":"DOGE/USDT","stake_amount":325.2746,"max_stake_amount":325.2746,"amount":1730.0,"open_date":"2025-11-02 05:00:00+00:00","close_date":"2025-11-02 07:00:00+00:00","open_rate":0.18802,"close_rate":0.18839641641641638,"fee_open":0.001,"fee_close":0.001,"trade_duration":120,"profit_ratio":0.0,"profit_abs":0.0,"exit_reason":"roi","initial_stop_loss_abs":0.17862,"initial_stop_loss_ratio":-0.05,"stop_loss_abs":0.17862,"stop_loss_ratio":-0.05,"min_rate":0.18701,"max_rate":0.18884,"is_open":false,"enter_tag":"","leverage":1.0,"is_short":false,"open_timestamp":1762059600000,"close_timestamp":1762066800000,"orders":[{"amount":1730.0,"safe_price":0.18802,"ft_order_side":"buy","order_filled_timestamp":1762059600000,"ft_is_entry":true,"ft_order_tag":"","cost":325.5998745999999},{"amount":1730.0,"safe_price":0.18839641641641638,"ft_order_side":"sell","order_filled_timestamp":1762066800000,"ft_is_entry":false,"ft_order_tag":"roi","cost":326.2517262008007}],"funding_fees":0.0,"weekday":6},{"pair":"DOGE/USDT","stake_amount":325.2747,"max_stake_amount":325.2747,"amount":1966.0,"open_date":"2025-11-07 15:00:00+00:00","close_date":"2025-11-07 16:00:00+00:00","open_rate":0.16545,"close_rate":0.174062012012012,"fee_open":0.001,"fee_close":0.001,"trade_duration":60,"profit_ratio":0.04995004995004995,"profit_abs":16.263735,"exit_reason":"roi","initial_stop_loss_abs":0.15718,"initial_stop_loss_ratio":-0.05,"stop_loss_abs":0.15718,"stop_loss_ratio":-0.05,"min_rate":0.16408,"max_rate":0.17555,"is_open":false,"enter_tag":"","leverage":1.0,"is_short":false,"open_timestamp":1762527600000,"close_timestamp":1762531200000,"orders":[{"amount":1966.0,"safe_price":0.16545,"ft_order_side":"buy","order_filled_timestamp":1762527600000,"ft_is_entry":true,"ft_order_tag":"","cost":325.5999747},{"amount":1966.0,"safe_price":0.174062012012012,"ft_order_side":"sell","order_filled_timestamp":1762531200000,"ft_is_entry":false,"ft_order_tag":"roi","cost":342.5481215312312}],"funding_fees":0.0,"weekday":4},{"pair":"DOGE/USDT","stake_amount":330.52596,"max_stake_amount":330.52596,"amount":1803.0,"open_date":"2025-11-10 23:00:00+00:00","close_date":"2025-11-11 01:00:00+00:00","open_rate":0.18332,"close_rate":0.183687007007007,"fee_open":0.001,"fee_close":0.001,"trade_duration":120,"profit_ratio":0.0,"profit_abs":0.0,"exit_reason":"roi","initial_stop_loss_abs":0.17416,"initial_stop_loss_ratio":-0.05,"stop_loss_abs":0.17416,"stop_loss_ratio":-0.05,"min_rate":0.17933,"max_rate":0.1864,"is_open":false,"enter_tag":"","leverage":1.0,"is_short":false,"open_timestamp":1762815600000,"close_timestamp":1762822800000,"orders":[{"amount":1803.0,"safe_price":0.18332,"ft_order_side":"buy","order_filled_timestamp":1762815600000,"ft_is_entry":true,"ft_order_tag":"","cost":330.85648596},{"amount":1803.0,"safe_price":0.183687007007007,"ft_order_side":"sell","order_filled_timestamp":1762822800000,"ft_is_entry":false,"ft_order_tag":"roi","cost":331.51886130726723}],"funding_fees":0.0,"weekday":1},{"pair":"DOGE/USDT","stake_amount":330.5133,"max_stake_amount":330.5133,"amount":2173.0,"open_date":"2025-11-26 17:00:00+00:00","close_date":"2025-11-26 19:00:00+00:00","open_rate":0.1521,"close_rate":0.15666,"fee_open":0.001,"fee_close":0.001,"trade_duration":120,"profit_ratio":0.027922373484503656,"profit_abs":9.23794452,"exit_reason":"roi","initial_stop_loss_abs":0.1445,"initial_stop_loss_ratio":-0.05,"stop_loss_abs":0.1445,"stop_loss_ratio":-0.05,"min_rate":0.152,"max_rate":0.15681,"is_open":false,"enter_tag":"","leverage":1.0,"is_short":false,"open_timestamp":1764176400000,"close_timestamp":1764183600000,"orders":[{"amount":2173.0,"safe_price":0.1521,"ft_order_side":"buy","order_filled_timestamp":1764176400000,"ft_is_entry":true,"ft_order_tag":"","cost":330.84381329999997},{"amount":2173.0,"safe_price":0.15666,"ft_order_side":"sell","order_filled_timestamp":1764183600000,"ft_is_entry":false,"ft_order_tag":"roi","cost":340.76260217999993}],"funding_fees":0.0,"weekday":2},{"pair":"DOGE/USDT","stake_amount":333.6698,"max_stake_amount":333.6698,"amount":2165.0,"open_date":"2025-11-27 19:00:00+00:00","close_date":"2025-11-27 21:00:00+00:00","open_rate":0.15412,"close_rate":0.15442854854854854,"fee_open":0.001,"fee_close":0.001,"trade_duration":120,"profit_ratio":0.0,"profit_abs":0.0,"exit_reason":"roi","initial_stop_loss_abs":0.14642,"initial_stop_loss_ratio":-0.05,"stop_loss_abs":0.14642,"stop_loss_ratio":-0.05,"min_rate":0.1537,"max_rate":0.1548,"is_open":false,"enter_tag":"","leverage":1.0,"is_short":false,"open_timestamp":1764270000000,"close_timestamp":1764277200000,"orders":[{"amount":2165.0,"safe_price":0.15412,"ft_order_side":"buy","order_filled_timestamp":1764270000000,"ft_is_entry":true,"ft_order_tag":"","cost":334.00346979999995},{"amount":2165.0,"safe_price":0.15442854854854854,"ft_order_side":"sell","order_filled_timestamp":1764277200000,"ft_is_entry":false,"ft_order_tag":"roi","cost":334.6721454152152}],"funding_fees":0.0,"weekday":3},{"pair":"DOGE/USDT","stake_amount":333.64782,"max_stake_amount":333.64782,"amount":2178.0,"open_date":"2025-11-28 09:00:00+00:00","close_date":"2025-11-28 14:00:00+00:00","open_rate":0.15319,"close_rate":0.15349668668668665,"fee_open":0.001,"fee_close":0.001,"trade_duration":300,"profit_ratio":0.0,"profit_abs":0.0,"exit_reason":"roi","initial_stop_loss_abs":0.14554,"initial_stop_loss_ratio":-0.05,"stop_loss_abs":0.14554,"stop_loss_ratio":-0.05,"min_rate":0.14975,"max_rate":0.15395,"is_open":false,"enter_tag":"","leverage":1.0,"is_short":false,"open_timestamp":1764320400000,"close_timestamp":1764338400000,"orders":[{"amount":2178.0,"safe_price":0.15319,"ft_order_side":"buy","order_filled_timestamp":1764320400000,"ft_is_entry":true,"ft_order_tag":"","cost":333.9814678199999},{"amount":2178.0,"safe_price":0.15349668668668665,"ft_order_side":"sell","order_filled_timestamp":1764338400000,"ft_is_entry":false,"ft_order_tag":"roi","cost":334.6500993872071}],"funding_fees":0.0,"weekday":4},{"pair":"DOGE/USDT","stake_amount":333.62374,"max_stake_amount":333.62374,"amount":2231.0,"open_date":"2025-11-30 13:00:00+00:00","close_date":"2025-11-30 16:00:00+00:00","open_rate":0.14954,"close_rate":0.14983937937937936,"fee_open":0.001,"fee_close":0.001,"trade_duration":180,"profit_ratio":0.0,"profit_abs":0.0,"exit_reason":"roi","initial_stop_loss_abs":0.14207,"initial_stop_loss_ratio":-0.05,"stop_loss_abs":0.14207,"stop_loss_ratio":-0.05,"min_rate":0.14894,"max_rate":0.15059,"is_open":false,"enter_tag":"","leverage":1.0,"is_short":false,"open_timestamp":1764507600000,"close_timestamp":1764518400000,"orders":[{"amount":2231.0,"safe_price":0.14954,"ft_order_side":"buy","order_filled_timestamp":1764507600000,"ft_is_entry":true,"ft_order_tag":"","cost":333.95736373999995},{"amount":2231.0,"safe_price":0.14983937937937936,"ft_order_side":"sell","order_filled_timestamp":1764518400000,"ft_is_entry":false,"ft_order_tag":"roi","cost":334.6259470507907}],"funding_fees":0.0,"weekday":6},{"pair":"DOGE/USDT","stake_amount":333.63862,"max_stake_amount":333.63862,"amount":2221.0,"open_date":"2025-12-04 16:00:00+00:00","close_date":"2025-12-05 14:00:00+00:00","open_rate":0.15022,"close_rate":0.14271,"fee_open":0.001,"fee_close":0.001,"trade_duration":1320,"profit_ratio":-0.05189145829539918,"profit_abs":-17.33030753,"exit_reason":"stop_loss","initial_stop_loss_abs":0.14271,"initial_stop_loss_ratio":-0.05,"stop_loss_abs":0.14271,"stop_loss_ratio":-0.05,"min_rate":0.14182,"max_rate":0.15043,"is_open":false,"enter_tag":"","leverage":1.0,"is_short":false,"open_timestamp":1764864000000,"close_timestamp":1764943200000,"orders":[{"amount":2221.0,"safe_price":0.15022,"ft_order_side":"buy","order_filled_timestamp":1764864000000,"ft_is_entry":true,"ft_order_tag":"","cost":333.97225862},{"amount":2221.0,"safe_price":0.14271,"ft_order_side":"sell","order_filled_timestamp":1764943200000,"ft_is_entry":false,"ft_order_tag":"stop_loss","cost":317.27586891}],"funding_fees":0.0,"weekday":4},{"pair":"DOGE/USDT","stake_amount":327.85632,"max_stake_amount":327.85632,"amount":2358.0,"open_date":"2025-12-14 03:00:00+00:00","close_date":"2025-12-15 15:00:00+00:00","open_rate":0.13904,"close_rate":0.13209,"fee_open":0.001,"fee_close":0.001,"trade_duration":2160,"profit_ratio":-0.0518837462882342,"profit_abs":-17.02742454,"exit_reason":"stop_loss","initial_stop_loss_abs":0.13209,"initial_stop_loss_ratio":-0.05,"stop_loss_abs":0.13209,"stop_loss_ratio":-0.05,"min_rate":0.12977,"max_rate":0.13925,"is_open":false,"enter_tag":"","leverage":1.0,"is_short":false,"open_timestamp":1765681200000,"close_timestamp":1765810800000,"orders":[{"amount":2358.0,"safe_price":0.13904,"ft_order_side":"buy","order_filled_timestamp":1765681200000,"ft_is_entry":true,"ft_order_tag":"","cost":328.18417631999995},{"amount":2358.0,"safe_price":0.13209,"ft_order_side":"sell","order_filled_timestamp":1765810800000,"ft_is_entry":false,"ft_order_tag":"stop_loss","cost":311.77968821999997}],"funding_fees":0.0,"weekday":0},{"pair":"DOGE/USDT","stake_amount":322.30968,"max_stake_amount":322.30968,"amount":2568.0,"open_date":"2025-12-19 04:00:00+00:00","close_date":"2025-12-19 06:00:00+00:00","open_rate":0.12551,"close_rate":0.1257612712712713,"fee_open":0.001,"fee_close":0.001,"trade_duration":120,"profit_ratio":0.0,"profit_abs":0.0,"exit_reason":"roi","initial_stop_loss_abs":0.11924,"initial_stop_loss_ratio":-0.05,"stop_loss_abs":0.11924,"stop_loss_ratio":-0.05,"min_rate":0.12539,"max_rate":0.12673,"is_open":false,"enter_tag":"","leverage":1.0,"is_short":false,"open_timestamp":1766116800000,"close_timestamp":1766124000000,"orders":[{"amount":2568.0,"safe_price":0.12551,"ft_order_side":"buy","order_filled_timestamp":1766116800000,"ft_is_entry":true,"ft_order_tag":"","cost":322.63198968},{"amount":2568.0,"safe_price":0.1257612712712713,"ft_order_side":"sell","order_filled_timestamp":1766124000000,"ft_is_entry":false,"ft_order_tag":"roi","cost":323.27789956924926}],"funding_fees":0.0,"weekday":4},{"pair":"DOGE/USDT","stake_amount":322.32987,"max_stake_amount":322.32987,"amount":2427.0,"open_date":"2025-12-21 09:00:00+00:00","close_date":"2025-12-22 00:00:00+00:00","open_rate":0.13281,"close_rate":0.13307588588588587,"fee_open":0.001,"fee_close":0.001,"trade_duration":900,"profit_ratio":0.0,"profit_abs":0.0,"exit_reason":"roi","initial_stop_loss_abs":0.12617,"initial_stop_loss_ratio":-0.05,"stop_loss_abs":0.12617,"stop_loss_ratio":-0.05,"min_rate":0.12871,"max_rate":0.13424,"is_open":false,"enter_tag":"","leverage":1.0,"is_short":false,"open_timestamp":1766307600000,"close_timestamp":1766361600000,"orders":[{"amount":2427.0,"safe_price":0.13281,"ft_order_side":"buy","order_filled_timestamp":1766307600000,"ft_is_entry":true,"ft_order_tag":"","cost":322.65219987},{"amount":2427.0,"safe_price":0.13307588588588587,"ft_order_side":"sell","order_filled_timestamp":1766361600000,"ft_is_entry":false,"ft_order_tag":"roi","cost":323.29815022009}],"funding_fees":0.0,"weekday":0},{"pair":"DOGE/USDT","stake_amount":322.26838,"max_stake_amount":322.26838,"amount":2458.0,"open_date":"2025-12-23 12:00:00+00:00","close_date":"2025-12-25 22:00:00+00:00","open_rate":0.13111,"close_rate":0.12456,"fee_open":0.001,"fee_close":0.001,"trade_duration":3480,"profit_ratio":-0.05185623620525611,"profit_abs":-16.72833686,"exit_reason":"stop_loss","initial_stop_loss_abs":0.12456,"initial_stop_loss_ratio":-0.05,"stop_loss_abs":0.12456,"stop_loss_ratio":-0.05,"min_rate":0.12319,"max_rate":0.13112,"is_open":false,"enter_tag":"","leverage":1.0,"is_short":false,"open_timestamp":1766491200000,"close_timestamp":1766700000000,"orders":[{"amount":2458.0,"safe_price":0.13111,"ft_order_side":"buy","order_filled_timestamp":1766491200000,"ft_is_entry":true,"ft_order_tag":"","cost":322.59064838},{"amount":2458.0,"safe_price":0.12456,"ft_order_side":"sell","order_filled_timestamp":1766700000000,"ft_is_entry":false,"ft_order_tag":"stop_loss","cost":306.4746484799999}],"funding_fees":0.0,"weekday":3},{"pair":"DOGE/USDT","stake_amount":316.73532,"max_stake_amount":316.73532,"amount":2508.0,"open_date":"2025-12-26 03:00:00+00:00","close_date":"2025-12-26 07:00:00+00:00","open_rate":0.12629,"close_rate":0.12654283283283282,"fee_open":0.001,"fee_close":0.001,"trade_duration":240,"profit_ratio":0.0,"profit_abs":0.0,"exit_reason":"roi","initial_stop_loss_abs":0.11998,"initial_stop_loss_ratio":-0.05,"stop_loss_abs":0.11998,"stop_loss_ratio":-0.05,"min_rate":0.12522,"max_rate":0.12669,"is_open":false,"enter_tag":"","leverage":1.0,"is_short":false,"open_timestamp":1766718000000,"close_timestamp":1766732400000,"orders":[{"amount":2508.0,"safe_price":0.12629,"ft_order_side":"buy","order_filled_timestamp":1766718000000,"ft_is_entry":true,"ft_order_tag":"","cost":317.05205532},{"amount":2508.0,"safe_price":0.12654283283283282,"ft_order_side":"sell","order_filled_timestamp":1766732400000,"ft_is_entry":false,"ft_order_tag":"roi","cost":317.6867941694894}],"funding_fees":0.0,"weekday":4},{"pair":"DOGE/USDT","stake_amount":316.78339,"max_stake_amount":316.78339,"amount":2569.0,"open_date":"2025-12-31 02:00:00+00:00","close_date":"2025-12-31 08:00:00+00:00","open_rate":0.12331,"close_rate":0.12355686686686686,"fee_open":0.001,"fee_close":0.001,"trade_duration":360,"profit_ratio":0.0,"profit_abs":0.0,"exit_reason":"roi","initial_stop_loss_abs":0.11715,"initial_stop_loss_ratio":-0.05,"stop_loss_abs":0.11715,"stop_loss_ratio":-0.05,"min_rate":0.12289,"max_rate":0.1237,"is_open":false,"enter_tag":"","leverage":1.0,"is_short":false,"open_timestamp":1767146400000,"close_timestamp":1767168000000,"orders":[{"amount":2569.0,"safe_price":0.12331,"ft_order_side":"buy","order_filled_timestamp":1767146400000,"ft_is_entry":true,"ft_order_tag":"","cost":317.10017338999995},{"amount":2569.0,"safe_price":0.12355686686686686,"ft_order_side":"sell","order_filled_timestamp":1767168000000,"ft_is_entry":false,"ft_order_tag":"roi","cost":317.7350085719619}],"funding_fees":0.0,"weekday":2},{"pair":"DOGE/USDT","stake_amount":316.71738,"max_stake_amount":316.71738,"amount":2086.0,"open_date":"2026-01-06 13:00:00+00:00","close_date":"2026-01-06 15:00:00+00:00","open_rate":0.15183,"close_rate":0.15263,"fee_open":0.001,"fee_close":0.001,"trade_duration":120,"profit_ratio":0.003260521339952282,"profit_abs":1.03369644,"exit_reason":"roi","initial_stop_loss_abs":0.14424,"initial_stop_loss_ratio":-0.05,"stop_loss_abs":0.14424,"stop_loss_ratio":-0.05,"min_rate":0.14913,"max_rate":0.15656,"is_open":false,"enter_tag":"","leverage":1.0,"is_short":false,"open_timestamp":1767704400000,"close_timestamp":1767711600000,"orders":[{"amount":2086.0,"safe_price":0.15183,"ft_order_side":"buy","order_filled_timestamp":1767704400000,"ft_is_entry":true,"ft_order_tag":"","cost":317.03409737999993},{"amount":2086.0,"safe_price":0.15263,"ft_order_side":"sell","order_filled_timestamp":1767711600000,"ft_is_entry":false,"ft_order_tag":"roi","cost":318.7045661799999}],"funding_fees":0.0,"weekday":1}],"locks":[],"best_pair":{"key":"DOGE/USDT","trades":25,"profit_mean":-0.004703458832980078,"profit_mean_pct":-0.47,"profit_total_abs":-38.82601500999999,"profit_total":-0.03882601500999999,"profit_total_pct":-3.88,"duration_avg":"9:34:00","wins":4,"draws":17,"losses":4,"winrate":0.16,"cagr":-0.13843925051946893,"expectancy":-1.5530406004000001,"expectancy_ratio":-0.7710093864693208,"sortino":-34.486481147001825,"sharpe":-0.9992978501979686,"calmar":-15.137125511224577,"sqn":-0.9942,"profit_factor":0.431191334566745,"max_drawdown_account":0.050518925413799244,"max_drawdown_abs":51.086068929999996},"worst_pair":{"key":"DOGE/USDT","trades":25,"profit_mean":-0.004703458832980078,"profit_mean_pct":-0.47,"profit_total_abs":-38.82601500999999,"profit_total":-0.03882601500999999,"profit_total_pct":-3.88,"duration_avg":"9:34:00","wins":4,"draws":17,"losses":4,"winrate":0.16,"cagr":-0.13843925051946893,"expectancy":-1.5530406004000001,"expectancy_ratio":-0.7710093864693208,"sortino":-34.486481147001825,"sharpe":-0.9992978501979686,"calmar":-15.137125511224577,"sqn":-0.9942,"profit_factor":0.431191334566745,"max_drawdown_account":0.050518925413799244,"max_drawdown_abs":51.086068929999996},"results_per_pair":[{"key":"DOGE/USDT","trades":25,"profit_mean":-0.004703458832980078,"profit_mean_pct":-0.47,"profit_total_abs":-38.82601500999999,"profit_total":-0.03882601500999999,"profit_total_pct":-3.88,"duration_avg":"9:34:00","wins":4,"draws":17,"losses":4,"winrate":0.16,"cagr":-0.13843925051946893,"expectancy":-1.5530406004000001,"expectancy_ratio":-0.7710093864693208,"sortino":-34.486481147001825,"sharpe":-0.9992978501979686,"calmar":-15.137125511224577,"sqn":-0.9942,"profit_factor":0.431191334566745,"max_drawdown_account":0.050518925413799244,"max_drawdown_abs":51.086068929999996},{"key":"TOTAL","trades":25,"profit_mean":-0.004703458832980078,"profit_mean_pct":-0.47,"profit_total_abs":-38.82601500999999,"profit_total":-0.03882601500999999,"profit_total_pct":-3.88,"duration_avg":"9:34:00","wins":4,"draws":17,"losses":4,"winrate":0.16,"cagr":-0.13843925051946893,"expectancy":-1.5530406004000001,"expectancy_ratio":-0.7710093864693208,"sortino":-34.486481147001825,"sharpe":-0.9992978501979686,"calmar":-15.137125511224577,"sqn":-0.9942,"profit_factor":0.431191334566745,"max_drawdown_account":0.050518925413799244,"max_drawdown_abs":51.086068929999996}],"results_per_enter_tag":[{"key":"","trades":25,"profit_mean":-0.004703458832980078,"profit_mean_pct":-0.47,"profit_total_abs":-38.82601500999999,"profit_total":-0.03882601500999999,"profit_total_pct":-3.88,"duration_avg":"9:34:00","wins":4,"draws":17,"losses":4,"winrate":0.16,"cagr":-0.13843925051946893,"expectancy":-1.5530406004000001,"expectancy_ratio":-0.7710093864693208,"sortino":-34.486481147001825,"sharpe":-0.9992978501979686,"calmar":-15.137125511224577,"sqn":-0.9942,"profit_factor":0.431191334566745,"max_drawdown_account":0.050518925413799244,"max_drawdown_abs":51.086068929999996},{"key":"TOTAL","trades":25,"profit_mean":-0.004703458832980078,"profit_mean_pct":-0.47,"profit_total_abs":-38.82601500999999,"profit_total":-0.03882601500999999,"profit_total_pct":-3.88,"duration_avg":"9:34:00","wins":4,"draws":17,"losses":4,"winrate":0.16,"cagr":-0.13843925051946893,"expectancy":-1.5530406004000001,"expectancy_ratio":-0.7710093864693208,"sortino":-34.486481147001825,"sharpe":-0.9992978501979686,"calmar":-15.137125511224577,"sqn":-0.9942,"profit_factor":0.431191334566745,"max_drawdown_account":0.050518925413799244,"max_drawdown_abs":51.086068929999996}],"exit_reason_summary":[{"key":"roi","trades":21,"profit_mean":0.004281264318412668,"profit_mean_pct":0.43,"profit_total_abs":29.43246516,"profit_total":0.02943246516,"profit_total_pct":2.94,"duration_avg":"4:34:00","wins":4,"draws":17,"losses":0,"winrate":0.19047619047619047,"cagr":0.11533240457801486,"expectancy":1.40154596,"expectancy_ratio":100.0,"sortino":-100,"sharpe":1.4895561144330112,"calmar":-100,"sqn":1.6106,"profit_factor":0.0,"max_drawdown_account":0.0,"max_drawdown_abs":0.0},{"key":"stop_loss","trades":4,"profit_mean":-0.051873255377791985,"profit_mean_pct":-5.19,"profit_total_abs":-68.25848017,"profit_total":-0.06825848017,"profit_total_pct":-6.83,"duration_avg":"1 day, 11:45:00","wins":0,"draws":0,"losses":4,"winrate":0.0,"cagr":-0.23358807136181214,"expectancy":-17.0646200425,"expectancy_ratio":-1.0,"sortino":-60.62931745375905,"sharpe":-60.62931745375905,"calmar":-19.695848633549282,"sqn":-133.2934,"profit_factor":0.0,"max_drawdown_account":0.06825848016999998,"max_drawdown_abs":68.25848017},{"key":"TOTAL","trades":25,"profit_mean":-0.004703458832980078,"profit_mean_pct":-0.47,"profit_total_abs":-38.82601500999999,"profit_total":-0.03882601500999999,"profit_total_pct":-3.88,"duration_avg":"9:34:00","wins":4,"draws":17,"losses":4,"winrate":0.16,"cagr":-0.13843925051946893,"expectancy":-1.5530406004000001,"expectancy_ratio":-0.7710093864693208,"sortino":-34.486481147001825,"sharpe":-0.9992978501979686,"calmar":-15.137125511224577,"sqn":-0.9942,"profit_factor":0.431191334566745,"max_drawdown_account":0.050518925413799244,"max_drawdown_abs":51.086068929999996}],"mix_tag_stats":[{"key":["","roi"],"trades":21,"profit_mean":0.004281264318412668,"profit_mean_pct":0.43,"profit_total_abs":29.43246516,"profit_total":0.02943246516,"profit_total_pct":2.94,"duration_avg":"4:34:00","wins":4,"draws":17,"losses":0,"winrate":0.19047619047619047,"cagr":0.11533240457801486,"expectancy":1.40154596,"expectancy_ratio":100.0,"sortino":-100,"sharpe":1.4895561144330112,"calmar":-100,"sqn":1.6106,"profit_factor":0.0,"max_drawdown_account":0.0,"max_drawdown_abs":0.0},{"key":["","stop_loss"],"trades":4,"profit_mean":-0.051873255377791985,"profit_mean_pct":-5.19,"profit_total_abs":-68.25848017,"profit_total":-0.06825848017,"profit_total_pct":-6.83,"duration_avg":"1 day, 11:45:00","wins":0,"draws":0,"losses":4,"winrate":0.0,"cagr":-0.23358807136181214,"expectancy":-17.0646200425,"expectancy_ratio":-1.0,"sortino":-60.62931745375905,"sharpe":-60.62931745375905,"calmar":-19.695848633549282,"sqn":-133.2934,"profit_factor":0.0,"max_drawdown_account":0.06825848016999998,"max_drawdown_abs":68.25848017},{"key":"TOTAL","trades":25,"profit_mean":-0.004703458832980078,"profit_mean_pct":-0.47,"profit_total_abs":-38.82601500999999,"profit_total":-0.03882601500999999,"profit_total_pct":-3.88,"duration_avg":"9:34:00","wins":4,"draws":17,"losses":4,"winrate":0.16,"cagr":-0.13843925051946893,"expectancy":-1.5530406004000001,"expectancy_ratio":-0.7710093864693208,"sortino":-34.486481147001825,"sharpe":-0.9992978501979686,"calmar":-15.137125511224577,"sqn":-0.9942,"profit_factor":0.431191334566745,"max_drawdown_account":0.050518925413799244,"max_drawdown_abs":51.086068929999996}],"left_open_trades":[{"key":"TOTAL","trades":0,"profit_mean":0.0,"profit_mean_pct":0.0,"profit_total_abs":0.0,"profit_total":0.0,"profit_total_pct":0.0,"duration_avg":"0:00","wins":0,"draws":0,"losses":0,"winrate":0.0,"cagr":0.0,"expectancy":0.0,"expectancy_ratio":100.0,"sortino":0,"sharpe":0,"calmar":0,"sqn":0.0,"profit_factor":0.0,"max_drawdown_account":0.0,"max_drawdown_abs":0.0}],"total_trades":25,"trade_count_long":25,"trade_count_short":0,"total_volume":16363.341574149137,"avg_stake_amount":327.389472,"profit_mean":-0.004703458832980078,"profit_median":0.0,"profit_total":-0.03882601500999999,"profit_total_long":-0.03882601500999999,"profit_total_short":0.0,"profit_total_abs":-38.82601500999999,"profit_total_long_abs":-38.82601500999999,"profit_total_short_abs":0.0,"cagr":-0.13843925051946893,"expectancy":-1.5530406004000001,"expectancy_ratio":-0.7710093864693208,"sortino":-34.486481147001825,"sharpe":-0.9992978501979686,"calmar":-15.137125511224577,"sqn":-0.9942,"profit_factor":0.431191334566745,"backtest_start":"2025-10-01 00:00:00","backtest_start_ts":1759276800000,"backtest_end":"2026-01-06 20:00:00","backtest_end_ts":1767729600000,"backtest_days":97,"backtest_run_start_ts":1767746971,"backtest_run_end_ts":1767746972,"trades_per_day":0.26,"market_change":-0.36632086436227446,"pairlist":["DOGE/USDT"],"stake_amount":"unlimited","stake_currency":"USDT","stake_currency_decimals":3,"starting_balance":1000,"dry_run_wallet":1000,"final_balance":961.17398499,"rejected_signals":0,"timedout_entry_orders":0,"timedout_exit_orders":0,"canceled_trade_entries":0,"canceled_entry_orders":0,"replaced_entry_orders":0,"max_open_trades":1,"max_open_trades_setting":3,"timeframe":"1h","timeframe_detail":"","timerange":"20251001-","enable_protections":false,"strategy_name":"ACO_23_3","freqaimodel":null,"freqai_identifier":null,"stoploss":-0.05,"trailing_stop":false,"trailing_stop_positive":null,"trailing_stop_positive_offset":0.0,"trailing_only_offset_is_reached":false,"use_custom_stoploss":false,"minimal_roi":{"0":0.1,"60":0.05,"120":0.0},"use_exit_signal":true,"exit_profit_only":false,"exit_profit_offset":0.0,"ignore_roi_if_entry_signal":false,"trading_mode":"spot","margin_mode":"","periodic_breakdown":{"day":[{"date":"03/10/2025","date_ts":1759449600000,"profit_abs":0.0,"wins":0,"draws":1,"losses":0,"trades":1,"profit_factor":0.0},{"date":"04/10/2025","date_ts":1759536000000,"profit_abs":0.0,"wins":0,"draws":0,"losses":0,"trades":0,"profit_factor":0.0},{"date":"05/10/2025","date_ts":1759622400000,"profit_abs":0.0,"wins":0,"draws":0,"losses":0,"trades":0,"profit_factor":0.0},{"date":"06/10/2025","date_ts":1759708800000,"profit_abs":0.0,"wins":0,"draws":0,"losses":0,"trades":0,"profit_factor":0.0},{"date":"07/10/2025","date_ts":1759795200000,"profit_abs":0.0,"wins":0,"draws":0,"losses":0,"trades":0,"profit_factor":0.0},{"date":"08/10/2025","date_ts":1759881600000,"profit_abs":0.0,"wins":0,"draws":0,"losses":0,"trades":0,"profit_factor":0.0},{"date":"09/10/2025","date_ts":1759968000000,"profit_abs":0.0,"wins":0,"draws":0,"losses":0,"trades":0,"profit_factor":0.0},{"date":"10/10/2025","date_ts":1760054400000,"profit_abs":0.0,"wins":0,"draws":0,"losses":0,"trades":0,"profit_factor":0.0},{"date":"11/10/2025","date_ts":1760140800000,"profit_abs":0.0,"wins":0,"draws":0,"losses":0,"trades":0,"profit_factor":0.0},{"date":"12/10/2025","date_ts":1760227200000,"profit_abs":0.0,"wins":0,"draws":0,"losses":0,"trades":0,"profit_factor":0.0},{"date":"13/10/2025","date_ts":1760313600000,"profit_abs":0.0,"wins":0,"draws":1,"losses":0,"trades":1,"profit_factor":0.0},{"date":"14/10/2025","date_ts":1760400000000,"profit_abs":0.0,"wins":0,"draws":0,"losses":0,"trades":0,"profit_factor":0.0},{"date":"15/10/2025","date_ts":1760486400000,"profit_abs":0.0,"wins":0,"draws":0,"losses":0,"trades":0,"profit_factor":0.0},{"date":"16/10/2025","date_ts":1760572800000,"profit_abs":0.0,"wins":0,"draws":0,"losses":0,"trades":0,"profit_factor":0.0},{"date":"17/10/2025","date_ts":1760659200000,"profit_abs":0.0,"wins":0,"draws":0,"losses":0,"trades":0,"profit_factor":0.0},{"date":"18/10/2025","date_ts":1760745600000,"profit_abs":0.0,"wins":0,"draws":0,"losses":0,"trades":0,"profit_factor":0.0},{"date":"19/10/2025","date_ts":1760832000000,"profit_abs":0.0,"wins":0,"draws":1,"losses":0,"trades":1,"profit_factor":0.0},{"date":"20/10/2025","date_ts":1760918400000,"profit_abs":2.8970892,"wins":1,"draws":0,"losses":0,"trades":1,"profit_factor":0.0},{"date":"21/10/2025","date_ts":1761004800000,"profit_abs":0.0,"wins":0,"draws":0,"losses":0,"trades":0,"profit_factor":0.0},{"date":"22/10/2025","date_ts":1761091200000,"profit_abs":0.0,"wins":0,"draws":0,"losses":0,"trades":0,"profit_factor":0.0},{"date":"23/10/2025","date_ts":1761177600000,"profit_abs":0.0,"wins":0,"draws":0,"losses":0,"trades":0,"profit_factor":0.0},{"date":"24/10/2025","date_ts":1761264000000,"profit_abs":0.0,"wins":0,"draws":1,"losses":0,"trades":1,"profit_factor":0.0},{"date":"25/10/2025","date_ts":1761350400000,"profit_abs":0.0,"wins":0,"draws":1,"losses":0,"trades":1,"profit_factor":0.0},{"date":"26/10/2025","date_ts":1761436800000,"profit_abs":0.0,"wins":0,"draws":1,"losses":0,"trades":1,"profit_factor":0.0},{"date":"27/10/2025","date_ts":1761523200000,"profit_abs":0.0,"wins":0,"draws":0,"losses":0,"trades":0,"profit_factor":0.0},{"date":"28/10/2025","date_ts":1761609600000,"profit_abs":-17.17241124,"wins":0,"draws":0,"losses":1,"trades":1,"profit_factor":0.0},{"date":"29/10/2025","date_ts":1761696000000,"profit_abs":0.0,"wins":0,"draws":0,"losses":0,"trades":0,"profit_factor":0.0},{"date":"30/10/2025","date_ts":1761782400000,"profit_abs":0.0,"wins":0,"draws":0,"losses":0,"trades":0,"profit_factor":0.0},{"date":"31/10/2025","date_ts":1761868800000,"profit_abs":0.0,"wins":0,"draws":0,"losses":0,"trades":0,"profit_factor":0.0},{"date":"01/11/2025","date_ts":1761955200000,"profit_abs":0.0,"wins":0,"draws":2,"losses":0,"trades":2,"profit_factor":0.0},{"date":"02/11/2025","date_ts":1762041600000,"profit_abs":0.0,"wins":0,"draws":1,"losses":0,"trades":1,"profit_factor":0.0},{"date":"03/11/2025","date_ts":1762128000000,"profit_abs":0.0,"wins":0,"draws":0,"losses":0,"trades":0,"profit_factor":0.0},{"date":"04/11/2025","date_ts":1762214400000,"profit_abs":0.0,"wins":0,"draws":0,"losses":0,"trades":0,"profit_factor":0.0},{"date":"05/11/2025","date_ts":1762300800000,"profit_abs":0.0,"wins":0,"draws":0,"losses":0,"trades":0,"profit_factor":0.0},{"date":"06/11/2025","date_ts":1762387200000,"profit_abs":0.0,"wins":0,"draws":0,"losses":0,"trades":0,"profit_factor":0.0},{"date":"07/11/2025","date_ts":1762473600000,"profit_abs":16.263735,"wins":1,"draws":0,"losses":0,"trades":1,"profit_factor":0.0},{"date":"08/11/2025","date_ts":1762560000000,"profit_abs":0.0,"wins":0,"draws":0,"losses":0,"trades":0,"profit_factor":0.0},{"date":"09/11/2025","date_ts":1762646400000,"profit_abs":0.0,"wins":0,"draws":0,"losses":0,"trades":0,"profit_factor":0.0},{"date":"10/11/2025","date_ts":1762732800000,"profit_abs":0.0,"wins":0,"draws":0,"losses":0,"trades":0,"profit_factor":0.0},{"date":"11/11/2025","date_ts":1762819200000,"profit_abs":0.0,"wins":0,"draws":1,"losses":0,"trades":1,"profit_factor":0.0},{"date":"12/11/2025","date_ts":1762905600000,"profit_abs":0.0,"wins":0,"draws":0,"losses":0,"trades":0,"profit_factor":0.0},{"date":"13/11/2025","date_ts":1762992000000,"profit_abs":0.0,"wins":0,"draws":0,"losses":0,"trades":0,"profit_factor":0.0},{"date":"14/11/2025","date_ts":1763078400000,"profit_abs":0.0,"wins":0,"draws":0,"losses":0,"trades":0,"profit_factor":0.0},{"date":"15/11/2025","date_ts":1763164800000,"profit_abs":0.0,"wins":0,"draws":0,"losses":0,"trades":0,"profit_factor":0.0},{"date":"16/11/2025","date_ts":1763251200000,"profit_abs":0.0,"wins":0,"draws":0,"losses":0,"trades":0,"profit_factor":0.0},{"date":"17/11/2025","date_ts":1763337600000,"profit_abs":0.0,"wins":0,"draws":0,"losses":0,"trades":0,"profit_factor":0.0},{"date":"18/11/2025","date_ts":1763424000000,"profit_abs":0.0,"wins":0,"draws":0,"losses":0,"trades":0,"profit_factor":0.0},{"date":"19/11/2025","date_ts":1763510400000,"profit_abs":0.0,"wins":0,"draws":0,"losses":0,"trades":0,"profit_factor":0.0},{"date":"20/11/2025","date_ts":1763596800000,"profit_abs":0.0,"wins":0,"draws":0,"losses":0,"trades":0,"profit_factor":0.0},{"date":"21/11/2025","date_ts":1763683200000,"profit_abs":0.0,"wins":0,"draws":0,"losses":0,"trades":0,"profit_factor":0.0},{"date":"22/11/2025","date_ts":1763769600000,"profit_abs":0.0,"wins":0,"draws":0,"losses":0,"trades":0,"profit_factor":0.0},{"date":"23/11/2025","date_ts":1763856000000,"profit_abs":0.0,"wins":0,"draws":0,"losses":0,"trades":0,"profit_factor":0.0},{"date":"24/11/2025","date_ts":1763942400000,"profit_abs":0.0,"wins":0,"draws":0,"losses":0,"trades":0,"profit_factor":0.0},{"date":"25/11/2025","date_ts":1764028800000,"profit_abs":0.0,"wins":0,"draws":0,"losses":0,"trades":0,"profit_factor":0.0},{"date":"26/11/2025","date_ts":1764115200000,"profit_abs":9.23794452,"wins":1,"draws":0,"losses":0,"trades":1,"profit_factor":0.0},{"date":"27/11/2025","date_ts":1764201600000,"profit_abs":0.0,"wins":0,"draws":1,"losses":0,"trades":1,"profit_factor":0.0},{"date":"28/11/2025","date_ts":1764288000000,"profit_abs":0.0,"wins":0,"draws":1,"losses":0,"trades":1,"profit_factor":0.0},{"date":"29/11/2025","date_ts":1764374400000,"profit_abs":0.0,"wins":0,"draws":0,"losses":0,"trades":0,"profit_factor":0.0},{"date":"30/11/2025","date_ts":1764460800000,"profit_abs":0.0,"wins":0,"draws":1,"losses":0,"trades":1,"profit_factor":0.0},{"date":"01/12/2025","date_ts":1764547200000,"profit_abs":0.0,"wins":0,"draws":0,"losses":0,"trades":0,"profit_factor":0.0},{"date":"02/12/2025","date_ts":1764633600000,"profit_abs":0.0,"wins":0,"draws":0,"losses":0,"trades":0,"profit_factor":0.0},{"date":"03/12/2025","date_ts":1764720000000,"profit_abs":0.0,"wins":0,"draws":0,"losses":0,"trades":0,"profit_factor":0.0},{"date":"04/12/2025","date_ts":1764806400000,"profit_abs":0.0,"wins":0,"draws":0,"losses":0,"trades":0,"profit_factor":0.0},{"date":"05/12/2025","date_ts":1764892800000,"profit_abs":-17.33030753,"wins":0,"draws":0,"losses":1,"trades":1,"profit_factor":0.0},{"date":"06/12/2025","date_ts":1764979200000,"profit_abs":0.0,"wins":0,"draws":0,"losses":0,"trades":0,"profit_factor":0.0},{"date":"07/12/2025","date_ts":1765065600000,"profit_abs":0.0,"wins":0,"draws":0,"losses":0,"trades":0,"profit_factor":0.0},{"date":"08/12/2025","date_ts":1765152000000,"profit_abs":0.0,"wins":0,"draws":0,"losses":0,"trades":0,"profit_factor":0.0},{"date":"09/12/2025","date_ts":1765238400000,"profit_abs":0.0,"wins":0,"draws":0,"losses":0,"trades":0,"profit_factor":0.0},{"date":"10/12/2025","date_ts":1765324800000,"profit_abs":0.0,"wins":0,"draws":0,"losses":0,"trades":0,"profit_factor":0.0},{"date":"11/12/2025","date_ts":1765411200000,"profit_abs":0.0,"wins":0,"draws":0,"losses":0,"trades":0,"profit_factor":0.0},{"date":"12/12/2025","date_ts":1765497600000,"profit_abs":0.0,"wins":0,"draws":0,"losses":0,"trades":0,"profit_factor":0.0},{"date":"13/12/2025","date_ts":1765584000000,"profit_abs":0.0,"wins":0,"draws":0,"losses":0,"trades":0,"profit_factor":0.0},{"date":"14/12/2025","date_ts":1765670400000,"profit_abs":0.0,"wins":0,"draws":0,"losses":0,"trades":0,"profit_factor":0.0},{"date":"15/12/2025","date_ts":1765756800000,"profit_abs":-17.02742454,"wins":0,"draws":0,"losses":1,"trades":1,"profit_factor":0.0},{"date":"16/12/2025","date_ts":1765843200000,"profit_abs":0.0,"wins":0,"draws":0,"losses":0,"trades":0,"profit_factor":0.0},{"date":"17/12/2025","date_ts":1765929600000,"profit_abs":0.0,"wins":0,"draws":0,"losses":0,"trades":0,"profit_factor":0.0},{"date":"18/12/2025","date_ts":1766016000000,"profit_abs":0.0,"wins":0,"draws":0,"losses":0,"trades":0,"profit_factor":0.0},{"date":"19/12/2025","date_ts":1766102400000,"profit_abs":0.0,"wins":0,"draws":1,"losses":0,"trades":1,"profit_factor":0.0},{"date":"20/12/2025","date_ts":1766188800000,"profit_abs":0.0,"wins":0,"draws":0,"losses":0,"trades":0,"profit_factor":0.0},{"date":"21/12/2025","date_ts":1766275200000,"profit_abs":0.0,"wins":0,"draws":0,"losses":0,"trades":0,"profit_factor":0.0},{"date":"22/12/2025","date_ts":1766361600000,"profit_abs":0.0,"wins":0,"draws":1,"losses":0,"trades":1,"profit_factor":0.0},{"date":"23/12/2025","date_ts":1766448000000,"profit_abs":0.0,"wins":0,"draws":0,"losses":0,"trades":0,"profit_factor":0.0},{"date":"24/12/2025","date_ts":1766534400000,"profit_abs":0.0,"wins":0,"draws":0,"losses":0,"trades":0,"profit_factor":0.0},{"date":"25/12/2025","date_ts":1766620800000,"profit_abs":-16.72833686,"wins":0,"draws":0,"losses":1,"trades":1,"profit_factor":0.0},{"date":"26/12/2025","date_ts":1766707200000,"profit_abs":0.0,"wins":0,"draws":1,"losses":0,"trades":1,"profit_factor":0.0},{"date":"27/12/2025","date_ts":1766793600000,"profit_abs":0.0,"wins":0,"draws":0,"losses":0,"trades":0,"profit_factor":0.0},{"date":"28/12/2025","date_ts":1766880000000,"profit_abs":0.0,"wins":0,"draws":0,"losses":0,"trades":0,"profit_factor":0.0},{"date":"29/12/2025","date_ts":1766966400000,"profit_abs":0.0,"wins":0,"draws":0,"losses":0,"trades":0,"profit_factor":0.0},{"date":"30/12/2025","date_ts":1767052800000,"profit_abs":0.0,"wins":0,"draws":0,"losses":0,"trades":0,"profit_factor":0.0},{"date":"31/12/2025","date_ts":1767139200000,"profit_abs":0.0,"wins":0,"draws":1,"losses":0,"trades":1,"profit_factor":0.0},{"date":"01/01/2026","date_ts":1767225600000,"profit_abs":0.0,"wins":0,"draws":0,"losses":0,"trades":0,"profit_factor":0.0},{"date":"02/01/2026","date_ts":1767312000000,"profit_abs":0.0,"wins":0,"draws":0,"losses":0,"trades":0,"profit_factor":0.0},{"date":"03/01/2026","date_ts":1767398400000,"profit_abs":0.0,"wins":0,"draws":0,"losses":0,"trades":0,"profit_factor":0.0},{"date":"04/01/2026","date_ts":1767484800000,"profit_abs":0.0,"wins":0,"draws":0,"losses":0,"trades":0,"profit_factor":0.0},{"date":"05/01/2026","date_ts":1767571200000,"profit_abs":0.0,"wins":0,"draws":0,"losses":0,"trades":0,"profit_factor":0.0},{"date":"06/01/2026","date_ts":1767657600000,"profit_abs":1.03369644,"wins":1,"draws":0,"losses":0,"trades":1,"profit_factor":0.0}],"week":[{"date":"06/10/2025","date_ts":1759708800000,"profit_abs":0.0,"wins":0,"draws":1,"losses":0,"trades":1,"profit_factor":0.0},{"date":"13/10/2025","date_ts":1760313600000,"profit_abs":0.0,"wins":0,"draws":1,"losses":0,"trades":1,"profit_factor":0.0},{"date":"20/10/2025","date_ts":1760918400000,"profit_abs":2.8970892,"wins":1,"draws":1,"losses":0,"trades":2,"profit_factor":0.0},{"date":"27/10/2025","date_ts":1761523200000,"profit_abs":0.0,"wins":0,"draws":3,"losses":0,"trades":3,"profit_factor":0.0},{"date":"03/11/2025","date_ts":1762128000000,"profit_abs":-17.17241124,"wins":0,"draws":3,"losses":1,"trades":4,"profit_factor":0.0},{"date":"10/11/2025","date_ts":1762732800000,"profit_abs":16.263735,"wins":1,"draws":0,"losses":0,"trades":1,"profit_factor":0.0},{"date":"17/11/2025","date_ts":1763337600000,"profit_abs":0.0,"wins":0,"draws":1,"losses":0,"trades":1,"profit_factor":0.0},{"date":"24/11/2025","date_ts":1763942400000,"profit_abs":0.0,"wins":0,"draws":0,"losses":0,"trades":0,"profit_factor":0.0},{"date":"01/12/2025","date_ts":1764547200000,"profit_abs":9.23794452,"wins":1,"draws":3,"losses":0,"trades":4,"profit_factor":0.0},{"date":"08/12/2025","date_ts":1765152000000,"profit_abs":-17.33030753,"wins":0,"draws":0,"losses":1,"trades":1,"profit_factor":0.0},{"date":"15/12/2025","date_ts":1765756800000,"profit_abs":-17.02742454,"wins":0,"draws":0,"losses":1,"trades":1,"profit_factor":0.0},{"date":"22/12/2025","date_ts":1766361600000,"profit_abs":0.0,"wins":0,"draws":2,"losses":0,"trades":2,"profit_factor":0.0},{"date":"29/12/2025","date_ts":1766966400000,"profit_abs":-16.72833686,"wins":0,"draws":1,"losses":1,"trades":2,"profit_factor":0.0},{"date":"05/01/2026","date_ts":1767571200000,"profit_abs":0.0,"wins":0,"draws":1,"losses":0,"trades":1,"profit_factor":0.0},{"date":"12/01/2026","date_ts":1768176000000,"profit_abs":1.03369644,"wins":1,"draws":0,"losses":0,"trades":1,"profit_factor":0.0}],"month":[{"date":"31/10/2025","date_ts":1761868800000,"profit_abs":-14.27532204,"wins":1,"draws":6,"losses":1,"trades":8,"profit_factor":0.16870602},{"date":"30/11/2025","date_ts":1764460800000,"profit_abs":25.50167952,"wins":2,"draws":7,"losses":0,"trades":9,"profit_factor":0.0},{"date":"31/12/2025","date_ts":1767139200000,"profit_abs":-51.08606893,"wins":0,"draws":4,"losses":3,"trades":7,"profit_factor":0.0},{"date":"31/01/2026","date_ts":1769817600000,"profit_abs":1.03369644,"wins":1,"draws":0,"losses":0,"trades":1,"profit_factor":0.0}],"year":[{"date":"31/12/2025","date_ts":1767139200000,"profit_abs":-39.85971145,"wins":3,"draws":17,"losses":4,"trades":24,"profit_factor":0.41604748},{"date":"31/12/2026","date_ts":1798675200000,"profit_abs":1.03369644,"wins":1,"draws":0,"losses":0,"trades":1,"profit_factor":0.0}],"weekday":[{"date":"Monday","date_ts":0,"profit_abs":-14.13033534,"wins":1,"draws":2,"losses":1,"trades":4,"profit_factor":0.17014254},{"date":"Tuesday","date_ts":1,"profit_abs":-16.1387148,"wins":1,"draws":1,"losses":1,"trades":3,"profit_factor":0.06019518},{"date":"Wednesday","date_ts":2,"profit_abs":9.23794452,"wins":1,"draws":1,"losses":0,"trades":2,"profit_factor":0.0},{"date":"Thursday","date_ts":3,"profit_abs":-16.72833686,"wins":0,"draws":1,"losses":1,"trades":2,"profit_factor":0.0},{"date":"Friday","date_ts":4,"profit_abs":-1.06657253,"wins":1,"draws":5,"losses":1,"trades":7,"profit_factor":0.93845623},{"date":"Saturday","date_ts":5,"profit_abs":0.0,"wins":0,"draws":3,"losses":0,"trades":3,"profit_factor":0.0},{"date":"Sunday","date_ts":6,"profit_abs":0.0,"wins":0,"draws":4,"losses":0,"trades":4,"profit_factor":0.0}]},"backtest_best_day":0.04995004995004995,"backtest_worst_day":-0.05189145829539918,"backtest_best_day_abs":16.263735,"backtest_worst_day_abs":-17.33030753,"winning_days":4,"draw_days":88,"losing_days":4,"daily_profit":[["2025-10-03",0.0],["2025-10-04",0.0],["2025-10-05",0.0],["2025-10-06",0.0],["2025-10-07",0.0],["2025-10-08",0.0],["2025-10-09",0.0],["2025-10-10",0.0],["2025-10-11",0.0],["2025-10-12",0.0],["2025-10-13",0.0],["2025-10-14",0.0],["2025-10-15",0.0],["2025-10-16",0.0],["2025-10-17",0.0],["2025-10-18",0.0],["2025-10-19",0.0],["2025-10-20",2.8970892],["2025-10-21",0.0],["2025-10-22",0.0],["2025-10-23",0.0],["2025-10-24",0.0],["2025-10-25",0.0],["2025-10-26",0.0],["2025-10-27",0.0],["2025-10-28",-17.17241124],["2025-10-29",0.0],["2025-10-30",0.0],["2025-10-31",0.0],["2025-11-01",0.0],["2025-11-02",0.0],["2025-11-03",0.0],["2025-11-04",0.0],["2025-11-05",0.0],["2025-11-06",0.0],["2025-11-07",16.263735],["2025-11-08",0.0],["2025-11-09",0.0],["2025-11-10",0.0],["2025-11-11",0.0],["2025-11-12",0.0],["2025-11-13",0.0],["2025-11-14",0.0],["2025-11-15",0.0],["2025-11-16",0.0],["2025-11-17",0.0],["2025-11-18",0.0],["2025-11-19",0.0],["2025-11-20",0.0],["2025-11-21",0.0],["2025-11-22",0.0],["2025-11-23",0.0],["2025-11-24",0.0],["2025-11-25",0.0],["2025-11-26",9.23794452],["2025-11-27",0.0],["2025-11-28",0.0],["2025-11-29",0.0],["2025-11-30",0.0],["2025-12-01",0.0],["2025-12-02",0.0],["2025-12-03",0.0],["2025-12-04",0.0],["2025-12-05",-17.33030753],["2025-12-06",0.0],["2025-12-07",0.0],["2025-12-08",0.0],["2025-12-09",0.0],["2025-12-10",0.0],["2025-12-11",0.0],["2025-12-12",0.0],["2025-12-13",0.0],["2025-12-14",0.0],["2025-12-15",-17.02742454],["2025-12-16",0.0],["2025-12-17",0.0],["2025-12-18",0.0],["2025-12-19",0.0],["2025-12-20",0.0],["2025-12-21",0.0],["2025-12-22",0.0],["2025-12-23",0.0],["2025-12-24",0.0],["2025-12-25",-16.72833686],["2025-12-26",0.0],["2025-12-27",0.0],["2025-12-28",0.0],["2025-12-29",0.0],["2025-12-30",0.0],["2025-12-31",0.0],["2026-01-01",0.0],["2026-01-02",0.0],["2026-01-03",0.0],["2026-01-04",0.0],["2026-01-05",0.0],["2026-01-06",1.03369644]],"wins":4,"losses":4,"draws":17,"winrate":0.16,"holding_avg":"9:34:00","holding_avg_s":34440.0,"winner_holding_min":"0d 01:00","winner_holding_min_s":3600.0,"winner_holding_max":"0d 02:00","winner_holding_max_s":7200.0,"winner_holding_avg":"0d 01:45","winner_holding_avg_s":6300.0,"loser_holding_min":"0d 22:00","loser_holding_min_s":79200.0,"loser_holding_max":"2d 10:00","loser_holding_max_s":208800.0,"loser_holding_avg":"1d 11:45","loser_holding_avg_s":128700.0,"max_consecutive_wins":1,"max_consecutive_losses":10,"max_drawdown_account":0.050518925413799244,"max_relative_drawdown":0.050518925413799244,"max_drawdown_abs":51.086068929999996,"drawdown_start":"2025-11-26 19:00:00","drawdown_start_ts":1764183600000.0,"drawdown_end":"2025-12-25 22:00:00","drawdown_end_ts":1766700000000.0,"drawdown_duration":"29 days 03:00:00","drawdown_duration_s":2516400.0,"max_drawdown_low":-39.85971144999999,"max_drawdown_high":11.22635748,"csum_min":960.14028855,"csum_max":1011.22635748}},"strategy_comparison":[{"key":"ACO_23_3","trades":25,"profit_mean":-0.004703458832980078,"profit_mean_pct":-0.47,"profit_total_abs":-38.82601500999999,"profit_total":-0.03882601500999999,"profit_total_pct":-3.88,"duration_avg":"9:34:00","wins":4,"draws":17,"losses":4,"winrate":0.16,"cagr":-0.13843925051946893,"expectancy":-1.5530406004000001,"expectancy_ratio":-0.7710093864693208,"sortino":-34.486481147001825,"sharpe":-0.9992978501979686,"calmar":-15.137125511224577,"sqn":-0.9942,"profit_factor":0.431191334566745,"max_drawdown_account":0.050518925413799244,"max_drawdown_abs":"51.086"}]}