{"strategy":{"ACO_82_8":{"trades":[{"pair":"DOGE/USDT","stake_amount":329.82,"max_stake_amount":329.82,"amount":1725.0,"open_date":"2025-10-11 08:00:00+00:00","close_date":"2025-10-11 10:00:00+00:00","open_rate":0.1912,"close_rate":0.19409,"fee_open":0.001,"fee_close":0.001,"trade_duration":120,"profit_ratio":0.013086860837906864,"profit_abs":4.32062475,"exit_reason":"roi","initial_stop_loss_abs":0.18164,"initial_stop_loss_ratio":-0.05,"stop_loss_abs":0.18164,"stop_loss_ratio":-0.05,"min_rate":0.1904,"max_rate":0.19776,"is_open":false,"enter_tag":"","leverage":1.0,"is_short":false,"open_timestamp":1760169600000,"close_timestamp":1760176800000,"orders":[{"amount":1725.0,"safe_price":0.1912,"ft_order_side":"buy","order_filled_timestamp":1760169600000,"ft_is_entry":true,"ft_order_tag":"","cost":330.14982},{"amount":1725.0,"safe_price":0.19409,"ft_order_side":"sell","order_filled_timestamp":1760176800000,"ft_is_entry":false,"ft_order_tag":"roi","cost":335.14005525}],"funding_fees":0.0,"weekday":5},{"pair":"DOGE/USDT","stake_amount":331.40928,"max_stake_amount":331.40928,"amount":1709.0,"open_date":"2025-10-11 12:00:00+00:00","close_date":"2025-10-11 19:00:00+00:00","open_rate":0.19392,"close_rate":0.18423,"fee_open":0.001,"fee_close":0.001,"trade_duration":420,"profit_ratio":-0.051867223123411244,"profit_abs":-17.20646835,"exit_reason":"stop_loss","initial_stop_loss_abs":0.18423,"initial_stop_loss_ratio":-0.05,"stop_loss_abs":0.18423,"stop_loss_ratio":-0.05,"min_rate":0.18286,"max_rate":0.19446,"is_open":false,"enter_tag":"","leverage":1.0,"is_short":false,"open_timestamp":1760184000000,"close_timestamp":1760209200000,"orders":[{"amount":1709.0,"safe_price":0.19392,"ft_order_side":"buy","order_filled_timestamp":1760184000000,"ft_is_entry":true,"ft_order_tag":"","cost":331.74068927999997},{"amount":1709.0,"safe_price":0.18423,"ft_order_side":"sell","order_filled_timestamp":1760209200000,"ft_is_entry":false,"ft_order_tag":"stop_loss","cost":315.16391906999996}],"funding_fees":0.0,"weekday":5},{"pair":"DOGE/USDT","stake_amount":325.74674,"max_stake_amount":325.74674,"amount":1727.0,"open_date":"2025-10-12 06:00:00+00:00","close_date":"2025-10-12 08:00:00+00:00","open_rate":0.18862,"close_rate":0.18983,"fee_open":0.001,"fee_close":0.001,"trade_duration":120,"profit_ratio":0.004404195105075182,"profit_abs":1.43608685,"exit_reason":"roi","initial_stop_loss_abs":0.17919,"initial_stop_loss_ratio":-0.05,"stop_loss_abs":0.17919,"stop_loss_ratio":-0.05,"min_rate":0.18825,"max_rate":0.19118,"is_open":false,"enter_tag":"","leverage":1.0,"is_short":false,"open_timestamp":1760248800000,"close_timestamp":1760256000000,"orders":[{"amount":1727.0,"safe_price":0.18862,"ft_order_side":"buy","order_filled_timestamp":1760248800000,"ft_is_entry":true,"ft_order_tag":"","cost":326.07248674},{"amount":1727.0,"safe_price":0.18983,"ft_order_side":"sell","order_filled_timestamp":1760256000000,"ft_is_entry":false,"ft_order_tag":"roi","cost":328.16424641}],"funding_fees":0.0,"weekday":6},{"pair":"DOGE/USDT","stake_amount":326.15456,"max_stake_amount":326.15456,"amount":1544.0,"open_date":"2025-10-13 14:00:00+00:00","close_date":"2025-10-13 16:00:00+00:00","open_rate":0.21124,"close_rate":0.21166290290290288,"fee_open":0.001,"fee_close":0.001,"trade_duration":120,"profit_ratio":0.0,"profit_abs":0.0,"exit_reason":"roi","initial_stop_loss_abs":0.20068,"initial_stop_loss_ratio":-0.05,"stop_loss_abs":0.20068,"stop_loss_ratio":-0.05,"min_rate":0.20517,"max_rate":0.21192,"is_open":false,"enter_tag":"","leverage":1.0,"is_short":false,"open_timestamp":1760364000000,"close_timestamp":1760371200000,"orders":[{"amount":1544.0,"safe_price":0.21124,"ft_order_side":"buy","order_filled_timestamp":1760364000000,"ft_is_entry":true,"ft_order_tag":"","cost":326.48071455999997},{"amount":1544.0,"safe_price":0.21166290290290288,"ft_order_side":"sell","order_filled_timestamp":1760371200000,"ft_is_entry":false,"ft_order_tag":"roi","cost":327.13432960416407}],"funding_fees":0.0,"weekday":0},{"pair":"DOGE/USDT","stake_amount":326.2105,"max_stake_amount":326.2105,"amount":1603.0,"open_date":"2025-10-14 16:00:00+00:00","close_date":"2025-10-14 18:00:00+00:00","open_rate":0.2035,"close_rate":0.20390740740740737,"fee_open":0.001,"fee_close":0.001,"trade_duration":120,"profit_ratio":0.0,"profit_abs":0.0,"exit_reason":"roi","initial_stop_loss_abs":0.19333,"initial_stop_loss_ratio":-0.05,"stop_loss_abs":0.19333,"stop_loss_ratio":-0.05,"min_rate":0.19991,"max_rate":0.2071,"is_open":false,"enter_tag":"","leverage":1.0,"is_short":false,"open_timestamp":1760457600000,"close_timestamp":1760464800000,"orders":[{"amount":1603.0,"safe_price":0.2035,"ft_order_side":"buy","order_filled_timestamp":1760457600000,"ft_is_entry":true,"ft_order_tag":"","cost":326.5367104999999},{"amount":1603.0,"safe_price":0.20390740740740737,"ft_order_side":"sell","order_filled_timestamp":1760464800000,"ft_is_entry":false,"ft_order_tag":"roi","cost":327.190437648148}],"funding_fees":0.0,"weekday":1},{"pair":"DOGE/USDT","stake_amount":326.07894,"max_stake_amount":326.07894,"amount":1774.0,"open_date":"2025-10-17 17:00:00+00:00","close_date":"2025-10-17 19:00:00+00:00","open_rate":0.18381,"close_rate":0.18491,"fee_open":0.001,"fee_close":0.001,"trade_duration":120,"profit_ratio":0.003974481532829827,"profit_abs":1.29729072,"exit_reason":"roi","initial_stop_loss_abs":0.17462,"initial_stop_loss_ratio":-0.05,"stop_loss_abs":0.17462,"stop_loss_ratio":-0.05,"min_rate":0.18336,"max_rate":0.18615,"is_open":false,"enter_tag":"","leverage":1.0,"is_short":false,"open_timestamp":1760720400000,"close_timestamp":1760727600000,"orders":[{"amount":1774.0,"safe_price":0.18381,"ft_order_side":"buy","order_filled_timestamp":1760720400000,"ft_is_entry":true,"ft_order_tag":"","cost":326.40501893999993},{"amount":1774.0,"safe_price":0.18491,"ft_order_side":"sell","order_filled_timestamp":1760727600000,"ft_is_entry":false,"ft_order_tag":"roi","cost":328.3583703399999}],"funding_fees":0.0,"weekday":4},{"pair":"DOGE/USDT","stake_amount":326.64816,"max_stake_amount":326.64816,"amount":1992.0,"open_date":"2025-11-04 16:00:00+00:00","close_date":"2025-11-04 18:00:00+00:00","open_rate":0.16398,"close_rate":0.15579,"fee_open":0.001,"fee_close":0.001,"trade_duration":120,"profit_ratio":-0.051843326815884445,"profit_abs":-16.95146184,"exit_reason":"stop_loss","initial_stop_loss_abs":0.15579,"initial_stop_loss_ratio":-0.05,"stop_loss_abs":0.15579,"stop_loss_ratio":-0.05,"min_rate":0.15419,"max_rate":0.16517,"is_open":false,"enter_tag":"","leverage":1.0,"is_short":false,"open_timestamp":1762272000000,"close_timestamp":1762279200000,"orders":[{"amount":1992.0,"safe_price":0.16398,"ft_order_side":"buy","order_filled_timestamp":1762272000000,"ft_is_entry":true,"ft_order_tag":"","cost":326.97480815999995},{"amount":1992.0,"safe_price":0.15579,"ft_order_side":"sell","order_filled_timestamp":1762279200000,"ft_is_entry":false,"ft_order_tag":"stop_loss","cost":310.64401368}],"funding_fees":0.0,"weekday":1},{"pair":"DOGE/USDT","stake_amount":320.89743,"max_stake_amount":320.89743,"amount":1953.0,"open_date":"2025-11-05 03:00:00+00:00","close_date":"2025-11-05 05:00:00+00:00","open_rate":0.16431,"close_rate":0.16476,"fee_open":0.001,"fee_close":0.001,"trade_duration":120,"profit_ratio":0.0007352516025147028,"profit_abs":0.23617629,"exit_reason":"roi","initial_stop_loss_abs":0.1561,"initial_stop_loss_ratio":-0.05,"stop_loss_abs":0.1561,"stop_loss_ratio":-0.05,"min_rate":0.16313,"max_rate":0.16619,"is_open":false,"enter_tag":"","leverage":1.0,"is_short":false,"open_timestamp":1762311600000,"close_timestamp":1762318800000,"orders":[{"amount":1953.0,"safe_price":0.16431,"ft_order_side":"buy","order_filled_timestamp":1762311600000,"ft_is_entry":true,"ft_order_tag":"","cost":321.21832743},{"amount":1953.0,"safe_price":0.16476,"ft_order_side":"sell","order_filled_timestamp":1762318800000,"ft_is_entry":false,"ft_order_tag":"roi","cost":322.0980562799999}],"funding_fees":0.0,"weekday":2},{"pair":"DOGE/USDT","stake_amount":321.06051,"max_stake_amount":321.06051,"amount":1959.0,"open_date":"2025-11-05 10:00:00+00:00","close_date":"2025-11-05 12:00:00+00:00","open_rate":0.16389,"close_rate":0.16421810810810808,"fee_open":0.001,"fee_close":0.001,"trade_duration":120,"profit_ratio":0.0,"profit_abs":0.0,"exit_reason":"roi","initial_stop_loss_abs":0.1557,"initial_stop_loss_ratio":-0.05,"stop_loss_abs":0.1557,"stop_loss_ratio":-0.05,"min_rate":0.161,"max_rate":0.16514,"is_open":false,"enter_tag":"","leverage":1.0,"is_short":false,"open_timestamp":1762336800000,"close_timestamp":1762344000000,"orders":[{"amount":1959.0,"safe_price":0.16389,"ft_order_side":"buy","order_filled_timestamp":1762336800000,"ft_is_entry":true,"ft_order_tag":"","cost":321.38157050999996},{"amount":1959.0,"safe_price":0.16421810810810808,"ft_order_side":"sell","order_filled_timestamp":1762344000000,"ft_is_entry":false,"ft_order_tag":"roi","cost":322.02497705756747}],"funding_fees":0.0,"weekday":2},{"pair":"DOGE/USDT","stake_amount":321.07521,"max_stake_amount":321.07521,"amount":2267.0,"open_date":"2025-11-21 18:00:00+00:00","close_date":"2025-11-22 22:00:00+00:00","open_rate":0.14163,"close_rate":0.14191354354354352,"fee_open":0.001,"fee_close":0.001,"trade_duration":1680,"profit_ratio":0.0,"profit_abs":0.0,"exit_reason":"roi","initial_stop_loss_abs":0.13455,"initial_stop_loss_ratio":-0.05,"stop_loss_abs":0.13455,"stop_loss_ratio":-0.05,"min_rate":0.13549,"max_rate":0.1424,"is_open":false,"enter_tag":"","leverage":1.0,"is_short":false,"open_timestamp":1763748000000,"close_timestamp":1763848800000,"orders":[{"amount":2267.0,"safe_price":0.14163,"ft_order_side":"buy","order_filled_timestamp":1763748000000,"ft_is_entry":true,"ft_order_tag":"","cost":321.39628521},{"amount":2267.0,"safe_price":0.14191354354354352,"ft_order_side":"sell","order_filled_timestamp":1763848800000,"ft_is_entry":false,"ft_order_tag":"roi","cost":322.0397212164263}],"funding_fees":0.0,"weekday":5}],"locks":[],"best_pair":{"key":"DOGE/USDT","trades":10,"profit_mean":-0.008150976086096912,"profit_mean_pct":-0.82,"profit_total_abs":-26.867751580000004,"profit_total":-0.026867751580000005,"profit_total_pct":-2.69,"duration_avg":"5:06:00","wins":4,"draws":4,"losses":2,"winrate":0.4,"cagr":-0.09740677664242903,"expectancy":-2.6867751580000006,"expectancy_ratio":-0.5573148690834068,"sortino":-41.50350265516643,"sharpe":-0.7243677271007098,"calmar":-16.912558042249735,"sqn":-1.1033,"profit_factor":0.21342565458296583,"max_drawdown_account":0.03128936302370802,"max_drawdown_abs":31.42455262},"worst_pair":{"key":"DOGE/USDT","trades":10,"profit_mean":-0.008150976086096912,"profit_mean_pct":-0.82,"profit_total_abs":-26.867751580000004,"profit_total":-0.026867751580000005,"profit_total_pct":-2.69,"duration_avg":"5:06:00","wins":4,"draws":4,"losses":2,"winrate":0.4,"cagr":-0.09740677664242903,"expectancy":-2.6867751580000006,"expectancy_ratio":-0.5573148690834068,"sortino":-41.50350265516643,"sharpe":-0.7243677271007098,"calmar":-16.912558042249735,"sqn":-1.1033,"profit_factor":0.21342565458296583,"max_drawdown_account":0.03128936302370802,"max_drawdown_abs":31.42455262},"results_per_pair":[{"key":"DOGE/USDT","trades":10,"profit_mean":-0.008150976086096912,"profit_mean_pct":-0.82,"profit_total_abs":-26.867751580000004,"profit_total":-0.026867751580000005,"profit_total_pct":-2.69,"duration_avg":"5:06:00","wins":4,"draws":4,"losses":2,"winrate":0.4,"cagr":-0.09740677664242903,"expectancy":-2.6867751580000006,"expectancy_ratio":-0.5573148690834068,"sortino":-41.50350265516643,"sharpe":-0.7243677271007098,"calmar":-16.912558042249735,"sqn":-1.1033,"profit_factor":0.21342565458296583,"max_drawdown_account":0.03128936302370802,"max_drawdown_abs":31.42455262},{"key":"TOTAL","trades":10,"profit_mean":-0.008150976086096912,"profit_mean_pct":-0.82,"profit_total_abs":-26.867751580000004,"profit_total":-0.026867751580000005,"profit_total_pct":-2.69,"duration_avg":"5:06:00","wins":4,"draws":4,"losses":2,"winrate":0.4,"cagr":-0.09740677664242903,"expectancy":-2.6867751580000006,"expectancy_ratio":-0.5573148690834068,"sortino":-41.50350265516643,"sharpe":-0.7243677271007098,"calmar":-16.912558042249735,"sqn":-1.1033,"profit_factor":0.21342565458296583,"max_drawdown_account":0.03128936302370802,"max_drawdown_abs":31.42455262}],"results_per_enter_tag":[{"key":"","trades":10,"profit_mean":-0.008150976086096912,"profit_mean_pct":-0.82,"profit_total_abs":-26.867751580000004,"profit_total":-0.026867751580000005,"profit_total_pct":-2.69,"duration_avg":"5:06:00","wins":4,"draws":4,"losses":2,"winrate":0.4,"cagr":-0.09740677664242903,"expectancy":-2.6867751580000006,"expectancy_ratio":-0.5573148690834068,"sortino":-41.50350265516643,"sharpe":-0.7243677271007098,"calmar":-16.912558042249735,"sqn":-1.1033,"profit_factor":0.21342565458296583,"max_drawdown_account":0.03128936302370802,"max_drawdown_abs":31.42455262},{"key":"TOTAL","trades":10,"profit_mean":-0.008150976086096912,"profit_mean_pct":-0.82,"profit_total_abs":-26.867751580000004,"profit_total":-0.026867751580000005,"profit_total_pct":-2.69,"duration_avg":"5:06:00","wins":4,"draws":4,"losses":2,"winrate":0.4,"cagr":-0.09740677664242903,"expectancy":-2.6867751580000006,"expectancy_ratio":-0.5573148690834068,"sortino":-41.50350265516643,"sharpe":-0.7243677271007098,"calmar":-16.912558042249735,"sqn":-1.1033,"profit_factor":0.21342565458296583,"max_drawdown_account":0.03128936302370802,"max_drawdown_abs":31.42455262}],"exit_reason_summary":[{"key":"roi","trades":8,"profit_mean":0.0027750986347908216,"profit_mean_pct":0.28,"profit_total_abs":7.29017861,"profit_total":0.00729017861,"profit_total_pct":0.73,"duration_avg":"5:15:00","wins":4,"draws":4,"losses":0,"winrate":0.5,"cagr":0.027709568509741267,"expectancy":0.9112723262500001,"expectancy_ratio":100.0,"sortino":-100,"sharpe":1.0208888957428484,"calmar":-100,"sqn":1.7142,"profit_factor":0.0,"max_drawdown_account":0.0,"max_drawdown_abs":0.0},{"key":"stop_loss","trades":2,"profit_mean":-0.05185527496964784,"profit_mean_pct":-5.19,"profit_total_abs":-34.15793019,"profit_total":-0.034157930190000005,"profit_total_pct":-3.42,"duration_avg":"4:30:00","wins":0,"draws":0,"losses":2,"winrate":0.0,"cagr":-0.122588272436146,"expectancy":-17.078965095,"expectancy_ratio":-1.0,"sortino":-52.76488217164224,"sharpe":-52.76488217164224,"calmar":-19.69584863354928,"sqn":-133.9492,"profit_factor":0.0,"max_drawdown_account":0.034157930190000005,"max_drawdown_abs":34.15793019},{"key":"TOTAL","trades":10,"profit_mean":-0.008150976086096912,"profit_mean_pct":-0.82,"profit_total_abs":-26.867751580000004,"profit_total":-0.026867751580000005,"profit_total_pct":-2.69,"duration_avg":"5:06:00","wins":4,"draws":4,"losses":2,"winrate":0.4,"cagr":-0.09740677664242903,"expectancy":-2.6867751580000006,"expectancy_ratio":-0.5573148690834068,"sortino":-41.50350265516643,"sharpe":-0.7243677271007098,"calmar":-16.912558042249735,"sqn":-1.1033,"profit_factor":0.21342565458296583,"max_drawdown_account":0.03128936302370802,"max_drawdown_abs":31.42455262}],"mix_tag_stats":[{"key":["","roi"],"trades":8,"profit_mean":0.0027750986347908216,"profit_mean_pct":0.28,"profit_total_abs":7.29017861,"profit_total":0.00729017861,"profit_total_pct":0.73,"duration_avg":"5:15:00","wins":4,"draws":4,"losses":0,"winrate":0.5,"cagr":0.027709568509741267,"expectancy":0.9112723262500001,"expectancy_ratio":100.0,"sortino":-100,"sharpe":1.0208888957428484,"calmar":-100,"sqn":1.7142,"profit_factor":0.0,"max_drawdown_account":0.0,"max_drawdown_abs":0.0},{"key":["","stop_loss"],"trades":2,"profit_mean":-0.05185527496964784,"profit_mean_pct":-5.19,"profit_total_abs":-34.15793019,"profit_total":-0.034157930190000005,"profit_total_pct":-3.42,"duration_avg":"4:30:00","wins":0,"draws":0,"losses":2,"winrate":0.0,"cagr":-0.122588272436146,"expectancy":-17.078965095,"expectancy_ratio":-1.0,"sortino":-52.76488217164224,"sharpe":-52.76488217164224,"calmar":-19.69584863354928,"sqn":-133.9492,"profit_factor":0.0,"max_drawdown_account":0.034157930190000005,"max_drawdown_abs":34.15793019},{"key":"TOTAL","trades":10,"profit_mean":-0.008150976086096912,"profit_mean_pct":-0.82,"profit_total_abs":-26.867751580000004,"profit_total":-0.026867751580000005,"profit_total_pct":-2.69,"duration_avg":"5:06:00","wins":4,"draws":4,"losses":2,"winrate":0.4,"cagr":-0.09740677664242903,"expectancy":-2.6867751580000006,"expectancy_ratio":-0.5573148690834068,"sortino":-41.50350265516643,"sharpe":-0.7243677271007098,"calmar":-16.912558042249735,"sqn":-1.1033,"profit_factor":0.21342565458296583,"max_drawdown_account":0.03128936302370802,"max_drawdown_abs":31.42455262}],"left_open_trades":[{"key":"TOTAL","trades":0,"profit_mean":0.0,"profit_mean_pct":0.0,"profit_total_abs":0.0,"profit_total":0.0,"profit_total_pct":0.0,"duration_avg":"0:00","wins":0,"draws":0,"losses":0,"winrate":0.0,"cagr":0.0,"expectancy":0.0,"expectancy_ratio":100.0,"sortino":0,"sharpe":0,"calmar":0,"sqn":0.0,"profit_factor":0.0,"max_drawdown_account":0.0,"max_drawdown_abs":0.0}],"total_trades":10,"trade_count_long":10,"trade_count_short":0,"total_volume":6496.314557886306,"avg_stake_amount":325.51013300000005,"profit_mean":-0.008150976086096912,"profit_median":0.0,"profit_total":-0.026867751580000005,"profit_total_long":-0.026867751580000005,"profit_total_short":0.0,"profit_total_abs":-26.867751580000004,"profit_total_long_abs":-26.867751580000004,"profit_total_short_abs":0.0,"cagr":-0.09740677664242903,"expectancy":-2.6867751580000006,"expectancy_ratio":-0.5573148690834068,"sortino":-41.50350265516643,"sharpe":-0.7243677271007098,"calmar":-16.912558042249735,"sqn":-1.1033,"profit_factor":0.21342565458296583,"backtest_start":"2025-10-01 00:00:00","backtest_start_ts":1759276800000,"backtest_end":"2026-01-06 20:00:00","backtest_end_ts":1767729600000,"backtest_days":97,"backtest_run_start_ts":1767752973,"backtest_run_end_ts":1767752973,"trades_per_day":0.1,"market_change":-0.36632086436227446,"pairlist":["DOGE/USDT"],"stake_amount":"unlimited","stake_currency":"USDT","stake_currency_decimals":3,"starting_balance":1000,"dry_run_wallet":1000,"final_balance":973.13224842,"rejected_signals":0,"timedout_entry_orders":0,"timedout_exit_orders":0,"canceled_trade_entries":0,"canceled_entry_orders":0,"replaced_entry_orders":0,"max_open_trades":1,"max_open_trades_setting":3,"timeframe":"1h","timeframe_detail":"","timerange":"20251001-","enable_protections":false,"strategy_name":"ACO_82_8","freqaimodel":null,"freqai_identifier":null,"stoploss":-0.05,"trailing_stop":false,"trailing_stop_positive":null,"trailing_stop_positive_offset":0.0,"trailing_only_offset_is_reached":false,"use_custom_stoploss":false,"minimal_roi":{"0":0.1,"60":0.05,"120":0.0},"use_exit_signal":true,"exit_profit_only":false,"exit_profit_offset":0.0,"ignore_roi_if_entry_signal":false,"trading_mode":"spot","margin_mode":"","periodic_breakdown":{"day":[{"date":"11/10/2025","date_ts":1760140800000,"profit_abs":-12.8858436,"wins":1,"draws":0,"losses":1,"trades":2,"profit_factor":0.25110468},{"date":"12/10/2025","date_ts":1760227200000,"profit_abs":1.43608685,"wins":1,"draws":0,"losses":0,"trades":1,"profit_factor":0.0},{"date":"13/10/2025","date_ts":1760313600000,"profit_abs":0.0,"wins":0,"draws":1,"losses":0,"trades":1,"profit_factor":0.0},{"date":"14/10/2025","date_ts":1760400000000,"profit_abs":0.0,"wins":0,"draws":1,"losses":0,"trades":1,"profit_factor":0.0},{"date":"15/10/2025","date_ts":1760486400000,"profit_abs":0.0,"wins":0,"draws":0,"losses":0,"trades":0,"profit_factor":0.0},{"date":"16/10/2025","date_ts":1760572800000,"profit_abs":0.0,"wins":0,"draws":0,"losses":0,"trades":0,"profit_factor":0.0},{"date":"17/10/2025","date_ts":1760659200000,"profit_abs":1.29729072,"wins":1,"draws":0,"losses":0,"trades":1,"profit_factor":0.0},{"date":"18/10/2025","date_ts":1760745600000,"profit_abs":0.0,"wins":0,"draws":0,"losses":0,"trades":0,"profit_factor":0.0},{"date":"19/10/2025","date_ts":1760832000000,"profit_abs":0.0,"wins":0,"draws":0,"losses":0,"trades":0,"profit_factor":0.0},{"date":"20/10/2025","date_ts":1760918400000,"profit_abs":0.0,"wins":0,"draws":0,"losses":0,"trades":0,"profit_factor":0.0},{"date":"21/10/2025","date_ts":1761004800000,"profit_abs":0.0,"wins":0,"draws":0,"losses":0,"trades":0,"profit_factor":0.0},{"date":"22/10/2025","date_ts":1761091200000,"profit_abs":0.0,"wins":0,"draws":0,"losses":0,"trades":0,"profit_factor":0.0},{"date":"23/10/2025","date_ts":1761177600000,"profit_abs":0.0,"wins":0,"draws":0,"losses":0,"trades":0,"profit_factor":0.0},{"date":"24/10/2025","date_ts":1761264000000,"profit_abs":0.0,"wins":0,"draws":0,"losses":0,"trades":0,"profit_factor":0.0},{"date":"25/10/2025","date_ts":1761350400000,"profit_abs":0.0,"wins":0,"draws":0,"losses":0,"trades":0,"profit_factor":0.0},{"date":"26/10/2025","date_ts":1761436800000,"profit_abs":0.0,"wins":0,"draws":0,"losses":0,"trades":0,"profit_factor":0.0},{"date":"27/10/2025","date_ts":1761523200000,"profit_abs":0.0,"wins":0,"draws":0,"losses":0,"trades":0,"profit_factor":0.0},{"date":"28/10/2025","date_ts":1761609600000,"profit_abs":0.0,"wins":0,"draws":0,"losses":0,"trades":0,"profit_factor":0.0},{"date":"29/10/2025","date_ts":1761696000000,"profit_abs":0.0,"wins":0,"draws":0,"losses":0,"trades":0,"profit_factor":0.0},{"date":"30/10/2025","date_ts":1761782400000,"profit_abs":0.0,"wins":0,"draws":0,"losses":0,"trades":0,"profit_factor":0.0},{"date":"31/10/2025","date_ts":1761868800000,"profit_abs":0.0,"wins":0,"draws":0,"losses":0,"trades":0,"profit_factor":0.0},{"date":"01/11/2025","date_ts":1761955200000,"profit_abs":0.0,"wins":0,"draws":0,"losses":0,"trades":0,"profit_factor":0.0},{"date":"02/11/2025","date_ts":1762041600000,"profit_abs":0.0,"wins":0,"draws":0,"losses":0,"trades":0,"profit_factor":0.0},{"date":"03/11/2025","date_ts":1762128000000,"profit_abs":0.0,"wins":0,"draws":0,"losses":0,"trades":0,"profit_factor":0.0},{"date":"04/11/2025","date_ts":1762214400000,"profit_abs":-16.95146184,"wins":0,"draws":0,"losses":1,"trades":1,"profit_factor":0.0},{"date":"05/11/2025","date_ts":1762300800000,"profit_abs":0.23617629,"wins":1,"draws":1,"losses":0,"trades":2,"profit_factor":0.0},{"date":"06/11/2025","date_ts":1762387200000,"profit_abs":0.0,"wins":0,"draws":0,"losses":0,"trades":0,"profit_factor":0.0},{"date":"07/11/2025","date_ts":1762473600000,"profit_abs":0.0,"wins":0,"draws":0,"losses":0,"trades":0,"profit_factor":0.0},{"date":"08/11/2025","date_ts":1762560000000,"profit_abs":0.0,"wins":0,"draws":0,"losses":0,"trades":0,"profit_factor":0.0},{"date":"09/11/2025","date_ts":1762646400000,"profit_abs":0.0,"wins":0,"draws":0,"losses":0,"trades":0,"profit_factor":0.0},{"date":"10/11/2025","date_ts":1762732800000,"profit_abs":0.0,"wins":0,"draws":0,"losses":0,"trades":0,"profit_factor":0.0},{"date":"11/11/2025","date_ts":1762819200000,"profit_abs":0.0,"wins":0,"draws":0,"losses":0,"trades":0,"profit_factor":0.0},{"date":"12/11/2025","date_ts":1762905600000,"profit_abs":0.0,"wins":0,"draws":0,"losses":0,"trades":0,"profit_factor":0.0},{"date":"13/11/2025","date_ts":1762992000000,"profit_abs":0.0,"wins":0,"draws":0,"losses":0,"trades":0,"profit_factor":0.0},{"date":"14/11/2025","date_ts":1763078400000,"profit_abs":0.0,"wins":0,"draws":0,"losses":0,"trades":0,"profit_factor":0.0},{"date":"15/11/2025","date_ts":1763164800000,"profit_abs":0.0,"wins":0,"draws":0,"losses":0,"trades":0,"profit_factor":0.0},{"date":"16/11/2025","date_ts":1763251200000,"profit_abs":0.0,"wins":0,"draws":0,"losses":0,"trades":0,"profit_factor":0.0},{"date":"17/11/2025","date_ts":1763337600000,"profit_abs":0.0,"wins":0,"draws":0,"losses":0,"trades":0,"profit_factor":0.0},{"date":"18/11/2025","date_ts":1763424000000,"profit_abs":0.0,"wins":0,"draws":0,"losses":0,"trades":0,"profit_factor":0.0},{"date":"19/11/2025","date_ts":1763510400000,"profit_abs":0.0,"wins":0,"draws":0,"losses":0,"trades":0,"profit_factor":0.0},{"date":"20/11/2025","date_ts":1763596800000,"profit_abs":0.0,"wins":0,"draws":0,"losses":0,"trades":0,"profit_factor":0.0},{"date":"21/11/2025","date_ts":1763683200000,"profit_abs":0.0,"wins":0,"draws":0,"losses":0,"trades":0,"profit_factor":0.0},{"date":"22/11/2025","date_ts":1763769600000,"profit_abs":0.0,"wins":0,"draws":1,"losses":0,"trades":1,"profit_factor":0.0}],"week":[{"date":"13/10/2025","date_ts":1760313600000,"profit_abs":-11.44975675,"wins":2,"draws":1,"losses":1,"trades":4,"profit_factor":0.33456672},{"date":"20/10/2025","date_ts":1760918400000,"profit_abs":1.29729072,"wins":1,"draws":1,"losses":0,"trades":2,"profit_factor":0.0},{"date":"27/10/2025","date_ts":1761523200000,"profit_abs":0.0,"wins":0,"draws":0,"losses":0,"trades":0,"profit_factor":0.0},{"date":"03/11/2025","date_ts":1762128000000,"profit_abs":0.0,"wins":0,"draws":0,"losses":0,"trades":0,"profit_factor":0.0},{"date":"10/11/2025","date_ts":1762732800000,"profit_abs":-16.71528555,"wins":1,"draws":1,"losses":1,"trades":3,"profit_factor":0.0139325},{"date":"17/11/2025","date_ts":1763337600000,"profit_abs":0.0,"wins":0,"draws":0,"losses":0,"trades":0,"profit_factor":0.0},{"date":"24/11/2025","date_ts":1763942400000,"profit_abs":0.0,"wins":0,"draws":1,"losses":0,"trades":1,"profit_factor":0.0}],"month":[{"date":"31/10/2025","date_ts":1761868800000,"profit_abs":-10.15246603,"wins":3,"draws":2,"losses":1,"trades":6,"profit_factor":0.40996224},{"date":"30/11/2025","date_ts":1764460800000,"profit_abs":-16.71528555,"wins":1,"draws":2,"losses":1,"trades":4,"profit_factor":0.0139325}],"year":[{"date":"31/12/2025","date_ts":1767139200000,"profit_abs":-26.86775158,"wins":4,"draws":4,"losses":2,"trades":10,"profit_factor":0.21342565}],"weekday":[{"date":"Monday","date_ts":0,"profit_abs":0.0,"wins":0,"draws":1,"losses":0,"trades":1,"profit_factor":0.0},{"date":"Tuesday","date_ts":1,"profit_abs":-16.95146184,"wins":0,"draws":1,"losses":1,"trades":2,"profit_factor":0.0},{"date":"Wednesday","date_ts":2,"profit_abs":0.23617629,"wins":1,"draws":1,"losses":0,"trades":2,"profit_factor":0.0},{"date":"Friday","date_ts":4,"profit_abs":1.29729072,"wins":1,"draws":0,"losses":0,"trades":1,"profit_factor":0.0},{"date":"Saturday","date_ts":5,"profit_abs":-12.8858436,"wins":1,"draws":1,"losses":1,"trades":3,"profit_factor":0.25110468},{"date":"Sunday","date_ts":6,"profit_abs":1.43608685,"wins":1,"draws":0,"losses":0,"trades":1,"profit_factor":0.0}]},"backtest_best_day":0.004404195105075182,"backtest_worst_day":-0.051843326815884445,"backtest_best_day_abs":1.43608685,"backtest_worst_day_abs":-16.95146184,"winning_days":3,"draw_days":38,"losing_days":2,"daily_profit":[["2025-10-11",-12.8858436],["2025-10-12",1.43608685],["2025-10-13",0.0],["2025-10-14",0.0],["2025-10-15",0.0],["2025-10-16",0.0],["2025-10-17",1.29729072],["2025-10-18",0.0],["2025-10-19",0.0],["2025-10-20",0.0],["2025-10-21",0.0],["2025-10-22",0.0],["2025-10-23",0.0],["2025-10-24",0.0],["2025-10-25",0.0],["2025-10-26",0.0],["2025-10-27",0.0],["2025-10-28",0.0],["2025-10-29",0.0],["2025-10-30",0.0],["2025-10-31",0.0],["2025-11-01",0.0],["2025-11-02",0.0],["2025-11-03",0.0],["2025-11-04",-16.95146184],["2025-11-05",0.23617629],["2025-11-06",0.0],["2025-11-07",0.0],["2025-11-08",0.0],["2025-11-09",0.0],["2025-11-10",0.0],["2025-11-11",0.0],["2025-11-12",0.0],["2025-11-13",0.0],["2025-11-14",0.0],["2025-11-15",0.0],["2025-11-16",0.0],["2025-11-17",0.0],["2025-11-18",0.0],["2025-11-19",0.0],["2025-11-20",0.0],["2025-11-21",0.0],["2025-11-22",0.0]],"wins":4,"losses":2,"draws":4,"winrate":0.4,"holding_avg":"5:06:00","holding_avg_s":18360.0,"winner_holding_min":"0d 02:00","winner_holding_min_s":7200.0,"winner_holding_max":"0d 02:00","winner_holding_max_s":7200.0,"winner_holding_avg":"0d 02:00","winner_holding_avg_s":7200.0,"loser_holding_min":"0d 02:00","loser_holding_min_s":7200.0,"loser_holding_max":"0d 07:00","loser_holding_max_s":25200.0,"loser_holding_avg":"0d 04:30","loser_holding_avg_s":16200.0,"max_consecutive_wins":1,"max_consecutive_losses":2,"max_drawdown_account":0.03128936302370802,"max_relative_drawdown":0.03128936302370802,"max_drawdown_abs":31.42455262,"drawdown_start":"2025-10-11 10:00:00","drawdown_start_ts":1760176800000.0,"drawdown_end":"2025-11-04 18:00:00","drawdown_end_ts":1762279200000.0,"drawdown_duration":"24 days 08:00:00","drawdown_duration_s":2102400.0,"max_drawdown_low":-27.10392787,"max_drawdown_high":4.32062475,"csum_min":972.89607213,"csum_max":1004.32062475}},"strategy_comparison":[{"key":"ACO_82_8","trades":10,"profit_mean":-0.008150976086096912,"profit_mean_pct":-0.82,"profit_total_abs":-26.867751580000004,"profit_total":-0.026867751580000005,"profit_total_pct":-2.69,"duration_avg":"5:06:00","wins":4,"draws":4,"losses":2,"winrate":0.4,"cagr":-0.09740677664242903,"expectancy":-2.6867751580000006,"expectancy_ratio":-0.5573148690834068,"sortino":-41.50350265516643,"sharpe":-0.7243677271007098,"calmar":-16.912558042249735,"sqn":-1.1033,"profit_factor":0.21342565458296583,"max_drawdown_account":0.03128936302370802,"max_drawdown_abs":"31.425"}]}