{"strategy":{"ACO_22_2":{"trades":[{"pair":"DOGE/USDT","stake_amount":329.87424,"max_stake_amount":329.87424,"amount":1506.0,"open_date":"2025-10-10 21:00:00+00:00","close_date":"2025-10-10 21:00:00+00:00","open_rate":0.21904,"close_rate":0.20809,"fee_open":0.001,"fee_close":0.001,"trade_duration":0,"profit_ratio":-0.051888989388989386,"profit_abs":-17.13395778,"exit_reason":"stop_loss","initial_stop_loss_abs":0.20809,"initial_stop_loss_ratio":-0.05,"stop_loss_abs":0.20809,"stop_loss_ratio":-0.05,"min_rate":0.095,"max_rate":0.22132,"is_open":false,"enter_tag":"","leverage":1.0,"is_short":false,"open_timestamp":1760130000000,"close_timestamp":1760130000000,"orders":[{"amount":1506.0,"safe_price":0.21904,"ft_order_side":"buy","order_filled_timestamp":1760130000000,"ft_is_entry":true,"ft_order_tag":"","cost":330.20411424},{"amount":1506.0,"safe_price":0.20809,"ft_order_side":"sell","order_filled_timestamp":1760130000000,"ft_is_entry":false,"ft_order_tag":"stop_loss","cost":313.69692353999994}],"funding_fees":0.0,"weekday":4},{"pair":"DOGE/USDT","stake_amount":324.22794,"max_stake_amount":324.22794,"amount":1758.0,"open_date":"2025-10-11 20:00:00+00:00","close_date":"2025-10-11 22:00:00+00:00","open_rate":0.18443,"close_rate":0.18479922922922923,"fee_open":0.001,"fee_close":0.001,"trade_duration":120,"profit_ratio":0.0,"profit_abs":0.0,"exit_reason":"roi","initial_stop_loss_abs":0.17521,"initial_stop_loss_ratio":-0.05,"stop_loss_abs":0.17521,"stop_loss_ratio":-0.05,"min_rate":0.17816,"max_rate":0.18622,"is_open":false,"enter_tag":"","leverage":1.0,"is_short":false,"open_timestamp":1760212800000,"close_timestamp":1760220000000,"orders":[{"amount":1758.0,"safe_price":0.18443,"ft_order_side":"buy","order_filled_timestamp":1760212800000,"ft_is_entry":true,"ft_order_tag":"","cost":324.55216794},{"amount":1758.0,"safe_price":0.18479922922922923,"ft_order_side":"sell","order_filled_timestamp":1760220000000,"ft_is_entry":false,"ft_order_tag":"roi","cost":325.2019220299699}],"funding_fees":0.0,"weekday":5},{"pair":"DOGE/USDT","stake_amount":324.3062,"max_stake_amount":324.3062,"amount":1735.0,"open_date":"2025-10-12 14:00:00+00:00","close_date":"2025-10-12 15:00:00+00:00","open_rate":0.18692,"close_rate":0.19664956956956955,"fee_open":0.001,"fee_close":0.001,"trade_duration":60,"profit_ratio":0.049950049950049945,"profit_abs":16.21531,"exit_reason":"roi","initial_stop_loss_abs":0.17758,"initial_stop_loss_ratio":-0.05,"stop_loss_abs":0.17758,"stop_loss_ratio":-0.05,"min_rate":0.18682,"max_rate":0.20676,"is_open":false,"enter_tag":"","leverage":1.0,"is_short":false,"open_timestamp":1760277600000,"close_timestamp":1760281200000,"orders":[{"amount":1735.0,"safe_price":0.18692,"ft_order_side":"buy","order_filled_timestamp":1760277600000,"ft_is_entry":true,"ft_order_tag":"","cost":324.63050619999996},{"amount":1735.0,"safe_price":0.19664956956956955,"ft_order_side":"sell","order_filled_timestamp":1760281200000,"ft_is_entry":false,"ft_order_tag":"roi","cost":341.52819020640635}],"funding_fees":0.0,"weekday":6},{"pair":"DOGE/USDT","stake_amount":329.58996,"max_stake_amount":329.58996,"amount":1596.0,"open_date":"2025-10-13 01:00:00+00:00","close_date":"2025-10-13 03:00:00+00:00","open_rate":0.20651,"close_rate":0.20886,"fee_open":0.001,"fee_close":0.001,"trade_duration":120,"profit_ratio":0.009358855758545847,"profit_abs":3.08766948,"exit_reason":"roi","initial_stop_loss_abs":0.19619,"initial_stop_loss_ratio":-0.05,"stop_loss_abs":0.19619,"stop_loss_ratio":-0.05,"min_rate":0.20548,"max_rate":0.20999,"is_open":false,"enter_tag":"","leverage":1.0,"is_short":false,"open_timestamp":1760317200000,"close_timestamp":1760324400000,"orders":[{"amount":1596.0,"safe_price":0.20651,"ft_order_side":"buy","order_filled_timestamp":1760317200000,"ft_is_entry":true,"ft_order_tag":"","cost":329.91954996},{"amount":1596.0,"safe_price":0.20886,"ft_order_side":"sell","order_filled_timestamp":1760324400000,"ft_is_entry":false,"ft_order_tag":"roi","cost":333.67390055999994}],"funding_fees":0.0,"weekday":0},{"pair":"DOGE/USDT","stake_amount":330.64077,"max_stake_amount":330.64077,"amount":1671.0,"open_date":"2025-10-14 08:00:00+00:00","close_date":"2025-10-14 10:00:00+00:00","open_rate":0.19787,"close_rate":0.19958,"fee_open":0.001,"fee_close":0.001,"trade_duration":120,"profit_ratio":0.006626768894924755,"profit_abs":2.19327105,"exit_reason":"roi","initial_stop_loss_abs":0.18798,"initial_stop_loss_ratio":-0.05,"stop_loss_abs":0.18798,"stop_loss_ratio":-0.05,"min_rate":0.19436,"max_rate":0.20153,"is_open":false,"enter_tag":"","leverage":1.0,"is_short":false,"open_timestamp":1760428800000,"close_timestamp":1760436000000,"orders":[{"amount":1671.0,"safe_price":0.19787,"ft_order_side":"buy","order_filled_timestamp":1760428800000,"ft_is_entry":true,"ft_order_tag":"","cost":330.9714107699999},{"amount":1671.0,"safe_price":0.19958,"ft_order_side":"sell","order_filled_timestamp":1760436000000,"ft_is_entry":false,"ft_order_tag":"roi","cost":333.8316781799999}],"funding_fees":0.0,"weekday":1},{"pair":"DOGE/USDT","stake_amount":331.405,"max_stake_amount":331.405,"amount":1678.0,"open_date":"2025-10-14 11:00:00+00:00","close_date":"2025-10-14 13:00:00+00:00","open_rate":0.1975,"close_rate":0.19789539539539538,"fee_open":0.001,"fee_close":0.001,"trade_duration":120,"profit_ratio":0.0,"profit_abs":0.0,"exit_reason":"roi","initial_stop_loss_abs":0.18763,"initial_stop_loss_ratio":-0.05,"stop_loss_abs":0.18763,"stop_loss_ratio":-0.05,"min_rate":0.1933,"max_rate":0.20041,"is_open":false,"enter_tag":"","leverage":1.0,"is_short":false,"open_timestamp":1760439600000,"close_timestamp":1760446800000,"orders":[{"amount":1678.0,"safe_price":0.1975,"ft_order_side":"buy","order_filled_timestamp":1760439600000,"ft_is_entry":true,"ft_order_tag":"","cost":331.736405},{"amount":1678.0,"safe_price":0.19789539539539538,"ft_order_side":"sell","order_filled_timestamp":1760446800000,"ft_is_entry":false,"ft_order_tag":"roi","cost":332.4005419469469}],"funding_fees":0.0,"weekday":1},{"pair":"DOGE/USDT","stake_amount":331.41405,"max_stake_amount":331.41405,"amount":1765.0,"open_date":"2025-10-16 20:00:00+00:00","close_date":"2025-10-16 22:00:00+00:00","open_rate":0.18777,"close_rate":0.18816,"fee_open":0.001,"fee_close":0.001,"trade_duration":120,"profit_ratio":7.48572405386593e-05,"profit_abs":0.02483355,"exit_reason":"roi","initial_stop_loss_abs":0.17839,"initial_stop_loss_ratio":-0.05,"stop_loss_abs":0.17839,"stop_loss_ratio":-0.05,"min_rate":0.18469,"max_rate":0.18864,"is_open":false,"enter_tag":"","leverage":1.0,"is_short":false,"open_timestamp":1760644800000,"close_timestamp":1760652000000,"orders":[{"amount":1765.0,"safe_price":0.18777,"ft_order_side":"buy","order_filled_timestamp":1760644800000,"ft_is_entry":true,"ft_order_tag":"","cost":331.74546404999995},{"amount":1765.0,"safe_price":0.18816,"ft_order_side":"sell","order_filled_timestamp":1760652000000,"ft_is_entry":false,"ft_order_tag":"roi","cost":332.43450239999993}],"funding_fees":0.0,"weekday":3},{"pair":"DOGE/USDT","stake_amount":331.42592,"max_stake_amount":331.42592,"amount":1856.0,"open_date":"2025-10-17 10:00:00+00:00","close_date":"2025-10-17 12:00:00+00:00","open_rate":0.17857,"close_rate":0.18272,"fee_open":0.001,"fee_close":0.001,"trade_duration":120,"profit_ratio":0.021195749985580308,"profit_abs":7.03184576,"exit_reason":"roi","initial_stop_loss_abs":0.16965,"initial_stop_loss_ratio":-0.05,"stop_loss_abs":0.16965,"stop_loss_ratio":-0.05,"min_rate":0.17555,"max_rate":0.18431,"is_open":false,"enter_tag":"","leverage":1.0,"is_short":false,"open_timestamp":1760695200000,"close_timestamp":1760702400000,"orders":[{"amount":1856.0,"safe_price":0.17857,"ft_order_side":"buy","order_filled_timestamp":1760695200000,"ft_is_entry":true,"ft_order_tag":"","cost":331.75734592},{"amount":1856.0,"safe_price":0.18272,"ft_order_side":"sell","order_filled_timestamp":1760702400000,"ft_is_entry":false,"ft_order_tag":"roi","cost":339.46744831999996}],"funding_fees":0.0,"weekday":4},{"pair":"DOGE/USDT","stake_amount":333.61739,"max_stake_amount":333.61739,"amount":2071.0,"open_date":"2025-11-04 06:00:00+00:00","close_date":"2025-11-04 08:00:00+00:00","open_rate":0.16109,"close_rate":0.16201,"fee_open":0.001,"fee_close":0.001,"trade_duration":120,"profit_ratio":0.0037016804041448653,"profit_abs":1.2361799,"exit_reason":"roi","initial_stop_loss_abs":0.15304,"initial_stop_loss_ratio":-0.05,"stop_loss_abs":0.15304,"stop_loss_ratio":-0.05,"min_rate":0.16062,"max_rate":0.16735,"is_open":false,"enter_tag":"","leverage":1.0,"is_short":false,"open_timestamp":1762236000000,"close_timestamp":1762243200000,"orders":[{"amount":2071.0,"safe_price":0.16109,"ft_order_side":"buy","order_filled_timestamp":1762236000000,"ft_is_entry":true,"ft_order_tag":"","cost":333.95100739},{"amount":2071.0,"safe_price":0.16201,"ft_order_side":"sell","order_filled_timestamp":1762243200000,"ft_is_entry":false,"ft_order_tag":"roi","cost":335.8582327099999}],"funding_fees":0.0,"weekday":1},{"pair":"DOGE/USDT","stake_amount":334.09376,"max_stake_amount":334.09376,"amount":2086.0,"open_date":"2025-11-04 17:00:00+00:00","close_date":"2025-11-04 19:00:00+00:00","open_rate":0.16016,"close_rate":0.16048064064064063,"fee_open":0.001,"fee_close":0.001,"trade_duration":120,"profit_ratio":0.0,"profit_abs":0.0,"exit_reason":"roi","initial_stop_loss_abs":0.15216,"initial_stop_loss_ratio":-0.05,"stop_loss_abs":0.15216,"stop_loss_ratio":-0.05,"min_rate":0.15419,"max_rate":0.16152,"is_open":false,"enter_tag":"","leverage":1.0,"is_short":false,"open_timestamp":1762275600000,"close_timestamp":1762282800000,"orders":[{"amount":2086.0,"safe_price":0.16016,"ft_order_side":"buy","order_filled_timestamp":1762275600000,"ft_is_entry":true,"ft_order_tag":"","cost":334.42785375999995},{"amount":2086.0,"safe_price":0.16048064064064063,"ft_order_side":"sell","order_filled_timestamp":1762282800000,"ft_is_entry":false,"ft_order_tag":"roi","cost":335.0973789927527}],"funding_fees":0.0,"weekday":1},{"pair":"DOGE/USDT","stake_amount":334.06074,"max_stake_amount":334.06074,"amount":2069.0,"open_date":"2025-11-05 11:00:00+00:00","close_date":"2025-11-05 13:00:00+00:00","open_rate":0.16146,"close_rate":0.16427,"fee_open":0.001,"fee_close":0.001,"trade_duration":120,"profit_ratio":0.015370916708709352,"profit_abs":5.13995463,"exit_reason":"roi","initial_stop_loss_abs":0.15339,"initial_stop_loss_ratio":-0.05,"stop_loss_abs":0.15339,"stop_loss_ratio":-0.05,"min_rate":0.16138,"max_rate":0.16617,"is_open":false,"enter_tag":"","leverage":1.0,"is_short":false,"open_timestamp":1762340400000,"close_timestamp":1762347600000,"orders":[{"amount":2069.0,"safe_price":0.16146,"ft_order_side":"buy","order_filled_timestamp":1762340400000,"ft_is_entry":true,"ft_order_tag":"","cost":334.39480074},{"amount":2069.0,"safe_price":0.16427,"ft_order_side":"sell","order_filled_timestamp":1762347600000,"ft_is_entry":false,"ft_order_tag":"roi","cost":340.21450462999996}],"funding_fees":0.0,"weekday":2},{"pair":"DOGE/USDT","stake_amount":335.77683,"max_stake_amount":335.77683,"amount":2113.0,"open_date":"2025-11-14 21:00:00+00:00","close_date":"2025-11-14 23:00:00+00:00","open_rate":0.15891,"close_rate":0.15933,"fee_open":0.001,"fee_close":0.001,"trade_duration":120,"profit_ratio":0.0006397227465756821,"profit_abs":0.21501888,"exit_reason":"roi","initial_stop_loss_abs":0.15097,"initial_stop_loss_ratio":-0.05,"stop_loss_abs":0.15097,"stop_loss_ratio":-0.05,"min_rate":0.15472,"max_rate":0.16111,"is_open":false,"enter_tag":"","leverage":1.0,"is_short":false,"open_timestamp":1763154000000,"close_timestamp":1763161200000,"orders":[{"amount":2113.0,"safe_price":0.15891,"ft_order_side":"buy","order_filled_timestamp":1763154000000,"ft_is_entry":true,"ft_order_tag":"","cost":336.11260683},{"amount":2113.0,"safe_price":0.15933,"ft_order_side":"sell","order_filled_timestamp":1763161200000,"ft_is_entry":false,"ft_order_tag":"roi","cost":337.00095429}],"funding_fees":0.0,"weekday":4},{"pair":"DOGE/USDT","stake_amount":335.8186,"max_stake_amount":335.8186,"amount":2437.0,"open_date":"2025-11-21 11:00:00+00:00","close_date":"2025-11-21 13:00:00+00:00","open_rate":0.1378,"close_rate":0.13891,"fee_open":0.001,"fee_close":0.001,"trade_duration":120,"profit_ratio":0.006041056186194068,"profit_abs":2.03072773,"exit_reason":"roi","initial_stop_loss_abs":0.13091,"initial_stop_loss_ratio":-0.05,"stop_loss_abs":0.13091,"stop_loss_ratio":-0.05,"min_rate":0.13321,"max_rate":0.14094,"is_open":false,"enter_tag":"","leverage":1.0,"is_short":false,"open_timestamp":1763722800000,"close_timestamp":1763730000000,"orders":[{"amount":2437.0,"safe_price":0.1378,"ft_order_side":"buy","order_filled_timestamp":1763722800000,"ft_is_entry":true,"ft_order_tag":"","cost":336.1544186},{"amount":2437.0,"safe_price":0.13891,"ft_order_side":"sell","order_filled_timestamp":1763730000000,"ft_is_entry":false,"ft_order_tag":"roi","cost":338.86219367}],"funding_fees":0.0,"weekday":4},{"pair":"DOGE/USDT","stake_amount":336.50848,"max_stake_amount":336.50848,"amount":2464.0,"open_date":"2025-11-21 23:00:00+00:00","close_date":"2025-11-22 01:00:00+00:00","open_rate":0.13657,"close_rate":0.14012,"fee_open":0.001,"fee_close":0.001,"trade_duration":120,"profit_ratio":0.023944057699640916,"profit_abs":8.06543584,"exit_reason":"roi","initial_stop_loss_abs":0.12975,"initial_stop_loss_ratio":-0.05,"stop_loss_abs":0.12975,"stop_loss_ratio":-0.05,"min_rate":0.13574,"max_rate":0.14148,"is_open":false,"enter_tag":"","leverage":1.0,"is_short":false,"open_timestamp":1763766000000,"close_timestamp":1763773200000,"orders":[{"amount":2464.0,"safe_price":0.13657,"ft_order_side":"buy","order_filled_timestamp":1763766000000,"ft_is_entry":true,"ft_order_tag":"","cost":336.84498848},{"amount":2464.0,"safe_price":0.14012,"ft_order_side":"sell","order_filled_timestamp":1763773200000,"ft_is_entry":false,"ft_order_tag":"roi","cost":345.60093567999996}],"funding_fees":0.0,"weekday":5},{"pair":"DOGE/USDT","stake_amount":339.174,"max_stake_amount":339.174,"amount":2475.0,"open_date":"2025-11-22 06:00:00+00:00","close_date":"2025-11-22 08:00:00+00:00","open_rate":0.13704,"close_rate":0.13969,"fee_open":0.001,"fee_close":0.001,"trade_duration":120,"profit_ratio":0.017300781530203597,"profit_abs":5.87384325,"exit_reason":"roi","initial_stop_loss_abs":0.13019,"initial_stop_loss_ratio":-0.05,"stop_loss_abs":0.13019,"stop_loss_ratio":-0.05,"min_rate":0.13549,"max_rate":0.14016,"is_open":false,"enter_tag":"","leverage":1.0,"is_short":false,"open_timestamp":1763791200000,"close_timestamp":1763798400000,"orders":[{"amount":2475.0,"safe_price":0.13704,"ft_order_side":"buy","order_filled_timestamp":1763791200000,"ft_is_entry":true,"ft_order_tag":"","cost":339.51317399999994},{"amount":2475.0,"safe_price":0.13969,"ft_order_side":"sell","order_filled_timestamp":1763798400000,"ft_is_entry":false,"ft_order_tag":"roi","cost":346.07848275}],"funding_fees":0.0,"weekday":5},{"pair":"DOGE/USDT","stake_amount":341.21143,"max_stake_amount":341.21143,"amount":2501.0,"open_date":"2025-11-22 09:00:00+00:00","close_date":"2025-11-22 11:00:00+00:00","open_rate":0.13643,"close_rate":0.13677,"fee_open":0.001,"fee_close":0.001,"trade_duration":120,"profit_ratio":0.0004891392416130377,"profit_abs":0.1670668,"exit_reason":"roi","initial_stop_loss_abs":0.12961,"initial_stop_loss_ratio":-0.05,"stop_loss_abs":0.12961,"stop_loss_ratio":-0.05,"min_rate":0.13582,"max_rate":0.14011,"is_open":false,"enter_tag":"","leverage":1.0,"is_short":false,"open_timestamp":1763802000000,"close_timestamp":1763809200000,"orders":[{"amount":2501.0,"safe_price":0.13643,"ft_order_side":"buy","order_filled_timestamp":1763802000000,"ft_is_entry":true,"ft_order_tag":"","cost":341.55264143},{"amount":2501.0,"safe_price":0.13677,"ft_order_side":"sell","order_filled_timestamp":1763809200000,"ft_is_entry":false,"ft_order_tag":"roi","cost":342.40383177}],"funding_fees":0.0,"weekday":5},{"pair":"DOGE/USDT","stake_amount":341.1364,"max_stake_amount":341.1364,"amount":2501.0,"open_date":"2025-11-22 14:00:00+00:00","close_date":"2025-11-22 16:00:00+00:00","open_rate":0.1364,"close_rate":0.13816,"fee_open":0.001,"fee_close":0.001,"trade_duration":120,"profit_ratio":0.010879443137507654,"profit_abs":3.71508544,"exit_reason":"roi","initial_stop_loss_abs":0.12958,"initial_stop_loss_ratio":-0.05,"stop_loss_abs":0.12958,"stop_loss_ratio":-0.05,"min_rate":0.13632,"max_rate":0.13977,"is_open":false,"enter_tag":"","leverage":1.0,"is_short":false,"open_timestamp":1763820000000,"close_timestamp":1763827200000,"orders":[{"amount":2501.0,"safe_price":0.1364,"ft_order_side":"buy","order_filled_timestamp":1763820000000,"ft_is_entry":true,"ft_order_tag":"","cost":341.47753639999996},{"amount":2501.0,"safe_price":0.13816,"ft_order_side":"sell","order_filled_timestamp":1763827200000,"ft_is_entry":false,"ft_order_tag":"roi","cost":345.88369816}],"funding_fees":0.0,"weekday":5}],"locks":[],"best_pair":{"key":"DOGE/USDT","trades":17,"profit_mean":0.0066872994173670175,"profit_mean_pct":0.67,"profit_total_abs":37.862284530000004,"profit_total":0.037862284530000005,"profit_total_pct":3.79,"duration_avg":"1:49:00","wins":13,"draws":3,"losses":1,"winrate":0.7647058823529411,"cagr":0.150090389382189,"expectancy":2.2271932076470593,"expectancy_ratio":-0.04648350432600612,"sortino":-100,"sharpe":1.1778263448376074,"calmar":43.52350079289485,"sqn":1.4071,"profit_factor":3.209780426457897,"max_drawdown_account":0.017133957779999945,"max_drawdown_abs":17.13395778},"worst_pair":{"key":"DOGE/USDT","trades":17,"profit_mean":0.0066872994173670175,"profit_mean_pct":0.67,"profit_total_abs":37.862284530000004,"profit_total":0.037862284530000005,"profit_total_pct":3.79,"duration_avg":"1:49:00","wins":13,"draws":3,"losses":1,"winrate":0.7647058823529411,"cagr":0.150090389382189,"expectancy":2.2271932076470593,"expectancy_ratio":-0.04648350432600612,"sortino":-100,"sharpe":1.1778263448376074,"calmar":43.52350079289485,"sqn":1.4071,"profit_factor":3.209780426457897,"max_drawdown_account":0.017133957779999945,"max_drawdown_abs":17.13395778},"results_per_pair":[{"key":"DOGE/USDT","trades":17,"profit_mean":0.0066872994173670175,"profit_mean_pct":0.67,"profit_total_abs":37.862284530000004,"profit_total":0.037862284530000005,"profit_total_pct":3.79,"duration_avg":"1:49:00","wins":13,"draws":3,"losses":1,"winrate":0.7647058823529411,"cagr":0.150090389382189,"expectancy":2.2271932076470593,"expectancy_ratio":-0.04648350432600612,"sortino":-100,"sharpe":1.1778263448376074,"calmar":43.52350079289485,"sqn":1.4071,"profit_factor":3.209780426457897,"max_drawdown_account":0.017133957779999945,"max_drawdown_abs":17.13395778},{"key":"TOTAL","trades":17,"profit_mean":0.0066872994173670175,"profit_mean_pct":0.67,"profit_total_abs":37.862284530000004,"profit_total":0.037862284530000005,"profit_total_pct":3.79,"duration_avg":"1:49:00","wins":13,"draws":3,"losses":1,"winrate":0.7647058823529411,"cagr":0.150090389382189,"expectancy":2.2271932076470593,"expectancy_ratio":-0.04648350432600612,"sortino":-100,"sharpe":1.1778263448376074,"calmar":43.52350079289485,"sqn":1.4071,"profit_factor":3.209780426457897,"max_drawdown_account":0.017133957779999945,"max_drawdown_abs":17.13395778}],"results_per_enter_tag":[{"key":"","trades":17,"profit_mean":0.0066872994173670175,"profit_mean_pct":0.67,"profit_total_abs":37.862284530000004,"profit_total":0.037862284530000005,"profit_total_pct":3.79,"duration_avg":"1:49:00","wins":13,"draws":3,"losses":1,"winrate":0.7647058823529411,"cagr":0.150090389382189,"expectancy":2.2271932076470593,"expectancy_ratio":-0.04648350432600612,"sortino":-100,"sharpe":1.1778263448376074,"calmar":43.52350079289485,"sqn":1.4071,"profit_factor":3.209780426457897,"max_drawdown_account":0.017133957779999945,"max_drawdown_abs":17.13395778},{"key":"TOTAL","trades":17,"profit_mean":0.0066872994173670175,"profit_mean_pct":0.67,"profit_total_abs":37.862284530000004,"profit_total":0.037862284530000005,"profit_total_pct":3.79,"duration_avg":"1:49:00","wins":13,"draws":3,"losses":1,"winrate":0.7647058823529411,"cagr":0.150090389382189,"expectancy":2.2271932076470593,"expectancy_ratio":-0.04648350432600612,"sortino":-100,"sharpe":1.1778263448376074,"calmar":43.52350079289485,"sqn":1.4071,"profit_factor":3.209780426457897,"max_drawdown_account":0.017133957779999945,"max_drawdown_abs":17.13395778}],"exit_reason_summary":[{"key":"roi","trades":16,"profit_mean":0.010348317467764292,"profit_mean_pct":1.03,"profit_total_abs":54.99624231,"profit_total":0.05499624231,"profit_total_pct":5.5,"duration_avg":"1:56:00","wins":13,"draws":3,"losses":0,"winrate":0.8125,"cagr":0.22318049750708235,"expectancy":3.4372651443750004,"expectancy_ratio":100.0,"sortino":-100,"sharpe":2.5747050576485964,"calmar":-100,"sqn":3.1643,"profit_factor":0.0,"max_drawdown_account":0.0,"max_drawdown_abs":0.0},{"key":"stop_loss","trades":1,"profit_mean":-0.051888989388989386,"profit_mean_pct":-5.19,"profit_total_abs":-17.13395778,"profit_total":-0.01713395778,"profit_total_pct":-1.71,"duration_avg":"0:00:00","wins":0,"draws":0,"losses":1,"winrate":0.0,"cagr":-0.06296240190550562,"expectancy":-17.13395778,"expectancy_ratio":-1.0,"sortino":-100,"sharpe":-100,"calmar":-19.69584863354934,"sqn":-100.0,"profit_factor":0.0,"max_drawdown_account":0.017133957779999945,"max_drawdown_abs":17.13395778},{"key":"TOTAL","trades":17,"profit_mean":0.0066872994173670175,"profit_mean_pct":0.67,"profit_total_abs":37.862284530000004,"profit_total":0.037862284530000005,"profit_total_pct":3.79,"duration_avg":"1:49:00","wins":13,"draws":3,"losses":1,"winrate":0.7647058823529411,"cagr":0.150090389382189,"expectancy":2.2271932076470593,"expectancy_ratio":-0.04648350432600612,"sortino":-100,"sharpe":1.1778263448376074,"calmar":43.52350079289485,"sqn":1.4071,"profit_factor":3.209780426457897,"max_drawdown_account":0.017133957779999945,"max_drawdown_abs":17.13395778}],"mix_tag_stats":[{"key":["","roi"],"trades":16,"profit_mean":0.010348317467764292,"profit_mean_pct":1.03,"profit_total_abs":54.99624231,"profit_total":0.05499624231,"profit_total_pct":5.5,"duration_avg":"1:56:00","wins":13,"draws":3,"losses":0,"winrate":0.8125,"cagr":0.22318049750708235,"expectancy":3.4372651443750004,"expectancy_ratio":100.0,"sortino":-100,"sharpe":2.5747050576485964,"calmar":-100,"sqn":3.1643,"profit_factor":0.0,"max_drawdown_account":0.0,"max_drawdown_abs":0.0},{"key":["","stop_loss"],"trades":1,"profit_mean":-0.051888989388989386,"profit_mean_pct":-5.19,"profit_total_abs":-17.13395778,"profit_total":-0.01713395778,"profit_total_pct":-1.71,"duration_avg":"0:00:00","wins":0,"draws":0,"losses":1,"winrate":0.0,"cagr":-0.06296240190550562,"expectancy":-17.13395778,"expectancy_ratio":-1.0,"sortino":-100,"sharpe":-100,"calmar":-19.69584863354934,"sqn":-100.0,"profit_factor":0.0,"max_drawdown_account":0.017133957779999945,"max_drawdown_abs":17.13395778},{"key":"TOTAL","trades":17,"profit_mean":0.0066872994173670175,"profit_mean_pct":0.67,"profit_total_abs":37.862284530000004,"profit_total":0.037862284530000005,"profit_total_pct":3.79,"duration_avg":"1:49:00","wins":13,"draws":3,"losses":1,"winrate":0.7647058823529411,"cagr":0.150090389382189,"expectancy":2.2271932076470593,"expectancy_ratio":-0.04648350432600612,"sortino":-100,"sharpe":1.1778263448376074,"calmar":43.52350079289485,"sqn":1.4071,"profit_factor":3.209780426457897,"max_drawdown_account":0.017133957779999945,"max_drawdown_abs":17.13395778}],"left_open_trades":[{"key":"TOTAL","trades":0,"profit_mean":0.0,"profit_mean_pct":0.0,"profit_total_abs":0.0,"profit_total":0.0,"profit_total_pct":0.0,"duration_avg":"0:00","wins":0,"draws":0,"losses":0,"winrate":0.0,"cagr":0.0,"expectancy":0.0,"expectancy_ratio":100.0,"sortino":0,"sharpe":0,"calmar":0,"sqn":0.0,"profit_factor":0.0,"max_drawdown_account":0.0,"max_drawdown_abs":0.0}],"total_trades":17,"trade_count_long":17,"trade_count_short":0,"total_volume":11389.181311546075,"avg_stake_amount":333.19304176470587,"profit_mean":0.0066872994173670175,"profit_median":0.006041056186194068,"profit_total":0.037862284530000005,"profit_total_long":0.037862284530000005,"profit_total_short":0.0,"profit_total_abs":37.862284530000004,"profit_total_long_abs":37.862284530000004,"profit_total_short_abs":0.0,"cagr":0.150090389382189,"expectancy":2.2271932076470593,"expectancy_ratio":-0.04648350432600612,"sortino":-100,"sharpe":1.1778263448376074,"calmar":43.52350079289485,"sqn":1.4071,"profit_factor":3.209780426457897,"backtest_start":"2025-10-01 00:00:00","backtest_start_ts":1759276800000,"backtest_end":"2026-01-06 20:00:00","backtest_end_ts":1767729600000,"backtest_days":97,"backtest_run_start_ts":1767741285,"backtest_run_end_ts":1767741285,"trades_per_day":0.18,"market_change":-0.36632086436227446,"pairlist":["DOGE/USDT"],"stake_amount":"unlimited","stake_currency":"USDT","stake_currency_decimals":3,"starting_balance":1000,"dry_run_wallet":1000,"final_balance":1037.86228453,"rejected_signals":0,"timedout_entry_orders":0,"timedout_exit_orders":0,"canceled_trade_entries":0,"canceled_entry_orders":0,"replaced_entry_orders":0,"max_open_trades":1,"max_open_trades_setting":3,"timeframe":"1h","timeframe_detail":"","timerange":"20251001-","enable_protections":false,"strategy_name":"ACO_22_2","freqaimodel":null,"freqai_identifier":null,"stoploss":-0.05,"trailing_stop":false,"trailing_stop_positive":null,"trailing_stop_positive_offset":0.0,"trailing_only_offset_is_reached":false,"use_custom_stoploss":false,"minimal_roi":{"0":0.1,"60":0.05,"120":0.0},"use_exit_signal":true,"exit_profit_only":false,"exit_profit_offset":0.0,"ignore_roi_if_entry_signal":false,"trading_mode":"spot","margin_mode":"","periodic_breakdown":{"day":[{"date":"10/10/2025","date_ts":1760054400000,"profit_abs":-17.13395778,"wins":0,"draws":0,"losses":1,"trades":1,"profit_factor":0.0},{"date":"11/10/2025","date_ts":1760140800000,"profit_abs":0.0,"wins":0,"draws":1,"losses":0,"trades":1,"profit_factor":0.0},{"date":"12/10/2025","date_ts":1760227200000,"profit_abs":16.21531,"wins":1,"draws":0,"losses":0,"trades":1,"profit_factor":0.0},{"date":"13/10/2025","date_ts":1760313600000,"profit_abs":3.08766948,"wins":1,"draws":0,"losses":0,"trades":1,"profit_factor":0.0},{"date":"14/10/2025","date_ts":1760400000000,"profit_abs":2.19327105,"wins":1,"draws":1,"losses":0,"trades":2,"profit_factor":0.0},{"date":"15/10/2025","date_ts":1760486400000,"profit_abs":0.0,"wins":0,"draws":0,"losses":0,"trades":0,"profit_factor":0.0},{"date":"16/10/2025","date_ts":1760572800000,"profit_abs":0.02483355,"wins":1,"draws":0,"losses":0,"trades":1,"profit_factor":0.0},{"date":"17/10/2025","date_ts":1760659200000,"profit_abs":7.03184576,"wins":1,"draws":0,"losses":0,"trades":1,"profit_factor":0.0},{"date":"18/10/2025","date_ts":1760745600000,"profit_abs":0.0,"wins":0,"draws":0,"losses":0,"trades":0,"profit_factor":0.0},{"date":"19/10/2025","date_ts":1760832000000,"profit_abs":0.0,"wins":0,"draws":0,"losses":0,"trades":0,"profit_factor":0.0},{"date":"20/10/2025","date_ts":1760918400000,"profit_abs":0.0,"wins":0,"draws":0,"losses":0,"trades":0,"profit_factor":0.0},{"date":"21/10/2025","date_ts":1761004800000,"profit_abs":0.0,"wins":0,"draws":0,"losses":0,"trades":0,"profit_factor":0.0},{"date":"22/10/2025","date_ts":1761091200000,"profit_abs":0.0,"wins":0,"draws":0,"losses":0,"trades":0,"profit_factor":0.0},{"date":"23/10/2025","date_ts":1761177600000,"profit_abs":0.0,"wins":0,"draws":0,"losses":0,"trades":0,"profit_factor":0.0},{"date":"24/10/2025","date_ts":1761264000000,"profit_abs":0.0,"wins":0,"draws":0,"losses":0,"trades":0,"profit_factor":0.0},{"date":"25/10/2025","date_ts":1761350400000,"profit_abs":0.0,"wins":0,"draws":0,"losses":0,"trades":0,"profit_factor":0.0},{"date":"26/10/2025","date_ts":1761436800000,"profit_abs":0.0,"wins":0,"draws":0,"losses":0,"trades":0,"profit_factor":0.0},{"date":"27/10/2025","date_ts":1761523200000,"profit_abs":0.0,"wins":0,"draws":0,"losses":0,"trades":0,"profit_factor":0.0},{"date":"28/10/2025","date_ts":1761609600000,"profit_abs":0.0,"wins":0,"draws":0,"losses":0,"trades":0,"profit_factor":0.0},{"date":"29/10/2025","date_ts":1761696000000,"profit_abs":0.0,"wins":0,"draws":0,"losses":0,"trades":0,"profit_factor":0.0},{"date":"30/10/2025","date_ts":1761782400000,"profit_abs":0.0,"wins":0,"draws":0,"losses":0,"trades":0,"profit_factor":0.0},{"date":"31/10/2025","date_ts":1761868800000,"profit_abs":0.0,"wins":0,"draws":0,"losses":0,"trades":0,"profit_factor":0.0},{"date":"01/11/2025","date_ts":1761955200000,"profit_abs":0.0,"wins":0,"draws":0,"losses":0,"trades":0,"profit_factor":0.0},{"date":"02/11/2025","date_ts":1762041600000,"profit_abs":0.0,"wins":0,"draws":0,"losses":0,"trades":0,"profit_factor":0.0},{"date":"03/11/2025","date_ts":1762128000000,"profit_abs":0.0,"wins":0,"draws":0,"losses":0,"trades":0,"profit_factor":0.0},{"date":"04/11/2025","date_ts":1762214400000,"profit_abs":1.2361799,"wins":1,"draws":1,"losses":0,"trades":2,"profit_factor":0.0},{"date":"05/11/2025","date_ts":1762300800000,"profit_abs":5.13995463,"wins":1,"draws":0,"losses":0,"trades":1,"profit_factor":0.0},{"date":"06/11/2025","date_ts":1762387200000,"profit_abs":0.0,"wins":0,"draws":0,"losses":0,"trades":0,"profit_factor":0.0},{"date":"07/11/2025","date_ts":1762473600000,"profit_abs":0.0,"wins":0,"draws":0,"losses":0,"trades":0,"profit_factor":0.0},{"date":"08/11/2025","date_ts":1762560000000,"profit_abs":0.0,"wins":0,"draws":0,"losses":0,"trades":0,"profit_factor":0.0},{"date":"09/11/2025","date_ts":1762646400000,"profit_abs":0.0,"wins":0,"draws":0,"losses":0,"trades":0,"profit_factor":0.0},{"date":"10/11/2025","date_ts":1762732800000,"profit_abs":0.0,"wins":0,"draws":0,"losses":0,"trades":0,"profit_factor":0.0},{"date":"11/11/2025","date_ts":1762819200000,"profit_abs":0.0,"wins":0,"draws":0,"losses":0,"trades":0,"profit_factor":0.0},{"date":"12/11/2025","date_ts":1762905600000,"profit_abs":0.0,"wins":0,"draws":0,"losses":0,"trades":0,"profit_factor":0.0},{"date":"13/11/2025","date_ts":1762992000000,"profit_abs":0.0,"wins":0,"draws":0,"losses":0,"trades":0,"profit_factor":0.0},{"date":"14/11/2025","date_ts":1763078400000,"profit_abs":0.21501888,"wins":1,"draws":0,"losses":0,"trades":1,"profit_factor":0.0},{"date":"15/11/2025","date_ts":1763164800000,"profit_abs":0.0,"wins":0,"draws":0,"losses":0,"trades":0,"profit_factor":0.0},{"date":"16/11/2025","date_ts":1763251200000,"profit_abs":0.0,"wins":0,"draws":0,"losses":0,"trades":0,"profit_factor":0.0},{"date":"17/11/2025","date_ts":1763337600000,"profit_abs":0.0,"wins":0,"draws":0,"losses":0,"trades":0,"profit_factor":0.0},{"date":"18/11/2025","date_ts":1763424000000,"profit_abs":0.0,"wins":0,"draws":0,"losses":0,"trades":0,"profit_factor":0.0},{"date":"19/11/2025","date_ts":1763510400000,"profit_abs":0.0,"wins":0,"draws":0,"losses":0,"trades":0,"profit_factor":0.0},{"date":"20/11/2025","date_ts":1763596800000,"profit_abs":0.0,"wins":0,"draws":0,"losses":0,"trades":0,"profit_factor":0.0},{"date":"21/11/2025","date_ts":1763683200000,"profit_abs":2.03072773,"wins":1,"draws":0,"losses":0,"trades":1,"profit_factor":0.0},{"date":"22/11/2025","date_ts":1763769600000,"profit_abs":17.82143133,"wins":4,"draws":0,"losses":0,"trades":4,"profit_factor":0.0}],"week":[{"date":"13/10/2025","date_ts":1760313600000,"profit_abs":2.1690217,"wins":2,"draws":1,"losses":1,"trades":4,"profit_factor":1.12659198},{"date":"20/10/2025","date_ts":1760918400000,"profit_abs":9.24995036,"wins":3,"draws":1,"losses":0,"trades":4,"profit_factor":0.0},{"date":"27/10/2025","date_ts":1761523200000,"profit_abs":0.0,"wins":0,"draws":0,"losses":0,"trades":0,"profit_factor":0.0},{"date":"03/11/2025","date_ts":1762128000000,"profit_abs":0.0,"wins":0,"draws":0,"losses":0,"trades":0,"profit_factor":0.0},{"date":"10/11/2025","date_ts":1762732800000,"profit_abs":6.37613453,"wins":2,"draws":1,"losses":0,"trades":3,"profit_factor":0.0},{"date":"17/11/2025","date_ts":1763337600000,"profit_abs":0.21501888,"wins":1,"draws":0,"losses":0,"trades":1,"profit_factor":0.0},{"date":"24/11/2025","date_ts":1763942400000,"profit_abs":19.85215906,"wins":5,"draws":0,"losses":0,"trades":5,"profit_factor":0.0}],"month":[{"date":"31/10/2025","date_ts":1761868800000,"profit_abs":11.41897206,"wins":5,"draws":2,"losses":1,"trades":8,"profit_factor":1.66645268},{"date":"30/11/2025","date_ts":1764460800000,"profit_abs":26.44331247,"wins":8,"draws":1,"losses":0,"trades":9,"profit_factor":0.0}],"year":[{"date":"31/12/2025","date_ts":1767139200000,"profit_abs":37.86228453,"wins":13,"draws":3,"losses":1,"trades":17,"profit_factor":3.20978043}],"weekday":[{"date":"Monday","date_ts":0,"profit_abs":3.08766948,"wins":1,"draws":0,"losses":0,"trades":1,"profit_factor":0.0},{"date":"Tuesday","date_ts":1,"profit_abs":3.42945095,"wins":2,"draws":2,"losses":0,"trades":4,"profit_factor":0.0},{"date":"Wednesday","date_ts":2,"profit_abs":5.13995463,"wins":1,"draws":0,"losses":0,"trades":1,"profit_factor":0.0},{"date":"Thursday","date_ts":3,"profit_abs":0.02483355,"wins":1,"draws":0,"losses":0,"trades":1,"profit_factor":0.0},{"date":"Friday","date_ts":4,"profit_abs":-7.85636541,"wins":3,"draws":0,"losses":1,"trades":4,"profit_factor":0.54147398},{"date":"Saturday","date_ts":5,"profit_abs":17.82143133,"wins":4,"draws":1,"losses":0,"trades":5,"profit_factor":0.0},{"date":"Sunday","date_ts":6,"profit_abs":16.21531,"wins":1,"draws":0,"losses":0,"trades":1,"profit_factor":0.0}]},"backtest_best_day":0.052613421608965205,"backtest_worst_day":-0.051888989388989386,"backtest_best_day_abs":17.82143133,"backtest_worst_day_abs":-17.13395778,"winning_days":10,"draw_days":33,"losing_days":1,"daily_profit":[["2025-10-10",-17.13395778],["2025-10-11",0.0],["2025-10-12",16.21531],["2025-10-13",3.08766948],["2025-10-14",2.19327105],["2025-10-15",0.0],["2025-10-16",0.02483355],["2025-10-17",7.03184576],["2025-10-18",0.0],["2025-10-19",0.0],["2025-10-20",0.0],["2025-10-21",0.0],["2025-10-22",0.0],["2025-10-23",0.0],["2025-10-24",0.0],["2025-10-25",0.0],["2025-10-26",0.0],["2025-10-27",0.0],["2025-10-28",0.0],["2025-10-29",0.0],["2025-10-30",0.0],["2025-10-31",0.0],["2025-11-01",0.0],["2025-11-02",0.0],["2025-11-03",0.0],["2025-11-04",1.2361799],["2025-11-05",5.13995463],["2025-11-06",0.0],["2025-11-07",0.0],["2025-11-08",0.0],["2025-11-09",0.0],["2025-11-10",0.0],["2025-11-11",0.0],["2025-11-12",0.0],["2025-11-13",0.0],["2025-11-14",0.21501888],["2025-11-15",0.0],["2025-11-16",0.0],["2025-11-17",0.0],["2025-11-18",0.0],["2025-11-19",0.0],["2025-11-20",0.0],["2025-11-21",2.03072773],["2025-11-22",17.82143133]],"wins":13,"losses":1,"draws":3,"winrate":0.7647058823529411,"holding_avg":"1:49:00","holding_avg_s":6540.0,"winner_holding_min":"0d 01:00","winner_holding_min_s":3600.0,"winner_holding_max":"0d 02:00","winner_holding_max_s":7200.0,"winner_holding_avg":"0d 01:55","winner_holding_avg_s":6900.0,"loser_holding_min":"0d 00:00","loser_holding_min_s":0.0,"loser_holding_max":"0d 00:00","loser_holding_max_s":0.0,"loser_holding_avg":"0d 00:00","loser_holding_avg_s":0.0,"max_consecutive_wins":7,"max_consecutive_losses":2,"max_drawdown_account":0.017133957779999945,"max_relative_drawdown":0.017133957779999945,"max_drawdown_abs":17.13395778,"drawdown_start":"2025-10-10 21:00:00","drawdown_start_ts":1760130000000.0,"drawdown_end":"2025-10-10 21:00:00","drawdown_end_ts":1760130000000.0,"drawdown_duration":"0 days 00:00:00","drawdown_duration_s":0.0,"max_drawdown_low":-17.13395778,"max_drawdown_high":0.0,"csum_min":982.86604222,"csum_max":1037.86228453}},"strategy_comparison":[{"key":"ACO_22_2","trades":17,"profit_mean":0.0066872994173670175,"profit_mean_pct":0.67,"profit_total_abs":37.862284530000004,"profit_total":0.037862284530000005,"profit_total_pct":3.79,"duration_avg":"1:49:00","wins":13,"draws":3,"losses":1,"winrate":0.7647058823529411,"cagr":0.150090389382189,"expectancy":2.2271932076470593,"expectancy_ratio":-0.04648350432600612,"sortino":-100,"sharpe":1.1778263448376074,"calmar":43.52350079289485,"sqn":1.4071,"profit_factor":3.209780426457897,"max_drawdown_account":0.017133957779999945,"max_drawdown_abs":"17.134"}]}