{"strategy":{"ACO_84_17":{"trades":[{"pair":"DOGE/USDT","stake_amount":329.95625,"max_stake_amount":329.95625,"amount":1625.0,"open_date":"2025-10-21 15:00:00+00:00","close_date":"2025-10-22 00:00:00+00:00","open_rate":0.20305,"close_rate":0.1929,"fee_open":0.001,"fee_close":0.001,"trade_duration":540,"profit_ratio":-0.05188581425961381,"profit_abs":-17.13716875,"exit_reason":"stop_loss","initial_stop_loss_abs":0.1929,"initial_stop_loss_ratio":-0.05,"stop_loss_abs":0.1929,"stop_loss_ratio":-0.05,"min_rate":0.19251,"max_rate":0.20563,"is_open":false,"enter_tag":"","leverage":1.0,"is_short":false,"open_timestamp":1761058800000,"close_timestamp":1761091200000,"orders":[{"amount":1625.0,"safe_price":0.20305,"ft_order_side":"buy","order_filled_timestamp":1761058800000,"ft_is_entry":true,"ft_order_tag":"","cost":330.28620624999996},{"amount":1625.0,"safe_price":0.1929,"ft_order_side":"sell","order_filled_timestamp":1761091200000,"ft_is_entry":false,"ft_order_tag":"stop_loss","cost":313.77596249999993}],"funding_fees":0.0,"weekday":2},{"pair":"DOGE/USDT","stake_amount":324.29205,"max_stake_amount":324.29205,"amount":1665.0,"open_date":"2025-10-23 07:00:00+00:00","close_date":"2025-10-23 10:00:00+00:00","open_rate":0.19477,"close_rate":0.19515992992992992,"fee_open":0.001,"fee_close":0.001,"trade_duration":180,"profit_ratio":0.0,"profit_abs":0.0,"exit_reason":"roi","initial_stop_loss_abs":0.18504,"initial_stop_loss_ratio":-0.05,"stop_loss_abs":0.18504,"stop_loss_ratio":-0.05,"min_rate":0.1931,"max_rate":0.19598,"is_open":false,"enter_tag":"","leverage":1.0,"is_short":false,"open_timestamp":1761202800000,"close_timestamp":1761213600000,"orders":[{"amount":1665.0,"safe_price":0.19477,"ft_order_side":"buy","order_filled_timestamp":1761202800000,"ft_is_entry":true,"ft_order_tag":"","cost":324.61634204999996},{"amount":1665.0,"safe_price":0.19515992992992992,"ft_order_side":"sell","order_filled_timestamp":1761213600000,"ft_is_entry":false,"ft_order_tag":"roi","cost":325.26622461666665}],"funding_fees":0.0,"weekday":3},{"pair":"DOGE/USDT","stake_amount":324.3175,"max_stake_amount":324.3175,"amount":1625.0,"open_date":"2025-10-26 10:00:00+00:00","close_date":"2025-10-26 12:00:00+00:00","open_rate":0.19958,"close_rate":0.20183,"fee_open":0.001,"fee_close":0.001,"trade_duration":120,"profit_ratio":0.009253147894294302,"profit_abs":3.00395875,"exit_reason":"roi","initial_stop_loss_abs":0.18961,"initial_stop_loss_ratio":-0.05,"stop_loss_abs":0.18961,"stop_loss_ratio":-0.05,"min_rate":0.19833,"max_rate":0.20286,"is_open":false,"enter_tag":"","leverage":1.0,"is_short":false,"open_timestamp":1761472800000,"close_timestamp":1761480000000,"orders":[{"amount":1625.0,"safe_price":0.19958,"ft_order_side":"buy","order_filled_timestamp":1761472800000,"ft_is_entry":true,"ft_order_tag":"","cost":324.64181749999995},{"amount":1625.0,"safe_price":0.20183,"ft_order_side":"sell","order_filled_timestamp":1761480000000,"ft_is_entry":false,"ft_order_tag":"roi","cost":328.30172374999995}],"funding_fees":0.0,"weekday":6},{"pair":"DOGE/USDT","stake_amount":325.21118,"max_stake_amount":325.21118,"amount":2138.0,"open_date":"2025-11-24 18:00:00+00:00","close_date":"2025-11-24 20:00:00+00:00","open_rate":0.15211,"close_rate":0.15249,"fee_open":0.001,"fee_close":0.001,"trade_duration":120,"profit_ratio":0.0004951987070191001,"profit_abs":0.1612052,"exit_reason":"roi","initial_stop_loss_abs":0.14451,"initial_stop_loss_ratio":-0.05,"stop_loss_abs":0.14451,"stop_loss_ratio":-0.05,"min_rate":0.15174,"max_rate":0.15397,"is_open":false,"enter_tag":"","leverage":1.0,"is_short":false,"open_timestamp":1764007200000,"close_timestamp":1764014400000,"orders":[{"amount":2138.0,"safe_price":0.15211,"ft_order_side":"buy","order_filled_timestamp":1764007200000,"ft_is_entry":true,"ft_order_tag":"","cost":325.53639117999995},{"amount":2138.0,"safe_price":0.15249,"ft_order_side":"sell","order_filled_timestamp":1764014400000,"ft_is_entry":false,"ft_order_tag":"roi","cost":326.34964361999994}],"funding_fees":0.0,"weekday":0},{"pair":"DOGE/USDT","stake_amount":325.2495,"max_stake_amount":325.2495,"amount":2175.0,"open_date":"2025-11-30 13:00:00+00:00","close_date":"2025-11-30 16:00:00+00:00","open_rate":0.14954,"close_rate":0.14983937937937936,"fee_open":0.001,"fee_close":0.001,"trade_duration":180,"profit_ratio":0.0,"profit_abs":0.0,"exit_reason":"roi","initial_stop_loss_abs":0.14207,"initial_stop_loss_ratio":-0.05,"stop_loss_abs":0.14207,"stop_loss_ratio":-0.05,"min_rate":0.14894,"max_rate":0.15059,"is_open":false,"enter_tag":"","leverage":1.0,"is_short":false,"open_timestamp":1764507600000,"close_timestamp":1764518400000,"orders":[{"amount":2175.0,"safe_price":0.14954,"ft_order_side":"buy","order_filled_timestamp":1764507600000,"ft_is_entry":true,"ft_order_tag":"","cost":325.5747495},{"amount":2175.0,"safe_price":0.14983937937937936,"ft_order_side":"sell","order_filled_timestamp":1764518400000,"ft_is_entry":false,"ft_order_tag":"roi","cost":326.22655080030023}],"funding_fees":0.0,"weekday":6},{"pair":"DOGE/USDT","stake_amount":325.335,"max_stake_amount":325.335,"amount":2300.0,"open_date":"2025-12-07 18:00:00+00:00","close_date":"2025-12-07 20:00:00+00:00","open_rate":0.14145,"close_rate":0.1421,"fee_open":0.001,"fee_close":0.001,"trade_duration":120,"profit_ratio":0.0025880800005932563,"profit_abs":0.842835,"exit_reason":"roi","initial_stop_loss_abs":0.13438,"initial_stop_loss_ratio":-0.05,"stop_loss_abs":0.13438,"stop_loss_ratio":-0.05,"min_rate":0.14126,"max_rate":0.14291,"is_open":false,"enter_tag":"","leverage":1.0,"is_short":false,"open_timestamp":1765130400000,"close_timestamp":1765137600000,"orders":[{"amount":2300.0,"safe_price":0.14145,"ft_order_side":"buy","order_filled_timestamp":1765130400000,"ft_is_entry":true,"ft_order_tag":"","cost":325.6603349999999},{"amount":2300.0,"safe_price":0.1421,"ft_order_side":"sell","order_filled_timestamp":1765137600000,"ft_is_entry":false,"ft_order_tag":"roi","cost":327.15682999999996}],"funding_fees":0.0,"weekday":6},{"pair":"DOGE/USDT","stake_amount":325.6638,"max_stake_amount":325.6638,"amount":2226.0,"open_date":"2025-12-09 16:00:00+00:00","close_date":"2025-12-09 18:00:00+00:00","open_rate":0.1463,"close_rate":0.15095,"fee_open":0.001,"fee_close":0.001,"trade_duration":120,"profit_ratio":0.029722498963783994,"profit_abs":9.6892215,"exit_reason":"roi","initial_stop_loss_abs":0.13899,"initial_stop_loss_ratio":-0.05,"stop_loss_abs":0.13899,"stop_loss_ratio":-0.05,"min_rate":0.1463,"max_rate":0.15319,"is_open":false,"enter_tag":"","leverage":1.0,"is_short":false,"open_timestamp":1765296000000,"close_timestamp":1765303200000,"orders":[{"amount":2226.0,"safe_price":0.1463,"ft_order_side":"buy","order_filled_timestamp":1765296000000,"ft_is_entry":true,"ft_order_tag":"","cost":325.9894638},{"amount":2226.0,"safe_price":0.15095,"ft_order_side":"sell","order_filled_timestamp":1765303200000,"ft_is_entry":false,"ft_order_tag":"roi","cost":336.35071469999997}],"funding_fees":0.0,"weekday":1},{"pair":"DOGE/USDT","stake_amount":328.83756,"max_stake_amount":328.83756,"amount":2476.0,"open_date":"2025-12-21 09:00:00+00:00","close_date":"2025-12-22 00:00:00+00:00","open_rate":0.13281,"close_rate":0.13307588588588587,"fee_open":0.001,"fee_close":0.001,"trade_duration":900,"profit_ratio":0.0,"profit_abs":0.0,"exit_reason":"roi","initial_stop_loss_abs":0.12617,"initial_stop_loss_ratio":-0.05,"stop_loss_abs":0.12617,"stop_loss_ratio":-0.05,"min_rate":0.12871,"max_rate":0.13424,"is_open":false,"enter_tag":"","leverage":1.0,"is_short":false,"open_timestamp":1766307600000,"close_timestamp":1766361600000,"orders":[{"amount":2476.0,"safe_price":0.13281,"ft_order_side":"buy","order_filled_timestamp":1766307600000,"ft_is_entry":true,"ft_order_tag":"","cost":329.16639756},{"amount":2476.0,"safe_price":0.13307588588588587,"ft_order_side":"sell","order_filled_timestamp":1766361600000,"ft_is_entry":false,"ft_order_tag":"roi","cost":329.82538934690683}],"funding_fees":0.0,"weekday":0},{"pair":"DOGE/USDT","stake_amount":328.8617,"max_stake_amount":328.8617,"amount":2498.0,"open_date":"2025-12-22 01:00:00+00:00","close_date":"2025-12-22 03:00:00+00:00","open_rate":0.13165,"close_rate":0.13191356356356354,"fee_open":0.001,"fee_close":0.001,"trade_duration":120,"profit_ratio":0.0,"profit_abs":0.0,"exit_reason":"roi","initial_stop_loss_abs":0.12507,"initial_stop_loss_ratio":-0.05,"stop_loss_abs":0.12507,"stop_loss_ratio":-0.05,"min_rate":0.12952,"max_rate":0.13301,"is_open":false,"enter_tag":"","leverage":1.0,"is_short":false,"open_timestamp":1766365200000,"close_timestamp":1766372400000,"orders":[{"amount":2498.0,"safe_price":0.13165,"ft_order_side":"buy","order_filled_timestamp":1766365200000,"ft_is_entry":true,"ft_order_tag":"","cost":329.19056169999993},{"amount":2498.0,"safe_price":0.13191356356356354,"ft_order_side":"sell","order_filled_timestamp":1766372400000,"ft_is_entry":false,"ft_order_tag":"roi","cost":329.84960186356346}],"funding_fees":0.0,"weekday":0},{"pair":"DOGE/USDT","stake_amount":328.74278,"max_stake_amount":328.74278,"amount":2627.0,"open_date":"2025-12-29 01:00:00+00:00","close_date":"2025-12-29 03:00:00+00:00","open_rate":0.12514,"close_rate":0.12639,"fee_open":0.001,"fee_close":0.001,"trade_duration":120,"profit_ratio":0.007970852864571899,"profit_abs":2.62298069,"exit_reason":"roi","initial_stop_loss_abs":0.11889,"initial_stop_loss_ratio":-0.05,"stop_loss_abs":0.11889,"stop_loss_ratio":-0.05,"min_rate":0.12437,"max_rate":0.12777,"is_open":false,"enter_tag":"","leverage":1.0,"is_short":false,"open_timestamp":1766970000000,"close_timestamp":1766977200000,"orders":[{"amount":2627.0,"safe_price":0.12514,"ft_order_side":"buy","order_filled_timestamp":1766970000000,"ft_is_entry":true,"ft_order_tag":"","cost":329.07152277999995},{"amount":2627.0,"safe_price":0.12639,"ft_order_side":"sell","order_filled_timestamp":1766977200000,"ft_is_entry":false,"ft_order_tag":"roi","cost":332.35855652999993}],"funding_fees":0.0,"weekday":0},{"pair":"DOGE/USDT","stake_amount":329.70402,"max_stake_amount":329.70402,"amount":2253.0,"open_date":"2026-01-04 01:00:00+00:00","close_date":"2026-01-04 03:00:00+00:00","open_rate":0.14634,"close_rate":0.14716,"fee_open":0.001,"fee_close":0.001,"trade_duration":120,"profit_ratio":0.003594191786073705,"profit_abs":1.1862045,"exit_reason":"roi","initial_stop_loss_abs":0.13903,"initial_stop_loss_ratio":-0.05,"stop_loss_abs":0.13903,"stop_loss_ratio":-0.05,"min_rate":0.14503,"max_rate":0.15196,"is_open":false,"enter_tag":"","leverage":1.0,"is_short":false,"open_timestamp":1767488400000,"close_timestamp":1767495600000,"orders":[{"amount":2253.0,"safe_price":0.14634,"ft_order_side":"buy","order_filled_timestamp":1767488400000,"ft_is_entry":true,"ft_order_tag":"","cost":330.03372401999997},{"amount":2253.0,"safe_price":0.14716,"ft_order_side":"sell","order_filled_timestamp":1767495600000,"ft_is_entry":false,"ft_order_tag":"roi","cost":331.88303148}],"funding_fees":0.0,"weekday":6},{"pair":"DOGE/USDT","stake_amount":330.04257,"max_stake_amount":330.04257,"amount":2157.0,"open_date":"2026-01-05 18:00:00+00:00","close_date":"2026-01-05 20:00:00+00:00","open_rate":0.15301,"close_rate":0.1533163263263263,"fee_open":0.001,"fee_close":0.001,"trade_duration":120,"profit_ratio":0.0,"profit_abs":0.0,"exit_reason":"roi","initial_stop_loss_abs":0.14536,"initial_stop_loss_ratio":-0.05,"stop_loss_abs":0.14536,"stop_loss_ratio":-0.05,"min_rate":0.15085,"max_rate":0.1545,"is_open":false,"enter_tag":"","leverage":1.0,"is_short":false,"open_timestamp":1767636000000,"close_timestamp":1767643200000,"orders":[{"amount":2157.0,"safe_price":0.15301,"ft_order_side":"buy","order_filled_timestamp":1767636000000,"ft_is_entry":true,"ft_order_tag":"","cost":330.37261257},{"amount":2157.0,"safe_price":0.1533163263263263,"ft_order_side":"sell","order_filled_timestamp":1767643200000,"ft_is_entry":false,"ft_order_tag":"roi","cost":331.0340192017717}],"funding_fees":0.0,"weekday":0}],"locks":[],"best_pair":{"key":"DOGE/USDT","trades":12,"profit_mean":0.00014484632972687025,"profit_mean_pct":0.01,"profit_total_abs":0.36923688999999893,"profit_total":0.00036923688999999894,"profit_total_pct":0.04,"duration_avg":"3:50:00","wins":6,"draws":5,"losses":1,"winrate":0.5,"cagr":0.0013901054017768644,"expectancy":0.030769740833332948,"expectancy_ratio":-0.41487116933089274,"sortino":-100,"sharpe":0.01250897521902098,"calmar":0.42436612496813186,"sqn":0.0176,"profit_factor":1.021545968029287,"max_drawdown_account":0.01713716875,"max_drawdown_abs":17.13716875},"worst_pair":{"key":"DOGE/USDT","trades":12,"profit_mean":0.00014484632972687025,"profit_mean_pct":0.01,"profit_total_abs":0.36923688999999893,"profit_total":0.00036923688999999894,"profit_total_pct":0.04,"duration_avg":"3:50:00","wins":6,"draws":5,"losses":1,"winrate":0.5,"cagr":0.0013901054017768644,"expectancy":0.030769740833332948,"expectancy_ratio":-0.41487116933089274,"sortino":-100,"sharpe":0.01250897521902098,"calmar":0.42436612496813186,"sqn":0.0176,"profit_factor":1.021545968029287,"max_drawdown_account":0.01713716875,"max_drawdown_abs":17.13716875},"results_per_pair":[{"key":"DOGE/USDT","trades":12,"profit_mean":0.00014484632972687025,"profit_mean_pct":0.01,"profit_total_abs":0.36923688999999893,"profit_total":0.00036923688999999894,"profit_total_pct":0.04,"duration_avg":"3:50:00","wins":6,"draws":5,"losses":1,"winrate":0.5,"cagr":0.0013901054017768644,"expectancy":0.030769740833332948,"expectancy_ratio":-0.41487116933089274,"sortino":-100,"sharpe":0.01250897521902098,"calmar":0.42436612496813186,"sqn":0.0176,"profit_factor":1.021545968029287,"max_drawdown_account":0.01713716875,"max_drawdown_abs":17.13716875},{"key":"TOTAL","trades":12,"profit_mean":0.00014484632972687025,"profit_mean_pct":0.01,"profit_total_abs":0.36923688999999893,"profit_total":0.00036923688999999894,"profit_total_pct":0.04,"duration_avg":"3:50:00","wins":6,"draws":5,"losses":1,"winrate":0.5,"cagr":0.0013901054017768644,"expectancy":0.030769740833332948,"expectancy_ratio":-0.41487116933089274,"sortino":-100,"sharpe":0.01250897521902098,"calmar":0.42436612496813186,"sqn":0.0176,"profit_factor":1.021545968029287,"max_drawdown_account":0.01713716875,"max_drawdown_abs":17.13716875}],"results_per_enter_tag":[{"key":"","trades":12,"profit_mean":0.00014484632972687025,"profit_mean_pct":0.01,"profit_total_abs":0.36923688999999893,"profit_total":0.00036923688999999894,"profit_total_pct":0.04,"duration_avg":"3:50:00","wins":6,"draws":5,"losses":1,"winrate":0.5,"cagr":0.0013901054017768644,"expectancy":0.030769740833332948,"expectancy_ratio":-0.41487116933089274,"sortino":-100,"sharpe":0.01250897521902098,"calmar":0.42436612496813186,"sqn":0.0176,"profit_factor":1.021545968029287,"max_drawdown_account":0.01713716875,"max_drawdown_abs":17.13716875},{"key":"TOTAL","trades":12,"profit_mean":0.00014484632972687025,"profit_mean_pct":0.01,"profit_total_abs":0.36923688999999893,"profit_total":0.00036923688999999894,"profit_total_pct":0.04,"duration_avg":"3:50:00","wins":6,"draws":5,"losses":1,"winrate":0.5,"cagr":0.0013901054017768644,"expectancy":0.030769740833332948,"expectancy_ratio":-0.41487116933089274,"sortino":-100,"sharpe":0.01250897521902098,"calmar":0.42436612496813186,"sqn":0.0176,"profit_factor":1.021545968029287,"max_drawdown_account":0.01713716875,"max_drawdown_abs":17.13716875}],"exit_reason_summary":[{"key":"roi","trades":11,"profit_mean":0.004874906383303296,"profit_mean_pct":0.49,"profit_total_abs":17.506405639999997,"profit_total":0.017506405639999997,"profit_total_pct":1.75,"duration_avg":"3:22:00","wins":6,"draws":5,"losses":0,"winrate":0.5454545454545454,"cagr":0.0674841815003866,"expectancy":1.5914914218181813,"expectancy_ratio":100.0,"sortino":-100,"sharpe":1.247255340944982,"calmar":-100,"sqn":1.8205,"profit_factor":0.0,"max_drawdown_account":0.0,"max_drawdown_abs":0.0},{"key":"stop_loss","trades":1,"profit_mean":-0.05188581425961381,"profit_mean_pct":-5.19,"profit_total_abs":-17.13716875,"profit_total":-0.01713716875,"profit_total_pct":-1.71,"duration_avg":"9:00:00","wins":0,"draws":0,"losses":1,"winrate":0.0,"cagr":-0.06297392099373345,"expectancy":-17.13716875,"expectancy_ratio":-1.0,"sortino":-100,"sharpe":-100,"calmar":-19.695848633549275,"sqn":-100.0,"profit_factor":0.0,"max_drawdown_account":0.01713716875,"max_drawdown_abs":17.13716875},{"key":"TOTAL","trades":12,"profit_mean":0.00014484632972687025,"profit_mean_pct":0.01,"profit_total_abs":0.36923688999999893,"profit_total":0.00036923688999999894,"profit_total_pct":0.04,"duration_avg":"3:50:00","wins":6,"draws":5,"losses":1,"winrate":0.5,"cagr":0.0013901054017768644,"expectancy":0.030769740833332948,"expectancy_ratio":-0.41487116933089274,"sortino":-100,"sharpe":0.01250897521902098,"calmar":0.42436612496813186,"sqn":0.0176,"profit_factor":1.021545968029287,"max_drawdown_account":0.01713716875,"max_drawdown_abs":17.13716875}],"mix_tag_stats":[{"key":["","roi"],"trades":11,"profit_mean":0.004874906383303296,"profit_mean_pct":0.49,"profit_total_abs":17.506405639999997,"profit_total":0.017506405639999997,"profit_total_pct":1.75,"duration_avg":"3:22:00","wins":6,"draws":5,"losses":0,"winrate":0.5454545454545454,"cagr":0.0674841815003866,"expectancy":1.5914914218181813,"expectancy_ratio":100.0,"sortino":-100,"sharpe":1.247255340944982,"calmar":-100,"sqn":1.8205,"profit_factor":0.0,"max_drawdown_account":0.0,"max_drawdown_abs":0.0},{"key":["","stop_loss"],"trades":1,"profit_mean":-0.05188581425961381,"profit_mean_pct":-5.19,"profit_total_abs":-17.13716875,"profit_total":-0.01713716875,"profit_total_pct":-1.71,"duration_avg":"9:00:00","wins":0,"draws":0,"losses":1,"winrate":0.0,"cagr":-0.06297392099373345,"expectancy":-17.13716875,"expectancy_ratio":-1.0,"sortino":-100,"sharpe":-100,"calmar":-19.695848633549275,"sqn":-100.0,"profit_factor":0.0,"max_drawdown_account":0.01713716875,"max_drawdown_abs":17.13716875},{"key":"TOTAL","trades":12,"profit_mean":0.00014484632972687025,"profit_mean_pct":0.01,"profit_total_abs":0.36923688999999893,"profit_total":0.00036923688999999894,"profit_total_pct":0.04,"duration_avg":"3:50:00","wins":6,"draws":5,"losses":1,"winrate":0.5,"cagr":0.0013901054017768644,"expectancy":0.030769740833332948,"expectancy_ratio":-0.41487116933089274,"sortino":-100,"sharpe":0.01250897521902098,"calmar":0.42436612496813186,"sqn":0.0176,"profit_factor":1.021545968029287,"max_drawdown_account":0.01713716875,"max_drawdown_abs":17.13716875}],"left_open_trades":[{"key":"TOTAL","trades":0,"profit_mean":0.0,"profit_mean_pct":0.0,"profit_total_abs":0.0,"profit_total":0.0,"profit_total_pct":0.0,"duration_avg":"0:00","wins":0,"draws":0,"losses":0,"winrate":0.0,"cagr":0.0,"expectancy":0.0,"expectancy_ratio":100.0,"sortino":0,"sharpe":0,"calmar":0,"sqn":0.0,"profit_factor":0.0,"max_drawdown_account":0.0,"max_drawdown_abs":0.0}],"total_trades":12,"trade_count_long":12,"trade_count_short":0,"total_volume":7868.5183723192085,"avg_stake_amount":327.1844925,"profit_mean":0.00014484632972687025,"profit_median":0.00024759935350955007,"profit_total":0.00036923688999999894,"profit_total_long":0.00036923688999999894,"profit_total_short":0.0,"profit_total_abs":0.36923688999999893,"profit_total_long_abs":0.36923688999999893,"profit_total_short_abs":0.0,"cagr":0.0013901054017768644,"expectancy":0.030769740833332948,"expectancy_ratio":-0.41487116933089274,"sortino":-100,"sharpe":0.01250897521902098,"calmar":0.42436612496813186,"sqn":0.0176,"profit_factor":1.021545968029287,"backtest_start":"2025-10-01 00:00:00","backtest_start_ts":1759276800000,"backtest_end":"2026-01-06 20:00:00","backtest_end_ts":1767729600000,"backtest_days":97,"backtest_run_start_ts":1767746490,"backtest_run_end_ts":1767746490,"trades_per_day":0.12,"market_change":-0.36632086436227446,"pairlist":["DOGE/USDT"],"stake_amount":"unlimited","stake_currency":"USDT","stake_currency_decimals":3,"starting_balance":1000,"dry_run_wallet":1000,"final_balance":1000.36923689,"rejected_signals":0,"timedout_entry_orders":0,"timedout_exit_orders":0,"canceled_trade_entries":0,"canceled_entry_orders":0,"replaced_entry_orders":0,"max_open_trades":1,"max_open_trades_setting":3,"timeframe":"1h","timeframe_detail":"","timerange":"20251001-","enable_protections":false,"strategy_name":"ACO_84_17","freqaimodel":null,"freqai_identifier":null,"stoploss":-0.05,"trailing_stop":false,"trailing_stop_positive":null,"trailing_stop_positive_offset":0.0,"trailing_only_offset_is_reached":false,"use_custom_stoploss":false,"minimal_roi":{"0":0.1,"60":0.05,"120":0.0},"use_exit_signal":true,"exit_profit_only":false,"exit_profit_offset":0.0,"ignore_roi_if_entry_signal":false,"trading_mode":"spot","margin_mode":"","periodic_breakdown":{"day":[{"date":"22/10/2025","date_ts":1761091200000,"profit_abs":-17.13716875,"wins":0,"draws":0,"losses":1,"trades":1,"profit_factor":0.0},{"date":"23/10/2025","date_ts":1761177600000,"profit_abs":0.0,"wins":0,"draws":1,"losses":0,"trades":1,"profit_factor":0.0},{"date":"24/10/2025","date_ts":1761264000000,"profit_abs":0.0,"wins":0,"draws":0,"losses":0,"trades":0,"profit_factor":0.0},{"date":"25/10/2025","date_ts":1761350400000,"profit_abs":0.0,"wins":0,"draws":0,"losses":0,"trades":0,"profit_factor":0.0},{"date":"26/10/2025","date_ts":1761436800000,"profit_abs":3.00395875,"wins":1,"draws":0,"losses":0,"trades":1,"profit_factor":0.0},{"date":"27/10/2025","date_ts":1761523200000,"profit_abs":0.0,"wins":0,"draws":0,"losses":0,"trades":0,"profit_factor":0.0},{"date":"28/10/2025","date_ts":1761609600000,"profit_abs":0.0,"wins":0,"draws":0,"losses":0,"trades":0,"profit_factor":0.0},{"date":"29/10/2025","date_ts":1761696000000,"profit_abs":0.0,"wins":0,"draws":0,"losses":0,"trades":0,"profit_factor":0.0},{"date":"30/10/2025","date_ts":1761782400000,"profit_abs":0.0,"wins":0,"draws":0,"losses":0,"trades":0,"profit_factor":0.0},{"date":"31/10/2025","date_ts":1761868800000,"profit_abs":0.0,"wins":0,"draws":0,"losses":0,"trades":0,"profit_factor":0.0},{"date":"01/11/2025","date_ts":1761955200000,"profit_abs":0.0,"wins":0,"draws":0,"losses":0,"trades":0,"profit_factor":0.0},{"date":"02/11/2025","date_ts":1762041600000,"profit_abs":0.0,"wins":0,"draws":0,"losses":0,"trades":0,"profit_factor":0.0},{"date":"03/11/2025","date_ts":1762128000000,"profit_abs":0.0,"wins":0,"draws":0,"losses":0,"trades":0,"profit_factor":0.0},{"date":"04/11/2025","date_ts":1762214400000,"profit_abs":0.0,"wins":0,"draws":0,"losses":0,"trades":0,"profit_factor":0.0},{"date":"05/11/2025","date_ts":1762300800000,"profit_abs":0.0,"wins":0,"draws":0,"losses":0,"trades":0,"profit_factor":0.0},{"date":"06/11/2025","date_ts":1762387200000,"profit_abs":0.0,"wins":0,"draws":0,"losses":0,"trades":0,"profit_factor":0.0},{"date":"07/11/2025","date_ts":1762473600000,"profit_abs":0.0,"wins":0,"draws":0,"losses":0,"trades":0,"profit_factor":0.0},{"date":"08/11/2025","date_ts":1762560000000,"profit_abs":0.0,"wins":0,"draws":0,"losses":0,"trades":0,"profit_factor":0.0},{"date":"09/11/2025","date_ts":1762646400000,"profit_abs":0.0,"wins":0,"draws":0,"losses":0,"trades":0,"profit_factor":0.0},{"date":"10/11/2025","date_ts":1762732800000,"profit_abs":0.0,"wins":0,"draws":0,"losses":0,"trades":0,"profit_factor":0.0},{"date":"11/11/2025","date_ts":1762819200000,"profit_abs":0.0,"wins":0,"draws":0,"losses":0,"trades":0,"profit_factor":0.0},{"date":"12/11/2025","date_ts":1762905600000,"profit_abs":0.0,"wins":0,"draws":0,"losses":0,"trades":0,"profit_factor":0.0},{"date":"13/11/2025","date_ts":1762992000000,"profit_abs":0.0,"wins":0,"draws":0,"losses":0,"trades":0,"profit_factor":0.0},{"date":"14/11/2025","date_ts":1763078400000,"profit_abs":0.0,"wins":0,"draws":0,"losses":0,"trades":0,"profit_factor":0.0},{"date":"15/11/2025","date_ts":1763164800000,"profit_abs":0.0,"wins":0,"draws":0,"losses":0,"trades":0,"profit_factor":0.0},{"date":"16/11/2025","date_ts":1763251200000,"profit_abs":0.0,"wins":0,"draws":0,"losses":0,"trades":0,"profit_factor":0.0},{"date":"17/11/2025","date_ts":1763337600000,"profit_abs":0.0,"wins":0,"draws":0,"losses":0,"trades":0,"profit_factor":0.0},{"date":"18/11/2025","date_ts":1763424000000,"profit_abs":0.0,"wins":0,"draws":0,"losses":0,"trades":0,"profit_factor":0.0},{"date":"19/11/2025","date_ts":1763510400000,"profit_abs":0.0,"wins":0,"draws":0,"losses":0,"trades":0,"profit_factor":0.0},{"date":"20/11/2025","date_ts":1763596800000,"profit_abs":0.0,"wins":0,"draws":0,"losses":0,"trades":0,"profit_factor":0.0},{"date":"21/11/2025","date_ts":1763683200000,"profit_abs":0.0,"wins":0,"draws":0,"losses":0,"trades":0,"profit_factor":0.0},{"date":"22/11/2025","date_ts":1763769600000,"profit_abs":0.0,"wins":0,"draws":0,"losses":0,"trades":0,"profit_factor":0.0},{"date":"23/11/2025","date_ts":1763856000000,"profit_abs":0.0,"wins":0,"draws":0,"losses":0,"trades":0,"profit_factor":0.0},{"date":"24/11/2025","date_ts":1763942400000,"profit_abs":0.1612052,"wins":1,"draws":0,"losses":0,"trades":1,"profit_factor":0.0},{"date":"25/11/2025","date_ts":1764028800000,"profit_abs":0.0,"wins":0,"draws":0,"losses":0,"trades":0,"profit_factor":0.0},{"date":"26/11/2025","date_ts":1764115200000,"profit_abs":0.0,"wins":0,"draws":0,"losses":0,"trades":0,"profit_factor":0.0},{"date":"27/11/2025","date_ts":1764201600000,"profit_abs":0.0,"wins":0,"draws":0,"losses":0,"trades":0,"profit_factor":0.0},{"date":"28/11/2025","date_ts":1764288000000,"profit_abs":0.0,"wins":0,"draws":0,"losses":0,"trades":0,"profit_factor":0.0},{"date":"29/11/2025","date_ts":1764374400000,"profit_abs":0.0,"wins":0,"draws":0,"losses":0,"trades":0,"profit_factor":0.0},{"date":"30/11/2025","date_ts":1764460800000,"profit_abs":0.0,"wins":0,"draws":1,"losses":0,"trades":1,"profit_factor":0.0},{"date":"01/12/2025","date_ts":1764547200000,"profit_abs":0.0,"wins":0,"draws":0,"losses":0,"trades":0,"profit_factor":0.0},{"date":"02/12/2025","date_ts":1764633600000,"profit_abs":0.0,"wins":0,"draws":0,"losses":0,"trades":0,"profit_factor":0.0},{"date":"03/12/2025","date_ts":1764720000000,"profit_abs":0.0,"wins":0,"draws":0,"losses":0,"trades":0,"profit_factor":0.0},{"date":"04/12/2025","date_ts":1764806400000,"profit_abs":0.0,"wins":0,"draws":0,"losses":0,"trades":0,"profit_factor":0.0},{"date":"05/12/2025","date_ts":1764892800000,"profit_abs":0.0,"wins":0,"draws":0,"losses":0,"trades":0,"profit_factor":0.0},{"date":"06/12/2025","date_ts":1764979200000,"profit_abs":0.0,"wins":0,"draws":0,"losses":0,"trades":0,"profit_factor":0.0},{"date":"07/12/2025","date_ts":1765065600000,"profit_abs":0.842835,"wins":1,"draws":0,"losses":0,"trades":1,"profit_factor":0.0},{"date":"08/12/2025","date_ts":1765152000000,"profit_abs":0.0,"wins":0,"draws":0,"losses":0,"trades":0,"profit_factor":0.0},{"date":"09/12/2025","date_ts":1765238400000,"profit_abs":9.6892215,"wins":1,"draws":0,"losses":0,"trades":1,"profit_factor":0.0},{"date":"10/12/2025","date_ts":1765324800000,"profit_abs":0.0,"wins":0,"draws":0,"losses":0,"trades":0,"profit_factor":0.0},{"date":"11/12/2025","date_ts":1765411200000,"profit_abs":0.0,"wins":0,"draws":0,"losses":0,"trades":0,"profit_factor":0.0},{"date":"12/12/2025","date_ts":1765497600000,"profit_abs":0.0,"wins":0,"draws":0,"losses":0,"trades":0,"profit_factor":0.0},{"date":"13/12/2025","date_ts":1765584000000,"profit_abs":0.0,"wins":0,"draws":0,"losses":0,"trades":0,"profit_factor":0.0},{"date":"14/12/2025","date_ts":1765670400000,"profit_abs":0.0,"wins":0,"draws":0,"losses":0,"trades":0,"profit_factor":0.0},{"date":"15/12/2025","date_ts":1765756800000,"profit_abs":0.0,"wins":0,"draws":0,"losses":0,"trades":0,"profit_factor":0.0},{"date":"16/12/2025","date_ts":1765843200000,"profit_abs":0.0,"wins":0,"draws":0,"losses":0,"trades":0,"profit_factor":0.0},{"date":"17/12/2025","date_ts":1765929600000,"profit_abs":0.0,"wins":0,"draws":0,"losses":0,"trades":0,"profit_factor":0.0},{"date":"18/12/2025","date_ts":1766016000000,"profit_abs":0.0,"wins":0,"draws":0,"losses":0,"trades":0,"profit_factor":0.0},{"date":"19/12/2025","date_ts":1766102400000,"profit_abs":0.0,"wins":0,"draws":0,"losses":0,"trades":0,"profit_factor":0.0},{"date":"20/12/2025","date_ts":1766188800000,"profit_abs":0.0,"wins":0,"draws":0,"losses":0,"trades":0,"profit_factor":0.0},{"date":"21/12/2025","date_ts":1766275200000,"profit_abs":0.0,"wins":0,"draws":0,"losses":0,"trades":0,"profit_factor":0.0},{"date":"22/12/2025","date_ts":1766361600000,"profit_abs":0.0,"wins":0,"draws":2,"losses":0,"trades":2,"profit_factor":0.0},{"date":"23/12/2025","date_ts":1766448000000,"profit_abs":0.0,"wins":0,"draws":0,"losses":0,"trades":0,"profit_factor":0.0},{"date":"24/12/2025","date_ts":1766534400000,"profit_abs":0.0,"wins":0,"draws":0,"losses":0,"trades":0,"profit_factor":0.0},{"date":"25/12/2025","date_ts":1766620800000,"profit_abs":0.0,"wins":0,"draws":0,"losses":0,"trades":0,"profit_factor":0.0},{"date":"26/12/2025","date_ts":1766707200000,"profit_abs":0.0,"wins":0,"draws":0,"losses":0,"trades":0,"profit_factor":0.0},{"date":"27/12/2025","date_ts":1766793600000,"profit_abs":0.0,"wins":0,"draws":0,"losses":0,"trades":0,"profit_factor":0.0},{"date":"28/12/2025","date_ts":1766880000000,"profit_abs":0.0,"wins":0,"draws":0,"losses":0,"trades":0,"profit_factor":0.0},{"date":"29/12/2025","date_ts":1766966400000,"profit_abs":2.62298069,"wins":1,"draws":0,"losses":0,"trades":1,"profit_factor":0.0},{"date":"30/12/2025","date_ts":1767052800000,"profit_abs":0.0,"wins":0,"draws":0,"losses":0,"trades":0,"profit_factor":0.0},{"date":"31/12/2025","date_ts":1767139200000,"profit_abs":0.0,"wins":0,"draws":0,"losses":0,"trades":0,"profit_factor":0.0},{"date":"01/01/2026","date_ts":1767225600000,"profit_abs":0.0,"wins":0,"draws":0,"losses":0,"trades":0,"profit_factor":0.0},{"date":"02/01/2026","date_ts":1767312000000,"profit_abs":0.0,"wins":0,"draws":0,"losses":0,"trades":0,"profit_factor":0.0},{"date":"03/01/2026","date_ts":1767398400000,"profit_abs":0.0,"wins":0,"draws":0,"losses":0,"trades":0,"profit_factor":0.0},{"date":"04/01/2026","date_ts":1767484800000,"profit_abs":1.1862045,"wins":1,"draws":0,"losses":0,"trades":1,"profit_factor":0.0},{"date":"05/01/2026","date_ts":1767571200000,"profit_abs":0.0,"wins":0,"draws":1,"losses":0,"trades":1,"profit_factor":0.0}],"week":[{"date":"27/10/2025","date_ts":1761523200000,"profit_abs":-14.13321,"wins":1,"draws":1,"losses":1,"trades":3,"profit_factor":0.17528909},{"date":"03/11/2025","date_ts":1762128000000,"profit_abs":0.0,"wins":0,"draws":0,"losses":0,"trades":0,"profit_factor":0.0},{"date":"10/11/2025","date_ts":1762732800000,"profit_abs":0.0,"wins":0,"draws":0,"losses":0,"trades":0,"profit_factor":0.0},{"date":"17/11/2025","date_ts":1763337600000,"profit_abs":0.0,"wins":0,"draws":0,"losses":0,"trades":0,"profit_factor":0.0},{"date":"24/11/2025","date_ts":1763942400000,"profit_abs":0.1612052,"wins":1,"draws":0,"losses":0,"trades":1,"profit_factor":0.0},{"date":"01/12/2025","date_ts":1764547200000,"profit_abs":0.0,"wins":0,"draws":1,"losses":0,"trades":1,"profit_factor":0.0},{"date":"08/12/2025","date_ts":1765152000000,"profit_abs":0.842835,"wins":1,"draws":0,"losses":0,"trades":1,"profit_factor":0.0},{"date":"15/12/2025","date_ts":1765756800000,"profit_abs":9.6892215,"wins":1,"draws":0,"losses":0,"trades":1,"profit_factor":0.0},{"date":"22/12/2025","date_ts":1766361600000,"profit_abs":0.0,"wins":0,"draws":2,"losses":0,"trades":2,"profit_factor":0.0},{"date":"29/12/2025","date_ts":1766966400000,"profit_abs":2.62298069,"wins":1,"draws":0,"losses":0,"trades":1,"profit_factor":0.0},{"date":"05/01/2026","date_ts":1767571200000,"profit_abs":1.1862045,"wins":1,"draws":1,"losses":0,"trades":2,"profit_factor":0.0}],"month":[{"date":"31/10/2025","date_ts":1761868800000,"profit_abs":-14.13321,"wins":1,"draws":1,"losses":1,"trades":3,"profit_factor":0.17528909},{"date":"30/11/2025","date_ts":1764460800000,"profit_abs":0.1612052,"wins":1,"draws":1,"losses":0,"trades":2,"profit_factor":0.0},{"date":"31/12/2025","date_ts":1767139200000,"profit_abs":13.15503719,"wins":3,"draws":2,"losses":0,"trades":5,"profit_factor":0.0},{"date":"31/01/2026","date_ts":1769817600000,"profit_abs":1.1862045,"wins":1,"draws":1,"losses":0,"trades":2,"profit_factor":0.0}],"year":[{"date":"31/12/2025","date_ts":1767139200000,"profit_abs":-0.81696761,"wins":5,"draws":4,"losses":1,"trades":10,"profit_factor":0.95232774},{"date":"31/12/2026","date_ts":1798675200000,"profit_abs":1.1862045,"wins":1,"draws":1,"losses":0,"trades":2,"profit_factor":0.0}],"weekday":[{"date":"Monday","date_ts":0,"profit_abs":2.78418589,"wins":2,"draws":3,"losses":0,"trades":5,"profit_factor":0.0},{"date":"Tuesday","date_ts":1,"profit_abs":9.6892215,"wins":1,"draws":0,"losses":0,"trades":1,"profit_factor":0.0},{"date":"Wednesday","date_ts":2,"profit_abs":-17.13716875,"wins":0,"draws":0,"losses":1,"trades":1,"profit_factor":0.0},{"date":"Thursday","date_ts":3,"profit_abs":0.0,"wins":0,"draws":1,"losses":0,"trades":1,"profit_factor":0.0},{"date":"Sunday","date_ts":6,"profit_abs":5.03299825,"wins":3,"draws":1,"losses":0,"trades":4,"profit_factor":0.0}]},"backtest_best_day":0.029722498963783994,"backtest_worst_day":-0.05188581425961381,"backtest_best_day_abs":9.6892215,"backtest_worst_day_abs":-17.13716875,"winning_days":6,"draw_days":69,"losing_days":1,"daily_profit":[["2025-10-22",-17.13716875],["2025-10-23",0.0],["2025-10-24",0.0],["2025-10-25",0.0],["2025-10-26",3.00395875],["2025-10-27",0.0],["2025-10-28",0.0],["2025-10-29",0.0],["2025-10-30",0.0],["2025-10-31",0.0],["2025-11-01",0.0],["2025-11-02",0.0],["2025-11-03",0.0],["2025-11-04",0.0],["2025-11-05",0.0],["2025-11-06",0.0],["2025-11-07",0.0],["2025-11-08",0.0],["2025-11-09",0.0],["2025-11-10",0.0],["2025-11-11",0.0],["2025-11-12",0.0],["2025-11-13",0.0],["2025-11-14",0.0],["2025-11-15",0.0],["2025-11-16",0.0],["2025-11-17",0.0],["2025-11-18",0.0],["2025-11-19",0.0],["2025-11-20",0.0],["2025-11-21",0.0],["2025-11-22",0.0],["2025-11-23",0.0],["2025-11-24",0.1612052],["2025-11-25",0.0],["2025-11-26",0.0],["2025-11-27",0.0],["2025-11-28",0.0],["2025-11-29",0.0],["2025-11-30",0.0],["2025-12-01",0.0],["2025-12-02",0.0],["2025-12-03",0.0],["2025-12-04",0.0],["2025-12-05",0.0],["2025-12-06",0.0],["2025-12-07",0.842835],["2025-12-08",0.0],["2025-12-09",9.6892215],["2025-12-10",0.0],["2025-12-11",0.0],["2025-12-12",0.0],["2025-12-13",0.0],["2025-12-14",0.0],["2025-12-15",0.0],["2025-12-16",0.0],["2025-12-17",0.0],["2025-12-18",0.0],["2025-12-19",0.0],["2025-12-20",0.0],["2025-12-21",0.0],["2025-12-22",0.0],["2025-12-23",0.0],["2025-12-24",0.0],["2025-12-25",0.0],["2025-12-26",0.0],["2025-12-27",0.0],["2025-12-28",0.0],["2025-12-29",2.62298069],["2025-12-30",0.0],["2025-12-31",0.0],["2026-01-01",0.0],["2026-01-02",0.0],["2026-01-03",0.0],["2026-01-04",1.1862045],["2026-01-05",0.0]],"wins":6,"losses":1,"draws":5,"winrate":0.5,"holding_avg":"3:50:00","holding_avg_s":13800.0,"winner_holding_min":"0d 02:00","winner_holding_min_s":7200.0,"winner_holding_max":"0d 02:00","winner_holding_max_s":7200.0,"winner_holding_avg":"0d 02:00","winner_holding_avg_s":7200.0,"loser_holding_min":"0d 09:00","loser_holding_min_s":32400.0,"loser_holding_max":"0d 09:00","loser_holding_max_s":32400.0,"loser_holding_avg":"0d 09:00","loser_holding_avg_s":32400.0,"max_consecutive_wins":2,"max_consecutive_losses":2,"max_drawdown_account":0.01713716875,"max_relative_drawdown":0.01713716875,"max_drawdown_abs":17.13716875,"drawdown_start":"2025-10-22 00:00:00","drawdown_start_ts":1761091200000.0,"drawdown_end":"2025-10-22 00:00:00","drawdown_end_ts":1761091200000.0,"drawdown_duration":"0 days 00:00:00","drawdown_duration_s":0.0,"max_drawdown_low":-17.13716875,"max_drawdown_high":0.0,"csum_min":982.86283125,"csum_max":1000.36923689}},"strategy_comparison":[{"key":"ACO_84_17","trades":12,"profit_mean":0.00014484632972687025,"profit_mean_pct":0.01,"profit_total_abs":0.36923688999999893,"profit_total":0.00036923688999999894,"profit_total_pct":0.04,"duration_avg":"3:50:00","wins":6,"draws":5,"losses":1,"winrate":0.5,"cagr":0.0013901054017768644,"expectancy":0.030769740833332948,"expectancy_ratio":-0.41487116933089274,"sortino":-100,"sharpe":0.01250897521902098,"calmar":0.42436612496813186,"sqn":0.0176,"profit_factor":1.021545968029287,"max_drawdown_account":0.01713716875,"max_drawdown_abs":"17.137"}]}