{"strategy":{"ACO_57_10":{"trades":[{"pair":"DOGE/USDT","stake_amount":329.946,"max_stake_amount":329.946,"amount":1270.0,"open_date":"2025-10-03 19:00:00+00:00","close_date":"2025-10-03 21:00:00+00:00","open_rate":0.2598,"close_rate":0.26032012012012007,"fee_open":0.001,"fee_close":0.001,"trade_duration":120,"profit_ratio":0.0,"profit_abs":0.0,"exit_reason":"roi","initial_stop_loss_abs":0.24681,"initial_stop_loss_ratio":-0.05,"stop_loss_abs":0.24681,"stop_loss_ratio":-0.05,"min_rate":0.25796,"max_rate":0.26123,"is_open":false,"enter_tag":"","leverage":1.0,"is_short":false,"open_timestamp":1759518000000,"close_timestamp":1759525200000,"orders":[{"amount":1270.0,"safe_price":0.2598,"ft_order_side":"buy","order_filled_timestamp":1759518000000,"ft_is_entry":true,"ft_order_tag":"","cost":330.2759459999999},{"amount":1270.0,"safe_price":0.26032012012012007,"ft_order_side":"sell","order_filled_timestamp":1759525200000,"ft_is_entry":false,"ft_order_tag":"roi","cost":330.937159105105}],"funding_fees":0.0,"weekday":4},{"pair":"DOGE/USDT","stake_amount":329.89632,"max_stake_amount":329.89632,"amount":1248.0,"open_date":"2025-10-07 13:00:00+00:00","close_date":"2025-10-07 15:00:00+00:00","open_rate":0.26434,"close_rate":0.25113,"fee_open":0.001,"fee_close":0.001,"trade_duration":120,"profit_ratio":-0.05187167376015073,"profit_abs":-17.12938656,"exit_reason":"stop_loss","initial_stop_loss_abs":0.25113,"initial_stop_loss_ratio":-0.05,"stop_loss_abs":0.25113,"stop_loss_ratio":-0.05,"min_rate":0.25026,"max_rate":0.26548,"is_open":false,"enter_tag":"","leverage":1.0,"is_short":false,"open_timestamp":1759842000000,"close_timestamp":1759849200000,"orders":[{"amount":1248.0,"safe_price":0.26434,"ft_order_side":"buy","order_filled_timestamp":1759842000000,"ft_is_entry":true,"ft_order_tag":"","cost":330.22621632},{"amount":1248.0,"safe_price":0.25113,"ft_order_side":"sell","order_filled_timestamp":1759849200000,"ft_is_entry":false,"ft_order_tag":"stop_loss","cost":313.72365024}],"funding_fees":0.0,"weekday":1},{"pair":"DOGE/USDT","stake_amount":324.32816,"max_stake_amount":324.32816,"amount":1294.0,"open_date":"2025-10-10 11:00:00+00:00","close_date":"2025-10-10 13:00:00+00:00","open_rate":0.25064,"close_rate":0.2511417817817817,"fee_open":0.001,"fee_close":0.001,"trade_duration":120,"profit_ratio":0.0,"profit_abs":0.0,"exit_reason":"roi","initial_stop_loss_abs":0.23811,"initial_stop_loss_ratio":-0.05,"stop_loss_abs":0.23811,"stop_loss_ratio":-0.05,"min_rate":0.24958,"max_rate":0.25403,"is_open":false,"enter_tag":"","leverage":1.0,"is_short":false,"open_timestamp":1760094000000,"close_timestamp":1760101200000,"orders":[{"amount":1294.0,"safe_price":0.25064,"ft_order_side":"buy","order_filled_timestamp":1760094000000,"ft_is_entry":true,"ft_order_tag":"","cost":324.6524881599999},{"amount":1294.0,"safe_price":0.2511417817817817,"ft_order_side":"sell","order_filled_timestamp":1760101200000,"ft_is_entry":false,"ft_order_tag":"roi","cost":325.3024430912511}],"funding_fees":0.0,"weekday":4},{"pair":"DOGE/USDT","stake_amount":324.21942,"max_stake_amount":324.21942,"amount":1653.0,"open_date":"2025-10-12 15:00:00+00:00","close_date":"2025-10-12 16:00:00+00:00","open_rate":0.19614,"close_rate":0.2063494894894895,"fee_open":0.001,"fee_close":0.001,"trade_duration":60,"profit_ratio":0.04995004995004996,"profit_abs":16.210971,"exit_reason":"roi","initial_stop_loss_abs":0.18634,"initial_stop_loss_ratio":-0.05,"stop_loss_abs":0.18634,"stop_loss_ratio":-0.05,"min_rate":0.19562,"max_rate":0.2095,"is_open":false,"enter_tag":"","leverage":1.0,"is_short":false,"open_timestamp":1760281200000,"close_timestamp":1760284800000,"orders":[{"amount":1653.0,"safe_price":0.19614,"ft_order_side":"buy","order_filled_timestamp":1760281200000,"ft_is_entry":true,"ft_order_tag":"","cost":324.54363942},{"amount":1653.0,"safe_price":0.2063494894894895,"ft_order_side":"sell","order_filled_timestamp":1760284800000,"ft_is_entry":false,"ft_order_tag":"roi","cost":341.4368018322523}],"funding_fees":0.0,"weekday":6},{"pair":"DOGE/USDT","stake_amount":329.5892,"max_stake_amount":329.5892,"amount":1615.0,"open_date":"2025-10-15 05:00:00+00:00","close_date":"2025-10-15 07:00:00+00:00","open_rate":0.20408,"close_rate":0.20452,"fee_open":0.001,"fee_close":0.001,"trade_duration":120,"profit_ratio":0.00015370752336648063,"profit_abs":0.050711,"exit_reason":"roi","initial_stop_loss_abs":0.19388,"initial_stop_loss_ratio":-0.05,"stop_loss_abs":0.19388,"stop_loss_ratio":-0.05,"min_rate":0.2018,"max_rate":0.20509,"is_open":false,"enter_tag":"","leverage":1.0,"is_short":false,"open_timestamp":1760504400000,"close_timestamp":1760511600000,"orders":[{"amount":1615.0,"safe_price":0.20408,"ft_order_side":"buy","order_filled_timestamp":1760504400000,"ft_is_entry":true,"ft_order_tag":"","cost":329.9187892},{"amount":1615.0,"safe_price":0.20452,"ft_order_side":"sell","order_filled_timestamp":1760511600000,"ft_is_entry":false,"ft_order_tag":"roi","cost":330.6300998}],"funding_fees":0.0,"weekday":2},{"pair":"DOGE/USDT","stake_amount":329.65,"max_stake_amount":329.65,"amount":1735.0,"open_date":"2025-10-18 18:00:00+00:00","close_date":"2025-10-19 03:00:00+00:00","open_rate":0.19,"close_rate":0.19038038038038035,"fee_open":0.001,"fee_close":0.001,"trade_duration":540,"profit_ratio":0.0,"profit_abs":0.0,"exit_reason":"roi","initial_stop_loss_abs":0.1805,"initial_stop_loss_ratio":-0.05,"stop_loss_abs":0.1805,"stop_loss_ratio":-0.05,"min_rate":0.18777,"max_rate":0.19078,"is_open":false,"enter_tag":"","leverage":1.0,"is_short":false,"open_timestamp":1760810400000,"close_timestamp":1760842800000,"orders":[{"amount":1735.0,"safe_price":0.19,"ft_order_side":"buy","order_filled_timestamp":1760810400000,"ft_is_entry":true,"ft_order_tag":"","cost":329.97964999999994},{"amount":1735.0,"safe_price":0.19038038038038035,"ft_order_side":"sell","order_filled_timestamp":1760842800000,"ft_is_entry":false,"ft_order_tag":"roi","cost":330.6402699199199}],"funding_fees":0.0,"weekday":6},{"pair":"DOGE/USDT","stake_amount":329.53011,"max_stake_amount":329.53011,"amount":1729.0,"open_date":"2025-10-19 04:00:00+00:00","close_date":"2025-10-19 09:00:00+00:00","open_rate":0.19059,"close_rate":0.19097156156156156,"fee_open":0.001,"fee_close":0.001,"trade_duration":300,"profit_ratio":0.0,"profit_abs":0.0,"exit_reason":"roi","initial_stop_loss_abs":0.18107,"initial_stop_loss_ratio":-0.05,"stop_loss_abs":0.18107,"stop_loss_ratio":-0.05,"min_rate":0.186,"max_rate":0.19184,"is_open":false,"enter_tag":"","leverage":1.0,"is_short":false,"open_timestamp":1760846400000,"close_timestamp":1760864400000,"orders":[{"amount":1729.0,"safe_price":0.19059,"ft_order_side":"buy","order_filled_timestamp":1760846400000,"ft_is_entry":true,"ft_order_tag":"","cost":329.85964011},{"amount":1729.0,"safe_price":0.19097156156156156,"ft_order_side":"sell","order_filled_timestamp":1760864400000,"ft_is_entry":false,"ft_order_tag":"roi","cost":330.52001976987987}],"funding_fees":0.0,"weekday":6},{"pair":"DOGE/USDT","stake_amount":329.59696,"max_stake_amount":329.59696,"amount":1736.0,"open_date":"2025-10-19 10:00:00+00:00","close_date":"2025-10-19 12:00:00+00:00","open_rate":0.18986,"close_rate":0.1933,"fee_open":0.001,"fee_close":0.001,"trade_duration":120,"profit_ratio":0.016084410690962888,"profit_abs":5.30667424,"exit_reason":"roi","initial_stop_loss_abs":0.18037,"initial_stop_loss_ratio":-0.05,"stop_loss_abs":0.18037,"stop_loss_ratio":-0.05,"min_rate":0.18895,"max_rate":0.1968,"is_open":false,"enter_tag":"","leverage":1.0,"is_short":false,"open_timestamp":1760868000000,"close_timestamp":1760875200000,"orders":[{"amount":1736.0,"safe_price":0.18986,"ft_order_side":"buy","order_filled_timestamp":1760868000000,"ft_is_entry":true,"ft_order_tag":"","cost":329.92655695999997},{"amount":1736.0,"safe_price":0.1933,"ft_order_side":"sell","order_filled_timestamp":1760875200000,"ft_is_entry":false,"ft_order_tag":"roi","cost":335.9043688}],"funding_fees":0.0,"weekday":6},{"pair":"DOGE/USDT","stake_amount":331.2696,"max_stake_amount":331.2696,"amount":1663.0,"open_date":"2025-10-20 04:00:00+00:00","close_date":"2025-10-20 06:00:00+00:00","open_rate":0.1992,"close_rate":0.20135,"fee_open":0.001,"fee_close":0.001,"trade_duration":120,"profit_ratio":0.008773605912160129,"profit_abs":2.90933535,"exit_reason":"roi","initial_stop_loss_abs":0.18924,"initial_stop_loss_ratio":-0.05,"stop_loss_abs":0.18924,"stop_loss_ratio":-0.05,"min_rate":0.1992,"max_rate":0.20249,"is_open":false,"enter_tag":"","leverage":1.0,"is_short":false,"open_timestamp":1760932800000,"close_timestamp":1760940000000,"orders":[{"amount":1663.0,"safe_price":0.1992,"ft_order_side":"buy","order_filled_timestamp":1760932800000,"ft_is_entry":true,"ft_order_tag":"","cost":331.60086959999995},{"amount":1663.0,"safe_price":0.20135,"ft_order_side":"sell","order_filled_timestamp":1760940000000,"ft_is_entry":false,"ft_order_tag":"roi","cost":335.17989504999997}],"funding_fees":0.0,"weekday":0},{"pair":"DOGE/USDT","stake_amount":332.30028,"max_stake_amount":332.30028,"amount":1662.0,"open_date":"2025-10-20 21:00:00+00:00","close_date":"2025-10-20 23:00:00+00:00","open_rate":0.19994,"close_rate":0.20034028028028028,"fee_open":0.001,"fee_close":0.001,"trade_duration":120,"profit_ratio":0.0,"profit_abs":0.0,"exit_reason":"roi","initial_stop_loss_abs":0.18995,"initial_stop_loss_ratio":-0.05,"stop_loss_abs":0.18995,"stop_loss_ratio":-0.05,"min_rate":0.19839,"max_rate":0.20075,"is_open":false,"enter_tag":"","leverage":1.0,"is_short":false,"open_timestamp":1760994000000,"close_timestamp":1761001200000,"orders":[{"amount":1662.0,"safe_price":0.19994,"ft_order_side":"buy","order_filled_timestamp":1760994000000,"ft_is_entry":true,"ft_order_tag":"","cost":332.63258027999996},{"amount":1662.0,"safe_price":0.20034028028028028,"ft_order_side":"sell","order_filled_timestamp":1761001200000,"ft_is_entry":false,"ft_order_tag":"roi","cost":333.2985113716516}],"funding_fees":0.0,"weekday":0},{"pair":"DOGE/USDT","stake_amount":332.33109,"max_stake_amount":332.33109,"amount":1677.0,"open_date":"2025-10-25 13:00:00+00:00","close_date":"2025-10-26 09:00:00+00:00","open_rate":0.19817,"close_rate":0.19856673673673672,"fee_open":0.001,"fee_close":0.001,"trade_duration":1200,"profit_ratio":0.0,"profit_abs":0.0,"exit_reason":"roi","initial_stop_loss_abs":0.18827,"initial_stop_loss_ratio":-0.05,"stop_loss_abs":0.18827,"stop_loss_ratio":-0.05,"min_rate":0.19465,"max_rate":0.20094,"is_open":false,"enter_tag":"","leverage":1.0,"is_short":false,"open_timestamp":1761397200000,"close_timestamp":1761469200000,"orders":[{"amount":1677.0,"safe_price":0.19817,"ft_order_side":"buy","order_filled_timestamp":1761397200000,"ft_is_entry":true,"ft_order_tag":"","cost":332.66342109},{"amount":1677.0,"safe_price":0.19856673673673672,"ft_order_side":"sell","order_filled_timestamp":1761469200000,"ft_is_entry":false,"ft_order_tag":"roi","cost":333.32941392501493}],"funding_fees":0.0,"weekday":6},{"pair":"DOGE/USDT","stake_amount":332.22395,"max_stake_amount":332.22395,"amount":1621.0,"open_date":"2025-10-27 17:00:00+00:00","close_date":"2025-10-28 20:00:00+00:00","open_rate":0.20495,"close_rate":0.19471,"fee_open":0.001,"fee_close":0.001,"trade_duration":1620,"profit_ratio":-0.05186158072227845,"profit_abs":-17.24688886,"exit_reason":"stop_loss","initial_stop_loss_abs":0.19471,"initial_stop_loss_ratio":-0.05,"stop_loss_abs":0.19471,"stop_loss_ratio":-0.05,"min_rate":0.19189,"max_rate":0.20569,"is_open":false,"enter_tag":"","leverage":1.0,"is_short":false,"open_timestamp":1761584400000,"close_timestamp":1761681600000,"orders":[{"amount":1621.0,"safe_price":0.20495,"ft_order_side":"buy","order_filled_timestamp":1761584400000,"ft_is_entry":true,"ft_order_tag":"","cost":332.55617394999996},{"amount":1621.0,"safe_price":0.19471,"ft_order_side":"sell","order_filled_timestamp":1761681600000,"ft_is_entry":false,"ft_order_tag":"stop_loss","cost":315.94053490999994}],"funding_fees":0.0,"weekday":1},{"pair":"DOGE/USDT","stake_amount":326.60264,"max_stake_amount":326.60264,"amount":1666.0,"open_date":"2025-10-29 18:00:00+00:00","close_date":"2025-10-29 20:00:00+00:00","open_rate":0.19604,"close_rate":0.19643247247247245,"fee_open":0.001,"fee_close":0.001,"trade_duration":120,"profit_ratio":0.0,"profit_abs":0.0,"exit_reason":"roi","initial_stop_loss_abs":0.18624,"initial_stop_loss_ratio":-0.05,"stop_loss_abs":0.18624,"stop_loss_ratio":-0.05,"min_rate":0.1871,"max_rate":0.197,"is_open":false,"enter_tag":"","leverage":1.0,"is_short":false,"open_timestamp":1761760800000,"close_timestamp":1761768000000,"orders":[{"amount":1666.0,"safe_price":0.19604,"ft_order_side":"buy","order_filled_timestamp":1761760800000,"ft_is_entry":true,"ft_order_tag":"","cost":326.92924264},{"amount":1666.0,"safe_price":0.19643247247247245,"ft_order_side":"sell","order_filled_timestamp":1761768000000,"ft_is_entry":false,"ft_order_tag":"roi","cost":327.5837556382782}],"funding_fees":0.0,"weekday":2},{"pair":"DOGE/USDT","stake_amount":326.6928,"max_stake_amount":326.6928,"amount":1680.0,"open_date":"2025-10-30 03:00:00+00:00","close_date":"2025-10-30 12:00:00+00:00","open_rate":0.19446,"close_rate":0.18474,"fee_open":0.001,"fee_close":0.001,"trade_duration":540,"profit_ratio":-0.05188270538471094,"profit_abs":-16.966656,"exit_reason":"stop_loss","initial_stop_loss_abs":0.18474,"initial_stop_loss_ratio":-0.05,"stop_loss_abs":0.18474,"stop_loss_ratio":-0.05,"min_rate":0.18275,"max_rate":0.19451,"is_open":false,"enter_tag":"","leverage":1.0,"is_short":false,"open_timestamp":1761793200000,"close_timestamp":1761825600000,"orders":[{"amount":1680.0,"safe_price":0.19446,"ft_order_side":"buy","order_filled_timestamp":1761793200000,"ft_is_entry":true,"ft_order_tag":"","cost":327.01949279999997},{"amount":1680.0,"safe_price":0.18474,"ft_order_side":"sell","order_filled_timestamp":1761825600000,"ft_is_entry":false,"ft_order_tag":"stop_loss","cost":310.6735632}],"funding_fees":0.0,"weekday":3},{"pair":"DOGE/USDT","stake_amount":321.04644,"max_stake_amount":321.04644,"amount":1716.0,"open_date":"2025-11-01 08:00:00+00:00","close_date":"2025-11-01 10:00:00+00:00","open_rate":0.18709,"close_rate":0.18746455455455455,"fee_open":0.001,"fee_close":0.001,"trade_duration":120,"profit_ratio":0.0,"profit_abs":0.0,"exit_reason":"roi","initial_stop_loss_abs":0.17774,"initial_stop_loss_ratio":-0.05,"stop_loss_abs":0.17774,"stop_loss_ratio":-0.05,"min_rate":0.1867,"max_rate":0.188,"is_open":false,"enter_tag":"","leverage":1.0,"is_short":false,"open_timestamp":1761984000000,"close_timestamp":1761991200000,"orders":[{"amount":1716.0,"safe_price":0.18709,"ft_order_side":"buy","order_filled_timestamp":1761984000000,"ft_is_entry":true,"ft_order_tag":"","cost":321.36748644},{"amount":1716.0,"safe_price":0.18746455455455455,"ft_order_side":"sell","order_filled_timestamp":1761991200000,"ft_is_entry":false,"ft_order_tag":"roi","cost":322.0108647912312}],"funding_fees":0.0,"weekday":5},{"pair":"DOGE/USDT","stake_amount":321.10076,"max_stake_amount":321.10076,"amount":1714.0,"open_date":"2025-11-01 16:00:00+00:00","close_date":"2025-11-01 20:00:00+00:00","open_rate":0.18734,"close_rate":0.18771505505505504,"fee_open":0.001,"fee_close":0.001,"trade_duration":240,"profit_ratio":0.0,"profit_abs":0.0,"exit_reason":"roi","initial_stop_loss_abs":0.17798,"initial_stop_loss_ratio":-0.05,"stop_loss_abs":0.17798,"stop_loss_ratio":-0.05,"min_rate":0.18662,"max_rate":0.18837,"is_open":false,"enter_tag":"","leverage":1.0,"is_short":false,"open_timestamp":1762012800000,"close_timestamp":1762027200000,"orders":[{"amount":1714.0,"safe_price":0.18734,"ft_order_side":"buy","order_filled_timestamp":1762012800000,"ft_is_entry":true,"ft_order_tag":"","cost":321.42186076},{"amount":1714.0,"safe_price":0.18771505505505504,"ft_order_side":"sell","order_filled_timestamp":1762027200000,"ft_is_entry":false,"ft_order_tag":"roi","cost":322.06534796872864}],"funding_fees":0.0,"weekday":5},{"pair":"DOGE/USDT","stake_amount":320.94768,"max_stake_amount":320.94768,"amount":1713.0,"open_date":"2025-11-02 00:00:00+00:00","close_date":"2025-11-02 04:00:00+00:00","open_rate":0.18736,"close_rate":0.18773509509509506,"fee_open":0.001,"fee_close":0.001,"trade_duration":240,"profit_ratio":0.0,"profit_abs":0.0,"exit_reason":"roi","initial_stop_loss_abs":0.178,"initial_stop_loss_ratio":-0.05,"stop_loss_abs":0.178,"stop_loss_ratio":-0.05,"min_rate":0.18588,"max_rate":0.18823,"is_open":false,"enter_tag":"","leverage":1.0,"is_short":false,"open_timestamp":1762041600000,"close_timestamp":1762056000000,"orders":[{"amount":1713.0,"safe_price":0.18736,"ft_order_side":"buy","order_filled_timestamp":1762041600000,"ft_is_entry":true,"ft_order_tag":"","cost":321.26862767999995},{"amount":1713.0,"safe_price":0.18773509509509506,"ft_order_side":"sell","order_filled_timestamp":1762056000000,"ft_is_entry":false,"ft_order_tag":"roi","cost":321.9118081157957}],"funding_fees":0.0,"weekday":6},{"pair":"DOGE/USDT","stake_amount":320.95014,"max_stake_amount":320.95014,"amount":1707.0,"open_date":"2025-11-02 05:00:00+00:00","close_date":"2025-11-02 07:00:00+00:00","open_rate":0.18802,"close_rate":0.18839641641641638,"fee_open":0.001,"fee_close":0.001,"trade_duration":120,"profit_ratio":0.0,"profit_abs":0.0,"exit_reason":"roi","initial_stop_loss_abs":0.17862,"initial_stop_loss_ratio":-0.05,"stop_loss_abs":0.17862,"stop_loss_ratio":-0.05,"min_rate":0.18701,"max_rate":0.18884,"is_open":false,"enter_tag":"","leverage":1.0,"is_short":false,"open_timestamp":1762059600000,"close_timestamp":1762066800000,"orders":[{"amount":1707.0,"safe_price":0.18802,"ft_order_side":"buy","order_filled_timestamp":1762059600000,"ft_is_entry":true,"ft_order_tag":"","cost":321.27109013999996},{"amount":1707.0,"safe_price":0.18839641641641638,"ft_order_side":"sell","order_filled_timestamp":1762066800000,"ft_is_entry":false,"ft_order_tag":"roi","cost":321.91427550564555}],"funding_fees":0.0,"weekday":6},{"pair":"DOGE/USDT","stake_amount":321.00639,"max_stake_amount":321.00639,"amount":1923.0,"open_date":"2025-11-04 15:00:00+00:00","close_date":"2025-11-04 17:00:00+00:00","open_rate":0.16693,"close_rate":0.15859,"fee_open":0.001,"fee_close":0.001,"trade_duration":120,"profit_ratio":-0.051859241220051144,"profit_abs":-16.66379496,"exit_reason":"stop_loss","initial_stop_loss_abs":0.15859,"initial_stop_loss_ratio":-0.05,"stop_loss_abs":0.15859,"stop_loss_ratio":-0.05,"min_rate":0.1562,"max_rate":0.16853,"is_open":false,"enter_tag":"","leverage":1.0,"is_short":false,"open_timestamp":1762268400000,"close_timestamp":1762275600000,"orders":[{"amount":1923.0,"safe_price":0.16693,"ft_order_side":"buy","order_filled_timestamp":1762268400000,"ft_is_entry":true,"ft_order_tag":"","cost":321.32739639},{"amount":1923.0,"safe_price":0.15859,"ft_order_side":"sell","order_filled_timestamp":1762275600000,"ft_is_entry":false,"ft_order_tag":"stop_loss","cost":305.27353856999997}],"funding_fees":0.0,"weekday":1},{"pair":"DOGE/USDT","stake_amount":315.4752,"max_stake_amount":315.4752,"amount":1920.0,"open_date":"2025-11-05 03:00:00+00:00","close_date":"2025-11-05 05:00:00+00:00","open_rate":0.16431,"close_rate":0.16476,"fee_open":0.001,"fee_close":0.001,"trade_duration":120,"profit_ratio":0.0007352516025147027,"profit_abs":0.2321856,"exit_reason":"roi","initial_stop_loss_abs":0.1561,"initial_stop_loss_ratio":-0.05,"stop_loss_abs":0.1561,"stop_loss_ratio":-0.05,"min_rate":0.16313,"max_rate":0.16619,"is_open":false,"enter_tag":"","leverage":1.0,"is_short":false,"open_timestamp":1762311600000,"close_timestamp":1762318800000,"orders":[{"amount":1920.0,"safe_price":0.16431,"ft_order_side":"buy","order_filled_timestamp":1762311600000,"ft_is_entry":true,"ft_order_tag":"","cost":315.7906752},{"amount":1920.0,"safe_price":0.16476,"ft_order_side":"sell","order_filled_timestamp":1762318800000,"ft_is_entry":false,"ft_order_tag":"roi","cost":316.65553919999996}],"funding_fees":0.0,"weekday":2},{"pair":"DOGE/USDT","stake_amount":315.6786,"max_stake_amount":315.6786,"amount":1908.0,"open_date":"2025-11-07 15:00:00+00:00","close_date":"2025-11-07 16:00:00+00:00","open_rate":0.16545,"close_rate":0.174062012012012,"fee_open":0.001,"fee_close":0.001,"trade_duration":60,"profit_ratio":0.04995004995004995,"profit_abs":15.78393,"exit_reason":"roi","initial_stop_loss_abs":0.15718,"initial_stop_loss_ratio":-0.05,"stop_loss_abs":0.15718,"stop_loss_ratio":-0.05,"min_rate":0.16408,"max_rate":0.17555,"is_open":false,"enter_tag":"","leverage":1.0,"is_short":false,"open_timestamp":1762527600000,"close_timestamp":1762531200000,"orders":[{"amount":1908.0,"safe_price":0.16545,"ft_order_side":"buy","order_filled_timestamp":1762527600000,"ft_is_entry":true,"ft_order_tag":"","cost":315.9942786},{"amount":1908.0,"safe_price":0.174062012012012,"ft_order_side":"sell","order_filled_timestamp":1762531200000,"ft_is_entry":false,"ft_order_tag":"roi","cost":332.44242923783776}],"funding_fees":0.0,"weekday":4},{"pair":"DOGE/USDT","stake_amount":320.81,"max_stake_amount":320.81,"amount":1750.0,"open_date":"2025-11-10 23:00:00+00:00","close_date":"2025-11-11 01:00:00+00:00","open_rate":0.18332,"close_rate":0.183687007007007,"fee_open":0.001,"fee_close":0.001,"trade_duration":120,"profit_ratio":0.0,"profit_abs":0.0,"exit_reason":"roi","initial_stop_loss_abs":0.17416,"initial_stop_loss_ratio":-0.05,"stop_loss_abs":0.17416,"stop_loss_ratio":-0.05,"min_rate":0.17933,"max_rate":0.1864,"is_open":false,"enter_tag":"","leverage":1.0,"is_short":false,"open_timestamp":1762815600000,"close_timestamp":1762822800000,"orders":[{"amount":1750.0,"safe_price":0.18332,"ft_order_side":"buy","order_filled_timestamp":1762815600000,"ft_is_entry":true,"ft_order_tag":"","cost":321.13080999999994},{"amount":1750.0,"safe_price":0.183687007007007,"ft_order_side":"sell","order_filled_timestamp":1762822800000,"ft_is_entry":false,"ft_order_tag":"roi","cost":321.77371452452445}],"funding_fees":0.0,"weekday":1},{"pair":"DOGE/USDT","stake_amount":320.9108,"max_stake_amount":320.9108,"amount":1960.0,"open_date":"2025-11-16 03:00:00+00:00","close_date":"2025-11-16 05:00:00+00:00","open_rate":0.16373,"close_rate":0.16405778778778773,"fee_open":0.001,"fee_close":0.001,"trade_duration":120,"profit_ratio":0.0,"profit_abs":0.0,"exit_reason":"roi","initial_stop_loss_abs":0.15555,"initial_stop_loss_ratio":-0.05,"stop_loss_abs":0.15555,"stop_loss_ratio":-0.05,"min_rate":0.16271,"max_rate":0.16445,"is_open":false,"enter_tag":"","leverage":1.0,"is_short":false,"open_timestamp":1763262000000,"close_timestamp":1763269200000,"orders":[{"amount":1960.0,"safe_price":0.16373,"ft_order_side":"buy","order_filled_timestamp":1763262000000,"ft_is_entry":true,"ft_order_tag":"","cost":321.2317108},{"amount":1960.0,"safe_price":0.16405778778778773,"ft_order_side":"sell","order_filled_timestamp":1763269200000,"ft_is_entry":false,"ft_order_tag":"roi","cost":321.874817328128}],"funding_fees":0.0,"weekday":6},{"pair":"DOGE/USDT","stake_amount":320.7764,"max_stake_amount":320.7764,"amount":1955.0,"open_date":"2025-11-16 08:00:00+00:00","close_date":"2025-11-16 10:00:00+00:00","open_rate":0.16408,"close_rate":0.16544,"fee_open":0.001,"fee_close":0.001,"trade_duration":120,"profit_ratio":0.006274076971297839,"profit_abs":2.0145884,"exit_reason":"roi","initial_stop_loss_abs":0.15588,"initial_stop_loss_ratio":-0.05,"stop_loss_abs":0.15588,"stop_loss_ratio":-0.05,"min_rate":0.16337,"max_rate":0.16563,"is_open":false,"enter_tag":"","leverage":1.0,"is_short":false,"open_timestamp":1763280000000,"close_timestamp":1763287200000,"orders":[{"amount":1955.0,"safe_price":0.16408,"ft_order_side":"buy","order_filled_timestamp":1763280000000,"ft_is_entry":true,"ft_order_tag":"","cost":321.09717639999997},{"amount":1955.0,"safe_price":0.16544,"ft_order_side":"sell","order_filled_timestamp":1763287200000,"ft_is_entry":false,"ft_order_tag":"roi","cost":323.75863519999996}],"funding_fees":0.0,"weekday":6},{"pair":"DOGE/USDT","stake_amount":321.53611,"max_stake_amount":321.53611,"amount":1981.0,"open_date":"2025-11-17 15:00:00+00:00","close_date":"2025-11-17 18:00:00+00:00","open_rate":0.16231,"close_rate":0.1542,"fee_open":0.001,"fee_close":0.001,"trade_duration":180,"profit_ratio":-0.051864283827810415,"profit_abs":-16.69291631,"exit_reason":"stop_loss","initial_stop_loss_abs":0.1542,"initial_stop_loss_ratio":-0.05,"stop_loss_abs":0.1542,"stop_loss_ratio":-0.05,"min_rate":0.15372,"max_rate":0.16367,"is_open":false,"enter_tag":"","leverage":1.0,"is_short":false,"open_timestamp":1763391600000,"close_timestamp":1763402400000,"orders":[{"amount":1981.0,"safe_price":0.16231,"ft_order_side":"buy","order_filled_timestamp":1763391600000,"ft_is_entry":true,"ft_order_tag":"","cost":321.85764610999996},{"amount":1981.0,"safe_price":0.1542,"ft_order_side":"sell","order_filled_timestamp":1763402400000,"ft_is_entry":false,"ft_order_tag":"stop_loss","cost":305.7756702}],"funding_fees":0.0,"weekday":0},{"pair":"DOGE/USDT","stake_amount":316.07337,"max_stake_amount":316.07337,"amount":2253.0,"open_date":"2025-11-22 00:00:00+00:00","close_date":"2025-11-22 02:00:00+00:00","open_rate":0.14029,"close_rate":0.14136,"fee_open":0.001,"fee_close":0.001,"trade_duration":120,"profit_ratio":0.005613817360912664,"profit_abs":1.77615255,"exit_reason":"roi","initial_stop_loss_abs":0.13328,"initial_stop_loss_ratio":-0.05,"stop_loss_abs":0.13328,"stop_loss_ratio":-0.05,"min_rate":0.13852,"max_rate":0.14148,"is_open":false,"enter_tag":"","leverage":1.0,"is_short":false,"open_timestamp":1763769600000,"close_timestamp":1763776800000,"orders":[{"amount":2253.0,"safe_price":0.14029,"ft_order_side":"buy","order_filled_timestamp":1763769600000,"ft_is_entry":true,"ft_order_tag":"","cost":316.38944337},{"amount":2253.0,"safe_price":0.14136,"ft_order_side":"sell","order_filled_timestamp":1763776800000,"ft_is_entry":false,"ft_order_tag":"roi","cost":318.80256407999997}],"funding_fees":0.0,"weekday":5},{"pair":"DOGE/USDT","stake_amount":316.56884,"max_stake_amount":316.56884,"amount":2276.0,"open_date":"2025-11-22 15:00:00+00:00","close_date":"2025-11-22 17:00:00+00:00","open_rate":0.13909,"close_rate":0.13953,"fee_open":0.001,"fee_close":0.001,"trade_duration":120,"profit_ratio":0.0011590968525327571,"profit_abs":0.36730088,"exit_reason":"roi","initial_stop_loss_abs":0.13214,"initial_stop_loss_ratio":-0.05,"stop_loss_abs":0.13214,"stop_loss_ratio":-0.05,"min_rate":0.13729,"max_rate":0.13977,"is_open":false,"enter_tag":"","leverage":1.0,"is_short":false,"open_timestamp":1763823600000,"close_timestamp":1763830800000,"orders":[{"amount":2276.0,"safe_price":0.13909,"ft_order_side":"buy","order_filled_timestamp":1763823600000,"ft_is_entry":true,"ft_order_tag":"","cost":316.8854088399999},{"amount":2276.0,"safe_price":0.13953,"ft_order_side":"sell","order_filled_timestamp":1763830800000,"ft_is_entry":false,"ft_order_tag":"roi","cost":317.88785027999995}],"funding_fees":0.0,"weekday":5},{"pair":"DOGE/USDT","stake_amount":316.71813,"max_stake_amount":316.71813,"amount":2141.0,"open_date":"2025-11-24 06:00:00+00:00","close_date":"2025-11-24 16:00:00+00:00","open_rate":0.14793,"close_rate":0.14822615615615614,"fee_open":0.001,"fee_close":0.001,"trade_duration":600,"profit_ratio":0.0,"profit_abs":0.0,"exit_reason":"roi","initial_stop_loss_abs":0.14054,"initial_stop_loss_ratio":-0.05,"stop_loss_abs":0.14054,"stop_loss_ratio":-0.05,"min_rate":0.14279,"max_rate":0.14854,"is_open":false,"enter_tag":"","leverage":1.0,"is_short":false,"open_timestamp":1763964000000,"close_timestamp":1764000000000,"orders":[{"amount":2141.0,"safe_price":0.14793,"ft_order_side":"buy","order_filled_timestamp":1763964000000,"ft_is_entry":true,"ft_order_tag":"","cost":317.03484813},{"amount":2141.0,"safe_price":0.14822615615615614,"ft_order_side":"sell","order_filled_timestamp":1764000000000,"ft_is_entry":false,"ft_order_tag":"roi","cost":317.66955253066055}],"funding_fees":0.0,"weekday":0},{"pair":"DOGE/USDT","stake_amount":316.7001,"max_stake_amount":316.7001,"amount":2115.0,"open_date":"2025-11-25 17:00:00+00:00","close_date":"2025-11-25 19:00:00+00:00","open_rate":0.14974,"close_rate":0.15106,"fee_open":0.001,"fee_close":0.001,"trade_duration":120,"profit_ratio":0.006799664873659798,"profit_abs":2.155608,"exit_reason":"roi","initial_stop_loss_abs":0.14226,"initial_stop_loss_ratio":-0.05,"stop_loss_abs":0.14226,"stop_loss_ratio":-0.05,"min_rate":0.14842,"max_rate":0.15222,"is_open":false,"enter_tag":"","leverage":1.0,"is_short":false,"open_timestamp":1764090000000,"close_timestamp":1764097200000,"orders":[{"amount":2115.0,"safe_price":0.14974,"ft_order_side":"buy","order_filled_timestamp":1764090000000,"ft_is_entry":true,"ft_order_tag":"","cost":317.0168001},{"amount":2115.0,"safe_price":0.15106,"ft_order_side":"sell","order_filled_timestamp":1764097200000,"ft_is_entry":false,"ft_order_tag":"roi","cost":319.81139189999993}],"funding_fees":0.0,"weekday":1},{"pair":"DOGE/USDT","stake_amount":317.37339,"max_stake_amount":317.37339,"amount":2061.0,"open_date":"2025-11-27 16:00:00+00:00","close_date":"2025-11-27 18:00:00+00:00","open_rate":0.15399,"close_rate":0.15429828828828826,"fee_open":0.001,"fee_close":0.001,"trade_duration":120,"profit_ratio":0.0,"profit_abs":0.0,"exit_reason":"roi","initial_stop_loss_abs":0.1463,"initial_stop_loss_ratio":-0.05,"stop_loss_abs":0.1463,"stop_loss_ratio":-0.05,"min_rate":0.15265,"max_rate":0.15442,"is_open":false,"enter_tag":"","leverage":1.0,"is_short":false,"open_timestamp":1764259200000,"close_timestamp":1764266400000,"orders":[{"amount":2061.0,"safe_price":0.15399,"ft_order_side":"buy","order_filled_timestamp":1764259200000,"ft_is_entry":true,"ft_order_tag":"","cost":317.6907633899999},{"amount":2061.0,"safe_price":0.15429828828828826,"ft_order_side":"sell","order_filled_timestamp":1764266400000,"ft_is_entry":false,"ft_order_tag":"roi","cost":318.32678093432423}],"funding_fees":0.0,"weekday":3},{"pair":"DOGE/USDT","stake_amount":317.40968,"max_stake_amount":317.40968,"amount":2072.0,"open_date":"2025-11-28 09:00:00+00:00","close_date":"2025-11-28 14:00:00+00:00","open_rate":0.15319,"close_rate":0.15349668668668665,"fee_open":0.001,"fee_close":0.001,"trade_duration":300,"profit_ratio":0.0,"profit_abs":0.0,"exit_reason":"roi","initial_stop_loss_abs":0.14554,"initial_stop_loss_ratio":-0.05,"stop_loss_abs":0.14554,"stop_loss_ratio":-0.05,"min_rate":0.14975,"max_rate":0.15395,"is_open":false,"enter_tag":"","leverage":1.0,"is_short":false,"open_timestamp":1764320400000,"close_timestamp":1764338400000,"orders":[{"amount":2072.0,"safe_price":0.15319,"ft_order_side":"buy","order_filled_timestamp":1764320400000,"ft_is_entry":true,"ft_order_tag":"","cost":317.72708967999995},{"amount":2072.0,"safe_price":0.15349668668668665,"ft_order_side":"sell","order_filled_timestamp":1764338400000,"ft_is_entry":false,"ft_order_tag":"roi","cost":318.3631799496295}],"funding_fees":0.0,"weekday":4},{"pair":"DOGE/USDT","stake_amount":317.4648,"max_stake_amount":317.4648,"amount":2108.0,"open_date":"2025-11-29 05:00:00+00:00","close_date":"2025-12-01 00:00:00+00:00","open_rate":0.1506,"close_rate":0.14307,"fee_open":0.001,"fee_close":0.001,"trade_duration":2580,"profit_ratio":-0.0518981018981019,"profit_abs":-16.49229636,"exit_reason":"stop_loss","initial_stop_loss_abs":0.14307,"initial_stop_loss_ratio":-0.05,"stop_loss_abs":0.14307,"stop_loss_ratio":-0.05,"min_rate":0.13876,"max_rate":0.15062,"is_open":false,"enter_tag":"","leverage":1.0,"is_short":false,"open_timestamp":1764392400000,"close_timestamp":1764547200000,"orders":[{"amount":2108.0,"safe_price":0.1506,"ft_order_side":"buy","order_filled_timestamp":1764392400000,"ft_is_entry":true,"ft_order_tag":"","cost":317.7822648},{"amount":2108.0,"safe_price":0.14307,"ft_order_side":"sell","order_filled_timestamp":1764547200000,"ft_is_entry":false,"ft_order_tag":"stop_loss","cost":301.89315156}],"funding_fees":0.0,"weekday":0},{"pair":"DOGE/USDT","stake_amount":312.0156,"max_stake_amount":312.0156,"amount":2301.0,"open_date":"2025-12-02 10:00:00+00:00","close_date":"2025-12-02 12:00:00+00:00","open_rate":0.1356,"close_rate":0.137,"fee_open":0.001,"fee_close":0.001,"trade_duration":120,"profit_ratio":0.008305853438596801,"profit_abs":2.5941474,"exit_reason":"roi","initial_stop_loss_abs":0.12882,"initial_stop_loss_ratio":-0.05,"stop_loss_abs":0.12882,"stop_loss_ratio":-0.05,"min_rate":0.1355,"max_rate":0.13758,"is_open":false,"enter_tag":"","leverage":1.0,"is_short":false,"open_timestamp":1764669600000,"close_timestamp":1764676800000,"orders":[{"amount":2301.0,"safe_price":0.1356,"ft_order_side":"buy","order_filled_timestamp":1764669600000,"ft_is_entry":true,"ft_order_tag":"","cost":312.32761559999994},{"amount":2301.0,"safe_price":0.137,"ft_order_side":"sell","order_filled_timestamp":1764676800000,"ft_is_entry":false,"ft_order_tag":"roi","cost":315.552237}],"funding_fees":0.0,"weekday":1},{"pair":"DOGE/USDT","stake_amount":312.90826,"max_stake_amount":312.90826,"amount":2083.0,"open_date":"2025-12-04 16:00:00+00:00","close_date":"2025-12-05 14:00:00+00:00","open_rate":0.15022,"close_rate":0.14271,"fee_open":0.001,"fee_close":0.001,"trade_duration":1320,"profit_ratio":-0.05189145829539918,"profit_abs":-16.25350319,"exit_reason":"stop_loss","initial_stop_loss_abs":0.14271,"initial_stop_loss_ratio":-0.05,"stop_loss_abs":0.14271,"stop_loss_ratio":-0.05,"min_rate":0.14182,"max_rate":0.15043,"is_open":false,"enter_tag":"","leverage":1.0,"is_short":false,"open_timestamp":1764864000000,"close_timestamp":1764943200000,"orders":[{"amount":2083.0,"safe_price":0.15022,"ft_order_side":"buy","order_filled_timestamp":1764864000000,"ft_is_entry":true,"ft_order_tag":"","cost":313.22116825999996},{"amount":2083.0,"safe_price":0.14271,"ft_order_side":"sell","order_filled_timestamp":1764943200000,"ft_is_entry":false,"ft_order_tag":"stop_loss","cost":297.56219493}],"funding_fees":0.0,"weekday":4},{"pair":"DOGE/USDT","stake_amount":307.406,"max_stake_amount":307.406,"amount":2200.0,"open_date":"2025-12-06 21:00:00+00:00","close_date":"2025-12-07 00:00:00+00:00","open_rate":0.13973,"close_rate":0.1400097397397397,"fee_open":0.001,"fee_close":0.001,"trade_duration":180,"profit_ratio":0.0,"profit_abs":0.0,"exit_reason":"roi","initial_stop_loss_abs":0.13275,"initial_stop_loss_ratio":-0.05,"stop_loss_abs":0.13275,"stop_loss_ratio":-0.05,"min_rate":0.13906,"max_rate":0.1405,"is_open":false,"enter_tag":"","leverage":1.0,"is_short":false,"open_timestamp":1765054800000,"close_timestamp":1765065600000,"orders":[{"amount":2200.0,"safe_price":0.13973,"ft_order_side":"buy","order_filled_timestamp":1765054800000,"ft_is_entry":true,"ft_order_tag":"","cost":307.71340599999996},{"amount":2200.0,"safe_price":0.1400097397397397,"ft_order_side":"sell","order_filled_timestamp":1765065600000,"ft_is_entry":false,"ft_order_tag":"roi","cost":308.3294488548547}],"funding_fees":0.0,"weekday":6},{"pair":"DOGE/USDT","stake_amount":307.428,"max_stake_amount":307.428,"amount":2192.0,"open_date":"2025-12-07 03:00:00+00:00","close_date":"2025-12-07 06:00:00+00:00","open_rate":0.14025,"close_rate":0.14053078078078077,"fee_open":0.001,"fee_close":0.001,"trade_duration":180,"profit_ratio":0.0,"profit_abs":0.0,"exit_reason":"roi","initial_stop_loss_abs":0.13324,"initial_stop_loss_ratio":-0.05,"stop_loss_abs":0.13324,"stop_loss_ratio":-0.05,"min_rate":0.13979,"max_rate":0.1409,"is_open":false,"enter_tag":"","leverage":1.0,"is_short":false,"open_timestamp":1765076400000,"close_timestamp":1765087200000,"orders":[{"amount":2192.0,"safe_price":0.14025,"ft_order_side":"buy","order_filled_timestamp":1765076400000,"ft_is_entry":true,"ft_order_tag":"","cost":307.735428},{"amount":2192.0,"safe_price":0.14053078078078077,"ft_order_side":"sell","order_filled_timestamp":1765087200000,"ft_is_entry":false,"ft_order_tag":"roi","cost":308.35151494294286}],"funding_fees":0.0,"weekday":6},{"pair":"DOGE/USDT","stake_amount":307.52372,"max_stake_amount":307.52372,"amount":2201.0,"open_date":"2025-12-07 13:00:00+00:00","close_date":"2025-12-07 17:00:00+00:00","open_rate":0.13972,"close_rate":0.13999971971971972,"fee_open":0.001,"fee_close":0.001,"trade_duration":240,"profit_ratio":0.0,"profit_abs":0.0,"exit_reason":"roi","initial_stop_loss_abs":0.13274,"initial_stop_loss_ratio":-0.05,"stop_loss_abs":0.13274,"stop_loss_ratio":-0.05,"min_rate":0.13486,"max_rate":0.1421,"is_open":false,"enter_tag":"","leverage":1.0,"is_short":false,"open_timestamp":1765112400000,"close_timestamp":1765126800000,"orders":[{"amount":2201.0,"safe_price":0.13972,"ft_order_side":"buy","order_filled_timestamp":1765112400000,"ft_is_entry":true,"ft_order_tag":"","cost":307.83124372},{"amount":2201.0,"safe_price":0.13999971971971972,"ft_order_side":"sell","order_filled_timestamp":1765126800000,"ft_is_entry":false,"ft_order_tag":"roi","cost":308.4475224862062}],"funding_fees":0.0,"weekday":6},{"pair":"DOGE/USDT","stake_amount":307.41804,"max_stake_amount":307.41804,"amount":2196.0,"open_date":"2025-12-08 02:00:00+00:00","close_date":"2025-12-08 04:00:00+00:00","open_rate":0.13999,"close_rate":0.14031,"fee_open":0.001,"fee_close":0.001,"trade_duration":120,"profit_ratio":0.00028330837674362216,"profit_abs":0.0871812,"exit_reason":"roi","initial_stop_loss_abs":0.133,"initial_stop_loss_ratio":-0.05,"stop_loss_abs":0.133,"stop_loss_ratio":-0.05,"min_rate":0.1396,"max_rate":0.14144,"is_open":false,"enter_tag":"","leverage":1.0,"is_short":false,"open_timestamp":1765159200000,"close_timestamp":1765166400000,"orders":[{"amount":2196.0,"safe_price":0.13999,"ft_order_side":"buy","order_filled_timestamp":1765159200000,"ft_is_entry":true,"ft_order_tag":"","cost":307.72545804},{"amount":2196.0,"safe_price":0.14031,"ft_order_side":"sell","order_filled_timestamp":1765166400000,"ft_is_entry":false,"ft_order_tag":"roi","cost":308.4288807599999}],"funding_fees":0.0,"weekday":0},{"pair":"DOGE/USDT","stake_amount":307.46901,"max_stake_amount":307.46901,"amount":2141.0,"open_date":"2025-12-08 21:00:00+00:00","close_date":"2025-12-09 15:00:00+00:00","open_rate":0.14361,"close_rate":0.1438975075075075,"fee_open":0.001,"fee_close":0.001,"trade_duration":1080,"profit_ratio":0.0,"profit_abs":0.0,"exit_reason":"roi","initial_stop_loss_abs":0.13643,"initial_stop_loss_ratio":-0.05,"stop_loss_abs":0.13643,"stop_loss_ratio":-0.05,"min_rate":0.13942,"max_rate":0.14682,"is_open":false,"enter_tag":"","leverage":1.0,"is_short":false,"open_timestamp":1765227600000,"close_timestamp":1765292400000,"orders":[{"amount":2141.0,"safe_price":0.14361,"ft_order_side":"buy","order_filled_timestamp":1765227600000,"ft_is_entry":true,"ft_order_tag":"","cost":307.77647900999995},{"amount":2141.0,"safe_price":0.1438975075075075,"ft_order_side":"sell","order_filled_timestamp":1765292400000,"ft_is_entry":false,"ft_order_tag":"roi","cost":308.39264813714703}],"funding_fees":0.0,"weekday":1},{"pair":"DOGE/USDT","stake_amount":307.53714,"max_stake_amount":307.53714,"amount":2346.0,"open_date":"2025-12-17 14:00:00+00:00","close_date":"2025-12-18 05:00:00+00:00","open_rate":0.13109,"close_rate":0.12454,"fee_open":0.001,"fee_close":0.001,"trade_duration":900,"profit_ratio":-0.05186384292342032,"profit_abs":-15.96600798,"exit_reason":"stop_loss","initial_stop_loss_abs":0.12454,"initial_stop_loss_ratio":-0.05,"stop_loss_abs":0.12454,"stop_loss_ratio":-0.05,"min_rate":0.12385,"max_rate":0.13631,"is_open":false,"enter_tag":"","leverage":1.0,"is_short":false,"open_timestamp":1765980000000,"close_timestamp":1766034000000,"orders":[{"amount":2346.0,"safe_price":0.13109,"ft_order_side":"buy","order_filled_timestamp":1765980000000,"ft_is_entry":true,"ft_order_tag":"","cost":307.84467714},{"amount":2346.0,"safe_price":0.12454,"ft_order_side":"sell","order_filled_timestamp":1766034000000,"ft_is_entry":false,"ft_order_tag":"stop_loss","cost":292.46301084}],"funding_fees":0.0,"weekday":3},{"pair":"DOGE/USDT","stake_amount":302.27904,"max_stake_amount":302.27904,"amount":2268.0,"open_date":"2025-12-23 01:00:00+00:00","close_date":"2025-12-24 08:00:00+00:00","open_rate":0.13328,"close_rate":0.12662,"fee_open":0.001,"fee_close":0.001,"trade_duration":1860,"profit_ratio":-0.051868149857345544,"profit_abs":-15.6943332,"exit_reason":"stop_loss","initial_stop_loss_abs":0.12662,"initial_stop_loss_ratio":-0.05,"stop_loss_abs":0.12662,"stop_loss_ratio":-0.05,"min_rate":0.12651,"max_rate":0.13369,"is_open":false,"enter_tag":"","leverage":1.0,"is_short":false,"open_timestamp":1766451600000,"close_timestamp":1766563200000,"orders":[{"amount":2268.0,"safe_price":0.13328,"ft_order_side":"buy","order_filled_timestamp":1766451600000,"ft_is_entry":true,"ft_order_tag":"","cost":302.58131904},{"amount":2268.0,"safe_price":0.12662,"ft_order_side":"sell","order_filled_timestamp":1766563200000,"ft_is_entry":false,"ft_order_tag":"stop_loss","cost":287.46133416}],"funding_fees":0.0,"weekday":2},{"pair":"DOGE/USDT","stake_amount":297.1122,"max_stake_amount":297.1122,"amount":2310.0,"open_date":"2025-12-25 02:00:00+00:00","close_date":"2025-12-26 15:00:00+00:00","open_rate":0.12862,"close_rate":0.12219,"fee_open":0.001,"fee_close":0.001,"trade_duration":2220,"profit_ratio":-0.05189034259163322,"profit_abs":-15.4326711,"exit_reason":"stop_loss","initial_stop_loss_abs":0.12219,"initial_stop_loss_ratio":-0.05,"stop_loss_abs":0.12219,"stop_loss_ratio":-0.05,"min_rate":0.12129,"max_rate":0.12909,"is_open":false,"enter_tag":"","leverage":1.0,"is_short":false,"open_timestamp":1766628000000,"close_timestamp":1766761200000,"orders":[{"amount":2310.0,"safe_price":0.12862,"ft_order_side":"buy","order_filled_timestamp":1766628000000,"ft_is_entry":true,"ft_order_tag":"","cost":297.4093122},{"amount":2310.0,"safe_price":0.12219,"ft_order_side":"sell","order_filled_timestamp":1766761200000,"ft_is_entry":false,"ft_order_tag":"stop_loss","cost":282.54115889999997}],"funding_fees":0.0,"weekday":4},{"pair":"DOGE/USDT","stake_amount":291.97826,"max_stake_amount":291.97826,"amount":2374.0,"open_date":"2025-12-27 18:00:00+00:00","close_date":"2025-12-27 20:00:00+00:00","open_rate":0.12299,"close_rate":0.12323622622622622,"fee_open":0.001,"fee_close":0.001,"trade_duration":120,"profit_ratio":0.0,"profit_abs":0.0,"exit_reason":"roi","initial_stop_loss_abs":0.11685,"initial_stop_loss_ratio":-0.05,"stop_loss_abs":0.11685,"stop_loss_ratio":-0.05,"min_rate":0.12275,"max_rate":0.12335,"is_open":false,"enter_tag":"","leverage":1.0,"is_short":false,"open_timestamp":1766858400000,"close_timestamp":1766865600000,"orders":[{"amount":2374.0,"safe_price":0.12299,"ft_order_side":"buy","order_filled_timestamp":1766858400000,"ft_is_entry":true,"ft_order_tag":"","cost":292.2702382599999},{"amount":2374.0,"safe_price":0.12323622622622622,"ft_order_side":"sell","order_filled_timestamp":1766865600000,"ft_is_entry":false,"ft_order_tag":"roi","cost":292.8553638621221}],"funding_fees":0.0,"weekday":5},{"pair":"DOGE/USDT","stake_amount":291.9258,"max_stake_amount":291.9258,"amount":2355.0,"open_date":"2025-12-28 23:00:00+00:00","close_date":"2025-12-29 01:00:00+00:00","open_rate":0.12396,"close_rate":0.12514,"fee_open":0.001,"fee_close":0.001,"trade_duration":120,"profit_ratio":0.007502178363746613,"profit_abs":2.1922695,"exit_reason":"roi","initial_stop_loss_abs":0.11777,"initial_stop_loss_ratio":-0.05,"stop_loss_abs":0.11777,"stop_loss_ratio":-0.05,"min_rate":0.12324,"max_rate":0.12604,"is_open":false,"enter_tag":"","leverage":1.0,"is_short":false,"open_timestamp":1766962800000,"close_timestamp":1766970000000,"orders":[{"amount":2355.0,"safe_price":0.12396,"ft_order_side":"buy","order_filled_timestamp":1766962800000,"ft_is_entry":true,"ft_order_tag":"","cost":292.2177257999999},{"amount":2355.0,"safe_price":0.12514,"ft_order_side":"sell","order_filled_timestamp":1766970000000,"ft_is_entry":false,"ft_order_tag":"roi","cost":294.99940469999996}],"funding_fees":0.0,"weekday":0},{"pair":"DOGE/USDT","stake_amount":292.74696,"max_stake_amount":292.74696,"amount":2376.0,"open_date":"2025-12-31 14:00:00+00:00","close_date":"2025-12-31 16:00:00+00:00","open_rate":0.12321,"close_rate":0.11705,"fee_open":0.001,"fee_close":0.001,"trade_duration":120,"profit_ratio":-0.05189405189405189,"profit_abs":-15.20701776,"exit_reason":"stop_loss","initial_stop_loss_abs":0.11705,"initial_stop_loss_ratio":-0.05,"stop_loss_abs":0.11705,"stop_loss_ratio":-0.05,"min_rate":0.11626,"max_rate":0.12381,"is_open":false,"enter_tag":"","leverage":1.0,"is_short":false,"open_timestamp":1767189600000,"close_timestamp":1767196800000,"orders":[{"amount":2376.0,"safe_price":0.12321,"ft_order_side":"buy","order_filled_timestamp":1767189600000,"ft_is_entry":true,"ft_order_tag":"","cost":293.03970696},{"amount":2376.0,"safe_price":0.11705,"ft_order_side":"sell","order_filled_timestamp":1767196800000,"ft_is_entry":false,"ft_order_tag":"stop_loss","cost":278.38891079999996}],"funding_fees":0.0,"weekday":2},{"pair":"DOGE/USDT","stake_amount":287.60851,"max_stake_amount":287.60851,"amount":2021.0,"open_date":"2026-01-03 21:00:00+00:00","close_date":"2026-01-03 23:00:00+00:00","open_rate":0.14231,"close_rate":0.14275,"fee_open":0.001,"fee_close":0.001,"trade_duration":120,"profit_ratio":0.0010876622499136727,"profit_abs":0.31313374,"exit_reason":"roi","initial_stop_loss_abs":0.1352,"initial_stop_loss_ratio":-0.05,"stop_loss_abs":0.1352,"stop_loss_ratio":-0.05,"min_rate":0.14207,"max_rate":0.14372,"is_open":false,"enter_tag":"","leverage":1.0,"is_short":false,"open_timestamp":1767474000000,"close_timestamp":1767481200000,"orders":[{"amount":2021.0,"safe_price":0.14231,"ft_order_side":"buy","order_filled_timestamp":1767474000000,"ft_is_entry":true,"ft_order_tag":"","cost":287.89611850999995},{"amount":2021.0,"safe_price":0.14275,"ft_order_side":"sell","order_filled_timestamp":1767481200000,"ft_is_entry":false,"ft_order_tag":"roi","cost":288.78624775}],"funding_fees":0.0,"weekday":5},{"pair":"DOGE/USDT","stake_amount":287.71785,"max_stake_amount":287.71785,"amount":1895.0,"open_date":"2026-01-06 13:00:00+00:00","close_date":"2026-01-06 15:00:00+00:00","open_rate":0.15183,"close_rate":0.15263,"fee_open":0.001,"fee_close":0.001,"trade_duration":120,"profit_ratio":0.0032605213399522826,"profit_abs":0.9390483,"exit_reason":"roi","initial_stop_loss_abs":0.14424,"initial_stop_loss_ratio":-0.05,"stop_loss_abs":0.14424,"stop_loss_ratio":-0.05,"min_rate":0.14913,"max_rate":0.15656,"is_open":false,"enter_tag":"","leverage":1.0,"is_short":false,"open_timestamp":1767704400000,"close_timestamp":1767711600000,"orders":[{"amount":1895.0,"safe_price":0.15183,"ft_order_side":"buy","order_filled_timestamp":1767704400000,"ft_is_entry":true,"ft_order_tag":"","cost":288.00556785},{"amount":1895.0,"safe_price":0.15263,"ft_order_side":"sell","order_filled_timestamp":1767711600000,"ft_is_entry":false,"ft_order_tag":"roi","cost":289.5230838499999}],"funding_fees":0.0,"weekday":1}],"locks":[],"best_pair":{"key":"DOGE/USDT","trades":47,"profit_mean":-0.008610897381244544,"profit_mean_pct":-0.86,"profit_total_abs":-126.81223512000001,"profit_total":-0.12681223512,"profit_total_pct":-12.68,"duration_avg":"6:56:00","wins":15,"draws":21,"losses":11,"winrate":0.3191489361702128,"cagr":-0.3996635201160338,"expectancy":-2.6981326621276596,"expectancy_ratio":-0.6119278814181683,"sortino":-37.96101674890356,"sharpe":-3.0398984611487347,"calmar":-18.58044223505214,"sqn":-2.2272,"profit_factor":0.2944899612132806,"max_drawdown_account":0.13442492682406132,"max_drawdown_abs":135.41272219},"worst_pair":{"key":"DOGE/USDT","trades":47,"profit_mean":-0.008610897381244544,"profit_mean_pct":-0.86,"profit_total_abs":-126.81223512000001,"profit_total":-0.12681223512,"profit_total_pct":-12.68,"duration_avg":"6:56:00","wins":15,"draws":21,"losses":11,"winrate":0.3191489361702128,"cagr":-0.3996635201160338,"expectancy":-2.6981326621276596,"expectancy_ratio":-0.6119278814181683,"sortino":-37.96101674890356,"sharpe":-3.0398984611487347,"calmar":-18.58044223505214,"sqn":-2.2272,"profit_factor":0.2944899612132806,"max_drawdown_account":0.13442492682406132,"max_drawdown_abs":135.41272219},"results_per_pair":[{"key":"DOGE/USDT","trades":47,"profit_mean":-0.008610897381244544,"profit_mean_pct":-0.86,"profit_total_abs":-126.81223512000001,"profit_total":-0.12681223512,"profit_total_pct":-12.68,"duration_avg":"6:56:00","wins":15,"draws":21,"losses":11,"winrate":0.3191489361702128,"cagr":-0.3996635201160338,"expectancy":-2.6981326621276596,"expectancy_ratio":-0.6119278814181683,"sortino":-37.96101674890356,"sharpe":-3.0398984611487347,"calmar":-18.58044223505214,"sqn":-2.2272,"profit_factor":0.2944899612132806,"max_drawdown_account":0.13442492682406132,"max_drawdown_abs":135.41272219},{"key":"TOTAL","trades":47,"profit_mean":-0.008610897381244544,"profit_mean_pct":-0.86,"profit_total_abs":-126.81223512000001,"profit_total":-0.12681223512,"profit_total_pct":-12.68,"duration_avg":"6:56:00","wins":15,"draws":21,"losses":11,"winrate":0.3191489361702128,"cagr":-0.3996635201160338,"expectancy":-2.6981326621276596,"expectancy_ratio":-0.6119278814181683,"sortino":-37.96101674890356,"sharpe":-3.0398984611487347,"calmar":-18.58044223505214,"sqn":-2.2272,"profit_factor":0.2944899612132806,"max_drawdown_account":0.13442492682406132,"max_drawdown_abs":135.41272219}],"results_per_enter_tag":[{"key":"","trades":47,"profit_mean":-0.008610897381244544,"profit_mean_pct":-0.86,"profit_total_abs":-126.81223512000001,"profit_total":-0.12681223512,"profit_total_pct":-12.68,"duration_avg":"6:56:00","wins":15,"draws":21,"losses":11,"winrate":0.3191489361702128,"cagr":-0.3996635201160338,"expectancy":-2.6981326621276596,"expectancy_ratio":-0.6119278814181683,"sortino":-37.96101674890356,"sharpe":-3.0398984611487347,"calmar":-18.58044223505214,"sqn":-2.2272,"profit_factor":0.2944899612132806,"max_drawdown_account":0.13442492682406132,"max_drawdown_abs":135.41272219},{"key":"TOTAL","trades":47,"profit_mean":-0.008610897381244544,"profit_mean_pct":-0.86,"profit_total_abs":-126.81223512000001,"profit_total":-0.12681223512,"profit_total_pct":-12.68,"duration_avg":"6:56:00","wins":15,"draws":21,"losses":11,"winrate":0.3191489361702128,"cagr":-0.3996635201160338,"expectancy":-2.6981326621276596,"expectancy_ratio":-0.6119278814181683,"sortino":-37.96101674890356,"sharpe":-3.0398984611487347,"calmar":-18.58044223505214,"sqn":-2.2272,"profit_factor":0.2944899612132806,"max_drawdown_account":0.13442492682406132,"max_drawdown_abs":135.41272219}],"exit_reason_summary":[{"key":"roi","trades":36,"profit_mean":0.004609257096012782,"profit_mean_pct":0.46,"profit_total_abs":52.933237160000004,"profit_total":0.05293323716000001,"profit_total_pct":5.29,"duration_avg":"3:42:00","wins":15,"draws":21,"losses":0,"winrate":0.4166666666666667,"cagr":0.21420439805798885,"expectancy":1.470367698888889,"expectancy_ratio":100.0,"sortino":-100,"sharpe":2.810748072011671,"calmar":-100,"sqn":2.3452,"profit_factor":0.0,"max_drawdown_account":0.0,"max_drawdown_abs":0.0},{"key":"stop_loss","trades":11,"profit_mean":-0.05187685748863216,"profit_mean_pct":-5.19,"profit_total_abs":-179.74547228,"profit_total":-0.17974547228,"profit_total_pct":-17.97,"duration_avg":"17:33:00","wins":0,"draws":0,"losses":11,"winrate":0.0,"cagr":-0.5255412319076209,"expectancy":-16.34049748,"expectancy_ratio":-1.0,"sortino":-53.80648702630216,"sharpe":-53.80648702630216,"calmar":-19.69584863354927,"sqn":-78.5357,"profit_factor":0.0,"max_drawdown_account":0.17974547228000007,"max_drawdown_abs":179.74547228},{"key":"TOTAL","trades":47,"profit_mean":-0.008610897381244544,"profit_mean_pct":-0.86,"profit_total_abs":-126.81223512000001,"profit_total":-0.12681223512,"profit_total_pct":-12.68,"duration_avg":"6:56:00","wins":15,"draws":21,"losses":11,"winrate":0.3191489361702128,"cagr":-0.3996635201160338,"expectancy":-2.6981326621276596,"expectancy_ratio":-0.6119278814181683,"sortino":-37.96101674890356,"sharpe":-3.0398984611487347,"calmar":-18.58044223505214,"sqn":-2.2272,"profit_factor":0.2944899612132806,"max_drawdown_account":0.13442492682406132,"max_drawdown_abs":135.41272219}],"mix_tag_stats":[{"key":["","roi"],"trades":36,"profit_mean":0.004609257096012782,"profit_mean_pct":0.46,"profit_total_abs":52.933237160000004,"profit_total":0.05293323716000001,"profit_total_pct":5.29,"duration_avg":"3:42:00","wins":15,"draws":21,"losses":0,"winrate":0.4166666666666667,"cagr":0.21420439805798885,"expectancy":1.470367698888889,"expectancy_ratio":100.0,"sortino":-100,"sharpe":2.810748072011671,"calmar":-100,"sqn":2.3452,"profit_factor":0.0,"max_drawdown_account":0.0,"max_drawdown_abs":0.0},{"key":["","stop_loss"],"trades":11,"profit_mean":-0.05187685748863216,"profit_mean_pct":-5.19,"profit_total_abs":-179.74547228,"profit_total":-0.17974547228,"profit_total_pct":-17.97,"duration_avg":"17:33:00","wins":0,"draws":0,"losses":11,"winrate":0.0,"cagr":-0.5255412319076209,"expectancy":-16.34049748,"expectancy_ratio":-1.0,"sortino":-53.80648702630216,"sharpe":-53.80648702630216,"calmar":-19.69584863354927,"sqn":-78.5357,"profit_factor":0.0,"max_drawdown_account":0.17974547228000007,"max_drawdown_abs":179.74547228},{"key":"TOTAL","trades":47,"profit_mean":-0.008610897381244544,"profit_mean_pct":-0.86,"profit_total_abs":-126.81223512000001,"profit_total":-0.12681223512,"profit_total_pct":-12.68,"duration_avg":"6:56:00","wins":15,"draws":21,"losses":11,"winrate":0.3191489361702128,"cagr":-0.3996635201160338,"expectancy":-2.6981326621276596,"expectancy_ratio":-0.6119278814181683,"sortino":-37.96101674890356,"sharpe":-3.0398984611487347,"calmar":-18.58044223505214,"sqn":-2.2272,"profit_factor":0.2944899612132806,"max_drawdown_account":0.13442492682406132,"max_drawdown_abs":135.41272219}],"left_open_trades":[{"key":"TOTAL","trades":0,"profit_mean":0.0,"profit_mean_pct":0.0,"profit_total_abs":0.0,"profit_total":0.0,"profit_total_pct":0.0,"duration_avg":"0:00","wins":0,"draws":0,"losses":0,"winrate":0.0,"cagr":0.0,"expectancy":0.0,"expectancy_ratio":100.0,"sortino":0,"sharpe":0,"calmar":0,"sqn":0.0,"profit_factor":0.0,"max_drawdown_account":0.0,"max_drawdown_abs":0.0}],"total_trades":47,"trade_count_long":47,"trade_count_short":0,"total_volume":29668.06010825313,"avg_stake_amount":316.3361223404255,"profit_mean":-0.008610897381244544,"profit_median":0.0,"profit_total":-0.12681223512,"profit_total_long":-0.12681223512,"profit_total_short":0.0,"profit_total_abs":-126.81223512000001,"profit_total_long_abs":-126.81223512000001,"profit_total_short_abs":0.0,"cagr":-0.3996635201160338,"expectancy":-2.6981326621276596,"expectancy_ratio":-0.6119278814181683,"sortino":-37.96101674890356,"sharpe":-3.0398984611487347,"calmar":-18.58044223505214,"sqn":-2.2272,"profit_factor":0.2944899612132806,"backtest_start":"2025-10-01 00:00:00","backtest_start_ts":1759276800000,"backtest_end":"2026-01-06 20:00:00","backtest_end_ts":1767729600000,"backtest_days":97,"backtest_run_start_ts":1767745514,"backtest_run_end_ts":1767745515,"trades_per_day":0.48,"market_change":-0.36632086436227446,"pairlist":["DOGE/USDT"],"stake_amount":"unlimited","stake_currency":"USDT","stake_currency_decimals":3,"starting_balance":1000,"dry_run_wallet":1000,"final_balance":873.18776488,"rejected_signals":0,"timedout_entry_orders":0,"timedout_exit_orders":0,"canceled_trade_entries":0,"canceled_entry_orders":0,"replaced_entry_orders":0,"max_open_trades":1,"max_open_trades_setting":3,"timeframe":"1h","timeframe_detail":"","timerange":"20251001-","enable_protections":false,"strategy_name":"ACO_57_10","freqaimodel":null,"freqai_identifier":null,"stoploss":-0.05,"trailing_stop":false,"trailing_stop_positive":null,"trailing_stop_positive_offset":0.0,"trailing_only_offset_is_reached":false,"use_custom_stoploss":false,"minimal_roi":{"0":0.1,"60":0.05,"120":0.0},"use_exit_signal":true,"exit_profit_only":false,"exit_profit_offset":0.0,"ignore_roi_if_entry_signal":false,"trading_mode":"spot","margin_mode":"","periodic_breakdown":{"day":[{"date":"03/10/2025","date_ts":1759449600000,"profit_abs":0.0,"wins":0,"draws":1,"losses":0,"trades":1,"profit_factor":0.0},{"date":"04/10/2025","date_ts":1759536000000,"profit_abs":0.0,"wins":0,"draws":0,"losses":0,"trades":0,"profit_factor":0.0},{"date":"05/10/2025","date_ts":1759622400000,"profit_abs":0.0,"wins":0,"draws":0,"losses":0,"trades":0,"profit_factor":0.0},{"date":"06/10/2025","date_ts":1759708800000,"profit_abs":0.0,"wins":0,"draws":0,"losses":0,"trades":0,"profit_factor":0.0},{"date":"07/10/2025","date_ts":1759795200000,"profit_abs":-17.12938656,"wins":0,"draws":0,"losses":1,"trades":1,"profit_factor":0.0},{"date":"08/10/2025","date_ts":1759881600000,"profit_abs":0.0,"wins":0,"draws":0,"losses":0,"trades":0,"profit_factor":0.0},{"date":"09/10/2025","date_ts":1759968000000,"profit_abs":0.0,"wins":0,"draws":0,"losses":0,"trades":0,"profit_factor":0.0},{"date":"10/10/2025","date_ts":1760054400000,"profit_abs":0.0,"wins":0,"draws":1,"losses":0,"trades":1,"profit_factor":0.0},{"date":"11/10/2025","date_ts":1760140800000,"profit_abs":0.0,"wins":0,"draws":0,"losses":0,"trades":0,"profit_factor":0.0},{"date":"12/10/2025","date_ts":1760227200000,"profit_abs":16.210971,"wins":1,"draws":0,"losses":0,"trades":1,"profit_factor":0.0},{"date":"13/10/2025","date_ts":1760313600000,"profit_abs":0.0,"wins":0,"draws":0,"losses":0,"trades":0,"profit_factor":0.0},{"date":"14/10/2025","date_ts":1760400000000,"profit_abs":0.0,"wins":0,"draws":0,"losses":0,"trades":0,"profit_factor":0.0},{"date":"15/10/2025","date_ts":1760486400000,"profit_abs":0.050711,"wins":1,"draws":0,"losses":0,"trades":1,"profit_factor":0.0},{"date":"16/10/2025","date_ts":1760572800000,"profit_abs":0.0,"wins":0,"draws":0,"losses":0,"trades":0,"profit_factor":0.0},{"date":"17/10/2025","date_ts":1760659200000,"profit_abs":0.0,"wins":0,"draws":0,"losses":0,"trades":0,"profit_factor":0.0},{"date":"18/10/2025","date_ts":1760745600000,"profit_abs":0.0,"wins":0,"draws":0,"losses":0,"trades":0,"profit_factor":0.0},{"date":"19/10/2025","date_ts":1760832000000,"profit_abs":5.30667424,"wins":1,"draws":2,"losses":0,"trades":3,"profit_factor":0.0},{"date":"20/10/2025","date_ts":1760918400000,"profit_abs":2.90933535,"wins":1,"draws":1,"losses":0,"trades":2,"profit_factor":0.0},{"date":"21/10/2025","date_ts":1761004800000,"profit_abs":0.0,"wins":0,"draws":0,"losses":0,"trades":0,"profit_factor":0.0},{"date":"22/10/2025","date_ts":1761091200000,"profit_abs":0.0,"wins":0,"draws":0,"losses":0,"trades":0,"profit_factor":0.0},{"date":"23/10/2025","date_ts":1761177600000,"profit_abs":0.0,"wins":0,"draws":0,"losses":0,"trades":0,"profit_factor":0.0},{"date":"24/10/2025","date_ts":1761264000000,"profit_abs":0.0,"wins":0,"draws":0,"losses":0,"trades":0,"profit_factor":0.0},{"date":"25/10/2025","date_ts":1761350400000,"profit_abs":0.0,"wins":0,"draws":0,"losses":0,"trades":0,"profit_factor":0.0},{"date":"26/10/2025","date_ts":1761436800000,"profit_abs":0.0,"wins":0,"draws":1,"losses":0,"trades":1,"profit_factor":0.0},{"date":"27/10/2025","date_ts":1761523200000,"profit_abs":0.0,"wins":0,"draws":0,"losses":0,"trades":0,"profit_factor":0.0},{"date":"28/10/2025","date_ts":1761609600000,"profit_abs":-17.24688886,"wins":0,"draws":0,"losses":1,"trades":1,"profit_factor":0.0},{"date":"29/10/2025","date_ts":1761696000000,"profit_abs":0.0,"wins":0,"draws":1,"losses":0,"trades":1,"profit_factor":0.0},{"date":"30/10/2025","date_ts":1761782400000,"profit_abs":-16.966656,"wins":0,"draws":0,"losses":1,"trades":1,"profit_factor":0.0},{"date":"31/10/2025","date_ts":1761868800000,"profit_abs":0.0,"wins":0,"draws":0,"losses":0,"trades":0,"profit_factor":0.0},{"date":"01/11/2025","date_ts":1761955200000,"profit_abs":0.0,"wins":0,"draws":2,"losses":0,"trades":2,"profit_factor":0.0},{"date":"02/11/2025","date_ts":1762041600000,"profit_abs":0.0,"wins":0,"draws":2,"losses":0,"trades":2,"profit_factor":0.0},{"date":"03/11/2025","date_ts":1762128000000,"profit_abs":0.0,"wins":0,"draws":0,"losses":0,"trades":0,"profit_factor":0.0},{"date":"04/11/2025","date_ts":1762214400000,"profit_abs":-16.66379496,"wins":0,"draws":0,"losses":1,"trades":1,"profit_factor":0.0},{"date":"05/11/2025","date_ts":1762300800000,"profit_abs":0.2321856,"wins":1,"draws":0,"losses":0,"trades":1,"profit_factor":0.0},{"date":"06/11/2025","date_ts":1762387200000,"profit_abs":0.0,"wins":0,"draws":0,"losses":0,"trades":0,"profit_factor":0.0},{"date":"07/11/2025","date_ts":1762473600000,"profit_abs":15.78393,"wins":1,"draws":0,"losses":0,"trades":1,"profit_factor":0.0},{"date":"08/11/2025","date_ts":1762560000000,"profit_abs":0.0,"wins":0,"draws":0,"losses":0,"trades":0,"profit_factor":0.0},{"date":"09/11/2025","date_ts":1762646400000,"profit_abs":0.0,"wins":0,"draws":0,"losses":0,"trades":0,"profit_factor":0.0},{"date":"10/11/2025","date_ts":1762732800000,"profit_abs":0.0,"wins":0,"draws":0,"losses":0,"trades":0,"profit_factor":0.0},{"date":"11/11/2025","date_ts":1762819200000,"profit_abs":0.0,"wins":0,"draws":1,"losses":0,"trades":1,"profit_factor":0.0},{"date":"12/11/2025","date_ts":1762905600000,"profit_abs":0.0,"wins":0,"draws":0,"losses":0,"trades":0,"profit_factor":0.0},{"date":"13/11/2025","date_ts":1762992000000,"profit_abs":0.0,"wins":0,"draws":0,"losses":0,"trades":0,"profit_factor":0.0},{"date":"14/11/2025","date_ts":1763078400000,"profit_abs":0.0,"wins":0,"draws":0,"losses":0,"trades":0,"profit_factor":0.0},{"date":"15/11/2025","date_ts":1763164800000,"profit_abs":0.0,"wins":0,"draws":0,"losses":0,"trades":0,"profit_factor":0.0},{"date":"16/11/2025","date_ts":1763251200000,"profit_abs":2.0145884,"wins":1,"draws":1,"losses":0,"trades":2,"profit_factor":0.0},{"date":"17/11/2025","date_ts":1763337600000,"profit_abs":-16.69291631,"wins":0,"draws":0,"losses":1,"trades":1,"profit_factor":0.0},{"date":"18/11/2025","date_ts":1763424000000,"profit_abs":0.0,"wins":0,"draws":0,"losses":0,"trades":0,"profit_factor":0.0},{"date":"19/11/2025","date_ts":1763510400000,"profit_abs":0.0,"wins":0,"draws":0,"losses":0,"trades":0,"profit_factor":0.0},{"date":"20/11/2025","date_ts":1763596800000,"profit_abs":0.0,"wins":0,"draws":0,"losses":0,"trades":0,"profit_factor":0.0},{"date":"21/11/2025","date_ts":1763683200000,"profit_abs":0.0,"wins":0,"draws":0,"losses":0,"trades":0,"profit_factor":0.0},{"date":"22/11/2025","date_ts":1763769600000,"profit_abs":2.14345343,"wins":2,"draws":0,"losses":0,"trades":2,"profit_factor":0.0},{"date":"23/11/2025","date_ts":1763856000000,"profit_abs":0.0,"wins":0,"draws":0,"losses":0,"trades":0,"profit_factor":0.0},{"date":"24/11/2025","date_ts":1763942400000,"profit_abs":0.0,"wins":0,"draws":1,"losses":0,"trades":1,"profit_factor":0.0},{"date":"25/11/2025","date_ts":1764028800000,"profit_abs":2.155608,"wins":1,"draws":0,"losses":0,"trades":1,"profit_factor":0.0},{"date":"26/11/2025","date_ts":1764115200000,"profit_abs":0.0,"wins":0,"draws":0,"losses":0,"trades":0,"profit_factor":0.0},{"date":"27/11/2025","date_ts":1764201600000,"profit_abs":0.0,"wins":0,"draws":1,"losses":0,"trades":1,"profit_factor":0.0},{"date":"28/11/2025","date_ts":1764288000000,"profit_abs":0.0,"wins":0,"draws":1,"losses":0,"trades":1,"profit_factor":0.0},{"date":"29/11/2025","date_ts":1764374400000,"profit_abs":0.0,"wins":0,"draws":0,"losses":0,"trades":0,"profit_factor":0.0},{"date":"30/11/2025","date_ts":1764460800000,"profit_abs":0.0,"wins":0,"draws":0,"losses":0,"trades":0,"profit_factor":0.0},{"date":"01/12/2025","date_ts":1764547200000,"profit_abs":-16.49229636,"wins":0,"draws":0,"losses":1,"trades":1,"profit_factor":0.0},{"date":"02/12/2025","date_ts":1764633600000,"profit_abs":2.5941474,"wins":1,"draws":0,"losses":0,"trades":1,"profit_factor":0.0},{"date":"03/12/2025","date_ts":1764720000000,"profit_abs":0.0,"wins":0,"draws":0,"losses":0,"trades":0,"profit_factor":0.0},{"date":"04/12/2025","date_ts":1764806400000,"profit_abs":0.0,"wins":0,"draws":0,"losses":0,"trades":0,"profit_factor":0.0},{"date":"05/12/2025","date_ts":1764892800000,"profit_abs":-16.25350319,"wins":0,"draws":0,"losses":1,"trades":1,"profit_factor":0.0},{"date":"06/12/2025","date_ts":1764979200000,"profit_abs":0.0,"wins":0,"draws":0,"losses":0,"trades":0,"profit_factor":0.0},{"date":"07/12/2025","date_ts":1765065600000,"profit_abs":0.0,"wins":0,"draws":3,"losses":0,"trades":3,"profit_factor":0.0},{"date":"08/12/2025","date_ts":1765152000000,"profit_abs":0.0871812,"wins":1,"draws":0,"losses":0,"trades":1,"profit_factor":0.0},{"date":"09/12/2025","date_ts":1765238400000,"profit_abs":0.0,"wins":0,"draws":1,"losses":0,"trades":1,"profit_factor":0.0},{"date":"10/12/2025","date_ts":1765324800000,"profit_abs":0.0,"wins":0,"draws":0,"losses":0,"trades":0,"profit_factor":0.0},{"date":"11/12/2025","date_ts":1765411200000,"profit_abs":0.0,"wins":0,"draws":0,"losses":0,"trades":0,"profit_factor":0.0},{"date":"12/12/2025","date_ts":1765497600000,"profit_abs":0.0,"wins":0,"draws":0,"losses":0,"trades":0,"profit_factor":0.0},{"date":"13/12/2025","date_ts":1765584000000,"profit_abs":0.0,"wins":0,"draws":0,"losses":0,"trades":0,"profit_factor":0.0},{"date":"14/12/2025","date_ts":1765670400000,"profit_abs":0.0,"wins":0,"draws":0,"losses":0,"trades":0,"profit_factor":0.0},{"date":"15/12/2025","date_ts":1765756800000,"profit_abs":0.0,"wins":0,"draws":0,"losses":0,"trades":0,"profit_factor":0.0},{"date":"16/12/2025","date_ts":1765843200000,"profit_abs":0.0,"wins":0,"draws":0,"losses":0,"trades":0,"profit_factor":0.0},{"date":"17/12/2025","date_ts":1765929600000,"profit_abs":0.0,"wins":0,"draws":0,"losses":0,"trades":0,"profit_factor":0.0},{"date":"18/12/2025","date_ts":1766016000000,"profit_abs":-15.96600798,"wins":0,"draws":0,"losses":1,"trades":1,"profit_factor":0.0},{"date":"19/12/2025","date_ts":1766102400000,"profit_abs":0.0,"wins":0,"draws":0,"losses":0,"trades":0,"profit_factor":0.0},{"date":"20/12/2025","date_ts":1766188800000,"profit_abs":0.0,"wins":0,"draws":0,"losses":0,"trades":0,"profit_factor":0.0},{"date":"21/12/2025","date_ts":1766275200000,"profit_abs":0.0,"wins":0,"draws":0,"losses":0,"trades":0,"profit_factor":0.0},{"date":"22/12/2025","date_ts":1766361600000,"profit_abs":0.0,"wins":0,"draws":0,"losses":0,"trades":0,"profit_factor":0.0},{"date":"23/12/2025","date_ts":1766448000000,"profit_abs":0.0,"wins":0,"draws":0,"losses":0,"trades":0,"profit_factor":0.0},{"date":"24/12/2025","date_ts":1766534400000,"profit_abs":-15.6943332,"wins":0,"draws":0,"losses":1,"trades":1,"profit_factor":0.0},{"date":"25/12/2025","date_ts":1766620800000,"profit_abs":0.0,"wins":0,"draws":0,"losses":0,"trades":0,"profit_factor":0.0},{"date":"26/12/2025","date_ts":1766707200000,"profit_abs":-15.4326711,"wins":0,"draws":0,"losses":1,"trades":1,"profit_factor":0.0},{"date":"27/12/2025","date_ts":1766793600000,"profit_abs":0.0,"wins":0,"draws":1,"losses":0,"trades":1,"profit_factor":0.0},{"date":"28/12/2025","date_ts":1766880000000,"profit_abs":0.0,"wins":0,"draws":0,"losses":0,"trades":0,"profit_factor":0.0},{"date":"29/12/2025","date_ts":1766966400000,"profit_abs":2.1922695,"wins":1,"draws":0,"losses":0,"trades":1,"profit_factor":0.0},{"date":"30/12/2025","date_ts":1767052800000,"profit_abs":0.0,"wins":0,"draws":0,"losses":0,"trades":0,"profit_factor":0.0},{"date":"31/12/2025","date_ts":1767139200000,"profit_abs":-15.20701776,"wins":0,"draws":0,"losses":1,"trades":1,"profit_factor":0.0},{"date":"01/01/2026","date_ts":1767225600000,"profit_abs":0.0,"wins":0,"draws":0,"losses":0,"trades":0,"profit_factor":0.0},{"date":"02/01/2026","date_ts":1767312000000,"profit_abs":0.0,"wins":0,"draws":0,"losses":0,"trades":0,"profit_factor":0.0},{"date":"03/01/2026","date_ts":1767398400000,"profit_abs":0.31313374,"wins":1,"draws":0,"losses":0,"trades":1,"profit_factor":0.0},{"date":"04/01/2026","date_ts":1767484800000,"profit_abs":0.0,"wins":0,"draws":0,"losses":0,"trades":0,"profit_factor":0.0},{"date":"05/01/2026","date_ts":1767571200000,"profit_abs":0.0,"wins":0,"draws":0,"losses":0,"trades":0,"profit_factor":0.0},{"date":"06/01/2026","date_ts":1767657600000,"profit_abs":0.9390483,"wins":1,"draws":0,"losses":0,"trades":1,"profit_factor":0.0}],"week":[{"date":"06/10/2025","date_ts":1759708800000,"profit_abs":0.0,"wins":0,"draws":1,"losses":0,"trades":1,"profit_factor":0.0},{"date":"13/10/2025","date_ts":1760313600000,"profit_abs":-0.91841556,"wins":1,"draws":1,"losses":1,"trades":3,"profit_factor":0.94638363},{"date":"20/10/2025","date_ts":1760918400000,"profit_abs":8.26672059,"wins":3,"draws":3,"losses":0,"trades":6,"profit_factor":0.0},{"date":"27/10/2025","date_ts":1761523200000,"profit_abs":0.0,"wins":0,"draws":1,"losses":0,"trades":1,"profit_factor":0.0},{"date":"03/11/2025","date_ts":1762128000000,"profit_abs":-34.21354486,"wins":0,"draws":5,"losses":2,"trades":7,"profit_factor":0.0},{"date":"10/11/2025","date_ts":1762732800000,"profit_abs":-0.64767936,"wins":2,"draws":0,"losses":1,"trades":3,"profit_factor":0.96113254},{"date":"17/11/2025","date_ts":1763337600000,"profit_abs":-14.67832791,"wins":1,"draws":2,"losses":1,"trades":4,"profit_factor":0.12068523},{"date":"24/11/2025","date_ts":1763942400000,"profit_abs":2.14345343,"wins":2,"draws":1,"losses":0,"trades":3,"profit_factor":0.0},{"date":"01/12/2025","date_ts":1764547200000,"profit_abs":-14.33668836,"wins":1,"draws":2,"losses":1,"trades":4,"profit_factor":0.13070393},{"date":"08/12/2025","date_ts":1765152000000,"profit_abs":-13.57217459,"wins":2,"draws":3,"losses":1,"trades":6,"profit_factor":0.16496927},{"date":"15/12/2025","date_ts":1765756800000,"profit_abs":0.0,"wins":0,"draws":1,"losses":0,"trades":1,"profit_factor":0.0},{"date":"22/12/2025","date_ts":1766361600000,"profit_abs":-15.96600798,"wins":0,"draws":0,"losses":1,"trades":1,"profit_factor":0.0},{"date":"29/12/2025","date_ts":1766966400000,"profit_abs":-28.9347348,"wins":1,"draws":1,"losses":2,"trades":4,"profit_factor":0.07042983},{"date":"05/01/2026","date_ts":1767571200000,"profit_abs":-14.89388402,"wins":1,"draws":0,"losses":1,"trades":2,"profit_factor":0.0205914},{"date":"12/01/2026","date_ts":1768176000000,"profit_abs":0.9390483,"wins":1,"draws":0,"losses":0,"trades":1,"profit_factor":0.0}],"month":[{"date":"31/10/2025","date_ts":1761868800000,"profit_abs":-26.86523983,"wins":4,"draws":7,"losses":3,"trades":14,"profit_factor":0.47674901},{"date":"30/11/2025","date_ts":1764460800000,"profit_abs":-11.02694584,"wins":6,"draws":9,"losses":2,"trades":17,"profit_factor":0.66942347},{"date":"31/12/2025","date_ts":1767139200000,"profit_abs":-90.17223149,"wins":3,"draws":5,"losses":6,"trades":14,"profit_factor":0.0512763},{"date":"31/01/2026","date_ts":1769817600000,"profit_abs":1.25218204,"wins":2,"draws":0,"losses":0,"trades":2,"profit_factor":0.0}],"year":[{"date":"31/12/2025","date_ts":1767139200000,"profit_abs":-128.06441716,"wins":13,"draws":21,"losses":11,"trades":45,"profit_factor":0.28752354},{"date":"31/12/2026","date_ts":1798675200000,"profit_abs":1.25218204,"wins":2,"draws":0,"losses":0,"trades":2,"profit_factor":0.0}],"weekday":[{"date":"Monday","date_ts":0,"profit_abs":-27.99642662,"wins":3,"draws":2,"losses":2,"trades":7,"profit_factor":0.15635838},{"date":"Tuesday","date_ts":1,"profit_abs":-45.35126668,"wins":3,"draws":2,"losses":3,"trades":8,"profit_factor":0.1114576},{"date":"Wednesday","date_ts":2,"profit_abs":-30.61845436,"wins":2,"draws":1,"losses":2,"trades":5,"profit_factor":0.00915483},{"date":"Thursday","date_ts":3,"profit_abs":-32.93266398,"wins":0,"draws":1,"losses":2,"trades":3,"profit_factor":0.0},{"date":"Friday","date_ts":4,"profit_abs":-15.90224429,"wins":1,"draws":3,"losses":2,"trades":6,"profit_factor":0.49813303},{"date":"Saturday","date_ts":5,"profit_abs":2.45658717,"wins":3,"draws":3,"losses":0,"trades":6,"profit_factor":0.0},{"date":"Sunday","date_ts":6,"profit_abs":23.53223364,"wins":3,"draws":9,"losses":0,"trades":12,"profit_factor":0.0}]},"backtest_best_day":0.04995004995004996,"backtest_worst_day":-0.0518981018981019,"backtest_best_day_abs":16.210971,"backtest_worst_day_abs":-17.24688886,"winning_days":14,"draw_days":71,"losing_days":11,"daily_profit":[["2025-10-03",0.0],["2025-10-04",0.0],["2025-10-05",0.0],["2025-10-06",0.0],["2025-10-07",-17.12938656],["2025-10-08",0.0],["2025-10-09",0.0],["2025-10-10",0.0],["2025-10-11",0.0],["2025-10-12",16.210971],["2025-10-13",0.0],["2025-10-14",0.0],["2025-10-15",0.050711],["2025-10-16",0.0],["2025-10-17",0.0],["2025-10-18",0.0],["2025-10-19",5.30667424],["2025-10-20",2.90933535],["2025-10-21",0.0],["2025-10-22",0.0],["2025-10-23",0.0],["2025-10-24",0.0],["2025-10-25",0.0],["2025-10-26",0.0],["2025-10-27",0.0],["2025-10-28",-17.24688886],["2025-10-29",0.0],["2025-10-30",-16.966656],["2025-10-31",0.0],["2025-11-01",0.0],["2025-11-02",0.0],["2025-11-03",0.0],["2025-11-04",-16.66379496],["2025-11-05",0.2321856],["2025-11-06",0.0],["2025-11-07",15.78393],["2025-11-08",0.0],["2025-11-09",0.0],["2025-11-10",0.0],["2025-11-11",0.0],["2025-11-12",0.0],["2025-11-13",0.0],["2025-11-14",0.0],["2025-11-15",0.0],["2025-11-16",2.0145884],["2025-11-17",-16.69291631],["2025-11-18",0.0],["2025-11-19",0.0],["2025-11-20",0.0],["2025-11-21",0.0],["2025-11-22",2.14345343],["2025-11-23",0.0],["2025-11-24",0.0],["2025-11-25",2.155608],["2025-11-26",0.0],["2025-11-27",0.0],["2025-11-28",0.0],["2025-11-29",0.0],["2025-11-30",0.0],["2025-12-01",-16.49229636],["2025-12-02",2.5941474],["2025-12-03",0.0],["2025-12-04",0.0],["2025-12-05",-16.25350319],["2025-12-06",0.0],["2025-12-07",0.0],["2025-12-08",0.0871812],["2025-12-09",0.0],["2025-12-10",0.0],["2025-12-11",0.0],["2025-12-12",0.0],["2025-12-13",0.0],["2025-12-14",0.0],["2025-12-15",0.0],["2025-12-16",0.0],["2025-12-17",0.0],["2025-12-18",-15.96600798],["2025-12-19",0.0],["2025-12-20",0.0],["2025-12-21",0.0],["2025-12-22",0.0],["2025-12-23",0.0],["2025-12-24",-15.6943332],["2025-12-25",0.0],["2025-12-26",-15.4326711],["2025-12-27",0.0],["2025-12-28",0.0],["2025-12-29",2.1922695],["2025-12-30",0.0],["2025-12-31",-15.20701776],["2026-01-01",0.0],["2026-01-02",0.0],["2026-01-03",0.31313374],["2026-01-04",0.0],["2026-01-05",0.0],["2026-01-06",0.9390483]],"wins":15,"losses":11,"draws":21,"winrate":0.3191489361702128,"holding_avg":"6:56:00","holding_avg_s":24960.0,"winner_holding_min":"0d 01:00","winner_holding_min_s":3600.0,"winner_holding_max":"0d 02:00","winner_holding_max_s":7200.0,"winner_holding_avg":"0d 01:52","winner_holding_avg_s":6720.0,"loser_holding_min":"0d 02:00","loser_holding_min_s":7200.0,"loser_holding_max":"1d 19:00","loser_holding_max_s":154800.0,"loser_holding_avg":"0d 17:33","loser_holding_avg_s":63180.0,"max_consecutive_wins":2,"max_consecutive_losses":10,"max_drawdown_account":0.13442492682406132,"max_relative_drawdown":0.13442492682406132,"max_drawdown_abs":135.41272219,"drawdown_start":"2025-10-20 06:00:00","drawdown_start_ts":1760940000000.0,"drawdown_end":"2025-12-31 16:00:00","drawdown_end_ts":1767196800000.0,"drawdown_duration":"72 days 10:00:00","drawdown_duration_s":6256800.0,"max_drawdown_low":-128.06441716,"max_drawdown_high":7.348305030000001,"csum_min":871.93558284,"csum_max":1007.34830503}},"strategy_comparison":[{"key":"ACO_57_10","trades":47,"profit_mean":-0.008610897381244544,"profit_mean_pct":-0.86,"profit_total_abs":-126.81223512000001,"profit_total":-0.12681223512,"profit_total_pct":-12.68,"duration_avg":"6:56:00","wins":15,"draws":21,"losses":11,"winrate":0.3191489361702128,"cagr":-0.3996635201160338,"expectancy":-2.6981326621276596,"expectancy_ratio":-0.6119278814181683,"sortino":-37.96101674890356,"sharpe":-3.0398984611487347,"calmar":-18.58044223505214,"sqn":-2.2272,"profit_factor":0.2944899612132806,"max_drawdown_account":0.13442492682406132,"max_drawdown_abs":"135.413"}]}