{"strategy":{"ACO_26_10":{"trades":[{"pair":"DOGE/USDT","stake_amount":329.9829,"max_stake_amount":329.9829,"amount":1266.0,"open_date":"2025-10-03 16:00:00+00:00","close_date":"2025-10-03 19:00:00+00:00","open_rate":0.26065,"close_rate":0.2611718218218218,"fee_open":0.001,"fee_close":0.001,"trade_duration":180,"profit_ratio":0.0,"profit_abs":0.0,"exit_reason":"roi","initial_stop_loss_abs":0.24762,"initial_stop_loss_ratio":-0.05,"stop_loss_abs":0.24762,"stop_loss_ratio":-0.05,"min_rate":0.25505,"max_rate":0.26534,"is_open":false,"enter_tag":"","leverage":1.0,"is_short":false,"open_timestamp":1759507200000,"close_timestamp":1759518000000,"orders":[{"amount":1266.0,"safe_price":0.26065,"ft_order_side":"buy","order_filled_timestamp":1759507200000,"ft_is_entry":true,"ft_order_tag":"","cost":330.3128828999999},{"amount":1266.0,"safe_price":0.2611718218218218,"ft_order_side":"sell","order_filled_timestamp":1759518000000,"ft_is_entry":false,"ft_order_tag":"roi","cost":330.9741699528528}],"funding_fees":0.0,"weekday":4},{"pair":"DOGE/USDT","stake_amount":329.9104,"max_stake_amount":329.9104,"amount":1310.0,"open_date":"2025-10-05 02:00:00+00:00","close_date":"2025-10-05 04:00:00+00:00","open_rate":0.25184,"close_rate":0.25833,"fee_open":0.001,"fee_close":0.001,"trade_duration":120,"profit_ratio":0.02372083919892052,"profit_abs":7.8335773,"exit_reason":"roi","initial_stop_loss_abs":0.23925,"initial_stop_loss_ratio":-0.05,"stop_loss_abs":0.23925,"stop_loss_ratio":-0.05,"min_rate":0.25133,"max_rate":0.26398,"is_open":false,"enter_tag":"","leverage":1.0,"is_short":false,"open_timestamp":1759629600000,"close_timestamp":1759636800000,"orders":[{"amount":1310.0,"safe_price":0.25184,"ft_order_side":"buy","order_filled_timestamp":1759629600000,"ft_is_entry":true,"ft_order_tag":"","cost":330.2403104},{"amount":1310.0,"safe_price":0.25833,"ft_order_side":"sell","order_filled_timestamp":1759636800000,"ft_is_entry":false,"ft_order_tag":"roi","cost":338.7507123}],"funding_fees":0.0,"weekday":6},{"pair":"DOGE/USDT","stake_amount":332.39284,"max_stake_amount":332.39284,"amount":1292.0,"open_date":"2025-10-06 07:00:00+00:00","close_date":"2025-10-06 09:00:00+00:00","open_rate":0.25727,"close_rate":0.25778505505505506,"fee_open":0.001,"fee_close":0.001,"trade_duration":120,"profit_ratio":0.0,"profit_abs":0.0,"exit_reason":"roi","initial_stop_loss_abs":0.24441,"initial_stop_loss_ratio":-0.05,"stop_loss_abs":0.24441,"stop_loss_ratio":-0.05,"min_rate":0.25406,"max_rate":0.25916,"is_open":false,"enter_tag":"","leverage":1.0,"is_short":false,"open_timestamp":1759734000000,"close_timestamp":1759741200000,"orders":[{"amount":1292.0,"safe_price":0.25727,"ft_order_side":"buy","order_filled_timestamp":1759734000000,"ft_is_entry":true,"ft_order_tag":"","cost":332.72523283999993},{"amount":1292.0,"safe_price":0.25778505505505506,"ft_order_side":"sell","order_filled_timestamp":1759741200000,"ft_is_entry":false,"ft_order_tag":"roi","cost":333.3913494222622}],"funding_fees":0.0,"weekday":0},{"pair":"DOGE/USDT","stake_amount":332.49176,"max_stake_amount":332.49176,"amount":1574.0,"open_date":"2025-10-13 14:00:00+00:00","close_date":"2025-10-13 16:00:00+00:00","open_rate":0.21124,"close_rate":0.21166290290290288,"fee_open":0.001,"fee_close":0.001,"trade_duration":120,"profit_ratio":0.0,"profit_abs":0.0,"exit_reason":"roi","initial_stop_loss_abs":0.20068,"initial_stop_loss_ratio":-0.05,"stop_loss_abs":0.20068,"stop_loss_ratio":-0.05,"min_rate":0.20517,"max_rate":0.21192,"is_open":false,"enter_tag":"","leverage":1.0,"is_short":false,"open_timestamp":1760364000000,"close_timestamp":1760371200000,"orders":[{"amount":1574.0,"safe_price":0.21124,"ft_order_side":"buy","order_filled_timestamp":1760364000000,"ft_is_entry":true,"ft_order_tag":"","cost":332.82425176},{"amount":1574.0,"safe_price":0.21166290290290288,"ft_order_side":"sell","order_filled_timestamp":1760371200000,"ft_is_entry":false,"ft_order_tag":"roi","cost":333.49056657833825}],"funding_fees":0.0,"weekday":0},{"pair":"DOGE/USDT","stake_amount":332.41572,"max_stake_amount":332.41572,"amount":1638.0,"open_date":"2025-10-14 17:00:00+00:00","close_date":"2025-10-14 19:00:00+00:00","open_rate":0.20294,"close_rate":0.20382,"fee_open":0.001,"fee_close":0.001,"trade_duration":120,"profit_ratio":0.002329591173584472,"profit_abs":0.77516712,"exit_reason":"roi","initial_stop_loss_abs":0.1928,"initial_stop_loss_ratio":-0.05,"stop_loss_abs":0.1928,"stop_loss_ratio":-0.05,"min_rate":0.19991,"max_rate":0.20574,"is_open":false,"enter_tag":"","leverage":1.0,"is_short":false,"open_timestamp":1760461200000,"close_timestamp":1760468400000,"orders":[{"amount":1638.0,"safe_price":0.20294,"ft_order_side":"buy","order_filled_timestamp":1760461200000,"ft_is_entry":true,"ft_order_tag":"","cost":332.74813572},{"amount":1638.0,"safe_price":0.20382,"ft_order_side":"sell","order_filled_timestamp":1760468400000,"ft_is_entry":false,"ft_order_tag":"roi","cost":334.19101716}],"funding_fees":0.0,"weekday":1},{"pair":"DOGE/USDT","stake_amount":332.77643,"max_stake_amount":332.77643,"amount":1673.0,"open_date":"2025-10-16 07:00:00+00:00","close_date":"2025-10-16 10:00:00+00:00","open_rate":0.19891,"close_rate":0.1993082182182182,"fee_open":0.001,"fee_close":0.001,"trade_duration":180,"profit_ratio":0.0,"profit_abs":0.0,"exit_reason":"roi","initial_stop_loss_abs":0.18897,"initial_stop_loss_ratio":-0.05,"stop_loss_abs":0.18897,"stop_loss_ratio":-0.05,"min_rate":0.19015,"max_rate":0.20062,"is_open":false,"enter_tag":"","leverage":1.0,"is_short":false,"open_timestamp":1760598000000,"close_timestamp":1760608800000,"orders":[{"amount":1673.0,"safe_price":0.19891,"ft_order_side":"buy","order_filled_timestamp":1760598000000,"ft_is_entry":true,"ft_order_tag":"","cost":333.10920643},{"amount":1673.0,"safe_price":0.1993082182182182,"ft_order_side":"sell","order_filled_timestamp":1760608800000,"ft_is_entry":false,"ft_order_tag":"roi","cost":333.77609172815806}],"funding_fees":0.0,"weekday":3},{"pair":"DOGE/USDT","stake_amount":332.66722,"max_stake_amount":332.66722,"amount":1802.0,"open_date":"2025-10-17 18:00:00+00:00","close_date":"2025-10-17 20:00:00+00:00","open_rate":0.18461,"close_rate":0.18497958958958957,"fee_open":0.001,"fee_close":0.001,"trade_duration":120,"profit_ratio":0.0,"profit_abs":0.0,"exit_reason":"roi","initial_stop_loss_abs":0.17538,"initial_stop_loss_ratio":-0.05,"stop_loss_abs":0.17538,"stop_loss_ratio":-0.05,"min_rate":0.18336,"max_rate":0.1865,"is_open":false,"enter_tag":"","leverage":1.0,"is_short":false,"open_timestamp":1760724000000,"close_timestamp":1760731200000,"orders":[{"amount":1802.0,"safe_price":0.18461,"ft_order_side":"buy","order_filled_timestamp":1760724000000,"ft_is_entry":true,"ft_order_tag":"","cost":332.99988721999995},{"amount":1802.0,"safe_price":0.18497958958958957,"ft_order_side":"sell","order_filled_timestamp":1760731200000,"ft_is_entry":false,"ft_order_tag":"roi","cost":333.6665536608808}],"funding_fees":0.0,"weekday":4},{"pair":"DOGE/USDT","stake_amount":332.664,"max_stake_amount":332.664,"amount":1670.0,"open_date":"2025-10-20 04:00:00+00:00","close_date":"2025-10-20 06:00:00+00:00","open_rate":0.1992,"close_rate":0.20135,"fee_open":0.001,"fee_close":0.001,"trade_duration":120,"profit_ratio":0.008773605912160129,"profit_abs":2.9215815,"exit_reason":"roi","initial_stop_loss_abs":0.18924,"initial_stop_loss_ratio":-0.05,"stop_loss_abs":0.18924,"stop_loss_ratio":-0.05,"min_rate":0.1992,"max_rate":0.20249,"is_open":false,"enter_tag":"","leverage":1.0,"is_short":false,"open_timestamp":1760932800000,"close_timestamp":1760940000000,"orders":[{"amount":1670.0,"safe_price":0.1992,"ft_order_side":"buy","order_filled_timestamp":1760932800000,"ft_is_entry":true,"ft_order_tag":"","cost":332.99666399999995},{"amount":1670.0,"safe_price":0.20135,"ft_order_side":"sell","order_filled_timestamp":1760940000000,"ft_is_entry":false,"ft_order_tag":"roi","cost":336.59075449999995}],"funding_fees":0.0,"weekday":0},{"pair":"DOGE/USDT","stake_amount":333.61115,"max_stake_amount":333.61115,"amount":1643.0,"open_date":"2025-10-21 15:00:00+00:00","close_date":"2025-10-22 00:00:00+00:00","open_rate":0.20305,"close_rate":0.19427,"fee_open":0.001,"fee_close":0.001,"trade_duration":540,"profit_ratio":-0.04515218836814503,"profit_abs":-15.07833676,"exit_reason":"exit_signal","initial_stop_loss_abs":0.1929,"initial_stop_loss_ratio":-0.05,"stop_loss_abs":0.1929,"stop_loss_ratio":-0.05,"min_rate":0.19251,"max_rate":0.20563,"is_open":false,"enter_tag":"","leverage":1.0,"is_short":false,"open_timestamp":1761058800000,"close_timestamp":1761091200000,"orders":[{"amount":1643.0,"safe_price":0.20305,"ft_order_side":"buy","order_filled_timestamp":1761058800000,"ft_is_entry":true,"ft_order_tag":"","cost":333.94476115},{"amount":1643.0,"safe_price":0.19427,"ft_order_side":"sell","order_filled_timestamp":1761091200000,"ft_is_entry":false,"ft_order_tag":"exit_signal","cost":319.50479561}],"funding_fees":0.0,"weekday":2},{"pair":"DOGE/USDT","stake_amount":328.74336,"max_stake_amount":328.74336,"amount":1782.0,"open_date":"2025-10-31 01:00:00+00:00","close_date":"2025-10-31 04:00:00+00:00","open_rate":0.18448,"close_rate":0.18484932932932932,"fee_open":0.001,"fee_close":0.001,"trade_duration":180,"profit_ratio":0.0,"profit_abs":0.0,"exit_reason":"roi","initial_stop_loss_abs":0.17526,"initial_stop_loss_ratio":-0.05,"stop_loss_abs":0.17526,"stop_loss_ratio":-0.05,"min_rate":0.18335,"max_rate":0.18608,"is_open":false,"enter_tag":"","leverage":1.0,"is_short":false,"open_timestamp":1761872400000,"close_timestamp":1761883200000,"orders":[{"amount":1782.0,"safe_price":0.18448,"ft_order_side":"buy","order_filled_timestamp":1761872400000,"ft_is_entry":true,"ft_order_tag":"","cost":329.07210335999997},{"amount":1782.0,"safe_price":0.18484932932932932,"ft_order_side":"sell","order_filled_timestamp":1761883200000,"ft_is_entry":false,"ft_order_tag":"roi","cost":329.7309063697297}],"funding_fees":0.0,"weekday":4},{"pair":"DOGE/USDT","stake_amount":328.79196,"max_stake_amount":328.79196,"amount":1764.0,"open_date":"2025-11-03 00:00:00+00:00","close_date":"2025-11-03 03:00:00+00:00","open_rate":0.18639,"close_rate":0.17708,"fee_open":0.001,"fee_close":0.001,"trade_duration":180,"profit_ratio":-0.051847235333473865,"profit_abs":-17.06400108,"exit_reason":"stop_loss","initial_stop_loss_abs":0.17708,"initial_stop_loss_ratio":-0.05,"stop_loss_abs":0.17708,"stop_loss_ratio":-0.05,"min_rate":0.17456,"max_rate":0.18666,"is_open":false,"enter_tag":"","leverage":1.0,"is_short":false,"open_timestamp":1762128000000,"close_timestamp":1762138800000,"orders":[{"amount":1764.0,"safe_price":0.18639,"ft_order_side":"buy","order_filled_timestamp":1762128000000,"ft_is_entry":true,"ft_order_tag":"","cost":329.12075196},{"amount":1764.0,"safe_price":0.17708,"ft_order_side":"sell","order_filled_timestamp":1762138800000,"ft_is_entry":false,"ft_order_tag":"stop_loss","cost":312.6814891199999}],"funding_fees":0.0,"weekday":0},{"pair":"DOGE/USDT","stake_amount":323.19316,"max_stake_amount":323.19316,"amount":1763.0,"open_date":"2025-11-10 23:00:00+00:00","close_date":"2025-11-11 01:00:00+00:00","open_rate":0.18332,"close_rate":0.183687007007007,"fee_open":0.001,"fee_close":0.001,"trade_duration":120,"profit_ratio":0.0,"profit_abs":0.0,"exit_reason":"roi","initial_stop_loss_abs":0.17416,"initial_stop_loss_ratio":-0.05,"stop_loss_abs":0.17416,"stop_loss_ratio":-0.05,"min_rate":0.17933,"max_rate":0.1864,"is_open":false,"enter_tag":"","leverage":1.0,"is_short":false,"open_timestamp":1762815600000,"close_timestamp":1762822800000,"orders":[{"amount":1763.0,"safe_price":0.18332,"ft_order_side":"buy","order_filled_timestamp":1762815600000,"ft_is_entry":true,"ft_order_tag":"","cost":323.51635316},{"amount":1763.0,"safe_price":0.183687007007007,"ft_order_side":"sell","order_filled_timestamp":1762822800000,"ft_is_entry":false,"ft_order_tag":"roi","cost":324.1640335467066}],"funding_fees":0.0,"weekday":1},{"pair":"DOGE/USDT","stake_amount":323.1296,"max_stake_amount":323.1296,"amount":1856.0,"open_date":"2025-11-12 09:00:00+00:00","close_date":"2025-11-12 11:00:00+00:00","open_rate":0.1741,"close_rate":0.1764,"fee_open":0.001,"fee_close":0.001,"trade_duration":120,"profit_ratio":0.011186401192145017,"profit_abs":3.618272,"exit_reason":"roi","initial_stop_loss_abs":0.1654,"initial_stop_loss_ratio":-0.05,"stop_loss_abs":0.1654,"stop_loss_ratio":-0.05,"min_rate":0.17404,"max_rate":0.17713,"is_open":false,"enter_tag":"","leverage":1.0,"is_short":false,"open_timestamp":1762938000000,"close_timestamp":1762945200000,"orders":[{"amount":1856.0,"safe_price":0.1741,"ft_order_side":"buy","order_filled_timestamp":1762938000000,"ft_is_entry":true,"ft_order_tag":"","cost":323.45272959999994},{"amount":1856.0,"safe_price":0.1764,"ft_order_side":"sell","order_filled_timestamp":1762945200000,"ft_is_entry":false,"ft_order_tag":"roi","cost":327.7257983999999}],"funding_fees":0.0,"weekday":2},{"pair":"DOGE/USDT","stake_amount":324.23409,"max_stake_amount":324.23409,"amount":1959.0,"open_date":"2025-11-14 07:00:00+00:00","close_date":"2025-11-14 23:00:00+00:00","open_rate":0.16551,"close_rate":0.15724,"fee_open":0.001,"fee_close":0.001,"trade_duration":960,"profit_ratio":-0.051864937672441755,"profit_abs":-16.83319725,"exit_reason":"stop_loss","initial_stop_loss_abs":0.15724,"initial_stop_loss_ratio":-0.05,"stop_loss_abs":0.15724,"stop_loss_ratio":-0.05,"min_rate":0.15472,"max_rate":0.16628,"is_open":false,"enter_tag":"","leverage":1.0,"is_short":false,"open_timestamp":1763103600000,"close_timestamp":1763161200000,"orders":[{"amount":1959.0,"safe_price":0.16551,"ft_order_side":"buy","order_filled_timestamp":1763103600000,"ft_is_entry":true,"ft_order_tag":"","cost":324.5583240899999},{"amount":1959.0,"safe_price":0.15724,"ft_order_side":"sell","order_filled_timestamp":1763161200000,"ft_is_entry":false,"ft_order_tag":"stop_loss","cost":308.34119316}],"funding_fees":0.0,"weekday":4},{"pair":"DOGE/USDT","stake_amount":318.81291,"max_stake_amount":318.81291,"amount":1951.0,"open_date":"2025-11-16 06:00:00+00:00","close_date":"2025-11-16 08:00:00+00:00","open_rate":0.16341,"close_rate":0.16408,"fee_open":0.001,"fee_close":0.001,"trade_duration":120,"profit_ratio":0.0020939222334485784,"profit_abs":0.66823701,"exit_reason":"roi","initial_stop_loss_abs":0.15524,"initial_stop_loss_ratio":-0.05,"stop_loss_abs":0.15524,"stop_loss_ratio":-0.05,"min_rate":0.16295,"max_rate":0.16445,"is_open":false,"enter_tag":"","leverage":1.0,"is_short":false,"open_timestamp":1763272800000,"close_timestamp":1763280000000,"orders":[{"amount":1951.0,"safe_price":0.16341,"ft_order_side":"buy","order_filled_timestamp":1763272800000,"ft_is_entry":true,"ft_order_tag":"","cost":319.13172290999995},{"amount":1951.0,"safe_price":0.16408,"ft_order_side":"sell","order_filled_timestamp":1763280000000,"ft_is_entry":false,"ft_order_tag":"roi","cost":320.44020008}],"funding_fees":0.0,"weekday":6},{"pair":"DOGE/USDT","stake_amount":318.93915,"max_stake_amount":318.93915,"amount":1965.0,"open_date":"2025-11-17 15:00:00+00:00","close_date":"2025-11-17 18:00:00+00:00","open_rate":0.16231,"close_rate":0.1542,"fee_open":0.001,"fee_close":0.001,"trade_duration":180,"profit_ratio":-0.051864283827810415,"profit_abs":-16.55809215,"exit_reason":"stop_loss","initial_stop_loss_abs":0.1542,"initial_stop_loss_ratio":-0.05,"stop_loss_abs":0.1542,"stop_loss_ratio":-0.05,"min_rate":0.15372,"max_rate":0.16367,"is_open":false,"enter_tag":"","leverage":1.0,"is_short":false,"open_timestamp":1763391600000,"close_timestamp":1763402400000,"orders":[{"amount":1965.0,"safe_price":0.16231,"ft_order_side":"buy","order_filled_timestamp":1763391600000,"ft_is_entry":true,"ft_order_tag":"","cost":319.25808915},{"amount":1965.0,"safe_price":0.1542,"ft_order_side":"sell","order_filled_timestamp":1763402400000,"ft_is_entry":false,"ft_order_tag":"stop_loss","cost":303.306003}],"funding_fees":0.0,"weekday":0},{"pair":"DOGE/USDT","stake_amount":313.4495,"max_stake_amount":313.4495,"amount":2075.0,"open_date":"2025-11-25 18:00:00+00:00","close_date":"2025-11-25 20:00:00+00:00","open_rate":0.15106,"close_rate":0.1513624224224224,"fee_open":0.001,"fee_close":0.001,"trade_duration":120,"profit_ratio":0.0,"profit_abs":0.0,"exit_reason":"roi","initial_stop_loss_abs":0.14351,"initial_stop_loss_ratio":-0.05,"stop_loss_abs":0.14351,"stop_loss_ratio":-0.05,"min_rate":0.14842,"max_rate":0.15362,"is_open":false,"enter_tag":"","leverage":1.0,"is_short":false,"open_timestamp":1764093600000,"close_timestamp":1764100800000,"orders":[{"amount":2075.0,"safe_price":0.15106,"ft_order_side":"buy","order_filled_timestamp":1764093600000,"ft_is_entry":true,"ft_order_tag":"","cost":313.7629495},{"amount":2075.0,"safe_price":0.1513624224224224,"ft_order_side":"sell","order_filled_timestamp":1764100800000,"ft_is_entry":false,"ft_order_tag":"roi","cost":314.391103553053}],"funding_fees":0.0,"weekday":1},{"pair":"DOGE/USDT","stake_amount":313.4781,"max_stake_amount":313.4781,"amount":2061.0,"open_date":"2025-11-26 17:00:00+00:00","close_date":"2025-11-26 19:00:00+00:00","open_rate":0.1521,"close_rate":0.15666,"fee_open":0.001,"fee_close":0.001,"trade_duration":120,"profit_ratio":0.027922373484503667,"profit_abs":8.76180564,"exit_reason":"roi","initial_stop_loss_abs":0.1445,"initial_stop_loss_ratio":-0.05,"stop_loss_abs":0.1445,"stop_loss_ratio":-0.05,"min_rate":0.152,"max_rate":0.15681,"is_open":false,"enter_tag":"","leverage":1.0,"is_short":false,"open_timestamp":1764176400000,"close_timestamp":1764183600000,"orders":[{"amount":2061.0,"safe_price":0.1521,"ft_order_side":"buy","order_filled_timestamp":1764176400000,"ft_is_entry":true,"ft_order_tag":"","cost":313.7915781},{"amount":2061.0,"safe_price":0.15666,"ft_order_side":"sell","order_filled_timestamp":1764183600000,"ft_is_entry":false,"ft_order_tag":"roi","cost":323.19913626}],"funding_fees":0.0,"weekday":2},{"pair":"DOGE/USDT","stake_amount":316.36566,"max_stake_amount":316.36566,"amount":2118.0,"open_date":"2025-11-30 04:00:00+00:00","close_date":"2025-11-30 08:00:00+00:00","open_rate":0.14937,"close_rate":0.14966903903903903,"fee_open":0.001,"fee_close":0.001,"trade_duration":240,"profit_ratio":0.0,"profit_abs":0.0,"exit_reason":"roi","initial_stop_loss_abs":0.14191,"initial_stop_loss_ratio":-0.05,"stop_loss_abs":0.14191,"stop_loss_ratio":-0.05,"min_rate":0.14839,"max_rate":0.14988,"is_open":false,"enter_tag":"","leverage":1.0,"is_short":false,"open_timestamp":1764475200000,"close_timestamp":1764489600000,"orders":[{"amount":2118.0,"safe_price":0.14937,"ft_order_side":"buy","order_filled_timestamp":1764475200000,"ft_is_entry":true,"ft_order_tag":"","cost":316.68202565999997},{"amount":2118.0,"safe_price":0.14966903903903903,"ft_order_side":"sell","order_filled_timestamp":1764489600000,"ft_is_entry":false,"ft_order_tag":"roi","cost":317.31602370936935}],"funding_fees":0.0,"weekday":6},{"pair":"DOGE/USDT","stake_amount":316.42365,"max_stake_amount":316.42365,"amount":2237.0,"open_date":"2025-12-07 18:00:00+00:00","close_date":"2025-12-07 20:00:00+00:00","open_rate":0.14145,"close_rate":0.1421,"fee_open":0.001,"fee_close":0.001,"trade_duration":120,"profit_ratio":0.002588080000593256,"profit_abs":0.81974865,"exit_reason":"roi","initial_stop_loss_abs":0.13438,"initial_stop_loss_ratio":-0.05,"stop_loss_abs":0.13438,"stop_loss_ratio":-0.05,"min_rate":0.14126,"max_rate":0.14291,"is_open":false,"enter_tag":"","leverage":1.0,"is_short":false,"open_timestamp":1765130400000,"close_timestamp":1765137600000,"orders":[{"amount":2237.0,"safe_price":0.14145,"ft_order_side":"buy","order_filled_timestamp":1765130400000,"ft_is_entry":true,"ft_order_tag":"","cost":316.74007365},{"amount":2237.0,"safe_price":0.1421,"ft_order_side":"sell","order_filled_timestamp":1765137600000,"ft_is_entry":false,"ft_order_tag":"roi","cost":318.19557769999994}],"funding_fees":0.0,"weekday":6},{"pair":"DOGE/USDT","stake_amount":316.69209,"max_stake_amount":316.69209,"amount":2237.0,"open_date":"2025-12-09 13:00:00+00:00","close_date":"2025-12-09 15:00:00+00:00","open_rate":0.14157,"close_rate":0.1418534234234234,"fee_open":0.001,"fee_close":0.001,"trade_duration":120,"profit_ratio":0.0,"profit_abs":0.0,"exit_reason":"roi","initial_stop_loss_abs":0.1345,"initial_stop_loss_ratio":-0.05,"stop_loss_abs":0.1345,"stop_loss_ratio":-0.05,"min_rate":0.14049,"max_rate":0.14682,"is_open":false,"enter_tag":"","leverage":1.0,"is_short":false,"open_timestamp":1765285200000,"close_timestamp":1765292400000,"orders":[{"amount":2237.0,"safe_price":0.14157,"ft_order_side":"buy","order_filled_timestamp":1765285200000,"ft_is_entry":true,"ft_order_tag":"","cost":317.00878208999995},{"amount":2237.0,"safe_price":0.1418534234234234,"ft_order_side":"sell","order_filled_timestamp":1765292400000,"ft_is_entry":false,"ft_order_tag":"roi","cost":317.6434343063964}],"funding_fees":0.0,"weekday":1},{"pair":"DOGE/USDT","stake_amount":316.6557,"max_stake_amount":316.6557,"amount":2155.0,"open_date":"2025-12-10 19:00:00+00:00","close_date":"2025-12-11 01:00:00+00:00","open_rate":0.14694,"close_rate":0.1396,"fee_open":0.001,"fee_close":0.001,"trade_duration":360,"profit_ratio":-0.05185055858800244,"profit_abs":-16.4351937,"exit_reason":"stop_loss","initial_stop_loss_abs":0.1396,"initial_stop_loss_ratio":-0.05,"stop_loss_abs":0.1396,"stop_loss_ratio":-0.05,"min_rate":0.13944,"max_rate":0.15031,"is_open":false,"enter_tag":"","leverage":1.0,"is_short":false,"open_timestamp":1765393200000,"close_timestamp":1765414800000,"orders":[{"amount":2155.0,"safe_price":0.14694,"ft_order_side":"buy","order_filled_timestamp":1765393200000,"ft_is_entry":true,"ft_order_tag":"","cost":316.9723556999999},{"amount":2155.0,"safe_price":0.1396,"ft_order_side":"sell","order_filled_timestamp":1765414800000,"ft_is_entry":false,"ft_order_tag":"stop_loss","cost":301.13883799999996}],"funding_fees":0.0,"weekday":3},{"pair":"DOGE/USDT","stake_amount":311.2648,"max_stake_amount":311.2648,"amount":2282.0,"open_date":"2025-12-15 02:00:00+00:00","close_date":"2025-12-15 04:00:00+00:00","open_rate":0.1364,"close_rate":0.13667307307307305,"fee_open":0.001,"fee_close":0.001,"trade_duration":120,"profit_ratio":0.0,"profit_abs":0.0,"exit_reason":"roi","initial_stop_loss_abs":0.12958,"initial_stop_loss_ratio":-0.05,"stop_loss_abs":0.12958,"stop_loss_ratio":-0.05,"min_rate":0.13601,"max_rate":0.13845,"is_open":false,"enter_tag":"","leverage":1.0,"is_short":false,"open_timestamp":1765764000000,"close_timestamp":1765771200000,"orders":[{"amount":2282.0,"safe_price":0.1364,"ft_order_side":"buy","order_filled_timestamp":1765764000000,"ft_is_entry":true,"ft_order_tag":"","cost":311.5760647999999},{"amount":2282.0,"safe_price":0.13667307307307305,"ft_order_side":"sell","order_filled_timestamp":1765771200000,"ft_is_entry":false,"ft_order_tag":"roi","cost":312.19984070550544}],"funding_fees":0.0,"weekday":0},{"pair":"DOGE/USDT","stake_amount":311.2063,"max_stake_amount":311.2063,"amount":2395.0,"open_date":"2025-12-16 07:00:00+00:00","close_date":"2025-12-16 10:00:00+00:00","open_rate":0.12994,"close_rate":0.13020014014014014,"fee_open":0.001,"fee_close":0.001,"trade_duration":180,"profit_ratio":0.0,"profit_abs":0.0,"exit_reason":"roi","initial_stop_loss_abs":0.12345,"initial_stop_loss_ratio":-0.05,"stop_loss_abs":0.12345,"stop_loss_ratio":-0.05,"min_rate":0.12831,"max_rate":0.13149,"is_open":false,"enter_tag":"","leverage":1.0,"is_short":false,"open_timestamp":1765868400000,"close_timestamp":1765879200000,"orders":[{"amount":2395.0,"safe_price":0.12994,"ft_order_side":"buy","order_filled_timestamp":1765868400000,"ft_is_entry":true,"ft_order_tag":"","cost":311.5175063},{"amount":2395.0,"safe_price":0.13020014014014014,"ft_order_side":"sell","order_filled_timestamp":1765879200000,"ft_is_entry":false,"ft_order_tag":"roi","cost":312.1411649712712}],"funding_fees":0.0,"weekday":1},{"pair":"DOGE/USDT","stake_amount":311.3212,"max_stake_amount":311.3212,"amount":2315.0,"open_date":"2025-12-17 15:00:00+00:00","close_date":"2025-12-17 16:00:00+00:00","open_rate":0.13448,"close_rate":0.12776,"fee_open":0.001,"fee_close":0.001,"trade_duration":60,"profit_ratio":-0.05186841712719167,"profit_abs":-16.1638856,"exit_reason":"stop_loss","initial_stop_loss_abs":0.12776,"initial_stop_loss_ratio":-0.05,"stop_loss_abs":0.12776,"stop_loss_ratio":-0.05,"min_rate":0.12583,"max_rate":0.13631,"is_open":false,"enter_tag":"","leverage":1.0,"is_short":false,"open_timestamp":1765983600000,"close_timestamp":1765987200000,"orders":[{"amount":2315.0,"safe_price":0.13448,"ft_order_side":"buy","order_filled_timestamp":1765983600000,"ft_is_entry":true,"ft_order_tag":"","cost":311.6325211999999},{"amount":2315.0,"safe_price":0.12776,"ft_order_side":"sell","order_filled_timestamp":1765987200000,"ft_is_entry":false,"ft_order_tag":"stop_loss","cost":296.06016439999996}],"funding_fees":0.0,"weekday":2},{"pair":"DOGE/USDT","stake_amount":305.99424,"max_stake_amount":305.99424,"amount":2304.0,"open_date":"2025-12-21 09:00:00+00:00","close_date":"2025-12-22 00:00:00+00:00","open_rate":0.13281,"close_rate":0.13307588588588587,"fee_open":0.001,"fee_close":0.001,"trade_duration":900,"profit_ratio":0.0,"profit_abs":0.0,"exit_reason":"roi","initial_stop_loss_abs":0.12617,"initial_stop_loss_ratio":-0.05,"stop_loss_abs":0.12617,"stop_loss_ratio":-0.05,"min_rate":0.12871,"max_rate":0.13424,"is_open":false,"enter_tag":"","leverage":1.0,"is_short":false,"open_timestamp":1766307600000,"close_timestamp":1766361600000,"orders":[{"amount":2304.0,"safe_price":0.13281,"ft_order_side":"buy","order_filled_timestamp":1766307600000,"ft_is_entry":true,"ft_order_tag":"","cost":306.30023424},{"amount":2304.0,"safe_price":0.13307588588588587,"ft_order_side":"sell","order_filled_timestamp":1766361600000,"ft_is_entry":false,"ft_order_tag":"roi","cost":306.91344792216205}],"funding_fees":0.0,"weekday":0},{"pair":"DOGE/USDT","stake_amount":305.88188,"max_stake_amount":305.88188,"amount":2383.0,"open_date":"2025-12-24 16:00:00+00:00","close_date":"2025-12-24 20:00:00+00:00","open_rate":0.12836,"close_rate":0.12861697697697697,"fee_open":0.001,"fee_close":0.001,"trade_duration":240,"profit_ratio":0.0,"profit_abs":0.0,"exit_reason":"roi","initial_stop_loss_abs":0.12195,"initial_stop_loss_ratio":-0.05,"stop_loss_abs":0.12195,"stop_loss_ratio":-0.05,"min_rate":0.12762,"max_rate":0.12946,"is_open":false,"enter_tag":"","leverage":1.0,"is_short":false,"open_timestamp":1766592000000,"close_timestamp":1766606400000,"orders":[{"amount":2383.0,"safe_price":0.12836,"ft_order_side":"buy","order_filled_timestamp":1766592000000,"ft_is_entry":true,"ft_order_tag":"","cost":306.18776188},{"amount":2383.0,"safe_price":0.12861697697697697,"ft_order_side":"sell","order_filled_timestamp":1766606400000,"ft_is_entry":false,"ft_order_tag":"roi","cost":306.8007503922722}],"funding_fees":0.0,"weekday":2},{"pair":"DOGE/USDT","stake_amount":305.9673,"max_stake_amount":305.9673,"amount":2445.0,"open_date":"2025-12-29 01:00:00+00:00","close_date":"2025-12-29 03:00:00+00:00","open_rate":0.12514,"close_rate":0.12639,"fee_open":0.001,"fee_close":0.001,"trade_duration":120,"profit_ratio":0.007970852864571899,"profit_abs":2.44125915,"exit_reason":"roi","initial_stop_loss_abs":0.11889,"initial_stop_loss_ratio":-0.05,"stop_loss_abs":0.11889,"stop_loss_ratio":-0.05,"min_rate":0.12437,"max_rate":0.12777,"is_open":false,"enter_tag":"","leverage":1.0,"is_short":false,"open_timestamp":1766970000000,"close_timestamp":1766977200000,"orders":[{"amount":2445.0,"safe_price":0.12514,"ft_order_side":"buy","order_filled_timestamp":1766970000000,"ft_is_entry":true,"ft_order_tag":"","cost":306.2732673},{"amount":2445.0,"safe_price":0.12639,"ft_order_side":"sell","order_filled_timestamp":1766977200000,"ft_is_entry":false,"ft_order_tag":"roi","cost":309.33257354999995}],"funding_fees":0.0,"weekday":0},{"pair":"DOGE/USDT","stake_amount":306.65786,"max_stake_amount":306.65786,"amount":2038.0,"open_date":"2026-01-05 17:00:00+00:00","close_date":"2026-01-05 19:00:00+00:00","open_rate":0.15047,"close_rate":0.1522,"fee_open":0.001,"fee_close":0.001,"trade_duration":120,"profit_ratio":0.009476334790350873,"profit_abs":2.90889854,"exit_reason":"roi","initial_stop_loss_abs":0.14295,"initial_stop_loss_ratio":-0.05,"stop_loss_abs":0.14295,"stop_loss_ratio":-0.05,"min_rate":0.14881,"max_rate":0.15386,"is_open":false,"enter_tag":"","leverage":1.0,"is_short":false,"open_timestamp":1767632400000,"close_timestamp":1767639600000,"orders":[{"amount":2038.0,"safe_price":0.15047,"ft_order_side":"buy","order_filled_timestamp":1767632400000,"ft_is_entry":true,"ft_order_tag":"","cost":306.96451785999994},{"amount":2038.0,"safe_price":0.1522,"ft_order_side":"sell","order_filled_timestamp":1767639600000,"ft_is_entry":false,"ft_order_tag":"roi","cost":310.4937836}],"funding_fees":0.0,"weekday":0}],"locks":[],"best_pair":{"key":"DOGE/USDT","trades":29,"profit_mean":-0.0071857110367857515,"profit_mean_pct":-0.72,"profit_total_abs":-67.38415963,"profit_total":-0.06738415963,"profit_total_pct":-6.74,"duration_avg":"3:37:00","wins":9,"draws":14,"losses":6,"winrate":0.3103448275862069,"cagr":-0.23087836929078775,"expectancy":-2.32359171137931,"expectancy_ratio":-0.6248269561084192,"sortino":-20.788873457735438,"sharpe":-1.7720141413479327,"calmar":-15.931843645827387,"sqn":-1.6416,"profit_factor":0.31333637880930704,"max_drawdown_account":0.0833041195906412,"max_drawdown_abs":84.26464324},"worst_pair":{"key":"DOGE/USDT","trades":29,"profit_mean":-0.0071857110367857515,"profit_mean_pct":-0.72,"profit_total_abs":-67.38415963,"profit_total":-0.06738415963,"profit_total_pct":-6.74,"duration_avg":"3:37:00","wins":9,"draws":14,"losses":6,"winrate":0.3103448275862069,"cagr":-0.23087836929078775,"expectancy":-2.32359171137931,"expectancy_ratio":-0.6248269561084192,"sortino":-20.788873457735438,"sharpe":-1.7720141413479327,"calmar":-15.931843645827387,"sqn":-1.6416,"profit_factor":0.31333637880930704,"max_drawdown_account":0.0833041195906412,"max_drawdown_abs":84.26464324},"results_per_pair":[{"key":"DOGE/USDT","trades":29,"profit_mean":-0.0071857110367857515,"profit_mean_pct":-0.72,"profit_total_abs":-67.38415963,"profit_total":-0.06738415963,"profit_total_pct":-6.74,"duration_avg":"3:37:00","wins":9,"draws":14,"losses":6,"winrate":0.3103448275862069,"cagr":-0.23087836929078775,"expectancy":-2.32359171137931,"expectancy_ratio":-0.6248269561084192,"sortino":-20.788873457735438,"sharpe":-1.7720141413479327,"calmar":-15.931843645827387,"sqn":-1.6416,"profit_factor":0.31333637880930704,"max_drawdown_account":0.0833041195906412,"max_drawdown_abs":84.26464324},{"key":"TOTAL","trades":29,"profit_mean":-0.0071857110367857515,"profit_mean_pct":-0.72,"profit_total_abs":-67.38415963,"profit_total":-0.06738415963,"profit_total_pct":-6.74,"duration_avg":"3:37:00","wins":9,"draws":14,"losses":6,"winrate":0.3103448275862069,"cagr":-0.23087836929078775,"expectancy":-2.32359171137931,"expectancy_ratio":-0.6248269561084192,"sortino":-20.788873457735438,"sharpe":-1.7720141413479327,"calmar":-15.931843645827387,"sqn":-1.6416,"profit_factor":0.31333637880930704,"max_drawdown_account":0.0833041195906412,"max_drawdown_abs":84.26464324}],"results_per_enter_tag":[{"key":"","trades":29,"profit_mean":-0.0071857110367857515,"profit_mean_pct":-0.72,"profit_total_abs":-67.38415963,"profit_total":-0.06738415963,"profit_total_pct":-6.74,"duration_avg":"3:37:00","wins":9,"draws":14,"losses":6,"winrate":0.3103448275862069,"cagr":-0.23087836929078775,"expectancy":-2.32359171137931,"expectancy_ratio":-0.6248269561084192,"sortino":-20.788873457735438,"sharpe":-1.7720141413479327,"calmar":-15.931843645827387,"sqn":-1.6416,"profit_factor":0.31333637880930704,"max_drawdown_account":0.0833041195906412,"max_drawdown_abs":84.26464324},{"key":"TOTAL","trades":29,"profit_mean":-0.0071857110367857515,"profit_mean_pct":-0.72,"profit_total_abs":-67.38415963,"profit_total":-0.06738415963,"profit_total_pct":-6.74,"duration_avg":"3:37:00","wins":9,"draws":14,"losses":6,"winrate":0.3103448275862069,"cagr":-0.23087836929078775,"expectancy":-2.32359171137931,"expectancy_ratio":-0.6248269561084192,"sortino":-20.788873457735438,"sharpe":-1.7720141413479327,"calmar":-15.931843645827387,"sqn":-1.6416,"profit_factor":0.31333637880930704,"max_drawdown_account":0.0833041195906412,"max_drawdown_abs":84.26464324}],"exit_reason_summary":[{"key":"roi","trades":23,"profit_mean":0.0041766087326208,"profit_mean_pct":0.42,"profit_total_abs":30.74854691,"profit_total":0.03074854691,"profit_total_pct":3.07,"duration_avg":"2:55:00","wins":9,"draws":14,"losses":0,"winrate":0.391304347826087,"cagr":0.12070739095749383,"expectancy":1.3368933439130435,"expectancy_ratio":100.0,"sortino":-100,"sharpe":2.5016484699702595,"calmar":-100,"sqn":2.5902,"profit_factor":0.0,"max_drawdown_account":0.0,"max_drawdown_abs":0.0},{"key":"exit_signal","trades":1,"profit_mean":-0.04515218836814503,"profit_mean_pct":-4.52,"profit_total_abs":-15.07833676,"profit_total":-0.01507833676,"profit_total_pct":-1.51,"duration_avg":"9:00:00","wins":0,"draws":0,"losses":1,"winrate":0.0,"cagr":-0.05556666639323027,"expectancy":-15.07833676,"expectancy_ratio":-1.0,"sortino":-100,"sharpe":-100,"calmar":-19.695848633549335,"sqn":-100.0,"profit_factor":0.0,"max_drawdown_account":0.015078336759999957,"max_drawdown_abs":15.07833676},{"key":"stop_loss","trades":5,"profit_mean":-0.051859086509784026,"profit_mean_pct":-5.19,"profit_total_abs":-83.05436978,"profit_total":-0.08305436978,"profit_total_pct":-8.31,"duration_avg":"5:48:00","wins":0,"draws":0,"losses":5,"winrate":0.0,"cagr":-0.2783889392908312,"expectancy":-16.610873956,"expectancy_ratio":-1.0,"sortino":-52.35080262123167,"sharpe":-52.35080262123167,"calmar":-19.695848633549275,"sqn":-106.3185,"profit_factor":0.0,"max_drawdown_account":0.08305436978,"max_drawdown_abs":83.05436978},{"key":"TOTAL","trades":29,"profit_mean":-0.0071857110367857515,"profit_mean_pct":-0.72,"profit_total_abs":-67.38415963,"profit_total":-0.06738415963,"profit_total_pct":-6.74,"duration_avg":"3:37:00","wins":9,"draws":14,"losses":6,"winrate":0.3103448275862069,"cagr":-0.23087836929078775,"expectancy":-2.32359171137931,"expectancy_ratio":-0.6248269561084192,"sortino":-20.788873457735438,"sharpe":-1.7720141413479327,"calmar":-15.931843645827387,"sqn":-1.6416,"profit_factor":0.31333637880930704,"max_drawdown_account":0.0833041195906412,"max_drawdown_abs":84.26464324}],"mix_tag_stats":[{"key":["","roi"],"trades":23,"profit_mean":0.0041766087326208,"profit_mean_pct":0.42,"profit_total_abs":30.74854691,"profit_total":0.03074854691,"profit_total_pct":3.07,"duration_avg":"2:55:00","wins":9,"draws":14,"losses":0,"winrate":0.391304347826087,"cagr":0.12070739095749383,"expectancy":1.3368933439130435,"expectancy_ratio":100.0,"sortino":-100,"sharpe":2.5016484699702595,"calmar":-100,"sqn":2.5902,"profit_factor":0.0,"max_drawdown_account":0.0,"max_drawdown_abs":0.0},{"key":["","exit_signal"],"trades":1,"profit_mean":-0.04515218836814503,"profit_mean_pct":-4.52,"profit_total_abs":-15.07833676,"profit_total":-0.01507833676,"profit_total_pct":-1.51,"duration_avg":"9:00:00","wins":0,"draws":0,"losses":1,"winrate":0.0,"cagr":-0.05556666639323027,"expectancy":-15.07833676,"expectancy_ratio":-1.0,"sortino":-100,"sharpe":-100,"calmar":-19.695848633549335,"sqn":-100.0,"profit_factor":0.0,"max_drawdown_account":0.015078336759999957,"max_drawdown_abs":15.07833676},{"key":["","stop_loss"],"trades":5,"profit_mean":-0.051859086509784026,"profit_mean_pct":-5.19,"profit_total_abs":-83.05436978,"profit_total":-0.08305436978,"profit_total_pct":-8.31,"duration_avg":"5:48:00","wins":0,"draws":0,"losses":5,"winrate":0.0,"cagr":-0.2783889392908312,"expectancy":-16.610873956,"expectancy_ratio":-1.0,"sortino":-52.35080262123167,"sharpe":-52.35080262123167,"calmar":-19.695848633549275,"sqn":-106.3185,"profit_factor":0.0,"max_drawdown_account":0.08305436978,"max_drawdown_abs":83.05436978},{"key":"TOTAL","trades":29,"profit_mean":-0.0071857110367857515,"profit_mean_pct":-0.72,"profit_total_abs":-67.38415963,"profit_total":-0.06738415963,"profit_total_pct":-6.74,"duration_avg":"3:37:00","wins":9,"draws":14,"losses":6,"winrate":0.3103448275862069,"cagr":-0.23087836929078775,"expectancy":-2.32359171137931,"expectancy_ratio":-0.6248269561084192,"sortino":-20.788873457735438,"sharpe":-1.7720141413479327,"calmar":-15.931843645827387,"sqn":-1.6416,"profit_factor":0.31333637880930704,"max_drawdown_account":0.0833041195906412,"max_drawdown_abs":84.26464324}],"left_open_trades":[{"key":"TOTAL","trades":0,"profit_mean":0.0,"profit_mean_pct":0.0,"profit_total_abs":0.0,"profit_total":0.0,"profit_total_pct":0.0,"duration_avg":"0:00","wins":0,"draws":0,"losses":0,"winrate":0.0,"cagr":0.0,"expectancy":0.0,"expectancy_ratio":100.0,"sortino":0,"sharpe":0,"calmar":0,"sqn":0.0,"profit_factor":0.0,"max_drawdown_account":0.0,"max_drawdown_abs":0.0}],"total_trades":29,"trade_count_long":29,"trade_count_short":0,"total_volume":18581.972518588955,"avg_stake_amount":320.9005148275862,"profit_mean":-0.0071857110367857515,"profit_median":0.0,"profit_total":-0.06738415963,"profit_total_long":-0.06738415963,"profit_total_short":0.0,"profit_total_abs":-67.38415963,"profit_total_long_abs":-67.38415963,"profit_total_short_abs":0.0,"cagr":-0.23087836929078775,"expectancy":-2.32359171137931,"expectancy_ratio":-0.6248269561084192,"sortino":-20.788873457735438,"sharpe":-1.7720141413479327,"calmar":-15.931843645827387,"sqn":-1.6416,"profit_factor":0.31333637880930704,"backtest_start":"2025-10-01 00:00:00","backtest_start_ts":1759276800000,"backtest_end":"2026-01-06 20:00:00","backtest_end_ts":1767729600000,"backtest_days":97,"backtest_run_start_ts":1767749326,"backtest_run_end_ts":1767749327,"trades_per_day":0.3,"market_change":-0.36632086436227446,"pairlist":["DOGE/USDT"],"stake_amount":"unlimited","stake_currency":"USDT","stake_currency_decimals":3,"starting_balance":1000,"dry_run_wallet":1000,"final_balance":932.61584037,"rejected_signals":0,"timedout_entry_orders":0,"timedout_exit_orders":0,"canceled_trade_entries":0,"canceled_entry_orders":0,"replaced_entry_orders":0,"max_open_trades":1,"max_open_trades_setting":3,"timeframe":"1h","timeframe_detail":"","timerange":"20251001-","enable_protections":false,"strategy_name":"ACO_26_10","freqaimodel":null,"freqai_identifier":null,"stoploss":-0.05,"trailing_stop":false,"trailing_stop_positive":null,"trailing_stop_positive_offset":0.0,"trailing_only_offset_is_reached":false,"use_custom_stoploss":false,"minimal_roi":{"0":0.1,"60":0.05,"120":0.0},"use_exit_signal":true,"exit_profit_only":false,"exit_profit_offset":0.0,"ignore_roi_if_entry_signal":false,"trading_mode":"spot","margin_mode":"","periodic_breakdown":{"day":[{"date":"03/10/2025","date_ts":1759449600000,"profit_abs":0.0,"wins":0,"draws":1,"losses":0,"trades":1,"profit_factor":0.0},{"date":"04/10/2025","date_ts":1759536000000,"profit_abs":0.0,"wins":0,"draws":0,"losses":0,"trades":0,"profit_factor":0.0},{"date":"05/10/2025","date_ts":1759622400000,"profit_abs":7.8335773,"wins":1,"draws":0,"losses":0,"trades":1,"profit_factor":0.0},{"date":"06/10/2025","date_ts":1759708800000,"profit_abs":0.0,"wins":0,"draws":1,"losses":0,"trades":1,"profit_factor":0.0},{"date":"07/10/2025","date_ts":1759795200000,"profit_abs":0.0,"wins":0,"draws":0,"losses":0,"trades":0,"profit_factor":0.0},{"date":"08/10/2025","date_ts":1759881600000,"profit_abs":0.0,"wins":0,"draws":0,"losses":0,"trades":0,"profit_factor":0.0},{"date":"09/10/2025","date_ts":1759968000000,"profit_abs":0.0,"wins":0,"draws":0,"losses":0,"trades":0,"profit_factor":0.0},{"date":"10/10/2025","date_ts":1760054400000,"profit_abs":0.0,"wins":0,"draws":0,"losses":0,"trades":0,"profit_factor":0.0},{"date":"11/10/2025","date_ts":1760140800000,"profit_abs":0.0,"wins":0,"draws":0,"losses":0,"trades":0,"profit_factor":0.0},{"date":"12/10/2025","date_ts":1760227200000,"profit_abs":0.0,"wins":0,"draws":0,"losses":0,"trades":0,"profit_factor":0.0},{"date":"13/10/2025","date_ts":1760313600000,"profit_abs":0.0,"wins":0,"draws":1,"losses":0,"trades":1,"profit_factor":0.0},{"date":"14/10/2025","date_ts":1760400000000,"profit_abs":0.77516712,"wins":1,"draws":0,"losses":0,"trades":1,"profit_factor":0.0},{"date":"15/10/2025","date_ts":1760486400000,"profit_abs":0.0,"wins":0,"draws":0,"losses":0,"trades":0,"profit_factor":0.0},{"date":"16/10/2025","date_ts":1760572800000,"profit_abs":0.0,"wins":0,"draws":1,"losses":0,"trades":1,"profit_factor":0.0},{"date":"17/10/2025","date_ts":1760659200000,"profit_abs":0.0,"wins":0,"draws":1,"losses":0,"trades":1,"profit_factor":0.0},{"date":"18/10/2025","date_ts":1760745600000,"profit_abs":0.0,"wins":0,"draws":0,"losses":0,"trades":0,"profit_factor":0.0},{"date":"19/10/2025","date_ts":1760832000000,"profit_abs":0.0,"wins":0,"draws":0,"losses":0,"trades":0,"profit_factor":0.0},{"date":"20/10/2025","date_ts":1760918400000,"profit_abs":2.9215815,"wins":1,"draws":0,"losses":0,"trades":1,"profit_factor":0.0},{"date":"21/10/2025","date_ts":1761004800000,"profit_abs":0.0,"wins":0,"draws":0,"losses":0,"trades":0,"profit_factor":0.0},{"date":"22/10/2025","date_ts":1761091200000,"profit_abs":-15.07833676,"wins":0,"draws":0,"losses":1,"trades":1,"profit_factor":0.0},{"date":"23/10/2025","date_ts":1761177600000,"profit_abs":0.0,"wins":0,"draws":0,"losses":0,"trades":0,"profit_factor":0.0},{"date":"24/10/2025","date_ts":1761264000000,"profit_abs":0.0,"wins":0,"draws":0,"losses":0,"trades":0,"profit_factor":0.0},{"date":"25/10/2025","date_ts":1761350400000,"profit_abs":0.0,"wins":0,"draws":0,"losses":0,"trades":0,"profit_factor":0.0},{"date":"26/10/2025","date_ts":1761436800000,"profit_abs":0.0,"wins":0,"draws":0,"losses":0,"trades":0,"profit_factor":0.0},{"date":"27/10/2025","date_ts":1761523200000,"profit_abs":0.0,"wins":0,"draws":0,"losses":0,"trades":0,"profit_factor":0.0},{"date":"28/10/2025","date_ts":1761609600000,"profit_abs":0.0,"wins":0,"draws":0,"losses":0,"trades":0,"profit_factor":0.0},{"date":"29/10/2025","date_ts":1761696000000,"profit_abs":0.0,"wins":0,"draws":0,"losses":0,"trades":0,"profit_factor":0.0},{"date":"30/10/2025","date_ts":1761782400000,"profit_abs":0.0,"wins":0,"draws":0,"losses":0,"trades":0,"profit_factor":0.0},{"date":"31/10/2025","date_ts":1761868800000,"profit_abs":0.0,"wins":0,"draws":1,"losses":0,"trades":1,"profit_factor":0.0},{"date":"01/11/2025","date_ts":1761955200000,"profit_abs":0.0,"wins":0,"draws":0,"losses":0,"trades":0,"profit_factor":0.0},{"date":"02/11/2025","date_ts":1762041600000,"profit_abs":0.0,"wins":0,"draws":0,"losses":0,"trades":0,"profit_factor":0.0},{"date":"03/11/2025","date_ts":1762128000000,"profit_abs":-17.06400108,"wins":0,"draws":0,"losses":1,"trades":1,"profit_factor":0.0},{"date":"04/11/2025","date_ts":1762214400000,"profit_abs":0.0,"wins":0,"draws":0,"losses":0,"trades":0,"profit_factor":0.0},{"date":"05/11/2025","date_ts":1762300800000,"profit_abs":0.0,"wins":0,"draws":0,"losses":0,"trades":0,"profit_factor":0.0},{"date":"06/11/2025","date_ts":1762387200000,"profit_abs":0.0,"wins":0,"draws":0,"losses":0,"trades":0,"profit_factor":0.0},{"date":"07/11/2025","date_ts":1762473600000,"profit_abs":0.0,"wins":0,"draws":0,"losses":0,"trades":0,"profit_factor":0.0},{"date":"08/11/2025","date_ts":1762560000000,"profit_abs":0.0,"wins":0,"draws":0,"losses":0,"trades":0,"profit_factor":0.0},{"date":"09/11/2025","date_ts":1762646400000,"profit_abs":0.0,"wins":0,"draws":0,"losses":0,"trades":0,"profit_factor":0.0},{"date":"10/11/2025","date_ts":1762732800000,"profit_abs":0.0,"wins":0,"draws":0,"losses":0,"trades":0,"profit_factor":0.0},{"date":"11/11/2025","date_ts":1762819200000,"profit_abs":0.0,"wins":0,"draws":1,"losses":0,"trades":1,"profit_factor":0.0},{"date":"12/11/2025","date_ts":1762905600000,"profit_abs":3.618272,"wins":1,"draws":0,"losses":0,"trades":1,"profit_factor":0.0},{"date":"13/11/2025","date_ts":1762992000000,"profit_abs":0.0,"wins":0,"draws":0,"losses":0,"trades":0,"profit_factor":0.0},{"date":"14/11/2025","date_ts":1763078400000,"profit_abs":-16.83319725,"wins":0,"draws":0,"losses":1,"trades":1,"profit_factor":0.0},{"date":"15/11/2025","date_ts":1763164800000,"profit_abs":0.0,"wins":0,"draws":0,"losses":0,"trades":0,"profit_factor":0.0},{"date":"16/11/2025","date_ts":1763251200000,"profit_abs":0.66823701,"wins":1,"draws":0,"losses":0,"trades":1,"profit_factor":0.0},{"date":"17/11/2025","date_ts":1763337600000,"profit_abs":-16.55809215,"wins":0,"draws":0,"losses":1,"trades":1,"profit_factor":0.0},{"date":"18/11/2025","date_ts":1763424000000,"profit_abs":0.0,"wins":0,"draws":0,"losses":0,"trades":0,"profit_factor":0.0},{"date":"19/11/2025","date_ts":1763510400000,"profit_abs":0.0,"wins":0,"draws":0,"losses":0,"trades":0,"profit_factor":0.0},{"date":"20/11/2025","date_ts":1763596800000,"profit_abs":0.0,"wins":0,"draws":0,"losses":0,"trades":0,"profit_factor":0.0},{"date":"21/11/2025","date_ts":1763683200000,"profit_abs":0.0,"wins":0,"draws":0,"losses":0,"trades":0,"profit_factor":0.0},{"date":"22/11/2025","date_ts":1763769600000,"profit_abs":0.0,"wins":0,"draws":0,"losses":0,"trades":0,"profit_factor":0.0},{"date":"23/11/2025","date_ts":1763856000000,"profit_abs":0.0,"wins":0,"draws":0,"losses":0,"trades":0,"profit_factor":0.0},{"date":"24/11/2025","date_ts":1763942400000,"profit_abs":0.0,"wins":0,"draws":0,"losses":0,"trades":0,"profit_factor":0.0},{"date":"25/11/2025","date_ts":1764028800000,"profit_abs":0.0,"wins":0,"draws":1,"losses":0,"trades":1,"profit_factor":0.0},{"date":"26/11/2025","date_ts":1764115200000,"profit_abs":8.76180564,"wins":1,"draws":0,"losses":0,"trades":1,"profit_factor":0.0},{"date":"27/11/2025","date_ts":1764201600000,"profit_abs":0.0,"wins":0,"draws":0,"losses":0,"trades":0,"profit_factor":0.0},{"date":"28/11/2025","date_ts":1764288000000,"profit_abs":0.0,"wins":0,"draws":0,"losses":0,"trades":0,"profit_factor":0.0},{"date":"29/11/2025","date_ts":1764374400000,"profit_abs":0.0,"wins":0,"draws":0,"losses":0,"trades":0,"profit_factor":0.0},{"date":"30/11/2025","date_ts":1764460800000,"profit_abs":0.0,"wins":0,"draws":1,"losses":0,"trades":1,"profit_factor":0.0},{"date":"01/12/2025","date_ts":1764547200000,"profit_abs":0.0,"wins":0,"draws":0,"losses":0,"trades":0,"profit_factor":0.0},{"date":"02/12/2025","date_ts":1764633600000,"profit_abs":0.0,"wins":0,"draws":0,"losses":0,"trades":0,"profit_factor":0.0},{"date":"03/12/2025","date_ts":1764720000000,"profit_abs":0.0,"wins":0,"draws":0,"losses":0,"trades":0,"profit_factor":0.0},{"date":"04/12/2025","date_ts":1764806400000,"profit_abs":0.0,"wins":0,"draws":0,"losses":0,"trades":0,"profit_factor":0.0},{"date":"05/12/2025","date_ts":1764892800000,"profit_abs":0.0,"wins":0,"draws":0,"losses":0,"trades":0,"profit_factor":0.0},{"date":"06/12/2025","date_ts":1764979200000,"profit_abs":0.0,"wins":0,"draws":0,"losses":0,"trades":0,"profit_factor":0.0},{"date":"07/12/2025","date_ts":1765065600000,"profit_abs":0.81974865,"wins":1,"draws":0,"losses":0,"trades":1,"profit_factor":0.0},{"date":"08/12/2025","date_ts":1765152000000,"profit_abs":0.0,"wins":0,"draws":0,"losses":0,"trades":0,"profit_factor":0.0},{"date":"09/12/2025","date_ts":1765238400000,"profit_abs":0.0,"wins":0,"draws":1,"losses":0,"trades":1,"profit_factor":0.0},{"date":"10/12/2025","date_ts":1765324800000,"profit_abs":0.0,"wins":0,"draws":0,"losses":0,"trades":0,"profit_factor":0.0},{"date":"11/12/2025","date_ts":1765411200000,"profit_abs":-16.4351937,"wins":0,"draws":0,"losses":1,"trades":1,"profit_factor":0.0},{"date":"12/12/2025","date_ts":1765497600000,"profit_abs":0.0,"wins":0,"draws":0,"losses":0,"trades":0,"profit_factor":0.0},{"date":"13/12/2025","date_ts":1765584000000,"profit_abs":0.0,"wins":0,"draws":0,"losses":0,"trades":0,"profit_factor":0.0},{"date":"14/12/2025","date_ts":1765670400000,"profit_abs":0.0,"wins":0,"draws":0,"losses":0,"trades":0,"profit_factor":0.0},{"date":"15/12/2025","date_ts":1765756800000,"profit_abs":0.0,"wins":0,"draws":1,"losses":0,"trades":1,"profit_factor":0.0},{"date":"16/12/2025","date_ts":1765843200000,"profit_abs":0.0,"wins":0,"draws":1,"losses":0,"trades":1,"profit_factor":0.0},{"date":"17/12/2025","date_ts":1765929600000,"profit_abs":-16.1638856,"wins":0,"draws":0,"losses":1,"trades":1,"profit_factor":0.0},{"date":"18/12/2025","date_ts":1766016000000,"profit_abs":0.0,"wins":0,"draws":0,"losses":0,"trades":0,"profit_factor":0.0},{"date":"19/12/2025","date_ts":1766102400000,"profit_abs":0.0,"wins":0,"draws":0,"losses":0,"trades":0,"profit_factor":0.0},{"date":"20/12/2025","date_ts":1766188800000,"profit_abs":0.0,"wins":0,"draws":0,"losses":0,"trades":0,"profit_factor":0.0},{"date":"21/12/2025","date_ts":1766275200000,"profit_abs":0.0,"wins":0,"draws":0,"losses":0,"trades":0,"profit_factor":0.0},{"date":"22/12/2025","date_ts":1766361600000,"profit_abs":0.0,"wins":0,"draws":1,"losses":0,"trades":1,"profit_factor":0.0},{"date":"23/12/2025","date_ts":1766448000000,"profit_abs":0.0,"wins":0,"draws":0,"losses":0,"trades":0,"profit_factor":0.0},{"date":"24/12/2025","date_ts":1766534400000,"profit_abs":0.0,"wins":0,"draws":1,"losses":0,"trades":1,"profit_factor":0.0},{"date":"25/12/2025","date_ts":1766620800000,"profit_abs":0.0,"wins":0,"draws":0,"losses":0,"trades":0,"profit_factor":0.0},{"date":"26/12/2025","date_ts":1766707200000,"profit_abs":0.0,"wins":0,"draws":0,"losses":0,"trades":0,"profit_factor":0.0},{"date":"27/12/2025","date_ts":1766793600000,"profit_abs":0.0,"wins":0,"draws":0,"losses":0,"trades":0,"profit_factor":0.0},{"date":"28/12/2025","date_ts":1766880000000,"profit_abs":0.0,"wins":0,"draws":0,"losses":0,"trades":0,"profit_factor":0.0},{"date":"29/12/2025","date_ts":1766966400000,"profit_abs":2.44125915,"wins":1,"draws":0,"losses":0,"trades":1,"profit_factor":0.0},{"date":"30/12/2025","date_ts":1767052800000,"profit_abs":0.0,"wins":0,"draws":0,"losses":0,"trades":0,"profit_factor":0.0},{"date":"31/12/2025","date_ts":1767139200000,"profit_abs":0.0,"wins":0,"draws":0,"losses":0,"trades":0,"profit_factor":0.0},{"date":"01/01/2026","date_ts":1767225600000,"profit_abs":0.0,"wins":0,"draws":0,"losses":0,"trades":0,"profit_factor":0.0},{"date":"02/01/2026","date_ts":1767312000000,"profit_abs":0.0,"wins":0,"draws":0,"losses":0,"trades":0,"profit_factor":0.0},{"date":"03/01/2026","date_ts":1767398400000,"profit_abs":0.0,"wins":0,"draws":0,"losses":0,"trades":0,"profit_factor":0.0},{"date":"04/01/2026","date_ts":1767484800000,"profit_abs":0.0,"wins":0,"draws":0,"losses":0,"trades":0,"profit_factor":0.0},{"date":"05/01/2026","date_ts":1767571200000,"profit_abs":2.90889854,"wins":1,"draws":0,"losses":0,"trades":1,"profit_factor":0.0}],"week":[{"date":"06/10/2025","date_ts":1759708800000,"profit_abs":7.8335773,"wins":1,"draws":2,"losses":0,"trades":3,"profit_factor":0.0},{"date":"13/10/2025","date_ts":1760313600000,"profit_abs":0.0,"wins":0,"draws":1,"losses":0,"trades":1,"profit_factor":0.0},{"date":"20/10/2025","date_ts":1760918400000,"profit_abs":3.69674862,"wins":2,"draws":2,"losses":0,"trades":4,"profit_factor":0.0},{"date":"27/10/2025","date_ts":1761523200000,"profit_abs":-15.07833676,"wins":0,"draws":0,"losses":1,"trades":1,"profit_factor":0.0},{"date":"03/11/2025","date_ts":1762128000000,"profit_abs":-17.06400108,"wins":0,"draws":1,"losses":1,"trades":2,"profit_factor":0.0},{"date":"10/11/2025","date_ts":1762732800000,"profit_abs":0.0,"wins":0,"draws":0,"losses":0,"trades":0,"profit_factor":0.0},{"date":"17/11/2025","date_ts":1763337600000,"profit_abs":-29.10478039,"wins":2,"draws":1,"losses":2,"trades":5,"profit_factor":0.12837207},{"date":"24/11/2025","date_ts":1763942400000,"profit_abs":0.0,"wins":0,"draws":0,"losses":0,"trades":0,"profit_factor":0.0},{"date":"01/12/2025","date_ts":1764547200000,"profit_abs":8.76180564,"wins":1,"draws":2,"losses":0,"trades":3,"profit_factor":0.0},{"date":"08/12/2025","date_ts":1765152000000,"profit_abs":0.81974865,"wins":1,"draws":0,"losses":0,"trades":1,"profit_factor":0.0},{"date":"15/12/2025","date_ts":1765756800000,"profit_abs":-16.4351937,"wins":0,"draws":2,"losses":1,"trades":3,"profit_factor":0.0},{"date":"22/12/2025","date_ts":1766361600000,"profit_abs":-16.1638856,"wins":0,"draws":2,"losses":1,"trades":3,"profit_factor":0.0},{"date":"29/12/2025","date_ts":1766966400000,"profit_abs":2.44125915,"wins":1,"draws":1,"losses":0,"trades":2,"profit_factor":0.0},{"date":"05/01/2026","date_ts":1767571200000,"profit_abs":2.90889854,"wins":1,"draws":0,"losses":0,"trades":1,"profit_factor":0.0}],"month":[{"date":"31/10/2025","date_ts":1761868800000,"profit_abs":-3.54801084,"wins":3,"draws":6,"losses":1,"trades":10,"profit_factor":0.76469481},{"date":"30/11/2025","date_ts":1764460800000,"profit_abs":-37.40697583,"wins":3,"draws":3,"losses":3,"trades":9,"profit_factor":0.25861143},{"date":"31/12/2025","date_ts":1767139200000,"profit_abs":-29.3380715,"wins":2,"draws":5,"losses":2,"trades":9,"profit_factor":0.10003374},{"date":"31/01/2026","date_ts":1769817600000,"profit_abs":2.90889854,"wins":1,"draws":0,"losses":0,"trades":1,"profit_factor":0.0}],"year":[{"date":"31/12/2025","date_ts":1767139200000,"profit_abs":-70.29305817,"wins":8,"draws":14,"losses":6,"trades":28,"profit_factor":0.28369388},{"date":"31/12/2026","date_ts":1798675200000,"profit_abs":2.90889854,"wins":1,"draws":0,"losses":0,"trades":1,"profit_factor":0.0}],"weekday":[{"date":"Monday","date_ts":0,"profit_abs":-25.35035404,"wins":3,"draws":4,"losses":2,"trades":9,"profit_factor":0.24602095},{"date":"Tuesday","date_ts":1,"profit_abs":0.77516712,"wins":1,"draws":4,"losses":0,"trades":5,"profit_factor":0.0},{"date":"Wednesday","date_ts":2,"profit_abs":-18.86214472,"wins":2,"draws":1,"losses":2,"trades":5,"profit_factor":0.39626111},{"date":"Thursday","date_ts":3,"profit_abs":-16.4351937,"wins":0,"draws":1,"losses":1,"trades":2,"profit_factor":0.0},{"date":"Friday","date_ts":4,"profit_abs":-16.83319725,"wins":0,"draws":3,"losses":1,"trades":4,"profit_factor":0.0},{"date":"Sunday","date_ts":6,"profit_abs":9.32156296,"wins":3,"draws":1,"losses":0,"trades":4,"profit_factor":0.0}]},"backtest_best_day":0.027922373484503667,"backtest_worst_day":-0.05186841712719167,"backtest_best_day_abs":8.76180564,"backtest_worst_day_abs":-17.06400108,"winning_days":9,"draw_days":80,"losing_days":6,"daily_profit":[["2025-10-03",0.0],["2025-10-04",0.0],["2025-10-05",7.8335773],["2025-10-06",0.0],["2025-10-07",0.0],["2025-10-08",0.0],["2025-10-09",0.0],["2025-10-10",0.0],["2025-10-11",0.0],["2025-10-12",0.0],["2025-10-13",0.0],["2025-10-14",0.77516712],["2025-10-15",0.0],["2025-10-16",0.0],["2025-10-17",0.0],["2025-10-18",0.0],["2025-10-19",0.0],["2025-10-20",2.9215815],["2025-10-21",0.0],["2025-10-22",-15.07833676],["2025-10-23",0.0],["2025-10-24",0.0],["2025-10-25",0.0],["2025-10-26",0.0],["2025-10-27",0.0],["2025-10-28",0.0],["2025-10-29",0.0],["2025-10-30",0.0],["2025-10-31",0.0],["2025-11-01",0.0],["2025-11-02",0.0],["2025-11-03",-17.06400108],["2025-11-04",0.0],["2025-11-05",0.0],["2025-11-06",0.0],["2025-11-07",0.0],["2025-11-08",0.0],["2025-11-09",0.0],["2025-11-10",0.0],["2025-11-11",0.0],["2025-11-12",3.618272],["2025-11-13",0.0],["2025-11-14",-16.83319725],["2025-11-15",0.0],["2025-11-16",0.66823701],["2025-11-17",-16.55809215],["2025-11-18",0.0],["2025-11-19",0.0],["2025-11-20",0.0],["2025-11-21",0.0],["2025-11-22",0.0],["2025-11-23",0.0],["2025-11-24",0.0],["2025-11-25",0.0],["2025-11-26",8.76180564],["2025-11-27",0.0],["2025-11-28",0.0],["2025-11-29",0.0],["2025-11-30",0.0],["2025-12-01",0.0],["2025-12-02",0.0],["2025-12-03",0.0],["2025-12-04",0.0],["2025-12-05",0.0],["2025-12-06",0.0],["2025-12-07",0.81974865],["2025-12-08",0.0],["2025-12-09",0.0],["2025-12-10",0.0],["2025-12-11",-16.4351937],["2025-12-12",0.0],["2025-12-13",0.0],["2025-12-14",0.0],["2025-12-15",0.0],["2025-12-16",0.0],["2025-12-17",-16.1638856],["2025-12-18",0.0],["2025-12-19",0.0],["2025-12-20",0.0],["2025-12-21",0.0],["2025-12-22",0.0],["2025-12-23",0.0],["2025-12-24",0.0],["2025-12-25",0.0],["2025-12-26",0.0],["2025-12-27",0.0],["2025-12-28",0.0],["2025-12-29",2.44125915],["2025-12-30",0.0],["2025-12-31",0.0],["2026-01-01",0.0],["2026-01-02",0.0],["2026-01-03",0.0],["2026-01-04",0.0],["2026-01-05",2.90889854]],"wins":9,"losses":6,"draws":14,"winrate":0.3103448275862069,"holding_avg":"3:37:00","holding_avg_s":13020.0,"winner_holding_min":"0d 02:00","winner_holding_min_s":7200.0,"winner_holding_max":"0d 02:00","winner_holding_max_s":7200.0,"winner_holding_avg":"0d 02:00","winner_holding_avg_s":7200.0,"loser_holding_min":"0d 01:00","loser_holding_min_s":3600.0,"loser_holding_max":"0d 16:00","loser_holding_max_s":57600.0,"loser_holding_avg":"0d 06:20","loser_holding_avg_s":22800.0,"max_consecutive_wins":2,"max_consecutive_losses":7,"max_drawdown_account":0.0833041195906412,"max_relative_drawdown":0.0833041195906412,"max_drawdown_abs":84.26464324,"drawdown_start":"2025-10-20 06:00:00","drawdown_start_ts":1760940000000.0,"drawdown_end":"2025-12-17 16:00:00","drawdown_end_ts":1765987200000.0,"drawdown_duration":"58 days 10:00:00","drawdown_duration_s":5047200.0,"max_drawdown_low":-72.73431732,"max_drawdown_high":11.530325920000001,"csum_min":927.26568268,"csum_max":1011.53032592}},"strategy_comparison":[{"key":"ACO_26_10","trades":29,"profit_mean":-0.0071857110367857515,"profit_mean_pct":-0.72,"profit_total_abs":-67.38415963,"profit_total":-0.06738415963,"profit_total_pct":-6.74,"duration_avg":"3:37:00","wins":9,"draws":14,"losses":6,"winrate":0.3103448275862069,"cagr":-0.23087836929078775,"expectancy":-2.32359171137931,"expectancy_ratio":-0.6248269561084192,"sortino":-20.788873457735438,"sharpe":-1.7720141413479327,"calmar":-15.931843645827387,"sqn":-1.6416,"profit_factor":0.31333637880930704,"max_drawdown_account":0.0833041195906412,"max_drawdown_abs":"84.265"}]}