{"strategy":{"ACO_49_16":{"trades":[{"pair":"DOGE/USDT","stake_amount":329.988,"max_stake_amount":329.988,"amount":1285.0,"open_date":"2025-10-02 13:00:00+00:00","close_date":"2025-10-02 16:00:00+00:00","open_rate":0.2568,"close_rate":0.25731411411411403,"fee_open":0.001,"fee_close":0.001,"trade_duration":180,"profit_ratio":0.0,"profit_abs":0.0,"exit_reason":"roi","initial_stop_loss_abs":0.24396,"initial_stop_loss_ratio":-0.05,"stop_loss_abs":0.24396,"stop_loss_ratio":-0.05,"min_rate":0.25046,"max_rate":0.2578,"is_open":false,"enter_tag":"","leverage":1.0,"is_short":false,"open_timestamp":1759410000000,"close_timestamp":1759420800000,"orders":[{"amount":1285.0,"safe_price":0.2568,"ft_order_side":"buy","order_filled_timestamp":1759410000000,"ft_is_entry":true,"ft_order_tag":"","cost":330.3179879999999},{"amount":1285.0,"safe_price":0.25731411411411403,"ft_order_side":"sell","order_filled_timestamp":1759420800000,"ft_is_entry":false,"ft_order_tag":"roi","cost":330.97928527327315}],"funding_fees":0.0,"weekday":3},{"pair":"DOGE/USDT","stake_amount":329.99901,"max_stake_amount":329.99901,"amount":1321.0,"open_date":"2025-10-07 23:00:00+00:00","close_date":"2025-10-08 02:00:00+00:00","open_rate":0.24981,"close_rate":0.2503101201201201,"fee_open":0.001,"fee_close":0.001,"trade_duration":180,"profit_ratio":0.0,"profit_abs":0.0,"exit_reason":"roi","initial_stop_loss_abs":0.23732,"initial_stop_loss_ratio":-0.05,"stop_loss_abs":0.23732,"stop_loss_ratio":-0.05,"min_rate":0.24622,"max_rate":0.25061,"is_open":false,"enter_tag":"","leverage":1.0,"is_short":false,"open_timestamp":1759878000000,"close_timestamp":1759888800000,"orders":[{"amount":1321.0,"safe_price":0.24981,"ft_order_side":"buy","order_filled_timestamp":1759878000000,"ft_is_entry":true,"ft_order_tag":"","cost":330.32900900999994},{"amount":1321.0,"safe_price":0.2503101201201201,"ft_order_side":"sell","order_filled_timestamp":1759888800000,"ft_is_entry":false,"ft_order_tag":"roi","cost":330.9903283473573}],"funding_fees":0.0,"weekday":2},{"pair":"DOGE/USDT","stake_amount":329.8544,"max_stake_amount":329.8544,"amount":1340.0,"open_date":"2025-10-08 07:00:00+00:00","close_date":"2025-10-08 09:00:00+00:00","open_rate":0.24616,"close_rate":0.24835,"fee_open":0.001,"fee_close":0.001,"trade_duration":120,"profit_ratio":0.0068808750560456775,"profit_abs":2.2719566,"exit_reason":"roi","initial_stop_loss_abs":0.23386,"initial_stop_loss_ratio":-0.05,"stop_loss_abs":0.23386,"stop_loss_ratio":-0.05,"min_rate":0.24539,"max_rate":0.24949,"is_open":false,"enter_tag":"","leverage":1.0,"is_short":false,"open_timestamp":1759906800000,"close_timestamp":1759914000000,"orders":[{"amount":1340.0,"safe_price":0.24616,"ft_order_side":"buy","order_filled_timestamp":1759906800000,"ft_is_entry":true,"ft_order_tag":"","cost":330.1842544},{"amount":1340.0,"safe_price":0.24835,"ft_order_side":"sell","order_filled_timestamp":1759914000000,"ft_is_entry":false,"ft_order_tag":"roi","cost":333.121789}],"funding_fees":0.0,"weekday":2},{"pair":"DOGE/USDT","stake_amount":330.6041,"max_stake_amount":330.6041,"amount":1721.0,"open_date":"2025-10-11 07:00:00+00:00","close_date":"2025-10-11 09:00:00+00:00","open_rate":0.1921,"close_rate":0.19534,"fee_open":0.001,"fee_close":0.001,"trade_duration":120,"profit_ratio":0.014834514782458562,"profit_abs":4.90925576,"exit_reason":"roi","initial_stop_loss_abs":0.1825,"initial_stop_loss_ratio":-0.05,"stop_loss_abs":0.1825,"stop_loss_ratio":-0.05,"min_rate":0.1881,"max_rate":0.19776,"is_open":false,"enter_tag":"","leverage":1.0,"is_short":false,"open_timestamp":1760166000000,"close_timestamp":1760173200000,"orders":[{"amount":1721.0,"safe_price":0.1921,"ft_order_side":"buy","order_filled_timestamp":1760166000000,"ft_is_entry":true,"ft_order_tag":"","cost":330.9347040999999},{"amount":1721.0,"safe_price":0.19534,"ft_order_side":"sell","order_filled_timestamp":1760173200000,"ft_is_entry":false,"ft_order_tag":"roi","cost":336.51632014}],"funding_fees":0.0,"weekday":5},{"pair":"DOGE/USDT","stake_amount":332.22,"max_stake_amount":332.22,"amount":1750.0,"open_date":"2025-10-12 13:00:00+00:00","close_date":"2025-10-12 14:00:00+00:00","open_rate":0.18984,"close_rate":0.19972156156156154,"fee_open":0.001,"fee_close":0.001,"trade_duration":60,"profit_ratio":0.04995004995004996,"profit_abs":16.611,"exit_reason":"roi","initial_stop_loss_abs":0.18035,"initial_stop_loss_ratio":-0.05,"stop_loss_abs":0.18035,"stop_loss_ratio":-0.05,"min_rate":0.18624,"max_rate":0.19986,"is_open":false,"enter_tag":"","leverage":1.0,"is_short":false,"open_timestamp":1760274000000,"close_timestamp":1760277600000,"orders":[{"amount":1750.0,"safe_price":0.18984,"ft_order_side":"buy","order_filled_timestamp":1760274000000,"ft_is_entry":true,"ft_order_tag":"","cost":332.55222},{"amount":1750.0,"safe_price":0.19972156156156154,"ft_order_side":"sell","order_filled_timestamp":1760277600000,"ft_is_entry":false,"ft_order_tag":"roi","cost":349.8622454654654}],"funding_fees":0.0,"weekday":6},{"pair":"DOGE/USDT","stake_amount":337.75308,"max_stake_amount":337.75308,"amount":1722.0,"open_date":"2025-10-12 15:00:00+00:00","close_date":"2025-10-12 16:00:00+00:00","open_rate":0.19614,"close_rate":0.2063494894894895,"fee_open":0.001,"fee_close":0.001,"trade_duration":60,"profit_ratio":0.04995004995004996,"profit_abs":16.887654,"exit_reason":"roi","initial_stop_loss_abs":0.18634,"initial_stop_loss_ratio":-0.05,"stop_loss_abs":0.18634,"stop_loss_ratio":-0.05,"min_rate":0.19562,"max_rate":0.2095,"is_open":false,"enter_tag":"","leverage":1.0,"is_short":false,"open_timestamp":1760281200000,"close_timestamp":1760284800000,"orders":[{"amount":1722.0,"safe_price":0.19614,"ft_order_side":"buy","order_filled_timestamp":1760281200000,"ft_is_entry":true,"ft_order_tag":"","cost":338.09083308},{"amount":1722.0,"safe_price":0.2063494894894895,"ft_order_side":"sell","order_filled_timestamp":1760284800000,"ft_is_entry":false,"ft_order_tag":"roi","cost":355.6891547218018}],"funding_fees":0.0,"weekday":6},{"pair":"DOGE/USDT","stake_amount":343.3012,"max_stake_amount":343.3012,"amount":1640.0,"open_date":"2025-10-13 02:00:00+00:00","close_date":"2025-10-13 04:00:00+00:00","open_rate":0.20933,"close_rate":0.20974907907907905,"fee_open":0.001,"fee_close":0.001,"trade_duration":120,"profit_ratio":0.0,"profit_abs":0.0,"exit_reason":"roi","initial_stop_loss_abs":0.19887,"initial_stop_loss_ratio":-0.05,"stop_loss_abs":0.19887,"stop_loss_ratio":-0.05,"min_rate":0.20642,"max_rate":0.20999,"is_open":false,"enter_tag":"","leverage":1.0,"is_short":false,"open_timestamp":1760320800000,"close_timestamp":1760328000000,"orders":[{"amount":1640.0,"safe_price":0.20933,"ft_order_side":"buy","order_filled_timestamp":1760320800000,"ft_is_entry":true,"ft_order_tag":"","cost":343.6445012},{"amount":1640.0,"safe_price":0.20974907907907905,"ft_order_side":"sell","order_filled_timestamp":1760328000000,"ft_is_entry":false,"ft_order_tag":"roi","cost":344.3324781793793}],"funding_fees":0.0,"weekday":0},{"pair":"DOGE/USDT","stake_amount":343.3209,"max_stake_amount":343.3209,"amount":1873.0,"open_date":"2025-10-17 14:00:00+00:00","close_date":"2025-10-17 16:00:00+00:00","open_rate":0.1833,"close_rate":0.18488,"fee_open":0.001,"fee_close":0.001,"trade_duration":120,"profit_ratio":0.006604524771464215,"profit_abs":2.26973886,"exit_reason":"roi","initial_stop_loss_abs":0.17414,"initial_stop_loss_ratio":-0.05,"stop_loss_abs":0.17414,"stop_loss_ratio":-0.05,"min_rate":0.17968,"max_rate":0.18726,"is_open":false,"enter_tag":"","leverage":1.0,"is_short":false,"open_timestamp":1760709600000,"close_timestamp":1760716800000,"orders":[{"amount":1873.0,"safe_price":0.1833,"ft_order_side":"buy","order_filled_timestamp":1760709600000,"ft_is_entry":true,"ft_order_tag":"","cost":343.6642209},{"amount":1873.0,"safe_price":0.18488,"ft_order_side":"sell","order_filled_timestamp":1760716800000,"ft_is_entry":false,"ft_order_tag":"roi","cost":346.62652023999993}],"funding_fees":0.0,"weekday":4},{"pair":"DOGE/USDT","stake_amount":343.991,"max_stake_amount":343.991,"amount":1801.0,"open_date":"2025-10-22 12:00:00+00:00","close_date":"2025-10-22 14:00:00+00:00","open_rate":0.191,"close_rate":0.19236,"fee_open":0.001,"fee_close":0.001,"trade_duration":120,"profit_ratio":0.0051081902390802915,"profit_abs":1.75892864,"exit_reason":"roi","initial_stop_loss_abs":0.18145,"initial_stop_loss_ratio":-0.05,"stop_loss_abs":0.18145,"stop_loss_ratio":-0.05,"min_rate":0.18814,"max_rate":0.19275,"is_open":false,"enter_tag":"","leverage":1.0,"is_short":false,"open_timestamp":1761134400000,"close_timestamp":1761141600000,"orders":[{"amount":1801.0,"safe_price":0.191,"ft_order_side":"buy","order_filled_timestamp":1761134400000,"ft_is_entry":true,"ft_order_tag":"","cost":344.33499099999995},{"amount":1801.0,"safe_price":0.19236,"ft_order_side":"sell","order_filled_timestamp":1761141600000,"ft_is_entry":false,"ft_order_tag":"roi","cost":346.78680036}],"funding_fees":0.0,"weekday":2},{"pair":"DOGE/USDT","stake_amount":344.67257,"max_stake_amount":344.67257,"amount":1657.0,"open_date":"2025-10-27 07:00:00+00:00","close_date":"2025-10-28 14:00:00+00:00","open_rate":0.20801,"close_rate":0.19761,"fee_open":0.001,"fee_close":0.001,"trade_duration":1860,"profit_ratio":-0.05189570297017054,"profit_abs":-17.90491234,"exit_reason":"stop_loss","initial_stop_loss_abs":0.19761,"initial_stop_loss_ratio":-0.05,"stop_loss_abs":0.19761,"stop_loss_ratio":-0.05,"min_rate":0.19617,"max_rate":0.20867,"is_open":false,"enter_tag":"","leverage":1.0,"is_short":false,"open_timestamp":1761548400000,"close_timestamp":1761660000000,"orders":[{"amount":1657.0,"safe_price":0.20801,"ft_order_side":"buy","order_filled_timestamp":1761548400000,"ft_is_entry":true,"ft_order_tag":"","cost":345.01724256999995},{"amount":1657.0,"safe_price":0.19761,"ft_order_side":"sell","order_filled_timestamp":1761660000000,"ft_is_entry":false,"ft_order_tag":"stop_loss","cost":327.76720976999997}],"funding_fees":0.0,"weekday":1},{"pair":"DOGE/USDT","stake_amount":338.75348,"max_stake_amount":338.75348,"amount":2132.0,"open_date":"2025-11-04 21:00:00+00:00","close_date":"2025-11-04 23:00:00+00:00","open_rate":0.15889,"close_rate":0.16344,"fee_open":0.001,"fee_close":0.001,"trade_duration":120,"profit_ratio":0.026580946273815555,"profit_abs":9.01339244,"exit_reason":"roi","initial_stop_loss_abs":0.15095,"initial_stop_loss_ratio":-0.05,"stop_loss_abs":0.15095,"stop_loss_ratio":-0.05,"min_rate":0.15159,"max_rate":0.16436,"is_open":false,"enter_tag":"","leverage":1.0,"is_short":false,"open_timestamp":1762290000000,"close_timestamp":1762297200000,"orders":[{"amount":2132.0,"safe_price":0.15889,"ft_order_side":"buy","order_filled_timestamp":1762290000000,"ft_is_entry":true,"ft_order_tag":"","cost":339.09223348},{"amount":2132.0,"safe_price":0.16344,"ft_order_side":"sell","order_filled_timestamp":1762297200000,"ft_is_entry":false,"ft_order_tag":"roi","cost":348.80253407999993}],"funding_fees":0.0,"weekday":1},{"pair":"DOGE/USDT","stake_amount":341.71088,"max_stake_amount":341.71088,"amount":2096.0,"open_date":"2025-11-07 01:00:00+00:00","close_date":"2025-11-07 03:00:00+00:00","open_rate":0.16303,"close_rate":0.16414,"fee_open":0.001,"fee_close":0.001,"trade_duration":120,"profit_ratio":0.004796957321032644,"profit_abs":1.64081168,"exit_reason":"roi","initial_stop_loss_abs":0.15488,"initial_stop_loss_ratio":-0.05,"stop_loss_abs":0.15488,"stop_loss_ratio":-0.05,"min_rate":0.16095,"max_rate":0.16509,"is_open":false,"enter_tag":"","leverage":1.0,"is_short":false,"open_timestamp":1762477200000,"close_timestamp":1762484400000,"orders":[{"amount":2096.0,"safe_price":0.16303,"ft_order_side":"buy","order_filled_timestamp":1762477200000,"ft_is_entry":true,"ft_order_tag":"","cost":342.05259087999997},{"amount":2096.0,"safe_price":0.16414,"ft_order_side":"sell","order_filled_timestamp":1762484400000,"ft_is_entry":false,"ft_order_tag":"roi","cost":344.38147743999997}],"funding_fees":0.0,"weekday":4},{"pair":"DOGE/USDT","stake_amount":342.21427,"max_stake_amount":342.21427,"amount":1891.0,"open_date":"2025-11-08 02:00:00+00:00","close_date":"2025-11-08 04:00:00+00:00","open_rate":0.18097,"close_rate":0.18133230230230227,"fee_open":0.001,"fee_close":0.001,"trade_duration":120,"profit_ratio":0.0,"profit_abs":0.0,"exit_reason":"roi","initial_stop_loss_abs":0.17193,"initial_stop_loss_ratio":-0.05,"stop_loss_abs":0.17193,"stop_loss_ratio":-0.05,"min_rate":0.17974,"max_rate":0.18332,"is_open":false,"enter_tag":"","leverage":1.0,"is_short":false,"open_timestamp":1762567200000,"close_timestamp":1762574400000,"orders":[{"amount":1891.0,"safe_price":0.18097,"ft_order_side":"buy","order_filled_timestamp":1762567200000,"ft_is_entry":true,"ft_order_tag":"","cost":342.55648426999994},{"amount":1891.0,"safe_price":0.18133230230230227,"ft_order_side":"sell","order_filled_timestamp":1762574400000,"ft_is_entry":false,"ft_order_tag":"roi","cost":343.24228303730723}],"funding_fees":0.0,"weekday":5},{"pair":"DOGE/USDT","stake_amount":342.25242,"max_stake_amount":342.25242,"amount":1886.0,"open_date":"2025-11-08 05:00:00+00:00","close_date":"2025-11-08 08:00:00+00:00","open_rate":0.18147,"close_rate":0.18183330330330327,"fee_open":0.001,"fee_close":0.001,"trade_duration":180,"profit_ratio":0.0,"profit_abs":0.0,"exit_reason":"roi","initial_stop_loss_abs":0.1724,"initial_stop_loss_ratio":-0.05,"stop_loss_abs":0.1724,"stop_loss_ratio":-0.05,"min_rate":0.17762,"max_rate":0.1822,"is_open":false,"enter_tag":"","leverage":1.0,"is_short":false,"open_timestamp":1762578000000,"close_timestamp":1762588800000,"orders":[{"amount":1886.0,"safe_price":0.18147,"ft_order_side":"buy","order_filled_timestamp":1762578000000,"ft_is_entry":true,"ft_order_tag":"","cost":342.59467241999994},{"amount":1886.0,"safe_price":0.18183330330330327,"ft_order_side":"sell","order_filled_timestamp":1762588800000,"ft_is_entry":false,"ft_order_tag":"roi","cost":343.28054764006}],"funding_fees":0.0,"weekday":5},{"pair":"DOGE/USDT","stake_amount":342.2806,"max_stake_amount":342.2806,"amount":1966.0,"open_date":"2025-11-12 09:00:00+00:00","close_date":"2025-11-12 11:00:00+00:00","open_rate":0.1741,"close_rate":0.1764,"fee_open":0.001,"fee_close":0.001,"trade_duration":120,"profit_ratio":0.011186401192145019,"profit_abs":3.832717,"exit_reason":"roi","initial_stop_loss_abs":0.1654,"initial_stop_loss_ratio":-0.05,"stop_loss_abs":0.1654,"stop_loss_ratio":-0.05,"min_rate":0.17404,"max_rate":0.17713,"is_open":false,"enter_tag":"","leverage":1.0,"is_short":false,"open_timestamp":1762938000000,"close_timestamp":1762945200000,"orders":[{"amount":1966.0,"safe_price":0.1741,"ft_order_side":"buy","order_filled_timestamp":1762938000000,"ft_is_entry":true,"ft_order_tag":"","cost":342.6228806},{"amount":1966.0,"safe_price":0.1764,"ft_order_side":"sell","order_filled_timestamp":1762945200000,"ft_is_entry":false,"ft_order_tag":"roi","cost":347.1492023999999}],"funding_fees":0.0,"weekday":2},{"pair":"DOGE/USDT","stake_amount":343.5432,"max_stake_amount":343.5432,"amount":2145.0,"open_date":"2025-11-14 22:00:00+00:00","close_date":"2025-11-15 01:00:00+00:00","open_rate":0.16016,"close_rate":0.16048064064064063,"fee_open":0.001,"fee_close":0.001,"trade_duration":180,"profit_ratio":0.0,"profit_abs":0.0,"exit_reason":"roi","initial_stop_loss_abs":0.15216,"initial_stop_loss_ratio":-0.05,"stop_loss_abs":0.15216,"stop_loss_ratio":-0.05,"min_rate":0.15472,"max_rate":0.16171,"is_open":false,"enter_tag":"","leverage":1.0,"is_short":false,"open_timestamp":1763157600000,"close_timestamp":1763168400000,"orders":[{"amount":2145.0,"safe_price":0.16016,"ft_order_side":"buy","order_filled_timestamp":1763157600000,"ft_is_entry":true,"ft_order_tag":"","cost":343.88674319999996},{"amount":2145.0,"safe_price":0.16048064064064063,"ft_order_side":"sell","order_filled_timestamp":1763168400000,"ft_is_entry":false,"ft_order_tag":"roi","cost":344.5752051483483}],"funding_fees":0.0,"weekday":5},{"pair":"DOGE/USDT","stake_amount":343.49898,"max_stake_amount":343.49898,"amount":2222.0,"open_date":"2025-11-18 04:00:00+00:00","close_date":"2025-11-18 06:00:00+00:00","open_rate":0.15459,"close_rate":0.15489948948948948,"fee_open":0.001,"fee_close":0.001,"trade_duration":120,"profit_ratio":0.0,"profit_abs":0.0,"exit_reason":"roi","initial_stop_loss_abs":0.14687,"initial_stop_loss_ratio":-0.05,"stop_loss_abs":0.14687,"stop_loss_ratio":-0.05,"min_rate":0.1522,"max_rate":0.15623,"is_open":false,"enter_tag":"","leverage":1.0,"is_short":false,"open_timestamp":1763438400000,"close_timestamp":1763445600000,"orders":[{"amount":2222.0,"safe_price":0.15459,"ft_order_side":"buy","order_filled_timestamp":1763438400000,"ft_is_entry":true,"ft_order_tag":"","cost":343.84247897999995},{"amount":2222.0,"safe_price":0.15489948948948948,"ft_order_side":"sell","order_filled_timestamp":1763445600000,"ft_is_entry":false,"ft_order_tag":"roi","cost":344.53085231129126}],"funding_fees":0.0,"weekday":1},{"pair":"DOGE/USDT","stake_amount":343.51548,"max_stake_amount":343.51548,"amount":2486.0,"open_date":"2025-11-22 12:00:00+00:00","close_date":"2025-11-22 14:00:00+00:00","open_rate":0.13818,"close_rate":0.13845663663663663,"fee_open":0.001,"fee_close":0.001,"trade_duration":120,"profit_ratio":0.0,"profit_abs":0.0,"exit_reason":"roi","initial_stop_loss_abs":0.13128,"initial_stop_loss_ratio":-0.05,"stop_loss_abs":0.13128,"stop_loss_ratio":-0.05,"min_rate":0.13563,"max_rate":0.13943,"is_open":false,"enter_tag":"","leverage":1.0,"is_short":false,"open_timestamp":1763812800000,"close_timestamp":1763820000000,"orders":[{"amount":2486.0,"safe_price":0.13818,"ft_order_side":"buy","order_filled_timestamp":1763812800000,"ft_is_entry":true,"ft_order_tag":"","cost":343.8589954799999},{"amount":2486.0,"safe_price":0.13845663663663663,"ft_order_side":"sell","order_filled_timestamp":1763820000000,"ft_is_entry":false,"ft_order_tag":"roi","cost":344.5474018773573}],"funding_fees":0.0,"weekday":5},{"pair":"DOGE/USDT","stake_amount":343.5523,"max_stake_amount":343.5523,"amount":2470.0,"open_date":"2025-11-22 15:00:00+00:00","close_date":"2025-11-22 17:00:00+00:00","open_rate":0.13909,"close_rate":0.13953,"fee_open":0.001,"fee_close":0.001,"trade_duration":120,"profit_ratio":0.0011590968525327574,"profit_abs":0.3986086,"exit_reason":"roi","initial_stop_loss_abs":0.13214,"initial_stop_loss_ratio":-0.05,"stop_loss_abs":0.13214,"stop_loss_ratio":-0.05,"min_rate":0.13729,"max_rate":0.13977,"is_open":false,"enter_tag":"","leverage":1.0,"is_short":false,"open_timestamp":1763823600000,"close_timestamp":1763830800000,"orders":[{"amount":2470.0,"safe_price":0.13909,"ft_order_side":"buy","order_filled_timestamp":1763823600000,"ft_is_entry":true,"ft_order_tag":"","cost":343.89585229999994},{"amount":2470.0,"safe_price":0.13953,"ft_order_side":"sell","order_filled_timestamp":1763830800000,"ft_is_entry":false,"ft_order_tag":"roi","cost":344.9837390999999}],"funding_fees":0.0,"weekday":5},{"pair":"DOGE/USDT","stake_amount":343.64077,"max_stake_amount":343.64077,"amount":2453.0,"open_date":"2025-11-22 22:00:00+00:00","close_date":"2025-11-23 00:00:00+00:00","open_rate":0.14009,"close_rate":0.14037046046046042,"fee_open":0.001,"fee_close":0.001,"trade_duration":120,"profit_ratio":0.0,"profit_abs":0.0,"exit_reason":"roi","initial_stop_loss_abs":0.13309,"initial_stop_loss_ratio":-0.05,"stop_loss_abs":0.13309,"stop_loss_ratio":-0.05,"min_rate":0.13939,"max_rate":0.1424,"is_open":false,"enter_tag":"","leverage":1.0,"is_short":false,"open_timestamp":1763848800000,"close_timestamp":1763856000000,"orders":[{"amount":2453.0,"safe_price":0.14009,"ft_order_side":"buy","order_filled_timestamp":1763848800000,"ft_is_entry":true,"ft_order_tag":"","cost":343.98441076999995},{"amount":2453.0,"safe_price":0.14037046046046042,"ft_order_side":"sell","order_filled_timestamp":1763856000000,"ft_is_entry":false,"ft_order_tag":"roi","cost":344.6730682490189}],"funding_fees":0.0,"weekday":6},{"pair":"DOGE/USDT","stake_amount":343.64675,"max_stake_amount":343.64675,"amount":2425.0,"open_date":"2025-11-23 02:00:00+00:00","close_date":"2025-11-23 04:00:00+00:00","open_rate":0.14171,"close_rate":0.14289,"fee_open":0.001,"fee_close":0.001,"trade_duration":120,"profit_ratio":0.006312225633374458,"profit_abs":2.171345,"exit_reason":"roi","initial_stop_loss_abs":0.13463,"initial_stop_loss_ratio":-0.05,"stop_loss_abs":0.13463,"stop_loss_ratio":-0.05,"min_rate":0.14124,"max_rate":0.1447,"is_open":false,"enter_tag":"","leverage":1.0,"is_short":false,"open_timestamp":1763863200000,"close_timestamp":1763870400000,"orders":[{"amount":2425.0,"safe_price":0.14171,"ft_order_side":"buy","order_filled_timestamp":1763863200000,"ft_is_entry":true,"ft_order_tag":"","cost":343.99039674999995},{"amount":2425.0,"safe_price":0.14289,"ft_order_side":"sell","order_filled_timestamp":1763870400000,"ft_is_entry":false,"ft_order_tag":"roi","cost":346.8547582499999}],"funding_fees":0.0,"weekday":6},{"pair":"DOGE/USDT","stake_amount":344.4225,"max_stake_amount":344.4225,"amount":2375.0,"open_date":"2025-11-24 01:00:00+00:00","close_date":"2025-11-24 03:00:00+00:00","open_rate":0.14502,"close_rate":0.14718,"fee_open":0.001,"fee_close":0.001,"trade_duration":120,"profit_ratio":0.012866736077327719,"profit_abs":4.436025,"exit_reason":"roi","initial_stop_loss_abs":0.13777,"initial_stop_loss_ratio":-0.05,"stop_loss_abs":0.13777,"stop_loss_ratio":-0.05,"min_rate":0.14399,"max_rate":0.1493,"is_open":false,"enter_tag":"","leverage":1.0,"is_short":false,"open_timestamp":1763946000000,"close_timestamp":1763953200000,"orders":[{"amount":2375.0,"safe_price":0.14502,"ft_order_side":"buy","order_filled_timestamp":1763946000000,"ft_is_entry":true,"ft_order_tag":"","cost":344.76692249999996},{"amount":2375.0,"safe_price":0.14718,"ft_order_side":"sell","order_filled_timestamp":1763953200000,"ft_is_entry":false,"ft_order_tag":"roi","cost":349.90205249999997}],"funding_fees":0.0,"weekday":0},{"pair":"DOGE/USDT","stake_amount":345.84768,"max_stake_amount":345.84768,"amount":2476.0,"open_date":"2025-12-06 12:00:00+00:00","close_date":"2025-12-06 14:00:00+00:00","open_rate":0.13968,"close_rate":0.13995963963963962,"fee_open":0.001,"fee_close":0.001,"trade_duration":120,"profit_ratio":0.0,"profit_abs":0.0,"exit_reason":"roi","initial_stop_loss_abs":0.1327,"initial_stop_loss_ratio":-0.05,"stop_loss_abs":0.1327,"stop_loss_ratio":-0.05,"min_rate":0.13926,"max_rate":0.14076,"is_open":false,"enter_tag":"","leverage":1.0,"is_short":false,"open_timestamp":1765022400000,"close_timestamp":1765029600000,"orders":[{"amount":2476.0,"safe_price":0.13968,"ft_order_side":"buy","order_filled_timestamp":1765022400000,"ft_is_entry":true,"ft_order_tag":"","cost":346.19352767999993},{"amount":2476.0,"safe_price":0.13995963963963962,"ft_order_side":"sell","order_filled_timestamp":1765029600000,"ft_is_entry":false,"ft_order_tag":"roi","cost":346.8866078154954}],"funding_fees":0.0,"weekday":5},{"pair":"DOGE/USDT","stake_amount":345.81542,"max_stake_amount":345.81542,"amount":2638.0,"open_date":"2025-12-20 03:00:00+00:00","close_date":"2025-12-20 05:00:00+00:00","open_rate":0.13109,"close_rate":0.13135244244244243,"fee_open":0.001,"fee_close":0.001,"trade_duration":120,"profit_ratio":0.0,"profit_abs":0.0,"exit_reason":"roi","initial_stop_loss_abs":0.12454,"initial_stop_loss_ratio":-0.05,"stop_loss_abs":0.12454,"stop_loss_ratio":-0.05,"min_rate":0.13069,"max_rate":0.13182,"is_open":false,"enter_tag":"","leverage":1.0,"is_short":false,"open_timestamp":1766199600000,"close_timestamp":1766206800000,"orders":[{"amount":2638.0,"safe_price":0.13109,"ft_order_side":"buy","order_filled_timestamp":1766199600000,"ft_is_entry":true,"ft_order_tag":"","cost":346.16123541999997},{"amount":2638.0,"safe_price":0.13135244244244243,"ft_order_side":"sell","order_filled_timestamp":1766206800000,"ft_is_entry":false,"ft_order_tag":"roi","cost":346.85425090632623}],"funding_fees":0.0,"weekday":5},{"pair":"DOGE/USDT","stake_amount":345.88047,"max_stake_amount":345.88047,"amount":2873.0,"open_date":"2026-01-01 09:00:00+00:00","close_date":"2026-01-01 11:00:00+00:00","open_rate":0.12039,"close_rate":0.120631021021021,"fee_open":0.001,"fee_close":0.001,"trade_duration":120,"profit_ratio":0.0,"profit_abs":0.0,"exit_reason":"roi","initial_stop_loss_abs":0.11438,"initial_stop_loss_ratio":-0.05,"stop_loss_abs":0.11438,"stop_loss_ratio":-0.05,"min_rate":0.12021,"max_rate":0.12126,"is_open":false,"enter_tag":"","leverage":1.0,"is_short":false,"open_timestamp":1767258000000,"close_timestamp":1767265200000,"orders":[{"amount":2873.0,"safe_price":0.12039,"ft_order_side":"buy","order_filled_timestamp":1767258000000,"ft_is_entry":true,"ft_order_tag":"","cost":346.22635046999994},{"amount":2873.0,"safe_price":0.120631021021021,"ft_order_side":"sell","order_filled_timestamp":1767265200000,"ft_is_entry":false,"ft_order_tag":"roi","cost":346.91949631678665}],"funding_fees":0.0,"weekday":3},{"pair":"DOGE/USDT","stake_amount":345.86232,"max_stake_amount":345.86232,"amount":2774.0,"open_date":"2026-01-01 16:00:00+00:00","close_date":"2026-01-01 18:00:00+00:00","open_rate":0.12468,"close_rate":0.1249296096096096,"fee_open":0.001,"fee_close":0.001,"trade_duration":120,"profit_ratio":0.0,"profit_abs":0.0,"exit_reason":"roi","initial_stop_loss_abs":0.11845,"initial_stop_loss_ratio":-0.05,"stop_loss_abs":0.11845,"stop_loss_ratio":-0.05,"min_rate":0.12363,"max_rate":0.12555,"is_open":false,"enter_tag":"","leverage":1.0,"is_short":false,"open_timestamp":1767283200000,"close_timestamp":1767290400000,"orders":[{"amount":2774.0,"safe_price":0.12468,"ft_order_side":"buy","order_filled_timestamp":1767283200000,"ft_is_entry":true,"ft_order_tag":"","cost":346.20818232},{"amount":2774.0,"safe_price":0.1249296096096096,"ft_order_side":"sell","order_filled_timestamp":1767290400000,"ft_is_entry":false,"ft_order_tag":"roi","cost":346.90129179411406}],"funding_fees":0.0,"weekday":3},{"pair":"DOGE/USDT","stake_amount":345.8133,"max_stake_amount":345.8133,"amount":2430.0,"open_date":"2026-01-03 21:00:00+00:00","close_date":"2026-01-03 23:00:00+00:00","open_rate":0.14231,"close_rate":0.14275,"fee_open":0.001,"fee_close":0.001,"trade_duration":120,"profit_ratio":0.001087662249913673,"profit_abs":0.3765042,"exit_reason":"roi","initial_stop_loss_abs":0.1352,"initial_stop_loss_ratio":-0.05,"stop_loss_abs":0.1352,"stop_loss_ratio":-0.05,"min_rate":0.14207,"max_rate":0.14372,"is_open":false,"enter_tag":"","leverage":1.0,"is_short":false,"open_timestamp":1767474000000,"close_timestamp":1767481200000,"orders":[{"amount":2430.0,"safe_price":0.14231,"ft_order_side":"buy","order_filled_timestamp":1767474000000,"ft_is_entry":true,"ft_order_tag":"","cost":346.15911329999994},{"amount":2430.0,"safe_price":0.14275,"ft_order_side":"sell","order_filled_timestamp":1767481200000,"ft_is_entry":false,"ft_order_tag":"roi","cost":347.22938249999993}],"funding_fees":0.0,"weekday":5},{"pair":"DOGE/USDT","stake_amount":346.01755,"max_stake_amount":346.01755,"amount":2285.0,"open_date":"2026-01-04 16:00:00+00:00","close_date":"2026-01-04 18:00:00+00:00","open_rate":0.15143,"close_rate":0.15219,"fee_open":0.001,"fee_close":0.001,"trade_duration":120,"profit_ratio":0.0030107909656215803,"profit_abs":1.0428283,"exit_reason":"roi","initial_stop_loss_abs":0.14386,"initial_stop_loss_ratio":-0.05,"stop_loss_abs":0.14386,"stop_loss_ratio":-0.05,"min_rate":0.15053,"max_rate":0.15285,"is_open":false,"enter_tag":"","leverage":1.0,"is_short":false,"open_timestamp":1767542400000,"close_timestamp":1767549600000,"orders":[{"amount":2285.0,"safe_price":0.15143,"ft_order_side":"buy","order_filled_timestamp":1767542400000,"ft_is_entry":true,"ft_order_tag":"","cost":346.36356754999997},{"amount":2285.0,"safe_price":0.15219,"ft_order_side":"sell","order_filled_timestamp":1767549600000,"ft_is_entry":false,"ft_order_tag":"roi","cost":348.10190414999994}],"funding_fees":0.0,"weekday":6},{"pair":"DOGE/USDT","stake_amount":346.26528,"max_stake_amount":346.26528,"amount":2336.0,"open_date":"2026-01-05 15:00:00+00:00","close_date":"2026-01-05 17:00:00+00:00","open_rate":0.14823,"close_rate":0.15047,"fee_open":0.001,"fee_close":0.001,"trade_duration":120,"profit_ratio":0.013083455706406528,"profit_abs":4.5348768,"exit_reason":"roi","initial_stop_loss_abs":0.14082,"initial_stop_loss_ratio":-0.05,"stop_loss_abs":0.14082,"stop_loss_ratio":-0.05,"min_rate":0.14648,"max_rate":0.15386,"is_open":false,"enter_tag":"","leverage":1.0,"is_short":false,"open_timestamp":1767625200000,"close_timestamp":1767632400000,"orders":[{"amount":2336.0,"safe_price":0.14823,"ft_order_side":"buy","order_filled_timestamp":1767625200000,"ft_is_entry":true,"ft_order_tag":"","cost":346.61154528},{"amount":2336.0,"safe_price":0.15047,"ft_order_side":"sell","order_filled_timestamp":1767632400000,"ft_is_entry":false,"ft_order_tag":"roi","cost":351.84941791999995}],"funding_fees":0.0,"weekday":0}],"locks":[],"best_pair":{"key":"DOGE/USDT","trades":29,"profit_mean":0.005569543932798208,"profit_mean_pct":0.56,"profit_total_abs":54.25073054,"profit_total":0.05425073054,"profit_total_pct":5.43,"duration_avg":"3:04:00","wins":15,"draws":13,"losses":1,"winrate":0.5172413793103449,"cagr":0.21993118649194043,"expectancy":1.8707148462068974,"expectancy_ratio":-0.3437953256282661,"sortino":-100,"sharpe":1.8545354533001916,"calmar":62.34523007089456,"sqn":1.7181,"profit_factor":4.029935556780281,"max_drawdown_account":0.017138667637608695,"max_drawdown_abs":17.90491234},"worst_pair":{"key":"DOGE/USDT","trades":29,"profit_mean":0.005569543932798208,"profit_mean_pct":0.56,"profit_total_abs":54.25073054,"profit_total":0.05425073054,"profit_total_pct":5.43,"duration_avg":"3:04:00","wins":15,"draws":13,"losses":1,"winrate":0.5172413793103449,"cagr":0.21993118649194043,"expectancy":1.8707148462068974,"expectancy_ratio":-0.3437953256282661,"sortino":-100,"sharpe":1.8545354533001916,"calmar":62.34523007089456,"sqn":1.7181,"profit_factor":4.029935556780281,"max_drawdown_account":0.017138667637608695,"max_drawdown_abs":17.90491234},"results_per_pair":[{"key":"DOGE/USDT","trades":29,"profit_mean":0.005569543932798208,"profit_mean_pct":0.56,"profit_total_abs":54.25073054,"profit_total":0.05425073054,"profit_total_pct":5.43,"duration_avg":"3:04:00","wins":15,"draws":13,"losses":1,"winrate":0.5172413793103449,"cagr":0.21993118649194043,"expectancy":1.8707148462068974,"expectancy_ratio":-0.3437953256282661,"sortino":-100,"sharpe":1.8545354533001916,"calmar":62.34523007089456,"sqn":1.7181,"profit_factor":4.029935556780281,"max_drawdown_account":0.017138667637608695,"max_drawdown_abs":17.90491234},{"key":"TOTAL","trades":29,"profit_mean":0.005569543932798208,"profit_mean_pct":0.56,"profit_total_abs":54.25073054,"profit_total":0.05425073054,"profit_total_pct":5.43,"duration_avg":"3:04:00","wins":15,"draws":13,"losses":1,"winrate":0.5172413793103449,"cagr":0.21993118649194043,"expectancy":1.8707148462068974,"expectancy_ratio":-0.3437953256282661,"sortino":-100,"sharpe":1.8545354533001916,"calmar":62.34523007089456,"sqn":1.7181,"profit_factor":4.029935556780281,"max_drawdown_account":0.017138667637608695,"max_drawdown_abs":17.90491234}],"results_per_enter_tag":[{"key":"","trades":29,"profit_mean":0.005569543932798208,"profit_mean_pct":0.56,"profit_total_abs":54.25073054,"profit_total":0.05425073054,"profit_total_pct":5.43,"duration_avg":"3:04:00","wins":15,"draws":13,"losses":1,"winrate":0.5172413793103449,"cagr":0.21993118649194043,"expectancy":1.8707148462068974,"expectancy_ratio":-0.3437953256282661,"sortino":-100,"sharpe":1.8545354533001916,"calmar":62.34523007089456,"sqn":1.7181,"profit_factor":4.029935556780281,"max_drawdown_account":0.017138667637608695,"max_drawdown_abs":17.90491234},{"key":"TOTAL","trades":29,"profit_mean":0.005569543932798208,"profit_mean_pct":0.56,"profit_total_abs":54.25073054,"profit_total":0.05425073054,"profit_total_pct":5.43,"duration_avg":"3:04:00","wins":15,"draws":13,"losses":1,"winrate":0.5172413793103449,"cagr":0.21993118649194043,"expectancy":1.8707148462068974,"expectancy_ratio":-0.3437953256282661,"sortino":-100,"sharpe":1.8545354533001916,"calmar":62.34523007089456,"sqn":1.7181,"profit_factor":4.029935556780281,"max_drawdown_account":0.017138667637608695,"max_drawdown_abs":17.90491234}],"exit_reason_summary":[{"key":"roi","trades":28,"profit_mean":0.007621874179332807,"profit_mean_pct":0.76,"profit_total_abs":72.15564288,"profit_total":0.07215564288,"profit_total_pct":7.22,"duration_avg":"2:04:00","wins":15,"draws":13,"losses":0,"winrate":0.5357142857142857,"cagr":0.29974095650921684,"expectancy":2.5769872457142866,"expectancy_ratio":100.0,"sortino":-100,"sharpe":3.1845092591534523,"calmar":-100,"sqn":3.0005,"profit_factor":0.0,"max_drawdown_account":0.0,"max_drawdown_abs":0.0},{"key":"stop_loss","trades":1,"profit_mean":-0.05189570297017054,"profit_mean_pct":-5.19,"profit_total_abs":-17.90491234,"profit_total":-0.01790491234,"profit_total_pct":-1.79,"duration_avg":"1 day, 7:00:00","wins":0,"draws":0,"losses":1,"winrate":0.0,"cagr":-0.06572515427637793,"expectancy":-17.90491234,"expectancy_ratio":-1.0,"sortino":-100,"sharpe":-100,"calmar":-19.695848633549268,"sqn":-100.0,"profit_factor":0.0,"max_drawdown_account":0.01790491234000001,"max_drawdown_abs":17.90491234},{"key":"TOTAL","trades":29,"profit_mean":0.005569543932798208,"profit_mean_pct":0.56,"profit_total_abs":54.25073054,"profit_total":0.05425073054,"profit_total_pct":5.43,"duration_avg":"3:04:00","wins":15,"draws":13,"losses":1,"winrate":0.5172413793103449,"cagr":0.21993118649194043,"expectancy":1.8707148462068974,"expectancy_ratio":-0.3437953256282661,"sortino":-100,"sharpe":1.8545354533001916,"calmar":62.34523007089456,"sqn":1.7181,"profit_factor":4.029935556780281,"max_drawdown_account":0.017138667637608695,"max_drawdown_abs":17.90491234}],"mix_tag_stats":[{"key":["","roi"],"trades":28,"profit_mean":0.007621874179332807,"profit_mean_pct":0.76,"profit_total_abs":72.15564288,"profit_total":0.07215564288,"profit_total_pct":7.22,"duration_avg":"2:04:00","wins":15,"draws":13,"losses":0,"winrate":0.5357142857142857,"cagr":0.29974095650921684,"expectancy":2.5769872457142866,"expectancy_ratio":100.0,"sortino":-100,"sharpe":3.1845092591534523,"calmar":-100,"sqn":3.0005,"profit_factor":0.0,"max_drawdown_account":0.0,"max_drawdown_abs":0.0},{"key":["","stop_loss"],"trades":1,"profit_mean":-0.05189570297017054,"profit_mean_pct":-5.19,"profit_total_abs":-17.90491234,"profit_total":-0.01790491234,"profit_total_pct":-1.79,"duration_avg":"1 day, 7:00:00","wins":0,"draws":0,"losses":1,"winrate":0.0,"cagr":-0.06572515427637793,"expectancy":-17.90491234,"expectancy_ratio":-1.0,"sortino":-100,"sharpe":-100,"calmar":-19.695848633549268,"sqn":-100.0,"profit_factor":0.0,"max_drawdown_account":0.01790491234000001,"max_drawdown_abs":17.90491234},{"key":"TOTAL","trades":29,"profit_mean":0.005569543932798208,"profit_mean_pct":0.56,"profit_total_abs":54.25073054,"profit_total":0.05425073054,"profit_total_pct":5.43,"duration_avg":"3:04:00","wins":15,"draws":13,"losses":1,"winrate":0.5172413793103449,"cagr":0.21993118649194043,"expectancy":1.8707148462068974,"expectancy_ratio":-0.3437953256282661,"sortino":-100,"sharpe":1.8545354533001916,"calmar":62.34523007089456,"sqn":1.7181,"profit_factor":4.029935556780281,"max_drawdown_account":0.017138667637608695,"max_drawdown_abs":17.90491234}],"left_open_trades":[{"key":"TOTAL","trades":0,"profit_mean":0.0,"profit_mean_pct":0.0,"profit_total_abs":0.0,"profit_total":0.0,"profit_total_pct":0.0,"duration_avg":"0:00","wins":0,"draws":0,"losses":0,"winrate":0.0,"cagr":0.0,"expectancy":0.0,"expectancy_ratio":100.0,"sortino":0,"sharpe":0,"calmar":0,"sqn":0.0,"profit_factor":0.0,"max_drawdown_account":0.0,"max_drawdown_abs":0.0}],"total_trades":29,"trade_count_long":29,"trade_count_short":0,"total_volume":19894.47575284338,"avg_stake_amount":341.387514137931,"profit_mean":0.005569543932798208,"profit_median":0.001087662249913673,"profit_total":0.05425073054,"profit_total_long":0.05425073054,"profit_total_short":0.0,"profit_total_abs":54.25073054,"profit_total_long_abs":54.25073054,"profit_total_short_abs":0.0,"cagr":0.21993118649194043,"expectancy":1.8707148462068974,"expectancy_ratio":-0.3437953256282661,"sortino":-100,"sharpe":1.8545354533001916,"calmar":62.34523007089456,"sqn":1.7181,"profit_factor":4.029935556780281,"backtest_start":"2025-10-01 00:00:00","backtest_start_ts":1759276800000,"backtest_end":"2026-01-06 20:00:00","backtest_end_ts":1767729600000,"backtest_days":97,"backtest_run_start_ts":1767752113,"backtest_run_end_ts":1767752114,"trades_per_day":0.3,"market_change":-0.36632086436227446,"pairlist":["DOGE/USDT"],"stake_amount":"unlimited","stake_currency":"USDT","stake_currency_decimals":3,"starting_balance":1000,"dry_run_wallet":1000,"final_balance":1054.25073054,"rejected_signals":0,"timedout_entry_orders":0,"timedout_exit_orders":0,"canceled_trade_entries":0,"canceled_entry_orders":0,"replaced_entry_orders":0,"max_open_trades":1,"max_open_trades_setting":3,"timeframe":"1h","timeframe_detail":"","timerange":"20251001-","enable_protections":false,"strategy_name":"ACO_49_16","freqaimodel":null,"freqai_identifier":null,"stoploss":-0.05,"trailing_stop":false,"trailing_stop_positive":null,"trailing_stop_positive_offset":0.0,"trailing_only_offset_is_reached":false,"use_custom_stoploss":false,"minimal_roi":{"0":0.1,"60":0.05,"120":0.0},"use_exit_signal":true,"exit_profit_only":false,"exit_profit_offset":0.0,"ignore_roi_if_entry_signal":false,"trading_mode":"spot","margin_mode":"","periodic_breakdown":{"day":[{"date":"02/10/2025","date_ts":1759363200000,"profit_abs":0.0,"wins":0,"draws":1,"losses":0,"trades":1,"profit_factor":0.0},{"date":"03/10/2025","date_ts":1759449600000,"profit_abs":0.0,"wins":0,"draws":0,"losses":0,"trades":0,"profit_factor":0.0},{"date":"04/10/2025","date_ts":1759536000000,"profit_abs":0.0,"wins":0,"draws":0,"losses":0,"trades":0,"profit_factor":0.0},{"date":"05/10/2025","date_ts":1759622400000,"profit_abs":0.0,"wins":0,"draws":0,"losses":0,"trades":0,"profit_factor":0.0},{"date":"06/10/2025","date_ts":1759708800000,"profit_abs":0.0,"wins":0,"draws":0,"losses":0,"trades":0,"profit_factor":0.0},{"date":"07/10/2025","date_ts":1759795200000,"profit_abs":0.0,"wins":0,"draws":0,"losses":0,"trades":0,"profit_factor":0.0},{"date":"08/10/2025","date_ts":1759881600000,"profit_abs":2.2719566,"wins":1,"draws":1,"losses":0,"trades":2,"profit_factor":0.0},{"date":"09/10/2025","date_ts":1759968000000,"profit_abs":0.0,"wins":0,"draws":0,"losses":0,"trades":0,"profit_factor":0.0},{"date":"10/10/2025","date_ts":1760054400000,"profit_abs":0.0,"wins":0,"draws":0,"losses":0,"trades":0,"profit_factor":0.0},{"date":"11/10/2025","date_ts":1760140800000,"profit_abs":4.90925576,"wins":1,"draws":0,"losses":0,"trades":1,"profit_factor":0.0},{"date":"12/10/2025","date_ts":1760227200000,"profit_abs":33.498654,"wins":2,"draws":0,"losses":0,"trades":2,"profit_factor":0.0},{"date":"13/10/2025","date_ts":1760313600000,"profit_abs":0.0,"wins":0,"draws":1,"losses":0,"trades":1,"profit_factor":0.0},{"date":"14/10/2025","date_ts":1760400000000,"profit_abs":0.0,"wins":0,"draws":0,"losses":0,"trades":0,"profit_factor":0.0},{"date":"15/10/2025","date_ts":1760486400000,"profit_abs":0.0,"wins":0,"draws":0,"losses":0,"trades":0,"profit_factor":0.0},{"date":"16/10/2025","date_ts":1760572800000,"profit_abs":0.0,"wins":0,"draws":0,"losses":0,"trades":0,"profit_factor":0.0},{"date":"17/10/2025","date_ts":1760659200000,"profit_abs":2.26973886,"wins":1,"draws":0,"losses":0,"trades":1,"profit_factor":0.0},{"date":"18/10/2025","date_ts":1760745600000,"profit_abs":0.0,"wins":0,"draws":0,"losses":0,"trades":0,"profit_factor":0.0},{"date":"19/10/2025","date_ts":1760832000000,"profit_abs":0.0,"wins":0,"draws":0,"losses":0,"trades":0,"profit_factor":0.0},{"date":"20/10/2025","date_ts":1760918400000,"profit_abs":0.0,"wins":0,"draws":0,"losses":0,"trades":0,"profit_factor":0.0},{"date":"21/10/2025","date_ts":1761004800000,"profit_abs":0.0,"wins":0,"draws":0,"losses":0,"trades":0,"profit_factor":0.0},{"date":"22/10/2025","date_ts":1761091200000,"profit_abs":1.75892864,"wins":1,"draws":0,"losses":0,"trades":1,"profit_factor":0.0},{"date":"23/10/2025","date_ts":1761177600000,"profit_abs":0.0,"wins":0,"draws":0,"losses":0,"trades":0,"profit_factor":0.0},{"date":"24/10/2025","date_ts":1761264000000,"profit_abs":0.0,"wins":0,"draws":0,"losses":0,"trades":0,"profit_factor":0.0},{"date":"25/10/2025","date_ts":1761350400000,"profit_abs":0.0,"wins":0,"draws":0,"losses":0,"trades":0,"profit_factor":0.0},{"date":"26/10/2025","date_ts":1761436800000,"profit_abs":0.0,"wins":0,"draws":0,"losses":0,"trades":0,"profit_factor":0.0},{"date":"27/10/2025","date_ts":1761523200000,"profit_abs":0.0,"wins":0,"draws":0,"losses":0,"trades":0,"profit_factor":0.0},{"date":"28/10/2025","date_ts":1761609600000,"profit_abs":-17.90491234,"wins":0,"draws":0,"losses":1,"trades":1,"profit_factor":0.0},{"date":"29/10/2025","date_ts":1761696000000,"profit_abs":0.0,"wins":0,"draws":0,"losses":0,"trades":0,"profit_factor":0.0},{"date":"30/10/2025","date_ts":1761782400000,"profit_abs":0.0,"wins":0,"draws":0,"losses":0,"trades":0,"profit_factor":0.0},{"date":"31/10/2025","date_ts":1761868800000,"profit_abs":0.0,"wins":0,"draws":0,"losses":0,"trades":0,"profit_factor":0.0},{"date":"01/11/2025","date_ts":1761955200000,"profit_abs":0.0,"wins":0,"draws":0,"losses":0,"trades":0,"profit_factor":0.0},{"date":"02/11/2025","date_ts":1762041600000,"profit_abs":0.0,"wins":0,"draws":0,"losses":0,"trades":0,"profit_factor":0.0},{"date":"03/11/2025","date_ts":1762128000000,"profit_abs":0.0,"wins":0,"draws":0,"losses":0,"trades":0,"profit_factor":0.0},{"date":"04/11/2025","date_ts":1762214400000,"profit_abs":9.01339244,"wins":1,"draws":0,"losses":0,"trades":1,"profit_factor":0.0},{"date":"05/11/2025","date_ts":1762300800000,"profit_abs":0.0,"wins":0,"draws":0,"losses":0,"trades":0,"profit_factor":0.0},{"date":"06/11/2025","date_ts":1762387200000,"profit_abs":0.0,"wins":0,"draws":0,"losses":0,"trades":0,"profit_factor":0.0},{"date":"07/11/2025","date_ts":1762473600000,"profit_abs":1.64081168,"wins":1,"draws":0,"losses":0,"trades":1,"profit_factor":0.0},{"date":"08/11/2025","date_ts":1762560000000,"profit_abs":0.0,"wins":0,"draws":2,"losses":0,"trades":2,"profit_factor":0.0},{"date":"09/11/2025","date_ts":1762646400000,"profit_abs":0.0,"wins":0,"draws":0,"losses":0,"trades":0,"profit_factor":0.0},{"date":"10/11/2025","date_ts":1762732800000,"profit_abs":0.0,"wins":0,"draws":0,"losses":0,"trades":0,"profit_factor":0.0},{"date":"11/11/2025","date_ts":1762819200000,"profit_abs":0.0,"wins":0,"draws":0,"losses":0,"trades":0,"profit_factor":0.0},{"date":"12/11/2025","date_ts":1762905600000,"profit_abs":3.832717,"wins":1,"draws":0,"losses":0,"trades":1,"profit_factor":0.0},{"date":"13/11/2025","date_ts":1762992000000,"profit_abs":0.0,"wins":0,"draws":0,"losses":0,"trades":0,"profit_factor":0.0},{"date":"14/11/2025","date_ts":1763078400000,"profit_abs":0.0,"wins":0,"draws":0,"losses":0,"trades":0,"profit_factor":0.0},{"date":"15/11/2025","date_ts":1763164800000,"profit_abs":0.0,"wins":0,"draws":1,"losses":0,"trades":1,"profit_factor":0.0},{"date":"16/11/2025","date_ts":1763251200000,"profit_abs":0.0,"wins":0,"draws":0,"losses":0,"trades":0,"profit_factor":0.0},{"date":"17/11/2025","date_ts":1763337600000,"profit_abs":0.0,"wins":0,"draws":0,"losses":0,"trades":0,"profit_factor":0.0},{"date":"18/11/2025","date_ts":1763424000000,"profit_abs":0.0,"wins":0,"draws":1,"losses":0,"trades":1,"profit_factor":0.0},{"date":"19/11/2025","date_ts":1763510400000,"profit_abs":0.0,"wins":0,"draws":0,"losses":0,"trades":0,"profit_factor":0.0},{"date":"20/11/2025","date_ts":1763596800000,"profit_abs":0.0,"wins":0,"draws":0,"losses":0,"trades":0,"profit_factor":0.0},{"date":"21/11/2025","date_ts":1763683200000,"profit_abs":0.0,"wins":0,"draws":0,"losses":0,"trades":0,"profit_factor":0.0},{"date":"22/11/2025","date_ts":1763769600000,"profit_abs":0.3986086,"wins":1,"draws":1,"losses":0,"trades":2,"profit_factor":0.0},{"date":"23/11/2025","date_ts":1763856000000,"profit_abs":2.171345,"wins":1,"draws":1,"losses":0,"trades":2,"profit_factor":0.0},{"date":"24/11/2025","date_ts":1763942400000,"profit_abs":4.436025,"wins":1,"draws":0,"losses":0,"trades":1,"profit_factor":0.0},{"date":"25/11/2025","date_ts":1764028800000,"profit_abs":0.0,"wins":0,"draws":0,"losses":0,"trades":0,"profit_factor":0.0},{"date":"26/11/2025","date_ts":1764115200000,"profit_abs":0.0,"wins":0,"draws":0,"losses":0,"trades":0,"profit_factor":0.0},{"date":"27/11/2025","date_ts":1764201600000,"profit_abs":0.0,"wins":0,"draws":0,"losses":0,"trades":0,"profit_factor":0.0},{"date":"28/11/2025","date_ts":1764288000000,"profit_abs":0.0,"wins":0,"draws":0,"losses":0,"trades":0,"profit_factor":0.0},{"date":"29/11/2025","date_ts":1764374400000,"profit_abs":0.0,"wins":0,"draws":0,"losses":0,"trades":0,"profit_factor":0.0},{"date":"30/11/2025","date_ts":1764460800000,"profit_abs":0.0,"wins":0,"draws":0,"losses":0,"trades":0,"profit_factor":0.0},{"date":"01/12/2025","date_ts":1764547200000,"profit_abs":0.0,"wins":0,"draws":0,"losses":0,"trades":0,"profit_factor":0.0},{"date":"02/12/2025","date_ts":1764633600000,"profit_abs":0.0,"wins":0,"draws":0,"losses":0,"trades":0,"profit_factor":0.0},{"date":"03/12/2025","date_ts":1764720000000,"profit_abs":0.0,"wins":0,"draws":0,"losses":0,"trades":0,"profit_factor":0.0},{"date":"04/12/2025","date_ts":1764806400000,"profit_abs":0.0,"wins":0,"draws":0,"losses":0,"trades":0,"profit_factor":0.0},{"date":"05/12/2025","date_ts":1764892800000,"profit_abs":0.0,"wins":0,"draws":0,"losses":0,"trades":0,"profit_factor":0.0},{"date":"06/12/2025","date_ts":1764979200000,"profit_abs":0.0,"wins":0,"draws":1,"losses":0,"trades":1,"profit_factor":0.0},{"date":"07/12/2025","date_ts":1765065600000,"profit_abs":0.0,"wins":0,"draws":0,"losses":0,"trades":0,"profit_factor":0.0},{"date":"08/12/2025","date_ts":1765152000000,"profit_abs":0.0,"wins":0,"draws":0,"losses":0,"trades":0,"profit_factor":0.0},{"date":"09/12/2025","date_ts":1765238400000,"profit_abs":0.0,"wins":0,"draws":0,"losses":0,"trades":0,"profit_factor":0.0},{"date":"10/12/2025","date_ts":1765324800000,"profit_abs":0.0,"wins":0,"draws":0,"losses":0,"trades":0,"profit_factor":0.0},{"date":"11/12/2025","date_ts":1765411200000,"profit_abs":0.0,"wins":0,"draws":0,"losses":0,"trades":0,"profit_factor":0.0},{"date":"12/12/2025","date_ts":1765497600000,"profit_abs":0.0,"wins":0,"draws":0,"losses":0,"trades":0,"profit_factor":0.0},{"date":"13/12/2025","date_ts":1765584000000,"profit_abs":0.0,"wins":0,"draws":0,"losses":0,"trades":0,"profit_factor":0.0},{"date":"14/12/2025","date_ts":1765670400000,"profit_abs":0.0,"wins":0,"draws":0,"losses":0,"trades":0,"profit_factor":0.0},{"date":"15/12/2025","date_ts":1765756800000,"profit_abs":0.0,"wins":0,"draws":0,"losses":0,"trades":0,"profit_factor":0.0},{"date":"16/12/2025","date_ts":1765843200000,"profit_abs":0.0,"wins":0,"draws":0,"losses":0,"trades":0,"profit_factor":0.0},{"date":"17/12/2025","date_ts":1765929600000,"profit_abs":0.0,"wins":0,"draws":0,"losses":0,"trades":0,"profit_factor":0.0},{"date":"18/12/2025","date_ts":1766016000000,"profit_abs":0.0,"wins":0,"draws":0,"losses":0,"trades":0,"profit_factor":0.0},{"date":"19/12/2025","date_ts":1766102400000,"profit_abs":0.0,"wins":0,"draws":0,"losses":0,"trades":0,"profit_factor":0.0},{"date":"20/12/2025","date_ts":1766188800000,"profit_abs":0.0,"wins":0,"draws":1,"losses":0,"trades":1,"profit_factor":0.0},{"date":"21/12/2025","date_ts":1766275200000,"profit_abs":0.0,"wins":0,"draws":0,"losses":0,"trades":0,"profit_factor":0.0},{"date":"22/12/2025","date_ts":1766361600000,"profit_abs":0.0,"wins":0,"draws":0,"losses":0,"trades":0,"profit_factor":0.0},{"date":"23/12/2025","date_ts":1766448000000,"profit_abs":0.0,"wins":0,"draws":0,"losses":0,"trades":0,"profit_factor":0.0},{"date":"24/12/2025","date_ts":1766534400000,"profit_abs":0.0,"wins":0,"draws":0,"losses":0,"trades":0,"profit_factor":0.0},{"date":"25/12/2025","date_ts":1766620800000,"profit_abs":0.0,"wins":0,"draws":0,"losses":0,"trades":0,"profit_factor":0.0},{"date":"26/12/2025","date_ts":1766707200000,"profit_abs":0.0,"wins":0,"draws":0,"losses":0,"trades":0,"profit_factor":0.0},{"date":"27/12/2025","date_ts":1766793600000,"profit_abs":0.0,"wins":0,"draws":0,"losses":0,"trades":0,"profit_factor":0.0},{"date":"28/12/2025","date_ts":1766880000000,"profit_abs":0.0,"wins":0,"draws":0,"losses":0,"trades":0,"profit_factor":0.0},{"date":"29/12/2025","date_ts":1766966400000,"profit_abs":0.0,"wins":0,"draws":0,"losses":0,"trades":0,"profit_factor":0.0},{"date":"30/12/2025","date_ts":1767052800000,"profit_abs":0.0,"wins":0,"draws":0,"losses":0,"trades":0,"profit_factor":0.0},{"date":"31/12/2025","date_ts":1767139200000,"profit_abs":0.0,"wins":0,"draws":0,"losses":0,"trades":0,"profit_factor":0.0},{"date":"01/01/2026","date_ts":1767225600000,"profit_abs":0.0,"wins":0,"draws":2,"losses":0,"trades":2,"profit_factor":0.0},{"date":"02/01/2026","date_ts":1767312000000,"profit_abs":0.0,"wins":0,"draws":0,"losses":0,"trades":0,"profit_factor":0.0},{"date":"03/01/2026","date_ts":1767398400000,"profit_abs":0.3765042,"wins":1,"draws":0,"losses":0,"trades":1,"profit_factor":0.0},{"date":"04/01/2026","date_ts":1767484800000,"profit_abs":1.0428283,"wins":1,"draws":0,"losses":0,"trades":1,"profit_factor":0.0},{"date":"05/01/2026","date_ts":1767571200000,"profit_abs":4.5348768,"wins":1,"draws":0,"losses":0,"trades":1,"profit_factor":0.0}],"week":[{"date":"06/10/2025","date_ts":1759708800000,"profit_abs":0.0,"wins":0,"draws":1,"losses":0,"trades":1,"profit_factor":0.0},{"date":"13/10/2025","date_ts":1760313600000,"profit_abs":40.67986636,"wins":4,"draws":2,"losses":0,"trades":6,"profit_factor":0.0},{"date":"20/10/2025","date_ts":1760918400000,"profit_abs":2.26973886,"wins":1,"draws":0,"losses":0,"trades":1,"profit_factor":0.0},{"date":"27/10/2025","date_ts":1761523200000,"profit_abs":1.75892864,"wins":1,"draws":0,"losses":0,"trades":1,"profit_factor":0.0},{"date":"03/11/2025","date_ts":1762128000000,"profit_abs":-17.90491234,"wins":0,"draws":0,"losses":1,"trades":1,"profit_factor":0.0},{"date":"10/11/2025","date_ts":1762732800000,"profit_abs":10.65420412,"wins":2,"draws":2,"losses":0,"trades":4,"profit_factor":0.0},{"date":"17/11/2025","date_ts":1763337600000,"profit_abs":3.832717,"wins":1,"draws":1,"losses":0,"trades":2,"profit_factor":0.0},{"date":"24/11/2025","date_ts":1763942400000,"profit_abs":7.0059786,"wins":3,"draws":3,"losses":0,"trades":6,"profit_factor":0.0},{"date":"01/12/2025","date_ts":1764547200000,"profit_abs":0.0,"wins":0,"draws":0,"losses":0,"trades":0,"profit_factor":0.0},{"date":"08/12/2025","date_ts":1765152000000,"profit_abs":0.0,"wins":0,"draws":1,"losses":0,"trades":1,"profit_factor":0.0},{"date":"15/12/2025","date_ts":1765756800000,"profit_abs":0.0,"wins":0,"draws":0,"losses":0,"trades":0,"profit_factor":0.0},{"date":"22/12/2025","date_ts":1766361600000,"profit_abs":0.0,"wins":0,"draws":1,"losses":0,"trades":1,"profit_factor":0.0},{"date":"29/12/2025","date_ts":1766966400000,"profit_abs":0.0,"wins":0,"draws":0,"losses":0,"trades":0,"profit_factor":0.0},{"date":"05/01/2026","date_ts":1767571200000,"profit_abs":5.9542093,"wins":3,"draws":2,"losses":0,"trades":5,"profit_factor":0.0}],"month":[{"date":"31/10/2025","date_ts":1761868800000,"profit_abs":26.80362152,"wins":6,"draws":3,"losses":1,"trades":10,"profit_factor":2.4969982},{"date":"30/11/2025","date_ts":1764460800000,"profit_abs":21.49289972,"wins":6,"draws":6,"losses":0,"trades":12,"profit_factor":0.0},{"date":"31/12/2025","date_ts":1767139200000,"profit_abs":0.0,"wins":0,"draws":2,"losses":0,"trades":2,"profit_factor":0.0},{"date":"31/01/2026","date_ts":1769817600000,"profit_abs":5.9542093,"wins":3,"draws":2,"losses":0,"trades":5,"profit_factor":0.0}],"year":[{"date":"31/12/2025","date_ts":1767139200000,"profit_abs":48.29652124,"wins":12,"draws":11,"losses":1,"trades":24,"profit_factor":3.69738943},{"date":"31/12/2026","date_ts":1798675200000,"profit_abs":5.9542093,"wins":3,"draws":2,"losses":0,"trades":5,"profit_factor":0.0}],"weekday":[{"date":"Monday","date_ts":0,"profit_abs":8.9709018,"wins":2,"draws":1,"losses":0,"trades":3,"profit_factor":0.0},{"date":"Tuesday","date_ts":1,"profit_abs":-8.8915199,"wins":1,"draws":1,"losses":1,"trades":3,"profit_factor":0.50340333},{"date":"Wednesday","date_ts":2,"profit_abs":7.86360224,"wins":3,"draws":1,"losses":0,"trades":4,"profit_factor":0.0},{"date":"Thursday","date_ts":3,"profit_abs":0.0,"wins":0,"draws":3,"losses":0,"trades":3,"profit_factor":0.0},{"date":"Friday","date_ts":4,"profit_abs":3.91055054,"wins":2,"draws":0,"losses":0,"trades":2,"profit_factor":0.0},{"date":"Saturday","date_ts":5,"profit_abs":5.68436856,"wins":3,"draws":6,"losses":0,"trades":9,"profit_factor":0.0},{"date":"Sunday","date_ts":6,"profit_abs":36.7128273,"wins":4,"draws":1,"losses":0,"trades":5,"profit_factor":0.0}]},"backtest_best_day":0.09990009990009992,"backtest_worst_day":-0.05189570297017054,"backtest_best_day_abs":33.498654,"backtest_worst_day_abs":-17.90491234,"winning_days":14,"draw_days":81,"losing_days":1,"daily_profit":[["2025-10-02",0.0],["2025-10-03",0.0],["2025-10-04",0.0],["2025-10-05",0.0],["2025-10-06",0.0],["2025-10-07",0.0],["2025-10-08",2.2719566],["2025-10-09",0.0],["2025-10-10",0.0],["2025-10-11",4.90925576],["2025-10-12",33.498654],["2025-10-13",0.0],["2025-10-14",0.0],["2025-10-15",0.0],["2025-10-16",0.0],["2025-10-17",2.26973886],["2025-10-18",0.0],["2025-10-19",0.0],["2025-10-20",0.0],["2025-10-21",0.0],["2025-10-22",1.75892864],["2025-10-23",0.0],["2025-10-24",0.0],["2025-10-25",0.0],["2025-10-26",0.0],["2025-10-27",0.0],["2025-10-28",-17.90491234],["2025-10-29",0.0],["2025-10-30",0.0],["2025-10-31",0.0],["2025-11-01",0.0],["2025-11-02",0.0],["2025-11-03",0.0],["2025-11-04",9.01339244],["2025-11-05",0.0],["2025-11-06",0.0],["2025-11-07",1.64081168],["2025-11-08",0.0],["2025-11-09",0.0],["2025-11-10",0.0],["2025-11-11",0.0],["2025-11-12",3.832717],["2025-11-13",0.0],["2025-11-14",0.0],["2025-11-15",0.0],["2025-11-16",0.0],["2025-11-17",0.0],["2025-11-18",0.0],["2025-11-19",0.0],["2025-11-20",0.0],["2025-11-21",0.0],["2025-11-22",0.3986086],["2025-11-23",2.171345],["2025-11-24",4.436025],["2025-11-25",0.0],["2025-11-26",0.0],["2025-11-27",0.0],["2025-11-28",0.0],["2025-11-29",0.0],["2025-11-30",0.0],["2025-12-01",0.0],["2025-12-02",0.0],["2025-12-03",0.0],["2025-12-04",0.0],["2025-12-05",0.0],["2025-12-06",0.0],["2025-12-07",0.0],["2025-12-08",0.0],["2025-12-09",0.0],["2025-12-10",0.0],["2025-12-11",0.0],["2025-12-12",0.0],["2025-12-13",0.0],["2025-12-14",0.0],["2025-12-15",0.0],["2025-12-16",0.0],["2025-12-17",0.0],["2025-12-18",0.0],["2025-12-19",0.0],["2025-12-20",0.0],["2025-12-21",0.0],["2025-12-22",0.0],["2025-12-23",0.0],["2025-12-24",0.0],["2025-12-25",0.0],["2025-12-26",0.0],["2025-12-27",0.0],["2025-12-28",0.0],["2025-12-29",0.0],["2025-12-30",0.0],["2025-12-31",0.0],["2026-01-01",0.0],["2026-01-02",0.0],["2026-01-03",0.3765042],["2026-01-04",1.0428283],["2026-01-05",4.5348768]],"wins":15,"losses":1,"draws":13,"winrate":0.5172413793103449,"holding_avg":"3:04:00","holding_avg_s":11040.0,"winner_holding_min":"0d 01:00","winner_holding_min_s":3600.0,"winner_holding_max":"0d 02:00","winner_holding_max_s":7200.0,"winner_holding_avg":"0d 01:52","winner_holding_avg_s":6720.0,"loser_holding_min":"1d 07:00","loser_holding_min_s":111600.0,"loser_holding_max":"1d 07:00","loser_holding_max_s":111600.0,"loser_holding_avg":"1d 07:00","loser_holding_avg_s":111600.0,"max_consecutive_wins":4,"max_consecutive_losses":4,"max_drawdown_account":0.017138667637608695,"max_relative_drawdown":0.017138667637608695,"max_drawdown_abs":17.90491234,"drawdown_start":"2025-10-22 14:00:00","drawdown_start_ts":1761141600000.0,"drawdown_end":"2025-10-28 14:00:00","drawdown_end_ts":1761660000000.0,"drawdown_duration":"6 days 00:00:00","drawdown_duration_s":518400.0,"max_drawdown_low":26.803621520000004,"max_drawdown_high":44.70853386,"csum_min":1000.0,"csum_max":1054.25073054}},"strategy_comparison":[{"key":"ACO_49_16","trades":29,"profit_mean":0.005569543932798208,"profit_mean_pct":0.56,"profit_total_abs":54.25073054,"profit_total":0.05425073054,"profit_total_pct":5.43,"duration_avg":"3:04:00","wins":15,"draws":13,"losses":1,"winrate":0.5172413793103449,"cagr":0.21993118649194043,"expectancy":1.8707148462068974,"expectancy_ratio":-0.3437953256282661,"sortino":-100,"sharpe":1.8545354533001916,"calmar":62.34523007089456,"sqn":1.7181,"profit_factor":4.029935556780281,"max_drawdown_account":0.017138667637608695,"max_drawdown_abs":"17.905"}]}