{"strategy":{"ACO_15_2":{"trades":[{"pair":"DOGE/USDT","stake_amount":329.86775,"max_stake_amount":329.86775,"amount":1315.0,"open_date":"2025-10-04 10:00:00+00:00","close_date":"2025-10-04 13:00:00+00:00","open_rate":0.25085,"close_rate":0.25135220220220217,"fee_open":0.001,"fee_close":0.001,"trade_duration":180,"profit_ratio":0.0,"profit_abs":0.0,"exit_reason":"roi","initial_stop_loss_abs":0.23831,"initial_stop_loss_ratio":-0.05,"stop_loss_abs":0.23831,"stop_loss_ratio":-0.05,"min_rate":0.24853,"max_rate":0.25195,"is_open":false,"enter_tag":"","leverage":1.0,"is_short":false,"open_timestamp":1759572000000,"close_timestamp":1759582800000,"orders":[{"amount":1315.0,"safe_price":0.25085,"ft_order_side":"buy","order_filled_timestamp":1759572000000,"ft_is_entry":true,"ft_order_tag":"","cost":330.19761774999995},{"amount":1315.0,"safe_price":0.25135220220220217,"ft_order_side":"sell","order_filled_timestamp":1759582800000,"ft_is_entry":false,"ft_order_tag":"roi","cost":330.85867404179174}],"funding_fees":0.0,"weekday":5},{"pair":"DOGE/USDT","stake_amount":329.81247,"max_stake_amount":329.81247,"amount":1313.0,"open_date":"2025-10-04 14:00:00+00:00","close_date":"2025-10-05 01:00:00+00:00","open_rate":0.25119,"close_rate":0.2516928828828829,"fee_open":0.001,"fee_close":0.001,"trade_duration":660,"profit_ratio":0.0,"profit_abs":0.0,"exit_reason":"roi","initial_stop_loss_abs":0.23864,"initial_stop_loss_ratio":-0.05,"stop_loss_abs":0.23864,"stop_loss_ratio":-0.05,"min_rate":0.2467,"max_rate":0.25268,"is_open":false,"enter_tag":"","leverage":1.0,"is_short":false,"open_timestamp":1759586400000,"close_timestamp":1759626000000,"orders":[{"amount":1313.0,"safe_price":0.25119,"ft_order_side":"buy","order_filled_timestamp":1759586400000,"ft_is_entry":true,"ft_order_tag":"","cost":330.14228247},{"amount":1313.0,"safe_price":0.2516928828828829,"ft_order_side":"sell","order_filled_timestamp":1759626000000,"ft_is_entry":false,"ft_order_tag":"roi","cost":330.8032279804504}],"funding_fees":0.0,"weekday":6},{"pair":"DOGE/USDT","stake_amount":329.83875,"max_stake_amount":329.83875,"amount":1305.0,"open_date":"2025-10-05 22:00:00+00:00","close_date":"2025-10-06 00:00:00+00:00","open_rate":0.25275,"close_rate":0.25325600600600595,"fee_open":0.001,"fee_close":0.001,"trade_duration":120,"profit_ratio":0.0,"profit_abs":0.0,"exit_reason":"roi","initial_stop_loss_abs":0.24012,"initial_stop_loss_ratio":-0.05,"stop_loss_abs":0.24012,"stop_loss_ratio":-0.05,"min_rate":0.25104,"max_rate":0.25533,"is_open":false,"enter_tag":"","leverage":1.0,"is_short":false,"open_timestamp":1759701600000,"close_timestamp":1759708800000,"orders":[{"amount":1305.0,"safe_price":0.25275,"ft_order_side":"buy","order_filled_timestamp":1759701600000,"ft_is_entry":true,"ft_order_tag":"","cost":330.1685887499999},{"amount":1305.0,"safe_price":0.25325600600600595,"ft_order_side":"sell","order_filled_timestamp":1759708800000,"ft_is_entry":false,"ft_order_tag":"roi","cost":330.8295869256755}],"funding_fees":0.0,"weekday":0},{"pair":"DOGE/USDT","stake_amount":329.8973,"max_stake_amount":329.8973,"amount":1310.0,"open_date":"2025-10-06 01:00:00+00:00","close_date":"2025-10-06 03:00:00+00:00","open_rate":0.25183,"close_rate":0.25414,"fee_open":0.001,"fee_close":0.001,"trade_duration":120,"profit_ratio":0.0071565253235427555,"profit_abs":2.3632793,"exit_reason":"roi","initial_stop_loss_abs":0.23924,"initial_stop_loss_ratio":-0.05,"stop_loss_abs":0.23924,"stop_loss_ratio":-0.05,"min_rate":0.25057,"max_rate":0.25508,"is_open":false,"enter_tag":"","leverage":1.0,"is_short":false,"open_timestamp":1759712400000,"close_timestamp":1759719600000,"orders":[{"amount":1310.0,"safe_price":0.25183,"ft_order_side":"buy","order_filled_timestamp":1759712400000,"ft_is_entry":true,"ft_order_tag":"","cost":330.22719729999994},{"amount":1310.0,"safe_price":0.25414,"ft_order_side":"sell","order_filled_timestamp":1759719600000,"ft_is_entry":false,"ft_order_tag":"roi","cost":333.2563233999999}],"funding_fees":0.0,"weekday":0},{"pair":"DOGE/USDT","stake_amount":330.7357,"max_stake_amount":330.7357,"amount":1310.0,"open_date":"2025-10-07 17:00:00+00:00","close_date":"2025-10-08 13:00:00+00:00","open_rate":0.25247,"close_rate":0.2529754454454454,"fee_open":0.001,"fee_close":0.001,"trade_duration":1200,"profit_ratio":0.0,"profit_abs":0.0,"exit_reason":"roi","initial_stop_loss_abs":0.23985,"initial_stop_loss_ratio":-0.05,"stop_loss_abs":0.23985,"stop_loss_ratio":-0.05,"min_rate":0.24291,"max_rate":0.2535,"is_open":false,"enter_tag":"","leverage":1.0,"is_short":false,"open_timestamp":1759856400000,"close_timestamp":1759928400000,"orders":[{"amount":1310.0,"safe_price":0.25247,"ft_order_side":"buy","order_filled_timestamp":1759856400000,"ft_is_entry":true,"ft_order_tag":"","cost":331.0664357},{"amount":1310.0,"safe_price":0.2529754454454454,"ft_order_side":"sell","order_filled_timestamp":1759928400000,"ft_is_entry":false,"ft_order_tag":"roi","cost":331.72923136706703}],"funding_fees":0.0,"weekday":2},{"pair":"DOGE/USDT","stake_amount":330.66684,"max_stake_amount":330.66684,"amount":1337.0,"open_date":"2025-10-09 08:00:00+00:00","close_date":"2025-10-09 11:00:00+00:00","open_rate":0.24732,"close_rate":0.24781513513513512,"fee_open":0.001,"fee_close":0.001,"trade_duration":180,"profit_ratio":0.0,"profit_abs":0.0,"exit_reason":"roi","initial_stop_loss_abs":0.23496,"initial_stop_loss_ratio":-0.05,"stop_loss_abs":0.23496,"stop_loss_ratio":-0.05,"min_rate":0.24305,"max_rate":0.24806,"is_open":false,"enter_tag":"","leverage":1.0,"is_short":false,"open_timestamp":1759996800000,"close_timestamp":1760007600000,"orders":[{"amount":1337.0,"safe_price":0.24732,"ft_order_side":"buy","order_filled_timestamp":1759996800000,"ft_is_entry":true,"ft_order_tag":"","cost":330.99750683999997},{"amount":1337.0,"safe_price":0.24781513513513512,"ft_order_side":"sell","order_filled_timestamp":1760007600000,"ft_is_entry":false,"ft_order_tag":"roi","cost":331.6601645113513}],"funding_fees":0.0,"weekday":3},{"pair":"DOGE/USDT","stake_amount":330.54651,"max_stake_amount":330.54651,"amount":1407.0,"open_date":"2025-10-10 18:00:00+00:00","close_date":"2025-10-10 20:00:00+00:00","open_rate":0.23493,"close_rate":0.22319,"fee_open":0.001,"fee_close":0.001,"trade_duration":120,"profit_ratio":-0.051870489362508265,"profit_abs":-17.16275484,"exit_reason":"stop_loss","initial_stop_loss_abs":0.22319,"initial_stop_loss_ratio":-0.05,"stop_loss_abs":0.22319,"stop_loss_ratio":-0.05,"min_rate":0.21607,"max_rate":0.23597,"is_open":false,"enter_tag":"","leverage":1.0,"is_short":false,"open_timestamp":1760119200000,"close_timestamp":1760126400000,"orders":[{"amount":1407.0,"safe_price":0.23493,"ft_order_side":"buy","order_filled_timestamp":1760119200000,"ft_is_entry":true,"ft_order_tag":"","cost":330.87705651},{"amount":1407.0,"safe_price":0.22319,"ft_order_side":"sell","order_filled_timestamp":1760126400000,"ft_is_entry":false,"ft_order_tag":"stop_loss","cost":314.34235832999997}],"funding_fees":0.0,"weekday":4},{"pair":"DOGE/USDT","stake_amount":325.05536,"max_stake_amount":325.05536,"amount":1484.0,"open_date":"2025-10-10 21:00:00+00:00","close_date":"2025-10-10 21:00:00+00:00","open_rate":0.21904,"close_rate":0.20809,"fee_open":0.001,"fee_close":0.001,"trade_duration":0,"profit_ratio":-0.05188898938898939,"profit_abs":-16.88366092,"exit_reason":"stop_loss","initial_stop_loss_abs":0.20809,"initial_stop_loss_ratio":-0.05,"stop_loss_abs":0.20809,"stop_loss_ratio":-0.05,"min_rate":0.095,"max_rate":0.22132,"is_open":false,"enter_tag":"","leverage":1.0,"is_short":false,"open_timestamp":1760130000000,"close_timestamp":1760130000000,"orders":[{"amount":1484.0,"safe_price":0.21904,"ft_order_side":"buy","order_filled_timestamp":1760130000000,"ft_is_entry":true,"ft_order_tag":"","cost":325.38041536},{"amount":1484.0,"safe_price":0.20809,"ft_order_side":"sell","order_filled_timestamp":1760130000000,"ft_is_entry":false,"ft_order_tag":"stop_loss","cost":309.11436555999995}],"funding_fees":0.0,"weekday":4},{"pair":"DOGE/USDT","stake_amount":319.4334,"max_stake_amount":319.4334,"amount":1716.0,"open_date":"2025-10-10 22:00:00+00:00","close_date":"2025-10-10 22:00:00+00:00","open_rate":0.18615,"close_rate":0.17685,"fee_open":0.001,"fee_close":0.001,"trade_duration":0,"profit_ratio":-0.0518578923091413,"profit_abs":-16.581708,"exit_reason":"stop_loss","initial_stop_loss_abs":0.17685,"initial_stop_loss_ratio":-0.05,"stop_loss_abs":0.17685,"stop_loss_ratio":-0.05,"min_rate":0.16923,"max_rate":0.19509,"is_open":false,"enter_tag":"","leverage":1.0,"is_short":false,"open_timestamp":1760133600000,"close_timestamp":1760133600000,"orders":[{"amount":1716.0,"safe_price":0.18615,"ft_order_side":"buy","order_filled_timestamp":1760133600000,"ft_is_entry":true,"ft_order_tag":"","cost":319.7528334},{"amount":1716.0,"safe_price":0.17685,"ft_order_side":"sell","order_filled_timestamp":1760133600000,"ft_is_entry":false,"ft_order_tag":"stop_loss","cost":303.77807459999997}],"funding_fees":0.0,"weekday":4},{"pair":"DOGE/USDT","stake_amount":314.01969,"max_stake_amount":314.01969,"amount":1587.0,"open_date":"2025-10-14 08:00:00+00:00","close_date":"2025-10-14 10:00:00+00:00","open_rate":0.19787,"close_rate":0.19958,"fee_open":0.001,"fee_close":0.001,"trade_duration":120,"profit_ratio":0.006626768894924755,"profit_abs":2.08301685,"exit_reason":"roi","initial_stop_loss_abs":0.18798,"initial_stop_loss_ratio":-0.05,"stop_loss_abs":0.18798,"stop_loss_ratio":-0.05,"min_rate":0.19436,"max_rate":0.20153,"is_open":false,"enter_tag":"","leverage":1.0,"is_short":false,"open_timestamp":1760428800000,"close_timestamp":1760436000000,"orders":[{"amount":1587.0,"safe_price":0.19787,"ft_order_side":"buy","order_filled_timestamp":1760428800000,"ft_is_entry":true,"ft_order_tag":"","cost":314.3337096899999},{"amount":1587.0,"safe_price":0.19958,"ft_order_side":"sell","order_filled_timestamp":1760436000000,"ft_is_entry":false,"ft_order_tag":"roi","cost":317.05019346}],"funding_fees":0.0,"weekday":1},{"pair":"DOGE/USDT","stake_amount":314.6175,"max_stake_amount":314.6175,"amount":1593.0,"open_date":"2025-10-14 11:00:00+00:00","close_date":"2025-10-14 13:00:00+00:00","open_rate":0.1975,"close_rate":0.19789539539539538,"fee_open":0.001,"fee_close":0.001,"trade_duration":120,"profit_ratio":0.0,"profit_abs":0.0,"exit_reason":"roi","initial_stop_loss_abs":0.18763,"initial_stop_loss_ratio":-0.05,"stop_loss_abs":0.18763,"stop_loss_ratio":-0.05,"min_rate":0.1933,"max_rate":0.20041,"is_open":false,"enter_tag":"","leverage":1.0,"is_short":false,"open_timestamp":1760439600000,"close_timestamp":1760446800000,"orders":[{"amount":1593.0,"safe_price":0.1975,"ft_order_side":"buy","order_filled_timestamp":1760439600000,"ft_is_entry":true,"ft_order_tag":"","cost":314.93211749999995},{"amount":1593.0,"safe_price":0.19789539539539538,"ft_order_side":"sell","order_filled_timestamp":1760446800000,"ft_is_entry":false,"ft_order_tag":"roi","cost":315.56261222972967}],"funding_fees":0.0,"weekday":1},{"pair":"DOGE/USDT","stake_amount":314.65378,"max_stake_amount":314.65378,"amount":1589.0,"open_date":"2025-10-14 14:00:00+00:00","close_date":"2025-10-14 16:00:00+00:00","open_rate":0.19802,"close_rate":0.2035,"fee_open":0.001,"fee_close":0.001,"trade_duration":120,"profit_ratio":0.025620677676025622,"profit_abs":8.06970472,"exit_reason":"roi","initial_stop_loss_abs":0.18812,"initial_stop_loss_ratio":-0.05,"stop_loss_abs":0.18812,"stop_loss_ratio":-0.05,"min_rate":0.19749,"max_rate":0.2071,"is_open":false,"enter_tag":"","leverage":1.0,"is_short":false,"open_timestamp":1760450400000,"close_timestamp":1760457600000,"orders":[{"amount":1589.0,"safe_price":0.19802,"ft_order_side":"buy","order_filled_timestamp":1760450400000,"ft_is_entry":true,"ft_order_tag":"","cost":314.96843377999994},{"amount":1589.0,"safe_price":0.2035,"ft_order_side":"sell","order_filled_timestamp":1760457600000,"ft_is_entry":false,"ft_order_tag":"roi","cost":323.68486149999995}],"funding_fees":0.0,"weekday":1},{"pair":"DOGE/USDT","stake_amount":317.33016,"max_stake_amount":317.33016,"amount":1626.0,"open_date":"2025-10-15 23:00:00+00:00","close_date":"2025-10-16 01:00:00+00:00","open_rate":0.19516,"close_rate":0.19584,"fee_open":0.001,"fee_close":0.001,"trade_duration":120,"profit_ratio":0.001479356880053744,"profit_abs":0.469914,"exit_reason":"roi","initial_stop_loss_abs":0.18541,"initial_stop_loss_ratio":-0.05,"stop_loss_abs":0.18541,"stop_loss_ratio":-0.05,"min_rate":0.19482,"max_rate":0.19844,"is_open":false,"enter_tag":"","leverage":1.0,"is_short":false,"open_timestamp":1760569200000,"close_timestamp":1760576400000,"orders":[{"amount":1626.0,"safe_price":0.19516,"ft_order_side":"buy","order_filled_timestamp":1760569200000,"ft_is_entry":true,"ft_order_tag":"","cost":317.64749015999996},{"amount":1626.0,"safe_price":0.19584,"ft_order_side":"sell","order_filled_timestamp":1760576400000,"ft_is_entry":false,"ft_order_tag":"roi","cost":318.75427583999993}],"funding_fees":0.0,"weekday":3},{"pair":"DOGE/USDT","stake_amount":317.51027,"max_stake_amount":317.51027,"amount":1711.0,"open_date":"2025-10-16 21:00:00+00:00","close_date":"2025-10-16 23:00:00+00:00","open_rate":0.18557,"close_rate":0.18642,"fee_open":0.001,"fee_close":0.001,"trade_duration":120,"profit_ratio":0.0025733279491968936,"profit_abs":0.81787511,"exit_reason":"roi","initial_stop_loss_abs":0.1763,"initial_stop_loss_ratio":-0.05,"stop_loss_abs":0.1763,"stop_loss_ratio":-0.05,"min_rate":0.18548,"max_rate":0.18894,"is_open":false,"enter_tag":"","leverage":1.0,"is_short":false,"open_timestamp":1760648400000,"close_timestamp":1760655600000,"orders":[{"amount":1711.0,"safe_price":0.18557,"ft_order_side":"buy","order_filled_timestamp":1760648400000,"ft_is_entry":true,"ft_order_tag":"","cost":317.82778027},{"amount":1711.0,"safe_price":0.18642,"ft_order_side":"sell","order_filled_timestamp":1760655600000,"ft_is_entry":false,"ft_order_tag":"roi","cost":319.28358462}],"funding_fees":0.0,"weekday":3},{"pair":"DOGE/USDT","stake_amount":317.7325,"max_stake_amount":317.7325,"amount":1741.0,"open_date":"2025-10-17 07:00:00+00:00","close_date":"2025-10-17 11:00:00+00:00","open_rate":0.1825,"close_rate":0.18286536536536532,"fee_open":0.001,"fee_close":0.001,"trade_duration":240,"profit_ratio":0.0,"profit_abs":0.0,"exit_reason":"roi","initial_stop_loss_abs":0.17338,"initial_stop_loss_ratio":-0.05,"stop_loss_abs":0.17338,"stop_loss_ratio":-0.05,"min_rate":0.17555,"max_rate":0.184,"is_open":false,"enter_tag":"","leverage":1.0,"is_short":false,"open_timestamp":1760684400000,"close_timestamp":1760698800000,"orders":[{"amount":1741.0,"safe_price":0.1825,"ft_order_side":"buy","order_filled_timestamp":1760684400000,"ft_is_entry":true,"ft_order_tag":"","cost":318.0502325},{"amount":1741.0,"safe_price":0.18286536536536532,"ft_order_side":"sell","order_filled_timestamp":1760698800000,"ft_is_entry":false,"ft_order_tag":"roi","cost":318.6869697022021}],"funding_fees":0.0,"weekday":4},{"pair":"DOGE/USDT","stake_amount":317.814,"max_stake_amount":317.814,"amount":1645.0,"open_date":"2025-10-21 05:00:00+00:00","close_date":"2025-10-21 07:00:00+00:00","open_rate":0.1932,"close_rate":0.1939,"fee_open":0.001,"fee_close":0.001,"trade_duration":120,"profit_ratio":0.0016179472701211832,"profit_abs":0.5147205,"exit_reason":"roi","initial_stop_loss_abs":0.18354,"initial_stop_loss_ratio":-0.05,"stop_loss_abs":0.18354,"stop_loss_ratio":-0.05,"min_rate":0.19291,"max_rate":0.19456,"is_open":false,"enter_tag":"","leverage":1.0,"is_short":false,"open_timestamp":1761022800000,"close_timestamp":1761030000000,"orders":[{"amount":1645.0,"safe_price":0.1932,"ft_order_side":"buy","order_filled_timestamp":1761022800000,"ft_is_entry":true,"ft_order_tag":"","cost":318.13181399999996},{"amount":1645.0,"safe_price":0.1939,"ft_order_side":"sell","order_filled_timestamp":1761030000000,"ft_is_entry":false,"ft_order_tag":"roi","cost":319.28446549999995}],"funding_fees":0.0,"weekday":1},{"pair":"DOGE/USDT","stake_amount":317.86231,"max_stake_amount":317.86231,"amount":1657.0,"open_date":"2025-10-22 06:00:00+00:00","close_date":"2025-10-22 12:00:00+00:00","open_rate":0.19183,"close_rate":0.19221404404404402,"fee_open":0.001,"fee_close":0.001,"trade_duration":360,"profit_ratio":0.0,"profit_abs":0.0,"exit_reason":"roi","initial_stop_loss_abs":0.18224,"initial_stop_loss_ratio":-0.05,"stop_loss_abs":0.18224,"stop_loss_ratio":-0.05,"min_rate":0.18663,"max_rate":0.19233,"is_open":false,"enter_tag":"","leverage":1.0,"is_short":false,"open_timestamp":1761112800000,"close_timestamp":1761134400000,"orders":[{"amount":1657.0,"safe_price":0.19183,"ft_order_side":"buy","order_filled_timestamp":1761112800000,"ft_is_entry":true,"ft_order_tag":"","cost":318.18017230999993},{"amount":1657.0,"safe_price":0.19221404404404402,"ft_order_side":"sell","order_filled_timestamp":1761134400000,"ft_is_entry":false,"ft_order_tag":"roi","cost":318.8171696519619}],"funding_fees":0.0,"weekday":2},{"pair":"DOGE/USDT","stake_amount":317.95722,"max_stake_amount":317.95722,"amount":1662.0,"open_date":"2025-10-22 13:00:00+00:00","close_date":"2025-10-22 15:00:00+00:00","open_rate":0.19131,"close_rate":0.19238,"fee_open":0.001,"fee_close":0.001,"trade_duration":120,"profit_ratio":0.003583839713681332,"profit_abs":1.14064722,"exit_reason":"roi","initial_stop_loss_abs":0.18175,"initial_stop_loss_ratio":-0.05,"stop_loss_abs":0.18175,"stop_loss_ratio":-0.05,"min_rate":0.18814,"max_rate":0.19339,"is_open":false,"enter_tag":"","leverage":1.0,"is_short":false,"open_timestamp":1761138000000,"close_timestamp":1761145200000,"orders":[{"amount":1662.0,"safe_price":0.19131,"ft_order_side":"buy","order_filled_timestamp":1761138000000,"ft_is_entry":true,"ft_order_tag":"","cost":318.27517722},{"amount":1662.0,"safe_price":0.19238,"ft_order_side":"sell","order_filled_timestamp":1761145200000,"ft_is_entry":false,"ft_order_tag":"roi","cost":320.05529555999993}],"funding_fees":0.0,"weekday":2},{"pair":"DOGE/USDT","stake_amount":318.23565,"max_stake_amount":318.23565,"amount":1745.0,"open_date":"2025-10-30 14:00:00+00:00","close_date":"2025-10-30 23:00:00+00:00","open_rate":0.18237,"close_rate":0.1827351051051051,"fee_open":0.001,"fee_close":0.001,"trade_duration":540,"profit_ratio":0.0,"profit_abs":0.0,"exit_reason":"roi","initial_stop_loss_abs":0.17326,"initial_stop_loss_ratio":-0.05,"stop_loss_abs":0.17326,"stop_loss_ratio":-0.05,"min_rate":0.17642,"max_rate":0.18361,"is_open":false,"enter_tag":"","leverage":1.0,"is_short":false,"open_timestamp":1761832800000,"close_timestamp":1761865200000,"orders":[{"amount":1745.0,"safe_price":0.18237,"ft_order_side":"buy","order_filled_timestamp":1761832800000,"ft_is_entry":true,"ft_order_tag":"","cost":318.55388565},{"amount":1745.0,"safe_price":0.1827351051051051,"ft_order_side":"sell","order_filled_timestamp":1761865200000,"ft_is_entry":false,"ft_order_tag":"roi","cost":319.19163116681676}],"funding_fees":0.0,"weekday":3},{"pair":"DOGE/USDT","stake_amount":318.32973,"max_stake_amount":318.32973,"amount":1809.0,"open_date":"2025-11-03 05:00:00+00:00","close_date":"2025-11-03 15:00:00+00:00","open_rate":0.17597,"close_rate":0.16718,"fee_open":0.001,"fee_close":0.001,"trade_duration":600,"profit_ratio":-0.051849894720838625,"profit_abs":-16.52186835,"exit_reason":"stop_loss","initial_stop_loss_abs":0.16718,"initial_stop_loss_ratio":-0.05,"stop_loss_abs":0.16718,"stop_loss_ratio":-0.05,"min_rate":0.16017,"max_rate":0.17672,"is_open":false,"enter_tag":"","leverage":1.0,"is_short":false,"open_timestamp":1762146000000,"close_timestamp":1762182000000,"orders":[{"amount":1809.0,"safe_price":0.17597,"ft_order_side":"buy","order_filled_timestamp":1762146000000,"ft_is_entry":true,"ft_order_tag":"","cost":318.64805972999994},{"amount":1809.0,"safe_price":0.16718,"ft_order_side":"sell","order_filled_timestamp":1762182000000,"ft_is_entry":false,"ft_order_tag":"stop_loss","cost":302.7310486199999}],"funding_fees":0.0,"weekday":0},{"pair":"DOGE/USDT","stake_amount":312.82846,"max_stake_amount":312.82846,"amount":1873.0,"open_date":"2025-11-03 16:00:00+00:00","close_date":"2025-11-03 18:00:00+00:00","open_rate":0.16702,"close_rate":0.17137,"fee_open":0.001,"fee_close":0.001,"trade_duration":120,"profit_ratio":0.02399474552510117,"profit_abs":7.51374553,"exit_reason":"roi","initial_stop_loss_abs":0.15867,"initial_stop_loss_ratio":-0.05,"stop_loss_abs":0.15867,"stop_loss_ratio":-0.05,"min_rate":0.16553,"max_rate":0.1717,"is_open":false,"enter_tag":"","leverage":1.0,"is_short":false,"open_timestamp":1762185600000,"close_timestamp":1762192800000,"orders":[{"amount":1873.0,"safe_price":0.16702,"ft_order_side":"buy","order_filled_timestamp":1762185600000,"ft_is_entry":true,"ft_order_tag":"","cost":313.14128846},{"amount":1873.0,"safe_price":0.17137,"ft_order_side":"sell","order_filled_timestamp":1762192800000,"ft_is_entry":false,"ft_order_tag":"roi","cost":321.29698600999996}],"funding_fees":0.0,"weekday":0},{"pair":"DOGE/USDT","stake_amount":315.41608,"max_stake_amount":315.41608,"amount":1988.0,"open_date":"2025-11-06 17:00:00+00:00","close_date":"2025-11-06 19:00:00+00:00","open_rate":0.15866,"close_rate":0.16104,"fee_open":0.001,"fee_close":0.001,"trade_duration":120,"profit_ratio":0.012972656991313237,"profit_abs":4.0958764,"exit_reason":"roi","initial_stop_loss_abs":0.15073,"initial_stop_loss_ratio":-0.05,"stop_loss_abs":0.15073,"stop_loss_ratio":-0.05,"min_rate":0.1583,"max_rate":0.16212,"is_open":false,"enter_tag":"","leverage":1.0,"is_short":false,"open_timestamp":1762448400000,"close_timestamp":1762455600000,"orders":[{"amount":1988.0,"safe_price":0.15866,"ft_order_side":"buy","order_filled_timestamp":1762448400000,"ft_is_entry":true,"ft_order_tag":"","cost":315.73149607999994},{"amount":1988.0,"safe_price":0.16104,"ft_order_side":"sell","order_filled_timestamp":1762455600000,"ft_is_entry":false,"ft_order_tag":"roi","cost":320.46766751999996}],"funding_fees":0.0,"weekday":3},{"pair":"DOGE/USDT","stake_amount":316.70136,"max_stake_amount":316.70136,"amount":1812.0,"open_date":"2025-11-08 18:00:00+00:00","close_date":"2025-11-08 20:00:00+00:00","open_rate":0.17478,"close_rate":0.1751299099099099,"fee_open":0.001,"fee_close":0.001,"trade_duration":120,"profit_ratio":0.0,"profit_abs":0.0,"exit_reason":"roi","initial_stop_loss_abs":0.16605,"initial_stop_loss_ratio":-0.05,"stop_loss_abs":0.16605,"stop_loss_ratio":-0.05,"min_rate":0.17357,"max_rate":0.17632,"is_open":false,"enter_tag":"","leverage":1.0,"is_short":false,"open_timestamp":1762624800000,"close_timestamp":1762632000000,"orders":[{"amount":1812.0,"safe_price":0.17478,"ft_order_side":"buy","order_filled_timestamp":1762624800000,"ft_is_entry":true,"ft_order_tag":"","cost":317.01806135999993},{"amount":1812.0,"safe_price":0.1751299099099099,"ft_order_side":"sell","order_filled_timestamp":1762632000000,"ft_is_entry":false,"ft_order_tag":"roi","cost":317.65273215351345}],"funding_fees":0.0,"weekday":5},{"pair":"DOGE/USDT","stake_amount":316.66546,"max_stake_amount":316.66546,"amount":1802.0,"open_date":"2025-11-08 22:00:00+00:00","close_date":"2025-11-09 00:00:00+00:00","open_rate":0.17573,"close_rate":0.1760818118118118,"fee_open":0.001,"fee_close":0.001,"trade_duration":120,"profit_ratio":0.0,"profit_abs":0.0,"exit_reason":"roi","initial_stop_loss_abs":0.16695,"initial_stop_loss_ratio":-0.05,"stop_loss_abs":0.16695,"stop_loss_ratio":-0.05,"min_rate":0.17437,"max_rate":0.17663,"is_open":false,"enter_tag":"","leverage":1.0,"is_short":false,"open_timestamp":1762639200000,"close_timestamp":1762646400000,"orders":[{"amount":1802.0,"safe_price":0.17573,"ft_order_side":"buy","order_filled_timestamp":1762639200000,"ft_is_entry":true,"ft_order_tag":"","cost":316.98212545999996},{"amount":1802.0,"safe_price":0.1760818118118118,"ft_order_side":"sell","order_filled_timestamp":1762646400000,"ft_is_entry":false,"ft_order_tag":"roi","cost":317.61672430976967}],"funding_fees":0.0,"weekday":6},{"pair":"DOGE/USDT","stake_amount":316.64126,"max_stake_amount":316.64126,"amount":1774.0,"open_date":"2025-11-10 19:00:00+00:00","close_date":"2025-11-10 21:00:00+00:00","open_rate":0.17849,"close_rate":0.18032,"fee_open":0.001,"fee_close":0.001,"trade_duration":120,"profit_ratio":0.008234188356324048,"profit_abs":2.60989106,"exit_reason":"roi","initial_stop_loss_abs":0.16957,"initial_stop_loss_ratio":-0.05,"stop_loss_abs":0.16957,"stop_loss_ratio":-0.05,"min_rate":0.17824,"max_rate":0.18117,"is_open":false,"enter_tag":"","leverage":1.0,"is_short":false,"open_timestamp":1762801200000,"close_timestamp":1762808400000,"orders":[{"amount":1774.0,"safe_price":0.17849,"ft_order_side":"buy","order_filled_timestamp":1762801200000,"ft_is_entry":true,"ft_order_tag":"","cost":316.95790126},{"amount":1774.0,"safe_price":0.18032,"ft_order_side":"sell","order_filled_timestamp":1762808400000,"ft_is_entry":false,"ft_order_tag":"roi","cost":320.20756767999995}],"funding_fees":0.0,"weekday":0},{"pair":"DOGE/USDT","stake_amount":317.54411,"max_stake_amount":317.54411,"amount":1807.0,"open_date":"2025-11-11 18:00:00+00:00","close_date":"2025-11-12 10:00:00+00:00","open_rate":0.17573,"close_rate":0.1760818118118118,"fee_open":0.001,"fee_close":0.001,"trade_duration":960,"profit_ratio":0.0,"profit_abs":0.0,"exit_reason":"roi","initial_stop_loss_abs":0.16695,"initial_stop_loss_ratio":-0.05,"stop_loss_abs":0.16695,"stop_loss_ratio":-0.05,"min_rate":0.17094,"max_rate":0.17655,"is_open":false,"enter_tag":"","leverage":1.0,"is_short":false,"open_timestamp":1762884000000,"close_timestamp":1762941600000,"orders":[{"amount":1807.0,"safe_price":0.17573,"ft_order_side":"buy","order_filled_timestamp":1762884000000,"ft_is_entry":true,"ft_order_tag":"","cost":317.86165410999996},{"amount":1807.0,"safe_price":0.1760818118118118,"ft_order_side":"sell","order_filled_timestamp":1762941600000,"ft_is_entry":false,"ft_order_tag":"roi","cost":318.4980137778878}],"funding_fees":0.0,"weekday":2},{"pair":"DOGE/USDT","stake_amount":317.54063,"max_stake_amount":317.54063,"amount":1969.0,"open_date":"2025-11-13 20:00:00+00:00","close_date":"2025-11-13 22:00:00+00:00","open_rate":0.16127,"close_rate":0.16159286286286284,"fee_open":0.001,"fee_close":0.001,"trade_duration":120,"profit_ratio":0.0,"profit_abs":0.0,"exit_reason":"roi","initial_stop_loss_abs":0.15321,"initial_stop_loss_ratio":-0.05,"stop_loss_abs":0.15321,"stop_loss_ratio":-0.05,"min_rate":0.16,"max_rate":0.16384,"is_open":false,"enter_tag":"","leverage":1.0,"is_short":false,"open_timestamp":1763064000000,"close_timestamp":1763071200000,"orders":[{"amount":1969.0,"safe_price":0.16127,"ft_order_side":"buy","order_filled_timestamp":1763064000000,"ft_is_entry":true,"ft_order_tag":"","cost":317.85817062999996},{"amount":1969.0,"safe_price":0.16159286286286284,"ft_order_side":"sell","order_filled_timestamp":1763071200000,"ft_is_entry":false,"ft_order_tag":"roi","cost":318.4945233239539}],"funding_fees":0.0,"weekday":3},{"pair":"DOGE/USDT","stake_amount":317.48316,"max_stake_amount":317.48316,"amount":1938.0,"open_date":"2025-11-13 23:00:00+00:00","close_date":"2025-11-14 01:00:00+00:00","open_rate":0.16382,"close_rate":0.16414796796796793,"fee_open":0.001,"fee_close":0.001,"trade_duration":120,"profit_ratio":0.0,"profit_abs":0.0,"exit_reason":"roi","initial_stop_loss_abs":0.15563,"initial_stop_loss_ratio":-0.05,"stop_loss_abs":0.15563,"stop_loss_ratio":-0.05,"min_rate":0.16257,"max_rate":0.16535,"is_open":false,"enter_tag":"","leverage":1.0,"is_short":false,"open_timestamp":1763074800000,"close_timestamp":1763082000000,"orders":[{"amount":1938.0,"safe_price":0.16382,"ft_order_side":"buy","order_filled_timestamp":1763074800000,"ft_is_entry":true,"ft_order_tag":"","cost":317.80064315999994},{"amount":1938.0,"safe_price":0.16414796796796793,"ft_order_side":"sell","order_filled_timestamp":1763082000000,"ft_is_entry":false,"ft_order_tag":"roi","cost":318.43688068384375}],"funding_fees":0.0,"weekday":4},{"pair":"DOGE/USDT","stake_amount":317.5018,"max_stake_amount":317.5018,"amount":1945.0,"open_date":"2025-11-14 02:00:00+00:00","close_date":"2025-11-14 04:00:00+00:00","open_rate":0.16324,"close_rate":0.16408,"fee_open":0.001,"fee_close":0.001,"trade_duration":120,"profit_ratio":0.0031375142867424172,"profit_abs":0.9971626,"exit_reason":"roi","initial_stop_loss_abs":0.15508,"initial_stop_loss_ratio":-0.05,"stop_loss_abs":0.15508,"stop_loss_ratio":-0.05,"min_rate":0.1591,"max_rate":0.16568,"is_open":false,"enter_tag":"","leverage":1.0,"is_short":false,"open_timestamp":1763085600000,"close_timestamp":1763092800000,"orders":[{"amount":1945.0,"safe_price":0.16324,"ft_order_side":"buy","order_filled_timestamp":1763085600000,"ft_is_entry":true,"ft_order_tag":"","cost":317.81930179999995},{"amount":1945.0,"safe_price":0.16408,"ft_order_side":"sell","order_filled_timestamp":1763092800000,"ft_is_entry":false,"ft_order_tag":"roi","cost":319.4547356}],"funding_fees":0.0,"weekday":4},{"pair":"DOGE/USDT","stake_amount":317.90255,"max_stake_amount":317.90255,"amount":1955.0,"open_date":"2025-11-14 05:00:00+00:00","close_date":"2025-11-14 07:00:00+00:00","open_rate":0.16261,"close_rate":0.16551,"fee_open":0.001,"fee_close":0.001,"trade_duration":120,"profit_ratio":0.0158004470162394,"profit_abs":5.0280254,"exit_reason":"roi","initial_stop_loss_abs":0.15448,"initial_stop_loss_ratio":-0.05,"stop_loss_abs":0.15448,"stop_loss_ratio":-0.05,"min_rate":0.16123,"max_rate":0.16628,"is_open":false,"enter_tag":"","leverage":1.0,"is_short":false,"open_timestamp":1763096400000,"close_timestamp":1763103600000,"orders":[{"amount":1955.0,"safe_price":0.16261,"ft_order_side":"buy","order_filled_timestamp":1763096400000,"ft_is_entry":true,"ft_order_tag":"","cost":318.22045255},{"amount":1955.0,"safe_price":0.16551,"ft_order_side":"sell","order_filled_timestamp":1763103600000,"ft_is_entry":false,"ft_order_tag":"roi","cost":323.89562204999993}],"funding_fees":0.0,"weekday":4},{"pair":"DOGE/USDT","stake_amount":319.49085,"max_stake_amount":319.49085,"amount":2055.0,"open_date":"2025-11-16 18:00:00+00:00","close_date":"2025-11-16 20:00:00+00:00","open_rate":0.15547,"close_rate":0.15589,"fee_open":0.001,"fee_close":0.001,"trade_duration":120,"profit_ratio":0.0006980862451371231,"profit_abs":0.2232552,"exit_reason":"roi","initial_stop_loss_abs":0.1477,"initial_stop_loss_ratio":-0.05,"stop_loss_abs":0.1477,"stop_loss_ratio":-0.05,"min_rate":0.15422,"max_rate":0.15794,"is_open":false,"enter_tag":"","leverage":1.0,"is_short":false,"open_timestamp":1763316000000,"close_timestamp":1763323200000,"orders":[{"amount":2055.0,"safe_price":0.15547,"ft_order_side":"buy","order_filled_timestamp":1763316000000,"ft_is_entry":true,"ft_order_tag":"","cost":319.81034084999993},{"amount":2055.0,"safe_price":0.15589,"ft_order_side":"sell","order_filled_timestamp":1763323200000,"ft_is_entry":false,"ft_order_tag":"roi","cost":320.67430394999997}],"funding_fees":0.0,"weekday":6},{"pair":"DOGE/USDT","stake_amount":319.60412,"max_stake_amount":319.60412,"amount":2101.0,"open_date":"2025-11-17 22:00:00+00:00","close_date":"2025-11-18 00:00:00+00:00","open_rate":0.15212,"close_rate":0.15242454454454452,"fee_open":0.001,"fee_close":0.001,"trade_duration":120,"profit_ratio":0.0,"profit_abs":0.0,"exit_reason":"roi","initial_stop_loss_abs":0.14452,"initial_stop_loss_ratio":-0.05,"stop_loss_abs":0.14452,"stop_loss_ratio":-0.05,"min_rate":0.14943,"max_rate":0.15298,"is_open":false,"enter_tag":"","leverage":1.0,"is_short":false,"open_timestamp":1763416800000,"close_timestamp":1763424000000,"orders":[{"amount":2101.0,"safe_price":0.15212,"ft_order_side":"buy","order_filled_timestamp":1763416800000,"ft_is_entry":true,"ft_order_tag":"","cost":319.92372412},{"amount":2101.0,"safe_price":0.15242454454454452,"ft_order_side":"sell","order_filled_timestamp":1763424000000,"ft_is_entry":false,"ft_order_tag":"roi","cost":320.5642120561761}],"funding_fees":0.0,"weekday":1},{"pair":"DOGE/USDT","stake_amount":319.60377,"max_stake_amount":319.60377,"amount":2097.0,"open_date":"2025-11-18 01:00:00+00:00","close_date":"2025-11-18 03:00:00+00:00","open_rate":0.15241,"close_rate":0.1527151251251251,"fee_open":0.001,"fee_close":0.001,"trade_duration":120,"profit_ratio":0.0,"profit_abs":0.0,"exit_reason":"roi","initial_stop_loss_abs":0.14479,"initial_stop_loss_ratio":-0.05,"stop_loss_abs":0.14479,"stop_loss_ratio":-0.05,"min_rate":0.1502,"max_rate":0.15479,"is_open":false,"enter_tag":"","leverage":1.0,"is_short":false,"open_timestamp":1763427600000,"close_timestamp":1763434800000,"orders":[{"amount":2097.0,"safe_price":0.15241,"ft_order_side":"buy","order_filled_timestamp":1763427600000,"ft_is_entry":true,"ft_order_tag":"","cost":319.92337376999996},{"amount":2097.0,"safe_price":0.1527151251251251,"ft_order_side":"sell","order_filled_timestamp":1763434800000,"ft_is_entry":false,"ft_order_tag":"roi","cost":320.5638610047747}],"funding_fees":0.0,"weekday":1},{"pair":"DOGE/USDT","stake_amount":319.6914,"max_stake_amount":319.6914,"amount":2060.0,"open_date":"2025-11-18 05:00:00+00:00","close_date":"2025-11-18 07:00:00+00:00","open_rate":0.15519,"close_rate":0.15550069069069067,"fee_open":0.001,"fee_close":0.001,"trade_duration":120,"profit_ratio":0.0,"profit_abs":0.0,"exit_reason":"roi","initial_stop_loss_abs":0.14744,"initial_stop_loss_ratio":-0.05,"stop_loss_abs":0.14744,"stop_loss_ratio":-0.05,"min_rate":0.15295,"max_rate":0.15623,"is_open":false,"enter_tag":"","leverage":1.0,"is_short":false,"open_timestamp":1763442000000,"close_timestamp":1763449200000,"orders":[{"amount":2060.0,"safe_price":0.15519,"ft_order_side":"buy","order_filled_timestamp":1763442000000,"ft_is_entry":true,"ft_order_tag":"","cost":320.01109139999994},{"amount":2060.0,"safe_price":0.15550069069069067,"ft_order_side":"sell","order_filled_timestamp":1763449200000,"ft_is_entry":false,"ft_order_tag":"roi","cost":320.6517542456456}],"funding_fees":0.0,"weekday":1},{"pair":"DOGE/USDT","stake_amount":319.59374,"max_stake_amount":319.59374,"amount":2099.0,"open_date":"2025-11-19 17:00:00+00:00","close_date":"2025-11-19 21:00:00+00:00","open_rate":0.15226,"close_rate":0.1525648248248248,"fee_open":0.001,"fee_close":0.001,"trade_duration":240,"profit_ratio":0.0,"profit_abs":0.0,"exit_reason":"roi","initial_stop_loss_abs":0.14465,"initial_stop_loss_ratio":-0.05,"stop_loss_abs":0.14465,"stop_loss_ratio":-0.05,"min_rate":0.14712,"max_rate":0.15449,"is_open":false,"enter_tag":"","leverage":1.0,"is_short":false,"open_timestamp":1763571600000,"close_timestamp":1763586000000,"orders":[{"amount":2099.0,"safe_price":0.15226,"ft_order_side":"buy","order_filled_timestamp":1763571600000,"ft_is_entry":true,"ft_order_tag":"","cost":319.91333374},{"amount":2099.0,"safe_price":0.1525648248248248,"ft_order_side":"sell","order_filled_timestamp":1763586000000,"ft_is_entry":false,"ft_order_tag":"roi","cost":320.5538008746146}],"funding_fees":0.0,"weekday":2},{"pair":"DOGE/USDT","stake_amount":319.67271,"max_stake_amount":319.67271,"amount":2141.0,"open_date":"2025-11-20 21:00:00+00:00","close_date":"2025-11-20 23:00:00+00:00","open_rate":0.14931,"close_rate":0.15272,"fee_open":0.001,"fee_close":0.001,"trade_duration":120,"profit_ratio":0.020794756780290233,"profit_abs":6.65416377,"exit_reason":"roi","initial_stop_loss_abs":0.14185,"initial_stop_loss_ratio":-0.05,"stop_loss_abs":0.14185,"stop_loss_ratio":-0.05,"min_rate":0.14873,"max_rate":0.15317,"is_open":false,"enter_tag":"","leverage":1.0,"is_short":false,"open_timestamp":1763672400000,"close_timestamp":1763679600000,"orders":[{"amount":2141.0,"safe_price":0.14931,"ft_order_side":"buy","order_filled_timestamp":1763672400000,"ft_is_entry":true,"ft_order_tag":"","cost":319.99238270999996},{"amount":2141.0,"safe_price":0.15272,"ft_order_side":"sell","order_filled_timestamp":1763679600000,"ft_is_entry":false,"ft_order_tag":"roi","cost":327.30049352}],"funding_fees":0.0,"weekday":3},{"pair":"DOGE/USDT","stake_amount":321.87981,"max_stake_amount":321.87981,"amount":2191.0,"open_date":"2025-11-21 04:00:00+00:00","close_date":"2025-11-21 07:00:00+00:00","open_rate":0.14691,"close_rate":0.13957,"fee_open":0.001,"fee_close":0.001,"trade_duration":180,"profit_ratio":-0.05186073881193342,"profit_abs":-16.70961768,"exit_reason":"stop_loss","initial_stop_loss_abs":0.13957,"initial_stop_loss_ratio":-0.05,"stop_loss_abs":0.13957,"stop_loss_ratio":-0.05,"min_rate":0.13441,"max_rate":0.14824,"is_open":false,"enter_tag":"","leverage":1.0,"is_short":false,"open_timestamp":1763697600000,"close_timestamp":1763708400000,"orders":[{"amount":2191.0,"safe_price":0.14691,"ft_order_side":"buy","order_filled_timestamp":1763697600000,"ft_is_entry":true,"ft_order_tag":"","cost":322.20168981},{"amount":2191.0,"safe_price":0.13957,"ft_order_side":"sell","order_filled_timestamp":1763708400000,"ft_is_entry":false,"ft_order_tag":"stop_loss","cost":306.10366787}],"funding_fees":0.0,"weekday":4},{"pair":"DOGE/USDT","stake_amount":316.251,"max_stake_amount":316.251,"amount":2295.0,"open_date":"2025-11-21 11:00:00+00:00","close_date":"2025-11-21 13:00:00+00:00","open_rate":0.1378,"close_rate":0.13891,"fee_open":0.001,"fee_close":0.001,"trade_duration":120,"profit_ratio":0.0060410561861940675,"profit_abs":1.91240055,"exit_reason":"roi","initial_stop_loss_abs":0.13091,"initial_stop_loss_ratio":-0.05,"stop_loss_abs":0.13091,"stop_loss_ratio":-0.05,"min_rate":0.13321,"max_rate":0.14094,"is_open":false,"enter_tag":"","leverage":1.0,"is_short":false,"open_timestamp":1763722800000,"close_timestamp":1763730000000,"orders":[{"amount":2295.0,"safe_price":0.1378,"ft_order_side":"buy","order_filled_timestamp":1763722800000,"ft_is_entry":true,"ft_order_tag":"","cost":316.567251},{"amount":2295.0,"safe_price":0.13891,"ft_order_side":"sell","order_filled_timestamp":1763730000000,"ft_is_entry":false,"ft_order_tag":"roi","cost":319.11724845}],"funding_fees":0.0,"weekday":4},{"pair":"DOGE/USDT","stake_amount":316.92882,"max_stake_amount":316.92882,"amount":2262.0,"open_date":"2025-11-21 14:00:00+00:00","close_date":"2025-11-21 16:00:00+00:00","open_rate":0.14011,"close_rate":0.14039050050050048,"fee_open":0.001,"fee_close":0.001,"trade_duration":120,"profit_ratio":0.0,"profit_abs":0.0,"exit_reason":"roi","initial_stop_loss_abs":0.13311,"initial_stop_loss_ratio":-0.05,"stop_loss_abs":0.13311,"stop_loss_ratio":-0.05,"min_rate":0.13575,"max_rate":0.14209,"is_open":false,"enter_tag":"","leverage":1.0,"is_short":false,"open_timestamp":1763733600000,"close_timestamp":1763740800000,"orders":[{"amount":2262.0,"safe_price":0.14011,"ft_order_side":"buy","order_filled_timestamp":1763733600000,"ft_is_entry":true,"ft_order_tag":"","cost":317.24574882},{"amount":2262.0,"safe_price":0.14039050050050048,"ft_order_side":"sell","order_filled_timestamp":1763740800000,"ft_is_entry":false,"ft_order_tag":"roi","cost":317.8808754442642}],"funding_fees":0.0,"weekday":4},{"pair":"DOGE/USDT","stake_amount":316.95702,"max_stake_amount":316.95702,"amount":2139.0,"open_date":"2025-11-29 19:00:00+00:00","close_date":"2025-11-29 21:00:00+00:00","open_rate":0.14818,"close_rate":0.14886,"fee_open":0.001,"fee_close":0.001,"trade_duration":120,"profit_ratio":0.0025818425062587563,"profit_abs":0.81915144,"exit_reason":"roi","initial_stop_loss_abs":0.14078,"initial_stop_loss_ratio":-0.05,"stop_loss_abs":0.14078,"stop_loss_ratio":-0.05,"min_rate":0.148,"max_rate":0.149,"is_open":false,"enter_tag":"","leverage":1.0,"is_short":false,"open_timestamp":1764442800000,"close_timestamp":1764450000000,"orders":[{"amount":2139.0,"safe_price":0.14818,"ft_order_side":"buy","order_filled_timestamp":1764442800000,"ft_is_entry":true,"ft_order_tag":"","cost":317.27397701999996},{"amount":2139.0,"safe_price":0.14886,"ft_order_side":"sell","order_filled_timestamp":1764450000000,"ft_is_entry":false,"ft_order_tag":"roi","cost":318.72995153999994}],"funding_fees":0.0,"weekday":5},{"pair":"DOGE/USDT","stake_amount":317.2368,"max_stake_amount":317.2368,"amount":2279.0,"open_date":"2025-12-01 02:00:00+00:00","close_date":"2025-12-01 15:00:00+00:00","open_rate":0.1392,"close_rate":0.13224,"fee_open":0.001,"fee_close":0.001,"trade_duration":780,"profit_ratio":-0.0518981018981019,"profit_abs":-16.48045176,"exit_reason":"stop_loss","initial_stop_loss_abs":0.13224,"initial_stop_loss_ratio":-0.05,"stop_loss_abs":0.13224,"stop_loss_ratio":-0.05,"min_rate":0.13177,"max_rate":0.1398,"is_open":false,"enter_tag":"","leverage":1.0,"is_short":false,"open_timestamp":1764554400000,"close_timestamp":1764601200000,"orders":[{"amount":2279.0,"safe_price":0.1392,"ft_order_side":"buy","order_filled_timestamp":1764554400000,"ft_is_entry":true,"ft_order_tag":"","cost":317.55403679999995},{"amount":2279.0,"safe_price":0.13224,"ft_order_side":"sell","order_filled_timestamp":1764601200000,"ft_is_entry":false,"ft_order_tag":"stop_loss","cost":301.67633495999996}],"funding_fees":0.0,"weekday":0},{"pair":"DOGE/USDT","stake_amount":311.73665,"max_stake_amount":311.73665,"amount":2329.0,"open_date":"2025-12-01 16:00:00+00:00","close_date":"2025-12-01 20:00:00+00:00","open_rate":0.13385,"close_rate":0.13411796796796796,"fee_open":0.001,"fee_close":0.001,"trade_duration":240,"profit_ratio":0.0,"profit_abs":0.0,"exit_reason":"roi","initial_stop_loss_abs":0.12716,"initial_stop_loss_ratio":-0.05,"stop_loss_abs":0.12716,"stop_loss_ratio":-0.05,"min_rate":0.13211,"max_rate":0.13493,"is_open":false,"enter_tag":"","leverage":1.0,"is_short":false,"open_timestamp":1764604800000,"close_timestamp":1764619200000,"orders":[{"amount":2329.0,"safe_price":0.13385,"ft_order_side":"buy","order_filled_timestamp":1764604800000,"ft_is_entry":true,"ft_order_tag":"","cost":312.04838664999994},{"amount":2329.0,"safe_price":0.13411796796796796,"ft_order_side":"sell","order_filled_timestamp":1764619200000,"ft_is_entry":false,"ft_order_tag":"roi","cost":312.67310814479475}],"funding_fees":0.0,"weekday":0},{"pair":"DOGE/USDT","stake_amount":311.80942,"max_stake_amount":311.80942,"amount":2158.0,"open_date":"2025-12-05 13:00:00+00:00","close_date":"2025-12-05 19:00:00+00:00","open_rate":0.14449,"close_rate":0.13727,"fee_open":0.001,"fee_close":0.001,"trade_duration":360,"profit_ratio":-0.05186702010011582,"profit_abs":-16.18879808,"exit_reason":"stop_loss","initial_stop_loss_abs":0.13727,"initial_stop_loss_ratio":-0.05,"stop_loss_abs":0.13727,"stop_loss_ratio":-0.05,"min_rate":0.13722,"max_rate":0.14492,"is_open":false,"enter_tag":"","leverage":1.0,"is_short":false,"open_timestamp":1764939600000,"close_timestamp":1764961200000,"orders":[{"amount":2158.0,"safe_price":0.14449,"ft_order_side":"buy","order_filled_timestamp":1764939600000,"ft_is_entry":true,"ft_order_tag":"","cost":312.12122941999996},{"amount":2158.0,"safe_price":0.13727,"ft_order_side":"sell","order_filled_timestamp":1764961200000,"ft_is_entry":false,"ft_order_tag":"stop_loss","cost":296.52488865999993}],"funding_fees":0.0,"weekday":4},{"pair":"DOGE/USDT","stake_amount":306.40008,"max_stake_amount":306.40008,"amount":2204.0,"open_date":"2025-12-05 20:00:00+00:00","close_date":"2025-12-05 22:00:00+00:00","open_rate":0.13902,"close_rate":0.13929831831831832,"fee_open":0.001,"fee_close":0.001,"trade_duration":120,"profit_ratio":0.0,"profit_abs":0.0,"exit_reason":"roi","initial_stop_loss_abs":0.13207,"initial_stop_loss_ratio":-0.05,"stop_loss_abs":0.13207,"stop_loss_ratio":-0.05,"min_rate":0.13803,"max_rate":0.13944,"is_open":false,"enter_tag":"","leverage":1.0,"is_short":false,"open_timestamp":1764964800000,"close_timestamp":1764972000000,"orders":[{"amount":2204.0,"safe_price":0.13902,"ft_order_side":"buy","order_filled_timestamp":1764964800000,"ft_is_entry":true,"ft_order_tag":"","cost":306.70648007999995},{"amount":2204.0,"safe_price":0.13929831831831832,"ft_order_side":"sell","order_filled_timestamp":1764972000000,"ft_is_entry":false,"ft_order_tag":"roi","cost":307.3205070671471}],"funding_fees":0.0,"weekday":4},{"pair":"DOGE/USDT","stake_amount":306.47436,"max_stake_amount":306.47436,"amount":2202.0,"open_date":"2025-12-05 23:00:00+00:00","close_date":"2025-12-06 01:00:00+00:00","open_rate":0.13918,"close_rate":0.1399,"fee_open":0.001,"fee_close":0.001,"trade_duration":120,"profit_ratio":0.003164819086646936,"profit_abs":0.97090584,"exit_reason":"roi","initial_stop_loss_abs":0.13223,"initial_stop_loss_ratio":-0.05,"stop_loss_abs":0.13223,"stop_loss_ratio":-0.05,"min_rate":0.13852,"max_rate":0.14039,"is_open":false,"enter_tag":"","leverage":1.0,"is_short":false,"open_timestamp":1764975600000,"close_timestamp":1764982800000,"orders":[{"amount":2202.0,"safe_price":0.13918,"ft_order_side":"buy","order_filled_timestamp":1764975600000,"ft_is_entry":true,"ft_order_tag":"","cost":306.78083436},{"amount":2202.0,"safe_price":0.1399,"ft_order_side":"sell","order_filled_timestamp":1764982800000,"ft_is_entry":false,"ft_order_tag":"roi","cost":308.36785979999996}],"funding_fees":0.0,"weekday":5},{"pair":"DOGE/USDT","stake_amount":306.7678,"max_stake_amount":306.7678,"amount":2270.0,"open_date":"2025-12-07 15:00:00+00:00","close_date":"2025-12-07 17:00:00+00:00","open_rate":0.13514,"close_rate":0.13923,"fee_open":0.001,"fee_close":0.001,"trade_duration":120,"profit_ratio":0.028206439113646453,"profit_abs":8.6614801,"exit_reason":"roi","initial_stop_loss_abs":0.12839,"initial_stop_loss_ratio":-0.05,"stop_loss_abs":0.12839,"stop_loss_ratio":-0.05,"min_rate":0.13504,"max_rate":0.1421,"is_open":false,"enter_tag":"","leverage":1.0,"is_short":false,"open_timestamp":1765119600000,"close_timestamp":1765126800000,"orders":[{"amount":2270.0,"safe_price":0.13514,"ft_order_side":"buy","order_filled_timestamp":1765119600000,"ft_is_entry":true,"ft_order_tag":"","cost":307.0745678},{"amount":2270.0,"safe_price":0.13923,"ft_order_side":"sell","order_filled_timestamp":1765126800000,"ft_is_entry":false,"ft_order_tag":"roi","cost":316.3681521}],"funding_fees":0.0,"weekday":6},{"pair":"DOGE/USDT","stake_amount":309.5376,"max_stake_amount":309.5376,"amount":2186.0,"open_date":"2025-12-09 04:00:00+00:00","close_date":"2025-12-09 13:00:00+00:00","open_rate":0.1416,"close_rate":0.14188348348348348,"fee_open":0.001,"fee_close":0.001,"trade_duration":540,"profit_ratio":0.0,"profit_abs":0.0,"exit_reason":"roi","initial_stop_loss_abs":0.13452,"initial_stop_loss_ratio":-0.05,"stop_loss_abs":0.13452,"stop_loss_ratio":-0.05,"min_rate":0.13942,"max_rate":0.14244,"is_open":false,"enter_tag":"","leverage":1.0,"is_short":false,"open_timestamp":1765252800000,"close_timestamp":1765285200000,"orders":[{"amount":2186.0,"safe_price":0.1416,"ft_order_side":"buy","order_filled_timestamp":1765252800000,"ft_is_entry":true,"ft_order_tag":"","cost":309.84713759999994},{"amount":2186.0,"safe_price":0.14188348348348348,"ft_order_side":"sell","order_filled_timestamp":1765285200000,"ft_is_entry":false,"ft_order_tag":"roi","cost":310.46745218978975}],"funding_fees":0.0,"weekday":1},{"pair":"DOGE/USDT","stake_amount":309.56919,"max_stake_amount":309.56919,"amount":2247.0,"open_date":"2025-12-11 10:00:00+00:00","close_date":"2025-12-11 12:00:00+00:00","open_rate":0.13777,"close_rate":0.1380458158158158,"fee_open":0.001,"fee_close":0.001,"trade_duration":120,"profit_ratio":0.0,"profit_abs":0.0,"exit_reason":"roi","initial_stop_loss_abs":0.13089,"initial_stop_loss_ratio":-0.05,"stop_loss_abs":0.13089,"stop_loss_ratio":-0.05,"min_rate":0.1375,"max_rate":0.13845,"is_open":false,"enter_tag":"","leverage":1.0,"is_short":false,"open_timestamp":1765447200000,"close_timestamp":1765454400000,"orders":[{"amount":2247.0,"safe_price":0.13777,"ft_order_side":"buy","order_filled_timestamp":1765447200000,"ft_is_entry":true,"ft_order_tag":"","cost":309.87875919},{"amount":2247.0,"safe_price":0.1380458158158158,"ft_order_side":"sell","order_filled_timestamp":1765454400000,"ft_is_entry":false,"ft_order_tag":"roi","cost":310.49913708627616}],"funding_fees":0.0,"weekday":3},{"pair":"DOGE/USDT","stake_amount":309.55236,"max_stake_amount":309.55236,"amount":2249.0,"open_date":"2025-12-14 10:00:00+00:00","close_date":"2025-12-15 02:00:00+00:00","open_rate":0.13764,"close_rate":0.13791555555555557,"fee_open":0.001,"fee_close":0.001,"trade_duration":960,"profit_ratio":0.0,"profit_abs":0.0,"exit_reason":"roi","initial_stop_loss_abs":0.13076,"initial_stop_loss_ratio":-0.05,"stop_loss_abs":0.13076,"stop_loss_ratio":-0.05,"min_rate":0.13261,"max_rate":0.13845,"is_open":false,"enter_tag":"","leverage":1.0,"is_short":false,"open_timestamp":1765706400000,"close_timestamp":1765764000000,"orders":[{"amount":2249.0,"safe_price":0.13764,"ft_order_side":"buy","order_filled_timestamp":1765706400000,"ft_is_entry":true,"ft_order_tag":"","cost":309.86191235999996},{"amount":2249.0,"safe_price":0.13791555555555557,"ft_order_side":"sell","order_filled_timestamp":1765764000000,"ft_is_entry":false,"ft_order_tag":"roi","cost":310.48225652888885}],"funding_fees":0.0,"weekday":0},{"pair":"DOGE/USDT","stake_amount":309.5906,"max_stake_amount":309.5906,"amount":2420.0,"open_date":"2025-12-15 18:00:00+00:00","close_date":"2025-12-15 20:00:00+00:00","open_rate":0.12793,"close_rate":0.12888,"fee_open":0.001,"fee_close":0.001,"trade_duration":120,"profit_ratio":0.0054130970256976675,"profit_abs":1.6775198,"exit_reason":"roi","initial_stop_loss_abs":0.12154,"initial_stop_loss_ratio":-0.05,"stop_loss_abs":0.12154,"stop_loss_ratio":-0.05,"min_rate":0.12661,"max_rate":0.12942,"is_open":false,"enter_tag":"","leverage":1.0,"is_short":false,"open_timestamp":1765821600000,"close_timestamp":1765828800000,"orders":[{"amount":2420.0,"safe_price":0.12793,"ft_order_side":"buy","order_filled_timestamp":1765821600000,"ft_is_entry":true,"ft_order_tag":"","cost":309.9001906},{"amount":2420.0,"safe_price":0.12888,"ft_order_side":"sell","order_filled_timestamp":1765828800000,"ft_is_entry":false,"ft_order_tag":"roi","cost":312.20148959999995}],"funding_fees":0.0,"weekday":0},{"pair":"DOGE/USDT","stake_amount":310.19928,"max_stake_amount":310.19928,"amount":2424.0,"open_date":"2025-12-15 21:00:00+00:00","close_date":"2025-12-15 23:00:00+00:00","open_rate":0.12797,"close_rate":0.1289,"fee_open":0.001,"fee_close":0.001,"trade_duration":120,"profit_ratio":0.005254806145639935,"profit_abs":1.63166712,"exit_reason":"roi","initial_stop_loss_abs":0.12158,"initial_stop_loss_ratio":-0.05,"stop_loss_abs":0.12158,"stop_loss_ratio":-0.05,"min_rate":0.12769,"max_rate":0.12979,"is_open":false,"enter_tag":"","leverage":1.0,"is_short":false,"open_timestamp":1765832400000,"close_timestamp":1765839600000,"orders":[{"amount":2424.0,"safe_price":0.12797,"ft_order_side":"buy","order_filled_timestamp":1765832400000,"ft_is_entry":true,"ft_order_tag":"","cost":310.50947927999994},{"amount":2424.0,"safe_price":0.1289,"ft_order_side":"sell","order_filled_timestamp":1765839600000,"ft_is_entry":false,"ft_order_tag":"roi","cost":312.76605359999996}],"funding_fees":0.0,"weekday":0},{"pair":"DOGE/USDT","stake_amount":310.75125,"max_stake_amount":310.75125,"amount":2395.0,"open_date":"2025-12-16 00:00:00+00:00","close_date":"2025-12-16 06:00:00+00:00","open_rate":0.12975,"close_rate":0.13000975975975976,"fee_open":0.001,"fee_close":0.001,"trade_duration":360,"profit_ratio":0.0,"profit_abs":0.0,"exit_reason":"roi","initial_stop_loss_abs":0.12327,"initial_stop_loss_ratio":-0.05,"stop_loss_abs":0.12327,"stop_loss_ratio":-0.05,"min_rate":0.12716,"max_rate":0.1302,"is_open":false,"enter_tag":"","leverage":1.0,"is_short":false,"open_timestamp":1765843200000,"close_timestamp":1765864800000,"orders":[{"amount":2395.0,"safe_price":0.12975,"ft_order_side":"buy","order_filled_timestamp":1765843200000,"ft_is_entry":true,"ft_order_tag":"","cost":311.06200125},{"amount":2395.0,"safe_price":0.13000975975975976,"ft_order_side":"sell","order_filled_timestamp":1765864800000,"ft_is_entry":false,"ft_order_tag":"roi","cost":311.68474799924917}],"funding_fees":0.0,"weekday":1},{"pair":"DOGE/USDT","stake_amount":310.66805,"max_stake_amount":310.66805,"amount":2387.0,"open_date":"2025-12-17 13:00:00+00:00","close_date":"2025-12-17 15:00:00+00:00","open_rate":0.13015,"close_rate":0.13448,"fee_open":0.001,"fee_close":0.001,"trade_duration":120,"profit_ratio":0.03120483051332072,"profit_abs":9.70403819,"exit_reason":"roi","initial_stop_loss_abs":0.12365,"initial_stop_loss_ratio":-0.05,"stop_loss_abs":0.12365,"stop_loss_ratio":-0.05,"min_rate":0.12942,"max_rate":0.13631,"is_open":false,"enter_tag":"","leverage":1.0,"is_short":false,"open_timestamp":1765976400000,"close_timestamp":1765983600000,"orders":[{"amount":2387.0,"safe_price":0.13015,"ft_order_side":"buy","order_filled_timestamp":1765976400000,"ft_is_entry":true,"ft_order_tag":"","cost":310.97871804999994},{"amount":2387.0,"safe_price":0.13448,"ft_order_side":"sell","order_filled_timestamp":1765983600000,"ft_is_entry":false,"ft_order_tag":"roi","cost":321.32476375999994}],"funding_fees":0.0,"weekday":2},{"pair":"DOGE/USDT","stake_amount":313.87372,"max_stake_amount":313.87372,"amount":2482.0,"open_date":"2025-12-17 20:00:00+00:00","close_date":"2025-12-17 22:00:00+00:00","open_rate":0.12646,"close_rate":0.12671317317317315,"fee_open":0.001,"fee_close":0.001,"trade_duration":120,"profit_ratio":0.0,"profit_abs":0.0,"exit_reason":"roi","initial_stop_loss_abs":0.12014,"initial_stop_loss_ratio":-0.05,"stop_loss_abs":0.12014,"stop_loss_ratio":-0.05,"min_rate":0.12533,"max_rate":0.12782,"is_open":false,"enter_tag":"","leverage":1.0,"is_short":false,"open_timestamp":1766001600000,"close_timestamp":1766008800000,"orders":[{"amount":2482.0,"safe_price":0.12646,"ft_order_side":"buy","order_filled_timestamp":1766001600000,"ft_is_entry":true,"ft_order_tag":"","cost":314.18759371999994},{"amount":2482.0,"safe_price":0.12671317317317315,"ft_order_side":"sell","order_filled_timestamp":1766008800000,"ft_is_entry":false,"ft_order_tag":"roi","cost":314.81659791163156}],"funding_fees":0.0,"weekday":2},{"pair":"DOGE/USDT","stake_amount":313.9626,"max_stake_amount":313.9626,"amount":2478.0,"open_date":"2025-12-17 23:00:00+00:00","close_date":"2025-12-18 13:00:00+00:00","open_rate":0.1267,"close_rate":0.12695365365365363,"fee_open":0.001,"fee_close":0.001,"trade_duration":840,"profit_ratio":0.0,"profit_abs":0.0,"exit_reason":"roi","initial_stop_loss_abs":0.12037,"initial_stop_loss_ratio":-0.05,"stop_loss_abs":0.12037,"stop_loss_ratio":-0.05,"min_rate":0.12385,"max_rate":0.12972,"is_open":false,"enter_tag":"","leverage":1.0,"is_short":false,"open_timestamp":1766012400000,"close_timestamp":1766062800000,"orders":[{"amount":2478.0,"safe_price":0.1267,"ft_order_side":"buy","order_filled_timestamp":1766012400000,"ft_is_entry":true,"ft_order_tag":"","cost":314.2765626},{"amount":2478.0,"safe_price":0.12695365365365363,"ft_order_side":"sell","order_filled_timestamp":1766062800000,"ft_is_entry":false,"ft_order_tag":"roi","cost":314.9057449075074}],"funding_fees":0.0,"weekday":3},{"pair":"DOGE/USDT","stake_amount":313.85891,"max_stake_amount":313.85891,"amount":2413.0,"open_date":"2025-12-23 09:00:00+00:00","close_date":"2025-12-23 11:00:00+00:00","open_rate":0.13007,"close_rate":0.13085,"fee_open":0.001,"fee_close":0.001,"trade_duration":120,"profit_ratio":0.003986787411097398,"profit_abs":1.25254004,"exit_reason":"roi","initial_stop_loss_abs":0.12357,"initial_stop_loss_ratio":-0.05,"stop_loss_abs":0.12357,"stop_loss_ratio":-0.05,"min_rate":0.12997,"max_rate":0.1314,"is_open":false,"enter_tag":"","leverage":1.0,"is_short":false,"open_timestamp":1766480400000,"close_timestamp":1766487600000,"orders":[{"amount":2413.0,"safe_price":0.13007,"ft_order_side":"buy","order_filled_timestamp":1766480400000,"ft_is_entry":true,"ft_order_tag":"","cost":314.17276890999995},{"amount":2413.0,"safe_price":0.13085,"ft_order_side":"sell","order_filled_timestamp":1766487600000,"ft_is_entry":false,"ft_order_tag":"roi","cost":316.05679104999996}],"funding_fees":0.0,"weekday":1},{"pair":"DOGE/USDT","stake_amount":314.34151,"max_stake_amount":314.34151,"amount":2413.0,"open_date":"2025-12-23 13:00:00+00:00","close_date":"2025-12-23 16:00:00+00:00","open_rate":0.13027,"close_rate":0.1305308008008008,"fee_open":0.001,"fee_close":0.001,"trade_duration":180,"profit_ratio":0.0,"profit_abs":0.0,"exit_reason":"roi","initial_stop_loss_abs":0.12376,"initial_stop_loss_ratio":-0.05,"stop_loss_abs":0.12376,"stop_loss_ratio":-0.05,"min_rate":0.12789,"max_rate":0.13095,"is_open":false,"enter_tag":"","leverage":1.0,"is_short":false,"open_timestamp":1766494800000,"close_timestamp":1766505600000,"orders":[{"amount":2413.0,"safe_price":0.13027,"ft_order_side":"buy","order_filled_timestamp":1766494800000,"ft_is_entry":true,"ft_order_tag":"","cost":314.65585150999993},{"amount":2413.0,"safe_price":0.1305308008008008,"ft_order_side":"sell","order_filled_timestamp":1766505600000,"ft_is_entry":false,"ft_order_tag":"roi","cost":315.2857931546646}],"funding_fees":0.0,"weekday":1},{"pair":"DOGE/USDT","stake_amount":314.3376,"max_stake_amount":314.3376,"amount":2490.0,"open_date":"2025-12-25 12:00:00+00:00","close_date":"2025-12-25 14:00:00+00:00","open_rate":0.12624,"close_rate":0.12649273273273273,"fee_open":0.001,"fee_close":0.001,"trade_duration":120,"profit_ratio":0.0,"profit_abs":0.0,"exit_reason":"roi","initial_stop_loss_abs":0.11993,"initial_stop_loss_ratio":-0.05,"stop_loss_abs":0.11993,"stop_loss_ratio":-0.05,"min_rate":0.1259,"max_rate":0.1267,"is_open":false,"enter_tag":"","leverage":1.0,"is_short":false,"open_timestamp":1766664000000,"close_timestamp":1766671200000,"orders":[{"amount":2490.0,"safe_price":0.12624,"ft_order_side":"buy","order_filled_timestamp":1766664000000,"ft_is_entry":true,"ft_order_tag":"","cost":314.65193759999994},{"amount":2490.0,"safe_price":0.12649273273273273,"ft_order_side":"sell","order_filled_timestamp":1766671200000,"ft_is_entry":false,"ft_order_tag":"roi","cost":315.28187140900894}],"funding_fees":0.0,"weekday":3},{"pair":"DOGE/USDT","stake_amount":314.28219,"max_stake_amount":314.28219,"amount":2487.0,"open_date":"2025-12-25 15:00:00+00:00","close_date":"2025-12-25 17:00:00+00:00","open_rate":0.12637,"close_rate":0.12708,"fee_open":0.001,"fee_close":0.001,"trade_duration":120,"profit_ratio":0.0036091944772802574,"profit_abs":1.13543985,"exit_reason":"roi","initial_stop_loss_abs":0.12006,"initial_stop_loss_ratio":-0.05,"stop_loss_abs":0.12006,"stop_loss_ratio":-0.05,"min_rate":0.12622,"max_rate":0.12826,"is_open":false,"enter_tag":"","leverage":1.0,"is_short":false,"open_timestamp":1766674800000,"close_timestamp":1766682000000,"orders":[{"amount":2487.0,"safe_price":0.12637,"ft_order_side":"buy","order_filled_timestamp":1766674800000,"ft_is_entry":true,"ft_order_tag":"","cost":314.59647219},{"amount":2487.0,"safe_price":0.12708,"ft_order_side":"sell","order_filled_timestamp":1766682000000,"ft_is_entry":false,"ft_order_tag":"roi","cost":316.36400796}],"funding_fees":0.0,"weekday":3},{"pair":"DOGE/USDT","stake_amount":314.71824,"max_stake_amount":314.71824,"amount":2544.0,"open_date":"2025-12-26 01:00:00+00:00","close_date":"2025-12-26 03:00:00+00:00","open_rate":0.12371,"close_rate":0.12629,"fee_open":0.001,"fee_close":0.001,"trade_duration":120,"profit_ratio":0.018815555150532112,"profit_abs":5.92752,"exit_reason":"roi","initial_stop_loss_abs":0.11753,"initial_stop_loss_ratio":-0.05,"stop_loss_abs":0.11753,"stop_loss_ratio":-0.05,"min_rate":0.12358,"max_rate":0.12752,"is_open":false,"enter_tag":"","leverage":1.0,"is_short":false,"open_timestamp":1766710800000,"close_timestamp":1766718000000,"orders":[{"amount":2544.0,"safe_price":0.12371,"ft_order_side":"buy","order_filled_timestamp":1766710800000,"ft_is_entry":true,"ft_order_tag":"","cost":315.03295823999997},{"amount":2544.0,"safe_price":0.12629,"ft_order_side":"sell","order_filled_timestamp":1766718000000,"ft_is_entry":false,"ft_order_tag":"roi","cost":321.60304176}],"funding_fees":0.0,"weekday":4},{"pair":"DOGE/USDT","stake_amount":316.60289,"max_stake_amount":316.60289,"amount":2603.0,"open_date":"2025-12-26 18:00:00+00:00","close_date":"2025-12-26 20:00:00+00:00","open_rate":0.12163,"close_rate":0.12212,"fee_open":0.001,"fee_close":0.001,"trade_duration":120,"profit_ratio":0.0020225601907752693,"profit_abs":0.64098875,"exit_reason":"roi","initial_stop_loss_abs":0.11555,"initial_stop_loss_ratio":-0.05,"stop_loss_abs":0.11555,"stop_loss_ratio":-0.05,"min_rate":0.12156,"max_rate":0.12262,"is_open":false,"enter_tag":"","leverage":1.0,"is_short":false,"open_timestamp":1766772000000,"close_timestamp":1766779200000,"orders":[{"amount":2603.0,"safe_price":0.12163,"ft_order_side":"buy","order_filled_timestamp":1766772000000,"ft_is_entry":true,"ft_order_tag":"","cost":316.91949288999996},{"amount":2603.0,"safe_price":0.12212,"ft_order_side":"sell","order_filled_timestamp":1766779200000,"ft_is_entry":false,"ft_order_tag":"roi","cost":318.19623836}],"funding_fees":0.0,"weekday":4},{"pair":"DOGE/USDT","stake_amount":316.89952,"max_stake_amount":316.89952,"amount":2576.0,"open_date":"2025-12-31 01:00:00+00:00","close_date":"2025-12-31 03:00:00+00:00","open_rate":0.12302,"close_rate":0.12355,"fee_open":0.001,"fee_close":0.001,"trade_duration":120,"profit_ratio":0.0023016326869358898,"profit_abs":0.73011568,"exit_reason":"roi","initial_stop_loss_abs":0.11687,"initial_stop_loss_ratio":-0.05,"stop_loss_abs":0.11687,"stop_loss_ratio":-0.05,"min_rate":0.12293,"max_rate":0.12376,"is_open":false,"enter_tag":"","leverage":1.0,"is_short":false,"open_timestamp":1767142800000,"close_timestamp":1767150000000,"orders":[{"amount":2576.0,"safe_price":0.12302,"ft_order_side":"buy","order_filled_timestamp":1767142800000,"ft_is_entry":true,"ft_order_tag":"","cost":317.21641952},{"amount":2576.0,"safe_price":0.12355,"ft_order_side":"sell","order_filled_timestamp":1767150000000,"ft_is_entry":false,"ft_order_tag":"roi","cost":318.58306479999993}],"funding_fees":0.0,"weekday":2},{"pair":"DOGE/USDT","stake_amount":317.05305,"max_stake_amount":317.05305,"amount":2705.0,"open_date":"2025-12-31 19:00:00+00:00","close_date":"2025-12-31 21:00:00+00:00","open_rate":0.11721,"close_rate":0.11744465465465465,"fee_open":0.001,"fee_close":0.001,"trade_duration":120,"profit_ratio":0.0,"profit_abs":0.0,"exit_reason":"roi","initial_stop_loss_abs":0.11135,"initial_stop_loss_ratio":-0.05,"stop_loss_abs":0.11135,"stop_loss_ratio":-0.05,"min_rate":0.11612,"max_rate":0.11765,"is_open":false,"enter_tag":"","leverage":1.0,"is_short":false,"open_timestamp":1767207600000,"close_timestamp":1767214800000,"orders":[{"amount":2705.0,"safe_price":0.11721,"ft_order_side":"buy","order_filled_timestamp":1767207600000,"ft_is_entry":true,"ft_order_tag":"","cost":317.37010304999995},{"amount":2705.0,"safe_price":0.11744465465465465,"ft_order_side":"sell","order_filled_timestamp":1767214800000,"ft_is_entry":false,"ft_order_tag":"roi","cost":318.0054786316816}],"funding_fees":0.0,"weekday":2},{"pair":"DOGE/USDT","stake_amount":317.1325,"max_stake_amount":317.1325,"amount":2699.0,"open_date":"2025-12-31 22:00:00+00:00","close_date":"2026-01-01 00:00:00+00:00","open_rate":0.1175,"close_rate":0.11773523523523523,"fee_open":0.001,"fee_close":0.001,"trade_duration":120,"profit_ratio":0.0,"profit_abs":0.0,"exit_reason":"roi","initial_stop_loss_abs":0.11163,"initial_stop_loss_ratio":-0.05,"stop_loss_abs":0.11163,"stop_loss_ratio":-0.05,"min_rate":0.11707,"max_rate":0.11798,"is_open":false,"enter_tag":"","leverage":1.0,"is_short":false,"open_timestamp":1767218400000,"close_timestamp":1767225600000,"orders":[{"amount":2699.0,"safe_price":0.1175,"ft_order_side":"buy","order_filled_timestamp":1767218400000,"ft_is_entry":true,"ft_order_tag":"","cost":317.44963249999995},{"amount":2699.0,"safe_price":0.11773523523523523,"ft_order_side":"sell","order_filled_timestamp":1767225600000,"ft_is_entry":false,"ft_order_tag":"roi","cost":318.08516729979976}],"funding_fees":0.0,"weekday":3},{"pair":"DOGE/USDT","stake_amount":317.11377,"max_stake_amount":317.11377,"amount":2689.0,"open_date":"2026-01-01 01:00:00+00:00","close_date":"2026-01-01 03:00:00+00:00","open_rate":0.11793,"close_rate":0.11857,"fee_open":0.001,"fee_close":0.001,"trade_duration":120,"profit_ratio":0.0034181031382761223,"profit_abs":1.0850115,"exit_reason":"roi","initial_stop_loss_abs":0.11204,"initial_stop_loss_ratio":-0.05,"stop_loss_abs":0.11204,"stop_loss_ratio":-0.05,"min_rate":0.11792,"max_rate":0.1188,"is_open":false,"enter_tag":"","leverage":1.0,"is_short":false,"open_timestamp":1767229200000,"close_timestamp":1767236400000,"orders":[{"amount":2689.0,"safe_price":0.11793,"ft_order_side":"buy","order_filled_timestamp":1767229200000,"ft_is_entry":true,"ft_order_tag":"","cost":317.43088377},{"amount":2689.0,"safe_price":0.11857,"ft_order_side":"sell","order_filled_timestamp":1767236400000,"ft_is_entry":false,"ft_order_tag":"roi","cost":319.15356472999997}],"funding_fees":0.0,"weekday":3}],"locks":[],"best_pair":{"key":"DOGE/USDT","trades":65,"profit_mean":-0.0017351009853943575,"profit_mean_pct":-0.17,"profit_total_abs":-37.79880311,"profit_total":-0.03779880311,"profit_total_pct":-3.78,"duration_avg":"3:49:00","wins":27,"draws":31,"losses":7,"winrate":0.4153846153846154,"cagr":-0.13496943670006623,"expectancy":-0.5815200478461542,"expectancy_ratio":-0.5118555421325374,"sortino":-25.784943685608212,"sharpe":-1.2337919350108217,"calmar":-10.141966877489944,"sqn":-0.771,"profit_factor":0.6756271087692957,"max_drawdown_account":0.07340583079957214,"max_drawdown_abs":73.57930927999999},"worst_pair":{"key":"DOGE/USDT","trades":65,"profit_mean":-0.0017351009853943575,"profit_mean_pct":-0.17,"profit_total_abs":-37.79880311,"profit_total":-0.03779880311,"profit_total_pct":-3.78,"duration_avg":"3:49:00","wins":27,"draws":31,"losses":7,"winrate":0.4153846153846154,"cagr":-0.13496943670006623,"expectancy":-0.5815200478461542,"expectancy_ratio":-0.5118555421325374,"sortino":-25.784943685608212,"sharpe":-1.2337919350108217,"calmar":-10.141966877489944,"sqn":-0.771,"profit_factor":0.6756271087692957,"max_drawdown_account":0.07340583079957214,"max_drawdown_abs":73.57930927999999},"results_per_pair":[{"key":"DOGE/USDT","trades":65,"profit_mean":-0.0017351009853943575,"profit_mean_pct":-0.17,"profit_total_abs":-37.79880311,"profit_total":-0.03779880311,"profit_total_pct":-3.78,"duration_avg":"3:49:00","wins":27,"draws":31,"losses":7,"winrate":0.4153846153846154,"cagr":-0.13496943670006623,"expectancy":-0.5815200478461542,"expectancy_ratio":-0.5118555421325374,"sortino":-25.784943685608212,"sharpe":-1.2337919350108217,"calmar":-10.141966877489944,"sqn":-0.771,"profit_factor":0.6756271087692957,"max_drawdown_account":0.07340583079957214,"max_drawdown_abs":73.57930927999999},{"key":"TOTAL","trades":65,"profit_mean":-0.0017351009853943575,"profit_mean_pct":-0.17,"profit_total_abs":-37.79880311,"profit_total":-0.03779880311,"profit_total_pct":-3.78,"duration_avg":"3:49:00","wins":27,"draws":31,"losses":7,"winrate":0.4153846153846154,"cagr":-0.13496943670006623,"expectancy":-0.5815200478461542,"expectancy_ratio":-0.5118555421325374,"sortino":-25.784943685608212,"sharpe":-1.2337919350108217,"calmar":-10.141966877489944,"sqn":-0.771,"profit_factor":0.6756271087692957,"max_drawdown_account":0.07340583079957214,"max_drawdown_abs":73.57930927999999}],"results_per_enter_tag":[{"key":"","trades":65,"profit_mean":-0.0017351009853943575,"profit_mean_pct":-0.17,"profit_total_abs":-37.79880311,"profit_total":-0.03779880311,"profit_total_pct":-3.78,"duration_avg":"3:49:00","wins":27,"draws":31,"losses":7,"winrate":0.4153846153846154,"cagr":-0.13496943670006623,"expectancy":-0.5815200478461542,"expectancy_ratio":-0.5118555421325374,"sortino":-25.784943685608212,"sharpe":-1.2337919350108217,"calmar":-10.141966877489944,"sqn":-0.771,"profit_factor":0.6756271087692957,"max_drawdown_account":0.07340583079957214,"max_drawdown_abs":73.57930927999999},{"key":"TOTAL","trades":65,"profit_mean":-0.0017351009853943575,"profit_mean_pct":-0.17,"profit_total_abs":-37.79880311,"profit_total":-0.03779880311,"profit_total_pct":-3.78,"duration_avg":"3:49:00","wins":27,"draws":31,"losses":7,"winrate":0.4153846153846154,"cagr":-0.13496943670006623,"expectancy":-0.5815200478461542,"expectancy_ratio":-0.5118555421325374,"sortino":-25.784943685608212,"sharpe":-1.2337919350108217,"calmar":-10.141966877489944,"sqn":-0.771,"profit_factor":0.6756271087692957,"max_drawdown_account":0.07340583079957214,"max_drawdown_abs":73.57930927999999}],"exit_reason_summary":[{"key":"roi","trades":58,"profit_mean":0.0043157165955344055,"profit_mean_pct":0.43,"profit_total_abs":78.73005651999999,"profit_total":0.07873005652,"profit_total_pct":7.87,"duration_avg":"3:41:00","wins":27,"draws":31,"losses":0,"winrate":0.46551724137931033,"cagr":0.3299859626764805,"expectancy":1.3574147675862065,"expectancy_ratio":100.0,"sortino":-100,"sharpe":6.3920819489275384,"calmar":-100,"sqn":4.2245,"profit_factor":0.0,"max_drawdown_account":0.0,"max_drawdown_abs":0.0},{"key":"stop_loss","trades":7,"profit_mean":-0.051870446655946964,"profit_mean_pct":-5.19,"profit_total_abs":-116.52885963,"profit_total":-0.11652885963,"profit_total_pct":-11.65,"duration_avg":"4:51:00","wins":0,"draws":0,"losses":7,"winrate":0.0,"cagr":-0.3726238855389038,"expectancy":-16.646979947142857,"expectancy_ratio":-1.0,"sortino":-79.49167264803624,"sharpe":-79.49167264803624,"calmar":-19.69584863354929,"sqn":-141.2292,"profit_factor":0.0,"max_drawdown_account":0.11652885962999994,"max_drawdown_abs":116.52885963},{"key":"TOTAL","trades":65,"profit_mean":-0.0017351009853943575,"profit_mean_pct":-0.17,"profit_total_abs":-37.79880311,"profit_total":-0.03779880311,"profit_total_pct":-3.78,"duration_avg":"3:49:00","wins":27,"draws":31,"losses":7,"winrate":0.4153846153846154,"cagr":-0.13496943670006623,"expectancy":-0.5815200478461542,"expectancy_ratio":-0.5118555421325374,"sortino":-25.784943685608212,"sharpe":-1.2337919350108217,"calmar":-10.141966877489944,"sqn":-0.771,"profit_factor":0.6756271087692957,"max_drawdown_account":0.07340583079957214,"max_drawdown_abs":73.57930927999999}],"mix_tag_stats":[{"key":["","roi"],"trades":58,"profit_mean":0.0043157165955344055,"profit_mean_pct":0.43,"profit_total_abs":78.73005651999999,"profit_total":0.07873005652,"profit_total_pct":7.87,"duration_avg":"3:41:00","wins":27,"draws":31,"losses":0,"winrate":0.46551724137931033,"cagr":0.3299859626764805,"expectancy":1.3574147675862065,"expectancy_ratio":100.0,"sortino":-100,"sharpe":6.3920819489275384,"calmar":-100,"sqn":4.2245,"profit_factor":0.0,"max_drawdown_account":0.0,"max_drawdown_abs":0.0},{"key":["","stop_loss"],"trades":7,"profit_mean":-0.051870446655946964,"profit_mean_pct":-5.19,"profit_total_abs":-116.52885963,"profit_total":-0.11652885963,"profit_total_pct":-11.65,"duration_avg":"4:51:00","wins":0,"draws":0,"losses":7,"winrate":0.0,"cagr":-0.3726238855389038,"expectancy":-16.646979947142857,"expectancy_ratio":-1.0,"sortino":-79.49167264803624,"sharpe":-79.49167264803624,"calmar":-19.69584863354929,"sqn":-141.2292,"profit_factor":0.0,"max_drawdown_account":0.11652885962999994,"max_drawdown_abs":116.52885963},{"key":"TOTAL","trades":65,"profit_mean":-0.0017351009853943575,"profit_mean_pct":-0.17,"profit_total_abs":-37.79880311,"profit_total":-0.03779880311,"profit_total_pct":-3.78,"duration_avg":"3:49:00","wins":27,"draws":31,"losses":7,"winrate":0.4153846153846154,"cagr":-0.13496943670006623,"expectancy":-0.5815200478461542,"expectancy_ratio":-0.5118555421325374,"sortino":-25.784943685608212,"sharpe":-1.2337919350108217,"calmar":-10.141966877489944,"sqn":-0.771,"profit_factor":0.6756271087692957,"max_drawdown_account":0.07340583079957214,"max_drawdown_abs":73.57930927999999}],"left_open_trades":[{"key":"TOTAL","trades":0,"profit_mean":0.0,"profit_mean_pct":0.0,"profit_total_abs":0.0,"profit_total":0.0,"profit_total_pct":0.0,"duration_avg":"0:00","wins":0,"draws":0,"losses":0,"winrate":0.0,"cagr":0.0,"expectancy":0.0,"expectancy_ratio":100.0,"sortino":0,"sharpe":0,"calmar":0,"sqn":0.0,"profit_factor":0.0,"max_drawdown_account":0.0,"max_drawdown_abs":0.0}],"total_trades":65,"trade_count_long":65,"trade_count_short":0,"total_volume":41269.22707504193,"avg_stake_amount":317.112076,"profit_mean":-0.0017351009853943575,"profit_median":0.0,"profit_total":-0.03779880311,"profit_total_long":-0.03779880311,"profit_total_short":0.0,"profit_total_abs":-37.79880311,"profit_total_long_abs":-37.79880311,"profit_total_short_abs":0.0,"cagr":-0.13496943670006623,"expectancy":-0.5815200478461542,"expectancy_ratio":-0.5118555421325374,"sortino":-25.784943685608212,"sharpe":-1.2337919350108217,"calmar":-10.141966877489944,"sqn":-0.771,"profit_factor":0.6756271087692957,"backtest_start":"2025-10-01 00:00:00","backtest_start_ts":1759276800000,"backtest_end":"2026-01-06 20:00:00","backtest_end_ts":1767729600000,"backtest_days":97,"backtest_run_start_ts":1767740083,"backtest_run_end_ts":1767740084,"trades_per_day":0.67,"market_change":-0.36632086436227446,"pairlist":["DOGE/USDT"],"stake_amount":"unlimited","stake_currency":"USDT","stake_currency_decimals":3,"starting_balance":1000,"dry_run_wallet":1000,"final_balance":962.20119689,"rejected_signals":0,"timedout_entry_orders":0,"timedout_exit_orders":0,"canceled_trade_entries":0,"canceled_entry_orders":0,"replaced_entry_orders":0,"max_open_trades":1,"max_open_trades_setting":3,"timeframe":"1h","timeframe_detail":"","timerange":"20251001-","enable_protections":false,"strategy_name":"ACO_15_2","freqaimodel":null,"freqai_identifier":null,"stoploss":-0.05,"trailing_stop":false,"trailing_stop_positive":null,"trailing_stop_positive_offset":0.0,"trailing_only_offset_is_reached":false,"use_custom_stoploss":false,"minimal_roi":{"0":0.1,"60":0.05,"120":0.0},"use_exit_signal":true,"exit_profit_only":false,"exit_profit_offset":0.0,"ignore_roi_if_entry_signal":false,"trading_mode":"spot","margin_mode":"","periodic_breakdown":{"day":[{"date":"04/10/2025","date_ts":1759536000000,"profit_abs":0.0,"wins":0,"draws":1,"losses":0,"trades":1,"profit_factor":0.0},{"date":"05/10/2025","date_ts":1759622400000,"profit_abs":0.0,"wins":0,"draws":1,"losses":0,"trades":1,"profit_factor":0.0},{"date":"06/10/2025","date_ts":1759708800000,"profit_abs":2.3632793,"wins":1,"draws":1,"losses":0,"trades":2,"profit_factor":0.0},{"date":"07/10/2025","date_ts":1759795200000,"profit_abs":0.0,"wins":0,"draws":0,"losses":0,"trades":0,"profit_factor":0.0},{"date":"08/10/2025","date_ts":1759881600000,"profit_abs":0.0,"wins":0,"draws":1,"losses":0,"trades":1,"profit_factor":0.0},{"date":"09/10/2025","date_ts":1759968000000,"profit_abs":0.0,"wins":0,"draws":1,"losses":0,"trades":1,"profit_factor":0.0},{"date":"10/10/2025","date_ts":1760054400000,"profit_abs":-50.62812376,"wins":0,"draws":0,"losses":3,"trades":3,"profit_factor":0.0},{"date":"11/10/2025","date_ts":1760140800000,"profit_abs":0.0,"wins":0,"draws":0,"losses":0,"trades":0,"profit_factor":0.0},{"date":"12/10/2025","date_ts":1760227200000,"profit_abs":0.0,"wins":0,"draws":0,"losses":0,"trades":0,"profit_factor":0.0},{"date":"13/10/2025","date_ts":1760313600000,"profit_abs":0.0,"wins":0,"draws":0,"losses":0,"trades":0,"profit_factor":0.0},{"date":"14/10/2025","date_ts":1760400000000,"profit_abs":10.15272157,"wins":2,"draws":1,"losses":0,"trades":3,"profit_factor":0.0},{"date":"15/10/2025","date_ts":1760486400000,"profit_abs":0.0,"wins":0,"draws":0,"losses":0,"trades":0,"profit_factor":0.0},{"date":"16/10/2025","date_ts":1760572800000,"profit_abs":1.28778911,"wins":2,"draws":0,"losses":0,"trades":2,"profit_factor":0.0},{"date":"17/10/2025","date_ts":1760659200000,"profit_abs":0.0,"wins":0,"draws":1,"losses":0,"trades":1,"profit_factor":0.0},{"date":"18/10/2025","date_ts":1760745600000,"profit_abs":0.0,"wins":0,"draws":0,"losses":0,"trades":0,"profit_factor":0.0},{"date":"19/10/2025","date_ts":1760832000000,"profit_abs":0.0,"wins":0,"draws":0,"losses":0,"trades":0,"profit_factor":0.0},{"date":"20/10/2025","date_ts":1760918400000,"profit_abs":0.0,"wins":0,"draws":0,"losses":0,"trades":0,"profit_factor":0.0},{"date":"21/10/2025","date_ts":1761004800000,"profit_abs":0.5147205,"wins":1,"draws":0,"losses":0,"trades":1,"profit_factor":0.0},{"date":"22/10/2025","date_ts":1761091200000,"profit_abs":1.14064722,"wins":1,"draws":1,"losses":0,"trades":2,"profit_factor":0.0},{"date":"23/10/2025","date_ts":1761177600000,"profit_abs":0.0,"wins":0,"draws":0,"losses":0,"trades":0,"profit_factor":0.0},{"date":"24/10/2025","date_ts":1761264000000,"profit_abs":0.0,"wins":0,"draws":0,"losses":0,"trades":0,"profit_factor":0.0},{"date":"25/10/2025","date_ts":1761350400000,"profit_abs":0.0,"wins":0,"draws":0,"losses":0,"trades":0,"profit_factor":0.0},{"date":"26/10/2025","date_ts":1761436800000,"profit_abs":0.0,"wins":0,"draws":0,"losses":0,"trades":0,"profit_factor":0.0},{"date":"27/10/2025","date_ts":1761523200000,"profit_abs":0.0,"wins":0,"draws":0,"losses":0,"trades":0,"profit_factor":0.0},{"date":"28/10/2025","date_ts":1761609600000,"profit_abs":0.0,"wins":0,"draws":0,"losses":0,"trades":0,"profit_factor":0.0},{"date":"29/10/2025","date_ts":1761696000000,"profit_abs":0.0,"wins":0,"draws":0,"losses":0,"trades":0,"profit_factor":0.0},{"date":"30/10/2025","date_ts":1761782400000,"profit_abs":0.0,"wins":0,"draws":1,"losses":0,"trades":1,"profit_factor":0.0},{"date":"31/10/2025","date_ts":1761868800000,"profit_abs":0.0,"wins":0,"draws":0,"losses":0,"trades":0,"profit_factor":0.0},{"date":"01/11/2025","date_ts":1761955200000,"profit_abs":0.0,"wins":0,"draws":0,"losses":0,"trades":0,"profit_factor":0.0},{"date":"02/11/2025","date_ts":1762041600000,"profit_abs":0.0,"wins":0,"draws":0,"losses":0,"trades":0,"profit_factor":0.0},{"date":"03/11/2025","date_ts":1762128000000,"profit_abs":-9.00812282,"wins":1,"draws":0,"losses":1,"trades":2,"profit_factor":0.45477578},{"date":"04/11/2025","date_ts":1762214400000,"profit_abs":0.0,"wins":0,"draws":0,"losses":0,"trades":0,"profit_factor":0.0},{"date":"05/11/2025","date_ts":1762300800000,"profit_abs":0.0,"wins":0,"draws":0,"losses":0,"trades":0,"profit_factor":0.0},{"date":"06/11/2025","date_ts":1762387200000,"profit_abs":4.0958764,"wins":1,"draws":0,"losses":0,"trades":1,"profit_factor":0.0},{"date":"07/11/2025","date_ts":1762473600000,"profit_abs":0.0,"wins":0,"draws":0,"losses":0,"trades":0,"profit_factor":0.0},{"date":"08/11/2025","date_ts":1762560000000,"profit_abs":0.0,"wins":0,"draws":1,"losses":0,"trades":1,"profit_factor":0.0},{"date":"09/11/2025","date_ts":1762646400000,"profit_abs":0.0,"wins":0,"draws":1,"losses":0,"trades":1,"profit_factor":0.0},{"date":"10/11/2025","date_ts":1762732800000,"profit_abs":2.60989106,"wins":1,"draws":0,"losses":0,"trades":1,"profit_factor":0.0},{"date":"11/11/2025","date_ts":1762819200000,"profit_abs":0.0,"wins":0,"draws":0,"losses":0,"trades":0,"profit_factor":0.0},{"date":"12/11/2025","date_ts":1762905600000,"profit_abs":0.0,"wins":0,"draws":1,"losses":0,"trades":1,"profit_factor":0.0},{"date":"13/11/2025","date_ts":1762992000000,"profit_abs":0.0,"wins":0,"draws":1,"losses":0,"trades":1,"profit_factor":0.0},{"date":"14/11/2025","date_ts":1763078400000,"profit_abs":6.025188,"wins":2,"draws":1,"losses":0,"trades":3,"profit_factor":0.0},{"date":"15/11/2025","date_ts":1763164800000,"profit_abs":0.0,"wins":0,"draws":0,"losses":0,"trades":0,"profit_factor":0.0},{"date":"16/11/2025","date_ts":1763251200000,"profit_abs":0.2232552,"wins":1,"draws":0,"losses":0,"trades":1,"profit_factor":0.0},{"date":"17/11/2025","date_ts":1763337600000,"profit_abs":0.0,"wins":0,"draws":0,"losses":0,"trades":0,"profit_factor":0.0},{"date":"18/11/2025","date_ts":1763424000000,"profit_abs":0.0,"wins":0,"draws":3,"losses":0,"trades":3,"profit_factor":0.0},{"date":"19/11/2025","date_ts":1763510400000,"profit_abs":0.0,"wins":0,"draws":1,"losses":0,"trades":1,"profit_factor":0.0},{"date":"20/11/2025","date_ts":1763596800000,"profit_abs":6.65416377,"wins":1,"draws":0,"losses":0,"trades":1,"profit_factor":0.0},{"date":"21/11/2025","date_ts":1763683200000,"profit_abs":-14.79721713,"wins":1,"draws":1,"losses":1,"trades":3,"profit_factor":0.11444909},{"date":"22/11/2025","date_ts":1763769600000,"profit_abs":0.0,"wins":0,"draws":0,"losses":0,"trades":0,"profit_factor":0.0},{"date":"23/11/2025","date_ts":1763856000000,"profit_abs":0.0,"wins":0,"draws":0,"losses":0,"trades":0,"profit_factor":0.0},{"date":"24/11/2025","date_ts":1763942400000,"profit_abs":0.0,"wins":0,"draws":0,"losses":0,"trades":0,"profit_factor":0.0},{"date":"25/11/2025","date_ts":1764028800000,"profit_abs":0.0,"wins":0,"draws":0,"losses":0,"trades":0,"profit_factor":0.0},{"date":"26/11/2025","date_ts":1764115200000,"profit_abs":0.0,"wins":0,"draws":0,"losses":0,"trades":0,"profit_factor":0.0},{"date":"27/11/2025","date_ts":1764201600000,"profit_abs":0.0,"wins":0,"draws":0,"losses":0,"trades":0,"profit_factor":0.0},{"date":"28/11/2025","date_ts":1764288000000,"profit_abs":0.0,"wins":0,"draws":0,"losses":0,"trades":0,"profit_factor":0.0},{"date":"29/11/2025","date_ts":1764374400000,"profit_abs":0.81915144,"wins":1,"draws":0,"losses":0,"trades":1,"profit_factor":0.0},{"date":"30/11/2025","date_ts":1764460800000,"profit_abs":0.0,"wins":0,"draws":0,"losses":0,"trades":0,"profit_factor":0.0},{"date":"01/12/2025","date_ts":1764547200000,"profit_abs":-16.48045176,"wins":0,"draws":1,"losses":1,"trades":2,"profit_factor":0.0},{"date":"02/12/2025","date_ts":1764633600000,"profit_abs":0.0,"wins":0,"draws":0,"losses":0,"trades":0,"profit_factor":0.0},{"date":"03/12/2025","date_ts":1764720000000,"profit_abs":0.0,"wins":0,"draws":0,"losses":0,"trades":0,"profit_factor":0.0},{"date":"04/12/2025","date_ts":1764806400000,"profit_abs":0.0,"wins":0,"draws":0,"losses":0,"trades":0,"profit_factor":0.0},{"date":"05/12/2025","date_ts":1764892800000,"profit_abs":-16.18879808,"wins":0,"draws":1,"losses":1,"trades":2,"profit_factor":0.0},{"date":"06/12/2025","date_ts":1764979200000,"profit_abs":0.97090584,"wins":1,"draws":0,"losses":0,"trades":1,"profit_factor":0.0},{"date":"07/12/2025","date_ts":1765065600000,"profit_abs":8.6614801,"wins":1,"draws":0,"losses":0,"trades":1,"profit_factor":0.0},{"date":"08/12/2025","date_ts":1765152000000,"profit_abs":0.0,"wins":0,"draws":0,"losses":0,"trades":0,"profit_factor":0.0},{"date":"09/12/2025","date_ts":1765238400000,"profit_abs":0.0,"wins":0,"draws":1,"losses":0,"trades":1,"profit_factor":0.0},{"date":"10/12/2025","date_ts":1765324800000,"profit_abs":0.0,"wins":0,"draws":0,"losses":0,"trades":0,"profit_factor":0.0},{"date":"11/12/2025","date_ts":1765411200000,"profit_abs":0.0,"wins":0,"draws":1,"losses":0,"trades":1,"profit_factor":0.0},{"date":"12/12/2025","date_ts":1765497600000,"profit_abs":0.0,"wins":0,"draws":0,"losses":0,"trades":0,"profit_factor":0.0},{"date":"13/12/2025","date_ts":1765584000000,"profit_abs":0.0,"wins":0,"draws":0,"losses":0,"trades":0,"profit_factor":0.0},{"date":"14/12/2025","date_ts":1765670400000,"profit_abs":0.0,"wins":0,"draws":0,"losses":0,"trades":0,"profit_factor":0.0},{"date":"15/12/2025","date_ts":1765756800000,"profit_abs":3.30918692,"wins":2,"draws":1,"losses":0,"trades":3,"profit_factor":0.0},{"date":"16/12/2025","date_ts":1765843200000,"profit_abs":0.0,"wins":0,"draws":1,"losses":0,"trades":1,"profit_factor":0.0},{"date":"17/12/2025","date_ts":1765929600000,"profit_abs":9.70403819,"wins":1,"draws":1,"losses":0,"trades":2,"profit_factor":0.0},{"date":"18/12/2025","date_ts":1766016000000,"profit_abs":0.0,"wins":0,"draws":1,"losses":0,"trades":1,"profit_factor":0.0},{"date":"19/12/2025","date_ts":1766102400000,"profit_abs":0.0,"wins":0,"draws":0,"losses":0,"trades":0,"profit_factor":0.0},{"date":"20/12/2025","date_ts":1766188800000,"profit_abs":0.0,"wins":0,"draws":0,"losses":0,"trades":0,"profit_factor":0.0},{"date":"21/12/2025","date_ts":1766275200000,"profit_abs":0.0,"wins":0,"draws":0,"losses":0,"trades":0,"profit_factor":0.0},{"date":"22/12/2025","date_ts":1766361600000,"profit_abs":0.0,"wins":0,"draws":0,"losses":0,"trades":0,"profit_factor":0.0},{"date":"23/12/2025","date_ts":1766448000000,"profit_abs":1.25254004,"wins":1,"draws":1,"losses":0,"trades":2,"profit_factor":0.0},{"date":"24/12/2025","date_ts":1766534400000,"profit_abs":0.0,"wins":0,"draws":0,"losses":0,"trades":0,"profit_factor":0.0},{"date":"25/12/2025","date_ts":1766620800000,"profit_abs":1.13543985,"wins":1,"draws":1,"losses":0,"trades":2,"profit_factor":0.0},{"date":"26/12/2025","date_ts":1766707200000,"profit_abs":6.56850875,"wins":2,"draws":0,"losses":0,"trades":2,"profit_factor":0.0},{"date":"27/12/2025","date_ts":1766793600000,"profit_abs":0.0,"wins":0,"draws":0,"losses":0,"trades":0,"profit_factor":0.0},{"date":"28/12/2025","date_ts":1766880000000,"profit_abs":0.0,"wins":0,"draws":0,"losses":0,"trades":0,"profit_factor":0.0},{"date":"29/12/2025","date_ts":1766966400000,"profit_abs":0.0,"wins":0,"draws":0,"losses":0,"trades":0,"profit_factor":0.0},{"date":"30/12/2025","date_ts":1767052800000,"profit_abs":0.0,"wins":0,"draws":0,"losses":0,"trades":0,"profit_factor":0.0},{"date":"31/12/2025","date_ts":1767139200000,"profit_abs":0.73011568,"wins":1,"draws":1,"losses":0,"trades":2,"profit_factor":0.0},{"date":"01/01/2026","date_ts":1767225600000,"profit_abs":1.0850115,"wins":1,"draws":1,"losses":0,"trades":2,"profit_factor":0.0}],"week":[{"date":"06/10/2025","date_ts":1759708800000,"profit_abs":2.3632793,"wins":1,"draws":3,"losses":0,"trades":4,"profit_factor":0.0},{"date":"13/10/2025","date_ts":1760313600000,"profit_abs":-50.62812376,"wins":0,"draws":2,"losses":3,"trades":5,"profit_factor":0.0},{"date":"20/10/2025","date_ts":1760918400000,"profit_abs":11.44051068,"wins":4,"draws":2,"losses":0,"trades":6,"profit_factor":0.0},{"date":"27/10/2025","date_ts":1761523200000,"profit_abs":1.65536772,"wins":2,"draws":1,"losses":0,"trades":3,"profit_factor":0.0},{"date":"03/11/2025","date_ts":1762128000000,"profit_abs":-9.00812282,"wins":1,"draws":1,"losses":1,"trades":3,"profit_factor":0.45477578},{"date":"10/11/2025","date_ts":1762732800000,"profit_abs":6.70576746,"wins":2,"draws":2,"losses":0,"trades":4,"profit_factor":0.0},{"date":"17/11/2025","date_ts":1763337600000,"profit_abs":6.2484432,"wins":3,"draws":3,"losses":0,"trades":6,"profit_factor":0.0},{"date":"24/11/2025","date_ts":1763942400000,"profit_abs":-8.14305336,"wins":2,"draws":5,"losses":1,"trades":8,"profit_factor":0.51267267},{"date":"01/12/2025","date_ts":1764547200000,"profit_abs":-15.66130032,"wins":1,"draws":1,"losses":1,"trades":3,"profit_factor":0.04970443},{"date":"08/12/2025","date_ts":1765152000000,"profit_abs":-6.55641214,"wins":2,"draws":1,"losses":1,"trades":4,"profit_factor":0.59500316},{"date":"15/12/2025","date_ts":1765756800000,"profit_abs":3.30918692,"wins":2,"draws":3,"losses":0,"trades":5,"profit_factor":0.0},{"date":"22/12/2025","date_ts":1766361600000,"profit_abs":9.70403819,"wins":1,"draws":3,"losses":0,"trades":4,"profit_factor":0.0},{"date":"29/12/2025","date_ts":1766966400000,"profit_abs":8.95648864,"wins":4,"draws":2,"losses":0,"trades":6,"profit_factor":0.0},{"date":"05/01/2026","date_ts":1767571200000,"profit_abs":1.81512718,"wins":2,"draws":2,"losses":0,"trades":4,"profit_factor":0.0}],"month":[{"date":"31/10/2025","date_ts":1761868800000,"profit_abs":-35.16896606,"wins":7,"draws":9,"losses":3,"trades":19,"profit_factor":0.30534724},{"date":"30/11/2025","date_ts":1764460800000,"profit_abs":-3.37781408,"wins":9,"draws":10,"losses":2,"trades":21,"profit_factor":0.89835501},{"date":"31/12/2025","date_ts":1767139200000,"profit_abs":-0.33703447,"wins":10,"draws":11,"losses":2,"trades":23,"profit_factor":0.98968343},{"date":"31/01/2026","date_ts":1769817600000,"profit_abs":1.0850115,"wins":1,"draws":1,"losses":0,"trades":2,"profit_factor":0.0}],"year":[{"date":"31/12/2025","date_ts":1767139200000,"profit_abs":-38.88381461,"wins":26,"draws":30,"losses":7,"trades":63,"profit_factor":0.66631601},{"date":"31/12/2026","date_ts":1798675200000,"profit_abs":1.0850115,"wins":1,"draws":1,"losses":0,"trades":2,"profit_factor":0.0}],"weekday":[{"date":"Monday","date_ts":0,"profit_abs":-17.2062173,"wins":5,"draws":3,"losses":2,"trades":10,"profit_factor":0.47863613},{"date":"Tuesday","date_ts":1,"profit_abs":11.91998211,"wins":4,"draws":7,"losses":0,"trades":11,"profit_factor":0.0},{"date":"Wednesday","date_ts":2,"profit_abs":11.57480109,"wins":3,"draws":6,"losses":0,"trades":9,"profit_factor":0.0},{"date":"Thursday","date_ts":3,"profit_abs":14.25828063,"wins":6,"draws":7,"losses":0,"trades":13,"profit_factor":0.0},{"date":"Friday","date_ts":4,"profit_abs":-69.02044222,"wins":5,"draws":4,"losses":5,"trades":14,"profit_factor":0.17367052},{"date":"Saturday","date_ts":5,"profit_abs":1.79005728,"wins":2,"draws":2,"losses":0,"trades":4,"profit_factor":0.0},{"date":"Sunday","date_ts":6,"profit_abs":8.8847353,"wins":2,"draws":2,"losses":0,"trades":4,"profit_factor":0.0}]},"backtest_best_day":0.032247446570950376,"backtest_worst_day":-0.15561737106063894,"backtest_best_day_abs":10.15272157,"backtest_worst_day_abs":-50.62812376,"winning_days":20,"draw_days":65,"losing_days":5,"daily_profit":[["2025-10-04",0.0],["2025-10-05",0.0],["2025-10-06",2.3632793],["2025-10-07",0.0],["2025-10-08",0.0],["2025-10-09",0.0],["2025-10-10",-50.62812376],["2025-10-11",0.0],["2025-10-12",0.0],["2025-10-13",0.0],["2025-10-14",10.15272157],["2025-10-15",0.0],["2025-10-16",1.28778911],["2025-10-17",0.0],["2025-10-18",0.0],["2025-10-19",0.0],["2025-10-20",0.0],["2025-10-21",0.5147205],["2025-10-22",1.14064722],["2025-10-23",0.0],["2025-10-24",0.0],["2025-10-25",0.0],["2025-10-26",0.0],["2025-10-27",0.0],["2025-10-28",0.0],["2025-10-29",0.0],["2025-10-30",0.0],["2025-10-31",0.0],["2025-11-01",0.0],["2025-11-02",0.0],["2025-11-03",-9.00812282],["2025-11-04",0.0],["2025-11-05",0.0],["2025-11-06",4.0958764],["2025-11-07",0.0],["2025-11-08",0.0],["2025-11-09",0.0],["2025-11-10",2.60989106],["2025-11-11",0.0],["2025-11-12",0.0],["2025-11-13",0.0],["2025-11-14",6.025188],["2025-11-15",0.0],["2025-11-16",0.2232552],["2025-11-17",0.0],["2025-11-18",0.0],["2025-11-19",0.0],["2025-11-20",6.65416377],["2025-11-21",-14.79721713],["2025-11-22",0.0],["2025-11-23",0.0],["2025-11-24",0.0],["2025-11-25",0.0],["2025-11-26",0.0],["2025-11-27",0.0],["2025-11-28",0.0],["2025-11-29",0.81915144],["2025-11-30",0.0],["2025-12-01",-16.48045176],["2025-12-02",0.0],["2025-12-03",0.0],["2025-12-04",0.0],["2025-12-05",-16.18879808],["2025-12-06",0.97090584],["2025-12-07",8.6614801],["2025-12-08",0.0],["2025-12-09",0.0],["2025-12-10",0.0],["2025-12-11",0.0],["2025-12-12",0.0],["2025-12-13",0.0],["2025-12-14",0.0],["2025-12-15",3.30918692],["2025-12-16",0.0],["2025-12-17",9.70403819],["2025-12-18",0.0],["2025-12-19",0.0],["2025-12-20",0.0],["2025-12-21",0.0],["2025-12-22",0.0],["2025-12-23",1.25254004],["2025-12-24",0.0],["2025-12-25",1.13543985],["2025-12-26",6.56850875],["2025-12-27",0.0],["2025-12-28",0.0],["2025-12-29",0.0],["2025-12-30",0.0],["2025-12-31",0.73011568],["2026-01-01",1.0850115]],"wins":27,"losses":7,"draws":31,"winrate":0.4153846153846154,"holding_avg":"3:49:00","holding_avg_s":13740.0,"winner_holding_min":"0d 02:00","winner_holding_min_s":7200.0,"winner_holding_max":"0d 02:00","winner_holding_max_s":7200.0,"winner_holding_avg":"0d 02:00","winner_holding_avg_s":7200.0,"loser_holding_min":"0d 00:00","loser_holding_min_s":0.0,"loser_holding_max":"0d 13:00","loser_holding_max_s":46800.0,"loser_holding_avg":"0d 04:51","loser_holding_avg_s":17460.0,"max_consecutive_wins":4,"max_consecutive_losses":5,"max_drawdown_account":0.07340583079957214,"max_relative_drawdown":0.07340583079957214,"max_drawdown_abs":73.57930927999999,"drawdown_start":"2025-10-06 03:00:00","drawdown_start_ts":1759719600000.0,"drawdown_end":"2025-12-05 19:00:00","drawdown_end_ts":1764961200000.0,"drawdown_duration":"60 days 16:00:00","drawdown_duration_s":5241600.0,"max_drawdown_low":-71.21602997999999,"max_drawdown_high":2.3632793,"csum_min":928.78397002,"csum_max":1002.3632793}},"strategy_comparison":[{"key":"ACO_15_2","trades":65,"profit_mean":-0.0017351009853943575,"profit_mean_pct":-0.17,"profit_total_abs":-37.79880311,"profit_total":-0.03779880311,"profit_total_pct":-3.78,"duration_avg":"3:49:00","wins":27,"draws":31,"losses":7,"winrate":0.4153846153846154,"cagr":-0.13496943670006623,"expectancy":-0.5815200478461542,"expectancy_ratio":-0.5118555421325374,"sortino":-25.784943685608212,"sharpe":-1.2337919350108217,"calmar":-10.141966877489944,"sqn":-0.771,"profit_factor":0.6756271087692957,"max_drawdown_account":0.07340583079957214,"max_drawdown_abs":"73.579"}]}