{"strategy":{"ACO_25_24":{"trades":[{"pair":"DOGE/USDT","stake_amount":329.87736,"max_stake_amount":329.87736,"amount":1704.0,"open_date":"2025-10-11 18:00:00+00:00","close_date":"2025-10-11 19:00:00+00:00","open_rate":0.19359,"close_rate":0.18392,"fee_open":0.001,"fee_close":0.001,"trade_duration":60,"profit_ratio":-0.051849127162934695,"profit_abs":-17.12095704,"exit_reason":"stop_loss","initial_stop_loss_abs":0.18392,"initial_stop_loss_ratio":-0.05,"stop_loss_abs":0.18392,"stop_loss_ratio":-0.05,"min_rate":0.18286,"max_rate":0.19359,"is_open":false,"enter_tag":"","leverage":1.0,"is_short":false,"open_timestamp":1760205600000,"close_timestamp":1760209200000,"orders":[{"amount":1704.0,"safe_price":0.19359,"ft_order_side":"buy","order_filled_timestamp":1760205600000,"ft_is_entry":true,"ft_order_tag":"","cost":330.20723735999997},{"amount":1704.0,"safe_price":0.18392,"ft_order_side":"sell","order_filled_timestamp":1760209200000,"ft_is_entry":false,"ft_order_tag":"stop_loss","cost":313.71307967999996}],"funding_fees":0.0,"weekday":5},{"pair":"DOGE/USDT","stake_amount":324.21942,"max_stake_amount":324.21942,"amount":1653.0,"open_date":"2025-10-12 15:00:00+00:00","close_date":"2025-10-12 16:00:00+00:00","open_rate":0.19614,"close_rate":0.2063494894894895,"fee_open":0.001,"fee_close":0.001,"trade_duration":60,"profit_ratio":0.04995004995004996,"profit_abs":16.210971,"exit_reason":"roi","initial_stop_loss_abs":0.18634,"initial_stop_loss_ratio":-0.05,"stop_loss_abs":0.18634,"stop_loss_ratio":-0.05,"min_rate":0.19562,"max_rate":0.2095,"is_open":false,"enter_tag":"","leverage":1.0,"is_short":false,"open_timestamp":1760281200000,"close_timestamp":1760284800000,"orders":[{"amount":1653.0,"safe_price":0.19614,"ft_order_side":"buy","order_filled_timestamp":1760281200000,"ft_is_entry":true,"ft_order_tag":"","cost":324.54363942},{"amount":1653.0,"safe_price":0.2063494894894895,"ft_order_side":"sell","order_filled_timestamp":1760284800000,"ft_is_entry":false,"ft_order_tag":"roi","cost":341.4368018322523}],"funding_fees":0.0,"weekday":6},{"pair":"DOGE/USDT","stake_amount":329.5344,"max_stake_amount":329.5344,"amount":1560.0,"open_date":"2025-10-13 14:00:00+00:00","close_date":"2025-10-13 16:00:00+00:00","open_rate":0.21124,"close_rate":0.21166290290290288,"fee_open":0.001,"fee_close":0.001,"trade_duration":120,"profit_ratio":0.0,"profit_abs":0.0,"exit_reason":"roi","initial_stop_loss_abs":0.20068,"initial_stop_loss_ratio":-0.05,"stop_loss_abs":0.20068,"stop_loss_ratio":-0.05,"min_rate":0.20517,"max_rate":0.21192,"is_open":false,"enter_tag":"","leverage":1.0,"is_short":false,"open_timestamp":1760364000000,"close_timestamp":1760371200000,"orders":[{"amount":1560.0,"safe_price":0.21124,"ft_order_side":"buy","order_filled_timestamp":1760364000000,"ft_is_entry":true,"ft_order_tag":"","cost":329.86393439999995},{"amount":1560.0,"safe_price":0.21166290290290288,"ft_order_side":"sell","order_filled_timestamp":1760371200000,"ft_is_entry":false,"ft_order_tag":"roi","cost":330.524322657057}],"funding_fees":0.0,"weekday":0},{"pair":"DOGE/USDT","stake_amount":329.6832,"max_stake_amount":329.6832,"amount":1540.0,"open_date":"2025-10-13 18:00:00+00:00","close_date":"2025-10-13 20:00:00+00:00","open_rate":0.21408,"close_rate":0.216,"fee_open":0.001,"fee_close":0.001,"trade_duration":120,"profit_ratio":0.006952688567038344,"profit_abs":2.2944768,"exit_reason":"roi","initial_stop_loss_abs":0.20338,"initial_stop_loss_ratio":-0.05,"stop_loss_abs":0.20338,"stop_loss_ratio":-0.05,"min_rate":0.21234,"max_rate":0.21823,"is_open":false,"enter_tag":"","leverage":1.0,"is_short":false,"open_timestamp":1760378400000,"close_timestamp":1760385600000,"orders":[{"amount":1540.0,"safe_price":0.21408,"ft_order_side":"buy","order_filled_timestamp":1760378400000,"ft_is_entry":true,"ft_order_tag":"","cost":330.0128832},{"amount":1540.0,"safe_price":0.216,"ft_order_side":"sell","order_filled_timestamp":1760385600000,"ft_is_entry":false,"ft_order_tag":"roi","cost":332.97263999999996}],"funding_fees":0.0,"weekday":0},{"pair":"DOGE/USDT","stake_amount":330.42171,"max_stake_amount":330.42171,"amount":1619.0,"open_date":"2025-10-15 02:00:00+00:00","close_date":"2025-10-15 05:00:00+00:00","open_rate":0.20409,"close_rate":0.20449858858858858,"fee_open":0.001,"fee_close":0.001,"trade_duration":180,"profit_ratio":0.0,"profit_abs":0.0,"exit_reason":"roi","initial_stop_loss_abs":0.19389,"initial_stop_loss_ratio":-0.05,"stop_loss_abs":0.19389,"stop_loss_ratio":-0.05,"min_rate":0.2015,"max_rate":0.20682,"is_open":false,"enter_tag":"","leverage":1.0,"is_short":false,"open_timestamp":1760493600000,"close_timestamp":1760504400000,"orders":[{"amount":1619.0,"safe_price":0.20409,"ft_order_side":"buy","order_filled_timestamp":1760493600000,"ft_is_entry":true,"ft_order_tag":"","cost":330.7521317099999},{"amount":1619.0,"safe_price":0.20449858858858858,"ft_order_side":"sell","order_filled_timestamp":1760504400000,"ft_is_entry":false,"ft_order_tag":"roi","cost":331.4142981398498}],"funding_fees":0.0,"weekday":2},{"pair":"DOGE/USDT","stake_amount":330.36066,"max_stake_amount":330.36066,"amount":1649.0,"open_date":"2025-10-16 12:00:00+00:00","close_date":"2025-10-16 15:00:00+00:00","open_rate":0.20034,"close_rate":0.19033,"fee_open":0.001,"fee_close":0.001,"trade_duration":180,"profit_ratio":-0.051863231108514124,"profit_abs":-17.15070483,"exit_reason":"stop_loss","initial_stop_loss_abs":0.19033,"initial_stop_loss_ratio":-0.05,"stop_loss_abs":0.19033,"stop_loss_ratio":-0.05,"min_rate":0.18784,"max_rate":0.2015,"is_open":false,"enter_tag":"","leverage":1.0,"is_short":false,"open_timestamp":1760616000000,"close_timestamp":1760626800000,"orders":[{"amount":1649.0,"safe_price":0.20034,"ft_order_side":"buy","order_filled_timestamp":1760616000000,"ft_is_entry":true,"ft_order_tag":"","cost":330.69102065999994},{"amount":1649.0,"safe_price":0.19033,"ft_order_side":"sell","order_filled_timestamp":1760626800000,"ft_is_entry":false,"ft_order_tag":"stop_loss","cost":314.16802416999997}],"funding_fees":0.0,"weekday":3},{"pair":"DOGE/USDT","stake_amount":324.77346,"max_stake_amount":324.77346,"amount":1746.0,"open_date":"2025-10-18 03:00:00+00:00","close_date":"2025-10-18 05:00:00+00:00","open_rate":0.18601,"close_rate":0.18638239239239238,"fee_open":0.001,"fee_close":0.001,"trade_duration":120,"profit_ratio":0.0,"profit_abs":0.0,"exit_reason":"roi","initial_stop_loss_abs":0.17671,"initial_stop_loss_ratio":-0.05,"stop_loss_abs":0.17671,"stop_loss_ratio":-0.05,"min_rate":0.18505,"max_rate":0.18745,"is_open":false,"enter_tag":"","leverage":1.0,"is_short":false,"open_timestamp":1760756400000,"close_timestamp":1760763600000,"orders":[{"amount":1746.0,"safe_price":0.18601,"ft_order_side":"buy","order_filled_timestamp":1760756400000,"ft_is_entry":true,"ft_order_tag":"","cost":325.09823345999996},{"amount":1746.0,"safe_price":0.18638239239239238,"ft_order_side":"sell","order_filled_timestamp":1760763600000,"ft_is_entry":false,"ft_order_tag":"roi","cost":325.7490807742342}],"funding_fees":0.0,"weekday":5},{"pair":"DOGE/USDT","stake_amount":324.7769,"max_stake_amount":324.7769,"amount":1678.0,"open_date":"2025-10-22 01:00:00+00:00","close_date":"2025-10-22 03:00:00+00:00","open_rate":0.19355,"close_rate":0.19432,"fee_open":0.001,"fee_close":0.001,"trade_duration":120,"profit_ratio":0.0019723495311198746,"profit_abs":0.64121414,"exit_reason":"roi","initial_stop_loss_abs":0.18388,"initial_stop_loss_ratio":-0.05,"stop_loss_abs":0.18388,"stop_loss_ratio":-0.05,"min_rate":0.19263,"max_rate":0.19519,"is_open":false,"enter_tag":"","leverage":1.0,"is_short":false,"open_timestamp":1761094800000,"close_timestamp":1761102000000,"orders":[{"amount":1678.0,"safe_price":0.19355,"ft_order_side":"buy","order_filled_timestamp":1761094800000,"ft_is_entry":true,"ft_order_tag":"","cost":325.1016769},{"amount":1678.0,"safe_price":0.19432,"ft_order_side":"sell","order_filled_timestamp":1761102000000,"ft_is_entry":false,"ft_order_tag":"roi","cost":326.39502896}],"funding_fees":0.0,"weekday":2},{"pair":"DOGE/USDT","stake_amount":324.93344,"max_stake_amount":324.93344,"amount":1976.0,"open_date":"2025-11-05 04:00:00+00:00","close_date":"2025-11-05 06:00:00+00:00","open_rate":0.16444,"close_rate":0.16498,"fee_open":0.001,"fee_close":0.001,"trade_duration":120,"profit_ratio":0.0012793093552032982,"profit_abs":0.41610608,"exit_reason":"roi","initial_stop_loss_abs":0.15622,"initial_stop_loss_ratio":-0.05,"stop_loss_abs":0.15622,"stop_loss_ratio":-0.05,"min_rate":0.16363,"max_rate":0.16619,"is_open":false,"enter_tag":"","leverage":1.0,"is_short":false,"open_timestamp":1762315200000,"close_timestamp":1762322400000,"orders":[{"amount":1976.0,"safe_price":0.16444,"ft_order_side":"buy","order_filled_timestamp":1762315200000,"ft_is_entry":true,"ft_order_tag":"","cost":325.25837343999996},{"amount":1976.0,"safe_price":0.16498,"ft_order_side":"sell","order_filled_timestamp":1762322400000,"ft_is_entry":false,"ft_order_tag":"roi","cost":326.32648047999993}],"funding_fees":0.0,"weekday":2},{"pair":"DOGE/USDT","stake_amount":325.11742,"max_stake_amount":325.11742,"amount":1966.0,"open_date":"2025-11-05 07:00:00+00:00","close_date":"2025-11-05 13:00:00+00:00","open_rate":0.16537,"close_rate":0.16570107107107104,"fee_open":0.001,"fee_close":0.001,"trade_duration":360,"profit_ratio":0.0,"profit_abs":0.0,"exit_reason":"roi","initial_stop_loss_abs":0.15711,"initial_stop_loss_ratio":-0.05,"stop_loss_abs":0.15711,"stop_loss_ratio":-0.05,"min_rate":0.161,"max_rate":0.16617,"is_open":false,"enter_tag":"","leverage":1.0,"is_short":false,"open_timestamp":1762326000000,"close_timestamp":1762347600000,"orders":[{"amount":1966.0,"safe_price":0.16537,"ft_order_side":"buy","order_filled_timestamp":1762326000000,"ft_is_entry":true,"ft_order_tag":"","cost":325.44253741999995},{"amount":1966.0,"safe_price":0.16570107107107104,"ft_order_side":"sell","order_filled_timestamp":1762347600000,"ft_is_entry":false,"ft_order_tag":"roi","cost":326.0940740314514}],"funding_fees":0.0,"weekday":2},{"pair":"DOGE/USDT","stake_amount":325.08438,"max_stake_amount":325.08438,"amount":1777.0,"open_date":"2025-11-11 03:00:00+00:00","close_date":"2025-11-11 19:00:00+00:00","open_rate":0.18294,"close_rate":0.1738,"fee_open":0.001,"fee_close":0.001,"trade_duration":960,"profit_ratio":-0.05185991443780884,"profit_abs":-16.87570698,"exit_reason":"stop_loss","initial_stop_loss_abs":0.1738,"initial_stop_loss_ratio":-0.05,"stop_loss_abs":0.1738,"stop_loss_ratio":-0.05,"min_rate":0.17344,"max_rate":0.18394,"is_open":false,"enter_tag":"","leverage":1.0,"is_short":false,"open_timestamp":1762830000000,"close_timestamp":1762887600000,"orders":[{"amount":1777.0,"safe_price":0.18294,"ft_order_side":"buy","order_filled_timestamp":1762830000000,"ft_is_entry":true,"ft_order_tag":"","cost":325.40946438},{"amount":1777.0,"safe_price":0.1738,"ft_order_side":"sell","order_filled_timestamp":1762887600000,"ft_is_entry":false,"ft_order_tag":"stop_loss","cost":309.1514426}],"funding_fees":0.0,"weekday":1},{"pair":"DOGE/USDT","stake_amount":319.57056,"max_stake_amount":319.57056,"amount":1962.0,"open_date":"2025-11-14 16:00:00+00:00","close_date":"2025-11-14 18:00:00+00:00","open_rate":0.16288,"close_rate":0.16320608608608606,"fee_open":0.001,"fee_close":0.001,"trade_duration":120,"profit_ratio":0.0,"profit_abs":0.0,"exit_reason":"roi","initial_stop_loss_abs":0.15474,"initial_stop_loss_ratio":-0.05,"stop_loss_abs":0.15474,"stop_loss_ratio":-0.05,"min_rate":0.1609,"max_rate":0.16477,"is_open":false,"enter_tag":"","leverage":1.0,"is_short":false,"open_timestamp":1763136000000,"close_timestamp":1763143200000,"orders":[{"amount":1962.0,"safe_price":0.16288,"ft_order_side":"buy","order_filled_timestamp":1763136000000,"ft_is_entry":true,"ft_order_tag":"","cost":319.89013056},{"amount":1962.0,"safe_price":0.16320608608608606,"ft_order_side":"sell","order_filled_timestamp":1763143200000,"ft_is_entry":false,"ft_order_tag":"roi","cost":320.53055124180173}],"funding_fees":0.0,"weekday":4},{"pair":"DOGE/USDT","stake_amount":319.51939,"max_stake_amount":319.51939,"amount":1957.0,"open_date":"2025-11-15 06:00:00+00:00","close_date":"2025-11-15 13:00:00+00:00","open_rate":0.16327,"close_rate":0.16359686686686686,"fee_open":0.001,"fee_close":0.001,"trade_duration":420,"profit_ratio":0.0,"profit_abs":0.0,"exit_reason":"roi","initial_stop_loss_abs":0.15511,"initial_stop_loss_ratio":-0.05,"stop_loss_abs":0.15511,"stop_loss_ratio":-0.05,"min_rate":0.16077,"max_rate":0.1642,"is_open":false,"enter_tag":"","leverage":1.0,"is_short":false,"open_timestamp":1763186400000,"close_timestamp":1763211600000,"orders":[{"amount":1957.0,"safe_price":0.16327,"ft_order_side":"buy","order_filled_timestamp":1763186400000,"ft_is_entry":true,"ft_order_tag":"","cost":319.83890938999997},{"amount":1957.0,"safe_price":0.16359686686686686,"ft_order_side":"sell","order_filled_timestamp":1763211600000,"ft_is_entry":false,"ft_order_tag":"roi","cost":320.4792275269169}],"funding_fees":0.0,"weekday":5},{"pair":"DOGE/USDT","stake_amount":319.55988,"max_stake_amount":319.55988,"amount":2298.0,"open_date":"2025-11-22 07:00:00+00:00","close_date":"2025-11-22 09:00:00+00:00","open_rate":0.13906,"close_rate":0.13933839839839837,"fee_open":0.001,"fee_close":0.001,"trade_duration":120,"profit_ratio":0.0,"profit_abs":0.0,"exit_reason":"roi","initial_stop_loss_abs":0.13211,"initial_stop_loss_ratio":-0.05,"stop_loss_abs":0.13211,"stop_loss_ratio":-0.05,"min_rate":0.13549,"max_rate":0.14016,"is_open":false,"enter_tag":"","leverage":1.0,"is_short":false,"open_timestamp":1763794800000,"close_timestamp":1763802000000,"orders":[{"amount":2298.0,"safe_price":0.13906,"ft_order_side":"buy","order_filled_timestamp":1763794800000,"ft_is_entry":true,"ft_order_tag":"","cost":319.87943987999995},{"amount":2298.0,"safe_price":0.13933839839839837,"ft_order_side":"sell","order_filled_timestamp":1763802000000,"ft_is_entry":false,"ft_order_tag":"roi","cost":320.51983915903895}],"funding_fees":0.0,"weekday":5},{"pair":"DOGE/USDT","stake_amount":319.47216,"max_stake_amount":319.47216,"amount":2312.0,"open_date":"2025-11-22 12:00:00+00:00","close_date":"2025-11-22 14:00:00+00:00","open_rate":0.13818,"close_rate":0.13845663663663663,"fee_open":0.001,"fee_close":0.001,"trade_duration":120,"profit_ratio":0.0,"profit_abs":0.0,"exit_reason":"roi","initial_stop_loss_abs":0.13128,"initial_stop_loss_ratio":-0.05,"stop_loss_abs":0.13128,"stop_loss_ratio":-0.05,"min_rate":0.13563,"max_rate":0.13943,"is_open":false,"enter_tag":"","leverage":1.0,"is_short":false,"open_timestamp":1763812800000,"close_timestamp":1763820000000,"orders":[{"amount":2312.0,"safe_price":0.13818,"ft_order_side":"buy","order_filled_timestamp":1763812800000,"ft_is_entry":true,"ft_order_tag":"","cost":319.79163215999995},{"amount":2312.0,"safe_price":0.13845663663663663,"ft_order_side":"sell","order_filled_timestamp":1763820000000,"ft_is_entry":false,"ft_order_tag":"roi","cost":320.4318556478077}],"funding_fees":0.0,"weekday":5},{"pair":"DOGE/USDT","stake_amount":319.5237,"max_stake_amount":319.5237,"amount":2290.0,"open_date":"2025-11-22 17:00:00+00:00","close_date":"2025-11-22 19:00:00+00:00","open_rate":0.13953,"close_rate":0.1398093393393393,"fee_open":0.001,"fee_close":0.001,"trade_duration":120,"profit_ratio":0.0,"profit_abs":0.0,"exit_reason":"roi","initial_stop_loss_abs":0.13256,"initial_stop_loss_ratio":-0.05,"stop_loss_abs":0.13256,"stop_loss_ratio":-0.05,"min_rate":0.13865,"max_rate":0.14018,"is_open":false,"enter_tag":"","leverage":1.0,"is_short":false,"open_timestamp":1763830800000,"close_timestamp":1763838000000,"orders":[{"amount":2290.0,"safe_price":0.13953,"ft_order_side":"buy","order_filled_timestamp":1763830800000,"ft_is_entry":true,"ft_order_tag":"","cost":319.84322369999995},{"amount":2290.0,"safe_price":0.1398093393393393,"ft_order_side":"sell","order_filled_timestamp":1763838000000,"ft_is_entry":false,"ft_order_tag":"roi","cost":320.4835504741741}],"funding_fees":0.0,"weekday":5},{"pair":"DOGE/USDT","stake_amount":319.53555,"max_stake_amount":319.53555,"amount":2259.0,"open_date":"2025-11-22 23:00:00+00:00","close_date":"2025-11-23 01:00:00+00:00","open_rate":0.14145,"close_rate":0.14173318318318318,"fee_open":0.001,"fee_close":0.001,"trade_duration":120,"profit_ratio":0.0,"profit_abs":0.0,"exit_reason":"roi","initial_stop_loss_abs":0.13438,"initial_stop_loss_ratio":-0.05,"stop_loss_abs":0.13438,"stop_loss_ratio":-0.05,"min_rate":0.13966,"max_rate":0.14227,"is_open":false,"enter_tag":"","leverage":1.0,"is_short":false,"open_timestamp":1763852400000,"close_timestamp":1763859600000,"orders":[{"amount":2259.0,"safe_price":0.14145,"ft_order_side":"buy","order_filled_timestamp":1763852400000,"ft_is_entry":true,"ft_order_tag":"","cost":319.85508554999996},{"amount":2259.0,"safe_price":0.14173318318318318,"ft_order_side":"sell","order_filled_timestamp":1763859600000,"ft_is_entry":false,"ft_order_tag":"roi","cost":320.4954360716216}],"funding_fees":0.0,"weekday":6},{"pair":"DOGE/USDT","stake_amount":319.54846,"max_stake_amount":319.54846,"amount":2546.0,"open_date":"2025-12-19 04:00:00+00:00","close_date":"2025-12-19 06:00:00+00:00","open_rate":0.12551,"close_rate":0.1257612712712713,"fee_open":0.001,"fee_close":0.001,"trade_duration":120,"profit_ratio":0.0,"profit_abs":0.0,"exit_reason":"roi","initial_stop_loss_abs":0.11924,"initial_stop_loss_ratio":-0.05,"stop_loss_abs":0.11924,"stop_loss_ratio":-0.05,"min_rate":0.12539,"max_rate":0.12673,"is_open":false,"enter_tag":"","leverage":1.0,"is_short":false,"open_timestamp":1766116800000,"close_timestamp":1766124000000,"orders":[{"amount":2546.0,"safe_price":0.12551,"ft_order_side":"buy","order_filled_timestamp":1766116800000,"ft_is_entry":true,"ft_order_tag":"","cost":319.86800846},{"amount":2546.0,"safe_price":0.1257612712712713,"ft_order_side":"sell","order_filled_timestamp":1766124000000,"ft_is_entry":false,"ft_order_tag":"roi","cost":320.5083848533133}],"funding_fees":0.0,"weekday":4}],"locks":[],"best_pair":{"key":"DOGE/USDT","trades":18,"profit_mean":-0.0053009930725470104,"profit_mean_pct":-0.53,"profit_total_abs":-31.58460083,"profit_total":-0.03158460083,"profit_total_pct":-3.16,"duration_avg":"3:17:00","wins":4,"draws":11,"losses":3,"winrate":0.2222222222222222,"cagr":-0.11375926546054194,"expectancy":-1.7547000461111113,"expectancy_ratio":-0.7140313640330429,"sortino":-50.48431315999605,"sharpe":-0.8011506244095365,"calmar":-18.894872703682786,"sqn":-0.9317,"profit_factor":0.3824784824684094,"max_drawdown_account":0.03292350929559343,"max_drawdown_abs":32.96909159},"worst_pair":{"key":"DOGE/USDT","trades":18,"profit_mean":-0.0053009930725470104,"profit_mean_pct":-0.53,"profit_total_abs":-31.58460083,"profit_total":-0.03158460083,"profit_total_pct":-3.16,"duration_avg":"3:17:00","wins":4,"draws":11,"losses":3,"winrate":0.2222222222222222,"cagr":-0.11375926546054194,"expectancy":-1.7547000461111113,"expectancy_ratio":-0.7140313640330429,"sortino":-50.48431315999605,"sharpe":-0.8011506244095365,"calmar":-18.894872703682786,"sqn":-0.9317,"profit_factor":0.3824784824684094,"max_drawdown_account":0.03292350929559343,"max_drawdown_abs":32.96909159},"results_per_pair":[{"key":"DOGE/USDT","trades":18,"profit_mean":-0.0053009930725470104,"profit_mean_pct":-0.53,"profit_total_abs":-31.58460083,"profit_total":-0.03158460083,"profit_total_pct":-3.16,"duration_avg":"3:17:00","wins":4,"draws":11,"losses":3,"winrate":0.2222222222222222,"cagr":-0.11375926546054194,"expectancy":-1.7547000461111113,"expectancy_ratio":-0.7140313640330429,"sortino":-50.48431315999605,"sharpe":-0.8011506244095365,"calmar":-18.894872703682786,"sqn":-0.9317,"profit_factor":0.3824784824684094,"max_drawdown_account":0.03292350929559343,"max_drawdown_abs":32.96909159},{"key":"TOTAL","trades":18,"profit_mean":-0.0053009930725470104,"profit_mean_pct":-0.53,"profit_total_abs":-31.58460083,"profit_total":-0.03158460083,"profit_total_pct":-3.16,"duration_avg":"3:17:00","wins":4,"draws":11,"losses":3,"winrate":0.2222222222222222,"cagr":-0.11375926546054194,"expectancy":-1.7547000461111113,"expectancy_ratio":-0.7140313640330429,"sortino":-50.48431315999605,"sharpe":-0.8011506244095365,"calmar":-18.894872703682786,"sqn":-0.9317,"profit_factor":0.3824784824684094,"max_drawdown_account":0.03292350929559343,"max_drawdown_abs":32.96909159}],"results_per_enter_tag":[{"key":"","trades":18,"profit_mean":-0.0053009930725470104,"profit_mean_pct":-0.53,"profit_total_abs":-31.58460083,"profit_total":-0.03158460083,"profit_total_pct":-3.16,"duration_avg":"3:17:00","wins":4,"draws":11,"losses":3,"winrate":0.2222222222222222,"cagr":-0.11375926546054194,"expectancy":-1.7547000461111113,"expectancy_ratio":-0.7140313640330429,"sortino":-50.48431315999605,"sharpe":-0.8011506244095365,"calmar":-18.894872703682786,"sqn":-0.9317,"profit_factor":0.3824784824684094,"max_drawdown_account":0.03292350929559343,"max_drawdown_abs":32.96909159},{"key":"TOTAL","trades":18,"profit_mean":-0.0053009930725470104,"profit_mean_pct":-0.53,"profit_total_abs":-31.58460083,"profit_total":-0.03158460083,"profit_total_pct":-3.16,"duration_avg":"3:17:00","wins":4,"draws":11,"losses":3,"winrate":0.2222222222222222,"cagr":-0.11375926546054194,"expectancy":-1.7547000461111113,"expectancy_ratio":-0.7140313640330429,"sortino":-50.48431315999605,"sharpe":-0.8011506244095365,"calmar":-18.894872703682786,"sqn":-0.9317,"profit_factor":0.3824784824684094,"max_drawdown_account":0.03292350929559343,"max_drawdown_abs":32.96909159}],"exit_reason_summary":[{"key":"roi","trades":15,"profit_mean":0.004010293160227432,"profit_mean_pct":0.4,"profit_total_abs":19.56276802,"profit_total":0.01956276802,"profit_total_pct":1.96,"duration_avg":"2:36:00","wins":4,"draws":11,"losses":0,"winrate":0.26666666666666666,"cagr":0.07562479842118308,"expectancy":1.3041845346666665,"expectancy_ratio":100.0,"sortino":-100,"sharpe":0.9570407371090489,"calmar":-100,"sqn":1.2121,"profit_factor":0.0,"max_drawdown_account":0.0,"max_drawdown_abs":0.0},{"key":"stop_loss","trades":3,"profit_mean":-0.051857424236419224,"profit_mean_pct":-5.19,"profit_total_abs":-51.14736885000001,"profit_total":-0.051147368850000006,"profit_total_pct":-5.11,"duration_avg":"6:40:00","wins":0,"draws":0,"losses":3,"winrate":0.0,"cagr":-0.17926766685041096,"expectancy":-17.04912295,"expectancy_ratio":-1.0,"sortino":-81.75312394262185,"sharpe":-81.75312394262185,"calmar":-19.69584863354927,"sqn":-195.6696,"profit_factor":0.0,"max_drawdown_account":0.05114736885000002,"max_drawdown_abs":51.14736885000001},{"key":"TOTAL","trades":18,"profit_mean":-0.0053009930725470104,"profit_mean_pct":-0.53,"profit_total_abs":-31.58460083,"profit_total":-0.03158460083,"profit_total_pct":-3.16,"duration_avg":"3:17:00","wins":4,"draws":11,"losses":3,"winrate":0.2222222222222222,"cagr":-0.11375926546054194,"expectancy":-1.7547000461111113,"expectancy_ratio":-0.7140313640330429,"sortino":-50.48431315999605,"sharpe":-0.8011506244095365,"calmar":-18.894872703682786,"sqn":-0.9317,"profit_factor":0.3824784824684094,"max_drawdown_account":0.03292350929559343,"max_drawdown_abs":32.96909159}],"mix_tag_stats":[{"key":["","roi"],"trades":15,"profit_mean":0.004010293160227432,"profit_mean_pct":0.4,"profit_total_abs":19.56276802,"profit_total":0.01956276802,"profit_total_pct":1.96,"duration_avg":"2:36:00","wins":4,"draws":11,"losses":0,"winrate":0.26666666666666666,"cagr":0.07562479842118308,"expectancy":1.3041845346666665,"expectancy_ratio":100.0,"sortino":-100,"sharpe":0.9570407371090489,"calmar":-100,"sqn":1.2121,"profit_factor":0.0,"max_drawdown_account":0.0,"max_drawdown_abs":0.0},{"key":["","stop_loss"],"trades":3,"profit_mean":-0.051857424236419224,"profit_mean_pct":-5.19,"profit_total_abs":-51.14736885000001,"profit_total":-0.051147368850000006,"profit_total_pct":-5.11,"duration_avg":"6:40:00","wins":0,"draws":0,"losses":3,"winrate":0.0,"cagr":-0.17926766685041096,"expectancy":-17.04912295,"expectancy_ratio":-1.0,"sortino":-81.75312394262185,"sharpe":-81.75312394262185,"calmar":-19.69584863354927,"sqn":-195.6696,"profit_factor":0.0,"max_drawdown_account":0.05114736885000002,"max_drawdown_abs":51.14736885000001},{"key":"TOTAL","trades":18,"profit_mean":-0.0053009930725470104,"profit_mean_pct":-0.53,"profit_total_abs":-31.58460083,"profit_total":-0.03158460083,"profit_total_pct":-3.16,"duration_avg":"3:17:00","wins":4,"draws":11,"losses":3,"winrate":0.2222222222222222,"cagr":-0.11375926546054194,"expectancy":-1.7547000461111113,"expectancy_ratio":-0.7140313640330429,"sortino":-50.48431315999605,"sharpe":-0.8011506244095365,"calmar":-18.894872703682786,"sqn":-0.9317,"profit_factor":0.3824784824684094,"max_drawdown_account":0.03292350929559343,"max_drawdown_abs":32.96909159}],"left_open_trades":[{"key":"TOTAL","trades":0,"profit_mean":0.0,"profit_mean_pct":0.0,"profit_total_abs":0.0,"profit_total":0.0,"profit_total_pct":0.0,"duration_avg":"0:00","wins":0,"draws":0,"losses":0,"winrate":0.0,"cagr":0.0,"expectancy":0.0,"expectancy_ratio":100.0,"sortino":0,"sharpe":0,"calmar":0,"sqn":0.0,"profit_factor":0.0,"max_drawdown_account":0.0,"max_drawdown_abs":0.0}],"total_trades":18,"trade_count_long":18,"trade_count_short":0,"total_volume":11662.741680349518,"avg_stake_amount":324.1951138888889,"profit_mean":-0.0053009930725470104,"profit_median":0.0,"profit_total":-0.03158460083,"profit_total_long":-0.03158460083,"profit_total_short":0.0,"profit_total_abs":-31.58460083,"profit_total_long_abs":-31.58460083,"profit_total_short_abs":0.0,"cagr":-0.11375926546054194,"expectancy":-1.7547000461111113,"expectancy_ratio":-0.7140313640330429,"sortino":-50.48431315999605,"sharpe":-0.8011506244095365,"calmar":-18.894872703682786,"sqn":-0.9317,"profit_factor":0.3824784824684094,"backtest_start":"2025-10-01 00:00:00","backtest_start_ts":1759276800000,"backtest_end":"2026-01-06 20:00:00","backtest_end_ts":1767729600000,"backtest_days":97,"backtest_run_start_ts":1767743273,"backtest_run_end_ts":1767743273,"trades_per_day":0.19,"market_change":-0.36632086436227446,"pairlist":["DOGE/USDT"],"stake_amount":"unlimited","stake_currency":"USDT","stake_currency_decimals":3,"starting_balance":1000,"dry_run_wallet":1000,"final_balance":968.41539917,"rejected_signals":0,"timedout_entry_orders":0,"timedout_exit_orders":0,"canceled_trade_entries":0,"canceled_entry_orders":0,"replaced_entry_orders":0,"max_open_trades":1,"max_open_trades_setting":3,"timeframe":"1h","timeframe_detail":"","timerange":"20251001-","enable_protections":false,"strategy_name":"ACO_25_24","freqaimodel":null,"freqai_identifier":null,"stoploss":-0.05,"trailing_stop":false,"trailing_stop_positive":null,"trailing_stop_positive_offset":0.0,"trailing_only_offset_is_reached":false,"use_custom_stoploss":false,"minimal_roi":{"0":0.1,"60":0.05,"120":0.0},"use_exit_signal":true,"exit_profit_only":false,"exit_profit_offset":0.0,"ignore_roi_if_entry_signal":false,"trading_mode":"spot","margin_mode":"","periodic_breakdown":{"day":[{"date":"11/10/2025","date_ts":1760140800000,"profit_abs":-17.12095704,"wins":0,"draws":0,"losses":1,"trades":1,"profit_factor":0.0},{"date":"12/10/2025","date_ts":1760227200000,"profit_abs":16.210971,"wins":1,"draws":0,"losses":0,"trades":1,"profit_factor":0.0},{"date":"13/10/2025","date_ts":1760313600000,"profit_abs":2.2944768,"wins":1,"draws":1,"losses":0,"trades":2,"profit_factor":0.0},{"date":"14/10/2025","date_ts":1760400000000,"profit_abs":0.0,"wins":0,"draws":0,"losses":0,"trades":0,"profit_factor":0.0},{"date":"15/10/2025","date_ts":1760486400000,"profit_abs":0.0,"wins":0,"draws":1,"losses":0,"trades":1,"profit_factor":0.0},{"date":"16/10/2025","date_ts":1760572800000,"profit_abs":-17.15070483,"wins":0,"draws":0,"losses":1,"trades":1,"profit_factor":0.0},{"date":"17/10/2025","date_ts":1760659200000,"profit_abs":0.0,"wins":0,"draws":0,"losses":0,"trades":0,"profit_factor":0.0},{"date":"18/10/2025","date_ts":1760745600000,"profit_abs":0.0,"wins":0,"draws":1,"losses":0,"trades":1,"profit_factor":0.0},{"date":"19/10/2025","date_ts":1760832000000,"profit_abs":0.0,"wins":0,"draws":0,"losses":0,"trades":0,"profit_factor":0.0},{"date":"20/10/2025","date_ts":1760918400000,"profit_abs":0.0,"wins":0,"draws":0,"losses":0,"trades":0,"profit_factor":0.0},{"date":"21/10/2025","date_ts":1761004800000,"profit_abs":0.0,"wins":0,"draws":0,"losses":0,"trades":0,"profit_factor":0.0},{"date":"22/10/2025","date_ts":1761091200000,"profit_abs":0.64121414,"wins":1,"draws":0,"losses":0,"trades":1,"profit_factor":0.0},{"date":"23/10/2025","date_ts":1761177600000,"profit_abs":0.0,"wins":0,"draws":0,"losses":0,"trades":0,"profit_factor":0.0},{"date":"24/10/2025","date_ts":1761264000000,"profit_abs":0.0,"wins":0,"draws":0,"losses":0,"trades":0,"profit_factor":0.0},{"date":"25/10/2025","date_ts":1761350400000,"profit_abs":0.0,"wins":0,"draws":0,"losses":0,"trades":0,"profit_factor":0.0},{"date":"26/10/2025","date_ts":1761436800000,"profit_abs":0.0,"wins":0,"draws":0,"losses":0,"trades":0,"profit_factor":0.0},{"date":"27/10/2025","date_ts":1761523200000,"profit_abs":0.0,"wins":0,"draws":0,"losses":0,"trades":0,"profit_factor":0.0},{"date":"28/10/2025","date_ts":1761609600000,"profit_abs":0.0,"wins":0,"draws":0,"losses":0,"trades":0,"profit_factor":0.0},{"date":"29/10/2025","date_ts":1761696000000,"profit_abs":0.0,"wins":0,"draws":0,"losses":0,"trades":0,"profit_factor":0.0},{"date":"30/10/2025","date_ts":1761782400000,"profit_abs":0.0,"wins":0,"draws":0,"losses":0,"trades":0,"profit_factor":0.0},{"date":"31/10/2025","date_ts":1761868800000,"profit_abs":0.0,"wins":0,"draws":0,"losses":0,"trades":0,"profit_factor":0.0},{"date":"01/11/2025","date_ts":1761955200000,"profit_abs":0.0,"wins":0,"draws":0,"losses":0,"trades":0,"profit_factor":0.0},{"date":"02/11/2025","date_ts":1762041600000,"profit_abs":0.0,"wins":0,"draws":0,"losses":0,"trades":0,"profit_factor":0.0},{"date":"03/11/2025","date_ts":1762128000000,"profit_abs":0.0,"wins":0,"draws":0,"losses":0,"trades":0,"profit_factor":0.0},{"date":"04/11/2025","date_ts":1762214400000,"profit_abs":0.0,"wins":0,"draws":0,"losses":0,"trades":0,"profit_factor":0.0},{"date":"05/11/2025","date_ts":1762300800000,"profit_abs":0.41610608,"wins":1,"draws":1,"losses":0,"trades":2,"profit_factor":0.0},{"date":"06/11/2025","date_ts":1762387200000,"profit_abs":0.0,"wins":0,"draws":0,"losses":0,"trades":0,"profit_factor":0.0},{"date":"07/11/2025","date_ts":1762473600000,"profit_abs":0.0,"wins":0,"draws":0,"losses":0,"trades":0,"profit_factor":0.0},{"date":"08/11/2025","date_ts":1762560000000,"profit_abs":0.0,"wins":0,"draws":0,"losses":0,"trades":0,"profit_factor":0.0},{"date":"09/11/2025","date_ts":1762646400000,"profit_abs":0.0,"wins":0,"draws":0,"losses":0,"trades":0,"profit_factor":0.0},{"date":"10/11/2025","date_ts":1762732800000,"profit_abs":0.0,"wins":0,"draws":0,"losses":0,"trades":0,"profit_factor":0.0},{"date":"11/11/2025","date_ts":1762819200000,"profit_abs":-16.87570698,"wins":0,"draws":0,"losses":1,"trades":1,"profit_factor":0.0},{"date":"12/11/2025","date_ts":1762905600000,"profit_abs":0.0,"wins":0,"draws":0,"losses":0,"trades":0,"profit_factor":0.0},{"date":"13/11/2025","date_ts":1762992000000,"profit_abs":0.0,"wins":0,"draws":0,"losses":0,"trades":0,"profit_factor":0.0},{"date":"14/11/2025","date_ts":1763078400000,"profit_abs":0.0,"wins":0,"draws":1,"losses":0,"trades":1,"profit_factor":0.0},{"date":"15/11/2025","date_ts":1763164800000,"profit_abs":0.0,"wins":0,"draws":1,"losses":0,"trades":1,"profit_factor":0.0},{"date":"16/11/2025","date_ts":1763251200000,"profit_abs":0.0,"wins":0,"draws":0,"losses":0,"trades":0,"profit_factor":0.0},{"date":"17/11/2025","date_ts":1763337600000,"profit_abs":0.0,"wins":0,"draws":0,"losses":0,"trades":0,"profit_factor":0.0},{"date":"18/11/2025","date_ts":1763424000000,"profit_abs":0.0,"wins":0,"draws":0,"losses":0,"trades":0,"profit_factor":0.0},{"date":"19/11/2025","date_ts":1763510400000,"profit_abs":0.0,"wins":0,"draws":0,"losses":0,"trades":0,"profit_factor":0.0},{"date":"20/11/2025","date_ts":1763596800000,"profit_abs":0.0,"wins":0,"draws":0,"losses":0,"trades":0,"profit_factor":0.0},{"date":"21/11/2025","date_ts":1763683200000,"profit_abs":0.0,"wins":0,"draws":0,"losses":0,"trades":0,"profit_factor":0.0},{"date":"22/11/2025","date_ts":1763769600000,"profit_abs":0.0,"wins":0,"draws":3,"losses":0,"trades":3,"profit_factor":0.0},{"date":"23/11/2025","date_ts":1763856000000,"profit_abs":0.0,"wins":0,"draws":1,"losses":0,"trades":1,"profit_factor":0.0},{"date":"24/11/2025","date_ts":1763942400000,"profit_abs":0.0,"wins":0,"draws":0,"losses":0,"trades":0,"profit_factor":0.0},{"date":"25/11/2025","date_ts":1764028800000,"profit_abs":0.0,"wins":0,"draws":0,"losses":0,"trades":0,"profit_factor":0.0},{"date":"26/11/2025","date_ts":1764115200000,"profit_abs":0.0,"wins":0,"draws":0,"losses":0,"trades":0,"profit_factor":0.0},{"date":"27/11/2025","date_ts":1764201600000,"profit_abs":0.0,"wins":0,"draws":0,"losses":0,"trades":0,"profit_factor":0.0},{"date":"28/11/2025","date_ts":1764288000000,"profit_abs":0.0,"wins":0,"draws":0,"losses":0,"trades":0,"profit_factor":0.0},{"date":"29/11/2025","date_ts":1764374400000,"profit_abs":0.0,"wins":0,"draws":0,"losses":0,"trades":0,"profit_factor":0.0},{"date":"30/11/2025","date_ts":1764460800000,"profit_abs":0.0,"wins":0,"draws":0,"losses":0,"trades":0,"profit_factor":0.0},{"date":"01/12/2025","date_ts":1764547200000,"profit_abs":0.0,"wins":0,"draws":0,"losses":0,"trades":0,"profit_factor":0.0},{"date":"02/12/2025","date_ts":1764633600000,"profit_abs":0.0,"wins":0,"draws":0,"losses":0,"trades":0,"profit_factor":0.0},{"date":"03/12/2025","date_ts":1764720000000,"profit_abs":0.0,"wins":0,"draws":0,"losses":0,"trades":0,"profit_factor":0.0},{"date":"04/12/2025","date_ts":1764806400000,"profit_abs":0.0,"wins":0,"draws":0,"losses":0,"trades":0,"profit_factor":0.0},{"date":"05/12/2025","date_ts":1764892800000,"profit_abs":0.0,"wins":0,"draws":0,"losses":0,"trades":0,"profit_factor":0.0},{"date":"06/12/2025","date_ts":1764979200000,"profit_abs":0.0,"wins":0,"draws":0,"losses":0,"trades":0,"profit_factor":0.0},{"date":"07/12/2025","date_ts":1765065600000,"profit_abs":0.0,"wins":0,"draws":0,"losses":0,"trades":0,"profit_factor":0.0},{"date":"08/12/2025","date_ts":1765152000000,"profit_abs":0.0,"wins":0,"draws":0,"losses":0,"trades":0,"profit_factor":0.0},{"date":"09/12/2025","date_ts":1765238400000,"profit_abs":0.0,"wins":0,"draws":0,"losses":0,"trades":0,"profit_factor":0.0},{"date":"10/12/2025","date_ts":1765324800000,"profit_abs":0.0,"wins":0,"draws":0,"losses":0,"trades":0,"profit_factor":0.0},{"date":"11/12/2025","date_ts":1765411200000,"profit_abs":0.0,"wins":0,"draws":0,"losses":0,"trades":0,"profit_factor":0.0},{"date":"12/12/2025","date_ts":1765497600000,"profit_abs":0.0,"wins":0,"draws":0,"losses":0,"trades":0,"profit_factor":0.0},{"date":"13/12/2025","date_ts":1765584000000,"profit_abs":0.0,"wins":0,"draws":0,"losses":0,"trades":0,"profit_factor":0.0},{"date":"14/12/2025","date_ts":1765670400000,"profit_abs":0.0,"wins":0,"draws":0,"losses":0,"trades":0,"profit_factor":0.0},{"date":"15/12/2025","date_ts":1765756800000,"profit_abs":0.0,"wins":0,"draws":0,"losses":0,"trades":0,"profit_factor":0.0},{"date":"16/12/2025","date_ts":1765843200000,"profit_abs":0.0,"wins":0,"draws":0,"losses":0,"trades":0,"profit_factor":0.0},{"date":"17/12/2025","date_ts":1765929600000,"profit_abs":0.0,"wins":0,"draws":0,"losses":0,"trades":0,"profit_factor":0.0},{"date":"18/12/2025","date_ts":1766016000000,"profit_abs":0.0,"wins":0,"draws":0,"losses":0,"trades":0,"profit_factor":0.0},{"date":"19/12/2025","date_ts":1766102400000,"profit_abs":0.0,"wins":0,"draws":1,"losses":0,"trades":1,"profit_factor":0.0}],"week":[{"date":"13/10/2025","date_ts":1760313600000,"profit_abs":1.38449076,"wins":2,"draws":1,"losses":1,"trades":4,"profit_factor":1.08086527},{"date":"20/10/2025","date_ts":1760918400000,"profit_abs":-17.15070483,"wins":0,"draws":2,"losses":1,"trades":3,"profit_factor":0.0},{"date":"27/10/2025","date_ts":1761523200000,"profit_abs":0.64121414,"wins":1,"draws":0,"losses":0,"trades":1,"profit_factor":0.0},{"date":"03/11/2025","date_ts":1762128000000,"profit_abs":0.0,"wins":0,"draws":0,"losses":0,"trades":0,"profit_factor":0.0},{"date":"10/11/2025","date_ts":1762732800000,"profit_abs":0.41610608,"wins":1,"draws":1,"losses":0,"trades":2,"profit_factor":0.0},{"date":"17/11/2025","date_ts":1763337600000,"profit_abs":-16.87570698,"wins":0,"draws":2,"losses":1,"trades":3,"profit_factor":0.0},{"date":"24/11/2025","date_ts":1763942400000,"profit_abs":0.0,"wins":0,"draws":4,"losses":0,"trades":4,"profit_factor":0.0},{"date":"01/12/2025","date_ts":1764547200000,"profit_abs":0.0,"wins":0,"draws":0,"losses":0,"trades":0,"profit_factor":0.0},{"date":"08/12/2025","date_ts":1765152000000,"profit_abs":0.0,"wins":0,"draws":0,"losses":0,"trades":0,"profit_factor":0.0},{"date":"15/12/2025","date_ts":1765756800000,"profit_abs":0.0,"wins":0,"draws":0,"losses":0,"trades":0,"profit_factor":0.0},{"date":"22/12/2025","date_ts":1766361600000,"profit_abs":0.0,"wins":0,"draws":1,"losses":0,"trades":1,"profit_factor":0.0}],"month":[{"date":"31/10/2025","date_ts":1761868800000,"profit_abs":-15.12499993,"wins":3,"draws":3,"losses":2,"trades":8,"profit_factor":0.55867329},{"date":"30/11/2025","date_ts":1764460800000,"profit_abs":-16.4596009,"wins":1,"draws":7,"losses":1,"trades":9,"profit_factor":0.02465711},{"date":"31/12/2025","date_ts":1767139200000,"profit_abs":0.0,"wins":0,"draws":1,"losses":0,"trades":1,"profit_factor":0.0}],"year":[{"date":"31/12/2025","date_ts":1767139200000,"profit_abs":-31.58460083,"wins":4,"draws":11,"losses":3,"trades":18,"profit_factor":0.38247848}],"weekday":[{"date":"Monday","date_ts":0,"profit_abs":2.2944768,"wins":1,"draws":1,"losses":0,"trades":2,"profit_factor":0.0},{"date":"Tuesday","date_ts":1,"profit_abs":-16.87570698,"wins":0,"draws":0,"losses":1,"trades":1,"profit_factor":0.0},{"date":"Wednesday","date_ts":2,"profit_abs":1.05732022,"wins":2,"draws":2,"losses":0,"trades":4,"profit_factor":0.0},{"date":"Thursday","date_ts":3,"profit_abs":-17.15070483,"wins":0,"draws":0,"losses":1,"trades":1,"profit_factor":0.0},{"date":"Friday","date_ts":4,"profit_abs":0.0,"wins":0,"draws":2,"losses":0,"trades":2,"profit_factor":0.0},{"date":"Saturday","date_ts":5,"profit_abs":-17.12095704,"wins":0,"draws":5,"losses":1,"trades":6,"profit_factor":0.0},{"date":"Sunday","date_ts":6,"profit_abs":16.210971,"wins":1,"draws":1,"losses":0,"trades":2,"profit_factor":0.0}]},"backtest_best_day":0.04995004995004996,"backtest_worst_day":-0.051863231108514124,"backtest_best_day_abs":16.210971,"backtest_worst_day_abs":-17.15070483,"winning_days":4,"draw_days":63,"losing_days":3,"daily_profit":[["2025-10-11",-17.12095704],["2025-10-12",16.210971],["2025-10-13",2.2944768],["2025-10-14",0.0],["2025-10-15",0.0],["2025-10-16",-17.15070483],["2025-10-17",0.0],["2025-10-18",0.0],["2025-10-19",0.0],["2025-10-20",0.0],["2025-10-21",0.0],["2025-10-22",0.64121414],["2025-10-23",0.0],["2025-10-24",0.0],["2025-10-25",0.0],["2025-10-26",0.0],["2025-10-27",0.0],["2025-10-28",0.0],["2025-10-29",0.0],["2025-10-30",0.0],["2025-10-31",0.0],["2025-11-01",0.0],["2025-11-02",0.0],["2025-11-03",0.0],["2025-11-04",0.0],["2025-11-05",0.41610608],["2025-11-06",0.0],["2025-11-07",0.0],["2025-11-08",0.0],["2025-11-09",0.0],["2025-11-10",0.0],["2025-11-11",-16.87570698],["2025-11-12",0.0],["2025-11-13",0.0],["2025-11-14",0.0],["2025-11-15",0.0],["2025-11-16",0.0],["2025-11-17",0.0],["2025-11-18",0.0],["2025-11-19",0.0],["2025-11-20",0.0],["2025-11-21",0.0],["2025-11-22",0.0],["2025-11-23",0.0],["2025-11-24",0.0],["2025-11-25",0.0],["2025-11-26",0.0],["2025-11-27",0.0],["2025-11-28",0.0],["2025-11-29",0.0],["2025-11-30",0.0],["2025-12-01",0.0],["2025-12-02",0.0],["2025-12-03",0.0],["2025-12-04",0.0],["2025-12-05",0.0],["2025-12-06",0.0],["2025-12-07",0.0],["2025-12-08",0.0],["2025-12-09",0.0],["2025-12-10",0.0],["2025-12-11",0.0],["2025-12-12",0.0],["2025-12-13",0.0],["2025-12-14",0.0],["2025-12-15",0.0],["2025-12-16",0.0],["2025-12-17",0.0],["2025-12-18",0.0],["2025-12-19",0.0]],"wins":4,"losses":3,"draws":11,"winrate":0.2222222222222222,"holding_avg":"3:17:00","holding_avg_s":11820.0,"winner_holding_min":"0d 01:00","winner_holding_min_s":3600.0,"winner_holding_max":"0d 02:00","winner_holding_max_s":7200.0,"winner_holding_avg":"0d 01:45","winner_holding_avg_s":6300.0,"loser_holding_min":"0d 01:00","loser_holding_min_s":3600.0,"loser_holding_max":"0d 16:00","loser_holding_max_s":57600.0,"loser_holding_avg":"0d 06:40","loser_holding_avg_s":24000.0,"max_consecutive_wins":2,"max_consecutive_losses":9,"max_drawdown_account":0.03292350929559343,"max_relative_drawdown":0.03292350929559343,"max_drawdown_abs":32.96909159,"drawdown_start":"2025-10-13 20:00:00","drawdown_start_ts":1760385600000.0,"drawdown_end":"2025-11-11 19:00:00","drawdown_end_ts":1762887600000.0,"drawdown_duration":"28 days 23:00:00","drawdown_duration_s":2502000.0,"max_drawdown_low":-31.58460083,"max_drawdown_high":1.3844907600000003,"csum_min":968.41539917,"csum_max":1001.38449076}},"strategy_comparison":[{"key":"ACO_25_24","trades":18,"profit_mean":-0.0053009930725470104,"profit_mean_pct":-0.53,"profit_total_abs":-31.58460083,"profit_total":-0.03158460083,"profit_total_pct":-3.16,"duration_avg":"3:17:00","wins":4,"draws":11,"losses":3,"winrate":0.2222222222222222,"cagr":-0.11375926546054194,"expectancy":-1.7547000461111113,"expectancy_ratio":-0.7140313640330429,"sortino":-50.48431315999605,"sharpe":-0.8011506244095365,"calmar":-18.894872703682786,"sqn":-0.9317,"profit_factor":0.3824784824684094,"max_drawdown_account":0.03292350929559343,"max_drawdown_abs":"32.969"}]}