{"strategy":{"ACO_74_23":{"trades":[{"pair":"DOGE/USDT","stake_amount":329.7561,"max_stake_amount":329.7561,"amount":1307.0,"open_date":"2025-10-08 13:00:00+00:00","close_date":"2025-10-08 15:00:00+00:00","open_rate":0.2523,"close_rate":0.2528051051051051,"fee_open":0.001,"fee_close":0.001,"trade_duration":120,"profit_ratio":0.0,"profit_abs":0.0,"exit_reason":"roi","initial_stop_loss_abs":0.23969,"initial_stop_loss_ratio":-0.05,"stop_loss_abs":0.23969,"stop_loss_ratio":-0.05,"min_rate":0.24914,"max_rate":0.25678,"is_open":false,"enter_tag":"","leverage":1.0,"is_short":false,"open_timestamp":1759928400000,"close_timestamp":1759935600000,"orders":[{"amount":1307.0,"safe_price":0.2523,"ft_order_side":"buy","order_filled_timestamp":1759928400000,"ft_is_entry":true,"ft_order_tag":"","cost":330.08585609999994},{"amount":1307.0,"safe_price":0.2528051051051051,"ft_order_side":"sell","order_filled_timestamp":1759935600000,"ft_is_entry":false,"ft_order_tag":"roi","cost":330.7466886447448}],"funding_fees":0.0,"weekday":2},{"pair":"DOGE/USDT","stake_amount":329.81816,"max_stake_amount":329.81816,"amount":1624.0,"open_date":"2025-10-14 20:00:00+00:00","close_date":"2025-10-14 22:00:00+00:00","open_rate":0.20309,"close_rate":0.20359,"fee_open":0.001,"fee_close":0.001,"trade_duration":120,"profit_ratio":0.00045904167229687934,"profit_abs":0.15155168,"exit_reason":"roi","initial_stop_loss_abs":0.19294,"initial_stop_loss_ratio":-0.05,"stop_loss_abs":0.19294,"stop_loss_ratio":-0.05,"min_rate":0.20198,"max_rate":0.20516,"is_open":false,"enter_tag":"","leverage":1.0,"is_short":false,"open_timestamp":1760472000000,"close_timestamp":1760479200000,"orders":[{"amount":1624.0,"safe_price":0.20309,"ft_order_side":"buy","order_filled_timestamp":1760472000000,"ft_is_entry":true,"ft_order_tag":"","cost":330.1479781599999},{"amount":1624.0,"safe_price":0.20359,"ft_order_side":"sell","order_filled_timestamp":1760479200000,"ft_is_entry":false,"ft_order_tag":"roi","cost":330.96079015999993}],"funding_fees":0.0,"weekday":1},{"pair":"DOGE/USDT","stake_amount":329.90442,"max_stake_amount":329.90442,"amount":1698.0,"open_date":"2025-10-19 11:00:00+00:00","close_date":"2025-10-19 13:00:00+00:00","open_rate":0.19429,"close_rate":0.19467896896896894,"fee_open":0.001,"fee_close":0.001,"trade_duration":120,"profit_ratio":0.0,"profit_abs":0.0,"exit_reason":"roi","initial_stop_loss_abs":0.18458,"initial_stop_loss_ratio":-0.05,"stop_loss_abs":0.18458,"stop_loss_ratio":-0.05,"min_rate":0.19259,"max_rate":0.19805,"is_open":false,"enter_tag":"","leverage":1.0,"is_short":false,"open_timestamp":1760871600000,"close_timestamp":1760878800000,"orders":[{"amount":1698.0,"safe_price":0.19429,"ft_order_side":"buy","order_filled_timestamp":1760871600000,"ft_is_entry":true,"ft_order_tag":"","cost":330.23432441999995},{"amount":1698.0,"safe_price":0.19467896896896894,"ft_order_side":"sell","order_filled_timestamp":1760878800000,"ft_is_entry":false,"ft_order_tag":"roi","cost":330.89545419861855}],"funding_fees":0.0,"weekday":6},{"pair":"DOGE/USDT","stake_amount":329.90574,"max_stake_amount":329.90574,"amount":1653.0,"open_date":"2025-10-26 10:00:00+00:00","close_date":"2025-10-26 12:00:00+00:00","open_rate":0.19958,"close_rate":0.20183,"fee_open":0.001,"fee_close":0.001,"trade_duration":120,"profit_ratio":0.009253147894294302,"profit_abs":3.05571927,"exit_reason":"roi","initial_stop_loss_abs":0.18961,"initial_stop_loss_ratio":-0.05,"stop_loss_abs":0.18961,"stop_loss_ratio":-0.05,"min_rate":0.19833,"max_rate":0.20286,"is_open":false,"enter_tag":"","leverage":1.0,"is_short":false,"open_timestamp":1761472800000,"close_timestamp":1761480000000,"orders":[{"amount":1653.0,"safe_price":0.19958,"ft_order_side":"buy","order_filled_timestamp":1761472800000,"ft_is_entry":true,"ft_order_tag":"","cost":330.23564574},{"amount":1653.0,"safe_price":0.20183,"ft_order_side":"sell","order_filled_timestamp":1761480000000,"ft_is_entry":false,"ft_order_tag":"roi","cost":333.95861499}],"funding_fees":0.0,"weekday":6},{"pair":"DOGE/USDT","stake_amount":331.04682,"max_stake_amount":331.04682,"amount":1794.0,"open_date":"2025-10-31 04:00:00+00:00","close_date":"2025-10-31 06:00:00+00:00","open_rate":0.18453,"close_rate":0.18506,"fee_open":0.001,"fee_close":0.001,"trade_duration":120,"profit_ratio":0.0008684211252899271,"profit_abs":0.28777554,"exit_reason":"roi","initial_stop_loss_abs":0.17531,"initial_stop_loss_ratio":-0.05,"stop_loss_abs":0.17531,"stop_loss_ratio":-0.05,"min_rate":0.1842,"max_rate":0.18608,"is_open":false,"enter_tag":"","leverage":1.0,"is_short":false,"open_timestamp":1761883200000,"close_timestamp":1761890400000,"orders":[{"amount":1794.0,"safe_price":0.18453,"ft_order_side":"buy","order_filled_timestamp":1761883200000,"ft_is_entry":true,"ft_order_tag":"","cost":331.37786682},{"amount":1794.0,"safe_price":0.18506,"ft_order_side":"sell","order_filled_timestamp":1761890400000,"ft_is_entry":false,"ft_order_tag":"roi","cost":332.32963763999993}],"funding_fees":0.0,"weekday":4},{"pair":"DOGE/USDT","stake_amount":331.11018,"max_stake_amount":331.11018,"amount":1959.0,"open_date":"2025-11-07 16:00:00+00:00","close_date":"2025-11-07 17:00:00+00:00","open_rate":0.16902,"close_rate":0.17781783783783786,"fee_open":0.001,"fee_close":0.001,"trade_duration":60,"profit_ratio":0.04995004995004995,"profit_abs":16.555509,"exit_reason":"roi","initial_stop_loss_abs":0.16057,"initial_stop_loss_ratio":-0.05,"stop_loss_abs":0.16057,"stop_loss_ratio":-0.05,"min_rate":0.16834,"max_rate":0.17978,"is_open":false,"enter_tag":"","leverage":1.0,"is_short":false,"open_timestamp":1762531200000,"close_timestamp":1762534800000,"orders":[{"amount":1959.0,"safe_price":0.16902,"ft_order_side":"buy","order_filled_timestamp":1762531200000,"ft_is_entry":true,"ft_order_tag":"","cost":331.44129017999995},{"amount":1959.0,"safe_price":0.17781783783783786,"ft_order_side":"sell","order_filled_timestamp":1762534800000,"ft_is_entry":false,"ft_order_tag":"roi","cost":348.6934894686487}],"funding_fees":0.0,"weekday":4},{"pair":"DOGE/USDT","stake_amount":336.5271,"max_stake_amount":336.5271,"amount":1911.0,"open_date":"2025-11-09 14:00:00+00:00","close_date":"2025-11-09 16:00:00+00:00","open_rate":0.1761,"close_rate":0.17807,"fee_open":0.001,"fee_close":0.001,"trade_duration":120,"profit_ratio":0.009166472369198094,"profit_abs":3.08785113,"exit_reason":"roi","initial_stop_loss_abs":0.1673,"initial_stop_loss_ratio":-0.05,"stop_loss_abs":0.1673,"stop_loss_ratio":-0.05,"min_rate":0.17501,"max_rate":0.17961,"is_open":false,"enter_tag":"","leverage":1.0,"is_short":false,"open_timestamp":1762696800000,"close_timestamp":1762704000000,"orders":[{"amount":1911.0,"safe_price":0.1761,"ft_order_side":"buy","order_filled_timestamp":1762696800000,"ft_is_entry":true,"ft_order_tag":"","cost":336.8636271},{"amount":1911.0,"safe_price":0.17807,"ft_order_side":"sell","order_filled_timestamp":1762704000000,"ft_is_entry":false,"ft_order_tag":"roi","cost":340.63206176999995}],"funding_fees":0.0,"weekday":6},{"pair":"DOGE/USDT","stake_amount":337.5658,"max_stake_amount":337.5658,"amount":2146.0,"open_date":"2025-11-18 09:00:00+00:00","close_date":"2025-11-18 12:00:00+00:00","open_rate":0.1573,"close_rate":0.1576149149149149,"fee_open":0.001,"fee_close":0.001,"trade_duration":180,"profit_ratio":0.0,"profit_abs":0.0,"exit_reason":"roi","initial_stop_loss_abs":0.14944,"initial_stop_loss_ratio":-0.05,"stop_loss_abs":0.14944,"stop_loss_ratio":-0.05,"min_rate":0.15629,"max_rate":0.15787,"is_open":false,"enter_tag":"","leverage":1.0,"is_short":false,"open_timestamp":1763456400000,"close_timestamp":1763467200000,"orders":[{"amount":2146.0,"safe_price":0.1573,"ft_order_side":"buy","order_filled_timestamp":1763456400000,"ft_is_entry":true,"ft_order_tag":"","cost":337.9033657999999},{"amount":2146.0,"safe_price":0.1576149149149149,"ft_order_side":"sell","order_filled_timestamp":1763467200000,"ft_is_entry":false,"ft_order_tag":"roi","cost":338.5798490148147}],"funding_fees":0.0,"weekday":1},{"pair":"DOGE/USDT","stake_amount":337.53209,"max_stake_amount":337.53209,"amount":2219.0,"open_date":"2025-11-24 18:00:00+00:00","close_date":"2025-11-24 20:00:00+00:00","open_rate":0.15211,"close_rate":0.15249,"fee_open":0.001,"fee_close":0.001,"trade_duration":120,"profit_ratio":0.0004951987070191001,"profit_abs":0.1673126,"exit_reason":"roi","initial_stop_loss_abs":0.14451,"initial_stop_loss_ratio":-0.05,"stop_loss_abs":0.14451,"stop_loss_ratio":-0.05,"min_rate":0.15174,"max_rate":0.15397,"is_open":false,"enter_tag":"","leverage":1.0,"is_short":false,"open_timestamp":1764007200000,"close_timestamp":1764014400000,"orders":[{"amount":2219.0,"safe_price":0.15211,"ft_order_side":"buy","order_filled_timestamp":1764007200000,"ft_is_entry":true,"ft_order_tag":"","cost":337.86962208999995},{"amount":2219.0,"safe_price":0.15249,"ft_order_side":"sell","order_filled_timestamp":1764014400000,"ft_is_entry":false,"ft_order_tag":"roi","cost":338.7136853099999}],"funding_fees":0.0,"weekday":0},{"pair":"DOGE/USDT","stake_amount":337.62264,"max_stake_amount":337.62264,"amount":2168.0,"open_date":"2025-11-26 18:00:00+00:00","close_date":"2025-11-26 20:00:00+00:00","open_rate":0.15573,"close_rate":0.15604177177177178,"fee_open":0.001,"fee_close":0.001,"trade_duration":120,"profit_ratio":0.0,"profit_abs":0.0,"exit_reason":"roi","initial_stop_loss_abs":0.14795,"initial_stop_loss_ratio":-0.05,"stop_loss_abs":0.14795,"stop_loss_ratio":-0.05,"min_rate":0.15507,"max_rate":0.15681,"is_open":false,"enter_tag":"","leverage":1.0,"is_short":false,"open_timestamp":1764180000000,"close_timestamp":1764187200000,"orders":[{"amount":2168.0,"safe_price":0.15573,"ft_order_side":"buy","order_filled_timestamp":1764180000000,"ft_is_entry":true,"ft_order_tag":"","cost":337.96026263999994},{"amount":2168.0,"safe_price":0.15604177177177178,"ft_order_side":"sell","order_filled_timestamp":1764187200000,"ft_is_entry":false,"ft_order_tag":"roi","cost":338.63685976240237}],"funding_fees":0.0,"weekday":2},{"pair":"DOGE/USDT","stake_amount":337.6604,"max_stake_amount":337.6604,"amount":2308.0,"open_date":"2025-12-09 16:00:00+00:00","close_date":"2025-12-09 18:00:00+00:00","open_rate":0.1463,"close_rate":0.15095,"fee_open":0.001,"fee_close":0.001,"trade_duration":120,"profit_ratio":0.029722498963783994,"profit_abs":10.046147,"exit_reason":"roi","initial_stop_loss_abs":0.13899,"initial_stop_loss_ratio":-0.05,"stop_loss_abs":0.13899,"stop_loss_ratio":-0.05,"min_rate":0.1463,"max_rate":0.15319,"is_open":false,"enter_tag":"","leverage":1.0,"is_short":false,"open_timestamp":1765296000000,"close_timestamp":1765303200000,"orders":[{"amount":2308.0,"safe_price":0.1463,"ft_order_side":"buy","order_filled_timestamp":1765296000000,"ft_is_entry":true,"ft_order_tag":"","cost":337.9980604},{"amount":2308.0,"safe_price":0.15095,"ft_order_side":"sell","order_filled_timestamp":1765303200000,"ft_is_entry":false,"ft_order_tag":"roi","cost":348.74099259999997}],"funding_fees":0.0,"weekday":1}],"locks":[],"best_pair":{"key":"DOGE/USDT","trades":11,"profit_mean":0.009083166425630205,"profit_mean_pct":0.91,"profit_total_abs":33.35186622,"profit_total":0.03335186622,"profit_total_pct":3.34,"duration_avg":"2:00:00","wins":7,"draws":4,"losses":0,"winrate":0.6363636363636364,"cagr":0.1313955512111633,"expectancy":3.031987838181818,"expectancy_ratio":100.0,"sortino":-100,"sharpe":1.2730231512873957,"calmar":-100,"sqn":1.8581,"profit_factor":0.0,"max_drawdown_account":0.0,"max_drawdown_abs":0.0},"worst_pair":{"key":"DOGE/USDT","trades":11,"profit_mean":0.009083166425630205,"profit_mean_pct":0.91,"profit_total_abs":33.35186622,"profit_total":0.03335186622,"profit_total_pct":3.34,"duration_avg":"2:00:00","wins":7,"draws":4,"losses":0,"winrate":0.6363636363636364,"cagr":0.1313955512111633,"expectancy":3.031987838181818,"expectancy_ratio":100.0,"sortino":-100,"sharpe":1.2730231512873957,"calmar":-100,"sqn":1.8581,"profit_factor":0.0,"max_drawdown_account":0.0,"max_drawdown_abs":0.0},"results_per_pair":[{"key":"DOGE/USDT","trades":11,"profit_mean":0.009083166425630205,"profit_mean_pct":0.91,"profit_total_abs":33.35186622,"profit_total":0.03335186622,"profit_total_pct":3.34,"duration_avg":"2:00:00","wins":7,"draws":4,"losses":0,"winrate":0.6363636363636364,"cagr":0.1313955512111633,"expectancy":3.031987838181818,"expectancy_ratio":100.0,"sortino":-100,"sharpe":1.2730231512873957,"calmar":-100,"sqn":1.8581,"profit_factor":0.0,"max_drawdown_account":0.0,"max_drawdown_abs":0.0},{"key":"TOTAL","trades":11,"profit_mean":0.009083166425630205,"profit_mean_pct":0.91,"profit_total_abs":33.35186622,"profit_total":0.03335186622,"profit_total_pct":3.34,"duration_avg":"2:00:00","wins":7,"draws":4,"losses":0,"winrate":0.6363636363636364,"cagr":0.1313955512111633,"expectancy":3.031987838181818,"expectancy_ratio":100.0,"sortino":-100,"sharpe":1.2730231512873957,"calmar":-100,"sqn":1.8581,"profit_factor":0.0,"max_drawdown_account":0.0,"max_drawdown_abs":0.0}],"results_per_enter_tag":[{"key":"","trades":11,"profit_mean":0.009083166425630205,"profit_mean_pct":0.91,"profit_total_abs":33.35186622,"profit_total":0.03335186622,"profit_total_pct":3.34,"duration_avg":"2:00:00","wins":7,"draws":4,"losses":0,"winrate":0.6363636363636364,"cagr":0.1313955512111633,"expectancy":3.031987838181818,"expectancy_ratio":100.0,"sortino":-100,"sharpe":1.2730231512873957,"calmar":-100,"sqn":1.8581,"profit_factor":0.0,"max_drawdown_account":0.0,"max_drawdown_abs":0.0},{"key":"TOTAL","trades":11,"profit_mean":0.009083166425630205,"profit_mean_pct":0.91,"profit_total_abs":33.35186622,"profit_total":0.03335186622,"profit_total_pct":3.34,"duration_avg":"2:00:00","wins":7,"draws":4,"losses":0,"winrate":0.6363636363636364,"cagr":0.1313955512111633,"expectancy":3.031987838181818,"expectancy_ratio":100.0,"sortino":-100,"sharpe":1.2730231512873957,"calmar":-100,"sqn":1.8581,"profit_factor":0.0,"max_drawdown_account":0.0,"max_drawdown_abs":0.0}],"exit_reason_summary":[{"key":"roi","trades":11,"profit_mean":0.009083166425630205,"profit_mean_pct":0.91,"profit_total_abs":33.35186622,"profit_total":0.03335186622,"profit_total_pct":3.34,"duration_avg":"2:00:00","wins":7,"draws":4,"losses":0,"winrate":0.6363636363636364,"cagr":0.1313955512111633,"expectancy":3.031987838181818,"expectancy_ratio":100.0,"sortino":-100,"sharpe":1.2730231512873957,"calmar":-100,"sqn":1.8581,"profit_factor":0.0,"max_drawdown_account":0.0,"max_drawdown_abs":0.0},{"key":"TOTAL","trades":11,"profit_mean":0.009083166425630205,"profit_mean_pct":0.91,"profit_total_abs":33.35186622,"profit_total":0.03335186622,"profit_total_pct":3.34,"duration_avg":"2:00:00","wins":7,"draws":4,"losses":0,"winrate":0.6363636363636364,"cagr":0.1313955512111633,"expectancy":3.031987838181818,"expectancy_ratio":100.0,"sortino":-100,"sharpe":1.2730231512873957,"calmar":-100,"sqn":1.8581,"profit_factor":0.0,"max_drawdown_account":0.0,"max_drawdown_abs":0.0}],"mix_tag_stats":[{"key":["","roi"],"trades":11,"profit_mean":0.009083166425630205,"profit_mean_pct":0.91,"profit_total_abs":33.35186622,"profit_total":0.03335186622,"profit_total_pct":3.34,"duration_avg":"2:00:00","wins":7,"draws":4,"losses":0,"winrate":0.6363636363636364,"cagr":0.1313955512111633,"expectancy":3.031987838181818,"expectancy_ratio":100.0,"sortino":-100,"sharpe":1.2730231512873957,"calmar":-100,"sqn":1.8581,"profit_factor":0.0,"max_drawdown_account":0.0,"max_drawdown_abs":0.0},{"key":"TOTAL","trades":11,"profit_mean":0.009083166425630205,"profit_mean_pct":0.91,"profit_total_abs":33.35186622,"profit_total":0.03335186622,"profit_total_pct":3.34,"duration_avg":"2:00:00","wins":7,"draws":4,"losses":0,"winrate":0.6363636363636364,"cagr":0.1313955512111633,"expectancy":3.031987838181818,"expectancy_ratio":100.0,"sortino":-100,"sharpe":1.2730231512873957,"calmar":-100,"sqn":1.8581,"profit_factor":0.0,"max_drawdown_account":0.0,"max_drawdown_abs":0.0}],"left_open_trades":[{"key":"TOTAL","trades":0,"profit_mean":0.0,"profit_mean_pct":0.0,"profit_total_abs":0.0,"profit_total":0.0,"profit_total_pct":0.0,"duration_avg":"0:00","wins":0,"draws":0,"losses":0,"winrate":0.0,"cagr":0.0,"expectancy":0.0,"expectancy_ratio":100.0,"sortino":0,"sharpe":0,"calmar":0,"sqn":0.0,"profit_factor":0.0,"max_drawdown_account":0.0,"max_drawdown_abs":0.0}],"total_trades":11,"trade_count_long":11,"trade_count_short":0,"total_volume":7385.006023009229,"avg_stake_amount":333.49540454545456,"profit_mean":0.009083166425630205,"profit_median":0.0004951987070191001,"profit_total":0.03335186622,"profit_total_long":0.03335186622,"profit_total_short":0.0,"profit_total_abs":33.35186622,"profit_total_long_abs":33.35186622,"profit_total_short_abs":0.0,"cagr":0.1313955512111633,"expectancy":3.031987838181818,"expectancy_ratio":100.0,"sortino":-100,"sharpe":1.2730231512873957,"calmar":-100,"sqn":1.8581,"profit_factor":0.0,"backtest_start":"2025-10-01 00:00:00","backtest_start_ts":1759276800000,"backtest_end":"2026-01-06 20:00:00","backtest_end_ts":1767729600000,"backtest_days":97,"backtest_run_start_ts":1767746124,"backtest_run_end_ts":1767746124,"trades_per_day":0.11,"market_change":-0.36632086436227446,"pairlist":["DOGE/USDT"],"stake_amount":"unlimited","stake_currency":"USDT","stake_currency_decimals":3,"starting_balance":1000,"dry_run_wallet":1000,"final_balance":1033.35186622,"rejected_signals":0,"timedout_entry_orders":0,"timedout_exit_orders":0,"canceled_trade_entries":0,"canceled_entry_orders":0,"replaced_entry_orders":0,"max_open_trades":1,"max_open_trades_setting":3,"timeframe":"1h","timeframe_detail":"","timerange":"20251001-","enable_protections":false,"strategy_name":"ACO_74_23","freqaimodel":null,"freqai_identifier":null,"stoploss":-0.05,"trailing_stop":false,"trailing_stop_positive":null,"trailing_stop_positive_offset":0.0,"trailing_only_offset_is_reached":false,"use_custom_stoploss":false,"minimal_roi":{"0":0.1,"60":0.05,"120":0.0},"use_exit_signal":true,"exit_profit_only":false,"exit_profit_offset":0.0,"ignore_roi_if_entry_signal":false,"trading_mode":"spot","margin_mode":"","periodic_breakdown":{"day":[{"date":"08/10/2025","date_ts":1759881600000,"profit_abs":0.0,"wins":0,"draws":1,"losses":0,"trades":1,"profit_factor":0.0},{"date":"09/10/2025","date_ts":1759968000000,"profit_abs":0.0,"wins":0,"draws":0,"losses":0,"trades":0,"profit_factor":0.0},{"date":"10/10/2025","date_ts":1760054400000,"profit_abs":0.0,"wins":0,"draws":0,"losses":0,"trades":0,"profit_factor":0.0},{"date":"11/10/2025","date_ts":1760140800000,"profit_abs":0.0,"wins":0,"draws":0,"losses":0,"trades":0,"profit_factor":0.0},{"date":"12/10/2025","date_ts":1760227200000,"profit_abs":0.0,"wins":0,"draws":0,"losses":0,"trades":0,"profit_factor":0.0},{"date":"13/10/2025","date_ts":1760313600000,"profit_abs":0.0,"wins":0,"draws":0,"losses":0,"trades":0,"profit_factor":0.0},{"date":"14/10/2025","date_ts":1760400000000,"profit_abs":0.15155168,"wins":1,"draws":0,"losses":0,"trades":1,"profit_factor":0.0},{"date":"15/10/2025","date_ts":1760486400000,"profit_abs":0.0,"wins":0,"draws":0,"losses":0,"trades":0,"profit_factor":0.0},{"date":"16/10/2025","date_ts":1760572800000,"profit_abs":0.0,"wins":0,"draws":0,"losses":0,"trades":0,"profit_factor":0.0},{"date":"17/10/2025","date_ts":1760659200000,"profit_abs":0.0,"wins":0,"draws":0,"losses":0,"trades":0,"profit_factor":0.0},{"date":"18/10/2025","date_ts":1760745600000,"profit_abs":0.0,"wins":0,"draws":0,"losses":0,"trades":0,"profit_factor":0.0},{"date":"19/10/2025","date_ts":1760832000000,"profit_abs":0.0,"wins":0,"draws":1,"losses":0,"trades":1,"profit_factor":0.0},{"date":"20/10/2025","date_ts":1760918400000,"profit_abs":0.0,"wins":0,"draws":0,"losses":0,"trades":0,"profit_factor":0.0},{"date":"21/10/2025","date_ts":1761004800000,"profit_abs":0.0,"wins":0,"draws":0,"losses":0,"trades":0,"profit_factor":0.0},{"date":"22/10/2025","date_ts":1761091200000,"profit_abs":0.0,"wins":0,"draws":0,"losses":0,"trades":0,"profit_factor":0.0},{"date":"23/10/2025","date_ts":1761177600000,"profit_abs":0.0,"wins":0,"draws":0,"losses":0,"trades":0,"profit_factor":0.0},{"date":"24/10/2025","date_ts":1761264000000,"profit_abs":0.0,"wins":0,"draws":0,"losses":0,"trades":0,"profit_factor":0.0},{"date":"25/10/2025","date_ts":1761350400000,"profit_abs":0.0,"wins":0,"draws":0,"losses":0,"trades":0,"profit_factor":0.0},{"date":"26/10/2025","date_ts":1761436800000,"profit_abs":3.05571927,"wins":1,"draws":0,"losses":0,"trades":1,"profit_factor":0.0},{"date":"27/10/2025","date_ts":1761523200000,"profit_abs":0.0,"wins":0,"draws":0,"losses":0,"trades":0,"profit_factor":0.0},{"date":"28/10/2025","date_ts":1761609600000,"profit_abs":0.0,"wins":0,"draws":0,"losses":0,"trades":0,"profit_factor":0.0},{"date":"29/10/2025","date_ts":1761696000000,"profit_abs":0.0,"wins":0,"draws":0,"losses":0,"trades":0,"profit_factor":0.0},{"date":"30/10/2025","date_ts":1761782400000,"profit_abs":0.0,"wins":0,"draws":0,"losses":0,"trades":0,"profit_factor":0.0},{"date":"31/10/2025","date_ts":1761868800000,"profit_abs":0.28777554,"wins":1,"draws":0,"losses":0,"trades":1,"profit_factor":0.0},{"date":"01/11/2025","date_ts":1761955200000,"profit_abs":0.0,"wins":0,"draws":0,"losses":0,"trades":0,"profit_factor":0.0},{"date":"02/11/2025","date_ts":1762041600000,"profit_abs":0.0,"wins":0,"draws":0,"losses":0,"trades":0,"profit_factor":0.0},{"date":"03/11/2025","date_ts":1762128000000,"profit_abs":0.0,"wins":0,"draws":0,"losses":0,"trades":0,"profit_factor":0.0},{"date":"04/11/2025","date_ts":1762214400000,"profit_abs":0.0,"wins":0,"draws":0,"losses":0,"trades":0,"profit_factor":0.0},{"date":"05/11/2025","date_ts":1762300800000,"profit_abs":0.0,"wins":0,"draws":0,"losses":0,"trades":0,"profit_factor":0.0},{"date":"06/11/2025","date_ts":1762387200000,"profit_abs":0.0,"wins":0,"draws":0,"losses":0,"trades":0,"profit_factor":0.0},{"date":"07/11/2025","date_ts":1762473600000,"profit_abs":16.555509,"wins":1,"draws":0,"losses":0,"trades":1,"profit_factor":0.0},{"date":"08/11/2025","date_ts":1762560000000,"profit_abs":0.0,"wins":0,"draws":0,"losses":0,"trades":0,"profit_factor":0.0},{"date":"09/11/2025","date_ts":1762646400000,"profit_abs":3.08785113,"wins":1,"draws":0,"losses":0,"trades":1,"profit_factor":0.0},{"date":"10/11/2025","date_ts":1762732800000,"profit_abs":0.0,"wins":0,"draws":0,"losses":0,"trades":0,"profit_factor":0.0},{"date":"11/11/2025","date_ts":1762819200000,"profit_abs":0.0,"wins":0,"draws":0,"losses":0,"trades":0,"profit_factor":0.0},{"date":"12/11/2025","date_ts":1762905600000,"profit_abs":0.0,"wins":0,"draws":0,"losses":0,"trades":0,"profit_factor":0.0},{"date":"13/11/2025","date_ts":1762992000000,"profit_abs":0.0,"wins":0,"draws":0,"losses":0,"trades":0,"profit_factor":0.0},{"date":"14/11/2025","date_ts":1763078400000,"profit_abs":0.0,"wins":0,"draws":0,"losses":0,"trades":0,"profit_factor":0.0},{"date":"15/11/2025","date_ts":1763164800000,"profit_abs":0.0,"wins":0,"draws":0,"losses":0,"trades":0,"profit_factor":0.0},{"date":"16/11/2025","date_ts":1763251200000,"profit_abs":0.0,"wins":0,"draws":0,"losses":0,"trades":0,"profit_factor":0.0},{"date":"17/11/2025","date_ts":1763337600000,"profit_abs":0.0,"wins":0,"draws":0,"losses":0,"trades":0,"profit_factor":0.0},{"date":"18/11/2025","date_ts":1763424000000,"profit_abs":0.0,"wins":0,"draws":1,"losses":0,"trades":1,"profit_factor":0.0},{"date":"19/11/2025","date_ts":1763510400000,"profit_abs":0.0,"wins":0,"draws":0,"losses":0,"trades":0,"profit_factor":0.0},{"date":"20/11/2025","date_ts":1763596800000,"profit_abs":0.0,"wins":0,"draws":0,"losses":0,"trades":0,"profit_factor":0.0},{"date":"21/11/2025","date_ts":1763683200000,"profit_abs":0.0,"wins":0,"draws":0,"losses":0,"trades":0,"profit_factor":0.0},{"date":"22/11/2025","date_ts":1763769600000,"profit_abs":0.0,"wins":0,"draws":0,"losses":0,"trades":0,"profit_factor":0.0},{"date":"23/11/2025","date_ts":1763856000000,"profit_abs":0.0,"wins":0,"draws":0,"losses":0,"trades":0,"profit_factor":0.0},{"date":"24/11/2025","date_ts":1763942400000,"profit_abs":0.1673126,"wins":1,"draws":0,"losses":0,"trades":1,"profit_factor":0.0},{"date":"25/11/2025","date_ts":1764028800000,"profit_abs":0.0,"wins":0,"draws":0,"losses":0,"trades":0,"profit_factor":0.0},{"date":"26/11/2025","date_ts":1764115200000,"profit_abs":0.0,"wins":0,"draws":1,"losses":0,"trades":1,"profit_factor":0.0},{"date":"27/11/2025","date_ts":1764201600000,"profit_abs":0.0,"wins":0,"draws":0,"losses":0,"trades":0,"profit_factor":0.0},{"date":"28/11/2025","date_ts":1764288000000,"profit_abs":0.0,"wins":0,"draws":0,"losses":0,"trades":0,"profit_factor":0.0},{"date":"29/11/2025","date_ts":1764374400000,"profit_abs":0.0,"wins":0,"draws":0,"losses":0,"trades":0,"profit_factor":0.0},{"date":"30/11/2025","date_ts":1764460800000,"profit_abs":0.0,"wins":0,"draws":0,"losses":0,"trades":0,"profit_factor":0.0},{"date":"01/12/2025","date_ts":1764547200000,"profit_abs":0.0,"wins":0,"draws":0,"losses":0,"trades":0,"profit_factor":0.0},{"date":"02/12/2025","date_ts":1764633600000,"profit_abs":0.0,"wins":0,"draws":0,"losses":0,"trades":0,"profit_factor":0.0},{"date":"03/12/2025","date_ts":1764720000000,"profit_abs":0.0,"wins":0,"draws":0,"losses":0,"trades":0,"profit_factor":0.0},{"date":"04/12/2025","date_ts":1764806400000,"profit_abs":0.0,"wins":0,"draws":0,"losses":0,"trades":0,"profit_factor":0.0},{"date":"05/12/2025","date_ts":1764892800000,"profit_abs":0.0,"wins":0,"draws":0,"losses":0,"trades":0,"profit_factor":0.0},{"date":"06/12/2025","date_ts":1764979200000,"profit_abs":0.0,"wins":0,"draws":0,"losses":0,"trades":0,"profit_factor":0.0},{"date":"07/12/2025","date_ts":1765065600000,"profit_abs":0.0,"wins":0,"draws":0,"losses":0,"trades":0,"profit_factor":0.0},{"date":"08/12/2025","date_ts":1765152000000,"profit_abs":0.0,"wins":0,"draws":0,"losses":0,"trades":0,"profit_factor":0.0},{"date":"09/12/2025","date_ts":1765238400000,"profit_abs":10.046147,"wins":1,"draws":0,"losses":0,"trades":1,"profit_factor":0.0}],"week":[{"date":"13/10/2025","date_ts":1760313600000,"profit_abs":0.0,"wins":0,"draws":1,"losses":0,"trades":1,"profit_factor":0.0},{"date":"20/10/2025","date_ts":1760918400000,"profit_abs":0.15155168,"wins":1,"draws":1,"losses":0,"trades":2,"profit_factor":0.0},{"date":"27/10/2025","date_ts":1761523200000,"profit_abs":3.05571927,"wins":1,"draws":0,"losses":0,"trades":1,"profit_factor":0.0},{"date":"03/11/2025","date_ts":1762128000000,"profit_abs":0.28777554,"wins":1,"draws":0,"losses":0,"trades":1,"profit_factor":0.0},{"date":"10/11/2025","date_ts":1762732800000,"profit_abs":19.64336013,"wins":2,"draws":0,"losses":0,"trades":2,"profit_factor":0.0},{"date":"17/11/2025","date_ts":1763337600000,"profit_abs":0.0,"wins":0,"draws":0,"losses":0,"trades":0,"profit_factor":0.0},{"date":"24/11/2025","date_ts":1763942400000,"profit_abs":0.1673126,"wins":1,"draws":1,"losses":0,"trades":2,"profit_factor":0.0},{"date":"01/12/2025","date_ts":1764547200000,"profit_abs":0.0,"wins":0,"draws":1,"losses":0,"trades":1,"profit_factor":0.0},{"date":"08/12/2025","date_ts":1765152000000,"profit_abs":0.0,"wins":0,"draws":0,"losses":0,"trades":0,"profit_factor":0.0},{"date":"15/12/2025","date_ts":1765756800000,"profit_abs":10.046147,"wins":1,"draws":0,"losses":0,"trades":1,"profit_factor":0.0}],"month":[{"date":"31/10/2025","date_ts":1761868800000,"profit_abs":3.49504649,"wins":3,"draws":2,"losses":0,"trades":5,"profit_factor":0.0},{"date":"30/11/2025","date_ts":1764460800000,"profit_abs":19.81067273,"wins":3,"draws":2,"losses":0,"trades":5,"profit_factor":0.0},{"date":"31/12/2025","date_ts":1767139200000,"profit_abs":10.046147,"wins":1,"draws":0,"losses":0,"trades":1,"profit_factor":0.0}],"year":[{"date":"31/12/2025","date_ts":1767139200000,"profit_abs":33.35186622,"wins":7,"draws":4,"losses":0,"trades":11,"profit_factor":0.0}],"weekday":[{"date":"Monday","date_ts":0,"profit_abs":0.1673126,"wins":1,"draws":0,"losses":0,"trades":1,"profit_factor":0.0},{"date":"Tuesday","date_ts":1,"profit_abs":10.19769868,"wins":2,"draws":1,"losses":0,"trades":3,"profit_factor":0.0},{"date":"Wednesday","date_ts":2,"profit_abs":0.0,"wins":0,"draws":2,"losses":0,"trades":2,"profit_factor":0.0},{"date":"Friday","date_ts":4,"profit_abs":16.84328454,"wins":2,"draws":0,"losses":0,"trades":2,"profit_factor":0.0},{"date":"Sunday","date_ts":6,"profit_abs":6.1435704,"wins":2,"draws":1,"losses":0,"trades":3,"profit_factor":0.0}]},"backtest_best_day":0.04995004995004995,"backtest_worst_day":0.0,"backtest_best_day_abs":16.555509,"backtest_worst_day_abs":0.0,"winning_days":7,"draw_days":56,"losing_days":0,"daily_profit":[["2025-10-08",0.0],["2025-10-09",0.0],["2025-10-10",0.0],["2025-10-11",0.0],["2025-10-12",0.0],["2025-10-13",0.0],["2025-10-14",0.15155168],["2025-10-15",0.0],["2025-10-16",0.0],["2025-10-17",0.0],["2025-10-18",0.0],["2025-10-19",0.0],["2025-10-20",0.0],["2025-10-21",0.0],["2025-10-22",0.0],["2025-10-23",0.0],["2025-10-24",0.0],["2025-10-25",0.0],["2025-10-26",3.05571927],["2025-10-27",0.0],["2025-10-28",0.0],["2025-10-29",0.0],["2025-10-30",0.0],["2025-10-31",0.28777554],["2025-11-01",0.0],["2025-11-02",0.0],["2025-11-03",0.0],["2025-11-04",0.0],["2025-11-05",0.0],["2025-11-06",0.0],["2025-11-07",16.555509],["2025-11-08",0.0],["2025-11-09",3.08785113],["2025-11-10",0.0],["2025-11-11",0.0],["2025-11-12",0.0],["2025-11-13",0.0],["2025-11-14",0.0],["2025-11-15",0.0],["2025-11-16",0.0],["2025-11-17",0.0],["2025-11-18",0.0],["2025-11-19",0.0],["2025-11-20",0.0],["2025-11-21",0.0],["2025-11-22",0.0],["2025-11-23",0.0],["2025-11-24",0.1673126],["2025-11-25",0.0],["2025-11-26",0.0],["2025-11-27",0.0],["2025-11-28",0.0],["2025-11-29",0.0],["2025-11-30",0.0],["2025-12-01",0.0],["2025-12-02",0.0],["2025-12-03",0.0],["2025-12-04",0.0],["2025-12-05",0.0],["2025-12-06",0.0],["2025-12-07",0.0],["2025-12-08",0.0],["2025-12-09",10.046147]],"wins":7,"losses":0,"draws":4,"winrate":0.6363636363636364,"holding_avg":"2:00:00","holding_avg_s":7200.0,"winner_holding_min":"0d 01:00","winner_holding_min_s":3600.0,"winner_holding_max":"0d 02:00","winner_holding_max_s":7200.0,"winner_holding_avg":"0d 01:51","winner_holding_avg_s":6660.0,"loser_holding_min":"0d 00:00","loser_holding_min_s":0.0,"loser_holding_max":"0d 00:00","loser_holding_max_s":0.0,"loser_holding_avg":"0d 00:00","loser_holding_avg_s":0.0,"max_consecutive_wins":4,"max_consecutive_losses":1,"max_drawdown_account":0.0,"max_relative_drawdown":0.0,"max_drawdown_abs":0.0,"drawdown_start":"2025-10-08 15:00:00","drawdown_start_ts":1759935600000.0,"drawdown_end":"2025-10-08 15:00:00","drawdown_end_ts":1759935600000.0,"drawdown_duration":"0 days 00:00:00","drawdown_duration_s":0.0,"max_drawdown_low":0.0,"max_drawdown_high":0.0,"csum_min":1000.0,"csum_max":1033.35186622}},"strategy_comparison":[{"key":"ACO_74_23","trades":11,"profit_mean":0.009083166425630205,"profit_mean_pct":0.91,"profit_total_abs":33.35186622,"profit_total":0.03335186622,"profit_total_pct":3.34,"duration_avg":"2:00:00","wins":7,"draws":4,"losses":0,"winrate":0.6363636363636364,"cagr":0.1313955512111633,"expectancy":3.031987838181818,"expectancy_ratio":100.0,"sortino":-100,"sharpe":1.2730231512873957,"calmar":-100,"sqn":1.8581,"profit_factor":0.0,"max_drawdown_account":0.0,"max_drawdown_abs":"0"}]}