{"strategy":{"ACO_38_12":{"trades":[{"pair":"DOGE/USDT","stake_amount":329.87424,"max_stake_amount":329.87424,"amount":1506.0,"open_date":"2025-10-10 21:00:00+00:00","close_date":"2025-10-10 21:00:00+00:00","open_rate":0.21904,"close_rate":0.20809,"fee_open":0.001,"fee_close":0.001,"trade_duration":0,"profit_ratio":-0.051888989388989386,"profit_abs":-17.13395778,"exit_reason":"stop_loss","initial_stop_loss_abs":0.20809,"initial_stop_loss_ratio":-0.05,"stop_loss_abs":0.20809,"stop_loss_ratio":-0.05,"min_rate":0.095,"max_rate":0.22132,"is_open":false,"enter_tag":"","leverage":1.0,"is_short":false,"open_timestamp":1760130000000,"close_timestamp":1760130000000,"orders":[{"amount":1506.0,"safe_price":0.21904,"ft_order_side":"buy","order_filled_timestamp":1760130000000,"ft_is_entry":true,"ft_order_tag":"","cost":330.20411424},{"amount":1506.0,"safe_price":0.20809,"ft_order_side":"sell","order_filled_timestamp":1760130000000,"ft_is_entry":false,"ft_order_tag":"stop_loss","cost":313.69692353999994}],"funding_fees":0.0,"weekday":4},{"pair":"DOGE/USDT","stake_amount":324.2733,"max_stake_amount":324.2733,"amount":1742.0,"open_date":"2025-10-10 22:00:00+00:00","close_date":"2025-10-10 22:00:00+00:00","open_rate":0.18615,"close_rate":0.17685,"fee_open":0.001,"fee_close":0.001,"trade_duration":0,"profit_ratio":-0.0518578923091413,"profit_abs":-16.832946,"exit_reason":"stop_loss","initial_stop_loss_abs":0.17685,"initial_stop_loss_ratio":-0.05,"stop_loss_abs":0.17685,"stop_loss_ratio":-0.05,"min_rate":0.16923,"max_rate":0.19509,"is_open":false,"enter_tag":"","leverage":1.0,"is_short":false,"open_timestamp":1760133600000,"close_timestamp":1760133600000,"orders":[{"amount":1742.0,"safe_price":0.18615,"ft_order_side":"buy","order_filled_timestamp":1760133600000,"ft_is_entry":true,"ft_order_tag":"","cost":324.59757329999997},{"amount":1742.0,"safe_price":0.17685,"ft_order_side":"sell","order_filled_timestamp":1760133600000,"ft_is_entry":false,"ft_order_tag":"stop_loss","cost":308.38077269999997}],"funding_fees":0.0,"weekday":4},{"pair":"DOGE/USDT","stake_amount":318.73872,"max_stake_amount":318.73872,"amount":1644.0,"open_date":"2025-10-11 11:00:00+00:00","close_date":"2025-10-11 19:00:00+00:00","open_rate":0.19388,"close_rate":0.18419,"fee_open":0.001,"fee_close":0.001,"trade_duration":480,"profit_ratio":-0.05187751180117592,"profit_abs":-16.55190708,"exit_reason":"stop_loss","initial_stop_loss_abs":0.18419,"initial_stop_loss_ratio":-0.05,"stop_loss_abs":0.18419,"stop_loss_ratio":-0.05,"min_rate":0.18286,"max_rate":0.19448,"is_open":false,"enter_tag":"","leverage":1.0,"is_short":false,"open_timestamp":1760180400000,"close_timestamp":1760209200000,"orders":[{"amount":1644.0,"safe_price":0.19388,"ft_order_side":"buy","order_filled_timestamp":1760180400000,"ft_is_entry":true,"ft_order_tag":"","cost":319.05745871999994},{"amount":1644.0,"safe_price":0.18419,"ft_order_side":"sell","order_filled_timestamp":1760209200000,"ft_is_entry":false,"ft_order_tag":"stop_loss","cost":303.11116835999997}],"funding_fees":0.0,"weekday":5},{"pair":"DOGE/USDT","stake_amount":313.16214,"max_stake_amount":313.16214,"amount":1698.0,"open_date":"2025-10-11 20:00:00+00:00","close_date":"2025-10-11 22:00:00+00:00","open_rate":0.18443,"close_rate":0.18479922922922923,"fee_open":0.001,"fee_close":0.001,"trade_duration":120,"profit_ratio":0.0,"profit_abs":0.0,"exit_reason":"roi","initial_stop_loss_abs":0.17521,"initial_stop_loss_ratio":-0.05,"stop_loss_abs":0.17521,"stop_loss_ratio":-0.05,"min_rate":0.17816,"max_rate":0.18622,"is_open":false,"enter_tag":"","leverage":1.0,"is_short":false,"open_timestamp":1760212800000,"close_timestamp":1760220000000,"orders":[{"amount":1698.0,"safe_price":0.18443,"ft_order_side":"buy","order_filled_timestamp":1760212800000,"ft_is_entry":true,"ft_order_tag":"","cost":313.47530214},{"amount":1698.0,"safe_price":0.18479922922922923,"ft_order_side":"sell","order_filled_timestamp":1760220000000,"ft_is_entry":false,"ft_order_tag":"roi","cost":314.1028803224624}],"funding_fees":0.0,"weekday":5},{"pair":"DOGE/USDT","stake_amount":313.16363,"max_stake_amount":313.16363,"amount":1717.0,"open_date":"2025-10-12 01:00:00+00:00","close_date":"2025-10-12 03:00:00+00:00","open_rate":0.18239,"close_rate":0.18275514514514513,"fee_open":0.001,"fee_close":0.001,"trade_duration":120,"profit_ratio":0.0,"profit_abs":0.0,"exit_reason":"roi","initial_stop_loss_abs":0.17328,"initial_stop_loss_ratio":-0.05,"stop_loss_abs":0.17328,"stop_loss_ratio":-0.05,"min_rate":0.18072,"max_rate":0.18675,"is_open":false,"enter_tag":"","leverage":1.0,"is_short":false,"open_timestamp":1760230800000,"close_timestamp":1760238000000,"orders":[{"amount":1717.0,"safe_price":0.18239,"ft_order_side":"buy","order_filled_timestamp":1760230800000,"ft_is_entry":true,"ft_order_tag":"","cost":313.47679363},{"amount":1717.0,"safe_price":0.18275514514514513,"ft_order_side":"sell","order_filled_timestamp":1760238000000,"ft_is_entry":false,"ft_order_tag":"roi","cost":314.10437479842835}],"funding_fees":0.0,"weekday":6},{"pair":"DOGE/USDT","stake_amount":313.325,"max_stake_amount":313.325,"amount":1660.0,"open_date":"2025-10-12 09:00:00+00:00","close_date":"2025-10-12 11:00:00+00:00","open_rate":0.18875,"close_rate":0.18912787787787785,"fee_open":0.001,"fee_close":0.001,"trade_duration":120,"profit_ratio":0.0,"profit_abs":0.0,"exit_reason":"roi","initial_stop_loss_abs":0.17932,"initial_stop_loss_ratio":-0.05,"stop_loss_abs":0.17932,"stop_loss_ratio":-0.05,"min_rate":0.18695,"max_rate":0.19054,"is_open":false,"enter_tag":"","leverage":1.0,"is_short":false,"open_timestamp":1760259600000,"close_timestamp":1760266800000,"orders":[{"amount":1660.0,"safe_price":0.18875,"ft_order_side":"buy","order_filled_timestamp":1760259600000,"ft_is_entry":true,"ft_order_tag":"","cost":313.63832499999995},{"amount":1660.0,"safe_price":0.18912787787787785,"ft_order_side":"sell","order_filled_timestamp":1760266800000,"ft_is_entry":false,"ft_order_tag":"roi","cost":314.26622955455446}],"funding_fees":0.0,"weekday":6},{"pair":"DOGE/USDT","stake_amount":313.15284,"max_stake_amount":313.15284,"amount":1659.0,"open_date":"2025-10-12 12:00:00+00:00","close_date":"2025-10-12 14:00:00+00:00","open_rate":0.18876,"close_rate":0.1891378978978979,"fee_open":0.001,"fee_close":0.001,"trade_duration":120,"profit_ratio":0.0,"profit_abs":0.0,"exit_reason":"roi","initial_stop_loss_abs":0.17933,"initial_stop_loss_ratio":-0.05,"stop_loss_abs":0.17933,"stop_loss_ratio":-0.05,"min_rate":0.18624,"max_rate":0.19986,"is_open":false,"enter_tag":"","leverage":1.0,"is_short":false,"open_timestamp":1760270400000,"close_timestamp":1760277600000,"orders":[{"amount":1659.0,"safe_price":0.18876,"ft_order_side":"buy","order_filled_timestamp":1760270400000,"ft_is_entry":true,"ft_order_tag":"","cost":313.46599284},{"amount":1659.0,"safe_price":0.1891378978978979,"ft_order_side":"sell","order_filled_timestamp":1760277600000,"ft_is_entry":false,"ft_order_tag":"roi","cost":314.09355238522517}],"funding_fees":0.0,"weekday":6},{"pair":"DOGE/USDT","stake_amount":313.12548,"max_stake_amount":313.12548,"amount":1514.0,"open_date":"2025-10-12 22:00:00+00:00","close_date":"2025-10-13 00:00:00+00:00","open_rate":0.20682,"close_rate":0.20723405405405404,"fee_open":0.001,"fee_close":0.001,"trade_duration":120,"profit_ratio":0.0,"profit_abs":0.0,"exit_reason":"roi","initial_stop_loss_abs":0.19648,"initial_stop_loss_ratio":-0.05,"stop_loss_abs":0.19648,"stop_loss_ratio":-0.05,"min_rate":0.20465,"max_rate":0.20882,"is_open":false,"enter_tag":"","leverage":1.0,"is_short":false,"open_timestamp":1760306400000,"close_timestamp":1760313600000,"orders":[{"amount":1514.0,"safe_price":0.20682,"ft_order_side":"buy","order_filled_timestamp":1760306400000,"ft_is_entry":true,"ft_order_tag":"","cost":313.4386054799999},{"amount":1514.0,"safe_price":0.20723405405405404,"ft_order_side":"sell","order_filled_timestamp":1760313600000,"ft_is_entry":false,"ft_order_tag":"roi","cost":314.0661101956756}],"funding_fees":0.0,"weekday":0},{"pair":"DOGE/USDT","stake_amount":313.27567,"max_stake_amount":313.27567,"amount":1517.0,"open_date":"2025-10-13 01:00:00+00:00","close_date":"2025-10-13 03:00:00+00:00","open_rate":0.20651,"close_rate":0.20886,"fee_open":0.001,"fee_close":0.001,"trade_duration":120,"profit_ratio":0.009358855758545847,"profit_abs":2.93483371,"exit_reason":"roi","initial_stop_loss_abs":0.19619,"initial_stop_loss_ratio":-0.05,"stop_loss_abs":0.19619,"stop_loss_ratio":-0.05,"min_rate":0.20548,"max_rate":0.20999,"is_open":false,"enter_tag":"","leverage":1.0,"is_short":false,"open_timestamp":1760317200000,"close_timestamp":1760324400000,"orders":[{"amount":1517.0,"safe_price":0.20651,"ft_order_side":"buy","order_filled_timestamp":1760317200000,"ft_is_entry":true,"ft_order_tag":"","cost":313.58894566999993},{"amount":1517.0,"safe_price":0.20886,"ft_order_side":"sell","order_filled_timestamp":1760324400000,"ft_is_entry":false,"ft_order_tag":"roi","cost":317.15746061999994}],"funding_fees":0.0,"weekday":0},{"pair":"DOGE/USDT","stake_amount":314.17584,"max_stake_amount":314.17584,"amount":1516.0,"open_date":"2025-10-13 04:00:00+00:00","close_date":"2025-10-13 06:00:00+00:00","open_rate":0.20724,"close_rate":0.2078,"fee_open":0.001,"fee_close":0.001,"trade_duration":120,"profit_ratio":0.0006987800849989616,"profit_abs":0.21975936,"exit_reason":"roi","initial_stop_loss_abs":0.19688,"initial_stop_loss_ratio":-0.05,"stop_loss_abs":0.19688,"stop_loss_ratio":-0.05,"min_rate":0.20634,"max_rate":0.21138,"is_open":false,"enter_tag":"","leverage":1.0,"is_short":false,"open_timestamp":1760328000000,"close_timestamp":1760335200000,"orders":[{"amount":1516.0,"safe_price":0.20724,"ft_order_side":"buy","order_filled_timestamp":1760328000000,"ft_is_entry":true,"ft_order_tag":"","cost":314.49001583999996},{"amount":1516.0,"safe_price":0.2078,"ft_order_side":"sell","order_filled_timestamp":1760335200000,"ft_is_entry":false,"ft_order_tag":"roi","cost":315.3398248}],"funding_fees":0.0,"weekday":0},{"pair":"DOGE/USDT","stake_amount":314.16498,"max_stake_amount":314.16498,"amount":1527.0,"open_date":"2025-10-13 12:00:00+00:00","close_date":"2025-10-13 14:00:00+00:00","open_rate":0.20574,"close_rate":0.21124,"fee_open":0.001,"fee_close":0.001,"trade_duration":120,"profit_ratio":0.024681355390016806,"profit_abs":7.76177154,"exit_reason":"roi","initial_stop_loss_abs":0.19546,"initial_stop_loss_ratio":-0.05,"stop_loss_abs":0.19546,"stop_loss_ratio":-0.05,"min_rate":0.20422,"max_rate":0.21313,"is_open":false,"enter_tag":"","leverage":1.0,"is_short":false,"open_timestamp":1760356800000,"close_timestamp":1760364000000,"orders":[{"amount":1527.0,"safe_price":0.20574,"ft_order_side":"buy","order_filled_timestamp":1760356800000,"ft_is_entry":true,"ft_order_tag":"","cost":314.47914498},{"amount":1527.0,"safe_price":0.21124,"ft_order_side":"sell","order_filled_timestamp":1760364000000,"ft_is_entry":false,"ft_order_tag":"roi","cost":322.88604348}],"funding_fees":0.0,"weekday":0},{"pair":"DOGE/USDT","stake_amount":316.85532,"max_stake_amount":316.85532,"amount":1594.0,"open_date":"2025-10-14 07:00:00+00:00","close_date":"2025-10-14 09:00:00+00:00","open_rate":0.19878,"close_rate":0.19973,"fee_open":0.001,"fee_close":0.001,"trade_duration":120,"profit_ratio":0.0027716020773672447,"profit_abs":0.87907506,"exit_reason":"roi","initial_stop_loss_abs":0.18885,"initial_stop_loss_ratio":-0.05,"stop_loss_abs":0.18885,"stop_loss_ratio":-0.05,"min_rate":0.19661,"max_rate":0.20153,"is_open":false,"enter_tag":"","leverage":1.0,"is_short":false,"open_timestamp":1760425200000,"close_timestamp":1760432400000,"orders":[{"amount":1594.0,"safe_price":0.19878,"ft_order_side":"buy","order_filled_timestamp":1760425200000,"ft_is_entry":true,"ft_order_tag":"","cost":317.17217531999995},{"amount":1594.0,"safe_price":0.19973,"ft_order_side":"sell","order_filled_timestamp":1760432400000,"ft_is_entry":false,"ft_order_tag":"roi","cost":318.68798961999994}],"funding_fees":0.0,"weekday":1},{"pair":"DOGE/USDT","stake_amount":317.185,"max_stake_amount":317.185,"amount":1606.0,"open_date":"2025-10-14 11:00:00+00:00","close_date":"2025-10-14 13:00:00+00:00","open_rate":0.1975,"close_rate":0.19789539539539538,"fee_open":0.001,"fee_close":0.001,"trade_duration":120,"profit_ratio":0.0,"profit_abs":0.0,"exit_reason":"roi","initial_stop_loss_abs":0.18763,"initial_stop_loss_ratio":-0.05,"stop_loss_abs":0.18763,"stop_loss_ratio":-0.05,"min_rate":0.1933,"max_rate":0.20041,"is_open":false,"enter_tag":"","leverage":1.0,"is_short":false,"open_timestamp":1760439600000,"close_timestamp":1760446800000,"orders":[{"amount":1606.0,"safe_price":0.1975,"ft_order_side":"buy","order_filled_timestamp":1760439600000,"ft_is_entry":true,"ft_order_tag":"","cost":317.50218499999994},{"amount":1606.0,"safe_price":0.19789539539539538,"ft_order_side":"sell","order_filled_timestamp":1760446800000,"ft_is_entry":false,"ft_order_tag":"roi","cost":318.13782501001}],"funding_fees":0.0,"weekday":1},{"pair":"DOGE/USDT","stake_amount":317.02349,"max_stake_amount":317.02349,"amount":1561.0,"open_date":"2025-10-14 20:00:00+00:00","close_date":"2025-10-14 22:00:00+00:00","open_rate":0.20309,"close_rate":0.20359,"fee_open":0.001,"fee_close":0.001,"trade_duration":120,"profit_ratio":0.0004590416722968794,"profit_abs":0.14567252,"exit_reason":"roi","initial_stop_loss_abs":0.19294,"initial_stop_loss_ratio":-0.05,"stop_loss_abs":0.19294,"stop_loss_ratio":-0.05,"min_rate":0.20198,"max_rate":0.20516,"is_open":false,"enter_tag":"","leverage":1.0,"is_short":false,"open_timestamp":1760472000000,"close_timestamp":1760479200000,"orders":[{"amount":1561.0,"safe_price":0.20309,"ft_order_side":"buy","order_filled_timestamp":1760472000000,"ft_is_entry":true,"ft_order_tag":"","cost":317.3405134899999},{"amount":1561.0,"safe_price":0.20359,"ft_order_side":"sell","order_filled_timestamp":1760479200000,"ft_is_entry":false,"ft_order_tag":"roi","cost":318.12179398999996}],"funding_fees":0.0,"weekday":1},{"pair":"DOGE/USDT","stake_amount":317.14353,"max_stake_amount":317.14353,"amount":1689.0,"open_date":"2025-10-16 20:00:00+00:00","close_date":"2025-10-16 22:00:00+00:00","open_rate":0.18777,"close_rate":0.18816,"fee_open":0.001,"fee_close":0.001,"trade_duration":120,"profit_ratio":7.48572405386593e-05,"profit_abs":0.02376423,"exit_reason":"roi","initial_stop_loss_abs":0.17839,"initial_stop_loss_ratio":-0.05,"stop_loss_abs":0.17839,"stop_loss_ratio":-0.05,"min_rate":0.18469,"max_rate":0.18864,"is_open":false,"enter_tag":"","leverage":1.0,"is_short":false,"open_timestamp":1760644800000,"close_timestamp":1760652000000,"orders":[{"amount":1689.0,"safe_price":0.18777,"ft_order_side":"buy","order_filled_timestamp":1760644800000,"ft_is_entry":true,"ft_order_tag":"","cost":317.46067352999995},{"amount":1689.0,"safe_price":0.18816,"ft_order_side":"sell","order_filled_timestamp":1760652000000,"ft_is_entry":false,"ft_order_tag":"roi","cost":318.12004224}],"funding_fees":0.0,"weekday":3},{"pair":"DOGE/USDT","stake_amount":317.19208,"max_stake_amount":317.19208,"amount":1748.0,"open_date":"2025-10-17 15:00:00+00:00","close_date":"2025-10-17 17:00:00+00:00","open_rate":0.18146,"close_rate":0.18381,"fee_open":0.001,"fee_close":0.001,"trade_duration":120,"profit_ratio":0.010926635361772581,"profit_abs":3.46930804,"exit_reason":"roi","initial_stop_loss_abs":0.17239,"initial_stop_loss_ratio":-0.05,"stop_loss_abs":0.17239,"stop_loss_ratio":-0.05,"min_rate":0.18119,"max_rate":0.18726,"is_open":false,"enter_tag":"","leverage":1.0,"is_short":false,"open_timestamp":1760713200000,"close_timestamp":1760720400000,"orders":[{"amount":1748.0,"safe_price":0.18146,"ft_order_side":"buy","order_filled_timestamp":1760713200000,"ft_is_entry":true,"ft_order_tag":"","cost":317.50927208},{"amount":1748.0,"safe_price":0.18381,"ft_order_side":"sell","order_filled_timestamp":1760720400000,"ft_is_entry":false,"ft_order_tag":"roi","cost":321.62117988}],"funding_fees":0.0,"weekday":4},{"pair":"DOGE/USDT","stake_amount":318.31384,"max_stake_amount":318.31384,"amount":1976.0,"open_date":"2025-11-04 06:00:00+00:00","close_date":"2025-11-04 08:00:00+00:00","open_rate":0.16109,"close_rate":0.16201,"fee_open":0.001,"fee_close":0.001,"trade_duration":120,"profit_ratio":0.003701680404144865,"profit_abs":1.1794744,"exit_reason":"roi","initial_stop_loss_abs":0.15304,"initial_stop_loss_ratio":-0.05,"stop_loss_abs":0.15304,"stop_loss_ratio":-0.05,"min_rate":0.16062,"max_rate":0.16735,"is_open":false,"enter_tag":"","leverage":1.0,"is_short":false,"open_timestamp":1762236000000,"close_timestamp":1762243200000,"orders":[{"amount":1976.0,"safe_price":0.16109,"ft_order_side":"buy","order_filled_timestamp":1762236000000,"ft_is_entry":true,"ft_order_tag":"","cost":318.63215384},{"amount":1976.0,"safe_price":0.16201,"ft_order_side":"sell","order_filled_timestamp":1762243200000,"ft_is_entry":false,"ft_order_tag":"roi","cost":320.45189175999997}],"funding_fees":0.0,"weekday":1},{"pair":"DOGE/USDT","stake_amount":318.7184,"max_stake_amount":318.7184,"amount":1990.0,"open_date":"2025-11-04 17:00:00+00:00","close_date":"2025-11-04 19:00:00+00:00","open_rate":0.16016,"close_rate":0.16048064064064063,"fee_open":0.001,"fee_close":0.001,"trade_duration":120,"profit_ratio":0.0,"profit_abs":0.0,"exit_reason":"roi","initial_stop_loss_abs":0.15216,"initial_stop_loss_ratio":-0.05,"stop_loss_abs":0.15216,"stop_loss_ratio":-0.05,"min_rate":0.15419,"max_rate":0.16152,"is_open":false,"enter_tag":"","leverage":1.0,"is_short":false,"open_timestamp":1762275600000,"close_timestamp":1762282800000,"orders":[{"amount":1990.0,"safe_price":0.16016,"ft_order_side":"buy","order_filled_timestamp":1762275600000,"ft_is_entry":true,"ft_order_tag":"","cost":319.03711839999994},{"amount":1990.0,"safe_price":0.16048064064064063,"ft_order_side":"sell","order_filled_timestamp":1762282800000,"ft_is_entry":false,"ft_order_tag":"roi","cost":319.67583134974967}],"funding_fees":0.0,"weekday":1},{"pair":"DOGE/USDT","stake_amount":318.78346,"max_stake_amount":318.78346,"amount":2018.0,"open_date":"2025-11-04 20:00:00+00:00","close_date":"2025-11-04 22:00:00+00:00","open_rate":0.15797,"close_rate":0.1591,"fee_open":0.001,"fee_close":0.001,"trade_duration":120,"profit_ratio":0.005140962727846313,"profit_abs":1.64049274,"exit_reason":"roi","initial_stop_loss_abs":0.15008,"initial_stop_loss_ratio":-0.05,"stop_loss_abs":0.15008,"stop_loss_ratio":-0.05,"min_rate":0.15159,"max_rate":0.16436,"is_open":false,"enter_tag":"","leverage":1.0,"is_short":false,"open_timestamp":1762286400000,"close_timestamp":1762293600000,"orders":[{"amount":2018.0,"safe_price":0.15797,"ft_order_side":"buy","order_filled_timestamp":1762286400000,"ft_is_entry":true,"ft_order_tag":"","cost":319.10224345999995},{"amount":2018.0,"safe_price":0.1591,"ft_order_side":"sell","order_filled_timestamp":1762293600000,"ft_is_entry":false,"ft_order_tag":"roi","cost":321.38486379999995}],"funding_fees":0.0,"weekday":1},{"pair":"DOGE/USDT","stake_amount":319.3468,"max_stake_amount":319.3468,"amount":1985.0,"open_date":"2025-11-05 01:00:00+00:00","close_date":"2025-11-05 03:00:00+00:00","open_rate":0.16088,"close_rate":0.16431,"fee_open":0.001,"fee_close":0.001,"trade_duration":120,"profit_ratio":0.019279638809723346,"profit_abs":6.16304785,"exit_reason":"roi","initial_stop_loss_abs":0.15284,"initial_stop_loss_ratio":-0.05,"stop_loss_abs":0.15284,"stop_loss_ratio":-0.05,"min_rate":0.15456,"max_rate":0.16498,"is_open":false,"enter_tag":"","leverage":1.0,"is_short":false,"open_timestamp":1762304400000,"close_timestamp":1762311600000,"orders":[{"amount":1985.0,"safe_price":0.16088,"ft_order_side":"buy","order_filled_timestamp":1762304400000,"ft_is_entry":true,"ft_order_tag":"","cost":319.6661467999999},{"amount":1985.0,"safe_price":0.16431,"ft_order_side":"sell","order_filled_timestamp":1762311600000,"ft_is_entry":false,"ft_order_tag":"roi","cost":326.48150534999996}],"funding_fees":0.0,"weekday":2},{"pair":"DOGE/USDT","stake_amount":321.26416,"max_stake_amount":321.26416,"amount":1948.0,"open_date":"2025-11-05 08:00:00+00:00","close_date":"2025-11-05 13:00:00+00:00","open_rate":0.16492,"close_rate":0.16525017017017016,"fee_open":0.001,"fee_close":0.001,"trade_duration":300,"profit_ratio":0.0,"profit_abs":0.0,"exit_reason":"roi","initial_stop_loss_abs":0.15668,"initial_stop_loss_ratio":-0.05,"stop_loss_abs":0.15668,"stop_loss_ratio":-0.05,"min_rate":0.161,"max_rate":0.16617,"is_open":false,"enter_tag":"","leverage":1.0,"is_short":false,"open_timestamp":1762329600000,"close_timestamp":1762347600000,"orders":[{"amount":1948.0,"safe_price":0.16492,"ft_order_side":"buy","order_filled_timestamp":1762329600000,"ft_is_entry":true,"ft_order_tag":"","cost":321.58542415999995},{"amount":1948.0,"safe_price":0.16525017017017016,"ft_order_side":"sell","order_filled_timestamp":1762347600000,"ft_is_entry":false,"ft_order_tag":"roi","cost":322.2292388229829}],"funding_fees":0.0,"weekday":2},{"pair":"DOGE/USDT","stake_amount":321.31602,"max_stake_amount":321.31602,"amount":2022.0,"open_date":"2025-11-14 21:00:00+00:00","close_date":"2025-11-14 23:00:00+00:00","open_rate":0.15891,"close_rate":0.15933,"fee_open":0.001,"fee_close":0.001,"trade_duration":120,"profit_ratio":0.0006397227465756821,"profit_abs":0.20575872,"exit_reason":"roi","initial_stop_loss_abs":0.15097,"initial_stop_loss_ratio":-0.05,"stop_loss_abs":0.15097,"stop_loss_ratio":-0.05,"min_rate":0.15472,"max_rate":0.16111,"is_open":false,"enter_tag":"","leverage":1.0,"is_short":false,"open_timestamp":1763154000000,"close_timestamp":1763161200000,"orders":[{"amount":2022.0,"safe_price":0.15891,"ft_order_side":"buy","order_filled_timestamp":1763154000000,"ft_is_entry":true,"ft_order_tag":"","cost":321.63733601999996},{"amount":2022.0,"safe_price":0.15933,"ft_order_side":"sell","order_filled_timestamp":1763161200000,"ft_is_entry":false,"ft_order_tag":"roi","cost":322.48742525999995}],"funding_fees":0.0,"weekday":4},{"pair":"DOGE/USDT","stake_amount":321.44835,"max_stake_amount":321.44835,"amount":2039.0,"open_date":"2025-11-15 00:00:00+00:00","close_date":"2025-11-15 02:00:00+00:00","open_rate":0.15765,"close_rate":0.16137,"fee_open":0.001,"fee_close":0.001,"trade_duration":120,"profit_ratio":0.021551426689390536,"profit_abs":6.93459822,"exit_reason":"roi","initial_stop_loss_abs":0.14977,"initial_stop_loss_ratio":-0.05,"stop_loss_abs":0.14977,"stop_loss_ratio":-0.05,"min_rate":0.15721,"max_rate":0.16243,"is_open":false,"enter_tag":"","leverage":1.0,"is_short":false,"open_timestamp":1763164800000,"close_timestamp":1763172000000,"orders":[{"amount":2039.0,"safe_price":0.15765,"ft_order_side":"buy","order_filled_timestamp":1763164800000,"ft_is_entry":true,"ft_order_tag":"","cost":321.76979835},{"amount":2039.0,"safe_price":0.16137,"ft_order_side":"sell","order_filled_timestamp":1763172000000,"ft_is_entry":false,"ft_order_tag":"roi","cost":329.36246343}],"funding_fees":0.0,"weekday":5},{"pair":"DOGE/USDT","stake_amount":323.6471,"max_stake_amount":323.6471,"amount":2306.0,"open_date":"2025-11-21 08:00:00+00:00","close_date":"2025-11-21 12:00:00+00:00","open_rate":0.14035,"close_rate":0.13334,"fee_open":0.001,"fee_close":0.001,"trade_duration":240,"profit_ratio":-0.05184477083301451,"profit_abs":-16.79618914,"exit_reason":"stop_loss","initial_stop_loss_abs":0.13334,"initial_stop_loss_ratio":-0.05,"stop_loss_abs":0.13334,"stop_loss_ratio":-0.05,"min_rate":0.13321,"max_rate":0.14234,"is_open":false,"enter_tag":"","leverage":1.0,"is_short":false,"open_timestamp":1763712000000,"close_timestamp":1763726400000,"orders":[{"amount":2306.0,"safe_price":0.14035,"ft_order_side":"buy","order_filled_timestamp":1763712000000,"ft_is_entry":true,"ft_order_tag":"","cost":323.9707471},{"amount":2306.0,"safe_price":0.13334,"ft_order_side":"sell","order_filled_timestamp":1763726400000,"ft_is_entry":false,"ft_order_tag":"stop_loss","cost":307.78952203999995}],"funding_fees":0.0,"weekday":4},{"pair":"DOGE/USDT","stake_amount":318.18188,"max_stake_amount":318.18188,"amount":2306.0,"open_date":"2025-11-21 16:00:00+00:00","close_date":"2025-11-21 18:00:00+00:00","open_rate":0.13798,"close_rate":0.14163,"fee_open":0.001,"fee_close":0.001,"trade_duration":120,"profit_ratio":0.024402253783323506,"profit_abs":7.77211934,"exit_reason":"roi","initial_stop_loss_abs":0.13109,"initial_stop_loss_ratio":-0.05,"stop_loss_abs":0.13109,"stop_loss_ratio":-0.05,"min_rate":0.13575,"max_rate":0.1435,"is_open":false,"enter_tag":"","leverage":1.0,"is_short":false,"open_timestamp":1763740800000,"close_timestamp":1763748000000,"orders":[{"amount":2306.0,"safe_price":0.13798,"ft_order_side":"buy","order_filled_timestamp":1763740800000,"ft_is_entry":true,"ft_order_tag":"","cost":318.5000618799999},{"amount":2306.0,"safe_price":0.14163,"ft_order_side":"sell","order_filled_timestamp":1763748000000,"ft_is_entry":false,"ft_order_tag":"roi","cost":326.92537878}],"funding_fees":0.0,"weekday":4},{"pair":"DOGE/USDT","stake_amount":320.67484,"max_stake_amount":320.67484,"amount":2273.0,"open_date":"2025-11-21 19:00:00+00:00","close_date":"2025-11-21 21:00:00+00:00","open_rate":0.14108,"close_rate":0.14136244244244245,"fee_open":0.001,"fee_close":0.001,"trade_duration":120,"profit_ratio":0.0,"profit_abs":0.0,"exit_reason":"roi","initial_stop_loss_abs":0.13403,"initial_stop_loss_ratio":-0.05,"stop_loss_abs":0.13403,"stop_loss_ratio":-0.05,"min_rate":0.13756,"max_rate":0.14171,"is_open":false,"enter_tag":"","leverage":1.0,"is_short":false,"open_timestamp":1763751600000,"close_timestamp":1763758800000,"orders":[{"amount":2273.0,"safe_price":0.14108,"ft_order_side":"buy","order_filled_timestamp":1763751600000,"ft_is_entry":true,"ft_order_tag":"","cost":320.99551484},{"amount":2273.0,"safe_price":0.14136244244244245,"ft_order_side":"sell","order_filled_timestamp":1763758800000,"ft_is_entry":false,"ft_order_tag":"roi","cost":321.63814850334336}],"funding_fees":0.0,"weekday":4},{"pair":"DOGE/USDT","stake_amount":320.66636,"max_stake_amount":320.66636,"amount":2348.0,"open_date":"2025-11-21 23:00:00+00:00","close_date":"2025-11-22 01:00:00+00:00","open_rate":0.13657,"close_rate":0.14012,"fee_open":0.001,"fee_close":0.001,"trade_duration":120,"profit_ratio":0.023944057699640916,"profit_abs":7.68573188,"exit_reason":"roi","initial_stop_loss_abs":0.12975,"initial_stop_loss_ratio":-0.05,"stop_loss_abs":0.12975,"stop_loss_ratio":-0.05,"min_rate":0.13574,"max_rate":0.14148,"is_open":false,"enter_tag":"","leverage":1.0,"is_short":false,"open_timestamp":1763766000000,"close_timestamp":1763773200000,"orders":[{"amount":2348.0,"safe_price":0.13657,"ft_order_side":"buy","order_filled_timestamp":1763766000000,"ft_is_entry":true,"ft_order_tag":"","cost":320.98702635999996},{"amount":2348.0,"safe_price":0.14012,"ft_order_side":"sell","order_filled_timestamp":1763773200000,"ft_is_entry":false,"ft_order_tag":"roi","cost":329.33076176}],"funding_fees":0.0,"weekday":5},{"pair":"DOGE/USDT","stake_amount":323.292,"max_stake_amount":323.292,"amount":2320.0,"open_date":"2025-11-22 03:00:00+00:00","close_date":"2025-11-22 07:00:00+00:00","open_rate":0.13935,"close_rate":0.13962897897897897,"fee_open":0.001,"fee_close":0.001,"trade_duration":240,"profit_ratio":0.0,"profit_abs":0.0,"exit_reason":"roi","initial_stop_loss_abs":0.13239,"initial_stop_loss_ratio":-0.05,"stop_loss_abs":0.13239,"stop_loss_ratio":-0.05,"min_rate":0.13565,"max_rate":0.14016,"is_open":false,"enter_tag":"","leverage":1.0,"is_short":false,"open_timestamp":1763780400000,"close_timestamp":1763794800000,"orders":[{"amount":2320.0,"safe_price":0.13935,"ft_order_side":"buy","order_filled_timestamp":1763780400000,"ft_is_entry":true,"ft_order_tag":"","cost":323.615292},{"amount":2320.0,"safe_price":0.13962897897897897,"ft_order_side":"sell","order_filled_timestamp":1763794800000,"ft_is_entry":false,"ft_order_tag":"roi","cost":324.26317046246237}],"funding_fees":0.0,"weekday":5},{"pair":"DOGE/USDT","stake_amount":323.20267,"max_stake_amount":323.20267,"amount":2369.0,"open_date":"2025-11-22 09:00:00+00:00","close_date":"2025-11-22 11:00:00+00:00","open_rate":0.13643,"close_rate":0.13677,"fee_open":0.001,"fee_close":0.001,"trade_duration":120,"profit_ratio":0.0004891392416130377,"profit_abs":0.1582492,"exit_reason":"roi","initial_stop_loss_abs":0.12961,"initial_stop_loss_ratio":-0.05,"stop_loss_abs":0.12961,"stop_loss_ratio":-0.05,"min_rate":0.13582,"max_rate":0.14011,"is_open":false,"enter_tag":"","leverage":1.0,"is_short":false,"open_timestamp":1763802000000,"close_timestamp":1763809200000,"orders":[{"amount":2369.0,"safe_price":0.13643,"ft_order_side":"buy","order_filled_timestamp":1763802000000,"ft_is_entry":true,"ft_order_tag":"","cost":323.52587266999996},{"amount":2369.0,"safe_price":0.13677,"ft_order_side":"sell","order_filled_timestamp":1763809200000,"ft_is_entry":false,"ft_order_tag":"roi","cost":324.33213813}],"funding_fees":0.0,"weekday":5},{"pair":"DOGE/USDT","stake_amount":323.268,"max_stake_amount":323.268,"amount":2370.0,"open_date":"2025-11-22 14:00:00+00:00","close_date":"2025-11-22 16:00:00+00:00","open_rate":0.1364,"close_rate":0.13816,"fee_open":0.001,"fee_close":0.001,"trade_duration":120,"profit_ratio":0.010879443137507654,"profit_abs":3.5204928,"exit_reason":"roi","initial_stop_loss_abs":0.12958,"initial_stop_loss_ratio":-0.05,"stop_loss_abs":0.12958,"stop_loss_ratio":-0.05,"min_rate":0.13632,"max_rate":0.13977,"is_open":false,"enter_tag":"","leverage":1.0,"is_short":false,"open_timestamp":1763820000000,"close_timestamp":1763827200000,"orders":[{"amount":2370.0,"safe_price":0.1364,"ft_order_side":"buy","order_filled_timestamp":1763820000000,"ft_is_entry":true,"ft_order_tag":"","cost":323.59126799999996},{"amount":2370.0,"safe_price":0.13816,"ft_order_side":"sell","order_filled_timestamp":1763827200000,"ft_is_entry":false,"ft_order_tag":"roi","cost":327.7666392}],"funding_fees":0.0,"weekday":5}],"locks":[],"best_pair":{"key":"DOGE/USDT","trades":30,"profit_mean":-0.0016156570502339422,"profit_mean_pct":-0.16,"profit_total_abs":-16.620850389999998,"profit_total":-0.016620850389999997,"profit_total_pct":-1.66,"duration_avg":"2:18:00","wins":16,"draws":10,"losses":4,"winrate":0.5333333333333333,"cagr":-0.06112033552505325,"expectancy":-0.5540283463333335,"expectancy_ratio":-0.36625487214835717,"sortino":-15.83882577062911,"sharpe":-0.47455050070383703,"calmar":-6.479997210336321,"sqn":-0.4325,"profit_factor":0.7530884588873208,"max_drawdown_account":0.050518810860000034,"max_drawdown_abs":50.518810859999995},"worst_pair":{"key":"DOGE/USDT","trades":30,"profit_mean":-0.0016156570502339422,"profit_mean_pct":-0.16,"profit_total_abs":-16.620850389999998,"profit_total":-0.016620850389999997,"profit_total_pct":-1.66,"duration_avg":"2:18:00","wins":16,"draws":10,"losses":4,"winrate":0.5333333333333333,"cagr":-0.06112033552505325,"expectancy":-0.5540283463333335,"expectancy_ratio":-0.36625487214835717,"sortino":-15.83882577062911,"sharpe":-0.47455050070383703,"calmar":-6.479997210336321,"sqn":-0.4325,"profit_factor":0.7530884588873208,"max_drawdown_account":0.050518810860000034,"max_drawdown_abs":50.518810859999995},"results_per_pair":[{"key":"DOGE/USDT","trades":30,"profit_mean":-0.0016156570502339422,"profit_mean_pct":-0.16,"profit_total_abs":-16.620850389999998,"profit_total":-0.016620850389999997,"profit_total_pct":-1.66,"duration_avg":"2:18:00","wins":16,"draws":10,"losses":4,"winrate":0.5333333333333333,"cagr":-0.06112033552505325,"expectancy":-0.5540283463333335,"expectancy_ratio":-0.36625487214835717,"sortino":-15.83882577062911,"sharpe":-0.47455050070383703,"calmar":-6.479997210336321,"sqn":-0.4325,"profit_factor":0.7530884588873208,"max_drawdown_account":0.050518810860000034,"max_drawdown_abs":50.518810859999995},{"key":"TOTAL","trades":30,"profit_mean":-0.0016156570502339422,"profit_mean_pct":-0.16,"profit_total_abs":-16.620850389999998,"profit_total":-0.016620850389999997,"profit_total_pct":-1.66,"duration_avg":"2:18:00","wins":16,"draws":10,"losses":4,"winrate":0.5333333333333333,"cagr":-0.06112033552505325,"expectancy":-0.5540283463333335,"expectancy_ratio":-0.36625487214835717,"sortino":-15.83882577062911,"sharpe":-0.47455050070383703,"calmar":-6.479997210336321,"sqn":-0.4325,"profit_factor":0.7530884588873208,"max_drawdown_account":0.050518810860000034,"max_drawdown_abs":50.518810859999995}],"results_per_enter_tag":[{"key":"","trades":30,"profit_mean":-0.0016156570502339422,"profit_mean_pct":-0.16,"profit_total_abs":-16.620850389999998,"profit_total":-0.016620850389999997,"profit_total_pct":-1.66,"duration_avg":"2:18:00","wins":16,"draws":10,"losses":4,"winrate":0.5333333333333333,"cagr":-0.06112033552505325,"expectancy":-0.5540283463333335,"expectancy_ratio":-0.36625487214835717,"sortino":-15.83882577062911,"sharpe":-0.47455050070383703,"calmar":-6.479997210336321,"sqn":-0.4325,"profit_factor":0.7530884588873208,"max_drawdown_account":0.050518810860000034,"max_drawdown_abs":50.518810859999995},{"key":"TOTAL","trades":30,"profit_mean":-0.0016156570502339422,"profit_mean_pct":-0.16,"profit_total_abs":-16.620850389999998,"profit_total":-0.016620850389999997,"profit_total_pct":-1.66,"duration_avg":"2:18:00","wins":16,"draws":10,"losses":4,"winrate":0.5333333333333333,"cagr":-0.06112033552505325,"expectancy":-0.5540283463333335,"expectancy_ratio":-0.36625487214835717,"sortino":-15.83882577062911,"sharpe":-0.47455050070383703,"calmar":-6.479997210336321,"sqn":-0.4325,"profit_factor":0.7530884588873208,"max_drawdown_account":0.050518810860000034,"max_drawdown_abs":50.518810859999995}],"exit_reason_summary":[{"key":"roi","trades":26,"profit_mean":0.006115363570203956,"profit_mean_pct":0.61,"profit_total_abs":50.69414961,"profit_total":0.050694149609999996,"profit_total_pct":5.07,"duration_avg":"2:12:00","wins":16,"draws":10,"losses":0,"winrate":0.6153846153846154,"cagr":0.2045170015043578,"expectancy":1.949774985,"expectancy_ratio":100.0,"sortino":-100,"sharpe":3.555954539789237,"calmar":-100,"sqn":3.472,"profit_factor":0.0,"max_drawdown_account":0.0,"max_drawdown_abs":0.0},{"key":"stop_loss","trades":4,"profit_mean":-0.051867291083080275,"profit_mean_pct":-5.19,"profit_total_abs":-67.315,"profit_total":-0.067315,"profit_total_pct":-6.73,"duration_avg":"3:00:00","wins":0,"draws":0,"losses":4,"winrate":0.0,"cagr":-0.23066372936007584,"expectancy":-16.82875,"expectancy_ratio":-1.0,"sortino":-64.14777413503317,"sharpe":-64.14777413503317,"calmar":-19.69584863354926,"sqn":-141.0287,"profit_factor":0.0,"max_drawdown_account":0.06731500000000006,"max_drawdown_abs":67.315},{"key":"TOTAL","trades":30,"profit_mean":-0.0016156570502339422,"profit_mean_pct":-0.16,"profit_total_abs":-16.620850389999998,"profit_total":-0.016620850389999997,"profit_total_pct":-1.66,"duration_avg":"2:18:00","wins":16,"draws":10,"losses":4,"winrate":0.5333333333333333,"cagr":-0.06112033552505325,"expectancy":-0.5540283463333335,"expectancy_ratio":-0.36625487214835717,"sortino":-15.83882577062911,"sharpe":-0.47455050070383703,"calmar":-6.479997210336321,"sqn":-0.4325,"profit_factor":0.7530884588873208,"max_drawdown_account":0.050518810860000034,"max_drawdown_abs":50.518810859999995}],"mix_tag_stats":[{"key":["","roi"],"trades":26,"profit_mean":0.006115363570203956,"profit_mean_pct":0.61,"profit_total_abs":50.69414961,"profit_total":0.050694149609999996,"profit_total_pct":5.07,"duration_avg":"2:12:00","wins":16,"draws":10,"losses":0,"winrate":0.6153846153846154,"cagr":0.2045170015043578,"expectancy":1.949774985,"expectancy_ratio":100.0,"sortino":-100,"sharpe":3.555954539789237,"calmar":-100,"sqn":3.472,"profit_factor":0.0,"max_drawdown_account":0.0,"max_drawdown_abs":0.0},{"key":["","stop_loss"],"trades":4,"profit_mean":-0.051867291083080275,"profit_mean_pct":-5.19,"profit_total_abs":-67.315,"profit_total":-0.067315,"profit_total_pct":-6.73,"duration_avg":"3:00:00","wins":0,"draws":0,"losses":4,"winrate":0.0,"cagr":-0.23066372936007584,"expectancy":-16.82875,"expectancy_ratio":-1.0,"sortino":-64.14777413503317,"sharpe":-64.14777413503317,"calmar":-19.69584863354926,"sqn":-141.0287,"profit_factor":0.0,"max_drawdown_account":0.06731500000000006,"max_drawdown_abs":67.315},{"key":"TOTAL","trades":30,"profit_mean":-0.0016156570502339422,"profit_mean_pct":-0.16,"profit_total_abs":-16.620850389999998,"profit_total":-0.016620850389999997,"profit_total_pct":-1.66,"duration_avg":"2:18:00","wins":16,"draws":10,"losses":4,"winrate":0.5333333333333333,"cagr":-0.06112033552505325,"expectancy":-0.5540283463333335,"expectancy_ratio":-0.36625487214835717,"sortino":-15.83882577062911,"sharpe":-0.47455050070383703,"calmar":-6.479997210336321,"sqn":-0.4325,"profit_factor":0.7530884588873208,"max_drawdown_account":0.050518810860000034,"max_drawdown_abs":50.518810859999995}],"left_open_trades":[{"key":"TOTAL","trades":0,"profit_mean":0.0,"profit_mean_pct":0.0,"profit_total_abs":0.0,"profit_total":0.0,"profit_total_pct":0.0,"duration_avg":"0:00","wins":0,"draws":0,"losses":0,"winrate":0.0,"cagr":0.0,"expectancy":0.0,"expectancy_ratio":100.0,"sortino":0,"sharpe":0,"calmar":0,"sqn":0.0,"profit_factor":0.0,"max_drawdown_account":0.0,"max_drawdown_abs":0.0}],"total_trades":30,"trade_count_long":30,"trade_count_short":0,"total_volume":19137.52624528489,"avg_stake_amount":318.59850466666666,"profit_mean":-0.0016156570502339422,"profit_median":0.00026694945641776935,"profit_total":-0.016620850389999997,"profit_total_long":-0.016620850389999997,"profit_total_short":0.0,"profit_total_abs":-16.620850389999998,"profit_total_long_abs":-16.620850389999998,"profit_total_short_abs":0.0,"cagr":-0.06112033552505325,"expectancy":-0.5540283463333335,"expectancy_ratio":-0.36625487214835717,"sortino":-15.83882577062911,"sharpe":-0.47455050070383703,"calmar":-6.479997210336321,"sqn":-0.4325,"profit_factor":0.7530884588873208,"backtest_start":"2025-10-01 00:00:00","backtest_start_ts":1759276800000,"backtest_end":"2026-01-06 20:00:00","backtest_end_ts":1767729600000,"backtest_days":97,"backtest_run_start_ts":1767749548,"backtest_run_end_ts":1767749549,"trades_per_day":0.31,"market_change":-0.36632086436227446,"pairlist":["DOGE/USDT"],"stake_amount":"unlimited","stake_currency":"USDT","stake_currency_decimals":3,"starting_balance":1000,"dry_run_wallet":1000,"final_balance":983.37914961,"rejected_signals":0,"timedout_entry_orders":0,"timedout_exit_orders":0,"canceled_trade_entries":0,"canceled_entry_orders":0,"replaced_entry_orders":0,"max_open_trades":1,"max_open_trades_setting":3,"timeframe":"1h","timeframe_detail":"","timerange":"20251001-","enable_protections":false,"strategy_name":"ACO_38_12","freqaimodel":null,"freqai_identifier":null,"stoploss":-0.05,"trailing_stop":false,"trailing_stop_positive":null,"trailing_stop_positive_offset":0.0,"trailing_only_offset_is_reached":false,"use_custom_stoploss":false,"minimal_roi":{"0":0.1,"60":0.05,"120":0.0},"use_exit_signal":true,"exit_profit_only":false,"exit_profit_offset":0.0,"ignore_roi_if_entry_signal":false,"trading_mode":"spot","margin_mode":"","periodic_breakdown":{"day":[{"date":"10/10/2025","date_ts":1760054400000,"profit_abs":-33.96690378,"wins":0,"draws":0,"losses":2,"trades":2,"profit_factor":0.0},{"date":"11/10/2025","date_ts":1760140800000,"profit_abs":-16.55190708,"wins":0,"draws":1,"losses":1,"trades":2,"profit_factor":0.0},{"date":"12/10/2025","date_ts":1760227200000,"profit_abs":0.0,"wins":0,"draws":3,"losses":0,"trades":3,"profit_factor":0.0},{"date":"13/10/2025","date_ts":1760313600000,"profit_abs":10.91636461,"wins":3,"draws":1,"losses":0,"trades":4,"profit_factor":0.0},{"date":"14/10/2025","date_ts":1760400000000,"profit_abs":1.02474758,"wins":2,"draws":1,"losses":0,"trades":3,"profit_factor":0.0},{"date":"15/10/2025","date_ts":1760486400000,"profit_abs":0.0,"wins":0,"draws":0,"losses":0,"trades":0,"profit_factor":0.0},{"date":"16/10/2025","date_ts":1760572800000,"profit_abs":0.02376423,"wins":1,"draws":0,"losses":0,"trades":1,"profit_factor":0.0},{"date":"17/10/2025","date_ts":1760659200000,"profit_abs":3.46930804,"wins":1,"draws":0,"losses":0,"trades":1,"profit_factor":0.0},{"date":"18/10/2025","date_ts":1760745600000,"profit_abs":0.0,"wins":0,"draws":0,"losses":0,"trades":0,"profit_factor":0.0},{"date":"19/10/2025","date_ts":1760832000000,"profit_abs":0.0,"wins":0,"draws":0,"losses":0,"trades":0,"profit_factor":0.0},{"date":"20/10/2025","date_ts":1760918400000,"profit_abs":0.0,"wins":0,"draws":0,"losses":0,"trades":0,"profit_factor":0.0},{"date":"21/10/2025","date_ts":1761004800000,"profit_abs":0.0,"wins":0,"draws":0,"losses":0,"trades":0,"profit_factor":0.0},{"date":"22/10/2025","date_ts":1761091200000,"profit_abs":0.0,"wins":0,"draws":0,"losses":0,"trades":0,"profit_factor":0.0},{"date":"23/10/2025","date_ts":1761177600000,"profit_abs":0.0,"wins":0,"draws":0,"losses":0,"trades":0,"profit_factor":0.0},{"date":"24/10/2025","date_ts":1761264000000,"profit_abs":0.0,"wins":0,"draws":0,"losses":0,"trades":0,"profit_factor":0.0},{"date":"25/10/2025","date_ts":1761350400000,"profit_abs":0.0,"wins":0,"draws":0,"losses":0,"trades":0,"profit_factor":0.0},{"date":"26/10/2025","date_ts":1761436800000,"profit_abs":0.0,"wins":0,"draws":0,"losses":0,"trades":0,"profit_factor":0.0},{"date":"27/10/2025","date_ts":1761523200000,"profit_abs":0.0,"wins":0,"draws":0,"losses":0,"trades":0,"profit_factor":0.0},{"date":"28/10/2025","date_ts":1761609600000,"profit_abs":0.0,"wins":0,"draws":0,"losses":0,"trades":0,"profit_factor":0.0},{"date":"29/10/2025","date_ts":1761696000000,"profit_abs":0.0,"wins":0,"draws":0,"losses":0,"trades":0,"profit_factor":0.0},{"date":"30/10/2025","date_ts":1761782400000,"profit_abs":0.0,"wins":0,"draws":0,"losses":0,"trades":0,"profit_factor":0.0},{"date":"31/10/2025","date_ts":1761868800000,"profit_abs":0.0,"wins":0,"draws":0,"losses":0,"trades":0,"profit_factor":0.0},{"date":"01/11/2025","date_ts":1761955200000,"profit_abs":0.0,"wins":0,"draws":0,"losses":0,"trades":0,"profit_factor":0.0},{"date":"02/11/2025","date_ts":1762041600000,"profit_abs":0.0,"wins":0,"draws":0,"losses":0,"trades":0,"profit_factor":0.0},{"date":"03/11/2025","date_ts":1762128000000,"profit_abs":0.0,"wins":0,"draws":0,"losses":0,"trades":0,"profit_factor":0.0},{"date":"04/11/2025","date_ts":1762214400000,"profit_abs":2.81996714,"wins":2,"draws":1,"losses":0,"trades":3,"profit_factor":0.0},{"date":"05/11/2025","date_ts":1762300800000,"profit_abs":6.16304785,"wins":1,"draws":1,"losses":0,"trades":2,"profit_factor":0.0},{"date":"06/11/2025","date_ts":1762387200000,"profit_abs":0.0,"wins":0,"draws":0,"losses":0,"trades":0,"profit_factor":0.0},{"date":"07/11/2025","date_ts":1762473600000,"profit_abs":0.0,"wins":0,"draws":0,"losses":0,"trades":0,"profit_factor":0.0},{"date":"08/11/2025","date_ts":1762560000000,"profit_abs":0.0,"wins":0,"draws":0,"losses":0,"trades":0,"profit_factor":0.0},{"date":"09/11/2025","date_ts":1762646400000,"profit_abs":0.0,"wins":0,"draws":0,"losses":0,"trades":0,"profit_factor":0.0},{"date":"10/11/2025","date_ts":1762732800000,"profit_abs":0.0,"wins":0,"draws":0,"losses":0,"trades":0,"profit_factor":0.0},{"date":"11/11/2025","date_ts":1762819200000,"profit_abs":0.0,"wins":0,"draws":0,"losses":0,"trades":0,"profit_factor":0.0},{"date":"12/11/2025","date_ts":1762905600000,"profit_abs":0.0,"wins":0,"draws":0,"losses":0,"trades":0,"profit_factor":0.0},{"date":"13/11/2025","date_ts":1762992000000,"profit_abs":0.0,"wins":0,"draws":0,"losses":0,"trades":0,"profit_factor":0.0},{"date":"14/11/2025","date_ts":1763078400000,"profit_abs":0.20575872,"wins":1,"draws":0,"losses":0,"trades":1,"profit_factor":0.0},{"date":"15/11/2025","date_ts":1763164800000,"profit_abs":6.93459822,"wins":1,"draws":0,"losses":0,"trades":1,"profit_factor":0.0},{"date":"16/11/2025","date_ts":1763251200000,"profit_abs":0.0,"wins":0,"draws":0,"losses":0,"trades":0,"profit_factor":0.0},{"date":"17/11/2025","date_ts":1763337600000,"profit_abs":0.0,"wins":0,"draws":0,"losses":0,"trades":0,"profit_factor":0.0},{"date":"18/11/2025","date_ts":1763424000000,"profit_abs":0.0,"wins":0,"draws":0,"losses":0,"trades":0,"profit_factor":0.0},{"date":"19/11/2025","date_ts":1763510400000,"profit_abs":0.0,"wins":0,"draws":0,"losses":0,"trades":0,"profit_factor":0.0},{"date":"20/11/2025","date_ts":1763596800000,"profit_abs":0.0,"wins":0,"draws":0,"losses":0,"trades":0,"profit_factor":0.0},{"date":"21/11/2025","date_ts":1763683200000,"profit_abs":-9.0240698,"wins":1,"draws":1,"losses":1,"trades":3,"profit_factor":0.46273112},{"date":"22/11/2025","date_ts":1763769600000,"profit_abs":11.36447388,"wins":3,"draws":1,"losses":0,"trades":4,"profit_factor":0.0}],"week":[{"date":"13/10/2025","date_ts":1760313600000,"profit_abs":-39.60244625,"wins":3,"draws":5,"losses":3,"trades":11,"profit_factor":0.21608515},{"date":"20/10/2025","date_ts":1760918400000,"profit_abs":4.51781985,"wins":4,"draws":1,"losses":0,"trades":5,"profit_factor":0.0},{"date":"27/10/2025","date_ts":1761523200000,"profit_abs":0.0,"wins":0,"draws":0,"losses":0,"trades":0,"profit_factor":0.0},{"date":"03/11/2025","date_ts":1762128000000,"profit_abs":0.0,"wins":0,"draws":0,"losses":0,"trades":0,"profit_factor":0.0},{"date":"10/11/2025","date_ts":1762732800000,"profit_abs":8.98301499,"wins":3,"draws":2,"losses":0,"trades":5,"profit_factor":0.0},{"date":"17/11/2025","date_ts":1763337600000,"profit_abs":7.14035694,"wins":2,"draws":0,"losses":0,"trades":2,"profit_factor":0.0},{"date":"24/11/2025","date_ts":1763942400000,"profit_abs":2.34040408,"wins":4,"draws":2,"losses":1,"trades":7,"profit_factor":1.13934137}],"month":[{"date":"31/10/2025","date_ts":1761868800000,"profit_abs":-35.0846264,"wins":7,"draws":6,"losses":3,"trades":16,"profit_factor":0.30551361},{"date":"30/11/2025","date_ts":1764460800000,"profit_abs":18.46377601,"wins":9,"draws":4,"losses":1,"trades":14,"profit_factor":2.09928364}],"year":[{"date":"31/12/2025","date_ts":1767139200000,"profit_abs":-16.62085039,"wins":16,"draws":10,"losses":4,"trades":30,"profit_factor":0.75308846}],"weekday":[{"date":"Monday","date_ts":0,"profit_abs":10.91636461,"wins":3,"draws":1,"losses":0,"trades":4,"profit_factor":0.0},{"date":"Tuesday","date_ts":1,"profit_abs":3.84471472,"wins":4,"draws":2,"losses":0,"trades":6,"profit_factor":0.0},{"date":"Wednesday","date_ts":2,"profit_abs":6.16304785,"wins":1,"draws":1,"losses":0,"trades":2,"profit_factor":0.0},{"date":"Thursday","date_ts":3,"profit_abs":0.02376423,"wins":1,"draws":0,"losses":0,"trades":1,"profit_factor":0.0},{"date":"Friday","date_ts":4,"profit_abs":-39.31590682,"wins":3,"draws":1,"losses":3,"trades":7,"profit_factor":0.22550214},{"date":"Saturday","date_ts":5,"profit_abs":1.74716502,"wins":4,"draws":2,"losses":1,"trades":7,"profit_factor":1.10555672},{"date":"Sunday","date_ts":6,"profit_abs":0.0,"wins":0,"draws":3,"losses":0,"trades":3,"profit_factor":0.0}]},"backtest_best_day":0.03531264007876161,"backtest_worst_day":-0.10374688169813068,"backtest_best_day_abs":11.36447388,"backtest_worst_day_abs":-33.96690378,"winning_days":9,"draw_days":32,"losing_days":3,"daily_profit":[["2025-10-10",-33.96690378],["2025-10-11",-16.55190708],["2025-10-12",0.0],["2025-10-13",10.91636461],["2025-10-14",1.02474758],["2025-10-15",0.0],["2025-10-16",0.02376423],["2025-10-17",3.46930804],["2025-10-18",0.0],["2025-10-19",0.0],["2025-10-20",0.0],["2025-10-21",0.0],["2025-10-22",0.0],["2025-10-23",0.0],["2025-10-24",0.0],["2025-10-25",0.0],["2025-10-26",0.0],["2025-10-27",0.0],["2025-10-28",0.0],["2025-10-29",0.0],["2025-10-30",0.0],["2025-10-31",0.0],["2025-11-01",0.0],["2025-11-02",0.0],["2025-11-03",0.0],["2025-11-04",2.81996714],["2025-11-05",6.16304785],["2025-11-06",0.0],["2025-11-07",0.0],["2025-11-08",0.0],["2025-11-09",0.0],["2025-11-10",0.0],["2025-11-11",0.0],["2025-11-12",0.0],["2025-11-13",0.0],["2025-11-14",0.20575872],["2025-11-15",6.93459822],["2025-11-16",0.0],["2025-11-17",0.0],["2025-11-18",0.0],["2025-11-19",0.0],["2025-11-20",0.0],["2025-11-21",-9.0240698],["2025-11-22",11.36447388]],"wins":16,"losses":4,"draws":10,"winrate":0.5333333333333333,"holding_avg":"2:18:00","holding_avg_s":8280.0,"winner_holding_min":"0d 02:00","winner_holding_min_s":7200.0,"winner_holding_max":"0d 02:00","winner_holding_max_s":7200.0,"winner_holding_avg":"0d 02:00","winner_holding_avg_s":7200.0,"loser_holding_min":"0d 00:00","loser_holding_min_s":0.0,"loser_holding_max":"0d 08:00","loser_holding_max_s":28800.0,"loser_holding_avg":"0d 03:00","loser_holding_avg_s":10800.0,"max_consecutive_wins":4,"max_consecutive_losses":8,"max_drawdown_account":0.050518810860000034,"max_relative_drawdown":0.050518810860000034,"max_drawdown_abs":50.518810859999995,"drawdown_start":"2025-10-10 21:00:00","drawdown_start_ts":1760130000000.0,"drawdown_end":"2025-10-11 19:00:00","drawdown_end_ts":1760209200000.0,"drawdown_duration":"0 days 22:00:00","drawdown_duration_s":79200.0,"max_drawdown_low":-50.518810859999995,"max_drawdown_high":0.0,"csum_min":949.48118914,"csum_max":983.37914961}},"strategy_comparison":[{"key":"ACO_38_12","trades":30,"profit_mean":-0.0016156570502339422,"profit_mean_pct":-0.16,"profit_total_abs":-16.620850389999998,"profit_total":-0.016620850389999997,"profit_total_pct":-1.66,"duration_avg":"2:18:00","wins":16,"draws":10,"losses":4,"winrate":0.5333333333333333,"cagr":-0.06112033552505325,"expectancy":-0.5540283463333335,"expectancy_ratio":-0.36625487214835717,"sortino":-15.83882577062911,"sharpe":-0.47455050070383703,"calmar":-6.479997210336321,"sqn":-0.4325,"profit_factor":0.7530884588873208,"max_drawdown_account":0.050518810860000034,"max_drawdown_abs":"50.519"}]}