{"strategy":{"ACO_19_9":{"trades":[{"pair":"DOGE/USDT","stake_amount":329.95872,"max_stake_amount":329.95872,"amount":1638.0,"open_date":"2025-10-28 17:00:00+00:00","close_date":"2025-10-28 20:00:00+00:00","open_rate":0.20144,"close_rate":0.19679,"fee_open":0.001,"fee_close":0.001,"trade_duration":180,"profit_ratio":-0.025035677190164876,"profit_abs":-8.26900074,"exit_reason":"exit_signal","initial_stop_loss_abs":0.19137,"initial_stop_loss_ratio":-0.05,"stop_loss_abs":0.19137,"stop_loss_ratio":-0.05,"min_rate":0.19189,"max_rate":0.2025,"is_open":false,"enter_tag":"","leverage":1.0,"is_short":false,"open_timestamp":1761670800000,"close_timestamp":1761681600000,"orders":[{"amount":1638.0,"safe_price":0.20144,"ft_order_side":"buy","order_filled_timestamp":1761670800000,"ft_is_entry":true,"ft_order_tag":"","cost":330.28867872},{"amount":1638.0,"safe_price":0.19679,"ft_order_side":"sell","order_filled_timestamp":1761681600000,"ft_is_entry":false,"ft_order_tag":"exit_signal","cost":322.66436201999994}],"funding_fees":0.0,"weekday":1}],"locks":[],"best_pair":{"key":"DOGE/USDT","trades":1,"profit_mean":-0.025035677190164876,"profit_mean_pct":-2.5,"profit_total_abs":-8.26900074,"profit_total":-0.008269000739999999,"profit_total_pct":-0.83,"duration_avg":"3:00:00","wins":0,"draws":0,"losses":1,"winrate":0.0,"cagr":-0.030761601380624892,"expectancy":-8.26900074,"expectancy_ratio":-1.0,"sortino":-100,"sharpe":-100,"calmar":-19.69584863354922,"sqn":-100.0,"profit_factor":0.0,"max_drawdown_account":0.008269000740000023,"max_drawdown_abs":8.26900074},"worst_pair":{"key":"DOGE/USDT","trades":1,"profit_mean":-0.025035677190164876,"profit_mean_pct":-2.5,"profit_total_abs":-8.26900074,"profit_total":-0.008269000739999999,"profit_total_pct":-0.83,"duration_avg":"3:00:00","wins":0,"draws":0,"losses":1,"winrate":0.0,"cagr":-0.030761601380624892,"expectancy":-8.26900074,"expectancy_ratio":-1.0,"sortino":-100,"sharpe":-100,"calmar":-19.69584863354922,"sqn":-100.0,"profit_factor":0.0,"max_drawdown_account":0.008269000740000023,"max_drawdown_abs":8.26900074},"results_per_pair":[{"key":"DOGE/USDT","trades":1,"profit_mean":-0.025035677190164876,"profit_mean_pct":-2.5,"profit_total_abs":-8.26900074,"profit_total":-0.008269000739999999,"profit_total_pct":-0.83,"duration_avg":"3:00:00","wins":0,"draws":0,"losses":1,"winrate":0.0,"cagr":-0.030761601380624892,"expectancy":-8.26900074,"expectancy_ratio":-1.0,"sortino":-100,"sharpe":-100,"calmar":-19.69584863354922,"sqn":-100.0,"profit_factor":0.0,"max_drawdown_account":0.008269000740000023,"max_drawdown_abs":8.26900074},{"key":"TOTAL","trades":1,"profit_mean":-0.025035677190164876,"profit_mean_pct":-2.5,"profit_total_abs":-8.26900074,"profit_total":-0.008269000739999999,"profit_total_pct":-0.83,"duration_avg":"3:00:00","wins":0,"draws":0,"losses":1,"winrate":0.0,"cagr":-0.030761601380624892,"expectancy":-8.26900074,"expectancy_ratio":-1.0,"sortino":-100,"sharpe":-100,"calmar":-19.69584863354922,"sqn":-100.0,"profit_factor":0.0,"max_drawdown_account":0.008269000740000023,"max_drawdown_abs":8.26900074}],"results_per_enter_tag":[{"key":"","trades":1,"profit_mean":-0.025035677190164876,"profit_mean_pct":-2.5,"profit_total_abs":-8.26900074,"profit_total":-0.008269000739999999,"profit_total_pct":-0.83,"duration_avg":"3:00:00","wins":0,"draws":0,"losses":1,"winrate":0.0,"cagr":-0.030761601380624892,"expectancy":-8.26900074,"expectancy_ratio":-1.0,"sortino":-100,"sharpe":-100,"calmar":-19.69584863354922,"sqn":-100.0,"profit_factor":0.0,"max_drawdown_account":0.008269000740000023,"max_drawdown_abs":8.26900074},{"key":"TOTAL","trades":1,"profit_mean":-0.025035677190164876,"profit_mean_pct":-2.5,"profit_total_abs":-8.26900074,"profit_total":-0.008269000739999999,"profit_total_pct":-0.83,"duration_avg":"3:00:00","wins":0,"draws":0,"losses":1,"winrate":0.0,"cagr":-0.030761601380624892,"expectancy":-8.26900074,"expectancy_ratio":-1.0,"sortino":-100,"sharpe":-100,"calmar":-19.69584863354922,"sqn":-100.0,"profit_factor":0.0,"max_drawdown_account":0.008269000740000023,"max_drawdown_abs":8.26900074}],"exit_reason_summary":[{"key":"exit_signal","trades":1,"profit_mean":-0.025035677190164876,"profit_mean_pct":-2.5,"profit_total_abs":-8.26900074,"profit_total":-0.008269000739999999,"profit_total_pct":-0.83,"duration_avg":"3:00:00","wins":0,"draws":0,"losses":1,"winrate":0.0,"cagr":-0.030761601380624892,"expectancy":-8.26900074,"expectancy_ratio":-1.0,"sortino":-100,"sharpe":-100,"calmar":-19.69584863354922,"sqn":-100.0,"profit_factor":0.0,"max_drawdown_account":0.008269000740000023,"max_drawdown_abs":8.26900074},{"key":"TOTAL","trades":1,"profit_mean":-0.025035677190164876,"profit_mean_pct":-2.5,"profit_total_abs":-8.26900074,"profit_total":-0.008269000739999999,"profit_total_pct":-0.83,"duration_avg":"3:00:00","wins":0,"draws":0,"losses":1,"winrate":0.0,"cagr":-0.030761601380624892,"expectancy":-8.26900074,"expectancy_ratio":-1.0,"sortino":-100,"sharpe":-100,"calmar":-19.69584863354922,"sqn":-100.0,"profit_factor":0.0,"max_drawdown_account":0.008269000740000023,"max_drawdown_abs":8.26900074}],"mix_tag_stats":[{"key":["","exit_signal"],"trades":1,"profit_mean":-0.025035677190164876,"profit_mean_pct":-2.5,"profit_total_abs":-8.26900074,"profit_total":-0.008269000739999999,"profit_total_pct":-0.83,"duration_avg":"3:00:00","wins":0,"draws":0,"losses":1,"winrate":0.0,"cagr":-0.030761601380624892,"expectancy":-8.26900074,"expectancy_ratio":-1.0,"sortino":-100,"sharpe":-100,"calmar":-19.69584863354922,"sqn":-100.0,"profit_factor":0.0,"max_drawdown_account":0.008269000740000023,"max_drawdown_abs":8.26900074},{"key":"TOTAL","trades":1,"profit_mean":-0.025035677190164876,"profit_mean_pct":-2.5,"profit_total_abs":-8.26900074,"profit_total":-0.008269000739999999,"profit_total_pct":-0.83,"duration_avg":"3:00:00","wins":0,"draws":0,"losses":1,"winrate":0.0,"cagr":-0.030761601380624892,"expectancy":-8.26900074,"expectancy_ratio":-1.0,"sortino":-100,"sharpe":-100,"calmar":-19.69584863354922,"sqn":-100.0,"profit_factor":0.0,"max_drawdown_account":0.008269000740000023,"max_drawdown_abs":8.26900074}],"left_open_trades":[{"key":"TOTAL","trades":0,"profit_mean":0.0,"profit_mean_pct":0.0,"profit_total_abs":0.0,"profit_total":0.0,"profit_total_pct":0.0,"duration_avg":"0:00","wins":0,"draws":0,"losses":0,"winrate":0.0,"cagr":0.0,"expectancy":0.0,"expectancy_ratio":100.0,"sortino":0,"sharpe":0,"calmar":0,"sqn":0.0,"profit_factor":0.0,"max_drawdown_account":0.0,"max_drawdown_abs":0.0}],"total_trades":1,"trade_count_long":1,"trade_count_short":0,"total_volume":652.95304074,"avg_stake_amount":329.95872,"profit_mean":-0.025035677190164876,"profit_median":-0.025035677190164876,"profit_total":-0.008269000739999999,"profit_total_long":-0.008269000739999999,"profit_total_short":0.0,"profit_total_abs":-8.26900074,"profit_total_long_abs":-8.26900074,"profit_total_short_abs":0.0,"cagr":-0.030761601380624892,"expectancy":-8.26900074,"expectancy_ratio":-1.0,"sortino":-100,"sharpe":-100,"calmar":-19.69584863354922,"sqn":-100.0,"profit_factor":0.0,"backtest_start":"2025-10-01 00:00:00","backtest_start_ts":1759276800000,"backtest_end":"2026-01-06 20:00:00","backtest_end_ts":1767729600000,"backtest_days":97,"backtest_run_start_ts":1767751357,"backtest_run_end_ts":1767751357,"trades_per_day":0.01,"market_change":-0.36632086436227446,"pairlist":["DOGE/USDT"],"stake_amount":"unlimited","stake_currency":"USDT","stake_currency_decimals":3,"starting_balance":1000,"dry_run_wallet":1000,"final_balance":991.73099926,"rejected_signals":0,"timedout_entry_orders":0,"timedout_exit_orders":0,"canceled_trade_entries":0,"canceled_entry_orders":0,"replaced_entry_orders":0,"max_open_trades":1,"max_open_trades_setting":3,"timeframe":"1h","timeframe_detail":"","timerange":"20251001-","enable_protections":false,"strategy_name":"ACO_19_9","freqaimodel":null,"freqai_identifier":null,"stoploss":-0.05,"trailing_stop":false,"trailing_stop_positive":null,"trailing_stop_positive_offset":0.0,"trailing_only_offset_is_reached":false,"use_custom_stoploss":false,"minimal_roi":{"0":0.1,"60":0.05,"120":0.0},"use_exit_signal":true,"exit_profit_only":false,"exit_profit_offset":0.0,"ignore_roi_if_entry_signal":false,"trading_mode":"spot","margin_mode":"","periodic_breakdown":{"day":[{"date":"28/10/2025","date_ts":1761609600000,"profit_abs":-8.26900074,"wins":0,"draws":0,"losses":1,"trades":1,"profit_factor":0.0}],"week":[{"date":"03/11/2025","date_ts":1762128000000,"profit_abs":-8.26900074,"wins":0,"draws":0,"losses":1,"trades":1,"profit_factor":0.0}],"month":[{"date":"31/10/2025","date_ts":1761868800000,"profit_abs":-8.26900074,"wins":0,"draws":0,"losses":1,"trades":1,"profit_factor":0.0}],"year":[{"date":"31/12/2025","date_ts":1767139200000,"profit_abs":-8.26900074,"wins":0,"draws":0,"losses":1,"trades":1,"profit_factor":0.0}],"weekday":[{"date":"Tuesday","date_ts":1,"profit_abs":-8.26900074,"wins":0,"draws":0,"losses":1,"trades":1,"profit_factor":0.0}]},"backtest_best_day":-0.025035677190164876,"backtest_worst_day":-0.025035677190164876,"backtest_best_day_abs":-8.26900074,"backtest_worst_day_abs":-8.26900074,"winning_days":0,"draw_days":0,"losing_days":1,"daily_profit":[["2025-10-28",-8.26900074]],"wins":0,"losses":1,"draws":0,"winrate":0.0,"holding_avg":"3:00:00","holding_avg_s":10800.0,"winner_holding_min":"0d 00:00","winner_holding_min_s":0.0,"winner_holding_max":"0d 00:00","winner_holding_max_s":0.0,"winner_holding_avg":"0d 00:00","winner_holding_avg_s":0.0,"loser_holding_min":"0d 03:00","loser_holding_min_s":10800.0,"loser_holding_max":"0d 03:00","loser_holding_max_s":10800.0,"loser_holding_avg":"0d 03:00","loser_holding_avg_s":10800.0,"max_consecutive_wins":0,"max_consecutive_losses":1,"max_drawdown_account":0.008269000740000023,"max_relative_drawdown":0.008269000740000023,"max_drawdown_abs":8.26900074,"drawdown_start":"2025-10-28 20:00:00","drawdown_start_ts":1761681600000.0,"drawdown_end":"2025-10-28 20:00:00","drawdown_end_ts":1761681600000.0,"drawdown_duration":"0 days 00:00:00","drawdown_duration_s":0.0,"max_drawdown_low":-8.26900074,"max_drawdown_high":0.0,"csum_min":991.73099926,"csum_max":991.73099926}},"strategy_comparison":[{"key":"ACO_19_9","trades":1,"profit_mean":-0.025035677190164876,"profit_mean_pct":-2.5,"profit_total_abs":-8.26900074,"profit_total":-0.008269000739999999,"profit_total_pct":-0.83,"duration_avg":"3:00:00","wins":0,"draws":0,"losses":1,"winrate":0.0,"cagr":-0.030761601380624892,"expectancy":-8.26900074,"expectancy_ratio":-1.0,"sortino":-100,"sharpe":-100,"calmar":-19.69584863354922,"sqn":-100.0,"profit_factor":0.0,"max_drawdown_account":0.008269000740000023,"max_drawdown_abs":"8.269"}]}