{"strategy":{"ACO_19_10":{"trades":[{"pair":"DOGE/USDT","stake_amount":329.95851,"max_stake_amount":329.95851,"amount":1659.0,"open_date":"2025-10-11 03:00:00+00:00","close_date":"2025-10-11 07:00:00+00:00","open_rate":0.19889,"close_rate":0.18895,"fee_open":0.001,"fee_close":0.001,"trade_duration":240,"profit_ratio":-0.05187552153211564,"profit_abs":-17.13388656,"exit_reason":"stop_loss","initial_stop_loss_abs":0.18895,"initial_stop_loss_ratio":-0.05,"stop_loss_abs":0.18895,"stop_loss_ratio":-0.05,"min_rate":0.1881,"max_rate":0.19987,"is_open":false,"enter_tag":"","leverage":1.0,"is_short":false,"open_timestamp":1760151600000,"close_timestamp":1760166000000,"orders":[{"amount":1659.0,"safe_price":0.19889,"ft_order_side":"buy","order_filled_timestamp":1760151600000,"ft_is_entry":true,"ft_order_tag":"","cost":330.28846851000003},{"amount":1659.0,"safe_price":0.18895,"ft_order_side":"sell","order_filled_timestamp":1760166000000,"ft_is_entry":false,"ft_order_tag":"stop_loss","cost":313.78151805}],"funding_fees":0.0,"weekday":5},{"pair":"DOGE/USDT","stake_amount":324.27165,"max_stake_amount":324.27165,"amount":1759.0,"open_date":"2025-10-11 22:00:00+00:00","close_date":"2025-10-12 00:00:00+00:00","open_rate":0.18435,"close_rate":0.18527,"fee_open":0.001,"fee_close":0.001,"trade_duration":120,"profit_ratio":0.002982534146081746,"profit_abs":0.96811842,"exit_reason":"roi","initial_stop_loss_abs":0.17514,"initial_stop_loss_ratio":-0.05,"stop_loss_abs":0.17514,"stop_loss_ratio":-0.05,"min_rate":0.18189,"max_rate":0.18622,"is_open":false,"enter_tag":"","leverage":1.0,"is_short":false,"open_timestamp":1760220000000,"close_timestamp":1760227200000,"orders":[{"amount":1759.0,"safe_price":0.18435,"ft_order_side":"buy","order_filled_timestamp":1760220000000,"ft_is_entry":true,"ft_order_tag":"","cost":324.59592165},{"amount":1759.0,"safe_price":0.18527,"ft_order_side":"sell","order_filled_timestamp":1760227200000,"ft_is_entry":false,"ft_order_tag":"roi","cost":326.21581992999995}],"funding_fees":0.0,"weekday":6},{"pair":"DOGE/USDT","stake_amount":324.6264,"max_stake_amount":324.6264,"amount":1710.0,"open_date":"2025-10-12 13:00:00+00:00","close_date":"2025-10-12 14:00:00+00:00","open_rate":0.18984,"close_rate":0.19972156156156154,"fee_open":0.001,"fee_close":0.001,"trade_duration":60,"profit_ratio":0.04995004995004995,"profit_abs":16.23132,"exit_reason":"roi","initial_stop_loss_abs":0.18035,"initial_stop_loss_ratio":-0.05,"stop_loss_abs":0.18035,"stop_loss_ratio":-0.05,"min_rate":0.18624,"max_rate":0.19986,"is_open":false,"enter_tag":"","leverage":1.0,"is_short":false,"open_timestamp":1760274000000,"close_timestamp":1760277600000,"orders":[{"amount":1710.0,"safe_price":0.18984,"ft_order_side":"buy","order_filled_timestamp":1760274000000,"ft_is_entry":true,"ft_order_tag":"","cost":324.95102639999993},{"amount":1710.0,"safe_price":0.19972156156156154,"ft_order_side":"sell","order_filled_timestamp":1760277600000,"ft_is_entry":false,"ft_order_tag":"roi","cost":341.86539414054045}],"funding_fees":0.0,"weekday":6},{"pair":"DOGE/USDT","stake_amount":329.90748,"max_stake_amount":329.90748,"amount":1682.0,"open_date":"2025-10-12 15:00:00+00:00","close_date":"2025-10-12 16:00:00+00:00","open_rate":0.19614,"close_rate":0.2063494894894895,"fee_open":0.001,"fee_close":0.001,"trade_duration":60,"profit_ratio":0.04995004995004996,"profit_abs":16.495374,"exit_reason":"roi","initial_stop_loss_abs":0.18634,"initial_stop_loss_ratio":-0.05,"stop_loss_abs":0.18634,"stop_loss_ratio":-0.05,"min_rate":0.19562,"max_rate":0.2095,"is_open":false,"enter_tag":"","leverage":1.0,"is_short":false,"open_timestamp":1760281200000,"close_timestamp":1760284800000,"orders":[{"amount":1682.0,"safe_price":0.19614,"ft_order_side":"buy","order_filled_timestamp":1760281200000,"ft_is_entry":true,"ft_order_tag":"","cost":330.23738748},{"amount":1682.0,"safe_price":0.2063494894894895,"ft_order_side":"sell","order_filled_timestamp":1760284800000,"ft_is_entry":false,"ft_order_tag":"roi","cost":347.4269211626426}],"funding_fees":0.0,"weekday":6},{"pair":"DOGE/USDT","stake_amount":335.46336,"max_stake_amount":335.46336,"amount":1567.0,"open_date":"2025-10-13 18:00:00+00:00","close_date":"2025-10-13 20:00:00+00:00","open_rate":0.21408,"close_rate":0.216,"fee_open":0.001,"fee_close":0.001,"trade_duration":120,"profit_ratio":0.006952688567038344,"profit_abs":2.33470464,"exit_reason":"roi","initial_stop_loss_abs":0.20338,"initial_stop_loss_ratio":-0.05,"stop_loss_abs":0.20338,"stop_loss_ratio":-0.05,"min_rate":0.21234,"max_rate":0.21823,"is_open":false,"enter_tag":"","leverage":1.0,"is_short":false,"open_timestamp":1760378400000,"close_timestamp":1760385600000,"orders":[{"amount":1567.0,"safe_price":0.21408,"ft_order_side":"buy","order_filled_timestamp":1760378400000,"ft_is_entry":true,"ft_order_tag":"","cost":335.7988233599999},{"amount":1567.0,"safe_price":0.216,"ft_order_side":"sell","order_filled_timestamp":1760385600000,"ft_is_entry":false,"ft_order_tag":"roi","cost":338.81047199999995}],"funding_fees":0.0,"weekday":0},{"pair":"DOGE/USDT","stake_amount":336.21234,"max_stake_amount":336.21234,"amount":1689.0,"open_date":"2025-10-14 12:00:00+00:00","close_date":"2025-10-14 14:00:00+00:00","open_rate":0.19906,"close_rate":0.19945851851851848,"fee_open":0.001,"fee_close":0.001,"trade_duration":120,"profit_ratio":0.0,"profit_abs":0.0,"exit_reason":"roi","initial_stop_loss_abs":0.18911,"initial_stop_loss_ratio":-0.05,"stop_loss_abs":0.18911,"stop_loss_ratio":-0.05,"min_rate":0.1933,"max_rate":0.20175,"is_open":false,"enter_tag":"","leverage":1.0,"is_short":false,"open_timestamp":1760443200000,"close_timestamp":1760450400000,"orders":[{"amount":1689.0,"safe_price":0.19906,"ft_order_side":"buy","order_filled_timestamp":1760443200000,"ft_is_entry":true,"ft_order_tag":"","cost":336.54855233999996},{"amount":1689.0,"safe_price":0.19945851851851848,"ft_order_side":"sell","order_filled_timestamp":1760450400000,"ft_is_entry":false,"ft_order_tag":"roi","cost":337.2223232155555}],"funding_fees":0.0,"weekday":1},{"pair":"DOGE/USDT","stake_amount":336.2048,"max_stake_amount":336.2048,"amount":1840.0,"open_date":"2025-10-17 12:00:00+00:00","close_date":"2025-10-17 14:00:00+00:00","open_rate":0.18272,"close_rate":0.1833,"fee_open":0.001,"fee_close":0.001,"trade_duration":120,"profit_ratio":0.0011699115245525052,"profit_abs":0.3937232,"exit_reason":"roi","initial_stop_loss_abs":0.17359,"initial_stop_loss_ratio":-0.05,"stop_loss_abs":0.17359,"stop_loss_ratio":-0.05,"min_rate":0.17968,"max_rate":0.18463,"is_open":false,"enter_tag":"","leverage":1.0,"is_short":false,"open_timestamp":1760702400000,"close_timestamp":1760709600000,"orders":[{"amount":1840.0,"safe_price":0.18272,"ft_order_side":"buy","order_filled_timestamp":1760702400000,"ft_is_entry":true,"ft_order_tag":"","cost":336.54100479999994},{"amount":1840.0,"safe_price":0.1833,"ft_order_side":"sell","order_filled_timestamp":1760709600000,"ft_is_entry":false,"ft_order_tag":"roi","cost":337.609272}],"funding_fees":0.0,"weekday":4},{"pair":"DOGE/USDT","stake_amount":336.238,"max_stake_amount":336.238,"amount":2044.0,"open_date":"2025-11-04 09:00:00+00:00","close_date":"2025-11-04 11:00:00+00:00","open_rate":0.1645,"close_rate":0.16536,"fee_open":0.001,"fee_close":0.001,"trade_duration":120,"profit_ratio":0.0032195160462637666,"profit_abs":1.08360616,"exit_reason":"roi","initial_stop_loss_abs":0.15628,"initial_stop_loss_ratio":-0.05,"stop_loss_abs":0.15628,"stop_loss_ratio":-0.05,"min_rate":0.16364,"max_rate":0.16702,"is_open":false,"enter_tag":"","leverage":1.0,"is_short":false,"open_timestamp":1762246800000,"close_timestamp":1762254000000,"orders":[{"amount":2044.0,"safe_price":0.1645,"ft_order_side":"buy","order_filled_timestamp":1762246800000,"ft_is_entry":true,"ft_order_tag":"","cost":336.574238},{"amount":2044.0,"safe_price":0.16536,"ft_order_side":"sell","order_filled_timestamp":1762254000000,"ft_is_entry":false,"ft_order_tag":"roi","cost":338.33383583999995}],"funding_fees":0.0,"weekday":1},{"pair":"DOGE/USDT","stake_amount":336.69781,"max_stake_amount":336.69781,"amount":2017.0,"open_date":"2025-11-04 15:00:00+00:00","close_date":"2025-11-04 17:00:00+00:00","open_rate":0.16693,"close_rate":0.15859,"fee_open":0.001,"fee_close":0.001,"trade_duration":120,"profit_ratio":-0.051859241220051144,"profit_abs":-17.47835384,"exit_reason":"stop_loss","initial_stop_loss_abs":0.15859,"initial_stop_loss_ratio":-0.05,"stop_loss_abs":0.15859,"stop_loss_ratio":-0.05,"min_rate":0.1562,"max_rate":0.16853,"is_open":false,"enter_tag":"","leverage":1.0,"is_short":false,"open_timestamp":1762268400000,"close_timestamp":1762275600000,"orders":[{"amount":2017.0,"safe_price":0.16693,"ft_order_side":"buy","order_filled_timestamp":1762268400000,"ft_is_entry":true,"ft_order_tag":"","cost":337.03450781},{"amount":2017.0,"safe_price":0.15859,"ft_order_side":"sell","order_filled_timestamp":1762275600000,"ft_is_entry":false,"ft_order_tag":"stop_loss","cost":320.19590603}],"funding_fees":0.0,"weekday":1},{"pair":"DOGE/USDT","stake_amount":330.928,"max_stake_amount":330.928,"amount":2080.0,"open_date":"2025-11-04 22:00:00+00:00","close_date":"2025-11-05 00:00:00+00:00","open_rate":0.1591,"close_rate":0.16224,"fee_open":0.001,"fee_close":0.001,"trade_duration":120,"profit_ratio":0.017698580489278165,"profit_abs":5.8628128,"exit_reason":"roi","initial_stop_loss_abs":0.15115,"initial_stop_loss_ratio":-0.05,"stop_loss_abs":0.15115,"stop_loss_ratio":-0.05,"min_rate":0.15835,"max_rate":0.16436,"is_open":false,"enter_tag":"","leverage":1.0,"is_short":false,"open_timestamp":1762293600000,"close_timestamp":1762300800000,"orders":[{"amount":2080.0,"safe_price":0.1591,"ft_order_side":"buy","order_filled_timestamp":1762293600000,"ft_is_entry":true,"ft_order_tag":"","cost":331.25892799999997},{"amount":2080.0,"safe_price":0.16224,"ft_order_side":"sell","order_filled_timestamp":1762300800000,"ft_is_entry":false,"ft_order_tag":"roi","cost":337.79665919999997}],"funding_fees":0.0,"weekday":2},{"pair":"DOGE/USDT","stake_amount":332.72775,"max_stake_amount":332.72775,"amount":2025.0,"open_date":"2025-11-05 03:00:00+00:00","close_date":"2025-11-05 05:00:00+00:00","open_rate":0.16431,"close_rate":0.16476,"fee_open":0.001,"fee_close":0.001,"trade_duration":120,"profit_ratio":0.0007352516025147027,"profit_abs":0.24488325,"exit_reason":"roi","initial_stop_loss_abs":0.1561,"initial_stop_loss_ratio":-0.05,"stop_loss_abs":0.1561,"stop_loss_ratio":-0.05,"min_rate":0.16313,"max_rate":0.16619,"is_open":false,"enter_tag":"","leverage":1.0,"is_short":false,"open_timestamp":1762311600000,"close_timestamp":1762318800000,"orders":[{"amount":2025.0,"safe_price":0.16431,"ft_order_side":"buy","order_filled_timestamp":1762311600000,"ft_is_entry":true,"ft_order_tag":"","cost":333.06047774999996},{"amount":2025.0,"safe_price":0.16476,"ft_order_side":"sell","order_filled_timestamp":1762318800000,"ft_is_entry":false,"ft_order_tag":"roi","cost":333.9726389999999}],"funding_fees":0.0,"weekday":2},{"pair":"DOGE/USDT","stake_amount":332.81102,"max_stake_amount":332.81102,"amount":2026.0,"open_date":"2025-11-05 13:00:00+00:00","close_date":"2025-11-05 15:00:00+00:00","open_rate":0.16427,"close_rate":0.16582,"fee_open":0.001,"fee_close":0.001,"trade_duration":120,"profit_ratio":0.007418830636703651,"profit_abs":2.47153766,"exit_reason":"roi","initial_stop_loss_abs":0.15606,"initial_stop_loss_ratio":-0.05,"stop_loss_abs":0.15606,"stop_loss_ratio":-0.05,"min_rate":0.16342,"max_rate":0.16736,"is_open":false,"enter_tag":"","leverage":1.0,"is_short":false,"open_timestamp":1762347600000,"close_timestamp":1762354800000,"orders":[{"amount":2026.0,"safe_price":0.16427,"ft_order_side":"buy","order_filled_timestamp":1762347600000,"ft_is_entry":true,"ft_order_tag":"","cost":333.14383101999994},{"amount":2026.0,"safe_price":0.16582,"ft_order_side":"sell","order_filled_timestamp":1762354800000,"ft_is_entry":false,"ft_order_tag":"roi","cost":336.28727131999995}],"funding_fees":0.0,"weekday":2},{"pair":"DOGE/USDT","stake_amount":333.71092,"max_stake_amount":333.71092,"amount":2084.0,"open_date":"2025-11-15 01:00:00+00:00","close_date":"2025-11-15 03:00:00+00:00","open_rate":0.16013,"close_rate":0.1624,"fee_open":0.001,"fee_close":0.001,"trade_duration":120,"profit_ratio":0.012149656376222293,"profit_abs":4.05852748,"exit_reason":"roi","initial_stop_loss_abs":0.15213,"initial_stop_loss_ratio":-0.05,"stop_loss_abs":0.15213,"stop_loss_ratio":-0.05,"min_rate":0.15942,"max_rate":0.16307,"is_open":false,"enter_tag":"","leverage":1.0,"is_short":false,"open_timestamp":1763168400000,"close_timestamp":1763175600000,"orders":[{"amount":2084.0,"safe_price":0.16013,"ft_order_side":"buy","order_filled_timestamp":1763168400000,"ft_is_entry":true,"ft_order_tag":"","cost":334.04463092},{"amount":2084.0,"safe_price":0.1624,"ft_order_side":"sell","order_filled_timestamp":1763175600000,"ft_is_entry":false,"ft_order_tag":"roi","cost":338.78004159999995}],"funding_fees":0.0,"weekday":5},{"pair":"DOGE/USDT","stake_amount":335.05092,"max_stake_amount":335.05092,"amount":2412.0,"open_date":"2025-11-21 13:00:00+00:00","close_date":"2025-11-21 15:00:00+00:00","open_rate":0.13891,"close_rate":0.14133,"fee_open":0.001,"fee_close":0.001,"trade_duration":120,"profit_ratio":0.015388542060487925,"profit_abs":5.16110112,"exit_reason":"roi","initial_stop_loss_abs":0.13197,"initial_stop_loss_ratio":-0.05,"stop_loss_abs":0.13197,"stop_loss_ratio":-0.05,"min_rate":0.13746,"max_rate":0.14209,"is_open":false,"enter_tag":"","leverage":1.0,"is_short":false,"open_timestamp":1763730000000,"close_timestamp":1763737200000,"orders":[{"amount":2412.0,"safe_price":0.13891,"ft_order_side":"buy","order_filled_timestamp":1763730000000,"ft_is_entry":true,"ft_order_tag":"","cost":335.38597092},{"amount":2412.0,"safe_price":0.14133,"ft_order_side":"sell","order_filled_timestamp":1763737200000,"ft_is_entry":false,"ft_order_tag":"roi","cost":341.22884796}],"funding_fees":0.0,"weekday":4},{"pair":"DOGE/USDT","stake_amount":336.696,"max_stake_amount":336.696,"amount":2400.0,"open_date":"2025-11-22 00:00:00+00:00","close_date":"2025-11-22 02:00:00+00:00","open_rate":0.14029,"close_rate":0.14136,"fee_open":0.001,"fee_close":0.001,"trade_duration":120,"profit_ratio":0.005613817360912664,"profit_abs":1.89204,"exit_reason":"roi","initial_stop_loss_abs":0.13328,"initial_stop_loss_ratio":-0.05,"stop_loss_abs":0.13328,"stop_loss_ratio":-0.05,"min_rate":0.13852,"max_rate":0.14148,"is_open":false,"enter_tag":"","leverage":1.0,"is_short":false,"open_timestamp":1763769600000,"close_timestamp":1763776800000,"orders":[{"amount":2400.0,"safe_price":0.14029,"ft_order_side":"buy","order_filled_timestamp":1763769600000,"ft_is_entry":true,"ft_order_tag":"","cost":337.03269599999993},{"amount":2400.0,"safe_price":0.14136,"ft_order_side":"sell","order_filled_timestamp":1763776800000,"ft_is_entry":false,"ft_order_tag":"roi","cost":339.60326399999997}],"funding_fees":0.0,"weekday":5},{"pair":"DOGE/USDT","stake_amount":337.35956,"max_stake_amount":337.35956,"amount":2426.0,"open_date":"2025-11-22 07:00:00+00:00","close_date":"2025-11-22 09:00:00+00:00","open_rate":0.13906,"close_rate":0.13933839839839837,"fee_open":0.001,"fee_close":0.001,"trade_duration":120,"profit_ratio":0.0,"profit_abs":0.0,"exit_reason":"roi","initial_stop_loss_abs":0.13211,"initial_stop_loss_ratio":-0.05,"stop_loss_abs":0.13211,"stop_loss_ratio":-0.05,"min_rate":0.13549,"max_rate":0.14016,"is_open":false,"enter_tag":"","leverage":1.0,"is_short":false,"open_timestamp":1763794800000,"close_timestamp":1763802000000,"orders":[{"amount":2426.0,"safe_price":0.13906,"ft_order_side":"buy","order_filled_timestamp":1763794800000,"ft_is_entry":true,"ft_order_tag":"","cost":337.69691955999997},{"amount":2426.0,"safe_price":0.13933839839839837,"ft_order_side":"sell","order_filled_timestamp":1763802000000,"ft_is_entry":false,"ft_order_tag":"roi","cost":338.3729894690289}],"funding_fees":0.0,"weekday":5},{"pair":"DOGE/USDT","stake_amount":337.41864,"max_stake_amount":337.41864,"amount":2444.0,"open_date":"2025-11-22 10:00:00+00:00","close_date":"2025-11-22 14:00:00+00:00","open_rate":0.13806,"close_rate":0.1383363963963964,"fee_open":0.001,"fee_close":0.001,"trade_duration":240,"profit_ratio":0.0,"profit_abs":0.0,"exit_reason":"roi","initial_stop_loss_abs":0.13116,"initial_stop_loss_ratio":-0.05,"stop_loss_abs":0.13116,"stop_loss_ratio":-0.05,"min_rate":0.13563,"max_rate":0.13943,"is_open":false,"enter_tag":"","leverage":1.0,"is_short":false,"open_timestamp":1763805600000,"close_timestamp":1763820000000,"orders":[{"amount":2444.0,"safe_price":0.13806,"ft_order_side":"buy","order_filled_timestamp":1763805600000,"ft_is_entry":true,"ft_order_tag":"","cost":337.75605863999994},{"amount":2444.0,"safe_price":0.1383363963963964,"ft_order_side":"sell","order_filled_timestamp":1763820000000,"ft_is_entry":false,"ft_order_tag":"roi","cost":338.4322469455855}],"funding_fees":0.0,"weekday":5},{"pair":"DOGE/USDT","stake_amount":337.43234,"max_stake_amount":337.43234,"amount":2426.0,"open_date":"2025-11-22 15:00:00+00:00","close_date":"2025-11-22 17:00:00+00:00","open_rate":0.13909,"close_rate":0.13953,"fee_open":0.001,"fee_close":0.001,"trade_duration":120,"profit_ratio":0.0011590968525327574,"profit_abs":0.39150788,"exit_reason":"roi","initial_stop_loss_abs":0.13214,"initial_stop_loss_ratio":-0.05,"stop_loss_abs":0.13214,"stop_loss_ratio":-0.05,"min_rate":0.13729,"max_rate":0.13977,"is_open":false,"enter_tag":"","leverage":1.0,"is_short":false,"open_timestamp":1763823600000,"close_timestamp":1763830800000,"orders":[{"amount":2426.0,"safe_price":0.13909,"ft_order_side":"buy","order_filled_timestamp":1763823600000,"ft_is_entry":true,"ft_order_tag":"","cost":337.7697723399999},{"amount":2426.0,"safe_price":0.13953,"ft_order_side":"sell","order_filled_timestamp":1763830800000,"ft_is_entry":false,"ft_order_tag":"roi","cost":338.83827977999994}],"funding_fees":0.0,"weekday":5}],"locks":[],"best_pair":{"key":"DOGE/USDT","trades":18,"profit_mean":0.0039252090450289795,"profit_mean_pct":0.39,"profit_total_abs":22.977016210000002,"profit_total":0.022977016210000003,"profit_total_pct":2.3,"duration_avg":"2:07:00","wins":13,"draws":3,"losses":2,"winrate":0.7222222222222222,"cagr":0.08924148519493968,"expectancy":1.2765009005555557,"expectancy_ratio":-0.0929065814596105,"sortino":26.275461246871874,"sharpe":0.5541714343684006,"calmar":26.41963069776259,"sqn":0.6445,"profit_factor":1.6638407668635053,"max_drawdown_account":0.017129377715377894,"max_drawdown_abs":17.47835384},"worst_pair":{"key":"DOGE/USDT","trades":18,"profit_mean":0.0039252090450289795,"profit_mean_pct":0.39,"profit_total_abs":22.977016210000002,"profit_total":0.022977016210000003,"profit_total_pct":2.3,"duration_avg":"2:07:00","wins":13,"draws":3,"losses":2,"winrate":0.7222222222222222,"cagr":0.08924148519493968,"expectancy":1.2765009005555557,"expectancy_ratio":-0.0929065814596105,"sortino":26.275461246871874,"sharpe":0.5541714343684006,"calmar":26.41963069776259,"sqn":0.6445,"profit_factor":1.6638407668635053,"max_drawdown_account":0.017129377715377894,"max_drawdown_abs":17.47835384},"results_per_pair":[{"key":"DOGE/USDT","trades":18,"profit_mean":0.0039252090450289795,"profit_mean_pct":0.39,"profit_total_abs":22.977016210000002,"profit_total":0.022977016210000003,"profit_total_pct":2.3,"duration_avg":"2:07:00","wins":13,"draws":3,"losses":2,"winrate":0.7222222222222222,"cagr":0.08924148519493968,"expectancy":1.2765009005555557,"expectancy_ratio":-0.0929065814596105,"sortino":26.275461246871874,"sharpe":0.5541714343684006,"calmar":26.41963069776259,"sqn":0.6445,"profit_factor":1.6638407668635053,"max_drawdown_account":0.017129377715377894,"max_drawdown_abs":17.47835384},{"key":"TOTAL","trades":18,"profit_mean":0.0039252090450289795,"profit_mean_pct":0.39,"profit_total_abs":22.977016210000002,"profit_total":0.022977016210000003,"profit_total_pct":2.3,"duration_avg":"2:07:00","wins":13,"draws":3,"losses":2,"winrate":0.7222222222222222,"cagr":0.08924148519493968,"expectancy":1.2765009005555557,"expectancy_ratio":-0.0929065814596105,"sortino":26.275461246871874,"sharpe":0.5541714343684006,"calmar":26.41963069776259,"sqn":0.6445,"profit_factor":1.6638407668635053,"max_drawdown_account":0.017129377715377894,"max_drawdown_abs":17.47835384}],"results_per_enter_tag":[{"key":"","trades":18,"profit_mean":0.0039252090450289795,"profit_mean_pct":0.39,"profit_total_abs":22.977016210000002,"profit_total":0.022977016210000003,"profit_total_pct":2.3,"duration_avg":"2:07:00","wins":13,"draws":3,"losses":2,"winrate":0.7222222222222222,"cagr":0.08924148519493968,"expectancy":1.2765009005555557,"expectancy_ratio":-0.0929065814596105,"sortino":26.275461246871874,"sharpe":0.5541714343684006,"calmar":26.41963069776259,"sqn":0.6445,"profit_factor":1.6638407668635053,"max_drawdown_account":0.017129377715377894,"max_drawdown_abs":17.47835384},{"key":"TOTAL","trades":18,"profit_mean":0.0039252090450289795,"profit_mean_pct":0.39,"profit_total_abs":22.977016210000002,"profit_total":0.022977016210000003,"profit_total_pct":2.3,"duration_avg":"2:07:00","wins":13,"draws":3,"losses":2,"winrate":0.7222222222222222,"cagr":0.08924148519493968,"expectancy":1.2765009005555557,"expectancy_ratio":-0.0929065814596105,"sortino":26.275461246871874,"sharpe":0.5541714343684006,"calmar":26.41963069776259,"sqn":0.6445,"profit_factor":1.6638407668635053,"max_drawdown_account":0.017129377715377894,"max_drawdown_abs":17.47835384}],"exit_reason_summary":[{"key":"roi","trades":16,"profit_mean":0.010899282847668028,"profit_mean_pct":1.09,"profit_total_abs":57.58925661,"profit_total":0.05758925661,"profit_total_pct":5.76,"duration_avg":"2:00:00","wins":13,"draws":3,"losses":0,"winrate":0.8125,"cagr":0.23453164830904072,"expectancy":3.599328538125,"expectancy_ratio":100.0,"sortino":-100,"sharpe":2.205036863321105,"calmar":-100,"sqn":2.71,"profit_factor":0.0,"max_drawdown_account":0.0,"max_drawdown_abs":0.0},{"key":"stop_loss","trades":2,"profit_mean":-0.05186738137608339,"profit_mean_pct":-5.19,"profit_total_abs":-34.612240400000005,"profit_total":-0.03461224040000001,"profit_total_pct":-3.46,"duration_avg":"3:00:00","wins":0,"draws":0,"losses":2,"winrate":0.0,"cagr":-0.12414026174717485,"expectancy":-17.306120200000002,"expectancy_ratio":-1.0,"sortino":-39.58096965182988,"sharpe":-39.58096965182988,"calmar":-19.69584863354927,"sqn":-100.4805,"profit_factor":0.0,"max_drawdown_account":0.03461224040000002,"max_drawdown_abs":34.612240400000005},{"key":"TOTAL","trades":18,"profit_mean":0.0039252090450289795,"profit_mean_pct":0.39,"profit_total_abs":22.977016210000002,"profit_total":0.022977016210000003,"profit_total_pct":2.3,"duration_avg":"2:07:00","wins":13,"draws":3,"losses":2,"winrate":0.7222222222222222,"cagr":0.08924148519493968,"expectancy":1.2765009005555557,"expectancy_ratio":-0.0929065814596105,"sortino":26.275461246871874,"sharpe":0.5541714343684006,"calmar":26.41963069776259,"sqn":0.6445,"profit_factor":1.6638407668635053,"max_drawdown_account":0.017129377715377894,"max_drawdown_abs":17.47835384}],"mix_tag_stats":[{"key":["","roi"],"trades":16,"profit_mean":0.010899282847668028,"profit_mean_pct":1.09,"profit_total_abs":57.58925661,"profit_total":0.05758925661,"profit_total_pct":5.76,"duration_avg":"2:00:00","wins":13,"draws":3,"losses":0,"winrate":0.8125,"cagr":0.23453164830904072,"expectancy":3.599328538125,"expectancy_ratio":100.0,"sortino":-100,"sharpe":2.205036863321105,"calmar":-100,"sqn":2.71,"profit_factor":0.0,"max_drawdown_account":0.0,"max_drawdown_abs":0.0},{"key":["","stop_loss"],"trades":2,"profit_mean":-0.05186738137608339,"profit_mean_pct":-5.19,"profit_total_abs":-34.612240400000005,"profit_total":-0.03461224040000001,"profit_total_pct":-3.46,"duration_avg":"3:00:00","wins":0,"draws":0,"losses":2,"winrate":0.0,"cagr":-0.12414026174717485,"expectancy":-17.306120200000002,"expectancy_ratio":-1.0,"sortino":-39.58096965182988,"sharpe":-39.58096965182988,"calmar":-19.69584863354927,"sqn":-100.4805,"profit_factor":0.0,"max_drawdown_account":0.03461224040000002,"max_drawdown_abs":34.612240400000005},{"key":"TOTAL","trades":18,"profit_mean":0.0039252090450289795,"profit_mean_pct":0.39,"profit_total_abs":22.977016210000002,"profit_total":0.022977016210000003,"profit_total_pct":2.3,"duration_avg":"2:07:00","wins":13,"draws":3,"losses":2,"winrate":0.7222222222222222,"cagr":0.08924148519493968,"expectancy":1.2765009005555557,"expectancy_ratio":-0.0929065814596105,"sortino":26.275461246871874,"sharpe":0.5541714343684006,"calmar":26.41963069776259,"sqn":0.6445,"profit_factor":1.6638407668635053,"max_drawdown_account":0.017129377715377894,"max_drawdown_abs":17.47835384}],"left_open_trades":[{"key":"TOTAL","trades":0,"profit_mean":0.0,"profit_mean_pct":0.0,"profit_total_abs":0.0,"profit_total":0.0,"profit_total_pct":0.0,"duration_avg":"0:00","wins":0,"draws":0,"losses":0,"winrate":0.0,"cagr":0.0,"expectancy":0.0,"expectancy_ratio":100.0,"sortino":0,"sharpe":0,"calmar":0,"sqn":0.0,"profit_factor":0.0,"max_drawdown_account":0.0,"max_drawdown_abs":0.0}],"total_trades":18,"trade_count_long":18,"trade_count_short":0,"total_volume":12054.492917143352,"avg_stake_amount":333.53975,"profit_mean":0.0039252090450289795,"profit_median":0.0031010250961727563,"profit_total":0.022977016210000003,"profit_total_long":0.022977016210000003,"profit_total_short":0.0,"profit_total_abs":22.977016210000002,"profit_total_long_abs":22.977016210000002,"profit_total_short_abs":0.0,"cagr":0.08924148519493968,"expectancy":1.2765009005555557,"expectancy_ratio":-0.0929065814596105,"sortino":26.275461246871874,"sharpe":0.5541714343684006,"calmar":26.41963069776259,"sqn":0.6445,"profit_factor":1.6638407668635053,"backtest_start":"2025-10-01 00:00:00","backtest_start_ts":1759276800000,"backtest_end":"2026-01-06 20:00:00","backtest_end_ts":1767729600000,"backtest_days":97,"backtest_run_start_ts":1767749200,"backtest_run_end_ts":1767749201,"trades_per_day":0.19,"market_change":-0.36632086436227446,"pairlist":["DOGE/USDT"],"stake_amount":"unlimited","stake_currency":"USDT","stake_currency_decimals":3,"starting_balance":1000,"dry_run_wallet":1000,"final_balance":1022.97701621,"rejected_signals":0,"timedout_entry_orders":0,"timedout_exit_orders":0,"canceled_trade_entries":0,"canceled_entry_orders":0,"replaced_entry_orders":0,"max_open_trades":1,"max_open_trades_setting":3,"timeframe":"1h","timeframe_detail":"","timerange":"20251001-","enable_protections":false,"strategy_name":"ACO_19_10","freqaimodel":null,"freqai_identifier":null,"stoploss":-0.05,"trailing_stop":false,"trailing_stop_positive":null,"trailing_stop_positive_offset":0.0,"trailing_only_offset_is_reached":false,"use_custom_stoploss":false,"minimal_roi":{"0":0.1,"60":0.05,"120":0.0},"use_exit_signal":true,"exit_profit_only":false,"exit_profit_offset":0.0,"ignore_roi_if_entry_signal":false,"trading_mode":"spot","margin_mode":"","periodic_breakdown":{"day":[{"date":"11/10/2025","date_ts":1760140800000,"profit_abs":-17.13388656,"wins":0,"draws":0,"losses":1,"trades":1,"profit_factor":0.0},{"date":"12/10/2025","date_ts":1760227200000,"profit_abs":33.69481242,"wins":3,"draws":0,"losses":0,"trades":3,"profit_factor":0.0},{"date":"13/10/2025","date_ts":1760313600000,"profit_abs":2.33470464,"wins":1,"draws":0,"losses":0,"trades":1,"profit_factor":0.0},{"date":"14/10/2025","date_ts":1760400000000,"profit_abs":0.0,"wins":0,"draws":1,"losses":0,"trades":1,"profit_factor":0.0},{"date":"15/10/2025","date_ts":1760486400000,"profit_abs":0.0,"wins":0,"draws":0,"losses":0,"trades":0,"profit_factor":0.0},{"date":"16/10/2025","date_ts":1760572800000,"profit_abs":0.0,"wins":0,"draws":0,"losses":0,"trades":0,"profit_factor":0.0},{"date":"17/10/2025","date_ts":1760659200000,"profit_abs":0.3937232,"wins":1,"draws":0,"losses":0,"trades":1,"profit_factor":0.0},{"date":"18/10/2025","date_ts":1760745600000,"profit_abs":0.0,"wins":0,"draws":0,"losses":0,"trades":0,"profit_factor":0.0},{"date":"19/10/2025","date_ts":1760832000000,"profit_abs":0.0,"wins":0,"draws":0,"losses":0,"trades":0,"profit_factor":0.0},{"date":"20/10/2025","date_ts":1760918400000,"profit_abs":0.0,"wins":0,"draws":0,"losses":0,"trades":0,"profit_factor":0.0},{"date":"21/10/2025","date_ts":1761004800000,"profit_abs":0.0,"wins":0,"draws":0,"losses":0,"trades":0,"profit_factor":0.0},{"date":"22/10/2025","date_ts":1761091200000,"profit_abs":0.0,"wins":0,"draws":0,"losses":0,"trades":0,"profit_factor":0.0},{"date":"23/10/2025","date_ts":1761177600000,"profit_abs":0.0,"wins":0,"draws":0,"losses":0,"trades":0,"profit_factor":0.0},{"date":"24/10/2025","date_ts":1761264000000,"profit_abs":0.0,"wins":0,"draws":0,"losses":0,"trades":0,"profit_factor":0.0},{"date":"25/10/2025","date_ts":1761350400000,"profit_abs":0.0,"wins":0,"draws":0,"losses":0,"trades":0,"profit_factor":0.0},{"date":"26/10/2025","date_ts":1761436800000,"profit_abs":0.0,"wins":0,"draws":0,"losses":0,"trades":0,"profit_factor":0.0},{"date":"27/10/2025","date_ts":1761523200000,"profit_abs":0.0,"wins":0,"draws":0,"losses":0,"trades":0,"profit_factor":0.0},{"date":"28/10/2025","date_ts":1761609600000,"profit_abs":0.0,"wins":0,"draws":0,"losses":0,"trades":0,"profit_factor":0.0},{"date":"29/10/2025","date_ts":1761696000000,"profit_abs":0.0,"wins":0,"draws":0,"losses":0,"trades":0,"profit_factor":0.0},{"date":"30/10/2025","date_ts":1761782400000,"profit_abs":0.0,"wins":0,"draws":0,"losses":0,"trades":0,"profit_factor":0.0},{"date":"31/10/2025","date_ts":1761868800000,"profit_abs":0.0,"wins":0,"draws":0,"losses":0,"trades":0,"profit_factor":0.0},{"date":"01/11/2025","date_ts":1761955200000,"profit_abs":0.0,"wins":0,"draws":0,"losses":0,"trades":0,"profit_factor":0.0},{"date":"02/11/2025","date_ts":1762041600000,"profit_abs":0.0,"wins":0,"draws":0,"losses":0,"trades":0,"profit_factor":0.0},{"date":"03/11/2025","date_ts":1762128000000,"profit_abs":0.0,"wins":0,"draws":0,"losses":0,"trades":0,"profit_factor":0.0},{"date":"04/11/2025","date_ts":1762214400000,"profit_abs":-16.39474768,"wins":1,"draws":0,"losses":1,"trades":2,"profit_factor":0.06199704},{"date":"05/11/2025","date_ts":1762300800000,"profit_abs":8.57923371,"wins":3,"draws":0,"losses":0,"trades":3,"profit_factor":0.0},{"date":"06/11/2025","date_ts":1762387200000,"profit_abs":0.0,"wins":0,"draws":0,"losses":0,"trades":0,"profit_factor":0.0},{"date":"07/11/2025","date_ts":1762473600000,"profit_abs":0.0,"wins":0,"draws":0,"losses":0,"trades":0,"profit_factor":0.0},{"date":"08/11/2025","date_ts":1762560000000,"profit_abs":0.0,"wins":0,"draws":0,"losses":0,"trades":0,"profit_factor":0.0},{"date":"09/11/2025","date_ts":1762646400000,"profit_abs":0.0,"wins":0,"draws":0,"losses":0,"trades":0,"profit_factor":0.0},{"date":"10/11/2025","date_ts":1762732800000,"profit_abs":0.0,"wins":0,"draws":0,"losses":0,"trades":0,"profit_factor":0.0},{"date":"11/11/2025","date_ts":1762819200000,"profit_abs":0.0,"wins":0,"draws":0,"losses":0,"trades":0,"profit_factor":0.0},{"date":"12/11/2025","date_ts":1762905600000,"profit_abs":0.0,"wins":0,"draws":0,"losses":0,"trades":0,"profit_factor":0.0},{"date":"13/11/2025","date_ts":1762992000000,"profit_abs":0.0,"wins":0,"draws":0,"losses":0,"trades":0,"profit_factor":0.0},{"date":"14/11/2025","date_ts":1763078400000,"profit_abs":0.0,"wins":0,"draws":0,"losses":0,"trades":0,"profit_factor":0.0},{"date":"15/11/2025","date_ts":1763164800000,"profit_abs":4.05852748,"wins":1,"draws":0,"losses":0,"trades":1,"profit_factor":0.0},{"date":"16/11/2025","date_ts":1763251200000,"profit_abs":0.0,"wins":0,"draws":0,"losses":0,"trades":0,"profit_factor":0.0},{"date":"17/11/2025","date_ts":1763337600000,"profit_abs":0.0,"wins":0,"draws":0,"losses":0,"trades":0,"profit_factor":0.0},{"date":"18/11/2025","date_ts":1763424000000,"profit_abs":0.0,"wins":0,"draws":0,"losses":0,"trades":0,"profit_factor":0.0},{"date":"19/11/2025","date_ts":1763510400000,"profit_abs":0.0,"wins":0,"draws":0,"losses":0,"trades":0,"profit_factor":0.0},{"date":"20/11/2025","date_ts":1763596800000,"profit_abs":0.0,"wins":0,"draws":0,"losses":0,"trades":0,"profit_factor":0.0},{"date":"21/11/2025","date_ts":1763683200000,"profit_abs":5.16110112,"wins":1,"draws":0,"losses":0,"trades":1,"profit_factor":0.0},{"date":"22/11/2025","date_ts":1763769600000,"profit_abs":2.28354788,"wins":2,"draws":2,"losses":0,"trades":4,"profit_factor":0.0}],"week":[{"date":"13/10/2025","date_ts":1760313600000,"profit_abs":18.8956305,"wins":4,"draws":0,"losses":1,"trades":5,"profit_factor":2.1028222},{"date":"20/10/2025","date_ts":1760918400000,"profit_abs":0.3937232,"wins":1,"draws":1,"losses":0,"trades":2,"profit_factor":0.0},{"date":"27/10/2025","date_ts":1761523200000,"profit_abs":0.0,"wins":0,"draws":0,"losses":0,"trades":0,"profit_factor":0.0},{"date":"03/11/2025","date_ts":1762128000000,"profit_abs":0.0,"wins":0,"draws":0,"losses":0,"trades":0,"profit_factor":0.0},{"date":"10/11/2025","date_ts":1762732800000,"profit_abs":-7.81551397,"wins":4,"draws":0,"losses":1,"trades":5,"profit_factor":0.55284611},{"date":"17/11/2025","date_ts":1763337600000,"profit_abs":4.05852748,"wins":1,"draws":0,"losses":0,"trades":1,"profit_factor":0.0},{"date":"24/11/2025","date_ts":1763942400000,"profit_abs":7.444649,"wins":3,"draws":2,"losses":0,"trades":5,"profit_factor":0.0}],"month":[{"date":"31/10/2025","date_ts":1761868800000,"profit_abs":19.2893537,"wins":5,"draws":1,"losses":1,"trades":7,"profit_factor":2.12580141},{"date":"30/11/2025","date_ts":1764460800000,"profit_abs":3.68766251,"wins":8,"draws":2,"losses":1,"trades":11,"profit_factor":1.21098454}],"year":[{"date":"31/12/2025","date_ts":1767139200000,"profit_abs":22.97701621,"wins":13,"draws":3,"losses":2,"trades":18,"profit_factor":1.66384077}],"weekday":[{"date":"Monday","date_ts":0,"profit_abs":2.33470464,"wins":1,"draws":0,"losses":0,"trades":1,"profit_factor":0.0},{"date":"Tuesday","date_ts":1,"profit_abs":-16.39474768,"wins":1,"draws":1,"losses":1,"trades":3,"profit_factor":0.06199704},{"date":"Wednesday","date_ts":2,"profit_abs":8.57923371,"wins":3,"draws":0,"losses":0,"trades":3,"profit_factor":0.0},{"date":"Friday","date_ts":4,"profit_abs":5.55482432,"wins":2,"draws":0,"losses":0,"trades":2,"profit_factor":0.0},{"date":"Saturday","date_ts":5,"profit_abs":-10.7918112,"wins":3,"draws":2,"losses":1,"trades":6,"profit_factor":0.37014809},{"date":"Sunday","date_ts":6,"profit_abs":33.69481242,"wins":3,"draws":0,"losses":0,"trades":3,"profit_factor":0.0}]},"backtest_best_day":0.10288263404618166,"backtest_worst_day":-0.05187552153211564,"backtest_best_day_abs":33.69481242,"backtest_worst_day_abs":-17.13388656,"winning_days":7,"draw_days":34,"losing_days":2,"daily_profit":[["2025-10-11",-17.13388656],["2025-10-12",33.69481242],["2025-10-13",2.33470464],["2025-10-14",0.0],["2025-10-15",0.0],["2025-10-16",0.0],["2025-10-17",0.3937232],["2025-10-18",0.0],["2025-10-19",0.0],["2025-10-20",0.0],["2025-10-21",0.0],["2025-10-22",0.0],["2025-10-23",0.0],["2025-10-24",0.0],["2025-10-25",0.0],["2025-10-26",0.0],["2025-10-27",0.0],["2025-10-28",0.0],["2025-10-29",0.0],["2025-10-30",0.0],["2025-10-31",0.0],["2025-11-01",0.0],["2025-11-02",0.0],["2025-11-03",0.0],["2025-11-04",-16.39474768],["2025-11-05",8.57923371],["2025-11-06",0.0],["2025-11-07",0.0],["2025-11-08",0.0],["2025-11-09",0.0],["2025-11-10",0.0],["2025-11-11",0.0],["2025-11-12",0.0],["2025-11-13",0.0],["2025-11-14",0.0],["2025-11-15",4.05852748],["2025-11-16",0.0],["2025-11-17",0.0],["2025-11-18",0.0],["2025-11-19",0.0],["2025-11-20",0.0],["2025-11-21",5.16110112],["2025-11-22",2.28354788]],"wins":13,"losses":2,"draws":3,"winrate":0.7222222222222222,"holding_avg":"2:07:00","holding_avg_s":7620.0,"winner_holding_min":"0d 01:00","winner_holding_min_s":3600.0,"winner_holding_max":"0d 02:00","winner_holding_max_s":7200.0,"winner_holding_avg":"0d 01:51","winner_holding_avg_s":6660.0,"loser_holding_min":"0d 02:00","loser_holding_min_s":7200.0,"loser_holding_max":"0d 04:00","loser_holding_max_s":14400.0,"loser_holding_avg":"0d 03:00","loser_holding_avg_s":10800.0,"max_consecutive_wins":6,"max_consecutive_losses":2,"max_drawdown_account":0.017129377715377894,"max_relative_drawdown":0.01713388655999995,"max_drawdown_abs":17.47835384,"drawdown_start":"2025-11-04 11:00:00","drawdown_start_ts":1762254000000.0,"drawdown_end":"2025-11-04 17:00:00","drawdown_end_ts":1762275600000.0,"drawdown_duration":"0 days 06:00:00","drawdown_duration_s":21600.0,"max_drawdown_low":2.8946060200000012,"max_drawdown_high":20.37295986,"csum_min":982.86611344,"csum_max":1022.97701621}},"strategy_comparison":[{"key":"ACO_19_10","trades":18,"profit_mean":0.0039252090450289795,"profit_mean_pct":0.39,"profit_total_abs":22.977016210000002,"profit_total":0.022977016210000003,"profit_total_pct":2.3,"duration_avg":"2:07:00","wins":13,"draws":3,"losses":2,"winrate":0.7222222222222222,"cagr":0.08924148519493968,"expectancy":1.2765009005555557,"expectancy_ratio":-0.0929065814596105,"sortino":26.275461246871874,"sharpe":0.5541714343684006,"calmar":26.41963069776259,"sqn":0.6445,"profit_factor":1.6638407668635053,"max_drawdown_account":0.017129377715377894,"max_drawdown_abs":"17.478"}]}