{"strategy":{"ACO_15_7":{"trades":[{"pair":"DOGE/USDT","stake_amount":329.988,"max_stake_amount":329.988,"amount":1285.0,"open_date":"2025-10-02 13:00:00+00:00","close_date":"2025-10-02 16:00:00+00:00","open_rate":0.2568,"close_rate":0.25731411411411403,"fee_open":0.001,"fee_close":0.001,"trade_duration":180,"profit_ratio":0.0,"profit_abs":0.0,"exit_reason":"roi","initial_stop_loss_abs":0.24396,"initial_stop_loss_ratio":-0.05,"stop_loss_abs":0.24396,"stop_loss_ratio":-0.05,"min_rate":0.25046,"max_rate":0.2578,"is_open":false,"enter_tag":"","leverage":1.0,"is_short":false,"open_timestamp":1759410000000,"close_timestamp":1759420800000,"orders":[{"amount":1285.0,"safe_price":0.2568,"ft_order_side":"buy","order_filled_timestamp":1759410000000,"ft_is_entry":true,"ft_order_tag":"","cost":330.3179879999999},{"amount":1285.0,"safe_price":0.25731411411411403,"ft_order_side":"sell","order_filled_timestamp":1759420800000,"ft_is_entry":false,"ft_order_tag":"roi","cost":330.97928527327315}],"funding_fees":0.0,"weekday":3},{"pair":"DOGE/USDT","stake_amount":329.79515,"max_stake_amount":329.79515,"amount":1283.0,"open_date":"2025-10-03 15:00:00+00:00","close_date":"2025-10-03 17:00:00+00:00","open_rate":0.25705,"close_rate":0.25997,"fee_open":0.001,"fee_close":0.001,"trade_duration":120,"profit_ratio":0.009338959037461275,"profit_abs":3.08302334,"exit_reason":"roi","initial_stop_loss_abs":0.2442,"initial_stop_loss_ratio":-0.05,"stop_loss_abs":0.2442,"stop_loss_ratio":-0.05,"min_rate":0.25505,"max_rate":0.26534,"is_open":false,"enter_tag":"","leverage":1.0,"is_short":false,"open_timestamp":1759503600000,"close_timestamp":1759510800000,"orders":[{"amount":1283.0,"safe_price":0.25705,"ft_order_side":"buy","order_filled_timestamp":1759503600000,"ft_is_entry":true,"ft_order_tag":"","cost":330.1249451499999},{"amount":1283.0,"safe_price":0.25997,"ft_order_side":"sell","order_filled_timestamp":1759510800000,"ft_is_entry":false,"ft_order_tag":"roi","cost":333.87505150999993}],"funding_fees":0.0,"weekday":4},{"pair":"DOGE/USDT","stake_amount":330.78863,"max_stake_amount":330.78863,"amount":1307.0,"open_date":"2025-10-05 23:00:00+00:00","close_date":"2025-10-06 01:00:00+00:00","open_rate":0.25309,"close_rate":0.2535966866866866,"fee_open":0.001,"fee_close":0.001,"trade_duration":120,"profit_ratio":0.0,"profit_abs":0.0,"exit_reason":"roi","initial_stop_loss_abs":0.24044,"initial_stop_loss_ratio":-0.05,"stop_loss_abs":0.24044,"stop_loss_ratio":-0.05,"min_rate":0.25057,"max_rate":0.25533,"is_open":false,"enter_tag":"","leverage":1.0,"is_short":false,"open_timestamp":1759705200000,"close_timestamp":1759712400000,"orders":[{"amount":1307.0,"safe_price":0.25309,"ft_order_side":"buy","order_filled_timestamp":1759705200000,"ft_is_entry":true,"ft_order_tag":"","cost":331.1194186299999},{"amount":1307.0,"safe_price":0.2535966866866866,"ft_order_side":"sell","order_filled_timestamp":1759712400000,"ft_is_entry":false,"ft_order_tag":"roi","cost":331.78232036899885}],"funding_fees":0.0,"weekday":0},{"pair":"DOGE/USDT","stake_amount":330.89028,"max_stake_amount":330.89028,"amount":1302.0,"open_date":"2025-10-06 03:00:00+00:00","close_date":"2025-10-06 06:00:00+00:00","open_rate":0.25414,"close_rate":0.2546487887887887,"fee_open":0.001,"fee_close":0.001,"trade_duration":180,"profit_ratio":0.0,"profit_abs":0.0,"exit_reason":"roi","initial_stop_loss_abs":0.24144,"initial_stop_loss_ratio":-0.05,"stop_loss_abs":0.24144,"stop_loss_ratio":-0.05,"min_rate":0.25214,"max_rate":0.25843,"is_open":false,"enter_tag":"","leverage":1.0,"is_short":false,"open_timestamp":1759719600000,"close_timestamp":1759730400000,"orders":[{"amount":1302.0,"safe_price":0.25414,"ft_order_side":"buy","order_filled_timestamp":1759719600000,"ft_is_entry":true,"ft_order_tag":"","cost":331.2211702799999},{"amount":1302.0,"safe_price":0.2546487887887887,"ft_order_side":"sell","order_filled_timestamp":1759730400000,"ft_is_entry":false,"ft_order_tag":"roi","cost":331.88427572600585}],"funding_fees":0.0,"weekday":0},{"pair":"DOGE/USDT","stake_amount":330.83904,"max_stake_amount":330.83904,"amount":1344.0,"open_date":"2025-10-08 07:00:00+00:00","close_date":"2025-10-08 09:00:00+00:00","open_rate":0.24616,"close_rate":0.24835,"fee_open":0.001,"fee_close":0.001,"trade_duration":120,"profit_ratio":0.006880875056045676,"profit_abs":2.27873856,"exit_reason":"roi","initial_stop_loss_abs":0.23386,"initial_stop_loss_ratio":-0.05,"stop_loss_abs":0.23386,"stop_loss_ratio":-0.05,"min_rate":0.24539,"max_rate":0.24949,"is_open":false,"enter_tag":"","leverage":1.0,"is_short":false,"open_timestamp":1759906800000,"close_timestamp":1759914000000,"orders":[{"amount":1344.0,"safe_price":0.24616,"ft_order_side":"buy","order_filled_timestamp":1759906800000,"ft_is_entry":true,"ft_order_tag":"","cost":331.16987903999996},{"amount":1344.0,"safe_price":0.24835,"ft_order_side":"sell","order_filled_timestamp":1759914000000,"ft_is_entry":false,"ft_order_tag":"roi","cost":334.11618239999996}],"funding_fees":0.0,"weekday":2},{"pair":"DOGE/USDT","stake_amount":331.5842,"max_stake_amount":331.5842,"amount":1349.0,"open_date":"2025-10-09 11:00:00+00:00","close_date":"2025-10-09 13:00:00+00:00","open_rate":0.2458,"close_rate":0.24959,"fee_open":0.001,"fee_close":0.001,"trade_duration":120,"profit_ratio":0.0133902305993437,"profit_abs":4.44442889,"exit_reason":"roi","initial_stop_loss_abs":0.23351,"initial_stop_loss_ratio":-0.05,"stop_loss_abs":0.23351,"stop_loss_ratio":-0.05,"min_rate":0.24505,"max_rate":0.25071,"is_open":false,"enter_tag":"","leverage":1.0,"is_short":false,"open_timestamp":1760007600000,"close_timestamp":1760014800000,"orders":[{"amount":1349.0,"safe_price":0.2458,"ft_order_side":"buy","order_filled_timestamp":1760007600000,"ft_is_entry":true,"ft_order_tag":"","cost":331.91578419999996},{"amount":1349.0,"safe_price":0.24959,"ft_order_side":"sell","order_filled_timestamp":1760014800000,"ft_is_entry":false,"ft_order_tag":"roi","cost":337.03360690999995}],"funding_fees":0.0,"weekday":3},{"pair":"DOGE/USDT","stake_amount":333.19728,"max_stake_amount":333.19728,"amount":1326.0,"open_date":"2025-10-10 04:00:00+00:00","close_date":"2025-10-10 05:00:00+00:00","open_rate":0.25128,"close_rate":0.25115,"fee_open":0.001,"fee_close":0.001,"trade_duration":60,"profit_ratio":-0.002514319491396855,"profit_abs":-0.83860218,"exit_reason":"exit_signal","initial_stop_loss_abs":0.23872,"initial_stop_loss_ratio":-0.05,"stop_loss_abs":0.23872,"stop_loss_ratio":-0.05,"min_rate":0.24856,"max_rate":0.25296,"is_open":false,"enter_tag":"","leverage":1.0,"is_short":false,"open_timestamp":1760068800000,"close_timestamp":1760072400000,"orders":[{"amount":1326.0,"safe_price":0.25128,"ft_order_side":"buy","order_filled_timestamp":1760068800000,"ft_is_entry":true,"ft_order_tag":"","cost":333.53047727999996},{"amount":1326.0,"safe_price":0.25115,"ft_order_side":"sell","order_filled_timestamp":1760072400000,"ft_is_entry":false,"ft_order_tag":"exit_signal","cost":333.35792489999994}],"funding_fees":0.0,"weekday":4},{"pair":"DOGE/USDT","stake_amount":332.84992,"max_stake_amount":332.84992,"amount":1328.0,"open_date":"2025-10-10 11:00:00+00:00","close_date":"2025-10-10 13:00:00+00:00","open_rate":0.25064,"close_rate":0.2511417817817817,"fee_open":0.001,"fee_close":0.001,"trade_duration":120,"profit_ratio":0.0,"profit_abs":0.0,"exit_reason":"roi","initial_stop_loss_abs":0.23811,"initial_stop_loss_ratio":-0.05,"stop_loss_abs":0.23811,"stop_loss_ratio":-0.05,"min_rate":0.24958,"max_rate":0.25403,"is_open":false,"enter_tag":"","leverage":1.0,"is_short":false,"open_timestamp":1760094000000,"close_timestamp":1760101200000,"orders":[{"amount":1328.0,"safe_price":0.25064,"ft_order_side":"buy","order_filled_timestamp":1760094000000,"ft_is_entry":true,"ft_order_tag":"","cost":333.1827699199999},{"amount":1328.0,"safe_price":0.2511417817817817,"ft_order_side":"sell","order_filled_timestamp":1760101200000,"ft_is_entry":false,"ft_order_tag":"roi","cost":333.84980249241227}],"funding_fees":0.0,"weekday":4},{"pair":"DOGE/USDT","stake_amount":332.86897,"max_stake_amount":332.86897,"amount":1799.0,"open_date":"2025-10-11 23:00:00+00:00","close_date":"2025-10-12 03:00:00+00:00","open_rate":0.18503,"close_rate":0.18540043043043042,"fee_open":0.001,"fee_close":0.001,"trade_duration":240,"profit_ratio":0.0,"profit_abs":0.0,"exit_reason":"roi","initial_stop_loss_abs":0.17578,"initial_stop_loss_ratio":-0.05,"stop_loss_abs":0.17578,"stop_loss_ratio":-0.05,"min_rate":0.18072,"max_rate":0.18675,"is_open":false,"enter_tag":"","leverage":1.0,"is_short":false,"open_timestamp":1760223600000,"close_timestamp":1760238000000,"orders":[{"amount":1799.0,"safe_price":0.18503,"ft_order_side":"buy","order_filled_timestamp":1760223600000,"ft_is_entry":true,"ft_order_tag":"","cost":333.2018389699999},{"amount":1799.0,"safe_price":0.18540043043043042,"ft_order_side":"sell","order_filled_timestamp":1760238000000,"ft_is_entry":false,"ft_order_tag":"roi","cost":333.86890971868866}],"funding_fees":0.0,"weekday":6},{"pair":"DOGE/USDT","stake_amount":332.84958,"max_stake_amount":332.84958,"amount":1697.0,"open_date":"2025-10-12 15:00:00+00:00","close_date":"2025-10-12 16:00:00+00:00","open_rate":0.19614,"close_rate":0.2063494894894895,"fee_open":0.001,"fee_close":0.001,"trade_duration":60,"profit_ratio":0.04995004995004995,"profit_abs":16.642479,"exit_reason":"roi","initial_stop_loss_abs":0.18634,"initial_stop_loss_ratio":-0.05,"stop_loss_abs":0.18634,"stop_loss_ratio":-0.05,"min_rate":0.19562,"max_rate":0.2095,"is_open":false,"enter_tag":"","leverage":1.0,"is_short":false,"open_timestamp":1760281200000,"close_timestamp":1760284800000,"orders":[{"amount":1697.0,"safe_price":0.19614,"ft_order_side":"buy","order_filled_timestamp":1760281200000,"ft_is_entry":true,"ft_order_tag":"","cost":333.18242957999996},{"amount":1697.0,"safe_price":0.2063494894894895,"ft_order_side":"sell","order_filled_timestamp":1760284800000,"ft_is_entry":false,"ft_order_tag":"roi","cost":350.52525874732726}],"funding_fees":0.0,"weekday":6},{"pair":"DOGE/USDT","stake_amount":338.27728,"max_stake_amount":338.27728,"amount":1616.0,"open_date":"2025-10-13 02:00:00+00:00","close_date":"2025-10-13 04:00:00+00:00","open_rate":0.20933,"close_rate":0.20974907907907905,"fee_open":0.001,"fee_close":0.001,"trade_duration":120,"profit_ratio":0.0,"profit_abs":0.0,"exit_reason":"roi","initial_stop_loss_abs":0.19887,"initial_stop_loss_ratio":-0.05,"stop_loss_abs":0.19887,"stop_loss_ratio":-0.05,"min_rate":0.20642,"max_rate":0.20999,"is_open":false,"enter_tag":"","leverage":1.0,"is_short":false,"open_timestamp":1760320800000,"close_timestamp":1760328000000,"orders":[{"amount":1616.0,"safe_price":0.20933,"ft_order_side":"buy","order_filled_timestamp":1760320800000,"ft_is_entry":true,"ft_order_tag":"","cost":338.6155572799999},{"amount":1616.0,"safe_price":0.20974907907907905,"ft_order_side":"sell","order_filled_timestamp":1760328000000,"ft_is_entry":false,"ft_order_tag":"roi","cost":339.2934663035835}],"funding_fees":0.0,"weekday":0},{"pair":"DOGE/USDT","stake_amount":338.36464,"max_stake_amount":338.36464,"amount":1658.0,"open_date":"2025-10-15 05:00:00+00:00","close_date":"2025-10-15 07:00:00+00:00","open_rate":0.20408,"close_rate":0.20452,"fee_open":0.001,"fee_close":0.001,"trade_duration":120,"profit_ratio":0.00015370752336648063,"profit_abs":0.0520612,"exit_reason":"roi","initial_stop_loss_abs":0.19388,"initial_stop_loss_ratio":-0.05,"stop_loss_abs":0.19388,"stop_loss_ratio":-0.05,"min_rate":0.2018,"max_rate":0.20509,"is_open":false,"enter_tag":"","leverage":1.0,"is_short":false,"open_timestamp":1760504400000,"close_timestamp":1760511600000,"orders":[{"amount":1658.0,"safe_price":0.20408,"ft_order_side":"buy","order_filled_timestamp":1760504400000,"ft_is_entry":true,"ft_order_tag":"","cost":338.70300463999996},{"amount":1658.0,"safe_price":0.20452,"ft_order_side":"sell","order_filled_timestamp":1760511600000,"ft_is_entry":false,"ft_order_tag":"roi","cost":339.43325415999993}],"funding_fees":0.0,"weekday":2},{"pair":"DOGE/USDT","stake_amount":338.3718,"max_stake_amount":338.3718,"amount":1846.0,"open_date":"2025-10-17 14:00:00+00:00","close_date":"2025-10-17 16:00:00+00:00","open_rate":0.1833,"close_rate":0.18488,"fee_open":0.001,"fee_close":0.001,"trade_duration":120,"profit_ratio":0.006604524771464215,"profit_abs":2.23701972,"exit_reason":"roi","initial_stop_loss_abs":0.17414,"initial_stop_loss_ratio":-0.05,"stop_loss_abs":0.17414,"stop_loss_ratio":-0.05,"min_rate":0.17968,"max_rate":0.18726,"is_open":false,"enter_tag":"","leverage":1.0,"is_short":false,"open_timestamp":1760709600000,"close_timestamp":1760716800000,"orders":[{"amount":1846.0,"safe_price":0.1833,"ft_order_side":"buy","order_filled_timestamp":1760709600000,"ft_is_entry":true,"ft_order_tag":"","cost":338.71017179999996},{"amount":1846.0,"safe_price":0.18488,"ft_order_side":"sell","order_filled_timestamp":1760716800000,"ft_is_entry":false,"ft_order_tag":"roi","cost":341.62976847999994}],"funding_fees":0.0,"weekday":4},{"pair":"DOGE/USDT","stake_amount":339.1035,"max_stake_amount":339.1035,"amount":1810.0,"open_date":"2025-10-17 22:00:00+00:00","close_date":"2025-10-18 01:00:00+00:00","open_rate":0.18735,"close_rate":0.18772507507507505,"fee_open":0.001,"fee_close":0.001,"trade_duration":180,"profit_ratio":0.0,"profit_abs":0.0,"exit_reason":"roi","initial_stop_loss_abs":0.17799,"initial_stop_loss_ratio":-0.05,"stop_loss_abs":0.17799,"stop_loss_ratio":-0.05,"min_rate":0.18426,"max_rate":0.18791,"is_open":false,"enter_tag":"","leverage":1.0,"is_short":false,"open_timestamp":1760738400000,"close_timestamp":1760749200000,"orders":[{"amount":1810.0,"safe_price":0.18735,"ft_order_side":"buy","order_filled_timestamp":1760738400000,"ft_is_entry":true,"ft_order_tag":"","cost":339.44260349999996},{"amount":1810.0,"safe_price":0.18772507507507505,"ft_order_side":"sell","order_filled_timestamp":1760749200000,"ft_is_entry":false,"ft_order_tag":"roi","cost":340.12216827177167}],"funding_fees":0.0,"weekday":5},{"pair":"DOGE/USDT","stake_amount":339.03605,"max_stake_amount":339.03605,"amount":1745.0,"open_date":"2025-10-19 11:00:00+00:00","close_date":"2025-10-19 13:00:00+00:00","open_rate":0.19429,"close_rate":0.19467896896896894,"fee_open":0.001,"fee_close":0.001,"trade_duration":120,"profit_ratio":0.0,"profit_abs":0.0,"exit_reason":"roi","initial_stop_loss_abs":0.18458,"initial_stop_loss_ratio":-0.05,"stop_loss_abs":0.18458,"stop_loss_ratio":-0.05,"min_rate":0.19259,"max_rate":0.19805,"is_open":false,"enter_tag":"","leverage":1.0,"is_short":false,"open_timestamp":1760871600000,"close_timestamp":1760878800000,"orders":[{"amount":1745.0,"safe_price":0.19429,"ft_order_side":"buy","order_filled_timestamp":1760871600000,"ft_is_entry":true,"ft_order_tag":"","cost":339.37508604999994},{"amount":1745.0,"safe_price":0.19467896896896894,"ft_order_side":"sell","order_filled_timestamp":1760878800000,"ft_is_entry":false,"ft_order_tag":"roi","cost":340.0545156517016}],"funding_fees":0.0,"weekday":6},{"pair":"DOGE/USDT","stake_amount":339.05104,"max_stake_amount":339.05104,"amount":1744.0,"open_date":"2025-10-21 11:00:00+00:00","close_date":"2025-10-21 13:00:00+00:00","open_rate":0.19441,"close_rate":0.19479920920920918,"fee_open":0.001,"fee_close":0.001,"trade_duration":120,"profit_ratio":0.0,"profit_abs":0.0,"exit_reason":"roi","initial_stop_loss_abs":0.18469,"initial_stop_loss_ratio":-0.05,"stop_loss_abs":0.18469,"stop_loss_ratio":-0.05,"min_rate":0.1933,"max_rate":0.19649,"is_open":false,"enter_tag":"","leverage":1.0,"is_short":false,"open_timestamp":1761044400000,"close_timestamp":1761051600000,"orders":[{"amount":1744.0,"safe_price":0.19441,"ft_order_side":"buy","order_filled_timestamp":1761044400000,"ft_is_entry":true,"ft_order_tag":"","cost":339.39009103999996},{"amount":1744.0,"safe_price":0.19479920920920918,"ft_order_side":"sell","order_filled_timestamp":1761051600000,"ft_is_entry":false,"ft_order_tag":"roi","cost":340.06955068172164}],"funding_fees":0.0,"weekday":1},{"pair":"DOGE/USDT","stake_amount":339.025,"max_stake_amount":339.025,"amount":1775.0,"open_date":"2025-10-22 12:00:00+00:00","close_date":"2025-10-22 14:00:00+00:00","open_rate":0.191,"close_rate":0.19236,"fee_open":0.001,"fee_close":0.001,"trade_duration":120,"profit_ratio":0.005108190239080291,"profit_abs":1.733536,"exit_reason":"roi","initial_stop_loss_abs":0.18145,"initial_stop_loss_ratio":-0.05,"stop_loss_abs":0.18145,"stop_loss_ratio":-0.05,"min_rate":0.18814,"max_rate":0.19275,"is_open":false,"enter_tag":"","leverage":1.0,"is_short":false,"open_timestamp":1761134400000,"close_timestamp":1761141600000,"orders":[{"amount":1775.0,"safe_price":0.191,"ft_order_side":"buy","order_filled_timestamp":1761134400000,"ft_is_entry":true,"ft_order_tag":"","cost":339.3640249999999},{"amount":1775.0,"safe_price":0.19236,"ft_order_side":"sell","order_filled_timestamp":1761141600000,"ft_is_entry":false,"ft_order_tag":"roi","cost":341.780439}],"funding_fees":0.0,"weekday":2},{"pair":"DOGE/USDT","stake_amount":339.66504,"max_stake_amount":339.66504,"amount":1716.0,"open_date":"2025-10-25 19:00:00+00:00","close_date":"2025-10-26 09:00:00+00:00","open_rate":0.19794,"close_rate":0.19833627627627626,"fee_open":0.001,"fee_close":0.001,"trade_duration":840,"profit_ratio":0.0,"profit_abs":0.0,"exit_reason":"roi","initial_stop_loss_abs":0.18805,"initial_stop_loss_ratio":-0.05,"stop_loss_abs":0.18805,"stop_loss_ratio":-0.05,"min_rate":0.19465,"max_rate":0.20094,"is_open":false,"enter_tag":"","leverage":1.0,"is_short":false,"open_timestamp":1761418800000,"close_timestamp":1761469200000,"orders":[{"amount":1716.0,"safe_price":0.19794,"ft_order_side":"buy","order_filled_timestamp":1761418800000,"ft_is_entry":true,"ft_order_tag":"","cost":340.00470504},{"amount":1716.0,"safe_price":0.19833627627627626,"ft_order_side":"sell","order_filled_timestamp":1761469200000,"ft_is_entry":false,"ft_order_tag":"roi","cost":340.6853951401801}],"funding_fees":0.0,"weekday":6},{"pair":"DOGE/USDT","stake_amount":339.75762,"max_stake_amount":339.75762,"amount":1653.0,"open_date":"2025-10-26 23:00:00+00:00","close_date":"2025-10-27 01:00:00+00:00","open_rate":0.20554,"close_rate":0.20754,"fee_open":0.001,"fee_close":0.001,"trade_duration":120,"profit_ratio":0.007713022600635718,"profit_abs":2.62317876,"exit_reason":"roi","initial_stop_loss_abs":0.19527,"initial_stop_loss_ratio":-0.05,"stop_loss_abs":0.19527,"stop_loss_ratio":-0.05,"min_rate":0.20527,"max_rate":0.2093,"is_open":false,"enter_tag":"","leverage":1.0,"is_short":false,"open_timestamp":1761519600000,"close_timestamp":1761526800000,"orders":[{"amount":1653.0,"safe_price":0.20554,"ft_order_side":"buy","order_filled_timestamp":1761519600000,"ft_is_entry":true,"ft_order_tag":"","cost":340.0973776199999},{"amount":1653.0,"safe_price":0.20754,"ft_order_side":"sell","order_filled_timestamp":1761526800000,"ft_is_entry":false,"ft_order_tag":"roi","cost":343.40668361999997}],"funding_fees":0.0,"weekday":0},{"pair":"DOGE/USDT","stake_amount":340.4885,"max_stake_amount":340.4885,"amount":1705.0,"open_date":"2025-10-28 04:00:00+00:00","close_date":"2025-10-28 06:00:00+00:00","open_rate":0.1997,"close_rate":0.20009979979979975,"fee_open":0.001,"fee_close":0.001,"trade_duration":120,"profit_ratio":0.0,"profit_abs":0.0,"exit_reason":"roi","initial_stop_loss_abs":0.18972,"initial_stop_loss_ratio":-0.05,"stop_loss_abs":0.18972,"stop_loss_ratio":-0.05,"min_rate":0.19815,"max_rate":0.20131,"is_open":false,"enter_tag":"","leverage":1.0,"is_short":false,"open_timestamp":1761624000000,"close_timestamp":1761631200000,"orders":[{"amount":1705.0,"safe_price":0.1997,"ft_order_side":"buy","order_filled_timestamp":1761624000000,"ft_is_entry":true,"ft_order_tag":"","cost":340.8289884999999},{"amount":1705.0,"safe_price":0.20009979979979975,"ft_order_side":"sell","order_filled_timestamp":1761631200000,"ft_is_entry":false,"ft_order_tag":"roi","cost":341.5113288173172}],"funding_fees":0.0,"weekday":1},{"pair":"DOGE/USDT","stake_amount":340.5787,"max_stake_amount":340.5787,"amount":1694.0,"open_date":"2025-10-28 13:00:00+00:00","close_date":"2025-10-28 16:00:00+00:00","open_rate":0.20105,"close_rate":0.2014525025025025,"fee_open":0.001,"fee_close":0.001,"trade_duration":180,"profit_ratio":0.0,"profit_abs":0.0,"exit_reason":"roi","initial_stop_loss_abs":0.191,"initial_stop_loss_ratio":-0.05,"stop_loss_abs":0.191,"stop_loss_ratio":-0.05,"min_rate":0.19617,"max_rate":0.20311,"is_open":false,"enter_tag":"","leverage":1.0,"is_short":false,"open_timestamp":1761656400000,"close_timestamp":1761667200000,"orders":[{"amount":1694.0,"safe_price":0.20105,"ft_order_side":"buy","order_filled_timestamp":1761656400000,"ft_is_entry":true,"ft_order_tag":"","cost":340.9192787},{"amount":1694.0,"safe_price":0.2014525025025025,"ft_order_side":"sell","order_filled_timestamp":1761667200000,"ft_is_entry":false,"ft_order_tag":"roi","cost":341.60179977847844}],"funding_fees":0.0,"weekday":1},{"pair":"DOGE/USDT","stake_amount":340.60761,"max_stake_amount":340.60761,"amount":1827.0,"open_date":"2025-10-31 14:00:00+00:00","close_date":"2025-10-31 19:00:00+00:00","open_rate":0.18643,"close_rate":0.18680323323323322,"fee_open":0.001,"fee_close":0.001,"trade_duration":300,"profit_ratio":0.0,"profit_abs":0.0,"exit_reason":"roi","initial_stop_loss_abs":0.17711,"initial_stop_loss_ratio":-0.05,"stop_loss_abs":0.17711,"stop_loss_ratio":-0.05,"min_rate":0.18275,"max_rate":0.18816,"is_open":false,"enter_tag":"","leverage":1.0,"is_short":false,"open_timestamp":1761919200000,"close_timestamp":1761937200000,"orders":[{"amount":1827.0,"safe_price":0.18643,"ft_order_side":"buy","order_filled_timestamp":1761919200000,"ft_is_entry":true,"ft_order_tag":"","cost":340.94821761},{"amount":1827.0,"safe_price":0.18680323323323322,"ft_order_side":"sell","order_filled_timestamp":1761937200000,"ft_is_entry":false,"ft_order_tag":"roi","cost":341.6307966242342}],"funding_fees":0.0,"weekday":4},{"pair":"DOGE/USDT","stake_amount":340.48763,"max_stake_amount":340.48763,"amount":1817.0,"open_date":"2025-11-01 20:00:00+00:00","close_date":"2025-11-02 04:00:00+00:00","open_rate":0.18739,"close_rate":0.18776515515515513,"fee_open":0.001,"fee_close":0.001,"trade_duration":480,"profit_ratio":0.0,"profit_abs":0.0,"exit_reason":"roi","initial_stop_loss_abs":0.17803,"initial_stop_loss_ratio":-0.05,"stop_loss_abs":0.17803,"stop_loss_ratio":-0.05,"min_rate":0.18588,"max_rate":0.18837,"is_open":false,"enter_tag":"","leverage":1.0,"is_short":false,"open_timestamp":1762027200000,"close_timestamp":1762056000000,"orders":[{"amount":1817.0,"safe_price":0.18739,"ft_order_side":"buy","order_filled_timestamp":1762027200000,"ft_is_entry":true,"ft_order_tag":"","cost":340.82811763},{"amount":1817.0,"safe_price":0.18776515515515513,"ft_order_side":"sell","order_filled_timestamp":1762056000000,"ft_is_entry":false,"ft_order_tag":"roi","cost":341.5104562038337}],"funding_fees":0.0,"weekday":6},{"pair":"DOGE/USDT","stake_amount":340.50422,"max_stake_amount":340.50422,"amount":1811.0,"open_date":"2025-11-02 05:00:00+00:00","close_date":"2025-11-02 07:00:00+00:00","open_rate":0.18802,"close_rate":0.18839641641641638,"fee_open":0.001,"fee_close":0.001,"trade_duration":120,"profit_ratio":0.0,"profit_abs":0.0,"exit_reason":"roi","initial_stop_loss_abs":0.17862,"initial_stop_loss_ratio":-0.05,"stop_loss_abs":0.17862,"stop_loss_ratio":-0.05,"min_rate":0.18701,"max_rate":0.18884,"is_open":false,"enter_tag":"","leverage":1.0,"is_short":false,"open_timestamp":1762059600000,"close_timestamp":1762066800000,"orders":[{"amount":1811.0,"safe_price":0.18802,"ft_order_side":"buy","order_filled_timestamp":1762059600000,"ft_is_entry":true,"ft_order_tag":"","cost":340.84472421999993},{"amount":1811.0,"safe_price":0.18839641641641638,"ft_order_side":"sell","order_filled_timestamp":1762066800000,"ft_is_entry":false,"ft_order_tag":"roi","cost":341.5270960402602}],"funding_fees":0.0,"weekday":6},{"pair":"DOGE/USDT","stake_amount":340.4961,"max_stake_amount":340.4961,"amount":2058.0,"open_date":"2025-11-07 15:00:00+00:00","close_date":"2025-11-07 16:00:00+00:00","open_rate":0.16545,"close_rate":0.174062012012012,"fee_open":0.001,"fee_close":0.001,"trade_duration":60,"profit_ratio":0.04995004995004995,"profit_abs":17.024805,"exit_reason":"roi","initial_stop_loss_abs":0.15718,"initial_stop_loss_ratio":-0.05,"stop_loss_abs":0.15718,"stop_loss_ratio":-0.05,"min_rate":0.16408,"max_rate":0.17555,"is_open":false,"enter_tag":"","leverage":1.0,"is_short":false,"open_timestamp":1762527600000,"close_timestamp":1762531200000,"orders":[{"amount":2058.0,"safe_price":0.16545,"ft_order_side":"buy","order_filled_timestamp":1762527600000,"ft_is_entry":true,"ft_order_tag":"","cost":340.83659609999995},{"amount":2058.0,"safe_price":0.174062012012012,"ft_order_side":"sell","order_filled_timestamp":1762531200000,"ft_is_entry":false,"ft_order_tag":"roi","cost":358.57784034144134}],"funding_fees":0.0,"weekday":4},{"pair":"DOGE/USDT","stake_amount":346.17544,"max_stake_amount":346.17544,"amount":1976.0,"open_date":"2025-11-09 08:00:00+00:00","close_date":"2025-11-09 12:00:00+00:00","open_rate":0.17519,"close_rate":0.17554073073073073,"fee_open":0.001,"fee_close":0.001,"trade_duration":240,"profit_ratio":0.0,"profit_abs":0.0,"exit_reason":"roi","initial_stop_loss_abs":0.16644,"initial_stop_loss_ratio":-0.05,"stop_loss_abs":0.16644,"stop_loss_ratio":-0.05,"min_rate":0.17243,"max_rate":0.17601,"is_open":false,"enter_tag":"","leverage":1.0,"is_short":false,"open_timestamp":1762675200000,"close_timestamp":1762689600000,"orders":[{"amount":1976.0,"safe_price":0.17519,"ft_order_side":"buy","order_filled_timestamp":1762675200000,"ft_is_entry":true,"ft_order_tag":"","cost":346.52161544},{"amount":1976.0,"safe_price":0.17554073073073073,"ft_order_side":"sell","order_filled_timestamp":1762689600000,"ft_is_entry":false,"ft_order_tag":"roi","cost":347.21535240784783}],"funding_fees":0.0,"weekday":6},{"pair":"DOGE/USDT","stake_amount":346.25409,"max_stake_amount":346.25409,"amount":1911.0,"open_date":"2025-11-10 03:00:00+00:00","close_date":"2025-11-10 05:00:00+00:00","open_rate":0.18119,"close_rate":0.1815527427427427,"fee_open":0.001,"fee_close":0.001,"trade_duration":120,"profit_ratio":0.0,"profit_abs":0.0,"exit_reason":"roi","initial_stop_loss_abs":0.17214,"initial_stop_loss_ratio":-0.05,"stop_loss_abs":0.17214,"stop_loss_ratio":-0.05,"min_rate":0.18012,"max_rate":0.18226,"is_open":false,"enter_tag":"","leverage":1.0,"is_short":false,"open_timestamp":1762743600000,"close_timestamp":1762750800000,"orders":[{"amount":1911.0,"safe_price":0.18119,"ft_order_side":"buy","order_filled_timestamp":1762743600000,"ft_is_entry":true,"ft_order_tag":"","cost":346.6003440899999},{"amount":1911.0,"safe_price":0.1815527427427427,"ft_order_side":"sell","order_filled_timestamp":1762750800000,"ft_is_entry":false,"ft_order_tag":"roi","cost":347.2942386727626}],"funding_fees":0.0,"weekday":0},{"pair":"DOGE/USDT","stake_amount":346.10816,"max_stake_amount":346.10816,"amount":1888.0,"open_date":"2025-11-10 23:00:00+00:00","close_date":"2025-11-11 01:00:00+00:00","open_rate":0.18332,"close_rate":0.183687007007007,"fee_open":0.001,"fee_close":0.001,"trade_duration":120,"profit_ratio":0.0,"profit_abs":0.0,"exit_reason":"roi","initial_stop_loss_abs":0.17416,"initial_stop_loss_ratio":-0.05,"stop_loss_abs":0.17416,"stop_loss_ratio":-0.05,"min_rate":0.17933,"max_rate":0.1864,"is_open":false,"enter_tag":"","leverage":1.0,"is_short":false,"open_timestamp":1762815600000,"close_timestamp":1762822800000,"orders":[{"amount":1888.0,"safe_price":0.18332,"ft_order_side":"buy","order_filled_timestamp":1762815600000,"ft_is_entry":true,"ft_order_tag":"","cost":346.45426815999997},{"amount":1888.0,"safe_price":0.183687007007007,"ft_order_side":"sell","order_filled_timestamp":1762822800000,"ft_is_entry":false,"ft_order_tag":"roi","cost":347.1478702984584}],"funding_fees":0.0,"weekday":1},{"pair":"DOGE/USDT","stake_amount":346.1108,"max_stake_amount":346.1108,"amount":1988.0,"open_date":"2025-11-12 09:00:00+00:00","close_date":"2025-11-12 11:00:00+00:00","open_rate":0.1741,"close_rate":0.1764,"fee_open":0.001,"fee_close":0.001,"trade_duration":120,"profit_ratio":0.011186401192145017,"profit_abs":3.875606,"exit_reason":"roi","initial_stop_loss_abs":0.1654,"initial_stop_loss_ratio":-0.05,"stop_loss_abs":0.1654,"stop_loss_ratio":-0.05,"min_rate":0.17404,"max_rate":0.17713,"is_open":false,"enter_tag":"","leverage":1.0,"is_short":false,"open_timestamp":1762938000000,"close_timestamp":1762945200000,"orders":[{"amount":1988.0,"safe_price":0.1741,"ft_order_side":"buy","order_filled_timestamp":1762938000000,"ft_is_entry":true,"ft_order_tag":"","cost":346.45691079999995},{"amount":1988.0,"safe_price":0.1764,"ft_order_side":"sell","order_filled_timestamp":1762945200000,"ft_is_entry":false,"ft_order_tag":"roi","cost":351.03388319999993}],"funding_fees":0.0,"weekday":2},{"pair":"DOGE/USDT","stake_amount":347.5384,"max_stake_amount":347.5384,"amount":2164.0,"open_date":"2025-11-17 17:00:00+00:00","close_date":"2025-11-17 19:00:00+00:00","open_rate":0.1606,"close_rate":0.15257,"fee_open":0.001,"fee_close":0.001,"trade_duration":120,"profit_ratio":-0.0518981018981019,"profit_abs":-18.05461988,"exit_reason":"stop_loss","initial_stop_loss_abs":0.15257,"initial_stop_loss_ratio":-0.05,"stop_loss_abs":0.15257,"stop_loss_ratio":-0.05,"min_rate":0.15183,"max_rate":0.16082,"is_open":false,"enter_tag":"","leverage":1.0,"is_short":false,"open_timestamp":1763398800000,"close_timestamp":1763406000000,"orders":[{"amount":2164.0,"safe_price":0.1606,"ft_order_side":"buy","order_filled_timestamp":1763398800000,"ft_is_entry":true,"ft_order_tag":"","cost":347.88593839999993},{"amount":2164.0,"safe_price":0.15257,"ft_order_side":"sell","order_filled_timestamp":1763406000000,"ft_is_entry":false,"ft_order_tag":"stop_loss","cost":330.49164148}],"funding_fees":0.0,"weekday":0},{"pair":"DOGE/USDT","stake_amount":341.55081,"max_stake_amount":341.55081,"amount":2241.0,"open_date":"2025-11-18 01:00:00+00:00","close_date":"2025-11-18 03:00:00+00:00","open_rate":0.15241,"close_rate":0.1527151251251251,"fee_open":0.001,"fee_close":0.001,"trade_duration":120,"profit_ratio":0.0,"profit_abs":0.0,"exit_reason":"roi","initial_stop_loss_abs":0.14479,"initial_stop_loss_ratio":-0.05,"stop_loss_abs":0.14479,"stop_loss_ratio":-0.05,"min_rate":0.1502,"max_rate":0.15479,"is_open":false,"enter_tag":"","leverage":1.0,"is_short":false,"open_timestamp":1763427600000,"close_timestamp":1763434800000,"orders":[{"amount":2241.0,"safe_price":0.15241,"ft_order_side":"buy","order_filled_timestamp":1763427600000,"ft_is_entry":true,"ft_order_tag":"","cost":341.8923608099999},{"amount":2241.0,"safe_price":0.1527151251251251,"ft_order_side":"sell","order_filled_timestamp":1763434800000,"ft_is_entry":false,"ft_order_tag":"roi","cost":342.5768300008108}],"funding_fees":0.0,"weekday":1},{"pair":"DOGE/USDT","stake_amount":341.54476,"max_stake_amount":341.54476,"amount":2147.0,"open_date":"2025-11-20 15:00:00+00:00","close_date":"2025-11-20 16:00:00+00:00","open_rate":0.15908,"close_rate":0.15739,"fee_open":0.001,"fee_close":0.001,"trade_duration":60,"profit_ratio":-0.012600361670012161,"profit_abs":-4.30789109,"exit_reason":"exit_signal","initial_stop_loss_abs":0.15113,"initial_stop_loss_ratio":-0.05,"stop_loss_abs":0.15113,"stop_loss_ratio":-0.05,"min_rate":0.15,"max_rate":0.15913,"is_open":false,"enter_tag":"","leverage":1.0,"is_short":false,"open_timestamp":1763650800000,"close_timestamp":1763654400000,"orders":[{"amount":2147.0,"safe_price":0.15908,"ft_order_side":"buy","order_filled_timestamp":1763650800000,"ft_is_entry":true,"ft_order_tag":"","cost":341.88630476},{"amount":2147.0,"safe_price":0.15739,"ft_order_side":"sell","order_filled_timestamp":1763654400000,"ft_is_entry":false,"ft_order_tag":"exit_signal","cost":338.25424633}],"funding_fees":0.0,"weekday":3},{"pair":"DOGE/USDT","stake_amount":340.07505,"max_stake_amount":340.07505,"amount":2445.0,"open_date":"2025-11-22 15:00:00+00:00","close_date":"2025-11-22 17:00:00+00:00","open_rate":0.13909,"close_rate":0.13953,"fee_open":0.001,"fee_close":0.001,"trade_duration":120,"profit_ratio":0.0011590968525327574,"profit_abs":0.3945741,"exit_reason":"roi","initial_stop_loss_abs":0.13214,"initial_stop_loss_ratio":-0.05,"stop_loss_abs":0.13214,"stop_loss_ratio":-0.05,"min_rate":0.13729,"max_rate":0.13977,"is_open":false,"enter_tag":"","leverage":1.0,"is_short":false,"open_timestamp":1763823600000,"close_timestamp":1763830800000,"orders":[{"amount":2445.0,"safe_price":0.13909,"ft_order_side":"buy","order_filled_timestamp":1763823600000,"ft_is_entry":true,"ft_order_tag":"","cost":340.4151250499999},{"amount":2445.0,"safe_price":0.13953,"ft_order_side":"sell","order_filled_timestamp":1763830800000,"ft_is_entry":false,"ft_order_tag":"roi","cost":341.49200084999995}],"funding_fees":0.0,"weekday":5},{"pair":"DOGE/USDT","stake_amount":340.29152,"max_stake_amount":340.29152,"amount":2308.0,"open_date":"2025-11-23 23:00:00+00:00","close_date":"2025-11-24 00:00:00+00:00","open_rate":0.14744,"close_rate":0.145,"fee_open":0.001,"fee_close":0.001,"trade_duration":60,"profit_ratio":-0.018514041574269464,"profit_abs":-6.30647152,"exit_reason":"exit_signal","initial_stop_loss_abs":0.14007,"initial_stop_loss_ratio":-0.05,"stop_loss_abs":0.14007,"stop_loss_ratio":-0.05,"min_rate":0.14355,"max_rate":0.14757,"is_open":false,"enter_tag":"","leverage":1.0,"is_short":false,"open_timestamp":1763938800000,"close_timestamp":1763942400000,"orders":[{"amount":2308.0,"safe_price":0.14744,"ft_order_side":"buy","order_filled_timestamp":1763938800000,"ft_is_entry":true,"ft_order_tag":"","cost":340.6318115199999},{"amount":2308.0,"safe_price":0.145,"ft_order_side":"sell","order_filled_timestamp":1763942400000,"ft_is_entry":false,"ft_order_tag":"exit_signal","cost":334.99465999999995}],"funding_fees":0.0,"weekday":0},{"pair":"DOGE/USDT","stake_amount":338.19024,"max_stake_amount":338.19024,"amount":2504.0,"open_date":"2025-12-01 22:00:00+00:00","close_date":"2025-12-02 00:00:00+00:00","open_rate":0.13506,"close_rate":0.13546,"fee_open":0.001,"fee_close":0.001,"trade_duration":120,"profit_ratio":0.0009577273015744807,"profit_abs":0.32421792,"exit_reason":"roi","initial_stop_loss_abs":0.12831,"initial_stop_loss_ratio":-0.05,"stop_loss_abs":0.12831,"stop_loss_ratio":-0.05,"min_rate":0.13493,"max_rate":0.13663,"is_open":false,"enter_tag":"","leverage":1.0,"is_short":false,"open_timestamp":1764626400000,"close_timestamp":1764633600000,"orders":[{"amount":2504.0,"safe_price":0.13506,"ft_order_side":"buy","order_filled_timestamp":1764626400000,"ft_is_entry":true,"ft_order_tag":"","cost":338.52843024},{"amount":2504.0,"safe_price":0.13546,"ft_order_side":"sell","order_filled_timestamp":1764633600000,"ft_is_entry":false,"ft_order_tag":"roi","cost":339.53103183999997}],"funding_fees":0.0,"weekday":1},{"pair":"DOGE/USDT","stake_amount":338.253,"max_stake_amount":338.253,"amount":2469.0,"open_date":"2025-12-02 12:00:00+00:00","close_date":"2025-12-02 14:00:00+00:00","open_rate":0.137,"close_rate":0.13809,"fee_open":0.001,"fee_close":0.001,"trade_duration":120,"profit_ratio":0.0059423058693131685,"profit_abs":2.01201279,"exit_reason":"roi","initial_stop_loss_abs":0.13016,"initial_stop_loss_ratio":-0.05,"stop_loss_abs":0.13016,"stop_loss_ratio":-0.05,"min_rate":0.1368,"max_rate":0.14178,"is_open":false,"enter_tag":"","leverage":1.0,"is_short":false,"open_timestamp":1764676800000,"close_timestamp":1764684000000,"orders":[{"amount":2469.0,"safe_price":0.137,"ft_order_side":"buy","order_filled_timestamp":1764676800000,"ft_is_entry":true,"ft_order_tag":"","cost":338.591253},{"amount":2469.0,"safe_price":0.13809,"ft_order_side":"sell","order_filled_timestamp":1764684000000,"ft_is_entry":false,"ft_order_tag":"roi","cost":341.28515421}],"funding_fees":0.0,"weekday":1},{"pair":"DOGE/USDT","stake_amount":338.85168,"max_stake_amount":338.85168,"amount":2428.0,"open_date":"2025-12-06 00:00:00+00:00","close_date":"2025-12-06 02:00:00+00:00","open_rate":0.13956,"close_rate":0.13991,"fee_open":0.001,"fee_close":0.001,"trade_duration":120,"profit_ratio":0.0005048691635106081,"profit_abs":0.17124684,"exit_reason":"roi","initial_stop_loss_abs":0.13259,"initial_stop_loss_ratio":-0.05,"stop_loss_abs":0.13259,"stop_loss_ratio":-0.05,"min_rate":0.13895,"max_rate":0.14039,"is_open":false,"enter_tag":"","leverage":1.0,"is_short":false,"open_timestamp":1764979200000,"close_timestamp":1764986400000,"orders":[{"amount":2428.0,"safe_price":0.13956,"ft_order_side":"buy","order_filled_timestamp":1764979200000,"ft_is_entry":true,"ft_order_tag":"","cost":339.19053167999994},{"amount":2428.0,"safe_price":0.13991,"ft_order_side":"sell","order_filled_timestamp":1764986400000,"ft_is_entry":false,"ft_order_tag":"roi","cost":340.04118148}],"funding_fees":0.0,"weekday":5},{"pair":"DOGE/USDT","stake_amount":338.9771,"max_stake_amount":338.9771,"amount":2317.0,"open_date":"2025-12-09 16:00:00+00:00","close_date":"2025-12-09 18:00:00+00:00","open_rate":0.1463,"close_rate":0.15095,"fee_open":0.001,"fee_close":0.001,"trade_duration":120,"profit_ratio":0.029722498963783997,"profit_abs":10.08532175,"exit_reason":"roi","initial_stop_loss_abs":0.13899,"initial_stop_loss_ratio":-0.05,"stop_loss_abs":0.13899,"stop_loss_ratio":-0.05,"min_rate":0.1463,"max_rate":0.15319,"is_open":false,"enter_tag":"","leverage":1.0,"is_short":false,"open_timestamp":1765296000000,"close_timestamp":1765303200000,"orders":[{"amount":2317.0,"safe_price":0.1463,"ft_order_side":"buy","order_filled_timestamp":1765296000000,"ft_is_entry":true,"ft_order_tag":"","cost":339.3160771},{"amount":2317.0,"safe_price":0.15095,"ft_order_side":"sell","order_filled_timestamp":1765303200000,"ft_is_entry":false,"ft_order_tag":"roi","cost":350.10090114999997}],"funding_fees":0.0,"weekday":1},{"pair":"DOGE/USDT","stake_amount":342.33342,"max_stake_amount":342.33342,"amount":2347.0,"open_date":"2025-12-10 17:00:00+00:00","close_date":"2025-12-10 19:00:00+00:00","open_rate":0.14586,"close_rate":0.14694,"fee_open":0.001,"fee_close":0.001,"trade_duration":120,"profit_ratio":0.005391564420770509,"profit_abs":1.8475584,"exit_reason":"roi","initial_stop_loss_abs":0.13857,"initial_stop_loss_ratio":-0.05,"stop_loss_abs":0.13857,"stop_loss_ratio":-0.05,"min_rate":0.14535,"max_rate":0.14933,"is_open":false,"enter_tag":"","leverage":1.0,"is_short":false,"open_timestamp":1765386000000,"close_timestamp":1765393200000,"orders":[{"amount":2347.0,"safe_price":0.14586,"ft_order_side":"buy","order_filled_timestamp":1765386000000,"ft_is_entry":true,"ft_order_tag":"","cost":342.67575342},{"amount":2347.0,"safe_price":0.14694,"ft_order_side":"sell","order_filled_timestamp":1765393200000,"ft_is_entry":false,"ft_order_tag":"roi","cost":345.21304817999993}],"funding_fees":0.0,"weekday":2},{"pair":"DOGE/USDT","stake_amount":342.85324,"max_stake_amount":342.85324,"amount":2434.0,"open_date":"2025-12-12 06:00:00+00:00","close_date":"2025-12-12 10:00:00+00:00","open_rate":0.14086,"close_rate":0.141142002002002,"fee_open":0.001,"fee_close":0.001,"trade_duration":240,"profit_ratio":0.0,"profit_abs":0.0,"exit_reason":"roi","initial_stop_loss_abs":0.13382,"initial_stop_loss_ratio":-0.05,"stop_loss_abs":0.13382,"stop_loss_ratio":-0.05,"min_rate":0.13992,"max_rate":0.14155,"is_open":false,"enter_tag":"","leverage":1.0,"is_short":false,"open_timestamp":1765519200000,"close_timestamp":1765533600000,"orders":[{"amount":2434.0,"safe_price":0.14086,"ft_order_side":"buy","order_filled_timestamp":1765519200000,"ft_is_entry":true,"ft_order_tag":"","cost":343.19609324},{"amount":2434.0,"safe_price":0.141142002002002,"ft_order_side":"sell","order_filled_timestamp":1765533600000,"ft_is_entry":false,"ft_order_tag":"roi","cost":343.8831725057457}],"funding_fees":0.0,"weekday":4},{"pair":"DOGE/USDT","stake_amount":342.8556,"max_stake_amount":342.8556,"amount":2820.0,"open_date":"2025-12-19 03:00:00+00:00","close_date":"2025-12-19 05:00:00+00:00","open_rate":0.12158,"close_rate":0.12612,"fee_open":0.001,"fee_close":0.001,"trade_duration":120,"profit_ratio":0.03526905731215651,"profit_abs":12.104286,"exit_reason":"roi","initial_stop_loss_abs":0.11551,"initial_stop_loss_ratio":-0.05,"stop_loss_abs":0.11551,"stop_loss_ratio":-0.05,"min_rate":0.1215,"max_rate":0.1265,"is_open":false,"enter_tag":"","leverage":1.0,"is_short":false,"open_timestamp":1766113200000,"close_timestamp":1766120400000,"orders":[{"amount":2820.0,"safe_price":0.12158,"ft_order_side":"buy","order_filled_timestamp":1766113200000,"ft_is_entry":true,"ft_order_tag":"","cost":343.19845559999993},{"amount":2820.0,"safe_price":0.12612,"ft_order_side":"sell","order_filled_timestamp":1766120400000,"ft_is_entry":false,"ft_order_tag":"roi","cost":356.0140584}],"funding_fees":0.0,"weekday":4},{"pair":"DOGE/USDT","stake_amount":346.869,"max_stake_amount":346.869,"amount":2658.0,"open_date":"2025-12-23 17:00:00+00:00","close_date":"2025-12-25 22:00:00+00:00","open_rate":0.1305,"close_rate":0.12398,"fee_open":0.001,"fee_close":0.001,"trade_duration":3180,"profit_ratio":-0.05185986427365737,"profit_abs":-18.00656784,"exit_reason":"stop_loss","initial_stop_loss_abs":0.12398,"initial_stop_loss_ratio":-0.05,"stop_loss_abs":0.12398,"stop_loss_ratio":-0.05,"min_rate":0.12319,"max_rate":0.1307,"is_open":false,"enter_tag":"","leverage":1.0,"is_short":false,"open_timestamp":1766509200000,"close_timestamp":1766700000000,"orders":[{"amount":2658.0,"safe_price":0.1305,"ft_order_side":"buy","order_filled_timestamp":1766509200000,"ft_is_entry":true,"ft_order_tag":"","cost":347.215869},{"amount":2658.0,"safe_price":0.12398,"ft_order_side":"sell","order_filled_timestamp":1766700000000,"ft_is_entry":false,"ft_order_tag":"stop_loss","cost":329.86837883999993}],"funding_fees":0.0,"weekday":3},{"pair":"DOGE/USDT","stake_amount":340.983,"max_stake_amount":340.983,"amount":2700.0,"open_date":"2025-12-26 03:00:00+00:00","close_date":"2025-12-26 07:00:00+00:00","open_rate":0.12629,"close_rate":0.12654283283283282,"fee_open":0.001,"fee_close":0.001,"trade_duration":240,"profit_ratio":0.0,"profit_abs":0.0,"exit_reason":"roi","initial_stop_loss_abs":0.11998,"initial_stop_loss_ratio":-0.05,"stop_loss_abs":0.11998,"stop_loss_ratio":-0.05,"min_rate":0.12522,"max_rate":0.12669,"is_open":false,"enter_tag":"","leverage":1.0,"is_short":false,"open_timestamp":1766718000000,"close_timestamp":1766732400000,"orders":[{"amount":2700.0,"safe_price":0.12629,"ft_order_side":"buy","order_filled_timestamp":1766718000000,"ft_is_entry":true,"ft_order_tag":"","cost":341.323983},{"amount":2700.0,"safe_price":0.12654283283283282,"ft_order_side":"sell","order_filled_timestamp":1766732400000,"ft_is_entry":false,"ft_order_tag":"roi","cost":342.0073142972972}],"funding_fees":0.0,"weekday":4},{"pair":"DOGE/USDT","stake_amount":340.96247,"max_stake_amount":340.96247,"amount":2711.0,"open_date":"2025-12-26 13:00:00+00:00","close_date":"2025-12-29 01:00:00+00:00","open_rate":0.12577,"close_rate":0.1260217917917918,"fee_open":0.001,"fee_close":0.001,"trade_duration":3600,"profit_ratio":0.0,"profit_abs":0.0,"exit_reason":"roi","initial_stop_loss_abs":0.11949,"initial_stop_loss_ratio":-0.05,"stop_loss_abs":0.11949,"stop_loss_ratio":-0.05,"min_rate":0.12064,"max_rate":0.1264,"is_open":false,"enter_tag":"","leverage":1.0,"is_short":false,"open_timestamp":1766754000000,"close_timestamp":1766970000000,"orders":[{"amount":2711.0,"safe_price":0.12577,"ft_order_side":"buy","order_filled_timestamp":1766754000000,"ft_is_entry":true,"ft_order_tag":"","cost":341.30343246999996},{"amount":2711.0,"safe_price":0.1260217917917918,"ft_order_side":"sell","order_filled_timestamp":1766970000000,"ft_is_entry":false,"ft_order_tag":"roi","cost":341.98672262509507}],"funding_fees":0.0,"weekday":0},{"pair":"DOGE/USDT","stake_amount":340.94448,"max_stake_amount":340.94448,"amount":2832.0,"open_date":"2026-01-01 09:00:00+00:00","close_date":"2026-01-01 11:00:00+00:00","open_rate":0.12039,"close_rate":0.120631021021021,"fee_open":0.001,"fee_close":0.001,"trade_duration":120,"profit_ratio":0.0,"profit_abs":0.0,"exit_reason":"roi","initial_stop_loss_abs":0.11438,"initial_stop_loss_ratio":-0.05,"stop_loss_abs":0.11438,"stop_loss_ratio":-0.05,"min_rate":0.12021,"max_rate":0.12126,"is_open":false,"enter_tag":"","leverage":1.0,"is_short":false,"open_timestamp":1767258000000,"close_timestamp":1767265200000,"orders":[{"amount":2832.0,"safe_price":0.12039,"ft_order_side":"buy","order_filled_timestamp":1767258000000,"ft_is_entry":true,"ft_order_tag":"","cost":341.28542447999996},{"amount":2832.0,"safe_price":0.120631021021021,"ft_order_side":"sell","order_filled_timestamp":1767265200000,"ft_is_entry":false,"ft_order_tag":"roi","cost":341.9686785830629}],"funding_fees":0.0,"weekday":3},{"pair":"DOGE/USDT","stake_amount":340.9998,"max_stake_amount":340.9998,"amount":2735.0,"open_date":"2026-01-01 16:00:00+00:00","close_date":"2026-01-01 18:00:00+00:00","open_rate":0.12468,"close_rate":0.1249296096096096,"fee_open":0.001,"fee_close":0.001,"trade_duration":120,"profit_ratio":0.0,"profit_abs":0.0,"exit_reason":"roi","initial_stop_loss_abs":0.11845,"initial_stop_loss_ratio":-0.05,"stop_loss_abs":0.11845,"stop_loss_ratio":-0.05,"min_rate":0.12363,"max_rate":0.12555,"is_open":false,"enter_tag":"","leverage":1.0,"is_short":false,"open_timestamp":1767283200000,"close_timestamp":1767290400000,"orders":[{"amount":2735.0,"safe_price":0.12468,"ft_order_side":"buy","order_filled_timestamp":1767283200000,"ft_is_entry":true,"ft_order_tag":"","cost":341.34079979999996},{"amount":2735.0,"safe_price":0.1249296096096096,"ft_order_side":"sell","order_filled_timestamp":1767290400000,"ft_is_entry":false,"ft_order_tag":"roi","cost":342.0241647645645}],"funding_fees":0.0,"weekday":3},{"pair":"DOGE/USDT","stake_amount":341.00442,"max_stake_amount":341.00442,"amount":2391.0,"open_date":"2026-01-03 10:00:00+00:00","close_date":"2026-01-03 12:00:00+00:00","open_rate":0.14262,"close_rate":0.14290552552552552,"fee_open":0.001,"fee_close":0.001,"trade_duration":120,"profit_ratio":0.0,"profit_abs":0.0,"exit_reason":"roi","initial_stop_loss_abs":0.13549,"initial_stop_loss_ratio":-0.05,"stop_loss_abs":0.13549,"stop_loss_ratio":-0.05,"min_rate":0.14221,"max_rate":0.14329,"is_open":false,"enter_tag":"","leverage":1.0,"is_short":false,"open_timestamp":1767434400000,"close_timestamp":1767441600000,"orders":[{"amount":2391.0,"safe_price":0.14262,"ft_order_side":"buy","order_filled_timestamp":1767434400000,"ft_is_entry":true,"ft_order_tag":"","cost":341.34542442},{"amount":2391.0,"safe_price":0.14290552552552552,"ft_order_side":"sell","order_filled_timestamp":1767441600000,"ft_is_entry":false,"ft_order_tag":"roi","cost":342.028798643063}],"funding_fees":0.0,"weekday":5},{"pair":"DOGE/USDT","stake_amount":341.02036,"max_stake_amount":341.02036,"amount":2252.0,"open_date":"2026-01-04 16:00:00+00:00","close_date":"2026-01-04 18:00:00+00:00","open_rate":0.15143,"close_rate":0.15219,"fee_open":0.001,"fee_close":0.001,"trade_duration":120,"profit_ratio":0.0030107909656215803,"profit_abs":1.02776776,"exit_reason":"roi","initial_stop_loss_abs":0.14386,"initial_stop_loss_ratio":-0.05,"stop_loss_abs":0.14386,"stop_loss_ratio":-0.05,"min_rate":0.15053,"max_rate":0.15285,"is_open":false,"enter_tag":"","leverage":1.0,"is_short":false,"open_timestamp":1767542400000,"close_timestamp":1767549600000,"orders":[{"amount":2252.0,"safe_price":0.15143,"ft_order_side":"buy","order_filled_timestamp":1767542400000,"ft_is_entry":true,"ft_order_tag":"","cost":341.36138036},{"amount":2252.0,"safe_price":0.15219,"ft_order_side":"sell","order_filled_timestamp":1767549600000,"ft_is_entry":false,"ft_order_tag":"roi","cost":343.07461187999996}],"funding_fees":0.0,"weekday":6},{"pair":"DOGE/USDT","stake_amount":341.26596,"max_stake_amount":341.26596,"amount":2268.0,"open_date":"2026-01-05 01:00:00+00:00","close_date":"2026-01-05 03:00:00+00:00","open_rate":0.15047,"close_rate":0.1519,"fee_open":0.001,"fee_close":0.001,"trade_duration":120,"profit_ratio":0.0074865654050873705,"profit_abs":2.55746484,"exit_reason":"roi","initial_stop_loss_abs":0.14295,"initial_stop_loss_ratio":-0.05,"stop_loss_abs":0.14295,"stop_loss_ratio":-0.05,"min_rate":0.15004,"max_rate":0.15248,"is_open":false,"enter_tag":"","leverage":1.0,"is_short":false,"open_timestamp":1767574800000,"close_timestamp":1767582000000,"orders":[{"amount":2268.0,"safe_price":0.15047,"ft_order_side":"buy","order_filled_timestamp":1767574800000,"ft_is_entry":true,"ft_order_tag":"","cost":341.60722596},{"amount":2268.0,"safe_price":0.1519,"ft_order_side":"sell","order_filled_timestamp":1767582000000,"ft_is_entry":false,"ft_order_tag":"roi","cost":344.85370919999997}],"funding_fees":0.0,"weekday":0},{"pair":"DOGE/USDT","stake_amount":342.11484,"max_stake_amount":342.11484,"amount":2308.0,"open_date":"2026-01-05 15:00:00+00:00","close_date":"2026-01-05 17:00:00+00:00","open_rate":0.14823,"close_rate":0.15047,"fee_open":0.001,"fee_close":0.001,"trade_duration":120,"profit_ratio":0.013083455706406526,"profit_abs":4.4805204,"exit_reason":"roi","initial_stop_loss_abs":0.14082,"initial_stop_loss_ratio":-0.05,"stop_loss_abs":0.14082,"stop_loss_ratio":-0.05,"min_rate":0.14648,"max_rate":0.15386,"is_open":false,"enter_tag":"","leverage":1.0,"is_short":false,"open_timestamp":1767625200000,"close_timestamp":1767632400000,"orders":[{"amount":2308.0,"safe_price":0.14823,"ft_order_side":"buy","order_filled_timestamp":1767625200000,"ft_is_entry":true,"ft_order_tag":"","cost":342.45695484},{"amount":2308.0,"safe_price":0.15047,"ft_order_side":"sell","order_filled_timestamp":1767632400000,"ft_is_entry":false,"ft_order_tag":"roi","cost":347.63204476}],"funding_fees":0.0,"weekday":0}],"locks":[],"best_pair":{"key":"DOGE/USDT","trades":50,"profit_mean":0.0025083450794592403,"profit_mean_pct":0.25,"profit_total_abs":41.48569476,"profit_total":0.041485694760000004,"profit_total_pct":4.15,"duration_avg":"4:44:00","wins":20,"draws":25,"losses":5,"winrate":0.4,"cagr":0.16527223938654378,"expectancy":0.8297138952,"expectancy_ratio":-0.41268770972760427,"sortino":1.1381102531972163,"sharpe":1.4491304401218263,"calmar":30.434933590424006,"sqn":1.0301,"profit_factor":1.8731229027239575,"max_drawdown_account":0.026847305647076495,"max_drawdown_abs":28.27440839},"worst_pair":{"key":"DOGE/USDT","trades":50,"profit_mean":0.0025083450794592403,"profit_mean_pct":0.25,"profit_total_abs":41.48569476,"profit_total":0.041485694760000004,"profit_total_pct":4.15,"duration_avg":"4:44:00","wins":20,"draws":25,"losses":5,"winrate":0.4,"cagr":0.16527223938654378,"expectancy":0.8297138952,"expectancy_ratio":-0.41268770972760427,"sortino":1.1381102531972163,"sharpe":1.4491304401218263,"calmar":30.434933590424006,"sqn":1.0301,"profit_factor":1.8731229027239575,"max_drawdown_account":0.026847305647076495,"max_drawdown_abs":28.27440839},"results_per_pair":[{"key":"DOGE/USDT","trades":50,"profit_mean":0.0025083450794592403,"profit_mean_pct":0.25,"profit_total_abs":41.48569476,"profit_total":0.041485694760000004,"profit_total_pct":4.15,"duration_avg":"4:44:00","wins":20,"draws":25,"losses":5,"winrate":0.4,"cagr":0.16527223938654378,"expectancy":0.8297138952,"expectancy_ratio":-0.41268770972760427,"sortino":1.1381102531972163,"sharpe":1.4491304401218263,"calmar":30.434933590424006,"sqn":1.0301,"profit_factor":1.8731229027239575,"max_drawdown_account":0.026847305647076495,"max_drawdown_abs":28.27440839},{"key":"TOTAL","trades":50,"profit_mean":0.0025083450794592403,"profit_mean_pct":0.25,"profit_total_abs":41.48569476,"profit_total":0.041485694760000004,"profit_total_pct":4.15,"duration_avg":"4:44:00","wins":20,"draws":25,"losses":5,"winrate":0.4,"cagr":0.16527223938654378,"expectancy":0.8297138952,"expectancy_ratio":-0.41268770972760427,"sortino":1.1381102531972163,"sharpe":1.4491304401218263,"calmar":30.434933590424006,"sqn":1.0301,"profit_factor":1.8731229027239575,"max_drawdown_account":0.026847305647076495,"max_drawdown_abs":28.27440839}],"results_per_enter_tag":[{"key":"","trades":50,"profit_mean":0.0025083450794592403,"profit_mean_pct":0.25,"profit_total_abs":41.48569476,"profit_total":0.041485694760000004,"profit_total_pct":4.15,"duration_avg":"4:44:00","wins":20,"draws":25,"losses":5,"winrate":0.4,"cagr":0.16527223938654378,"expectancy":0.8297138952,"expectancy_ratio":-0.41268770972760427,"sortino":1.1381102531972163,"sharpe":1.4491304401218263,"calmar":30.434933590424006,"sqn":1.0301,"profit_factor":1.8731229027239575,"max_drawdown_account":0.026847305647076495,"max_drawdown_abs":28.27440839},{"key":"TOTAL","trades":50,"profit_mean":0.0025083450794592403,"profit_mean_pct":0.25,"profit_total_abs":41.48569476,"profit_total":0.041485694760000004,"profit_total_pct":4.15,"duration_avg":"4:44:00","wins":20,"draws":25,"losses":5,"winrate":0.4,"cagr":0.16527223938654378,"expectancy":0.8297138952,"expectancy_ratio":-0.41268770972760427,"sortino":1.1381102531972163,"sharpe":1.4491304401218263,"calmar":30.434933590424006,"sqn":1.0301,"profit_factor":1.8731229027239575,"max_drawdown_account":0.026847305647076495,"max_drawdown_abs":28.27440839}],"exit_reason_summary":[{"key":"roi","trades":45,"profit_mean":0.0058400876195644396,"profit_mean_pct":0.58,"profit_total_abs":88.99984727,"profit_total":0.08899984727,"profit_total_pct":8.9,"duration_avg":"3:59:00","wins":20,"draws":25,"losses":0,"winrate":0.4444444444444444,"cagr":0.37826105074266225,"expectancy":1.9777743837777777,"expectancy_ratio":100.0,"sortino":-100,"sharpe":4.326172930047075,"calmar":-100,"sqn":3.2377,"profit_factor":0.0,"max_drawdown_account":0.0,"max_drawdown_abs":0.0},{"key":"exit_signal","trades":3,"profit_mean":-0.011209574245226159,"profit_mean_pct":-1.12,"profit_total_abs":-11.45296479,"profit_total":-0.011452964789999999,"profit_total_pct":-1.15,"duration_avg":"1:00:00","wins":0,"draws":0,"losses":3,"winrate":0.0,"cagr":-0.04241893472723657,"expectancy":-3.81765493,"expectancy_ratio":-1.0,"sortino":-0.9985634320252397,"sharpe":-0.9985634320252397,"calmar":-19.695848633549257,"sqn":-2.39,"profit_factor":0.0,"max_drawdown_account":0.01145296479000001,"max_drawdown_abs":11.45296479},{"key":"stop_loss","trades":2,"profit_mean":-0.05187898308587964,"profit_mean_pct":-5.19,"profit_total_abs":-36.06118772,"profit_total":-0.03606118772,"profit_total_pct":-3.61,"duration_avg":"1 day, 3:30:00","wins":0,"draws":0,"losses":2,"winrate":0.0,"cagr":-0.12907661117269464,"expectancy":-18.03059386,"expectancy_ratio":-1.0,"sortino":-295.6193721969264,"sharpe":-295.6193721969264,"calmar":-19.695848633549268,"sqn":-750.4611,"profit_factor":0.0,"max_drawdown_account":0.03606118772000002,"max_drawdown_abs":36.06118772},{"key":"TOTAL","trades":50,"profit_mean":0.0025083450794592403,"profit_mean_pct":0.25,"profit_total_abs":41.48569476,"profit_total":0.041485694760000004,"profit_total_pct":4.15,"duration_avg":"4:44:00","wins":20,"draws":25,"losses":5,"winrate":0.4,"cagr":0.16527223938654378,"expectancy":0.8297138952,"expectancy_ratio":-0.41268770972760427,"sortino":1.1381102531972163,"sharpe":1.4491304401218263,"calmar":30.434933590424006,"sqn":1.0301,"profit_factor":1.8731229027239575,"max_drawdown_account":0.026847305647076495,"max_drawdown_abs":28.27440839}],"mix_tag_stats":[{"key":["","roi"],"trades":45,"profit_mean":0.0058400876195644396,"profit_mean_pct":0.58,"profit_total_abs":88.99984727,"profit_total":0.08899984727,"profit_total_pct":8.9,"duration_avg":"3:59:00","wins":20,"draws":25,"losses":0,"winrate":0.4444444444444444,"cagr":0.37826105074266225,"expectancy":1.9777743837777777,"expectancy_ratio":100.0,"sortino":-100,"sharpe":4.326172930047075,"calmar":-100,"sqn":3.2377,"profit_factor":0.0,"max_drawdown_account":0.0,"max_drawdown_abs":0.0},{"key":["","exit_signal"],"trades":3,"profit_mean":-0.011209574245226159,"profit_mean_pct":-1.12,"profit_total_abs":-11.45296479,"profit_total":-0.011452964789999999,"profit_total_pct":-1.15,"duration_avg":"1:00:00","wins":0,"draws":0,"losses":3,"winrate":0.0,"cagr":-0.04241893472723657,"expectancy":-3.81765493,"expectancy_ratio":-1.0,"sortino":-0.9985634320252397,"sharpe":-0.9985634320252397,"calmar":-19.695848633549257,"sqn":-2.39,"profit_factor":0.0,"max_drawdown_account":0.01145296479000001,"max_drawdown_abs":11.45296479},{"key":["","stop_loss"],"trades":2,"profit_mean":-0.05187898308587964,"profit_mean_pct":-5.19,"profit_total_abs":-36.06118772,"profit_total":-0.03606118772,"profit_total_pct":-3.61,"duration_avg":"1 day, 3:30:00","wins":0,"draws":0,"losses":2,"winrate":0.0,"cagr":-0.12907661117269464,"expectancy":-18.03059386,"expectancy_ratio":-1.0,"sortino":-295.6193721969264,"sharpe":-295.6193721969264,"calmar":-19.695848633549268,"sqn":-750.4611,"profit_factor":0.0,"max_drawdown_account":0.03606118772000002,"max_drawdown_abs":36.06118772},{"key":"TOTAL","trades":50,"profit_mean":0.0025083450794592403,"profit_mean_pct":0.25,"profit_total_abs":41.48569476,"profit_total":0.041485694760000004,"profit_total_pct":4.15,"duration_avg":"4:44:00","wins":20,"draws":25,"losses":5,"winrate":0.4,"cagr":0.16527223938654378,"expectancy":0.8297138952,"expectancy_ratio":-0.41268770972760427,"sortino":1.1381102531972163,"sharpe":1.4491304401218263,"calmar":30.434933590424006,"sqn":1.0301,"profit_factor":1.8731229027239575,"max_drawdown_account":0.026847305647076495,"max_drawdown_abs":28.27440839}],"left_open_trades":[{"key":"TOTAL","trades":0,"profit_mean":0.0,"profit_mean_pct":0.0,"profit_total_abs":0.0,"profit_total":0.0,"profit_total_pct":0.0,"duration_avg":"0:00","wins":0,"draws":0,"losses":0,"winrate":0.0,"cagr":0.0,"expectancy":0.0,"expectancy_ratio":100.0,"sortino":0,"sharpe":0,"calmar":0,"sqn":0.0,"profit_factor":0.0,"max_drawdown_account":0.0,"max_drawdown_abs":0.0}],"total_trades":50,"trade_count_long":50,"trade_count_short":0,"total_volume":34036.67788517993,"avg_stake_amount":339.27186839999996,"profit_mean":0.0025083450794592403,"profit_median":0.0,"profit_total":0.041485694760000004,"profit_total_long":0.041485694760000004,"profit_total_short":0.0,"profit_total_abs":41.48569476,"profit_total_long_abs":41.48569476,"profit_total_short_abs":0.0,"cagr":0.16527223938654378,"expectancy":0.8297138952,"expectancy_ratio":-0.41268770972760427,"sortino":1.1381102531972163,"sharpe":1.4491304401218263,"calmar":30.434933590424006,"sqn":1.0301,"profit_factor":1.8731229027239575,"backtest_start":"2025-10-01 00:00:00","backtest_start_ts":1759276800000,"backtest_end":"2026-01-06 20:00:00","backtest_end_ts":1767729600000,"backtest_days":97,"backtest_run_start_ts":1767738268,"backtest_run_end_ts":1767738269,"trades_per_day":0.52,"market_change":-0.36632086436227446,"pairlist":["DOGE/USDT"],"stake_amount":"unlimited","stake_currency":"USDT","stake_currency_decimals":3,"starting_balance":1000,"dry_run_wallet":1000,"final_balance":1041.4856947600001,"rejected_signals":0,"timedout_entry_orders":0,"timedout_exit_orders":0,"canceled_trade_entries":0,"canceled_entry_orders":0,"replaced_entry_orders":0,"max_open_trades":1,"max_open_trades_setting":3,"timeframe":"1h","timeframe_detail":"","timerange":"20251001-","enable_protections":false,"strategy_name":"ACO_15_7","freqaimodel":null,"freqai_identifier":null,"stoploss":-0.05,"trailing_stop":false,"trailing_stop_positive":null,"trailing_stop_positive_offset":0.0,"trailing_only_offset_is_reached":false,"use_custom_stoploss":false,"minimal_roi":{"0":0.1,"60":0.05,"120":0.0},"use_exit_signal":true,"exit_profit_only":false,"exit_profit_offset":0.0,"ignore_roi_if_entry_signal":false,"trading_mode":"spot","margin_mode":"","periodic_breakdown":{"day":[{"date":"02/10/2025","date_ts":1759363200000,"profit_abs":0.0,"wins":0,"draws":1,"losses":0,"trades":1,"profit_factor":0.0},{"date":"03/10/2025","date_ts":1759449600000,"profit_abs":3.08302334,"wins":1,"draws":0,"losses":0,"trades":1,"profit_factor":0.0},{"date":"04/10/2025","date_ts":1759536000000,"profit_abs":0.0,"wins":0,"draws":0,"losses":0,"trades":0,"profit_factor":0.0},{"date":"05/10/2025","date_ts":1759622400000,"profit_abs":0.0,"wins":0,"draws":0,"losses":0,"trades":0,"profit_factor":0.0},{"date":"06/10/2025","date_ts":1759708800000,"profit_abs":0.0,"wins":0,"draws":2,"losses":0,"trades":2,"profit_factor":0.0},{"date":"07/10/2025","date_ts":1759795200000,"profit_abs":0.0,"wins":0,"draws":0,"losses":0,"trades":0,"profit_factor":0.0},{"date":"08/10/2025","date_ts":1759881600000,"profit_abs":2.27873856,"wins":1,"draws":0,"losses":0,"trades":1,"profit_factor":0.0},{"date":"09/10/2025","date_ts":1759968000000,"profit_abs":4.44442889,"wins":1,"draws":0,"losses":0,"trades":1,"profit_factor":0.0},{"date":"10/10/2025","date_ts":1760054400000,"profit_abs":-0.83860218,"wins":0,"draws":1,"losses":1,"trades":2,"profit_factor":0.0},{"date":"11/10/2025","date_ts":1760140800000,"profit_abs":0.0,"wins":0,"draws":0,"losses":0,"trades":0,"profit_factor":0.0},{"date":"12/10/2025","date_ts":1760227200000,"profit_abs":16.642479,"wins":1,"draws":1,"losses":0,"trades":2,"profit_factor":0.0},{"date":"13/10/2025","date_ts":1760313600000,"profit_abs":0.0,"wins":0,"draws":1,"losses":0,"trades":1,"profit_factor":0.0},{"date":"14/10/2025","date_ts":1760400000000,"profit_abs":0.0,"wins":0,"draws":0,"losses":0,"trades":0,"profit_factor":0.0},{"date":"15/10/2025","date_ts":1760486400000,"profit_abs":0.0520612,"wins":1,"draws":0,"losses":0,"trades":1,"profit_factor":0.0},{"date":"16/10/2025","date_ts":1760572800000,"profit_abs":0.0,"wins":0,"draws":0,"losses":0,"trades":0,"profit_factor":0.0},{"date":"17/10/2025","date_ts":1760659200000,"profit_abs":2.23701972,"wins":1,"draws":0,"losses":0,"trades":1,"profit_factor":0.0},{"date":"18/10/2025","date_ts":1760745600000,"profit_abs":0.0,"wins":0,"draws":1,"losses":0,"trades":1,"profit_factor":0.0},{"date":"19/10/2025","date_ts":1760832000000,"profit_abs":0.0,"wins":0,"draws":1,"losses":0,"trades":1,"profit_factor":0.0},{"date":"20/10/2025","date_ts":1760918400000,"profit_abs":0.0,"wins":0,"draws":0,"losses":0,"trades":0,"profit_factor":0.0},{"date":"21/10/2025","date_ts":1761004800000,"profit_abs":0.0,"wins":0,"draws":1,"losses":0,"trades":1,"profit_factor":0.0},{"date":"22/10/2025","date_ts":1761091200000,"profit_abs":1.733536,"wins":1,"draws":0,"losses":0,"trades":1,"profit_factor":0.0},{"date":"23/10/2025","date_ts":1761177600000,"profit_abs":0.0,"wins":0,"draws":0,"losses":0,"trades":0,"profit_factor":0.0},{"date":"24/10/2025","date_ts":1761264000000,"profit_abs":0.0,"wins":0,"draws":0,"losses":0,"trades":0,"profit_factor":0.0},{"date":"25/10/2025","date_ts":1761350400000,"profit_abs":0.0,"wins":0,"draws":0,"losses":0,"trades":0,"profit_factor":0.0},{"date":"26/10/2025","date_ts":1761436800000,"profit_abs":0.0,"wins":0,"draws":1,"losses":0,"trades":1,"profit_factor":0.0},{"date":"27/10/2025","date_ts":1761523200000,"profit_abs":2.62317876,"wins":1,"draws":0,"losses":0,"trades":1,"profit_factor":0.0},{"date":"28/10/2025","date_ts":1761609600000,"profit_abs":0.0,"wins":0,"draws":2,"losses":0,"trades":2,"profit_factor":0.0},{"date":"29/10/2025","date_ts":1761696000000,"profit_abs":0.0,"wins":0,"draws":0,"losses":0,"trades":0,"profit_factor":0.0},{"date":"30/10/2025","date_ts":1761782400000,"profit_abs":0.0,"wins":0,"draws":0,"losses":0,"trades":0,"profit_factor":0.0},{"date":"31/10/2025","date_ts":1761868800000,"profit_abs":0.0,"wins":0,"draws":1,"losses":0,"trades":1,"profit_factor":0.0},{"date":"01/11/2025","date_ts":1761955200000,"profit_abs":0.0,"wins":0,"draws":0,"losses":0,"trades":0,"profit_factor":0.0},{"date":"02/11/2025","date_ts":1762041600000,"profit_abs":0.0,"wins":0,"draws":2,"losses":0,"trades":2,"profit_factor":0.0},{"date":"03/11/2025","date_ts":1762128000000,"profit_abs":0.0,"wins":0,"draws":0,"losses":0,"trades":0,"profit_factor":0.0},{"date":"04/11/2025","date_ts":1762214400000,"profit_abs":0.0,"wins":0,"draws":0,"losses":0,"trades":0,"profit_factor":0.0},{"date":"05/11/2025","date_ts":1762300800000,"profit_abs":0.0,"wins":0,"draws":0,"losses":0,"trades":0,"profit_factor":0.0},{"date":"06/11/2025","date_ts":1762387200000,"profit_abs":0.0,"wins":0,"draws":0,"losses":0,"trades":0,"profit_factor":0.0},{"date":"07/11/2025","date_ts":1762473600000,"profit_abs":17.024805,"wins":1,"draws":0,"losses":0,"trades":1,"profit_factor":0.0},{"date":"08/11/2025","date_ts":1762560000000,"profit_abs":0.0,"wins":0,"draws":0,"losses":0,"trades":0,"profit_factor":0.0},{"date":"09/11/2025","date_ts":1762646400000,"profit_abs":0.0,"wins":0,"draws":1,"losses":0,"trades":1,"profit_factor":0.0},{"date":"10/11/2025","date_ts":1762732800000,"profit_abs":0.0,"wins":0,"draws":1,"losses":0,"trades":1,"profit_factor":0.0},{"date":"11/11/2025","date_ts":1762819200000,"profit_abs":0.0,"wins":0,"draws":1,"losses":0,"trades":1,"profit_factor":0.0},{"date":"12/11/2025","date_ts":1762905600000,"profit_abs":3.875606,"wins":1,"draws":0,"losses":0,"trades":1,"profit_factor":0.0},{"date":"13/11/2025","date_ts":1762992000000,"profit_abs":0.0,"wins":0,"draws":0,"losses":0,"trades":0,"profit_factor":0.0},{"date":"14/11/2025","date_ts":1763078400000,"profit_abs":0.0,"wins":0,"draws":0,"losses":0,"trades":0,"profit_factor":0.0},{"date":"15/11/2025","date_ts":1763164800000,"profit_abs":0.0,"wins":0,"draws":0,"losses":0,"trades":0,"profit_factor":0.0},{"date":"16/11/2025","date_ts":1763251200000,"profit_abs":0.0,"wins":0,"draws":0,"losses":0,"trades":0,"profit_factor":0.0},{"date":"17/11/2025","date_ts":1763337600000,"profit_abs":-18.05461988,"wins":0,"draws":0,"losses":1,"trades":1,"profit_factor":0.0},{"date":"18/11/2025","date_ts":1763424000000,"profit_abs":0.0,"wins":0,"draws":1,"losses":0,"trades":1,"profit_factor":0.0},{"date":"19/11/2025","date_ts":1763510400000,"profit_abs":0.0,"wins":0,"draws":0,"losses":0,"trades":0,"profit_factor":0.0},{"date":"20/11/2025","date_ts":1763596800000,"profit_abs":-4.30789109,"wins":0,"draws":0,"losses":1,"trades":1,"profit_factor":0.0},{"date":"21/11/2025","date_ts":1763683200000,"profit_abs":0.0,"wins":0,"draws":0,"losses":0,"trades":0,"profit_factor":0.0},{"date":"22/11/2025","date_ts":1763769600000,"profit_abs":0.3945741,"wins":1,"draws":0,"losses":0,"trades":1,"profit_factor":0.0},{"date":"23/11/2025","date_ts":1763856000000,"profit_abs":0.0,"wins":0,"draws":0,"losses":0,"trades":0,"profit_factor":0.0},{"date":"24/11/2025","date_ts":1763942400000,"profit_abs":-6.30647152,"wins":0,"draws":0,"losses":1,"trades":1,"profit_factor":0.0},{"date":"25/11/2025","date_ts":1764028800000,"profit_abs":0.0,"wins":0,"draws":0,"losses":0,"trades":0,"profit_factor":0.0},{"date":"26/11/2025","date_ts":1764115200000,"profit_abs":0.0,"wins":0,"draws":0,"losses":0,"trades":0,"profit_factor":0.0},{"date":"27/11/2025","date_ts":1764201600000,"profit_abs":0.0,"wins":0,"draws":0,"losses":0,"trades":0,"profit_factor":0.0},{"date":"28/11/2025","date_ts":1764288000000,"profit_abs":0.0,"wins":0,"draws":0,"losses":0,"trades":0,"profit_factor":0.0},{"date":"29/11/2025","date_ts":1764374400000,"profit_abs":0.0,"wins":0,"draws":0,"losses":0,"trades":0,"profit_factor":0.0},{"date":"30/11/2025","date_ts":1764460800000,"profit_abs":0.0,"wins":0,"draws":0,"losses":0,"trades":0,"profit_factor":0.0},{"date":"01/12/2025","date_ts":1764547200000,"profit_abs":0.0,"wins":0,"draws":0,"losses":0,"trades":0,"profit_factor":0.0},{"date":"02/12/2025","date_ts":1764633600000,"profit_abs":2.33623071,"wins":2,"draws":0,"losses":0,"trades":2,"profit_factor":0.0},{"date":"03/12/2025","date_ts":1764720000000,"profit_abs":0.0,"wins":0,"draws":0,"losses":0,"trades":0,"profit_factor":0.0},{"date":"04/12/2025","date_ts":1764806400000,"profit_abs":0.0,"wins":0,"draws":0,"losses":0,"trades":0,"profit_factor":0.0},{"date":"05/12/2025","date_ts":1764892800000,"profit_abs":0.0,"wins":0,"draws":0,"losses":0,"trades":0,"profit_factor":0.0},{"date":"06/12/2025","date_ts":1764979200000,"profit_abs":0.17124684,"wins":1,"draws":0,"losses":0,"trades":1,"profit_factor":0.0},{"date":"07/12/2025","date_ts":1765065600000,"profit_abs":0.0,"wins":0,"draws":0,"losses":0,"trades":0,"profit_factor":0.0},{"date":"08/12/2025","date_ts":1765152000000,"profit_abs":0.0,"wins":0,"draws":0,"losses":0,"trades":0,"profit_factor":0.0},{"date":"09/12/2025","date_ts":1765238400000,"profit_abs":10.08532175,"wins":1,"draws":0,"losses":0,"trades":1,"profit_factor":0.0},{"date":"10/12/2025","date_ts":1765324800000,"profit_abs":1.8475584,"wins":1,"draws":0,"losses":0,"trades":1,"profit_factor":0.0},{"date":"11/12/2025","date_ts":1765411200000,"profit_abs":0.0,"wins":0,"draws":0,"losses":0,"trades":0,"profit_factor":0.0},{"date":"12/12/2025","date_ts":1765497600000,"profit_abs":0.0,"wins":0,"draws":1,"losses":0,"trades":1,"profit_factor":0.0},{"date":"13/12/2025","date_ts":1765584000000,"profit_abs":0.0,"wins":0,"draws":0,"losses":0,"trades":0,"profit_factor":0.0},{"date":"14/12/2025","date_ts":1765670400000,"profit_abs":0.0,"wins":0,"draws":0,"losses":0,"trades":0,"profit_factor":0.0},{"date":"15/12/2025","date_ts":1765756800000,"profit_abs":0.0,"wins":0,"draws":0,"losses":0,"trades":0,"profit_factor":0.0},{"date":"16/12/2025","date_ts":1765843200000,"profit_abs":0.0,"wins":0,"draws":0,"losses":0,"trades":0,"profit_factor":0.0},{"date":"17/12/2025","date_ts":1765929600000,"profit_abs":0.0,"wins":0,"draws":0,"losses":0,"trades":0,"profit_factor":0.0},{"date":"18/12/2025","date_ts":1766016000000,"profit_abs":0.0,"wins":0,"draws":0,"losses":0,"trades":0,"profit_factor":0.0},{"date":"19/12/2025","date_ts":1766102400000,"profit_abs":12.104286,"wins":1,"draws":0,"losses":0,"trades":1,"profit_factor":0.0},{"date":"20/12/2025","date_ts":1766188800000,"profit_abs":0.0,"wins":0,"draws":0,"losses":0,"trades":0,"profit_factor":0.0},{"date":"21/12/2025","date_ts":1766275200000,"profit_abs":0.0,"wins":0,"draws":0,"losses":0,"trades":0,"profit_factor":0.0},{"date":"22/12/2025","date_ts":1766361600000,"profit_abs":0.0,"wins":0,"draws":0,"losses":0,"trades":0,"profit_factor":0.0},{"date":"23/12/2025","date_ts":1766448000000,"profit_abs":0.0,"wins":0,"draws":0,"losses":0,"trades":0,"profit_factor":0.0},{"date":"24/12/2025","date_ts":1766534400000,"profit_abs":0.0,"wins":0,"draws":0,"losses":0,"trades":0,"profit_factor":0.0},{"date":"25/12/2025","date_ts":1766620800000,"profit_abs":-18.00656784,"wins":0,"draws":0,"losses":1,"trades":1,"profit_factor":0.0},{"date":"26/12/2025","date_ts":1766707200000,"profit_abs":0.0,"wins":0,"draws":1,"losses":0,"trades":1,"profit_factor":0.0},{"date":"27/12/2025","date_ts":1766793600000,"profit_abs":0.0,"wins":0,"draws":0,"losses":0,"trades":0,"profit_factor":0.0},{"date":"28/12/2025","date_ts":1766880000000,"profit_abs":0.0,"wins":0,"draws":0,"losses":0,"trades":0,"profit_factor":0.0},{"date":"29/12/2025","date_ts":1766966400000,"profit_abs":0.0,"wins":0,"draws":1,"losses":0,"trades":1,"profit_factor":0.0},{"date":"30/12/2025","date_ts":1767052800000,"profit_abs":0.0,"wins":0,"draws":0,"losses":0,"trades":0,"profit_factor":0.0},{"date":"31/12/2025","date_ts":1767139200000,"profit_abs":0.0,"wins":0,"draws":0,"losses":0,"trades":0,"profit_factor":0.0},{"date":"01/01/2026","date_ts":1767225600000,"profit_abs":0.0,"wins":0,"draws":2,"losses":0,"trades":2,"profit_factor":0.0},{"date":"02/01/2026","date_ts":1767312000000,"profit_abs":0.0,"wins":0,"draws":0,"losses":0,"trades":0,"profit_factor":0.0},{"date":"03/01/2026","date_ts":1767398400000,"profit_abs":0.0,"wins":0,"draws":1,"losses":0,"trades":1,"profit_factor":0.0},{"date":"04/01/2026","date_ts":1767484800000,"profit_abs":1.02776776,"wins":1,"draws":0,"losses":0,"trades":1,"profit_factor":0.0},{"date":"05/01/2026","date_ts":1767571200000,"profit_abs":7.03798524,"wins":2,"draws":0,"losses":0,"trades":2,"profit_factor":0.0}],"week":[{"date":"06/10/2025","date_ts":1759708800000,"profit_abs":3.08302334,"wins":1,"draws":3,"losses":0,"trades":4,"profit_factor":0.0},{"date":"13/10/2025","date_ts":1760313600000,"profit_abs":22.52704427,"wins":3,"draws":3,"losses":1,"trades":7,"profit_factor":27.86261115},{"date":"20/10/2025","date_ts":1760918400000,"profit_abs":2.28908092,"wins":2,"draws":2,"losses":0,"trades":4,"profit_factor":0.0},{"date":"27/10/2025","date_ts":1761523200000,"profit_abs":4.35671476,"wins":2,"draws":2,"losses":0,"trades":4,"profit_factor":0.0},{"date":"03/11/2025","date_ts":1762128000000,"profit_abs":0.0,"wins":0,"draws":5,"losses":0,"trades":5,"profit_factor":0.0},{"date":"10/11/2025","date_ts":1762732800000,"profit_abs":17.024805,"wins":1,"draws":2,"losses":0,"trades":3,"profit_factor":0.0},{"date":"17/11/2025","date_ts":1763337600000,"profit_abs":-14.17901388,"wins":1,"draws":1,"losses":1,"trades":3,"profit_factor":0.21466007},{"date":"24/11/2025","date_ts":1763942400000,"profit_abs":-10.21978851,"wins":1,"draws":1,"losses":2,"trades":4,"profit_factor":0.0371736},{"date":"01/12/2025","date_ts":1764547200000,"profit_abs":0.0,"wins":0,"draws":0,"losses":0,"trades":0,"profit_factor":0.0},{"date":"08/12/2025","date_ts":1765152000000,"profit_abs":2.50747755,"wins":3,"draws":0,"losses":0,"trades":3,"profit_factor":0.0},{"date":"15/12/2025","date_ts":1765756800000,"profit_abs":11.93288015,"wins":2,"draws":1,"losses":0,"trades":3,"profit_factor":0.0},{"date":"22/12/2025","date_ts":1766361600000,"profit_abs":12.104286,"wins":1,"draws":0,"losses":0,"trades":1,"profit_factor":0.0},{"date":"29/12/2025","date_ts":1766966400000,"profit_abs":-18.00656784,"wins":0,"draws":2,"losses":1,"trades":3,"profit_factor":0.0},{"date":"05/01/2026","date_ts":1767571200000,"profit_abs":8.065753,"wins":3,"draws":3,"losses":0,"trades":6,"profit_factor":0.0}],"month":[{"date":"31/10/2025","date_ts":1761868800000,"profit_abs":32.25586329,"wins":8,"draws":13,"losses":1,"trades":22,"profit_factor":39.46384383},{"date":"30/11/2025","date_ts":1764460800000,"profit_abs":-7.37399739,"wins":3,"draws":6,"losses":3,"trades":12,"profit_factor":0.74278831},{"date":"31/12/2025","date_ts":1767139200000,"profit_abs":8.53807586,"wins":6,"draws":3,"losses":1,"trades":10,"profit_factor":1.47416453},{"date":"31/01/2026","date_ts":1769817600000,"profit_abs":8.065753,"wins":3,"draws":3,"losses":0,"trades":6,"profit_factor":0.0}],"year":[{"date":"31/12/2025","date_ts":1767139200000,"profit_abs":33.41994176,"wins":17,"draws":22,"losses":5,"trades":44,"profit_factor":1.70336815},{"date":"31/12/2026","date_ts":1798675200000,"profit_abs":8.065753,"wins":3,"draws":3,"losses":0,"trades":6,"profit_factor":0.0}],"weekday":[{"date":"Monday","date_ts":0,"profit_abs":-14.6999274,"wins":3,"draws":5,"losses":2,"trades":10,"profit_factor":0.39658174},{"date":"Tuesday","date_ts":1,"profit_abs":12.42155246,"wins":3,"draws":5,"losses":0,"trades":8,"profit_factor":0.0},{"date":"Wednesday","date_ts":2,"profit_abs":9.78750016,"wins":5,"draws":0,"losses":0,"trades":5,"profit_factor":0.0},{"date":"Thursday","date_ts":3,"profit_abs":-17.87003004,"wins":1,"draws":3,"losses":2,"trades":6,"profit_factor":0.1991726},{"date":"Friday","date_ts":4,"profit_abs":33.61053188,"wins":4,"draws":4,"losses":1,"trades":9,"profit_factor":41.07923266},{"date":"Saturday","date_ts":5,"profit_abs":0.56582094,"wins":2,"draws":2,"losses":0,"trades":4,"profit_factor":0.0},{"date":"Sunday","date_ts":6,"profit_abs":17.67024676,"wins":2,"draws":6,"losses":0,"trades":8,"profit_factor":0.0}]},"backtest_best_day":0.04995004995004995,"backtest_worst_day":-0.0518981018981019,"backtest_best_day_abs":17.024805,"backtest_worst_day_abs":-18.05461988,"winning_days":18,"draw_days":73,"losing_days":5,"daily_profit":[["2025-10-02",0.0],["2025-10-03",3.08302334],["2025-10-04",0.0],["2025-10-05",0.0],["2025-10-06",0.0],["2025-10-07",0.0],["2025-10-08",2.27873856],["2025-10-09",4.44442889],["2025-10-10",-0.83860218],["2025-10-11",0.0],["2025-10-12",16.642479],["2025-10-13",0.0],["2025-10-14",0.0],["2025-10-15",0.0520612],["2025-10-16",0.0],["2025-10-17",2.23701972],["2025-10-18",0.0],["2025-10-19",0.0],["2025-10-20",0.0],["2025-10-21",0.0],["2025-10-22",1.733536],["2025-10-23",0.0],["2025-10-24",0.0],["2025-10-25",0.0],["2025-10-26",0.0],["2025-10-27",2.62317876],["2025-10-28",0.0],["2025-10-29",0.0],["2025-10-30",0.0],["2025-10-31",0.0],["2025-11-01",0.0],["2025-11-02",0.0],["2025-11-03",0.0],["2025-11-04",0.0],["2025-11-05",0.0],["2025-11-06",0.0],["2025-11-07",17.024805],["2025-11-08",0.0],["2025-11-09",0.0],["2025-11-10",0.0],["2025-11-11",0.0],["2025-11-12",3.875606],["2025-11-13",0.0],["2025-11-14",0.0],["2025-11-15",0.0],["2025-11-16",0.0],["2025-11-17",-18.05461988],["2025-11-18",0.0],["2025-11-19",0.0],["2025-11-20",-4.30789109],["2025-11-21",0.0],["2025-11-22",0.3945741],["2025-11-23",0.0],["2025-11-24",-6.30647152],["2025-11-25",0.0],["2025-11-26",0.0],["2025-11-27",0.0],["2025-11-28",0.0],["2025-11-29",0.0],["2025-11-30",0.0],["2025-12-01",0.0],["2025-12-02",2.33623071],["2025-12-03",0.0],["2025-12-04",0.0],["2025-12-05",0.0],["2025-12-06",0.17124684],["2025-12-07",0.0],["2025-12-08",0.0],["2025-12-09",10.08532175],["2025-12-10",1.8475584],["2025-12-11",0.0],["2025-12-12",0.0],["2025-12-13",0.0],["2025-12-14",0.0],["2025-12-15",0.0],["2025-12-16",0.0],["2025-12-17",0.0],["2025-12-18",0.0],["2025-12-19",12.104286],["2025-12-20",0.0],["2025-12-21",0.0],["2025-12-22",0.0],["2025-12-23",0.0],["2025-12-24",0.0],["2025-12-25",-18.00656784],["2025-12-26",0.0],["2025-12-27",0.0],["2025-12-28",0.0],["2025-12-29",0.0],["2025-12-30",0.0],["2025-12-31",0.0],["2026-01-01",0.0],["2026-01-02",0.0],["2026-01-03",0.0],["2026-01-04",1.02776776],["2026-01-05",7.03798524]],"wins":20,"losses":5,"draws":25,"winrate":0.4,"holding_avg":"4:44:00","holding_avg_s":17040.0,"winner_holding_min":"0d 01:00","winner_holding_min_s":3600.0,"winner_holding_max":"0d 02:00","winner_holding_max_s":7200.0,"winner_holding_avg":"0d 01:54","winner_holding_avg_s":6840.0,"loser_holding_min":"0d 01:00","loser_holding_min_s":3600.0,"loser_holding_max":"2d 05:00","loser_holding_max_s":190800.0,"loser_holding_avg":"0d 11:36","loser_holding_avg_s":41760.0,"max_consecutive_wins":5,"max_consecutive_losses":6,"max_drawdown_account":0.026847305647076495,"max_relative_drawdown":0.026847305647076495,"max_drawdown_abs":28.27440839,"drawdown_start":"2025-11-12 11:00:00","drawdown_start_ts":1762945200000.0,"drawdown_end":"2025-11-24 00:00:00","drawdown_end_ts":1763942400000.0,"drawdown_duration":"11 days 13:00:00","drawdown_duration_s":997200.0,"max_drawdown_low":24.881865899999998,"max_drawdown_high":53.15627429,"csum_min":1000.0,"csum_max":1053.15627429}},"strategy_comparison":[{"key":"ACO_15_7","trades":50,"profit_mean":0.0025083450794592403,"profit_mean_pct":0.25,"profit_total_abs":41.48569476,"profit_total":0.041485694760000004,"profit_total_pct":4.15,"duration_avg":"4:44:00","wins":20,"draws":25,"losses":5,"winrate":0.4,"cagr":0.16527223938654378,"expectancy":0.8297138952,"expectancy_ratio":-0.41268770972760427,"sortino":1.1381102531972163,"sharpe":1.4491304401218263,"calmar":30.434933590424006,"sqn":1.0301,"profit_factor":1.8731229027239575,"max_drawdown_account":0.026847305647076495,"max_drawdown_abs":"28.274"}]}