{"strategy":{"ACO_60_3":{"trades":[{"pair":"DOGE/USDT","stake_amount":329.95869,"max_stake_amount":329.95869,"amount":1303.0,"open_date":"2025-10-08 16:00:00+00:00","close_date":"2025-10-08 18:00:00+00:00","open_rate":0.25323,"close_rate":0.26035,"fee_open":0.001,"fee_close":0.001,"trade_duration":120,"profit_ratio":0.026062552540458,"profit_abs":8.60816526,"exit_reason":"roi","initial_stop_loss_abs":0.24057,"initial_stop_loss_ratio":-0.05,"stop_loss_abs":0.24057,"stop_loss_ratio":-0.05,"min_rate":0.25265,"max_rate":0.2611,"is_open":false,"enter_tag":"","leverage":1.0,"is_short":false,"open_timestamp":1759939200000,"close_timestamp":1759946400000,"orders":[{"amount":1303.0,"safe_price":0.25323,"ft_order_side":"buy","order_filled_timestamp":1759939200000,"ft_is_entry":true,"ft_order_tag":"","cost":330.28864868999995},{"amount":1303.0,"safe_price":0.26035,"ft_order_side":"sell","order_filled_timestamp":1759946400000,"ft_is_entry":false,"ft_order_tag":"roi","cost":339.57528605}],"funding_fees":0.0,"weekday":2},{"pair":"DOGE/USDT","stake_amount":332.78952,"max_stake_amount":332.78952,"amount":1753.0,"open_date":"2025-10-12 13:00:00+00:00","close_date":"2025-10-12 14:00:00+00:00","open_rate":0.18984,"close_rate":0.19972156156156154,"fee_open":0.001,"fee_close":0.001,"trade_duration":60,"profit_ratio":0.049950049950049945,"profit_abs":16.639476,"exit_reason":"roi","initial_stop_loss_abs":0.18035,"initial_stop_loss_ratio":-0.05,"stop_loss_abs":0.18035,"stop_loss_ratio":-0.05,"min_rate":0.18624,"max_rate":0.19986,"is_open":false,"enter_tag":"","leverage":1.0,"is_short":false,"open_timestamp":1760274000000,"close_timestamp":1760277600000,"orders":[{"amount":1753.0,"safe_price":0.18984,"ft_order_side":"buy","order_filled_timestamp":1760274000000,"ft_is_entry":true,"ft_order_tag":"","cost":333.12230952},{"amount":1753.0,"safe_price":0.19972156156156154,"ft_order_side":"sell","order_filled_timestamp":1760277600000,"ft_is_entry":false,"ft_order_tag":"roi","cost":350.46200931483475}],"funding_fees":0.0,"weekday":6},{"pair":"DOGE/USDT","stake_amount":338.20401,"max_stake_amount":338.20401,"amount":1831.0,"open_date":"2025-10-18 00:00:00+00:00","close_date":"2025-10-18 02:00:00+00:00","open_rate":0.18471,"close_rate":0.18764,"fee_open":0.001,"fee_close":0.001,"trade_duration":120,"profit_ratio":0.013833007986004574,"profit_abs":4.68305715,"exit_reason":"roi","initial_stop_loss_abs":0.17548,"initial_stop_loss_ratio":-0.05,"stop_loss_abs":0.17548,"stop_loss_ratio":-0.05,"min_rate":0.18426,"max_rate":0.18854,"is_open":false,"enter_tag":"","leverage":1.0,"is_short":false,"open_timestamp":1760745600000,"close_timestamp":1760752800000,"orders":[{"amount":1831.0,"safe_price":0.18471,"ft_order_side":"buy","order_filled_timestamp":1760745600000,"ft_is_entry":true,"ft_order_tag":"","cost":338.54221401},{"amount":1831.0,"safe_price":0.18764,"ft_order_side":"sell","order_filled_timestamp":1760752800000,"ft_is_entry":false,"ft_order_tag":"roi","cost":343.91240884}],"funding_fees":0.0,"weekday":5},{"pair":"DOGE/USDT","stake_amount":339.71151,"max_stake_amount":339.71151,"amount":1751.0,"open_date":"2025-10-23 08:00:00+00:00","close_date":"2025-10-23 10:00:00+00:00","open_rate":0.19401,"close_rate":0.19491,"fee_open":0.001,"fee_close":0.001,"trade_duration":120,"profit_ratio":0.0026316655356395575,"profit_abs":0.89490108,"exit_reason":"roi","initial_stop_loss_abs":0.18431,"initial_stop_loss_ratio":-0.05,"stop_loss_abs":0.18431,"stop_loss_ratio":-0.05,"min_rate":0.19396,"max_rate":0.19598,"is_open":false,"enter_tag":"","leverage":1.0,"is_short":false,"open_timestamp":1761206400000,"close_timestamp":1761213600000,"orders":[{"amount":1751.0,"safe_price":0.19401,"ft_order_side":"buy","order_filled_timestamp":1761206400000,"ft_is_entry":true,"ft_order_tag":"","cost":340.05122150999995},{"amount":1751.0,"safe_price":0.19491,"ft_order_side":"sell","order_filled_timestamp":1761213600000,"ft_is_entry":false,"ft_order_tag":"roi","cost":341.62869741}],"funding_fees":0.0,"weekday":3},{"pair":"DOGE/USDT","stake_amount":340.00317,"max_stake_amount":340.00317,"amount":1833.0,"open_date":"2025-10-31 09:00:00+00:00","close_date":"2025-10-31 11:00:00+00:00","open_rate":0.18549,"close_rate":0.18586135135135132,"fee_open":0.001,"fee_close":0.001,"trade_duration":120,"profit_ratio":0.0,"profit_abs":0.0,"exit_reason":"roi","initial_stop_loss_abs":0.17622,"initial_stop_loss_ratio":-0.05,"stop_loss_abs":0.17622,"stop_loss_ratio":-0.05,"min_rate":0.18498,"max_rate":0.18734,"is_open":false,"enter_tag":"","leverage":1.0,"is_short":false,"open_timestamp":1761901200000,"close_timestamp":1761908400000,"orders":[{"amount":1833.0,"safe_price":0.18549,"ft_order_side":"buy","order_filled_timestamp":1761901200000,"ft_is_entry":true,"ft_order_tag":"","cost":340.34317316999994},{"amount":1833.0,"safe_price":0.18586135135135132,"ft_order_side":"sell","order_filled_timestamp":1761908400000,"ft_is_entry":false,"ft_order_tag":"roi","cost":341.024540884054}],"funding_fees":0.0,"weekday":4},{"pair":"DOGE/USDT","stake_amount":340.16609,"max_stake_amount":340.16609,"amount":2057.0,"open_date":"2025-11-05 07:00:00+00:00","close_date":"2025-11-05 13:00:00+00:00","open_rate":0.16537,"close_rate":0.16570107107107104,"fee_open":0.001,"fee_close":0.001,"trade_duration":360,"profit_ratio":0.0,"profit_abs":0.0,"exit_reason":"roi","initial_stop_loss_abs":0.15711,"initial_stop_loss_ratio":-0.05,"stop_loss_abs":0.15711,"stop_loss_ratio":-0.05,"min_rate":0.161,"max_rate":0.16617,"is_open":false,"enter_tag":"","leverage":1.0,"is_short":false,"open_timestamp":1762326000000,"close_timestamp":1762347600000,"orders":[{"amount":2057.0,"safe_price":0.16537,"ft_order_side":"buy","order_filled_timestamp":1762326000000,"ft_is_entry":true,"ft_order_tag":"","cost":340.50625608999997},{"amount":2057.0,"safe_price":0.16570107107107104,"ft_order_side":"sell","order_filled_timestamp":1762347600000,"ft_is_entry":false,"ft_order_tag":"roi","cost":341.1879502963863}],"funding_fees":0.0,"weekday":2},{"pair":"DOGE/USDT","stake_amount":340.1223,"max_stake_amount":340.1223,"amount":2086.0,"open_date":"2025-11-15 08:00:00+00:00","close_date":"2025-11-15 13:00:00+00:00","open_rate":0.16305,"close_rate":0.16337642642642639,"fee_open":0.001,"fee_close":0.001,"trade_duration":300,"profit_ratio":0.0,"profit_abs":0.0,"exit_reason":"roi","initial_stop_loss_abs":0.1549,"initial_stop_loss_ratio":-0.05,"stop_loss_abs":0.1549,"stop_loss_ratio":-0.05,"min_rate":0.16077,"max_rate":0.16385,"is_open":false,"enter_tag":"","leverage":1.0,"is_short":false,"open_timestamp":1763193600000,"close_timestamp":1763211600000,"orders":[{"amount":2086.0,"safe_price":0.16305,"ft_order_side":"buy","order_filled_timestamp":1763193600000,"ft_is_entry":true,"ft_order_tag":"","cost":340.46242229999996},{"amount":2086.0,"safe_price":0.16337642642642639,"ft_order_side":"sell","order_filled_timestamp":1763211600000,"ft_is_entry":false,"ft_order_tag":"roi","cost":341.1440287510509}],"funding_fees":0.0,"weekday":5},{"pair":"DOGE/USDT","stake_amount":340.13852,"max_stake_amount":340.13852,"amount":2428.0,"open_date":"2025-11-22 22:00:00+00:00","close_date":"2025-11-23 00:00:00+00:00","open_rate":0.14009,"close_rate":0.14037046046046042,"fee_open":0.001,"fee_close":0.001,"trade_duration":120,"profit_ratio":0.0,"profit_abs":0.0,"exit_reason":"roi","initial_stop_loss_abs":0.13309,"initial_stop_loss_ratio":-0.05,"stop_loss_abs":0.13309,"stop_loss_ratio":-0.05,"min_rate":0.13939,"max_rate":0.1424,"is_open":false,"enter_tag":"","leverage":1.0,"is_short":false,"open_timestamp":1763848800000,"close_timestamp":1763856000000,"orders":[{"amount":2428.0,"safe_price":0.14009,"ft_order_side":"buy","order_filled_timestamp":1763848800000,"ft_is_entry":true,"ft_order_tag":"","cost":340.47865851999995},{"amount":2428.0,"safe_price":0.14037046046046042,"ft_order_side":"sell","order_filled_timestamp":1763856000000,"ft_is_entry":false,"ft_order_tag":"roi","cost":341.1602974759959}],"funding_fees":0.0,"weekday":6},{"pair":"DOGE/USDT","stake_amount":340.1096,"max_stake_amount":340.1096,"amount":2488.0,"open_date":"2025-12-02 11:00:00+00:00","close_date":"2025-12-02 13:00:00+00:00","open_rate":0.1367,"close_rate":0.13723,"fee_open":0.001,"fee_close":0.001,"trade_duration":120,"profit_ratio":0.001871354687740935,"profit_abs":0.63710216,"exit_reason":"roi","initial_stop_loss_abs":0.12987,"initial_stop_loss_ratio":-0.05,"stop_loss_abs":0.12987,"stop_loss_ratio":-0.05,"min_rate":0.1362,"max_rate":0.13833,"is_open":false,"enter_tag":"","leverage":1.0,"is_short":false,"open_timestamp":1764673200000,"close_timestamp":1764680400000,"orders":[{"amount":2488.0,"safe_price":0.1367,"ft_order_side":"buy","order_filled_timestamp":1764673200000,"ft_is_entry":true,"ft_order_tag":"","cost":340.4497095999999},{"amount":2488.0,"safe_price":0.13723,"ft_order_side":"sell","order_filled_timestamp":1764680400000,"ft_is_entry":false,"ft_order_tag":"roi","cost":341.76966823999993}],"funding_fees":0.0,"weekday":1}],"locks":[],"best_pair":{"key":"DOGE/USDT","trades":9,"profit_mean":0.010483181188877002,"profit_mean_pct":1.05,"profit_total_abs":31.46270165,"profit_total":0.03146270165,"profit_total_pct":3.15,"duration_avg":"2:40:00","wins":5,"draws":4,"losses":0,"winrate":0.5555555555555556,"cagr":0.12363200530561214,"expectancy":3.495855738888889,"expectancy_ratio":100.0,"sortino":-100,"sharpe":1.143905608129422,"calmar":-100,"sqn":1.8252,"profit_factor":0.0,"max_drawdown_account":0.0,"max_drawdown_abs":0.0},"worst_pair":{"key":"DOGE/USDT","trades":9,"profit_mean":0.010483181188877002,"profit_mean_pct":1.05,"profit_total_abs":31.46270165,"profit_total":0.03146270165,"profit_total_pct":3.15,"duration_avg":"2:40:00","wins":5,"draws":4,"losses":0,"winrate":0.5555555555555556,"cagr":0.12363200530561214,"expectancy":3.495855738888889,"expectancy_ratio":100.0,"sortino":-100,"sharpe":1.143905608129422,"calmar":-100,"sqn":1.8252,"profit_factor":0.0,"max_drawdown_account":0.0,"max_drawdown_abs":0.0},"results_per_pair":[{"key":"DOGE/USDT","trades":9,"profit_mean":0.010483181188877002,"profit_mean_pct":1.05,"profit_total_abs":31.46270165,"profit_total":0.03146270165,"profit_total_pct":3.15,"duration_avg":"2:40:00","wins":5,"draws":4,"losses":0,"winrate":0.5555555555555556,"cagr":0.12363200530561214,"expectancy":3.495855738888889,"expectancy_ratio":100.0,"sortino":-100,"sharpe":1.143905608129422,"calmar":-100,"sqn":1.8252,"profit_factor":0.0,"max_drawdown_account":0.0,"max_drawdown_abs":0.0},{"key":"TOTAL","trades":9,"profit_mean":0.010483181188877002,"profit_mean_pct":1.05,"profit_total_abs":31.46270165,"profit_total":0.03146270165,"profit_total_pct":3.15,"duration_avg":"2:40:00","wins":5,"draws":4,"losses":0,"winrate":0.5555555555555556,"cagr":0.12363200530561214,"expectancy":3.495855738888889,"expectancy_ratio":100.0,"sortino":-100,"sharpe":1.143905608129422,"calmar":-100,"sqn":1.8252,"profit_factor":0.0,"max_drawdown_account":0.0,"max_drawdown_abs":0.0}],"results_per_enter_tag":[{"key":"","trades":9,"profit_mean":0.010483181188877002,"profit_mean_pct":1.05,"profit_total_abs":31.46270165,"profit_total":0.03146270165,"profit_total_pct":3.15,"duration_avg":"2:40:00","wins":5,"draws":4,"losses":0,"winrate":0.5555555555555556,"cagr":0.12363200530561214,"expectancy":3.495855738888889,"expectancy_ratio":100.0,"sortino":-100,"sharpe":1.143905608129422,"calmar":-100,"sqn":1.8252,"profit_factor":0.0,"max_drawdown_account":0.0,"max_drawdown_abs":0.0},{"key":"TOTAL","trades":9,"profit_mean":0.010483181188877002,"profit_mean_pct":1.05,"profit_total_abs":31.46270165,"profit_total":0.03146270165,"profit_total_pct":3.15,"duration_avg":"2:40:00","wins":5,"draws":4,"losses":0,"winrate":0.5555555555555556,"cagr":0.12363200530561214,"expectancy":3.495855738888889,"expectancy_ratio":100.0,"sortino":-100,"sharpe":1.143905608129422,"calmar":-100,"sqn":1.8252,"profit_factor":0.0,"max_drawdown_account":0.0,"max_drawdown_abs":0.0}],"exit_reason_summary":[{"key":"roi","trades":9,"profit_mean":0.010483181188877002,"profit_mean_pct":1.05,"profit_total_abs":31.46270165,"profit_total":0.03146270165,"profit_total_pct":3.15,"duration_avg":"2:40:00","wins":5,"draws":4,"losses":0,"winrate":0.5555555555555556,"cagr":0.12363200530561214,"expectancy":3.495855738888889,"expectancy_ratio":100.0,"sortino":-100,"sharpe":1.143905608129422,"calmar":-100,"sqn":1.8252,"profit_factor":0.0,"max_drawdown_account":0.0,"max_drawdown_abs":0.0},{"key":"TOTAL","trades":9,"profit_mean":0.010483181188877002,"profit_mean_pct":1.05,"profit_total_abs":31.46270165,"profit_total":0.03146270165,"profit_total_pct":3.15,"duration_avg":"2:40:00","wins":5,"draws":4,"losses":0,"winrate":0.5555555555555556,"cagr":0.12363200530561214,"expectancy":3.495855738888889,"expectancy_ratio":100.0,"sortino":-100,"sharpe":1.143905608129422,"calmar":-100,"sqn":1.8252,"profit_factor":0.0,"max_drawdown_account":0.0,"max_drawdown_abs":0.0}],"mix_tag_stats":[{"key":["","roi"],"trades":9,"profit_mean":0.010483181188877002,"profit_mean_pct":1.05,"profit_total_abs":31.46270165,"profit_total":0.03146270165,"profit_total_pct":3.15,"duration_avg":"2:40:00","wins":5,"draws":4,"losses":0,"winrate":0.5555555555555556,"cagr":0.12363200530561214,"expectancy":3.495855738888889,"expectancy_ratio":100.0,"sortino":-100,"sharpe":1.143905608129422,"calmar":-100,"sqn":1.8252,"profit_factor":0.0,"max_drawdown_account":0.0,"max_drawdown_abs":0.0},{"key":"TOTAL","trades":9,"profit_mean":0.010483181188877002,"profit_mean_pct":1.05,"profit_total_abs":31.46270165,"profit_total":0.03146270165,"profit_total_pct":3.15,"duration_avg":"2:40:00","wins":5,"draws":4,"losses":0,"winrate":0.5555555555555556,"cagr":0.12363200530561214,"expectancy":3.495855738888889,"expectancy_ratio":100.0,"sortino":-100,"sharpe":1.143905608129422,"calmar":-100,"sqn":1.8252,"profit_factor":0.0,"max_drawdown_account":0.0,"max_drawdown_abs":0.0}],"left_open_trades":[{"key":"TOTAL","trades":0,"profit_mean":0.0,"profit_mean_pct":0.0,"profit_total_abs":0.0,"profit_total":0.0,"profit_total_pct":0.0,"duration_avg":"0:00","wins":0,"draws":0,"losses":0,"winrate":0.0,"cagr":0.0,"expectancy":0.0,"expectancy_ratio":100.0,"sortino":0,"sharpe":0,"calmar":0,"sqn":0.0,"profit_factor":0.0,"max_drawdown_account":0.0,"max_drawdown_abs":0.0}],"total_trades":9,"trade_count_long":9,"trade_count_short":0,"total_volume":6126.109500672321,"avg_stake_amount":337.91149,"profit_mean":0.010483181188877002,"profit_median":0.001871354687740935,"profit_total":0.03146270165,"profit_total_long":0.03146270165,"profit_total_short":0.0,"profit_total_abs":31.46270165,"profit_total_long_abs":31.46270165,"profit_total_short_abs":0.0,"cagr":0.12363200530561214,"expectancy":3.495855738888889,"expectancy_ratio":100.0,"sortino":-100,"sharpe":1.143905608129422,"calmar":-100,"sqn":1.8252,"profit_factor":0.0,"backtest_start":"2025-10-01 00:00:00","backtest_start_ts":1759276800000,"backtest_end":"2026-01-06 20:00:00","backtest_end_ts":1767729600000,"backtest_days":97,"backtest_run_start_ts":1767752392,"backtest_run_end_ts":1767752392,"trades_per_day":0.09,"market_change":-0.36632086436227446,"pairlist":["DOGE/USDT"],"stake_amount":"unlimited","stake_currency":"USDT","stake_currency_decimals":3,"starting_balance":1000,"dry_run_wallet":1000,"final_balance":1031.46270165,"rejected_signals":0,"timedout_entry_orders":0,"timedout_exit_orders":0,"canceled_trade_entries":0,"canceled_entry_orders":0,"replaced_entry_orders":0,"max_open_trades":1,"max_open_trades_setting":3,"timeframe":"1h","timeframe_detail":"","timerange":"20251001-","enable_protections":false,"strategy_name":"ACO_60_3","freqaimodel":null,"freqai_identifier":null,"stoploss":-0.05,"trailing_stop":false,"trailing_stop_positive":null,"trailing_stop_positive_offset":0.0,"trailing_only_offset_is_reached":false,"use_custom_stoploss":false,"minimal_roi":{"0":0.1,"60":0.05,"120":0.0},"use_exit_signal":true,"exit_profit_only":false,"exit_profit_offset":0.0,"ignore_roi_if_entry_signal":false,"trading_mode":"spot","margin_mode":"","periodic_breakdown":{"day":[{"date":"08/10/2025","date_ts":1759881600000,"profit_abs":8.60816526,"wins":1,"draws":0,"losses":0,"trades":1,"profit_factor":0.0},{"date":"09/10/2025","date_ts":1759968000000,"profit_abs":0.0,"wins":0,"draws":0,"losses":0,"trades":0,"profit_factor":0.0},{"date":"10/10/2025","date_ts":1760054400000,"profit_abs":0.0,"wins":0,"draws":0,"losses":0,"trades":0,"profit_factor":0.0},{"date":"11/10/2025","date_ts":1760140800000,"profit_abs":0.0,"wins":0,"draws":0,"losses":0,"trades":0,"profit_factor":0.0},{"date":"12/10/2025","date_ts":1760227200000,"profit_abs":16.639476,"wins":1,"draws":0,"losses":0,"trades":1,"profit_factor":0.0},{"date":"13/10/2025","date_ts":1760313600000,"profit_abs":0.0,"wins":0,"draws":0,"losses":0,"trades":0,"profit_factor":0.0},{"date":"14/10/2025","date_ts":1760400000000,"profit_abs":0.0,"wins":0,"draws":0,"losses":0,"trades":0,"profit_factor":0.0},{"date":"15/10/2025","date_ts":1760486400000,"profit_abs":0.0,"wins":0,"draws":0,"losses":0,"trades":0,"profit_factor":0.0},{"date":"16/10/2025","date_ts":1760572800000,"profit_abs":0.0,"wins":0,"draws":0,"losses":0,"trades":0,"profit_factor":0.0},{"date":"17/10/2025","date_ts":1760659200000,"profit_abs":0.0,"wins":0,"draws":0,"losses":0,"trades":0,"profit_factor":0.0},{"date":"18/10/2025","date_ts":1760745600000,"profit_abs":4.68305715,"wins":1,"draws":0,"losses":0,"trades":1,"profit_factor":0.0},{"date":"19/10/2025","date_ts":1760832000000,"profit_abs":0.0,"wins":0,"draws":0,"losses":0,"trades":0,"profit_factor":0.0},{"date":"20/10/2025","date_ts":1760918400000,"profit_abs":0.0,"wins":0,"draws":0,"losses":0,"trades":0,"profit_factor":0.0},{"date":"21/10/2025","date_ts":1761004800000,"profit_abs":0.0,"wins":0,"draws":0,"losses":0,"trades":0,"profit_factor":0.0},{"date":"22/10/2025","date_ts":1761091200000,"profit_abs":0.0,"wins":0,"draws":0,"losses":0,"trades":0,"profit_factor":0.0},{"date":"23/10/2025","date_ts":1761177600000,"profit_abs":0.89490108,"wins":1,"draws":0,"losses":0,"trades":1,"profit_factor":0.0},{"date":"24/10/2025","date_ts":1761264000000,"profit_abs":0.0,"wins":0,"draws":0,"losses":0,"trades":0,"profit_factor":0.0},{"date":"25/10/2025","date_ts":1761350400000,"profit_abs":0.0,"wins":0,"draws":0,"losses":0,"trades":0,"profit_factor":0.0},{"date":"26/10/2025","date_ts":1761436800000,"profit_abs":0.0,"wins":0,"draws":0,"losses":0,"trades":0,"profit_factor":0.0},{"date":"27/10/2025","date_ts":1761523200000,"profit_abs":0.0,"wins":0,"draws":0,"losses":0,"trades":0,"profit_factor":0.0},{"date":"28/10/2025","date_ts":1761609600000,"profit_abs":0.0,"wins":0,"draws":0,"losses":0,"trades":0,"profit_factor":0.0},{"date":"29/10/2025","date_ts":1761696000000,"profit_abs":0.0,"wins":0,"draws":0,"losses":0,"trades":0,"profit_factor":0.0},{"date":"30/10/2025","date_ts":1761782400000,"profit_abs":0.0,"wins":0,"draws":0,"losses":0,"trades":0,"profit_factor":0.0},{"date":"31/10/2025","date_ts":1761868800000,"profit_abs":0.0,"wins":0,"draws":1,"losses":0,"trades":1,"profit_factor":0.0},{"date":"01/11/2025","date_ts":1761955200000,"profit_abs":0.0,"wins":0,"draws":0,"losses":0,"trades":0,"profit_factor":0.0},{"date":"02/11/2025","date_ts":1762041600000,"profit_abs":0.0,"wins":0,"draws":0,"losses":0,"trades":0,"profit_factor":0.0},{"date":"03/11/2025","date_ts":1762128000000,"profit_abs":0.0,"wins":0,"draws":0,"losses":0,"trades":0,"profit_factor":0.0},{"date":"04/11/2025","date_ts":1762214400000,"profit_abs":0.0,"wins":0,"draws":0,"losses":0,"trades":0,"profit_factor":0.0},{"date":"05/11/2025","date_ts":1762300800000,"profit_abs":0.0,"wins":0,"draws":1,"losses":0,"trades":1,"profit_factor":0.0},{"date":"06/11/2025","date_ts":1762387200000,"profit_abs":0.0,"wins":0,"draws":0,"losses":0,"trades":0,"profit_factor":0.0},{"date":"07/11/2025","date_ts":1762473600000,"profit_abs":0.0,"wins":0,"draws":0,"losses":0,"trades":0,"profit_factor":0.0},{"date":"08/11/2025","date_ts":1762560000000,"profit_abs":0.0,"wins":0,"draws":0,"losses":0,"trades":0,"profit_factor":0.0},{"date":"09/11/2025","date_ts":1762646400000,"profit_abs":0.0,"wins":0,"draws":0,"losses":0,"trades":0,"profit_factor":0.0},{"date":"10/11/2025","date_ts":1762732800000,"profit_abs":0.0,"wins":0,"draws":0,"losses":0,"trades":0,"profit_factor":0.0},{"date":"11/11/2025","date_ts":1762819200000,"profit_abs":0.0,"wins":0,"draws":0,"losses":0,"trades":0,"profit_factor":0.0},{"date":"12/11/2025","date_ts":1762905600000,"profit_abs":0.0,"wins":0,"draws":0,"losses":0,"trades":0,"profit_factor":0.0},{"date":"13/11/2025","date_ts":1762992000000,"profit_abs":0.0,"wins":0,"draws":0,"losses":0,"trades":0,"profit_factor":0.0},{"date":"14/11/2025","date_ts":1763078400000,"profit_abs":0.0,"wins":0,"draws":0,"losses":0,"trades":0,"profit_factor":0.0},{"date":"15/11/2025","date_ts":1763164800000,"profit_abs":0.0,"wins":0,"draws":1,"losses":0,"trades":1,"profit_factor":0.0},{"date":"16/11/2025","date_ts":1763251200000,"profit_abs":0.0,"wins":0,"draws":0,"losses":0,"trades":0,"profit_factor":0.0},{"date":"17/11/2025","date_ts":1763337600000,"profit_abs":0.0,"wins":0,"draws":0,"losses":0,"trades":0,"profit_factor":0.0},{"date":"18/11/2025","date_ts":1763424000000,"profit_abs":0.0,"wins":0,"draws":0,"losses":0,"trades":0,"profit_factor":0.0},{"date":"19/11/2025","date_ts":1763510400000,"profit_abs":0.0,"wins":0,"draws":0,"losses":0,"trades":0,"profit_factor":0.0},{"date":"20/11/2025","date_ts":1763596800000,"profit_abs":0.0,"wins":0,"draws":0,"losses":0,"trades":0,"profit_factor":0.0},{"date":"21/11/2025","date_ts":1763683200000,"profit_abs":0.0,"wins":0,"draws":0,"losses":0,"trades":0,"profit_factor":0.0},{"date":"22/11/2025","date_ts":1763769600000,"profit_abs":0.0,"wins":0,"draws":0,"losses":0,"trades":0,"profit_factor":0.0},{"date":"23/11/2025","date_ts":1763856000000,"profit_abs":0.0,"wins":0,"draws":1,"losses":0,"trades":1,"profit_factor":0.0},{"date":"24/11/2025","date_ts":1763942400000,"profit_abs":0.0,"wins":0,"draws":0,"losses":0,"trades":0,"profit_factor":0.0},{"date":"25/11/2025","date_ts":1764028800000,"profit_abs":0.0,"wins":0,"draws":0,"losses":0,"trades":0,"profit_factor":0.0},{"date":"26/11/2025","date_ts":1764115200000,"profit_abs":0.0,"wins":0,"draws":0,"losses":0,"trades":0,"profit_factor":0.0},{"date":"27/11/2025","date_ts":1764201600000,"profit_abs":0.0,"wins":0,"draws":0,"losses":0,"trades":0,"profit_factor":0.0},{"date":"28/11/2025","date_ts":1764288000000,"profit_abs":0.0,"wins":0,"draws":0,"losses":0,"trades":0,"profit_factor":0.0},{"date":"29/11/2025","date_ts":1764374400000,"profit_abs":0.0,"wins":0,"draws":0,"losses":0,"trades":0,"profit_factor":0.0},{"date":"30/11/2025","date_ts":1764460800000,"profit_abs":0.0,"wins":0,"draws":0,"losses":0,"trades":0,"profit_factor":0.0},{"date":"01/12/2025","date_ts":1764547200000,"profit_abs":0.0,"wins":0,"draws":0,"losses":0,"trades":0,"profit_factor":0.0},{"date":"02/12/2025","date_ts":1764633600000,"profit_abs":0.63710216,"wins":1,"draws":0,"losses":0,"trades":1,"profit_factor":0.0}],"week":[{"date":"13/10/2025","date_ts":1760313600000,"profit_abs":25.24764126,"wins":2,"draws":0,"losses":0,"trades":2,"profit_factor":0.0},{"date":"20/10/2025","date_ts":1760918400000,"profit_abs":4.68305715,"wins":1,"draws":0,"losses":0,"trades":1,"profit_factor":0.0},{"date":"27/10/2025","date_ts":1761523200000,"profit_abs":0.89490108,"wins":1,"draws":0,"losses":0,"trades":1,"profit_factor":0.0},{"date":"03/11/2025","date_ts":1762128000000,"profit_abs":0.0,"wins":0,"draws":1,"losses":0,"trades":1,"profit_factor":0.0},{"date":"10/11/2025","date_ts":1762732800000,"profit_abs":0.0,"wins":0,"draws":1,"losses":0,"trades":1,"profit_factor":0.0},{"date":"17/11/2025","date_ts":1763337600000,"profit_abs":0.0,"wins":0,"draws":1,"losses":0,"trades":1,"profit_factor":0.0},{"date":"24/11/2025","date_ts":1763942400000,"profit_abs":0.0,"wins":0,"draws":1,"losses":0,"trades":1,"profit_factor":0.0},{"date":"01/12/2025","date_ts":1764547200000,"profit_abs":0.0,"wins":0,"draws":0,"losses":0,"trades":0,"profit_factor":0.0},{"date":"08/12/2025","date_ts":1765152000000,"profit_abs":0.63710216,"wins":1,"draws":0,"losses":0,"trades":1,"profit_factor":0.0}],"month":[{"date":"31/10/2025","date_ts":1761868800000,"profit_abs":30.82559949,"wins":4,"draws":1,"losses":0,"trades":5,"profit_factor":0.0},{"date":"30/11/2025","date_ts":1764460800000,"profit_abs":0.0,"wins":0,"draws":3,"losses":0,"trades":3,"profit_factor":0.0},{"date":"31/12/2025","date_ts":1767139200000,"profit_abs":0.63710216,"wins":1,"draws":0,"losses":0,"trades":1,"profit_factor":0.0}],"year":[{"date":"31/12/2025","date_ts":1767139200000,"profit_abs":31.46270165,"wins":5,"draws":4,"losses":0,"trades":9,"profit_factor":0.0}],"weekday":[{"date":"Tuesday","date_ts":1,"profit_abs":0.63710216,"wins":1,"draws":0,"losses":0,"trades":1,"profit_factor":0.0},{"date":"Wednesday","date_ts":2,"profit_abs":8.60816526,"wins":1,"draws":1,"losses":0,"trades":2,"profit_factor":0.0},{"date":"Thursday","date_ts":3,"profit_abs":0.89490108,"wins":1,"draws":0,"losses":0,"trades":1,"profit_factor":0.0},{"date":"Friday","date_ts":4,"profit_abs":0.0,"wins":0,"draws":1,"losses":0,"trades":1,"profit_factor":0.0},{"date":"Saturday","date_ts":5,"profit_abs":4.68305715,"wins":1,"draws":1,"losses":0,"trades":2,"profit_factor":0.0},{"date":"Sunday","date_ts":6,"profit_abs":16.639476,"wins":1,"draws":1,"losses":0,"trades":2,"profit_factor":0.0}]},"backtest_best_day":0.049950049950049945,"backtest_worst_day":0.0,"backtest_best_day_abs":16.639476,"backtest_worst_day_abs":0.0,"winning_days":5,"draw_days":51,"losing_days":0,"daily_profit":[["2025-10-08",8.60816526],["2025-10-09",0.0],["2025-10-10",0.0],["2025-10-11",0.0],["2025-10-12",16.639476],["2025-10-13",0.0],["2025-10-14",0.0],["2025-10-15",0.0],["2025-10-16",0.0],["2025-10-17",0.0],["2025-10-18",4.68305715],["2025-10-19",0.0],["2025-10-20",0.0],["2025-10-21",0.0],["2025-10-22",0.0],["2025-10-23",0.89490108],["2025-10-24",0.0],["2025-10-25",0.0],["2025-10-26",0.0],["2025-10-27",0.0],["2025-10-28",0.0],["2025-10-29",0.0],["2025-10-30",0.0],["2025-10-31",0.0],["2025-11-01",0.0],["2025-11-02",0.0],["2025-11-03",0.0],["2025-11-04",0.0],["2025-11-05",0.0],["2025-11-06",0.0],["2025-11-07",0.0],["2025-11-08",0.0],["2025-11-09",0.0],["2025-11-10",0.0],["2025-11-11",0.0],["2025-11-12",0.0],["2025-11-13",0.0],["2025-11-14",0.0],["2025-11-15",0.0],["2025-11-16",0.0],["2025-11-17",0.0],["2025-11-18",0.0],["2025-11-19",0.0],["2025-11-20",0.0],["2025-11-21",0.0],["2025-11-22",0.0],["2025-11-23",0.0],["2025-11-24",0.0],["2025-11-25",0.0],["2025-11-26",0.0],["2025-11-27",0.0],["2025-11-28",0.0],["2025-11-29",0.0],["2025-11-30",0.0],["2025-12-01",0.0],["2025-12-02",0.63710216]],"wins":5,"losses":0,"draws":4,"winrate":0.5555555555555556,"holding_avg":"2:40:00","holding_avg_s":9600.0,"winner_holding_min":"0d 01:00","winner_holding_min_s":3600.0,"winner_holding_max":"0d 02:00","winner_holding_max_s":7200.0,"winner_holding_avg":"0d 01:48","winner_holding_avg_s":6480.0,"loser_holding_min":"0d 00:00","loser_holding_min_s":0.0,"loser_holding_max":"0d 00:00","loser_holding_max_s":0.0,"loser_holding_avg":"0d 00:00","loser_holding_avg_s":0.0,"max_consecutive_wins":4,"max_consecutive_losses":4,"max_drawdown_account":0.0,"max_relative_drawdown":0.0,"max_drawdown_abs":0.0,"drawdown_start":"2025-10-08 18:00:00","drawdown_start_ts":1759946400000.0,"drawdown_end":"2025-10-08 18:00:00","drawdown_end_ts":1759946400000.0,"drawdown_duration":"0 days 00:00:00","drawdown_duration_s":0.0,"max_drawdown_low":0.0,"max_drawdown_high":0.0,"csum_min":1008.60816526,"csum_max":1031.46270165}},"strategy_comparison":[{"key":"ACO_60_3","trades":9,"profit_mean":0.010483181188877002,"profit_mean_pct":1.05,"profit_total_abs":31.46270165,"profit_total":0.03146270165,"profit_total_pct":3.15,"duration_avg":"2:40:00","wins":5,"draws":4,"losses":0,"winrate":0.5555555555555556,"cagr":0.12363200530561214,"expectancy":3.495855738888889,"expectancy_ratio":100.0,"sortino":-100,"sharpe":1.143905608129422,"calmar":-100,"sqn":1.8252,"profit_factor":0.0,"max_drawdown_account":0.0,"max_drawdown_abs":"0"}]}