{"strategy":{"ACO_26_5":{"trades":[{"pair":"DOGE/USDT","stake_amount":329.94192,"max_stake_amount":329.94192,"amount":1738.0,"open_date":"2025-10-12 13:00:00+00:00","close_date":"2025-10-12 14:00:00+00:00","open_rate":0.18984,"close_rate":0.19972156156156154,"fee_open":0.001,"fee_close":0.001,"trade_duration":60,"profit_ratio":0.04995004995004995,"profit_abs":16.497096,"exit_reason":"roi","initial_stop_loss_abs":0.18035,"initial_stop_loss_ratio":-0.05,"stop_loss_abs":0.18035,"stop_loss_ratio":-0.05,"min_rate":0.18624,"max_rate":0.19986,"is_open":false,"enter_tag":"","leverage":1.0,"is_short":false,"open_timestamp":1760274000000,"close_timestamp":1760277600000,"orders":[{"amount":1738.0,"safe_price":0.18984,"ft_order_side":"buy","order_filled_timestamp":1760274000000,"ft_is_entry":true,"ft_order_tag":"","cost":330.27186192},{"amount":1738.0,"safe_price":0.19972156156156154,"ft_order_side":"sell","order_filled_timestamp":1760277600000,"ft_is_entry":false,"ft_order_tag":"roi","cost":347.4631900679879}],"funding_fees":0.0,"weekday":6},{"pair":"DOGE/USDT","stake_amount":335.36592,"max_stake_amount":335.36592,"amount":1808.0,"open_date":"2025-10-31 09:00:00+00:00","close_date":"2025-10-31 11:00:00+00:00","open_rate":0.18549,"close_rate":0.18586135135135132,"fee_open":0.001,"fee_close":0.001,"trade_duration":120,"profit_ratio":0.0,"profit_abs":0.0,"exit_reason":"roi","initial_stop_loss_abs":0.17622,"initial_stop_loss_ratio":-0.05,"stop_loss_abs":0.17622,"stop_loss_ratio":-0.05,"min_rate":0.18498,"max_rate":0.18734,"is_open":false,"enter_tag":"","leverage":1.0,"is_short":false,"open_timestamp":1761901200000,"close_timestamp":1761908400000,"orders":[{"amount":1808.0,"safe_price":0.18549,"ft_order_side":"buy","order_filled_timestamp":1761901200000,"ft_is_entry":true,"ft_order_tag":"","cost":335.7012859199999},{"amount":1808.0,"safe_price":0.18586135135135132,"ft_order_side":"sell","order_filled_timestamp":1761908400000,"ft_is_entry":false,"ft_order_tag":"roi","cost":336.3733605664864}],"funding_fees":0.0,"weekday":4}],"locks":[],"best_pair":{"key":"DOGE/USDT","trades":2,"profit_mean":0.024975024975024976,"profit_mean_pct":2.5,"profit_total_abs":16.497096,"profit_total":0.016497096,"profit_total_pct":1.65,"duration_avg":"1:30:00","wins":1,"draws":1,"losses":0,"winrate":0.5,"cagr":0.0635051748348121,"expectancy":8.248548,"expectancy_ratio":100.0,"sortino":-100,"sharpe":0.3939169726709855,"calmar":-100,"sqn":1.0,"profit_factor":0.0,"max_drawdown_account":0.0,"max_drawdown_abs":0.0},"worst_pair":{"key":"DOGE/USDT","trades":2,"profit_mean":0.024975024975024976,"profit_mean_pct":2.5,"profit_total_abs":16.497096,"profit_total":0.016497096,"profit_total_pct":1.65,"duration_avg":"1:30:00","wins":1,"draws":1,"losses":0,"winrate":0.5,"cagr":0.0635051748348121,"expectancy":8.248548,"expectancy_ratio":100.0,"sortino":-100,"sharpe":0.3939169726709855,"calmar":-100,"sqn":1.0,"profit_factor":0.0,"max_drawdown_account":0.0,"max_drawdown_abs":0.0},"results_per_pair":[{"key":"DOGE/USDT","trades":2,"profit_mean":0.024975024975024976,"profit_mean_pct":2.5,"profit_total_abs":16.497096,"profit_total":0.016497096,"profit_total_pct":1.65,"duration_avg":"1:30:00","wins":1,"draws":1,"losses":0,"winrate":0.5,"cagr":0.0635051748348121,"expectancy":8.248548,"expectancy_ratio":100.0,"sortino":-100,"sharpe":0.3939169726709855,"calmar":-100,"sqn":1.0,"profit_factor":0.0,"max_drawdown_account":0.0,"max_drawdown_abs":0.0},{"key":"TOTAL","trades":2,"profit_mean":0.024975024975024976,"profit_mean_pct":2.5,"profit_total_abs":16.497096,"profit_total":0.016497096,"profit_total_pct":1.65,"duration_avg":"1:30:00","wins":1,"draws":1,"losses":0,"winrate":0.5,"cagr":0.0635051748348121,"expectancy":8.248548,"expectancy_ratio":100.0,"sortino":-100,"sharpe":0.3939169726709855,"calmar":-100,"sqn":1.0,"profit_factor":0.0,"max_drawdown_account":0.0,"max_drawdown_abs":0.0}],"results_per_enter_tag":[{"key":"","trades":2,"profit_mean":0.024975024975024976,"profit_mean_pct":2.5,"profit_total_abs":16.497096,"profit_total":0.016497096,"profit_total_pct":1.65,"duration_avg":"1:30:00","wins":1,"draws":1,"losses":0,"winrate":0.5,"cagr":0.0635051748348121,"expectancy":8.248548,"expectancy_ratio":100.0,"sortino":-100,"sharpe":0.3939169726709855,"calmar":-100,"sqn":1.0,"profit_factor":0.0,"max_drawdown_account":0.0,"max_drawdown_abs":0.0},{"key":"TOTAL","trades":2,"profit_mean":0.024975024975024976,"profit_mean_pct":2.5,"profit_total_abs":16.497096,"profit_total":0.016497096,"profit_total_pct":1.65,"duration_avg":"1:30:00","wins":1,"draws":1,"losses":0,"winrate":0.5,"cagr":0.0635051748348121,"expectancy":8.248548,"expectancy_ratio":100.0,"sortino":-100,"sharpe":0.3939169726709855,"calmar":-100,"sqn":1.0,"profit_factor":0.0,"max_drawdown_account":0.0,"max_drawdown_abs":0.0}],"exit_reason_summary":[{"key":"roi","trades":2,"profit_mean":0.024975024975024976,"profit_mean_pct":2.5,"profit_total_abs":16.497096,"profit_total":0.016497096,"profit_total_pct":1.65,"duration_avg":"1:30:00","wins":1,"draws":1,"losses":0,"winrate":0.5,"cagr":0.0635051748348121,"expectancy":8.248548,"expectancy_ratio":100.0,"sortino":-100,"sharpe":0.3939169726709855,"calmar":-100,"sqn":1.0,"profit_factor":0.0,"max_drawdown_account":0.0,"max_drawdown_abs":0.0},{"key":"TOTAL","trades":2,"profit_mean":0.024975024975024976,"profit_mean_pct":2.5,"profit_total_abs":16.497096,"profit_total":0.016497096,"profit_total_pct":1.65,"duration_avg":"1:30:00","wins":1,"draws":1,"losses":0,"winrate":0.5,"cagr":0.0635051748348121,"expectancy":8.248548,"expectancy_ratio":100.0,"sortino":-100,"sharpe":0.3939169726709855,"calmar":-100,"sqn":1.0,"profit_factor":0.0,"max_drawdown_account":0.0,"max_drawdown_abs":0.0}],"mix_tag_stats":[{"key":["","roi"],"trades":2,"profit_mean":0.024975024975024976,"profit_mean_pct":2.5,"profit_total_abs":16.497096,"profit_total":0.016497096,"profit_total_pct":1.65,"duration_avg":"1:30:00","wins":1,"draws":1,"losses":0,"winrate":0.5,"cagr":0.0635051748348121,"expectancy":8.248548,"expectancy_ratio":100.0,"sortino":-100,"sharpe":0.3939169726709855,"calmar":-100,"sqn":1.0,"profit_factor":0.0,"max_drawdown_account":0.0,"max_drawdown_abs":0.0},{"key":"TOTAL","trades":2,"profit_mean":0.024975024975024976,"profit_mean_pct":2.5,"profit_total_abs":16.497096,"profit_total":0.016497096,"profit_total_pct":1.65,"duration_avg":"1:30:00","wins":1,"draws":1,"losses":0,"winrate":0.5,"cagr":0.0635051748348121,"expectancy":8.248548,"expectancy_ratio":100.0,"sortino":-100,"sharpe":0.3939169726709855,"calmar":-100,"sqn":1.0,"profit_factor":0.0,"max_drawdown_account":0.0,"max_drawdown_abs":0.0}],"left_open_trades":[{"key":"TOTAL","trades":0,"profit_mean":0.0,"profit_mean_pct":0.0,"profit_total_abs":0.0,"profit_total":0.0,"profit_total_pct":0.0,"duration_avg":"0:00","wins":0,"draws":0,"losses":0,"winrate":0.0,"cagr":0.0,"expectancy":0.0,"expectancy_ratio":100.0,"sortino":0,"sharpe":0,"calmar":0,"sqn":0.0,"profit_factor":0.0,"max_drawdown_account":0.0,"max_drawdown_abs":0.0}],"total_trades":2,"trade_count_long":2,"trade_count_short":0,"total_volume":1349.809698474474,"avg_stake_amount":332.65391999999997,"profit_mean":0.024975024975024976,"profit_median":0.024975024975024976,"profit_total":0.016497096,"profit_total_long":0.016497096,"profit_total_short":0.0,"profit_total_abs":16.497096,"profit_total_long_abs":16.497096,"profit_total_short_abs":0.0,"cagr":0.0635051748348121,"expectancy":8.248548,"expectancy_ratio":100.0,"sortino":-100,"sharpe":0.3939169726709855,"calmar":-100,"sqn":1.0,"profit_factor":0.0,"backtest_start":"2025-10-01 00:00:00","backtest_start_ts":1759276800000,"backtest_end":"2026-01-06 20:00:00","backtest_end_ts":1767729600000,"backtest_days":97,"backtest_run_start_ts":1767751531,"backtest_run_end_ts":1767751531,"trades_per_day":0.02,"market_change":-0.36632086436227446,"pairlist":["DOGE/USDT"],"stake_amount":"unlimited","stake_currency":"USDT","stake_currency_decimals":3,"starting_balance":1000,"dry_run_wallet":1000,"final_balance":1016.497096,"rejected_signals":0,"timedout_entry_orders":0,"timedout_exit_orders":0,"canceled_trade_entries":0,"canceled_entry_orders":0,"replaced_entry_orders":0,"max_open_trades":1,"max_open_trades_setting":3,"timeframe":"1h","timeframe_detail":"","timerange":"20251001-","enable_protections":false,"strategy_name":"ACO_26_5","freqaimodel":null,"freqai_identifier":null,"stoploss":-0.05,"trailing_stop":false,"trailing_stop_positive":null,"trailing_stop_positive_offset":0.0,"trailing_only_offset_is_reached":false,"use_custom_stoploss":false,"minimal_roi":{"0":0.1,"60":0.05,"120":0.0},"use_exit_signal":true,"exit_profit_only":false,"exit_profit_offset":0.0,"ignore_roi_if_entry_signal":false,"trading_mode":"spot","margin_mode":"","periodic_breakdown":{"day":[{"date":"12/10/2025","date_ts":1760227200000,"profit_abs":16.497096,"wins":1,"draws":0,"losses":0,"trades":1,"profit_factor":0.0},{"date":"13/10/2025","date_ts":1760313600000,"profit_abs":0.0,"wins":0,"draws":0,"losses":0,"trades":0,"profit_factor":0.0},{"date":"14/10/2025","date_ts":1760400000000,"profit_abs":0.0,"wins":0,"draws":0,"losses":0,"trades":0,"profit_factor":0.0},{"date":"15/10/2025","date_ts":1760486400000,"profit_abs":0.0,"wins":0,"draws":0,"losses":0,"trades":0,"profit_factor":0.0},{"date":"16/10/2025","date_ts":1760572800000,"profit_abs":0.0,"wins":0,"draws":0,"losses":0,"trades":0,"profit_factor":0.0},{"date":"17/10/2025","date_ts":1760659200000,"profit_abs":0.0,"wins":0,"draws":0,"losses":0,"trades":0,"profit_factor":0.0},{"date":"18/10/2025","date_ts":1760745600000,"profit_abs":0.0,"wins":0,"draws":0,"losses":0,"trades":0,"profit_factor":0.0},{"date":"19/10/2025","date_ts":1760832000000,"profit_abs":0.0,"wins":0,"draws":0,"losses":0,"trades":0,"profit_factor":0.0},{"date":"20/10/2025","date_ts":1760918400000,"profit_abs":0.0,"wins":0,"draws":0,"losses":0,"trades":0,"profit_factor":0.0},{"date":"21/10/2025","date_ts":1761004800000,"profit_abs":0.0,"wins":0,"draws":0,"losses":0,"trades":0,"profit_factor":0.0},{"date":"22/10/2025","date_ts":1761091200000,"profit_abs":0.0,"wins":0,"draws":0,"losses":0,"trades":0,"profit_factor":0.0},{"date":"23/10/2025","date_ts":1761177600000,"profit_abs":0.0,"wins":0,"draws":0,"losses":0,"trades":0,"profit_factor":0.0},{"date":"24/10/2025","date_ts":1761264000000,"profit_abs":0.0,"wins":0,"draws":0,"losses":0,"trades":0,"profit_factor":0.0},{"date":"25/10/2025","date_ts":1761350400000,"profit_abs":0.0,"wins":0,"draws":0,"losses":0,"trades":0,"profit_factor":0.0},{"date":"26/10/2025","date_ts":1761436800000,"profit_abs":0.0,"wins":0,"draws":0,"losses":0,"trades":0,"profit_factor":0.0},{"date":"27/10/2025","date_ts":1761523200000,"profit_abs":0.0,"wins":0,"draws":0,"losses":0,"trades":0,"profit_factor":0.0},{"date":"28/10/2025","date_ts":1761609600000,"profit_abs":0.0,"wins":0,"draws":0,"losses":0,"trades":0,"profit_factor":0.0},{"date":"29/10/2025","date_ts":1761696000000,"profit_abs":0.0,"wins":0,"draws":0,"losses":0,"trades":0,"profit_factor":0.0},{"date":"30/10/2025","date_ts":1761782400000,"profit_abs":0.0,"wins":0,"draws":0,"losses":0,"trades":0,"profit_factor":0.0},{"date":"31/10/2025","date_ts":1761868800000,"profit_abs":0.0,"wins":0,"draws":1,"losses":0,"trades":1,"profit_factor":0.0}],"week":[{"date":"13/10/2025","date_ts":1760313600000,"profit_abs":16.497096,"wins":1,"draws":0,"losses":0,"trades":1,"profit_factor":0.0},{"date":"20/10/2025","date_ts":1760918400000,"profit_abs":0.0,"wins":0,"draws":0,"losses":0,"trades":0,"profit_factor":0.0},{"date":"27/10/2025","date_ts":1761523200000,"profit_abs":0.0,"wins":0,"draws":0,"losses":0,"trades":0,"profit_factor":0.0},{"date":"03/11/2025","date_ts":1762128000000,"profit_abs":0.0,"wins":0,"draws":1,"losses":0,"trades":1,"profit_factor":0.0}],"month":[{"date":"31/10/2025","date_ts":1761868800000,"profit_abs":16.497096,"wins":1,"draws":1,"losses":0,"trades":2,"profit_factor":0.0}],"year":[{"date":"31/12/2025","date_ts":1767139200000,"profit_abs":16.497096,"wins":1,"draws":1,"losses":0,"trades":2,"profit_factor":0.0}],"weekday":[{"date":"Friday","date_ts":4,"profit_abs":0.0,"wins":0,"draws":1,"losses":0,"trades":1,"profit_factor":0.0},{"date":"Sunday","date_ts":6,"profit_abs":16.497096,"wins":1,"draws":0,"losses":0,"trades":1,"profit_factor":0.0}]},"backtest_best_day":0.04995004995004995,"backtest_worst_day":0.0,"backtest_best_day_abs":16.497096,"backtest_worst_day_abs":0.0,"winning_days":1,"draw_days":19,"losing_days":0,"daily_profit":[["2025-10-12",16.497096],["2025-10-13",0.0],["2025-10-14",0.0],["2025-10-15",0.0],["2025-10-16",0.0],["2025-10-17",0.0],["2025-10-18",0.0],["2025-10-19",0.0],["2025-10-20",0.0],["2025-10-21",0.0],["2025-10-22",0.0],["2025-10-23",0.0],["2025-10-24",0.0],["2025-10-25",0.0],["2025-10-26",0.0],["2025-10-27",0.0],["2025-10-28",0.0],["2025-10-29",0.0],["2025-10-30",0.0],["2025-10-31",0.0]],"wins":1,"losses":0,"draws":1,"winrate":0.5,"holding_avg":"1:30:00","holding_avg_s":5400.0,"winner_holding_min":"0d 01:00","winner_holding_min_s":3600.0,"winner_holding_max":"0d 01:00","winner_holding_max_s":3600.0,"winner_holding_avg":"0d 01:00","winner_holding_avg_s":3600.0,"loser_holding_min":"0d 00:00","loser_holding_min_s":0.0,"loser_holding_max":"0d 00:00","loser_holding_max_s":0.0,"loser_holding_avg":"0d 00:00","loser_holding_avg_s":0.0,"max_consecutive_wins":1,"max_consecutive_losses":1,"max_drawdown_account":0.0,"max_relative_drawdown":0.0,"max_drawdown_abs":0.0,"drawdown_start":"2025-10-12 14:00:00","drawdown_start_ts":1760277600000.0,"drawdown_end":"2025-10-12 14:00:00","drawdown_end_ts":1760277600000.0,"drawdown_duration":"0 days 00:00:00","drawdown_duration_s":0.0,"max_drawdown_low":0.0,"max_drawdown_high":0.0,"csum_min":1016.497096,"csum_max":1016.497096}},"strategy_comparison":[{"key":"ACO_26_5","trades":2,"profit_mean":0.024975024975024976,"profit_mean_pct":2.5,"profit_total_abs":16.497096,"profit_total":0.016497096,"profit_total_pct":1.65,"duration_avg":"1:30:00","wins":1,"draws":1,"losses":0,"winrate":0.5,"cagr":0.0635051748348121,"expectancy":8.248548,"expectancy_ratio":100.0,"sortino":-100,"sharpe":0.3939169726709855,"calmar":-100,"sqn":1.0,"profit_factor":0.0,"max_drawdown_account":0.0,"max_drawdown_abs":"0"}]}