{"strategy":{"ACO_56_17":{"trades":[{"pair":"DOGE/USDT","stake_amount":329.988,"max_stake_amount":329.988,"amount":1285.0,"open_date":"2025-10-02 13:00:00+00:00","close_date":"2025-10-02 16:00:00+00:00","open_rate":0.2568,"close_rate":0.25731411411411403,"fee_open":0.001,"fee_close":0.001,"trade_duration":180,"profit_ratio":0.0,"profit_abs":0.0,"exit_reason":"roi","initial_stop_loss_abs":0.24396,"initial_stop_loss_ratio":-0.05,"stop_loss_abs":0.24396,"stop_loss_ratio":-0.05,"min_rate":0.25046,"max_rate":0.2578,"is_open":false,"enter_tag":"","leverage":1.0,"is_short":false,"open_timestamp":1759410000000,"close_timestamp":1759420800000,"orders":[{"amount":1285.0,"safe_price":0.2568,"ft_order_side":"buy","order_filled_timestamp":1759410000000,"ft_is_entry":true,"ft_order_tag":"","cost":330.3179879999999},{"amount":1285.0,"safe_price":0.25731411411411403,"ft_order_side":"sell","order_filled_timestamp":1759420800000,"ft_is_entry":false,"ft_order_tag":"roi","cost":330.97928527327315}],"funding_fees":0.0,"weekday":3},{"pair":"DOGE/USDT","stake_amount":329.78612,"max_stake_amount":329.78612,"amount":1322.0,"open_date":"2025-10-04 20:00:00+00:00","close_date":"2025-10-04 22:00:00+00:00","open_rate":0.24946,"close_rate":0.25009,"fee_open":0.001,"fee_close":0.001,"trade_duration":120,"profit_ratio":0.0005224071206593455,"profit_abs":0.1724549,"exit_reason":"roi","initial_stop_loss_abs":0.23699,"initial_stop_loss_ratio":-0.05,"stop_loss_abs":0.23699,"stop_loss_ratio":-0.05,"min_rate":0.24929,"max_rate":0.25099,"is_open":false,"enter_tag":"","leverage":1.0,"is_short":false,"open_timestamp":1759608000000,"close_timestamp":1759615200000,"orders":[{"amount":1322.0,"safe_price":0.24946,"ft_order_side":"buy","order_filled_timestamp":1759608000000,"ft_is_entry":true,"ft_order_tag":"","cost":330.1159061199999},{"amount":1322.0,"safe_price":0.25009,"ft_order_side":"sell","order_filled_timestamp":1759615200000,"ft_is_entry":false,"ft_order_tag":"roi","cost":330.9495989799999}],"funding_fees":0.0,"weekday":5},{"pair":"DOGE/USDT","stake_amount":329.99901,"max_stake_amount":329.99901,"amount":1321.0,"open_date":"2025-10-07 23:00:00+00:00","close_date":"2025-10-08 02:00:00+00:00","open_rate":0.24981,"close_rate":0.2503101201201201,"fee_open":0.001,"fee_close":0.001,"trade_duration":180,"profit_ratio":0.0,"profit_abs":0.0,"exit_reason":"roi","initial_stop_loss_abs":0.23732,"initial_stop_loss_ratio":-0.05,"stop_loss_abs":0.23732,"stop_loss_ratio":-0.05,"min_rate":0.24622,"max_rate":0.25061,"is_open":false,"enter_tag":"","leverage":1.0,"is_short":false,"open_timestamp":1759878000000,"close_timestamp":1759888800000,"orders":[{"amount":1321.0,"safe_price":0.24981,"ft_order_side":"buy","order_filled_timestamp":1759878000000,"ft_is_entry":true,"ft_order_tag":"","cost":330.32900900999994},{"amount":1321.0,"safe_price":0.2503101201201201,"ft_order_side":"sell","order_filled_timestamp":1759888800000,"ft_is_entry":false,"ft_order_tag":"roi","cost":330.9903283473573}],"funding_fees":0.0,"weekday":2},{"pair":"DOGE/USDT","stake_amount":329.8544,"max_stake_amount":329.8544,"amount":1340.0,"open_date":"2025-10-08 07:00:00+00:00","close_date":"2025-10-08 09:00:00+00:00","open_rate":0.24616,"close_rate":0.24835,"fee_open":0.001,"fee_close":0.001,"trade_duration":120,"profit_ratio":0.0068808750560456775,"profit_abs":2.2719566,"exit_reason":"roi","initial_stop_loss_abs":0.23386,"initial_stop_loss_ratio":-0.05,"stop_loss_abs":0.23386,"stop_loss_ratio":-0.05,"min_rate":0.24539,"max_rate":0.24949,"is_open":false,"enter_tag":"","leverage":1.0,"is_short":false,"open_timestamp":1759906800000,"close_timestamp":1759914000000,"orders":[{"amount":1340.0,"safe_price":0.24616,"ft_order_side":"buy","order_filled_timestamp":1759906800000,"ft_is_entry":true,"ft_order_tag":"","cost":330.1842544},{"amount":1340.0,"safe_price":0.24835,"ft_order_side":"sell","order_filled_timestamp":1759914000000,"ft_is_entry":false,"ft_order_tag":"roi","cost":333.121789}],"funding_fees":0.0,"weekday":2},{"pair":"DOGE/USDT","stake_amount":330.7962,"max_stake_amount":330.7962,"amount":1722.0,"open_date":"2025-10-11 07:00:00+00:00","close_date":"2025-10-11 09:00:00+00:00","open_rate":0.1921,"close_rate":0.19534,"fee_open":0.001,"fee_close":0.001,"trade_duration":120,"profit_ratio":0.01483451478245856,"profit_abs":4.91210832,"exit_reason":"roi","initial_stop_loss_abs":0.1825,"initial_stop_loss_ratio":-0.05,"stop_loss_abs":0.1825,"stop_loss_ratio":-0.05,"min_rate":0.1881,"max_rate":0.19776,"is_open":false,"enter_tag":"","leverage":1.0,"is_short":false,"open_timestamp":1760166000000,"close_timestamp":1760173200000,"orders":[{"amount":1722.0,"safe_price":0.1921,"ft_order_side":"buy","order_filled_timestamp":1760166000000,"ft_is_entry":true,"ft_order_tag":"","cost":331.12699619999995},{"amount":1722.0,"safe_price":0.19534,"ft_order_side":"sell","order_filled_timestamp":1760173200000,"ft_is_entry":false,"ft_order_tag":"roi","cost":336.71185548}],"funding_fees":0.0,"weekday":5},{"pair":"DOGE/USDT","stake_amount":332.40984,"max_stake_amount":332.40984,"amount":1751.0,"open_date":"2025-10-12 13:00:00+00:00","close_date":"2025-10-12 14:00:00+00:00","open_rate":0.18984,"close_rate":0.19972156156156154,"fee_open":0.001,"fee_close":0.001,"trade_duration":60,"profit_ratio":0.049950049950049945,"profit_abs":16.620492,"exit_reason":"roi","initial_stop_loss_abs":0.18035,"initial_stop_loss_ratio":-0.05,"stop_loss_abs":0.18035,"stop_loss_ratio":-0.05,"min_rate":0.18624,"max_rate":0.19986,"is_open":false,"enter_tag":"","leverage":1.0,"is_short":false,"open_timestamp":1760274000000,"close_timestamp":1760277600000,"orders":[{"amount":1751.0,"safe_price":0.18984,"ft_order_side":"buy","order_filled_timestamp":1760274000000,"ft_is_entry":true,"ft_order_tag":"","cost":332.74224984},{"amount":1751.0,"safe_price":0.19972156156156154,"ft_order_side":"sell","order_filled_timestamp":1760277600000,"ft_is_entry":false,"ft_order_tag":"roi","cost":350.06216674858854}],"funding_fees":0.0,"weekday":6},{"pair":"DOGE/USDT","stake_amount":337.75308,"max_stake_amount":337.75308,"amount":1722.0,"open_date":"2025-10-12 15:00:00+00:00","close_date":"2025-10-12 16:00:00+00:00","open_rate":0.19614,"close_rate":0.2063494894894895,"fee_open":0.001,"fee_close":0.001,"trade_duration":60,"profit_ratio":0.04995004995004996,"profit_abs":16.887654,"exit_reason":"roi","initial_stop_loss_abs":0.18634,"initial_stop_loss_ratio":-0.05,"stop_loss_abs":0.18634,"stop_loss_ratio":-0.05,"min_rate":0.19562,"max_rate":0.2095,"is_open":false,"enter_tag":"","leverage":1.0,"is_short":false,"open_timestamp":1760281200000,"close_timestamp":1760284800000,"orders":[{"amount":1722.0,"safe_price":0.19614,"ft_order_side":"buy","order_filled_timestamp":1760281200000,"ft_is_entry":true,"ft_order_tag":"","cost":338.09083308},{"amount":1722.0,"safe_price":0.2063494894894895,"ft_order_side":"sell","order_filled_timestamp":1760284800000,"ft_is_entry":false,"ft_order_tag":"roi","cost":355.6891547218018}],"funding_fees":0.0,"weekday":6},{"pair":"DOGE/USDT","stake_amount":343.3012,"max_stake_amount":343.3012,"amount":1640.0,"open_date":"2025-10-13 02:00:00+00:00","close_date":"2025-10-13 04:00:00+00:00","open_rate":0.20933,"close_rate":0.20974907907907905,"fee_open":0.001,"fee_close":0.001,"trade_duration":120,"profit_ratio":0.0,"profit_abs":0.0,"exit_reason":"roi","initial_stop_loss_abs":0.19887,"initial_stop_loss_ratio":-0.05,"stop_loss_abs":0.19887,"stop_loss_ratio":-0.05,"min_rate":0.20642,"max_rate":0.20999,"is_open":false,"enter_tag":"","leverage":1.0,"is_short":false,"open_timestamp":1760320800000,"close_timestamp":1760328000000,"orders":[{"amount":1640.0,"safe_price":0.20933,"ft_order_side":"buy","order_filled_timestamp":1760320800000,"ft_is_entry":true,"ft_order_tag":"","cost":343.6445012},{"amount":1640.0,"safe_price":0.20974907907907905,"ft_order_side":"sell","order_filled_timestamp":1760328000000,"ft_is_entry":false,"ft_order_tag":"roi","cost":344.3324781793793}],"funding_fees":0.0,"weekday":0},{"pair":"DOGE/USDT","stake_amount":343.2912,"max_stake_amount":343.2912,"amount":1632.0,"open_date":"2025-10-13 07:00:00+00:00","close_date":"2025-10-13 09:00:00+00:00","open_rate":0.21035,"close_rate":0.2123,"fee_open":0.001,"fee_close":0.001,"trade_duration":120,"profit_ratio":0.0072537398422827465,"profit_abs":2.4926352,"exit_reason":"roi","initial_stop_loss_abs":0.19984,"initial_stop_loss_ratio":-0.05,"stop_loss_abs":0.19984,"stop_loss_ratio":-0.05,"min_rate":0.20902,"max_rate":0.21279,"is_open":false,"enter_tag":"","leverage":1.0,"is_short":false,"open_timestamp":1760338800000,"close_timestamp":1760346000000,"orders":[{"amount":1632.0,"safe_price":0.21035,"ft_order_side":"buy","order_filled_timestamp":1760338800000,"ft_is_entry":true,"ft_order_tag":"","cost":343.63449119999996},{"amount":1632.0,"safe_price":0.2123,"ft_order_side":"sell","order_filled_timestamp":1760346000000,"ft_is_entry":false,"ft_order_tag":"roi","cost":346.82007359999994}],"funding_fees":0.0,"weekday":0},{"pair":"DOGE/USDT","stake_amount":344.28296,"max_stake_amount":344.28296,"amount":1687.0,"open_date":"2025-10-15 05:00:00+00:00","close_date":"2025-10-15 07:00:00+00:00","open_rate":0.20408,"close_rate":0.20452,"fee_open":0.001,"fee_close":0.001,"trade_duration":120,"profit_ratio":0.00015370752336648063,"profit_abs":0.0529718,"exit_reason":"roi","initial_stop_loss_abs":0.19388,"initial_stop_loss_ratio":-0.05,"stop_loss_abs":0.19388,"stop_loss_ratio":-0.05,"min_rate":0.2018,"max_rate":0.20509,"is_open":false,"enter_tag":"","leverage":1.0,"is_short":false,"open_timestamp":1760504400000,"close_timestamp":1760511600000,"orders":[{"amount":1687.0,"safe_price":0.20408,"ft_order_side":"buy","order_filled_timestamp":1760504400000,"ft_is_entry":true,"ft_order_tag":"","cost":344.62724296},{"amount":1687.0,"safe_price":0.20452,"ft_order_side":"sell","order_filled_timestamp":1760511600000,"ft_is_entry":false,"ft_order_tag":"roi","cost":345.37026524}],"funding_fees":0.0,"weekday":2},{"pair":"DOGE/USDT","stake_amount":344.2374,"max_stake_amount":344.2374,"amount":1878.0,"open_date":"2025-10-17 14:00:00+00:00","close_date":"2025-10-17 16:00:00+00:00","open_rate":0.1833,"close_rate":0.18488,"fee_open":0.001,"fee_close":0.001,"trade_duration":120,"profit_ratio":0.006604524771464215,"profit_abs":2.27579796,"exit_reason":"roi","initial_stop_loss_abs":0.17414,"initial_stop_loss_ratio":-0.05,"stop_loss_abs":0.17414,"stop_loss_ratio":-0.05,"min_rate":0.17968,"max_rate":0.18726,"is_open":false,"enter_tag":"","leverage":1.0,"is_short":false,"open_timestamp":1760709600000,"close_timestamp":1760716800000,"orders":[{"amount":1878.0,"safe_price":0.1833,"ft_order_side":"buy","order_filled_timestamp":1760709600000,"ft_is_entry":true,"ft_order_tag":"","cost":344.5816373999999},{"amount":1878.0,"safe_price":0.18488,"ft_order_side":"sell","order_filled_timestamp":1760716800000,"ft_is_entry":false,"ft_order_tag":"roi","cost":347.55184463999996}],"funding_fees":0.0,"weekday":4},{"pair":"DOGE/USDT","stake_amount":345.04855,"max_stake_amount":345.04855,"amount":1855.0,"open_date":"2025-10-18 01:00:00+00:00","close_date":"2025-10-18 03:00:00+00:00","open_rate":0.18601,"close_rate":0.18638239239239238,"fee_open":0.001,"fee_close":0.001,"trade_duration":120,"profit_ratio":0.0,"profit_abs":0.0,"exit_reason":"roi","initial_stop_loss_abs":0.17671,"initial_stop_loss_ratio":-0.05,"stop_loss_abs":0.17671,"stop_loss_ratio":-0.05,"min_rate":0.18568,"max_rate":0.18854,"is_open":false,"enter_tag":"","leverage":1.0,"is_short":false,"open_timestamp":1760749200000,"close_timestamp":1760756400000,"orders":[{"amount":1855.0,"safe_price":0.18601,"ft_order_side":"buy","order_filled_timestamp":1760749200000,"ft_is_entry":true,"ft_order_tag":"","cost":345.39359855},{"amount":1855.0,"safe_price":0.18638239239239238,"ft_order_side":"sell","order_filled_timestamp":1760756400000,"ft_is_entry":false,"ft_order_tag":"roi","cost":346.0850772257757}],"funding_fees":0.0,"weekday":5},{"pair":"DOGE/USDT","stake_amount":344.93376,"max_stake_amount":344.93376,"amount":1752.0,"open_date":"2025-10-19 23:00:00+00:00","close_date":"2025-10-20 03:00:00+00:00","open_rate":0.19688,"close_rate":0.19727415415415414,"fee_open":0.001,"fee_close":0.001,"trade_duration":240,"profit_ratio":0.0,"profit_abs":0.0,"exit_reason":"roi","initial_stop_loss_abs":0.18704,"initial_stop_loss_ratio":-0.05,"stop_loss_abs":0.18704,"stop_loss_ratio":-0.05,"min_rate":0.19168,"max_rate":0.19999,"is_open":false,"enter_tag":"","leverage":1.0,"is_short":false,"open_timestamp":1760914800000,"close_timestamp":1760929200000,"orders":[{"amount":1752.0,"safe_price":0.19688,"ft_order_side":"buy","order_filled_timestamp":1760914800000,"ft_is_entry":true,"ft_order_tag":"","cost":345.27869375999995},{"amount":1752.0,"safe_price":0.19727415415415414,"ft_order_side":"sell","order_filled_timestamp":1760929200000,"ft_is_entry":false,"ft_order_tag":"roi","cost":345.96994239615606}],"funding_fees":0.0,"weekday":0},{"pair":"DOGE/USDT","stake_amount":344.946,"max_stake_amount":344.946,"amount":1806.0,"open_date":"2025-10-22 12:00:00+00:00","close_date":"2025-10-22 14:00:00+00:00","open_rate":0.191,"close_rate":0.19236,"fee_open":0.001,"fee_close":0.001,"trade_duration":120,"profit_ratio":0.0051081902390802915,"profit_abs":1.76381184,"exit_reason":"roi","initial_stop_loss_abs":0.18145,"initial_stop_loss_ratio":-0.05,"stop_loss_abs":0.18145,"stop_loss_ratio":-0.05,"min_rate":0.18814,"max_rate":0.19275,"is_open":false,"enter_tag":"","leverage":1.0,"is_short":false,"open_timestamp":1761134400000,"close_timestamp":1761141600000,"orders":[{"amount":1806.0,"safe_price":0.191,"ft_order_side":"buy","order_filled_timestamp":1761134400000,"ft_is_entry":true,"ft_order_tag":"","cost":345.29094599999996},{"amount":1806.0,"safe_price":0.19236,"ft_order_side":"sell","order_filled_timestamp":1761141600000,"ft_is_entry":false,"ft_order_tag":"roi","cost":347.7495621599999}],"funding_fees":0.0,"weekday":2},{"pair":"DOGE/USDT","stake_amount":345.50461,"max_stake_amount":345.50461,"amount":1661.0,"open_date":"2025-10-27 07:00:00+00:00","close_date":"2025-10-27 12:00:00+00:00","open_rate":0.20801,"close_rate":0.20336,"fee_open":0.001,"fee_close":0.001,"trade_duration":300,"profit_ratio":-0.024308031759596588,"profit_abs":-8.40693557,"exit_reason":"exit_signal","initial_stop_loss_abs":0.19761,"initial_stop_loss_ratio":-0.05,"stop_loss_abs":0.19761,"stop_loss_ratio":-0.05,"min_rate":0.20158,"max_rate":0.20867,"is_open":false,"enter_tag":"","leverage":1.0,"is_short":false,"open_timestamp":1761548400000,"close_timestamp":1761566400000,"orders":[{"amount":1661.0,"safe_price":0.20801,"ft_order_side":"buy","order_filled_timestamp":1761548400000,"ft_is_entry":true,"ft_order_tag":"","cost":345.85011461},{"amount":1661.0,"safe_price":0.20336,"ft_order_side":"sell","order_filled_timestamp":1761566400000,"ft_is_entry":false,"ft_order_tag":"exit_signal","cost":338.11874095999997}],"funding_fees":0.0,"weekday":0},{"pair":"DOGE/USDT","stake_amount":342.6852,"max_stake_amount":342.6852,"amount":1716.0,"open_date":"2025-10-28 04:00:00+00:00","close_date":"2025-10-28 06:00:00+00:00","open_rate":0.1997,"close_rate":0.20009979979979975,"fee_open":0.001,"fee_close":0.001,"trade_duration":120,"profit_ratio":0.0,"profit_abs":0.0,"exit_reason":"roi","initial_stop_loss_abs":0.18972,"initial_stop_loss_ratio":-0.05,"stop_loss_abs":0.18972,"stop_loss_ratio":-0.05,"min_rate":0.19815,"max_rate":0.20131,"is_open":false,"enter_tag":"","leverage":1.0,"is_short":false,"open_timestamp":1761624000000,"close_timestamp":1761631200000,"orders":[{"amount":1716.0,"safe_price":0.1997,"ft_order_side":"buy","order_filled_timestamp":1761624000000,"ft_is_entry":true,"ft_order_tag":"","cost":343.02788519999996},{"amount":1716.0,"safe_price":0.20009979979979975,"ft_order_side":"sell","order_filled_timestamp":1761631200000,"ft_is_entry":false,"ft_order_tag":"roi","cost":343.7146277129128}],"funding_fees":0.0,"weekday":1},{"pair":"DOGE/USDT","stake_amount":342.79025,"max_stake_amount":342.79025,"amount":1705.0,"open_date":"2025-10-28 13:00:00+00:00","close_date":"2025-10-28 16:00:00+00:00","open_rate":0.20105,"close_rate":0.2014525025025025,"fee_open":0.001,"fee_close":0.001,"trade_duration":180,"profit_ratio":0.0,"profit_abs":0.0,"exit_reason":"roi","initial_stop_loss_abs":0.191,"initial_stop_loss_ratio":-0.05,"stop_loss_abs":0.191,"stop_loss_ratio":-0.05,"min_rate":0.19617,"max_rate":0.20311,"is_open":false,"enter_tag":"","leverage":1.0,"is_short":false,"open_timestamp":1761656400000,"close_timestamp":1761667200000,"orders":[{"amount":1705.0,"safe_price":0.20105,"ft_order_side":"buy","order_filled_timestamp":1761656400000,"ft_is_entry":true,"ft_order_tag":"","cost":343.13304024999996},{"amount":1705.0,"safe_price":0.2014525025025025,"ft_order_side":"sell","order_filled_timestamp":1761667200000,"ft_is_entry":false,"ft_order_tag":"roi","cost":343.81999328353345}],"funding_fees":0.0,"weekday":1},{"pair":"DOGE/USDT","stake_amount":342.72573,"max_stake_amount":342.72573,"amount":2157.0,"open_date":"2025-11-04 21:00:00+00:00","close_date":"2025-11-04 23:00:00+00:00","open_rate":0.15889,"close_rate":0.16344,"fee_open":0.001,"fee_close":0.001,"trade_duration":120,"profit_ratio":0.026580946273815558,"profit_abs":9.11908419,"exit_reason":"roi","initial_stop_loss_abs":0.15095,"initial_stop_loss_ratio":-0.05,"stop_loss_abs":0.15095,"stop_loss_ratio":-0.05,"min_rate":0.15159,"max_rate":0.16436,"is_open":false,"enter_tag":"","leverage":1.0,"is_short":false,"open_timestamp":1762290000000,"close_timestamp":1762297200000,"orders":[{"amount":2157.0,"safe_price":0.15889,"ft_order_side":"buy","order_filled_timestamp":1762290000000,"ft_is_entry":true,"ft_order_tag":"","cost":343.06845573},{"amount":2157.0,"safe_price":0.16344,"ft_order_side":"sell","order_filled_timestamp":1762297200000,"ft_is_entry":false,"ft_order_tag":"roi","cost":352.89262008}],"funding_fees":0.0,"weekday":1},{"pair":"DOGE/USDT","stake_amount":345.78663,"max_stake_amount":345.78663,"amount":2121.0,"open_date":"2025-11-07 01:00:00+00:00","close_date":"2025-11-07 03:00:00+00:00","open_rate":0.16303,"close_rate":0.16414,"fee_open":0.001,"fee_close":0.001,"trade_duration":120,"profit_ratio":0.004796957321032644,"profit_abs":1.66038243,"exit_reason":"roi","initial_stop_loss_abs":0.15488,"initial_stop_loss_ratio":-0.05,"stop_loss_abs":0.15488,"stop_loss_ratio":-0.05,"min_rate":0.16095,"max_rate":0.16509,"is_open":false,"enter_tag":"","leverage":1.0,"is_short":false,"open_timestamp":1762477200000,"close_timestamp":1762484400000,"orders":[{"amount":2121.0,"safe_price":0.16303,"ft_order_side":"buy","order_filled_timestamp":1762477200000,"ft_is_entry":true,"ft_order_tag":"","cost":346.13241662999997},{"amount":2121.0,"safe_price":0.16414,"ft_order_side":"sell","order_filled_timestamp":1762484400000,"ft_is_entry":false,"ft_order_tag":"roi","cost":348.48908093999995}],"funding_fees":0.0,"weekday":4},{"pair":"DOGE/USDT","stake_amount":346.37658,"max_stake_amount":346.37658,"amount":1914.0,"open_date":"2025-11-08 02:00:00+00:00","close_date":"2025-11-08 04:00:00+00:00","open_rate":0.18097,"close_rate":0.18133230230230227,"fee_open":0.001,"fee_close":0.001,"trade_duration":120,"profit_ratio":0.0,"profit_abs":0.0,"exit_reason":"roi","initial_stop_loss_abs":0.17193,"initial_stop_loss_ratio":-0.05,"stop_loss_abs":0.17193,"stop_loss_ratio":-0.05,"min_rate":0.17974,"max_rate":0.18332,"is_open":false,"enter_tag":"","leverage":1.0,"is_short":false,"open_timestamp":1762567200000,"close_timestamp":1762574400000,"orders":[{"amount":1914.0,"safe_price":0.18097,"ft_order_side":"buy","order_filled_timestamp":1762567200000,"ft_is_entry":true,"ft_order_tag":"","cost":346.72295657999996},{"amount":1914.0,"safe_price":0.18133230230230227,"ft_order_side":"sell","order_filled_timestamp":1762574400000,"ft_is_entry":false,"ft_order_tag":"roi","cost":347.4170966332131}],"funding_fees":0.0,"weekday":5},{"pair":"DOGE/USDT","stake_amount":346.42623,"max_stake_amount":346.42623,"amount":1909.0,"open_date":"2025-11-08 05:00:00+00:00","close_date":"2025-11-08 08:00:00+00:00","open_rate":0.18147,"close_rate":0.18183330330330327,"fee_open":0.001,"fee_close":0.001,"trade_duration":180,"profit_ratio":0.0,"profit_abs":0.0,"exit_reason":"roi","initial_stop_loss_abs":0.1724,"initial_stop_loss_ratio":-0.05,"stop_loss_abs":0.1724,"stop_loss_ratio":-0.05,"min_rate":0.17762,"max_rate":0.1822,"is_open":false,"enter_tag":"","leverage":1.0,"is_short":false,"open_timestamp":1762578000000,"close_timestamp":1762588800000,"orders":[{"amount":1909.0,"safe_price":0.18147,"ft_order_side":"buy","order_filled_timestamp":1762578000000,"ft_is_entry":true,"ft_order_tag":"","cost":346.77265622999994},{"amount":1909.0,"safe_price":0.18183330330330327,"ft_order_side":"sell","order_filled_timestamp":1762588800000,"ft_is_entry":false,"ft_order_tag":"roi","cost":347.46689578201193}],"funding_fees":0.0,"weekday":5},{"pair":"DOGE/USDT","stake_amount":346.43528,"max_stake_amount":346.43528,"amount":1912.0,"open_date":"2025-11-10 03:00:00+00:00","close_date":"2025-11-10 05:00:00+00:00","open_rate":0.18119,"close_rate":0.1815527427427427,"fee_open":0.001,"fee_close":0.001,"trade_duration":120,"profit_ratio":0.0,"profit_abs":0.0,"exit_reason":"roi","initial_stop_loss_abs":0.17214,"initial_stop_loss_ratio":-0.05,"stop_loss_abs":0.17214,"stop_loss_ratio":-0.05,"min_rate":0.18012,"max_rate":0.18226,"is_open":false,"enter_tag":"","leverage":1.0,"is_short":false,"open_timestamp":1762743600000,"close_timestamp":1762750800000,"orders":[{"amount":1912.0,"safe_price":0.18119,"ft_order_side":"buy","order_filled_timestamp":1762743600000,"ft_is_entry":true,"ft_order_tag":"","cost":346.78171527999996},{"amount":1912.0,"safe_price":0.1815527427427427,"ft_order_side":"sell","order_filled_timestamp":1762750800000,"ft_is_entry":false,"ft_order_tag":"roi","cost":347.47597296824813}],"funding_fees":0.0,"weekday":0},{"pair":"DOGE/USDT","stake_amount":346.3403,"max_stake_amount":346.3403,"amount":1910.0,"open_date":"2025-11-10 08:00:00+00:00","close_date":"2025-11-10 10:00:00+00:00","open_rate":0.18133,"close_rate":0.18432,"fee_open":0.001,"fee_close":0.001,"trade_duration":120,"profit_ratio":0.01445832610008422,"profit_abs":5.0125085,"exit_reason":"roi","initial_stop_loss_abs":0.17227,"initial_stop_loss_ratio":-0.05,"stop_loss_abs":0.17227,"stop_loss_ratio":-0.05,"min_rate":0.17963,"max_rate":0.18575,"is_open":false,"enter_tag":"","leverage":1.0,"is_short":false,"open_timestamp":1762761600000,"close_timestamp":1762768800000,"orders":[{"amount":1910.0,"safe_price":0.18133,"ft_order_side":"buy","order_filled_timestamp":1762761600000,"ft_is_entry":true,"ft_order_tag":"","cost":346.6866402999999},{"amount":1910.0,"safe_price":0.18432,"ft_order_side":"sell","order_filled_timestamp":1762768800000,"ft_is_entry":false,"ft_order_tag":"roi","cost":352.40325119999994}],"funding_fees":0.0,"weekday":0},{"pair":"DOGE/USDT","stake_amount":347.95904,"max_stake_amount":347.95904,"amount":1901.0,"open_date":"2025-11-10 12:00:00+00:00","close_date":"2025-11-10 22:00:00+00:00","open_rate":0.18304,"close_rate":0.18340644644644644,"fee_open":0.001,"fee_close":0.001,"trade_duration":600,"profit_ratio":0.0,"profit_abs":0.0,"exit_reason":"roi","initial_stop_loss_abs":0.17389,"initial_stop_loss_ratio":-0.05,"stop_loss_abs":0.17389,"stop_loss_ratio":-0.05,"min_rate":0.17722,"max_rate":0.18418,"is_open":false,"enter_tag":"","leverage":1.0,"is_short":false,"open_timestamp":1762776000000,"close_timestamp":1762812000000,"orders":[{"amount":1901.0,"safe_price":0.18304,"ft_order_side":"buy","order_filled_timestamp":1762776000000,"ft_is_entry":true,"ft_order_tag":"","cost":348.30699904},{"amount":1901.0,"safe_price":0.18340644644644644,"ft_order_side":"sell","order_filled_timestamp":1762812000000,"ft_is_entry":false,"ft_order_tag":"roi","cost":349.0043103493893}],"funding_fees":0.0,"weekday":0},{"pair":"DOGE/USDT","stake_amount":348.0259,"max_stake_amount":348.0259,"amount":1999.0,"open_date":"2025-11-12 09:00:00+00:00","close_date":"2025-11-12 11:00:00+00:00","open_rate":0.1741,"close_rate":0.1764,"fee_open":0.001,"fee_close":0.001,"trade_duration":120,"profit_ratio":0.011186401192145017,"profit_abs":3.8970505,"exit_reason":"roi","initial_stop_loss_abs":0.1654,"initial_stop_loss_ratio":-0.05,"stop_loss_abs":0.1654,"stop_loss_ratio":-0.05,"min_rate":0.17404,"max_rate":0.17713,"is_open":false,"enter_tag":"","leverage":1.0,"is_short":false,"open_timestamp":1762938000000,"close_timestamp":1762945200000,"orders":[{"amount":1999.0,"safe_price":0.1741,"ft_order_side":"buy","order_filled_timestamp":1762938000000,"ft_is_entry":true,"ft_order_tag":"","cost":348.3739259},{"amount":1999.0,"safe_price":0.1764,"ft_order_side":"sell","order_filled_timestamp":1762945200000,"ft_is_entry":false,"ft_order_tag":"roi","cost":352.97622359999997}],"funding_fees":0.0,"weekday":2},{"pair":"DOGE/USDT","stake_amount":349.3336,"max_stake_amount":349.3336,"amount":2140.0,"open_date":"2025-11-14 02:00:00+00:00","close_date":"2025-11-14 04:00:00+00:00","open_rate":0.16324,"close_rate":0.16408,"fee_open":0.001,"fee_close":0.001,"trade_duration":120,"profit_ratio":0.0031375142867424172,"profit_abs":1.0971352,"exit_reason":"roi","initial_stop_loss_abs":0.15508,"initial_stop_loss_ratio":-0.05,"stop_loss_abs":0.15508,"stop_loss_ratio":-0.05,"min_rate":0.1591,"max_rate":0.16568,"is_open":false,"enter_tag":"","leverage":1.0,"is_short":false,"open_timestamp":1763085600000,"close_timestamp":1763092800000,"orders":[{"amount":2140.0,"safe_price":0.16324,"ft_order_side":"buy","order_filled_timestamp":1763085600000,"ft_is_entry":true,"ft_order_tag":"","cost":349.68293359999996},{"amount":2140.0,"safe_price":0.16408,"ft_order_side":"sell","order_filled_timestamp":1763092800000,"ft_is_entry":false,"ft_order_tag":"roi","cost":351.4823312}],"funding_fees":0.0,"weekday":4},{"pair":"DOGE/USDT","stake_amount":349.62928,"max_stake_amount":349.62928,"amount":2183.0,"open_date":"2025-11-14 22:00:00+00:00","close_date":"2025-11-15 01:00:00+00:00","open_rate":0.16016,"close_rate":0.16048064064064063,"fee_open":0.001,"fee_close":0.001,"trade_duration":180,"profit_ratio":0.0,"profit_abs":0.0,"exit_reason":"roi","initial_stop_loss_abs":0.15216,"initial_stop_loss_ratio":-0.05,"stop_loss_abs":0.15216,"stop_loss_ratio":-0.05,"min_rate":0.15472,"max_rate":0.16171,"is_open":false,"enter_tag":"","leverage":1.0,"is_short":false,"open_timestamp":1763157600000,"close_timestamp":1763168400000,"orders":[{"amount":2183.0,"safe_price":0.16016,"ft_order_side":"buy","order_filled_timestamp":1763157600000,"ft_is_entry":true,"ft_order_tag":"","cost":349.97890928},{"amount":2183.0,"safe_price":0.16048064064064063,"ft_order_side":"sell","order_filled_timestamp":1763168400000,"ft_is_entry":false,"ft_order_tag":"roi","cost":350.679567757037}],"funding_fees":0.0,"weekday":5},{"pair":"DOGE/USDT","stake_amount":349.62854,"max_stake_amount":349.62854,"amount":2294.0,"open_date":"2025-11-18 01:00:00+00:00","close_date":"2025-11-18 03:00:00+00:00","open_rate":0.15241,"close_rate":0.1527151251251251,"fee_open":0.001,"fee_close":0.001,"trade_duration":120,"profit_ratio":0.0,"profit_abs":0.0,"exit_reason":"roi","initial_stop_loss_abs":0.14479,"initial_stop_loss_ratio":-0.05,"stop_loss_abs":0.14479,"stop_loss_ratio":-0.05,"min_rate":0.1502,"max_rate":0.15479,"is_open":false,"enter_tag":"","leverage":1.0,"is_short":false,"open_timestamp":1763427600000,"close_timestamp":1763434800000,"orders":[{"amount":2294.0,"safe_price":0.15241,"ft_order_side":"buy","order_filled_timestamp":1763427600000,"ft_is_entry":true,"ft_order_tag":"","cost":349.97816853999996},{"amount":2294.0,"safe_price":0.1527151251251251,"ft_order_side":"sell","order_filled_timestamp":1763434800000,"ft_is_entry":false,"ft_order_tag":"roi","cost":350.678825534074}],"funding_fees":0.0,"weekday":1},{"pair":"DOGE/USDT","stake_amount":349.68258,"max_stake_amount":349.68258,"amount":2262.0,"open_date":"2025-11-18 04:00:00+00:00","close_date":"2025-11-18 06:00:00+00:00","open_rate":0.15459,"close_rate":0.15489948948948948,"fee_open":0.001,"fee_close":0.001,"trade_duration":120,"profit_ratio":0.0,"profit_abs":0.0,"exit_reason":"roi","initial_stop_loss_abs":0.14687,"initial_stop_loss_ratio":-0.05,"stop_loss_abs":0.14687,"stop_loss_ratio":-0.05,"min_rate":0.1522,"max_rate":0.15623,"is_open":false,"enter_tag":"","leverage":1.0,"is_short":false,"open_timestamp":1763438400000,"close_timestamp":1763445600000,"orders":[{"amount":2262.0,"safe_price":0.15459,"ft_order_side":"buy","order_filled_timestamp":1763438400000,"ft_is_entry":true,"ft_order_tag":"","cost":350.03226258},{"amount":2262.0,"safe_price":0.15489948948948948,"ft_order_side":"sell","order_filled_timestamp":1763445600000,"ft_is_entry":false,"ft_order_tag":"roi","cost":350.73302787045037}],"funding_fees":0.0,"weekday":1},{"pair":"DOGE/USDT","stake_amount":349.73358,"max_stake_amount":349.73358,"amount":2531.0,"open_date":"2025-11-22 12:00:00+00:00","close_date":"2025-11-22 14:00:00+00:00","open_rate":0.13818,"close_rate":0.13845663663663663,"fee_open":0.001,"fee_close":0.001,"trade_duration":120,"profit_ratio":0.0,"profit_abs":0.0,"exit_reason":"roi","initial_stop_loss_abs":0.13128,"initial_stop_loss_ratio":-0.05,"stop_loss_abs":0.13128,"stop_loss_ratio":-0.05,"min_rate":0.13563,"max_rate":0.13943,"is_open":false,"enter_tag":"","leverage":1.0,"is_short":false,"open_timestamp":1763812800000,"close_timestamp":1763820000000,"orders":[{"amount":2531.0,"safe_price":0.13818,"ft_order_side":"buy","order_filled_timestamp":1763812800000,"ft_is_entry":true,"ft_order_tag":"","cost":350.08331358},{"amount":2531.0,"safe_price":0.13845663663663663,"ft_order_side":"sell","order_filled_timestamp":1763820000000,"ft_is_entry":false,"ft_order_tag":"roi","cost":350.7841810746546}],"funding_fees":0.0,"weekday":5},{"pair":"DOGE/USDT","stake_amount":349.67226,"max_stake_amount":349.67226,"amount":2514.0,"open_date":"2025-11-22 15:00:00+00:00","close_date":"2025-11-22 17:00:00+00:00","open_rate":0.13909,"close_rate":0.13953,"fee_open":0.001,"fee_close":0.001,"trade_duration":120,"profit_ratio":0.0011590968525327571,"profit_abs":0.40570932,"exit_reason":"roi","initial_stop_loss_abs":0.13214,"initial_stop_loss_ratio":-0.05,"stop_loss_abs":0.13214,"stop_loss_ratio":-0.05,"min_rate":0.13729,"max_rate":0.13977,"is_open":false,"enter_tag":"","leverage":1.0,"is_short":false,"open_timestamp":1763823600000,"close_timestamp":1763830800000,"orders":[{"amount":2514.0,"safe_price":0.13909,"ft_order_side":"buy","order_filled_timestamp":1763823600000,"ft_is_entry":true,"ft_order_tag":"","cost":350.02193225999997},{"amount":2514.0,"safe_price":0.13953,"ft_order_side":"sell","order_filled_timestamp":1763830800000,"ft_is_entry":false,"ft_order_tag":"roi","cost":351.12919841999997}],"funding_fees":0.0,"weekday":5},{"pair":"DOGE/USDT","stake_amount":349.80473,"max_stake_amount":349.80473,"amount":2497.0,"open_date":"2025-11-22 22:00:00+00:00","close_date":"2025-11-23 00:00:00+00:00","open_rate":0.14009,"close_rate":0.14037046046046042,"fee_open":0.001,"fee_close":0.001,"trade_duration":120,"profit_ratio":0.0,"profit_abs":0.0,"exit_reason":"roi","initial_stop_loss_abs":0.13309,"initial_stop_loss_ratio":-0.05,"stop_loss_abs":0.13309,"stop_loss_ratio":-0.05,"min_rate":0.13939,"max_rate":0.1424,"is_open":false,"enter_tag":"","leverage":1.0,"is_short":false,"open_timestamp":1763848800000,"close_timestamp":1763856000000,"orders":[{"amount":2497.0,"safe_price":0.14009,"ft_order_side":"buy","order_filled_timestamp":1763848800000,"ft_is_entry":true,"ft_order_tag":"","cost":350.15453472999997},{"amount":2497.0,"safe_price":0.14037046046046042,"ft_order_side":"sell","order_filled_timestamp":1763856000000,"ft_is_entry":false,"ft_order_tag":"roi","cost":350.8555448095394}],"funding_fees":0.0,"weekday":6},{"pair":"DOGE/USDT","stake_amount":349.74028,"max_stake_amount":349.74028,"amount":2468.0,"open_date":"2025-11-23 02:00:00+00:00","close_date":"2025-11-23 04:00:00+00:00","open_rate":0.14171,"close_rate":0.14289,"fee_open":0.001,"fee_close":0.001,"trade_duration":120,"profit_ratio":0.006312225633374459,"profit_abs":2.2098472,"exit_reason":"roi","initial_stop_loss_abs":0.13463,"initial_stop_loss_ratio":-0.05,"stop_loss_abs":0.13463,"stop_loss_ratio":-0.05,"min_rate":0.14124,"max_rate":0.1447,"is_open":false,"enter_tag":"","leverage":1.0,"is_short":false,"open_timestamp":1763863200000,"close_timestamp":1763870400000,"orders":[{"amount":2468.0,"safe_price":0.14171,"ft_order_side":"buy","order_filled_timestamp":1763863200000,"ft_is_entry":true,"ft_order_tag":"","cost":350.0900202799999},{"amount":2468.0,"safe_price":0.14289,"ft_order_side":"sell","order_filled_timestamp":1763870400000,"ft_is_entry":false,"ft_order_tag":"roi","cost":353.0051725199999}],"funding_fees":0.0,"weekday":6},{"pair":"DOGE/USDT","stake_amount":350.51334,"max_stake_amount":350.51334,"amount":2417.0,"open_date":"2025-11-24 01:00:00+00:00","close_date":"2025-11-24 03:00:00+00:00","open_rate":0.14502,"close_rate":0.14718,"fee_open":0.001,"fee_close":0.001,"trade_duration":120,"profit_ratio":0.01286673607732772,"profit_abs":4.5144726,"exit_reason":"roi","initial_stop_loss_abs":0.13777,"initial_stop_loss_ratio":-0.05,"stop_loss_abs":0.13777,"stop_loss_ratio":-0.05,"min_rate":0.14399,"max_rate":0.1493,"is_open":false,"enter_tag":"","leverage":1.0,"is_short":false,"open_timestamp":1763946000000,"close_timestamp":1763953200000,"orders":[{"amount":2417.0,"safe_price":0.14502,"ft_order_side":"buy","order_filled_timestamp":1763946000000,"ft_is_entry":true,"ft_order_tag":"","cost":350.86385334},{"amount":2417.0,"safe_price":0.14718,"ft_order_side":"sell","order_filled_timestamp":1763953200000,"ft_is_entry":false,"ft_order_tag":"roi","cost":356.08979406}],"funding_fees":0.0,"weekday":0},{"pair":"DOGE/USDT","stake_amount":351.9936,"max_stake_amount":351.9936,"amount":2520.0,"open_date":"2025-12-06 12:00:00+00:00","close_date":"2025-12-06 14:00:00+00:00","open_rate":0.13968,"close_rate":0.13995963963963962,"fee_open":0.001,"fee_close":0.001,"trade_duration":120,"profit_ratio":0.0,"profit_abs":0.0,"exit_reason":"roi","initial_stop_loss_abs":0.1327,"initial_stop_loss_ratio":-0.05,"stop_loss_abs":0.1327,"stop_loss_ratio":-0.05,"min_rate":0.13926,"max_rate":0.14076,"is_open":false,"enter_tag":"","leverage":1.0,"is_short":false,"open_timestamp":1765022400000,"close_timestamp":1765029600000,"orders":[{"amount":2520.0,"safe_price":0.13968,"ft_order_side":"buy","order_filled_timestamp":1765022400000,"ft_is_entry":true,"ft_order_tag":"","cost":352.3455936},{"amount":2520.0,"safe_price":0.13995963963963962,"ft_order_side":"sell","order_filled_timestamp":1765029600000,"ft_is_entry":false,"ft_order_tag":"roi","cost":353.05099018378365}],"funding_fees":0.0,"weekday":5},{"pair":"DOGE/USDT","stake_amount":352.0716,"max_stake_amount":352.0716,"amount":2680.0,"open_date":"2025-12-16 15:00:00+00:00","close_date":"2025-12-16 17:00:00+00:00","open_rate":0.13137,"close_rate":0.13164,"fee_open":0.001,"fee_close":0.001,"trade_duration":120,"profit_ratio":5.315533975045279e-05,"profit_abs":0.0187332,"exit_reason":"roi","initial_stop_loss_abs":0.12481,"initial_stop_loss_ratio":-0.05,"stop_loss_abs":0.12481,"stop_loss_ratio":-0.05,"min_rate":0.13069,"max_rate":0.13305,"is_open":false,"enter_tag":"","leverage":1.0,"is_short":false,"open_timestamp":1765897200000,"close_timestamp":1765904400000,"orders":[{"amount":2680.0,"safe_price":0.13137,"ft_order_side":"buy","order_filled_timestamp":1765897200000,"ft_is_entry":true,"ft_order_tag":"","cost":352.4236716},{"amount":2680.0,"safe_price":0.13164,"ft_order_side":"sell","order_filled_timestamp":1765904400000,"ft_is_entry":false,"ft_order_tag":"roi","cost":353.14799519999997}],"funding_fees":0.0,"weekday":1},{"pair":"DOGE/USDT","stake_amount":351.97665,"max_stake_amount":351.97665,"amount":2685.0,"open_date":"2025-12-20 03:00:00+00:00","close_date":"2025-12-20 05:00:00+00:00","open_rate":0.13109,"close_rate":0.13135244244244243,"fee_open":0.001,"fee_close":0.001,"trade_duration":120,"profit_ratio":0.0,"profit_abs":0.0,"exit_reason":"roi","initial_stop_loss_abs":0.12454,"initial_stop_loss_ratio":-0.05,"stop_loss_abs":0.12454,"stop_loss_ratio":-0.05,"min_rate":0.13069,"max_rate":0.13182,"is_open":false,"enter_tag":"","leverage":1.0,"is_short":false,"open_timestamp":1766199600000,"close_timestamp":1766206800000,"orders":[{"amount":2685.0,"safe_price":0.13109,"ft_order_side":"buy","order_filled_timestamp":1766199600000,"ft_is_entry":true,"ft_order_tag":"","cost":352.32862665},{"amount":2685.0,"safe_price":0.13135244244244243,"ft_order_side":"sell","order_filled_timestamp":1766206800000,"ft_is_entry":false,"ft_order_tag":"roi","cost":353.03398926591586}],"funding_fees":0.0,"weekday":5},{"pair":"DOGE/USDT","stake_amount":352.0476,"max_stake_amount":352.0476,"amount":2664.0,"open_date":"2025-12-20 19:00:00+00:00","close_date":"2025-12-20 21:00:00+00:00","open_rate":0.13215,"close_rate":0.13241456456456455,"fee_open":0.001,"fee_close":0.001,"trade_duration":120,"profit_ratio":0.0,"profit_abs":0.0,"exit_reason":"roi","initial_stop_loss_abs":0.12555,"initial_stop_loss_ratio":-0.05,"stop_loss_abs":0.12555,"stop_loss_ratio":-0.05,"min_rate":0.13193,"max_rate":0.13246,"is_open":false,"enter_tag":"","leverage":1.0,"is_short":false,"open_timestamp":1766257200000,"close_timestamp":1766264400000,"orders":[{"amount":2664.0,"safe_price":0.13215,"ft_order_side":"buy","order_filled_timestamp":1766257200000,"ft_is_entry":true,"ft_order_tag":"","cost":352.3996475999999},{"amount":2664.0,"safe_price":0.13241456456456455,"ft_order_side":"sell","order_filled_timestamp":1766264400000,"ft_is_entry":false,"ft_order_tag":"roi","cost":353.10515239999995}],"funding_fees":0.0,"weekday":5},{"pair":"DOGE/USDT","stake_amount":352.08768,"max_stake_amount":352.08768,"amount":2856.0,"open_date":"2025-12-30 07:00:00+00:00","close_date":"2025-12-30 09:00:00+00:00","open_rate":0.12328,"close_rate":0.12452,"fee_open":0.001,"fee_close":0.001,"trade_duration":120,"profit_ratio":0.008040304925444447,"profit_abs":2.8337232,"exit_reason":"roi","initial_stop_loss_abs":0.11712,"initial_stop_loss_ratio":-0.05,"stop_loss_abs":0.11712,"stop_loss_ratio":-0.05,"min_rate":0.12323,"max_rate":0.1249,"is_open":false,"enter_tag":"","leverage":1.0,"is_short":false,"open_timestamp":1767078000000,"close_timestamp":1767085200000,"orders":[{"amount":2856.0,"safe_price":0.12328,"ft_order_side":"buy","order_filled_timestamp":1767078000000,"ft_is_entry":true,"ft_order_tag":"","cost":352.43976767999993},{"amount":2856.0,"safe_price":0.12452,"ft_order_side":"sell","order_filled_timestamp":1767085200000,"ft_is_entry":false,"ft_order_tag":"roi","cost":355.98474911999995}],"funding_fees":0.0,"weekday":1},{"pair":"DOGE/USDT","stake_amount":352.98348,"max_stake_amount":352.98348,"amount":2932.0,"open_date":"2026-01-01 09:00:00+00:00","close_date":"2026-01-01 11:00:00+00:00","open_rate":0.12039,"close_rate":0.120631021021021,"fee_open":0.001,"fee_close":0.001,"trade_duration":120,"profit_ratio":0.0,"profit_abs":0.0,"exit_reason":"roi","initial_stop_loss_abs":0.11438,"initial_stop_loss_ratio":-0.05,"stop_loss_abs":0.11438,"stop_loss_ratio":-0.05,"min_rate":0.12021,"max_rate":0.12126,"is_open":false,"enter_tag":"","leverage":1.0,"is_short":false,"open_timestamp":1767258000000,"close_timestamp":1767265200000,"orders":[{"amount":2932.0,"safe_price":0.12039,"ft_order_side":"buy","order_filled_timestamp":1767258000000,"ft_is_entry":true,"ft_order_tag":"","cost":353.33646347999996},{"amount":2932.0,"safe_price":0.120631021021021,"ft_order_side":"sell","order_filled_timestamp":1767265200000,"ft_is_entry":false,"ft_order_tag":"roi","cost":354.0438437872671}],"funding_fees":0.0,"weekday":3},{"pair":"DOGE/USDT","stake_amount":352.96908,"max_stake_amount":352.96908,"amount":2831.0,"open_date":"2026-01-01 16:00:00+00:00","close_date":"2026-01-01 18:00:00+00:00","open_rate":0.12468,"close_rate":0.1249296096096096,"fee_open":0.001,"fee_close":0.001,"trade_duration":120,"profit_ratio":0.0,"profit_abs":0.0,"exit_reason":"roi","initial_stop_loss_abs":0.11845,"initial_stop_loss_ratio":-0.05,"stop_loss_abs":0.11845,"stop_loss_ratio":-0.05,"min_rate":0.12363,"max_rate":0.12555,"is_open":false,"enter_tag":"","leverage":1.0,"is_short":false,"open_timestamp":1767283200000,"close_timestamp":1767290400000,"orders":[{"amount":2831.0,"safe_price":0.12468,"ft_order_side":"buy","order_filled_timestamp":1767283200000,"ft_is_entry":true,"ft_order_tag":"","cost":353.32204908},{"amount":2831.0,"safe_price":0.1249296096096096,"ft_order_side":"sell","order_filled_timestamp":1767290400000,"ft_is_entry":false,"ft_order_tag":"roi","cost":354.0294005296095}],"funding_fees":0.0,"weekday":3},{"pair":"DOGE/USDT","stake_amount":352.9288,"max_stake_amount":352.9288,"amount":2480.0,"open_date":"2026-01-03 21:00:00+00:00","close_date":"2026-01-03 23:00:00+00:00","open_rate":0.14231,"close_rate":0.14275,"fee_open":0.001,"fee_close":0.001,"trade_duration":120,"profit_ratio":0.001087662249913673,"profit_abs":0.3842512,"exit_reason":"roi","initial_stop_loss_abs":0.1352,"initial_stop_loss_ratio":-0.05,"stop_loss_abs":0.1352,"stop_loss_ratio":-0.05,"min_rate":0.14207,"max_rate":0.14372,"is_open":false,"enter_tag":"","leverage":1.0,"is_short":false,"open_timestamp":1767474000000,"close_timestamp":1767481200000,"orders":[{"amount":2480.0,"safe_price":0.14231,"ft_order_side":"buy","order_filled_timestamp":1767474000000,"ft_is_entry":true,"ft_order_tag":"","cost":353.28172879999994},{"amount":2480.0,"safe_price":0.14275,"ft_order_side":"sell","order_filled_timestamp":1767481200000,"ft_is_entry":false,"ft_order_tag":"roi","cost":354.3740199999999}],"funding_fees":0.0,"weekday":5},{"pair":"DOGE/USDT","stake_amount":353.13476,"max_stake_amount":353.13476,"amount":2332.0,"open_date":"2026-01-04 16:00:00+00:00","close_date":"2026-01-04 18:00:00+00:00","open_rate":0.15143,"close_rate":0.15219,"fee_open":0.001,"fee_close":0.001,"trade_duration":120,"profit_ratio":0.0030107909656215803,"profit_abs":1.06427816,"exit_reason":"roi","initial_stop_loss_abs":0.14386,"initial_stop_loss_ratio":-0.05,"stop_loss_abs":0.14386,"stop_loss_ratio":-0.05,"min_rate":0.15053,"max_rate":0.15285,"is_open":false,"enter_tag":"","leverage":1.0,"is_short":false,"open_timestamp":1767542400000,"close_timestamp":1767549600000,"orders":[{"amount":2332.0,"safe_price":0.15143,"ft_order_side":"buy","order_filled_timestamp":1767542400000,"ft_is_entry":true,"ft_order_tag":"","cost":353.48789476},{"amount":2332.0,"safe_price":0.15219,"ft_order_side":"sell","order_filled_timestamp":1767549600000,"ft_is_entry":false,"ft_order_tag":"roi","cost":355.26198708}],"funding_fees":0.0,"weekday":6},{"pair":"DOGE/USDT","stake_amount":353.38032,"max_stake_amount":353.38032,"amount":2384.0,"open_date":"2026-01-05 15:00:00+00:00","close_date":"2026-01-05 17:00:00+00:00","open_rate":0.14823,"close_rate":0.15047,"fee_open":0.001,"fee_close":0.001,"trade_duration":120,"profit_ratio":0.013083455706406526,"profit_abs":4.6280592,"exit_reason":"roi","initial_stop_loss_abs":0.14082,"initial_stop_loss_ratio":-0.05,"stop_loss_abs":0.14082,"stop_loss_ratio":-0.05,"min_rate":0.14648,"max_rate":0.15386,"is_open":false,"enter_tag":"","leverage":1.0,"is_short":false,"open_timestamp":1767625200000,"close_timestamp":1767632400000,"orders":[{"amount":2384.0,"safe_price":0.14823,"ft_order_side":"buy","order_filled_timestamp":1767625200000,"ft_is_entry":true,"ft_order_tag":"","cost":353.73370031999997},{"amount":2384.0,"safe_price":0.15047,"ft_order_side":"sell","order_filled_timestamp":1767632400000,"ft_is_entry":false,"ft_order_tag":"roi","cost":359.07920048}],"funding_fees":0.0,"weekday":0}],"locks":[],"best_pair":{"key":"DOGE/USDT","trades":44,"profit_mean":0.005061900009092093,"profit_mean_pct":0.51,"profit_total_abs":75.88818194999999,"profit_total":0.07588818195,"profit_total_pct":7.59,"duration_avg":"2:22:00","wins":22,"draws":21,"losses":1,"winrate":0.5,"cagr":0.3168494729503444,"expectancy":1.7247314079545453,"expectancy_ratio":-0.272116949213809,"sortino":-100,"sharpe":3.672984219359098,"calmar":186.22774304022178,"sqn":2.7792,"profit_factor":10.026854234592403,"max_drawdown_account":0.008026098154664435,"max_drawdown_abs":8.406935570000002},"worst_pair":{"key":"DOGE/USDT","trades":44,"profit_mean":0.005061900009092093,"profit_mean_pct":0.51,"profit_total_abs":75.88818194999999,"profit_total":0.07588818195,"profit_total_pct":7.59,"duration_avg":"2:22:00","wins":22,"draws":21,"losses":1,"winrate":0.5,"cagr":0.3168494729503444,"expectancy":1.7247314079545453,"expectancy_ratio":-0.272116949213809,"sortino":-100,"sharpe":3.672984219359098,"calmar":186.22774304022178,"sqn":2.7792,"profit_factor":10.026854234592403,"max_drawdown_account":0.008026098154664435,"max_drawdown_abs":8.406935570000002},"results_per_pair":[{"key":"DOGE/USDT","trades":44,"profit_mean":0.005061900009092093,"profit_mean_pct":0.51,"profit_total_abs":75.88818194999999,"profit_total":0.07588818195,"profit_total_pct":7.59,"duration_avg":"2:22:00","wins":22,"draws":21,"losses":1,"winrate":0.5,"cagr":0.3168494729503444,"expectancy":1.7247314079545453,"expectancy_ratio":-0.272116949213809,"sortino":-100,"sharpe":3.672984219359098,"calmar":186.22774304022178,"sqn":2.7792,"profit_factor":10.026854234592403,"max_drawdown_account":0.008026098154664435,"max_drawdown_abs":8.406935570000002},{"key":"TOTAL","trades":44,"profit_mean":0.005061900009092093,"profit_mean_pct":0.51,"profit_total_abs":75.88818194999999,"profit_total":0.07588818195,"profit_total_pct":7.59,"duration_avg":"2:22:00","wins":22,"draws":21,"losses":1,"winrate":0.5,"cagr":0.3168494729503444,"expectancy":1.7247314079545453,"expectancy_ratio":-0.272116949213809,"sortino":-100,"sharpe":3.672984219359098,"calmar":186.22774304022178,"sqn":2.7792,"profit_factor":10.026854234592403,"max_drawdown_account":0.008026098154664435,"max_drawdown_abs":8.406935570000002}],"results_per_enter_tag":[{"key":"","trades":44,"profit_mean":0.005061900009092093,"profit_mean_pct":0.51,"profit_total_abs":75.88818194999999,"profit_total":0.07588818195,"profit_total_pct":7.59,"duration_avg":"2:22:00","wins":22,"draws":21,"losses":1,"winrate":0.5,"cagr":0.3168494729503444,"expectancy":1.7247314079545453,"expectancy_ratio":-0.272116949213809,"sortino":-100,"sharpe":3.672984219359098,"calmar":186.22774304022178,"sqn":2.7792,"profit_factor":10.026854234592403,"max_drawdown_account":0.008026098154664435,"max_drawdown_abs":8.406935570000002},{"key":"TOTAL","trades":44,"profit_mean":0.005061900009092093,"profit_mean_pct":0.51,"profit_total_abs":75.88818194999999,"profit_total":0.07588818195,"profit_total_pct":7.59,"duration_avg":"2:22:00","wins":22,"draws":21,"losses":1,"winrate":0.5,"cagr":0.3168494729503444,"expectancy":1.7247314079545453,"expectancy_ratio":-0.272116949213809,"sortino":-100,"sharpe":3.672984219359098,"calmar":186.22774304022178,"sqn":2.7792,"profit_factor":10.026854234592403,"max_drawdown_account":0.008026098154664435,"max_drawdown_abs":8.406935570000002}],"exit_reason_summary":[{"key":"roi","trades":43,"profit_mean":0.0057449216781313645,"profit_mean_pct":0.57,"profit_total_abs":84.29511752,"profit_total":0.08429511752,"profit_total_pct":8.43,"duration_avg":"2:18:00","wins":22,"draws":21,"losses":0,"winrate":0.5116279069767442,"cagr":0.35598868297529584,"expectancy":1.960351570232558,"expectancy_ratio":100.0,"sortino":-100,"sharpe":4.359714082922133,"calmar":-100,"sqn":3.3361,"profit_factor":0.0,"max_drawdown_account":0.0,"max_drawdown_abs":0.0},{"key":"exit_signal","trades":1,"profit_mean":-0.024308031759596588,"profit_mean_pct":-2.43,"profit_total_abs":-8.40693557,"profit_total":-0.00840693557,"profit_total_pct":-0.84,"duration_avg":"5:00:00","wins":0,"draws":0,"losses":1,"winrate":0.0,"cagr":-0.03126876530230205,"expectancy":-8.40693557,"expectancy_ratio":-1.0,"sortino":-100,"sharpe":-100,"calmar":-19.69584863354934,"sqn":-100.0,"profit_factor":0.0,"max_drawdown_account":0.008406935569999973,"max_drawdown_abs":8.40693557},{"key":"TOTAL","trades":44,"profit_mean":0.005061900009092093,"profit_mean_pct":0.51,"profit_total_abs":75.88818194999999,"profit_total":0.07588818195,"profit_total_pct":7.59,"duration_avg":"2:22:00","wins":22,"draws":21,"losses":1,"winrate":0.5,"cagr":0.3168494729503444,"expectancy":1.7247314079545453,"expectancy_ratio":-0.272116949213809,"sortino":-100,"sharpe":3.672984219359098,"calmar":186.22774304022178,"sqn":2.7792,"profit_factor":10.026854234592403,"max_drawdown_account":0.008026098154664435,"max_drawdown_abs":8.406935570000002}],"mix_tag_stats":[{"key":["","roi"],"trades":43,"profit_mean":0.0057449216781313645,"profit_mean_pct":0.57,"profit_total_abs":84.29511752,"profit_total":0.08429511752,"profit_total_pct":8.43,"duration_avg":"2:18:00","wins":22,"draws":21,"losses":0,"winrate":0.5116279069767442,"cagr":0.35598868297529584,"expectancy":1.960351570232558,"expectancy_ratio":100.0,"sortino":-100,"sharpe":4.359714082922133,"calmar":-100,"sqn":3.3361,"profit_factor":0.0,"max_drawdown_account":0.0,"max_drawdown_abs":0.0},{"key":["","exit_signal"],"trades":1,"profit_mean":-0.024308031759596588,"profit_mean_pct":-2.43,"profit_total_abs":-8.40693557,"profit_total":-0.00840693557,"profit_total_pct":-0.84,"duration_avg":"5:00:00","wins":0,"draws":0,"losses":1,"winrate":0.0,"cagr":-0.03126876530230205,"expectancy":-8.40693557,"expectancy_ratio":-1.0,"sortino":-100,"sharpe":-100,"calmar":-19.69584863354934,"sqn":-100.0,"profit_factor":0.0,"max_drawdown_account":0.008406935569999973,"max_drawdown_abs":8.40693557},{"key":"TOTAL","trades":44,"profit_mean":0.005061900009092093,"profit_mean_pct":0.51,"profit_total_abs":75.88818194999999,"profit_total":0.07588818195,"profit_total_pct":7.59,"duration_avg":"2:22:00","wins":22,"draws":21,"losses":1,"winrate":0.5,"cagr":0.3168494729503444,"expectancy":1.7247314079545453,"expectancy_ratio":-0.272116949213809,"sortino":-100,"sharpe":3.672984219359098,"calmar":186.22774304022178,"sqn":2.7792,"profit_factor":10.026854234592403,"max_drawdown_account":0.008026098154664435,"max_drawdown_abs":8.406935570000002}],"left_open_trades":[{"key":"TOTAL","trades":0,"profit_mean":0.0,"profit_mean_pct":0.0,"profit_total_abs":0.0,"profit_total":0.0,"profit_total_pct":0.0,"duration_avg":"0:00","wins":0,"draws":0,"losses":0,"winrate":0.0,"cagr":0.0,"expectancy":0.0,"expectancy_ratio":100.0,"sortino":0,"sharpe":0,"calmar":0,"sqn":0.0,"profit_factor":0.0,"max_drawdown_account":0.0,"max_drawdown_abs":0.0}],"total_trades":44,"trade_count_long":44,"trade_count_short":0,"total_volume":30546.91143202397,"avg_stake_amount":345.5680734090909,"profit_mean":0.005061900009092093,"profit_median":2.6577669875226395e-05,"profit_total":0.07588818195,"profit_total_long":0.07588818195,"profit_total_short":0.0,"profit_total_abs":75.88818194999999,"profit_total_long_abs":75.88818194999999,"profit_total_short_abs":0.0,"cagr":0.3168494729503444,"expectancy":1.7247314079545453,"expectancy_ratio":-0.272116949213809,"sortino":-100,"sharpe":3.672984219359098,"calmar":186.22774304022178,"sqn":2.7792,"profit_factor":10.026854234592403,"backtest_start":"2025-10-01 00:00:00","backtest_start_ts":1759276800000,"backtest_end":"2026-01-06 20:00:00","backtest_end_ts":1767729600000,"backtest_days":97,"backtest_run_start_ts":1767752291,"backtest_run_end_ts":1767752291,"trades_per_day":0.45,"market_change":-0.36632086436227446,"pairlist":["DOGE/USDT"],"stake_amount":"unlimited","stake_currency":"USDT","stake_currency_decimals":3,"starting_balance":1000,"dry_run_wallet":1000,"final_balance":1075.88818195,"rejected_signals":0,"timedout_entry_orders":0,"timedout_exit_orders":0,"canceled_trade_entries":0,"canceled_entry_orders":0,"replaced_entry_orders":0,"max_open_trades":1,"max_open_trades_setting":3,"timeframe":"1h","timeframe_detail":"","timerange":"20251001-","enable_protections":false,"strategy_name":"ACO_56_17","freqaimodel":null,"freqai_identifier":null,"stoploss":-0.05,"trailing_stop":false,"trailing_stop_positive":null,"trailing_stop_positive_offset":0.0,"trailing_only_offset_is_reached":false,"use_custom_stoploss":false,"minimal_roi":{"0":0.1,"60":0.05,"120":0.0},"use_exit_signal":true,"exit_profit_only":false,"exit_profit_offset":0.0,"ignore_roi_if_entry_signal":false,"trading_mode":"spot","margin_mode":"","periodic_breakdown":{"day":[{"date":"02/10/2025","date_ts":1759363200000,"profit_abs":0.0,"wins":0,"draws":1,"losses":0,"trades":1,"profit_factor":0.0},{"date":"03/10/2025","date_ts":1759449600000,"profit_abs":0.0,"wins":0,"draws":0,"losses":0,"trades":0,"profit_factor":0.0},{"date":"04/10/2025","date_ts":1759536000000,"profit_abs":0.1724549,"wins":1,"draws":0,"losses":0,"trades":1,"profit_factor":0.0},{"date":"05/10/2025","date_ts":1759622400000,"profit_abs":0.0,"wins":0,"draws":0,"losses":0,"trades":0,"profit_factor":0.0},{"date":"06/10/2025","date_ts":1759708800000,"profit_abs":0.0,"wins":0,"draws":0,"losses":0,"trades":0,"profit_factor":0.0},{"date":"07/10/2025","date_ts":1759795200000,"profit_abs":0.0,"wins":0,"draws":0,"losses":0,"trades":0,"profit_factor":0.0},{"date":"08/10/2025","date_ts":1759881600000,"profit_abs":2.2719566,"wins":1,"draws":1,"losses":0,"trades":2,"profit_factor":0.0},{"date":"09/10/2025","date_ts":1759968000000,"profit_abs":0.0,"wins":0,"draws":0,"losses":0,"trades":0,"profit_factor":0.0},{"date":"10/10/2025","date_ts":1760054400000,"profit_abs":0.0,"wins":0,"draws":0,"losses":0,"trades":0,"profit_factor":0.0},{"date":"11/10/2025","date_ts":1760140800000,"profit_abs":4.91210832,"wins":1,"draws":0,"losses":0,"trades":1,"profit_factor":0.0},{"date":"12/10/2025","date_ts":1760227200000,"profit_abs":33.508146,"wins":2,"draws":0,"losses":0,"trades":2,"profit_factor":0.0},{"date":"13/10/2025","date_ts":1760313600000,"profit_abs":2.4926352,"wins":1,"draws":1,"losses":0,"trades":2,"profit_factor":0.0},{"date":"14/10/2025","date_ts":1760400000000,"profit_abs":0.0,"wins":0,"draws":0,"losses":0,"trades":0,"profit_factor":0.0},{"date":"15/10/2025","date_ts":1760486400000,"profit_abs":0.0529718,"wins":1,"draws":0,"losses":0,"trades":1,"profit_factor":0.0},{"date":"16/10/2025","date_ts":1760572800000,"profit_abs":0.0,"wins":0,"draws":0,"losses":0,"trades":0,"profit_factor":0.0},{"date":"17/10/2025","date_ts":1760659200000,"profit_abs":2.27579796,"wins":1,"draws":0,"losses":0,"trades":1,"profit_factor":0.0},{"date":"18/10/2025","date_ts":1760745600000,"profit_abs":0.0,"wins":0,"draws":1,"losses":0,"trades":1,"profit_factor":0.0},{"date":"19/10/2025","date_ts":1760832000000,"profit_abs":0.0,"wins":0,"draws":0,"losses":0,"trades":0,"profit_factor":0.0},{"date":"20/10/2025","date_ts":1760918400000,"profit_abs":0.0,"wins":0,"draws":1,"losses":0,"trades":1,"profit_factor":0.0},{"date":"21/10/2025","date_ts":1761004800000,"profit_abs":0.0,"wins":0,"draws":0,"losses":0,"trades":0,"profit_factor":0.0},{"date":"22/10/2025","date_ts":1761091200000,"profit_abs":1.76381184,"wins":1,"draws":0,"losses":0,"trades":1,"profit_factor":0.0},{"date":"23/10/2025","date_ts":1761177600000,"profit_abs":0.0,"wins":0,"draws":0,"losses":0,"trades":0,"profit_factor":0.0},{"date":"24/10/2025","date_ts":1761264000000,"profit_abs":0.0,"wins":0,"draws":0,"losses":0,"trades":0,"profit_factor":0.0},{"date":"25/10/2025","date_ts":1761350400000,"profit_abs":0.0,"wins":0,"draws":0,"losses":0,"trades":0,"profit_factor":0.0},{"date":"26/10/2025","date_ts":1761436800000,"profit_abs":0.0,"wins":0,"draws":0,"losses":0,"trades":0,"profit_factor":0.0},{"date":"27/10/2025","date_ts":1761523200000,"profit_abs":-8.40693557,"wins":0,"draws":0,"losses":1,"trades":1,"profit_factor":0.0},{"date":"28/10/2025","date_ts":1761609600000,"profit_abs":0.0,"wins":0,"draws":2,"losses":0,"trades":2,"profit_factor":0.0},{"date":"29/10/2025","date_ts":1761696000000,"profit_abs":0.0,"wins":0,"draws":0,"losses":0,"trades":0,"profit_factor":0.0},{"date":"30/10/2025","date_ts":1761782400000,"profit_abs":0.0,"wins":0,"draws":0,"losses":0,"trades":0,"profit_factor":0.0},{"date":"31/10/2025","date_ts":1761868800000,"profit_abs":0.0,"wins":0,"draws":0,"losses":0,"trades":0,"profit_factor":0.0},{"date":"01/11/2025","date_ts":1761955200000,"profit_abs":0.0,"wins":0,"draws":0,"losses":0,"trades":0,"profit_factor":0.0},{"date":"02/11/2025","date_ts":1762041600000,"profit_abs":0.0,"wins":0,"draws":0,"losses":0,"trades":0,"profit_factor":0.0},{"date":"03/11/2025","date_ts":1762128000000,"profit_abs":0.0,"wins":0,"draws":0,"losses":0,"trades":0,"profit_factor":0.0},{"date":"04/11/2025","date_ts":1762214400000,"profit_abs":9.11908419,"wins":1,"draws":0,"losses":0,"trades":1,"profit_factor":0.0},{"date":"05/11/2025","date_ts":1762300800000,"profit_abs":0.0,"wins":0,"draws":0,"losses":0,"trades":0,"profit_factor":0.0},{"date":"06/11/2025","date_ts":1762387200000,"profit_abs":0.0,"wins":0,"draws":0,"losses":0,"trades":0,"profit_factor":0.0},{"date":"07/11/2025","date_ts":1762473600000,"profit_abs":1.66038243,"wins":1,"draws":0,"losses":0,"trades":1,"profit_factor":0.0},{"date":"08/11/2025","date_ts":1762560000000,"profit_abs":0.0,"wins":0,"draws":2,"losses":0,"trades":2,"profit_factor":0.0},{"date":"09/11/2025","date_ts":1762646400000,"profit_abs":0.0,"wins":0,"draws":0,"losses":0,"trades":0,"profit_factor":0.0},{"date":"10/11/2025","date_ts":1762732800000,"profit_abs":5.0125085,"wins":1,"draws":2,"losses":0,"trades":3,"profit_factor":0.0},{"date":"11/11/2025","date_ts":1762819200000,"profit_abs":0.0,"wins":0,"draws":0,"losses":0,"trades":0,"profit_factor":0.0},{"date":"12/11/2025","date_ts":1762905600000,"profit_abs":3.8970505,"wins":1,"draws":0,"losses":0,"trades":1,"profit_factor":0.0},{"date":"13/11/2025","date_ts":1762992000000,"profit_abs":0.0,"wins":0,"draws":0,"losses":0,"trades":0,"profit_factor":0.0},{"date":"14/11/2025","date_ts":1763078400000,"profit_abs":1.0971352,"wins":1,"draws":0,"losses":0,"trades":1,"profit_factor":0.0},{"date":"15/11/2025","date_ts":1763164800000,"profit_abs":0.0,"wins":0,"draws":1,"losses":0,"trades":1,"profit_factor":0.0},{"date":"16/11/2025","date_ts":1763251200000,"profit_abs":0.0,"wins":0,"draws":0,"losses":0,"trades":0,"profit_factor":0.0},{"date":"17/11/2025","date_ts":1763337600000,"profit_abs":0.0,"wins":0,"draws":0,"losses":0,"trades":0,"profit_factor":0.0},{"date":"18/11/2025","date_ts":1763424000000,"profit_abs":0.0,"wins":0,"draws":2,"losses":0,"trades":2,"profit_factor":0.0},{"date":"19/11/2025","date_ts":1763510400000,"profit_abs":0.0,"wins":0,"draws":0,"losses":0,"trades":0,"profit_factor":0.0},{"date":"20/11/2025","date_ts":1763596800000,"profit_abs":0.0,"wins":0,"draws":0,"losses":0,"trades":0,"profit_factor":0.0},{"date":"21/11/2025","date_ts":1763683200000,"profit_abs":0.0,"wins":0,"draws":0,"losses":0,"trades":0,"profit_factor":0.0},{"date":"22/11/2025","date_ts":1763769600000,"profit_abs":0.40570932,"wins":1,"draws":1,"losses":0,"trades":2,"profit_factor":0.0},{"date":"23/11/2025","date_ts":1763856000000,"profit_abs":2.2098472,"wins":1,"draws":1,"losses":0,"trades":2,"profit_factor":0.0},{"date":"24/11/2025","date_ts":1763942400000,"profit_abs":4.5144726,"wins":1,"draws":0,"losses":0,"trades":1,"profit_factor":0.0},{"date":"25/11/2025","date_ts":1764028800000,"profit_abs":0.0,"wins":0,"draws":0,"losses":0,"trades":0,"profit_factor":0.0},{"date":"26/11/2025","date_ts":1764115200000,"profit_abs":0.0,"wins":0,"draws":0,"losses":0,"trades":0,"profit_factor":0.0},{"date":"27/11/2025","date_ts":1764201600000,"profit_abs":0.0,"wins":0,"draws":0,"losses":0,"trades":0,"profit_factor":0.0},{"date":"28/11/2025","date_ts":1764288000000,"profit_abs":0.0,"wins":0,"draws":0,"losses":0,"trades":0,"profit_factor":0.0},{"date":"29/11/2025","date_ts":1764374400000,"profit_abs":0.0,"wins":0,"draws":0,"losses":0,"trades":0,"profit_factor":0.0},{"date":"30/11/2025","date_ts":1764460800000,"profit_abs":0.0,"wins":0,"draws":0,"losses":0,"trades":0,"profit_factor":0.0},{"date":"01/12/2025","date_ts":1764547200000,"profit_abs":0.0,"wins":0,"draws":0,"losses":0,"trades":0,"profit_factor":0.0},{"date":"02/12/2025","date_ts":1764633600000,"profit_abs":0.0,"wins":0,"draws":0,"losses":0,"trades":0,"profit_factor":0.0},{"date":"03/12/2025","date_ts":1764720000000,"profit_abs":0.0,"wins":0,"draws":0,"losses":0,"trades":0,"profit_factor":0.0},{"date":"04/12/2025","date_ts":1764806400000,"profit_abs":0.0,"wins":0,"draws":0,"losses":0,"trades":0,"profit_factor":0.0},{"date":"05/12/2025","date_ts":1764892800000,"profit_abs":0.0,"wins":0,"draws":0,"losses":0,"trades":0,"profit_factor":0.0},{"date":"06/12/2025","date_ts":1764979200000,"profit_abs":0.0,"wins":0,"draws":1,"losses":0,"trades":1,"profit_factor":0.0},{"date":"07/12/2025","date_ts":1765065600000,"profit_abs":0.0,"wins":0,"draws":0,"losses":0,"trades":0,"profit_factor":0.0},{"date":"08/12/2025","date_ts":1765152000000,"profit_abs":0.0,"wins":0,"draws":0,"losses":0,"trades":0,"profit_factor":0.0},{"date":"09/12/2025","date_ts":1765238400000,"profit_abs":0.0,"wins":0,"draws":0,"losses":0,"trades":0,"profit_factor":0.0},{"date":"10/12/2025","date_ts":1765324800000,"profit_abs":0.0,"wins":0,"draws":0,"losses":0,"trades":0,"profit_factor":0.0},{"date":"11/12/2025","date_ts":1765411200000,"profit_abs":0.0,"wins":0,"draws":0,"losses":0,"trades":0,"profit_factor":0.0},{"date":"12/12/2025","date_ts":1765497600000,"profit_abs":0.0,"wins":0,"draws":0,"losses":0,"trades":0,"profit_factor":0.0},{"date":"13/12/2025","date_ts":1765584000000,"profit_abs":0.0,"wins":0,"draws":0,"losses":0,"trades":0,"profit_factor":0.0},{"date":"14/12/2025","date_ts":1765670400000,"profit_abs":0.0,"wins":0,"draws":0,"losses":0,"trades":0,"profit_factor":0.0},{"date":"15/12/2025","date_ts":1765756800000,"profit_abs":0.0,"wins":0,"draws":0,"losses":0,"trades":0,"profit_factor":0.0},{"date":"16/12/2025","date_ts":1765843200000,"profit_abs":0.0187332,"wins":1,"draws":0,"losses":0,"trades":1,"profit_factor":0.0},{"date":"17/12/2025","date_ts":1765929600000,"profit_abs":0.0,"wins":0,"draws":0,"losses":0,"trades":0,"profit_factor":0.0},{"date":"18/12/2025","date_ts":1766016000000,"profit_abs":0.0,"wins":0,"draws":0,"losses":0,"trades":0,"profit_factor":0.0},{"date":"19/12/2025","date_ts":1766102400000,"profit_abs":0.0,"wins":0,"draws":0,"losses":0,"trades":0,"profit_factor":0.0},{"date":"20/12/2025","date_ts":1766188800000,"profit_abs":0.0,"wins":0,"draws":2,"losses":0,"trades":2,"profit_factor":0.0},{"date":"21/12/2025","date_ts":1766275200000,"profit_abs":0.0,"wins":0,"draws":0,"losses":0,"trades":0,"profit_factor":0.0},{"date":"22/12/2025","date_ts":1766361600000,"profit_abs":0.0,"wins":0,"draws":0,"losses":0,"trades":0,"profit_factor":0.0},{"date":"23/12/2025","date_ts":1766448000000,"profit_abs":0.0,"wins":0,"draws":0,"losses":0,"trades":0,"profit_factor":0.0},{"date":"24/12/2025","date_ts":1766534400000,"profit_abs":0.0,"wins":0,"draws":0,"losses":0,"trades":0,"profit_factor":0.0},{"date":"25/12/2025","date_ts":1766620800000,"profit_abs":0.0,"wins":0,"draws":0,"losses":0,"trades":0,"profit_factor":0.0},{"date":"26/12/2025","date_ts":1766707200000,"profit_abs":0.0,"wins":0,"draws":0,"losses":0,"trades":0,"profit_factor":0.0},{"date":"27/12/2025","date_ts":1766793600000,"profit_abs":0.0,"wins":0,"draws":0,"losses":0,"trades":0,"profit_factor":0.0},{"date":"28/12/2025","date_ts":1766880000000,"profit_abs":0.0,"wins":0,"draws":0,"losses":0,"trades":0,"profit_factor":0.0},{"date":"29/12/2025","date_ts":1766966400000,"profit_abs":0.0,"wins":0,"draws":0,"losses":0,"trades":0,"profit_factor":0.0},{"date":"30/12/2025","date_ts":1767052800000,"profit_abs":2.8337232,"wins":1,"draws":0,"losses":0,"trades":1,"profit_factor":0.0},{"date":"31/12/2025","date_ts":1767139200000,"profit_abs":0.0,"wins":0,"draws":0,"losses":0,"trades":0,"profit_factor":0.0},{"date":"01/01/2026","date_ts":1767225600000,"profit_abs":0.0,"wins":0,"draws":2,"losses":0,"trades":2,"profit_factor":0.0},{"date":"02/01/2026","date_ts":1767312000000,"profit_abs":0.0,"wins":0,"draws":0,"losses":0,"trades":0,"profit_factor":0.0},{"date":"03/01/2026","date_ts":1767398400000,"profit_abs":0.3842512,"wins":1,"draws":0,"losses":0,"trades":1,"profit_factor":0.0},{"date":"04/01/2026","date_ts":1767484800000,"profit_abs":1.06427816,"wins":1,"draws":0,"losses":0,"trades":1,"profit_factor":0.0},{"date":"05/01/2026","date_ts":1767571200000,"profit_abs":4.6280592,"wins":1,"draws":0,"losses":0,"trades":1,"profit_factor":0.0}],"week":[{"date":"06/10/2025","date_ts":1759708800000,"profit_abs":0.1724549,"wins":1,"draws":1,"losses":0,"trades":2,"profit_factor":0.0},{"date":"13/10/2025","date_ts":1760313600000,"profit_abs":43.18484612,"wins":5,"draws":2,"losses":0,"trades":7,"profit_factor":0.0},{"date":"20/10/2025","date_ts":1760918400000,"profit_abs":2.32876976,"wins":2,"draws":2,"losses":0,"trades":4,"profit_factor":0.0},{"date":"27/10/2025","date_ts":1761523200000,"profit_abs":-6.64312373,"wins":1,"draws":0,"losses":1,"trades":2,"profit_factor":0.20980437},{"date":"03/11/2025","date_ts":1762128000000,"profit_abs":0.0,"wins":0,"draws":2,"losses":0,"trades":2,"profit_factor":0.0},{"date":"10/11/2025","date_ts":1762732800000,"profit_abs":15.79197512,"wins":3,"draws":4,"losses":0,"trades":7,"profit_factor":0.0},{"date":"17/11/2025","date_ts":1763337600000,"profit_abs":4.9941857,"wins":2,"draws":1,"losses":0,"trades":3,"profit_factor":0.0},{"date":"24/11/2025","date_ts":1763942400000,"profit_abs":7.13002912,"wins":3,"draws":4,"losses":0,"trades":7,"profit_factor":0.0},{"date":"01/12/2025","date_ts":1764547200000,"profit_abs":0.0,"wins":0,"draws":0,"losses":0,"trades":0,"profit_factor":0.0},{"date":"08/12/2025","date_ts":1765152000000,"profit_abs":0.0,"wins":0,"draws":1,"losses":0,"trades":1,"profit_factor":0.0},{"date":"15/12/2025","date_ts":1765756800000,"profit_abs":0.0,"wins":0,"draws":0,"losses":0,"trades":0,"profit_factor":0.0},{"date":"22/12/2025","date_ts":1766361600000,"profit_abs":0.0187332,"wins":1,"draws":2,"losses":0,"trades":3,"profit_factor":0.0},{"date":"29/12/2025","date_ts":1766966400000,"profit_abs":0.0,"wins":0,"draws":0,"losses":0,"trades":0,"profit_factor":0.0},{"date":"05/01/2026","date_ts":1767571200000,"profit_abs":8.91031176,"wins":4,"draws":2,"losses":0,"trades":6,"profit_factor":0.0}],"month":[{"date":"31/10/2025","date_ts":1761868800000,"profit_abs":39.04294705,"wins":9,"draws":7,"losses":1,"trades":17,"profit_factor":5.6441354},{"date":"30/11/2025","date_ts":1764460800000,"profit_abs":27.91618994,"wins":8,"draws":9,"losses":0,"trades":17,"profit_factor":0.0},{"date":"31/12/2025","date_ts":1767139200000,"profit_abs":2.8524564,"wins":2,"draws":3,"losses":0,"trades":5,"profit_factor":0.0},{"date":"31/01/2026","date_ts":1769817600000,"profit_abs":6.07658856,"wins":3,"draws":2,"losses":0,"trades":5,"profit_factor":0.0}],"year":[{"date":"31/12/2025","date_ts":1767139200000,"profit_abs":69.81159339,"wins":19,"draws":19,"losses":1,"trades":39,"profit_factor":9.30404763},{"date":"31/12/2026","date_ts":1798675200000,"profit_abs":6.07658856,"wins":3,"draws":2,"losses":0,"trades":5,"profit_factor":0.0}],"weekday":[{"date":"Monday","date_ts":0,"profit_abs":8.24073993,"wins":4,"draws":4,"losses":1,"trades":9,"profit_factor":1.98023113},{"date":"Tuesday","date_ts":1,"profit_abs":11.97154059,"wins":3,"draws":4,"losses":0,"trades":7,"profit_factor":0.0},{"date":"Wednesday","date_ts":2,"profit_abs":7.98579074,"wins":4,"draws":1,"losses":0,"trades":5,"profit_factor":0.0},{"date":"Thursday","date_ts":3,"profit_abs":0.0,"wins":0,"draws":3,"losses":0,"trades":3,"profit_factor":0.0},{"date":"Friday","date_ts":4,"profit_abs":5.03331559,"wins":3,"draws":0,"losses":0,"trades":3,"profit_factor":0.0},{"date":"Saturday","date_ts":5,"profit_abs":5.87452374,"wins":4,"draws":8,"losses":0,"trades":12,"profit_factor":0.0},{"date":"Sunday","date_ts":6,"profit_abs":36.78227136,"wins":4,"draws":1,"losses":0,"trades":5,"profit_factor":0.0}]},"backtest_best_day":0.0999000999000999,"backtest_worst_day":-0.024308031759596588,"backtest_best_day_abs":33.508146,"backtest_worst_day_abs":-8.40693557,"winning_days":21,"draw_days":74,"losing_days":1,"daily_profit":[["2025-10-02",0.0],["2025-10-03",0.0],["2025-10-04",0.1724549],["2025-10-05",0.0],["2025-10-06",0.0],["2025-10-07",0.0],["2025-10-08",2.2719566],["2025-10-09",0.0],["2025-10-10",0.0],["2025-10-11",4.91210832],["2025-10-12",33.508146],["2025-10-13",2.4926352],["2025-10-14",0.0],["2025-10-15",0.0529718],["2025-10-16",0.0],["2025-10-17",2.27579796],["2025-10-18",0.0],["2025-10-19",0.0],["2025-10-20",0.0],["2025-10-21",0.0],["2025-10-22",1.76381184],["2025-10-23",0.0],["2025-10-24",0.0],["2025-10-25",0.0],["2025-10-26",0.0],["2025-10-27",-8.40693557],["2025-10-28",0.0],["2025-10-29",0.0],["2025-10-30",0.0],["2025-10-31",0.0],["2025-11-01",0.0],["2025-11-02",0.0],["2025-11-03",0.0],["2025-11-04",9.11908419],["2025-11-05",0.0],["2025-11-06",0.0],["2025-11-07",1.66038243],["2025-11-08",0.0],["2025-11-09",0.0],["2025-11-10",5.0125085],["2025-11-11",0.0],["2025-11-12",3.8970505],["2025-11-13",0.0],["2025-11-14",1.0971352],["2025-11-15",0.0],["2025-11-16",0.0],["2025-11-17",0.0],["2025-11-18",0.0],["2025-11-19",0.0],["2025-11-20",0.0],["2025-11-21",0.0],["2025-11-22",0.40570932],["2025-11-23",2.2098472],["2025-11-24",4.5144726],["2025-11-25",0.0],["2025-11-26",0.0],["2025-11-27",0.0],["2025-11-28",0.0],["2025-11-29",0.0],["2025-11-30",0.0],["2025-12-01",0.0],["2025-12-02",0.0],["2025-12-03",0.0],["2025-12-04",0.0],["2025-12-05",0.0],["2025-12-06",0.0],["2025-12-07",0.0],["2025-12-08",0.0],["2025-12-09",0.0],["2025-12-10",0.0],["2025-12-11",0.0],["2025-12-12",0.0],["2025-12-13",0.0],["2025-12-14",0.0],["2025-12-15",0.0],["2025-12-16",0.0187332],["2025-12-17",0.0],["2025-12-18",0.0],["2025-12-19",0.0],["2025-12-20",0.0],["2025-12-21",0.0],["2025-12-22",0.0],["2025-12-23",0.0],["2025-12-24",0.0],["2025-12-25",0.0],["2025-12-26",0.0],["2025-12-27",0.0],["2025-12-28",0.0],["2025-12-29",0.0],["2025-12-30",2.8337232],["2025-12-31",0.0],["2026-01-01",0.0],["2026-01-02",0.0],["2026-01-03",0.3842512],["2026-01-04",1.06427816],["2026-01-05",4.6280592]],"wins":22,"losses":1,"draws":21,"winrate":0.5,"holding_avg":"2:22:00","holding_avg_s":8520.0,"winner_holding_min":"0d 01:00","winner_holding_min_s":3600.0,"winner_holding_max":"0d 02:00","winner_holding_max_s":7200.0,"winner_holding_avg":"0d 01:55","winner_holding_avg_s":6900.0,"loser_holding_min":"0d 05:00","loser_holding_min_s":18000.0,"loser_holding_max":"0d 05:00","loser_holding_max_s":18000.0,"loser_holding_avg":"0d 05:00","loser_holding_avg_s":18000.0,"max_consecutive_wins":4,"max_consecutive_losses":4,"max_drawdown_account":0.008026098154664435,"max_relative_drawdown":0.008026098154664435,"max_drawdown_abs":8.406935570000002,"drawdown_start":"2025-10-22 14:00:00","drawdown_start_ts":1761141600000.0,"drawdown_end":"2025-10-27 12:00:00","drawdown_end_ts":1761566400000.0,"drawdown_duration":"4 days 22:00:00","drawdown_duration_s":424800.0,"max_drawdown_low":39.04294705,"max_drawdown_high":47.449882620000004,"csum_min":1000.0,"csum_max":1075.88818195}},"strategy_comparison":[{"key":"ACO_56_17","trades":44,"profit_mean":0.005061900009092093,"profit_mean_pct":0.51,"profit_total_abs":75.88818194999999,"profit_total":0.07588818195,"profit_total_pct":7.59,"duration_avg":"2:22:00","wins":22,"draws":21,"losses":1,"winrate":0.5,"cagr":0.3168494729503444,"expectancy":1.7247314079545453,"expectancy_ratio":-0.272116949213809,"sortino":-100,"sharpe":3.672984219359098,"calmar":186.22774304022178,"sqn":2.7792,"profit_factor":10.026854234592403,"max_drawdown_account":0.008026098154664435,"max_drawdown_abs":"8.407"}]}