{"strategy":{"ACO_46_11":{"trades":[{"pair":"DOGE/USDT","stake_amount":329.92926,"max_stake_amount":329.92926,"amount":1689.0,"open_date":"2025-10-11 09:00:00+00:00","close_date":"2025-10-11 19:00:00+00:00","open_rate":0.19534,"close_rate":0.18558,"fee_open":0.001,"fee_close":0.001,"trade_duration":600,"profit_ratio":-0.05186233854197405,"profit_abs":-17.12801388,"exit_reason":"stop_loss","initial_stop_loss_abs":0.18558,"initial_stop_loss_ratio":-0.05,"stop_loss_abs":0.18558,"stop_loss_ratio":-0.05,"min_rate":0.18286,"max_rate":0.19776,"is_open":false,"enter_tag":"","leverage":1.0,"is_short":false,"open_timestamp":1760173200000,"close_timestamp":1760209200000,"orders":[{"amount":1689.0,"safe_price":0.19534,"ft_order_side":"buy","order_filled_timestamp":1760173200000,"ft_is_entry":true,"ft_order_tag":"","cost":330.25918925999997},{"amount":1689.0,"safe_price":0.18558,"ft_order_side":"sell","order_filled_timestamp":1760209200000,"ft_is_entry":false,"ft_order_tag":"stop_loss","cost":313.75806461999997}],"funding_fees":0.0,"weekday":5},{"pair":"DOGE/USDT","stake_amount":324.27165,"max_stake_amount":324.27165,"amount":1759.0,"open_date":"2025-10-11 22:00:00+00:00","close_date":"2025-10-12 00:00:00+00:00","open_rate":0.18435,"close_rate":0.18527,"fee_open":0.001,"fee_close":0.001,"trade_duration":120,"profit_ratio":0.002982534146081746,"profit_abs":0.96811842,"exit_reason":"roi","initial_stop_loss_abs":0.17514,"initial_stop_loss_ratio":-0.05,"stop_loss_abs":0.17514,"stop_loss_ratio":-0.05,"min_rate":0.18189,"max_rate":0.18622,"is_open":false,"enter_tag":"","leverage":1.0,"is_short":false,"open_timestamp":1760220000000,"close_timestamp":1760227200000,"orders":[{"amount":1759.0,"safe_price":0.18435,"ft_order_side":"buy","order_filled_timestamp":1760220000000,"ft_is_entry":true,"ft_order_tag":"","cost":324.59592165},{"amount":1759.0,"safe_price":0.18527,"ft_order_side":"sell","order_filled_timestamp":1760227200000,"ft_is_entry":false,"ft_order_tag":"roi","cost":326.21581992999995}],"funding_fees":0.0,"weekday":6},{"pair":"DOGE/USDT","stake_amount":324.6117,"max_stake_amount":324.6117,"amount":1655.0,"open_date":"2025-10-12 15:00:00+00:00","close_date":"2025-10-12 16:00:00+00:00","open_rate":0.19614,"close_rate":0.2063494894894895,"fee_open":0.001,"fee_close":0.001,"trade_duration":60,"profit_ratio":0.04995004995004996,"profit_abs":16.230585,"exit_reason":"roi","initial_stop_loss_abs":0.18634,"initial_stop_loss_ratio":-0.05,"stop_loss_abs":0.18634,"stop_loss_ratio":-0.05,"min_rate":0.19562,"max_rate":0.2095,"is_open":false,"enter_tag":"","leverage":1.0,"is_short":false,"open_timestamp":1760281200000,"close_timestamp":1760284800000,"orders":[{"amount":1655.0,"safe_price":0.19614,"ft_order_side":"buy","order_filled_timestamp":1760281200000,"ft_is_entry":true,"ft_order_tag":"","cost":324.93631170000003},{"amount":1655.0,"safe_price":0.2063494894894895,"ft_order_side":"sell","order_filled_timestamp":1760284800000,"ft_is_entry":false,"ft_order_tag":"roi","cost":341.8499135102102}],"funding_fees":0.0,"weekday":6},{"pair":"DOGE/USDT","stake_amount":329.90408,"max_stake_amount":329.90408,"amount":1576.0,"open_date":"2025-10-13 02:00:00+00:00","close_date":"2025-10-13 04:00:00+00:00","open_rate":0.20933,"close_rate":0.20974907907907905,"fee_open":0.001,"fee_close":0.001,"trade_duration":120,"profit_ratio":0.0,"profit_abs":0.0,"exit_reason":"roi","initial_stop_loss_abs":0.19887,"initial_stop_loss_ratio":-0.05,"stop_loss_abs":0.19887,"stop_loss_ratio":-0.05,"min_rate":0.20642,"max_rate":0.20999,"is_open":false,"enter_tag":"","leverage":1.0,"is_short":false,"open_timestamp":1760320800000,"close_timestamp":1760328000000,"orders":[{"amount":1576.0,"safe_price":0.20933,"ft_order_side":"buy","order_filled_timestamp":1760320800000,"ft_is_entry":true,"ft_order_tag":"","cost":330.2339840799999},{"amount":1576.0,"safe_price":0.20974907907907905,"ft_order_side":"sell","order_filled_timestamp":1760328000000,"ft_is_entry":false,"ft_order_tag":"roi","cost":330.8951131772572}],"funding_fees":0.0,"weekday":0},{"pair":"DOGE/USDT","stake_amount":329.90132,"max_stake_amount":329.90132,"amount":1666.0,"open_date":"2025-10-14 14:00:00+00:00","close_date":"2025-10-14 16:00:00+00:00","open_rate":0.19802,"close_rate":0.2035,"fee_open":0.001,"fee_close":0.001,"trade_duration":120,"profit_ratio":0.025620677676025626,"profit_abs":8.46074768,"exit_reason":"roi","initial_stop_loss_abs":0.18812,"initial_stop_loss_ratio":-0.05,"stop_loss_abs":0.18812,"stop_loss_ratio":-0.05,"min_rate":0.19749,"max_rate":0.2071,"is_open":false,"enter_tag":"","leverage":1.0,"is_short":false,"open_timestamp":1760450400000,"close_timestamp":1760457600000,"orders":[{"amount":1666.0,"safe_price":0.19802,"ft_order_side":"buy","order_filled_timestamp":1760450400000,"ft_is_entry":true,"ft_order_tag":"","cost":330.23122132},{"amount":1666.0,"safe_price":0.2035,"ft_order_side":"sell","order_filled_timestamp":1760457600000,"ft_is_entry":false,"ft_order_tag":"roi","cost":339.3700309999999}],"funding_fees":0.0,"weekday":1},{"pair":"DOGE/USDT","stake_amount":332.71332,"max_stake_amount":332.71332,"amount":1636.0,"open_date":"2025-10-14 18:00:00+00:00","close_date":"2025-10-14 20:00:00+00:00","open_rate":0.20337,"close_rate":0.20377714714714712,"fee_open":0.001,"fee_close":0.001,"trade_duration":120,"profit_ratio":0.0,"profit_abs":0.0,"exit_reason":"roi","initial_stop_loss_abs":0.19321,"initial_stop_loss_ratio":-0.05,"stop_loss_abs":0.19321,"stop_loss_ratio":-0.05,"min_rate":0.20036,"max_rate":0.20574,"is_open":false,"enter_tag":"","leverage":1.0,"is_short":false,"open_timestamp":1760464800000,"close_timestamp":1760472000000,"orders":[{"amount":1636.0,"safe_price":0.20337,"ft_order_side":"buy","order_filled_timestamp":1760464800000,"ft_is_entry":true,"ft_order_tag":"","cost":333.04603332},{"amount":1636.0,"safe_price":0.20377714714714712,"ft_order_side":"sell","order_filled_timestamp":1760472000000,"ft_is_entry":false,"ft_order_tag":"roi","cost":333.7127921454654}],"funding_fees":0.0,"weekday":1},{"pair":"DOGE/USDT","stake_amount":332.66688,"max_stake_amount":332.66688,"amount":1768.0,"open_date":"2025-10-16 22:00:00+00:00","close_date":"2025-10-17 00:00:00+00:00","open_rate":0.18816,"close_rate":0.18853669669669668,"fee_open":0.001,"fee_close":0.001,"trade_duration":120,"profit_ratio":0.0,"profit_abs":0.0,"exit_reason":"roi","initial_stop_loss_abs":0.17876,"initial_stop_loss_ratio":-0.05,"stop_loss_abs":0.17876,"stop_loss_ratio":-0.05,"min_rate":0.18616,"max_rate":0.19011,"is_open":false,"enter_tag":"","leverage":1.0,"is_short":false,"open_timestamp":1760652000000,"close_timestamp":1760659200000,"orders":[{"amount":1768.0,"safe_price":0.18816,"ft_order_side":"buy","order_filled_timestamp":1760652000000,"ft_is_entry":true,"ft_order_tag":"","cost":332.99954687999997},{"amount":1768.0,"safe_price":0.18853669669669668,"ft_order_side":"sell","order_filled_timestamp":1760659200000,"ft_is_entry":false,"ft_order_tag":"roi","cost":333.6662126395195}],"funding_fees":0.0,"weekday":4},{"pair":"DOGE/USDT","stake_amount":332.69149,"max_stake_amount":332.69149,"amount":1993.0,"open_date":"2025-11-04 15:00:00+00:00","close_date":"2025-11-04 17:00:00+00:00","open_rate":0.16693,"close_rate":0.16016,"fee_open":0.001,"fee_close":0.001,"trade_duration":120,"profit_ratio":-0.04247289282932966,"profit_abs":-14.14450037,"exit_reason":"exit_signal","initial_stop_loss_abs":0.15859,"initial_stop_loss_ratio":-0.05,"stop_loss_abs":0.15859,"stop_loss_ratio":-0.05,"min_rate":0.1562,"max_rate":0.16853,"is_open":false,"enter_tag":"","leverage":1.0,"is_short":false,"open_timestamp":1762268400000,"close_timestamp":1762275600000,"orders":[{"amount":1993.0,"safe_price":0.16693,"ft_order_side":"buy","order_filled_timestamp":1762268400000,"ft_is_entry":true,"ft_order_tag":"","cost":333.02418148999993},{"amount":1993.0,"safe_price":0.16016,"ft_order_side":"sell","order_filled_timestamp":1762275600000,"ft_is_entry":false,"ft_order_tag":"exit_signal","cost":319.51807887999996}],"funding_fees":0.0,"weekday":1},{"pair":"DOGE/USDT","stake_amount":328.13099,"max_stake_amount":328.13099,"amount":2053.0,"open_date":"2025-11-04 19:00:00+00:00","close_date":"2025-11-04 20:00:00+00:00","open_rate":0.15983,"close_rate":0.15184,"fee_open":0.001,"fee_close":0.001,"trade_duration":60,"profit_ratio":-0.05188873567776152,"profit_abs":-17.04332851,"exit_reason":"stop_loss","initial_stop_loss_abs":0.15184,"initial_stop_loss_ratio":-0.05,"stop_loss_abs":0.15184,"stop_loss_ratio":-0.05,"min_rate":0.15159,"max_rate":0.16152,"is_open":false,"enter_tag":"","leverage":1.0,"is_short":false,"open_timestamp":1762282800000,"close_timestamp":1762286400000,"orders":[{"amount":2053.0,"safe_price":0.15983,"ft_order_side":"buy","order_filled_timestamp":1762282800000,"ft_is_entry":true,"ft_order_tag":"","cost":328.45912099},{"amount":2053.0,"safe_price":0.15184,"ft_order_side":"sell","order_filled_timestamp":1762286400000,"ft_is_entry":false,"ft_order_tag":"stop_loss","cost":312.03924752}],"funding_fees":0.0,"weekday":1},{"pair":"DOGE/USDT","stake_amount":322.51584,"max_stake_amount":322.51584,"amount":1968.0,"open_date":"2025-11-05 12:00:00+00:00","close_date":"2025-11-05 14:00:00+00:00","open_rate":0.16388,"close_rate":0.16553,"fee_open":0.001,"fee_close":0.001,"trade_duration":120,"profit_ratio":0.00805022412296027,"profit_abs":2.59892112,"exit_reason":"roi","initial_stop_loss_abs":0.15569,"initial_stop_loss_ratio":-0.05,"stop_loss_abs":0.15569,"stop_loss_ratio":-0.05,"min_rate":0.163,"max_rate":0.16709,"is_open":false,"enter_tag":"","leverage":1.0,"is_short":false,"open_timestamp":1762344000000,"close_timestamp":1762351200000,"orders":[{"amount":1968.0,"safe_price":0.16388,"ft_order_side":"buy","order_filled_timestamp":1762344000000,"ft_is_entry":true,"ft_order_tag":"","cost":322.8383558399999},{"amount":1968.0,"safe_price":0.16553,"ft_order_side":"sell","order_filled_timestamp":1762351200000,"ft_is_entry":false,"ft_order_tag":"roi","cost":326.08880304}],"funding_fees":0.0,"weekday":2},{"pair":"DOGE/USDT","stake_amount":323.30247,"max_stake_amount":323.30247,"amount":2019.0,"open_date":"2025-11-15 01:00:00+00:00","close_date":"2025-11-15 03:00:00+00:00","open_rate":0.16013,"close_rate":0.1624,"fee_open":0.001,"fee_close":0.001,"trade_duration":120,"profit_ratio":0.01214965637622229,"profit_abs":3.93194193,"exit_reason":"roi","initial_stop_loss_abs":0.15213,"initial_stop_loss_ratio":-0.05,"stop_loss_abs":0.15213,"stop_loss_ratio":-0.05,"min_rate":0.15942,"max_rate":0.16307,"is_open":false,"enter_tag":"","leverage":1.0,"is_short":false,"open_timestamp":1763168400000,"close_timestamp":1763175600000,"orders":[{"amount":2019.0,"safe_price":0.16013,"ft_order_side":"buy","order_filled_timestamp":1763168400000,"ft_is_entry":true,"ft_order_tag":"","cost":323.62577246999996},{"amount":2019.0,"safe_price":0.1624,"ft_order_side":"sell","order_filled_timestamp":1763175600000,"ft_is_entry":false,"ft_order_tag":"roi","cost":328.2134855999999}],"funding_fees":0.0,"weekday":5},{"pair":"DOGE/USDT","stake_amount":324.63267,"max_stake_amount":324.63267,"amount":2337.0,"open_date":"2025-11-21 13:00:00+00:00","close_date":"2025-11-21 15:00:00+00:00","open_rate":0.13891,"close_rate":0.14133,"fee_open":0.001,"fee_close":0.001,"trade_duration":120,"profit_ratio":0.015388542060487924,"profit_abs":5.00061912,"exit_reason":"roi","initial_stop_loss_abs":0.13197,"initial_stop_loss_ratio":-0.05,"stop_loss_abs":0.13197,"stop_loss_ratio":-0.05,"min_rate":0.13746,"max_rate":0.14209,"is_open":false,"enter_tag":"","leverage":1.0,"is_short":false,"open_timestamp":1763730000000,"close_timestamp":1763737200000,"orders":[{"amount":2337.0,"safe_price":0.13891,"ft_order_side":"buy","order_filled_timestamp":1763730000000,"ft_is_entry":true,"ft_order_tag":"","cost":324.95730267},{"amount":2337.0,"safe_price":0.14133,"ft_order_side":"sell","order_filled_timestamp":1763737200000,"ft_is_entry":false,"ft_order_tag":"roi","cost":330.61849821000004}],"funding_fees":0.0,"weekday":4},{"pair":"DOGE/USDT","stake_amount":326.23476,"max_stake_amount":326.23476,"amount":2346.0,"open_date":"2025-11-22 07:00:00+00:00","close_date":"2025-11-22 09:00:00+00:00","open_rate":0.13906,"close_rate":0.13933839839839837,"fee_open":0.001,"fee_close":0.001,"trade_duration":120,"profit_ratio":0.0,"profit_abs":0.0,"exit_reason":"roi","initial_stop_loss_abs":0.13211,"initial_stop_loss_ratio":-0.05,"stop_loss_abs":0.13211,"stop_loss_ratio":-0.05,"min_rate":0.13549,"max_rate":0.14016,"is_open":false,"enter_tag":"","leverage":1.0,"is_short":false,"open_timestamp":1763794800000,"close_timestamp":1763802000000,"orders":[{"amount":2346.0,"safe_price":0.13906,"ft_order_side":"buy","order_filled_timestamp":1763794800000,"ft_is_entry":true,"ft_order_tag":"","cost":326.56099475999997},{"amount":2346.0,"safe_price":0.13933839839839837,"ft_order_side":"sell","order_filled_timestamp":1763802000000,"ft_is_entry":false,"ft_order_tag":"roi","cost":327.2147705252852}],"funding_fees":0.0,"weekday":5},{"pair":"DOGE/USDT","stake_amount":326.30514,"max_stake_amount":326.30514,"amount":2346.0,"open_date":"2025-11-22 15:00:00+00:00","close_date":"2025-11-22 17:00:00+00:00","open_rate":0.13909,"close_rate":0.13953,"fee_open":0.001,"fee_close":0.001,"trade_duration":120,"profit_ratio":0.0011590968525327574,"profit_abs":0.37859748,"exit_reason":"roi","initial_stop_loss_abs":0.13214,"initial_stop_loss_ratio":-0.05,"stop_loss_abs":0.13214,"stop_loss_ratio":-0.05,"min_rate":0.13729,"max_rate":0.13977,"is_open":false,"enter_tag":"","leverage":1.0,"is_short":false,"open_timestamp":1763823600000,"close_timestamp":1763830800000,"orders":[{"amount":2346.0,"safe_price":0.13909,"ft_order_side":"buy","order_filled_timestamp":1763823600000,"ft_is_entry":true,"ft_order_tag":"","cost":326.63144514},{"amount":2346.0,"safe_price":0.13953,"ft_order_side":"sell","order_filled_timestamp":1763830800000,"ft_is_entry":false,"ft_order_tag":"roi","cost":327.66471737999996}],"funding_fees":0.0,"weekday":5}],"locks":[],"best_pair":{"key":"DOGE/USDT","trades":14,"profit_mean":-0.0022087989903360468,"profit_mean_pct":-0.22,"profit_total_abs":-10.746312009999997,"profit_total":-0.010746312009999997,"profit_total_pct":-1.07,"duration_avg":"2:26:00","wins":7,"draws":4,"losses":3,"winrate":0.5,"cagr":-0.03984062995259596,"expectancy":-0.767593714999999,"expectancy_ratio":-0.3333752808135255,"sortino":-1.5261076705183252,"sharpe":-0.23262709058177797,"calmar":-6.844448204941053,"sqn":-0.3042,"profit_factor":0.7775820228702145,"max_drawdown_account":0.030924002692438446,"max_drawdown_abs":31.187828879999998},"worst_pair":{"key":"DOGE/USDT","trades":14,"profit_mean":-0.0022087989903360468,"profit_mean_pct":-0.22,"profit_total_abs":-10.746312009999997,"profit_total":-0.010746312009999997,"profit_total_pct":-1.07,"duration_avg":"2:26:00","wins":7,"draws":4,"losses":3,"winrate":0.5,"cagr":-0.03984062995259596,"expectancy":-0.767593714999999,"expectancy_ratio":-0.3333752808135255,"sortino":-1.5261076705183252,"sharpe":-0.23262709058177797,"calmar":-6.844448204941053,"sqn":-0.3042,"profit_factor":0.7775820228702145,"max_drawdown_account":0.030924002692438446,"max_drawdown_abs":31.187828879999998},"results_per_pair":[{"key":"DOGE/USDT","trades":14,"profit_mean":-0.0022087989903360468,"profit_mean_pct":-0.22,"profit_total_abs":-10.746312009999997,"profit_total":-0.010746312009999997,"profit_total_pct":-1.07,"duration_avg":"2:26:00","wins":7,"draws":4,"losses":3,"winrate":0.5,"cagr":-0.03984062995259596,"expectancy":-0.767593714999999,"expectancy_ratio":-0.3333752808135255,"sortino":-1.5261076705183252,"sharpe":-0.23262709058177797,"calmar":-6.844448204941053,"sqn":-0.3042,"profit_factor":0.7775820228702145,"max_drawdown_account":0.030924002692438446,"max_drawdown_abs":31.187828879999998},{"key":"TOTAL","trades":14,"profit_mean":-0.0022087989903360468,"profit_mean_pct":-0.22,"profit_total_abs":-10.746312009999997,"profit_total":-0.010746312009999997,"profit_total_pct":-1.07,"duration_avg":"2:26:00","wins":7,"draws":4,"losses":3,"winrate":0.5,"cagr":-0.03984062995259596,"expectancy":-0.767593714999999,"expectancy_ratio":-0.3333752808135255,"sortino":-1.5261076705183252,"sharpe":-0.23262709058177797,"calmar":-6.844448204941053,"sqn":-0.3042,"profit_factor":0.7775820228702145,"max_drawdown_account":0.030924002692438446,"max_drawdown_abs":31.187828879999998}],"results_per_enter_tag":[{"key":"","trades":14,"profit_mean":-0.0022087989903360468,"profit_mean_pct":-0.22,"profit_total_abs":-10.746312009999997,"profit_total":-0.010746312009999997,"profit_total_pct":-1.07,"duration_avg":"2:26:00","wins":7,"draws":4,"losses":3,"winrate":0.5,"cagr":-0.03984062995259596,"expectancy":-0.767593714999999,"expectancy_ratio":-0.3333752808135255,"sortino":-1.5261076705183252,"sharpe":-0.23262709058177797,"calmar":-6.844448204941053,"sqn":-0.3042,"profit_factor":0.7775820228702145,"max_drawdown_account":0.030924002692438446,"max_drawdown_abs":31.187828879999998},{"key":"TOTAL","trades":14,"profit_mean":-0.0022087989903360468,"profit_mean_pct":-0.22,"profit_total_abs":-10.746312009999997,"profit_total":-0.010746312009999997,"profit_total_pct":-1.07,"duration_avg":"2:26:00","wins":7,"draws":4,"losses":3,"winrate":0.5,"cagr":-0.03984062995259596,"expectancy":-0.767593714999999,"expectancy_ratio":-0.3333752808135255,"sortino":-1.5261076705183252,"sharpe":-0.23262709058177797,"calmar":-6.844448204941053,"sqn":-0.3042,"profit_factor":0.7775820228702145,"max_drawdown_account":0.030924002692438446,"max_drawdown_abs":31.187828879999998}],"exit_reason_summary":[{"key":"roi","trades":11,"profit_mean":0.010481889198578233,"profit_mean_pct":1.05,"profit_total_abs":37.569530750000006,"profit_total":0.03756953075,"profit_total_pct":3.76,"duration_avg":"1:55:00","wins":7,"draws":4,"losses":0,"winrate":0.6363636363636364,"cagr":0.14887014546988064,"expectancy":3.415411886363637,"expectancy_ratio":100.0,"sortino":-100,"sharpe":1.536862339491022,"calmar":-100,"sqn":2.2432,"profit_factor":0.0,"max_drawdown_account":0.0,"max_drawdown_abs":0.0},{"key":"exit_signal","trades":1,"profit_mean":-0.04247289282932966,"profit_mean_pct":-4.25,"profit_total_abs":-14.14450037,"profit_total":-0.01414450037,"profit_total_pct":-1.41,"duration_avg":"2:00:00","wins":0,"draws":0,"losses":1,"winrate":0.0,"cagr":-0.052192781042151415,"expectancy":-14.14450037,"expectancy_ratio":-1.0,"sortino":-100,"sharpe":-100,"calmar":-19.695848633549353,"sqn":-100.0,"profit_factor":0.0,"max_drawdown_account":0.014144500369999946,"max_drawdown_abs":14.14450037},{"key":"stop_loss","trades":2,"profit_mean":-0.05187553710986778,"profit_mean_pct":-5.19,"profit_total_abs":-34.17134239,"profit_total":-0.03417134239,"profit_total_pct":-3.42,"duration_avg":"5:30:00","wins":0,"draws":0,"losses":2,"winrate":0.0,"cagr":-0.12263411935312463,"expectancy":-17.085671195,"expectancy_ratio":-1.0,"sortino":-158.9491992108189,"sharpe":-158.9491992108189,"calmar":-19.69584863354931,"sqn":-403.5094,"profit_factor":0.0,"max_drawdown_account":0.03417134238999995,"max_drawdown_abs":34.17134239},{"key":"TOTAL","trades":14,"profit_mean":-0.0022087989903360468,"profit_mean_pct":-0.22,"profit_total_abs":-10.746312009999997,"profit_total":-0.010746312009999997,"profit_total_pct":-1.07,"duration_avg":"2:26:00","wins":7,"draws":4,"losses":3,"winrate":0.5,"cagr":-0.03984062995259596,"expectancy":-0.767593714999999,"expectancy_ratio":-0.3333752808135255,"sortino":-1.5261076705183252,"sharpe":-0.23262709058177797,"calmar":-6.844448204941053,"sqn":-0.3042,"profit_factor":0.7775820228702145,"max_drawdown_account":0.030924002692438446,"max_drawdown_abs":31.187828879999998}],"mix_tag_stats":[{"key":["","roi"],"trades":11,"profit_mean":0.010481889198578233,"profit_mean_pct":1.05,"profit_total_abs":37.569530750000006,"profit_total":0.03756953075,"profit_total_pct":3.76,"duration_avg":"1:55:00","wins":7,"draws":4,"losses":0,"winrate":0.6363636363636364,"cagr":0.14887014546988064,"expectancy":3.415411886363637,"expectancy_ratio":100.0,"sortino":-100,"sharpe":1.536862339491022,"calmar":-100,"sqn":2.2432,"profit_factor":0.0,"max_drawdown_account":0.0,"max_drawdown_abs":0.0},{"key":["","exit_signal"],"trades":1,"profit_mean":-0.04247289282932966,"profit_mean_pct":-4.25,"profit_total_abs":-14.14450037,"profit_total":-0.01414450037,"profit_total_pct":-1.41,"duration_avg":"2:00:00","wins":0,"draws":0,"losses":1,"winrate":0.0,"cagr":-0.052192781042151415,"expectancy":-14.14450037,"expectancy_ratio":-1.0,"sortino":-100,"sharpe":-100,"calmar":-19.695848633549353,"sqn":-100.0,"profit_factor":0.0,"max_drawdown_account":0.014144500369999946,"max_drawdown_abs":14.14450037},{"key":["","stop_loss"],"trades":2,"profit_mean":-0.05187553710986778,"profit_mean_pct":-5.19,"profit_total_abs":-34.17134239,"profit_total":-0.03417134239,"profit_total_pct":-3.42,"duration_avg":"5:30:00","wins":0,"draws":0,"losses":2,"winrate":0.0,"cagr":-0.12263411935312463,"expectancy":-17.085671195,"expectancy_ratio":-1.0,"sortino":-158.9491992108189,"sharpe":-158.9491992108189,"calmar":-19.69584863354931,"sqn":-403.5094,"profit_factor":0.0,"max_drawdown_account":0.03417134238999995,"max_drawdown_abs":34.17134239},{"key":"TOTAL","trades":14,"profit_mean":-0.0022087989903360468,"profit_mean_pct":-0.22,"profit_total_abs":-10.746312009999997,"profit_total":-0.010746312009999997,"profit_total_pct":-1.07,"duration_avg":"2:26:00","wins":7,"draws":4,"losses":3,"winrate":0.5,"cagr":-0.03984062995259596,"expectancy":-0.767593714999999,"expectancy_ratio":-0.3333752808135255,"sortino":-1.5261076705183252,"sharpe":-0.23262709058177797,"calmar":-6.844448204941053,"sqn":-0.3042,"profit_factor":0.7775820228702145,"max_drawdown_account":0.030924002692438446,"max_drawdown_abs":31.187828879999998}],"left_open_trades":[{"key":"TOTAL","trades":0,"profit_mean":0.0,"profit_mean_pct":0.0,"profit_total_abs":0.0,"profit_total":0.0,"profit_total_pct":0.0,"duration_avg":"0:00","wins":0,"draws":0,"losses":0,"winrate":0.0,"cagr":0.0,"expectancy":0.0,"expectancy_ratio":100.0,"sortino":0,"sharpe":0,"calmar":0,"sqn":0.0,"profit_factor":0.0,"max_drawdown_account":0.0,"max_drawdown_abs":0.0}],"total_trades":14,"trade_count_long":14,"trade_count_short":0,"total_volume":9183.224929747737,"avg_stake_amount":327.7008264285715,"profit_mean":-0.0022087989903360468,"profit_median":0.0005795484262663787,"profit_total":-0.010746312009999997,"profit_total_long":-0.010746312009999997,"profit_total_short":0.0,"profit_total_abs":-10.746312009999997,"profit_total_long_abs":-10.746312009999997,"profit_total_short_abs":0.0,"cagr":-0.03984062995259596,"expectancy":-0.767593714999999,"expectancy_ratio":-0.3333752808135255,"sortino":-1.5261076705183252,"sharpe":-0.23262709058177797,"calmar":-6.844448204941053,"sqn":-0.3042,"profit_factor":0.7775820228702145,"backtest_start":"2025-10-01 00:00:00","backtest_start_ts":1759276800000,"backtest_end":"2026-01-06 20:00:00","backtest_end_ts":1767729600000,"backtest_days":97,"backtest_run_start_ts":1767752036,"backtest_run_end_ts":1767752036,"trades_per_day":0.14,"market_change":-0.36632086436227446,"pairlist":["DOGE/USDT"],"stake_amount":"unlimited","stake_currency":"USDT","stake_currency_decimals":3,"starting_balance":1000,"dry_run_wallet":1000,"final_balance":989.25368799,"rejected_signals":0,"timedout_entry_orders":0,"timedout_exit_orders":0,"canceled_trade_entries":0,"canceled_entry_orders":0,"replaced_entry_orders":0,"max_open_trades":1,"max_open_trades_setting":3,"timeframe":"1h","timeframe_detail":"","timerange":"20251001-","enable_protections":false,"strategy_name":"ACO_46_11","freqaimodel":null,"freqai_identifier":null,"stoploss":-0.05,"trailing_stop":false,"trailing_stop_positive":null,"trailing_stop_positive_offset":0.0,"trailing_only_offset_is_reached":false,"use_custom_stoploss":false,"minimal_roi":{"0":0.1,"60":0.05,"120":0.0},"use_exit_signal":true,"exit_profit_only":false,"exit_profit_offset":0.0,"ignore_roi_if_entry_signal":false,"trading_mode":"spot","margin_mode":"","periodic_breakdown":{"day":[{"date":"11/10/2025","date_ts":1760140800000,"profit_abs":-17.12801388,"wins":0,"draws":0,"losses":1,"trades":1,"profit_factor":0.0},{"date":"12/10/2025","date_ts":1760227200000,"profit_abs":17.19870342,"wins":2,"draws":0,"losses":0,"trades":2,"profit_factor":0.0},{"date":"13/10/2025","date_ts":1760313600000,"profit_abs":0.0,"wins":0,"draws":1,"losses":0,"trades":1,"profit_factor":0.0},{"date":"14/10/2025","date_ts":1760400000000,"profit_abs":8.46074768,"wins":1,"draws":1,"losses":0,"trades":2,"profit_factor":0.0},{"date":"15/10/2025","date_ts":1760486400000,"profit_abs":0.0,"wins":0,"draws":0,"losses":0,"trades":0,"profit_factor":0.0},{"date":"16/10/2025","date_ts":1760572800000,"profit_abs":0.0,"wins":0,"draws":0,"losses":0,"trades":0,"profit_factor":0.0},{"date":"17/10/2025","date_ts":1760659200000,"profit_abs":0.0,"wins":0,"draws":1,"losses":0,"trades":1,"profit_factor":0.0},{"date":"18/10/2025","date_ts":1760745600000,"profit_abs":0.0,"wins":0,"draws":0,"losses":0,"trades":0,"profit_factor":0.0},{"date":"19/10/2025","date_ts":1760832000000,"profit_abs":0.0,"wins":0,"draws":0,"losses":0,"trades":0,"profit_factor":0.0},{"date":"20/10/2025","date_ts":1760918400000,"profit_abs":0.0,"wins":0,"draws":0,"losses":0,"trades":0,"profit_factor":0.0},{"date":"21/10/2025","date_ts":1761004800000,"profit_abs":0.0,"wins":0,"draws":0,"losses":0,"trades":0,"profit_factor":0.0},{"date":"22/10/2025","date_ts":1761091200000,"profit_abs":0.0,"wins":0,"draws":0,"losses":0,"trades":0,"profit_factor":0.0},{"date":"23/10/2025","date_ts":1761177600000,"profit_abs":0.0,"wins":0,"draws":0,"losses":0,"trades":0,"profit_factor":0.0},{"date":"24/10/2025","date_ts":1761264000000,"profit_abs":0.0,"wins":0,"draws":0,"losses":0,"trades":0,"profit_factor":0.0},{"date":"25/10/2025","date_ts":1761350400000,"profit_abs":0.0,"wins":0,"draws":0,"losses":0,"trades":0,"profit_factor":0.0},{"date":"26/10/2025","date_ts":1761436800000,"profit_abs":0.0,"wins":0,"draws":0,"losses":0,"trades":0,"profit_factor":0.0},{"date":"27/10/2025","date_ts":1761523200000,"profit_abs":0.0,"wins":0,"draws":0,"losses":0,"trades":0,"profit_factor":0.0},{"date":"28/10/2025","date_ts":1761609600000,"profit_abs":0.0,"wins":0,"draws":0,"losses":0,"trades":0,"profit_factor":0.0},{"date":"29/10/2025","date_ts":1761696000000,"profit_abs":0.0,"wins":0,"draws":0,"losses":0,"trades":0,"profit_factor":0.0},{"date":"30/10/2025","date_ts":1761782400000,"profit_abs":0.0,"wins":0,"draws":0,"losses":0,"trades":0,"profit_factor":0.0},{"date":"31/10/2025","date_ts":1761868800000,"profit_abs":0.0,"wins":0,"draws":0,"losses":0,"trades":0,"profit_factor":0.0},{"date":"01/11/2025","date_ts":1761955200000,"profit_abs":0.0,"wins":0,"draws":0,"losses":0,"trades":0,"profit_factor":0.0},{"date":"02/11/2025","date_ts":1762041600000,"profit_abs":0.0,"wins":0,"draws":0,"losses":0,"trades":0,"profit_factor":0.0},{"date":"03/11/2025","date_ts":1762128000000,"profit_abs":0.0,"wins":0,"draws":0,"losses":0,"trades":0,"profit_factor":0.0},{"date":"04/11/2025","date_ts":1762214400000,"profit_abs":-31.18782888,"wins":0,"draws":0,"losses":2,"trades":2,"profit_factor":0.0},{"date":"05/11/2025","date_ts":1762300800000,"profit_abs":2.59892112,"wins":1,"draws":0,"losses":0,"trades":1,"profit_factor":0.0},{"date":"06/11/2025","date_ts":1762387200000,"profit_abs":0.0,"wins":0,"draws":0,"losses":0,"trades":0,"profit_factor":0.0},{"date":"07/11/2025","date_ts":1762473600000,"profit_abs":0.0,"wins":0,"draws":0,"losses":0,"trades":0,"profit_factor":0.0},{"date":"08/11/2025","date_ts":1762560000000,"profit_abs":0.0,"wins":0,"draws":0,"losses":0,"trades":0,"profit_factor":0.0},{"date":"09/11/2025","date_ts":1762646400000,"profit_abs":0.0,"wins":0,"draws":0,"losses":0,"trades":0,"profit_factor":0.0},{"date":"10/11/2025","date_ts":1762732800000,"profit_abs":0.0,"wins":0,"draws":0,"losses":0,"trades":0,"profit_factor":0.0},{"date":"11/11/2025","date_ts":1762819200000,"profit_abs":0.0,"wins":0,"draws":0,"losses":0,"trades":0,"profit_factor":0.0},{"date":"12/11/2025","date_ts":1762905600000,"profit_abs":0.0,"wins":0,"draws":0,"losses":0,"trades":0,"profit_factor":0.0},{"date":"13/11/2025","date_ts":1762992000000,"profit_abs":0.0,"wins":0,"draws":0,"losses":0,"trades":0,"profit_factor":0.0},{"date":"14/11/2025","date_ts":1763078400000,"profit_abs":0.0,"wins":0,"draws":0,"losses":0,"trades":0,"profit_factor":0.0},{"date":"15/11/2025","date_ts":1763164800000,"profit_abs":3.93194193,"wins":1,"draws":0,"losses":0,"trades":1,"profit_factor":0.0},{"date":"16/11/2025","date_ts":1763251200000,"profit_abs":0.0,"wins":0,"draws":0,"losses":0,"trades":0,"profit_factor":0.0},{"date":"17/11/2025","date_ts":1763337600000,"profit_abs":0.0,"wins":0,"draws":0,"losses":0,"trades":0,"profit_factor":0.0},{"date":"18/11/2025","date_ts":1763424000000,"profit_abs":0.0,"wins":0,"draws":0,"losses":0,"trades":0,"profit_factor":0.0},{"date":"19/11/2025","date_ts":1763510400000,"profit_abs":0.0,"wins":0,"draws":0,"losses":0,"trades":0,"profit_factor":0.0},{"date":"20/11/2025","date_ts":1763596800000,"profit_abs":0.0,"wins":0,"draws":0,"losses":0,"trades":0,"profit_factor":0.0},{"date":"21/11/2025","date_ts":1763683200000,"profit_abs":5.00061912,"wins":1,"draws":0,"losses":0,"trades":1,"profit_factor":0.0},{"date":"22/11/2025","date_ts":1763769600000,"profit_abs":0.37859748,"wins":1,"draws":1,"losses":0,"trades":2,"profit_factor":0.0}],"week":[{"date":"13/10/2025","date_ts":1760313600000,"profit_abs":0.07068954,"wins":2,"draws":1,"losses":1,"trades":4,"profit_factor":1.00412713},{"date":"20/10/2025","date_ts":1760918400000,"profit_abs":8.46074768,"wins":1,"draws":2,"losses":0,"trades":3,"profit_factor":0.0},{"date":"27/10/2025","date_ts":1761523200000,"profit_abs":0.0,"wins":0,"draws":0,"losses":0,"trades":0,"profit_factor":0.0},{"date":"03/11/2025","date_ts":1762128000000,"profit_abs":0.0,"wins":0,"draws":0,"losses":0,"trades":0,"profit_factor":0.0},{"date":"10/11/2025","date_ts":1762732800000,"profit_abs":-28.58890776,"wins":1,"draws":0,"losses":2,"trades":3,"profit_factor":0.08333126},{"date":"17/11/2025","date_ts":1763337600000,"profit_abs":3.93194193,"wins":1,"draws":0,"losses":0,"trades":1,"profit_factor":0.0},{"date":"24/11/2025","date_ts":1763942400000,"profit_abs":5.3792166,"wins":2,"draws":1,"losses":0,"trades":3,"profit_factor":0.0}],"month":[{"date":"31/10/2025","date_ts":1761868800000,"profit_abs":8.53143722,"wins":3,"draws":3,"losses":1,"trades":7,"profit_factor":1.49809845},{"date":"30/11/2025","date_ts":1764460800000,"profit_abs":-19.27774923,"wins":4,"draws":1,"losses":2,"trades":7,"profit_factor":0.38188229}],"year":[{"date":"31/12/2025","date_ts":1767139200000,"profit_abs":-10.74631201,"wins":7,"draws":4,"losses":3,"trades":14,"profit_factor":0.77758202}],"weekday":[{"date":"Monday","date_ts":0,"profit_abs":0.0,"wins":0,"draws":1,"losses":0,"trades":1,"profit_factor":0.0},{"date":"Tuesday","date_ts":1,"profit_abs":-22.7270812,"wins":1,"draws":1,"losses":2,"trades":4,"profit_factor":0.27128364},{"date":"Wednesday","date_ts":2,"profit_abs":2.59892112,"wins":1,"draws":0,"losses":0,"trades":1,"profit_factor":0.0},{"date":"Friday","date_ts":4,"profit_abs":5.00061912,"wins":1,"draws":1,"losses":0,"trades":2,"profit_factor":0.0},{"date":"Saturday","date_ts":5,"profit_abs":-12.81747447,"wins":2,"draws":1,"losses":1,"trades":4,"profit_factor":0.25166604},{"date":"Sunday","date_ts":6,"profit_abs":17.19870342,"wins":2,"draws":0,"losses":0,"trades":2,"profit_factor":0.0}]},"backtest_best_day":0.052932584096131705,"backtest_worst_day":-0.09436162850709118,"backtest_best_day_abs":17.19870342,"backtest_worst_day_abs":-31.18782888,"winning_days":6,"draw_days":35,"losing_days":2,"daily_profit":[["2025-10-11",-17.12801388],["2025-10-12",17.19870342],["2025-10-13",0.0],["2025-10-14",8.46074768],["2025-10-15",0.0],["2025-10-16",0.0],["2025-10-17",0.0],["2025-10-18",0.0],["2025-10-19",0.0],["2025-10-20",0.0],["2025-10-21",0.0],["2025-10-22",0.0],["2025-10-23",0.0],["2025-10-24",0.0],["2025-10-25",0.0],["2025-10-26",0.0],["2025-10-27",0.0],["2025-10-28",0.0],["2025-10-29",0.0],["2025-10-30",0.0],["2025-10-31",0.0],["2025-11-01",0.0],["2025-11-02",0.0],["2025-11-03",0.0],["2025-11-04",-31.18782888],["2025-11-05",2.59892112],["2025-11-06",0.0],["2025-11-07",0.0],["2025-11-08",0.0],["2025-11-09",0.0],["2025-11-10",0.0],["2025-11-11",0.0],["2025-11-12",0.0],["2025-11-13",0.0],["2025-11-14",0.0],["2025-11-15",3.93194193],["2025-11-16",0.0],["2025-11-17",0.0],["2025-11-18",0.0],["2025-11-19",0.0],["2025-11-20",0.0],["2025-11-21",5.00061912],["2025-11-22",0.37859748]],"wins":7,"losses":3,"draws":4,"winrate":0.5,"holding_avg":"2:26:00","holding_avg_s":8760.0,"winner_holding_min":"0d 01:00","winner_holding_min_s":3600.0,"winner_holding_max":"0d 02:00","winner_holding_max_s":7200.0,"winner_holding_avg":"0d 01:51","winner_holding_avg_s":6660.0,"loser_holding_min":"0d 01:00","loser_holding_min_s":3600.0,"loser_holding_max":"0d 10:00","loser_holding_max_s":36000.0,"loser_holding_avg":"0d 04:20","loser_holding_avg_s":15600.0,"max_consecutive_wins":3,"max_consecutive_losses":4,"max_drawdown_account":0.030924002692438446,"max_relative_drawdown":0.030924002692438446,"max_drawdown_abs":31.187828879999998,"drawdown_start":"2025-10-14 16:00:00","drawdown_start_ts":1760457600000.0,"drawdown_end":"2025-11-04 20:00:00","drawdown_end_ts":1762286400000.0,"drawdown_duration":"21 days 04:00:00","drawdown_duration_s":1828800.0,"max_drawdown_low":-22.656391659999997,"max_drawdown_high":8.53143722,"csum_min":977.34360834,"csum_max":1008.53143722}},"strategy_comparison":[{"key":"ACO_46_11","trades":14,"profit_mean":-0.0022087989903360468,"profit_mean_pct":-0.22,"profit_total_abs":-10.746312009999997,"profit_total":-0.010746312009999997,"profit_total_pct":-1.07,"duration_avg":"2:26:00","wins":7,"draws":4,"losses":3,"winrate":0.5,"cagr":-0.03984062995259596,"expectancy":-0.767593714999999,"expectancy_ratio":-0.3333752808135255,"sortino":-1.5261076705183252,"sharpe":-0.23262709058177797,"calmar":-6.844448204941053,"sqn":-0.3042,"profit_factor":0.7775820228702145,"max_drawdown_account":0.030924002692438446,"max_drawdown_abs":"31.188"}]}