{"strategy":{"ACO_26_20":{"trades":[{"pair":"DOGE/USDT","stake_amount":329.91543,"max_stake_amount":329.91543,"amount":1843.0,"open_date":"2025-10-17 11:00:00+00:00","close_date":"2025-10-17 13:00:00+00:00","open_rate":0.17901,"close_rate":0.18228,"fee_open":0.001,"fee_close":0.001,"trade_duration":120,"profit_ratio":0.016232636142138407,"profit_abs":5.36075253,"exit_reason":"roi","initial_stop_loss_abs":0.17006,"initial_stop_loss_ratio":-0.05,"stop_loss_abs":0.17006,"stop_loss_ratio":-0.05,"min_rate":0.17882,"max_rate":0.18463,"is_open":false,"enter_tag":"","leverage":1.0,"is_short":false,"open_timestamp":1760698800000,"close_timestamp":1760706000000,"orders":[{"amount":1843.0,"safe_price":0.17901,"ft_order_side":"buy","order_filled_timestamp":1760698800000,"ft_is_entry":true,"ft_order_tag":"","cost":330.24534543},{"amount":1843.0,"safe_price":0.18228,"ft_order_side":"sell","order_filled_timestamp":1760706000000,"ft_is_entry":false,"ft_order_tag":"roi","cost":336.27798204}],"funding_fees":0.0,"weekday":4},{"pair":"DOGE/USDT","stake_amount":331.71264,"max_stake_amount":331.71264,"amount":1824.0,"open_date":"2025-10-30 17:00:00+00:00","close_date":"2025-10-30 23:00:00+00:00","open_rate":0.18186,"close_rate":0.18222408408408405,"fee_open":0.001,"fee_close":0.001,"trade_duration":360,"profit_ratio":0.0,"profit_abs":0.0,"exit_reason":"roi","initial_stop_loss_abs":0.17277,"initial_stop_loss_ratio":-0.05,"stop_loss_abs":0.17277,"stop_loss_ratio":-0.05,"min_rate":0.17642,"max_rate":0.18287,"is_open":false,"enter_tag":"","leverage":1.0,"is_short":false,"open_timestamp":1761843600000,"close_timestamp":1761865200000,"orders":[{"amount":1824.0,"safe_price":0.18186,"ft_order_side":"buy","order_filled_timestamp":1761843600000,"ft_is_entry":true,"ft_order_tag":"","cost":332.04435263999994},{"amount":1824.0,"safe_price":0.18222408408408405,"ft_order_side":"sell","order_filled_timestamp":1761865200000,"ft_is_entry":false,"ft_order_tag":"roi","cost":332.70910609873863}],"funding_fees":0.0,"weekday":3},{"pair":"DOGE/USDT","stake_amount":331.6104,"max_stake_amount":331.6104,"amount":1908.0,"open_date":"2025-11-03 09:00:00+00:00","close_date":"2025-11-03 11:00:00+00:00","open_rate":0.1738,"close_rate":0.17414794794794794,"fee_open":0.001,"fee_close":0.001,"trade_duration":120,"profit_ratio":0.0,"profit_abs":0.0,"exit_reason":"roi","initial_stop_loss_abs":0.16511,"initial_stop_loss_ratio":-0.05,"stop_loss_abs":0.16511,"stop_loss_ratio":-0.05,"min_rate":0.1714,"max_rate":0.17534,"is_open":false,"enter_tag":"","leverage":1.0,"is_short":false,"open_timestamp":1762160400000,"close_timestamp":1762167600000,"orders":[{"amount":1908.0,"safe_price":0.1738,"ft_order_side":"buy","order_filled_timestamp":1762160400000,"ft_is_entry":true,"ft_order_tag":"","cost":331.9420104},{"amount":1908.0,"safe_price":0.17414794794794794,"ft_order_side":"sell","order_filled_timestamp":1762167600000,"ft_is_entry":false,"ft_order_tag":"roi","cost":332.60655896936936}],"funding_fees":0.0,"weekday":0},{"pair":"DOGE/USDT","stake_amount":331.69328,"max_stake_amount":331.69328,"amount":2419.0,"open_date":"2025-12-01 06:00:00+00:00","close_date":"2025-12-01 08:00:00+00:00","open_rate":0.13712,"close_rate":0.13774,"fee_open":0.001,"fee_close":0.001,"trade_duration":120,"profit_ratio":0.0025145507934306068,"profit_abs":0.83489366,"exit_reason":"roi","initial_stop_loss_abs":0.13027,"initial_stop_loss_ratio":-0.05,"stop_loss_abs":0.13027,"stop_loss_ratio":-0.05,"min_rate":0.13655,"max_rate":0.13824,"is_open":false,"enter_tag":"","leverage":1.0,"is_short":false,"open_timestamp":1764568800000,"close_timestamp":1764576000000,"orders":[{"amount":2419.0,"safe_price":0.13712,"ft_order_side":"buy","order_filled_timestamp":1764568800000,"ft_is_entry":true,"ft_order_tag":"","cost":332.0249732799999},{"amount":2419.0,"safe_price":0.13774,"ft_order_side":"sell","order_filled_timestamp":1764576000000,"ft_is_entry":false,"ft_order_tag":"roi","cost":333.52625306}],"funding_fees":0.0,"weekday":0},{"pair":"DOGE/USDT","stake_amount":331.92621,"max_stake_amount":331.92621,"amount":2497.0,"open_date":"2025-12-01 18:00:00+00:00","close_date":"2025-12-01 20:00:00+00:00","open_rate":0.13293,"close_rate":0.13327,"fee_open":0.001,"fee_close":0.001,"trade_duration":120,"profit_ratio":0.0005546247929457137,"profit_abs":0.1842786,"exit_reason":"roi","initial_stop_loss_abs":0.12629,"initial_stop_loss_ratio":-0.05,"stop_loss_abs":0.12629,"stop_loss_ratio":-0.05,"min_rate":0.13262,"max_rate":0.13493,"is_open":false,"enter_tag":"","leverage":1.0,"is_short":false,"open_timestamp":1764612000000,"close_timestamp":1764619200000,"orders":[{"amount":2497.0,"safe_price":0.13293,"ft_order_side":"buy","order_filled_timestamp":1764612000000,"ft_is_entry":true,"ft_order_tag":"","cost":332.2581362099999},{"amount":2497.0,"safe_price":0.13327,"ft_order_side":"sell","order_filled_timestamp":1764619200000,"ft_is_entry":false,"ft_order_tag":"roi","cost":333.10796518999996}],"funding_fees":0.0,"weekday":0},{"pair":"DOGE/USDT","stake_amount":331.97976,"max_stake_amount":331.97976,"amount":2388.0,"open_date":"2025-12-05 20:00:00+00:00","close_date":"2025-12-05 22:00:00+00:00","open_rate":0.13902,"close_rate":0.13929831831831832,"fee_open":0.001,"fee_close":0.001,"trade_duration":120,"profit_ratio":0.0,"profit_abs":0.0,"exit_reason":"roi","initial_stop_loss_abs":0.13207,"initial_stop_loss_ratio":-0.05,"stop_loss_abs":0.13207,"stop_loss_ratio":-0.05,"min_rate":0.13803,"max_rate":0.13944,"is_open":false,"enter_tag":"","leverage":1.0,"is_short":false,"open_timestamp":1764964800000,"close_timestamp":1764972000000,"orders":[{"amount":2388.0,"safe_price":0.13902,"ft_order_side":"buy","order_filled_timestamp":1764964800000,"ft_is_entry":true,"ft_order_tag":"","cost":332.31173975999997},{"amount":2388.0,"safe_price":0.13929831831831832,"ft_order_side":"sell","order_filled_timestamp":1764972000000,"ft_is_entry":false,"ft_order_tag":"roi","cost":332.97702852828826}],"funding_fees":0.0,"weekday":4},{"pair":"DOGE/USDT","stake_amount":332.05704,"max_stake_amount":332.05704,"amount":2481.0,"open_date":"2025-12-14 22:00:00+00:00","close_date":"2025-12-15 00:00:00+00:00","open_rate":0.13384,"close_rate":0.13410794794794792,"fee_open":0.001,"fee_close":0.001,"trade_duration":120,"profit_ratio":0.0,"profit_abs":0.0,"exit_reason":"roi","initial_stop_loss_abs":0.12715,"initial_stop_loss_ratio":-0.05,"stop_loss_abs":0.12715,"stop_loss_ratio":-0.05,"min_rate":0.13261,"max_rate":0.1353,"is_open":false,"enter_tag":"","leverage":1.0,"is_short":false,"open_timestamp":1765749600000,"close_timestamp":1765756800000,"orders":[{"amount":2481.0,"safe_price":0.13384,"ft_order_side":"buy","order_filled_timestamp":1765749600000,"ft_is_entry":true,"ft_order_tag":"","cost":332.3890970399999},{"amount":2481.0,"safe_price":0.13410794794794792,"ft_order_side":"sell","order_filled_timestamp":1765756800000,"ft_is_entry":false,"ft_order_tag":"roi","cost":333.0545406777176}],"funding_fees":0.0,"weekday":0},{"pair":"DOGE/USDT","stake_amount":332.055,"max_stake_amount":332.055,"amount":2826.0,"open_date":"2025-12-31 22:00:00+00:00","close_date":"2026-01-01 00:00:00+00:00","open_rate":0.1175,"close_rate":0.11773523523523523,"fee_open":0.001,"fee_close":0.001,"trade_duration":120,"profit_ratio":0.0,"profit_abs":0.0,"exit_reason":"roi","initial_stop_loss_abs":0.11163,"initial_stop_loss_ratio":-0.05,"stop_loss_abs":0.11163,"stop_loss_ratio":-0.05,"min_rate":0.11707,"max_rate":0.11798,"is_open":false,"enter_tag":"","leverage":1.0,"is_short":false,"open_timestamp":1767218400000,"close_timestamp":1767225600000,"orders":[{"amount":2826.0,"safe_price":0.1175,"ft_order_side":"buy","order_filled_timestamp":1767218400000,"ft_is_entry":true,"ft_order_tag":"","cost":332.387055},{"amount":2826.0,"safe_price":0.11773523523523523,"ft_order_side":"sell","order_filled_timestamp":1767225600000,"ft_is_entry":false,"ft_order_tag":"roi","cost":333.05249454954946}],"funding_fees":0.0,"weekday":3}],"locks":[],"best_pair":{"key":"DOGE/USDT","trades":8,"profit_mean":0.002412726466064341,"profit_mean_pct":0.24,"profit_total_abs":6.37992479,"profit_total":0.00637992479,"profit_total_pct":0.64,"duration_avg":"2:30:00","wins":3,"draws":5,"losses":0,"winrate":0.375,"cagr":0.02421931290464374,"expectancy":0.79749059875,"expectancy_ratio":100.0,"sortino":-100,"sharpe":0.7197998904848388,"calmar":-100,"sqn":1.2086,"profit_factor":0.0,"max_drawdown_account":0.0,"max_drawdown_abs":0.0},"worst_pair":{"key":"DOGE/USDT","trades":8,"profit_mean":0.002412726466064341,"profit_mean_pct":0.24,"profit_total_abs":6.37992479,"profit_total":0.00637992479,"profit_total_pct":0.64,"duration_avg":"2:30:00","wins":3,"draws":5,"losses":0,"winrate":0.375,"cagr":0.02421931290464374,"expectancy":0.79749059875,"expectancy_ratio":100.0,"sortino":-100,"sharpe":0.7197998904848388,"calmar":-100,"sqn":1.2086,"profit_factor":0.0,"max_drawdown_account":0.0,"max_drawdown_abs":0.0},"results_per_pair":[{"key":"DOGE/USDT","trades":8,"profit_mean":0.002412726466064341,"profit_mean_pct":0.24,"profit_total_abs":6.37992479,"profit_total":0.00637992479,"profit_total_pct":0.64,"duration_avg":"2:30:00","wins":3,"draws":5,"losses":0,"winrate":0.375,"cagr":0.02421931290464374,"expectancy":0.79749059875,"expectancy_ratio":100.0,"sortino":-100,"sharpe":0.7197998904848388,"calmar":-100,"sqn":1.2086,"profit_factor":0.0,"max_drawdown_account":0.0,"max_drawdown_abs":0.0},{"key":"TOTAL","trades":8,"profit_mean":0.002412726466064341,"profit_mean_pct":0.24,"profit_total_abs":6.37992479,"profit_total":0.00637992479,"profit_total_pct":0.64,"duration_avg":"2:30:00","wins":3,"draws":5,"losses":0,"winrate":0.375,"cagr":0.02421931290464374,"expectancy":0.79749059875,"expectancy_ratio":100.0,"sortino":-100,"sharpe":0.7197998904848388,"calmar":-100,"sqn":1.2086,"profit_factor":0.0,"max_drawdown_account":0.0,"max_drawdown_abs":0.0}],"results_per_enter_tag":[{"key":"","trades":8,"profit_mean":0.002412726466064341,"profit_mean_pct":0.24,"profit_total_abs":6.37992479,"profit_total":0.00637992479,"profit_total_pct":0.64,"duration_avg":"2:30:00","wins":3,"draws":5,"losses":0,"winrate":0.375,"cagr":0.02421931290464374,"expectancy":0.79749059875,"expectancy_ratio":100.0,"sortino":-100,"sharpe":0.7197998904848388,"calmar":-100,"sqn":1.2086,"profit_factor":0.0,"max_drawdown_account":0.0,"max_drawdown_abs":0.0},{"key":"TOTAL","trades":8,"profit_mean":0.002412726466064341,"profit_mean_pct":0.24,"profit_total_abs":6.37992479,"profit_total":0.00637992479,"profit_total_pct":0.64,"duration_avg":"2:30:00","wins":3,"draws":5,"losses":0,"winrate":0.375,"cagr":0.02421931290464374,"expectancy":0.79749059875,"expectancy_ratio":100.0,"sortino":-100,"sharpe":0.7197998904848388,"calmar":-100,"sqn":1.2086,"profit_factor":0.0,"max_drawdown_account":0.0,"max_drawdown_abs":0.0}],"exit_reason_summary":[{"key":"roi","trades":8,"profit_mean":0.002412726466064341,"profit_mean_pct":0.24,"profit_total_abs":6.37992479,"profit_total":0.00637992479,"profit_total_pct":0.64,"duration_avg":"2:30:00","wins":3,"draws":5,"losses":0,"winrate":0.375,"cagr":0.02421931290464374,"expectancy":0.79749059875,"expectancy_ratio":100.0,"sortino":-100,"sharpe":0.7197998904848388,"calmar":-100,"sqn":1.2086,"profit_factor":0.0,"max_drawdown_account":0.0,"max_drawdown_abs":0.0},{"key":"TOTAL","trades":8,"profit_mean":0.002412726466064341,"profit_mean_pct":0.24,"profit_total_abs":6.37992479,"profit_total":0.00637992479,"profit_total_pct":0.64,"duration_avg":"2:30:00","wins":3,"draws":5,"losses":0,"winrate":0.375,"cagr":0.02421931290464374,"expectancy":0.79749059875,"expectancy_ratio":100.0,"sortino":-100,"sharpe":0.7197998904848388,"calmar":-100,"sqn":1.2086,"profit_factor":0.0,"max_drawdown_account":0.0,"max_drawdown_abs":0.0}],"mix_tag_stats":[{"key":["","roi"],"trades":8,"profit_mean":0.002412726466064341,"profit_mean_pct":0.24,"profit_total_abs":6.37992479,"profit_total":0.00637992479,"profit_total_pct":0.64,"duration_avg":"2:30:00","wins":3,"draws":5,"losses":0,"winrate":0.375,"cagr":0.02421931290464374,"expectancy":0.79749059875,"expectancy_ratio":100.0,"sortino":-100,"sharpe":0.7197998904848388,"calmar":-100,"sqn":1.2086,"profit_factor":0.0,"max_drawdown_account":0.0,"max_drawdown_abs":0.0},{"key":"TOTAL","trades":8,"profit_mean":0.002412726466064341,"profit_mean_pct":0.24,"profit_total_abs":6.37992479,"profit_total":0.00637992479,"profit_total_pct":0.64,"duration_avg":"2:30:00","wins":3,"draws":5,"losses":0,"winrate":0.375,"cagr":0.02421931290464374,"expectancy":0.79749059875,"expectancy_ratio":100.0,"sortino":-100,"sharpe":0.7197998904848388,"calmar":-100,"sqn":1.2086,"profit_factor":0.0,"max_drawdown_account":0.0,"max_drawdown_abs":0.0}],"left_open_trades":[{"key":"TOTAL","trades":0,"profit_mean":0.0,"profit_mean_pct":0.0,"profit_total_abs":0.0,"profit_total":0.0,"profit_total_pct":0.0,"duration_avg":"0:00","wins":0,"draws":0,"losses":0,"winrate":0.0,"cagr":0.0,"expectancy":0.0,"expectancy_ratio":100.0,"sortino":0,"sharpe":0,"calmar":0,"sqn":0.0,"profit_factor":0.0,"max_drawdown_account":0.0,"max_drawdown_abs":0.0}],"total_trades":8,"trade_count_long":8,"trade_count_short":0,"total_volume":5322.914638873663,"avg_stake_amount":331.61872,"profit_mean":0.002412726466064341,"profit_median":0.0,"profit_total":0.00637992479,"profit_total_long":0.00637992479,"profit_total_short":0.0,"profit_total_abs":6.37992479,"profit_total_long_abs":6.37992479,"profit_total_short_abs":0.0,"cagr":0.02421931290464374,"expectancy":0.79749059875,"expectancy_ratio":100.0,"sortino":-100,"sharpe":0.7197998904848388,"calmar":-100,"sqn":1.2086,"profit_factor":0.0,"backtest_start":"2025-10-01 00:00:00","backtest_start_ts":1759276800000,"backtest_end":"2026-01-06 20:00:00","backtest_end_ts":1767729600000,"backtest_days":97,"backtest_run_start_ts":1767741421,"backtest_run_end_ts":1767741421,"trades_per_day":0.08,"market_change":-0.36632086436227446,"pairlist":["DOGE/USDT"],"stake_amount":"unlimited","stake_currency":"USDT","stake_currency_decimals":3,"starting_balance":1000,"dry_run_wallet":1000,"final_balance":1006.37992479,"rejected_signals":0,"timedout_entry_orders":0,"timedout_exit_orders":0,"canceled_trade_entries":0,"canceled_entry_orders":0,"replaced_entry_orders":0,"max_open_trades":1,"max_open_trades_setting":3,"timeframe":"1h","timeframe_detail":"","timerange":"20251001-","enable_protections":false,"strategy_name":"ACO_26_20","freqaimodel":null,"freqai_identifier":null,"stoploss":-0.05,"trailing_stop":false,"trailing_stop_positive":null,"trailing_stop_positive_offset":0.0,"trailing_only_offset_is_reached":false,"use_custom_stoploss":false,"minimal_roi":{"0":0.1,"60":0.05,"120":0.0},"use_exit_signal":true,"exit_profit_only":false,"exit_profit_offset":0.0,"ignore_roi_if_entry_signal":false,"trading_mode":"spot","margin_mode":"","periodic_breakdown":{"day":[{"date":"17/10/2025","date_ts":1760659200000,"profit_abs":5.36075253,"wins":1,"draws":0,"losses":0,"trades":1,"profit_factor":0.0},{"date":"18/10/2025","date_ts":1760745600000,"profit_abs":0.0,"wins":0,"draws":0,"losses":0,"trades":0,"profit_factor":0.0},{"date":"19/10/2025","date_ts":1760832000000,"profit_abs":0.0,"wins":0,"draws":0,"losses":0,"trades":0,"profit_factor":0.0},{"date":"20/10/2025","date_ts":1760918400000,"profit_abs":0.0,"wins":0,"draws":0,"losses":0,"trades":0,"profit_factor":0.0},{"date":"21/10/2025","date_ts":1761004800000,"profit_abs":0.0,"wins":0,"draws":0,"losses":0,"trades":0,"profit_factor":0.0},{"date":"22/10/2025","date_ts":1761091200000,"profit_abs":0.0,"wins":0,"draws":0,"losses":0,"trades":0,"profit_factor":0.0},{"date":"23/10/2025","date_ts":1761177600000,"profit_abs":0.0,"wins":0,"draws":0,"losses":0,"trades":0,"profit_factor":0.0},{"date":"24/10/2025","date_ts":1761264000000,"profit_abs":0.0,"wins":0,"draws":0,"losses":0,"trades":0,"profit_factor":0.0},{"date":"25/10/2025","date_ts":1761350400000,"profit_abs":0.0,"wins":0,"draws":0,"losses":0,"trades":0,"profit_factor":0.0},{"date":"26/10/2025","date_ts":1761436800000,"profit_abs":0.0,"wins":0,"draws":0,"losses":0,"trades":0,"profit_factor":0.0},{"date":"27/10/2025","date_ts":1761523200000,"profit_abs":0.0,"wins":0,"draws":0,"losses":0,"trades":0,"profit_factor":0.0},{"date":"28/10/2025","date_ts":1761609600000,"profit_abs":0.0,"wins":0,"draws":0,"losses":0,"trades":0,"profit_factor":0.0},{"date":"29/10/2025","date_ts":1761696000000,"profit_abs":0.0,"wins":0,"draws":0,"losses":0,"trades":0,"profit_factor":0.0},{"date":"30/10/2025","date_ts":1761782400000,"profit_abs":0.0,"wins":0,"draws":1,"losses":0,"trades":1,"profit_factor":0.0},{"date":"31/10/2025","date_ts":1761868800000,"profit_abs":0.0,"wins":0,"draws":0,"losses":0,"trades":0,"profit_factor":0.0},{"date":"01/11/2025","date_ts":1761955200000,"profit_abs":0.0,"wins":0,"draws":0,"losses":0,"trades":0,"profit_factor":0.0},{"date":"02/11/2025","date_ts":1762041600000,"profit_abs":0.0,"wins":0,"draws":0,"losses":0,"trades":0,"profit_factor":0.0},{"date":"03/11/2025","date_ts":1762128000000,"profit_abs":0.0,"wins":0,"draws":1,"losses":0,"trades":1,"profit_factor":0.0},{"date":"04/11/2025","date_ts":1762214400000,"profit_abs":0.0,"wins":0,"draws":0,"losses":0,"trades":0,"profit_factor":0.0},{"date":"05/11/2025","date_ts":1762300800000,"profit_abs":0.0,"wins":0,"draws":0,"losses":0,"trades":0,"profit_factor":0.0},{"date":"06/11/2025","date_ts":1762387200000,"profit_abs":0.0,"wins":0,"draws":0,"losses":0,"trades":0,"profit_factor":0.0},{"date":"07/11/2025","date_ts":1762473600000,"profit_abs":0.0,"wins":0,"draws":0,"losses":0,"trades":0,"profit_factor":0.0},{"date":"08/11/2025","date_ts":1762560000000,"profit_abs":0.0,"wins":0,"draws":0,"losses":0,"trades":0,"profit_factor":0.0},{"date":"09/11/2025","date_ts":1762646400000,"profit_abs":0.0,"wins":0,"draws":0,"losses":0,"trades":0,"profit_factor":0.0},{"date":"10/11/2025","date_ts":1762732800000,"profit_abs":0.0,"wins":0,"draws":0,"losses":0,"trades":0,"profit_factor":0.0},{"date":"11/11/2025","date_ts":1762819200000,"profit_abs":0.0,"wins":0,"draws":0,"losses":0,"trades":0,"profit_factor":0.0},{"date":"12/11/2025","date_ts":1762905600000,"profit_abs":0.0,"wins":0,"draws":0,"losses":0,"trades":0,"profit_factor":0.0},{"date":"13/11/2025","date_ts":1762992000000,"profit_abs":0.0,"wins":0,"draws":0,"losses":0,"trades":0,"profit_factor":0.0},{"date":"14/11/2025","date_ts":1763078400000,"profit_abs":0.0,"wins":0,"draws":0,"losses":0,"trades":0,"profit_factor":0.0},{"date":"15/11/2025","date_ts":1763164800000,"profit_abs":0.0,"wins":0,"draws":0,"losses":0,"trades":0,"profit_factor":0.0},{"date":"16/11/2025","date_ts":1763251200000,"profit_abs":0.0,"wins":0,"draws":0,"losses":0,"trades":0,"profit_factor":0.0},{"date":"17/11/2025","date_ts":1763337600000,"profit_abs":0.0,"wins":0,"draws":0,"losses":0,"trades":0,"profit_factor":0.0},{"date":"18/11/2025","date_ts":1763424000000,"profit_abs":0.0,"wins":0,"draws":0,"losses":0,"trades":0,"profit_factor":0.0},{"date":"19/11/2025","date_ts":1763510400000,"profit_abs":0.0,"wins":0,"draws":0,"losses":0,"trades":0,"profit_factor":0.0},{"date":"20/11/2025","date_ts":1763596800000,"profit_abs":0.0,"wins":0,"draws":0,"losses":0,"trades":0,"profit_factor":0.0},{"date":"21/11/2025","date_ts":1763683200000,"profit_abs":0.0,"wins":0,"draws":0,"losses":0,"trades":0,"profit_factor":0.0},{"date":"22/11/2025","date_ts":1763769600000,"profit_abs":0.0,"wins":0,"draws":0,"losses":0,"trades":0,"profit_factor":0.0},{"date":"23/11/2025","date_ts":1763856000000,"profit_abs":0.0,"wins":0,"draws":0,"losses":0,"trades":0,"profit_factor":0.0},{"date":"24/11/2025","date_ts":1763942400000,"profit_abs":0.0,"wins":0,"draws":0,"losses":0,"trades":0,"profit_factor":0.0},{"date":"25/11/2025","date_ts":1764028800000,"profit_abs":0.0,"wins":0,"draws":0,"losses":0,"trades":0,"profit_factor":0.0},{"date":"26/11/2025","date_ts":1764115200000,"profit_abs":0.0,"wins":0,"draws":0,"losses":0,"trades":0,"profit_factor":0.0},{"date":"27/11/2025","date_ts":1764201600000,"profit_abs":0.0,"wins":0,"draws":0,"losses":0,"trades":0,"profit_factor":0.0},{"date":"28/11/2025","date_ts":1764288000000,"profit_abs":0.0,"wins":0,"draws":0,"losses":0,"trades":0,"profit_factor":0.0},{"date":"29/11/2025","date_ts":1764374400000,"profit_abs":0.0,"wins":0,"draws":0,"losses":0,"trades":0,"profit_factor":0.0},{"date":"30/11/2025","date_ts":1764460800000,"profit_abs":0.0,"wins":0,"draws":0,"losses":0,"trades":0,"profit_factor":0.0},{"date":"01/12/2025","date_ts":1764547200000,"profit_abs":1.01917226,"wins":2,"draws":0,"losses":0,"trades":2,"profit_factor":0.0},{"date":"02/12/2025","date_ts":1764633600000,"profit_abs":0.0,"wins":0,"draws":0,"losses":0,"trades":0,"profit_factor":0.0},{"date":"03/12/2025","date_ts":1764720000000,"profit_abs":0.0,"wins":0,"draws":0,"losses":0,"trades":0,"profit_factor":0.0},{"date":"04/12/2025","date_ts":1764806400000,"profit_abs":0.0,"wins":0,"draws":0,"losses":0,"trades":0,"profit_factor":0.0},{"date":"05/12/2025","date_ts":1764892800000,"profit_abs":0.0,"wins":0,"draws":1,"losses":0,"trades":1,"profit_factor":0.0},{"date":"06/12/2025","date_ts":1764979200000,"profit_abs":0.0,"wins":0,"draws":0,"losses":0,"trades":0,"profit_factor":0.0},{"date":"07/12/2025","date_ts":1765065600000,"profit_abs":0.0,"wins":0,"draws":0,"losses":0,"trades":0,"profit_factor":0.0},{"date":"08/12/2025","date_ts":1765152000000,"profit_abs":0.0,"wins":0,"draws":0,"losses":0,"trades":0,"profit_factor":0.0},{"date":"09/12/2025","date_ts":1765238400000,"profit_abs":0.0,"wins":0,"draws":0,"losses":0,"trades":0,"profit_factor":0.0},{"date":"10/12/2025","date_ts":1765324800000,"profit_abs":0.0,"wins":0,"draws":0,"losses":0,"trades":0,"profit_factor":0.0},{"date":"11/12/2025","date_ts":1765411200000,"profit_abs":0.0,"wins":0,"draws":0,"losses":0,"trades":0,"profit_factor":0.0},{"date":"12/12/2025","date_ts":1765497600000,"profit_abs":0.0,"wins":0,"draws":0,"losses":0,"trades":0,"profit_factor":0.0},{"date":"13/12/2025","date_ts":1765584000000,"profit_abs":0.0,"wins":0,"draws":0,"losses":0,"trades":0,"profit_factor":0.0},{"date":"14/12/2025","date_ts":1765670400000,"profit_abs":0.0,"wins":0,"draws":0,"losses":0,"trades":0,"profit_factor":0.0},{"date":"15/12/2025","date_ts":1765756800000,"profit_abs":0.0,"wins":0,"draws":1,"losses":0,"trades":1,"profit_factor":0.0},{"date":"16/12/2025","date_ts":1765843200000,"profit_abs":0.0,"wins":0,"draws":0,"losses":0,"trades":0,"profit_factor":0.0},{"date":"17/12/2025","date_ts":1765929600000,"profit_abs":0.0,"wins":0,"draws":0,"losses":0,"trades":0,"profit_factor":0.0},{"date":"18/12/2025","date_ts":1766016000000,"profit_abs":0.0,"wins":0,"draws":0,"losses":0,"trades":0,"profit_factor":0.0},{"date":"19/12/2025","date_ts":1766102400000,"profit_abs":0.0,"wins":0,"draws":0,"losses":0,"trades":0,"profit_factor":0.0},{"date":"20/12/2025","date_ts":1766188800000,"profit_abs":0.0,"wins":0,"draws":0,"losses":0,"trades":0,"profit_factor":0.0},{"date":"21/12/2025","date_ts":1766275200000,"profit_abs":0.0,"wins":0,"draws":0,"losses":0,"trades":0,"profit_factor":0.0},{"date":"22/12/2025","date_ts":1766361600000,"profit_abs":0.0,"wins":0,"draws":0,"losses":0,"trades":0,"profit_factor":0.0},{"date":"23/12/2025","date_ts":1766448000000,"profit_abs":0.0,"wins":0,"draws":0,"losses":0,"trades":0,"profit_factor":0.0},{"date":"24/12/2025","date_ts":1766534400000,"profit_abs":0.0,"wins":0,"draws":0,"losses":0,"trades":0,"profit_factor":0.0},{"date":"25/12/2025","date_ts":1766620800000,"profit_abs":0.0,"wins":0,"draws":0,"losses":0,"trades":0,"profit_factor":0.0},{"date":"26/12/2025","date_ts":1766707200000,"profit_abs":0.0,"wins":0,"draws":0,"losses":0,"trades":0,"profit_factor":0.0},{"date":"27/12/2025","date_ts":1766793600000,"profit_abs":0.0,"wins":0,"draws":0,"losses":0,"trades":0,"profit_factor":0.0},{"date":"28/12/2025","date_ts":1766880000000,"profit_abs":0.0,"wins":0,"draws":0,"losses":0,"trades":0,"profit_factor":0.0},{"date":"29/12/2025","date_ts":1766966400000,"profit_abs":0.0,"wins":0,"draws":0,"losses":0,"trades":0,"profit_factor":0.0},{"date":"30/12/2025","date_ts":1767052800000,"profit_abs":0.0,"wins":0,"draws":0,"losses":0,"trades":0,"profit_factor":0.0},{"date":"31/12/2025","date_ts":1767139200000,"profit_abs":0.0,"wins":0,"draws":0,"losses":0,"trades":0,"profit_factor":0.0},{"date":"01/01/2026","date_ts":1767225600000,"profit_abs":0.0,"wins":0,"draws":1,"losses":0,"trades":1,"profit_factor":0.0}],"week":[{"date":"20/10/2025","date_ts":1760918400000,"profit_abs":5.36075253,"wins":1,"draws":0,"losses":0,"trades":1,"profit_factor":0.0},{"date":"27/10/2025","date_ts":1761523200000,"profit_abs":0.0,"wins":0,"draws":0,"losses":0,"trades":0,"profit_factor":0.0},{"date":"03/11/2025","date_ts":1762128000000,"profit_abs":0.0,"wins":0,"draws":2,"losses":0,"trades":2,"profit_factor":0.0},{"date":"10/11/2025","date_ts":1762732800000,"profit_abs":0.0,"wins":0,"draws":0,"losses":0,"trades":0,"profit_factor":0.0},{"date":"17/11/2025","date_ts":1763337600000,"profit_abs":0.0,"wins":0,"draws":0,"losses":0,"trades":0,"profit_factor":0.0},{"date":"24/11/2025","date_ts":1763942400000,"profit_abs":0.0,"wins":0,"draws":0,"losses":0,"trades":0,"profit_factor":0.0},{"date":"01/12/2025","date_ts":1764547200000,"profit_abs":1.01917226,"wins":2,"draws":0,"losses":0,"trades":2,"profit_factor":0.0},{"date":"08/12/2025","date_ts":1765152000000,"profit_abs":0.0,"wins":0,"draws":1,"losses":0,"trades":1,"profit_factor":0.0},{"date":"15/12/2025","date_ts":1765756800000,"profit_abs":0.0,"wins":0,"draws":1,"losses":0,"trades":1,"profit_factor":0.0},{"date":"22/12/2025","date_ts":1766361600000,"profit_abs":0.0,"wins":0,"draws":0,"losses":0,"trades":0,"profit_factor":0.0},{"date":"29/12/2025","date_ts":1766966400000,"profit_abs":0.0,"wins":0,"draws":0,"losses":0,"trades":0,"profit_factor":0.0},{"date":"05/01/2026","date_ts":1767571200000,"profit_abs":0.0,"wins":0,"draws":1,"losses":0,"trades":1,"profit_factor":0.0}],"month":[{"date":"31/10/2025","date_ts":1761868800000,"profit_abs":5.36075253,"wins":1,"draws":1,"losses":0,"trades":2,"profit_factor":0.0},{"date":"30/11/2025","date_ts":1764460800000,"profit_abs":0.0,"wins":0,"draws":1,"losses":0,"trades":1,"profit_factor":0.0},{"date":"31/12/2025","date_ts":1767139200000,"profit_abs":1.01917226,"wins":2,"draws":2,"losses":0,"trades":4,"profit_factor":0.0},{"date":"31/01/2026","date_ts":1769817600000,"profit_abs":0.0,"wins":0,"draws":1,"losses":0,"trades":1,"profit_factor":0.0}],"year":[{"date":"31/12/2025","date_ts":1767139200000,"profit_abs":6.37992479,"wins":3,"draws":4,"losses":0,"trades":7,"profit_factor":0.0},{"date":"31/12/2026","date_ts":1798675200000,"profit_abs":0.0,"wins":0,"draws":1,"losses":0,"trades":1,"profit_factor":0.0}],"weekday":[{"date":"Monday","date_ts":0,"profit_abs":1.01917226,"wins":2,"draws":2,"losses":0,"trades":4,"profit_factor":0.0},{"date":"Thursday","date_ts":3,"profit_abs":0.0,"wins":0,"draws":2,"losses":0,"trades":2,"profit_factor":0.0},{"date":"Friday","date_ts":4,"profit_abs":5.36075253,"wins":1,"draws":1,"losses":0,"trades":2,"profit_factor":0.0}]},"backtest_best_day":0.016232636142138407,"backtest_worst_day":0.0,"backtest_best_day_abs":5.36075253,"backtest_worst_day_abs":0.0,"winning_days":2,"draw_days":75,"losing_days":0,"daily_profit":[["2025-10-17",5.36075253],["2025-10-18",0.0],["2025-10-19",0.0],["2025-10-20",0.0],["2025-10-21",0.0],["2025-10-22",0.0],["2025-10-23",0.0],["2025-10-24",0.0],["2025-10-25",0.0],["2025-10-26",0.0],["2025-10-27",0.0],["2025-10-28",0.0],["2025-10-29",0.0],["2025-10-30",0.0],["2025-10-31",0.0],["2025-11-01",0.0],["2025-11-02",0.0],["2025-11-03",0.0],["2025-11-04",0.0],["2025-11-05",0.0],["2025-11-06",0.0],["2025-11-07",0.0],["2025-11-08",0.0],["2025-11-09",0.0],["2025-11-10",0.0],["2025-11-11",0.0],["2025-11-12",0.0],["2025-11-13",0.0],["2025-11-14",0.0],["2025-11-15",0.0],["2025-11-16",0.0],["2025-11-17",0.0],["2025-11-18",0.0],["2025-11-19",0.0],["2025-11-20",0.0],["2025-11-21",0.0],["2025-11-22",0.0],["2025-11-23",0.0],["2025-11-24",0.0],["2025-11-25",0.0],["2025-11-26",0.0],["2025-11-27",0.0],["2025-11-28",0.0],["2025-11-29",0.0],["2025-11-30",0.0],["2025-12-01",1.01917226],["2025-12-02",0.0],["2025-12-03",0.0],["2025-12-04",0.0],["2025-12-05",0.0],["2025-12-06",0.0],["2025-12-07",0.0],["2025-12-08",0.0],["2025-12-09",0.0],["2025-12-10",0.0],["2025-12-11",0.0],["2025-12-12",0.0],["2025-12-13",0.0],["2025-12-14",0.0],["2025-12-15",0.0],["2025-12-16",0.0],["2025-12-17",0.0],["2025-12-18",0.0],["2025-12-19",0.0],["2025-12-20",0.0],["2025-12-21",0.0],["2025-12-22",0.0],["2025-12-23",0.0],["2025-12-24",0.0],["2025-12-25",0.0],["2025-12-26",0.0],["2025-12-27",0.0],["2025-12-28",0.0],["2025-12-29",0.0],["2025-12-30",0.0],["2025-12-31",0.0],["2026-01-01",0.0]],"wins":3,"losses":0,"draws":5,"winrate":0.375,"holding_avg":"2:30:00","holding_avg_s":9000.0,"winner_holding_min":"0d 02:00","winner_holding_min_s":7200.0,"winner_holding_max":"0d 02:00","winner_holding_max_s":7200.0,"winner_holding_avg":"0d 02:00","winner_holding_avg_s":7200.0,"loser_holding_min":"0d 00:00","loser_holding_min_s":0.0,"loser_holding_max":"0d 00:00","loser_holding_max_s":0.0,"loser_holding_avg":"0d 00:00","loser_holding_avg_s":0.0,"max_consecutive_wins":2,"max_consecutive_losses":3,"max_drawdown_account":0.0,"max_relative_drawdown":0.0,"max_drawdown_abs":0.0,"drawdown_start":"2025-10-17 13:00:00","drawdown_start_ts":1760706000000.0,"drawdown_end":"2025-10-17 13:00:00","drawdown_end_ts":1760706000000.0,"drawdown_duration":"0 days 00:00:00","drawdown_duration_s":0.0,"max_drawdown_low":0.0,"max_drawdown_high":0.0,"csum_min":1005.36075253,"csum_max":1006.37992479}},"strategy_comparison":[{"key":"ACO_26_20","trades":8,"profit_mean":0.002412726466064341,"profit_mean_pct":0.24,"profit_total_abs":6.37992479,"profit_total":0.00637992479,"profit_total_pct":0.64,"duration_avg":"2:30:00","wins":3,"draws":5,"losses":0,"winrate":0.375,"cagr":0.02421931290464374,"expectancy":0.79749059875,"expectancy_ratio":100.0,"sortino":-100,"sharpe":0.7197998904848388,"calmar":-100,"sqn":1.2086,"profit_factor":0.0,"max_drawdown_account":0.0,"max_drawdown_abs":"0"}]}