{"strategy":{"ACO_54_18":{"trades":[{"pair":"DOGE/USDT","stake_amount":329.92245,"max_stake_amount":329.92245,"amount":1287.0,"open_date":"2025-10-03 18:00:00+00:00","close_date":"2025-10-03 20:00:00+00:00","open_rate":0.25635,"close_rate":0.25926,"fee_open":0.001,"fee_close":0.001,"trade_duration":120,"profit_ratio":0.009330984989264686,"profit_abs":3.08157993,"exit_reason":"roi","initial_stop_loss_abs":0.24354,"initial_stop_loss_ratio":-0.05,"stop_loss_abs":0.24354,"stop_loss_ratio":-0.05,"min_rate":0.25517,"max_rate":0.26123,"is_open":false,"enter_tag":"","leverage":1.0,"is_short":false,"open_timestamp":1759514400000,"close_timestamp":1759521600000,"orders":[{"amount":1287.0,"safe_price":0.25635,"ft_order_side":"buy","order_filled_timestamp":1759514400000,"ft_is_entry":true,"ft_order_tag":"","cost":330.25237245},{"amount":1287.0,"safe_price":0.25926,"ft_order_side":"sell","order_filled_timestamp":1759521600000,"ft_is_entry":false,"ft_order_tag":"roi","cost":334.00128761999997}],"funding_fees":0.0,"weekday":4},{"pair":"DOGE/USDT","stake_amount":330.91776,"max_stake_amount":330.91776,"amount":1314.0,"open_date":"2025-10-05 02:00:00+00:00","close_date":"2025-10-05 04:00:00+00:00","open_rate":0.25184,"close_rate":0.25833,"fee_open":0.001,"fee_close":0.001,"trade_duration":120,"profit_ratio":0.02372083919892052,"profit_abs":7.85749662,"exit_reason":"roi","initial_stop_loss_abs":0.23925,"initial_stop_loss_ratio":-0.05,"stop_loss_abs":0.23925,"stop_loss_ratio":-0.05,"min_rate":0.25133,"max_rate":0.26398,"is_open":false,"enter_tag":"","leverage":1.0,"is_short":false,"open_timestamp":1759629600000,"close_timestamp":1759636800000,"orders":[{"amount":1314.0,"safe_price":0.25184,"ft_order_side":"buy","order_filled_timestamp":1759629600000,"ft_is_entry":true,"ft_order_tag":"","cost":331.24867775999996},{"amount":1314.0,"safe_price":0.25833,"ft_order_side":"sell","order_filled_timestamp":1759636800000,"ft_is_entry":false,"ft_order_tag":"roi","cost":339.78506561999995}],"funding_fees":0.0,"weekday":6},{"pair":"DOGE/USDT","stake_amount":333.38956,"max_stake_amount":333.38956,"amount":1307.0,"open_date":"2025-10-06 08:00:00+00:00","close_date":"2025-10-06 10:00:00+00:00","open_rate":0.25508,"close_rate":0.25837,"fee_open":0.001,"fee_close":0.001,"trade_duration":120,"profit_ratio":0.010874142323099512,"profit_abs":3.62895085,"exit_reason":"roi","initial_stop_loss_abs":0.24233,"initial_stop_loss_ratio":-0.05,"stop_loss_abs":0.24233,"stop_loss_ratio":-0.05,"min_rate":0.25508,"max_rate":0.2593,"is_open":false,"enter_tag":"","leverage":1.0,"is_short":false,"open_timestamp":1759737600000,"close_timestamp":1759744800000,"orders":[{"amount":1307.0,"safe_price":0.25508,"ft_order_side":"buy","order_filled_timestamp":1759737600000,"ft_is_entry":true,"ft_order_tag":"","cost":333.7229495599999},{"amount":1307.0,"safe_price":0.25837,"ft_order_side":"sell","order_filled_timestamp":1759744800000,"ft_is_entry":false,"ft_order_tag":"roi","cost":338.02727959}],"funding_fees":0.0,"weekday":0},{"pair":"DOGE/USDT","stake_amount":334.8021,"max_stake_amount":334.8021,"amount":1327.0,"open_date":"2025-10-08 13:00:00+00:00","close_date":"2025-10-08 15:00:00+00:00","open_rate":0.2523,"close_rate":0.2528051051051051,"fee_open":0.001,"fee_close":0.001,"trade_duration":120,"profit_ratio":0.0,"profit_abs":0.0,"exit_reason":"roi","initial_stop_loss_abs":0.23969,"initial_stop_loss_ratio":-0.05,"stop_loss_abs":0.23969,"stop_loss_ratio":-0.05,"min_rate":0.24914,"max_rate":0.25678,"is_open":false,"enter_tag":"","leverage":1.0,"is_short":false,"open_timestamp":1759928400000,"close_timestamp":1759935600000,"orders":[{"amount":1327.0,"safe_price":0.2523,"ft_order_side":"buy","order_filled_timestamp":1759928400000,"ft_is_entry":true,"ft_order_tag":"","cost":335.13690210000004},{"amount":1327.0,"safe_price":0.2528051051051051,"ft_order_side":"sell","order_filled_timestamp":1759935600000,"ft_is_entry":false,"ft_order_tag":"roi","cost":335.80784684894894}],"funding_fees":0.0,"weekday":2},{"pair":"DOGE/USDT","stake_amount":334.67635,"max_stake_amount":334.67635,"amount":1345.0,"open_date":"2025-10-09 22:00:00+00:00","close_date":"2025-10-10 00:00:00+00:00","open_rate":0.24883,"close_rate":0.24932815815815812,"fee_open":0.001,"fee_close":0.001,"trade_duration":120,"profit_ratio":0.0,"profit_abs":0.0,"exit_reason":"roi","initial_stop_loss_abs":0.23639,"initial_stop_loss_ratio":-0.05,"stop_loss_abs":0.23639,"stop_loss_ratio":-0.05,"min_rate":0.24779,"max_rate":0.25037,"is_open":false,"enter_tag":"","leverage":1.0,"is_short":false,"open_timestamp":1760047200000,"close_timestamp":1760054400000,"orders":[{"amount":1345.0,"safe_price":0.24883,"ft_order_side":"buy","order_filled_timestamp":1760047200000,"ft_is_entry":true,"ft_order_tag":"","cost":335.01102634999995},{"amount":1345.0,"safe_price":0.24932815815815812,"ft_order_side":"sell","order_filled_timestamp":1760054400000,"ft_is_entry":false,"ft_order_tag":"roi","cost":335.6817190954454}],"funding_fees":0.0,"weekday":4},{"pair":"DOGE/USDT","stake_amount":334.67029,"max_stake_amount":334.67029,"amount":1763.0,"open_date":"2025-10-12 08:00:00+00:00","close_date":"2025-10-12 10:00:00+00:00","open_rate":0.18983,"close_rate":0.19021004004004002,"fee_open":0.001,"fee_close":0.001,"trade_duration":120,"profit_ratio":0.0,"profit_abs":0.0,"exit_reason":"roi","initial_stop_loss_abs":0.18034,"initial_stop_loss_ratio":-0.05,"stop_loss_abs":0.18034,"stop_loss_ratio":-0.05,"min_rate":0.18695,"max_rate":0.19075,"is_open":false,"enter_tag":"","leverage":1.0,"is_short":false,"open_timestamp":1760256000000,"close_timestamp":1760263200000,"orders":[{"amount":1763.0,"safe_price":0.18983,"ft_order_side":"buy","order_filled_timestamp":1760256000000,"ft_is_entry":true,"ft_order_tag":"","cost":335.00496029},{"amount":1763.0,"safe_price":0.19021004004004002,"ft_order_side":"sell","order_filled_timestamp":1760263200000,"ft_is_entry":false,"ft_order_tag":"roi","cost":335.6756408911811}],"funding_fees":0.0,"weekday":6},{"pair":"DOGE/USDT","stake_amount":334.7504,"max_stake_amount":334.7504,"amount":1588.0,"open_date":"2025-10-13 17:00:00+00:00","close_date":"2025-10-13 19:00:00+00:00","open_rate":0.2108,"close_rate":0.21418,"fee_open":0.001,"fee_close":0.001,"trade_duration":120,"profit_ratio":0.014004117324800438,"profit_abs":4.69257176,"exit_reason":"roi","initial_stop_loss_abs":0.20026,"initial_stop_loss_ratio":-0.05,"stop_loss_abs":0.20026,"stop_loss_ratio":-0.05,"min_rate":0.21016,"max_rate":0.21714,"is_open":false,"enter_tag":"","leverage":1.0,"is_short":false,"open_timestamp":1760374800000,"close_timestamp":1760382000000,"orders":[{"amount":1588.0,"safe_price":0.2108,"ft_order_side":"buy","order_filled_timestamp":1760374800000,"ft_is_entry":true,"ft_order_tag":"","cost":335.0851503999999},{"amount":1588.0,"safe_price":0.21418,"ft_order_side":"sell","order_filled_timestamp":1760382000000,"ft_is_entry":false,"ft_order_tag":"roi","cost":340.45795783999995}],"funding_fees":0.0,"weekday":0},{"pair":"DOGE/USDT","stake_amount":336.31704,"max_stake_amount":336.31704,"amount":1656.0,"open_date":"2025-10-14 20:00:00+00:00","close_date":"2025-10-14 22:00:00+00:00","open_rate":0.20309,"close_rate":0.20359,"fee_open":0.001,"fee_close":0.001,"trade_duration":120,"profit_ratio":0.00045904167229687934,"profit_abs":0.15453792,"exit_reason":"roi","initial_stop_loss_abs":0.19294,"initial_stop_loss_ratio":-0.05,"stop_loss_abs":0.19294,"stop_loss_ratio":-0.05,"min_rate":0.20198,"max_rate":0.20516,"is_open":false,"enter_tag":"","leverage":1.0,"is_short":false,"open_timestamp":1760472000000,"close_timestamp":1760479200000,"orders":[{"amount":1656.0,"safe_price":0.20309,"ft_order_side":"buy","order_filled_timestamp":1760472000000,"ft_is_entry":true,"ft_order_tag":"","cost":336.65335703999995},{"amount":1656.0,"safe_price":0.20359,"ft_order_side":"sell","order_filled_timestamp":1760479200000,"ft_is_entry":false,"ft_order_tag":"roi","cost":337.48218503999993}],"funding_fees":0.0,"weekday":1},{"pair":"DOGE/USDT","stake_amount":336.37093,"max_stake_amount":336.37093,"amount":1687.0,"open_date":"2025-10-16 11:00:00+00:00","close_date":"2025-10-16 13:00:00+00:00","open_rate":0.19939,"close_rate":0.20003,"fee_open":0.001,"fee_close":0.001,"trade_duration":120,"profit_ratio":0.0012053746945165772,"profit_abs":0.40585846,"exit_reason":"roi","initial_stop_loss_abs":0.18943,"initial_stop_loss_ratio":-0.05,"stop_loss_abs":0.18943,"stop_loss_ratio":-0.05,"min_rate":0.19729,"max_rate":0.2015,"is_open":false,"enter_tag":"","leverage":1.0,"is_short":false,"open_timestamp":1760612400000,"close_timestamp":1760619600000,"orders":[{"amount":1687.0,"safe_price":0.19939,"ft_order_side":"buy","order_filled_timestamp":1760612400000,"ft_is_entry":true,"ft_order_tag":"","cost":336.70730093000003},{"amount":1687.0,"safe_price":0.20003,"ft_order_side":"sell","order_filled_timestamp":1760619600000,"ft_is_entry":false,"ft_order_tag":"roi","cost":337.78806061}],"funding_fees":0.0,"weekday":3},{"pair":"DOGE/USDT","stake_amount":336.41856,"max_stake_amount":336.41856,"amount":1824.0,"open_date":"2025-10-17 20:00:00+00:00","close_date":"2025-10-17 22:00:00+00:00","open_rate":0.18444,"close_rate":0.18735,"fee_open":0.001,"fee_close":0.001,"trade_duration":120,"profit_ratio":0.013747963162406883,"profit_abs":4.62969504,"exit_reason":"roi","initial_stop_loss_abs":0.17522,"initial_stop_loss_ratio":-0.05,"stop_loss_abs":0.17522,"stop_loss_ratio":-0.05,"min_rate":0.18399,"max_rate":0.18776,"is_open":false,"enter_tag":"","leverage":1.0,"is_short":false,"open_timestamp":1760731200000,"close_timestamp":1760738400000,"orders":[{"amount":1824.0,"safe_price":0.18444,"ft_order_side":"buy","order_filled_timestamp":1760731200000,"ft_is_entry":true,"ft_order_tag":"","cost":336.75497856},{"amount":1824.0,"safe_price":0.18735,"ft_order_side":"sell","order_filled_timestamp":1760738400000,"ft_is_entry":false,"ft_order_tag":"roi","cost":342.0681263999999}],"funding_fees":0.0,"weekday":4},{"pair":"DOGE/USDT","stake_amount":338.0646,"max_stake_amount":338.0646,"amount":1740.0,"open_date":"2025-10-19 11:00:00+00:00","close_date":"2025-10-19 13:00:00+00:00","open_rate":0.19429,"close_rate":0.19467896896896894,"fee_open":0.001,"fee_close":0.001,"trade_duration":120,"profit_ratio":0.0,"profit_abs":0.0,"exit_reason":"roi","initial_stop_loss_abs":0.18458,"initial_stop_loss_ratio":-0.05,"stop_loss_abs":0.18458,"stop_loss_ratio":-0.05,"min_rate":0.19259,"max_rate":0.19805,"is_open":false,"enter_tag":"","leverage":1.0,"is_short":false,"open_timestamp":1760871600000,"close_timestamp":1760878800000,"orders":[{"amount":1740.0,"safe_price":0.19429,"ft_order_side":"buy","order_filled_timestamp":1760871600000,"ft_is_entry":true,"ft_order_tag":"","cost":338.4026645999999},{"amount":1740.0,"safe_price":0.19467896896896894,"ft_order_side":"sell","order_filled_timestamp":1760878800000,"ft_is_entry":false,"ft_order_tag":"roi","cost":339.0801474120119}],"funding_fees":0.0,"weekday":6},{"pair":"DOGE/USDT","stake_amount":337.8732,"max_stake_amount":337.8732,"amount":1653.0,"open_date":"2025-10-21 16:00:00+00:00","close_date":"2025-10-21 23:00:00+00:00","open_rate":0.2044,"close_rate":0.19418,"fee_open":0.001,"fee_close":0.001,"trade_duration":420,"profit_ratio":-0.0518981018981019,"profit_abs":-17.55251274,"exit_reason":"stop_loss","initial_stop_loss_abs":0.19418,"initial_stop_loss_ratio":-0.05,"stop_loss_abs":0.19418,"stop_loss_ratio":-0.05,"min_rate":0.19362,"max_rate":0.205,"is_open":false,"enter_tag":"","leverage":1.0,"is_short":false,"open_timestamp":1761062400000,"close_timestamp":1761087600000,"orders":[{"amount":1653.0,"safe_price":0.2044,"ft_order_side":"buy","order_filled_timestamp":1761062400000,"ft_is_entry":true,"ft_order_tag":"","cost":338.2110732},{"amount":1653.0,"safe_price":0.19418,"ft_order_side":"sell","order_filled_timestamp":1761087600000,"ft_is_entry":false,"ft_order_tag":"stop_loss","cost":321.3005195399999}],"funding_fees":0.0,"weekday":1},{"pair":"DOGE/USDT","stake_amount":332.27073,"max_stake_amount":332.27073,"amount":1739.0,"open_date":"2025-10-23 04:00:00+00:00","close_date":"2025-10-23 06:00:00+00:00","open_rate":0.19107,"close_rate":0.1921,"fee_open":0.001,"fee_close":0.001,"trade_duration":120,"profit_ratio":0.0033819218934621666,"profit_abs":1.12483737,"exit_reason":"roi","initial_stop_loss_abs":0.18152,"initial_stop_loss_ratio":-0.05,"stop_loss_abs":0.18152,"stop_loss_ratio":-0.05,"min_rate":0.1908,"max_rate":0.19498,"is_open":false,"enter_tag":"","leverage":1.0,"is_short":false,"open_timestamp":1761192000000,"close_timestamp":1761199200000,"orders":[{"amount":1739.0,"safe_price":0.19107,"ft_order_side":"buy","order_filled_timestamp":1761192000000,"ft_is_entry":true,"ft_order_tag":"","cost":332.6030007299999},{"amount":1739.0,"safe_price":0.1921,"ft_order_side":"sell","order_filled_timestamp":1761199200000,"ft_is_entry":false,"ft_order_tag":"roi","cost":334.3959618999999}],"funding_fees":0.0,"weekday":3},{"pair":"DOGE/USDT","stake_amount":332.63888,"max_stake_amount":332.63888,"amount":1702.0,"open_date":"2025-10-24 03:00:00+00:00","close_date":"2025-10-24 05:00:00+00:00","open_rate":0.19544,"close_rate":0.19763,"fee_open":0.001,"fee_close":0.001,"trade_duration":120,"profit_ratio":0.009185094479814086,"profit_abs":3.05837486,"exit_reason":"roi","initial_stop_loss_abs":0.18567,"initial_stop_loss_ratio":-0.05,"stop_loss_abs":0.18567,"stop_loss_ratio":-0.05,"min_rate":0.19481,"max_rate":0.19835,"is_open":false,"enter_tag":"","leverage":1.0,"is_short":false,"open_timestamp":1761274800000,"close_timestamp":1761282000000,"orders":[{"amount":1702.0,"safe_price":0.19544,"ft_order_side":"buy","order_filled_timestamp":1761274800000,"ft_is_entry":true,"ft_order_tag":"","cost":332.97151888},{"amount":1702.0,"safe_price":0.19763,"ft_order_side":"sell","order_filled_timestamp":1761282000000,"ft_is_entry":false,"ft_order_tag":"roi","cost":336.70262626}],"funding_fees":0.0,"weekday":4},{"pair":"DOGE/USDT","stake_amount":333.48645,"max_stake_amount":333.48645,"amount":1683.0,"open_date":"2025-10-24 22:00:00+00:00","close_date":"2025-10-25 00:00:00+00:00","open_rate":0.19815,"close_rate":0.19854669669669667,"fee_open":0.001,"fee_close":0.001,"trade_duration":120,"profit_ratio":0.0,"profit_abs":0.0,"exit_reason":"roi","initial_stop_loss_abs":0.18825,"initial_stop_loss_ratio":-0.05,"stop_loss_abs":0.18825,"stop_loss_ratio":-0.05,"min_rate":0.19732,"max_rate":0.19884,"is_open":false,"enter_tag":"","leverage":1.0,"is_short":false,"open_timestamp":1761343200000,"close_timestamp":1761350400000,"orders":[{"amount":1683.0,"safe_price":0.19815,"ft_order_side":"buy","order_filled_timestamp":1761343200000,"ft_is_entry":true,"ft_order_tag":"","cost":333.81993644999994},{"amount":1683.0,"safe_price":0.19854669669669667,"ft_order_side":"sell","order_filled_timestamp":1761350400000,"ft_is_entry":false,"ft_order_tag":"roi","cost":334.488244631081}],"funding_fees":0.0,"weekday":5},{"pair":"DOGE/USDT","stake_amount":333.49818,"max_stake_amount":333.49818,"amount":1671.0,"open_date":"2025-10-26 10:00:00+00:00","close_date":"2025-10-26 12:00:00+00:00","open_rate":0.19958,"close_rate":0.20183,"fee_open":0.001,"fee_close":0.001,"trade_duration":120,"profit_ratio":0.009253147894294302,"profit_abs":3.08899389,"exit_reason":"roi","initial_stop_loss_abs":0.18961,"initial_stop_loss_ratio":-0.05,"stop_loss_abs":0.18961,"stop_loss_ratio":-0.05,"min_rate":0.19833,"max_rate":0.20286,"is_open":false,"enter_tag":"","leverage":1.0,"is_short":false,"open_timestamp":1761472800000,"close_timestamp":1761480000000,"orders":[{"amount":1671.0,"safe_price":0.19958,"ft_order_side":"buy","order_filled_timestamp":1761472800000,"ft_is_entry":true,"ft_order_tag":"","cost":333.8316781799999},{"amount":1671.0,"safe_price":0.20183,"ft_order_side":"sell","order_filled_timestamp":1761480000000,"ft_is_entry":false,"ft_order_tag":"roi","cost":337.59518792999995}],"funding_fees":0.0,"weekday":6},{"pair":"DOGE/USDT","stake_amount":334.59184,"max_stake_amount":334.59184,"amount":1661.0,"open_date":"2025-10-28 17:00:00+00:00","close_date":"2025-10-28 21:00:00+00:00","open_rate":0.20144,"close_rate":0.19137,"fee_open":0.001,"fee_close":0.001,"trade_duration":240,"profit_ratio":-0.05188819322059989,"profit_abs":-17.37872741,"exit_reason":"stop_loss","initial_stop_loss_abs":0.19137,"initial_stop_loss_ratio":-0.05,"stop_loss_abs":0.19137,"stop_loss_ratio":-0.05,"min_rate":0.19006,"max_rate":0.2025,"is_open":false,"enter_tag":"","leverage":1.0,"is_short":false,"open_timestamp":1761670800000,"close_timestamp":1761685200000,"orders":[{"amount":1661.0,"safe_price":0.20144,"ft_order_side":"buy","order_filled_timestamp":1761670800000,"ft_is_entry":true,"ft_order_tag":"","cost":334.92643183999996},{"amount":1661.0,"safe_price":0.19137,"ft_order_side":"sell","order_filled_timestamp":1761685200000,"ft_is_entry":false,"ft_order_tag":"stop_loss","cost":318.18343557000003}],"funding_fees":0.0,"weekday":1},{"pair":"DOGE/USDT","stake_amount":328.7622,"max_stake_amount":328.7622,"amount":1695.0,"open_date":"2025-10-29 14:00:00+00:00","close_date":"2025-10-29 17:00:00+00:00","open_rate":0.19396,"close_rate":0.19434830830830827,"fee_open":0.001,"fee_close":0.001,"trade_duration":180,"profit_ratio":0.0,"profit_abs":0.0,"exit_reason":"roi","initial_stop_loss_abs":0.18427,"initial_stop_loss_ratio":-0.05,"stop_loss_abs":0.18427,"stop_loss_ratio":-0.05,"min_rate":0.19022,"max_rate":0.19609,"is_open":false,"enter_tag":"","leverage":1.0,"is_short":false,"open_timestamp":1761746400000,"close_timestamp":1761757200000,"orders":[{"amount":1695.0,"safe_price":0.19396,"ft_order_side":"buy","order_filled_timestamp":1761746400000,"ft_is_entry":true,"ft_order_tag":"","cost":329.0909622},{"amount":1695.0,"safe_price":0.19434830830830827,"ft_order_side":"sell","order_filled_timestamp":1761757200000,"ft_is_entry":false,"ft_order_tag":"roi","cost":329.7498029651651}],"funding_fees":0.0,"weekday":2},{"pair":"DOGE/USDT","stake_amount":328.93834,"max_stake_amount":328.93834,"amount":1678.0,"open_date":"2025-10-29 21:00:00+00:00","close_date":"2025-10-30 04:00:00+00:00","open_rate":0.19603,"close_rate":0.18623,"fee_open":0.001,"fee_close":0.001,"trade_duration":420,"profit_ratio":-0.05189046529657661,"profit_abs":-17.08583228,"exit_reason":"stop_loss","initial_stop_loss_abs":0.18623,"initial_stop_loss_ratio":-0.05,"stop_loss_abs":0.18623,"stop_loss_ratio":-0.05,"min_rate":0.1858,"max_rate":0.19691,"is_open":false,"enter_tag":"","leverage":1.0,"is_short":false,"open_timestamp":1761771600000,"close_timestamp":1761796800000,"orders":[{"amount":1678.0,"safe_price":0.19603,"ft_order_side":"buy","order_filled_timestamp":1761771600000,"ft_is_entry":true,"ft_order_tag":"","cost":329.26727834},{"amount":1678.0,"safe_price":0.18623,"ft_order_side":"sell","order_filled_timestamp":1761796800000,"ft_is_entry":false,"ft_order_tag":"stop_loss","cost":312.80643394}],"funding_fees":0.0,"weekday":3},{"pair":"DOGE/USDT","stake_amount":323.29656,"max_stake_amount":323.29656,"amount":1752.0,"open_date":"2025-10-31 04:00:00+00:00","close_date":"2025-10-31 06:00:00+00:00","open_rate":0.18453,"close_rate":0.18506,"fee_open":0.001,"fee_close":0.001,"trade_duration":120,"profit_ratio":0.0008684211252899271,"profit_abs":0.28103832,"exit_reason":"roi","initial_stop_loss_abs":0.17531,"initial_stop_loss_ratio":-0.05,"stop_loss_abs":0.17531,"stop_loss_ratio":-0.05,"min_rate":0.1842,"max_rate":0.18608,"is_open":false,"enter_tag":"","leverage":1.0,"is_short":false,"open_timestamp":1761883200000,"close_timestamp":1761890400000,"orders":[{"amount":1752.0,"safe_price":0.18453,"ft_order_side":"buy","order_filled_timestamp":1761883200000,"ft_is_entry":true,"ft_order_tag":"","cost":323.61985655999996},{"amount":1752.0,"safe_price":0.18506,"ft_order_side":"sell","order_filled_timestamp":1761890400000,"ft_is_entry":false,"ft_order_tag":"roi","cost":324.54934511999994}],"funding_fees":0.0,"weekday":4},{"pair":"DOGE/USDT","stake_amount":323.2305,"max_stake_amount":323.2305,"amount":1735.0,"open_date":"2025-10-31 22:00:00+00:00","close_date":"2025-11-01 01:00:00+00:00","open_rate":0.1863,"close_rate":0.18667297297297294,"fee_open":0.001,"fee_close":0.001,"trade_duration":180,"profit_ratio":0.0,"profit_abs":0.0,"exit_reason":"roi","initial_stop_loss_abs":0.17699,"initial_stop_loss_ratio":-0.05,"stop_loss_abs":0.17699,"stop_loss_ratio":-0.05,"min_rate":0.18535,"max_rate":0.18686,"is_open":false,"enter_tag":"","leverage":1.0,"is_short":false,"open_timestamp":1761948000000,"close_timestamp":1761958800000,"orders":[{"amount":1735.0,"safe_price":0.1863,"ft_order_side":"buy","order_filled_timestamp":1761948000000,"ft_is_entry":true,"ft_order_tag":"","cost":323.5537305},{"amount":1735.0,"safe_price":0.18667297297297294,"ft_order_side":"sell","order_filled_timestamp":1761958800000,"ft_is_entry":false,"ft_order_tag":"roi","cost":324.20148571621615}],"funding_fees":0.0,"weekday":5},{"pair":"DOGE/USDT","stake_amount":323.37438,"max_stake_amount":323.37438,"amount":1722.0,"open_date":"2025-11-02 07:00:00+00:00","close_date":"2025-11-03 03:00:00+00:00","open_rate":0.18779,"close_rate":0.17841,"fee_open":0.001,"fee_close":0.001,"trade_duration":1200,"profit_ratio":-0.05184761455063388,"profit_abs":-16.7829564,"exit_reason":"stop_loss","initial_stop_loss_abs":0.17841,"initial_stop_loss_ratio":-0.05,"stop_loss_abs":0.17841,"stop_loss_ratio":-0.05,"min_rate":0.17456,"max_rate":0.18884,"is_open":false,"enter_tag":"","leverage":1.0,"is_short":false,"open_timestamp":1762066800000,"close_timestamp":1762138800000,"orders":[{"amount":1722.0,"safe_price":0.18779,"ft_order_side":"buy","order_filled_timestamp":1762066800000,"ft_is_entry":true,"ft_order_tag":"","cost":323.69775438},{"amount":1722.0,"safe_price":0.17841,"ft_order_side":"sell","order_filled_timestamp":1762138800000,"ft_is_entry":false,"ft_order_tag":"stop_loss","cost":307.52924202}],"funding_fees":0.0,"weekday":0},{"pair":"DOGE/USDT","stake_amount":317.82204,"max_stake_amount":317.82204,"amount":1929.0,"open_date":"2025-11-05 05:00:00+00:00","close_date":"2025-11-05 07:00:00+00:00","open_rate":0.16476,"close_rate":0.16537,"fee_open":0.001,"fee_close":0.001,"trade_duration":120,"profit_ratio":0.0016969556299490747,"profit_abs":0.53986923,"exit_reason":"roi","initial_stop_loss_abs":0.15653,"initial_stop_loss_ratio":-0.05,"stop_loss_abs":0.15653,"stop_loss_ratio":-0.05,"min_rate":0.16403,"max_rate":0.16619,"is_open":false,"enter_tag":"","leverage":1.0,"is_short":false,"open_timestamp":1762318800000,"close_timestamp":1762326000000,"orders":[{"amount":1929.0,"safe_price":0.16476,"ft_order_side":"buy","order_filled_timestamp":1762318800000,"ft_is_entry":true,"ft_order_tag":"","cost":318.1398620399999},{"amount":1929.0,"safe_price":0.16537,"ft_order_side":"sell","order_filled_timestamp":1762326000000,"ft_is_entry":false,"ft_order_tag":"roi","cost":319.31772872999994}],"funding_fees":0.0,"weekday":2},{"pair":"DOGE/USDT","stake_amount":317.9085,"max_stake_amount":317.9085,"amount":1950.0,"open_date":"2025-11-07 01:00:00+00:00","close_date":"2025-11-07 03:00:00+00:00","open_rate":0.16303,"close_rate":0.16414,"fee_open":0.001,"fee_close":0.001,"trade_duration":120,"profit_ratio":0.004796957321032644,"profit_abs":1.5265185,"exit_reason":"roi","initial_stop_loss_abs":0.15488,"initial_stop_loss_ratio":-0.05,"stop_loss_abs":0.15488,"stop_loss_ratio":-0.05,"min_rate":0.16095,"max_rate":0.16509,"is_open":false,"enter_tag":"","leverage":1.0,"is_short":false,"open_timestamp":1762477200000,"close_timestamp":1762484400000,"orders":[{"amount":1950.0,"safe_price":0.16303,"ft_order_side":"buy","order_filled_timestamp":1762477200000,"ft_is_entry":true,"ft_order_tag":"","cost":318.2264085},{"amount":1950.0,"safe_price":0.16414,"ft_order_side":"sell","order_filled_timestamp":1762484400000,"ft_is_entry":false,"ft_order_tag":"roi","cost":320.393073}],"funding_fees":0.0,"weekday":4},{"pair":"DOGE/USDT","stake_amount":318.43368,"max_stake_amount":318.43368,"amount":1884.0,"open_date":"2025-11-07 16:00:00+00:00","close_date":"2025-11-07 17:00:00+00:00","open_rate":0.16902,"close_rate":0.17781783783783786,"fee_open":0.001,"fee_close":0.001,"trade_duration":60,"profit_ratio":0.04995004995004996,"profit_abs":15.921684,"exit_reason":"roi","initial_stop_loss_abs":0.16057,"initial_stop_loss_ratio":-0.05,"stop_loss_abs":0.16057,"stop_loss_ratio":-0.05,"min_rate":0.16834,"max_rate":0.17978,"is_open":false,"enter_tag":"","leverage":1.0,"is_short":false,"open_timestamp":1762531200000,"close_timestamp":1762534800000,"orders":[{"amount":1884.0,"safe_price":0.16902,"ft_order_side":"buy","order_filled_timestamp":1762531200000,"ft_is_entry":true,"ft_order_tag":"","cost":318.7521136799999},{"amount":1884.0,"safe_price":0.17781783783783786,"ft_order_side":"sell","order_filled_timestamp":1762534800000,"ft_is_entry":false,"ft_order_tag":"roi","cost":335.343815292973}],"funding_fees":0.0,"weekday":4},{"pair":"DOGE/USDT","stake_amount":323.6718,"max_stake_amount":323.6718,"amount":1838.0,"open_date":"2025-11-09 14:00:00+00:00","close_date":"2025-11-09 16:00:00+00:00","open_rate":0.1761,"close_rate":0.17807,"fee_open":0.001,"fee_close":0.001,"trade_duration":120,"profit_ratio":0.009166472369198092,"profit_abs":2.96989554,"exit_reason":"roi","initial_stop_loss_abs":0.1673,"initial_stop_loss_ratio":-0.05,"stop_loss_abs":0.1673,"stop_loss_ratio":-0.05,"min_rate":0.17501,"max_rate":0.17961,"is_open":false,"enter_tag":"","leverage":1.0,"is_short":false,"open_timestamp":1762696800000,"close_timestamp":1762704000000,"orders":[{"amount":1838.0,"safe_price":0.1761,"ft_order_side":"buy","order_filled_timestamp":1762696800000,"ft_is_entry":true,"ft_order_tag":"","cost":323.99547179999996},{"amount":1838.0,"safe_price":0.17807,"ft_order_side":"sell","order_filled_timestamp":1762704000000,"ft_is_entry":false,"ft_order_tag":"roi","cost":327.61995265999997}],"funding_fees":0.0,"weekday":6},{"pair":"DOGE/USDT","stake_amount":324.62265,"max_stake_amount":324.62265,"amount":1793.0,"open_date":"2025-11-11 01:00:00+00:00","close_date":"2025-11-11 03:00:00+00:00","open_rate":0.18105,"close_rate":0.18294,"fee_open":0.001,"fee_close":0.001,"trade_duration":120,"profit_ratio":0.008420245868464593,"profit_abs":2.73613593,"exit_reason":"roi","initial_stop_loss_abs":0.172,"initial_stop_loss_ratio":-0.05,"stop_loss_abs":0.172,"stop_loss_ratio":-0.05,"min_rate":0.17973,"max_rate":0.1864,"is_open":false,"enter_tag":"","leverage":1.0,"is_short":false,"open_timestamp":1762822800000,"close_timestamp":1762830000000,"orders":[{"amount":1793.0,"safe_price":0.18105,"ft_order_side":"buy","order_filled_timestamp":1762822800000,"ft_is_entry":true,"ft_order_tag":"","cost":324.94727264999995},{"amount":1793.0,"safe_price":0.18294,"ft_order_side":"sell","order_filled_timestamp":1762830000000,"ft_is_entry":false,"ft_order_tag":"roi","cost":328.3394314199999}],"funding_fees":0.0,"weekday":1},{"pair":"DOGE/USDT","stake_amount":325.6344,"max_stake_amount":325.6344,"amount":1846.0,"open_date":"2025-11-12 11:00:00+00:00","close_date":"2025-11-12 13:00:00+00:00","open_rate":0.1764,"close_rate":0.17675315315315315,"fee_open":0.001,"fee_close":0.001,"trade_duration":120,"profit_ratio":0.0,"profit_abs":0.0,"exit_reason":"roi","initial_stop_loss_abs":0.16758,"initial_stop_loss_ratio":-0.05,"stop_loss_abs":0.16758,"stop_loss_ratio":-0.05,"min_rate":0.1757,"max_rate":0.17806,"is_open":false,"enter_tag":"","leverage":1.0,"is_short":false,"open_timestamp":1762945200000,"close_timestamp":1762952400000,"orders":[{"amount":1846.0,"safe_price":0.1764,"ft_order_side":"buy","order_filled_timestamp":1762945200000,"ft_is_entry":true,"ft_order_tag":"","cost":325.9600344},{"amount":1846.0,"safe_price":0.17675315315315315,"ft_order_side":"sell","order_filled_timestamp":1762952400000,"ft_is_entry":false,"ft_order_tag":"roi","cost":326.6126070414414}],"funding_fees":0.0,"weekday":2},{"pair":"DOGE/USDT","stake_amount":325.6555,"max_stake_amount":325.6555,"amount":1850.0,"open_date":"2025-11-13 06:00:00+00:00","close_date":"2025-11-13 08:00:00+00:00","open_rate":0.17603,"close_rate":0.1763824124124124,"fee_open":0.001,"fee_close":0.001,"trade_duration":120,"profit_ratio":0.0,"profit_abs":0.0,"exit_reason":"roi","initial_stop_loss_abs":0.16723,"initial_stop_loss_ratio":-0.05,"stop_loss_abs":0.16723,"stop_loss_ratio":-0.05,"min_rate":0.17519,"max_rate":0.17709,"is_open":false,"enter_tag":"","leverage":1.0,"is_short":false,"open_timestamp":1763013600000,"close_timestamp":1763020800000,"orders":[{"amount":1850.0,"safe_price":0.17603,"ft_order_side":"buy","order_filled_timestamp":1763013600000,"ft_is_entry":true,"ft_order_tag":"","cost":325.98115549999994},{"amount":1850.0,"safe_price":0.1763824124124124,"ft_order_side":"sell","order_filled_timestamp":1763020800000,"ft_is_entry":false,"ft_order_tag":"roi","cost":326.63377042592583}],"funding_fees":0.0,"weekday":3},{"pair":"DOGE/USDT","stake_amount":325.60992,"max_stake_amount":325.60992,"amount":2004.0,"open_date":"2025-11-15 05:00:00+00:00","close_date":"2025-11-15 07:00:00+00:00","open_rate":0.16248,"close_rate":0.16329,"fee_open":0.001,"fee_close":0.001,"trade_duration":120,"profit_ratio":0.002977266455848435,"profit_abs":0.97039692,"exit_reason":"roi","initial_stop_loss_abs":0.15436,"initial_stop_loss_ratio":-0.05,"stop_loss_abs":0.15436,"stop_loss_ratio":-0.05,"min_rate":0.16225,"max_rate":0.1642,"is_open":false,"enter_tag":"","leverage":1.0,"is_short":false,"open_timestamp":1763182800000,"close_timestamp":1763190000000,"orders":[{"amount":2004.0,"safe_price":0.16248,"ft_order_side":"buy","order_filled_timestamp":1763182800000,"ft_is_entry":true,"ft_order_tag":"","cost":325.93552992},{"amount":2004.0,"safe_price":0.16329,"ft_order_side":"sell","order_filled_timestamp":1763190000000,"ft_is_entry":false,"ft_order_tag":"roi","cost":327.56039316}],"funding_fees":0.0,"weekday":5},{"pair":"DOGE/USDT","stake_amount":325.93743,"max_stake_amount":325.93743,"amount":1989.0,"open_date":"2025-11-16 04:00:00+00:00","close_date":"2025-11-16 08:00:00+00:00","open_rate":0.16387,"close_rate":0.16419806806806803,"fee_open":0.001,"fee_close":0.001,"trade_duration":240,"profit_ratio":0.0,"profit_abs":0.0,"exit_reason":"roi","initial_stop_loss_abs":0.15568,"initial_stop_loss_ratio":-0.05,"stop_loss_abs":0.15568,"stop_loss_ratio":-0.05,"min_rate":0.16271,"max_rate":0.16445,"is_open":false,"enter_tag":"","leverage":1.0,"is_short":false,"open_timestamp":1763265600000,"close_timestamp":1763280000000,"orders":[{"amount":1989.0,"safe_price":0.16387,"ft_order_side":"buy","order_filled_timestamp":1763265600000,"ft_is_entry":true,"ft_order_tag":"","cost":326.2633674299999},{"amount":1989.0,"safe_price":0.16419806806806803,"ft_order_side":"sell","order_filled_timestamp":1763280000000,"ft_is_entry":false,"ft_order_tag":"roi","cost":326.91654734477464}],"funding_fees":0.0,"weekday":6},{"pair":"DOGE/USDT","stake_amount":325.907,"max_stake_amount":325.907,"amount":2018.0,"open_date":"2025-11-17 04:00:00+00:00","close_date":"2025-11-17 07:00:00+00:00","open_rate":0.1615,"close_rate":0.1618233233233233,"fee_open":0.001,"fee_close":0.001,"trade_duration":180,"profit_ratio":0.0,"profit_abs":0.0,"exit_reason":"roi","initial_stop_loss_abs":0.15343,"initial_stop_loss_ratio":-0.05,"stop_loss_abs":0.15343,"stop_loss_ratio":-0.05,"min_rate":0.16069,"max_rate":0.16239,"is_open":false,"enter_tag":"","leverage":1.0,"is_short":false,"open_timestamp":1763352000000,"close_timestamp":1763362800000,"orders":[{"amount":2018.0,"safe_price":0.1615,"ft_order_side":"buy","order_filled_timestamp":1763352000000,"ft_is_entry":true,"ft_order_tag":"","cost":326.23290699999995},{"amount":2018.0,"safe_price":0.1618233233233233,"ft_order_side":"sell","order_filled_timestamp":1763362800000,"ft_is_entry":false,"ft_order_tag":"roi","cost":326.88602593293285}],"funding_fees":0.0,"weekday":0},{"pair":"DOGE/USDT","stake_amount":325.9256,"max_stake_amount":325.9256,"amount":2072.0,"open_date":"2025-11-18 09:00:00+00:00","close_date":"2025-11-18 12:00:00+00:00","open_rate":0.1573,"close_rate":0.1576149149149149,"fee_open":0.001,"fee_close":0.001,"trade_duration":180,"profit_ratio":0.0,"profit_abs":0.0,"exit_reason":"roi","initial_stop_loss_abs":0.14944,"initial_stop_loss_ratio":-0.05,"stop_loss_abs":0.14944,"stop_loss_ratio":-0.05,"min_rate":0.15629,"max_rate":0.15787,"is_open":false,"enter_tag":"","leverage":1.0,"is_short":false,"open_timestamp":1763456400000,"close_timestamp":1763467200000,"orders":[{"amount":2072.0,"safe_price":0.1573,"ft_order_side":"buy","order_filled_timestamp":1763456400000,"ft_is_entry":true,"ft_order_tag":"","cost":326.2515255999999},{"amount":2072.0,"safe_price":0.1576149149149149,"ft_order_side":"sell","order_filled_timestamp":1763467200000,"ft_is_entry":false,"ft_order_tag":"roi","cost":326.90468180740737}],"funding_fees":0.0,"weekday":1},{"pair":"DOGE/USDT","stake_amount":325.8508,"max_stake_amount":325.8508,"amount":2060.0,"open_date":"2025-11-20 03:00:00+00:00","close_date":"2025-11-20 05:00:00+00:00","open_rate":0.15818,"close_rate":0.15849667667667663,"fee_open":0.001,"fee_close":0.001,"trade_duration":120,"profit_ratio":0.0,"profit_abs":0.0,"exit_reason":"roi","initial_stop_loss_abs":0.15028,"initial_stop_loss_ratio":-0.05,"stop_loss_abs":0.15028,"stop_loss_ratio":-0.05,"min_rate":0.15682,"max_rate":0.15882,"is_open":false,"enter_tag":"","leverage":1.0,"is_short":false,"open_timestamp":1763607600000,"close_timestamp":1763614800000,"orders":[{"amount":2060.0,"safe_price":0.15818,"ft_order_side":"buy","order_filled_timestamp":1763607600000,"ft_is_entry":true,"ft_order_tag":"","cost":326.17665079999995},{"amount":2060.0,"safe_price":0.15849667667667663,"ft_order_side":"sell","order_filled_timestamp":1763614800000,"ft_is_entry":false,"ft_order_tag":"roi","cost":326.8296571079078}],"funding_fees":0.0,"weekday":3},{"pair":"DOGE/USDT","stake_amount":325.9386,"max_stake_amount":325.9386,"amount":2340.0,"open_date":"2025-11-22 04:00:00+00:00","close_date":"2025-11-22 07:00:00+00:00","open_rate":0.13929,"close_rate":0.13956885885885884,"fee_open":0.001,"fee_close":0.001,"trade_duration":180,"profit_ratio":0.0,"profit_abs":0.0,"exit_reason":"roi","initial_stop_loss_abs":0.13233,"initial_stop_loss_ratio":-0.05,"stop_loss_abs":0.13233,"stop_loss_ratio":-0.05,"min_rate":0.13565,"max_rate":0.14016,"is_open":false,"enter_tag":"","leverage":1.0,"is_short":false,"open_timestamp":1763784000000,"close_timestamp":1763794800000,"orders":[{"amount":2340.0,"safe_price":0.13929,"ft_order_side":"buy","order_filled_timestamp":1763784000000,"ft_is_entry":true,"ft_order_tag":"","cost":326.2645386},{"amount":2340.0,"safe_price":0.13956885885885884,"ft_order_side":"sell","order_filled_timestamp":1763794800000,"ft_is_entry":false,"ft_order_tag":"roi","cost":326.9177208594594}],"funding_fees":0.0,"weekday":5},{"pair":"DOGE/USDT","stake_amount":325.98978,"max_stake_amount":325.98978,"amount":2334.0,"open_date":"2025-11-22 19:00:00+00:00","close_date":"2025-11-22 21:00:00+00:00","open_rate":0.13967,"close_rate":0.13994961961961958,"fee_open":0.001,"fee_close":0.001,"trade_duration":120,"profit_ratio":0.0,"profit_abs":0.0,"exit_reason":"roi","initial_stop_loss_abs":0.13269,"initial_stop_loss_ratio":-0.05,"stop_loss_abs":0.13269,"stop_loss_ratio":-0.05,"min_rate":0.13874,"max_rate":0.14018,"is_open":false,"enter_tag":"","leverage":1.0,"is_short":false,"open_timestamp":1763838000000,"close_timestamp":1763845200000,"orders":[{"amount":2334.0,"safe_price":0.13967,"ft_order_side":"buy","order_filled_timestamp":1763838000000,"ft_is_entry":true,"ft_order_tag":"","cost":326.31576978},{"amount":2334.0,"safe_price":0.13994961961961958,"ft_order_side":"sell","order_filled_timestamp":1763845200000,"ft_is_entry":false,"ft_order_tag":"roi","cost":326.9690546043842}],"funding_fees":0.0,"weekday":5},{"pair":"DOGE/USDT","stake_amount":325.97173,"max_stake_amount":325.97173,"amount":2143.0,"open_date":"2025-11-24 18:00:00+00:00","close_date":"2025-11-24 20:00:00+00:00","open_rate":0.15211,"close_rate":0.15249,"fee_open":0.001,"fee_close":0.001,"trade_duration":120,"profit_ratio":0.0004951987070191001,"profit_abs":0.1615822,"exit_reason":"roi","initial_stop_loss_abs":0.14451,"initial_stop_loss_ratio":-0.05,"stop_loss_abs":0.14451,"stop_loss_ratio":-0.05,"min_rate":0.15174,"max_rate":0.15397,"is_open":false,"enter_tag":"","leverage":1.0,"is_short":false,"open_timestamp":1764007200000,"close_timestamp":1764014400000,"orders":[{"amount":2143.0,"safe_price":0.15211,"ft_order_side":"buy","order_filled_timestamp":1764007200000,"ft_is_entry":true,"ft_order_tag":"","cost":326.29770172999997},{"amount":2143.0,"safe_price":0.15249,"ft_order_side":"sell","order_filled_timestamp":1764014400000,"ft_is_entry":false,"ft_order_tag":"roi","cost":327.11285606999996}],"funding_fees":0.0,"weekday":0},{"pair":"DOGE/USDT","stake_amount":326.03064,"max_stake_amount":326.03064,"amount":2158.0,"open_date":"2025-11-25 20:00:00+00:00","close_date":"2025-11-25 22:00:00+00:00","open_rate":0.15108,"close_rate":0.15269,"fee_open":0.001,"fee_close":0.001,"trade_duration":120,"profit_ratio":0.008637311854150615,"profit_abs":2.81884434,"exit_reason":"roi","initial_stop_loss_abs":0.14353,"initial_stop_loss_ratio":-0.05,"stop_loss_abs":0.14353,"stop_loss_ratio":-0.05,"min_rate":0.15083,"max_rate":0.15377,"is_open":false,"enter_tag":"","leverage":1.0,"is_short":false,"open_timestamp":1764100800000,"close_timestamp":1764108000000,"orders":[{"amount":2158.0,"safe_price":0.15108,"ft_order_side":"buy","order_filled_timestamp":1764100800000,"ft_is_entry":true,"ft_order_tag":"","cost":326.35667063999995},{"amount":2158.0,"safe_price":0.15269,"ft_order_side":"sell","order_filled_timestamp":1764108000000,"ft_is_entry":false,"ft_order_tag":"roi","cost":329.83452501999994}],"funding_fees":0.0,"weekday":1},{"pair":"DOGE/USDT","stake_amount":326.87727,"max_stake_amount":326.87727,"amount":2099.0,"open_date":"2025-11-26 18:00:00+00:00","close_date":"2025-11-26 20:00:00+00:00","open_rate":0.15573,"close_rate":0.15604177177177178,"fee_open":0.001,"fee_close":0.001,"trade_duration":120,"profit_ratio":0.0,"profit_abs":0.0,"exit_reason":"roi","initial_stop_loss_abs":0.14795,"initial_stop_loss_ratio":-0.05,"stop_loss_abs":0.14795,"stop_loss_ratio":-0.05,"min_rate":0.15507,"max_rate":0.15681,"is_open":false,"enter_tag":"","leverage":1.0,"is_short":false,"open_timestamp":1764180000000,"close_timestamp":1764187200000,"orders":[{"amount":2099.0,"safe_price":0.15573,"ft_order_side":"buy","order_filled_timestamp":1764180000000,"ft_is_entry":true,"ft_order_tag":"","cost":327.20414726999996},{"amount":2099.0,"safe_price":0.15604177177177178,"ft_order_side":"sell","order_filled_timestamp":1764187200000,"ft_is_entry":false,"ft_order_tag":"roi","cost":327.8592106278979}],"funding_fees":0.0,"weekday":2},{"pair":"DOGE/USDT","stake_amount":326.9617,"max_stake_amount":326.9617,"amount":2119.0,"open_date":"2025-11-27 21:00:00+00:00","close_date":"2025-11-28 15:00:00+00:00","open_rate":0.1543,"close_rate":0.1546089089089089,"fee_open":0.001,"fee_close":0.001,"trade_duration":1080,"profit_ratio":0.0,"profit_abs":0.0,"exit_reason":"roi","initial_stop_loss_abs":0.14659,"initial_stop_loss_ratio":-0.05,"stop_loss_abs":0.14659,"stop_loss_ratio":-0.05,"min_rate":0.14961,"max_rate":0.15554,"is_open":false,"enter_tag":"","leverage":1.0,"is_short":false,"open_timestamp":1764277200000,"close_timestamp":1764342000000,"orders":[{"amount":2119.0,"safe_price":0.1543,"ft_order_side":"buy","order_filled_timestamp":1764277200000,"ft_is_entry":true,"ft_order_tag":"","cost":327.2886617},{"amount":2119.0,"safe_price":0.1546089089089089,"ft_order_side":"sell","order_filled_timestamp":1764342000000,"ft_is_entry":false,"ft_order_tag":"roi","cost":327.9438942559559}],"funding_fees":0.0,"weekday":4},{"pair":"DOGE/USDT","stake_amount":326.89376,"max_stake_amount":326.89376,"amount":2126.0,"open_date":"2025-11-28 16:00:00+00:00","close_date":"2025-11-30 23:00:00+00:00","open_rate":0.15376,"close_rate":0.14608,"fee_open":0.001,"fee_close":0.001,"trade_duration":3300,"profit_ratio":-0.05184617671610387,"profit_abs":-16.96513984,"exit_reason":"stop_loss","initial_stop_loss_abs":0.14608,"initial_stop_loss_ratio":-0.05,"stop_loss_abs":0.14608,"stop_loss_ratio":-0.05,"min_rate":0.14588,"max_rate":0.15379,"is_open":false,"enter_tag":"","leverage":1.0,"is_short":false,"open_timestamp":1764345600000,"close_timestamp":1764543600000,"orders":[{"amount":2126.0,"safe_price":0.15376,"ft_order_side":"buy","order_filled_timestamp":1764345600000,"ft_is_entry":true,"ft_order_tag":"","cost":327.22065376},{"amount":2126.0,"safe_price":0.14608,"ft_order_side":"sell","order_filled_timestamp":1764543600000,"ft_is_entry":false,"ft_order_tag":"stop_loss","cost":310.87664607999994}],"funding_fees":0.0,"weekday":6},{"pair":"DOGE/USDT","stake_amount":321.25548,"max_stake_amount":321.25548,"amount":2366.0,"open_date":"2025-12-02 02:00:00+00:00","close_date":"2025-12-02 04:00:00+00:00","open_rate":0.13578,"close_rate":0.13634,"fee_open":0.001,"fee_close":0.001,"trade_duration":120,"profit_ratio":0.0021180763558138723,"profit_abs":0.68112408,"exit_reason":"roi","initial_stop_loss_abs":0.129,"initial_stop_loss_ratio":-0.05,"stop_loss_abs":0.129,"stop_loss_ratio":-0.05,"min_rate":0.13504,"max_rate":0.13676,"is_open":false,"enter_tag":"","leverage":1.0,"is_short":false,"open_timestamp":1764640800000,"close_timestamp":1764648000000,"orders":[{"amount":2366.0,"safe_price":0.13578,"ft_order_side":"buy","order_filled_timestamp":1764640800000,"ft_is_entry":true,"ft_order_tag":"","cost":321.57673548},{"amount":2366.0,"safe_price":0.13634,"ft_order_side":"sell","order_filled_timestamp":1764648000000,"ft_is_entry":false,"ft_order_tag":"roi","cost":322.9030204399999}],"funding_fees":0.0,"weekday":1},{"pair":"DOGE/USDT","stake_amount":321.54336,"max_stake_amount":321.54336,"amount":2302.0,"open_date":"2025-12-06 12:00:00+00:00","close_date":"2025-12-06 14:00:00+00:00","open_rate":0.13968,"close_rate":0.13995963963963962,"fee_open":0.001,"fee_close":0.001,"trade_duration":120,"profit_ratio":0.0,"profit_abs":0.0,"exit_reason":"roi","initial_stop_loss_abs":0.1327,"initial_stop_loss_ratio":-0.05,"stop_loss_abs":0.1327,"stop_loss_ratio":-0.05,"min_rate":0.13926,"max_rate":0.14076,"is_open":false,"enter_tag":"","leverage":1.0,"is_short":false,"open_timestamp":1765022400000,"close_timestamp":1765029600000,"orders":[{"amount":2302.0,"safe_price":0.13968,"ft_order_side":"buy","order_filled_timestamp":1765022400000,"ft_is_entry":true,"ft_order_tag":"","cost":321.86490335999997},{"amount":2302.0,"safe_price":0.13995963963963962,"ft_order_side":"sell","order_filled_timestamp":1765029600000,"ft_is_entry":false,"ft_order_tag":"roi","cost":322.5092775409008}],"funding_fees":0.0,"weekday":5},{"pair":"DOGE/USDT","stake_amount":321.5723,"max_stake_amount":321.5723,"amount":2263.0,"open_date":"2025-12-07 20:00:00+00:00","close_date":"2025-12-08 07:00:00+00:00","open_rate":0.1421,"close_rate":0.14238448448448446,"fee_open":0.001,"fee_close":0.001,"trade_duration":660,"profit_ratio":0.0,"profit_abs":0.0,"exit_reason":"roi","initial_stop_loss_abs":0.135,"initial_stop_loss_ratio":-0.05,"stop_loss_abs":0.135,"stop_loss_ratio":-0.05,"min_rate":0.13584,"max_rate":0.14263,"is_open":false,"enter_tag":"","leverage":1.0,"is_short":false,"open_timestamp":1765137600000,"close_timestamp":1765177200000,"orders":[{"amount":2263.0,"safe_price":0.1421,"ft_order_side":"buy","order_filled_timestamp":1765137600000,"ft_is_entry":true,"ft_order_tag":"","cost":321.89387229999994},{"amount":2263.0,"safe_price":0.14238448448448446,"ft_order_side":"sell","order_filled_timestamp":1765177200000,"ft_is_entry":false,"ft_order_tag":"roi","cost":322.5383044767767}],"funding_fees":0.0,"weekday":0},{"pair":"DOGE/USDT","stake_amount":321.5674,"max_stake_amount":321.5674,"amount":2198.0,"open_date":"2025-12-09 16:00:00+00:00","close_date":"2025-12-09 18:00:00+00:00","open_rate":0.1463,"close_rate":0.15095,"fee_open":0.001,"fee_close":0.001,"trade_duration":120,"profit_ratio":0.029722498963783997,"profit_abs":9.5673445,"exit_reason":"roi","initial_stop_loss_abs":0.13899,"initial_stop_loss_ratio":-0.05,"stop_loss_abs":0.13899,"stop_loss_ratio":-0.05,"min_rate":0.1463,"max_rate":0.15319,"is_open":false,"enter_tag":"","leverage":1.0,"is_short":false,"open_timestamp":1765296000000,"close_timestamp":1765303200000,"orders":[{"amount":2198.0,"safe_price":0.1463,"ft_order_side":"buy","order_filled_timestamp":1765296000000,"ft_is_entry":true,"ft_order_tag":"","cost":321.8889674},{"amount":2198.0,"safe_price":0.15095,"ft_order_side":"sell","order_filled_timestamp":1765303200000,"ft_is_entry":false,"ft_order_tag":"roi","cost":332.11988809999997}],"funding_fees":0.0,"weekday":1},{"pair":"DOGE/USDT","stake_amount":324.68799,"max_stake_amount":324.68799,"amount":2221.0,"open_date":"2025-12-10 21:00:00+00:00","close_date":"2025-12-11 02:00:00+00:00","open_rate":0.14619,"close_rate":0.13889,"fee_open":0.001,"fee_close":0.001,"trade_duration":300,"profit_ratio":-0.05183324781108487,"profit_abs":-16.84646268,"exit_reason":"stop_loss","initial_stop_loss_abs":0.13889,"initial_stop_loss_ratio":-0.05,"stop_loss_abs":0.13889,"stop_loss_ratio":-0.05,"min_rate":0.13817,"max_rate":0.1468,"is_open":false,"enter_tag":"","leverage":1.0,"is_short":false,"open_timestamp":1765400400000,"close_timestamp":1765418400000,"orders":[{"amount":2221.0,"safe_price":0.14619,"ft_order_side":"buy","order_filled_timestamp":1765400400000,"ft_is_entry":true,"ft_order_tag":"","cost":325.01267798999993},{"amount":2221.0,"safe_price":0.13889,"ft_order_side":"sell","order_filled_timestamp":1765418400000,"ft_is_entry":false,"ft_order_tag":"stop_loss","cost":308.78316469}],"funding_fees":0.0,"weekday":3},{"pair":"DOGE/USDT","stake_amount":319.10176,"max_stake_amount":319.10176,"amount":2251.0,"open_date":"2025-12-11 22:00:00+00:00","close_date":"2025-12-12 16:00:00+00:00","open_rate":0.14176,"close_rate":0.13468,"fee_open":0.001,"fee_close":0.001,"trade_duration":1080,"profit_ratio":-0.05184178124358711,"profit_abs":-16.55934644,"exit_reason":"stop_loss","initial_stop_loss_abs":0.13468,"initial_stop_loss_ratio":-0.05,"stop_loss_abs":0.13468,"stop_loss_ratio":-0.05,"min_rate":0.13428,"max_rate":0.14225,"is_open":false,"enter_tag":"","leverage":1.0,"is_short":false,"open_timestamp":1765490400000,"close_timestamp":1765555200000,"orders":[{"amount":2251.0,"safe_price":0.14176,"ft_order_side":"buy","order_filled_timestamp":1765490400000,"ft_is_entry":true,"ft_order_tag":"","cost":319.42086176},{"amount":2251.0,"safe_price":0.13468,"ft_order_side":"sell","order_filled_timestamp":1765555200000,"ft_is_entry":false,"ft_order_tag":"stop_loss","cost":303.4678446799999}],"funding_fees":0.0,"weekday":4},{"pair":"DOGE/USDT","stake_amount":313.70229,"max_stake_amount":313.70229,"amount":2277.0,"open_date":"2025-12-13 08:00:00+00:00","close_date":"2025-12-13 10:00:00+00:00","open_rate":0.13777,"close_rate":0.13838,"fee_open":0.001,"fee_close":0.001,"trade_duration":120,"profit_ratio":0.002420820813794611,"profit_abs":0.76017645,"exit_reason":"roi","initial_stop_loss_abs":0.13089,"initial_stop_loss_ratio":-0.05,"stop_loss_abs":0.13089,"stop_loss_ratio":-0.05,"min_rate":0.13777,"max_rate":0.13955,"is_open":false,"enter_tag":"","leverage":1.0,"is_short":false,"open_timestamp":1765612800000,"close_timestamp":1765620000000,"orders":[{"amount":2277.0,"safe_price":0.13777,"ft_order_side":"buy","order_filled_timestamp":1765612800000,"ft_is_entry":true,"ft_order_tag":"","cost":314.01599229},{"amount":2277.0,"safe_price":0.13838,"ft_order_side":"sell","order_filled_timestamp":1765620000000,"ft_is_entry":false,"ft_order_tag":"roi","cost":315.40635126}],"funding_fees":0.0,"weekday":5},{"pair":"DOGE/USDT","stake_amount":313.95276,"max_stake_amount":313.95276,"amount":2298.0,"open_date":"2025-12-15 05:00:00+00:00","close_date":"2025-12-15 07:00:00+00:00","open_rate":0.13662,"close_rate":0.13689351351351348,"fee_open":0.001,"fee_close":0.001,"trade_duration":120,"profit_ratio":0.0,"profit_abs":0.0,"exit_reason":"roi","initial_stop_loss_abs":0.12979,"initial_stop_loss_ratio":-0.05,"stop_loss_abs":0.12979,"stop_loss_ratio":-0.05,"min_rate":0.13601,"max_rate":0.13727,"is_open":false,"enter_tag":"","leverage":1.0,"is_short":false,"open_timestamp":1765774800000,"close_timestamp":1765782000000,"orders":[{"amount":2298.0,"safe_price":0.13662,"ft_order_side":"buy","order_filled_timestamp":1765774800000,"ft_is_entry":true,"ft_order_tag":"","cost":314.2667127599999},{"amount":2298.0,"safe_price":0.13689351351351348,"ft_order_side":"sell","order_filled_timestamp":1765782000000,"ft_is_entry":false,"ft_order_tag":"roi","cost":314.89587534810795}],"funding_fees":0.0,"weekday":0},{"pair":"DOGE/USDT","stake_amount":313.95713,"max_stake_amount":313.95713,"amount":2399.0,"open_date":"2025-12-16 11:00:00+00:00","close_date":"2025-12-16 13:00:00+00:00","open_rate":0.13087,"close_rate":0.13139,"fee_open":0.001,"fee_close":0.001,"trade_duration":120,"profit_ratio":0.0019674678496409987,"profit_abs":0.61831826,"exit_reason":"roi","initial_stop_loss_abs":0.12433,"initial_stop_loss_ratio":-0.05,"stop_loss_abs":0.12433,"stop_loss_ratio":-0.05,"min_rate":0.12975,"max_rate":0.13263,"is_open":false,"enter_tag":"","leverage":1.0,"is_short":false,"open_timestamp":1765882800000,"close_timestamp":1765890000000,"orders":[{"amount":2399.0,"safe_price":0.13087,"ft_order_side":"buy","order_filled_timestamp":1765882800000,"ft_is_entry":true,"ft_order_tag":"","cost":314.2710871299999},{"amount":2399.0,"safe_price":0.13139,"ft_order_side":"sell","order_filled_timestamp":1765890000000,"ft_is_entry":false,"ft_order_tag":"roi","cost":315.51981460999997}],"funding_fees":0.0,"weekday":1},{"pair":"DOGE/USDT","stake_amount":314.06498,"max_stake_amount":314.06498,"amount":2417.0,"open_date":"2025-12-17 16:00:00+00:00","close_date":"2025-12-18 14:00:00+00:00","open_rate":0.12994,"close_rate":0.13020014014014014,"fee_open":0.001,"fee_close":0.001,"trade_duration":1320,"profit_ratio":0.0,"profit_abs":0.0,"exit_reason":"roi","initial_stop_loss_abs":0.12345,"initial_stop_loss_ratio":-0.05,"stop_loss_abs":0.12345,"stop_loss_ratio":-0.05,"min_rate":0.12385,"max_rate":0.13076,"is_open":false,"enter_tag":"","leverage":1.0,"is_short":false,"open_timestamp":1765987200000,"close_timestamp":1766066400000,"orders":[{"amount":2417.0,"safe_price":0.12994,"ft_order_side":"buy","order_filled_timestamp":1765987200000,"ft_is_entry":true,"ft_order_tag":"","cost":314.37904497999995},{"amount":2417.0,"safe_price":0.13020014014014014,"ft_order_side":"sell","order_filled_timestamp":1766066400000,"ft_is_entry":false,"ft_order_tag":"roi","cost":315.00843245743744}],"funding_fees":0.0,"weekday":3},{"pair":"DOGE/USDT","stake_amount":314.07467,"max_stake_amount":314.07467,"amount":2483.0,"open_date":"2025-12-19 07:00:00+00:00","close_date":"2025-12-19 09:00:00+00:00","open_rate":0.12649,"close_rate":0.12819,"fee_open":0.001,"fee_close":0.001,"trade_duration":120,"profit_ratio":0.011414942871975049,"profit_abs":3.58872956,"exit_reason":"roi","initial_stop_loss_abs":0.12017,"initial_stop_loss_ratio":-0.05,"stop_loss_abs":0.12017,"stop_loss_ratio":-0.05,"min_rate":0.12649,"max_rate":0.12885,"is_open":false,"enter_tag":"","leverage":1.0,"is_short":false,"open_timestamp":1766127600000,"close_timestamp":1766134800000,"orders":[{"amount":2483.0,"safe_price":0.12649,"ft_order_side":"buy","order_filled_timestamp":1766127600000,"ft_is_entry":true,"ft_order_tag":"","cost":314.38874466999994},{"amount":2483.0,"safe_price":0.12819,"ft_order_side":"sell","order_filled_timestamp":1766134800000,"ft_is_entry":false,"ft_order_tag":"roi","cost":318.61406576999997}],"funding_fees":0.0,"weekday":4},{"pair":"DOGE/USDT","stake_amount":315.3525,"max_stake_amount":315.3525,"amount":2375.0,"open_date":"2025-12-21 10:00:00+00:00","close_date":"2025-12-22 00:00:00+00:00","open_rate":0.13278,"close_rate":0.13304582582582583,"fee_open":0.001,"fee_close":0.001,"trade_duration":840,"profit_ratio":0.0,"profit_abs":0.0,"exit_reason":"roi","initial_stop_loss_abs":0.12615,"initial_stop_loss_ratio":-0.05,"stop_loss_abs":0.12615,"stop_loss_ratio":-0.05,"min_rate":0.12871,"max_rate":0.13424,"is_open":false,"enter_tag":"","leverage":1.0,"is_short":false,"open_timestamp":1766311200000,"close_timestamp":1766361600000,"orders":[{"amount":2375.0,"safe_price":0.13278,"ft_order_side":"buy","order_filled_timestamp":1766311200000,"ft_is_entry":true,"ft_order_tag":"","cost":315.6678525},{"amount":2375.0,"safe_price":0.13304582582582583,"ft_order_side":"sell","order_filled_timestamp":1766361600000,"ft_is_entry":false,"ft_order_tag":"roi","cost":316.2998201726727}],"funding_fees":0.0,"weekday":0},{"pair":"DOGE/USDT","stake_amount":315.25259,"max_stake_amount":315.25259,"amount":2399.0,"open_date":"2025-12-22 02:00:00+00:00","close_date":"2025-12-22 04:00:00+00:00","open_rate":0.13141,"close_rate":0.13205,"fee_open":0.001,"fee_close":0.001,"trade_duration":120,"profit_ratio":0.00286252063133579,"profit_abs":0.90331946,"exit_reason":"roi","initial_stop_loss_abs":0.12484,"initial_stop_loss_ratio":-0.05,"stop_loss_abs":0.12484,"stop_loss_ratio":-0.05,"min_rate":0.12952,"max_rate":0.13287,"is_open":false,"enter_tag":"","leverage":1.0,"is_short":false,"open_timestamp":1766368800000,"close_timestamp":1766376000000,"orders":[{"amount":2399.0,"safe_price":0.13141,"ft_order_side":"buy","order_filled_timestamp":1766368800000,"ft_is_entry":true,"ft_order_tag":"","cost":315.56784258999994},{"amount":2399.0,"safe_price":0.13205,"ft_order_side":"sell","order_filled_timestamp":1766376000000,"ft_is_entry":false,"ft_order_tag":"roi","cost":317.10473795}],"funding_fees":0.0,"weekday":0},{"pair":"DOGE/USDT","stake_amount":315.55454,"max_stake_amount":315.55454,"amount":2462.0,"open_date":"2025-12-24 20:00:00+00:00","close_date":"2025-12-24 22:00:00+00:00","open_rate":0.12817,"close_rate":0.12855,"fee_open":0.001,"fee_close":0.001,"trade_duration":120,"profit_ratio":0.0009608866595680983,"profit_abs":0.30351536,"exit_reason":"roi","initial_stop_loss_abs":0.12177,"initial_stop_loss_ratio":-0.05,"stop_loss_abs":0.12177,"stop_loss_ratio":-0.05,"min_rate":0.1281,"max_rate":0.12938,"is_open":false,"enter_tag":"","leverage":1.0,"is_short":false,"open_timestamp":1766606400000,"close_timestamp":1766613600000,"orders":[{"amount":2462.0,"safe_price":0.12817,"ft_order_side":"buy","order_filled_timestamp":1766606400000,"ft_is_entry":true,"ft_order_tag":"","cost":315.87009453999997},{"amount":2462.0,"safe_price":0.12855,"ft_order_side":"sell","order_filled_timestamp":1766613600000,"ft_is_entry":false,"ft_order_tag":"roi","cost":316.80659009999994}],"funding_fees":0.0,"weekday":2},{"pair":"DOGE/USDT","stake_amount":315.65121,"max_stake_amount":315.65121,"amount":2501.0,"open_date":"2025-12-26 14:00:00+00:00","close_date":"2025-12-29 02:00:00+00:00","open_rate":0.12621,"close_rate":0.12646267267267264,"fee_open":0.001,"fee_close":0.001,"trade_duration":3600,"profit_ratio":0.0,"profit_abs":0.0,"exit_reason":"roi","initial_stop_loss_abs":0.1199,"initial_stop_loss_ratio":-0.05,"stop_loss_abs":0.1199,"stop_loss_ratio":-0.05,"min_rate":0.12064,"max_rate":0.12709,"is_open":false,"enter_tag":"","leverage":1.0,"is_short":false,"open_timestamp":1766757600000,"close_timestamp":1766973600000,"orders":[{"amount":2501.0,"safe_price":0.12621,"ft_order_side":"buy","order_filled_timestamp":1766757600000,"ft_is_entry":true,"ft_order_tag":"","cost":315.96686120999993},{"amount":2501.0,"safe_price":0.12646267267267264,"ft_order_side":"sell","order_filled_timestamp":1766973600000,"ft_is_entry":false,"ft_order_tag":"roi","cost":316.59942749870856}],"funding_fees":0.0,"weekday":0},{"pair":"DOGE/USDT","stake_amount":315.70792,"max_stake_amount":315.70792,"amount":2552.0,"open_date":"2025-12-30 08:00:00+00:00","close_date":"2025-12-30 10:00:00+00:00","open_rate":0.12371,"close_rate":0.12459,"fee_open":0.001,"fee_close":0.001,"trade_duration":120,"profit_ratio":0.005101195789094908,"profit_abs":1.6120984,"exit_reason":"roi","initial_stop_loss_abs":0.11753,"initial_stop_loss_ratio":-0.05,"stop_loss_abs":0.11753,"stop_loss_ratio":-0.05,"min_rate":0.12371,"max_rate":0.12525,"is_open":false,"enter_tag":"","leverage":1.0,"is_short":false,"open_timestamp":1767081600000,"close_timestamp":1767088800000,"orders":[{"amount":2552.0,"safe_price":0.12371,"ft_order_side":"buy","order_filled_timestamp":1767081600000,"ft_is_entry":true,"ft_order_tag":"","cost":316.02362791999997},{"amount":2552.0,"safe_price":0.12459,"ft_order_side":"sell","order_filled_timestamp":1767088800000,"ft_is_entry":false,"ft_order_tag":"roi","cost":318.27163368}],"funding_fees":0.0,"weekday":1},{"pair":"DOGE/USDT","stake_amount":316.26453,"max_stake_amount":316.26453,"amount":2627.0,"open_date":"2026-01-01 10:00:00+00:00","close_date":"2026-01-01 12:00:00+00:00","open_rate":0.12039,"close_rate":0.12066,"fee_open":0.001,"fee_close":0.001,"trade_duration":120,"profit_ratio":0.00024022824919909397,"profit_abs":0.07605165,"exit_reason":"roi","initial_stop_loss_abs":0.11438,"initial_stop_loss_ratio":-0.05,"stop_loss_abs":0.11438,"stop_loss_ratio":-0.05,"min_rate":0.12025,"max_rate":0.12093,"is_open":false,"enter_tag":"","leverage":1.0,"is_short":false,"open_timestamp":1767261600000,"close_timestamp":1767268800000,"orders":[{"amount":2627.0,"safe_price":0.12039,"ft_order_side":"buy","order_filled_timestamp":1767261600000,"ft_is_entry":true,"ft_order_tag":"","cost":316.58079452999993},{"amount":2627.0,"safe_price":0.12066,"ft_order_side":"sell","order_filled_timestamp":1767268800000,"ft_is_entry":false,"ft_order_tag":"roi","cost":317.29079382}],"funding_fees":0.0,"weekday":3},{"pair":"DOGE/USDT","stake_amount":316.19626,"max_stake_amount":316.19626,"amount":2209.0,"open_date":"2026-01-04 00:00:00+00:00","close_date":"2026-01-04 02:00:00+00:00","open_rate":0.14314,"close_rate":0.14653,"fee_open":0.001,"fee_close":0.001,"trade_duration":120,"profit_ratio":0.021637786553253928,"profit_abs":6.84862897,"exit_reason":"roi","initial_stop_loss_abs":0.13599,"initial_stop_loss_ratio":-0.05,"stop_loss_abs":0.13599,"stop_loss_ratio":-0.05,"min_rate":0.14278,"max_rate":0.14749,"is_open":false,"enter_tag":"","leverage":1.0,"is_short":false,"open_timestamp":1767484800000,"close_timestamp":1767492000000,"orders":[{"amount":2209.0,"safe_price":0.14314,"ft_order_side":"buy","order_filled_timestamp":1767484800000,"ft_is_entry":true,"ft_order_tag":"","cost":316.51245625999996},{"amount":2209.0,"safe_price":0.14653,"ft_order_side":"sell","order_filled_timestamp":1767492000000,"ft_is_entry":false,"ft_order_tag":"roi","cost":324.0084547699999}],"funding_fees":0.0,"weekday":6},{"pair":"DOGE/USDT","stake_amount":318.519,"max_stake_amount":318.519,"amount":2115.0,"open_date":"2026-01-05 05:00:00+00:00","close_date":"2026-01-05 16:00:00+00:00","open_rate":0.1506,"close_rate":0.15090150150150147,"fee_open":0.001,"fee_close":0.001,"trade_duration":660,"profit_ratio":0.0,"profit_abs":0.0,"exit_reason":"roi","initial_stop_loss_abs":0.14307,"initial_stop_loss_ratio":-0.05,"stop_loss_abs":0.14307,"stop_loss_ratio":-0.05,"min_rate":0.14581,"max_rate":0.15141,"is_open":false,"enter_tag":"","leverage":1.0,"is_short":false,"open_timestamp":1767589200000,"close_timestamp":1767628800000,"orders":[{"amount":2115.0,"safe_price":0.1506,"ft_order_side":"buy","order_filled_timestamp":1767589200000,"ft_is_entry":true,"ft_order_tag":"","cost":318.837519},{"amount":2115.0,"safe_price":0.15090150150150147,"ft_order_side":"sell","order_filled_timestamp":1767628800000,"ft_is_entry":false,"ft_order_tag":"roi","cost":319.47583235135124}],"funding_fees":0.0,"weekday":0},{"pair":"DOGE/USDT","stake_amount":318.5546,"max_stake_amount":318.5546,"amount":2093.0,"open_date":"2026-01-05 19:00:00+00:00","close_date":"2026-01-05 21:00:00+00:00","open_rate":0.1522,"close_rate":0.1525047047047047,"fee_open":0.001,"fee_close":0.001,"trade_duration":120,"profit_ratio":0.0,"profit_abs":0.0,"exit_reason":"roi","initial_stop_loss_abs":0.14459,"initial_stop_loss_ratio":-0.05,"stop_loss_abs":0.14459,"stop_loss_ratio":-0.05,"min_rate":0.15085,"max_rate":0.1545,"is_open":false,"enter_tag":"","leverage":1.0,"is_short":false,"open_timestamp":1767639600000,"close_timestamp":1767646800000,"orders":[{"amount":2093.0,"safe_price":0.1522,"ft_order_side":"buy","order_filled_timestamp":1767639600000,"ft_is_entry":true,"ft_order_tag":"","cost":318.87315459999996},{"amount":2093.0,"safe_price":0.1525047047047047,"ft_order_side":"sell","order_filled_timestamp":1767646800000,"ft_is_entry":false,"ft_order_tag":"roi","cost":319.51153929389386}],"funding_fees":0.0,"weekday":0}],"locks":[],"best_pair":{"key":"DOGE/USDT","trades":61,"profit_mean":-0.001679141788284415,"profit_mean_pct":-0.17,"profit_total_abs":-34.562809419999994,"profit_total":-0.03456280941999999,"profit_total_pct":-3.46,"duration_avg":"5:48:00","wins":29,"draws":25,"losses":7,"winrate":0.47540983606557374,"cagr":-0.12397149617920511,"expectancy":-0.5666034331147547,"expectancy_ratio":-0.4431178603979471,"sortino":-21.25593216750153,"sharpe":-1.0435422017779692,"calmar":-9.459407003380347,"sqn":-0.6728,"profit_factor":0.70997293081789,"max_drawdown_account":0.07196475026851737,"max_drawdown_abs":73.72433810999999},"worst_pair":{"key":"DOGE/USDT","trades":61,"profit_mean":-0.001679141788284415,"profit_mean_pct":-0.17,"profit_total_abs":-34.562809419999994,"profit_total":-0.03456280941999999,"profit_total_pct":-3.46,"duration_avg":"5:48:00","wins":29,"draws":25,"losses":7,"winrate":0.47540983606557374,"cagr":-0.12397149617920511,"expectancy":-0.5666034331147547,"expectancy_ratio":-0.4431178603979471,"sortino":-21.25593216750153,"sharpe":-1.0435422017779692,"calmar":-9.459407003380347,"sqn":-0.6728,"profit_factor":0.70997293081789,"max_drawdown_account":0.07196475026851737,"max_drawdown_abs":73.72433810999999},"results_per_pair":[{"key":"DOGE/USDT","trades":61,"profit_mean":-0.001679141788284415,"profit_mean_pct":-0.17,"profit_total_abs":-34.562809419999994,"profit_total":-0.03456280941999999,"profit_total_pct":-3.46,"duration_avg":"5:48:00","wins":29,"draws":25,"losses":7,"winrate":0.47540983606557374,"cagr":-0.12397149617920511,"expectancy":-0.5666034331147547,"expectancy_ratio":-0.4431178603979471,"sortino":-21.25593216750153,"sharpe":-1.0435422017779692,"calmar":-9.459407003380347,"sqn":-0.6728,"profit_factor":0.70997293081789,"max_drawdown_account":0.07196475026851737,"max_drawdown_abs":73.72433810999999},{"key":"TOTAL","trades":61,"profit_mean":-0.001679141788284415,"profit_mean_pct":-0.17,"profit_total_abs":-34.562809419999994,"profit_total":-0.03456280941999999,"profit_total_pct":-3.46,"duration_avg":"5:48:00","wins":29,"draws":25,"losses":7,"winrate":0.47540983606557374,"cagr":-0.12397149617920511,"expectancy":-0.5666034331147547,"expectancy_ratio":-0.4431178603979471,"sortino":-21.25593216750153,"sharpe":-1.0435422017779692,"calmar":-9.459407003380347,"sqn":-0.6728,"profit_factor":0.70997293081789,"max_drawdown_account":0.07196475026851737,"max_drawdown_abs":73.72433810999999}],"results_per_enter_tag":[{"key":"","trades":61,"profit_mean":-0.001679141788284415,"profit_mean_pct":-0.17,"profit_total_abs":-34.562809419999994,"profit_total":-0.03456280941999999,"profit_total_pct":-3.46,"duration_avg":"5:48:00","wins":29,"draws":25,"losses":7,"winrate":0.47540983606557374,"cagr":-0.12397149617920511,"expectancy":-0.5666034331147547,"expectancy_ratio":-0.4431178603979471,"sortino":-21.25593216750153,"sharpe":-1.0435422017779692,"calmar":-9.459407003380347,"sqn":-0.6728,"profit_factor":0.70997293081789,"max_drawdown_account":0.07196475026851737,"max_drawdown_abs":73.72433810999999},{"key":"TOTAL","trades":61,"profit_mean":-0.001679141788284415,"profit_mean_pct":-0.17,"profit_total_abs":-34.562809419999994,"profit_total":-0.03456280941999999,"profit_total_pct":-3.46,"duration_avg":"5:48:00","wins":29,"draws":25,"losses":7,"winrate":0.47540983606557374,"cagr":-0.12397149617920511,"expectancy":-0.5666034331147547,"expectancy_ratio":-0.4431178603979471,"sortino":-21.25593216750153,"sharpe":-1.0435422017779692,"calmar":-9.459407003380347,"sqn":-0.6728,"profit_factor":0.70997293081789,"max_drawdown_account":0.07196475026851737,"max_drawdown_abs":73.72433810999999}],"exit_reason_summary":[{"key":"roi","trades":54,"profit_mean":0.004826257993543311,"profit_mean_pct":0.48,"profit_total_abs":84.60816836999999,"profit_total":0.08460816836999999,"profit_total_pct":8.46,"duration_avg":"4:24:00","wins":29,"draws":25,"losses":0,"winrate":0.5370370370370371,"cagr":0.3574624125188408,"expectancy":1.5668179327777778,"expectancy_ratio":100.0,"sortino":-100,"sharpe":5.751513354353863,"calmar":-100,"sqn":3.9369,"profit_factor":0.0,"max_drawdown_account":0.0,"max_drawdown_abs":0.0},{"key":"stop_loss","trades":7,"profit_mean":-0.05186365439095546,"profit_mean_pct":-5.19,"profit_total_abs":-119.17097779000001,"profit_total":-0.11917097779000001,"profit_total_pct":-11.92,"duration_avg":"16:34:00","wins":0,"draws":0,"losses":7,"winrate":0.0,"cagr":-0.37965483863205896,"expectancy":-17.02442539857143,"expectancy_ratio":-1.0,"sortino":-73.28947683209114,"sharpe":-73.28947683209114,"calmar":-19.69584863354927,"sqn":-130.2101,"profit_factor":0.0,"max_drawdown_account":0.11917097779000005,"max_drawdown_abs":119.17097779000001},{"key":"TOTAL","trades":61,"profit_mean":-0.001679141788284415,"profit_mean_pct":-0.17,"profit_total_abs":-34.562809419999994,"profit_total":-0.03456280941999999,"profit_total_pct":-3.46,"duration_avg":"5:48:00","wins":29,"draws":25,"losses":7,"winrate":0.47540983606557374,"cagr":-0.12397149617920511,"expectancy":-0.5666034331147547,"expectancy_ratio":-0.4431178603979471,"sortino":-21.25593216750153,"sharpe":-1.0435422017779692,"calmar":-9.459407003380347,"sqn":-0.6728,"profit_factor":0.70997293081789,"max_drawdown_account":0.07196475026851737,"max_drawdown_abs":73.72433810999999}],"mix_tag_stats":[{"key":["","roi"],"trades":54,"profit_mean":0.004826257993543311,"profit_mean_pct":0.48,"profit_total_abs":84.60816836999999,"profit_total":0.08460816836999999,"profit_total_pct":8.46,"duration_avg":"4:24:00","wins":29,"draws":25,"losses":0,"winrate":0.5370370370370371,"cagr":0.3574624125188408,"expectancy":1.5668179327777778,"expectancy_ratio":100.0,"sortino":-100,"sharpe":5.751513354353863,"calmar":-100,"sqn":3.9369,"profit_factor":0.0,"max_drawdown_account":0.0,"max_drawdown_abs":0.0},{"key":["","stop_loss"],"trades":7,"profit_mean":-0.05186365439095546,"profit_mean_pct":-5.19,"profit_total_abs":-119.17097779000001,"profit_total":-0.11917097779000001,"profit_total_pct":-11.92,"duration_avg":"16:34:00","wins":0,"draws":0,"losses":7,"winrate":0.0,"cagr":-0.37965483863205896,"expectancy":-17.02442539857143,"expectancy_ratio":-1.0,"sortino":-73.28947683209114,"sharpe":-73.28947683209114,"calmar":-19.69584863354927,"sqn":-130.2101,"profit_factor":0.0,"max_drawdown_account":0.11917097779000005,"max_drawdown_abs":119.17097779000001},{"key":"TOTAL","trades":61,"profit_mean":-0.001679141788284415,"profit_mean_pct":-0.17,"profit_total_abs":-34.562809419999994,"profit_total":-0.03456280941999999,"profit_total_pct":-3.46,"duration_avg":"5:48:00","wins":29,"draws":25,"losses":7,"winrate":0.47540983606557374,"cagr":-0.12397149617920511,"expectancy":-0.5666034331147547,"expectancy_ratio":-0.4431178603979471,"sortino":-21.25593216750153,"sharpe":-1.0435422017779692,"calmar":-9.459407003380347,"sqn":-0.6728,"profit_factor":0.70997293081789,"max_drawdown_account":0.07196475026851737,"max_drawdown_abs":73.72433810999999}],"left_open_trades":[{"key":"TOTAL","trades":0,"profit_mean":0.0,"profit_mean_pct":0.0,"profit_total_abs":0.0,"profit_total":0.0,"profit_total_pct":0.0,"duration_avg":"0:00","wins":0,"draws":0,"losses":0,"winrate":0.0,"cagr":0.0,"expectancy":0.0,"expectancy_ratio":100.0,"sortino":0,"sharpe":0,"calmar":0,"sqn":0.0,"profit_factor":0.0,"max_drawdown_account":0.0,"max_drawdown_abs":0.0}],"total_trades":61,"trade_count_long":61,"trade_count_short":0,"total_volume":39697.62787038096,"avg_stake_amount":325.02356344262296,"profit_mean":-0.001679141788284415,"profit_median":0.0,"profit_total":-0.03456280941999999,"profit_total_long":-0.03456280941999999,"profit_total_short":0.0,"profit_total_abs":-34.562809419999994,"profit_total_long_abs":-34.562809419999994,"profit_total_short_abs":0.0,"cagr":-0.12397149617920511,"expectancy":-0.5666034331147547,"expectancy_ratio":-0.4431178603979471,"sortino":-21.25593216750153,"sharpe":-1.0435422017779692,"calmar":-9.459407003380347,"sqn":-0.6728,"profit_factor":0.70997293081789,"backtest_start":"2025-10-01 00:00:00","backtest_start_ts":1759276800000,"backtest_end":"2026-01-06 20:00:00","backtest_end_ts":1767729600000,"backtest_days":97,"backtest_run_start_ts":1767745425,"backtest_run_end_ts":1767745425,"trades_per_day":0.63,"market_change":-0.36632086436227446,"pairlist":["DOGE/USDT"],"stake_amount":"unlimited","stake_currency":"USDT","stake_currency_decimals":3,"starting_balance":1000,"dry_run_wallet":1000,"final_balance":965.43719058,"rejected_signals":0,"timedout_entry_orders":0,"timedout_exit_orders":0,"canceled_trade_entries":0,"canceled_entry_orders":0,"replaced_entry_orders":0,"max_open_trades":1,"max_open_trades_setting":3,"timeframe":"1h","timeframe_detail":"","timerange":"20251001-","enable_protections":false,"strategy_name":"ACO_54_18","freqaimodel":null,"freqai_identifier":null,"stoploss":-0.05,"trailing_stop":false,"trailing_stop_positive":null,"trailing_stop_positive_offset":0.0,"trailing_only_offset_is_reached":false,"use_custom_stoploss":false,"minimal_roi":{"0":0.1,"60":0.05,"120":0.0},"use_exit_signal":true,"exit_profit_only":false,"exit_profit_offset":0.0,"ignore_roi_if_entry_signal":false,"trading_mode":"spot","margin_mode":"","periodic_breakdown":{"day":[{"date":"03/10/2025","date_ts":1759449600000,"profit_abs":3.08157993,"wins":1,"draws":0,"losses":0,"trades":1,"profit_factor":0.0},{"date":"04/10/2025","date_ts":1759536000000,"profit_abs":0.0,"wins":0,"draws":0,"losses":0,"trades":0,"profit_factor":0.0},{"date":"05/10/2025","date_ts":1759622400000,"profit_abs":7.85749662,"wins":1,"draws":0,"losses":0,"trades":1,"profit_factor":0.0},{"date":"06/10/2025","date_ts":1759708800000,"profit_abs":3.62895085,"wins":1,"draws":0,"losses":0,"trades":1,"profit_factor":0.0},{"date":"07/10/2025","date_ts":1759795200000,"profit_abs":0.0,"wins":0,"draws":0,"losses":0,"trades":0,"profit_factor":0.0},{"date":"08/10/2025","date_ts":1759881600000,"profit_abs":0.0,"wins":0,"draws":1,"losses":0,"trades":1,"profit_factor":0.0},{"date":"09/10/2025","date_ts":1759968000000,"profit_abs":0.0,"wins":0,"draws":0,"losses":0,"trades":0,"profit_factor":0.0},{"date":"10/10/2025","date_ts":1760054400000,"profit_abs":0.0,"wins":0,"draws":1,"losses":0,"trades":1,"profit_factor":0.0},{"date":"11/10/2025","date_ts":1760140800000,"profit_abs":0.0,"wins":0,"draws":0,"losses":0,"trades":0,"profit_factor":0.0},{"date":"12/10/2025","date_ts":1760227200000,"profit_abs":0.0,"wins":0,"draws":1,"losses":0,"trades":1,"profit_factor":0.0},{"date":"13/10/2025","date_ts":1760313600000,"profit_abs":4.69257176,"wins":1,"draws":0,"losses":0,"trades":1,"profit_factor":0.0},{"date":"14/10/2025","date_ts":1760400000000,"profit_abs":0.15453792,"wins":1,"draws":0,"losses":0,"trades":1,"profit_factor":0.0},{"date":"15/10/2025","date_ts":1760486400000,"profit_abs":0.0,"wins":0,"draws":0,"losses":0,"trades":0,"profit_factor":0.0},{"date":"16/10/2025","date_ts":1760572800000,"profit_abs":0.40585846,"wins":1,"draws":0,"losses":0,"trades":1,"profit_factor":0.0},{"date":"17/10/2025","date_ts":1760659200000,"profit_abs":4.62969504,"wins":1,"draws":0,"losses":0,"trades":1,"profit_factor":0.0},{"date":"18/10/2025","date_ts":1760745600000,"profit_abs":0.0,"wins":0,"draws":0,"losses":0,"trades":0,"profit_factor":0.0},{"date":"19/10/2025","date_ts":1760832000000,"profit_abs":0.0,"wins":0,"draws":1,"losses":0,"trades":1,"profit_factor":0.0},{"date":"20/10/2025","date_ts":1760918400000,"profit_abs":0.0,"wins":0,"draws":0,"losses":0,"trades":0,"profit_factor":0.0},{"date":"21/10/2025","date_ts":1761004800000,"profit_abs":-17.55251274,"wins":0,"draws":0,"losses":1,"trades":1,"profit_factor":0.0},{"date":"22/10/2025","date_ts":1761091200000,"profit_abs":0.0,"wins":0,"draws":0,"losses":0,"trades":0,"profit_factor":0.0},{"date":"23/10/2025","date_ts":1761177600000,"profit_abs":1.12483737,"wins":1,"draws":0,"losses":0,"trades":1,"profit_factor":0.0},{"date":"24/10/2025","date_ts":1761264000000,"profit_abs":3.05837486,"wins":1,"draws":0,"losses":0,"trades":1,"profit_factor":0.0},{"date":"25/10/2025","date_ts":1761350400000,"profit_abs":0.0,"wins":0,"draws":1,"losses":0,"trades":1,"profit_factor":0.0},{"date":"26/10/2025","date_ts":1761436800000,"profit_abs":3.08899389,"wins":1,"draws":0,"losses":0,"trades":1,"profit_factor":0.0},{"date":"27/10/2025","date_ts":1761523200000,"profit_abs":0.0,"wins":0,"draws":0,"losses":0,"trades":0,"profit_factor":0.0},{"date":"28/10/2025","date_ts":1761609600000,"profit_abs":-17.37872741,"wins":0,"draws":0,"losses":1,"trades":1,"profit_factor":0.0},{"date":"29/10/2025","date_ts":1761696000000,"profit_abs":0.0,"wins":0,"draws":1,"losses":0,"trades":1,"profit_factor":0.0},{"date":"30/10/2025","date_ts":1761782400000,"profit_abs":-17.08583228,"wins":0,"draws":0,"losses":1,"trades":1,"profit_factor":0.0},{"date":"31/10/2025","date_ts":1761868800000,"profit_abs":0.28103832,"wins":1,"draws":0,"losses":0,"trades":1,"profit_factor":0.0},{"date":"01/11/2025","date_ts":1761955200000,"profit_abs":0.0,"wins":0,"draws":1,"losses":0,"trades":1,"profit_factor":0.0},{"date":"02/11/2025","date_ts":1762041600000,"profit_abs":0.0,"wins":0,"draws":0,"losses":0,"trades":0,"profit_factor":0.0},{"date":"03/11/2025","date_ts":1762128000000,"profit_abs":-16.7829564,"wins":0,"draws":0,"losses":1,"trades":1,"profit_factor":0.0},{"date":"04/11/2025","date_ts":1762214400000,"profit_abs":0.0,"wins":0,"draws":0,"losses":0,"trades":0,"profit_factor":0.0},{"date":"05/11/2025","date_ts":1762300800000,"profit_abs":0.53986923,"wins":1,"draws":0,"losses":0,"trades":1,"profit_factor":0.0},{"date":"06/11/2025","date_ts":1762387200000,"profit_abs":0.0,"wins":0,"draws":0,"losses":0,"trades":0,"profit_factor":0.0},{"date":"07/11/2025","date_ts":1762473600000,"profit_abs":17.4482025,"wins":2,"draws":0,"losses":0,"trades":2,"profit_factor":0.0},{"date":"08/11/2025","date_ts":1762560000000,"profit_abs":0.0,"wins":0,"draws":0,"losses":0,"trades":0,"profit_factor":0.0},{"date":"09/11/2025","date_ts":1762646400000,"profit_abs":2.96989554,"wins":1,"draws":0,"losses":0,"trades":1,"profit_factor":0.0},{"date":"10/11/2025","date_ts":1762732800000,"profit_abs":0.0,"wins":0,"draws":0,"losses":0,"trades":0,"profit_factor":0.0},{"date":"11/11/2025","date_ts":1762819200000,"profit_abs":2.73613593,"wins":1,"draws":0,"losses":0,"trades":1,"profit_factor":0.0},{"date":"12/11/2025","date_ts":1762905600000,"profit_abs":0.0,"wins":0,"draws":1,"losses":0,"trades":1,"profit_factor":0.0},{"date":"13/11/2025","date_ts":1762992000000,"profit_abs":0.0,"wins":0,"draws":1,"losses":0,"trades":1,"profit_factor":0.0},{"date":"14/11/2025","date_ts":1763078400000,"profit_abs":0.0,"wins":0,"draws":0,"losses":0,"trades":0,"profit_factor":0.0},{"date":"15/11/2025","date_ts":1763164800000,"profit_abs":0.97039692,"wins":1,"draws":0,"losses":0,"trades":1,"profit_factor":0.0},{"date":"16/11/2025","date_ts":1763251200000,"profit_abs":0.0,"wins":0,"draws":1,"losses":0,"trades":1,"profit_factor":0.0},{"date":"17/11/2025","date_ts":1763337600000,"profit_abs":0.0,"wins":0,"draws":1,"losses":0,"trades":1,"profit_factor":0.0},{"date":"18/11/2025","date_ts":1763424000000,"profit_abs":0.0,"wins":0,"draws":1,"losses":0,"trades":1,"profit_factor":0.0},{"date":"19/11/2025","date_ts":1763510400000,"profit_abs":0.0,"wins":0,"draws":0,"losses":0,"trades":0,"profit_factor":0.0},{"date":"20/11/2025","date_ts":1763596800000,"profit_abs":0.0,"wins":0,"draws":1,"losses":0,"trades":1,"profit_factor":0.0},{"date":"21/11/2025","date_ts":1763683200000,"profit_abs":0.0,"wins":0,"draws":0,"losses":0,"trades":0,"profit_factor":0.0},{"date":"22/11/2025","date_ts":1763769600000,"profit_abs":0.0,"wins":0,"draws":2,"losses":0,"trades":2,"profit_factor":0.0},{"date":"23/11/2025","date_ts":1763856000000,"profit_abs":0.0,"wins":0,"draws":0,"losses":0,"trades":0,"profit_factor":0.0},{"date":"24/11/2025","date_ts":1763942400000,"profit_abs":0.1615822,"wins":1,"draws":0,"losses":0,"trades":1,"profit_factor":0.0},{"date":"25/11/2025","date_ts":1764028800000,"profit_abs":2.81884434,"wins":1,"draws":0,"losses":0,"trades":1,"profit_factor":0.0},{"date":"26/11/2025","date_ts":1764115200000,"profit_abs":0.0,"wins":0,"draws":1,"losses":0,"trades":1,"profit_factor":0.0},{"date":"27/11/2025","date_ts":1764201600000,"profit_abs":0.0,"wins":0,"draws":0,"losses":0,"trades":0,"profit_factor":0.0},{"date":"28/11/2025","date_ts":1764288000000,"profit_abs":0.0,"wins":0,"draws":1,"losses":0,"trades":1,"profit_factor":0.0},{"date":"29/11/2025","date_ts":1764374400000,"profit_abs":0.0,"wins":0,"draws":0,"losses":0,"trades":0,"profit_factor":0.0},{"date":"30/11/2025","date_ts":1764460800000,"profit_abs":-16.96513984,"wins":0,"draws":0,"losses":1,"trades":1,"profit_factor":0.0},{"date":"01/12/2025","date_ts":1764547200000,"profit_abs":0.0,"wins":0,"draws":0,"losses":0,"trades":0,"profit_factor":0.0},{"date":"02/12/2025","date_ts":1764633600000,"profit_abs":0.68112408,"wins":1,"draws":0,"losses":0,"trades":1,"profit_factor":0.0},{"date":"03/12/2025","date_ts":1764720000000,"profit_abs":0.0,"wins":0,"draws":0,"losses":0,"trades":0,"profit_factor":0.0},{"date":"04/12/2025","date_ts":1764806400000,"profit_abs":0.0,"wins":0,"draws":0,"losses":0,"trades":0,"profit_factor":0.0},{"date":"05/12/2025","date_ts":1764892800000,"profit_abs":0.0,"wins":0,"draws":0,"losses":0,"trades":0,"profit_factor":0.0},{"date":"06/12/2025","date_ts":1764979200000,"profit_abs":0.0,"wins":0,"draws":1,"losses":0,"trades":1,"profit_factor":0.0},{"date":"07/12/2025","date_ts":1765065600000,"profit_abs":0.0,"wins":0,"draws":0,"losses":0,"trades":0,"profit_factor":0.0},{"date":"08/12/2025","date_ts":1765152000000,"profit_abs":0.0,"wins":0,"draws":1,"losses":0,"trades":1,"profit_factor":0.0},{"date":"09/12/2025","date_ts":1765238400000,"profit_abs":9.5673445,"wins":1,"draws":0,"losses":0,"trades":1,"profit_factor":0.0},{"date":"10/12/2025","date_ts":1765324800000,"profit_abs":0.0,"wins":0,"draws":0,"losses":0,"trades":0,"profit_factor":0.0},{"date":"11/12/2025","date_ts":1765411200000,"profit_abs":-16.84646268,"wins":0,"draws":0,"losses":1,"trades":1,"profit_factor":0.0},{"date":"12/12/2025","date_ts":1765497600000,"profit_abs":-16.55934644,"wins":0,"draws":0,"losses":1,"trades":1,"profit_factor":0.0},{"date":"13/12/2025","date_ts":1765584000000,"profit_abs":0.76017645,"wins":1,"draws":0,"losses":0,"trades":1,"profit_factor":0.0},{"date":"14/12/2025","date_ts":1765670400000,"profit_abs":0.0,"wins":0,"draws":0,"losses":0,"trades":0,"profit_factor":0.0},{"date":"15/12/2025","date_ts":1765756800000,"profit_abs":0.0,"wins":0,"draws":1,"losses":0,"trades":1,"profit_factor":0.0},{"date":"16/12/2025","date_ts":1765843200000,"profit_abs":0.61831826,"wins":1,"draws":0,"losses":0,"trades":1,"profit_factor":0.0},{"date":"17/12/2025","date_ts":1765929600000,"profit_abs":0.0,"wins":0,"draws":0,"losses":0,"trades":0,"profit_factor":0.0},{"date":"18/12/2025","date_ts":1766016000000,"profit_abs":0.0,"wins":0,"draws":1,"losses":0,"trades":1,"profit_factor":0.0},{"date":"19/12/2025","date_ts":1766102400000,"profit_abs":3.58872956,"wins":1,"draws":0,"losses":0,"trades":1,"profit_factor":0.0},{"date":"20/12/2025","date_ts":1766188800000,"profit_abs":0.0,"wins":0,"draws":0,"losses":0,"trades":0,"profit_factor":0.0},{"date":"21/12/2025","date_ts":1766275200000,"profit_abs":0.0,"wins":0,"draws":0,"losses":0,"trades":0,"profit_factor":0.0},{"date":"22/12/2025","date_ts":1766361600000,"profit_abs":0.90331946,"wins":1,"draws":1,"losses":0,"trades":2,"profit_factor":0.0},{"date":"23/12/2025","date_ts":1766448000000,"profit_abs":0.0,"wins":0,"draws":0,"losses":0,"trades":0,"profit_factor":0.0},{"date":"24/12/2025","date_ts":1766534400000,"profit_abs":0.30351536,"wins":1,"draws":0,"losses":0,"trades":1,"profit_factor":0.0},{"date":"25/12/2025","date_ts":1766620800000,"profit_abs":0.0,"wins":0,"draws":0,"losses":0,"trades":0,"profit_factor":0.0},{"date":"26/12/2025","date_ts":1766707200000,"profit_abs":0.0,"wins":0,"draws":0,"losses":0,"trades":0,"profit_factor":0.0},{"date":"27/12/2025","date_ts":1766793600000,"profit_abs":0.0,"wins":0,"draws":0,"losses":0,"trades":0,"profit_factor":0.0},{"date":"28/12/2025","date_ts":1766880000000,"profit_abs":0.0,"wins":0,"draws":0,"losses":0,"trades":0,"profit_factor":0.0},{"date":"29/12/2025","date_ts":1766966400000,"profit_abs":0.0,"wins":0,"draws":1,"losses":0,"trades":1,"profit_factor":0.0},{"date":"30/12/2025","date_ts":1767052800000,"profit_abs":1.6120984,"wins":1,"draws":0,"losses":0,"trades":1,"profit_factor":0.0},{"date":"31/12/2025","date_ts":1767139200000,"profit_abs":0.0,"wins":0,"draws":0,"losses":0,"trades":0,"profit_factor":0.0},{"date":"01/01/2026","date_ts":1767225600000,"profit_abs":0.07605165,"wins":1,"draws":0,"losses":0,"trades":1,"profit_factor":0.0},{"date":"02/01/2026","date_ts":1767312000000,"profit_abs":0.0,"wins":0,"draws":0,"losses":0,"trades":0,"profit_factor":0.0},{"date":"03/01/2026","date_ts":1767398400000,"profit_abs":0.0,"wins":0,"draws":0,"losses":0,"trades":0,"profit_factor":0.0},{"date":"04/01/2026","date_ts":1767484800000,"profit_abs":6.84862897,"wins":1,"draws":0,"losses":0,"trades":1,"profit_factor":0.0},{"date":"05/01/2026","date_ts":1767571200000,"profit_abs":0.0,"wins":0,"draws":2,"losses":0,"trades":2,"profit_factor":0.0}],"week":[{"date":"06/10/2025","date_ts":1759708800000,"profit_abs":14.5680274,"wins":3,"draws":0,"losses":0,"trades":3,"profit_factor":0.0},{"date":"13/10/2025","date_ts":1760313600000,"profit_abs":4.69257176,"wins":1,"draws":3,"losses":0,"trades":4,"profit_factor":0.0},{"date":"20/10/2025","date_ts":1760918400000,"profit_abs":5.19009142,"wins":3,"draws":1,"losses":0,"trades":4,"profit_factor":0.0},{"date":"27/10/2025","date_ts":1761523200000,"profit_abs":-10.28030662,"wins":3,"draws":1,"losses":1,"trades":5,"profit_factor":0.4143114},{"date":"03/11/2025","date_ts":1762128000000,"profit_abs":-50.96647777,"wins":1,"draws":2,"losses":3,"trades":6,"profit_factor":0.00548394},{"date":"10/11/2025","date_ts":1762732800000,"profit_abs":20.95796727,"wins":4,"draws":0,"losses":0,"trades":4,"profit_factor":0.0},{"date":"17/11/2025","date_ts":1763337600000,"profit_abs":3.70653285,"wins":2,"draws":4,"losses":0,"trades":6,"profit_factor":0.0},{"date":"24/11/2025","date_ts":1763942400000,"profit_abs":0.1615822,"wins":1,"draws":4,"losses":0,"trades":5,"profit_factor":0.0},{"date":"01/12/2025","date_ts":1764547200000,"profit_abs":-14.1462955,"wins":1,"draws":2,"losses":1,"trades":4,"profit_factor":0.16615509},{"date":"08/12/2025","date_ts":1765152000000,"profit_abs":0.68112408,"wins":1,"draws":2,"losses":0,"trades":3,"profit_factor":0.0},{"date":"15/12/2025","date_ts":1765756800000,"profit_abs":-23.07828817,"wins":2,"draws":1,"losses":2,"trades":5,"profit_factor":0.30915344},{"date":"22/12/2025","date_ts":1766361600000,"profit_abs":5.11036728,"wins":3,"draws":2,"losses":0,"trades":5,"profit_factor":0.0},{"date":"29/12/2025","date_ts":1766966400000,"profit_abs":0.30351536,"wins":1,"draws":1,"losses":0,"trades":2,"profit_factor":0.0},{"date":"05/01/2026","date_ts":1767571200000,"profit_abs":8.53677902,"wins":3,"draws":2,"losses":0,"trades":5,"profit_factor":0.0}],"month":[{"date":"31/10/2025","date_ts":1761868800000,"profit_abs":-20.01313741,"wins":11,"draws":6,"losses":3,"trades":20,"profit_factor":0.61525829},{"date":"30/11/2025","date_ts":1764460800000,"profit_abs":-6.10316958,"wins":8,"draws":11,"losses":2,"trades":21,"profit_factor":0.81915514},{"date":"31/12/2025","date_ts":1767139200000,"profit_abs":-15.37118305,"wins":8,"draws":6,"losses":2,"trades":16,"profit_factor":0.53986497},{"date":"31/01/2026","date_ts":1769817600000,"profit_abs":6.92468062,"wins":2,"draws":2,"losses":0,"trades":4,"profit_factor":0.0}],"year":[{"date":"31/12/2025","date_ts":1767139200000,"profit_abs":-41.48749004,"wins":27,"draws":23,"losses":7,"trades":57,"profit_factor":0.65186582},{"date":"31/12/2026","date_ts":1798675200000,"profit_abs":6.92468062,"wins":2,"draws":2,"losses":0,"trades":4,"profit_factor":0.0}],"weekday":[{"date":"Monday","date_ts":0,"profit_abs":-7.39653213,"wins":4,"draws":7,"losses":1,"trades":12,"profit_factor":0.55928312},{"date":"Tuesday","date_ts":1,"profit_abs":-16.74283672,"wins":7,"draws":1,"losses":2,"trades":10,"profit_factor":0.5206916},{"date":"Wednesday","date_ts":2,"profit_abs":0.84338459,"wins":2,"draws":4,"losses":0,"trades":6,"profit_factor":0.0},{"date":"Thursday","date_ts":3,"profit_abs":-32.32554748,"wins":3,"draws":3,"losses":2,"trades":8,"profit_factor":0.04735157},{"date":"Friday","date_ts":4,"profit_abs":15.52827377,"wins":7,"draws":2,"losses":1,"trades":10,"profit_factor":1.9377347},{"date":"Saturday","date_ts":5,"profit_abs":1.73057337,"wins":2,"draws":5,"losses":0,"trades":7,"profit_factor":0.0},{"date":"Sunday","date_ts":6,"profit_abs":3.79987518,"wins":4,"draws":3,"losses":1,"trades":8,"profit_factor":1.22398137}]},"backtest_best_day":0.0547470072710826,"backtest_worst_day":-0.0518981018981019,"backtest_best_day_abs":17.4482025,"backtest_worst_day_abs":-17.55251274,"winning_days":28,"draw_days":60,"losing_days":7,"daily_profit":[["2025-10-03",3.08157993],["2025-10-04",0.0],["2025-10-05",7.85749662],["2025-10-06",3.62895085],["2025-10-07",0.0],["2025-10-08",0.0],["2025-10-09",0.0],["2025-10-10",0.0],["2025-10-11",0.0],["2025-10-12",0.0],["2025-10-13",4.69257176],["2025-10-14",0.15453792],["2025-10-15",0.0],["2025-10-16",0.40585846],["2025-10-17",4.62969504],["2025-10-18",0.0],["2025-10-19",0.0],["2025-10-20",0.0],["2025-10-21",-17.55251274],["2025-10-22",0.0],["2025-10-23",1.12483737],["2025-10-24",3.05837486],["2025-10-25",0.0],["2025-10-26",3.08899389],["2025-10-27",0.0],["2025-10-28",-17.37872741],["2025-10-29",0.0],["2025-10-30",-17.08583228],["2025-10-31",0.28103832],["2025-11-01",0.0],["2025-11-02",0.0],["2025-11-03",-16.7829564],["2025-11-04",0.0],["2025-11-05",0.53986923],["2025-11-06",0.0],["2025-11-07",17.4482025],["2025-11-08",0.0],["2025-11-09",2.96989554],["2025-11-10",0.0],["2025-11-11",2.73613593],["2025-11-12",0.0],["2025-11-13",0.0],["2025-11-14",0.0],["2025-11-15",0.97039692],["2025-11-16",0.0],["2025-11-17",0.0],["2025-11-18",0.0],["2025-11-19",0.0],["2025-11-20",0.0],["2025-11-21",0.0],["2025-11-22",0.0],["2025-11-23",0.0],["2025-11-24",0.1615822],["2025-11-25",2.81884434],["2025-11-26",0.0],["2025-11-27",0.0],["2025-11-28",0.0],["2025-11-29",0.0],["2025-11-30",-16.96513984],["2025-12-01",0.0],["2025-12-02",0.68112408],["2025-12-03",0.0],["2025-12-04",0.0],["2025-12-05",0.0],["2025-12-06",0.0],["2025-12-07",0.0],["2025-12-08",0.0],["2025-12-09",9.5673445],["2025-12-10",0.0],["2025-12-11",-16.84646268],["2025-12-12",-16.55934644],["2025-12-13",0.76017645],["2025-12-14",0.0],["2025-12-15",0.0],["2025-12-16",0.61831826],["2025-12-17",0.0],["2025-12-18",0.0],["2025-12-19",3.58872956],["2025-12-20",0.0],["2025-12-21",0.0],["2025-12-22",0.90331946],["2025-12-23",0.0],["2025-12-24",0.30351536],["2025-12-25",0.0],["2025-12-26",0.0],["2025-12-27",0.0],["2025-12-28",0.0],["2025-12-29",0.0],["2025-12-30",1.6120984],["2025-12-31",0.0],["2026-01-01",0.07605165],["2026-01-02",0.0],["2026-01-03",0.0],["2026-01-04",6.84862897],["2026-01-05",0.0]],"wins":29,"losses":7,"draws":25,"winrate":0.47540983606557374,"holding_avg":"5:48:00","holding_avg_s":20880.0,"winner_holding_min":"0d 01:00","winner_holding_min_s":3600.0,"winner_holding_max":"0d 02:00","winner_holding_max_s":7200.0,"winner_holding_avg":"0d 01:58","winner_holding_avg_s":7080.0,"loser_holding_min":"0d 04:00","loser_holding_min_s":14400.0,"loser_holding_max":"2d 07:00","loser_holding_max_s":198000.0,"loser_holding_avg":"0d 16:34","loser_holding_avg_s":59640.0,"max_consecutive_wins":5,"max_consecutive_losses":6,"max_drawdown_account":0.07196475026851737,"max_relative_drawdown":0.07196475026851737,"max_drawdown_abs":73.72433810999999,"drawdown_start":"2025-10-17 22:00:00","drawdown_start_ts":1760738400000.0,"drawdown_end":"2025-12-12 16:00:00","drawdown_end_ts":1765555200000.0,"drawdown_duration":"55 days 18:00:00","drawdown_duration_s":4816800.0,"max_drawdown_low":-49.27364752999999,"max_drawdown_high":24.45069058,"csum_min":950.72635247,"csum_max":1024.45069058}},"strategy_comparison":[{"key":"ACO_54_18","trades":61,"profit_mean":-0.001679141788284415,"profit_mean_pct":-0.17,"profit_total_abs":-34.562809419999994,"profit_total":-0.03456280941999999,"profit_total_pct":-3.46,"duration_avg":"5:48:00","wins":29,"draws":25,"losses":7,"winrate":0.47540983606557374,"cagr":-0.12397149617920511,"expectancy":-0.5666034331147547,"expectancy_ratio":-0.4431178603979471,"sortino":-21.25593216750153,"sharpe":-1.0435422017779692,"calmar":-9.459407003380347,"sqn":-0.6728,"profit_factor":0.70997293081789,"max_drawdown_account":0.07196475026851737,"max_drawdown_abs":"73.724"}]}