{"strategy":{"ACO_6_7":{"trades":[{"pair":"DOGE/USDT","stake_amount":329.90958,"max_stake_amount":329.90958,"amount":1287.0,"open_date":"2025-10-03 09:00:00+00:00","close_date":"2025-10-03 12:00:00+00:00","open_rate":0.25634,"close_rate":0.25575,"fee_open":0.001,"fee_close":0.001,"trade_duration":180,"profit_ratio":-0.004295033982168257,"profit_abs":-1.41838983,"exit_reason":"exit_signal","initial_stop_loss_abs":0.24353,"initial_stop_loss_ratio":-0.05,"stop_loss_abs":0.24353,"stop_loss_ratio":-0.05,"min_rate":0.25485,"max_rate":0.25738,"is_open":false,"enter_tag":"","leverage":1.0,"is_short":false,"open_timestamp":1759482000000,"close_timestamp":1759492800000,"orders":[{"amount":1287.0,"safe_price":0.25634,"ft_order_side":"buy","order_filled_timestamp":1759482000000,"ft_is_entry":true,"ft_order_tag":"","cost":330.23948958},{"amount":1287.0,"safe_price":0.25575,"ft_order_side":"sell","order_filled_timestamp":1759492800000,"ft_is_entry":false,"ft_order_tag":"exit_signal","cost":329.4794002499999}],"funding_fees":0.0,"weekday":4},{"pair":"DOGE/USDT","stake_amount":329.4068,"max_stake_amount":329.4068,"amount":1691.0,"open_date":"2025-10-16 17:00:00+00:00","close_date":"2025-10-16 20:00:00+00:00","open_rate":0.1948,"close_rate":0.18506,"fee_open":0.001,"fee_close":0.001,"trade_duration":180,"profit_ratio":-0.0518981018981019,"profit_abs":-17.11268326,"exit_reason":"stop_loss","initial_stop_loss_abs":0.18506,"initial_stop_loss_ratio":-0.05,"stop_loss_abs":0.18506,"stop_loss_ratio":-0.05,"min_rate":0.18469,"max_rate":0.1948,"is_open":false,"enter_tag":"","leverage":1.0,"is_short":false,"open_timestamp":1760634000000,"close_timestamp":1760644800000,"orders":[{"amount":1691.0,"safe_price":0.1948,"ft_order_side":"buy","order_filled_timestamp":1760634000000,"ft_is_entry":true,"ft_order_tag":"","cost":329.73620679999993},{"amount":1691.0,"safe_price":0.18506,"ft_order_side":"sell","order_filled_timestamp":1760644800000,"ft_is_entry":false,"ft_order_tag":"stop_loss","cost":313.24939645999996}],"funding_fees":0.0,"weekday":3},{"pair":"DOGE/USDT","stake_amount":323.7137,"max_stake_amount":323.7137,"amount":1621.0,"open_date":"2025-10-28 04:00:00+00:00","close_date":"2025-10-28 06:00:00+00:00","open_rate":0.1997,"close_rate":0.20009979979979975,"fee_open":0.001,"fee_close":0.001,"trade_duration":120,"profit_ratio":0.0,"profit_abs":0.0,"exit_reason":"roi","initial_stop_loss_abs":0.18972,"initial_stop_loss_ratio":-0.05,"stop_loss_abs":0.18972,"stop_loss_ratio":-0.05,"min_rate":0.19815,"max_rate":0.20131,"is_open":false,"enter_tag":"","leverage":1.0,"is_short":false,"open_timestamp":1761624000000,"close_timestamp":1761631200000,"orders":[{"amount":1621.0,"safe_price":0.1997,"ft_order_side":"buy","order_filled_timestamp":1761624000000,"ft_is_entry":true,"ft_order_tag":"","cost":324.03741369999995},{"amount":1621.0,"safe_price":0.20009979979979975,"ft_order_side":"sell","order_filled_timestamp":1761631200000,"ft_is_entry":false,"ft_order_tag":"roi","cost":324.6861372509508}],"funding_fees":0.0,"weekday":1},{"pair":"DOGE/USDT","stake_amount":323.81782,"max_stake_amount":323.81782,"amount":2038.0,"open_date":"2025-11-04 21:00:00+00:00","close_date":"2025-11-04 23:00:00+00:00","open_rate":0.15889,"close_rate":0.16344,"fee_open":0.001,"fee_close":0.001,"trade_duration":120,"profit_ratio":0.02658094627381555,"profit_abs":8.61599146,"exit_reason":"roi","initial_stop_loss_abs":0.15095,"initial_stop_loss_ratio":-0.05,"stop_loss_abs":0.15095,"stop_loss_ratio":-0.05,"min_rate":0.15159,"max_rate":0.16436,"is_open":false,"enter_tag":"","leverage":1.0,"is_short":false,"open_timestamp":1762290000000,"close_timestamp":1762297200000,"orders":[{"amount":2038.0,"safe_price":0.15889,"ft_order_side":"buy","order_filled_timestamp":1762290000000,"ft_is_entry":true,"ft_order_tag":"","cost":324.14163781999997},{"amount":2038.0,"safe_price":0.16344,"ft_order_side":"sell","order_filled_timestamp":1762297200000,"ft_is_entry":false,"ft_order_tag":"roi","cost":333.42381071999995}],"funding_fees":0.0,"weekday":1},{"pair":"DOGE/USDT","stake_amount":326.608,"max_stake_amount":326.608,"amount":2192.0,"open_date":"2025-11-25 11:00:00+00:00","close_date":"2025-11-25 13:00:00+00:00","open_rate":0.149,"close_rate":0.14946,"fee_open":0.001,"fee_close":0.001,"trade_duration":120,"profit_ratio":0.0010830779958296737,"profit_abs":0.35409568,"exit_reason":"roi","initial_stop_loss_abs":0.14155,"initial_stop_loss_ratio":-0.05,"stop_loss_abs":0.14155,"stop_loss_ratio":-0.05,"min_rate":0.14767,"max_rate":0.15013,"is_open":false,"enter_tag":"","leverage":1.0,"is_short":false,"open_timestamp":1764068400000,"close_timestamp":1764075600000,"orders":[{"amount":2192.0,"safe_price":0.149,"ft_order_side":"buy","order_filled_timestamp":1764068400000,"ft_is_entry":true,"ft_order_tag":"","cost":326.93460799999997},{"amount":2192.0,"safe_price":0.14946,"ft_order_side":"sell","order_filled_timestamp":1764075600000,"ft_is_entry":false,"ft_order_tag":"roi","cost":327.94393632}],"funding_fees":0.0,"weekday":1}],"locks":[],"best_pair":{"key":"DOGE/USDT","trades":5,"profit_mean":-0.005705822322124986,"profit_mean_pct":-0.57,"profit_total_abs":-9.56098595,"profit_total":-0.00956098595,"profit_total_pct":-0.96,"duration_avg":"2:24:00","wins":2,"draws":1,"losses":2,"winrate":0.4,"cagr":-0.035504389208738996,"expectancy":-1.91219719,"expectancy_ratio":-0.4063773836207992,"sortino":-0.23997478178753706,"sharpe":-0.22477586698798793,"calmar":-10.161944272958014,"sqn":-0.4565,"profit_factor":0.4840565409480019,"max_drawdown_account":0.01853107308999995,"max_drawdown_abs":18.53107309},"worst_pair":{"key":"DOGE/USDT","trades":5,"profit_mean":-0.005705822322124986,"profit_mean_pct":-0.57,"profit_total_abs":-9.56098595,"profit_total":-0.00956098595,"profit_total_pct":-0.96,"duration_avg":"2:24:00","wins":2,"draws":1,"losses":2,"winrate":0.4,"cagr":-0.035504389208738996,"expectancy":-1.91219719,"expectancy_ratio":-0.4063773836207992,"sortino":-0.23997478178753706,"sharpe":-0.22477586698798793,"calmar":-10.161944272958014,"sqn":-0.4565,"profit_factor":0.4840565409480019,"max_drawdown_account":0.01853107308999995,"max_drawdown_abs":18.53107309},"results_per_pair":[{"key":"DOGE/USDT","trades":5,"profit_mean":-0.005705822322124986,"profit_mean_pct":-0.57,"profit_total_abs":-9.56098595,"profit_total":-0.00956098595,"profit_total_pct":-0.96,"duration_avg":"2:24:00","wins":2,"draws":1,"losses":2,"winrate":0.4,"cagr":-0.035504389208738996,"expectancy":-1.91219719,"expectancy_ratio":-0.4063773836207992,"sortino":-0.23997478178753706,"sharpe":-0.22477586698798793,"calmar":-10.161944272958014,"sqn":-0.4565,"profit_factor":0.4840565409480019,"max_drawdown_account":0.01853107308999995,"max_drawdown_abs":18.53107309},{"key":"TOTAL","trades":5,"profit_mean":-0.005705822322124986,"profit_mean_pct":-0.57,"profit_total_abs":-9.56098595,"profit_total":-0.00956098595,"profit_total_pct":-0.96,"duration_avg":"2:24:00","wins":2,"draws":1,"losses":2,"winrate":0.4,"cagr":-0.035504389208738996,"expectancy":-1.91219719,"expectancy_ratio":-0.4063773836207992,"sortino":-0.23997478178753706,"sharpe":-0.22477586698798793,"calmar":-10.161944272958014,"sqn":-0.4565,"profit_factor":0.4840565409480019,"max_drawdown_account":0.01853107308999995,"max_drawdown_abs":18.53107309}],"results_per_enter_tag":[{"key":"","trades":5,"profit_mean":-0.005705822322124986,"profit_mean_pct":-0.57,"profit_total_abs":-9.56098595,"profit_total":-0.00956098595,"profit_total_pct":-0.96,"duration_avg":"2:24:00","wins":2,"draws":1,"losses":2,"winrate":0.4,"cagr":-0.035504389208738996,"expectancy":-1.91219719,"expectancy_ratio":-0.4063773836207992,"sortino":-0.23997478178753706,"sharpe":-0.22477586698798793,"calmar":-10.161944272958014,"sqn":-0.4565,"profit_factor":0.4840565409480019,"max_drawdown_account":0.01853107308999995,"max_drawdown_abs":18.53107309},{"key":"TOTAL","trades":5,"profit_mean":-0.005705822322124986,"profit_mean_pct":-0.57,"profit_total_abs":-9.56098595,"profit_total":-0.00956098595,"profit_total_pct":-0.96,"duration_avg":"2:24:00","wins":2,"draws":1,"losses":2,"winrate":0.4,"cagr":-0.035504389208738996,"expectancy":-1.91219719,"expectancy_ratio":-0.4063773836207992,"sortino":-0.23997478178753706,"sharpe":-0.22477586698798793,"calmar":-10.161944272958014,"sqn":-0.4565,"profit_factor":0.4840565409480019,"max_drawdown_account":0.01853107308999995,"max_drawdown_abs":18.53107309}],"exit_reason_summary":[{"key":"roi","trades":3,"profit_mean":0.009221341423215075,"profit_mean_pct":0.92,"profit_total_abs":8.97008714,"profit_total":0.008970087140000001,"profit_total_pct":0.9,"duration_avg":"2:00:00","wins":2,"draws":1,"losses":0,"winrate":0.6666666666666666,"cagr":0.03417389028188755,"expectancy":2.990029046666667,"expectancy_ratio":100.0,"sortino":-100,"sharpe":0.4438160313979652,"calmar":-100,"sqn":1.0622,"profit_factor":0.0,"max_drawdown_account":0.0,"max_drawdown_abs":0.0},{"key":"exit_signal","trades":1,"profit_mean":-0.004295033982168257,"profit_mean_pct":-0.43,"profit_total_abs":-1.41838983,"profit_total":-0.0014183898299999999,"profit_total_pct":-0.14,"duration_avg":"3:00:00","wins":0,"draws":0,"losses":1,"winrate":0.0,"cagr":-0.005326790873820819,"expectancy":-1.41838983,"expectancy_ratio":-1.0,"sortino":-100,"sharpe":-100,"calmar":-19.695848633548948,"sqn":-100.0,"profit_factor":0.0,"max_drawdown_account":0.0014183898300000237,"max_drawdown_abs":1.41838983},{"key":"stop_loss","trades":1,"profit_mean":-0.0518981018981019,"profit_mean_pct":-5.19,"profit_total_abs":-17.11268326,"profit_total":-0.01711268326,"profit_total_pct":-1.71,"duration_avg":"3:00:00","wins":0,"draws":0,"losses":1,"winrate":0.0,"cagr":-0.062886078705088,"expectancy":-17.11268326,"expectancy_ratio":-1.0,"sortino":-100,"sharpe":-100,"calmar":-19.695848633549232,"sqn":-100.0,"profit_factor":0.0,"max_drawdown_account":0.01711268326000004,"max_drawdown_abs":17.11268326},{"key":"TOTAL","trades":5,"profit_mean":-0.005705822322124986,"profit_mean_pct":-0.57,"profit_total_abs":-9.56098595,"profit_total":-0.00956098595,"profit_total_pct":-0.96,"duration_avg":"2:24:00","wins":2,"draws":1,"losses":2,"winrate":0.4,"cagr":-0.035504389208738996,"expectancy":-1.91219719,"expectancy_ratio":-0.4063773836207992,"sortino":-0.23997478178753706,"sharpe":-0.22477586698798793,"calmar":-10.161944272958014,"sqn":-0.4565,"profit_factor":0.4840565409480019,"max_drawdown_account":0.01853107308999995,"max_drawdown_abs":18.53107309}],"mix_tag_stats":[{"key":["","roi"],"trades":3,"profit_mean":0.009221341423215075,"profit_mean_pct":0.92,"profit_total_abs":8.97008714,"profit_total":0.008970087140000001,"profit_total_pct":0.9,"duration_avg":"2:00:00","wins":2,"draws":1,"losses":0,"winrate":0.6666666666666666,"cagr":0.03417389028188755,"expectancy":2.990029046666667,"expectancy_ratio":100.0,"sortino":-100,"sharpe":0.4438160313979652,"calmar":-100,"sqn":1.0622,"profit_factor":0.0,"max_drawdown_account":0.0,"max_drawdown_abs":0.0},{"key":["","exit_signal"],"trades":1,"profit_mean":-0.004295033982168257,"profit_mean_pct":-0.43,"profit_total_abs":-1.41838983,"profit_total":-0.0014183898299999999,"profit_total_pct":-0.14,"duration_avg":"3:00:00","wins":0,"draws":0,"losses":1,"winrate":0.0,"cagr":-0.005326790873820819,"expectancy":-1.41838983,"expectancy_ratio":-1.0,"sortino":-100,"sharpe":-100,"calmar":-19.695848633548948,"sqn":-100.0,"profit_factor":0.0,"max_drawdown_account":0.0014183898300000237,"max_drawdown_abs":1.41838983},{"key":["","stop_loss"],"trades":1,"profit_mean":-0.0518981018981019,"profit_mean_pct":-5.19,"profit_total_abs":-17.11268326,"profit_total":-0.01711268326,"profit_total_pct":-1.71,"duration_avg":"3:00:00","wins":0,"draws":0,"losses":1,"winrate":0.0,"cagr":-0.062886078705088,"expectancy":-17.11268326,"expectancy_ratio":-1.0,"sortino":-100,"sharpe":-100,"calmar":-19.695848633549232,"sqn":-100.0,"profit_factor":0.0,"max_drawdown_account":0.01711268326000004,"max_drawdown_abs":17.11268326},{"key":"TOTAL","trades":5,"profit_mean":-0.005705822322124986,"profit_mean_pct":-0.57,"profit_total_abs":-9.56098595,"profit_total":-0.00956098595,"profit_total_pct":-0.96,"duration_avg":"2:24:00","wins":2,"draws":1,"losses":2,"winrate":0.4,"cagr":-0.035504389208738996,"expectancy":-1.91219719,"expectancy_ratio":-0.4063773836207992,"sortino":-0.23997478178753706,"sharpe":-0.22477586698798793,"calmar":-10.161944272958014,"sqn":-0.4565,"profit_factor":0.4840565409480019,"max_drawdown_account":0.01853107308999995,"max_drawdown_abs":18.53107309}],"left_open_trades":[{"key":"TOTAL","trades":0,"profit_mean":0.0,"profit_mean_pct":0.0,"profit_total_abs":0.0,"profit_total":0.0,"profit_total_pct":0.0,"duration_avg":"0:00","wins":0,"draws":0,"losses":0,"winrate":0.0,"cagr":0.0,"expectancy":0.0,"expectancy_ratio":100.0,"sortino":0,"sharpe":0,"calmar":0,"sqn":0.0,"profit_factor":0.0,"max_drawdown_account":0.0,"max_drawdown_abs":0.0}],"total_trades":5,"trade_count_long":5,"trade_count_short":0,"total_volume":3263.87203690095,"avg_stake_amount":326.69118,"profit_mean":-0.005705822322124986,"profit_median":0.0,"profit_total":-0.00956098595,"profit_total_long":-0.00956098595,"profit_total_short":0.0,"profit_total_abs":-9.56098595,"profit_total_long_abs":-9.56098595,"profit_total_short_abs":0.0,"cagr":-0.035504389208738996,"expectancy":-1.91219719,"expectancy_ratio":-0.4063773836207992,"sortino":-0.23997478178753706,"sharpe":-0.22477586698798793,"calmar":-10.161944272958014,"sqn":-0.4565,"profit_factor":0.4840565409480019,"backtest_start":"2025-10-01 00:00:00","backtest_start_ts":1759276800000,"backtest_end":"2026-01-06 20:00:00","backtest_end_ts":1767729600000,"backtest_days":97,"backtest_run_start_ts":1767737213,"backtest_run_end_ts":1767737214,"trades_per_day":0.05,"market_change":-0.36632086436227446,"pairlist":["DOGE/USDT"],"stake_amount":"unlimited","stake_currency":"USDT","stake_currency_decimals":3,"starting_balance":1000,"dry_run_wallet":1000,"final_balance":990.43901405,"rejected_signals":0,"timedout_entry_orders":0,"timedout_exit_orders":0,"canceled_trade_entries":0,"canceled_entry_orders":0,"replaced_entry_orders":0,"max_open_trades":1,"max_open_trades_setting":3,"timeframe":"1h","timeframe_detail":"","timerange":"20251001-","enable_protections":false,"strategy_name":"ACO_6_7","freqaimodel":null,"freqai_identifier":null,"stoploss":-0.05,"trailing_stop":false,"trailing_stop_positive":null,"trailing_stop_positive_offset":0.0,"trailing_only_offset_is_reached":false,"use_custom_stoploss":false,"minimal_roi":{"0":0.1,"60":0.05,"120":0.0},"use_exit_signal":true,"exit_profit_only":false,"exit_profit_offset":0.0,"ignore_roi_if_entry_signal":false,"trading_mode":"spot","margin_mode":"","periodic_breakdown":{"day":[{"date":"03/10/2025","date_ts":1759449600000,"profit_abs":-1.41838983,"wins":0,"draws":0,"losses":1,"trades":1,"profit_factor":0.0},{"date":"04/10/2025","date_ts":1759536000000,"profit_abs":0.0,"wins":0,"draws":0,"losses":0,"trades":0,"profit_factor":0.0},{"date":"05/10/2025","date_ts":1759622400000,"profit_abs":0.0,"wins":0,"draws":0,"losses":0,"trades":0,"profit_factor":0.0},{"date":"06/10/2025","date_ts":1759708800000,"profit_abs":0.0,"wins":0,"draws":0,"losses":0,"trades":0,"profit_factor":0.0},{"date":"07/10/2025","date_ts":1759795200000,"profit_abs":0.0,"wins":0,"draws":0,"losses":0,"trades":0,"profit_factor":0.0},{"date":"08/10/2025","date_ts":1759881600000,"profit_abs":0.0,"wins":0,"draws":0,"losses":0,"trades":0,"profit_factor":0.0},{"date":"09/10/2025","date_ts":1759968000000,"profit_abs":0.0,"wins":0,"draws":0,"losses":0,"trades":0,"profit_factor":0.0},{"date":"10/10/2025","date_ts":1760054400000,"profit_abs":0.0,"wins":0,"draws":0,"losses":0,"trades":0,"profit_factor":0.0},{"date":"11/10/2025","date_ts":1760140800000,"profit_abs":0.0,"wins":0,"draws":0,"losses":0,"trades":0,"profit_factor":0.0},{"date":"12/10/2025","date_ts":1760227200000,"profit_abs":0.0,"wins":0,"draws":0,"losses":0,"trades":0,"profit_factor":0.0},{"date":"13/10/2025","date_ts":1760313600000,"profit_abs":0.0,"wins":0,"draws":0,"losses":0,"trades":0,"profit_factor":0.0},{"date":"14/10/2025","date_ts":1760400000000,"profit_abs":0.0,"wins":0,"draws":0,"losses":0,"trades":0,"profit_factor":0.0},{"date":"15/10/2025","date_ts":1760486400000,"profit_abs":0.0,"wins":0,"draws":0,"losses":0,"trades":0,"profit_factor":0.0},{"date":"16/10/2025","date_ts":1760572800000,"profit_abs":-17.11268326,"wins":0,"draws":0,"losses":1,"trades":1,"profit_factor":0.0},{"date":"17/10/2025","date_ts":1760659200000,"profit_abs":0.0,"wins":0,"draws":0,"losses":0,"trades":0,"profit_factor":0.0},{"date":"18/10/2025","date_ts":1760745600000,"profit_abs":0.0,"wins":0,"draws":0,"losses":0,"trades":0,"profit_factor":0.0},{"date":"19/10/2025","date_ts":1760832000000,"profit_abs":0.0,"wins":0,"draws":0,"losses":0,"trades":0,"profit_factor":0.0},{"date":"20/10/2025","date_ts":1760918400000,"profit_abs":0.0,"wins":0,"draws":0,"losses":0,"trades":0,"profit_factor":0.0},{"date":"21/10/2025","date_ts":1761004800000,"profit_abs":0.0,"wins":0,"draws":0,"losses":0,"trades":0,"profit_factor":0.0},{"date":"22/10/2025","date_ts":1761091200000,"profit_abs":0.0,"wins":0,"draws":0,"losses":0,"trades":0,"profit_factor":0.0},{"date":"23/10/2025","date_ts":1761177600000,"profit_abs":0.0,"wins":0,"draws":0,"losses":0,"trades":0,"profit_factor":0.0},{"date":"24/10/2025","date_ts":1761264000000,"profit_abs":0.0,"wins":0,"draws":0,"losses":0,"trades":0,"profit_factor":0.0},{"date":"25/10/2025","date_ts":1761350400000,"profit_abs":0.0,"wins":0,"draws":0,"losses":0,"trades":0,"profit_factor":0.0},{"date":"26/10/2025","date_ts":1761436800000,"profit_abs":0.0,"wins":0,"draws":0,"losses":0,"trades":0,"profit_factor":0.0},{"date":"27/10/2025","date_ts":1761523200000,"profit_abs":0.0,"wins":0,"draws":0,"losses":0,"trades":0,"profit_factor":0.0},{"date":"28/10/2025","date_ts":1761609600000,"profit_abs":0.0,"wins":0,"draws":1,"losses":0,"trades":1,"profit_factor":0.0},{"date":"29/10/2025","date_ts":1761696000000,"profit_abs":0.0,"wins":0,"draws":0,"losses":0,"trades":0,"profit_factor":0.0},{"date":"30/10/2025","date_ts":1761782400000,"profit_abs":0.0,"wins":0,"draws":0,"losses":0,"trades":0,"profit_factor":0.0},{"date":"31/10/2025","date_ts":1761868800000,"profit_abs":0.0,"wins":0,"draws":0,"losses":0,"trades":0,"profit_factor":0.0},{"date":"01/11/2025","date_ts":1761955200000,"profit_abs":0.0,"wins":0,"draws":0,"losses":0,"trades":0,"profit_factor":0.0},{"date":"02/11/2025","date_ts":1762041600000,"profit_abs":0.0,"wins":0,"draws":0,"losses":0,"trades":0,"profit_factor":0.0},{"date":"03/11/2025","date_ts":1762128000000,"profit_abs":0.0,"wins":0,"draws":0,"losses":0,"trades":0,"profit_factor":0.0},{"date":"04/11/2025","date_ts":1762214400000,"profit_abs":8.61599146,"wins":1,"draws":0,"losses":0,"trades":1,"profit_factor":0.0},{"date":"05/11/2025","date_ts":1762300800000,"profit_abs":0.0,"wins":0,"draws":0,"losses":0,"trades":0,"profit_factor":0.0},{"date":"06/11/2025","date_ts":1762387200000,"profit_abs":0.0,"wins":0,"draws":0,"losses":0,"trades":0,"profit_factor":0.0},{"date":"07/11/2025","date_ts":1762473600000,"profit_abs":0.0,"wins":0,"draws":0,"losses":0,"trades":0,"profit_factor":0.0},{"date":"08/11/2025","date_ts":1762560000000,"profit_abs":0.0,"wins":0,"draws":0,"losses":0,"trades":0,"profit_factor":0.0},{"date":"09/11/2025","date_ts":1762646400000,"profit_abs":0.0,"wins":0,"draws":0,"losses":0,"trades":0,"profit_factor":0.0},{"date":"10/11/2025","date_ts":1762732800000,"profit_abs":0.0,"wins":0,"draws":0,"losses":0,"trades":0,"profit_factor":0.0},{"date":"11/11/2025","date_ts":1762819200000,"profit_abs":0.0,"wins":0,"draws":0,"losses":0,"trades":0,"profit_factor":0.0},{"date":"12/11/2025","date_ts":1762905600000,"profit_abs":0.0,"wins":0,"draws":0,"losses":0,"trades":0,"profit_factor":0.0},{"date":"13/11/2025","date_ts":1762992000000,"profit_abs":0.0,"wins":0,"draws":0,"losses":0,"trades":0,"profit_factor":0.0},{"date":"14/11/2025","date_ts":1763078400000,"profit_abs":0.0,"wins":0,"draws":0,"losses":0,"trades":0,"profit_factor":0.0},{"date":"15/11/2025","date_ts":1763164800000,"profit_abs":0.0,"wins":0,"draws":0,"losses":0,"trades":0,"profit_factor":0.0},{"date":"16/11/2025","date_ts":1763251200000,"profit_abs":0.0,"wins":0,"draws":0,"losses":0,"trades":0,"profit_factor":0.0},{"date":"17/11/2025","date_ts":1763337600000,"profit_abs":0.0,"wins":0,"draws":0,"losses":0,"trades":0,"profit_factor":0.0},{"date":"18/11/2025","date_ts":1763424000000,"profit_abs":0.0,"wins":0,"draws":0,"losses":0,"trades":0,"profit_factor":0.0},{"date":"19/11/2025","date_ts":1763510400000,"profit_abs":0.0,"wins":0,"draws":0,"losses":0,"trades":0,"profit_factor":0.0},{"date":"20/11/2025","date_ts":1763596800000,"profit_abs":0.0,"wins":0,"draws":0,"losses":0,"trades":0,"profit_factor":0.0},{"date":"21/11/2025","date_ts":1763683200000,"profit_abs":0.0,"wins":0,"draws":0,"losses":0,"trades":0,"profit_factor":0.0},{"date":"22/11/2025","date_ts":1763769600000,"profit_abs":0.0,"wins":0,"draws":0,"losses":0,"trades":0,"profit_factor":0.0},{"date":"23/11/2025","date_ts":1763856000000,"profit_abs":0.0,"wins":0,"draws":0,"losses":0,"trades":0,"profit_factor":0.0},{"date":"24/11/2025","date_ts":1763942400000,"profit_abs":0.0,"wins":0,"draws":0,"losses":0,"trades":0,"profit_factor":0.0},{"date":"25/11/2025","date_ts":1764028800000,"profit_abs":0.35409568,"wins":1,"draws":0,"losses":0,"trades":1,"profit_factor":0.0}],"week":[{"date":"06/10/2025","date_ts":1759708800000,"profit_abs":-1.41838983,"wins":0,"draws":0,"losses":1,"trades":1,"profit_factor":0.0},{"date":"13/10/2025","date_ts":1760313600000,"profit_abs":0.0,"wins":0,"draws":0,"losses":0,"trades":0,"profit_factor":0.0},{"date":"20/10/2025","date_ts":1760918400000,"profit_abs":-17.11268326,"wins":0,"draws":0,"losses":1,"trades":1,"profit_factor":0.0},{"date":"27/10/2025","date_ts":1761523200000,"profit_abs":0.0,"wins":0,"draws":0,"losses":0,"trades":0,"profit_factor":0.0},{"date":"03/11/2025","date_ts":1762128000000,"profit_abs":0.0,"wins":0,"draws":1,"losses":0,"trades":1,"profit_factor":0.0},{"date":"10/11/2025","date_ts":1762732800000,"profit_abs":8.61599146,"wins":1,"draws":0,"losses":0,"trades":1,"profit_factor":0.0},{"date":"17/11/2025","date_ts":1763337600000,"profit_abs":0.0,"wins":0,"draws":0,"losses":0,"trades":0,"profit_factor":0.0},{"date":"24/11/2025","date_ts":1763942400000,"profit_abs":0.0,"wins":0,"draws":0,"losses":0,"trades":0,"profit_factor":0.0},{"date":"01/12/2025","date_ts":1764547200000,"profit_abs":0.35409568,"wins":1,"draws":0,"losses":0,"trades":1,"profit_factor":0.0}],"month":[{"date":"31/10/2025","date_ts":1761868800000,"profit_abs":-18.53107309,"wins":0,"draws":1,"losses":2,"trades":3,"profit_factor":0.0},{"date":"30/11/2025","date_ts":1764460800000,"profit_abs":8.97008714,"wins":2,"draws":0,"losses":0,"trades":2,"profit_factor":0.0}],"year":[{"date":"31/12/2025","date_ts":1767139200000,"profit_abs":-9.56098595,"wins":2,"draws":1,"losses":2,"trades":5,"profit_factor":0.48405654}],"weekday":[{"date":"Tuesday","date_ts":1,"profit_abs":8.97008714,"wins":2,"draws":1,"losses":0,"trades":3,"profit_factor":0.0},{"date":"Thursday","date_ts":3,"profit_abs":-17.11268326,"wins":0,"draws":0,"losses":1,"trades":1,"profit_factor":0.0},{"date":"Friday","date_ts":4,"profit_abs":-1.41838983,"wins":0,"draws":0,"losses":1,"trades":1,"profit_factor":0.0}]},"backtest_best_day":0.02658094627381555,"backtest_worst_day":-0.0518981018981019,"backtest_best_day_abs":8.61599146,"backtest_worst_day_abs":-17.11268326,"winning_days":2,"draw_days":50,"losing_days":2,"daily_profit":[["2025-10-03",-1.41838983],["2025-10-04",0.0],["2025-10-05",0.0],["2025-10-06",0.0],["2025-10-07",0.0],["2025-10-08",0.0],["2025-10-09",0.0],["2025-10-10",0.0],["2025-10-11",0.0],["2025-10-12",0.0],["2025-10-13",0.0],["2025-10-14",0.0],["2025-10-15",0.0],["2025-10-16",-17.11268326],["2025-10-17",0.0],["2025-10-18",0.0],["2025-10-19",0.0],["2025-10-20",0.0],["2025-10-21",0.0],["2025-10-22",0.0],["2025-10-23",0.0],["2025-10-24",0.0],["2025-10-25",0.0],["2025-10-26",0.0],["2025-10-27",0.0],["2025-10-28",0.0],["2025-10-29",0.0],["2025-10-30",0.0],["2025-10-31",0.0],["2025-11-01",0.0],["2025-11-02",0.0],["2025-11-03",0.0],["2025-11-04",8.61599146],["2025-11-05",0.0],["2025-11-06",0.0],["2025-11-07",0.0],["2025-11-08",0.0],["2025-11-09",0.0],["2025-11-10",0.0],["2025-11-11",0.0],["2025-11-12",0.0],["2025-11-13",0.0],["2025-11-14",0.0],["2025-11-15",0.0],["2025-11-16",0.0],["2025-11-17",0.0],["2025-11-18",0.0],["2025-11-19",0.0],["2025-11-20",0.0],["2025-11-21",0.0],["2025-11-22",0.0],["2025-11-23",0.0],["2025-11-24",0.0],["2025-11-25",0.35409568]],"wins":2,"losses":2,"draws":1,"winrate":0.4,"holding_avg":"2:24:00","holding_avg_s":8640.0,"winner_holding_min":"0d 02:00","winner_holding_min_s":7200.0,"winner_holding_max":"0d 02:00","winner_holding_max_s":7200.0,"winner_holding_avg":"0d 02:00","winner_holding_avg_s":7200.0,"loser_holding_min":"0d 03:00","loser_holding_min_s":10800.0,"loser_holding_max":"0d 03:00","loser_holding_max_s":10800.0,"loser_holding_avg":"0d 03:00","loser_holding_avg_s":10800.0,"max_consecutive_wins":2,"max_consecutive_losses":3,"max_drawdown_account":0.01853107308999995,"max_relative_drawdown":0.01853107308999995,"max_drawdown_abs":18.53107309,"drawdown_start":"2025-10-03 12:00:00","drawdown_start_ts":1759492800000.0,"drawdown_end":"2025-10-16 20:00:00","drawdown_end_ts":1760644800000.0,"drawdown_duration":"13 days 08:00:00","drawdown_duration_s":1152000.0,"max_drawdown_low":-18.53107309,"max_drawdown_high":0.0,"csum_min":981.46892691,"csum_max":998.58161017}},"strategy_comparison":[{"key":"ACO_6_7","trades":5,"profit_mean":-0.005705822322124986,"profit_mean_pct":-0.57,"profit_total_abs":-9.56098595,"profit_total":-0.00956098595,"profit_total_pct":-0.96,"duration_avg":"2:24:00","wins":2,"draws":1,"losses":2,"winrate":0.4,"cagr":-0.035504389208738996,"expectancy":-1.91219719,"expectancy_ratio":-0.4063773836207992,"sortino":-0.23997478178753706,"sharpe":-0.22477586698798793,"calmar":-10.161944272958014,"sqn":-0.4565,"profit_factor":0.4840565409480019,"max_drawdown_account":0.01853107308999995,"max_drawdown_abs":"18.531"}]}