{"strategy":{"ACO_22_1":{"trades":[{"pair":"DOGE/USDT","stake_amount":329.92796,"max_stake_amount":329.92796,"amount":1291.0,"open_date":"2025-10-04 07:00:00+00:00","close_date":"2025-10-05 02:00:00+00:00","open_rate":0.25556,"close_rate":0.2560716316316316,"fee_open":0.001,"fee_close":0.001,"trade_duration":1140,"profit_ratio":0.0,"profit_abs":0.0,"exit_reason":"roi","initial_stop_loss_abs":0.24279,"initial_stop_loss_ratio":-0.05,"stop_loss_abs":0.24279,"stop_loss_ratio":-0.05,"min_rate":0.2467,"max_rate":0.25698,"is_open":false,"enter_tag":"","leverage":1.0,"is_short":false,"open_timestamp":1759561200000,"close_timestamp":1759629600000,"orders":[{"amount":1291.0,"safe_price":0.25556,"ft_order_side":"buy","order_filled_timestamp":1759561200000,"ft_is_entry":true,"ft_order_tag":"","cost":330.25788795999995},{"amount":1291.0,"safe_price":0.2560716316316316,"ft_order_side":"sell","order_filled_timestamp":1759629600000,"ft_is_entry":false,"ft_order_tag":"roi","cost":330.9190649128728}],"funding_fees":0.0,"weekday":6},{"pair":"DOGE/USDT","stake_amount":329.946,"max_stake_amount":329.946,"amount":1299.0,"open_date":"2025-10-06 02:00:00+00:00","close_date":"2025-10-06 06:00:00+00:00","open_rate":0.254,"close_rate":0.2545085085085085,"fee_open":0.001,"fee_close":0.001,"trade_duration":240,"profit_ratio":0.0,"profit_abs":0.0,"exit_reason":"roi","initial_stop_loss_abs":0.2413,"initial_stop_loss_ratio":-0.05,"stop_loss_abs":0.2413,"stop_loss_ratio":-0.05,"min_rate":0.25151,"max_rate":0.25843,"is_open":false,"enter_tag":"","leverage":1.0,"is_short":false,"open_timestamp":1759716000000,"close_timestamp":1759730400000,"orders":[{"amount":1299.0,"safe_price":0.254,"ft_order_side":"buy","order_filled_timestamp":1759716000000,"ft_is_entry":true,"ft_order_tag":"","cost":330.275946},{"amount":1299.0,"safe_price":0.2545085085085085,"ft_order_side":"sell","order_filled_timestamp":1759730400000,"ft_is_entry":false,"ft_order_tag":"roi","cost":330.937159105105}],"funding_fees":0.0,"weekday":0},{"pair":"DOGE/USDT","stake_amount":329.78432,"max_stake_amount":329.78432,"amount":1312.0,"open_date":"2025-10-07 21:00:00+00:00","close_date":"2025-10-08 12:00:00+00:00","open_rate":0.25136,"close_rate":0.2518632232232232,"fee_open":0.001,"fee_close":0.001,"trade_duration":900,"profit_ratio":0.0,"profit_abs":0.0,"exit_reason":"roi","initial_stop_loss_abs":0.2388,"initial_stop_loss_ratio":-0.05,"stop_loss_abs":0.2388,"stop_loss_ratio":-0.05,"min_rate":0.24291,"max_rate":0.2526,"is_open":false,"enter_tag":"","leverage":1.0,"is_short":false,"open_timestamp":1759870800000,"close_timestamp":1759924800000,"orders":[{"amount":1312.0,"safe_price":0.25136,"ft_order_side":"buy","order_filled_timestamp":1759870800000,"ft_is_entry":true,"ft_order_tag":"","cost":330.11410431999997},{"amount":1312.0,"safe_price":0.2518632232232232,"ft_order_side":"sell","order_filled_timestamp":1759924800000,"ft_is_entry":false,"ft_order_tag":"roi","cost":330.7749934177377}],"funding_fees":0.0,"weekday":2},{"pair":"DOGE/USDT","stake_amount":329.99748,"max_stake_amount":329.99748,"amount":1333.0,"open_date":"2025-10-09 12:00:00+00:00","close_date":"2025-10-09 21:00:00+00:00","open_rate":0.24756,"close_rate":0.2480556156156156,"fee_open":0.001,"fee_close":0.001,"trade_duration":540,"profit_ratio":0.0,"profit_abs":0.0,"exit_reason":"roi","initial_stop_loss_abs":0.23519,"initial_stop_loss_ratio":-0.05,"stop_loss_abs":0.23519,"stop_loss_ratio":-0.05,"min_rate":0.24099,"max_rate":0.25071,"is_open":false,"enter_tag":"","leverage":1.0,"is_short":false,"open_timestamp":1760011200000,"close_timestamp":1760043600000,"orders":[{"amount":1333.0,"safe_price":0.24756,"ft_order_side":"buy","order_filled_timestamp":1760011200000,"ft_is_entry":true,"ft_order_tag":"","cost":330.32747747999997},{"amount":1333.0,"safe_price":0.2480556156156156,"ft_order_side":"sell","order_filled_timestamp":1760043600000,"ft_is_entry":false,"ft_order_tag":"roi","cost":330.9887937512312}],"funding_fees":0.0,"weekday":3},{"pair":"DOGE/USDT","stake_amount":329.84242,"max_stake_amount":329.84242,"amount":1657.0,"open_date":"2025-10-14 12:00:00+00:00","close_date":"2025-10-14 14:00:00+00:00","open_rate":0.19906,"close_rate":0.19945851851851848,"fee_open":0.001,"fee_close":0.001,"trade_duration":120,"profit_ratio":0.0,"profit_abs":0.0,"exit_reason":"roi","initial_stop_loss_abs":0.18911,"initial_stop_loss_ratio":-0.05,"stop_loss_abs":0.18911,"stop_loss_ratio":-0.05,"min_rate":0.1933,"max_rate":0.20175,"is_open":false,"enter_tag":"","leverage":1.0,"is_short":false,"open_timestamp":1760443200000,"close_timestamp":1760450400000,"orders":[{"amount":1657.0,"safe_price":0.19906,"ft_order_side":"buy","order_filled_timestamp":1760443200000,"ft_is_entry":true,"ft_order_tag":"","cost":330.17226242},{"amount":1657.0,"safe_price":0.19945851851851848,"ft_order_side":"sell","order_filled_timestamp":1760450400000,"ft_is_entry":false,"ft_order_tag":"roi","cost":330.83326795037027}],"funding_fees":0.0,"weekday":1},{"pair":"DOGE/USDT","stake_amount":329.82901,"max_stake_amount":329.82901,"amount":1681.0,"open_date":"2025-10-16 00:00:00+00:00","close_date":"2025-10-16 02:00:00+00:00","open_rate":0.19621,"close_rate":0.19808,"fee_open":0.001,"fee_close":0.001,"trade_duration":120,"profit_ratio":0.007513560798306734,"profit_abs":2.48066851,"exit_reason":"roi","initial_stop_loss_abs":0.1864,"initial_stop_loss_ratio":-0.05,"stop_loss_abs":0.1864,"stop_loss_ratio":-0.05,"min_rate":0.1954,"max_rate":0.1991,"is_open":false,"enter_tag":"","leverage":1.0,"is_short":false,"open_timestamp":1760572800000,"close_timestamp":1760580000000,"orders":[{"amount":1681.0,"safe_price":0.19621,"ft_order_side":"buy","order_filled_timestamp":1760572800000,"ft_is_entry":true,"ft_order_tag":"","cost":330.15883900999995},{"amount":1681.0,"safe_price":0.19808,"ft_order_side":"sell","order_filled_timestamp":1760580000000,"ft_is_entry":false,"ft_order_tag":"roi","cost":333.30545248}],"funding_fees":0.0,"weekday":3},{"pair":"DOGE/USDT","stake_amount":330.8175,"max_stake_amount":330.8175,"amount":1755.0,"open_date":"2025-10-17 00:00:00+00:00","close_date":"2025-10-17 02:00:00+00:00","open_rate":0.1885,"close_rate":0.18966,"fee_open":0.001,"fee_close":0.001,"trade_duration":120,"profit_ratio":0.004143548758933374,"profit_abs":1.3721292,"exit_reason":"roi","initial_stop_loss_abs":0.17908,"initial_stop_loss_ratio":-0.05,"stop_loss_abs":0.17908,"stop_loss_ratio":-0.05,"min_rate":0.18791,"max_rate":0.19114,"is_open":false,"enter_tag":"","leverage":1.0,"is_short":false,"open_timestamp":1760659200000,"close_timestamp":1760666400000,"orders":[{"amount":1755.0,"safe_price":0.1885,"ft_order_side":"buy","order_filled_timestamp":1760659200000,"ft_is_entry":true,"ft_order_tag":"","cost":331.14831749999996},{"amount":1755.0,"safe_price":0.18966,"ft_order_side":"sell","order_filled_timestamp":1760666400000,"ft_is_entry":false,"ft_order_tag":"roi","cost":333.18615329999994}],"funding_fees":0.0,"weekday":4},{"pair":"DOGE/USDT","stake_amount":331.27136,"max_stake_amount":331.27136,"amount":1813.0,"open_date":"2025-10-17 12:00:00+00:00","close_date":"2025-10-17 14:00:00+00:00","open_rate":0.18272,"close_rate":0.1833,"fee_open":0.001,"fee_close":0.001,"trade_duration":120,"profit_ratio":0.0011699115245525054,"profit_abs":0.38794574,"exit_reason":"roi","initial_stop_loss_abs":0.17359,"initial_stop_loss_ratio":-0.05,"stop_loss_abs":0.17359,"stop_loss_ratio":-0.05,"min_rate":0.17968,"max_rate":0.18463,"is_open":false,"enter_tag":"","leverage":1.0,"is_short":false,"open_timestamp":1760702400000,"close_timestamp":1760709600000,"orders":[{"amount":1813.0,"safe_price":0.18272,"ft_order_side":"buy","order_filled_timestamp":1760702400000,"ft_is_entry":true,"ft_order_tag":"","cost":331.60263136},{"amount":1813.0,"safe_price":0.1833,"ft_order_side":"sell","order_filled_timestamp":1760709600000,"ft_is_entry":false,"ft_order_tag":"roi","cost":332.65522289999996}],"funding_fees":0.0,"weekday":4},{"pair":"DOGE/USDT","stake_amount":331.2496,"max_stake_amount":331.2496,"amount":1711.0,"open_date":"2025-10-21 10:00:00+00:00","close_date":"2025-10-21 12:00:00+00:00","open_rate":0.1936,"close_rate":0.19453,"fee_open":0.001,"fee_close":0.001,"trade_duration":120,"profit_ratio":0.002796119170086112,"profit_abs":0.92713957,"exit_reason":"roi","initial_stop_loss_abs":0.18392,"initial_stop_loss_ratio":-0.05,"stop_loss_abs":0.18392,"stop_loss_ratio":-0.05,"min_rate":0.19314,"max_rate":0.19649,"is_open":false,"enter_tag":"","leverage":1.0,"is_short":false,"open_timestamp":1761040800000,"close_timestamp":1761048000000,"orders":[{"amount":1711.0,"safe_price":0.1936,"ft_order_side":"buy","order_filled_timestamp":1761040800000,"ft_is_entry":true,"ft_order_tag":"","cost":331.58084959999996},{"amount":1711.0,"safe_price":0.19453,"ft_order_side":"sell","order_filled_timestamp":1761048000000,"ft_is_entry":false,"ft_order_tag":"roi","cost":333.17367083}],"funding_fees":0.0,"weekday":1},{"pair":"DOGE/USDT","stake_amount":331.61768,"max_stake_amount":331.61768,"amount":1702.0,"open_date":"2025-10-22 05:00:00+00:00","close_date":"2025-10-22 21:00:00+00:00","open_rate":0.19484,"close_rate":0.1851,"fee_open":0.001,"fee_close":0.001,"trade_duration":960,"profit_ratio":-0.05188785757457489,"profit_abs":-17.22413788,"exit_reason":"stop_loss","initial_stop_loss_abs":0.1851,"initial_stop_loss_ratio":-0.05,"stop_loss_abs":0.1851,"stop_loss_ratio":-0.05,"min_rate":0.18467,"max_rate":0.19484,"is_open":false,"enter_tag":"","leverage":1.0,"is_short":false,"open_timestamp":1761109200000,"close_timestamp":1761166800000,"orders":[{"amount":1702.0,"safe_price":0.19484,"ft_order_side":"buy","order_filled_timestamp":1761109200000,"ft_is_entry":true,"ft_order_tag":"","cost":331.94929768},{"amount":1702.0,"safe_price":0.1851,"ft_order_side":"sell","order_filled_timestamp":1761166800000,"ft_is_entry":false,"ft_order_tag":"stop_loss","cost":315.3552401999999}],"funding_fees":0.0,"weekday":2},{"pair":"DOGE/USDT","stake_amount":325.90292,"max_stake_amount":325.90292,"amount":1666.0,"open_date":"2025-10-26 05:00:00+00:00","close_date":"2025-10-26 07:00:00+00:00","open_rate":0.19562,"close_rate":0.19613,"fee_open":0.001,"fee_close":0.001,"trade_duration":120,"profit_ratio":0.0006038844092212868,"profit_abs":0.1970045,"exit_reason":"roi","initial_stop_loss_abs":0.18584,"initial_stop_loss_ratio":-0.05,"stop_loss_abs":0.18584,"stop_loss_ratio":-0.05,"min_rate":0.19513,"max_rate":0.1967,"is_open":false,"enter_tag":"","leverage":1.0,"is_short":false,"open_timestamp":1761454800000,"close_timestamp":1761462000000,"orders":[{"amount":1666.0,"safe_price":0.19562,"ft_order_side":"buy","order_filled_timestamp":1761454800000,"ft_is_entry":true,"ft_order_tag":"","cost":326.22882291999997},{"amount":1666.0,"safe_price":0.19613,"ft_order_side":"sell","order_filled_timestamp":1761462000000,"ft_is_entry":false,"ft_order_tag":"roi","cost":327.07933257999997}],"funding_fees":0.0,"weekday":6},{"pair":"DOGE/USDT","stake_amount":325.88584,"max_stake_amount":325.88584,"amount":1621.0,"open_date":"2025-10-28 02:00:00+00:00","close_date":"2025-10-28 07:00:00+00:00","open_rate":0.20104,"close_rate":0.20144248248248248,"fee_open":0.001,"fee_close":0.001,"trade_duration":300,"profit_ratio":0.0,"profit_abs":0.0,"exit_reason":"roi","initial_stop_loss_abs":0.19099,"initial_stop_loss_ratio":-0.05,"stop_loss_abs":0.19099,"stop_loss_ratio":-0.05,"min_rate":0.19815,"max_rate":0.20206,"is_open":false,"enter_tag":"","leverage":1.0,"is_short":false,"open_timestamp":1761616800000,"close_timestamp":1761634800000,"orders":[{"amount":1621.0,"safe_price":0.20104,"ft_order_side":"buy","order_filled_timestamp":1761616800000,"ft_is_entry":true,"ft_order_tag":"","cost":326.21172583999993},{"amount":1621.0,"safe_price":0.20144248248248248,"ft_order_side":"sell","order_filled_timestamp":1761634800000,"ft_is_entry":false,"ft_order_tag":"roi","cost":326.86480236820813}],"funding_fees":0.0,"weekday":1},{"pair":"DOGE/USDT","stake_amount":325.99016,"max_stake_amount":325.99016,"amount":1816.0,"open_date":"2025-10-30 21:00:00+00:00","close_date":"2025-10-30 23:00:00+00:00","open_rate":0.17951,"close_rate":0.18062,"fee_open":0.001,"fee_close":0.001,"trade_duration":120,"profit_ratio":0.004173142884078208,"profit_abs":1.36176392,"exit_reason":"roi","initial_stop_loss_abs":0.17054,"initial_stop_loss_ratio":-0.05,"stop_loss_abs":0.17054,"stop_loss_ratio":-0.05,"min_rate":0.17868,"max_rate":0.18287,"is_open":false,"enter_tag":"","leverage":1.0,"is_short":false,"open_timestamp":1761858000000,"close_timestamp":1761865200000,"orders":[{"amount":1816.0,"safe_price":0.17951,"ft_order_side":"buy","order_filled_timestamp":1761858000000,"ft_is_entry":true,"ft_order_tag":"","cost":326.31615015999995},{"amount":1816.0,"safe_price":0.18062,"ft_order_side":"sell","order_filled_timestamp":1761865200000,"ft_is_entry":false,"ft_order_tag":"roi","cost":328.33392591999996}],"funding_fees":0.0,"weekday":3},{"pair":"DOGE/USDT","stake_amount":326.3964,"max_stake_amount":326.3964,"amount":1878.0,"open_date":"2025-11-03 09:00:00+00:00","close_date":"2025-11-03 11:00:00+00:00","open_rate":0.1738,"close_rate":0.17414794794794794,"fee_open":0.001,"fee_close":0.001,"trade_duration":120,"profit_ratio":0.0,"profit_abs":0.0,"exit_reason":"roi","initial_stop_loss_abs":0.16511,"initial_stop_loss_ratio":-0.05,"stop_loss_abs":0.16511,"stop_loss_ratio":-0.05,"min_rate":0.1714,"max_rate":0.17534,"is_open":false,"enter_tag":"","leverage":1.0,"is_short":false,"open_timestamp":1762160400000,"close_timestamp":1762167600000,"orders":[{"amount":1878.0,"safe_price":0.1738,"ft_order_side":"buy","order_filled_timestamp":1762160400000,"ft_is_entry":true,"ft_order_tag":"","cost":326.7227964},{"amount":1878.0,"safe_price":0.17414794794794794,"ft_order_side":"sell","order_filled_timestamp":1762167600000,"ft_is_entry":false,"ft_order_tag":"roi","cost":327.3768960924924}],"funding_fees":0.0,"weekday":0},{"pair":"DOGE/USDT","stake_amount":326.50618,"max_stake_amount":326.50618,"amount":2002.0,"open_date":"2025-11-06 14:00:00+00:00","close_date":"2025-11-07 01:00:00+00:00","open_rate":0.16309,"close_rate":0.1634165065065065,"fee_open":0.001,"fee_close":0.001,"trade_duration":660,"profit_ratio":0.0,"profit_abs":0.0,"exit_reason":"roi","initial_stop_loss_abs":0.15494,"initial_stop_loss_ratio":-0.05,"stop_loss_abs":0.15494,"stop_loss_ratio":-0.05,"min_rate":0.15693,"max_rate":0.1635,"is_open":false,"enter_tag":"","leverage":1.0,"is_short":false,"open_timestamp":1762437600000,"close_timestamp":1762477200000,"orders":[{"amount":2002.0,"safe_price":0.16309,"ft_order_side":"buy","order_filled_timestamp":1762437600000,"ft_is_entry":true,"ft_order_tag":"","cost":326.83268618},{"amount":2002.0,"safe_price":0.1634165065065065,"ft_order_side":"sell","order_filled_timestamp":1762477200000,"ft_is_entry":false,"ft_order_tag":"roi","cost":327.487005872052}],"funding_fees":0.0,"weekday":4},{"pair":"DOGE/USDT","stake_amount":326.47758,"max_stake_amount":326.47758,"amount":1859.0,"open_date":"2025-11-08 21:00:00+00:00","close_date":"2025-11-08 23:00:00+00:00","open_rate":0.17562,"close_rate":0.17602,"fee_open":0.001,"fee_close":0.001,"trade_duration":120,"profit_ratio":0.00027509217806450466,"profit_abs":0.08990124,"exit_reason":"roi","initial_stop_loss_abs":0.16684,"initial_stop_loss_ratio":-0.05,"stop_loss_abs":0.16684,"stop_loss_ratio":-0.05,"min_rate":0.17508,"max_rate":0.17663,"is_open":false,"enter_tag":"","leverage":1.0,"is_short":false,"open_timestamp":1762635600000,"close_timestamp":1762642800000,"orders":[{"amount":1859.0,"safe_price":0.17562,"ft_order_side":"buy","order_filled_timestamp":1762635600000,"ft_is_entry":true,"ft_order_tag":"","cost":326.80405757999995},{"amount":1859.0,"safe_price":0.17602,"ft_order_side":"sell","order_filled_timestamp":1762642800000,"ft_is_entry":false,"ft_order_tag":"roi","cost":327.54840118}],"funding_fees":0.0,"weekday":5},{"pair":"DOGE/USDT","stake_amount":326.54204,"max_stake_amount":326.54204,"amount":1886.0,"open_date":"2025-11-09 05:00:00+00:00","close_date":"2025-11-09 07:00:00+00:00","open_rate":0.17314,"close_rate":0.17433,"fee_open":0.001,"fee_close":0.001,"trade_duration":120,"profit_ratio":0.004861316343354001,"profit_abs":1.58901158,"exit_reason":"roi","initial_stop_loss_abs":0.16449,"initial_stop_loss_ratio":-0.05,"stop_loss_abs":0.16449,"stop_loss_ratio":-0.05,"min_rate":0.17267,"max_rate":0.17543,"is_open":false,"enter_tag":"","leverage":1.0,"is_short":false,"open_timestamp":1762664400000,"close_timestamp":1762671600000,"orders":[{"amount":1886.0,"safe_price":0.17314,"ft_order_side":"buy","order_filled_timestamp":1762664400000,"ft_is_entry":true,"ft_order_tag":"","cost":326.8685820399999},{"amount":1886.0,"safe_price":0.17433,"ft_order_side":"sell","order_filled_timestamp":1762671600000,"ft_is_entry":false,"ft_order_tag":"roi","cost":329.11516637999995}],"funding_fees":0.0,"weekday":6},{"pair":"DOGE/USDT","stake_amount":326.9616,"max_stake_amount":326.9616,"amount":1841.0,"open_date":"2025-11-11 11:00:00+00:00","close_date":"2025-11-11 13:00:00+00:00","open_rate":0.1776,"close_rate":0.17795555555555553,"fee_open":0.001,"fee_close":0.001,"trade_duration":120,"profit_ratio":0.0,"profit_abs":0.0,"exit_reason":"roi","initial_stop_loss_abs":0.16872,"initial_stop_loss_ratio":-0.05,"stop_loss_abs":0.16872,"stop_loss_ratio":-0.05,"min_rate":0.17671,"max_rate":0.17881,"is_open":false,"enter_tag":"","leverage":1.0,"is_short":false,"open_timestamp":1762858800000,"close_timestamp":1762866000000,"orders":[{"amount":1841.0,"safe_price":0.1776,"ft_order_side":"buy","order_filled_timestamp":1762858800000,"ft_is_entry":true,"ft_order_tag":"","cost":327.2885616},{"amount":1841.0,"safe_price":0.17795555555555553,"ft_order_side":"sell","order_filled_timestamp":1762866000000,"ft_is_entry":false,"ft_order_tag":"roi","cost":327.94379395555546}],"funding_fees":0.0,"weekday":1},{"pair":"DOGE/USDT","stake_amount":327.05824,"max_stake_amount":327.05824,"amount":1888.0,"open_date":"2025-11-11 23:00:00+00:00","close_date":"2025-11-12 08:00:00+00:00","open_rate":0.17323,"close_rate":0.17357680680680676,"fee_open":0.001,"fee_close":0.001,"trade_duration":540,"profit_ratio":0.0,"profit_abs":0.0,"exit_reason":"roi","initial_stop_loss_abs":0.16457,"initial_stop_loss_ratio":-0.05,"stop_loss_abs":0.16457,"stop_loss_ratio":-0.05,"min_rate":0.17094,"max_rate":0.17459,"is_open":false,"enter_tag":"","leverage":1.0,"is_short":false,"open_timestamp":1762902000000,"close_timestamp":1762934400000,"orders":[{"amount":1888.0,"safe_price":0.17323,"ft_order_side":"buy","order_filled_timestamp":1762902000000,"ft_is_entry":true,"ft_order_tag":"","cost":327.38529824},{"amount":1888.0,"safe_price":0.17357680680680676,"ft_order_side":"sell","order_filled_timestamp":1762934400000,"ft_is_entry":false,"ft_order_tag":"roi","cost":328.04072426250235}],"funding_fees":0.0,"weekday":2},{"pair":"DOGE/USDT","stake_amount":326.9231,"max_stake_amount":326.9231,"amount":1918.0,"open_date":"2025-11-12 21:00:00+00:00","close_date":"2025-11-12 23:00:00+00:00","open_rate":0.17045,"close_rate":0.17105,"fee_open":0.001,"fee_close":0.001,"trade_duration":120,"profit_ratio":0.0015150587165840906,"profit_abs":0.495803,"exit_reason":"roi","initial_stop_loss_abs":0.16193,"initial_stop_loss_ratio":-0.05,"stop_loss_abs":0.16193,"stop_loss_ratio":-0.05,"min_rate":0.16949,"max_rate":0.17144,"is_open":false,"enter_tag":"","leverage":1.0,"is_short":false,"open_timestamp":1762981200000,"close_timestamp":1762988400000,"orders":[{"amount":1918.0,"safe_price":0.17045,"ft_order_side":"buy","order_filled_timestamp":1762981200000,"ft_is_entry":true,"ft_order_tag":"","cost":327.25002309999996},{"amount":1918.0,"safe_price":0.17105,"ft_order_side":"sell","order_filled_timestamp":1762988400000,"ft_is_entry":false,"ft_order_tag":"roi","cost":328.4019739}],"funding_fees":0.0,"weekday":2},{"pair":"DOGE/USDT","stake_amount":327.14854,"max_stake_amount":327.14854,"amount":1997.0,"open_date":"2025-11-13 23:00:00+00:00","close_date":"2025-11-14 01:00:00+00:00","open_rate":0.16382,"close_rate":0.16414796796796793,"fee_open":0.001,"fee_close":0.001,"trade_duration":120,"profit_ratio":0.0,"profit_abs":0.0,"exit_reason":"roi","initial_stop_loss_abs":0.15563,"initial_stop_loss_ratio":-0.05,"stop_loss_abs":0.15563,"stop_loss_ratio":-0.05,"min_rate":0.16257,"max_rate":0.16535,"is_open":false,"enter_tag":"","leverage":1.0,"is_short":false,"open_timestamp":1763074800000,"close_timestamp":1763082000000,"orders":[{"amount":1997.0,"safe_price":0.16382,"ft_order_side":"buy","order_filled_timestamp":1763074800000,"ft_is_entry":true,"ft_order_tag":"","cost":327.4756885399999},{"amount":1997.0,"safe_price":0.16414796796796793,"ft_order_side":"sell","order_filled_timestamp":1763082000000,"ft_is_entry":false,"ft_order_tag":"roi","cost":328.13129552406394}],"funding_fees":0.0,"weekday":4},{"pair":"DOGE/USDT","stake_amount":327.15786,"max_stake_amount":327.15786,"amount":2091.0,"open_date":"2025-11-16 21:00:00+00:00","close_date":"2025-11-16 23:00:00+00:00","open_rate":0.15646,"close_rate":0.15805,"fee_open":0.001,"fee_close":0.001,"trade_duration":120,"profit_ratio":0.0081440354353559,"profit_abs":2.66704959,"exit_reason":"roi","initial_stop_loss_abs":0.14864,"initial_stop_loss_ratio":-0.05,"stop_loss_abs":0.14864,"stop_loss_ratio":-0.05,"min_rate":0.15501,"max_rate":0.15968,"is_open":false,"enter_tag":"","leverage":1.0,"is_short":false,"open_timestamp":1763326800000,"close_timestamp":1763334000000,"orders":[{"amount":2091.0,"safe_price":0.15646,"ft_order_side":"buy","order_filled_timestamp":1763326800000,"ft_is_entry":true,"ft_order_tag":"","cost":327.4850178599999},{"amount":2091.0,"safe_price":0.15805,"ft_order_side":"sell","order_filled_timestamp":1763334000000,"ft_is_entry":false,"ft_order_tag":"roi","cost":330.81303254999995}],"funding_fees":0.0,"weekday":6},{"pair":"DOGE/USDT","stake_amount":327.98632,"max_stake_amount":327.98632,"amount":2152.0,"open_date":"2025-11-18 01:00:00+00:00","close_date":"2025-11-18 03:00:00+00:00","open_rate":0.15241,"close_rate":0.1527151251251251,"fee_open":0.001,"fee_close":0.001,"trade_duration":120,"profit_ratio":0.0,"profit_abs":0.0,"exit_reason":"roi","initial_stop_loss_abs":0.14479,"initial_stop_loss_ratio":-0.05,"stop_loss_abs":0.14479,"stop_loss_ratio":-0.05,"min_rate":0.1502,"max_rate":0.15479,"is_open":false,"enter_tag":"","leverage":1.0,"is_short":false,"open_timestamp":1763427600000,"close_timestamp":1763434800000,"orders":[{"amount":2152.0,"safe_price":0.15241,"ft_order_side":"buy","order_filled_timestamp":1763427600000,"ft_is_entry":true,"ft_order_tag":"","cost":328.31430631999996},{"amount":2152.0,"safe_price":0.1527151251251251,"ft_order_side":"sell","order_filled_timestamp":1763434800000,"ft_is_entry":false,"ft_order_tag":"roi","cost":328.9715922185385}],"funding_fees":0.0,"weekday":1},{"pair":"DOGE/USDT","stake_amount":328.0224,"max_stake_amount":328.0224,"amount":2181.0,"open_date":"2025-11-19 21:00:00+00:00","close_date":"2025-11-19 23:00:00+00:00","open_rate":0.1504,"close_rate":0.15315,"fee_open":0.001,"fee_close":0.001,"trade_duration":120,"profit_ratio":0.01625003985376326,"profit_abs":5.33570745,"exit_reason":"roi","initial_stop_loss_abs":0.14288,"initial_stop_loss_ratio":-0.05,"stop_loss_abs":0.14288,"stop_loss_ratio":-0.05,"min_rate":0.15007,"max_rate":0.15515,"is_open":false,"enter_tag":"","leverage":1.0,"is_short":false,"open_timestamp":1763586000000,"close_timestamp":1763593200000,"orders":[{"amount":2181.0,"safe_price":0.1504,"ft_order_side":"buy","order_filled_timestamp":1763586000000,"ft_is_entry":true,"ft_order_tag":"","cost":328.35042239999996},{"amount":2181.0,"safe_price":0.15315,"ft_order_side":"sell","order_filled_timestamp":1763593200000,"ft_is_entry":false,"ft_order_tag":"roi","cost":334.35417014999996}],"funding_fees":0.0,"weekday":2},{"pair":"DOGE/USDT","stake_amount":329.80584,"max_stake_amount":329.80584,"amount":2184.0,"open_date":"2025-11-20 22:00:00+00:00","close_date":"2025-11-21 07:00:00+00:00","open_rate":0.15101,"close_rate":0.14346,"fee_open":0.001,"fee_close":0.001,"trade_duration":540,"profit_ratio":-0.051894797474560404,"profit_abs":-17.13232248,"exit_reason":"stop_loss","initial_stop_loss_abs":0.14346,"initial_stop_loss_ratio":-0.05,"stop_loss_abs":0.14346,"stop_loss_ratio":-0.05,"min_rate":0.13441,"max_rate":0.15317,"is_open":false,"enter_tag":"","leverage":1.0,"is_short":false,"open_timestamp":1763676000000,"close_timestamp":1763708400000,"orders":[{"amount":2184.0,"safe_price":0.15101,"ft_order_side":"buy","order_filled_timestamp":1763676000000,"ft_is_entry":true,"ft_order_tag":"","cost":330.13564583999994},{"amount":2184.0,"safe_price":0.14346,"ft_order_side":"sell","order_filled_timestamp":1763708400000,"ft_is_entry":false,"ft_order_tag":"stop_loss","cost":313.62995664}],"funding_fees":0.0,"weekday":4},{"pair":"DOGE/USDT","stake_amount":324.21594,"max_stake_amount":324.21594,"amount":2334.0,"open_date":"2025-11-21 13:00:00+00:00","close_date":"2025-11-21 15:00:00+00:00","open_rate":0.13891,"close_rate":0.14133,"fee_open":0.001,"fee_close":0.001,"trade_duration":120,"profit_ratio":0.015388542060487927,"profit_abs":4.99419984,"exit_reason":"roi","initial_stop_loss_abs":0.13197,"initial_stop_loss_ratio":-0.05,"stop_loss_abs":0.13197,"stop_loss_ratio":-0.05,"min_rate":0.13746,"max_rate":0.14209,"is_open":false,"enter_tag":"","leverage":1.0,"is_short":false,"open_timestamp":1763730000000,"close_timestamp":1763737200000,"orders":[{"amount":2334.0,"safe_price":0.13891,"ft_order_side":"buy","order_filled_timestamp":1763730000000,"ft_is_entry":true,"ft_order_tag":"","cost":324.54015594},{"amount":2334.0,"safe_price":0.14133,"ft_order_side":"sell","order_filled_timestamp":1763737200000,"ft_is_entry":false,"ft_order_tag":"roi","cost":330.19408422000004}],"funding_fees":0.0,"weekday":4},{"pair":"DOGE/USDT","stake_amount":325.75014,"max_stake_amount":325.75014,"amount":2157.0,"open_date":"2025-11-28 06:00:00+00:00","close_date":"2025-11-28 08:00:00+00:00","open_rate":0.15102,"close_rate":0.1513223423423423,"fee_open":0.001,"fee_close":0.001,"trade_duration":120,"profit_ratio":0.0,"profit_abs":0.0,"exit_reason":"roi","initial_stop_loss_abs":0.14347,"initial_stop_loss_ratio":-0.05,"stop_loss_abs":0.14347,"stop_loss_ratio":-0.05,"min_rate":0.14961,"max_rate":0.1532,"is_open":false,"enter_tag":"","leverage":1.0,"is_short":false,"open_timestamp":1764309600000,"close_timestamp":1764316800000,"orders":[{"amount":2157.0,"safe_price":0.15102,"ft_order_side":"buy","order_filled_timestamp":1764309600000,"ft_is_entry":true,"ft_order_tag":"","cost":326.07589013999996},{"amount":2157.0,"safe_price":0.1513223423423423,"ft_order_side":"sell","order_filled_timestamp":1764316800000,"ft_is_entry":false,"ft_order_tag":"roi","cost":326.72869472486474}],"funding_fees":0.0,"weekday":4},{"pair":"DOGE/USDT","stake_amount":325.83513,"max_stake_amount":325.83513,"amount":2127.0,"open_date":"2025-11-28 09:00:00+00:00","close_date":"2025-11-28 14:00:00+00:00","open_rate":0.15319,"close_rate":0.15349668668668665,"fee_open":0.001,"fee_close":0.001,"trade_duration":300,"profit_ratio":0.0,"profit_abs":0.0,"exit_reason":"roi","initial_stop_loss_abs":0.14554,"initial_stop_loss_ratio":-0.05,"stop_loss_abs":0.14554,"stop_loss_ratio":-0.05,"min_rate":0.14975,"max_rate":0.15395,"is_open":false,"enter_tag":"","leverage":1.0,"is_short":false,"open_timestamp":1764320400000,"close_timestamp":1764338400000,"orders":[{"amount":2127.0,"safe_price":0.15319,"ft_order_side":"buy","order_filled_timestamp":1764320400000,"ft_is_entry":true,"ft_order_tag":"","cost":326.16096512999997},{"amount":2127.0,"safe_price":0.15349668668668665,"ft_order_side":"sell","order_filled_timestamp":1764338400000,"ft_is_entry":false,"ft_order_tag":"roi","cost":326.81394003516505}],"funding_fees":0.0,"weekday":4},{"pair":"DOGE/USDT","stake_amount":325.7726,"max_stake_amount":325.7726,"amount":2182.0,"open_date":"2025-11-29 09:00:00+00:00","close_date":"2025-11-29 12:00:00+00:00","open_rate":0.1493,"close_rate":0.14959889889889888,"fee_open":0.001,"fee_close":0.001,"trade_duration":180,"profit_ratio":0.0,"profit_abs":0.0,"exit_reason":"roi","initial_stop_loss_abs":0.14184,"initial_stop_loss_ratio":-0.05,"stop_loss_abs":0.14184,"stop_loss_ratio":-0.05,"min_rate":0.14843,"max_rate":0.15005,"is_open":false,"enter_tag":"","leverage":1.0,"is_short":false,"open_timestamp":1764406800000,"close_timestamp":1764417600000,"orders":[{"amount":2182.0,"safe_price":0.1493,"ft_order_side":"buy","order_filled_timestamp":1764406800000,"ft_is_entry":true,"ft_order_tag":"","cost":326.0983725999999},{"amount":2182.0,"safe_price":0.14959889889889888,"ft_order_side":"sell","order_filled_timestamp":1764417600000,"ft_is_entry":false,"ft_order_tag":"roi","cost":326.7512221947947}],"funding_fees":0.0,"weekday":5},{"pair":"DOGE/USDT","stake_amount":325.8664,"max_stake_amount":325.8664,"amount":2180.0,"open_date":"2025-11-29 16:00:00+00:00","close_date":"2025-11-30 08:00:00+00:00","open_rate":0.14948,"close_rate":0.14977925925925925,"fee_open":0.001,"fee_close":0.001,"trade_duration":960,"profit_ratio":0.0,"profit_abs":0.0,"exit_reason":"roi","initial_stop_loss_abs":0.14201,"initial_stop_loss_ratio":-0.05,"stop_loss_abs":0.14201,"stop_loss_ratio":-0.05,"min_rate":0.14725,"max_rate":0.14988,"is_open":false,"enter_tag":"","leverage":1.0,"is_short":false,"open_timestamp":1764432000000,"close_timestamp":1764489600000,"orders":[{"amount":2180.0,"safe_price":0.14948,"ft_order_side":"buy","order_filled_timestamp":1764432000000,"ft_is_entry":true,"ft_order_tag":"","cost":326.19226639999994},{"amount":2180.0,"safe_price":0.14977925925925925,"ft_order_side":"sell","order_filled_timestamp":1764489600000,"ft_is_entry":false,"ft_order_tag":"roi","cost":326.8453039703703}],"funding_fees":0.0,"weekday":6},{"pair":"DOGE/USDT","stake_amount":325.80978,"max_stake_amount":325.80978,"amount":2378.0,"open_date":"2025-12-01 07:00:00+00:00","close_date":"2025-12-01 09:00:00+00:00","open_rate":0.13701,"close_rate":0.13813,"fee_open":0.001,"fee_close":0.001,"trade_duration":120,"profit_ratio":0.006160250959900621,"profit_abs":2.00907708,"exit_reason":"roi","initial_stop_loss_abs":0.13016,"initial_stop_loss_ratio":-0.05,"stop_loss_abs":0.13016,"stop_loss_ratio":-0.05,"min_rate":0.13655,"max_rate":0.13848,"is_open":false,"enter_tag":"","leverage":1.0,"is_short":false,"open_timestamp":1764572400000,"close_timestamp":1764579600000,"orders":[{"amount":2378.0,"safe_price":0.13701,"ft_order_side":"buy","order_filled_timestamp":1764572400000,"ft_is_entry":true,"ft_order_tag":"","cost":326.13558978},{"amount":2378.0,"safe_price":0.13813,"ft_order_side":"sell","order_filled_timestamp":1764579600000,"ft_is_entry":false,"ft_order_tag":"roi","cost":328.80161314}],"funding_fees":0.0,"weekday":0},{"pair":"DOGE/USDT","stake_amount":326.47608,"max_stake_amount":326.47608,"amount":2456.0,"open_date":"2025-12-01 18:00:00+00:00","close_date":"2025-12-01 20:00:00+00:00","open_rate":0.13293,"close_rate":0.13327,"fee_open":0.001,"fee_close":0.001,"trade_duration":120,"profit_ratio":0.0005546247929457137,"profit_abs":0.1812528,"exit_reason":"roi","initial_stop_loss_abs":0.12629,"initial_stop_loss_ratio":-0.05,"stop_loss_abs":0.12629,"stop_loss_ratio":-0.05,"min_rate":0.13262,"max_rate":0.13493,"is_open":false,"enter_tag":"","leverage":1.0,"is_short":false,"open_timestamp":1764612000000,"close_timestamp":1764619200000,"orders":[{"amount":2456.0,"safe_price":0.13293,"ft_order_side":"buy","order_filled_timestamp":1764612000000,"ft_is_entry":true,"ft_order_tag":"","cost":326.80255607999993},{"amount":2456.0,"safe_price":0.13327,"ft_order_side":"sell","order_filled_timestamp":1764619200000,"ft_is_entry":false,"ft_order_tag":"roi","cost":327.63843112}],"funding_fees":0.0,"weekday":0},{"pair":"DOGE/USDT","stake_amount":326.57828,"max_stake_amount":326.57828,"amount":2174.0,"open_date":"2025-12-04 16:00:00+00:00","close_date":"2025-12-05 14:00:00+00:00","open_rate":0.15022,"close_rate":0.14271,"fee_open":0.001,"fee_close":0.001,"trade_duration":1320,"profit_ratio":-0.051891458295399186,"profit_abs":-16.96356982,"exit_reason":"stop_loss","initial_stop_loss_abs":0.14271,"initial_stop_loss_ratio":-0.05,"stop_loss_abs":0.14271,"stop_loss_ratio":-0.05,"min_rate":0.14182,"max_rate":0.15043,"is_open":false,"enter_tag":"","leverage":1.0,"is_short":false,"open_timestamp":1764864000000,"close_timestamp":1764943200000,"orders":[{"amount":2174.0,"safe_price":0.15022,"ft_order_side":"buy","order_filled_timestamp":1764864000000,"ft_is_entry":true,"ft_order_tag":"","cost":326.90485828},{"amount":2174.0,"safe_price":0.14271,"ft_order_side":"sell","order_filled_timestamp":1764943200000,"ft_is_entry":false,"ft_order_tag":"stop_loss","cost":310.56179154}],"funding_fees":0.0,"weekday":4},{"pair":"DOGE/USDT","stake_amount":320.99718,"max_stake_amount":320.99718,"amount":2309.0,"open_date":"2025-12-05 20:00:00+00:00","close_date":"2025-12-05 22:00:00+00:00","open_rate":0.13902,"close_rate":0.13929831831831832,"fee_open":0.001,"fee_close":0.001,"trade_duration":120,"profit_ratio":0.0,"profit_abs":0.0,"exit_reason":"roi","initial_stop_loss_abs":0.13207,"initial_stop_loss_ratio":-0.05,"stop_loss_abs":0.13207,"stop_loss_ratio":-0.05,"min_rate":0.13803,"max_rate":0.13944,"is_open":false,"enter_tag":"","leverage":1.0,"is_short":false,"open_timestamp":1764964800000,"close_timestamp":1764972000000,"orders":[{"amount":2309.0,"safe_price":0.13902,"ft_order_side":"buy","order_filled_timestamp":1764964800000,"ft_is_entry":true,"ft_order_tag":"","cost":321.31817717999996},{"amount":2309.0,"safe_price":0.13929831831831832,"ft_order_side":"sell","order_filled_timestamp":1764972000000,"ft_is_entry":false,"ft_order_tag":"roi","cost":321.96145681399395}],"funding_fees":0.0,"weekday":4},{"pair":"DOGE/USDT","stake_amount":320.93684,"max_stake_amount":320.93684,"amount":2297.0,"open_date":"2025-12-07 13:00:00+00:00","close_date":"2025-12-07 17:00:00+00:00","open_rate":0.13972,"close_rate":0.13999971971971972,"fee_open":0.001,"fee_close":0.001,"trade_duration":240,"profit_ratio":0.0,"profit_abs":0.0,"exit_reason":"roi","initial_stop_loss_abs":0.13274,"initial_stop_loss_ratio":-0.05,"stop_loss_abs":0.13274,"stop_loss_ratio":-0.05,"min_rate":0.13486,"max_rate":0.1421,"is_open":false,"enter_tag":"","leverage":1.0,"is_short":false,"open_timestamp":1765112400000,"close_timestamp":1765126800000,"orders":[{"amount":2297.0,"safe_price":0.13972,"ft_order_side":"buy","order_filled_timestamp":1765112400000,"ft_is_entry":true,"ft_order_tag":"","cost":321.25777683999996},{"amount":2297.0,"safe_price":0.13999971971971972,"ft_order_side":"sell","order_filled_timestamp":1765126800000,"ft_is_entry":false,"ft_order_tag":"roi","cost":321.90093555239235}],"funding_fees":0.0,"weekday":6},{"pair":"DOGE/USDT","stake_amount":320.8832,"max_stake_amount":320.8832,"amount":2279.0,"open_date":"2025-12-09 08:00:00+00:00","close_date":"2025-12-09 12:00:00+00:00","open_rate":0.1408,"close_rate":0.1410818818818819,"fee_open":0.001,"fee_close":0.001,"trade_duration":240,"profit_ratio":0.0,"profit_abs":0.0,"exit_reason":"roi","initial_stop_loss_abs":0.13376,"initial_stop_loss_ratio":-0.05,"stop_loss_abs":0.13376,"stop_loss_ratio":-0.05,"min_rate":0.13961,"max_rate":0.14179,"is_open":false,"enter_tag":"","leverage":1.0,"is_short":false,"open_timestamp":1765267200000,"close_timestamp":1765281600000,"orders":[{"amount":2279.0,"safe_price":0.1408,"ft_order_side":"buy","order_filled_timestamp":1765267200000,"ft_is_entry":true,"ft_order_tag":"","cost":321.2040832},{"amount":2279.0,"safe_price":0.1410818818818819,"ft_order_side":"sell","order_filled_timestamp":1765281600000,"ft_is_entry":false,"ft_order_tag":"roi","cost":321.8471344176176}],"funding_fees":0.0,"weekday":1},{"pair":"DOGE/USDT","stake_amount":320.892,"max_stake_amount":320.892,"amount":2200.0,"open_date":"2025-12-10 17:00:00+00:00","close_date":"2025-12-10 19:00:00+00:00","open_rate":0.14586,"close_rate":0.14694,"fee_open":0.001,"fee_close":0.001,"trade_duration":120,"profit_ratio":0.0053915644207705084,"profit_abs":1.73184,"exit_reason":"roi","initial_stop_loss_abs":0.13857,"initial_stop_loss_ratio":-0.05,"stop_loss_abs":0.13857,"stop_loss_ratio":-0.05,"min_rate":0.14535,"max_rate":0.14933,"is_open":false,"enter_tag":"","leverage":1.0,"is_short":false,"open_timestamp":1765386000000,"close_timestamp":1765393200000,"orders":[{"amount":2200.0,"safe_price":0.14586,"ft_order_side":"buy","order_filled_timestamp":1765386000000,"ft_is_entry":true,"ft_order_tag":"","cost":321.21289199999995},{"amount":2200.0,"safe_price":0.14694,"ft_order_side":"sell","order_filled_timestamp":1765393200000,"ft_is_entry":false,"ft_order_tag":"roi","cost":323.59126799999996}],"funding_fees":0.0,"weekday":2},{"pair":"DOGE/USDT","stake_amount":321.5072,"max_stake_amount":321.5072,"amount":2315.0,"open_date":"2025-12-11 06:00:00+00:00","close_date":"2025-12-11 18:00:00+00:00","open_rate":0.13888,"close_rate":0.13915803803803803,"fee_open":0.001,"fee_close":0.001,"trade_duration":720,"profit_ratio":0.0,"profit_abs":0.0,"exit_reason":"roi","initial_stop_loss_abs":0.13194,"initial_stop_loss_ratio":-0.05,"stop_loss_abs":0.13194,"stop_loss_ratio":-0.05,"min_rate":0.13623,"max_rate":0.13925,"is_open":false,"enter_tag":"","leverage":1.0,"is_short":false,"open_timestamp":1765432800000,"close_timestamp":1765476000000,"orders":[{"amount":2315.0,"safe_price":0.13888,"ft_order_side":"buy","order_filled_timestamp":1765432800000,"ft_is_entry":true,"ft_order_tag":"","cost":321.8287072},{"amount":2315.0,"safe_price":0.13915803803803803,"ft_order_side":"sell","order_filled_timestamp":1765476000000,"ft_is_entry":false,"ft_order_tag":"roi","cost":322.47300891611604}],"funding_fees":0.0,"weekday":3},{"pair":"DOGE/USDT","stake_amount":321.57665,"max_stake_amount":321.57665,"amount":2395.0,"open_date":"2025-12-14 23:00:00+00:00","close_date":"2025-12-15 01:00:00+00:00","open_rate":0.13427,"close_rate":0.13504,"fee_open":0.001,"fee_close":0.001,"trade_duration":120,"profit_ratio":0.0037252536693960685,"profit_abs":1.19915255,"exit_reason":"roi","initial_stop_loss_abs":0.12756,"initial_stop_loss_ratio":-0.05,"stop_loss_abs":0.12756,"stop_loss_ratio":-0.05,"min_rate":0.13261,"max_rate":0.13683,"is_open":false,"enter_tag":"","leverage":1.0,"is_short":false,"open_timestamp":1765753200000,"close_timestamp":1765760400000,"orders":[{"amount":2395.0,"safe_price":0.13427,"ft_order_side":"buy","order_filled_timestamp":1765753200000,"ft_is_entry":true,"ft_order_tag":"","cost":321.89822664999997},{"amount":2395.0,"safe_price":0.13504,"ft_order_side":"sell","order_filled_timestamp":1765760400000,"ft_is_entry":false,"ft_order_tag":"roi","cost":323.74422079999994}],"funding_fees":0.0,"weekday":0},{"pair":"DOGE/USDT","stake_amount":321.8673,"max_stake_amount":321.8673,"amount":2498.0,"open_date":"2025-12-15 22:00:00+00:00","close_date":"2025-12-16 00:00:00+00:00","open_rate":0.12885,"close_rate":0.12975,"fee_open":0.001,"fee_close":0.001,"trade_duration":120,"profit_ratio":0.004972908348926975,"profit_abs":1.6022172,"exit_reason":"roi","initial_stop_loss_abs":0.12241,"initial_stop_loss_ratio":-0.05,"stop_loss_abs":0.12241,"stop_loss_ratio":-0.05,"min_rate":0.12824,"max_rate":0.13014,"is_open":false,"enter_tag":"","leverage":1.0,"is_short":false,"open_timestamp":1765836000000,"close_timestamp":1765843200000,"orders":[{"amount":2498.0,"safe_price":0.12885,"ft_order_side":"buy","order_filled_timestamp":1765836000000,"ft_is_entry":true,"ft_order_tag":"","cost":322.18916729999995},{"amount":2498.0,"safe_price":0.12975,"ft_order_side":"sell","order_filled_timestamp":1765843200000,"ft_is_entry":false,"ft_order_tag":"roi","cost":324.43961549999995}],"funding_fees":0.0,"weekday":1},{"pair":"DOGE/USDT","stake_amount":322.4515,"max_stake_amount":322.4515,"amount":2545.0,"open_date":"2025-12-17 23:00:00+00:00","close_date":"2025-12-18 13:00:00+00:00","open_rate":0.1267,"close_rate":0.12695365365365363,"fee_open":0.001,"fee_close":0.001,"trade_duration":840,"profit_ratio":0.0,"profit_abs":0.0,"exit_reason":"roi","initial_stop_loss_abs":0.12037,"initial_stop_loss_ratio":-0.05,"stop_loss_abs":0.12037,"stop_loss_ratio":-0.05,"min_rate":0.12385,"max_rate":0.12972,"is_open":false,"enter_tag":"","leverage":1.0,"is_short":false,"open_timestamp":1766012400000,"close_timestamp":1766062800000,"orders":[{"amount":2545.0,"safe_price":0.1267,"ft_order_side":"buy","order_filled_timestamp":1766012400000,"ft_is_entry":true,"ft_order_tag":"","cost":322.77395149999995},{"amount":2545.0,"safe_price":0.12695365365365363,"ft_order_side":"sell","order_filled_timestamp":1766062800000,"ft_is_entry":false,"ft_order_tag":"roi","cost":323.420145597097}],"funding_fees":0.0,"weekday":3},{"pair":"DOGE/USDT","stake_amount":322.44057,"max_stake_amount":322.44057,"amount":2617.0,"open_date":"2025-12-18 22:00:00+00:00","close_date":"2025-12-19 03:00:00+00:00","open_rate":0.12321,"close_rate":0.12345666666666665,"fee_open":0.001,"fee_close":0.001,"trade_duration":300,"profit_ratio":0.0,"profit_abs":0.0,"exit_reason":"roi","initial_stop_loss_abs":0.11705,"initial_stop_loss_ratio":-0.05,"stop_loss_abs":0.11705,"stop_loss_ratio":-0.05,"min_rate":0.12056,"max_rate":0.1263,"is_open":false,"enter_tag":"","leverage":1.0,"is_short":false,"open_timestamp":1766095200000,"close_timestamp":1766113200000,"orders":[{"amount":2617.0,"safe_price":0.12321,"ft_order_side":"buy","order_filled_timestamp":1766095200000,"ft_is_entry":true,"ft_order_tag":"","cost":322.76301056999995},{"amount":2617.0,"safe_price":0.12345666666666665,"ft_order_side":"sell","order_filled_timestamp":1766113200000,"ft_is_entry":false,"ft_order_tag":"roi","cost":323.40918276333326}],"funding_fees":0.0,"weekday":4},{"pair":"DOGE/USDT","stake_amount":322.41258,"max_stake_amount":322.41258,"amount":2478.0,"open_date":"2025-12-21 17:00:00+00:00","close_date":"2025-12-21 19:00:00+00:00","open_rate":0.13011,"close_rate":0.13037048048048047,"fee_open":0.001,"fee_close":0.001,"trade_duration":120,"profit_ratio":0.0,"profit_abs":0.0,"exit_reason":"roi","initial_stop_loss_abs":0.12361,"initial_stop_loss_ratio":-0.05,"stop_loss_abs":0.12361,"stop_loss_ratio":-0.05,"min_rate":0.12914,"max_rate":0.13057,"is_open":false,"enter_tag":"","leverage":1.0,"is_short":false,"open_timestamp":1766336400000,"close_timestamp":1766343600000,"orders":[{"amount":2478.0,"safe_price":0.13011,"ft_order_side":"buy","order_filled_timestamp":1766336400000,"ft_is_entry":true,"ft_order_tag":"","cost":322.73499258},{"amount":2478.0,"safe_price":0.13037048048048047,"ft_order_side":"sell","order_filled_timestamp":1766343600000,"ft_is_entry":false,"ft_order_tag":"roi","cost":323.3811086812612}],"funding_fees":0.0,"weekday":6},{"pair":"DOGE/USDT","stake_amount":322.4144,"max_stake_amount":322.4144,"amount":2464.0,"open_date":"2025-12-23 11:00:00+00:00","close_date":"2025-12-25 22:00:00+00:00","open_rate":0.13085,"close_rate":0.12431,"fee_open":0.001,"fee_close":0.001,"trade_duration":3540,"profit_ratio":-0.051879034225232164,"profit_abs":-16.74327424,"exit_reason":"stop_loss","initial_stop_loss_abs":0.12431,"initial_stop_loss_ratio":-0.05,"stop_loss_abs":0.12431,"stop_loss_ratio":-0.05,"min_rate":0.12319,"max_rate":0.1314,"is_open":false,"enter_tag":"","leverage":1.0,"is_short":false,"open_timestamp":1766487600000,"close_timestamp":1766700000000,"orders":[{"amount":2464.0,"safe_price":0.13085,"ft_order_side":"buy","order_filled_timestamp":1766487600000,"ft_is_entry":true,"ft_order_tag":"","cost":322.73681439999996},{"amount":2464.0,"safe_price":0.12431,"ft_order_side":"sell","order_filled_timestamp":1766700000000,"ft_is_entry":false,"ft_order_tag":"stop_loss","cost":306.60613983999997}],"funding_fees":0.0,"weekday":3},{"pair":"DOGE/USDT","stake_amount":316.86161,"max_stake_amount":316.86161,"amount":2509.0,"open_date":"2025-12-26 03:00:00+00:00","close_date":"2025-12-26 07:00:00+00:00","open_rate":0.12629,"close_rate":0.12654283283283282,"fee_open":0.001,"fee_close":0.001,"trade_duration":240,"profit_ratio":0.0,"profit_abs":0.0,"exit_reason":"roi","initial_stop_loss_abs":0.11998,"initial_stop_loss_ratio":-0.05,"stop_loss_abs":0.11998,"stop_loss_ratio":-0.05,"min_rate":0.12522,"max_rate":0.12669,"is_open":false,"enter_tag":"","leverage":1.0,"is_short":false,"open_timestamp":1766718000000,"close_timestamp":1766732400000,"orders":[{"amount":2509.0,"safe_price":0.12629,"ft_order_side":"buy","order_filled_timestamp":1766718000000,"ft_is_entry":true,"ft_order_tag":"","cost":317.17847161000003},{"amount":2509.0,"safe_price":0.12654283283283282,"ft_order_side":"sell","order_filled_timestamp":1766732400000,"ft_is_entry":false,"ft_order_tag":"roi","cost":317.8134635451551}],"funding_fees":0.0,"weekday":4},{"pair":"DOGE/USDT","stake_amount":316.9014,"max_stake_amount":316.9014,"amount":2595.0,"open_date":"2025-12-26 20:00:00+00:00","close_date":"2025-12-27 00:00:00+00:00","open_rate":0.12212,"close_rate":0.12236448448448448,"fee_open":0.001,"fee_close":0.001,"trade_duration":240,"profit_ratio":0.0,"profit_abs":0.0,"exit_reason":"roi","initial_stop_loss_abs":0.11602,"initial_stop_loss_ratio":-0.05,"stop_loss_abs":0.11602,"stop_loss_ratio":-0.05,"min_rate":0.12165,"max_rate":0.12262,"is_open":false,"enter_tag":"","leverage":1.0,"is_short":false,"open_timestamp":1766779200000,"close_timestamp":1766793600000,"orders":[{"amount":2595.0,"safe_price":0.12212,"ft_order_side":"buy","order_filled_timestamp":1766779200000,"ft_is_entry":true,"ft_order_tag":"","cost":317.2183014},{"amount":2595.0,"safe_price":0.12236448448448448,"ft_order_side":"sell","order_filled_timestamp":1766793600000,"ft_is_entry":false,"ft_order_tag":"roi","cost":317.8533730744744}],"funding_fees":0.0,"weekday":5},{"pair":"DOGE/USDT","stake_amount":316.96572,"max_stake_amount":316.96572,"amount":2557.0,"open_date":"2025-12-28 23:00:00+00:00","close_date":"2025-12-29 01:00:00+00:00","open_rate":0.12396,"close_rate":0.12514,"fee_open":0.001,"fee_close":0.001,"trade_duration":120,"profit_ratio":0.007502178363746611,"profit_abs":2.3803113,"exit_reason":"roi","initial_stop_loss_abs":0.11777,"initial_stop_loss_ratio":-0.05,"stop_loss_abs":0.11777,"stop_loss_ratio":-0.05,"min_rate":0.12324,"max_rate":0.12604,"is_open":false,"enter_tag":"","leverage":1.0,"is_short":false,"open_timestamp":1766962800000,"close_timestamp":1766970000000,"orders":[{"amount":2557.0,"safe_price":0.12396,"ft_order_side":"buy","order_filled_timestamp":1766962800000,"ft_is_entry":true,"ft_order_tag":"","cost":317.28268571999996},{"amount":2557.0,"safe_price":0.12514,"ft_order_side":"sell","order_filled_timestamp":1766970000000,"ft_is_entry":false,"ft_order_tag":"roi","cost":320.30296297999996}],"funding_fees":0.0,"weekday":0},{"pair":"DOGE/USDT","stake_amount":317.72235,"max_stake_amount":317.72235,"amount":2585.0,"open_date":"2025-12-29 22:00:00+00:00","close_date":"2025-12-30 03:00:00+00:00","open_rate":0.12291,"close_rate":0.12315606606606606,"fee_open":0.001,"fee_close":0.001,"trade_duration":300,"profit_ratio":0.0,"profit_abs":0.0,"exit_reason":"roi","initial_stop_loss_abs":0.11677,"initial_stop_loss_ratio":-0.05,"stop_loss_abs":0.11677,"stop_loss_ratio":-0.05,"min_rate":0.12238,"max_rate":0.12374,"is_open":false,"enter_tag":"","leverage":1.0,"is_short":false,"open_timestamp":1767045600000,"close_timestamp":1767063600000,"orders":[{"amount":2585.0,"safe_price":0.12291,"ft_order_side":"buy","order_filled_timestamp":1767045600000,"ft_is_entry":true,"ft_order_tag":"","cost":318.04007234999995},{"amount":2585.0,"safe_price":0.12315606606606606,"ft_order_side":"sell","order_filled_timestamp":1767063600000,"ft_is_entry":false,"ft_order_tag":"roi","cost":318.6767892115615}],"funding_fees":0.0,"weekday":1},{"pair":"DOGE/USDT","stake_amount":317.7496,"max_stake_amount":317.7496,"amount":2576.0,"open_date":"2025-12-31 00:00:00+00:00","close_date":"2025-12-31 02:00:00+00:00","open_rate":0.12335,"close_rate":0.12359694694694692,"fee_open":0.001,"fee_close":0.001,"trade_duration":120,"profit_ratio":0.0,"profit_abs":0.0,"exit_reason":"roi","initial_stop_loss_abs":0.11719,"initial_stop_loss_ratio":-0.05,"stop_loss_abs":0.11719,"stop_loss_ratio":-0.05,"min_rate":0.12291,"max_rate":0.12376,"is_open":false,"enter_tag":"","leverage":1.0,"is_short":false,"open_timestamp":1767139200000,"close_timestamp":1767146400000,"orders":[{"amount":2576.0,"safe_price":0.12335,"ft_order_side":"buy","order_filled_timestamp":1767139200000,"ft_is_entry":true,"ft_order_tag":"","cost":318.06734959999994},{"amount":2576.0,"safe_price":0.12359694694694692,"ft_order_side":"sell","order_filled_timestamp":1767146400000,"ft_is_entry":false,"ft_order_tag":"roi","cost":318.70412107067057}],"funding_fees":0.0,"weekday":2},{"pair":"DOGE/USDT","stake_amount":317.7528,"max_stake_amount":317.7528,"amount":2580.0,"open_date":"2025-12-31 06:00:00+00:00","close_date":"2025-12-31 08:00:00+00:00","open_rate":0.12316,"close_rate":0.12340656656656655,"fee_open":0.001,"fee_close":0.001,"trade_duration":120,"profit_ratio":0.0,"profit_abs":0.0,"exit_reason":"roi","initial_stop_loss_abs":0.11701,"initial_stop_loss_ratio":-0.05,"stop_loss_abs":0.11701,"stop_loss_ratio":-0.05,"min_rate":0.12289,"max_rate":0.1237,"is_open":false,"enter_tag":"","leverage":1.0,"is_short":false,"open_timestamp":1767160800000,"close_timestamp":1767168000000,"orders":[{"amount":2580.0,"safe_price":0.12316,"ft_order_side":"buy","order_filled_timestamp":1767160800000,"ft_is_entry":true,"ft_order_tag":"","cost":318.0705528},{"amount":2580.0,"safe_price":0.12340656656656655,"ft_order_side":"sell","order_filled_timestamp":1767168000000,"ft_is_entry":false,"ft_order_tag":"roi","cost":318.7073306834834}],"funding_fees":0.0,"weekday":2},{"pair":"DOGE/USDT","stake_amount":317.736,"max_stake_amount":317.736,"amount":2700.0,"open_date":"2025-12-31 23:00:00+00:00","close_date":"2026-01-01 01:00:00+00:00","open_rate":0.11768,"close_rate":0.11793,"fee_open":0.001,"fee_close":0.001,"trade_duration":120,"profit_ratio":0.00012215860278402767,"profit_abs":0.038853,"exit_reason":"roi","initial_stop_loss_abs":0.1118,"initial_stop_loss_ratio":-0.05,"stop_loss_abs":0.1118,"stop_loss_ratio":-0.05,"min_rate":0.11731,"max_rate":0.11867,"is_open":false,"enter_tag":"","leverage":1.0,"is_short":false,"open_timestamp":1767222000000,"close_timestamp":1767229200000,"orders":[{"amount":2700.0,"safe_price":0.11768,"ft_order_side":"buy","order_filled_timestamp":1767222000000,"ft_is_entry":true,"ft_order_tag":"","cost":318.05373599999996},{"amount":2700.0,"safe_price":0.11793,"ft_order_side":"sell","order_filled_timestamp":1767229200000,"ft_is_entry":false,"ft_order_tag":"roi","cost":318.72941099999997}],"funding_fees":0.0,"weekday":3},{"pair":"DOGE/USDT","stake_amount":317.65689,"max_stake_amount":317.65689,"amount":2143.0,"open_date":"2026-01-05 15:00:00+00:00","close_date":"2026-01-05 17:00:00+00:00","open_rate":0.14823,"close_rate":0.15047,"fee_open":0.001,"fee_close":0.001,"trade_duration":120,"profit_ratio":0.013083455706406526,"profit_abs":4.1602059,"exit_reason":"roi","initial_stop_loss_abs":0.14082,"initial_stop_loss_ratio":-0.05,"stop_loss_abs":0.14082,"stop_loss_ratio":-0.05,"min_rate":0.14648,"max_rate":0.15386,"is_open":false,"enter_tag":"","leverage":1.0,"is_short":false,"open_timestamp":1767625200000,"close_timestamp":1767632400000,"orders":[{"amount":2143.0,"safe_price":0.14823,"ft_order_side":"buy","order_filled_timestamp":1767625200000,"ft_is_entry":true,"ft_order_tag":"","cost":317.97454688999994},{"amount":2143.0,"safe_price":0.15047,"ft_order_side":"sell","order_filled_timestamp":1767632400000,"ft_is_entry":false,"ft_order_tag":"roi","cost":322.77966720999996}],"funding_fees":0.0,"weekday":0}],"locks":[],"best_pair":{"key":"DOGE/USDT","trades":52,"profit_mean":-0.0019078173186942633,"profit_mean_pct":-0.19,"profit_total_abs":-32.86207045,"profit_total":-0.032862070449999996,"profit_total_pct":-3.29,"duration_avg":"6:02:00","wins":20,"draws":28,"losses":4,"winrate":0.38461538461538464,"cagr":-0.11815033389762808,"expectancy":-0.6319628932692309,"expectancy_ratio":-0.5756012511836573,"sortino":-35.36542789256713,"sharpe":-1.322346011681254,"calmar":-14.58419911681158,"sqn":-0.922,"profit_factor":0.5171837346124547,"max_drawdown_account":0.044379973160276934,"max_drawdown_abs":44.60932367},"worst_pair":{"key":"DOGE/USDT","trades":52,"profit_mean":-0.0019078173186942633,"profit_mean_pct":-0.19,"profit_total_abs":-32.86207045,"profit_total":-0.032862070449999996,"profit_total_pct":-3.29,"duration_avg":"6:02:00","wins":20,"draws":28,"losses":4,"winrate":0.38461538461538464,"cagr":-0.11815033389762808,"expectancy":-0.6319628932692309,"expectancy_ratio":-0.5756012511836573,"sortino":-35.36542789256713,"sharpe":-1.322346011681254,"calmar":-14.58419911681158,"sqn":-0.922,"profit_factor":0.5171837346124547,"max_drawdown_account":0.044379973160276934,"max_drawdown_abs":44.60932367},"results_per_pair":[{"key":"DOGE/USDT","trades":52,"profit_mean":-0.0019078173186942633,"profit_mean_pct":-0.19,"profit_total_abs":-32.86207045,"profit_total":-0.032862070449999996,"profit_total_pct":-3.29,"duration_avg":"6:02:00","wins":20,"draws":28,"losses":4,"winrate":0.38461538461538464,"cagr":-0.11815033389762808,"expectancy":-0.6319628932692309,"expectancy_ratio":-0.5756012511836573,"sortino":-35.36542789256713,"sharpe":-1.322346011681254,"calmar":-14.58419911681158,"sqn":-0.922,"profit_factor":0.5171837346124547,"max_drawdown_account":0.044379973160276934,"max_drawdown_abs":44.60932367},{"key":"TOTAL","trades":52,"profit_mean":-0.0019078173186942633,"profit_mean_pct":-0.19,"profit_total_abs":-32.86207045,"profit_total":-0.032862070449999996,"profit_total_pct":-3.29,"duration_avg":"6:02:00","wins":20,"draws":28,"losses":4,"winrate":0.38461538461538464,"cagr":-0.11815033389762808,"expectancy":-0.6319628932692309,"expectancy_ratio":-0.5756012511836573,"sortino":-35.36542789256713,"sharpe":-1.322346011681254,"calmar":-14.58419911681158,"sqn":-0.922,"profit_factor":0.5171837346124547,"max_drawdown_account":0.044379973160276934,"max_drawdown_abs":44.60932367}],"results_per_enter_tag":[{"key":"","trades":52,"profit_mean":-0.0019078173186942633,"profit_mean_pct":-0.19,"profit_total_abs":-32.86207045,"profit_total":-0.032862070449999996,"profit_total_pct":-3.29,"duration_avg":"6:02:00","wins":20,"draws":28,"losses":4,"winrate":0.38461538461538464,"cagr":-0.11815033389762808,"expectancy":-0.6319628932692309,"expectancy_ratio":-0.5756012511836573,"sortino":-35.36542789256713,"sharpe":-1.322346011681254,"calmar":-14.58419911681158,"sqn":-0.922,"profit_factor":0.5171837346124547,"max_drawdown_account":0.044379973160276934,"max_drawdown_abs":44.60932367},{"key":"TOTAL","trades":52,"profit_mean":-0.0019078173186942633,"profit_mean_pct":-0.19,"profit_total_abs":-32.86207045,"profit_total":-0.032862070449999996,"profit_total_pct":-3.29,"duration_avg":"6:02:00","wins":20,"draws":28,"losses":4,"winrate":0.38461538461538464,"cagr":-0.11815033389762808,"expectancy":-0.6319628932692309,"expectancy_ratio":-0.5756012511836573,"sortino":-35.36542789256713,"sharpe":-1.322346011681254,"calmar":-14.58419911681158,"sqn":-0.922,"profit_factor":0.5171837346124547,"max_drawdown_account":0.044379973160276934,"max_drawdown_abs":44.60932367}],"exit_reason_summary":[{"key":"roi","trades":48,"profit_mean":0.002257221812451353,"profit_mean_pct":0.23,"profit_total_abs":35.201233970000004,"profit_total":0.03520123397,"profit_total_pct":3.52,"duration_avg":"4:20:00","wins":20,"draws":28,"losses":0,"winrate":0.4166666666666667,"cagr":0.13903363070165042,"expectancy":0.7333590410416667,"expectancy_ratio":100.0,"sortino":-100,"sharpe":5.289169926916885,"calmar":-100,"sqn":3.8355,"profit_factor":0.0,"max_drawdown_account":0.0,"max_drawdown_abs":0.0},{"key":"stop_loss","trades":4,"profit_mean":-0.05188828689244166,"profit_mean_pct":-5.19,"profit_total_abs":-68.06330442000001,"profit_total":-0.06806330442000001,"profit_total_pct":-6.81,"duration_avg":"1 day, 2:30:00","wins":0,"draws":0,"losses":4,"winrate":0.0,"cagr":-0.23298378962900013,"expectancy":-17.015826105000002,"expectancy_ratio":-1.0,"sortino":-73.24821143749192,"sharpe":-73.24821143749192,"calmar":-19.69584863354928,"sqn":-161.036,"profit_factor":0.0,"max_drawdown_account":0.06806330442000001,"max_drawdown_abs":68.06330442000001},{"key":"TOTAL","trades":52,"profit_mean":-0.0019078173186942633,"profit_mean_pct":-0.19,"profit_total_abs":-32.86207045,"profit_total":-0.032862070449999996,"profit_total_pct":-3.29,"duration_avg":"6:02:00","wins":20,"draws":28,"losses":4,"winrate":0.38461538461538464,"cagr":-0.11815033389762808,"expectancy":-0.6319628932692309,"expectancy_ratio":-0.5756012511836573,"sortino":-35.36542789256713,"sharpe":-1.322346011681254,"calmar":-14.58419911681158,"sqn":-0.922,"profit_factor":0.5171837346124547,"max_drawdown_account":0.044379973160276934,"max_drawdown_abs":44.60932367}],"mix_tag_stats":[{"key":["","roi"],"trades":48,"profit_mean":0.002257221812451353,"profit_mean_pct":0.23,"profit_total_abs":35.201233970000004,"profit_total":0.03520123397,"profit_total_pct":3.52,"duration_avg":"4:20:00","wins":20,"draws":28,"losses":0,"winrate":0.4166666666666667,"cagr":0.13903363070165042,"expectancy":0.7333590410416667,"expectancy_ratio":100.0,"sortino":-100,"sharpe":5.289169926916885,"calmar":-100,"sqn":3.8355,"profit_factor":0.0,"max_drawdown_account":0.0,"max_drawdown_abs":0.0},{"key":["","stop_loss"],"trades":4,"profit_mean":-0.05188828689244166,"profit_mean_pct":-5.19,"profit_total_abs":-68.06330442000001,"profit_total":-0.06806330442000001,"profit_total_pct":-6.81,"duration_avg":"1 day, 2:30:00","wins":0,"draws":0,"losses":4,"winrate":0.0,"cagr":-0.23298378962900013,"expectancy":-17.015826105000002,"expectancy_ratio":-1.0,"sortino":-73.24821143749192,"sharpe":-73.24821143749192,"calmar":-19.69584863354928,"sqn":-161.036,"profit_factor":0.0,"max_drawdown_account":0.06806330442000001,"max_drawdown_abs":68.06330442000001},{"key":"TOTAL","trades":52,"profit_mean":-0.0019078173186942633,"profit_mean_pct":-0.19,"profit_total_abs":-32.86207045,"profit_total":-0.032862070449999996,"profit_total_pct":-3.29,"duration_avg":"6:02:00","wins":20,"draws":28,"losses":4,"winrate":0.38461538461538464,"cagr":-0.11815033389762808,"expectancy":-0.6319628932692309,"expectancy_ratio":-0.5756012511836573,"sortino":-35.36542789256713,"sharpe":-1.322346011681254,"calmar":-14.58419911681158,"sqn":-0.922,"profit_factor":0.5171837346124547,"max_drawdown_account":0.044379973160276934,"max_drawdown_abs":44.60932367}],"left_open_trades":[{"key":"TOTAL","trades":0,"profit_mean":0.0,"profit_mean_pct":0.0,"profit_total_abs":0.0,"profit_total":0.0,"profit_total_pct":0.0,"duration_avg":"0:00","wins":0,"draws":0,"losses":0,"winrate":0.0,"cagr":0.0,"expectancy":0.0,"expectancy_ratio":100.0,"sortino":0,"sharpe":0,"calmar":0,"sqn":0.0,"profit_factor":0.0,"max_drawdown_account":0.0,"max_drawdown_abs":0.0}],"total_trades":52,"trade_count_long":52,"trade_count_short":0,"total_volume":33820.869073533075,"avg_stake_amount":324.86689403846145,"profit_mean":-0.0019078173186942633,"profit_median":0.0,"profit_total":-0.032862070449999996,"profit_total_long":-0.032862070449999996,"profit_total_short":0.0,"profit_total_abs":-32.86207045,"profit_total_long_abs":-32.86207045,"profit_total_short_abs":0.0,"cagr":-0.11815033389762808,"expectancy":-0.6319628932692309,"expectancy_ratio":-0.5756012511836573,"sortino":-35.36542789256713,"sharpe":-1.322346011681254,"calmar":-14.58419911681158,"sqn":-0.922,"profit_factor":0.5171837346124547,"backtest_start":"2025-10-01 00:00:00","backtest_start_ts":1759276800000,"backtest_end":"2026-01-06 20:00:00","backtest_end_ts":1767729600000,"backtest_days":97,"backtest_run_start_ts":1767749254,"backtest_run_end_ts":1767749255,"trades_per_day":0.54,"market_change":-0.36632086436227446,"pairlist":["DOGE/USDT"],"stake_amount":"unlimited","stake_currency":"USDT","stake_currency_decimals":3,"starting_balance":1000,"dry_run_wallet":1000,"final_balance":967.13792955,"rejected_signals":0,"timedout_entry_orders":0,"timedout_exit_orders":0,"canceled_trade_entries":0,"canceled_entry_orders":0,"replaced_entry_orders":0,"max_open_trades":1,"max_open_trades_setting":3,"timeframe":"1h","timeframe_detail":"","timerange":"20251001-","enable_protections":false,"strategy_name":"ACO_22_1","freqaimodel":null,"freqai_identifier":null,"stoploss":-0.05,"trailing_stop":false,"trailing_stop_positive":null,"trailing_stop_positive_offset":0.0,"trailing_only_offset_is_reached":false,"use_custom_stoploss":false,"minimal_roi":{"0":0.1,"60":0.05,"120":0.0},"use_exit_signal":true,"exit_profit_only":false,"exit_profit_offset":0.0,"ignore_roi_if_entry_signal":false,"trading_mode":"spot","margin_mode":"","periodic_breakdown":{"day":[{"date":"05/10/2025","date_ts":1759622400000,"profit_abs":0.0,"wins":0,"draws":1,"losses":0,"trades":1,"profit_factor":0.0},{"date":"06/10/2025","date_ts":1759708800000,"profit_abs":0.0,"wins":0,"draws":1,"losses":0,"trades":1,"profit_factor":0.0},{"date":"07/10/2025","date_ts":1759795200000,"profit_abs":0.0,"wins":0,"draws":0,"losses":0,"trades":0,"profit_factor":0.0},{"date":"08/10/2025","date_ts":1759881600000,"profit_abs":0.0,"wins":0,"draws":1,"losses":0,"trades":1,"profit_factor":0.0},{"date":"09/10/2025","date_ts":1759968000000,"profit_abs":0.0,"wins":0,"draws":1,"losses":0,"trades":1,"profit_factor":0.0},{"date":"10/10/2025","date_ts":1760054400000,"profit_abs":0.0,"wins":0,"draws":0,"losses":0,"trades":0,"profit_factor":0.0},{"date":"11/10/2025","date_ts":1760140800000,"profit_abs":0.0,"wins":0,"draws":0,"losses":0,"trades":0,"profit_factor":0.0},{"date":"12/10/2025","date_ts":1760227200000,"profit_abs":0.0,"wins":0,"draws":0,"losses":0,"trades":0,"profit_factor":0.0},{"date":"13/10/2025","date_ts":1760313600000,"profit_abs":0.0,"wins":0,"draws":0,"losses":0,"trades":0,"profit_factor":0.0},{"date":"14/10/2025","date_ts":1760400000000,"profit_abs":0.0,"wins":0,"draws":1,"losses":0,"trades":1,"profit_factor":0.0},{"date":"15/10/2025","date_ts":1760486400000,"profit_abs":0.0,"wins":0,"draws":0,"losses":0,"trades":0,"profit_factor":0.0},{"date":"16/10/2025","date_ts":1760572800000,"profit_abs":2.48066851,"wins":1,"draws":0,"losses":0,"trades":1,"profit_factor":0.0},{"date":"17/10/2025","date_ts":1760659200000,"profit_abs":1.76007494,"wins":2,"draws":0,"losses":0,"trades":2,"profit_factor":0.0},{"date":"18/10/2025","date_ts":1760745600000,"profit_abs":0.0,"wins":0,"draws":0,"losses":0,"trades":0,"profit_factor":0.0},{"date":"19/10/2025","date_ts":1760832000000,"profit_abs":0.0,"wins":0,"draws":0,"losses":0,"trades":0,"profit_factor":0.0},{"date":"20/10/2025","date_ts":1760918400000,"profit_abs":0.0,"wins":0,"draws":0,"losses":0,"trades":0,"profit_factor":0.0},{"date":"21/10/2025","date_ts":1761004800000,"profit_abs":0.92713957,"wins":1,"draws":0,"losses":0,"trades":1,"profit_factor":0.0},{"date":"22/10/2025","date_ts":1761091200000,"profit_abs":-17.22413788,"wins":0,"draws":0,"losses":1,"trades":1,"profit_factor":0.0},{"date":"23/10/2025","date_ts":1761177600000,"profit_abs":0.0,"wins":0,"draws":0,"losses":0,"trades":0,"profit_factor":0.0},{"date":"24/10/2025","date_ts":1761264000000,"profit_abs":0.0,"wins":0,"draws":0,"losses":0,"trades":0,"profit_factor":0.0},{"date":"25/10/2025","date_ts":1761350400000,"profit_abs":0.0,"wins":0,"draws":0,"losses":0,"trades":0,"profit_factor":0.0},{"date":"26/10/2025","date_ts":1761436800000,"profit_abs":0.1970045,"wins":1,"draws":0,"losses":0,"trades":1,"profit_factor":0.0},{"date":"27/10/2025","date_ts":1761523200000,"profit_abs":0.0,"wins":0,"draws":0,"losses":0,"trades":0,"profit_factor":0.0},{"date":"28/10/2025","date_ts":1761609600000,"profit_abs":0.0,"wins":0,"draws":1,"losses":0,"trades":1,"profit_factor":0.0},{"date":"29/10/2025","date_ts":1761696000000,"profit_abs":0.0,"wins":0,"draws":0,"losses":0,"trades":0,"profit_factor":0.0},{"date":"30/10/2025","date_ts":1761782400000,"profit_abs":1.36176392,"wins":1,"draws":0,"losses":0,"trades":1,"profit_factor":0.0},{"date":"31/10/2025","date_ts":1761868800000,"profit_abs":0.0,"wins":0,"draws":0,"losses":0,"trades":0,"profit_factor":0.0},{"date":"01/11/2025","date_ts":1761955200000,"profit_abs":0.0,"wins":0,"draws":0,"losses":0,"trades":0,"profit_factor":0.0},{"date":"02/11/2025","date_ts":1762041600000,"profit_abs":0.0,"wins":0,"draws":0,"losses":0,"trades":0,"profit_factor":0.0},{"date":"03/11/2025","date_ts":1762128000000,"profit_abs":0.0,"wins":0,"draws":1,"losses":0,"trades":1,"profit_factor":0.0},{"date":"04/11/2025","date_ts":1762214400000,"profit_abs":0.0,"wins":0,"draws":0,"losses":0,"trades":0,"profit_factor":0.0},{"date":"05/11/2025","date_ts":1762300800000,"profit_abs":0.0,"wins":0,"draws":0,"losses":0,"trades":0,"profit_factor":0.0},{"date":"06/11/2025","date_ts":1762387200000,"profit_abs":0.0,"wins":0,"draws":0,"losses":0,"trades":0,"profit_factor":0.0},{"date":"07/11/2025","date_ts":1762473600000,"profit_abs":0.0,"wins":0,"draws":1,"losses":0,"trades":1,"profit_factor":0.0},{"date":"08/11/2025","date_ts":1762560000000,"profit_abs":0.08990124,"wins":1,"draws":0,"losses":0,"trades":1,"profit_factor":0.0},{"date":"09/11/2025","date_ts":1762646400000,"profit_abs":1.58901158,"wins":1,"draws":0,"losses":0,"trades":1,"profit_factor":0.0},{"date":"10/11/2025","date_ts":1762732800000,"profit_abs":0.0,"wins":0,"draws":0,"losses":0,"trades":0,"profit_factor":0.0},{"date":"11/11/2025","date_ts":1762819200000,"profit_abs":0.0,"wins":0,"draws":1,"losses":0,"trades":1,"profit_factor":0.0},{"date":"12/11/2025","date_ts":1762905600000,"profit_abs":0.495803,"wins":1,"draws":1,"losses":0,"trades":2,"profit_factor":0.0},{"date":"13/11/2025","date_ts":1762992000000,"profit_abs":0.0,"wins":0,"draws":0,"losses":0,"trades":0,"profit_factor":0.0},{"date":"14/11/2025","date_ts":1763078400000,"profit_abs":0.0,"wins":0,"draws":1,"losses":0,"trades":1,"profit_factor":0.0},{"date":"15/11/2025","date_ts":1763164800000,"profit_abs":0.0,"wins":0,"draws":0,"losses":0,"trades":0,"profit_factor":0.0},{"date":"16/11/2025","date_ts":1763251200000,"profit_abs":2.66704959,"wins":1,"draws":0,"losses":0,"trades":1,"profit_factor":0.0},{"date":"17/11/2025","date_ts":1763337600000,"profit_abs":0.0,"wins":0,"draws":0,"losses":0,"trades":0,"profit_factor":0.0},{"date":"18/11/2025","date_ts":1763424000000,"profit_abs":0.0,"wins":0,"draws":1,"losses":0,"trades":1,"profit_factor":0.0},{"date":"19/11/2025","date_ts":1763510400000,"profit_abs":5.33570745,"wins":1,"draws":0,"losses":0,"trades":1,"profit_factor":0.0},{"date":"20/11/2025","date_ts":1763596800000,"profit_abs":0.0,"wins":0,"draws":0,"losses":0,"trades":0,"profit_factor":0.0},{"date":"21/11/2025","date_ts":1763683200000,"profit_abs":-12.13812264,"wins":1,"draws":0,"losses":1,"trades":2,"profit_factor":0.29150746},{"date":"22/11/2025","date_ts":1763769600000,"profit_abs":0.0,"wins":0,"draws":0,"losses":0,"trades":0,"profit_factor":0.0},{"date":"23/11/2025","date_ts":1763856000000,"profit_abs":0.0,"wins":0,"draws":0,"losses":0,"trades":0,"profit_factor":0.0},{"date":"24/11/2025","date_ts":1763942400000,"profit_abs":0.0,"wins":0,"draws":0,"losses":0,"trades":0,"profit_factor":0.0},{"date":"25/11/2025","date_ts":1764028800000,"profit_abs":0.0,"wins":0,"draws":0,"losses":0,"trades":0,"profit_factor":0.0},{"date":"26/11/2025","date_ts":1764115200000,"profit_abs":0.0,"wins":0,"draws":0,"losses":0,"trades":0,"profit_factor":0.0},{"date":"27/11/2025","date_ts":1764201600000,"profit_abs":0.0,"wins":0,"draws":0,"losses":0,"trades":0,"profit_factor":0.0},{"date":"28/11/2025","date_ts":1764288000000,"profit_abs":0.0,"wins":0,"draws":2,"losses":0,"trades":2,"profit_factor":0.0},{"date":"29/11/2025","date_ts":1764374400000,"profit_abs":0.0,"wins":0,"draws":1,"losses":0,"trades":1,"profit_factor":0.0},{"date":"30/11/2025","date_ts":1764460800000,"profit_abs":0.0,"wins":0,"draws":1,"losses":0,"trades":1,"profit_factor":0.0},{"date":"01/12/2025","date_ts":1764547200000,"profit_abs":2.19032988,"wins":2,"draws":0,"losses":0,"trades":2,"profit_factor":0.0},{"date":"02/12/2025","date_ts":1764633600000,"profit_abs":0.0,"wins":0,"draws":0,"losses":0,"trades":0,"profit_factor":0.0},{"date":"03/12/2025","date_ts":1764720000000,"profit_abs":0.0,"wins":0,"draws":0,"losses":0,"trades":0,"profit_factor":0.0},{"date":"04/12/2025","date_ts":1764806400000,"profit_abs":0.0,"wins":0,"draws":0,"losses":0,"trades":0,"profit_factor":0.0},{"date":"05/12/2025","date_ts":1764892800000,"profit_abs":-16.96356982,"wins":0,"draws":1,"losses":1,"trades":2,"profit_factor":0.0},{"date":"06/12/2025","date_ts":1764979200000,"profit_abs":0.0,"wins":0,"draws":0,"losses":0,"trades":0,"profit_factor":0.0},{"date":"07/12/2025","date_ts":1765065600000,"profit_abs":0.0,"wins":0,"draws":1,"losses":0,"trades":1,"profit_factor":0.0},{"date":"08/12/2025","date_ts":1765152000000,"profit_abs":0.0,"wins":0,"draws":0,"losses":0,"trades":0,"profit_factor":0.0},{"date":"09/12/2025","date_ts":1765238400000,"profit_abs":0.0,"wins":0,"draws":1,"losses":0,"trades":1,"profit_factor":0.0},{"date":"10/12/2025","date_ts":1765324800000,"profit_abs":1.73184,"wins":1,"draws":0,"losses":0,"trades":1,"profit_factor":0.0},{"date":"11/12/2025","date_ts":1765411200000,"profit_abs":0.0,"wins":0,"draws":1,"losses":0,"trades":1,"profit_factor":0.0},{"date":"12/12/2025","date_ts":1765497600000,"profit_abs":0.0,"wins":0,"draws":0,"losses":0,"trades":0,"profit_factor":0.0},{"date":"13/12/2025","date_ts":1765584000000,"profit_abs":0.0,"wins":0,"draws":0,"losses":0,"trades":0,"profit_factor":0.0},{"date":"14/12/2025","date_ts":1765670400000,"profit_abs":0.0,"wins":0,"draws":0,"losses":0,"trades":0,"profit_factor":0.0},{"date":"15/12/2025","date_ts":1765756800000,"profit_abs":1.19915255,"wins":1,"draws":0,"losses":0,"trades":1,"profit_factor":0.0},{"date":"16/12/2025","date_ts":1765843200000,"profit_abs":1.6022172,"wins":1,"draws":0,"losses":0,"trades":1,"profit_factor":0.0},{"date":"17/12/2025","date_ts":1765929600000,"profit_abs":0.0,"wins":0,"draws":0,"losses":0,"trades":0,"profit_factor":0.0},{"date":"18/12/2025","date_ts":1766016000000,"profit_abs":0.0,"wins":0,"draws":1,"losses":0,"trades":1,"profit_factor":0.0},{"date":"19/12/2025","date_ts":1766102400000,"profit_abs":0.0,"wins":0,"draws":1,"losses":0,"trades":1,"profit_factor":0.0},{"date":"20/12/2025","date_ts":1766188800000,"profit_abs":0.0,"wins":0,"draws":0,"losses":0,"trades":0,"profit_factor":0.0},{"date":"21/12/2025","date_ts":1766275200000,"profit_abs":0.0,"wins":0,"draws":1,"losses":0,"trades":1,"profit_factor":0.0},{"date":"22/12/2025","date_ts":1766361600000,"profit_abs":0.0,"wins":0,"draws":0,"losses":0,"trades":0,"profit_factor":0.0},{"date":"23/12/2025","date_ts":1766448000000,"profit_abs":0.0,"wins":0,"draws":0,"losses":0,"trades":0,"profit_factor":0.0},{"date":"24/12/2025","date_ts":1766534400000,"profit_abs":0.0,"wins":0,"draws":0,"losses":0,"trades":0,"profit_factor":0.0},{"date":"25/12/2025","date_ts":1766620800000,"profit_abs":-16.74327424,"wins":0,"draws":0,"losses":1,"trades":1,"profit_factor":0.0},{"date":"26/12/2025","date_ts":1766707200000,"profit_abs":0.0,"wins":0,"draws":1,"losses":0,"trades":1,"profit_factor":0.0},{"date":"27/12/2025","date_ts":1766793600000,"profit_abs":0.0,"wins":0,"draws":1,"losses":0,"trades":1,"profit_factor":0.0},{"date":"28/12/2025","date_ts":1766880000000,"profit_abs":0.0,"wins":0,"draws":0,"losses":0,"trades":0,"profit_factor":0.0},{"date":"29/12/2025","date_ts":1766966400000,"profit_abs":2.3803113,"wins":1,"draws":0,"losses":0,"trades":1,"profit_factor":0.0},{"date":"30/12/2025","date_ts":1767052800000,"profit_abs":0.0,"wins":0,"draws":1,"losses":0,"trades":1,"profit_factor":0.0},{"date":"31/12/2025","date_ts":1767139200000,"profit_abs":0.0,"wins":0,"draws":2,"losses":0,"trades":2,"profit_factor":0.0},{"date":"01/01/2026","date_ts":1767225600000,"profit_abs":0.038853,"wins":1,"draws":0,"losses":0,"trades":1,"profit_factor":0.0},{"date":"02/01/2026","date_ts":1767312000000,"profit_abs":0.0,"wins":0,"draws":0,"losses":0,"trades":0,"profit_factor":0.0},{"date":"03/01/2026","date_ts":1767398400000,"profit_abs":0.0,"wins":0,"draws":0,"losses":0,"trades":0,"profit_factor":0.0},{"date":"04/01/2026","date_ts":1767484800000,"profit_abs":0.0,"wins":0,"draws":0,"losses":0,"trades":0,"profit_factor":0.0},{"date":"05/01/2026","date_ts":1767571200000,"profit_abs":4.1602059,"wins":1,"draws":0,"losses":0,"trades":1,"profit_factor":0.0}],"week":[{"date":"06/10/2025","date_ts":1759708800000,"profit_abs":0.0,"wins":0,"draws":2,"losses":0,"trades":2,"profit_factor":0.0},{"date":"13/10/2025","date_ts":1760313600000,"profit_abs":0.0,"wins":0,"draws":2,"losses":0,"trades":2,"profit_factor":0.0},{"date":"20/10/2025","date_ts":1760918400000,"profit_abs":4.24074345,"wins":3,"draws":1,"losses":0,"trades":4,"profit_factor":0.0},{"date":"27/10/2025","date_ts":1761523200000,"profit_abs":-16.09999381,"wins":2,"draws":0,"losses":1,"trades":3,"profit_factor":0.06526562},{"date":"03/11/2025","date_ts":1762128000000,"profit_abs":1.36176392,"wins":1,"draws":2,"losses":0,"trades":3,"profit_factor":0.0},{"date":"10/11/2025","date_ts":1762732800000,"profit_abs":1.67891282,"wins":2,"draws":1,"losses":0,"trades":3,"profit_factor":0.0},{"date":"17/11/2025","date_ts":1763337600000,"profit_abs":3.16285259,"wins":2,"draws":3,"losses":0,"trades":5,"profit_factor":0.0},{"date":"24/11/2025","date_ts":1763942400000,"profit_abs":-6.80241519,"wins":2,"draws":1,"losses":1,"trades":4,"profit_factor":0.60294845},{"date":"01/12/2025","date_ts":1764547200000,"profit_abs":2.19032988,"wins":2,"draws":4,"losses":0,"trades":6,"profit_factor":0.0},{"date":"08/12/2025","date_ts":1765152000000,"profit_abs":-16.96356982,"wins":0,"draws":2,"losses":1,"trades":3,"profit_factor":0.0},{"date":"15/12/2025","date_ts":1765756800000,"profit_abs":2.93099255,"wins":2,"draws":2,"losses":0,"trades":4,"profit_factor":0.0},{"date":"22/12/2025","date_ts":1766361600000,"profit_abs":1.6022172,"wins":1,"draws":3,"losses":0,"trades":4,"profit_factor":0.0},{"date":"29/12/2025","date_ts":1766966400000,"profit_abs":-14.36296294,"wins":1,"draws":2,"losses":1,"trades":4,"profit_factor":0.14216522},{"date":"05/01/2026","date_ts":1767571200000,"profit_abs":4.1990589,"wins":2,"draws":3,"losses":0,"trades":5,"profit_factor":0.0}],"month":[{"date":"31/10/2025","date_ts":1761868800000,"profit_abs":-10.49748644,"wins":6,"draws":6,"losses":1,"trades":13,"profit_factor":0.39053632},{"date":"30/11/2025","date_ts":1764460800000,"profit_abs":-1.96064978,"wins":6,"draws":10,"losses":1,"trades":17,"profit_factor":0.88555844},{"date":"31/12/2025","date_ts":1767139200000,"profit_abs":-24.60299313,"wins":6,"draws":12,"losses":2,"trades":20,"profit_factor":0.27008909},{"date":"31/01/2026","date_ts":1769817600000,"profit_abs":4.1990589,"wins":2,"draws":0,"losses":0,"trades":2,"profit_factor":0.0}],"year":[{"date":"31/12/2025","date_ts":1767139200000,"profit_abs":-37.06112935,"wins":18,"draws":28,"losses":4,"trades":50,"profit_factor":0.4554903},{"date":"31/12/2026","date_ts":1798675200000,"profit_abs":4.1990589,"wins":2,"draws":0,"losses":0,"trades":2,"profit_factor":0.0}],"weekday":[{"date":"Monday","date_ts":0,"profit_abs":9.92999963,"wins":5,"draws":2,"losses":0,"trades":7,"profit_factor":0.0},{"date":"Tuesday","date_ts":1,"profit_abs":2.52935677,"wins":2,"draws":6,"losses":0,"trades":8,"profit_factor":0.0},{"date":"Wednesday","date_ts":2,"profit_abs":-9.66078743,"wins":3,"draws":4,"losses":1,"trades":8,"profit_factor":0.43911344},{"date":"Thursday","date_ts":3,"profit_abs":-12.86198881,"wins":3,"draws":3,"losses":1,"trades":7,"profit_factor":0.23181161},{"date":"Friday","date_ts":4,"profit_abs":-27.34161752,"wins":3,"draws":7,"losses":2,"trades":12,"profit_factor":0.19809644},{"date":"Saturday","date_ts":5,"profit_abs":0.08990124,"wins":1,"draws":2,"losses":0,"trades":3,"profit_factor":0.0},{"date":"Sunday","date_ts":6,"profit_abs":4.45306567,"wins":3,"draws":4,"losses":0,"trades":7,"profit_factor":0.0}]},"backtest_best_day":0.01625003985376326,"backtest_worst_day":-0.051891458295399186,"backtest_best_day_abs":5.33570745,"backtest_worst_day_abs":-17.22413788,"winning_days":17,"draw_days":72,"losing_days":4,"daily_profit":[["2025-10-05",0.0],["2025-10-06",0.0],["2025-10-07",0.0],["2025-10-08",0.0],["2025-10-09",0.0],["2025-10-10",0.0],["2025-10-11",0.0],["2025-10-12",0.0],["2025-10-13",0.0],["2025-10-14",0.0],["2025-10-15",0.0],["2025-10-16",2.48066851],["2025-10-17",1.76007494],["2025-10-18",0.0],["2025-10-19",0.0],["2025-10-20",0.0],["2025-10-21",0.92713957],["2025-10-22",-17.22413788],["2025-10-23",0.0],["2025-10-24",0.0],["2025-10-25",0.0],["2025-10-26",0.1970045],["2025-10-27",0.0],["2025-10-28",0.0],["2025-10-29",0.0],["2025-10-30",1.36176392],["2025-10-31",0.0],["2025-11-01",0.0],["2025-11-02",0.0],["2025-11-03",0.0],["2025-11-04",0.0],["2025-11-05",0.0],["2025-11-06",0.0],["2025-11-07",0.0],["2025-11-08",0.08990124],["2025-11-09",1.58901158],["2025-11-10",0.0],["2025-11-11",0.0],["2025-11-12",0.495803],["2025-11-13",0.0],["2025-11-14",0.0],["2025-11-15",0.0],["2025-11-16",2.66704959],["2025-11-17",0.0],["2025-11-18",0.0],["2025-11-19",5.33570745],["2025-11-20",0.0],["2025-11-21",-12.13812264],["2025-11-22",0.0],["2025-11-23",0.0],["2025-11-24",0.0],["2025-11-25",0.0],["2025-11-26",0.0],["2025-11-27",0.0],["2025-11-28",0.0],["2025-11-29",0.0],["2025-11-30",0.0],["2025-12-01",2.19032988],["2025-12-02",0.0],["2025-12-03",0.0],["2025-12-04",0.0],["2025-12-05",-16.96356982],["2025-12-06",0.0],["2025-12-07",0.0],["2025-12-08",0.0],["2025-12-09",0.0],["2025-12-10",1.73184],["2025-12-11",0.0],["2025-12-12",0.0],["2025-12-13",0.0],["2025-12-14",0.0],["2025-12-15",1.19915255],["2025-12-16",1.6022172],["2025-12-17",0.0],["2025-12-18",0.0],["2025-12-19",0.0],["2025-12-20",0.0],["2025-12-21",0.0],["2025-12-22",0.0],["2025-12-23",0.0],["2025-12-24",0.0],["2025-12-25",-16.74327424],["2025-12-26",0.0],["2025-12-27",0.0],["2025-12-28",0.0],["2025-12-29",2.3803113],["2025-12-30",0.0],["2025-12-31",0.0],["2026-01-01",0.038853],["2026-01-02",0.0],["2026-01-03",0.0],["2026-01-04",0.0],["2026-01-05",4.1602059]],"wins":20,"losses":4,"draws":28,"winrate":0.38461538461538464,"holding_avg":"6:02:00","holding_avg_s":21720.0,"winner_holding_min":"0d 02:00","winner_holding_min_s":7200.0,"winner_holding_max":"0d 02:00","winner_holding_max_s":7200.0,"winner_holding_avg":"0d 02:00","winner_holding_avg_s":7200.0,"loser_holding_min":"0d 09:00","loser_holding_min_s":32400.0,"loser_holding_max":"2d 11:00","loser_holding_max_s":212400.0,"loser_holding_avg":"1d 02:30","loser_holding_avg_s":95400.0,"max_consecutive_wins":4,"max_consecutive_losses":6,"max_drawdown_account":0.044379973160276934,"max_relative_drawdown":0.044379973160276934,"max_drawdown_abs":44.60932367,"drawdown_start":"2025-10-21 12:00:00","drawdown_start_ts":1761048000000.0,"drawdown_end":"2025-12-25 22:00:00","drawdown_end_ts":1766700000000.0,"drawdown_duration":"65 days 10:00:00","drawdown_duration_s":5652000.0,"max_drawdown_low":-39.441440650000004,"max_drawdown_high":5.16788302,"csum_min":960.55855935,"csum_max":1005.16788302}},"strategy_comparison":[{"key":"ACO_22_1","trades":52,"profit_mean":-0.0019078173186942633,"profit_mean_pct":-0.19,"profit_total_abs":-32.86207045,"profit_total":-0.032862070449999996,"profit_total_pct":-3.29,"duration_avg":"6:02:00","wins":20,"draws":28,"losses":4,"winrate":0.38461538461538464,"cagr":-0.11815033389762808,"expectancy":-0.6319628932692309,"expectancy_ratio":-0.5756012511836573,"sortino":-35.36542789256713,"sharpe":-1.322346011681254,"calmar":-14.58419911681158,"sqn":-0.922,"profit_factor":0.5171837346124547,"max_drawdown_account":0.044379973160276934,"max_drawdown_abs":"44.609"}]}