{"strategy":{"ACO_24_16":{"trades":[{"pair":"DOGE/USDT","stake_amount":329.9829,"max_stake_amount":329.9829,"amount":1266.0,"open_date":"2025-10-03 16:00:00+00:00","close_date":"2025-10-03 19:00:00+00:00","open_rate":0.26065,"close_rate":0.2611718218218218,"fee_open":0.001,"fee_close":0.001,"trade_duration":180,"profit_ratio":0.0,"profit_abs":0.0,"exit_reason":"roi","initial_stop_loss_abs":0.24762,"initial_stop_loss_ratio":-0.05,"stop_loss_abs":0.24762,"stop_loss_ratio":-0.05,"min_rate":0.25505,"max_rate":0.26534,"is_open":false,"enter_tag":"","leverage":1.0,"is_short":false,"open_timestamp":1759507200000,"close_timestamp":1759518000000,"orders":[{"amount":1266.0,"safe_price":0.26065,"ft_order_side":"buy","order_filled_timestamp":1759507200000,"ft_is_entry":true,"ft_order_tag":"","cost":330.3128828999999},{"amount":1266.0,"safe_price":0.2611718218218218,"ft_order_side":"sell","order_filled_timestamp":1759518000000,"ft_is_entry":false,"ft_order_tag":"roi","cost":330.9741699528528}],"funding_fees":0.0,"weekday":4},{"pair":"DOGE/USDT","stake_amount":329.84,"max_stake_amount":329.84,"amount":1736.0,"open_date":"2025-10-18 18:00:00+00:00","close_date":"2025-10-19 03:00:00+00:00","open_rate":0.19,"close_rate":0.19038038038038035,"fee_open":0.001,"fee_close":0.001,"trade_duration":540,"profit_ratio":0.0,"profit_abs":0.0,"exit_reason":"roi","initial_stop_loss_abs":0.1805,"initial_stop_loss_ratio":-0.05,"stop_loss_abs":0.1805,"stop_loss_ratio":-0.05,"min_rate":0.18777,"max_rate":0.19078,"is_open":false,"enter_tag":"","leverage":1.0,"is_short":false,"open_timestamp":1760810400000,"close_timestamp":1760842800000,"orders":[{"amount":1736.0,"safe_price":0.19,"ft_order_side":"buy","order_filled_timestamp":1760810400000,"ft_is_entry":true,"ft_order_tag":"","cost":330.16984},{"amount":1736.0,"safe_price":0.19038038038038035,"ft_order_side":"sell","order_filled_timestamp":1760842800000,"ft_is_entry":false,"ft_order_tag":"roi","cost":330.8308406806806}],"funding_fees":0.0,"weekday":6},{"pair":"DOGE/USDT","stake_amount":329.90442,"max_stake_amount":329.90442,"amount":1698.0,"open_date":"2025-10-19 11:00:00+00:00","close_date":"2025-10-19 13:00:00+00:00","open_rate":0.19429,"close_rate":0.19467896896896894,"fee_open":0.001,"fee_close":0.001,"trade_duration":120,"profit_ratio":0.0,"profit_abs":0.0,"exit_reason":"roi","initial_stop_loss_abs":0.18458,"initial_stop_loss_ratio":-0.05,"stop_loss_abs":0.18458,"stop_loss_ratio":-0.05,"min_rate":0.19259,"max_rate":0.19805,"is_open":false,"enter_tag":"","leverage":1.0,"is_short":false,"open_timestamp":1760871600000,"close_timestamp":1760878800000,"orders":[{"amount":1698.0,"safe_price":0.19429,"ft_order_side":"buy","order_filled_timestamp":1760871600000,"ft_is_entry":true,"ft_order_tag":"","cost":330.23432441999995},{"amount":1698.0,"safe_price":0.19467896896896894,"ft_order_side":"sell","order_filled_timestamp":1760878800000,"ft_is_entry":false,"ft_order_tag":"roi","cost":330.89545419861855}],"funding_fees":0.0,"weekday":6},{"pair":"DOGE/USDT","stake_amount":329.84447,"max_stake_amount":329.84447,"amount":1669.0,"open_date":"2025-10-24 05:00:00+00:00","close_date":"2025-10-24 07:00:00+00:00","open_rate":0.19763,"close_rate":0.19837,"fee_open":0.001,"fee_close":0.001,"trade_duration":120,"profit_ratio":0.0017388875355783212,"profit_abs":0.574136,"exit_reason":"roi","initial_stop_loss_abs":0.18775,"initial_stop_loss_ratio":-0.05,"stop_loss_abs":0.18775,"stop_loss_ratio":-0.05,"min_rate":0.19608,"max_rate":0.19849,"is_open":false,"enter_tag":"","leverage":1.0,"is_short":false,"open_timestamp":1761282000000,"close_timestamp":1761289200000,"orders":[{"amount":1669.0,"safe_price":0.19763,"ft_order_side":"buy","order_filled_timestamp":1761282000000,"ft_is_entry":true,"ft_order_tag":"","cost":330.17431446999996},{"amount":1669.0,"safe_price":0.19837,"ft_order_side":"sell","order_filled_timestamp":1761289200000,"ft_is_entry":false,"ft_order_tag":"roi","cost":331.41060952999993}],"funding_fees":0.0,"weekday":4},{"pair":"DOGE/USDT","stake_amount":330.15228,"max_stake_amount":330.15228,"amount":1761.0,"open_date":"2025-10-31 20:00:00+00:00","close_date":"2025-11-01 09:00:00+00:00","open_rate":0.18748,"close_rate":0.18785533533533533,"fee_open":0.001,"fee_close":0.001,"trade_duration":780,"profit_ratio":0.0,"profit_abs":0.0,"exit_reason":"roi","initial_stop_loss_abs":0.17811,"initial_stop_loss_ratio":-0.05,"stop_loss_abs":0.17811,"stop_loss_ratio":-0.05,"min_rate":0.18512,"max_rate":0.188,"is_open":false,"enter_tag":"","leverage":1.0,"is_short":false,"open_timestamp":1761940800000,"close_timestamp":1761987600000,"orders":[{"amount":1761.0,"safe_price":0.18748,"ft_order_side":"buy","order_filled_timestamp":1761940800000,"ft_is_entry":true,"ft_order_tag":"","cost":330.48243227999995},{"amount":1761.0,"safe_price":0.18785533533533533,"ft_order_side":"sell","order_filled_timestamp":1761987600000,"ft_is_entry":false,"ft_order_tag":"roi","cost":331.144058771051}],"funding_fees":0.0,"weekday":5},{"pair":"DOGE/USDT","stake_amount":330.09966,"max_stake_amount":330.09966,"amount":1758.0,"open_date":"2025-11-01 21:00:00+00:00","close_date":"2025-11-02 04:00:00+00:00","open_rate":0.18777,"close_rate":0.1881459159159159,"fee_open":0.001,"fee_close":0.001,"trade_duration":420,"profit_ratio":0.0,"profit_abs":0.0,"exit_reason":"roi","initial_stop_loss_abs":0.17839,"initial_stop_loss_ratio":-0.05,"stop_loss_abs":0.17839,"stop_loss_ratio":-0.05,"min_rate":0.18588,"max_rate":0.18823,"is_open":false,"enter_tag":"","leverage":1.0,"is_short":false,"open_timestamp":1762030800000,"close_timestamp":1762056000000,"orders":[{"amount":1758.0,"safe_price":0.18777,"ft_order_side":"buy","order_filled_timestamp":1762030800000,"ft_is_entry":true,"ft_order_tag":"","cost":330.42975965999995},{"amount":1758.0,"safe_price":0.1881459159159159,"ft_order_side":"sell","order_filled_timestamp":1762056000000,"ft_is_entry":false,"ft_order_tag":"roi","cost":331.0912807003603}],"funding_fees":0.0,"weekday":6},{"pair":"DOGE/USDT","stake_amount":330.09669,"max_stake_amount":330.09669,"amount":1771.0,"open_date":"2025-11-03 00:00:00+00:00","close_date":"2025-11-03 03:00:00+00:00","open_rate":0.18639,"close_rate":0.17708,"fee_open":0.001,"fee_close":0.001,"trade_duration":180,"profit_ratio":-0.051847235333473865,"profit_abs":-17.13171537,"exit_reason":"stop_loss","initial_stop_loss_abs":0.17708,"initial_stop_loss_ratio":-0.05,"stop_loss_abs":0.17708,"stop_loss_ratio":-0.05,"min_rate":0.17456,"max_rate":0.18666,"is_open":false,"enter_tag":"","leverage":1.0,"is_short":false,"open_timestamp":1762128000000,"close_timestamp":1762138800000,"orders":[{"amount":1771.0,"safe_price":0.18639,"ft_order_side":"buy","order_filled_timestamp":1762128000000,"ft_is_entry":true,"ft_order_tag":"","cost":330.42678669},{"amount":1771.0,"safe_price":0.17708,"ft_order_side":"sell","order_filled_timestamp":1762138800000,"ft_is_entry":false,"ft_order_tag":"stop_loss","cost":313.92228867999995}],"funding_fees":0.0,"weekday":0},{"pair":"DOGE/USDT","stake_amount":324.5184,"max_stake_amount":324.5184,"amount":1920.0,"open_date":"2025-11-07 16:00:00+00:00","close_date":"2025-11-07 17:00:00+00:00","open_rate":0.16902,"close_rate":0.17781783783783786,"fee_open":0.001,"fee_close":0.001,"trade_duration":60,"profit_ratio":0.04995004995004995,"profit_abs":16.22592,"exit_reason":"roi","initial_stop_loss_abs":0.16057,"initial_stop_loss_ratio":-0.05,"stop_loss_abs":0.16057,"stop_loss_ratio":-0.05,"min_rate":0.16834,"max_rate":0.17978,"is_open":false,"enter_tag":"","leverage":1.0,"is_short":false,"open_timestamp":1762531200000,"close_timestamp":1762534800000,"orders":[{"amount":1920.0,"safe_price":0.16902,"ft_order_side":"buy","order_filled_timestamp":1762531200000,"ft_is_entry":true,"ft_order_tag":"","cost":324.8429184},{"amount":1920.0,"safe_price":0.17781783783783786,"ft_order_side":"sell","order_filled_timestamp":1762534800000,"ft_is_entry":false,"ft_order_tag":"roi","cost":341.7516588972973}],"funding_fees":0.0,"weekday":4},{"pair":"DOGE/USDT","stake_amount":329.74848,"max_stake_amount":329.74848,"amount":1789.0,"open_date":"2025-11-10 10:00:00+00:00","close_date":"2025-11-11 01:00:00+00:00","open_rate":0.18432,"close_rate":0.184689009009009,"fee_open":0.001,"fee_close":0.001,"trade_duration":900,"profit_ratio":0.0,"profit_abs":0.0,"exit_reason":"roi","initial_stop_loss_abs":0.17511,"initial_stop_loss_ratio":-0.05,"stop_loss_abs":0.17511,"stop_loss_ratio":-0.05,"min_rate":0.17722,"max_rate":0.1864,"is_open":false,"enter_tag":"","leverage":1.0,"is_short":false,"open_timestamp":1762768800000,"close_timestamp":1762822800000,"orders":[{"amount":1789.0,"safe_price":0.18432,"ft_order_side":"buy","order_filled_timestamp":1762768800000,"ft_is_entry":true,"ft_order_tag":"","cost":330.07822848},{"amount":1789.0,"safe_price":0.184689009009009,"ft_order_side":"sell","order_filled_timestamp":1762822800000,"ft_is_entry":false,"ft_order_tag":"roi","cost":330.7390457542342}],"funding_fees":0.0,"weekday":1},{"pair":"DOGE/USDT","stake_amount":329.76138,"max_stake_amount":329.76138,"amount":2018.0,"open_date":"2025-11-16 06:00:00+00:00","close_date":"2025-11-16 08:00:00+00:00","open_rate":0.16341,"close_rate":0.16408,"fee_open":0.001,"fee_close":0.001,"trade_duration":120,"profit_ratio":0.002093922233448578,"profit_abs":0.69118518,"exit_reason":"roi","initial_stop_loss_abs":0.15524,"initial_stop_loss_ratio":-0.05,"stop_loss_abs":0.15524,"stop_loss_ratio":-0.05,"min_rate":0.16295,"max_rate":0.16445,"is_open":false,"enter_tag":"","leverage":1.0,"is_short":false,"open_timestamp":1763272800000,"close_timestamp":1763280000000,"orders":[{"amount":2018.0,"safe_price":0.16341,"ft_order_side":"buy","order_filled_timestamp":1763272800000,"ft_is_entry":true,"ft_order_tag":"","cost":330.09114137999995},{"amount":2018.0,"safe_price":0.16408,"ft_order_side":"sell","order_filled_timestamp":1763280000000,"ft_is_entry":false,"ft_order_tag":"roi","cost":331.44455344}],"funding_fees":0.0,"weekday":6},{"pair":"DOGE/USDT","stake_amount":330.09172,"max_stake_amount":330.09172,"amount":2237.0,"open_date":"2025-11-24 17:00:00+00:00","close_date":"2025-11-24 19:00:00+00:00","open_rate":0.14756,"close_rate":0.15254,"fee_open":0.001,"fee_close":0.001,"trade_duration":120,"profit_ratio":0.03168355092995917,"profit_abs":10.4689363,"exit_reason":"roi","initial_stop_loss_abs":0.14019,"initial_stop_loss_ratio":-0.05,"stop_loss_abs":0.14019,"stop_loss_ratio":-0.05,"min_rate":0.14755,"max_rate":0.15331,"is_open":false,"enter_tag":"","leverage":1.0,"is_short":false,"open_timestamp":1764003600000,"close_timestamp":1764010800000,"orders":[{"amount":2237.0,"safe_price":0.14756,"ft_order_side":"buy","order_filled_timestamp":1764003600000,"ft_is_entry":true,"ft_order_tag":"","cost":330.42181172},{"amount":2237.0,"safe_price":0.15254,"ft_order_side":"sell","order_filled_timestamp":1764010800000,"ft_is_entry":false,"ft_order_tag":"roi","cost":341.57321198}],"funding_fees":0.0,"weekday":0},{"pair":"DOGE/USDT","stake_amount":333.54048,"max_stake_amount":333.54048,"amount":2208.0,"open_date":"2025-11-25 18:00:00+00:00","close_date":"2025-11-25 20:00:00+00:00","open_rate":0.15106,"close_rate":0.1513624224224224,"fee_open":0.001,"fee_close":0.001,"trade_duration":120,"profit_ratio":0.0,"profit_abs":0.0,"exit_reason":"roi","initial_stop_loss_abs":0.14351,"initial_stop_loss_ratio":-0.05,"stop_loss_abs":0.14351,"stop_loss_ratio":-0.05,"min_rate":0.14842,"max_rate":0.15362,"is_open":false,"enter_tag":"","leverage":1.0,"is_short":false,"open_timestamp":1764093600000,"close_timestamp":1764100800000,"orders":[{"amount":2208.0,"safe_price":0.15106,"ft_order_side":"buy","order_filled_timestamp":1764093600000,"ft_is_entry":true,"ft_order_tag":"","cost":333.87402047999996},{"amount":2208.0,"safe_price":0.1513624224224224,"ft_order_side":"sell","order_filled_timestamp":1764100800000,"ft_is_entry":false,"ft_order_tag":"roi","cost":334.54243693741734}],"funding_fees":0.0,"weekday":1},{"pair":"DOGE/USDT","stake_amount":333.5553,"max_stake_amount":333.5553,"amount":2193.0,"open_date":"2025-11-26 17:00:00+00:00","close_date":"2025-11-26 19:00:00+00:00","open_rate":0.1521,"close_rate":0.15666,"fee_open":0.001,"fee_close":0.001,"trade_duration":120,"profit_ratio":0.027922373484503663,"profit_abs":9.32296932,"exit_reason":"exit_signal","initial_stop_loss_abs":0.1445,"initial_stop_loss_ratio":-0.05,"stop_loss_abs":0.1445,"stop_loss_ratio":-0.05,"min_rate":0.152,"max_rate":0.15681,"is_open":false,"enter_tag":"","leverage":1.0,"is_short":false,"open_timestamp":1764176400000,"close_timestamp":1764183600000,"orders":[{"amount":2193.0,"safe_price":0.1521,"ft_order_side":"buy","order_filled_timestamp":1764176400000,"ft_is_entry":true,"ft_order_tag":"","cost":333.8888553},{"amount":2193.0,"safe_price":0.15666,"ft_order_side":"sell","order_filled_timestamp":1764183600000,"ft_is_entry":false,"ft_order_tag":"exit_signal","cost":343.89893537999995}],"funding_fees":0.0,"weekday":2},{"pair":"DOGE/USDT","stake_amount":336.50955,"max_stake_amount":336.50955,"amount":2379.0,"open_date":"2025-12-07 18:00:00+00:00","close_date":"2025-12-07 20:00:00+00:00","open_rate":0.14145,"close_rate":0.1421,"fee_open":0.001,"fee_close":0.001,"trade_duration":120,"profit_ratio":0.002588080000593256,"profit_abs":0.87178455,"exit_reason":"roi","initial_stop_loss_abs":0.13438,"initial_stop_loss_ratio":-0.05,"stop_loss_abs":0.13438,"stop_loss_ratio":-0.05,"min_rate":0.14126,"max_rate":0.14291,"is_open":false,"enter_tag":"","leverage":1.0,"is_short":false,"open_timestamp":1765130400000,"close_timestamp":1765137600000,"orders":[{"amount":2379.0,"safe_price":0.14145,"ft_order_side":"buy","order_filled_timestamp":1765130400000,"ft_is_entry":true,"ft_order_tag":"","cost":336.84605954999995},{"amount":2379.0,"safe_price":0.1421,"ft_order_side":"sell","order_filled_timestamp":1765137600000,"ft_is_entry":false,"ft_order_tag":"roi","cost":338.3939559}],"funding_fees":0.0,"weekday":6},{"pair":"DOGE/USDT","stake_amount":336.9366,"max_stake_amount":336.9366,"amount":2380.0,"open_date":"2025-12-09 13:00:00+00:00","close_date":"2025-12-09 15:00:00+00:00","open_rate":0.14157,"close_rate":0.1418534234234234,"fee_open":0.001,"fee_close":0.001,"trade_duration":120,"profit_ratio":0.0,"profit_abs":0.0,"exit_reason":"roi","initial_stop_loss_abs":0.1345,"initial_stop_loss_ratio":-0.05,"stop_loss_abs":0.1345,"stop_loss_ratio":-0.05,"min_rate":0.14049,"max_rate":0.14682,"is_open":false,"enter_tag":"","leverage":1.0,"is_short":false,"open_timestamp":1765285200000,"close_timestamp":1765292400000,"orders":[{"amount":2380.0,"safe_price":0.14157,"ft_order_side":"buy","order_filled_timestamp":1765285200000,"ft_is_entry":true,"ft_order_tag":"","cost":337.27353659999994},{"amount":2380.0,"safe_price":0.1418534234234234,"ft_order_side":"sell","order_filled_timestamp":1765292400000,"ft_is_entry":false,"ft_order_tag":"roi","cost":337.9487588954955}],"funding_fees":0.0,"weekday":1},{"pair":"DOGE/USDT","stake_amount":336.8724,"max_stake_amount":336.8724,"amount":2505.0,"open_date":"2025-12-17 15:00:00+00:00","close_date":"2025-12-17 16:00:00+00:00","open_rate":0.13448,"close_rate":0.12776,"fee_open":0.001,"fee_close":0.001,"trade_duration":60,"profit_ratio":-0.051868417127191674,"profit_abs":-17.4905112,"exit_reason":"stop_loss","initial_stop_loss_abs":0.12776,"initial_stop_loss_ratio":-0.05,"stop_loss_abs":0.12776,"stop_loss_ratio":-0.05,"min_rate":0.12583,"max_rate":0.13631,"is_open":false,"enter_tag":"","leverage":1.0,"is_short":false,"open_timestamp":1765983600000,"close_timestamp":1765987200000,"orders":[{"amount":2505.0,"safe_price":0.13448,"ft_order_side":"buy","order_filled_timestamp":1765983600000,"ft_is_entry":true,"ft_order_tag":"","cost":337.2092723999999},{"amount":2505.0,"safe_price":0.12776,"ft_order_side":"sell","order_filled_timestamp":1765987200000,"ft_is_entry":false,"ft_order_tag":"stop_loss","cost":320.3588388}],"funding_fees":0.0,"weekday":2},{"pair":"DOGE/USDT","stake_amount":331.14172,"max_stake_amount":331.14172,"amount":2639.0,"open_date":"2025-12-18 05:00:00+00:00","close_date":"2025-12-18 09:00:00+00:00","open_rate":0.12548,"close_rate":0.1257312112112112,"fee_open":0.001,"fee_close":0.001,"trade_duration":240,"profit_ratio":0.0,"profit_abs":0.0,"exit_reason":"roi","initial_stop_loss_abs":0.11921,"initial_stop_loss_ratio":-0.05,"stop_loss_abs":0.11921,"stop_loss_ratio":-0.05,"min_rate":0.12385,"max_rate":0.12594,"is_open":false,"enter_tag":"","leverage":1.0,"is_short":false,"open_timestamp":1766034000000,"close_timestamp":1766048400000,"orders":[{"amount":2639.0,"safe_price":0.12548,"ft_order_side":"buy","order_filled_timestamp":1766034000000,"ft_is_entry":true,"ft_order_tag":"","cost":331.47286171999997},{"amount":2639.0,"safe_price":0.1257312112112112,"ft_order_side":"sell","order_filled_timestamp":1766048400000,"ft_is_entry":false,"ft_order_tag":"roi","cost":332.1364710527727}],"funding_fees":0.0,"weekday":3},{"pair":"DOGE/USDT","stake_amount":331.09533,"max_stake_amount":331.09533,"amount":2493.0,"open_date":"2025-12-21 09:00:00+00:00","close_date":"2025-12-22 00:00:00+00:00","open_rate":0.13281,"close_rate":0.13307588588588587,"fee_open":0.001,"fee_close":0.001,"trade_duration":900,"profit_ratio":0.0,"profit_abs":0.0,"exit_reason":"roi","initial_stop_loss_abs":0.12617,"initial_stop_loss_ratio":-0.05,"stop_loss_abs":0.12617,"stop_loss_ratio":-0.05,"min_rate":0.12871,"max_rate":0.13424,"is_open":false,"enter_tag":"","leverage":1.0,"is_short":false,"open_timestamp":1766307600000,"close_timestamp":1766361600000,"orders":[{"amount":2493.0,"safe_price":0.13281,"ft_order_side":"buy","order_filled_timestamp":1766307600000,"ft_is_entry":true,"ft_order_tag":"","cost":331.42642533000003},{"amount":2493.0,"safe_price":0.13307588588588587,"ft_order_side":"sell","order_filled_timestamp":1766361600000,"ft_is_entry":false,"ft_order_tag":"roi","cost":332.089941697027}],"funding_fees":0.0,"weekday":0},{"pair":"DOGE/USDT","stake_amount":331.1434,"max_stake_amount":331.1434,"amount":2660.0,"open_date":"2025-12-28 15:00:00+00:00","close_date":"2025-12-29 00:00:00+00:00","open_rate":0.12449,"close_rate":0.12473922922922923,"fee_open":0.001,"fee_close":0.001,"trade_duration":540,"profit_ratio":0.0,"profit_abs":0.0,"exit_reason":"roi","initial_stop_loss_abs":0.11827,"initial_stop_loss_ratio":-0.05,"stop_loss_abs":0.11827,"stop_loss_ratio":-0.05,"min_rate":0.12277,"max_rate":0.1257,"is_open":false,"enter_tag":"","leverage":1.0,"is_short":false,"open_timestamp":1766934000000,"close_timestamp":1766966400000,"orders":[{"amount":2660.0,"safe_price":0.12449,"ft_order_side":"buy","order_filled_timestamp":1766934000000,"ft_is_entry":true,"ft_order_tag":"","cost":331.47454339999996},{"amount":2660.0,"safe_price":0.12473922922922923,"ft_order_side":"sell","order_filled_timestamp":1766966400000,"ft_is_entry":false,"ft_order_tag":"roi","cost":332.1381560994995}],"funding_fees":0.0,"weekday":0},{"pair":"DOGE/USDT","stake_amount":331.12044,"max_stake_amount":331.12044,"amount":2646.0,"open_date":"2025-12-29 01:00:00+00:00","close_date":"2025-12-29 03:00:00+00:00","open_rate":0.12514,"close_rate":0.12639,"fee_open":0.001,"fee_close":0.001,"trade_duration":120,"profit_ratio":0.007970852864571899,"profit_abs":2.64195162,"exit_reason":"roi","initial_stop_loss_abs":0.11889,"initial_stop_loss_ratio":-0.05,"stop_loss_abs":0.11889,"stop_loss_ratio":-0.05,"min_rate":0.12437,"max_rate":0.12777,"is_open":false,"enter_tag":"","leverage":1.0,"is_short":false,"open_timestamp":1766970000000,"close_timestamp":1766977200000,"orders":[{"amount":2646.0,"safe_price":0.12514,"ft_order_side":"buy","order_filled_timestamp":1766970000000,"ft_is_entry":true,"ft_order_tag":"","cost":331.45156044},{"amount":2646.0,"safe_price":0.12639,"ft_order_side":"sell","order_filled_timestamp":1766977200000,"ft_is_entry":false,"ft_order_tag":"roi","cost":334.76236793999993}],"funding_fees":0.0,"weekday":0},{"pair":"DOGE/USDT","stake_amount":331.93682,"max_stake_amount":331.93682,"amount":2206.0,"open_date":"2026-01-05 17:00:00+00:00","close_date":"2026-01-05 19:00:00+00:00","open_rate":0.15047,"close_rate":0.1522,"fee_open":0.001,"fee_close":0.001,"trade_duration":120,"profit_ratio":0.009476334790350873,"profit_abs":3.14868998,"exit_reason":"roi","initial_stop_loss_abs":0.14295,"initial_stop_loss_ratio":-0.05,"stop_loss_abs":0.14295,"stop_loss_ratio":-0.05,"min_rate":0.14881,"max_rate":0.15386,"is_open":false,"enter_tag":"","leverage":1.0,"is_short":false,"open_timestamp":1767632400000,"close_timestamp":1767639600000,"orders":[{"amount":2206.0,"safe_price":0.15047,"ft_order_side":"buy","order_filled_timestamp":1767632400000,"ft_is_entry":true,"ft_order_tag":"","cost":332.26875681999996},{"amount":2206.0,"safe_price":0.1522,"ft_order_side":"sell","order_filled_timestamp":1767639600000,"ft_is_entry":false,"ft_order_tag":"roi","cost":336.08895319999993}],"funding_fees":0.0,"weekday":0}],"locks":[],"best_pair":{"key":"DOGE/USDT","trades":21,"profit_mean":0.001414685682304294,"profit_mean_pct":0.14,"profit_total_abs":9.323346379999998,"profit_total":0.009323346379999998,"profit_total_pct":0.93,"duration_avg":"4:46:00","wins":8,"draws":11,"losses":2,"winrate":0.38095238095238093,"cagr":0.03553702878716014,"expectancy":0.4439688752380955,"expectancy_ratio":-0.49816305798558447,"sortino":10.235972868393084,"sharpe":0.25683163140748916,"calmar":10.719625955676452,"sqn":0.2777,"profit_factor":1.2692878911513634,"max_drawdown_account":0.01713037561365561,"max_drawdown_abs":17.4905112},"worst_pair":{"key":"DOGE/USDT","trades":21,"profit_mean":0.001414685682304294,"profit_mean_pct":0.14,"profit_total_abs":9.323346379999998,"profit_total":0.009323346379999998,"profit_total_pct":0.93,"duration_avg":"4:46:00","wins":8,"draws":11,"losses":2,"winrate":0.38095238095238093,"cagr":0.03553702878716014,"expectancy":0.4439688752380955,"expectancy_ratio":-0.49816305798558447,"sortino":10.235972868393084,"sharpe":0.25683163140748916,"calmar":10.719625955676452,"sqn":0.2777,"profit_factor":1.2692878911513634,"max_drawdown_account":0.01713037561365561,"max_drawdown_abs":17.4905112},"results_per_pair":[{"key":"DOGE/USDT","trades":21,"profit_mean":0.001414685682304294,"profit_mean_pct":0.14,"profit_total_abs":9.323346379999998,"profit_total":0.009323346379999998,"profit_total_pct":0.93,"duration_avg":"4:46:00","wins":8,"draws":11,"losses":2,"winrate":0.38095238095238093,"cagr":0.03553702878716014,"expectancy":0.4439688752380955,"expectancy_ratio":-0.49816305798558447,"sortino":10.235972868393084,"sharpe":0.25683163140748916,"calmar":10.719625955676452,"sqn":0.2777,"profit_factor":1.2692878911513634,"max_drawdown_account":0.01713037561365561,"max_drawdown_abs":17.4905112},{"key":"TOTAL","trades":21,"profit_mean":0.001414685682304294,"profit_mean_pct":0.14,"profit_total_abs":9.323346379999998,"profit_total":0.009323346379999998,"profit_total_pct":0.93,"duration_avg":"4:46:00","wins":8,"draws":11,"losses":2,"winrate":0.38095238095238093,"cagr":0.03553702878716014,"expectancy":0.4439688752380955,"expectancy_ratio":-0.49816305798558447,"sortino":10.235972868393084,"sharpe":0.25683163140748916,"calmar":10.719625955676452,"sqn":0.2777,"profit_factor":1.2692878911513634,"max_drawdown_account":0.01713037561365561,"max_drawdown_abs":17.4905112}],"results_per_enter_tag":[{"key":"","trades":21,"profit_mean":0.001414685682304294,"profit_mean_pct":0.14,"profit_total_abs":9.323346379999998,"profit_total":0.009323346379999998,"profit_total_pct":0.93,"duration_avg":"4:46:00","wins":8,"draws":11,"losses":2,"winrate":0.38095238095238093,"cagr":0.03553702878716014,"expectancy":0.4439688752380955,"expectancy_ratio":-0.49816305798558447,"sortino":10.235972868393084,"sharpe":0.25683163140748916,"calmar":10.719625955676452,"sqn":0.2777,"profit_factor":1.2692878911513634,"max_drawdown_account":0.01713037561365561,"max_drawdown_abs":17.4905112},{"key":"TOTAL","trades":21,"profit_mean":0.001414685682304294,"profit_mean_pct":0.14,"profit_total_abs":9.323346379999998,"profit_total":0.009323346379999998,"profit_total_pct":0.93,"duration_avg":"4:46:00","wins":8,"draws":11,"losses":2,"winrate":0.38095238095238093,"cagr":0.03553702878716014,"expectancy":0.4439688752380955,"expectancy_ratio":-0.49816305798558447,"sortino":10.235972868393084,"sharpe":0.25683163140748916,"calmar":10.719625955676452,"sqn":0.2777,"profit_factor":1.2692878911513634,"max_drawdown_account":0.01713037561365561,"max_drawdown_abs":17.4905112}],"exit_reason_summary":[{"key":"roi","trades":18,"profit_mean":0.005861204350252892,"profit_mean_pct":0.59,"profit_total_abs":34.62260363,"profit_total":0.03462260363,"profit_total_pct":3.46,"duration_avg":"5:13:00","wins":7,"draws":11,"losses":0,"winrate":0.3888888888888889,"cagr":0.13663977078856315,"expectancy":1.9234779794444443,"expectancy_ratio":100.0,"sortino":-100,"sharpe":1.6054602391823478,"calmar":-100,"sqn":1.8671,"profit_factor":0.0,"max_drawdown_account":0.0,"max_drawdown_abs":0.0},{"key":"exit_signal","trades":1,"profit_mean":0.027922373484503663,"profit_mean_pct":2.79,"profit_total_abs":9.32296932,"profit_total":0.00932296932,"profit_total_pct":0.93,"duration_avg":"2:00:00","wins":1,"draws":0,"losses":0,"winrate":1.0,"cagr":0.03553557310458477,"expectancy":9.32296932,"expectancy_ratio":100.0,"sortino":-100,"sharpe":-100,"calmar":-100,"sqn":-100.0,"profit_factor":0.0,"max_drawdown_account":0.0,"max_drawdown_abs":0.0},{"key":"stop_loss","trades":2,"profit_mean":-0.05185782623033277,"profit_mean_pct":-5.19,"profit_total_abs":-34.622226569999995,"profit_total":-0.03462222657,"profit_total_pct":-3.46,"duration_avg":"2:00:00","wins":0,"draws":0,"losses":2,"winrate":0.0,"cagr":-0.12417435328987281,"expectancy":-17.311113284999998,"expectancy_ratio":-1.0,"sortino":-38.011263056160125,"sharpe":-38.011263056160125,"calmar":-19.6958486335493,"sqn":-96.4956,"profit_factor":0.0,"max_drawdown_account":0.034622226569999956,"max_drawdown_abs":34.622226569999995},{"key":"TOTAL","trades":21,"profit_mean":0.001414685682304294,"profit_mean_pct":0.14,"profit_total_abs":9.323346379999998,"profit_total":0.009323346379999998,"profit_total_pct":0.93,"duration_avg":"4:46:00","wins":8,"draws":11,"losses":2,"winrate":0.38095238095238093,"cagr":0.03553702878716014,"expectancy":0.4439688752380955,"expectancy_ratio":-0.49816305798558447,"sortino":10.235972868393084,"sharpe":0.25683163140748916,"calmar":10.719625955676452,"sqn":0.2777,"profit_factor":1.2692878911513634,"max_drawdown_account":0.01713037561365561,"max_drawdown_abs":17.4905112}],"mix_tag_stats":[{"key":["","roi"],"trades":18,"profit_mean":0.005861204350252892,"profit_mean_pct":0.59,"profit_total_abs":34.62260363,"profit_total":0.03462260363,"profit_total_pct":3.46,"duration_avg":"5:13:00","wins":7,"draws":11,"losses":0,"winrate":0.3888888888888889,"cagr":0.13663977078856315,"expectancy":1.9234779794444443,"expectancy_ratio":100.0,"sortino":-100,"sharpe":1.6054602391823478,"calmar":-100,"sqn":1.8671,"profit_factor":0.0,"max_drawdown_account":0.0,"max_drawdown_abs":0.0},{"key":["","exit_signal"],"trades":1,"profit_mean":0.027922373484503663,"profit_mean_pct":2.79,"profit_total_abs":9.32296932,"profit_total":0.00932296932,"profit_total_pct":0.93,"duration_avg":"2:00:00","wins":1,"draws":0,"losses":0,"winrate":1.0,"cagr":0.03553557310458477,"expectancy":9.32296932,"expectancy_ratio":100.0,"sortino":-100,"sharpe":-100,"calmar":-100,"sqn":-100.0,"profit_factor":0.0,"max_drawdown_account":0.0,"max_drawdown_abs":0.0},{"key":["","stop_loss"],"trades":2,"profit_mean":-0.05185782623033277,"profit_mean_pct":-5.19,"profit_total_abs":-34.622226569999995,"profit_total":-0.03462222657,"profit_total_pct":-3.46,"duration_avg":"2:00:00","wins":0,"draws":0,"losses":2,"winrate":0.0,"cagr":-0.12417435328987281,"expectancy":-17.311113284999998,"expectancy_ratio":-1.0,"sortino":-38.011263056160125,"sharpe":-38.011263056160125,"calmar":-19.6958486335493,"sqn":-96.4956,"profit_factor":0.0,"max_drawdown_account":0.034622226569999956,"max_drawdown_abs":34.622226569999995},{"key":"TOTAL","trades":21,"profit_mean":0.001414685682304294,"profit_mean_pct":0.14,"profit_total_abs":9.323346379999998,"profit_total":0.009323346379999998,"profit_total_pct":0.93,"duration_avg":"4:46:00","wins":8,"draws":11,"losses":2,"winrate":0.38095238095238093,"cagr":0.03553702878716014,"expectancy":0.4439688752380955,"expectancy_ratio":-0.49816305798558447,"sortino":10.235972868393084,"sharpe":0.25683163140748916,"calmar":10.719625955676452,"sqn":0.2777,"profit_factor":1.2692878911513634,"max_drawdown_account":0.01713037561365561,"max_drawdown_abs":17.4905112}],"left_open_trades":[{"key":"TOTAL","trades":0,"profit_mean":0.0,"profit_mean_pct":0.0,"profit_total_abs":0.0,"profit_total":0.0,"profit_total_pct":0.0,"duration_avg":"0:00","wins":0,"draws":0,"losses":0,"winrate":0.0,"cagr":0.0,"expectancy":0.0,"expectancy_ratio":100.0,"sortino":0,"sharpe":0,"calmar":0,"sqn":0.0,"profit_factor":0.0,"max_drawdown_account":0.0,"max_drawdown_abs":0.0}],"total_trades":21,"trade_count_long":21,"trade_count_short":0,"total_volume":13952.986320927306,"avg_stake_amount":331.32821142857136,"profit_mean":0.001414685682304294,"profit_median":0.0,"profit_total":0.009323346379999998,"profit_total_long":0.009323346379999998,"profit_total_short":0.0,"profit_total_abs":9.323346379999998,"profit_total_long_abs":9.323346379999998,"profit_total_short_abs":0.0,"cagr":0.03553702878716014,"expectancy":0.4439688752380955,"expectancy_ratio":-0.49816305798558447,"sortino":10.235972868393084,"sharpe":0.25683163140748916,"calmar":10.719625955676452,"sqn":0.2777,"profit_factor":1.2692878911513634,"backtest_start":"2025-10-01 00:00:00","backtest_start_ts":1759276800000,"backtest_end":"2026-01-06 20:00:00","backtest_end_ts":1767729600000,"backtest_days":97,"backtest_run_start_ts":1767743241,"backtest_run_end_ts":1767743241,"trades_per_day":0.22,"market_change":-0.36632086436227446,"pairlist":["DOGE/USDT"],"stake_amount":"unlimited","stake_currency":"USDT","stake_currency_decimals":3,"starting_balance":1000,"dry_run_wallet":1000,"final_balance":1009.32334638,"rejected_signals":0,"timedout_entry_orders":0,"timedout_exit_orders":0,"canceled_trade_entries":0,"canceled_entry_orders":0,"replaced_entry_orders":0,"max_open_trades":1,"max_open_trades_setting":3,"timeframe":"1h","timeframe_detail":"","timerange":"20251001-","enable_protections":false,"strategy_name":"ACO_24_16","freqaimodel":null,"freqai_identifier":null,"stoploss":-0.05,"trailing_stop":false,"trailing_stop_positive":null,"trailing_stop_positive_offset":0.0,"trailing_only_offset_is_reached":false,"use_custom_stoploss":false,"minimal_roi":{"0":0.1,"60":0.05,"120":0.0},"use_exit_signal":true,"exit_profit_only":false,"exit_profit_offset":0.0,"ignore_roi_if_entry_signal":false,"trading_mode":"spot","margin_mode":"","periodic_breakdown":{"day":[{"date":"03/10/2025","date_ts":1759449600000,"profit_abs":0.0,"wins":0,"draws":1,"losses":0,"trades":1,"profit_factor":0.0},{"date":"04/10/2025","date_ts":1759536000000,"profit_abs":0.0,"wins":0,"draws":0,"losses":0,"trades":0,"profit_factor":0.0},{"date":"05/10/2025","date_ts":1759622400000,"profit_abs":0.0,"wins":0,"draws":0,"losses":0,"trades":0,"profit_factor":0.0},{"date":"06/10/2025","date_ts":1759708800000,"profit_abs":0.0,"wins":0,"draws":0,"losses":0,"trades":0,"profit_factor":0.0},{"date":"07/10/2025","date_ts":1759795200000,"profit_abs":0.0,"wins":0,"draws":0,"losses":0,"trades":0,"profit_factor":0.0},{"date":"08/10/2025","date_ts":1759881600000,"profit_abs":0.0,"wins":0,"draws":0,"losses":0,"trades":0,"profit_factor":0.0},{"date":"09/10/2025","date_ts":1759968000000,"profit_abs":0.0,"wins":0,"draws":0,"losses":0,"trades":0,"profit_factor":0.0},{"date":"10/10/2025","date_ts":1760054400000,"profit_abs":0.0,"wins":0,"draws":0,"losses":0,"trades":0,"profit_factor":0.0},{"date":"11/10/2025","date_ts":1760140800000,"profit_abs":0.0,"wins":0,"draws":0,"losses":0,"trades":0,"profit_factor":0.0},{"date":"12/10/2025","date_ts":1760227200000,"profit_abs":0.0,"wins":0,"draws":0,"losses":0,"trades":0,"profit_factor":0.0},{"date":"13/10/2025","date_ts":1760313600000,"profit_abs":0.0,"wins":0,"draws":0,"losses":0,"trades":0,"profit_factor":0.0},{"date":"14/10/2025","date_ts":1760400000000,"profit_abs":0.0,"wins":0,"draws":0,"losses":0,"trades":0,"profit_factor":0.0},{"date":"15/10/2025","date_ts":1760486400000,"profit_abs":0.0,"wins":0,"draws":0,"losses":0,"trades":0,"profit_factor":0.0},{"date":"16/10/2025","date_ts":1760572800000,"profit_abs":0.0,"wins":0,"draws":0,"losses":0,"trades":0,"profit_factor":0.0},{"date":"17/10/2025","date_ts":1760659200000,"profit_abs":0.0,"wins":0,"draws":0,"losses":0,"trades":0,"profit_factor":0.0},{"date":"18/10/2025","date_ts":1760745600000,"profit_abs":0.0,"wins":0,"draws":0,"losses":0,"trades":0,"profit_factor":0.0},{"date":"19/10/2025","date_ts":1760832000000,"profit_abs":0.0,"wins":0,"draws":2,"losses":0,"trades":2,"profit_factor":0.0},{"date":"20/10/2025","date_ts":1760918400000,"profit_abs":0.0,"wins":0,"draws":0,"losses":0,"trades":0,"profit_factor":0.0},{"date":"21/10/2025","date_ts":1761004800000,"profit_abs":0.0,"wins":0,"draws":0,"losses":0,"trades":0,"profit_factor":0.0},{"date":"22/10/2025","date_ts":1761091200000,"profit_abs":0.0,"wins":0,"draws":0,"losses":0,"trades":0,"profit_factor":0.0},{"date":"23/10/2025","date_ts":1761177600000,"profit_abs":0.0,"wins":0,"draws":0,"losses":0,"trades":0,"profit_factor":0.0},{"date":"24/10/2025","date_ts":1761264000000,"profit_abs":0.574136,"wins":1,"draws":0,"losses":0,"trades":1,"profit_factor":0.0},{"date":"25/10/2025","date_ts":1761350400000,"profit_abs":0.0,"wins":0,"draws":0,"losses":0,"trades":0,"profit_factor":0.0},{"date":"26/10/2025","date_ts":1761436800000,"profit_abs":0.0,"wins":0,"draws":0,"losses":0,"trades":0,"profit_factor":0.0},{"date":"27/10/2025","date_ts":1761523200000,"profit_abs":0.0,"wins":0,"draws":0,"losses":0,"trades":0,"profit_factor":0.0},{"date":"28/10/2025","date_ts":1761609600000,"profit_abs":0.0,"wins":0,"draws":0,"losses":0,"trades":0,"profit_factor":0.0},{"date":"29/10/2025","date_ts":1761696000000,"profit_abs":0.0,"wins":0,"draws":0,"losses":0,"trades":0,"profit_factor":0.0},{"date":"30/10/2025","date_ts":1761782400000,"profit_abs":0.0,"wins":0,"draws":0,"losses":0,"trades":0,"profit_factor":0.0},{"date":"31/10/2025","date_ts":1761868800000,"profit_abs":0.0,"wins":0,"draws":0,"losses":0,"trades":0,"profit_factor":0.0},{"date":"01/11/2025","date_ts":1761955200000,"profit_abs":0.0,"wins":0,"draws":1,"losses":0,"trades":1,"profit_factor":0.0},{"date":"02/11/2025","date_ts":1762041600000,"profit_abs":0.0,"wins":0,"draws":1,"losses":0,"trades":1,"profit_factor":0.0},{"date":"03/11/2025","date_ts":1762128000000,"profit_abs":-17.13171537,"wins":0,"draws":0,"losses":1,"trades":1,"profit_factor":0.0},{"date":"04/11/2025","date_ts":1762214400000,"profit_abs":0.0,"wins":0,"draws":0,"losses":0,"trades":0,"profit_factor":0.0},{"date":"05/11/2025","date_ts":1762300800000,"profit_abs":0.0,"wins":0,"draws":0,"losses":0,"trades":0,"profit_factor":0.0},{"date":"06/11/2025","date_ts":1762387200000,"profit_abs":0.0,"wins":0,"draws":0,"losses":0,"trades":0,"profit_factor":0.0},{"date":"07/11/2025","date_ts":1762473600000,"profit_abs":16.22592,"wins":1,"draws":0,"losses":0,"trades":1,"profit_factor":0.0},{"date":"08/11/2025","date_ts":1762560000000,"profit_abs":0.0,"wins":0,"draws":0,"losses":0,"trades":0,"profit_factor":0.0},{"date":"09/11/2025","date_ts":1762646400000,"profit_abs":0.0,"wins":0,"draws":0,"losses":0,"trades":0,"profit_factor":0.0},{"date":"10/11/2025","date_ts":1762732800000,"profit_abs":0.0,"wins":0,"draws":0,"losses":0,"trades":0,"profit_factor":0.0},{"date":"11/11/2025","date_ts":1762819200000,"profit_abs":0.0,"wins":0,"draws":1,"losses":0,"trades":1,"profit_factor":0.0},{"date":"12/11/2025","date_ts":1762905600000,"profit_abs":0.0,"wins":0,"draws":0,"losses":0,"trades":0,"profit_factor":0.0},{"date":"13/11/2025","date_ts":1762992000000,"profit_abs":0.0,"wins":0,"draws":0,"losses":0,"trades":0,"profit_factor":0.0},{"date":"14/11/2025","date_ts":1763078400000,"profit_abs":0.0,"wins":0,"draws":0,"losses":0,"trades":0,"profit_factor":0.0},{"date":"15/11/2025","date_ts":1763164800000,"profit_abs":0.0,"wins":0,"draws":0,"losses":0,"trades":0,"profit_factor":0.0},{"date":"16/11/2025","date_ts":1763251200000,"profit_abs":0.69118518,"wins":1,"draws":0,"losses":0,"trades":1,"profit_factor":0.0},{"date":"17/11/2025","date_ts":1763337600000,"profit_abs":0.0,"wins":0,"draws":0,"losses":0,"trades":0,"profit_factor":0.0},{"date":"18/11/2025","date_ts":1763424000000,"profit_abs":0.0,"wins":0,"draws":0,"losses":0,"trades":0,"profit_factor":0.0},{"date":"19/11/2025","date_ts":1763510400000,"profit_abs":0.0,"wins":0,"draws":0,"losses":0,"trades":0,"profit_factor":0.0},{"date":"20/11/2025","date_ts":1763596800000,"profit_abs":0.0,"wins":0,"draws":0,"losses":0,"trades":0,"profit_factor":0.0},{"date":"21/11/2025","date_ts":1763683200000,"profit_abs":0.0,"wins":0,"draws":0,"losses":0,"trades":0,"profit_factor":0.0},{"date":"22/11/2025","date_ts":1763769600000,"profit_abs":0.0,"wins":0,"draws":0,"losses":0,"trades":0,"profit_factor":0.0},{"date":"23/11/2025","date_ts":1763856000000,"profit_abs":0.0,"wins":0,"draws":0,"losses":0,"trades":0,"profit_factor":0.0},{"date":"24/11/2025","date_ts":1763942400000,"profit_abs":10.4689363,"wins":1,"draws":0,"losses":0,"trades":1,"profit_factor":0.0},{"date":"25/11/2025","date_ts":1764028800000,"profit_abs":0.0,"wins":0,"draws":1,"losses":0,"trades":1,"profit_factor":0.0},{"date":"26/11/2025","date_ts":1764115200000,"profit_abs":9.32296932,"wins":1,"draws":0,"losses":0,"trades":1,"profit_factor":0.0},{"date":"27/11/2025","date_ts":1764201600000,"profit_abs":0.0,"wins":0,"draws":0,"losses":0,"trades":0,"profit_factor":0.0},{"date":"28/11/2025","date_ts":1764288000000,"profit_abs":0.0,"wins":0,"draws":0,"losses":0,"trades":0,"profit_factor":0.0},{"date":"29/11/2025","date_ts":1764374400000,"profit_abs":0.0,"wins":0,"draws":0,"losses":0,"trades":0,"profit_factor":0.0},{"date":"30/11/2025","date_ts":1764460800000,"profit_abs":0.0,"wins":0,"draws":0,"losses":0,"trades":0,"profit_factor":0.0},{"date":"01/12/2025","date_ts":1764547200000,"profit_abs":0.0,"wins":0,"draws":0,"losses":0,"trades":0,"profit_factor":0.0},{"date":"02/12/2025","date_ts":1764633600000,"profit_abs":0.0,"wins":0,"draws":0,"losses":0,"trades":0,"profit_factor":0.0},{"date":"03/12/2025","date_ts":1764720000000,"profit_abs":0.0,"wins":0,"draws":0,"losses":0,"trades":0,"profit_factor":0.0},{"date":"04/12/2025","date_ts":1764806400000,"profit_abs":0.0,"wins":0,"draws":0,"losses":0,"trades":0,"profit_factor":0.0},{"date":"05/12/2025","date_ts":1764892800000,"profit_abs":0.0,"wins":0,"draws":0,"losses":0,"trades":0,"profit_factor":0.0},{"date":"06/12/2025","date_ts":1764979200000,"profit_abs":0.0,"wins":0,"draws":0,"losses":0,"trades":0,"profit_factor":0.0},{"date":"07/12/2025","date_ts":1765065600000,"profit_abs":0.87178455,"wins":1,"draws":0,"losses":0,"trades":1,"profit_factor":0.0},{"date":"08/12/2025","date_ts":1765152000000,"profit_abs":0.0,"wins":0,"draws":0,"losses":0,"trades":0,"profit_factor":0.0},{"date":"09/12/2025","date_ts":1765238400000,"profit_abs":0.0,"wins":0,"draws":1,"losses":0,"trades":1,"profit_factor":0.0},{"date":"10/12/2025","date_ts":1765324800000,"profit_abs":0.0,"wins":0,"draws":0,"losses":0,"trades":0,"profit_factor":0.0},{"date":"11/12/2025","date_ts":1765411200000,"profit_abs":0.0,"wins":0,"draws":0,"losses":0,"trades":0,"profit_factor":0.0},{"date":"12/12/2025","date_ts":1765497600000,"profit_abs":0.0,"wins":0,"draws":0,"losses":0,"trades":0,"profit_factor":0.0},{"date":"13/12/2025","date_ts":1765584000000,"profit_abs":0.0,"wins":0,"draws":0,"losses":0,"trades":0,"profit_factor":0.0},{"date":"14/12/2025","date_ts":1765670400000,"profit_abs":0.0,"wins":0,"draws":0,"losses":0,"trades":0,"profit_factor":0.0},{"date":"15/12/2025","date_ts":1765756800000,"profit_abs":0.0,"wins":0,"draws":0,"losses":0,"trades":0,"profit_factor":0.0},{"date":"16/12/2025","date_ts":1765843200000,"profit_abs":0.0,"wins":0,"draws":0,"losses":0,"trades":0,"profit_factor":0.0},{"date":"17/12/2025","date_ts":1765929600000,"profit_abs":-17.4905112,"wins":0,"draws":0,"losses":1,"trades":1,"profit_factor":0.0},{"date":"18/12/2025","date_ts":1766016000000,"profit_abs":0.0,"wins":0,"draws":1,"losses":0,"trades":1,"profit_factor":0.0},{"date":"19/12/2025","date_ts":1766102400000,"profit_abs":0.0,"wins":0,"draws":0,"losses":0,"trades":0,"profit_factor":0.0},{"date":"20/12/2025","date_ts":1766188800000,"profit_abs":0.0,"wins":0,"draws":0,"losses":0,"trades":0,"profit_factor":0.0},{"date":"21/12/2025","date_ts":1766275200000,"profit_abs":0.0,"wins":0,"draws":0,"losses":0,"trades":0,"profit_factor":0.0},{"date":"22/12/2025","date_ts":1766361600000,"profit_abs":0.0,"wins":0,"draws":1,"losses":0,"trades":1,"profit_factor":0.0},{"date":"23/12/2025","date_ts":1766448000000,"profit_abs":0.0,"wins":0,"draws":0,"losses":0,"trades":0,"profit_factor":0.0},{"date":"24/12/2025","date_ts":1766534400000,"profit_abs":0.0,"wins":0,"draws":0,"losses":0,"trades":0,"profit_factor":0.0},{"date":"25/12/2025","date_ts":1766620800000,"profit_abs":0.0,"wins":0,"draws":0,"losses":0,"trades":0,"profit_factor":0.0},{"date":"26/12/2025","date_ts":1766707200000,"profit_abs":0.0,"wins":0,"draws":0,"losses":0,"trades":0,"profit_factor":0.0},{"date":"27/12/2025","date_ts":1766793600000,"profit_abs":0.0,"wins":0,"draws":0,"losses":0,"trades":0,"profit_factor":0.0},{"date":"28/12/2025","date_ts":1766880000000,"profit_abs":0.0,"wins":0,"draws":0,"losses":0,"trades":0,"profit_factor":0.0},{"date":"29/12/2025","date_ts":1766966400000,"profit_abs":2.64195162,"wins":1,"draws":1,"losses":0,"trades":2,"profit_factor":0.0},{"date":"30/12/2025","date_ts":1767052800000,"profit_abs":0.0,"wins":0,"draws":0,"losses":0,"trades":0,"profit_factor":0.0},{"date":"31/12/2025","date_ts":1767139200000,"profit_abs":0.0,"wins":0,"draws":0,"losses":0,"trades":0,"profit_factor":0.0},{"date":"01/01/2026","date_ts":1767225600000,"profit_abs":0.0,"wins":0,"draws":0,"losses":0,"trades":0,"profit_factor":0.0},{"date":"02/01/2026","date_ts":1767312000000,"profit_abs":0.0,"wins":0,"draws":0,"losses":0,"trades":0,"profit_factor":0.0},{"date":"03/01/2026","date_ts":1767398400000,"profit_abs":0.0,"wins":0,"draws":0,"losses":0,"trades":0,"profit_factor":0.0},{"date":"04/01/2026","date_ts":1767484800000,"profit_abs":0.0,"wins":0,"draws":0,"losses":0,"trades":0,"profit_factor":0.0},{"date":"05/01/2026","date_ts":1767571200000,"profit_abs":3.14868998,"wins":1,"draws":0,"losses":0,"trades":1,"profit_factor":0.0}],"week":[{"date":"06/10/2025","date_ts":1759708800000,"profit_abs":0.0,"wins":0,"draws":1,"losses":0,"trades":1,"profit_factor":0.0},{"date":"13/10/2025","date_ts":1760313600000,"profit_abs":0.0,"wins":0,"draws":0,"losses":0,"trades":0,"profit_factor":0.0},{"date":"20/10/2025","date_ts":1760918400000,"profit_abs":0.0,"wins":0,"draws":2,"losses":0,"trades":2,"profit_factor":0.0},{"date":"27/10/2025","date_ts":1761523200000,"profit_abs":0.574136,"wins":1,"draws":0,"losses":0,"trades":1,"profit_factor":0.0},{"date":"03/11/2025","date_ts":1762128000000,"profit_abs":-17.13171537,"wins":0,"draws":2,"losses":1,"trades":3,"profit_factor":0.0},{"date":"10/11/2025","date_ts":1762732800000,"profit_abs":16.22592,"wins":1,"draws":0,"losses":0,"trades":1,"profit_factor":0.0},{"date":"17/11/2025","date_ts":1763337600000,"profit_abs":0.69118518,"wins":1,"draws":1,"losses":0,"trades":2,"profit_factor":0.0},{"date":"24/11/2025","date_ts":1763942400000,"profit_abs":10.4689363,"wins":1,"draws":0,"losses":0,"trades":1,"profit_factor":0.0},{"date":"01/12/2025","date_ts":1764547200000,"profit_abs":9.32296932,"wins":1,"draws":1,"losses":0,"trades":2,"profit_factor":0.0},{"date":"08/12/2025","date_ts":1765152000000,"profit_abs":0.87178455,"wins":1,"draws":0,"losses":0,"trades":1,"profit_factor":0.0},{"date":"15/12/2025","date_ts":1765756800000,"profit_abs":0.0,"wins":0,"draws":1,"losses":0,"trades":1,"profit_factor":0.0},{"date":"22/12/2025","date_ts":1766361600000,"profit_abs":-17.4905112,"wins":0,"draws":2,"losses":1,"trades":3,"profit_factor":0.0},{"date":"29/12/2025","date_ts":1766966400000,"profit_abs":2.64195162,"wins":1,"draws":1,"losses":0,"trades":2,"profit_factor":0.0},{"date":"05/01/2026","date_ts":1767571200000,"profit_abs":3.14868998,"wins":1,"draws":0,"losses":0,"trades":1,"profit_factor":0.0}],"month":[{"date":"31/10/2025","date_ts":1761868800000,"profit_abs":0.574136,"wins":1,"draws":3,"losses":0,"trades":4,"profit_factor":0.0},{"date":"30/11/2025","date_ts":1764460800000,"profit_abs":19.57729543,"wins":4,"draws":4,"losses":1,"trades":9,"profit_factor":2.14275162},{"date":"31/12/2025","date_ts":1767139200000,"profit_abs":-13.97677503,"wins":2,"draws":4,"losses":1,"trades":7,"profit_factor":0.20089385},{"date":"31/01/2026","date_ts":1769817600000,"profit_abs":3.14868998,"wins":1,"draws":0,"losses":0,"trades":1,"profit_factor":0.0}],"year":[{"date":"31/12/2025","date_ts":1767139200000,"profit_abs":6.1746564,"wins":7,"draws":11,"losses":2,"trades":20,"profit_factor":1.17834371},{"date":"31/12/2026","date_ts":1798675200000,"profit_abs":3.14868998,"wins":1,"draws":0,"losses":0,"trades":1,"profit_factor":0.0}],"weekday":[{"date":"Monday","date_ts":0,"profit_abs":-0.87213747,"wins":3,"draws":2,"losses":1,"trades":6,"profit_factor":0.94909223},{"date":"Tuesday","date_ts":1,"profit_abs":0.0,"wins":0,"draws":3,"losses":0,"trades":3,"profit_factor":0.0},{"date":"Wednesday","date_ts":2,"profit_abs":-8.16754188,"wins":1,"draws":0,"losses":1,"trades":2,"profit_factor":0.53303012},{"date":"Thursday","date_ts":3,"profit_abs":0.0,"wins":0,"draws":1,"losses":0,"trades":1,"profit_factor":0.0},{"date":"Friday","date_ts":4,"profit_abs":16.800056,"wins":2,"draws":1,"losses":0,"trades":3,"profit_factor":0.0},{"date":"Saturday","date_ts":5,"profit_abs":0.0,"wins":0,"draws":1,"losses":0,"trades":1,"profit_factor":0.0},{"date":"Sunday","date_ts":6,"profit_abs":1.56296973,"wins":2,"draws":3,"losses":0,"trades":5,"profit_factor":0.0}]},"backtest_best_day":0.04995004995004995,"backtest_worst_day":-0.051868417127191674,"backtest_best_day_abs":16.22592,"backtest_worst_day_abs":-17.4905112,"winning_days":8,"draw_days":85,"losing_days":2,"daily_profit":[["2025-10-03",0.0],["2025-10-04",0.0],["2025-10-05",0.0],["2025-10-06",0.0],["2025-10-07",0.0],["2025-10-08",0.0],["2025-10-09",0.0],["2025-10-10",0.0],["2025-10-11",0.0],["2025-10-12",0.0],["2025-10-13",0.0],["2025-10-14",0.0],["2025-10-15",0.0],["2025-10-16",0.0],["2025-10-17",0.0],["2025-10-18",0.0],["2025-10-19",0.0],["2025-10-20",0.0],["2025-10-21",0.0],["2025-10-22",0.0],["2025-10-23",0.0],["2025-10-24",0.574136],["2025-10-25",0.0],["2025-10-26",0.0],["2025-10-27",0.0],["2025-10-28",0.0],["2025-10-29",0.0],["2025-10-30",0.0],["2025-10-31",0.0],["2025-11-01",0.0],["2025-11-02",0.0],["2025-11-03",-17.13171537],["2025-11-04",0.0],["2025-11-05",0.0],["2025-11-06",0.0],["2025-11-07",16.22592],["2025-11-08",0.0],["2025-11-09",0.0],["2025-11-10",0.0],["2025-11-11",0.0],["2025-11-12",0.0],["2025-11-13",0.0],["2025-11-14",0.0],["2025-11-15",0.0],["2025-11-16",0.69118518],["2025-11-17",0.0],["2025-11-18",0.0],["2025-11-19",0.0],["2025-11-20",0.0],["2025-11-21",0.0],["2025-11-22",0.0],["2025-11-23",0.0],["2025-11-24",10.4689363],["2025-11-25",0.0],["2025-11-26",9.32296932],["2025-11-27",0.0],["2025-11-28",0.0],["2025-11-29",0.0],["2025-11-30",0.0],["2025-12-01",0.0],["2025-12-02",0.0],["2025-12-03",0.0],["2025-12-04",0.0],["2025-12-05",0.0],["2025-12-06",0.0],["2025-12-07",0.87178455],["2025-12-08",0.0],["2025-12-09",0.0],["2025-12-10",0.0],["2025-12-11",0.0],["2025-12-12",0.0],["2025-12-13",0.0],["2025-12-14",0.0],["2025-12-15",0.0],["2025-12-16",0.0],["2025-12-17",-17.4905112],["2025-12-18",0.0],["2025-12-19",0.0],["2025-12-20",0.0],["2025-12-21",0.0],["2025-12-22",0.0],["2025-12-23",0.0],["2025-12-24",0.0],["2025-12-25",0.0],["2025-12-26",0.0],["2025-12-27",0.0],["2025-12-28",0.0],["2025-12-29",2.64195162],["2025-12-30",0.0],["2025-12-31",0.0],["2026-01-01",0.0],["2026-01-02",0.0],["2026-01-03",0.0],["2026-01-04",0.0],["2026-01-05",3.14868998]],"wins":8,"losses":2,"draws":11,"winrate":0.38095238095238093,"holding_avg":"4:46:00","holding_avg_s":17160.0,"winner_holding_min":"0d 01:00","winner_holding_min_s":3600.0,"winner_holding_max":"0d 02:00","winner_holding_max_s":7200.0,"winner_holding_avg":"0d 01:52","winner_holding_avg_s":6720.0,"loser_holding_min":"0d 01:00","loser_holding_min_s":3600.0,"loser_holding_max":"0d 03:00","loser_holding_max_s":10800.0,"loser_holding_avg":"0d 02:00","loser_holding_avg_s":7200.0,"max_consecutive_wins":2,"max_consecutive_losses":5,"max_drawdown_account":0.01713037561365561,"max_relative_drawdown":0.01713037561365561,"max_drawdown_abs":17.4905112,"drawdown_start":"2025-12-07 20:00:00","drawdown_start_ts":1765137600000.0,"drawdown_end":"2025-12-17 16:00:00","drawdown_end_ts":1765987200000.0,"drawdown_duration":"9 days 20:00:00","drawdown_duration_s":849600.0,"max_drawdown_low":3.5327047799999995,"max_drawdown_high":21.02321598,"csum_min":983.44242063,"csum_max":1021.02321598}},"strategy_comparison":[{"key":"ACO_24_16","trades":21,"profit_mean":0.001414685682304294,"profit_mean_pct":0.14,"profit_total_abs":9.323346379999998,"profit_total":0.009323346379999998,"profit_total_pct":0.93,"duration_avg":"4:46:00","wins":8,"draws":11,"losses":2,"winrate":0.38095238095238093,"cagr":0.03553702878716014,"expectancy":0.4439688752380955,"expectancy_ratio":-0.49816305798558447,"sortino":10.235972868393084,"sharpe":0.25683163140748916,"calmar":10.719625955676452,"sqn":0.2777,"profit_factor":1.2692878911513634,"max_drawdown_account":0.01713037561365561,"max_drawdown_abs":"17.491"}]}