{"strategy":{"ACO_48_12":{"trades":[{"pair":"DOGE/USDT","stake_amount":329.96816,"max_stake_amount":329.96816,"amount":1328.0,"open_date":"2025-10-07 19:00:00+00:00","close_date":"2025-10-07 21:00:00+00:00","open_rate":0.24847,"close_rate":0.25136,"fee_open":0.001,"fee_close":0.001,"trade_duration":120,"profit_ratio":0.009609941714421128,"profit_abs":3.17414576,"exit_reason":"roi","initial_stop_loss_abs":0.23605,"initial_stop_loss_ratio":-0.05,"stop_loss_abs":0.23605,"stop_loss_ratio":-0.05,"min_rate":0.2482,"max_rate":0.25214,"is_open":false,"enter_tag":"","leverage":1.0,"is_short":false,"open_timestamp":1759863600000,"close_timestamp":1759870800000,"orders":[{"amount":1328.0,"safe_price":0.24847,"ft_order_side":"buy","order_filled_timestamp":1759863600000,"ft_is_entry":true,"ft_order_tag":"","cost":330.29812816},{"amount":1328.0,"safe_price":0.25136,"ft_order_side":"sell","order_filled_timestamp":1759870800000,"ft_is_entry":false,"ft_order_tag":"roi","cost":334.13988607999994}],"funding_fees":0.0,"weekday":1},{"pair":"DOGE/USDT","stake_amount":330.97221,"max_stake_amount":330.97221,"amount":1341.0,"open_date":"2025-10-08 00:00:00+00:00","close_date":"2025-10-08 02:00:00+00:00","open_rate":0.24681,"close_rate":0.24977,"fee_open":0.001,"fee_close":0.001,"trade_duration":120,"profit_ratio":0.00997106697848159,"profit_abs":3.30344622,"exit_reason":"roi","initial_stop_loss_abs":0.23447,"initial_stop_loss_ratio":-0.05,"stop_loss_abs":0.23447,"stop_loss_ratio":-0.05,"min_rate":0.24669,"max_rate":0.25061,"is_open":false,"enter_tag":"","leverage":1.0,"is_short":false,"open_timestamp":1759881600000,"close_timestamp":1759888800000,"orders":[{"amount":1341.0,"safe_price":0.24681,"ft_order_side":"buy","order_filled_timestamp":1759881600000,"ft_is_entry":true,"ft_order_tag":"","cost":331.30318221},{"amount":1341.0,"safe_price":0.24977,"ft_order_side":"sell","order_filled_timestamp":1759888800000,"ft_is_entry":false,"ft_order_tag":"roi","cost":335.27651156999997}],"funding_fees":0.0,"weekday":2},{"pair":"DOGE/USDT","stake_amount":332.11218,"max_stake_amount":332.11218,"amount":1357.0,"open_date":"2025-10-08 04:00:00+00:00","close_date":"2025-10-08 06:00:00+00:00","open_rate":0.24474,"close_rate":0.24538,"fee_open":0.001,"fee_close":0.001,"trade_duration":120,"profit_ratio":0.0006117932080177729,"profit_abs":0.20338716,"exit_reason":"roi","initial_stop_loss_abs":0.23251,"initial_stop_loss_ratio":-0.05,"stop_loss_abs":0.23251,"stop_loss_ratio":-0.05,"min_rate":0.24291,"max_rate":0.24706,"is_open":false,"enter_tag":"","leverage":1.0,"is_short":false,"open_timestamp":1759896000000,"close_timestamp":1759903200000,"orders":[{"amount":1357.0,"safe_price":0.24474,"ft_order_side":"buy","order_filled_timestamp":1759896000000,"ft_is_entry":true,"ft_order_tag":"","cost":332.44429218},{"amount":1357.0,"safe_price":0.24538,"ft_order_side":"sell","order_filled_timestamp":1759903200000,"ft_is_entry":false,"ft_order_tag":"roi","cost":333.31364066}],"funding_fees":0.0,"weekday":2},{"pair":"DOGE/USDT","stake_amount":332.0916,"max_stake_amount":332.0916,"amount":1784.0,"open_date":"2025-10-10 22:00:00+00:00","close_date":"2025-10-10 22:00:00+00:00","open_rate":0.18615,"close_rate":0.17685,"fee_open":0.001,"fee_close":0.001,"trade_duration":0,"profit_ratio":-0.051857892309141305,"profit_abs":-17.238792,"exit_reason":"stop_loss","initial_stop_loss_abs":0.17685,"initial_stop_loss_ratio":-0.05,"stop_loss_abs":0.17685,"stop_loss_ratio":-0.05,"min_rate":0.16923,"max_rate":0.19509,"is_open":false,"enter_tag":"","leverage":1.0,"is_short":false,"open_timestamp":1760133600000,"close_timestamp":1760133600000,"orders":[{"amount":1784.0,"safe_price":0.18615,"ft_order_side":"buy","order_filled_timestamp":1760133600000,"ft_is_entry":true,"ft_order_tag":"","cost":332.4236916},{"amount":1784.0,"safe_price":0.17685,"ft_order_side":"sell","order_filled_timestamp":1760133600000,"ft_is_entry":false,"ft_order_tag":"stop_loss","cost":315.8159004}],"funding_fees":0.0,"weekday":4},{"pair":"DOGE/USDT","stake_amount":326.33253,"max_stake_amount":326.33253,"amount":1681.0,"open_date":"2025-10-10 23:00:00+00:00","close_date":"2025-10-11 01:00:00+00:00","open_rate":0.19413,"close_rate":0.19537,"fee_open":0.001,"fee_close":0.001,"trade_duration":120,"profit_ratio":0.004376708131923709,"profit_abs":1.4296905,"exit_reason":"roi","initial_stop_loss_abs":0.18443,"initial_stop_loss_ratio":-0.05,"stop_loss_abs":0.18443,"stop_loss_ratio":-0.05,"min_rate":0.18495,"max_rate":0.2,"is_open":false,"enter_tag":"","leverage":1.0,"is_short":false,"open_timestamp":1760137200000,"close_timestamp":1760144400000,"orders":[{"amount":1681.0,"safe_price":0.19413,"ft_order_side":"buy","order_filled_timestamp":1760137200000,"ft_is_entry":true,"ft_order_tag":"","cost":326.65886252999996},{"amount":1681.0,"safe_price":0.19537,"ft_order_side":"sell","order_filled_timestamp":1760144400000,"ft_is_entry":false,"ft_order_tag":"roi","cost":328.74538696999997}],"funding_fees":0.0,"weekday":5},{"pair":"DOGE/USDT","stake_amount":326.86929,"max_stake_amount":326.86929,"amount":1727.0,"open_date":"2025-10-11 02:00:00+00:00","close_date":"2025-10-11 03:00:00+00:00","open_rate":0.18927,"close_rate":0.19912189189189186,"fee_open":0.001,"fee_close":0.001,"trade_duration":60,"profit_ratio":0.049950049950049945,"profit_abs":16.3434645,"exit_reason":"roi","initial_stop_loss_abs":0.17981,"initial_stop_loss_ratio":-0.05,"stop_loss_abs":0.17981,"stop_loss_ratio":-0.05,"min_rate":0.189,"max_rate":0.20048,"is_open":false,"enter_tag":"","leverage":1.0,"is_short":false,"open_timestamp":1760148000000,"close_timestamp":1760151600000,"orders":[{"amount":1727.0,"safe_price":0.18927,"ft_order_side":"buy","order_filled_timestamp":1760148000000,"ft_is_entry":true,"ft_order_tag":"","cost":327.19615928999997},{"amount":1727.0,"safe_price":0.19912189189189186,"ft_order_side":"sell","order_filled_timestamp":1760151600000,"ft_is_entry":false,"ft_order_tag":"roi","cost":344.2273908045945}],"funding_fees":0.0,"weekday":5},{"pair":"DOGE/USDT","stake_amount":332.24832,"max_stake_amount":332.24832,"amount":1719.0,"open_date":"2025-10-11 04:00:00+00:00","close_date":"2025-10-11 06:00:00+00:00","open_rate":0.19328,"close_rate":0.19366694694694694,"fee_open":0.001,"fee_close":0.001,"trade_duration":120,"profit_ratio":0.0,"profit_abs":0.0,"exit_reason":"roi","initial_stop_loss_abs":0.18362,"initial_stop_loss_ratio":-0.05,"stop_loss_abs":0.18362,"stop_loss_ratio":-0.05,"min_rate":0.18994,"max_rate":0.1971,"is_open":false,"enter_tag":"","leverage":1.0,"is_short":false,"open_timestamp":1760155200000,"close_timestamp":1760162400000,"orders":[{"amount":1719.0,"safe_price":0.19328,"ft_order_side":"buy","order_filled_timestamp":1760155200000,"ft_is_entry":true,"ft_order_tag":"","cost":332.58056832},{"amount":1719.0,"safe_price":0.19366694694694694,"ft_order_side":"sell","order_filled_timestamp":1760162400000,"ft_is_entry":false,"ft_order_tag":"roi","cost":333.2463952836036}],"funding_fees":0.0,"weekday":5},{"pair":"DOGE/USDT","stake_amount":332.333,"max_stake_amount":332.333,"amount":1730.0,"open_date":"2025-10-11 07:00:00+00:00","close_date":"2025-10-11 09:00:00+00:00","open_rate":0.1921,"close_rate":0.19534,"fee_open":0.001,"fee_close":0.001,"trade_duration":120,"profit_ratio":0.014834514782458562,"profit_abs":4.9349288,"exit_reason":"roi","initial_stop_loss_abs":0.1825,"initial_stop_loss_ratio":-0.05,"stop_loss_abs":0.1825,"stop_loss_ratio":-0.05,"min_rate":0.1881,"max_rate":0.19776,"is_open":false,"enter_tag":"","leverage":1.0,"is_short":false,"open_timestamp":1760166000000,"close_timestamp":1760173200000,"orders":[{"amount":1730.0,"safe_price":0.1921,"ft_order_side":"buy","order_filled_timestamp":1760166000000,"ft_is_entry":true,"ft_order_tag":"","cost":332.6653329999999},{"amount":1730.0,"safe_price":0.19534,"ft_order_side":"sell","order_filled_timestamp":1760173200000,"ft_is_entry":false,"ft_order_tag":"roi","cost":338.2761382}],"funding_fees":0.0,"weekday":5},{"pair":"DOGE/USDT","stake_amount":333.8348,"max_stake_amount":333.8348,"amount":1720.0,"open_date":"2025-10-11 10:00:00+00:00","close_date":"2025-10-11 19:00:00+00:00","open_rate":0.19409,"close_rate":0.18439,"fee_open":0.001,"fee_close":0.001,"trade_duration":540,"profit_ratio":-0.05187496310171358,"profit_abs":-17.3349856,"exit_reason":"stop_loss","initial_stop_loss_abs":0.18439,"initial_stop_loss_ratio":-0.05,"stop_loss_abs":0.18439,"stop_loss_ratio":-0.05,"min_rate":0.18286,"max_rate":0.19664,"is_open":false,"enter_tag":"","leverage":1.0,"is_short":false,"open_timestamp":1760176800000,"close_timestamp":1760209200000,"orders":[{"amount":1720.0,"safe_price":0.19409,"ft_order_side":"buy","order_filled_timestamp":1760176800000,"ft_is_entry":true,"ft_order_tag":"","cost":334.1686348},{"amount":1720.0,"safe_price":0.18439,"ft_order_side":"sell","order_filled_timestamp":1760209200000,"ft_is_entry":false,"ft_order_tag":"stop_loss","cost":317.4679508}],"funding_fees":0.0,"weekday":5},{"pair":"DOGE/USDT","stake_amount":328.2854,"max_stake_amount":328.2854,"amount":1780.0,"open_date":"2025-10-11 20:00:00+00:00","close_date":"2025-10-11 22:00:00+00:00","open_rate":0.18443,"close_rate":0.18479922922922923,"fee_open":0.001,"fee_close":0.001,"trade_duration":120,"profit_ratio":0.0,"profit_abs":0.0,"exit_reason":"roi","initial_stop_loss_abs":0.17521,"initial_stop_loss_ratio":-0.05,"stop_loss_abs":0.17521,"stop_loss_ratio":-0.05,"min_rate":0.17816,"max_rate":0.18622,"is_open":false,"enter_tag":"","leverage":1.0,"is_short":false,"open_timestamp":1760212800000,"close_timestamp":1760220000000,"orders":[{"amount":1780.0,"safe_price":0.18443,"ft_order_side":"buy","order_filled_timestamp":1760212800000,"ft_is_entry":true,"ft_order_tag":"","cost":328.6136854},{"amount":1780.0,"safe_price":0.18479922922922923,"ft_order_side":"sell","order_filled_timestamp":1760220000000,"ft_is_entry":false,"ft_order_tag":"roi","cost":329.27157065605604}],"funding_fees":0.0,"weekday":5},{"pair":"DOGE/USDT","stake_amount":328.24322,"max_stake_amount":328.24322,"amount":1774.0,"open_date":"2025-10-11 23:00:00+00:00","close_date":"2025-10-12 03:00:00+00:00","open_rate":0.18503,"close_rate":0.18540043043043042,"fee_open":0.001,"fee_close":0.001,"trade_duration":240,"profit_ratio":0.0,"profit_abs":0.0,"exit_reason":"roi","initial_stop_loss_abs":0.17578,"initial_stop_loss_ratio":-0.05,"stop_loss_abs":0.17578,"stop_loss_ratio":-0.05,"min_rate":0.18072,"max_rate":0.18675,"is_open":false,"enter_tag":"","leverage":1.0,"is_short":false,"open_timestamp":1760223600000,"close_timestamp":1760238000000,"orders":[{"amount":1774.0,"safe_price":0.18503,"ft_order_side":"buy","order_filled_timestamp":1760223600000,"ft_is_entry":true,"ft_order_tag":"","cost":328.57146322},{"amount":1774.0,"safe_price":0.18540043043043042,"ft_order_side":"sell","order_filled_timestamp":1760238000000,"ft_is_entry":false,"ft_order_tag":"roi","cost":329.2292639471671}],"funding_fees":0.0,"weekday":6},{"pair":"DOGE/USDT","stake_amount":328.22756,"max_stake_amount":328.22756,"amount":1772.0,"open_date":"2025-10-12 04:00:00+00:00","close_date":"2025-10-12 06:00:00+00:00","open_rate":0.18523,"close_rate":0.18862,"fee_open":0.001,"fee_close":0.001,"trade_duration":120,"profit_ratio":0.016267002446347045,"profit_abs":5.3446178,"exit_reason":"roi","initial_stop_loss_abs":0.17597,"initial_stop_loss_ratio":-0.05,"stop_loss_abs":0.17597,"stop_loss_ratio":-0.05,"min_rate":0.1848,"max_rate":0.19118,"is_open":false,"enter_tag":"","leverage":1.0,"is_short":false,"open_timestamp":1760241600000,"close_timestamp":1760248800000,"orders":[{"amount":1772.0,"safe_price":0.18523,"ft_order_side":"buy","order_filled_timestamp":1760241600000,"ft_is_entry":true,"ft_order_tag":"","cost":328.55578755999994},{"amount":1772.0,"safe_price":0.18862,"ft_order_side":"sell","order_filled_timestamp":1760248800000,"ft_is_entry":false,"ft_order_tag":"roi","cost":334.56887464}],"funding_fees":0.0,"weekday":6},{"pair":"DOGE/USDT","stake_amount":329.93101,"max_stake_amount":329.93101,"amount":1691.0,"open_date":"2025-10-15 22:00:00+00:00","close_date":"2025-10-16 00:00:00+00:00","open_rate":0.19511,"close_rate":0.19621,"fee_open":0.001,"fee_close":0.001,"trade_duration":120,"profit_ratio":0.003628578893813889,"profit_abs":1.19837788,"exit_reason":"roi","initial_stop_loss_abs":0.18536,"initial_stop_loss_ratio":-0.05,"stop_loss_abs":0.18536,"stop_loss_ratio":-0.05,"min_rate":0.1946,"max_rate":0.19684,"is_open":false,"enter_tag":"","leverage":1.0,"is_short":false,"open_timestamp":1760565600000,"close_timestamp":1760572800000,"orders":[{"amount":1691.0,"safe_price":0.19511,"ft_order_side":"buy","order_filled_timestamp":1760565600000,"ft_is_entry":true,"ft_order_tag":"","cost":330.26094100999995},{"amount":1691.0,"safe_price":0.19621,"ft_order_side":"sell","order_filled_timestamp":1760572800000,"ft_is_entry":false,"ft_order_tag":"roi","cost":332.12290111}],"funding_fees":0.0,"weekday":3},{"pair":"DOGE/USDT","stake_amount":330.34848,"max_stake_amount":330.34848,"amount":1744.0,"open_date":"2025-10-16 16:00:00+00:00","close_date":"2025-10-16 18:00:00+00:00","open_rate":0.18942,"close_rate":0.19127,"fee_open":0.001,"fee_close":0.001,"trade_duration":120,"profit_ratio":0.007749140311699703,"profit_abs":2.56247664,"exit_reason":"roi","initial_stop_loss_abs":0.17995,"initial_stop_loss_ratio":-0.05,"stop_loss_abs":0.17995,"stop_loss_ratio":-0.05,"min_rate":0.1875,"max_rate":0.19484,"is_open":false,"enter_tag":"","leverage":1.0,"is_short":false,"open_timestamp":1760630400000,"close_timestamp":1760637600000,"orders":[{"amount":1744.0,"safe_price":0.18942,"ft_order_side":"buy","order_filled_timestamp":1760630400000,"ft_is_entry":true,"ft_order_tag":"","cost":330.67882847999994},{"amount":1744.0,"safe_price":0.19127,"ft_order_side":"sell","order_filled_timestamp":1760637600000,"ft_is_entry":false,"ft_order_tag":"roi","cost":333.90845487999997}],"funding_fees":0.0,"weekday":3},{"pair":"DOGE/USDT","stake_amount":331.24245,"max_stake_amount":331.24245,"amount":1785.0,"open_date":"2025-10-16 21:00:00+00:00","close_date":"2025-10-16 23:00:00+00:00","open_rate":0.18557,"close_rate":0.18642,"fee_open":0.001,"fee_close":0.001,"trade_duration":120,"profit_ratio":0.0025733279491968936,"profit_abs":0.85324785,"exit_reason":"roi","initial_stop_loss_abs":0.1763,"initial_stop_loss_ratio":-0.05,"stop_loss_abs":0.1763,"stop_loss_ratio":-0.05,"min_rate":0.18548,"max_rate":0.18894,"is_open":false,"enter_tag":"","leverage":1.0,"is_short":false,"open_timestamp":1760648400000,"close_timestamp":1760655600000,"orders":[{"amount":1785.0,"safe_price":0.18557,"ft_order_side":"buy","order_filled_timestamp":1760648400000,"ft_is_entry":true,"ft_order_tag":"","cost":331.57369245},{"amount":1785.0,"safe_price":0.18642,"ft_order_side":"sell","order_filled_timestamp":1760655600000,"ft_is_entry":false,"ft_order_tag":"roi","cost":333.09245969999995}],"funding_fees":0.0,"weekday":3},{"pair":"DOGE/USDT","stake_amount":331.42,"max_stake_amount":331.42,"amount":1816.0,"open_date":"2025-10-17 07:00:00+00:00","close_date":"2025-10-17 11:00:00+00:00","open_rate":0.1825,"close_rate":0.18286536536536532,"fee_open":0.001,"fee_close":0.001,"trade_duration":240,"profit_ratio":0.0,"profit_abs":0.0,"exit_reason":"roi","initial_stop_loss_abs":0.17338,"initial_stop_loss_ratio":-0.05,"stop_loss_abs":0.17338,"stop_loss_ratio":-0.05,"min_rate":0.17555,"max_rate":0.184,"is_open":false,"enter_tag":"","leverage":1.0,"is_short":false,"open_timestamp":1760684400000,"close_timestamp":1760698800000,"orders":[{"amount":1816.0,"safe_price":0.1825,"ft_order_side":"buy","order_filled_timestamp":1760684400000,"ft_is_entry":true,"ft_order_tag":"","cost":331.75142},{"amount":1816.0,"safe_price":0.18286536536536532,"ft_order_side":"sell","order_filled_timestamp":1760698800000,"ft_is_entry":false,"ft_order_tag":"roi","cost":332.4155870070069}],"funding_fees":0.0,"weekday":4},{"pair":"DOGE/USDT","stake_amount":331.52454,"max_stake_amount":331.52454,"amount":1767.0,"open_date":"2025-10-22 22:00:00+00:00","close_date":"2025-10-23 00:00:00+00:00","open_rate":0.18762,"close_rate":0.18993,"fee_open":0.001,"fee_close":0.001,"trade_duration":120,"profit_ratio":0.01028951860419721,"profit_abs":3.41463915,"exit_reason":"roi","initial_stop_loss_abs":0.17824,"initial_stop_loss_ratio":-0.05,"stop_loss_abs":0.17824,"stop_loss_ratio":-0.05,"min_rate":0.18671,"max_rate":0.19094,"is_open":false,"enter_tag":"","leverage":1.0,"is_short":false,"open_timestamp":1761170400000,"close_timestamp":1761177600000,"orders":[{"amount":1767.0,"safe_price":0.18762,"ft_order_side":"buy","order_filled_timestamp":1761170400000,"ft_is_entry":true,"ft_order_tag":"","cost":331.85606454},{"amount":1767.0,"safe_price":0.18993,"ft_order_side":"sell","order_filled_timestamp":1761177600000,"ft_is_entry":false,"ft_order_tag":"roi","cost":335.9419163099999}],"funding_fees":0.0,"weekday":3},{"pair":"DOGE/USDT","stake_amount":332.5455,"max_stake_amount":332.5455,"amount":1725.0,"open_date":"2025-10-28 22:00:00+00:00","close_date":"2025-10-29 00:00:00+00:00","open_rate":0.19278,"close_rate":0.19362,"fee_open":0.001,"fee_close":0.001,"trade_duration":120,"profit_ratio":0.0023505905858847037,"profit_abs":0.78246,"exit_reason":"roi","initial_stop_loss_abs":0.18315,"initial_stop_loss_ratio":-0.05,"stop_loss_abs":0.18315,"stop_loss_ratio":-0.05,"min_rate":0.19202,"max_rate":0.1942,"is_open":false,"enter_tag":"","leverage":1.0,"is_short":false,"open_timestamp":1761688800000,"close_timestamp":1761696000000,"orders":[{"amount":1725.0,"safe_price":0.19278,"ft_order_side":"buy","order_filled_timestamp":1761688800000,"ft_is_entry":true,"ft_order_tag":"","cost":332.8780455},{"amount":1725.0,"safe_price":0.19362,"ft_order_side":"sell","order_filled_timestamp":1761696000000,"ft_is_entry":false,"ft_order_tag":"roi","cost":334.3284944999999}],"funding_fees":0.0,"weekday":2},{"pair":"DOGE/USDT","stake_amount":332.9432,"max_stake_amount":332.9432,"amount":1808.0,"open_date":"2025-10-30 13:00:00+00:00","close_date":"2025-10-31 00:00:00+00:00","open_rate":0.18415,"close_rate":0.18451866866866865,"fee_open":0.001,"fee_close":0.001,"trade_duration":660,"profit_ratio":0.0,"profit_abs":0.0,"exit_reason":"roi","initial_stop_loss_abs":0.17495,"initial_stop_loss_ratio":-0.05,"stop_loss_abs":0.17495,"stop_loss_ratio":-0.05,"min_rate":0.17642,"max_rate":0.185,"is_open":false,"enter_tag":"","leverage":1.0,"is_short":false,"open_timestamp":1761829200000,"close_timestamp":1761868800000,"orders":[{"amount":1808.0,"safe_price":0.18415,"ft_order_side":"buy","order_filled_timestamp":1761829200000,"ft_is_entry":true,"ft_order_tag":"","cost":333.2761432},{"amount":1808.0,"safe_price":0.18451866866866865,"ft_order_side":"sell","order_filled_timestamp":1761868800000,"ft_is_entry":false,"ft_order_tag":"roi","cost":333.9433627059058}],"funding_fees":0.0,"weekday":4},{"pair":"DOGE/USDT","stake_amount":332.81352,"max_stake_amount":332.81352,"amount":1922.0,"open_date":"2025-11-03 07:00:00+00:00","close_date":"2025-11-03 09:00:00+00:00","open_rate":0.17316,"close_rate":0.1738,"fee_open":0.001,"fee_close":0.001,"trade_duration":120,"profit_ratio":0.00169061707523246,"profit_abs":0.56322288,"exit_reason":"roi","initial_stop_loss_abs":0.16451,"initial_stop_loss_ratio":-0.05,"stop_loss_abs":0.16451,"stop_loss_ratio":-0.05,"min_rate":0.17236,"max_rate":0.17534,"is_open":false,"enter_tag":"","leverage":1.0,"is_short":false,"open_timestamp":1762153200000,"close_timestamp":1762160400000,"orders":[{"amount":1922.0,"safe_price":0.17316,"ft_order_side":"buy","order_filled_timestamp":1762153200000,"ft_is_entry":true,"ft_order_tag":"","cost":333.14633352},{"amount":1922.0,"safe_price":0.1738,"ft_order_side":"sell","order_filled_timestamp":1762160400000,"ft_is_entry":false,"ft_order_tag":"roi","cost":334.3776436}],"funding_fees":0.0,"weekday":0},{"pair":"DOGE/USDT","stake_amount":333.00416,"max_stake_amount":333.00416,"amount":1928.0,"open_date":"2025-11-03 10:00:00+00:00","close_date":"2025-11-03 12:00:00+00:00","open_rate":0.17272,"close_rate":0.17423,"fee_open":0.001,"fee_close":0.001,"trade_duration":120,"profit_ratio":0.006727003890042334,"profit_abs":2.2423604,"exit_reason":"roi","initial_stop_loss_abs":0.16409,"initial_stop_loss_ratio":-0.05,"stop_loss_abs":0.16409,"stop_loss_ratio":-0.05,"min_rate":0.1714,"max_rate":0.17564,"is_open":false,"enter_tag":"","leverage":1.0,"is_short":false,"open_timestamp":1762164000000,"close_timestamp":1762171200000,"orders":[{"amount":1928.0,"safe_price":0.17272,"ft_order_side":"buy","order_filled_timestamp":1762164000000,"ft_is_entry":true,"ft_order_tag":"","cost":333.33716416},{"amount":1928.0,"safe_price":0.17423,"ft_order_side":"sell","order_filled_timestamp":1762171200000,"ft_is_entry":false,"ft_order_tag":"roi","cost":336.25135543999994}],"funding_fees":0.0,"weekday":0},{"pair":"DOGE/USDT","stake_amount":333.80365,"max_stake_amount":333.80365,"amount":1915.0,"open_date":"2025-11-03 13:00:00+00:00","close_date":"2025-11-03 15:00:00+00:00","open_rate":0.17431,"close_rate":0.1656,"fee_open":0.001,"fee_close":0.001,"trade_duration":120,"profit_ratio":-0.05186661196069721,"profit_abs":-17.33057765,"exit_reason":"stop_loss","initial_stop_loss_abs":0.1656,"initial_stop_loss_ratio":-0.05,"stop_loss_abs":0.1656,"stop_loss_ratio":-0.05,"min_rate":0.16017,"max_rate":0.17581,"is_open":false,"enter_tag":"","leverage":1.0,"is_short":false,"open_timestamp":1762174800000,"close_timestamp":1762182000000,"orders":[{"amount":1915.0,"safe_price":0.17431,"ft_order_side":"buy","order_filled_timestamp":1762174800000,"ft_is_entry":true,"ft_order_tag":"","cost":334.13745364999994},{"amount":1915.0,"safe_price":0.1656,"ft_order_side":"sell","order_filled_timestamp":1762182000000,"ft_is_entry":false,"ft_order_tag":"stop_loss","cost":317.44112399999995}],"funding_fees":0.0,"weekday":0},{"pair":"DOGE/USDT","stake_amount":328.02728,"max_stake_amount":328.02728,"amount":1964.0,"open_date":"2025-11-03 16:00:00+00:00","close_date":"2025-11-03 18:00:00+00:00","open_rate":0.16702,"close_rate":0.17137,"fee_open":0.001,"fee_close":0.001,"trade_duration":120,"profit_ratio":0.023994745525101172,"profit_abs":7.87880204,"exit_reason":"roi","initial_stop_loss_abs":0.15867,"initial_stop_loss_ratio":-0.05,"stop_loss_abs":0.15867,"stop_loss_ratio":-0.05,"min_rate":0.16553,"max_rate":0.1717,"is_open":false,"enter_tag":"","leverage":1.0,"is_short":false,"open_timestamp":1762185600000,"close_timestamp":1762192800000,"orders":[{"amount":1964.0,"safe_price":0.16702,"ft_order_side":"buy","order_filled_timestamp":1762185600000,"ft_is_entry":true,"ft_order_tag":"","cost":328.35530728},{"amount":1964.0,"safe_price":0.17137,"ft_order_side":"sell","order_filled_timestamp":1762192800000,"ft_is_entry":false,"ft_order_tag":"roi","cost":336.90725067999995}],"funding_fees":0.0,"weekday":0},{"pair":"DOGE/USDT","stake_amount":330.7145,"max_stake_amount":330.7145,"amount":1954.0,"open_date":"2025-11-03 19:00:00+00:00","close_date":"2025-11-04 01:00:00+00:00","open_rate":0.16925,"close_rate":0.16958883883883882,"fee_open":0.001,"fee_close":0.001,"trade_duration":360,"profit_ratio":0.0,"profit_abs":0.0,"exit_reason":"roi","initial_stop_loss_abs":0.16079,"initial_stop_loss_ratio":-0.05,"stop_loss_abs":0.16079,"stop_loss_ratio":-0.05,"min_rate":0.16433,"max_rate":0.17033,"is_open":false,"enter_tag":"","leverage":1.0,"is_short":false,"open_timestamp":1762196400000,"close_timestamp":1762218000000,"orders":[{"amount":1954.0,"safe_price":0.16925,"ft_order_side":"buy","order_filled_timestamp":1762196400000,"ft_is_entry":true,"ft_order_tag":"","cost":331.0452145},{"amount":1954.0,"safe_price":0.16958883883883882,"ft_order_side":"sell","order_filled_timestamp":1762218000000,"ft_is_entry":false,"ft_order_tag":"roi","cost":331.70796768218213}],"funding_fees":0.0,"weekday":1},{"pair":"DOGE/USDT","stake_amount":330.71777,"max_stake_amount":330.71777,"amount":2053.0,"open_date":"2025-11-04 06:00:00+00:00","close_date":"2025-11-04 08:00:00+00:00","open_rate":0.16109,"close_rate":0.16201,"fee_open":0.001,"fee_close":0.001,"trade_duration":120,"profit_ratio":0.003701680404144865,"profit_abs":1.2254357,"exit_reason":"roi","initial_stop_loss_abs":0.15304,"initial_stop_loss_ratio":-0.05,"stop_loss_abs":0.15304,"stop_loss_ratio":-0.05,"min_rate":0.16062,"max_rate":0.16735,"is_open":false,"enter_tag":"","leverage":1.0,"is_short":false,"open_timestamp":1762236000000,"close_timestamp":1762243200000,"orders":[{"amount":2053.0,"safe_price":0.16109,"ft_order_side":"buy","order_filled_timestamp":1762236000000,"ft_is_entry":true,"ft_order_tag":"","cost":331.04848777},{"amount":2053.0,"safe_price":0.16201,"ft_order_side":"sell","order_filled_timestamp":1762243200000,"ft_is_entry":false,"ft_order_tag":"roi","cost":332.9391365299999}],"funding_fees":0.0,"weekday":1},{"pair":"DOGE/USDT","stake_amount":331.08565,"max_stake_amount":331.08565,"amount":2359.0,"open_date":"2025-11-21 08:00:00+00:00","close_date":"2025-11-21 12:00:00+00:00","open_rate":0.14035,"close_rate":0.13334,"fee_open":0.001,"fee_close":0.001,"trade_duration":240,"profit_ratio":-0.0518447708330145,"profit_abs":-17.18222471,"exit_reason":"stop_loss","initial_stop_loss_abs":0.13334,"initial_stop_loss_ratio":-0.05,"stop_loss_abs":0.13334,"stop_loss_ratio":-0.05,"min_rate":0.13321,"max_rate":0.14234,"is_open":false,"enter_tag":"","leverage":1.0,"is_short":false,"open_timestamp":1763712000000,"close_timestamp":1763726400000,"orders":[{"amount":2359.0,"safe_price":0.14035,"ft_order_side":"buy","order_filled_timestamp":1763712000000,"ft_is_entry":true,"ft_order_tag":"","cost":331.41673564999996},{"amount":2359.0,"safe_price":0.13334,"ft_order_side":"sell","order_filled_timestamp":1763726400000,"ft_is_entry":false,"ft_order_tag":"stop_loss","cost":314.86360905999993}],"funding_fees":0.0,"weekday":4},{"pair":"DOGE/USDT","stake_amount":325.46613,"max_stake_amount":325.46613,"amount":2343.0,"open_date":"2025-11-21 13:00:00+00:00","close_date":"2025-11-21 15:00:00+00:00","open_rate":0.13891,"close_rate":0.14133,"fee_open":0.001,"fee_close":0.001,"trade_duration":120,"profit_ratio":0.015388542060487924,"profit_abs":5.01345768,"exit_reason":"roi","initial_stop_loss_abs":0.13197,"initial_stop_loss_ratio":-0.05,"stop_loss_abs":0.13197,"stop_loss_ratio":-0.05,"min_rate":0.13746,"max_rate":0.14209,"is_open":false,"enter_tag":"","leverage":1.0,"is_short":false,"open_timestamp":1763730000000,"close_timestamp":1763737200000,"orders":[{"amount":2343.0,"safe_price":0.13891,"ft_order_side":"buy","order_filled_timestamp":1763730000000,"ft_is_entry":true,"ft_order_tag":"","cost":325.79159612999996},{"amount":2343.0,"safe_price":0.14133,"ft_order_side":"sell","order_filled_timestamp":1763737200000,"ft_is_entry":false,"ft_order_tag":"roi","cost":331.46732618999994}],"funding_fees":0.0,"weekday":4},{"pair":"DOGE/USDT","stake_amount":327.0237,"max_stake_amount":327.0237,"amount":2390.0,"open_date":"2025-12-01 05:00:00+00:00","close_date":"2025-12-01 07:00:00+00:00","open_rate":0.13683,"close_rate":0.1371039339339339,"fee_open":0.001,"fee_close":0.001,"trade_duration":120,"profit_ratio":0.0,"profit_abs":0.0,"exit_reason":"roi","initial_stop_loss_abs":0.12999,"initial_stop_loss_ratio":-0.05,"stop_loss_abs":0.12999,"stop_loss_ratio":-0.05,"min_rate":0.13655,"max_rate":0.13778,"is_open":false,"enter_tag":"","leverage":1.0,"is_short":false,"open_timestamp":1764565200000,"close_timestamp":1764572400000,"orders":[{"amount":2390.0,"safe_price":0.13683,"ft_order_side":"buy","order_filled_timestamp":1764565200000,"ft_is_entry":true,"ft_order_tag":"","cost":327.3507237},{"amount":2390.0,"safe_price":0.1371039339339339,"ft_order_side":"sell","order_filled_timestamp":1764572400000,"ft_is_entry":false,"ft_order_tag":"roi","cost":328.0060805042041}],"funding_fees":0.0,"weekday":0},{"pair":"DOGE/USDT","stake_amount":327.1325,"max_stake_amount":327.1325,"amount":2375.0,"open_date":"2025-12-01 08:00:00+00:00","close_date":"2025-12-02 13:00:00+00:00","open_rate":0.13774,"close_rate":0.13801575575575575,"fee_open":0.001,"fee_close":0.001,"trade_duration":1740,"profit_ratio":0.0,"profit_abs":0.0,"exit_reason":"roi","initial_stop_loss_abs":0.13086,"initial_stop_loss_ratio":-0.05,"stop_loss_abs":0.13086,"stop_loss_ratio":-0.05,"min_rate":0.13177,"max_rate":0.13848,"is_open":false,"enter_tag":"","leverage":1.0,"is_short":false,"open_timestamp":1764576000000,"close_timestamp":1764680400000,"orders":[{"amount":2375.0,"safe_price":0.13774,"ft_order_side":"buy","order_filled_timestamp":1764576000000,"ft_is_entry":true,"ft_order_tag":"","cost":327.45963249999994},{"amount":2375.0,"safe_price":0.13801575575575575,"ft_order_side":"sell","order_filled_timestamp":1764680400000,"ft_is_entry":false,"ft_order_tag":"roi","cost":328.1152073398398}],"funding_fees":0.0,"weekday":1},{"pair":"DOGE/USDT","stake_amount":327.0749,"max_stake_amount":327.0749,"amount":2285.0,"open_date":"2025-12-05 14:00:00+00:00","close_date":"2025-12-07 05:00:00+00:00","open_rate":0.14314,"close_rate":0.14002,"fee_open":0.001,"fee_close":0.001,"trade_duration":2340,"profit_ratio":-0.023751294115972054,"profit_abs":-7.7762206,"exit_reason":"exit_signal","initial_stop_loss_abs":0.13599,"initial_stop_loss_ratio":-0.05,"stop_loss_abs":0.13599,"stop_loss_ratio":-0.05,"min_rate":0.13722,"max_rate":0.14466,"is_open":false,"enter_tag":"","leverage":1.0,"is_short":false,"open_timestamp":1764943200000,"close_timestamp":1765083600000,"orders":[{"amount":2285.0,"safe_price":0.14314,"ft_order_side":"buy","order_filled_timestamp":1764943200000,"ft_is_entry":true,"ft_order_tag":"","cost":327.4019748999999},{"amount":2285.0,"safe_price":0.14002,"ft_order_side":"sell","order_filled_timestamp":1765083600000,"ft_is_entry":false,"ft_order_tag":"exit_signal","cost":320.26564569999994}],"funding_fees":0.0,"weekday":6},{"pair":"DOGE/USDT","stake_amount":324.56304,"max_stake_amount":324.56304,"amount":2367.0,"open_date":"2025-12-11 16:00:00+00:00","close_date":"2025-12-11 18:00:00+00:00","open_rate":0.13712,"close_rate":0.1373945145145145,"fee_open":0.001,"fee_close":0.001,"trade_duration":120,"profit_ratio":0.0,"profit_abs":0.0,"exit_reason":"roi","initial_stop_loss_abs":0.13027,"initial_stop_loss_ratio":-0.05,"stop_loss_abs":0.13027,"stop_loss_ratio":-0.05,"min_rate":0.13623,"max_rate":0.13925,"is_open":false,"enter_tag":"","leverage":1.0,"is_short":false,"open_timestamp":1765468800000,"close_timestamp":1765476000000,"orders":[{"amount":2367.0,"safe_price":0.13712,"ft_order_side":"buy","order_filled_timestamp":1765468800000,"ft_is_entry":true,"ft_order_tag":"","cost":324.88760304},{"amount":2367.0,"safe_price":0.1373945145145145,"ft_order_side":"sell","order_filled_timestamp":1765476000000,"ft_is_entry":false,"ft_order_tag":"roi","cost":325.5380286717117}],"funding_fees":0.0,"weekday":3},{"pair":"DOGE/USDT","stake_amount":324.58612,"max_stake_amount":324.58612,"amount":2396.0,"open_date":"2025-12-14 16:00:00+00:00","close_date":"2025-12-15 01:00:00+00:00","open_rate":0.13547,"close_rate":0.13574121121121122,"fee_open":0.001,"fee_close":0.001,"trade_duration":540,"profit_ratio":0.0,"profit_abs":0.0,"exit_reason":"roi","initial_stop_loss_abs":0.1287,"initial_stop_loss_ratio":-0.05,"stop_loss_abs":0.1287,"stop_loss_ratio":-0.05,"min_rate":0.13261,"max_rate":0.13683,"is_open":false,"enter_tag":"","leverage":1.0,"is_short":false,"open_timestamp":1765728000000,"close_timestamp":1765760400000,"orders":[{"amount":2396.0,"safe_price":0.13547,"ft_order_side":"buy","order_filled_timestamp":1765728000000,"ft_is_entry":true,"ft_order_tag":"","cost":324.91070612},{"amount":2396.0,"safe_price":0.13574121121121122,"ft_order_side":"sell","order_filled_timestamp":1765760400000,"ft_is_entry":false,"ft_order_tag":"roi","cost":325.5611780041241}],"funding_fees":0.0,"weekday":0},{"pair":"DOGE/USDT","stake_amount":324.4668,"max_stake_amount":324.4668,"amount":2527.0,"open_date":"2025-12-15 19:00:00+00:00","close_date":"2025-12-15 21:00:00+00:00","open_rate":0.1284,"close_rate":0.12865705705705702,"fee_open":0.001,"fee_close":0.001,"trade_duration":120,"profit_ratio":0.0,"profit_abs":0.0,"exit_reason":"roi","initial_stop_loss_abs":0.12198,"initial_stop_loss_ratio":-0.05,"stop_loss_abs":0.12198,"stop_loss_ratio":-0.05,"min_rate":0.12752,"max_rate":0.12942,"is_open":false,"enter_tag":"","leverage":1.0,"is_short":false,"open_timestamp":1765825200000,"close_timestamp":1765832400000,"orders":[{"amount":2527.0,"safe_price":0.1284,"ft_order_side":"buy","order_filled_timestamp":1765825200000,"ft_is_entry":true,"ft_order_tag":"","cost":324.79126679999996},{"amount":2527.0,"safe_price":0.12865705705705702,"ft_order_side":"sell","order_filled_timestamp":1765832400000,"ft_is_entry":false,"ft_order_tag":"roi","cost":325.44149956636625}],"funding_fees":0.0,"weekday":0},{"pair":"DOGE/USDT","stake_amount":324.57315,"max_stake_amount":324.57315,"amount":2519.0,"open_date":"2025-12-15 22:00:00+00:00","close_date":"2025-12-16 00:00:00+00:00","open_rate":0.12885,"close_rate":0.12975,"fee_open":0.001,"fee_close":0.001,"trade_duration":120,"profit_ratio":0.004972908348926976,"profit_abs":1.6156866,"exit_reason":"roi","initial_stop_loss_abs":0.12241,"initial_stop_loss_ratio":-0.05,"stop_loss_abs":0.12241,"stop_loss_ratio":-0.05,"min_rate":0.12824,"max_rate":0.13014,"is_open":false,"enter_tag":"","leverage":1.0,"is_short":false,"open_timestamp":1765836000000,"close_timestamp":1765843200000,"orders":[{"amount":2519.0,"safe_price":0.12885,"ft_order_side":"buy","order_filled_timestamp":1765836000000,"ft_is_entry":true,"ft_order_tag":"","cost":324.89772315},{"amount":2519.0,"safe_price":0.12975,"ft_order_side":"sell","order_filled_timestamp":1765843200000,"ft_is_entry":false,"ft_order_tag":"roi","cost":327.16709025}],"funding_fees":0.0,"weekday":1},{"pair":"DOGE/USDT","stake_amount":325.06058,"max_stake_amount":325.06058,"amount":2522.0,"open_date":"2025-12-16 01:00:00+00:00","close_date":"2025-12-16 03:00:00+00:00","open_rate":0.12889,"close_rate":0.12937,"fee_open":0.001,"fee_close":0.001,"trade_duration":120,"profit_ratio":0.001718663057789445,"profit_abs":0.55922828,"exit_reason":"roi","initial_stop_loss_abs":0.12245,"initial_stop_loss_ratio":-0.05,"stop_loss_abs":0.12245,"stop_loss_ratio":-0.05,"min_rate":0.12834,"max_rate":0.12993,"is_open":false,"enter_tag":"","leverage":1.0,"is_short":false,"open_timestamp":1765846800000,"close_timestamp":1765854000000,"orders":[{"amount":2522.0,"safe_price":0.12889,"ft_order_side":"buy","order_filled_timestamp":1765846800000,"ft_is_entry":true,"ft_order_tag":"","cost":325.38564058},{"amount":2522.0,"safe_price":0.12937,"ft_order_side":"sell","order_filled_timestamp":1765854000000,"ft_is_entry":false,"ft_order_tag":"roi","cost":326.59741114}],"funding_fees":0.0,"weekday":1},{"pair":"DOGE/USDT","stake_amount":325.193,"max_stake_amount":325.193,"amount":2516.0,"open_date":"2025-12-16 04:00:00+00:00","close_date":"2025-12-16 06:00:00+00:00","open_rate":0.12925,"close_rate":0.12950875875875875,"fee_open":0.001,"fee_close":0.001,"trade_duration":120,"profit_ratio":0.0,"profit_abs":0.0,"exit_reason":"roi","initial_stop_loss_abs":0.12279,"initial_stop_loss_ratio":-0.05,"stop_loss_abs":0.12279,"stop_loss_ratio":-0.05,"min_rate":0.12716,"max_rate":0.1302,"is_open":false,"enter_tag":"","leverage":1.0,"is_short":false,"open_timestamp":1765857600000,"close_timestamp":1765864800000,"orders":[{"amount":2516.0,"safe_price":0.12925,"ft_order_side":"buy","order_filled_timestamp":1765857600000,"ft_is_entry":true,"ft_order_tag":"","cost":325.51819299999994},{"amount":2516.0,"safe_price":0.12950875875875875,"ft_order_side":"sell","order_filled_timestamp":1765864800000,"ft_is_entry":false,"ft_order_tag":"roi","cost":326.16988107407406}],"funding_fees":0.0,"weekday":1},{"pair":"DOGE/USDT","stake_amount":325.18476,"max_stake_amount":325.18476,"amount":2532.0,"open_date":"2025-12-16 08:00:00+00:00","close_date":"2025-12-16 10:00:00+00:00","open_rate":0.12843,"close_rate":0.12893,"fee_open":0.001,"fee_close":0.001,"trade_duration":120,"profit_ratio":0.0018873908152114178,"profit_abs":0.61436448,"exit_reason":"roi","initial_stop_loss_abs":0.12201,"initial_stop_loss_ratio":-0.05,"stop_loss_abs":0.12201,"stop_loss_ratio":-0.05,"min_rate":0.12837,"max_rate":0.13149,"is_open":false,"enter_tag":"","leverage":1.0,"is_short":false,"open_timestamp":1765872000000,"close_timestamp":1765879200000,"orders":[{"amount":2532.0,"safe_price":0.12843,"ft_order_side":"buy","order_filled_timestamp":1765872000000,"ft_is_entry":true,"ft_order_tag":"","cost":325.50994475999994},{"amount":2532.0,"safe_price":0.12893,"ft_order_side":"sell","order_filled_timestamp":1765879200000,"ft_is_entry":false,"ft_order_tag":"roi","cost":326.7772107599999}],"funding_fees":0.0,"weekday":1},{"pair":"DOGE/USDT","stake_amount":325.49826,"max_stake_amount":325.49826,"amount":2778.0,"open_date":"2025-12-31 21:00:00+00:00","close_date":"2025-12-31 23:00:00+00:00","open_rate":0.11717,"close_rate":0.11768,"fee_open":0.001,"fee_close":0.001,"trade_duration":120,"profit_ratio":0.002345951394342621,"profit_abs":0.7643667,"exit_reason":"roi","initial_stop_loss_abs":0.11132,"initial_stop_loss_ratio":-0.05,"stop_loss_abs":0.11132,"stop_loss_ratio":-0.05,"min_rate":0.11707,"max_rate":0.11782,"is_open":false,"enter_tag":"","leverage":1.0,"is_short":false,"open_timestamp":1767214800000,"close_timestamp":1767222000000,"orders":[{"amount":2778.0,"safe_price":0.11717,"ft_order_side":"buy","order_filled_timestamp":1767214800000,"ft_is_entry":true,"ft_order_tag":"","cost":325.82375826},{"amount":2778.0,"safe_price":0.11768,"ft_order_side":"sell","order_filled_timestamp":1767222000000,"ft_is_entry":false,"ft_order_tag":"roi","cost":327.24195504}],"funding_fees":0.0,"weekday":2},{"pair":"DOGE/USDT","stake_amount":325.74431,"max_stake_amount":325.74431,"amount":2773.0,"open_date":"2026-01-01 00:00:00+00:00","close_date":"2026-01-01 02:00:00+00:00","open_rate":0.11747,"close_rate":0.11854,"fee_open":0.001,"fee_close":0.001,"trade_duration":120,"profit_ratio":0.007092507390455803,"profit_abs":2.31265427,"exit_reason":"roi","initial_stop_loss_abs":0.1116,"initial_stop_loss_ratio":-0.05,"stop_loss_abs":0.1116,"stop_loss_ratio":-0.05,"min_rate":0.11742,"max_rate":0.1188,"is_open":false,"enter_tag":"","leverage":1.0,"is_short":false,"open_timestamp":1767225600000,"close_timestamp":1767232800000,"orders":[{"amount":2773.0,"safe_price":0.11747,"ft_order_side":"buy","order_filled_timestamp":1767225600000,"ft_is_entry":true,"ft_order_tag":"","cost":326.07005431},{"amount":2773.0,"safe_price":0.11854,"ft_order_side":"sell","order_filled_timestamp":1767232800000,"ft_is_entry":false,"ft_order_tag":"roi","cost":329.04013142}],"funding_fees":0.0,"weekday":3},{"pair":"DOGE/USDT","stake_amount":326.508,"max_stake_amount":326.508,"amount":2760.0,"open_date":"2026-01-01 04:00:00+00:00","close_date":"2026-01-01 06:00:00+00:00","open_rate":0.1183,"close_rate":0.11855,"fee_open":0.001,"fee_close":0.001,"trade_duration":120,"profit_ratio":0.00011104702567086337,"profit_abs":0.036294,"exit_reason":"roi","initial_stop_loss_abs":0.11239,"initial_stop_loss_ratio":-0.05,"stop_loss_abs":0.11239,"stop_loss_ratio":-0.05,"min_rate":0.11796,"max_rate":0.11873,"is_open":false,"enter_tag":"","leverage":1.0,"is_short":false,"open_timestamp":1767240000000,"close_timestamp":1767247200000,"orders":[{"amount":2760.0,"safe_price":0.1183,"ft_order_side":"buy","order_filled_timestamp":1767240000000,"ft_is_entry":true,"ft_order_tag":"","cost":326.83450799999997},{"amount":2760.0,"safe_price":0.11855,"ft_order_side":"sell","order_filled_timestamp":1767247200000,"ft_is_entry":false,"ft_order_tag":"roi","cost":327.52519799999993}],"funding_fees":0.0,"weekday":3}],"locks":[],"best_pair":{"key":"DOGE/USDT","trades":40,"profit_mean":-0.0007338060444160154,"profit_mean_pct":-0.07,"profit_total_abs":-10.492045269999998,"profit_total":-0.010492045269999998,"profit_total_pct":-1.05,"duration_avg":"4:21:00","wins":23,"draws":12,"losses":5,"winrate":0.575,"cagr":-0.03891166242621302,"expectancy":-0.2623011317499997,"expectancy_ratio":-0.31706294396242074,"sortino":-0.5440146979974518,"sharpe":-0.3152875079376131,"calmar":-7.327421309557236,"sqn":-0.2499,"profit_factor":0.8634964483006343,"max_drawdown_account":0.028202245614665434,"max_drawdown_abs":28.544910539999997},"worst_pair":{"key":"DOGE/USDT","trades":40,"profit_mean":-0.0007338060444160154,"profit_mean_pct":-0.07,"profit_total_abs":-10.492045269999998,"profit_total":-0.010492045269999998,"profit_total_pct":-1.05,"duration_avg":"4:21:00","wins":23,"draws":12,"losses":5,"winrate":0.575,"cagr":-0.03891166242621302,"expectancy":-0.2623011317499997,"expectancy_ratio":-0.31706294396242074,"sortino":-0.5440146979974518,"sharpe":-0.3152875079376131,"calmar":-7.327421309557236,"sqn":-0.2499,"profit_factor":0.8634964483006343,"max_drawdown_account":0.028202245614665434,"max_drawdown_abs":28.544910539999997},"results_per_pair":[{"key":"DOGE/USDT","trades":40,"profit_mean":-0.0007338060444160154,"profit_mean_pct":-0.07,"profit_total_abs":-10.492045269999998,"profit_total":-0.010492045269999998,"profit_total_pct":-1.05,"duration_avg":"4:21:00","wins":23,"draws":12,"losses":5,"winrate":0.575,"cagr":-0.03891166242621302,"expectancy":-0.2623011317499997,"expectancy_ratio":-0.31706294396242074,"sortino":-0.5440146979974518,"sharpe":-0.3152875079376131,"calmar":-7.327421309557236,"sqn":-0.2499,"profit_factor":0.8634964483006343,"max_drawdown_account":0.028202245614665434,"max_drawdown_abs":28.544910539999997},{"key":"TOTAL","trades":40,"profit_mean":-0.0007338060444160154,"profit_mean_pct":-0.07,"profit_total_abs":-10.492045269999998,"profit_total":-0.010492045269999998,"profit_total_pct":-1.05,"duration_avg":"4:21:00","wins":23,"draws":12,"losses":5,"winrate":0.575,"cagr":-0.03891166242621302,"expectancy":-0.2623011317499997,"expectancy_ratio":-0.31706294396242074,"sortino":-0.5440146979974518,"sharpe":-0.3152875079376131,"calmar":-7.327421309557236,"sqn":-0.2499,"profit_factor":0.8634964483006343,"max_drawdown_account":0.028202245614665434,"max_drawdown_abs":28.544910539999997}],"results_per_enter_tag":[{"key":"","trades":40,"profit_mean":-0.0007338060444160154,"profit_mean_pct":-0.07,"profit_total_abs":-10.492045269999998,"profit_total":-0.010492045269999998,"profit_total_pct":-1.05,"duration_avg":"4:21:00","wins":23,"draws":12,"losses":5,"winrate":0.575,"cagr":-0.03891166242621302,"expectancy":-0.2623011317499997,"expectancy_ratio":-0.31706294396242074,"sortino":-0.5440146979974518,"sharpe":-0.3152875079376131,"calmar":-7.327421309557236,"sqn":-0.2499,"profit_factor":0.8634964483006343,"max_drawdown_account":0.028202245614665434,"max_drawdown_abs":28.544910539999997},{"key":"TOTAL","trades":40,"profit_mean":-0.0007338060444160154,"profit_mean_pct":-0.07,"profit_total_abs":-10.492045269999998,"profit_total":-0.010492045269999998,"profit_total_pct":-1.05,"duration_avg":"4:21:00","wins":23,"draws":12,"losses":5,"winrate":0.575,"cagr":-0.03891166242621302,"expectancy":-0.2623011317499997,"expectancy_ratio":-0.31706294396242074,"sortino":-0.5440146979974518,"sharpe":-0.3152875079376131,"calmar":-7.327421309557236,"sqn":-0.2499,"profit_factor":0.8634964483006343,"max_drawdown_account":0.028202245614665434,"max_drawdown_abs":28.544910539999997}],"exit_reason_summary":[{"key":"roi","trades":35,"profit_mean":0.005766951158397087,"profit_mean_pct":0.58,"profit_total_abs":66.37075528999999,"profit_total":0.06637075528999999,"profit_total_pct":6.64,"duration_avg":"3:26:00","wins":23,"draws":12,"losses":0,"winrate":0.6571428571428571,"cagr":0.2735485054634226,"expectancy":1.896307294,"expectancy_ratio":100.0,"sortino":-100,"sharpe":4.1847301148646485,"calmar":-100,"sqn":3.5397,"profit_factor":0.0,"max_drawdown_account":0.0,"max_drawdown_abs":0.0},{"key":"exit_signal","trades":1,"profit_mean":-0.023751294115972054,"profit_mean_pct":-2.38,"profit_total_abs":-7.7762206,"profit_total":-0.0077762206000000006,"profit_total_pct":-0.78,"duration_avg":"1 day, 15:00:00","wins":0,"draws":0,"losses":1,"winrate":0.0,"cagr":-0.02894813652091832,"expectancy":-7.7762206,"expectancy_ratio":-1.0,"sortino":-100,"sharpe":-100,"calmar":-19.69584863354931,"sqn":-100.0,"profit_factor":0.0,"max_drawdown_account":0.0077762205999999875,"max_drawdown_abs":7.7762206},{"key":"stop_loss","trades":4,"profit_mean":-0.051861059551141654,"profit_mean_pct":-5.19,"profit_total_abs":-69.08657996,"profit_total":-0.06908657995999999,"profit_total_pct":-6.91,"duration_avg":"3:45:00","wins":0,"draws":0,"losses":4,"winrate":0.0,"cagr":-0.23614805591591426,"expectancy":-17.27164499,"expectancy_ratio":-1.0,"sortino":-211.47694086018697,"sharpe":-211.47694086018697,"calmar":-19.69584863354928,"sqn":-464.9315,"profit_factor":0.0,"max_drawdown_account":0.06908657995999999,"max_drawdown_abs":69.08657996},{"key":"TOTAL","trades":40,"profit_mean":-0.0007338060444160154,"profit_mean_pct":-0.07,"profit_total_abs":-10.492045269999998,"profit_total":-0.010492045269999998,"profit_total_pct":-1.05,"duration_avg":"4:21:00","wins":23,"draws":12,"losses":5,"winrate":0.575,"cagr":-0.03891166242621302,"expectancy":-0.2623011317499997,"expectancy_ratio":-0.31706294396242074,"sortino":-0.5440146979974518,"sharpe":-0.3152875079376131,"calmar":-7.327421309557236,"sqn":-0.2499,"profit_factor":0.8634964483006343,"max_drawdown_account":0.028202245614665434,"max_drawdown_abs":28.544910539999997}],"mix_tag_stats":[{"key":["","roi"],"trades":35,"profit_mean":0.005766951158397087,"profit_mean_pct":0.58,"profit_total_abs":66.37075528999999,"profit_total":0.06637075528999999,"profit_total_pct":6.64,"duration_avg":"3:26:00","wins":23,"draws":12,"losses":0,"winrate":0.6571428571428571,"cagr":0.2735485054634226,"expectancy":1.896307294,"expectancy_ratio":100.0,"sortino":-100,"sharpe":4.1847301148646485,"calmar":-100,"sqn":3.5397,"profit_factor":0.0,"max_drawdown_account":0.0,"max_drawdown_abs":0.0},{"key":["","exit_signal"],"trades":1,"profit_mean":-0.023751294115972054,"profit_mean_pct":-2.38,"profit_total_abs":-7.7762206,"profit_total":-0.0077762206000000006,"profit_total_pct":-0.78,"duration_avg":"1 day, 15:00:00","wins":0,"draws":0,"losses":1,"winrate":0.0,"cagr":-0.02894813652091832,"expectancy":-7.7762206,"expectancy_ratio":-1.0,"sortino":-100,"sharpe":-100,"calmar":-19.69584863354931,"sqn":-100.0,"profit_factor":0.0,"max_drawdown_account":0.0077762205999999875,"max_drawdown_abs":7.7762206},{"key":["","stop_loss"],"trades":4,"profit_mean":-0.051861059551141654,"profit_mean_pct":-5.19,"profit_total_abs":-69.08657996,"profit_total":-0.06908657995999999,"profit_total_pct":-6.91,"duration_avg":"3:45:00","wins":0,"draws":0,"losses":4,"winrate":0.0,"cagr":-0.23614805591591426,"expectancy":-17.27164499,"expectancy_ratio":-1.0,"sortino":-211.47694086018697,"sharpe":-211.47694086018697,"calmar":-19.69584863354928,"sqn":-464.9315,"profit_factor":0.0,"max_drawdown_account":0.06908657995999999,"max_drawdown_abs":69.08657996},{"key":"TOTAL","trades":40,"profit_mean":-0.0007338060444160154,"profit_mean_pct":-0.07,"profit_total_abs":-10.492045269999998,"profit_total":-0.010492045269999998,"profit_total_pct":-1.05,"duration_avg":"4:21:00","wins":23,"draws":12,"losses":5,"winrate":0.575,"cagr":-0.03891166242621302,"expectancy":-0.2623011317499997,"expectancy_ratio":-0.31706294396242074,"sortino":-0.5440146979974518,"sharpe":-0.3152875079376131,"calmar":-7.327421309557236,"sqn":-0.2499,"profit_factor":0.8634964483006343,"max_drawdown_account":0.028202245614665434,"max_drawdown_abs":28.544910539999997}],"left_open_trades":[{"key":"TOTAL","trades":0,"profit_mean":0.0,"profit_mean_pct":0.0,"profit_total_abs":0.0,"profit_total":0.0,"profit_total_pct":0.0,"duration_avg":"0:00","wins":0,"draws":0,"losses":0,"winrate":0.0,"cagr":0.0,"expectancy":0.0,"expectancy_ratio":100.0,"sortino":0,"sharpe":0,"calmar":0,"sqn":0.0,"profit_factor":0.0,"max_drawdown_account":0.0,"max_drawdown_abs":0.0}],"total_trades":40,"trade_count_long":40,"trade_count_short":0,"total_volume":26361.608962106835,"avg_stake_amount":328.99288075,"profit_mean":-0.0007338060444160154,"profit_median":0.0017046400665109524,"profit_total":-0.010492045269999998,"profit_total_long":-0.010492045269999998,"profit_total_short":0.0,"profit_total_abs":-10.492045269999998,"profit_total_long_abs":-10.492045269999998,"profit_total_short_abs":0.0,"cagr":-0.03891166242621302,"expectancy":-0.2623011317499997,"expectancy_ratio":-0.31706294396242074,"sortino":-0.5440146979974518,"sharpe":-0.3152875079376131,"calmar":-7.327421309557236,"sqn":-0.2499,"profit_factor":0.8634964483006343,"backtest_start":"2025-10-01 00:00:00","backtest_start_ts":1759276800000,"backtest_end":"2026-01-06 20:00:00","backtest_end_ts":1767729600000,"backtest_days":97,"backtest_run_start_ts":1767747436,"backtest_run_end_ts":1767747436,"trades_per_day":0.41,"market_change":-0.36632086436227446,"pairlist":["DOGE/USDT"],"stake_amount":"unlimited","stake_currency":"USDT","stake_currency_decimals":3,"starting_balance":1000,"dry_run_wallet":1000,"final_balance":989.50795473,"rejected_signals":0,"timedout_entry_orders":0,"timedout_exit_orders":0,"canceled_trade_entries":0,"canceled_entry_orders":0,"replaced_entry_orders":0,"max_open_trades":1,"max_open_trades_setting":3,"timeframe":"1h","timeframe_detail":"","timerange":"20251001-","enable_protections":false,"strategy_name":"ACO_48_12","freqaimodel":null,"freqai_identifier":null,"stoploss":-0.05,"trailing_stop":false,"trailing_stop_positive":null,"trailing_stop_positive_offset":0.0,"trailing_only_offset_is_reached":false,"use_custom_stoploss":false,"minimal_roi":{"0":0.1,"60":0.05,"120":0.0},"use_exit_signal":true,"exit_profit_only":false,"exit_profit_offset":0.0,"ignore_roi_if_entry_signal":false,"trading_mode":"spot","margin_mode":"","periodic_breakdown":{"day":[{"date":"07/10/2025","date_ts":1759795200000,"profit_abs":3.17414576,"wins":1,"draws":0,"losses":0,"trades":1,"profit_factor":0.0},{"date":"08/10/2025","date_ts":1759881600000,"profit_abs":3.50683338,"wins":2,"draws":0,"losses":0,"trades":2,"profit_factor":0.0},{"date":"09/10/2025","date_ts":1759968000000,"profit_abs":0.0,"wins":0,"draws":0,"losses":0,"trades":0,"profit_factor":0.0},{"date":"10/10/2025","date_ts":1760054400000,"profit_abs":-17.238792,"wins":0,"draws":0,"losses":1,"trades":1,"profit_factor":0.0},{"date":"11/10/2025","date_ts":1760140800000,"profit_abs":5.3730982,"wins":3,"draws":2,"losses":1,"trades":6,"profit_factor":1.30995689},{"date":"12/10/2025","date_ts":1760227200000,"profit_abs":5.3446178,"wins":1,"draws":1,"losses":0,"trades":2,"profit_factor":0.0},{"date":"13/10/2025","date_ts":1760313600000,"profit_abs":0.0,"wins":0,"draws":0,"losses":0,"trades":0,"profit_factor":0.0},{"date":"14/10/2025","date_ts":1760400000000,"profit_abs":0.0,"wins":0,"draws":0,"losses":0,"trades":0,"profit_factor":0.0},{"date":"15/10/2025","date_ts":1760486400000,"profit_abs":0.0,"wins":0,"draws":0,"losses":0,"trades":0,"profit_factor":0.0},{"date":"16/10/2025","date_ts":1760572800000,"profit_abs":4.61410237,"wins":3,"draws":0,"losses":0,"trades":3,"profit_factor":0.0},{"date":"17/10/2025","date_ts":1760659200000,"profit_abs":0.0,"wins":0,"draws":1,"losses":0,"trades":1,"profit_factor":0.0},{"date":"18/10/2025","date_ts":1760745600000,"profit_abs":0.0,"wins":0,"draws":0,"losses":0,"trades":0,"profit_factor":0.0},{"date":"19/10/2025","date_ts":1760832000000,"profit_abs":0.0,"wins":0,"draws":0,"losses":0,"trades":0,"profit_factor":0.0},{"date":"20/10/2025","date_ts":1760918400000,"profit_abs":0.0,"wins":0,"draws":0,"losses":0,"trades":0,"profit_factor":0.0},{"date":"21/10/2025","date_ts":1761004800000,"profit_abs":0.0,"wins":0,"draws":0,"losses":0,"trades":0,"profit_factor":0.0},{"date":"22/10/2025","date_ts":1761091200000,"profit_abs":0.0,"wins":0,"draws":0,"losses":0,"trades":0,"profit_factor":0.0},{"date":"23/10/2025","date_ts":1761177600000,"profit_abs":3.41463915,"wins":1,"draws":0,"losses":0,"trades":1,"profit_factor":0.0},{"date":"24/10/2025","date_ts":1761264000000,"profit_abs":0.0,"wins":0,"draws":0,"losses":0,"trades":0,"profit_factor":0.0},{"date":"25/10/2025","date_ts":1761350400000,"profit_abs":0.0,"wins":0,"draws":0,"losses":0,"trades":0,"profit_factor":0.0},{"date":"26/10/2025","date_ts":1761436800000,"profit_abs":0.0,"wins":0,"draws":0,"losses":0,"trades":0,"profit_factor":0.0},{"date":"27/10/2025","date_ts":1761523200000,"profit_abs":0.0,"wins":0,"draws":0,"losses":0,"trades":0,"profit_factor":0.0},{"date":"28/10/2025","date_ts":1761609600000,"profit_abs":0.0,"wins":0,"draws":0,"losses":0,"trades":0,"profit_factor":0.0},{"date":"29/10/2025","date_ts":1761696000000,"profit_abs":0.78246,"wins":1,"draws":0,"losses":0,"trades":1,"profit_factor":0.0},{"date":"30/10/2025","date_ts":1761782400000,"profit_abs":0.0,"wins":0,"draws":0,"losses":0,"trades":0,"profit_factor":0.0},{"date":"31/10/2025","date_ts":1761868800000,"profit_abs":0.0,"wins":0,"draws":1,"losses":0,"trades":1,"profit_factor":0.0},{"date":"01/11/2025","date_ts":1761955200000,"profit_abs":0.0,"wins":0,"draws":0,"losses":0,"trades":0,"profit_factor":0.0},{"date":"02/11/2025","date_ts":1762041600000,"profit_abs":0.0,"wins":0,"draws":0,"losses":0,"trades":0,"profit_factor":0.0},{"date":"03/11/2025","date_ts":1762128000000,"profit_abs":-6.64619233,"wins":3,"draws":0,"losses":1,"trades":4,"profit_factor":0.61650486},{"date":"04/11/2025","date_ts":1762214400000,"profit_abs":1.2254357,"wins":1,"draws":1,"losses":0,"trades":2,"profit_factor":0.0},{"date":"05/11/2025","date_ts":1762300800000,"profit_abs":0.0,"wins":0,"draws":0,"losses":0,"trades":0,"profit_factor":0.0},{"date":"06/11/2025","date_ts":1762387200000,"profit_abs":0.0,"wins":0,"draws":0,"losses":0,"trades":0,"profit_factor":0.0},{"date":"07/11/2025","date_ts":1762473600000,"profit_abs":0.0,"wins":0,"draws":0,"losses":0,"trades":0,"profit_factor":0.0},{"date":"08/11/2025","date_ts":1762560000000,"profit_abs":0.0,"wins":0,"draws":0,"losses":0,"trades":0,"profit_factor":0.0},{"date":"09/11/2025","date_ts":1762646400000,"profit_abs":0.0,"wins":0,"draws":0,"losses":0,"trades":0,"profit_factor":0.0},{"date":"10/11/2025","date_ts":1762732800000,"profit_abs":0.0,"wins":0,"draws":0,"losses":0,"trades":0,"profit_factor":0.0},{"date":"11/11/2025","date_ts":1762819200000,"profit_abs":0.0,"wins":0,"draws":0,"losses":0,"trades":0,"profit_factor":0.0},{"date":"12/11/2025","date_ts":1762905600000,"profit_abs":0.0,"wins":0,"draws":0,"losses":0,"trades":0,"profit_factor":0.0},{"date":"13/11/2025","date_ts":1762992000000,"profit_abs":0.0,"wins":0,"draws":0,"losses":0,"trades":0,"profit_factor":0.0},{"date":"14/11/2025","date_ts":1763078400000,"profit_abs":0.0,"wins":0,"draws":0,"losses":0,"trades":0,"profit_factor":0.0},{"date":"15/11/2025","date_ts":1763164800000,"profit_abs":0.0,"wins":0,"draws":0,"losses":0,"trades":0,"profit_factor":0.0},{"date":"16/11/2025","date_ts":1763251200000,"profit_abs":0.0,"wins":0,"draws":0,"losses":0,"trades":0,"profit_factor":0.0},{"date":"17/11/2025","date_ts":1763337600000,"profit_abs":0.0,"wins":0,"draws":0,"losses":0,"trades":0,"profit_factor":0.0},{"date":"18/11/2025","date_ts":1763424000000,"profit_abs":0.0,"wins":0,"draws":0,"losses":0,"trades":0,"profit_factor":0.0},{"date":"19/11/2025","date_ts":1763510400000,"profit_abs":0.0,"wins":0,"draws":0,"losses":0,"trades":0,"profit_factor":0.0},{"date":"20/11/2025","date_ts":1763596800000,"profit_abs":0.0,"wins":0,"draws":0,"losses":0,"trades":0,"profit_factor":0.0},{"date":"21/11/2025","date_ts":1763683200000,"profit_abs":-12.16876703,"wins":1,"draws":0,"losses":1,"trades":2,"profit_factor":0.29178164},{"date":"22/11/2025","date_ts":1763769600000,"profit_abs":0.0,"wins":0,"draws":0,"losses":0,"trades":0,"profit_factor":0.0},{"date":"23/11/2025","date_ts":1763856000000,"profit_abs":0.0,"wins":0,"draws":0,"losses":0,"trades":0,"profit_factor":0.0},{"date":"24/11/2025","date_ts":1763942400000,"profit_abs":0.0,"wins":0,"draws":0,"losses":0,"trades":0,"profit_factor":0.0},{"date":"25/11/2025","date_ts":1764028800000,"profit_abs":0.0,"wins":0,"draws":0,"losses":0,"trades":0,"profit_factor":0.0},{"date":"26/11/2025","date_ts":1764115200000,"profit_abs":0.0,"wins":0,"draws":0,"losses":0,"trades":0,"profit_factor":0.0},{"date":"27/11/2025","date_ts":1764201600000,"profit_abs":0.0,"wins":0,"draws":0,"losses":0,"trades":0,"profit_factor":0.0},{"date":"28/11/2025","date_ts":1764288000000,"profit_abs":0.0,"wins":0,"draws":0,"losses":0,"trades":0,"profit_factor":0.0},{"date":"29/11/2025","date_ts":1764374400000,"profit_abs":0.0,"wins":0,"draws":0,"losses":0,"trades":0,"profit_factor":0.0},{"date":"30/11/2025","date_ts":1764460800000,"profit_abs":0.0,"wins":0,"draws":0,"losses":0,"trades":0,"profit_factor":0.0},{"date":"01/12/2025","date_ts":1764547200000,"profit_abs":0.0,"wins":0,"draws":1,"losses":0,"trades":1,"profit_factor":0.0},{"date":"02/12/2025","date_ts":1764633600000,"profit_abs":0.0,"wins":0,"draws":1,"losses":0,"trades":1,"profit_factor":0.0},{"date":"03/12/2025","date_ts":1764720000000,"profit_abs":0.0,"wins":0,"draws":0,"losses":0,"trades":0,"profit_factor":0.0},{"date":"04/12/2025","date_ts":1764806400000,"profit_abs":0.0,"wins":0,"draws":0,"losses":0,"trades":0,"profit_factor":0.0},{"date":"05/12/2025","date_ts":1764892800000,"profit_abs":0.0,"wins":0,"draws":0,"losses":0,"trades":0,"profit_factor":0.0},{"date":"06/12/2025","date_ts":1764979200000,"profit_abs":0.0,"wins":0,"draws":0,"losses":0,"trades":0,"profit_factor":0.0},{"date":"07/12/2025","date_ts":1765065600000,"profit_abs":-7.7762206,"wins":0,"draws":0,"losses":1,"trades":1,"profit_factor":0.0},{"date":"08/12/2025","date_ts":1765152000000,"profit_abs":0.0,"wins":0,"draws":0,"losses":0,"trades":0,"profit_factor":0.0},{"date":"09/12/2025","date_ts":1765238400000,"profit_abs":0.0,"wins":0,"draws":0,"losses":0,"trades":0,"profit_factor":0.0},{"date":"10/12/2025","date_ts":1765324800000,"profit_abs":0.0,"wins":0,"draws":0,"losses":0,"trades":0,"profit_factor":0.0},{"date":"11/12/2025","date_ts":1765411200000,"profit_abs":0.0,"wins":0,"draws":1,"losses":0,"trades":1,"profit_factor":0.0},{"date":"12/12/2025","date_ts":1765497600000,"profit_abs":0.0,"wins":0,"draws":0,"losses":0,"trades":0,"profit_factor":0.0},{"date":"13/12/2025","date_ts":1765584000000,"profit_abs":0.0,"wins":0,"draws":0,"losses":0,"trades":0,"profit_factor":0.0},{"date":"14/12/2025","date_ts":1765670400000,"profit_abs":0.0,"wins":0,"draws":0,"losses":0,"trades":0,"profit_factor":0.0},{"date":"15/12/2025","date_ts":1765756800000,"profit_abs":0.0,"wins":0,"draws":2,"losses":0,"trades":2,"profit_factor":0.0},{"date":"16/12/2025","date_ts":1765843200000,"profit_abs":2.78927936,"wins":3,"draws":1,"losses":0,"trades":4,"profit_factor":0.0},{"date":"17/12/2025","date_ts":1765929600000,"profit_abs":0.0,"wins":0,"draws":0,"losses":0,"trades":0,"profit_factor":0.0},{"date":"18/12/2025","date_ts":1766016000000,"profit_abs":0.0,"wins":0,"draws":0,"losses":0,"trades":0,"profit_factor":0.0},{"date":"19/12/2025","date_ts":1766102400000,"profit_abs":0.0,"wins":0,"draws":0,"losses":0,"trades":0,"profit_factor":0.0},{"date":"20/12/2025","date_ts":1766188800000,"profit_abs":0.0,"wins":0,"draws":0,"losses":0,"trades":0,"profit_factor":0.0},{"date":"21/12/2025","date_ts":1766275200000,"profit_abs":0.0,"wins":0,"draws":0,"losses":0,"trades":0,"profit_factor":0.0},{"date":"22/12/2025","date_ts":1766361600000,"profit_abs":0.0,"wins":0,"draws":0,"losses":0,"trades":0,"profit_factor":0.0},{"date":"23/12/2025","date_ts":1766448000000,"profit_abs":0.0,"wins":0,"draws":0,"losses":0,"trades":0,"profit_factor":0.0},{"date":"24/12/2025","date_ts":1766534400000,"profit_abs":0.0,"wins":0,"draws":0,"losses":0,"trades":0,"profit_factor":0.0},{"date":"25/12/2025","date_ts":1766620800000,"profit_abs":0.0,"wins":0,"draws":0,"losses":0,"trades":0,"profit_factor":0.0},{"date":"26/12/2025","date_ts":1766707200000,"profit_abs":0.0,"wins":0,"draws":0,"losses":0,"trades":0,"profit_factor":0.0},{"date":"27/12/2025","date_ts":1766793600000,"profit_abs":0.0,"wins":0,"draws":0,"losses":0,"trades":0,"profit_factor":0.0},{"date":"28/12/2025","date_ts":1766880000000,"profit_abs":0.0,"wins":0,"draws":0,"losses":0,"trades":0,"profit_factor":0.0},{"date":"29/12/2025","date_ts":1766966400000,"profit_abs":0.0,"wins":0,"draws":0,"losses":0,"trades":0,"profit_factor":0.0},{"date":"30/12/2025","date_ts":1767052800000,"profit_abs":0.0,"wins":0,"draws":0,"losses":0,"trades":0,"profit_factor":0.0},{"date":"31/12/2025","date_ts":1767139200000,"profit_abs":0.7643667,"wins":1,"draws":0,"losses":0,"trades":1,"profit_factor":0.0},{"date":"01/01/2026","date_ts":1767225600000,"profit_abs":2.34894827,"wins":2,"draws":0,"losses":0,"trades":2,"profit_factor":0.0}],"week":[{"date":"13/10/2025","date_ts":1760313600000,"profit_abs":0.15990314,"wins":7,"draws":3,"losses":2,"trades":12,"profit_factor":1.00462498},{"date":"20/10/2025","date_ts":1760918400000,"profit_abs":4.61410237,"wins":3,"draws":1,"losses":0,"trades":4,"profit_factor":0.0},{"date":"27/10/2025","date_ts":1761523200000,"profit_abs":3.41463915,"wins":1,"draws":0,"losses":0,"trades":1,"profit_factor":0.0},{"date":"03/11/2025","date_ts":1762128000000,"profit_abs":-5.86373233,"wins":4,"draws":1,"losses":1,"trades":6,"profit_factor":0.66165396},{"date":"10/11/2025","date_ts":1762732800000,"profit_abs":1.2254357,"wins":1,"draws":1,"losses":0,"trades":2,"profit_factor":0.0},{"date":"17/11/2025","date_ts":1763337600000,"profit_abs":0.0,"wins":0,"draws":0,"losses":0,"trades":0,"profit_factor":0.0},{"date":"24/11/2025","date_ts":1763942400000,"profit_abs":-12.16876703,"wins":1,"draws":0,"losses":1,"trades":2,"profit_factor":0.29178164},{"date":"01/12/2025","date_ts":1764547200000,"profit_abs":0.0,"wins":0,"draws":1,"losses":0,"trades":1,"profit_factor":0.0},{"date":"08/12/2025","date_ts":1765152000000,"profit_abs":-7.7762206,"wins":0,"draws":1,"losses":1,"trades":2,"profit_factor":0.0},{"date":"15/12/2025","date_ts":1765756800000,"profit_abs":0.0,"wins":0,"draws":3,"losses":0,"trades":3,"profit_factor":0.0},{"date":"22/12/2025","date_ts":1766361600000,"profit_abs":2.78927936,"wins":3,"draws":1,"losses":0,"trades":4,"profit_factor":0.0},{"date":"29/12/2025","date_ts":1766966400000,"profit_abs":0.0,"wins":0,"draws":0,"losses":0,"trades":0,"profit_factor":0.0},{"date":"05/01/2026","date_ts":1767571200000,"profit_abs":3.11331497,"wins":3,"draws":0,"losses":0,"trades":3,"profit_factor":0.0}],"month":[{"date":"31/10/2025","date_ts":1761868800000,"profit_abs":8.97110466,"wins":12,"draws":5,"losses":2,"trades":19,"profit_factor":1.25947713},{"date":"30/11/2025","date_ts":1764460800000,"profit_abs":-17.58952366,"wins":5,"draws":1,"losses":2,"trades":8,"profit_factor":0.49034786},{"date":"31/12/2025","date_ts":1767139200000,"profit_abs":-4.22257454,"wins":4,"draws":6,"losses":1,"trades":11,"profit_factor":0.45698884},{"date":"31/01/2026","date_ts":1769817600000,"profit_abs":2.34894827,"wins":2,"draws":0,"losses":0,"trades":2,"profit_factor":0.0}],"year":[{"date":"31/12/2025","date_ts":1767139200000,"profit_abs":-12.84099354,"wins":21,"draws":12,"losses":5,"trades":38,"profit_factor":0.83293617},{"date":"31/12/2026","date_ts":1798675200000,"profit_abs":2.34894827,"wins":2,"draws":0,"losses":0,"trades":2,"profit_factor":0.0}],"weekday":[{"date":"Monday","date_ts":0,"profit_abs":-6.64619233,"wins":3,"draws":3,"losses":1,"trades":7,"profit_factor":0.61650486},{"date":"Tuesday","date_ts":1,"profit_abs":7.18886082,"wins":5,"draws":3,"losses":0,"trades":8,"profit_factor":0.0},{"date":"Wednesday","date_ts":2,"profit_abs":5.05366008,"wins":4,"draws":0,"losses":0,"trades":4,"profit_factor":0.0},{"date":"Thursday","date_ts":3,"profit_abs":10.37768979,"wins":6,"draws":1,"losses":0,"trades":7,"profit_factor":0.0},{"date":"Friday","date_ts":4,"profit_abs":-29.40755903,"wins":1,"draws":2,"losses":2,"trades":5,"profit_factor":0.14565106},{"date":"Saturday","date_ts":5,"profit_abs":5.3730982,"wins":3,"draws":2,"losses":1,"trades":6,"profit_factor":1.30995689},{"date":"Sunday","date_ts":6,"profit_abs":-2.4316028,"wins":1,"draws":1,"losses":1,"trades":3,"profit_factor":0.68730275}]},"backtest_best_day":0.017286309762718638,"backtest_worst_day":-0.051857892309141305,"backtest_best_day_abs":5.3730982,"backtest_worst_day_abs":-17.238792,"winning_days":11,"draw_days":72,"losing_days":4,"daily_profit":[["2025-10-07",3.17414576],["2025-10-08",3.50683338],["2025-10-09",0.0],["2025-10-10",-17.238792],["2025-10-11",5.3730982],["2025-10-12",5.3446178],["2025-10-13",0.0],["2025-10-14",0.0],["2025-10-15",0.0],["2025-10-16",4.61410237],["2025-10-17",0.0],["2025-10-18",0.0],["2025-10-19",0.0],["2025-10-20",0.0],["2025-10-21",0.0],["2025-10-22",0.0],["2025-10-23",3.41463915],["2025-10-24",0.0],["2025-10-25",0.0],["2025-10-26",0.0],["2025-10-27",0.0],["2025-10-28",0.0],["2025-10-29",0.78246],["2025-10-30",0.0],["2025-10-31",0.0],["2025-11-01",0.0],["2025-11-02",0.0],["2025-11-03",-6.64619233],["2025-11-04",1.2254357],["2025-11-05",0.0],["2025-11-06",0.0],["2025-11-07",0.0],["2025-11-08",0.0],["2025-11-09",0.0],["2025-11-10",0.0],["2025-11-11",0.0],["2025-11-12",0.0],["2025-11-13",0.0],["2025-11-14",0.0],["2025-11-15",0.0],["2025-11-16",0.0],["2025-11-17",0.0],["2025-11-18",0.0],["2025-11-19",0.0],["2025-11-20",0.0],["2025-11-21",-12.16876703],["2025-11-22",0.0],["2025-11-23",0.0],["2025-11-24",0.0],["2025-11-25",0.0],["2025-11-26",0.0],["2025-11-27",0.0],["2025-11-28",0.0],["2025-11-29",0.0],["2025-11-30",0.0],["2025-12-01",0.0],["2025-12-02",0.0],["2025-12-03",0.0],["2025-12-04",0.0],["2025-12-05",0.0],["2025-12-06",0.0],["2025-12-07",-7.7762206],["2025-12-08",0.0],["2025-12-09",0.0],["2025-12-10",0.0],["2025-12-11",0.0],["2025-12-12",0.0],["2025-12-13",0.0],["2025-12-14",0.0],["2025-12-15",0.0],["2025-12-16",2.78927936],["2025-12-17",0.0],["2025-12-18",0.0],["2025-12-19",0.0],["2025-12-20",0.0],["2025-12-21",0.0],["2025-12-22",0.0],["2025-12-23",0.0],["2025-12-24",0.0],["2025-12-25",0.0],["2025-12-26",0.0],["2025-12-27",0.0],["2025-12-28",0.0],["2025-12-29",0.0],["2025-12-30",0.0],["2025-12-31",0.7643667],["2026-01-01",2.34894827]],"wins":23,"losses":5,"draws":12,"winrate":0.575,"holding_avg":"4:21:00","holding_avg_s":15660.0,"winner_holding_min":"0d 01:00","winner_holding_min_s":3600.0,"winner_holding_max":"0d 02:00","winner_holding_max_s":7200.0,"winner_holding_avg":"0d 01:57","winner_holding_avg_s":7020.0,"loser_holding_min":"0d 00:00","loser_holding_min_s":0.0,"loser_holding_max":"1d 15:00","loser_holding_max_s":140400.0,"loser_holding_avg":"0d 10:48","loser_holding_avg_s":38880.0,"max_consecutive_wins":4,"max_consecutive_losses":6,"max_drawdown_account":0.028202245614665434,"max_relative_drawdown":0.028202245614665434,"max_drawdown_abs":28.544910539999997,"drawdown_start":"2025-10-11 09:00:00","drawdown_start_ts":1760173200000.0,"drawdown_end":"2025-12-07 05:00:00","drawdown_end_ts":1765083600000.0,"drawdown_duration":"56 days 20:00:00","drawdown_duration_s":4910400.0,"max_drawdown_low":-16.394639599999998,"max_drawdown_high":12.150270939999999,"csum_min":983.6053604,"csum_max":1012.15027094}},"strategy_comparison":[{"key":"ACO_48_12","trades":40,"profit_mean":-0.0007338060444160154,"profit_mean_pct":-0.07,"profit_total_abs":-10.492045269999998,"profit_total":-0.010492045269999998,"profit_total_pct":-1.05,"duration_avg":"4:21:00","wins":23,"draws":12,"losses":5,"winrate":0.575,"cagr":-0.03891166242621302,"expectancy":-0.2623011317499997,"expectancy_ratio":-0.31706294396242074,"sortino":-0.5440146979974518,"sharpe":-0.3152875079376131,"calmar":-7.327421309557236,"sqn":-0.2499,"profit_factor":0.8634964483006343,"max_drawdown_account":0.028202245614665434,"max_drawdown_abs":"28.545"}]}