{"strategy":{"ACO_40_20":{"trades":[{"pair":"DOGE/USDT","stake_amount":329.79515,"max_stake_amount":329.79515,"amount":1283.0,"open_date":"2025-10-03 15:00:00+00:00","close_date":"2025-10-03 17:00:00+00:00","open_rate":0.25705,"close_rate":0.25997,"fee_open":0.001,"fee_close":0.001,"trade_duration":120,"profit_ratio":0.009338959037461275,"profit_abs":3.08302334,"exit_reason":"roi","initial_stop_loss_abs":0.2442,"initial_stop_loss_ratio":-0.05,"stop_loss_abs":0.2442,"stop_loss_ratio":-0.05,"min_rate":0.25505,"max_rate":0.26534,"is_open":false,"enter_tag":"","leverage":1.0,"is_short":false,"open_timestamp":1759503600000,"close_timestamp":1759510800000,"orders":[{"amount":1283.0,"safe_price":0.25705,"ft_order_side":"buy","order_filled_timestamp":1759503600000,"ft_is_entry":true,"ft_order_tag":"","cost":330.1249451499999},{"amount":1283.0,"safe_price":0.25997,"ft_order_side":"sell","order_filled_timestamp":1759510800000,"ft_is_entry":false,"ft_order_tag":"roi","cost":333.87505150999993}],"funding_fees":0.0,"weekday":4},{"pair":"DOGE/USDT","stake_amount":330.93576,"max_stake_amount":330.93576,"amount":1317.0,"open_date":"2025-10-10 04:00:00+00:00","close_date":"2025-10-10 05:00:00+00:00","open_rate":0.25128,"close_rate":0.25115,"fee_open":0.001,"fee_close":0.001,"trade_duration":60,"profit_ratio":-0.0025143194913968556,"profit_abs":-0.83291031,"exit_reason":"exit_signal","initial_stop_loss_abs":0.23872,"initial_stop_loss_ratio":-0.05,"stop_loss_abs":0.23872,"stop_loss_ratio":-0.05,"min_rate":0.24856,"max_rate":0.25296,"is_open":false,"enter_tag":"","leverage":1.0,"is_short":false,"open_timestamp":1760068800000,"close_timestamp":1760072400000,"orders":[{"amount":1317.0,"safe_price":0.25128,"ft_order_side":"buy","order_filled_timestamp":1760068800000,"ft_is_entry":true,"ft_order_tag":"","cost":331.26669576},{"amount":1317.0,"safe_price":0.25115,"ft_order_side":"sell","order_filled_timestamp":1760072400000,"ft_is_entry":false,"ft_order_tag":"exit_signal","cost":331.09531454999996}],"funding_fees":0.0,"weekday":4},{"pair":"DOGE/USDT","stake_amount":330.69204,"max_stake_amount":330.69204,"amount":1686.0,"open_date":"2025-10-12 15:00:00+00:00","close_date":"2025-10-12 16:00:00+00:00","open_rate":0.19614,"close_rate":0.2063494894894895,"fee_open":0.001,"fee_close":0.001,"trade_duration":60,"profit_ratio":0.04995004995004995,"profit_abs":16.534602,"exit_reason":"roi","initial_stop_loss_abs":0.18634,"initial_stop_loss_ratio":-0.05,"stop_loss_abs":0.18634,"stop_loss_ratio":-0.05,"min_rate":0.19562,"max_rate":0.2095,"is_open":false,"enter_tag":"","leverage":1.0,"is_short":false,"open_timestamp":1760281200000,"close_timestamp":1760284800000,"orders":[{"amount":1686.0,"safe_price":0.19614,"ft_order_side":"buy","order_filled_timestamp":1760281200000,"ft_is_entry":true,"ft_order_tag":"","cost":331.02273204},{"amount":1686.0,"safe_price":0.2063494894894895,"ft_order_side":"sell","order_filled_timestamp":1760284800000,"ft_is_entry":false,"ft_order_tag":"roi","cost":348.2531445185585}],"funding_fees":0.0,"weekday":6},{"pair":"DOGE/USDT","stake_amount":336.06183,"max_stake_amount":336.06183,"amount":1599.0,"open_date":"2025-10-13 16:00:00+00:00","close_date":"2025-10-13 18:00:00+00:00","open_rate":0.21017,"close_rate":0.21408,"fee_open":0.001,"fee_close":0.001,"trade_duration":120,"profit_ratio":0.016568814446722806,"profit_abs":5.57371425,"exit_reason":"roi","initial_stop_loss_abs":0.19967,"initial_stop_loss_ratio":-0.05,"stop_loss_abs":0.19967,"stop_loss_ratio":-0.05,"min_rate":0.20837,"max_rate":0.21606,"is_open":false,"enter_tag":"","leverage":1.0,"is_short":false,"open_timestamp":1760371200000,"close_timestamp":1760378400000,"orders":[{"amount":1599.0,"safe_price":0.21017,"ft_order_side":"buy","order_filled_timestamp":1760371200000,"ft_is_entry":true,"ft_order_tag":"","cost":336.39789182999993},{"amount":1599.0,"safe_price":0.21408,"ft_order_side":"sell","order_filled_timestamp":1760378400000,"ft_is_entry":false,"ft_order_tag":"roi","cost":342.65623392}],"funding_fees":0.0,"weekday":0},{"pair":"DOGE/USDT","stake_amount":337.86704,"max_stake_amount":337.86704,"amount":1652.0,"open_date":"2025-10-15 07:00:00+00:00","close_date":"2025-10-15 09:00:00+00:00","open_rate":0.20452,"close_rate":0.20601,"fee_open":0.001,"fee_close":0.001,"trade_duration":120,"profit_ratio":0.005272792921922591,"profit_abs":1.78328444,"exit_reason":"roi","initial_stop_loss_abs":0.1943,"initial_stop_loss_ratio":-0.05,"stop_loss_abs":0.1943,"stop_loss_ratio":-0.05,"min_rate":0.20322,"max_rate":0.20853,"is_open":false,"enter_tag":"","leverage":1.0,"is_short":false,"open_timestamp":1760511600000,"close_timestamp":1760518800000,"orders":[{"amount":1652.0,"safe_price":0.20452,"ft_order_side":"buy","order_filled_timestamp":1760511600000,"ft_is_entry":true,"ft_order_tag":"","cost":338.20490703999997},{"amount":1652.0,"safe_price":0.20601,"ft_order_side":"sell","order_filled_timestamp":1760518800000,"ft_is_entry":false,"ft_order_tag":"roi","cost":340.66884852}],"funding_fees":0.0,"weekday":2},{"pair":"DOGE/USDT","stake_amount":338.62126,"max_stake_amount":338.62126,"amount":1709.0,"open_date":"2025-10-16 10:00:00+00:00","close_date":"2025-10-16 12:00:00+00:00","open_rate":0.19814,"close_rate":0.20034,"fee_open":0.001,"fee_close":0.001,"trade_duration":120,"profit_ratio":0.0090830739866775,"profit_abs":3.07879768,"exit_reason":"roi","initial_stop_loss_abs":0.18824,"initial_stop_loss_ratio":-0.05,"stop_loss_abs":0.18824,"stop_loss_ratio":-0.05,"min_rate":0.19777,"max_rate":0.2015,"is_open":false,"enter_tag":"","leverage":1.0,"is_short":false,"open_timestamp":1760608800000,"close_timestamp":1760616000000,"orders":[{"amount":1709.0,"safe_price":0.19814,"ft_order_side":"buy","order_filled_timestamp":1760608800000,"ft_is_entry":true,"ft_order_tag":"","cost":338.95988126},{"amount":1709.0,"safe_price":0.20034,"ft_order_side":"sell","order_filled_timestamp":1760616000000,"ft_is_entry":false,"ft_order_tag":"roi","cost":342.72344105999997}],"funding_fees":0.0,"weekday":3},{"pair":"DOGE/USDT","stake_amount":339.63364,"max_stake_amount":339.63364,"amount":1817.0,"open_date":"2025-10-18 04:00:00+00:00","close_date":"2025-10-18 06:00:00+00:00","open_rate":0.18692,"close_rate":0.1872942142142142,"fee_open":0.001,"fee_close":0.001,"trade_duration":120,"profit_ratio":0.0,"profit_abs":0.0,"exit_reason":"roi","initial_stop_loss_abs":0.17758,"initial_stop_loss_ratio":-0.05,"stop_loss_abs":0.17758,"stop_loss_ratio":-0.05,"min_rate":0.18505,"max_rate":0.18759,"is_open":false,"enter_tag":"","leverage":1.0,"is_short":false,"open_timestamp":1760760000000,"close_timestamp":1760767200000,"orders":[{"amount":1817.0,"safe_price":0.18692,"ft_order_side":"buy","order_filled_timestamp":1760760000000,"ft_is_entry":true,"ft_order_tag":"","cost":339.97327364},{"amount":1817.0,"safe_price":0.1872942142142142,"ft_order_side":"sell","order_filled_timestamp":1760767200000,"ft_is_entry":false,"ft_order_tag":"roi","cost":340.65390081445435}],"funding_fees":0.0,"weekday":5},{"pair":"DOGE/USDT","stake_amount":339.50103,"max_stake_amount":339.50103,"amount":1731.0,"open_date":"2025-10-26 07:00:00+00:00","close_date":"2025-10-26 09:00:00+00:00","open_rate":0.19613,"close_rate":0.19709,"fee_open":0.001,"fee_close":0.001,"trade_duration":120,"profit_ratio":0.0028869310468249945,"profit_abs":0.98109618,"exit_reason":"roi","initial_stop_loss_abs":0.18633,"initial_stop_loss_ratio":-0.05,"stop_loss_abs":0.18633,"stop_loss_ratio":-0.05,"min_rate":0.19594,"max_rate":0.20094,"is_open":false,"enter_tag":"","leverage":1.0,"is_short":false,"open_timestamp":1761462000000,"close_timestamp":1761469200000,"orders":[{"amount":1731.0,"safe_price":0.19613,"ft_order_side":"buy","order_filled_timestamp":1761462000000,"ft_is_entry":true,"ft_order_tag":"","cost":339.84053102999997},{"amount":1731.0,"safe_price":0.19709,"ft_order_side":"sell","order_filled_timestamp":1761469200000,"ft_is_entry":false,"ft_order_tag":"roi","cost":341.5039527899999}],"funding_fees":0.0,"weekday":6},{"pair":"DOGE/USDT","stake_amount":339.8343,"max_stake_amount":339.8343,"amount":2054.0,"open_date":"2025-11-07 15:00:00+00:00","close_date":"2025-11-07 16:00:00+00:00","open_rate":0.16545,"close_rate":0.174062012012012,"fee_open":0.001,"fee_close":0.001,"trade_duration":60,"profit_ratio":0.04995004995004995,"profit_abs":16.991715,"exit_reason":"roi","initial_stop_loss_abs":0.15718,"initial_stop_loss_ratio":-0.05,"stop_loss_abs":0.15718,"stop_loss_ratio":-0.05,"min_rate":0.16408,"max_rate":0.17555,"is_open":false,"enter_tag":"","leverage":1.0,"is_short":false,"open_timestamp":1762527600000,"close_timestamp":1762531200000,"orders":[{"amount":2054.0,"safe_price":0.16545,"ft_order_side":"buy","order_filled_timestamp":1762527600000,"ft_is_entry":true,"ft_order_tag":"","cost":340.1741343},{"amount":2054.0,"safe_price":0.174062012012012,"ft_order_side":"sell","order_filled_timestamp":1762531200000,"ft_is_entry":false,"ft_order_tag":"roi","cost":357.88089604534525}],"funding_fees":0.0,"weekday":4},{"pair":"DOGE/USDT","stake_amount":345.4144,"max_stake_amount":345.4144,"amount":1984.0,"open_date":"2025-11-12 09:00:00+00:00","close_date":"2025-11-12 11:00:00+00:00","open_rate":0.1741,"close_rate":0.1764,"fee_open":0.001,"fee_close":0.001,"trade_duration":120,"profit_ratio":0.011186401192145019,"profit_abs":3.867808,"exit_reason":"roi","initial_stop_loss_abs":0.1654,"initial_stop_loss_ratio":-0.05,"stop_loss_abs":0.1654,"stop_loss_ratio":-0.05,"min_rate":0.17404,"max_rate":0.17713,"is_open":false,"enter_tag":"","leverage":1.0,"is_short":false,"open_timestamp":1762938000000,"close_timestamp":1762945200000,"orders":[{"amount":1984.0,"safe_price":0.1741,"ft_order_side":"buy","order_filled_timestamp":1762938000000,"ft_is_entry":true,"ft_order_tag":"","cost":345.7598144},{"amount":1984.0,"safe_price":0.1764,"ft_order_side":"sell","order_filled_timestamp":1762945200000,"ft_is_entry":false,"ft_order_tag":"roi","cost":350.3275776}],"funding_fees":0.0,"weekday":2},{"pair":"DOGE/USDT","stake_amount":346.78014,"max_stake_amount":346.78014,"amount":2118.0,"open_date":"2025-11-16 03:00:00+00:00","close_date":"2025-11-16 05:00:00+00:00","open_rate":0.16373,"close_rate":0.16405778778778773,"fee_open":0.001,"fee_close":0.001,"trade_duration":120,"profit_ratio":0.0,"profit_abs":0.0,"exit_reason":"roi","initial_stop_loss_abs":0.15555,"initial_stop_loss_ratio":-0.05,"stop_loss_abs":0.15555,"stop_loss_ratio":-0.05,"min_rate":0.16271,"max_rate":0.16445,"is_open":false,"enter_tag":"","leverage":1.0,"is_short":false,"open_timestamp":1763262000000,"close_timestamp":1763269200000,"orders":[{"amount":2118.0,"safe_price":0.16373,"ft_order_side":"buy","order_filled_timestamp":1763262000000,"ft_is_entry":true,"ft_order_tag":"","cost":347.1269201399999},{"amount":2118.0,"safe_price":0.16405778778778773,"ft_order_side":"sell","order_filled_timestamp":1763269200000,"ft_is_entry":false,"ft_order_tag":"roi","cost":347.82186892906896}],"funding_fees":0.0,"weekday":6},{"pair":"DOGE/USDT","stake_amount":346.69416,"max_stake_amount":346.69416,"amount":2136.0,"open_date":"2025-11-17 15:00:00+00:00","close_date":"2025-11-17 18:00:00+00:00","open_rate":0.16231,"close_rate":0.1542,"fee_open":0.001,"fee_close":0.001,"trade_duration":180,"profit_ratio":-0.05186428382781042,"profit_abs":-17.99902536,"exit_reason":"stop_loss","initial_stop_loss_abs":0.1542,"initial_stop_loss_ratio":-0.05,"stop_loss_abs":0.1542,"stop_loss_ratio":-0.05,"min_rate":0.15372,"max_rate":0.16367,"is_open":false,"enter_tag":"","leverage":1.0,"is_short":false,"open_timestamp":1763391600000,"close_timestamp":1763402400000,"orders":[{"amount":2136.0,"safe_price":0.16231,"ft_order_side":"buy","order_filled_timestamp":1763391600000,"ft_is_entry":true,"ft_order_tag":"","cost":347.04085416},{"amount":2136.0,"safe_price":0.1542,"ft_order_side":"sell","order_filled_timestamp":1763402400000,"ft_is_entry":false,"ft_order_tag":"stop_loss","cost":329.70057119999996}],"funding_fees":0.0,"weekday":0},{"pair":"DOGE/USDT","stake_amount":340.84776,"max_stake_amount":340.84776,"amount":2211.0,"open_date":"2025-11-19 22:00:00+00:00","close_date":"2025-11-20 00:00:00+00:00","open_rate":0.15416,"close_rate":0.15459,"fee_open":0.001,"fee_close":0.001,"trade_duration":120,"profit_ratio":0.000785734763420285,"profit_abs":0.26808375,"exit_reason":"roi","initial_stop_loss_abs":0.14646,"initial_stop_loss_ratio":-0.05,"stop_loss_abs":0.14646,"stop_loss_ratio":-0.05,"min_rate":0.15263,"max_rate":0.15538,"is_open":false,"enter_tag":"","leverage":1.0,"is_short":false,"open_timestamp":1763589600000,"close_timestamp":1763596800000,"orders":[{"amount":2211.0,"safe_price":0.15416,"ft_order_side":"buy","order_filled_timestamp":1763589600000,"ft_is_entry":true,"ft_order_tag":"","cost":341.18860775999997},{"amount":2211.0,"safe_price":0.15459,"ft_order_side":"sell","order_filled_timestamp":1763596800000,"ft_is_entry":false,"ft_order_tag":"roi","cost":342.14028849}],"funding_fees":0.0,"weekday":3},{"pair":"DOGE/USDT","stake_amount":340.91826,"max_stake_amount":340.91826,"amount":2281.0,"open_date":"2025-11-25 13:00:00+00:00","close_date":"2025-11-25 16:00:00+00:00","open_rate":0.14946,"close_rate":0.14975921921921923,"fee_open":0.001,"fee_close":0.001,"trade_duration":180,"profit_ratio":0.0,"profit_abs":0.0,"exit_reason":"roi","initial_stop_loss_abs":0.14199,"initial_stop_loss_ratio":-0.05,"stop_loss_abs":0.14199,"stop_loss_ratio":-0.05,"min_rate":0.14585,"max_rate":0.15052,"is_open":false,"enter_tag":"","leverage":1.0,"is_short":false,"open_timestamp":1764075600000,"close_timestamp":1764086400000,"orders":[{"amount":2281.0,"safe_price":0.14946,"ft_order_side":"buy","order_filled_timestamp":1764075600000,"ft_is_entry":true,"ft_order_tag":"","cost":341.25917826},{"amount":2281.0,"safe_price":0.14975921921921923,"ft_order_side":"sell","order_filled_timestamp":1764086400000,"ft_is_entry":false,"ft_order_tag":"roi","cost":341.94237981807805}],"funding_fees":0.0,"weekday":1},{"pair":"DOGE/USDT","stake_amount":340.95798,"max_stake_amount":340.95798,"amount":2277.0,"open_date":"2025-11-25 17:00:00+00:00","close_date":"2025-11-25 19:00:00+00:00","open_rate":0.14974,"close_rate":0.15106,"fee_open":0.001,"fee_close":0.001,"trade_duration":120,"profit_ratio":0.0067996648736597986,"profit_abs":2.3207184,"exit_reason":"roi","initial_stop_loss_abs":0.14226,"initial_stop_loss_ratio":-0.05,"stop_loss_abs":0.14226,"stop_loss_ratio":-0.05,"min_rate":0.14842,"max_rate":0.15222,"is_open":false,"enter_tag":"","leverage":1.0,"is_short":false,"open_timestamp":1764090000000,"close_timestamp":1764097200000,"orders":[{"amount":2277.0,"safe_price":0.14974,"ft_order_side":"buy","order_filled_timestamp":1764090000000,"ft_is_entry":true,"ft_order_tag":"","cost":341.29893798},{"amount":2277.0,"safe_price":0.15106,"ft_order_side":"sell","order_filled_timestamp":1764097200000,"ft_is_entry":false,"ft_order_tag":"roi","cost":344.30758361999995}],"funding_fees":0.0,"weekday":1},{"pair":"DOGE/USDT","stake_amount":341.6137,"max_stake_amount":341.6137,"amount":2230.0,"open_date":"2025-11-28 09:00:00+00:00","close_date":"2025-11-28 14:00:00+00:00","open_rate":0.15319,"close_rate":0.15349668668668665,"fee_open":0.001,"fee_close":0.001,"trade_duration":300,"profit_ratio":0.0,"profit_abs":0.0,"exit_reason":"roi","initial_stop_loss_abs":0.14554,"initial_stop_loss_ratio":-0.05,"stop_loss_abs":0.14554,"stop_loss_ratio":-0.05,"min_rate":0.14975,"max_rate":0.15395,"is_open":false,"enter_tag":"","leverage":1.0,"is_short":false,"open_timestamp":1764320400000,"close_timestamp":1764338400000,"orders":[{"amount":2230.0,"safe_price":0.15319,"ft_order_side":"buy","order_filled_timestamp":1764320400000,"ft_is_entry":true,"ft_order_tag":"","cost":341.9553137},{"amount":2230.0,"safe_price":0.15349668668668665,"ft_order_side":"sell","order_filled_timestamp":1764338400000,"ft_is_entry":false,"ft_order_tag":"roi","cost":342.6399089226225}],"funding_fees":0.0,"weekday":4},{"pair":"DOGE/USDT","stake_amount":341.7018,"max_stake_amount":341.7018,"amount":2530.0,"open_date":"2025-12-01 22:00:00+00:00","close_date":"2025-12-02 00:00:00+00:00","open_rate":0.13506,"close_rate":0.13546,"fee_open":0.001,"fee_close":0.001,"trade_duration":120,"profit_ratio":0.0009577273015744806,"profit_abs":0.3275844,"exit_reason":"roi","initial_stop_loss_abs":0.12831,"initial_stop_loss_ratio":-0.05,"stop_loss_abs":0.12831,"stop_loss_ratio":-0.05,"min_rate":0.13493,"max_rate":0.13663,"is_open":false,"enter_tag":"","leverage":1.0,"is_short":false,"open_timestamp":1764626400000,"close_timestamp":1764633600000,"orders":[{"amount":2530.0,"safe_price":0.13506,"ft_order_side":"buy","order_filled_timestamp":1764626400000,"ft_is_entry":true,"ft_order_tag":"","cost":342.0435018},{"amount":2530.0,"safe_price":0.13546,"ft_order_side":"sell","order_filled_timestamp":1764633600000,"ft_is_entry":false,"ft_order_tag":"roi","cost":343.05651379999995}],"funding_fees":0.0,"weekday":1},{"pair":"DOGE/USDT","stake_amount":341.79696,"max_stake_amount":341.79696,"amount":2447.0,"open_date":"2025-12-06 12:00:00+00:00","close_date":"2025-12-06 14:00:00+00:00","open_rate":0.13968,"close_rate":0.13995963963963962,"fee_open":0.001,"fee_close":0.001,"trade_duration":120,"profit_ratio":0.0,"profit_abs":0.0,"exit_reason":"roi","initial_stop_loss_abs":0.1327,"initial_stop_loss_ratio":-0.05,"stop_loss_abs":0.1327,"stop_loss_ratio":-0.05,"min_rate":0.13926,"max_rate":0.14076,"is_open":false,"enter_tag":"","leverage":1.0,"is_short":false,"open_timestamp":1765022400000,"close_timestamp":1765029600000,"orders":[{"amount":2447.0,"safe_price":0.13968,"ft_order_side":"buy","order_filled_timestamp":1765022400000,"ft_is_entry":true,"ft_order_tag":"","cost":342.13875695999997},{"amount":2447.0,"safe_price":0.13995963963963962,"ft_order_side":"sell","order_filled_timestamp":1765029600000,"ft_is_entry":false,"ft_order_tag":"roi","cost":342.8237194363963}],"funding_fees":0.0,"weekday":5},{"pair":"DOGE/USDT","stake_amount":341.77958,"max_stake_amount":341.77958,"amount":2446.0,"open_date":"2025-12-06 21:00:00+00:00","close_date":"2025-12-07 00:00:00+00:00","open_rate":0.13973,"close_rate":0.1400097397397397,"fee_open":0.001,"fee_close":0.001,"trade_duration":180,"profit_ratio":0.0,"profit_abs":0.0,"exit_reason":"roi","initial_stop_loss_abs":0.13275,"initial_stop_loss_ratio":-0.05,"stop_loss_abs":0.13275,"stop_loss_ratio":-0.05,"min_rate":0.13906,"max_rate":0.1405,"is_open":false,"enter_tag":"","leverage":1.0,"is_short":false,"open_timestamp":1765054800000,"close_timestamp":1765065600000,"orders":[{"amount":2446.0,"safe_price":0.13973,"ft_order_side":"buy","order_filled_timestamp":1765054800000,"ft_is_entry":true,"ft_order_tag":"","cost":342.12135958},{"amount":2446.0,"safe_price":0.1400097397397397,"ft_order_side":"sell","order_filled_timestamp":1765065600000,"ft_is_entry":false,"ft_order_tag":"roi","cost":342.8062872268067}],"funding_fees":0.0,"weekday":6},{"pair":"DOGE/USDT","stake_amount":341.78925,"max_stake_amount":341.78925,"amount":2437.0,"open_date":"2025-12-07 03:00:00+00:00","close_date":"2025-12-07 06:00:00+00:00","open_rate":0.14025,"close_rate":0.14053078078078077,"fee_open":0.001,"fee_close":0.001,"trade_duration":180,"profit_ratio":0.0,"profit_abs":0.0,"exit_reason":"roi","initial_stop_loss_abs":0.13324,"initial_stop_loss_ratio":-0.05,"stop_loss_abs":0.13324,"stop_loss_ratio":-0.05,"min_rate":0.13979,"max_rate":0.1409,"is_open":false,"enter_tag":"","leverage":1.0,"is_short":false,"open_timestamp":1765076400000,"close_timestamp":1765087200000,"orders":[{"amount":2437.0,"safe_price":0.14025,"ft_order_side":"buy","order_filled_timestamp":1765076400000,"ft_is_entry":true,"ft_order_tag":"","cost":342.13103925},{"amount":2437.0,"safe_price":0.14053078078078077,"ft_order_side":"sell","order_filled_timestamp":1765087200000,"ft_is_entry":false,"ft_order_tag":"roi","cost":342.81598627552546}],"funding_fees":0.0,"weekday":6},{"pair":"DOGE/USDT","stake_amount":341.86674,"max_stake_amount":341.86674,"amount":2454.0,"open_date":"2025-12-07 16:00:00+00:00","close_date":"2025-12-07 18:00:00+00:00","open_rate":0.13931,"close_rate":0.14145,"fee_open":0.001,"fee_close":0.001,"trade_duration":120,"profit_ratio":0.013332730007771283,"profit_abs":4.56257496,"exit_reason":"roi","initial_stop_loss_abs":0.13235,"initial_stop_loss_ratio":-0.05,"stop_loss_abs":0.13235,"stop_loss_ratio":-0.05,"min_rate":0.13818,"max_rate":0.14291,"is_open":false,"enter_tag":"","leverage":1.0,"is_short":false,"open_timestamp":1765123200000,"close_timestamp":1765130400000,"orders":[{"amount":2454.0,"safe_price":0.13931,"ft_order_side":"buy","order_filled_timestamp":1765123200000,"ft_is_entry":true,"ft_order_tag":"","cost":342.20860673999994},{"amount":2454.0,"safe_price":0.14145,"ft_order_side":"sell","order_filled_timestamp":1765130400000,"ft_is_entry":false,"ft_order_tag":"roi","cost":347.46541829999995}],"funding_fees":0.0,"weekday":6},{"pair":"DOGE/USDT","stake_amount":343.23588,"max_stake_amount":343.23588,"amount":2349.0,"open_date":"2025-12-10 18:00:00+00:00","close_date":"2025-12-10 20:00:00+00:00","open_rate":0.14612,"close_rate":0.14753,"fee_open":0.001,"fee_close":0.001,"trade_duration":120,"profit_ratio":0.007632321141765434,"profit_abs":2.62230615,"exit_reason":"roi","initial_stop_loss_abs":0.13882,"initial_stop_loss_ratio":-0.05,"stop_loss_abs":0.13882,"stop_loss_ratio":-0.05,"min_rate":0.14541,"max_rate":0.15031,"is_open":false,"enter_tag":"","leverage":1.0,"is_short":false,"open_timestamp":1765389600000,"close_timestamp":1765396800000,"orders":[{"amount":2349.0,"safe_price":0.14612,"ft_order_side":"buy","order_filled_timestamp":1765389600000,"ft_is_entry":true,"ft_order_tag":"","cost":343.57911587999996},{"amount":2349.0,"safe_price":0.14753,"ft_order_side":"sell","order_filled_timestamp":1765396800000,"ft_is_entry":false,"ft_order_tag":"roi","cost":346.8945179699999}],"funding_fees":0.0,"weekday":2},{"pair":"DOGE/USDT","stake_amount":344.21696,"max_stake_amount":344.21696,"amount":2549.0,"open_date":"2025-12-15 01:00:00+00:00","close_date":"2025-12-15 03:00:00+00:00","open_rate":0.13504,"close_rate":0.13662,"fee_open":0.001,"fee_close":0.001,"trade_duration":120,"profit_ratio":0.009678857871985833,"profit_abs":3.33495866,"exit_reason":"roi","initial_stop_loss_abs":0.12829,"initial_stop_loss_ratio":-0.05,"stop_loss_abs":0.12829,"stop_loss_ratio":-0.05,"min_rate":0.13485,"max_rate":0.13845,"is_open":false,"enter_tag":"","leverage":1.0,"is_short":false,"open_timestamp":1765760400000,"close_timestamp":1765767600000,"orders":[{"amount":2549.0,"safe_price":0.13504,"ft_order_side":"buy","order_filled_timestamp":1765760400000,"ft_is_entry":true,"ft_order_tag":"","cost":344.56117695999995},{"amount":2549.0,"safe_price":0.13662,"ft_order_side":"sell","order_filled_timestamp":1765767600000,"ft_is_entry":false,"ft_order_tag":"roi","cost":348.59262437999996}],"funding_fees":0.0,"weekday":0},{"pair":"DOGE/USDT","stake_amount":345.23506,"max_stake_amount":345.23506,"amount":2638.0,"open_date":"2025-12-16 11:00:00+00:00","close_date":"2025-12-16 13:00:00+00:00","open_rate":0.13087,"close_rate":0.13139,"fee_open":0.001,"fee_close":0.001,"trade_duration":120,"profit_ratio":0.0019674678496409983,"profit_abs":0.67991812,"exit_reason":"roi","initial_stop_loss_abs":0.12433,"initial_stop_loss_ratio":-0.05,"stop_loss_abs":0.12433,"stop_loss_ratio":-0.05,"min_rate":0.12975,"max_rate":0.13263,"is_open":false,"enter_tag":"","leverage":1.0,"is_short":false,"open_timestamp":1765882800000,"close_timestamp":1765890000000,"orders":[{"amount":2638.0,"safe_price":0.13087,"ft_order_side":"buy","order_filled_timestamp":1765882800000,"ft_is_entry":true,"ft_order_tag":"","cost":345.5802950599999},{"amount":2638.0,"safe_price":0.13139,"ft_order_side":"sell","order_filled_timestamp":1765890000000,"ft_is_entry":false,"ft_order_tag":"roi","cost":346.95342682}],"funding_fees":0.0,"weekday":1},{"pair":"DOGE/USDT","stake_amount":345.55324,"max_stake_amount":345.55324,"amount":2636.0,"open_date":"2025-12-17 14:00:00+00:00","close_date":"2025-12-18 05:00:00+00:00","open_rate":0.13109,"close_rate":0.12454,"fee_open":0.001,"fee_close":0.001,"trade_duration":900,"profit_ratio":-0.05186384292342032,"profit_abs":-17.93964068,"exit_reason":"stop_loss","initial_stop_loss_abs":0.12454,"initial_stop_loss_ratio":-0.05,"stop_loss_abs":0.12454,"stop_loss_ratio":-0.05,"min_rate":0.12385,"max_rate":0.13631,"is_open":false,"enter_tag":"","leverage":1.0,"is_short":false,"open_timestamp":1765980000000,"close_timestamp":1766034000000,"orders":[{"amount":2636.0,"safe_price":0.13109,"ft_order_side":"buy","order_filled_timestamp":1765980000000,"ft_is_entry":true,"ft_order_tag":"","cost":345.89879324},{"amount":2636.0,"safe_price":0.12454,"ft_order_side":"sell","order_filled_timestamp":1766034000000,"ft_is_entry":false,"ft_order_tag":"stop_loss","cost":328.61572743999994}],"funding_fees":0.0,"weekday":3},{"pair":"DOGE/USDT","stake_amount":339.59736,"max_stake_amount":339.59736,"amount":2588.0,"open_date":"2025-12-20 07:00:00+00:00","close_date":"2025-12-20 09:00:00+00:00","open_rate":0.13122,"close_rate":0.13193,"fee_open":0.001,"fee_close":0.001,"trade_duration":120,"profit_ratio":0.0034019478463922907,"profit_abs":1.1564478,"exit_reason":"roi","initial_stop_loss_abs":0.12466,"initial_stop_loss_ratio":-0.05,"stop_loss_abs":0.12466,"stop_loss_ratio":-0.05,"min_rate":0.13094,"max_rate":0.13261,"is_open":false,"enter_tag":"","leverage":1.0,"is_short":false,"open_timestamp":1766214000000,"close_timestamp":1766221200000,"orders":[{"amount":2588.0,"safe_price":0.13122,"ft_order_side":"buy","order_filled_timestamp":1766214000000,"ft_is_entry":true,"ft_order_tag":"","cost":339.93695735999995},{"amount":2588.0,"safe_price":0.13193,"ft_order_side":"sell","order_filled_timestamp":1766221200000,"ft_is_entry":false,"ft_order_tag":"roi","cost":341.7762748399999}],"funding_fees":0.0,"weekday":5},{"pair":"DOGE/USDT","stake_amount":340.0236,"max_stake_amount":340.0236,"amount":2751.0,"open_date":"2025-12-27 22:00:00+00:00","close_date":"2025-12-28 00:00:00+00:00","open_rate":0.1236,"close_rate":0.12435,"fee_open":0.001,"fee_close":0.001,"trade_duration":120,"profit_ratio":0.004057835368514981,"profit_abs":1.38113955,"exit_reason":"roi","initial_stop_loss_abs":0.11742,"initial_stop_loss_ratio":-0.05,"stop_loss_abs":0.11742,"stop_loss_ratio":-0.05,"min_rate":0.12316,"max_rate":0.12492,"is_open":false,"enter_tag":"","leverage":1.0,"is_short":false,"open_timestamp":1766872800000,"close_timestamp":1766880000000,"orders":[{"amount":2751.0,"safe_price":0.1236,"ft_order_side":"buy","order_filled_timestamp":1766872800000,"ft_is_entry":true,"ft_order_tag":"","cost":340.3636235999999},{"amount":2751.0,"safe_price":0.12435,"ft_order_side":"sell","order_filled_timestamp":1766880000000,"ft_is_entry":false,"ft_order_tag":"roi","cost":342.42893685}],"funding_fees":0.0,"weekday":6},{"pair":"DOGE/USDT","stake_amount":340.46292,"max_stake_amount":340.46292,"amount":2828.0,"open_date":"2026-01-01 09:00:00+00:00","close_date":"2026-01-01 11:00:00+00:00","open_rate":0.12039,"close_rate":0.120631021021021,"fee_open":0.001,"fee_close":0.001,"trade_duration":120,"profit_ratio":0.0,"profit_abs":0.0,"exit_reason":"roi","initial_stop_loss_abs":0.11438,"initial_stop_loss_ratio":-0.05,"stop_loss_abs":0.11438,"stop_loss_ratio":-0.05,"min_rate":0.12021,"max_rate":0.12126,"is_open":false,"enter_tag":"","leverage":1.0,"is_short":false,"open_timestamp":1767258000000,"close_timestamp":1767265200000,"orders":[{"amount":2828.0,"safe_price":0.12039,"ft_order_side":"buy","order_filled_timestamp":1767258000000,"ft_is_entry":true,"ft_order_tag":"","cost":340.80338291999993},{"amount":2828.0,"safe_price":0.120631021021021,"ft_order_side":"sell","order_filled_timestamp":1767265200000,"ft_is_entry":false,"ft_order_tag":"roi","cost":341.4856719748948}],"funding_fees":0.0,"weekday":3}],"locks":[],"best_pair":{"key":"DOGE/USDT","trades":28,"profit_mean":0.0034503183326411386,"profit_mean_pct":0.35,"profit_total_abs":31.776196330000005,"profit_total":0.031776196330000006,"profit_total_pct":3.18,"duration_avg":"2:36:00","wins":17,"draws":8,"losses":3,"winrate":0.6071428571428571,"cagr":0.12491760043277433,"expectancy":1.134864154642857,"expectancy_ratio":-0.1931266731647745,"sortino":0.7747484975076828,"sharpe":0.922142111812859,"calmar":30.14391467047484,"sqn":0.8689,"profit_factor":1.864151050462105,"max_drawdown_account":0.020762371440715247,"max_drawdown_abs":21.822521600000005},"worst_pair":{"key":"DOGE/USDT","trades":28,"profit_mean":0.0034503183326411386,"profit_mean_pct":0.35,"profit_total_abs":31.776196330000005,"profit_total":0.031776196330000006,"profit_total_pct":3.18,"duration_avg":"2:36:00","wins":17,"draws":8,"losses":3,"winrate":0.6071428571428571,"cagr":0.12491760043277433,"expectancy":1.134864154642857,"expectancy_ratio":-0.1931266731647745,"sortino":0.7747484975076828,"sharpe":0.922142111812859,"calmar":30.14391467047484,"sqn":0.8689,"profit_factor":1.864151050462105,"max_drawdown_account":0.020762371440715247,"max_drawdown_abs":21.822521600000005},"results_per_pair":[{"key":"DOGE/USDT","trades":28,"profit_mean":0.0034503183326411386,"profit_mean_pct":0.35,"profit_total_abs":31.776196330000005,"profit_total":0.031776196330000006,"profit_total_pct":3.18,"duration_avg":"2:36:00","wins":17,"draws":8,"losses":3,"winrate":0.6071428571428571,"cagr":0.12491760043277433,"expectancy":1.134864154642857,"expectancy_ratio":-0.1931266731647745,"sortino":0.7747484975076828,"sharpe":0.922142111812859,"calmar":30.14391467047484,"sqn":0.8689,"profit_factor":1.864151050462105,"max_drawdown_account":0.020762371440715247,"max_drawdown_abs":21.822521600000005},{"key":"TOTAL","trades":28,"profit_mean":0.0034503183326411386,"profit_mean_pct":0.35,"profit_total_abs":31.776196330000005,"profit_total":0.031776196330000006,"profit_total_pct":3.18,"duration_avg":"2:36:00","wins":17,"draws":8,"losses":3,"winrate":0.6071428571428571,"cagr":0.12491760043277433,"expectancy":1.134864154642857,"expectancy_ratio":-0.1931266731647745,"sortino":0.7747484975076828,"sharpe":0.922142111812859,"calmar":30.14391467047484,"sqn":0.8689,"profit_factor":1.864151050462105,"max_drawdown_account":0.020762371440715247,"max_drawdown_abs":21.822521600000005}],"results_per_enter_tag":[{"key":"","trades":28,"profit_mean":0.0034503183326411386,"profit_mean_pct":0.35,"profit_total_abs":31.776196330000005,"profit_total":0.031776196330000006,"profit_total_pct":3.18,"duration_avg":"2:36:00","wins":17,"draws":8,"losses":3,"winrate":0.6071428571428571,"cagr":0.12491760043277433,"expectancy":1.134864154642857,"expectancy_ratio":-0.1931266731647745,"sortino":0.7747484975076828,"sharpe":0.922142111812859,"calmar":30.14391467047484,"sqn":0.8689,"profit_factor":1.864151050462105,"max_drawdown_account":0.020762371440715247,"max_drawdown_abs":21.822521600000005},{"key":"TOTAL","trades":28,"profit_mean":0.0034503183326411386,"profit_mean_pct":0.35,"profit_total_abs":31.776196330000005,"profit_total":0.031776196330000006,"profit_total_pct":3.18,"duration_avg":"2:36:00","wins":17,"draws":8,"losses":3,"winrate":0.6071428571428571,"cagr":0.12491760043277433,"expectancy":1.134864154642857,"expectancy_ratio":-0.1931266731647745,"sortino":0.7747484975076828,"sharpe":0.922142111812859,"calmar":30.14391467047484,"sqn":0.8689,"profit_factor":1.864151050462105,"max_drawdown_account":0.020762371440715247,"max_drawdown_abs":21.822521600000005}],"exit_reason_summary":[{"key":"roi","trades":25,"profit_mean":0.008114054382263178,"profit_mean_pct":0.81,"profit_total_abs":68.54777268,"profit_total":0.06854777268,"profit_total_pct":6.85,"duration_avg":"2:10:00","wins":17,"draws":8,"losses":0,"winrate":0.68,"cagr":0.2833595410527918,"expectancy":2.7419109072000003,"expectancy_ratio":100.0,"sortino":-100,"sharpe":3.0452322638535976,"calmar":-100,"sqn":3.0298,"profit_factor":0.0,"max_drawdown_account":0.0,"max_drawdown_abs":0.0},{"key":"exit_signal","trades":1,"profit_mean":-0.0025143194913968556,"profit_mean_pct":-0.25,"profit_total_abs":-0.83291031,"profit_total":-0.00083291031,"profit_total_pct":-0.08,"duration_avg":"1:00:00","wins":0,"draws":0,"losses":1,"winrate":0.0,"cagr":-0.003130542600382369,"expectancy":-0.83291031,"expectancy_ratio":-1.0,"sortino":-100,"sharpe":-100,"calmar":-19.695848633549552,"sqn":-100.0,"profit_factor":0.0,"max_drawdown_account":0.0008329103099999884,"max_drawdown_abs":0.83291031},{"key":"stop_loss","trades":2,"profit_mean":-0.051864063375615374,"profit_mean_pct":-5.19,"profit_total_abs":-35.93866604,"profit_total":-0.035938666040000004,"profit_total_pct":-3.59,"duration_avg":"9:00:00","wins":0,"draws":0,"losses":2,"winrate":0.0,"cagr":-0.12865999049967025,"expectancy":-17.96933302,"expectancy_ratio":-1.0,"sortino":-238.39230131930296,"sharpe":-238.39230131930296,"calmar":-19.695848633549254,"sqn":-605.1841,"profit_factor":0.0,"max_drawdown_account":0.035938666040000046,"max_drawdown_abs":35.93866604},{"key":"TOTAL","trades":28,"profit_mean":0.0034503183326411386,"profit_mean_pct":0.35,"profit_total_abs":31.776196330000005,"profit_total":0.031776196330000006,"profit_total_pct":3.18,"duration_avg":"2:36:00","wins":17,"draws":8,"losses":3,"winrate":0.6071428571428571,"cagr":0.12491760043277433,"expectancy":1.134864154642857,"expectancy_ratio":-0.1931266731647745,"sortino":0.7747484975076828,"sharpe":0.922142111812859,"calmar":30.14391467047484,"sqn":0.8689,"profit_factor":1.864151050462105,"max_drawdown_account":0.020762371440715247,"max_drawdown_abs":21.822521600000005}],"mix_tag_stats":[{"key":["","roi"],"trades":25,"profit_mean":0.008114054382263178,"profit_mean_pct":0.81,"profit_total_abs":68.54777268,"profit_total":0.06854777268,"profit_total_pct":6.85,"duration_avg":"2:10:00","wins":17,"draws":8,"losses":0,"winrate":0.68,"cagr":0.2833595410527918,"expectancy":2.7419109072000003,"expectancy_ratio":100.0,"sortino":-100,"sharpe":3.0452322638535976,"calmar":-100,"sqn":3.0298,"profit_factor":0.0,"max_drawdown_account":0.0,"max_drawdown_abs":0.0},{"key":["","exit_signal"],"trades":1,"profit_mean":-0.0025143194913968556,"profit_mean_pct":-0.25,"profit_total_abs":-0.83291031,"profit_total":-0.00083291031,"profit_total_pct":-0.08,"duration_avg":"1:00:00","wins":0,"draws":0,"losses":1,"winrate":0.0,"cagr":-0.003130542600382369,"expectancy":-0.83291031,"expectancy_ratio":-1.0,"sortino":-100,"sharpe":-100,"calmar":-19.695848633549552,"sqn":-100.0,"profit_factor":0.0,"max_drawdown_account":0.0008329103099999884,"max_drawdown_abs":0.83291031},{"key":["","stop_loss"],"trades":2,"profit_mean":-0.051864063375615374,"profit_mean_pct":-5.19,"profit_total_abs":-35.93866604,"profit_total":-0.035938666040000004,"profit_total_pct":-3.59,"duration_avg":"9:00:00","wins":0,"draws":0,"losses":2,"winrate":0.0,"cagr":-0.12865999049967025,"expectancy":-17.96933302,"expectancy_ratio":-1.0,"sortino":-238.39230131930296,"sharpe":-238.39230131930296,"calmar":-19.695848633549254,"sqn":-605.1841,"profit_factor":0.0,"max_drawdown_account":0.035938666040000046,"max_drawdown_abs":35.93866604},{"key":"TOTAL","trades":28,"profit_mean":0.0034503183326411386,"profit_mean_pct":0.35,"profit_total_abs":31.776196330000005,"profit_total":0.031776196330000006,"profit_total_pct":3.18,"duration_avg":"2:36:00","wins":17,"draws":8,"losses":3,"winrate":0.6071428571428571,"cagr":0.12491760043277433,"expectancy":1.134864154642857,"expectancy_ratio":-0.1931266731647745,"sortino":0.7747484975076828,"sharpe":0.922142111812859,"calmar":30.14391467047484,"sqn":0.8689,"profit_factor":1.864151050462105,"max_drawdown_account":0.020762371440715247,"max_drawdown_abs":21.822521600000005}],"left_open_trades":[{"key":"TOTAL","trades":0,"profit_mean":0.0,"profit_mean_pct":0.0,"profit_total_abs":0.0,"profit_total":0.0,"profit_total_pct":0.0,"duration_avg":"0:00","wins":0,"draws":0,"losses":0,"winrate":0.0,"cagr":0.0,"expectancy":0.0,"expectancy_ratio":100.0,"sortino":0,"sharpe":0,"calmar":0,"sqn":0.0,"profit_factor":0.0,"max_drawdown_account":0.0,"max_drawdown_abs":0.0}],"total_trades":28,"trade_count_long":28,"trade_count_short":0,"total_volume":19136.86729542175,"avg_stake_amount":340.4795642857143,"profit_mean":0.0034503183326411386,"profit_median":0.0024271994482329964,"profit_total":0.031776196330000006,"profit_total_long":0.031776196330000006,"profit_total_short":0.0,"profit_total_abs":31.776196330000005,"profit_total_long_abs":31.776196330000005,"profit_total_short_abs":0.0,"cagr":0.12491760043277433,"expectancy":1.134864154642857,"expectancy_ratio":-0.1931266731647745,"sortino":0.7747484975076828,"sharpe":0.922142111812859,"calmar":30.14391467047484,"sqn":0.8689,"profit_factor":1.864151050462105,"backtest_start":"2025-10-01 00:00:00","backtest_start_ts":1759276800000,"backtest_end":"2026-01-06 20:00:00","backtest_end_ts":1767729600000,"backtest_days":97,"backtest_run_start_ts":1767739270,"backtest_run_end_ts":1767739270,"trades_per_day":0.29,"market_change":-0.36632086436227446,"pairlist":["DOGE/USDT"],"stake_amount":"unlimited","stake_currency":"USDT","stake_currency_decimals":3,"starting_balance":1000,"dry_run_wallet":1000,"final_balance":1031.77619633,"rejected_signals":0,"timedout_entry_orders":0,"timedout_exit_orders":0,"canceled_trade_entries":0,"canceled_entry_orders":0,"replaced_entry_orders":0,"max_open_trades":1,"max_open_trades_setting":3,"timeframe":"1h","timeframe_detail":"","timerange":"20251001-","enable_protections":false,"strategy_name":"ACO_40_20","freqaimodel":null,"freqai_identifier":null,"stoploss":-0.05,"trailing_stop":false,"trailing_stop_positive":null,"trailing_stop_positive_offset":0.0,"trailing_only_offset_is_reached":false,"use_custom_stoploss":false,"minimal_roi":{"0":0.1,"60":0.05,"120":0.0},"use_exit_signal":true,"exit_profit_only":false,"exit_profit_offset":0.0,"ignore_roi_if_entry_signal":false,"trading_mode":"spot","margin_mode":"","periodic_breakdown":{"day":[{"date":"03/10/2025","date_ts":1759449600000,"profit_abs":3.08302334,"wins":1,"draws":0,"losses":0,"trades":1,"profit_factor":0.0},{"date":"04/10/2025","date_ts":1759536000000,"profit_abs":0.0,"wins":0,"draws":0,"losses":0,"trades":0,"profit_factor":0.0},{"date":"05/10/2025","date_ts":1759622400000,"profit_abs":0.0,"wins":0,"draws":0,"losses":0,"trades":0,"profit_factor":0.0},{"date":"06/10/2025","date_ts":1759708800000,"profit_abs":0.0,"wins":0,"draws":0,"losses":0,"trades":0,"profit_factor":0.0},{"date":"07/10/2025","date_ts":1759795200000,"profit_abs":0.0,"wins":0,"draws":0,"losses":0,"trades":0,"profit_factor":0.0},{"date":"08/10/2025","date_ts":1759881600000,"profit_abs":0.0,"wins":0,"draws":0,"losses":0,"trades":0,"profit_factor":0.0},{"date":"09/10/2025","date_ts":1759968000000,"profit_abs":0.0,"wins":0,"draws":0,"losses":0,"trades":0,"profit_factor":0.0},{"date":"10/10/2025","date_ts":1760054400000,"profit_abs":-0.83291031,"wins":0,"draws":0,"losses":1,"trades":1,"profit_factor":0.0},{"date":"11/10/2025","date_ts":1760140800000,"profit_abs":0.0,"wins":0,"draws":0,"losses":0,"trades":0,"profit_factor":0.0},{"date":"12/10/2025","date_ts":1760227200000,"profit_abs":16.534602,"wins":1,"draws":0,"losses":0,"trades":1,"profit_factor":0.0},{"date":"13/10/2025","date_ts":1760313600000,"profit_abs":5.57371425,"wins":1,"draws":0,"losses":0,"trades":1,"profit_factor":0.0},{"date":"14/10/2025","date_ts":1760400000000,"profit_abs":0.0,"wins":0,"draws":0,"losses":0,"trades":0,"profit_factor":0.0},{"date":"15/10/2025","date_ts":1760486400000,"profit_abs":1.78328444,"wins":1,"draws":0,"losses":0,"trades":1,"profit_factor":0.0},{"date":"16/10/2025","date_ts":1760572800000,"profit_abs":3.07879768,"wins":1,"draws":0,"losses":0,"trades":1,"profit_factor":0.0},{"date":"17/10/2025","date_ts":1760659200000,"profit_abs":0.0,"wins":0,"draws":0,"losses":0,"trades":0,"profit_factor":0.0},{"date":"18/10/2025","date_ts":1760745600000,"profit_abs":0.0,"wins":0,"draws":1,"losses":0,"trades":1,"profit_factor":0.0},{"date":"19/10/2025","date_ts":1760832000000,"profit_abs":0.0,"wins":0,"draws":0,"losses":0,"trades":0,"profit_factor":0.0},{"date":"20/10/2025","date_ts":1760918400000,"profit_abs":0.0,"wins":0,"draws":0,"losses":0,"trades":0,"profit_factor":0.0},{"date":"21/10/2025","date_ts":1761004800000,"profit_abs":0.0,"wins":0,"draws":0,"losses":0,"trades":0,"profit_factor":0.0},{"date":"22/10/2025","date_ts":1761091200000,"profit_abs":0.0,"wins":0,"draws":0,"losses":0,"trades":0,"profit_factor":0.0},{"date":"23/10/2025","date_ts":1761177600000,"profit_abs":0.0,"wins":0,"draws":0,"losses":0,"trades":0,"profit_factor":0.0},{"date":"24/10/2025","date_ts":1761264000000,"profit_abs":0.0,"wins":0,"draws":0,"losses":0,"trades":0,"profit_factor":0.0},{"date":"25/10/2025","date_ts":1761350400000,"profit_abs":0.0,"wins":0,"draws":0,"losses":0,"trades":0,"profit_factor":0.0},{"date":"26/10/2025","date_ts":1761436800000,"profit_abs":0.98109618,"wins":1,"draws":0,"losses":0,"trades":1,"profit_factor":0.0},{"date":"27/10/2025","date_ts":1761523200000,"profit_abs":0.0,"wins":0,"draws":0,"losses":0,"trades":0,"profit_factor":0.0},{"date":"28/10/2025","date_ts":1761609600000,"profit_abs":0.0,"wins":0,"draws":0,"losses":0,"trades":0,"profit_factor":0.0},{"date":"29/10/2025","date_ts":1761696000000,"profit_abs":0.0,"wins":0,"draws":0,"losses":0,"trades":0,"profit_factor":0.0},{"date":"30/10/2025","date_ts":1761782400000,"profit_abs":0.0,"wins":0,"draws":0,"losses":0,"trades":0,"profit_factor":0.0},{"date":"31/10/2025","date_ts":1761868800000,"profit_abs":0.0,"wins":0,"draws":0,"losses":0,"trades":0,"profit_factor":0.0},{"date":"01/11/2025","date_ts":1761955200000,"profit_abs":0.0,"wins":0,"draws":0,"losses":0,"trades":0,"profit_factor":0.0},{"date":"02/11/2025","date_ts":1762041600000,"profit_abs":0.0,"wins":0,"draws":0,"losses":0,"trades":0,"profit_factor":0.0},{"date":"03/11/2025","date_ts":1762128000000,"profit_abs":0.0,"wins":0,"draws":0,"losses":0,"trades":0,"profit_factor":0.0},{"date":"04/11/2025","date_ts":1762214400000,"profit_abs":0.0,"wins":0,"draws":0,"losses":0,"trades":0,"profit_factor":0.0},{"date":"05/11/2025","date_ts":1762300800000,"profit_abs":0.0,"wins":0,"draws":0,"losses":0,"trades":0,"profit_factor":0.0},{"date":"06/11/2025","date_ts":1762387200000,"profit_abs":0.0,"wins":0,"draws":0,"losses":0,"trades":0,"profit_factor":0.0},{"date":"07/11/2025","date_ts":1762473600000,"profit_abs":16.991715,"wins":1,"draws":0,"losses":0,"trades":1,"profit_factor":0.0},{"date":"08/11/2025","date_ts":1762560000000,"profit_abs":0.0,"wins":0,"draws":0,"losses":0,"trades":0,"profit_factor":0.0},{"date":"09/11/2025","date_ts":1762646400000,"profit_abs":0.0,"wins":0,"draws":0,"losses":0,"trades":0,"profit_factor":0.0},{"date":"10/11/2025","date_ts":1762732800000,"profit_abs":0.0,"wins":0,"draws":0,"losses":0,"trades":0,"profit_factor":0.0},{"date":"11/11/2025","date_ts":1762819200000,"profit_abs":0.0,"wins":0,"draws":0,"losses":0,"trades":0,"profit_factor":0.0},{"date":"12/11/2025","date_ts":1762905600000,"profit_abs":3.867808,"wins":1,"draws":0,"losses":0,"trades":1,"profit_factor":0.0},{"date":"13/11/2025","date_ts":1762992000000,"profit_abs":0.0,"wins":0,"draws":0,"losses":0,"trades":0,"profit_factor":0.0},{"date":"14/11/2025","date_ts":1763078400000,"profit_abs":0.0,"wins":0,"draws":0,"losses":0,"trades":0,"profit_factor":0.0},{"date":"15/11/2025","date_ts":1763164800000,"profit_abs":0.0,"wins":0,"draws":0,"losses":0,"trades":0,"profit_factor":0.0},{"date":"16/11/2025","date_ts":1763251200000,"profit_abs":0.0,"wins":0,"draws":1,"losses":0,"trades":1,"profit_factor":0.0},{"date":"17/11/2025","date_ts":1763337600000,"profit_abs":-17.99902536,"wins":0,"draws":0,"losses":1,"trades":1,"profit_factor":0.0},{"date":"18/11/2025","date_ts":1763424000000,"profit_abs":0.0,"wins":0,"draws":0,"losses":0,"trades":0,"profit_factor":0.0},{"date":"19/11/2025","date_ts":1763510400000,"profit_abs":0.0,"wins":0,"draws":0,"losses":0,"trades":0,"profit_factor":0.0},{"date":"20/11/2025","date_ts":1763596800000,"profit_abs":0.26808375,"wins":1,"draws":0,"losses":0,"trades":1,"profit_factor":0.0},{"date":"21/11/2025","date_ts":1763683200000,"profit_abs":0.0,"wins":0,"draws":0,"losses":0,"trades":0,"profit_factor":0.0},{"date":"22/11/2025","date_ts":1763769600000,"profit_abs":0.0,"wins":0,"draws":0,"losses":0,"trades":0,"profit_factor":0.0},{"date":"23/11/2025","date_ts":1763856000000,"profit_abs":0.0,"wins":0,"draws":0,"losses":0,"trades":0,"profit_factor":0.0},{"date":"24/11/2025","date_ts":1763942400000,"profit_abs":0.0,"wins":0,"draws":0,"losses":0,"trades":0,"profit_factor":0.0},{"date":"25/11/2025","date_ts":1764028800000,"profit_abs":2.3207184,"wins":1,"draws":1,"losses":0,"trades":2,"profit_factor":0.0},{"date":"26/11/2025","date_ts":1764115200000,"profit_abs":0.0,"wins":0,"draws":0,"losses":0,"trades":0,"profit_factor":0.0},{"date":"27/11/2025","date_ts":1764201600000,"profit_abs":0.0,"wins":0,"draws":0,"losses":0,"trades":0,"profit_factor":0.0},{"date":"28/11/2025","date_ts":1764288000000,"profit_abs":0.0,"wins":0,"draws":1,"losses":0,"trades":1,"profit_factor":0.0},{"date":"29/11/2025","date_ts":1764374400000,"profit_abs":0.0,"wins":0,"draws":0,"losses":0,"trades":0,"profit_factor":0.0},{"date":"30/11/2025","date_ts":1764460800000,"profit_abs":0.0,"wins":0,"draws":0,"losses":0,"trades":0,"profit_factor":0.0},{"date":"01/12/2025","date_ts":1764547200000,"profit_abs":0.0,"wins":0,"draws":0,"losses":0,"trades":0,"profit_factor":0.0},{"date":"02/12/2025","date_ts":1764633600000,"profit_abs":0.3275844,"wins":1,"draws":0,"losses":0,"trades":1,"profit_factor":0.0},{"date":"03/12/2025","date_ts":1764720000000,"profit_abs":0.0,"wins":0,"draws":0,"losses":0,"trades":0,"profit_factor":0.0},{"date":"04/12/2025","date_ts":1764806400000,"profit_abs":0.0,"wins":0,"draws":0,"losses":0,"trades":0,"profit_factor":0.0},{"date":"05/12/2025","date_ts":1764892800000,"profit_abs":0.0,"wins":0,"draws":0,"losses":0,"trades":0,"profit_factor":0.0},{"date":"06/12/2025","date_ts":1764979200000,"profit_abs":0.0,"wins":0,"draws":1,"losses":0,"trades":1,"profit_factor":0.0},{"date":"07/12/2025","date_ts":1765065600000,"profit_abs":4.56257496,"wins":1,"draws":2,"losses":0,"trades":3,"profit_factor":0.0},{"date":"08/12/2025","date_ts":1765152000000,"profit_abs":0.0,"wins":0,"draws":0,"losses":0,"trades":0,"profit_factor":0.0},{"date":"09/12/2025","date_ts":1765238400000,"profit_abs":0.0,"wins":0,"draws":0,"losses":0,"trades":0,"profit_factor":0.0},{"date":"10/12/2025","date_ts":1765324800000,"profit_abs":2.62230615,"wins":1,"draws":0,"losses":0,"trades":1,"profit_factor":0.0},{"date":"11/12/2025","date_ts":1765411200000,"profit_abs":0.0,"wins":0,"draws":0,"losses":0,"trades":0,"profit_factor":0.0},{"date":"12/12/2025","date_ts":1765497600000,"profit_abs":0.0,"wins":0,"draws":0,"losses":0,"trades":0,"profit_factor":0.0},{"date":"13/12/2025","date_ts":1765584000000,"profit_abs":0.0,"wins":0,"draws":0,"losses":0,"trades":0,"profit_factor":0.0},{"date":"14/12/2025","date_ts":1765670400000,"profit_abs":0.0,"wins":0,"draws":0,"losses":0,"trades":0,"profit_factor":0.0},{"date":"15/12/2025","date_ts":1765756800000,"profit_abs":3.33495866,"wins":1,"draws":0,"losses":0,"trades":1,"profit_factor":0.0},{"date":"16/12/2025","date_ts":1765843200000,"profit_abs":0.67991812,"wins":1,"draws":0,"losses":0,"trades":1,"profit_factor":0.0},{"date":"17/12/2025","date_ts":1765929600000,"profit_abs":0.0,"wins":0,"draws":0,"losses":0,"trades":0,"profit_factor":0.0},{"date":"18/12/2025","date_ts":1766016000000,"profit_abs":-17.93964068,"wins":0,"draws":0,"losses":1,"trades":1,"profit_factor":0.0},{"date":"19/12/2025","date_ts":1766102400000,"profit_abs":0.0,"wins":0,"draws":0,"losses":0,"trades":0,"profit_factor":0.0},{"date":"20/12/2025","date_ts":1766188800000,"profit_abs":1.1564478,"wins":1,"draws":0,"losses":0,"trades":1,"profit_factor":0.0},{"date":"21/12/2025","date_ts":1766275200000,"profit_abs":0.0,"wins":0,"draws":0,"losses":0,"trades":0,"profit_factor":0.0},{"date":"22/12/2025","date_ts":1766361600000,"profit_abs":0.0,"wins":0,"draws":0,"losses":0,"trades":0,"profit_factor":0.0},{"date":"23/12/2025","date_ts":1766448000000,"profit_abs":0.0,"wins":0,"draws":0,"losses":0,"trades":0,"profit_factor":0.0},{"date":"24/12/2025","date_ts":1766534400000,"profit_abs":0.0,"wins":0,"draws":0,"losses":0,"trades":0,"profit_factor":0.0},{"date":"25/12/2025","date_ts":1766620800000,"profit_abs":0.0,"wins":0,"draws":0,"losses":0,"trades":0,"profit_factor":0.0},{"date":"26/12/2025","date_ts":1766707200000,"profit_abs":0.0,"wins":0,"draws":0,"losses":0,"trades":0,"profit_factor":0.0},{"date":"27/12/2025","date_ts":1766793600000,"profit_abs":0.0,"wins":0,"draws":0,"losses":0,"trades":0,"profit_factor":0.0},{"date":"28/12/2025","date_ts":1766880000000,"profit_abs":1.38113955,"wins":1,"draws":0,"losses":0,"trades":1,"profit_factor":0.0},{"date":"29/12/2025","date_ts":1766966400000,"profit_abs":0.0,"wins":0,"draws":0,"losses":0,"trades":0,"profit_factor":0.0},{"date":"30/12/2025","date_ts":1767052800000,"profit_abs":0.0,"wins":0,"draws":0,"losses":0,"trades":0,"profit_factor":0.0},{"date":"31/12/2025","date_ts":1767139200000,"profit_abs":0.0,"wins":0,"draws":0,"losses":0,"trades":0,"profit_factor":0.0},{"date":"01/01/2026","date_ts":1767225600000,"profit_abs":0.0,"wins":0,"draws":1,"losses":0,"trades":1,"profit_factor":0.0}],"week":[{"date":"06/10/2025","date_ts":1759708800000,"profit_abs":3.08302334,"wins":1,"draws":0,"losses":0,"trades":1,"profit_factor":0.0},{"date":"13/10/2025","date_ts":1760313600000,"profit_abs":21.27540594,"wins":2,"draws":0,"losses":1,"trades":3,"profit_factor":26.5434537},{"date":"20/10/2025","date_ts":1760918400000,"profit_abs":4.86208212,"wins":2,"draws":1,"losses":0,"trades":3,"profit_factor":0.0},{"date":"27/10/2025","date_ts":1761523200000,"profit_abs":0.98109618,"wins":1,"draws":0,"losses":0,"trades":1,"profit_factor":0.0},{"date":"03/11/2025","date_ts":1762128000000,"profit_abs":0.0,"wins":0,"draws":0,"losses":0,"trades":0,"profit_factor":0.0},{"date":"10/11/2025","date_ts":1762732800000,"profit_abs":16.991715,"wins":1,"draws":0,"losses":0,"trades":1,"profit_factor":0.0},{"date":"17/11/2025","date_ts":1763337600000,"profit_abs":-14.13121736,"wins":1,"draws":1,"losses":1,"trades":3,"profit_factor":0.21488986},{"date":"24/11/2025","date_ts":1763942400000,"profit_abs":0.26808375,"wins":1,"draws":0,"losses":0,"trades":1,"profit_factor":0.0},{"date":"01/12/2025","date_ts":1764547200000,"profit_abs":2.3207184,"wins":1,"draws":2,"losses":0,"trades":3,"profit_factor":0.0},{"date":"08/12/2025","date_ts":1765152000000,"profit_abs":4.89015936,"wins":2,"draws":3,"losses":0,"trades":5,"profit_factor":0.0},{"date":"15/12/2025","date_ts":1765756800000,"profit_abs":5.95726481,"wins":2,"draws":0,"losses":0,"trades":2,"profit_factor":0.0},{"date":"22/12/2025","date_ts":1766361600000,"profit_abs":-16.10327476,"wins":2,"draws":0,"losses":1,"trades":3,"profit_factor":0.10236358},{"date":"29/12/2025","date_ts":1766966400000,"profit_abs":1.38113955,"wins":1,"draws":0,"losses":0,"trades":1,"profit_factor":0.0},{"date":"05/01/2026","date_ts":1767571200000,"profit_abs":0.0,"wins":0,"draws":1,"losses":0,"trades":1,"profit_factor":0.0}],"month":[{"date":"31/10/2025","date_ts":1761868800000,"profit_abs":30.20160758,"wins":6,"draws":1,"losses":1,"trades":8,"profit_factor":37.26033586},{"date":"30/11/2025","date_ts":1764460800000,"profit_abs":5.44929979,"wins":4,"draws":3,"losses":1,"trades":8,"profit_factor":1.30275527},{"date":"31/12/2025","date_ts":1767139200000,"profit_abs":-3.87471104,"wins":7,"draws":3,"losses":1,"trades":11,"profit_factor":0.78401401},{"date":"31/01/2026","date_ts":1769817600000,"profit_abs":0.0,"wins":0,"draws":1,"losses":0,"trades":1,"profit_factor":0.0}],"year":[{"date":"31/12/2025","date_ts":1767139200000,"profit_abs":31.77619633,"wins":17,"draws":7,"losses":3,"trades":27,"profit_factor":1.86415105},{"date":"31/12/2026","date_ts":1798675200000,"profit_abs":0.0,"wins":0,"draws":1,"losses":0,"trades":1,"profit_factor":0.0}],"weekday":[{"date":"Monday","date_ts":0,"profit_abs":-9.09035245,"wins":2,"draws":0,"losses":1,"trades":3,"profit_factor":0.49495307},{"date":"Tuesday","date_ts":1,"profit_abs":3.32822092,"wins":3,"draws":1,"losses":0,"trades":4,"profit_factor":0.0},{"date":"Wednesday","date_ts":2,"profit_abs":8.27339859,"wins":3,"draws":0,"losses":0,"trades":3,"profit_factor":0.0},{"date":"Thursday","date_ts":3,"profit_abs":-14.59275925,"wins":2,"draws":1,"losses":1,"trades":4,"profit_factor":0.18656346},{"date":"Friday","date_ts":4,"profit_abs":19.24182803,"wins":2,"draws":1,"losses":1,"trades":4,"profit_factor":24.10192082},{"date":"Saturday","date_ts":5,"profit_abs":1.1564478,"wins":1,"draws":2,"losses":0,"trades":3,"profit_factor":0.0},{"date":"Sunday","date_ts":6,"profit_abs":23.45941269,"wins":4,"draws":3,"losses":0,"trades":7,"profit_factor":0.0}]},"backtest_best_day":0.04995004995004995,"backtest_worst_day":-0.05186428382781042,"backtest_best_day_abs":16.991715,"backtest_worst_day_abs":-17.99902536,"winning_days":17,"draw_days":71,"losing_days":3,"daily_profit":[["2025-10-03",3.08302334],["2025-10-04",0.0],["2025-10-05",0.0],["2025-10-06",0.0],["2025-10-07",0.0],["2025-10-08",0.0],["2025-10-09",0.0],["2025-10-10",-0.83291031],["2025-10-11",0.0],["2025-10-12",16.534602],["2025-10-13",5.57371425],["2025-10-14",0.0],["2025-10-15",1.78328444],["2025-10-16",3.07879768],["2025-10-17",0.0],["2025-10-18",0.0],["2025-10-19",0.0],["2025-10-20",0.0],["2025-10-21",0.0],["2025-10-22",0.0],["2025-10-23",0.0],["2025-10-24",0.0],["2025-10-25",0.0],["2025-10-26",0.98109618],["2025-10-27",0.0],["2025-10-28",0.0],["2025-10-29",0.0],["2025-10-30",0.0],["2025-10-31",0.0],["2025-11-01",0.0],["2025-11-02",0.0],["2025-11-03",0.0],["2025-11-04",0.0],["2025-11-05",0.0],["2025-11-06",0.0],["2025-11-07",16.991715],["2025-11-08",0.0],["2025-11-09",0.0],["2025-11-10",0.0],["2025-11-11",0.0],["2025-11-12",3.867808],["2025-11-13",0.0],["2025-11-14",0.0],["2025-11-15",0.0],["2025-11-16",0.0],["2025-11-17",-17.99902536],["2025-11-18",0.0],["2025-11-19",0.0],["2025-11-20",0.26808375],["2025-11-21",0.0],["2025-11-22",0.0],["2025-11-23",0.0],["2025-11-24",0.0],["2025-11-25",2.3207184],["2025-11-26",0.0],["2025-11-27",0.0],["2025-11-28",0.0],["2025-11-29",0.0],["2025-11-30",0.0],["2025-12-01",0.0],["2025-12-02",0.3275844],["2025-12-03",0.0],["2025-12-04",0.0],["2025-12-05",0.0],["2025-12-06",0.0],["2025-12-07",4.56257496],["2025-12-08",0.0],["2025-12-09",0.0],["2025-12-10",2.62230615],["2025-12-11",0.0],["2025-12-12",0.0],["2025-12-13",0.0],["2025-12-14",0.0],["2025-12-15",3.33495866],["2025-12-16",0.67991812],["2025-12-17",0.0],["2025-12-18",-17.93964068],["2025-12-19",0.0],["2025-12-20",1.1564478],["2025-12-21",0.0],["2025-12-22",0.0],["2025-12-23",0.0],["2025-12-24",0.0],["2025-12-25",0.0],["2025-12-26",0.0],["2025-12-27",0.0],["2025-12-28",1.38113955],["2025-12-29",0.0],["2025-12-30",0.0],["2025-12-31",0.0],["2026-01-01",0.0]],"wins":17,"losses":3,"draws":8,"winrate":0.6071428571428571,"holding_avg":"2:36:00","holding_avg_s":9360.0,"winner_holding_min":"0d 01:00","winner_holding_min_s":3600.0,"winner_holding_max":"0d 02:00","winner_holding_max_s":7200.0,"winner_holding_avg":"0d 01:53","winner_holding_avg_s":6780.0,"loser_holding_min":"0d 01:00","loser_holding_min_s":3600.0,"loser_holding_max":"0d 15:00","loser_holding_max_s":54000.0,"loser_holding_avg":"0d 06:20","loser_holding_avg_s":22800.0,"max_consecutive_wins":4,"max_consecutive_losses":3,"max_drawdown_account":0.020762371440715247,"max_relative_drawdown":0.020762371440715247,"max_drawdown_abs":21.822521600000005,"drawdown_start":"2025-11-12 11:00:00","drawdown_start_ts":1762945200000.0,"drawdown_end":"2025-12-18 05:00:00","drawdown_end_ts":1766034000000.0,"drawdown_duration":"35 days 18:00:00","drawdown_duration_s":3088800.0,"max_drawdown_low":29.23860897999999,"max_drawdown_high":51.06113058,"csum_min":1002.25011303,"csum_max":1051.06113058}},"strategy_comparison":[{"key":"ACO_40_20","trades":28,"profit_mean":0.0034503183326411386,"profit_mean_pct":0.35,"profit_total_abs":31.776196330000005,"profit_total":0.031776196330000006,"profit_total_pct":3.18,"duration_avg":"2:36:00","wins":17,"draws":8,"losses":3,"winrate":0.6071428571428571,"cagr":0.12491760043277433,"expectancy":1.134864154642857,"expectancy_ratio":-0.1931266731647745,"sortino":0.7747484975076828,"sharpe":0.922142111812859,"calmar":30.14391467047484,"sqn":0.8689,"profit_factor":1.864151050462105,"max_drawdown_account":0.020762371440715247,"max_drawdown_abs":"21.823"}]}