{"strategy":{"ACO_45_13":{"trades":[{"pair":"DOGE/USDT","stake_amount":329.99724,"max_stake_amount":329.99724,"amount":1707.0,"open_date":"2025-10-29 10:00:00+00:00","close_date":"2025-10-29 12:00:00+00:00","open_rate":0.19332,"close_rate":0.19541,"fee_open":0.001,"fee_close":0.001,"trade_duration":120,"profit_ratio":0.00879148784176717,"profit_abs":2.90406789,"exit_reason":"roi","initial_stop_loss_abs":0.18366,"initial_stop_loss_ratio":-0.05,"stop_loss_abs":0.18366,"stop_loss_ratio":-0.05,"min_rate":0.19321,"max_rate":0.1965,"is_open":false,"enter_tag":"","leverage":1.0,"is_short":false,"open_timestamp":1761732000000,"close_timestamp":1761739200000,"orders":[{"amount":1707.0,"safe_price":0.19332,"ft_order_side":"buy","order_filled_timestamp":1761732000000,"ft_is_entry":true,"ft_order_tag":"","cost":330.32723723999993},{"amount":1707.0,"safe_price":0.19541,"ft_order_side":"sell","order_filled_timestamp":1761739200000,"ft_is_entry":false,"ft_order_tag":"roi","cost":333.89843486999996}],"funding_fees":0.0,"weekday":2},{"pair":"DOGE/USDT","stake_amount":330.81918,"max_stake_amount":330.81918,"amount":1814.0,"open_date":"2025-10-30 15:00:00+00:00","close_date":"2025-10-30 23:00:00+00:00","open_rate":0.18237,"close_rate":0.1827351051051051,"fee_open":0.001,"fee_close":0.001,"trade_duration":480,"profit_ratio":0.0,"profit_abs":0.0,"exit_reason":"roi","initial_stop_loss_abs":0.17326,"initial_stop_loss_ratio":-0.05,"stop_loss_abs":0.17326,"stop_loss_ratio":-0.05,"min_rate":0.17642,"max_rate":0.18287,"is_open":false,"enter_tag":"","leverage":1.0,"is_short":false,"open_timestamp":1761836400000,"close_timestamp":1761865200000,"orders":[{"amount":1814.0,"safe_price":0.18237,"ft_order_side":"buy","order_filled_timestamp":1761836400000,"ft_is_entry":true,"ft_order_tag":"","cost":331.14999918},{"amount":1814.0,"safe_price":0.1827351051051051,"ft_order_side":"sell","order_filled_timestamp":1761865200000,"ft_is_entry":false,"ft_order_tag":"roi","cost":331.8129621413213}],"funding_fees":0.0,"weekday":3},{"pair":"DOGE/USDT","stake_amount":330.93564,"max_stake_amount":330.93564,"amount":2282.0,"open_date":"2025-11-24 01:00:00+00:00","close_date":"2025-11-24 03:00:00+00:00","open_rate":0.14502,"close_rate":0.14718,"fee_open":0.001,"fee_close":0.001,"trade_duration":120,"profit_ratio":0.012866736077327719,"profit_abs":4.2623196,"exit_reason":"roi","initial_stop_loss_abs":0.13777,"initial_stop_loss_ratio":-0.05,"stop_loss_abs":0.13777,"stop_loss_ratio":-0.05,"min_rate":0.14399,"max_rate":0.1493,"is_open":false,"enter_tag":"","leverage":1.0,"is_short":false,"open_timestamp":1763946000000,"close_timestamp":1763953200000,"orders":[{"amount":2282.0,"safe_price":0.14502,"ft_order_side":"buy","order_filled_timestamp":1763946000000,"ft_is_entry":true,"ft_order_tag":"","cost":331.26657564},{"amount":2282.0,"safe_price":0.14718,"ft_order_side":"sell","order_filled_timestamp":1763953200000,"ft_is_entry":false,"ft_order_tag":"roi","cost":336.2006247599999}],"funding_fees":0.0,"weekday":0},{"pair":"DOGE/USDT","stake_amount":332.23742,"max_stake_amount":332.23742,"amount":2194.0,"open_date":"2026-01-04 16:00:00+00:00","close_date":"2026-01-04 18:00:00+00:00","open_rate":0.15143,"close_rate":0.15219,"fee_open":0.001,"fee_close":0.001,"trade_duration":120,"profit_ratio":0.0030107909656215803,"profit_abs":1.00129772,"exit_reason":"roi","initial_stop_loss_abs":0.14386,"initial_stop_loss_ratio":-0.05,"stop_loss_abs":0.14386,"stop_loss_ratio":-0.05,"min_rate":0.15053,"max_rate":0.15285,"is_open":false,"enter_tag":"","leverage":1.0,"is_short":false,"open_timestamp":1767542400000,"close_timestamp":1767549600000,"orders":[{"amount":2194.0,"safe_price":0.15143,"ft_order_side":"buy","order_filled_timestamp":1767542400000,"ft_is_entry":true,"ft_order_tag":"","cost":332.56965742},{"amount":2194.0,"safe_price":0.15219,"ft_order_side":"sell","order_filled_timestamp":1767549600000,"ft_is_entry":false,"ft_order_tag":"roi","cost":334.23876485999995}],"funding_fees":0.0,"weekday":6},{"pair":"DOGE/USDT","stake_amount":332.65029,"max_stake_amount":332.65029,"amount":2219.0,"open_date":"2026-01-04 21:00:00+00:00","close_date":"2026-01-04 23:00:00+00:00","open_rate":0.14991,"close_rate":0.15021012012012008,"fee_open":0.001,"fee_close":0.001,"trade_duration":120,"profit_ratio":0.0,"profit_abs":0.0,"exit_reason":"roi","initial_stop_loss_abs":0.14242,"initial_stop_loss_ratio":-0.05,"stop_loss_abs":0.14242,"stop_loss_ratio":-0.05,"min_rate":0.14859,"max_rate":0.15069,"is_open":false,"enter_tag":"","leverage":1.0,"is_short":false,"open_timestamp":1767560400000,"close_timestamp":1767567600000,"orders":[{"amount":2219.0,"safe_price":0.14991,"ft_order_side":"buy","order_filled_timestamp":1767560400000,"ft_is_entry":true,"ft_order_tag":"","cost":332.98294028999993},{"amount":2219.0,"safe_price":0.15021012012012008,"ft_order_side":"sell","order_filled_timestamp":1767567600000,"ft_is_entry":false,"ft_order_tag":"roi","cost":333.64957280309295}],"funding_fees":0.0,"weekday":6}],"locks":[],"best_pair":{"key":"DOGE/USDT","trades":5,"profit_mean":0.004933802976943294,"profit_mean_pct":0.49,"profit_total_abs":8.16768521,"profit_total":0.008167685210000001,"profit_total_pct":0.82,"duration_avg":"3:12:00","wins":3,"draws":2,"losses":0,"winrate":0.6,"cagr":0.031082518702007844,"expectancy":1.633537042,"expectancy_ratio":100.0,"sortino":-100,"sharpe":0.9525290467085045,"calmar":-100,"sqn":1.9345,"profit_factor":0.0,"max_drawdown_account":0.0,"max_drawdown_abs":0.0},"worst_pair":{"key":"DOGE/USDT","trades":5,"profit_mean":0.004933802976943294,"profit_mean_pct":0.49,"profit_total_abs":8.16768521,"profit_total":0.008167685210000001,"profit_total_pct":0.82,"duration_avg":"3:12:00","wins":3,"draws":2,"losses":0,"winrate":0.6,"cagr":0.031082518702007844,"expectancy":1.633537042,"expectancy_ratio":100.0,"sortino":-100,"sharpe":0.9525290467085045,"calmar":-100,"sqn":1.9345,"profit_factor":0.0,"max_drawdown_account":0.0,"max_drawdown_abs":0.0},"results_per_pair":[{"key":"DOGE/USDT","trades":5,"profit_mean":0.004933802976943294,"profit_mean_pct":0.49,"profit_total_abs":8.16768521,"profit_total":0.008167685210000001,"profit_total_pct":0.82,"duration_avg":"3:12:00","wins":3,"draws":2,"losses":0,"winrate":0.6,"cagr":0.031082518702007844,"expectancy":1.633537042,"expectancy_ratio":100.0,"sortino":-100,"sharpe":0.9525290467085045,"calmar":-100,"sqn":1.9345,"profit_factor":0.0,"max_drawdown_account":0.0,"max_drawdown_abs":0.0},{"key":"TOTAL","trades":5,"profit_mean":0.004933802976943294,"profit_mean_pct":0.49,"profit_total_abs":8.16768521,"profit_total":0.008167685210000001,"profit_total_pct":0.82,"duration_avg":"3:12:00","wins":3,"draws":2,"losses":0,"winrate":0.6,"cagr":0.031082518702007844,"expectancy":1.633537042,"expectancy_ratio":100.0,"sortino":-100,"sharpe":0.9525290467085045,"calmar":-100,"sqn":1.9345,"profit_factor":0.0,"max_drawdown_account":0.0,"max_drawdown_abs":0.0}],"results_per_enter_tag":[{"key":"","trades":5,"profit_mean":0.004933802976943294,"profit_mean_pct":0.49,"profit_total_abs":8.16768521,"profit_total":0.008167685210000001,"profit_total_pct":0.82,"duration_avg":"3:12:00","wins":3,"draws":2,"losses":0,"winrate":0.6,"cagr":0.031082518702007844,"expectancy":1.633537042,"expectancy_ratio":100.0,"sortino":-100,"sharpe":0.9525290467085045,"calmar":-100,"sqn":1.9345,"profit_factor":0.0,"max_drawdown_account":0.0,"max_drawdown_abs":0.0},{"key":"TOTAL","trades":5,"profit_mean":0.004933802976943294,"profit_mean_pct":0.49,"profit_total_abs":8.16768521,"profit_total":0.008167685210000001,"profit_total_pct":0.82,"duration_avg":"3:12:00","wins":3,"draws":2,"losses":0,"winrate":0.6,"cagr":0.031082518702007844,"expectancy":1.633537042,"expectancy_ratio":100.0,"sortino":-100,"sharpe":0.9525290467085045,"calmar":-100,"sqn":1.9345,"profit_factor":0.0,"max_drawdown_account":0.0,"max_drawdown_abs":0.0}],"exit_reason_summary":[{"key":"roi","trades":5,"profit_mean":0.004933802976943294,"profit_mean_pct":0.49,"profit_total_abs":8.16768521,"profit_total":0.008167685210000001,"profit_total_pct":0.82,"duration_avg":"3:12:00","wins":3,"draws":2,"losses":0,"winrate":0.6,"cagr":0.031082518702007844,"expectancy":1.633537042,"expectancy_ratio":100.0,"sortino":-100,"sharpe":0.9525290467085045,"calmar":-100,"sqn":1.9345,"profit_factor":0.0,"max_drawdown_account":0.0,"max_drawdown_abs":0.0},{"key":"TOTAL","trades":5,"profit_mean":0.004933802976943294,"profit_mean_pct":0.49,"profit_total_abs":8.16768521,"profit_total":0.008167685210000001,"profit_total_pct":0.82,"duration_avg":"3:12:00","wins":3,"draws":2,"losses":0,"winrate":0.6,"cagr":0.031082518702007844,"expectancy":1.633537042,"expectancy_ratio":100.0,"sortino":-100,"sharpe":0.9525290467085045,"calmar":-100,"sqn":1.9345,"profit_factor":0.0,"max_drawdown_account":0.0,"max_drawdown_abs":0.0}],"mix_tag_stats":[{"key":["","roi"],"trades":5,"profit_mean":0.004933802976943294,"profit_mean_pct":0.49,"profit_total_abs":8.16768521,"profit_total":0.008167685210000001,"profit_total_pct":0.82,"duration_avg":"3:12:00","wins":3,"draws":2,"losses":0,"winrate":0.6,"cagr":0.031082518702007844,"expectancy":1.633537042,"expectancy_ratio":100.0,"sortino":-100,"sharpe":0.9525290467085045,"calmar":-100,"sqn":1.9345,"profit_factor":0.0,"max_drawdown_account":0.0,"max_drawdown_abs":0.0},{"key":"TOTAL","trades":5,"profit_mean":0.004933802976943294,"profit_mean_pct":0.49,"profit_total_abs":8.16768521,"profit_total":0.008167685210000001,"profit_total_pct":0.82,"duration_avg":"3:12:00","wins":3,"draws":2,"losses":0,"winrate":0.6,"cagr":0.031082518702007844,"expectancy":1.633537042,"expectancy_ratio":100.0,"sortino":-100,"sharpe":0.9525290467085045,"calmar":-100,"sqn":1.9345,"profit_factor":0.0,"max_drawdown_account":0.0,"max_drawdown_abs":0.0}],"left_open_trades":[{"key":"TOTAL","trades":0,"profit_mean":0.0,"profit_mean_pct":0.0,"profit_total_abs":0.0,"profit_total":0.0,"profit_total_pct":0.0,"duration_avg":"0:00","wins":0,"draws":0,"losses":0,"winrate":0.0,"cagr":0.0,"expectancy":0.0,"expectancy_ratio":100.0,"sortino":0,"sharpe":0,"calmar":0,"sqn":0.0,"profit_factor":0.0,"max_drawdown_account":0.0,"max_drawdown_abs":0.0}],"total_trades":5,"trade_count_long":5,"trade_count_short":0,"total_volume":3328.096769204414,"avg_stake_amount":331.327954,"profit_mean":0.004933802976943294,"profit_median":0.0030107909656215803,"profit_total":0.008167685210000001,"profit_total_long":0.008167685210000001,"profit_total_short":0.0,"profit_total_abs":8.16768521,"profit_total_long_abs":8.16768521,"profit_total_short_abs":0.0,"cagr":0.031082518702007844,"expectancy":1.633537042,"expectancy_ratio":100.0,"sortino":-100,"sharpe":0.9525290467085045,"calmar":-100,"sqn":1.9345,"profit_factor":0.0,"backtest_start":"2025-10-01 00:00:00","backtest_start_ts":1759276800000,"backtest_end":"2026-01-06 20:00:00","backtest_end_ts":1767729600000,"backtest_days":97,"backtest_run_start_ts":1767747379,"backtest_run_end_ts":1767747380,"trades_per_day":0.05,"market_change":-0.36632086436227446,"pairlist":["DOGE/USDT"],"stake_amount":"unlimited","stake_currency":"USDT","stake_currency_decimals":3,"starting_balance":1000,"dry_run_wallet":1000,"final_balance":1008.16768521,"rejected_signals":0,"timedout_entry_orders":0,"timedout_exit_orders":0,"canceled_trade_entries":0,"canceled_entry_orders":0,"replaced_entry_orders":0,"max_open_trades":1,"max_open_trades_setting":3,"timeframe":"1h","timeframe_detail":"","timerange":"20251001-","enable_protections":false,"strategy_name":"ACO_45_13","freqaimodel":null,"freqai_identifier":null,"stoploss":-0.05,"trailing_stop":false,"trailing_stop_positive":null,"trailing_stop_positive_offset":0.0,"trailing_only_offset_is_reached":false,"use_custom_stoploss":false,"minimal_roi":{"0":0.1,"60":0.05,"120":0.0},"use_exit_signal":true,"exit_profit_only":false,"exit_profit_offset":0.0,"ignore_roi_if_entry_signal":false,"trading_mode":"spot","margin_mode":"","periodic_breakdown":{"day":[{"date":"29/10/2025","date_ts":1761696000000,"profit_abs":2.90406789,"wins":1,"draws":0,"losses":0,"trades":1,"profit_factor":0.0},{"date":"30/10/2025","date_ts":1761782400000,"profit_abs":0.0,"wins":0,"draws":1,"losses":0,"trades":1,"profit_factor":0.0},{"date":"31/10/2025","date_ts":1761868800000,"profit_abs":0.0,"wins":0,"draws":0,"losses":0,"trades":0,"profit_factor":0.0},{"date":"01/11/2025","date_ts":1761955200000,"profit_abs":0.0,"wins":0,"draws":0,"losses":0,"trades":0,"profit_factor":0.0},{"date":"02/11/2025","date_ts":1762041600000,"profit_abs":0.0,"wins":0,"draws":0,"losses":0,"trades":0,"profit_factor":0.0},{"date":"03/11/2025","date_ts":1762128000000,"profit_abs":0.0,"wins":0,"draws":0,"losses":0,"trades":0,"profit_factor":0.0},{"date":"04/11/2025","date_ts":1762214400000,"profit_abs":0.0,"wins":0,"draws":0,"losses":0,"trades":0,"profit_factor":0.0},{"date":"05/11/2025","date_ts":1762300800000,"profit_abs":0.0,"wins":0,"draws":0,"losses":0,"trades":0,"profit_factor":0.0},{"date":"06/11/2025","date_ts":1762387200000,"profit_abs":0.0,"wins":0,"draws":0,"losses":0,"trades":0,"profit_factor":0.0},{"date":"07/11/2025","date_ts":1762473600000,"profit_abs":0.0,"wins":0,"draws":0,"losses":0,"trades":0,"profit_factor":0.0},{"date":"08/11/2025","date_ts":1762560000000,"profit_abs":0.0,"wins":0,"draws":0,"losses":0,"trades":0,"profit_factor":0.0},{"date":"09/11/2025","date_ts":1762646400000,"profit_abs":0.0,"wins":0,"draws":0,"losses":0,"trades":0,"profit_factor":0.0},{"date":"10/11/2025","date_ts":1762732800000,"profit_abs":0.0,"wins":0,"draws":0,"losses":0,"trades":0,"profit_factor":0.0},{"date":"11/11/2025","date_ts":1762819200000,"profit_abs":0.0,"wins":0,"draws":0,"losses":0,"trades":0,"profit_factor":0.0},{"date":"12/11/2025","date_ts":1762905600000,"profit_abs":0.0,"wins":0,"draws":0,"losses":0,"trades":0,"profit_factor":0.0},{"date":"13/11/2025","date_ts":1762992000000,"profit_abs":0.0,"wins":0,"draws":0,"losses":0,"trades":0,"profit_factor":0.0},{"date":"14/11/2025","date_ts":1763078400000,"profit_abs":0.0,"wins":0,"draws":0,"losses":0,"trades":0,"profit_factor":0.0},{"date":"15/11/2025","date_ts":1763164800000,"profit_abs":0.0,"wins":0,"draws":0,"losses":0,"trades":0,"profit_factor":0.0},{"date":"16/11/2025","date_ts":1763251200000,"profit_abs":0.0,"wins":0,"draws":0,"losses":0,"trades":0,"profit_factor":0.0},{"date":"17/11/2025","date_ts":1763337600000,"profit_abs":0.0,"wins":0,"draws":0,"losses":0,"trades":0,"profit_factor":0.0},{"date":"18/11/2025","date_ts":1763424000000,"profit_abs":0.0,"wins":0,"draws":0,"losses":0,"trades":0,"profit_factor":0.0},{"date":"19/11/2025","date_ts":1763510400000,"profit_abs":0.0,"wins":0,"draws":0,"losses":0,"trades":0,"profit_factor":0.0},{"date":"20/11/2025","date_ts":1763596800000,"profit_abs":0.0,"wins":0,"draws":0,"losses":0,"trades":0,"profit_factor":0.0},{"date":"21/11/2025","date_ts":1763683200000,"profit_abs":0.0,"wins":0,"draws":0,"losses":0,"trades":0,"profit_factor":0.0},{"date":"22/11/2025","date_ts":1763769600000,"profit_abs":0.0,"wins":0,"draws":0,"losses":0,"trades":0,"profit_factor":0.0},{"date":"23/11/2025","date_ts":1763856000000,"profit_abs":0.0,"wins":0,"draws":0,"losses":0,"trades":0,"profit_factor":0.0},{"date":"24/11/2025","date_ts":1763942400000,"profit_abs":4.2623196,"wins":1,"draws":0,"losses":0,"trades":1,"profit_factor":0.0},{"date":"25/11/2025","date_ts":1764028800000,"profit_abs":0.0,"wins":0,"draws":0,"losses":0,"trades":0,"profit_factor":0.0},{"date":"26/11/2025","date_ts":1764115200000,"profit_abs":0.0,"wins":0,"draws":0,"losses":0,"trades":0,"profit_factor":0.0},{"date":"27/11/2025","date_ts":1764201600000,"profit_abs":0.0,"wins":0,"draws":0,"losses":0,"trades":0,"profit_factor":0.0},{"date":"28/11/2025","date_ts":1764288000000,"profit_abs":0.0,"wins":0,"draws":0,"losses":0,"trades":0,"profit_factor":0.0},{"date":"29/11/2025","date_ts":1764374400000,"profit_abs":0.0,"wins":0,"draws":0,"losses":0,"trades":0,"profit_factor":0.0},{"date":"30/11/2025","date_ts":1764460800000,"profit_abs":0.0,"wins":0,"draws":0,"losses":0,"trades":0,"profit_factor":0.0},{"date":"01/12/2025","date_ts":1764547200000,"profit_abs":0.0,"wins":0,"draws":0,"losses":0,"trades":0,"profit_factor":0.0},{"date":"02/12/2025","date_ts":1764633600000,"profit_abs":0.0,"wins":0,"draws":0,"losses":0,"trades":0,"profit_factor":0.0},{"date":"03/12/2025","date_ts":1764720000000,"profit_abs":0.0,"wins":0,"draws":0,"losses":0,"trades":0,"profit_factor":0.0},{"date":"04/12/2025","date_ts":1764806400000,"profit_abs":0.0,"wins":0,"draws":0,"losses":0,"trades":0,"profit_factor":0.0},{"date":"05/12/2025","date_ts":1764892800000,"profit_abs":0.0,"wins":0,"draws":0,"losses":0,"trades":0,"profit_factor":0.0},{"date":"06/12/2025","date_ts":1764979200000,"profit_abs":0.0,"wins":0,"draws":0,"losses":0,"trades":0,"profit_factor":0.0},{"date":"07/12/2025","date_ts":1765065600000,"profit_abs":0.0,"wins":0,"draws":0,"losses":0,"trades":0,"profit_factor":0.0},{"date":"08/12/2025","date_ts":1765152000000,"profit_abs":0.0,"wins":0,"draws":0,"losses":0,"trades":0,"profit_factor":0.0},{"date":"09/12/2025","date_ts":1765238400000,"profit_abs":0.0,"wins":0,"draws":0,"losses":0,"trades":0,"profit_factor":0.0},{"date":"10/12/2025","date_ts":1765324800000,"profit_abs":0.0,"wins":0,"draws":0,"losses":0,"trades":0,"profit_factor":0.0},{"date":"11/12/2025","date_ts":1765411200000,"profit_abs":0.0,"wins":0,"draws":0,"losses":0,"trades":0,"profit_factor":0.0},{"date":"12/12/2025","date_ts":1765497600000,"profit_abs":0.0,"wins":0,"draws":0,"losses":0,"trades":0,"profit_factor":0.0},{"date":"13/12/2025","date_ts":1765584000000,"profit_abs":0.0,"wins":0,"draws":0,"losses":0,"trades":0,"profit_factor":0.0},{"date":"14/12/2025","date_ts":1765670400000,"profit_abs":0.0,"wins":0,"draws":0,"losses":0,"trades":0,"profit_factor":0.0},{"date":"15/12/2025","date_ts":1765756800000,"profit_abs":0.0,"wins":0,"draws":0,"losses":0,"trades":0,"profit_factor":0.0},{"date":"16/12/2025","date_ts":1765843200000,"profit_abs":0.0,"wins":0,"draws":0,"losses":0,"trades":0,"profit_factor":0.0},{"date":"17/12/2025","date_ts":1765929600000,"profit_abs":0.0,"wins":0,"draws":0,"losses":0,"trades":0,"profit_factor":0.0},{"date":"18/12/2025","date_ts":1766016000000,"profit_abs":0.0,"wins":0,"draws":0,"losses":0,"trades":0,"profit_factor":0.0},{"date":"19/12/2025","date_ts":1766102400000,"profit_abs":0.0,"wins":0,"draws":0,"losses":0,"trades":0,"profit_factor":0.0},{"date":"20/12/2025","date_ts":1766188800000,"profit_abs":0.0,"wins":0,"draws":0,"losses":0,"trades":0,"profit_factor":0.0},{"date":"21/12/2025","date_ts":1766275200000,"profit_abs":0.0,"wins":0,"draws":0,"losses":0,"trades":0,"profit_factor":0.0},{"date":"22/12/2025","date_ts":1766361600000,"profit_abs":0.0,"wins":0,"draws":0,"losses":0,"trades":0,"profit_factor":0.0},{"date":"23/12/2025","date_ts":1766448000000,"profit_abs":0.0,"wins":0,"draws":0,"losses":0,"trades":0,"profit_factor":0.0},{"date":"24/12/2025","date_ts":1766534400000,"profit_abs":0.0,"wins":0,"draws":0,"losses":0,"trades":0,"profit_factor":0.0},{"date":"25/12/2025","date_ts":1766620800000,"profit_abs":0.0,"wins":0,"draws":0,"losses":0,"trades":0,"profit_factor":0.0},{"date":"26/12/2025","date_ts":1766707200000,"profit_abs":0.0,"wins":0,"draws":0,"losses":0,"trades":0,"profit_factor":0.0},{"date":"27/12/2025","date_ts":1766793600000,"profit_abs":0.0,"wins":0,"draws":0,"losses":0,"trades":0,"profit_factor":0.0},{"date":"28/12/2025","date_ts":1766880000000,"profit_abs":0.0,"wins":0,"draws":0,"losses":0,"trades":0,"profit_factor":0.0},{"date":"29/12/2025","date_ts":1766966400000,"profit_abs":0.0,"wins":0,"draws":0,"losses":0,"trades":0,"profit_factor":0.0},{"date":"30/12/2025","date_ts":1767052800000,"profit_abs":0.0,"wins":0,"draws":0,"losses":0,"trades":0,"profit_factor":0.0},{"date":"31/12/2025","date_ts":1767139200000,"profit_abs":0.0,"wins":0,"draws":0,"losses":0,"trades":0,"profit_factor":0.0},{"date":"01/01/2026","date_ts":1767225600000,"profit_abs":0.0,"wins":0,"draws":0,"losses":0,"trades":0,"profit_factor":0.0},{"date":"02/01/2026","date_ts":1767312000000,"profit_abs":0.0,"wins":0,"draws":0,"losses":0,"trades":0,"profit_factor":0.0},{"date":"03/01/2026","date_ts":1767398400000,"profit_abs":0.0,"wins":0,"draws":0,"losses":0,"trades":0,"profit_factor":0.0},{"date":"04/01/2026","date_ts":1767484800000,"profit_abs":1.00129772,"wins":1,"draws":1,"losses":0,"trades":2,"profit_factor":0.0}],"week":[{"date":"03/11/2025","date_ts":1762128000000,"profit_abs":2.90406789,"wins":1,"draws":1,"losses":0,"trades":2,"profit_factor":0.0},{"date":"10/11/2025","date_ts":1762732800000,"profit_abs":0.0,"wins":0,"draws":0,"losses":0,"trades":0,"profit_factor":0.0},{"date":"17/11/2025","date_ts":1763337600000,"profit_abs":0.0,"wins":0,"draws":0,"losses":0,"trades":0,"profit_factor":0.0},{"date":"24/11/2025","date_ts":1763942400000,"profit_abs":4.2623196,"wins":1,"draws":0,"losses":0,"trades":1,"profit_factor":0.0},{"date":"01/12/2025","date_ts":1764547200000,"profit_abs":0.0,"wins":0,"draws":0,"losses":0,"trades":0,"profit_factor":0.0},{"date":"08/12/2025","date_ts":1765152000000,"profit_abs":0.0,"wins":0,"draws":0,"losses":0,"trades":0,"profit_factor":0.0},{"date":"15/12/2025","date_ts":1765756800000,"profit_abs":0.0,"wins":0,"draws":0,"losses":0,"trades":0,"profit_factor":0.0},{"date":"22/12/2025","date_ts":1766361600000,"profit_abs":0.0,"wins":0,"draws":0,"losses":0,"trades":0,"profit_factor":0.0},{"date":"29/12/2025","date_ts":1766966400000,"profit_abs":0.0,"wins":0,"draws":0,"losses":0,"trades":0,"profit_factor":0.0},{"date":"05/01/2026","date_ts":1767571200000,"profit_abs":1.00129772,"wins":1,"draws":1,"losses":0,"trades":2,"profit_factor":0.0}],"month":[{"date":"31/10/2025","date_ts":1761868800000,"profit_abs":2.90406789,"wins":1,"draws":1,"losses":0,"trades":2,"profit_factor":0.0},{"date":"30/11/2025","date_ts":1764460800000,"profit_abs":4.2623196,"wins":1,"draws":0,"losses":0,"trades":1,"profit_factor":0.0},{"date":"31/12/2025","date_ts":1767139200000,"profit_abs":0.0,"wins":0,"draws":0,"losses":0,"trades":0,"profit_factor":0.0},{"date":"31/01/2026","date_ts":1769817600000,"profit_abs":1.00129772,"wins":1,"draws":1,"losses":0,"trades":2,"profit_factor":0.0}],"year":[{"date":"31/12/2025","date_ts":1767139200000,"profit_abs":7.16638749,"wins":2,"draws":1,"losses":0,"trades":3,"profit_factor":0.0},{"date":"31/12/2026","date_ts":1798675200000,"profit_abs":1.00129772,"wins":1,"draws":1,"losses":0,"trades":2,"profit_factor":0.0}],"weekday":[{"date":"Monday","date_ts":0,"profit_abs":4.2623196,"wins":1,"draws":0,"losses":0,"trades":1,"profit_factor":0.0},{"date":"Wednesday","date_ts":2,"profit_abs":2.90406789,"wins":1,"draws":0,"losses":0,"trades":1,"profit_factor":0.0},{"date":"Thursday","date_ts":3,"profit_abs":0.0,"wins":0,"draws":1,"losses":0,"trades":1,"profit_factor":0.0},{"date":"Sunday","date_ts":6,"profit_abs":1.00129772,"wins":1,"draws":1,"losses":0,"trades":2,"profit_factor":0.0}]},"backtest_best_day":0.012866736077327719,"backtest_worst_day":0.0,"backtest_best_day_abs":4.2623196,"backtest_worst_day_abs":0.0,"winning_days":3,"draw_days":65,"losing_days":0,"daily_profit":[["2025-10-29",2.90406789],["2025-10-30",0.0],["2025-10-31",0.0],["2025-11-01",0.0],["2025-11-02",0.0],["2025-11-03",0.0],["2025-11-04",0.0],["2025-11-05",0.0],["2025-11-06",0.0],["2025-11-07",0.0],["2025-11-08",0.0],["2025-11-09",0.0],["2025-11-10",0.0],["2025-11-11",0.0],["2025-11-12",0.0],["2025-11-13",0.0],["2025-11-14",0.0],["2025-11-15",0.0],["2025-11-16",0.0],["2025-11-17",0.0],["2025-11-18",0.0],["2025-11-19",0.0],["2025-11-20",0.0],["2025-11-21",0.0],["2025-11-22",0.0],["2025-11-23",0.0],["2025-11-24",4.2623196],["2025-11-25",0.0],["2025-11-26",0.0],["2025-11-27",0.0],["2025-11-28",0.0],["2025-11-29",0.0],["2025-11-30",0.0],["2025-12-01",0.0],["2025-12-02",0.0],["2025-12-03",0.0],["2025-12-04",0.0],["2025-12-05",0.0],["2025-12-06",0.0],["2025-12-07",0.0],["2025-12-08",0.0],["2025-12-09",0.0],["2025-12-10",0.0],["2025-12-11",0.0],["2025-12-12",0.0],["2025-12-13",0.0],["2025-12-14",0.0],["2025-12-15",0.0],["2025-12-16",0.0],["2025-12-17",0.0],["2025-12-18",0.0],["2025-12-19",0.0],["2025-12-20",0.0],["2025-12-21",0.0],["2025-12-22",0.0],["2025-12-23",0.0],["2025-12-24",0.0],["2025-12-25",0.0],["2025-12-26",0.0],["2025-12-27",0.0],["2025-12-28",0.0],["2025-12-29",0.0],["2025-12-30",0.0],["2025-12-31",0.0],["2026-01-01",0.0],["2026-01-02",0.0],["2026-01-03",0.0],["2026-01-04",1.00129772]],"wins":3,"losses":0,"draws":2,"winrate":0.6,"holding_avg":"3:12:00","holding_avg_s":11520.0,"winner_holding_min":"0d 02:00","winner_holding_min_s":7200.0,"winner_holding_max":"0d 02:00","winner_holding_max_s":7200.0,"winner_holding_avg":"0d 02:00","winner_holding_avg_s":7200.0,"loser_holding_min":"0d 00:00","loser_holding_min_s":0.0,"loser_holding_max":"0d 00:00","loser_holding_max_s":0.0,"loser_holding_avg":"0d 00:00","loser_holding_avg_s":0.0,"max_consecutive_wins":2,"max_consecutive_losses":1,"max_drawdown_account":0.0,"max_relative_drawdown":0.0,"max_drawdown_abs":0.0,"drawdown_start":"2025-10-29 12:00:00","drawdown_start_ts":1761739200000.0,"drawdown_end":"2025-10-29 12:00:00","drawdown_end_ts":1761739200000.0,"drawdown_duration":"0 days 00:00:00","drawdown_duration_s":0.0,"max_drawdown_low":0.0,"max_drawdown_high":0.0,"csum_min":1002.90406789,"csum_max":1008.16768521}},"strategy_comparison":[{"key":"ACO_45_13","trades":5,"profit_mean":0.004933802976943294,"profit_mean_pct":0.49,"profit_total_abs":8.16768521,"profit_total":0.008167685210000001,"profit_total_pct":0.82,"duration_avg":"3:12:00","wins":3,"draws":2,"losses":0,"winrate":0.6,"cagr":0.031082518702007844,"expectancy":1.633537042,"expectancy_ratio":100.0,"sortino":-100,"sharpe":0.9525290467085045,"calmar":-100,"sqn":1.9345,"profit_factor":0.0,"max_drawdown_account":0.0,"max_drawdown_abs":"0"}]}