{"strategy":{"ACO_18_22":{"trades":[{"pair":"DOGE/USDT","stake_amount":329.9073,"max_stake_amount":329.9073,"amount":1994.0,"open_date":"2025-11-07 15:00:00+00:00","close_date":"2025-11-07 16:00:00+00:00","open_rate":0.16545,"close_rate":0.174062012012012,"fee_open":0.001,"fee_close":0.001,"trade_duration":60,"profit_ratio":0.049950049950049945,"profit_abs":16.495365,"exit_reason":"roi","initial_stop_loss_abs":0.15718,"initial_stop_loss_ratio":-0.05,"stop_loss_abs":0.15718,"stop_loss_ratio":-0.05,"min_rate":0.16408,"max_rate":0.17555,"is_open":false,"enter_tag":"","leverage":1.0,"is_short":false,"open_timestamp":1762527600000,"close_timestamp":1762531200000,"orders":[{"amount":1994.0,"safe_price":0.16545,"ft_order_side":"buy","order_filled_timestamp":1762527600000,"ft_is_entry":true,"ft_order_tag":"","cost":330.23720729999997},{"amount":1994.0,"safe_price":0.174062012012012,"ft_order_side":"sell","order_filled_timestamp":1762531200000,"ft_is_entry":false,"ft_order_tag":"roi","cost":347.4267316039038}],"funding_fees":0.0,"weekday":4},{"pair":"DOGE/USDT","stake_amount":335.29228,"max_stake_amount":335.29228,"amount":1829.0,"open_date":"2025-11-10 23:00:00+00:00","close_date":"2025-11-11 01:00:00+00:00","open_rate":0.18332,"close_rate":0.183687007007007,"fee_open":0.001,"fee_close":0.001,"trade_duration":120,"profit_ratio":0.0,"profit_abs":0.0,"exit_reason":"roi","initial_stop_loss_abs":0.17416,"initial_stop_loss_ratio":-0.05,"stop_loss_abs":0.17416,"stop_loss_ratio":-0.05,"min_rate":0.17933,"max_rate":0.1864,"is_open":false,"enter_tag":"","leverage":1.0,"is_short":false,"open_timestamp":1762815600000,"close_timestamp":1762822800000,"orders":[{"amount":1829.0,"safe_price":0.18332,"ft_order_side":"buy","order_filled_timestamp":1762815600000,"ft_is_entry":true,"ft_order_tag":"","cost":335.62757228},{"amount":1829.0,"safe_price":0.183687007007007,"ft_order_side":"sell","order_filled_timestamp":1762822800000,"ft_is_entry":false,"ft_order_tag":"roi","cost":336.29949935163154}],"funding_fees":0.0,"weekday":1},{"pair":"DOGE/USDT","stake_amount":335.31904,"max_stake_amount":335.31904,"amount":2048.0,"open_date":"2025-11-16 03:00:00+00:00","close_date":"2025-11-16 05:00:00+00:00","open_rate":0.16373,"close_rate":0.16405778778778773,"fee_open":0.001,"fee_close":0.001,"trade_duration":120,"profit_ratio":0.0,"profit_abs":0.0,"exit_reason":"roi","initial_stop_loss_abs":0.15555,"initial_stop_loss_ratio":-0.05,"stop_loss_abs":0.15555,"stop_loss_ratio":-0.05,"min_rate":0.16271,"max_rate":0.16445,"is_open":false,"enter_tag":"","leverage":1.0,"is_short":false,"open_timestamp":1763262000000,"close_timestamp":1763269200000,"orders":[{"amount":2048.0,"safe_price":0.16373,"ft_order_side":"buy","order_filled_timestamp":1763262000000,"ft_is_entry":true,"ft_order_tag":"","cost":335.6543590399999},{"amount":2048.0,"safe_price":0.16405778778778773,"ft_order_side":"sell","order_filled_timestamp":1763269200000,"ft_is_entry":false,"ft_order_tag":"roi","cost":336.32633973877864}],"funding_fees":0.0,"weekday":6},{"pair":"DOGE/USDT","stake_amount":335.34525,"max_stake_amount":335.34525,"amount":2525.0,"open_date":"2025-12-21 09:00:00+00:00","close_date":"2025-12-22 00:00:00+00:00","open_rate":0.13281,"close_rate":0.13307588588588587,"fee_open":0.001,"fee_close":0.001,"trade_duration":900,"profit_ratio":0.0,"profit_abs":0.0,"exit_reason":"roi","initial_stop_loss_abs":0.12617,"initial_stop_loss_ratio":-0.05,"stop_loss_abs":0.12617,"stop_loss_ratio":-0.05,"min_rate":0.12871,"max_rate":0.13424,"is_open":false,"enter_tag":"","leverage":1.0,"is_short":false,"open_timestamp":1766307600000,"close_timestamp":1766361600000,"orders":[{"amount":2525.0,"safe_price":0.13281,"ft_order_side":"buy","order_filled_timestamp":1766307600000,"ft_is_entry":true,"ft_order_tag":"","cost":335.68059525},{"amount":2525.0,"safe_price":0.13307588588588587,"ft_order_side":"sell","order_filled_timestamp":1766361600000,"ft_is_entry":false,"ft_order_tag":"roi","cost":336.35262847372366}],"funding_fees":0.0,"weekday":0}],"locks":[],"best_pair":{"key":"DOGE/USDT","trades":4,"profit_mean":0.012487512487512486,"profit_mean_pct":1.25,"profit_total_abs":16.495365,"profit_total":0.016495364999999998,"profit_total_pct":1.65,"duration_avg":"5:00:00","wins":1,"draws":3,"losses":0,"winrate":0.25,"cagr":0.06349836007361875,"expectancy":4.12384125,"expectancy_ratio":100.0,"sortino":-100,"sharpe":0.4548561404199119,"calmar":-100,"sqn":1.0,"profit_factor":0.0,"max_drawdown_account":0.0,"max_drawdown_abs":0.0},"worst_pair":{"key":"DOGE/USDT","trades":4,"profit_mean":0.012487512487512486,"profit_mean_pct":1.25,"profit_total_abs":16.495365,"profit_total":0.016495364999999998,"profit_total_pct":1.65,"duration_avg":"5:00:00","wins":1,"draws":3,"losses":0,"winrate":0.25,"cagr":0.06349836007361875,"expectancy":4.12384125,"expectancy_ratio":100.0,"sortino":-100,"sharpe":0.4548561404199119,"calmar":-100,"sqn":1.0,"profit_factor":0.0,"max_drawdown_account":0.0,"max_drawdown_abs":0.0},"results_per_pair":[{"key":"DOGE/USDT","trades":4,"profit_mean":0.012487512487512486,"profit_mean_pct":1.25,"profit_total_abs":16.495365,"profit_total":0.016495364999999998,"profit_total_pct":1.65,"duration_avg":"5:00:00","wins":1,"draws":3,"losses":0,"winrate":0.25,"cagr":0.06349836007361875,"expectancy":4.12384125,"expectancy_ratio":100.0,"sortino":-100,"sharpe":0.4548561404199119,"calmar":-100,"sqn":1.0,"profit_factor":0.0,"max_drawdown_account":0.0,"max_drawdown_abs":0.0},{"key":"TOTAL","trades":4,"profit_mean":0.012487512487512486,"profit_mean_pct":1.25,"profit_total_abs":16.495365,"profit_total":0.016495364999999998,"profit_total_pct":1.65,"duration_avg":"5:00:00","wins":1,"draws":3,"losses":0,"winrate":0.25,"cagr":0.06349836007361875,"expectancy":4.12384125,"expectancy_ratio":100.0,"sortino":-100,"sharpe":0.4548561404199119,"calmar":-100,"sqn":1.0,"profit_factor":0.0,"max_drawdown_account":0.0,"max_drawdown_abs":0.0}],"results_per_enter_tag":[{"key":"","trades":4,"profit_mean":0.012487512487512486,"profit_mean_pct":1.25,"profit_total_abs":16.495365,"profit_total":0.016495364999999998,"profit_total_pct":1.65,"duration_avg":"5:00:00","wins":1,"draws":3,"losses":0,"winrate":0.25,"cagr":0.06349836007361875,"expectancy":4.12384125,"expectancy_ratio":100.0,"sortino":-100,"sharpe":0.4548561404199119,"calmar":-100,"sqn":1.0,"profit_factor":0.0,"max_drawdown_account":0.0,"max_drawdown_abs":0.0},{"key":"TOTAL","trades":4,"profit_mean":0.012487512487512486,"profit_mean_pct":1.25,"profit_total_abs":16.495365,"profit_total":0.016495364999999998,"profit_total_pct":1.65,"duration_avg":"5:00:00","wins":1,"draws":3,"losses":0,"winrate":0.25,"cagr":0.06349836007361875,"expectancy":4.12384125,"expectancy_ratio":100.0,"sortino":-100,"sharpe":0.4548561404199119,"calmar":-100,"sqn":1.0,"profit_factor":0.0,"max_drawdown_account":0.0,"max_drawdown_abs":0.0}],"exit_reason_summary":[{"key":"roi","trades":4,"profit_mean":0.012487512487512486,"profit_mean_pct":1.25,"profit_total_abs":16.495365,"profit_total":0.016495364999999998,"profit_total_pct":1.65,"duration_avg":"5:00:00","wins":1,"draws":3,"losses":0,"winrate":0.25,"cagr":0.06349836007361875,"expectancy":4.12384125,"expectancy_ratio":100.0,"sortino":-100,"sharpe":0.4548561404199119,"calmar":-100,"sqn":1.0,"profit_factor":0.0,"max_drawdown_account":0.0,"max_drawdown_abs":0.0},{"key":"TOTAL","trades":4,"profit_mean":0.012487512487512486,"profit_mean_pct":1.25,"profit_total_abs":16.495365,"profit_total":0.016495364999999998,"profit_total_pct":1.65,"duration_avg":"5:00:00","wins":1,"draws":3,"losses":0,"winrate":0.25,"cagr":0.06349836007361875,"expectancy":4.12384125,"expectancy_ratio":100.0,"sortino":-100,"sharpe":0.4548561404199119,"calmar":-100,"sqn":1.0,"profit_factor":0.0,"max_drawdown_account":0.0,"max_drawdown_abs":0.0}],"mix_tag_stats":[{"key":["","roi"],"trades":4,"profit_mean":0.012487512487512486,"profit_mean_pct":1.25,"profit_total_abs":16.495365,"profit_total":0.016495364999999998,"profit_total_pct":1.65,"duration_avg":"5:00:00","wins":1,"draws":3,"losses":0,"winrate":0.25,"cagr":0.06349836007361875,"expectancy":4.12384125,"expectancy_ratio":100.0,"sortino":-100,"sharpe":0.4548561404199119,"calmar":-100,"sqn":1.0,"profit_factor":0.0,"max_drawdown_account":0.0,"max_drawdown_abs":0.0},{"key":"TOTAL","trades":4,"profit_mean":0.012487512487512486,"profit_mean_pct":1.25,"profit_total_abs":16.495365,"profit_total":0.016495364999999998,"profit_total_pct":1.65,"duration_avg":"5:00:00","wins":1,"draws":3,"losses":0,"winrate":0.25,"cagr":0.06349836007361875,"expectancy":4.12384125,"expectancy_ratio":100.0,"sortino":-100,"sharpe":0.4548561404199119,"calmar":-100,"sqn":1.0,"profit_factor":0.0,"max_drawdown_account":0.0,"max_drawdown_abs":0.0}],"left_open_trades":[{"key":"TOTAL","trades":0,"profit_mean":0.0,"profit_mean_pct":0.0,"profit_total_abs":0.0,"profit_total":0.0,"profit_total_pct":0.0,"duration_avg":"0:00","wins":0,"draws":0,"losses":0,"winrate":0.0,"cagr":0.0,"expectancy":0.0,"expectancy_ratio":100.0,"sortino":0,"sharpe":0,"calmar":0,"sqn":0.0,"profit_factor":0.0,"max_drawdown_account":0.0,"max_drawdown_abs":0.0}],"total_trades":4,"trade_count_long":4,"trade_count_short":0,"total_volume":2693.6049330380374,"avg_stake_amount":333.9659675,"profit_mean":0.012487512487512486,"profit_median":0.0,"profit_total":0.016495364999999998,"profit_total_long":0.016495364999999998,"profit_total_short":0.0,"profit_total_abs":16.495365,"profit_total_long_abs":16.495365,"profit_total_short_abs":0.0,"cagr":0.06349836007361875,"expectancy":4.12384125,"expectancy_ratio":100.0,"sortino":-100,"sharpe":0.4548561404199119,"calmar":-100,"sqn":1.0,"profit_factor":0.0,"backtest_start":"2025-10-01 00:00:00","backtest_start_ts":1759276800000,"backtest_end":"2026-01-06 20:00:00","backtest_end_ts":1767729600000,"backtest_days":97,"backtest_run_start_ts":1767738444,"backtest_run_end_ts":1767738444,"trades_per_day":0.04,"market_change":-0.36632086436227446,"pairlist":["DOGE/USDT"],"stake_amount":"unlimited","stake_currency":"USDT","stake_currency_decimals":3,"starting_balance":1000,"dry_run_wallet":1000,"final_balance":1016.495365,"rejected_signals":0,"timedout_entry_orders":0,"timedout_exit_orders":0,"canceled_trade_entries":0,"canceled_entry_orders":0,"replaced_entry_orders":0,"max_open_trades":1,"max_open_trades_setting":3,"timeframe":"1h","timeframe_detail":"","timerange":"20251001-","enable_protections":false,"strategy_name":"ACO_18_22","freqaimodel":null,"freqai_identifier":null,"stoploss":-0.05,"trailing_stop":false,"trailing_stop_positive":null,"trailing_stop_positive_offset":0.0,"trailing_only_offset_is_reached":false,"use_custom_stoploss":false,"minimal_roi":{"0":0.1,"60":0.05,"120":0.0},"use_exit_signal":true,"exit_profit_only":false,"exit_profit_offset":0.0,"ignore_roi_if_entry_signal":false,"trading_mode":"spot","margin_mode":"","periodic_breakdown":{"day":[{"date":"07/11/2025","date_ts":1762473600000,"profit_abs":16.495365,"wins":1,"draws":0,"losses":0,"trades":1,"profit_factor":0.0},{"date":"08/11/2025","date_ts":1762560000000,"profit_abs":0.0,"wins":0,"draws":0,"losses":0,"trades":0,"profit_factor":0.0},{"date":"09/11/2025","date_ts":1762646400000,"profit_abs":0.0,"wins":0,"draws":0,"losses":0,"trades":0,"profit_factor":0.0},{"date":"10/11/2025","date_ts":1762732800000,"profit_abs":0.0,"wins":0,"draws":0,"losses":0,"trades":0,"profit_factor":0.0},{"date":"11/11/2025","date_ts":1762819200000,"profit_abs":0.0,"wins":0,"draws":1,"losses":0,"trades":1,"profit_factor":0.0},{"date":"12/11/2025","date_ts":1762905600000,"profit_abs":0.0,"wins":0,"draws":0,"losses":0,"trades":0,"profit_factor":0.0},{"date":"13/11/2025","date_ts":1762992000000,"profit_abs":0.0,"wins":0,"draws":0,"losses":0,"trades":0,"profit_factor":0.0},{"date":"14/11/2025","date_ts":1763078400000,"profit_abs":0.0,"wins":0,"draws":0,"losses":0,"trades":0,"profit_factor":0.0},{"date":"15/11/2025","date_ts":1763164800000,"profit_abs":0.0,"wins":0,"draws":0,"losses":0,"trades":0,"profit_factor":0.0},{"date":"16/11/2025","date_ts":1763251200000,"profit_abs":0.0,"wins":0,"draws":1,"losses":0,"trades":1,"profit_factor":0.0},{"date":"17/11/2025","date_ts":1763337600000,"profit_abs":0.0,"wins":0,"draws":0,"losses":0,"trades":0,"profit_factor":0.0},{"date":"18/11/2025","date_ts":1763424000000,"profit_abs":0.0,"wins":0,"draws":0,"losses":0,"trades":0,"profit_factor":0.0},{"date":"19/11/2025","date_ts":1763510400000,"profit_abs":0.0,"wins":0,"draws":0,"losses":0,"trades":0,"profit_factor":0.0},{"date":"20/11/2025","date_ts":1763596800000,"profit_abs":0.0,"wins":0,"draws":0,"losses":0,"trades":0,"profit_factor":0.0},{"date":"21/11/2025","date_ts":1763683200000,"profit_abs":0.0,"wins":0,"draws":0,"losses":0,"trades":0,"profit_factor":0.0},{"date":"22/11/2025","date_ts":1763769600000,"profit_abs":0.0,"wins":0,"draws":0,"losses":0,"trades":0,"profit_factor":0.0},{"date":"23/11/2025","date_ts":1763856000000,"profit_abs":0.0,"wins":0,"draws":0,"losses":0,"trades":0,"profit_factor":0.0},{"date":"24/11/2025","date_ts":1763942400000,"profit_abs":0.0,"wins":0,"draws":0,"losses":0,"trades":0,"profit_factor":0.0},{"date":"25/11/2025","date_ts":1764028800000,"profit_abs":0.0,"wins":0,"draws":0,"losses":0,"trades":0,"profit_factor":0.0},{"date":"26/11/2025","date_ts":1764115200000,"profit_abs":0.0,"wins":0,"draws":0,"losses":0,"trades":0,"profit_factor":0.0},{"date":"27/11/2025","date_ts":1764201600000,"profit_abs":0.0,"wins":0,"draws":0,"losses":0,"trades":0,"profit_factor":0.0},{"date":"28/11/2025","date_ts":1764288000000,"profit_abs":0.0,"wins":0,"draws":0,"losses":0,"trades":0,"profit_factor":0.0},{"date":"29/11/2025","date_ts":1764374400000,"profit_abs":0.0,"wins":0,"draws":0,"losses":0,"trades":0,"profit_factor":0.0},{"date":"30/11/2025","date_ts":1764460800000,"profit_abs":0.0,"wins":0,"draws":0,"losses":0,"trades":0,"profit_factor":0.0},{"date":"01/12/2025","date_ts":1764547200000,"profit_abs":0.0,"wins":0,"draws":0,"losses":0,"trades":0,"profit_factor":0.0},{"date":"02/12/2025","date_ts":1764633600000,"profit_abs":0.0,"wins":0,"draws":0,"losses":0,"trades":0,"profit_factor":0.0},{"date":"03/12/2025","date_ts":1764720000000,"profit_abs":0.0,"wins":0,"draws":0,"losses":0,"trades":0,"profit_factor":0.0},{"date":"04/12/2025","date_ts":1764806400000,"profit_abs":0.0,"wins":0,"draws":0,"losses":0,"trades":0,"profit_factor":0.0},{"date":"05/12/2025","date_ts":1764892800000,"profit_abs":0.0,"wins":0,"draws":0,"losses":0,"trades":0,"profit_factor":0.0},{"date":"06/12/2025","date_ts":1764979200000,"profit_abs":0.0,"wins":0,"draws":0,"losses":0,"trades":0,"profit_factor":0.0},{"date":"07/12/2025","date_ts":1765065600000,"profit_abs":0.0,"wins":0,"draws":0,"losses":0,"trades":0,"profit_factor":0.0},{"date":"08/12/2025","date_ts":1765152000000,"profit_abs":0.0,"wins":0,"draws":0,"losses":0,"trades":0,"profit_factor":0.0},{"date":"09/12/2025","date_ts":1765238400000,"profit_abs":0.0,"wins":0,"draws":0,"losses":0,"trades":0,"profit_factor":0.0},{"date":"10/12/2025","date_ts":1765324800000,"profit_abs":0.0,"wins":0,"draws":0,"losses":0,"trades":0,"profit_factor":0.0},{"date":"11/12/2025","date_ts":1765411200000,"profit_abs":0.0,"wins":0,"draws":0,"losses":0,"trades":0,"profit_factor":0.0},{"date":"12/12/2025","date_ts":1765497600000,"profit_abs":0.0,"wins":0,"draws":0,"losses":0,"trades":0,"profit_factor":0.0},{"date":"13/12/2025","date_ts":1765584000000,"profit_abs":0.0,"wins":0,"draws":0,"losses":0,"trades":0,"profit_factor":0.0},{"date":"14/12/2025","date_ts":1765670400000,"profit_abs":0.0,"wins":0,"draws":0,"losses":0,"trades":0,"profit_factor":0.0},{"date":"15/12/2025","date_ts":1765756800000,"profit_abs":0.0,"wins":0,"draws":0,"losses":0,"trades":0,"profit_factor":0.0},{"date":"16/12/2025","date_ts":1765843200000,"profit_abs":0.0,"wins":0,"draws":0,"losses":0,"trades":0,"profit_factor":0.0},{"date":"17/12/2025","date_ts":1765929600000,"profit_abs":0.0,"wins":0,"draws":0,"losses":0,"trades":0,"profit_factor":0.0},{"date":"18/12/2025","date_ts":1766016000000,"profit_abs":0.0,"wins":0,"draws":0,"losses":0,"trades":0,"profit_factor":0.0},{"date":"19/12/2025","date_ts":1766102400000,"profit_abs":0.0,"wins":0,"draws":0,"losses":0,"trades":0,"profit_factor":0.0},{"date":"20/12/2025","date_ts":1766188800000,"profit_abs":0.0,"wins":0,"draws":0,"losses":0,"trades":0,"profit_factor":0.0},{"date":"21/12/2025","date_ts":1766275200000,"profit_abs":0.0,"wins":0,"draws":0,"losses":0,"trades":0,"profit_factor":0.0},{"date":"22/12/2025","date_ts":1766361600000,"profit_abs":0.0,"wins":0,"draws":1,"losses":0,"trades":1,"profit_factor":0.0}],"week":[{"date":"10/11/2025","date_ts":1762732800000,"profit_abs":16.495365,"wins":1,"draws":0,"losses":0,"trades":1,"profit_factor":0.0},{"date":"17/11/2025","date_ts":1763337600000,"profit_abs":0.0,"wins":0,"draws":2,"losses":0,"trades":2,"profit_factor":0.0},{"date":"24/11/2025","date_ts":1763942400000,"profit_abs":0.0,"wins":0,"draws":0,"losses":0,"trades":0,"profit_factor":0.0},{"date":"01/12/2025","date_ts":1764547200000,"profit_abs":0.0,"wins":0,"draws":0,"losses":0,"trades":0,"profit_factor":0.0},{"date":"08/12/2025","date_ts":1765152000000,"profit_abs":0.0,"wins":0,"draws":0,"losses":0,"trades":0,"profit_factor":0.0},{"date":"15/12/2025","date_ts":1765756800000,"profit_abs":0.0,"wins":0,"draws":0,"losses":0,"trades":0,"profit_factor":0.0},{"date":"22/12/2025","date_ts":1766361600000,"profit_abs":0.0,"wins":0,"draws":1,"losses":0,"trades":1,"profit_factor":0.0}],"month":[{"date":"30/11/2025","date_ts":1764460800000,"profit_abs":16.495365,"wins":1,"draws":2,"losses":0,"trades":3,"profit_factor":0.0},{"date":"31/12/2025","date_ts":1767139200000,"profit_abs":0.0,"wins":0,"draws":1,"losses":0,"trades":1,"profit_factor":0.0}],"year":[{"date":"31/12/2025","date_ts":1767139200000,"profit_abs":16.495365,"wins":1,"draws":3,"losses":0,"trades":4,"profit_factor":0.0}],"weekday":[{"date":"Monday","date_ts":0,"profit_abs":0.0,"wins":0,"draws":1,"losses":0,"trades":1,"profit_factor":0.0},{"date":"Tuesday","date_ts":1,"profit_abs":0.0,"wins":0,"draws":1,"losses":0,"trades":1,"profit_factor":0.0},{"date":"Friday","date_ts":4,"profit_abs":16.495365,"wins":1,"draws":0,"losses":0,"trades":1,"profit_factor":0.0},{"date":"Sunday","date_ts":6,"profit_abs":0.0,"wins":0,"draws":1,"losses":0,"trades":1,"profit_factor":0.0}]},"backtest_best_day":0.049950049950049945,"backtest_worst_day":0.0,"backtest_best_day_abs":16.495365,"backtest_worst_day_abs":0.0,"winning_days":1,"draw_days":45,"losing_days":0,"daily_profit":[["2025-11-07",16.495365],["2025-11-08",0.0],["2025-11-09",0.0],["2025-11-10",0.0],["2025-11-11",0.0],["2025-11-12",0.0],["2025-11-13",0.0],["2025-11-14",0.0],["2025-11-15",0.0],["2025-11-16",0.0],["2025-11-17",0.0],["2025-11-18",0.0],["2025-11-19",0.0],["2025-11-20",0.0],["2025-11-21",0.0],["2025-11-22",0.0],["2025-11-23",0.0],["2025-11-24",0.0],["2025-11-25",0.0],["2025-11-26",0.0],["2025-11-27",0.0],["2025-11-28",0.0],["2025-11-29",0.0],["2025-11-30",0.0],["2025-12-01",0.0],["2025-12-02",0.0],["2025-12-03",0.0],["2025-12-04",0.0],["2025-12-05",0.0],["2025-12-06",0.0],["2025-12-07",0.0],["2025-12-08",0.0],["2025-12-09",0.0],["2025-12-10",0.0],["2025-12-11",0.0],["2025-12-12",0.0],["2025-12-13",0.0],["2025-12-14",0.0],["2025-12-15",0.0],["2025-12-16",0.0],["2025-12-17",0.0],["2025-12-18",0.0],["2025-12-19",0.0],["2025-12-20",0.0],["2025-12-21",0.0],["2025-12-22",0.0]],"wins":1,"losses":0,"draws":3,"winrate":0.25,"holding_avg":"5:00:00","holding_avg_s":18000.0,"winner_holding_min":"0d 01:00","winner_holding_min_s":3600.0,"winner_holding_max":"0d 01:00","winner_holding_max_s":3600.0,"winner_holding_avg":"0d 01:00","winner_holding_avg_s":3600.0,"loser_holding_min":"0d 00:00","loser_holding_min_s":0.0,"loser_holding_max":"0d 00:00","loser_holding_max_s":0.0,"loser_holding_avg":"0d 00:00","loser_holding_avg_s":0.0,"max_consecutive_wins":1,"max_consecutive_losses":3,"max_drawdown_account":0.0,"max_relative_drawdown":0.0,"max_drawdown_abs":0.0,"drawdown_start":"2025-11-07 16:00:00","drawdown_start_ts":1762531200000.0,"drawdown_end":"2025-11-07 16:00:00","drawdown_end_ts":1762531200000.0,"drawdown_duration":"0 days 00:00:00","drawdown_duration_s":0.0,"max_drawdown_low":0.0,"max_drawdown_high":0.0,"csum_min":1016.495365,"csum_max":1016.495365}},"strategy_comparison":[{"key":"ACO_18_22","trades":4,"profit_mean":0.012487512487512486,"profit_mean_pct":1.25,"profit_total_abs":16.495365,"profit_total":0.016495364999999998,"profit_total_pct":1.65,"duration_avg":"5:00:00","wins":1,"draws":3,"losses":0,"winrate":0.25,"cagr":0.06349836007361875,"expectancy":4.12384125,"expectancy_ratio":100.0,"sortino":-100,"sharpe":0.4548561404199119,"calmar":-100,"sqn":1.0,"profit_factor":0.0,"max_drawdown_account":0.0,"max_drawdown_abs":"0"}]}