{"strategy":{"ACO_66_6":{"trades":[{"pair":"DOGE/USDT","stake_amount":329.75688,"max_stake_amount":329.75688,"amount":1284.0,"open_date":"2025-10-03 10:00:00+00:00","close_date":"2025-10-03 13:00:00+00:00","open_rate":0.25682,"close_rate":0.2573341541541541,"fee_open":0.001,"fee_close":0.001,"trade_duration":180,"profit_ratio":0.0,"profit_abs":0.0,"exit_reason":"roi","initial_stop_loss_abs":0.24398,"initial_stop_loss_ratio":-0.05,"stop_loss_abs":0.24398,"stop_loss_ratio":-0.05,"min_rate":0.25386,"max_rate":0.25793,"is_open":false,"enter_tag":"","leverage":1.0,"is_short":false,"open_timestamp":1759485600000,"close_timestamp":1759496400000,"orders":[{"amount":1284.0,"safe_price":0.25682,"ft_order_side":"buy","order_filled_timestamp":1759485600000,"ft_is_entry":true,"ft_order_tag":"","cost":330.08663687999996},{"amount":1284.0,"safe_price":0.2573341541541541,"ft_order_side":"sell","order_filled_timestamp":1759496400000,"ft_is_entry":false,"ft_order_tag":"roi","cost":330.74747098786776}],"funding_fees":0.0,"weekday":4},{"pair":"DOGE/USDT","stake_amount":329.81598,"max_stake_amount":329.81598,"amount":1326.0,"open_date":"2025-10-08 01:00:00+00:00","close_date":"2025-10-08 08:00:00+00:00","open_rate":0.24873,"close_rate":0.24922795795795794,"fee_open":0.001,"fee_close":0.001,"trade_duration":420,"profit_ratio":0.0,"profit_abs":0.0,"exit_reason":"roi","initial_stop_loss_abs":0.2363,"initial_stop_loss_ratio":-0.05,"stop_loss_abs":0.2363,"stop_loss_ratio":-0.05,"min_rate":0.24291,"max_rate":0.25061,"is_open":false,"enter_tag":"","leverage":1.0,"is_short":false,"open_timestamp":1759885200000,"close_timestamp":1759910400000,"orders":[{"amount":1326.0,"safe_price":0.24873,"ft_order_side":"buy","order_filled_timestamp":1759885200000,"ft_is_entry":true,"ft_order_tag":"","cost":330.14579598},{"amount":1326.0,"safe_price":0.24922795795795794,"ft_order_side":"sell","order_filled_timestamp":1759910400000,"ft_is_entry":false,"ft_order_tag":"roi","cost":330.8067485245044}],"funding_fees":0.0,"weekday":2},{"pair":"DOGE/USDT","stake_amount":329.90849,"max_stake_amount":329.90849,"amount":1783.0,"open_date":"2025-10-11 23:00:00+00:00","close_date":"2025-10-12 03:00:00+00:00","open_rate":0.18503,"close_rate":0.18540043043043042,"fee_open":0.001,"fee_close":0.001,"trade_duration":240,"profit_ratio":0.0,"profit_abs":0.0,"exit_reason":"roi","initial_stop_loss_abs":0.17578,"initial_stop_loss_ratio":-0.05,"stop_loss_abs":0.17578,"stop_loss_ratio":-0.05,"min_rate":0.18072,"max_rate":0.18675,"is_open":false,"enter_tag":"","leverage":1.0,"is_short":false,"open_timestamp":1760223600000,"close_timestamp":1760238000000,"orders":[{"amount":1783.0,"safe_price":0.18503,"ft_order_side":"buy","order_filled_timestamp":1760223600000,"ft_is_entry":true,"ft_order_tag":"","cost":330.23839848999995},{"amount":1783.0,"safe_price":0.18540043043043042,"ft_order_side":"sell","order_filled_timestamp":1760238000000,"ft_is_entry":false,"ft_order_tag":"roi","cost":330.89953642491486}],"funding_fees":0.0,"weekday":6},{"pair":"DOGE/USDT","stake_amount":329.94192,"max_stake_amount":329.94192,"amount":1738.0,"open_date":"2025-10-12 13:00:00+00:00","close_date":"2025-10-12 14:00:00+00:00","open_rate":0.18984,"close_rate":0.19972156156156154,"fee_open":0.001,"fee_close":0.001,"trade_duration":60,"profit_ratio":0.04995004995004995,"profit_abs":16.497096,"exit_reason":"roi","initial_stop_loss_abs":0.18035,"initial_stop_loss_ratio":-0.05,"stop_loss_abs":0.18035,"stop_loss_ratio":-0.05,"min_rate":0.18624,"max_rate":0.19986,"is_open":false,"enter_tag":"","leverage":1.0,"is_short":false,"open_timestamp":1760274000000,"close_timestamp":1760277600000,"orders":[{"amount":1738.0,"safe_price":0.18984,"ft_order_side":"buy","order_filled_timestamp":1760274000000,"ft_is_entry":true,"ft_order_tag":"","cost":330.27186192},{"amount":1738.0,"safe_price":0.19972156156156154,"ft_order_side":"sell","order_filled_timestamp":1760277600000,"ft_is_entry":false,"ft_order_tag":"roi","cost":347.4631900679879}],"funding_fees":0.0,"weekday":6},{"pair":"DOGE/USDT","stake_amount":335.3994,"max_stake_amount":335.3994,"amount":1710.0,"open_date":"2025-10-12 15:00:00+00:00","close_date":"2025-10-12 16:00:00+00:00","open_rate":0.19614,"close_rate":0.2063494894894895,"fee_open":0.001,"fee_close":0.001,"trade_duration":60,"profit_ratio":0.04995004995004995,"profit_abs":16.76997,"exit_reason":"roi","initial_stop_loss_abs":0.18634,"initial_stop_loss_ratio":-0.05,"stop_loss_abs":0.18634,"stop_loss_ratio":-0.05,"min_rate":0.19562,"max_rate":0.2095,"is_open":false,"enter_tag":"","leverage":1.0,"is_short":false,"open_timestamp":1760281200000,"close_timestamp":1760284800000,"orders":[{"amount":1710.0,"safe_price":0.19614,"ft_order_side":"buy","order_filled_timestamp":1760281200000,"ft_is_entry":true,"ft_order_tag":"","cost":335.7347994},{"amount":1710.0,"safe_price":0.2063494894894895,"ft_order_side":"sell","order_filled_timestamp":1760284800000,"ft_is_entry":false,"ft_order_tag":"roi","cost":353.210484654054}],"funding_fees":0.0,"weekday":6},{"pair":"DOGE/USDT","stake_amount":340.935,"max_stake_amount":340.935,"amount":1785.0,"open_date":"2025-10-22 12:00:00+00:00","close_date":"2025-10-22 14:00:00+00:00","open_rate":0.191,"close_rate":0.19236,"fee_open":0.001,"fee_close":0.001,"trade_duration":120,"profit_ratio":0.0051081902390802915,"profit_abs":1.7433024,"exit_reason":"roi","initial_stop_loss_abs":0.18145,"initial_stop_loss_ratio":-0.05,"stop_loss_abs":0.18145,"stop_loss_ratio":-0.05,"min_rate":0.18814,"max_rate":0.19275,"is_open":false,"enter_tag":"","leverage":1.0,"is_short":false,"open_timestamp":1761134400000,"close_timestamp":1761141600000,"orders":[{"amount":1785.0,"safe_price":0.191,"ft_order_side":"buy","order_filled_timestamp":1761134400000,"ft_is_entry":true,"ft_order_tag":"","cost":341.27593499999995},{"amount":1785.0,"safe_price":0.19236,"ft_order_side":"sell","order_filled_timestamp":1761141600000,"ft_is_entry":false,"ft_order_tag":"roi","cost":343.70596259999996}],"funding_fees":0.0,"weekday":2},{"pair":"DOGE/USDT","stake_amount":341.40194,"max_stake_amount":341.40194,"amount":1661.0,"open_date":"2025-10-26 23:00:00+00:00","close_date":"2025-10-27 01:00:00+00:00","open_rate":0.20554,"close_rate":0.20754,"fee_open":0.001,"fee_close":0.001,"trade_duration":120,"profit_ratio":0.007713022600635717,"profit_abs":2.63587412,"exit_reason":"roi","initial_stop_loss_abs":0.19527,"initial_stop_loss_ratio":-0.05,"stop_loss_abs":0.19527,"stop_loss_ratio":-0.05,"min_rate":0.20527,"max_rate":0.2093,"is_open":false,"enter_tag":"","leverage":1.0,"is_short":false,"open_timestamp":1761519600000,"close_timestamp":1761526800000,"orders":[{"amount":1661.0,"safe_price":0.20554,"ft_order_side":"buy","order_filled_timestamp":1761519600000,"ft_is_entry":true,"ft_order_tag":"","cost":341.74334194},{"amount":1661.0,"safe_price":0.20754,"ft_order_side":"sell","order_filled_timestamp":1761526800000,"ft_is_entry":false,"ft_order_tag":"roi","cost":345.06866393999996}],"funding_fees":0.0,"weekday":0},{"pair":"DOGE/USDT","stake_amount":342.2496,"max_stake_amount":342.2496,"amount":1760.0,"open_date":"2025-10-30 03:00:00+00:00","close_date":"2025-10-30 12:00:00+00:00","open_rate":0.19446,"close_rate":0.18474,"fee_open":0.001,"fee_close":0.001,"trade_duration":540,"profit_ratio":-0.05188270538471094,"profit_abs":-17.774592,"exit_reason":"stop_loss","initial_stop_loss_abs":0.18474,"initial_stop_loss_ratio":-0.05,"stop_loss_abs":0.18474,"stop_loss_ratio":-0.05,"min_rate":0.18275,"max_rate":0.19451,"is_open":false,"enter_tag":"","leverage":1.0,"is_short":false,"open_timestamp":1761793200000,"close_timestamp":1761825600000,"orders":[{"amount":1760.0,"safe_price":0.19446,"ft_order_side":"buy","order_filled_timestamp":1761793200000,"ft_is_entry":true,"ft_order_tag":"","cost":342.59184959999993},{"amount":1760.0,"safe_price":0.18474,"ft_order_side":"sell","order_filled_timestamp":1761825600000,"ft_is_entry":false,"ft_order_tag":"stop_loss","cost":325.4675423999999}],"funding_fees":0.0,"weekday":3},{"pair":"DOGE/USDT","stake_amount":336.52902,"max_stake_amount":336.52902,"amount":2118.0,"open_date":"2025-11-04 21:00:00+00:00","close_date":"2025-11-04 23:00:00+00:00","open_rate":0.15889,"close_rate":0.16344,"fee_open":0.001,"fee_close":0.001,"trade_duration":120,"profit_ratio":0.026580946273815555,"profit_abs":8.95420506,"exit_reason":"roi","initial_stop_loss_abs":0.15095,"initial_stop_loss_ratio":-0.05,"stop_loss_abs":0.15095,"stop_loss_ratio":-0.05,"min_rate":0.15159,"max_rate":0.16436,"is_open":false,"enter_tag":"","leverage":1.0,"is_short":false,"open_timestamp":1762290000000,"close_timestamp":1762297200000,"orders":[{"amount":2118.0,"safe_price":0.15889,"ft_order_side":"buy","order_filled_timestamp":1762290000000,"ft_is_entry":true,"ft_order_tag":"","cost":336.86554901999995},{"amount":2118.0,"safe_price":0.16344,"ft_order_side":"sell","order_filled_timestamp":1762297200000,"ft_is_entry":false,"ft_order_tag":"roi","cost":346.51208592}],"funding_fees":0.0,"weekday":1},{"pair":"DOGE/USDT","stake_amount":339.50826,"max_stake_amount":339.50826,"amount":2457.0,"open_date":"2025-11-22 12:00:00+00:00","close_date":"2025-11-22 14:00:00+00:00","open_rate":0.13818,"close_rate":0.13845663663663663,"fee_open":0.001,"fee_close":0.001,"trade_duration":120,"profit_ratio":0.0,"profit_abs":0.0,"exit_reason":"roi","initial_stop_loss_abs":0.13128,"initial_stop_loss_ratio":-0.05,"stop_loss_abs":0.13128,"stop_loss_ratio":-0.05,"min_rate":0.13563,"max_rate":0.13943,"is_open":false,"enter_tag":"","leverage":1.0,"is_short":false,"open_timestamp":1763812800000,"close_timestamp":1763820000000,"orders":[{"amount":2457.0,"safe_price":0.13818,"ft_order_side":"buy","order_filled_timestamp":1763812800000,"ft_is_entry":true,"ft_order_tag":"","cost":339.84776825999995},{"amount":2457.0,"safe_price":0.13845663663663663,"ft_order_side":"sell","order_filled_timestamp":1763820000000,"ft_is_entry":false,"ft_order_tag":"roi","cost":340.5281441724324}],"funding_fees":0.0,"weekday":5},{"pair":"DOGE/USDT","stake_amount":339.3796,"max_stake_amount":339.3796,"amount":2440.0,"open_date":"2025-11-22 15:00:00+00:00","close_date":"2025-11-22 17:00:00+00:00","open_rate":0.13909,"close_rate":0.13953,"fee_open":0.001,"fee_close":0.001,"trade_duration":120,"profit_ratio":0.0011590968525327571,"profit_abs":0.3937672,"exit_reason":"roi","initial_stop_loss_abs":0.13214,"initial_stop_loss_ratio":-0.05,"stop_loss_abs":0.13214,"stop_loss_ratio":-0.05,"min_rate":0.13729,"max_rate":0.13977,"is_open":false,"enter_tag":"","leverage":1.0,"is_short":false,"open_timestamp":1763823600000,"close_timestamp":1763830800000,"orders":[{"amount":2440.0,"safe_price":0.13909,"ft_order_side":"buy","order_filled_timestamp":1763823600000,"ft_is_entry":true,"ft_order_tag":"","cost":339.71897959999995},{"amount":2440.0,"safe_price":0.13953,"ft_order_side":"sell","order_filled_timestamp":1763830800000,"ft_is_entry":false,"ft_order_tag":"roi","cost":340.79365319999994}],"funding_fees":0.0,"weekday":5},{"pair":"DOGE/USDT","stake_amount":339.53716,"max_stake_amount":339.53716,"amount":2396.0,"open_date":"2025-11-23 02:00:00+00:00","close_date":"2025-11-23 04:00:00+00:00","open_rate":0.14171,"close_rate":0.14289,"fee_open":0.001,"fee_close":0.001,"trade_duration":120,"profit_ratio":0.006312225633374458,"profit_abs":2.1453784,"exit_reason":"roi","initial_stop_loss_abs":0.13463,"initial_stop_loss_ratio":-0.05,"stop_loss_abs":0.13463,"stop_loss_ratio":-0.05,"min_rate":0.14124,"max_rate":0.1447,"is_open":false,"enter_tag":"","leverage":1.0,"is_short":false,"open_timestamp":1763863200000,"close_timestamp":1763870400000,"orders":[{"amount":2396.0,"safe_price":0.14171,"ft_order_side":"buy","order_filled_timestamp":1763863200000,"ft_is_entry":true,"ft_order_tag":"","cost":339.87669716},{"amount":2396.0,"safe_price":0.14289,"ft_order_side":"sell","order_filled_timestamp":1763870400000,"ft_is_entry":false,"ft_order_tag":"roi","cost":342.70680444}],"funding_fees":0.0,"weekday":6},{"pair":"DOGE/USDT","stake_amount":340.23539,"max_stake_amount":340.23539,"amount":2321.0,"open_date":"2025-11-23 20:00:00+00:00","close_date":"2025-11-23 22:00:00+00:00","open_rate":0.14659,"close_rate":0.14705,"fee_open":0.001,"fee_close":0.001,"trade_duration":120,"profit_ratio":0.001133732220436634,"profit_abs":0.38612156,"exit_reason":"roi","initial_stop_loss_abs":0.13927,"initial_stop_loss_ratio":-0.05,"stop_loss_abs":0.13927,"stop_loss_ratio":-0.05,"min_rate":0.14579,"max_rate":0.14754,"is_open":false,"enter_tag":"","leverage":1.0,"is_short":false,"open_timestamp":1763928000000,"close_timestamp":1763935200000,"orders":[{"amount":2321.0,"safe_price":0.14659,"ft_order_side":"buy","order_filled_timestamp":1763928000000,"ft_is_entry":true,"ft_order_tag":"","cost":340.57562538999997},{"amount":2321.0,"safe_price":0.14705,"ft_order_side":"sell","order_filled_timestamp":1763935200000,"ft_is_entry":false,"ft_order_tag":"roi","cost":341.64435304999995}],"funding_fees":0.0,"weekday":6},{"pair":"DOGE/USDT","stake_amount":340.40552,"max_stake_amount":340.40552,"amount":2392.0,"open_date":"2026-01-03 21:00:00+00:00","close_date":"2026-01-03 23:00:00+00:00","open_rate":0.14231,"close_rate":0.14275,"fee_open":0.001,"fee_close":0.001,"trade_duration":120,"profit_ratio":0.001087662249913673,"profit_abs":0.37061648,"exit_reason":"roi","initial_stop_loss_abs":0.1352,"initial_stop_loss_ratio":-0.05,"stop_loss_abs":0.1352,"stop_loss_ratio":-0.05,"min_rate":0.14207,"max_rate":0.14372,"is_open":false,"enter_tag":"","leverage":1.0,"is_short":false,"open_timestamp":1767474000000,"close_timestamp":1767481200000,"orders":[{"amount":2392.0,"safe_price":0.14231,"ft_order_side":"buy","order_filled_timestamp":1767474000000,"ft_is_entry":true,"ft_order_tag":"","cost":340.74592551999996},{"amount":2392.0,"safe_price":0.14275,"ft_order_side":"sell","order_filled_timestamp":1767481200000,"ft_is_entry":false,"ft_order_tag":"roi","cost":341.79945799999996}],"funding_fees":0.0,"weekday":5},{"pair":"DOGE/USDT","stake_amount":340.51361,"max_stake_amount":340.51361,"amount":2263.0,"open_date":"2026-01-05 01:00:00+00:00","close_date":"2026-01-05 03:00:00+00:00","open_rate":0.15047,"close_rate":0.1519,"fee_open":0.001,"fee_close":0.001,"trade_duration":120,"profit_ratio":0.00748656540508737,"profit_abs":2.55182669,"exit_reason":"roi","initial_stop_loss_abs":0.14295,"initial_stop_loss_ratio":-0.05,"stop_loss_abs":0.14295,"stop_loss_ratio":-0.05,"min_rate":0.15004,"max_rate":0.15248,"is_open":false,"enter_tag":"","leverage":1.0,"is_short":false,"open_timestamp":1767574800000,"close_timestamp":1767582000000,"orders":[{"amount":2263.0,"safe_price":0.15047,"ft_order_side":"buy","order_filled_timestamp":1767574800000,"ft_is_entry":true,"ft_order_tag":"","cost":340.85412360999993},{"amount":2263.0,"safe_price":0.1519,"ft_order_side":"sell","order_filled_timestamp":1767582000000,"ft_is_entry":false,"ft_order_tag":"roi","cost":344.0934497}],"funding_fees":0.0,"weekday":0},{"pair":"DOGE/USDT","stake_amount":341.37369,"max_stake_amount":341.37369,"amount":2303.0,"open_date":"2026-01-05 15:00:00+00:00","close_date":"2026-01-05 17:00:00+00:00","open_rate":0.14823,"close_rate":0.15047,"fee_open":0.001,"fee_close":0.001,"trade_duration":120,"profit_ratio":0.013083455706406524,"profit_abs":4.4708139,"exit_reason":"roi","initial_stop_loss_abs":0.14082,"initial_stop_loss_ratio":-0.05,"stop_loss_abs":0.14082,"stop_loss_ratio":-0.05,"min_rate":0.14648,"max_rate":0.15386,"is_open":false,"enter_tag":"","leverage":1.0,"is_short":false,"open_timestamp":1767625200000,"close_timestamp":1767632400000,"orders":[{"amount":2303.0,"safe_price":0.14823,"ft_order_side":"buy","order_filled_timestamp":1767625200000,"ft_is_entry":true,"ft_order_tag":"","cost":341.71506368999997},{"amount":2303.0,"safe_price":0.15047,"ft_order_side":"sell","order_filled_timestamp":1767632400000,"ft_is_entry":false,"ft_order_tag":"roi","cost":346.8789424099999}],"funding_fees":0.0,"weekday":0}],"locks":[],"best_pair":{"key":"DOGE/USDT","trades":16,"profit_mean":0.007355143231041996,"profit_mean_pct":0.74,"profit_total_abs":39.14437981,"profit_total":0.03914437981,"profit_total_pct":3.91,"duration_avg":"2:49:00","wins":11,"draws":4,"losses":1,"winrate":0.6875,"cagr":0.15544557732625508,"expectancy":2.4465237381250002,"expectancy_ratio":-0.11235837435115248,"sortino":-100,"sharpe":1.0306914889346424,"calmar":45.00842250809142,"sqn":1.2667,"profit_factor":3.202266010381561,"max_drawdown_account":0.017129722319268546,"max_drawdown_abs":17.774592},"worst_pair":{"key":"DOGE/USDT","trades":16,"profit_mean":0.007355143231041996,"profit_mean_pct":0.74,"profit_total_abs":39.14437981,"profit_total":0.03914437981,"profit_total_pct":3.91,"duration_avg":"2:49:00","wins":11,"draws":4,"losses":1,"winrate":0.6875,"cagr":0.15544557732625508,"expectancy":2.4465237381250002,"expectancy_ratio":-0.11235837435115248,"sortino":-100,"sharpe":1.0306914889346424,"calmar":45.00842250809142,"sqn":1.2667,"profit_factor":3.202266010381561,"max_drawdown_account":0.017129722319268546,"max_drawdown_abs":17.774592},"results_per_pair":[{"key":"DOGE/USDT","trades":16,"profit_mean":0.007355143231041996,"profit_mean_pct":0.74,"profit_total_abs":39.14437981,"profit_total":0.03914437981,"profit_total_pct":3.91,"duration_avg":"2:49:00","wins":11,"draws":4,"losses":1,"winrate":0.6875,"cagr":0.15544557732625508,"expectancy":2.4465237381250002,"expectancy_ratio":-0.11235837435115248,"sortino":-100,"sharpe":1.0306914889346424,"calmar":45.00842250809142,"sqn":1.2667,"profit_factor":3.202266010381561,"max_drawdown_account":0.017129722319268546,"max_drawdown_abs":17.774592},{"key":"TOTAL","trades":16,"profit_mean":0.007355143231041996,"profit_mean_pct":0.74,"profit_total_abs":39.14437981,"profit_total":0.03914437981,"profit_total_pct":3.91,"duration_avg":"2:49:00","wins":11,"draws":4,"losses":1,"winrate":0.6875,"cagr":0.15544557732625508,"expectancy":2.4465237381250002,"expectancy_ratio":-0.11235837435115248,"sortino":-100,"sharpe":1.0306914889346424,"calmar":45.00842250809142,"sqn":1.2667,"profit_factor":3.202266010381561,"max_drawdown_account":0.017129722319268546,"max_drawdown_abs":17.774592}],"results_per_enter_tag":[{"key":"","trades":16,"profit_mean":0.007355143231041996,"profit_mean_pct":0.74,"profit_total_abs":39.14437981,"profit_total":0.03914437981,"profit_total_pct":3.91,"duration_avg":"2:49:00","wins":11,"draws":4,"losses":1,"winrate":0.6875,"cagr":0.15544557732625508,"expectancy":2.4465237381250002,"expectancy_ratio":-0.11235837435115248,"sortino":-100,"sharpe":1.0306914889346424,"calmar":45.00842250809142,"sqn":1.2667,"profit_factor":3.202266010381561,"max_drawdown_account":0.017129722319268546,"max_drawdown_abs":17.774592},{"key":"TOTAL","trades":16,"profit_mean":0.007355143231041996,"profit_mean_pct":0.74,"profit_total_abs":39.14437981,"profit_total":0.03914437981,"profit_total_pct":3.91,"duration_avg":"2:49:00","wins":11,"draws":4,"losses":1,"winrate":0.6875,"cagr":0.15544557732625508,"expectancy":2.4465237381250002,"expectancy_ratio":-0.11235837435115248,"sortino":-100,"sharpe":1.0306914889346424,"calmar":45.00842250809142,"sqn":1.2667,"profit_factor":3.202266010381561,"max_drawdown_account":0.017129722319268546,"max_drawdown_abs":17.774592}],"exit_reason_summary":[{"key":"roi","trades":15,"profit_mean":0.01130433313875886,"profit_mean_pct":1.13,"profit_total_abs":56.91897181,"profit_total":0.05691897181,"profit_total_pct":5.69,"duration_avg":"2:24:00","wins":11,"draws":4,"losses":0,"winrate":0.7333333333333333,"cagr":0.23159003601309824,"expectancy":3.7945981206666666,"expectancy_ratio":100.0,"sortino":-100,"sharpe":2.026370474451239,"calmar":-100,"sqn":2.5664,"profit_factor":0.0,"max_drawdown_account":0.0,"max_drawdown_abs":0.0},{"key":"stop_loss","trades":1,"profit_mean":-0.05188270538471094,"profit_mean_pct":-5.19,"profit_total_abs":-17.774592,"profit_total":-0.017774592,"profit_total_pct":-1.78,"duration_avg":"9:00:00","wins":0,"draws":0,"losses":1,"winrate":0.0,"cagr":-0.06525856574217515,"expectancy":-17.774592,"expectancy_ratio":-1.0,"sortino":-100,"sharpe":-100,"calmar":-19.695848633549296,"sqn":-100.0,"profit_factor":0.0,"max_drawdown_account":0.017774591999999985,"max_drawdown_abs":17.774592},{"key":"TOTAL","trades":16,"profit_mean":0.007355143231041996,"profit_mean_pct":0.74,"profit_total_abs":39.14437981,"profit_total":0.03914437981,"profit_total_pct":3.91,"duration_avg":"2:49:00","wins":11,"draws":4,"losses":1,"winrate":0.6875,"cagr":0.15544557732625508,"expectancy":2.4465237381250002,"expectancy_ratio":-0.11235837435115248,"sortino":-100,"sharpe":1.0306914889346424,"calmar":45.00842250809142,"sqn":1.2667,"profit_factor":3.202266010381561,"max_drawdown_account":0.017129722319268546,"max_drawdown_abs":17.774592}],"mix_tag_stats":[{"key":["","roi"],"trades":15,"profit_mean":0.01130433313875886,"profit_mean_pct":1.13,"profit_total_abs":56.91897181,"profit_total":0.05691897181,"profit_total_pct":5.69,"duration_avg":"2:24:00","wins":11,"draws":4,"losses":0,"winrate":0.7333333333333333,"cagr":0.23159003601309824,"expectancy":3.7945981206666666,"expectancy_ratio":100.0,"sortino":-100,"sharpe":2.026370474451239,"calmar":-100,"sqn":2.5664,"profit_factor":0.0,"max_drawdown_account":0.0,"max_drawdown_abs":0.0},{"key":["","stop_loss"],"trades":1,"profit_mean":-0.05188270538471094,"profit_mean_pct":-5.19,"profit_total_abs":-17.774592,"profit_total":-0.017774592,"profit_total_pct":-1.78,"duration_avg":"9:00:00","wins":0,"draws":0,"losses":1,"winrate":0.0,"cagr":-0.06525856574217515,"expectancy":-17.774592,"expectancy_ratio":-1.0,"sortino":-100,"sharpe":-100,"calmar":-19.695848633549296,"sqn":-100.0,"profit_factor":0.0,"max_drawdown_account":0.017774591999999985,"max_drawdown_abs":17.774592},{"key":"TOTAL","trades":16,"profit_mean":0.007355143231041996,"profit_mean_pct":0.74,"profit_total_abs":39.14437981,"profit_total":0.03914437981,"profit_total_pct":3.91,"duration_avg":"2:49:00","wins":11,"draws":4,"losses":1,"winrate":0.6875,"cagr":0.15544557732625508,"expectancy":2.4465237381250002,"expectancy_ratio":-0.11235837435115248,"sortino":-100,"sharpe":1.0306914889346424,"calmar":45.00842250809142,"sqn":1.2667,"profit_factor":3.202266010381561,"max_drawdown_account":0.017129722319268546,"max_drawdown_abs":17.774592}],"left_open_trades":[{"key":"TOTAL","trades":0,"profit_mean":0.0,"profit_mean_pct":0.0,"profit_total_abs":0.0,"profit_total":0.0,"profit_total_pct":0.0,"duration_avg":"0:00","wins":0,"draws":0,"losses":0,"winrate":0.0,"cagr":0.0,"expectancy":0.0,"expectancy_ratio":100.0,"sortino":0,"sharpe":0,"calmar":0,"sqn":0.0,"profit_factor":0.0,"max_drawdown_account":0.0,"max_drawdown_abs":0.0}],"total_trades":16,"trade_count_long":16,"trade_count_short":0,"total_volume":10854.614841951761,"avg_stake_amount":337.30571625000005,"profit_mean":0.007355143231041996,"profit_median":0.0031336435458065243,"profit_total":0.03914437981,"profit_total_long":0.03914437981,"profit_total_short":0.0,"profit_total_abs":39.14437981,"profit_total_long_abs":39.14437981,"profit_total_short_abs":0.0,"cagr":0.15544557732625508,"expectancy":2.4465237381250002,"expectancy_ratio":-0.11235837435115248,"sortino":-100,"sharpe":1.0306914889346424,"calmar":45.00842250809142,"sqn":1.2667,"profit_factor":3.202266010381561,"backtest_start":"2025-10-01 00:00:00","backtest_start_ts":1759276800000,"backtest_end":"2026-01-06 20:00:00","backtest_end_ts":1767729600000,"backtest_days":97,"backtest_run_start_ts":1767752546,"backtest_run_end_ts":1767752546,"trades_per_day":0.16,"market_change":-0.36632086436227446,"pairlist":["DOGE/USDT"],"stake_amount":"unlimited","stake_currency":"USDT","stake_currency_decimals":3,"starting_balance":1000,"dry_run_wallet":1000,"final_balance":1039.14437981,"rejected_signals":0,"timedout_entry_orders":0,"timedout_exit_orders":0,"canceled_trade_entries":0,"canceled_entry_orders":0,"replaced_entry_orders":0,"max_open_trades":1,"max_open_trades_setting":3,"timeframe":"1h","timeframe_detail":"","timerange":"20251001-","enable_protections":false,"strategy_name":"ACO_66_6","freqaimodel":null,"freqai_identifier":null,"stoploss":-0.05,"trailing_stop":false,"trailing_stop_positive":null,"trailing_stop_positive_offset":0.0,"trailing_only_offset_is_reached":false,"use_custom_stoploss":false,"minimal_roi":{"0":0.1,"60":0.05,"120":0.0},"use_exit_signal":true,"exit_profit_only":false,"exit_profit_offset":0.0,"ignore_roi_if_entry_signal":false,"trading_mode":"spot","margin_mode":"","periodic_breakdown":{"day":[{"date":"03/10/2025","date_ts":1759449600000,"profit_abs":0.0,"wins":0,"draws":1,"losses":0,"trades":1,"profit_factor":0.0},{"date":"04/10/2025","date_ts":1759536000000,"profit_abs":0.0,"wins":0,"draws":0,"losses":0,"trades":0,"profit_factor":0.0},{"date":"05/10/2025","date_ts":1759622400000,"profit_abs":0.0,"wins":0,"draws":0,"losses":0,"trades":0,"profit_factor":0.0},{"date":"06/10/2025","date_ts":1759708800000,"profit_abs":0.0,"wins":0,"draws":0,"losses":0,"trades":0,"profit_factor":0.0},{"date":"07/10/2025","date_ts":1759795200000,"profit_abs":0.0,"wins":0,"draws":0,"losses":0,"trades":0,"profit_factor":0.0},{"date":"08/10/2025","date_ts":1759881600000,"profit_abs":0.0,"wins":0,"draws":1,"losses":0,"trades":1,"profit_factor":0.0},{"date":"09/10/2025","date_ts":1759968000000,"profit_abs":0.0,"wins":0,"draws":0,"losses":0,"trades":0,"profit_factor":0.0},{"date":"10/10/2025","date_ts":1760054400000,"profit_abs":0.0,"wins":0,"draws":0,"losses":0,"trades":0,"profit_factor":0.0},{"date":"11/10/2025","date_ts":1760140800000,"profit_abs":0.0,"wins":0,"draws":0,"losses":0,"trades":0,"profit_factor":0.0},{"date":"12/10/2025","date_ts":1760227200000,"profit_abs":33.267066,"wins":2,"draws":1,"losses":0,"trades":3,"profit_factor":0.0},{"date":"13/10/2025","date_ts":1760313600000,"profit_abs":0.0,"wins":0,"draws":0,"losses":0,"trades":0,"profit_factor":0.0},{"date":"14/10/2025","date_ts":1760400000000,"profit_abs":0.0,"wins":0,"draws":0,"losses":0,"trades":0,"profit_factor":0.0},{"date":"15/10/2025","date_ts":1760486400000,"profit_abs":0.0,"wins":0,"draws":0,"losses":0,"trades":0,"profit_factor":0.0},{"date":"16/10/2025","date_ts":1760572800000,"profit_abs":0.0,"wins":0,"draws":0,"losses":0,"trades":0,"profit_factor":0.0},{"date":"17/10/2025","date_ts":1760659200000,"profit_abs":0.0,"wins":0,"draws":0,"losses":0,"trades":0,"profit_factor":0.0},{"date":"18/10/2025","date_ts":1760745600000,"profit_abs":0.0,"wins":0,"draws":0,"losses":0,"trades":0,"profit_factor":0.0},{"date":"19/10/2025","date_ts":1760832000000,"profit_abs":0.0,"wins":0,"draws":0,"losses":0,"trades":0,"profit_factor":0.0},{"date":"20/10/2025","date_ts":1760918400000,"profit_abs":0.0,"wins":0,"draws":0,"losses":0,"trades":0,"profit_factor":0.0},{"date":"21/10/2025","date_ts":1761004800000,"profit_abs":0.0,"wins":0,"draws":0,"losses":0,"trades":0,"profit_factor":0.0},{"date":"22/10/2025","date_ts":1761091200000,"profit_abs":1.7433024,"wins":1,"draws":0,"losses":0,"trades":1,"profit_factor":0.0},{"date":"23/10/2025","date_ts":1761177600000,"profit_abs":0.0,"wins":0,"draws":0,"losses":0,"trades":0,"profit_factor":0.0},{"date":"24/10/2025","date_ts":1761264000000,"profit_abs":0.0,"wins":0,"draws":0,"losses":0,"trades":0,"profit_factor":0.0},{"date":"25/10/2025","date_ts":1761350400000,"profit_abs":0.0,"wins":0,"draws":0,"losses":0,"trades":0,"profit_factor":0.0},{"date":"26/10/2025","date_ts":1761436800000,"profit_abs":0.0,"wins":0,"draws":0,"losses":0,"trades":0,"profit_factor":0.0},{"date":"27/10/2025","date_ts":1761523200000,"profit_abs":2.63587412,"wins":1,"draws":0,"losses":0,"trades":1,"profit_factor":0.0},{"date":"28/10/2025","date_ts":1761609600000,"profit_abs":0.0,"wins":0,"draws":0,"losses":0,"trades":0,"profit_factor":0.0},{"date":"29/10/2025","date_ts":1761696000000,"profit_abs":0.0,"wins":0,"draws":0,"losses":0,"trades":0,"profit_factor":0.0},{"date":"30/10/2025","date_ts":1761782400000,"profit_abs":-17.774592,"wins":0,"draws":0,"losses":1,"trades":1,"profit_factor":0.0},{"date":"31/10/2025","date_ts":1761868800000,"profit_abs":0.0,"wins":0,"draws":0,"losses":0,"trades":0,"profit_factor":0.0},{"date":"01/11/2025","date_ts":1761955200000,"profit_abs":0.0,"wins":0,"draws":0,"losses":0,"trades":0,"profit_factor":0.0},{"date":"02/11/2025","date_ts":1762041600000,"profit_abs":0.0,"wins":0,"draws":0,"losses":0,"trades":0,"profit_factor":0.0},{"date":"03/11/2025","date_ts":1762128000000,"profit_abs":0.0,"wins":0,"draws":0,"losses":0,"trades":0,"profit_factor":0.0},{"date":"04/11/2025","date_ts":1762214400000,"profit_abs":8.95420506,"wins":1,"draws":0,"losses":0,"trades":1,"profit_factor":0.0},{"date":"05/11/2025","date_ts":1762300800000,"profit_abs":0.0,"wins":0,"draws":0,"losses":0,"trades":0,"profit_factor":0.0},{"date":"06/11/2025","date_ts":1762387200000,"profit_abs":0.0,"wins":0,"draws":0,"losses":0,"trades":0,"profit_factor":0.0},{"date":"07/11/2025","date_ts":1762473600000,"profit_abs":0.0,"wins":0,"draws":0,"losses":0,"trades":0,"profit_factor":0.0},{"date":"08/11/2025","date_ts":1762560000000,"profit_abs":0.0,"wins":0,"draws":0,"losses":0,"trades":0,"profit_factor":0.0},{"date":"09/11/2025","date_ts":1762646400000,"profit_abs":0.0,"wins":0,"draws":0,"losses":0,"trades":0,"profit_factor":0.0},{"date":"10/11/2025","date_ts":1762732800000,"profit_abs":0.0,"wins":0,"draws":0,"losses":0,"trades":0,"profit_factor":0.0},{"date":"11/11/2025","date_ts":1762819200000,"profit_abs":0.0,"wins":0,"draws":0,"losses":0,"trades":0,"profit_factor":0.0},{"date":"12/11/2025","date_ts":1762905600000,"profit_abs":0.0,"wins":0,"draws":0,"losses":0,"trades":0,"profit_factor":0.0},{"date":"13/11/2025","date_ts":1762992000000,"profit_abs":0.0,"wins":0,"draws":0,"losses":0,"trades":0,"profit_factor":0.0},{"date":"14/11/2025","date_ts":1763078400000,"profit_abs":0.0,"wins":0,"draws":0,"losses":0,"trades":0,"profit_factor":0.0},{"date":"15/11/2025","date_ts":1763164800000,"profit_abs":0.0,"wins":0,"draws":0,"losses":0,"trades":0,"profit_factor":0.0},{"date":"16/11/2025","date_ts":1763251200000,"profit_abs":0.0,"wins":0,"draws":0,"losses":0,"trades":0,"profit_factor":0.0},{"date":"17/11/2025","date_ts":1763337600000,"profit_abs":0.0,"wins":0,"draws":0,"losses":0,"trades":0,"profit_factor":0.0},{"date":"18/11/2025","date_ts":1763424000000,"profit_abs":0.0,"wins":0,"draws":0,"losses":0,"trades":0,"profit_factor":0.0},{"date":"19/11/2025","date_ts":1763510400000,"profit_abs":0.0,"wins":0,"draws":0,"losses":0,"trades":0,"profit_factor":0.0},{"date":"20/11/2025","date_ts":1763596800000,"profit_abs":0.0,"wins":0,"draws":0,"losses":0,"trades":0,"profit_factor":0.0},{"date":"21/11/2025","date_ts":1763683200000,"profit_abs":0.0,"wins":0,"draws":0,"losses":0,"trades":0,"profit_factor":0.0},{"date":"22/11/2025","date_ts":1763769600000,"profit_abs":0.3937672,"wins":1,"draws":1,"losses":0,"trades":2,"profit_factor":0.0},{"date":"23/11/2025","date_ts":1763856000000,"profit_abs":2.53149996,"wins":2,"draws":0,"losses":0,"trades":2,"profit_factor":0.0},{"date":"24/11/2025","date_ts":1763942400000,"profit_abs":0.0,"wins":0,"draws":0,"losses":0,"trades":0,"profit_factor":0.0},{"date":"25/11/2025","date_ts":1764028800000,"profit_abs":0.0,"wins":0,"draws":0,"losses":0,"trades":0,"profit_factor":0.0},{"date":"26/11/2025","date_ts":1764115200000,"profit_abs":0.0,"wins":0,"draws":0,"losses":0,"trades":0,"profit_factor":0.0},{"date":"27/11/2025","date_ts":1764201600000,"profit_abs":0.0,"wins":0,"draws":0,"losses":0,"trades":0,"profit_factor":0.0},{"date":"28/11/2025","date_ts":1764288000000,"profit_abs":0.0,"wins":0,"draws":0,"losses":0,"trades":0,"profit_factor":0.0},{"date":"29/11/2025","date_ts":1764374400000,"profit_abs":0.0,"wins":0,"draws":0,"losses":0,"trades":0,"profit_factor":0.0},{"date":"30/11/2025","date_ts":1764460800000,"profit_abs":0.0,"wins":0,"draws":0,"losses":0,"trades":0,"profit_factor":0.0},{"date":"01/12/2025","date_ts":1764547200000,"profit_abs":0.0,"wins":0,"draws":0,"losses":0,"trades":0,"profit_factor":0.0},{"date":"02/12/2025","date_ts":1764633600000,"profit_abs":0.0,"wins":0,"draws":0,"losses":0,"trades":0,"profit_factor":0.0},{"date":"03/12/2025","date_ts":1764720000000,"profit_abs":0.0,"wins":0,"draws":0,"losses":0,"trades":0,"profit_factor":0.0},{"date":"04/12/2025","date_ts":1764806400000,"profit_abs":0.0,"wins":0,"draws":0,"losses":0,"trades":0,"profit_factor":0.0},{"date":"05/12/2025","date_ts":1764892800000,"profit_abs":0.0,"wins":0,"draws":0,"losses":0,"trades":0,"profit_factor":0.0},{"date":"06/12/2025","date_ts":1764979200000,"profit_abs":0.0,"wins":0,"draws":0,"losses":0,"trades":0,"profit_factor":0.0},{"date":"07/12/2025","date_ts":1765065600000,"profit_abs":0.0,"wins":0,"draws":0,"losses":0,"trades":0,"profit_factor":0.0},{"date":"08/12/2025","date_ts":1765152000000,"profit_abs":0.0,"wins":0,"draws":0,"losses":0,"trades":0,"profit_factor":0.0},{"date":"09/12/2025","date_ts":1765238400000,"profit_abs":0.0,"wins":0,"draws":0,"losses":0,"trades":0,"profit_factor":0.0},{"date":"10/12/2025","date_ts":1765324800000,"profit_abs":0.0,"wins":0,"draws":0,"losses":0,"trades":0,"profit_factor":0.0},{"date":"11/12/2025","date_ts":1765411200000,"profit_abs":0.0,"wins":0,"draws":0,"losses":0,"trades":0,"profit_factor":0.0},{"date":"12/12/2025","date_ts":1765497600000,"profit_abs":0.0,"wins":0,"draws":0,"losses":0,"trades":0,"profit_factor":0.0},{"date":"13/12/2025","date_ts":1765584000000,"profit_abs":0.0,"wins":0,"draws":0,"losses":0,"trades":0,"profit_factor":0.0},{"date":"14/12/2025","date_ts":1765670400000,"profit_abs":0.0,"wins":0,"draws":0,"losses":0,"trades":0,"profit_factor":0.0},{"date":"15/12/2025","date_ts":1765756800000,"profit_abs":0.0,"wins":0,"draws":0,"losses":0,"trades":0,"profit_factor":0.0},{"date":"16/12/2025","date_ts":1765843200000,"profit_abs":0.0,"wins":0,"draws":0,"losses":0,"trades":0,"profit_factor":0.0},{"date":"17/12/2025","date_ts":1765929600000,"profit_abs":0.0,"wins":0,"draws":0,"losses":0,"trades":0,"profit_factor":0.0},{"date":"18/12/2025","date_ts":1766016000000,"profit_abs":0.0,"wins":0,"draws":0,"losses":0,"trades":0,"profit_factor":0.0},{"date":"19/12/2025","date_ts":1766102400000,"profit_abs":0.0,"wins":0,"draws":0,"losses":0,"trades":0,"profit_factor":0.0},{"date":"20/12/2025","date_ts":1766188800000,"profit_abs":0.0,"wins":0,"draws":0,"losses":0,"trades":0,"profit_factor":0.0},{"date":"21/12/2025","date_ts":1766275200000,"profit_abs":0.0,"wins":0,"draws":0,"losses":0,"trades":0,"profit_factor":0.0},{"date":"22/12/2025","date_ts":1766361600000,"profit_abs":0.0,"wins":0,"draws":0,"losses":0,"trades":0,"profit_factor":0.0},{"date":"23/12/2025","date_ts":1766448000000,"profit_abs":0.0,"wins":0,"draws":0,"losses":0,"trades":0,"profit_factor":0.0},{"date":"24/12/2025","date_ts":1766534400000,"profit_abs":0.0,"wins":0,"draws":0,"losses":0,"trades":0,"profit_factor":0.0},{"date":"25/12/2025","date_ts":1766620800000,"profit_abs":0.0,"wins":0,"draws":0,"losses":0,"trades":0,"profit_factor":0.0},{"date":"26/12/2025","date_ts":1766707200000,"profit_abs":0.0,"wins":0,"draws":0,"losses":0,"trades":0,"profit_factor":0.0},{"date":"27/12/2025","date_ts":1766793600000,"profit_abs":0.0,"wins":0,"draws":0,"losses":0,"trades":0,"profit_factor":0.0},{"date":"28/12/2025","date_ts":1766880000000,"profit_abs":0.0,"wins":0,"draws":0,"losses":0,"trades":0,"profit_factor":0.0},{"date":"29/12/2025","date_ts":1766966400000,"profit_abs":0.0,"wins":0,"draws":0,"losses":0,"trades":0,"profit_factor":0.0},{"date":"30/12/2025","date_ts":1767052800000,"profit_abs":0.0,"wins":0,"draws":0,"losses":0,"trades":0,"profit_factor":0.0},{"date":"31/12/2025","date_ts":1767139200000,"profit_abs":0.0,"wins":0,"draws":0,"losses":0,"trades":0,"profit_factor":0.0},{"date":"01/01/2026","date_ts":1767225600000,"profit_abs":0.0,"wins":0,"draws":0,"losses":0,"trades":0,"profit_factor":0.0},{"date":"02/01/2026","date_ts":1767312000000,"profit_abs":0.0,"wins":0,"draws":0,"losses":0,"trades":0,"profit_factor":0.0},{"date":"03/01/2026","date_ts":1767398400000,"profit_abs":0.37061648,"wins":1,"draws":0,"losses":0,"trades":1,"profit_factor":0.0},{"date":"04/01/2026","date_ts":1767484800000,"profit_abs":0.0,"wins":0,"draws":0,"losses":0,"trades":0,"profit_factor":0.0},{"date":"05/01/2026","date_ts":1767571200000,"profit_abs":7.02264059,"wins":2,"draws":0,"losses":0,"trades":2,"profit_factor":0.0}],"week":[{"date":"06/10/2025","date_ts":1759708800000,"profit_abs":0.0,"wins":0,"draws":1,"losses":0,"trades":1,"profit_factor":0.0},{"date":"13/10/2025","date_ts":1760313600000,"profit_abs":33.267066,"wins":2,"draws":2,"losses":0,"trades":4,"profit_factor":0.0},{"date":"20/10/2025","date_ts":1760918400000,"profit_abs":0.0,"wins":0,"draws":0,"losses":0,"trades":0,"profit_factor":0.0},{"date":"27/10/2025","date_ts":1761523200000,"profit_abs":4.37917652,"wins":2,"draws":0,"losses":0,"trades":2,"profit_factor":0.0},{"date":"03/11/2025","date_ts":1762128000000,"profit_abs":-17.774592,"wins":0,"draws":0,"losses":1,"trades":1,"profit_factor":0.0},{"date":"10/11/2025","date_ts":1762732800000,"profit_abs":8.95420506,"wins":1,"draws":0,"losses":0,"trades":1,"profit_factor":0.0},{"date":"17/11/2025","date_ts":1763337600000,"profit_abs":0.0,"wins":0,"draws":0,"losses":0,"trades":0,"profit_factor":0.0},{"date":"24/11/2025","date_ts":1763942400000,"profit_abs":2.92526716,"wins":3,"draws":1,"losses":0,"trades":4,"profit_factor":0.0},{"date":"01/12/2025","date_ts":1764547200000,"profit_abs":0.0,"wins":0,"draws":0,"losses":0,"trades":0,"profit_factor":0.0},{"date":"08/12/2025","date_ts":1765152000000,"profit_abs":0.0,"wins":0,"draws":0,"losses":0,"trades":0,"profit_factor":0.0},{"date":"15/12/2025","date_ts":1765756800000,"profit_abs":0.0,"wins":0,"draws":0,"losses":0,"trades":0,"profit_factor":0.0},{"date":"22/12/2025","date_ts":1766361600000,"profit_abs":0.0,"wins":0,"draws":0,"losses":0,"trades":0,"profit_factor":0.0},{"date":"29/12/2025","date_ts":1766966400000,"profit_abs":0.0,"wins":0,"draws":0,"losses":0,"trades":0,"profit_factor":0.0},{"date":"05/01/2026","date_ts":1767571200000,"profit_abs":7.39325707,"wins":3,"draws":0,"losses":0,"trades":3,"profit_factor":0.0}],"month":[{"date":"31/10/2025","date_ts":1761868800000,"profit_abs":19.87165052,"wins":4,"draws":3,"losses":1,"trades":8,"profit_factor":2.11798068},{"date":"30/11/2025","date_ts":1764460800000,"profit_abs":11.87947222,"wins":4,"draws":1,"losses":0,"trades":5,"profit_factor":0.0},{"date":"31/12/2025","date_ts":1767139200000,"profit_abs":0.0,"wins":0,"draws":0,"losses":0,"trades":0,"profit_factor":0.0},{"date":"31/01/2026","date_ts":1769817600000,"profit_abs":7.39325707,"wins":3,"draws":0,"losses":0,"trades":3,"profit_factor":0.0}],"year":[{"date":"31/12/2025","date_ts":1767139200000,"profit_abs":31.75112274,"wins":8,"draws":4,"losses":1,"trades":13,"profit_factor":2.78632076},{"date":"31/12/2026","date_ts":1798675200000,"profit_abs":7.39325707,"wins":3,"draws":0,"losses":0,"trades":3,"profit_factor":0.0}],"weekday":[{"date":"Monday","date_ts":0,"profit_abs":9.65851471,"wins":3,"draws":0,"losses":0,"trades":3,"profit_factor":0.0},{"date":"Tuesday","date_ts":1,"profit_abs":8.95420506,"wins":1,"draws":0,"losses":0,"trades":1,"profit_factor":0.0},{"date":"Wednesday","date_ts":2,"profit_abs":1.7433024,"wins":1,"draws":1,"losses":0,"trades":2,"profit_factor":0.0},{"date":"Thursday","date_ts":3,"profit_abs":-17.774592,"wins":0,"draws":0,"losses":1,"trades":1,"profit_factor":0.0},{"date":"Friday","date_ts":4,"profit_abs":0.0,"wins":0,"draws":1,"losses":0,"trades":1,"profit_factor":0.0},{"date":"Saturday","date_ts":5,"profit_abs":0.76438368,"wins":2,"draws":1,"losses":0,"trades":3,"profit_factor":0.0},{"date":"Sunday","date_ts":6,"profit_abs":35.79856596,"wins":4,"draws":1,"losses":0,"trades":5,"profit_factor":0.0}]},"backtest_best_day":0.0999000999000999,"backtest_worst_day":-0.05188270538471094,"backtest_best_day_abs":33.267066,"backtest_worst_day_abs":-17.774592,"winning_days":8,"draw_days":86,"losing_days":1,"daily_profit":[["2025-10-03",0.0],["2025-10-04",0.0],["2025-10-05",0.0],["2025-10-06",0.0],["2025-10-07",0.0],["2025-10-08",0.0],["2025-10-09",0.0],["2025-10-10",0.0],["2025-10-11",0.0],["2025-10-12",33.267066],["2025-10-13",0.0],["2025-10-14",0.0],["2025-10-15",0.0],["2025-10-16",0.0],["2025-10-17",0.0],["2025-10-18",0.0],["2025-10-19",0.0],["2025-10-20",0.0],["2025-10-21",0.0],["2025-10-22",1.7433024],["2025-10-23",0.0],["2025-10-24",0.0],["2025-10-25",0.0],["2025-10-26",0.0],["2025-10-27",2.63587412],["2025-10-28",0.0],["2025-10-29",0.0],["2025-10-30",-17.774592],["2025-10-31",0.0],["2025-11-01",0.0],["2025-11-02",0.0],["2025-11-03",0.0],["2025-11-04",8.95420506],["2025-11-05",0.0],["2025-11-06",0.0],["2025-11-07",0.0],["2025-11-08",0.0],["2025-11-09",0.0],["2025-11-10",0.0],["2025-11-11",0.0],["2025-11-12",0.0],["2025-11-13",0.0],["2025-11-14",0.0],["2025-11-15",0.0],["2025-11-16",0.0],["2025-11-17",0.0],["2025-11-18",0.0],["2025-11-19",0.0],["2025-11-20",0.0],["2025-11-21",0.0],["2025-11-22",0.3937672],["2025-11-23",2.53149996],["2025-11-24",0.0],["2025-11-25",0.0],["2025-11-26",0.0],["2025-11-27",0.0],["2025-11-28",0.0],["2025-11-29",0.0],["2025-11-30",0.0],["2025-12-01",0.0],["2025-12-02",0.0],["2025-12-03",0.0],["2025-12-04",0.0],["2025-12-05",0.0],["2025-12-06",0.0],["2025-12-07",0.0],["2025-12-08",0.0],["2025-12-09",0.0],["2025-12-10",0.0],["2025-12-11",0.0],["2025-12-12",0.0],["2025-12-13",0.0],["2025-12-14",0.0],["2025-12-15",0.0],["2025-12-16",0.0],["2025-12-17",0.0],["2025-12-18",0.0],["2025-12-19",0.0],["2025-12-20",0.0],["2025-12-21",0.0],["2025-12-22",0.0],["2025-12-23",0.0],["2025-12-24",0.0],["2025-12-25",0.0],["2025-12-26",0.0],["2025-12-27",0.0],["2025-12-28",0.0],["2025-12-29",0.0],["2025-12-30",0.0],["2025-12-31",0.0],["2026-01-01",0.0],["2026-01-02",0.0],["2026-01-03",0.37061648],["2026-01-04",0.0],["2026-01-05",7.02264059]],"wins":11,"losses":1,"draws":4,"winrate":0.6875,"holding_avg":"2:49:00","holding_avg_s":10140.0,"winner_holding_min":"0d 01:00","winner_holding_min_s":3600.0,"winner_holding_max":"0d 02:00","winner_holding_max_s":7200.0,"winner_holding_avg":"0d 01:49","winner_holding_avg_s":6540.0,"loser_holding_min":"0d 09:00","loser_holding_min_s":32400.0,"loser_holding_max":"0d 09:00","loser_holding_max_s":32400.0,"loser_holding_avg":"0d 09:00","loser_holding_avg_s":32400.0,"max_consecutive_wins":6,"max_consecutive_losses":3,"max_drawdown_account":0.017129722319268546,"max_relative_drawdown":0.017129722319268546,"max_drawdown_abs":17.774592,"drawdown_start":"2025-10-27 01:00:00","drawdown_start_ts":1761526800000.0,"drawdown_end":"2025-10-30 12:00:00","drawdown_end_ts":1761825600000.0,"drawdown_duration":"3 days 11:00:00","drawdown_duration_s":298800.0,"max_drawdown_low":19.871650519999996,"max_drawdown_high":37.646242519999994,"csum_min":1000.0,"csum_max":1039.14437981}},"strategy_comparison":[{"key":"ACO_66_6","trades":16,"profit_mean":0.007355143231041996,"profit_mean_pct":0.74,"profit_total_abs":39.14437981,"profit_total":0.03914437981,"profit_total_pct":3.91,"duration_avg":"2:49:00","wins":11,"draws":4,"losses":1,"winrate":0.6875,"cagr":0.15544557732625508,"expectancy":2.4465237381250002,"expectancy_ratio":-0.11235837435115248,"sortino":-100,"sharpe":1.0306914889346424,"calmar":45.00842250809142,"sqn":1.2667,"profit_factor":3.202266010381561,"max_drawdown_account":0.017129722319268546,"max_drawdown_abs":"17.775"}]}