{"strategy":{"ACO_31_3":{"trades":[{"pair":"DOGE/USDT","stake_amount":329.8357,"max_stake_amount":329.8357,"amount":1717.0,"open_date":"2025-10-11 07:00:00+00:00","close_date":"2025-10-11 09:00:00+00:00","open_rate":0.1921,"close_rate":0.19534,"fee_open":0.001,"fee_close":0.001,"trade_duration":120,"profit_ratio":0.01483451478245856,"profit_abs":4.89784552,"exit_reason":"roi","initial_stop_loss_abs":0.1825,"initial_stop_loss_ratio":-0.05,"stop_loss_abs":0.1825,"stop_loss_ratio":-0.05,"min_rate":0.1881,"max_rate":0.19776,"is_open":false,"enter_tag":"","leverage":1.0,"is_short":false,"open_timestamp":1760166000000,"close_timestamp":1760173200000,"orders":[{"amount":1717.0,"safe_price":0.1921,"ft_order_side":"buy","order_filled_timestamp":1760166000000,"ft_is_entry":true,"ft_order_tag":"","cost":330.16553569999996},{"amount":1717.0,"safe_price":0.19534,"ft_order_side":"sell","order_filled_timestamp":1760173200000,"ft_is_entry":false,"ft_order_tag":"roi","cost":335.73417878000004}],"funding_fees":0.0,"weekday":5},{"pair":"DOGE/USDT","stake_amount":331.55064,"max_stake_amount":331.55064,"amount":1548.0,"open_date":"2025-10-13 19:00:00+00:00","close_date":"2025-10-13 21:00:00+00:00","open_rate":0.21418,"close_rate":0.21811,"fee_open":0.001,"fee_close":0.001,"trade_duration":120,"profit_ratio":0.01631438875812767,"profit_abs":5.41445508,"exit_reason":"roi","initial_stop_loss_abs":0.20348,"initial_stop_loss_ratio":-0.05,"stop_loss_abs":0.20348,"stop_loss_ratio":-0.05,"min_rate":0.21341,"max_rate":0.2183,"is_open":false,"enter_tag":"","leverage":1.0,"is_short":false,"open_timestamp":1760382000000,"close_timestamp":1760389200000,"orders":[{"amount":1548.0,"safe_price":0.21418,"ft_order_side":"buy","order_filled_timestamp":1760382000000,"ft_is_entry":true,"ft_order_tag":"","cost":331.88219064},{"amount":1548.0,"safe_price":0.21811,"ft_order_side":"sell","order_filled_timestamp":1760389200000,"ft_is_entry":false,"ft_order_tag":"roi","cost":337.97191427999996}],"funding_fees":0.0,"weekday":0},{"pair":"DOGE/USDT","stake_amount":333.333,"max_stake_amount":333.333,"amount":1638.0,"open_date":"2025-10-14 16:00:00+00:00","close_date":"2025-10-14 18:00:00+00:00","open_rate":0.2035,"close_rate":0.20390740740740737,"fee_open":0.001,"fee_close":0.001,"trade_duration":120,"profit_ratio":0.0,"profit_abs":0.0,"exit_reason":"roi","initial_stop_loss_abs":0.19333,"initial_stop_loss_ratio":-0.05,"stop_loss_abs":0.19333,"stop_loss_ratio":-0.05,"min_rate":0.19991,"max_rate":0.2071,"is_open":false,"enter_tag":"","leverage":1.0,"is_short":false,"open_timestamp":1760457600000,"close_timestamp":1760464800000,"orders":[{"amount":1638.0,"safe_price":0.2035,"ft_order_side":"buy","order_filled_timestamp":1760457600000,"ft_is_entry":true,"ft_order_tag":"","cost":333.66633299999995},{"amount":1638.0,"safe_price":0.20390740740740737,"ft_order_side":"sell","order_filled_timestamp":1760464800000,"ft_is_entry":false,"ft_order_tag":"roi","cost":334.33433366666657}],"funding_fees":0.0,"weekday":1},{"pair":"DOGE/USDT","stake_amount":333.23262,"max_stake_amount":333.23262,"amount":1757.0,"open_date":"2025-10-17 02:00:00+00:00","close_date":"2025-10-17 04:00:00+00:00","open_rate":0.18966,"close_rate":0.19033,"fee_open":0.001,"fee_close":0.001,"trade_duration":120,"profit_ratio":0.001527577136561635,"profit_abs":0.50954757,"exit_reason":"roi","initial_stop_loss_abs":0.18018,"initial_stop_loss_ratio":-0.05,"stop_loss_abs":0.18018,"stop_loss_ratio":-0.05,"min_rate":0.18819,"max_rate":0.19051,"is_open":false,"enter_tag":"","leverage":1.0,"is_short":false,"open_timestamp":1760666400000,"close_timestamp":1760673600000,"orders":[{"amount":1757.0,"safe_price":0.18966,"ft_order_side":"buy","order_filled_timestamp":1760666400000,"ft_is_entry":true,"ft_order_tag":"","cost":333.56585262},{"amount":1757.0,"safe_price":0.19033,"ft_order_side":"sell","order_filled_timestamp":1760673600000,"ft_is_entry":false,"ft_order_tag":"roi","cost":334.74421980999995}],"funding_fees":0.0,"weekday":4},{"pair":"DOGE/USDT","stake_amount":333.39012,"max_stake_amount":333.39012,"amount":1829.0,"open_date":"2025-10-17 13:00:00+00:00","close_date":"2025-10-17 15:00:00+00:00","open_rate":0.18228,"close_rate":0.1826449249249249,"fee_open":0.001,"fee_close":0.001,"trade_duration":120,"profit_ratio":0.0,"profit_abs":0.0,"exit_reason":"roi","initial_stop_loss_abs":0.17317,"initial_stop_loss_ratio":-0.05,"stop_loss_abs":0.17317,"stop_loss_ratio":-0.05,"min_rate":0.17968,"max_rate":0.18494,"is_open":false,"enter_tag":"","leverage":1.0,"is_short":false,"open_timestamp":1760706000000,"close_timestamp":1760713200000,"orders":[{"amount":1829.0,"safe_price":0.18228,"ft_order_side":"buy","order_filled_timestamp":1760706000000,"ft_is_entry":true,"ft_order_tag":"","cost":333.72351011999996},{"amount":1829.0,"safe_price":0.1826449249249249,"ft_order_side":"sell","order_filled_timestamp":1760713200000,"ft_is_entry":false,"ft_order_tag":"roi","cost":334.3916252553753}],"funding_fees":0.0,"weekday":4},{"pair":"DOGE/USDT","stake_amount":333.48072,"max_stake_amount":333.48072,"amount":1992.0,"open_date":"2025-11-04 00:00:00+00:00","close_date":"2025-11-04 02:00:00+00:00","open_rate":0.16741,"close_rate":0.17003,"fee_open":0.001,"fee_close":0.001,"trade_duration":120,"profit_ratio":0.013620928978434504,"profit_abs":4.54685952,"exit_reason":"roi","initial_stop_loss_abs":0.15904,"initial_stop_loss_ratio":-0.05,"stop_loss_abs":0.15904,"stop_loss_ratio":-0.05,"min_rate":0.16561,"max_rate":0.17045,"is_open":false,"enter_tag":"","leverage":1.0,"is_short":false,"open_timestamp":1762214400000,"close_timestamp":1762221600000,"orders":[{"amount":1992.0,"safe_price":0.16741,"ft_order_side":"buy","order_filled_timestamp":1762214400000,"ft_is_entry":true,"ft_order_tag":"","cost":333.81420072},{"amount":1992.0,"safe_price":0.17003,"ft_order_side":"sell","order_filled_timestamp":1762221600000,"ft_is_entry":false,"ft_order_tag":"roi","cost":339.0384597599999}],"funding_fees":0.0,"weekday":1},{"pair":"DOGE/USDT","stake_amount":334.97884,"max_stake_amount":334.97884,"amount":2026.0,"open_date":"2025-11-04 10:00:00+00:00","close_date":"2025-11-04 12:00:00+00:00","open_rate":0.16534,"close_rate":0.16613,"fee_open":0.001,"fee_close":0.001,"trade_duration":120,"profit_ratio":0.002770484626054966,"profit_abs":0.92898178,"exit_reason":"roi","initial_stop_loss_abs":0.15708,"initial_stop_loss_ratio":-0.05,"stop_loss_abs":0.15708,"stop_loss_ratio":-0.05,"min_rate":0.16365,"max_rate":0.16702,"is_open":false,"enter_tag":"","leverage":1.0,"is_short":false,"open_timestamp":1762250400000,"close_timestamp":1762257600000,"orders":[{"amount":2026.0,"safe_price":0.16534,"ft_order_side":"buy","order_filled_timestamp":1762250400000,"ft_is_entry":true,"ft_order_tag":"","cost":335.31381883999995},{"amount":2026.0,"safe_price":0.16613,"ft_order_side":"sell","order_filled_timestamp":1762257600000,"ft_is_entry":false,"ft_order_tag":"roi","cost":336.91595938}],"funding_fees":0.0,"weekday":1},{"pair":"DOGE/USDT","stake_amount":335.21544,"max_stake_amount":335.21544,"amount":2051.0,"open_date":"2025-11-04 23:00:00+00:00","close_date":"2025-11-05 01:00:00+00:00","open_rate":0.16344,"close_rate":0.15527,"fee_open":0.001,"fee_close":0.001,"trade_duration":120,"profit_ratio":-0.05188588944095552,"profit_abs":-17.41034421,"exit_reason":"stop_loss","initial_stop_loss_abs":0.15527,"initial_stop_loss_ratio":-0.05,"stop_loss_abs":0.15527,"stop_loss_ratio":-0.05,"min_rate":0.15456,"max_rate":0.16427,"is_open":false,"enter_tag":"","leverage":1.0,"is_short":false,"open_timestamp":1762297200000,"close_timestamp":1762304400000,"orders":[{"amount":2051.0,"safe_price":0.16344,"ft_order_side":"buy","order_filled_timestamp":1762297200000,"ft_is_entry":true,"ft_order_tag":"","cost":335.55065543999996},{"amount":2051.0,"safe_price":0.15527,"ft_order_side":"sell","order_filled_timestamp":1762304400000,"ft_is_entry":false,"ft_order_tag":"stop_loss","cost":318.7772287699999}],"funding_fees":0.0,"weekday":2},{"pair":"DOGE/USDT","stake_amount":329.589,"max_stake_amount":329.589,"amount":1950.0,"open_date":"2025-11-07 16:00:00+00:00","close_date":"2025-11-07 17:00:00+00:00","open_rate":0.16902,"close_rate":0.17781783783783786,"fee_open":0.001,"fee_close":0.001,"trade_duration":60,"profit_ratio":0.04995004995004995,"profit_abs":16.47945,"exit_reason":"roi","initial_stop_loss_abs":0.16057,"initial_stop_loss_ratio":-0.05,"stop_loss_abs":0.16057,"stop_loss_ratio":-0.05,"min_rate":0.16834,"max_rate":0.17978,"is_open":false,"enter_tag":"","leverage":1.0,"is_short":false,"open_timestamp":1762531200000,"close_timestamp":1762534800000,"orders":[{"amount":1950.0,"safe_price":0.16902,"ft_order_side":"buy","order_filled_timestamp":1762531200000,"ft_is_entry":true,"ft_order_tag":"","cost":329.91858899999994},{"amount":1950.0,"safe_price":0.17781783783783786,"ft_order_side":"sell","order_filled_timestamp":1762534800000,"ft_is_entry":false,"ft_order_tag":"roi","cost":347.09152856756754}],"funding_fees":0.0,"weekday":4},{"pair":"DOGE/USDT","stake_amount":335.03376,"max_stake_amount":335.03376,"amount":2031.0,"open_date":"2025-11-14 03:00:00+00:00","close_date":"2025-11-14 06:00:00+00:00","open_rate":0.16496,"close_rate":0.16529025025025024,"fee_open":0.001,"fee_close":0.001,"trade_duration":180,"profit_ratio":0.0,"profit_abs":0.0,"exit_reason":"roi","initial_stop_loss_abs":0.15672,"initial_stop_loss_ratio":-0.05,"stop_loss_abs":0.15672,"stop_loss_ratio":-0.05,"min_rate":0.1591,"max_rate":0.16569,"is_open":false,"enter_tag":"","leverage":1.0,"is_short":false,"open_timestamp":1763089200000,"close_timestamp":1763100000000,"orders":[{"amount":2031.0,"safe_price":0.16496,"ft_order_side":"buy","order_filled_timestamp":1763089200000,"ft_is_entry":true,"ft_order_tag":"","cost":335.36879375999996},{"amount":2031.0,"safe_price":0.16529025025025024,"ft_order_side":"sell","order_filled_timestamp":1763100000000,"ft_is_entry":false,"ft_order_tag":"roi","cost":336.04020275651646}],"funding_fees":0.0,"weekday":4},{"pair":"DOGE/USDT","stake_amount":335.059,"max_stake_amount":335.059,"amount":2060.0,"open_date":"2025-11-14 15:00:00+00:00","close_date":"2025-11-14 17:00:00+00:00","open_rate":0.16265,"close_rate":0.16401,"fee_open":0.001,"fee_close":0.001,"trade_duration":120,"profit_ratio":0.006346804133462602,"profit_abs":2.1286804,"exit_reason":"roi","initial_stop_loss_abs":0.15452,"initial_stop_loss_ratio":-0.05,"stop_loss_abs":0.15452,"stop_loss_ratio":-0.05,"min_rate":0.1609,"max_rate":0.16477,"is_open":false,"enter_tag":"","leverage":1.0,"is_short":false,"open_timestamp":1763132400000,"close_timestamp":1763139600000,"orders":[{"amount":2060.0,"safe_price":0.16265,"ft_order_side":"buy","order_filled_timestamp":1763132400000,"ft_is_entry":true,"ft_order_tag":"","cost":335.3940589999999},{"amount":2060.0,"safe_price":0.16401,"ft_order_side":"sell","order_filled_timestamp":1763139600000,"ft_is_entry":false,"ft_order_tag":"roi","cost":338.1984605999999}],"funding_fees":0.0,"weekday":4},{"pair":"DOGE/USDT","stake_amount":335.6496,"max_stake_amount":335.6496,"amount":2080.0,"open_date":"2025-11-15 02:00:00+00:00","close_date":"2025-11-15 04:00:00+00:00","open_rate":0.16137,"close_rate":0.16289,"fee_open":0.001,"fee_close":0.001,"trade_duration":120,"profit_ratio":0.007402524970846221,"profit_abs":2.4871392,"exit_reason":"roi","initial_stop_loss_abs":0.15331,"initial_stop_loss_ratio":-0.05,"stop_loss_abs":0.15331,"stop_loss_ratio":-0.05,"min_rate":0.161,"max_rate":0.16338,"is_open":false,"enter_tag":"","leverage":1.0,"is_short":false,"open_timestamp":1763172000000,"close_timestamp":1763179200000,"orders":[{"amount":2080.0,"safe_price":0.16137,"ft_order_side":"buy","order_filled_timestamp":1763172000000,"ft_is_entry":true,"ft_order_tag":"","cost":335.9852496},{"amount":2080.0,"safe_price":0.16289,"ft_order_side":"sell","order_filled_timestamp":1763179200000,"ft_is_entry":false,"ft_order_tag":"roi","cost":339.1500112}],"funding_fees":0.0,"weekday":5},{"pair":"DOGE/USDT","stake_amount":336.46432,"max_stake_amount":336.46432,"amount":2122.0,"open_date":"2025-11-17 00:00:00+00:00","close_date":"2025-11-17 02:00:00+00:00","open_rate":0.15856,"close_rate":0.15904,"fee_open":0.001,"fee_close":0.001,"trade_duration":120,"profit_ratio":0.001023194766888006,"profit_abs":0.3446128,"exit_reason":"roi","initial_stop_loss_abs":0.15064,"initial_stop_loss_ratio":-0.05,"stop_loss_abs":0.15064,"stop_loss_ratio":-0.05,"min_rate":0.157,"max_rate":0.16069,"is_open":false,"enter_tag":"","leverage":1.0,"is_short":false,"open_timestamp":1763337600000,"close_timestamp":1763344800000,"orders":[{"amount":2122.0,"safe_price":0.15856,"ft_order_side":"buy","order_filled_timestamp":1763337600000,"ft_is_entry":true,"ft_order_tag":"","cost":336.80078431999993},{"amount":2122.0,"safe_price":0.15904,"ft_order_side":"sell","order_filled_timestamp":1763344800000,"ft_is_entry":false,"ft_order_tag":"roi","cost":337.82036287999995}],"funding_fees":0.0,"weekday":0},{"pair":"DOGE/USDT","stake_amount":336.69702,"max_stake_amount":336.69702,"amount":2178.0,"open_date":"2025-11-18 04:00:00+00:00","close_date":"2025-11-18 06:00:00+00:00","open_rate":0.15459,"close_rate":0.15489948948948948,"fee_open":0.001,"fee_close":0.001,"trade_duration":120,"profit_ratio":0.0,"profit_abs":0.0,"exit_reason":"roi","initial_stop_loss_abs":0.14687,"initial_stop_loss_ratio":-0.05,"stop_loss_abs":0.14687,"stop_loss_ratio":-0.05,"min_rate":0.1522,"max_rate":0.15623,"is_open":false,"enter_tag":"","leverage":1.0,"is_short":false,"open_timestamp":1763438400000,"close_timestamp":1763445600000,"orders":[{"amount":2178.0,"safe_price":0.15459,"ft_order_side":"buy","order_filled_timestamp":1763438400000,"ft_is_entry":true,"ft_order_tag":"","cost":337.03371702},{"amount":2178.0,"safe_price":0.15489948948948948,"ft_order_side":"sell","order_filled_timestamp":1763445600000,"ft_is_entry":false,"ft_order_tag":"roi","cost":337.70845919621615}],"funding_fees":0.0,"weekday":1},{"pair":"DOGE/USDT","stake_amount":336.6237,"max_stake_amount":336.6237,"amount":2198.0,"open_date":"2025-11-19 23:00:00+00:00","close_date":"2025-11-20 01:00:00+00:00","open_rate":0.15315,"close_rate":0.15446,"fee_open":0.001,"fee_close":0.001,"trade_duration":120,"profit_ratio":0.0065386131987503196,"profit_abs":2.20325322,"exit_reason":"roi","initial_stop_loss_abs":0.1455,"initial_stop_loss_ratio":-0.05,"stop_loss_abs":0.1455,"stop_loss_ratio":-0.05,"min_rate":0.15309,"max_rate":0.15639,"is_open":false,"enter_tag":"","leverage":1.0,"is_short":false,"open_timestamp":1763593200000,"close_timestamp":1763600400000,"orders":[{"amount":2198.0,"safe_price":0.15315,"ft_order_side":"buy","order_filled_timestamp":1763593200000,"ft_is_entry":true,"ft_order_tag":"","cost":336.9603237},{"amount":2198.0,"safe_price":0.15446,"ft_order_side":"sell","order_filled_timestamp":1763600400000,"ft_is_entry":false,"ft_order_tag":"roi","cost":339.84258307999994}],"funding_fees":0.0,"weekday":3},{"pair":"DOGE/USDT","stake_amount":337.35471,"max_stake_amount":337.35471,"amount":2387.0,"open_date":"2025-11-21 15:00:00+00:00","close_date":"2025-11-21 17:00:00+00:00","open_rate":0.14133,"close_rate":0.14161294294294294,"fee_open":0.001,"fee_close":0.001,"trade_duration":120,"profit_ratio":0.0,"profit_abs":0.0,"exit_reason":"roi","initial_stop_loss_abs":0.13427,"initial_stop_loss_ratio":-0.05,"stop_loss_abs":0.13427,"stop_loss_ratio":-0.05,"min_rate":0.13575,"max_rate":0.1435,"is_open":false,"enter_tag":"","leverage":1.0,"is_short":false,"open_timestamp":1763737200000,"close_timestamp":1763744400000,"orders":[{"amount":2387.0,"safe_price":0.14133,"ft_order_side":"buy","order_filled_timestamp":1763737200000,"ft_is_entry":true,"ft_order_tag":"","cost":337.69206470999995},{"amount":2387.0,"safe_price":0.14161294294294294,"ft_order_side":"sell","order_filled_timestamp":1763744400000,"ft_is_entry":false,"ft_order_tag":"roi","cost":338.36812489960954}],"funding_fees":0.0,"weekday":4},{"pair":"DOGE/USDT","stake_amount":337.37088,"max_stake_amount":337.37088,"amount":2688.0,"open_date":"2025-12-19 04:00:00+00:00","close_date":"2025-12-19 06:00:00+00:00","open_rate":0.12551,"close_rate":0.1257612712712713,"fee_open":0.001,"fee_close":0.001,"trade_duration":120,"profit_ratio":0.0,"profit_abs":0.0,"exit_reason":"roi","initial_stop_loss_abs":0.11924,"initial_stop_loss_ratio":-0.05,"stop_loss_abs":0.11924,"stop_loss_ratio":-0.05,"min_rate":0.12539,"max_rate":0.12673,"is_open":false,"enter_tag":"","leverage":1.0,"is_short":false,"open_timestamp":1766116800000,"close_timestamp":1766124000000,"orders":[{"amount":2688.0,"safe_price":0.12551,"ft_order_side":"buy","order_filled_timestamp":1766116800000,"ft_is_entry":true,"ft_order_tag":"","cost":337.70825088000004},{"amount":2688.0,"safe_price":0.1257612712712713,"ft_order_side":"sell","order_filled_timestamp":1766124000000,"ft_is_entry":false,"ft_order_tag":"roi","cost":338.38434347435435}],"funding_fees":0.0,"weekday":4}],"locks":[],"best_pair":{"key":"DOGE/USDT","trades":17,"profit_mean":0.004026070109451701,"profit_mean_pct":0.4,"profit_total_abs":22.53048088,"profit_total":0.02253048088,"profit_total_pct":2.25,"duration_avg":"2:00:00","wins":10,"draws":6,"losses":1,"winrate":0.5882352941176471,"cagr":0.08745346113327601,"expectancy":1.325322404705883,"expectancy_ratio":-0.2768184767284053,"sortino":-100,"sharpe":0.7257205151140311,"calmar":25.903517382497657,"sqn":0.867,"profit_factor":2.2940858956171093,"max_drawdown_account":0.017131146110427122,"max_drawdown_abs":17.41034421},"worst_pair":{"key":"DOGE/USDT","trades":17,"profit_mean":0.004026070109451701,"profit_mean_pct":0.4,"profit_total_abs":22.53048088,"profit_total":0.02253048088,"profit_total_pct":2.25,"duration_avg":"2:00:00","wins":10,"draws":6,"losses":1,"winrate":0.5882352941176471,"cagr":0.08745346113327601,"expectancy":1.325322404705883,"expectancy_ratio":-0.2768184767284053,"sortino":-100,"sharpe":0.7257205151140311,"calmar":25.903517382497657,"sqn":0.867,"profit_factor":2.2940858956171093,"max_drawdown_account":0.017131146110427122,"max_drawdown_abs":17.41034421},"results_per_pair":[{"key":"DOGE/USDT","trades":17,"profit_mean":0.004026070109451701,"profit_mean_pct":0.4,"profit_total_abs":22.53048088,"profit_total":0.02253048088,"profit_total_pct":2.25,"duration_avg":"2:00:00","wins":10,"draws":6,"losses":1,"winrate":0.5882352941176471,"cagr":0.08745346113327601,"expectancy":1.325322404705883,"expectancy_ratio":-0.2768184767284053,"sortino":-100,"sharpe":0.7257205151140311,"calmar":25.903517382497657,"sqn":0.867,"profit_factor":2.2940858956171093,"max_drawdown_account":0.017131146110427122,"max_drawdown_abs":17.41034421},{"key":"TOTAL","trades":17,"profit_mean":0.004026070109451701,"profit_mean_pct":0.4,"profit_total_abs":22.53048088,"profit_total":0.02253048088,"profit_total_pct":2.25,"duration_avg":"2:00:00","wins":10,"draws":6,"losses":1,"winrate":0.5882352941176471,"cagr":0.08745346113327601,"expectancy":1.325322404705883,"expectancy_ratio":-0.2768184767284053,"sortino":-100,"sharpe":0.7257205151140311,"calmar":25.903517382497657,"sqn":0.867,"profit_factor":2.2940858956171093,"max_drawdown_account":0.017131146110427122,"max_drawdown_abs":17.41034421}],"results_per_enter_tag":[{"key":"","trades":17,"profit_mean":0.004026070109451701,"profit_mean_pct":0.4,"profit_total_abs":22.53048088,"profit_total":0.02253048088,"profit_total_pct":2.25,"duration_avg":"2:00:00","wins":10,"draws":6,"losses":1,"winrate":0.5882352941176471,"cagr":0.08745346113327601,"expectancy":1.325322404705883,"expectancy_ratio":-0.2768184767284053,"sortino":-100,"sharpe":0.7257205151140311,"calmar":25.903517382497657,"sqn":0.867,"profit_factor":2.2940858956171093,"max_drawdown_account":0.017131146110427122,"max_drawdown_abs":17.41034421},{"key":"TOTAL","trades":17,"profit_mean":0.004026070109451701,"profit_mean_pct":0.4,"profit_total_abs":22.53048088,"profit_total":0.02253048088,"profit_total_pct":2.25,"duration_avg":"2:00:00","wins":10,"draws":6,"losses":1,"winrate":0.5882352941176471,"cagr":0.08745346113327601,"expectancy":1.325322404705883,"expectancy_ratio":-0.2768184767284053,"sortino":-100,"sharpe":0.7257205151140311,"calmar":25.903517382497657,"sqn":0.867,"profit_factor":2.2940858956171093,"max_drawdown_account":0.017131146110427122,"max_drawdown_abs":17.41034421}],"exit_reason_summary":[{"key":"roi","trades":16,"profit_mean":0.007520567581352153,"profit_mean_pct":0.75,"profit_total_abs":39.940825090000004,"profit_total":0.03994082509000001,"profit_total_pct":3.99,"duration_avg":"2:00:00","wins":10,"draws":6,"losses":0,"winrate":0.625,"cagr":0.15878145770052265,"expectancy":2.4963015681250003,"expectancy_ratio":100.0,"sortino":-100,"sharpe":1.9415777997717272,"calmar":-100,"sqn":2.3862,"profit_factor":0.0,"max_drawdown_account":0.0,"max_drawdown_abs":0.0},{"key":"stop_loss","trades":1,"profit_mean":-0.05188588944095552,"profit_mean_pct":-5.19,"profit_total_abs":-17.41034421,"profit_total":-0.01741034421,"profit_total_pct":-1.74,"duration_avg":"2:00:00","wins":0,"draws":0,"losses":1,"winrate":0.0,"cagr":-0.06395353463658349,"expectancy":-17.41034421,"expectancy_ratio":-1.0,"sortino":-100,"sharpe":-100,"calmar":-19.69584863354934,"sqn":-100.0,"profit_factor":0.0,"max_drawdown_account":0.01741034420999995,"max_drawdown_abs":17.41034421},{"key":"TOTAL","trades":17,"profit_mean":0.004026070109451701,"profit_mean_pct":0.4,"profit_total_abs":22.53048088,"profit_total":0.02253048088,"profit_total_pct":2.25,"duration_avg":"2:00:00","wins":10,"draws":6,"losses":1,"winrate":0.5882352941176471,"cagr":0.08745346113327601,"expectancy":1.325322404705883,"expectancy_ratio":-0.2768184767284053,"sortino":-100,"sharpe":0.7257205151140311,"calmar":25.903517382497657,"sqn":0.867,"profit_factor":2.2940858956171093,"max_drawdown_account":0.017131146110427122,"max_drawdown_abs":17.41034421}],"mix_tag_stats":[{"key":["","roi"],"trades":16,"profit_mean":0.007520567581352153,"profit_mean_pct":0.75,"profit_total_abs":39.940825090000004,"profit_total":0.03994082509000001,"profit_total_pct":3.99,"duration_avg":"2:00:00","wins":10,"draws":6,"losses":0,"winrate":0.625,"cagr":0.15878145770052265,"expectancy":2.4963015681250003,"expectancy_ratio":100.0,"sortino":-100,"sharpe":1.9415777997717272,"calmar":-100,"sqn":2.3862,"profit_factor":0.0,"max_drawdown_account":0.0,"max_drawdown_abs":0.0},{"key":["","stop_loss"],"trades":1,"profit_mean":-0.05188588944095552,"profit_mean_pct":-5.19,"profit_total_abs":-17.41034421,"profit_total":-0.01741034421,"profit_total_pct":-1.74,"duration_avg":"2:00:00","wins":0,"draws":0,"losses":1,"winrate":0.0,"cagr":-0.06395353463658349,"expectancy":-17.41034421,"expectancy_ratio":-1.0,"sortino":-100,"sharpe":-100,"calmar":-19.69584863354934,"sqn":-100.0,"profit_factor":0.0,"max_drawdown_account":0.01741034420999995,"max_drawdown_abs":17.41034421},{"key":"TOTAL","trades":17,"profit_mean":0.004026070109451701,"profit_mean_pct":0.4,"profit_total_abs":22.53048088,"profit_total":0.02253048088,"profit_total_pct":2.25,"duration_avg":"2:00:00","wins":10,"draws":6,"losses":1,"winrate":0.5882352941176471,"cagr":0.08745346113327601,"expectancy":1.325322404705883,"expectancy_ratio":-0.2768184767284053,"sortino":-100,"sharpe":0.7257205151140311,"calmar":25.903517382497657,"sqn":0.867,"profit_factor":2.2940858956171093,"max_drawdown_account":0.017131146110427122,"max_drawdown_abs":17.41034421}],"left_open_trades":[{"key":"TOTAL","trades":0,"profit_mean":0.0,"profit_mean_pct":0.0,"profit_total_abs":0.0,"profit_total":0.0,"profit_total_pct":0.0,"duration_avg":"0:00","wins":0,"draws":0,"losses":0,"winrate":0.0,"cagr":0.0,"expectancy":0.0,"expectancy_ratio":100.0,"sortino":0,"sharpe":0,"calmar":0,"sqn":0.0,"profit_factor":0.0,"max_drawdown_account":0.0,"max_drawdown_abs":0.0}],"total_trades":17,"trade_count_long":17,"trade_count_short":0,"total_volume":11415.055925426306,"avg_stake_amount":334.4034747058824,"profit_mean":0.004026070109451701,"profit_median":0.001527577136561635,"profit_total":0.02253048088,"profit_total_long":0.02253048088,"profit_total_short":0.0,"profit_total_abs":22.53048088,"profit_total_long_abs":22.53048088,"profit_total_short_abs":0.0,"cagr":0.08745346113327601,"expectancy":1.325322404705883,"expectancy_ratio":-0.2768184767284053,"sortino":-100,"sharpe":0.7257205151140311,"calmar":25.903517382497657,"sqn":0.867,"profit_factor":2.2940858956171093,"backtest_start":"2025-10-01 00:00:00","backtest_start_ts":1759276800000,"backtest_end":"2026-01-06 20:00:00","backtest_end_ts":1767729600000,"backtest_days":97,"backtest_run_start_ts":1767743451,"backtest_run_end_ts":1767743452,"trades_per_day":0.18,"market_change":-0.36632086436227446,"pairlist":["DOGE/USDT"],"stake_amount":"unlimited","stake_currency":"USDT","stake_currency_decimals":3,"starting_balance":1000,"dry_run_wallet":1000,"final_balance":1022.53048088,"rejected_signals":0,"timedout_entry_orders":0,"timedout_exit_orders":0,"canceled_trade_entries":0,"canceled_entry_orders":0,"replaced_entry_orders":0,"max_open_trades":1,"max_open_trades_setting":3,"timeframe":"1h","timeframe_detail":"","timerange":"20251001-","enable_protections":false,"strategy_name":"ACO_31_3","freqaimodel":null,"freqai_identifier":null,"stoploss":-0.05,"trailing_stop":false,"trailing_stop_positive":null,"trailing_stop_positive_offset":0.0,"trailing_only_offset_is_reached":false,"use_custom_stoploss":false,"minimal_roi":{"0":0.1,"60":0.05,"120":0.0},"use_exit_signal":true,"exit_profit_only":false,"exit_profit_offset":0.0,"ignore_roi_if_entry_signal":false,"trading_mode":"spot","margin_mode":"","periodic_breakdown":{"day":[{"date":"11/10/2025","date_ts":1760140800000,"profit_abs":4.89784552,"wins":1,"draws":0,"losses":0,"trades":1,"profit_factor":0.0},{"date":"12/10/2025","date_ts":1760227200000,"profit_abs":0.0,"wins":0,"draws":0,"losses":0,"trades":0,"profit_factor":0.0},{"date":"13/10/2025","date_ts":1760313600000,"profit_abs":5.41445508,"wins":1,"draws":0,"losses":0,"trades":1,"profit_factor":0.0},{"date":"14/10/2025","date_ts":1760400000000,"profit_abs":0.0,"wins":0,"draws":1,"losses":0,"trades":1,"profit_factor":0.0},{"date":"15/10/2025","date_ts":1760486400000,"profit_abs":0.0,"wins":0,"draws":0,"losses":0,"trades":0,"profit_factor":0.0},{"date":"16/10/2025","date_ts":1760572800000,"profit_abs":0.0,"wins":0,"draws":0,"losses":0,"trades":0,"profit_factor":0.0},{"date":"17/10/2025","date_ts":1760659200000,"profit_abs":0.50954757,"wins":1,"draws":1,"losses":0,"trades":2,"profit_factor":0.0},{"date":"18/10/2025","date_ts":1760745600000,"profit_abs":0.0,"wins":0,"draws":0,"losses":0,"trades":0,"profit_factor":0.0},{"date":"19/10/2025","date_ts":1760832000000,"profit_abs":0.0,"wins":0,"draws":0,"losses":0,"trades":0,"profit_factor":0.0},{"date":"20/10/2025","date_ts":1760918400000,"profit_abs":0.0,"wins":0,"draws":0,"losses":0,"trades":0,"profit_factor":0.0},{"date":"21/10/2025","date_ts":1761004800000,"profit_abs":0.0,"wins":0,"draws":0,"losses":0,"trades":0,"profit_factor":0.0},{"date":"22/10/2025","date_ts":1761091200000,"profit_abs":0.0,"wins":0,"draws":0,"losses":0,"trades":0,"profit_factor":0.0},{"date":"23/10/2025","date_ts":1761177600000,"profit_abs":0.0,"wins":0,"draws":0,"losses":0,"trades":0,"profit_factor":0.0},{"date":"24/10/2025","date_ts":1761264000000,"profit_abs":0.0,"wins":0,"draws":0,"losses":0,"trades":0,"profit_factor":0.0},{"date":"25/10/2025","date_ts":1761350400000,"profit_abs":0.0,"wins":0,"draws":0,"losses":0,"trades":0,"profit_factor":0.0},{"date":"26/10/2025","date_ts":1761436800000,"profit_abs":0.0,"wins":0,"draws":0,"losses":0,"trades":0,"profit_factor":0.0},{"date":"27/10/2025","date_ts":1761523200000,"profit_abs":0.0,"wins":0,"draws":0,"losses":0,"trades":0,"profit_factor":0.0},{"date":"28/10/2025","date_ts":1761609600000,"profit_abs":0.0,"wins":0,"draws":0,"losses":0,"trades":0,"profit_factor":0.0},{"date":"29/10/2025","date_ts":1761696000000,"profit_abs":0.0,"wins":0,"draws":0,"losses":0,"trades":0,"profit_factor":0.0},{"date":"30/10/2025","date_ts":1761782400000,"profit_abs":0.0,"wins":0,"draws":0,"losses":0,"trades":0,"profit_factor":0.0},{"date":"31/10/2025","date_ts":1761868800000,"profit_abs":0.0,"wins":0,"draws":0,"losses":0,"trades":0,"profit_factor":0.0},{"date":"01/11/2025","date_ts":1761955200000,"profit_abs":0.0,"wins":0,"draws":0,"losses":0,"trades":0,"profit_factor":0.0},{"date":"02/11/2025","date_ts":1762041600000,"profit_abs":0.0,"wins":0,"draws":0,"losses":0,"trades":0,"profit_factor":0.0},{"date":"03/11/2025","date_ts":1762128000000,"profit_abs":0.0,"wins":0,"draws":0,"losses":0,"trades":0,"profit_factor":0.0},{"date":"04/11/2025","date_ts":1762214400000,"profit_abs":5.4758413,"wins":2,"draws":0,"losses":0,"trades":2,"profit_factor":0.0},{"date":"05/11/2025","date_ts":1762300800000,"profit_abs":-17.41034421,"wins":0,"draws":0,"losses":1,"trades":1,"profit_factor":0.0},{"date":"06/11/2025","date_ts":1762387200000,"profit_abs":0.0,"wins":0,"draws":0,"losses":0,"trades":0,"profit_factor":0.0},{"date":"07/11/2025","date_ts":1762473600000,"profit_abs":16.47945,"wins":1,"draws":0,"losses":0,"trades":1,"profit_factor":0.0},{"date":"08/11/2025","date_ts":1762560000000,"profit_abs":0.0,"wins":0,"draws":0,"losses":0,"trades":0,"profit_factor":0.0},{"date":"09/11/2025","date_ts":1762646400000,"profit_abs":0.0,"wins":0,"draws":0,"losses":0,"trades":0,"profit_factor":0.0},{"date":"10/11/2025","date_ts":1762732800000,"profit_abs":0.0,"wins":0,"draws":0,"losses":0,"trades":0,"profit_factor":0.0},{"date":"11/11/2025","date_ts":1762819200000,"profit_abs":0.0,"wins":0,"draws":0,"losses":0,"trades":0,"profit_factor":0.0},{"date":"12/11/2025","date_ts":1762905600000,"profit_abs":0.0,"wins":0,"draws":0,"losses":0,"trades":0,"profit_factor":0.0},{"date":"13/11/2025","date_ts":1762992000000,"profit_abs":0.0,"wins":0,"draws":0,"losses":0,"trades":0,"profit_factor":0.0},{"date":"14/11/2025","date_ts":1763078400000,"profit_abs":2.1286804,"wins":1,"draws":1,"losses":0,"trades":2,"profit_factor":0.0},{"date":"15/11/2025","date_ts":1763164800000,"profit_abs":2.4871392,"wins":1,"draws":0,"losses":0,"trades":1,"profit_factor":0.0},{"date":"16/11/2025","date_ts":1763251200000,"profit_abs":0.0,"wins":0,"draws":0,"losses":0,"trades":0,"profit_factor":0.0},{"date":"17/11/2025","date_ts":1763337600000,"profit_abs":0.3446128,"wins":1,"draws":0,"losses":0,"trades":1,"profit_factor":0.0},{"date":"18/11/2025","date_ts":1763424000000,"profit_abs":0.0,"wins":0,"draws":1,"losses":0,"trades":1,"profit_factor":0.0},{"date":"19/11/2025","date_ts":1763510400000,"profit_abs":0.0,"wins":0,"draws":0,"losses":0,"trades":0,"profit_factor":0.0},{"date":"20/11/2025","date_ts":1763596800000,"profit_abs":2.20325322,"wins":1,"draws":0,"losses":0,"trades":1,"profit_factor":0.0},{"date":"21/11/2025","date_ts":1763683200000,"profit_abs":0.0,"wins":0,"draws":1,"losses":0,"trades":1,"profit_factor":0.0},{"date":"22/11/2025","date_ts":1763769600000,"profit_abs":0.0,"wins":0,"draws":0,"losses":0,"trades":0,"profit_factor":0.0},{"date":"23/11/2025","date_ts":1763856000000,"profit_abs":0.0,"wins":0,"draws":0,"losses":0,"trades":0,"profit_factor":0.0},{"date":"24/11/2025","date_ts":1763942400000,"profit_abs":0.0,"wins":0,"draws":0,"losses":0,"trades":0,"profit_factor":0.0},{"date":"25/11/2025","date_ts":1764028800000,"profit_abs":0.0,"wins":0,"draws":0,"losses":0,"trades":0,"profit_factor":0.0},{"date":"26/11/2025","date_ts":1764115200000,"profit_abs":0.0,"wins":0,"draws":0,"losses":0,"trades":0,"profit_factor":0.0},{"date":"27/11/2025","date_ts":1764201600000,"profit_abs":0.0,"wins":0,"draws":0,"losses":0,"trades":0,"profit_factor":0.0},{"date":"28/11/2025","date_ts":1764288000000,"profit_abs":0.0,"wins":0,"draws":0,"losses":0,"trades":0,"profit_factor":0.0},{"date":"29/11/2025","date_ts":1764374400000,"profit_abs":0.0,"wins":0,"draws":0,"losses":0,"trades":0,"profit_factor":0.0},{"date":"30/11/2025","date_ts":1764460800000,"profit_abs":0.0,"wins":0,"draws":0,"losses":0,"trades":0,"profit_factor":0.0},{"date":"01/12/2025","date_ts":1764547200000,"profit_abs":0.0,"wins":0,"draws":0,"losses":0,"trades":0,"profit_factor":0.0},{"date":"02/12/2025","date_ts":1764633600000,"profit_abs":0.0,"wins":0,"draws":0,"losses":0,"trades":0,"profit_factor":0.0},{"date":"03/12/2025","date_ts":1764720000000,"profit_abs":0.0,"wins":0,"draws":0,"losses":0,"trades":0,"profit_factor":0.0},{"date":"04/12/2025","date_ts":1764806400000,"profit_abs":0.0,"wins":0,"draws":0,"losses":0,"trades":0,"profit_factor":0.0},{"date":"05/12/2025","date_ts":1764892800000,"profit_abs":0.0,"wins":0,"draws":0,"losses":0,"trades":0,"profit_factor":0.0},{"date":"06/12/2025","date_ts":1764979200000,"profit_abs":0.0,"wins":0,"draws":0,"losses":0,"trades":0,"profit_factor":0.0},{"date":"07/12/2025","date_ts":1765065600000,"profit_abs":0.0,"wins":0,"draws":0,"losses":0,"trades":0,"profit_factor":0.0},{"date":"08/12/2025","date_ts":1765152000000,"profit_abs":0.0,"wins":0,"draws":0,"losses":0,"trades":0,"profit_factor":0.0},{"date":"09/12/2025","date_ts":1765238400000,"profit_abs":0.0,"wins":0,"draws":0,"losses":0,"trades":0,"profit_factor":0.0},{"date":"10/12/2025","date_ts":1765324800000,"profit_abs":0.0,"wins":0,"draws":0,"losses":0,"trades":0,"profit_factor":0.0},{"date":"11/12/2025","date_ts":1765411200000,"profit_abs":0.0,"wins":0,"draws":0,"losses":0,"trades":0,"profit_factor":0.0},{"date":"12/12/2025","date_ts":1765497600000,"profit_abs":0.0,"wins":0,"draws":0,"losses":0,"trades":0,"profit_factor":0.0},{"date":"13/12/2025","date_ts":1765584000000,"profit_abs":0.0,"wins":0,"draws":0,"losses":0,"trades":0,"profit_factor":0.0},{"date":"14/12/2025","date_ts":1765670400000,"profit_abs":0.0,"wins":0,"draws":0,"losses":0,"trades":0,"profit_factor":0.0},{"date":"15/12/2025","date_ts":1765756800000,"profit_abs":0.0,"wins":0,"draws":0,"losses":0,"trades":0,"profit_factor":0.0},{"date":"16/12/2025","date_ts":1765843200000,"profit_abs":0.0,"wins":0,"draws":0,"losses":0,"trades":0,"profit_factor":0.0},{"date":"17/12/2025","date_ts":1765929600000,"profit_abs":0.0,"wins":0,"draws":0,"losses":0,"trades":0,"profit_factor":0.0},{"date":"18/12/2025","date_ts":1766016000000,"profit_abs":0.0,"wins":0,"draws":0,"losses":0,"trades":0,"profit_factor":0.0},{"date":"19/12/2025","date_ts":1766102400000,"profit_abs":0.0,"wins":0,"draws":1,"losses":0,"trades":1,"profit_factor":0.0}],"week":[{"date":"13/10/2025","date_ts":1760313600000,"profit_abs":10.3123006,"wins":2,"draws":0,"losses":0,"trades":2,"profit_factor":0.0},{"date":"20/10/2025","date_ts":1760918400000,"profit_abs":0.50954757,"wins":1,"draws":2,"losses":0,"trades":3,"profit_factor":0.0},{"date":"27/10/2025","date_ts":1761523200000,"profit_abs":0.0,"wins":0,"draws":0,"losses":0,"trades":0,"profit_factor":0.0},{"date":"03/11/2025","date_ts":1762128000000,"profit_abs":0.0,"wins":0,"draws":0,"losses":0,"trades":0,"profit_factor":0.0},{"date":"10/11/2025","date_ts":1762732800000,"profit_abs":4.54494709,"wins":3,"draws":0,"losses":1,"trades":4,"profit_factor":1.26104866},{"date":"17/11/2025","date_ts":1763337600000,"profit_abs":4.9604324,"wins":3,"draws":1,"losses":0,"trades":4,"profit_factor":0.0},{"date":"24/11/2025","date_ts":1763942400000,"profit_abs":2.20325322,"wins":1,"draws":2,"losses":0,"trades":3,"profit_factor":0.0},{"date":"01/12/2025","date_ts":1764547200000,"profit_abs":0.0,"wins":0,"draws":0,"losses":0,"trades":0,"profit_factor":0.0},{"date":"08/12/2025","date_ts":1765152000000,"profit_abs":0.0,"wins":0,"draws":0,"losses":0,"trades":0,"profit_factor":0.0},{"date":"15/12/2025","date_ts":1765756800000,"profit_abs":0.0,"wins":0,"draws":0,"losses":0,"trades":0,"profit_factor":0.0},{"date":"22/12/2025","date_ts":1766361600000,"profit_abs":0.0,"wins":0,"draws":1,"losses":0,"trades":1,"profit_factor":0.0}],"month":[{"date":"31/10/2025","date_ts":1761868800000,"profit_abs":10.82184817,"wins":3,"draws":2,"losses":0,"trades":5,"profit_factor":0.0},{"date":"30/11/2025","date_ts":1764460800000,"profit_abs":11.70863271,"wins":7,"draws":3,"losses":1,"trades":11,"profit_factor":1.67251012},{"date":"31/12/2025","date_ts":1767139200000,"profit_abs":0.0,"wins":0,"draws":1,"losses":0,"trades":1,"profit_factor":0.0}],"year":[{"date":"31/12/2025","date_ts":1767139200000,"profit_abs":22.53048088,"wins":10,"draws":6,"losses":1,"trades":17,"profit_factor":2.2940859}],"weekday":[{"date":"Monday","date_ts":0,"profit_abs":5.75906788,"wins":2,"draws":0,"losses":0,"trades":2,"profit_factor":0.0},{"date":"Tuesday","date_ts":1,"profit_abs":5.4758413,"wins":2,"draws":2,"losses":0,"trades":4,"profit_factor":0.0},{"date":"Wednesday","date_ts":2,"profit_abs":-17.41034421,"wins":0,"draws":0,"losses":1,"trades":1,"profit_factor":0.0},{"date":"Thursday","date_ts":3,"profit_abs":2.20325322,"wins":1,"draws":0,"losses":0,"trades":1,"profit_factor":0.0},{"date":"Friday","date_ts":4,"profit_abs":19.11767797,"wins":3,"draws":4,"losses":0,"trades":7,"profit_factor":0.0},{"date":"Saturday","date_ts":5,"profit_abs":7.38498472,"wins":2,"draws":0,"losses":0,"trades":2,"profit_factor":0.0}]},"backtest_best_day":0.04995004995004995,"backtest_worst_day":-0.05188588944095552,"backtest_best_day_abs":16.47945,"backtest_worst_day_abs":-17.41034421,"winning_days":9,"draw_days":60,"losing_days":1,"daily_profit":[["2025-10-11",4.89784552],["2025-10-12",0.0],["2025-10-13",5.41445508],["2025-10-14",0.0],["2025-10-15",0.0],["2025-10-16",0.0],["2025-10-17",0.50954757],["2025-10-18",0.0],["2025-10-19",0.0],["2025-10-20",0.0],["2025-10-21",0.0],["2025-10-22",0.0],["2025-10-23",0.0],["2025-10-24",0.0],["2025-10-25",0.0],["2025-10-26",0.0],["2025-10-27",0.0],["2025-10-28",0.0],["2025-10-29",0.0],["2025-10-30",0.0],["2025-10-31",0.0],["2025-11-01",0.0],["2025-11-02",0.0],["2025-11-03",0.0],["2025-11-04",5.4758413],["2025-11-05",-17.41034421],["2025-11-06",0.0],["2025-11-07",16.47945],["2025-11-08",0.0],["2025-11-09",0.0],["2025-11-10",0.0],["2025-11-11",0.0],["2025-11-12",0.0],["2025-11-13",0.0],["2025-11-14",2.1286804],["2025-11-15",2.4871392],["2025-11-16",0.0],["2025-11-17",0.3446128],["2025-11-18",0.0],["2025-11-19",0.0],["2025-11-20",2.20325322],["2025-11-21",0.0],["2025-11-22",0.0],["2025-11-23",0.0],["2025-11-24",0.0],["2025-11-25",0.0],["2025-11-26",0.0],["2025-11-27",0.0],["2025-11-28",0.0],["2025-11-29",0.0],["2025-11-30",0.0],["2025-12-01",0.0],["2025-12-02",0.0],["2025-12-03",0.0],["2025-12-04",0.0],["2025-12-05",0.0],["2025-12-06",0.0],["2025-12-07",0.0],["2025-12-08",0.0],["2025-12-09",0.0],["2025-12-10",0.0],["2025-12-11",0.0],["2025-12-12",0.0],["2025-12-13",0.0],["2025-12-14",0.0],["2025-12-15",0.0],["2025-12-16",0.0],["2025-12-17",0.0],["2025-12-18",0.0],["2025-12-19",0.0]],"wins":10,"losses":1,"draws":6,"winrate":0.5882352941176471,"holding_avg":"2:00:00","holding_avg_s":7200.0,"winner_holding_min":"0d 01:00","winner_holding_min_s":3600.0,"winner_holding_max":"0d 02:00","winner_holding_max_s":7200.0,"winner_holding_avg":"0d 01:54","winner_holding_avg_s":6840.0,"loser_holding_min":"0d 02:00","loser_holding_min_s":7200.0,"loser_holding_max":"0d 02:00","loser_holding_max_s":7200.0,"loser_holding_avg":"0d 02:00","loser_holding_avg_s":7200.0,"max_consecutive_wins":3,"max_consecutive_losses":2,"max_drawdown_account":0.017131146110427122,"max_relative_drawdown":0.017131146110427122,"max_drawdown_abs":17.41034421,"drawdown_start":"2025-11-04 12:00:00","drawdown_start_ts":1762257600000.0,"drawdown_end":"2025-11-05 01:00:00","drawdown_end_ts":1762304400000.0,"drawdown_duration":"0 days 13:00:00","drawdown_duration_s":46800.0,"max_drawdown_low":-1.11265474,"max_drawdown_high":16.29768947,"csum_min":998.88734526,"csum_max":1022.53048088}},"strategy_comparison":[{"key":"ACO_31_3","trades":17,"profit_mean":0.004026070109451701,"profit_mean_pct":0.4,"profit_total_abs":22.53048088,"profit_total":0.02253048088,"profit_total_pct":2.25,"duration_avg":"2:00:00","wins":10,"draws":6,"losses":1,"winrate":0.5882352941176471,"cagr":0.08745346113327601,"expectancy":1.325322404705883,"expectancy_ratio":-0.2768184767284053,"sortino":-100,"sharpe":0.7257205151140311,"calmar":25.903517382497657,"sqn":0.867,"profit_factor":2.2940858956171093,"max_drawdown_account":0.017131146110427122,"max_drawdown_abs":"17.41"}]}