{"strategy":{"ACO_82_5":{"trades":[{"pair":"DOGE/USDT","stake_amount":329.90574,"max_stake_amount":329.90574,"amount":1653.0,"open_date":"2025-10-26 10:00:00+00:00","close_date":"2025-10-26 12:00:00+00:00","open_rate":0.19958,"close_rate":0.20183,"fee_open":0.001,"fee_close":0.001,"trade_duration":120,"profit_ratio":0.009253147894294302,"profit_abs":3.05571927,"exit_reason":"roi","initial_stop_loss_abs":0.18961,"initial_stop_loss_ratio":-0.05,"stop_loss_abs":0.18961,"stop_loss_ratio":-0.05,"min_rate":0.19833,"max_rate":0.20286,"is_open":false,"enter_tag":"","leverage":1.0,"is_short":false,"open_timestamp":1761472800000,"close_timestamp":1761480000000,"orders":[{"amount":1653.0,"safe_price":0.19958,"ft_order_side":"buy","order_filled_timestamp":1761472800000,"ft_is_entry":true,"ft_order_tag":"","cost":330.23564574},{"amount":1653.0,"safe_price":0.20183,"ft_order_side":"sell","order_filled_timestamp":1761480000000,"ft_is_entry":false,"ft_order_tag":"roi","cost":333.95861499}],"funding_fees":0.0,"weekday":6},{"pair":"DOGE/USDT","stake_amount":330.9509,"max_stake_amount":330.9509,"amount":2030.0,"open_date":"2025-11-07 01:00:00+00:00","close_date":"2025-11-07 03:00:00+00:00","open_rate":0.16303,"close_rate":0.16414,"fee_open":0.001,"fee_close":0.001,"trade_duration":120,"profit_ratio":0.004796957321032644,"profit_abs":1.5891449,"exit_reason":"roi","initial_stop_loss_abs":0.15488,"initial_stop_loss_ratio":-0.05,"stop_loss_abs":0.15488,"stop_loss_ratio":-0.05,"min_rate":0.16095,"max_rate":0.16509,"is_open":false,"enter_tag":"","leverage":1.0,"is_short":false,"open_timestamp":1762477200000,"close_timestamp":1762484400000,"orders":[{"amount":2030.0,"safe_price":0.16303,"ft_order_side":"buy","order_filled_timestamp":1762477200000,"ft_is_entry":true,"ft_order_tag":"","cost":331.28185089999994},{"amount":2030.0,"safe_price":0.16414,"ft_order_side":"sell","order_filled_timestamp":1762484400000,"ft_is_entry":false,"ft_order_tag":"roi","cost":333.53740419999997}],"funding_fees":0.0,"weekday":4},{"pair":"DOGE/USDT","stake_amount":331.44822,"max_stake_amount":331.44822,"amount":1961.0,"open_date":"2025-11-07 16:00:00+00:00","close_date":"2025-11-07 17:00:00+00:00","open_rate":0.16902,"close_rate":0.17781783783783786,"fee_open":0.001,"fee_close":0.001,"trade_duration":60,"profit_ratio":0.049950049950049945,"profit_abs":16.572411,"exit_reason":"roi","initial_stop_loss_abs":0.16057,"initial_stop_loss_ratio":-0.05,"stop_loss_abs":0.16057,"stop_loss_ratio":-0.05,"min_rate":0.16834,"max_rate":0.17978,"is_open":false,"enter_tag":"","leverage":1.0,"is_short":false,"open_timestamp":1762531200000,"close_timestamp":1762534800000,"orders":[{"amount":1961.0,"safe_price":0.16902,"ft_order_side":"buy","order_filled_timestamp":1762531200000,"ft_is_entry":true,"ft_order_tag":"","cost":331.77966821999996},{"amount":1961.0,"safe_price":0.17781783783783786,"ft_order_side":"sell","order_filled_timestamp":1762534800000,"ft_is_entry":false,"ft_order_tag":"roi","cost":349.04948078}],"funding_fees":0.0,"weekday":4},{"pair":"DOGE/USDT","stake_amount":336.8793,"max_stake_amount":336.8793,"amount":1913.0,"open_date":"2025-11-09 14:00:00+00:00","close_date":"2025-11-09 16:00:00+00:00","open_rate":0.1761,"close_rate":0.17807,"fee_open":0.001,"fee_close":0.001,"trade_duration":120,"profit_ratio":0.009166472369198092,"profit_abs":3.09108279,"exit_reason":"roi","initial_stop_loss_abs":0.1673,"initial_stop_loss_ratio":-0.05,"stop_loss_abs":0.1673,"stop_loss_ratio":-0.05,"min_rate":0.17501,"max_rate":0.17961,"is_open":false,"enter_tag":"","leverage":1.0,"is_short":false,"open_timestamp":1762696800000,"close_timestamp":1762704000000,"orders":[{"amount":1913.0,"safe_price":0.1761,"ft_order_side":"buy","order_filled_timestamp":1762696800000,"ft_is_entry":true,"ft_order_tag":"","cost":337.21617929999996},{"amount":1913.0,"safe_price":0.17807,"ft_order_side":"sell","order_filled_timestamp":1762704000000,"ft_is_entry":false,"ft_order_tag":"roi","cost":340.98855791}],"funding_fees":0.0,"weekday":6},{"pair":"DOGE/USDT","stake_amount":337.8804,"max_stake_amount":337.8804,"amount":2148.0,"open_date":"2025-11-18 09:00:00+00:00","close_date":"2025-11-18 12:00:00+00:00","open_rate":0.1573,"close_rate":0.1576149149149149,"fee_open":0.001,"fee_close":0.001,"trade_duration":180,"profit_ratio":0.0,"profit_abs":0.0,"exit_reason":"roi","initial_stop_loss_abs":0.14944,"initial_stop_loss_ratio":-0.05,"stop_loss_abs":0.14944,"stop_loss_ratio":-0.05,"min_rate":0.15629,"max_rate":0.15787,"is_open":false,"enter_tag":"","leverage":1.0,"is_short":false,"open_timestamp":1763456400000,"close_timestamp":1763467200000,"orders":[{"amount":2148.0,"safe_price":0.1573,"ft_order_side":"buy","order_filled_timestamp":1763456400000,"ft_is_entry":true,"ft_order_tag":"","cost":338.21828039999997},{"amount":2148.0,"safe_price":0.1576149149149149,"ft_order_side":"sell","order_filled_timestamp":1763467200000,"ft_is_entry":false,"ft_order_tag":"roi","cost":338.8953940744744}],"funding_fees":0.0,"weekday":1},{"pair":"DOGE/USDT","stake_amount":337.98842,"max_stake_amount":337.98842,"amount":2222.0,"open_date":"2025-11-24 18:00:00+00:00","close_date":"2025-11-24 20:00:00+00:00","open_rate":0.15211,"close_rate":0.15249,"fee_open":0.001,"fee_close":0.001,"trade_duration":120,"profit_ratio":0.0004951987070191001,"profit_abs":0.1675388,"exit_reason":"roi","initial_stop_loss_abs":0.14451,"initial_stop_loss_ratio":-0.05,"stop_loss_abs":0.14451,"stop_loss_ratio":-0.05,"min_rate":0.15174,"max_rate":0.15397,"is_open":false,"enter_tag":"","leverage":1.0,"is_short":false,"open_timestamp":1764007200000,"close_timestamp":1764014400000,"orders":[{"amount":2222.0,"safe_price":0.15211,"ft_order_side":"buy","order_filled_timestamp":1764007200000,"ft_is_entry":true,"ft_order_tag":"","cost":338.32640841999995},{"amount":2222.0,"safe_price":0.15249,"ft_order_side":"sell","order_filled_timestamp":1764014400000,"ft_is_entry":false,"ft_order_tag":"roi","cost":339.1716127799999}],"funding_fees":0.0,"weekday":0},{"pair":"DOGE/USDT","stake_amount":337.9341,"max_stake_amount":337.9341,"amount":2170.0,"open_date":"2025-11-26 18:00:00+00:00","close_date":"2025-11-26 20:00:00+00:00","open_rate":0.15573,"close_rate":0.15604177177177178,"fee_open":0.001,"fee_close":0.001,"trade_duration":120,"profit_ratio":0.0,"profit_abs":0.0,"exit_reason":"roi","initial_stop_loss_abs":0.14795,"initial_stop_loss_ratio":-0.05,"stop_loss_abs":0.14795,"stop_loss_ratio":-0.05,"min_rate":0.15507,"max_rate":0.15681,"is_open":false,"enter_tag":"","leverage":1.0,"is_short":false,"open_timestamp":1764180000000,"close_timestamp":1764187200000,"orders":[{"amount":2170.0,"safe_price":0.15573,"ft_order_side":"buy","order_filled_timestamp":1764180000000,"ft_is_entry":true,"ft_order_tag":"","cost":338.2720341},{"amount":2170.0,"safe_price":0.15604177177177178,"ft_order_side":"sell","order_filled_timestamp":1764187200000,"ft_is_entry":false,"ft_order_tag":"roi","cost":338.9492553894895}],"funding_fees":0.0,"weekday":2},{"pair":"DOGE/USDT","stake_amount":337.953,"max_stake_amount":337.953,"amount":2310.0,"open_date":"2025-12-09 16:00:00+00:00","close_date":"2025-12-09 18:00:00+00:00","open_rate":0.1463,"close_rate":0.15095,"fee_open":0.001,"fee_close":0.001,"trade_duration":120,"profit_ratio":0.029722498963783997,"profit_abs":10.0548525,"exit_reason":"roi","initial_stop_loss_abs":0.13899,"initial_stop_loss_ratio":-0.05,"stop_loss_abs":0.13899,"stop_loss_ratio":-0.05,"min_rate":0.1463,"max_rate":0.15319,"is_open":false,"enter_tag":"","leverage":1.0,"is_short":false,"open_timestamp":1765296000000,"close_timestamp":1765303200000,"orders":[{"amount":2310.0,"safe_price":0.1463,"ft_order_side":"buy","order_filled_timestamp":1765296000000,"ft_is_entry":true,"ft_order_tag":"","cost":338.290953},{"amount":2310.0,"safe_price":0.15095,"ft_order_side":"sell","order_filled_timestamp":1765303200000,"ft_is_entry":false,"ft_order_tag":"roi","cost":349.04319449999997}],"funding_fees":0.0,"weekday":1},{"pair":"DOGE/USDT","stake_amount":341.30896,"max_stake_amount":341.30896,"amount":2608.0,"open_date":"2025-12-16 11:00:00+00:00","close_date":"2025-12-16 13:00:00+00:00","open_rate":0.13087,"close_rate":0.13139,"fee_open":0.001,"fee_close":0.001,"trade_duration":120,"profit_ratio":0.0019674678496409987,"profit_abs":0.67218592,"exit_reason":"roi","initial_stop_loss_abs":0.12433,"initial_stop_loss_ratio":-0.05,"stop_loss_abs":0.12433,"stop_loss_ratio":-0.05,"min_rate":0.12975,"max_rate":0.13263,"is_open":false,"enter_tag":"","leverage":1.0,"is_short":false,"open_timestamp":1765882800000,"close_timestamp":1765890000000,"orders":[{"amount":2608.0,"safe_price":0.13087,"ft_order_side":"buy","order_filled_timestamp":1765882800000,"ft_is_entry":true,"ft_order_tag":"","cost":341.6502689599999},{"amount":2608.0,"safe_price":0.13139,"ft_order_side":"sell","order_filled_timestamp":1765890000000,"ft_is_entry":false,"ft_order_tag":"roi","cost":343.00778511999994}],"funding_fees":0.0,"weekday":1},{"pair":"DOGE/USDT","stake_amount":341.52426,"max_stake_amount":341.52426,"amount":2706.0,"open_date":"2025-12-26 14:00:00+00:00","close_date":"2025-12-28 20:00:00+00:00","open_rate":0.12621,"close_rate":0.12346,"fee_open":0.001,"fee_close":0.001,"trade_duration":3240,"profit_ratio":-0.023743549058500332,"profit_abs":-8.11710702,"exit_reason":"exit_signal","initial_stop_loss_abs":0.1199,"initial_stop_loss_ratio":-0.05,"stop_loss_abs":0.1199,"stop_loss_ratio":-0.05,"min_rate":0.12064,"max_rate":0.12626,"is_open":false,"enter_tag":"","leverage":1.0,"is_short":false,"open_timestamp":1766757600000,"close_timestamp":1766952000000,"orders":[{"amount":2706.0,"safe_price":0.12621,"ft_order_side":"buy","order_filled_timestamp":1766757600000,"ft_is_entry":true,"ft_order_tag":"","cost":341.86578425999994},{"amount":2706.0,"safe_price":0.12346,"ft_order_side":"sell","order_filled_timestamp":1766952000000,"ft_is_entry":false,"ft_order_tag":"exit_signal","cost":334.41684275999995}],"funding_fees":0.0,"weekday":6}],"locks":[],"best_pair":{"key":"DOGE/USDT","trades":10,"profit_mean":0.008160824399651875,"profit_mean_pct":0.82,"profit_total_abs":27.085828160000005,"profit_total":0.027085828160000006,"profit_total_pct":2.71,"duration_avg":"7:12:00","wins":7,"draws":2,"losses":1,"winrate":0.7,"cagr":0.10579554115609335,"expectancy":2.7085828159999994,"expectancy_ratio":0.13368819818763455,"sortino":-100,"sharpe":0.8540677826863607,"calmar":68.03635516036596,"sqn":1.3009,"profit_factor":4.3368819818763455,"max_drawdown_account":0.007841078057403937,"max_drawdown_abs":8.117107019999999},"worst_pair":{"key":"DOGE/USDT","trades":10,"profit_mean":0.008160824399651875,"profit_mean_pct":0.82,"profit_total_abs":27.085828160000005,"profit_total":0.027085828160000006,"profit_total_pct":2.71,"duration_avg":"7:12:00","wins":7,"draws":2,"losses":1,"winrate":0.7,"cagr":0.10579554115609335,"expectancy":2.7085828159999994,"expectancy_ratio":0.13368819818763455,"sortino":-100,"sharpe":0.8540677826863607,"calmar":68.03635516036596,"sqn":1.3009,"profit_factor":4.3368819818763455,"max_drawdown_account":0.007841078057403937,"max_drawdown_abs":8.117107019999999},"results_per_pair":[{"key":"DOGE/USDT","trades":10,"profit_mean":0.008160824399651875,"profit_mean_pct":0.82,"profit_total_abs":27.085828160000005,"profit_total":0.027085828160000006,"profit_total_pct":2.71,"duration_avg":"7:12:00","wins":7,"draws":2,"losses":1,"winrate":0.7,"cagr":0.10579554115609335,"expectancy":2.7085828159999994,"expectancy_ratio":0.13368819818763455,"sortino":-100,"sharpe":0.8540677826863607,"calmar":68.03635516036596,"sqn":1.3009,"profit_factor":4.3368819818763455,"max_drawdown_account":0.007841078057403937,"max_drawdown_abs":8.117107019999999},{"key":"TOTAL","trades":10,"profit_mean":0.008160824399651875,"profit_mean_pct":0.82,"profit_total_abs":27.085828160000005,"profit_total":0.027085828160000006,"profit_total_pct":2.71,"duration_avg":"7:12:00","wins":7,"draws":2,"losses":1,"winrate":0.7,"cagr":0.10579554115609335,"expectancy":2.7085828159999994,"expectancy_ratio":0.13368819818763455,"sortino":-100,"sharpe":0.8540677826863607,"calmar":68.03635516036596,"sqn":1.3009,"profit_factor":4.3368819818763455,"max_drawdown_account":0.007841078057403937,"max_drawdown_abs":8.117107019999999}],"results_per_enter_tag":[{"key":"","trades":10,"profit_mean":0.008160824399651875,"profit_mean_pct":0.82,"profit_total_abs":27.085828160000005,"profit_total":0.027085828160000006,"profit_total_pct":2.71,"duration_avg":"7:12:00","wins":7,"draws":2,"losses":1,"winrate":0.7,"cagr":0.10579554115609335,"expectancy":2.7085828159999994,"expectancy_ratio":0.13368819818763455,"sortino":-100,"sharpe":0.8540677826863607,"calmar":68.03635516036596,"sqn":1.3009,"profit_factor":4.3368819818763455,"max_drawdown_account":0.007841078057403937,"max_drawdown_abs":8.117107019999999},{"key":"TOTAL","trades":10,"profit_mean":0.008160824399651875,"profit_mean_pct":0.82,"profit_total_abs":27.085828160000005,"profit_total":0.027085828160000006,"profit_total_pct":2.71,"duration_avg":"7:12:00","wins":7,"draws":2,"losses":1,"winrate":0.7,"cagr":0.10579554115609335,"expectancy":2.7085828159999994,"expectancy_ratio":0.13368819818763455,"sortino":-100,"sharpe":0.8540677826863607,"calmar":68.03635516036596,"sqn":1.3009,"profit_factor":4.3368819818763455,"max_drawdown_account":0.007841078057403937,"max_drawdown_abs":8.117107019999999}],"exit_reason_summary":[{"key":"roi","trades":9,"profit_mean":0.011705754783891008,"profit_mean_pct":1.17,"profit_total_abs":35.202935180000004,"profit_total":0.035202935180000006,"profit_total_pct":3.52,"duration_avg":"2:00:00","wins":7,"draws":2,"losses":0,"winrate":0.7777777777777778,"cagr":0.13904067425501077,"expectancy":3.9114372422222217,"expectancy_ratio":100.0,"sortino":-100,"sharpe":1.2901236755114815,"calmar":-100,"sqn":2.0585,"profit_factor":0.0,"max_drawdown_account":0.0,"max_drawdown_abs":0.0},{"key":"exit_signal","trades":1,"profit_mean":-0.023743549058500332,"profit_mean_pct":-2.37,"profit_total_abs":-8.11710702,"profit_total":-0.00811710702,"profit_total_pct":-0.81,"duration_avg":"2 days, 6:00:00","wins":0,"draws":0,"losses":1,"winrate":0.0,"cagr":-0.030202887373955822,"expectancy":-8.11710702,"expectancy_ratio":-1.0,"sortino":-100,"sharpe":-100,"calmar":-19.69584863354916,"sqn":-100.0,"profit_factor":0.0,"max_drawdown_account":0.008117107020000049,"max_drawdown_abs":8.11710702},{"key":"TOTAL","trades":10,"profit_mean":0.008160824399651875,"profit_mean_pct":0.82,"profit_total_abs":27.085828160000005,"profit_total":0.027085828160000006,"profit_total_pct":2.71,"duration_avg":"7:12:00","wins":7,"draws":2,"losses":1,"winrate":0.7,"cagr":0.10579554115609335,"expectancy":2.7085828159999994,"expectancy_ratio":0.13368819818763455,"sortino":-100,"sharpe":0.8540677826863607,"calmar":68.03635516036596,"sqn":1.3009,"profit_factor":4.3368819818763455,"max_drawdown_account":0.007841078057403937,"max_drawdown_abs":8.117107019999999}],"mix_tag_stats":[{"key":["","roi"],"trades":9,"profit_mean":0.011705754783891008,"profit_mean_pct":1.17,"profit_total_abs":35.202935180000004,"profit_total":0.035202935180000006,"profit_total_pct":3.52,"duration_avg":"2:00:00","wins":7,"draws":2,"losses":0,"winrate":0.7777777777777778,"cagr":0.13904067425501077,"expectancy":3.9114372422222217,"expectancy_ratio":100.0,"sortino":-100,"sharpe":1.2901236755114815,"calmar":-100,"sqn":2.0585,"profit_factor":0.0,"max_drawdown_account":0.0,"max_drawdown_abs":0.0},{"key":["","exit_signal"],"trades":1,"profit_mean":-0.023743549058500332,"profit_mean_pct":-2.37,"profit_total_abs":-8.11710702,"profit_total":-0.00811710702,"profit_total_pct":-0.81,"duration_avg":"2 days, 6:00:00","wins":0,"draws":0,"losses":1,"winrate":0.0,"cagr":-0.030202887373955822,"expectancy":-8.11710702,"expectancy_ratio":-1.0,"sortino":-100,"sharpe":-100,"calmar":-19.69584863354916,"sqn":-100.0,"profit_factor":0.0,"max_drawdown_account":0.008117107020000049,"max_drawdown_abs":8.11710702},{"key":"TOTAL","trades":10,"profit_mean":0.008160824399651875,"profit_mean_pct":0.82,"profit_total_abs":27.085828160000005,"profit_total":0.027085828160000006,"profit_total_pct":2.71,"duration_avg":"7:12:00","wins":7,"draws":2,"losses":1,"winrate":0.7,"cagr":0.10579554115609335,"expectancy":2.7085828159999994,"expectancy_ratio":0.13368819818763455,"sortino":-100,"sharpe":0.8540677826863607,"calmar":68.03635516036596,"sqn":1.3009,"profit_factor":4.3368819818763455,"max_drawdown_account":0.007841078057403937,"max_drawdown_abs":8.117107019999999}],"left_open_trades":[{"key":"TOTAL","trades":0,"profit_mean":0.0,"profit_mean_pct":0.0,"profit_total_abs":0.0,"profit_total":0.0,"profit_total_pct":0.0,"duration_avg":"0:00","wins":0,"draws":0,"losses":0,"winrate":0.0,"cagr":0.0,"expectancy":0.0,"expectancy_ratio":100.0,"sortino":0,"sharpe":0,"calmar":0,"sqn":0.0,"profit_factor":0.0,"max_drawdown_account":0.0,"max_drawdown_abs":0.0}],"total_trades":10,"trade_count_long":10,"trade_count_short":0,"total_volume":6768.155215803963,"avg_stake_amount":336.37733000000003,"profit_mean":0.008160824399651875,"profit_median":0.0033822125853368214,"profit_total":0.027085828160000006,"profit_total_long":0.027085828160000006,"profit_total_short":0.0,"profit_total_abs":27.085828160000005,"profit_total_long_abs":27.085828160000005,"profit_total_short_abs":0.0,"cagr":0.10579554115609335,"expectancy":2.7085828159999994,"expectancy_ratio":0.13368819818763455,"sortino":-100,"sharpe":0.8540677826863607,"calmar":68.03635516036596,"sqn":1.3009,"profit_factor":4.3368819818763455,"backtest_start":"2025-10-01 00:00:00","backtest_start_ts":1759276800000,"backtest_end":"2026-01-06 20:00:00","backtest_end_ts":1767729600000,"backtest_days":97,"backtest_run_start_ts":1767746398,"backtest_run_end_ts":1767746398,"trades_per_day":0.1,"market_change":-0.36632086436227446,"pairlist":["DOGE/USDT"],"stake_amount":"unlimited","stake_currency":"USDT","stake_currency_decimals":3,"starting_balance":1000,"dry_run_wallet":1000,"final_balance":1027.08582816,"rejected_signals":0,"timedout_entry_orders":0,"timedout_exit_orders":0,"canceled_trade_entries":0,"canceled_entry_orders":0,"replaced_entry_orders":0,"max_open_trades":1,"max_open_trades_setting":3,"timeframe":"1h","timeframe_detail":"","timerange":"20251001-","enable_protections":false,"strategy_name":"ACO_82_5","freqaimodel":null,"freqai_identifier":null,"stoploss":-0.05,"trailing_stop":false,"trailing_stop_positive":null,"trailing_stop_positive_offset":0.0,"trailing_only_offset_is_reached":false,"use_custom_stoploss":false,"minimal_roi":{"0":0.1,"60":0.05,"120":0.0},"use_exit_signal":true,"exit_profit_only":false,"exit_profit_offset":0.0,"ignore_roi_if_entry_signal":false,"trading_mode":"spot","margin_mode":"","periodic_breakdown":{"day":[{"date":"26/10/2025","date_ts":1761436800000,"profit_abs":3.05571927,"wins":1,"draws":0,"losses":0,"trades":1,"profit_factor":0.0},{"date":"27/10/2025","date_ts":1761523200000,"profit_abs":0.0,"wins":0,"draws":0,"losses":0,"trades":0,"profit_factor":0.0},{"date":"28/10/2025","date_ts":1761609600000,"profit_abs":0.0,"wins":0,"draws":0,"losses":0,"trades":0,"profit_factor":0.0},{"date":"29/10/2025","date_ts":1761696000000,"profit_abs":0.0,"wins":0,"draws":0,"losses":0,"trades":0,"profit_factor":0.0},{"date":"30/10/2025","date_ts":1761782400000,"profit_abs":0.0,"wins":0,"draws":0,"losses":0,"trades":0,"profit_factor":0.0},{"date":"31/10/2025","date_ts":1761868800000,"profit_abs":0.0,"wins":0,"draws":0,"losses":0,"trades":0,"profit_factor":0.0},{"date":"01/11/2025","date_ts":1761955200000,"profit_abs":0.0,"wins":0,"draws":0,"losses":0,"trades":0,"profit_factor":0.0},{"date":"02/11/2025","date_ts":1762041600000,"profit_abs":0.0,"wins":0,"draws":0,"losses":0,"trades":0,"profit_factor":0.0},{"date":"03/11/2025","date_ts":1762128000000,"profit_abs":0.0,"wins":0,"draws":0,"losses":0,"trades":0,"profit_factor":0.0},{"date":"04/11/2025","date_ts":1762214400000,"profit_abs":0.0,"wins":0,"draws":0,"losses":0,"trades":0,"profit_factor":0.0},{"date":"05/11/2025","date_ts":1762300800000,"profit_abs":0.0,"wins":0,"draws":0,"losses":0,"trades":0,"profit_factor":0.0},{"date":"06/11/2025","date_ts":1762387200000,"profit_abs":0.0,"wins":0,"draws":0,"losses":0,"trades":0,"profit_factor":0.0},{"date":"07/11/2025","date_ts":1762473600000,"profit_abs":18.1615559,"wins":2,"draws":0,"losses":0,"trades":2,"profit_factor":0.0},{"date":"08/11/2025","date_ts":1762560000000,"profit_abs":0.0,"wins":0,"draws":0,"losses":0,"trades":0,"profit_factor":0.0},{"date":"09/11/2025","date_ts":1762646400000,"profit_abs":3.09108279,"wins":1,"draws":0,"losses":0,"trades":1,"profit_factor":0.0},{"date":"10/11/2025","date_ts":1762732800000,"profit_abs":0.0,"wins":0,"draws":0,"losses":0,"trades":0,"profit_factor":0.0},{"date":"11/11/2025","date_ts":1762819200000,"profit_abs":0.0,"wins":0,"draws":0,"losses":0,"trades":0,"profit_factor":0.0},{"date":"12/11/2025","date_ts":1762905600000,"profit_abs":0.0,"wins":0,"draws":0,"losses":0,"trades":0,"profit_factor":0.0},{"date":"13/11/2025","date_ts":1762992000000,"profit_abs":0.0,"wins":0,"draws":0,"losses":0,"trades":0,"profit_factor":0.0},{"date":"14/11/2025","date_ts":1763078400000,"profit_abs":0.0,"wins":0,"draws":0,"losses":0,"trades":0,"profit_factor":0.0},{"date":"15/11/2025","date_ts":1763164800000,"profit_abs":0.0,"wins":0,"draws":0,"losses":0,"trades":0,"profit_factor":0.0},{"date":"16/11/2025","date_ts":1763251200000,"profit_abs":0.0,"wins":0,"draws":0,"losses":0,"trades":0,"profit_factor":0.0},{"date":"17/11/2025","date_ts":1763337600000,"profit_abs":0.0,"wins":0,"draws":0,"losses":0,"trades":0,"profit_factor":0.0},{"date":"18/11/2025","date_ts":1763424000000,"profit_abs":0.0,"wins":0,"draws":1,"losses":0,"trades":1,"profit_factor":0.0},{"date":"19/11/2025","date_ts":1763510400000,"profit_abs":0.0,"wins":0,"draws":0,"losses":0,"trades":0,"profit_factor":0.0},{"date":"20/11/2025","date_ts":1763596800000,"profit_abs":0.0,"wins":0,"draws":0,"losses":0,"trades":0,"profit_factor":0.0},{"date":"21/11/2025","date_ts":1763683200000,"profit_abs":0.0,"wins":0,"draws":0,"losses":0,"trades":0,"profit_factor":0.0},{"date":"22/11/2025","date_ts":1763769600000,"profit_abs":0.0,"wins":0,"draws":0,"losses":0,"trades":0,"profit_factor":0.0},{"date":"23/11/2025","date_ts":1763856000000,"profit_abs":0.0,"wins":0,"draws":0,"losses":0,"trades":0,"profit_factor":0.0},{"date":"24/11/2025","date_ts":1763942400000,"profit_abs":0.1675388,"wins":1,"draws":0,"losses":0,"trades":1,"profit_factor":0.0},{"date":"25/11/2025","date_ts":1764028800000,"profit_abs":0.0,"wins":0,"draws":0,"losses":0,"trades":0,"profit_factor":0.0},{"date":"26/11/2025","date_ts":1764115200000,"profit_abs":0.0,"wins":0,"draws":1,"losses":0,"trades":1,"profit_factor":0.0},{"date":"27/11/2025","date_ts":1764201600000,"profit_abs":0.0,"wins":0,"draws":0,"losses":0,"trades":0,"profit_factor":0.0},{"date":"28/11/2025","date_ts":1764288000000,"profit_abs":0.0,"wins":0,"draws":0,"losses":0,"trades":0,"profit_factor":0.0},{"date":"29/11/2025","date_ts":1764374400000,"profit_abs":0.0,"wins":0,"draws":0,"losses":0,"trades":0,"profit_factor":0.0},{"date":"30/11/2025","date_ts":1764460800000,"profit_abs":0.0,"wins":0,"draws":0,"losses":0,"trades":0,"profit_factor":0.0},{"date":"01/12/2025","date_ts":1764547200000,"profit_abs":0.0,"wins":0,"draws":0,"losses":0,"trades":0,"profit_factor":0.0},{"date":"02/12/2025","date_ts":1764633600000,"profit_abs":0.0,"wins":0,"draws":0,"losses":0,"trades":0,"profit_factor":0.0},{"date":"03/12/2025","date_ts":1764720000000,"profit_abs":0.0,"wins":0,"draws":0,"losses":0,"trades":0,"profit_factor":0.0},{"date":"04/12/2025","date_ts":1764806400000,"profit_abs":0.0,"wins":0,"draws":0,"losses":0,"trades":0,"profit_factor":0.0},{"date":"05/12/2025","date_ts":1764892800000,"profit_abs":0.0,"wins":0,"draws":0,"losses":0,"trades":0,"profit_factor":0.0},{"date":"06/12/2025","date_ts":1764979200000,"profit_abs":0.0,"wins":0,"draws":0,"losses":0,"trades":0,"profit_factor":0.0},{"date":"07/12/2025","date_ts":1765065600000,"profit_abs":0.0,"wins":0,"draws":0,"losses":0,"trades":0,"profit_factor":0.0},{"date":"08/12/2025","date_ts":1765152000000,"profit_abs":0.0,"wins":0,"draws":0,"losses":0,"trades":0,"profit_factor":0.0},{"date":"09/12/2025","date_ts":1765238400000,"profit_abs":10.0548525,"wins":1,"draws":0,"losses":0,"trades":1,"profit_factor":0.0},{"date":"10/12/2025","date_ts":1765324800000,"profit_abs":0.0,"wins":0,"draws":0,"losses":0,"trades":0,"profit_factor":0.0},{"date":"11/12/2025","date_ts":1765411200000,"profit_abs":0.0,"wins":0,"draws":0,"losses":0,"trades":0,"profit_factor":0.0},{"date":"12/12/2025","date_ts":1765497600000,"profit_abs":0.0,"wins":0,"draws":0,"losses":0,"trades":0,"profit_factor":0.0},{"date":"13/12/2025","date_ts":1765584000000,"profit_abs":0.0,"wins":0,"draws":0,"losses":0,"trades":0,"profit_factor":0.0},{"date":"14/12/2025","date_ts":1765670400000,"profit_abs":0.0,"wins":0,"draws":0,"losses":0,"trades":0,"profit_factor":0.0},{"date":"15/12/2025","date_ts":1765756800000,"profit_abs":0.0,"wins":0,"draws":0,"losses":0,"trades":0,"profit_factor":0.0},{"date":"16/12/2025","date_ts":1765843200000,"profit_abs":0.67218592,"wins":1,"draws":0,"losses":0,"trades":1,"profit_factor":0.0},{"date":"17/12/2025","date_ts":1765929600000,"profit_abs":0.0,"wins":0,"draws":0,"losses":0,"trades":0,"profit_factor":0.0},{"date":"18/12/2025","date_ts":1766016000000,"profit_abs":0.0,"wins":0,"draws":0,"losses":0,"trades":0,"profit_factor":0.0},{"date":"19/12/2025","date_ts":1766102400000,"profit_abs":0.0,"wins":0,"draws":0,"losses":0,"trades":0,"profit_factor":0.0},{"date":"20/12/2025","date_ts":1766188800000,"profit_abs":0.0,"wins":0,"draws":0,"losses":0,"trades":0,"profit_factor":0.0},{"date":"21/12/2025","date_ts":1766275200000,"profit_abs":0.0,"wins":0,"draws":0,"losses":0,"trades":0,"profit_factor":0.0},{"date":"22/12/2025","date_ts":1766361600000,"profit_abs":0.0,"wins":0,"draws":0,"losses":0,"trades":0,"profit_factor":0.0},{"date":"23/12/2025","date_ts":1766448000000,"profit_abs":0.0,"wins":0,"draws":0,"losses":0,"trades":0,"profit_factor":0.0},{"date":"24/12/2025","date_ts":1766534400000,"profit_abs":0.0,"wins":0,"draws":0,"losses":0,"trades":0,"profit_factor":0.0},{"date":"25/12/2025","date_ts":1766620800000,"profit_abs":0.0,"wins":0,"draws":0,"losses":0,"trades":0,"profit_factor":0.0},{"date":"26/12/2025","date_ts":1766707200000,"profit_abs":0.0,"wins":0,"draws":0,"losses":0,"trades":0,"profit_factor":0.0},{"date":"27/12/2025","date_ts":1766793600000,"profit_abs":0.0,"wins":0,"draws":0,"losses":0,"trades":0,"profit_factor":0.0},{"date":"28/12/2025","date_ts":1766880000000,"profit_abs":-8.11710702,"wins":0,"draws":0,"losses":1,"trades":1,"profit_factor":0.0}],"week":[{"date":"27/10/2025","date_ts":1761523200000,"profit_abs":3.05571927,"wins":1,"draws":0,"losses":0,"trades":1,"profit_factor":0.0},{"date":"03/11/2025","date_ts":1762128000000,"profit_abs":0.0,"wins":0,"draws":0,"losses":0,"trades":0,"profit_factor":0.0},{"date":"10/11/2025","date_ts":1762732800000,"profit_abs":21.25263869,"wins":3,"draws":0,"losses":0,"trades":3,"profit_factor":0.0},{"date":"17/11/2025","date_ts":1763337600000,"profit_abs":0.0,"wins":0,"draws":0,"losses":0,"trades":0,"profit_factor":0.0},{"date":"24/11/2025","date_ts":1763942400000,"profit_abs":0.1675388,"wins":1,"draws":1,"losses":0,"trades":2,"profit_factor":0.0},{"date":"01/12/2025","date_ts":1764547200000,"profit_abs":0.0,"wins":0,"draws":1,"losses":0,"trades":1,"profit_factor":0.0},{"date":"08/12/2025","date_ts":1765152000000,"profit_abs":0.0,"wins":0,"draws":0,"losses":0,"trades":0,"profit_factor":0.0},{"date":"15/12/2025","date_ts":1765756800000,"profit_abs":10.0548525,"wins":1,"draws":0,"losses":0,"trades":1,"profit_factor":0.0},{"date":"22/12/2025","date_ts":1766361600000,"profit_abs":0.67218592,"wins":1,"draws":0,"losses":0,"trades":1,"profit_factor":0.0},{"date":"29/12/2025","date_ts":1766966400000,"profit_abs":-8.11710702,"wins":0,"draws":0,"losses":1,"trades":1,"profit_factor":0.0}],"month":[{"date":"31/10/2025","date_ts":1761868800000,"profit_abs":3.05571927,"wins":1,"draws":0,"losses":0,"trades":1,"profit_factor":0.0},{"date":"30/11/2025","date_ts":1764460800000,"profit_abs":21.42017749,"wins":4,"draws":2,"losses":0,"trades":6,"profit_factor":0.0},{"date":"31/12/2025","date_ts":1767139200000,"profit_abs":2.6099314,"wins":2,"draws":0,"losses":1,"trades":3,"profit_factor":1.32153468}],"year":[{"date":"31/12/2025","date_ts":1767139200000,"profit_abs":27.08582816,"wins":7,"draws":2,"losses":1,"trades":10,"profit_factor":4.33688198}],"weekday":[{"date":"Monday","date_ts":0,"profit_abs":0.1675388,"wins":1,"draws":0,"losses":0,"trades":1,"profit_factor":0.0},{"date":"Tuesday","date_ts":1,"profit_abs":10.72703842,"wins":2,"draws":1,"losses":0,"trades":3,"profit_factor":0.0},{"date":"Wednesday","date_ts":2,"profit_abs":0.0,"wins":0,"draws":1,"losses":0,"trades":1,"profit_factor":0.0},{"date":"Friday","date_ts":4,"profit_abs":18.1615559,"wins":2,"draws":0,"losses":0,"trades":2,"profit_factor":0.0},{"date":"Sunday","date_ts":6,"profit_abs":-1.97030496,"wins":2,"draws":0,"losses":1,"trades":3,"profit_factor":0.75726512}]},"backtest_best_day":0.05474700727108259,"backtest_worst_day":-0.023743549058500332,"backtest_best_day_abs":18.1615559,"backtest_worst_day_abs":-8.11710702,"winning_days":6,"draw_days":57,"losing_days":1,"daily_profit":[["2025-10-26",3.05571927],["2025-10-27",0.0],["2025-10-28",0.0],["2025-10-29",0.0],["2025-10-30",0.0],["2025-10-31",0.0],["2025-11-01",0.0],["2025-11-02",0.0],["2025-11-03",0.0],["2025-11-04",0.0],["2025-11-05",0.0],["2025-11-06",0.0],["2025-11-07",18.1615559],["2025-11-08",0.0],["2025-11-09",3.09108279],["2025-11-10",0.0],["2025-11-11",0.0],["2025-11-12",0.0],["2025-11-13",0.0],["2025-11-14",0.0],["2025-11-15",0.0],["2025-11-16",0.0],["2025-11-17",0.0],["2025-11-18",0.0],["2025-11-19",0.0],["2025-11-20",0.0],["2025-11-21",0.0],["2025-11-22",0.0],["2025-11-23",0.0],["2025-11-24",0.1675388],["2025-11-25",0.0],["2025-11-26",0.0],["2025-11-27",0.0],["2025-11-28",0.0],["2025-11-29",0.0],["2025-11-30",0.0],["2025-12-01",0.0],["2025-12-02",0.0],["2025-12-03",0.0],["2025-12-04",0.0],["2025-12-05",0.0],["2025-12-06",0.0],["2025-12-07",0.0],["2025-12-08",0.0],["2025-12-09",10.0548525],["2025-12-10",0.0],["2025-12-11",0.0],["2025-12-12",0.0],["2025-12-13",0.0],["2025-12-14",0.0],["2025-12-15",0.0],["2025-12-16",0.67218592],["2025-12-17",0.0],["2025-12-18",0.0],["2025-12-19",0.0],["2025-12-20",0.0],["2025-12-21",0.0],["2025-12-22",0.0],["2025-12-23",0.0],["2025-12-24",0.0],["2025-12-25",0.0],["2025-12-26",0.0],["2025-12-27",0.0],["2025-12-28",-8.11710702]],"wins":7,"losses":1,"draws":2,"winrate":0.7,"holding_avg":"7:12:00","holding_avg_s":25920.0,"winner_holding_min":"0d 01:00","winner_holding_min_s":3600.0,"winner_holding_max":"0d 02:00","winner_holding_max_s":7200.0,"winner_holding_avg":"0d 01:51","winner_holding_avg_s":6660.0,"loser_holding_min":"2d 06:00","loser_holding_min_s":194400.0,"loser_holding_max":"2d 06:00","loser_holding_max_s":194400.0,"loser_holding_avg":"2d 06:00","loser_holding_avg_s":194400.0,"max_consecutive_wins":4,"max_consecutive_losses":1,"max_drawdown_account":0.007841078057403937,"max_relative_drawdown":0.007841078057403937,"max_drawdown_abs":8.117107019999999,"drawdown_start":"2025-12-16 13:00:00","drawdown_start_ts":1765890000000.0,"drawdown_end":"2025-12-28 20:00:00","drawdown_end_ts":1766952000000.0,"drawdown_duration":"12 days 07:00:00","drawdown_duration_s":1062000.0,"max_drawdown_low":27.08582816,"max_drawdown_high":35.20293518,"csum_min":1003.05571927,"csum_max":1035.20293518}},"strategy_comparison":[{"key":"ACO_82_5","trades":10,"profit_mean":0.008160824399651875,"profit_mean_pct":0.82,"profit_total_abs":27.085828160000005,"profit_total":0.027085828160000006,"profit_total_pct":2.71,"duration_avg":"7:12:00","wins":7,"draws":2,"losses":1,"winrate":0.7,"cagr":0.10579554115609335,"expectancy":2.7085828159999994,"expectancy_ratio":0.13368819818763455,"sortino":-100,"sharpe":0.8540677826863607,"calmar":68.03635516036596,"sqn":1.3009,"profit_factor":4.3368819818763455,"max_drawdown_account":0.007841078057403937,"max_drawdown_abs":"8.117"}]}