{"strategy":{"ACO_23_24":{"trades":[{"pair":"DOGE/USDT","stake_amount":329.9691,"max_stake_amount":329.9691,"amount":1290.0,"open_date":"2025-10-03 07:00:00+00:00","close_date":"2025-10-03 09:00:00+00:00","open_rate":0.25579,"close_rate":0.25634,"fee_open":0.001,"fee_close":0.001,"trade_duration":120,"profit_ratio":0.00014790323246478688,"profit_abs":0.0488523,"exit_reason":"roi","initial_stop_loss_abs":0.24301,"initial_stop_loss_ratio":-0.05,"stop_loss_abs":0.24301,"stop_loss_ratio":-0.05,"min_rate":0.25361,"max_rate":0.2572,"is_open":false,"enter_tag":"","leverage":1.0,"is_short":false,"open_timestamp":1759474800000,"close_timestamp":1759482000000,"orders":[{"amount":1290.0,"safe_price":0.25579,"ft_order_side":"buy","order_filled_timestamp":1759474800000,"ft_is_entry":true,"ft_order_tag":"","cost":330.2990691},{"amount":1290.0,"safe_price":0.25634,"ft_order_side":"sell","order_filled_timestamp":1759482000000,"ft_is_entry":false,"ft_order_tag":"roi","cost":331.00927859999996}],"funding_fees":0.0,"weekday":4},{"pair":"DOGE/USDT","stake_amount":330.01402,"max_stake_amount":330.01402,"amount":1318.0,"open_date":"2025-10-07 18:00:00+00:00","close_date":"2025-10-07 20:00:00+00:00","open_rate":0.25039,"close_rate":0.2508912812812813,"fee_open":0.001,"fee_close":0.001,"trade_duration":120,"profit_ratio":0.0,"profit_abs":0.0,"exit_reason":"roi","initial_stop_loss_abs":0.23788,"initial_stop_loss_ratio":-0.05,"stop_loss_abs":0.23788,"stop_loss_ratio":-0.05,"min_rate":0.24791,"max_rate":0.25214,"is_open":false,"enter_tag":"","leverage":1.0,"is_short":false,"open_timestamp":1759860000000,"close_timestamp":1759867200000,"orders":[{"amount":1318.0,"safe_price":0.25039,"ft_order_side":"buy","order_filled_timestamp":1759860000000,"ft_is_entry":true,"ft_order_tag":"","cost":330.34403402},{"amount":1318.0,"safe_price":0.2508912812812813,"ft_order_side":"sell","order_filled_timestamp":1759867200000,"ft_is_entry":false,"ft_order_tag":"roi","cost":331.00538343745745}],"funding_fees":0.0,"weekday":1},{"pair":"DOGE/USDT","stake_amount":329.90952,"max_stake_amount":329.90952,"amount":1348.0,"open_date":"2025-10-08 04:00:00+00:00","close_date":"2025-10-08 06:00:00+00:00","open_rate":0.24474,"close_rate":0.24538,"fee_open":0.001,"fee_close":0.001,"trade_duration":120,"profit_ratio":0.0006117932080177729,"profit_abs":0.20203824,"exit_reason":"roi","initial_stop_loss_abs":0.23251,"initial_stop_loss_ratio":-0.05,"stop_loss_abs":0.23251,"stop_loss_ratio":-0.05,"min_rate":0.24291,"max_rate":0.24706,"is_open":false,"enter_tag":"","leverage":1.0,"is_short":false,"open_timestamp":1759896000000,"close_timestamp":1759903200000,"orders":[{"amount":1348.0,"safe_price":0.24474,"ft_order_side":"buy","order_filled_timestamp":1759896000000,"ft_is_entry":true,"ft_order_tag":"","cost":330.23942952},{"amount":1348.0,"safe_price":0.24538,"ft_order_side":"sell","order_filled_timestamp":1759903200000,"ft_is_entry":false,"ft_order_tag":"roi","cost":331.10301224}],"funding_fees":0.0,"weekday":2},{"pair":"DOGE/USDT","stake_amount":329.94527,"max_stake_amount":329.94527,"amount":1789.0,"open_date":"2025-10-11 20:00:00+00:00","close_date":"2025-10-11 22:00:00+00:00","open_rate":0.18443,"close_rate":0.18479922922922923,"fee_open":0.001,"fee_close":0.001,"trade_duration":120,"profit_ratio":0.0,"profit_abs":0.0,"exit_reason":"roi","initial_stop_loss_abs":0.17521,"initial_stop_loss_ratio":-0.05,"stop_loss_abs":0.17521,"stop_loss_ratio":-0.05,"min_rate":0.17816,"max_rate":0.18622,"is_open":false,"enter_tag":"","leverage":1.0,"is_short":false,"open_timestamp":1760212800000,"close_timestamp":1760220000000,"orders":[{"amount":1789.0,"safe_price":0.18443,"ft_order_side":"buy","order_filled_timestamp":1760212800000,"ft_is_entry":true,"ft_order_tag":"","cost":330.27521526999993},{"amount":1789.0,"safe_price":0.18479922922922923,"ft_order_side":"sell","order_filled_timestamp":1760220000000,"ft_is_entry":false,"ft_order_tag":"roi","cost":330.9364269121822}],"funding_fees":0.0,"weekday":5},{"pair":"DOGE/USDT","stake_amount":329.93101,"max_stake_amount":329.93101,"amount":1691.0,"open_date":"2025-10-15 22:00:00+00:00","close_date":"2025-10-16 00:00:00+00:00","open_rate":0.19511,"close_rate":0.19621,"fee_open":0.001,"fee_close":0.001,"trade_duration":120,"profit_ratio":0.003628578893813889,"profit_abs":1.19837788,"exit_reason":"roi","initial_stop_loss_abs":0.18536,"initial_stop_loss_ratio":-0.05,"stop_loss_abs":0.18536,"stop_loss_ratio":-0.05,"min_rate":0.1946,"max_rate":0.19684,"is_open":false,"enter_tag":"","leverage":1.0,"is_short":false,"open_timestamp":1760565600000,"close_timestamp":1760572800000,"orders":[{"amount":1691.0,"safe_price":0.19511,"ft_order_side":"buy","order_filled_timestamp":1760565600000,"ft_is_entry":true,"ft_order_tag":"","cost":330.26094100999995},{"amount":1691.0,"safe_price":0.19621,"ft_order_side":"sell","order_filled_timestamp":1760572800000,"ft_is_entry":false,"ft_order_tag":"roi","cost":332.12290111}],"funding_fees":0.0,"weekday":3},{"pair":"DOGE/USDT","stake_amount":330.34848,"max_stake_amount":330.34848,"amount":1744.0,"open_date":"2025-10-16 16:00:00+00:00","close_date":"2025-10-16 18:00:00+00:00","open_rate":0.18942,"close_rate":0.19127,"fee_open":0.001,"fee_close":0.001,"trade_duration":120,"profit_ratio":0.007749140311699703,"profit_abs":2.56247664,"exit_reason":"roi","initial_stop_loss_abs":0.17995,"initial_stop_loss_ratio":-0.05,"stop_loss_abs":0.17995,"stop_loss_ratio":-0.05,"min_rate":0.1875,"max_rate":0.19484,"is_open":false,"enter_tag":"","leverage":1.0,"is_short":false,"open_timestamp":1760630400000,"close_timestamp":1760637600000,"orders":[{"amount":1744.0,"safe_price":0.18942,"ft_order_side":"buy","order_filled_timestamp":1760630400000,"ft_is_entry":true,"ft_order_tag":"","cost":330.67882847999994},{"amount":1744.0,"safe_price":0.19127,"ft_order_side":"sell","order_filled_timestamp":1760637600000,"ft_is_entry":false,"ft_order_tag":"roi","cost":333.90845487999997}],"funding_fees":0.0,"weekday":3},{"pair":"DOGE/USDT","stake_amount":331.29689,"max_stake_amount":331.29689,"amount":1739.0,"open_date":"2025-10-16 19:00:00+00:00","close_date":"2025-10-17 01:00:00+00:00","open_rate":0.19051,"close_rate":0.1908914014014014,"fee_open":0.001,"fee_close":0.001,"trade_duration":360,"profit_ratio":0.0,"profit_abs":0.0,"exit_reason":"roi","initial_stop_loss_abs":0.18099,"initial_stop_loss_ratio":-0.05,"stop_loss_abs":0.18099,"stop_loss_ratio":-0.05,"min_rate":0.18469,"max_rate":0.19114,"is_open":false,"enter_tag":"","leverage":1.0,"is_short":false,"open_timestamp":1760641200000,"close_timestamp":1760662800000,"orders":[{"amount":1739.0,"safe_price":0.19051,"ft_order_side":"buy","order_filled_timestamp":1760641200000,"ft_is_entry":true,"ft_order_tag":"","cost":331.62818689},{"amount":1739.0,"safe_price":0.1908914014014014,"ft_order_side":"sell","order_filled_timestamp":1760662800000,"ft_is_entry":false,"ft_order_tag":"roi","cost":332.29210718407404}],"funding_fees":0.0,"weekday":4},{"pair":"DOGE/USDT","stake_amount":331.2375,"max_stake_amount":331.2375,"amount":1815.0,"open_date":"2025-10-17 07:00:00+00:00","close_date":"2025-10-17 11:00:00+00:00","open_rate":0.1825,"close_rate":0.18286536536536532,"fee_open":0.001,"fee_close":0.001,"trade_duration":240,"profit_ratio":0.0,"profit_abs":0.0,"exit_reason":"roi","initial_stop_loss_abs":0.17338,"initial_stop_loss_ratio":-0.05,"stop_loss_abs":0.17338,"stop_loss_ratio":-0.05,"min_rate":0.17555,"max_rate":0.184,"is_open":false,"enter_tag":"","leverage":1.0,"is_short":false,"open_timestamp":1760684400000,"close_timestamp":1760698800000,"orders":[{"amount":1815.0,"safe_price":0.1825,"ft_order_side":"buy","order_filled_timestamp":1760684400000,"ft_is_entry":true,"ft_order_tag":"","cost":331.5687375},{"amount":1815.0,"safe_price":0.18286536536536532,"ft_order_side":"sell","order_filled_timestamp":1760698800000,"ft_is_entry":false,"ft_order_tag":"roi","cost":332.23253877627616}],"funding_fees":0.0,"weekday":4},{"pair":"DOGE/USDT","stake_amount":331.24704,"max_stake_amount":331.24704,"amount":1632.0,"open_date":"2025-10-27 11:00:00+00:00","close_date":"2025-10-27 13:00:00+00:00","open_rate":0.20297,"close_rate":0.20337634634634633,"fee_open":0.001,"fee_close":0.001,"trade_duration":120,"profit_ratio":0.0,"profit_abs":0.0,"exit_reason":"roi","initial_stop_loss_abs":0.19283,"initial_stop_loss_ratio":-0.05,"stop_loss_abs":0.19283,"stop_loss_ratio":-0.05,"min_rate":0.20053,"max_rate":0.20385,"is_open":false,"enter_tag":"","leverage":1.0,"is_short":false,"open_timestamp":1761562800000,"close_timestamp":1761570000000,"orders":[{"amount":1632.0,"safe_price":0.20297,"ft_order_side":"buy","order_filled_timestamp":1761562800000,"ft_is_entry":true,"ft_order_tag":"","cost":331.57828703999996},{"amount":1632.0,"safe_price":0.20337634634634633,"ft_order_side":"sell","order_filled_timestamp":1761570000000,"ft_is_entry":false,"ft_order_tag":"roi","cost":332.2421074344744}],"funding_fees":0.0,"weekday":0},{"pair":"DOGE/USDT","stake_amount":331.19604,"max_stake_amount":331.19604,"amount":1718.0,"open_date":"2025-10-28 22:00:00+00:00","close_date":"2025-10-29 00:00:00+00:00","open_rate":0.19278,"close_rate":0.19362,"fee_open":0.001,"fee_close":0.001,"trade_duration":120,"profit_ratio":0.0023505905858847037,"profit_abs":0.7792848,"exit_reason":"roi","initial_stop_loss_abs":0.18315,"initial_stop_loss_ratio":-0.05,"stop_loss_abs":0.18315,"stop_loss_ratio":-0.05,"min_rate":0.19202,"max_rate":0.1942,"is_open":false,"enter_tag":"","leverage":1.0,"is_short":false,"open_timestamp":1761688800000,"close_timestamp":1761696000000,"orders":[{"amount":1718.0,"safe_price":0.19278,"ft_order_side":"buy","order_filled_timestamp":1761688800000,"ft_is_entry":true,"ft_order_tag":"","cost":331.52723604},{"amount":1718.0,"safe_price":0.19362,"ft_order_side":"sell","order_filled_timestamp":1761696000000,"ft_is_entry":false,"ft_order_tag":"roi","cost":332.97179916}],"funding_fees":0.0,"weekday":2},{"pair":"DOGE/USDT","stake_amount":331.43676,"max_stake_amount":331.43676,"amount":1734.0,"open_date":"2025-10-29 16:00:00+00:00","close_date":"2025-10-29 18:00:00+00:00","open_rate":0.19114,"close_rate":0.19604,"fee_open":0.001,"fee_close":0.001,"trade_duration":120,"profit_ratio":0.023586437628501038,"profit_abs":7.82522988,"exit_reason":"roi","initial_stop_loss_abs":0.18159,"initial_stop_loss_ratio":-0.05,"stop_loss_abs":0.18159,"stop_loss_ratio":-0.05,"min_rate":0.1871,"max_rate":0.197,"is_open":false,"enter_tag":"","leverage":1.0,"is_short":false,"open_timestamp":1761753600000,"close_timestamp":1761760800000,"orders":[{"amount":1734.0,"safe_price":0.19114,"ft_order_side":"buy","order_filled_timestamp":1761753600000,"ft_is_entry":true,"ft_order_tag":"","cost":331.76819675999997},{"amount":1734.0,"safe_price":0.19604,"ft_order_side":"sell","order_filled_timestamp":1761760800000,"ft_is_entry":false,"ft_order_tag":"roi","cost":340.27329335999997}],"funding_fees":0.0,"weekday":2},{"pair":"DOGE/USDT","stake_amount":334.00874,"max_stake_amount":334.00874,"amount":1781.0,"open_date":"2025-10-30 05:00:00+00:00","close_date":"2025-10-30 07:00:00+00:00","open_rate":0.18754,"close_rate":0.1913,"fee_open":0.001,"fee_close":0.001,"trade_duration":120,"profit_ratio":0.018010996148993378,"profit_abs":6.02184596,"exit_reason":"roi","initial_stop_loss_abs":0.17817,"initial_stop_loss_ratio":-0.05,"stop_loss_abs":0.17817,"stop_loss_ratio":-0.05,"min_rate":0.18712,"max_rate":0.19346,"is_open":false,"enter_tag":"","leverage":1.0,"is_short":false,"open_timestamp":1761800400000,"close_timestamp":1761807600000,"orders":[{"amount":1781.0,"safe_price":0.18754,"ft_order_side":"buy","order_filled_timestamp":1761800400000,"ft_is_entry":true,"ft_order_tag":"","cost":334.34274874},{"amount":1781.0,"safe_price":0.1913,"ft_order_side":"sell","order_filled_timestamp":1761807600000,"ft_is_entry":false,"ft_order_tag":"roi","cost":341.0460053}],"funding_fees":0.0,"weekday":3},{"pair":"DOGE/USDT","stake_amount":336.07248,"max_stake_amount":336.07248,"amount":1788.0,"open_date":"2025-10-30 12:00:00+00:00","close_date":"2025-10-30 17:00:00+00:00","open_rate":0.18796,"close_rate":0.17857,"fee_open":0.001,"fee_close":0.001,"trade_duration":300,"profit_ratio":-0.05185562469027036,"profit_abs":-17.44467564,"exit_reason":"stop_loss","initial_stop_loss_abs":0.17857,"initial_stop_loss_ratio":-0.05,"stop_loss_abs":0.17857,"stop_loss_ratio":-0.05,"min_rate":0.17822,"max_rate":0.18833,"is_open":false,"enter_tag":"","leverage":1.0,"is_short":false,"open_timestamp":1761825600000,"close_timestamp":1761843600000,"orders":[{"amount":1788.0,"safe_price":0.18796,"ft_order_side":"buy","order_filled_timestamp":1761825600000,"ft_is_entry":true,"ft_order_tag":"","cost":336.40855247999997},{"amount":1788.0,"safe_price":0.17857,"ft_order_side":"sell","order_filled_timestamp":1761843600000,"ft_is_entry":false,"ft_order_tag":"stop_loss","cost":319.60244315999995}],"funding_fees":0.0,"weekday":3},{"pair":"DOGE/USDT","stake_amount":330.28082,"max_stake_amount":330.28082,"amount":1829.0,"open_date":"2025-10-30 18:00:00+00:00","close_date":"2025-10-30 23:00:00+00:00","open_rate":0.18058,"close_rate":0.1809415215215215,"fee_open":0.001,"fee_close":0.001,"trade_duration":300,"profit_ratio":0.0,"profit_abs":0.0,"exit_reason":"roi","initial_stop_loss_abs":0.17156,"initial_stop_loss_ratio":-0.05,"stop_loss_abs":0.17156,"stop_loss_ratio":-0.05,"min_rate":0.17642,"max_rate":0.18287,"is_open":false,"enter_tag":"","leverage":1.0,"is_short":false,"open_timestamp":1761847200000,"close_timestamp":1761865200000,"orders":[{"amount":1829.0,"safe_price":0.18058,"ft_order_side":"buy","order_filled_timestamp":1761847200000,"ft_is_entry":true,"ft_order_tag":"","cost":330.61110082},{"amount":1829.0,"safe_price":0.1809415215215215,"ft_order_side":"sell","order_filled_timestamp":1761865200000,"ft_is_entry":false,"ft_order_tag":"roi","cost":331.27298490572565}],"funding_fees":0.0,"weekday":3},{"pair":"DOGE/USDT","stake_amount":330.38928,"max_stake_amount":330.38928,"amount":1908.0,"open_date":"2025-11-03 07:00:00+00:00","close_date":"2025-11-03 09:00:00+00:00","open_rate":0.17316,"close_rate":0.1738,"fee_open":0.001,"fee_close":0.001,"trade_duration":120,"profit_ratio":0.0016906170752324597,"profit_abs":0.55912032,"exit_reason":"roi","initial_stop_loss_abs":0.16451,"initial_stop_loss_ratio":-0.05,"stop_loss_abs":0.16451,"stop_loss_ratio":-0.05,"min_rate":0.17236,"max_rate":0.17534,"is_open":false,"enter_tag":"","leverage":1.0,"is_short":false,"open_timestamp":1762153200000,"close_timestamp":1762160400000,"orders":[{"amount":1908.0,"safe_price":0.17316,"ft_order_side":"buy","order_filled_timestamp":1762153200000,"ft_is_entry":true,"ft_order_tag":"","cost":330.71966928},{"amount":1908.0,"safe_price":0.1738,"ft_order_side":"sell","order_filled_timestamp":1762160400000,"ft_is_entry":false,"ft_order_tag":"roi","cost":331.9420104}],"funding_fees":0.0,"weekday":0},{"pair":"DOGE/USDT","stake_amount":330.45933,"max_stake_amount":330.45933,"amount":1993.0,"open_date":"2025-11-03 23:00:00+00:00","close_date":"2025-11-04 01:00:00+00:00","open_rate":0.16581,"close_rate":0.16869,"fee_open":0.001,"fee_close":0.001,"trade_duration":120,"profit_ratio":0.015336572239050978,"profit_abs":5.0731815,"exit_reason":"roi","initial_stop_loss_abs":0.15752,"initial_stop_loss_ratio":-0.05,"stop_loss_abs":0.15752,"stop_loss_ratio":-0.05,"min_rate":0.16433,"max_rate":0.17033,"is_open":false,"enter_tag":"","leverage":1.0,"is_short":false,"open_timestamp":1762210800000,"close_timestamp":1762218000000,"orders":[{"amount":1993.0,"safe_price":0.16581,"ft_order_side":"buy","order_filled_timestamp":1762210800000,"ft_is_entry":true,"ft_order_tag":"","cost":330.78978932999996},{"amount":1993.0,"safe_price":0.16869,"ft_order_side":"sell","order_filled_timestamp":1762218000000,"ft_is_entry":false,"ft_order_tag":"roi","cost":336.53536917}],"funding_fees":0.0,"weekday":1},{"pair":"DOGE/USDT","stake_amount":332.1205,"max_stake_amount":332.1205,"amount":2050.0,"open_date":"2025-11-04 08:00:00+00:00","close_date":"2025-11-04 10:00:00+00:00","open_rate":0.16201,"close_rate":0.16534,"fee_open":0.001,"fee_close":0.001,"trade_duration":120,"profit_ratio":0.01851521726838065,"profit_abs":6.1554325,"exit_reason":"roi","initial_stop_loss_abs":0.15391,"initial_stop_loss_ratio":-0.05,"stop_loss_abs":0.15391,"stop_loss_ratio":-0.05,"min_rate":0.16091,"max_rate":0.16603,"is_open":false,"enter_tag":"","leverage":1.0,"is_short":false,"open_timestamp":1762243200000,"close_timestamp":1762250400000,"orders":[{"amount":2050.0,"safe_price":0.16201,"ft_order_side":"buy","order_filled_timestamp":1762243200000,"ft_is_entry":true,"ft_order_tag":"","cost":332.45262049999997},{"amount":2050.0,"safe_price":0.16534,"ft_order_side":"sell","order_filled_timestamp":1762250400000,"ft_is_entry":false,"ft_order_tag":"roi","cost":339.2859469999999}],"funding_fees":0.0,"weekday":1},{"pair":"DOGE/USDT","stake_amount":334.25392,"max_stake_amount":334.25392,"amount":2087.0,"open_date":"2025-11-04 17:00:00+00:00","close_date":"2025-11-04 19:00:00+00:00","open_rate":0.16016,"close_rate":0.16048064064064063,"fee_open":0.001,"fee_close":0.001,"trade_duration":120,"profit_ratio":0.0,"profit_abs":0.0,"exit_reason":"roi","initial_stop_loss_abs":0.15216,"initial_stop_loss_ratio":-0.05,"stop_loss_abs":0.15216,"stop_loss_ratio":-0.05,"min_rate":0.15419,"max_rate":0.16152,"is_open":false,"enter_tag":"","leverage":1.0,"is_short":false,"open_timestamp":1762275600000,"close_timestamp":1762282800000,"orders":[{"amount":2087.0,"safe_price":0.16016,"ft_order_side":"buy","order_filled_timestamp":1762275600000,"ft_is_entry":true,"ft_order_tag":"","cost":334.58817392},{"amount":2087.0,"safe_price":0.16048064064064063,"ft_order_side":"sell","order_filled_timestamp":1762282800000,"ft_is_entry":false,"ft_order_tag":"roi","cost":335.25802011403397}],"funding_fees":0.0,"weekday":1},{"pair":"DOGE/USDT","stake_amount":334.1936,"max_stake_amount":334.1936,"amount":2080.0,"open_date":"2025-11-06 15:00:00+00:00","close_date":"2025-11-06 18:00:00+00:00","open_rate":0.16067,"close_rate":0.16099166166166165,"fee_open":0.001,"fee_close":0.001,"trade_duration":180,"profit_ratio":0.0,"profit_abs":0.0,"exit_reason":"roi","initial_stop_loss_abs":0.15264,"initial_stop_loss_ratio":-0.05,"stop_loss_abs":0.15264,"stop_loss_ratio":-0.05,"min_rate":0.15693,"max_rate":0.16234,"is_open":false,"enter_tag":"","leverage":1.0,"is_short":false,"open_timestamp":1762441200000,"close_timestamp":1762452000000,"orders":[{"amount":2080.0,"safe_price":0.16067,"ft_order_side":"buy","order_filled_timestamp":1762441200000,"ft_is_entry":true,"ft_order_tag":"","cost":334.52779359999994},{"amount":2080.0,"safe_price":0.16099166166166165,"ft_order_side":"sell","order_filled_timestamp":1762452000000,"ft_is_entry":false,"ft_order_tag":"roi","cost":335.19751891251246}],"funding_fees":0.0,"weekday":3},{"pair":"DOGE/USDT","stake_amount":334.18834,"max_stake_amount":334.18834,"amount":2062.0,"open_date":"2025-11-14 12:00:00+00:00","close_date":"2025-11-14 14:00:00+00:00","open_rate":0.16207,"close_rate":0.16239446446446446,"fee_open":0.001,"fee_close":0.001,"trade_duration":120,"profit_ratio":0.0,"profit_abs":0.0,"exit_reason":"roi","initial_stop_loss_abs":0.15397,"initial_stop_loss_ratio":-0.05,"stop_loss_abs":0.15397,"stop_loss_ratio":-0.05,"min_rate":0.15767,"max_rate":0.16407,"is_open":false,"enter_tag":"","leverage":1.0,"is_short":false,"open_timestamp":1763121600000,"close_timestamp":1763128800000,"orders":[{"amount":2062.0,"safe_price":0.16207,"ft_order_side":"buy","order_filled_timestamp":1763121600000,"ft_is_entry":true,"ft_order_tag":"","cost":334.52252833999995},{"amount":2062.0,"safe_price":0.16239446446446446,"ft_order_side":"sell","order_filled_timestamp":1763128800000,"ft_is_entry":false,"ft_order_tag":"roi","cost":335.1922431114514}],"funding_fees":0.0,"weekday":4},{"pair":"DOGE/USDT","stake_amount":334.27434,"max_stake_amount":334.27434,"amount":2098.0,"open_date":"2025-11-14 23:00:00+00:00","close_date":"2025-11-15 01:00:00+00:00","open_rate":0.15933,"close_rate":0.16013,"fee_open":0.001,"fee_close":0.001,"trade_duration":120,"profit_ratio":0.0030129915273955947,"profit_abs":1.00817292,"exit_reason":"roi","initial_stop_loss_abs":0.15137,"initial_stop_loss_ratio":-0.05,"stop_loss_abs":0.15137,"stop_loss_ratio":-0.05,"min_rate":0.15472,"max_rate":0.16171,"is_open":false,"enter_tag":"","leverage":1.0,"is_short":false,"open_timestamp":1763161200000,"close_timestamp":1763168400000,"orders":[{"amount":2098.0,"safe_price":0.15933,"ft_order_side":"buy","order_filled_timestamp":1763161200000,"ft_is_entry":true,"ft_order_tag":"","cost":334.60861434},{"amount":2098.0,"safe_price":0.16013,"ft_order_side":"sell","order_filled_timestamp":1763168400000,"ft_is_entry":false,"ft_order_tag":"roi","cost":336.28869274}],"funding_fees":0.0,"weekday":5},{"pair":"DOGE/USDT","stake_amount":334.569,"max_stake_amount":334.569,"amount":2290.0,"open_date":"2025-11-21 07:00:00+00:00","close_date":"2025-11-21 07:00:00+00:00","open_rate":0.1461,"close_rate":0.1388,"fee_open":0.001,"fee_close":0.001,"trade_duration":0,"profit_ratio":-0.05186394714115453,"profit_abs":-17.369421,"exit_reason":"stop_loss","initial_stop_loss_abs":0.1388,"initial_stop_loss_ratio":-0.05,"stop_loss_abs":0.1388,"stop_loss_ratio":-0.05,"min_rate":0.13441,"max_rate":0.14666,"is_open":false,"enter_tag":"","leverage":1.0,"is_short":false,"open_timestamp":1763708400000,"close_timestamp":1763708400000,"orders":[{"amount":2290.0,"safe_price":0.1461,"ft_order_side":"buy","order_filled_timestamp":1763708400000,"ft_is_entry":true,"ft_order_tag":"","cost":334.903569},{"amount":2290.0,"safe_price":0.1388,"ft_order_side":"sell","order_filled_timestamp":1763708400000,"ft_is_entry":false,"ft_order_tag":"stop_loss","cost":318.169852}],"funding_fees":0.0,"weekday":4},{"pair":"DOGE/USDT","stake_amount":328.7908,"max_stake_amount":328.7908,"amount":2386.0,"open_date":"2025-11-21 11:00:00+00:00","close_date":"2025-11-21 13:00:00+00:00","open_rate":0.1378,"close_rate":0.13891,"fee_open":0.001,"fee_close":0.001,"trade_duration":120,"profit_ratio":0.006041056186194067,"profit_abs":1.98822994,"exit_reason":"roi","initial_stop_loss_abs":0.13091,"initial_stop_loss_ratio":-0.05,"stop_loss_abs":0.13091,"stop_loss_ratio":-0.05,"min_rate":0.13321,"max_rate":0.14094,"is_open":false,"enter_tag":"","leverage":1.0,"is_short":false,"open_timestamp":1763722800000,"close_timestamp":1763730000000,"orders":[{"amount":2386.0,"safe_price":0.1378,"ft_order_side":"buy","order_filled_timestamp":1763722800000,"ft_is_entry":true,"ft_order_tag":"","cost":329.11959079999997},{"amount":2386.0,"safe_price":0.13891,"ft_order_side":"sell","order_filled_timestamp":1763730000000,"ft_is_entry":false,"ft_order_tag":"roi","cost":331.77069925999996}],"funding_fees":0.0,"weekday":4},{"pair":"DOGE/USDT","stake_amount":329.44416,"max_stake_amount":329.44416,"amount":2404.0,"open_date":"2025-11-22 06:00:00+00:00","close_date":"2025-11-22 08:00:00+00:00","open_rate":0.13704,"close_rate":0.13969,"fee_open":0.001,"fee_close":0.001,"trade_duration":120,"profit_ratio":0.017300781530203597,"profit_abs":5.70534108,"exit_reason":"roi","initial_stop_loss_abs":0.13019,"initial_stop_loss_ratio":-0.05,"stop_loss_abs":0.13019,"stop_loss_ratio":-0.05,"min_rate":0.13549,"max_rate":0.14016,"is_open":false,"enter_tag":"","leverage":1.0,"is_short":false,"open_timestamp":1763791200000,"close_timestamp":1763798400000,"orders":[{"amount":2404.0,"safe_price":0.13704,"ft_order_side":"buy","order_filled_timestamp":1763791200000,"ft_is_entry":true,"ft_order_tag":"","cost":329.77360416},{"amount":2404.0,"safe_price":0.13969,"ft_order_side":"sell","order_filled_timestamp":1763798400000,"ft_is_entry":false,"ft_order_tag":"roi","cost":336.15057476}],"funding_fees":0.0,"weekday":5},{"pair":"DOGE/USDT","stake_amount":331.38847,"max_stake_amount":331.38847,"amount":2429.0,"open_date":"2025-11-22 09:00:00+00:00","close_date":"2025-11-22 11:00:00+00:00","open_rate":0.13643,"close_rate":0.13677,"fee_open":0.001,"fee_close":0.001,"trade_duration":120,"profit_ratio":0.0004891392416130376,"profit_abs":0.1622572,"exit_reason":"roi","initial_stop_loss_abs":0.12961,"initial_stop_loss_ratio":-0.05,"stop_loss_abs":0.12961,"stop_loss_ratio":-0.05,"min_rate":0.13582,"max_rate":0.14011,"is_open":false,"enter_tag":"","leverage":1.0,"is_short":false,"open_timestamp":1763802000000,"close_timestamp":1763809200000,"orders":[{"amount":2429.0,"safe_price":0.13643,"ft_order_side":"buy","order_filled_timestamp":1763802000000,"ft_is_entry":true,"ft_order_tag":"","cost":331.71985846999996},{"amount":2429.0,"safe_price":0.13677,"ft_order_side":"sell","order_filled_timestamp":1763809200000,"ft_is_entry":false,"ft_order_tag":"roi","cost":332.54654432999996}],"funding_fees":0.0,"weekday":5},{"pair":"DOGE/USDT","stake_amount":331.452,"max_stake_amount":331.452,"amount":2430.0,"open_date":"2025-11-22 14:00:00+00:00","close_date":"2025-11-22 16:00:00+00:00","open_rate":0.1364,"close_rate":0.13816,"fee_open":0.001,"fee_close":0.001,"trade_duration":120,"profit_ratio":0.010879443137507654,"profit_abs":3.6096192,"exit_reason":"exit_signal","initial_stop_loss_abs":0.12958,"initial_stop_loss_ratio":-0.05,"stop_loss_abs":0.12958,"stop_loss_ratio":-0.05,"min_rate":0.13632,"max_rate":0.13977,"is_open":false,"enter_tag":"","leverage":1.0,"is_short":false,"open_timestamp":1763820000000,"close_timestamp":1763827200000,"orders":[{"amount":2430.0,"safe_price":0.1364,"ft_order_side":"buy","order_filled_timestamp":1763820000000,"ft_is_entry":true,"ft_order_tag":"","cost":331.78345199999995},{"amount":2430.0,"safe_price":0.13816,"ft_order_side":"sell","order_filled_timestamp":1763827200000,"ft_is_entry":false,"ft_order_tag":"exit_signal","cost":336.0645288}],"funding_fees":0.0,"weekday":5},{"pair":"DOGE/USDT","stake_amount":332.63373,"max_stake_amount":332.63373,"amount":2431.0,"open_date":"2025-12-01 05:00:00+00:00","close_date":"2025-12-01 07:00:00+00:00","open_rate":0.13683,"close_rate":0.1371039339339339,"fee_open":0.001,"fee_close":0.001,"trade_duration":120,"profit_ratio":0.0,"profit_abs":0.0,"exit_reason":"roi","initial_stop_loss_abs":0.12999,"initial_stop_loss_ratio":-0.05,"stop_loss_abs":0.12999,"stop_loss_ratio":-0.05,"min_rate":0.13655,"max_rate":0.13778,"is_open":false,"enter_tag":"","leverage":1.0,"is_short":false,"open_timestamp":1764565200000,"close_timestamp":1764572400000,"orders":[{"amount":2431.0,"safe_price":0.13683,"ft_order_side":"buy","order_filled_timestamp":1764565200000,"ft_is_entry":true,"ft_order_tag":"","cost":332.96636372999996},{"amount":2431.0,"safe_price":0.1371039339339339,"ft_order_side":"sell","order_filled_timestamp":1764572400000,"ft_is_entry":false,"ft_order_tag":"roi","cost":333.6329630567867}],"funding_fees":0.0,"weekday":0},{"pair":"DOGE/USDT","stake_amount":332.55516,"max_stake_amount":332.55516,"amount":2459.0,"open_date":"2025-12-01 14:00:00+00:00","close_date":"2025-12-01 22:00:00+00:00","open_rate":0.13524,"close_rate":0.13551075075075072,"fee_open":0.001,"fee_close":0.001,"trade_duration":480,"profit_ratio":0.0,"profit_abs":0.0,"exit_reason":"roi","initial_stop_loss_abs":0.12848,"initial_stop_loss_ratio":-0.05,"stop_loss_abs":0.12848,"stop_loss_ratio":-0.05,"min_rate":0.13177,"max_rate":0.13647,"is_open":false,"enter_tag":"","leverage":1.0,"is_short":false,"open_timestamp":1764597600000,"close_timestamp":1764626400000,"orders":[{"amount":2459.0,"safe_price":0.13524,"ft_order_side":"buy","order_filled_timestamp":1764597600000,"ft_is_entry":true,"ft_order_tag":"","cost":332.88771515999997},{"amount":2459.0,"safe_price":0.13551075075075072,"ft_order_side":"sell","order_filled_timestamp":1764626400000,"ft_is_entry":false,"ft_order_tag":"roi","cost":333.55415703219205}],"funding_fees":0.0,"weekday":0},{"pair":"DOGE/USDT","stake_amount":332.5344,"max_stake_amount":332.5344,"amount":2211.0,"open_date":"2025-12-04 07:00:00+00:00","close_date":"2025-12-04 15:00:00+00:00","open_rate":0.1504,"close_rate":0.1507011011011011,"fee_open":0.001,"fee_close":0.001,"trade_duration":480,"profit_ratio":0.0,"profit_abs":0.0,"exit_reason":"roi","initial_stop_loss_abs":0.14288,"initial_stop_loss_ratio":-0.05,"stop_loss_abs":0.14288,"stop_loss_ratio":-0.05,"min_rate":0.14781,"max_rate":0.15103,"is_open":false,"enter_tag":"","leverage":1.0,"is_short":false,"open_timestamp":1764831600000,"close_timestamp":1764860400000,"orders":[{"amount":2211.0,"safe_price":0.1504,"ft_order_side":"buy","order_filled_timestamp":1764831600000,"ft_is_entry":true,"ft_order_tag":"","cost":332.8669344},{"amount":2211.0,"safe_price":0.1507011011011011,"ft_order_side":"sell","order_filled_timestamp":1764860400000,"ft_is_entry":false,"ft_order_tag":"roi","cost":333.533334669069}],"funding_fees":0.0,"weekday":3},{"pair":"DOGE/USDT","stake_amount":332.6576,"max_stake_amount":332.6576,"amount":2305.0,"open_date":"2025-12-05 10:00:00+00:00","close_date":"2025-12-05 13:00:00+00:00","open_rate":0.14432,"close_rate":0.1446089289289289,"fee_open":0.001,"fee_close":0.001,"trade_duration":180,"profit_ratio":0.0,"profit_abs":0.0,"exit_reason":"roi","initial_stop_loss_abs":0.13711,"initial_stop_loss_ratio":-0.05,"stop_loss_abs":0.13711,"stop_loss_ratio":-0.05,"min_rate":0.14295,"max_rate":0.14528,"is_open":false,"enter_tag":"","leverage":1.0,"is_short":false,"open_timestamp":1764928800000,"close_timestamp":1764939600000,"orders":[{"amount":2305.0,"safe_price":0.14432,"ft_order_side":"buy","order_filled_timestamp":1764928800000,"ft_is_entry":true,"ft_order_tag":"","cost":332.99025759999995},{"amount":2305.0,"safe_price":0.1446089289289289,"ft_order_side":"sell","order_filled_timestamp":1764939600000,"ft_is_entry":false,"ft_order_tag":"roi","cost":333.6569047623623}],"funding_fees":0.0,"weekday":4},{"pair":"DOGE/USDT","stake_amount":332.65736,"max_stake_amount":332.65736,"amount":2324.0,"open_date":"2025-12-05 14:00:00+00:00","close_date":"2025-12-06 20:00:00+00:00","open_rate":0.14314,"close_rate":0.13935,"fee_open":0.001,"fee_close":0.001,"trade_duration":1800,"profit_ratio":-0.02842267415412588,"profit_abs":-9.46446676,"exit_reason":"exit_signal","initial_stop_loss_abs":0.13599,"initial_stop_loss_ratio":-0.05,"stop_loss_abs":0.13599,"stop_loss_ratio":-0.05,"min_rate":0.13722,"max_rate":0.14466,"is_open":false,"enter_tag":"","leverage":1.0,"is_short":false,"open_timestamp":1764943200000,"close_timestamp":1765051200000,"orders":[{"amount":2324.0,"safe_price":0.14314,"ft_order_side":"buy","order_filled_timestamp":1764943200000,"ft_is_entry":true,"ft_order_tag":"","cost":332.99001735999997},{"amount":2324.0,"safe_price":0.13935,"ft_order_side":"sell","order_filled_timestamp":1765051200000,"ft_is_entry":false,"ft_order_tag":"exit_signal","cost":324.1732494}],"funding_fees":0.0,"weekday":5},{"pair":"DOGE/USDT","stake_amount":329.46304,"max_stake_amount":329.46304,"amount":2432.0,"open_date":"2025-12-14 16:00:00+00:00","close_date":"2025-12-15 01:00:00+00:00","open_rate":0.13547,"close_rate":0.13574121121121122,"fee_open":0.001,"fee_close":0.001,"trade_duration":540,"profit_ratio":0.0,"profit_abs":0.0,"exit_reason":"roi","initial_stop_loss_abs":0.1287,"initial_stop_loss_ratio":-0.05,"stop_loss_abs":0.1287,"stop_loss_ratio":-0.05,"min_rate":0.13261,"max_rate":0.13683,"is_open":false,"enter_tag":"","leverage":1.0,"is_short":false,"open_timestamp":1765728000000,"close_timestamp":1765760400000,"orders":[{"amount":2432.0,"safe_price":0.13547,"ft_order_side":"buy","order_filled_timestamp":1765728000000,"ft_is_entry":true,"ft_order_tag":"","cost":329.79250304},{"amount":2432.0,"safe_price":0.13574121121121122,"ft_order_side":"sell","order_filled_timestamp":1765760400000,"ft_is_entry":false,"ft_order_tag":"roi","cost":330.4527482913313}],"funding_fees":0.0,"weekday":0},{"pair":"DOGE/USDT","stake_amount":329.4744,"max_stake_amount":329.4744,"amount":2566.0,"open_date":"2025-12-15 19:00:00+00:00","close_date":"2025-12-15 21:00:00+00:00","open_rate":0.1284,"close_rate":0.12865705705705702,"fee_open":0.001,"fee_close":0.001,"trade_duration":120,"profit_ratio":0.0,"profit_abs":0.0,"exit_reason":"roi","initial_stop_loss_abs":0.12198,"initial_stop_loss_ratio":-0.05,"stop_loss_abs":0.12198,"stop_loss_ratio":-0.05,"min_rate":0.12752,"max_rate":0.12942,"is_open":false,"enter_tag":"","leverage":1.0,"is_short":false,"open_timestamp":1765825200000,"close_timestamp":1765832400000,"orders":[{"amount":2566.0,"safe_price":0.1284,"ft_order_side":"buy","order_filled_timestamp":1765825200000,"ft_is_entry":true,"ft_order_tag":"","cost":329.8038743999999},{"amount":2566.0,"safe_price":0.12865705705705702,"ft_order_side":"sell","order_filled_timestamp":1765832400000,"ft_is_entry":false,"ft_order_tag":"roi","cost":330.4641424168167}],"funding_fees":0.0,"weekday":0},{"pair":"DOGE/USDT","stake_amount":329.48204,"max_stake_amount":329.48204,"amount":2812.0,"open_date":"2025-12-31 21:00:00+00:00","close_date":"2025-12-31 23:00:00+00:00","open_rate":0.11717,"close_rate":0.11768,"fee_open":0.001,"fee_close":0.001,"trade_duration":120,"profit_ratio":0.002345951394342621,"profit_abs":0.7737218,"exit_reason":"roi","initial_stop_loss_abs":0.11132,"initial_stop_loss_ratio":-0.05,"stop_loss_abs":0.11132,"stop_loss_ratio":-0.05,"min_rate":0.11707,"max_rate":0.11782,"is_open":false,"enter_tag":"","leverage":1.0,"is_short":false,"open_timestamp":1767214800000,"close_timestamp":1767222000000,"orders":[{"amount":2812.0,"safe_price":0.11717,"ft_order_side":"buy","order_filled_timestamp":1767214800000,"ft_is_entry":true,"ft_order_tag":"","cost":329.81152203999994},{"amount":2812.0,"safe_price":0.11768,"ft_order_side":"sell","order_filled_timestamp":1767222000000,"ft_is_entry":false,"ft_order_tag":"roi","cost":331.24707615999995}],"funding_fees":0.0,"weekday":2},{"pair":"DOGE/USDT","stake_amount":329.74343,"max_stake_amount":329.74343,"amount":2243.0,"open_date":"2026-01-05 14:00:00+00:00","close_date":"2026-01-05 16:00:00+00:00","open_rate":0.14701,"close_rate":0.14886,"fee_open":0.001,"fee_close":0.001,"trade_duration":120,"profit_ratio":0.010561032736394957,"profit_abs":3.48591359,"exit_reason":"roi","initial_stop_loss_abs":0.13966,"initial_stop_loss_ratio":-0.05,"stop_loss_abs":0.13966,"stop_loss_ratio":-0.05,"min_rate":0.1463,"max_rate":0.15141,"is_open":false,"enter_tag":"","leverage":1.0,"is_short":false,"open_timestamp":1767621600000,"close_timestamp":1767628800000,"orders":[{"amount":2243.0,"safe_price":0.14701,"ft_order_side":"buy","order_filled_timestamp":1767621600000,"ft_is_entry":true,"ft_order_tag":"","cost":330.07317342999994},{"amount":2243.0,"safe_price":0.14886,"ft_order_side":"sell","order_filled_timestamp":1767628800000,"ft_is_entry":false,"ft_order_tag":"roi","cost":334.22687297999994}],"funding_fees":0.0,"weekday":0}],"locks":[],"best_pair":{"key":"DOGE/USDT","trades":35,"profit_mean":0.0002890284674325749,"profit_mean_pct":0.03,"profit_total_abs":2.8805323500000033,"profit_total":0.0028805323500000033,"profit_total_pct":0.29,"duration_avg":"3:41:00","wins":17,"draws":15,"losses":3,"winrate":0.4857142857142857,"cagr":0.010882321634799963,"expectancy":0.08230092428571445,"expectancy_ratio":-0.42299530428242005,"sortino":0.15152259822299133,"sharpe":0.11013564958514564,"calmar":2.6247368596426397,"sqn":0.0932,"profit_factor":1.0650547833717658,"max_drawdown_account":0.021615320766808797,"max_drawdown_abs":22.0181894},"worst_pair":{"key":"DOGE/USDT","trades":35,"profit_mean":0.0002890284674325749,"profit_mean_pct":0.03,"profit_total_abs":2.8805323500000033,"profit_total":0.0028805323500000033,"profit_total_pct":0.29,"duration_avg":"3:41:00","wins":17,"draws":15,"losses":3,"winrate":0.4857142857142857,"cagr":0.010882321634799963,"expectancy":0.08230092428571445,"expectancy_ratio":-0.42299530428242005,"sortino":0.15152259822299133,"sharpe":0.11013564958514564,"calmar":2.6247368596426397,"sqn":0.0932,"profit_factor":1.0650547833717658,"max_drawdown_account":0.021615320766808797,"max_drawdown_abs":22.0181894},"results_per_pair":[{"key":"DOGE/USDT","trades":35,"profit_mean":0.0002890284674325749,"profit_mean_pct":0.03,"profit_total_abs":2.8805323500000033,"profit_total":0.0028805323500000033,"profit_total_pct":0.29,"duration_avg":"3:41:00","wins":17,"draws":15,"losses":3,"winrate":0.4857142857142857,"cagr":0.010882321634799963,"expectancy":0.08230092428571445,"expectancy_ratio":-0.42299530428242005,"sortino":0.15152259822299133,"sharpe":0.11013564958514564,"calmar":2.6247368596426397,"sqn":0.0932,"profit_factor":1.0650547833717658,"max_drawdown_account":0.021615320766808797,"max_drawdown_abs":22.0181894},{"key":"TOTAL","trades":35,"profit_mean":0.0002890284674325749,"profit_mean_pct":0.03,"profit_total_abs":2.8805323500000033,"profit_total":0.0028805323500000033,"profit_total_pct":0.29,"duration_avg":"3:41:00","wins":17,"draws":15,"losses":3,"winrate":0.4857142857142857,"cagr":0.010882321634799963,"expectancy":0.08230092428571445,"expectancy_ratio":-0.42299530428242005,"sortino":0.15152259822299133,"sharpe":0.11013564958514564,"calmar":2.6247368596426397,"sqn":0.0932,"profit_factor":1.0650547833717658,"max_drawdown_account":0.021615320766808797,"max_drawdown_abs":22.0181894}],"results_per_enter_tag":[{"key":"","trades":35,"profit_mean":0.0002890284674325749,"profit_mean_pct":0.03,"profit_total_abs":2.8805323500000033,"profit_total":0.0028805323500000033,"profit_total_pct":0.29,"duration_avg":"3:41:00","wins":17,"draws":15,"losses":3,"winrate":0.4857142857142857,"cagr":0.010882321634799963,"expectancy":0.08230092428571445,"expectancy_ratio":-0.42299530428242005,"sortino":0.15152259822299133,"sharpe":0.11013564958514564,"calmar":2.6247368596426397,"sqn":0.0932,"profit_factor":1.0650547833717658,"max_drawdown_account":0.021615320766808797,"max_drawdown_abs":22.0181894},{"key":"TOTAL","trades":35,"profit_mean":0.0002890284674325749,"profit_mean_pct":0.03,"profit_total_abs":2.8805323500000033,"profit_total":0.0028805323500000033,"profit_total_pct":0.29,"duration_avg":"3:41:00","wins":17,"draws":15,"losses":3,"winrate":0.4857142857142857,"cagr":0.010882321634799963,"expectancy":0.08230092428571445,"expectancy_ratio":-0.42299530428242005,"sortino":0.15152259822299133,"sharpe":0.11013564958514564,"calmar":2.6247368596426397,"sqn":0.0932,"profit_factor":1.0650547833717658,"max_drawdown_account":0.021615320766808797,"max_drawdown_abs":22.0181894}],"exit_reason_summary":[{"key":"roi","trades":31,"profit_mean":0.004238025780909137,"profit_mean_pct":0.42,"profit_total_abs":43.54947655,"profit_total":0.04354947655,"profit_total_pct":4.35,"duration_avg":"2:58:00","wins":16,"draws":15,"losses":0,"winrate":0.5161290322580645,"cagr":0.17398483598802628,"expectancy":1.4048218241935484,"expectancy_ratio":100.0,"sortino":-100,"sharpe":3.784931182415461,"calmar":-100,"sqn":3.3953,"profit_factor":0.0,"max_drawdown_account":0.0,"max_drawdown_abs":0.0},{"key":"exit_signal","trades":2,"profit_mean":-0.008771615508309114,"profit_mean_pct":-0.88,"profit_total_abs":-5.8548475600000005,"profit_total":-0.00585484756,"profit_total_pct":-0.59,"duration_avg":"16:00:00","wins":1,"draws":0,"losses":1,"winrate":0.5,"cagr":-0.021853548951978552,"expectancy":-2.9274237800000003,"expectancy_ratio":-0.3093067844426557,"sortino":-100,"sharpe":-0.17640421160924555,"calmar":-12.228099246079822,"sqn":-0.4478,"profit_factor":0.38138643111468856,"max_drawdown_account":0.009430426511400311,"max_drawdown_abs":9.46446676},{"key":"stop_loss","trades":2,"profit_mean":-0.05185978591571244,"profit_mean_pct":-5.19,"profit_total_abs":-34.81409664,"profit_total":-0.03481409664,"profit_total_pct":-3.48,"duration_avg":"2:30:00","wins":0,"draws":0,"losses":2,"winrate":0.0,"cagr":-0.1248291846702334,"expectancy":-17.40704832,"expectancy_ratio":-1.0,"sortino":-182.23279726942698,"sharpe":-182.23279726942698,"calmar":-19.695848633549275,"sqn":-462.6173,"profit_factor":0.0,"max_drawdown_account":0.03481409664,"max_drawdown_abs":34.81409664},{"key":"TOTAL","trades":35,"profit_mean":0.0002890284674325749,"profit_mean_pct":0.03,"profit_total_abs":2.8805323500000033,"profit_total":0.0028805323500000033,"profit_total_pct":0.29,"duration_avg":"3:41:00","wins":17,"draws":15,"losses":3,"winrate":0.4857142857142857,"cagr":0.010882321634799963,"expectancy":0.08230092428571445,"expectancy_ratio":-0.42299530428242005,"sortino":0.15152259822299133,"sharpe":0.11013564958514564,"calmar":2.6247368596426397,"sqn":0.0932,"profit_factor":1.0650547833717658,"max_drawdown_account":0.021615320766808797,"max_drawdown_abs":22.0181894}],"mix_tag_stats":[{"key":["","roi"],"trades":31,"profit_mean":0.004238025780909137,"profit_mean_pct":0.42,"profit_total_abs":43.54947655,"profit_total":0.04354947655,"profit_total_pct":4.35,"duration_avg":"2:58:00","wins":16,"draws":15,"losses":0,"winrate":0.5161290322580645,"cagr":0.17398483598802628,"expectancy":1.4048218241935484,"expectancy_ratio":100.0,"sortino":-100,"sharpe":3.784931182415461,"calmar":-100,"sqn":3.3953,"profit_factor":0.0,"max_drawdown_account":0.0,"max_drawdown_abs":0.0},{"key":["","exit_signal"],"trades":2,"profit_mean":-0.008771615508309114,"profit_mean_pct":-0.88,"profit_total_abs":-5.8548475600000005,"profit_total":-0.00585484756,"profit_total_pct":-0.59,"duration_avg":"16:00:00","wins":1,"draws":0,"losses":1,"winrate":0.5,"cagr":-0.021853548951978552,"expectancy":-2.9274237800000003,"expectancy_ratio":-0.3093067844426557,"sortino":-100,"sharpe":-0.17640421160924555,"calmar":-12.228099246079822,"sqn":-0.4478,"profit_factor":0.38138643111468856,"max_drawdown_account":0.009430426511400311,"max_drawdown_abs":9.46446676},{"key":["","stop_loss"],"trades":2,"profit_mean":-0.05185978591571244,"profit_mean_pct":-5.19,"profit_total_abs":-34.81409664,"profit_total":-0.03481409664,"profit_total_pct":-3.48,"duration_avg":"2:30:00","wins":0,"draws":0,"losses":2,"winrate":0.0,"cagr":-0.1248291846702334,"expectancy":-17.40704832,"expectancy_ratio":-1.0,"sortino":-182.23279726942698,"sharpe":-182.23279726942698,"calmar":-19.695848633549275,"sqn":-462.6173,"profit_factor":0.0,"max_drawdown_account":0.03481409664,"max_drawdown_abs":34.81409664},{"key":"TOTAL","trades":35,"profit_mean":0.0002890284674325749,"profit_mean_pct":0.03,"profit_total_abs":2.8805323500000033,"profit_total":0.0028805323500000033,"profit_total_pct":0.29,"duration_avg":"3:41:00","wins":17,"draws":15,"losses":3,"winrate":0.4857142857142857,"cagr":0.010882321634799963,"expectancy":0.08230092428571445,"expectancy_ratio":-0.42299530428242005,"sortino":0.15152259822299133,"sharpe":0.11013564958514564,"calmar":2.6247368596426397,"sqn":0.0932,"profit_factor":1.0650547833717658,"max_drawdown_account":0.021615320766808797,"max_drawdown_abs":22.0181894}],"left_open_trades":[{"key":"TOTAL","trades":0,"profit_mean":0.0,"profit_mean_pct":0.0,"profit_total_abs":0.0,"profit_total":0.0,"profit_total_pct":0.0,"duration_avg":"0:00","wins":0,"draws":0,"losses":0,"winrate":0.0,"cagr":0.0,"expectancy":0.0,"expectancy_ratio":100.0,"sortino":0,"sharpe":0,"calmar":0,"sqn":0.0,"profit_factor":0.0,"max_drawdown_account":0.0,"max_drawdown_abs":0.0}],"total_trades":35,"trade_count_long":35,"trade_count_short":0,"total_volume":23256.584374396745,"avg_stake_amount":331.5319591428571,"profit_mean":0.0002890284674325749,"profit_median":0.0,"profit_total":0.0028805323500000033,"profit_total_long":0.0028805323500000033,"profit_total_short":0.0,"profit_total_abs":2.8805323500000033,"profit_total_long_abs":2.8805323500000033,"profit_total_short_abs":0.0,"cagr":0.010882321634799963,"expectancy":0.08230092428571445,"expectancy_ratio":-0.42299530428242005,"sortino":0.15152259822299133,"sharpe":0.11013564958514564,"calmar":2.6247368596426397,"sqn":0.0932,"profit_factor":1.0650547833717658,"backtest_start":"2025-10-01 00:00:00","backtest_start_ts":1759276800000,"backtest_end":"2026-01-06 20:00:00","backtest_end_ts":1767729600000,"backtest_days":97,"backtest_run_start_ts":1767741328,"backtest_run_end_ts":1767741329,"trades_per_day":0.36,"market_change":-0.36632086436227446,"pairlist":["DOGE/USDT"],"stake_amount":"unlimited","stake_currency":"USDT","stake_currency_decimals":3,"starting_balance":1000,"dry_run_wallet":1000,"final_balance":1002.88053235,"rejected_signals":0,"timedout_entry_orders":0,"timedout_exit_orders":0,"canceled_trade_entries":0,"canceled_entry_orders":0,"replaced_entry_orders":0,"max_open_trades":1,"max_open_trades_setting":3,"timeframe":"1h","timeframe_detail":"","timerange":"20251001-","enable_protections":false,"strategy_name":"ACO_23_24","freqaimodel":null,"freqai_identifier":null,"stoploss":-0.05,"trailing_stop":false,"trailing_stop_positive":null,"trailing_stop_positive_offset":0.0,"trailing_only_offset_is_reached":false,"use_custom_stoploss":false,"minimal_roi":{"0":0.1,"60":0.05,"120":0.0},"use_exit_signal":true,"exit_profit_only":false,"exit_profit_offset":0.0,"ignore_roi_if_entry_signal":false,"trading_mode":"spot","margin_mode":"","periodic_breakdown":{"day":[{"date":"03/10/2025","date_ts":1759449600000,"profit_abs":0.0488523,"wins":1,"draws":0,"losses":0,"trades":1,"profit_factor":0.0},{"date":"04/10/2025","date_ts":1759536000000,"profit_abs":0.0,"wins":0,"draws":0,"losses":0,"trades":0,"profit_factor":0.0},{"date":"05/10/2025","date_ts":1759622400000,"profit_abs":0.0,"wins":0,"draws":0,"losses":0,"trades":0,"profit_factor":0.0},{"date":"06/10/2025","date_ts":1759708800000,"profit_abs":0.0,"wins":0,"draws":0,"losses":0,"trades":0,"profit_factor":0.0},{"date":"07/10/2025","date_ts":1759795200000,"profit_abs":0.0,"wins":0,"draws":1,"losses":0,"trades":1,"profit_factor":0.0},{"date":"08/10/2025","date_ts":1759881600000,"profit_abs":0.20203824,"wins":1,"draws":0,"losses":0,"trades":1,"profit_factor":0.0},{"date":"09/10/2025","date_ts":1759968000000,"profit_abs":0.0,"wins":0,"draws":0,"losses":0,"trades":0,"profit_factor":0.0},{"date":"10/10/2025","date_ts":1760054400000,"profit_abs":0.0,"wins":0,"draws":0,"losses":0,"trades":0,"profit_factor":0.0},{"date":"11/10/2025","date_ts":1760140800000,"profit_abs":0.0,"wins":0,"draws":1,"losses":0,"trades":1,"profit_factor":0.0},{"date":"12/10/2025","date_ts":1760227200000,"profit_abs":0.0,"wins":0,"draws":0,"losses":0,"trades":0,"profit_factor":0.0},{"date":"13/10/2025","date_ts":1760313600000,"profit_abs":0.0,"wins":0,"draws":0,"losses":0,"trades":0,"profit_factor":0.0},{"date":"14/10/2025","date_ts":1760400000000,"profit_abs":0.0,"wins":0,"draws":0,"losses":0,"trades":0,"profit_factor":0.0},{"date":"15/10/2025","date_ts":1760486400000,"profit_abs":0.0,"wins":0,"draws":0,"losses":0,"trades":0,"profit_factor":0.0},{"date":"16/10/2025","date_ts":1760572800000,"profit_abs":3.76085452,"wins":2,"draws":0,"losses":0,"trades":2,"profit_factor":0.0},{"date":"17/10/2025","date_ts":1760659200000,"profit_abs":0.0,"wins":0,"draws":2,"losses":0,"trades":2,"profit_factor":0.0},{"date":"18/10/2025","date_ts":1760745600000,"profit_abs":0.0,"wins":0,"draws":0,"losses":0,"trades":0,"profit_factor":0.0},{"date":"19/10/2025","date_ts":1760832000000,"profit_abs":0.0,"wins":0,"draws":0,"losses":0,"trades":0,"profit_factor":0.0},{"date":"20/10/2025","date_ts":1760918400000,"profit_abs":0.0,"wins":0,"draws":0,"losses":0,"trades":0,"profit_factor":0.0},{"date":"21/10/2025","date_ts":1761004800000,"profit_abs":0.0,"wins":0,"draws":0,"losses":0,"trades":0,"profit_factor":0.0},{"date":"22/10/2025","date_ts":1761091200000,"profit_abs":0.0,"wins":0,"draws":0,"losses":0,"trades":0,"profit_factor":0.0},{"date":"23/10/2025","date_ts":1761177600000,"profit_abs":0.0,"wins":0,"draws":0,"losses":0,"trades":0,"profit_factor":0.0},{"date":"24/10/2025","date_ts":1761264000000,"profit_abs":0.0,"wins":0,"draws":0,"losses":0,"trades":0,"profit_factor":0.0},{"date":"25/10/2025","date_ts":1761350400000,"profit_abs":0.0,"wins":0,"draws":0,"losses":0,"trades":0,"profit_factor":0.0},{"date":"26/10/2025","date_ts":1761436800000,"profit_abs":0.0,"wins":0,"draws":0,"losses":0,"trades":0,"profit_factor":0.0},{"date":"27/10/2025","date_ts":1761523200000,"profit_abs":0.0,"wins":0,"draws":1,"losses":0,"trades":1,"profit_factor":0.0},{"date":"28/10/2025","date_ts":1761609600000,"profit_abs":0.0,"wins":0,"draws":0,"losses":0,"trades":0,"profit_factor":0.0},{"date":"29/10/2025","date_ts":1761696000000,"profit_abs":8.60451468,"wins":2,"draws":0,"losses":0,"trades":2,"profit_factor":0.0},{"date":"30/10/2025","date_ts":1761782400000,"profit_abs":-11.42282968,"wins":1,"draws":1,"losses":1,"trades":3,"profit_factor":0.34519679},{"date":"31/10/2025","date_ts":1761868800000,"profit_abs":0.0,"wins":0,"draws":0,"losses":0,"trades":0,"profit_factor":0.0},{"date":"01/11/2025","date_ts":1761955200000,"profit_abs":0.0,"wins":0,"draws":0,"losses":0,"trades":0,"profit_factor":0.0},{"date":"02/11/2025","date_ts":1762041600000,"profit_abs":0.0,"wins":0,"draws":0,"losses":0,"trades":0,"profit_factor":0.0},{"date":"03/11/2025","date_ts":1762128000000,"profit_abs":0.55912032,"wins":1,"draws":0,"losses":0,"trades":1,"profit_factor":0.0},{"date":"04/11/2025","date_ts":1762214400000,"profit_abs":11.228614,"wins":2,"draws":1,"losses":0,"trades":3,"profit_factor":0.0},{"date":"05/11/2025","date_ts":1762300800000,"profit_abs":0.0,"wins":0,"draws":0,"losses":0,"trades":0,"profit_factor":0.0},{"date":"06/11/2025","date_ts":1762387200000,"profit_abs":0.0,"wins":0,"draws":1,"losses":0,"trades":1,"profit_factor":0.0},{"date":"07/11/2025","date_ts":1762473600000,"profit_abs":0.0,"wins":0,"draws":0,"losses":0,"trades":0,"profit_factor":0.0},{"date":"08/11/2025","date_ts":1762560000000,"profit_abs":0.0,"wins":0,"draws":0,"losses":0,"trades":0,"profit_factor":0.0},{"date":"09/11/2025","date_ts":1762646400000,"profit_abs":0.0,"wins":0,"draws":0,"losses":0,"trades":0,"profit_factor":0.0},{"date":"10/11/2025","date_ts":1762732800000,"profit_abs":0.0,"wins":0,"draws":0,"losses":0,"trades":0,"profit_factor":0.0},{"date":"11/11/2025","date_ts":1762819200000,"profit_abs":0.0,"wins":0,"draws":0,"losses":0,"trades":0,"profit_factor":0.0},{"date":"12/11/2025","date_ts":1762905600000,"profit_abs":0.0,"wins":0,"draws":0,"losses":0,"trades":0,"profit_factor":0.0},{"date":"13/11/2025","date_ts":1762992000000,"profit_abs":0.0,"wins":0,"draws":0,"losses":0,"trades":0,"profit_factor":0.0},{"date":"14/11/2025","date_ts":1763078400000,"profit_abs":0.0,"wins":0,"draws":1,"losses":0,"trades":1,"profit_factor":0.0},{"date":"15/11/2025","date_ts":1763164800000,"profit_abs":1.00817292,"wins":1,"draws":0,"losses":0,"trades":1,"profit_factor":0.0},{"date":"16/11/2025","date_ts":1763251200000,"profit_abs":0.0,"wins":0,"draws":0,"losses":0,"trades":0,"profit_factor":0.0},{"date":"17/11/2025","date_ts":1763337600000,"profit_abs":0.0,"wins":0,"draws":0,"losses":0,"trades":0,"profit_factor":0.0},{"date":"18/11/2025","date_ts":1763424000000,"profit_abs":0.0,"wins":0,"draws":0,"losses":0,"trades":0,"profit_factor":0.0},{"date":"19/11/2025","date_ts":1763510400000,"profit_abs":0.0,"wins":0,"draws":0,"losses":0,"trades":0,"profit_factor":0.0},{"date":"20/11/2025","date_ts":1763596800000,"profit_abs":0.0,"wins":0,"draws":0,"losses":0,"trades":0,"profit_factor":0.0},{"date":"21/11/2025","date_ts":1763683200000,"profit_abs":-15.38119106,"wins":1,"draws":0,"losses":1,"trades":2,"profit_factor":0.11446725},{"date":"22/11/2025","date_ts":1763769600000,"profit_abs":9.47721748,"wins":3,"draws":0,"losses":0,"trades":3,"profit_factor":0.0},{"date":"23/11/2025","date_ts":1763856000000,"profit_abs":0.0,"wins":0,"draws":0,"losses":0,"trades":0,"profit_factor":0.0},{"date":"24/11/2025","date_ts":1763942400000,"profit_abs":0.0,"wins":0,"draws":0,"losses":0,"trades":0,"profit_factor":0.0},{"date":"25/11/2025","date_ts":1764028800000,"profit_abs":0.0,"wins":0,"draws":0,"losses":0,"trades":0,"profit_factor":0.0},{"date":"26/11/2025","date_ts":1764115200000,"profit_abs":0.0,"wins":0,"draws":0,"losses":0,"trades":0,"profit_factor":0.0},{"date":"27/11/2025","date_ts":1764201600000,"profit_abs":0.0,"wins":0,"draws":0,"losses":0,"trades":0,"profit_factor":0.0},{"date":"28/11/2025","date_ts":1764288000000,"profit_abs":0.0,"wins":0,"draws":0,"losses":0,"trades":0,"profit_factor":0.0},{"date":"29/11/2025","date_ts":1764374400000,"profit_abs":0.0,"wins":0,"draws":0,"losses":0,"trades":0,"profit_factor":0.0},{"date":"30/11/2025","date_ts":1764460800000,"profit_abs":0.0,"wins":0,"draws":0,"losses":0,"trades":0,"profit_factor":0.0},{"date":"01/12/2025","date_ts":1764547200000,"profit_abs":0.0,"wins":0,"draws":2,"losses":0,"trades":2,"profit_factor":0.0},{"date":"02/12/2025","date_ts":1764633600000,"profit_abs":0.0,"wins":0,"draws":0,"losses":0,"trades":0,"profit_factor":0.0},{"date":"03/12/2025","date_ts":1764720000000,"profit_abs":0.0,"wins":0,"draws":0,"losses":0,"trades":0,"profit_factor":0.0},{"date":"04/12/2025","date_ts":1764806400000,"profit_abs":0.0,"wins":0,"draws":1,"losses":0,"trades":1,"profit_factor":0.0},{"date":"05/12/2025","date_ts":1764892800000,"profit_abs":0.0,"wins":0,"draws":1,"losses":0,"trades":1,"profit_factor":0.0},{"date":"06/12/2025","date_ts":1764979200000,"profit_abs":-9.46446676,"wins":0,"draws":0,"losses":1,"trades":1,"profit_factor":0.0},{"date":"07/12/2025","date_ts":1765065600000,"profit_abs":0.0,"wins":0,"draws":0,"losses":0,"trades":0,"profit_factor":0.0},{"date":"08/12/2025","date_ts":1765152000000,"profit_abs":0.0,"wins":0,"draws":0,"losses":0,"trades":0,"profit_factor":0.0},{"date":"09/12/2025","date_ts":1765238400000,"profit_abs":0.0,"wins":0,"draws":0,"losses":0,"trades":0,"profit_factor":0.0},{"date":"10/12/2025","date_ts":1765324800000,"profit_abs":0.0,"wins":0,"draws":0,"losses":0,"trades":0,"profit_factor":0.0},{"date":"11/12/2025","date_ts":1765411200000,"profit_abs":0.0,"wins":0,"draws":0,"losses":0,"trades":0,"profit_factor":0.0},{"date":"12/12/2025","date_ts":1765497600000,"profit_abs":0.0,"wins":0,"draws":0,"losses":0,"trades":0,"profit_factor":0.0},{"date":"13/12/2025","date_ts":1765584000000,"profit_abs":0.0,"wins":0,"draws":0,"losses":0,"trades":0,"profit_factor":0.0},{"date":"14/12/2025","date_ts":1765670400000,"profit_abs":0.0,"wins":0,"draws":0,"losses":0,"trades":0,"profit_factor":0.0},{"date":"15/12/2025","date_ts":1765756800000,"profit_abs":0.0,"wins":0,"draws":2,"losses":0,"trades":2,"profit_factor":0.0},{"date":"16/12/2025","date_ts":1765843200000,"profit_abs":0.0,"wins":0,"draws":0,"losses":0,"trades":0,"profit_factor":0.0},{"date":"17/12/2025","date_ts":1765929600000,"profit_abs":0.0,"wins":0,"draws":0,"losses":0,"trades":0,"profit_factor":0.0},{"date":"18/12/2025","date_ts":1766016000000,"profit_abs":0.0,"wins":0,"draws":0,"losses":0,"trades":0,"profit_factor":0.0},{"date":"19/12/2025","date_ts":1766102400000,"profit_abs":0.0,"wins":0,"draws":0,"losses":0,"trades":0,"profit_factor":0.0},{"date":"20/12/2025","date_ts":1766188800000,"profit_abs":0.0,"wins":0,"draws":0,"losses":0,"trades":0,"profit_factor":0.0},{"date":"21/12/2025","date_ts":1766275200000,"profit_abs":0.0,"wins":0,"draws":0,"losses":0,"trades":0,"profit_factor":0.0},{"date":"22/12/2025","date_ts":1766361600000,"profit_abs":0.0,"wins":0,"draws":0,"losses":0,"trades":0,"profit_factor":0.0},{"date":"23/12/2025","date_ts":1766448000000,"profit_abs":0.0,"wins":0,"draws":0,"losses":0,"trades":0,"profit_factor":0.0},{"date":"24/12/2025","date_ts":1766534400000,"profit_abs":0.0,"wins":0,"draws":0,"losses":0,"trades":0,"profit_factor":0.0},{"date":"25/12/2025","date_ts":1766620800000,"profit_abs":0.0,"wins":0,"draws":0,"losses":0,"trades":0,"profit_factor":0.0},{"date":"26/12/2025","date_ts":1766707200000,"profit_abs":0.0,"wins":0,"draws":0,"losses":0,"trades":0,"profit_factor":0.0},{"date":"27/12/2025","date_ts":1766793600000,"profit_abs":0.0,"wins":0,"draws":0,"losses":0,"trades":0,"profit_factor":0.0},{"date":"28/12/2025","date_ts":1766880000000,"profit_abs":0.0,"wins":0,"draws":0,"losses":0,"trades":0,"profit_factor":0.0},{"date":"29/12/2025","date_ts":1766966400000,"profit_abs":0.0,"wins":0,"draws":0,"losses":0,"trades":0,"profit_factor":0.0},{"date":"30/12/2025","date_ts":1767052800000,"profit_abs":0.0,"wins":0,"draws":0,"losses":0,"trades":0,"profit_factor":0.0},{"date":"31/12/2025","date_ts":1767139200000,"profit_abs":0.7737218,"wins":1,"draws":0,"losses":0,"trades":1,"profit_factor":0.0},{"date":"01/01/2026","date_ts":1767225600000,"profit_abs":0.0,"wins":0,"draws":0,"losses":0,"trades":0,"profit_factor":0.0},{"date":"02/01/2026","date_ts":1767312000000,"profit_abs":0.0,"wins":0,"draws":0,"losses":0,"trades":0,"profit_factor":0.0},{"date":"03/01/2026","date_ts":1767398400000,"profit_abs":0.0,"wins":0,"draws":0,"losses":0,"trades":0,"profit_factor":0.0},{"date":"04/01/2026","date_ts":1767484800000,"profit_abs":0.0,"wins":0,"draws":0,"losses":0,"trades":0,"profit_factor":0.0},{"date":"05/01/2026","date_ts":1767571200000,"profit_abs":3.48591359,"wins":1,"draws":0,"losses":0,"trades":1,"profit_factor":0.0}],"week":[{"date":"06/10/2025","date_ts":1759708800000,"profit_abs":0.0488523,"wins":1,"draws":0,"losses":0,"trades":1,"profit_factor":0.0},{"date":"13/10/2025","date_ts":1760313600000,"profit_abs":0.20203824,"wins":1,"draws":2,"losses":0,"trades":3,"profit_factor":0.0},{"date":"20/10/2025","date_ts":1760918400000,"profit_abs":3.76085452,"wins":2,"draws":2,"losses":0,"trades":4,"profit_factor":0.0},{"date":"27/10/2025","date_ts":1761523200000,"profit_abs":0.0,"wins":0,"draws":1,"losses":0,"trades":1,"profit_factor":0.0},{"date":"03/11/2025","date_ts":1762128000000,"profit_abs":-2.25919468,"wins":4,"draws":1,"losses":1,"trades":6,"profit_factor":0.87049374},{"date":"10/11/2025","date_ts":1762732800000,"profit_abs":11.228614,"wins":2,"draws":2,"losses":0,"trades":4,"profit_factor":0.0},{"date":"17/11/2025","date_ts":1763337600000,"profit_abs":1.00817292,"wins":1,"draws":1,"losses":0,"trades":2,"profit_factor":0.0},{"date":"24/11/2025","date_ts":1763942400000,"profit_abs":-5.90397358,"wins":4,"draws":0,"losses":1,"trades":5,"profit_factor":0.66009382},{"date":"01/12/2025","date_ts":1764547200000,"profit_abs":0.0,"wins":0,"draws":2,"losses":0,"trades":2,"profit_factor":0.0},{"date":"08/12/2025","date_ts":1765152000000,"profit_abs":-9.46446676,"wins":0,"draws":2,"losses":1,"trades":3,"profit_factor":0.0},{"date":"15/12/2025","date_ts":1765756800000,"profit_abs":0.0,"wins":0,"draws":2,"losses":0,"trades":2,"profit_factor":0.0},{"date":"22/12/2025","date_ts":1766361600000,"profit_abs":0.0,"wins":0,"draws":0,"losses":0,"trades":0,"profit_factor":0.0},{"date":"29/12/2025","date_ts":1766966400000,"profit_abs":0.0,"wins":0,"draws":0,"losses":0,"trades":0,"profit_factor":0.0},{"date":"05/01/2026","date_ts":1767571200000,"profit_abs":4.25963539,"wins":2,"draws":0,"losses":0,"trades":2,"profit_factor":0.0}],"month":[{"date":"31/10/2025","date_ts":1761868800000,"profit_abs":1.19343006,"wins":7,"draws":6,"losses":1,"trades":14,"profit_factor":1.06841228},{"date":"30/11/2025","date_ts":1764460800000,"profit_abs":6.89193366,"wins":8,"draws":3,"losses":1,"trades":12,"profit_factor":1.39678546},{"date":"31/12/2025","date_ts":1767139200000,"profit_abs":-8.69074496,"wins":1,"draws":6,"losses":1,"trades":8,"profit_factor":0.08175017},{"date":"31/01/2026","date_ts":1769817600000,"profit_abs":3.48591359,"wins":1,"draws":0,"losses":0,"trades":1,"profit_factor":0.0}],"year":[{"date":"31/12/2025","date_ts":1767139200000,"profit_abs":-0.60538124,"wins":16,"draws":15,"losses":3,"trades":34,"profit_factor":0.98632789},{"date":"31/12/2026","date_ts":1798675200000,"profit_abs":3.48591359,"wins":1,"draws":0,"losses":0,"trades":1,"profit_factor":0.0}],"weekday":[{"date":"Monday","date_ts":0,"profit_abs":4.04503391,"wins":2,"draws":5,"losses":0,"trades":7,"profit_factor":0.0},{"date":"Tuesday","date_ts":1,"profit_abs":11.228614,"wins":2,"draws":2,"losses":0,"trades":4,"profit_factor":0.0},{"date":"Wednesday","date_ts":2,"profit_abs":9.58027472,"wins":4,"draws":0,"losses":0,"trades":4,"profit_factor":0.0},{"date":"Thursday","date_ts":3,"profit_abs":-7.66197516,"wins":3,"draws":3,"losses":1,"trades":7,"profit_factor":0.56078432},{"date":"Friday","date_ts":4,"profit_abs":-15.33233876,"wins":2,"draws":4,"losses":1,"trades":7,"profit_factor":0.1172798},{"date":"Saturday","date_ts":5,"profit_abs":1.02092364,"wins":4,"draws":1,"losses":1,"trades":6,"profit_factor":1.10786911}]},"backtest_best_day":0.03385178950743163,"backtest_worst_day":-0.04582289095496046,"backtest_best_day_abs":11.228614,"backtest_worst_day_abs":-15.38119106,"winning_days":10,"draw_days":82,"losing_days":3,"daily_profit":[["2025-10-03",0.0488523],["2025-10-04",0.0],["2025-10-05",0.0],["2025-10-06",0.0],["2025-10-07",0.0],["2025-10-08",0.20203824],["2025-10-09",0.0],["2025-10-10",0.0],["2025-10-11",0.0],["2025-10-12",0.0],["2025-10-13",0.0],["2025-10-14",0.0],["2025-10-15",0.0],["2025-10-16",3.76085452],["2025-10-17",0.0],["2025-10-18",0.0],["2025-10-19",0.0],["2025-10-20",0.0],["2025-10-21",0.0],["2025-10-22",0.0],["2025-10-23",0.0],["2025-10-24",0.0],["2025-10-25",0.0],["2025-10-26",0.0],["2025-10-27",0.0],["2025-10-28",0.0],["2025-10-29",8.60451468],["2025-10-30",-11.42282968],["2025-10-31",0.0],["2025-11-01",0.0],["2025-11-02",0.0],["2025-11-03",0.55912032],["2025-11-04",11.228614],["2025-11-05",0.0],["2025-11-06",0.0],["2025-11-07",0.0],["2025-11-08",0.0],["2025-11-09",0.0],["2025-11-10",0.0],["2025-11-11",0.0],["2025-11-12",0.0],["2025-11-13",0.0],["2025-11-14",0.0],["2025-11-15",1.00817292],["2025-11-16",0.0],["2025-11-17",0.0],["2025-11-18",0.0],["2025-11-19",0.0],["2025-11-20",0.0],["2025-11-21",-15.38119106],["2025-11-22",9.47721748],["2025-11-23",0.0],["2025-11-24",0.0],["2025-11-25",0.0],["2025-11-26",0.0],["2025-11-27",0.0],["2025-11-28",0.0],["2025-11-29",0.0],["2025-11-30",0.0],["2025-12-01",0.0],["2025-12-02",0.0],["2025-12-03",0.0],["2025-12-04",0.0],["2025-12-05",0.0],["2025-12-06",-9.46446676],["2025-12-07",0.0],["2025-12-08",0.0],["2025-12-09",0.0],["2025-12-10",0.0],["2025-12-11",0.0],["2025-12-12",0.0],["2025-12-13",0.0],["2025-12-14",0.0],["2025-12-15",0.0],["2025-12-16",0.0],["2025-12-17",0.0],["2025-12-18",0.0],["2025-12-19",0.0],["2025-12-20",0.0],["2025-12-21",0.0],["2025-12-22",0.0],["2025-12-23",0.0],["2025-12-24",0.0],["2025-12-25",0.0],["2025-12-26",0.0],["2025-12-27",0.0],["2025-12-28",0.0],["2025-12-29",0.0],["2025-12-30",0.0],["2025-12-31",0.7737218],["2026-01-01",0.0],["2026-01-02",0.0],["2026-01-03",0.0],["2026-01-04",0.0],["2026-01-05",3.48591359]],"wins":17,"losses":3,"draws":15,"winrate":0.4857142857142857,"holding_avg":"3:41:00","holding_avg_s":13260.0,"winner_holding_min":"0d 02:00","winner_holding_min_s":7200.0,"winner_holding_max":"0d 02:00","winner_holding_max_s":7200.0,"winner_holding_avg":"0d 02:00","winner_holding_avg_s":7200.0,"loser_holding_min":"0d 00:00","loser_holding_min_s":0.0,"loser_holding_max":"1d 06:00","loser_holding_max_s":108000.0,"loser_holding_avg":"0d 11:40","loser_holding_avg_s":42000.0,"max_consecutive_wins":4,"max_consecutive_losses":7,"max_drawdown_account":0.021615320766808797,"max_relative_drawdown":0.021615320766808797,"max_drawdown_abs":22.0181894,"drawdown_start":"2025-10-30 07:00:00","drawdown_start_ts":1761807600000.0,"drawdown_end":"2025-11-21 07:00:00","drawdown_end_ts":1763708400000.0,"drawdown_duration":"22 days 00:00:00","drawdown_duration_s":1900800.0,"max_drawdown_low":-3.3800837,"max_drawdown_high":18.6381057,"csum_min":996.6199163,"csum_max":1018.6381057}},"strategy_comparison":[{"key":"ACO_23_24","trades":35,"profit_mean":0.0002890284674325749,"profit_mean_pct":0.03,"profit_total_abs":2.8805323500000033,"profit_total":0.0028805323500000033,"profit_total_pct":0.29,"duration_avg":"3:41:00","wins":17,"draws":15,"losses":3,"winrate":0.4857142857142857,"cagr":0.010882321634799963,"expectancy":0.08230092428571445,"expectancy_ratio":-0.42299530428242005,"sortino":0.15152259822299133,"sharpe":0.11013564958514564,"calmar":2.6247368596426397,"sqn":0.0932,"profit_factor":1.0650547833717658,"max_drawdown_account":0.021615320766808797,"max_drawdown_abs":"22.018"}]}