{"strategy":{"ACO_21_24":{"trades":[{"pair":"DOGE/USDT","stake_amount":329.82014,"max_stake_amount":329.82014,"amount":1282.0,"open_date":"2025-10-06 07:00:00+00:00","close_date":"2025-10-06 09:00:00+00:00","open_rate":0.25727,"close_rate":0.25778505505505506,"fee_open":0.001,"fee_close":0.001,"trade_duration":120,"profit_ratio":0.0,"profit_abs":0.0,"exit_reason":"roi","initial_stop_loss_abs":0.24441,"initial_stop_loss_ratio":-0.05,"stop_loss_abs":0.24441,"stop_loss_ratio":-0.05,"min_rate":0.25406,"max_rate":0.25916,"is_open":false,"enter_tag":"","leverage":1.0,"is_short":false,"open_timestamp":1759734000000,"close_timestamp":1759741200000,"orders":[{"amount":1282.0,"safe_price":0.25727,"ft_order_side":"buy","order_filled_timestamp":1759734000000,"ft_is_entry":true,"ft_order_tag":"","cost":330.14996013999996},{"amount":1282.0,"safe_price":0.25778505505505506,"ft_order_side":"sell","order_filled_timestamp":1759741200000,"ft_is_entry":false,"ft_order_tag":"roi","cost":330.81092102116116}],"funding_fees":0.0,"weekday":0},{"pair":"DOGE/USDT","stake_amount":329.95688,"max_stake_amount":329.95688,"amount":1562.0,"open_date":"2025-10-13 14:00:00+00:00","close_date":"2025-10-13 16:00:00+00:00","open_rate":0.21124,"close_rate":0.21166290290290288,"fee_open":0.001,"fee_close":0.001,"trade_duration":120,"profit_ratio":0.0,"profit_abs":0.0,"exit_reason":"roi","initial_stop_loss_abs":0.20068,"initial_stop_loss_ratio":-0.05,"stop_loss_abs":0.20068,"stop_loss_ratio":-0.05,"min_rate":0.20517,"max_rate":0.21192,"is_open":false,"enter_tag":"","leverage":1.0,"is_short":false,"open_timestamp":1760364000000,"close_timestamp":1760371200000,"orders":[{"amount":1562.0,"safe_price":0.21124,"ft_order_side":"buy","order_filled_timestamp":1760364000000,"ft_is_entry":true,"ft_order_tag":"","cost":330.28683687999995},{"amount":1562.0,"safe_price":0.21166290290290288,"ft_order_side":"sell","order_filled_timestamp":1760371200000,"ft_is_entry":false,"ft_order_tag":"roi","cost":330.9480717886686}],"funding_fees":0.0,"weekday":0},{"pair":"DOGE/USDT","stake_amount":329.90442,"max_stake_amount":329.90442,"amount":1698.0,"open_date":"2025-10-19 11:00:00+00:00","close_date":"2025-10-19 13:00:00+00:00","open_rate":0.19429,"close_rate":0.19467896896896894,"fee_open":0.001,"fee_close":0.001,"trade_duration":120,"profit_ratio":0.0,"profit_abs":0.0,"exit_reason":"roi","initial_stop_loss_abs":0.18458,"initial_stop_loss_ratio":-0.05,"stop_loss_abs":0.18458,"stop_loss_ratio":-0.05,"min_rate":0.19259,"max_rate":0.19805,"is_open":false,"enter_tag":"","leverage":1.0,"is_short":false,"open_timestamp":1760871600000,"close_timestamp":1760878800000,"orders":[{"amount":1698.0,"safe_price":0.19429,"ft_order_side":"buy","order_filled_timestamp":1760871600000,"ft_is_entry":true,"ft_order_tag":"","cost":330.23432441999995},{"amount":1698.0,"safe_price":0.19467896896896894,"ft_order_side":"sell","order_filled_timestamp":1760878800000,"ft_is_entry":false,"ft_order_tag":"roi","cost":330.89545419861855}],"funding_fees":0.0,"weekday":6},{"pair":"DOGE/USDT","stake_amount":329.8752,"max_stake_amount":329.8752,"amount":1656.0,"open_date":"2025-10-20 04:00:00+00:00","close_date":"2025-10-20 06:00:00+00:00","open_rate":0.1992,"close_rate":0.20135,"fee_open":0.001,"fee_close":0.001,"trade_duration":120,"profit_ratio":0.008773605912160129,"profit_abs":2.8970892,"exit_reason":"roi","initial_stop_loss_abs":0.18924,"initial_stop_loss_ratio":-0.05,"stop_loss_abs":0.18924,"stop_loss_ratio":-0.05,"min_rate":0.1992,"max_rate":0.20249,"is_open":false,"enter_tag":"","leverage":1.0,"is_short":false,"open_timestamp":1760932800000,"close_timestamp":1760940000000,"orders":[{"amount":1656.0,"safe_price":0.1992,"ft_order_side":"buy","order_filled_timestamp":1760932800000,"ft_is_entry":true,"ft_order_tag":"","cost":330.20507519999995},{"amount":1656.0,"safe_price":0.20135,"ft_order_side":"sell","order_filled_timestamp":1760940000000,"ft_is_entry":false,"ft_order_tag":"roi","cost":333.7690356}],"funding_fees":0.0,"weekday":0},{"pair":"DOGE/USDT","stake_amount":330.76845,"max_stake_amount":330.76845,"amount":1629.0,"open_date":"2025-10-21 15:00:00+00:00","close_date":"2025-10-22 00:00:00+00:00","open_rate":0.20305,"close_rate":0.1929,"fee_open":0.001,"fee_close":0.001,"trade_duration":540,"profit_ratio":-0.05188581425961381,"profit_abs":-17.17935255,"exit_reason":"stop_loss","initial_stop_loss_abs":0.1929,"initial_stop_loss_ratio":-0.05,"stop_loss_abs":0.1929,"stop_loss_ratio":-0.05,"min_rate":0.19251,"max_rate":0.20563,"is_open":false,"enter_tag":"","leverage":1.0,"is_short":false,"open_timestamp":1761058800000,"close_timestamp":1761091200000,"orders":[{"amount":1629.0,"safe_price":0.20305,"ft_order_side":"buy","order_filled_timestamp":1761058800000,"ft_is_entry":true,"ft_order_tag":"","cost":331.09921844999997},{"amount":1629.0,"safe_price":0.1929,"ft_order_side":"sell","order_filled_timestamp":1761091200000,"ft_is_entry":false,"ft_order_tag":"stop_loss","cost":314.5483340999999}],"funding_fees":0.0,"weekday":2},{"pair":"DOGE/USDT","stake_amount":325.2778,"max_stake_amount":325.2778,"amount":1735.0,"open_date":"2025-10-31 20:00:00+00:00","close_date":"2025-11-01 09:00:00+00:00","open_rate":0.18748,"close_rate":0.18785533533533533,"fee_open":0.001,"fee_close":0.001,"trade_duration":780,"profit_ratio":0.0,"profit_abs":0.0,"exit_reason":"roi","initial_stop_loss_abs":0.17811,"initial_stop_loss_ratio":-0.05,"stop_loss_abs":0.17811,"stop_loss_ratio":-0.05,"min_rate":0.18512,"max_rate":0.188,"is_open":false,"enter_tag":"","leverage":1.0,"is_short":false,"open_timestamp":1761940800000,"close_timestamp":1761987600000,"orders":[{"amount":1735.0,"safe_price":0.18748,"ft_order_side":"buy","order_filled_timestamp":1761940800000,"ft_is_entry":true,"ft_order_tag":"","cost":325.6030778},{"amount":1735.0,"safe_price":0.18785533533533533,"ft_order_side":"sell","order_filled_timestamp":1761987600000,"ft_is_entry":false,"ft_order_tag":"roi","cost":326.25493581361354}],"funding_fees":0.0,"weekday":5},{"pair":"DOGE/USDT","stake_amount":325.19355,"max_stake_amount":325.19355,"amount":2299.0,"open_date":"2025-12-07 18:00:00+00:00","close_date":"2025-12-07 20:00:00+00:00","open_rate":0.14145,"close_rate":0.1421,"fee_open":0.001,"fee_close":0.001,"trade_duration":120,"profit_ratio":0.002588080000593256,"profit_abs":0.84246855,"exit_reason":"roi","initial_stop_loss_abs":0.13438,"initial_stop_loss_ratio":-0.05,"stop_loss_abs":0.13438,"stop_loss_ratio":-0.05,"min_rate":0.14126,"max_rate":0.14291,"is_open":false,"enter_tag":"","leverage":1.0,"is_short":false,"open_timestamp":1765130400000,"close_timestamp":1765137600000,"orders":[{"amount":2299.0,"safe_price":0.14145,"ft_order_side":"buy","order_filled_timestamp":1765130400000,"ft_is_entry":true,"ft_order_tag":"","cost":325.5187435499999},{"amount":2299.0,"safe_price":0.1421,"ft_order_side":"sell","order_filled_timestamp":1765137600000,"ft_is_entry":false,"ft_order_tag":"roi","cost":327.0145879}],"funding_fees":0.0,"weekday":6},{"pair":"DOGE/USDT","stake_amount":325.4416,"max_stake_amount":325.4416,"amount":2420.0,"open_date":"2025-12-17 15:00:00+00:00","close_date":"2025-12-17 16:00:00+00:00","open_rate":0.13448,"close_rate":0.12776,"fee_open":0.001,"fee_close":0.001,"trade_duration":60,"profit_ratio":-0.05186841712719166,"profit_abs":-16.8970208,"exit_reason":"stop_loss","initial_stop_loss_abs":0.12776,"initial_stop_loss_ratio":-0.05,"stop_loss_abs":0.12776,"stop_loss_ratio":-0.05,"min_rate":0.12583,"max_rate":0.13631,"is_open":false,"enter_tag":"","leverage":1.0,"is_short":false,"open_timestamp":1765983600000,"close_timestamp":1765987200000,"orders":[{"amount":2420.0,"safe_price":0.13448,"ft_order_side":"buy","order_filled_timestamp":1765983600000,"ft_is_entry":true,"ft_order_tag":"","cost":325.76704159999997},{"amount":2420.0,"safe_price":0.12776,"ft_order_side":"sell","order_filled_timestamp":1765987200000,"ft_is_entry":false,"ft_order_tag":"stop_loss","cost":309.4883792}],"funding_fees":0.0,"weekday":2},{"pair":"DOGE/USDT","stake_amount":319.93929,"max_stake_amount":319.93929,"amount":2409.0,"open_date":"2025-12-21 09:00:00+00:00","close_date":"2025-12-22 00:00:00+00:00","open_rate":0.13281,"close_rate":0.13307588588588587,"fee_open":0.001,"fee_close":0.001,"trade_duration":900,"profit_ratio":0.0,"profit_abs":0.0,"exit_reason":"roi","initial_stop_loss_abs":0.12617,"initial_stop_loss_ratio":-0.05,"stop_loss_abs":0.12617,"stop_loss_ratio":-0.05,"min_rate":0.12871,"max_rate":0.13424,"is_open":false,"enter_tag":"","leverage":1.0,"is_short":false,"open_timestamp":1766307600000,"close_timestamp":1766361600000,"orders":[{"amount":2409.0,"safe_price":0.13281,"ft_order_side":"buy","order_filled_timestamp":1766307600000,"ft_is_entry":true,"ft_order_tag":"","cost":320.25922929},{"amount":2409.0,"safe_price":0.13307588588588587,"ft_order_side":"sell","order_filled_timestamp":1766361600000,"ft_is_entry":false,"ft_order_tag":"roi","cost":320.9003889081981}],"funding_fees":0.0,"weekday":0},{"pair":"DOGE/USDT","stake_amount":319.98298,"max_stake_amount":319.98298,"amount":2557.0,"open_date":"2025-12-29 01:00:00+00:00","close_date":"2025-12-29 03:00:00+00:00","open_rate":0.12514,"close_rate":0.12639,"fee_open":0.001,"fee_close":0.001,"trade_duration":120,"profit_ratio":0.007970852864571899,"profit_abs":2.55308779,"exit_reason":"roi","initial_stop_loss_abs":0.11889,"initial_stop_loss_ratio":-0.05,"stop_loss_abs":0.11889,"stop_loss_ratio":-0.05,"min_rate":0.12437,"max_rate":0.12777,"is_open":false,"enter_tag":"","leverage":1.0,"is_short":false,"open_timestamp":1766970000000,"close_timestamp":1766977200000,"orders":[{"amount":2557.0,"safe_price":0.12514,"ft_order_side":"buy","order_filled_timestamp":1766970000000,"ft_is_entry":true,"ft_order_tag":"","cost":320.30296297999996},{"amount":2557.0,"safe_price":0.12639,"ft_order_side":"sell","order_filled_timestamp":1766977200000,"ft_is_entry":false,"ft_order_tag":"roi","cost":323.50240922999996}],"funding_fees":0.0,"weekday":0}],"locks":[],"best_pair":{"key":"DOGE/USDT","trades":10,"profit_mean":-0.008442169260948018,"profit_mean_pct":-0.84,"profit_total_abs":-27.783727810000006,"profit_total":-0.027783727810000006,"profit_total_pct":-2.78,"duration_avg":"5:00:00","wins":3,"draws":5,"losses":2,"winrate":0.3,"cagr":-0.10059949616117492,"expectancy":-2.778372781,"expectancy_ratio":-0.6630673987788082,"sortino":-38.76461626589905,"sharpe":-0.7595449549650075,"calmar":-16.5135411486198,"sqn":-1.1569,"profit_factor":0.18466300610595937,"max_drawdown_account":0.03313790134390591,"max_drawdown_abs":33.233904800000005},"worst_pair":{"key":"DOGE/USDT","trades":10,"profit_mean":-0.008442169260948018,"profit_mean_pct":-0.84,"profit_total_abs":-27.783727810000006,"profit_total":-0.027783727810000006,"profit_total_pct":-2.78,"duration_avg":"5:00:00","wins":3,"draws":5,"losses":2,"winrate":0.3,"cagr":-0.10059949616117492,"expectancy":-2.778372781,"expectancy_ratio":-0.6630673987788082,"sortino":-38.76461626589905,"sharpe":-0.7595449549650075,"calmar":-16.5135411486198,"sqn":-1.1569,"profit_factor":0.18466300610595937,"max_drawdown_account":0.03313790134390591,"max_drawdown_abs":33.233904800000005},"results_per_pair":[{"key":"DOGE/USDT","trades":10,"profit_mean":-0.008442169260948018,"profit_mean_pct":-0.84,"profit_total_abs":-27.783727810000006,"profit_total":-0.027783727810000006,"profit_total_pct":-2.78,"duration_avg":"5:00:00","wins":3,"draws":5,"losses":2,"winrate":0.3,"cagr":-0.10059949616117492,"expectancy":-2.778372781,"expectancy_ratio":-0.6630673987788082,"sortino":-38.76461626589905,"sharpe":-0.7595449549650075,"calmar":-16.5135411486198,"sqn":-1.1569,"profit_factor":0.18466300610595937,"max_drawdown_account":0.03313790134390591,"max_drawdown_abs":33.233904800000005},{"key":"TOTAL","trades":10,"profit_mean":-0.008442169260948018,"profit_mean_pct":-0.84,"profit_total_abs":-27.783727810000006,"profit_total":-0.027783727810000006,"profit_total_pct":-2.78,"duration_avg":"5:00:00","wins":3,"draws":5,"losses":2,"winrate":0.3,"cagr":-0.10059949616117492,"expectancy":-2.778372781,"expectancy_ratio":-0.6630673987788082,"sortino":-38.76461626589905,"sharpe":-0.7595449549650075,"calmar":-16.5135411486198,"sqn":-1.1569,"profit_factor":0.18466300610595937,"max_drawdown_account":0.03313790134390591,"max_drawdown_abs":33.233904800000005}],"results_per_enter_tag":[{"key":"","trades":10,"profit_mean":-0.008442169260948018,"profit_mean_pct":-0.84,"profit_total_abs":-27.783727810000006,"profit_total":-0.027783727810000006,"profit_total_pct":-2.78,"duration_avg":"5:00:00","wins":3,"draws":5,"losses":2,"winrate":0.3,"cagr":-0.10059949616117492,"expectancy":-2.778372781,"expectancy_ratio":-0.6630673987788082,"sortino":-38.76461626589905,"sharpe":-0.7595449549650075,"calmar":-16.5135411486198,"sqn":-1.1569,"profit_factor":0.18466300610595937,"max_drawdown_account":0.03313790134390591,"max_drawdown_abs":33.233904800000005},{"key":"TOTAL","trades":10,"profit_mean":-0.008442169260948018,"profit_mean_pct":-0.84,"profit_total_abs":-27.783727810000006,"profit_total":-0.027783727810000006,"profit_total_pct":-2.78,"duration_avg":"5:00:00","wins":3,"draws":5,"losses":2,"winrate":0.3,"cagr":-0.10059949616117492,"expectancy":-2.778372781,"expectancy_ratio":-0.6630673987788082,"sortino":-38.76461626589905,"sharpe":-0.7595449549650075,"calmar":-16.5135411486198,"sqn":-1.1569,"profit_factor":0.18466300610595937,"max_drawdown_account":0.03313790134390591,"max_drawdown_abs":33.233904800000005}],"exit_reason_summary":[{"key":"roi","trades":8,"profit_mean":0.0024165673471656605,"profit_mean_pct":0.24,"profit_total_abs":6.2926455400000005,"profit_total":0.006292645540000001,"profit_total_pct":0.63,"duration_avg":"5:00:00","wins":3,"draws":5,"losses":0,"winrate":0.375,"cagr":0.02388510932315291,"expectancy":0.7865806925000001,"expectancy_ratio":100.0,"sortino":-100,"sharpe":1.073101944042277,"calmar":-100,"sqn":1.8019,"profit_factor":0.0,"max_drawdown_account":0.0,"max_drawdown_abs":0.0},{"key":"stop_loss","trades":2,"profit_mean":-0.05187711569340274,"profit_mean_pct":-5.19,"profit_total_abs":-34.07637335,"profit_total":-0.034076373349999994,"profit_total_pct":-3.41,"duration_avg":"5:00:00","wins":0,"draws":0,"losses":2,"winrate":0.0,"cagr":-0.12230944885725026,"expectancy":-17.038186675,"expectancy_ratio":-1.0,"sortino":-47.54428727777904,"sharpe":-47.54428727777904,"calmar":-19.69584863354925,"sqn":-120.6962,"profit_factor":0.0,"max_drawdown_account":0.03407637335000004,"max_drawdown_abs":34.07637335},{"key":"TOTAL","trades":10,"profit_mean":-0.008442169260948018,"profit_mean_pct":-0.84,"profit_total_abs":-27.783727810000006,"profit_total":-0.027783727810000006,"profit_total_pct":-2.78,"duration_avg":"5:00:00","wins":3,"draws":5,"losses":2,"winrate":0.3,"cagr":-0.10059949616117492,"expectancy":-2.778372781,"expectancy_ratio":-0.6630673987788082,"sortino":-38.76461626589905,"sharpe":-0.7595449549650075,"calmar":-16.5135411486198,"sqn":-1.1569,"profit_factor":0.18466300610595937,"max_drawdown_account":0.03313790134390591,"max_drawdown_abs":33.233904800000005}],"mix_tag_stats":[{"key":["","roi"],"trades":8,"profit_mean":0.0024165673471656605,"profit_mean_pct":0.24,"profit_total_abs":6.2926455400000005,"profit_total":0.006292645540000001,"profit_total_pct":0.63,"duration_avg":"5:00:00","wins":3,"draws":5,"losses":0,"winrate":0.375,"cagr":0.02388510932315291,"expectancy":0.7865806925000001,"expectancy_ratio":100.0,"sortino":-100,"sharpe":1.073101944042277,"calmar":-100,"sqn":1.8019,"profit_factor":0.0,"max_drawdown_account":0.0,"max_drawdown_abs":0.0},{"key":["","stop_loss"],"trades":2,"profit_mean":-0.05187711569340274,"profit_mean_pct":-5.19,"profit_total_abs":-34.07637335,"profit_total":-0.034076373349999994,"profit_total_pct":-3.41,"duration_avg":"5:00:00","wins":0,"draws":0,"losses":2,"winrate":0.0,"cagr":-0.12230944885725026,"expectancy":-17.038186675,"expectancy_ratio":-1.0,"sortino":-47.54428727777904,"sharpe":-47.54428727777904,"calmar":-19.69584863354925,"sqn":-120.6962,"profit_factor":0.0,"max_drawdown_account":0.03407637335000004,"max_drawdown_abs":34.07637335},{"key":"TOTAL","trades":10,"profit_mean":-0.008442169260948018,"profit_mean_pct":-0.84,"profit_total_abs":-27.783727810000006,"profit_total":-0.027783727810000006,"profit_total_pct":-2.78,"duration_avg":"5:00:00","wins":3,"draws":5,"losses":2,"winrate":0.3,"cagr":-0.10059949616117492,"expectancy":-2.778372781,"expectancy_ratio":-0.6630673987788082,"sortino":-38.76461626589905,"sharpe":-0.7595449549650075,"calmar":-16.5135411486198,"sqn":-1.1569,"profit_factor":0.18466300610595937,"max_drawdown_account":0.03313790134390591,"max_drawdown_abs":33.233904800000005}],"left_open_trades":[{"key":"TOTAL","trades":0,"profit_mean":0.0,"profit_mean_pct":0.0,"profit_total_abs":0.0,"profit_total":0.0,"profit_total_pct":0.0,"duration_avg":"0:00","wins":0,"draws":0,"losses":0,"winrate":0.0,"cagr":0.0,"expectancy":0.0,"expectancy_ratio":100.0,"sortino":0,"sharpe":0,"calmar":0,"sqn":0.0,"profit_factor":0.0,"max_drawdown_account":0.0,"max_drawdown_abs":0.0}],"total_trades":10,"trade_count_long":10,"trade_count_short":0,"total_volume":6517.558988070259,"avg_stake_amount":326.616031,"profit_mean":-0.008442169260948018,"profit_median":0.0,"profit_total":-0.027783727810000006,"profit_total_long":-0.027783727810000006,"profit_total_short":0.0,"profit_total_abs":-27.783727810000006,"profit_total_long_abs":-27.783727810000006,"profit_total_short_abs":0.0,"cagr":-0.10059949616117492,"expectancy":-2.778372781,"expectancy_ratio":-0.6630673987788082,"sortino":-38.76461626589905,"sharpe":-0.7595449549650075,"calmar":-16.5135411486198,"sqn":-1.1569,"profit_factor":0.18466300610595937,"backtest_start":"2025-10-01 00:00:00","backtest_start_ts":1759276800000,"backtest_end":"2026-01-06 20:00:00","backtest_end_ts":1767729600000,"backtest_days":97,"backtest_run_start_ts":1767743150,"backtest_run_end_ts":1767743150,"trades_per_day":0.1,"market_change":-0.36632086436227446,"pairlist":["DOGE/USDT"],"stake_amount":"unlimited","stake_currency":"USDT","stake_currency_decimals":3,"starting_balance":1000,"dry_run_wallet":1000,"final_balance":972.21627219,"rejected_signals":0,"timedout_entry_orders":0,"timedout_exit_orders":0,"canceled_trade_entries":0,"canceled_entry_orders":0,"replaced_entry_orders":0,"max_open_trades":1,"max_open_trades_setting":3,"timeframe":"1h","timeframe_detail":"","timerange":"20251001-","enable_protections":false,"strategy_name":"ACO_21_24","freqaimodel":null,"freqai_identifier":null,"stoploss":-0.05,"trailing_stop":false,"trailing_stop_positive":null,"trailing_stop_positive_offset":0.0,"trailing_only_offset_is_reached":false,"use_custom_stoploss":false,"minimal_roi":{"0":0.1,"60":0.05,"120":0.0},"use_exit_signal":true,"exit_profit_only":false,"exit_profit_offset":0.0,"ignore_roi_if_entry_signal":false,"trading_mode":"spot","margin_mode":"","periodic_breakdown":{"day":[{"date":"06/10/2025","date_ts":1759708800000,"profit_abs":0.0,"wins":0,"draws":1,"losses":0,"trades":1,"profit_factor":0.0},{"date":"07/10/2025","date_ts":1759795200000,"profit_abs":0.0,"wins":0,"draws":0,"losses":0,"trades":0,"profit_factor":0.0},{"date":"08/10/2025","date_ts":1759881600000,"profit_abs":0.0,"wins":0,"draws":0,"losses":0,"trades":0,"profit_factor":0.0},{"date":"09/10/2025","date_ts":1759968000000,"profit_abs":0.0,"wins":0,"draws":0,"losses":0,"trades":0,"profit_factor":0.0},{"date":"10/10/2025","date_ts":1760054400000,"profit_abs":0.0,"wins":0,"draws":0,"losses":0,"trades":0,"profit_factor":0.0},{"date":"11/10/2025","date_ts":1760140800000,"profit_abs":0.0,"wins":0,"draws":0,"losses":0,"trades":0,"profit_factor":0.0},{"date":"12/10/2025","date_ts":1760227200000,"profit_abs":0.0,"wins":0,"draws":0,"losses":0,"trades":0,"profit_factor":0.0},{"date":"13/10/2025","date_ts":1760313600000,"profit_abs":0.0,"wins":0,"draws":1,"losses":0,"trades":1,"profit_factor":0.0},{"date":"14/10/2025","date_ts":1760400000000,"profit_abs":0.0,"wins":0,"draws":0,"losses":0,"trades":0,"profit_factor":0.0},{"date":"15/10/2025","date_ts":1760486400000,"profit_abs":0.0,"wins":0,"draws":0,"losses":0,"trades":0,"profit_factor":0.0},{"date":"16/10/2025","date_ts":1760572800000,"profit_abs":0.0,"wins":0,"draws":0,"losses":0,"trades":0,"profit_factor":0.0},{"date":"17/10/2025","date_ts":1760659200000,"profit_abs":0.0,"wins":0,"draws":0,"losses":0,"trades":0,"profit_factor":0.0},{"date":"18/10/2025","date_ts":1760745600000,"profit_abs":0.0,"wins":0,"draws":0,"losses":0,"trades":0,"profit_factor":0.0},{"date":"19/10/2025","date_ts":1760832000000,"profit_abs":0.0,"wins":0,"draws":1,"losses":0,"trades":1,"profit_factor":0.0},{"date":"20/10/2025","date_ts":1760918400000,"profit_abs":2.8970892,"wins":1,"draws":0,"losses":0,"trades":1,"profit_factor":0.0},{"date":"21/10/2025","date_ts":1761004800000,"profit_abs":0.0,"wins":0,"draws":0,"losses":0,"trades":0,"profit_factor":0.0},{"date":"22/10/2025","date_ts":1761091200000,"profit_abs":-17.17935255,"wins":0,"draws":0,"losses":1,"trades":1,"profit_factor":0.0},{"date":"23/10/2025","date_ts":1761177600000,"profit_abs":0.0,"wins":0,"draws":0,"losses":0,"trades":0,"profit_factor":0.0},{"date":"24/10/2025","date_ts":1761264000000,"profit_abs":0.0,"wins":0,"draws":0,"losses":0,"trades":0,"profit_factor":0.0},{"date":"25/10/2025","date_ts":1761350400000,"profit_abs":0.0,"wins":0,"draws":0,"losses":0,"trades":0,"profit_factor":0.0},{"date":"26/10/2025","date_ts":1761436800000,"profit_abs":0.0,"wins":0,"draws":0,"losses":0,"trades":0,"profit_factor":0.0},{"date":"27/10/2025","date_ts":1761523200000,"profit_abs":0.0,"wins":0,"draws":0,"losses":0,"trades":0,"profit_factor":0.0},{"date":"28/10/2025","date_ts":1761609600000,"profit_abs":0.0,"wins":0,"draws":0,"losses":0,"trades":0,"profit_factor":0.0},{"date":"29/10/2025","date_ts":1761696000000,"profit_abs":0.0,"wins":0,"draws":0,"losses":0,"trades":0,"profit_factor":0.0},{"date":"30/10/2025","date_ts":1761782400000,"profit_abs":0.0,"wins":0,"draws":0,"losses":0,"trades":0,"profit_factor":0.0},{"date":"31/10/2025","date_ts":1761868800000,"profit_abs":0.0,"wins":0,"draws":0,"losses":0,"trades":0,"profit_factor":0.0},{"date":"01/11/2025","date_ts":1761955200000,"profit_abs":0.0,"wins":0,"draws":1,"losses":0,"trades":1,"profit_factor":0.0},{"date":"02/11/2025","date_ts":1762041600000,"profit_abs":0.0,"wins":0,"draws":0,"losses":0,"trades":0,"profit_factor":0.0},{"date":"03/11/2025","date_ts":1762128000000,"profit_abs":0.0,"wins":0,"draws":0,"losses":0,"trades":0,"profit_factor":0.0},{"date":"04/11/2025","date_ts":1762214400000,"profit_abs":0.0,"wins":0,"draws":0,"losses":0,"trades":0,"profit_factor":0.0},{"date":"05/11/2025","date_ts":1762300800000,"profit_abs":0.0,"wins":0,"draws":0,"losses":0,"trades":0,"profit_factor":0.0},{"date":"06/11/2025","date_ts":1762387200000,"profit_abs":0.0,"wins":0,"draws":0,"losses":0,"trades":0,"profit_factor":0.0},{"date":"07/11/2025","date_ts":1762473600000,"profit_abs":0.0,"wins":0,"draws":0,"losses":0,"trades":0,"profit_factor":0.0},{"date":"08/11/2025","date_ts":1762560000000,"profit_abs":0.0,"wins":0,"draws":0,"losses":0,"trades":0,"profit_factor":0.0},{"date":"09/11/2025","date_ts":1762646400000,"profit_abs":0.0,"wins":0,"draws":0,"losses":0,"trades":0,"profit_factor":0.0},{"date":"10/11/2025","date_ts":1762732800000,"profit_abs":0.0,"wins":0,"draws":0,"losses":0,"trades":0,"profit_factor":0.0},{"date":"11/11/2025","date_ts":1762819200000,"profit_abs":0.0,"wins":0,"draws":0,"losses":0,"trades":0,"profit_factor":0.0},{"date":"12/11/2025","date_ts":1762905600000,"profit_abs":0.0,"wins":0,"draws":0,"losses":0,"trades":0,"profit_factor":0.0},{"date":"13/11/2025","date_ts":1762992000000,"profit_abs":0.0,"wins":0,"draws":0,"losses":0,"trades":0,"profit_factor":0.0},{"date":"14/11/2025","date_ts":1763078400000,"profit_abs":0.0,"wins":0,"draws":0,"losses":0,"trades":0,"profit_factor":0.0},{"date":"15/11/2025","date_ts":1763164800000,"profit_abs":0.0,"wins":0,"draws":0,"losses":0,"trades":0,"profit_factor":0.0},{"date":"16/11/2025","date_ts":1763251200000,"profit_abs":0.0,"wins":0,"draws":0,"losses":0,"trades":0,"profit_factor":0.0},{"date":"17/11/2025","date_ts":1763337600000,"profit_abs":0.0,"wins":0,"draws":0,"losses":0,"trades":0,"profit_factor":0.0},{"date":"18/11/2025","date_ts":1763424000000,"profit_abs":0.0,"wins":0,"draws":0,"losses":0,"trades":0,"profit_factor":0.0},{"date":"19/11/2025","date_ts":1763510400000,"profit_abs":0.0,"wins":0,"draws":0,"losses":0,"trades":0,"profit_factor":0.0},{"date":"20/11/2025","date_ts":1763596800000,"profit_abs":0.0,"wins":0,"draws":0,"losses":0,"trades":0,"profit_factor":0.0},{"date":"21/11/2025","date_ts":1763683200000,"profit_abs":0.0,"wins":0,"draws":0,"losses":0,"trades":0,"profit_factor":0.0},{"date":"22/11/2025","date_ts":1763769600000,"profit_abs":0.0,"wins":0,"draws":0,"losses":0,"trades":0,"profit_factor":0.0},{"date":"23/11/2025","date_ts":1763856000000,"profit_abs":0.0,"wins":0,"draws":0,"losses":0,"trades":0,"profit_factor":0.0},{"date":"24/11/2025","date_ts":1763942400000,"profit_abs":0.0,"wins":0,"draws":0,"losses":0,"trades":0,"profit_factor":0.0},{"date":"25/11/2025","date_ts":1764028800000,"profit_abs":0.0,"wins":0,"draws":0,"losses":0,"trades":0,"profit_factor":0.0},{"date":"26/11/2025","date_ts":1764115200000,"profit_abs":0.0,"wins":0,"draws":0,"losses":0,"trades":0,"profit_factor":0.0},{"date":"27/11/2025","date_ts":1764201600000,"profit_abs":0.0,"wins":0,"draws":0,"losses":0,"trades":0,"profit_factor":0.0},{"date":"28/11/2025","date_ts":1764288000000,"profit_abs":0.0,"wins":0,"draws":0,"losses":0,"trades":0,"profit_factor":0.0},{"date":"29/11/2025","date_ts":1764374400000,"profit_abs":0.0,"wins":0,"draws":0,"losses":0,"trades":0,"profit_factor":0.0},{"date":"30/11/2025","date_ts":1764460800000,"profit_abs":0.0,"wins":0,"draws":0,"losses":0,"trades":0,"profit_factor":0.0},{"date":"01/12/2025","date_ts":1764547200000,"profit_abs":0.0,"wins":0,"draws":0,"losses":0,"trades":0,"profit_factor":0.0},{"date":"02/12/2025","date_ts":1764633600000,"profit_abs":0.0,"wins":0,"draws":0,"losses":0,"trades":0,"profit_factor":0.0},{"date":"03/12/2025","date_ts":1764720000000,"profit_abs":0.0,"wins":0,"draws":0,"losses":0,"trades":0,"profit_factor":0.0},{"date":"04/12/2025","date_ts":1764806400000,"profit_abs":0.0,"wins":0,"draws":0,"losses":0,"trades":0,"profit_factor":0.0},{"date":"05/12/2025","date_ts":1764892800000,"profit_abs":0.0,"wins":0,"draws":0,"losses":0,"trades":0,"profit_factor":0.0},{"date":"06/12/2025","date_ts":1764979200000,"profit_abs":0.0,"wins":0,"draws":0,"losses":0,"trades":0,"profit_factor":0.0},{"date":"07/12/2025","date_ts":1765065600000,"profit_abs":0.84246855,"wins":1,"draws":0,"losses":0,"trades":1,"profit_factor":0.0},{"date":"08/12/2025","date_ts":1765152000000,"profit_abs":0.0,"wins":0,"draws":0,"losses":0,"trades":0,"profit_factor":0.0},{"date":"09/12/2025","date_ts":1765238400000,"profit_abs":0.0,"wins":0,"draws":0,"losses":0,"trades":0,"profit_factor":0.0},{"date":"10/12/2025","date_ts":1765324800000,"profit_abs":0.0,"wins":0,"draws":0,"losses":0,"trades":0,"profit_factor":0.0},{"date":"11/12/2025","date_ts":1765411200000,"profit_abs":0.0,"wins":0,"draws":0,"losses":0,"trades":0,"profit_factor":0.0},{"date":"12/12/2025","date_ts":1765497600000,"profit_abs":0.0,"wins":0,"draws":0,"losses":0,"trades":0,"profit_factor":0.0},{"date":"13/12/2025","date_ts":1765584000000,"profit_abs":0.0,"wins":0,"draws":0,"losses":0,"trades":0,"profit_factor":0.0},{"date":"14/12/2025","date_ts":1765670400000,"profit_abs":0.0,"wins":0,"draws":0,"losses":0,"trades":0,"profit_factor":0.0},{"date":"15/12/2025","date_ts":1765756800000,"profit_abs":0.0,"wins":0,"draws":0,"losses":0,"trades":0,"profit_factor":0.0},{"date":"16/12/2025","date_ts":1765843200000,"profit_abs":0.0,"wins":0,"draws":0,"losses":0,"trades":0,"profit_factor":0.0},{"date":"17/12/2025","date_ts":1765929600000,"profit_abs":-16.8970208,"wins":0,"draws":0,"losses":1,"trades":1,"profit_factor":0.0},{"date":"18/12/2025","date_ts":1766016000000,"profit_abs":0.0,"wins":0,"draws":0,"losses":0,"trades":0,"profit_factor":0.0},{"date":"19/12/2025","date_ts":1766102400000,"profit_abs":0.0,"wins":0,"draws":0,"losses":0,"trades":0,"profit_factor":0.0},{"date":"20/12/2025","date_ts":1766188800000,"profit_abs":0.0,"wins":0,"draws":0,"losses":0,"trades":0,"profit_factor":0.0},{"date":"21/12/2025","date_ts":1766275200000,"profit_abs":0.0,"wins":0,"draws":0,"losses":0,"trades":0,"profit_factor":0.0},{"date":"22/12/2025","date_ts":1766361600000,"profit_abs":0.0,"wins":0,"draws":1,"losses":0,"trades":1,"profit_factor":0.0},{"date":"23/12/2025","date_ts":1766448000000,"profit_abs":0.0,"wins":0,"draws":0,"losses":0,"trades":0,"profit_factor":0.0},{"date":"24/12/2025","date_ts":1766534400000,"profit_abs":0.0,"wins":0,"draws":0,"losses":0,"trades":0,"profit_factor":0.0},{"date":"25/12/2025","date_ts":1766620800000,"profit_abs":0.0,"wins":0,"draws":0,"losses":0,"trades":0,"profit_factor":0.0},{"date":"26/12/2025","date_ts":1766707200000,"profit_abs":0.0,"wins":0,"draws":0,"losses":0,"trades":0,"profit_factor":0.0},{"date":"27/12/2025","date_ts":1766793600000,"profit_abs":0.0,"wins":0,"draws":0,"losses":0,"trades":0,"profit_factor":0.0},{"date":"28/12/2025","date_ts":1766880000000,"profit_abs":0.0,"wins":0,"draws":0,"losses":0,"trades":0,"profit_factor":0.0},{"date":"29/12/2025","date_ts":1766966400000,"profit_abs":2.55308779,"wins":1,"draws":0,"losses":0,"trades":1,"profit_factor":0.0}],"week":[{"date":"06/10/2025","date_ts":1759708800000,"profit_abs":0.0,"wins":0,"draws":1,"losses":0,"trades":1,"profit_factor":0.0},{"date":"13/10/2025","date_ts":1760313600000,"profit_abs":0.0,"wins":0,"draws":1,"losses":0,"trades":1,"profit_factor":0.0},{"date":"20/10/2025","date_ts":1760918400000,"profit_abs":2.8970892,"wins":1,"draws":1,"losses":0,"trades":2,"profit_factor":0.0},{"date":"27/10/2025","date_ts":1761523200000,"profit_abs":-17.17935255,"wins":0,"draws":0,"losses":1,"trades":1,"profit_factor":0.0},{"date":"03/11/2025","date_ts":1762128000000,"profit_abs":0.0,"wins":0,"draws":1,"losses":0,"trades":1,"profit_factor":0.0},{"date":"10/11/2025","date_ts":1762732800000,"profit_abs":0.0,"wins":0,"draws":0,"losses":0,"trades":0,"profit_factor":0.0},{"date":"17/11/2025","date_ts":1763337600000,"profit_abs":0.0,"wins":0,"draws":0,"losses":0,"trades":0,"profit_factor":0.0},{"date":"24/11/2025","date_ts":1763942400000,"profit_abs":0.0,"wins":0,"draws":0,"losses":0,"trades":0,"profit_factor":0.0},{"date":"01/12/2025","date_ts":1764547200000,"profit_abs":0.0,"wins":0,"draws":0,"losses":0,"trades":0,"profit_factor":0.0},{"date":"08/12/2025","date_ts":1765152000000,"profit_abs":0.84246855,"wins":1,"draws":0,"losses":0,"trades":1,"profit_factor":0.0},{"date":"15/12/2025","date_ts":1765756800000,"profit_abs":0.0,"wins":0,"draws":0,"losses":0,"trades":0,"profit_factor":0.0},{"date":"22/12/2025","date_ts":1766361600000,"profit_abs":-16.8970208,"wins":0,"draws":1,"losses":1,"trades":2,"profit_factor":0.0},{"date":"29/12/2025","date_ts":1766966400000,"profit_abs":2.55308779,"wins":1,"draws":0,"losses":0,"trades":1,"profit_factor":0.0}],"month":[{"date":"31/10/2025","date_ts":1761868800000,"profit_abs":-14.28226335,"wins":1,"draws":3,"losses":1,"trades":5,"profit_factor":0.16863786},{"date":"30/11/2025","date_ts":1764460800000,"profit_abs":0.0,"wins":0,"draws":1,"losses":0,"trades":1,"profit_factor":0.0},{"date":"31/12/2025","date_ts":1767139200000,"profit_abs":-13.50146446,"wins":2,"draws":1,"losses":1,"trades":4,"profit_factor":0.20095592}],"year":[{"date":"31/12/2025","date_ts":1767139200000,"profit_abs":-27.78372781,"wins":3,"draws":5,"losses":2,"trades":10,"profit_factor":0.18466301}],"weekday":[{"date":"Monday","date_ts":0,"profit_abs":5.45017699,"wins":2,"draws":3,"losses":0,"trades":5,"profit_factor":0.0},{"date":"Wednesday","date_ts":2,"profit_abs":-34.07637335,"wins":0,"draws":0,"losses":2,"trades":2,"profit_factor":0.0},{"date":"Saturday","date_ts":5,"profit_abs":0.0,"wins":0,"draws":1,"losses":0,"trades":1,"profit_factor":0.0},{"date":"Sunday","date_ts":6,"profit_abs":0.84246855,"wins":1,"draws":1,"losses":0,"trades":2,"profit_factor":0.0}]},"backtest_best_day":0.008773605912160129,"backtest_worst_day":-0.05188581425961381,"backtest_best_day_abs":2.8970892,"backtest_worst_day_abs":-17.17935255,"winning_days":3,"draw_days":80,"losing_days":2,"daily_profit":[["2025-10-06",0.0],["2025-10-07",0.0],["2025-10-08",0.0],["2025-10-09",0.0],["2025-10-10",0.0],["2025-10-11",0.0],["2025-10-12",0.0],["2025-10-13",0.0],["2025-10-14",0.0],["2025-10-15",0.0],["2025-10-16",0.0],["2025-10-17",0.0],["2025-10-18",0.0],["2025-10-19",0.0],["2025-10-20",2.8970892],["2025-10-21",0.0],["2025-10-22",-17.17935255],["2025-10-23",0.0],["2025-10-24",0.0],["2025-10-25",0.0],["2025-10-26",0.0],["2025-10-27",0.0],["2025-10-28",0.0],["2025-10-29",0.0],["2025-10-30",0.0],["2025-10-31",0.0],["2025-11-01",0.0],["2025-11-02",0.0],["2025-11-03",0.0],["2025-11-04",0.0],["2025-11-05",0.0],["2025-11-06",0.0],["2025-11-07",0.0],["2025-11-08",0.0],["2025-11-09",0.0],["2025-11-10",0.0],["2025-11-11",0.0],["2025-11-12",0.0],["2025-11-13",0.0],["2025-11-14",0.0],["2025-11-15",0.0],["2025-11-16",0.0],["2025-11-17",0.0],["2025-11-18",0.0],["2025-11-19",0.0],["2025-11-20",0.0],["2025-11-21",0.0],["2025-11-22",0.0],["2025-11-23",0.0],["2025-11-24",0.0],["2025-11-25",0.0],["2025-11-26",0.0],["2025-11-27",0.0],["2025-11-28",0.0],["2025-11-29",0.0],["2025-11-30",0.0],["2025-12-01",0.0],["2025-12-02",0.0],["2025-12-03",0.0],["2025-12-04",0.0],["2025-12-05",0.0],["2025-12-06",0.0],["2025-12-07",0.84246855],["2025-12-08",0.0],["2025-12-09",0.0],["2025-12-10",0.0],["2025-12-11",0.0],["2025-12-12",0.0],["2025-12-13",0.0],["2025-12-14",0.0],["2025-12-15",0.0],["2025-12-16",0.0],["2025-12-17",-16.8970208],["2025-12-18",0.0],["2025-12-19",0.0],["2025-12-20",0.0],["2025-12-21",0.0],["2025-12-22",0.0],["2025-12-23",0.0],["2025-12-24",0.0],["2025-12-25",0.0],["2025-12-26",0.0],["2025-12-27",0.0],["2025-12-28",0.0],["2025-12-29",2.55308779]],"wins":3,"losses":2,"draws":5,"winrate":0.3,"holding_avg":"5:00:00","holding_avg_s":18000.0,"winner_holding_min":"0d 02:00","winner_holding_min_s":7200.0,"winner_holding_max":"0d 02:00","winner_holding_max_s":7200.0,"winner_holding_avg":"0d 02:00","winner_holding_avg_s":7200.0,"loser_holding_min":"0d 01:00","loser_holding_min_s":3600.0,"loser_holding_max":"0d 09:00","loser_holding_max_s":32400.0,"loser_holding_avg":"0d 05:00","loser_holding_avg_s":18000.0,"max_consecutive_wins":1,"max_consecutive_losses":3,"max_drawdown_account":0.03313790134390591,"max_relative_drawdown":0.03313790134390591,"max_drawdown_abs":33.233904800000005,"drawdown_start":"2025-10-20 06:00:00","drawdown_start_ts":1760940000000.0,"drawdown_end":"2025-12-17 16:00:00","drawdown_end_ts":1765987200000.0,"drawdown_duration":"58 days 10:00:00","drawdown_duration_s":5047200.0,"max_drawdown_low":-30.3368156,"max_drawdown_high":2.8970892,"csum_min":969.6631844,"csum_max":1002.8970892}},"strategy_comparison":[{"key":"ACO_21_24","trades":10,"profit_mean":-0.008442169260948018,"profit_mean_pct":-0.84,"profit_total_abs":-27.783727810000006,"profit_total":-0.027783727810000006,"profit_total_pct":-2.78,"duration_avg":"5:00:00","wins":3,"draws":5,"losses":2,"winrate":0.3,"cagr":-0.10059949616117492,"expectancy":-2.778372781,"expectancy_ratio":-0.6630673987788082,"sortino":-38.76461626589905,"sharpe":-0.7595449549650075,"calmar":-16.5135411486198,"sqn":-1.1569,"profit_factor":0.18466300610595937,"max_drawdown_account":0.03313790134390591,"max_drawdown_abs":"33.234"}]}