{"strategy":{"ACO_75_11":{"trades":[{"pair":"DOGE/USDT","stake_amount":329.84432,"max_stake_amount":329.84432,"amount":1828.0,"open_date":"2025-11-08 11:00:00+00:00","close_date":"2025-11-09 03:00:00+00:00","open_rate":0.18044,"close_rate":0.17142,"fee_open":0.001,"fee_close":0.001,"trade_duration":960,"profit_ratio":-0.051887040027142,"profit_abs":-17.13176008,"exit_reason":"stop_loss","initial_stop_loss_abs":0.17142,"initial_stop_loss_ratio":-0.05,"stop_loss_abs":0.17142,"stop_loss_ratio":-0.05,"min_rate":0.17123,"max_rate":0.18117,"is_open":false,"enter_tag":"","leverage":1.0,"is_short":false,"open_timestamp":1762599600000,"close_timestamp":1762657200000,"orders":[{"amount":1828.0,"safe_price":0.18044,"ft_order_side":"buy","order_filled_timestamp":1762599600000,"ft_is_entry":true,"ft_order_tag":"","cost":330.17416431999993},{"amount":1828.0,"safe_price":0.17142,"ft_order_side":"sell","order_filled_timestamp":1762657200000,"ft_is_entry":false,"ft_order_tag":"stop_loss","cost":313.66911575999995}],"funding_fees":0.0,"weekday":6},{"pair":"DOGE/USDT","stake_amount":324.28167,"max_stake_amount":324.28167,"amount":2371.0,"open_date":"2025-11-21 12:00:00+00:00","close_date":"2025-11-21 14:00:00+00:00","open_rate":0.13677,"close_rate":0.14011,"fee_open":0.001,"fee_close":0.001,"trade_duration":120,"profit_ratio":0.022373765738538713,"profit_abs":7.26265752,"exit_reason":"roi","initial_stop_loss_abs":0.12994,"initial_stop_loss_ratio":-0.05,"stop_loss_abs":0.12994,"stop_loss_ratio":-0.05,"min_rate":0.13321,"max_rate":0.14209,"is_open":false,"enter_tag":"","leverage":1.0,"is_short":false,"open_timestamp":1763726400000,"close_timestamp":1763733600000,"orders":[{"amount":2371.0,"safe_price":0.13677,"ft_order_side":"buy","order_filled_timestamp":1763726400000,"ft_is_entry":true,"ft_order_tag":"","cost":324.60595166999997},{"amount":2371.0,"safe_price":0.14011,"ft_order_side":"sell","order_filled_timestamp":1763733600000,"ft_is_entry":false,"ft_order_tag":"roi","cost":332.53301081}],"funding_fees":0.0,"weekday":4},{"pair":"DOGE/USDT","stake_amount":326.61321,"max_stake_amount":326.61321,"amount":2387.0,"open_date":"2025-12-01 05:00:00+00:00","close_date":"2025-12-01 07:00:00+00:00","open_rate":0.13683,"close_rate":0.1371039339339339,"fee_open":0.001,"fee_close":0.001,"trade_duration":120,"profit_ratio":0.0,"profit_abs":0.0,"exit_reason":"roi","initial_stop_loss_abs":0.12999,"initial_stop_loss_ratio":-0.05,"stop_loss_abs":0.12999,"stop_loss_ratio":-0.05,"min_rate":0.13655,"max_rate":0.13778,"is_open":false,"enter_tag":"","leverage":1.0,"is_short":false,"open_timestamp":1764565200000,"close_timestamp":1764572400000,"orders":[{"amount":2387.0,"safe_price":0.13683,"ft_order_side":"buy","order_filled_timestamp":1764565200000,"ft_is_entry":true,"ft_order_tag":"","cost":326.93982321},{"amount":2387.0,"safe_price":0.1371039339339339,"ft_order_side":"sell","order_filled_timestamp":1764572400000,"ft_is_entry":false,"ft_order_tag":"roi","cost":327.5943573906005}],"funding_fees":0.0,"weekday":0}],"locks":[],"best_pair":{"key":"DOGE/USDT","trades":3,"profit_mean":-0.009837758096201096,"profit_mean_pct":-0.98,"profit_total_abs":-9.869102559999998,"profit_total":-0.009869102559999999,"profit_total_pct":-0.99,"duration_avg":"6:40:00","wins":1,"draws":1,"losses":1,"winrate":0.3333333333333333,"cagr":-0.036632942603806784,"expectancy":-3.289700853333333,"expectancy_ratio":-0.5253568521061537,"sortino":-100,"sharpe":-0.19006512365431716,"calmar":-11.346198479492896,"sqn":-0.4549,"profit_factor":0.4239294436815391,"max_drawdown_account":0.017131760080000048,"max_drawdown_abs":17.13176008},"worst_pair":{"key":"DOGE/USDT","trades":3,"profit_mean":-0.009837758096201096,"profit_mean_pct":-0.98,"profit_total_abs":-9.869102559999998,"profit_total":-0.009869102559999999,"profit_total_pct":-0.99,"duration_avg":"6:40:00","wins":1,"draws":1,"losses":1,"winrate":0.3333333333333333,"cagr":-0.036632942603806784,"expectancy":-3.289700853333333,"expectancy_ratio":-0.5253568521061537,"sortino":-100,"sharpe":-0.19006512365431716,"calmar":-11.346198479492896,"sqn":-0.4549,"profit_factor":0.4239294436815391,"max_drawdown_account":0.017131760080000048,"max_drawdown_abs":17.13176008},"results_per_pair":[{"key":"DOGE/USDT","trades":3,"profit_mean":-0.009837758096201096,"profit_mean_pct":-0.98,"profit_total_abs":-9.869102559999998,"profit_total":-0.009869102559999999,"profit_total_pct":-0.99,"duration_avg":"6:40:00","wins":1,"draws":1,"losses":1,"winrate":0.3333333333333333,"cagr":-0.036632942603806784,"expectancy":-3.289700853333333,"expectancy_ratio":-0.5253568521061537,"sortino":-100,"sharpe":-0.19006512365431716,"calmar":-11.346198479492896,"sqn":-0.4549,"profit_factor":0.4239294436815391,"max_drawdown_account":0.017131760080000048,"max_drawdown_abs":17.13176008},{"key":"TOTAL","trades":3,"profit_mean":-0.009837758096201096,"profit_mean_pct":-0.98,"profit_total_abs":-9.869102559999998,"profit_total":-0.009869102559999999,"profit_total_pct":-0.99,"duration_avg":"6:40:00","wins":1,"draws":1,"losses":1,"winrate":0.3333333333333333,"cagr":-0.036632942603806784,"expectancy":-3.289700853333333,"expectancy_ratio":-0.5253568521061537,"sortino":-100,"sharpe":-0.19006512365431716,"calmar":-11.346198479492896,"sqn":-0.4549,"profit_factor":0.4239294436815391,"max_drawdown_account":0.017131760080000048,"max_drawdown_abs":17.13176008}],"results_per_enter_tag":[{"key":"","trades":3,"profit_mean":-0.009837758096201096,"profit_mean_pct":-0.98,"profit_total_abs":-9.869102559999998,"profit_total":-0.009869102559999999,"profit_total_pct":-0.99,"duration_avg":"6:40:00","wins":1,"draws":1,"losses":1,"winrate":0.3333333333333333,"cagr":-0.036632942603806784,"expectancy":-3.289700853333333,"expectancy_ratio":-0.5253568521061537,"sortino":-100,"sharpe":-0.19006512365431716,"calmar":-11.346198479492896,"sqn":-0.4549,"profit_factor":0.4239294436815391,"max_drawdown_account":0.017131760080000048,"max_drawdown_abs":17.13176008},{"key":"TOTAL","trades":3,"profit_mean":-0.009837758096201096,"profit_mean_pct":-0.98,"profit_total_abs":-9.869102559999998,"profit_total":-0.009869102559999999,"profit_total_pct":-0.99,"duration_avg":"6:40:00","wins":1,"draws":1,"losses":1,"winrate":0.3333333333333333,"cagr":-0.036632942603806784,"expectancy":-3.289700853333333,"expectancy_ratio":-0.5253568521061537,"sortino":-100,"sharpe":-0.19006512365431716,"calmar":-11.346198479492896,"sqn":-0.4549,"profit_factor":0.4239294436815391,"max_drawdown_account":0.017131760080000048,"max_drawdown_abs":17.13176008}],"exit_reason_summary":[{"key":"roi","trades":2,"profit_mean":0.011186882869269357,"profit_mean_pct":1.12,"profit_total_abs":7.26265752,"profit_total":0.00726265752,"profit_total_pct":0.73,"duration_avg":"2:00:00","wins":1,"draws":1,"losses":0,"winrate":0.5,"cagr":0.02760391445485988,"expectancy":3.63132876,"expectancy_ratio":100.0,"sortino":-100,"sharpe":0.3939169726709855,"calmar":-100,"sqn":1.0,"profit_factor":0.0,"max_drawdown_account":0.0,"max_drawdown_abs":0.0},{"key":"stop_loss","trades":1,"profit_mean":-0.051887040027142,"profit_mean_pct":-5.19,"profit_total_abs":-17.13176008,"profit_total":-0.01713176008,"profit_total_pct":-1.71,"duration_avg":"16:00:00","wins":0,"draws":0,"losses":1,"winrate":0.0,"cagr":-0.06295451777932393,"expectancy":-17.13176008,"expectancy_ratio":-1.0,"sortino":-100,"sharpe":-100,"calmar":-19.695848633549225,"sqn":-100.0,"profit_factor":0.0,"max_drawdown_account":0.017131760080000048,"max_drawdown_abs":17.13176008},{"key":"TOTAL","trades":3,"profit_mean":-0.009837758096201096,"profit_mean_pct":-0.98,"profit_total_abs":-9.869102559999998,"profit_total":-0.009869102559999999,"profit_total_pct":-0.99,"duration_avg":"6:40:00","wins":1,"draws":1,"losses":1,"winrate":0.3333333333333333,"cagr":-0.036632942603806784,"expectancy":-3.289700853333333,"expectancy_ratio":-0.5253568521061537,"sortino":-100,"sharpe":-0.19006512365431716,"calmar":-11.346198479492896,"sqn":-0.4549,"profit_factor":0.4239294436815391,"max_drawdown_account":0.017131760080000048,"max_drawdown_abs":17.13176008}],"mix_tag_stats":[{"key":["","roi"],"trades":2,"profit_mean":0.011186882869269357,"profit_mean_pct":1.12,"profit_total_abs":7.26265752,"profit_total":0.00726265752,"profit_total_pct":0.73,"duration_avg":"2:00:00","wins":1,"draws":1,"losses":0,"winrate":0.5,"cagr":0.02760391445485988,"expectancy":3.63132876,"expectancy_ratio":100.0,"sortino":-100,"sharpe":0.3939169726709855,"calmar":-100,"sqn":1.0,"profit_factor":0.0,"max_drawdown_account":0.0,"max_drawdown_abs":0.0},{"key":["","stop_loss"],"trades":1,"profit_mean":-0.051887040027142,"profit_mean_pct":-5.19,"profit_total_abs":-17.13176008,"profit_total":-0.01713176008,"profit_total_pct":-1.71,"duration_avg":"16:00:00","wins":0,"draws":0,"losses":1,"winrate":0.0,"cagr":-0.06295451777932393,"expectancy":-17.13176008,"expectancy_ratio":-1.0,"sortino":-100,"sharpe":-100,"calmar":-19.695848633549225,"sqn":-100.0,"profit_factor":0.0,"max_drawdown_account":0.017131760080000048,"max_drawdown_abs":17.13176008},{"key":"TOTAL","trades":3,"profit_mean":-0.009837758096201096,"profit_mean_pct":-0.98,"profit_total_abs":-9.869102559999998,"profit_total":-0.009869102559999999,"profit_total_pct":-0.99,"duration_avg":"6:40:00","wins":1,"draws":1,"losses":1,"winrate":0.3333333333333333,"cagr":-0.036632942603806784,"expectancy":-3.289700853333333,"expectancy_ratio":-0.5253568521061537,"sortino":-100,"sharpe":-0.19006512365431716,"calmar":-11.346198479492896,"sqn":-0.4549,"profit_factor":0.4239294436815391,"max_drawdown_account":0.017131760080000048,"max_drawdown_abs":17.13176008}],"left_open_trades":[{"key":"TOTAL","trades":0,"profit_mean":0.0,"profit_mean_pct":0.0,"profit_total_abs":0.0,"profit_total":0.0,"profit_total_pct":0.0,"duration_avg":"0:00","wins":0,"draws":0,"losses":0,"winrate":0.0,"cagr":0.0,"expectancy":0.0,"expectancy_ratio":100.0,"sortino":0,"sharpe":0,"calmar":0,"sqn":0.0,"profit_factor":0.0,"max_drawdown_account":0.0,"max_drawdown_abs":0.0}],"total_trades":3,"trade_count_long":3,"trade_count_short":0,"total_volume":1955.5164231606004,"avg_stake_amount":326.9130666666667,"profit_mean":-0.009837758096201096,"profit_median":0.0,"profit_total":-0.009869102559999999,"profit_total_long":-0.009869102559999999,"profit_total_short":0.0,"profit_total_abs":-9.869102559999998,"profit_total_long_abs":-9.869102559999998,"profit_total_short_abs":0.0,"cagr":-0.036632942603806784,"expectancy":-3.289700853333333,"expectancy_ratio":-0.5253568521061537,"sortino":-100,"sharpe":-0.19006512365431716,"calmar":-11.346198479492896,"sqn":-0.4549,"profit_factor":0.4239294436815391,"backtest_start":"2025-10-01 00:00:00","backtest_start_ts":1759276800000,"backtest_end":"2026-01-06 20:00:00","backtest_end_ts":1767729600000,"backtest_days":97,"backtest_run_start_ts":1767750264,"backtest_run_end_ts":1767750264,"trades_per_day":0.03,"market_change":-0.36632086436227446,"pairlist":["DOGE/USDT"],"stake_amount":"unlimited","stake_currency":"USDT","stake_currency_decimals":3,"starting_balance":1000,"dry_run_wallet":1000,"final_balance":990.13089744,"rejected_signals":0,"timedout_entry_orders":0,"timedout_exit_orders":0,"canceled_trade_entries":0,"canceled_entry_orders":0,"replaced_entry_orders":0,"max_open_trades":1,"max_open_trades_setting":3,"timeframe":"1h","timeframe_detail":"","timerange":"20251001-","enable_protections":false,"strategy_name":"ACO_75_11","freqaimodel":null,"freqai_identifier":null,"stoploss":-0.05,"trailing_stop":false,"trailing_stop_positive":null,"trailing_stop_positive_offset":0.0,"trailing_only_offset_is_reached":false,"use_custom_stoploss":false,"minimal_roi":{"0":0.1,"60":0.05,"120":0.0},"use_exit_signal":true,"exit_profit_only":false,"exit_profit_offset":0.0,"ignore_roi_if_entry_signal":false,"trading_mode":"spot","margin_mode":"","periodic_breakdown":{"day":[{"date":"09/11/2025","date_ts":1762646400000,"profit_abs":-17.13176008,"wins":0,"draws":0,"losses":1,"trades":1,"profit_factor":0.0},{"date":"10/11/2025","date_ts":1762732800000,"profit_abs":0.0,"wins":0,"draws":0,"losses":0,"trades":0,"profit_factor":0.0},{"date":"11/11/2025","date_ts":1762819200000,"profit_abs":0.0,"wins":0,"draws":0,"losses":0,"trades":0,"profit_factor":0.0},{"date":"12/11/2025","date_ts":1762905600000,"profit_abs":0.0,"wins":0,"draws":0,"losses":0,"trades":0,"profit_factor":0.0},{"date":"13/11/2025","date_ts":1762992000000,"profit_abs":0.0,"wins":0,"draws":0,"losses":0,"trades":0,"profit_factor":0.0},{"date":"14/11/2025","date_ts":1763078400000,"profit_abs":0.0,"wins":0,"draws":0,"losses":0,"trades":0,"profit_factor":0.0},{"date":"15/11/2025","date_ts":1763164800000,"profit_abs":0.0,"wins":0,"draws":0,"losses":0,"trades":0,"profit_factor":0.0},{"date":"16/11/2025","date_ts":1763251200000,"profit_abs":0.0,"wins":0,"draws":0,"losses":0,"trades":0,"profit_factor":0.0},{"date":"17/11/2025","date_ts":1763337600000,"profit_abs":0.0,"wins":0,"draws":0,"losses":0,"trades":0,"profit_factor":0.0},{"date":"18/11/2025","date_ts":1763424000000,"profit_abs":0.0,"wins":0,"draws":0,"losses":0,"trades":0,"profit_factor":0.0},{"date":"19/11/2025","date_ts":1763510400000,"profit_abs":0.0,"wins":0,"draws":0,"losses":0,"trades":0,"profit_factor":0.0},{"date":"20/11/2025","date_ts":1763596800000,"profit_abs":0.0,"wins":0,"draws":0,"losses":0,"trades":0,"profit_factor":0.0},{"date":"21/11/2025","date_ts":1763683200000,"profit_abs":7.26265752,"wins":1,"draws":0,"losses":0,"trades":1,"profit_factor":0.0},{"date":"22/11/2025","date_ts":1763769600000,"profit_abs":0.0,"wins":0,"draws":0,"losses":0,"trades":0,"profit_factor":0.0},{"date":"23/11/2025","date_ts":1763856000000,"profit_abs":0.0,"wins":0,"draws":0,"losses":0,"trades":0,"profit_factor":0.0},{"date":"24/11/2025","date_ts":1763942400000,"profit_abs":0.0,"wins":0,"draws":0,"losses":0,"trades":0,"profit_factor":0.0},{"date":"25/11/2025","date_ts":1764028800000,"profit_abs":0.0,"wins":0,"draws":0,"losses":0,"trades":0,"profit_factor":0.0},{"date":"26/11/2025","date_ts":1764115200000,"profit_abs":0.0,"wins":0,"draws":0,"losses":0,"trades":0,"profit_factor":0.0},{"date":"27/11/2025","date_ts":1764201600000,"profit_abs":0.0,"wins":0,"draws":0,"losses":0,"trades":0,"profit_factor":0.0},{"date":"28/11/2025","date_ts":1764288000000,"profit_abs":0.0,"wins":0,"draws":0,"losses":0,"trades":0,"profit_factor":0.0},{"date":"29/11/2025","date_ts":1764374400000,"profit_abs":0.0,"wins":0,"draws":0,"losses":0,"trades":0,"profit_factor":0.0},{"date":"30/11/2025","date_ts":1764460800000,"profit_abs":0.0,"wins":0,"draws":0,"losses":0,"trades":0,"profit_factor":0.0},{"date":"01/12/2025","date_ts":1764547200000,"profit_abs":0.0,"wins":0,"draws":1,"losses":0,"trades":1,"profit_factor":0.0}],"week":[{"date":"10/11/2025","date_ts":1762732800000,"profit_abs":-17.13176008,"wins":0,"draws":0,"losses":1,"trades":1,"profit_factor":0.0},{"date":"17/11/2025","date_ts":1763337600000,"profit_abs":0.0,"wins":0,"draws":0,"losses":0,"trades":0,"profit_factor":0.0},{"date":"24/11/2025","date_ts":1763942400000,"profit_abs":7.26265752,"wins":1,"draws":0,"losses":0,"trades":1,"profit_factor":0.0},{"date":"01/12/2025","date_ts":1764547200000,"profit_abs":0.0,"wins":0,"draws":1,"losses":0,"trades":1,"profit_factor":0.0}],"month":[{"date":"30/11/2025","date_ts":1764460800000,"profit_abs":-9.86910256,"wins":1,"draws":0,"losses":1,"trades":2,"profit_factor":0.42392944},{"date":"31/12/2025","date_ts":1767139200000,"profit_abs":0.0,"wins":0,"draws":1,"losses":0,"trades":1,"profit_factor":0.0}],"year":[{"date":"31/12/2025","date_ts":1767139200000,"profit_abs":-9.86910256,"wins":1,"draws":1,"losses":1,"trades":3,"profit_factor":0.42392944}],"weekday":[{"date":"Monday","date_ts":0,"profit_abs":0.0,"wins":0,"draws":1,"losses":0,"trades":1,"profit_factor":0.0},{"date":"Friday","date_ts":4,"profit_abs":7.26265752,"wins":1,"draws":0,"losses":0,"trades":1,"profit_factor":0.0},{"date":"Sunday","date_ts":6,"profit_abs":-17.13176008,"wins":0,"draws":0,"losses":1,"trades":1,"profit_factor":0.0}]},"backtest_best_day":0.022373765738538713,"backtest_worst_day":-0.051887040027142,"backtest_best_day_abs":7.26265752,"backtest_worst_day_abs":-17.13176008,"winning_days":1,"draw_days":21,"losing_days":1,"daily_profit":[["2025-11-09",-17.13176008],["2025-11-10",0.0],["2025-11-11",0.0],["2025-11-12",0.0],["2025-11-13",0.0],["2025-11-14",0.0],["2025-11-15",0.0],["2025-11-16",0.0],["2025-11-17",0.0],["2025-11-18",0.0],["2025-11-19",0.0],["2025-11-20",0.0],["2025-11-21",7.26265752],["2025-11-22",0.0],["2025-11-23",0.0],["2025-11-24",0.0],["2025-11-25",0.0],["2025-11-26",0.0],["2025-11-27",0.0],["2025-11-28",0.0],["2025-11-29",0.0],["2025-11-30",0.0],["2025-12-01",0.0]],"wins":1,"losses":1,"draws":1,"winrate":0.3333333333333333,"holding_avg":"6:40:00","holding_avg_s":24000.0,"winner_holding_min":"0d 02:00","winner_holding_min_s":7200.0,"winner_holding_max":"0d 02:00","winner_holding_max_s":7200.0,"winner_holding_avg":"0d 02:00","winner_holding_avg_s":7200.0,"loser_holding_min":"0d 16:00","loser_holding_min_s":57600.0,"loser_holding_max":"0d 16:00","loser_holding_max_s":57600.0,"loser_holding_avg":"0d 16:00","loser_holding_avg_s":57600.0,"max_consecutive_wins":1,"max_consecutive_losses":1,"max_drawdown_account":0.017131760080000048,"max_relative_drawdown":0.017131760080000048,"max_drawdown_abs":17.13176008,"drawdown_start":"2025-11-09 03:00:00","drawdown_start_ts":1762657200000.0,"drawdown_end":"2025-11-09 03:00:00","drawdown_end_ts":1762657200000.0,"drawdown_duration":"0 days 00:00:00","drawdown_duration_s":0.0,"max_drawdown_low":-17.13176008,"max_drawdown_high":0.0,"csum_min":982.86823992,"csum_max":990.13089744}},"strategy_comparison":[{"key":"ACO_75_11","trades":3,"profit_mean":-0.009837758096201096,"profit_mean_pct":-0.98,"profit_total_abs":-9.869102559999998,"profit_total":-0.009869102559999999,"profit_total_pct":-0.99,"duration_avg":"6:40:00","wins":1,"draws":1,"losses":1,"winrate":0.3333333333333333,"cagr":-0.036632942603806784,"expectancy":-3.289700853333333,"expectancy_ratio":-0.5253568521061537,"sortino":-100,"sharpe":-0.19006512365431716,"calmar":-11.346198479492896,"sqn":-0.4549,"profit_factor":0.4239294436815391,"max_drawdown_account":0.017131760080000048,"max_drawdown_abs":"17.132"}]}