{"strategy":{"ACO_67_8":{"trades":[{"pair":"DOGE/USDT","stake_amount":329.86071,"max_stake_amount":329.86071,"amount":1311.0,"open_date":"2025-10-02 15:00:00+00:00","close_date":"2025-10-02 17:00:00+00:00","open_rate":0.25161,"close_rate":0.25588,"fee_open":0.001,"fee_close":0.001,"trade_duration":120,"profit_ratio":0.014938799128616703,"profit_abs":4.93265061,"exit_reason":"roi","initial_stop_loss_abs":0.23903,"initial_stop_loss_ratio":-0.05,"stop_loss_abs":0.23903,"stop_loss_ratio":-0.05,"min_rate":0.25079,"max_rate":0.2578,"is_open":false,"enter_tag":"","leverage":1.0,"is_short":false,"open_timestamp":1759417200000,"close_timestamp":1759424400000,"orders":[{"amount":1311.0,"safe_price":0.25161,"ft_order_side":"buy","order_filled_timestamp":1759417200000,"ft_is_entry":true,"ft_order_tag":"","cost":330.19057071},{"amount":1311.0,"safe_price":0.25588,"ft_order_side":"sell","order_filled_timestamp":1759424400000,"ft_is_entry":false,"ft_order_tag":"roi","cost":335.79413868}],"funding_fees":0.0,"weekday":3},{"pair":"DOGE/USDT","stake_amount":331.50298,"max_stake_amount":331.50298,"amount":1291.0,"open_date":"2025-10-03 02:00:00+00:00","close_date":"2025-10-03 04:00:00+00:00","open_rate":0.25678,"close_rate":0.25925,"fee_open":0.001,"fee_close":0.001,"trade_duration":120,"profit_ratio":0.007601908178277054,"profit_abs":2.52257527,"exit_reason":"roi","initial_stop_loss_abs":0.24395,"initial_stop_loss_ratio":-0.05,"stop_loss_abs":0.24395,"stop_loss_ratio":-0.05,"min_rate":0.25664,"max_rate":0.26155,"is_open":false,"enter_tag":"","leverage":1.0,"is_short":false,"open_timestamp":1759456800000,"close_timestamp":1759464000000,"orders":[{"amount":1291.0,"safe_price":0.25678,"ft_order_side":"buy","order_filled_timestamp":1759456800000,"ft_is_entry":true,"ft_order_tag":"","cost":331.83448298},{"amount":1291.0,"safe_price":0.25925,"ft_order_side":"sell","order_filled_timestamp":1759464000000,"ft_is_entry":false,"ft_order_tag":"roi","cost":335.02644174999995}],"funding_fees":0.0,"weekday":4},{"pair":"DOGE/USDT","stake_amount":332.29049,"max_stake_amount":332.29049,"amount":1291.0,"open_date":"2025-10-03 06:00:00+00:00","close_date":"2025-10-03 13:00:00+00:00","open_rate":0.25739,"close_rate":0.25790529529529527,"fee_open":0.001,"fee_close":0.001,"trade_duration":420,"profit_ratio":0.0,"profit_abs":0.0,"exit_reason":"roi","initial_stop_loss_abs":0.24453,"initial_stop_loss_ratio":-0.05,"stop_loss_abs":0.24453,"stop_loss_ratio":-0.05,"min_rate":0.25361,"max_rate":0.25793,"is_open":false,"enter_tag":"","leverage":1.0,"is_short":false,"open_timestamp":1759471200000,"close_timestamp":1759496400000,"orders":[{"amount":1291.0,"safe_price":0.25739,"ft_order_side":"buy","order_filled_timestamp":1759471200000,"ft_is_entry":true,"ft_order_tag":"","cost":332.62278049},{"amount":1291.0,"safe_price":0.25790529529529527,"ft_order_side":"sell","order_filled_timestamp":1759496400000,"ft_is_entry":false,"ft_order_tag":"roi","cost":333.2886919624524}],"funding_fees":0.0,"weekday":4},{"pair":"DOGE/USDT","stake_amount":332.20932,"max_stake_amount":332.20932,"amount":1284.0,"open_date":"2025-10-05 12:00:00+00:00","close_date":"2025-10-05 19:00:00+00:00","open_rate":0.25873,"close_rate":0.25507,"fee_open":0.001,"fee_close":0.001,"trade_duration":420,"profit_ratio":-0.01611575916836227,"profit_abs":-5.3591592,"exit_reason":"exit_signal","initial_stop_loss_abs":0.2458,"initial_stop_loss_ratio":-0.05,"stop_loss_abs":0.2458,"stop_loss_ratio":-0.05,"min_rate":0.25071,"max_rate":0.25877,"is_open":false,"enter_tag":"","leverage":1.0,"is_short":false,"open_timestamp":1759665600000,"close_timestamp":1759690800000,"orders":[{"amount":1284.0,"safe_price":0.25873,"ft_order_side":"buy","order_filled_timestamp":1759665600000,"ft_is_entry":true,"ft_order_tag":"","cost":332.54152932},{"amount":1284.0,"safe_price":0.25507,"ft_order_side":"sell","order_filled_timestamp":1759690800000,"ft_is_entry":false,"ft_order_tag":"exit_signal","cost":327.83738988}],"funding_fees":0.0,"weekday":6},{"pair":"DOGE/USDT","stake_amount":330.68772,"max_stake_amount":330.68772,"amount":1243.0,"open_date":"2025-10-07 00:00:00+00:00","close_date":"2025-10-07 02:00:00+00:00","open_rate":0.26604,"close_rate":0.26657261261261256,"fee_open":0.001,"fee_close":0.001,"trade_duration":120,"profit_ratio":0.0,"profit_abs":0.0,"exit_reason":"roi","initial_stop_loss_abs":0.25274,"initial_stop_loss_ratio":-0.05,"stop_loss_abs":0.25274,"stop_loss_ratio":-0.05,"min_rate":0.26416,"max_rate":0.26796,"is_open":false,"enter_tag":"","leverage":1.0,"is_short":false,"open_timestamp":1759795200000,"close_timestamp":1759802400000,"orders":[{"amount":1243.0,"safe_price":0.26604,"ft_order_side":"buy","order_filled_timestamp":1759795200000,"ft_is_entry":true,"ft_order_tag":"","cost":331.01840771999997},{"amount":1243.0,"safe_price":0.26657261261261256,"ft_order_side":"sell","order_filled_timestamp":1759802400000,"ft_is_entry":false,"ft_order_tag":"roi","cost":331.6811072349548}],"funding_fees":0.0,"weekday":1},{"pair":"DOGE/USDT","stake_amount":330.5148,"max_stake_amount":330.5148,"amount":1320.0,"open_date":"2025-10-07 18:00:00+00:00","close_date":"2025-10-07 20:00:00+00:00","open_rate":0.25039,"close_rate":0.2508912812812813,"fee_open":0.001,"fee_close":0.001,"trade_duration":120,"profit_ratio":0.0,"profit_abs":0.0,"exit_reason":"roi","initial_stop_loss_abs":0.23788,"initial_stop_loss_ratio":-0.05,"stop_loss_abs":0.23788,"stop_loss_ratio":-0.05,"min_rate":0.24791,"max_rate":0.25214,"is_open":false,"enter_tag":"","leverage":1.0,"is_short":false,"open_timestamp":1759860000000,"close_timestamp":1759867200000,"orders":[{"amount":1320.0,"safe_price":0.25039,"ft_order_side":"buy","order_filled_timestamp":1759860000000,"ft_is_entry":true,"ft_order_tag":"","cost":330.8453147999999},{"amount":1320.0,"safe_price":0.2508912812812813,"ft_order_side":"sell","order_filled_timestamp":1759867200000,"ft_is_entry":false,"ft_order_tag":"roi","cost":331.5076677825826}],"funding_fees":0.0,"weekday":1},{"pair":"DOGE/USDT","stake_amount":330.61604,"max_stake_amount":330.61604,"amount":1324.0,"open_date":"2025-10-07 22:00:00+00:00","close_date":"2025-10-08 01:00:00+00:00","open_rate":0.24971,"close_rate":0.2502099199199199,"fee_open":0.001,"fee_close":0.001,"trade_duration":180,"profit_ratio":0.0,"profit_abs":0.0,"exit_reason":"roi","initial_stop_loss_abs":0.23723,"initial_stop_loss_ratio":-0.05,"stop_loss_abs":0.23723,"stop_loss_ratio":-0.05,"min_rate":0.24622,"max_rate":0.25061,"is_open":false,"enter_tag":"","leverage":1.0,"is_short":false,"open_timestamp":1759874400000,"close_timestamp":1759885200000,"orders":[{"amount":1324.0,"safe_price":0.24971,"ft_order_side":"buy","order_filled_timestamp":1759874400000,"ft_is_entry":true,"ft_order_tag":"","cost":330.94665603999994},{"amount":1324.0,"safe_price":0.2502099199199199,"ft_order_side":"sell","order_filled_timestamp":1759885200000,"ft_is_entry":false,"ft_order_tag":"roi","cost":331.6092119079479}],"funding_fees":0.0,"weekday":2},{"pair":"DOGE/USDT","stake_amount":330.64374,"max_stake_amount":330.64374,"amount":1351.0,"open_date":"2025-10-08 04:00:00+00:00","close_date":"2025-10-08 06:00:00+00:00","open_rate":0.24474,"close_rate":0.24538,"fee_open":0.001,"fee_close":0.001,"trade_duration":120,"profit_ratio":0.0006117932080177728,"profit_abs":0.20248788,"exit_reason":"roi","initial_stop_loss_abs":0.23251,"initial_stop_loss_ratio":-0.05,"stop_loss_abs":0.23251,"stop_loss_ratio":-0.05,"min_rate":0.24291,"max_rate":0.24706,"is_open":false,"enter_tag":"","leverage":1.0,"is_short":false,"open_timestamp":1759896000000,"close_timestamp":1759903200000,"orders":[{"amount":1351.0,"safe_price":0.24474,"ft_order_side":"buy","order_filled_timestamp":1759896000000,"ft_is_entry":true,"ft_order_tag":"","cost":330.97438374},{"amount":1351.0,"safe_price":0.24538,"ft_order_side":"sell","order_filled_timestamp":1759903200000,"ft_is_entry":false,"ft_order_tag":"roi","cost":331.83988837999993}],"funding_fees":0.0,"weekday":2},{"pair":"DOGE/USDT","stake_amount":330.55545,"max_stake_amount":330.55545,"amount":1293.0,"open_date":"2025-10-09 00:00:00+00:00","close_date":"2025-10-09 14:00:00+00:00","open_rate":0.25565,"close_rate":0.24287,"fee_open":0.001,"fee_close":0.001,"trade_duration":840,"profit_ratio":-0.05188834244183354,"profit_abs":-17.16912636,"exit_reason":"stop_loss","initial_stop_loss_abs":0.24287,"initial_stop_loss_ratio":-0.05,"stop_loss_abs":0.24287,"stop_loss_ratio":-0.05,"min_rate":0.24228,"max_rate":0.25593,"is_open":false,"enter_tag":"","leverage":1.0,"is_short":false,"open_timestamp":1759968000000,"close_timestamp":1760018400000,"orders":[{"amount":1293.0,"safe_price":0.25565,"ft_order_side":"buy","order_filled_timestamp":1759968000000,"ft_is_entry":true,"ft_order_tag":"","cost":330.88600544999997},{"amount":1293.0,"safe_price":0.24287,"ft_order_side":"sell","order_filled_timestamp":1760018400000,"ft_is_entry":false,"ft_order_tag":"stop_loss","cost":314.34494091}],"funding_fees":0.0,"weekday":3},{"pair":"DOGE/USDT","stake_amount":324.96566,"max_stake_amount":324.96566,"amount":1762.0,"open_date":"2025-10-11 20:00:00+00:00","close_date":"2025-10-11 22:00:00+00:00","open_rate":0.18443,"close_rate":0.18479922922922923,"fee_open":0.001,"fee_close":0.001,"trade_duration":120,"profit_ratio":0.0,"profit_abs":0.0,"exit_reason":"roi","initial_stop_loss_abs":0.17521,"initial_stop_loss_ratio":-0.05,"stop_loss_abs":0.17521,"stop_loss_ratio":-0.05,"min_rate":0.17816,"max_rate":0.18622,"is_open":false,"enter_tag":"","leverage":1.0,"is_short":false,"open_timestamp":1760212800000,"close_timestamp":1760220000000,"orders":[{"amount":1762.0,"safe_price":0.18443,"ft_order_side":"buy","order_filled_timestamp":1760212800000,"ft_is_entry":true,"ft_order_tag":"","cost":325.29062566},{"amount":1762.0,"safe_price":0.18479922922922923,"ft_order_side":"sell","order_filled_timestamp":1760220000000,"ft_is_entry":false,"ft_order_tag":"roi","cost":325.94185814380376}],"funding_fees":0.0,"weekday":5},{"pair":"DOGE/USDT","stake_amount":325.05388,"max_stake_amount":325.05388,"amount":1739.0,"open_date":"2025-10-12 14:00:00+00:00","close_date":"2025-10-12 15:00:00+00:00","open_rate":0.18692,"close_rate":0.19664956956956955,"fee_open":0.001,"fee_close":0.001,"trade_duration":60,"profit_ratio":0.04995004995004996,"profit_abs":16.252694,"exit_reason":"roi","initial_stop_loss_abs":0.17758,"initial_stop_loss_ratio":-0.05,"stop_loss_abs":0.17758,"stop_loss_ratio":-0.05,"min_rate":0.18682,"max_rate":0.20676,"is_open":false,"enter_tag":"","leverage":1.0,"is_short":false,"open_timestamp":1760277600000,"close_timestamp":1760281200000,"orders":[{"amount":1739.0,"safe_price":0.18692,"ft_order_side":"buy","order_filled_timestamp":1760277600000,"ft_is_entry":true,"ft_order_tag":"","cost":325.37893388},{"amount":1739.0,"safe_price":0.19664956956956955,"ft_order_side":"sell","order_filled_timestamp":1760281200000,"ft_is_entry":false,"ft_order_tag":"roi","cost":342.31557508296294}],"funding_fees":0.0,"weekday":6},{"pair":"DOGE/USDT","stake_amount":330.416,"max_stake_amount":330.416,"amount":1600.0,"open_date":"2025-10-13 01:00:00+00:00","close_date":"2025-10-13 03:00:00+00:00","open_rate":0.20651,"close_rate":0.20886,"fee_open":0.001,"fee_close":0.001,"trade_duration":120,"profit_ratio":0.009358855758545845,"profit_abs":3.095408,"exit_reason":"roi","initial_stop_loss_abs":0.19619,"initial_stop_loss_ratio":-0.05,"stop_loss_abs":0.19619,"stop_loss_ratio":-0.05,"min_rate":0.20548,"max_rate":0.20999,"is_open":false,"enter_tag":"","leverage":1.0,"is_short":false,"open_timestamp":1760317200000,"close_timestamp":1760324400000,"orders":[{"amount":1600.0,"safe_price":0.20651,"ft_order_side":"buy","order_filled_timestamp":1760317200000,"ft_is_entry":true,"ft_order_tag":"","cost":330.74641599999995},{"amount":1600.0,"safe_price":0.20886,"ft_order_side":"sell","order_filled_timestamp":1760324400000,"ft_is_entry":false,"ft_order_tag":"roi","cost":334.51017599999994}],"funding_fees":0.0,"weekday":0},{"pair":"DOGE/USDT","stake_amount":331.4597,"max_stake_amount":331.4597,"amount":1690.0,"open_date":"2025-10-14 13:00:00+00:00","close_date":"2025-10-14 15:00:00+00:00","open_rate":0.19613,"close_rate":0.19895,"fee_open":0.001,"fee_close":0.001,"trade_duration":120,"profit_ratio":0.012351488821177295,"profit_abs":4.0981148,"exit_reason":"roi","initial_stop_loss_abs":0.18633,"initial_stop_loss_ratio":-0.05,"stop_loss_abs":0.18633,"stop_loss_ratio":-0.05,"min_rate":0.1933,"max_rate":0.20388,"is_open":false,"enter_tag":"","leverage":1.0,"is_short":false,"open_timestamp":1760446800000,"close_timestamp":1760454000000,"orders":[{"amount":1690.0,"safe_price":0.19613,"ft_order_side":"buy","order_filled_timestamp":1760446800000,"ft_is_entry":true,"ft_order_tag":"","cost":331.7911597},{"amount":1690.0,"safe_price":0.19895,"ft_order_side":"sell","order_filled_timestamp":1760454000000,"ft_is_entry":false,"ft_order_tag":"roi","cost":336.5617254999999}],"funding_fees":0.0,"weekday":1},{"pair":"DOGE/USDT","stake_amount":332.66255,"max_stake_amount":332.66255,"amount":1705.0,"open_date":"2025-10-15 22:00:00+00:00","close_date":"2025-10-16 00:00:00+00:00","open_rate":0.19511,"close_rate":0.19621,"fee_open":0.001,"fee_close":0.001,"trade_duration":120,"profit_ratio":0.003628578893813889,"profit_abs":1.2082994,"exit_reason":"roi","initial_stop_loss_abs":0.18536,"initial_stop_loss_ratio":-0.05,"stop_loss_abs":0.18536,"stop_loss_ratio":-0.05,"min_rate":0.1946,"max_rate":0.19684,"is_open":false,"enter_tag":"","leverage":1.0,"is_short":false,"open_timestamp":1760565600000,"close_timestamp":1760572800000,"orders":[{"amount":1705.0,"safe_price":0.19511,"ft_order_side":"buy","order_filled_timestamp":1760565600000,"ft_is_entry":true,"ft_order_tag":"","cost":332.99521254999996},{"amount":1705.0,"safe_price":0.19621,"ft_order_side":"sell","order_filled_timestamp":1760572800000,"ft_is_entry":false,"ft_order_tag":"roi","cost":334.87258804999993}],"funding_fees":0.0,"weekday":3},{"pair":"DOGE/USDT","stake_amount":333.18978,"max_stake_amount":333.18978,"amount":1759.0,"open_date":"2025-10-16 16:00:00+00:00","close_date":"2025-10-16 18:00:00+00:00","open_rate":0.18942,"close_rate":0.19127,"fee_open":0.001,"fee_close":0.001,"trade_duration":120,"profit_ratio":0.007749140311699703,"profit_abs":2.58451629,"exit_reason":"roi","initial_stop_loss_abs":0.17995,"initial_stop_loss_ratio":-0.05,"stop_loss_abs":0.17995,"stop_loss_ratio":-0.05,"min_rate":0.1875,"max_rate":0.19484,"is_open":false,"enter_tag":"","leverage":1.0,"is_short":false,"open_timestamp":1760630400000,"close_timestamp":1760637600000,"orders":[{"amount":1759.0,"safe_price":0.18942,"ft_order_side":"buy","order_filled_timestamp":1760630400000,"ft_is_entry":true,"ft_order_tag":"","cost":333.5229697799999},{"amount":1759.0,"safe_price":0.19127,"ft_order_side":"sell","order_filled_timestamp":1760637600000,"ft_is_entry":false,"ft_order_tag":"roi","cost":336.78037392999994}],"funding_fees":0.0,"weekday":3},{"pair":"DOGE/USDT","stake_amount":333.96403,"max_stake_amount":333.96403,"amount":1753.0,"open_date":"2025-10-16 19:00:00+00:00","close_date":"2025-10-17 01:00:00+00:00","open_rate":0.19051,"close_rate":0.1908914014014014,"fee_open":0.001,"fee_close":0.001,"trade_duration":360,"profit_ratio":0.0,"profit_abs":0.0,"exit_reason":"roi","initial_stop_loss_abs":0.18099,"initial_stop_loss_ratio":-0.05,"stop_loss_abs":0.18099,"stop_loss_ratio":-0.05,"min_rate":0.18469,"max_rate":0.19114,"is_open":false,"enter_tag":"","leverage":1.0,"is_short":false,"open_timestamp":1760641200000,"close_timestamp":1760662800000,"orders":[{"amount":1753.0,"safe_price":0.19051,"ft_order_side":"buy","order_filled_timestamp":1760641200000,"ft_is_entry":true,"ft_order_tag":"","cost":334.29799403},{"amount":1753.0,"safe_price":0.1908914014014014,"ft_order_side":"sell","order_filled_timestamp":1760662800000,"ft_is_entry":false,"ft_order_tag":"roi","cost":334.9672592833133}],"funding_fees":0.0,"weekday":4},{"pair":"DOGE/USDT","stake_amount":333.975,"max_stake_amount":333.975,"amount":1830.0,"open_date":"2025-10-17 07:00:00+00:00","close_date":"2025-10-17 11:00:00+00:00","open_rate":0.1825,"close_rate":0.18286536536536532,"fee_open":0.001,"fee_close":0.001,"trade_duration":240,"profit_ratio":0.0,"profit_abs":0.0,"exit_reason":"roi","initial_stop_loss_abs":0.17338,"initial_stop_loss_ratio":-0.05,"stop_loss_abs":0.17338,"stop_loss_ratio":-0.05,"min_rate":0.17555,"max_rate":0.184,"is_open":false,"enter_tag":"","leverage":1.0,"is_short":false,"open_timestamp":1760684400000,"close_timestamp":1760698800000,"orders":[{"amount":1830.0,"safe_price":0.1825,"ft_order_side":"buy","order_filled_timestamp":1760684400000,"ft_is_entry":true,"ft_order_tag":"","cost":334.3089749999999},{"amount":1830.0,"safe_price":0.18286536536536532,"ft_order_side":"sell","order_filled_timestamp":1760698800000,"ft_is_entry":false,"ft_order_tag":"roi","cost":334.9782622372371}],"funding_fees":0.0,"weekday":4},{"pair":"DOGE/USDT","stake_amount":334.0783,"max_stake_amount":334.0783,"amount":1655.0,"open_date":"2025-10-26 20:00:00+00:00","close_date":"2025-10-26 22:00:00+00:00","open_rate":0.20186,"close_rate":0.20226412412412412,"fee_open":0.001,"fee_close":0.001,"trade_duration":120,"profit_ratio":0.0,"profit_abs":0.0,"exit_reason":"roi","initial_stop_loss_abs":0.19177,"initial_stop_loss_ratio":-0.05,"stop_loss_abs":0.19177,"stop_loss_ratio":-0.05,"min_rate":0.20031,"max_rate":0.20742,"is_open":false,"enter_tag":"","leverage":1.0,"is_short":false,"open_timestamp":1761508800000,"close_timestamp":1761516000000,"orders":[{"amount":1655.0,"safe_price":0.20186,"ft_order_side":"buy","order_filled_timestamp":1761508800000,"ft_is_entry":true,"ft_order_tag":"","cost":334.4123783},{"amount":1655.0,"safe_price":0.20226412412412412,"ft_order_side":"sell","order_filled_timestamp":1761516000000,"ft_is_entry":false,"ft_order_tag":"roi","cost":335.0818725508508}],"funding_fees":0.0,"weekday":6},{"pair":"DOGE/USDT","stake_amount":333.9076,"max_stake_amount":333.9076,"amount":1636.0,"open_date":"2025-10-27 09:00:00+00:00","close_date":"2025-10-27 16:00:00+00:00","open_rate":0.2041,"close_rate":0.2045086086086086,"fee_open":0.001,"fee_close":0.001,"trade_duration":420,"profit_ratio":0.0,"profit_abs":0.0,"exit_reason":"roi","initial_stop_loss_abs":0.1939,"initial_stop_loss_ratio":-0.05,"stop_loss_abs":0.1939,"stop_loss_ratio":-0.05,"min_rate":0.20053,"max_rate":0.20535,"is_open":false,"enter_tag":"","leverage":1.0,"is_short":false,"open_timestamp":1761555600000,"close_timestamp":1761580800000,"orders":[{"amount":1636.0,"safe_price":0.2041,"ft_order_side":"buy","order_filled_timestamp":1761555600000,"ft_is_entry":true,"ft_order_tag":"","cost":334.2415076},{"amount":1636.0,"safe_price":0.2045086086086086,"ft_order_side":"sell","order_filled_timestamp":1761580800000,"ft_is_entry":false,"ft_order_tag":"roi","cost":334.9106597673673}],"funding_fees":0.0,"weekday":0},{"pair":"DOGE/USDT","stake_amount":333.89496,"max_stake_amount":333.89496,"amount":1732.0,"open_date":"2025-10-28 22:00:00+00:00","close_date":"2025-10-29 00:00:00+00:00","open_rate":0.19278,"close_rate":0.19362,"fee_open":0.001,"fee_close":0.001,"trade_duration":120,"profit_ratio":0.0023505905858847037,"profit_abs":0.7856352,"exit_reason":"roi","initial_stop_loss_abs":0.18315,"initial_stop_loss_ratio":-0.05,"stop_loss_abs":0.18315,"stop_loss_ratio":-0.05,"min_rate":0.19202,"max_rate":0.1942,"is_open":false,"enter_tag":"","leverage":1.0,"is_short":false,"open_timestamp":1761688800000,"close_timestamp":1761696000000,"orders":[{"amount":1732.0,"safe_price":0.19278,"ft_order_side":"buy","order_filled_timestamp":1761688800000,"ft_is_entry":true,"ft_order_tag":"","cost":334.22885496},{"amount":1732.0,"safe_price":0.19362,"ft_order_side":"sell","order_filled_timestamp":1761696000000,"ft_is_entry":false,"ft_order_tag":"roi","cost":335.6851898399999}],"funding_fees":0.0,"weekday":2},{"pair":"DOGE/USDT","stake_amount":334.3225,"max_stake_amount":334.3225,"amount":1730.0,"open_date":"2025-10-29 15:00:00+00:00","close_date":"2025-10-29 17:00:00+00:00","open_rate":0.19325,"close_rate":0.19363688688688688,"fee_open":0.001,"fee_close":0.001,"trade_duration":120,"profit_ratio":0.0,"profit_abs":0.0,"exit_reason":"roi","initial_stop_loss_abs":0.18359,"initial_stop_loss_ratio":-0.05,"stop_loss_abs":0.18359,"stop_loss_ratio":-0.05,"min_rate":0.19022,"max_rate":0.19609,"is_open":false,"enter_tag":"","leverage":1.0,"is_short":false,"open_timestamp":1761750000000,"close_timestamp":1761757200000,"orders":[{"amount":1730.0,"safe_price":0.19325,"ft_order_side":"buy","order_filled_timestamp":1761750000000,"ft_is_entry":true,"ft_order_tag":"","cost":334.6568225},{"amount":1730.0,"safe_price":0.19363688688688688,"ft_order_side":"sell","order_filled_timestamp":1761757200000,"ft_is_entry":false,"ft_order_tag":"roi","cost":335.32680612862856}],"funding_fees":0.0,"weekday":2},{"pair":"DOGE/USDT","stake_amount":334.19628,"max_stake_amount":334.19628,"amount":1782.0,"open_date":"2025-10-30 05:00:00+00:00","close_date":"2025-10-30 07:00:00+00:00","open_rate":0.18754,"close_rate":0.1913,"fee_open":0.001,"fee_close":0.001,"trade_duration":120,"profit_ratio":0.018010996148993375,"profit_abs":6.02522712,"exit_reason":"roi","initial_stop_loss_abs":0.17817,"initial_stop_loss_ratio":-0.05,"stop_loss_abs":0.17817,"stop_loss_ratio":-0.05,"min_rate":0.18712,"max_rate":0.19346,"is_open":false,"enter_tag":"","leverage":1.0,"is_short":false,"open_timestamp":1761800400000,"close_timestamp":1761807600000,"orders":[{"amount":1782.0,"safe_price":0.18754,"ft_order_side":"buy","order_filled_timestamp":1761800400000,"ft_is_entry":true,"ft_order_tag":"","cost":334.53047627999996},{"amount":1782.0,"safe_price":0.1913,"ft_order_side":"sell","order_filled_timestamp":1761807600000,"ft_is_entry":false,"ft_order_tag":"roi","cost":341.23749659999993}],"funding_fees":0.0,"weekday":3},{"pair":"DOGE/USDT","stake_amount":336.26044,"max_stake_amount":336.26044,"amount":1789.0,"open_date":"2025-10-30 12:00:00+00:00","close_date":"2025-10-30 17:00:00+00:00","open_rate":0.18796,"close_rate":0.17857,"fee_open":0.001,"fee_close":0.001,"trade_duration":300,"profit_ratio":-0.05185562469027036,"profit_abs":-17.45443217,"exit_reason":"stop_loss","initial_stop_loss_abs":0.17857,"initial_stop_loss_ratio":-0.05,"stop_loss_abs":0.17857,"stop_loss_ratio":-0.05,"min_rate":0.17822,"max_rate":0.18833,"is_open":false,"enter_tag":"","leverage":1.0,"is_short":false,"open_timestamp":1761825600000,"close_timestamp":1761843600000,"orders":[{"amount":1789.0,"safe_price":0.18796,"ft_order_side":"buy","order_filled_timestamp":1761825600000,"ft_is_entry":true,"ft_order_tag":"","cost":336.59670043999995},{"amount":1789.0,"safe_price":0.17857,"ft_order_side":"sell","order_filled_timestamp":1761843600000,"ft_is_entry":false,"ft_order_tag":"stop_loss","cost":319.78119172999993}],"funding_fees":0.0,"weekday":3},{"pair":"DOGE/USDT","stake_amount":330.4614,"max_stake_amount":330.4614,"amount":1830.0,"open_date":"2025-10-30 18:00:00+00:00","close_date":"2025-10-30 23:00:00+00:00","open_rate":0.18058,"close_rate":0.1809415215215215,"fee_open":0.001,"fee_close":0.001,"trade_duration":300,"profit_ratio":0.0,"profit_abs":0.0,"exit_reason":"roi","initial_stop_loss_abs":0.17156,"initial_stop_loss_ratio":-0.05,"stop_loss_abs":0.17156,"stop_loss_ratio":-0.05,"min_rate":0.17642,"max_rate":0.18287,"is_open":false,"enter_tag":"","leverage":1.0,"is_short":false,"open_timestamp":1761847200000,"close_timestamp":1761865200000,"orders":[{"amount":1830.0,"safe_price":0.18058,"ft_order_side":"buy","order_filled_timestamp":1761847200000,"ft_is_entry":true,"ft_order_tag":"","cost":330.79186139999996},{"amount":1830.0,"safe_price":0.1809415215215215,"ft_order_side":"sell","order_filled_timestamp":1761865200000,"ft_is_entry":false,"ft_order_tag":"roi","cost":331.4541073687687}],"funding_fees":0.0,"weekday":3},{"pair":"DOGE/USDT","stake_amount":330.56244,"max_stake_amount":330.56244,"amount":1909.0,"open_date":"2025-11-03 07:00:00+00:00","close_date":"2025-11-03 09:00:00+00:00","open_rate":0.17316,"close_rate":0.1738,"fee_open":0.001,"fee_close":0.001,"trade_duration":120,"profit_ratio":0.00169061707523246,"profit_abs":0.55941336,"exit_reason":"roi","initial_stop_loss_abs":0.16451,"initial_stop_loss_ratio":-0.05,"stop_loss_abs":0.16451,"stop_loss_ratio":-0.05,"min_rate":0.17236,"max_rate":0.17534,"is_open":false,"enter_tag":"","leverage":1.0,"is_short":false,"open_timestamp":1762153200000,"close_timestamp":1762160400000,"orders":[{"amount":1909.0,"safe_price":0.17316,"ft_order_side":"buy","order_filled_timestamp":1762153200000,"ft_is_entry":true,"ft_order_tag":"","cost":330.89300244},{"amount":1909.0,"safe_price":0.1738,"ft_order_side":"sell","order_filled_timestamp":1762160400000,"ft_is_entry":false,"ft_order_tag":"roi","cost":332.11598419999996}],"funding_fees":0.0,"weekday":0},{"pair":"DOGE/USDT","stake_amount":330.58608,"max_stake_amount":330.58608,"amount":1914.0,"open_date":"2025-11-03 10:00:00+00:00","close_date":"2025-11-03 12:00:00+00:00","open_rate":0.17272,"close_rate":0.17423,"fee_open":0.001,"fee_close":0.001,"trade_duration":120,"profit_ratio":0.006727003890042333,"profit_abs":2.2260777,"exit_reason":"roi","initial_stop_loss_abs":0.16409,"initial_stop_loss_ratio":-0.05,"stop_loss_abs":0.16409,"stop_loss_ratio":-0.05,"min_rate":0.1714,"max_rate":0.17564,"is_open":false,"enter_tag":"","leverage":1.0,"is_short":false,"open_timestamp":1762164000000,"close_timestamp":1762171200000,"orders":[{"amount":1914.0,"safe_price":0.17272,"ft_order_side":"buy","order_filled_timestamp":1762164000000,"ft_is_entry":true,"ft_order_tag":"","cost":330.91666608},{"amount":1914.0,"safe_price":0.17423,"ft_order_side":"sell","order_filled_timestamp":1762171200000,"ft_is_entry":false,"ft_order_tag":"roi","cost":333.80969622}],"funding_fees":0.0,"weekday":0},{"pair":"DOGE/USDT","stake_amount":331.45419,"max_stake_amount":331.45419,"amount":1999.0,"open_date":"2025-11-03 23:00:00+00:00","close_date":"2025-11-04 01:00:00+00:00","open_rate":0.16581,"close_rate":0.16869,"fee_open":0.001,"fee_close":0.001,"trade_duration":120,"profit_ratio":0.015336572239050978,"profit_abs":5.0884545,"exit_reason":"roi","initial_stop_loss_abs":0.15752,"initial_stop_loss_ratio":-0.05,"stop_loss_abs":0.15752,"stop_loss_ratio":-0.05,"min_rate":0.16433,"max_rate":0.17033,"is_open":false,"enter_tag":"","leverage":1.0,"is_short":false,"open_timestamp":1762210800000,"close_timestamp":1762218000000,"orders":[{"amount":1999.0,"safe_price":0.16581,"ft_order_side":"buy","order_filled_timestamp":1762210800000,"ft_is_entry":true,"ft_order_tag":"","cost":331.78564419},{"amount":1999.0,"safe_price":0.16869,"ft_order_side":"sell","order_filled_timestamp":1762218000000,"ft_is_entry":false,"ft_order_tag":"roi","cost":337.54852131}],"funding_fees":0.0,"weekday":1},{"pair":"DOGE/USDT","stake_amount":333.13412,"max_stake_amount":333.13412,"amount":2068.0,"open_date":"2025-11-04 06:00:00+00:00","close_date":"2025-11-04 08:00:00+00:00","open_rate":0.16109,"close_rate":0.16201,"fee_open":0.001,"fee_close":0.001,"trade_duration":120,"profit_ratio":0.0037016804041448653,"profit_abs":1.2343892,"exit_reason":"roi","initial_stop_loss_abs":0.15304,"initial_stop_loss_ratio":-0.05,"stop_loss_abs":0.15304,"stop_loss_ratio":-0.05,"min_rate":0.16062,"max_rate":0.16735,"is_open":false,"enter_tag":"","leverage":1.0,"is_short":false,"open_timestamp":1762236000000,"close_timestamp":1762243200000,"orders":[{"amount":2068.0,"safe_price":0.16109,"ft_order_side":"buy","order_filled_timestamp":1762236000000,"ft_is_entry":true,"ft_order_tag":"","cost":333.46725411999995},{"amount":2068.0,"safe_price":0.16201,"ft_order_side":"sell","order_filled_timestamp":1762243200000,"ft_is_entry":false,"ft_order_tag":"roi","cost":335.37171667999996}],"funding_fees":0.0,"weekday":1},{"pair":"DOGE/USDT","stake_amount":333.45312,"max_stake_amount":333.45312,"amount":2082.0,"open_date":"2025-11-04 17:00:00+00:00","close_date":"2025-11-04 19:00:00+00:00","open_rate":0.16016,"close_rate":0.16048064064064063,"fee_open":0.001,"fee_close":0.001,"trade_duration":120,"profit_ratio":0.0,"profit_abs":0.0,"exit_reason":"roi","initial_stop_loss_abs":0.15216,"initial_stop_loss_ratio":-0.05,"stop_loss_abs":0.15216,"stop_loss_ratio":-0.05,"min_rate":0.15419,"max_rate":0.16152,"is_open":false,"enter_tag":"","leverage":1.0,"is_short":false,"open_timestamp":1762275600000,"close_timestamp":1762282800000,"orders":[{"amount":2082.0,"safe_price":0.16016,"ft_order_side":"buy","order_filled_timestamp":1762275600000,"ft_is_entry":true,"ft_order_tag":"","cost":333.78657311999996},{"amount":2082.0,"safe_price":0.16048064064064063,"ft_order_side":"sell","order_filled_timestamp":1762282800000,"ft_is_entry":false,"ft_order_tag":"roi","cost":334.45481450762753}],"funding_fees":0.0,"weekday":1},{"pair":"DOGE/USDT","stake_amount":333.4149,"max_stake_amount":333.4149,"amount":2065.0,"open_date":"2025-11-05 11:00:00+00:00","close_date":"2025-11-05 13:00:00+00:00","open_rate":0.16146,"close_rate":0.16427,"fee_open":0.001,"fee_close":0.001,"trade_duration":120,"profit_ratio":0.01537091670870935,"profit_abs":5.13001755,"exit_reason":"roi","initial_stop_loss_abs":0.15339,"initial_stop_loss_ratio":-0.05,"stop_loss_abs":0.15339,"stop_loss_ratio":-0.05,"min_rate":0.16138,"max_rate":0.16617,"is_open":false,"enter_tag":"","leverage":1.0,"is_short":false,"open_timestamp":1762340400000,"close_timestamp":1762347600000,"orders":[{"amount":2065.0,"safe_price":0.16146,"ft_order_side":"buy","order_filled_timestamp":1762340400000,"ft_is_entry":true,"ft_order_tag":"","cost":333.74831489999997},{"amount":2065.0,"safe_price":0.16427,"ft_order_side":"sell","order_filled_timestamp":1762347600000,"ft_is_entry":false,"ft_order_tag":"roi","cost":339.55676754999996}],"funding_fees":0.0,"weekday":2},{"pair":"DOGE/USDT","stake_amount":335.15762,"max_stake_amount":335.15762,"amount":2086.0,"open_date":"2025-11-06 15:00:00+00:00","close_date":"2025-11-06 18:00:00+00:00","open_rate":0.16067,"close_rate":0.16099166166166165,"fee_open":0.001,"fee_close":0.001,"trade_duration":180,"profit_ratio":0.0,"profit_abs":0.0,"exit_reason":"roi","initial_stop_loss_abs":0.15264,"initial_stop_loss_ratio":-0.05,"stop_loss_abs":0.15264,"stop_loss_ratio":-0.05,"min_rate":0.15693,"max_rate":0.16234,"is_open":false,"enter_tag":"","leverage":1.0,"is_short":false,"open_timestamp":1762441200000,"close_timestamp":1762452000000,"orders":[{"amount":2086.0,"safe_price":0.16067,"ft_order_side":"buy","order_filled_timestamp":1762441200000,"ft_is_entry":true,"ft_order_tag":"","cost":335.49277761999997},{"amount":2086.0,"safe_price":0.16099166166166165,"ft_order_side":"sell","order_filled_timestamp":1762452000000,"ft_is_entry":false,"ft_order_tag":"roi","cost":336.1644348324524}],"funding_fees":0.0,"weekday":3},{"pair":"DOGE/USDT","stake_amount":335.09346,"max_stake_amount":335.09346,"amount":1887.0,"open_date":"2025-11-08 01:00:00+00:00","close_date":"2025-11-08 03:00:00+00:00","open_rate":0.17758,"close_rate":0.18138,"fee_open":0.001,"fee_close":0.001,"trade_duration":120,"profit_ratio":0.019358049316377957,"profit_abs":6.49324248,"exit_reason":"roi","initial_stop_loss_abs":0.16871,"initial_stop_loss_ratio":-0.05,"stop_loss_abs":0.16871,"stop_loss_ratio":-0.05,"min_rate":0.17731,"max_rate":0.18332,"is_open":false,"enter_tag":"","leverage":1.0,"is_short":false,"open_timestamp":1762563600000,"close_timestamp":1762570800000,"orders":[{"amount":1887.0,"safe_price":0.17758,"ft_order_side":"buy","order_filled_timestamp":1762563600000,"ft_is_entry":true,"ft_order_tag":"","cost":335.42855345999993},{"amount":1887.0,"safe_price":0.18138,"ft_order_side":"sell","order_filled_timestamp":1762570800000,"ft_is_entry":false,"ft_order_tag":"roi","cost":342.60632405999996}],"funding_fees":0.0,"weekday":5},{"pair":"DOGE/USDT","stake_amount":337.26351,"max_stake_amount":337.26351,"amount":1887.0,"open_date":"2025-11-08 06:00:00+00:00","close_date":"2025-11-08 08:00:00+00:00","open_rate":0.17873,"close_rate":0.18022,"fee_open":0.001,"fee_close":0.001,"trade_duration":120,"profit_ratio":0.006321938566105745,"profit_abs":2.13429135,"exit_reason":"roi","initial_stop_loss_abs":0.1698,"initial_stop_loss_ratio":-0.05,"stop_loss_abs":0.1698,"stop_loss_ratio":-0.05,"min_rate":0.17762,"max_rate":0.1822,"is_open":false,"enter_tag":"","leverage":1.0,"is_short":false,"open_timestamp":1762581600000,"close_timestamp":1762588800000,"orders":[{"amount":1887.0,"safe_price":0.17873,"ft_order_side":"buy","order_filled_timestamp":1762581600000,"ft_is_entry":true,"ft_order_tag":"","cost":337.60077350999995},{"amount":1887.0,"safe_price":0.18022,"ft_order_side":"sell","order_filled_timestamp":1762588800000,"ft_is_entry":false,"ft_order_tag":"roi","cost":340.41521513999993}],"funding_fees":0.0,"weekday":5},{"pair":"DOGE/USDT","stake_amount":338.0717,"max_stake_amount":338.0717,"amount":1970.0,"open_date":"2025-11-12 04:00:00+00:00","close_date":"2025-11-12 06:00:00+00:00","open_rate":0.17161,"close_rate":0.17202,"fee_open":0.001,"fee_close":0.001,"trade_duration":120,"profit_ratio":0.0003863626612883649,"profit_abs":0.1307489,"exit_reason":"roi","initial_stop_loss_abs":0.16303,"initial_stop_loss_ratio":-0.05,"stop_loss_abs":0.16303,"stop_loss_ratio":-0.05,"min_rate":0.17109,"max_rate":0.17298,"is_open":false,"enter_tag":"","leverage":1.0,"is_short":false,"open_timestamp":1762920000000,"close_timestamp":1762927200000,"orders":[{"amount":1970.0,"safe_price":0.17161,"ft_order_side":"buy","order_filled_timestamp":1762920000000,"ft_is_entry":true,"ft_order_tag":"","cost":338.40977169999996},{"amount":1970.0,"safe_price":0.17202,"ft_order_side":"sell","order_filled_timestamp":1762927200000,"ft_is_entry":false,"ft_order_tag":"roi","cost":339.2182794}],"funding_fees":0.0,"weekday":2},{"pair":"DOGE/USDT","stake_amount":338.07968,"max_stake_amount":338.07968,"amount":1972.0,"open_date":"2025-11-12 08:00:00+00:00","close_date":"2025-11-12 10:00:00+00:00","open_rate":0.17144,"close_rate":0.17514,"fee_open":0.001,"fee_close":0.001,"trade_duration":120,"profit_ratio":0.01954077187394966,"profit_abs":6.61294424,"exit_reason":"roi","initial_stop_loss_abs":0.16287,"initial_stop_loss_ratio":-0.05,"stop_loss_abs":0.16287,"stop_loss_ratio":-0.05,"min_rate":0.17144,"max_rate":0.17655,"is_open":false,"enter_tag":"","leverage":1.0,"is_short":false,"open_timestamp":1762934400000,"close_timestamp":1762941600000,"orders":[{"amount":1972.0,"safe_price":0.17144,"ft_order_side":"buy","order_filled_timestamp":1762934400000,"ft_is_entry":true,"ft_order_tag":"","cost":338.41775967999996},{"amount":1972.0,"safe_price":0.17514,"ft_order_side":"sell","order_filled_timestamp":1762941600000,"ft_is_entry":false,"ft_order_tag":"roi","cost":345.72145607999994}],"funding_fees":0.0,"weekday":2},{"pair":"DOGE/USDT","stake_amount":340.18493,"max_stake_amount":340.18493,"amount":2099.0,"open_date":"2025-11-14 12:00:00+00:00","close_date":"2025-11-14 14:00:00+00:00","open_rate":0.16207,"close_rate":0.16239446446446446,"fee_open":0.001,"fee_close":0.001,"trade_duration":120,"profit_ratio":0.0,"profit_abs":0.0,"exit_reason":"roi","initial_stop_loss_abs":0.15397,"initial_stop_loss_ratio":-0.05,"stop_loss_abs":0.15397,"stop_loss_ratio":-0.05,"min_rate":0.15767,"max_rate":0.16407,"is_open":false,"enter_tag":"","leverage":1.0,"is_short":false,"open_timestamp":1763121600000,"close_timestamp":1763128800000,"orders":[{"amount":2099.0,"safe_price":0.16207,"ft_order_side":"buy","order_filled_timestamp":1763121600000,"ft_is_entry":true,"ft_order_tag":"","cost":340.52511493},{"amount":2099.0,"safe_price":0.16239446446446446,"ft_order_side":"sell","order_filled_timestamp":1763128800000,"ft_is_entry":false,"ft_order_tag":"roi","cost":341.2068468918217}],"funding_fees":0.0,"weekday":4},{"pair":"DOGE/USDT","stake_amount":340.22631,"max_stake_amount":340.22631,"amount":2141.0,"open_date":"2025-11-14 21:00:00+00:00","close_date":"2025-11-14 23:00:00+00:00","open_rate":0.15891,"close_rate":0.15933,"fee_open":0.001,"fee_close":0.001,"trade_duration":120,"profit_ratio":0.0006397227465756823,"profit_abs":0.21786816,"exit_reason":"roi","initial_stop_loss_abs":0.15097,"initial_stop_loss_ratio":-0.05,"stop_loss_abs":0.15097,"stop_loss_ratio":-0.05,"min_rate":0.15472,"max_rate":0.16111,"is_open":false,"enter_tag":"","leverage":1.0,"is_short":false,"open_timestamp":1763154000000,"close_timestamp":1763161200000,"orders":[{"amount":2141.0,"safe_price":0.15891,"ft_order_side":"buy","order_filled_timestamp":1763154000000,"ft_is_entry":true,"ft_order_tag":"","cost":340.56653630999995},{"amount":2141.0,"safe_price":0.15933,"ft_order_side":"sell","order_filled_timestamp":1763161200000,"ft_is_entry":false,"ft_order_tag":"roi","cost":341.46665552999997}],"funding_fees":0.0,"weekday":4},{"pair":"DOGE/USDT","stake_amount":340.4043,"max_stake_amount":340.4043,"amount":2113.0,"open_date":"2025-11-15 09:00:00+00:00","close_date":"2025-11-15 11:00:00+00:00","open_rate":0.1611,"close_rate":0.16195,"fee_open":0.001,"fee_close":0.001,"trade_duration":120,"profit_ratio":0.003267682038631759,"profit_abs":1.11344535,"exit_reason":"roi","initial_stop_loss_abs":0.15305,"initial_stop_loss_ratio":-0.05,"stop_loss_abs":0.15305,"stop_loss_ratio":-0.05,"min_rate":0.16082,"max_rate":0.16266,"is_open":false,"enter_tag":"","leverage":1.0,"is_short":false,"open_timestamp":1763197200000,"close_timestamp":1763204400000,"orders":[{"amount":2113.0,"safe_price":0.1611,"ft_order_side":"buy","order_filled_timestamp":1763197200000,"ft_is_entry":true,"ft_order_tag":"","cost":340.74470429999997},{"amount":2113.0,"safe_price":0.16195,"ft_order_side":"sell","order_filled_timestamp":1763204400000,"ft_is_entry":false,"ft_order_tag":"roi","cost":342.54255035}],"funding_fees":0.0,"weekday":5},{"pair":"DOGE/USDT","stake_amount":340.65192,"max_stake_amount":340.65192,"amount":2324.0,"open_date":"2025-11-21 06:00:00+00:00","close_date":"2025-11-21 07:00:00+00:00","open_rate":0.14658,"close_rate":0.13926,"fee_open":0.001,"fee_close":0.001,"trade_duration":60,"profit_ratio":-0.051836824657127564,"profit_abs":-17.67597216,"exit_reason":"stop_loss","initial_stop_loss_abs":0.13926,"initial_stop_loss_ratio":-0.05,"stop_loss_abs":0.13926,"stop_loss_ratio":-0.05,"min_rate":0.13441,"max_rate":0.14689,"is_open":false,"enter_tag":"","leverage":1.0,"is_short":false,"open_timestamp":1763704800000,"close_timestamp":1763708400000,"orders":[{"amount":2324.0,"safe_price":0.14658,"ft_order_side":"buy","order_filled_timestamp":1763704800000,"ft_is_entry":true,"ft_order_tag":"","cost":340.99257191999993},{"amount":2324.0,"safe_price":0.13926,"ft_order_side":"sell","order_filled_timestamp":1763708400000,"ft_is_entry":false,"ft_order_tag":"stop_loss","cost":323.96388024}],"funding_fees":0.0,"weekday":4},{"pair":"DOGE/USDT","stake_amount":334.854,"max_stake_amount":334.854,"amount":2430.0,"open_date":"2025-11-21 11:00:00+00:00","close_date":"2025-11-21 13:00:00+00:00","open_rate":0.1378,"close_rate":0.13891,"fee_open":0.001,"fee_close":0.001,"trade_duration":120,"profit_ratio":0.0060410561861940675,"profit_abs":2.0248947,"exit_reason":"roi","initial_stop_loss_abs":0.13091,"initial_stop_loss_ratio":-0.05,"stop_loss_abs":0.13091,"stop_loss_ratio":-0.05,"min_rate":0.13321,"max_rate":0.14094,"is_open":false,"enter_tag":"","leverage":1.0,"is_short":false,"open_timestamp":1763722800000,"close_timestamp":1763730000000,"orders":[{"amount":2430.0,"safe_price":0.1378,"ft_order_side":"buy","order_filled_timestamp":1763722800000,"ft_is_entry":true,"ft_order_tag":"","cost":335.188854},{"amount":2430.0,"safe_price":0.13891,"ft_order_side":"sell","order_filled_timestamp":1763730000000,"ft_is_entry":false,"ft_order_tag":"roi","cost":337.8888513}],"funding_fees":0.0,"weekday":4},{"pair":"DOGE/USDT","stake_amount":335.55249,"max_stake_amount":335.55249,"amount":2457.0,"open_date":"2025-11-21 23:00:00+00:00","close_date":"2025-11-22 01:00:00+00:00","open_rate":0.13657,"close_rate":0.14012,"fee_open":0.001,"fee_close":0.001,"trade_duration":120,"profit_ratio":0.02394405769964092,"profit_abs":8.04252267,"exit_reason":"roi","initial_stop_loss_abs":0.12975,"initial_stop_loss_ratio":-0.05,"stop_loss_abs":0.12975,"stop_loss_ratio":-0.05,"min_rate":0.13574,"max_rate":0.14148,"is_open":false,"enter_tag":"","leverage":1.0,"is_short":false,"open_timestamp":1763766000000,"close_timestamp":1763773200000,"orders":[{"amount":2457.0,"safe_price":0.13657,"ft_order_side":"buy","order_filled_timestamp":1763766000000,"ft_is_entry":true,"ft_order_tag":"","cost":335.8880424899999},{"amount":2457.0,"safe_price":0.14012,"ft_order_side":"sell","order_filled_timestamp":1763773200000,"ft_is_entry":false,"ft_order_tag":"roi","cost":344.61911483999995}],"funding_fees":0.0,"weekday":5},{"pair":"DOGE/USDT","stake_amount":338.21472,"max_stake_amount":338.21472,"amount":2468.0,"open_date":"2025-11-22 06:00:00+00:00","close_date":"2025-11-22 08:00:00+00:00","open_rate":0.13704,"close_rate":0.13969,"fee_open":0.001,"fee_close":0.001,"trade_duration":120,"profit_ratio":0.017300781530203597,"profit_abs":5.85723036,"exit_reason":"roi","initial_stop_loss_abs":0.13019,"initial_stop_loss_ratio":-0.05,"stop_loss_abs":0.13019,"stop_loss_ratio":-0.05,"min_rate":0.13549,"max_rate":0.14016,"is_open":false,"enter_tag":"","leverage":1.0,"is_short":false,"open_timestamp":1763791200000,"close_timestamp":1763798400000,"orders":[{"amount":2468.0,"safe_price":0.13704,"ft_order_side":"buy","order_filled_timestamp":1763791200000,"ft_is_entry":true,"ft_order_tag":"","cost":338.55293471999994},{"amount":2468.0,"safe_price":0.13969,"ft_order_side":"sell","order_filled_timestamp":1763798400000,"ft_is_entry":false,"ft_order_tag":"roi","cost":345.09967492}],"funding_fees":0.0,"weekday":5},{"pair":"DOGE/USDT","stake_amount":340.11999,"max_stake_amount":340.11999,"amount":2493.0,"open_date":"2025-11-22 09:00:00+00:00","close_date":"2025-11-22 11:00:00+00:00","open_rate":0.13643,"close_rate":0.13677,"fee_open":0.001,"fee_close":0.001,"trade_duration":120,"profit_ratio":0.0004891392416130377,"profit_abs":0.1665324,"exit_reason":"roi","initial_stop_loss_abs":0.12961,"initial_stop_loss_ratio":-0.05,"stop_loss_abs":0.12961,"stop_loss_ratio":-0.05,"min_rate":0.13582,"max_rate":0.14011,"is_open":false,"enter_tag":"","leverage":1.0,"is_short":false,"open_timestamp":1763802000000,"close_timestamp":1763809200000,"orders":[{"amount":2493.0,"safe_price":0.13643,"ft_order_side":"buy","order_filled_timestamp":1763802000000,"ft_is_entry":true,"ft_order_tag":"","cost":340.4601099899999},{"amount":2493.0,"safe_price":0.13677,"ft_order_side":"sell","order_filled_timestamp":1763809200000,"ft_is_entry":false,"ft_order_tag":"roi","cost":341.30857760999993}],"funding_fees":0.0,"weekday":5},{"pair":"DOGE/USDT","stake_amount":340.1816,"max_stake_amount":340.1816,"amount":2494.0,"open_date":"2025-11-22 14:00:00+00:00","close_date":"2025-11-22 16:00:00+00:00","open_rate":0.1364,"close_rate":0.13816,"fee_open":0.001,"fee_close":0.001,"trade_duration":120,"profit_ratio":0.010879443137507654,"profit_abs":3.70468736,"exit_reason":"roi","initial_stop_loss_abs":0.12958,"initial_stop_loss_ratio":-0.05,"stop_loss_abs":0.12958,"stop_loss_ratio":-0.05,"min_rate":0.13632,"max_rate":0.13977,"is_open":false,"enter_tag":"","leverage":1.0,"is_short":false,"open_timestamp":1763820000000,"close_timestamp":1763827200000,"orders":[{"amount":2494.0,"safe_price":0.1364,"ft_order_side":"buy","order_filled_timestamp":1763820000000,"ft_is_entry":true,"ft_order_tag":"","cost":340.52178159999994},{"amount":2494.0,"safe_price":0.13816,"ft_order_side":"sell","order_filled_timestamp":1763827200000,"ft_is_entry":false,"ft_order_tag":"roi","cost":344.91561104}],"funding_fees":0.0,"weekday":5},{"pair":"DOGE/USDT","stake_amount":341.475,"max_stake_amount":341.475,"amount":2355.0,"open_date":"2025-11-24 00:00:00+00:00","close_date":"2025-11-24 02:00:00+00:00","open_rate":0.145,"close_rate":0.14593,"fee_open":0.001,"fee_close":0.001,"trade_duration":120,"profit_ratio":0.004402976334010817,"profit_abs":1.50500985,"exit_reason":"roi","initial_stop_loss_abs":0.13775,"initial_stop_loss_ratio":-0.05,"stop_loss_abs":0.13775,"stop_loss_ratio":-0.05,"min_rate":0.14355,"max_rate":0.1493,"is_open":false,"enter_tag":"","leverage":1.0,"is_short":false,"open_timestamp":1763942400000,"close_timestamp":1763949600000,"orders":[{"amount":2355.0,"safe_price":0.145,"ft_order_side":"buy","order_filled_timestamp":1763942400000,"ft_is_entry":true,"ft_order_tag":"","cost":341.8164749999999},{"amount":2355.0,"safe_price":0.14593,"ft_order_side":"sell","order_filled_timestamp":1763949600000,"ft_is_entry":false,"ft_order_tag":"roi","cost":344.0088151499999}],"funding_fees":0.0,"weekday":0},{"pair":"DOGE/USDT","stake_amount":341.93817,"max_stake_amount":341.93817,"amount":2499.0,"open_date":"2025-12-01 05:00:00+00:00","close_date":"2025-12-01 07:00:00+00:00","open_rate":0.13683,"close_rate":0.1371039339339339,"fee_open":0.001,"fee_close":0.001,"trade_duration":120,"profit_ratio":0.0,"profit_abs":0.0,"exit_reason":"roi","initial_stop_loss_abs":0.12999,"initial_stop_loss_ratio":-0.05,"stop_loss_abs":0.12999,"stop_loss_ratio":-0.05,"min_rate":0.13655,"max_rate":0.13778,"is_open":false,"enter_tag":"","leverage":1.0,"is_short":false,"open_timestamp":1764565200000,"close_timestamp":1764572400000,"orders":[{"amount":2499.0,"safe_price":0.13683,"ft_order_side":"buy","order_filled_timestamp":1764565200000,"ft_is_entry":true,"ft_order_tag":"","cost":342.28010816999995},{"amount":2499.0,"safe_price":0.1371039339339339,"ft_order_side":"sell","order_filled_timestamp":1764572400000,"ft_is_entry":false,"ft_order_tag":"roi","cost":342.96535363180175}],"funding_fees":0.0,"weekday":0},{"pair":"DOGE/USDT","stake_amount":341.88672,"max_stake_amount":341.88672,"amount":2528.0,"open_date":"2025-12-01 14:00:00+00:00","close_date":"2025-12-01 22:00:00+00:00","open_rate":0.13524,"close_rate":0.13551075075075072,"fee_open":0.001,"fee_close":0.001,"trade_duration":480,"profit_ratio":0.0,"profit_abs":0.0,"exit_reason":"roi","initial_stop_loss_abs":0.12848,"initial_stop_loss_ratio":-0.05,"stop_loss_abs":0.12848,"stop_loss_ratio":-0.05,"min_rate":0.13177,"max_rate":0.13647,"is_open":false,"enter_tag":"","leverage":1.0,"is_short":false,"open_timestamp":1764597600000,"close_timestamp":1764626400000,"orders":[{"amount":2528.0,"safe_price":0.13524,"ft_order_side":"buy","order_filled_timestamp":1764597600000,"ft_is_entry":true,"ft_order_tag":"","cost":342.22860671999996},{"amount":2528.0,"safe_price":0.13551075075075072,"ft_order_side":"sell","order_filled_timestamp":1764626400000,"ft_is_entry":false,"ft_order_tag":"roi","cost":342.9137490757957}],"funding_fees":0.0,"weekday":0},{"pair":"DOGE/USDT","stake_amount":341.89398,"max_stake_amount":341.89398,"amount":2538.0,"open_date":"2025-12-02 09:00:00+00:00","close_date":"2025-12-02 11:00:00+00:00","open_rate":0.13471,"close_rate":0.1367,"fee_open":0.001,"fee_close":0.001,"trade_duration":120,"profit_ratio":0.012744956772868583,"profit_abs":4.36178142,"exit_reason":"roi","initial_stop_loss_abs":0.12798,"initial_stop_loss_ratio":-0.05,"stop_loss_abs":0.12798,"stop_loss_ratio":-0.05,"min_rate":0.13466,"max_rate":0.1373,"is_open":false,"enter_tag":"","leverage":1.0,"is_short":false,"open_timestamp":1764666000000,"close_timestamp":1764673200000,"orders":[{"amount":2538.0,"safe_price":0.13471,"ft_order_side":"buy","order_filled_timestamp":1764666000000,"ft_is_entry":true,"ft_order_tag":"","cost":342.23587397999995},{"amount":2538.0,"safe_price":0.1367,"ft_order_side":"sell","order_filled_timestamp":1764673200000,"ft_is_entry":false,"ft_order_tag":"roi","cost":347.29154459999995}],"funding_fees":0.0,"weekday":1},{"pair":"DOGE/USDT","stake_amount":343.38744,"max_stake_amount":343.38744,"amount":2292.0,"open_date":"2025-12-03 13:00:00+00:00","close_date":"2025-12-03 16:00:00+00:00","open_rate":0.14982,"close_rate":0.15011993993993994,"fee_open":0.001,"fee_close":0.001,"trade_duration":180,"profit_ratio":0.0,"profit_abs":0.0,"exit_reason":"roi","initial_stop_loss_abs":0.14233,"initial_stop_loss_ratio":-0.05,"stop_loss_abs":0.14233,"stop_loss_ratio":-0.05,"min_rate":0.14651,"max_rate":0.15093,"is_open":false,"enter_tag":"","leverage":1.0,"is_short":false,"open_timestamp":1764766800000,"close_timestamp":1764777600000,"orders":[{"amount":2292.0,"safe_price":0.14982,"ft_order_side":"buy","order_filled_timestamp":1764766800000,"ft_is_entry":true,"ft_order_tag":"","cost":343.73082744},{"amount":2292.0,"safe_price":0.15011993993993994,"ft_order_side":"sell","order_filled_timestamp":1764777600000,"ft_is_entry":false,"ft_order_tag":"roi","cost":344.41897724468464}],"funding_fees":0.0,"weekday":2},{"pair":"DOGE/USDT","stake_amount":343.38211,"max_stake_amount":343.38211,"amount":2273.0,"open_date":"2025-12-04 04:00:00+00:00","close_date":"2025-12-04 19:00:00+00:00","open_rate":0.15107,"close_rate":0.14865,"fee_open":0.001,"fee_close":0.001,"trade_duration":900,"profit_ratio":-0.017985059886165333,"profit_abs":-6.18192356,"exit_reason":"exit_signal","initial_stop_loss_abs":0.14352,"initial_stop_loss_ratio":-0.05,"stop_loss_abs":0.14352,"stop_loss_ratio":-0.05,"min_rate":0.14557,"max_rate":0.15163,"is_open":false,"enter_tag":"","leverage":1.0,"is_short":false,"open_timestamp":1764820800000,"close_timestamp":1764874800000,"orders":[{"amount":2273.0,"safe_price":0.15107,"ft_order_side":"buy","order_filled_timestamp":1764820800000,"ft_is_entry":true,"ft_order_tag":"","cost":343.72549210999995},{"amount":2273.0,"safe_price":0.14865,"ft_order_side":"sell","order_filled_timestamp":1764874800000,"ft_is_entry":false,"ft_order_tag":"exit_signal","cost":338.21933144999997}],"funding_fees":0.0,"weekday":3},{"pair":"DOGE/USDT","stake_amount":341.3168,"max_stake_amount":341.3168,"amount":2365.0,"open_date":"2025-12-05 10:00:00+00:00","close_date":"2025-12-05 13:00:00+00:00","open_rate":0.14432,"close_rate":0.1446089289289289,"fee_open":0.001,"fee_close":0.001,"trade_duration":180,"profit_ratio":0.0,"profit_abs":0.0,"exit_reason":"roi","initial_stop_loss_abs":0.13711,"initial_stop_loss_ratio":-0.05,"stop_loss_abs":0.13711,"stop_loss_ratio":-0.05,"min_rate":0.14295,"max_rate":0.14528,"is_open":false,"enter_tag":"","leverage":1.0,"is_short":false,"open_timestamp":1764928800000,"close_timestamp":1764939600000,"orders":[{"amount":2365.0,"safe_price":0.14432,"ft_order_side":"buy","order_filled_timestamp":1764928800000,"ft_is_entry":true,"ft_order_tag":"","cost":341.65811679999996},{"amount":2365.0,"safe_price":0.1446089289289289,"ft_order_side":"sell","order_filled_timestamp":1764939600000,"ft_is_entry":false,"ft_order_tag":"roi","cost":342.34211703383374}],"funding_fees":0.0,"weekday":4},{"pair":"DOGE/USDT","stake_amount":341.24576,"max_stake_amount":341.24576,"amount":2384.0,"open_date":"2025-12-05 14:00:00+00:00","close_date":"2025-12-07 05:00:00+00:00","open_rate":0.14314,"close_rate":0.14002,"fee_open":0.001,"fee_close":0.001,"trade_duration":2340,"profit_ratio":-0.023751294115972054,"profit_abs":-8.11313344,"exit_reason":"exit_signal","initial_stop_loss_abs":0.13599,"initial_stop_loss_ratio":-0.05,"stop_loss_abs":0.13599,"stop_loss_ratio":-0.05,"min_rate":0.13722,"max_rate":0.14466,"is_open":false,"enter_tag":"","leverage":1.0,"is_short":false,"open_timestamp":1764943200000,"close_timestamp":1765083600000,"orders":[{"amount":2384.0,"safe_price":0.14314,"ft_order_side":"buy","order_filled_timestamp":1764943200000,"ft_is_entry":true,"ft_order_tag":"","cost":341.5870057599999},{"amount":2384.0,"safe_price":0.14002,"ft_order_side":"sell","order_filled_timestamp":1765083600000,"ft_is_entry":false,"ft_order_tag":"exit_signal","cost":334.14148767999995}],"funding_fees":0.0,"weekday":6},{"pair":"DOGE/USDT","stake_amount":338.675,"max_stake_amount":338.675,"amount":2500.0,"open_date":"2025-12-14 16:00:00+00:00","close_date":"2025-12-15 01:00:00+00:00","open_rate":0.13547,"close_rate":0.13574121121121122,"fee_open":0.001,"fee_close":0.001,"trade_duration":540,"profit_ratio":0.0,"profit_abs":0.0,"exit_reason":"roi","initial_stop_loss_abs":0.1287,"initial_stop_loss_ratio":-0.05,"stop_loss_abs":0.1287,"stop_loss_ratio":-0.05,"min_rate":0.13261,"max_rate":0.13683,"is_open":false,"enter_tag":"","leverage":1.0,"is_short":false,"open_timestamp":1765728000000,"close_timestamp":1765760400000,"orders":[{"amount":2500.0,"safe_price":0.13547,"ft_order_side":"buy","order_filled_timestamp":1765728000000,"ft_is_entry":true,"ft_order_tag":"","cost":339.013675},{"amount":2500.0,"safe_price":0.13574121121121122,"ft_order_side":"sell","order_filled_timestamp":1765760400000,"ft_is_entry":false,"ft_order_tag":"roi","cost":339.69238105605604}],"funding_fees":0.0,"weekday":0},{"pair":"DOGE/USDT","stake_amount":338.5908,"max_stake_amount":338.5908,"amount":2637.0,"open_date":"2025-12-15 19:00:00+00:00","close_date":"2025-12-15 21:00:00+00:00","open_rate":0.1284,"close_rate":0.12865705705705702,"fee_open":0.001,"fee_close":0.001,"trade_duration":120,"profit_ratio":0.0,"profit_abs":0.0,"exit_reason":"roi","initial_stop_loss_abs":0.12198,"initial_stop_loss_ratio":-0.05,"stop_loss_abs":0.12198,"stop_loss_ratio":-0.05,"min_rate":0.12752,"max_rate":0.12942,"is_open":false,"enter_tag":"","leverage":1.0,"is_short":false,"open_timestamp":1765825200000,"close_timestamp":1765832400000,"orders":[{"amount":2637.0,"safe_price":0.1284,"ft_order_side":"buy","order_filled_timestamp":1765825200000,"ft_is_entry":true,"ft_order_tag":"","cost":338.9293907999999},{"amount":2637.0,"safe_price":0.12865705705705702,"ft_order_side":"sell","order_filled_timestamp":1765832400000,"ft_is_entry":false,"ft_order_tag":"roi","cost":339.6079281189188}],"funding_fees":0.0,"weekday":0},{"pair":"DOGE/USDT","stake_amount":338.65904,"max_stake_amount":338.65904,"amount":2584.0,"open_date":"2025-12-20 02:00:00+00:00","close_date":"2025-12-20 04:00:00+00:00","open_rate":0.13106,"close_rate":0.13148,"fee_open":0.001,"fee_close":0.001,"trade_duration":120,"profit_ratio":0.0012002342232771044,"profit_abs":0.40687664,"exit_reason":"roi","initial_stop_loss_abs":0.12451,"initial_stop_loss_ratio":-0.05,"stop_loss_abs":0.12451,"stop_loss_ratio":-0.05,"min_rate":0.13069,"max_rate":0.13182,"is_open":false,"enter_tag":"","leverage":1.0,"is_short":false,"open_timestamp":1766196000000,"close_timestamp":1766203200000,"orders":[{"amount":2584.0,"safe_price":0.13106,"ft_order_side":"buy","order_filled_timestamp":1766196000000,"ft_is_entry":true,"ft_order_tag":"","cost":338.99769904},{"amount":2584.0,"safe_price":0.13148,"ft_order_side":"sell","order_filled_timestamp":1766203200000,"ft_is_entry":false,"ft_order_tag":"roi","cost":340.08406432}],"funding_fees":0.0,"weekday":5},{"pair":"DOGE/USDT","stake_amount":338.82243,"max_stake_amount":338.82243,"amount":2589.0,"open_date":"2025-12-20 05:00:00+00:00","close_date":"2025-12-20 07:00:00+00:00","open_rate":0.13087,"close_rate":0.13122,"fee_open":0.001,"fee_close":0.001,"trade_duration":120,"profit_ratio":0.0006710642456038651,"profit_abs":0.22759899,"exit_reason":"roi","initial_stop_loss_abs":0.12433,"initial_stop_loss_ratio":-0.05,"stop_loss_abs":0.12433,"stop_loss_ratio":-0.05,"min_rate":0.13077,"max_rate":0.13167,"is_open":false,"enter_tag":"","leverage":1.0,"is_short":false,"open_timestamp":1766206800000,"close_timestamp":1766214000000,"orders":[{"amount":2589.0,"safe_price":0.13087,"ft_order_side":"buy","order_filled_timestamp":1766206800000,"ft_is_entry":true,"ft_order_tag":"","cost":339.1612524299999},{"amount":2589.0,"safe_price":0.13122,"ft_order_side":"sell","order_filled_timestamp":1766214000000,"ft_is_entry":false,"ft_order_tag":"roi","cost":340.06830858}],"funding_fees":0.0,"weekday":5},{"pair":"DOGE/USDT","stake_amount":338.90248,"max_stake_amount":338.90248,"amount":2569.0,"open_date":"2025-12-22 20:00:00+00:00","close_date":"2025-12-22 22:00:00+00:00","open_rate":0.13192,"close_rate":0.13218410410410408,"fee_open":0.001,"fee_close":0.001,"trade_duration":120,"profit_ratio":0.0,"profit_abs":0.0,"exit_reason":"roi","initial_stop_loss_abs":0.12533,"initial_stop_loss_ratio":-0.05,"stop_loss_abs":0.12533,"stop_loss_ratio":-0.05,"min_rate":0.13089,"max_rate":0.13269,"is_open":false,"enter_tag":"","leverage":1.0,"is_short":false,"open_timestamp":1766433600000,"close_timestamp":1766440800000,"orders":[{"amount":2569.0,"safe_price":0.13192,"ft_order_side":"buy","order_filled_timestamp":1766433600000,"ft_is_entry":true,"ft_order_tag":"","cost":339.24138247999997},{"amount":2569.0,"safe_price":0.13218410410410408,"ft_order_side":"sell","order_filled_timestamp":1766440800000,"ft_is_entry":false,"ft_order_tag":"roi","cost":339.9205444068868}],"funding_fees":0.0,"weekday":0},{"pair":"DOGE/USDT","stake_amount":338.85564,"max_stake_amount":338.85564,"amount":2892.0,"open_date":"2025-12-31 21:00:00+00:00","close_date":"2025-12-31 23:00:00+00:00","open_rate":0.11717,"close_rate":0.11768,"fee_open":0.001,"fee_close":0.001,"trade_duration":120,"profit_ratio":0.002345951394342621,"profit_abs":0.7957338,"exit_reason":"roi","initial_stop_loss_abs":0.11132,"initial_stop_loss_ratio":-0.05,"stop_loss_abs":0.11132,"stop_loss_ratio":-0.05,"min_rate":0.11707,"max_rate":0.11782,"is_open":false,"enter_tag":"","leverage":1.0,"is_short":false,"open_timestamp":1767214800000,"close_timestamp":1767222000000,"orders":[{"amount":2892.0,"safe_price":0.11717,"ft_order_side":"buy","order_filled_timestamp":1767214800000,"ft_is_entry":true,"ft_order_tag":"","cost":339.19449563999996},{"amount":2892.0,"safe_price":0.11768,"ft_order_side":"sell","order_filled_timestamp":1767222000000,"ft_is_entry":false,"ft_order_tag":"roi","cost":340.67089056}],"funding_fees":0.0,"weekday":2},{"pair":"DOGE/USDT","stake_amount":339.10422,"max_stake_amount":339.10422,"amount":2422.0,"open_date":"2026-01-03 08:00:00+00:00","close_date":"2026-01-03 10:00:00+00:00","open_rate":0.14001,"close_rate":0.14262,"fee_open":0.001,"fee_close":0.001,"trade_duration":120,"profit_ratio":0.016606277801906686,"profit_abs":5.63689014,"exit_reason":"roi","initial_stop_loss_abs":0.13301,"initial_stop_loss_ratio":-0.05,"stop_loss_abs":0.13301,"stop_loss_ratio":-0.05,"min_rate":0.13938,"max_rate":0.14329,"is_open":false,"enter_tag":"","leverage":1.0,"is_short":false,"open_timestamp":1767427200000,"close_timestamp":1767434400000,"orders":[{"amount":2422.0,"safe_price":0.14001,"ft_order_side":"buy","order_filled_timestamp":1767427200000,"ft_is_entry":true,"ft_order_tag":"","cost":339.44332421999997},{"amount":2422.0,"safe_price":0.14262,"ft_order_side":"sell","order_filled_timestamp":1767434400000,"ft_is_entry":false,"ft_order_tag":"roi","cost":345.77106563999996}],"funding_fees":0.0,"weekday":5},{"pair":"DOGE/USDT","stake_amount":340.998,"max_stake_amount":340.998,"amount":2415.0,"open_date":"2026-01-03 17:00:00+00:00","close_date":"2026-01-03 19:00:00+00:00","open_rate":0.1412,"close_rate":0.14182,"fee_open":0.001,"fee_close":0.001,"trade_duration":120,"profit_ratio":0.002384159749598843,"profit_abs":0.8138067,"exit_reason":"roi","initial_stop_loss_abs":0.13414,"initial_stop_loss_ratio":-0.05,"stop_loss_abs":0.13414,"stop_loss_ratio":-0.05,"min_rate":0.14074,"max_rate":0.14244,"is_open":false,"enter_tag":"","leverage":1.0,"is_short":false,"open_timestamp":1767459600000,"close_timestamp":1767466800000,"orders":[{"amount":2415.0,"safe_price":0.1412,"ft_order_side":"buy","order_filled_timestamp":1767459600000,"ft_is_entry":true,"ft_order_tag":"","cost":341.33899799999995},{"amount":2415.0,"safe_price":0.14182,"ft_order_side":"sell","order_filled_timestamp":1767466800000,"ft_is_entry":false,"ft_order_tag":"roi","cost":342.8377952999999}],"funding_fees":0.0,"weekday":5},{"pair":"DOGE/USDT","stake_amount":341.21021,"max_stake_amount":341.21021,"amount":2321.0,"open_date":"2026-01-05 14:00:00+00:00","close_date":"2026-01-05 16:00:00+00:00","open_rate":0.14701,"close_rate":0.14886,"fee_open":0.001,"fee_close":0.001,"trade_duration":120,"profit_ratio":0.010561032736394957,"profit_abs":3.60713573,"exit_reason":"roi","initial_stop_loss_abs":0.13966,"initial_stop_loss_ratio":-0.05,"stop_loss_abs":0.13966,"stop_loss_ratio":-0.05,"min_rate":0.1463,"max_rate":0.15141,"is_open":false,"enter_tag":"","leverage":1.0,"is_short":false,"open_timestamp":1767621600000,"close_timestamp":1767628800000,"orders":[{"amount":2321.0,"safe_price":0.14701,"ft_order_side":"buy","order_filled_timestamp":1767621600000,"ft_is_entry":true,"ft_order_tag":"","cost":341.55142021},{"amount":2321.0,"safe_price":0.14886,"ft_order_side":"sell","order_filled_timestamp":1767628800000,"ft_is_entry":false,"ft_order_tag":"roi","cost":345.8495640599999}],"funding_fees":0.0,"weekday":0}],"locks":[],"best_pair":{"key":"DOGE/USDT","trades":61,"profit_mean":0.0018857663048953617,"profit_mean_pct":0.19,"profit_total_abs":37.84545523000001,"profit_total":0.03784545523000001,"profit_total_pct":3.78,"duration_avg":"3:42:00","wins":34,"draws":21,"losses":6,"winrate":0.5573770491803278,"cagr":0.1500202164380191,"expectancy":0.6204172988524588,"expectancy_ratio":-0.292527618932224,"sortino":1.3543540423019416,"sharpe":1.4026625326412263,"calmar":33.63622127050098,"sqn":0.9043,"profit_factor":1.5259692075223907,"max_drawdown_account":0.02216058550939435,"max_drawdown_abs":22.32579768},"worst_pair":{"key":"DOGE/USDT","trades":61,"profit_mean":0.0018857663048953617,"profit_mean_pct":0.19,"profit_total_abs":37.84545523000001,"profit_total":0.03784545523000001,"profit_total_pct":3.78,"duration_avg":"3:42:00","wins":34,"draws":21,"losses":6,"winrate":0.5573770491803278,"cagr":0.1500202164380191,"expectancy":0.6204172988524588,"expectancy_ratio":-0.292527618932224,"sortino":1.3543540423019416,"sharpe":1.4026625326412263,"calmar":33.63622127050098,"sqn":0.9043,"profit_factor":1.5259692075223907,"max_drawdown_account":0.02216058550939435,"max_drawdown_abs":22.32579768},"results_per_pair":[{"key":"DOGE/USDT","trades":61,"profit_mean":0.0018857663048953617,"profit_mean_pct":0.19,"profit_total_abs":37.84545523000001,"profit_total":0.03784545523000001,"profit_total_pct":3.78,"duration_avg":"3:42:00","wins":34,"draws":21,"losses":6,"winrate":0.5573770491803278,"cagr":0.1500202164380191,"expectancy":0.6204172988524588,"expectancy_ratio":-0.292527618932224,"sortino":1.3543540423019416,"sharpe":1.4026625326412263,"calmar":33.63622127050098,"sqn":0.9043,"profit_factor":1.5259692075223907,"max_drawdown_account":0.02216058550939435,"max_drawdown_abs":22.32579768},{"key":"TOTAL","trades":61,"profit_mean":0.0018857663048953617,"profit_mean_pct":0.19,"profit_total_abs":37.84545523000001,"profit_total":0.03784545523000001,"profit_total_pct":3.78,"duration_avg":"3:42:00","wins":34,"draws":21,"losses":6,"winrate":0.5573770491803278,"cagr":0.1500202164380191,"expectancy":0.6204172988524588,"expectancy_ratio":-0.292527618932224,"sortino":1.3543540423019416,"sharpe":1.4026625326412263,"calmar":33.63622127050098,"sqn":0.9043,"profit_factor":1.5259692075223907,"max_drawdown_account":0.02216058550939435,"max_drawdown_abs":22.32579768}],"results_per_enter_tag":[{"key":"","trades":61,"profit_mean":0.0018857663048953617,"profit_mean_pct":0.19,"profit_total_abs":37.84545523000001,"profit_total":0.03784545523000001,"profit_total_pct":3.78,"duration_avg":"3:42:00","wins":34,"draws":21,"losses":6,"winrate":0.5573770491803278,"cagr":0.1500202164380191,"expectancy":0.6204172988524588,"expectancy_ratio":-0.292527618932224,"sortino":1.3543540423019416,"sharpe":1.4026625326412263,"calmar":33.63622127050098,"sqn":0.9043,"profit_factor":1.5259692075223907,"max_drawdown_account":0.02216058550939435,"max_drawdown_abs":22.32579768},{"key":"TOTAL","trades":61,"profit_mean":0.0018857663048953617,"profit_mean_pct":0.19,"profit_total_abs":37.84545523000001,"profit_total":0.03784545523000001,"profit_total_pct":3.78,"duration_avg":"3:42:00","wins":34,"draws":21,"losses":6,"winrate":0.5573770491803278,"cagr":0.1500202164380191,"expectancy":0.6204172988524588,"expectancy_ratio":-0.292527618932224,"sortino":1.3543540423019416,"sharpe":1.4026625326412263,"calmar":33.63622127050098,"sqn":0.9043,"profit_factor":1.5259692075223907,"max_drawdown_account":0.02216058550939435,"max_drawdown_abs":22.32579768}],"exit_reason_summary":[{"key":"roi","trades":55,"profit_mean":0.005972084537424513,"profit_mean_pct":0.6,"profit_total_abs":109.79920211999999,"profit_total":0.10979920212,"profit_total_pct":10.98,"duration_avg":"2:38:00","wins":34,"draws":21,"losses":0,"winrate":0.6181818181818182,"cagr":0.47995863647656734,"expectancy":1.9963491294545452,"expectancy_ratio":100.0,"sortino":-100,"sharpe":7.302848533663533,"calmar":-100,"sqn":4.954,"profit_factor":0.0,"max_drawdown_account":0.0,"max_drawdown_abs":0.0},{"key":"exit_signal","trades":3,"profit_mean":-0.019284037723499885,"profit_mean_pct":-1.93,"profit_total_abs":-19.6542162,"profit_total":-0.0196542162,"profit_total_pct":-1.97,"duration_avg":"20:20:00","wins":0,"draws":0,"losses":3,"winrate":0.0,"cagr":-0.07197168199893145,"expectancy":-6.5514054,"expectancy_ratio":-1.0,"sortino":-3.353714034377869,"sharpe":-3.353714034377869,"calmar":-19.695848633549332,"sqn":-8.0268,"profit_factor":0.0,"max_drawdown_account":0.01965421619999995,"max_drawdown_abs":19.6542162},{"key":"stop_loss","trades":3,"profit_mean":-0.05186026392974382,"profit_mean_pct":-5.19,"profit_total_abs":-52.29953069,"profit_total":-0.05229953069,"profit_total_pct":-5.23,"duration_avg":"6:40:00","wins":0,"draws":0,"losses":3,"winrate":0.0,"cagr":-0.18301143373756268,"expectancy":-17.433176896666666,"expectancy_ratio":-1.0,"sortino":-49.65118414233663,"sharpe":-49.65118414233663,"calmar":-19.695848633549282,"sqn":-118.8362,"profit_factor":0.0,"max_drawdown_account":0.052299530689999985,"max_drawdown_abs":52.29953069},{"key":"TOTAL","trades":61,"profit_mean":0.0018857663048953617,"profit_mean_pct":0.19,"profit_total_abs":37.84545523000001,"profit_total":0.03784545523000001,"profit_total_pct":3.78,"duration_avg":"3:42:00","wins":34,"draws":21,"losses":6,"winrate":0.5573770491803278,"cagr":0.1500202164380191,"expectancy":0.6204172988524588,"expectancy_ratio":-0.292527618932224,"sortino":1.3543540423019416,"sharpe":1.4026625326412263,"calmar":33.63622127050098,"sqn":0.9043,"profit_factor":1.5259692075223907,"max_drawdown_account":0.02216058550939435,"max_drawdown_abs":22.32579768}],"mix_tag_stats":[{"key":["","roi"],"trades":55,"profit_mean":0.005972084537424513,"profit_mean_pct":0.6,"profit_total_abs":109.79920211999999,"profit_total":0.10979920212,"profit_total_pct":10.98,"duration_avg":"2:38:00","wins":34,"draws":21,"losses":0,"winrate":0.6181818181818182,"cagr":0.47995863647656734,"expectancy":1.9963491294545452,"expectancy_ratio":100.0,"sortino":-100,"sharpe":7.302848533663533,"calmar":-100,"sqn":4.954,"profit_factor":0.0,"max_drawdown_account":0.0,"max_drawdown_abs":0.0},{"key":["","exit_signal"],"trades":3,"profit_mean":-0.019284037723499885,"profit_mean_pct":-1.93,"profit_total_abs":-19.6542162,"profit_total":-0.0196542162,"profit_total_pct":-1.97,"duration_avg":"20:20:00","wins":0,"draws":0,"losses":3,"winrate":0.0,"cagr":-0.07197168199893145,"expectancy":-6.5514054,"expectancy_ratio":-1.0,"sortino":-3.353714034377869,"sharpe":-3.353714034377869,"calmar":-19.695848633549332,"sqn":-8.0268,"profit_factor":0.0,"max_drawdown_account":0.01965421619999995,"max_drawdown_abs":19.6542162},{"key":["","stop_loss"],"trades":3,"profit_mean":-0.05186026392974382,"profit_mean_pct":-5.19,"profit_total_abs":-52.29953069,"profit_total":-0.05229953069,"profit_total_pct":-5.23,"duration_avg":"6:40:00","wins":0,"draws":0,"losses":3,"winrate":0.0,"cagr":-0.18301143373756268,"expectancy":-17.433176896666666,"expectancy_ratio":-1.0,"sortino":-49.65118414233663,"sharpe":-49.65118414233663,"calmar":-19.695848633549282,"sqn":-118.8362,"profit_factor":0.0,"max_drawdown_account":0.052299530689999985,"max_drawdown_abs":52.29953069},{"key":"TOTAL","trades":61,"profit_mean":0.0018857663048953617,"profit_mean_pct":0.19,"profit_total_abs":37.84545523000001,"profit_total":0.03784545523000001,"profit_total_pct":3.78,"duration_avg":"3:42:00","wins":34,"draws":21,"losses":6,"winrate":0.5573770491803278,"cagr":0.1500202164380191,"expectancy":0.6204172988524588,"expectancy_ratio":-0.292527618932224,"sortino":1.3543540423019416,"sharpe":1.4026625326412263,"calmar":33.63622127050098,"sqn":0.9043,"profit_factor":1.5259692075223907,"max_drawdown_account":0.02216058550939435,"max_drawdown_abs":22.32579768}],"left_open_trades":[{"key":"TOTAL","trades":0,"profit_mean":0.0,"profit_mean_pct":0.0,"profit_total_abs":0.0,"profit_total":0.0,"profit_total_pct":0.0,"duration_avg":"0:00","wins":0,"draws":0,"losses":0,"winrate":0.0,"cagr":0.0,"expectancy":0.0,"expectancy_ratio":100.0,"sortino":0,"sharpe":0,"calmar":0,"sqn":0.0,"profit_factor":0.0,"max_drawdown_account":0.0,"max_drawdown_abs":0.0}],"total_trades":61,"trade_count_long":61,"trade_count_short":0,"total_volume":41077.30641552075,"avg_stake_amount":335.7162985245902,"profit_mean":0.0018857663048953617,"profit_median":0.0006397227465756823,"profit_total":0.03784545523000001,"profit_total_long":0.03784545523000001,"profit_total_short":0.0,"profit_total_abs":37.84545523000001,"profit_total_long_abs":37.84545523000001,"profit_total_short_abs":0.0,"cagr":0.1500202164380191,"expectancy":0.6204172988524588,"expectancy_ratio":-0.292527618932224,"sortino":1.3543540423019416,"sharpe":1.4026625326412263,"calmar":33.63622127050098,"sqn":0.9043,"profit_factor":1.5259692075223907,"backtest_start":"2025-10-01 00:00:00","backtest_start_ts":1759276800000,"backtest_end":"2026-01-06 20:00:00","backtest_end_ts":1767729600000,"backtest_days":97,"backtest_run_start_ts":1767747809,"backtest_run_end_ts":1767747809,"trades_per_day":0.63,"market_change":-0.36632086436227446,"pairlist":["DOGE/USDT"],"stake_amount":"unlimited","stake_currency":"USDT","stake_currency_decimals":3,"starting_balance":1000,"dry_run_wallet":1000,"final_balance":1037.84545523,"rejected_signals":0,"timedout_entry_orders":0,"timedout_exit_orders":0,"canceled_trade_entries":0,"canceled_entry_orders":0,"replaced_entry_orders":0,"max_open_trades":1,"max_open_trades_setting":3,"timeframe":"1h","timeframe_detail":"","timerange":"20251001-","enable_protections":false,"strategy_name":"ACO_67_8","freqaimodel":null,"freqai_identifier":null,"stoploss":-0.05,"trailing_stop":false,"trailing_stop_positive":null,"trailing_stop_positive_offset":0.0,"trailing_only_offset_is_reached":false,"use_custom_stoploss":false,"minimal_roi":{"0":0.1,"60":0.05,"120":0.0},"use_exit_signal":true,"exit_profit_only":false,"exit_profit_offset":0.0,"ignore_roi_if_entry_signal":false,"trading_mode":"spot","margin_mode":"","periodic_breakdown":{"day":[{"date":"02/10/2025","date_ts":1759363200000,"profit_abs":4.93265061,"wins":1,"draws":0,"losses":0,"trades":1,"profit_factor":0.0},{"date":"03/10/2025","date_ts":1759449600000,"profit_abs":2.52257527,"wins":1,"draws":1,"losses":0,"trades":2,"profit_factor":0.0},{"date":"04/10/2025","date_ts":1759536000000,"profit_abs":0.0,"wins":0,"draws":0,"losses":0,"trades":0,"profit_factor":0.0},{"date":"05/10/2025","date_ts":1759622400000,"profit_abs":-5.3591592,"wins":0,"draws":0,"losses":1,"trades":1,"profit_factor":0.0},{"date":"06/10/2025","date_ts":1759708800000,"profit_abs":0.0,"wins":0,"draws":0,"losses":0,"trades":0,"profit_factor":0.0},{"date":"07/10/2025","date_ts":1759795200000,"profit_abs":0.0,"wins":0,"draws":2,"losses":0,"trades":2,"profit_factor":0.0},{"date":"08/10/2025","date_ts":1759881600000,"profit_abs":0.20248788,"wins":1,"draws":1,"losses":0,"trades":2,"profit_factor":0.0},{"date":"09/10/2025","date_ts":1759968000000,"profit_abs":-17.16912636,"wins":0,"draws":0,"losses":1,"trades":1,"profit_factor":0.0},{"date":"10/10/2025","date_ts":1760054400000,"profit_abs":0.0,"wins":0,"draws":0,"losses":0,"trades":0,"profit_factor":0.0},{"date":"11/10/2025","date_ts":1760140800000,"profit_abs":0.0,"wins":0,"draws":1,"losses":0,"trades":1,"profit_factor":0.0},{"date":"12/10/2025","date_ts":1760227200000,"profit_abs":16.252694,"wins":1,"draws":0,"losses":0,"trades":1,"profit_factor":0.0},{"date":"13/10/2025","date_ts":1760313600000,"profit_abs":3.095408,"wins":1,"draws":0,"losses":0,"trades":1,"profit_factor":0.0},{"date":"14/10/2025","date_ts":1760400000000,"profit_abs":4.0981148,"wins":1,"draws":0,"losses":0,"trades":1,"profit_factor":0.0},{"date":"15/10/2025","date_ts":1760486400000,"profit_abs":0.0,"wins":0,"draws":0,"losses":0,"trades":0,"profit_factor":0.0},{"date":"16/10/2025","date_ts":1760572800000,"profit_abs":3.79281569,"wins":2,"draws":0,"losses":0,"trades":2,"profit_factor":0.0},{"date":"17/10/2025","date_ts":1760659200000,"profit_abs":0.0,"wins":0,"draws":2,"losses":0,"trades":2,"profit_factor":0.0},{"date":"18/10/2025","date_ts":1760745600000,"profit_abs":0.0,"wins":0,"draws":0,"losses":0,"trades":0,"profit_factor":0.0},{"date":"19/10/2025","date_ts":1760832000000,"profit_abs":0.0,"wins":0,"draws":0,"losses":0,"trades":0,"profit_factor":0.0},{"date":"20/10/2025","date_ts":1760918400000,"profit_abs":0.0,"wins":0,"draws":0,"losses":0,"trades":0,"profit_factor":0.0},{"date":"21/10/2025","date_ts":1761004800000,"profit_abs":0.0,"wins":0,"draws":0,"losses":0,"trades":0,"profit_factor":0.0},{"date":"22/10/2025","date_ts":1761091200000,"profit_abs":0.0,"wins":0,"draws":0,"losses":0,"trades":0,"profit_factor":0.0},{"date":"23/10/2025","date_ts":1761177600000,"profit_abs":0.0,"wins":0,"draws":0,"losses":0,"trades":0,"profit_factor":0.0},{"date":"24/10/2025","date_ts":1761264000000,"profit_abs":0.0,"wins":0,"draws":0,"losses":0,"trades":0,"profit_factor":0.0},{"date":"25/10/2025","date_ts":1761350400000,"profit_abs":0.0,"wins":0,"draws":0,"losses":0,"trades":0,"profit_factor":0.0},{"date":"26/10/2025","date_ts":1761436800000,"profit_abs":0.0,"wins":0,"draws":1,"losses":0,"trades":1,"profit_factor":0.0},{"date":"27/10/2025","date_ts":1761523200000,"profit_abs":0.0,"wins":0,"draws":1,"losses":0,"trades":1,"profit_factor":0.0},{"date":"28/10/2025","date_ts":1761609600000,"profit_abs":0.0,"wins":0,"draws":0,"losses":0,"trades":0,"profit_factor":0.0},{"date":"29/10/2025","date_ts":1761696000000,"profit_abs":0.7856352,"wins":1,"draws":1,"losses":0,"trades":2,"profit_factor":0.0},{"date":"30/10/2025","date_ts":1761782400000,"profit_abs":-11.42920505,"wins":1,"draws":1,"losses":1,"trades":3,"profit_factor":0.34519754},{"date":"31/10/2025","date_ts":1761868800000,"profit_abs":0.0,"wins":0,"draws":0,"losses":0,"trades":0,"profit_factor":0.0},{"date":"01/11/2025","date_ts":1761955200000,"profit_abs":0.0,"wins":0,"draws":0,"losses":0,"trades":0,"profit_factor":0.0},{"date":"02/11/2025","date_ts":1762041600000,"profit_abs":0.0,"wins":0,"draws":0,"losses":0,"trades":0,"profit_factor":0.0},{"date":"03/11/2025","date_ts":1762128000000,"profit_abs":2.78549106,"wins":2,"draws":0,"losses":0,"trades":2,"profit_factor":0.0},{"date":"04/11/2025","date_ts":1762214400000,"profit_abs":6.3228437,"wins":2,"draws":1,"losses":0,"trades":3,"profit_factor":0.0},{"date":"05/11/2025","date_ts":1762300800000,"profit_abs":5.13001755,"wins":1,"draws":0,"losses":0,"trades":1,"profit_factor":0.0},{"date":"06/11/2025","date_ts":1762387200000,"profit_abs":0.0,"wins":0,"draws":1,"losses":0,"trades":1,"profit_factor":0.0},{"date":"07/11/2025","date_ts":1762473600000,"profit_abs":0.0,"wins":0,"draws":0,"losses":0,"trades":0,"profit_factor":0.0},{"date":"08/11/2025","date_ts":1762560000000,"profit_abs":8.62753383,"wins":2,"draws":0,"losses":0,"trades":2,"profit_factor":0.0},{"date":"09/11/2025","date_ts":1762646400000,"profit_abs":0.0,"wins":0,"draws":0,"losses":0,"trades":0,"profit_factor":0.0},{"date":"10/11/2025","date_ts":1762732800000,"profit_abs":0.0,"wins":0,"draws":0,"losses":0,"trades":0,"profit_factor":0.0},{"date":"11/11/2025","date_ts":1762819200000,"profit_abs":0.0,"wins":0,"draws":0,"losses":0,"trades":0,"profit_factor":0.0},{"date":"12/11/2025","date_ts":1762905600000,"profit_abs":6.74369314,"wins":2,"draws":0,"losses":0,"trades":2,"profit_factor":0.0},{"date":"13/11/2025","date_ts":1762992000000,"profit_abs":0.0,"wins":0,"draws":0,"losses":0,"trades":0,"profit_factor":0.0},{"date":"14/11/2025","date_ts":1763078400000,"profit_abs":0.21786816,"wins":1,"draws":1,"losses":0,"trades":2,"profit_factor":0.0},{"date":"15/11/2025","date_ts":1763164800000,"profit_abs":1.11344535,"wins":1,"draws":0,"losses":0,"trades":1,"profit_factor":0.0},{"date":"16/11/2025","date_ts":1763251200000,"profit_abs":0.0,"wins":0,"draws":0,"losses":0,"trades":0,"profit_factor":0.0},{"date":"17/11/2025","date_ts":1763337600000,"profit_abs":0.0,"wins":0,"draws":0,"losses":0,"trades":0,"profit_factor":0.0},{"date":"18/11/2025","date_ts":1763424000000,"profit_abs":0.0,"wins":0,"draws":0,"losses":0,"trades":0,"profit_factor":0.0},{"date":"19/11/2025","date_ts":1763510400000,"profit_abs":0.0,"wins":0,"draws":0,"losses":0,"trades":0,"profit_factor":0.0},{"date":"20/11/2025","date_ts":1763596800000,"profit_abs":0.0,"wins":0,"draws":0,"losses":0,"trades":0,"profit_factor":0.0},{"date":"21/11/2025","date_ts":1763683200000,"profit_abs":-15.65107746,"wins":1,"draws":0,"losses":1,"trades":2,"profit_factor":0.11455634},{"date":"22/11/2025","date_ts":1763769600000,"profit_abs":17.77097279,"wins":4,"draws":0,"losses":0,"trades":4,"profit_factor":0.0},{"date":"23/11/2025","date_ts":1763856000000,"profit_abs":0.0,"wins":0,"draws":0,"losses":0,"trades":0,"profit_factor":0.0},{"date":"24/11/2025","date_ts":1763942400000,"profit_abs":1.50500985,"wins":1,"draws":0,"losses":0,"trades":1,"profit_factor":0.0},{"date":"25/11/2025","date_ts":1764028800000,"profit_abs":0.0,"wins":0,"draws":0,"losses":0,"trades":0,"profit_factor":0.0},{"date":"26/11/2025","date_ts":1764115200000,"profit_abs":0.0,"wins":0,"draws":0,"losses":0,"trades":0,"profit_factor":0.0},{"date":"27/11/2025","date_ts":1764201600000,"profit_abs":0.0,"wins":0,"draws":0,"losses":0,"trades":0,"profit_factor":0.0},{"date":"28/11/2025","date_ts":1764288000000,"profit_abs":0.0,"wins":0,"draws":0,"losses":0,"trades":0,"profit_factor":0.0},{"date":"29/11/2025","date_ts":1764374400000,"profit_abs":0.0,"wins":0,"draws":0,"losses":0,"trades":0,"profit_factor":0.0},{"date":"30/11/2025","date_ts":1764460800000,"profit_abs":0.0,"wins":0,"draws":0,"losses":0,"trades":0,"profit_factor":0.0},{"date":"01/12/2025","date_ts":1764547200000,"profit_abs":0.0,"wins":0,"draws":2,"losses":0,"trades":2,"profit_factor":0.0},{"date":"02/12/2025","date_ts":1764633600000,"profit_abs":4.36178142,"wins":1,"draws":0,"losses":0,"trades":1,"profit_factor":0.0},{"date":"03/12/2025","date_ts":1764720000000,"profit_abs":0.0,"wins":0,"draws":1,"losses":0,"trades":1,"profit_factor":0.0},{"date":"04/12/2025","date_ts":1764806400000,"profit_abs":-6.18192356,"wins":0,"draws":0,"losses":1,"trades":1,"profit_factor":0.0},{"date":"05/12/2025","date_ts":1764892800000,"profit_abs":0.0,"wins":0,"draws":1,"losses":0,"trades":1,"profit_factor":0.0},{"date":"06/12/2025","date_ts":1764979200000,"profit_abs":0.0,"wins":0,"draws":0,"losses":0,"trades":0,"profit_factor":0.0},{"date":"07/12/2025","date_ts":1765065600000,"profit_abs":-8.11313344,"wins":0,"draws":0,"losses":1,"trades":1,"profit_factor":0.0},{"date":"08/12/2025","date_ts":1765152000000,"profit_abs":0.0,"wins":0,"draws":0,"losses":0,"trades":0,"profit_factor":0.0},{"date":"09/12/2025","date_ts":1765238400000,"profit_abs":0.0,"wins":0,"draws":0,"losses":0,"trades":0,"profit_factor":0.0},{"date":"10/12/2025","date_ts":1765324800000,"profit_abs":0.0,"wins":0,"draws":0,"losses":0,"trades":0,"profit_factor":0.0},{"date":"11/12/2025","date_ts":1765411200000,"profit_abs":0.0,"wins":0,"draws":0,"losses":0,"trades":0,"profit_factor":0.0},{"date":"12/12/2025","date_ts":1765497600000,"profit_abs":0.0,"wins":0,"draws":0,"losses":0,"trades":0,"profit_factor":0.0},{"date":"13/12/2025","date_ts":1765584000000,"profit_abs":0.0,"wins":0,"draws":0,"losses":0,"trades":0,"profit_factor":0.0},{"date":"14/12/2025","date_ts":1765670400000,"profit_abs":0.0,"wins":0,"draws":0,"losses":0,"trades":0,"profit_factor":0.0},{"date":"15/12/2025","date_ts":1765756800000,"profit_abs":0.0,"wins":0,"draws":2,"losses":0,"trades":2,"profit_factor":0.0},{"date":"16/12/2025","date_ts":1765843200000,"profit_abs":0.0,"wins":0,"draws":0,"losses":0,"trades":0,"profit_factor":0.0},{"date":"17/12/2025","date_ts":1765929600000,"profit_abs":0.0,"wins":0,"draws":0,"losses":0,"trades":0,"profit_factor":0.0},{"date":"18/12/2025","date_ts":1766016000000,"profit_abs":0.0,"wins":0,"draws":0,"losses":0,"trades":0,"profit_factor":0.0},{"date":"19/12/2025","date_ts":1766102400000,"profit_abs":0.0,"wins":0,"draws":0,"losses":0,"trades":0,"profit_factor":0.0},{"date":"20/12/2025","date_ts":1766188800000,"profit_abs":0.63447563,"wins":2,"draws":0,"losses":0,"trades":2,"profit_factor":0.0},{"date":"21/12/2025","date_ts":1766275200000,"profit_abs":0.0,"wins":0,"draws":0,"losses":0,"trades":0,"profit_factor":0.0},{"date":"22/12/2025","date_ts":1766361600000,"profit_abs":0.0,"wins":0,"draws":1,"losses":0,"trades":1,"profit_factor":0.0},{"date":"23/12/2025","date_ts":1766448000000,"profit_abs":0.0,"wins":0,"draws":0,"losses":0,"trades":0,"profit_factor":0.0},{"date":"24/12/2025","date_ts":1766534400000,"profit_abs":0.0,"wins":0,"draws":0,"losses":0,"trades":0,"profit_factor":0.0},{"date":"25/12/2025","date_ts":1766620800000,"profit_abs":0.0,"wins":0,"draws":0,"losses":0,"trades":0,"profit_factor":0.0},{"date":"26/12/2025","date_ts":1766707200000,"profit_abs":0.0,"wins":0,"draws":0,"losses":0,"trades":0,"profit_factor":0.0},{"date":"27/12/2025","date_ts":1766793600000,"profit_abs":0.0,"wins":0,"draws":0,"losses":0,"trades":0,"profit_factor":0.0},{"date":"28/12/2025","date_ts":1766880000000,"profit_abs":0.0,"wins":0,"draws":0,"losses":0,"trades":0,"profit_factor":0.0},{"date":"29/12/2025","date_ts":1766966400000,"profit_abs":0.0,"wins":0,"draws":0,"losses":0,"trades":0,"profit_factor":0.0},{"date":"30/12/2025","date_ts":1767052800000,"profit_abs":0.0,"wins":0,"draws":0,"losses":0,"trades":0,"profit_factor":0.0},{"date":"31/12/2025","date_ts":1767139200000,"profit_abs":0.7957338,"wins":1,"draws":0,"losses":0,"trades":1,"profit_factor":0.0},{"date":"01/01/2026","date_ts":1767225600000,"profit_abs":0.0,"wins":0,"draws":0,"losses":0,"trades":0,"profit_factor":0.0},{"date":"02/01/2026","date_ts":1767312000000,"profit_abs":0.0,"wins":0,"draws":0,"losses":0,"trades":0,"profit_factor":0.0},{"date":"03/01/2026","date_ts":1767398400000,"profit_abs":6.45069684,"wins":2,"draws":0,"losses":0,"trades":2,"profit_factor":0.0},{"date":"04/01/2026","date_ts":1767484800000,"profit_abs":0.0,"wins":0,"draws":0,"losses":0,"trades":0,"profit_factor":0.0},{"date":"05/01/2026","date_ts":1767571200000,"profit_abs":3.60713573,"wins":1,"draws":0,"losses":0,"trades":1,"profit_factor":0.0}],"week":[{"date":"06/10/2025","date_ts":1759708800000,"profit_abs":2.09606668,"wins":2,"draws":1,"losses":1,"trades":4,"profit_factor":1.39111857},{"date":"13/10/2025","date_ts":1760313600000,"profit_abs":2.38146352,"wins":3,"draws":4,"losses":1,"trades":8,"profit_factor":1.13870616},{"date":"20/10/2025","date_ts":1760918400000,"profit_abs":7.89093049,"wins":3,"draws":2,"losses":0,"trades":5,"profit_factor":0.0},{"date":"27/10/2025","date_ts":1761523200000,"profit_abs":0.0,"wins":0,"draws":2,"losses":0,"trades":2,"profit_factor":0.0},{"date":"03/11/2025","date_ts":1762128000000,"profit_abs":-7.85807879,"wins":4,"draws":2,"losses":1,"trades":7,"profit_factor":0.54979465},{"date":"10/11/2025","date_ts":1762732800000,"profit_abs":20.08039508,"wins":5,"draws":2,"losses":0,"trades":7,"profit_factor":0.0},{"date":"17/11/2025","date_ts":1763337600000,"profit_abs":8.07500665,"wins":4,"draws":1,"losses":0,"trades":5,"profit_factor":0.0},{"date":"24/11/2025","date_ts":1763942400000,"profit_abs":3.62490518,"wins":6,"draws":0,"losses":1,"trades":7,"profit_factor":1.20507529},{"date":"01/12/2025","date_ts":1764547200000,"profit_abs":0.0,"wins":0,"draws":2,"losses":0,"trades":2,"profit_factor":0.0},{"date":"08/12/2025","date_ts":1765152000000,"profit_abs":-9.93327558,"wins":1,"draws":2,"losses":2,"trades":5,"profit_factor":0.30512515},{"date":"15/12/2025","date_ts":1765756800000,"profit_abs":0.0,"wins":0,"draws":2,"losses":0,"trades":2,"profit_factor":0.0},{"date":"22/12/2025","date_ts":1766361600000,"profit_abs":0.63447563,"wins":2,"draws":1,"losses":0,"trades":3,"profit_factor":0.0},{"date":"29/12/2025","date_ts":1766966400000,"profit_abs":0.0,"wins":0,"draws":0,"losses":0,"trades":0,"profit_factor":0.0},{"date":"05/01/2026","date_ts":1767571200000,"profit_abs":10.85356637,"wins":4,"draws":0,"losses":0,"trades":4,"profit_factor":0.0}],"month":[{"date":"31/10/2025","date_ts":1761868800000,"profit_abs":1.72489084,"wins":10,"draws":11,"losses":3,"trades":24,"profit_factor":1.04314091},{"date":"30/11/2025","date_ts":1764460800000,"profit_abs":34.56579797,"wins":17,"draws":3,"losses":1,"trades":21,"profit_factor":2.95552458},{"date":"31/12/2025","date_ts":1767139200000,"profit_abs":-8.50306615,"wins":4,"draws":7,"losses":2,"trades":13,"profit_factor":0.40517438},{"date":"31/01/2026","date_ts":1769817600000,"profit_abs":10.05783257,"wins":3,"draws":0,"losses":0,"trades":3,"profit_factor":0.0}],"year":[{"date":"31/12/2025","date_ts":1767139200000,"profit_abs":27.78762266,"wins":31,"draws":21,"losses":6,"trades":58,"profit_factor":1.38618729},{"date":"31/12/2026","date_ts":1798675200000,"profit_abs":10.05783257,"wins":3,"draws":0,"losses":0,"trades":3,"profit_factor":0.0}],"weekday":[{"date":"Monday","date_ts":0,"profit_abs":10.99304464,"wins":5,"draws":6,"losses":0,"trades":11,"profit_factor":0.0},{"date":"Tuesday","date_ts":1,"profit_abs":14.78273992,"wins":4,"draws":3,"losses":0,"trades":7,"profit_factor":0.0},{"date":"Wednesday","date_ts":2,"profit_abs":13.65756757,"wins":6,"draws":3,"losses":0,"trades":9,"profit_factor":0.0},{"date":"Thursday","date_ts":3,"profit_abs":-26.05478867,"wins":4,"draws":2,"losses":3,"trades":9,"profit_factor":0.36148803},{"date":"Friday","date_ts":4,"profit_abs":-12.91063403,"wins":3,"draws":5,"losses":1,"trades":9,"profit_factor":0.26959412},{"date":"Saturday","date_ts":5,"profit_abs":34.59712444,"wins":11,"draws":1,"losses":0,"trades":12,"profit_factor":0.0},{"date":"Sunday","date_ts":6,"profit_abs":2.78040136,"wins":1,"draws":1,"losses":2,"trades":4,"profit_factor":1.20637923}]},"backtest_best_day":0.052613421608965205,"backtest_worst_day":-0.05188834244183354,"backtest_best_day_abs":17.77097279,"backtest_worst_day_abs":-17.16912636,"winning_days":22,"draw_days":68,"losing_days":6,"daily_profit":[["2025-10-02",4.93265061],["2025-10-03",2.52257527],["2025-10-04",0.0],["2025-10-05",-5.3591592],["2025-10-06",0.0],["2025-10-07",0.0],["2025-10-08",0.20248788],["2025-10-09",-17.16912636],["2025-10-10",0.0],["2025-10-11",0.0],["2025-10-12",16.252694],["2025-10-13",3.095408],["2025-10-14",4.0981148],["2025-10-15",0.0],["2025-10-16",3.79281569],["2025-10-17",0.0],["2025-10-18",0.0],["2025-10-19",0.0],["2025-10-20",0.0],["2025-10-21",0.0],["2025-10-22",0.0],["2025-10-23",0.0],["2025-10-24",0.0],["2025-10-25",0.0],["2025-10-26",0.0],["2025-10-27",0.0],["2025-10-28",0.0],["2025-10-29",0.7856352],["2025-10-30",-11.42920505],["2025-10-31",0.0],["2025-11-01",0.0],["2025-11-02",0.0],["2025-11-03",2.78549106],["2025-11-04",6.3228437],["2025-11-05",5.13001755],["2025-11-06",0.0],["2025-11-07",0.0],["2025-11-08",8.62753383],["2025-11-09",0.0],["2025-11-10",0.0],["2025-11-11",0.0],["2025-11-12",6.74369314],["2025-11-13",0.0],["2025-11-14",0.21786816],["2025-11-15",1.11344535],["2025-11-16",0.0],["2025-11-17",0.0],["2025-11-18",0.0],["2025-11-19",0.0],["2025-11-20",0.0],["2025-11-21",-15.65107746],["2025-11-22",17.77097279],["2025-11-23",0.0],["2025-11-24",1.50500985],["2025-11-25",0.0],["2025-11-26",0.0],["2025-11-27",0.0],["2025-11-28",0.0],["2025-11-29",0.0],["2025-11-30",0.0],["2025-12-01",0.0],["2025-12-02",4.36178142],["2025-12-03",0.0],["2025-12-04",-6.18192356],["2025-12-05",0.0],["2025-12-06",0.0],["2025-12-07",-8.11313344],["2025-12-08",0.0],["2025-12-09",0.0],["2025-12-10",0.0],["2025-12-11",0.0],["2025-12-12",0.0],["2025-12-13",0.0],["2025-12-14",0.0],["2025-12-15",0.0],["2025-12-16",0.0],["2025-12-17",0.0],["2025-12-18",0.0],["2025-12-19",0.0],["2025-12-20",0.63447563],["2025-12-21",0.0],["2025-12-22",0.0],["2025-12-23",0.0],["2025-12-24",0.0],["2025-12-25",0.0],["2025-12-26",0.0],["2025-12-27",0.0],["2025-12-28",0.0],["2025-12-29",0.0],["2025-12-30",0.0],["2025-12-31",0.7957338],["2026-01-01",0.0],["2026-01-02",0.0],["2026-01-03",6.45069684],["2026-01-04",0.0],["2026-01-05",3.60713573]],"wins":34,"losses":6,"draws":21,"winrate":0.5573770491803278,"holding_avg":"3:42:00","holding_avg_s":13320.0,"winner_holding_min":"0d 01:00","winner_holding_min_s":3600.0,"winner_holding_max":"0d 02:00","winner_holding_max_s":7200.0,"winner_holding_avg":"0d 01:58","winner_holding_avg_s":7080.0,"loser_holding_min":"0d 01:00","loser_holding_min_s":3600.0,"loser_holding_max":"1d 15:00","loser_holding_max_s":140400.0,"loser_holding_avg":"0d 13:30","loser_holding_avg_s":48600.0,"max_consecutive_wins":6,"max_consecutive_losses":6,"max_drawdown_account":0.02216058550939435,"max_relative_drawdown":0.02216058550939435,"max_drawdown_abs":22.32579768,"drawdown_start":"2025-10-03 04:00:00","drawdown_start_ts":1759464000000.0,"drawdown_end":"2025-10-09 14:00:00","drawdown_end_ts":1760018400000.0,"drawdown_duration":"6 days 10:00:00","drawdown_duration_s":554400.0,"max_drawdown_low":-14.8705718,"max_drawdown_high":7.4552258799999995,"csum_min":985.1294282,"csum_max":1040.65247023}},"strategy_comparison":[{"key":"ACO_67_8","trades":61,"profit_mean":0.0018857663048953617,"profit_mean_pct":0.19,"profit_total_abs":37.84545523000001,"profit_total":0.03784545523000001,"profit_total_pct":3.78,"duration_avg":"3:42:00","wins":34,"draws":21,"losses":6,"winrate":0.5573770491803278,"cagr":0.1500202164380191,"expectancy":0.6204172988524588,"expectancy_ratio":-0.292527618932224,"sortino":1.3543540423019416,"sharpe":1.4026625326412263,"calmar":33.63622127050098,"sqn":0.9043,"profit_factor":1.5259692075223907,"max_drawdown_account":0.02216058550939435,"max_drawdown_abs":"22.326"}]}