{"strategy":{"ACO_27_13":{"trades":[{"pair":"DOGE/USDT","stake_amount":329.82932,"max_stake_amount":329.82932,"amount":1289.0,"open_date":"2025-10-02 17:00:00+00:00","close_date":"2025-10-02 19:00:00+00:00","open_rate":0.25588,"close_rate":0.25882,"fee_open":0.001,"fee_close":0.001,"trade_duration":120,"profit_ratio":0.009468802262299214,"profit_abs":3.1262117,"exit_reason":"roi","initial_stop_loss_abs":0.24309,"initial_stop_loss_ratio":-0.05,"stop_loss_abs":0.24309,"stop_loss_ratio":-0.05,"min_rate":0.25482,"max_rate":0.2608,"is_open":false,"enter_tag":"","leverage":1.0,"is_short":false,"open_timestamp":1759424400000,"close_timestamp":1759431600000,"orders":[{"amount":1289.0,"safe_price":0.25588,"ft_order_side":"buy","order_filled_timestamp":1759424400000,"ft_is_entry":true,"ft_order_tag":"","cost":330.15914932},{"amount":1289.0,"safe_price":0.25882,"ft_order_side":"sell","order_filled_timestamp":1759431600000,"ft_is_entry":false,"ft_order_tag":"roi","cost":333.95259897999995}],"funding_fees":0.0,"weekday":3},{"pair":"DOGE/USDT","stake_amount":330.9852,"max_stake_amount":330.9852,"amount":1274.0,"open_date":"2025-10-03 19:00:00+00:00","close_date":"2025-10-03 21:00:00+00:00","open_rate":0.2598,"close_rate":0.26032012012012007,"fee_open":0.001,"fee_close":0.001,"trade_duration":120,"profit_ratio":0.0,"profit_abs":0.0,"exit_reason":"roi","initial_stop_loss_abs":0.24681,"initial_stop_loss_ratio":-0.05,"stop_loss_abs":0.24681,"stop_loss_ratio":-0.05,"min_rate":0.25796,"max_rate":0.26123,"is_open":false,"enter_tag":"","leverage":1.0,"is_short":false,"open_timestamp":1759518000000,"close_timestamp":1759525200000,"orders":[{"amount":1274.0,"safe_price":0.2598,"ft_order_side":"buy","order_filled_timestamp":1759518000000,"ft_is_entry":true,"ft_order_tag":"","cost":331.31618519999995},{"amount":1274.0,"safe_price":0.26032012012012007,"ft_order_side":"sell","order_filled_timestamp":1759525200000,"ft_is_entry":false,"ft_order_tag":"roi","cost":331.97948086606596}],"funding_fees":0.0,"weekday":4},{"pair":"DOGE/USDT","stake_amount":330.95368,"max_stake_amount":330.95368,"amount":1252.0,"open_date":"2025-10-07 13:00:00+00:00","close_date":"2025-10-07 15:00:00+00:00","open_rate":0.26434,"close_rate":0.25113,"fee_open":0.001,"fee_close":0.001,"trade_duration":120,"profit_ratio":-0.05187167376015072,"profit_abs":-17.18428844,"exit_reason":"stop_loss","initial_stop_loss_abs":0.25113,"initial_stop_loss_ratio":-0.05,"stop_loss_abs":0.25113,"stop_loss_ratio":-0.05,"min_rate":0.25026,"max_rate":0.26548,"is_open":false,"enter_tag":"","leverage":1.0,"is_short":false,"open_timestamp":1759842000000,"close_timestamp":1759849200000,"orders":[{"amount":1252.0,"safe_price":0.26434,"ft_order_side":"buy","order_filled_timestamp":1759842000000,"ft_is_entry":true,"ft_order_tag":"","cost":331.28463367999996},{"amount":1252.0,"safe_price":0.25113,"ft_order_side":"sell","order_filled_timestamp":1759849200000,"ft_is_entry":false,"ft_order_tag":"stop_loss","cost":314.72917476}],"funding_fees":0.0,"weekday":1},{"pair":"DOGE/USDT","stake_amount":325.33072,"max_stake_amount":325.33072,"amount":1298.0,"open_date":"2025-10-10 11:00:00+00:00","close_date":"2025-10-10 13:00:00+00:00","open_rate":0.25064,"close_rate":0.2511417817817817,"fee_open":0.001,"fee_close":0.001,"trade_duration":120,"profit_ratio":0.0,"profit_abs":0.0,"exit_reason":"roi","initial_stop_loss_abs":0.23811,"initial_stop_loss_ratio":-0.05,"stop_loss_abs":0.23811,"stop_loss_ratio":-0.05,"min_rate":0.24958,"max_rate":0.25403,"is_open":false,"enter_tag":"","leverage":1.0,"is_short":false,"open_timestamp":1760094000000,"close_timestamp":1760101200000,"orders":[{"amount":1298.0,"safe_price":0.25064,"ft_order_side":"buy","order_filled_timestamp":1760094000000,"ft_is_entry":true,"ft_order_tag":"","cost":325.65605071999994},{"amount":1298.0,"safe_price":0.2511417817817817,"ft_order_side":"sell","order_filled_timestamp":1760101200000,"ft_is_entry":false,"ft_order_tag":"roi","cost":326.3080147855054}],"funding_fees":0.0,"weekday":4},{"pair":"DOGE/USDT","stake_amount":325.20012,"max_stake_amount":325.20012,"amount":1658.0,"open_date":"2025-10-12 15:00:00+00:00","close_date":"2025-10-12 16:00:00+00:00","open_rate":0.19614,"close_rate":0.2063494894894895,"fee_open":0.001,"fee_close":0.001,"trade_duration":60,"profit_ratio":0.04995004995004995,"profit_abs":16.260006,"exit_reason":"roi","initial_stop_loss_abs":0.18634,"initial_stop_loss_ratio":-0.05,"stop_loss_abs":0.18634,"stop_loss_ratio":-0.05,"min_rate":0.19562,"max_rate":0.2095,"is_open":false,"enter_tag":"","leverage":1.0,"is_short":false,"open_timestamp":1760281200000,"close_timestamp":1760284800000,"orders":[{"amount":1658.0,"safe_price":0.19614,"ft_order_side":"buy","order_filled_timestamp":1760281200000,"ft_is_entry":true,"ft_order_tag":"","cost":325.52532012},{"amount":1658.0,"safe_price":0.2063494894894895,"ft_order_side":"sell","order_filled_timestamp":1760284800000,"ft_is_entry":false,"ft_order_tag":"roi","cost":342.4695810271471}],"funding_fees":0.0,"weekday":6},{"pair":"DOGE/USDT","stake_amount":330.6,"max_stake_amount":330.6,"amount":1740.0,"open_date":"2025-10-18 18:00:00+00:00","close_date":"2025-10-19 03:00:00+00:00","open_rate":0.19,"close_rate":0.19038038038038035,"fee_open":0.001,"fee_close":0.001,"trade_duration":540,"profit_ratio":0.0,"profit_abs":0.0,"exit_reason":"roi","initial_stop_loss_abs":0.1805,"initial_stop_loss_ratio":-0.05,"stop_loss_abs":0.1805,"stop_loss_ratio":-0.05,"min_rate":0.18777,"max_rate":0.19078,"is_open":false,"enter_tag":"","leverage":1.0,"is_short":false,"open_timestamp":1760810400000,"close_timestamp":1760842800000,"orders":[{"amount":1740.0,"safe_price":0.19,"ft_order_side":"buy","order_filled_timestamp":1760810400000,"ft_is_entry":true,"ft_order_tag":"","cost":330.93059999999997},{"amount":1740.0,"safe_price":0.19038038038038035,"ft_order_side":"sell","order_filled_timestamp":1760842800000,"ft_is_entry":false,"ft_order_tag":"roi","cost":331.59312372372364}],"funding_fees":0.0,"weekday":6},{"pair":"DOGE/USDT","stake_amount":330.54626,"max_stake_amount":330.54626,"amount":1741.0,"open_date":"2025-10-19 10:00:00+00:00","close_date":"2025-10-19 12:00:00+00:00","open_rate":0.18986,"close_rate":0.1933,"fee_open":0.001,"fee_close":0.001,"trade_duration":120,"profit_ratio":0.016084410690962888,"profit_abs":5.32195844,"exit_reason":"roi","initial_stop_loss_abs":0.18037,"initial_stop_loss_ratio":-0.05,"stop_loss_abs":0.18037,"stop_loss_ratio":-0.05,"min_rate":0.18895,"max_rate":0.1968,"is_open":false,"enter_tag":"","leverage":1.0,"is_short":false,"open_timestamp":1760868000000,"close_timestamp":1760875200000,"orders":[{"amount":1741.0,"safe_price":0.18986,"ft_order_side":"buy","order_filled_timestamp":1760868000000,"ft_is_entry":true,"ft_order_tag":"","cost":330.87680625999997},{"amount":1741.0,"safe_price":0.1933,"ft_order_side":"sell","order_filled_timestamp":1760875200000,"ft_is_entry":false,"ft_order_tag":"roi","cost":336.8718353}],"funding_fees":0.0,"weekday":6},{"pair":"DOGE/USDT","stake_amount":332.3556,"max_stake_amount":332.3556,"amount":1695.0,"open_date":"2025-10-24 19:00:00+00:00","close_date":"2025-10-24 21:00:00+00:00","open_rate":0.19608,"close_rate":0.19762,"fee_open":0.001,"fee_close":0.001,"trade_duration":120,"profit_ratio":0.0058402429883458035,"profit_abs":1.9429785,"exit_reason":"roi","initial_stop_loss_abs":0.18628,"initial_stop_loss_ratio":-0.05,"stop_loss_abs":0.18628,"stop_loss_ratio":-0.05,"min_rate":0.19603,"max_rate":0.19819,"is_open":false,"enter_tag":"","leverage":1.0,"is_short":false,"open_timestamp":1761332400000,"close_timestamp":1761339600000,"orders":[{"amount":1695.0,"safe_price":0.19608,"ft_order_side":"buy","order_filled_timestamp":1761332400000,"ft_is_entry":true,"ft_order_tag":"","cost":332.68795559999995},{"amount":1695.0,"safe_price":0.19762,"ft_order_side":"sell","order_filled_timestamp":1761339600000,"ft_is_entry":false,"ft_order_tag":"roi","cost":335.30086589999996}],"funding_fees":0.0,"weekday":4},{"pair":"DOGE/USDT","stake_amount":333.04375,"max_stake_amount":333.04375,"amount":1625.0,"open_date":"2025-10-27 17:00:00+00:00","close_date":"2025-10-28 20:00:00+00:00","open_rate":0.20495,"close_rate":0.19471,"fee_open":0.001,"fee_close":0.001,"trade_duration":1620,"profit_ratio":-0.05186158072227846,"profit_abs":-17.2894475,"exit_reason":"stop_loss","initial_stop_loss_abs":0.19471,"initial_stop_loss_ratio":-0.05,"stop_loss_abs":0.19471,"stop_loss_ratio":-0.05,"min_rate":0.19189,"max_rate":0.20569,"is_open":false,"enter_tag":"","leverage":1.0,"is_short":false,"open_timestamp":1761584400000,"close_timestamp":1761681600000,"orders":[{"amount":1625.0,"safe_price":0.20495,"ft_order_side":"buy","order_filled_timestamp":1761584400000,"ft_is_entry":true,"ft_order_tag":"","cost":333.37679374999993},{"amount":1625.0,"safe_price":0.19471,"ft_order_side":"sell","order_filled_timestamp":1761681600000,"ft_is_entry":false,"ft_order_tag":"stop_loss","cost":316.72015374999995}],"funding_fees":0.0,"weekday":1},{"pair":"DOGE/USDT","stake_amount":327.4075,"max_stake_amount":327.4075,"amount":1750.0,"open_date":"2025-11-01 08:00:00+00:00","close_date":"2025-11-01 10:00:00+00:00","open_rate":0.18709,"close_rate":0.18746455455455455,"fee_open":0.001,"fee_close":0.001,"trade_duration":120,"profit_ratio":0.0,"profit_abs":0.0,"exit_reason":"roi","initial_stop_loss_abs":0.17774,"initial_stop_loss_ratio":-0.05,"stop_loss_abs":0.17774,"stop_loss_ratio":-0.05,"min_rate":0.1867,"max_rate":0.188,"is_open":false,"enter_tag":"","leverage":1.0,"is_short":false,"open_timestamp":1761984000000,"close_timestamp":1761991200000,"orders":[{"amount":1750.0,"safe_price":0.18709,"ft_order_side":"buy","order_filled_timestamp":1761984000000,"ft_is_entry":true,"ft_order_tag":"","cost":327.73490749999996},{"amount":1750.0,"safe_price":0.18746455455455455,"ft_order_side":"sell","order_filled_timestamp":1761991200000,"ft_is_entry":false,"ft_order_tag":"roi","cost":328.39103344094093}],"funding_fees":0.0,"weekday":5},{"pair":"DOGE/USDT","stake_amount":327.28298,"max_stake_amount":327.28298,"amount":1747.0,"open_date":"2025-11-01 16:00:00+00:00","close_date":"2025-11-01 20:00:00+00:00","open_rate":0.18734,"close_rate":0.18771505505505504,"fee_open":0.001,"fee_close":0.001,"trade_duration":240,"profit_ratio":0.0,"profit_abs":0.0,"exit_reason":"roi","initial_stop_loss_abs":0.17798,"initial_stop_loss_ratio":-0.05,"stop_loss_abs":0.17798,"stop_loss_ratio":-0.05,"min_rate":0.18662,"max_rate":0.18837,"is_open":false,"enter_tag":"","leverage":1.0,"is_short":false,"open_timestamp":1762012800000,"close_timestamp":1762027200000,"orders":[{"amount":1747.0,"safe_price":0.18734,"ft_order_side":"buy","order_filled_timestamp":1762012800000,"ft_is_entry":true,"ft_order_tag":"","cost":327.61026297999996},{"amount":1747.0,"safe_price":0.18771505505505504,"ft_order_side":"sell","order_filled_timestamp":1762027200000,"ft_is_entry":false,"ft_order_tag":"roi","cost":328.2661393823623}],"funding_fees":0.0,"weekday":5},{"pair":"DOGE/USDT","stake_amount":327.34282,"max_stake_amount":327.34282,"amount":1741.0,"open_date":"2025-11-02 05:00:00+00:00","close_date":"2025-11-02 07:00:00+00:00","open_rate":0.18802,"close_rate":0.18839641641641638,"fee_open":0.001,"fee_close":0.001,"trade_duration":120,"profit_ratio":0.0,"profit_abs":0.0,"exit_reason":"roi","initial_stop_loss_abs":0.17862,"initial_stop_loss_ratio":-0.05,"stop_loss_abs":0.17862,"stop_loss_ratio":-0.05,"min_rate":0.18701,"max_rate":0.18884,"is_open":false,"enter_tag":"","leverage":1.0,"is_short":false,"open_timestamp":1762059600000,"close_timestamp":1762066800000,"orders":[{"amount":1741.0,"safe_price":0.18802,"ft_order_side":"buy","order_filled_timestamp":1762059600000,"ft_is_entry":true,"ft_order_tag":"","cost":327.6701628199999},{"amount":1741.0,"safe_price":0.18839641641641638,"ft_order_side":"sell","order_filled_timestamp":1762066800000,"ft_is_entry":false,"ft_order_tag":"roi","cost":328.32615914196185}],"funding_fees":0.0,"weekday":6},{"pair":"DOGE/USDT","stake_amount":327.38447,"max_stake_amount":327.38447,"amount":1751.0,"open_date":"2025-11-02 12:00:00+00:00","close_date":"2025-11-03 03:00:00+00:00","open_rate":0.18697,"close_rate":0.17763,"fee_open":0.001,"fee_close":0.001,"trade_duration":900,"profit_ratio":-0.051852730892148986,"profit_abs":-16.9927546,"exit_reason":"stop_loss","initial_stop_loss_abs":0.17763,"initial_stop_loss_ratio":-0.05,"stop_loss_abs":0.17763,"stop_loss_ratio":-0.05,"min_rate":0.17456,"max_rate":0.18704,"is_open":false,"enter_tag":"","leverage":1.0,"is_short":false,"open_timestamp":1762084800000,"close_timestamp":1762138800000,"orders":[{"amount":1751.0,"safe_price":0.18697,"ft_order_side":"buy","order_filled_timestamp":1762084800000,"ft_is_entry":true,"ft_order_tag":"","cost":327.71185447},{"amount":1751.0,"safe_price":0.17763,"ft_order_side":"sell","order_filled_timestamp":1762138800000,"ft_is_entry":false,"ft_order_tag":"stop_loss","cost":311.34116013}],"funding_fees":0.0,"weekday":0},{"pair":"DOGE/USDT","stake_amount":321.80025,"max_stake_amount":321.80025,"amount":1945.0,"open_date":"2025-11-07 15:00:00+00:00","close_date":"2025-11-07 16:00:00+00:00","open_rate":0.16545,"close_rate":0.174062012012012,"fee_open":0.001,"fee_close":0.001,"trade_duration":60,"profit_ratio":0.04995004995004995,"profit_abs":16.0900125,"exit_reason":"roi","initial_stop_loss_abs":0.15718,"initial_stop_loss_ratio":-0.05,"stop_loss_abs":0.15718,"stop_loss_ratio":-0.05,"min_rate":0.16408,"max_rate":0.17555,"is_open":false,"enter_tag":"","leverage":1.0,"is_short":false,"open_timestamp":1762527600000,"close_timestamp":1762531200000,"orders":[{"amount":1945.0,"safe_price":0.16545,"ft_order_side":"buy","order_filled_timestamp":1762527600000,"ft_is_entry":true,"ft_order_tag":"","cost":322.12205025},{"amount":1945.0,"safe_price":0.174062012012012,"ft_order_side":"sell","order_filled_timestamp":1762531200000,"ft_is_entry":false,"ft_order_tag":"roi","cost":338.88916397672665}],"funding_fees":0.0,"weekday":4},{"pair":"DOGE/USDT","stake_amount":327.09456,"max_stake_amount":327.09456,"amount":1818.0,"open_date":"2025-11-10 20:00:00+00:00","close_date":"2025-11-10 22:00:00+00:00","open_rate":0.17992,"close_rate":0.18028020020020016,"fee_open":0.001,"fee_close":0.001,"trade_duration":120,"profit_ratio":0.0,"profit_abs":0.0,"exit_reason":"roi","initial_stop_loss_abs":0.17093,"initial_stop_loss_ratio":-0.05,"stop_loss_abs":0.17093,"stop_loss_ratio":-0.05,"min_rate":0.17824,"max_rate":0.18418,"is_open":false,"enter_tag":"","leverage":1.0,"is_short":false,"open_timestamp":1762804800000,"close_timestamp":1762812000000,"orders":[{"amount":1818.0,"safe_price":0.17992,"ft_order_side":"buy","order_filled_timestamp":1762804800000,"ft_is_entry":true,"ft_order_tag":"","cost":327.42165456},{"amount":1818.0,"safe_price":0.18028020020020016,"ft_order_side":"sell","order_filled_timestamp":1762812000000,"ft_is_entry":false,"ft_order_tag":"roi","cost":328.07715336792785}],"funding_fees":0.0,"weekday":0},{"pair":"DOGE/USDT","stake_amount":327.04288,"max_stake_amount":327.04288,"amount":1784.0,"open_date":"2025-11-10 23:00:00+00:00","close_date":"2025-11-11 01:00:00+00:00","open_rate":0.18332,"close_rate":0.183687007007007,"fee_open":0.001,"fee_close":0.001,"trade_duration":120,"profit_ratio":0.0,"profit_abs":0.0,"exit_reason":"roi","initial_stop_loss_abs":0.17416,"initial_stop_loss_ratio":-0.05,"stop_loss_abs":0.17416,"stop_loss_ratio":-0.05,"min_rate":0.17933,"max_rate":0.1864,"is_open":false,"enter_tag":"","leverage":1.0,"is_short":false,"open_timestamp":1762815600000,"close_timestamp":1762822800000,"orders":[{"amount":1784.0,"safe_price":0.18332,"ft_order_side":"buy","order_filled_timestamp":1762815600000,"ft_is_entry":true,"ft_order_tag":"","cost":327.36992288},{"amount":1784.0,"safe_price":0.183687007007007,"ft_order_side":"sell","order_filled_timestamp":1762822800000,"ft_is_entry":false,"ft_order_tag":"roi","cost":328.02531812100096}],"funding_fees":0.0,"weekday":1},{"pair":"DOGE/USDT","stake_amount":326.9727,"max_stake_amount":326.9727,"amount":1998.0,"open_date":"2025-11-15 23:00:00+00:00","close_date":"2025-11-16 03:00:00+00:00","open_rate":0.16365,"close_rate":0.1639776276276276,"fee_open":0.001,"fee_close":0.001,"trade_duration":240,"profit_ratio":0.0,"profit_abs":0.0,"exit_reason":"roi","initial_stop_loss_abs":0.15547,"initial_stop_loss_ratio":-0.05,"stop_loss_abs":0.15547,"stop_loss_ratio":-0.05,"min_rate":0.15998,"max_rate":0.16445,"is_open":false,"enter_tag":"","leverage":1.0,"is_short":false,"open_timestamp":1763247600000,"close_timestamp":1763262000000,"orders":[{"amount":1998.0,"safe_price":0.16365,"ft_order_side":"buy","order_filled_timestamp":1763247600000,"ft_is_entry":true,"ft_order_tag":"","cost":327.2996726999999},{"amount":1998.0,"safe_price":0.1639776276276276,"ft_order_side":"sell","order_filled_timestamp":1763262000000,"ft_is_entry":false,"ft_order_tag":"roi","cost":327.9549272999999}],"funding_fees":0.0,"weekday":6},{"pair":"DOGE/USDT","stake_amount":327.01144,"max_stake_amount":327.01144,"amount":1993.0,"open_date":"2025-11-16 08:00:00+00:00","close_date":"2025-11-16 10:00:00+00:00","open_rate":0.16408,"close_rate":0.16544,"fee_open":0.001,"fee_close":0.001,"trade_duration":120,"profit_ratio":0.00627407697129784,"profit_abs":2.05374664,"exit_reason":"roi","initial_stop_loss_abs":0.15588,"initial_stop_loss_ratio":-0.05,"stop_loss_abs":0.15588,"stop_loss_ratio":-0.05,"min_rate":0.16337,"max_rate":0.16563,"is_open":false,"enter_tag":"","leverage":1.0,"is_short":false,"open_timestamp":1763280000000,"close_timestamp":1763287200000,"orders":[{"amount":1993.0,"safe_price":0.16408,"ft_order_side":"buy","order_filled_timestamp":1763280000000,"ft_is_entry":true,"ft_order_tag":"","cost":327.33845144},{"amount":1993.0,"safe_price":0.16544,"ft_order_side":"sell","order_filled_timestamp":1763287200000,"ft_is_entry":false,"ft_order_tag":"roi","cost":330.05164191999995}],"funding_fees":0.0,"weekday":6},{"pair":"DOGE/USDT","stake_amount":327.70389,"max_stake_amount":327.70389,"amount":2019.0,"open_date":"2025-11-17 15:00:00+00:00","close_date":"2025-11-17 17:00:00+00:00","open_rate":0.16231,"close_rate":0.1606,"fee_open":0.001,"fee_close":0.001,"trade_duration":120,"profit_ratio":-0.012512347488627448,"profit_abs":-4.10444529,"exit_reason":"exit_signal","initial_stop_loss_abs":0.1542,"initial_stop_loss_ratio":-0.05,"stop_loss_abs":0.1542,"stop_loss_ratio":-0.05,"min_rate":0.15562,"max_rate":0.16367,"is_open":false,"enter_tag":"","leverage":1.0,"is_short":false,"open_timestamp":1763391600000,"close_timestamp":1763398800000,"orders":[{"amount":2019.0,"safe_price":0.16231,"ft_order_side":"buy","order_filled_timestamp":1763391600000,"ft_is_entry":true,"ft_order_tag":"","cost":328.03159388999995},{"amount":2019.0,"safe_price":0.1606,"ft_order_side":"sell","order_filled_timestamp":1763398800000,"ft_is_entry":false,"ft_order_tag":"exit_signal","cost":324.57565139999997}],"funding_fees":0.0,"weekday":0},{"pair":"DOGE/USDT","stake_amount":326.401,"max_stake_amount":326.401,"amount":2050.0,"open_date":"2025-11-18 16:00:00+00:00","close_date":"2025-11-18 18:00:00+00:00","open_rate":0.15922,"close_rate":0.16049,"fee_open":0.001,"fee_close":0.001,"trade_duration":120,"profit_ratio":0.005962446045350203,"profit_abs":1.9480945,"exit_reason":"roi","initial_stop_loss_abs":0.15126,"initial_stop_loss_ratio":-0.05,"stop_loss_abs":0.15126,"stop_loss_ratio":-0.05,"min_rate":0.1587,"max_rate":0.16171,"is_open":false,"enter_tag":"","leverage":1.0,"is_short":false,"open_timestamp":1763481600000,"close_timestamp":1763488800000,"orders":[{"amount":2050.0,"safe_price":0.15922,"ft_order_side":"buy","order_filled_timestamp":1763481600000,"ft_is_entry":true,"ft_order_tag":"","cost":326.727401},{"amount":2050.0,"safe_price":0.16049,"ft_order_side":"sell","order_filled_timestamp":1763488800000,"ft_is_entry":false,"ft_order_tag":"roi","cost":329.33350449999995}],"funding_fees":0.0,"weekday":1},{"pair":"DOGE/USDT","stake_amount":326.96211,"max_stake_amount":326.96211,"amount":2243.0,"open_date":"2025-11-24 14:00:00+00:00","close_date":"2025-11-24 16:00:00+00:00","open_rate":0.14577,"close_rate":0.14682,"fee_open":0.001,"fee_close":0.001,"trade_duration":120,"profit_ratio":0.005190734353113444,"profit_abs":1.69887063,"exit_reason":"roi","initial_stop_loss_abs":0.13849,"initial_stop_loss_ratio":-0.05,"stop_loss_abs":0.13849,"stop_loss_ratio":-0.05,"min_rate":0.14279,"max_rate":0.14854,"is_open":false,"enter_tag":"","leverage":1.0,"is_short":false,"open_timestamp":1763992800000,"close_timestamp":1764000000000,"orders":[{"amount":2243.0,"safe_price":0.14577,"ft_order_side":"buy","order_filled_timestamp":1763992800000,"ft_is_entry":true,"ft_order_tag":"","cost":327.28907210999995},{"amount":2243.0,"safe_price":0.14682,"ft_order_side":"sell","order_filled_timestamp":1764000000000,"ft_is_entry":false,"ft_order_tag":"roi","cost":329.64657726}],"funding_fees":0.0,"weekday":0},{"pair":"DOGE/USDT","stake_amount":327.63112,"max_stake_amount":327.63112,"amount":2188.0,"open_date":"2025-11-25 17:00:00+00:00","close_date":"2025-11-25 19:00:00+00:00","open_rate":0.14974,"close_rate":0.15106,"fee_open":0.001,"fee_close":0.001,"trade_duration":120,"profit_ratio":0.006799664873659798,"profit_abs":2.2300096,"exit_reason":"roi","initial_stop_loss_abs":0.14226,"initial_stop_loss_ratio":-0.05,"stop_loss_abs":0.14226,"stop_loss_ratio":-0.05,"min_rate":0.14842,"max_rate":0.15222,"is_open":false,"enter_tag":"","leverage":1.0,"is_short":false,"open_timestamp":1764090000000,"close_timestamp":1764097200000,"orders":[{"amount":2188.0,"safe_price":0.14974,"ft_order_side":"buy","order_filled_timestamp":1764090000000,"ft_is_entry":true,"ft_order_tag":"","cost":327.95875112},{"amount":2188.0,"safe_price":0.15106,"ft_order_side":"sell","order_filled_timestamp":1764097200000,"ft_is_entry":false,"ft_order_tag":"roi","cost":330.84979927999996}],"funding_fees":0.0,"weekday":1},{"pair":"DOGE/USDT","stake_amount":328.28617,"max_stake_amount":328.28617,"amount":2143.0,"open_date":"2025-11-28 09:00:00+00:00","close_date":"2025-11-28 14:00:00+00:00","open_rate":0.15319,"close_rate":0.15349668668668665,"fee_open":0.001,"fee_close":0.001,"trade_duration":300,"profit_ratio":0.0,"profit_abs":0.0,"exit_reason":"roi","initial_stop_loss_abs":0.14554,"initial_stop_loss_ratio":-0.05,"stop_loss_abs":0.14554,"stop_loss_ratio":-0.05,"min_rate":0.14975,"max_rate":0.15395,"is_open":false,"enter_tag":"","leverage":1.0,"is_short":false,"open_timestamp":1764320400000,"close_timestamp":1764338400000,"orders":[{"amount":2143.0,"safe_price":0.15319,"ft_order_side":"buy","order_filled_timestamp":1764320400000,"ft_is_entry":true,"ft_order_tag":"","cost":328.6144561699999},{"amount":2143.0,"safe_price":0.15349668668668665,"ft_order_side":"sell","order_filled_timestamp":1764338400000,"ft_is_entry":false,"ft_order_tag":"roi","cost":329.272342969139}],"funding_fees":0.0,"weekday":4},{"pair":"DOGE/USDT","stake_amount":328.29888,"max_stake_amount":328.29888,"amount":2184.0,"open_date":"2025-11-30 17:00:00+00:00","close_date":"2025-12-01 00:00:00+00:00","open_rate":0.15032,"close_rate":0.14281,"fee_open":0.001,"fee_close":0.001,"trade_duration":420,"profit_ratio":-0.05185826679972503,"profit_abs":-17.04203592,"exit_reason":"stop_loss","initial_stop_loss_abs":0.14281,"initial_stop_loss_ratio":-0.05,"stop_loss_abs":0.14281,"stop_loss_ratio":-0.05,"min_rate":0.13876,"max_rate":0.15043,"is_open":false,"enter_tag":"","leverage":1.0,"is_short":false,"open_timestamp":1764522000000,"close_timestamp":1764547200000,"orders":[{"amount":2184.0,"safe_price":0.15032,"ft_order_side":"buy","order_filled_timestamp":1764522000000,"ft_is_entry":true,"ft_order_tag":"","cost":328.62717888},{"amount":2184.0,"safe_price":0.14281,"ft_order_side":"sell","order_filled_timestamp":1764547200000,"ft_is_entry":false,"ft_order_tag":"stop_loss","cost":312.20893703999997}],"funding_fees":0.0,"weekday":0},{"pair":"DOGE/USDT","stake_amount":322.71525,"max_stake_amount":322.71525,"amount":2301.0,"open_date":"2025-12-07 03:00:00+00:00","close_date":"2025-12-07 06:00:00+00:00","open_rate":0.14025,"close_rate":0.14053078078078077,"fee_open":0.001,"fee_close":0.001,"trade_duration":180,"profit_ratio":0.0,"profit_abs":0.0,"exit_reason":"roi","initial_stop_loss_abs":0.13324,"initial_stop_loss_ratio":-0.05,"stop_loss_abs":0.13324,"stop_loss_ratio":-0.05,"min_rate":0.13979,"max_rate":0.1409,"is_open":false,"enter_tag":"","leverage":1.0,"is_short":false,"open_timestamp":1765076400000,"close_timestamp":1765087200000,"orders":[{"amount":2301.0,"safe_price":0.14025,"ft_order_side":"buy","order_filled_timestamp":1765076400000,"ft_is_entry":true,"ft_order_tag":"","cost":323.03796525},{"amount":2301.0,"safe_price":0.14053078078078077,"ft_order_side":"sell","order_filled_timestamp":1765087200000,"ft_is_entry":false,"ft_order_tag":"roi","cost":323.68468790315313}],"funding_fees":0.0,"weekday":6},{"pair":"DOGE/USDT","stake_amount":322.67695,"max_stake_amount":322.67695,"amount":2305.0,"open_date":"2025-12-08 02:00:00+00:00","close_date":"2025-12-08 04:00:00+00:00","open_rate":0.13999,"close_rate":0.14031,"fee_open":0.001,"fee_close":0.001,"trade_duration":120,"profit_ratio":0.00028330837674362216,"profit_abs":0.0915085,"exit_reason":"roi","initial_stop_loss_abs":0.133,"initial_stop_loss_ratio":-0.05,"stop_loss_abs":0.133,"stop_loss_ratio":-0.05,"min_rate":0.1396,"max_rate":0.14144,"is_open":false,"enter_tag":"","leverage":1.0,"is_short":false,"open_timestamp":1765159200000,"close_timestamp":1765166400000,"orders":[{"amount":2305.0,"safe_price":0.13999,"ft_order_side":"buy","order_filled_timestamp":1765159200000,"ft_is_entry":true,"ft_order_tag":"","cost":322.99962695},{"amount":2305.0,"safe_price":0.14031,"ft_order_side":"sell","order_filled_timestamp":1765166400000,"ft_is_entry":false,"ft_order_tag":"roi","cost":323.7379645499999}],"funding_fees":0.0,"weekday":0},{"pair":"DOGE/USDT","stake_amount":322.71184,"max_stake_amount":322.71184,"amount":2321.0,"open_date":"2025-12-14 03:00:00+00:00","close_date":"2025-12-15 15:00:00+00:00","open_rate":0.13904,"close_rate":0.13209,"fee_open":0.001,"fee_close":0.001,"trade_duration":2160,"profit_ratio":-0.05188374628823421,"profit_abs":-16.76024273,"exit_reason":"stop_loss","initial_stop_loss_abs":0.13209,"initial_stop_loss_ratio":-0.05,"stop_loss_abs":0.13209,"stop_loss_ratio":-0.05,"min_rate":0.12977,"max_rate":0.13925,"is_open":false,"enter_tag":"","leverage":1.0,"is_short":false,"open_timestamp":1765681200000,"close_timestamp":1765810800000,"orders":[{"amount":2321.0,"safe_price":0.13904,"ft_order_side":"buy","order_filled_timestamp":1765681200000,"ft_is_entry":true,"ft_order_tag":"","cost":323.03455183999995},{"amount":2321.0,"safe_price":0.13209,"ft_order_side":"sell","order_filled_timestamp":1765810800000,"ft_is_entry":false,"ft_order_tag":"stop_loss","cost":306.88747089}],"funding_fees":0.0,"weekday":0},{"pair":"DOGE/USDT","stake_amount":317.22888,"max_stake_amount":317.22888,"amount":2424.0,"open_date":"2025-12-16 11:00:00+00:00","close_date":"2025-12-16 13:00:00+00:00","open_rate":0.13087,"close_rate":0.13139,"fee_open":0.001,"fee_close":0.001,"trade_duration":120,"profit_ratio":0.0019674678496409987,"profit_abs":0.62476176,"exit_reason":"roi","initial_stop_loss_abs":0.12433,"initial_stop_loss_ratio":-0.05,"stop_loss_abs":0.12433,"stop_loss_ratio":-0.05,"min_rate":0.12975,"max_rate":0.13263,"is_open":false,"enter_tag":"","leverage":1.0,"is_short":false,"open_timestamp":1765882800000,"close_timestamp":1765890000000,"orders":[{"amount":2424.0,"safe_price":0.13087,"ft_order_side":"buy","order_filled_timestamp":1765882800000,"ft_is_entry":true,"ft_order_tag":"","cost":317.5461088799999},{"amount":2424.0,"safe_price":0.13139,"ft_order_side":"sell","order_filled_timestamp":1765890000000,"ft_is_entry":false,"ft_order_tag":"roi","cost":318.80784936}],"funding_fees":0.0,"weekday":1},{"pair":"DOGE/USDT","stake_amount":317.38992,"max_stake_amount":317.38992,"amount":2416.0,"open_date":"2025-12-16 15:00:00+00:00","close_date":"2025-12-16 17:00:00+00:00","open_rate":0.13137,"close_rate":0.13164,"fee_open":0.001,"fee_close":0.001,"trade_duration":120,"profit_ratio":5.3155339750452796e-05,"profit_abs":0.01688784,"exit_reason":"roi","initial_stop_loss_abs":0.12481,"initial_stop_loss_ratio":-0.05,"stop_loss_abs":0.12481,"stop_loss_ratio":-0.05,"min_rate":0.13069,"max_rate":0.13305,"is_open":false,"enter_tag":"","leverage":1.0,"is_short":false,"open_timestamp":1765897200000,"close_timestamp":1765904400000,"orders":[{"amount":2416.0,"safe_price":0.13137,"ft_order_side":"buy","order_filled_timestamp":1765897200000,"ft_is_entry":true,"ft_order_tag":"","cost":317.70730991999994},{"amount":2416.0,"safe_price":0.13164,"ft_order_side":"sell","order_filled_timestamp":1765904400000,"ft_is_entry":false,"ft_order_tag":"roi","cost":318.36028223999995}],"funding_fees":0.0,"weekday":1},{"pair":"DOGE/USDT","stake_amount":317.36889,"max_stake_amount":317.36889,"amount":2421.0,"open_date":"2025-12-17 14:00:00+00:00","close_date":"2025-12-17 17:00:00+00:00","open_rate":0.13109,"close_rate":0.12745,"fee_open":0.001,"fee_close":0.001,"trade_duration":180,"profit_ratio":-0.029709705962661953,"profit_abs":-9.43836534,"exit_reason":"exit_signal","initial_stop_loss_abs":0.12454,"initial_stop_loss_ratio":-0.05,"stop_loss_abs":0.12454,"stop_loss_ratio":-0.05,"min_rate":0.12583,"max_rate":0.13631,"is_open":false,"enter_tag":"","leverage":1.0,"is_short":false,"open_timestamp":1765980000000,"close_timestamp":1765990800000,"orders":[{"amount":2421.0,"safe_price":0.13109,"ft_order_side":"buy","order_filled_timestamp":1765980000000,"ft_is_entry":true,"ft_order_tag":"","cost":317.68625889},{"amount":2421.0,"safe_price":0.12745,"ft_order_side":"sell","order_filled_timestamp":1765990800000,"ft_is_entry":false,"ft_order_tag":"exit_signal","cost":308.86500645}],"funding_fees":0.0,"weekday":2},{"pair":"DOGE/USDT","stake_amount":314.2386,"max_stake_amount":314.2386,"amount":2535.0,"open_date":"2025-12-28 23:00:00+00:00","close_date":"2025-12-29 01:00:00+00:00","open_rate":0.12396,"close_rate":0.12514,"fee_open":0.001,"fee_close":0.001,"trade_duration":120,"profit_ratio":0.007502178363746612,"profit_abs":2.3598315,"exit_reason":"roi","initial_stop_loss_abs":0.11777,"initial_stop_loss_ratio":-0.05,"stop_loss_abs":0.11777,"stop_loss_ratio":-0.05,"min_rate":0.12324,"max_rate":0.12604,"is_open":false,"enter_tag":"","leverage":1.0,"is_short":false,"open_timestamp":1766962800000,"close_timestamp":1766970000000,"orders":[{"amount":2535.0,"safe_price":0.12396,"ft_order_side":"buy","order_filled_timestamp":1766962800000,"ft_is_entry":true,"ft_order_tag":"","cost":314.5528386},{"amount":2535.0,"safe_price":0.12514,"ft_order_side":"sell","order_filled_timestamp":1766970000000,"ft_is_entry":false,"ft_order_tag":"roi","cost":317.54712989999996}],"funding_fees":0.0,"weekday":0},{"pair":"DOGE/USDT","stake_amount":315.0972,"max_stake_amount":315.0972,"amount":2398.0,"open_date":"2026-01-02 13:00:00+00:00","close_date":"2026-01-02 15:00:00+00:00","open_rate":0.1314,"close_rate":0.13403,"fee_open":0.001,"fee_close":0.001,"trade_duration":120,"profit_ratio":0.017977228251200853,"profit_abs":5.67023886,"exit_reason":"roi","initial_stop_loss_abs":0.12483,"initial_stop_loss_ratio":-0.05,"stop_loss_abs":0.12483,"stop_loss_ratio":-0.05,"min_rate":0.12955,"max_rate":0.13623,"is_open":false,"enter_tag":"","leverage":1.0,"is_short":false,"open_timestamp":1767358800000,"close_timestamp":1767366000000,"orders":[{"amount":2398.0,"safe_price":0.1314,"ft_order_side":"buy","order_filled_timestamp":1767358800000,"ft_is_entry":true,"ft_order_tag":"","cost":315.41229719999995},{"amount":2398.0,"safe_price":0.13403,"ft_order_side":"sell","order_filled_timestamp":1767366000000,"ft_is_entry":false,"ft_order_tag":"roi","cost":321.72534394}],"funding_fees":0.0,"weekday":4},{"pair":"DOGE/USDT","stake_amount":316.90164,"max_stake_amount":316.90164,"amount":2222.0,"open_date":"2026-01-03 10:00:00+00:00","close_date":"2026-01-03 12:00:00+00:00","open_rate":0.14262,"close_rate":0.14290552552552552,"fee_open":0.001,"fee_close":0.001,"trade_duration":120,"profit_ratio":0.0,"profit_abs":0.0,"exit_reason":"roi","initial_stop_loss_abs":0.13549,"initial_stop_loss_ratio":-0.05,"stop_loss_abs":0.13549,"stop_loss_ratio":-0.05,"min_rate":0.14221,"max_rate":0.14329,"is_open":false,"enter_tag":"","leverage":1.0,"is_short":false,"open_timestamp":1767434400000,"close_timestamp":1767441600000,"orders":[{"amount":2222.0,"safe_price":0.14262,"ft_order_side":"buy","order_filled_timestamp":1767434400000,"ft_is_entry":true,"ft_order_tag":"","cost":317.21854163999996},{"amount":2222.0,"safe_price":0.14290552552552552,"ft_order_side":"sell","order_filled_timestamp":1767441600000,"ft_is_entry":false,"ft_order_tag":"roi","cost":317.8536137954354}],"funding_fees":0.0,"weekday":5},{"pair":"DOGE/USDT","stake_amount":316.92437,"max_stake_amount":316.92437,"amount":2227.0,"open_date":"2026-01-03 21:00:00+00:00","close_date":"2026-01-03 23:00:00+00:00","open_rate":0.14231,"close_rate":0.14275,"fee_open":0.001,"fee_close":0.001,"trade_duration":120,"profit_ratio":0.001087662249913673,"profit_abs":0.34505138,"exit_reason":"roi","initial_stop_loss_abs":0.1352,"initial_stop_loss_ratio":-0.05,"stop_loss_abs":0.1352,"stop_loss_ratio":-0.05,"min_rate":0.14207,"max_rate":0.14372,"is_open":false,"enter_tag":"","leverage":1.0,"is_short":false,"open_timestamp":1767474000000,"close_timestamp":1767481200000,"orders":[{"amount":2227.0,"safe_price":0.14231,"ft_order_side":"buy","order_filled_timestamp":1767474000000,"ft_is_entry":true,"ft_order_tag":"","cost":317.24129437},{"amount":2227.0,"safe_price":0.14275,"ft_order_side":"sell","order_filled_timestamp":1767481200000,"ft_is_entry":false,"ft_order_tag":"roi","cost":318.22215424999996}],"funding_fees":0.0,"weekday":5},{"pair":"DOGE/USDT","stake_amount":317.04029,"max_stake_amount":317.04029,"amount":2107.0,"open_date":"2026-01-05 01:00:00+00:00","close_date":"2026-01-05 03:00:00+00:00","open_rate":0.15047,"close_rate":0.1519,"fee_open":0.001,"fee_close":0.001,"trade_duration":120,"profit_ratio":0.00748656540508737,"profit_abs":2.37591641,"exit_reason":"roi","initial_stop_loss_abs":0.14295,"initial_stop_loss_ratio":-0.05,"stop_loss_abs":0.14295,"stop_loss_ratio":-0.05,"min_rate":0.15004,"max_rate":0.15248,"is_open":false,"enter_tag":"","leverage":1.0,"is_short":false,"open_timestamp":1767574800000,"close_timestamp":1767582000000,"orders":[{"amount":2107.0,"safe_price":0.15047,"ft_order_side":"buy","order_filled_timestamp":1767574800000,"ft_is_entry":true,"ft_order_tag":"","cost":317.35733028999994},{"amount":2107.0,"safe_price":0.1519,"ft_order_side":"sell","order_filled_timestamp":1767582000000,"ft_is_entry":false,"ft_order_tag":"roi","cost":320.3733533}],"funding_fees":0.0,"weekday":0}],"locks":[],"best_pair":{"key":"DOGE/USDT","trades":35,"profit_mean":-0.003133485942646118,"profit_mean_pct":-0.31,"profit_total_abs":-36.65549506,"profit_total":-0.03665549506,"profit_total_pct":-3.67,"duration_avg":"4:36:00","wins":16,"draws":12,"losses":7,"winrate":0.45714285714285713,"cagr":-0.13109540882905513,"expectancy":-1.0472998588571434,"expectancy_ratio":-0.4170498541299986,"sortino":-1.4851175100715632,"sharpe":-0.9218414097194069,"calmar":-12.81435255880048,"sqn":-0.7797,"profit_factor":0.6290364436357212,"max_drawdown_account":0.05634003582910273,"max_drawdown_abs":56.873399410000005},"worst_pair":{"key":"DOGE/USDT","trades":35,"profit_mean":-0.003133485942646118,"profit_mean_pct":-0.31,"profit_total_abs":-36.65549506,"profit_total":-0.03665549506,"profit_total_pct":-3.67,"duration_avg":"4:36:00","wins":16,"draws":12,"losses":7,"winrate":0.45714285714285713,"cagr":-0.13109540882905513,"expectancy":-1.0472998588571434,"expectancy_ratio":-0.4170498541299986,"sortino":-1.4851175100715632,"sharpe":-0.9218414097194069,"calmar":-12.81435255880048,"sqn":-0.7797,"profit_factor":0.6290364436357212,"max_drawdown_account":0.05634003582910273,"max_drawdown_abs":56.873399410000005},"results_per_pair":[{"key":"DOGE/USDT","trades":35,"profit_mean":-0.003133485942646118,"profit_mean_pct":-0.31,"profit_total_abs":-36.65549506,"profit_total":-0.03665549506,"profit_total_pct":-3.67,"duration_avg":"4:36:00","wins":16,"draws":12,"losses":7,"winrate":0.45714285714285713,"cagr":-0.13109540882905513,"expectancy":-1.0472998588571434,"expectancy_ratio":-0.4170498541299986,"sortino":-1.4851175100715632,"sharpe":-0.9218414097194069,"calmar":-12.81435255880048,"sqn":-0.7797,"profit_factor":0.6290364436357212,"max_drawdown_account":0.05634003582910273,"max_drawdown_abs":56.873399410000005},{"key":"TOTAL","trades":35,"profit_mean":-0.003133485942646118,"profit_mean_pct":-0.31,"profit_total_abs":-36.65549506,"profit_total":-0.03665549506,"profit_total_pct":-3.67,"duration_avg":"4:36:00","wins":16,"draws":12,"losses":7,"winrate":0.45714285714285713,"cagr":-0.13109540882905513,"expectancy":-1.0472998588571434,"expectancy_ratio":-0.4170498541299986,"sortino":-1.4851175100715632,"sharpe":-0.9218414097194069,"calmar":-12.81435255880048,"sqn":-0.7797,"profit_factor":0.6290364436357212,"max_drawdown_account":0.05634003582910273,"max_drawdown_abs":56.873399410000005}],"results_per_enter_tag":[{"key":"","trades":35,"profit_mean":-0.003133485942646118,"profit_mean_pct":-0.31,"profit_total_abs":-36.65549506,"profit_total":-0.03665549506,"profit_total_pct":-3.67,"duration_avg":"4:36:00","wins":16,"draws":12,"losses":7,"winrate":0.45714285714285713,"cagr":-0.13109540882905513,"expectancy":-1.0472998588571434,"expectancy_ratio":-0.4170498541299986,"sortino":-1.4851175100715632,"sharpe":-0.9218414097194069,"calmar":-12.81435255880048,"sqn":-0.7797,"profit_factor":0.6290364436357212,"max_drawdown_account":0.05634003582910273,"max_drawdown_abs":56.873399410000005},{"key":"TOTAL","trades":35,"profit_mean":-0.003133485942646118,"profit_mean_pct":-0.31,"profit_total_abs":-36.65549506,"profit_total":-0.03665549506,"profit_total_pct":-3.67,"duration_avg":"4:36:00","wins":16,"draws":12,"losses":7,"winrate":0.45714285714285713,"cagr":-0.13109540882905513,"expectancy":-1.0472998588571434,"expectancy_ratio":-0.4170498541299986,"sortino":-1.4851175100715632,"sharpe":-0.9218414097194069,"calmar":-12.81435255880048,"sqn":-0.7797,"profit_factor":0.6290364436357212,"max_drawdown_account":0.05634003582910273,"max_drawdown_abs":56.873399410000005}],"exit_reason_summary":[{"key":"roi","trades":28,"profit_mean":0.006852787282900452,"profit_mean_pct":0.69,"profit_total_abs":62.15608476000001,"profit_total":0.062156084760000015,"profit_total_pct":6.22,"duration_avg":"2:28:00","wins":16,"draws":12,"losses":0,"winrate":0.5714285714285714,"cagr":0.25471115420449975,"expectancy":2.21986017,"expectancy_ratio":100.0,"sortino":-100,"sharpe":2.935662125045824,"calmar":-100,"sqn":2.766,"profit_factor":0.0,"max_drawdown_account":0.0,"max_drawdown_abs":0.0},{"key":"exit_signal","trades":2,"profit_mean":-0.021111026725644702,"profit_mean_pct":-2.11,"profit_total_abs":-13.542810630000002,"profit_total":-0.013542810630000002,"profit_total_pct":-1.35,"duration_avg":"2:30:00","wins":0,"draws":0,"losses":2,"winrate":0.0,"cagr":-0.05001423558295681,"expectancy":-6.771405315000001,"expectancy_ratio":-1.0,"sortino":-1.0001542795576854,"sharpe":-1.0001542795576854,"calmar":-19.69584863354934,"sqn":-2.539,"profit_factor":0.0,"max_drawdown_account":0.013542810629999963,"max_drawdown_abs":13.542810630000002},{"key":"stop_loss","trades":5,"profit_mean":-0.05186559969250748,"profit_mean_pct":-5.19,"profit_total_abs":-85.26876919,"profit_total":-0.08526876919,"profit_total_pct":-8.53,"duration_avg":"17:24:00","wins":0,"draws":0,"losses":5,"winrate":0.0,"cagr":-0.28492456920875264,"expectancy":-17.053753838,"expectancy_ratio":-1.0,"sortino":-93.13059968144894,"sharpe":-93.13059968144894,"calmar":-19.69584863354926,"sqn":-189.1375,"profit_factor":0.0,"max_drawdown_account":0.08526876919000005,"max_drawdown_abs":85.26876919},{"key":"TOTAL","trades":35,"profit_mean":-0.003133485942646118,"profit_mean_pct":-0.31,"profit_total_abs":-36.65549506,"profit_total":-0.03665549506,"profit_total_pct":-3.67,"duration_avg":"4:36:00","wins":16,"draws":12,"losses":7,"winrate":0.45714285714285713,"cagr":-0.13109540882905513,"expectancy":-1.0472998588571434,"expectancy_ratio":-0.4170498541299986,"sortino":-1.4851175100715632,"sharpe":-0.9218414097194069,"calmar":-12.81435255880048,"sqn":-0.7797,"profit_factor":0.6290364436357212,"max_drawdown_account":0.05634003582910273,"max_drawdown_abs":56.873399410000005}],"mix_tag_stats":[{"key":["","roi"],"trades":28,"profit_mean":0.006852787282900452,"profit_mean_pct":0.69,"profit_total_abs":62.15608476000001,"profit_total":0.062156084760000015,"profit_total_pct":6.22,"duration_avg":"2:28:00","wins":16,"draws":12,"losses":0,"winrate":0.5714285714285714,"cagr":0.25471115420449975,"expectancy":2.21986017,"expectancy_ratio":100.0,"sortino":-100,"sharpe":2.935662125045824,"calmar":-100,"sqn":2.766,"profit_factor":0.0,"max_drawdown_account":0.0,"max_drawdown_abs":0.0},{"key":["","exit_signal"],"trades":2,"profit_mean":-0.021111026725644702,"profit_mean_pct":-2.11,"profit_total_abs":-13.542810630000002,"profit_total":-0.013542810630000002,"profit_total_pct":-1.35,"duration_avg":"2:30:00","wins":0,"draws":0,"losses":2,"winrate":0.0,"cagr":-0.05001423558295681,"expectancy":-6.771405315000001,"expectancy_ratio":-1.0,"sortino":-1.0001542795576854,"sharpe":-1.0001542795576854,"calmar":-19.69584863354934,"sqn":-2.539,"profit_factor":0.0,"max_drawdown_account":0.013542810629999963,"max_drawdown_abs":13.542810630000002},{"key":["","stop_loss"],"trades":5,"profit_mean":-0.05186559969250748,"profit_mean_pct":-5.19,"profit_total_abs":-85.26876919,"profit_total":-0.08526876919,"profit_total_pct":-8.53,"duration_avg":"17:24:00","wins":0,"draws":0,"losses":5,"winrate":0.0,"cagr":-0.28492456920875264,"expectancy":-17.053753838,"expectancy_ratio":-1.0,"sortino":-93.13059968144894,"sharpe":-93.13059968144894,"calmar":-19.69584863354926,"sqn":-189.1375,"profit_factor":0.0,"max_drawdown_account":0.08526876919000005,"max_drawdown_abs":85.26876919},{"key":"TOTAL","trades":35,"profit_mean":-0.003133485942646118,"profit_mean_pct":-0.31,"profit_total_abs":-36.65549506,"profit_total":-0.03665549506,"profit_total_pct":-3.67,"duration_avg":"4:36:00","wins":16,"draws":12,"losses":7,"winrate":0.45714285714285713,"cagr":-0.13109540882905513,"expectancy":-1.0472998588571434,"expectancy_ratio":-0.4170498541299986,"sortino":-1.4851175100715632,"sharpe":-0.9218414097194069,"calmar":-12.81435255880048,"sqn":-0.7797,"profit_factor":0.6290364436357212,"max_drawdown_account":0.05634003582910273,"max_drawdown_abs":56.873399410000005}],"left_open_trades":[{"key":"TOTAL","trades":0,"profit_mean":0.0,"profit_mean_pct":0.0,"profit_total_abs":0.0,"profit_total":0.0,"profit_total_pct":0.0,"duration_avg":"0:00","wins":0,"draws":0,"losses":0,"winrate":0.0,"cagr":0.0,"expectancy":0.0,"expectancy_ratio":100.0,"sortino":0,"sharpe":0,"calmar":0,"sqn":0.0,"profit_factor":0.0,"max_drawdown_account":0.0,"max_drawdown_abs":0.0}],"total_trades":35,"trade_count_long":35,"trade_count_short":0,"total_volume":22756.33420615109,"avg_stake_amount":324.9646071428572,"profit_mean":-0.003133485942646118,"profit_median":0.0,"profit_total":-0.03665549506,"profit_total_long":-0.03665549506,"profit_total_short":0.0,"profit_total_abs":-36.65549506,"profit_total_long_abs":-36.65549506,"profit_total_short_abs":0.0,"cagr":-0.13109540882905513,"expectancy":-1.0472998588571434,"expectancy_ratio":-0.4170498541299986,"sortino":-1.4851175100715632,"sharpe":-0.9218414097194069,"calmar":-12.81435255880048,"sqn":-0.7797,"profit_factor":0.6290364436357212,"backtest_start":"2025-10-01 00:00:00","backtest_start_ts":1759276800000,"backtest_end":"2026-01-06 20:00:00","backtest_end_ts":1767729600000,"backtest_days":97,"backtest_run_start_ts":1767751561,"backtest_run_end_ts":1767751562,"trades_per_day":0.36,"market_change":-0.36632086436227446,"pairlist":["DOGE/USDT"],"stake_amount":"unlimited","stake_currency":"USDT","stake_currency_decimals":3,"starting_balance":1000,"dry_run_wallet":1000,"final_balance":963.34450494,"rejected_signals":0,"timedout_entry_orders":0,"timedout_exit_orders":0,"canceled_trade_entries":0,"canceled_entry_orders":0,"replaced_entry_orders":0,"max_open_trades":1,"max_open_trades_setting":3,"timeframe":"1h","timeframe_detail":"","timerange":"20251001-","enable_protections":false,"strategy_name":"ACO_27_13","freqaimodel":null,"freqai_identifier":null,"stoploss":-0.05,"trailing_stop":false,"trailing_stop_positive":null,"trailing_stop_positive_offset":0.0,"trailing_only_offset_is_reached":false,"use_custom_stoploss":false,"minimal_roi":{"0":0.1,"60":0.05,"120":0.0},"use_exit_signal":true,"exit_profit_only":false,"exit_profit_offset":0.0,"ignore_roi_if_entry_signal":false,"trading_mode":"spot","margin_mode":"","periodic_breakdown":{"day":[{"date":"02/10/2025","date_ts":1759363200000,"profit_abs":3.1262117,"wins":1,"draws":0,"losses":0,"trades":1,"profit_factor":0.0},{"date":"03/10/2025","date_ts":1759449600000,"profit_abs":0.0,"wins":0,"draws":1,"losses":0,"trades":1,"profit_factor":0.0},{"date":"04/10/2025","date_ts":1759536000000,"profit_abs":0.0,"wins":0,"draws":0,"losses":0,"trades":0,"profit_factor":0.0},{"date":"05/10/2025","date_ts":1759622400000,"profit_abs":0.0,"wins":0,"draws":0,"losses":0,"trades":0,"profit_factor":0.0},{"date":"06/10/2025","date_ts":1759708800000,"profit_abs":0.0,"wins":0,"draws":0,"losses":0,"trades":0,"profit_factor":0.0},{"date":"07/10/2025","date_ts":1759795200000,"profit_abs":-17.18428844,"wins":0,"draws":0,"losses":1,"trades":1,"profit_factor":0.0},{"date":"08/10/2025","date_ts":1759881600000,"profit_abs":0.0,"wins":0,"draws":0,"losses":0,"trades":0,"profit_factor":0.0},{"date":"09/10/2025","date_ts":1759968000000,"profit_abs":0.0,"wins":0,"draws":0,"losses":0,"trades":0,"profit_factor":0.0},{"date":"10/10/2025","date_ts":1760054400000,"profit_abs":0.0,"wins":0,"draws":1,"losses":0,"trades":1,"profit_factor":0.0},{"date":"11/10/2025","date_ts":1760140800000,"profit_abs":0.0,"wins":0,"draws":0,"losses":0,"trades":0,"profit_factor":0.0},{"date":"12/10/2025","date_ts":1760227200000,"profit_abs":16.260006,"wins":1,"draws":0,"losses":0,"trades":1,"profit_factor":0.0},{"date":"13/10/2025","date_ts":1760313600000,"profit_abs":0.0,"wins":0,"draws":0,"losses":0,"trades":0,"profit_factor":0.0},{"date":"14/10/2025","date_ts":1760400000000,"profit_abs":0.0,"wins":0,"draws":0,"losses":0,"trades":0,"profit_factor":0.0},{"date":"15/10/2025","date_ts":1760486400000,"profit_abs":0.0,"wins":0,"draws":0,"losses":0,"trades":0,"profit_factor":0.0},{"date":"16/10/2025","date_ts":1760572800000,"profit_abs":0.0,"wins":0,"draws":0,"losses":0,"trades":0,"profit_factor":0.0},{"date":"17/10/2025","date_ts":1760659200000,"profit_abs":0.0,"wins":0,"draws":0,"losses":0,"trades":0,"profit_factor":0.0},{"date":"18/10/2025","date_ts":1760745600000,"profit_abs":0.0,"wins":0,"draws":0,"losses":0,"trades":0,"profit_factor":0.0},{"date":"19/10/2025","date_ts":1760832000000,"profit_abs":5.32195844,"wins":1,"draws":1,"losses":0,"trades":2,"profit_factor":0.0},{"date":"20/10/2025","date_ts":1760918400000,"profit_abs":0.0,"wins":0,"draws":0,"losses":0,"trades":0,"profit_factor":0.0},{"date":"21/10/2025","date_ts":1761004800000,"profit_abs":0.0,"wins":0,"draws":0,"losses":0,"trades":0,"profit_factor":0.0},{"date":"22/10/2025","date_ts":1761091200000,"profit_abs":0.0,"wins":0,"draws":0,"losses":0,"trades":0,"profit_factor":0.0},{"date":"23/10/2025","date_ts":1761177600000,"profit_abs":0.0,"wins":0,"draws":0,"losses":0,"trades":0,"profit_factor":0.0},{"date":"24/10/2025","date_ts":1761264000000,"profit_abs":1.9429785,"wins":1,"draws":0,"losses":0,"trades":1,"profit_factor":0.0},{"date":"25/10/2025","date_ts":1761350400000,"profit_abs":0.0,"wins":0,"draws":0,"losses":0,"trades":0,"profit_factor":0.0},{"date":"26/10/2025","date_ts":1761436800000,"profit_abs":0.0,"wins":0,"draws":0,"losses":0,"trades":0,"profit_factor":0.0},{"date":"27/10/2025","date_ts":1761523200000,"profit_abs":0.0,"wins":0,"draws":0,"losses":0,"trades":0,"profit_factor":0.0},{"date":"28/10/2025","date_ts":1761609600000,"profit_abs":-17.2894475,"wins":0,"draws":0,"losses":1,"trades":1,"profit_factor":0.0},{"date":"29/10/2025","date_ts":1761696000000,"profit_abs":0.0,"wins":0,"draws":0,"losses":0,"trades":0,"profit_factor":0.0},{"date":"30/10/2025","date_ts":1761782400000,"profit_abs":0.0,"wins":0,"draws":0,"losses":0,"trades":0,"profit_factor":0.0},{"date":"31/10/2025","date_ts":1761868800000,"profit_abs":0.0,"wins":0,"draws":0,"losses":0,"trades":0,"profit_factor":0.0},{"date":"01/11/2025","date_ts":1761955200000,"profit_abs":0.0,"wins":0,"draws":2,"losses":0,"trades":2,"profit_factor":0.0},{"date":"02/11/2025","date_ts":1762041600000,"profit_abs":0.0,"wins":0,"draws":1,"losses":0,"trades":1,"profit_factor":0.0},{"date":"03/11/2025","date_ts":1762128000000,"profit_abs":-16.9927546,"wins":0,"draws":0,"losses":1,"trades":1,"profit_factor":0.0},{"date":"04/11/2025","date_ts":1762214400000,"profit_abs":0.0,"wins":0,"draws":0,"losses":0,"trades":0,"profit_factor":0.0},{"date":"05/11/2025","date_ts":1762300800000,"profit_abs":0.0,"wins":0,"draws":0,"losses":0,"trades":0,"profit_factor":0.0},{"date":"06/11/2025","date_ts":1762387200000,"profit_abs":0.0,"wins":0,"draws":0,"losses":0,"trades":0,"profit_factor":0.0},{"date":"07/11/2025","date_ts":1762473600000,"profit_abs":16.0900125,"wins":1,"draws":0,"losses":0,"trades":1,"profit_factor":0.0},{"date":"08/11/2025","date_ts":1762560000000,"profit_abs":0.0,"wins":0,"draws":0,"losses":0,"trades":0,"profit_factor":0.0},{"date":"09/11/2025","date_ts":1762646400000,"profit_abs":0.0,"wins":0,"draws":0,"losses":0,"trades":0,"profit_factor":0.0},{"date":"10/11/2025","date_ts":1762732800000,"profit_abs":0.0,"wins":0,"draws":1,"losses":0,"trades":1,"profit_factor":0.0},{"date":"11/11/2025","date_ts":1762819200000,"profit_abs":0.0,"wins":0,"draws":1,"losses":0,"trades":1,"profit_factor":0.0},{"date":"12/11/2025","date_ts":1762905600000,"profit_abs":0.0,"wins":0,"draws":0,"losses":0,"trades":0,"profit_factor":0.0},{"date":"13/11/2025","date_ts":1762992000000,"profit_abs":0.0,"wins":0,"draws":0,"losses":0,"trades":0,"profit_factor":0.0},{"date":"14/11/2025","date_ts":1763078400000,"profit_abs":0.0,"wins":0,"draws":0,"losses":0,"trades":0,"profit_factor":0.0},{"date":"15/11/2025","date_ts":1763164800000,"profit_abs":0.0,"wins":0,"draws":0,"losses":0,"trades":0,"profit_factor":0.0},{"date":"16/11/2025","date_ts":1763251200000,"profit_abs":2.05374664,"wins":1,"draws":1,"losses":0,"trades":2,"profit_factor":0.0},{"date":"17/11/2025","date_ts":1763337600000,"profit_abs":-4.10444529,"wins":0,"draws":0,"losses":1,"trades":1,"profit_factor":0.0},{"date":"18/11/2025","date_ts":1763424000000,"profit_abs":1.9480945,"wins":1,"draws":0,"losses":0,"trades":1,"profit_factor":0.0},{"date":"19/11/2025","date_ts":1763510400000,"profit_abs":0.0,"wins":0,"draws":0,"losses":0,"trades":0,"profit_factor":0.0},{"date":"20/11/2025","date_ts":1763596800000,"profit_abs":0.0,"wins":0,"draws":0,"losses":0,"trades":0,"profit_factor":0.0},{"date":"21/11/2025","date_ts":1763683200000,"profit_abs":0.0,"wins":0,"draws":0,"losses":0,"trades":0,"profit_factor":0.0},{"date":"22/11/2025","date_ts":1763769600000,"profit_abs":0.0,"wins":0,"draws":0,"losses":0,"trades":0,"profit_factor":0.0},{"date":"23/11/2025","date_ts":1763856000000,"profit_abs":0.0,"wins":0,"draws":0,"losses":0,"trades":0,"profit_factor":0.0},{"date":"24/11/2025","date_ts":1763942400000,"profit_abs":1.69887063,"wins":1,"draws":0,"losses":0,"trades":1,"profit_factor":0.0},{"date":"25/11/2025","date_ts":1764028800000,"profit_abs":2.2300096,"wins":1,"draws":0,"losses":0,"trades":1,"profit_factor":0.0},{"date":"26/11/2025","date_ts":1764115200000,"profit_abs":0.0,"wins":0,"draws":0,"losses":0,"trades":0,"profit_factor":0.0},{"date":"27/11/2025","date_ts":1764201600000,"profit_abs":0.0,"wins":0,"draws":0,"losses":0,"trades":0,"profit_factor":0.0},{"date":"28/11/2025","date_ts":1764288000000,"profit_abs":0.0,"wins":0,"draws":1,"losses":0,"trades":1,"profit_factor":0.0},{"date":"29/11/2025","date_ts":1764374400000,"profit_abs":0.0,"wins":0,"draws":0,"losses":0,"trades":0,"profit_factor":0.0},{"date":"30/11/2025","date_ts":1764460800000,"profit_abs":0.0,"wins":0,"draws":0,"losses":0,"trades":0,"profit_factor":0.0},{"date":"01/12/2025","date_ts":1764547200000,"profit_abs":-17.04203592,"wins":0,"draws":0,"losses":1,"trades":1,"profit_factor":0.0},{"date":"02/12/2025","date_ts":1764633600000,"profit_abs":0.0,"wins":0,"draws":0,"losses":0,"trades":0,"profit_factor":0.0},{"date":"03/12/2025","date_ts":1764720000000,"profit_abs":0.0,"wins":0,"draws":0,"losses":0,"trades":0,"profit_factor":0.0},{"date":"04/12/2025","date_ts":1764806400000,"profit_abs":0.0,"wins":0,"draws":0,"losses":0,"trades":0,"profit_factor":0.0},{"date":"05/12/2025","date_ts":1764892800000,"profit_abs":0.0,"wins":0,"draws":0,"losses":0,"trades":0,"profit_factor":0.0},{"date":"06/12/2025","date_ts":1764979200000,"profit_abs":0.0,"wins":0,"draws":0,"losses":0,"trades":0,"profit_factor":0.0},{"date":"07/12/2025","date_ts":1765065600000,"profit_abs":0.0,"wins":0,"draws":1,"losses":0,"trades":1,"profit_factor":0.0},{"date":"08/12/2025","date_ts":1765152000000,"profit_abs":0.0915085,"wins":1,"draws":0,"losses":0,"trades":1,"profit_factor":0.0},{"date":"09/12/2025","date_ts":1765238400000,"profit_abs":0.0,"wins":0,"draws":0,"losses":0,"trades":0,"profit_factor":0.0},{"date":"10/12/2025","date_ts":1765324800000,"profit_abs":0.0,"wins":0,"draws":0,"losses":0,"trades":0,"profit_factor":0.0},{"date":"11/12/2025","date_ts":1765411200000,"profit_abs":0.0,"wins":0,"draws":0,"losses":0,"trades":0,"profit_factor":0.0},{"date":"12/12/2025","date_ts":1765497600000,"profit_abs":0.0,"wins":0,"draws":0,"losses":0,"trades":0,"profit_factor":0.0},{"date":"13/12/2025","date_ts":1765584000000,"profit_abs":0.0,"wins":0,"draws":0,"losses":0,"trades":0,"profit_factor":0.0},{"date":"14/12/2025","date_ts":1765670400000,"profit_abs":0.0,"wins":0,"draws":0,"losses":0,"trades":0,"profit_factor":0.0},{"date":"15/12/2025","date_ts":1765756800000,"profit_abs":-16.76024273,"wins":0,"draws":0,"losses":1,"trades":1,"profit_factor":0.0},{"date":"16/12/2025","date_ts":1765843200000,"profit_abs":0.6416496,"wins":2,"draws":0,"losses":0,"trades":2,"profit_factor":0.0},{"date":"17/12/2025","date_ts":1765929600000,"profit_abs":-9.43836534,"wins":0,"draws":0,"losses":1,"trades":1,"profit_factor":0.0},{"date":"18/12/2025","date_ts":1766016000000,"profit_abs":0.0,"wins":0,"draws":0,"losses":0,"trades":0,"profit_factor":0.0},{"date":"19/12/2025","date_ts":1766102400000,"profit_abs":0.0,"wins":0,"draws":0,"losses":0,"trades":0,"profit_factor":0.0},{"date":"20/12/2025","date_ts":1766188800000,"profit_abs":0.0,"wins":0,"draws":0,"losses":0,"trades":0,"profit_factor":0.0},{"date":"21/12/2025","date_ts":1766275200000,"profit_abs":0.0,"wins":0,"draws":0,"losses":0,"trades":0,"profit_factor":0.0},{"date":"22/12/2025","date_ts":1766361600000,"profit_abs":0.0,"wins":0,"draws":0,"losses":0,"trades":0,"profit_factor":0.0},{"date":"23/12/2025","date_ts":1766448000000,"profit_abs":0.0,"wins":0,"draws":0,"losses":0,"trades":0,"profit_factor":0.0},{"date":"24/12/2025","date_ts":1766534400000,"profit_abs":0.0,"wins":0,"draws":0,"losses":0,"trades":0,"profit_factor":0.0},{"date":"25/12/2025","date_ts":1766620800000,"profit_abs":0.0,"wins":0,"draws":0,"losses":0,"trades":0,"profit_factor":0.0},{"date":"26/12/2025","date_ts":1766707200000,"profit_abs":0.0,"wins":0,"draws":0,"losses":0,"trades":0,"profit_factor":0.0},{"date":"27/12/2025","date_ts":1766793600000,"profit_abs":0.0,"wins":0,"draws":0,"losses":0,"trades":0,"profit_factor":0.0},{"date":"28/12/2025","date_ts":1766880000000,"profit_abs":0.0,"wins":0,"draws":0,"losses":0,"trades":0,"profit_factor":0.0},{"date":"29/12/2025","date_ts":1766966400000,"profit_abs":2.3598315,"wins":1,"draws":0,"losses":0,"trades":1,"profit_factor":0.0},{"date":"30/12/2025","date_ts":1767052800000,"profit_abs":0.0,"wins":0,"draws":0,"losses":0,"trades":0,"profit_factor":0.0},{"date":"31/12/2025","date_ts":1767139200000,"profit_abs":0.0,"wins":0,"draws":0,"losses":0,"trades":0,"profit_factor":0.0},{"date":"01/01/2026","date_ts":1767225600000,"profit_abs":0.0,"wins":0,"draws":0,"losses":0,"trades":0,"profit_factor":0.0},{"date":"02/01/2026","date_ts":1767312000000,"profit_abs":5.67023886,"wins":1,"draws":0,"losses":0,"trades":1,"profit_factor":0.0},{"date":"03/01/2026","date_ts":1767398400000,"profit_abs":0.34505138,"wins":1,"draws":1,"losses":0,"trades":2,"profit_factor":0.0},{"date":"04/01/2026","date_ts":1767484800000,"profit_abs":0.0,"wins":0,"draws":0,"losses":0,"trades":0,"profit_factor":0.0},{"date":"05/01/2026","date_ts":1767571200000,"profit_abs":2.37591641,"wins":1,"draws":0,"losses":0,"trades":1,"profit_factor":0.0}],"week":[{"date":"06/10/2025","date_ts":1759708800000,"profit_abs":3.1262117,"wins":1,"draws":1,"losses":0,"trades":2,"profit_factor":0.0},{"date":"13/10/2025","date_ts":1760313600000,"profit_abs":-0.92428244,"wins":1,"draws":1,"losses":1,"trades":3,"profit_factor":0.94621352},{"date":"20/10/2025","date_ts":1760918400000,"profit_abs":5.32195844,"wins":1,"draws":1,"losses":0,"trades":2,"profit_factor":0.0},{"date":"27/10/2025","date_ts":1761523200000,"profit_abs":1.9429785,"wins":1,"draws":0,"losses":0,"trades":1,"profit_factor":0.0},{"date":"03/11/2025","date_ts":1762128000000,"profit_abs":-34.2822021,"wins":0,"draws":3,"losses":2,"trades":5,"profit_factor":0.0},{"date":"10/11/2025","date_ts":1762732800000,"profit_abs":16.0900125,"wins":1,"draws":1,"losses":0,"trades":2,"profit_factor":0.0},{"date":"17/11/2025","date_ts":1763337600000,"profit_abs":-2.05069865,"wins":1,"draws":2,"losses":1,"trades":4,"profit_factor":0.5003713},{"date":"24/11/2025","date_ts":1763942400000,"profit_abs":3.64696513,"wins":2,"draws":0,"losses":0,"trades":2,"profit_factor":0.0},{"date":"01/12/2025","date_ts":1764547200000,"profit_abs":-14.81202632,"wins":1,"draws":1,"losses":1,"trades":3,"profit_factor":0.13085347},{"date":"08/12/2025","date_ts":1765152000000,"profit_abs":0.0915085,"wins":1,"draws":1,"losses":0,"trades":2,"profit_factor":0.0},{"date":"15/12/2025","date_ts":1765756800000,"profit_abs":-16.76024273,"wins":0,"draws":0,"losses":1,"trades":1,"profit_factor":0.0},{"date":"22/12/2025","date_ts":1766361600000,"profit_abs":-8.79671574,"wins":2,"draws":0,"losses":1,"trades":3,"profit_factor":0.06798313},{"date":"29/12/2025","date_ts":1766966400000,"profit_abs":2.3598315,"wins":1,"draws":0,"losses":0,"trades":1,"profit_factor":0.0},{"date":"05/01/2026","date_ts":1767571200000,"profit_abs":8.39120665,"wins":3,"draws":1,"losses":0,"trades":4,"profit_factor":0.0}],"month":[{"date":"31/10/2025","date_ts":1761868800000,"profit_abs":-7.8225813,"wins":4,"draws":3,"losses":2,"trades":9,"profit_factor":0.77308577},{"date":"30/11/2025","date_ts":1764460800000,"profit_abs":2.92353398,"wins":5,"draws":7,"losses":2,"trades":14,"profit_factor":1.1385745},{"date":"31/12/2025","date_ts":1767139200000,"profit_abs":-40.14765439,"wins":4,"draws":1,"losses":3,"trades":8,"profit_factor":0.07152968},{"date":"31/01/2026","date_ts":1769817600000,"profit_abs":8.39120665,"wins":3,"draws":1,"losses":0,"trades":4,"profit_factor":0.0}],"year":[{"date":"31/12/2025","date_ts":1767139200000,"profit_abs":-45.04670171,"wins":13,"draws":11,"losses":7,"trades":31,"profit_factor":0.54411516},{"date":"31/12/2026","date_ts":1798675200000,"profit_abs":8.39120665,"wins":3,"draws":1,"losses":0,"trades":4,"profit_factor":0.0}],"weekday":[{"date":"Monday","date_ts":0,"profit_abs":-48.3733515,"wins":4,"draws":1,"losses":4,"trades":9,"profit_factor":0.11887412},{"date":"Tuesday","date_ts":1,"profit_abs":-29.65398224,"wins":4,"draws":1,"losses":2,"trades":7,"profit_factor":0.13980944},{"date":"Wednesday","date_ts":2,"profit_abs":-9.43836534,"wins":0,"draws":0,"losses":1,"trades":1,"profit_factor":0.0},{"date":"Thursday","date_ts":3,"profit_abs":3.1262117,"wins":1,"draws":0,"losses":0,"trades":1,"profit_factor":0.0},{"date":"Friday","date_ts":4,"profit_abs":23.70322986,"wins":3,"draws":3,"losses":0,"trades":6,"profit_factor":0.0},{"date":"Saturday","date_ts":5,"profit_abs":0.34505138,"wins":1,"draws":3,"losses":0,"trades":4,"profit_factor":0.0},{"date":"Sunday","date_ts":6,"profit_abs":23.63571108,"wins":3,"draws":4,"losses":0,"trades":7,"profit_factor":0.0}]},"backtest_best_day":0.04995004995004995,"backtest_worst_day":-0.05188374628823421,"backtest_best_day_abs":16.260006,"backtest_worst_day_abs":-17.2894475,"winning_days":15,"draw_days":74,"losing_days":7,"daily_profit":[["2025-10-02",3.1262117],["2025-10-03",0.0],["2025-10-04",0.0],["2025-10-05",0.0],["2025-10-06",0.0],["2025-10-07",-17.18428844],["2025-10-08",0.0],["2025-10-09",0.0],["2025-10-10",0.0],["2025-10-11",0.0],["2025-10-12",16.260006],["2025-10-13",0.0],["2025-10-14",0.0],["2025-10-15",0.0],["2025-10-16",0.0],["2025-10-17",0.0],["2025-10-18",0.0],["2025-10-19",5.32195844],["2025-10-20",0.0],["2025-10-21",0.0],["2025-10-22",0.0],["2025-10-23",0.0],["2025-10-24",1.9429785],["2025-10-25",0.0],["2025-10-26",0.0],["2025-10-27",0.0],["2025-10-28",-17.2894475],["2025-10-29",0.0],["2025-10-30",0.0],["2025-10-31",0.0],["2025-11-01",0.0],["2025-11-02",0.0],["2025-11-03",-16.9927546],["2025-11-04",0.0],["2025-11-05",0.0],["2025-11-06",0.0],["2025-11-07",16.0900125],["2025-11-08",0.0],["2025-11-09",0.0],["2025-11-10",0.0],["2025-11-11",0.0],["2025-11-12",0.0],["2025-11-13",0.0],["2025-11-14",0.0],["2025-11-15",0.0],["2025-11-16",2.05374664],["2025-11-17",-4.10444529],["2025-11-18",1.9480945],["2025-11-19",0.0],["2025-11-20",0.0],["2025-11-21",0.0],["2025-11-22",0.0],["2025-11-23",0.0],["2025-11-24",1.69887063],["2025-11-25",2.2300096],["2025-11-26",0.0],["2025-11-27",0.0],["2025-11-28",0.0],["2025-11-29",0.0],["2025-11-30",0.0],["2025-12-01",-17.04203592],["2025-12-02",0.0],["2025-12-03",0.0],["2025-12-04",0.0],["2025-12-05",0.0],["2025-12-06",0.0],["2025-12-07",0.0],["2025-12-08",0.0915085],["2025-12-09",0.0],["2025-12-10",0.0],["2025-12-11",0.0],["2025-12-12",0.0],["2025-12-13",0.0],["2025-12-14",0.0],["2025-12-15",-16.76024273],["2025-12-16",0.6416496],["2025-12-17",-9.43836534],["2025-12-18",0.0],["2025-12-19",0.0],["2025-12-20",0.0],["2025-12-21",0.0],["2025-12-22",0.0],["2025-12-23",0.0],["2025-12-24",0.0],["2025-12-25",0.0],["2025-12-26",0.0],["2025-12-27",0.0],["2025-12-28",0.0],["2025-12-29",2.3598315],["2025-12-30",0.0],["2025-12-31",0.0],["2026-01-01",0.0],["2026-01-02",5.67023886],["2026-01-03",0.34505138],["2026-01-04",0.0],["2026-01-05",2.37591641]],"wins":16,"losses":7,"draws":12,"winrate":0.45714285714285713,"holding_avg":"4:36:00","holding_avg_s":16560.0,"winner_holding_min":"0d 01:00","winner_holding_min_s":3600.0,"winner_holding_max":"0d 02:00","winner_holding_max_s":7200.0,"winner_holding_avg":"0d 01:52","winner_holding_avg_s":6720.0,"loser_holding_min":"0d 02:00","loser_holding_min_s":7200.0,"loser_holding_max":"1d 12:00","loser_holding_max_s":129600.0,"loser_holding_avg":"0d 13:09","loser_holding_avg_s":47340.0,"max_consecutive_wins":3,"max_consecutive_losses":5,"max_drawdown_account":0.05634003582910273,"max_relative_drawdown":0.05634003582910273,"max_drawdown_abs":56.873399410000005,"drawdown_start":"2025-10-24 21:00:00","drawdown_start_ts":1761339600000.0,"drawdown_end":"2025-12-17 17:00:00","drawdown_end_ts":1765990800000.0,"drawdown_duration":"53 days 20:00:00","drawdown_duration_s":4651200.0,"max_drawdown_low":-47.406533210000006,"max_drawdown_high":9.4668662,"csum_min":952.59346679,"csum_max":1009.4668662}},"strategy_comparison":[{"key":"ACO_27_13","trades":35,"profit_mean":-0.003133485942646118,"profit_mean_pct":-0.31,"profit_total_abs":-36.65549506,"profit_total":-0.03665549506,"profit_total_pct":-3.67,"duration_avg":"4:36:00","wins":16,"draws":12,"losses":7,"winrate":0.45714285714285713,"cagr":-0.13109540882905513,"expectancy":-1.0472998588571434,"expectancy_ratio":-0.4170498541299986,"sortino":-1.4851175100715632,"sharpe":-0.9218414097194069,"calmar":-12.81435255880048,"sqn":-0.7797,"profit_factor":0.6290364436357212,"max_drawdown_account":0.05634003582910273,"max_drawdown_abs":"56.873"}]}