{"strategy":{"ACO_55_5":{"trades":[{"pair":"DOGE/USDT","stake_amount":329.8581,"max_stake_amount":329.8581,"amount":2178.0,"open_date":"2026-01-05 21:00:00+00:00","close_date":"2026-01-05 23:00:00+00:00","open_rate":0.15145,"close_rate":0.15266,"fee_open":0.001,"fee_close":0.001,"trade_duration":120,"profit_ratio":0.005975470551238131,"profit_abs":1.97302842,"exit_reason":"roi","initial_stop_loss_abs":0.14388,"initial_stop_loss_ratio":-0.05,"stop_loss_abs":0.14388,"stop_loss_ratio":-0.05,"min_rate":0.15119,"max_rate":0.15328,"is_open":false,"enter_tag":"","leverage":1.0,"is_short":false,"open_timestamp":1767646800000,"close_timestamp":1767654000000,"orders":[{"amount":2178.0,"safe_price":0.15145,"ft_order_side":"buy","order_filled_timestamp":1767646800000,"ft_is_entry":true,"ft_order_tag":"","cost":330.18795809999995},{"amount":2178.0,"safe_price":0.15266,"ft_order_side":"sell","order_filled_timestamp":1767654000000,"ft_is_entry":false,"ft_order_tag":"roi","cost":332.82597347999996}],"funding_fees":0.0,"weekday":0}],"locks":[],"best_pair":{"key":"DOGE/USDT","trades":1,"profit_mean":0.005975470551238131,"profit_mean_pct":0.6,"profit_total_abs":1.97302842,"profit_total":0.00197302842,"profit_total_pct":0.2,"duration_avg":"2:00:00","wins":1,"draws":0,"losses":0,"winrate":1.0,"cagr":0.007444541492577672,"expectancy":1.97302842,"expectancy_ratio":100.0,"sortino":-100,"sharpe":-100,"calmar":-100,"sqn":-100.0,"profit_factor":0.0,"max_drawdown_account":0.0,"max_drawdown_abs":0.0},"worst_pair":{"key":"DOGE/USDT","trades":1,"profit_mean":0.005975470551238131,"profit_mean_pct":0.6,"profit_total_abs":1.97302842,"profit_total":0.00197302842,"profit_total_pct":0.2,"duration_avg":"2:00:00","wins":1,"draws":0,"losses":0,"winrate":1.0,"cagr":0.007444541492577672,"expectancy":1.97302842,"expectancy_ratio":100.0,"sortino":-100,"sharpe":-100,"calmar":-100,"sqn":-100.0,"profit_factor":0.0,"max_drawdown_account":0.0,"max_drawdown_abs":0.0},"results_per_pair":[{"key":"DOGE/USDT","trades":1,"profit_mean":0.005975470551238131,"profit_mean_pct":0.6,"profit_total_abs":1.97302842,"profit_total":0.00197302842,"profit_total_pct":0.2,"duration_avg":"2:00:00","wins":1,"draws":0,"losses":0,"winrate":1.0,"cagr":0.007444541492577672,"expectancy":1.97302842,"expectancy_ratio":100.0,"sortino":-100,"sharpe":-100,"calmar":-100,"sqn":-100.0,"profit_factor":0.0,"max_drawdown_account":0.0,"max_drawdown_abs":0.0},{"key":"TOTAL","trades":1,"profit_mean":0.005975470551238131,"profit_mean_pct":0.6,"profit_total_abs":1.97302842,"profit_total":0.00197302842,"profit_total_pct":0.2,"duration_avg":"2:00:00","wins":1,"draws":0,"losses":0,"winrate":1.0,"cagr":0.007444541492577672,"expectancy":1.97302842,"expectancy_ratio":100.0,"sortino":-100,"sharpe":-100,"calmar":-100,"sqn":-100.0,"profit_factor":0.0,"max_drawdown_account":0.0,"max_drawdown_abs":0.0}],"results_per_enter_tag":[{"key":"","trades":1,"profit_mean":0.005975470551238131,"profit_mean_pct":0.6,"profit_total_abs":1.97302842,"profit_total":0.00197302842,"profit_total_pct":0.2,"duration_avg":"2:00:00","wins":1,"draws":0,"losses":0,"winrate":1.0,"cagr":0.007444541492577672,"expectancy":1.97302842,"expectancy_ratio":100.0,"sortino":-100,"sharpe":-100,"calmar":-100,"sqn":-100.0,"profit_factor":0.0,"max_drawdown_account":0.0,"max_drawdown_abs":0.0},{"key":"TOTAL","trades":1,"profit_mean":0.005975470551238131,"profit_mean_pct":0.6,"profit_total_abs":1.97302842,"profit_total":0.00197302842,"profit_total_pct":0.2,"duration_avg":"2:00:00","wins":1,"draws":0,"losses":0,"winrate":1.0,"cagr":0.007444541492577672,"expectancy":1.97302842,"expectancy_ratio":100.0,"sortino":-100,"sharpe":-100,"calmar":-100,"sqn":-100.0,"profit_factor":0.0,"max_drawdown_account":0.0,"max_drawdown_abs":0.0}],"exit_reason_summary":[{"key":"roi","trades":1,"profit_mean":0.005975470551238131,"profit_mean_pct":0.6,"profit_total_abs":1.97302842,"profit_total":0.00197302842,"profit_total_pct":0.2,"duration_avg":"2:00:00","wins":1,"draws":0,"losses":0,"winrate":1.0,"cagr":0.007444541492577672,"expectancy":1.97302842,"expectancy_ratio":100.0,"sortino":-100,"sharpe":-100,"calmar":-100,"sqn":-100.0,"profit_factor":0.0,"max_drawdown_account":0.0,"max_drawdown_abs":0.0},{"key":"TOTAL","trades":1,"profit_mean":0.005975470551238131,"profit_mean_pct":0.6,"profit_total_abs":1.97302842,"profit_total":0.00197302842,"profit_total_pct":0.2,"duration_avg":"2:00:00","wins":1,"draws":0,"losses":0,"winrate":1.0,"cagr":0.007444541492577672,"expectancy":1.97302842,"expectancy_ratio":100.0,"sortino":-100,"sharpe":-100,"calmar":-100,"sqn":-100.0,"profit_factor":0.0,"max_drawdown_account":0.0,"max_drawdown_abs":0.0}],"mix_tag_stats":[{"key":["","roi"],"trades":1,"profit_mean":0.005975470551238131,"profit_mean_pct":0.6,"profit_total_abs":1.97302842,"profit_total":0.00197302842,"profit_total_pct":0.2,"duration_avg":"2:00:00","wins":1,"draws":0,"losses":0,"winrate":1.0,"cagr":0.007444541492577672,"expectancy":1.97302842,"expectancy_ratio":100.0,"sortino":-100,"sharpe":-100,"calmar":-100,"sqn":-100.0,"profit_factor":0.0,"max_drawdown_account":0.0,"max_drawdown_abs":0.0},{"key":"TOTAL","trades":1,"profit_mean":0.005975470551238131,"profit_mean_pct":0.6,"profit_total_abs":1.97302842,"profit_total":0.00197302842,"profit_total_pct":0.2,"duration_avg":"2:00:00","wins":1,"draws":0,"losses":0,"winrate":1.0,"cagr":0.007444541492577672,"expectancy":1.97302842,"expectancy_ratio":100.0,"sortino":-100,"sharpe":-100,"calmar":-100,"sqn":-100.0,"profit_factor":0.0,"max_drawdown_account":0.0,"max_drawdown_abs":0.0}],"left_open_trades":[{"key":"TOTAL","trades":0,"profit_mean":0.0,"profit_mean_pct":0.0,"profit_total_abs":0.0,"profit_total":0.0,"profit_total_pct":0.0,"duration_avg":"0:00","wins":0,"draws":0,"losses":0,"winrate":0.0,"cagr":0.0,"expectancy":0.0,"expectancy_ratio":100.0,"sortino":0,"sharpe":0,"calmar":0,"sqn":0.0,"profit_factor":0.0,"max_drawdown_account":0.0,"max_drawdown_abs":0.0}],"total_trades":1,"trade_count_long":1,"trade_count_short":0,"total_volume":663.01393158,"avg_stake_amount":329.8581,"profit_mean":0.005975470551238131,"profit_median":0.005975470551238131,"profit_total":0.00197302842,"profit_total_long":0.00197302842,"profit_total_short":0.0,"profit_total_abs":1.97302842,"profit_total_long_abs":1.97302842,"profit_total_short_abs":0.0,"cagr":0.007444541492577672,"expectancy":1.97302842,"expectancy_ratio":100.0,"sortino":-100,"sharpe":-100,"calmar":-100,"sqn":-100.0,"profit_factor":0.0,"backtest_start":"2025-10-01 00:00:00","backtest_start_ts":1759276800000,"backtest_end":"2026-01-06 20:00:00","backtest_end_ts":1767729600000,"backtest_days":97,"backtest_run_start_ts":1767749864,"backtest_run_end_ts":1767749864,"trades_per_day":0.01,"market_change":-0.36632086436227446,"pairlist":["DOGE/USDT"],"stake_amount":"unlimited","stake_currency":"USDT","stake_currency_decimals":3,"starting_balance":1000,"dry_run_wallet":1000,"final_balance":1001.97302842,"rejected_signals":0,"timedout_entry_orders":0,"timedout_exit_orders":0,"canceled_trade_entries":0,"canceled_entry_orders":0,"replaced_entry_orders":0,"max_open_trades":1,"max_open_trades_setting":3,"timeframe":"1h","timeframe_detail":"","timerange":"20251001-","enable_protections":false,"strategy_name":"ACO_55_5","freqaimodel":null,"freqai_identifier":null,"stoploss":-0.05,"trailing_stop":false,"trailing_stop_positive":null,"trailing_stop_positive_offset":0.0,"trailing_only_offset_is_reached":false,"use_custom_stoploss":false,"minimal_roi":{"0":0.1,"60":0.05,"120":0.0},"use_exit_signal":true,"exit_profit_only":false,"exit_profit_offset":0.0,"ignore_roi_if_entry_signal":false,"trading_mode":"spot","margin_mode":"","periodic_breakdown":{"day":[{"date":"05/01/2026","date_ts":1767571200000,"profit_abs":1.97302842,"wins":1,"draws":0,"losses":0,"trades":1,"profit_factor":0.0}],"week":[{"date":"05/01/2026","date_ts":1767571200000,"profit_abs":1.97302842,"wins":1,"draws":0,"losses":0,"trades":1,"profit_factor":0.0}],"month":[{"date":"31/01/2026","date_ts":1769817600000,"profit_abs":1.97302842,"wins":1,"draws":0,"losses":0,"trades":1,"profit_factor":0.0}],"year":[{"date":"31/12/2026","date_ts":1798675200000,"profit_abs":1.97302842,"wins":1,"draws":0,"losses":0,"trades":1,"profit_factor":0.0}],"weekday":[{"date":"Monday","date_ts":0,"profit_abs":1.97302842,"wins":1,"draws":0,"losses":0,"trades":1,"profit_factor":0.0}]},"backtest_best_day":0.005975470551238131,"backtest_worst_day":0.005975470551238131,"backtest_best_day_abs":1.97302842,"backtest_worst_day_abs":1.97302842,"winning_days":1,"draw_days":0,"losing_days":0,"daily_profit":[["2026-01-05",1.97302842]],"wins":1,"losses":0,"draws":0,"winrate":1.0,"holding_avg":"2:00:00","holding_avg_s":7200.0,"winner_holding_min":"0d 02:00","winner_holding_min_s":7200.0,"winner_holding_max":"0d 02:00","winner_holding_max_s":7200.0,"winner_holding_avg":"0d 02:00","winner_holding_avg_s":7200.0,"loser_holding_min":"0d 00:00","loser_holding_min_s":0.0,"loser_holding_max":"0d 00:00","loser_holding_max_s":0.0,"loser_holding_avg":"0d 00:00","loser_holding_avg_s":0.0,"max_consecutive_wins":1,"max_consecutive_losses":0,"max_drawdown_account":0.0,"max_relative_drawdown":0.0,"max_drawdown_abs":0.0,"drawdown_start":"2026-01-05 23:00:00","drawdown_start_ts":1767654000000.0,"drawdown_end":"2026-01-05 23:00:00","drawdown_end_ts":1767654000000.0,"drawdown_duration":"0 days 00:00:00","drawdown_duration_s":0.0,"max_drawdown_low":0.0,"max_drawdown_high":0.0,"csum_min":1001.97302842,"csum_max":1001.97302842}},"strategy_comparison":[{"key":"ACO_55_5","trades":1,"profit_mean":0.005975470551238131,"profit_mean_pct":0.6,"profit_total_abs":1.97302842,"profit_total":0.00197302842,"profit_total_pct":0.2,"duration_avg":"2:00:00","wins":1,"draws":0,"losses":0,"winrate":1.0,"cagr":0.007444541492577672,"expectancy":1.97302842,"expectancy_ratio":100.0,"sortino":-100,"sharpe":-100,"calmar":-100,"sqn":-100.0,"profit_factor":0.0,"max_drawdown_account":0.0,"max_drawdown_abs":"0"}]}