{"strategy":{"ACO_40_8":{"trades":[{"pair":"DOGE/USDT","stake_amount":329.90193,"max_stake_amount":329.90193,"amount":1269.0,"open_date":"2025-10-03 17:00:00+00:00","close_date":"2025-10-03 19:00:00+00:00","open_rate":0.25997,"close_rate":0.2604904604604604,"fee_open":0.001,"fee_close":0.001,"trade_duration":120,"profit_ratio":0.0,"profit_abs":0.0,"exit_reason":"roi","initial_stop_loss_abs":0.24698,"initial_stop_loss_ratio":-0.05,"stop_loss_abs":0.24698,"stop_loss_ratio":-0.05,"min_rate":0.25505,"max_rate":0.26123,"is_open":false,"enter_tag":"","leverage":1.0,"is_short":false,"open_timestamp":1759510800000,"close_timestamp":1759518000000,"orders":[{"amount":1269.0,"safe_price":0.25997,"ft_order_side":"buy","order_filled_timestamp":1759510800000,"ft_is_entry":true,"ft_order_tag":"","cost":330.23183192999994},{"amount":1269.0,"safe_price":0.2604904604604604,"ft_order_side":"sell","order_filled_timestamp":1759518000000,"ft_is_entry":false,"ft_order_tag":"roi","cost":330.8929567186485}],"funding_fees":0.0,"weekday":4},{"pair":"DOGE/USDT","stake_amount":329.8338,"max_stake_amount":329.8338,"amount":1285.0,"open_date":"2025-10-05 03:00:00+00:00","close_date":"2025-10-05 05:00:00+00:00","open_rate":0.25668,"close_rate":0.2625,"fee_open":0.001,"fee_close":0.001,"trade_duration":120,"profit_ratio":0.020630841808962425,"profit_abs":6.8115537,"exit_reason":"roi","initial_stop_loss_abs":0.24385,"initial_stop_loss_ratio":-0.05,"stop_loss_abs":0.24385,"stop_loss_ratio":-0.05,"min_rate":0.25522,"max_rate":0.26398,"is_open":false,"enter_tag":"","leverage":1.0,"is_short":false,"open_timestamp":1759633200000,"close_timestamp":1759640400000,"orders":[{"amount":1285.0,"safe_price":0.25668,"ft_order_side":"buy","order_filled_timestamp":1759633200000,"ft_is_entry":true,"ft_order_tag":"","cost":330.16363379999996},{"amount":1285.0,"safe_price":0.2625,"ft_order_side":"sell","order_filled_timestamp":1759640400000,"ft_is_entry":false,"ft_order_tag":"roi","cost":337.64981249999994}],"funding_fees":0.0,"weekday":6},{"pair":"DOGE/USDT","stake_amount":332.1898,"max_stake_amount":332.1898,"amount":1636.0,"open_date":"2025-10-21 15:00:00+00:00","close_date":"2025-10-21 19:00:00+00:00","open_rate":0.20305,"close_rate":0.20181,"fee_open":0.001,"fee_close":0.001,"trade_duration":240,"profit_ratio":-0.008092670688090537,"profit_abs":-2.69099096,"exit_reason":"exit_signal","initial_stop_loss_abs":0.1929,"initial_stop_loss_ratio":-0.05,"stop_loss_abs":0.1929,"stop_loss_ratio":-0.05,"min_rate":0.1991,"max_rate":0.20563,"is_open":false,"enter_tag":"","leverage":1.0,"is_short":false,"open_timestamp":1761058800000,"close_timestamp":1761073200000,"orders":[{"amount":1636.0,"safe_price":0.20305,"ft_order_side":"buy","order_filled_timestamp":1761058800000,"ft_is_entry":true,"ft_order_tag":"","cost":332.5219898},{"amount":1636.0,"safe_price":0.20181,"ft_order_side":"sell","order_filled_timestamp":1761073200000,"ft_is_entry":false,"ft_order_tag":"exit_signal","cost":330.49132116}],"funding_fees":0.0,"weekday":1},{"pair":"DOGE/USDT","stake_amount":331.3028,"max_stake_amount":331.3028,"amount":1660.0,"open_date":"2025-10-26 10:00:00+00:00","close_date":"2025-10-26 12:00:00+00:00","open_rate":0.19958,"close_rate":0.20183,"fee_open":0.001,"fee_close":0.001,"trade_duration":120,"profit_ratio":0.009253147894294302,"profit_abs":3.0686594,"exit_reason":"roi","initial_stop_loss_abs":0.18961,"initial_stop_loss_ratio":-0.05,"stop_loss_abs":0.18961,"stop_loss_ratio":-0.05,"min_rate":0.19833,"max_rate":0.20286,"is_open":false,"enter_tag":"","leverage":1.0,"is_short":false,"open_timestamp":1761472800000,"close_timestamp":1761480000000,"orders":[{"amount":1660.0,"safe_price":0.19958,"ft_order_side":"buy","order_filled_timestamp":1761472800000,"ft_is_entry":true,"ft_order_tag":"","cost":331.63410279999994},{"amount":1660.0,"safe_price":0.20183,"ft_order_side":"sell","order_filled_timestamp":1761480000000,"ft_is_entry":false,"ft_order_tag":"roi","cost":335.37283779999996}],"funding_fees":0.0,"weekday":6},{"pair":"DOGE/USDT","stake_amount":332.2242,"max_stake_amount":332.2242,"amount":1645.0,"open_date":"2025-10-28 14:00:00+00:00","close_date":"2025-10-28 17:00:00+00:00","open_rate":0.20196,"close_rate":0.2023643243243243,"fee_open":0.001,"fee_close":0.001,"trade_duration":180,"profit_ratio":0.0,"profit_abs":0.0,"exit_reason":"roi","initial_stop_loss_abs":0.19187,"initial_stop_loss_ratio":-0.05,"stop_loss_abs":0.19187,"stop_loss_ratio":-0.05,"min_rate":0.19617,"max_rate":0.20311,"is_open":false,"enter_tag":"","leverage":1.0,"is_short":false,"open_timestamp":1761660000000,"close_timestamp":1761670800000,"orders":[{"amount":1645.0,"safe_price":0.20196,"ft_order_side":"buy","order_filled_timestamp":1761660000000,"ft_is_entry":true,"ft_order_tag":"","cost":332.5564242},{"amount":1645.0,"safe_price":0.2023643243243243,"ft_order_side":"sell","order_filled_timestamp":1761670800000,"ft_is_entry":false,"ft_order_tag":"roi","cost":333.22220282702693}],"funding_fees":0.0,"weekday":1},{"pair":"DOGE/USDT","stake_amount":332.2083,"max_stake_amount":332.2083,"amount":1765.0,"open_date":"2025-11-02 08:00:00+00:00","close_date":"2025-11-02 09:00:00+00:00","open_rate":0.18822,"close_rate":0.18735,"fee_open":0.001,"fee_close":0.001,"trade_duration":60,"profit_ratio":-0.006611017290009958,"profit_abs":-2.19843105,"exit_reason":"exit_signal","initial_stop_loss_abs":0.17881,"initial_stop_loss_ratio":-0.05,"stop_loss_abs":0.17881,"stop_loss_ratio":-0.05,"min_rate":0.18624,"max_rate":0.1884,"is_open":false,"enter_tag":"","leverage":1.0,"is_short":false,"open_timestamp":1762070400000,"close_timestamp":1762074000000,"orders":[{"amount":1765.0,"safe_price":0.18822,"ft_order_side":"buy","order_filled_timestamp":1762070400000,"ft_is_entry":true,"ft_order_tag":"","cost":332.5405083},{"amount":1765.0,"safe_price":0.18735,"ft_order_side":"sell","order_filled_timestamp":1762074000000,"ft_is_entry":false,"ft_order_tag":"exit_signal","cost":331.00342274999997}],"funding_fees":0.0,"weekday":6},{"pair":"DOGE/USDT","stake_amount":331.61724,"max_stake_amount":331.61724,"amount":1962.0,"open_date":"2025-11-07 16:00:00+00:00","close_date":"2025-11-07 17:00:00+00:00","open_rate":0.16902,"close_rate":0.17781783783783786,"fee_open":0.001,"fee_close":0.001,"trade_duration":60,"profit_ratio":0.04995004995004995,"profit_abs":16.580862,"exit_reason":"roi","initial_stop_loss_abs":0.16057,"initial_stop_loss_ratio":-0.05,"stop_loss_abs":0.16057,"stop_loss_ratio":-0.05,"min_rate":0.16834,"max_rate":0.17978,"is_open":false,"enter_tag":"","leverage":1.0,"is_short":false,"open_timestamp":1762531200000,"close_timestamp":1762534800000,"orders":[{"amount":1962.0,"safe_price":0.16902,"ft_order_side":"buy","order_filled_timestamp":1762531200000,"ft_is_entry":true,"ft_order_tag":"","cost":331.94885723999994},{"amount":1962.0,"safe_price":0.17781783783783786,"ft_order_side":"sell","order_filled_timestamp":1762534800000,"ft_is_entry":false,"ft_order_tag":"roi","cost":349.2274764356757}],"funding_fees":0.0,"weekday":4},{"pair":"DOGE/USDT","stake_amount":337.0554,"max_stake_amount":337.0554,"amount":1914.0,"open_date":"2025-11-09 14:00:00+00:00","close_date":"2025-11-09 16:00:00+00:00","open_rate":0.1761,"close_rate":0.17807,"fee_open":0.001,"fee_close":0.001,"trade_duration":120,"profit_ratio":0.009166472369198094,"profit_abs":3.09269862,"exit_reason":"exit_signal","initial_stop_loss_abs":0.1673,"initial_stop_loss_ratio":-0.05,"stop_loss_abs":0.1673,"stop_loss_ratio":-0.05,"min_rate":0.17501,"max_rate":0.17961,"is_open":false,"enter_tag":"","leverage":1.0,"is_short":false,"open_timestamp":1762696800000,"close_timestamp":1762704000000,"orders":[{"amount":1914.0,"safe_price":0.1761,"ft_order_side":"buy","order_filled_timestamp":1762696800000,"ft_is_entry":true,"ft_order_tag":"","cost":337.39245539999996},{"amount":1914.0,"safe_price":0.17807,"ft_order_side":"sell","order_filled_timestamp":1762704000000,"ft_is_entry":false,"ft_order_tag":"exit_signal","cost":341.16680598}],"funding_fees":0.0,"weekday":6},{"pair":"DOGE/USDT","stake_amount":338.12791,"max_stake_amount":338.12791,"amount":2099.0,"open_date":"2025-11-17 05:00:00+00:00","close_date":"2025-11-17 07:00:00+00:00","open_rate":0.16109,"close_rate":0.16164,"fee_open":0.001,"fee_close":0.001,"trade_duration":120,"profit_ratio":0.0014094168293684092,"profit_abs":0.47703973,"exit_reason":"roi","initial_stop_loss_abs":0.15304,"initial_stop_loss_ratio":-0.05,"stop_loss_abs":0.15304,"stop_loss_ratio":-0.05,"min_rate":0.16069,"max_rate":0.16239,"is_open":false,"enter_tag":"","leverage":1.0,"is_short":false,"open_timestamp":1763355600000,"close_timestamp":1763362800000,"orders":[{"amount":2099.0,"safe_price":0.16109,"ft_order_side":"buy","order_filled_timestamp":1763355600000,"ft_is_entry":true,"ft_order_tag":"","cost":338.46603791},{"amount":2099.0,"safe_price":0.16164,"ft_order_side":"sell","order_filled_timestamp":1763362800000,"ft_is_entry":false,"ft_order_tag":"roi","cost":339.62164236}],"funding_fees":0.0,"weekday":0},{"pair":"DOGE/USDT","stake_amount":338.195,"max_stake_amount":338.195,"amount":2150.0,"open_date":"2025-11-18 09:00:00+00:00","close_date":"2025-11-18 12:00:00+00:00","open_rate":0.1573,"close_rate":0.1576149149149149,"fee_open":0.001,"fee_close":0.001,"trade_duration":180,"profit_ratio":0.0,"profit_abs":0.0,"exit_reason":"roi","initial_stop_loss_abs":0.14944,"initial_stop_loss_ratio":-0.05,"stop_loss_abs":0.14944,"stop_loss_ratio":-0.05,"min_rate":0.15629,"max_rate":0.15787,"is_open":false,"enter_tag":"","leverage":1.0,"is_short":false,"open_timestamp":1763456400000,"close_timestamp":1763467200000,"orders":[{"amount":2150.0,"safe_price":0.1573,"ft_order_side":"buy","order_filled_timestamp":1763456400000,"ft_is_entry":true,"ft_order_tag":"","cost":338.533195},{"amount":2150.0,"safe_price":0.1576149149149149,"ft_order_side":"sell","order_filled_timestamp":1763467200000,"ft_is_entry":false,"ft_order_tag":"roi","cost":339.21093913413404}],"funding_fees":0.0,"weekday":1},{"pair":"DOGE/USDT","stake_amount":338.29264,"max_stake_amount":338.29264,"amount":2224.0,"open_date":"2025-11-24 18:00:00+00:00","close_date":"2025-11-24 20:00:00+00:00","open_rate":0.15211,"close_rate":0.15249,"fee_open":0.001,"fee_close":0.001,"trade_duration":120,"profit_ratio":0.0004951987070191001,"profit_abs":0.1676896,"exit_reason":"exit_signal","initial_stop_loss_abs":0.14451,"initial_stop_loss_ratio":-0.05,"stop_loss_abs":0.14451,"stop_loss_ratio":-0.05,"min_rate":0.15174,"max_rate":0.15397,"is_open":false,"enter_tag":"","leverage":1.0,"is_short":false,"open_timestamp":1764007200000,"close_timestamp":1764014400000,"orders":[{"amount":2224.0,"safe_price":0.15211,"ft_order_side":"buy","order_filled_timestamp":1764007200000,"ft_is_entry":true,"ft_order_tag":"","cost":338.63093263999997},{"amount":2224.0,"safe_price":0.15249,"ft_order_side":"sell","order_filled_timestamp":1764014400000,"ft_is_entry":false,"ft_order_tag":"exit_signal","cost":339.47689775999993}],"funding_fees":0.0,"weekday":0},{"pair":"DOGE/USDT","stake_amount":338.24556,"max_stake_amount":338.24556,"amount":2172.0,"open_date":"2025-11-26 18:00:00+00:00","close_date":"2025-11-26 20:00:00+00:00","open_rate":0.15573,"close_rate":0.15604177177177178,"fee_open":0.001,"fee_close":0.001,"trade_duration":120,"profit_ratio":0.0,"profit_abs":0.0,"exit_reason":"roi","initial_stop_loss_abs":0.14795,"initial_stop_loss_ratio":-0.05,"stop_loss_abs":0.14795,"stop_loss_ratio":-0.05,"min_rate":0.15507,"max_rate":0.15681,"is_open":false,"enter_tag":"","leverage":1.0,"is_short":false,"open_timestamp":1764180000000,"close_timestamp":1764187200000,"orders":[{"amount":2172.0,"safe_price":0.15573,"ft_order_side":"buy","order_filled_timestamp":1764180000000,"ft_is_entry":true,"ft_order_tag":"","cost":338.58380556},{"amount":2172.0,"safe_price":0.15604177177177178,"ft_order_side":"sell","order_filled_timestamp":1764187200000,"ft_is_entry":false,"ft_order_tag":"roi","cost":339.26165101657654}],"funding_fees":0.0,"weekday":2},{"pair":"DOGE/USDT","stake_amount":338.3484,"max_stake_amount":338.3484,"amount":2392.0,"open_date":"2025-12-07 18:00:00+00:00","close_date":"2025-12-07 20:00:00+00:00","open_rate":0.14145,"close_rate":0.1421,"fee_open":0.001,"fee_close":0.001,"trade_duration":120,"profit_ratio":0.0025880800005932563,"profit_abs":0.8765484,"exit_reason":"exit_signal","initial_stop_loss_abs":0.13438,"initial_stop_loss_ratio":-0.05,"stop_loss_abs":0.13438,"stop_loss_ratio":-0.05,"min_rate":0.14126,"max_rate":0.14291,"is_open":false,"enter_tag":"","leverage":1.0,"is_short":false,"open_timestamp":1765130400000,"close_timestamp":1765137600000,"orders":[{"amount":2392.0,"safe_price":0.14145,"ft_order_side":"buy","order_filled_timestamp":1765130400000,"ft_is_entry":true,"ft_order_tag":"","cost":338.68674839999994},{"amount":2392.0,"safe_price":0.1421,"ft_order_side":"sell","order_filled_timestamp":1765137600000,"ft_is_entry":false,"ft_order_tag":"exit_signal","cost":340.2431032}],"funding_fees":0.0,"weekday":6},{"pair":"DOGE/USDT","stake_amount":338.5382,"max_stake_amount":338.5382,"amount":2314.0,"open_date":"2025-12-09 16:00:00+00:00","close_date":"2025-12-09 18:00:00+00:00","open_rate":0.1463,"close_rate":0.15095,"fee_open":0.001,"fee_close":0.001,"trade_duration":120,"profit_ratio":0.029722498963783997,"profit_abs":10.0722635,"exit_reason":"roi","initial_stop_loss_abs":0.13899,"initial_stop_loss_ratio":-0.05,"stop_loss_abs":0.13899,"stop_loss_ratio":-0.05,"min_rate":0.1463,"max_rate":0.15319,"is_open":false,"enter_tag":"","leverage":1.0,"is_short":false,"open_timestamp":1765296000000,"close_timestamp":1765303200000,"orders":[{"amount":2314.0,"safe_price":0.1463,"ft_order_side":"buy","order_filled_timestamp":1765296000000,"ft_is_entry":true,"ft_order_tag":"","cost":338.8767382},{"amount":2314.0,"safe_price":0.15095,"ft_order_side":"sell","order_filled_timestamp":1765303200000,"ft_is_entry":false,"ft_order_tag":"roi","cost":349.64759829999997}],"funding_fees":0.0,"weekday":1},{"pair":"DOGE/USDT","stake_amount":341.83656,"max_stake_amount":341.83656,"amount":2476.0,"open_date":"2025-12-11 19:00:00+00:00","close_date":"2025-12-11 21:00:00+00:00","open_rate":0.13806,"close_rate":0.14006,"fee_open":0.001,"fee_close":0.001,"trade_duration":120,"profit_ratio":0.012459509200056788,"profit_abs":4.26337488,"exit_reason":"roi","initial_stop_loss_abs":0.13116,"initial_stop_loss_ratio":-0.05,"stop_loss_abs":0.13116,"stop_loss_ratio":-0.05,"min_rate":0.13787,"max_rate":0.14281,"is_open":false,"enter_tag":"","leverage":1.0,"is_short":false,"open_timestamp":1765479600000,"close_timestamp":1765486800000,"orders":[{"amount":2476.0,"safe_price":0.13806,"ft_order_side":"buy","order_filled_timestamp":1765479600000,"ft_is_entry":true,"ft_order_tag":"","cost":342.17839655999995},{"amount":2476.0,"safe_price":0.14006,"ft_order_side":"sell","order_filled_timestamp":1765486800000,"ft_is_entry":false,"ft_order_tag":"roi","cost":347.1353485599999}],"funding_fees":0.0,"weekday":3},{"pair":"DOGE/USDT","stake_amount":343.32606,"max_stake_amount":343.32606,"amount":2513.0,"open_date":"2025-12-15 03:00:00+00:00","close_date":"2025-12-15 05:00:00+00:00","open_rate":0.13662,"close_rate":0.13689351351351348,"fee_open":0.001,"fee_close":0.001,"trade_duration":120,"profit_ratio":0.0,"profit_abs":0.0,"exit_reason":"roi","initial_stop_loss_abs":0.12979,"initial_stop_loss_ratio":-0.05,"stop_loss_abs":0.12979,"stop_loss_ratio":-0.05,"min_rate":0.13601,"max_rate":0.13725,"is_open":false,"enter_tag":"","leverage":1.0,"is_short":false,"open_timestamp":1765767600000,"close_timestamp":1765774800000,"orders":[{"amount":2513.0,"safe_price":0.13662,"ft_order_side":"buy","order_filled_timestamp":1765767600000,"ft_is_entry":true,"ft_order_tag":"","cost":343.66938605999997},{"amount":2513.0,"safe_price":0.13689351351351348,"ft_order_side":"sell","order_filled_timestamp":1765774800000,"ft_is_entry":false,"ft_order_tag":"roi","cost":344.3574128589188}],"funding_fees":0.0,"weekday":0},{"pair":"DOGE/USDT","stake_amount":343.32744,"max_stake_amount":343.32744,"amount":2553.0,"open_date":"2025-12-17 15:00:00+00:00","close_date":"2025-12-17 16:00:00+00:00","open_rate":0.13448,"close_rate":0.12776,"fee_open":0.001,"fee_close":0.001,"trade_duration":60,"profit_ratio":-0.05186841712719166,"profit_abs":-17.82565872,"exit_reason":"stop_loss","initial_stop_loss_abs":0.12776,"initial_stop_loss_ratio":-0.05,"stop_loss_abs":0.12776,"stop_loss_ratio":-0.05,"min_rate":0.12583,"max_rate":0.13631,"is_open":false,"enter_tag":"","leverage":1.0,"is_short":false,"open_timestamp":1765983600000,"close_timestamp":1765987200000,"orders":[{"amount":2553.0,"safe_price":0.13448,"ft_order_side":"buy","order_filled_timestamp":1765983600000,"ft_is_entry":true,"ft_order_tag":"","cost":343.6707674399999},{"amount":2553.0,"safe_price":0.12776,"ft_order_side":"sell","order_filled_timestamp":1765987200000,"ft_is_entry":false,"ft_order_tag":"stop_loss","cost":326.49745128}],"funding_fees":0.0,"weekday":2},{"pair":"DOGE/USDT","stake_amount":337.40415,"max_stake_amount":337.40415,"amount":2637.0,"open_date":"2025-12-19 08:00:00+00:00","close_date":"2025-12-19 10:00:00+00:00","open_rate":0.12795,"close_rate":0.12820615615615616,"fee_open":0.001,"fee_close":0.001,"trade_duration":120,"profit_ratio":0.0,"profit_abs":0.0,"exit_reason":"roi","initial_stop_loss_abs":0.12156,"initial_stop_loss_ratio":-0.05,"stop_loss_abs":0.12156,"stop_loss_ratio":-0.05,"min_rate":0.12757,"max_rate":0.12865,"is_open":false,"enter_tag":"","leverage":1.0,"is_short":false,"open_timestamp":1766131200000,"close_timestamp":1766138400000,"orders":[{"amount":2637.0,"safe_price":0.12795,"ft_order_side":"buy","order_filled_timestamp":1766131200000,"ft_is_entry":true,"ft_order_tag":"","cost":337.74155414999996},{"amount":2637.0,"safe_price":0.12820615615615616,"ft_order_side":"sell","order_filled_timestamp":1766138400000,"ft_is_entry":false,"ft_order_tag":"roi","cost":338.41771341756754}],"funding_fees":0.0,"weekday":4},{"pair":"DOGE/USDT","stake_amount":337.47021,"max_stake_amount":337.47021,"amount":2541.0,"open_date":"2025-12-21 09:00:00+00:00","close_date":"2025-12-22 00:00:00+00:00","open_rate":0.13281,"close_rate":0.13307588588588587,"fee_open":0.001,"fee_close":0.001,"trade_duration":900,"profit_ratio":0.0,"profit_abs":0.0,"exit_reason":"roi","initial_stop_loss_abs":0.12617,"initial_stop_loss_ratio":-0.05,"stop_loss_abs":0.12617,"stop_loss_ratio":-0.05,"min_rate":0.12871,"max_rate":0.13424,"is_open":false,"enter_tag":"","leverage":1.0,"is_short":false,"open_timestamp":1766307600000,"close_timestamp":1766361600000,"orders":[{"amount":2541.0,"safe_price":0.13281,"ft_order_side":"buy","order_filled_timestamp":1766307600000,"ft_is_entry":true,"ft_order_tag":"","cost":337.80768020999994},{"amount":2541.0,"safe_price":0.13307588588588587,"ft_order_side":"sell","order_filled_timestamp":1766361600000,"ft_is_entry":false,"ft_order_tag":"roi","cost":338.483971862072}],"funding_fees":0.0,"weekday":0},{"pair":"DOGE/USDT","stake_amount":337.41895,"max_stake_amount":337.41895,"amount":2563.0,"open_date":"2025-12-22 01:00:00+00:00","close_date":"2025-12-22 03:00:00+00:00","open_rate":0.13165,"close_rate":0.13191356356356354,"fee_open":0.001,"fee_close":0.001,"trade_duration":120,"profit_ratio":0.0,"profit_abs":0.0,"exit_reason":"roi","initial_stop_loss_abs":0.12507,"initial_stop_loss_ratio":-0.05,"stop_loss_abs":0.12507,"stop_loss_ratio":-0.05,"min_rate":0.12952,"max_rate":0.13301,"is_open":false,"enter_tag":"","leverage":1.0,"is_short":false,"open_timestamp":1766365200000,"close_timestamp":1766372400000,"orders":[{"amount":2563.0,"safe_price":0.13165,"ft_order_side":"buy","order_filled_timestamp":1766365200000,"ft_is_entry":true,"ft_order_tag":"","cost":337.75636894999997},{"amount":2563.0,"safe_price":0.13191356356356354,"ft_order_side":"sell","order_filled_timestamp":1766372400000,"ft_is_entry":false,"ft_order_tag":"roi","cost":338.4325578768267}],"funding_fees":0.0,"weekday":0},{"pair":"DOGE/USDT","stake_amount":337.37744,"max_stake_amount":337.37744,"amount":2696.0,"open_date":"2025-12-29 01:00:00+00:00","close_date":"2025-12-29 03:00:00+00:00","open_rate":0.12514,"close_rate":0.12639,"fee_open":0.001,"fee_close":0.001,"trade_duration":120,"profit_ratio":0.0079708528645719,"profit_abs":2.69187512,"exit_reason":"roi","initial_stop_loss_abs":0.11889,"initial_stop_loss_ratio":-0.05,"stop_loss_abs":0.11889,"stop_loss_ratio":-0.05,"min_rate":0.12437,"max_rate":0.12777,"is_open":false,"enter_tag":"","leverage":1.0,"is_short":false,"open_timestamp":1766970000000,"close_timestamp":1766977200000,"orders":[{"amount":2696.0,"safe_price":0.12514,"ft_order_side":"buy","order_filled_timestamp":1766970000000,"ft_is_entry":true,"ft_order_tag":"","cost":337.71481743999993},{"amount":2696.0,"safe_price":0.12639,"ft_order_side":"sell","order_filled_timestamp":1766977200000,"ft_is_entry":false,"ft_order_tag":"roi","cost":341.08818743999996}],"funding_fees":0.0,"weekday":0},{"pair":"DOGE/USDT","stake_amount":338.2959,"max_stake_amount":338.2959,"amount":2810.0,"open_date":"2026-01-01 09:00:00+00:00","close_date":"2026-01-01 11:00:00+00:00","open_rate":0.12039,"close_rate":0.120631021021021,"fee_open":0.001,"fee_close":0.001,"trade_duration":120,"profit_ratio":0.0,"profit_abs":0.0,"exit_reason":"roi","initial_stop_loss_abs":0.11438,"initial_stop_loss_ratio":-0.05,"stop_loss_abs":0.11438,"stop_loss_ratio":-0.05,"min_rate":0.12021,"max_rate":0.12126,"is_open":false,"enter_tag":"","leverage":1.0,"is_short":false,"open_timestamp":1767258000000,"close_timestamp":1767265200000,"orders":[{"amount":2810.0,"safe_price":0.12039,"ft_order_side":"buy","order_filled_timestamp":1767258000000,"ft_is_entry":true,"ft_order_tag":"","cost":338.63419589999995},{"amount":2810.0,"safe_price":0.120631021021021,"ft_order_side":"sell","order_filled_timestamp":1767265200000,"ft_is_entry":false,"ft_order_tag":"roi","cost":339.31214223813805}],"funding_fees":0.0,"weekday":3},{"pair":"DOGE/USDT","stake_amount":338.30511,"max_stake_amount":338.30511,"amount":2211.0,"open_date":"2026-01-05 18:00:00+00:00","close_date":"2026-01-05 20:00:00+00:00","open_rate":0.15301,"close_rate":0.1533163263263263,"fee_open":0.001,"fee_close":0.001,"trade_duration":120,"profit_ratio":0.0,"profit_abs":0.0,"exit_reason":"roi","initial_stop_loss_abs":0.14536,"initial_stop_loss_ratio":-0.05,"stop_loss_abs":0.14536,"stop_loss_ratio":-0.05,"min_rate":0.15085,"max_rate":0.1545,"is_open":false,"enter_tag":"","leverage":1.0,"is_short":false,"open_timestamp":1767636000000,"close_timestamp":1767643200000,"orders":[{"amount":2211.0,"safe_price":0.15301,"ft_order_side":"buy","order_filled_timestamp":1767636000000,"ft_is_entry":true,"ft_order_tag":"","cost":338.64341511},{"amount":2211.0,"safe_price":0.1533163263263263,"ft_order_side":"sell","order_filled_timestamp":1767643200000,"ft_is_entry":false,"ft_order_tag":"roi","cost":339.32137990501496}],"funding_fees":0.0,"weekday":0}],"locks":[],"best_pair":{"key":"DOGE/USDT","trades":23,"profit_mean":0.0033510418905480896,"profit_mean_pct":0.34,"profit_total_abs":25.387484220000005,"profit_total":0.025387484220000006,"profit_total_pct":2.54,"duration_avg":"2:37:00","wins":10,"draws":10,"losses":3,"winrate":0.43478260869565216,"cagr":0.09893082398951991,"expectancy":1.1038036617391302,"expectancy_ratio":-0.28900232182024677,"sortino":0.6893671272244709,"sharpe":0.8641936151144539,"calmar":29.187690897784968,"sqn":0.8948,"profit_factor":2.117648866044774,"max_drawdown_account":0.017131469842367273,"max_drawdown_abs":17.82565872},"worst_pair":{"key":"DOGE/USDT","trades":23,"profit_mean":0.0033510418905480896,"profit_mean_pct":0.34,"profit_total_abs":25.387484220000005,"profit_total":0.025387484220000006,"profit_total_pct":2.54,"duration_avg":"2:37:00","wins":10,"draws":10,"losses":3,"winrate":0.43478260869565216,"cagr":0.09893082398951991,"expectancy":1.1038036617391302,"expectancy_ratio":-0.28900232182024677,"sortino":0.6893671272244709,"sharpe":0.8641936151144539,"calmar":29.187690897784968,"sqn":0.8948,"profit_factor":2.117648866044774,"max_drawdown_account":0.017131469842367273,"max_drawdown_abs":17.82565872},"results_per_pair":[{"key":"DOGE/USDT","trades":23,"profit_mean":0.0033510418905480896,"profit_mean_pct":0.34,"profit_total_abs":25.387484220000005,"profit_total":0.025387484220000006,"profit_total_pct":2.54,"duration_avg":"2:37:00","wins":10,"draws":10,"losses":3,"winrate":0.43478260869565216,"cagr":0.09893082398951991,"expectancy":1.1038036617391302,"expectancy_ratio":-0.28900232182024677,"sortino":0.6893671272244709,"sharpe":0.8641936151144539,"calmar":29.187690897784968,"sqn":0.8948,"profit_factor":2.117648866044774,"max_drawdown_account":0.017131469842367273,"max_drawdown_abs":17.82565872},{"key":"TOTAL","trades":23,"profit_mean":0.0033510418905480896,"profit_mean_pct":0.34,"profit_total_abs":25.387484220000005,"profit_total":0.025387484220000006,"profit_total_pct":2.54,"duration_avg":"2:37:00","wins":10,"draws":10,"losses":3,"winrate":0.43478260869565216,"cagr":0.09893082398951991,"expectancy":1.1038036617391302,"expectancy_ratio":-0.28900232182024677,"sortino":0.6893671272244709,"sharpe":0.8641936151144539,"calmar":29.187690897784968,"sqn":0.8948,"profit_factor":2.117648866044774,"max_drawdown_account":0.017131469842367273,"max_drawdown_abs":17.82565872}],"results_per_enter_tag":[{"key":"","trades":23,"profit_mean":0.0033510418905480896,"profit_mean_pct":0.34,"profit_total_abs":25.387484220000005,"profit_total":0.025387484220000006,"profit_total_pct":2.54,"duration_avg":"2:37:00","wins":10,"draws":10,"losses":3,"winrate":0.43478260869565216,"cagr":0.09893082398951991,"expectancy":1.1038036617391302,"expectancy_ratio":-0.28900232182024677,"sortino":0.6893671272244709,"sharpe":0.8641936151144539,"calmar":29.187690897784968,"sqn":0.8948,"profit_factor":2.117648866044774,"max_drawdown_account":0.017131469842367273,"max_drawdown_abs":17.82565872},{"key":"TOTAL","trades":23,"profit_mean":0.0033510418905480896,"profit_mean_pct":0.34,"profit_total_abs":25.387484220000005,"profit_total":0.025387484220000006,"profit_total_pct":2.54,"duration_avg":"2:37:00","wins":10,"draws":10,"losses":3,"winrate":0.43478260869565216,"cagr":0.09893082398951991,"expectancy":1.1038036617391302,"expectancy_ratio":-0.28900232182024677,"sortino":0.6893671272244709,"sharpe":0.8641936151144539,"calmar":29.187690897784968,"sqn":0.8948,"profit_factor":2.117648866044774,"max_drawdown_account":0.017131469842367273,"max_drawdown_abs":17.82565872}],"exit_reason_summary":[{"key":"roi","trades":17,"profit_mean":0.007729195147711045,"profit_mean_pct":0.77,"profit_total_abs":43.96562833,"profit_total":0.04396562833,"profit_total_pct":4.4,"duration_avg":"2:49:00","wins":7,"draws":10,"losses":0,"winrate":0.4117647058823529,"cagr":0.1757474676698474,"expectancy":2.5862134311764704,"expectancy_ratio":100.0,"sortino":-100,"sharpe":1.9246333086492164,"calmar":-100,"sqn":2.2992,"profit_factor":0.0,"max_drawdown_account":0.0,"max_drawdown_abs":0.0},{"key":"exit_signal","trades":5,"profit_mean":-0.0004907873802580092,"profit_mean_pct":-0.05,"profit_total_abs":-0.7524853900000003,"profit_total":-0.0007524853900000003,"profit_total_pct":-0.08,"duration_avg":"2:12:00","wins":3,"draws":0,"losses":2,"winrate":0.6,"cagr":-0.002828575083372198,"expectancy":-0.15049707800000012,"expectancy_ratio":-0.061560273460625314,"sortino":-0.6017882511143586,"sharpe":-0.07014328502951037,"calmar":-3.0312045698009555,"sqn":-0.1425,"profit_factor":0.8460993163484368,"max_drawdown_account":0.004889422009999976,"max_drawdown_abs":4.8894220100000005},{"key":"stop_loss","trades":1,"profit_mean":-0.05186841712719166,"profit_mean_pct":-5.19,"profit_total_abs":-17.82565872,"profit_total":-0.01782565872,"profit_total_pct":-1.78,"duration_avg":"1:00:00","wins":0,"draws":0,"losses":1,"winrate":0.0,"cagr":-0.06544142132817166,"expectancy":-17.82565872,"expectancy_ratio":-1.0,"sortino":-100,"sharpe":-100,"calmar":-19.695848633549303,"sqn":-100.0,"profit_factor":0.0,"max_drawdown_account":0.017825658719999977,"max_drawdown_abs":17.82565872},{"key":"TOTAL","trades":23,"profit_mean":0.0033510418905480896,"profit_mean_pct":0.34,"profit_total_abs":25.387484220000005,"profit_total":0.025387484220000006,"profit_total_pct":2.54,"duration_avg":"2:37:00","wins":10,"draws":10,"losses":3,"winrate":0.43478260869565216,"cagr":0.09893082398951991,"expectancy":1.1038036617391302,"expectancy_ratio":-0.28900232182024677,"sortino":0.6893671272244709,"sharpe":0.8641936151144539,"calmar":29.187690897784968,"sqn":0.8948,"profit_factor":2.117648866044774,"max_drawdown_account":0.017131469842367273,"max_drawdown_abs":17.82565872}],"mix_tag_stats":[{"key":["","roi"],"trades":17,"profit_mean":0.007729195147711045,"profit_mean_pct":0.77,"profit_total_abs":43.96562833,"profit_total":0.04396562833,"profit_total_pct":4.4,"duration_avg":"2:49:00","wins":7,"draws":10,"losses":0,"winrate":0.4117647058823529,"cagr":0.1757474676698474,"expectancy":2.5862134311764704,"expectancy_ratio":100.0,"sortino":-100,"sharpe":1.9246333086492164,"calmar":-100,"sqn":2.2992,"profit_factor":0.0,"max_drawdown_account":0.0,"max_drawdown_abs":0.0},{"key":["","exit_signal"],"trades":5,"profit_mean":-0.0004907873802580092,"profit_mean_pct":-0.05,"profit_total_abs":-0.7524853900000003,"profit_total":-0.0007524853900000003,"profit_total_pct":-0.08,"duration_avg":"2:12:00","wins":3,"draws":0,"losses":2,"winrate":0.6,"cagr":-0.002828575083372198,"expectancy":-0.15049707800000012,"expectancy_ratio":-0.061560273460625314,"sortino":-0.6017882511143586,"sharpe":-0.07014328502951037,"calmar":-3.0312045698009555,"sqn":-0.1425,"profit_factor":0.8460993163484368,"max_drawdown_account":0.004889422009999976,"max_drawdown_abs":4.8894220100000005},{"key":["","stop_loss"],"trades":1,"profit_mean":-0.05186841712719166,"profit_mean_pct":-5.19,"profit_total_abs":-17.82565872,"profit_total":-0.01782565872,"profit_total_pct":-1.78,"duration_avg":"1:00:00","wins":0,"draws":0,"losses":1,"winrate":0.0,"cagr":-0.06544142132817166,"expectancy":-17.82565872,"expectancy_ratio":-1.0,"sortino":-100,"sharpe":-100,"calmar":-19.695848633549303,"sqn":-100.0,"profit_factor":0.0,"max_drawdown_account":0.017825658719999977,"max_drawdown_abs":17.82565872},{"key":"TOTAL","trades":23,"profit_mean":0.0033510418905480896,"profit_mean_pct":0.34,"profit_total_abs":25.387484220000005,"profit_total":0.025387484220000006,"profit_total_pct":2.54,"duration_avg":"2:37:00","wins":10,"draws":10,"losses":3,"winrate":0.43478260869565216,"cagr":0.09893082398951991,"expectancy":1.1038036617391302,"expectancy_ratio":-0.28900232182024677,"sortino":0.6893671272244709,"sharpe":0.8641936151144539,"calmar":29.187690897784968,"sqn":0.8948,"profit_factor":2.117648866044774,"max_drawdown_account":0.017131469842367273,"max_drawdown_abs":17.82565872}],"left_open_trades":[{"key":"TOTAL","trades":0,"profit_mean":0.0,"profit_mean_pct":0.0,"profit_total_abs":0.0,"profit_total":0.0,"profit_total_pct":0.0,"duration_avg":"0:00","wins":0,"draws":0,"losses":0,"winrate":0.0,"cagr":0.0,"expectancy":0.0,"expectancy_ratio":100.0,"sortino":0,"sharpe":0,"calmar":0,"sqn":0.0,"profit_factor":0.0,"max_drawdown_account":0.0,"max_drawdown_abs":0.0}],"total_trades":23,"trade_count_long":23,"trade_count_short":0,"total_volume":15538.118676380598,"avg_stake_amount":336.5583913043479,"profit_mean":0.0033510418905480896,"profit_median":0.0,"profit_total":0.025387484220000006,"profit_total_long":0.025387484220000006,"profit_total_short":0.0,"profit_total_abs":25.387484220000005,"profit_total_long_abs":25.387484220000005,"profit_total_short_abs":0.0,"cagr":0.09893082398951991,"expectancy":1.1038036617391302,"expectancy_ratio":-0.28900232182024677,"sortino":0.6893671272244709,"sharpe":0.8641936151144539,"calmar":29.187690897784968,"sqn":0.8948,"profit_factor":2.117648866044774,"backtest_start":"2025-10-01 00:00:00","backtest_start_ts":1759276800000,"backtest_end":"2026-01-06 20:00:00","backtest_end_ts":1767729600000,"backtest_days":97,"backtest_run_start_ts":1767744931,"backtest_run_end_ts":1767744932,"trades_per_day":0.24,"market_change":-0.36632086436227446,"pairlist":["DOGE/USDT"],"stake_amount":"unlimited","stake_currency":"USDT","stake_currency_decimals":3,"starting_balance":1000,"dry_run_wallet":1000,"final_balance":1025.38748422,"rejected_signals":0,"timedout_entry_orders":0,"timedout_exit_orders":0,"canceled_trade_entries":0,"canceled_entry_orders":0,"replaced_entry_orders":0,"max_open_trades":1,"max_open_trades_setting":3,"timeframe":"1h","timeframe_detail":"","timerange":"20251001-","enable_protections":false,"strategy_name":"ACO_40_8","freqaimodel":null,"freqai_identifier":null,"stoploss":-0.05,"trailing_stop":false,"trailing_stop_positive":null,"trailing_stop_positive_offset":0.0,"trailing_only_offset_is_reached":false,"use_custom_stoploss":false,"minimal_roi":{"0":0.1,"60":0.05,"120":0.0},"use_exit_signal":true,"exit_profit_only":false,"exit_profit_offset":0.0,"ignore_roi_if_entry_signal":false,"trading_mode":"spot","margin_mode":"","periodic_breakdown":{"day":[{"date":"03/10/2025","date_ts":1759449600000,"profit_abs":0.0,"wins":0,"draws":1,"losses":0,"trades":1,"profit_factor":0.0},{"date":"04/10/2025","date_ts":1759536000000,"profit_abs":0.0,"wins":0,"draws":0,"losses":0,"trades":0,"profit_factor":0.0},{"date":"05/10/2025","date_ts":1759622400000,"profit_abs":6.8115537,"wins":1,"draws":0,"losses":0,"trades":1,"profit_factor":0.0},{"date":"06/10/2025","date_ts":1759708800000,"profit_abs":0.0,"wins":0,"draws":0,"losses":0,"trades":0,"profit_factor":0.0},{"date":"07/10/2025","date_ts":1759795200000,"profit_abs":0.0,"wins":0,"draws":0,"losses":0,"trades":0,"profit_factor":0.0},{"date":"08/10/2025","date_ts":1759881600000,"profit_abs":0.0,"wins":0,"draws":0,"losses":0,"trades":0,"profit_factor":0.0},{"date":"09/10/2025","date_ts":1759968000000,"profit_abs":0.0,"wins":0,"draws":0,"losses":0,"trades":0,"profit_factor":0.0},{"date":"10/10/2025","date_ts":1760054400000,"profit_abs":0.0,"wins":0,"draws":0,"losses":0,"trades":0,"profit_factor":0.0},{"date":"11/10/2025","date_ts":1760140800000,"profit_abs":0.0,"wins":0,"draws":0,"losses":0,"trades":0,"profit_factor":0.0},{"date":"12/10/2025","date_ts":1760227200000,"profit_abs":0.0,"wins":0,"draws":0,"losses":0,"trades":0,"profit_factor":0.0},{"date":"13/10/2025","date_ts":1760313600000,"profit_abs":0.0,"wins":0,"draws":0,"losses":0,"trades":0,"profit_factor":0.0},{"date":"14/10/2025","date_ts":1760400000000,"profit_abs":0.0,"wins":0,"draws":0,"losses":0,"trades":0,"profit_factor":0.0},{"date":"15/10/2025","date_ts":1760486400000,"profit_abs":0.0,"wins":0,"draws":0,"losses":0,"trades":0,"profit_factor":0.0},{"date":"16/10/2025","date_ts":1760572800000,"profit_abs":0.0,"wins":0,"draws":0,"losses":0,"trades":0,"profit_factor":0.0},{"date":"17/10/2025","date_ts":1760659200000,"profit_abs":0.0,"wins":0,"draws":0,"losses":0,"trades":0,"profit_factor":0.0},{"date":"18/10/2025","date_ts":1760745600000,"profit_abs":0.0,"wins":0,"draws":0,"losses":0,"trades":0,"profit_factor":0.0},{"date":"19/10/2025","date_ts":1760832000000,"profit_abs":0.0,"wins":0,"draws":0,"losses":0,"trades":0,"profit_factor":0.0},{"date":"20/10/2025","date_ts":1760918400000,"profit_abs":0.0,"wins":0,"draws":0,"losses":0,"trades":0,"profit_factor":0.0},{"date":"21/10/2025","date_ts":1761004800000,"profit_abs":-2.69099096,"wins":0,"draws":0,"losses":1,"trades":1,"profit_factor":0.0},{"date":"22/10/2025","date_ts":1761091200000,"profit_abs":0.0,"wins":0,"draws":0,"losses":0,"trades":0,"profit_factor":0.0},{"date":"23/10/2025","date_ts":1761177600000,"profit_abs":0.0,"wins":0,"draws":0,"losses":0,"trades":0,"profit_factor":0.0},{"date":"24/10/2025","date_ts":1761264000000,"profit_abs":0.0,"wins":0,"draws":0,"losses":0,"trades":0,"profit_factor":0.0},{"date":"25/10/2025","date_ts":1761350400000,"profit_abs":0.0,"wins":0,"draws":0,"losses":0,"trades":0,"profit_factor":0.0},{"date":"26/10/2025","date_ts":1761436800000,"profit_abs":3.0686594,"wins":1,"draws":0,"losses":0,"trades":1,"profit_factor":0.0},{"date":"27/10/2025","date_ts":1761523200000,"profit_abs":0.0,"wins":0,"draws":0,"losses":0,"trades":0,"profit_factor":0.0},{"date":"28/10/2025","date_ts":1761609600000,"profit_abs":0.0,"wins":0,"draws":1,"losses":0,"trades":1,"profit_factor":0.0},{"date":"29/10/2025","date_ts":1761696000000,"profit_abs":0.0,"wins":0,"draws":0,"losses":0,"trades":0,"profit_factor":0.0},{"date":"30/10/2025","date_ts":1761782400000,"profit_abs":0.0,"wins":0,"draws":0,"losses":0,"trades":0,"profit_factor":0.0},{"date":"31/10/2025","date_ts":1761868800000,"profit_abs":0.0,"wins":0,"draws":0,"losses":0,"trades":0,"profit_factor":0.0},{"date":"01/11/2025","date_ts":1761955200000,"profit_abs":0.0,"wins":0,"draws":0,"losses":0,"trades":0,"profit_factor":0.0},{"date":"02/11/2025","date_ts":1762041600000,"profit_abs":-2.19843105,"wins":0,"draws":0,"losses":1,"trades":1,"profit_factor":0.0},{"date":"03/11/2025","date_ts":1762128000000,"profit_abs":0.0,"wins":0,"draws":0,"losses":0,"trades":0,"profit_factor":0.0},{"date":"04/11/2025","date_ts":1762214400000,"profit_abs":0.0,"wins":0,"draws":0,"losses":0,"trades":0,"profit_factor":0.0},{"date":"05/11/2025","date_ts":1762300800000,"profit_abs":0.0,"wins":0,"draws":0,"losses":0,"trades":0,"profit_factor":0.0},{"date":"06/11/2025","date_ts":1762387200000,"profit_abs":0.0,"wins":0,"draws":0,"losses":0,"trades":0,"profit_factor":0.0},{"date":"07/11/2025","date_ts":1762473600000,"profit_abs":16.580862,"wins":1,"draws":0,"losses":0,"trades":1,"profit_factor":0.0},{"date":"08/11/2025","date_ts":1762560000000,"profit_abs":0.0,"wins":0,"draws":0,"losses":0,"trades":0,"profit_factor":0.0},{"date":"09/11/2025","date_ts":1762646400000,"profit_abs":3.09269862,"wins":1,"draws":0,"losses":0,"trades":1,"profit_factor":0.0},{"date":"10/11/2025","date_ts":1762732800000,"profit_abs":0.0,"wins":0,"draws":0,"losses":0,"trades":0,"profit_factor":0.0},{"date":"11/11/2025","date_ts":1762819200000,"profit_abs":0.0,"wins":0,"draws":0,"losses":0,"trades":0,"profit_factor":0.0},{"date":"12/11/2025","date_ts":1762905600000,"profit_abs":0.0,"wins":0,"draws":0,"losses":0,"trades":0,"profit_factor":0.0},{"date":"13/11/2025","date_ts":1762992000000,"profit_abs":0.0,"wins":0,"draws":0,"losses":0,"trades":0,"profit_factor":0.0},{"date":"14/11/2025","date_ts":1763078400000,"profit_abs":0.0,"wins":0,"draws":0,"losses":0,"trades":0,"profit_factor":0.0},{"date":"15/11/2025","date_ts":1763164800000,"profit_abs":0.0,"wins":0,"draws":0,"losses":0,"trades":0,"profit_factor":0.0},{"date":"16/11/2025","date_ts":1763251200000,"profit_abs":0.0,"wins":0,"draws":0,"losses":0,"trades":0,"profit_factor":0.0},{"date":"17/11/2025","date_ts":1763337600000,"profit_abs":0.47703973,"wins":1,"draws":0,"losses":0,"trades":1,"profit_factor":0.0},{"date":"18/11/2025","date_ts":1763424000000,"profit_abs":0.0,"wins":0,"draws":1,"losses":0,"trades":1,"profit_factor":0.0},{"date":"19/11/2025","date_ts":1763510400000,"profit_abs":0.0,"wins":0,"draws":0,"losses":0,"trades":0,"profit_factor":0.0},{"date":"20/11/2025","date_ts":1763596800000,"profit_abs":0.0,"wins":0,"draws":0,"losses":0,"trades":0,"profit_factor":0.0},{"date":"21/11/2025","date_ts":1763683200000,"profit_abs":0.0,"wins":0,"draws":0,"losses":0,"trades":0,"profit_factor":0.0},{"date":"22/11/2025","date_ts":1763769600000,"profit_abs":0.0,"wins":0,"draws":0,"losses":0,"trades":0,"profit_factor":0.0},{"date":"23/11/2025","date_ts":1763856000000,"profit_abs":0.0,"wins":0,"draws":0,"losses":0,"trades":0,"profit_factor":0.0},{"date":"24/11/2025","date_ts":1763942400000,"profit_abs":0.1676896,"wins":1,"draws":0,"losses":0,"trades":1,"profit_factor":0.0},{"date":"25/11/2025","date_ts":1764028800000,"profit_abs":0.0,"wins":0,"draws":0,"losses":0,"trades":0,"profit_factor":0.0},{"date":"26/11/2025","date_ts":1764115200000,"profit_abs":0.0,"wins":0,"draws":1,"losses":0,"trades":1,"profit_factor":0.0},{"date":"27/11/2025","date_ts":1764201600000,"profit_abs":0.0,"wins":0,"draws":0,"losses":0,"trades":0,"profit_factor":0.0},{"date":"28/11/2025","date_ts":1764288000000,"profit_abs":0.0,"wins":0,"draws":0,"losses":0,"trades":0,"profit_factor":0.0},{"date":"29/11/2025","date_ts":1764374400000,"profit_abs":0.0,"wins":0,"draws":0,"losses":0,"trades":0,"profit_factor":0.0},{"date":"30/11/2025","date_ts":1764460800000,"profit_abs":0.0,"wins":0,"draws":0,"losses":0,"trades":0,"profit_factor":0.0},{"date":"01/12/2025","date_ts":1764547200000,"profit_abs":0.0,"wins":0,"draws":0,"losses":0,"trades":0,"profit_factor":0.0},{"date":"02/12/2025","date_ts":1764633600000,"profit_abs":0.0,"wins":0,"draws":0,"losses":0,"trades":0,"profit_factor":0.0},{"date":"03/12/2025","date_ts":1764720000000,"profit_abs":0.0,"wins":0,"draws":0,"losses":0,"trades":0,"profit_factor":0.0},{"date":"04/12/2025","date_ts":1764806400000,"profit_abs":0.0,"wins":0,"draws":0,"losses":0,"trades":0,"profit_factor":0.0},{"date":"05/12/2025","date_ts":1764892800000,"profit_abs":0.0,"wins":0,"draws":0,"losses":0,"trades":0,"profit_factor":0.0},{"date":"06/12/2025","date_ts":1764979200000,"profit_abs":0.0,"wins":0,"draws":0,"losses":0,"trades":0,"profit_factor":0.0},{"date":"07/12/2025","date_ts":1765065600000,"profit_abs":0.8765484,"wins":1,"draws":0,"losses":0,"trades":1,"profit_factor":0.0},{"date":"08/12/2025","date_ts":1765152000000,"profit_abs":0.0,"wins":0,"draws":0,"losses":0,"trades":0,"profit_factor":0.0},{"date":"09/12/2025","date_ts":1765238400000,"profit_abs":10.0722635,"wins":1,"draws":0,"losses":0,"trades":1,"profit_factor":0.0},{"date":"10/12/2025","date_ts":1765324800000,"profit_abs":0.0,"wins":0,"draws":0,"losses":0,"trades":0,"profit_factor":0.0},{"date":"11/12/2025","date_ts":1765411200000,"profit_abs":4.26337488,"wins":1,"draws":0,"losses":0,"trades":1,"profit_factor":0.0},{"date":"12/12/2025","date_ts":1765497600000,"profit_abs":0.0,"wins":0,"draws":0,"losses":0,"trades":0,"profit_factor":0.0},{"date":"13/12/2025","date_ts":1765584000000,"profit_abs":0.0,"wins":0,"draws":0,"losses":0,"trades":0,"profit_factor":0.0},{"date":"14/12/2025","date_ts":1765670400000,"profit_abs":0.0,"wins":0,"draws":0,"losses":0,"trades":0,"profit_factor":0.0},{"date":"15/12/2025","date_ts":1765756800000,"profit_abs":0.0,"wins":0,"draws":1,"losses":0,"trades":1,"profit_factor":0.0},{"date":"16/12/2025","date_ts":1765843200000,"profit_abs":0.0,"wins":0,"draws":0,"losses":0,"trades":0,"profit_factor":0.0},{"date":"17/12/2025","date_ts":1765929600000,"profit_abs":-17.82565872,"wins":0,"draws":0,"losses":1,"trades":1,"profit_factor":0.0},{"date":"18/12/2025","date_ts":1766016000000,"profit_abs":0.0,"wins":0,"draws":0,"losses":0,"trades":0,"profit_factor":0.0},{"date":"19/12/2025","date_ts":1766102400000,"profit_abs":0.0,"wins":0,"draws":1,"losses":0,"trades":1,"profit_factor":0.0},{"date":"20/12/2025","date_ts":1766188800000,"profit_abs":0.0,"wins":0,"draws":0,"losses":0,"trades":0,"profit_factor":0.0},{"date":"21/12/2025","date_ts":1766275200000,"profit_abs":0.0,"wins":0,"draws":0,"losses":0,"trades":0,"profit_factor":0.0},{"date":"22/12/2025","date_ts":1766361600000,"profit_abs":0.0,"wins":0,"draws":2,"losses":0,"trades":2,"profit_factor":0.0},{"date":"23/12/2025","date_ts":1766448000000,"profit_abs":0.0,"wins":0,"draws":0,"losses":0,"trades":0,"profit_factor":0.0},{"date":"24/12/2025","date_ts":1766534400000,"profit_abs":0.0,"wins":0,"draws":0,"losses":0,"trades":0,"profit_factor":0.0},{"date":"25/12/2025","date_ts":1766620800000,"profit_abs":0.0,"wins":0,"draws":0,"losses":0,"trades":0,"profit_factor":0.0},{"date":"26/12/2025","date_ts":1766707200000,"profit_abs":0.0,"wins":0,"draws":0,"losses":0,"trades":0,"profit_factor":0.0},{"date":"27/12/2025","date_ts":1766793600000,"profit_abs":0.0,"wins":0,"draws":0,"losses":0,"trades":0,"profit_factor":0.0},{"date":"28/12/2025","date_ts":1766880000000,"profit_abs":0.0,"wins":0,"draws":0,"losses":0,"trades":0,"profit_factor":0.0},{"date":"29/12/2025","date_ts":1766966400000,"profit_abs":2.69187512,"wins":1,"draws":0,"losses":0,"trades":1,"profit_factor":0.0},{"date":"30/12/2025","date_ts":1767052800000,"profit_abs":0.0,"wins":0,"draws":0,"losses":0,"trades":0,"profit_factor":0.0},{"date":"31/12/2025","date_ts":1767139200000,"profit_abs":0.0,"wins":0,"draws":0,"losses":0,"trades":0,"profit_factor":0.0},{"date":"01/01/2026","date_ts":1767225600000,"profit_abs":0.0,"wins":0,"draws":1,"losses":0,"trades":1,"profit_factor":0.0},{"date":"02/01/2026","date_ts":1767312000000,"profit_abs":0.0,"wins":0,"draws":0,"losses":0,"trades":0,"profit_factor":0.0},{"date":"03/01/2026","date_ts":1767398400000,"profit_abs":0.0,"wins":0,"draws":0,"losses":0,"trades":0,"profit_factor":0.0},{"date":"04/01/2026","date_ts":1767484800000,"profit_abs":0.0,"wins":0,"draws":0,"losses":0,"trades":0,"profit_factor":0.0},{"date":"05/01/2026","date_ts":1767571200000,"profit_abs":0.0,"wins":0,"draws":1,"losses":0,"trades":1,"profit_factor":0.0}],"week":[{"date":"06/10/2025","date_ts":1759708800000,"profit_abs":6.8115537,"wins":1,"draws":1,"losses":0,"trades":2,"profit_factor":0.0},{"date":"13/10/2025","date_ts":1760313600000,"profit_abs":0.0,"wins":0,"draws":0,"losses":0,"trades":0,"profit_factor":0.0},{"date":"20/10/2025","date_ts":1760918400000,"profit_abs":0.0,"wins":0,"draws":0,"losses":0,"trades":0,"profit_factor":0.0},{"date":"27/10/2025","date_ts":1761523200000,"profit_abs":0.37766844,"wins":1,"draws":0,"losses":1,"trades":2,"profit_factor":1.14034549},{"date":"03/11/2025","date_ts":1762128000000,"profit_abs":-2.19843105,"wins":0,"draws":1,"losses":1,"trades":2,"profit_factor":0.0},{"date":"10/11/2025","date_ts":1762732800000,"profit_abs":19.67356062,"wins":2,"draws":0,"losses":0,"trades":2,"profit_factor":0.0},{"date":"17/11/2025","date_ts":1763337600000,"profit_abs":0.47703973,"wins":1,"draws":0,"losses":0,"trades":1,"profit_factor":0.0},{"date":"24/11/2025","date_ts":1763942400000,"profit_abs":0.1676896,"wins":1,"draws":1,"losses":0,"trades":2,"profit_factor":0.0},{"date":"01/12/2025","date_ts":1764547200000,"profit_abs":0.0,"wins":0,"draws":1,"losses":0,"trades":1,"profit_factor":0.0},{"date":"08/12/2025","date_ts":1765152000000,"profit_abs":0.8765484,"wins":1,"draws":0,"losses":0,"trades":1,"profit_factor":0.0},{"date":"15/12/2025","date_ts":1765756800000,"profit_abs":14.33563838,"wins":2,"draws":1,"losses":0,"trades":3,"profit_factor":0.0},{"date":"22/12/2025","date_ts":1766361600000,"profit_abs":-17.82565872,"wins":0,"draws":3,"losses":1,"trades":4,"profit_factor":0.0},{"date":"29/12/2025","date_ts":1766966400000,"profit_abs":2.69187512,"wins":1,"draws":0,"losses":0,"trades":1,"profit_factor":0.0},{"date":"05/01/2026","date_ts":1767571200000,"profit_abs":0.0,"wins":0,"draws":2,"losses":0,"trades":2,"profit_factor":0.0}],"month":[{"date":"31/10/2025","date_ts":1761868800000,"profit_abs":7.18922214,"wins":2,"draws":2,"losses":1,"trades":5,"profit_factor":3.67158911},{"date":"30/11/2025","date_ts":1764460800000,"profit_abs":18.1198589,"wins":4,"draws":2,"losses":1,"trades":7,"profit_factor":9.24217748},{"date":"31/12/2025","date_ts":1767139200000,"profit_abs":0.07840318,"wins":4,"draws":4,"losses":1,"trades":9,"profit_factor":1.00439833},{"date":"31/01/2026","date_ts":1769817600000,"profit_abs":0.0,"wins":0,"draws":2,"losses":0,"trades":2,"profit_factor":0.0}],"year":[{"date":"31/12/2025","date_ts":1767139200000,"profit_abs":25.38748422,"wins":10,"draws":8,"losses":3,"trades":21,"profit_factor":2.11764887},{"date":"31/12/2026","date_ts":1798675200000,"profit_abs":0.0,"wins":0,"draws":2,"losses":0,"trades":2,"profit_factor":0.0}],"weekday":[{"date":"Monday","date_ts":0,"profit_abs":3.33660445,"wins":3,"draws":4,"losses":0,"trades":7,"profit_factor":0.0},{"date":"Tuesday","date_ts":1,"profit_abs":7.38127254,"wins":1,"draws":2,"losses":1,"trades":4,"profit_factor":3.74295702},{"date":"Wednesday","date_ts":2,"profit_abs":-17.82565872,"wins":0,"draws":1,"losses":1,"trades":2,"profit_factor":0.0},{"date":"Thursday","date_ts":3,"profit_abs":4.26337488,"wins":1,"draws":1,"losses":0,"trades":2,"profit_factor":0.0},{"date":"Friday","date_ts":4,"profit_abs":16.580862,"wins":1,"draws":2,"losses":0,"trades":3,"profit_factor":0.0},{"date":"Sunday","date_ts":6,"profit_abs":11.65102907,"wins":4,"draws":0,"losses":1,"trades":5,"profit_factor":6.29970184}]},"backtest_best_day":0.04995004995004995,"backtest_worst_day":-0.05186841712719166,"backtest_best_day_abs":16.580862,"backtest_worst_day_abs":-17.82565872,"winning_days":10,"draw_days":82,"losing_days":3,"daily_profit":[["2025-10-03",0.0],["2025-10-04",0.0],["2025-10-05",6.8115537],["2025-10-06",0.0],["2025-10-07",0.0],["2025-10-08",0.0],["2025-10-09",0.0],["2025-10-10",0.0],["2025-10-11",0.0],["2025-10-12",0.0],["2025-10-13",0.0],["2025-10-14",0.0],["2025-10-15",0.0],["2025-10-16",0.0],["2025-10-17",0.0],["2025-10-18",0.0],["2025-10-19",0.0],["2025-10-20",0.0],["2025-10-21",-2.69099096],["2025-10-22",0.0],["2025-10-23",0.0],["2025-10-24",0.0],["2025-10-25",0.0],["2025-10-26",3.0686594],["2025-10-27",0.0],["2025-10-28",0.0],["2025-10-29",0.0],["2025-10-30",0.0],["2025-10-31",0.0],["2025-11-01",0.0],["2025-11-02",-2.19843105],["2025-11-03",0.0],["2025-11-04",0.0],["2025-11-05",0.0],["2025-11-06",0.0],["2025-11-07",16.580862],["2025-11-08",0.0],["2025-11-09",3.09269862],["2025-11-10",0.0],["2025-11-11",0.0],["2025-11-12",0.0],["2025-11-13",0.0],["2025-11-14",0.0],["2025-11-15",0.0],["2025-11-16",0.0],["2025-11-17",0.47703973],["2025-11-18",0.0],["2025-11-19",0.0],["2025-11-20",0.0],["2025-11-21",0.0],["2025-11-22",0.0],["2025-11-23",0.0],["2025-11-24",0.1676896],["2025-11-25",0.0],["2025-11-26",0.0],["2025-11-27",0.0],["2025-11-28",0.0],["2025-11-29",0.0],["2025-11-30",0.0],["2025-12-01",0.0],["2025-12-02",0.0],["2025-12-03",0.0],["2025-12-04",0.0],["2025-12-05",0.0],["2025-12-06",0.0],["2025-12-07",0.8765484],["2025-12-08",0.0],["2025-12-09",10.0722635],["2025-12-10",0.0],["2025-12-11",4.26337488],["2025-12-12",0.0],["2025-12-13",0.0],["2025-12-14",0.0],["2025-12-15",0.0],["2025-12-16",0.0],["2025-12-17",-17.82565872],["2025-12-18",0.0],["2025-12-19",0.0],["2025-12-20",0.0],["2025-12-21",0.0],["2025-12-22",0.0],["2025-12-23",0.0],["2025-12-24",0.0],["2025-12-25",0.0],["2025-12-26",0.0],["2025-12-27",0.0],["2025-12-28",0.0],["2025-12-29",2.69187512],["2025-12-30",0.0],["2025-12-31",0.0],["2026-01-01",0.0],["2026-01-02",0.0],["2026-01-03",0.0],["2026-01-04",0.0],["2026-01-05",0.0]],"wins":10,"losses":3,"draws":10,"winrate":0.43478260869565216,"holding_avg":"2:37:00","holding_avg_s":9420.0,"winner_holding_min":"0d 01:00","winner_holding_min_s":3600.0,"winner_holding_max":"0d 02:00","winner_holding_max_s":7200.0,"winner_holding_avg":"0d 01:54","winner_holding_avg_s":6840.0,"loser_holding_min":"0d 01:00","loser_holding_min_s":3600.0,"loser_holding_max":"0d 04:00","loser_holding_max_s":14400.0,"loser_holding_avg":"0d 02:00","loser_holding_avg_s":7200.0,"max_consecutive_wins":3,"max_consecutive_losses":5,"max_drawdown_account":0.017131469842367273,"max_relative_drawdown":0.017131469842367273,"max_drawdown_abs":17.82565872,"drawdown_start":"2025-12-11 21:00:00","drawdown_start_ts":1765486800000.0,"drawdown_end":"2025-12-17 16:00:00","drawdown_end_ts":1765987200000.0,"drawdown_duration":"5 days 19:00:00","drawdown_duration_s":500400.0,"max_drawdown_low":22.6956091,"max_drawdown_high":40.52126782,"csum_min":1000.0,"csum_max":1040.52126782}},"strategy_comparison":[{"key":"ACO_40_8","trades":23,"profit_mean":0.0033510418905480896,"profit_mean_pct":0.34,"profit_total_abs":25.387484220000005,"profit_total":0.025387484220000006,"profit_total_pct":2.54,"duration_avg":"2:37:00","wins":10,"draws":10,"losses":3,"winrate":0.43478260869565216,"cagr":0.09893082398951991,"expectancy":1.1038036617391302,"expectancy_ratio":-0.28900232182024677,"sortino":0.6893671272244709,"sharpe":0.8641936151144539,"calmar":29.187690897784968,"sqn":0.8948,"profit_factor":2.117648866044774,"max_drawdown_account":0.017131469842367273,"max_drawdown_abs":"17.826"}]}