{"strategy":{"ACO_20_11":{"trades":[{"pair":"DOGE/USDT","stake_amount":329.92926,"max_stake_amount":329.92926,"amount":1689.0,"open_date":"2025-10-11 09:00:00+00:00","close_date":"2025-10-11 19:00:00+00:00","open_rate":0.19534,"close_rate":0.18558,"fee_open":0.001,"fee_close":0.001,"trade_duration":600,"profit_ratio":-0.05186233854197405,"profit_abs":-17.12801388,"exit_reason":"stop_loss","initial_stop_loss_abs":0.18558,"initial_stop_loss_ratio":-0.05,"stop_loss_abs":0.18558,"stop_loss_ratio":-0.05,"min_rate":0.18286,"max_rate":0.19776,"is_open":false,"enter_tag":"","leverage":1.0,"is_short":false,"open_timestamp":1760173200000,"close_timestamp":1760209200000,"orders":[{"amount":1689.0,"safe_price":0.19534,"ft_order_side":"buy","order_filled_timestamp":1760173200000,"ft_is_entry":true,"ft_order_tag":"","cost":330.25918925999997},{"amount":1689.0,"safe_price":0.18558,"ft_order_side":"sell","order_filled_timestamp":1760209200000,"ft_is_entry":false,"ft_order_tag":"stop_loss","cost":313.75806461999997}],"funding_fees":0.0,"weekday":5},{"pair":"DOGE/USDT","stake_amount":324.25974,"max_stake_amount":324.25974,"amount":1574.0,"open_date":"2025-10-15 09:00:00+00:00","close_date":"2025-10-15 20:00:00+00:00","open_rate":0.20601,"close_rate":0.19571,"fee_open":0.001,"fee_close":0.001,"trade_duration":660,"profit_ratio":-0.05189567968073865,"profit_abs":-16.84450728,"exit_reason":"stop_loss","initial_stop_loss_abs":0.19571,"initial_stop_loss_ratio":-0.05,"stop_loss_abs":0.19571,"stop_loss_ratio":-0.05,"min_rate":0.1942,"max_rate":0.20601,"is_open":false,"enter_tag":"","leverage":1.0,"is_short":false,"open_timestamp":1760518800000,"close_timestamp":1760558400000,"orders":[{"amount":1574.0,"safe_price":0.20601,"ft_order_side":"buy","order_filled_timestamp":1760518800000,"ft_is_entry":true,"ft_order_tag":"","cost":324.58399973999997},{"amount":1574.0,"safe_price":0.19571,"ft_order_side":"sell","order_filled_timestamp":1760558400000,"ft_is_entry":false,"ft_order_tag":"stop_loss","cost":308.35558753999993}],"funding_fees":0.0,"weekday":2}],"locks":[],"best_pair":{"key":"DOGE/USDT","trades":2,"profit_mean":-0.05187900911135635,"profit_mean_pct":-5.19,"profit_total_abs":-33.97252116,"profit_total":-0.03397252116,"profit_total_pct":-3.4,"duration_avg":"10:30:00","wins":0,"draws":0,"losses":2,"winrate":0.0,"cagr":-0.12195430858190792,"expectancy":-16.98626058,"expectancy_ratio":-1.0,"sortino":-47.202967018573865,"sharpe":-47.202967018573865,"calmar":-19.695848633549254,"sqn":-119.8297,"profit_factor":0.0,"max_drawdown_account":0.03397252116000004,"max_drawdown_abs":33.97252116},"worst_pair":{"key":"DOGE/USDT","trades":2,"profit_mean":-0.05187900911135635,"profit_mean_pct":-5.19,"profit_total_abs":-33.97252116,"profit_total":-0.03397252116,"profit_total_pct":-3.4,"duration_avg":"10:30:00","wins":0,"draws":0,"losses":2,"winrate":0.0,"cagr":-0.12195430858190792,"expectancy":-16.98626058,"expectancy_ratio":-1.0,"sortino":-47.202967018573865,"sharpe":-47.202967018573865,"calmar":-19.695848633549254,"sqn":-119.8297,"profit_factor":0.0,"max_drawdown_account":0.03397252116000004,"max_drawdown_abs":33.97252116},"results_per_pair":[{"key":"DOGE/USDT","trades":2,"profit_mean":-0.05187900911135635,"profit_mean_pct":-5.19,"profit_total_abs":-33.97252116,"profit_total":-0.03397252116,"profit_total_pct":-3.4,"duration_avg":"10:30:00","wins":0,"draws":0,"losses":2,"winrate":0.0,"cagr":-0.12195430858190792,"expectancy":-16.98626058,"expectancy_ratio":-1.0,"sortino":-47.202967018573865,"sharpe":-47.202967018573865,"calmar":-19.695848633549254,"sqn":-119.8297,"profit_factor":0.0,"max_drawdown_account":0.03397252116000004,"max_drawdown_abs":33.97252116},{"key":"TOTAL","trades":2,"profit_mean":-0.05187900911135635,"profit_mean_pct":-5.19,"profit_total_abs":-33.97252116,"profit_total":-0.03397252116,"profit_total_pct":-3.4,"duration_avg":"10:30:00","wins":0,"draws":0,"losses":2,"winrate":0.0,"cagr":-0.12195430858190792,"expectancy":-16.98626058,"expectancy_ratio":-1.0,"sortino":-47.202967018573865,"sharpe":-47.202967018573865,"calmar":-19.695848633549254,"sqn":-119.8297,"profit_factor":0.0,"max_drawdown_account":0.03397252116000004,"max_drawdown_abs":33.97252116}],"results_per_enter_tag":[{"key":"","trades":2,"profit_mean":-0.05187900911135635,"profit_mean_pct":-5.19,"profit_total_abs":-33.97252116,"profit_total":-0.03397252116,"profit_total_pct":-3.4,"duration_avg":"10:30:00","wins":0,"draws":0,"losses":2,"winrate":0.0,"cagr":-0.12195430858190792,"expectancy":-16.98626058,"expectancy_ratio":-1.0,"sortino":-47.202967018573865,"sharpe":-47.202967018573865,"calmar":-19.695848633549254,"sqn":-119.8297,"profit_factor":0.0,"max_drawdown_account":0.03397252116000004,"max_drawdown_abs":33.97252116},{"key":"TOTAL","trades":2,"profit_mean":-0.05187900911135635,"profit_mean_pct":-5.19,"profit_total_abs":-33.97252116,"profit_total":-0.03397252116,"profit_total_pct":-3.4,"duration_avg":"10:30:00","wins":0,"draws":0,"losses":2,"winrate":0.0,"cagr":-0.12195430858190792,"expectancy":-16.98626058,"expectancy_ratio":-1.0,"sortino":-47.202967018573865,"sharpe":-47.202967018573865,"calmar":-19.695848633549254,"sqn":-119.8297,"profit_factor":0.0,"max_drawdown_account":0.03397252116000004,"max_drawdown_abs":33.97252116}],"exit_reason_summary":[{"key":"stop_loss","trades":2,"profit_mean":-0.05187900911135635,"profit_mean_pct":-5.19,"profit_total_abs":-33.97252116,"profit_total":-0.03397252116,"profit_total_pct":-3.4,"duration_avg":"10:30:00","wins":0,"draws":0,"losses":2,"winrate":0.0,"cagr":-0.12195430858190792,"expectancy":-16.98626058,"expectancy_ratio":-1.0,"sortino":-47.202967018573865,"sharpe":-47.202967018573865,"calmar":-19.695848633549254,"sqn":-119.8297,"profit_factor":0.0,"max_drawdown_account":0.03397252116000004,"max_drawdown_abs":33.97252116},{"key":"TOTAL","trades":2,"profit_mean":-0.05187900911135635,"profit_mean_pct":-5.19,"profit_total_abs":-33.97252116,"profit_total":-0.03397252116,"profit_total_pct":-3.4,"duration_avg":"10:30:00","wins":0,"draws":0,"losses":2,"winrate":0.0,"cagr":-0.12195430858190792,"expectancy":-16.98626058,"expectancy_ratio":-1.0,"sortino":-47.202967018573865,"sharpe":-47.202967018573865,"calmar":-19.695848633549254,"sqn":-119.8297,"profit_factor":0.0,"max_drawdown_account":0.03397252116000004,"max_drawdown_abs":33.97252116}],"mix_tag_stats":[{"key":["","stop_loss"],"trades":2,"profit_mean":-0.05187900911135635,"profit_mean_pct":-5.19,"profit_total_abs":-33.97252116,"profit_total":-0.03397252116,"profit_total_pct":-3.4,"duration_avg":"10:30:00","wins":0,"draws":0,"losses":2,"winrate":0.0,"cagr":-0.12195430858190792,"expectancy":-16.98626058,"expectancy_ratio":-1.0,"sortino":-47.202967018573865,"sharpe":-47.202967018573865,"calmar":-19.695848633549254,"sqn":-119.8297,"profit_factor":0.0,"max_drawdown_account":0.03397252116000004,"max_drawdown_abs":33.97252116},{"key":"TOTAL","trades":2,"profit_mean":-0.05187900911135635,"profit_mean_pct":-5.19,"profit_total_abs":-33.97252116,"profit_total":-0.03397252116,"profit_total_pct":-3.4,"duration_avg":"10:30:00","wins":0,"draws":0,"losses":2,"winrate":0.0,"cagr":-0.12195430858190792,"expectancy":-16.98626058,"expectancy_ratio":-1.0,"sortino":-47.202967018573865,"sharpe":-47.202967018573865,"calmar":-19.695848633549254,"sqn":-119.8297,"profit_factor":0.0,"max_drawdown_account":0.03397252116000004,"max_drawdown_abs":33.97252116}],"left_open_trades":[{"key":"TOTAL","trades":0,"profit_mean":0.0,"profit_mean_pct":0.0,"profit_total_abs":0.0,"profit_total":0.0,"profit_total_pct":0.0,"duration_avg":"0:00","wins":0,"draws":0,"losses":0,"winrate":0.0,"cagr":0.0,"expectancy":0.0,"expectancy_ratio":100.0,"sortino":0,"sharpe":0,"calmar":0,"sqn":0.0,"profit_factor":0.0,"max_drawdown_account":0.0,"max_drawdown_abs":0.0}],"total_trades":2,"trade_count_long":2,"trade_count_short":0,"total_volume":1276.9568411599998,"avg_stake_amount":327.09450000000004,"profit_mean":-0.05187900911135635,"profit_median":-0.05187900911135635,"profit_total":-0.03397252116,"profit_total_long":-0.03397252116,"profit_total_short":0.0,"profit_total_abs":-33.97252116,"profit_total_long_abs":-33.97252116,"profit_total_short_abs":0.0,"cagr":-0.12195430858190792,"expectancy":-16.98626058,"expectancy_ratio":-1.0,"sortino":-47.202967018573865,"sharpe":-47.202967018573865,"calmar":-19.695848633549254,"sqn":-119.8297,"profit_factor":0.0,"backtest_start":"2025-10-01 00:00:00","backtest_start_ts":1759276800000,"backtest_end":"2026-01-06 20:00:00","backtest_end_ts":1767729600000,"backtest_days":97,"backtest_run_start_ts":1767743103,"backtest_run_end_ts":1767743103,"trades_per_day":0.02,"market_change":-0.36632086436227446,"pairlist":["DOGE/USDT"],"stake_amount":"unlimited","stake_currency":"USDT","stake_currency_decimals":3,"starting_balance":1000,"dry_run_wallet":1000,"final_balance":966.02747884,"rejected_signals":0,"timedout_entry_orders":0,"timedout_exit_orders":0,"canceled_trade_entries":0,"canceled_entry_orders":0,"replaced_entry_orders":0,"max_open_trades":1,"max_open_trades_setting":3,"timeframe":"1h","timeframe_detail":"","timerange":"20251001-","enable_protections":false,"strategy_name":"ACO_20_11","freqaimodel":null,"freqai_identifier":null,"stoploss":-0.05,"trailing_stop":false,"trailing_stop_positive":null,"trailing_stop_positive_offset":0.0,"trailing_only_offset_is_reached":false,"use_custom_stoploss":false,"minimal_roi":{"0":0.1,"60":0.05,"120":0.0},"use_exit_signal":true,"exit_profit_only":false,"exit_profit_offset":0.0,"ignore_roi_if_entry_signal":false,"trading_mode":"spot","margin_mode":"","periodic_breakdown":{"day":[{"date":"11/10/2025","date_ts":1760140800000,"profit_abs":-17.12801388,"wins":0,"draws":0,"losses":1,"trades":1,"profit_factor":0.0},{"date":"12/10/2025","date_ts":1760227200000,"profit_abs":0.0,"wins":0,"draws":0,"losses":0,"trades":0,"profit_factor":0.0},{"date":"13/10/2025","date_ts":1760313600000,"profit_abs":0.0,"wins":0,"draws":0,"losses":0,"trades":0,"profit_factor":0.0},{"date":"14/10/2025","date_ts":1760400000000,"profit_abs":0.0,"wins":0,"draws":0,"losses":0,"trades":0,"profit_factor":0.0},{"date":"15/10/2025","date_ts":1760486400000,"profit_abs":-16.84450728,"wins":0,"draws":0,"losses":1,"trades":1,"profit_factor":0.0}],"week":[{"date":"13/10/2025","date_ts":1760313600000,"profit_abs":-17.12801388,"wins":0,"draws":0,"losses":1,"trades":1,"profit_factor":0.0},{"date":"20/10/2025","date_ts":1760918400000,"profit_abs":-16.84450728,"wins":0,"draws":0,"losses":1,"trades":1,"profit_factor":0.0}],"month":[{"date":"31/10/2025","date_ts":1761868800000,"profit_abs":-33.97252116,"wins":0,"draws":0,"losses":2,"trades":2,"profit_factor":0.0}],"year":[{"date":"31/12/2025","date_ts":1767139200000,"profit_abs":-33.97252116,"wins":0,"draws":0,"losses":2,"trades":2,"profit_factor":0.0}],"weekday":[{"date":"Wednesday","date_ts":2,"profit_abs":-16.84450728,"wins":0,"draws":0,"losses":1,"trades":1,"profit_factor":0.0},{"date":"Saturday","date_ts":5,"profit_abs":-17.12801388,"wins":0,"draws":0,"losses":1,"trades":1,"profit_factor":0.0}]},"backtest_best_day":0.0,"backtest_worst_day":-0.05189567968073865,"backtest_best_day_abs":0.0,"backtest_worst_day_abs":-17.12801388,"winning_days":0,"draw_days":3,"losing_days":2,"daily_profit":[["2025-10-11",-17.12801388],["2025-10-12",0.0],["2025-10-13",0.0],["2025-10-14",0.0],["2025-10-15",-16.84450728]],"wins":0,"losses":2,"draws":0,"winrate":0.0,"holding_avg":"10:30:00","holding_avg_s":37800.0,"winner_holding_min":"0d 00:00","winner_holding_min_s":0.0,"winner_holding_max":"0d 00:00","winner_holding_max_s":0.0,"winner_holding_avg":"0d 00:00","winner_holding_avg_s":0.0,"loser_holding_min":"0d 10:00","loser_holding_min_s":36000.0,"loser_holding_max":"0d 11:00","loser_holding_max_s":39600.0,"loser_holding_avg":"0d 10:30","loser_holding_avg_s":37800.0,"max_consecutive_wins":0,"max_consecutive_losses":2,"max_drawdown_account":0.03397252116000004,"max_relative_drawdown":0.03397252116000004,"max_drawdown_abs":33.97252116,"drawdown_start":"2025-10-11 19:00:00","drawdown_start_ts":1760209200000.0,"drawdown_end":"2025-10-15 20:00:00","drawdown_end_ts":1760558400000.0,"drawdown_duration":"4 days 01:00:00","drawdown_duration_s":349200.0,"max_drawdown_low":-33.97252116,"max_drawdown_high":0.0,"csum_min":966.02747884,"csum_max":982.87198612}},"strategy_comparison":[{"key":"ACO_20_11","trades":2,"profit_mean":-0.05187900911135635,"profit_mean_pct":-5.19,"profit_total_abs":-33.97252116,"profit_total":-0.03397252116,"profit_total_pct":-3.4,"duration_avg":"10:30:00","wins":0,"draws":0,"losses":2,"winrate":0.0,"cagr":-0.12195430858190792,"expectancy":-16.98626058,"expectancy_ratio":-1.0,"sortino":-47.202967018573865,"sharpe":-47.202967018573865,"calmar":-19.695848633549254,"sqn":-119.8297,"profit_factor":0.0,"max_drawdown_account":0.03397252116000004,"max_drawdown_abs":"33.973"}]}