{"strategy":{"ACO_49_8":{"trades":[{"pair":"DOGE/USDT","stake_amount":329.90574,"max_stake_amount":329.90574,"amount":1653.0,"open_date":"2025-10-26 10:00:00+00:00","close_date":"2025-10-26 12:00:00+00:00","open_rate":0.19958,"close_rate":0.20183,"fee_open":0.001,"fee_close":0.001,"trade_duration":120,"profit_ratio":0.009253147894294302,"profit_abs":3.05571927,"exit_reason":"roi","initial_stop_loss_abs":0.18961,"initial_stop_loss_ratio":-0.05,"stop_loss_abs":0.18961,"stop_loss_ratio":-0.05,"min_rate":0.19833,"max_rate":0.20286,"is_open":false,"enter_tag":"","leverage":1.0,"is_short":false,"open_timestamp":1761472800000,"close_timestamp":1761480000000,"orders":[{"amount":1653.0,"safe_price":0.19958,"ft_order_side":"buy","order_filled_timestamp":1761472800000,"ft_is_entry":true,"ft_order_tag":"","cost":330.23564574},{"amount":1653.0,"safe_price":0.20183,"ft_order_side":"sell","order_filled_timestamp":1761480000000,"ft_is_entry":false,"ft_order_tag":"roi","cost":333.95861499}],"funding_fees":0.0,"weekday":6},{"pair":"DOGE/USDT","stake_amount":330.92625,"max_stake_amount":330.92625,"amount":2125.0,"open_date":"2025-11-26 18:00:00+00:00","close_date":"2025-11-26 20:00:00+00:00","open_rate":0.15573,"close_rate":0.15604177177177178,"fee_open":0.001,"fee_close":0.001,"trade_duration":120,"profit_ratio":0.0,"profit_abs":0.0,"exit_reason":"roi","initial_stop_loss_abs":0.14795,"initial_stop_loss_ratio":-0.05,"stop_loss_abs":0.14795,"stop_loss_ratio":-0.05,"min_rate":0.15507,"max_rate":0.15681,"is_open":false,"enter_tag":"","leverage":1.0,"is_short":false,"open_timestamp":1764180000000,"close_timestamp":1764187200000,"orders":[{"amount":2125.0,"safe_price":0.15573,"ft_order_side":"buy","order_filled_timestamp":1764180000000,"ft_is_entry":true,"ft_order_tag":"","cost":331.25717625},{"amount":2125.0,"safe_price":0.15604177177177178,"ft_order_side":"sell","order_filled_timestamp":1764187200000,"ft_is_entry":false,"ft_order_tag":"roi","cost":331.92035378003004}],"funding_fees":0.0,"weekday":2},{"pair":"DOGE/USDT","stake_amount":330.9306,"max_stake_amount":330.9306,"amount":2262.0,"open_date":"2025-12-09 16:00:00+00:00","close_date":"2025-12-09 18:00:00+00:00","open_rate":0.1463,"close_rate":0.15095,"fee_open":0.001,"fee_close":0.001,"trade_duration":120,"profit_ratio":0.029722498963783994,"profit_abs":9.8459205,"exit_reason":"roi","initial_stop_loss_abs":0.13899,"initial_stop_loss_ratio":-0.05,"stop_loss_abs":0.13899,"stop_loss_ratio":-0.05,"min_rate":0.1463,"max_rate":0.15319,"is_open":false,"enter_tag":"","leverage":1.0,"is_short":false,"open_timestamp":1765296000000,"close_timestamp":1765303200000,"orders":[{"amount":2262.0,"safe_price":0.1463,"ft_order_side":"buy","order_filled_timestamp":1765296000000,"ft_is_entry":true,"ft_order_tag":"","cost":331.2615306},{"amount":2262.0,"safe_price":0.15095,"ft_order_side":"sell","order_filled_timestamp":1765303200000,"ft_is_entry":false,"ft_order_tag":"roi","cost":341.79034889999997}],"funding_fees":0.0,"weekday":1},{"pair":"DOGE/USDT","stake_amount":334.1828,"max_stake_amount":334.1828,"amount":2485.0,"open_date":"2025-12-17 15:00:00+00:00","close_date":"2025-12-17 16:00:00+00:00","open_rate":0.13448,"close_rate":0.12776,"fee_open":0.001,"fee_close":0.001,"trade_duration":60,"profit_ratio":-0.05186841712719167,"profit_abs":-17.3508664,"exit_reason":"stop_loss","initial_stop_loss_abs":0.12776,"initial_stop_loss_ratio":-0.05,"stop_loss_abs":0.12776,"stop_loss_ratio":-0.05,"min_rate":0.12583,"max_rate":0.13631,"is_open":false,"enter_tag":"","leverage":1.0,"is_short":false,"open_timestamp":1765983600000,"close_timestamp":1765987200000,"orders":[{"amount":2485.0,"safe_price":0.13448,"ft_order_side":"buy","order_filled_timestamp":1765983600000,"ft_is_entry":true,"ft_order_tag":"","cost":334.51698279999994},{"amount":2485.0,"safe_price":0.12776,"ft_order_side":"sell","order_filled_timestamp":1765987200000,"ft_is_entry":false,"ft_order_tag":"stop_loss","cost":317.80108359999997}],"funding_fees":0.0,"weekday":2},{"pair":"DOGE/USDT","stake_amount":328.4925,"max_stake_amount":328.4925,"amount":2625.0,"open_date":"2025-12-29 01:00:00+00:00","close_date":"2025-12-29 03:00:00+00:00","open_rate":0.12514,"close_rate":0.12639,"fee_open":0.001,"fee_close":0.001,"trade_duration":120,"profit_ratio":0.0079708528645719,"profit_abs":2.62098375,"exit_reason":"roi","initial_stop_loss_abs":0.11889,"initial_stop_loss_ratio":-0.05,"stop_loss_abs":0.11889,"stop_loss_ratio":-0.05,"min_rate":0.12437,"max_rate":0.12777,"is_open":false,"enter_tag":"","leverage":1.0,"is_short":false,"open_timestamp":1766970000000,"close_timestamp":1766977200000,"orders":[{"amount":2625.0,"safe_price":0.12514,"ft_order_side":"buy","order_filled_timestamp":1766970000000,"ft_is_entry":true,"ft_order_tag":"","cost":328.8209925},{"amount":2625.0,"safe_price":0.12639,"ft_order_side":"sell","order_filled_timestamp":1766977200000,"ft_is_entry":false,"ft_order_tag":"roi","cost":332.10552375}],"funding_fees":0.0,"weekday":0}],"locks":[],"best_pair":{"key":"DOGE/USDT","trades":5,"profit_mean":-0.0009843834809082949,"profit_mean_pct":-0.1,"profit_total_abs":-1.8282428800000017,"profit_total":-0.0018282428800000016,"profit_total_pct":-0.18,"duration_avg":"1:48:00","wins":3,"draws":1,"losses":1,"winrate":0.6,"cagr":-0.006862114404269093,"expectancy":-0.36564857600000034,"expectancy_ratio":-0.22107379352537693,"sortino":-100,"sharpe":-0.03959482259361929,"calmar":-2.1021064130763576,"sqn":-0.0804,"profit_factor":0.8946310323731154,"max_drawdown_account":0.017129863077267642,"max_drawdown_abs":17.3508664},"worst_pair":{"key":"DOGE/USDT","trades":5,"profit_mean":-0.0009843834809082949,"profit_mean_pct":-0.1,"profit_total_abs":-1.8282428800000017,"profit_total":-0.0018282428800000016,"profit_total_pct":-0.18,"duration_avg":"1:48:00","wins":3,"draws":1,"losses":1,"winrate":0.6,"cagr":-0.006862114404269093,"expectancy":-0.36564857600000034,"expectancy_ratio":-0.22107379352537693,"sortino":-100,"sharpe":-0.03959482259361929,"calmar":-2.1021064130763576,"sqn":-0.0804,"profit_factor":0.8946310323731154,"max_drawdown_account":0.017129863077267642,"max_drawdown_abs":17.3508664},"results_per_pair":[{"key":"DOGE/USDT","trades":5,"profit_mean":-0.0009843834809082949,"profit_mean_pct":-0.1,"profit_total_abs":-1.8282428800000017,"profit_total":-0.0018282428800000016,"profit_total_pct":-0.18,"duration_avg":"1:48:00","wins":3,"draws":1,"losses":1,"winrate":0.6,"cagr":-0.006862114404269093,"expectancy":-0.36564857600000034,"expectancy_ratio":-0.22107379352537693,"sortino":-100,"sharpe":-0.03959482259361929,"calmar":-2.1021064130763576,"sqn":-0.0804,"profit_factor":0.8946310323731154,"max_drawdown_account":0.017129863077267642,"max_drawdown_abs":17.3508664},{"key":"TOTAL","trades":5,"profit_mean":-0.0009843834809082949,"profit_mean_pct":-0.1,"profit_total_abs":-1.8282428800000017,"profit_total":-0.0018282428800000016,"profit_total_pct":-0.18,"duration_avg":"1:48:00","wins":3,"draws":1,"losses":1,"winrate":0.6,"cagr":-0.006862114404269093,"expectancy":-0.36564857600000034,"expectancy_ratio":-0.22107379352537693,"sortino":-100,"sharpe":-0.03959482259361929,"calmar":-2.1021064130763576,"sqn":-0.0804,"profit_factor":0.8946310323731154,"max_drawdown_account":0.017129863077267642,"max_drawdown_abs":17.3508664}],"results_per_enter_tag":[{"key":"","trades":5,"profit_mean":-0.0009843834809082949,"profit_mean_pct":-0.1,"profit_total_abs":-1.8282428800000017,"profit_total":-0.0018282428800000016,"profit_total_pct":-0.18,"duration_avg":"1:48:00","wins":3,"draws":1,"losses":1,"winrate":0.6,"cagr":-0.006862114404269093,"expectancy":-0.36564857600000034,"expectancy_ratio":-0.22107379352537693,"sortino":-100,"sharpe":-0.03959482259361929,"calmar":-2.1021064130763576,"sqn":-0.0804,"profit_factor":0.8946310323731154,"max_drawdown_account":0.017129863077267642,"max_drawdown_abs":17.3508664},{"key":"TOTAL","trades":5,"profit_mean":-0.0009843834809082949,"profit_mean_pct":-0.1,"profit_total_abs":-1.8282428800000017,"profit_total":-0.0018282428800000016,"profit_total_pct":-0.18,"duration_avg":"1:48:00","wins":3,"draws":1,"losses":1,"winrate":0.6,"cagr":-0.006862114404269093,"expectancy":-0.36564857600000034,"expectancy_ratio":-0.22107379352537693,"sortino":-100,"sharpe":-0.03959482259361929,"calmar":-2.1021064130763576,"sqn":-0.0804,"profit_factor":0.8946310323731154,"max_drawdown_account":0.017129863077267642,"max_drawdown_abs":17.3508664}],"exit_reason_summary":[{"key":"roi","trades":4,"profit_mean":0.011736624930662548,"profit_mean_pct":1.17,"profit_total_abs":15.52262352,"profit_total":0.015522623519999999,"profit_total_pct":1.55,"duration_avg":"2:00:00","wins":3,"draws":1,"losses":0,"winrate":0.75,"cagr":0.05967385006176684,"expectancy":3.88065588,"expectancy_ratio":100.0,"sortino":-100,"sharpe":0.8406130939496954,"calmar":-100,"sqn":1.8481,"profit_factor":0.0,"max_drawdown_account":0.0,"max_drawdown_abs":0.0},{"key":"stop_loss","trades":1,"profit_mean":-0.05186841712719167,"profit_mean_pct":-5.19,"profit_total_abs":-17.3508664,"profit_total":-0.0173508664,"profit_total_pct":-1.74,"duration_avg":"1:00:00","wins":0,"draws":0,"losses":1,"winrate":0.0,"cagr":-0.06374030987609958,"expectancy":-17.3508664,"expectancy_ratio":-1.0,"sortino":-100,"sharpe":-100,"calmar":-19.69584863354931,"sqn":-100.0,"profit_factor":0.0,"max_drawdown_account":0.017350866399999974,"max_drawdown_abs":17.3508664},{"key":"TOTAL","trades":5,"profit_mean":-0.0009843834809082949,"profit_mean_pct":-0.1,"profit_total_abs":-1.8282428800000017,"profit_total":-0.0018282428800000016,"profit_total_pct":-0.18,"duration_avg":"1:48:00","wins":3,"draws":1,"losses":1,"winrate":0.6,"cagr":-0.006862114404269093,"expectancy":-0.36564857600000034,"expectancy_ratio":-0.22107379352537693,"sortino":-100,"sharpe":-0.03959482259361929,"calmar":-2.1021064130763576,"sqn":-0.0804,"profit_factor":0.8946310323731154,"max_drawdown_account":0.017129863077267642,"max_drawdown_abs":17.3508664}],"mix_tag_stats":[{"key":["","roi"],"trades":4,"profit_mean":0.011736624930662548,"profit_mean_pct":1.17,"profit_total_abs":15.52262352,"profit_total":0.015522623519999999,"profit_total_pct":1.55,"duration_avg":"2:00:00","wins":3,"draws":1,"losses":0,"winrate":0.75,"cagr":0.05967385006176684,"expectancy":3.88065588,"expectancy_ratio":100.0,"sortino":-100,"sharpe":0.8406130939496954,"calmar":-100,"sqn":1.8481,"profit_factor":0.0,"max_drawdown_account":0.0,"max_drawdown_abs":0.0},{"key":["","stop_loss"],"trades":1,"profit_mean":-0.05186841712719167,"profit_mean_pct":-5.19,"profit_total_abs":-17.3508664,"profit_total":-0.0173508664,"profit_total_pct":-1.74,"duration_avg":"1:00:00","wins":0,"draws":0,"losses":1,"winrate":0.0,"cagr":-0.06374030987609958,"expectancy":-17.3508664,"expectancy_ratio":-1.0,"sortino":-100,"sharpe":-100,"calmar":-19.69584863354931,"sqn":-100.0,"profit_factor":0.0,"max_drawdown_account":0.017350866399999974,"max_drawdown_abs":17.3508664},{"key":"TOTAL","trades":5,"profit_mean":-0.0009843834809082949,"profit_mean_pct":-0.1,"profit_total_abs":-1.8282428800000017,"profit_total":-0.0018282428800000016,"profit_total_pct":-0.18,"duration_avg":"1:48:00","wins":3,"draws":1,"losses":1,"winrate":0.6,"cagr":-0.006862114404269093,"expectancy":-0.36564857600000034,"expectancy_ratio":-0.22107379352537693,"sortino":-100,"sharpe":-0.03959482259361929,"calmar":-2.1021064130763576,"sqn":-0.0804,"profit_factor":0.8946310323731154,"max_drawdown_account":0.017129863077267642,"max_drawdown_abs":17.3508664}],"left_open_trades":[{"key":"TOTAL","trades":0,"profit_mean":0.0,"profit_mean_pct":0.0,"profit_total_abs":0.0,"profit_total":0.0,"profit_total_pct":0.0,"duration_avg":"0:00","wins":0,"draws":0,"losses":0,"winrate":0.0,"cagr":0.0,"expectancy":0.0,"expectancy_ratio":100.0,"sortino":0,"sharpe":0,"calmar":0,"sqn":0.0,"profit_factor":0.0,"max_drawdown_account":0.0,"max_drawdown_abs":0.0}],"total_trades":5,"trade_count_long":5,"trade_count_short":0,"total_volume":3313.66825291003,"avg_stake_amount":330.88757799999996,"profit_mean":-0.0009843834809082949,"profit_median":0.0079708528645719,"profit_total":-0.0018282428800000016,"profit_total_long":-0.0018282428800000016,"profit_total_short":0.0,"profit_total_abs":-1.8282428800000017,"profit_total_long_abs":-1.8282428800000017,"profit_total_short_abs":0.0,"cagr":-0.006862114404269093,"expectancy":-0.36564857600000034,"expectancy_ratio":-0.22107379352537693,"sortino":-100,"sharpe":-0.03959482259361929,"calmar":-2.1021064130763576,"sqn":-0.0804,"profit_factor":0.8946310323731154,"backtest_start":"2025-10-01 00:00:00","backtest_start_ts":1759276800000,"backtest_end":"2026-01-06 20:00:00","backtest_end_ts":1767729600000,"backtest_days":97,"backtest_run_start_ts":1767745245,"backtest_run_end_ts":1767745245,"trades_per_day":0.05,"market_change":-0.36632086436227446,"pairlist":["DOGE/USDT"],"stake_amount":"unlimited","stake_currency":"USDT","stake_currency_decimals":3,"starting_balance":1000,"dry_run_wallet":1000,"final_balance":998.17175712,"rejected_signals":0,"timedout_entry_orders":0,"timedout_exit_orders":0,"canceled_trade_entries":0,"canceled_entry_orders":0,"replaced_entry_orders":0,"max_open_trades":1,"max_open_trades_setting":3,"timeframe":"1h","timeframe_detail":"","timerange":"20251001-","enable_protections":false,"strategy_name":"ACO_49_8","freqaimodel":null,"freqai_identifier":null,"stoploss":-0.05,"trailing_stop":false,"trailing_stop_positive":null,"trailing_stop_positive_offset":0.0,"trailing_only_offset_is_reached":false,"use_custom_stoploss":false,"minimal_roi":{"0":0.1,"60":0.05,"120":0.0},"use_exit_signal":true,"exit_profit_only":false,"exit_profit_offset":0.0,"ignore_roi_if_entry_signal":false,"trading_mode":"spot","margin_mode":"","periodic_breakdown":{"day":[{"date":"26/10/2025","date_ts":1761436800000,"profit_abs":3.05571927,"wins":1,"draws":0,"losses":0,"trades":1,"profit_factor":0.0},{"date":"27/10/2025","date_ts":1761523200000,"profit_abs":0.0,"wins":0,"draws":0,"losses":0,"trades":0,"profit_factor":0.0},{"date":"28/10/2025","date_ts":1761609600000,"profit_abs":0.0,"wins":0,"draws":0,"losses":0,"trades":0,"profit_factor":0.0},{"date":"29/10/2025","date_ts":1761696000000,"profit_abs":0.0,"wins":0,"draws":0,"losses":0,"trades":0,"profit_factor":0.0},{"date":"30/10/2025","date_ts":1761782400000,"profit_abs":0.0,"wins":0,"draws":0,"losses":0,"trades":0,"profit_factor":0.0},{"date":"31/10/2025","date_ts":1761868800000,"profit_abs":0.0,"wins":0,"draws":0,"losses":0,"trades":0,"profit_factor":0.0},{"date":"01/11/2025","date_ts":1761955200000,"profit_abs":0.0,"wins":0,"draws":0,"losses":0,"trades":0,"profit_factor":0.0},{"date":"02/11/2025","date_ts":1762041600000,"profit_abs":0.0,"wins":0,"draws":0,"losses":0,"trades":0,"profit_factor":0.0},{"date":"03/11/2025","date_ts":1762128000000,"profit_abs":0.0,"wins":0,"draws":0,"losses":0,"trades":0,"profit_factor":0.0},{"date":"04/11/2025","date_ts":1762214400000,"profit_abs":0.0,"wins":0,"draws":0,"losses":0,"trades":0,"profit_factor":0.0},{"date":"05/11/2025","date_ts":1762300800000,"profit_abs":0.0,"wins":0,"draws":0,"losses":0,"trades":0,"profit_factor":0.0},{"date":"06/11/2025","date_ts":1762387200000,"profit_abs":0.0,"wins":0,"draws":0,"losses":0,"trades":0,"profit_factor":0.0},{"date":"07/11/2025","date_ts":1762473600000,"profit_abs":0.0,"wins":0,"draws":0,"losses":0,"trades":0,"profit_factor":0.0},{"date":"08/11/2025","date_ts":1762560000000,"profit_abs":0.0,"wins":0,"draws":0,"losses":0,"trades":0,"profit_factor":0.0},{"date":"09/11/2025","date_ts":1762646400000,"profit_abs":0.0,"wins":0,"draws":0,"losses":0,"trades":0,"profit_factor":0.0},{"date":"10/11/2025","date_ts":1762732800000,"profit_abs":0.0,"wins":0,"draws":0,"losses":0,"trades":0,"profit_factor":0.0},{"date":"11/11/2025","date_ts":1762819200000,"profit_abs":0.0,"wins":0,"draws":0,"losses":0,"trades":0,"profit_factor":0.0},{"date":"12/11/2025","date_ts":1762905600000,"profit_abs":0.0,"wins":0,"draws":0,"losses":0,"trades":0,"profit_factor":0.0},{"date":"13/11/2025","date_ts":1762992000000,"profit_abs":0.0,"wins":0,"draws":0,"losses":0,"trades":0,"profit_factor":0.0},{"date":"14/11/2025","date_ts":1763078400000,"profit_abs":0.0,"wins":0,"draws":0,"losses":0,"trades":0,"profit_factor":0.0},{"date":"15/11/2025","date_ts":1763164800000,"profit_abs":0.0,"wins":0,"draws":0,"losses":0,"trades":0,"profit_factor":0.0},{"date":"16/11/2025","date_ts":1763251200000,"profit_abs":0.0,"wins":0,"draws":0,"losses":0,"trades":0,"profit_factor":0.0},{"date":"17/11/2025","date_ts":1763337600000,"profit_abs":0.0,"wins":0,"draws":0,"losses":0,"trades":0,"profit_factor":0.0},{"date":"18/11/2025","date_ts":1763424000000,"profit_abs":0.0,"wins":0,"draws":0,"losses":0,"trades":0,"profit_factor":0.0},{"date":"19/11/2025","date_ts":1763510400000,"profit_abs":0.0,"wins":0,"draws":0,"losses":0,"trades":0,"profit_factor":0.0},{"date":"20/11/2025","date_ts":1763596800000,"profit_abs":0.0,"wins":0,"draws":0,"losses":0,"trades":0,"profit_factor":0.0},{"date":"21/11/2025","date_ts":1763683200000,"profit_abs":0.0,"wins":0,"draws":0,"losses":0,"trades":0,"profit_factor":0.0},{"date":"22/11/2025","date_ts":1763769600000,"profit_abs":0.0,"wins":0,"draws":0,"losses":0,"trades":0,"profit_factor":0.0},{"date":"23/11/2025","date_ts":1763856000000,"profit_abs":0.0,"wins":0,"draws":0,"losses":0,"trades":0,"profit_factor":0.0},{"date":"24/11/2025","date_ts":1763942400000,"profit_abs":0.0,"wins":0,"draws":0,"losses":0,"trades":0,"profit_factor":0.0},{"date":"25/11/2025","date_ts":1764028800000,"profit_abs":0.0,"wins":0,"draws":0,"losses":0,"trades":0,"profit_factor":0.0},{"date":"26/11/2025","date_ts":1764115200000,"profit_abs":0.0,"wins":0,"draws":1,"losses":0,"trades":1,"profit_factor":0.0},{"date":"27/11/2025","date_ts":1764201600000,"profit_abs":0.0,"wins":0,"draws":0,"losses":0,"trades":0,"profit_factor":0.0},{"date":"28/11/2025","date_ts":1764288000000,"profit_abs":0.0,"wins":0,"draws":0,"losses":0,"trades":0,"profit_factor":0.0},{"date":"29/11/2025","date_ts":1764374400000,"profit_abs":0.0,"wins":0,"draws":0,"losses":0,"trades":0,"profit_factor":0.0},{"date":"30/11/2025","date_ts":1764460800000,"profit_abs":0.0,"wins":0,"draws":0,"losses":0,"trades":0,"profit_factor":0.0},{"date":"01/12/2025","date_ts":1764547200000,"profit_abs":0.0,"wins":0,"draws":0,"losses":0,"trades":0,"profit_factor":0.0},{"date":"02/12/2025","date_ts":1764633600000,"profit_abs":0.0,"wins":0,"draws":0,"losses":0,"trades":0,"profit_factor":0.0},{"date":"03/12/2025","date_ts":1764720000000,"profit_abs":0.0,"wins":0,"draws":0,"losses":0,"trades":0,"profit_factor":0.0},{"date":"04/12/2025","date_ts":1764806400000,"profit_abs":0.0,"wins":0,"draws":0,"losses":0,"trades":0,"profit_factor":0.0},{"date":"05/12/2025","date_ts":1764892800000,"profit_abs":0.0,"wins":0,"draws":0,"losses":0,"trades":0,"profit_factor":0.0},{"date":"06/12/2025","date_ts":1764979200000,"profit_abs":0.0,"wins":0,"draws":0,"losses":0,"trades":0,"profit_factor":0.0},{"date":"07/12/2025","date_ts":1765065600000,"profit_abs":0.0,"wins":0,"draws":0,"losses":0,"trades":0,"profit_factor":0.0},{"date":"08/12/2025","date_ts":1765152000000,"profit_abs":0.0,"wins":0,"draws":0,"losses":0,"trades":0,"profit_factor":0.0},{"date":"09/12/2025","date_ts":1765238400000,"profit_abs":9.8459205,"wins":1,"draws":0,"losses":0,"trades":1,"profit_factor":0.0},{"date":"10/12/2025","date_ts":1765324800000,"profit_abs":0.0,"wins":0,"draws":0,"losses":0,"trades":0,"profit_factor":0.0},{"date":"11/12/2025","date_ts":1765411200000,"profit_abs":0.0,"wins":0,"draws":0,"losses":0,"trades":0,"profit_factor":0.0},{"date":"12/12/2025","date_ts":1765497600000,"profit_abs":0.0,"wins":0,"draws":0,"losses":0,"trades":0,"profit_factor":0.0},{"date":"13/12/2025","date_ts":1765584000000,"profit_abs":0.0,"wins":0,"draws":0,"losses":0,"trades":0,"profit_factor":0.0},{"date":"14/12/2025","date_ts":1765670400000,"profit_abs":0.0,"wins":0,"draws":0,"losses":0,"trades":0,"profit_factor":0.0},{"date":"15/12/2025","date_ts":1765756800000,"profit_abs":0.0,"wins":0,"draws":0,"losses":0,"trades":0,"profit_factor":0.0},{"date":"16/12/2025","date_ts":1765843200000,"profit_abs":0.0,"wins":0,"draws":0,"losses":0,"trades":0,"profit_factor":0.0},{"date":"17/12/2025","date_ts":1765929600000,"profit_abs":-17.3508664,"wins":0,"draws":0,"losses":1,"trades":1,"profit_factor":0.0},{"date":"18/12/2025","date_ts":1766016000000,"profit_abs":0.0,"wins":0,"draws":0,"losses":0,"trades":0,"profit_factor":0.0},{"date":"19/12/2025","date_ts":1766102400000,"profit_abs":0.0,"wins":0,"draws":0,"losses":0,"trades":0,"profit_factor":0.0},{"date":"20/12/2025","date_ts":1766188800000,"profit_abs":0.0,"wins":0,"draws":0,"losses":0,"trades":0,"profit_factor":0.0},{"date":"21/12/2025","date_ts":1766275200000,"profit_abs":0.0,"wins":0,"draws":0,"losses":0,"trades":0,"profit_factor":0.0},{"date":"22/12/2025","date_ts":1766361600000,"profit_abs":0.0,"wins":0,"draws":0,"losses":0,"trades":0,"profit_factor":0.0},{"date":"23/12/2025","date_ts":1766448000000,"profit_abs":0.0,"wins":0,"draws":0,"losses":0,"trades":0,"profit_factor":0.0},{"date":"24/12/2025","date_ts":1766534400000,"profit_abs":0.0,"wins":0,"draws":0,"losses":0,"trades":0,"profit_factor":0.0},{"date":"25/12/2025","date_ts":1766620800000,"profit_abs":0.0,"wins":0,"draws":0,"losses":0,"trades":0,"profit_factor":0.0},{"date":"26/12/2025","date_ts":1766707200000,"profit_abs":0.0,"wins":0,"draws":0,"losses":0,"trades":0,"profit_factor":0.0},{"date":"27/12/2025","date_ts":1766793600000,"profit_abs":0.0,"wins":0,"draws":0,"losses":0,"trades":0,"profit_factor":0.0},{"date":"28/12/2025","date_ts":1766880000000,"profit_abs":0.0,"wins":0,"draws":0,"losses":0,"trades":0,"profit_factor":0.0},{"date":"29/12/2025","date_ts":1766966400000,"profit_abs":2.62098375,"wins":1,"draws":0,"losses":0,"trades":1,"profit_factor":0.0}],"week":[{"date":"27/10/2025","date_ts":1761523200000,"profit_abs":3.05571927,"wins":1,"draws":0,"losses":0,"trades":1,"profit_factor":0.0},{"date":"03/11/2025","date_ts":1762128000000,"profit_abs":0.0,"wins":0,"draws":0,"losses":0,"trades":0,"profit_factor":0.0},{"date":"10/11/2025","date_ts":1762732800000,"profit_abs":0.0,"wins":0,"draws":0,"losses":0,"trades":0,"profit_factor":0.0},{"date":"17/11/2025","date_ts":1763337600000,"profit_abs":0.0,"wins":0,"draws":0,"losses":0,"trades":0,"profit_factor":0.0},{"date":"24/11/2025","date_ts":1763942400000,"profit_abs":0.0,"wins":0,"draws":0,"losses":0,"trades":0,"profit_factor":0.0},{"date":"01/12/2025","date_ts":1764547200000,"profit_abs":0.0,"wins":0,"draws":1,"losses":0,"trades":1,"profit_factor":0.0},{"date":"08/12/2025","date_ts":1765152000000,"profit_abs":0.0,"wins":0,"draws":0,"losses":0,"trades":0,"profit_factor":0.0},{"date":"15/12/2025","date_ts":1765756800000,"profit_abs":9.8459205,"wins":1,"draws":0,"losses":0,"trades":1,"profit_factor":0.0},{"date":"22/12/2025","date_ts":1766361600000,"profit_abs":-17.3508664,"wins":0,"draws":0,"losses":1,"trades":1,"profit_factor":0.0},{"date":"29/12/2025","date_ts":1766966400000,"profit_abs":2.62098375,"wins":1,"draws":0,"losses":0,"trades":1,"profit_factor":0.0}],"month":[{"date":"31/10/2025","date_ts":1761868800000,"profit_abs":3.05571927,"wins":1,"draws":0,"losses":0,"trades":1,"profit_factor":0.0},{"date":"30/11/2025","date_ts":1764460800000,"profit_abs":0.0,"wins":0,"draws":1,"losses":0,"trades":1,"profit_factor":0.0},{"date":"31/12/2025","date_ts":1767139200000,"profit_abs":-4.88396215,"wins":2,"draws":0,"losses":1,"trades":3,"profit_factor":0.71851768}],"year":[{"date":"31/12/2025","date_ts":1767139200000,"profit_abs":-1.82824288,"wins":3,"draws":1,"losses":1,"trades":5,"profit_factor":0.89463103}],"weekday":[{"date":"Monday","date_ts":0,"profit_abs":2.62098375,"wins":1,"draws":0,"losses":0,"trades":1,"profit_factor":0.0},{"date":"Tuesday","date_ts":1,"profit_abs":9.8459205,"wins":1,"draws":0,"losses":0,"trades":1,"profit_factor":0.0},{"date":"Wednesday","date_ts":2,"profit_abs":-17.3508664,"wins":0,"draws":1,"losses":1,"trades":2,"profit_factor":0.0},{"date":"Sunday","date_ts":6,"profit_abs":3.05571927,"wins":1,"draws":0,"losses":0,"trades":1,"profit_factor":0.0}]},"backtest_best_day":0.029722498963783994,"backtest_worst_day":-0.05186841712719167,"backtest_best_day_abs":9.8459205,"backtest_worst_day_abs":-17.3508664,"winning_days":3,"draw_days":61,"losing_days":1,"daily_profit":[["2025-10-26",3.05571927],["2025-10-27",0.0],["2025-10-28",0.0],["2025-10-29",0.0],["2025-10-30",0.0],["2025-10-31",0.0],["2025-11-01",0.0],["2025-11-02",0.0],["2025-11-03",0.0],["2025-11-04",0.0],["2025-11-05",0.0],["2025-11-06",0.0],["2025-11-07",0.0],["2025-11-08",0.0],["2025-11-09",0.0],["2025-11-10",0.0],["2025-11-11",0.0],["2025-11-12",0.0],["2025-11-13",0.0],["2025-11-14",0.0],["2025-11-15",0.0],["2025-11-16",0.0],["2025-11-17",0.0],["2025-11-18",0.0],["2025-11-19",0.0],["2025-11-20",0.0],["2025-11-21",0.0],["2025-11-22",0.0],["2025-11-23",0.0],["2025-11-24",0.0],["2025-11-25",0.0],["2025-11-26",0.0],["2025-11-27",0.0],["2025-11-28",0.0],["2025-11-29",0.0],["2025-11-30",0.0],["2025-12-01",0.0],["2025-12-02",0.0],["2025-12-03",0.0],["2025-12-04",0.0],["2025-12-05",0.0],["2025-12-06",0.0],["2025-12-07",0.0],["2025-12-08",0.0],["2025-12-09",9.8459205],["2025-12-10",0.0],["2025-12-11",0.0],["2025-12-12",0.0],["2025-12-13",0.0],["2025-12-14",0.0],["2025-12-15",0.0],["2025-12-16",0.0],["2025-12-17",-17.3508664],["2025-12-18",0.0],["2025-12-19",0.0],["2025-12-20",0.0],["2025-12-21",0.0],["2025-12-22",0.0],["2025-12-23",0.0],["2025-12-24",0.0],["2025-12-25",0.0],["2025-12-26",0.0],["2025-12-27",0.0],["2025-12-28",0.0],["2025-12-29",2.62098375]],"wins":3,"losses":1,"draws":1,"winrate":0.6,"holding_avg":"1:48:00","holding_avg_s":6480.0,"winner_holding_min":"0d 02:00","winner_holding_min_s":7200.0,"winner_holding_max":"0d 02:00","winner_holding_max_s":7200.0,"winner_holding_avg":"0d 02:00","winner_holding_avg_s":7200.0,"loser_holding_min":"0d 01:00","loser_holding_min_s":3600.0,"loser_holding_max":"0d 01:00","loser_holding_max_s":3600.0,"loser_holding_avg":"0d 01:00","loser_holding_avg_s":3600.0,"max_consecutive_wins":1,"max_consecutive_losses":1,"max_drawdown_account":0.017129863077267642,"max_relative_drawdown":0.017129863077267642,"max_drawdown_abs":17.3508664,"drawdown_start":"2025-12-09 18:00:00","drawdown_start_ts":1765303200000.0,"drawdown_end":"2025-12-17 16:00:00","drawdown_end_ts":1765987200000.0,"drawdown_duration":"7 days 22:00:00","drawdown_duration_s":684000.0,"max_drawdown_low":-4.449226630000002,"max_drawdown_high":12.90163977,"csum_min":995.55077337,"csum_max":1012.90163977}},"strategy_comparison":[{"key":"ACO_49_8","trades":5,"profit_mean":-0.0009843834809082949,"profit_mean_pct":-0.1,"profit_total_abs":-1.8282428800000017,"profit_total":-0.0018282428800000016,"profit_total_pct":-0.18,"duration_avg":"1:48:00","wins":3,"draws":1,"losses":1,"winrate":0.6,"cagr":-0.006862114404269093,"expectancy":-0.36564857600000034,"expectancy_ratio":-0.22107379352537693,"sortino":-100,"sharpe":-0.03959482259361929,"calmar":-2.1021064130763576,"sqn":-0.0804,"profit_factor":0.8946310323731154,"max_drawdown_account":0.017129863077267642,"max_drawdown_abs":"17.351"}]}