{"strategy":{"ACO_2_17":{"trades":[{"pair":"DOGE/USDT","stake_amount":329.92569,"max_stake_amount":329.92569,"amount":1387.0,"open_date":"2025-10-10 16:00:00+00:00","close_date":"2025-10-10 20:00:00+00:00","open_rate":0.23787,"close_rate":0.22598,"fee_open":0.001,"fee_close":0.001,"trade_duration":240,"profit_ratio":-0.051883417377174466,"profit_abs":-17.13478995,"exit_reason":"stop_loss","initial_stop_loss_abs":0.22598,"initial_stop_loss_ratio":-0.05,"stop_loss_abs":0.22598,"stop_loss_ratio":-0.05,"min_rate":0.21607,"max_rate":0.23968,"is_open":false,"enter_tag":"","leverage":1.0,"is_short":false,"open_timestamp":1760112000000,"close_timestamp":1760126400000,"orders":[{"amount":1387.0,"safe_price":0.23787,"ft_order_side":"buy","order_filled_timestamp":1760112000000,"ft_is_entry":true,"ft_order_tag":"","cost":330.25561568999996},{"amount":1387.0,"safe_price":0.22598,"ft_order_side":"sell","order_filled_timestamp":1760126400000,"ft_is_entry":false,"ft_order_tag":"stop_loss","cost":313.74769425999995}],"funding_fees":0.0,"weekday":4},{"pair":"DOGE/USDT","stake_amount":324.1792,"max_stake_amount":324.1792,"amount":1480.0,"open_date":"2025-10-10 21:00:00+00:00","close_date":"2025-10-10 21:00:00+00:00","open_rate":0.21904,"close_rate":0.20809,"fee_open":0.001,"fee_close":0.001,"trade_duration":0,"profit_ratio":-0.051888989388989386,"profit_abs":-16.8381524,"exit_reason":"stop_loss","initial_stop_loss_abs":0.20809,"initial_stop_loss_ratio":-0.05,"stop_loss_abs":0.20809,"stop_loss_ratio":-0.05,"min_rate":0.095,"max_rate":0.22132,"is_open":false,"enter_tag":"","leverage":1.0,"is_short":false,"open_timestamp":1760130000000,"close_timestamp":1760130000000,"orders":[{"amount":1480.0,"safe_price":0.21904,"ft_order_side":"buy","order_filled_timestamp":1760130000000,"ft_is_entry":true,"ft_order_tag":"","cost":324.5033792},{"amount":1480.0,"safe_price":0.20809,"ft_order_side":"sell","order_filled_timestamp":1760130000000,"ft_is_entry":false,"ft_order_tag":"stop_loss","cost":308.2811732}],"funding_fees":0.0,"weekday":4},{"pair":"DOGE/USDT","stake_amount":318.6888,"max_stake_amount":318.6888,"amount":1712.0,"open_date":"2025-10-10 22:00:00+00:00","close_date":"2025-10-10 22:00:00+00:00","open_rate":0.18615,"close_rate":0.17685,"fee_open":0.001,"fee_close":0.001,"trade_duration":0,"profit_ratio":-0.051857892309141305,"profit_abs":-16.543056,"exit_reason":"stop_loss","initial_stop_loss_abs":0.17685,"initial_stop_loss_ratio":-0.05,"stop_loss_abs":0.17685,"stop_loss_ratio":-0.05,"min_rate":0.16923,"max_rate":0.19509,"is_open":false,"enter_tag":"","leverage":1.0,"is_short":false,"open_timestamp":1760133600000,"close_timestamp":1760133600000,"orders":[{"amount":1712.0,"safe_price":0.18615,"ft_order_side":"buy","order_filled_timestamp":1760133600000,"ft_is_entry":true,"ft_order_tag":"","cost":319.0074888},{"amount":1712.0,"safe_price":0.17685,"ft_order_side":"sell","order_filled_timestamp":1760133600000,"ft_is_entry":false,"ft_order_tag":"stop_loss","cost":303.06996719999995}],"funding_fees":0.0,"weekday":4},{"pair":"DOGE/USDT","stake_amount":313.32582,"max_stake_amount":313.32582,"amount":1614.0,"open_date":"2025-10-10 23:00:00+00:00","close_date":"2025-10-11 01:00:00+00:00","open_rate":0.19413,"close_rate":0.19537,"fee_open":0.001,"fee_close":0.001,"trade_duration":120,"profit_ratio":0.004376708131923709,"profit_abs":1.372707,"exit_reason":"roi","initial_stop_loss_abs":0.18443,"initial_stop_loss_ratio":-0.05,"stop_loss_abs":0.18443,"stop_loss_ratio":-0.05,"min_rate":0.18495,"max_rate":0.2,"is_open":false,"enter_tag":"","leverage":1.0,"is_short":false,"open_timestamp":1760137200000,"close_timestamp":1760144400000,"orders":[{"amount":1614.0,"safe_price":0.19413,"ft_order_side":"buy","order_filled_timestamp":1760137200000,"ft_is_entry":true,"ft_order_tag":"","cost":313.63914582},{"amount":1614.0,"safe_price":0.19537,"ft_order_side":"sell","order_filled_timestamp":1760144400000,"ft_is_entry":false,"ft_order_tag":"roi","cost":315.64250717999994}],"funding_fees":0.0,"weekday":5},{"pair":"DOGE/USDT","stake_amount":313.7592,"max_stake_amount":313.7592,"amount":1641.0,"open_date":"2025-10-11 08:00:00+00:00","close_date":"2025-10-11 10:00:00+00:00","open_rate":0.1912,"close_rate":0.19409,"fee_open":0.001,"fee_close":0.001,"trade_duration":120,"profit_ratio":0.01308686083790686,"profit_abs":4.11022911,"exit_reason":"roi","initial_stop_loss_abs":0.18164,"initial_stop_loss_ratio":-0.05,"stop_loss_abs":0.18164,"stop_loss_ratio":-0.05,"min_rate":0.1904,"max_rate":0.19776,"is_open":false,"enter_tag":"","leverage":1.0,"is_short":false,"open_timestamp":1760169600000,"close_timestamp":1760176800000,"orders":[{"amount":1641.0,"safe_price":0.1912,"ft_order_side":"buy","order_filled_timestamp":1760169600000,"ft_is_entry":true,"ft_order_tag":"","cost":314.0729592},{"amount":1641.0,"safe_price":0.19409,"ft_order_side":"sell","order_filled_timestamp":1760176800000,"ft_is_entry":false,"ft_order_tag":"roi","cost":318.82019168999994}],"funding_fees":0.0,"weekday":5},{"pair":"DOGE/USDT","stake_amount":315.1239,"max_stake_amount":315.1239,"amount":1649.0,"open_date":"2025-10-11 13:00:00+00:00","close_date":"2025-10-11 15:00:00+00:00","open_rate":0.1911,"close_rate":0.19148258258258255,"fee_open":0.001,"fee_close":0.001,"trade_duration":120,"profit_ratio":0.0,"profit_abs":0.0,"exit_reason":"roi","initial_stop_loss_abs":0.18155,"initial_stop_loss_ratio":-0.05,"stop_loss_abs":0.18155,"stop_loss_ratio":-0.05,"min_rate":0.18584,"max_rate":0.19316,"is_open":false,"enter_tag":"","leverage":1.0,"is_short":false,"open_timestamp":1760187600000,"close_timestamp":1760194800000,"orders":[{"amount":1649.0,"safe_price":0.1911,"ft_order_side":"buy","order_filled_timestamp":1760187600000,"ft_is_entry":true,"ft_order_tag":"","cost":315.43902389999994},{"amount":1649.0,"safe_price":0.19148258258258255,"ft_order_side":"sell","order_filled_timestamp":1760194800000,"ft_is_entry":false,"ft_order_tag":"roi","cost":316.07053345735727}],"funding_fees":0.0,"weekday":5},{"pair":"DOGE/USDT","stake_amount":315.00644,"max_stake_amount":315.00644,"amount":1708.0,"open_date":"2025-10-11 20:00:00+00:00","close_date":"2025-10-11 22:00:00+00:00","open_rate":0.18443,"close_rate":0.18479922922922923,"fee_open":0.001,"fee_close":0.001,"trade_duration":120,"profit_ratio":0.0,"profit_abs":0.0,"exit_reason":"roi","initial_stop_loss_abs":0.17521,"initial_stop_loss_ratio":-0.05,"stop_loss_abs":0.17521,"stop_loss_ratio":-0.05,"min_rate":0.17816,"max_rate":0.18622,"is_open":false,"enter_tag":"","leverage":1.0,"is_short":false,"open_timestamp":1760212800000,"close_timestamp":1760220000000,"orders":[{"amount":1708.0,"safe_price":0.18443,"ft_order_side":"buy","order_filled_timestamp":1760212800000,"ft_is_entry":true,"ft_order_tag":"","cost":315.32144644},{"amount":1708.0,"safe_price":0.18479922922922923,"ft_order_side":"sell","order_filled_timestamp":1760220000000,"ft_is_entry":false,"ft_order_tag":"roi","cost":315.952720607047}],"funding_fees":0.0,"weekday":5},{"pair":"DOGE/USDT","stake_amount":314.9602,"max_stake_amount":314.9602,"amount":1685.0,"open_date":"2025-10-12 14:00:00+00:00","close_date":"2025-10-12 15:00:00+00:00","open_rate":0.18692,"close_rate":0.19664956956956955,"fee_open":0.001,"fee_close":0.001,"trade_duration":60,"profit_ratio":0.04995004995004995,"profit_abs":15.74801,"exit_reason":"roi","initial_stop_loss_abs":0.17758,"initial_stop_loss_ratio":-0.05,"stop_loss_abs":0.17758,"stop_loss_ratio":-0.05,"min_rate":0.18682,"max_rate":0.20676,"is_open":false,"enter_tag":"","leverage":1.0,"is_short":false,"open_timestamp":1760277600000,"close_timestamp":1760281200000,"orders":[{"amount":1685.0,"safe_price":0.18692,"ft_order_side":"buy","order_filled_timestamp":1760277600000,"ft_is_entry":true,"ft_order_tag":"","cost":315.27516019999996},{"amount":1685.0,"safe_price":0.19664956956956955,"ft_order_side":"sell","order_filled_timestamp":1760281200000,"ft_is_entry":false,"ft_order_tag":"roi","cost":331.6858792494494}],"funding_fees":0.0,"weekday":6},{"pair":"DOGE/USDT","stake_amount":320.13144,"max_stake_amount":320.13144,"amount":1556.0,"open_date":"2025-10-13 12:00:00+00:00","close_date":"2025-10-13 14:00:00+00:00","open_rate":0.20574,"close_rate":0.21124,"fee_open":0.001,"fee_close":0.001,"trade_duration":120,"profit_ratio":0.024681355390016806,"profit_abs":7.90917912,"exit_reason":"roi","initial_stop_loss_abs":0.19546,"initial_stop_loss_ratio":-0.05,"stop_loss_abs":0.19546,"stop_loss_ratio":-0.05,"min_rate":0.20422,"max_rate":0.21313,"is_open":false,"enter_tag":"","leverage":1.0,"is_short":false,"open_timestamp":1760356800000,"close_timestamp":1760364000000,"orders":[{"amount":1556.0,"safe_price":0.20574,"ft_order_side":"buy","order_filled_timestamp":1760356800000,"ft_is_entry":true,"ft_order_tag":"","cost":320.45157143999995},{"amount":1556.0,"safe_price":0.21124,"ft_order_side":"sell","order_filled_timestamp":1760364000000,"ft_is_entry":false,"ft_order_tag":"roi","cost":329.01812943999994}],"funding_fees":0.0,"weekday":0},{"pair":"DOGE/USDT","stake_amount":322.8425,"max_stake_amount":322.8425,"amount":1525.0,"open_date":"2025-10-14 02:00:00+00:00","close_date":"2025-10-14 06:00:00+00:00","open_rate":0.2117,"close_rate":0.20112,"fee_open":0.001,"fee_close":0.001,"trade_duration":240,"profit_ratio":-0.051874530759745685,"profit_abs":-16.7640505,"exit_reason":"stop_loss","initial_stop_loss_abs":0.20112,"initial_stop_loss_ratio":-0.05,"stop_loss_abs":0.20112,"stop_loss_ratio":-0.05,"min_rate":0.19486,"max_rate":0.21189,"is_open":false,"enter_tag":"","leverage":1.0,"is_short":false,"open_timestamp":1760407200000,"close_timestamp":1760421600000,"orders":[{"amount":1525.0,"safe_price":0.2117,"ft_order_side":"buy","order_filled_timestamp":1760407200000,"ft_is_entry":true,"ft_order_tag":"","cost":323.16534249999995},{"amount":1525.0,"safe_price":0.20112,"ft_order_side":"sell","order_filled_timestamp":1760421600000,"ft_is_entry":false,"ft_order_tag":"stop_loss","cost":307.0147079999999}],"funding_fees":0.0,"weekday":1},{"pair":"DOGE/USDT","stake_amount":317.25288,"max_stake_amount":317.25288,"amount":1596.0,"open_date":"2025-10-14 07:00:00+00:00","close_date":"2025-10-14 09:00:00+00:00","open_rate":0.19878,"close_rate":0.19973,"fee_open":0.001,"fee_close":0.001,"trade_duration":120,"profit_ratio":0.0027716020773672447,"profit_abs":0.88017804,"exit_reason":"roi","initial_stop_loss_abs":0.18885,"initial_stop_loss_ratio":-0.05,"stop_loss_abs":0.18885,"stop_loss_ratio":-0.05,"min_rate":0.19661,"max_rate":0.20153,"is_open":false,"enter_tag":"","leverage":1.0,"is_short":false,"open_timestamp":1760425200000,"close_timestamp":1760432400000,"orders":[{"amount":1596.0,"safe_price":0.19878,"ft_order_side":"buy","order_filled_timestamp":1760425200000,"ft_is_entry":true,"ft_order_tag":"","cost":317.57013287999996},{"amount":1596.0,"safe_price":0.19973,"ft_order_side":"sell","order_filled_timestamp":1760432400000,"ft_is_entry":false,"ft_order_tag":"roi","cost":319.08784907999996}],"funding_fees":0.0,"weekday":1},{"pair":"DOGE/USDT","stake_amount":317.58,"max_stake_amount":317.58,"amount":1608.0,"open_date":"2025-10-14 11:00:00+00:00","close_date":"2025-10-14 13:00:00+00:00","open_rate":0.1975,"close_rate":0.19789539539539538,"fee_open":0.001,"fee_close":0.001,"trade_duration":120,"profit_ratio":0.0,"profit_abs":0.0,"exit_reason":"roi","initial_stop_loss_abs":0.18763,"initial_stop_loss_ratio":-0.05,"stop_loss_abs":0.18763,"stop_loss_ratio":-0.05,"min_rate":0.1933,"max_rate":0.20041,"is_open":false,"enter_tag":"","leverage":1.0,"is_short":false,"open_timestamp":1760439600000,"close_timestamp":1760446800000,"orders":[{"amount":1608.0,"safe_price":0.1975,"ft_order_side":"buy","order_filled_timestamp":1760439600000,"ft_is_entry":true,"ft_order_tag":"","cost":317.89758},{"amount":1608.0,"safe_price":0.19789539539539538,"ft_order_side":"sell","order_filled_timestamp":1760446800000,"ft_is_entry":false,"ft_order_tag":"roi","cost":318.53401159159154}],"funding_fees":0.0,"weekday":1},{"pair":"DOGE/USDT","stake_amount":317.62408,"max_stake_amount":317.62408,"amount":1604.0,"open_date":"2025-10-14 14:00:00+00:00","close_date":"2025-10-14 16:00:00+00:00","open_rate":0.19802,"close_rate":0.2035,"fee_open":0.001,"fee_close":0.001,"trade_duration":120,"profit_ratio":0.025620677676025622,"profit_abs":8.14588192,"exit_reason":"roi","initial_stop_loss_abs":0.18812,"initial_stop_loss_ratio":-0.05,"stop_loss_abs":0.18812,"stop_loss_ratio":-0.05,"min_rate":0.19749,"max_rate":0.2071,"is_open":false,"enter_tag":"","leverage":1.0,"is_short":false,"open_timestamp":1760450400000,"close_timestamp":1760457600000,"orders":[{"amount":1604.0,"safe_price":0.19802,"ft_order_side":"buy","order_filled_timestamp":1760450400000,"ft_is_entry":true,"ft_order_tag":"","cost":317.94170407999997},{"amount":1604.0,"safe_price":0.2035,"ft_order_side":"sell","order_filled_timestamp":1760457600000,"ft_is_entry":false,"ft_order_tag":"roi","cost":326.74041399999993}],"funding_fees":0.0,"weekday":1},{"pair":"DOGE/USDT","stake_amount":320.37082,"max_stake_amount":320.37082,"amount":1582.0,"open_date":"2025-10-15 04:00:00+00:00","close_date":"2025-10-15 06:00:00+00:00","open_rate":0.20251,"close_rate":0.20403,"fee_open":0.001,"fee_close":0.001,"trade_duration":120,"profit_ratio":0.00549280357684881,"profit_abs":1.76149372,"exit_reason":"roi","initial_stop_loss_abs":0.19239,"initial_stop_loss_ratio":-0.05,"stop_loss_abs":0.19239,"stop_loss_ratio":-0.05,"min_rate":0.20168,"max_rate":0.20491,"is_open":false,"enter_tag":"","leverage":1.0,"is_short":false,"open_timestamp":1760500800000,"close_timestamp":1760508000000,"orders":[{"amount":1582.0,"safe_price":0.20251,"ft_order_side":"buy","order_filled_timestamp":1760500800000,"ft_is_entry":true,"ft_order_tag":"","cost":320.6911908199999},{"amount":1582.0,"safe_price":0.20403,"ft_order_side":"sell","order_filled_timestamp":1760508000000,"ft_is_entry":false,"ft_order_tag":"roi","cost":323.09823545999996}],"funding_fees":0.0,"weekday":2},{"pair":"DOGE/USDT","stake_amount":320.84542,"max_stake_amount":320.84542,"amount":1582.0,"open_date":"2025-10-15 11:00:00+00:00","close_date":"2025-10-15 14:00:00+00:00","open_rate":0.20281,"close_rate":0.20321602602602598,"fee_open":0.001,"fee_close":0.001,"trade_duration":180,"profit_ratio":0.0,"profit_abs":0.0,"exit_reason":"roi","initial_stop_loss_abs":0.19267,"initial_stop_loss_ratio":-0.05,"stop_loss_abs":0.19267,"stop_loss_ratio":-0.05,"min_rate":0.197,"max_rate":0.20356,"is_open":false,"enter_tag":"","leverage":1.0,"is_short":false,"open_timestamp":1760526000000,"close_timestamp":1760536800000,"orders":[{"amount":1582.0,"safe_price":0.20281,"ft_order_side":"buy","order_filled_timestamp":1760526000000,"ft_is_entry":true,"ft_order_tag":"","cost":321.16626541999995},{"amount":1582.0,"safe_price":0.20321602602602598,"ft_order_side":"sell","order_filled_timestamp":1760536800000,"ft_is_entry":false,"ft_order_tag":"roi","cost":321.8092409263462}],"funding_fees":0.0,"weekday":2},{"pair":"DOGE/USDT","stake_amount":320.8682,"max_stake_amount":320.8682,"amount":1615.0,"open_date":"2025-10-15 16:00:00+00:00","close_date":"2025-10-15 18:00:00+00:00","open_rate":0.19868,"close_rate":0.19922,"fee_open":0.001,"fee_close":0.001,"trade_duration":120,"profit_ratio":0.0007145059490539659,"profit_abs":0.2294915,"exit_reason":"roi","initial_stop_loss_abs":0.18875,"initial_stop_loss_ratio":-0.05,"stop_loss_abs":0.18875,"stop_loss_ratio":-0.05,"min_rate":0.19623,"max_rate":0.20021,"is_open":false,"enter_tag":"","leverage":1.0,"is_short":false,"open_timestamp":1760544000000,"close_timestamp":1760551200000,"orders":[{"amount":1615.0,"safe_price":0.19868,"ft_order_side":"buy","order_filled_timestamp":1760544000000,"ft_is_entry":true,"ft_order_tag":"","cost":321.18906819999995},{"amount":1615.0,"safe_price":0.19922,"ft_order_side":"sell","order_filled_timestamp":1760551200000,"ft_is_entry":false,"ft_order_tag":"roi","cost":322.0620403}],"funding_fees":0.0,"weekday":2},{"pair":"DOGE/USDT","stake_amount":321.0416,"max_stake_amount":321.0416,"amount":1628.0,"open_date":"2025-10-15 20:00:00+00:00","close_date":"2025-10-16 01:00:00+00:00","open_rate":0.1972,"close_rate":0.19759479479479478,"fee_open":0.001,"fee_close":0.001,"trade_duration":300,"profit_ratio":0.0,"profit_abs":0.0,"exit_reason":"roi","initial_stop_loss_abs":0.18734,"initial_stop_loss_ratio":-0.05,"stop_loss_abs":0.18734,"stop_loss_ratio":-0.05,"min_rate":0.1942,"max_rate":0.19886,"is_open":false,"enter_tag":"","leverage":1.0,"is_short":false,"open_timestamp":1760558400000,"close_timestamp":1760576400000,"orders":[{"amount":1628.0,"safe_price":0.1972,"ft_order_side":"buy","order_filled_timestamp":1760558400000,"ft_is_entry":true,"ft_order_tag":"","cost":321.3626415999999},{"amount":1628.0,"safe_price":0.19759479479479478,"ft_order_side":"sell","order_filled_timestamp":1760576400000,"ft_is_entry":false,"ft_order_tag":"roi","cost":322.0060102518518}],"funding_fees":0.0,"weekday":3},{"pair":"DOGE/USDT","stake_amount":320.9868,"max_stake_amount":320.9868,"amount":1620.0,"open_date":"2025-10-16 10:00:00+00:00","close_date":"2025-10-16 12:00:00+00:00","open_rate":0.19814,"close_rate":0.20034,"fee_open":0.001,"fee_close":0.001,"trade_duration":120,"profit_ratio":0.0090830739866775,"profit_abs":2.9184624,"exit_reason":"roi","initial_stop_loss_abs":0.18824,"initial_stop_loss_ratio":-0.05,"stop_loss_abs":0.18824,"stop_loss_ratio":-0.05,"min_rate":0.19777,"max_rate":0.2015,"is_open":false,"enter_tag":"","leverage":1.0,"is_short":false,"open_timestamp":1760608800000,"close_timestamp":1760616000000,"orders":[{"amount":1620.0,"safe_price":0.19814,"ft_order_side":"buy","order_filled_timestamp":1760608800000,"ft_is_entry":true,"ft_order_tag":"","cost":321.3077868},{"amount":1620.0,"safe_price":0.20034,"ft_order_side":"sell","order_filled_timestamp":1760616000000,"ft_is_entry":false,"ft_order_tag":"roi","cost":324.8753507999999}],"funding_fees":0.0,"weekday":3},{"pair":"DOGE/USDT","stake_amount":321.981,"max_stake_amount":321.981,"amount":1650.0,"open_date":"2025-10-16 15:00:00+00:00","close_date":"2025-10-16 20:00:00+00:00","open_rate":0.19514,"close_rate":0.18539,"fee_open":0.001,"fee_close":0.001,"trade_duration":300,"profit_ratio":-0.05186230188792452,"profit_abs":-16.7153745,"exit_reason":"stop_loss","initial_stop_loss_abs":0.18539,"initial_stop_loss_ratio":-0.05,"stop_loss_abs":0.18539,"stop_loss_ratio":-0.05,"min_rate":0.18469,"max_rate":0.19609,"is_open":false,"enter_tag":"","leverage":1.0,"is_short":false,"open_timestamp":1760626800000,"close_timestamp":1760644800000,"orders":[{"amount":1650.0,"safe_price":0.19514,"ft_order_side":"buy","order_filled_timestamp":1760626800000,"ft_is_entry":true,"ft_order_tag":"","cost":322.30298099999993},{"amount":1650.0,"safe_price":0.18539,"ft_order_side":"sell","order_filled_timestamp":1760644800000,"ft_is_entry":false,"ft_order_tag":"stop_loss","cost":306.1993935}],"funding_fees":0.0,"weekday":3},{"pair":"DOGE/USDT","stake_amount":316.39685,"max_stake_amount":316.39685,"amount":1705.0,"open_date":"2025-10-16 21:00:00+00:00","close_date":"2025-10-16 23:00:00+00:00","open_rate":0.18557,"close_rate":0.18642,"fee_open":0.001,"fee_close":0.001,"trade_duration":120,"profit_ratio":0.002573327949196893,"profit_abs":0.81500705,"exit_reason":"roi","initial_stop_loss_abs":0.1763,"initial_stop_loss_ratio":-0.05,"stop_loss_abs":0.1763,"stop_loss_ratio":-0.05,"min_rate":0.18548,"max_rate":0.18894,"is_open":false,"enter_tag":"","leverage":1.0,"is_short":false,"open_timestamp":1760648400000,"close_timestamp":1760655600000,"orders":[{"amount":1705.0,"safe_price":0.18557,"ft_order_side":"buy","order_filled_timestamp":1760648400000,"ft_is_entry":true,"ft_order_tag":"","cost":316.71324685},{"amount":1705.0,"safe_price":0.18642,"ft_order_side":"sell","order_filled_timestamp":1760655600000,"ft_is_entry":false,"ft_order_tag":"roi","cost":318.1639460999999}],"funding_fees":0.0,"weekday":3},{"pair":"DOGE/USDT","stake_amount":316.6375,"max_stake_amount":316.6375,"amount":1735.0,"open_date":"2025-10-17 07:00:00+00:00","close_date":"2025-10-17 11:00:00+00:00","open_rate":0.1825,"close_rate":0.18286536536536532,"fee_open":0.001,"fee_close":0.001,"trade_duration":240,"profit_ratio":0.0,"profit_abs":0.0,"exit_reason":"roi","initial_stop_loss_abs":0.17338,"initial_stop_loss_ratio":-0.05,"stop_loss_abs":0.17338,"stop_loss_ratio":-0.05,"min_rate":0.17555,"max_rate":0.184,"is_open":false,"enter_tag":"","leverage":1.0,"is_short":false,"open_timestamp":1760684400000,"close_timestamp":1760698800000,"orders":[{"amount":1735.0,"safe_price":0.1825,"ft_order_side":"buy","order_filled_timestamp":1760684400000,"ft_is_entry":true,"ft_order_tag":"","cost":316.95413749999994},{"amount":1735.0,"safe_price":0.18286536536536532,"ft_order_side":"sell","order_filled_timestamp":1760698800000,"ft_is_entry":false,"ft_order_tag":"roi","cost":317.5886803178177}],"funding_fees":0.0,"weekday":4},{"pair":"DOGE/USDT","stake_amount":316.6478,"max_stake_amount":316.6478,"amount":1636.0,"open_date":"2025-10-22 01:00:00+00:00","close_date":"2025-10-22 03:00:00+00:00","open_rate":0.19355,"close_rate":0.19432,"fee_open":0.001,"fee_close":0.001,"trade_duration":120,"profit_ratio":0.0019723495311198746,"profit_abs":0.62516468,"exit_reason":"roi","initial_stop_loss_abs":0.18388,"initial_stop_loss_ratio":-0.05,"stop_loss_abs":0.18388,"stop_loss_ratio":-0.05,"min_rate":0.19263,"max_rate":0.19519,"is_open":false,"enter_tag":"","leverage":1.0,"is_short":false,"open_timestamp":1761094800000,"close_timestamp":1761102000000,"orders":[{"amount":1636.0,"safe_price":0.19355,"ft_order_side":"buy","order_filled_timestamp":1761094800000,"ft_is_entry":true,"ft_order_tag":"","cost":316.96444779999996},{"amount":1636.0,"safe_price":0.19432,"ft_order_side":"sell","order_filled_timestamp":1761102000000,"ft_is_entry":false,"ft_order_tag":"roi","cost":318.2254275199999}],"funding_fees":0.0,"weekday":2},{"pair":"DOGE/USDT","stake_amount":316.89018,"max_stake_amount":316.89018,"amount":1689.0,"open_date":"2025-10-22 22:00:00+00:00","close_date":"2025-10-23 00:00:00+00:00","open_rate":0.18762,"close_rate":0.18993,"fee_open":0.001,"fee_close":0.001,"trade_duration":120,"profit_ratio":0.010289518604197209,"profit_abs":3.26390805,"exit_reason":"roi","initial_stop_loss_abs":0.17824,"initial_stop_loss_ratio":-0.05,"stop_loss_abs":0.17824,"stop_loss_ratio":-0.05,"min_rate":0.18671,"max_rate":0.19094,"is_open":false,"enter_tag":"","leverage":1.0,"is_short":false,"open_timestamp":1761170400000,"close_timestamp":1761177600000,"orders":[{"amount":1689.0,"safe_price":0.18762,"ft_order_side":"buy","order_filled_timestamp":1761170400000,"ft_is_entry":true,"ft_order_tag":"","cost":317.20707018},{"amount":1689.0,"safe_price":0.18993,"ft_order_side":"sell","order_filled_timestamp":1761177600000,"ft_is_entry":false,"ft_order_tag":"roi","cost":321.11256176999996}],"funding_fees":0.0,"weekday":3},{"pair":"DOGE/USDT","stake_amount":317.8803,"max_stake_amount":317.8803,"amount":1695.0,"open_date":"2025-10-30 05:00:00+00:00","close_date":"2025-10-30 07:00:00+00:00","open_rate":0.18754,"close_rate":0.1913,"fee_open":0.001,"fee_close":0.001,"trade_duration":120,"profit_ratio":0.018010996148993378,"profit_abs":5.7310662,"exit_reason":"roi","initial_stop_loss_abs":0.17817,"initial_stop_loss_ratio":-0.05,"stop_loss_abs":0.17817,"stop_loss_ratio":-0.05,"min_rate":0.18712,"max_rate":0.19346,"is_open":false,"enter_tag":"","leverage":1.0,"is_short":false,"open_timestamp":1761800400000,"close_timestamp":1761807600000,"orders":[{"amount":1695.0,"safe_price":0.18754,"ft_order_side":"buy","order_filled_timestamp":1761800400000,"ft_is_entry":true,"ft_order_tag":"","cost":318.1981803},{"amount":1695.0,"safe_price":0.1913,"ft_order_side":"sell","order_filled_timestamp":1761807600000,"ft_is_entry":false,"ft_order_tag":"roi","cost":324.5777534999999}],"funding_fees":0.0,"weekday":3},{"pair":"DOGE/USDT","stake_amount":319.86855,"max_stake_amount":319.86855,"amount":1737.0,"open_date":"2025-10-30 13:00:00+00:00","close_date":"2025-10-31 00:00:00+00:00","open_rate":0.18415,"close_rate":0.18451866866866865,"fee_open":0.001,"fee_close":0.001,"trade_duration":660,"profit_ratio":0.0,"profit_abs":0.0,"exit_reason":"roi","initial_stop_loss_abs":0.17495,"initial_stop_loss_ratio":-0.05,"stop_loss_abs":0.17495,"stop_loss_ratio":-0.05,"min_rate":0.17642,"max_rate":0.185,"is_open":false,"enter_tag":"","leverage":1.0,"is_short":false,"open_timestamp":1761829200000,"close_timestamp":1761868800000,"orders":[{"amount":1737.0,"safe_price":0.18415,"ft_order_side":"buy","order_filled_timestamp":1761829200000,"ft_is_entry":true,"ft_order_tag":"","cost":320.18841855},{"amount":1737.0,"safe_price":0.18451866866866865,"ft_order_side":"sell","order_filled_timestamp":1761868800000,"ft_is_entry":false,"ft_order_tag":"roi","cost":320.82943640495483}],"funding_fees":0.0,"weekday":4},{"pair":"DOGE/USDT","stake_amount":319.8433,"max_stake_amount":319.8433,"amount":1915.0,"open_date":"2025-11-03 16:00:00+00:00","close_date":"2025-11-03 18:00:00+00:00","open_rate":0.16702,"close_rate":0.17137,"fee_open":0.001,"fee_close":0.001,"trade_duration":120,"profit_ratio":0.023994745525101172,"profit_abs":7.68223315,"exit_reason":"roi","initial_stop_loss_abs":0.15867,"initial_stop_loss_ratio":-0.05,"stop_loss_abs":0.15867,"stop_loss_ratio":-0.05,"min_rate":0.16553,"max_rate":0.1717,"is_open":false,"enter_tag":"","leverage":1.0,"is_short":false,"open_timestamp":1762185600000,"close_timestamp":1762192800000,"orders":[{"amount":1915.0,"safe_price":0.16702,"ft_order_side":"buy","order_filled_timestamp":1762185600000,"ft_is_entry":true,"ft_order_tag":"","cost":320.16314329999994},{"amount":1915.0,"safe_price":0.17137,"ft_order_side":"sell","order_filled_timestamp":1762192800000,"ft_is_entry":false,"ft_order_tag":"roi","cost":328.50172354999995}],"funding_fees":0.0,"weekday":0},{"pair":"DOGE/USDT","stake_amount":322.34187,"max_stake_amount":322.34187,"amount":1941.0,"open_date":"2025-11-03 21:00:00+00:00","close_date":"2025-11-03 23:00:00+00:00","open_rate":0.16607,"close_rate":0.16640247247247245,"fee_open":0.001,"fee_close":0.001,"trade_duration":120,"profit_ratio":0.0,"profit_abs":0.0,"exit_reason":"roi","initial_stop_loss_abs":0.15777,"initial_stop_loss_ratio":-0.05,"stop_loss_abs":0.15777,"stop_loss_ratio":-0.05,"min_rate":0.16433,"max_rate":0.1679,"is_open":false,"enter_tag":"","leverage":1.0,"is_short":false,"open_timestamp":1762203600000,"close_timestamp":1762210800000,"orders":[{"amount":1941.0,"safe_price":0.16607,"ft_order_side":"buy","order_filled_timestamp":1762203600000,"ft_is_entry":true,"ft_order_tag":"","cost":322.6642118699999},{"amount":1941.0,"safe_price":0.16640247247247245,"ft_order_side":"sell","order_filled_timestamp":1762210800000,"ft_is_entry":false,"ft_order_tag":"roi","cost":323.310186268138}],"funding_fees":0.0,"weekday":0},{"pair":"DOGE/USDT","stake_amount":322.34109,"max_stake_amount":322.34109,"amount":2001.0,"open_date":"2025-11-04 06:00:00+00:00","close_date":"2025-11-04 08:00:00+00:00","open_rate":0.16109,"close_rate":0.16201,"fee_open":0.001,"fee_close":0.001,"trade_duration":120,"profit_ratio":0.0037016804041448653,"profit_abs":1.1943969,"exit_reason":"roi","initial_stop_loss_abs":0.15304,"initial_stop_loss_ratio":-0.05,"stop_loss_abs":0.15304,"stop_loss_ratio":-0.05,"min_rate":0.16062,"max_rate":0.16735,"is_open":false,"enter_tag":"","leverage":1.0,"is_short":false,"open_timestamp":1762236000000,"close_timestamp":1762243200000,"orders":[{"amount":2001.0,"safe_price":0.16109,"ft_order_side":"buy","order_filled_timestamp":1762236000000,"ft_is_entry":true,"ft_order_tag":"","cost":322.66343108999996},{"amount":2001.0,"safe_price":0.16201,"ft_order_side":"sell","order_filled_timestamp":1762243200000,"ft_is_entry":false,"ft_order_tag":"roi","cost":324.50619200999995}],"funding_fees":0.0,"weekday":1},{"pair":"DOGE/USDT","stake_amount":322.7224,"max_stake_amount":322.7224,"amount":2015.0,"open_date":"2025-11-04 17:00:00+00:00","close_date":"2025-11-04 19:00:00+00:00","open_rate":0.16016,"close_rate":0.16048064064064063,"fee_open":0.001,"fee_close":0.001,"trade_duration":120,"profit_ratio":0.0,"profit_abs":0.0,"exit_reason":"roi","initial_stop_loss_abs":0.15216,"initial_stop_loss_ratio":-0.05,"stop_loss_abs":0.15216,"stop_loss_ratio":-0.05,"min_rate":0.15419,"max_rate":0.16152,"is_open":false,"enter_tag":"","leverage":1.0,"is_short":false,"open_timestamp":1762275600000,"close_timestamp":1762282800000,"orders":[{"amount":2015.0,"safe_price":0.16016,"ft_order_side":"buy","order_filled_timestamp":1762275600000,"ft_is_entry":true,"ft_order_tag":"","cost":323.04512239999997},{"amount":2015.0,"safe_price":0.16048064064064063,"ft_order_side":"sell","order_filled_timestamp":1762282800000,"ft_is_entry":false,"ft_order_tag":"roi","cost":323.69185938178174}],"funding_fees":0.0,"weekday":1},{"pair":"DOGE/USDT","stake_amount":322.86448,"max_stake_amount":322.86448,"amount":2032.0,"open_date":"2025-11-04 21:00:00+00:00","close_date":"2025-11-04 23:00:00+00:00","open_rate":0.15889,"close_rate":0.16344,"fee_open":0.001,"fee_close":0.001,"trade_duration":120,"profit_ratio":0.026580946273815558,"profit_abs":8.59062544,"exit_reason":"roi","initial_stop_loss_abs":0.15095,"initial_stop_loss_ratio":-0.05,"stop_loss_abs":0.15095,"stop_loss_ratio":-0.05,"min_rate":0.15159,"max_rate":0.16436,"is_open":false,"enter_tag":"","leverage":1.0,"is_short":false,"open_timestamp":1762290000000,"close_timestamp":1762297200000,"orders":[{"amount":2032.0,"safe_price":0.15889,"ft_order_side":"buy","order_filled_timestamp":1762290000000,"ft_is_entry":true,"ft_order_tag":"","cost":323.18734448},{"amount":2032.0,"safe_price":0.16344,"ft_order_side":"sell","order_filled_timestamp":1762297200000,"ft_is_entry":false,"ft_order_tag":"roi","cost":332.44219007999993}],"funding_fees":0.0,"weekday":1},{"pair":"DOGE/USDT","stake_amount":325.68,"max_stake_amount":325.68,"amount":2000.0,"open_date":"2025-11-05 09:00:00+00:00","close_date":"2025-11-05 11:00:00+00:00","open_rate":0.16284,"close_rate":0.16316600600600598,"fee_open":0.001,"fee_close":0.001,"trade_duration":120,"profit_ratio":0.0,"profit_abs":0.0,"exit_reason":"roi","initial_stop_loss_abs":0.1547,"initial_stop_loss_ratio":-0.05,"stop_loss_abs":0.1547,"stop_loss_ratio":-0.05,"min_rate":0.161,"max_rate":0.1642,"is_open":false,"enter_tag":"","leverage":1.0,"is_short":false,"open_timestamp":1762333200000,"close_timestamp":1762340400000,"orders":[{"amount":2000.0,"safe_price":0.16284,"ft_order_side":"buy","order_filled_timestamp":1762333200000,"ft_is_entry":true,"ft_order_tag":"","cost":326.00568},{"amount":2000.0,"safe_price":0.16316600600600598,"ft_order_side":"sell","order_filled_timestamp":1762340400000,"ft_is_entry":false,"ft_order_tag":"roi","cost":326.6583440240239}],"funding_fees":0.0,"weekday":2},{"pair":"DOGE/USDT","stake_amount":325.68172,"max_stake_amount":325.68172,"amount":1834.0,"open_date":"2025-11-08 01:00:00+00:00","close_date":"2025-11-08 03:00:00+00:00","open_rate":0.17758,"close_rate":0.18138,"fee_open":0.001,"fee_close":0.001,"trade_duration":120,"profit_ratio":0.019358049316377954,"profit_abs":6.31086736,"exit_reason":"roi","initial_stop_loss_abs":0.16871,"initial_stop_loss_ratio":-0.05,"stop_loss_abs":0.16871,"stop_loss_ratio":-0.05,"min_rate":0.17731,"max_rate":0.18332,"is_open":false,"enter_tag":"","leverage":1.0,"is_short":false,"open_timestamp":1762563600000,"close_timestamp":1762570800000,"orders":[{"amount":1834.0,"safe_price":0.17758,"ft_order_side":"buy","order_filled_timestamp":1762563600000,"ft_is_entry":true,"ft_order_tag":"","cost":326.00740171999996},{"amount":1834.0,"safe_price":0.18138,"ft_order_side":"sell","order_filled_timestamp":1762570800000,"ft_is_entry":false,"ft_order_tag":"roi","cost":332.98357092}],"funding_fees":0.0,"weekday":5},{"pair":"DOGE/USDT","stake_amount":327.65614,"max_stake_amount":327.65614,"amount":1862.0,"open_date":"2025-11-08 14:00:00+00:00","close_date":"2025-11-08 23:00:00+00:00","open_rate":0.17597,"close_rate":0.17632229229229224,"fee_open":0.001,"fee_close":0.001,"trade_duration":540,"profit_ratio":0.0,"profit_abs":0.0,"exit_reason":"roi","initial_stop_loss_abs":0.16718,"initial_stop_loss_ratio":-0.05,"stop_loss_abs":0.16718,"stop_loss_ratio":-0.05,"min_rate":0.173,"max_rate":0.17663,"is_open":false,"enter_tag":"","leverage":1.0,"is_short":false,"open_timestamp":1762610400000,"close_timestamp":1762642800000,"orders":[{"amount":1862.0,"safe_price":0.17597,"ft_order_side":"buy","order_filled_timestamp":1762610400000,"ft_is_entry":true,"ft_order_tag":"","cost":327.98379614},{"amount":1862.0,"safe_price":0.17632229229229224,"ft_order_side":"sell","order_filled_timestamp":1762642800000,"ft_is_entry":false,"ft_order_tag":"roi","cost":328.64042035649635}],"funding_fees":0.0,"weekday":5},{"pair":"DOGE/USDT","stake_amount":327.6546,"max_stake_amount":327.6546,"amount":1820.0,"open_date":"2025-11-11 05:00:00+00:00","close_date":"2025-11-12 02:00:00+00:00","open_rate":0.18003,"close_rate":0.17103,"fee_open":0.001,"fee_close":0.001,"trade_duration":1260,"profit_ratio":-0.05188978660066812,"profit_abs":-17.0189292,"exit_reason":"stop_loss","initial_stop_loss_abs":0.17103,"initial_stop_loss_ratio":-0.05,"stop_loss_abs":0.17103,"stop_loss_ratio":-0.05,"min_rate":0.17094,"max_rate":0.18006,"is_open":false,"enter_tag":"","leverage":1.0,"is_short":false,"open_timestamp":1762837200000,"close_timestamp":1762912800000,"orders":[{"amount":1820.0,"safe_price":0.18003,"ft_order_side":"buy","order_filled_timestamp":1762837200000,"ft_is_entry":true,"ft_order_tag":"","cost":327.9822546},{"amount":1820.0,"safe_price":0.17103,"ft_order_side":"sell","order_filled_timestamp":1762912800000,"ft_is_entry":false,"ft_order_tag":"stop_loss","cost":311.58587459999995}],"funding_fees":0.0,"weekday":2},{"pair":"DOGE/USDT","stake_amount":322.10136,"max_stake_amount":322.10136,"amount":1944.0,"open_date":"2025-11-13 18:00:00+00:00","close_date":"2025-11-14 07:00:00+00:00","open_rate":0.16569,"close_rate":0.16602171171171168,"fee_open":0.001,"fee_close":0.001,"trade_duration":780,"profit_ratio":0.0,"profit_abs":0.0,"exit_reason":"roi","initial_stop_loss_abs":0.15741,"initial_stop_loss_ratio":-0.05,"stop_loss_abs":0.15741,"stop_loss_ratio":-0.05,"min_rate":0.1591,"max_rate":0.16628,"is_open":false,"enter_tag":"","leverage":1.0,"is_short":false,"open_timestamp":1763056800000,"close_timestamp":1763103600000,"orders":[{"amount":1944.0,"safe_price":0.16569,"ft_order_side":"buy","order_filled_timestamp":1763056800000,"ft_is_entry":true,"ft_order_tag":"","cost":322.42346136},{"amount":1944.0,"safe_price":0.16602171171171168,"ft_order_side":"sell","order_filled_timestamp":1763103600000,"ft_is_entry":false,"ft_order_tag":"roi","cost":323.06895377513507}],"funding_fees":0.0,"weekday":4},{"pair":"DOGE/USDT","stake_amount":322.03309,"max_stake_amount":322.03309,"amount":1987.0,"open_date":"2025-11-14 12:00:00+00:00","close_date":"2025-11-14 14:00:00+00:00","open_rate":0.16207,"close_rate":0.16239446446446446,"fee_open":0.001,"fee_close":0.001,"trade_duration":120,"profit_ratio":0.0,"profit_abs":0.0,"exit_reason":"roi","initial_stop_loss_abs":0.15397,"initial_stop_loss_ratio":-0.05,"stop_loss_abs":0.15397,"stop_loss_ratio":-0.05,"min_rate":0.15767,"max_rate":0.16407,"is_open":false,"enter_tag":"","leverage":1.0,"is_short":false,"open_timestamp":1763121600000,"close_timestamp":1763128800000,"orders":[{"amount":1987.0,"safe_price":0.16207,"ft_order_side":"buy","order_filled_timestamp":1763121600000,"ft_is_entry":true,"ft_order_tag":"","cost":322.35512308999995},{"amount":1987.0,"safe_price":0.16239446446446446,"ft_order_side":"sell","order_filled_timestamp":1763128800000,"ft_is_entry":false,"ft_order_tag":"roi","cost":323.0004786917817}],"funding_fees":0.0,"weekday":4},{"pair":"DOGE/USDT","stake_amount":322.11057,"max_stake_amount":322.11057,"amount":2027.0,"open_date":"2025-11-14 21:00:00+00:00","close_date":"2025-11-14 23:00:00+00:00","open_rate":0.15891,"close_rate":0.15933,"fee_open":0.001,"fee_close":0.001,"trade_duration":120,"profit_ratio":0.0006397227465756823,"profit_abs":0.20626752,"exit_reason":"roi","initial_stop_loss_abs":0.15097,"initial_stop_loss_ratio":-0.05,"stop_loss_abs":0.15097,"stop_loss_ratio":-0.05,"min_rate":0.15472,"max_rate":0.16111,"is_open":false,"enter_tag":"","leverage":1.0,"is_short":false,"open_timestamp":1763154000000,"close_timestamp":1763161200000,"orders":[{"amount":2027.0,"safe_price":0.15891,"ft_order_side":"buy","order_filled_timestamp":1763154000000,"ft_is_entry":true,"ft_order_tag":"","cost":322.43268056999995},{"amount":2027.0,"safe_price":0.15933,"ft_order_side":"sell","order_filled_timestamp":1763161200000,"ft_is_entry":false,"ft_order_tag":"roi","cost":323.28487190999994}],"funding_fees":0.0,"weekday":4},{"pair":"DOGE/USDT","stake_amount":322.2366,"max_stake_amount":322.2366,"amount":2044.0,"open_date":"2025-11-15 00:00:00+00:00","close_date":"2025-11-15 02:00:00+00:00","open_rate":0.15765,"close_rate":0.16137,"fee_open":0.001,"fee_close":0.001,"trade_duration":120,"profit_ratio":0.021551426689390533,"profit_abs":6.95160312,"exit_reason":"roi","initial_stop_loss_abs":0.14977,"initial_stop_loss_ratio":-0.05,"stop_loss_abs":0.14977,"stop_loss_ratio":-0.05,"min_rate":0.15721,"max_rate":0.16243,"is_open":false,"enter_tag":"","leverage":1.0,"is_short":false,"open_timestamp":1763164800000,"close_timestamp":1763172000000,"orders":[{"amount":2044.0,"safe_price":0.15765,"ft_order_side":"buy","order_filled_timestamp":1763164800000,"ft_is_entry":true,"ft_order_tag":"","cost":322.55883659999995},{"amount":2044.0,"safe_price":0.16137,"ft_order_side":"sell","order_filled_timestamp":1763172000000,"ft_is_entry":false,"ft_order_tag":"roi","cost":330.17012028}],"funding_fees":0.0,"weekday":5},{"pair":"DOGE/USDT","stake_amount":324.4554,"max_stake_amount":324.4554,"amount":2014.0,"open_date":"2025-11-15 09:00:00+00:00","close_date":"2025-11-15 11:00:00+00:00","open_rate":0.1611,"close_rate":0.16195,"fee_open":0.001,"fee_close":0.001,"trade_duration":120,"profit_ratio":0.0032676820386317593,"profit_abs":1.0612773,"exit_reason":"roi","initial_stop_loss_abs":0.15305,"initial_stop_loss_ratio":-0.05,"stop_loss_abs":0.15305,"stop_loss_ratio":-0.05,"min_rate":0.16082,"max_rate":0.16266,"is_open":false,"enter_tag":"","leverage":1.0,"is_short":false,"open_timestamp":1763197200000,"close_timestamp":1763204400000,"orders":[{"amount":2014.0,"safe_price":0.1611,"ft_order_side":"buy","order_filled_timestamp":1763197200000,"ft_is_entry":true,"ft_order_tag":"","cost":324.7798554},{"amount":2014.0,"safe_price":0.16195,"ft_order_side":"sell","order_filled_timestamp":1763204400000,"ft_is_entry":false,"ft_order_tag":"roi","cost":326.49346729999996}],"funding_fees":0.0,"weekday":5},{"pair":"DOGE/USDT","stake_amount":324.802,"max_stake_amount":324.802,"amount":2050.0,"open_date":"2025-11-17 16:00:00+00:00","close_date":"2025-11-18 00:00:00+00:00","open_rate":0.15844,"close_rate":0.15052,"fee_open":0.001,"fee_close":0.001,"trade_duration":480,"profit_ratio":-0.051885504044049874,"profit_abs":-16.869368,"exit_reason":"stop_loss","initial_stop_loss_abs":0.15052,"initial_stop_loss_ratio":-0.05,"stop_loss_abs":0.15052,"stop_loss_ratio":-0.05,"min_rate":0.14943,"max_rate":0.16082,"is_open":false,"enter_tag":"","leverage":1.0,"is_short":false,"open_timestamp":1763395200000,"close_timestamp":1763424000000,"orders":[{"amount":2050.0,"safe_price":0.15844,"ft_order_side":"buy","order_filled_timestamp":1763395200000,"ft_is_entry":true,"ft_order_tag":"","cost":325.126802},{"amount":2050.0,"safe_price":0.15052,"ft_order_side":"sell","order_filled_timestamp":1763424000000,"ft_is_entry":false,"ft_order_tag":"stop_loss","cost":308.87456599999996}],"funding_fees":0.0,"weekday":1},{"pair":"DOGE/USDT","stake_amount":319.29895,"max_stake_amount":319.29895,"amount":2095.0,"open_date":"2025-11-18 01:00:00+00:00","close_date":"2025-11-18 03:00:00+00:00","open_rate":0.15241,"close_rate":0.1527151251251251,"fee_open":0.001,"fee_close":0.001,"trade_duration":120,"profit_ratio":0.0,"profit_abs":0.0,"exit_reason":"roi","initial_stop_loss_abs":0.14479,"initial_stop_loss_ratio":-0.05,"stop_loss_abs":0.14479,"stop_loss_ratio":-0.05,"min_rate":0.1502,"max_rate":0.15479,"is_open":false,"enter_tag":"","leverage":1.0,"is_short":false,"open_timestamp":1763427600000,"close_timestamp":1763434800000,"orders":[{"amount":2095.0,"safe_price":0.15241,"ft_order_side":"buy","order_filled_timestamp":1763427600000,"ft_is_entry":true,"ft_order_tag":"","cost":319.61824894999995},{"amount":2095.0,"safe_price":0.1527151251251251,"ft_order_side":"sell","order_filled_timestamp":1763434800000,"ft_is_entry":false,"ft_order_tag":"roi","cost":320.2581253242742}],"funding_fees":0.0,"weekday":1},{"pair":"DOGE/USDT","stake_amount":319.24643,"max_stake_amount":319.24643,"amount":2137.0,"open_date":"2025-11-19 18:00:00+00:00","close_date":"2025-11-19 20:00:00+00:00","open_rate":0.14939,"close_rate":0.14968907907907905,"fee_open":0.001,"fee_close":0.001,"trade_duration":120,"profit_ratio":0.0,"profit_abs":0.0,"exit_reason":"roi","initial_stop_loss_abs":0.14193,"initial_stop_loss_ratio":-0.05,"stop_loss_abs":0.14193,"stop_loss_ratio":-0.05,"min_rate":0.14712,"max_rate":0.15089,"is_open":false,"enter_tag":"","leverage":1.0,"is_short":false,"open_timestamp":1763575200000,"close_timestamp":1763582400000,"orders":[{"amount":2137.0,"safe_price":0.14939,"ft_order_side":"buy","order_filled_timestamp":1763575200000,"ft_is_entry":true,"ft_order_tag":"","cost":319.56567642999994},{"amount":2137.0,"safe_price":0.14968907907907905,"ft_order_side":"sell","order_filled_timestamp":1763582400000,"ft_is_entry":false,"ft_order_tag":"roi","cost":320.2054475539839}],"funding_fees":0.0,"weekday":2},{"pair":"DOGE/USDT","stake_amount":319.29092,"max_stake_amount":319.29092,"amount":2119.0,"open_date":"2025-11-20 17:00:00+00:00","close_date":"2025-11-20 21:00:00+00:00","open_rate":0.15068,"close_rate":0.15098166166166166,"fee_open":0.001,"fee_close":0.001,"trade_duration":240,"profit_ratio":0.0,"profit_abs":0.0,"exit_reason":"roi","initial_stop_loss_abs":0.14315,"initial_stop_loss_ratio":-0.05,"stop_loss_abs":0.14315,"stop_loss_ratio":-0.05,"min_rate":0.14623,"max_rate":0.1523,"is_open":false,"enter_tag":"","leverage":1.0,"is_short":false,"open_timestamp":1763658000000,"close_timestamp":1763672400000,"orders":[{"amount":2119.0,"safe_price":0.15068,"ft_order_side":"buy","order_filled_timestamp":1763658000000,"ft_is_entry":true,"ft_order_tag":"","cost":319.61021092},{"amount":2119.0,"safe_price":0.15098166166166166,"ft_order_side":"sell","order_filled_timestamp":1763672400000,"ft_is_entry":false,"ft_order_tag":"roi","cost":320.2500712021221}],"funding_fees":0.0,"weekday":3},{"pair":"DOGE/USDT","stake_amount":319.17495,"max_stake_amount":319.17495,"amount":2195.0,"open_date":"2025-11-21 03:00:00+00:00","close_date":"2025-11-21 05:00:00+00:00","open_rate":0.14541,"close_rate":0.14764,"fee_open":0.001,"fee_close":0.001,"trade_duration":120,"profit_ratio":0.01330730338363926,"profit_abs":4.25160525,"exit_reason":"roi","initial_stop_loss_abs":0.13814,"initial_stop_loss_ratio":-0.05,"stop_loss_abs":0.13814,"stop_loss_ratio":-0.05,"min_rate":0.145,"max_rate":0.14825,"is_open":false,"enter_tag":"","leverage":1.0,"is_short":false,"open_timestamp":1763694000000,"close_timestamp":1763701200000,"orders":[{"amount":2195.0,"safe_price":0.14541,"ft_order_side":"buy","order_filled_timestamp":1763694000000,"ft_is_entry":true,"ft_order_tag":"","cost":319.49412495},{"amount":2195.0,"safe_price":0.14764,"ft_order_side":"sell","order_filled_timestamp":1763701200000,"ft_is_entry":false,"ft_order_tag":"roi","cost":324.39386979999995}],"funding_fees":0.0,"weekday":4},{"pair":"DOGE/USDT","stake_amount":320.69975,"max_stake_amount":320.69975,"amount":2285.0,"open_date":"2025-11-21 08:00:00+00:00","close_date":"2025-11-21 12:00:00+00:00","open_rate":0.14035,"close_rate":0.13334,"fee_open":0.001,"fee_close":0.001,"trade_duration":240,"profit_ratio":-0.05184477083301451,"profit_abs":-16.64323165,"exit_reason":"stop_loss","initial_stop_loss_abs":0.13334,"initial_stop_loss_ratio":-0.05,"stop_loss_abs":0.13334,"stop_loss_ratio":-0.05,"min_rate":0.13321,"max_rate":0.14234,"is_open":false,"enter_tag":"","leverage":1.0,"is_short":false,"open_timestamp":1763712000000,"close_timestamp":1763726400000,"orders":[{"amount":2285.0,"safe_price":0.14035,"ft_order_side":"buy","order_filled_timestamp":1763712000000,"ft_is_entry":true,"ft_order_tag":"","cost":321.02044974999995},{"amount":2285.0,"safe_price":0.13334,"ft_order_side":"sell","order_filled_timestamp":1763726400000,"ft_is_entry":false,"ft_order_tag":"stop_loss","cost":304.9865819}],"funding_fees":0.0,"weekday":4},{"pair":"DOGE/USDT","stake_amount":315.16128,"max_stake_amount":315.16128,"amount":2268.0,"open_date":"2025-11-21 21:00:00+00:00","close_date":"2025-11-21 23:00:00+00:00","open_rate":0.13896,"close_rate":0.1392381981981982,"fee_open":0.001,"fee_close":0.001,"trade_duration":120,"profit_ratio":0.0,"profit_abs":0.0,"exit_reason":"roi","initial_stop_loss_abs":0.13202,"initial_stop_loss_ratio":-0.05,"stop_loss_abs":0.13202,"stop_loss_ratio":-0.05,"min_rate":0.13574,"max_rate":0.14167,"is_open":false,"enter_tag":"","leverage":1.0,"is_short":false,"open_timestamp":1763758800000,"close_timestamp":1763766000000,"orders":[{"amount":2268.0,"safe_price":0.13896,"ft_order_side":"buy","order_filled_timestamp":1763758800000,"ft_is_entry":true,"ft_order_tag":"","cost":315.47644127999996},{"amount":2268.0,"safe_price":0.1392381981981982,"ft_order_side":"sell","order_filled_timestamp":1763766000000,"ft_is_entry":false,"ft_order_tag":"roi","cost":316.108025747027}],"funding_fees":0.0,"weekday":4},{"pair":"DOGE/USDT","stake_amount":315.1727,"max_stake_amount":315.1727,"amount":2290.0,"open_date":"2025-11-22 05:00:00+00:00","close_date":"2025-11-22 07:00:00+00:00","open_rate":0.13763,"close_rate":0.13906,"fee_open":0.001,"fee_close":0.001,"trade_duration":120,"profit_ratio":0.00837141496881379,"profit_abs":2.6410799,"exit_reason":"roi","initial_stop_loss_abs":0.13075,"initial_stop_loss_ratio":-0.05,"stop_loss_abs":0.13075,"stop_loss_ratio":-0.05,"min_rate":0.13579,"max_rate":0.14016,"is_open":false,"enter_tag":"","leverage":1.0,"is_short":false,"open_timestamp":1763787600000,"close_timestamp":1763794800000,"orders":[{"amount":2290.0,"safe_price":0.13763,"ft_order_side":"buy","order_filled_timestamp":1763787600000,"ft_is_entry":true,"ft_order_tag":"","cost":315.48787269999997},{"amount":2290.0,"safe_price":0.13906,"ft_order_side":"sell","order_filled_timestamp":1763794800000,"ft_is_entry":false,"ft_order_tag":"roi","cost":318.7658473999999}],"funding_fees":0.0,"weekday":5},{"pair":"DOGE/USDT","stake_amount":316.0388,"max_stake_amount":316.0388,"amount":2317.0,"open_date":"2025-11-22 14:00:00+00:00","close_date":"2025-11-22 16:00:00+00:00","open_rate":0.1364,"close_rate":0.13816,"fee_open":0.001,"fee_close":0.001,"trade_duration":120,"profit_ratio":0.010879443137507654,"profit_abs":3.44176448,"exit_reason":"roi","initial_stop_loss_abs":0.12958,"initial_stop_loss_ratio":-0.05,"stop_loss_abs":0.12958,"stop_loss_ratio":-0.05,"min_rate":0.13632,"max_rate":0.13977,"is_open":false,"enter_tag":"","leverage":1.0,"is_short":false,"open_timestamp":1763820000000,"close_timestamp":1763827200000,"orders":[{"amount":2317.0,"safe_price":0.1364,"ft_order_side":"buy","order_filled_timestamp":1763820000000,"ft_is_entry":true,"ft_order_tag":"","cost":316.3548387999999},{"amount":2317.0,"safe_price":0.13816,"ft_order_side":"sell","order_filled_timestamp":1763827200000,"ft_is_entry":false,"ft_order_tag":"roi","cost":320.43683672}],"funding_fees":0.0,"weekday":5},{"pair":"DOGE/USDT","stake_amount":317.22305,"max_stake_amount":317.22305,"amount":2489.0,"open_date":"2025-12-17 17:00:00+00:00","close_date":"2025-12-17 20:00:00+00:00","open_rate":0.12745,"close_rate":0.12770515515515513,"fee_open":0.001,"fee_close":0.001,"trade_duration":180,"profit_ratio":0.0,"profit_abs":0.0,"exit_reason":"roi","initial_stop_loss_abs":0.12108,"initial_stop_loss_ratio":-0.05,"stop_loss_abs":0.12108,"stop_loss_ratio":-0.05,"min_rate":0.12481,"max_rate":0.12814,"is_open":false,"enter_tag":"","leverage":1.0,"is_short":false,"open_timestamp":1765990800000,"close_timestamp":1766001600000,"orders":[{"amount":2489.0,"safe_price":0.12745,"ft_order_side":"buy","order_filled_timestamp":1765990800000,"ft_is_entry":true,"ft_order_tag":"","cost":317.54027304999994},{"amount":2489.0,"safe_price":0.12770515515515513,"ft_order_side":"sell","order_filled_timestamp":1766001600000,"ft_is_entry":false,"ft_order_tag":"roi","cost":318.1759893123622}],"funding_fees":0.0,"weekday":2},{"pair":"DOGE/USDT","stake_amount":317.20892,"max_stake_amount":317.20892,"amount":2566.0,"open_date":"2025-12-18 18:00:00+00:00","close_date":"2025-12-19 03:00:00+00:00","open_rate":0.12362,"close_rate":0.12386748748748747,"fee_open":0.001,"fee_close":0.001,"trade_duration":540,"profit_ratio":0.0,"profit_abs":0.0,"exit_reason":"roi","initial_stop_loss_abs":0.11744,"initial_stop_loss_ratio":-0.05,"stop_loss_abs":0.11744,"stop_loss_ratio":-0.05,"min_rate":0.11993,"max_rate":0.1263,"is_open":false,"enter_tag":"","leverage":1.0,"is_short":false,"open_timestamp":1766080800000,"close_timestamp":1766113200000,"orders":[{"amount":2566.0,"safe_price":0.12362,"ft_order_side":"buy","order_filled_timestamp":1766080800000,"ft_is_entry":true,"ft_order_tag":"","cost":317.52612891999996},{"amount":2566.0,"safe_price":0.12386748748748747,"ft_order_side":"sell","order_filled_timestamp":1766113200000,"ft_is_entry":false,"ft_order_tag":"roi","cost":318.1618168657857}],"funding_fees":0.0,"weekday":4},{"pair":"DOGE/USDT","stake_amount":317.12265,"max_stake_amount":317.12265,"amount":2265.0,"open_date":"2026-01-03 08:00:00+00:00","close_date":"2026-01-03 10:00:00+00:00","open_rate":0.14001,"close_rate":0.14262,"fee_open":0.001,"fee_close":0.001,"trade_duration":120,"profit_ratio":0.016606277801906686,"profit_abs":5.27149305,"exit_reason":"roi","initial_stop_loss_abs":0.13301,"initial_stop_loss_ratio":-0.05,"stop_loss_abs":0.13301,"stop_loss_ratio":-0.05,"min_rate":0.13938,"max_rate":0.14329,"is_open":false,"enter_tag":"","leverage":1.0,"is_short":false,"open_timestamp":1767427200000,"close_timestamp":1767434400000,"orders":[{"amount":2265.0,"safe_price":0.14001,"ft_order_side":"buy","order_filled_timestamp":1767427200000,"ft_is_entry":true,"ft_order_tag":"","cost":317.43977264999995},{"amount":2265.0,"safe_price":0.14262,"ft_order_side":"sell","order_filled_timestamp":1767434400000,"ft_is_entry":false,"ft_order_tag":"roi","cost":323.35733429999993}],"funding_fees":0.0,"weekday":5},{"pair":"DOGE/USDT","stake_amount":318.83432,"max_stake_amount":318.83432,"amount":2191.0,"open_date":"2026-01-06 17:00:00+00:00","close_date":"2026-01-06 19:00:00+00:00","open_rate":0.14552,"close_rate":0.1458113313313313,"fee_open":0.001,"fee_close":0.001,"trade_duration":120,"profit_ratio":0.0,"profit_abs":0.0,"exit_reason":"roi","initial_stop_loss_abs":0.13825,"initial_stop_loss_ratio":-0.05,"stop_loss_abs":0.13825,"stop_loss_ratio":-0.05,"min_rate":0.14352,"max_rate":0.14666,"is_open":false,"enter_tag":"","leverage":1.0,"is_short":false,"open_timestamp":1767718800000,"close_timestamp":1767726000000,"orders":[{"amount":2191.0,"safe_price":0.14552,"ft_order_side":"buy","order_filled_timestamp":1767718800000,"ft_is_entry":true,"ft_order_tag":"","cost":319.15315432},{"amount":2191.0,"safe_price":0.1458113313313313,"ft_order_side":"sell","order_filled_timestamp":1767726000000,"ft_is_entry":false,"ft_order_tag":"roi","cost":319.7920995738938}],"funding_fees":0.0,"weekday":1}],"locks":[],"best_pair":{"key":"DOGE/USDT","trades":52,"profit_mean":-0.0018866282904889456,"profit_mean_pct":-0.19,"profit_total_abs":-33.41295993999998,"profit_total":-0.03341295993999998,"profit_total_pct":-3.34,"duration_avg":"3:23:00","wins":24,"draws":20,"losses":8,"winrate":0.46153846153846156,"cagr":-0.120038977438651,"expectancy":-0.6425569219230767,"expectancy_ratio":-0.422826726590503,"sortino":-36.27393731263725,"sharpe":-0.8690472050695881,"calmar":-13.02748877330829,"sqn":-0.606,"profit_factor":0.7516262771617301,"max_drawdown_account":0.05051599835000002,"max_drawdown_abs":50.51599835},"worst_pair":{"key":"DOGE/USDT","trades":52,"profit_mean":-0.0018866282904889456,"profit_mean_pct":-0.19,"profit_total_abs":-33.41295993999998,"profit_total":-0.03341295993999998,"profit_total_pct":-3.34,"duration_avg":"3:23:00","wins":24,"draws":20,"losses":8,"winrate":0.46153846153846156,"cagr":-0.120038977438651,"expectancy":-0.6425569219230767,"expectancy_ratio":-0.422826726590503,"sortino":-36.27393731263725,"sharpe":-0.8690472050695881,"calmar":-13.02748877330829,"sqn":-0.606,"profit_factor":0.7516262771617301,"max_drawdown_account":0.05051599835000002,"max_drawdown_abs":50.51599835},"results_per_pair":[{"key":"DOGE/USDT","trades":52,"profit_mean":-0.0018866282904889456,"profit_mean_pct":-0.19,"profit_total_abs":-33.41295993999998,"profit_total":-0.03341295993999998,"profit_total_pct":-3.34,"duration_avg":"3:23:00","wins":24,"draws":20,"losses":8,"winrate":0.46153846153846156,"cagr":-0.120038977438651,"expectancy":-0.6425569219230767,"expectancy_ratio":-0.422826726590503,"sortino":-36.27393731263725,"sharpe":-0.8690472050695881,"calmar":-13.02748877330829,"sqn":-0.606,"profit_factor":0.7516262771617301,"max_drawdown_account":0.05051599835000002,"max_drawdown_abs":50.51599835},{"key":"TOTAL","trades":52,"profit_mean":-0.0018866282904889456,"profit_mean_pct":-0.19,"profit_total_abs":-33.41295993999998,"profit_total":-0.03341295993999998,"profit_total_pct":-3.34,"duration_avg":"3:23:00","wins":24,"draws":20,"losses":8,"winrate":0.46153846153846156,"cagr":-0.120038977438651,"expectancy":-0.6425569219230767,"expectancy_ratio":-0.422826726590503,"sortino":-36.27393731263725,"sharpe":-0.8690472050695881,"calmar":-13.02748877330829,"sqn":-0.606,"profit_factor":0.7516262771617301,"max_drawdown_account":0.05051599835000002,"max_drawdown_abs":50.51599835}],"results_per_enter_tag":[{"key":"","trades":52,"profit_mean":-0.0018866282904889456,"profit_mean_pct":-0.19,"profit_total_abs":-33.41295993999998,"profit_total":-0.03341295993999998,"profit_total_pct":-3.34,"duration_avg":"3:23:00","wins":24,"draws":20,"losses":8,"winrate":0.46153846153846156,"cagr":-0.120038977438651,"expectancy":-0.6425569219230767,"expectancy_ratio":-0.422826726590503,"sortino":-36.27393731263725,"sharpe":-0.8690472050695881,"calmar":-13.02748877330829,"sqn":-0.606,"profit_factor":0.7516262771617301,"max_drawdown_account":0.05051599835000002,"max_drawdown_abs":50.51599835},{"key":"TOTAL","trades":52,"profit_mean":-0.0018866282904889456,"profit_mean_pct":-0.19,"profit_total_abs":-33.41295993999998,"profit_total":-0.03341295993999998,"profit_total_pct":-3.34,"duration_avg":"3:23:00","wins":24,"draws":20,"losses":8,"winrate":0.46153846153846156,"cagr":-0.120038977438651,"expectancy":-0.6425569219230767,"expectancy_ratio":-0.422826726590503,"sortino":-36.27393731263725,"sharpe":-0.8690472050695881,"calmar":-13.02748877330829,"sqn":-0.606,"profit_factor":0.7516262771617301,"max_drawdown_account":0.05051599835000002,"max_drawdown_abs":50.51599835}],"exit_reason_summary":[{"key":"roi","trades":44,"profit_mean":0.0072018755021655174,"profit_mean_pct":0.72,"profit_total_abs":101.11399226,"profit_total":0.10111399226000001,"profit_total_pct":10.11,"duration_avg":"2:57:00","wins":24,"draws":20,"losses":0,"winrate":0.5454545454545454,"cagr":0.4368456949337505,"expectancy":2.2980452786363634,"expectancy_ratio":100.0,"sortino":-100,"sharpe":5.857810850868558,"calmar":-100,"sqn":4.4324,"profit_factor":0.0,"max_drawdown_account":0.0,"max_drawdown_abs":0.0},{"key":"stop_loss","trades":8,"profit_mean":-0.051873399150088484,"profit_mean_pct":-5.19,"profit_total_abs":-134.52695219999998,"profit_total":-0.1345269522,"profit_total_pct":-13.45,"duration_avg":"5:45:00","wins":0,"draws":0,"losses":8,"winrate":0.0,"cagr":-0.4193796998163747,"expectancy":-16.815869024999998,"expectancy_ratio":-1.0,"sortino":-146.045793001449,"sharpe":-146.045793001449,"calmar":-19.69584863354928,"sqn":-245.2299,"profit_factor":0.0,"max_drawdown_account":0.1345269522,"max_drawdown_abs":134.52695219999998},{"key":"TOTAL","trades":52,"profit_mean":-0.0018866282904889456,"profit_mean_pct":-0.19,"profit_total_abs":-33.41295993999998,"profit_total":-0.03341295993999998,"profit_total_pct":-3.34,"duration_avg":"3:23:00","wins":24,"draws":20,"losses":8,"winrate":0.46153846153846156,"cagr":-0.120038977438651,"expectancy":-0.6425569219230767,"expectancy_ratio":-0.422826726590503,"sortino":-36.27393731263725,"sharpe":-0.8690472050695881,"calmar":-13.02748877330829,"sqn":-0.606,"profit_factor":0.7516262771617301,"max_drawdown_account":0.05051599835000002,"max_drawdown_abs":50.51599835}],"mix_tag_stats":[{"key":["","roi"],"trades":44,"profit_mean":0.0072018755021655174,"profit_mean_pct":0.72,"profit_total_abs":101.11399226,"profit_total":0.10111399226000001,"profit_total_pct":10.11,"duration_avg":"2:57:00","wins":24,"draws":20,"losses":0,"winrate":0.5454545454545454,"cagr":0.4368456949337505,"expectancy":2.2980452786363634,"expectancy_ratio":100.0,"sortino":-100,"sharpe":5.857810850868558,"calmar":-100,"sqn":4.4324,"profit_factor":0.0,"max_drawdown_account":0.0,"max_drawdown_abs":0.0},{"key":["","stop_loss"],"trades":8,"profit_mean":-0.051873399150088484,"profit_mean_pct":-5.19,"profit_total_abs":-134.52695219999998,"profit_total":-0.1345269522,"profit_total_pct":-13.45,"duration_avg":"5:45:00","wins":0,"draws":0,"losses":8,"winrate":0.0,"cagr":-0.4193796998163747,"expectancy":-16.815869024999998,"expectancy_ratio":-1.0,"sortino":-146.045793001449,"sharpe":-146.045793001449,"calmar":-19.69584863354928,"sqn":-245.2299,"profit_factor":0.0,"max_drawdown_account":0.1345269522,"max_drawdown_abs":134.52695219999998},{"key":"TOTAL","trades":52,"profit_mean":-0.0018866282904889456,"profit_mean_pct":-0.19,"profit_total_abs":-33.41295993999998,"profit_total":-0.03341295993999998,"profit_total_pct":-3.34,"duration_avg":"3:23:00","wins":24,"draws":20,"losses":8,"winrate":0.46153846153846156,"cagr":-0.120038977438651,"expectancy":-0.6425569219230767,"expectancy_ratio":-0.422826726590503,"sortino":-36.27393731263725,"sharpe":-0.8690472050695881,"calmar":-13.02748877330829,"sqn":-0.606,"profit_factor":0.7516262771617301,"max_drawdown_account":0.05051599835000002,"max_drawdown_abs":50.51599835}],"left_open_trades":[{"key":"TOTAL","trades":0,"profit_mean":0.0,"profit_mean_pct":0.0,"profit_total_abs":0.0,"profit_total":0.0,"profit_total_pct":0.0,"duration_avg":"0:00","wins":0,"draws":0,"losses":0,"winrate":0.0,"cagr":0.0,"expectancy":0.0,"expectancy_ratio":100.0,"sortino":0,"sharpe":0,"calmar":0,"sqn":0.0,"profit_factor":0.0,"max_drawdown_account":0.0,"max_drawdown_abs":0.0}],"total_trades":52,"trade_count_long":52,"trade_count_short":0,"total_volume":33312.771043163215,"avg_stake_amount":319.99639442307694,"profit_mean":-0.0018866282904889456,"profit_median":0.0,"profit_total":-0.03341295993999998,"profit_total_long":-0.03341295993999998,"profit_total_short":0.0,"profit_total_abs":-33.41295993999998,"profit_total_long_abs":-33.41295993999998,"profit_total_short_abs":0.0,"cagr":-0.120038977438651,"expectancy":-0.6425569219230767,"expectancy_ratio":-0.422826726590503,"sortino":-36.27393731263725,"sharpe":-0.8690472050695881,"calmar":-13.02748877330829,"sqn":-0.606,"profit_factor":0.7516262771617301,"backtest_start":"2025-10-01 00:00:00","backtest_start_ts":1759276800000,"backtest_end":"2026-01-06 20:00:00","backtest_end_ts":1767729600000,"backtest_days":97,"backtest_run_start_ts":1767740681,"backtest_run_end_ts":1767740681,"trades_per_day":0.54,"market_change":-0.36632086436227446,"pairlist":["DOGE/USDT"],"stake_amount":"unlimited","stake_currency":"USDT","stake_currency_decimals":3,"starting_balance":1000,"dry_run_wallet":1000,"final_balance":966.58704006,"rejected_signals":0,"timedout_entry_orders":0,"timedout_exit_orders":0,"canceled_trade_entries":0,"canceled_entry_orders":0,"replaced_entry_orders":0,"max_open_trades":1,"max_open_trades_setting":3,"timeframe":"1h","timeframe_detail":"","timerange":"20251001-","enable_protections":false,"strategy_name":"ACO_2_17","freqaimodel":null,"freqai_identifier":null,"stoploss":-0.05,"trailing_stop":false,"trailing_stop_positive":null,"trailing_stop_positive_offset":0.0,"trailing_only_offset_is_reached":false,"use_custom_stoploss":false,"minimal_roi":{"0":0.1,"60":0.05,"120":0.0},"use_exit_signal":true,"exit_profit_only":false,"exit_profit_offset":0.0,"ignore_roi_if_entry_signal":false,"trading_mode":"spot","margin_mode":"","periodic_breakdown":{"day":[{"date":"10/10/2025","date_ts":1760054400000,"profit_abs":-50.51599835,"wins":0,"draws":0,"losses":3,"trades":3,"profit_factor":0.0},{"date":"11/10/2025","date_ts":1760140800000,"profit_abs":5.48293611,"wins":2,"draws":2,"losses":0,"trades":4,"profit_factor":0.0},{"date":"12/10/2025","date_ts":1760227200000,"profit_abs":15.74801,"wins":1,"draws":0,"losses":0,"trades":1,"profit_factor":0.0},{"date":"13/10/2025","date_ts":1760313600000,"profit_abs":7.90917912,"wins":1,"draws":0,"losses":0,"trades":1,"profit_factor":0.0},{"date":"14/10/2025","date_ts":1760400000000,"profit_abs":-7.73799054,"wins":2,"draws":1,"losses":1,"trades":4,"profit_factor":0.53841761},{"date":"15/10/2025","date_ts":1760486400000,"profit_abs":1.99098522,"wins":2,"draws":1,"losses":0,"trades":3,"profit_factor":0.0},{"date":"16/10/2025","date_ts":1760572800000,"profit_abs":-12.98190505,"wins":2,"draws":1,"losses":1,"trades":4,"profit_factor":0.22335542},{"date":"17/10/2025","date_ts":1760659200000,"profit_abs":0.0,"wins":0,"draws":1,"losses":0,"trades":1,"profit_factor":0.0},{"date":"18/10/2025","date_ts":1760745600000,"profit_abs":0.0,"wins":0,"draws":0,"losses":0,"trades":0,"profit_factor":0.0},{"date":"19/10/2025","date_ts":1760832000000,"profit_abs":0.0,"wins":0,"draws":0,"losses":0,"trades":0,"profit_factor":0.0},{"date":"20/10/2025","date_ts":1760918400000,"profit_abs":0.0,"wins":0,"draws":0,"losses":0,"trades":0,"profit_factor":0.0},{"date":"21/10/2025","date_ts":1761004800000,"profit_abs":0.0,"wins":0,"draws":0,"losses":0,"trades":0,"profit_factor":0.0},{"date":"22/10/2025","date_ts":1761091200000,"profit_abs":0.62516468,"wins":1,"draws":0,"losses":0,"trades":1,"profit_factor":0.0},{"date":"23/10/2025","date_ts":1761177600000,"profit_abs":3.26390805,"wins":1,"draws":0,"losses":0,"trades":1,"profit_factor":0.0},{"date":"24/10/2025","date_ts":1761264000000,"profit_abs":0.0,"wins":0,"draws":0,"losses":0,"trades":0,"profit_factor":0.0},{"date":"25/10/2025","date_ts":1761350400000,"profit_abs":0.0,"wins":0,"draws":0,"losses":0,"trades":0,"profit_factor":0.0},{"date":"26/10/2025","date_ts":1761436800000,"profit_abs":0.0,"wins":0,"draws":0,"losses":0,"trades":0,"profit_factor":0.0},{"date":"27/10/2025","date_ts":1761523200000,"profit_abs":0.0,"wins":0,"draws":0,"losses":0,"trades":0,"profit_factor":0.0},{"date":"28/10/2025","date_ts":1761609600000,"profit_abs":0.0,"wins":0,"draws":0,"losses":0,"trades":0,"profit_factor":0.0},{"date":"29/10/2025","date_ts":1761696000000,"profit_abs":0.0,"wins":0,"draws":0,"losses":0,"trades":0,"profit_factor":0.0},{"date":"30/10/2025","date_ts":1761782400000,"profit_abs":5.7310662,"wins":1,"draws":0,"losses":0,"trades":1,"profit_factor":0.0},{"date":"31/10/2025","date_ts":1761868800000,"profit_abs":0.0,"wins":0,"draws":1,"losses":0,"trades":1,"profit_factor":0.0},{"date":"01/11/2025","date_ts":1761955200000,"profit_abs":0.0,"wins":0,"draws":0,"losses":0,"trades":0,"profit_factor":0.0},{"date":"02/11/2025","date_ts":1762041600000,"profit_abs":0.0,"wins":0,"draws":0,"losses":0,"trades":0,"profit_factor":0.0},{"date":"03/11/2025","date_ts":1762128000000,"profit_abs":7.68223315,"wins":1,"draws":1,"losses":0,"trades":2,"profit_factor":0.0},{"date":"04/11/2025","date_ts":1762214400000,"profit_abs":9.78502234,"wins":2,"draws":1,"losses":0,"trades":3,"profit_factor":0.0},{"date":"05/11/2025","date_ts":1762300800000,"profit_abs":0.0,"wins":0,"draws":1,"losses":0,"trades":1,"profit_factor":0.0},{"date":"06/11/2025","date_ts":1762387200000,"profit_abs":0.0,"wins":0,"draws":0,"losses":0,"trades":0,"profit_factor":0.0},{"date":"07/11/2025","date_ts":1762473600000,"profit_abs":0.0,"wins":0,"draws":0,"losses":0,"trades":0,"profit_factor":0.0},{"date":"08/11/2025","date_ts":1762560000000,"profit_abs":6.31086736,"wins":1,"draws":1,"losses":0,"trades":2,"profit_factor":0.0},{"date":"09/11/2025","date_ts":1762646400000,"profit_abs":0.0,"wins":0,"draws":0,"losses":0,"trades":0,"profit_factor":0.0},{"date":"10/11/2025","date_ts":1762732800000,"profit_abs":0.0,"wins":0,"draws":0,"losses":0,"trades":0,"profit_factor":0.0},{"date":"11/11/2025","date_ts":1762819200000,"profit_abs":0.0,"wins":0,"draws":0,"losses":0,"trades":0,"profit_factor":0.0},{"date":"12/11/2025","date_ts":1762905600000,"profit_abs":-17.0189292,"wins":0,"draws":0,"losses":1,"trades":1,"profit_factor":0.0},{"date":"13/11/2025","date_ts":1762992000000,"profit_abs":0.0,"wins":0,"draws":0,"losses":0,"trades":0,"profit_factor":0.0},{"date":"14/11/2025","date_ts":1763078400000,"profit_abs":0.20626752,"wins":1,"draws":2,"losses":0,"trades":3,"profit_factor":0.0},{"date":"15/11/2025","date_ts":1763164800000,"profit_abs":8.01288042,"wins":2,"draws":0,"losses":0,"trades":2,"profit_factor":0.0},{"date":"16/11/2025","date_ts":1763251200000,"profit_abs":0.0,"wins":0,"draws":0,"losses":0,"trades":0,"profit_factor":0.0},{"date":"17/11/2025","date_ts":1763337600000,"profit_abs":0.0,"wins":0,"draws":0,"losses":0,"trades":0,"profit_factor":0.0},{"date":"18/11/2025","date_ts":1763424000000,"profit_abs":-16.869368,"wins":0,"draws":1,"losses":1,"trades":2,"profit_factor":0.0},{"date":"19/11/2025","date_ts":1763510400000,"profit_abs":0.0,"wins":0,"draws":1,"losses":0,"trades":1,"profit_factor":0.0},{"date":"20/11/2025","date_ts":1763596800000,"profit_abs":0.0,"wins":0,"draws":1,"losses":0,"trades":1,"profit_factor":0.0},{"date":"21/11/2025","date_ts":1763683200000,"profit_abs":-12.3916264,"wins":1,"draws":1,"losses":1,"trades":3,"profit_factor":0.25545551},{"date":"22/11/2025","date_ts":1763769600000,"profit_abs":6.08284438,"wins":2,"draws":0,"losses":0,"trades":2,"profit_factor":0.0},{"date":"23/11/2025","date_ts":1763856000000,"profit_abs":0.0,"wins":0,"draws":0,"losses":0,"trades":0,"profit_factor":0.0},{"date":"24/11/2025","date_ts":1763942400000,"profit_abs":0.0,"wins":0,"draws":0,"losses":0,"trades":0,"profit_factor":0.0},{"date":"25/11/2025","date_ts":1764028800000,"profit_abs":0.0,"wins":0,"draws":0,"losses":0,"trades":0,"profit_factor":0.0},{"date":"26/11/2025","date_ts":1764115200000,"profit_abs":0.0,"wins":0,"draws":0,"losses":0,"trades":0,"profit_factor":0.0},{"date":"27/11/2025","date_ts":1764201600000,"profit_abs":0.0,"wins":0,"draws":0,"losses":0,"trades":0,"profit_factor":0.0},{"date":"28/11/2025","date_ts":1764288000000,"profit_abs":0.0,"wins":0,"draws":0,"losses":0,"trades":0,"profit_factor":0.0},{"date":"29/11/2025","date_ts":1764374400000,"profit_abs":0.0,"wins":0,"draws":0,"losses":0,"trades":0,"profit_factor":0.0},{"date":"30/11/2025","date_ts":1764460800000,"profit_abs":0.0,"wins":0,"draws":0,"losses":0,"trades":0,"profit_factor":0.0},{"date":"01/12/2025","date_ts":1764547200000,"profit_abs":0.0,"wins":0,"draws":0,"losses":0,"trades":0,"profit_factor":0.0},{"date":"02/12/2025","date_ts":1764633600000,"profit_abs":0.0,"wins":0,"draws":0,"losses":0,"trades":0,"profit_factor":0.0},{"date":"03/12/2025","date_ts":1764720000000,"profit_abs":0.0,"wins":0,"draws":0,"losses":0,"trades":0,"profit_factor":0.0},{"date":"04/12/2025","date_ts":1764806400000,"profit_abs":0.0,"wins":0,"draws":0,"losses":0,"trades":0,"profit_factor":0.0},{"date":"05/12/2025","date_ts":1764892800000,"profit_abs":0.0,"wins":0,"draws":0,"losses":0,"trades":0,"profit_factor":0.0},{"date":"06/12/2025","date_ts":1764979200000,"profit_abs":0.0,"wins":0,"draws":0,"losses":0,"trades":0,"profit_factor":0.0},{"date":"07/12/2025","date_ts":1765065600000,"profit_abs":0.0,"wins":0,"draws":0,"losses":0,"trades":0,"profit_factor":0.0},{"date":"08/12/2025","date_ts":1765152000000,"profit_abs":0.0,"wins":0,"draws":0,"losses":0,"trades":0,"profit_factor":0.0},{"date":"09/12/2025","date_ts":1765238400000,"profit_abs":0.0,"wins":0,"draws":0,"losses":0,"trades":0,"profit_factor":0.0},{"date":"10/12/2025","date_ts":1765324800000,"profit_abs":0.0,"wins":0,"draws":0,"losses":0,"trades":0,"profit_factor":0.0},{"date":"11/12/2025","date_ts":1765411200000,"profit_abs":0.0,"wins":0,"draws":0,"losses":0,"trades":0,"profit_factor":0.0},{"date":"12/12/2025","date_ts":1765497600000,"profit_abs":0.0,"wins":0,"draws":0,"losses":0,"trades":0,"profit_factor":0.0},{"date":"13/12/2025","date_ts":1765584000000,"profit_abs":0.0,"wins":0,"draws":0,"losses":0,"trades":0,"profit_factor":0.0},{"date":"14/12/2025","date_ts":1765670400000,"profit_abs":0.0,"wins":0,"draws":0,"losses":0,"trades":0,"profit_factor":0.0},{"date":"15/12/2025","date_ts":1765756800000,"profit_abs":0.0,"wins":0,"draws":0,"losses":0,"trades":0,"profit_factor":0.0},{"date":"16/12/2025","date_ts":1765843200000,"profit_abs":0.0,"wins":0,"draws":0,"losses":0,"trades":0,"profit_factor":0.0},{"date":"17/12/2025","date_ts":1765929600000,"profit_abs":0.0,"wins":0,"draws":1,"losses":0,"trades":1,"profit_factor":0.0},{"date":"18/12/2025","date_ts":1766016000000,"profit_abs":0.0,"wins":0,"draws":0,"losses":0,"trades":0,"profit_factor":0.0},{"date":"19/12/2025","date_ts":1766102400000,"profit_abs":0.0,"wins":0,"draws":1,"losses":0,"trades":1,"profit_factor":0.0},{"date":"20/12/2025","date_ts":1766188800000,"profit_abs":0.0,"wins":0,"draws":0,"losses":0,"trades":0,"profit_factor":0.0},{"date":"21/12/2025","date_ts":1766275200000,"profit_abs":0.0,"wins":0,"draws":0,"losses":0,"trades":0,"profit_factor":0.0},{"date":"22/12/2025","date_ts":1766361600000,"profit_abs":0.0,"wins":0,"draws":0,"losses":0,"trades":0,"profit_factor":0.0},{"date":"23/12/2025","date_ts":1766448000000,"profit_abs":0.0,"wins":0,"draws":0,"losses":0,"trades":0,"profit_factor":0.0},{"date":"24/12/2025","date_ts":1766534400000,"profit_abs":0.0,"wins":0,"draws":0,"losses":0,"trades":0,"profit_factor":0.0},{"date":"25/12/2025","date_ts":1766620800000,"profit_abs":0.0,"wins":0,"draws":0,"losses":0,"trades":0,"profit_factor":0.0},{"date":"26/12/2025","date_ts":1766707200000,"profit_abs":0.0,"wins":0,"draws":0,"losses":0,"trades":0,"profit_factor":0.0},{"date":"27/12/2025","date_ts":1766793600000,"profit_abs":0.0,"wins":0,"draws":0,"losses":0,"trades":0,"profit_factor":0.0},{"date":"28/12/2025","date_ts":1766880000000,"profit_abs":0.0,"wins":0,"draws":0,"losses":0,"trades":0,"profit_factor":0.0},{"date":"29/12/2025","date_ts":1766966400000,"profit_abs":0.0,"wins":0,"draws":0,"losses":0,"trades":0,"profit_factor":0.0},{"date":"30/12/2025","date_ts":1767052800000,"profit_abs":0.0,"wins":0,"draws":0,"losses":0,"trades":0,"profit_factor":0.0},{"date":"31/12/2025","date_ts":1767139200000,"profit_abs":0.0,"wins":0,"draws":0,"losses":0,"trades":0,"profit_factor":0.0},{"date":"01/01/2026","date_ts":1767225600000,"profit_abs":0.0,"wins":0,"draws":0,"losses":0,"trades":0,"profit_factor":0.0},{"date":"02/01/2026","date_ts":1767312000000,"profit_abs":0.0,"wins":0,"draws":0,"losses":0,"trades":0,"profit_factor":0.0},{"date":"03/01/2026","date_ts":1767398400000,"profit_abs":5.27149305,"wins":1,"draws":0,"losses":0,"trades":1,"profit_factor":0.0},{"date":"04/01/2026","date_ts":1767484800000,"profit_abs":0.0,"wins":0,"draws":0,"losses":0,"trades":0,"profit_factor":0.0},{"date":"05/01/2026","date_ts":1767571200000,"profit_abs":0.0,"wins":0,"draws":0,"losses":0,"trades":0,"profit_factor":0.0},{"date":"06/01/2026","date_ts":1767657600000,"profit_abs":0.0,"wins":0,"draws":1,"losses":0,"trades":1,"profit_factor":0.0}],"week":[{"date":"13/10/2025","date_ts":1760313600000,"profit_abs":-21.37587312,"wins":4,"draws":2,"losses":3,"trades":9,"profit_factor":0.57684944},{"date":"20/10/2025","date_ts":1760918400000,"profit_abs":-18.72891037,"wins":6,"draws":4,"losses":2,"trades":12,"profit_factor":0.44058447},{"date":"27/10/2025","date_ts":1761523200000,"profit_abs":3.88907273,"wins":2,"draws":0,"losses":0,"trades":2,"profit_factor":0.0},{"date":"03/11/2025","date_ts":1762128000000,"profit_abs":13.41329935,"wins":2,"draws":2,"losses":0,"trades":4,"profit_factor":0.0},{"date":"10/11/2025","date_ts":1762732800000,"profit_abs":16.0958897,"wins":3,"draws":3,"losses":0,"trades":6,"profit_factor":0.0},{"date":"17/11/2025","date_ts":1763337600000,"profit_abs":-8.79978126,"wins":3,"draws":2,"losses":1,"trades":6,"profit_factor":0.48294154},{"date":"24/11/2025","date_ts":1763942400000,"profit_abs":-23.17815002,"wins":3,"draws":4,"losses":2,"trades":9,"profit_factor":0.30837505},{"date":"01/12/2025","date_ts":1764547200000,"profit_abs":0.0,"wins":0,"draws":0,"losses":0,"trades":0,"profit_factor":0.0},{"date":"08/12/2025","date_ts":1765152000000,"profit_abs":0.0,"wins":0,"draws":0,"losses":0,"trades":0,"profit_factor":0.0},{"date":"15/12/2025","date_ts":1765756800000,"profit_abs":0.0,"wins":0,"draws":0,"losses":0,"trades":0,"profit_factor":0.0},{"date":"22/12/2025","date_ts":1766361600000,"profit_abs":0.0,"wins":0,"draws":2,"losses":0,"trades":2,"profit_factor":0.0},{"date":"29/12/2025","date_ts":1766966400000,"profit_abs":0.0,"wins":0,"draws":0,"losses":0,"trades":0,"profit_factor":0.0},{"date":"05/01/2026","date_ts":1767571200000,"profit_abs":5.27149305,"wins":1,"draws":0,"losses":0,"trades":1,"profit_factor":0.0},{"date":"12/01/2026","date_ts":1768176000000,"profit_abs":0.0,"wins":0,"draws":1,"losses":0,"trades":1,"profit_factor":0.0}],"month":[{"date":"31/10/2025","date_ts":1761868800000,"profit_abs":-30.48464456,"wins":13,"draws":7,"losses":5,"trades":25,"profit_factor":0.63706779},{"date":"30/11/2025","date_ts":1764460800000,"profit_abs":-8.19980843,"wins":10,"draws":10,"losses":3,"trades":23,"profit_factor":0.83772887},{"date":"31/12/2025","date_ts":1767139200000,"profit_abs":0.0,"wins":0,"draws":2,"losses":0,"trades":2,"profit_factor":0.0},{"date":"31/01/2026","date_ts":1769817600000,"profit_abs":5.27149305,"wins":1,"draws":1,"losses":0,"trades":2,"profit_factor":0.0}],"year":[{"date":"31/12/2025","date_ts":1767139200000,"profit_abs":-38.68445299,"wins":23,"draws":19,"losses":8,"trades":50,"profit_factor":0.71244087},{"date":"31/12/2026","date_ts":1798675200000,"profit_abs":5.27149305,"wins":1,"draws":1,"losses":0,"trades":2,"profit_factor":0.0}],"weekday":[{"date":"Monday","date_ts":0,"profit_abs":15.59141227,"wins":2,"draws":1,"losses":0,"trades":3,"profit_factor":0.0},{"date":"Tuesday","date_ts":1,"profit_abs":-14.8223362,"wins":4,"draws":4,"losses":2,"trades":10,"profit_factor":0.55929736},{"date":"Wednesday","date_ts":2,"profit_abs":-14.4027793,"wins":3,"draws":4,"losses":1,"trades":8,"profit_factor":0.15372001},{"date":"Thursday","date_ts":3,"profit_abs":-3.9869308,"wins":4,"draws":2,"losses":1,"trades":7,"profit_factor":0.76148122},{"date":"Friday","date_ts":4,"profit_abs":-62.70135723,"wins":2,"draws":6,"losses":4,"trades":12,"profit_factor":0.06637766},{"date":"Saturday","date_ts":5,"profit_abs":31.16102132,"wins":8,"draws":3,"losses":0,"trades":11,"profit_factor":0.0},{"date":"Sunday","date_ts":6,"profit_abs":15.74801,"wins":1,"draws":0,"losses":0,"trades":1,"profit_factor":0.0}]},"backtest_best_day":0.04995004995004995,"backtest_worst_day":-0.15563029907530515,"backtest_best_day_abs":15.74801,"backtest_worst_day_abs":-50.51599835,"winning_days":14,"draw_days":69,"losing_days":6,"daily_profit":[["2025-10-10",-50.51599835],["2025-10-11",5.48293611],["2025-10-12",15.74801],["2025-10-13",7.90917912],["2025-10-14",-7.73799054],["2025-10-15",1.99098522],["2025-10-16",-12.98190505],["2025-10-17",0.0],["2025-10-18",0.0],["2025-10-19",0.0],["2025-10-20",0.0],["2025-10-21",0.0],["2025-10-22",0.62516468],["2025-10-23",3.26390805],["2025-10-24",0.0],["2025-10-25",0.0],["2025-10-26",0.0],["2025-10-27",0.0],["2025-10-28",0.0],["2025-10-29",0.0],["2025-10-30",5.7310662],["2025-10-31",0.0],["2025-11-01",0.0],["2025-11-02",0.0],["2025-11-03",7.68223315],["2025-11-04",9.78502234],["2025-11-05",0.0],["2025-11-06",0.0],["2025-11-07",0.0],["2025-11-08",6.31086736],["2025-11-09",0.0],["2025-11-10",0.0],["2025-11-11",0.0],["2025-11-12",-17.0189292],["2025-11-13",0.0],["2025-11-14",0.20626752],["2025-11-15",8.01288042],["2025-11-16",0.0],["2025-11-17",0.0],["2025-11-18",-16.869368],["2025-11-19",0.0],["2025-11-20",0.0],["2025-11-21",-12.3916264],["2025-11-22",6.08284438],["2025-11-23",0.0],["2025-11-24",0.0],["2025-11-25",0.0],["2025-11-26",0.0],["2025-11-27",0.0],["2025-11-28",0.0],["2025-11-29",0.0],["2025-11-30",0.0],["2025-12-01",0.0],["2025-12-02",0.0],["2025-12-03",0.0],["2025-12-04",0.0],["2025-12-05",0.0],["2025-12-06",0.0],["2025-12-07",0.0],["2025-12-08",0.0],["2025-12-09",0.0],["2025-12-10",0.0],["2025-12-11",0.0],["2025-12-12",0.0],["2025-12-13",0.0],["2025-12-14",0.0],["2025-12-15",0.0],["2025-12-16",0.0],["2025-12-17",0.0],["2025-12-18",0.0],["2025-12-19",0.0],["2025-12-20",0.0],["2025-12-21",0.0],["2025-12-22",0.0],["2025-12-23",0.0],["2025-12-24",0.0],["2025-12-25",0.0],["2025-12-26",0.0],["2025-12-27",0.0],["2025-12-28",0.0],["2025-12-29",0.0],["2025-12-30",0.0],["2025-12-31",0.0],["2026-01-01",0.0],["2026-01-02",0.0],["2026-01-03",5.27149305],["2026-01-04",0.0],["2026-01-05",0.0],["2026-01-06",0.0]],"wins":24,"losses":8,"draws":20,"winrate":0.46153846153846156,"holding_avg":"3:23:00","holding_avg_s":12180.0,"winner_holding_min":"0d 01:00","winner_holding_min_s":3600.0,"winner_holding_max":"0d 02:00","winner_holding_max_s":7200.0,"winner_holding_avg":"0d 01:58","winner_holding_avg_s":7080.0,"loser_holding_min":"0d 00:00","loser_holding_min_s":0.0,"loser_holding_max":"0d 21:00","loser_holding_max_s":75600.0,"loser_holding_avg":"0d 05:45","loser_holding_avg_s":20700.0,"max_consecutive_wins":3,"max_consecutive_losses":4,"max_drawdown_account":0.05051599835000002,"max_relative_drawdown":0.05051599835000002,"max_drawdown_abs":50.51599835,"drawdown_start":"2025-10-10 20:00:00","drawdown_start_ts":1760126400000.0,"drawdown_end":"2025-10-10 22:00:00","drawdown_end_ts":1760133600000.0,"drawdown_duration":"0 days 02:00:00","drawdown_duration_s":7200.0,"max_drawdown_low":-50.51599835,"max_drawdown_high":0.0,"csum_min":949.48400165,"csum_max":993.29347829}},"strategy_comparison":[{"key":"ACO_2_17","trades":52,"profit_mean":-0.0018866282904889456,"profit_mean_pct":-0.19,"profit_total_abs":-33.41295993999998,"profit_total":-0.03341295993999998,"profit_total_pct":-3.34,"duration_avg":"3:23:00","wins":24,"draws":20,"losses":8,"winrate":0.46153846153846156,"cagr":-0.120038977438651,"expectancy":-0.6425569219230767,"expectancy_ratio":-0.422826726590503,"sortino":-36.27393731263725,"sharpe":-0.8690472050695881,"calmar":-13.02748877330829,"sqn":-0.606,"profit_factor":0.7516262771617301,"max_drawdown_account":0.05051599835000002,"max_drawdown_abs":"50.516"}]}