{"strategy":{"ACO_3_2":{"trades":[{"pair":"DOGE/USDT","stake_amount":329.98174,"max_stake_amount":329.98174,"amount":1774.0,"open_date":"2025-10-18 01:00:00+00:00","close_date":"2025-10-18 03:00:00+00:00","open_rate":0.18601,"close_rate":0.18601,"fee_open":0.001,"fee_close":0.001,"trade_duration":120,"profit_ratio":-0.001998001998001998,"profit_abs":-0.65996348,"exit_reason":"exit_signal","initial_stop_loss_abs":0.17671,"initial_stop_loss_ratio":-0.05,"stop_loss_abs":0.17671,"stop_loss_ratio":-0.05,"min_rate":0.18568,"max_rate":0.18854,"is_open":false,"enter_tag":"","leverage":1.0,"is_short":false,"open_timestamp":1760749200000,"close_timestamp":1760756400000,"orders":[{"amount":1774.0,"safe_price":0.18601,"ft_order_side":"buy","order_filled_timestamp":1760749200000,"ft_is_entry":true,"ft_order_tag":"","cost":330.31172173999994},{"amount":1774.0,"safe_price":0.18601,"ft_order_side":"sell","order_filled_timestamp":1760756400000,"ft_is_entry":false,"ft_order_tag":"exit_signal","cost":330.31172173999994}],"funding_fees":0.0,"weekday":5},{"pair":"DOGE/USDT","stake_amount":329.67645,"max_stake_amount":329.67645,"amount":2355.0,"open_date":"2025-12-08 02:00:00+00:00","close_date":"2025-12-08 04:00:00+00:00","open_rate":0.13999,"close_rate":0.14031,"fee_open":0.001,"fee_close":0.001,"trade_duration":120,"profit_ratio":0.0002833083767436221,"profit_abs":0.0934935,"exit_reason":"roi","initial_stop_loss_abs":0.133,"initial_stop_loss_ratio":-0.05,"stop_loss_abs":0.133,"stop_loss_ratio":-0.05,"min_rate":0.1396,"max_rate":0.14144,"is_open":false,"enter_tag":"","leverage":1.0,"is_short":false,"open_timestamp":1765159200000,"close_timestamp":1765166400000,"orders":[{"amount":2355.0,"safe_price":0.13999,"ft_order_side":"buy","order_filled_timestamp":1765159200000,"ft_is_entry":true,"ft_order_tag":"","cost":330.00612644999995},{"amount":2355.0,"safe_price":0.14031,"ft_order_side":"sell","order_filled_timestamp":1765166400000,"ft_is_entry":false,"ft_order_tag":"roi","cost":330.76048004999996}],"funding_fees":0.0,"weekday":0},{"pair":"DOGE/USDT","stake_amount":329.72913,"max_stake_amount":329.72913,"amount":2349.0,"open_date":"2025-12-12 02:00:00+00:00","close_date":"2025-12-12 04:00:00+00:00","open_rate":0.14037,"close_rate":0.14065102102102098,"fee_open":0.001,"fee_close":0.001,"trade_duration":120,"profit_ratio":0.0,"profit_abs":0.0,"exit_reason":"roi","initial_stop_loss_abs":0.13336,"initial_stop_loss_ratio":-0.05,"stop_loss_abs":0.13336,"stop_loss_ratio":-0.05,"min_rate":0.1401,"max_rate":0.14133,"is_open":false,"enter_tag":"","leverage":1.0,"is_short":false,"open_timestamp":1765504800000,"close_timestamp":1765512000000,"orders":[{"amount":2349.0,"safe_price":0.14037,"ft_order_side":"buy","order_filled_timestamp":1765504800000,"ft_is_entry":true,"ft_order_tag":"","cost":330.05885913},{"amount":2349.0,"safe_price":0.14065102102102098,"ft_order_side":"sell","order_filled_timestamp":1765512000000,"ft_is_entry":false,"ft_order_tag":"roi","cost":330.71963762675665}],"funding_fees":0.0,"weekday":4},{"pair":"DOGE/USDT","stake_amount":329.74955,"max_stake_amount":329.74955,"amount":2405.0,"open_date":"2025-12-15 10:00:00+00:00","close_date":"2025-12-15 14:00:00+00:00","open_rate":0.13711,"close_rate":0.1373844944944945,"fee_open":0.001,"fee_close":0.001,"trade_duration":240,"profit_ratio":0.0,"profit_abs":0.0,"exit_reason":"roi","initial_stop_loss_abs":0.13026,"initial_stop_loss_ratio":-0.05,"stop_loss_abs":0.13026,"stop_loss_ratio":-0.05,"min_rate":0.13272,"max_rate":0.13774,"is_open":false,"enter_tag":"","leverage":1.0,"is_short":false,"open_timestamp":1765792800000,"close_timestamp":1765807200000,"orders":[{"amount":2405.0,"safe_price":0.13711,"ft_order_side":"buy","order_filled_timestamp":1765792800000,"ft_is_entry":true,"ft_order_tag":"","cost":330.07929955},{"amount":2405.0,"safe_price":0.1373844944944945,"ft_order_side":"sell","order_filled_timestamp":1765807200000,"ft_is_entry":false,"ft_order_tag":"roi","cost":330.7401189685185}],"funding_fees":0.0,"weekday":0}],"locks":[],"best_pair":{"key":"DOGE/USDT","trades":4,"profit_mean":-0.000428673405314594,"profit_mean_pct":-0.04,"profit_total_abs":-0.56646998,"profit_total":-0.00056646998,"profit_total_pct":-0.06,"duration_avg":"2:30:00","wins":1,"draws":2,"losses":1,"winrate":0.25,"cagr":-0.0021298948051804434,"expectancy":-0.141617495,"expectancy_ratio":-0.7145838357601242,"sortino":-100,"sharpe":-0.36981854615735293,"calmar":-16.905642993351538,"sqn":-0.813,"profit_factor":0.14166465695950325,"max_drawdown_account":0.0006599634799999876,"max_drawdown_abs":0.65996348},"worst_pair":{"key":"DOGE/USDT","trades":4,"profit_mean":-0.000428673405314594,"profit_mean_pct":-0.04,"profit_total_abs":-0.56646998,"profit_total":-0.00056646998,"profit_total_pct":-0.06,"duration_avg":"2:30:00","wins":1,"draws":2,"losses":1,"winrate":0.25,"cagr":-0.0021298948051804434,"expectancy":-0.141617495,"expectancy_ratio":-0.7145838357601242,"sortino":-100,"sharpe":-0.36981854615735293,"calmar":-16.905642993351538,"sqn":-0.813,"profit_factor":0.14166465695950325,"max_drawdown_account":0.0006599634799999876,"max_drawdown_abs":0.65996348},"results_per_pair":[{"key":"DOGE/USDT","trades":4,"profit_mean":-0.000428673405314594,"profit_mean_pct":-0.04,"profit_total_abs":-0.56646998,"profit_total":-0.00056646998,"profit_total_pct":-0.06,"duration_avg":"2:30:00","wins":1,"draws":2,"losses":1,"winrate":0.25,"cagr":-0.0021298948051804434,"expectancy":-0.141617495,"expectancy_ratio":-0.7145838357601242,"sortino":-100,"sharpe":-0.36981854615735293,"calmar":-16.905642993351538,"sqn":-0.813,"profit_factor":0.14166465695950325,"max_drawdown_account":0.0006599634799999876,"max_drawdown_abs":0.65996348},{"key":"TOTAL","trades":4,"profit_mean":-0.000428673405314594,"profit_mean_pct":-0.04,"profit_total_abs":-0.56646998,"profit_total":-0.00056646998,"profit_total_pct":-0.06,"duration_avg":"2:30:00","wins":1,"draws":2,"losses":1,"winrate":0.25,"cagr":-0.0021298948051804434,"expectancy":-0.141617495,"expectancy_ratio":-0.7145838357601242,"sortino":-100,"sharpe":-0.36981854615735293,"calmar":-16.905642993351538,"sqn":-0.813,"profit_factor":0.14166465695950325,"max_drawdown_account":0.0006599634799999876,"max_drawdown_abs":0.65996348}],"results_per_enter_tag":[{"key":"","trades":4,"profit_mean":-0.000428673405314594,"profit_mean_pct":-0.04,"profit_total_abs":-0.56646998,"profit_total":-0.00056646998,"profit_total_pct":-0.06,"duration_avg":"2:30:00","wins":1,"draws":2,"losses":1,"winrate":0.25,"cagr":-0.0021298948051804434,"expectancy":-0.141617495,"expectancy_ratio":-0.7145838357601242,"sortino":-100,"sharpe":-0.36981854615735293,"calmar":-16.905642993351538,"sqn":-0.813,"profit_factor":0.14166465695950325,"max_drawdown_account":0.0006599634799999876,"max_drawdown_abs":0.65996348},{"key":"TOTAL","trades":4,"profit_mean":-0.000428673405314594,"profit_mean_pct":-0.04,"profit_total_abs":-0.56646998,"profit_total":-0.00056646998,"profit_total_pct":-0.06,"duration_avg":"2:30:00","wins":1,"draws":2,"losses":1,"winrate":0.25,"cagr":-0.0021298948051804434,"expectancy":-0.141617495,"expectancy_ratio":-0.7145838357601242,"sortino":-100,"sharpe":-0.36981854615735293,"calmar":-16.905642993351538,"sqn":-0.813,"profit_factor":0.14166465695950325,"max_drawdown_account":0.0006599634799999876,"max_drawdown_abs":0.65996348}],"exit_reason_summary":[{"key":"roi","trades":3,"profit_mean":9.443612558120737e-05,"profit_mean_pct":0.01,"profit_total_abs":0.0934935,"profit_total":9.349349999999999e-05,"profit_total_pct":0.01,"duration_avg":"2:40:00","wins":1,"draws":2,"losses":0,"winrate":0.3333333333333333,"cagr":0.00035185087841327345,"expectancy":0.031164499999999998,"expectancy_ratio":100.0,"sortino":-100,"sharpe":0.41781204390019466,"calmar":-100,"sqn":1.0,"profit_factor":0.0,"max_drawdown_account":0.0,"max_drawdown_abs":0.0},{"key":"exit_signal","trades":1,"profit_mean":-0.001998001998001998,"profit_mean_pct":-0.2,"profit_total_abs":-0.65996348,"profit_total":-0.0006599634800000001,"profit_total_pct":-0.07,"duration_avg":"2:00:00","wins":0,"draws":0,"losses":1,"winrate":0.0,"cagr":-0.002481104520310251,"expectancy":-0.65996348,"expectancy_ratio":-1.0,"sortino":-100,"sharpe":-100,"calmar":-19.69584863354965,"sqn":-100.0,"profit_factor":0.0,"max_drawdown_account":0.0006599634799999876,"max_drawdown_abs":0.65996348},{"key":"TOTAL","trades":4,"profit_mean":-0.000428673405314594,"profit_mean_pct":-0.04,"profit_total_abs":-0.56646998,"profit_total":-0.00056646998,"profit_total_pct":-0.06,"duration_avg":"2:30:00","wins":1,"draws":2,"losses":1,"winrate":0.25,"cagr":-0.0021298948051804434,"expectancy":-0.141617495,"expectancy_ratio":-0.7145838357601242,"sortino":-100,"sharpe":-0.36981854615735293,"calmar":-16.905642993351538,"sqn":-0.813,"profit_factor":0.14166465695950325,"max_drawdown_account":0.0006599634799999876,"max_drawdown_abs":0.65996348}],"mix_tag_stats":[{"key":["","roi"],"trades":3,"profit_mean":9.443612558120737e-05,"profit_mean_pct":0.01,"profit_total_abs":0.0934935,"profit_total":9.349349999999999e-05,"profit_total_pct":0.01,"duration_avg":"2:40:00","wins":1,"draws":2,"losses":0,"winrate":0.3333333333333333,"cagr":0.00035185087841327345,"expectancy":0.031164499999999998,"expectancy_ratio":100.0,"sortino":-100,"sharpe":0.41781204390019466,"calmar":-100,"sqn":1.0,"profit_factor":0.0,"max_drawdown_account":0.0,"max_drawdown_abs":0.0},{"key":["","exit_signal"],"trades":1,"profit_mean":-0.001998001998001998,"profit_mean_pct":-0.2,"profit_total_abs":-0.65996348,"profit_total":-0.0006599634800000001,"profit_total_pct":-0.07,"duration_avg":"2:00:00","wins":0,"draws":0,"losses":1,"winrate":0.0,"cagr":-0.002481104520310251,"expectancy":-0.65996348,"expectancy_ratio":-1.0,"sortino":-100,"sharpe":-100,"calmar":-19.69584863354965,"sqn":-100.0,"profit_factor":0.0,"max_drawdown_account":0.0006599634799999876,"max_drawdown_abs":0.65996348},{"key":"TOTAL","trades":4,"profit_mean":-0.000428673405314594,"profit_mean_pct":-0.04,"profit_total_abs":-0.56646998,"profit_total":-0.00056646998,"profit_total_pct":-0.06,"duration_avg":"2:30:00","wins":1,"draws":2,"losses":1,"winrate":0.25,"cagr":-0.0021298948051804434,"expectancy":-0.141617495,"expectancy_ratio":-0.7145838357601242,"sortino":-100,"sharpe":-0.36981854615735293,"calmar":-16.905642993351538,"sqn":-0.813,"profit_factor":0.14166465695950325,"max_drawdown_account":0.0006599634799999876,"max_drawdown_abs":0.65996348}],"left_open_trades":[{"key":"TOTAL","trades":0,"profit_mean":0.0,"profit_mean_pct":0.0,"profit_total_abs":0.0,"profit_total":0.0,"profit_total_pct":0.0,"duration_avg":"0:00","wins":0,"draws":0,"losses":0,"winrate":0.0,"cagr":0.0,"expectancy":0.0,"expectancy_ratio":100.0,"sortino":0,"sharpe":0,"calmar":0,"sqn":0.0,"profit_factor":0.0,"max_drawdown_account":0.0,"max_drawdown_abs":0.0}],"total_trades":4,"trade_count_long":4,"trade_count_short":0,"total_volume":2642.9879652552745,"avg_stake_amount":329.7842175,"profit_mean":-0.000428673405314594,"profit_median":0.0,"profit_total":-0.00056646998,"profit_total_long":-0.00056646998,"profit_total_short":0.0,"profit_total_abs":-0.56646998,"profit_total_long_abs":-0.56646998,"profit_total_short_abs":0.0,"cagr":-0.0021298948051804434,"expectancy":-0.141617495,"expectancy_ratio":-0.7145838357601242,"sortino":-100,"sharpe":-0.36981854615735293,"calmar":-16.905642993351538,"sqn":-0.813,"profit_factor":0.14166465695950325,"backtest_start":"2025-10-01 00:00:00","backtest_start_ts":1759276800000,"backtest_end":"2026-01-06 20:00:00","backtest_end_ts":1767729600000,"backtest_days":97,"backtest_run_start_ts":1767743713,"backtest_run_end_ts":1767743713,"trades_per_day":0.04,"market_change":-0.36632086436227446,"pairlist":["DOGE/USDT"],"stake_amount":"unlimited","stake_currency":"USDT","stake_currency_decimals":3,"starting_balance":1000,"dry_run_wallet":1000,"final_balance":999.43353002,"rejected_signals":0,"timedout_entry_orders":0,"timedout_exit_orders":0,"canceled_trade_entries":0,"canceled_entry_orders":0,"replaced_entry_orders":0,"max_open_trades":1,"max_open_trades_setting":3,"timeframe":"1h","timeframe_detail":"","timerange":"20251001-","enable_protections":false,"strategy_name":"ACO_3_2","freqaimodel":null,"freqai_identifier":null,"stoploss":-0.05,"trailing_stop":false,"trailing_stop_positive":null,"trailing_stop_positive_offset":0.0,"trailing_only_offset_is_reached":false,"use_custom_stoploss":false,"minimal_roi":{"0":0.1,"60":0.05,"120":0.0},"use_exit_signal":true,"exit_profit_only":false,"exit_profit_offset":0.0,"ignore_roi_if_entry_signal":false,"trading_mode":"spot","margin_mode":"","periodic_breakdown":{"day":[{"date":"18/10/2025","date_ts":1760745600000,"profit_abs":-0.65996348,"wins":0,"draws":0,"losses":1,"trades":1,"profit_factor":0.0},{"date":"19/10/2025","date_ts":1760832000000,"profit_abs":0.0,"wins":0,"draws":0,"losses":0,"trades":0,"profit_factor":0.0},{"date":"20/10/2025","date_ts":1760918400000,"profit_abs":0.0,"wins":0,"draws":0,"losses":0,"trades":0,"profit_factor":0.0},{"date":"21/10/2025","date_ts":1761004800000,"profit_abs":0.0,"wins":0,"draws":0,"losses":0,"trades":0,"profit_factor":0.0},{"date":"22/10/2025","date_ts":1761091200000,"profit_abs":0.0,"wins":0,"draws":0,"losses":0,"trades":0,"profit_factor":0.0},{"date":"23/10/2025","date_ts":1761177600000,"profit_abs":0.0,"wins":0,"draws":0,"losses":0,"trades":0,"profit_factor":0.0},{"date":"24/10/2025","date_ts":1761264000000,"profit_abs":0.0,"wins":0,"draws":0,"losses":0,"trades":0,"profit_factor":0.0},{"date":"25/10/2025","date_ts":1761350400000,"profit_abs":0.0,"wins":0,"draws":0,"losses":0,"trades":0,"profit_factor":0.0},{"date":"26/10/2025","date_ts":1761436800000,"profit_abs":0.0,"wins":0,"draws":0,"losses":0,"trades":0,"profit_factor":0.0},{"date":"27/10/2025","date_ts":1761523200000,"profit_abs":0.0,"wins":0,"draws":0,"losses":0,"trades":0,"profit_factor":0.0},{"date":"28/10/2025","date_ts":1761609600000,"profit_abs":0.0,"wins":0,"draws":0,"losses":0,"trades":0,"profit_factor":0.0},{"date":"29/10/2025","date_ts":1761696000000,"profit_abs":0.0,"wins":0,"draws":0,"losses":0,"trades":0,"profit_factor":0.0},{"date":"30/10/2025","date_ts":1761782400000,"profit_abs":0.0,"wins":0,"draws":0,"losses":0,"trades":0,"profit_factor":0.0},{"date":"31/10/2025","date_ts":1761868800000,"profit_abs":0.0,"wins":0,"draws":0,"losses":0,"trades":0,"profit_factor":0.0},{"date":"01/11/2025","date_ts":1761955200000,"profit_abs":0.0,"wins":0,"draws":0,"losses":0,"trades":0,"profit_factor":0.0},{"date":"02/11/2025","date_ts":1762041600000,"profit_abs":0.0,"wins":0,"draws":0,"losses":0,"trades":0,"profit_factor":0.0},{"date":"03/11/2025","date_ts":1762128000000,"profit_abs":0.0,"wins":0,"draws":0,"losses":0,"trades":0,"profit_factor":0.0},{"date":"04/11/2025","date_ts":1762214400000,"profit_abs":0.0,"wins":0,"draws":0,"losses":0,"trades":0,"profit_factor":0.0},{"date":"05/11/2025","date_ts":1762300800000,"profit_abs":0.0,"wins":0,"draws":0,"losses":0,"trades":0,"profit_factor":0.0},{"date":"06/11/2025","date_ts":1762387200000,"profit_abs":0.0,"wins":0,"draws":0,"losses":0,"trades":0,"profit_factor":0.0},{"date":"07/11/2025","date_ts":1762473600000,"profit_abs":0.0,"wins":0,"draws":0,"losses":0,"trades":0,"profit_factor":0.0},{"date":"08/11/2025","date_ts":1762560000000,"profit_abs":0.0,"wins":0,"draws":0,"losses":0,"trades":0,"profit_factor":0.0},{"date":"09/11/2025","date_ts":1762646400000,"profit_abs":0.0,"wins":0,"draws":0,"losses":0,"trades":0,"profit_factor":0.0},{"date":"10/11/2025","date_ts":1762732800000,"profit_abs":0.0,"wins":0,"draws":0,"losses":0,"trades":0,"profit_factor":0.0},{"date":"11/11/2025","date_ts":1762819200000,"profit_abs":0.0,"wins":0,"draws":0,"losses":0,"trades":0,"profit_factor":0.0},{"date":"12/11/2025","date_ts":1762905600000,"profit_abs":0.0,"wins":0,"draws":0,"losses":0,"trades":0,"profit_factor":0.0},{"date":"13/11/2025","date_ts":1762992000000,"profit_abs":0.0,"wins":0,"draws":0,"losses":0,"trades":0,"profit_factor":0.0},{"date":"14/11/2025","date_ts":1763078400000,"profit_abs":0.0,"wins":0,"draws":0,"losses":0,"trades":0,"profit_factor":0.0},{"date":"15/11/2025","date_ts":1763164800000,"profit_abs":0.0,"wins":0,"draws":0,"losses":0,"trades":0,"profit_factor":0.0},{"date":"16/11/2025","date_ts":1763251200000,"profit_abs":0.0,"wins":0,"draws":0,"losses":0,"trades":0,"profit_factor":0.0},{"date":"17/11/2025","date_ts":1763337600000,"profit_abs":0.0,"wins":0,"draws":0,"losses":0,"trades":0,"profit_factor":0.0},{"date":"18/11/2025","date_ts":1763424000000,"profit_abs":0.0,"wins":0,"draws":0,"losses":0,"trades":0,"profit_factor":0.0},{"date":"19/11/2025","date_ts":1763510400000,"profit_abs":0.0,"wins":0,"draws":0,"losses":0,"trades":0,"profit_factor":0.0},{"date":"20/11/2025","date_ts":1763596800000,"profit_abs":0.0,"wins":0,"draws":0,"losses":0,"trades":0,"profit_factor":0.0},{"date":"21/11/2025","date_ts":1763683200000,"profit_abs":0.0,"wins":0,"draws":0,"losses":0,"trades":0,"profit_factor":0.0},{"date":"22/11/2025","date_ts":1763769600000,"profit_abs":0.0,"wins":0,"draws":0,"losses":0,"trades":0,"profit_factor":0.0},{"date":"23/11/2025","date_ts":1763856000000,"profit_abs":0.0,"wins":0,"draws":0,"losses":0,"trades":0,"profit_factor":0.0},{"date":"24/11/2025","date_ts":1763942400000,"profit_abs":0.0,"wins":0,"draws":0,"losses":0,"trades":0,"profit_factor":0.0},{"date":"25/11/2025","date_ts":1764028800000,"profit_abs":0.0,"wins":0,"draws":0,"losses":0,"trades":0,"profit_factor":0.0},{"date":"26/11/2025","date_ts":1764115200000,"profit_abs":0.0,"wins":0,"draws":0,"losses":0,"trades":0,"profit_factor":0.0},{"date":"27/11/2025","date_ts":1764201600000,"profit_abs":0.0,"wins":0,"draws":0,"losses":0,"trades":0,"profit_factor":0.0},{"date":"28/11/2025","date_ts":1764288000000,"profit_abs":0.0,"wins":0,"draws":0,"losses":0,"trades":0,"profit_factor":0.0},{"date":"29/11/2025","date_ts":1764374400000,"profit_abs":0.0,"wins":0,"draws":0,"losses":0,"trades":0,"profit_factor":0.0},{"date":"30/11/2025","date_ts":1764460800000,"profit_abs":0.0,"wins":0,"draws":0,"losses":0,"trades":0,"profit_factor":0.0},{"date":"01/12/2025","date_ts":1764547200000,"profit_abs":0.0,"wins":0,"draws":0,"losses":0,"trades":0,"profit_factor":0.0},{"date":"02/12/2025","date_ts":1764633600000,"profit_abs":0.0,"wins":0,"draws":0,"losses":0,"trades":0,"profit_factor":0.0},{"date":"03/12/2025","date_ts":1764720000000,"profit_abs":0.0,"wins":0,"draws":0,"losses":0,"trades":0,"profit_factor":0.0},{"date":"04/12/2025","date_ts":1764806400000,"profit_abs":0.0,"wins":0,"draws":0,"losses":0,"trades":0,"profit_factor":0.0},{"date":"05/12/2025","date_ts":1764892800000,"profit_abs":0.0,"wins":0,"draws":0,"losses":0,"trades":0,"profit_factor":0.0},{"date":"06/12/2025","date_ts":1764979200000,"profit_abs":0.0,"wins":0,"draws":0,"losses":0,"trades":0,"profit_factor":0.0},{"date":"07/12/2025","date_ts":1765065600000,"profit_abs":0.0,"wins":0,"draws":0,"losses":0,"trades":0,"profit_factor":0.0},{"date":"08/12/2025","date_ts":1765152000000,"profit_abs":0.0934935,"wins":1,"draws":0,"losses":0,"trades":1,"profit_factor":0.0},{"date":"09/12/2025","date_ts":1765238400000,"profit_abs":0.0,"wins":0,"draws":0,"losses":0,"trades":0,"profit_factor":0.0},{"date":"10/12/2025","date_ts":1765324800000,"profit_abs":0.0,"wins":0,"draws":0,"losses":0,"trades":0,"profit_factor":0.0},{"date":"11/12/2025","date_ts":1765411200000,"profit_abs":0.0,"wins":0,"draws":0,"losses":0,"trades":0,"profit_factor":0.0},{"date":"12/12/2025","date_ts":1765497600000,"profit_abs":0.0,"wins":0,"draws":1,"losses":0,"trades":1,"profit_factor":0.0},{"date":"13/12/2025","date_ts":1765584000000,"profit_abs":0.0,"wins":0,"draws":0,"losses":0,"trades":0,"profit_factor":0.0},{"date":"14/12/2025","date_ts":1765670400000,"profit_abs":0.0,"wins":0,"draws":0,"losses":0,"trades":0,"profit_factor":0.0},{"date":"15/12/2025","date_ts":1765756800000,"profit_abs":0.0,"wins":0,"draws":1,"losses":0,"trades":1,"profit_factor":0.0}],"week":[{"date":"20/10/2025","date_ts":1760918400000,"profit_abs":-0.65996348,"wins":0,"draws":0,"losses":1,"trades":1,"profit_factor":0.0},{"date":"27/10/2025","date_ts":1761523200000,"profit_abs":0.0,"wins":0,"draws":0,"losses":0,"trades":0,"profit_factor":0.0},{"date":"03/11/2025","date_ts":1762128000000,"profit_abs":0.0,"wins":0,"draws":0,"losses":0,"trades":0,"profit_factor":0.0},{"date":"10/11/2025","date_ts":1762732800000,"profit_abs":0.0,"wins":0,"draws":0,"losses":0,"trades":0,"profit_factor":0.0},{"date":"17/11/2025","date_ts":1763337600000,"profit_abs":0.0,"wins":0,"draws":0,"losses":0,"trades":0,"profit_factor":0.0},{"date":"24/11/2025","date_ts":1763942400000,"profit_abs":0.0,"wins":0,"draws":0,"losses":0,"trades":0,"profit_factor":0.0},{"date":"01/12/2025","date_ts":1764547200000,"profit_abs":0.0,"wins":0,"draws":0,"losses":0,"trades":0,"profit_factor":0.0},{"date":"08/12/2025","date_ts":1765152000000,"profit_abs":0.0934935,"wins":1,"draws":0,"losses":0,"trades":1,"profit_factor":0.0},{"date":"15/12/2025","date_ts":1765756800000,"profit_abs":0.0,"wins":0,"draws":2,"losses":0,"trades":2,"profit_factor":0.0}],"month":[{"date":"31/10/2025","date_ts":1761868800000,"profit_abs":-0.65996348,"wins":0,"draws":0,"losses":1,"trades":1,"profit_factor":0.0},{"date":"30/11/2025","date_ts":1764460800000,"profit_abs":0.0,"wins":0,"draws":0,"losses":0,"trades":0,"profit_factor":0.0},{"date":"31/12/2025","date_ts":1767139200000,"profit_abs":0.0934935,"wins":1,"draws":2,"losses":0,"trades":3,"profit_factor":0.0}],"year":[{"date":"31/12/2025","date_ts":1767139200000,"profit_abs":-0.56646998,"wins":1,"draws":2,"losses":1,"trades":4,"profit_factor":0.14166466}],"weekday":[{"date":"Monday","date_ts":0,"profit_abs":0.0934935,"wins":1,"draws":1,"losses":0,"trades":2,"profit_factor":0.0},{"date":"Friday","date_ts":4,"profit_abs":0.0,"wins":0,"draws":1,"losses":0,"trades":1,"profit_factor":0.0},{"date":"Saturday","date_ts":5,"profit_abs":-0.65996348,"wins":0,"draws":0,"losses":1,"trades":1,"profit_factor":0.0}]},"backtest_best_day":0.0002833083767436221,"backtest_worst_day":-0.001998001998001998,"backtest_best_day_abs":0.0934935,"backtest_worst_day_abs":-0.65996348,"winning_days":1,"draw_days":57,"losing_days":1,"daily_profit":[["2025-10-18",-0.65996348],["2025-10-19",0.0],["2025-10-20",0.0],["2025-10-21",0.0],["2025-10-22",0.0],["2025-10-23",0.0],["2025-10-24",0.0],["2025-10-25",0.0],["2025-10-26",0.0],["2025-10-27",0.0],["2025-10-28",0.0],["2025-10-29",0.0],["2025-10-30",0.0],["2025-10-31",0.0],["2025-11-01",0.0],["2025-11-02",0.0],["2025-11-03",0.0],["2025-11-04",0.0],["2025-11-05",0.0],["2025-11-06",0.0],["2025-11-07",0.0],["2025-11-08",0.0],["2025-11-09",0.0],["2025-11-10",0.0],["2025-11-11",0.0],["2025-11-12",0.0],["2025-11-13",0.0],["2025-11-14",0.0],["2025-11-15",0.0],["2025-11-16",0.0],["2025-11-17",0.0],["2025-11-18",0.0],["2025-11-19",0.0],["2025-11-20",0.0],["2025-11-21",0.0],["2025-11-22",0.0],["2025-11-23",0.0],["2025-11-24",0.0],["2025-11-25",0.0],["2025-11-26",0.0],["2025-11-27",0.0],["2025-11-28",0.0],["2025-11-29",0.0],["2025-11-30",0.0],["2025-12-01",0.0],["2025-12-02",0.0],["2025-12-03",0.0],["2025-12-04",0.0],["2025-12-05",0.0],["2025-12-06",0.0],["2025-12-07",0.0],["2025-12-08",0.0934935],["2025-12-09",0.0],["2025-12-10",0.0],["2025-12-11",0.0],["2025-12-12",0.0],["2025-12-13",0.0],["2025-12-14",0.0],["2025-12-15",0.0]],"wins":1,"losses":1,"draws":2,"winrate":0.25,"holding_avg":"2:30:00","holding_avg_s":9000.0,"winner_holding_min":"0d 02:00","winner_holding_min_s":7200.0,"winner_holding_max":"0d 02:00","winner_holding_max_s":7200.0,"winner_holding_avg":"0d 02:00","winner_holding_avg_s":7200.0,"loser_holding_min":"0d 02:00","loser_holding_min_s":7200.0,"loser_holding_max":"0d 02:00","loser_holding_max_s":7200.0,"loser_holding_avg":"0d 02:00","loser_holding_avg_s":7200.0,"max_consecutive_wins":1,"max_consecutive_losses":2,"max_drawdown_account":0.0006599634799999876,"max_relative_drawdown":0.0006599634799999876,"max_drawdown_abs":0.65996348,"drawdown_start":"2025-10-18 03:00:00","drawdown_start_ts":1760756400000.0,"drawdown_end":"2025-10-18 03:00:00","drawdown_end_ts":1760756400000.0,"drawdown_duration":"0 days 00:00:00","drawdown_duration_s":0.0,"max_drawdown_low":-0.65996348,"max_drawdown_high":0.0,"csum_min":999.34003652,"csum_max":999.43353002}},"strategy_comparison":[{"key":"ACO_3_2","trades":4,"profit_mean":-0.000428673405314594,"profit_mean_pct":-0.04,"profit_total_abs":-0.56646998,"profit_total":-0.00056646998,"profit_total_pct":-0.06,"duration_avg":"2:30:00","wins":1,"draws":2,"losses":1,"winrate":0.25,"cagr":-0.0021298948051804434,"expectancy":-0.141617495,"expectancy_ratio":-0.7145838357601242,"sortino":-100,"sharpe":-0.36981854615735293,"calmar":-16.905642993351538,"sqn":-0.813,"profit_factor":0.14166465695950325,"max_drawdown_account":0.0006599634799999876,"max_drawdown_abs":"0.66"}]}