{"strategy":{"ACO_35_7":{"trades":[{"pair":"DOGE/USDT","stake_amount":329.81067,"max_stake_amount":329.81067,"amount":1323.0,"open_date":"2025-10-07 20:00:00+00:00","close_date":"2025-10-07 22:00:00+00:00","open_rate":0.24929,"close_rate":0.24978907907907907,"fee_open":0.001,"fee_close":0.001,"trade_duration":120,"profit_ratio":0.0,"profit_abs":0.0,"exit_reason":"roi","initial_stop_loss_abs":0.23683,"initial_stop_loss_ratio":-0.05,"stop_loss_abs":0.23683,"stop_loss_ratio":-0.05,"min_rate":0.24879,"max_rate":0.25214,"is_open":false,"enter_tag":"","leverage":1.0,"is_short":false,"open_timestamp":1759867200000,"close_timestamp":1759874400000,"orders":[{"amount":1323.0,"safe_price":0.24929,"ft_order_side":"buy","order_filled_timestamp":1759867200000,"ft_is_entry":true,"ft_order_tag":"","cost":330.14048067},{"amount":1323.0,"safe_price":0.24978907907907907,"ft_order_side":"sell","order_filled_timestamp":1759874400000,"ft_is_entry":false,"ft_order_tag":"roi","cost":330.8014225732432}],"funding_fees":0.0,"weekday":1},{"pair":"DOGE/USDT","stake_amount":329.8204,"max_stake_amount":329.8204,"amount":1690.0,"open_date":"2025-10-15 23:00:00+00:00","close_date":"2025-10-16 01:00:00+00:00","open_rate":0.19516,"close_rate":0.19584,"fee_open":0.001,"fee_close":0.001,"trade_duration":120,"profit_ratio":0.001479356880053744,"profit_abs":0.48841,"exit_reason":"roi","initial_stop_loss_abs":0.18541,"initial_stop_loss_ratio":-0.05,"stop_loss_abs":0.18541,"stop_loss_ratio":-0.05,"min_rate":0.19482,"max_rate":0.19844,"is_open":false,"enter_tag":"","leverage":1.0,"is_short":false,"open_timestamp":1760569200000,"close_timestamp":1760576400000,"orders":[{"amount":1690.0,"safe_price":0.19516,"ft_order_side":"buy","order_filled_timestamp":1760569200000,"ft_is_entry":true,"ft_order_tag":"","cost":330.15022039999997},{"amount":1690.0,"safe_price":0.19584,"ft_order_side":"sell","order_filled_timestamp":1760576400000,"ft_is_entry":false,"ft_order_tag":"roi","cost":331.3005695999999}],"funding_fees":0.0,"weekday":3},{"pair":"DOGE/USDT","stake_amount":329.99736,"max_stake_amount":329.99736,"amount":1848.0,"open_date":"2025-10-17 10:00:00+00:00","close_date":"2025-10-17 12:00:00+00:00","open_rate":0.17857,"close_rate":0.18272,"fee_open":0.001,"fee_close":0.001,"trade_duration":120,"profit_ratio":0.021195749985580305,"profit_abs":7.00153608,"exit_reason":"roi","initial_stop_loss_abs":0.16965,"initial_stop_loss_ratio":-0.05,"stop_loss_abs":0.16965,"stop_loss_ratio":-0.05,"min_rate":0.17555,"max_rate":0.18431,"is_open":false,"enter_tag":"","leverage":1.0,"is_short":false,"open_timestamp":1760695200000,"close_timestamp":1760702400000,"orders":[{"amount":1848.0,"safe_price":0.17857,"ft_order_side":"buy","order_filled_timestamp":1760695200000,"ft_is_entry":true,"ft_order_tag":"","cost":330.32735735999995},{"amount":1848.0,"safe_price":0.18272,"ft_order_side":"sell","order_filled_timestamp":1760702400000,"ft_is_entry":false,"ft_order_tag":"roi","cost":338.00422655999995}],"funding_fees":0.0,"weekday":4},{"pair":"DOGE/USDT","stake_amount":332.29024,"max_stake_amount":332.29024,"amount":1634.0,"open_date":"2025-10-27 12:00:00+00:00","close_date":"2025-10-27 16:00:00+00:00","open_rate":0.20336,"close_rate":0.20376712712712713,"fee_open":0.001,"fee_close":0.001,"trade_duration":240,"profit_ratio":0.0,"profit_abs":0.0,"exit_reason":"roi","initial_stop_loss_abs":0.1932,"initial_stop_loss_ratio":-0.05,"stop_loss_abs":0.1932,"stop_loss_ratio":-0.05,"min_rate":0.20053,"max_rate":0.20535,"is_open":false,"enter_tag":"","leverage":1.0,"is_short":false,"open_timestamp":1761566400000,"close_timestamp":1761580800000,"orders":[{"amount":1634.0,"safe_price":0.20336,"ft_order_side":"buy","order_filled_timestamp":1761566400000,"ft_is_entry":true,"ft_order_tag":"","cost":332.62253024},{"amount":1634.0,"safe_price":0.20376712712712713,"ft_order_side":"sell","order_filled_timestamp":1761580800000,"ft_is_entry":false,"ft_order_tag":"roi","cost":333.2884412114514}],"funding_fees":0.0,"weekday":0},{"pair":"DOGE/USDT","stake_amount":332.46051,"max_stake_amount":332.46051,"amount":1823.0,"open_date":"2025-10-30 15:00:00+00:00","close_date":"2025-10-30 23:00:00+00:00","open_rate":0.18237,"close_rate":0.1827351051051051,"fee_open":0.001,"fee_close":0.001,"trade_duration":480,"profit_ratio":0.0,"profit_abs":0.0,"exit_reason":"roi","initial_stop_loss_abs":0.17326,"initial_stop_loss_ratio":-0.05,"stop_loss_abs":0.17326,"stop_loss_ratio":-0.05,"min_rate":0.17642,"max_rate":0.18287,"is_open":false,"enter_tag":"","leverage":1.0,"is_short":false,"open_timestamp":1761836400000,"close_timestamp":1761865200000,"orders":[{"amount":1823.0,"safe_price":0.18237,"ft_order_side":"buy","order_filled_timestamp":1761836400000,"ft_is_entry":true,"ft_order_tag":"","cost":332.79297051},{"amount":1823.0,"safe_price":0.1827351051051051,"ft_order_side":"sell","order_filled_timestamp":1761865200000,"ft_is_entry":false,"ft_order_tag":"roi","cost":333.4592227032132}],"funding_fees":0.0,"weekday":3},{"pair":"DOGE/USDT","stake_amount":332.3291,"max_stake_amount":332.3291,"amount":1915.0,"open_date":"2025-11-03 08:00:00+00:00","close_date":"2025-11-03 11:00:00+00:00","open_rate":0.17354,"close_rate":0.1738874274274274,"fee_open":0.001,"fee_close":0.001,"trade_duration":180,"profit_ratio":0.0,"profit_abs":0.0,"exit_reason":"roi","initial_stop_loss_abs":0.16487,"initial_stop_loss_ratio":-0.05,"stop_loss_abs":0.16487,"stop_loss_ratio":-0.05,"min_rate":0.1714,"max_rate":0.17534,"is_open":false,"enter_tag":"","leverage":1.0,"is_short":false,"open_timestamp":1762156800000,"close_timestamp":1762167600000,"orders":[{"amount":1915.0,"safe_price":0.17354,"ft_order_side":"buy","order_filled_timestamp":1762156800000,"ft_is_entry":true,"ft_order_tag":"","cost":332.66142909999996},{"amount":1915.0,"safe_price":0.1738874274274274,"ft_order_side":"sell","order_filled_timestamp":1762167600000,"ft_is_entry":false,"ft_order_tag":"roi","cost":333.32741794704697}],"funding_fees":0.0,"weekday":0},{"pair":"DOGE/USDT","stake_amount":332.32584,"max_stake_amount":332.32584,"amount":2058.0,"open_date":"2025-11-15 10:00:00+00:00","close_date":"2025-11-15 12:00:00+00:00","open_rate":0.16148,"close_rate":0.16182,"fee_open":0.001,"fee_close":0.001,"trade_duration":120,"profit_ratio":0.00010331506492021727,"profit_abs":0.0343686,"exit_reason":"roi","initial_stop_loss_abs":0.15341,"initial_stop_loss_ratio":-0.05,"stop_loss_abs":0.15341,"stop_loss_ratio":-0.05,"min_rate":0.16093,"max_rate":0.16322,"is_open":false,"enter_tag":"","leverage":1.0,"is_short":false,"open_timestamp":1763200800000,"close_timestamp":1763208000000,"orders":[{"amount":2058.0,"safe_price":0.16148,"ft_order_side":"buy","order_filled_timestamp":1763200800000,"ft_is_entry":true,"ft_order_tag":"","cost":332.65816584},{"amount":2058.0,"safe_price":0.16182,"ft_order_side":"sell","order_filled_timestamp":1763208000000,"ft_is_entry":false,"ft_order_tag":"roi","cost":333.35858555999994}],"funding_fees":0.0,"weekday":5},{"pair":"DOGE/USDT","stake_amount":332.37888,"max_stake_amount":332.37888,"amount":2424.0,"open_date":"2025-12-01 06:00:00+00:00","close_date":"2025-12-01 08:00:00+00:00","open_rate":0.13712,"close_rate":0.13774,"fee_open":0.001,"fee_close":0.001,"trade_duration":120,"profit_ratio":0.0025145507934306068,"profit_abs":0.83661936,"exit_reason":"roi","initial_stop_loss_abs":0.13027,"initial_stop_loss_ratio":-0.05,"stop_loss_abs":0.13027,"stop_loss_ratio":-0.05,"min_rate":0.13655,"max_rate":0.13824,"is_open":false,"enter_tag":"","leverage":1.0,"is_short":false,"open_timestamp":1764568800000,"close_timestamp":1764576000000,"orders":[{"amount":2424.0,"safe_price":0.13712,"ft_order_side":"buy","order_filled_timestamp":1764568800000,"ft_is_entry":true,"ft_order_tag":"","cost":332.71125887999995},{"amount":2424.0,"safe_price":0.13774,"ft_order_side":"sell","order_filled_timestamp":1764576000000,"ft_is_entry":false,"ft_order_tag":"roi","cost":334.2156417599999}],"funding_fees":0.0,"weekday":0},{"pair":"DOGE/USDT","stake_amount":332.72379,"max_stake_amount":332.72379,"amount":2503.0,"open_date":"2025-12-01 18:00:00+00:00","close_date":"2025-12-01 20:00:00+00:00","open_rate":0.13293,"close_rate":0.13327,"fee_open":0.001,"fee_close":0.001,"trade_duration":120,"profit_ratio":0.0005546247929457137,"profit_abs":0.1847214,"exit_reason":"roi","initial_stop_loss_abs":0.12629,"initial_stop_loss_ratio":-0.05,"stop_loss_abs":0.12629,"stop_loss_ratio":-0.05,"min_rate":0.13262,"max_rate":0.13493,"is_open":false,"enter_tag":"","leverage":1.0,"is_short":false,"open_timestamp":1764612000000,"close_timestamp":1764619200000,"orders":[{"amount":2503.0,"safe_price":0.13293,"ft_order_side":"buy","order_filled_timestamp":1764612000000,"ft_is_entry":true,"ft_order_tag":"","cost":333.05651379},{"amount":2503.0,"safe_price":0.13327,"ft_order_side":"sell","order_filled_timestamp":1764619200000,"ft_is_entry":false,"ft_order_tag":"roi","cost":333.90838481}],"funding_fees":0.0,"weekday":0},{"pair":"DOGE/USDT","stake_amount":332.6848,"max_stake_amount":332.6848,"amount":2212.0,"open_date":"2025-12-04 07:00:00+00:00","close_date":"2025-12-04 15:00:00+00:00","open_rate":0.1504,"close_rate":0.1507011011011011,"fee_open":0.001,"fee_close":0.001,"trade_duration":480,"profit_ratio":0.0,"profit_abs":0.0,"exit_reason":"roi","initial_stop_loss_abs":0.14288,"initial_stop_loss_ratio":-0.05,"stop_loss_abs":0.14288,"stop_loss_ratio":-0.05,"min_rate":0.14781,"max_rate":0.15103,"is_open":false,"enter_tag":"","leverage":1.0,"is_short":false,"open_timestamp":1764831600000,"close_timestamp":1764860400000,"orders":[{"amount":2212.0,"safe_price":0.1504,"ft_order_side":"buy","order_filled_timestamp":1764831600000,"ft_is_entry":true,"ft_order_tag":"","cost":333.0174848},{"amount":2212.0,"safe_price":0.1507011011011011,"ft_order_side":"sell","order_filled_timestamp":1764860400000,"ft_is_entry":false,"ft_order_tag":"roi","cost":333.68418647127123}],"funding_fees":0.0,"weekday":3},{"pair":"DOGE/USDT","stake_amount":332.76639,"max_stake_amount":332.76639,"amount":2297.0,"open_date":"2025-12-05 11:00:00+00:00","close_date":"2025-12-05 16:00:00+00:00","open_rate":0.14487,"close_rate":0.13763,"fee_open":0.001,"fee_close":0.001,"trade_duration":300,"profit_ratio":-0.05187399057765593,"profit_abs":-17.2791825,"exit_reason":"stop_loss","initial_stop_loss_abs":0.13763,"initial_stop_loss_ratio":-0.05,"stop_loss_abs":0.13763,"stop_loss_ratio":-0.05,"min_rate":0.13756,"max_rate":0.145,"is_open":false,"enter_tag":"","leverage":1.0,"is_short":false,"open_timestamp":1764932400000,"close_timestamp":1764950400000,"orders":[{"amount":2297.0,"safe_price":0.14487,"ft_order_side":"buy","order_filled_timestamp":1764932400000,"ft_is_entry":true,"ft_order_tag":"","cost":333.09915638999996},{"amount":2297.0,"safe_price":0.13763,"ft_order_side":"sell","order_filled_timestamp":1764950400000,"ft_is_entry":false,"ft_order_tag":"stop_loss","cost":316.45224611}],"funding_fees":0.0,"weekday":4},{"pair":"DOGE/USDT","stake_amount":327.11406,"max_stake_amount":327.11406,"amount":2353.0,"open_date":"2025-12-05 20:00:00+00:00","close_date":"2025-12-05 22:00:00+00:00","open_rate":0.13902,"close_rate":0.13929831831831832,"fee_open":0.001,"fee_close":0.001,"trade_duration":120,"profit_ratio":0.0,"profit_abs":0.0,"exit_reason":"roi","initial_stop_loss_abs":0.13207,"initial_stop_loss_ratio":-0.05,"stop_loss_abs":0.13207,"stop_loss_ratio":-0.05,"min_rate":0.13803,"max_rate":0.13944,"is_open":false,"enter_tag":"","leverage":1.0,"is_short":false,"open_timestamp":1764964800000,"close_timestamp":1764972000000,"orders":[{"amount":2353.0,"safe_price":0.13902,"ft_order_side":"buy","order_filled_timestamp":1764964800000,"ft_is_entry":true,"ft_order_tag":"","cost":327.44117406},{"amount":2353.0,"safe_price":0.13929831831831832,"ft_order_side":"sell","order_filled_timestamp":1764972000000,"ft_is_entry":false,"ft_order_tag":"roi","cost":328.096711946006}],"funding_fees":0.0,"weekday":4},{"pair":"DOGE/USDT","stake_amount":327.10628,"max_stake_amount":327.10628,"amount":2413.0,"open_date":"2025-12-14 17:00:00+00:00","close_date":"2025-12-15 01:00:00+00:00","open_rate":0.13556,"close_rate":0.1358313913913914,"fee_open":0.001,"fee_close":0.001,"trade_duration":480,"profit_ratio":0.0,"profit_abs":0.0,"exit_reason":"roi","initial_stop_loss_abs":0.12879,"initial_stop_loss_ratio":-0.05,"stop_loss_abs":0.12879,"stop_loss_ratio":-0.05,"min_rate":0.13261,"max_rate":0.13683,"is_open":false,"enter_tag":"","leverage":1.0,"is_short":false,"open_timestamp":1765731600000,"close_timestamp":1765760400000,"orders":[{"amount":2413.0,"safe_price":0.13556,"ft_order_side":"buy","order_filled_timestamp":1765731600000,"ft_is_entry":true,"ft_order_tag":"","cost":327.43338628},{"amount":2413.0,"safe_price":0.1358313913913914,"ft_order_side":"sell","order_filled_timestamp":1765760400000,"ft_is_entry":false,"ft_order_tag":"roi","cost":328.0889085748548}],"funding_fees":0.0,"weekday":0},{"pair":"DOGE/USDT","stake_amount":327.0348,"max_stake_amount":327.0348,"amount":2547.0,"open_date":"2025-12-15 19:00:00+00:00","close_date":"2025-12-15 21:00:00+00:00","open_rate":0.1284,"close_rate":0.12865705705705702,"fee_open":0.001,"fee_close":0.001,"trade_duration":120,"profit_ratio":0.0,"profit_abs":0.0,"exit_reason":"roi","initial_stop_loss_abs":0.12198,"initial_stop_loss_ratio":-0.05,"stop_loss_abs":0.12198,"stop_loss_ratio":-0.05,"min_rate":0.12752,"max_rate":0.12942,"is_open":false,"enter_tag":"","leverage":1.0,"is_short":false,"open_timestamp":1765825200000,"close_timestamp":1765832400000,"orders":[{"amount":2547.0,"safe_price":0.1284,"ft_order_side":"buy","order_filled_timestamp":1765825200000,"ft_is_entry":true,"ft_order_tag":"","cost":327.36183479999994},{"amount":2547.0,"safe_price":0.12865705705705702,"ft_order_side":"sell","order_filled_timestamp":1765832400000,"ft_is_entry":false,"ft_order_tag":"roi","cost":328.0172138486485}],"funding_fees":0.0,"weekday":0},{"pair":"DOGE/USDT","stake_amount":327.06955,"max_stake_amount":327.06955,"amount":2495.0,"open_date":"2025-12-20 03:00:00+00:00","close_date":"2025-12-20 05:00:00+00:00","open_rate":0.13109,"close_rate":0.13135244244244243,"fee_open":0.001,"fee_close":0.001,"trade_duration":120,"profit_ratio":0.0,"profit_abs":0.0,"exit_reason":"roi","initial_stop_loss_abs":0.12454,"initial_stop_loss_ratio":-0.05,"stop_loss_abs":0.12454,"stop_loss_ratio":-0.05,"min_rate":0.13069,"max_rate":0.13182,"is_open":false,"enter_tag":"","leverage":1.0,"is_short":false,"open_timestamp":1766199600000,"close_timestamp":1766206800000,"orders":[{"amount":2495.0,"safe_price":0.13109,"ft_order_side":"buy","order_filled_timestamp":1766199600000,"ft_is_entry":true,"ft_order_tag":"","cost":327.39661955},{"amount":2495.0,"safe_price":0.13135244244244243,"ft_order_side":"sell","order_filled_timestamp":1766206800000,"ft_is_entry":false,"ft_order_tag":"roi","cost":328.05206823778775}],"funding_fees":0.0,"weekday":5},{"pair":"DOGE/USDT","stake_amount":327.0446,"max_stake_amount":327.0446,"amount":2495.0,"open_date":"2025-12-20 06:00:00+00:00","close_date":"2025-12-20 08:00:00+00:00","open_rate":0.13108,"close_rate":0.13157,"fee_open":0.001,"fee_close":0.001,"trade_duration":120,"profit_ratio":0.001732704280766533,"profit_abs":0.56723825,"exit_reason":"roi","initial_stop_loss_abs":0.12453,"initial_stop_loss_ratio":-0.05,"stop_loss_abs":0.12453,"stop_loss_ratio":-0.05,"min_rate":0.13094,"max_rate":0.13261,"is_open":false,"enter_tag":"","leverage":1.0,"is_short":false,"open_timestamp":1766210400000,"close_timestamp":1766217600000,"orders":[{"amount":2495.0,"safe_price":0.13108,"ft_order_side":"buy","order_filled_timestamp":1766210400000,"ft_is_entry":true,"ft_order_tag":"","cost":327.37164459999997},{"amount":2495.0,"safe_price":0.13157,"ft_order_side":"sell","order_filled_timestamp":1766217600000,"ft_is_entry":false,"ft_order_tag":"roi","cost":328.59541714999995}],"funding_fees":0.0,"weekday":5},{"pair":"DOGE/USDT","stake_amount":327.2375,"max_stake_amount":327.2375,"amount":2785.0,"open_date":"2025-12-31 22:00:00+00:00","close_date":"2026-01-01 00:00:00+00:00","open_rate":0.1175,"close_rate":0.11773523523523523,"fee_open":0.001,"fee_close":0.001,"trade_duration":120,"profit_ratio":0.0,"profit_abs":0.0,"exit_reason":"roi","initial_stop_loss_abs":0.11163,"initial_stop_loss_ratio":-0.05,"stop_loss_abs":0.11163,"stop_loss_ratio":-0.05,"min_rate":0.11707,"max_rate":0.11798,"is_open":false,"enter_tag":"","leverage":1.0,"is_short":false,"open_timestamp":1767218400000,"close_timestamp":1767225600000,"orders":[{"amount":2785.0,"safe_price":0.1175,"ft_order_side":"buy","order_filled_timestamp":1767218400000,"ft_is_entry":true,"ft_order_tag":"","cost":327.5647374999999},{"amount":2785.0,"safe_price":0.11773523523523523,"ft_order_side":"sell","order_filled_timestamp":1767225600000,"ft_is_entry":false,"ft_order_tag":"roi","cost":328.22052276026017}],"funding_fees":0.0,"weekday":3}],"locks":[],"best_pair":{"key":"DOGE/USDT","trades":17,"profit_mean":-0.0014290405164681652,"profit_mean_pct":-0.14,"profit_total_abs":-8.16628881,"profit_total":-0.00816628881,"profit_total_pct":-0.82,"duration_avg":"3:25:00","wins":6,"draws":10,"losses":1,"winrate":0.35294117647058826,"cagr":-0.030383819713805882,"expectancy":-0.48036992999999983,"expectancy_ratio":-0.616035795096209,"sortino":-100,"sharpe":-0.35705636814628855,"calmar":-9.387972406211912,"sqn":-0.4266,"profit_factor":0.5273914833644474,"max_drawdown_account":0.01713277173601192,"max_drawdown_abs":17.2791825},"worst_pair":{"key":"DOGE/USDT","trades":17,"profit_mean":-0.0014290405164681652,"profit_mean_pct":-0.14,"profit_total_abs":-8.16628881,"profit_total":-0.00816628881,"profit_total_pct":-0.82,"duration_avg":"3:25:00","wins":6,"draws":10,"losses":1,"winrate":0.35294117647058826,"cagr":-0.030383819713805882,"expectancy":-0.48036992999999983,"expectancy_ratio":-0.616035795096209,"sortino":-100,"sharpe":-0.35705636814628855,"calmar":-9.387972406211912,"sqn":-0.4266,"profit_factor":0.5273914833644474,"max_drawdown_account":0.01713277173601192,"max_drawdown_abs":17.2791825},"results_per_pair":[{"key":"DOGE/USDT","trades":17,"profit_mean":-0.0014290405164681652,"profit_mean_pct":-0.14,"profit_total_abs":-8.16628881,"profit_total":-0.00816628881,"profit_total_pct":-0.82,"duration_avg":"3:25:00","wins":6,"draws":10,"losses":1,"winrate":0.35294117647058826,"cagr":-0.030383819713805882,"expectancy":-0.48036992999999983,"expectancy_ratio":-0.616035795096209,"sortino":-100,"sharpe":-0.35705636814628855,"calmar":-9.387972406211912,"sqn":-0.4266,"profit_factor":0.5273914833644474,"max_drawdown_account":0.01713277173601192,"max_drawdown_abs":17.2791825},{"key":"TOTAL","trades":17,"profit_mean":-0.0014290405164681652,"profit_mean_pct":-0.14,"profit_total_abs":-8.16628881,"profit_total":-0.00816628881,"profit_total_pct":-0.82,"duration_avg":"3:25:00","wins":6,"draws":10,"losses":1,"winrate":0.35294117647058826,"cagr":-0.030383819713805882,"expectancy":-0.48036992999999983,"expectancy_ratio":-0.616035795096209,"sortino":-100,"sharpe":-0.35705636814628855,"calmar":-9.387972406211912,"sqn":-0.4266,"profit_factor":0.5273914833644474,"max_drawdown_account":0.01713277173601192,"max_drawdown_abs":17.2791825}],"results_per_enter_tag":[{"key":"","trades":17,"profit_mean":-0.0014290405164681652,"profit_mean_pct":-0.14,"profit_total_abs":-8.16628881,"profit_total":-0.00816628881,"profit_total_pct":-0.82,"duration_avg":"3:25:00","wins":6,"draws":10,"losses":1,"winrate":0.35294117647058826,"cagr":-0.030383819713805882,"expectancy":-0.48036992999999983,"expectancy_ratio":-0.616035795096209,"sortino":-100,"sharpe":-0.35705636814628855,"calmar":-9.387972406211912,"sqn":-0.4266,"profit_factor":0.5273914833644474,"max_drawdown_account":0.01713277173601192,"max_drawdown_abs":17.2791825},{"key":"TOTAL","trades":17,"profit_mean":-0.0014290405164681652,"profit_mean_pct":-0.14,"profit_total_abs":-8.16628881,"profit_total":-0.00816628881,"profit_total_pct":-0.82,"duration_avg":"3:25:00","wins":6,"draws":10,"losses":1,"winrate":0.35294117647058826,"cagr":-0.030383819713805882,"expectancy":-0.48036992999999983,"expectancy_ratio":-0.616035795096209,"sortino":-100,"sharpe":-0.35705636814628855,"calmar":-9.387972406211912,"sqn":-0.4266,"profit_factor":0.5273914833644474,"max_drawdown_account":0.01713277173601192,"max_drawdown_abs":17.2791825}],"exit_reason_summary":[{"key":"roi","trades":16,"profit_mean":0.00172376886235607,"profit_mean_pct":0.17,"profit_total_abs":9.11289369,"profit_total":0.00911289369,"profit_total_pct":0.91,"duration_avg":"3:19:00","wins":6,"draws":10,"losses":0,"winrate":0.375,"cagr":0.03472478606735385,"expectancy":0.5695558556250001,"expectancy_ratio":100.0,"sortino":-100,"sharpe":1.0687447452533612,"calmar":-100,"sqn":1.3135,"profit_factor":0.0,"max_drawdown_account":0.0,"max_drawdown_abs":0.0},{"key":"stop_loss","trades":1,"profit_mean":-0.05187399057765593,"profit_mean_pct":-5.19,"profit_total_abs":-17.2791825,"profit_total":-0.0172791825,"profit_total_pct":-1.73,"duration_avg":"5:00:00","wins":0,"draws":0,"losses":1,"winrate":0.0,"cagr":-0.06348327954742461,"expectancy":-17.2791825,"expectancy_ratio":-1.0,"sortino":-100,"sharpe":-100,"calmar":-19.69584863354922,"sqn":-100.0,"profit_factor":0.0,"max_drawdown_account":0.01727918250000005,"max_drawdown_abs":17.2791825},{"key":"TOTAL","trades":17,"profit_mean":-0.0014290405164681652,"profit_mean_pct":-0.14,"profit_total_abs":-8.16628881,"profit_total":-0.00816628881,"profit_total_pct":-0.82,"duration_avg":"3:25:00","wins":6,"draws":10,"losses":1,"winrate":0.35294117647058826,"cagr":-0.030383819713805882,"expectancy":-0.48036992999999983,"expectancy_ratio":-0.616035795096209,"sortino":-100,"sharpe":-0.35705636814628855,"calmar":-9.387972406211912,"sqn":-0.4266,"profit_factor":0.5273914833644474,"max_drawdown_account":0.01713277173601192,"max_drawdown_abs":17.2791825}],"mix_tag_stats":[{"key":["","roi"],"trades":16,"profit_mean":0.00172376886235607,"profit_mean_pct":0.17,"profit_total_abs":9.11289369,"profit_total":0.00911289369,"profit_total_pct":0.91,"duration_avg":"3:19:00","wins":6,"draws":10,"losses":0,"winrate":0.375,"cagr":0.03472478606735385,"expectancy":0.5695558556250001,"expectancy_ratio":100.0,"sortino":-100,"sharpe":1.0687447452533612,"calmar":-100,"sqn":1.3135,"profit_factor":0.0,"max_drawdown_account":0.0,"max_drawdown_abs":0.0},{"key":["","stop_loss"],"trades":1,"profit_mean":-0.05187399057765593,"profit_mean_pct":-5.19,"profit_total_abs":-17.2791825,"profit_total":-0.0172791825,"profit_total_pct":-1.73,"duration_avg":"5:00:00","wins":0,"draws":0,"losses":1,"winrate":0.0,"cagr":-0.06348327954742461,"expectancy":-17.2791825,"expectancy_ratio":-1.0,"sortino":-100,"sharpe":-100,"calmar":-19.69584863354922,"sqn":-100.0,"profit_factor":0.0,"max_drawdown_account":0.01727918250000005,"max_drawdown_abs":17.2791825},{"key":"TOTAL","trades":17,"profit_mean":-0.0014290405164681652,"profit_mean_pct":-0.14,"profit_total_abs":-8.16628881,"profit_total":-0.00816628881,"profit_total_pct":-0.82,"duration_avg":"3:25:00","wins":6,"draws":10,"losses":1,"winrate":0.35294117647058826,"cagr":-0.030383819713805882,"expectancy":-0.48036992999999983,"expectancy_ratio":-0.616035795096209,"sortino":-100,"sharpe":-0.35705636814628855,"calmar":-9.387972406211912,"sqn":-0.4266,"profit_factor":0.5273914833644474,"max_drawdown_account":0.01713277173601192,"max_drawdown_abs":17.2791825}],"left_open_trades":[{"key":"TOTAL","trades":0,"profit_mean":0.0,"profit_mean_pct":0.0,"profit_total_abs":0.0,"profit_total":0.0,"profit_total_pct":0.0,"duration_avg":"0:00","wins":0,"draws":0,"losses":0,"winrate":0.0,"cagr":0.0,"expectancy":0.0,"expectancy_ratio":100.0,"sortino":0,"sharpe":0,"calmar":0,"sqn":0.0,"profit_factor":0.0,"max_drawdown_account":0.0,"max_drawdown_abs":0.0}],"total_trades":17,"trade_count_long":17,"trade_count_short":0,"total_volume":11238.678152593782,"avg_stake_amount":330.1291041176471,"profit_mean":-0.0014290405164681652,"profit_median":0.0,"profit_total":-0.00816628881,"profit_total_long":-0.00816628881,"profit_total_short":0.0,"profit_total_abs":-8.16628881,"profit_total_long_abs":-8.16628881,"profit_total_short_abs":0.0,"cagr":-0.030383819713805882,"expectancy":-0.48036992999999983,"expectancy_ratio":-0.616035795096209,"sortino":-100,"sharpe":-0.35705636814628855,"calmar":-9.387972406211912,"sqn":-0.4266,"profit_factor":0.5273914833644474,"backtest_start":"2025-10-01 00:00:00","backtest_start_ts":1759276800000,"backtest_end":"2026-01-06 20:00:00","backtest_end_ts":1767729600000,"backtest_days":97,"backtest_run_start_ts":1767741694,"backtest_run_end_ts":1767741694,"trades_per_day":0.18,"market_change":-0.36632086436227446,"pairlist":["DOGE/USDT"],"stake_amount":"unlimited","stake_currency":"USDT","stake_currency_decimals":3,"starting_balance":1000,"dry_run_wallet":1000,"final_balance":991.83371119,"rejected_signals":0,"timedout_entry_orders":0,"timedout_exit_orders":0,"canceled_trade_entries":0,"canceled_entry_orders":0,"replaced_entry_orders":0,"max_open_trades":1,"max_open_trades_setting":3,"timeframe":"1h","timeframe_detail":"","timerange":"20251001-","enable_protections":false,"strategy_name":"ACO_35_7","freqaimodel":null,"freqai_identifier":null,"stoploss":-0.05,"trailing_stop":false,"trailing_stop_positive":null,"trailing_stop_positive_offset":0.0,"trailing_only_offset_is_reached":false,"use_custom_stoploss":false,"minimal_roi":{"0":0.1,"60":0.05,"120":0.0},"use_exit_signal":true,"exit_profit_only":false,"exit_profit_offset":0.0,"ignore_roi_if_entry_signal":false,"trading_mode":"spot","margin_mode":"","periodic_breakdown":{"day":[{"date":"07/10/2025","date_ts":1759795200000,"profit_abs":0.0,"wins":0,"draws":1,"losses":0,"trades":1,"profit_factor":0.0},{"date":"08/10/2025","date_ts":1759881600000,"profit_abs":0.0,"wins":0,"draws":0,"losses":0,"trades":0,"profit_factor":0.0},{"date":"09/10/2025","date_ts":1759968000000,"profit_abs":0.0,"wins":0,"draws":0,"losses":0,"trades":0,"profit_factor":0.0},{"date":"10/10/2025","date_ts":1760054400000,"profit_abs":0.0,"wins":0,"draws":0,"losses":0,"trades":0,"profit_factor":0.0},{"date":"11/10/2025","date_ts":1760140800000,"profit_abs":0.0,"wins":0,"draws":0,"losses":0,"trades":0,"profit_factor":0.0},{"date":"12/10/2025","date_ts":1760227200000,"profit_abs":0.0,"wins":0,"draws":0,"losses":0,"trades":0,"profit_factor":0.0},{"date":"13/10/2025","date_ts":1760313600000,"profit_abs":0.0,"wins":0,"draws":0,"losses":0,"trades":0,"profit_factor":0.0},{"date":"14/10/2025","date_ts":1760400000000,"profit_abs":0.0,"wins":0,"draws":0,"losses":0,"trades":0,"profit_factor":0.0},{"date":"15/10/2025","date_ts":1760486400000,"profit_abs":0.0,"wins":0,"draws":0,"losses":0,"trades":0,"profit_factor":0.0},{"date":"16/10/2025","date_ts":1760572800000,"profit_abs":0.48841,"wins":1,"draws":0,"losses":0,"trades":1,"profit_factor":0.0},{"date":"17/10/2025","date_ts":1760659200000,"profit_abs":7.00153608,"wins":1,"draws":0,"losses":0,"trades":1,"profit_factor":0.0},{"date":"18/10/2025","date_ts":1760745600000,"profit_abs":0.0,"wins":0,"draws":0,"losses":0,"trades":0,"profit_factor":0.0},{"date":"19/10/2025","date_ts":1760832000000,"profit_abs":0.0,"wins":0,"draws":0,"losses":0,"trades":0,"profit_factor":0.0},{"date":"20/10/2025","date_ts":1760918400000,"profit_abs":0.0,"wins":0,"draws":0,"losses":0,"trades":0,"profit_factor":0.0},{"date":"21/10/2025","date_ts":1761004800000,"profit_abs":0.0,"wins":0,"draws":0,"losses":0,"trades":0,"profit_factor":0.0},{"date":"22/10/2025","date_ts":1761091200000,"profit_abs":0.0,"wins":0,"draws":0,"losses":0,"trades":0,"profit_factor":0.0},{"date":"23/10/2025","date_ts":1761177600000,"profit_abs":0.0,"wins":0,"draws":0,"losses":0,"trades":0,"profit_factor":0.0},{"date":"24/10/2025","date_ts":1761264000000,"profit_abs":0.0,"wins":0,"draws":0,"losses":0,"trades":0,"profit_factor":0.0},{"date":"25/10/2025","date_ts":1761350400000,"profit_abs":0.0,"wins":0,"draws":0,"losses":0,"trades":0,"profit_factor":0.0},{"date":"26/10/2025","date_ts":1761436800000,"profit_abs":0.0,"wins":0,"draws":0,"losses":0,"trades":0,"profit_factor":0.0},{"date":"27/10/2025","date_ts":1761523200000,"profit_abs":0.0,"wins":0,"draws":1,"losses":0,"trades":1,"profit_factor":0.0},{"date":"28/10/2025","date_ts":1761609600000,"profit_abs":0.0,"wins":0,"draws":0,"losses":0,"trades":0,"profit_factor":0.0},{"date":"29/10/2025","date_ts":1761696000000,"profit_abs":0.0,"wins":0,"draws":0,"losses":0,"trades":0,"profit_factor":0.0},{"date":"30/10/2025","date_ts":1761782400000,"profit_abs":0.0,"wins":0,"draws":1,"losses":0,"trades":1,"profit_factor":0.0},{"date":"31/10/2025","date_ts":1761868800000,"profit_abs":0.0,"wins":0,"draws":0,"losses":0,"trades":0,"profit_factor":0.0},{"date":"01/11/2025","date_ts":1761955200000,"profit_abs":0.0,"wins":0,"draws":0,"losses":0,"trades":0,"profit_factor":0.0},{"date":"02/11/2025","date_ts":1762041600000,"profit_abs":0.0,"wins":0,"draws":0,"losses":0,"trades":0,"profit_factor":0.0},{"date":"03/11/2025","date_ts":1762128000000,"profit_abs":0.0,"wins":0,"draws":1,"losses":0,"trades":1,"profit_factor":0.0},{"date":"04/11/2025","date_ts":1762214400000,"profit_abs":0.0,"wins":0,"draws":0,"losses":0,"trades":0,"profit_factor":0.0},{"date":"05/11/2025","date_ts":1762300800000,"profit_abs":0.0,"wins":0,"draws":0,"losses":0,"trades":0,"profit_factor":0.0},{"date":"06/11/2025","date_ts":1762387200000,"profit_abs":0.0,"wins":0,"draws":0,"losses":0,"trades":0,"profit_factor":0.0},{"date":"07/11/2025","date_ts":1762473600000,"profit_abs":0.0,"wins":0,"draws":0,"losses":0,"trades":0,"profit_factor":0.0},{"date":"08/11/2025","date_ts":1762560000000,"profit_abs":0.0,"wins":0,"draws":0,"losses":0,"trades":0,"profit_factor":0.0},{"date":"09/11/2025","date_ts":1762646400000,"profit_abs":0.0,"wins":0,"draws":0,"losses":0,"trades":0,"profit_factor":0.0},{"date":"10/11/2025","date_ts":1762732800000,"profit_abs":0.0,"wins":0,"draws":0,"losses":0,"trades":0,"profit_factor":0.0},{"date":"11/11/2025","date_ts":1762819200000,"profit_abs":0.0,"wins":0,"draws":0,"losses":0,"trades":0,"profit_factor":0.0},{"date":"12/11/2025","date_ts":1762905600000,"profit_abs":0.0,"wins":0,"draws":0,"losses":0,"trades":0,"profit_factor":0.0},{"date":"13/11/2025","date_ts":1762992000000,"profit_abs":0.0,"wins":0,"draws":0,"losses":0,"trades":0,"profit_factor":0.0},{"date":"14/11/2025","date_ts":1763078400000,"profit_abs":0.0,"wins":0,"draws":0,"losses":0,"trades":0,"profit_factor":0.0},{"date":"15/11/2025","date_ts":1763164800000,"profit_abs":0.0343686,"wins":1,"draws":0,"losses":0,"trades":1,"profit_factor":0.0},{"date":"16/11/2025","date_ts":1763251200000,"profit_abs":0.0,"wins":0,"draws":0,"losses":0,"trades":0,"profit_factor":0.0},{"date":"17/11/2025","date_ts":1763337600000,"profit_abs":0.0,"wins":0,"draws":0,"losses":0,"trades":0,"profit_factor":0.0},{"date":"18/11/2025","date_ts":1763424000000,"profit_abs":0.0,"wins":0,"draws":0,"losses":0,"trades":0,"profit_factor":0.0},{"date":"19/11/2025","date_ts":1763510400000,"profit_abs":0.0,"wins":0,"draws":0,"losses":0,"trades":0,"profit_factor":0.0},{"date":"20/11/2025","date_ts":1763596800000,"profit_abs":0.0,"wins":0,"draws":0,"losses":0,"trades":0,"profit_factor":0.0},{"date":"21/11/2025","date_ts":1763683200000,"profit_abs":0.0,"wins":0,"draws":0,"losses":0,"trades":0,"profit_factor":0.0},{"date":"22/11/2025","date_ts":1763769600000,"profit_abs":0.0,"wins":0,"draws":0,"losses":0,"trades":0,"profit_factor":0.0},{"date":"23/11/2025","date_ts":1763856000000,"profit_abs":0.0,"wins":0,"draws":0,"losses":0,"trades":0,"profit_factor":0.0},{"date":"24/11/2025","date_ts":1763942400000,"profit_abs":0.0,"wins":0,"draws":0,"losses":0,"trades":0,"profit_factor":0.0},{"date":"25/11/2025","date_ts":1764028800000,"profit_abs":0.0,"wins":0,"draws":0,"losses":0,"trades":0,"profit_factor":0.0},{"date":"26/11/2025","date_ts":1764115200000,"profit_abs":0.0,"wins":0,"draws":0,"losses":0,"trades":0,"profit_factor":0.0},{"date":"27/11/2025","date_ts":1764201600000,"profit_abs":0.0,"wins":0,"draws":0,"losses":0,"trades":0,"profit_factor":0.0},{"date":"28/11/2025","date_ts":1764288000000,"profit_abs":0.0,"wins":0,"draws":0,"losses":0,"trades":0,"profit_factor":0.0},{"date":"29/11/2025","date_ts":1764374400000,"profit_abs":0.0,"wins":0,"draws":0,"losses":0,"trades":0,"profit_factor":0.0},{"date":"30/11/2025","date_ts":1764460800000,"profit_abs":0.0,"wins":0,"draws":0,"losses":0,"trades":0,"profit_factor":0.0},{"date":"01/12/2025","date_ts":1764547200000,"profit_abs":1.02134076,"wins":2,"draws":0,"losses":0,"trades":2,"profit_factor":0.0},{"date":"02/12/2025","date_ts":1764633600000,"profit_abs":0.0,"wins":0,"draws":0,"losses":0,"trades":0,"profit_factor":0.0},{"date":"03/12/2025","date_ts":1764720000000,"profit_abs":0.0,"wins":0,"draws":0,"losses":0,"trades":0,"profit_factor":0.0},{"date":"04/12/2025","date_ts":1764806400000,"profit_abs":0.0,"wins":0,"draws":1,"losses":0,"trades":1,"profit_factor":0.0},{"date":"05/12/2025","date_ts":1764892800000,"profit_abs":-17.2791825,"wins":0,"draws":1,"losses":1,"trades":2,"profit_factor":0.0},{"date":"06/12/2025","date_ts":1764979200000,"profit_abs":0.0,"wins":0,"draws":0,"losses":0,"trades":0,"profit_factor":0.0},{"date":"07/12/2025","date_ts":1765065600000,"profit_abs":0.0,"wins":0,"draws":0,"losses":0,"trades":0,"profit_factor":0.0},{"date":"08/12/2025","date_ts":1765152000000,"profit_abs":0.0,"wins":0,"draws":0,"losses":0,"trades":0,"profit_factor":0.0},{"date":"09/12/2025","date_ts":1765238400000,"profit_abs":0.0,"wins":0,"draws":0,"losses":0,"trades":0,"profit_factor":0.0},{"date":"10/12/2025","date_ts":1765324800000,"profit_abs":0.0,"wins":0,"draws":0,"losses":0,"trades":0,"profit_factor":0.0},{"date":"11/12/2025","date_ts":1765411200000,"profit_abs":0.0,"wins":0,"draws":0,"losses":0,"trades":0,"profit_factor":0.0},{"date":"12/12/2025","date_ts":1765497600000,"profit_abs":0.0,"wins":0,"draws":0,"losses":0,"trades":0,"profit_factor":0.0},{"date":"13/12/2025","date_ts":1765584000000,"profit_abs":0.0,"wins":0,"draws":0,"losses":0,"trades":0,"profit_factor":0.0},{"date":"14/12/2025","date_ts":1765670400000,"profit_abs":0.0,"wins":0,"draws":0,"losses":0,"trades":0,"profit_factor":0.0},{"date":"15/12/2025","date_ts":1765756800000,"profit_abs":0.0,"wins":0,"draws":2,"losses":0,"trades":2,"profit_factor":0.0},{"date":"16/12/2025","date_ts":1765843200000,"profit_abs":0.0,"wins":0,"draws":0,"losses":0,"trades":0,"profit_factor":0.0},{"date":"17/12/2025","date_ts":1765929600000,"profit_abs":0.0,"wins":0,"draws":0,"losses":0,"trades":0,"profit_factor":0.0},{"date":"18/12/2025","date_ts":1766016000000,"profit_abs":0.0,"wins":0,"draws":0,"losses":0,"trades":0,"profit_factor":0.0},{"date":"19/12/2025","date_ts":1766102400000,"profit_abs":0.0,"wins":0,"draws":0,"losses":0,"trades":0,"profit_factor":0.0},{"date":"20/12/2025","date_ts":1766188800000,"profit_abs":0.56723825,"wins":1,"draws":1,"losses":0,"trades":2,"profit_factor":0.0},{"date":"21/12/2025","date_ts":1766275200000,"profit_abs":0.0,"wins":0,"draws":0,"losses":0,"trades":0,"profit_factor":0.0},{"date":"22/12/2025","date_ts":1766361600000,"profit_abs":0.0,"wins":0,"draws":0,"losses":0,"trades":0,"profit_factor":0.0},{"date":"23/12/2025","date_ts":1766448000000,"profit_abs":0.0,"wins":0,"draws":0,"losses":0,"trades":0,"profit_factor":0.0},{"date":"24/12/2025","date_ts":1766534400000,"profit_abs":0.0,"wins":0,"draws":0,"losses":0,"trades":0,"profit_factor":0.0},{"date":"25/12/2025","date_ts":1766620800000,"profit_abs":0.0,"wins":0,"draws":0,"losses":0,"trades":0,"profit_factor":0.0},{"date":"26/12/2025","date_ts":1766707200000,"profit_abs":0.0,"wins":0,"draws":0,"losses":0,"trades":0,"profit_factor":0.0},{"date":"27/12/2025","date_ts":1766793600000,"profit_abs":0.0,"wins":0,"draws":0,"losses":0,"trades":0,"profit_factor":0.0},{"date":"28/12/2025","date_ts":1766880000000,"profit_abs":0.0,"wins":0,"draws":0,"losses":0,"trades":0,"profit_factor":0.0},{"date":"29/12/2025","date_ts":1766966400000,"profit_abs":0.0,"wins":0,"draws":0,"losses":0,"trades":0,"profit_factor":0.0},{"date":"30/12/2025","date_ts":1767052800000,"profit_abs":0.0,"wins":0,"draws":0,"losses":0,"trades":0,"profit_factor":0.0},{"date":"31/12/2025","date_ts":1767139200000,"profit_abs":0.0,"wins":0,"draws":0,"losses":0,"trades":0,"profit_factor":0.0},{"date":"01/01/2026","date_ts":1767225600000,"profit_abs":0.0,"wins":0,"draws":1,"losses":0,"trades":1,"profit_factor":0.0}],"week":[{"date":"13/10/2025","date_ts":1760313600000,"profit_abs":0.0,"wins":0,"draws":1,"losses":0,"trades":1,"profit_factor":0.0},{"date":"20/10/2025","date_ts":1760918400000,"profit_abs":7.48994608,"wins":2,"draws":0,"losses":0,"trades":2,"profit_factor":0.0},{"date":"27/10/2025","date_ts":1761523200000,"profit_abs":0.0,"wins":0,"draws":1,"losses":0,"trades":1,"profit_factor":0.0},{"date":"03/11/2025","date_ts":1762128000000,"profit_abs":0.0,"wins":0,"draws":2,"losses":0,"trades":2,"profit_factor":0.0},{"date":"10/11/2025","date_ts":1762732800000,"profit_abs":0.0,"wins":0,"draws":0,"losses":0,"trades":0,"profit_factor":0.0},{"date":"17/11/2025","date_ts":1763337600000,"profit_abs":0.0343686,"wins":1,"draws":0,"losses":0,"trades":1,"profit_factor":0.0},{"date":"24/11/2025","date_ts":1763942400000,"profit_abs":0.0,"wins":0,"draws":0,"losses":0,"trades":0,"profit_factor":0.0},{"date":"01/12/2025","date_ts":1764547200000,"profit_abs":1.02134076,"wins":2,"draws":0,"losses":0,"trades":2,"profit_factor":0.0},{"date":"08/12/2025","date_ts":1765152000000,"profit_abs":-17.2791825,"wins":0,"draws":2,"losses":1,"trades":3,"profit_factor":0.0},{"date":"15/12/2025","date_ts":1765756800000,"profit_abs":0.0,"wins":0,"draws":2,"losses":0,"trades":2,"profit_factor":0.0},{"date":"22/12/2025","date_ts":1766361600000,"profit_abs":0.56723825,"wins":1,"draws":1,"losses":0,"trades":2,"profit_factor":0.0},{"date":"29/12/2025","date_ts":1766966400000,"profit_abs":0.0,"wins":0,"draws":0,"losses":0,"trades":0,"profit_factor":0.0},{"date":"05/01/2026","date_ts":1767571200000,"profit_abs":0.0,"wins":0,"draws":1,"losses":0,"trades":1,"profit_factor":0.0}],"month":[{"date":"31/10/2025","date_ts":1761868800000,"profit_abs":7.48994608,"wins":2,"draws":3,"losses":0,"trades":5,"profit_factor":0.0},{"date":"30/11/2025","date_ts":1764460800000,"profit_abs":0.0343686,"wins":1,"draws":1,"losses":0,"trades":2,"profit_factor":0.0},{"date":"31/12/2025","date_ts":1767139200000,"profit_abs":-15.69060349,"wins":3,"draws":5,"losses":1,"trades":9,"profit_factor":0.09193601},{"date":"31/01/2026","date_ts":1769817600000,"profit_abs":0.0,"wins":0,"draws":1,"losses":0,"trades":1,"profit_factor":0.0}],"year":[{"date":"31/12/2025","date_ts":1767139200000,"profit_abs":-8.16628881,"wins":6,"draws":9,"losses":1,"trades":16,"profit_factor":0.52739148},{"date":"31/12/2026","date_ts":1798675200000,"profit_abs":0.0,"wins":0,"draws":1,"losses":0,"trades":1,"profit_factor":0.0}],"weekday":[{"date":"Monday","date_ts":0,"profit_abs":1.02134076,"wins":2,"draws":4,"losses":0,"trades":6,"profit_factor":0.0},{"date":"Tuesday","date_ts":1,"profit_abs":0.0,"wins":0,"draws":1,"losses":0,"trades":1,"profit_factor":0.0},{"date":"Thursday","date_ts":3,"profit_abs":0.48841,"wins":1,"draws":3,"losses":0,"trades":4,"profit_factor":0.0},{"date":"Friday","date_ts":4,"profit_abs":-10.27764642,"wins":1,"draws":1,"losses":1,"trades":3,"profit_factor":0.40520066},{"date":"Saturday","date_ts":5,"profit_abs":0.60160685,"wins":2,"draws":1,"losses":0,"trades":3,"profit_factor":0.0}]},"backtest_best_day":0.021195749985580305,"backtest_worst_day":-0.05187399057765593,"backtest_best_day_abs":7.00153608,"backtest_worst_day_abs":-17.2791825,"winning_days":5,"draw_days":81,"losing_days":1,"daily_profit":[["2025-10-07",0.0],["2025-10-08",0.0],["2025-10-09",0.0],["2025-10-10",0.0],["2025-10-11",0.0],["2025-10-12",0.0],["2025-10-13",0.0],["2025-10-14",0.0],["2025-10-15",0.0],["2025-10-16",0.48841],["2025-10-17",7.00153608],["2025-10-18",0.0],["2025-10-19",0.0],["2025-10-20",0.0],["2025-10-21",0.0],["2025-10-22",0.0],["2025-10-23",0.0],["2025-10-24",0.0],["2025-10-25",0.0],["2025-10-26",0.0],["2025-10-27",0.0],["2025-10-28",0.0],["2025-10-29",0.0],["2025-10-30",0.0],["2025-10-31",0.0],["2025-11-01",0.0],["2025-11-02",0.0],["2025-11-03",0.0],["2025-11-04",0.0],["2025-11-05",0.0],["2025-11-06",0.0],["2025-11-07",0.0],["2025-11-08",0.0],["2025-11-09",0.0],["2025-11-10",0.0],["2025-11-11",0.0],["2025-11-12",0.0],["2025-11-13",0.0],["2025-11-14",0.0],["2025-11-15",0.0343686],["2025-11-16",0.0],["2025-11-17",0.0],["2025-11-18",0.0],["2025-11-19",0.0],["2025-11-20",0.0],["2025-11-21",0.0],["2025-11-22",0.0],["2025-11-23",0.0],["2025-11-24",0.0],["2025-11-25",0.0],["2025-11-26",0.0],["2025-11-27",0.0],["2025-11-28",0.0],["2025-11-29",0.0],["2025-11-30",0.0],["2025-12-01",1.02134076],["2025-12-02",0.0],["2025-12-03",0.0],["2025-12-04",0.0],["2025-12-05",-17.2791825],["2025-12-06",0.0],["2025-12-07",0.0],["2025-12-08",0.0],["2025-12-09",0.0],["2025-12-10",0.0],["2025-12-11",0.0],["2025-12-12",0.0],["2025-12-13",0.0],["2025-12-14",0.0],["2025-12-15",0.0],["2025-12-16",0.0],["2025-12-17",0.0],["2025-12-18",0.0],["2025-12-19",0.0],["2025-12-20",0.56723825],["2025-12-21",0.0],["2025-12-22",0.0],["2025-12-23",0.0],["2025-12-24",0.0],["2025-12-25",0.0],["2025-12-26",0.0],["2025-12-27",0.0],["2025-12-28",0.0],["2025-12-29",0.0],["2025-12-30",0.0],["2025-12-31",0.0],["2026-01-01",0.0]],"wins":6,"losses":1,"draws":10,"winrate":0.35294117647058826,"holding_avg":"3:25:00","holding_avg_s":12300.0,"winner_holding_min":"0d 02:00","winner_holding_min_s":7200.0,"winner_holding_max":"0d 02:00","winner_holding_max_s":7200.0,"winner_holding_avg":"0d 02:00","winner_holding_avg_s":7200.0,"loser_holding_min":"0d 05:00","loser_holding_min_s":18000.0,"loser_holding_max":"0d 05:00","loser_holding_max_s":18000.0,"loser_holding_avg":"0d 05:00","loser_holding_avg_s":18000.0,"max_consecutive_wins":3,"max_consecutive_losses":6,"max_drawdown_account":0.01713277173601192,"max_relative_drawdown":0.01713277173601192,"max_drawdown_abs":17.2791825,"drawdown_start":"2025-12-01 20:00:00","drawdown_start_ts":1764619200000.0,"drawdown_end":"2025-12-05 16:00:00","drawdown_end_ts":1764950400000.0,"drawdown_duration":"3 days 20:00:00","drawdown_duration_s":331200.0,"max_drawdown_low":-8.73352706,"max_drawdown_high":8.54565544,"csum_min":991.26647294,"csum_max":1008.54565544}},"strategy_comparison":[{"key":"ACO_35_7","trades":17,"profit_mean":-0.0014290405164681652,"profit_mean_pct":-0.14,"profit_total_abs":-8.16628881,"profit_total":-0.00816628881,"profit_total_pct":-0.82,"duration_avg":"3:25:00","wins":6,"draws":10,"losses":1,"winrate":0.35294117647058826,"cagr":-0.030383819713805882,"expectancy":-0.48036992999999983,"expectancy_ratio":-0.616035795096209,"sortino":-100,"sharpe":-0.35705636814628855,"calmar":-9.387972406211912,"sqn":-0.4266,"profit_factor":0.5273914833644474,"max_drawdown_account":0.01713277173601192,"max_drawdown_abs":"17.279"}]}