{"strategy":{"ACO_61_14":{"trades":[{"pair":"DOGE/USDT","stake_amount":329.9104,"max_stake_amount":329.9104,"amount":1310.0,"open_date":"2025-10-05 02:00:00+00:00","close_date":"2025-10-05 04:00:00+00:00","open_rate":0.25184,"close_rate":0.25833,"fee_open":0.001,"fee_close":0.001,"trade_duration":120,"profit_ratio":0.02372083919892052,"profit_abs":7.8335773,"exit_reason":"roi","initial_stop_loss_abs":0.23925,"initial_stop_loss_ratio":-0.05,"stop_loss_abs":0.23925,"stop_loss_ratio":-0.05,"min_rate":0.25133,"max_rate":0.26398,"is_open":false,"enter_tag":"","leverage":1.0,"is_short":false,"open_timestamp":1759629600000,"close_timestamp":1759636800000,"orders":[{"amount":1310.0,"safe_price":0.25184,"ft_order_side":"buy","order_filled_timestamp":1759629600000,"ft_is_entry":true,"ft_order_tag":"","cost":330.2403104},{"amount":1310.0,"safe_price":0.25833,"ft_order_side":"sell","order_filled_timestamp":1759636800000,"ft_is_entry":false,"ft_order_tag":"roi","cost":338.7507123}],"funding_fees":0.0,"weekday":6},{"pair":"DOGE/USDT","stake_amount":332.49176,"max_stake_amount":332.49176,"amount":1574.0,"open_date":"2025-10-13 14:00:00+00:00","close_date":"2025-10-13 16:00:00+00:00","open_rate":0.21124,"close_rate":0.21166290290290288,"fee_open":0.001,"fee_close":0.001,"trade_duration":120,"profit_ratio":0.0,"profit_abs":0.0,"exit_reason":"roi","initial_stop_loss_abs":0.20068,"initial_stop_loss_ratio":-0.05,"stop_loss_abs":0.20068,"stop_loss_ratio":-0.05,"min_rate":0.20517,"max_rate":0.21192,"is_open":false,"enter_tag":"","leverage":1.0,"is_short":false,"open_timestamp":1760364000000,"close_timestamp":1760371200000,"orders":[{"amount":1574.0,"safe_price":0.21124,"ft_order_side":"buy","order_filled_timestamp":1760364000000,"ft_is_entry":true,"ft_order_tag":"","cost":332.82425176},{"amount":1574.0,"safe_price":0.21166290290290288,"ft_order_side":"sell","order_filled_timestamp":1760371200000,"ft_is_entry":false,"ft_order_tag":"roi","cost":333.49056657833825}],"funding_fees":0.0,"weekday":0},{"pair":"DOGE/USDT","stake_amount":332.50014,"max_stake_amount":332.50014,"amount":1614.0,"open_date":"2025-10-15 09:00:00+00:00","close_date":"2025-10-15 20:00:00+00:00","open_rate":0.20601,"close_rate":0.19571,"fee_open":0.001,"fee_close":0.001,"trade_duration":660,"profit_ratio":-0.05189567968073865,"profit_abs":-17.27257608,"exit_reason":"stop_loss","initial_stop_loss_abs":0.19571,"initial_stop_loss_ratio":-0.05,"stop_loss_abs":0.19571,"stop_loss_ratio":-0.05,"min_rate":0.1942,"max_rate":0.20601,"is_open":false,"enter_tag":"","leverage":1.0,"is_short":false,"open_timestamp":1760518800000,"close_timestamp":1760558400000,"orders":[{"amount":1614.0,"safe_price":0.20601,"ft_order_side":"buy","order_filled_timestamp":1760518800000,"ft_is_entry":true,"ft_order_tag":"","cost":332.83264013999997},{"amount":1614.0,"safe_price":0.19571,"ft_order_side":"sell","order_filled_timestamp":1760558400000,"ft_is_entry":false,"ft_order_tag":"stop_loss","cost":316.19181593999997}],"funding_fees":0.0,"weekday":2},{"pair":"DOGE/USDT","stake_amount":326.80913,"max_stake_amount":326.80913,"amount":1643.0,"open_date":"2025-10-16 07:00:00+00:00","close_date":"2025-10-16 10:00:00+00:00","open_rate":0.19891,"close_rate":0.1993082182182182,"fee_open":0.001,"fee_close":0.001,"trade_duration":180,"profit_ratio":0.0,"profit_abs":0.0,"exit_reason":"roi","initial_stop_loss_abs":0.18897,"initial_stop_loss_ratio":-0.05,"stop_loss_abs":0.18897,"stop_loss_ratio":-0.05,"min_rate":0.19015,"max_rate":0.20062,"is_open":false,"enter_tag":"","leverage":1.0,"is_short":false,"open_timestamp":1760598000000,"close_timestamp":1760608800000,"orders":[{"amount":1643.0,"safe_price":0.19891,"ft_order_side":"buy","order_filled_timestamp":1760598000000,"ft_is_entry":true,"ft_order_tag":"","cost":327.13593912999994},{"amount":1643.0,"safe_price":0.1993082182182182,"ft_order_side":"sell","order_filled_timestamp":1760608800000,"ft_is_entry":false,"ft_order_tag":"roi","cost":327.79086593506497}],"funding_fees":0.0,"weekday":3},{"pair":"DOGE/USDT","stake_amount":326.8,"max_stake_amount":326.8,"amount":1720.0,"open_date":"2025-10-18 18:00:00+00:00","close_date":"2025-10-19 03:00:00+00:00","open_rate":0.19,"close_rate":0.19038038038038035,"fee_open":0.001,"fee_close":0.001,"trade_duration":540,"profit_ratio":0.0,"profit_abs":0.0,"exit_reason":"roi","initial_stop_loss_abs":0.1805,"initial_stop_loss_ratio":-0.05,"stop_loss_abs":0.1805,"stop_loss_ratio":-0.05,"min_rate":0.18777,"max_rate":0.19078,"is_open":false,"enter_tag":"","leverage":1.0,"is_short":false,"open_timestamp":1760810400000,"close_timestamp":1760842800000,"orders":[{"amount":1720.0,"safe_price":0.19,"ft_order_side":"buy","order_filled_timestamp":1760810400000,"ft_is_entry":true,"ft_order_tag":"","cost":327.1268},{"amount":1720.0,"safe_price":0.19038038038038035,"ft_order_side":"sell","order_filled_timestamp":1760842800000,"ft_is_entry":false,"ft_order_tag":"roi","cost":327.7817085085084}],"funding_fees":0.0,"weekday":6},{"pair":"DOGE/USDT","stake_amount":326.87315,"max_stake_amount":326.87315,"amount":1685.0,"open_date":"2025-10-29 11:00:00+00:00","close_date":"2025-10-29 13:00:00+00:00","open_rate":0.19399,"close_rate":0.19611,"fee_open":0.001,"fee_close":0.001,"trade_duration":120,"profit_ratio":0.008908561411267736,"profit_abs":2.9148815,"exit_reason":"roi","initial_stop_loss_abs":0.1843,"initial_stop_loss_ratio":-0.05,"stop_loss_abs":0.1843,"stop_loss_ratio":-0.05,"min_rate":0.19301,"max_rate":0.19728,"is_open":false,"enter_tag":"","leverage":1.0,"is_short":false,"open_timestamp":1761735600000,"close_timestamp":1761742800000,"orders":[{"amount":1685.0,"safe_price":0.19399,"ft_order_side":"buy","order_filled_timestamp":1761735600000,"ft_is_entry":true,"ft_order_tag":"","cost":327.20002315},{"amount":1685.0,"safe_price":0.19611,"ft_order_side":"sell","order_filled_timestamp":1761742800000,"ft_is_entry":false,"ft_order_tag":"roi","cost":330.77579535}],"funding_fees":0.0,"weekday":2},{"pair":"DOGE/USDT","stake_amount":327.78168,"max_stake_amount":327.78168,"amount":1752.0,"open_date":"2025-11-01 08:00:00+00:00","close_date":"2025-11-01 10:00:00+00:00","open_rate":0.18709,"close_rate":0.18746455455455455,"fee_open":0.001,"fee_close":0.001,"trade_duration":120,"profit_ratio":0.0,"profit_abs":0.0,"exit_reason":"roi","initial_stop_loss_abs":0.17774,"initial_stop_loss_ratio":-0.05,"stop_loss_abs":0.17774,"stop_loss_ratio":-0.05,"min_rate":0.1867,"max_rate":0.188,"is_open":false,"enter_tag":"","leverage":1.0,"is_short":false,"open_timestamp":1761984000000,"close_timestamp":1761991200000,"orders":[{"amount":1752.0,"safe_price":0.18709,"ft_order_side":"buy","order_filled_timestamp":1761984000000,"ft_is_entry":true,"ft_order_tag":"","cost":328.10946168},{"amount":1752.0,"safe_price":0.18746455455455455,"ft_order_side":"sell","order_filled_timestamp":1761991200000,"ft_is_entry":false,"ft_order_tag":"roi","cost":328.7663374791591}],"funding_fees":0.0,"weekday":5},{"pair":"DOGE/USDT","stake_amount":327.72096,"max_stake_amount":327.72096,"amount":1778.0,"open_date":"2025-11-10 10:00:00+00:00","close_date":"2025-11-11 01:00:00+00:00","open_rate":0.18432,"close_rate":0.184689009009009,"fee_open":0.001,"fee_close":0.001,"trade_duration":900,"profit_ratio":0.0,"profit_abs":0.0,"exit_reason":"roi","initial_stop_loss_abs":0.17511,"initial_stop_loss_ratio":-0.05,"stop_loss_abs":0.17511,"stop_loss_ratio":-0.05,"min_rate":0.17722,"max_rate":0.1864,"is_open":false,"enter_tag":"","leverage":1.0,"is_short":false,"open_timestamp":1762768800000,"close_timestamp":1762822800000,"orders":[{"amount":1778.0,"safe_price":0.18432,"ft_order_side":"buy","order_filled_timestamp":1762768800000,"ft_is_entry":true,"ft_order_tag":"","cost":328.04868096},{"amount":1778.0,"safe_price":0.184689009009009,"ft_order_side":"sell","order_filled_timestamp":1762822800000,"ft_is_entry":false,"ft_order_tag":"roi","cost":328.705435076036}],"funding_fees":0.0,"weekday":1},{"pair":"DOGE/USDT","stake_amount":327.8303,"max_stake_amount":327.8303,"amount":1883.0,"open_date":"2025-11-12 09:00:00+00:00","close_date":"2025-11-12 11:00:00+00:00","open_rate":0.1741,"close_rate":0.1764,"fee_open":0.001,"fee_close":0.001,"trade_duration":120,"profit_ratio":0.011186401192145017,"profit_abs":3.6709085,"exit_reason":"roi","initial_stop_loss_abs":0.1654,"initial_stop_loss_ratio":-0.05,"stop_loss_abs":0.1654,"stop_loss_ratio":-0.05,"min_rate":0.17404,"max_rate":0.17713,"is_open":false,"enter_tag":"","leverage":1.0,"is_short":false,"open_timestamp":1762938000000,"close_timestamp":1762945200000,"orders":[{"amount":1883.0,"safe_price":0.1741,"ft_order_side":"buy","order_filled_timestamp":1762938000000,"ft_is_entry":true,"ft_order_tag":"","cost":328.1581303},{"amount":1883.0,"safe_price":0.1764,"ft_order_side":"sell","order_filled_timestamp":1762945200000,"ft_is_entry":false,"ft_order_tag":"roi","cost":332.4933612}],"funding_fees":0.0,"weekday":2},{"pair":"DOGE/USDT","stake_amount":328.90634,"max_stake_amount":328.90634,"amount":2014.0,"open_date":"2025-11-14 20:00:00+00:00","close_date":"2025-11-14 23:00:00+00:00","open_rate":0.16331,"close_rate":0.15515,"fee_open":0.001,"fee_close":0.001,"trade_duration":180,"profit_ratio":-0.05186449090680307,"profit_abs":-17.07561844,"exit_reason":"stop_loss","initial_stop_loss_abs":0.15515,"initial_stop_loss_ratio":-0.05,"stop_loss_abs":0.15515,"stop_loss_ratio":-0.05,"min_rate":0.15472,"max_rate":0.1634,"is_open":false,"enter_tag":"","leverage":1.0,"is_short":false,"open_timestamp":1763150400000,"close_timestamp":1763161200000,"orders":[{"amount":2014.0,"safe_price":0.16331,"ft_order_side":"buy","order_filled_timestamp":1763150400000,"ft_is_entry":true,"ft_order_tag":"","cost":329.23524633999995},{"amount":2014.0,"safe_price":0.15515,"ft_order_side":"sell","order_filled_timestamp":1763161200000,"ft_is_entry":false,"ft_order_tag":"stop_loss","cost":312.7845721}],"funding_fees":0.0,"weekday":4},{"pair":"DOGE/USDT","stake_amount":323.28904,"max_stake_amount":323.28904,"amount":1966.0,"open_date":"2025-11-15 18:00:00+00:00","close_date":"2025-11-16 09:00:00+00:00","open_rate":0.16444,"close_rate":0.1647692092092092,"fee_open":0.001,"fee_close":0.001,"trade_duration":900,"profit_ratio":0.0,"profit_abs":0.0,"exit_reason":"roi","initial_stop_loss_abs":0.15622,"initial_stop_loss_ratio":-0.05,"stop_loss_abs":0.15622,"stop_loss_ratio":-0.05,"min_rate":0.15998,"max_rate":0.16563,"is_open":false,"enter_tag":"","leverage":1.0,"is_short":false,"open_timestamp":1763229600000,"close_timestamp":1763283600000,"orders":[{"amount":1966.0,"safe_price":0.16444,"ft_order_side":"buy","order_filled_timestamp":1763229600000,"ft_is_entry":true,"ft_order_tag":"","cost":323.61232903999996},{"amount":1966.0,"safe_price":0.1647692092092092,"ft_order_side":"sell","order_filled_timestamp":1763283600000,"ft_is_entry":false,"ft_order_tag":"roi","cost":324.2602015706106}],"funding_fees":0.0,"weekday":6},{"pair":"DOGE/USDT","stake_amount":323.32152,"max_stake_amount":323.32152,"amount":1992.0,"open_date":"2025-11-17 15:00:00+00:00","close_date":"2025-11-17 18:00:00+00:00","open_rate":0.16231,"close_rate":0.1542,"fee_open":0.001,"fee_close":0.001,"trade_duration":180,"profit_ratio":-0.051864283827810415,"profit_abs":-16.78560792,"exit_reason":"stop_loss","initial_stop_loss_abs":0.1542,"initial_stop_loss_ratio":-0.05,"stop_loss_abs":0.1542,"stop_loss_ratio":-0.05,"min_rate":0.15372,"max_rate":0.16367,"is_open":false,"enter_tag":"","leverage":1.0,"is_short":false,"open_timestamp":1763391600000,"close_timestamp":1763402400000,"orders":[{"amount":1992.0,"safe_price":0.16231,"ft_order_side":"buy","order_filled_timestamp":1763391600000,"ft_is_entry":true,"ft_order_tag":"","cost":323.64484152},{"amount":1992.0,"safe_price":0.1542,"ft_order_side":"sell","order_filled_timestamp":1763402400000,"ft_is_entry":false,"ft_order_tag":"stop_loss","cost":307.4735664}],"funding_fees":0.0,"weekday":0},{"pair":"DOGE/USDT","stake_amount":317.85936,"max_stake_amount":317.85936,"amount":2128.0,"open_date":"2025-11-30 04:00:00+00:00","close_date":"2025-11-30 08:00:00+00:00","open_rate":0.14937,"close_rate":0.14966903903903903,"fee_open":0.001,"fee_close":0.001,"trade_duration":240,"profit_ratio":0.0,"profit_abs":0.0,"exit_reason":"roi","initial_stop_loss_abs":0.14191,"initial_stop_loss_ratio":-0.05,"stop_loss_abs":0.14191,"stop_loss_ratio":-0.05,"min_rate":0.14839,"max_rate":0.14988,"is_open":false,"enter_tag":"","leverage":1.0,"is_short":false,"open_timestamp":1764475200000,"close_timestamp":1764489600000,"orders":[{"amount":2128.0,"safe_price":0.14937,"ft_order_side":"buy","order_filled_timestamp":1764475200000,"ft_is_entry":true,"ft_order_tag":"","cost":318.1772193599999},{"amount":2128.0,"safe_price":0.14966903903903903,"ft_order_side":"sell","order_filled_timestamp":1764489600000,"ft_is_entry":false,"ft_order_tag":"roi","cost":318.81421079015007}],"funding_fees":0.0,"weekday":6},{"pair":"DOGE/USDT","stake_amount":317.83024,"max_stake_amount":317.83024,"amount":2158.0,"open_date":"2025-12-03 03:00:00+00:00","close_date":"2025-12-03 05:00:00+00:00","open_rate":0.14728,"close_rate":0.1493,"fee_open":0.001,"fee_close":0.001,"trade_duration":120,"profit_ratio":0.011689966741569132,"profit_abs":3.71914036,"exit_reason":"exit_signal","initial_stop_loss_abs":0.13992,"initial_stop_loss_ratio":-0.05,"stop_loss_abs":0.13992,"stop_loss_ratio":-0.05,"min_rate":0.14705,"max_rate":0.1509,"is_open":false,"enter_tag":"","leverage":1.0,"is_short":false,"open_timestamp":1764730800000,"close_timestamp":1764738000000,"orders":[{"amount":2158.0,"safe_price":0.14728,"ft_order_side":"buy","order_filled_timestamp":1764730800000,"ft_is_entry":true,"ft_order_tag":"","cost":318.14807024},{"amount":2158.0,"safe_price":0.1493,"ft_order_side":"sell","order_filled_timestamp":1764738000000,"ft_is_entry":false,"ft_order_tag":"exit_signal","cost":322.51158939999993}],"funding_fees":0.0,"weekday":2},{"pair":"DOGE/USDT","stake_amount":319.10292,"max_stake_amount":319.10292,"amount":2267.0,"open_date":"2025-12-07 07:00:00+00:00","close_date":"2025-12-07 17:00:00+00:00","open_rate":0.14076,"close_rate":0.14104180180180179,"fee_open":0.001,"fee_close":0.001,"trade_duration":600,"profit_ratio":0.0,"profit_abs":0.0,"exit_reason":"roi","initial_stop_loss_abs":0.13373,"initial_stop_loss_ratio":-0.05,"stop_loss_abs":0.13373,"stop_loss_ratio":-0.05,"min_rate":0.13486,"max_rate":0.1421,"is_open":false,"enter_tag":"","leverage":1.0,"is_short":false,"open_timestamp":1765090800000,"close_timestamp":1765126800000,"orders":[{"amount":2267.0,"safe_price":0.14076,"ft_order_side":"buy","order_filled_timestamp":1765090800000,"ft_is_entry":true,"ft_order_tag":"","cost":319.42202291999996},{"amount":2267.0,"safe_price":0.14104180180180179,"ft_order_side":"sell","order_filled_timestamp":1765126800000,"ft_is_entry":false,"ft_order_tag":"roi","cost":320.0615064493693}],"funding_fees":0.0,"weekday":6},{"pair":"DOGE/USDT","stake_amount":319.09564,"max_stake_amount":319.09564,"amount":2543.0,"open_date":"2025-12-18 05:00:00+00:00","close_date":"2025-12-18 09:00:00+00:00","open_rate":0.12548,"close_rate":0.1257312112112112,"fee_open":0.001,"fee_close":0.001,"trade_duration":240,"profit_ratio":0.0,"profit_abs":0.0,"exit_reason":"roi","initial_stop_loss_abs":0.11921,"initial_stop_loss_ratio":-0.05,"stop_loss_abs":0.11921,"stop_loss_ratio":-0.05,"min_rate":0.12385,"max_rate":0.12594,"is_open":false,"enter_tag":"","leverage":1.0,"is_short":false,"open_timestamp":1766034000000,"close_timestamp":1766048400000,"orders":[{"amount":2543.0,"safe_price":0.12548,"ft_order_side":"buy","order_filled_timestamp":1766034000000,"ft_is_entry":true,"ft_order_tag":"","cost":319.41473563999995},{"amount":2543.0,"safe_price":0.1257312112112112,"ft_order_side":"sell","order_filled_timestamp":1766048400000,"ft_is_entry":false,"ft_order_tag":"roi","cost":320.05420458022013}],"funding_fees":0.0,"weekday":3},{"pair":"DOGE/USDT","stake_amount":319.06889,"max_stake_amount":319.06889,"amount":2401.0,"open_date":"2025-12-22 12:00:00+00:00","close_date":"2025-12-22 14:00:00+00:00","open_rate":0.13289,"close_rate":0.13315604604604606,"fee_open":0.001,"fee_close":0.001,"trade_duration":120,"profit_ratio":0.0,"profit_abs":0.0,"exit_reason":"roi","initial_stop_loss_abs":0.12625,"initial_stop_loss_ratio":-0.05,"stop_loss_abs":0.12625,"stop_loss_ratio":-0.05,"min_rate":0.13253,"max_rate":0.13444,"is_open":false,"enter_tag":"","leverage":1.0,"is_short":false,"open_timestamp":1766404800000,"close_timestamp":1766412000000,"orders":[{"amount":2401.0,"safe_price":0.13289,"ft_order_side":"buy","order_filled_timestamp":1766404800000,"ft_is_entry":true,"ft_order_tag":"","cost":319.38795889},{"amount":2401.0,"safe_price":0.13315604604604606,"ft_order_side":"sell","order_filled_timestamp":1766412000000,"ft_is_entry":false,"ft_order_tag":"roi","cost":320.0273742231131}],"funding_fees":0.0,"weekday":0},{"pair":"DOGE/USDT","stake_amount":319.10296,"max_stake_amount":319.10296,"amount":2486.0,"open_date":"2025-12-24 16:00:00+00:00","close_date":"2025-12-24 20:00:00+00:00","open_rate":0.12836,"close_rate":0.12861697697697697,"fee_open":0.001,"fee_close":0.001,"trade_duration":240,"profit_ratio":0.0,"profit_abs":0.0,"exit_reason":"roi","initial_stop_loss_abs":0.12195,"initial_stop_loss_ratio":-0.05,"stop_loss_abs":0.12195,"stop_loss_ratio":-0.05,"min_rate":0.12762,"max_rate":0.12946,"is_open":false,"enter_tag":"","leverage":1.0,"is_short":false,"open_timestamp":1766592000000,"close_timestamp":1766606400000,"orders":[{"amount":2486.0,"safe_price":0.12836,"ft_order_side":"buy","order_filled_timestamp":1766592000000,"ft_is_entry":true,"ft_order_tag":"","cost":319.42206295999995},{"amount":2486.0,"safe_price":0.12861697697697697,"ft_order_side":"sell","order_filled_timestamp":1766606400000,"ft_is_entry":false,"ft_order_tag":"roi","cost":320.0615465695294}],"funding_fees":0.0,"weekday":2},{"pair":"DOGE/USDT","stake_amount":319.10756,"max_stake_amount":319.10756,"amount":2591.0,"open_date":"2025-12-31 06:00:00+00:00","close_date":"2025-12-31 08:00:00+00:00","open_rate":0.12316,"close_rate":0.12340656656656655,"fee_open":0.001,"fee_close":0.001,"trade_duration":120,"profit_ratio":0.0,"profit_abs":0.0,"exit_reason":"roi","initial_stop_loss_abs":0.11701,"initial_stop_loss_ratio":-0.05,"stop_loss_abs":0.11701,"stop_loss_ratio":-0.05,"min_rate":0.12289,"max_rate":0.1237,"is_open":false,"enter_tag":"","leverage":1.0,"is_short":false,"open_timestamp":1767160800000,"close_timestamp":1767168000000,"orders":[{"amount":2591.0,"safe_price":0.12316,"ft_order_side":"buy","order_filled_timestamp":1767160800000,"ft_is_entry":true,"ft_order_tag":"","cost":319.42666756},{"amount":2591.0,"safe_price":0.12340656656656655,"ft_order_side":"sell","order_filled_timestamp":1767168000000,"ft_is_entry":false,"ft_order_tag":"roi","cost":320.06616038794783}],"funding_fees":0.0,"weekday":2},{"pair":"DOGE/USDT","stake_amount":318.97974,"max_stake_amount":318.97974,"amount":2253.0,"open_date":"2026-01-03 18:00:00+00:00","close_date":"2026-01-03 20:00:00+00:00","open_rate":0.14158,"close_rate":0.14186344344344343,"fee_open":0.001,"fee_close":0.001,"trade_duration":120,"profit_ratio":0.0,"profit_abs":0.0,"exit_reason":"roi","initial_stop_loss_abs":0.13451,"initial_stop_loss_ratio":-0.05,"stop_loss_abs":0.13451,"stop_loss_ratio":-0.05,"min_rate":0.14127,"max_rate":0.14261,"is_open":false,"enter_tag":"","leverage":1.0,"is_short":false,"open_timestamp":1767463200000,"close_timestamp":1767470400000,"orders":[{"amount":2253.0,"safe_price":0.14158,"ft_order_side":"buy","order_filled_timestamp":1767463200000,"ft_is_entry":true,"ft_order_tag":"","cost":319.29871974},{"amount":2253.0,"safe_price":0.14186344344344343,"ft_order_side":"sell","order_filled_timestamp":1767470400000,"ft_is_entry":false,"ft_order_tag":"roi","cost":319.9379564161561}],"funding_fees":0.0,"weekday":5}],"locks":[],"best_pair":{"key":"DOGE/USDT","trades":20,"profit_mean":-0.005005934293572488,"profit_mean_pct":-0.5,"profit_total_abs":-32.99529478,"profit_total":-0.032995294780000003,"profit_total_pct":-3.3,"duration_avg":"4:57:00","wins":4,"draws":13,"losses":3,"winrate":0.2,"cagr":-0.11860734649192373,"expectancy":-1.6497647389999996,"expectancy_ratio":-0.7467910458606606,"sortino":-32.49187386343423,"sharpe":-0.9611059486849685,"calmar":-14.702365048630952,"sqn":-1.0635,"profit_factor":0.3547263609289292,"max_drawdown_account":0.04420175457871201,"max_drawdown_abs":44.54801244},"worst_pair":{"key":"DOGE/USDT","trades":20,"profit_mean":-0.005005934293572488,"profit_mean_pct":-0.5,"profit_total_abs":-32.99529478,"profit_total":-0.032995294780000003,"profit_total_pct":-3.3,"duration_avg":"4:57:00","wins":4,"draws":13,"losses":3,"winrate":0.2,"cagr":-0.11860734649192373,"expectancy":-1.6497647389999996,"expectancy_ratio":-0.7467910458606606,"sortino":-32.49187386343423,"sharpe":-0.9611059486849685,"calmar":-14.702365048630952,"sqn":-1.0635,"profit_factor":0.3547263609289292,"max_drawdown_account":0.04420175457871201,"max_drawdown_abs":44.54801244},"results_per_pair":[{"key":"DOGE/USDT","trades":20,"profit_mean":-0.005005934293572488,"profit_mean_pct":-0.5,"profit_total_abs":-32.99529478,"profit_total":-0.032995294780000003,"profit_total_pct":-3.3,"duration_avg":"4:57:00","wins":4,"draws":13,"losses":3,"winrate":0.2,"cagr":-0.11860734649192373,"expectancy":-1.6497647389999996,"expectancy_ratio":-0.7467910458606606,"sortino":-32.49187386343423,"sharpe":-0.9611059486849685,"calmar":-14.702365048630952,"sqn":-1.0635,"profit_factor":0.3547263609289292,"max_drawdown_account":0.04420175457871201,"max_drawdown_abs":44.54801244},{"key":"TOTAL","trades":20,"profit_mean":-0.005005934293572488,"profit_mean_pct":-0.5,"profit_total_abs":-32.99529478,"profit_total":-0.032995294780000003,"profit_total_pct":-3.3,"duration_avg":"4:57:00","wins":4,"draws":13,"losses":3,"winrate":0.2,"cagr":-0.11860734649192373,"expectancy":-1.6497647389999996,"expectancy_ratio":-0.7467910458606606,"sortino":-32.49187386343423,"sharpe":-0.9611059486849685,"calmar":-14.702365048630952,"sqn":-1.0635,"profit_factor":0.3547263609289292,"max_drawdown_account":0.04420175457871201,"max_drawdown_abs":44.54801244}],"results_per_enter_tag":[{"key":"","trades":20,"profit_mean":-0.005005934293572488,"profit_mean_pct":-0.5,"profit_total_abs":-32.99529478,"profit_total":-0.032995294780000003,"profit_total_pct":-3.3,"duration_avg":"4:57:00","wins":4,"draws":13,"losses":3,"winrate":0.2,"cagr":-0.11860734649192373,"expectancy":-1.6497647389999996,"expectancy_ratio":-0.7467910458606606,"sortino":-32.49187386343423,"sharpe":-0.9611059486849685,"calmar":-14.702365048630952,"sqn":-1.0635,"profit_factor":0.3547263609289292,"max_drawdown_account":0.04420175457871201,"max_drawdown_abs":44.54801244},{"key":"TOTAL","trades":20,"profit_mean":-0.005005934293572488,"profit_mean_pct":-0.5,"profit_total_abs":-32.99529478,"profit_total":-0.032995294780000003,"profit_total_pct":-3.3,"duration_avg":"4:57:00","wins":4,"draws":13,"losses":3,"winrate":0.2,"cagr":-0.11860734649192373,"expectancy":-1.6497647389999996,"expectancy_ratio":-0.7467910458606606,"sortino":-32.49187386343423,"sharpe":-0.9611059486849685,"calmar":-14.702365048630952,"sqn":-1.0635,"profit_factor":0.3547263609289292,"max_drawdown_account":0.04420175457871201,"max_drawdown_abs":44.54801244}],"exit_reason_summary":[{"key":"roi","trades":16,"profit_mean":0.0027384876126458294,"profit_mean_pct":0.27,"profit_total_abs":14.4193673,"profit_total":0.0144193673,"profit_total_pct":1.44,"duration_avg":"5:00:00","wins":3,"draws":13,"losses":0,"winrate":0.1875,"cagr":0.05534843018681612,"expectancy":0.9012104562500001,"expectancy_ratio":100.0,"sortino":-100,"sharpe":1.3544814706025325,"calmar":-100,"sqn":1.6647,"profit_factor":0.0,"max_drawdown_account":0.0,"max_drawdown_abs":0.0},{"key":"exit_signal","trades":1,"profit_mean":0.011689966741569132,"profit_mean_pct":1.17,"profit_total_abs":3.71914036,"profit_total":0.00371914036,"profit_total_pct":0.37,"duration_avg":"2:00:00","wins":1,"draws":0,"losses":0,"winrate":1.0,"cagr":0.014066762396018895,"expectancy":3.71914036,"expectancy_ratio":100.0,"sortino":-100,"sharpe":-100,"calmar":-100,"sqn":-100.0,"profit_factor":0.0,"max_drawdown_account":0.0,"max_drawdown_abs":0.0},{"key":"stop_loss","trades":3,"profit_mean":-0.05187481813845071,"profit_mean_pct":-5.19,"profit_total_abs":-51.13380244,"profit_total":-0.051133802439999994,"profit_total_pct":-5.11,"duration_avg":"5:40:00","wins":0,"draws":0,"losses":3,"winrate":0.0,"cagr":-0.17922351006769677,"expectancy":-17.044600813333332,"expectancy_ratio":-1.0,"sortino":-50.353635877965175,"sharpe":-50.353635877965175,"calmar":-19.695848633549296,"sqn":-120.5174,"profit_factor":0.0,"max_drawdown_account":0.05113380243999995,"max_drawdown_abs":51.13380244},{"key":"TOTAL","trades":20,"profit_mean":-0.005005934293572488,"profit_mean_pct":-0.5,"profit_total_abs":-32.99529478,"profit_total":-0.032995294780000003,"profit_total_pct":-3.3,"duration_avg":"4:57:00","wins":4,"draws":13,"losses":3,"winrate":0.2,"cagr":-0.11860734649192373,"expectancy":-1.6497647389999996,"expectancy_ratio":-0.7467910458606606,"sortino":-32.49187386343423,"sharpe":-0.9611059486849685,"calmar":-14.702365048630952,"sqn":-1.0635,"profit_factor":0.3547263609289292,"max_drawdown_account":0.04420175457871201,"max_drawdown_abs":44.54801244}],"mix_tag_stats":[{"key":["","roi"],"trades":16,"profit_mean":0.0027384876126458294,"profit_mean_pct":0.27,"profit_total_abs":14.4193673,"profit_total":0.0144193673,"profit_total_pct":1.44,"duration_avg":"5:00:00","wins":3,"draws":13,"losses":0,"winrate":0.1875,"cagr":0.05534843018681612,"expectancy":0.9012104562500001,"expectancy_ratio":100.0,"sortino":-100,"sharpe":1.3544814706025325,"calmar":-100,"sqn":1.6647,"profit_factor":0.0,"max_drawdown_account":0.0,"max_drawdown_abs":0.0},{"key":["","exit_signal"],"trades":1,"profit_mean":0.011689966741569132,"profit_mean_pct":1.17,"profit_total_abs":3.71914036,"profit_total":0.00371914036,"profit_total_pct":0.37,"duration_avg":"2:00:00","wins":1,"draws":0,"losses":0,"winrate":1.0,"cagr":0.014066762396018895,"expectancy":3.71914036,"expectancy_ratio":100.0,"sortino":-100,"sharpe":-100,"calmar":-100,"sqn":-100.0,"profit_factor":0.0,"max_drawdown_account":0.0,"max_drawdown_abs":0.0},{"key":["","stop_loss"],"trades":3,"profit_mean":-0.05187481813845071,"profit_mean_pct":-5.19,"profit_total_abs":-51.13380244,"profit_total":-0.051133802439999994,"profit_total_pct":-5.11,"duration_avg":"5:40:00","wins":0,"draws":0,"losses":3,"winrate":0.0,"cagr":-0.17922351006769677,"expectancy":-17.044600813333332,"expectancy_ratio":-1.0,"sortino":-50.353635877965175,"sharpe":-50.353635877965175,"calmar":-19.695848633549296,"sqn":-120.5174,"profit_factor":0.0,"max_drawdown_account":0.05113380243999995,"max_drawdown_abs":51.13380244},{"key":"TOTAL","trades":20,"profit_mean":-0.005005934293572488,"profit_mean_pct":-0.5,"profit_total_abs":-32.99529478,"profit_total":-0.032995294780000003,"profit_total_pct":-3.3,"duration_avg":"4:57:00","wins":4,"draws":13,"losses":3,"winrate":0.2,"cagr":-0.11860734649192373,"expectancy":-1.6497647389999996,"expectancy_ratio":-0.7467910458606606,"sortino":-32.49187386343423,"sharpe":-0.9611059486849685,"calmar":-14.702365048630952,"sqn":-1.0635,"profit_factor":0.3547263609289292,"max_drawdown_account":0.04420175457871201,"max_drawdown_abs":44.54801244}],"left_open_trades":[{"key":"TOTAL","trades":0,"profit_mean":0.0,"profit_mean_pct":0.0,"profit_total_abs":0.0,"profit_total":0.0,"profit_total_pct":0.0,"duration_avg":"0:00","wins":0,"draws":0,"losses":0,"winrate":0.0,"cagr":0.0,"expectancy":0.0,"expectancy_ratio":100.0,"sortino":0,"sharpe":0,"calmar":0,"sqn":0.0,"profit_factor":0.0,"max_drawdown_account":0.0,"max_drawdown_abs":0.0}],"total_trades":20,"trade_count_long":20,"trade_count_short":0,"total_volume":12961.665598984202,"avg_stake_amount":324.2190865,"profit_mean":-0.005005934293572488,"profit_median":0.0,"profit_total":-0.032995294780000003,"profit_total_long":-0.032995294780000003,"profit_total_short":0.0,"profit_total_abs":-32.99529478,"profit_total_long_abs":-32.99529478,"profit_total_short_abs":0.0,"cagr":-0.11860734649192373,"expectancy":-1.6497647389999996,"expectancy_ratio":-0.7467910458606606,"sortino":-32.49187386343423,"sharpe":-0.9611059486849685,"calmar":-14.702365048630952,"sqn":-1.0635,"profit_factor":0.3547263609289292,"backtest_start":"2025-10-01 00:00:00","backtest_start_ts":1759276800000,"backtest_end":"2026-01-06 20:00:00","backtest_end_ts":1767729600000,"backtest_days":97,"backtest_run_start_ts":1767749984,"backtest_run_end_ts":1767749984,"trades_per_day":0.21,"market_change":-0.36632086436227446,"pairlist":["DOGE/USDT"],"stake_amount":"unlimited","stake_currency":"USDT","stake_currency_decimals":3,"starting_balance":1000,"dry_run_wallet":1000,"final_balance":967.00470522,"rejected_signals":0,"timedout_entry_orders":0,"timedout_exit_orders":0,"canceled_trade_entries":0,"canceled_entry_orders":0,"replaced_entry_orders":0,"max_open_trades":1,"max_open_trades_setting":3,"timeframe":"1h","timeframe_detail":"","timerange":"20251001-","enable_protections":false,"strategy_name":"ACO_61_14","freqaimodel":null,"freqai_identifier":null,"stoploss":-0.05,"trailing_stop":false,"trailing_stop_positive":null,"trailing_stop_positive_offset":0.0,"trailing_only_offset_is_reached":false,"use_custom_stoploss":false,"minimal_roi":{"0":0.1,"60":0.05,"120":0.0},"use_exit_signal":true,"exit_profit_only":false,"exit_profit_offset":0.0,"ignore_roi_if_entry_signal":false,"trading_mode":"spot","margin_mode":"","periodic_breakdown":{"day":[{"date":"05/10/2025","date_ts":1759622400000,"profit_abs":7.8335773,"wins":1,"draws":0,"losses":0,"trades":1,"profit_factor":0.0},{"date":"06/10/2025","date_ts":1759708800000,"profit_abs":0.0,"wins":0,"draws":0,"losses":0,"trades":0,"profit_factor":0.0},{"date":"07/10/2025","date_ts":1759795200000,"profit_abs":0.0,"wins":0,"draws":0,"losses":0,"trades":0,"profit_factor":0.0},{"date":"08/10/2025","date_ts":1759881600000,"profit_abs":0.0,"wins":0,"draws":0,"losses":0,"trades":0,"profit_factor":0.0},{"date":"09/10/2025","date_ts":1759968000000,"profit_abs":0.0,"wins":0,"draws":0,"losses":0,"trades":0,"profit_factor":0.0},{"date":"10/10/2025","date_ts":1760054400000,"profit_abs":0.0,"wins":0,"draws":0,"losses":0,"trades":0,"profit_factor":0.0},{"date":"11/10/2025","date_ts":1760140800000,"profit_abs":0.0,"wins":0,"draws":0,"losses":0,"trades":0,"profit_factor":0.0},{"date":"12/10/2025","date_ts":1760227200000,"profit_abs":0.0,"wins":0,"draws":0,"losses":0,"trades":0,"profit_factor":0.0},{"date":"13/10/2025","date_ts":1760313600000,"profit_abs":0.0,"wins":0,"draws":1,"losses":0,"trades":1,"profit_factor":0.0},{"date":"14/10/2025","date_ts":1760400000000,"profit_abs":0.0,"wins":0,"draws":0,"losses":0,"trades":0,"profit_factor":0.0},{"date":"15/10/2025","date_ts":1760486400000,"profit_abs":-17.27257608,"wins":0,"draws":0,"losses":1,"trades":1,"profit_factor":0.0},{"date":"16/10/2025","date_ts":1760572800000,"profit_abs":0.0,"wins":0,"draws":1,"losses":0,"trades":1,"profit_factor":0.0},{"date":"17/10/2025","date_ts":1760659200000,"profit_abs":0.0,"wins":0,"draws":0,"losses":0,"trades":0,"profit_factor":0.0},{"date":"18/10/2025","date_ts":1760745600000,"profit_abs":0.0,"wins":0,"draws":0,"losses":0,"trades":0,"profit_factor":0.0},{"date":"19/10/2025","date_ts":1760832000000,"profit_abs":0.0,"wins":0,"draws":1,"losses":0,"trades":1,"profit_factor":0.0},{"date":"20/10/2025","date_ts":1760918400000,"profit_abs":0.0,"wins":0,"draws":0,"losses":0,"trades":0,"profit_factor":0.0},{"date":"21/10/2025","date_ts":1761004800000,"profit_abs":0.0,"wins":0,"draws":0,"losses":0,"trades":0,"profit_factor":0.0},{"date":"22/10/2025","date_ts":1761091200000,"profit_abs":0.0,"wins":0,"draws":0,"losses":0,"trades":0,"profit_factor":0.0},{"date":"23/10/2025","date_ts":1761177600000,"profit_abs":0.0,"wins":0,"draws":0,"losses":0,"trades":0,"profit_factor":0.0},{"date":"24/10/2025","date_ts":1761264000000,"profit_abs":0.0,"wins":0,"draws":0,"losses":0,"trades":0,"profit_factor":0.0},{"date":"25/10/2025","date_ts":1761350400000,"profit_abs":0.0,"wins":0,"draws":0,"losses":0,"trades":0,"profit_factor":0.0},{"date":"26/10/2025","date_ts":1761436800000,"profit_abs":0.0,"wins":0,"draws":0,"losses":0,"trades":0,"profit_factor":0.0},{"date":"27/10/2025","date_ts":1761523200000,"profit_abs":0.0,"wins":0,"draws":0,"losses":0,"trades":0,"profit_factor":0.0},{"date":"28/10/2025","date_ts":1761609600000,"profit_abs":0.0,"wins":0,"draws":0,"losses":0,"trades":0,"profit_factor":0.0},{"date":"29/10/2025","date_ts":1761696000000,"profit_abs":2.9148815,"wins":1,"draws":0,"losses":0,"trades":1,"profit_factor":0.0},{"date":"30/10/2025","date_ts":1761782400000,"profit_abs":0.0,"wins":0,"draws":0,"losses":0,"trades":0,"profit_factor":0.0},{"date":"31/10/2025","date_ts":1761868800000,"profit_abs":0.0,"wins":0,"draws":0,"losses":0,"trades":0,"profit_factor":0.0},{"date":"01/11/2025","date_ts":1761955200000,"profit_abs":0.0,"wins":0,"draws":1,"losses":0,"trades":1,"profit_factor":0.0},{"date":"02/11/2025","date_ts":1762041600000,"profit_abs":0.0,"wins":0,"draws":0,"losses":0,"trades":0,"profit_factor":0.0},{"date":"03/11/2025","date_ts":1762128000000,"profit_abs":0.0,"wins":0,"draws":0,"losses":0,"trades":0,"profit_factor":0.0},{"date":"04/11/2025","date_ts":1762214400000,"profit_abs":0.0,"wins":0,"draws":0,"losses":0,"trades":0,"profit_factor":0.0},{"date":"05/11/2025","date_ts":1762300800000,"profit_abs":0.0,"wins":0,"draws":0,"losses":0,"trades":0,"profit_factor":0.0},{"date":"06/11/2025","date_ts":1762387200000,"profit_abs":0.0,"wins":0,"draws":0,"losses":0,"trades":0,"profit_factor":0.0},{"date":"07/11/2025","date_ts":1762473600000,"profit_abs":0.0,"wins":0,"draws":0,"losses":0,"trades":0,"profit_factor":0.0},{"date":"08/11/2025","date_ts":1762560000000,"profit_abs":0.0,"wins":0,"draws":0,"losses":0,"trades":0,"profit_factor":0.0},{"date":"09/11/2025","date_ts":1762646400000,"profit_abs":0.0,"wins":0,"draws":0,"losses":0,"trades":0,"profit_factor":0.0},{"date":"10/11/2025","date_ts":1762732800000,"profit_abs":0.0,"wins":0,"draws":0,"losses":0,"trades":0,"profit_factor":0.0},{"date":"11/11/2025","date_ts":1762819200000,"profit_abs":0.0,"wins":0,"draws":1,"losses":0,"trades":1,"profit_factor":0.0},{"date":"12/11/2025","date_ts":1762905600000,"profit_abs":3.6709085,"wins":1,"draws":0,"losses":0,"trades":1,"profit_factor":0.0},{"date":"13/11/2025","date_ts":1762992000000,"profit_abs":0.0,"wins":0,"draws":0,"losses":0,"trades":0,"profit_factor":0.0},{"date":"14/11/2025","date_ts":1763078400000,"profit_abs":-17.07561844,"wins":0,"draws":0,"losses":1,"trades":1,"profit_factor":0.0},{"date":"15/11/2025","date_ts":1763164800000,"profit_abs":0.0,"wins":0,"draws":0,"losses":0,"trades":0,"profit_factor":0.0},{"date":"16/11/2025","date_ts":1763251200000,"profit_abs":0.0,"wins":0,"draws":1,"losses":0,"trades":1,"profit_factor":0.0},{"date":"17/11/2025","date_ts":1763337600000,"profit_abs":-16.78560792,"wins":0,"draws":0,"losses":1,"trades":1,"profit_factor":0.0},{"date":"18/11/2025","date_ts":1763424000000,"profit_abs":0.0,"wins":0,"draws":0,"losses":0,"trades":0,"profit_factor":0.0},{"date":"19/11/2025","date_ts":1763510400000,"profit_abs":0.0,"wins":0,"draws":0,"losses":0,"trades":0,"profit_factor":0.0},{"date":"20/11/2025","date_ts":1763596800000,"profit_abs":0.0,"wins":0,"draws":0,"losses":0,"trades":0,"profit_factor":0.0},{"date":"21/11/2025","date_ts":1763683200000,"profit_abs":0.0,"wins":0,"draws":0,"losses":0,"trades":0,"profit_factor":0.0},{"date":"22/11/2025","date_ts":1763769600000,"profit_abs":0.0,"wins":0,"draws":0,"losses":0,"trades":0,"profit_factor":0.0},{"date":"23/11/2025","date_ts":1763856000000,"profit_abs":0.0,"wins":0,"draws":0,"losses":0,"trades":0,"profit_factor":0.0},{"date":"24/11/2025","date_ts":1763942400000,"profit_abs":0.0,"wins":0,"draws":0,"losses":0,"trades":0,"profit_factor":0.0},{"date":"25/11/2025","date_ts":1764028800000,"profit_abs":0.0,"wins":0,"draws":0,"losses":0,"trades":0,"profit_factor":0.0},{"date":"26/11/2025","date_ts":1764115200000,"profit_abs":0.0,"wins":0,"draws":0,"losses":0,"trades":0,"profit_factor":0.0},{"date":"27/11/2025","date_ts":1764201600000,"profit_abs":0.0,"wins":0,"draws":0,"losses":0,"trades":0,"profit_factor":0.0},{"date":"28/11/2025","date_ts":1764288000000,"profit_abs":0.0,"wins":0,"draws":0,"losses":0,"trades":0,"profit_factor":0.0},{"date":"29/11/2025","date_ts":1764374400000,"profit_abs":0.0,"wins":0,"draws":0,"losses":0,"trades":0,"profit_factor":0.0},{"date":"30/11/2025","date_ts":1764460800000,"profit_abs":0.0,"wins":0,"draws":1,"losses":0,"trades":1,"profit_factor":0.0},{"date":"01/12/2025","date_ts":1764547200000,"profit_abs":0.0,"wins":0,"draws":0,"losses":0,"trades":0,"profit_factor":0.0},{"date":"02/12/2025","date_ts":1764633600000,"profit_abs":0.0,"wins":0,"draws":0,"losses":0,"trades":0,"profit_factor":0.0},{"date":"03/12/2025","date_ts":1764720000000,"profit_abs":3.71914036,"wins":1,"draws":0,"losses":0,"trades":1,"profit_factor":0.0},{"date":"04/12/2025","date_ts":1764806400000,"profit_abs":0.0,"wins":0,"draws":0,"losses":0,"trades":0,"profit_factor":0.0},{"date":"05/12/2025","date_ts":1764892800000,"profit_abs":0.0,"wins":0,"draws":0,"losses":0,"trades":0,"profit_factor":0.0},{"date":"06/12/2025","date_ts":1764979200000,"profit_abs":0.0,"wins":0,"draws":0,"losses":0,"trades":0,"profit_factor":0.0},{"date":"07/12/2025","date_ts":1765065600000,"profit_abs":0.0,"wins":0,"draws":1,"losses":0,"trades":1,"profit_factor":0.0},{"date":"08/12/2025","date_ts":1765152000000,"profit_abs":0.0,"wins":0,"draws":0,"losses":0,"trades":0,"profit_factor":0.0},{"date":"09/12/2025","date_ts":1765238400000,"profit_abs":0.0,"wins":0,"draws":0,"losses":0,"trades":0,"profit_factor":0.0},{"date":"10/12/2025","date_ts":1765324800000,"profit_abs":0.0,"wins":0,"draws":0,"losses":0,"trades":0,"profit_factor":0.0},{"date":"11/12/2025","date_ts":1765411200000,"profit_abs":0.0,"wins":0,"draws":0,"losses":0,"trades":0,"profit_factor":0.0},{"date":"12/12/2025","date_ts":1765497600000,"profit_abs":0.0,"wins":0,"draws":0,"losses":0,"trades":0,"profit_factor":0.0},{"date":"13/12/2025","date_ts":1765584000000,"profit_abs":0.0,"wins":0,"draws":0,"losses":0,"trades":0,"profit_factor":0.0},{"date":"14/12/2025","date_ts":1765670400000,"profit_abs":0.0,"wins":0,"draws":0,"losses":0,"trades":0,"profit_factor":0.0},{"date":"15/12/2025","date_ts":1765756800000,"profit_abs":0.0,"wins":0,"draws":0,"losses":0,"trades":0,"profit_factor":0.0},{"date":"16/12/2025","date_ts":1765843200000,"profit_abs":0.0,"wins":0,"draws":0,"losses":0,"trades":0,"profit_factor":0.0},{"date":"17/12/2025","date_ts":1765929600000,"profit_abs":0.0,"wins":0,"draws":0,"losses":0,"trades":0,"profit_factor":0.0},{"date":"18/12/2025","date_ts":1766016000000,"profit_abs":0.0,"wins":0,"draws":1,"losses":0,"trades":1,"profit_factor":0.0},{"date":"19/12/2025","date_ts":1766102400000,"profit_abs":0.0,"wins":0,"draws":0,"losses":0,"trades":0,"profit_factor":0.0},{"date":"20/12/2025","date_ts":1766188800000,"profit_abs":0.0,"wins":0,"draws":0,"losses":0,"trades":0,"profit_factor":0.0},{"date":"21/12/2025","date_ts":1766275200000,"profit_abs":0.0,"wins":0,"draws":0,"losses":0,"trades":0,"profit_factor":0.0},{"date":"22/12/2025","date_ts":1766361600000,"profit_abs":0.0,"wins":0,"draws":1,"losses":0,"trades":1,"profit_factor":0.0},{"date":"23/12/2025","date_ts":1766448000000,"profit_abs":0.0,"wins":0,"draws":0,"losses":0,"trades":0,"profit_factor":0.0},{"date":"24/12/2025","date_ts":1766534400000,"profit_abs":0.0,"wins":0,"draws":1,"losses":0,"trades":1,"profit_factor":0.0},{"date":"25/12/2025","date_ts":1766620800000,"profit_abs":0.0,"wins":0,"draws":0,"losses":0,"trades":0,"profit_factor":0.0},{"date":"26/12/2025","date_ts":1766707200000,"profit_abs":0.0,"wins":0,"draws":0,"losses":0,"trades":0,"profit_factor":0.0},{"date":"27/12/2025","date_ts":1766793600000,"profit_abs":0.0,"wins":0,"draws":0,"losses":0,"trades":0,"profit_factor":0.0},{"date":"28/12/2025","date_ts":1766880000000,"profit_abs":0.0,"wins":0,"draws":0,"losses":0,"trades":0,"profit_factor":0.0},{"date":"29/12/2025","date_ts":1766966400000,"profit_abs":0.0,"wins":0,"draws":0,"losses":0,"trades":0,"profit_factor":0.0},{"date":"30/12/2025","date_ts":1767052800000,"profit_abs":0.0,"wins":0,"draws":0,"losses":0,"trades":0,"profit_factor":0.0},{"date":"31/12/2025","date_ts":1767139200000,"profit_abs":0.0,"wins":0,"draws":1,"losses":0,"trades":1,"profit_factor":0.0},{"date":"01/01/2026","date_ts":1767225600000,"profit_abs":0.0,"wins":0,"draws":0,"losses":0,"trades":0,"profit_factor":0.0},{"date":"02/01/2026","date_ts":1767312000000,"profit_abs":0.0,"wins":0,"draws":0,"losses":0,"trades":0,"profit_factor":0.0},{"date":"03/01/2026","date_ts":1767398400000,"profit_abs":0.0,"wins":0,"draws":1,"losses":0,"trades":1,"profit_factor":0.0}],"week":[{"date":"06/10/2025","date_ts":1759708800000,"profit_abs":7.8335773,"wins":1,"draws":0,"losses":0,"trades":1,"profit_factor":0.0},{"date":"13/10/2025","date_ts":1760313600000,"profit_abs":0.0,"wins":0,"draws":1,"losses":0,"trades":1,"profit_factor":0.0},{"date":"20/10/2025","date_ts":1760918400000,"profit_abs":-17.27257608,"wins":0,"draws":2,"losses":1,"trades":3,"profit_factor":0.0},{"date":"27/10/2025","date_ts":1761523200000,"profit_abs":0.0,"wins":0,"draws":0,"losses":0,"trades":0,"profit_factor":0.0},{"date":"03/11/2025","date_ts":1762128000000,"profit_abs":2.9148815,"wins":1,"draws":1,"losses":0,"trades":2,"profit_factor":0.0},{"date":"10/11/2025","date_ts":1762732800000,"profit_abs":0.0,"wins":0,"draws":0,"losses":0,"trades":0,"profit_factor":0.0},{"date":"17/11/2025","date_ts":1763337600000,"profit_abs":-30.19031786,"wins":1,"draws":2,"losses":2,"trades":5,"profit_factor":0.10841038},{"date":"24/11/2025","date_ts":1763942400000,"profit_abs":0.0,"wins":0,"draws":0,"losses":0,"trades":0,"profit_factor":0.0},{"date":"01/12/2025","date_ts":1764547200000,"profit_abs":0.0,"wins":0,"draws":1,"losses":0,"trades":1,"profit_factor":0.0},{"date":"08/12/2025","date_ts":1765152000000,"profit_abs":3.71914036,"wins":1,"draws":1,"losses":0,"trades":2,"profit_factor":0.0},{"date":"15/12/2025","date_ts":1765756800000,"profit_abs":0.0,"wins":0,"draws":0,"losses":0,"trades":0,"profit_factor":0.0},{"date":"22/12/2025","date_ts":1766361600000,"profit_abs":0.0,"wins":0,"draws":2,"losses":0,"trades":2,"profit_factor":0.0},{"date":"29/12/2025","date_ts":1766966400000,"profit_abs":0.0,"wins":0,"draws":1,"losses":0,"trades":1,"profit_factor":0.0},{"date":"05/01/2026","date_ts":1767571200000,"profit_abs":0.0,"wins":0,"draws":2,"losses":0,"trades":2,"profit_factor":0.0}],"month":[{"date":"31/10/2025","date_ts":1761868800000,"profit_abs":-6.52411728,"wins":2,"draws":3,"losses":1,"trades":6,"profit_factor":0.62228464},{"date":"30/11/2025","date_ts":1764460800000,"profit_abs":-30.19031786,"wins":1,"draws":4,"losses":2,"trades":7,"profit_factor":0.10841038},{"date":"31/12/2025","date_ts":1767139200000,"profit_abs":3.71914036,"wins":1,"draws":5,"losses":0,"trades":6,"profit_factor":0.0},{"date":"31/01/2026","date_ts":1769817600000,"profit_abs":0.0,"wins":0,"draws":1,"losses":0,"trades":1,"profit_factor":0.0}],"year":[{"date":"31/12/2025","date_ts":1767139200000,"profit_abs":-32.99529478,"wins":4,"draws":12,"losses":3,"trades":19,"profit_factor":0.35472636},{"date":"31/12/2026","date_ts":1798675200000,"profit_abs":0.0,"wins":0,"draws":1,"losses":0,"trades":1,"profit_factor":0.0}],"weekday":[{"date":"Monday","date_ts":0,"profit_abs":-16.78560792,"wins":0,"draws":2,"losses":1,"trades":3,"profit_factor":0.0},{"date":"Tuesday","date_ts":1,"profit_abs":0.0,"wins":0,"draws":1,"losses":0,"trades":1,"profit_factor":0.0},{"date":"Wednesday","date_ts":2,"profit_abs":-6.96764572,"wins":3,"draws":2,"losses":1,"trades":6,"profit_factor":0.59660645},{"date":"Thursday","date_ts":3,"profit_abs":0.0,"wins":0,"draws":2,"losses":0,"trades":2,"profit_factor":0.0},{"date":"Friday","date_ts":4,"profit_abs":-17.07561844,"wins":0,"draws":0,"losses":1,"trades":1,"profit_factor":0.0},{"date":"Saturday","date_ts":5,"profit_abs":0.0,"wins":0,"draws":2,"losses":0,"trades":2,"profit_factor":0.0},{"date":"Sunday","date_ts":6,"profit_abs":7.8335773,"wins":1,"draws":4,"losses":0,"trades":5,"profit_factor":0.0}]},"backtest_best_day":0.02372083919892052,"backtest_worst_day":-0.05189567968073865,"backtest_best_day_abs":7.8335773,"backtest_worst_day_abs":-17.27257608,"winning_days":4,"draw_days":84,"losing_days":3,"daily_profit":[["2025-10-05",7.8335773],["2025-10-06",0.0],["2025-10-07",0.0],["2025-10-08",0.0],["2025-10-09",0.0],["2025-10-10",0.0],["2025-10-11",0.0],["2025-10-12",0.0],["2025-10-13",0.0],["2025-10-14",0.0],["2025-10-15",-17.27257608],["2025-10-16",0.0],["2025-10-17",0.0],["2025-10-18",0.0],["2025-10-19",0.0],["2025-10-20",0.0],["2025-10-21",0.0],["2025-10-22",0.0],["2025-10-23",0.0],["2025-10-24",0.0],["2025-10-25",0.0],["2025-10-26",0.0],["2025-10-27",0.0],["2025-10-28",0.0],["2025-10-29",2.9148815],["2025-10-30",0.0],["2025-10-31",0.0],["2025-11-01",0.0],["2025-11-02",0.0],["2025-11-03",0.0],["2025-11-04",0.0],["2025-11-05",0.0],["2025-11-06",0.0],["2025-11-07",0.0],["2025-11-08",0.0],["2025-11-09",0.0],["2025-11-10",0.0],["2025-11-11",0.0],["2025-11-12",3.6709085],["2025-11-13",0.0],["2025-11-14",-17.07561844],["2025-11-15",0.0],["2025-11-16",0.0],["2025-11-17",-16.78560792],["2025-11-18",0.0],["2025-11-19",0.0],["2025-11-20",0.0],["2025-11-21",0.0],["2025-11-22",0.0],["2025-11-23",0.0],["2025-11-24",0.0],["2025-11-25",0.0],["2025-11-26",0.0],["2025-11-27",0.0],["2025-11-28",0.0],["2025-11-29",0.0],["2025-11-30",0.0],["2025-12-01",0.0],["2025-12-02",0.0],["2025-12-03",3.71914036],["2025-12-04",0.0],["2025-12-05",0.0],["2025-12-06",0.0],["2025-12-07",0.0],["2025-12-08",0.0],["2025-12-09",0.0],["2025-12-10",0.0],["2025-12-11",0.0],["2025-12-12",0.0],["2025-12-13",0.0],["2025-12-14",0.0],["2025-12-15",0.0],["2025-12-16",0.0],["2025-12-17",0.0],["2025-12-18",0.0],["2025-12-19",0.0],["2025-12-20",0.0],["2025-12-21",0.0],["2025-12-22",0.0],["2025-12-23",0.0],["2025-12-24",0.0],["2025-12-25",0.0],["2025-12-26",0.0],["2025-12-27",0.0],["2025-12-28",0.0],["2025-12-29",0.0],["2025-12-30",0.0],["2025-12-31",0.0],["2026-01-01",0.0],["2026-01-02",0.0],["2026-01-03",0.0]],"wins":4,"losses":3,"draws":13,"winrate":0.2,"holding_avg":"4:57:00","holding_avg_s":17820.0,"winner_holding_min":"0d 02:00","winner_holding_min_s":7200.0,"winner_holding_max":"0d 02:00","winner_holding_max_s":7200.0,"winner_holding_avg":"0d 02:00","winner_holding_avg_s":7200.0,"loser_holding_min":"0d 03:00","loser_holding_min_s":10800.0,"loser_holding_max":"0d 11:00","loser_holding_max_s":39600.0,"loser_holding_avg":"0d 05:40","loser_holding_avg_s":20400.0,"max_consecutive_wins":1,"max_consecutive_losses":6,"max_drawdown_account":0.04420175457871201,"max_relative_drawdown":0.04420175457871201,"max_drawdown_abs":44.54801244,"drawdown_start":"2025-10-05 04:00:00","drawdown_start_ts":1759636800000.0,"drawdown_end":"2025-11-17 18:00:00","drawdown_end_ts":1763402400000.0,"drawdown_duration":"43 days 14:00:00","drawdown_duration_s":3765600.0,"max_drawdown_low":-36.71443514,"max_drawdown_high":7.8335773,"csum_min":963.28556486,"csum_max":1007.8335773}},"strategy_comparison":[{"key":"ACO_61_14","trades":20,"profit_mean":-0.005005934293572488,"profit_mean_pct":-0.5,"profit_total_abs":-32.99529478,"profit_total":-0.032995294780000003,"profit_total_pct":-3.3,"duration_avg":"4:57:00","wins":4,"draws":13,"losses":3,"winrate":0.2,"cagr":-0.11860734649192373,"expectancy":-1.6497647389999996,"expectancy_ratio":-0.7467910458606606,"sortino":-32.49187386343423,"sharpe":-0.9611059486849685,"calmar":-14.702365048630952,"sqn":-1.0635,"profit_factor":0.3547263609289292,"max_drawdown_account":0.04420175457871201,"max_drawdown_abs":"44.548"}]}