{"strategy":{"ACO_20_17":{"trades":[{"pair":"DOGE/USDT","stake_amount":329.75688,"max_stake_amount":329.75688,"amount":1284.0,"open_date":"2025-10-03 10:00:00+00:00","close_date":"2025-10-03 13:00:00+00:00","open_rate":0.25682,"close_rate":0.2573341541541541,"fee_open":0.001,"fee_close":0.001,"trade_duration":180,"profit_ratio":0.0,"profit_abs":0.0,"exit_reason":"roi","initial_stop_loss_abs":0.24398,"initial_stop_loss_ratio":-0.05,"stop_loss_abs":0.24398,"stop_loss_ratio":-0.05,"min_rate":0.25386,"max_rate":0.25793,"is_open":false,"enter_tag":"","leverage":1.0,"is_short":false,"open_timestamp":1759485600000,"close_timestamp":1759496400000,"orders":[{"amount":1284.0,"safe_price":0.25682,"ft_order_side":"buy","order_filled_timestamp":1759485600000,"ft_is_entry":true,"ft_order_tag":"","cost":330.08663687999996},{"amount":1284.0,"safe_price":0.2573341541541541,"ft_order_side":"sell","order_filled_timestamp":1759496400000,"ft_is_entry":false,"ft_order_tag":"roi","cost":330.74747098786776}],"funding_fees":0.0,"weekday":4},{"pair":"DOGE/USDT","stake_amount":329.90748,"max_stake_amount":329.90748,"amount":1682.0,"open_date":"2025-10-12 15:00:00+00:00","close_date":"2025-10-12 16:00:00+00:00","open_rate":0.19614,"close_rate":0.2063494894894895,"fee_open":0.001,"fee_close":0.001,"trade_duration":60,"profit_ratio":0.04995004995004996,"profit_abs":16.495374,"exit_reason":"roi","initial_stop_loss_abs":0.18634,"initial_stop_loss_ratio":-0.05,"stop_loss_abs":0.18634,"stop_loss_ratio":-0.05,"min_rate":0.19562,"max_rate":0.2095,"is_open":false,"enter_tag":"","leverage":1.0,"is_short":false,"open_timestamp":1760281200000,"close_timestamp":1760284800000,"orders":[{"amount":1682.0,"safe_price":0.19614,"ft_order_side":"buy","order_filled_timestamp":1760281200000,"ft_is_entry":true,"ft_order_tag":"","cost":330.23738748},{"amount":1682.0,"safe_price":0.2063494894894895,"ft_order_side":"sell","order_filled_timestamp":1760284800000,"ft_is_entry":false,"ft_order_tag":"roi","cost":347.4269211626426}],"funding_fees":0.0,"weekday":6},{"pair":"DOGE/USDT","stake_amount":335.23788,"max_stake_amount":335.23788,"amount":1587.0,"open_date":"2025-10-13 14:00:00+00:00","close_date":"2025-10-13 16:00:00+00:00","open_rate":0.21124,"close_rate":0.21166290290290288,"fee_open":0.001,"fee_close":0.001,"trade_duration":120,"profit_ratio":0.0,"profit_abs":0.0,"exit_reason":"roi","initial_stop_loss_abs":0.20068,"initial_stop_loss_ratio":-0.05,"stop_loss_abs":0.20068,"stop_loss_ratio":-0.05,"min_rate":0.20517,"max_rate":0.21192,"is_open":false,"enter_tag":"","leverage":1.0,"is_short":false,"open_timestamp":1760364000000,"close_timestamp":1760371200000,"orders":[{"amount":1587.0,"safe_price":0.21124,"ft_order_side":"buy","order_filled_timestamp":1760364000000,"ft_is_entry":true,"ft_order_tag":"","cost":335.57311788},{"amount":1587.0,"safe_price":0.21166290290290288,"ft_order_side":"sell","order_filled_timestamp":1760371200000,"ft_is_entry":false,"ft_order_tag":"roi","cost":336.24493593381374}],"funding_fees":0.0,"weekday":0},{"pair":"DOGE/USDT","stake_amount":335.4386,"max_stake_amount":335.4386,"amount":1652.0,"open_date":"2025-10-21 15:00:00+00:00","close_date":"2025-10-21 19:00:00+00:00","open_rate":0.20305,"close_rate":0.20181,"fee_open":0.001,"fee_close":0.001,"trade_duration":240,"profit_ratio":-0.008092670688090536,"profit_abs":-2.71730872,"exit_reason":"exit_signal","initial_stop_loss_abs":0.1929,"initial_stop_loss_ratio":-0.05,"stop_loss_abs":0.1929,"stop_loss_ratio":-0.05,"min_rate":0.1991,"max_rate":0.20563,"is_open":false,"enter_tag":"","leverage":1.0,"is_short":false,"open_timestamp":1761058800000,"close_timestamp":1761073200000,"orders":[{"amount":1652.0,"safe_price":0.20305,"ft_order_side":"buy","order_filled_timestamp":1761058800000,"ft_is_entry":true,"ft_order_tag":"","cost":335.7740386},{"amount":1652.0,"safe_price":0.20181,"ft_order_side":"sell","order_filled_timestamp":1761073200000,"ft_is_entry":false,"ft_order_tag":"exit_signal","cost":333.72351011999996}],"funding_fees":0.0,"weekday":1},{"pair":"DOGE/USDT","stake_amount":334.44424,"max_stake_amount":334.44424,"amount":1706.0,"open_date":"2025-10-29 18:00:00+00:00","close_date":"2025-10-29 20:00:00+00:00","open_rate":0.19604,"close_rate":0.19643247247247245,"fee_open":0.001,"fee_close":0.001,"trade_duration":120,"profit_ratio":0.0,"profit_abs":0.0,"exit_reason":"roi","initial_stop_loss_abs":0.18624,"initial_stop_loss_ratio":-0.05,"stop_loss_abs":0.18624,"stop_loss_ratio":-0.05,"min_rate":0.1871,"max_rate":0.197,"is_open":false,"enter_tag":"","leverage":1.0,"is_short":false,"open_timestamp":1761760800000,"close_timestamp":1761768000000,"orders":[{"amount":1706.0,"safe_price":0.19604,"ft_order_side":"buy","order_filled_timestamp":1761760800000,"ft_is_entry":true,"ft_order_tag":"","cost":334.77868423999996},{"amount":1706.0,"safe_price":0.19643247247247245,"ft_order_side":"sell","order_filled_timestamp":1761768000000,"ft_is_entry":false,"ft_order_tag":"roi","cost":335.448911836076}],"funding_fees":0.0,"weekday":2},{"pair":"DOGE/USDT","stake_amount":334.54332,"max_stake_amount":334.54332,"amount":1922.0,"open_date":"2025-11-13 04:00:00+00:00","close_date":"2025-11-13 06:00:00+00:00","open_rate":0.17406,"close_rate":0.17603,"fee_open":0.001,"fee_close":0.001,"trade_duration":120,"profit_ratio":0.009297321086359348,"profit_abs":3.11346702,"exit_reason":"roi","initial_stop_loss_abs":0.16536,"initial_stop_loss_ratio":-0.05,"stop_loss_abs":0.16536,"stop_loss_ratio":-0.05,"min_rate":0.17325,"max_rate":0.17684,"is_open":false,"enter_tag":"","leverage":1.0,"is_short":false,"open_timestamp":1763006400000,"close_timestamp":1763013600000,"orders":[{"amount":1922.0,"safe_price":0.17406,"ft_order_side":"buy","order_filled_timestamp":1763006400000,"ft_is_entry":true,"ft_order_tag":"","cost":334.87786331999996},{"amount":1922.0,"safe_price":0.17603,"ft_order_side":"sell","order_filled_timestamp":1763013600000,"ft_is_entry":false,"ft_order_tag":"roi","cost":338.66798965999993}],"funding_fees":0.0,"weekday":3},{"pair":"DOGE/USDT","stake_amount":335.4861,"max_stake_amount":335.4861,"amount":2190.0,"open_date":"2025-11-28 09:00:00+00:00","close_date":"2025-11-28 14:00:00+00:00","open_rate":0.15319,"close_rate":0.15349668668668665,"fee_open":0.001,"fee_close":0.001,"trade_duration":300,"profit_ratio":0.0,"profit_abs":0.0,"exit_reason":"roi","initial_stop_loss_abs":0.14554,"initial_stop_loss_ratio":-0.05,"stop_loss_abs":0.14554,"stop_loss_ratio":-0.05,"min_rate":0.14975,"max_rate":0.15395,"is_open":false,"enter_tag":"","leverage":1.0,"is_short":false,"open_timestamp":1764320400000,"close_timestamp":1764338400000,"orders":[{"amount":2190.0,"safe_price":0.15319,"ft_order_side":"buy","order_filled_timestamp":1764320400000,"ft_is_entry":true,"ft_order_tag":"","cost":335.82158609999993},{"amount":2190.0,"safe_price":0.15349668668668665,"ft_order_side":"sell","order_filled_timestamp":1764338400000,"ft_is_entry":false,"ft_order_tag":"roi","cost":336.49390158768756}],"funding_fees":0.0,"weekday":4},{"pair":"DOGE/USDT","stake_amount":335.5194,"max_stake_amount":335.5194,"amount":2372.0,"open_date":"2025-12-07 18:00:00+00:00","close_date":"2025-12-07 20:00:00+00:00","open_rate":0.14145,"close_rate":0.1421,"fee_open":0.001,"fee_close":0.001,"trade_duration":120,"profit_ratio":0.002588080000593256,"profit_abs":0.8692194,"exit_reason":"exit_signal","initial_stop_loss_abs":0.13438,"initial_stop_loss_ratio":-0.05,"stop_loss_abs":0.13438,"stop_loss_ratio":-0.05,"min_rate":0.14126,"max_rate":0.14291,"is_open":false,"enter_tag":"","leverage":1.0,"is_short":false,"open_timestamp":1765130400000,"close_timestamp":1765137600000,"orders":[{"amount":2372.0,"safe_price":0.14145,"ft_order_side":"buy","order_filled_timestamp":1765130400000,"ft_is_entry":true,"ft_order_tag":"","cost":335.8549193999999},{"amount":2372.0,"safe_price":0.1421,"ft_order_side":"sell","order_filled_timestamp":1765137600000,"ft_is_entry":false,"ft_order_tag":"exit_signal","cost":337.3982611999999}],"funding_fees":0.0,"weekday":6},{"pair":"DOGE/USDT","stake_amount":335.7585,"max_stake_amount":335.7585,"amount":2295.0,"open_date":"2025-12-09 16:00:00+00:00","close_date":"2025-12-09 18:00:00+00:00","open_rate":0.1463,"close_rate":0.15095,"fee_open":0.001,"fee_close":0.001,"trade_duration":120,"profit_ratio":0.02972249896378399,"profit_abs":9.98956125,"exit_reason":"roi","initial_stop_loss_abs":0.13899,"initial_stop_loss_ratio":-0.05,"stop_loss_abs":0.13899,"stop_loss_ratio":-0.05,"min_rate":0.1463,"max_rate":0.15319,"is_open":false,"enter_tag":"","leverage":1.0,"is_short":false,"open_timestamp":1765296000000,"close_timestamp":1765303200000,"orders":[{"amount":2295.0,"safe_price":0.1463,"ft_order_side":"buy","order_filled_timestamp":1765296000000,"ft_is_entry":true,"ft_order_tag":"","cost":336.09425849999997},{"amount":2295.0,"safe_price":0.15095,"ft_order_side":"sell","order_filled_timestamp":1765303200000,"ft_is_entry":false,"ft_order_tag":"roi","cost":346.77668024999997}],"funding_fees":0.0,"weekday":1},{"pair":"DOGE/USDT","stake_amount":339.06393,"max_stake_amount":339.06393,"amount":2553.0,"open_date":"2025-12-21 09:00:00+00:00","close_date":"2025-12-22 00:00:00+00:00","open_rate":0.13281,"close_rate":0.13307588588588587,"fee_open":0.001,"fee_close":0.001,"trade_duration":900,"profit_ratio":0.0,"profit_abs":0.0,"exit_reason":"roi","initial_stop_loss_abs":0.12617,"initial_stop_loss_ratio":-0.05,"stop_loss_abs":0.12617,"stop_loss_ratio":-0.05,"min_rate":0.12871,"max_rate":0.13424,"is_open":false,"enter_tag":"","leverage":1.0,"is_short":false,"open_timestamp":1766307600000,"close_timestamp":1766361600000,"orders":[{"amount":2553.0,"safe_price":0.13281,"ft_order_side":"buy","order_filled_timestamp":1766307600000,"ft_is_entry":true,"ft_order_tag":"","cost":339.40299393},{"amount":2553.0,"safe_price":0.13307588588588587,"ft_order_side":"sell","order_filled_timestamp":1766361600000,"ft_is_entry":false,"ft_order_tag":"roi","cost":340.08247940333325}],"funding_fees":0.0,"weekday":0}],"locks":[],"best_pair":{"key":"DOGE/USDT","trades":10,"profit_mean":0.0083465279312696,"profit_mean_pct":0.83,"profit_total_abs":27.75031295,"profit_total":0.02775031295,"profit_total_pct":2.78,"duration_avg":"3:48:00","wins":4,"draws":5,"losses":1,"winrate":0.4,"cagr":0.10848994316008942,"expectancy":2.7750312950000002,"expectancy_ratio":0.5212425531832836,"sortino":-100,"sharpe":0.9773927912494672,"calmar":204.46030636471886,"sqn":1.4887,"profit_factor":11.212425531832835,"max_drawdown_account":0.0026732130706184657,"max_drawdown_abs":2.71730872},"worst_pair":{"key":"DOGE/USDT","trades":10,"profit_mean":0.0083465279312696,"profit_mean_pct":0.83,"profit_total_abs":27.75031295,"profit_total":0.02775031295,"profit_total_pct":2.78,"duration_avg":"3:48:00","wins":4,"draws":5,"losses":1,"winrate":0.4,"cagr":0.10848994316008942,"expectancy":2.7750312950000002,"expectancy_ratio":0.5212425531832836,"sortino":-100,"sharpe":0.9773927912494672,"calmar":204.46030636471886,"sqn":1.4887,"profit_factor":11.212425531832835,"max_drawdown_account":0.0026732130706184657,"max_drawdown_abs":2.71730872},"results_per_pair":[{"key":"DOGE/USDT","trades":10,"profit_mean":0.0083465279312696,"profit_mean_pct":0.83,"profit_total_abs":27.75031295,"profit_total":0.02775031295,"profit_total_pct":2.78,"duration_avg":"3:48:00","wins":4,"draws":5,"losses":1,"winrate":0.4,"cagr":0.10848994316008942,"expectancy":2.7750312950000002,"expectancy_ratio":0.5212425531832836,"sortino":-100,"sharpe":0.9773927912494672,"calmar":204.46030636471886,"sqn":1.4887,"profit_factor":11.212425531832835,"max_drawdown_account":0.0026732130706184657,"max_drawdown_abs":2.71730872},{"key":"TOTAL","trades":10,"profit_mean":0.0083465279312696,"profit_mean_pct":0.83,"profit_total_abs":27.75031295,"profit_total":0.02775031295,"profit_total_pct":2.78,"duration_avg":"3:48:00","wins":4,"draws":5,"losses":1,"winrate":0.4,"cagr":0.10848994316008942,"expectancy":2.7750312950000002,"expectancy_ratio":0.5212425531832836,"sortino":-100,"sharpe":0.9773927912494672,"calmar":204.46030636471886,"sqn":1.4887,"profit_factor":11.212425531832835,"max_drawdown_account":0.0026732130706184657,"max_drawdown_abs":2.71730872}],"results_per_enter_tag":[{"key":"","trades":10,"profit_mean":0.0083465279312696,"profit_mean_pct":0.83,"profit_total_abs":27.75031295,"profit_total":0.02775031295,"profit_total_pct":2.78,"duration_avg":"3:48:00","wins":4,"draws":5,"losses":1,"winrate":0.4,"cagr":0.10848994316008942,"expectancy":2.7750312950000002,"expectancy_ratio":0.5212425531832836,"sortino":-100,"sharpe":0.9773927912494672,"calmar":204.46030636471886,"sqn":1.4887,"profit_factor":11.212425531832835,"max_drawdown_account":0.0026732130706184657,"max_drawdown_abs":2.71730872},{"key":"TOTAL","trades":10,"profit_mean":0.0083465279312696,"profit_mean_pct":0.83,"profit_total_abs":27.75031295,"profit_total":0.02775031295,"profit_total_pct":2.78,"duration_avg":"3:48:00","wins":4,"draws":5,"losses":1,"winrate":0.4,"cagr":0.10848994316008942,"expectancy":2.7750312950000002,"expectancy_ratio":0.5212425531832836,"sortino":-100,"sharpe":0.9773927912494672,"calmar":204.46030636471886,"sqn":1.4887,"profit_factor":11.212425531832835,"max_drawdown_account":0.0026732130706184657,"max_drawdown_abs":2.71730872}],"exit_reason_summary":[{"key":"roi","trades":8,"profit_mean":0.011121233750024162,"profit_mean_pct":1.11,"profit_total_abs":29.59840227,"profit_total":0.02959840227,"profit_total_pct":2.96,"duration_avg":"4:00:00","wins":3,"draws":5,"losses":0,"winrate":0.375,"cagr":0.11600906039332481,"expectancy":3.69980028375,"expectancy_ratio":100.0,"sortino":-100,"sharpe":0.9996415095683775,"calmar":-100,"sqn":1.6785,"profit_factor":0.0,"max_drawdown_account":0.0,"max_drawdown_abs":0.0},{"key":"exit_signal","trades":2,"profit_mean":-0.00275229534374864,"profit_mean_pct":-0.28,"profit_total_abs":-1.8480893200000001,"profit_total":-0.00184808932,"profit_total_pct":-0.18,"duration_avg":"3:00:00","wins":1,"draws":0,"losses":1,"winrate":0.5,"cagr":-0.0069364156489155615,"expectancy":-0.9240446600000001,"expectancy_ratio":-0.34005876961966985,"sortino":-100,"sharpe":-0.20298007594040007,"calmar":-13.39549210588002,"sqn":-0.5153,"profit_factor":0.31988246076066024,"max_drawdown_account":0.0027173087200000052,"max_drawdown_abs":2.71730872},{"key":"TOTAL","trades":10,"profit_mean":0.0083465279312696,"profit_mean_pct":0.83,"profit_total_abs":27.75031295,"profit_total":0.02775031295,"profit_total_pct":2.78,"duration_avg":"3:48:00","wins":4,"draws":5,"losses":1,"winrate":0.4,"cagr":0.10848994316008942,"expectancy":2.7750312950000002,"expectancy_ratio":0.5212425531832836,"sortino":-100,"sharpe":0.9773927912494672,"calmar":204.46030636471886,"sqn":1.4887,"profit_factor":11.212425531832835,"max_drawdown_account":0.0026732130706184657,"max_drawdown_abs":2.71730872}],"mix_tag_stats":[{"key":["","roi"],"trades":8,"profit_mean":0.011121233750024162,"profit_mean_pct":1.11,"profit_total_abs":29.59840227,"profit_total":0.02959840227,"profit_total_pct":2.96,"duration_avg":"4:00:00","wins":3,"draws":5,"losses":0,"winrate":0.375,"cagr":0.11600906039332481,"expectancy":3.69980028375,"expectancy_ratio":100.0,"sortino":-100,"sharpe":0.9996415095683775,"calmar":-100,"sqn":1.6785,"profit_factor":0.0,"max_drawdown_account":0.0,"max_drawdown_abs":0.0},{"key":["","exit_signal"],"trades":2,"profit_mean":-0.00275229534374864,"profit_mean_pct":-0.28,"profit_total_abs":-1.8480893200000001,"profit_total":-0.00184808932,"profit_total_pct":-0.18,"duration_avg":"3:00:00","wins":1,"draws":0,"losses":1,"winrate":0.5,"cagr":-0.0069364156489155615,"expectancy":-0.9240446600000001,"expectancy_ratio":-0.34005876961966985,"sortino":-100,"sharpe":-0.20298007594040007,"calmar":-13.39549210588002,"sqn":-0.5153,"profit_factor":0.31988246076066024,"max_drawdown_account":0.0027173087200000052,"max_drawdown_abs":2.71730872},{"key":"TOTAL","trades":10,"profit_mean":0.0083465279312696,"profit_mean_pct":0.83,"profit_total_abs":27.75031295,"profit_total":0.02775031295,"profit_total_pct":2.78,"duration_avg":"3:48:00","wins":4,"draws":5,"losses":1,"winrate":0.4,"cagr":0.10848994316008942,"expectancy":2.7750312950000002,"expectancy_ratio":0.5212425531832836,"sortino":-100,"sharpe":0.9773927912494672,"calmar":204.46030636471886,"sqn":1.4887,"profit_factor":11.212425531832835,"max_drawdown_account":0.0026732130706184657,"max_drawdown_abs":2.71730872}],"left_open_trades":[{"key":"TOTAL","trades":0,"profit_mean":0.0,"profit_mean_pct":0.0,"profit_total_abs":0.0,"profit_total":0.0,"profit_total_pct":0.0,"duration_avg":"0:00","wins":0,"draws":0,"losses":0,"winrate":0.0,"cagr":0.0,"expectancy":0.0,"expectancy_ratio":100.0,"sortino":0,"sharpe":0,"calmar":0,"sqn":0.0,"profit_factor":0.0,"max_drawdown_account":0.0,"max_drawdown_abs":0.0}],"total_trades":10,"trade_count_long":10,"trade_count_short":0,"total_volume":6731.51254847142,"avg_stake_amount":334.515633,"profit_mean":0.0083465279312696,"profit_median":0.0,"profit_total":0.02775031295,"profit_total_long":0.02775031295,"profit_total_short":0.0,"profit_total_abs":27.75031295,"profit_total_long_abs":27.75031295,"profit_total_short_abs":0.0,"cagr":0.10848994316008942,"expectancy":2.7750312950000002,"expectancy_ratio":0.5212425531832836,"sortino":-100,"sharpe":0.9773927912494672,"calmar":204.46030636471886,"sqn":1.4887,"profit_factor":11.212425531832835,"backtest_start":"2025-10-01 00:00:00","backtest_start_ts":1759276800000,"backtest_end":"2026-01-06 20:00:00","backtest_end_ts":1767729600000,"backtest_days":97,"backtest_run_start_ts":1767738529,"backtest_run_end_ts":1767738530,"trades_per_day":0.1,"market_change":-0.36632086436227446,"pairlist":["DOGE/USDT"],"stake_amount":"unlimited","stake_currency":"USDT","stake_currency_decimals":3,"starting_balance":1000,"dry_run_wallet":1000,"final_balance":1027.75031295,"rejected_signals":0,"timedout_entry_orders":0,"timedout_exit_orders":0,"canceled_trade_entries":0,"canceled_entry_orders":0,"replaced_entry_orders":0,"max_open_trades":1,"max_open_trades_setting":3,"timeframe":"1h","timeframe_detail":"","timerange":"20251001-","enable_protections":false,"strategy_name":"ACO_20_17","freqaimodel":null,"freqai_identifier":null,"stoploss":-0.05,"trailing_stop":false,"trailing_stop_positive":null,"trailing_stop_positive_offset":0.0,"trailing_only_offset_is_reached":false,"use_custom_stoploss":false,"minimal_roi":{"0":0.1,"60":0.05,"120":0.0},"use_exit_signal":true,"exit_profit_only":false,"exit_profit_offset":0.0,"ignore_roi_if_entry_signal":false,"trading_mode":"spot","margin_mode":"","periodic_breakdown":{"day":[{"date":"03/10/2025","date_ts":1759449600000,"profit_abs":0.0,"wins":0,"draws":1,"losses":0,"trades":1,"profit_factor":0.0},{"date":"04/10/2025","date_ts":1759536000000,"profit_abs":0.0,"wins":0,"draws":0,"losses":0,"trades":0,"profit_factor":0.0},{"date":"05/10/2025","date_ts":1759622400000,"profit_abs":0.0,"wins":0,"draws":0,"losses":0,"trades":0,"profit_factor":0.0},{"date":"06/10/2025","date_ts":1759708800000,"profit_abs":0.0,"wins":0,"draws":0,"losses":0,"trades":0,"profit_factor":0.0},{"date":"07/10/2025","date_ts":1759795200000,"profit_abs":0.0,"wins":0,"draws":0,"losses":0,"trades":0,"profit_factor":0.0},{"date":"08/10/2025","date_ts":1759881600000,"profit_abs":0.0,"wins":0,"draws":0,"losses":0,"trades":0,"profit_factor":0.0},{"date":"09/10/2025","date_ts":1759968000000,"profit_abs":0.0,"wins":0,"draws":0,"losses":0,"trades":0,"profit_factor":0.0},{"date":"10/10/2025","date_ts":1760054400000,"profit_abs":0.0,"wins":0,"draws":0,"losses":0,"trades":0,"profit_factor":0.0},{"date":"11/10/2025","date_ts":1760140800000,"profit_abs":0.0,"wins":0,"draws":0,"losses":0,"trades":0,"profit_factor":0.0},{"date":"12/10/2025","date_ts":1760227200000,"profit_abs":16.495374,"wins":1,"draws":0,"losses":0,"trades":1,"profit_factor":0.0},{"date":"13/10/2025","date_ts":1760313600000,"profit_abs":0.0,"wins":0,"draws":1,"losses":0,"trades":1,"profit_factor":0.0},{"date":"14/10/2025","date_ts":1760400000000,"profit_abs":0.0,"wins":0,"draws":0,"losses":0,"trades":0,"profit_factor":0.0},{"date":"15/10/2025","date_ts":1760486400000,"profit_abs":0.0,"wins":0,"draws":0,"losses":0,"trades":0,"profit_factor":0.0},{"date":"16/10/2025","date_ts":1760572800000,"profit_abs":0.0,"wins":0,"draws":0,"losses":0,"trades":0,"profit_factor":0.0},{"date":"17/10/2025","date_ts":1760659200000,"profit_abs":0.0,"wins":0,"draws":0,"losses":0,"trades":0,"profit_factor":0.0},{"date":"18/10/2025","date_ts":1760745600000,"profit_abs":0.0,"wins":0,"draws":0,"losses":0,"trades":0,"profit_factor":0.0},{"date":"19/10/2025","date_ts":1760832000000,"profit_abs":0.0,"wins":0,"draws":0,"losses":0,"trades":0,"profit_factor":0.0},{"date":"20/10/2025","date_ts":1760918400000,"profit_abs":0.0,"wins":0,"draws":0,"losses":0,"trades":0,"profit_factor":0.0},{"date":"21/10/2025","date_ts":1761004800000,"profit_abs":-2.71730872,"wins":0,"draws":0,"losses":1,"trades":1,"profit_factor":0.0},{"date":"22/10/2025","date_ts":1761091200000,"profit_abs":0.0,"wins":0,"draws":0,"losses":0,"trades":0,"profit_factor":0.0},{"date":"23/10/2025","date_ts":1761177600000,"profit_abs":0.0,"wins":0,"draws":0,"losses":0,"trades":0,"profit_factor":0.0},{"date":"24/10/2025","date_ts":1761264000000,"profit_abs":0.0,"wins":0,"draws":0,"losses":0,"trades":0,"profit_factor":0.0},{"date":"25/10/2025","date_ts":1761350400000,"profit_abs":0.0,"wins":0,"draws":0,"losses":0,"trades":0,"profit_factor":0.0},{"date":"26/10/2025","date_ts":1761436800000,"profit_abs":0.0,"wins":0,"draws":0,"losses":0,"trades":0,"profit_factor":0.0},{"date":"27/10/2025","date_ts":1761523200000,"profit_abs":0.0,"wins":0,"draws":0,"losses":0,"trades":0,"profit_factor":0.0},{"date":"28/10/2025","date_ts":1761609600000,"profit_abs":0.0,"wins":0,"draws":0,"losses":0,"trades":0,"profit_factor":0.0},{"date":"29/10/2025","date_ts":1761696000000,"profit_abs":0.0,"wins":0,"draws":1,"losses":0,"trades":1,"profit_factor":0.0},{"date":"30/10/2025","date_ts":1761782400000,"profit_abs":0.0,"wins":0,"draws":0,"losses":0,"trades":0,"profit_factor":0.0},{"date":"31/10/2025","date_ts":1761868800000,"profit_abs":0.0,"wins":0,"draws":0,"losses":0,"trades":0,"profit_factor":0.0},{"date":"01/11/2025","date_ts":1761955200000,"profit_abs":0.0,"wins":0,"draws":0,"losses":0,"trades":0,"profit_factor":0.0},{"date":"02/11/2025","date_ts":1762041600000,"profit_abs":0.0,"wins":0,"draws":0,"losses":0,"trades":0,"profit_factor":0.0},{"date":"03/11/2025","date_ts":1762128000000,"profit_abs":0.0,"wins":0,"draws":0,"losses":0,"trades":0,"profit_factor":0.0},{"date":"04/11/2025","date_ts":1762214400000,"profit_abs":0.0,"wins":0,"draws":0,"losses":0,"trades":0,"profit_factor":0.0},{"date":"05/11/2025","date_ts":1762300800000,"profit_abs":0.0,"wins":0,"draws":0,"losses":0,"trades":0,"profit_factor":0.0},{"date":"06/11/2025","date_ts":1762387200000,"profit_abs":0.0,"wins":0,"draws":0,"losses":0,"trades":0,"profit_factor":0.0},{"date":"07/11/2025","date_ts":1762473600000,"profit_abs":0.0,"wins":0,"draws":0,"losses":0,"trades":0,"profit_factor":0.0},{"date":"08/11/2025","date_ts":1762560000000,"profit_abs":0.0,"wins":0,"draws":0,"losses":0,"trades":0,"profit_factor":0.0},{"date":"09/11/2025","date_ts":1762646400000,"profit_abs":0.0,"wins":0,"draws":0,"losses":0,"trades":0,"profit_factor":0.0},{"date":"10/11/2025","date_ts":1762732800000,"profit_abs":0.0,"wins":0,"draws":0,"losses":0,"trades":0,"profit_factor":0.0},{"date":"11/11/2025","date_ts":1762819200000,"profit_abs":0.0,"wins":0,"draws":0,"losses":0,"trades":0,"profit_factor":0.0},{"date":"12/11/2025","date_ts":1762905600000,"profit_abs":0.0,"wins":0,"draws":0,"losses":0,"trades":0,"profit_factor":0.0},{"date":"13/11/2025","date_ts":1762992000000,"profit_abs":3.11346702,"wins":1,"draws":0,"losses":0,"trades":1,"profit_factor":0.0},{"date":"14/11/2025","date_ts":1763078400000,"profit_abs":0.0,"wins":0,"draws":0,"losses":0,"trades":0,"profit_factor":0.0},{"date":"15/11/2025","date_ts":1763164800000,"profit_abs":0.0,"wins":0,"draws":0,"losses":0,"trades":0,"profit_factor":0.0},{"date":"16/11/2025","date_ts":1763251200000,"profit_abs":0.0,"wins":0,"draws":0,"losses":0,"trades":0,"profit_factor":0.0},{"date":"17/11/2025","date_ts":1763337600000,"profit_abs":0.0,"wins":0,"draws":0,"losses":0,"trades":0,"profit_factor":0.0},{"date":"18/11/2025","date_ts":1763424000000,"profit_abs":0.0,"wins":0,"draws":0,"losses":0,"trades":0,"profit_factor":0.0},{"date":"19/11/2025","date_ts":1763510400000,"profit_abs":0.0,"wins":0,"draws":0,"losses":0,"trades":0,"profit_factor":0.0},{"date":"20/11/2025","date_ts":1763596800000,"profit_abs":0.0,"wins":0,"draws":0,"losses":0,"trades":0,"profit_factor":0.0},{"date":"21/11/2025","date_ts":1763683200000,"profit_abs":0.0,"wins":0,"draws":0,"losses":0,"trades":0,"profit_factor":0.0},{"date":"22/11/2025","date_ts":1763769600000,"profit_abs":0.0,"wins":0,"draws":0,"losses":0,"trades":0,"profit_factor":0.0},{"date":"23/11/2025","date_ts":1763856000000,"profit_abs":0.0,"wins":0,"draws":0,"losses":0,"trades":0,"profit_factor":0.0},{"date":"24/11/2025","date_ts":1763942400000,"profit_abs":0.0,"wins":0,"draws":0,"losses":0,"trades":0,"profit_factor":0.0},{"date":"25/11/2025","date_ts":1764028800000,"profit_abs":0.0,"wins":0,"draws":0,"losses":0,"trades":0,"profit_factor":0.0},{"date":"26/11/2025","date_ts":1764115200000,"profit_abs":0.0,"wins":0,"draws":0,"losses":0,"trades":0,"profit_factor":0.0},{"date":"27/11/2025","date_ts":1764201600000,"profit_abs":0.0,"wins":0,"draws":0,"losses":0,"trades":0,"profit_factor":0.0},{"date":"28/11/2025","date_ts":1764288000000,"profit_abs":0.0,"wins":0,"draws":1,"losses":0,"trades":1,"profit_factor":0.0},{"date":"29/11/2025","date_ts":1764374400000,"profit_abs":0.0,"wins":0,"draws":0,"losses":0,"trades":0,"profit_factor":0.0},{"date":"30/11/2025","date_ts":1764460800000,"profit_abs":0.0,"wins":0,"draws":0,"losses":0,"trades":0,"profit_factor":0.0},{"date":"01/12/2025","date_ts":1764547200000,"profit_abs":0.0,"wins":0,"draws":0,"losses":0,"trades":0,"profit_factor":0.0},{"date":"02/12/2025","date_ts":1764633600000,"profit_abs":0.0,"wins":0,"draws":0,"losses":0,"trades":0,"profit_factor":0.0},{"date":"03/12/2025","date_ts":1764720000000,"profit_abs":0.0,"wins":0,"draws":0,"losses":0,"trades":0,"profit_factor":0.0},{"date":"04/12/2025","date_ts":1764806400000,"profit_abs":0.0,"wins":0,"draws":0,"losses":0,"trades":0,"profit_factor":0.0},{"date":"05/12/2025","date_ts":1764892800000,"profit_abs":0.0,"wins":0,"draws":0,"losses":0,"trades":0,"profit_factor":0.0},{"date":"06/12/2025","date_ts":1764979200000,"profit_abs":0.0,"wins":0,"draws":0,"losses":0,"trades":0,"profit_factor":0.0},{"date":"07/12/2025","date_ts":1765065600000,"profit_abs":0.8692194,"wins":1,"draws":0,"losses":0,"trades":1,"profit_factor":0.0},{"date":"08/12/2025","date_ts":1765152000000,"profit_abs":0.0,"wins":0,"draws":0,"losses":0,"trades":0,"profit_factor":0.0},{"date":"09/12/2025","date_ts":1765238400000,"profit_abs":9.98956125,"wins":1,"draws":0,"losses":0,"trades":1,"profit_factor":0.0},{"date":"10/12/2025","date_ts":1765324800000,"profit_abs":0.0,"wins":0,"draws":0,"losses":0,"trades":0,"profit_factor":0.0},{"date":"11/12/2025","date_ts":1765411200000,"profit_abs":0.0,"wins":0,"draws":0,"losses":0,"trades":0,"profit_factor":0.0},{"date":"12/12/2025","date_ts":1765497600000,"profit_abs":0.0,"wins":0,"draws":0,"losses":0,"trades":0,"profit_factor":0.0},{"date":"13/12/2025","date_ts":1765584000000,"profit_abs":0.0,"wins":0,"draws":0,"losses":0,"trades":0,"profit_factor":0.0},{"date":"14/12/2025","date_ts":1765670400000,"profit_abs":0.0,"wins":0,"draws":0,"losses":0,"trades":0,"profit_factor":0.0},{"date":"15/12/2025","date_ts":1765756800000,"profit_abs":0.0,"wins":0,"draws":0,"losses":0,"trades":0,"profit_factor":0.0},{"date":"16/12/2025","date_ts":1765843200000,"profit_abs":0.0,"wins":0,"draws":0,"losses":0,"trades":0,"profit_factor":0.0},{"date":"17/12/2025","date_ts":1765929600000,"profit_abs":0.0,"wins":0,"draws":0,"losses":0,"trades":0,"profit_factor":0.0},{"date":"18/12/2025","date_ts":1766016000000,"profit_abs":0.0,"wins":0,"draws":0,"losses":0,"trades":0,"profit_factor":0.0},{"date":"19/12/2025","date_ts":1766102400000,"profit_abs":0.0,"wins":0,"draws":0,"losses":0,"trades":0,"profit_factor":0.0},{"date":"20/12/2025","date_ts":1766188800000,"profit_abs":0.0,"wins":0,"draws":0,"losses":0,"trades":0,"profit_factor":0.0},{"date":"21/12/2025","date_ts":1766275200000,"profit_abs":0.0,"wins":0,"draws":0,"losses":0,"trades":0,"profit_factor":0.0},{"date":"22/12/2025","date_ts":1766361600000,"profit_abs":0.0,"wins":0,"draws":1,"losses":0,"trades":1,"profit_factor":0.0}],"week":[{"date":"06/10/2025","date_ts":1759708800000,"profit_abs":0.0,"wins":0,"draws":1,"losses":0,"trades":1,"profit_factor":0.0},{"date":"13/10/2025","date_ts":1760313600000,"profit_abs":16.495374,"wins":1,"draws":1,"losses":0,"trades":2,"profit_factor":0.0},{"date":"20/10/2025","date_ts":1760918400000,"profit_abs":0.0,"wins":0,"draws":0,"losses":0,"trades":0,"profit_factor":0.0},{"date":"27/10/2025","date_ts":1761523200000,"profit_abs":-2.71730872,"wins":0,"draws":0,"losses":1,"trades":1,"profit_factor":0.0},{"date":"03/11/2025","date_ts":1762128000000,"profit_abs":0.0,"wins":0,"draws":1,"losses":0,"trades":1,"profit_factor":0.0},{"date":"10/11/2025","date_ts":1762732800000,"profit_abs":0.0,"wins":0,"draws":0,"losses":0,"trades":0,"profit_factor":0.0},{"date":"17/11/2025","date_ts":1763337600000,"profit_abs":3.11346702,"wins":1,"draws":0,"losses":0,"trades":1,"profit_factor":0.0},{"date":"24/11/2025","date_ts":1763942400000,"profit_abs":0.0,"wins":0,"draws":0,"losses":0,"trades":0,"profit_factor":0.0},{"date":"01/12/2025","date_ts":1764547200000,"profit_abs":0.0,"wins":0,"draws":1,"losses":0,"trades":1,"profit_factor":0.0},{"date":"08/12/2025","date_ts":1765152000000,"profit_abs":0.8692194,"wins":1,"draws":0,"losses":0,"trades":1,"profit_factor":0.0},{"date":"15/12/2025","date_ts":1765756800000,"profit_abs":9.98956125,"wins":1,"draws":0,"losses":0,"trades":1,"profit_factor":0.0},{"date":"22/12/2025","date_ts":1766361600000,"profit_abs":0.0,"wins":0,"draws":1,"losses":0,"trades":1,"profit_factor":0.0}],"month":[{"date":"31/10/2025","date_ts":1761868800000,"profit_abs":13.77806528,"wins":1,"draws":3,"losses":1,"trades":5,"profit_factor":6.07048212},{"date":"30/11/2025","date_ts":1764460800000,"profit_abs":3.11346702,"wins":1,"draws":1,"losses":0,"trades":2,"profit_factor":0.0},{"date":"31/12/2025","date_ts":1767139200000,"profit_abs":10.85878065,"wins":2,"draws":1,"losses":0,"trades":3,"profit_factor":0.0}],"year":[{"date":"31/12/2025","date_ts":1767139200000,"profit_abs":27.75031295,"wins":4,"draws":5,"losses":1,"trades":10,"profit_factor":11.21242553}],"weekday":[{"date":"Monday","date_ts":0,"profit_abs":0.0,"wins":0,"draws":2,"losses":0,"trades":2,"profit_factor":0.0},{"date":"Tuesday","date_ts":1,"profit_abs":7.27225253,"wins":1,"draws":0,"losses":1,"trades":2,"profit_factor":3.67627027},{"date":"Wednesday","date_ts":2,"profit_abs":0.0,"wins":0,"draws":1,"losses":0,"trades":1,"profit_factor":0.0},{"date":"Thursday","date_ts":3,"profit_abs":3.11346702,"wins":1,"draws":0,"losses":0,"trades":1,"profit_factor":0.0},{"date":"Friday","date_ts":4,"profit_abs":0.0,"wins":0,"draws":2,"losses":0,"trades":2,"profit_factor":0.0},{"date":"Sunday","date_ts":6,"profit_abs":17.3645934,"wins":2,"draws":0,"losses":0,"trades":2,"profit_factor":0.0}]},"backtest_best_day":0.04995004995004996,"backtest_worst_day":-0.008092670688090536,"backtest_best_day_abs":16.495374,"backtest_worst_day_abs":-2.71730872,"winning_days":4,"draw_days":76,"losing_days":1,"daily_profit":[["2025-10-03",0.0],["2025-10-04",0.0],["2025-10-05",0.0],["2025-10-06",0.0],["2025-10-07",0.0],["2025-10-08",0.0],["2025-10-09",0.0],["2025-10-10",0.0],["2025-10-11",0.0],["2025-10-12",16.495374],["2025-10-13",0.0],["2025-10-14",0.0],["2025-10-15",0.0],["2025-10-16",0.0],["2025-10-17",0.0],["2025-10-18",0.0],["2025-10-19",0.0],["2025-10-20",0.0],["2025-10-21",-2.71730872],["2025-10-22",0.0],["2025-10-23",0.0],["2025-10-24",0.0],["2025-10-25",0.0],["2025-10-26",0.0],["2025-10-27",0.0],["2025-10-28",0.0],["2025-10-29",0.0],["2025-10-30",0.0],["2025-10-31",0.0],["2025-11-01",0.0],["2025-11-02",0.0],["2025-11-03",0.0],["2025-11-04",0.0],["2025-11-05",0.0],["2025-11-06",0.0],["2025-11-07",0.0],["2025-11-08",0.0],["2025-11-09",0.0],["2025-11-10",0.0],["2025-11-11",0.0],["2025-11-12",0.0],["2025-11-13",3.11346702],["2025-11-14",0.0],["2025-11-15",0.0],["2025-11-16",0.0],["2025-11-17",0.0],["2025-11-18",0.0],["2025-11-19",0.0],["2025-11-20",0.0],["2025-11-21",0.0],["2025-11-22",0.0],["2025-11-23",0.0],["2025-11-24",0.0],["2025-11-25",0.0],["2025-11-26",0.0],["2025-11-27",0.0],["2025-11-28",0.0],["2025-11-29",0.0],["2025-11-30",0.0],["2025-12-01",0.0],["2025-12-02",0.0],["2025-12-03",0.0],["2025-12-04",0.0],["2025-12-05",0.0],["2025-12-06",0.0],["2025-12-07",0.8692194],["2025-12-08",0.0],["2025-12-09",9.98956125],["2025-12-10",0.0],["2025-12-11",0.0],["2025-12-12",0.0],["2025-12-13",0.0],["2025-12-14",0.0],["2025-12-15",0.0],["2025-12-16",0.0],["2025-12-17",0.0],["2025-12-18",0.0],["2025-12-19",0.0],["2025-12-20",0.0],["2025-12-21",0.0],["2025-12-22",0.0]],"wins":4,"losses":1,"draws":5,"winrate":0.4,"holding_avg":"3:48:00","holding_avg_s":13680.0,"winner_holding_min":"0d 01:00","winner_holding_min_s":3600.0,"winner_holding_max":"0d 02:00","winner_holding_max_s":7200.0,"winner_holding_avg":"0d 01:45","winner_holding_avg_s":6300.0,"loser_holding_min":"0d 04:00","loser_holding_min_s":14400.0,"loser_holding_max":"0d 04:00","loser_holding_max_s":14400.0,"loser_holding_avg":"0d 04:00","loser_holding_avg_s":14400.0,"max_consecutive_wins":2,"max_consecutive_losses":3,"max_drawdown_account":0.0026732130706184657,"max_relative_drawdown":0.0026732130706184657,"max_drawdown_abs":2.71730872,"drawdown_start":"2025-10-12 16:00:00","drawdown_start_ts":1760284800000.0,"drawdown_end":"2025-10-21 19:00:00","drawdown_end_ts":1761073200000.0,"drawdown_duration":"9 days 03:00:00","drawdown_duration_s":788400.0,"max_drawdown_low":13.778065280000002,"max_drawdown_high":16.495374,"csum_min":1000.0,"csum_max":1027.75031295}},"strategy_comparison":[{"key":"ACO_20_17","trades":10,"profit_mean":0.0083465279312696,"profit_mean_pct":0.83,"profit_total_abs":27.75031295,"profit_total":0.02775031295,"profit_total_pct":2.78,"duration_avg":"3:48:00","wins":4,"draws":5,"losses":1,"winrate":0.4,"cagr":0.10848994316008942,"expectancy":2.7750312950000002,"expectancy_ratio":0.5212425531832836,"sortino":-100,"sharpe":0.9773927912494672,"calmar":204.46030636471886,"sqn":1.4887,"profit_factor":11.212425531832835,"max_drawdown_account":0.0026732130706184657,"max_drawdown_abs":"2.717"}]}