{"strategy":{"ACO_58_1":{"trades":[{"pair":"DOGE/USDT","stake_amount":329.94527,"max_stake_amount":329.94527,"amount":1789.0,"open_date":"2025-10-11 20:00:00+00:00","close_date":"2025-10-11 22:00:00+00:00","open_rate":0.18443,"close_rate":0.18479922922922923,"fee_open":0.001,"fee_close":0.001,"trade_duration":120,"profit_ratio":0.0,"profit_abs":0.0,"exit_reason":"roi","initial_stop_loss_abs":0.17521,"initial_stop_loss_ratio":-0.05,"stop_loss_abs":0.17521,"stop_loss_ratio":-0.05,"min_rate":0.17816,"max_rate":0.18622,"is_open":false,"enter_tag":"","leverage":1.0,"is_short":false,"open_timestamp":1760212800000,"close_timestamp":1760220000000,"orders":[{"amount":1789.0,"safe_price":0.18443,"ft_order_side":"buy","order_filled_timestamp":1760212800000,"ft_is_entry":true,"ft_order_tag":"","cost":330.27521526999993},{"amount":1789.0,"safe_price":0.18479922922922923,"ft_order_side":"sell","order_filled_timestamp":1760220000000,"ft_is_entry":false,"ft_order_tag":"roi","cost":330.9364269121822}],"funding_fees":0.0,"weekday":5},{"pair":"DOGE/USDT","stake_amount":329.9138,"max_stake_amount":329.9138,"amount":1765.0,"open_date":"2025-10-12 14:00:00+00:00","close_date":"2025-10-12 15:00:00+00:00","open_rate":0.18692,"close_rate":0.19664956956956955,"fee_open":0.001,"fee_close":0.001,"trade_duration":60,"profit_ratio":0.049950049950049945,"profit_abs":16.49569,"exit_reason":"roi","initial_stop_loss_abs":0.17758,"initial_stop_loss_ratio":-0.05,"stop_loss_abs":0.17758,"stop_loss_ratio":-0.05,"min_rate":0.18682,"max_rate":0.20676,"is_open":false,"enter_tag":"","leverage":1.0,"is_short":false,"open_timestamp":1760277600000,"close_timestamp":1760281200000,"orders":[{"amount":1765.0,"safe_price":0.18692,"ft_order_side":"buy","order_filled_timestamp":1760277600000,"ft_is_entry":true,"ft_order_tag":"","cost":330.24371379999997},{"amount":1765.0,"safe_price":0.19664956956956955,"ft_order_side":"sell","order_filled_timestamp":1760281200000,"ft_is_entry":false,"ft_order_tag":"roi","cost":347.43357678058055}],"funding_fees":0.0,"weekday":6},{"pair":"DOGE/USDT","stake_amount":335.37224,"max_stake_amount":335.37224,"amount":1624.0,"open_date":"2025-10-13 01:00:00+00:00","close_date":"2025-10-13 03:00:00+00:00","open_rate":0.20651,"close_rate":0.20886,"fee_open":0.001,"fee_close":0.001,"trade_duration":120,"profit_ratio":0.009358855758545847,"profit_abs":3.14183912,"exit_reason":"roi","initial_stop_loss_abs":0.19619,"initial_stop_loss_ratio":-0.05,"stop_loss_abs":0.19619,"stop_loss_ratio":-0.05,"min_rate":0.20548,"max_rate":0.20999,"is_open":false,"enter_tag":"","leverage":1.0,"is_short":false,"open_timestamp":1760317200000,"close_timestamp":1760324400000,"orders":[{"amount":1624.0,"safe_price":0.20651,"ft_order_side":"buy","order_filled_timestamp":1760317200000,"ft_is_entry":true,"ft_order_tag":"","cost":335.70761223999995},{"amount":1624.0,"safe_price":0.20886,"ft_order_side":"sell","order_filled_timestamp":1760324400000,"ft_is_entry":false,"ft_order_tag":"roi","cost":339.52782863999994}],"funding_fees":0.0,"weekday":0},{"pair":"DOGE/USDT","stake_amount":336.36295,"max_stake_amount":336.36295,"amount":1715.0,"open_date":"2025-10-14 13:00:00+00:00","close_date":"2025-10-14 15:00:00+00:00","open_rate":0.19613,"close_rate":0.19895,"fee_open":0.001,"fee_close":0.001,"trade_duration":120,"profit_ratio":0.012351488821177294,"profit_abs":4.1587378,"exit_reason":"roi","initial_stop_loss_abs":0.18633,"initial_stop_loss_ratio":-0.05,"stop_loss_abs":0.18633,"stop_loss_ratio":-0.05,"min_rate":0.1933,"max_rate":0.20388,"is_open":false,"enter_tag":"","leverage":1.0,"is_short":false,"open_timestamp":1760446800000,"close_timestamp":1760454000000,"orders":[{"amount":1715.0,"safe_price":0.19613,"ft_order_side":"buy","order_filled_timestamp":1760446800000,"ft_is_entry":true,"ft_order_tag":"","cost":336.69931295},{"amount":1715.0,"safe_price":0.19895,"ft_order_side":"sell","order_filled_timestamp":1760454000000,"ft_is_entry":false,"ft_order_tag":"roi","cost":341.54044925}],"funding_fees":0.0,"weekday":1},{"pair":"DOGE/USDT","stake_amount":337.79823,"max_stake_amount":337.79823,"amount":1799.0,"open_date":"2025-10-16 20:00:00+00:00","close_date":"2025-10-16 22:00:00+00:00","open_rate":0.18777,"close_rate":0.18816,"fee_open":0.001,"fee_close":0.001,"trade_duration":120,"profit_ratio":7.48572405386593e-05,"profit_abs":0.02531193,"exit_reason":"roi","initial_stop_loss_abs":0.17839,"initial_stop_loss_ratio":-0.05,"stop_loss_abs":0.17839,"stop_loss_ratio":-0.05,"min_rate":0.18469,"max_rate":0.18864,"is_open":false,"enter_tag":"","leverage":1.0,"is_short":false,"open_timestamp":1760644800000,"close_timestamp":1760652000000,"orders":[{"amount":1799.0,"safe_price":0.18777,"ft_order_side":"buy","order_filled_timestamp":1760644800000,"ft_is_entry":true,"ft_order_tag":"","cost":338.13602822999997},{"amount":1799.0,"safe_price":0.18816,"ft_order_side":"sell","order_filled_timestamp":1760652000000,"ft_is_entry":false,"ft_order_tag":"roi","cost":338.83833983999995}],"funding_fees":0.0,"weekday":3},{"pair":"DOGE/USDT","stake_amount":337.85444,"max_stake_amount":337.85444,"amount":1892.0,"open_date":"2025-10-17 10:00:00+00:00","close_date":"2025-10-17 12:00:00+00:00","open_rate":0.17857,"close_rate":0.18272,"fee_open":0.001,"fee_close":0.001,"trade_duration":120,"profit_ratio":0.0211957499855803,"profit_abs":7.16823932,"exit_reason":"roi","initial_stop_loss_abs":0.16965,"initial_stop_loss_ratio":-0.05,"stop_loss_abs":0.16965,"stop_loss_ratio":-0.05,"min_rate":0.17555,"max_rate":0.18431,"is_open":false,"enter_tag":"","leverage":1.0,"is_short":false,"open_timestamp":1760695200000,"close_timestamp":1760702400000,"orders":[{"amount":1892.0,"safe_price":0.17857,"ft_order_side":"buy","order_filled_timestamp":1760695200000,"ft_is_entry":true,"ft_order_tag":"","cost":338.19229443999996},{"amount":1892.0,"safe_price":0.18272,"ft_order_side":"sell","order_filled_timestamp":1760702400000,"ft_is_entry":false,"ft_order_tag":"roi","cost":346.05194623999995}],"funding_fees":0.0,"weekday":4},{"pair":"DOGE/USDT","stake_amount":340.22208,"max_stake_amount":340.22208,"amount":2112.0,"open_date":"2025-11-04 06:00:00+00:00","close_date":"2025-11-04 08:00:00+00:00","open_rate":0.16109,"close_rate":0.16201,"fee_open":0.001,"fee_close":0.001,"trade_duration":120,"profit_ratio":0.003701680404144865,"profit_abs":1.2606528,"exit_reason":"roi","initial_stop_loss_abs":0.15304,"initial_stop_loss_ratio":-0.05,"stop_loss_abs":0.15304,"stop_loss_ratio":-0.05,"min_rate":0.16062,"max_rate":0.16735,"is_open":false,"enter_tag":"","leverage":1.0,"is_short":false,"open_timestamp":1762236000000,"close_timestamp":1762243200000,"orders":[{"amount":2112.0,"safe_price":0.16109,"ft_order_side":"buy","order_filled_timestamp":1762236000000,"ft_is_entry":true,"ft_order_tag":"","cost":340.56230208},{"amount":2112.0,"safe_price":0.16201,"ft_order_side":"sell","order_filled_timestamp":1762243200000,"ft_is_entry":false,"ft_order_tag":"roi","cost":342.50728511999995}],"funding_fees":0.0,"weekday":1},{"pair":"DOGE/USDT","stake_amount":340.50016,"max_stake_amount":340.50016,"amount":2126.0,"open_date":"2025-11-04 17:00:00+00:00","close_date":"2025-11-04 19:00:00+00:00","open_rate":0.16016,"close_rate":0.16048064064064063,"fee_open":0.001,"fee_close":0.001,"trade_duration":120,"profit_ratio":0.0,"profit_abs":0.0,"exit_reason":"roi","initial_stop_loss_abs":0.15216,"initial_stop_loss_ratio":-0.05,"stop_loss_abs":0.15216,"stop_loss_ratio":-0.05,"min_rate":0.15419,"max_rate":0.16152,"is_open":false,"enter_tag":"","leverage":1.0,"is_short":false,"open_timestamp":1762275600000,"close_timestamp":1762282800000,"orders":[{"amount":2126.0,"safe_price":0.16016,"ft_order_side":"buy","order_filled_timestamp":1762275600000,"ft_is_entry":true,"ft_order_tag":"","cost":340.84066015999997},{"amount":2126.0,"safe_price":0.16048064064064063,"ft_order_side":"sell","order_filled_timestamp":1762282800000,"ft_is_entry":false,"ft_order_tag":"roi","cost":341.52302384400394}],"funding_fees":0.0,"weekday":1},{"pair":"DOGE/USDT","stake_amount":340.51914,"max_stake_amount":340.51914,"amount":2109.0,"open_date":"2025-11-05 11:00:00+00:00","close_date":"2025-11-05 13:00:00+00:00","open_rate":0.16146,"close_rate":0.16427,"fee_open":0.001,"fee_close":0.001,"trade_duration":120,"profit_ratio":0.01537091670870935,"profit_abs":5.23932543,"exit_reason":"roi","initial_stop_loss_abs":0.15339,"initial_stop_loss_ratio":-0.05,"stop_loss_abs":0.15339,"stop_loss_ratio":-0.05,"min_rate":0.16138,"max_rate":0.16617,"is_open":false,"enter_tag":"","leverage":1.0,"is_short":false,"open_timestamp":1762340400000,"close_timestamp":1762347600000,"orders":[{"amount":2109.0,"safe_price":0.16146,"ft_order_side":"buy","order_filled_timestamp":1762340400000,"ft_is_entry":true,"ft_order_tag":"","cost":340.85965913999996},{"amount":2109.0,"safe_price":0.16427,"ft_order_side":"sell","order_filled_timestamp":1762347600000,"ft_is_entry":false,"ft_order_tag":"roi","cost":346.79187542999995}],"funding_fees":0.0,"weekday":2},{"pair":"DOGE/USDT","stake_amount":342.29214,"max_stake_amount":342.29214,"amount":2154.0,"open_date":"2025-11-14 21:00:00+00:00","close_date":"2025-11-14 23:00:00+00:00","open_rate":0.15891,"close_rate":0.15933,"fee_open":0.001,"fee_close":0.001,"trade_duration":120,"profit_ratio":0.0006397227465756823,"profit_abs":0.21919104,"exit_reason":"roi","initial_stop_loss_abs":0.15097,"initial_stop_loss_ratio":-0.05,"stop_loss_abs":0.15097,"stop_loss_ratio":-0.05,"min_rate":0.15472,"max_rate":0.16111,"is_open":false,"enter_tag":"","leverage":1.0,"is_short":false,"open_timestamp":1763154000000,"close_timestamp":1763161200000,"orders":[{"amount":2154.0,"safe_price":0.15891,"ft_order_side":"buy","order_filled_timestamp":1763154000000,"ft_is_entry":true,"ft_order_tag":"","cost":342.63443214},{"amount":2154.0,"safe_price":0.15933,"ft_order_side":"sell","order_filled_timestamp":1763161200000,"ft_is_entry":false,"ft_order_tag":"roi","cost":343.54001681999995}],"funding_fees":0.0,"weekday":4},{"pair":"DOGE/USDT","stake_amount":342.433,"max_stake_amount":342.433,"amount":2485.0,"open_date":"2025-11-21 11:00:00+00:00","close_date":"2025-11-21 13:00:00+00:00","open_rate":0.1378,"close_rate":0.13891,"fee_open":0.001,"fee_close":0.001,"trade_duration":120,"profit_ratio":0.006041056186194067,"profit_abs":2.07072565,"exit_reason":"roi","initial_stop_loss_abs":0.13091,"initial_stop_loss_ratio":-0.05,"stop_loss_abs":0.13091,"stop_loss_ratio":-0.05,"min_rate":0.13321,"max_rate":0.14094,"is_open":false,"enter_tag":"","leverage":1.0,"is_short":false,"open_timestamp":1763722800000,"close_timestamp":1763730000000,"orders":[{"amount":2485.0,"safe_price":0.1378,"ft_order_side":"buy","order_filled_timestamp":1763722800000,"ft_is_entry":true,"ft_order_tag":"","cost":342.77543299999996},{"amount":2485.0,"safe_price":0.13891,"ft_order_side":"sell","order_filled_timestamp":1763730000000,"ft_is_entry":false,"ft_order_tag":"roi","cost":345.53654134999994}],"funding_fees":0.0,"weekday":4},{"pair":"DOGE/USDT","stake_amount":343.06384,"max_stake_amount":343.06384,"amount":2512.0,"open_date":"2025-11-21 23:00:00+00:00","close_date":"2025-11-22 01:00:00+00:00","open_rate":0.13657,"close_rate":0.14012,"fee_open":0.001,"fee_close":0.001,"trade_duration":120,"profit_ratio":0.023944057699640916,"profit_abs":8.22255472,"exit_reason":"roi","initial_stop_loss_abs":0.12975,"initial_stop_loss_ratio":-0.05,"stop_loss_abs":0.12975,"stop_loss_ratio":-0.05,"min_rate":0.13574,"max_rate":0.14148,"is_open":false,"enter_tag":"","leverage":1.0,"is_short":false,"open_timestamp":1763766000000,"close_timestamp":1763773200000,"orders":[{"amount":2512.0,"safe_price":0.13657,"ft_order_side":"buy","order_filled_timestamp":1763766000000,"ft_is_entry":true,"ft_order_tag":"","cost":343.4069038399999},{"amount":2512.0,"safe_price":0.14012,"ft_order_side":"sell","order_filled_timestamp":1763773200000,"ft_is_entry":false,"ft_order_tag":"roi","cost":352.33342143999994}],"funding_fees":0.0,"weekday":5},{"pair":"DOGE/USDT","stake_amount":345.75192,"max_stake_amount":345.75192,"amount":2523.0,"open_date":"2025-11-22 06:00:00+00:00","close_date":"2025-11-22 08:00:00+00:00","open_rate":0.13704,"close_rate":0.13969,"fee_open":0.001,"fee_close":0.001,"trade_duration":120,"profit_ratio":0.017300781530203597,"profit_abs":5.98776021,"exit_reason":"roi","initial_stop_loss_abs":0.13019,"initial_stop_loss_ratio":-0.05,"stop_loss_abs":0.13019,"stop_loss_ratio":-0.05,"min_rate":0.13549,"max_rate":0.14016,"is_open":false,"enter_tag":"","leverage":1.0,"is_short":false,"open_timestamp":1763791200000,"close_timestamp":1763798400000,"orders":[{"amount":2523.0,"safe_price":0.13704,"ft_order_side":"buy","order_filled_timestamp":1763791200000,"ft_is_entry":true,"ft_order_tag":"","cost":346.0976719199999},{"amount":2523.0,"safe_price":0.13969,"ft_order_side":"sell","order_filled_timestamp":1763798400000,"ft_is_entry":false,"ft_order_tag":"roi","cost":352.79030787}],"funding_fees":0.0,"weekday":5},{"pair":"DOGE/USDT","stake_amount":347.76007,"max_stake_amount":347.76007,"amount":2549.0,"open_date":"2025-11-22 09:00:00+00:00","close_date":"2025-11-22 11:00:00+00:00","open_rate":0.13643,"close_rate":0.13677,"fee_open":0.001,"fee_close":0.001,"trade_duration":120,"profit_ratio":0.0004891392416130377,"profit_abs":0.1702732,"exit_reason":"roi","initial_stop_loss_abs":0.12961,"initial_stop_loss_ratio":-0.05,"stop_loss_abs":0.12961,"stop_loss_ratio":-0.05,"min_rate":0.13582,"max_rate":0.14011,"is_open":false,"enter_tag":"","leverage":1.0,"is_short":false,"open_timestamp":1763802000000,"close_timestamp":1763809200000,"orders":[{"amount":2549.0,"safe_price":0.13643,"ft_order_side":"buy","order_filled_timestamp":1763802000000,"ft_is_entry":true,"ft_order_tag":"","cost":348.1078300699999},{"amount":2549.0,"safe_price":0.13677,"ft_order_side":"sell","order_filled_timestamp":1763809200000,"ft_is_entry":false,"ft_order_tag":"roi","cost":348.97535673}],"funding_fees":0.0,"weekday":5},{"pair":"DOGE/USDT","stake_amount":347.82,"max_stake_amount":347.82,"amount":2550.0,"open_date":"2025-11-22 14:00:00+00:00","close_date":"2025-11-22 16:00:00+00:00","open_rate":0.1364,"close_rate":0.13816,"fee_open":0.001,"fee_close":0.001,"trade_duration":120,"profit_ratio":0.010879443137507654,"profit_abs":3.787872,"exit_reason":"roi","initial_stop_loss_abs":0.12958,"initial_stop_loss_ratio":-0.05,"stop_loss_abs":0.12958,"stop_loss_ratio":-0.05,"min_rate":0.13632,"max_rate":0.13977,"is_open":false,"enter_tag":"","leverage":1.0,"is_short":false,"open_timestamp":1763820000000,"close_timestamp":1763827200000,"orders":[{"amount":2550.0,"safe_price":0.1364,"ft_order_side":"buy","order_filled_timestamp":1763820000000,"ft_is_entry":true,"ft_order_tag":"","cost":348.16781999999995},{"amount":2550.0,"safe_price":0.13816,"ft_order_side":"sell","order_filled_timestamp":1763827200000,"ft_is_entry":false,"ft_order_tag":"roi","cost":352.66030799999993}],"funding_fees":0.0,"weekday":5}],"locks":[],"best_pair":{"key":"DOGE/USDT","trades":15,"profit_mean":0.01141985329403208,"profit_mean_pct":1.14,"profit_total_abs":57.948173219999994,"profit_total":0.057948173219999996,"profit_total_pct":5.79,"duration_avg":"1:56:00","wins":13,"draws":2,"losses":0,"winrate":0.8666666666666667,"cagr":0.23610890901981318,"expectancy":3.8632115479999998,"expectancy_ratio":100.0,"sortino":-100,"sharpe":2.651129347399757,"calmar":-100,"sqn":3.3576,"profit_factor":0.0,"max_drawdown_account":0.0,"max_drawdown_abs":0.0},"worst_pair":{"key":"DOGE/USDT","trades":15,"profit_mean":0.01141985329403208,"profit_mean_pct":1.14,"profit_total_abs":57.948173219999994,"profit_total":0.057948173219999996,"profit_total_pct":5.79,"duration_avg":"1:56:00","wins":13,"draws":2,"losses":0,"winrate":0.8666666666666667,"cagr":0.23610890901981318,"expectancy":3.8632115479999998,"expectancy_ratio":100.0,"sortino":-100,"sharpe":2.651129347399757,"calmar":-100,"sqn":3.3576,"profit_factor":0.0,"max_drawdown_account":0.0,"max_drawdown_abs":0.0},"results_per_pair":[{"key":"DOGE/USDT","trades":15,"profit_mean":0.01141985329403208,"profit_mean_pct":1.14,"profit_total_abs":57.948173219999994,"profit_total":0.057948173219999996,"profit_total_pct":5.79,"duration_avg":"1:56:00","wins":13,"draws":2,"losses":0,"winrate":0.8666666666666667,"cagr":0.23610890901981318,"expectancy":3.8632115479999998,"expectancy_ratio":100.0,"sortino":-100,"sharpe":2.651129347399757,"calmar":-100,"sqn":3.3576,"profit_factor":0.0,"max_drawdown_account":0.0,"max_drawdown_abs":0.0},{"key":"TOTAL","trades":15,"profit_mean":0.01141985329403208,"profit_mean_pct":1.14,"profit_total_abs":57.948173219999994,"profit_total":0.057948173219999996,"profit_total_pct":5.79,"duration_avg":"1:56:00","wins":13,"draws":2,"losses":0,"winrate":0.8666666666666667,"cagr":0.23610890901981318,"expectancy":3.8632115479999998,"expectancy_ratio":100.0,"sortino":-100,"sharpe":2.651129347399757,"calmar":-100,"sqn":3.3576,"profit_factor":0.0,"max_drawdown_account":0.0,"max_drawdown_abs":0.0}],"results_per_enter_tag":[{"key":"","trades":15,"profit_mean":0.01141985329403208,"profit_mean_pct":1.14,"profit_total_abs":57.948173219999994,"profit_total":0.057948173219999996,"profit_total_pct":5.79,"duration_avg":"1:56:00","wins":13,"draws":2,"losses":0,"winrate":0.8666666666666667,"cagr":0.23610890901981318,"expectancy":3.8632115479999998,"expectancy_ratio":100.0,"sortino":-100,"sharpe":2.651129347399757,"calmar":-100,"sqn":3.3576,"profit_factor":0.0,"max_drawdown_account":0.0,"max_drawdown_abs":0.0},{"key":"TOTAL","trades":15,"profit_mean":0.01141985329403208,"profit_mean_pct":1.14,"profit_total_abs":57.948173219999994,"profit_total":0.057948173219999996,"profit_total_pct":5.79,"duration_avg":"1:56:00","wins":13,"draws":2,"losses":0,"winrate":0.8666666666666667,"cagr":0.23610890901981318,"expectancy":3.8632115479999998,"expectancy_ratio":100.0,"sortino":-100,"sharpe":2.651129347399757,"calmar":-100,"sqn":3.3576,"profit_factor":0.0,"max_drawdown_account":0.0,"max_drawdown_abs":0.0}],"exit_reason_summary":[{"key":"roi","trades":15,"profit_mean":0.01141985329403208,"profit_mean_pct":1.14,"profit_total_abs":57.948173219999994,"profit_total":0.057948173219999996,"profit_total_pct":5.79,"duration_avg":"1:56:00","wins":13,"draws":2,"losses":0,"winrate":0.8666666666666667,"cagr":0.23610890901981318,"expectancy":3.8632115479999998,"expectancy_ratio":100.0,"sortino":-100,"sharpe":2.651129347399757,"calmar":-100,"sqn":3.3576,"profit_factor":0.0,"max_drawdown_account":0.0,"max_drawdown_abs":0.0},{"key":"TOTAL","trades":15,"profit_mean":0.01141985329403208,"profit_mean_pct":1.14,"profit_total_abs":57.948173219999994,"profit_total":0.057948173219999996,"profit_total_pct":5.79,"duration_avg":"1:56:00","wins":13,"draws":2,"losses":0,"winrate":0.8666666666666667,"cagr":0.23610890901981318,"expectancy":3.8632115479999998,"expectancy_ratio":100.0,"sortino":-100,"sharpe":2.651129347399757,"calmar":-100,"sqn":3.3576,"profit_factor":0.0,"max_drawdown_account":0.0,"max_drawdown_abs":0.0}],"mix_tag_stats":[{"key":["","roi"],"trades":15,"profit_mean":0.01141985329403208,"profit_mean_pct":1.14,"profit_total_abs":57.948173219999994,"profit_total":0.057948173219999996,"profit_total_pct":5.79,"duration_avg":"1:56:00","wins":13,"draws":2,"losses":0,"winrate":0.8666666666666667,"cagr":0.23610890901981318,"expectancy":3.8632115479999998,"expectancy_ratio":100.0,"sortino":-100,"sharpe":2.651129347399757,"calmar":-100,"sqn":3.3576,"profit_factor":0.0,"max_drawdown_account":0.0,"max_drawdown_abs":0.0},{"key":"TOTAL","trades":15,"profit_mean":0.01141985329403208,"profit_mean_pct":1.14,"profit_total_abs":57.948173219999994,"profit_total":0.057948173219999996,"profit_total_pct":5.79,"duration_avg":"1:56:00","wins":13,"draws":2,"losses":0,"winrate":0.8666666666666667,"cagr":0.23610890901981318,"expectancy":3.8632115479999998,"expectancy_ratio":100.0,"sortino":-100,"sharpe":2.651129347399757,"calmar":-100,"sqn":3.3576,"profit_factor":0.0,"max_drawdown_account":0.0,"max_drawdown_abs":0.0}],"left_open_trades":[{"key":"TOTAL","trades":0,"profit_mean":0.0,"profit_mean_pct":0.0,"profit_total_abs":0.0,"profit_total":0.0,"profit_total_pct":0.0,"duration_avg":"0:00","wins":0,"draws":0,"losses":0,"winrate":0.0,"cagr":0.0,"expectancy":0.0,"expectancy_ratio":100.0,"sortino":0,"sharpe":0,"calmar":0,"sqn":0.0,"profit_factor":0.0,"max_drawdown_account":0.0,"max_drawdown_abs":0.0}],"total_trades":15,"trade_count_long":15,"trade_count_short":0,"total_volume":10273.693593546766,"avg_stake_amount":339.84061866666667,"profit_mean":0.01141985329403208,"profit_median":0.009358855758545847,"profit_total":0.057948173219999996,"profit_total_long":0.057948173219999996,"profit_total_short":0.0,"profit_total_abs":57.948173219999994,"profit_total_long_abs":57.948173219999994,"profit_total_short_abs":0.0,"cagr":0.23610890901981318,"expectancy":3.8632115479999998,"expectancy_ratio":100.0,"sortino":-100,"sharpe":2.651129347399757,"calmar":-100,"sqn":3.3576,"profit_factor":0.0,"backtest_start":"2025-10-01 00:00:00","backtest_start_ts":1759276800000,"backtest_end":"2026-01-06 20:00:00","backtest_end_ts":1767729600000,"backtest_days":97,"backtest_run_start_ts":1767747626,"backtest_run_end_ts":1767747626,"trades_per_day":0.15,"market_change":-0.36632086436227446,"pairlist":["DOGE/USDT"],"stake_amount":"unlimited","stake_currency":"USDT","stake_currency_decimals":3,"starting_balance":1000,"dry_run_wallet":1000,"final_balance":1057.94817322,"rejected_signals":0,"timedout_entry_orders":0,"timedout_exit_orders":0,"canceled_trade_entries":0,"canceled_entry_orders":0,"replaced_entry_orders":0,"max_open_trades":1,"max_open_trades_setting":3,"timeframe":"1h","timeframe_detail":"","timerange":"20251001-","enable_protections":false,"strategy_name":"ACO_58_1","freqaimodel":null,"freqai_identifier":null,"stoploss":-0.05,"trailing_stop":false,"trailing_stop_positive":null,"trailing_stop_positive_offset":0.0,"trailing_only_offset_is_reached":false,"use_custom_stoploss":false,"minimal_roi":{"0":0.1,"60":0.05,"120":0.0},"use_exit_signal":true,"exit_profit_only":false,"exit_profit_offset":0.0,"ignore_roi_if_entry_signal":false,"trading_mode":"spot","margin_mode":"","periodic_breakdown":{"day":[{"date":"11/10/2025","date_ts":1760140800000,"profit_abs":0.0,"wins":0,"draws":1,"losses":0,"trades":1,"profit_factor":0.0},{"date":"12/10/2025","date_ts":1760227200000,"profit_abs":16.49569,"wins":1,"draws":0,"losses":0,"trades":1,"profit_factor":0.0},{"date":"13/10/2025","date_ts":1760313600000,"profit_abs":3.14183912,"wins":1,"draws":0,"losses":0,"trades":1,"profit_factor":0.0},{"date":"14/10/2025","date_ts":1760400000000,"profit_abs":4.1587378,"wins":1,"draws":0,"losses":0,"trades":1,"profit_factor":0.0},{"date":"15/10/2025","date_ts":1760486400000,"profit_abs":0.0,"wins":0,"draws":0,"losses":0,"trades":0,"profit_factor":0.0},{"date":"16/10/2025","date_ts":1760572800000,"profit_abs":0.02531193,"wins":1,"draws":0,"losses":0,"trades":1,"profit_factor":0.0},{"date":"17/10/2025","date_ts":1760659200000,"profit_abs":7.16823932,"wins":1,"draws":0,"losses":0,"trades":1,"profit_factor":0.0},{"date":"18/10/2025","date_ts":1760745600000,"profit_abs":0.0,"wins":0,"draws":0,"losses":0,"trades":0,"profit_factor":0.0},{"date":"19/10/2025","date_ts":1760832000000,"profit_abs":0.0,"wins":0,"draws":0,"losses":0,"trades":0,"profit_factor":0.0},{"date":"20/10/2025","date_ts":1760918400000,"profit_abs":0.0,"wins":0,"draws":0,"losses":0,"trades":0,"profit_factor":0.0},{"date":"21/10/2025","date_ts":1761004800000,"profit_abs":0.0,"wins":0,"draws":0,"losses":0,"trades":0,"profit_factor":0.0},{"date":"22/10/2025","date_ts":1761091200000,"profit_abs":0.0,"wins":0,"draws":0,"losses":0,"trades":0,"profit_factor":0.0},{"date":"23/10/2025","date_ts":1761177600000,"profit_abs":0.0,"wins":0,"draws":0,"losses":0,"trades":0,"profit_factor":0.0},{"date":"24/10/2025","date_ts":1761264000000,"profit_abs":0.0,"wins":0,"draws":0,"losses":0,"trades":0,"profit_factor":0.0},{"date":"25/10/2025","date_ts":1761350400000,"profit_abs":0.0,"wins":0,"draws":0,"losses":0,"trades":0,"profit_factor":0.0},{"date":"26/10/2025","date_ts":1761436800000,"profit_abs":0.0,"wins":0,"draws":0,"losses":0,"trades":0,"profit_factor":0.0},{"date":"27/10/2025","date_ts":1761523200000,"profit_abs":0.0,"wins":0,"draws":0,"losses":0,"trades":0,"profit_factor":0.0},{"date":"28/10/2025","date_ts":1761609600000,"profit_abs":0.0,"wins":0,"draws":0,"losses":0,"trades":0,"profit_factor":0.0},{"date":"29/10/2025","date_ts":1761696000000,"profit_abs":0.0,"wins":0,"draws":0,"losses":0,"trades":0,"profit_factor":0.0},{"date":"30/10/2025","date_ts":1761782400000,"profit_abs":0.0,"wins":0,"draws":0,"losses":0,"trades":0,"profit_factor":0.0},{"date":"31/10/2025","date_ts":1761868800000,"profit_abs":0.0,"wins":0,"draws":0,"losses":0,"trades":0,"profit_factor":0.0},{"date":"01/11/2025","date_ts":1761955200000,"profit_abs":0.0,"wins":0,"draws":0,"losses":0,"trades":0,"profit_factor":0.0},{"date":"02/11/2025","date_ts":1762041600000,"profit_abs":0.0,"wins":0,"draws":0,"losses":0,"trades":0,"profit_factor":0.0},{"date":"03/11/2025","date_ts":1762128000000,"profit_abs":0.0,"wins":0,"draws":0,"losses":0,"trades":0,"profit_factor":0.0},{"date":"04/11/2025","date_ts":1762214400000,"profit_abs":1.2606528,"wins":1,"draws":1,"losses":0,"trades":2,"profit_factor":0.0},{"date":"05/11/2025","date_ts":1762300800000,"profit_abs":5.23932543,"wins":1,"draws":0,"losses":0,"trades":1,"profit_factor":0.0},{"date":"06/11/2025","date_ts":1762387200000,"profit_abs":0.0,"wins":0,"draws":0,"losses":0,"trades":0,"profit_factor":0.0},{"date":"07/11/2025","date_ts":1762473600000,"profit_abs":0.0,"wins":0,"draws":0,"losses":0,"trades":0,"profit_factor":0.0},{"date":"08/11/2025","date_ts":1762560000000,"profit_abs":0.0,"wins":0,"draws":0,"losses":0,"trades":0,"profit_factor":0.0},{"date":"09/11/2025","date_ts":1762646400000,"profit_abs":0.0,"wins":0,"draws":0,"losses":0,"trades":0,"profit_factor":0.0},{"date":"10/11/2025","date_ts":1762732800000,"profit_abs":0.0,"wins":0,"draws":0,"losses":0,"trades":0,"profit_factor":0.0},{"date":"11/11/2025","date_ts":1762819200000,"profit_abs":0.0,"wins":0,"draws":0,"losses":0,"trades":0,"profit_factor":0.0},{"date":"12/11/2025","date_ts":1762905600000,"profit_abs":0.0,"wins":0,"draws":0,"losses":0,"trades":0,"profit_factor":0.0},{"date":"13/11/2025","date_ts":1762992000000,"profit_abs":0.0,"wins":0,"draws":0,"losses":0,"trades":0,"profit_factor":0.0},{"date":"14/11/2025","date_ts":1763078400000,"profit_abs":0.21919104,"wins":1,"draws":0,"losses":0,"trades":1,"profit_factor":0.0},{"date":"15/11/2025","date_ts":1763164800000,"profit_abs":0.0,"wins":0,"draws":0,"losses":0,"trades":0,"profit_factor":0.0},{"date":"16/11/2025","date_ts":1763251200000,"profit_abs":0.0,"wins":0,"draws":0,"losses":0,"trades":0,"profit_factor":0.0},{"date":"17/11/2025","date_ts":1763337600000,"profit_abs":0.0,"wins":0,"draws":0,"losses":0,"trades":0,"profit_factor":0.0},{"date":"18/11/2025","date_ts":1763424000000,"profit_abs":0.0,"wins":0,"draws":0,"losses":0,"trades":0,"profit_factor":0.0},{"date":"19/11/2025","date_ts":1763510400000,"profit_abs":0.0,"wins":0,"draws":0,"losses":0,"trades":0,"profit_factor":0.0},{"date":"20/11/2025","date_ts":1763596800000,"profit_abs":0.0,"wins":0,"draws":0,"losses":0,"trades":0,"profit_factor":0.0},{"date":"21/11/2025","date_ts":1763683200000,"profit_abs":2.07072565,"wins":1,"draws":0,"losses":0,"trades":1,"profit_factor":0.0},{"date":"22/11/2025","date_ts":1763769600000,"profit_abs":18.16846013,"wins":4,"draws":0,"losses":0,"trades":4,"profit_factor":0.0}],"week":[{"date":"13/10/2025","date_ts":1760313600000,"profit_abs":19.63752912,"wins":2,"draws":1,"losses":0,"trades":3,"profit_factor":0.0},{"date":"20/10/2025","date_ts":1760918400000,"profit_abs":11.35228905,"wins":3,"draws":0,"losses":0,"trades":3,"profit_factor":0.0},{"date":"27/10/2025","date_ts":1761523200000,"profit_abs":0.0,"wins":0,"draws":0,"losses":0,"trades":0,"profit_factor":0.0},{"date":"03/11/2025","date_ts":1762128000000,"profit_abs":0.0,"wins":0,"draws":0,"losses":0,"trades":0,"profit_factor":0.0},{"date":"10/11/2025","date_ts":1762732800000,"profit_abs":6.49997823,"wins":2,"draws":1,"losses":0,"trades":3,"profit_factor":0.0},{"date":"17/11/2025","date_ts":1763337600000,"profit_abs":0.21919104,"wins":1,"draws":0,"losses":0,"trades":1,"profit_factor":0.0},{"date":"24/11/2025","date_ts":1763942400000,"profit_abs":20.23918578,"wins":5,"draws":0,"losses":0,"trades":5,"profit_factor":0.0}],"month":[{"date":"31/10/2025","date_ts":1761868800000,"profit_abs":30.98981817,"wins":5,"draws":1,"losses":0,"trades":6,"profit_factor":0.0},{"date":"30/11/2025","date_ts":1764460800000,"profit_abs":26.95835505,"wins":8,"draws":1,"losses":0,"trades":9,"profit_factor":0.0}],"year":[{"date":"31/12/2025","date_ts":1767139200000,"profit_abs":57.94817322,"wins":13,"draws":2,"losses":0,"trades":15,"profit_factor":0.0}],"weekday":[{"date":"Monday","date_ts":0,"profit_abs":3.14183912,"wins":1,"draws":0,"losses":0,"trades":1,"profit_factor":0.0},{"date":"Tuesday","date_ts":1,"profit_abs":5.4193906,"wins":2,"draws":1,"losses":0,"trades":3,"profit_factor":0.0},{"date":"Wednesday","date_ts":2,"profit_abs":5.23932543,"wins":1,"draws":0,"losses":0,"trades":1,"profit_factor":0.0},{"date":"Thursday","date_ts":3,"profit_abs":0.02531193,"wins":1,"draws":0,"losses":0,"trades":1,"profit_factor":0.0},{"date":"Friday","date_ts":4,"profit_abs":9.45815601,"wins":3,"draws":0,"losses":0,"trades":3,"profit_factor":0.0},{"date":"Saturday","date_ts":5,"profit_abs":18.16846013,"wins":4,"draws":1,"losses":0,"trades":5,"profit_factor":0.0},{"date":"Sunday","date_ts":6,"profit_abs":16.49569,"wins":1,"draws":0,"losses":0,"trades":1,"profit_factor":0.0}]},"backtest_best_day":0.052613421608965205,"backtest_worst_day":0.0,"backtest_best_day_abs":18.16846013,"backtest_worst_day_abs":0.0,"winning_days":10,"draw_days":33,"losing_days":0,"daily_profit":[["2025-10-11",0.0],["2025-10-12",16.49569],["2025-10-13",3.14183912],["2025-10-14",4.1587378],["2025-10-15",0.0],["2025-10-16",0.02531193],["2025-10-17",7.16823932],["2025-10-18",0.0],["2025-10-19",0.0],["2025-10-20",0.0],["2025-10-21",0.0],["2025-10-22",0.0],["2025-10-23",0.0],["2025-10-24",0.0],["2025-10-25",0.0],["2025-10-26",0.0],["2025-10-27",0.0],["2025-10-28",0.0],["2025-10-29",0.0],["2025-10-30",0.0],["2025-10-31",0.0],["2025-11-01",0.0],["2025-11-02",0.0],["2025-11-03",0.0],["2025-11-04",1.2606528],["2025-11-05",5.23932543],["2025-11-06",0.0],["2025-11-07",0.0],["2025-11-08",0.0],["2025-11-09",0.0],["2025-11-10",0.0],["2025-11-11",0.0],["2025-11-12",0.0],["2025-11-13",0.0],["2025-11-14",0.21919104],["2025-11-15",0.0],["2025-11-16",0.0],["2025-11-17",0.0],["2025-11-18",0.0],["2025-11-19",0.0],["2025-11-20",0.0],["2025-11-21",2.07072565],["2025-11-22",18.16846013]],"wins":13,"losses":0,"draws":2,"winrate":0.8666666666666667,"holding_avg":"1:56:00","holding_avg_s":6960.0,"winner_holding_min":"0d 01:00","winner_holding_min_s":3600.0,"winner_holding_max":"0d 02:00","winner_holding_max_s":7200.0,"winner_holding_avg":"0d 01:55","winner_holding_avg_s":6900.0,"loser_holding_min":"0d 00:00","loser_holding_min_s":0.0,"loser_holding_max":"0d 00:00","loser_holding_max_s":0.0,"loser_holding_avg":"0d 00:00","loser_holding_avg_s":0.0,"max_consecutive_wins":7,"max_consecutive_losses":1,"max_drawdown_account":0.0,"max_relative_drawdown":0.0,"max_drawdown_abs":0.0,"drawdown_start":"2025-10-11 22:00:00","drawdown_start_ts":1760220000000.0,"drawdown_end":"2025-10-11 22:00:00","drawdown_end_ts":1760220000000.0,"drawdown_duration":"0 days 00:00:00","drawdown_duration_s":0.0,"max_drawdown_low":0.0,"max_drawdown_high":0.0,"csum_min":1000.0,"csum_max":1057.94817322}},"strategy_comparison":[{"key":"ACO_58_1","trades":15,"profit_mean":0.01141985329403208,"profit_mean_pct":1.14,"profit_total_abs":57.948173219999994,"profit_total":0.057948173219999996,"profit_total_pct":5.79,"duration_avg":"1:56:00","wins":13,"draws":2,"losses":0,"winrate":0.8666666666666667,"cagr":0.23610890901981318,"expectancy":3.8632115479999998,"expectancy_ratio":100.0,"sortino":-100,"sharpe":2.651129347399757,"calmar":-100,"sqn":3.3576,"profit_factor":0.0,"max_drawdown_account":0.0,"max_drawdown_abs":"0"}]}