{"strategy":{"ACO_23_2":{"trades":[{"pair":"DOGE/USDT","stake_amount":329.96816,"max_stake_amount":329.96816,"amount":1328.0,"open_date":"2025-10-07 19:00:00+00:00","close_date":"2025-10-07 21:00:00+00:00","open_rate":0.24847,"close_rate":0.25136,"fee_open":0.001,"fee_close":0.001,"trade_duration":120,"profit_ratio":0.009609941714421128,"profit_abs":3.17414576,"exit_reason":"roi","initial_stop_loss_abs":0.23605,"initial_stop_loss_ratio":-0.05,"stop_loss_abs":0.23605,"stop_loss_ratio":-0.05,"min_rate":0.2482,"max_rate":0.25214,"is_open":false,"enter_tag":"","leverage":1.0,"is_short":false,"open_timestamp":1759863600000,"close_timestamp":1759870800000,"orders":[{"amount":1328.0,"safe_price":0.24847,"ft_order_side":"buy","order_filled_timestamp":1759863600000,"ft_is_entry":true,"ft_order_tag":"","cost":330.29812816},{"amount":1328.0,"safe_price":0.25136,"ft_order_side":"sell","order_filled_timestamp":1759870800000,"ft_is_entry":false,"ft_order_tag":"roi","cost":334.13988607999994}],"funding_fees":0.0,"weekday":1},{"pair":"DOGE/USDT","stake_amount":330.97221,"max_stake_amount":330.97221,"amount":1341.0,"open_date":"2025-10-08 00:00:00+00:00","close_date":"2025-10-08 02:00:00+00:00","open_rate":0.24681,"close_rate":0.24977,"fee_open":0.001,"fee_close":0.001,"trade_duration":120,"profit_ratio":0.00997106697848159,"profit_abs":3.30344622,"exit_reason":"roi","initial_stop_loss_abs":0.23447,"initial_stop_loss_ratio":-0.05,"stop_loss_abs":0.23447,"stop_loss_ratio":-0.05,"min_rate":0.24669,"max_rate":0.25061,"is_open":false,"enter_tag":"","leverage":1.0,"is_short":false,"open_timestamp":1759881600000,"close_timestamp":1759888800000,"orders":[{"amount":1341.0,"safe_price":0.24681,"ft_order_side":"buy","order_filled_timestamp":1759881600000,"ft_is_entry":true,"ft_order_tag":"","cost":331.30318221},{"amount":1341.0,"safe_price":0.24977,"ft_order_side":"sell","order_filled_timestamp":1759888800000,"ft_is_entry":false,"ft_order_tag":"roi","cost":335.27651156999997}],"funding_fees":0.0,"weekday":2},{"pair":"DOGE/USDT","stake_amount":332.11218,"max_stake_amount":332.11218,"amount":1357.0,"open_date":"2025-10-08 04:00:00+00:00","close_date":"2025-10-08 06:00:00+00:00","open_rate":0.24474,"close_rate":0.24538,"fee_open":0.001,"fee_close":0.001,"trade_duration":120,"profit_ratio":0.0006117932080177729,"profit_abs":0.20338716,"exit_reason":"roi","initial_stop_loss_abs":0.23251,"initial_stop_loss_ratio":-0.05,"stop_loss_abs":0.23251,"stop_loss_ratio":-0.05,"min_rate":0.24291,"max_rate":0.24706,"is_open":false,"enter_tag":"","leverage":1.0,"is_short":false,"open_timestamp":1759896000000,"close_timestamp":1759903200000,"orders":[{"amount":1357.0,"safe_price":0.24474,"ft_order_side":"buy","order_filled_timestamp":1759896000000,"ft_is_entry":true,"ft_order_tag":"","cost":332.44429218},{"amount":1357.0,"safe_price":0.24538,"ft_order_side":"sell","order_filled_timestamp":1759903200000,"ft_is_entry":false,"ft_order_tag":"roi","cost":333.31364066}],"funding_fees":0.0,"weekday":2},{"pair":"DOGE/USDT","stake_amount":332.07722,"max_stake_amount":332.07722,"amount":1702.0,"open_date":"2025-10-15 22:00:00+00:00","close_date":"2025-10-16 00:00:00+00:00","open_rate":0.19511,"close_rate":0.19621,"fee_open":0.001,"fee_close":0.001,"trade_duration":120,"profit_ratio":0.0036285788938138896,"profit_abs":1.20617336,"exit_reason":"roi","initial_stop_loss_abs":0.18536,"initial_stop_loss_ratio":-0.05,"stop_loss_abs":0.18536,"stop_loss_ratio":-0.05,"min_rate":0.1946,"max_rate":0.19684,"is_open":false,"enter_tag":"","leverage":1.0,"is_short":false,"open_timestamp":1760565600000,"close_timestamp":1760572800000,"orders":[{"amount":1702.0,"safe_price":0.19511,"ft_order_side":"buy","order_filled_timestamp":1760565600000,"ft_is_entry":true,"ft_order_tag":"","cost":332.40929722},{"amount":1702.0,"safe_price":0.19621,"ft_order_side":"sell","order_filled_timestamp":1760572800000,"ft_is_entry":false,"ft_order_tag":"roi","cost":334.28336941999993}],"funding_fees":0.0,"weekday":3},{"pair":"DOGE/USDT","stake_amount":332.54144,"max_stake_amount":332.54144,"amount":1792.0,"open_date":"2025-10-16 21:00:00+00:00","close_date":"2025-10-16 23:00:00+00:00","open_rate":0.18557,"close_rate":0.18642,"fee_open":0.001,"fee_close":0.001,"trade_duration":120,"profit_ratio":0.002573327949196893,"profit_abs":0.85659392,"exit_reason":"roi","initial_stop_loss_abs":0.1763,"initial_stop_loss_ratio":-0.05,"stop_loss_abs":0.1763,"stop_loss_ratio":-0.05,"min_rate":0.18548,"max_rate":0.18894,"is_open":false,"enter_tag":"","leverage":1.0,"is_short":false,"open_timestamp":1760648400000,"close_timestamp":1760655600000,"orders":[{"amount":1792.0,"safe_price":0.18557,"ft_order_side":"buy","order_filled_timestamp":1760648400000,"ft_is_entry":true,"ft_order_tag":"","cost":332.87398143999997},{"amount":1792.0,"safe_price":0.18642,"ft_order_side":"sell","order_filled_timestamp":1760655600000,"ft_is_entry":false,"ft_order_tag":"roi","cost":334.39870463999995}],"funding_fees":0.0,"weekday":3},{"pair":"DOGE/USDT","stake_amount":332.88,"max_stake_amount":332.88,"amount":1824.0,"open_date":"2025-10-17 07:00:00+00:00","close_date":"2025-10-17 11:00:00+00:00","open_rate":0.1825,"close_rate":0.18286536536536532,"fee_open":0.001,"fee_close":0.001,"trade_duration":240,"profit_ratio":0.0,"profit_abs":0.0,"exit_reason":"roi","initial_stop_loss_abs":0.17338,"initial_stop_loss_ratio":-0.05,"stop_loss_abs":0.17338,"stop_loss_ratio":-0.05,"min_rate":0.17555,"max_rate":0.184,"is_open":false,"enter_tag":"","leverage":1.0,"is_short":false,"open_timestamp":1760684400000,"close_timestamp":1760698800000,"orders":[{"amount":1824.0,"safe_price":0.1825,"ft_order_side":"buy","order_filled_timestamp":1760684400000,"ft_is_entry":true,"ft_order_tag":"","cost":333.21288},{"amount":1824.0,"safe_price":0.18286536536536532,"ft_order_side":"sell","order_filled_timestamp":1760698800000,"ft_is_entry":false,"ft_order_tag":"roi","cost":333.87997285285275}],"funding_fees":0.0,"weekday":4},{"pair":"DOGE/USDT","stake_amount":332.82525,"max_stake_amount":332.82525,"amount":1825.0,"open_date":"2025-10-30 14:00:00+00:00","close_date":"2025-10-30 23:00:00+00:00","open_rate":0.18237,"close_rate":0.1827351051051051,"fee_open":0.001,"fee_close":0.001,"trade_duration":540,"profit_ratio":0.0,"profit_abs":0.0,"exit_reason":"roi","initial_stop_loss_abs":0.17326,"initial_stop_loss_ratio":-0.05,"stop_loss_abs":0.17326,"stop_loss_ratio":-0.05,"min_rate":0.17642,"max_rate":0.18361,"is_open":false,"enter_tag":"","leverage":1.0,"is_short":false,"open_timestamp":1761832800000,"close_timestamp":1761865200000,"orders":[{"amount":1825.0,"safe_price":0.18237,"ft_order_side":"buy","order_filled_timestamp":1761832800000,"ft_is_entry":true,"ft_order_tag":"","cost":333.15807524999997},{"amount":1825.0,"safe_price":0.1827351051051051,"ft_order_side":"sell","order_filled_timestamp":1761865200000,"ft_is_entry":false,"ft_order_tag":"roi","cost":333.82505838363363}],"funding_fees":0.0,"weekday":3},{"pair":"DOGE/USDT","stake_amount":332.81352,"max_stake_amount":332.81352,"amount":1922.0,"open_date":"2025-11-03 07:00:00+00:00","close_date":"2025-11-03 09:00:00+00:00","open_rate":0.17316,"close_rate":0.1738,"fee_open":0.001,"fee_close":0.001,"trade_duration":120,"profit_ratio":0.00169061707523246,"profit_abs":0.56322288,"exit_reason":"roi","initial_stop_loss_abs":0.16451,"initial_stop_loss_ratio":-0.05,"stop_loss_abs":0.16451,"stop_loss_ratio":-0.05,"min_rate":0.17236,"max_rate":0.17534,"is_open":false,"enter_tag":"","leverage":1.0,"is_short":false,"open_timestamp":1762153200000,"close_timestamp":1762160400000,"orders":[{"amount":1922.0,"safe_price":0.17316,"ft_order_side":"buy","order_filled_timestamp":1762153200000,"ft_is_entry":true,"ft_order_tag":"","cost":333.14633352},{"amount":1922.0,"safe_price":0.1738,"ft_order_side":"sell","order_filled_timestamp":1762160400000,"ft_is_entry":false,"ft_order_tag":"roi","cost":334.3776436}],"funding_fees":0.0,"weekday":0},{"pair":"DOGE/USDT","stake_amount":333.00416,"max_stake_amount":333.00416,"amount":1928.0,"open_date":"2025-11-03 10:00:00+00:00","close_date":"2025-11-03 12:00:00+00:00","open_rate":0.17272,"close_rate":0.17423,"fee_open":0.001,"fee_close":0.001,"trade_duration":120,"profit_ratio":0.006727003890042334,"profit_abs":2.2423604,"exit_reason":"roi","initial_stop_loss_abs":0.16409,"initial_stop_loss_ratio":-0.05,"stop_loss_abs":0.16409,"stop_loss_ratio":-0.05,"min_rate":0.1714,"max_rate":0.17564,"is_open":false,"enter_tag":"","leverage":1.0,"is_short":false,"open_timestamp":1762164000000,"close_timestamp":1762171200000,"orders":[{"amount":1928.0,"safe_price":0.17272,"ft_order_side":"buy","order_filled_timestamp":1762164000000,"ft_is_entry":true,"ft_order_tag":"","cost":333.33716416},{"amount":1928.0,"safe_price":0.17423,"ft_order_side":"sell","order_filled_timestamp":1762171200000,"ft_is_entry":false,"ft_order_tag":"roi","cost":336.25135543999994}],"funding_fees":0.0,"weekday":0},{"pair":"DOGE/USDT","stake_amount":333.73755,"max_stake_amount":333.73755,"amount":2097.0,"open_date":"2025-11-06 16:00:00+00:00","close_date":"2025-11-06 18:00:00+00:00","open_rate":0.15915,"close_rate":0.16035,"fee_open":0.001,"fee_close":0.001,"trade_duration":120,"profit_ratio":0.005526989504369334,"profit_abs":1.8464085,"exit_reason":"roi","initial_stop_loss_abs":0.1512,"initial_stop_loss_ratio":-0.05,"stop_loss_abs":0.1512,"stop_loss_ratio":-0.05,"min_rate":0.15693,"max_rate":0.16212,"is_open":false,"enter_tag":"","leverage":1.0,"is_short":false,"open_timestamp":1762444800000,"close_timestamp":1762452000000,"orders":[{"amount":2097.0,"safe_price":0.15915,"ft_order_side":"buy","order_filled_timestamp":1762444800000,"ft_is_entry":true,"ft_order_tag":"","cost":334.07128755},{"amount":2097.0,"safe_price":0.16035,"ft_order_side":"sell","order_filled_timestamp":1762452000000,"ft_is_entry":false,"ft_order_tag":"roi","cost":336.59020394999993}],"funding_fees":0.0,"weekday":3},{"pair":"DOGE/USDT","stake_amount":334.29628,"max_stake_amount":334.29628,"amount":1948.0,"open_date":"2025-11-12 04:00:00+00:00","close_date":"2025-11-12 06:00:00+00:00","open_rate":0.17161,"close_rate":0.17202,"fee_open":0.001,"fee_close":0.001,"trade_duration":120,"profit_ratio":0.0003863626612883649,"profit_abs":0.12928876,"exit_reason":"roi","initial_stop_loss_abs":0.16303,"initial_stop_loss_ratio":-0.05,"stop_loss_abs":0.16303,"stop_loss_ratio":-0.05,"min_rate":0.17109,"max_rate":0.17298,"is_open":false,"enter_tag":"","leverage":1.0,"is_short":false,"open_timestamp":1762920000000,"close_timestamp":1762927200000,"orders":[{"amount":1948.0,"safe_price":0.17161,"ft_order_side":"buy","order_filled_timestamp":1762920000000,"ft_is_entry":true,"ft_order_tag":"","cost":334.63057628},{"amount":1948.0,"safe_price":0.17202,"ft_order_side":"sell","order_filled_timestamp":1762927200000,"ft_is_entry":false,"ft_order_tag":"roi","cost":335.43005495999995}],"funding_fees":0.0,"weekday":2},{"pair":"DOGE/USDT","stake_amount":334.308,"max_stake_amount":334.308,"amount":1950.0,"open_date":"2025-11-12 08:00:00+00:00","close_date":"2025-11-12 10:00:00+00:00","open_rate":0.17144,"close_rate":0.17514,"fee_open":0.001,"fee_close":0.001,"trade_duration":120,"profit_ratio":0.01954077187394966,"profit_abs":6.539169,"exit_reason":"roi","initial_stop_loss_abs":0.16287,"initial_stop_loss_ratio":-0.05,"stop_loss_abs":0.16287,"stop_loss_ratio":-0.05,"min_rate":0.17144,"max_rate":0.17655,"is_open":false,"enter_tag":"","leverage":1.0,"is_short":false,"open_timestamp":1762934400000,"close_timestamp":1762941600000,"orders":[{"amount":1950.0,"safe_price":0.17144,"ft_order_side":"buy","order_filled_timestamp":1762934400000,"ft_is_entry":true,"ft_order_tag":"","cost":334.64230799999996},{"amount":1950.0,"safe_price":0.17514,"ft_order_side":"sell","order_filled_timestamp":1762941600000,"ft_is_entry":false,"ft_order_tag":"roi","cost":341.8645229999999}],"funding_fees":0.0,"weekday":2},{"pair":"DOGE/USDT","stake_amount":336.55111,"max_stake_amount":336.55111,"amount":2107.0,"open_date":"2025-11-14 14:00:00+00:00","close_date":"2025-11-14 16:00:00+00:00","open_rate":0.15973,"close_rate":0.16288,"fee_open":0.001,"fee_close":0.001,"trade_duration":120,"profit_ratio":0.01768337466077402,"profit_abs":5.95731073,"exit_reason":"roi","initial_stop_loss_abs":0.15175,"initial_stop_loss_ratio":-0.05,"stop_loss_abs":0.15175,"stop_loss_ratio":-0.05,"min_rate":0.15803,"max_rate":0.16477,"is_open":false,"enter_tag":"","leverage":1.0,"is_short":false,"open_timestamp":1763128800000,"close_timestamp":1763136000000,"orders":[{"amount":2107.0,"safe_price":0.15973,"ft_order_side":"buy","order_filled_timestamp":1763128800000,"ft_is_entry":true,"ft_order_tag":"","cost":336.88766111},{"amount":2107.0,"safe_price":0.16288,"ft_order_side":"sell","order_filled_timestamp":1763136000000,"ft_is_entry":false,"ft_order_tag":"roi","cost":343.53134815999994}],"funding_fees":0.0,"weekday":4},{"pair":"DOGE/USDT","stake_amount":338.45322,"max_stake_amount":338.45322,"amount":2309.0,"open_date":"2025-11-21 06:00:00+00:00","close_date":"2025-11-21 07:00:00+00:00","open_rate":0.14658,"close_rate":0.13926,"fee_open":0.001,"fee_close":0.001,"trade_duration":60,"profit_ratio":-0.05183682465712756,"profit_abs":-17.56188456,"exit_reason":"stop_loss","initial_stop_loss_abs":0.13926,"initial_stop_loss_ratio":-0.05,"stop_loss_abs":0.13926,"stop_loss_ratio":-0.05,"min_rate":0.13441,"max_rate":0.14689,"is_open":false,"enter_tag":"","leverage":1.0,"is_short":false,"open_timestamp":1763704800000,"close_timestamp":1763708400000,"orders":[{"amount":2309.0,"safe_price":0.14658,"ft_order_side":"buy","order_filled_timestamp":1763704800000,"ft_is_entry":true,"ft_order_tag":"","cost":338.79167321999995},{"amount":2309.0,"safe_price":0.13926,"ft_order_side":"sell","order_filled_timestamp":1763708400000,"ft_is_entry":false,"ft_order_tag":"stop_loss","cost":321.87289133999997}],"funding_fees":0.0,"weekday":4},{"pair":"DOGE/USDT","stake_amount":332.787,"max_stake_amount":332.787,"amount":2415.0,"open_date":"2025-11-21 11:00:00+00:00","close_date":"2025-11-21 13:00:00+00:00","open_rate":0.1378,"close_rate":0.13891,"fee_open":0.001,"fee_close":0.001,"trade_duration":120,"profit_ratio":0.0060410561861940675,"profit_abs":2.01239535,"exit_reason":"roi","initial_stop_loss_abs":0.13091,"initial_stop_loss_ratio":-0.05,"stop_loss_abs":0.13091,"stop_loss_ratio":-0.05,"min_rate":0.13321,"max_rate":0.14094,"is_open":false,"enter_tag":"","leverage":1.0,"is_short":false,"open_timestamp":1763722800000,"close_timestamp":1763730000000,"orders":[{"amount":2415.0,"safe_price":0.1378,"ft_order_side":"buy","order_filled_timestamp":1763722800000,"ft_is_entry":true,"ft_order_tag":"","cost":333.119787},{"amount":2415.0,"safe_price":0.13891,"ft_order_side":"sell","order_filled_timestamp":1763730000000,"ft_is_entry":false,"ft_order_tag":"roi","cost":335.80311764999993}],"funding_fees":0.0,"weekday":4},{"pair":"DOGE/USDT","stake_amount":333.3616,"max_stake_amount":333.3616,"amount":2444.0,"open_date":"2025-11-22 14:00:00+00:00","close_date":"2025-11-22 16:00:00+00:00","open_rate":0.1364,"close_rate":0.13816,"fee_open":0.001,"fee_close":0.001,"trade_duration":120,"profit_ratio":0.010879443137507654,"profit_abs":3.63041536,"exit_reason":"roi","initial_stop_loss_abs":0.12958,"initial_stop_loss_ratio":-0.05,"stop_loss_abs":0.12958,"stop_loss_ratio":-0.05,"min_rate":0.13632,"max_rate":0.13977,"is_open":false,"enter_tag":"","leverage":1.0,"is_short":false,"open_timestamp":1763820000000,"close_timestamp":1763827200000,"orders":[{"amount":2444.0,"safe_price":0.1364,"ft_order_side":"buy","order_filled_timestamp":1763820000000,"ft_is_entry":true,"ft_order_tag":"","cost":333.6949616},{"amount":2444.0,"safe_price":0.13816,"ft_order_side":"sell","order_filled_timestamp":1763827200000,"ft_is_entry":false,"ft_order_tag":"roi","cost":338.00070303999996}],"funding_fees":0.0,"weekday":5},{"pair":"DOGE/USDT","stake_amount":334.54935,"max_stake_amount":334.54935,"amount":2445.0,"open_date":"2025-12-01 05:00:00+00:00","close_date":"2025-12-01 07:00:00+00:00","open_rate":0.13683,"close_rate":0.1371039339339339,"fee_open":0.001,"fee_close":0.001,"trade_duration":120,"profit_ratio":0.0,"profit_abs":0.0,"exit_reason":"roi","initial_stop_loss_abs":0.12999,"initial_stop_loss_ratio":-0.05,"stop_loss_abs":0.12999,"stop_loss_ratio":-0.05,"min_rate":0.13655,"max_rate":0.13778,"is_open":false,"enter_tag":"","leverage":1.0,"is_short":false,"open_timestamp":1764565200000,"close_timestamp":1764572400000,"orders":[{"amount":2445.0,"safe_price":0.13683,"ft_order_side":"buy","order_filled_timestamp":1764565200000,"ft_is_entry":true,"ft_order_tag":"","cost":334.88389935},{"amount":2445.0,"safe_price":0.1371039339339339,"ft_order_side":"sell","order_filled_timestamp":1764572400000,"ft_is_entry":false,"ft_order_tag":"roi","cost":335.55433758693687}],"funding_fees":0.0,"weekday":0},{"pair":"DOGE/USDT","stake_amount":334.58376,"max_stake_amount":334.58376,"amount":2474.0,"open_date":"2025-12-01 14:00:00+00:00","close_date":"2025-12-01 22:00:00+00:00","open_rate":0.13524,"close_rate":0.13551075075075072,"fee_open":0.001,"fee_close":0.001,"trade_duration":480,"profit_ratio":0.0,"profit_abs":0.0,"exit_reason":"roi","initial_stop_loss_abs":0.12848,"initial_stop_loss_ratio":-0.05,"stop_loss_abs":0.12848,"stop_loss_ratio":-0.05,"min_rate":0.13177,"max_rate":0.13647,"is_open":false,"enter_tag":"","leverage":1.0,"is_short":false,"open_timestamp":1764597600000,"close_timestamp":1764626400000,"orders":[{"amount":2474.0,"safe_price":0.13524,"ft_order_side":"buy","order_filled_timestamp":1764597600000,"ft_is_entry":true,"ft_order_tag":"","cost":334.91834375999997},{"amount":2474.0,"safe_price":0.13551075075075072,"ft_order_side":"sell","order_filled_timestamp":1764626400000,"ft_is_entry":false,"ft_order_tag":"roi","cost":335.58885095471464}],"funding_fees":0.0,"weekday":0},{"pair":"DOGE/USDT","stake_amount":334.53376,"max_stake_amount":334.53376,"amount":2318.0,"open_date":"2025-12-05 10:00:00+00:00","close_date":"2025-12-05 13:00:00+00:00","open_rate":0.14432,"close_rate":0.1446089289289289,"fee_open":0.001,"fee_close":0.001,"trade_duration":180,"profit_ratio":0.0,"profit_abs":0.0,"exit_reason":"roi","initial_stop_loss_abs":0.13711,"initial_stop_loss_ratio":-0.05,"stop_loss_abs":0.13711,"stop_loss_ratio":-0.05,"min_rate":0.14295,"max_rate":0.14528,"is_open":false,"enter_tag":"","leverage":1.0,"is_short":false,"open_timestamp":1764928800000,"close_timestamp":1764939600000,"orders":[{"amount":2318.0,"safe_price":0.14432,"ft_order_side":"buy","order_filled_timestamp":1764928800000,"ft_is_entry":true,"ft_order_tag":"","cost":334.86829376},{"amount":2318.0,"safe_price":0.1446089289289289,"ft_order_side":"sell","order_filled_timestamp":1764939600000,"ft_is_entry":false,"ft_order_tag":"roi","cost":335.5387007545144}],"funding_fees":0.0,"weekday":4},{"pair":"DOGE/USDT","stake_amount":334.51818,"max_stake_amount":334.51818,"amount":2337.0,"open_date":"2025-12-05 14:00:00+00:00","close_date":"2025-12-07 14:00:00+00:00","open_rate":0.14314,"close_rate":0.13599,"fee_open":0.001,"fee_close":0.001,"trade_duration":2880,"profit_ratio":-0.051849296435016706,"profit_abs":-17.36187681,"exit_reason":"stop_loss","initial_stop_loss_abs":0.13599,"initial_stop_loss_ratio":-0.05,"stop_loss_abs":0.13599,"stop_loss_ratio":-0.05,"min_rate":0.13486,"max_rate":0.14466,"is_open":false,"enter_tag":"","leverage":1.0,"is_short":false,"open_timestamp":1764943200000,"close_timestamp":1765116000000,"orders":[{"amount":2337.0,"safe_price":0.14314,"ft_order_side":"buy","order_filled_timestamp":1764943200000,"ft_is_entry":true,"ft_order_tag":"","cost":334.85269817999995},{"amount":2337.0,"safe_price":0.13599,"ft_order_side":"sell","order_filled_timestamp":1765116000000,"ft_is_entry":false,"ft_order_tag":"stop_loss","cost":318.12643862999994}],"funding_fees":0.0,"weekday":6},{"pair":"DOGE/USDT","stake_amount":328.92116,"max_stake_amount":328.92116,"amount":2428.0,"open_date":"2025-12-14 16:00:00+00:00","close_date":"2025-12-15 01:00:00+00:00","open_rate":0.13547,"close_rate":0.13574121121121122,"fee_open":0.001,"fee_close":0.001,"trade_duration":540,"profit_ratio":0.0,"profit_abs":0.0,"exit_reason":"roi","initial_stop_loss_abs":0.1287,"initial_stop_loss_ratio":-0.05,"stop_loss_abs":0.1287,"stop_loss_ratio":-0.05,"min_rate":0.13261,"max_rate":0.13683,"is_open":false,"enter_tag":"","leverage":1.0,"is_short":false,"open_timestamp":1765728000000,"close_timestamp":1765760400000,"orders":[{"amount":2428.0,"safe_price":0.13547,"ft_order_side":"buy","order_filled_timestamp":1765728000000,"ft_is_entry":true,"ft_order_tag":"","cost":329.25008116},{"amount":2428.0,"safe_price":0.13574121121121122,"ft_order_side":"sell","order_filled_timestamp":1765760400000,"ft_is_entry":false,"ft_order_tag":"roi","cost":329.90924048164163}],"funding_fees":0.0,"weekday":0},{"pair":"DOGE/USDT","stake_amount":328.86137,"max_stake_amount":328.86137,"amount":2237.0,"open_date":"2026-01-05 14:00:00+00:00","close_date":"2026-01-05 16:00:00+00:00","open_rate":0.14701,"close_rate":0.14886,"fee_open":0.001,"fee_close":0.001,"trade_duration":120,"profit_ratio":0.010561032736394957,"profit_abs":3.47658881,"exit_reason":"roi","initial_stop_loss_abs":0.13966,"initial_stop_loss_ratio":-0.05,"stop_loss_abs":0.13966,"stop_loss_ratio":-0.05,"min_rate":0.1463,"max_rate":0.15141,"is_open":false,"enter_tag":"","leverage":1.0,"is_short":false,"open_timestamp":1767621600000,"close_timestamp":1767628800000,"orders":[{"amount":2237.0,"safe_price":0.14701,"ft_order_side":"buy","order_filled_timestamp":1767621600000,"ft_is_entry":true,"ft_order_tag":"","cost":329.19023137},{"amount":2237.0,"safe_price":0.14886,"ft_order_side":"sell","order_filled_timestamp":1767628800000,"ft_is_entry":false,"ft_order_tag":"roi","cost":333.33281981999994}],"funding_fees":0.0,"weekday":0}],"locks":[],"best_pair":{"key":"DOGE/USDT","trades":22,"profit_mean":7.932906261544832e-05,"profit_mean_pct":0.01,"profit_total_abs":0.21714484000000223,"profit_total":0.00021714484000000223,"profit_total_pct":0.02,"duration_avg":"5:05:00","wins":14,"draws":6,"losses":2,"winrate":0.6363636363636364,"cagr":0.0008173365451171755,"expectancy":0.00987022000000004,"expectancy_ratio":-0.27216202891544894,"sortino":0.4276686178607004,"sharpe":0.007327845538593608,"calmar":0.14986337299915434,"sqn":0.0077,"profit_factor":1.0062176819300608,"max_drawdown_account":0.02853834005337952,"max_drawdown_abs":29.280950659999995},"worst_pair":{"key":"DOGE/USDT","trades":22,"profit_mean":7.932906261544832e-05,"profit_mean_pct":0.01,"profit_total_abs":0.21714484000000223,"profit_total":0.00021714484000000223,"profit_total_pct":0.02,"duration_avg":"5:05:00","wins":14,"draws":6,"losses":2,"winrate":0.6363636363636364,"cagr":0.0008173365451171755,"expectancy":0.00987022000000004,"expectancy_ratio":-0.27216202891544894,"sortino":0.4276686178607004,"sharpe":0.007327845538593608,"calmar":0.14986337299915434,"sqn":0.0077,"profit_factor":1.0062176819300608,"max_drawdown_account":0.02853834005337952,"max_drawdown_abs":29.280950659999995},"results_per_pair":[{"key":"DOGE/USDT","trades":22,"profit_mean":7.932906261544832e-05,"profit_mean_pct":0.01,"profit_total_abs":0.21714484000000223,"profit_total":0.00021714484000000223,"profit_total_pct":0.02,"duration_avg":"5:05:00","wins":14,"draws":6,"losses":2,"winrate":0.6363636363636364,"cagr":0.0008173365451171755,"expectancy":0.00987022000000004,"expectancy_ratio":-0.27216202891544894,"sortino":0.4276686178607004,"sharpe":0.007327845538593608,"calmar":0.14986337299915434,"sqn":0.0077,"profit_factor":1.0062176819300608,"max_drawdown_account":0.02853834005337952,"max_drawdown_abs":29.280950659999995},{"key":"TOTAL","trades":22,"profit_mean":7.932906261544832e-05,"profit_mean_pct":0.01,"profit_total_abs":0.21714484000000223,"profit_total":0.00021714484000000223,"profit_total_pct":0.02,"duration_avg":"5:05:00","wins":14,"draws":6,"losses":2,"winrate":0.6363636363636364,"cagr":0.0008173365451171755,"expectancy":0.00987022000000004,"expectancy_ratio":-0.27216202891544894,"sortino":0.4276686178607004,"sharpe":0.007327845538593608,"calmar":0.14986337299915434,"sqn":0.0077,"profit_factor":1.0062176819300608,"max_drawdown_account":0.02853834005337952,"max_drawdown_abs":29.280950659999995}],"results_per_enter_tag":[{"key":"","trades":22,"profit_mean":7.932906261544832e-05,"profit_mean_pct":0.01,"profit_total_abs":0.21714484000000223,"profit_total":0.00021714484000000223,"profit_total_pct":0.02,"duration_avg":"5:05:00","wins":14,"draws":6,"losses":2,"winrate":0.6363636363636364,"cagr":0.0008173365451171755,"expectancy":0.00987022000000004,"expectancy_ratio":-0.27216202891544894,"sortino":0.4276686178607004,"sharpe":0.007327845538593608,"calmar":0.14986337299915434,"sqn":0.0077,"profit_factor":1.0062176819300608,"max_drawdown_account":0.02853834005337952,"max_drawdown_abs":29.280950659999995},{"key":"TOTAL","trades":22,"profit_mean":7.932906261544832e-05,"profit_mean_pct":0.01,"profit_total_abs":0.21714484000000223,"profit_total":0.00021714484000000223,"profit_total_pct":0.02,"duration_avg":"5:05:00","wins":14,"draws":6,"losses":2,"winrate":0.6363636363636364,"cagr":0.0008173365451171755,"expectancy":0.00987022000000004,"expectancy_ratio":-0.27216202891544894,"sortino":0.4276686178607004,"sharpe":0.007327845538593608,"calmar":0.14986337299915434,"sqn":0.0077,"profit_factor":1.0062176819300608,"max_drawdown_account":0.02853834005337952,"max_drawdown_abs":29.280950659999995}],"exit_reason_summary":[{"key":"roi","trades":20,"profit_mean":0.005271568023484207,"profit_mean_pct":0.53,"profit_total_abs":35.140906210000004,"profit_total":0.03514090621,"profit_total_pct":3.51,"duration_avg":"3:09:00","wins":14,"draws":6,"losses":0,"winrate":0.7,"cagr":0.13878387516013757,"expectancy":1.7570453104999997,"expectancy_ratio":100.0,"sortino":-100,"sharpe":3.508974174261515,"calmar":-100,"sqn":3.8829,"profit_factor":0.0,"max_drawdown_account":0.0,"max_drawdown_abs":0.0},{"key":"stop_loss","trades":2,"profit_mean":-0.05184306054607213,"profit_mean_pct":-5.18,"profit_total_abs":-34.923761369999994,"profit_total":-0.034923761369999994,"profit_total_pct":-3.49,"duration_avg":"1 day, 0:30:00","wins":0,"draws":0,"losses":2,"winrate":0.0,"cagr":-0.12520329680260378,"expectancy":-17.461880684999997,"expectancy_ratio":-1.0,"sortino":-68.7826464382227,"sharpe":-68.7826464382227,"calmar":-19.695848633549293,"sqn":-174.612,"profit_factor":0.0,"max_drawdown_account":0.034923761369999966,"max_drawdown_abs":34.923761369999994},{"key":"TOTAL","trades":22,"profit_mean":7.932906261544832e-05,"profit_mean_pct":0.01,"profit_total_abs":0.21714484000000223,"profit_total":0.00021714484000000223,"profit_total_pct":0.02,"duration_avg":"5:05:00","wins":14,"draws":6,"losses":2,"winrate":0.6363636363636364,"cagr":0.0008173365451171755,"expectancy":0.00987022000000004,"expectancy_ratio":-0.27216202891544894,"sortino":0.4276686178607004,"sharpe":0.007327845538593608,"calmar":0.14986337299915434,"sqn":0.0077,"profit_factor":1.0062176819300608,"max_drawdown_account":0.02853834005337952,"max_drawdown_abs":29.280950659999995}],"mix_tag_stats":[{"key":["","roi"],"trades":20,"profit_mean":0.005271568023484207,"profit_mean_pct":0.53,"profit_total_abs":35.140906210000004,"profit_total":0.03514090621,"profit_total_pct":3.51,"duration_avg":"3:09:00","wins":14,"draws":6,"losses":0,"winrate":0.7,"cagr":0.13878387516013757,"expectancy":1.7570453104999997,"expectancy_ratio":100.0,"sortino":-100,"sharpe":3.508974174261515,"calmar":-100,"sqn":3.8829,"profit_factor":0.0,"max_drawdown_account":0.0,"max_drawdown_abs":0.0},{"key":["","stop_loss"],"trades":2,"profit_mean":-0.05184306054607213,"profit_mean_pct":-5.18,"profit_total_abs":-34.923761369999994,"profit_total":-0.034923761369999994,"profit_total_pct":-3.49,"duration_avg":"1 day, 0:30:00","wins":0,"draws":0,"losses":2,"winrate":0.0,"cagr":-0.12520329680260378,"expectancy":-17.461880684999997,"expectancy_ratio":-1.0,"sortino":-68.7826464382227,"sharpe":-68.7826464382227,"calmar":-19.695848633549293,"sqn":-174.612,"profit_factor":0.0,"max_drawdown_account":0.034923761369999966,"max_drawdown_abs":34.923761369999994},{"key":"TOTAL","trades":22,"profit_mean":7.932906261544832e-05,"profit_mean_pct":0.01,"profit_total_abs":0.21714484000000223,"profit_total":0.00021714484000000223,"profit_total_pct":0.02,"duration_avg":"5:05:00","wins":14,"draws":6,"losses":2,"winrate":0.6363636363636364,"cagr":0.0008173365451171755,"expectancy":0.00987022000000004,"expectancy_ratio":-0.27216202891544894,"sortino":0.4276686178607004,"sharpe":0.007327845538593608,"calmar":0.14986337299915434,"sqn":0.0077,"profit_factor":1.0062176819300608,"max_drawdown_account":0.02853834005337952,"max_drawdown_abs":29.280950659999995}],"left_open_trades":[{"key":"TOTAL","trades":0,"profit_mean":0.0,"profit_mean_pct":0.0,"profit_total_abs":0.0,"profit_total":0.0,"profit_total_pct":0.0,"duration_avg":"0:00","wins":0,"draws":0,"losses":0,"winrate":0.0,"cagr":0.0,"expectancy":0.0,"expectancy_ratio":100.0,"sortino":0,"sharpe":0,"calmar":0,"sqn":0.0,"profit_factor":0.0,"max_drawdown_account":0.0,"max_drawdown_abs":0.0}],"total_trades":22,"trade_count_long":22,"trade_count_short":0,"total_volume":14686.874509454292,"avg_stake_amount":333.1207490909091,"profit_mean":7.932906261544832e-05,"profit_median":0.0021319725122146767,"profit_total":0.00021714484000000223,"profit_total_long":0.00021714484000000223,"profit_total_short":0.0,"profit_total_abs":0.21714484000000223,"profit_total_long_abs":0.21714484000000223,"profit_total_short_abs":0.0,"cagr":0.0008173365451171755,"expectancy":0.00987022000000004,"expectancy_ratio":-0.27216202891544894,"sortino":0.4276686178607004,"sharpe":0.007327845538593608,"calmar":0.14986337299915434,"sqn":0.0077,"profit_factor":1.0062176819300608,"backtest_start":"2025-10-01 00:00:00","backtest_start_ts":1759276800000,"backtest_end":"2026-01-06 20:00:00","backtest_end_ts":1767729600000,"backtest_days":97,"backtest_run_start_ts":1767741316,"backtest_run_end_ts":1767741316,"trades_per_day":0.23,"market_change":-0.36632086436227446,"pairlist":["DOGE/USDT"],"stake_amount":"unlimited","stake_currency":"USDT","stake_currency_decimals":3,"starting_balance":1000,"dry_run_wallet":1000,"final_balance":1000.21714484,"rejected_signals":0,"timedout_entry_orders":0,"timedout_exit_orders":0,"canceled_trade_entries":0,"canceled_entry_orders":0,"replaced_entry_orders":0,"max_open_trades":1,"max_open_trades_setting":3,"timeframe":"1h","timeframe_detail":"","timerange":"20251001-","enable_protections":false,"strategy_name":"ACO_23_2","freqaimodel":null,"freqai_identifier":null,"stoploss":-0.05,"trailing_stop":false,"trailing_stop_positive":null,"trailing_stop_positive_offset":0.0,"trailing_only_offset_is_reached":false,"use_custom_stoploss":false,"minimal_roi":{"0":0.1,"60":0.05,"120":0.0},"use_exit_signal":true,"exit_profit_only":false,"exit_profit_offset":0.0,"ignore_roi_if_entry_signal":false,"trading_mode":"spot","margin_mode":"","periodic_breakdown":{"day":[{"date":"07/10/2025","date_ts":1759795200000,"profit_abs":3.17414576,"wins":1,"draws":0,"losses":0,"trades":1,"profit_factor":0.0},{"date":"08/10/2025","date_ts":1759881600000,"profit_abs":3.50683338,"wins":2,"draws":0,"losses":0,"trades":2,"profit_factor":0.0},{"date":"09/10/2025","date_ts":1759968000000,"profit_abs":0.0,"wins":0,"draws":0,"losses":0,"trades":0,"profit_factor":0.0},{"date":"10/10/2025","date_ts":1760054400000,"profit_abs":0.0,"wins":0,"draws":0,"losses":0,"trades":0,"profit_factor":0.0},{"date":"11/10/2025","date_ts":1760140800000,"profit_abs":0.0,"wins":0,"draws":0,"losses":0,"trades":0,"profit_factor":0.0},{"date":"12/10/2025","date_ts":1760227200000,"profit_abs":0.0,"wins":0,"draws":0,"losses":0,"trades":0,"profit_factor":0.0},{"date":"13/10/2025","date_ts":1760313600000,"profit_abs":0.0,"wins":0,"draws":0,"losses":0,"trades":0,"profit_factor":0.0},{"date":"14/10/2025","date_ts":1760400000000,"profit_abs":0.0,"wins":0,"draws":0,"losses":0,"trades":0,"profit_factor":0.0},{"date":"15/10/2025","date_ts":1760486400000,"profit_abs":0.0,"wins":0,"draws":0,"losses":0,"trades":0,"profit_factor":0.0},{"date":"16/10/2025","date_ts":1760572800000,"profit_abs":2.06276728,"wins":2,"draws":0,"losses":0,"trades":2,"profit_factor":0.0},{"date":"17/10/2025","date_ts":1760659200000,"profit_abs":0.0,"wins":0,"draws":1,"losses":0,"trades":1,"profit_factor":0.0},{"date":"18/10/2025","date_ts":1760745600000,"profit_abs":0.0,"wins":0,"draws":0,"losses":0,"trades":0,"profit_factor":0.0},{"date":"19/10/2025","date_ts":1760832000000,"profit_abs":0.0,"wins":0,"draws":0,"losses":0,"trades":0,"profit_factor":0.0},{"date":"20/10/2025","date_ts":1760918400000,"profit_abs":0.0,"wins":0,"draws":0,"losses":0,"trades":0,"profit_factor":0.0},{"date":"21/10/2025","date_ts":1761004800000,"profit_abs":0.0,"wins":0,"draws":0,"losses":0,"trades":0,"profit_factor":0.0},{"date":"22/10/2025","date_ts":1761091200000,"profit_abs":0.0,"wins":0,"draws":0,"losses":0,"trades":0,"profit_factor":0.0},{"date":"23/10/2025","date_ts":1761177600000,"profit_abs":0.0,"wins":0,"draws":0,"losses":0,"trades":0,"profit_factor":0.0},{"date":"24/10/2025","date_ts":1761264000000,"profit_abs":0.0,"wins":0,"draws":0,"losses":0,"trades":0,"profit_factor":0.0},{"date":"25/10/2025","date_ts":1761350400000,"profit_abs":0.0,"wins":0,"draws":0,"losses":0,"trades":0,"profit_factor":0.0},{"date":"26/10/2025","date_ts":1761436800000,"profit_abs":0.0,"wins":0,"draws":0,"losses":0,"trades":0,"profit_factor":0.0},{"date":"27/10/2025","date_ts":1761523200000,"profit_abs":0.0,"wins":0,"draws":0,"losses":0,"trades":0,"profit_factor":0.0},{"date":"28/10/2025","date_ts":1761609600000,"profit_abs":0.0,"wins":0,"draws":0,"losses":0,"trades":0,"profit_factor":0.0},{"date":"29/10/2025","date_ts":1761696000000,"profit_abs":0.0,"wins":0,"draws":0,"losses":0,"trades":0,"profit_factor":0.0},{"date":"30/10/2025","date_ts":1761782400000,"profit_abs":0.0,"wins":0,"draws":1,"losses":0,"trades":1,"profit_factor":0.0},{"date":"31/10/2025","date_ts":1761868800000,"profit_abs":0.0,"wins":0,"draws":0,"losses":0,"trades":0,"profit_factor":0.0},{"date":"01/11/2025","date_ts":1761955200000,"profit_abs":0.0,"wins":0,"draws":0,"losses":0,"trades":0,"profit_factor":0.0},{"date":"02/11/2025","date_ts":1762041600000,"profit_abs":0.0,"wins":0,"draws":0,"losses":0,"trades":0,"profit_factor":0.0},{"date":"03/11/2025","date_ts":1762128000000,"profit_abs":2.80558328,"wins":2,"draws":0,"losses":0,"trades":2,"profit_factor":0.0},{"date":"04/11/2025","date_ts":1762214400000,"profit_abs":0.0,"wins":0,"draws":0,"losses":0,"trades":0,"profit_factor":0.0},{"date":"05/11/2025","date_ts":1762300800000,"profit_abs":0.0,"wins":0,"draws":0,"losses":0,"trades":0,"profit_factor":0.0},{"date":"06/11/2025","date_ts":1762387200000,"profit_abs":1.8464085,"wins":1,"draws":0,"losses":0,"trades":1,"profit_factor":0.0},{"date":"07/11/2025","date_ts":1762473600000,"profit_abs":0.0,"wins":0,"draws":0,"losses":0,"trades":0,"profit_factor":0.0},{"date":"08/11/2025","date_ts":1762560000000,"profit_abs":0.0,"wins":0,"draws":0,"losses":0,"trades":0,"profit_factor":0.0},{"date":"09/11/2025","date_ts":1762646400000,"profit_abs":0.0,"wins":0,"draws":0,"losses":0,"trades":0,"profit_factor":0.0},{"date":"10/11/2025","date_ts":1762732800000,"profit_abs":0.0,"wins":0,"draws":0,"losses":0,"trades":0,"profit_factor":0.0},{"date":"11/11/2025","date_ts":1762819200000,"profit_abs":0.0,"wins":0,"draws":0,"losses":0,"trades":0,"profit_factor":0.0},{"date":"12/11/2025","date_ts":1762905600000,"profit_abs":6.66845776,"wins":2,"draws":0,"losses":0,"trades":2,"profit_factor":0.0},{"date":"13/11/2025","date_ts":1762992000000,"profit_abs":0.0,"wins":0,"draws":0,"losses":0,"trades":0,"profit_factor":0.0},{"date":"14/11/2025","date_ts":1763078400000,"profit_abs":5.95731073,"wins":1,"draws":0,"losses":0,"trades":1,"profit_factor":0.0},{"date":"15/11/2025","date_ts":1763164800000,"profit_abs":0.0,"wins":0,"draws":0,"losses":0,"trades":0,"profit_factor":0.0},{"date":"16/11/2025","date_ts":1763251200000,"profit_abs":0.0,"wins":0,"draws":0,"losses":0,"trades":0,"profit_factor":0.0},{"date":"17/11/2025","date_ts":1763337600000,"profit_abs":0.0,"wins":0,"draws":0,"losses":0,"trades":0,"profit_factor":0.0},{"date":"18/11/2025","date_ts":1763424000000,"profit_abs":0.0,"wins":0,"draws":0,"losses":0,"trades":0,"profit_factor":0.0},{"date":"19/11/2025","date_ts":1763510400000,"profit_abs":0.0,"wins":0,"draws":0,"losses":0,"trades":0,"profit_factor":0.0},{"date":"20/11/2025","date_ts":1763596800000,"profit_abs":0.0,"wins":0,"draws":0,"losses":0,"trades":0,"profit_factor":0.0},{"date":"21/11/2025","date_ts":1763683200000,"profit_abs":-15.54948921,"wins":1,"draws":0,"losses":1,"trades":2,"profit_factor":0.1145888},{"date":"22/11/2025","date_ts":1763769600000,"profit_abs":3.63041536,"wins":1,"draws":0,"losses":0,"trades":1,"profit_factor":0.0},{"date":"23/11/2025","date_ts":1763856000000,"profit_abs":0.0,"wins":0,"draws":0,"losses":0,"trades":0,"profit_factor":0.0},{"date":"24/11/2025","date_ts":1763942400000,"profit_abs":0.0,"wins":0,"draws":0,"losses":0,"trades":0,"profit_factor":0.0},{"date":"25/11/2025","date_ts":1764028800000,"profit_abs":0.0,"wins":0,"draws":0,"losses":0,"trades":0,"profit_factor":0.0},{"date":"26/11/2025","date_ts":1764115200000,"profit_abs":0.0,"wins":0,"draws":0,"losses":0,"trades":0,"profit_factor":0.0},{"date":"27/11/2025","date_ts":1764201600000,"profit_abs":0.0,"wins":0,"draws":0,"losses":0,"trades":0,"profit_factor":0.0},{"date":"28/11/2025","date_ts":1764288000000,"profit_abs":0.0,"wins":0,"draws":0,"losses":0,"trades":0,"profit_factor":0.0},{"date":"29/11/2025","date_ts":1764374400000,"profit_abs":0.0,"wins":0,"draws":0,"losses":0,"trades":0,"profit_factor":0.0},{"date":"30/11/2025","date_ts":1764460800000,"profit_abs":0.0,"wins":0,"draws":0,"losses":0,"trades":0,"profit_factor":0.0},{"date":"01/12/2025","date_ts":1764547200000,"profit_abs":0.0,"wins":0,"draws":2,"losses":0,"trades":2,"profit_factor":0.0},{"date":"02/12/2025","date_ts":1764633600000,"profit_abs":0.0,"wins":0,"draws":0,"losses":0,"trades":0,"profit_factor":0.0},{"date":"03/12/2025","date_ts":1764720000000,"profit_abs":0.0,"wins":0,"draws":0,"losses":0,"trades":0,"profit_factor":0.0},{"date":"04/12/2025","date_ts":1764806400000,"profit_abs":0.0,"wins":0,"draws":0,"losses":0,"trades":0,"profit_factor":0.0},{"date":"05/12/2025","date_ts":1764892800000,"profit_abs":0.0,"wins":0,"draws":1,"losses":0,"trades":1,"profit_factor":0.0},{"date":"06/12/2025","date_ts":1764979200000,"profit_abs":0.0,"wins":0,"draws":0,"losses":0,"trades":0,"profit_factor":0.0},{"date":"07/12/2025","date_ts":1765065600000,"profit_abs":-17.36187681,"wins":0,"draws":0,"losses":1,"trades":1,"profit_factor":0.0},{"date":"08/12/2025","date_ts":1765152000000,"profit_abs":0.0,"wins":0,"draws":0,"losses":0,"trades":0,"profit_factor":0.0},{"date":"09/12/2025","date_ts":1765238400000,"profit_abs":0.0,"wins":0,"draws":0,"losses":0,"trades":0,"profit_factor":0.0},{"date":"10/12/2025","date_ts":1765324800000,"profit_abs":0.0,"wins":0,"draws":0,"losses":0,"trades":0,"profit_factor":0.0},{"date":"11/12/2025","date_ts":1765411200000,"profit_abs":0.0,"wins":0,"draws":0,"losses":0,"trades":0,"profit_factor":0.0},{"date":"12/12/2025","date_ts":1765497600000,"profit_abs":0.0,"wins":0,"draws":0,"losses":0,"trades":0,"profit_factor":0.0},{"date":"13/12/2025","date_ts":1765584000000,"profit_abs":0.0,"wins":0,"draws":0,"losses":0,"trades":0,"profit_factor":0.0},{"date":"14/12/2025","date_ts":1765670400000,"profit_abs":0.0,"wins":0,"draws":0,"losses":0,"trades":0,"profit_factor":0.0},{"date":"15/12/2025","date_ts":1765756800000,"profit_abs":0.0,"wins":0,"draws":1,"losses":0,"trades":1,"profit_factor":0.0},{"date":"16/12/2025","date_ts":1765843200000,"profit_abs":0.0,"wins":0,"draws":0,"losses":0,"trades":0,"profit_factor":0.0},{"date":"17/12/2025","date_ts":1765929600000,"profit_abs":0.0,"wins":0,"draws":0,"losses":0,"trades":0,"profit_factor":0.0},{"date":"18/12/2025","date_ts":1766016000000,"profit_abs":0.0,"wins":0,"draws":0,"losses":0,"trades":0,"profit_factor":0.0},{"date":"19/12/2025","date_ts":1766102400000,"profit_abs":0.0,"wins":0,"draws":0,"losses":0,"trades":0,"profit_factor":0.0},{"date":"20/12/2025","date_ts":1766188800000,"profit_abs":0.0,"wins":0,"draws":0,"losses":0,"trades":0,"profit_factor":0.0},{"date":"21/12/2025","date_ts":1766275200000,"profit_abs":0.0,"wins":0,"draws":0,"losses":0,"trades":0,"profit_factor":0.0},{"date":"22/12/2025","date_ts":1766361600000,"profit_abs":0.0,"wins":0,"draws":0,"losses":0,"trades":0,"profit_factor":0.0},{"date":"23/12/2025","date_ts":1766448000000,"profit_abs":0.0,"wins":0,"draws":0,"losses":0,"trades":0,"profit_factor":0.0},{"date":"24/12/2025","date_ts":1766534400000,"profit_abs":0.0,"wins":0,"draws":0,"losses":0,"trades":0,"profit_factor":0.0},{"date":"25/12/2025","date_ts":1766620800000,"profit_abs":0.0,"wins":0,"draws":0,"losses":0,"trades":0,"profit_factor":0.0},{"date":"26/12/2025","date_ts":1766707200000,"profit_abs":0.0,"wins":0,"draws":0,"losses":0,"trades":0,"profit_factor":0.0},{"date":"27/12/2025","date_ts":1766793600000,"profit_abs":0.0,"wins":0,"draws":0,"losses":0,"trades":0,"profit_factor":0.0},{"date":"28/12/2025","date_ts":1766880000000,"profit_abs":0.0,"wins":0,"draws":0,"losses":0,"trades":0,"profit_factor":0.0},{"date":"29/12/2025","date_ts":1766966400000,"profit_abs":0.0,"wins":0,"draws":0,"losses":0,"trades":0,"profit_factor":0.0},{"date":"30/12/2025","date_ts":1767052800000,"profit_abs":0.0,"wins":0,"draws":0,"losses":0,"trades":0,"profit_factor":0.0},{"date":"31/12/2025","date_ts":1767139200000,"profit_abs":0.0,"wins":0,"draws":0,"losses":0,"trades":0,"profit_factor":0.0},{"date":"01/01/2026","date_ts":1767225600000,"profit_abs":0.0,"wins":0,"draws":0,"losses":0,"trades":0,"profit_factor":0.0},{"date":"02/01/2026","date_ts":1767312000000,"profit_abs":0.0,"wins":0,"draws":0,"losses":0,"trades":0,"profit_factor":0.0},{"date":"03/01/2026","date_ts":1767398400000,"profit_abs":0.0,"wins":0,"draws":0,"losses":0,"trades":0,"profit_factor":0.0},{"date":"04/01/2026","date_ts":1767484800000,"profit_abs":0.0,"wins":0,"draws":0,"losses":0,"trades":0,"profit_factor":0.0},{"date":"05/01/2026","date_ts":1767571200000,"profit_abs":3.47658881,"wins":1,"draws":0,"losses":0,"trades":1,"profit_factor":0.0}],"week":[{"date":"13/10/2025","date_ts":1760313600000,"profit_abs":6.68097914,"wins":3,"draws":0,"losses":0,"trades":3,"profit_factor":0.0},{"date":"20/10/2025","date_ts":1760918400000,"profit_abs":2.06276728,"wins":2,"draws":1,"losses":0,"trades":3,"profit_factor":0.0},{"date":"27/10/2025","date_ts":1761523200000,"profit_abs":0.0,"wins":0,"draws":0,"losses":0,"trades":0,"profit_factor":0.0},{"date":"03/11/2025","date_ts":1762128000000,"profit_abs":2.80558328,"wins":2,"draws":1,"losses":0,"trades":3,"profit_factor":0.0},{"date":"10/11/2025","date_ts":1762732800000,"profit_abs":1.8464085,"wins":1,"draws":0,"losses":0,"trades":1,"profit_factor":0.0},{"date":"17/11/2025","date_ts":1763337600000,"profit_abs":12.62576849,"wins":3,"draws":0,"losses":0,"trades":3,"profit_factor":0.0},{"date":"24/11/2025","date_ts":1763942400000,"profit_abs":-11.91907385,"wins":2,"draws":0,"losses":1,"trades":3,"profit_factor":0.32131009},{"date":"01/12/2025","date_ts":1764547200000,"profit_abs":0.0,"wins":0,"draws":2,"losses":0,"trades":2,"profit_factor":0.0},{"date":"08/12/2025","date_ts":1765152000000,"profit_abs":-17.36187681,"wins":0,"draws":1,"losses":1,"trades":2,"profit_factor":0.0},{"date":"15/12/2025","date_ts":1765756800000,"profit_abs":0.0,"wins":0,"draws":1,"losses":0,"trades":1,"profit_factor":0.0},{"date":"22/12/2025","date_ts":1766361600000,"profit_abs":0.0,"wins":0,"draws":0,"losses":0,"trades":0,"profit_factor":0.0},{"date":"29/12/2025","date_ts":1766966400000,"profit_abs":0.0,"wins":0,"draws":0,"losses":0,"trades":0,"profit_factor":0.0},{"date":"05/01/2026","date_ts":1767571200000,"profit_abs":3.47658881,"wins":1,"draws":0,"losses":0,"trades":1,"profit_factor":0.0}],"month":[{"date":"31/10/2025","date_ts":1761868800000,"profit_abs":8.74374642,"wins":5,"draws":2,"losses":0,"trades":7,"profit_factor":0.0},{"date":"30/11/2025","date_ts":1764460800000,"profit_abs":5.35868642,"wins":8,"draws":0,"losses":1,"trades":9,"profit_factor":1.30513163},{"date":"31/12/2025","date_ts":1767139200000,"profit_abs":-17.36187681,"wins":0,"draws":4,"losses":1,"trades":5,"profit_factor":0.0},{"date":"31/01/2026","date_ts":1769817600000,"profit_abs":3.47658881,"wins":1,"draws":0,"losses":0,"trades":1,"profit_factor":0.0}],"year":[{"date":"31/12/2025","date_ts":1767139200000,"profit_abs":-3.25944397,"wins":13,"draws":6,"losses":2,"trades":21,"profit_factor":0.90666973},{"date":"31/12/2026","date_ts":1798675200000,"profit_abs":3.47658881,"wins":1,"draws":0,"losses":0,"trades":1,"profit_factor":0.0}],"weekday":[{"date":"Monday","date_ts":0,"profit_abs":6.28217209,"wins":3,"draws":3,"losses":0,"trades":6,"profit_factor":0.0},{"date":"Tuesday","date_ts":1,"profit_abs":3.17414576,"wins":1,"draws":0,"losses":0,"trades":1,"profit_factor":0.0},{"date":"Wednesday","date_ts":2,"profit_abs":10.17529114,"wins":4,"draws":0,"losses":0,"trades":4,"profit_factor":0.0},{"date":"Thursday","date_ts":3,"profit_abs":3.90917578,"wins":3,"draws":1,"losses":0,"trades":4,"profit_factor":0.0},{"date":"Friday","date_ts":4,"profit_abs":-9.59217848,"wins":2,"draws":2,"losses":1,"trades":5,"profit_factor":0.453807},{"date":"Saturday","date_ts":5,"profit_abs":3.63041536,"wins":1,"draws":0,"losses":0,"trades":1,"profit_factor":0.0},{"date":"Sunday","date_ts":6,"profit_abs":-17.36187681,"wins":0,"draws":0,"losses":1,"trades":1,"profit_factor":0.0}]},"backtest_best_day":0.019927134535238027,"backtest_worst_day":-0.051849296435016706,"backtest_best_day_abs":6.66845776,"backtest_worst_day_abs":-17.36187681,"winning_days":9,"draw_days":80,"losing_days":2,"daily_profit":[["2025-10-07",3.17414576],["2025-10-08",3.50683338],["2025-10-09",0.0],["2025-10-10",0.0],["2025-10-11",0.0],["2025-10-12",0.0],["2025-10-13",0.0],["2025-10-14",0.0],["2025-10-15",0.0],["2025-10-16",2.06276728],["2025-10-17",0.0],["2025-10-18",0.0],["2025-10-19",0.0],["2025-10-20",0.0],["2025-10-21",0.0],["2025-10-22",0.0],["2025-10-23",0.0],["2025-10-24",0.0],["2025-10-25",0.0],["2025-10-26",0.0],["2025-10-27",0.0],["2025-10-28",0.0],["2025-10-29",0.0],["2025-10-30",0.0],["2025-10-31",0.0],["2025-11-01",0.0],["2025-11-02",0.0],["2025-11-03",2.80558328],["2025-11-04",0.0],["2025-11-05",0.0],["2025-11-06",1.8464085],["2025-11-07",0.0],["2025-11-08",0.0],["2025-11-09",0.0],["2025-11-10",0.0],["2025-11-11",0.0],["2025-11-12",6.66845776],["2025-11-13",0.0],["2025-11-14",5.95731073],["2025-11-15",0.0],["2025-11-16",0.0],["2025-11-17",0.0],["2025-11-18",0.0],["2025-11-19",0.0],["2025-11-20",0.0],["2025-11-21",-15.54948921],["2025-11-22",3.63041536],["2025-11-23",0.0],["2025-11-24",0.0],["2025-11-25",0.0],["2025-11-26",0.0],["2025-11-27",0.0],["2025-11-28",0.0],["2025-11-29",0.0],["2025-11-30",0.0],["2025-12-01",0.0],["2025-12-02",0.0],["2025-12-03",0.0],["2025-12-04",0.0],["2025-12-05",0.0],["2025-12-06",0.0],["2025-12-07",-17.36187681],["2025-12-08",0.0],["2025-12-09",0.0],["2025-12-10",0.0],["2025-12-11",0.0],["2025-12-12",0.0],["2025-12-13",0.0],["2025-12-14",0.0],["2025-12-15",0.0],["2025-12-16",0.0],["2025-12-17",0.0],["2025-12-18",0.0],["2025-12-19",0.0],["2025-12-20",0.0],["2025-12-21",0.0],["2025-12-22",0.0],["2025-12-23",0.0],["2025-12-24",0.0],["2025-12-25",0.0],["2025-12-26",0.0],["2025-12-27",0.0],["2025-12-28",0.0],["2025-12-29",0.0],["2025-12-30",0.0],["2025-12-31",0.0],["2026-01-01",0.0],["2026-01-02",0.0],["2026-01-03",0.0],["2026-01-04",0.0],["2026-01-05",3.47658881]],"wins":14,"losses":2,"draws":6,"winrate":0.6363636363636364,"holding_avg":"5:05:00","holding_avg_s":18300.0,"winner_holding_min":"0d 02:00","winner_holding_min_s":7200.0,"winner_holding_max":"0d 02:00","winner_holding_max_s":7200.0,"winner_holding_avg":"0d 02:00","winner_holding_avg_s":7200.0,"loser_holding_min":"0d 01:00","loser_holding_min_s":3600.0,"loser_holding_max":"2d 00:00","loser_holding_max_s":172800.0,"loser_holding_avg":"1d 00:30","loser_holding_avg_s":88200.0,"max_consecutive_wins":6,"max_consecutive_losses":5,"max_drawdown_account":0.02853834005337952,"max_relative_drawdown":0.02853834005337952,"max_drawdown_abs":29.280950659999995,"drawdown_start":"2025-11-14 16:00:00","drawdown_start_ts":1763136000000.0,"drawdown_end":"2025-12-07 14:00:00","drawdown_end_ts":1765116000000.0,"drawdown_duration":"22 days 22:00:00","drawdown_duration_s":1980000.0,"max_drawdown_low":-3.2594439699999977,"max_drawdown_high":26.02150669,"csum_min":996.74055603,"csum_max":1026.02150669}},"strategy_comparison":[{"key":"ACO_23_2","trades":22,"profit_mean":7.932906261544832e-05,"profit_mean_pct":0.01,"profit_total_abs":0.21714484000000223,"profit_total":0.00021714484000000223,"profit_total_pct":0.02,"duration_avg":"5:05:00","wins":14,"draws":6,"losses":2,"winrate":0.6363636363636364,"cagr":0.0008173365451171755,"expectancy":0.00987022000000004,"expectancy_ratio":-0.27216202891544894,"sortino":0.4276686178607004,"sharpe":0.007327845538593608,"calmar":0.14986337299915434,"sqn":0.0077,"profit_factor":1.0062176819300608,"max_drawdown_account":0.02853834005337952,"max_drawdown_abs":"29.281"}]}