{"strategy":{"ACO_44_4":{"trades":[{"pair":"DOGE/USDT","stake_amount":329.79515,"max_stake_amount":329.79515,"amount":1283.0,"open_date":"2025-10-03 15:00:00+00:00","close_date":"2025-10-03 17:00:00+00:00","open_rate":0.25705,"close_rate":0.25997,"fee_open":0.001,"fee_close":0.001,"trade_duration":120,"profit_ratio":0.009338959037461275,"profit_abs":3.08302334,"exit_reason":"roi","initial_stop_loss_abs":0.2442,"initial_stop_loss_ratio":-0.05,"stop_loss_abs":0.2442,"stop_loss_ratio":-0.05,"min_rate":0.25505,"max_rate":0.26534,"is_open":false,"enter_tag":"","leverage":1.0,"is_short":false,"open_timestamp":1759503600000,"close_timestamp":1759510800000,"orders":[{"amount":1283.0,"safe_price":0.25705,"ft_order_side":"buy","order_filled_timestamp":1759503600000,"ft_is_entry":true,"ft_order_tag":"","cost":330.1249451499999},{"amount":1283.0,"safe_price":0.25997,"ft_order_side":"sell","order_filled_timestamp":1759510800000,"ft_is_entry":false,"ft_order_tag":"roi","cost":333.87505150999993}],"funding_fees":0.0,"weekday":4},{"pair":"DOGE/USDT","stake_amount":330.91776,"max_stake_amount":330.91776,"amount":1314.0,"open_date":"2025-10-05 02:00:00+00:00","close_date":"2025-10-05 04:00:00+00:00","open_rate":0.25184,"close_rate":0.25833,"fee_open":0.001,"fee_close":0.001,"trade_duration":120,"profit_ratio":0.02372083919892052,"profit_abs":7.85749662,"exit_reason":"roi","initial_stop_loss_abs":0.23925,"initial_stop_loss_ratio":-0.05,"stop_loss_abs":0.23925,"stop_loss_ratio":-0.05,"min_rate":0.25133,"max_rate":0.26398,"is_open":false,"enter_tag":"","leverage":1.0,"is_short":false,"open_timestamp":1759629600000,"close_timestamp":1759636800000,"orders":[{"amount":1314.0,"safe_price":0.25184,"ft_order_side":"buy","order_filled_timestamp":1759629600000,"ft_is_entry":true,"ft_order_tag":"","cost":331.24867775999996},{"amount":1314.0,"safe_price":0.25833,"ft_order_side":"sell","order_filled_timestamp":1759636800000,"ft_is_entry":false,"ft_order_tag":"roi","cost":339.78506561999995}],"funding_fees":0.0,"weekday":6},{"pair":"DOGE/USDT","stake_amount":333.37083,"max_stake_amount":333.37083,"amount":1339.0,"open_date":"2025-10-10 01:00:00+00:00","close_date":"2025-10-10 03:00:00+00:00","open_rate":0.24897,"close_rate":0.24946843843843838,"fee_open":0.001,"fee_close":0.001,"trade_duration":120,"profit_ratio":0.0,"profit_abs":0.0,"exit_reason":"roi","initial_stop_loss_abs":0.23653,"initial_stop_loss_ratio":-0.05,"stop_loss_abs":0.23653,"stop_loss_ratio":-0.05,"min_rate":0.24717,"max_rate":0.25347,"is_open":false,"enter_tag":"","leverage":1.0,"is_short":false,"open_timestamp":1760058000000,"close_timestamp":1760065200000,"orders":[{"amount":1339.0,"safe_price":0.24897,"ft_order_side":"buy","order_filled_timestamp":1760058000000,"ft_is_entry":true,"ft_order_tag":"","cost":333.70420083},{"amount":1339.0,"safe_price":0.24946843843843838,"ft_order_side":"sell","order_filled_timestamp":1760065200000,"ft_is_entry":false,"ft_order_tag":"roi","cost":334.37227730813805}],"funding_fees":0.0,"weekday":4},{"pair":"DOGE/USDT","stake_amount":333.44856,"max_stake_amount":333.44856,"amount":1327.0,"open_date":"2025-10-10 04:00:00+00:00","close_date":"2025-10-10 05:00:00+00:00","open_rate":0.25128,"close_rate":0.25115,"fee_open":0.001,"fee_close":0.001,"trade_duration":60,"profit_ratio":-0.002514319491396855,"profit_abs":-0.83923461,"exit_reason":"exit_signal","initial_stop_loss_abs":0.23872,"initial_stop_loss_ratio":-0.05,"stop_loss_abs":0.23872,"stop_loss_ratio":-0.05,"min_rate":0.24856,"max_rate":0.25296,"is_open":false,"enter_tag":"","leverage":1.0,"is_short":false,"open_timestamp":1760068800000,"close_timestamp":1760072400000,"orders":[{"amount":1327.0,"safe_price":0.25128,"ft_order_side":"buy","order_filled_timestamp":1760068800000,"ft_is_entry":true,"ft_order_tag":"","cost":333.78200855999995},{"amount":1327.0,"safe_price":0.25115,"ft_order_side":"sell","order_filled_timestamp":1760072400000,"ft_is_entry":false,"ft_order_tag":"exit_signal","cost":333.60932604999994}],"funding_fees":0.0,"weekday":4},{"pair":"DOGE/USDT","stake_amount":333.11355,"max_stake_amount":333.11355,"amount":1337.0,"open_date":"2025-10-10 09:00:00+00:00","close_date":"2025-10-10 11:00:00+00:00","open_rate":0.24915,"close_rate":0.25064,"fee_open":0.001,"fee_close":0.001,"trade_duration":120,"profit_ratio":0.003970382417101261,"profit_abs":1.32391077,"exit_reason":"roi","initial_stop_loss_abs":0.2367,"initial_stop_loss_ratio":-0.05,"stop_loss_abs":0.2367,"stop_loss_ratio":-0.05,"min_rate":0.24794,"max_rate":0.25118,"is_open":false,"enter_tag":"","leverage":1.0,"is_short":false,"open_timestamp":1760086800000,"close_timestamp":1760094000000,"orders":[{"amount":1337.0,"safe_price":0.24915,"ft_order_side":"buy","order_filled_timestamp":1760086800000,"ft_is_entry":true,"ft_order_tag":"","cost":333.44666355},{"amount":1337.0,"safe_price":0.25064,"ft_order_side":"sell","order_filled_timestamp":1760094000000,"ft_is_entry":false,"ft_order_tag":"roi","cost":335.4407856799999}],"funding_fees":0.0,"weekday":4},{"pair":"DOGE/USDT","stake_amount":333.71988,"max_stake_amount":333.71988,"amount":1633.0,"open_date":"2025-10-15 00:00:00+00:00","close_date":"2025-10-15 02:00:00+00:00","open_rate":0.20436,"close_rate":0.20476912912912912,"fee_open":0.001,"fee_close":0.001,"trade_duration":120,"profit_ratio":0.0,"profit_abs":0.0,"exit_reason":"roi","initial_stop_loss_abs":0.19415,"initial_stop_loss_ratio":-0.05,"stop_loss_abs":0.19415,"stop_loss_ratio":-0.05,"min_rate":0.20242,"max_rate":0.20682,"is_open":false,"enter_tag":"","leverage":1.0,"is_short":false,"open_timestamp":1760486400000,"close_timestamp":1760493600000,"orders":[{"amount":1633.0,"safe_price":0.20436,"ft_order_side":"buy","order_filled_timestamp":1760486400000,"ft_is_entry":true,"ft_order_tag":"","cost":334.05359988000004},{"amount":1633.0,"safe_price":0.20476912912912912,"ft_order_side":"sell","order_filled_timestamp":1760493600000,"ft_is_entry":false,"ft_order_tag":"roi","cost":334.7223758557357}],"funding_fees":0.0,"weekday":2},{"pair":"DOGE/USDT","stake_amount":333.57207,"max_stake_amount":333.57207,"amount":1677.0,"open_date":"2025-10-16 07:00:00+00:00","close_date":"2025-10-16 10:00:00+00:00","open_rate":0.19891,"close_rate":0.1993082182182182,"fee_open":0.001,"fee_close":0.001,"trade_duration":180,"profit_ratio":0.0,"profit_abs":0.0,"exit_reason":"roi","initial_stop_loss_abs":0.18897,"initial_stop_loss_ratio":-0.05,"stop_loss_abs":0.18897,"stop_loss_ratio":-0.05,"min_rate":0.19015,"max_rate":0.20062,"is_open":false,"enter_tag":"","leverage":1.0,"is_short":false,"open_timestamp":1760598000000,"close_timestamp":1760608800000,"orders":[{"amount":1677.0,"safe_price":0.19891,"ft_order_side":"buy","order_filled_timestamp":1760598000000,"ft_is_entry":true,"ft_order_tag":"","cost":333.90564206999994},{"amount":1677.0,"safe_price":0.1993082182182182,"ft_order_side":"sell","order_filled_timestamp":1760608800000,"ft_is_entry":false,"ft_order_tag":"roi","cost":334.57412183390386}],"funding_fees":0.0,"weekday":3},{"pair":"DOGE/USDT","stake_amount":333.67035,"max_stake_amount":333.67035,"amount":1781.0,"open_date":"2025-10-17 22:00:00+00:00","close_date":"2025-10-17 23:00:00+00:00","open_rate":0.18735,"close_rate":0.18613,"fee_open":0.001,"fee_close":0.001,"trade_duration":60,"profit_ratio":-0.008496867424009137,"profit_abs":-2.83798788,"exit_reason":"exit_signal","initial_stop_loss_abs":0.17799,"initial_stop_loss_ratio":-0.05,"stop_loss_abs":0.17799,"stop_loss_ratio":-0.05,"min_rate":0.18455,"max_rate":0.18776,"is_open":false,"enter_tag":"","leverage":1.0,"is_short":false,"open_timestamp":1760738400000,"close_timestamp":1760742000000,"orders":[{"amount":1781.0,"safe_price":0.18735,"ft_order_side":"buy","order_filled_timestamp":1760738400000,"ft_is_entry":true,"ft_order_tag":"","cost":334.00402034999996},{"amount":1781.0,"safe_price":0.18613,"ft_order_side":"sell","order_filled_timestamp":1760742000000,"ft_is_entry":false,"ft_order_tag":"exit_signal","cost":331.82902752999996}],"funding_fees":0.0,"weekday":4},{"pair":"DOGE/USDT","stake_amount":332.75112,"max_stake_amount":332.75112,"amount":1794.0,"open_date":"2025-10-31 02:00:00+00:00","close_date":"2025-10-31 03:00:00+00:00","open_rate":0.18548,"close_rate":0.18413,"fee_open":0.001,"fee_close":0.001,"trade_duration":60,"profit_ratio":-0.009261872481626632,"profit_abs":-3.08498034,"exit_reason":"exit_signal","initial_stop_loss_abs":0.17621,"initial_stop_loss_ratio":-0.05,"stop_loss_abs":0.17621,"stop_loss_ratio":-0.05,"min_rate":0.18335,"max_rate":0.18554,"is_open":false,"enter_tag":"","leverage":1.0,"is_short":false,"open_timestamp":1761876000000,"close_timestamp":1761879600000,"orders":[{"amount":1794.0,"safe_price":0.18548,"ft_order_side":"buy","order_filled_timestamp":1761876000000,"ft_is_entry":true,"ft_order_tag":"","cost":333.08387111999997},{"amount":1794.0,"safe_price":0.18413,"ft_order_side":"sell","order_filled_timestamp":1761879600000,"ft_is_entry":false,"ft_order_tag":"exit_signal","cost":330.6595492199999}],"funding_fees":0.0,"weekday":4},{"pair":"DOGE/USDT","stake_amount":331.7742,"max_stake_amount":331.7742,"amount":1780.0,"open_date":"2025-11-03 00:00:00+00:00","close_date":"2025-11-03 03:00:00+00:00","open_rate":0.18639,"close_rate":0.17708,"fee_open":0.001,"fee_close":0.001,"trade_duration":180,"profit_ratio":-0.05184723533347387,"profit_abs":-17.2187766,"exit_reason":"stop_loss","initial_stop_loss_abs":0.17708,"initial_stop_loss_ratio":-0.05,"stop_loss_abs":0.17708,"stop_loss_ratio":-0.05,"min_rate":0.17456,"max_rate":0.18666,"is_open":false,"enter_tag":"","leverage":1.0,"is_short":false,"open_timestamp":1762128000000,"close_timestamp":1762138800000,"orders":[{"amount":1780.0,"safe_price":0.18639,"ft_order_side":"buy","order_filled_timestamp":1762128000000,"ft_is_entry":true,"ft_order_tag":"","cost":332.1059742},{"amount":1780.0,"safe_price":0.17708,"ft_order_side":"sell","order_filled_timestamp":1762138800000,"ft_is_entry":false,"ft_order_tag":"stop_loss","cost":315.51760239999993}],"funding_fees":0.0,"weekday":0},{"pair":"DOGE/USDT","stake_amount":326.10195,"max_stake_amount":326.10195,"amount":1971.0,"open_date":"2025-11-07 15:00:00+00:00","close_date":"2025-11-07 16:00:00+00:00","open_rate":0.16545,"close_rate":0.174062012012012,"fee_open":0.001,"fee_close":0.001,"trade_duration":60,"profit_ratio":0.049950049950049945,"profit_abs":16.3050975,"exit_reason":"roi","initial_stop_loss_abs":0.15718,"initial_stop_loss_ratio":-0.05,"stop_loss_abs":0.15718,"stop_loss_ratio":-0.05,"min_rate":0.16408,"max_rate":0.17555,"is_open":false,"enter_tag":"","leverage":1.0,"is_short":false,"open_timestamp":1762527600000,"close_timestamp":1762531200000,"orders":[{"amount":1971.0,"safe_price":0.16545,"ft_order_side":"buy","order_filled_timestamp":1762527600000,"ft_is_entry":true,"ft_order_tag":"","cost":326.42805195},{"amount":1971.0,"safe_price":0.174062012012012,"ft_order_side":"sell","order_filled_timestamp":1762531200000,"ft_is_entry":false,"ft_order_tag":"roi","cost":343.4193019013513}],"funding_fees":0.0,"weekday":4},{"pair":"DOGE/USDT","stake_amount":331.43702,"max_stake_amount":331.43702,"amount":2042.0,"open_date":"2025-11-17 15:00:00+00:00","close_date":"2025-11-17 18:00:00+00:00","open_rate":0.16231,"close_rate":0.1542,"fee_open":0.001,"fee_close":0.001,"trade_duration":180,"profit_ratio":-0.0518642838278104,"profit_abs":-17.20693342,"exit_reason":"stop_loss","initial_stop_loss_abs":0.1542,"initial_stop_loss_ratio":-0.05,"stop_loss_abs":0.1542,"stop_loss_ratio":-0.05,"min_rate":0.15372,"max_rate":0.16367,"is_open":false,"enter_tag":"","leverage":1.0,"is_short":false,"open_timestamp":1763391600000,"close_timestamp":1763402400000,"orders":[{"amount":2042.0,"safe_price":0.16231,"ft_order_side":"buy","order_filled_timestamp":1763391600000,"ft_is_entry":true,"ft_order_tag":"","cost":331.76845701999997},{"amount":2042.0,"safe_price":0.1542,"ft_order_side":"sell","order_filled_timestamp":1763402400000,"ft_is_entry":false,"ft_order_tag":"stop_loss","cost":315.19127639999994}],"funding_fees":0.0,"weekday":0},{"pair":"DOGE/USDT","stake_amount":325.79129,"max_stake_amount":325.79129,"amount":2299.0,"open_date":"2025-11-23 02:00:00+00:00","close_date":"2025-11-23 04:00:00+00:00","open_rate":0.14171,"close_rate":0.14289,"fee_open":0.001,"fee_close":0.001,"trade_duration":120,"profit_ratio":0.006312225633374459,"profit_abs":2.0585246,"exit_reason":"roi","initial_stop_loss_abs":0.13463,"initial_stop_loss_ratio":-0.05,"stop_loss_abs":0.13463,"stop_loss_ratio":-0.05,"min_rate":0.14124,"max_rate":0.1447,"is_open":false,"enter_tag":"","leverage":1.0,"is_short":false,"open_timestamp":1763863200000,"close_timestamp":1763870400000,"orders":[{"amount":2299.0,"safe_price":0.14171,"ft_order_side":"buy","order_filled_timestamp":1763863200000,"ft_is_entry":true,"ft_order_tag":"","cost":326.11708129},{"amount":2299.0,"safe_price":0.14289,"ft_order_side":"sell","order_filled_timestamp":1763870400000,"ft_is_entry":false,"ft_order_tag":"roi","cost":328.83261410999995}],"funding_fees":0.0,"weekday":6},{"pair":"DOGE/USDT","stake_amount":326.38086,"max_stake_amount":326.38086,"amount":2223.0,"open_date":"2025-11-24 16:00:00+00:00","close_date":"2025-11-24 18:00:00+00:00","open_rate":0.14682,"close_rate":0.15211,"fee_open":0.001,"fee_close":0.001,"trade_duration":120,"profit_ratio":0.03396052251793977,"profit_abs":11.09514861,"exit_reason":"roi","initial_stop_loss_abs":0.13948,"initial_stop_loss_ratio":-0.05,"stop_loss_abs":0.13948,"stop_loss_ratio":-0.05,"min_rate":0.14673,"max_rate":0.153,"is_open":false,"enter_tag":"","leverage":1.0,"is_short":false,"open_timestamp":1764000000000,"close_timestamp":1764007200000,"orders":[{"amount":2223.0,"safe_price":0.14682,"ft_order_side":"buy","order_filled_timestamp":1764000000000,"ft_is_entry":true,"ft_order_tag":"","cost":326.70724086},{"amount":2223.0,"safe_price":0.15211,"ft_order_side":"sell","order_filled_timestamp":1764007200000,"ft_is_entry":false,"ft_order_tag":"roi","cost":338.47867053}],"funding_fees":0.0,"weekday":0},{"pair":"DOGE/USDT","stake_amount":330.15714,"max_stake_amount":330.15714,"amount":2209.0,"open_date":"2025-11-25 13:00:00+00:00","close_date":"2025-11-25 16:00:00+00:00","open_rate":0.14946,"close_rate":0.14975921921921923,"fee_open":0.001,"fee_close":0.001,"trade_duration":180,"profit_ratio":0.0,"profit_abs":0.0,"exit_reason":"roi","initial_stop_loss_abs":0.14199,"initial_stop_loss_ratio":-0.05,"stop_loss_abs":0.14199,"stop_loss_ratio":-0.05,"min_rate":0.14585,"max_rate":0.15052,"is_open":false,"enter_tag":"","leverage":1.0,"is_short":false,"open_timestamp":1764075600000,"close_timestamp":1764086400000,"orders":[{"amount":2209.0,"safe_price":0.14946,"ft_order_side":"buy","order_filled_timestamp":1764075600000,"ft_is_entry":true,"ft_order_tag":"","cost":330.48729714},{"amount":2209.0,"safe_price":0.14975921921921923,"ft_order_side":"sell","order_filled_timestamp":1764086400000,"ft_is_entry":false,"ft_order_tag":"roi","cost":331.1489333705105}],"funding_fees":0.0,"weekday":1},{"pair":"DOGE/USDT","stake_amount":330.02696,"max_stake_amount":330.02696,"amount":2204.0,"open_date":"2025-11-25 17:00:00+00:00","close_date":"2025-11-25 19:00:00+00:00","open_rate":0.14974,"close_rate":0.15106,"fee_open":0.001,"fee_close":0.001,"trade_duration":120,"profit_ratio":0.006799664873659798,"profit_abs":2.2463168,"exit_reason":"roi","initial_stop_loss_abs":0.14226,"initial_stop_loss_ratio":-0.05,"stop_loss_abs":0.14226,"stop_loss_ratio":-0.05,"min_rate":0.14842,"max_rate":0.15222,"is_open":false,"enter_tag":"","leverage":1.0,"is_short":false,"open_timestamp":1764090000000,"close_timestamp":1764097200000,"orders":[{"amount":2204.0,"safe_price":0.14974,"ft_order_side":"buy","order_filled_timestamp":1764090000000,"ft_is_entry":true,"ft_order_tag":"","cost":330.35698696},{"amount":2204.0,"safe_price":0.15106,"ft_order_side":"sell","order_filled_timestamp":1764097200000,"ft_is_entry":false,"ft_order_tag":"roi","cost":333.26917624}],"funding_fees":0.0,"weekday":1},{"pair":"DOGE/USDT","stake_amount":330.83757,"max_stake_amount":330.83757,"amount":2169.0,"open_date":"2025-11-28 14:00:00+00:00","close_date":"2025-11-28 16:00:00+00:00","open_rate":0.15253,"close_rate":0.15376,"fee_open":0.001,"fee_close":0.001,"trade_duration":120,"profit_ratio":0.0060498735513486715,"profit_abs":2.00352699,"exit_reason":"roi","initial_stop_loss_abs":0.14491,"initial_stop_loss_ratio":-0.05,"stop_loss_abs":0.14491,"stop_loss_ratio":-0.05,"min_rate":0.15034,"max_rate":0.15554,"is_open":false,"enter_tag":"","leverage":1.0,"is_short":false,"open_timestamp":1764338400000,"close_timestamp":1764345600000,"orders":[{"amount":2169.0,"safe_price":0.15253,"ft_order_side":"buy","order_filled_timestamp":1764338400000,"ft_is_entry":true,"ft_order_tag":"","cost":331.16840756999994},{"amount":2169.0,"safe_price":0.15376,"ft_order_side":"sell","order_filled_timestamp":1764345600000,"ft_is_entry":false,"ft_order_tag":"roi","cost":333.83894544}],"funding_fees":0.0,"weekday":4},{"pair":"DOGE/USDT","stake_amount":331.55668,"max_stake_amount":331.55668,"amount":2212.0,"open_date":"2025-12-03 17:00:00+00:00","close_date":"2025-12-03 19:00:00+00:00","open_rate":0.14989,"close_rate":0.15054,"fee_open":0.001,"fee_close":0.001,"trade_duration":120,"profit_ratio":0.002329847082665817,"profit_abs":0.77324884,"exit_reason":"roi","initial_stop_loss_abs":0.1424,"initial_stop_loss_ratio":-0.05,"stop_loss_abs":0.1424,"stop_loss_ratio":-0.05,"min_rate":0.14988,"max_rate":0.15195,"is_open":false,"enter_tag":"","leverage":1.0,"is_short":false,"open_timestamp":1764781200000,"close_timestamp":1764788400000,"orders":[{"amount":2212.0,"safe_price":0.14989,"ft_order_side":"buy","order_filled_timestamp":1764781200000,"ft_is_entry":true,"ft_order_tag":"","cost":331.8882366799999},{"amount":2212.0,"safe_price":0.15054,"ft_order_side":"sell","order_filled_timestamp":1764788400000,"ft_is_entry":false,"ft_order_tag":"roi","cost":333.32747448}],"funding_fees":0.0,"weekday":2},{"pair":"DOGE/USDT","stake_amount":331.74,"max_stake_amount":331.74,"amount":2375.0,"open_date":"2025-12-06 12:00:00+00:00","close_date":"2025-12-06 14:00:00+00:00","open_rate":0.13968,"close_rate":0.13995963963963962,"fee_open":0.001,"fee_close":0.001,"trade_duration":120,"profit_ratio":0.0,"profit_abs":0.0,"exit_reason":"roi","initial_stop_loss_abs":0.1327,"initial_stop_loss_ratio":-0.05,"stop_loss_abs":0.1327,"stop_loss_ratio":-0.05,"min_rate":0.13926,"max_rate":0.14076,"is_open":false,"enter_tag":"","leverage":1.0,"is_short":false,"open_timestamp":1765022400000,"close_timestamp":1765029600000,"orders":[{"amount":2375.0,"safe_price":0.13968,"ft_order_side":"buy","order_filled_timestamp":1765022400000,"ft_is_entry":true,"ft_order_tag":"","cost":332.07174},{"amount":2375.0,"safe_price":0.13995963963963962,"ft_order_side":"sell","order_filled_timestamp":1765029600000,"ft_is_entry":false,"ft_order_tag":"roi","cost":332.7365482882882}],"funding_fees":0.0,"weekday":5},{"pair":"DOGE/USDT","stake_amount":331.69851,"max_stake_amount":331.69851,"amount":2343.0,"open_date":"2025-12-09 13:00:00+00:00","close_date":"2025-12-09 15:00:00+00:00","open_rate":0.14157,"close_rate":0.1418534234234234,"fee_open":0.001,"fee_close":0.001,"trade_duration":120,"profit_ratio":0.0,"profit_abs":0.0,"exit_reason":"roi","initial_stop_loss_abs":0.1345,"initial_stop_loss_ratio":-0.05,"stop_loss_abs":0.1345,"stop_loss_ratio":-0.05,"min_rate":0.14049,"max_rate":0.14682,"is_open":false,"enter_tag":"","leverage":1.0,"is_short":false,"open_timestamp":1765285200000,"close_timestamp":1765292400000,"orders":[{"amount":2343.0,"safe_price":0.14157,"ft_order_side":"buy","order_filled_timestamp":1765285200000,"ft_is_entry":true,"ft_order_tag":"","cost":332.03020850999997},{"amount":2343.0,"safe_price":0.1418534234234234,"ft_order_side":"sell","order_filled_timestamp":1765292400000,"ft_is_entry":false,"ft_order_tag":"roi","cost":332.6949336521621}],"funding_fees":0.0,"weekday":1},{"pair":"DOGE/USDT","stake_amount":331.8084,"max_stake_amount":331.8084,"amount":2268.0,"open_date":"2025-12-09 16:00:00+00:00","close_date":"2025-12-09 18:00:00+00:00","open_rate":0.1463,"close_rate":0.15095,"fee_open":0.001,"fee_close":0.001,"trade_duration":120,"profit_ratio":0.029722498963783997,"profit_abs":9.872037,"exit_reason":"roi","initial_stop_loss_abs":0.13899,"initial_stop_loss_ratio":-0.05,"stop_loss_abs":0.13899,"stop_loss_ratio":-0.05,"min_rate":0.1463,"max_rate":0.15319,"is_open":false,"enter_tag":"","leverage":1.0,"is_short":false,"open_timestamp":1765296000000,"close_timestamp":1765303200000,"orders":[{"amount":2268.0,"safe_price":0.1463,"ft_order_side":"buy","order_filled_timestamp":1765296000000,"ft_is_entry":true,"ft_order_tag":"","cost":332.14020839999995},{"amount":2268.0,"safe_price":0.15095,"ft_order_side":"sell","order_filled_timestamp":1765303200000,"ft_is_entry":false,"ft_order_tag":"roi","cost":342.69695459999997}],"funding_fees":0.0,"weekday":1},{"pair":"DOGE/USDT","stake_amount":335.05316,"max_stake_amount":335.05316,"amount":2293.0,"open_date":"2025-12-10 18:00:00+00:00","close_date":"2025-12-10 20:00:00+00:00","open_rate":0.14612,"close_rate":0.14753,"fee_open":0.001,"fee_close":0.001,"trade_duration":120,"profit_ratio":0.0076323211417654345,"profit_abs":2.55979055,"exit_reason":"roi","initial_stop_loss_abs":0.13882,"initial_stop_loss_ratio":-0.05,"stop_loss_abs":0.13882,"stop_loss_ratio":-0.05,"min_rate":0.14541,"max_rate":0.15031,"is_open":false,"enter_tag":"","leverage":1.0,"is_short":false,"open_timestamp":1765389600000,"close_timestamp":1765396800000,"orders":[{"amount":2293.0,"safe_price":0.14612,"ft_order_side":"buy","order_filled_timestamp":1765389600000,"ft_is_entry":true,"ft_order_tag":"","cost":335.38821315999996},{"amount":2293.0,"safe_price":0.14753,"ft_order_side":"sell","order_filled_timestamp":1765396800000,"ft_is_entry":false,"ft_order_tag":"roi","cost":338.62457629}],"funding_fees":0.0,"weekday":2},{"pair":"DOGE/USDT","stake_amount":335.85756,"max_stake_amount":335.85756,"amount":2663.0,"open_date":"2025-12-19 05:00:00+00:00","close_date":"2025-12-19 07:00:00+00:00","open_rate":0.12612,"close_rate":0.12649,"fee_open":0.001,"fee_close":0.001,"trade_duration":120,"profit_ratio":0.0009298503589654874,"profit_abs":0.31260957,"exit_reason":"roi","initial_stop_loss_abs":0.11982,"initial_stop_loss_ratio":-0.05,"stop_loss_abs":0.11982,"stop_loss_ratio":-0.05,"min_rate":0.12539,"max_rate":0.12885,"is_open":false,"enter_tag":"","leverage":1.0,"is_short":false,"open_timestamp":1766120400000,"close_timestamp":1766127600000,"orders":[{"amount":2663.0,"safe_price":0.12612,"ft_order_side":"buy","order_filled_timestamp":1766120400000,"ft_is_entry":true,"ft_order_tag":"","cost":336.19341756},{"amount":2663.0,"safe_price":0.12649,"ft_order_side":"sell","order_filled_timestamp":1766127600000,"ft_is_entry":false,"ft_order_tag":"roi","cost":337.17971286999995}],"funding_fees":0.0,"weekday":4},{"pair":"DOGE/USDT","stake_amount":335.95695,"max_stake_amount":335.95695,"amount":2555.0,"open_date":"2025-12-21 06:00:00+00:00","close_date":"2025-12-21 08:00:00+00:00","open_rate":0.13149,"close_rate":0.13175324324324322,"fee_open":0.001,"fee_close":0.001,"trade_duration":120,"profit_ratio":0.0,"profit_abs":0.0,"exit_reason":"roi","initial_stop_loss_abs":0.12492,"initial_stop_loss_ratio":-0.05,"stop_loss_abs":0.12492,"stop_loss_ratio":-0.05,"min_rate":0.13122,"max_rate":0.13307,"is_open":false,"enter_tag":"","leverage":1.0,"is_short":false,"open_timestamp":1766296800000,"close_timestamp":1766304000000,"orders":[{"amount":2555.0,"safe_price":0.13149,"ft_order_side":"buy","order_filled_timestamp":1766296800000,"ft_is_entry":true,"ft_order_tag":"","cost":336.29290695},{"amount":2555.0,"safe_price":0.13175324324324322,"ft_order_side":"sell","order_filled_timestamp":1766304000000,"ft_is_entry":false,"ft_order_tag":"roi","cost":336.96616602297286}],"funding_fees":0.0,"weekday":6},{"pair":"DOGE/USDT","stake_amount":335.9448,"max_stake_amount":335.9448,"amount":2718.0,"open_date":"2025-12-27 22:00:00+00:00","close_date":"2025-12-27 23:00:00+00:00","open_rate":0.1236,"close_rate":0.12327,"fee_open":0.001,"fee_close":0.001,"trade_duration":60,"profit_ratio":-0.004662570439269469,"profit_abs":-1.56793266,"exit_reason":"exit_signal","initial_stop_loss_abs":0.11742,"initial_stop_loss_ratio":-0.05,"stop_loss_abs":0.11742,"stop_loss_ratio":-0.05,"min_rate":0.12316,"max_rate":0.12492,"is_open":false,"enter_tag":"","leverage":1.0,"is_short":false,"open_timestamp":1766872800000,"close_timestamp":1766876400000,"orders":[{"amount":2718.0,"safe_price":0.1236,"ft_order_side":"buy","order_filled_timestamp":1766872800000,"ft_is_entry":true,"ft_order_tag":"","cost":336.2807447999999},{"amount":2718.0,"safe_price":0.12327,"ft_order_side":"sell","order_filled_timestamp":1766876400000,"ft_is_entry":false,"ft_order_tag":"exit_signal","cost":335.38290786}],"funding_fees":0.0,"weekday":5},{"pair":"DOGE/USDT","stake_amount":335.4963,"max_stake_amount":335.4963,"amount":2698.0,"open_date":"2025-12-28 00:00:00+00:00","close_date":"2025-12-28 14:00:00+00:00","open_rate":0.12435,"close_rate":0.12459894894894893,"fee_open":0.001,"fee_close":0.001,"trade_duration":840,"profit_ratio":0.0,"profit_abs":0.0,"exit_reason":"roi","initial_stop_loss_abs":0.11814,"initial_stop_loss_ratio":-0.05,"stop_loss_abs":0.11814,"stop_loss_ratio":-0.05,"min_rate":0.12349,"max_rate":0.1248,"is_open":false,"enter_tag":"","leverage":1.0,"is_short":false,"open_timestamp":1766880000000,"close_timestamp":1766930400000,"orders":[{"amount":2698.0,"safe_price":0.12435,"ft_order_side":"buy","order_filled_timestamp":1766880000000,"ft_is_entry":true,"ft_order_tag":"","cost":335.8317963},{"amount":2698.0,"safe_price":0.12459894894894893,"ft_order_side":"sell","order_filled_timestamp":1766930400000,"ft_is_entry":false,"ft_order_tag":"roi","cost":336.5041322285285}],"funding_fees":0.0,"weekday":6},{"pair":"DOGE/USDT","stake_amount":335.43576,"max_stake_amount":335.43576,"amount":2706.0,"open_date":"2025-12-28 23:00:00+00:00","close_date":"2025-12-29 01:00:00+00:00","open_rate":0.12396,"close_rate":0.12514,"fee_open":0.001,"fee_close":0.001,"trade_duration":120,"profit_ratio":0.007502178363746611,"profit_abs":2.5190154,"exit_reason":"roi","initial_stop_loss_abs":0.11777,"initial_stop_loss_ratio":-0.05,"stop_loss_abs":0.11777,"stop_loss_ratio":-0.05,"min_rate":0.12324,"max_rate":0.12604,"is_open":false,"enter_tag":"","leverage":1.0,"is_short":false,"open_timestamp":1766962800000,"close_timestamp":1766970000000,"orders":[{"amount":2706.0,"safe_price":0.12396,"ft_order_side":"buy","order_filled_timestamp":1766962800000,"ft_is_entry":true,"ft_order_tag":"","cost":335.77119575999996},{"amount":2706.0,"safe_price":0.12514,"ft_order_side":"sell","order_filled_timestamp":1766970000000,"ft_is_entry":false,"ft_order_tag":"roi","cost":338.96746884}],"funding_fees":0.0,"weekday":0}],"locks":[],"best_pair":{"key":"DOGE/USDT","trades":27,"profit_mean":0.0022063727441924696,"profit_mean_pct":0.22,"profit_total_abs":19.25390108,"profit_total":0.01925390108,"profit_total_pct":1.93,"duration_avg":"2:24:00","wins":13,"draws":8,"losses":6,"winrate":0.48148148148148145,"cagr":0.07439917334387358,"expectancy":0.7131074474074075,"expectancy_ratio":-0.19622472401400493,"sortino":0.5287565681995416,"sharpe":0.5722108892611287,"calmar":15.952474394236315,"sqn":0.5487,"profit_factor":1.4503220752703108,"max_drawdown_account":0.023771981192712347,"max_drawdown_abs":24.043580740000003},"worst_pair":{"key":"DOGE/USDT","trades":27,"profit_mean":0.0022063727441924696,"profit_mean_pct":0.22,"profit_total_abs":19.25390108,"profit_total":0.01925390108,"profit_total_pct":1.93,"duration_avg":"2:24:00","wins":13,"draws":8,"losses":6,"winrate":0.48148148148148145,"cagr":0.07439917334387358,"expectancy":0.7131074474074075,"expectancy_ratio":-0.19622472401400493,"sortino":0.5287565681995416,"sharpe":0.5722108892611287,"calmar":15.952474394236315,"sqn":0.5487,"profit_factor":1.4503220752703108,"max_drawdown_account":0.023771981192712347,"max_drawdown_abs":24.043580740000003},"results_per_pair":[{"key":"DOGE/USDT","trades":27,"profit_mean":0.0022063727441924696,"profit_mean_pct":0.22,"profit_total_abs":19.25390108,"profit_total":0.01925390108,"profit_total_pct":1.93,"duration_avg":"2:24:00","wins":13,"draws":8,"losses":6,"winrate":0.48148148148148145,"cagr":0.07439917334387358,"expectancy":0.7131074474074075,"expectancy_ratio":-0.19622472401400493,"sortino":0.5287565681995416,"sharpe":0.5722108892611287,"calmar":15.952474394236315,"sqn":0.5487,"profit_factor":1.4503220752703108,"max_drawdown_account":0.023771981192712347,"max_drawdown_abs":24.043580740000003},{"key":"TOTAL","trades":27,"profit_mean":0.0022063727441924696,"profit_mean_pct":0.22,"profit_total_abs":19.25390108,"profit_total":0.01925390108,"profit_total_pct":1.93,"duration_avg":"2:24:00","wins":13,"draws":8,"losses":6,"winrate":0.48148148148148145,"cagr":0.07439917334387358,"expectancy":0.7131074474074075,"expectancy_ratio":-0.19622472401400493,"sortino":0.5287565681995416,"sharpe":0.5722108892611287,"calmar":15.952474394236315,"sqn":0.5487,"profit_factor":1.4503220752703108,"max_drawdown_account":0.023771981192712347,"max_drawdown_abs":24.043580740000003}],"results_per_enter_tag":[{"key":"","trades":27,"profit_mean":0.0022063727441924696,"profit_mean_pct":0.22,"profit_total_abs":19.25390108,"profit_total":0.01925390108,"profit_total_pct":1.93,"duration_avg":"2:24:00","wins":13,"draws":8,"losses":6,"winrate":0.48148148148148145,"cagr":0.07439917334387358,"expectancy":0.7131074474074075,"expectancy_ratio":-0.19622472401400493,"sortino":0.5287565681995416,"sharpe":0.5722108892611287,"calmar":15.952474394236315,"sqn":0.5487,"profit_factor":1.4503220752703108,"max_drawdown_account":0.023771981192712347,"max_drawdown_abs":24.043580740000003},{"key":"TOTAL","trades":27,"profit_mean":0.0022063727441924696,"profit_mean_pct":0.22,"profit_total_abs":19.25390108,"profit_total":0.01925390108,"profit_total_pct":1.93,"duration_avg":"2:24:00","wins":13,"draws":8,"losses":6,"winrate":0.48148148148148145,"cagr":0.07439917334387358,"expectancy":0.7131074474074075,"expectancy_ratio":-0.19622472401400493,"sortino":0.5287565681995416,"sharpe":0.5722108892611287,"calmar":15.952474394236315,"sqn":0.5487,"profit_factor":1.4503220752703108,"max_drawdown_account":0.023771981192712347,"max_drawdown_abs":24.043580740000003}],"exit_reason_summary":[{"key":"roi","trades":21,"profit_mean":0.008962819670989669,"profit_mean_pct":0.9,"profit_total_abs":62.009746590000006,"profit_total":0.062009746590000005,"profit_total_pct":6.2,"duration_avg":"2:37:00","wins":13,"draws":8,"losses":0,"winrate":0.6190476190476191,"cagr":0.25406079767048984,"expectancy":2.952845075714286,"expectancy_ratio":100.0,"sortino":-100,"sharpe":2.7873031927278404,"calmar":-100,"sqn":3.0137,"profit_factor":0.0,"max_drawdown_account":0.0,"max_drawdown_abs":0.0},{"key":"exit_signal","trades":4,"profit_mean":-0.006233907459075524,"profit_mean_pct":-0.62,"profit_total_abs":-8.33013549,"profit_total":-0.00833013549,"profit_total_pct":-0.83,"duration_avg":"1:00:00","wins":0,"draws":0,"losses":4,"winrate":0.0,"cagr":-0.030986407955909012,"expectancy":-2.0825338725,"expectancy_ratio":-1.0,"sortino":-1.783197131994575,"sharpe":-1.783197131994575,"calmar":-19.695848633549335,"sqn":-3.9204,"profit_factor":0.0,"max_drawdown_account":0.008330135489999975,"max_drawdown_abs":8.33013549},{"key":"stop_loss","trades":2,"profit_mean":-0.05185575958064213,"profit_mean_pct":-5.19,"profit_total_abs":-34.42571002,"profit_total":-0.03442571002,"profit_total_pct":-3.44,"duration_avg":"3:00:00","wins":0,"draws":0,"losses":2,"winrate":0.0,"cagr":-0.12350329112926595,"expectancy":-17.21285501,"expectancy_ratio":-1.0,"sortino":-1145.036339321143,"sharpe":-1145.036339321143,"calmar":-19.69584863354928,"sqn":-2906.7961,"profit_factor":0.0,"max_drawdown_account":0.03442571002,"max_drawdown_abs":34.42571002},{"key":"TOTAL","trades":27,"profit_mean":0.0022063727441924696,"profit_mean_pct":0.22,"profit_total_abs":19.25390108,"profit_total":0.01925390108,"profit_total_pct":1.93,"duration_avg":"2:24:00","wins":13,"draws":8,"losses":6,"winrate":0.48148148148148145,"cagr":0.07439917334387358,"expectancy":0.7131074474074075,"expectancy_ratio":-0.19622472401400493,"sortino":0.5287565681995416,"sharpe":0.5722108892611287,"calmar":15.952474394236315,"sqn":0.5487,"profit_factor":1.4503220752703108,"max_drawdown_account":0.023771981192712347,"max_drawdown_abs":24.043580740000003}],"mix_tag_stats":[{"key":["","roi"],"trades":21,"profit_mean":0.008962819670989669,"profit_mean_pct":0.9,"profit_total_abs":62.009746590000006,"profit_total":0.062009746590000005,"profit_total_pct":6.2,"duration_avg":"2:37:00","wins":13,"draws":8,"losses":0,"winrate":0.6190476190476191,"cagr":0.25406079767048984,"expectancy":2.952845075714286,"expectancy_ratio":100.0,"sortino":-100,"sharpe":2.7873031927278404,"calmar":-100,"sqn":3.0137,"profit_factor":0.0,"max_drawdown_account":0.0,"max_drawdown_abs":0.0},{"key":["","exit_signal"],"trades":4,"profit_mean":-0.006233907459075524,"profit_mean_pct":-0.62,"profit_total_abs":-8.33013549,"profit_total":-0.00833013549,"profit_total_pct":-0.83,"duration_avg":"1:00:00","wins":0,"draws":0,"losses":4,"winrate":0.0,"cagr":-0.030986407955909012,"expectancy":-2.0825338725,"expectancy_ratio":-1.0,"sortino":-1.783197131994575,"sharpe":-1.783197131994575,"calmar":-19.695848633549335,"sqn":-3.9204,"profit_factor":0.0,"max_drawdown_account":0.008330135489999975,"max_drawdown_abs":8.33013549},{"key":["","stop_loss"],"trades":2,"profit_mean":-0.05185575958064213,"profit_mean_pct":-5.19,"profit_total_abs":-34.42571002,"profit_total":-0.03442571002,"profit_total_pct":-3.44,"duration_avg":"3:00:00","wins":0,"draws":0,"losses":2,"winrate":0.0,"cagr":-0.12350329112926595,"expectancy":-17.21285501,"expectancy_ratio":-1.0,"sortino":-1145.036339321143,"sharpe":-1145.036339321143,"calmar":-19.69584863354928,"sqn":-2906.7961,"profit_factor":0.0,"max_drawdown_account":0.03442571002,"max_drawdown_abs":34.42571002},{"key":"TOTAL","trades":27,"profit_mean":0.0022063727441924696,"profit_mean_pct":0.22,"profit_total_abs":19.25390108,"profit_total":0.01925390108,"profit_total_pct":1.93,"duration_avg":"2:24:00","wins":13,"draws":8,"losses":6,"winrate":0.48148148148148145,"cagr":0.07439917334387358,"expectancy":0.7131074474074075,"expectancy_ratio":-0.19622472401400493,"sortino":0.5287565681995416,"sharpe":0.5722108892611287,"calmar":15.952474394236315,"sqn":0.5487,"profit_factor":1.4503220752703108,"max_drawdown_account":0.023771981192712347,"max_drawdown_abs":24.043580740000003}],"left_open_trades":[{"key":"TOTAL","trades":0,"profit_mean":0.0,"profit_mean_pct":0.0,"profit_total_abs":0.0,"profit_total":0.0,"profit_total_pct":0.0,"duration_avg":"0:00","wins":0,"draws":0,"losses":0,"winrate":0.0,"cagr":0.0,"expectancy":0.0,"expectancy_ratio":100.0,"sortino":0,"sharpe":0,"calmar":0,"sqn":0.0,"profit_factor":0.0,"max_drawdown_account":0.0,"max_drawdown_abs":0.0}],"total_trades":27,"trade_count_long":27,"trade_count_short":0,"total_volume":17990.02677051159,"avg_stake_amount":332.1264585185185,"profit_mean":0.0022063727441924696,"profit_median":0.0,"profit_total":0.01925390108,"profit_total_long":0.01925390108,"profit_total_short":0.0,"profit_total_abs":19.25390108,"profit_total_long_abs":19.25390108,"profit_total_short_abs":0.0,"cagr":0.07439917334387358,"expectancy":0.7131074474074075,"expectancy_ratio":-0.19622472401400493,"sortino":0.5287565681995416,"sharpe":0.5722108892611287,"calmar":15.952474394236315,"sqn":0.5487,"profit_factor":1.4503220752703108,"backtest_start":"2025-10-01 00:00:00","backtest_start_ts":1759276800000,"backtest_end":"2026-01-06 20:00:00","backtest_end_ts":1767729600000,"backtest_days":97,"backtest_run_start_ts":1767739388,"backtest_run_end_ts":1767739389,"trades_per_day":0.28,"market_change":-0.36632086436227446,"pairlist":["DOGE/USDT"],"stake_amount":"unlimited","stake_currency":"USDT","stake_currency_decimals":3,"starting_balance":1000,"dry_run_wallet":1000,"final_balance":1019.25390108,"rejected_signals":0,"timedout_entry_orders":0,"timedout_exit_orders":0,"canceled_trade_entries":0,"canceled_entry_orders":0,"replaced_entry_orders":0,"max_open_trades":1,"max_open_trades_setting":3,"timeframe":"1h","timeframe_detail":"","timerange":"20251001-","enable_protections":false,"strategy_name":"ACO_44_4","freqaimodel":null,"freqai_identifier":null,"stoploss":-0.05,"trailing_stop":false,"trailing_stop_positive":null,"trailing_stop_positive_offset":0.0,"trailing_only_offset_is_reached":false,"use_custom_stoploss":false,"minimal_roi":{"0":0.1,"60":0.05,"120":0.0},"use_exit_signal":true,"exit_profit_only":false,"exit_profit_offset":0.0,"ignore_roi_if_entry_signal":false,"trading_mode":"spot","margin_mode":"","periodic_breakdown":{"day":[{"date":"03/10/2025","date_ts":1759449600000,"profit_abs":3.08302334,"wins":1,"draws":0,"losses":0,"trades":1,"profit_factor":0.0},{"date":"04/10/2025","date_ts":1759536000000,"profit_abs":0.0,"wins":0,"draws":0,"losses":0,"trades":0,"profit_factor":0.0},{"date":"05/10/2025","date_ts":1759622400000,"profit_abs":7.85749662,"wins":1,"draws":0,"losses":0,"trades":1,"profit_factor":0.0},{"date":"06/10/2025","date_ts":1759708800000,"profit_abs":0.0,"wins":0,"draws":0,"losses":0,"trades":0,"profit_factor":0.0},{"date":"07/10/2025","date_ts":1759795200000,"profit_abs":0.0,"wins":0,"draws":0,"losses":0,"trades":0,"profit_factor":0.0},{"date":"08/10/2025","date_ts":1759881600000,"profit_abs":0.0,"wins":0,"draws":0,"losses":0,"trades":0,"profit_factor":0.0},{"date":"09/10/2025","date_ts":1759968000000,"profit_abs":0.0,"wins":0,"draws":0,"losses":0,"trades":0,"profit_factor":0.0},{"date":"10/10/2025","date_ts":1760054400000,"profit_abs":0.48467616,"wins":1,"draws":1,"losses":1,"trades":3,"profit_factor":1.57752165},{"date":"11/10/2025","date_ts":1760140800000,"profit_abs":0.0,"wins":0,"draws":0,"losses":0,"trades":0,"profit_factor":0.0},{"date":"12/10/2025","date_ts":1760227200000,"profit_abs":0.0,"wins":0,"draws":0,"losses":0,"trades":0,"profit_factor":0.0},{"date":"13/10/2025","date_ts":1760313600000,"profit_abs":0.0,"wins":0,"draws":0,"losses":0,"trades":0,"profit_factor":0.0},{"date":"14/10/2025","date_ts":1760400000000,"profit_abs":0.0,"wins":0,"draws":0,"losses":0,"trades":0,"profit_factor":0.0},{"date":"15/10/2025","date_ts":1760486400000,"profit_abs":0.0,"wins":0,"draws":1,"losses":0,"trades":1,"profit_factor":0.0},{"date":"16/10/2025","date_ts":1760572800000,"profit_abs":0.0,"wins":0,"draws":1,"losses":0,"trades":1,"profit_factor":0.0},{"date":"17/10/2025","date_ts":1760659200000,"profit_abs":-2.83798788,"wins":0,"draws":0,"losses":1,"trades":1,"profit_factor":0.0},{"date":"18/10/2025","date_ts":1760745600000,"profit_abs":0.0,"wins":0,"draws":0,"losses":0,"trades":0,"profit_factor":0.0},{"date":"19/10/2025","date_ts":1760832000000,"profit_abs":0.0,"wins":0,"draws":0,"losses":0,"trades":0,"profit_factor":0.0},{"date":"20/10/2025","date_ts":1760918400000,"profit_abs":0.0,"wins":0,"draws":0,"losses":0,"trades":0,"profit_factor":0.0},{"date":"21/10/2025","date_ts":1761004800000,"profit_abs":0.0,"wins":0,"draws":0,"losses":0,"trades":0,"profit_factor":0.0},{"date":"22/10/2025","date_ts":1761091200000,"profit_abs":0.0,"wins":0,"draws":0,"losses":0,"trades":0,"profit_factor":0.0},{"date":"23/10/2025","date_ts":1761177600000,"profit_abs":0.0,"wins":0,"draws":0,"losses":0,"trades":0,"profit_factor":0.0},{"date":"24/10/2025","date_ts":1761264000000,"profit_abs":0.0,"wins":0,"draws":0,"losses":0,"trades":0,"profit_factor":0.0},{"date":"25/10/2025","date_ts":1761350400000,"profit_abs":0.0,"wins":0,"draws":0,"losses":0,"trades":0,"profit_factor":0.0},{"date":"26/10/2025","date_ts":1761436800000,"profit_abs":0.0,"wins":0,"draws":0,"losses":0,"trades":0,"profit_factor":0.0},{"date":"27/10/2025","date_ts":1761523200000,"profit_abs":0.0,"wins":0,"draws":0,"losses":0,"trades":0,"profit_factor":0.0},{"date":"28/10/2025","date_ts":1761609600000,"profit_abs":0.0,"wins":0,"draws":0,"losses":0,"trades":0,"profit_factor":0.0},{"date":"29/10/2025","date_ts":1761696000000,"profit_abs":0.0,"wins":0,"draws":0,"losses":0,"trades":0,"profit_factor":0.0},{"date":"30/10/2025","date_ts":1761782400000,"profit_abs":0.0,"wins":0,"draws":0,"losses":0,"trades":0,"profit_factor":0.0},{"date":"31/10/2025","date_ts":1761868800000,"profit_abs":-3.08498034,"wins":0,"draws":0,"losses":1,"trades":1,"profit_factor":0.0},{"date":"01/11/2025","date_ts":1761955200000,"profit_abs":0.0,"wins":0,"draws":0,"losses":0,"trades":0,"profit_factor":0.0},{"date":"02/11/2025","date_ts":1762041600000,"profit_abs":0.0,"wins":0,"draws":0,"losses":0,"trades":0,"profit_factor":0.0},{"date":"03/11/2025","date_ts":1762128000000,"profit_abs":-17.2187766,"wins":0,"draws":0,"losses":1,"trades":1,"profit_factor":0.0},{"date":"04/11/2025","date_ts":1762214400000,"profit_abs":0.0,"wins":0,"draws":0,"losses":0,"trades":0,"profit_factor":0.0},{"date":"05/11/2025","date_ts":1762300800000,"profit_abs":0.0,"wins":0,"draws":0,"losses":0,"trades":0,"profit_factor":0.0},{"date":"06/11/2025","date_ts":1762387200000,"profit_abs":0.0,"wins":0,"draws":0,"losses":0,"trades":0,"profit_factor":0.0},{"date":"07/11/2025","date_ts":1762473600000,"profit_abs":16.3050975,"wins":1,"draws":0,"losses":0,"trades":1,"profit_factor":0.0},{"date":"08/11/2025","date_ts":1762560000000,"profit_abs":0.0,"wins":0,"draws":0,"losses":0,"trades":0,"profit_factor":0.0},{"date":"09/11/2025","date_ts":1762646400000,"profit_abs":0.0,"wins":0,"draws":0,"losses":0,"trades":0,"profit_factor":0.0},{"date":"10/11/2025","date_ts":1762732800000,"profit_abs":0.0,"wins":0,"draws":0,"losses":0,"trades":0,"profit_factor":0.0},{"date":"11/11/2025","date_ts":1762819200000,"profit_abs":0.0,"wins":0,"draws":0,"losses":0,"trades":0,"profit_factor":0.0},{"date":"12/11/2025","date_ts":1762905600000,"profit_abs":0.0,"wins":0,"draws":0,"losses":0,"trades":0,"profit_factor":0.0},{"date":"13/11/2025","date_ts":1762992000000,"profit_abs":0.0,"wins":0,"draws":0,"losses":0,"trades":0,"profit_factor":0.0},{"date":"14/11/2025","date_ts":1763078400000,"profit_abs":0.0,"wins":0,"draws":0,"losses":0,"trades":0,"profit_factor":0.0},{"date":"15/11/2025","date_ts":1763164800000,"profit_abs":0.0,"wins":0,"draws":0,"losses":0,"trades":0,"profit_factor":0.0},{"date":"16/11/2025","date_ts":1763251200000,"profit_abs":0.0,"wins":0,"draws":0,"losses":0,"trades":0,"profit_factor":0.0},{"date":"17/11/2025","date_ts":1763337600000,"profit_abs":-17.20693342,"wins":0,"draws":0,"losses":1,"trades":1,"profit_factor":0.0},{"date":"18/11/2025","date_ts":1763424000000,"profit_abs":0.0,"wins":0,"draws":0,"losses":0,"trades":0,"profit_factor":0.0},{"date":"19/11/2025","date_ts":1763510400000,"profit_abs":0.0,"wins":0,"draws":0,"losses":0,"trades":0,"profit_factor":0.0},{"date":"20/11/2025","date_ts":1763596800000,"profit_abs":0.0,"wins":0,"draws":0,"losses":0,"trades":0,"profit_factor":0.0},{"date":"21/11/2025","date_ts":1763683200000,"profit_abs":0.0,"wins":0,"draws":0,"losses":0,"trades":0,"profit_factor":0.0},{"date":"22/11/2025","date_ts":1763769600000,"profit_abs":0.0,"wins":0,"draws":0,"losses":0,"trades":0,"profit_factor":0.0},{"date":"23/11/2025","date_ts":1763856000000,"profit_abs":2.0585246,"wins":1,"draws":0,"losses":0,"trades":1,"profit_factor":0.0},{"date":"24/11/2025","date_ts":1763942400000,"profit_abs":11.09514861,"wins":1,"draws":0,"losses":0,"trades":1,"profit_factor":0.0},{"date":"25/11/2025","date_ts":1764028800000,"profit_abs":2.2463168,"wins":1,"draws":1,"losses":0,"trades":2,"profit_factor":0.0},{"date":"26/11/2025","date_ts":1764115200000,"profit_abs":0.0,"wins":0,"draws":0,"losses":0,"trades":0,"profit_factor":0.0},{"date":"27/11/2025","date_ts":1764201600000,"profit_abs":0.0,"wins":0,"draws":0,"losses":0,"trades":0,"profit_factor":0.0},{"date":"28/11/2025","date_ts":1764288000000,"profit_abs":2.00352699,"wins":1,"draws":0,"losses":0,"trades":1,"profit_factor":0.0},{"date":"29/11/2025","date_ts":1764374400000,"profit_abs":0.0,"wins":0,"draws":0,"losses":0,"trades":0,"profit_factor":0.0},{"date":"30/11/2025","date_ts":1764460800000,"profit_abs":0.0,"wins":0,"draws":0,"losses":0,"trades":0,"profit_factor":0.0},{"date":"01/12/2025","date_ts":1764547200000,"profit_abs":0.0,"wins":0,"draws":0,"losses":0,"trades":0,"profit_factor":0.0},{"date":"02/12/2025","date_ts":1764633600000,"profit_abs":0.0,"wins":0,"draws":0,"losses":0,"trades":0,"profit_factor":0.0},{"date":"03/12/2025","date_ts":1764720000000,"profit_abs":0.77324884,"wins":1,"draws":0,"losses":0,"trades":1,"profit_factor":0.0},{"date":"04/12/2025","date_ts":1764806400000,"profit_abs":0.0,"wins":0,"draws":0,"losses":0,"trades":0,"profit_factor":0.0},{"date":"05/12/2025","date_ts":1764892800000,"profit_abs":0.0,"wins":0,"draws":0,"losses":0,"trades":0,"profit_factor":0.0},{"date":"06/12/2025","date_ts":1764979200000,"profit_abs":0.0,"wins":0,"draws":1,"losses":0,"trades":1,"profit_factor":0.0},{"date":"07/12/2025","date_ts":1765065600000,"profit_abs":0.0,"wins":0,"draws":0,"losses":0,"trades":0,"profit_factor":0.0},{"date":"08/12/2025","date_ts":1765152000000,"profit_abs":0.0,"wins":0,"draws":0,"losses":0,"trades":0,"profit_factor":0.0},{"date":"09/12/2025","date_ts":1765238400000,"profit_abs":9.872037,"wins":1,"draws":1,"losses":0,"trades":2,"profit_factor":0.0},{"date":"10/12/2025","date_ts":1765324800000,"profit_abs":2.55979055,"wins":1,"draws":0,"losses":0,"trades":1,"profit_factor":0.0},{"date":"11/12/2025","date_ts":1765411200000,"profit_abs":0.0,"wins":0,"draws":0,"losses":0,"trades":0,"profit_factor":0.0},{"date":"12/12/2025","date_ts":1765497600000,"profit_abs":0.0,"wins":0,"draws":0,"losses":0,"trades":0,"profit_factor":0.0},{"date":"13/12/2025","date_ts":1765584000000,"profit_abs":0.0,"wins":0,"draws":0,"losses":0,"trades":0,"profit_factor":0.0},{"date":"14/12/2025","date_ts":1765670400000,"profit_abs":0.0,"wins":0,"draws":0,"losses":0,"trades":0,"profit_factor":0.0},{"date":"15/12/2025","date_ts":1765756800000,"profit_abs":0.0,"wins":0,"draws":0,"losses":0,"trades":0,"profit_factor":0.0},{"date":"16/12/2025","date_ts":1765843200000,"profit_abs":0.0,"wins":0,"draws":0,"losses":0,"trades":0,"profit_factor":0.0},{"date":"17/12/2025","date_ts":1765929600000,"profit_abs":0.0,"wins":0,"draws":0,"losses":0,"trades":0,"profit_factor":0.0},{"date":"18/12/2025","date_ts":1766016000000,"profit_abs":0.0,"wins":0,"draws":0,"losses":0,"trades":0,"profit_factor":0.0},{"date":"19/12/2025","date_ts":1766102400000,"profit_abs":0.31260957,"wins":1,"draws":0,"losses":0,"trades":1,"profit_factor":0.0},{"date":"20/12/2025","date_ts":1766188800000,"profit_abs":0.0,"wins":0,"draws":0,"losses":0,"trades":0,"profit_factor":0.0},{"date":"21/12/2025","date_ts":1766275200000,"profit_abs":0.0,"wins":0,"draws":1,"losses":0,"trades":1,"profit_factor":0.0},{"date":"22/12/2025","date_ts":1766361600000,"profit_abs":0.0,"wins":0,"draws":0,"losses":0,"trades":0,"profit_factor":0.0},{"date":"23/12/2025","date_ts":1766448000000,"profit_abs":0.0,"wins":0,"draws":0,"losses":0,"trades":0,"profit_factor":0.0},{"date":"24/12/2025","date_ts":1766534400000,"profit_abs":0.0,"wins":0,"draws":0,"losses":0,"trades":0,"profit_factor":0.0},{"date":"25/12/2025","date_ts":1766620800000,"profit_abs":0.0,"wins":0,"draws":0,"losses":0,"trades":0,"profit_factor":0.0},{"date":"26/12/2025","date_ts":1766707200000,"profit_abs":0.0,"wins":0,"draws":0,"losses":0,"trades":0,"profit_factor":0.0},{"date":"27/12/2025","date_ts":1766793600000,"profit_abs":-1.56793266,"wins":0,"draws":0,"losses":1,"trades":1,"profit_factor":0.0},{"date":"28/12/2025","date_ts":1766880000000,"profit_abs":0.0,"wins":0,"draws":1,"losses":0,"trades":1,"profit_factor":0.0},{"date":"29/12/2025","date_ts":1766966400000,"profit_abs":2.5190154,"wins":1,"draws":0,"losses":0,"trades":1,"profit_factor":0.0}],"week":[{"date":"06/10/2025","date_ts":1759708800000,"profit_abs":10.94051996,"wins":2,"draws":0,"losses":0,"trades":2,"profit_factor":0.0},{"date":"13/10/2025","date_ts":1760313600000,"profit_abs":0.48467616,"wins":1,"draws":1,"losses":1,"trades":3,"profit_factor":1.57752165},{"date":"20/10/2025","date_ts":1760918400000,"profit_abs":-2.83798788,"wins":0,"draws":2,"losses":1,"trades":3,"profit_factor":0.0},{"date":"27/10/2025","date_ts":1761523200000,"profit_abs":0.0,"wins":0,"draws":0,"losses":0,"trades":0,"profit_factor":0.0},{"date":"03/11/2025","date_ts":1762128000000,"profit_abs":-20.30375694,"wins":0,"draws":0,"losses":2,"trades":2,"profit_factor":0.0},{"date":"10/11/2025","date_ts":1762732800000,"profit_abs":16.3050975,"wins":1,"draws":0,"losses":0,"trades":1,"profit_factor":0.0},{"date":"17/11/2025","date_ts":1763337600000,"profit_abs":-17.20693342,"wins":0,"draws":0,"losses":1,"trades":1,"profit_factor":0.0},{"date":"24/11/2025","date_ts":1763942400000,"profit_abs":13.15367321,"wins":2,"draws":0,"losses":0,"trades":2,"profit_factor":0.0},{"date":"01/12/2025","date_ts":1764547200000,"profit_abs":4.24984379,"wins":2,"draws":1,"losses":0,"trades":3,"profit_factor":0.0},{"date":"08/12/2025","date_ts":1765152000000,"profit_abs":0.77324884,"wins":1,"draws":1,"losses":0,"trades":2,"profit_factor":0.0},{"date":"15/12/2025","date_ts":1765756800000,"profit_abs":12.43182755,"wins":2,"draws":1,"losses":0,"trades":3,"profit_factor":0.0},{"date":"22/12/2025","date_ts":1766361600000,"profit_abs":0.31260957,"wins":1,"draws":1,"losses":0,"trades":2,"profit_factor":0.0},{"date":"29/12/2025","date_ts":1766966400000,"profit_abs":0.95108274,"wins":1,"draws":1,"losses":1,"trades":3,"profit_factor":1.60658392}],"month":[{"date":"31/10/2025","date_ts":1761868800000,"profit_abs":5.5022279,"wins":3,"draws":3,"losses":3,"trades":9,"profit_factor":1.81367389},{"date":"30/11/2025","date_ts":1764460800000,"profit_abs":-0.71709552,"wins":5,"draws":1,"losses":2,"trades":8,"profit_factor":0.97916977},{"date":"31/12/2025","date_ts":1767139200000,"profit_abs":14.4687687,"wins":5,"draws":4,"losses":1,"trades":10,"profit_factor":10.22792737}],"year":[{"date":"31/12/2025","date_ts":1767139200000,"profit_abs":19.25390108,"wins":13,"draws":8,"losses":6,"trades":27,"profit_factor":1.45032208}],"weekday":[{"date":"Monday","date_ts":0,"profit_abs":-20.81154601,"wins":2,"draws":0,"losses":2,"trades":4,"profit_factor":0.39546502},{"date":"Tuesday","date_ts":1,"profit_abs":12.1183538,"wins":2,"draws":2,"losses":0,"trades":4,"profit_factor":0.0},{"date":"Wednesday","date_ts":2,"profit_abs":3.33303939,"wins":2,"draws":1,"losses":0,"trades":3,"profit_factor":0.0},{"date":"Thursday","date_ts":3,"profit_abs":0.0,"wins":0,"draws":1,"losses":0,"trades":1,"profit_factor":0.0},{"date":"Friday","date_ts":4,"profit_abs":16.26596534,"wins":5,"draws":1,"losses":3,"trades":9,"profit_factor":3.40542405},{"date":"Saturday","date_ts":5,"profit_abs":-1.56793266,"wins":0,"draws":1,"losses":1,"trades":2,"profit_factor":0.0},{"date":"Sunday","date_ts":6,"profit_abs":9.91602122,"wins":2,"draws":2,"losses":0,"trades":4,"profit_factor":0.0}]},"backtest_best_day":0.049950049950049945,"backtest_worst_day":-0.0518642838278104,"backtest_best_day_abs":16.3050975,"backtest_worst_day_abs":-17.2187766,"winning_days":13,"draw_days":70,"losing_days":5,"daily_profit":[["2025-10-03",3.08302334],["2025-10-04",0.0],["2025-10-05",7.85749662],["2025-10-06",0.0],["2025-10-07",0.0],["2025-10-08",0.0],["2025-10-09",0.0],["2025-10-10",0.48467616],["2025-10-11",0.0],["2025-10-12",0.0],["2025-10-13",0.0],["2025-10-14",0.0],["2025-10-15",0.0],["2025-10-16",0.0],["2025-10-17",-2.83798788],["2025-10-18",0.0],["2025-10-19",0.0],["2025-10-20",0.0],["2025-10-21",0.0],["2025-10-22",0.0],["2025-10-23",0.0],["2025-10-24",0.0],["2025-10-25",0.0],["2025-10-26",0.0],["2025-10-27",0.0],["2025-10-28",0.0],["2025-10-29",0.0],["2025-10-30",0.0],["2025-10-31",-3.08498034],["2025-11-01",0.0],["2025-11-02",0.0],["2025-11-03",-17.2187766],["2025-11-04",0.0],["2025-11-05",0.0],["2025-11-06",0.0],["2025-11-07",16.3050975],["2025-11-08",0.0],["2025-11-09",0.0],["2025-11-10",0.0],["2025-11-11",0.0],["2025-11-12",0.0],["2025-11-13",0.0],["2025-11-14",0.0],["2025-11-15",0.0],["2025-11-16",0.0],["2025-11-17",-17.20693342],["2025-11-18",0.0],["2025-11-19",0.0],["2025-11-20",0.0],["2025-11-21",0.0],["2025-11-22",0.0],["2025-11-23",2.0585246],["2025-11-24",11.09514861],["2025-11-25",2.2463168],["2025-11-26",0.0],["2025-11-27",0.0],["2025-11-28",2.00352699],["2025-11-29",0.0],["2025-11-30",0.0],["2025-12-01",0.0],["2025-12-02",0.0],["2025-12-03",0.77324884],["2025-12-04",0.0],["2025-12-05",0.0],["2025-12-06",0.0],["2025-12-07",0.0],["2025-12-08",0.0],["2025-12-09",9.872037],["2025-12-10",2.55979055],["2025-12-11",0.0],["2025-12-12",0.0],["2025-12-13",0.0],["2025-12-14",0.0],["2025-12-15",0.0],["2025-12-16",0.0],["2025-12-17",0.0],["2025-12-18",0.0],["2025-12-19",0.31260957],["2025-12-20",0.0],["2025-12-21",0.0],["2025-12-22",0.0],["2025-12-23",0.0],["2025-12-24",0.0],["2025-12-25",0.0],["2025-12-26",0.0],["2025-12-27",-1.56793266],["2025-12-28",0.0],["2025-12-29",2.5190154]],"wins":13,"losses":6,"draws":8,"winrate":0.48148148148148145,"holding_avg":"2:24:00","holding_avg_s":8640.0,"winner_holding_min":"0d 01:00","winner_holding_min_s":3600.0,"winner_holding_max":"0d 02:00","winner_holding_max_s":7200.0,"winner_holding_avg":"0d 01:55","winner_holding_avg_s":6900.0,"loser_holding_min":"0d 01:00","loser_holding_min_s":3600.0,"loser_holding_max":"0d 03:00","loser_holding_max_s":10800.0,"loser_holding_avg":"0d 01:40","loser_holding_avg_s":6000.0,"max_consecutive_wins":3,"max_consecutive_losses":5,"max_drawdown_account":0.023771981192712347,"max_relative_drawdown":0.023771981192712347,"max_drawdown_abs":24.043580740000003,"drawdown_start":"2025-10-10 11:00:00","drawdown_start_ts":1760094000000.0,"drawdown_end":"2025-11-17 18:00:00","drawdown_end_ts":1763402400000.0,"drawdown_duration":"38 days 07:00:00","drawdown_duration_s":3308400.0,"max_drawdown_low":-12.618384620000002,"max_drawdown_high":11.425196119999999,"csum_min":987.38161538,"csum_max":1019.25390108}},"strategy_comparison":[{"key":"ACO_44_4","trades":27,"profit_mean":0.0022063727441924696,"profit_mean_pct":0.22,"profit_total_abs":19.25390108,"profit_total":0.01925390108,"profit_total_pct":1.93,"duration_avg":"2:24:00","wins":13,"draws":8,"losses":6,"winrate":0.48148148148148145,"cagr":0.07439917334387358,"expectancy":0.7131074474074075,"expectancy_ratio":-0.19622472401400493,"sortino":0.5287565681995416,"sharpe":0.5722108892611287,"calmar":15.952474394236315,"sqn":0.5487,"profit_factor":1.4503220752703108,"max_drawdown_account":0.023771981192712347,"max_drawdown_abs":"24.044"}]}