{"strategy":{"ACO_16_22":{"trades":[{"pair":"DOGE/USDT","stake_amount":329.81907,"max_stake_amount":329.81907,"amount":1281.0,"open_date":"2025-10-06 09:00:00+00:00","close_date":"2025-10-06 11:00:00+00:00","open_rate":0.25747,"close_rate":0.25909,"fee_open":0.001,"fee_close":0.001,"trade_duration":120,"profit_ratio":0.004281421766954062,"profit_abs":1.41350664,"exit_reason":"exit_signal","initial_stop_loss_abs":0.2446,"initial_stop_loss_ratio":-0.05,"stop_loss_abs":0.2446,"stop_loss_ratio":-0.05,"min_rate":0.25731,"max_rate":0.26191,"is_open":false,"enter_tag":"","leverage":1.0,"is_short":false,"open_timestamp":1759741200000,"close_timestamp":1759748400000,"orders":[{"amount":1281.0,"safe_price":0.25747,"ft_order_side":"buy","order_filled_timestamp":1759741200000,"ft_is_entry":true,"ft_order_tag":"","cost":330.14888906999994},{"amount":1281.0,"safe_price":0.25909,"ft_order_side":"sell","order_filled_timestamp":1759748400000,"ft_is_entry":false,"ft_order_tag":"exit_signal","cost":332.22618428999994}],"funding_fees":0.0,"weekday":0},{"pair":"DOGE/USDT","stake_amount":330.3049,"max_stake_amount":330.3049,"amount":1655.0,"open_date":"2025-10-26 10:00:00+00:00","close_date":"2025-10-26 12:00:00+00:00","open_rate":0.19958,"close_rate":0.20183,"fee_open":0.001,"fee_close":0.001,"trade_duration":120,"profit_ratio":0.009253147894294302,"profit_abs":3.05941645,"exit_reason":"roi","initial_stop_loss_abs":0.18961,"initial_stop_loss_ratio":-0.05,"stop_loss_abs":0.18961,"stop_loss_ratio":-0.05,"min_rate":0.19833,"max_rate":0.20286,"is_open":false,"enter_tag":"","leverage":1.0,"is_short":false,"open_timestamp":1761472800000,"close_timestamp":1761480000000,"orders":[{"amount":1655.0,"safe_price":0.19958,"ft_order_side":"buy","order_filled_timestamp":1761472800000,"ft_is_entry":true,"ft_order_tag":"","cost":330.6352049},{"amount":1655.0,"safe_price":0.20183,"ft_order_side":"sell","order_filled_timestamp":1761480000000,"ft_is_entry":false,"ft_order_tag":"roi","cost":334.36267864999996}],"funding_fees":0.0,"weekday":6},{"pair":"DOGE/USDT","stake_amount":331.3076,"max_stake_amount":331.3076,"amount":1690.0,"open_date":"2025-10-29 18:00:00+00:00","close_date":"2025-10-29 20:00:00+00:00","open_rate":0.19604,"close_rate":0.19643247247247245,"fee_open":0.001,"fee_close":0.001,"trade_duration":120,"profit_ratio":0.0,"profit_abs":0.0,"exit_reason":"roi","initial_stop_loss_abs":0.18624,"initial_stop_loss_ratio":-0.05,"stop_loss_abs":0.18624,"stop_loss_ratio":-0.05,"min_rate":0.1871,"max_rate":0.197,"is_open":false,"enter_tag":"","leverage":1.0,"is_short":false,"open_timestamp":1761760800000,"close_timestamp":1761768000000,"orders":[{"amount":1690.0,"safe_price":0.19604,"ft_order_side":"buy","order_filled_timestamp":1761760800000,"ft_is_entry":true,"ft_order_tag":"","cost":331.6389075999999},{"amount":1690.0,"safe_price":0.19643247247247245,"ft_order_side":"sell","order_filled_timestamp":1761768000000,"ft_is_entry":false,"ft_order_tag":"roi","cost":332.30284935695687}],"funding_fees":0.0,"weekday":2},{"pair":"DOGE/USDT","stake_amount":331.29124,"max_stake_amount":331.29124,"amount":1762.0,"open_date":"2025-11-02 05:00:00+00:00","close_date":"2025-11-02 07:00:00+00:00","open_rate":0.18802,"close_rate":0.18839641641641638,"fee_open":0.001,"fee_close":0.001,"trade_duration":120,"profit_ratio":0.0,"profit_abs":0.0,"exit_reason":"roi","initial_stop_loss_abs":0.17862,"initial_stop_loss_ratio":-0.05,"stop_loss_abs":0.17862,"stop_loss_ratio":-0.05,"min_rate":0.18701,"max_rate":0.18884,"is_open":false,"enter_tag":"","leverage":1.0,"is_short":false,"open_timestamp":1762059600000,"close_timestamp":1762066800000,"orders":[{"amount":1762.0,"safe_price":0.18802,"ft_order_side":"buy","order_filled_timestamp":1762059600000,"ft_is_entry":true,"ft_order_tag":"","cost":331.62253123999994},{"amount":1762.0,"safe_price":0.18839641641641638,"ft_order_side":"sell","order_filled_timestamp":1762066800000,"ft_is_entry":false,"ft_order_tag":"roi","cost":332.28644021145135}],"funding_fees":0.0,"weekday":6},{"pair":"DOGE/USDT","stake_amount":331.4608,"max_stake_amount":331.4608,"amount":2035.0,"open_date":"2025-11-14 16:00:00+00:00","close_date":"2025-11-14 18:00:00+00:00","open_rate":0.16288,"close_rate":0.16320608608608606,"fee_open":0.001,"fee_close":0.001,"trade_duration":120,"profit_ratio":0.0,"profit_abs":0.0,"exit_reason":"roi","initial_stop_loss_abs":0.15474,"initial_stop_loss_ratio":-0.05,"stop_loss_abs":0.15474,"stop_loss_ratio":-0.05,"min_rate":0.1609,"max_rate":0.16477,"is_open":false,"enter_tag":"","leverage":1.0,"is_short":false,"open_timestamp":1763136000000,"close_timestamp":1763143200000,"orders":[{"amount":2035.0,"safe_price":0.16288,"ft_order_side":"buy","order_filled_timestamp":1763136000000,"ft_is_entry":true,"ft_order_tag":"","cost":331.79226079999995},{"amount":2035.0,"safe_price":0.16320608608608606,"ft_order_side":"sell","order_filled_timestamp":1763143200000,"ft_is_entry":false,"ft_order_tag":"roi","cost":332.45650957037026}],"funding_fees":0.0,"weekday":4},{"pair":"DOGE/USDT","stake_amount":331.3871,"max_stake_amount":331.3871,"amount":2095.0,"open_date":"2025-11-20 03:00:00+00:00","close_date":"2025-11-20 05:00:00+00:00","open_rate":0.15818,"close_rate":0.15844,"fee_open":0.001,"fee_close":0.001,"trade_duration":120,"profit_ratio":-0.00035758905401085195,"profit_abs":-0.1186189,"exit_reason":"exit_signal","initial_stop_loss_abs":0.15028,"initial_stop_loss_ratio":-0.05,"stop_loss_abs":0.15028,"stop_loss_ratio":-0.05,"min_rate":0.15682,"max_rate":0.15882,"is_open":false,"enter_tag":"","leverage":1.0,"is_short":false,"open_timestamp":1763607600000,"close_timestamp":1763614800000,"orders":[{"amount":2095.0,"safe_price":0.15818,"ft_order_side":"buy","order_filled_timestamp":1763607600000,"ft_is_entry":true,"ft_order_tag":"","cost":331.71848709999995},{"amount":2095.0,"safe_price":0.15844,"ft_order_side":"sell","order_filled_timestamp":1763614800000,"ft_is_entry":false,"ft_order_tag":"exit_signal","cost":332.26373179999996}],"funding_fees":0.0,"weekday":3},{"pair":"DOGE/USDT","stake_amount":331.3343,"max_stake_amount":331.3343,"amount":2167.0,"open_date":"2025-11-25 21:00:00+00:00","close_date":"2025-11-25 22:00:00+00:00","open_rate":0.1529,"close_rate":0.15269,"fee_open":0.001,"fee_close":0.001,"trade_duration":60,"profit_ratio":-0.003368704545944572,"profit_abs":-1.11728353,"exit_reason":"exit_signal","initial_stop_loss_abs":0.14526,"initial_stop_loss_ratio":-0.05,"stop_loss_abs":0.14526,"stop_loss_ratio":-0.05,"min_rate":0.15117,"max_rate":0.15377,"is_open":false,"enter_tag":"","leverage":1.0,"is_short":false,"open_timestamp":1764104400000,"close_timestamp":1764108000000,"orders":[{"amount":2167.0,"safe_price":0.1529,"ft_order_side":"buy","order_filled_timestamp":1764104400000,"ft_is_entry":true,"ft_order_tag":"","cost":331.6656343},{"amount":2167.0,"safe_price":0.15269,"ft_order_side":"sell","order_filled_timestamp":1764108000000,"ft_is_entry":false,"ft_order_tag":"exit_signal","cost":331.21010922999994}],"funding_fees":0.0,"weekday":1},{"pair":"DOGE/USDT","stake_amount":330.92625,"max_stake_amount":330.92625,"amount":2125.0,"open_date":"2025-11-26 18:00:00+00:00","close_date":"2025-11-26 20:00:00+00:00","open_rate":0.15573,"close_rate":0.15604177177177178,"fee_open":0.001,"fee_close":0.001,"trade_duration":120,"profit_ratio":0.0,"profit_abs":0.0,"exit_reason":"roi","initial_stop_loss_abs":0.14795,"initial_stop_loss_ratio":-0.05,"stop_loss_abs":0.14795,"stop_loss_ratio":-0.05,"min_rate":0.15507,"max_rate":0.15681,"is_open":false,"enter_tag":"","leverage":1.0,"is_short":false,"open_timestamp":1764180000000,"close_timestamp":1764187200000,"orders":[{"amount":2125.0,"safe_price":0.15573,"ft_order_side":"buy","order_filled_timestamp":1764180000000,"ft_is_entry":true,"ft_order_tag":"","cost":331.25717625},{"amount":2125.0,"safe_price":0.15604177177177178,"ft_order_side":"sell","order_filled_timestamp":1764187200000,"ft_is_entry":false,"ft_order_tag":"roi","cost":331.92035378003004}],"funding_fees":0.0,"weekday":2},{"pair":"DOGE/USDT","stake_amount":330.9306,"max_stake_amount":330.9306,"amount":2262.0,"open_date":"2025-12-09 16:00:00+00:00","close_date":"2025-12-09 18:00:00+00:00","open_rate":0.1463,"close_rate":0.15095,"fee_open":0.001,"fee_close":0.001,"trade_duration":120,"profit_ratio":0.029722498963783994,"profit_abs":9.8459205,"exit_reason":"roi","initial_stop_loss_abs":0.13899,"initial_stop_loss_ratio":-0.05,"stop_loss_abs":0.13899,"stop_loss_ratio":-0.05,"min_rate":0.1463,"max_rate":0.15319,"is_open":false,"enter_tag":"","leverage":1.0,"is_short":false,"open_timestamp":1765296000000,"close_timestamp":1765303200000,"orders":[{"amount":2262.0,"safe_price":0.1463,"ft_order_side":"buy","order_filled_timestamp":1765296000000,"ft_is_entry":true,"ft_order_tag":"","cost":331.2615306},{"amount":2262.0,"safe_price":0.15095,"ft_order_side":"sell","order_filled_timestamp":1765303200000,"ft_is_entry":false,"ft_order_tag":"roi","cost":341.79034889999997}],"funding_fees":0.0,"weekday":1},{"pair":"DOGE/USDT","stake_amount":334.31728,"max_stake_amount":334.31728,"amount":2486.0,"open_date":"2025-12-17 15:00:00+00:00","close_date":"2025-12-17 16:00:00+00:00","open_rate":0.13448,"close_rate":0.12776,"fee_open":0.001,"fee_close":0.001,"trade_duration":60,"profit_ratio":-0.051868417127191674,"profit_abs":-17.35784864,"exit_reason":"stop_loss","initial_stop_loss_abs":0.12776,"initial_stop_loss_ratio":-0.05,"stop_loss_abs":0.12776,"stop_loss_ratio":-0.05,"min_rate":0.12583,"max_rate":0.13631,"is_open":false,"enter_tag":"","leverage":1.0,"is_short":false,"open_timestamp":1765983600000,"close_timestamp":1765987200000,"orders":[{"amount":2486.0,"safe_price":0.13448,"ft_order_side":"buy","order_filled_timestamp":1765983600000,"ft_is_entry":true,"ft_order_tag":"","cost":334.6515972799999},{"amount":2486.0,"safe_price":0.12776,"ft_order_side":"sell","order_filled_timestamp":1765987200000,"ft_is_entry":false,"ft_order_tag":"stop_loss","cost":317.92897136}],"funding_fees":0.0,"weekday":2},{"pair":"DOGE/USDT","stake_amount":328.4925,"max_stake_amount":328.4925,"amount":2625.0,"open_date":"2025-12-29 01:00:00+00:00","close_date":"2025-12-29 03:00:00+00:00","open_rate":0.12514,"close_rate":0.12639,"fee_open":0.001,"fee_close":0.001,"trade_duration":120,"profit_ratio":0.0079708528645719,"profit_abs":2.62098375,"exit_reason":"roi","initial_stop_loss_abs":0.11889,"initial_stop_loss_ratio":-0.05,"stop_loss_abs":0.11889,"stop_loss_ratio":-0.05,"min_rate":0.12437,"max_rate":0.12777,"is_open":false,"enter_tag":"","leverage":1.0,"is_short":false,"open_timestamp":1766970000000,"close_timestamp":1766977200000,"orders":[{"amount":2625.0,"safe_price":0.12514,"ft_order_side":"buy","order_filled_timestamp":1766970000000,"ft_is_entry":true,"ft_order_tag":"","cost":328.8209925},{"amount":2625.0,"safe_price":0.12639,"ft_order_side":"sell","order_filled_timestamp":1766977200000,"ft_is_entry":false,"ft_order_tag":"roi","cost":332.10552375}],"funding_fees":0.0,"weekday":0},{"pair":"DOGE/USDT","stake_amount":329.3554,"max_stake_amount":329.3554,"amount":2645.0,"open_date":"2025-12-30 09:00:00+00:00","close_date":"2025-12-30 11:00:00+00:00","open_rate":0.12452,"close_rate":0.12476928928928928,"fee_open":0.001,"fee_close":0.001,"trade_duration":120,"profit_ratio":0.0,"profit_abs":0.0,"exit_reason":"roi","initial_stop_loss_abs":0.1183,"initial_stop_loss_ratio":-0.05,"stop_loss_abs":0.1183,"stop_loss_ratio":-0.05,"min_rate":0.1243,"max_rate":0.12525,"is_open":false,"enter_tag":"","leverage":1.0,"is_short":false,"open_timestamp":1767085200000,"close_timestamp":1767092400000,"orders":[{"amount":2645.0,"safe_price":0.12452,"ft_order_side":"buy","order_filled_timestamp":1767085200000,"ft_is_entry":true,"ft_order_tag":"","cost":329.6847554},{"amount":2645.0,"safe_price":0.12476928928928928,"ft_order_side":"sell","order_filled_timestamp":1767092400000,"ft_is_entry":false,"ft_order_tag":"roi","cost":330.3447849403403}],"funding_fees":0.0,"weekday":1}],"locks":[],"best_pair":{"key":"DOGE/USDT","trades":12,"profit_mean":-0.0003638991031285702,"profit_mean_pct":-0.04,"profit_total_abs":-1.6539237299999994,"profit_total":-0.0016539237299999993,"profit_total_pct":-0.17,"duration_avg":"1:50:00","wins":4,"draws":5,"losses":3,"winrate":0.3333333333333333,"cagr":-0.0062093217261056655,"expectancy":-0.13782697749999984,"expectancy_ratio":-0.4389042953701685,"sortino":-0.0412253911523215,"sharpe":-0.05522720139798716,"calmar":-1.9012502398611624,"sqn":-0.0775,"profit_factor":0.9110494851859927,"max_drawdown_account":0.017133689587276006,"max_drawdown_abs":17.35784864},"worst_pair":{"key":"DOGE/USDT","trades":12,"profit_mean":-0.0003638991031285702,"profit_mean_pct":-0.04,"profit_total_abs":-1.6539237299999994,"profit_total":-0.0016539237299999993,"profit_total_pct":-0.17,"duration_avg":"1:50:00","wins":4,"draws":5,"losses":3,"winrate":0.3333333333333333,"cagr":-0.0062093217261056655,"expectancy":-0.13782697749999984,"expectancy_ratio":-0.4389042953701685,"sortino":-0.0412253911523215,"sharpe":-0.05522720139798716,"calmar":-1.9012502398611624,"sqn":-0.0775,"profit_factor":0.9110494851859927,"max_drawdown_account":0.017133689587276006,"max_drawdown_abs":17.35784864},"results_per_pair":[{"key":"DOGE/USDT","trades":12,"profit_mean":-0.0003638991031285702,"profit_mean_pct":-0.04,"profit_total_abs":-1.6539237299999994,"profit_total":-0.0016539237299999993,"profit_total_pct":-0.17,"duration_avg":"1:50:00","wins":4,"draws":5,"losses":3,"winrate":0.3333333333333333,"cagr":-0.0062093217261056655,"expectancy":-0.13782697749999984,"expectancy_ratio":-0.4389042953701685,"sortino":-0.0412253911523215,"sharpe":-0.05522720139798716,"calmar":-1.9012502398611624,"sqn":-0.0775,"profit_factor":0.9110494851859927,"max_drawdown_account":0.017133689587276006,"max_drawdown_abs":17.35784864},{"key":"TOTAL","trades":12,"profit_mean":-0.0003638991031285702,"profit_mean_pct":-0.04,"profit_total_abs":-1.6539237299999994,"profit_total":-0.0016539237299999993,"profit_total_pct":-0.17,"duration_avg":"1:50:00","wins":4,"draws":5,"losses":3,"winrate":0.3333333333333333,"cagr":-0.0062093217261056655,"expectancy":-0.13782697749999984,"expectancy_ratio":-0.4389042953701685,"sortino":-0.0412253911523215,"sharpe":-0.05522720139798716,"calmar":-1.9012502398611624,"sqn":-0.0775,"profit_factor":0.9110494851859927,"max_drawdown_account":0.017133689587276006,"max_drawdown_abs":17.35784864}],"results_per_enter_tag":[{"key":"","trades":12,"profit_mean":-0.0003638991031285702,"profit_mean_pct":-0.04,"profit_total_abs":-1.6539237299999994,"profit_total":-0.0016539237299999993,"profit_total_pct":-0.17,"duration_avg":"1:50:00","wins":4,"draws":5,"losses":3,"winrate":0.3333333333333333,"cagr":-0.0062093217261056655,"expectancy":-0.13782697749999984,"expectancy_ratio":-0.4389042953701685,"sortino":-0.0412253911523215,"sharpe":-0.05522720139798716,"calmar":-1.9012502398611624,"sqn":-0.0775,"profit_factor":0.9110494851859927,"max_drawdown_account":0.017133689587276006,"max_drawdown_abs":17.35784864},{"key":"TOTAL","trades":12,"profit_mean":-0.0003638991031285702,"profit_mean_pct":-0.04,"profit_total_abs":-1.6539237299999994,"profit_total":-0.0016539237299999993,"profit_total_pct":-0.17,"duration_avg":"1:50:00","wins":4,"draws":5,"losses":3,"winrate":0.3333333333333333,"cagr":-0.0062093217261056655,"expectancy":-0.13782697749999984,"expectancy_ratio":-0.4389042953701685,"sortino":-0.0412253911523215,"sharpe":-0.05522720139798716,"calmar":-1.9012502398611624,"sqn":-0.0775,"profit_factor":0.9110494851859927,"max_drawdown_account":0.017133689587276006,"max_drawdown_abs":17.35784864}],"exit_reason_summary":[{"key":"roi","trades":8,"profit_mean":0.005868312465331275,"profit_mean_pct":0.59,"profit_total_abs":15.526320700000001,"profit_total":0.0155263207,"profit_total_pct":1.55,"duration_avg":"2:00:00","wins":3,"draws":5,"losses":0,"winrate":0.375,"cagr":0.05968836704996461,"expectancy":1.9407900875000004,"expectancy_ratio":100.0,"sortino":-100,"sharpe":0.9491803565774017,"calmar":-100,"sqn":1.5938,"profit_factor":0.0,"max_drawdown_account":0.0,"max_drawdown_abs":0.0},{"key":"exit_signal","trades":3,"profit_mean":0.00018504272233287942,"profit_mean_pct":0.02,"profit_total_abs":0.17760421000000015,"profit_total":0.00017760421000000015,"profit_total_pct":0.02,"duration_avg":"1:40:00","wins":1,"draws":0,"losses":2,"winrate":0.3333333333333333,"cagr":0.0006684684872668711,"expectancy":0.0592014033333334,"expectancy_ratio":0.09580271370343274,"sortino":0.07005486189775434,"sharpe":0.03360895043390783,"calmar":2.8343743735870026,"sqn":0.0804,"profit_factor":1.143704070555149,"max_drawdown_account":0.0012341579395576366,"max_drawdown_abs":1.2359024299999999},{"key":"stop_loss","trades":1,"profit_mean":-0.051868417127191674,"profit_mean_pct":-5.19,"profit_total_abs":-17.35784864,"profit_total":-0.01735784864,"profit_total_pct":-1.74,"duration_avg":"1:00:00","wins":0,"draws":0,"losses":1,"winrate":0.0,"cagr":-0.06376534267957934,"expectancy":-17.35784864,"expectancy_ratio":-1.0,"sortino":-100,"sharpe":-100,"calmar":-19.695848633549232,"sqn":-100.0,"profit_factor":0.0,"max_drawdown_account":0.01735784864000004,"max_drawdown_abs":17.35784864},{"key":"TOTAL","trades":12,"profit_mean":-0.0003638991031285702,"profit_mean_pct":-0.04,"profit_total_abs":-1.6539237299999994,"profit_total":-0.0016539237299999993,"profit_total_pct":-0.17,"duration_avg":"1:50:00","wins":4,"draws":5,"losses":3,"winrate":0.3333333333333333,"cagr":-0.0062093217261056655,"expectancy":-0.13782697749999984,"expectancy_ratio":-0.4389042953701685,"sortino":-0.0412253911523215,"sharpe":-0.05522720139798716,"calmar":-1.9012502398611624,"sqn":-0.0775,"profit_factor":0.9110494851859927,"max_drawdown_account":0.017133689587276006,"max_drawdown_abs":17.35784864}],"mix_tag_stats":[{"key":["","roi"],"trades":8,"profit_mean":0.005868312465331275,"profit_mean_pct":0.59,"profit_total_abs":15.526320700000001,"profit_total":0.0155263207,"profit_total_pct":1.55,"duration_avg":"2:00:00","wins":3,"draws":5,"losses":0,"winrate":0.375,"cagr":0.05968836704996461,"expectancy":1.9407900875000004,"expectancy_ratio":100.0,"sortino":-100,"sharpe":0.9491803565774017,"calmar":-100,"sqn":1.5938,"profit_factor":0.0,"max_drawdown_account":0.0,"max_drawdown_abs":0.0},{"key":["","exit_signal"],"trades":3,"profit_mean":0.00018504272233287942,"profit_mean_pct":0.02,"profit_total_abs":0.17760421000000015,"profit_total":0.00017760421000000015,"profit_total_pct":0.02,"duration_avg":"1:40:00","wins":1,"draws":0,"losses":2,"winrate":0.3333333333333333,"cagr":0.0006684684872668711,"expectancy":0.0592014033333334,"expectancy_ratio":0.09580271370343274,"sortino":0.07005486189775434,"sharpe":0.03360895043390783,"calmar":2.8343743735870026,"sqn":0.0804,"profit_factor":1.143704070555149,"max_drawdown_account":0.0012341579395576366,"max_drawdown_abs":1.2359024299999999},{"key":["","stop_loss"],"trades":1,"profit_mean":-0.051868417127191674,"profit_mean_pct":-5.19,"profit_total_abs":-17.35784864,"profit_total":-0.01735784864,"profit_total_pct":-1.74,"duration_avg":"1:00:00","wins":0,"draws":0,"losses":1,"winrate":0.0,"cagr":-0.06376534267957934,"expectancy":-17.35784864,"expectancy_ratio":-1.0,"sortino":-100,"sharpe":-100,"calmar":-19.695848633549232,"sqn":-100.0,"profit_factor":0.0,"max_drawdown_account":0.01735784864000004,"max_drawdown_abs":17.35784864},{"key":"TOTAL","trades":12,"profit_mean":-0.0003638991031285702,"profit_mean_pct":-0.04,"profit_total_abs":-1.6539237299999994,"profit_total":-0.0016539237299999993,"profit_total_pct":-0.17,"duration_avg":"1:50:00","wins":4,"draws":5,"losses":3,"winrate":0.3333333333333333,"cagr":-0.0062093217261056655,"expectancy":-0.13782697749999984,"expectancy_ratio":-0.4389042953701685,"sortino":-0.0412253911523215,"sharpe":-0.05522720139798716,"calmar":-1.9012502398611624,"sqn":-0.0775,"profit_factor":0.9110494851859927,"max_drawdown_account":0.017133689587276006,"max_drawdown_abs":17.35784864}],"left_open_trades":[{"key":"TOTAL","trades":0,"profit_mean":0.0,"profit_mean_pct":0.0,"profit_total_abs":0.0,"profit_total":0.0,"profit_total_pct":0.0,"duration_avg":"0:00","wins":0,"draws":0,"losses":0,"winrate":0.0,"cagr":0.0,"expectancy":0.0,"expectancy_ratio":100.0,"sortino":0,"sharpe":0,"calmar":0,"sqn":0.0,"profit_factor":0.0,"max_drawdown_account":0.0,"max_drawdown_abs":0.0}],"total_trades":12,"trade_count_long":12,"trade_count_short":0,"total_volume":7956.096452879148,"avg_stake_amount":330.91058666666663,"profit_mean":-0.0003638991031285702,"profit_median":0.0,"profit_total":-0.0016539237299999993,"profit_total_long":-0.0016539237299999993,"profit_total_short":0.0,"profit_total_abs":-1.6539237299999994,"profit_total_long_abs":-1.6539237299999994,"profit_total_short_abs":0.0,"cagr":-0.0062093217261056655,"expectancy":-0.13782697749999984,"expectancy_ratio":-0.4389042953701685,"sortino":-0.0412253911523215,"sharpe":-0.05522720139798716,"calmar":-1.9012502398611624,"sqn":-0.0775,"profit_factor":0.9110494851859927,"backtest_start":"2025-10-01 00:00:00","backtest_start_ts":1759276800000,"backtest_end":"2026-01-06 20:00:00","backtest_end_ts":1767729600000,"backtest_days":97,"backtest_run_start_ts":1767738344,"backtest_run_end_ts":1767738344,"trades_per_day":0.12,"market_change":-0.36632086436227446,"pairlist":["DOGE/USDT"],"stake_amount":"unlimited","stake_currency":"USDT","stake_currency_decimals":3,"starting_balance":1000,"dry_run_wallet":1000,"final_balance":998.34607627,"rejected_signals":0,"timedout_entry_orders":0,"timedout_exit_orders":0,"canceled_trade_entries":0,"canceled_entry_orders":0,"replaced_entry_orders":0,"max_open_trades":1,"max_open_trades_setting":3,"timeframe":"1h","timeframe_detail":"","timerange":"20251001-","enable_protections":false,"strategy_name":"ACO_16_22","freqaimodel":null,"freqai_identifier":null,"stoploss":-0.05,"trailing_stop":false,"trailing_stop_positive":null,"trailing_stop_positive_offset":0.0,"trailing_only_offset_is_reached":false,"use_custom_stoploss":false,"minimal_roi":{"0":0.1,"60":0.05,"120":0.0},"use_exit_signal":true,"exit_profit_only":false,"exit_profit_offset":0.0,"ignore_roi_if_entry_signal":false,"trading_mode":"spot","margin_mode":"","periodic_breakdown":{"day":[{"date":"06/10/2025","date_ts":1759708800000,"profit_abs":1.41350664,"wins":1,"draws":0,"losses":0,"trades":1,"profit_factor":0.0},{"date":"07/10/2025","date_ts":1759795200000,"profit_abs":0.0,"wins":0,"draws":0,"losses":0,"trades":0,"profit_factor":0.0},{"date":"08/10/2025","date_ts":1759881600000,"profit_abs":0.0,"wins":0,"draws":0,"losses":0,"trades":0,"profit_factor":0.0},{"date":"09/10/2025","date_ts":1759968000000,"profit_abs":0.0,"wins":0,"draws":0,"losses":0,"trades":0,"profit_factor":0.0},{"date":"10/10/2025","date_ts":1760054400000,"profit_abs":0.0,"wins":0,"draws":0,"losses":0,"trades":0,"profit_factor":0.0},{"date":"11/10/2025","date_ts":1760140800000,"profit_abs":0.0,"wins":0,"draws":0,"losses":0,"trades":0,"profit_factor":0.0},{"date":"12/10/2025","date_ts":1760227200000,"profit_abs":0.0,"wins":0,"draws":0,"losses":0,"trades":0,"profit_factor":0.0},{"date":"13/10/2025","date_ts":1760313600000,"profit_abs":0.0,"wins":0,"draws":0,"losses":0,"trades":0,"profit_factor":0.0},{"date":"14/10/2025","date_ts":1760400000000,"profit_abs":0.0,"wins":0,"draws":0,"losses":0,"trades":0,"profit_factor":0.0},{"date":"15/10/2025","date_ts":1760486400000,"profit_abs":0.0,"wins":0,"draws":0,"losses":0,"trades":0,"profit_factor":0.0},{"date":"16/10/2025","date_ts":1760572800000,"profit_abs":0.0,"wins":0,"draws":0,"losses":0,"trades":0,"profit_factor":0.0},{"date":"17/10/2025","date_ts":1760659200000,"profit_abs":0.0,"wins":0,"draws":0,"losses":0,"trades":0,"profit_factor":0.0},{"date":"18/10/2025","date_ts":1760745600000,"profit_abs":0.0,"wins":0,"draws":0,"losses":0,"trades":0,"profit_factor":0.0},{"date":"19/10/2025","date_ts":1760832000000,"profit_abs":0.0,"wins":0,"draws":0,"losses":0,"trades":0,"profit_factor":0.0},{"date":"20/10/2025","date_ts":1760918400000,"profit_abs":0.0,"wins":0,"draws":0,"losses":0,"trades":0,"profit_factor":0.0},{"date":"21/10/2025","date_ts":1761004800000,"profit_abs":0.0,"wins":0,"draws":0,"losses":0,"trades":0,"profit_factor":0.0},{"date":"22/10/2025","date_ts":1761091200000,"profit_abs":0.0,"wins":0,"draws":0,"losses":0,"trades":0,"profit_factor":0.0},{"date":"23/10/2025","date_ts":1761177600000,"profit_abs":0.0,"wins":0,"draws":0,"losses":0,"trades":0,"profit_factor":0.0},{"date":"24/10/2025","date_ts":1761264000000,"profit_abs":0.0,"wins":0,"draws":0,"losses":0,"trades":0,"profit_factor":0.0},{"date":"25/10/2025","date_ts":1761350400000,"profit_abs":0.0,"wins":0,"draws":0,"losses":0,"trades":0,"profit_factor":0.0},{"date":"26/10/2025","date_ts":1761436800000,"profit_abs":3.05941645,"wins":1,"draws":0,"losses":0,"trades":1,"profit_factor":0.0},{"date":"27/10/2025","date_ts":1761523200000,"profit_abs":0.0,"wins":0,"draws":0,"losses":0,"trades":0,"profit_factor":0.0},{"date":"28/10/2025","date_ts":1761609600000,"profit_abs":0.0,"wins":0,"draws":0,"losses":0,"trades":0,"profit_factor":0.0},{"date":"29/10/2025","date_ts":1761696000000,"profit_abs":0.0,"wins":0,"draws":1,"losses":0,"trades":1,"profit_factor":0.0},{"date":"30/10/2025","date_ts":1761782400000,"profit_abs":0.0,"wins":0,"draws":0,"losses":0,"trades":0,"profit_factor":0.0},{"date":"31/10/2025","date_ts":1761868800000,"profit_abs":0.0,"wins":0,"draws":0,"losses":0,"trades":0,"profit_factor":0.0},{"date":"01/11/2025","date_ts":1761955200000,"profit_abs":0.0,"wins":0,"draws":0,"losses":0,"trades":0,"profit_factor":0.0},{"date":"02/11/2025","date_ts":1762041600000,"profit_abs":0.0,"wins":0,"draws":1,"losses":0,"trades":1,"profit_factor":0.0},{"date":"03/11/2025","date_ts":1762128000000,"profit_abs":0.0,"wins":0,"draws":0,"losses":0,"trades":0,"profit_factor":0.0},{"date":"04/11/2025","date_ts":1762214400000,"profit_abs":0.0,"wins":0,"draws":0,"losses":0,"trades":0,"profit_factor":0.0},{"date":"05/11/2025","date_ts":1762300800000,"profit_abs":0.0,"wins":0,"draws":0,"losses":0,"trades":0,"profit_factor":0.0},{"date":"06/11/2025","date_ts":1762387200000,"profit_abs":0.0,"wins":0,"draws":0,"losses":0,"trades":0,"profit_factor":0.0},{"date":"07/11/2025","date_ts":1762473600000,"profit_abs":0.0,"wins":0,"draws":0,"losses":0,"trades":0,"profit_factor":0.0},{"date":"08/11/2025","date_ts":1762560000000,"profit_abs":0.0,"wins":0,"draws":0,"losses":0,"trades":0,"profit_factor":0.0},{"date":"09/11/2025","date_ts":1762646400000,"profit_abs":0.0,"wins":0,"draws":0,"losses":0,"trades":0,"profit_factor":0.0},{"date":"10/11/2025","date_ts":1762732800000,"profit_abs":0.0,"wins":0,"draws":0,"losses":0,"trades":0,"profit_factor":0.0},{"date":"11/11/2025","date_ts":1762819200000,"profit_abs":0.0,"wins":0,"draws":0,"losses":0,"trades":0,"profit_factor":0.0},{"date":"12/11/2025","date_ts":1762905600000,"profit_abs":0.0,"wins":0,"draws":0,"losses":0,"trades":0,"profit_factor":0.0},{"date":"13/11/2025","date_ts":1762992000000,"profit_abs":0.0,"wins":0,"draws":0,"losses":0,"trades":0,"profit_factor":0.0},{"date":"14/11/2025","date_ts":1763078400000,"profit_abs":0.0,"wins":0,"draws":1,"losses":0,"trades":1,"profit_factor":0.0},{"date":"15/11/2025","date_ts":1763164800000,"profit_abs":0.0,"wins":0,"draws":0,"losses":0,"trades":0,"profit_factor":0.0},{"date":"16/11/2025","date_ts":1763251200000,"profit_abs":0.0,"wins":0,"draws":0,"losses":0,"trades":0,"profit_factor":0.0},{"date":"17/11/2025","date_ts":1763337600000,"profit_abs":0.0,"wins":0,"draws":0,"losses":0,"trades":0,"profit_factor":0.0},{"date":"18/11/2025","date_ts":1763424000000,"profit_abs":0.0,"wins":0,"draws":0,"losses":0,"trades":0,"profit_factor":0.0},{"date":"19/11/2025","date_ts":1763510400000,"profit_abs":0.0,"wins":0,"draws":0,"losses":0,"trades":0,"profit_factor":0.0},{"date":"20/11/2025","date_ts":1763596800000,"profit_abs":-0.1186189,"wins":0,"draws":0,"losses":1,"trades":1,"profit_factor":0.0},{"date":"21/11/2025","date_ts":1763683200000,"profit_abs":0.0,"wins":0,"draws":0,"losses":0,"trades":0,"profit_factor":0.0},{"date":"22/11/2025","date_ts":1763769600000,"profit_abs":0.0,"wins":0,"draws":0,"losses":0,"trades":0,"profit_factor":0.0},{"date":"23/11/2025","date_ts":1763856000000,"profit_abs":0.0,"wins":0,"draws":0,"losses":0,"trades":0,"profit_factor":0.0},{"date":"24/11/2025","date_ts":1763942400000,"profit_abs":0.0,"wins":0,"draws":0,"losses":0,"trades":0,"profit_factor":0.0},{"date":"25/11/2025","date_ts":1764028800000,"profit_abs":-1.11728353,"wins":0,"draws":0,"losses":1,"trades":1,"profit_factor":0.0},{"date":"26/11/2025","date_ts":1764115200000,"profit_abs":0.0,"wins":0,"draws":1,"losses":0,"trades":1,"profit_factor":0.0},{"date":"27/11/2025","date_ts":1764201600000,"profit_abs":0.0,"wins":0,"draws":0,"losses":0,"trades":0,"profit_factor":0.0},{"date":"28/11/2025","date_ts":1764288000000,"profit_abs":0.0,"wins":0,"draws":0,"losses":0,"trades":0,"profit_factor":0.0},{"date":"29/11/2025","date_ts":1764374400000,"profit_abs":0.0,"wins":0,"draws":0,"losses":0,"trades":0,"profit_factor":0.0},{"date":"30/11/2025","date_ts":1764460800000,"profit_abs":0.0,"wins":0,"draws":0,"losses":0,"trades":0,"profit_factor":0.0},{"date":"01/12/2025","date_ts":1764547200000,"profit_abs":0.0,"wins":0,"draws":0,"losses":0,"trades":0,"profit_factor":0.0},{"date":"02/12/2025","date_ts":1764633600000,"profit_abs":0.0,"wins":0,"draws":0,"losses":0,"trades":0,"profit_factor":0.0},{"date":"03/12/2025","date_ts":1764720000000,"profit_abs":0.0,"wins":0,"draws":0,"losses":0,"trades":0,"profit_factor":0.0},{"date":"04/12/2025","date_ts":1764806400000,"profit_abs":0.0,"wins":0,"draws":0,"losses":0,"trades":0,"profit_factor":0.0},{"date":"05/12/2025","date_ts":1764892800000,"profit_abs":0.0,"wins":0,"draws":0,"losses":0,"trades":0,"profit_factor":0.0},{"date":"06/12/2025","date_ts":1764979200000,"profit_abs":0.0,"wins":0,"draws":0,"losses":0,"trades":0,"profit_factor":0.0},{"date":"07/12/2025","date_ts":1765065600000,"profit_abs":0.0,"wins":0,"draws":0,"losses":0,"trades":0,"profit_factor":0.0},{"date":"08/12/2025","date_ts":1765152000000,"profit_abs":0.0,"wins":0,"draws":0,"losses":0,"trades":0,"profit_factor":0.0},{"date":"09/12/2025","date_ts":1765238400000,"profit_abs":9.8459205,"wins":1,"draws":0,"losses":0,"trades":1,"profit_factor":0.0},{"date":"10/12/2025","date_ts":1765324800000,"profit_abs":0.0,"wins":0,"draws":0,"losses":0,"trades":0,"profit_factor":0.0},{"date":"11/12/2025","date_ts":1765411200000,"profit_abs":0.0,"wins":0,"draws":0,"losses":0,"trades":0,"profit_factor":0.0},{"date":"12/12/2025","date_ts":1765497600000,"profit_abs":0.0,"wins":0,"draws":0,"losses":0,"trades":0,"profit_factor":0.0},{"date":"13/12/2025","date_ts":1765584000000,"profit_abs":0.0,"wins":0,"draws":0,"losses":0,"trades":0,"profit_factor":0.0},{"date":"14/12/2025","date_ts":1765670400000,"profit_abs":0.0,"wins":0,"draws":0,"losses":0,"trades":0,"profit_factor":0.0},{"date":"15/12/2025","date_ts":1765756800000,"profit_abs":0.0,"wins":0,"draws":0,"losses":0,"trades":0,"profit_factor":0.0},{"date":"16/12/2025","date_ts":1765843200000,"profit_abs":0.0,"wins":0,"draws":0,"losses":0,"trades":0,"profit_factor":0.0},{"date":"17/12/2025","date_ts":1765929600000,"profit_abs":-17.35784864,"wins":0,"draws":0,"losses":1,"trades":1,"profit_factor":0.0},{"date":"18/12/2025","date_ts":1766016000000,"profit_abs":0.0,"wins":0,"draws":0,"losses":0,"trades":0,"profit_factor":0.0},{"date":"19/12/2025","date_ts":1766102400000,"profit_abs":0.0,"wins":0,"draws":0,"losses":0,"trades":0,"profit_factor":0.0},{"date":"20/12/2025","date_ts":1766188800000,"profit_abs":0.0,"wins":0,"draws":0,"losses":0,"trades":0,"profit_factor":0.0},{"date":"21/12/2025","date_ts":1766275200000,"profit_abs":0.0,"wins":0,"draws":0,"losses":0,"trades":0,"profit_factor":0.0},{"date":"22/12/2025","date_ts":1766361600000,"profit_abs":0.0,"wins":0,"draws":0,"losses":0,"trades":0,"profit_factor":0.0},{"date":"23/12/2025","date_ts":1766448000000,"profit_abs":0.0,"wins":0,"draws":0,"losses":0,"trades":0,"profit_factor":0.0},{"date":"24/12/2025","date_ts":1766534400000,"profit_abs":0.0,"wins":0,"draws":0,"losses":0,"trades":0,"profit_factor":0.0},{"date":"25/12/2025","date_ts":1766620800000,"profit_abs":0.0,"wins":0,"draws":0,"losses":0,"trades":0,"profit_factor":0.0},{"date":"26/12/2025","date_ts":1766707200000,"profit_abs":0.0,"wins":0,"draws":0,"losses":0,"trades":0,"profit_factor":0.0},{"date":"27/12/2025","date_ts":1766793600000,"profit_abs":0.0,"wins":0,"draws":0,"losses":0,"trades":0,"profit_factor":0.0},{"date":"28/12/2025","date_ts":1766880000000,"profit_abs":0.0,"wins":0,"draws":0,"losses":0,"trades":0,"profit_factor":0.0},{"date":"29/12/2025","date_ts":1766966400000,"profit_abs":2.62098375,"wins":1,"draws":0,"losses":0,"trades":1,"profit_factor":0.0},{"date":"30/12/2025","date_ts":1767052800000,"profit_abs":0.0,"wins":0,"draws":1,"losses":0,"trades":1,"profit_factor":0.0}],"week":[{"date":"06/10/2025","date_ts":1759708800000,"profit_abs":1.41350664,"wins":1,"draws":0,"losses":0,"trades":1,"profit_factor":0.0},{"date":"13/10/2025","date_ts":1760313600000,"profit_abs":0.0,"wins":0,"draws":0,"losses":0,"trades":0,"profit_factor":0.0},{"date":"20/10/2025","date_ts":1760918400000,"profit_abs":0.0,"wins":0,"draws":0,"losses":0,"trades":0,"profit_factor":0.0},{"date":"27/10/2025","date_ts":1761523200000,"profit_abs":3.05941645,"wins":1,"draws":0,"losses":0,"trades":1,"profit_factor":0.0},{"date":"03/11/2025","date_ts":1762128000000,"profit_abs":0.0,"wins":0,"draws":2,"losses":0,"trades":2,"profit_factor":0.0},{"date":"10/11/2025","date_ts":1762732800000,"profit_abs":0.0,"wins":0,"draws":0,"losses":0,"trades":0,"profit_factor":0.0},{"date":"17/11/2025","date_ts":1763337600000,"profit_abs":0.0,"wins":0,"draws":1,"losses":0,"trades":1,"profit_factor":0.0},{"date":"24/11/2025","date_ts":1763942400000,"profit_abs":-0.1186189,"wins":0,"draws":0,"losses":1,"trades":1,"profit_factor":0.0},{"date":"01/12/2025","date_ts":1764547200000,"profit_abs":-1.11728353,"wins":0,"draws":1,"losses":1,"trades":2,"profit_factor":0.0},{"date":"08/12/2025","date_ts":1765152000000,"profit_abs":0.0,"wins":0,"draws":0,"losses":0,"trades":0,"profit_factor":0.0},{"date":"15/12/2025","date_ts":1765756800000,"profit_abs":9.8459205,"wins":1,"draws":0,"losses":0,"trades":1,"profit_factor":0.0},{"date":"22/12/2025","date_ts":1766361600000,"profit_abs":-17.35784864,"wins":0,"draws":0,"losses":1,"trades":1,"profit_factor":0.0},{"date":"29/12/2025","date_ts":1766966400000,"profit_abs":2.62098375,"wins":1,"draws":0,"losses":0,"trades":1,"profit_factor":0.0},{"date":"05/01/2026","date_ts":1767571200000,"profit_abs":0.0,"wins":0,"draws":1,"losses":0,"trades":1,"profit_factor":0.0}],"month":[{"date":"31/10/2025","date_ts":1761868800000,"profit_abs":4.47292309,"wins":2,"draws":1,"losses":0,"trades":3,"profit_factor":0.0},{"date":"30/11/2025","date_ts":1764460800000,"profit_abs":-1.23590243,"wins":0,"draws":3,"losses":2,"trades":5,"profit_factor":0.0},{"date":"31/12/2025","date_ts":1767139200000,"profit_abs":-4.89094439,"wins":2,"draws":1,"losses":1,"trades":4,"profit_factor":0.71822865}],"year":[{"date":"31/12/2025","date_ts":1767139200000,"profit_abs":-1.65392373,"wins":4,"draws":5,"losses":3,"trades":12,"profit_factor":0.91104949}],"weekday":[{"date":"Monday","date_ts":0,"profit_abs":4.03449039,"wins":2,"draws":0,"losses":0,"trades":2,"profit_factor":0.0},{"date":"Tuesday","date_ts":1,"profit_abs":8.72863697,"wins":1,"draws":1,"losses":1,"trades":3,"profit_factor":8.81237415},{"date":"Wednesday","date_ts":2,"profit_abs":-17.35784864,"wins":0,"draws":2,"losses":1,"trades":3,"profit_factor":0.0},{"date":"Thursday","date_ts":3,"profit_abs":-0.1186189,"wins":0,"draws":0,"losses":1,"trades":1,"profit_factor":0.0},{"date":"Friday","date_ts":4,"profit_abs":0.0,"wins":0,"draws":1,"losses":0,"trades":1,"profit_factor":0.0},{"date":"Sunday","date_ts":6,"profit_abs":3.05941645,"wins":1,"draws":1,"losses":0,"trades":2,"profit_factor":0.0}]},"backtest_best_day":0.029722498963783994,"backtest_worst_day":-0.051868417127191674,"backtest_best_day_abs":9.8459205,"backtest_worst_day_abs":-17.35784864,"winning_days":4,"draw_days":79,"losing_days":3,"daily_profit":[["2025-10-06",1.41350664],["2025-10-07",0.0],["2025-10-08",0.0],["2025-10-09",0.0],["2025-10-10",0.0],["2025-10-11",0.0],["2025-10-12",0.0],["2025-10-13",0.0],["2025-10-14",0.0],["2025-10-15",0.0],["2025-10-16",0.0],["2025-10-17",0.0],["2025-10-18",0.0],["2025-10-19",0.0],["2025-10-20",0.0],["2025-10-21",0.0],["2025-10-22",0.0],["2025-10-23",0.0],["2025-10-24",0.0],["2025-10-25",0.0],["2025-10-26",3.05941645],["2025-10-27",0.0],["2025-10-28",0.0],["2025-10-29",0.0],["2025-10-30",0.0],["2025-10-31",0.0],["2025-11-01",0.0],["2025-11-02",0.0],["2025-11-03",0.0],["2025-11-04",0.0],["2025-11-05",0.0],["2025-11-06",0.0],["2025-11-07",0.0],["2025-11-08",0.0],["2025-11-09",0.0],["2025-11-10",0.0],["2025-11-11",0.0],["2025-11-12",0.0],["2025-11-13",0.0],["2025-11-14",0.0],["2025-11-15",0.0],["2025-11-16",0.0],["2025-11-17",0.0],["2025-11-18",0.0],["2025-11-19",0.0],["2025-11-20",-0.1186189],["2025-11-21",0.0],["2025-11-22",0.0],["2025-11-23",0.0],["2025-11-24",0.0],["2025-11-25",-1.11728353],["2025-11-26",0.0],["2025-11-27",0.0],["2025-11-28",0.0],["2025-11-29",0.0],["2025-11-30",0.0],["2025-12-01",0.0],["2025-12-02",0.0],["2025-12-03",0.0],["2025-12-04",0.0],["2025-12-05",0.0],["2025-12-06",0.0],["2025-12-07",0.0],["2025-12-08",0.0],["2025-12-09",9.8459205],["2025-12-10",0.0],["2025-12-11",0.0],["2025-12-12",0.0],["2025-12-13",0.0],["2025-12-14",0.0],["2025-12-15",0.0],["2025-12-16",0.0],["2025-12-17",-17.35784864],["2025-12-18",0.0],["2025-12-19",0.0],["2025-12-20",0.0],["2025-12-21",0.0],["2025-12-22",0.0],["2025-12-23",0.0],["2025-12-24",0.0],["2025-12-25",0.0],["2025-12-26",0.0],["2025-12-27",0.0],["2025-12-28",0.0],["2025-12-29",2.62098375],["2025-12-30",0.0]],"wins":4,"losses":3,"draws":5,"winrate":0.3333333333333333,"holding_avg":"1:50:00","holding_avg_s":6600.0,"winner_holding_min":"0d 02:00","winner_holding_min_s":7200.0,"winner_holding_max":"0d 02:00","winner_holding_max_s":7200.0,"winner_holding_avg":"0d 02:00","winner_holding_avg_s":7200.0,"loser_holding_min":"0d 01:00","loser_holding_min_s":3600.0,"loser_holding_max":"0d 02:00","loser_holding_max_s":7200.0,"loser_holding_avg":"0d 01:20","loser_holding_avg_s":4800.0,"max_consecutive_wins":2,"max_consecutive_losses":6,"max_drawdown_account":0.017133689587276006,"max_relative_drawdown":0.017133689587276006,"max_drawdown_abs":17.35784864,"drawdown_start":"2025-12-09 18:00:00","drawdown_start_ts":1765303200000.0,"drawdown_end":"2025-12-17 16:00:00","drawdown_end_ts":1765987200000.0,"drawdown_duration":"7 days 22:00:00","drawdown_duration_s":684000.0,"max_drawdown_low":-4.2749074799999995,"max_drawdown_high":13.08294116,"csum_min":995.72509252,"csum_max":1013.08294116}},"strategy_comparison":[{"key":"ACO_16_22","trades":12,"profit_mean":-0.0003638991031285702,"profit_mean_pct":-0.04,"profit_total_abs":-1.6539237299999994,"profit_total":-0.0016539237299999993,"profit_total_pct":-0.17,"duration_avg":"1:50:00","wins":4,"draws":5,"losses":3,"winrate":0.3333333333333333,"cagr":-0.0062093217261056655,"expectancy":-0.13782697749999984,"expectancy_ratio":-0.4389042953701685,"sortino":-0.0412253911523215,"sharpe":-0.05522720139798716,"calmar":-1.9012502398611624,"sqn":-0.0775,"profit_factor":0.9110494851859927,"max_drawdown_account":0.017133689587276006,"max_drawdown_abs":"17.358"}]}