{"strategy":{"ACO_19_5":{"trades":[{"pair":"DOGE/USDT","stake_amount":329.95625,"max_stake_amount":329.95625,"amount":1625.0,"open_date":"2025-10-21 15:00:00+00:00","close_date":"2025-10-22 00:00:00+00:00","open_rate":0.20305,"close_rate":0.1929,"fee_open":0.001,"fee_close":0.001,"trade_duration":540,"profit_ratio":-0.05188581425961381,"profit_abs":-17.13716875,"exit_reason":"stop_loss","initial_stop_loss_abs":0.1929,"initial_stop_loss_ratio":-0.05,"stop_loss_abs":0.1929,"stop_loss_ratio":-0.05,"min_rate":0.19251,"max_rate":0.20563,"is_open":false,"enter_tag":"","leverage":1.0,"is_short":false,"open_timestamp":1761058800000,"close_timestamp":1761091200000,"orders":[{"amount":1625.0,"safe_price":0.20305,"ft_order_side":"buy","order_filled_timestamp":1761058800000,"ft_is_entry":true,"ft_order_tag":"","cost":330.28620624999996},{"amount":1625.0,"safe_price":0.1929,"ft_order_side":"sell","order_filled_timestamp":1761091200000,"ft_is_entry":false,"ft_order_tag":"stop_loss","cost":313.77596249999993}],"funding_fees":0.0,"weekday":2},{"pair":"DOGE/USDT","stake_amount":324.20504,"max_stake_amount":324.20504,"amount":2038.0,"open_date":"2025-11-20 15:00:00+00:00","close_date":"2025-11-20 16:00:00+00:00","open_rate":0.15908,"close_rate":0.15113,"fee_open":0.001,"fee_close":0.001,"trade_duration":60,"profit_ratio":-0.051873007555682936,"profit_abs":-16.83430798,"exit_reason":"stop_loss","initial_stop_loss_abs":0.15113,"initial_stop_loss_ratio":-0.05,"stop_loss_abs":0.15113,"stop_loss_ratio":-0.05,"min_rate":0.15,"max_rate":0.15913,"is_open":false,"enter_tag":"","leverage":1.0,"is_short":false,"open_timestamp":1763650800000,"close_timestamp":1763654400000,"orders":[{"amount":2038.0,"safe_price":0.15908,"ft_order_side":"buy","order_filled_timestamp":1763650800000,"ft_is_entry":true,"ft_order_tag":"","cost":324.52924504},{"amount":2038.0,"safe_price":0.15113,"ft_order_side":"sell","order_filled_timestamp":1763654400000,"ft_is_entry":false,"ft_order_tag":"stop_loss","cost":308.31094293999996}],"funding_fees":0.0,"weekday":3},{"pair":"DOGE/USDT","stake_amount":318.7877,"max_stake_amount":318.7877,"amount":2179.0,"open_date":"2025-12-09 16:00:00+00:00","close_date":"2025-12-09 18:00:00+00:00","open_rate":0.1463,"close_rate":0.15095,"fee_open":0.001,"fee_close":0.001,"trade_duration":120,"profit_ratio":0.029722498963783994,"profit_abs":9.48464225,"exit_reason":"roi","initial_stop_loss_abs":0.13899,"initial_stop_loss_ratio":-0.05,"stop_loss_abs":0.13899,"stop_loss_ratio":-0.05,"min_rate":0.1463,"max_rate":0.15319,"is_open":false,"enter_tag":"","leverage":1.0,"is_short":false,"open_timestamp":1765296000000,"close_timestamp":1765303200000,"orders":[{"amount":2179.0,"safe_price":0.1463,"ft_order_side":"buy","order_filled_timestamp":1765296000000,"ft_is_entry":true,"ft_order_tag":"","cost":319.1064877},{"amount":2179.0,"safe_price":0.15095,"ft_order_side":"sell","order_filled_timestamp":1765303200000,"ft_is_entry":false,"ft_order_tag":"roi","cost":329.24897004999997}],"funding_fees":0.0,"weekday":1}],"locks":[],"best_pair":{"key":"DOGE/USDT","trades":3,"profit_mean":-0.024678774283837582,"profit_mean_pct":-2.47,"profit_total_abs":-24.48683448,"profit_total":-0.02448683448,"profit_total_pct":-2.45,"duration_avg":"4:00:00","wins":1,"draws":0,"losses":2,"winrate":0.3333333333333333,"cagr":-0.08906894513232,"expectancy":-8.16227816,"expectancy_ratio":-0.4805371414891684,"sortino":-31.848891187382907,"sharpe":-0.38648451298782666,"calmar":-14.196880202353688,"sqn":-0.925,"profit_factor":0.2791942877662475,"max_drawdown_account":0.03397147672999995,"max_drawdown_abs":33.97147673},"worst_pair":{"key":"DOGE/USDT","trades":3,"profit_mean":-0.024678774283837582,"profit_mean_pct":-2.47,"profit_total_abs":-24.48683448,"profit_total":-0.02448683448,"profit_total_pct":-2.45,"duration_avg":"4:00:00","wins":1,"draws":0,"losses":2,"winrate":0.3333333333333333,"cagr":-0.08906894513232,"expectancy":-8.16227816,"expectancy_ratio":-0.4805371414891684,"sortino":-31.848891187382907,"sharpe":-0.38648451298782666,"calmar":-14.196880202353688,"sqn":-0.925,"profit_factor":0.2791942877662475,"max_drawdown_account":0.03397147672999995,"max_drawdown_abs":33.97147673},"results_per_pair":[{"key":"DOGE/USDT","trades":3,"profit_mean":-0.024678774283837582,"profit_mean_pct":-2.47,"profit_total_abs":-24.48683448,"profit_total":-0.02448683448,"profit_total_pct":-2.45,"duration_avg":"4:00:00","wins":1,"draws":0,"losses":2,"winrate":0.3333333333333333,"cagr":-0.08906894513232,"expectancy":-8.16227816,"expectancy_ratio":-0.4805371414891684,"sortino":-31.848891187382907,"sharpe":-0.38648451298782666,"calmar":-14.196880202353688,"sqn":-0.925,"profit_factor":0.2791942877662475,"max_drawdown_account":0.03397147672999995,"max_drawdown_abs":33.97147673},{"key":"TOTAL","trades":3,"profit_mean":-0.024678774283837582,"profit_mean_pct":-2.47,"profit_total_abs":-24.48683448,"profit_total":-0.02448683448,"profit_total_pct":-2.45,"duration_avg":"4:00:00","wins":1,"draws":0,"losses":2,"winrate":0.3333333333333333,"cagr":-0.08906894513232,"expectancy":-8.16227816,"expectancy_ratio":-0.4805371414891684,"sortino":-31.848891187382907,"sharpe":-0.38648451298782666,"calmar":-14.196880202353688,"sqn":-0.925,"profit_factor":0.2791942877662475,"max_drawdown_account":0.03397147672999995,"max_drawdown_abs":33.97147673}],"results_per_enter_tag":[{"key":"","trades":3,"profit_mean":-0.024678774283837582,"profit_mean_pct":-2.47,"profit_total_abs":-24.48683448,"profit_total":-0.02448683448,"profit_total_pct":-2.45,"duration_avg":"4:00:00","wins":1,"draws":0,"losses":2,"winrate":0.3333333333333333,"cagr":-0.08906894513232,"expectancy":-8.16227816,"expectancy_ratio":-0.4805371414891684,"sortino":-31.848891187382907,"sharpe":-0.38648451298782666,"calmar":-14.196880202353688,"sqn":-0.925,"profit_factor":0.2791942877662475,"max_drawdown_account":0.03397147672999995,"max_drawdown_abs":33.97147673},{"key":"TOTAL","trades":3,"profit_mean":-0.024678774283837582,"profit_mean_pct":-2.47,"profit_total_abs":-24.48683448,"profit_total":-0.02448683448,"profit_total_pct":-2.45,"duration_avg":"4:00:00","wins":1,"draws":0,"losses":2,"winrate":0.3333333333333333,"cagr":-0.08906894513232,"expectancy":-8.16227816,"expectancy_ratio":-0.4805371414891684,"sortino":-31.848891187382907,"sharpe":-0.38648451298782666,"calmar":-14.196880202353688,"sqn":-0.925,"profit_factor":0.2791942877662475,"max_drawdown_account":0.03397147672999995,"max_drawdown_abs":33.97147673}],"exit_reason_summary":[{"key":"roi","trades":1,"profit_mean":0.029722498963783994,"profit_mean_pct":2.97,"profit_total_abs":9.48464225,"profit_total":0.00948464225,"profit_total_pct":0.95,"duration_avg":"2:00:00","wins":1,"draws":0,"losses":0,"winrate":1.0,"cagr":0.03615986745362898,"expectancy":9.48464225,"expectancy_ratio":100.0,"sortino":-100,"sharpe":-100,"calmar":-100,"sqn":-100.0,"profit_factor":0.0,"max_drawdown_account":0.0,"max_drawdown_abs":0.0},{"key":"stop_loss","trades":2,"profit_mean":-0.051879410907648374,"profit_mean_pct":-5.19,"profit_total_abs":-33.97147673,"profit_total":-0.03397147673,"profit_total_pct":-3.4,"duration_avg":"5:00:00","wins":0,"draws":0,"losses":2,"winrate":0.0,"cagr":-0.12195073643959431,"expectancy":-16.985738365,"expectancy_ratio":-1.0,"sortino":-44.18512595951033,"sharpe":-44.18512595951033,"calmar":-19.695848633549303,"sqn":-112.1686,"profit_factor":0.0,"max_drawdown_account":0.03397147672999995,"max_drawdown_abs":33.97147673},{"key":"TOTAL","trades":3,"profit_mean":-0.024678774283837582,"profit_mean_pct":-2.47,"profit_total_abs":-24.48683448,"profit_total":-0.02448683448,"profit_total_pct":-2.45,"duration_avg":"4:00:00","wins":1,"draws":0,"losses":2,"winrate":0.3333333333333333,"cagr":-0.08906894513232,"expectancy":-8.16227816,"expectancy_ratio":-0.4805371414891684,"sortino":-31.848891187382907,"sharpe":-0.38648451298782666,"calmar":-14.196880202353688,"sqn":-0.925,"profit_factor":0.2791942877662475,"max_drawdown_account":0.03397147672999995,"max_drawdown_abs":33.97147673}],"mix_tag_stats":[{"key":["","roi"],"trades":1,"profit_mean":0.029722498963783994,"profit_mean_pct":2.97,"profit_total_abs":9.48464225,"profit_total":0.00948464225,"profit_total_pct":0.95,"duration_avg":"2:00:00","wins":1,"draws":0,"losses":0,"winrate":1.0,"cagr":0.03615986745362898,"expectancy":9.48464225,"expectancy_ratio":100.0,"sortino":-100,"sharpe":-100,"calmar":-100,"sqn":-100.0,"profit_factor":0.0,"max_drawdown_account":0.0,"max_drawdown_abs":0.0},{"key":["","stop_loss"],"trades":2,"profit_mean":-0.051879410907648374,"profit_mean_pct":-5.19,"profit_total_abs":-33.97147673,"profit_total":-0.03397147673,"profit_total_pct":-3.4,"duration_avg":"5:00:00","wins":0,"draws":0,"losses":2,"winrate":0.0,"cagr":-0.12195073643959431,"expectancy":-16.985738365,"expectancy_ratio":-1.0,"sortino":-44.18512595951033,"sharpe":-44.18512595951033,"calmar":-19.695848633549303,"sqn":-112.1686,"profit_factor":0.0,"max_drawdown_account":0.03397147672999995,"max_drawdown_abs":33.97147673},{"key":"TOTAL","trades":3,"profit_mean":-0.024678774283837582,"profit_mean_pct":-2.47,"profit_total_abs":-24.48683448,"profit_total":-0.02448683448,"profit_total_pct":-2.45,"duration_avg":"4:00:00","wins":1,"draws":0,"losses":2,"winrate":0.3333333333333333,"cagr":-0.08906894513232,"expectancy":-8.16227816,"expectancy_ratio":-0.4805371414891684,"sortino":-31.848891187382907,"sharpe":-0.38648451298782666,"calmar":-14.196880202353688,"sqn":-0.925,"profit_factor":0.2791942877662475,"max_drawdown_account":0.03397147672999995,"max_drawdown_abs":33.97147673}],"left_open_trades":[{"key":"TOTAL","trades":0,"profit_mean":0.0,"profit_mean_pct":0.0,"profit_total_abs":0.0,"profit_total":0.0,"profit_total_pct":0.0,"duration_avg":"0:00","wins":0,"draws":0,"losses":0,"winrate":0.0,"cagr":0.0,"expectancy":0.0,"expectancy_ratio":100.0,"sortino":0,"sharpe":0,"calmar":0,"sqn":0.0,"profit_factor":0.0,"max_drawdown_account":0.0,"max_drawdown_abs":0.0}],"total_trades":3,"trade_count_long":3,"trade_count_short":0,"total_volume":1925.2578144799998,"avg_stake_amount":324.31633,"profit_mean":-0.024678774283837582,"profit_median":-0.051873007555682936,"profit_total":-0.02448683448,"profit_total_long":-0.02448683448,"profit_total_short":0.0,"profit_total_abs":-24.48683448,"profit_total_long_abs":-24.48683448,"profit_total_short_abs":0.0,"cagr":-0.08906894513232,"expectancy":-8.16227816,"expectancy_ratio":-0.4805371414891684,"sortino":-31.848891187382907,"sharpe":-0.38648451298782666,"calmar":-14.196880202353688,"sqn":-0.925,"profit_factor":0.2791942877662475,"backtest_start":"2025-10-01 00:00:00","backtest_start_ts":1759276800000,"backtest_end":"2026-01-06 20:00:00","backtest_end_ts":1767729600000,"backtest_days":97,"backtest_run_start_ts":1767738460,"backtest_run_end_ts":1767738460,"trades_per_day":0.03,"market_change":-0.36632086436227446,"pairlist":["DOGE/USDT"],"stake_amount":"unlimited","stake_currency":"USDT","stake_currency_decimals":3,"starting_balance":1000,"dry_run_wallet":1000,"final_balance":975.51316552,"rejected_signals":0,"timedout_entry_orders":0,"timedout_exit_orders":0,"canceled_trade_entries":0,"canceled_entry_orders":0,"replaced_entry_orders":0,"max_open_trades":1,"max_open_trades_setting":3,"timeframe":"1h","timeframe_detail":"","timerange":"20251001-","enable_protections":false,"strategy_name":"ACO_19_5","freqaimodel":null,"freqai_identifier":null,"stoploss":-0.05,"trailing_stop":false,"trailing_stop_positive":null,"trailing_stop_positive_offset":0.0,"trailing_only_offset_is_reached":false,"use_custom_stoploss":false,"minimal_roi":{"0":0.1,"60":0.05,"120":0.0},"use_exit_signal":true,"exit_profit_only":false,"exit_profit_offset":0.0,"ignore_roi_if_entry_signal":false,"trading_mode":"spot","margin_mode":"","periodic_breakdown":{"day":[{"date":"22/10/2025","date_ts":1761091200000,"profit_abs":-17.13716875,"wins":0,"draws":0,"losses":1,"trades":1,"profit_factor":0.0},{"date":"23/10/2025","date_ts":1761177600000,"profit_abs":0.0,"wins":0,"draws":0,"losses":0,"trades":0,"profit_factor":0.0},{"date":"24/10/2025","date_ts":1761264000000,"profit_abs":0.0,"wins":0,"draws":0,"losses":0,"trades":0,"profit_factor":0.0},{"date":"25/10/2025","date_ts":1761350400000,"profit_abs":0.0,"wins":0,"draws":0,"losses":0,"trades":0,"profit_factor":0.0},{"date":"26/10/2025","date_ts":1761436800000,"profit_abs":0.0,"wins":0,"draws":0,"losses":0,"trades":0,"profit_factor":0.0},{"date":"27/10/2025","date_ts":1761523200000,"profit_abs":0.0,"wins":0,"draws":0,"losses":0,"trades":0,"profit_factor":0.0},{"date":"28/10/2025","date_ts":1761609600000,"profit_abs":0.0,"wins":0,"draws":0,"losses":0,"trades":0,"profit_factor":0.0},{"date":"29/10/2025","date_ts":1761696000000,"profit_abs":0.0,"wins":0,"draws":0,"losses":0,"trades":0,"profit_factor":0.0},{"date":"30/10/2025","date_ts":1761782400000,"profit_abs":0.0,"wins":0,"draws":0,"losses":0,"trades":0,"profit_factor":0.0},{"date":"31/10/2025","date_ts":1761868800000,"profit_abs":0.0,"wins":0,"draws":0,"losses":0,"trades":0,"profit_factor":0.0},{"date":"01/11/2025","date_ts":1761955200000,"profit_abs":0.0,"wins":0,"draws":0,"losses":0,"trades":0,"profit_factor":0.0},{"date":"02/11/2025","date_ts":1762041600000,"profit_abs":0.0,"wins":0,"draws":0,"losses":0,"trades":0,"profit_factor":0.0},{"date":"03/11/2025","date_ts":1762128000000,"profit_abs":0.0,"wins":0,"draws":0,"losses":0,"trades":0,"profit_factor":0.0},{"date":"04/11/2025","date_ts":1762214400000,"profit_abs":0.0,"wins":0,"draws":0,"losses":0,"trades":0,"profit_factor":0.0},{"date":"05/11/2025","date_ts":1762300800000,"profit_abs":0.0,"wins":0,"draws":0,"losses":0,"trades":0,"profit_factor":0.0},{"date":"06/11/2025","date_ts":1762387200000,"profit_abs":0.0,"wins":0,"draws":0,"losses":0,"trades":0,"profit_factor":0.0},{"date":"07/11/2025","date_ts":1762473600000,"profit_abs":0.0,"wins":0,"draws":0,"losses":0,"trades":0,"profit_factor":0.0},{"date":"08/11/2025","date_ts":1762560000000,"profit_abs":0.0,"wins":0,"draws":0,"losses":0,"trades":0,"profit_factor":0.0},{"date":"09/11/2025","date_ts":1762646400000,"profit_abs":0.0,"wins":0,"draws":0,"losses":0,"trades":0,"profit_factor":0.0},{"date":"10/11/2025","date_ts":1762732800000,"profit_abs":0.0,"wins":0,"draws":0,"losses":0,"trades":0,"profit_factor":0.0},{"date":"11/11/2025","date_ts":1762819200000,"profit_abs":0.0,"wins":0,"draws":0,"losses":0,"trades":0,"profit_factor":0.0},{"date":"12/11/2025","date_ts":1762905600000,"profit_abs":0.0,"wins":0,"draws":0,"losses":0,"trades":0,"profit_factor":0.0},{"date":"13/11/2025","date_ts":1762992000000,"profit_abs":0.0,"wins":0,"draws":0,"losses":0,"trades":0,"profit_factor":0.0},{"date":"14/11/2025","date_ts":1763078400000,"profit_abs":0.0,"wins":0,"draws":0,"losses":0,"trades":0,"profit_factor":0.0},{"date":"15/11/2025","date_ts":1763164800000,"profit_abs":0.0,"wins":0,"draws":0,"losses":0,"trades":0,"profit_factor":0.0},{"date":"16/11/2025","date_ts":1763251200000,"profit_abs":0.0,"wins":0,"draws":0,"losses":0,"trades":0,"profit_factor":0.0},{"date":"17/11/2025","date_ts":1763337600000,"profit_abs":0.0,"wins":0,"draws":0,"losses":0,"trades":0,"profit_factor":0.0},{"date":"18/11/2025","date_ts":1763424000000,"profit_abs":0.0,"wins":0,"draws":0,"losses":0,"trades":0,"profit_factor":0.0},{"date":"19/11/2025","date_ts":1763510400000,"profit_abs":0.0,"wins":0,"draws":0,"losses":0,"trades":0,"profit_factor":0.0},{"date":"20/11/2025","date_ts":1763596800000,"profit_abs":-16.83430798,"wins":0,"draws":0,"losses":1,"trades":1,"profit_factor":0.0},{"date":"21/11/2025","date_ts":1763683200000,"profit_abs":0.0,"wins":0,"draws":0,"losses":0,"trades":0,"profit_factor":0.0},{"date":"22/11/2025","date_ts":1763769600000,"profit_abs":0.0,"wins":0,"draws":0,"losses":0,"trades":0,"profit_factor":0.0},{"date":"23/11/2025","date_ts":1763856000000,"profit_abs":0.0,"wins":0,"draws":0,"losses":0,"trades":0,"profit_factor":0.0},{"date":"24/11/2025","date_ts":1763942400000,"profit_abs":0.0,"wins":0,"draws":0,"losses":0,"trades":0,"profit_factor":0.0},{"date":"25/11/2025","date_ts":1764028800000,"profit_abs":0.0,"wins":0,"draws":0,"losses":0,"trades":0,"profit_factor":0.0},{"date":"26/11/2025","date_ts":1764115200000,"profit_abs":0.0,"wins":0,"draws":0,"losses":0,"trades":0,"profit_factor":0.0},{"date":"27/11/2025","date_ts":1764201600000,"profit_abs":0.0,"wins":0,"draws":0,"losses":0,"trades":0,"profit_factor":0.0},{"date":"28/11/2025","date_ts":1764288000000,"profit_abs":0.0,"wins":0,"draws":0,"losses":0,"trades":0,"profit_factor":0.0},{"date":"29/11/2025","date_ts":1764374400000,"profit_abs":0.0,"wins":0,"draws":0,"losses":0,"trades":0,"profit_factor":0.0},{"date":"30/11/2025","date_ts":1764460800000,"profit_abs":0.0,"wins":0,"draws":0,"losses":0,"trades":0,"profit_factor":0.0},{"date":"01/12/2025","date_ts":1764547200000,"profit_abs":0.0,"wins":0,"draws":0,"losses":0,"trades":0,"profit_factor":0.0},{"date":"02/12/2025","date_ts":1764633600000,"profit_abs":0.0,"wins":0,"draws":0,"losses":0,"trades":0,"profit_factor":0.0},{"date":"03/12/2025","date_ts":1764720000000,"profit_abs":0.0,"wins":0,"draws":0,"losses":0,"trades":0,"profit_factor":0.0},{"date":"04/12/2025","date_ts":1764806400000,"profit_abs":0.0,"wins":0,"draws":0,"losses":0,"trades":0,"profit_factor":0.0},{"date":"05/12/2025","date_ts":1764892800000,"profit_abs":0.0,"wins":0,"draws":0,"losses":0,"trades":0,"profit_factor":0.0},{"date":"06/12/2025","date_ts":1764979200000,"profit_abs":0.0,"wins":0,"draws":0,"losses":0,"trades":0,"profit_factor":0.0},{"date":"07/12/2025","date_ts":1765065600000,"profit_abs":0.0,"wins":0,"draws":0,"losses":0,"trades":0,"profit_factor":0.0},{"date":"08/12/2025","date_ts":1765152000000,"profit_abs":0.0,"wins":0,"draws":0,"losses":0,"trades":0,"profit_factor":0.0},{"date":"09/12/2025","date_ts":1765238400000,"profit_abs":9.48464225,"wins":1,"draws":0,"losses":0,"trades":1,"profit_factor":0.0}],"week":[{"date":"27/10/2025","date_ts":1761523200000,"profit_abs":-17.13716875,"wins":0,"draws":0,"losses":1,"trades":1,"profit_factor":0.0},{"date":"03/11/2025","date_ts":1762128000000,"profit_abs":0.0,"wins":0,"draws":0,"losses":0,"trades":0,"profit_factor":0.0},{"date":"10/11/2025","date_ts":1762732800000,"profit_abs":0.0,"wins":0,"draws":0,"losses":0,"trades":0,"profit_factor":0.0},{"date":"17/11/2025","date_ts":1763337600000,"profit_abs":0.0,"wins":0,"draws":0,"losses":0,"trades":0,"profit_factor":0.0},{"date":"24/11/2025","date_ts":1763942400000,"profit_abs":-16.83430798,"wins":0,"draws":0,"losses":1,"trades":1,"profit_factor":0.0},{"date":"01/12/2025","date_ts":1764547200000,"profit_abs":0.0,"wins":0,"draws":0,"losses":0,"trades":0,"profit_factor":0.0},{"date":"08/12/2025","date_ts":1765152000000,"profit_abs":0.0,"wins":0,"draws":0,"losses":0,"trades":0,"profit_factor":0.0},{"date":"15/12/2025","date_ts":1765756800000,"profit_abs":9.48464225,"wins":1,"draws":0,"losses":0,"trades":1,"profit_factor":0.0}],"month":[{"date":"31/10/2025","date_ts":1761868800000,"profit_abs":-17.13716875,"wins":0,"draws":0,"losses":1,"trades":1,"profit_factor":0.0},{"date":"30/11/2025","date_ts":1764460800000,"profit_abs":-16.83430798,"wins":0,"draws":0,"losses":1,"trades":1,"profit_factor":0.0},{"date":"31/12/2025","date_ts":1767139200000,"profit_abs":9.48464225,"wins":1,"draws":0,"losses":0,"trades":1,"profit_factor":0.0}],"year":[{"date":"31/12/2025","date_ts":1767139200000,"profit_abs":-24.48683448,"wins":1,"draws":0,"losses":2,"trades":3,"profit_factor":0.27919429}],"weekday":[{"date":"Tuesday","date_ts":1,"profit_abs":9.48464225,"wins":1,"draws":0,"losses":0,"trades":1,"profit_factor":0.0},{"date":"Wednesday","date_ts":2,"profit_abs":-17.13716875,"wins":0,"draws":0,"losses":1,"trades":1,"profit_factor":0.0},{"date":"Thursday","date_ts":3,"profit_abs":-16.83430798,"wins":0,"draws":0,"losses":1,"trades":1,"profit_factor":0.0}]},"backtest_best_day":0.029722498963783994,"backtest_worst_day":-0.05188581425961381,"backtest_best_day_abs":9.48464225,"backtest_worst_day_abs":-17.13716875,"winning_days":1,"draw_days":46,"losing_days":2,"daily_profit":[["2025-10-22",-17.13716875],["2025-10-23",0.0],["2025-10-24",0.0],["2025-10-25",0.0],["2025-10-26",0.0],["2025-10-27",0.0],["2025-10-28",0.0],["2025-10-29",0.0],["2025-10-30",0.0],["2025-10-31",0.0],["2025-11-01",0.0],["2025-11-02",0.0],["2025-11-03",0.0],["2025-11-04",0.0],["2025-11-05",0.0],["2025-11-06",0.0],["2025-11-07",0.0],["2025-11-08",0.0],["2025-11-09",0.0],["2025-11-10",0.0],["2025-11-11",0.0],["2025-11-12",0.0],["2025-11-13",0.0],["2025-11-14",0.0],["2025-11-15",0.0],["2025-11-16",0.0],["2025-11-17",0.0],["2025-11-18",0.0],["2025-11-19",0.0],["2025-11-20",-16.83430798],["2025-11-21",0.0],["2025-11-22",0.0],["2025-11-23",0.0],["2025-11-24",0.0],["2025-11-25",0.0],["2025-11-26",0.0],["2025-11-27",0.0],["2025-11-28",0.0],["2025-11-29",0.0],["2025-11-30",0.0],["2025-12-01",0.0],["2025-12-02",0.0],["2025-12-03",0.0],["2025-12-04",0.0],["2025-12-05",0.0],["2025-12-06",0.0],["2025-12-07",0.0],["2025-12-08",0.0],["2025-12-09",9.48464225]],"wins":1,"losses":2,"draws":0,"winrate":0.3333333333333333,"holding_avg":"4:00:00","holding_avg_s":14400.0,"winner_holding_min":"0d 02:00","winner_holding_min_s":7200.0,"winner_holding_max":"0d 02:00","winner_holding_max_s":7200.0,"winner_holding_avg":"0d 02:00","winner_holding_avg_s":7200.0,"loser_holding_min":"0d 01:00","loser_holding_min_s":3600.0,"loser_holding_max":"0d 09:00","loser_holding_max_s":32400.0,"loser_holding_avg":"0d 05:00","loser_holding_avg_s":18000.0,"max_consecutive_wins":1,"max_consecutive_losses":2,"max_drawdown_account":0.03397147672999995,"max_relative_drawdown":0.03397147672999995,"max_drawdown_abs":33.97147673,"drawdown_start":"2025-10-22 00:00:00","drawdown_start_ts":1761091200000.0,"drawdown_end":"2025-11-20 16:00:00","drawdown_end_ts":1763654400000.0,"drawdown_duration":"29 days 16:00:00","drawdown_duration_s":2563200.0,"max_drawdown_low":-33.97147673,"max_drawdown_high":0.0,"csum_min":966.02852327,"csum_max":982.86283125}},"strategy_comparison":[{"key":"ACO_19_5","trades":3,"profit_mean":-0.024678774283837582,"profit_mean_pct":-2.47,"profit_total_abs":-24.48683448,"profit_total":-0.02448683448,"profit_total_pct":-2.45,"duration_avg":"4:00:00","wins":1,"draws":0,"losses":2,"winrate":0.3333333333333333,"cagr":-0.08906894513232,"expectancy":-8.16227816,"expectancy_ratio":-0.4805371414891684,"sortino":-31.848891187382907,"sharpe":-0.38648451298782666,"calmar":-14.196880202353688,"sqn":-0.925,"profit_factor":0.2791942877662475,"max_drawdown_account":0.03397147672999995,"max_drawdown_abs":"33.971"}]}