{"strategy":{"ACO_29_3":{"trades":[{"pair":"DOGE/USDT","stake_amount":329.93226,"max_stake_amount":329.93226,"amount":2482.0,"open_date":"2025-12-01 18:00:00+00:00","close_date":"2025-12-01 20:00:00+00:00","open_rate":0.13293,"close_rate":0.13327,"fee_open":0.001,"fee_close":0.001,"trade_duration":120,"profit_ratio":0.0005546247929457137,"profit_abs":0.1831716,"exit_reason":"roi","initial_stop_loss_abs":0.12629,"initial_stop_loss_ratio":-0.05,"stop_loss_abs":0.12629,"stop_loss_ratio":-0.05,"min_rate":0.13262,"max_rate":0.13493,"is_open":false,"enter_tag":"","leverage":1.0,"is_short":false,"open_timestamp":1764612000000,"close_timestamp":1764619200000,"orders":[{"amount":2482.0,"safe_price":0.13293,"ft_order_side":"buy","order_filled_timestamp":1764612000000,"ft_is_entry":true,"ft_order_tag":"","cost":330.26219225999995},{"amount":2482.0,"safe_price":0.13327,"ft_order_side":"sell","order_filled_timestamp":1764619200000,"ft_is_entry":false,"ft_order_tag":"roi","cost":331.10691613999995}],"funding_fees":0.0,"weekday":0},{"pair":"DOGE/USDT","stake_amount":330.04944,"max_stake_amount":330.04944,"amount":2466.0,"open_date":"2025-12-14 22:00:00+00:00","close_date":"2025-12-15 00:00:00+00:00","open_rate":0.13384,"close_rate":0.13410794794794792,"fee_open":0.001,"fee_close":0.001,"trade_duration":120,"profit_ratio":0.0,"profit_abs":0.0,"exit_reason":"roi","initial_stop_loss_abs":0.12715,"initial_stop_loss_ratio":-0.05,"stop_loss_abs":0.12715,"stop_loss_ratio":-0.05,"min_rate":0.13261,"max_rate":0.1353,"is_open":false,"enter_tag":"","leverage":1.0,"is_short":false,"open_timestamp":1765749600000,"close_timestamp":1765756800000,"orders":[{"amount":2466.0,"safe_price":0.13384,"ft_order_side":"buy","order_filled_timestamp":1765749600000,"ft_is_entry":true,"ft_order_tag":"","cost":330.37948943999993},{"amount":2466.0,"safe_price":0.13410794794794792,"ft_order_side":"sell","order_filled_timestamp":1765756800000,"ft_is_entry":false,"ft_order_tag":"roi","cost":331.0409098392792}],"funding_fees":0.0,"weekday":0}],"locks":[],"best_pair":{"key":"DOGE/USDT","trades":2,"profit_mean":0.00027731239647285687,"profit_mean_pct":0.03,"profit_total_abs":0.1831716,"profit_total":0.0001831716,"profit_total_pct":0.02,"duration_avg":"2:00:00","wins":1,"draws":1,"losses":0,"winrate":0.5,"cagr":0.0006894283871712314,"expectancy":0.0915858,"expectancy_ratio":100.0,"sortino":-100,"sharpe":0.3939169726709855,"calmar":-100,"sqn":1.0,"profit_factor":0.0,"max_drawdown_account":0.0,"max_drawdown_abs":0.0},"worst_pair":{"key":"DOGE/USDT","trades":2,"profit_mean":0.00027731239647285687,"profit_mean_pct":0.03,"profit_total_abs":0.1831716,"profit_total":0.0001831716,"profit_total_pct":0.02,"duration_avg":"2:00:00","wins":1,"draws":1,"losses":0,"winrate":0.5,"cagr":0.0006894283871712314,"expectancy":0.0915858,"expectancy_ratio":100.0,"sortino":-100,"sharpe":0.3939169726709855,"calmar":-100,"sqn":1.0,"profit_factor":0.0,"max_drawdown_account":0.0,"max_drawdown_abs":0.0},"results_per_pair":[{"key":"DOGE/USDT","trades":2,"profit_mean":0.00027731239647285687,"profit_mean_pct":0.03,"profit_total_abs":0.1831716,"profit_total":0.0001831716,"profit_total_pct":0.02,"duration_avg":"2:00:00","wins":1,"draws":1,"losses":0,"winrate":0.5,"cagr":0.0006894283871712314,"expectancy":0.0915858,"expectancy_ratio":100.0,"sortino":-100,"sharpe":0.3939169726709855,"calmar":-100,"sqn":1.0,"profit_factor":0.0,"max_drawdown_account":0.0,"max_drawdown_abs":0.0},{"key":"TOTAL","trades":2,"profit_mean":0.00027731239647285687,"profit_mean_pct":0.03,"profit_total_abs":0.1831716,"profit_total":0.0001831716,"profit_total_pct":0.02,"duration_avg":"2:00:00","wins":1,"draws":1,"losses":0,"winrate":0.5,"cagr":0.0006894283871712314,"expectancy":0.0915858,"expectancy_ratio":100.0,"sortino":-100,"sharpe":0.3939169726709855,"calmar":-100,"sqn":1.0,"profit_factor":0.0,"max_drawdown_account":0.0,"max_drawdown_abs":0.0}],"results_per_enter_tag":[{"key":"","trades":2,"profit_mean":0.00027731239647285687,"profit_mean_pct":0.03,"profit_total_abs":0.1831716,"profit_total":0.0001831716,"profit_total_pct":0.02,"duration_avg":"2:00:00","wins":1,"draws":1,"losses":0,"winrate":0.5,"cagr":0.0006894283871712314,"expectancy":0.0915858,"expectancy_ratio":100.0,"sortino":-100,"sharpe":0.3939169726709855,"calmar":-100,"sqn":1.0,"profit_factor":0.0,"max_drawdown_account":0.0,"max_drawdown_abs":0.0},{"key":"TOTAL","trades":2,"profit_mean":0.00027731239647285687,"profit_mean_pct":0.03,"profit_total_abs":0.1831716,"profit_total":0.0001831716,"profit_total_pct":0.02,"duration_avg":"2:00:00","wins":1,"draws":1,"losses":0,"winrate":0.5,"cagr":0.0006894283871712314,"expectancy":0.0915858,"expectancy_ratio":100.0,"sortino":-100,"sharpe":0.3939169726709855,"calmar":-100,"sqn":1.0,"profit_factor":0.0,"max_drawdown_account":0.0,"max_drawdown_abs":0.0}],"exit_reason_summary":[{"key":"roi","trades":2,"profit_mean":0.00027731239647285687,"profit_mean_pct":0.03,"profit_total_abs":0.1831716,"profit_total":0.0001831716,"profit_total_pct":0.02,"duration_avg":"2:00:00","wins":1,"draws":1,"losses":0,"winrate":0.5,"cagr":0.0006894283871712314,"expectancy":0.0915858,"expectancy_ratio":100.0,"sortino":-100,"sharpe":0.3939169726709855,"calmar":-100,"sqn":1.0,"profit_factor":0.0,"max_drawdown_account":0.0,"max_drawdown_abs":0.0},{"key":"TOTAL","trades":2,"profit_mean":0.00027731239647285687,"profit_mean_pct":0.03,"profit_total_abs":0.1831716,"profit_total":0.0001831716,"profit_total_pct":0.02,"duration_avg":"2:00:00","wins":1,"draws":1,"losses":0,"winrate":0.5,"cagr":0.0006894283871712314,"expectancy":0.0915858,"expectancy_ratio":100.0,"sortino":-100,"sharpe":0.3939169726709855,"calmar":-100,"sqn":1.0,"profit_factor":0.0,"max_drawdown_account":0.0,"max_drawdown_abs":0.0}],"mix_tag_stats":[{"key":["","roi"],"trades":2,"profit_mean":0.00027731239647285687,"profit_mean_pct":0.03,"profit_total_abs":0.1831716,"profit_total":0.0001831716,"profit_total_pct":0.02,"duration_avg":"2:00:00","wins":1,"draws":1,"losses":0,"winrate":0.5,"cagr":0.0006894283871712314,"expectancy":0.0915858,"expectancy_ratio":100.0,"sortino":-100,"sharpe":0.3939169726709855,"calmar":-100,"sqn":1.0,"profit_factor":0.0,"max_drawdown_account":0.0,"max_drawdown_abs":0.0},{"key":"TOTAL","trades":2,"profit_mean":0.00027731239647285687,"profit_mean_pct":0.03,"profit_total_abs":0.1831716,"profit_total":0.0001831716,"profit_total_pct":0.02,"duration_avg":"2:00:00","wins":1,"draws":1,"losses":0,"winrate":0.5,"cagr":0.0006894283871712314,"expectancy":0.0915858,"expectancy_ratio":100.0,"sortino":-100,"sharpe":0.3939169726709855,"calmar":-100,"sqn":1.0,"profit_factor":0.0,"max_drawdown_account":0.0,"max_drawdown_abs":0.0}],"left_open_trades":[{"key":"TOTAL","trades":0,"profit_mean":0.0,"profit_mean_pct":0.0,"profit_total_abs":0.0,"profit_total":0.0,"profit_total_pct":0.0,"duration_avg":"0:00","wins":0,"draws":0,"losses":0,"winrate":0.0,"cagr":0.0,"expectancy":0.0,"expectancy_ratio":100.0,"sortino":0,"sharpe":0,"calmar":0,"sqn":0.0,"profit_factor":0.0,"max_drawdown_account":0.0,"max_drawdown_abs":0.0}],"total_trades":2,"trade_count_long":2,"trade_count_short":0,"total_volume":1322.789507679279,"avg_stake_amount":329.99085,"profit_mean":0.00027731239647285687,"profit_median":0.00027731239647285687,"profit_total":0.0001831716,"profit_total_long":0.0001831716,"profit_total_short":0.0,"profit_total_abs":0.1831716,"profit_total_long_abs":0.1831716,"profit_total_short_abs":0.0,"cagr":0.0006894283871712314,"expectancy":0.0915858,"expectancy_ratio":100.0,"sortino":-100,"sharpe":0.3939169726709855,"calmar":-100,"sqn":1.0,"profit_factor":0.0,"backtest_start":"2025-10-01 00:00:00","backtest_start_ts":1759276800000,"backtest_end":"2026-01-06 20:00:00","backtest_end_ts":1767729600000,"backtest_days":97,"backtest_run_start_ts":1767741504,"backtest_run_end_ts":1767741504,"trades_per_day":0.02,"market_change":-0.36632086436227446,"pairlist":["DOGE/USDT"],"stake_amount":"unlimited","stake_currency":"USDT","stake_currency_decimals":3,"starting_balance":1000,"dry_run_wallet":1000,"final_balance":1000.1831716,"rejected_signals":0,"timedout_entry_orders":0,"timedout_exit_orders":0,"canceled_trade_entries":0,"canceled_entry_orders":0,"replaced_entry_orders":0,"max_open_trades":1,"max_open_trades_setting":3,"timeframe":"1h","timeframe_detail":"","timerange":"20251001-","enable_protections":false,"strategy_name":"ACO_29_3","freqaimodel":null,"freqai_identifier":null,"stoploss":-0.05,"trailing_stop":false,"trailing_stop_positive":null,"trailing_stop_positive_offset":0.0,"trailing_only_offset_is_reached":false,"use_custom_stoploss":false,"minimal_roi":{"0":0.1,"60":0.05,"120":0.0},"use_exit_signal":true,"exit_profit_only":false,"exit_profit_offset":0.0,"ignore_roi_if_entry_signal":false,"trading_mode":"spot","margin_mode":"","periodic_breakdown":{"day":[{"date":"01/12/2025","date_ts":1764547200000,"profit_abs":0.1831716,"wins":1,"draws":0,"losses":0,"trades":1,"profit_factor":0.0},{"date":"02/12/2025","date_ts":1764633600000,"profit_abs":0.0,"wins":0,"draws":0,"losses":0,"trades":0,"profit_factor":0.0},{"date":"03/12/2025","date_ts":1764720000000,"profit_abs":0.0,"wins":0,"draws":0,"losses":0,"trades":0,"profit_factor":0.0},{"date":"04/12/2025","date_ts":1764806400000,"profit_abs":0.0,"wins":0,"draws":0,"losses":0,"trades":0,"profit_factor":0.0},{"date":"05/12/2025","date_ts":1764892800000,"profit_abs":0.0,"wins":0,"draws":0,"losses":0,"trades":0,"profit_factor":0.0},{"date":"06/12/2025","date_ts":1764979200000,"profit_abs":0.0,"wins":0,"draws":0,"losses":0,"trades":0,"profit_factor":0.0},{"date":"07/12/2025","date_ts":1765065600000,"profit_abs":0.0,"wins":0,"draws":0,"losses":0,"trades":0,"profit_factor":0.0},{"date":"08/12/2025","date_ts":1765152000000,"profit_abs":0.0,"wins":0,"draws":0,"losses":0,"trades":0,"profit_factor":0.0},{"date":"09/12/2025","date_ts":1765238400000,"profit_abs":0.0,"wins":0,"draws":0,"losses":0,"trades":0,"profit_factor":0.0},{"date":"10/12/2025","date_ts":1765324800000,"profit_abs":0.0,"wins":0,"draws":0,"losses":0,"trades":0,"profit_factor":0.0},{"date":"11/12/2025","date_ts":1765411200000,"profit_abs":0.0,"wins":0,"draws":0,"losses":0,"trades":0,"profit_factor":0.0},{"date":"12/12/2025","date_ts":1765497600000,"profit_abs":0.0,"wins":0,"draws":0,"losses":0,"trades":0,"profit_factor":0.0},{"date":"13/12/2025","date_ts":1765584000000,"profit_abs":0.0,"wins":0,"draws":0,"losses":0,"trades":0,"profit_factor":0.0},{"date":"14/12/2025","date_ts":1765670400000,"profit_abs":0.0,"wins":0,"draws":0,"losses":0,"trades":0,"profit_factor":0.0},{"date":"15/12/2025","date_ts":1765756800000,"profit_abs":0.0,"wins":0,"draws":1,"losses":0,"trades":1,"profit_factor":0.0}],"week":[{"date":"01/12/2025","date_ts":1764547200000,"profit_abs":0.1831716,"wins":1,"draws":0,"losses":0,"trades":1,"profit_factor":0.0},{"date":"08/12/2025","date_ts":1765152000000,"profit_abs":0.0,"wins":0,"draws":0,"losses":0,"trades":0,"profit_factor":0.0},{"date":"15/12/2025","date_ts":1765756800000,"profit_abs":0.0,"wins":0,"draws":1,"losses":0,"trades":1,"profit_factor":0.0}],"month":[{"date":"31/12/2025","date_ts":1767139200000,"profit_abs":0.1831716,"wins":1,"draws":1,"losses":0,"trades":2,"profit_factor":0.0}],"year":[{"date":"31/12/2025","date_ts":1767139200000,"profit_abs":0.1831716,"wins":1,"draws":1,"losses":0,"trades":2,"profit_factor":0.0}],"weekday":[{"date":"Monday","date_ts":0,"profit_abs":0.1831716,"wins":1,"draws":1,"losses":0,"trades":2,"profit_factor":0.0}]},"backtest_best_day":0.0005546247929457137,"backtest_worst_day":0.0,"backtest_best_day_abs":0.1831716,"backtest_worst_day_abs":0.0,"winning_days":1,"draw_days":14,"losing_days":0,"daily_profit":[["2025-12-01",0.1831716],["2025-12-02",0.0],["2025-12-03",0.0],["2025-12-04",0.0],["2025-12-05",0.0],["2025-12-06",0.0],["2025-12-07",0.0],["2025-12-08",0.0],["2025-12-09",0.0],["2025-12-10",0.0],["2025-12-11",0.0],["2025-12-12",0.0],["2025-12-13",0.0],["2025-12-14",0.0],["2025-12-15",0.0]],"wins":1,"losses":0,"draws":1,"winrate":0.5,"holding_avg":"2:00:00","holding_avg_s":7200.0,"winner_holding_min":"0d 02:00","winner_holding_min_s":7200.0,"winner_holding_max":"0d 02:00","winner_holding_max_s":7200.0,"winner_holding_avg":"0d 02:00","winner_holding_avg_s":7200.0,"loser_holding_min":"0d 00:00","loser_holding_min_s":0.0,"loser_holding_max":"0d 00:00","loser_holding_max_s":0.0,"loser_holding_avg":"0d 00:00","loser_holding_avg_s":0.0,"max_consecutive_wins":1,"max_consecutive_losses":1,"max_drawdown_account":0.0,"max_relative_drawdown":0.0,"max_drawdown_abs":0.0,"drawdown_start":"2025-12-01 20:00:00","drawdown_start_ts":1764619200000.0,"drawdown_end":"2025-12-01 20:00:00","drawdown_end_ts":1764619200000.0,"drawdown_duration":"0 days 00:00:00","drawdown_duration_s":0.0,"max_drawdown_low":0.0,"max_drawdown_high":0.0,"csum_min":1000.1831716,"csum_max":1000.1831716}},"strategy_comparison":[{"key":"ACO_29_3","trades":2,"profit_mean":0.00027731239647285687,"profit_mean_pct":0.03,"profit_total_abs":0.1831716,"profit_total":0.0001831716,"profit_total_pct":0.02,"duration_avg":"2:00:00","wins":1,"draws":1,"losses":0,"winrate":0.5,"cagr":0.0006894283871712314,"expectancy":0.0915858,"expectancy_ratio":100.0,"sortino":-100,"sharpe":0.3939169726709855,"calmar":-100,"sqn":1.0,"profit_factor":0.0,"max_drawdown_account":0.0,"max_drawdown_abs":"0"}]}