{"strategy":{"ACO_71_15":{"trades":[{"pair":"DOGE/USDT","stake_amount":329.946,"max_stake_amount":329.946,"amount":1270.0,"open_date":"2025-10-03 19:00:00+00:00","close_date":"2025-10-03 21:00:00+00:00","open_rate":0.2598,"close_rate":0.26032012012012007,"fee_open":0.001,"fee_close":0.001,"trade_duration":120,"profit_ratio":0.0,"profit_abs":0.0,"exit_reason":"roi","initial_stop_loss_abs":0.24681,"initial_stop_loss_ratio":-0.05,"stop_loss_abs":0.24681,"stop_loss_ratio":-0.05,"min_rate":0.25796,"max_rate":0.26123,"is_open":false,"enter_tag":"","leverage":1.0,"is_short":false,"open_timestamp":1759518000000,"close_timestamp":1759525200000,"orders":[{"amount":1270.0,"safe_price":0.2598,"ft_order_side":"buy","order_filled_timestamp":1759518000000,"ft_is_entry":true,"ft_order_tag":"","cost":330.2759459999999},{"amount":1270.0,"safe_price":0.26032012012012007,"ft_order_side":"sell","order_filled_timestamp":1759525200000,"ft_is_entry":false,"ft_order_tag":"roi","cost":330.937159105105}],"funding_fees":0.0,"weekday":4},{"pair":"DOGE/USDT","stake_amount":329.93064,"max_stake_amount":329.93064,"amount":1313.0,"open_date":"2025-10-10 04:00:00+00:00","close_date":"2025-10-10 06:00:00+00:00","open_rate":0.25128,"close_rate":0.25199,"fee_open":0.001,"fee_close":0.001,"trade_duration":120,"profit_ratio":0.0008218858505391456,"profit_abs":0.27143649,"exit_reason":"roi","initial_stop_loss_abs":0.23872,"initial_stop_loss_ratio":-0.05,"stop_loss_abs":0.23872,"stop_loss_ratio":-0.05,"min_rate":0.24856,"max_rate":0.25296,"is_open":false,"enter_tag":"","leverage":1.0,"is_short":false,"open_timestamp":1760068800000,"close_timestamp":1760076000000,"orders":[{"amount":1313.0,"safe_price":0.25128,"ft_order_side":"buy","order_filled_timestamp":1760068800000,"ft_is_entry":true,"ft_order_tag":"","cost":330.26057063999997},{"amount":1313.0,"safe_price":0.25199,"ft_order_side":"sell","order_filled_timestamp":1760076000000,"ft_is_entry":false,"ft_order_tag":"roi","cost":331.19373286999996}],"funding_fees":0.0,"weekday":4},{"pair":"DOGE/USDT","stake_amount":329.84224,"max_stake_amount":329.84224,"amount":1316.0,"open_date":"2025-10-10 11:00:00+00:00","close_date":"2025-10-10 13:00:00+00:00","open_rate":0.25064,"close_rate":0.2511417817817817,"fee_open":0.001,"fee_close":0.001,"trade_duration":120,"profit_ratio":0.0,"profit_abs":0.0,"exit_reason":"roi","initial_stop_loss_abs":0.23811,"initial_stop_loss_ratio":-0.05,"stop_loss_abs":0.23811,"stop_loss_ratio":-0.05,"min_rate":0.24958,"max_rate":0.25403,"is_open":false,"enter_tag":"","leverage":1.0,"is_short":false,"open_timestamp":1760094000000,"close_timestamp":1760101200000,"orders":[{"amount":1316.0,"safe_price":0.25064,"ft_order_side":"buy","order_filled_timestamp":1760094000000,"ft_is_entry":true,"ft_order_tag":"","cost":330.1720822399999},{"amount":1316.0,"safe_price":0.2511417817817817,"ft_order_side":"sell","order_filled_timestamp":1760101200000,"ft_is_entry":false,"ft_order_tag":"roi","cost":330.8330874096495}],"funding_fees":0.0,"weekday":4},{"pair":"DOGE/USDT","stake_amount":329.90748,"max_stake_amount":329.90748,"amount":1682.0,"open_date":"2025-10-12 15:00:00+00:00","close_date":"2025-10-12 16:00:00+00:00","open_rate":0.19614,"close_rate":0.2063494894894895,"fee_open":0.001,"fee_close":0.001,"trade_duration":60,"profit_ratio":0.04995004995004996,"profit_abs":16.495374,"exit_reason":"roi","initial_stop_loss_abs":0.18634,"initial_stop_loss_ratio":-0.05,"stop_loss_abs":0.18634,"stop_loss_ratio":-0.05,"min_rate":0.19562,"max_rate":0.2095,"is_open":false,"enter_tag":"","leverage":1.0,"is_short":false,"open_timestamp":1760281200000,"close_timestamp":1760284800000,"orders":[{"amount":1682.0,"safe_price":0.19614,"ft_order_side":"buy","order_filled_timestamp":1760281200000,"ft_is_entry":true,"ft_order_tag":"","cost":330.23738748},{"amount":1682.0,"safe_price":0.2063494894894895,"ft_order_side":"sell","order_filled_timestamp":1760284800000,"ft_is_entry":false,"ft_order_tag":"roi","cost":347.4269211626426}],"funding_fees":0.0,"weekday":6},{"pair":"DOGE/USDT","stake_amount":335.40984,"max_stake_amount":335.40984,"amount":1784.0,"open_date":"2025-10-18 12:00:00+00:00","close_date":"2025-10-18 17:00:00+00:00","open_rate":0.18801,"close_rate":0.1883863963963964,"fee_open":0.001,"fee_close":0.001,"trade_duration":300,"profit_ratio":0.0,"profit_abs":0.0,"exit_reason":"roi","initial_stop_loss_abs":0.17861,"initial_stop_loss_ratio":-0.05,"stop_loss_abs":0.17861,"stop_loss_ratio":-0.05,"min_rate":0.18586,"max_rate":0.1903,"is_open":false,"enter_tag":"","leverage":1.0,"is_short":false,"open_timestamp":1760788800000,"close_timestamp":1760806800000,"orders":[{"amount":1784.0,"safe_price":0.18801,"ft_order_side":"buy","order_filled_timestamp":1760788800000,"ft_is_entry":true,"ft_order_tag":"","cost":335.74524984},{"amount":1784.0,"safe_price":0.1883863963963964,"ft_order_side":"sell","order_filled_timestamp":1760806800000,"ft_is_entry":false,"ft_order_tag":"roi","cost":336.41741250234236}],"funding_fees":0.0,"weekday":5},{"pair":"DOGE/USDT","stake_amount":335.35,"max_stake_amount":335.35,"amount":1765.0,"open_date":"2025-10-18 18:00:00+00:00","close_date":"2025-10-19 03:00:00+00:00","open_rate":0.19,"close_rate":0.19038038038038035,"fee_open":0.001,"fee_close":0.001,"trade_duration":540,"profit_ratio":0.0,"profit_abs":0.0,"exit_reason":"roi","initial_stop_loss_abs":0.1805,"initial_stop_loss_ratio":-0.05,"stop_loss_abs":0.1805,"stop_loss_ratio":-0.05,"min_rate":0.18777,"max_rate":0.19078,"is_open":false,"enter_tag":"","leverage":1.0,"is_short":false,"open_timestamp":1760810400000,"close_timestamp":1760842800000,"orders":[{"amount":1765.0,"safe_price":0.19,"ft_order_side":"buy","order_filled_timestamp":1760810400000,"ft_is_entry":true,"ft_order_tag":"","cost":335.68534999999997},{"amount":1765.0,"safe_price":0.19038038038038035,"ft_order_side":"sell","order_filled_timestamp":1760842800000,"ft_is_entry":false,"ft_order_tag":"roi","cost":336.35739274274266}],"funding_fees":0.0,"weekday":6},{"pair":"DOGE/USDT","stake_amount":335.48262,"max_stake_amount":335.48262,"amount":1767.0,"open_date":"2025-10-19 10:00:00+00:00","close_date":"2025-10-19 12:00:00+00:00","open_rate":0.18986,"close_rate":0.1933,"fee_open":0.001,"fee_close":0.001,"trade_duration":120,"profit_ratio":0.016084410690962888,"profit_abs":5.40143628,"exit_reason":"roi","initial_stop_loss_abs":0.18037,"initial_stop_loss_ratio":-0.05,"stop_loss_abs":0.18037,"stop_loss_ratio":-0.05,"min_rate":0.18895,"max_rate":0.1968,"is_open":false,"enter_tag":"","leverage":1.0,"is_short":false,"open_timestamp":1760868000000,"close_timestamp":1760875200000,"orders":[{"amount":1767.0,"safe_price":0.18986,"ft_order_side":"buy","order_filled_timestamp":1760868000000,"ft_is_entry":true,"ft_order_tag":"","cost":335.81810261999993},{"amount":1767.0,"safe_price":0.1933,"ft_order_side":"sell","order_filled_timestamp":1760875200000,"ft_is_entry":false,"ft_order_tag":"roi","cost":341.9026611}],"funding_fees":0.0,"weekday":6},{"pair":"DOGE/USDT","stake_amount":337.2576,"max_stake_amount":337.2576,"amount":1720.0,"open_date":"2025-10-24 19:00:00+00:00","close_date":"2025-10-24 21:00:00+00:00","open_rate":0.19608,"close_rate":0.19762,"fee_open":0.001,"fee_close":0.001,"trade_duration":120,"profit_ratio":0.0058402429883458035,"profit_abs":1.971636,"exit_reason":"roi","initial_stop_loss_abs":0.18628,"initial_stop_loss_ratio":-0.05,"stop_loss_abs":0.18628,"stop_loss_ratio":-0.05,"min_rate":0.19603,"max_rate":0.19819,"is_open":false,"enter_tag":"","leverage":1.0,"is_short":false,"open_timestamp":1761332400000,"close_timestamp":1761339600000,"orders":[{"amount":1720.0,"safe_price":0.19608,"ft_order_side":"buy","order_filled_timestamp":1761332400000,"ft_is_entry":true,"ft_order_tag":"","cost":337.5948576},{"amount":1720.0,"safe_price":0.19762,"ft_order_side":"sell","order_filled_timestamp":1761339600000,"ft_is_entry":false,"ft_order_tag":"roi","cost":340.2463063999999}],"funding_fees":0.0,"weekday":4},{"pair":"DOGE/USDT","stake_amount":337.88454,"max_stake_amount":337.88454,"amount":1806.0,"open_date":"2025-11-01 08:00:00+00:00","close_date":"2025-11-01 10:00:00+00:00","open_rate":0.18709,"close_rate":0.18746455455455455,"fee_open":0.001,"fee_close":0.001,"trade_duration":120,"profit_ratio":0.0,"profit_abs":0.0,"exit_reason":"roi","initial_stop_loss_abs":0.17774,"initial_stop_loss_ratio":-0.05,"stop_loss_abs":0.17774,"stop_loss_ratio":-0.05,"min_rate":0.1867,"max_rate":0.188,"is_open":false,"enter_tag":"","leverage":1.0,"is_short":false,"open_timestamp":1761984000000,"close_timestamp":1761991200000,"orders":[{"amount":1806.0,"safe_price":0.18709,"ft_order_side":"buy","order_filled_timestamp":1761984000000,"ft_is_entry":true,"ft_order_tag":"","cost":338.22242453999996},{"amount":1806.0,"safe_price":0.18746455455455455,"ft_order_side":"sell","order_filled_timestamp":1761991200000,"ft_is_entry":false,"ft_order_tag":"roi","cost":338.89954651105097}],"funding_fees":0.0,"weekday":5},{"pair":"DOGE/USDT","stake_amount":337.96136,"max_stake_amount":337.96136,"amount":1804.0,"open_date":"2025-11-01 16:00:00+00:00","close_date":"2025-11-01 20:00:00+00:00","open_rate":0.18734,"close_rate":0.18771505505505504,"fee_open":0.001,"fee_close":0.001,"trade_duration":240,"profit_ratio":0.0,"profit_abs":0.0,"exit_reason":"roi","initial_stop_loss_abs":0.17798,"initial_stop_loss_ratio":-0.05,"stop_loss_abs":0.17798,"stop_loss_ratio":-0.05,"min_rate":0.18662,"max_rate":0.18837,"is_open":false,"enter_tag":"","leverage":1.0,"is_short":false,"open_timestamp":1762012800000,"close_timestamp":1762027200000,"orders":[{"amount":1804.0,"safe_price":0.18734,"ft_order_side":"buy","order_filled_timestamp":1762012800000,"ft_is_entry":true,"ft_order_tag":"","cost":338.29932135999996},{"amount":1804.0,"safe_price":0.18771505505505504,"ft_order_side":"sell","order_filled_timestamp":1762027200000,"ft_is_entry":false,"ft_order_tag":"roi","cost":338.97659727863856}],"funding_fees":0.0,"weekday":5},{"pair":"DOGE/USDT","stake_amount":337.87194,"max_stake_amount":337.87194,"amount":1797.0,"open_date":"2025-11-02 05:00:00+00:00","close_date":"2025-11-02 07:00:00+00:00","open_rate":0.18802,"close_rate":0.18839641641641638,"fee_open":0.001,"fee_close":0.001,"trade_duration":120,"profit_ratio":0.0,"profit_abs":0.0,"exit_reason":"roi","initial_stop_loss_abs":0.17862,"initial_stop_loss_ratio":-0.05,"stop_loss_abs":0.17862,"stop_loss_ratio":-0.05,"min_rate":0.18701,"max_rate":0.18884,"is_open":false,"enter_tag":"","leverage":1.0,"is_short":false,"open_timestamp":1762059600000,"close_timestamp":1762066800000,"orders":[{"amount":1797.0,"safe_price":0.18802,"ft_order_side":"buy","order_filled_timestamp":1762059600000,"ft_is_entry":true,"ft_order_tag":"","cost":338.20981193999995},{"amount":1797.0,"safe_price":0.18839641641641638,"ft_order_side":"sell","order_filled_timestamp":1762066800000,"ft_is_entry":false,"ft_order_tag":"roi","cost":338.8869086606005}],"funding_fees":0.0,"weekday":6},{"pair":"DOGE/USDT","stake_amount":337.85479,"max_stake_amount":337.85479,"amount":1807.0,"open_date":"2025-11-02 12:00:00+00:00","close_date":"2025-11-03 03:00:00+00:00","open_rate":0.18697,"close_rate":0.17763,"fee_open":0.001,"fee_close":0.001,"trade_duration":900,"profit_ratio":-0.051852730892148986,"profit_abs":-17.5362122,"exit_reason":"stop_loss","initial_stop_loss_abs":0.17763,"initial_stop_loss_ratio":-0.05,"stop_loss_abs":0.17763,"stop_loss_ratio":-0.05,"min_rate":0.17456,"max_rate":0.18704,"is_open":false,"enter_tag":"","leverage":1.0,"is_short":false,"open_timestamp":1762084800000,"close_timestamp":1762138800000,"orders":[{"amount":1807.0,"safe_price":0.18697,"ft_order_side":"buy","order_filled_timestamp":1762084800000,"ft_is_entry":true,"ft_order_tag":"","cost":338.1926447899999},{"amount":1807.0,"safe_price":0.17763,"ft_order_side":"sell","order_filled_timestamp":1762138800000,"ft_is_entry":false,"ft_order_tag":"stop_loss","cost":321.29838741}],"funding_fees":0.0,"weekday":0},{"pair":"DOGE/USDT","stake_amount":332.05815,"max_stake_amount":332.05815,"amount":2007.0,"open_date":"2025-11-07 15:00:00+00:00","close_date":"2025-11-07 16:00:00+00:00","open_rate":0.16545,"close_rate":0.174062012012012,"fee_open":0.001,"fee_close":0.001,"trade_duration":60,"profit_ratio":0.04995004995004995,"profit_abs":16.6029075,"exit_reason":"roi","initial_stop_loss_abs":0.15718,"initial_stop_loss_ratio":-0.05,"stop_loss_abs":0.15718,"stop_loss_ratio":-0.05,"min_rate":0.16408,"max_rate":0.17555,"is_open":false,"enter_tag":"","leverage":1.0,"is_short":false,"open_timestamp":1762527600000,"close_timestamp":1762531200000,"orders":[{"amount":2007.0,"safe_price":0.16545,"ft_order_side":"buy","order_filled_timestamp":1762527600000,"ft_is_entry":true,"ft_order_tag":"","cost":332.39020815},{"amount":2007.0,"safe_price":0.174062012012012,"ft_order_side":"sell","order_filled_timestamp":1762531200000,"ft_is_entry":false,"ft_order_tag":"roi","cost":349.69180056621616}],"funding_fees":0.0,"weekday":4},{"pair":"DOGE/USDT","stake_amount":337.52992,"max_stake_amount":337.52992,"amount":1876.0,"open_date":"2025-11-10 20:00:00+00:00","close_date":"2025-11-10 22:00:00+00:00","open_rate":0.17992,"close_rate":0.18028020020020016,"fee_open":0.001,"fee_close":0.001,"trade_duration":120,"profit_ratio":0.0,"profit_abs":0.0,"exit_reason":"roi","initial_stop_loss_abs":0.17093,"initial_stop_loss_ratio":-0.05,"stop_loss_abs":0.17093,"stop_loss_ratio":-0.05,"min_rate":0.17824,"max_rate":0.18418,"is_open":false,"enter_tag":"","leverage":1.0,"is_short":false,"open_timestamp":1762804800000,"close_timestamp":1762812000000,"orders":[{"amount":1876.0,"safe_price":0.17992,"ft_order_side":"buy","order_filled_timestamp":1762804800000,"ft_is_entry":true,"ft_order_tag":"","cost":337.86744991999996},{"amount":1876.0,"safe_price":0.18028020020020016,"ft_order_side":"sell","order_filled_timestamp":1762812000000,"ft_is_entry":false,"ft_order_tag":"roi","cost":338.5438612311511}],"funding_fees":0.0,"weekday":0},{"pair":"DOGE/USDT","stake_amount":337.49212,"max_stake_amount":337.49212,"amount":1841.0,"open_date":"2025-11-10 23:00:00+00:00","close_date":"2025-11-11 01:00:00+00:00","open_rate":0.18332,"close_rate":0.183687007007007,"fee_open":0.001,"fee_close":0.001,"trade_duration":120,"profit_ratio":0.0,"profit_abs":0.0,"exit_reason":"roi","initial_stop_loss_abs":0.17416,"initial_stop_loss_ratio":-0.05,"stop_loss_abs":0.17416,"stop_loss_ratio":-0.05,"min_rate":0.17933,"max_rate":0.1864,"is_open":false,"enter_tag":"","leverage":1.0,"is_short":false,"open_timestamp":1762815600000,"close_timestamp":1762822800000,"orders":[{"amount":1841.0,"safe_price":0.18332,"ft_order_side":"buy","order_filled_timestamp":1762815600000,"ft_is_entry":true,"ft_order_tag":"","cost":337.82961212},{"amount":1841.0,"safe_price":0.183687007007007,"ft_order_side":"sell","order_filled_timestamp":1762822800000,"ft_is_entry":false,"ft_order_tag":"roi","cost":338.50594767979976}],"funding_fees":0.0,"weekday":1},{"pair":"DOGE/USDT","stake_amount":337.59532,"max_stake_amount":337.59532,"amount":2053.0,"open_date":"2025-11-15 18:00:00+00:00","close_date":"2025-11-16 09:00:00+00:00","open_rate":0.16444,"close_rate":0.1647692092092092,"fee_open":0.001,"fee_close":0.001,"trade_duration":900,"profit_ratio":0.0,"profit_abs":0.0,"exit_reason":"roi","initial_stop_loss_abs":0.15622,"initial_stop_loss_ratio":-0.05,"stop_loss_abs":0.15622,"stop_loss_ratio":-0.05,"min_rate":0.15998,"max_rate":0.16563,"is_open":false,"enter_tag":"","leverage":1.0,"is_short":false,"open_timestamp":1763229600000,"close_timestamp":1763283600000,"orders":[{"amount":2053.0,"safe_price":0.16444,"ft_order_side":"buy","order_filled_timestamp":1763229600000,"ft_is_entry":true,"ft_order_tag":"","cost":337.93291531999995},{"amount":2053.0,"safe_price":0.1647692092092092,"ft_order_side":"sell","order_filled_timestamp":1763283600000,"ft_is_entry":false,"ft_order_tag":"roi","cost":338.609457693013}],"funding_fees":0.0,"weekday":6},{"pair":"DOGE/USDT","stake_amount":337.6048,"max_stake_amount":337.6048,"amount":2080.0,"open_date":"2025-11-17 15:00:00+00:00","close_date":"2025-11-17 18:00:00+00:00","open_rate":0.16231,"close_rate":0.1542,"fee_open":0.001,"fee_close":0.001,"trade_duration":180,"profit_ratio":-0.051864283827810415,"profit_abs":-17.5271408,"exit_reason":"stop_loss","initial_stop_loss_abs":0.1542,"initial_stop_loss_ratio":-0.05,"stop_loss_abs":0.1542,"stop_loss_ratio":-0.05,"min_rate":0.15372,"max_rate":0.16367,"is_open":false,"enter_tag":"","leverage":1.0,"is_short":false,"open_timestamp":1763391600000,"close_timestamp":1763402400000,"orders":[{"amount":2080.0,"safe_price":0.16231,"ft_order_side":"buy","order_filled_timestamp":1763391600000,"ft_is_entry":true,"ft_order_tag":"","cost":337.94240479999996},{"amount":2080.0,"safe_price":0.1542,"ft_order_side":"sell","order_filled_timestamp":1763402400000,"ft_is_entry":false,"ft_order_tag":"stop_loss","cost":321.05673599999994}],"funding_fees":0.0,"weekday":0},{"pair":"DOGE/USDT","stake_amount":331.81448,"max_stake_amount":331.81448,"amount":2084.0,"open_date":"2025-11-18 16:00:00+00:00","close_date":"2025-11-18 18:00:00+00:00","open_rate":0.15922,"close_rate":0.16049,"fee_open":0.001,"fee_close":0.001,"trade_duration":120,"profit_ratio":0.005962446045350203,"profit_abs":1.98040436,"exit_reason":"roi","initial_stop_loss_abs":0.15126,"initial_stop_loss_ratio":-0.05,"stop_loss_abs":0.15126,"stop_loss_ratio":-0.05,"min_rate":0.1587,"max_rate":0.16171,"is_open":false,"enter_tag":"","leverage":1.0,"is_short":false,"open_timestamp":1763481600000,"close_timestamp":1763488800000,"orders":[{"amount":2084.0,"safe_price":0.15922,"ft_order_side":"buy","order_filled_timestamp":1763481600000,"ft_is_entry":true,"ft_order_tag":"","cost":332.14629448},{"amount":2084.0,"safe_price":0.16049,"ft_order_side":"sell","order_filled_timestamp":1763488800000,"ft_is_entry":false,"ft_order_tag":"roi","cost":334.79562116}],"funding_fees":0.0,"weekday":1},{"pair":"DOGE/USDT","stake_amount":332.45166,"max_stake_amount":332.45166,"amount":2346.0,"open_date":"2025-11-23 02:00:00+00:00","close_date":"2025-11-23 04:00:00+00:00","open_rate":0.14171,"close_rate":0.14289,"fee_open":0.001,"fee_close":0.001,"trade_duration":120,"profit_ratio":0.006312225633374458,"profit_abs":2.1006084,"exit_reason":"roi","initial_stop_loss_abs":0.13463,"initial_stop_loss_ratio":-0.05,"stop_loss_abs":0.13463,"stop_loss_ratio":-0.05,"min_rate":0.14124,"max_rate":0.1447,"is_open":false,"enter_tag":"","leverage":1.0,"is_short":false,"open_timestamp":1763863200000,"close_timestamp":1763870400000,"orders":[{"amount":2346.0,"safe_price":0.14171,"ft_order_side":"buy","order_filled_timestamp":1763863200000,"ft_is_entry":true,"ft_order_tag":"","cost":332.78411165999995},{"amount":2346.0,"safe_price":0.14289,"ft_order_side":"sell","order_filled_timestamp":1763870400000,"ft_is_entry":false,"ft_order_tag":"roi","cost":335.5551599399999}],"funding_fees":0.0,"weekday":6},{"pair":"DOGE/USDT","stake_amount":333.08445,"max_stake_amount":333.08445,"amount":2285.0,"open_date":"2025-11-24 14:00:00+00:00","close_date":"2025-11-24 16:00:00+00:00","open_rate":0.14577,"close_rate":0.14682,"fee_open":0.001,"fee_close":0.001,"trade_duration":120,"profit_ratio":0.005190734353113444,"profit_abs":1.73068185,"exit_reason":"roi","initial_stop_loss_abs":0.13849,"initial_stop_loss_ratio":-0.05,"stop_loss_abs":0.13849,"stop_loss_ratio":-0.05,"min_rate":0.14279,"max_rate":0.14854,"is_open":false,"enter_tag":"","leverage":1.0,"is_short":false,"open_timestamp":1763992800000,"close_timestamp":1764000000000,"orders":[{"amount":2285.0,"safe_price":0.14577,"ft_order_side":"buy","order_filled_timestamp":1763992800000,"ft_is_entry":true,"ft_order_tag":"","cost":333.41753444999995},{"amount":2285.0,"safe_price":0.14682,"ft_order_side":"sell","order_filled_timestamp":1764000000000,"ft_is_entry":false,"ft_order_tag":"roi","cost":335.81918369999994}],"funding_fees":0.0,"weekday":0},{"pair":"DOGE/USDT","stake_amount":333.64782,"max_stake_amount":333.64782,"amount":2178.0,"open_date":"2025-11-28 09:00:00+00:00","close_date":"2025-11-28 14:00:00+00:00","open_rate":0.15319,"close_rate":0.15349668668668665,"fee_open":0.001,"fee_close":0.001,"trade_duration":300,"profit_ratio":0.0,"profit_abs":0.0,"exit_reason":"roi","initial_stop_loss_abs":0.14554,"initial_stop_loss_ratio":-0.05,"stop_loss_abs":0.14554,"stop_loss_ratio":-0.05,"min_rate":0.14975,"max_rate":0.15395,"is_open":false,"enter_tag":"","leverage":1.0,"is_short":false,"open_timestamp":1764320400000,"close_timestamp":1764338400000,"orders":[{"amount":2178.0,"safe_price":0.15319,"ft_order_side":"buy","order_filled_timestamp":1764320400000,"ft_is_entry":true,"ft_order_tag":"","cost":333.9814678199999},{"amount":2178.0,"safe_price":0.15349668668668665,"ft_order_side":"sell","order_filled_timestamp":1764338400000,"ft_is_entry":false,"ft_order_tag":"roi","cost":334.6500993872071}],"funding_fees":0.0,"weekday":4},{"pair":"DOGE/USDT","stake_amount":333.7104,"max_stake_amount":333.7104,"amount":2220.0,"open_date":"2025-11-30 17:00:00+00:00","close_date":"2025-12-01 00:00:00+00:00","open_rate":0.15032,"close_rate":0.14281,"fee_open":0.001,"fee_close":0.001,"trade_duration":420,"profit_ratio":-0.05185826679972502,"profit_abs":-17.3229486,"exit_reason":"stop_loss","initial_stop_loss_abs":0.14281,"initial_stop_loss_ratio":-0.05,"stop_loss_abs":0.14281,"stop_loss_ratio":-0.05,"min_rate":0.13876,"max_rate":0.15043,"is_open":false,"enter_tag":"","leverage":1.0,"is_short":false,"open_timestamp":1764522000000,"close_timestamp":1764547200000,"orders":[{"amount":2220.0,"safe_price":0.15032,"ft_order_side":"buy","order_filled_timestamp":1764522000000,"ft_is_entry":true,"ft_order_tag":"","cost":334.04411039999997},{"amount":2220.0,"safe_price":0.14281,"ft_order_side":"sell","order_filled_timestamp":1764547200000,"ft_is_entry":false,"ft_order_tag":"stop_loss","cost":317.3552381999999}],"funding_fees":0.0,"weekday":0},{"pair":"DOGE/USDT","stake_amount":328.0164,"max_stake_amount":328.0164,"amount":2419.0,"open_date":"2025-12-02 10:00:00+00:00","close_date":"2025-12-02 12:00:00+00:00","open_rate":0.1356,"close_rate":0.137,"fee_open":0.001,"fee_close":0.001,"trade_duration":120,"profit_ratio":0.008305853438596801,"profit_abs":2.7271806,"exit_reason":"roi","initial_stop_loss_abs":0.12882,"initial_stop_loss_ratio":-0.05,"stop_loss_abs":0.12882,"stop_loss_ratio":-0.05,"min_rate":0.1355,"max_rate":0.13758,"is_open":false,"enter_tag":"","leverage":1.0,"is_short":false,"open_timestamp":1764669600000,"close_timestamp":1764676800000,"orders":[{"amount":2419.0,"safe_price":0.1356,"ft_order_side":"buy","order_filled_timestamp":1764669600000,"ft_is_entry":true,"ft_order_tag":"","cost":328.34441639999994},{"amount":2419.0,"safe_price":0.137,"ft_order_side":"sell","order_filled_timestamp":1764676800000,"ft_is_entry":false,"ft_order_tag":"roi","cost":331.734403}],"funding_fees":0.0,"weekday":1},{"pair":"DOGE/USDT","stake_amount":328.88625,"max_stake_amount":328.88625,"amount":2345.0,"open_date":"2025-12-07 03:00:00+00:00","close_date":"2025-12-07 06:00:00+00:00","open_rate":0.14025,"close_rate":0.14053078078078077,"fee_open":0.001,"fee_close":0.001,"trade_duration":180,"profit_ratio":0.0,"profit_abs":0.0,"exit_reason":"roi","initial_stop_loss_abs":0.13324,"initial_stop_loss_ratio":-0.05,"stop_loss_abs":0.13324,"stop_loss_ratio":-0.05,"min_rate":0.13979,"max_rate":0.1409,"is_open":false,"enter_tag":"","leverage":1.0,"is_short":false,"open_timestamp":1765076400000,"close_timestamp":1765087200000,"orders":[{"amount":2345.0,"safe_price":0.14025,"ft_order_side":"buy","order_filled_timestamp":1765076400000,"ft_is_entry":true,"ft_order_tag":"","cost":329.21513625},{"amount":2345.0,"safe_price":0.14053078078078077,"ft_order_side":"sell","order_filled_timestamp":1765087200000,"ft_is_entry":false,"ft_order_tag":"roi","cost":329.8742256118618}],"funding_fees":0.0,"weekday":6},{"pair":"DOGE/USDT","stake_amount":328.83651,"max_stake_amount":328.83651,"amount":2349.0,"open_date":"2025-12-08 02:00:00+00:00","close_date":"2025-12-08 04:00:00+00:00","open_rate":0.13999,"close_rate":0.14031,"fee_open":0.001,"fee_close":0.001,"trade_duration":120,"profit_ratio":0.0002833083767436221,"profit_abs":0.0932553,"exit_reason":"roi","initial_stop_loss_abs":0.133,"initial_stop_loss_ratio":-0.05,"stop_loss_abs":0.133,"stop_loss_ratio":-0.05,"min_rate":0.1396,"max_rate":0.14144,"is_open":false,"enter_tag":"","leverage":1.0,"is_short":false,"open_timestamp":1765159200000,"close_timestamp":1765166400000,"orders":[{"amount":2349.0,"safe_price":0.13999,"ft_order_side":"buy","order_filled_timestamp":1765159200000,"ft_is_entry":true,"ft_order_tag":"","cost":329.16534651},{"amount":2349.0,"safe_price":0.14031,"ft_order_side":"sell","order_filled_timestamp":1765166400000,"ft_is_entry":false,"ft_order_tag":"roi","cost":329.91777819}],"funding_fees":0.0,"weekday":0},{"pair":"DOGE/USDT","stake_amount":328.9368,"max_stake_amount":328.9368,"amount":2323.0,"open_date":"2025-12-09 04:00:00+00:00","close_date":"2025-12-09 13:00:00+00:00","open_rate":0.1416,"close_rate":0.14188348348348348,"fee_open":0.001,"fee_close":0.001,"trade_duration":540,"profit_ratio":0.0,"profit_abs":0.0,"exit_reason":"roi","initial_stop_loss_abs":0.13452,"initial_stop_loss_ratio":-0.05,"stop_loss_abs":0.13452,"stop_loss_ratio":-0.05,"min_rate":0.13942,"max_rate":0.14244,"is_open":false,"enter_tag":"","leverage":1.0,"is_short":false,"open_timestamp":1765252800000,"close_timestamp":1765285200000,"orders":[{"amount":2323.0,"safe_price":0.1416,"ft_order_side":"buy","order_filled_timestamp":1765252800000,"ft_is_entry":true,"ft_order_tag":"","cost":329.26573679999996},{"amount":2323.0,"safe_price":0.14188348348348348,"ft_order_side":"sell","order_filled_timestamp":1765285200000,"ft_is_entry":false,"ft_order_tag":"roi","cost":329.9249274642642}],"funding_fees":0.0,"weekday":1},{"pair":"DOGE/USDT","stake_amount":328.96864,"max_stake_amount":328.96864,"amount":2366.0,"open_date":"2025-12-14 03:00:00+00:00","close_date":"2025-12-15 15:00:00+00:00","open_rate":0.13904,"close_rate":0.13209,"fee_open":0.001,"fee_close":0.001,"trade_duration":2160,"profit_ratio":-0.051883746288234195,"profit_abs":-17.08519358,"exit_reason":"stop_loss","initial_stop_loss_abs":0.13209,"initial_stop_loss_ratio":-0.05,"stop_loss_abs":0.13209,"stop_loss_ratio":-0.05,"min_rate":0.12977,"max_rate":0.13925,"is_open":false,"enter_tag":"","leverage":1.0,"is_short":false,"open_timestamp":1765681200000,"close_timestamp":1765810800000,"orders":[{"amount":2366.0,"safe_price":0.13904,"ft_order_side":"buy","order_filled_timestamp":1765681200000,"ft_is_entry":true,"ft_order_tag":"","cost":329.29760863999996},{"amount":2366.0,"safe_price":0.13209,"ft_order_side":"sell","order_filled_timestamp":1765810800000,"ft_is_entry":false,"ft_order_tag":"stop_loss","cost":312.83746493999996}],"funding_fees":0.0,"weekday":0},{"pair":"DOGE/USDT","stake_amount":323.30157,"max_stake_amount":323.30157,"amount":2461.0,"open_date":"2025-12-16 15:00:00+00:00","close_date":"2025-12-16 17:00:00+00:00","open_rate":0.13137,"close_rate":0.13164,"fee_open":0.001,"fee_close":0.001,"trade_duration":120,"profit_ratio":5.3155339750452796e-05,"profit_abs":0.01720239,"exit_reason":"roi","initial_stop_loss_abs":0.12481,"initial_stop_loss_ratio":-0.05,"stop_loss_abs":0.12481,"stop_loss_ratio":-0.05,"min_rate":0.13069,"max_rate":0.13305,"is_open":false,"enter_tag":"","leverage":1.0,"is_short":false,"open_timestamp":1765897200000,"close_timestamp":1765904400000,"orders":[{"amount":2461.0,"safe_price":0.13137,"ft_order_side":"buy","order_filled_timestamp":1765897200000,"ft_is_entry":true,"ft_order_tag":"","cost":323.6248715699999},{"amount":2461.0,"safe_price":0.13164,"ft_order_side":"sell","order_filled_timestamp":1765904400000,"ft_is_entry":false,"ft_order_tag":"roi","cost":324.29000604}],"funding_fees":0.0,"weekday":1},{"pair":"DOGE/USDT","stake_amount":323.28768,"max_stake_amount":323.28768,"amount":2608.0,"open_date":"2025-12-28 23:00:00+00:00","close_date":"2025-12-29 01:00:00+00:00","open_rate":0.12396,"close_rate":0.12514,"fee_open":0.001,"fee_close":0.001,"trade_duration":120,"profit_ratio":0.007502178363746612,"profit_abs":2.4277872,"exit_reason":"roi","initial_stop_loss_abs":0.11777,"initial_stop_loss_ratio":-0.05,"stop_loss_abs":0.11777,"stop_loss_ratio":-0.05,"min_rate":0.12324,"max_rate":0.12604,"is_open":false,"enter_tag":"","leverage":1.0,"is_short":false,"open_timestamp":1766962800000,"close_timestamp":1766970000000,"orders":[{"amount":2608.0,"safe_price":0.12396,"ft_order_side":"buy","order_filled_timestamp":1766962800000,"ft_is_entry":true,"ft_order_tag":"","cost":323.61096768},{"amount":2608.0,"safe_price":0.12514,"ft_order_side":"sell","order_filled_timestamp":1766970000000,"ft_is_entry":false,"ft_order_tag":"roi","cost":326.69148512}],"funding_fees":0.0,"weekday":0},{"pair":"DOGE/USDT","stake_amount":324.0636,"max_stake_amount":324.0636,"amount":2595.0,"open_date":"2025-12-30 15:00:00+00:00","close_date":"2025-12-31 16:00:00+00:00","open_rate":0.12488,"close_rate":0.11864,"fee_open":0.001,"fee_close":0.001,"trade_duration":1500,"profit_ratio":-0.051866135146083896,"profit_abs":-16.8247344,"exit_reason":"stop_loss","initial_stop_loss_abs":0.11864,"initial_stop_loss_ratio":-0.05,"stop_loss_abs":0.11864,"stop_loss_ratio":-0.05,"min_rate":0.11626,"max_rate":0.12508,"is_open":false,"enter_tag":"","leverage":1.0,"is_short":false,"open_timestamp":1767106800000,"close_timestamp":1767196800000,"orders":[{"amount":2595.0,"safe_price":0.12488,"ft_order_side":"buy","order_filled_timestamp":1767106800000,"ft_is_entry":true,"ft_order_tag":"","cost":324.3876636},{"amount":2595.0,"safe_price":0.11864,"ft_order_side":"sell","order_filled_timestamp":1767196800000,"ft_is_entry":false,"ft_order_tag":"stop_loss","cost":308.17867079999996}],"funding_fees":0.0,"weekday":2},{"pair":"DOGE/USDT","stake_amount":318.48978,"max_stake_amount":318.48978,"amount":2238.0,"open_date":"2026-01-03 21:00:00+00:00","close_date":"2026-01-03 23:00:00+00:00","open_rate":0.14231,"close_rate":0.14275,"fee_open":0.001,"fee_close":0.001,"trade_duration":120,"profit_ratio":0.001087662249913673,"profit_abs":0.34675572,"exit_reason":"roi","initial_stop_loss_abs":0.1352,"initial_stop_loss_ratio":-0.05,"stop_loss_abs":0.1352,"stop_loss_ratio":-0.05,"min_rate":0.14207,"max_rate":0.14372,"is_open":false,"enter_tag":"","leverage":1.0,"is_short":false,"open_timestamp":1767474000000,"close_timestamp":1767481200000,"orders":[{"amount":2238.0,"safe_price":0.14231,"ft_order_side":"buy","order_filled_timestamp":1767474000000,"ft_is_entry":true,"ft_order_tag":"","cost":318.80826978},{"amount":2238.0,"safe_price":0.14275,"ft_order_side":"sell","order_filled_timestamp":1767481200000,"ft_is_entry":false,"ft_order_tag":"roi","cost":319.79397449999993}],"funding_fees":0.0,"weekday":5},{"pair":"DOGE/USDT","stake_amount":318.69546,"max_stake_amount":318.69546,"amount":2118.0,"open_date":"2026-01-05 01:00:00+00:00","close_date":"2026-01-05 03:00:00+00:00","open_rate":0.15047,"close_rate":0.1519,"fee_open":0.001,"fee_close":0.001,"trade_duration":120,"profit_ratio":0.00748656540508737,"profit_abs":2.38832034,"exit_reason":"roi","initial_stop_loss_abs":0.14295,"initial_stop_loss_ratio":-0.05,"stop_loss_abs":0.14295,"stop_loss_ratio":-0.05,"min_rate":0.15004,"max_rate":0.15248,"is_open":false,"enter_tag":"","leverage":1.0,"is_short":false,"open_timestamp":1767574800000,"close_timestamp":1767582000000,"orders":[{"amount":2118.0,"safe_price":0.15047,"ft_order_side":"buy","order_filled_timestamp":1767574800000,"ft_is_entry":true,"ft_order_tag":"","cost":319.0141554599999},{"amount":2118.0,"safe_price":0.1519,"ft_order_side":"sell","order_filled_timestamp":1767582000000,"ft_is_entry":false,"ft_order_tag":"roi","cost":322.04592419999994}],"funding_fees":0.0,"weekday":0},{"pair":"DOGE/USDT","stake_amount":319.40139,"max_stake_amount":319.40139,"amount":2121.0,"open_date":"2026-01-06 10:00:00+00:00","close_date":"2026-01-06 12:00:00+00:00","open_rate":0.15059,"close_rate":0.15089148148148146,"fee_open":0.001,"fee_close":0.001,"trade_duration":120,"profit_ratio":0.0,"profit_abs":0.0,"exit_reason":"roi","initial_stop_loss_abs":0.14307,"initial_stop_loss_ratio":-0.05,"stop_loss_abs":0.14307,"stop_loss_ratio":-0.05,"min_rate":0.1501,"max_rate":0.15212,"is_open":false,"enter_tag":"","leverage":1.0,"is_short":false,"open_timestamp":1767693600000,"close_timestamp":1767700800000,"orders":[{"amount":2121.0,"safe_price":0.15059,"ft_order_side":"buy","order_filled_timestamp":1767693600000,"ft_is_entry":true,"ft_order_tag":"","cost":319.72079138999993},{"amount":2121.0,"safe_price":0.15089148148148146,"ft_order_side":"sell","order_filled_timestamp":1767700800000,"ft_is_entry":false,"ft_order_tag":"roi","cost":320.3608730544443}],"funding_fees":0.0,"weekday":1}],"locks":[],"best_pair":{"key":"DOGE/USDT","trades":33,"profit_mean":-0.002863466494496307,"profit_mean_pct":-0.29,"profit_total_abs":-31.74124315,"profit_total":-0.03174124315,"profit_total_pct":-3.17,"duration_avg":"5:20:00","wins":14,"draws":14,"losses":5,"winrate":0.42424242424242425,"cagr":-0.11429855651101928,"expectancy":-0.9618558530303032,"expectancy_ratio":-0.4799723128894493,"sortino":-22.931262154624967,"sharpe":-0.7892305862102177,"calmar":-10.92295725073087,"sqn":-0.6869,"profit_factor":0.6321827349296342,"max_drawdown_account":0.057234566260089666,"max_drawdown_abs":58.61620198},"worst_pair":{"key":"DOGE/USDT","trades":33,"profit_mean":-0.002863466494496307,"profit_mean_pct":-0.29,"profit_total_abs":-31.74124315,"profit_total":-0.03174124315,"profit_total_pct":-3.17,"duration_avg":"5:20:00","wins":14,"draws":14,"losses":5,"winrate":0.42424242424242425,"cagr":-0.11429855651101928,"expectancy":-0.9618558530303032,"expectancy_ratio":-0.4799723128894493,"sortino":-22.931262154624967,"sharpe":-0.7892305862102177,"calmar":-10.92295725073087,"sqn":-0.6869,"profit_factor":0.6321827349296342,"max_drawdown_account":0.057234566260089666,"max_drawdown_abs":58.61620198},"results_per_pair":[{"key":"DOGE/USDT","trades":33,"profit_mean":-0.002863466494496307,"profit_mean_pct":-0.29,"profit_total_abs":-31.74124315,"profit_total":-0.03174124315,"profit_total_pct":-3.17,"duration_avg":"5:20:00","wins":14,"draws":14,"losses":5,"winrate":0.42424242424242425,"cagr":-0.11429855651101928,"expectancy":-0.9618558530303032,"expectancy_ratio":-0.4799723128894493,"sortino":-22.931262154624967,"sharpe":-0.7892305862102177,"calmar":-10.92295725073087,"sqn":-0.6869,"profit_factor":0.6321827349296342,"max_drawdown_account":0.057234566260089666,"max_drawdown_abs":58.61620198},{"key":"TOTAL","trades":33,"profit_mean":-0.002863466494496307,"profit_mean_pct":-0.29,"profit_total_abs":-31.74124315,"profit_total":-0.03174124315,"profit_total_pct":-3.17,"duration_avg":"5:20:00","wins":14,"draws":14,"losses":5,"winrate":0.42424242424242425,"cagr":-0.11429855651101928,"expectancy":-0.9618558530303032,"expectancy_ratio":-0.4799723128894493,"sortino":-22.931262154624967,"sharpe":-0.7892305862102177,"calmar":-10.92295725073087,"sqn":-0.6869,"profit_factor":0.6321827349296342,"max_drawdown_account":0.057234566260089666,"max_drawdown_abs":58.61620198}],"results_per_enter_tag":[{"key":"","trades":33,"profit_mean":-0.002863466494496307,"profit_mean_pct":-0.29,"profit_total_abs":-31.74124315,"profit_total":-0.03174124315,"profit_total_pct":-3.17,"duration_avg":"5:20:00","wins":14,"draws":14,"losses":5,"winrate":0.42424242424242425,"cagr":-0.11429855651101928,"expectancy":-0.9618558530303032,"expectancy_ratio":-0.4799723128894493,"sortino":-22.931262154624967,"sharpe":-0.7892305862102177,"calmar":-10.92295725073087,"sqn":-0.6869,"profit_factor":0.6321827349296342,"max_drawdown_account":0.057234566260089666,"max_drawdown_abs":58.61620198},{"key":"TOTAL","trades":33,"profit_mean":-0.002863466494496307,"profit_mean_pct":-0.29,"profit_total_abs":-31.74124315,"profit_total":-0.03174124315,"profit_total_pct":-3.17,"duration_avg":"5:20:00","wins":14,"draws":14,"losses":5,"winrate":0.42424242424242425,"cagr":-0.11429855651101928,"expectancy":-0.9618558530303032,"expectancy_ratio":-0.4799723128894493,"sortino":-22.931262154624967,"sharpe":-0.7892305862102177,"calmar":-10.92295725073087,"sqn":-0.6869,"profit_factor":0.6321827349296342,"max_drawdown_account":0.057234566260089666,"max_drawdown_abs":58.61620198}],"exit_reason_summary":[{"key":"roi","trades":28,"profit_mean":0.005886813165558014,"profit_mean_pct":0.59,"profit_total_abs":54.55498642999999,"profit_total":0.054554986429999994,"profit_total_pct":5.46,"duration_avg":"3:13:00","wins":14,"draws":14,"losses":0,"winrate":0.5,"cagr":0.2212565185056532,"expectancy":1.9483923725,"expectancy_ratio":100.0,"sortino":-100,"sharpe":2.529900703116816,"calmar":-100,"sqn":2.3837,"profit_factor":0.0,"max_drawdown_account":0.0,"max_drawdown_abs":0.0},{"key":"stop_loss","trades":5,"profit_mean":-0.0518650325908005,"profit_mean_pct":-5.19,"profit_total_abs":-86.29622958,"profit_total":-0.08629622958000001,"profit_total_pct":-8.63,"duration_avg":"17:12:00","wins":0,"draws":0,"losses":5,"winrate":0.0,"cagr":-0.28794223124941654,"expectancy":-17.259245916,"expectancy_ratio":-1.0,"sortino":-62.34417014176341,"sharpe":-62.34417014176341,"calmar":-19.695848633549268,"sqn":-126.6138,"profit_factor":0.0,"max_drawdown_account":0.08629622958000005,"max_drawdown_abs":86.29622958},{"key":"TOTAL","trades":33,"profit_mean":-0.002863466494496307,"profit_mean_pct":-0.29,"profit_total_abs":-31.74124315,"profit_total":-0.03174124315,"profit_total_pct":-3.17,"duration_avg":"5:20:00","wins":14,"draws":14,"losses":5,"winrate":0.42424242424242425,"cagr":-0.11429855651101928,"expectancy":-0.9618558530303032,"expectancy_ratio":-0.4799723128894493,"sortino":-22.931262154624967,"sharpe":-0.7892305862102177,"calmar":-10.92295725073087,"sqn":-0.6869,"profit_factor":0.6321827349296342,"max_drawdown_account":0.057234566260089666,"max_drawdown_abs":58.61620198}],"mix_tag_stats":[{"key":["","roi"],"trades":28,"profit_mean":0.005886813165558014,"profit_mean_pct":0.59,"profit_total_abs":54.55498642999999,"profit_total":0.054554986429999994,"profit_total_pct":5.46,"duration_avg":"3:13:00","wins":14,"draws":14,"losses":0,"winrate":0.5,"cagr":0.2212565185056532,"expectancy":1.9483923725,"expectancy_ratio":100.0,"sortino":-100,"sharpe":2.529900703116816,"calmar":-100,"sqn":2.3837,"profit_factor":0.0,"max_drawdown_account":0.0,"max_drawdown_abs":0.0},{"key":["","stop_loss"],"trades":5,"profit_mean":-0.0518650325908005,"profit_mean_pct":-5.19,"profit_total_abs":-86.29622958,"profit_total":-0.08629622958000001,"profit_total_pct":-8.63,"duration_avg":"17:12:00","wins":0,"draws":0,"losses":5,"winrate":0.0,"cagr":-0.28794223124941654,"expectancy":-17.259245916,"expectancy_ratio":-1.0,"sortino":-62.34417014176341,"sharpe":-62.34417014176341,"calmar":-19.695848633549268,"sqn":-126.6138,"profit_factor":0.0,"max_drawdown_account":0.08629622958000005,"max_drawdown_abs":86.29622958},{"key":"TOTAL","trades":33,"profit_mean":-0.002863466494496307,"profit_mean_pct":-0.29,"profit_total_abs":-31.74124315,"profit_total":-0.03174124315,"profit_total_pct":-3.17,"duration_avg":"5:20:00","wins":14,"draws":14,"losses":5,"winrate":0.42424242424242425,"cagr":-0.11429855651101928,"expectancy":-0.9618558530303032,"expectancy_ratio":-0.4799723128894493,"sortino":-22.931262154624967,"sharpe":-0.7892305862102177,"calmar":-10.92295725073087,"sqn":-0.6869,"profit_factor":0.6321827349296342,"max_drawdown_account":0.057234566260089666,"max_drawdown_abs":58.61620198}],"left_open_trades":[{"key":"TOTAL","trades":0,"profit_mean":0.0,"profit_mean_pct":0.0,"profit_total_abs":0.0,"profit_total":0.0,"profit_total_pct":0.0,"duration_avg":"0:00","wins":0,"draws":0,"losses":0,"winrate":0.0,"cagr":0.0,"expectancy":0.0,"expectancy_ratio":100.0,"sortino":0,"sharpe":0,"calmar":0,"sqn":0.0,"profit_factor":0.0,"max_drawdown_account":0.0,"max_drawdown_abs":0.0}],"total_trades":33,"trade_count_long":33,"trade_count_short":0,"total_volume":21877.113773880727,"avg_stake_amount":331.29006818181824,"profit_mean":-0.002863466494496307,"profit_median":0.0,"profit_total":-0.03174124315,"profit_total_long":-0.03174124315,"profit_total_short":0.0,"profit_total_abs":-31.74124315,"profit_total_long_abs":-31.74124315,"profit_total_short_abs":0.0,"cagr":-0.11429855651101928,"expectancy":-0.9618558530303032,"expectancy_ratio":-0.4799723128894493,"sortino":-22.931262154624967,"sharpe":-0.7892305862102177,"calmar":-10.92295725073087,"sqn":-0.6869,"profit_factor":0.6321827349296342,"backtest_start":"2025-10-01 00:00:00","backtest_start_ts":1759276800000,"backtest_end":"2026-01-06 20:00:00","backtest_end_ts":1767729600000,"backtest_days":97,"backtest_run_start_ts":1767752682,"backtest_run_end_ts":1767752683,"trades_per_day":0.34,"market_change":-0.36632086436227446,"pairlist":["DOGE/USDT"],"stake_amount":"unlimited","stake_currency":"USDT","stake_currency_decimals":3,"starting_balance":1000,"dry_run_wallet":1000,"final_balance":968.25875685,"rejected_signals":0,"timedout_entry_orders":0,"timedout_exit_orders":0,"canceled_trade_entries":0,"canceled_entry_orders":0,"replaced_entry_orders":0,"max_open_trades":1,"max_open_trades_setting":3,"timeframe":"1h","timeframe_detail":"","timerange":"20251001-","enable_protections":false,"strategy_name":"ACO_71_15","freqaimodel":null,"freqai_identifier":null,"stoploss":-0.05,"trailing_stop":false,"trailing_stop_positive":null,"trailing_stop_positive_offset":0.0,"trailing_only_offset_is_reached":false,"use_custom_stoploss":false,"minimal_roi":{"0":0.1,"60":0.05,"120":0.0},"use_exit_signal":true,"exit_profit_only":false,"exit_profit_offset":0.0,"ignore_roi_if_entry_signal":false,"trading_mode":"spot","margin_mode":"","periodic_breakdown":{"day":[{"date":"03/10/2025","date_ts":1759449600000,"profit_abs":0.0,"wins":0,"draws":1,"losses":0,"trades":1,"profit_factor":0.0},{"date":"04/10/2025","date_ts":1759536000000,"profit_abs":0.0,"wins":0,"draws":0,"losses":0,"trades":0,"profit_factor":0.0},{"date":"05/10/2025","date_ts":1759622400000,"profit_abs":0.0,"wins":0,"draws":0,"losses":0,"trades":0,"profit_factor":0.0},{"date":"06/10/2025","date_ts":1759708800000,"profit_abs":0.0,"wins":0,"draws":0,"losses":0,"trades":0,"profit_factor":0.0},{"date":"07/10/2025","date_ts":1759795200000,"profit_abs":0.0,"wins":0,"draws":0,"losses":0,"trades":0,"profit_factor":0.0},{"date":"08/10/2025","date_ts":1759881600000,"profit_abs":0.0,"wins":0,"draws":0,"losses":0,"trades":0,"profit_factor":0.0},{"date":"09/10/2025","date_ts":1759968000000,"profit_abs":0.0,"wins":0,"draws":0,"losses":0,"trades":0,"profit_factor":0.0},{"date":"10/10/2025","date_ts":1760054400000,"profit_abs":0.27143649,"wins":1,"draws":1,"losses":0,"trades":2,"profit_factor":0.0},{"date":"11/10/2025","date_ts":1760140800000,"profit_abs":0.0,"wins":0,"draws":0,"losses":0,"trades":0,"profit_factor":0.0},{"date":"12/10/2025","date_ts":1760227200000,"profit_abs":16.495374,"wins":1,"draws":0,"losses":0,"trades":1,"profit_factor":0.0},{"date":"13/10/2025","date_ts":1760313600000,"profit_abs":0.0,"wins":0,"draws":0,"losses":0,"trades":0,"profit_factor":0.0},{"date":"14/10/2025","date_ts":1760400000000,"profit_abs":0.0,"wins":0,"draws":0,"losses":0,"trades":0,"profit_factor":0.0},{"date":"15/10/2025","date_ts":1760486400000,"profit_abs":0.0,"wins":0,"draws":0,"losses":0,"trades":0,"profit_factor":0.0},{"date":"16/10/2025","date_ts":1760572800000,"profit_abs":0.0,"wins":0,"draws":0,"losses":0,"trades":0,"profit_factor":0.0},{"date":"17/10/2025","date_ts":1760659200000,"profit_abs":0.0,"wins":0,"draws":0,"losses":0,"trades":0,"profit_factor":0.0},{"date":"18/10/2025","date_ts":1760745600000,"profit_abs":0.0,"wins":0,"draws":1,"losses":0,"trades":1,"profit_factor":0.0},{"date":"19/10/2025","date_ts":1760832000000,"profit_abs":5.40143628,"wins":1,"draws":1,"losses":0,"trades":2,"profit_factor":0.0},{"date":"20/10/2025","date_ts":1760918400000,"profit_abs":0.0,"wins":0,"draws":0,"losses":0,"trades":0,"profit_factor":0.0},{"date":"21/10/2025","date_ts":1761004800000,"profit_abs":0.0,"wins":0,"draws":0,"losses":0,"trades":0,"profit_factor":0.0},{"date":"22/10/2025","date_ts":1761091200000,"profit_abs":0.0,"wins":0,"draws":0,"losses":0,"trades":0,"profit_factor":0.0},{"date":"23/10/2025","date_ts":1761177600000,"profit_abs":0.0,"wins":0,"draws":0,"losses":0,"trades":0,"profit_factor":0.0},{"date":"24/10/2025","date_ts":1761264000000,"profit_abs":1.971636,"wins":1,"draws":0,"losses":0,"trades":1,"profit_factor":0.0},{"date":"25/10/2025","date_ts":1761350400000,"profit_abs":0.0,"wins":0,"draws":0,"losses":0,"trades":0,"profit_factor":0.0},{"date":"26/10/2025","date_ts":1761436800000,"profit_abs":0.0,"wins":0,"draws":0,"losses":0,"trades":0,"profit_factor":0.0},{"date":"27/10/2025","date_ts":1761523200000,"profit_abs":0.0,"wins":0,"draws":0,"losses":0,"trades":0,"profit_factor":0.0},{"date":"28/10/2025","date_ts":1761609600000,"profit_abs":0.0,"wins":0,"draws":0,"losses":0,"trades":0,"profit_factor":0.0},{"date":"29/10/2025","date_ts":1761696000000,"profit_abs":0.0,"wins":0,"draws":0,"losses":0,"trades":0,"profit_factor":0.0},{"date":"30/10/2025","date_ts":1761782400000,"profit_abs":0.0,"wins":0,"draws":0,"losses":0,"trades":0,"profit_factor":0.0},{"date":"31/10/2025","date_ts":1761868800000,"profit_abs":0.0,"wins":0,"draws":0,"losses":0,"trades":0,"profit_factor":0.0},{"date":"01/11/2025","date_ts":1761955200000,"profit_abs":0.0,"wins":0,"draws":2,"losses":0,"trades":2,"profit_factor":0.0},{"date":"02/11/2025","date_ts":1762041600000,"profit_abs":0.0,"wins":0,"draws":1,"losses":0,"trades":1,"profit_factor":0.0},{"date":"03/11/2025","date_ts":1762128000000,"profit_abs":-17.5362122,"wins":0,"draws":0,"losses":1,"trades":1,"profit_factor":0.0},{"date":"04/11/2025","date_ts":1762214400000,"profit_abs":0.0,"wins":0,"draws":0,"losses":0,"trades":0,"profit_factor":0.0},{"date":"05/11/2025","date_ts":1762300800000,"profit_abs":0.0,"wins":0,"draws":0,"losses":0,"trades":0,"profit_factor":0.0},{"date":"06/11/2025","date_ts":1762387200000,"profit_abs":0.0,"wins":0,"draws":0,"losses":0,"trades":0,"profit_factor":0.0},{"date":"07/11/2025","date_ts":1762473600000,"profit_abs":16.6029075,"wins":1,"draws":0,"losses":0,"trades":1,"profit_factor":0.0},{"date":"08/11/2025","date_ts":1762560000000,"profit_abs":0.0,"wins":0,"draws":0,"losses":0,"trades":0,"profit_factor":0.0},{"date":"09/11/2025","date_ts":1762646400000,"profit_abs":0.0,"wins":0,"draws":0,"losses":0,"trades":0,"profit_factor":0.0},{"date":"10/11/2025","date_ts":1762732800000,"profit_abs":0.0,"wins":0,"draws":1,"losses":0,"trades":1,"profit_factor":0.0},{"date":"11/11/2025","date_ts":1762819200000,"profit_abs":0.0,"wins":0,"draws":1,"losses":0,"trades":1,"profit_factor":0.0},{"date":"12/11/2025","date_ts":1762905600000,"profit_abs":0.0,"wins":0,"draws":0,"losses":0,"trades":0,"profit_factor":0.0},{"date":"13/11/2025","date_ts":1762992000000,"profit_abs":0.0,"wins":0,"draws":0,"losses":0,"trades":0,"profit_factor":0.0},{"date":"14/11/2025","date_ts":1763078400000,"profit_abs":0.0,"wins":0,"draws":0,"losses":0,"trades":0,"profit_factor":0.0},{"date":"15/11/2025","date_ts":1763164800000,"profit_abs":0.0,"wins":0,"draws":0,"losses":0,"trades":0,"profit_factor":0.0},{"date":"16/11/2025","date_ts":1763251200000,"profit_abs":0.0,"wins":0,"draws":1,"losses":0,"trades":1,"profit_factor":0.0},{"date":"17/11/2025","date_ts":1763337600000,"profit_abs":-17.5271408,"wins":0,"draws":0,"losses":1,"trades":1,"profit_factor":0.0},{"date":"18/11/2025","date_ts":1763424000000,"profit_abs":1.98040436,"wins":1,"draws":0,"losses":0,"trades":1,"profit_factor":0.0},{"date":"19/11/2025","date_ts":1763510400000,"profit_abs":0.0,"wins":0,"draws":0,"losses":0,"trades":0,"profit_factor":0.0},{"date":"20/11/2025","date_ts":1763596800000,"profit_abs":0.0,"wins":0,"draws":0,"losses":0,"trades":0,"profit_factor":0.0},{"date":"21/11/2025","date_ts":1763683200000,"profit_abs":0.0,"wins":0,"draws":0,"losses":0,"trades":0,"profit_factor":0.0},{"date":"22/11/2025","date_ts":1763769600000,"profit_abs":0.0,"wins":0,"draws":0,"losses":0,"trades":0,"profit_factor":0.0},{"date":"23/11/2025","date_ts":1763856000000,"profit_abs":2.1006084,"wins":1,"draws":0,"losses":0,"trades":1,"profit_factor":0.0},{"date":"24/11/2025","date_ts":1763942400000,"profit_abs":1.73068185,"wins":1,"draws":0,"losses":0,"trades":1,"profit_factor":0.0},{"date":"25/11/2025","date_ts":1764028800000,"profit_abs":0.0,"wins":0,"draws":0,"losses":0,"trades":0,"profit_factor":0.0},{"date":"26/11/2025","date_ts":1764115200000,"profit_abs":0.0,"wins":0,"draws":0,"losses":0,"trades":0,"profit_factor":0.0},{"date":"27/11/2025","date_ts":1764201600000,"profit_abs":0.0,"wins":0,"draws":0,"losses":0,"trades":0,"profit_factor":0.0},{"date":"28/11/2025","date_ts":1764288000000,"profit_abs":0.0,"wins":0,"draws":1,"losses":0,"trades":1,"profit_factor":0.0},{"date":"29/11/2025","date_ts":1764374400000,"profit_abs":0.0,"wins":0,"draws":0,"losses":0,"trades":0,"profit_factor":0.0},{"date":"30/11/2025","date_ts":1764460800000,"profit_abs":0.0,"wins":0,"draws":0,"losses":0,"trades":0,"profit_factor":0.0},{"date":"01/12/2025","date_ts":1764547200000,"profit_abs":-17.3229486,"wins":0,"draws":0,"losses":1,"trades":1,"profit_factor":0.0},{"date":"02/12/2025","date_ts":1764633600000,"profit_abs":2.7271806,"wins":1,"draws":0,"losses":0,"trades":1,"profit_factor":0.0},{"date":"03/12/2025","date_ts":1764720000000,"profit_abs":0.0,"wins":0,"draws":0,"losses":0,"trades":0,"profit_factor":0.0},{"date":"04/12/2025","date_ts":1764806400000,"profit_abs":0.0,"wins":0,"draws":0,"losses":0,"trades":0,"profit_factor":0.0},{"date":"05/12/2025","date_ts":1764892800000,"profit_abs":0.0,"wins":0,"draws":0,"losses":0,"trades":0,"profit_factor":0.0},{"date":"06/12/2025","date_ts":1764979200000,"profit_abs":0.0,"wins":0,"draws":0,"losses":0,"trades":0,"profit_factor":0.0},{"date":"07/12/2025","date_ts":1765065600000,"profit_abs":0.0,"wins":0,"draws":1,"losses":0,"trades":1,"profit_factor":0.0},{"date":"08/12/2025","date_ts":1765152000000,"profit_abs":0.0932553,"wins":1,"draws":0,"losses":0,"trades":1,"profit_factor":0.0},{"date":"09/12/2025","date_ts":1765238400000,"profit_abs":0.0,"wins":0,"draws":1,"losses":0,"trades":1,"profit_factor":0.0},{"date":"10/12/2025","date_ts":1765324800000,"profit_abs":0.0,"wins":0,"draws":0,"losses":0,"trades":0,"profit_factor":0.0},{"date":"11/12/2025","date_ts":1765411200000,"profit_abs":0.0,"wins":0,"draws":0,"losses":0,"trades":0,"profit_factor":0.0},{"date":"12/12/2025","date_ts":1765497600000,"profit_abs":0.0,"wins":0,"draws":0,"losses":0,"trades":0,"profit_factor":0.0},{"date":"13/12/2025","date_ts":1765584000000,"profit_abs":0.0,"wins":0,"draws":0,"losses":0,"trades":0,"profit_factor":0.0},{"date":"14/12/2025","date_ts":1765670400000,"profit_abs":0.0,"wins":0,"draws":0,"losses":0,"trades":0,"profit_factor":0.0},{"date":"15/12/2025","date_ts":1765756800000,"profit_abs":-17.08519358,"wins":0,"draws":0,"losses":1,"trades":1,"profit_factor":0.0},{"date":"16/12/2025","date_ts":1765843200000,"profit_abs":0.01720239,"wins":1,"draws":0,"losses":0,"trades":1,"profit_factor":0.0},{"date":"17/12/2025","date_ts":1765929600000,"profit_abs":0.0,"wins":0,"draws":0,"losses":0,"trades":0,"profit_factor":0.0},{"date":"18/12/2025","date_ts":1766016000000,"profit_abs":0.0,"wins":0,"draws":0,"losses":0,"trades":0,"profit_factor":0.0},{"date":"19/12/2025","date_ts":1766102400000,"profit_abs":0.0,"wins":0,"draws":0,"losses":0,"trades":0,"profit_factor":0.0},{"date":"20/12/2025","date_ts":1766188800000,"profit_abs":0.0,"wins":0,"draws":0,"losses":0,"trades":0,"profit_factor":0.0},{"date":"21/12/2025","date_ts":1766275200000,"profit_abs":0.0,"wins":0,"draws":0,"losses":0,"trades":0,"profit_factor":0.0},{"date":"22/12/2025","date_ts":1766361600000,"profit_abs":0.0,"wins":0,"draws":0,"losses":0,"trades":0,"profit_factor":0.0},{"date":"23/12/2025","date_ts":1766448000000,"profit_abs":0.0,"wins":0,"draws":0,"losses":0,"trades":0,"profit_factor":0.0},{"date":"24/12/2025","date_ts":1766534400000,"profit_abs":0.0,"wins":0,"draws":0,"losses":0,"trades":0,"profit_factor":0.0},{"date":"25/12/2025","date_ts":1766620800000,"profit_abs":0.0,"wins":0,"draws":0,"losses":0,"trades":0,"profit_factor":0.0},{"date":"26/12/2025","date_ts":1766707200000,"profit_abs":0.0,"wins":0,"draws":0,"losses":0,"trades":0,"profit_factor":0.0},{"date":"27/12/2025","date_ts":1766793600000,"profit_abs":0.0,"wins":0,"draws":0,"losses":0,"trades":0,"profit_factor":0.0},{"date":"28/12/2025","date_ts":1766880000000,"profit_abs":0.0,"wins":0,"draws":0,"losses":0,"trades":0,"profit_factor":0.0},{"date":"29/12/2025","date_ts":1766966400000,"profit_abs":2.4277872,"wins":1,"draws":0,"losses":0,"trades":1,"profit_factor":0.0},{"date":"30/12/2025","date_ts":1767052800000,"profit_abs":0.0,"wins":0,"draws":0,"losses":0,"trades":0,"profit_factor":0.0},{"date":"31/12/2025","date_ts":1767139200000,"profit_abs":-16.8247344,"wins":0,"draws":0,"losses":1,"trades":1,"profit_factor":0.0},{"date":"01/01/2026","date_ts":1767225600000,"profit_abs":0.0,"wins":0,"draws":0,"losses":0,"trades":0,"profit_factor":0.0},{"date":"02/01/2026","date_ts":1767312000000,"profit_abs":0.0,"wins":0,"draws":0,"losses":0,"trades":0,"profit_factor":0.0},{"date":"03/01/2026","date_ts":1767398400000,"profit_abs":0.34675572,"wins":1,"draws":0,"losses":0,"trades":1,"profit_factor":0.0},{"date":"04/01/2026","date_ts":1767484800000,"profit_abs":0.0,"wins":0,"draws":0,"losses":0,"trades":0,"profit_factor":0.0},{"date":"05/01/2026","date_ts":1767571200000,"profit_abs":2.38832034,"wins":1,"draws":0,"losses":0,"trades":1,"profit_factor":0.0},{"date":"06/01/2026","date_ts":1767657600000,"profit_abs":0.0,"wins":0,"draws":1,"losses":0,"trades":1,"profit_factor":0.0}],"week":[{"date":"06/10/2025","date_ts":1759708800000,"profit_abs":0.0,"wins":0,"draws":1,"losses":0,"trades":1,"profit_factor":0.0},{"date":"13/10/2025","date_ts":1760313600000,"profit_abs":16.76681049,"wins":2,"draws":1,"losses":0,"trades":3,"profit_factor":0.0},{"date":"20/10/2025","date_ts":1760918400000,"profit_abs":5.40143628,"wins":1,"draws":2,"losses":0,"trades":3,"profit_factor":0.0},{"date":"27/10/2025","date_ts":1761523200000,"profit_abs":1.971636,"wins":1,"draws":0,"losses":0,"trades":1,"profit_factor":0.0},{"date":"03/11/2025","date_ts":1762128000000,"profit_abs":-17.5362122,"wins":0,"draws":3,"losses":1,"trades":4,"profit_factor":0.0},{"date":"10/11/2025","date_ts":1762732800000,"profit_abs":16.6029075,"wins":1,"draws":1,"losses":0,"trades":2,"profit_factor":0.0},{"date":"17/11/2025","date_ts":1763337600000,"profit_abs":-17.5271408,"wins":0,"draws":2,"losses":1,"trades":3,"profit_factor":0.0},{"date":"24/11/2025","date_ts":1763942400000,"profit_abs":5.81169461,"wins":3,"draws":0,"losses":0,"trades":3,"profit_factor":0.0},{"date":"01/12/2025","date_ts":1764547200000,"profit_abs":-17.3229486,"wins":0,"draws":1,"losses":1,"trades":2,"profit_factor":0.0},{"date":"08/12/2025","date_ts":1765152000000,"profit_abs":2.8204359,"wins":2,"draws":1,"losses":0,"trades":3,"profit_factor":0.0},{"date":"15/12/2025","date_ts":1765756800000,"profit_abs":-17.08519358,"wins":0,"draws":1,"losses":1,"trades":2,"profit_factor":0.0},{"date":"22/12/2025","date_ts":1766361600000,"profit_abs":0.01720239,"wins":1,"draws":0,"losses":0,"trades":1,"profit_factor":0.0},{"date":"29/12/2025","date_ts":1766966400000,"profit_abs":2.4277872,"wins":1,"draws":0,"losses":0,"trades":1,"profit_factor":0.0},{"date":"05/01/2026","date_ts":1767571200000,"profit_abs":-14.08965834,"wins":2,"draws":0,"losses":1,"trades":3,"profit_factor":0.16256281},{"date":"12/01/2026","date_ts":1768176000000,"profit_abs":0.0,"wins":0,"draws":1,"losses":0,"trades":1,"profit_factor":0.0}],"month":[{"date":"31/10/2025","date_ts":1761868800000,"profit_abs":24.13988277,"wins":4,"draws":4,"losses":0,"trades":8,"profit_factor":0.0},{"date":"30/11/2025","date_ts":1764460800000,"profit_abs":-12.64875089,"wins":4,"draws":7,"losses":2,"trades":13,"profit_factor":0.63926009},{"date":"31/12/2025","date_ts":1767139200000,"profit_abs":-45.96745109,"wins":4,"draws":2,"losses":3,"trades":9,"profit_factor":0.10277435},{"date":"31/01/2026","date_ts":1769817600000,"profit_abs":2.73507606,"wins":2,"draws":1,"losses":0,"trades":3,"profit_factor":0.0}],"year":[{"date":"31/12/2025","date_ts":1767139200000,"profit_abs":-34.47631921,"wins":12,"draws":13,"losses":5,"trades":30,"profit_factor":0.6004887},{"date":"31/12/2026","date_ts":1798675200000,"profit_abs":2.73507606,"wins":2,"draws":1,"losses":0,"trades":3,"profit_factor":0.0}],"weekday":[{"date":"Monday","date_ts":0,"profit_abs":-62.83145049,"wins":4,"draws":1,"losses":4,"trades":9,"profit_factor":0.09557941},{"date":"Tuesday","date_ts":1,"profit_abs":4.72478735,"wins":3,"draws":3,"losses":0,"trades":6,"profit_factor":0.0},{"date":"Wednesday","date_ts":2,"profit_abs":-16.8247344,"wins":0,"draws":0,"losses":1,"trades":1,"profit_factor":0.0},{"date":"Friday","date_ts":4,"profit_abs":18.84597999,"wins":3,"draws":3,"losses":0,"trades":6,"profit_factor":0.0},{"date":"Saturday","date_ts":5,"profit_abs":0.34675572,"wins":1,"draws":3,"losses":0,"trades":4,"profit_factor":0.0},{"date":"Sunday","date_ts":6,"profit_abs":23.99741868,"wins":3,"draws":4,"losses":0,"trades":7,"profit_factor":0.0}]},"backtest_best_day":0.04995004995004996,"backtest_worst_day":-0.051883746288234195,"backtest_best_day_abs":16.6029075,"backtest_worst_day_abs":-17.5362122,"winning_days":14,"draw_days":77,"losing_days":5,"daily_profit":[["2025-10-03",0.0],["2025-10-04",0.0],["2025-10-05",0.0],["2025-10-06",0.0],["2025-10-07",0.0],["2025-10-08",0.0],["2025-10-09",0.0],["2025-10-10",0.27143649],["2025-10-11",0.0],["2025-10-12",16.495374],["2025-10-13",0.0],["2025-10-14",0.0],["2025-10-15",0.0],["2025-10-16",0.0],["2025-10-17",0.0],["2025-10-18",0.0],["2025-10-19",5.40143628],["2025-10-20",0.0],["2025-10-21",0.0],["2025-10-22",0.0],["2025-10-23",0.0],["2025-10-24",1.971636],["2025-10-25",0.0],["2025-10-26",0.0],["2025-10-27",0.0],["2025-10-28",0.0],["2025-10-29",0.0],["2025-10-30",0.0],["2025-10-31",0.0],["2025-11-01",0.0],["2025-11-02",0.0],["2025-11-03",-17.5362122],["2025-11-04",0.0],["2025-11-05",0.0],["2025-11-06",0.0],["2025-11-07",16.6029075],["2025-11-08",0.0],["2025-11-09",0.0],["2025-11-10",0.0],["2025-11-11",0.0],["2025-11-12",0.0],["2025-11-13",0.0],["2025-11-14",0.0],["2025-11-15",0.0],["2025-11-16",0.0],["2025-11-17",-17.5271408],["2025-11-18",1.98040436],["2025-11-19",0.0],["2025-11-20",0.0],["2025-11-21",0.0],["2025-11-22",0.0],["2025-11-23",2.1006084],["2025-11-24",1.73068185],["2025-11-25",0.0],["2025-11-26",0.0],["2025-11-27",0.0],["2025-11-28",0.0],["2025-11-29",0.0],["2025-11-30",0.0],["2025-12-01",-17.3229486],["2025-12-02",2.7271806],["2025-12-03",0.0],["2025-12-04",0.0],["2025-12-05",0.0],["2025-12-06",0.0],["2025-12-07",0.0],["2025-12-08",0.0932553],["2025-12-09",0.0],["2025-12-10",0.0],["2025-12-11",0.0],["2025-12-12",0.0],["2025-12-13",0.0],["2025-12-14",0.0],["2025-12-15",-17.08519358],["2025-12-16",0.01720239],["2025-12-17",0.0],["2025-12-18",0.0],["2025-12-19",0.0],["2025-12-20",0.0],["2025-12-21",0.0],["2025-12-22",0.0],["2025-12-23",0.0],["2025-12-24",0.0],["2025-12-25",0.0],["2025-12-26",0.0],["2025-12-27",0.0],["2025-12-28",0.0],["2025-12-29",2.4277872],["2025-12-30",0.0],["2025-12-31",-16.8247344],["2026-01-01",0.0],["2026-01-02",0.0],["2026-01-03",0.34675572],["2026-01-04",0.0],["2026-01-05",2.38832034],["2026-01-06",0.0]],"wins":14,"losses":5,"draws":14,"winrate":0.42424242424242425,"holding_avg":"5:20:00","holding_avg_s":19200.0,"winner_holding_min":"0d 01:00","winner_holding_min_s":3600.0,"winner_holding_max":"0d 02:00","winner_holding_max_s":7200.0,"winner_holding_avg":"0d 01:51","winner_holding_avg_s":6660.0,"loser_holding_min":"0d 03:00","loser_holding_min_s":10800.0,"loser_holding_max":"1d 12:00","loser_holding_max_s":129600.0,"loser_holding_avg":"0d 17:12","loser_holding_avg_s":61920.0,"max_consecutive_wins":3,"max_consecutive_losses":4,"max_drawdown_account":0.057234566260089666,"max_relative_drawdown":0.057234566260089666,"max_drawdown_abs":58.61620198,"drawdown_start":"2025-10-24 21:00:00","drawdown_start_ts":1761339600000.0,"drawdown_end":"2025-12-31 16:00:00","drawdown_end_ts":1767196800000.0,"drawdown_duration":"67 days 19:00:00","drawdown_duration_s":5857200.0,"max_drawdown_low":-34.47631921,"max_drawdown_high":24.139882770000003,"csum_min":965.52368079,"csum_max":1024.13988277}},"strategy_comparison":[{"key":"ACO_71_15","trades":33,"profit_mean":-0.002863466494496307,"profit_mean_pct":-0.29,"profit_total_abs":-31.74124315,"profit_total":-0.03174124315,"profit_total_pct":-3.17,"duration_avg":"5:20:00","wins":14,"draws":14,"losses":5,"winrate":0.42424242424242425,"cagr":-0.11429855651101928,"expectancy":-0.9618558530303032,"expectancy_ratio":-0.4799723128894493,"sortino":-22.931262154624967,"sharpe":-0.7892305862102177,"calmar":-10.92295725073087,"sqn":-0.6869,"profit_factor":0.6321827349296342,"max_drawdown_account":0.057234566260089666,"max_drawdown_abs":"58.616"}]}