{"strategy":{"ACO_25_7":{"trades":[{"pair":"DOGE/USDT","stake_amount":329.98376,"max_stake_amount":329.98376,"amount":1702.0,"open_date":"2025-10-11 11:00:00+00:00","close_date":"2025-10-11 19:00:00+00:00","open_rate":0.19388,"close_rate":0.18419,"fee_open":0.001,"fee_close":0.001,"trade_duration":480,"profit_ratio":-0.05187751180117592,"profit_abs":-17.13585514,"exit_reason":"stop_loss","initial_stop_loss_abs":0.18419,"initial_stop_loss_ratio":-0.05,"stop_loss_abs":0.18419,"stop_loss_ratio":-0.05,"min_rate":0.18286,"max_rate":0.19448,"is_open":false,"enter_tag":"","leverage":1.0,"is_short":false,"open_timestamp":1760180400000,"close_timestamp":1760209200000,"orders":[{"amount":1702.0,"safe_price":0.19388,"ft_order_side":"buy","order_filled_timestamp":1760180400000,"ft_is_entry":true,"ft_order_tag":"","cost":330.31374375999997},{"amount":1702.0,"safe_price":0.18419,"ft_order_side":"sell","order_filled_timestamp":1760209200000,"ft_is_entry":false,"ft_order_tag":"stop_loss","cost":313.80487137999995}],"funding_fees":0.0,"weekday":5},{"pair":"DOGE/USDT","stake_amount":324.20289,"max_stake_amount":324.20289,"amount":1783.0,"open_date":"2025-10-12 02:00:00+00:00","close_date":"2025-10-12 04:00:00+00:00","open_rate":0.18183,"close_rate":0.18523,"fee_open":0.001,"fee_close":0.001,"trade_duration":120,"profit_ratio":0.01666342237205131,"profit_abs":5.40773202,"exit_reason":"roi","initial_stop_loss_abs":0.17274,"initial_stop_loss_ratio":-0.05,"stop_loss_abs":0.17274,"stop_loss_ratio":-0.05,"min_rate":0.18072,"max_rate":0.18894,"is_open":false,"enter_tag":"","leverage":1.0,"is_short":false,"open_timestamp":1760234400000,"close_timestamp":1760241600000,"orders":[{"amount":1783.0,"safe_price":0.18183,"ft_order_side":"buy","order_filled_timestamp":1760234400000,"ft_is_entry":true,"ft_order_tag":"","cost":324.52709288999995},{"amount":1783.0,"safe_price":0.18523,"ft_order_side":"sell","order_filled_timestamp":1760241600000,"ft_is_entry":false,"ft_order_tag":"roi","cost":330.59535508999994}],"funding_fees":0.0,"weekday":6},{"pair":"DOGE/USDT","stake_amount":326.05508,"max_stake_amount":326.05508,"amount":1807.0,"open_date":"2025-11-08 11:00:00+00:00","close_date":"2025-11-09 03:00:00+00:00","open_rate":0.18044,"close_rate":0.17142,"fee_open":0.001,"fee_close":0.001,"trade_duration":960,"profit_ratio":-0.051887040027142,"profit_abs":-16.93495102,"exit_reason":"stop_loss","initial_stop_loss_abs":0.17142,"initial_stop_loss_ratio":-0.05,"stop_loss_abs":0.17142,"stop_loss_ratio":-0.05,"min_rate":0.17123,"max_rate":0.18117,"is_open":false,"enter_tag":"","leverage":1.0,"is_short":false,"open_timestamp":1762599600000,"close_timestamp":1762657200000,"orders":[{"amount":1807.0,"safe_price":0.18044,"ft_order_side":"buy","order_filled_timestamp":1762599600000,"ft_is_entry":true,"ft_order_tag":"","cost":326.3811350799999},{"amount":1807.0,"safe_price":0.17142,"ft_order_side":"sell","order_filled_timestamp":1762657200000,"ft_is_entry":false,"ft_order_tag":"stop_loss","cost":310.0656959399999}],"funding_fees":0.0,"weekday":6},{"pair":"DOGE/USDT","stake_amount":320.44176,"max_stake_amount":320.44176,"amount":2306.0,"open_date":"2025-11-21 21:00:00+00:00","close_date":"2025-11-21 23:00:00+00:00","open_rate":0.13896,"close_rate":0.1392381981981982,"fee_open":0.001,"fee_close":0.001,"trade_duration":120,"profit_ratio":0.0,"profit_abs":0.0,"exit_reason":"roi","initial_stop_loss_abs":0.13202,"initial_stop_loss_ratio":-0.05,"stop_loss_abs":0.13202,"stop_loss_ratio":-0.05,"min_rate":0.13574,"max_rate":0.14167,"is_open":false,"enter_tag":"","leverage":1.0,"is_short":false,"open_timestamp":1763758800000,"close_timestamp":1763766000000,"orders":[{"amount":2306.0,"safe_price":0.13896,"ft_order_side":"buy","order_filled_timestamp":1763758800000,"ft_is_entry":true,"ft_order_tag":"","cost":320.7622017599999},{"amount":2306.0,"safe_price":0.1392381981981982,"ft_order_side":"sell","order_filled_timestamp":1763766000000,"ft_is_entry":false,"ft_order_tag":"roi","cost":321.40436833009005}],"funding_fees":0.0,"weekday":4},{"pair":"DOGE/USDT","stake_amount":320.50629,"max_stake_amount":320.50629,"amount":2301.0,"open_date":"2025-11-22 04:00:00+00:00","close_date":"2025-11-22 07:00:00+00:00","open_rate":0.13929,"close_rate":0.13956885885885884,"fee_open":0.001,"fee_close":0.001,"trade_duration":180,"profit_ratio":0.0,"profit_abs":0.0,"exit_reason":"roi","initial_stop_loss_abs":0.13233,"initial_stop_loss_ratio":-0.05,"stop_loss_abs":0.13233,"stop_loss_ratio":-0.05,"min_rate":0.13565,"max_rate":0.14016,"is_open":false,"enter_tag":"","leverage":1.0,"is_short":false,"open_timestamp":1763784000000,"close_timestamp":1763794800000,"orders":[{"amount":2301.0,"safe_price":0.13929,"ft_order_side":"buy","order_filled_timestamp":1763784000000,"ft_is_entry":true,"ft_order_tag":"","cost":320.82679628999995},{"amount":2301.0,"safe_price":0.13956885885885884,"ft_order_side":"sell","order_filled_timestamp":1763794800000,"ft_is_entry":false,"ft_order_tag":"roi","cost":321.4690921784684}],"funding_fees":0.0,"weekday":5}],"locks":[],"best_pair":{"key":"DOGE/USDT","trades":5,"profit_mean":-0.017420225891253322,"profit_mean_pct":-1.74,"profit_total_abs":-28.66307414,"profit_total":-0.028663074139999998,"profit_total_pct":-2.87,"duration_avg":"6:12:00","wins":1,"draws":2,"losses":2,"winrate":0.2,"cagr":-0.10365672982143193,"expectancy":-5.732614828000001,"expectancy_ratio":-0.7365118395543124,"sortino":-56.20029789669192,"sharpe":-0.5981735488808001,"calmar":-19.695848633549243,"sqn":-1.2148,"profit_factor":0.15872040111421887,"max_drawdown_account":0.02866307414000005,"max_drawdown_abs":28.66307414},"worst_pair":{"key":"DOGE/USDT","trades":5,"profit_mean":-0.017420225891253322,"profit_mean_pct":-1.74,"profit_total_abs":-28.66307414,"profit_total":-0.028663074139999998,"profit_total_pct":-2.87,"duration_avg":"6:12:00","wins":1,"draws":2,"losses":2,"winrate":0.2,"cagr":-0.10365672982143193,"expectancy":-5.732614828000001,"expectancy_ratio":-0.7365118395543124,"sortino":-56.20029789669192,"sharpe":-0.5981735488808001,"calmar":-19.695848633549243,"sqn":-1.2148,"profit_factor":0.15872040111421887,"max_drawdown_account":0.02866307414000005,"max_drawdown_abs":28.66307414},"results_per_pair":[{"key":"DOGE/USDT","trades":5,"profit_mean":-0.017420225891253322,"profit_mean_pct":-1.74,"profit_total_abs":-28.66307414,"profit_total":-0.028663074139999998,"profit_total_pct":-2.87,"duration_avg":"6:12:00","wins":1,"draws":2,"losses":2,"winrate":0.2,"cagr":-0.10365672982143193,"expectancy":-5.732614828000001,"expectancy_ratio":-0.7365118395543124,"sortino":-56.20029789669192,"sharpe":-0.5981735488808001,"calmar":-19.695848633549243,"sqn":-1.2148,"profit_factor":0.15872040111421887,"max_drawdown_account":0.02866307414000005,"max_drawdown_abs":28.66307414},{"key":"TOTAL","trades":5,"profit_mean":-0.017420225891253322,"profit_mean_pct":-1.74,"profit_total_abs":-28.66307414,"profit_total":-0.028663074139999998,"profit_total_pct":-2.87,"duration_avg":"6:12:00","wins":1,"draws":2,"losses":2,"winrate":0.2,"cagr":-0.10365672982143193,"expectancy":-5.732614828000001,"expectancy_ratio":-0.7365118395543124,"sortino":-56.20029789669192,"sharpe":-0.5981735488808001,"calmar":-19.695848633549243,"sqn":-1.2148,"profit_factor":0.15872040111421887,"max_drawdown_account":0.02866307414000005,"max_drawdown_abs":28.66307414}],"results_per_enter_tag":[{"key":"","trades":5,"profit_mean":-0.017420225891253322,"profit_mean_pct":-1.74,"profit_total_abs":-28.66307414,"profit_total":-0.028663074139999998,"profit_total_pct":-2.87,"duration_avg":"6:12:00","wins":1,"draws":2,"losses":2,"winrate":0.2,"cagr":-0.10365672982143193,"expectancy":-5.732614828000001,"expectancy_ratio":-0.7365118395543124,"sortino":-56.20029789669192,"sharpe":-0.5981735488808001,"calmar":-19.695848633549243,"sqn":-1.2148,"profit_factor":0.15872040111421887,"max_drawdown_account":0.02866307414000005,"max_drawdown_abs":28.66307414},{"key":"TOTAL","trades":5,"profit_mean":-0.017420225891253322,"profit_mean_pct":-1.74,"profit_total_abs":-28.66307414,"profit_total":-0.028663074139999998,"profit_total_pct":-2.87,"duration_avg":"6:12:00","wins":1,"draws":2,"losses":2,"winrate":0.2,"cagr":-0.10365672982143193,"expectancy":-5.732614828000001,"expectancy_ratio":-0.7365118395543124,"sortino":-56.20029789669192,"sharpe":-0.5981735488808001,"calmar":-19.695848633549243,"sqn":-1.2148,"profit_factor":0.15872040111421887,"max_drawdown_account":0.02866307414000005,"max_drawdown_abs":28.66307414}],"exit_reason_summary":[{"key":"roi","trades":3,"profit_mean":0.005554474124017103,"profit_mean_pct":0.56,"profit_total_abs":5.40773202,"profit_total":0.00540773202,"profit_total_pct":0.54,"duration_avg":"2:20:00","wins":1,"draws":2,"losses":0,"winrate":0.3333333333333333,"cagr":0.020501180229324456,"expectancy":1.80257734,"expectancy_ratio":100.0,"sortino":-100,"sharpe":0.41781204390019466,"calmar":-100,"sqn":1.0,"profit_factor":0.0,"max_drawdown_account":0.0,"max_drawdown_abs":0.0},{"key":"stop_loss","trades":2,"profit_mean":-0.05188227591415896,"profit_mean_pct":-5.19,"profit_total_abs":-34.070806160000004,"profit_total":-0.03407080616,"profit_total_pct":-3.41,"duration_avg":"12:00:00","wins":0,"draws":0,"losses":2,"winrate":0.0,"cagr":-0.12229041357743253,"expectancy":-17.035403080000002,"expectancy_ratio":-1.0,"sortino":-66.80335285810504,"sharpe":-66.80335285810504,"calmar":-19.6958486335493,"sqn":-169.5874,"profit_factor":0.0,"max_drawdown_account":0.03407080615999996,"max_drawdown_abs":34.070806160000004},{"key":"TOTAL","trades":5,"profit_mean":-0.017420225891253322,"profit_mean_pct":-1.74,"profit_total_abs":-28.66307414,"profit_total":-0.028663074139999998,"profit_total_pct":-2.87,"duration_avg":"6:12:00","wins":1,"draws":2,"losses":2,"winrate":0.2,"cagr":-0.10365672982143193,"expectancy":-5.732614828000001,"expectancy_ratio":-0.7365118395543124,"sortino":-56.20029789669192,"sharpe":-0.5981735488808001,"calmar":-19.695848633549243,"sqn":-1.2148,"profit_factor":0.15872040111421887,"max_drawdown_account":0.02866307414000005,"max_drawdown_abs":28.66307414}],"mix_tag_stats":[{"key":["","roi"],"trades":3,"profit_mean":0.005554474124017103,"profit_mean_pct":0.56,"profit_total_abs":5.40773202,"profit_total":0.00540773202,"profit_total_pct":0.54,"duration_avg":"2:20:00","wins":1,"draws":2,"losses":0,"winrate":0.3333333333333333,"cagr":0.020501180229324456,"expectancy":1.80257734,"expectancy_ratio":100.0,"sortino":-100,"sharpe":0.41781204390019466,"calmar":-100,"sqn":1.0,"profit_factor":0.0,"max_drawdown_account":0.0,"max_drawdown_abs":0.0},{"key":["","stop_loss"],"trades":2,"profit_mean":-0.05188227591415896,"profit_mean_pct":-5.19,"profit_total_abs":-34.070806160000004,"profit_total":-0.03407080616,"profit_total_pct":-3.41,"duration_avg":"12:00:00","wins":0,"draws":0,"losses":2,"winrate":0.0,"cagr":-0.12229041357743253,"expectancy":-17.035403080000002,"expectancy_ratio":-1.0,"sortino":-66.80335285810504,"sharpe":-66.80335285810504,"calmar":-19.6958486335493,"sqn":-169.5874,"profit_factor":0.0,"max_drawdown_account":0.03407080615999996,"max_drawdown_abs":34.070806160000004},{"key":"TOTAL","trades":5,"profit_mean":-0.017420225891253322,"profit_mean_pct":-1.74,"profit_total_abs":-28.66307414,"profit_total":-0.028663074139999998,"profit_total_pct":-2.87,"duration_avg":"6:12:00","wins":1,"draws":2,"losses":2,"winrate":0.2,"cagr":-0.10365672982143193,"expectancy":-5.732614828000001,"expectancy_ratio":-0.7365118395543124,"sortino":-56.20029789669192,"sharpe":-0.5981735488808001,"calmar":-19.695848633549243,"sqn":-1.2148,"profit_factor":0.15872040111421887,"max_drawdown_account":0.02866307414000005,"max_drawdown_abs":28.66307414}],"left_open_trades":[{"key":"TOTAL","trades":0,"profit_mean":0.0,"profit_mean_pct":0.0,"profit_total_abs":0.0,"profit_total":0.0,"profit_total_pct":0.0,"duration_avg":"0:00","wins":0,"draws":0,"losses":0,"winrate":0.0,"cagr":0.0,"expectancy":0.0,"expectancy_ratio":100.0,"sortino":0,"sharpe":0,"calmar":0,"sqn":0.0,"profit_factor":0.0,"max_drawdown_account":0.0,"max_drawdown_abs":0.0}],"total_trades":5,"trade_count_long":5,"trade_count_short":0,"total_volume":3220.150352698558,"avg_stake_amount":324.23795600000005,"profit_mean":-0.017420225891253322,"profit_median":0.0,"profit_total":-0.028663074139999998,"profit_total_long":-0.028663074139999998,"profit_total_short":0.0,"profit_total_abs":-28.66307414,"profit_total_long_abs":-28.66307414,"profit_total_short_abs":0.0,"cagr":-0.10365672982143193,"expectancy":-5.732614828000001,"expectancy_ratio":-0.7365118395543124,"sortino":-56.20029789669192,"sharpe":-0.5981735488808001,"calmar":-19.695848633549243,"sqn":-1.2148,"profit_factor":0.15872040111421887,"backtest_start":"2025-10-01 00:00:00","backtest_start_ts":1759276800000,"backtest_end":"2026-01-06 20:00:00","backtest_end_ts":1767729600000,"backtest_days":97,"backtest_run_start_ts":1767737467,"backtest_run_end_ts":1767737467,"trades_per_day":0.05,"market_change":-0.36632086436227446,"pairlist":["DOGE/USDT"],"stake_amount":"unlimited","stake_currency":"USDT","stake_currency_decimals":3,"starting_balance":1000,"dry_run_wallet":1000,"final_balance":971.33692586,"rejected_signals":0,"timedout_entry_orders":0,"timedout_exit_orders":0,"canceled_trade_entries":0,"canceled_entry_orders":0,"replaced_entry_orders":0,"max_open_trades":1,"max_open_trades_setting":3,"timeframe":"1h","timeframe_detail":"","timerange":"20251001-","enable_protections":false,"strategy_name":"ACO_25_7","freqaimodel":null,"freqai_identifier":null,"stoploss":-0.05,"trailing_stop":false,"trailing_stop_positive":null,"trailing_stop_positive_offset":0.0,"trailing_only_offset_is_reached":false,"use_custom_stoploss":false,"minimal_roi":{"0":0.1,"60":0.05,"120":0.0},"use_exit_signal":true,"exit_profit_only":false,"exit_profit_offset":0.0,"ignore_roi_if_entry_signal":false,"trading_mode":"spot","margin_mode":"","periodic_breakdown":{"day":[{"date":"11/10/2025","date_ts":1760140800000,"profit_abs":-17.13585514,"wins":0,"draws":0,"losses":1,"trades":1,"profit_factor":0.0},{"date":"12/10/2025","date_ts":1760227200000,"profit_abs":5.40773202,"wins":1,"draws":0,"losses":0,"trades":1,"profit_factor":0.0},{"date":"13/10/2025","date_ts":1760313600000,"profit_abs":0.0,"wins":0,"draws":0,"losses":0,"trades":0,"profit_factor":0.0},{"date":"14/10/2025","date_ts":1760400000000,"profit_abs":0.0,"wins":0,"draws":0,"losses":0,"trades":0,"profit_factor":0.0},{"date":"15/10/2025","date_ts":1760486400000,"profit_abs":0.0,"wins":0,"draws":0,"losses":0,"trades":0,"profit_factor":0.0},{"date":"16/10/2025","date_ts":1760572800000,"profit_abs":0.0,"wins":0,"draws":0,"losses":0,"trades":0,"profit_factor":0.0},{"date":"17/10/2025","date_ts":1760659200000,"profit_abs":0.0,"wins":0,"draws":0,"losses":0,"trades":0,"profit_factor":0.0},{"date":"18/10/2025","date_ts":1760745600000,"profit_abs":0.0,"wins":0,"draws":0,"losses":0,"trades":0,"profit_factor":0.0},{"date":"19/10/2025","date_ts":1760832000000,"profit_abs":0.0,"wins":0,"draws":0,"losses":0,"trades":0,"profit_factor":0.0},{"date":"20/10/2025","date_ts":1760918400000,"profit_abs":0.0,"wins":0,"draws":0,"losses":0,"trades":0,"profit_factor":0.0},{"date":"21/10/2025","date_ts":1761004800000,"profit_abs":0.0,"wins":0,"draws":0,"losses":0,"trades":0,"profit_factor":0.0},{"date":"22/10/2025","date_ts":1761091200000,"profit_abs":0.0,"wins":0,"draws":0,"losses":0,"trades":0,"profit_factor":0.0},{"date":"23/10/2025","date_ts":1761177600000,"profit_abs":0.0,"wins":0,"draws":0,"losses":0,"trades":0,"profit_factor":0.0},{"date":"24/10/2025","date_ts":1761264000000,"profit_abs":0.0,"wins":0,"draws":0,"losses":0,"trades":0,"profit_factor":0.0},{"date":"25/10/2025","date_ts":1761350400000,"profit_abs":0.0,"wins":0,"draws":0,"losses":0,"trades":0,"profit_factor":0.0},{"date":"26/10/2025","date_ts":1761436800000,"profit_abs":0.0,"wins":0,"draws":0,"losses":0,"trades":0,"profit_factor":0.0},{"date":"27/10/2025","date_ts":1761523200000,"profit_abs":0.0,"wins":0,"draws":0,"losses":0,"trades":0,"profit_factor":0.0},{"date":"28/10/2025","date_ts":1761609600000,"profit_abs":0.0,"wins":0,"draws":0,"losses":0,"trades":0,"profit_factor":0.0},{"date":"29/10/2025","date_ts":1761696000000,"profit_abs":0.0,"wins":0,"draws":0,"losses":0,"trades":0,"profit_factor":0.0},{"date":"30/10/2025","date_ts":1761782400000,"profit_abs":0.0,"wins":0,"draws":0,"losses":0,"trades":0,"profit_factor":0.0},{"date":"31/10/2025","date_ts":1761868800000,"profit_abs":0.0,"wins":0,"draws":0,"losses":0,"trades":0,"profit_factor":0.0},{"date":"01/11/2025","date_ts":1761955200000,"profit_abs":0.0,"wins":0,"draws":0,"losses":0,"trades":0,"profit_factor":0.0},{"date":"02/11/2025","date_ts":1762041600000,"profit_abs":0.0,"wins":0,"draws":0,"losses":0,"trades":0,"profit_factor":0.0},{"date":"03/11/2025","date_ts":1762128000000,"profit_abs":0.0,"wins":0,"draws":0,"losses":0,"trades":0,"profit_factor":0.0},{"date":"04/11/2025","date_ts":1762214400000,"profit_abs":0.0,"wins":0,"draws":0,"losses":0,"trades":0,"profit_factor":0.0},{"date":"05/11/2025","date_ts":1762300800000,"profit_abs":0.0,"wins":0,"draws":0,"losses":0,"trades":0,"profit_factor":0.0},{"date":"06/11/2025","date_ts":1762387200000,"profit_abs":0.0,"wins":0,"draws":0,"losses":0,"trades":0,"profit_factor":0.0},{"date":"07/11/2025","date_ts":1762473600000,"profit_abs":0.0,"wins":0,"draws":0,"losses":0,"trades":0,"profit_factor":0.0},{"date":"08/11/2025","date_ts":1762560000000,"profit_abs":0.0,"wins":0,"draws":0,"losses":0,"trades":0,"profit_factor":0.0},{"date":"09/11/2025","date_ts":1762646400000,"profit_abs":-16.93495102,"wins":0,"draws":0,"losses":1,"trades":1,"profit_factor":0.0},{"date":"10/11/2025","date_ts":1762732800000,"profit_abs":0.0,"wins":0,"draws":0,"losses":0,"trades":0,"profit_factor":0.0},{"date":"11/11/2025","date_ts":1762819200000,"profit_abs":0.0,"wins":0,"draws":0,"losses":0,"trades":0,"profit_factor":0.0},{"date":"12/11/2025","date_ts":1762905600000,"profit_abs":0.0,"wins":0,"draws":0,"losses":0,"trades":0,"profit_factor":0.0},{"date":"13/11/2025","date_ts":1762992000000,"profit_abs":0.0,"wins":0,"draws":0,"losses":0,"trades":0,"profit_factor":0.0},{"date":"14/11/2025","date_ts":1763078400000,"profit_abs":0.0,"wins":0,"draws":0,"losses":0,"trades":0,"profit_factor":0.0},{"date":"15/11/2025","date_ts":1763164800000,"profit_abs":0.0,"wins":0,"draws":0,"losses":0,"trades":0,"profit_factor":0.0},{"date":"16/11/2025","date_ts":1763251200000,"profit_abs":0.0,"wins":0,"draws":0,"losses":0,"trades":0,"profit_factor":0.0},{"date":"17/11/2025","date_ts":1763337600000,"profit_abs":0.0,"wins":0,"draws":0,"losses":0,"trades":0,"profit_factor":0.0},{"date":"18/11/2025","date_ts":1763424000000,"profit_abs":0.0,"wins":0,"draws":0,"losses":0,"trades":0,"profit_factor":0.0},{"date":"19/11/2025","date_ts":1763510400000,"profit_abs":0.0,"wins":0,"draws":0,"losses":0,"trades":0,"profit_factor":0.0},{"date":"20/11/2025","date_ts":1763596800000,"profit_abs":0.0,"wins":0,"draws":0,"losses":0,"trades":0,"profit_factor":0.0},{"date":"21/11/2025","date_ts":1763683200000,"profit_abs":0.0,"wins":0,"draws":1,"losses":0,"trades":1,"profit_factor":0.0},{"date":"22/11/2025","date_ts":1763769600000,"profit_abs":0.0,"wins":0,"draws":1,"losses":0,"trades":1,"profit_factor":0.0}],"week":[{"date":"13/10/2025","date_ts":1760313600000,"profit_abs":-11.72812312,"wins":1,"draws":0,"losses":1,"trades":2,"profit_factor":0.31557993},{"date":"20/10/2025","date_ts":1760918400000,"profit_abs":0.0,"wins":0,"draws":0,"losses":0,"trades":0,"profit_factor":0.0},{"date":"27/10/2025","date_ts":1761523200000,"profit_abs":0.0,"wins":0,"draws":0,"losses":0,"trades":0,"profit_factor":0.0},{"date":"03/11/2025","date_ts":1762128000000,"profit_abs":0.0,"wins":0,"draws":0,"losses":0,"trades":0,"profit_factor":0.0},{"date":"10/11/2025","date_ts":1762732800000,"profit_abs":-16.93495102,"wins":0,"draws":0,"losses":1,"trades":1,"profit_factor":0.0},{"date":"17/11/2025","date_ts":1763337600000,"profit_abs":0.0,"wins":0,"draws":0,"losses":0,"trades":0,"profit_factor":0.0},{"date":"24/11/2025","date_ts":1763942400000,"profit_abs":0.0,"wins":0,"draws":2,"losses":0,"trades":2,"profit_factor":0.0}],"month":[{"date":"31/10/2025","date_ts":1761868800000,"profit_abs":-11.72812312,"wins":1,"draws":0,"losses":1,"trades":2,"profit_factor":0.31557993},{"date":"30/11/2025","date_ts":1764460800000,"profit_abs":-16.93495102,"wins":0,"draws":2,"losses":1,"trades":3,"profit_factor":0.0}],"year":[{"date":"31/12/2025","date_ts":1767139200000,"profit_abs":-28.66307414,"wins":1,"draws":2,"losses":2,"trades":5,"profit_factor":0.1587204}],"weekday":[{"date":"Friday","date_ts":4,"profit_abs":0.0,"wins":0,"draws":1,"losses":0,"trades":1,"profit_factor":0.0},{"date":"Saturday","date_ts":5,"profit_abs":-17.13585514,"wins":0,"draws":1,"losses":1,"trades":2,"profit_factor":0.0},{"date":"Sunday","date_ts":6,"profit_abs":-11.527219,"wins":1,"draws":0,"losses":1,"trades":2,"profit_factor":0.31932375}]},"backtest_best_day":0.01666342237205131,"backtest_worst_day":-0.051887040027142,"backtest_best_day_abs":5.40773202,"backtest_worst_day_abs":-17.13585514,"winning_days":1,"draw_days":40,"losing_days":2,"daily_profit":[["2025-10-11",-17.13585514],["2025-10-12",5.40773202],["2025-10-13",0.0],["2025-10-14",0.0],["2025-10-15",0.0],["2025-10-16",0.0],["2025-10-17",0.0],["2025-10-18",0.0],["2025-10-19",0.0],["2025-10-20",0.0],["2025-10-21",0.0],["2025-10-22",0.0],["2025-10-23",0.0],["2025-10-24",0.0],["2025-10-25",0.0],["2025-10-26",0.0],["2025-10-27",0.0],["2025-10-28",0.0],["2025-10-29",0.0],["2025-10-30",0.0],["2025-10-31",0.0],["2025-11-01",0.0],["2025-11-02",0.0],["2025-11-03",0.0],["2025-11-04",0.0],["2025-11-05",0.0],["2025-11-06",0.0],["2025-11-07",0.0],["2025-11-08",0.0],["2025-11-09",-16.93495102],["2025-11-10",0.0],["2025-11-11",0.0],["2025-11-12",0.0],["2025-11-13",0.0],["2025-11-14",0.0],["2025-11-15",0.0],["2025-11-16",0.0],["2025-11-17",0.0],["2025-11-18",0.0],["2025-11-19",0.0],["2025-11-20",0.0],["2025-11-21",0.0],["2025-11-22",0.0]],"wins":1,"losses":2,"draws":2,"winrate":0.2,"holding_avg":"6:12:00","holding_avg_s":22320.0,"winner_holding_min":"0d 02:00","winner_holding_min_s":7200.0,"winner_holding_max":"0d 02:00","winner_holding_max_s":7200.0,"winner_holding_avg":"0d 02:00","winner_holding_avg_s":7200.0,"loser_holding_min":"0d 08:00","loser_holding_min_s":28800.0,"loser_holding_max":"0d 16:00","loser_holding_max_s":57600.0,"loser_holding_avg":"0d 12:00","loser_holding_avg_s":43200.0,"max_consecutive_wins":1,"max_consecutive_losses":3,"max_drawdown_account":0.02866307414000005,"max_relative_drawdown":0.02866307414000005,"max_drawdown_abs":28.66307414,"drawdown_start":"2025-10-11 19:00:00","drawdown_start_ts":1760209200000.0,"drawdown_end":"2025-11-09 03:00:00","drawdown_end_ts":1762657200000.0,"drawdown_duration":"28 days 08:00:00","drawdown_duration_s":2448000.0,"max_drawdown_low":-28.66307414,"max_drawdown_high":0.0,"csum_min":971.33692586,"csum_max":988.27187688}},"strategy_comparison":[{"key":"ACO_25_7","trades":5,"profit_mean":-0.017420225891253322,"profit_mean_pct":-1.74,"profit_total_abs":-28.66307414,"profit_total":-0.028663074139999998,"profit_total_pct":-2.87,"duration_avg":"6:12:00","wins":1,"draws":2,"losses":2,"winrate":0.2,"cagr":-0.10365672982143193,"expectancy":-5.732614828000001,"expectancy_ratio":-0.7365118395543124,"sortino":-56.20029789669192,"sharpe":-0.5981735488808001,"calmar":-19.695848633549243,"sqn":-1.2148,"profit_factor":0.15872040111421887,"max_drawdown_account":0.02866307414000005,"max_drawdown_abs":"28.663"}]}