{"strategy":{"ACO_11_4":{"trades":[{"pair":"DOGE/USDT","stake_amount":329.97993,"max_stake_amount":329.97993,"amount":1689.0,"open_date":"2025-10-11 01:00:00+00:00","close_date":"2025-10-11 03:00:00+00:00","open_rate":0.19537,"close_rate":0.19889,"fee_open":0.001,"fee_close":0.001,"trade_duration":120,"profit_ratio":0.015983095575663523,"profit_abs":5.27937486,"exit_reason":"roi","initial_stop_loss_abs":0.18561,"initial_stop_loss_ratio":-0.05,"stop_loss_abs":0.18561,"stop_loss_ratio":-0.05,"min_rate":0.18627,"max_rate":0.20048,"is_open":false,"enter_tag":"","leverage":1.0,"is_short":false,"open_timestamp":1760144400000,"close_timestamp":1760151600000,"orders":[{"amount":1689.0,"safe_price":0.19537,"ft_order_side":"buy","order_filled_timestamp":1760144400000,"ft_is_entry":true,"ft_order_tag":"","cost":330.30990992999995},{"amount":1689.0,"safe_price":0.19889,"ft_order_side":"sell","order_filled_timestamp":1760151600000,"ft_is_entry":false,"ft_order_tag":"roi","cost":336.26113520999996}],"funding_fees":0.0,"weekday":5},{"pair":"DOGE/USDT","stake_amount":331.57376,"max_stake_amount":331.57376,"amount":1792.0,"open_date":"2025-10-11 23:00:00+00:00","close_date":"2025-10-12 03:00:00+00:00","open_rate":0.18503,"close_rate":0.18540043043043042,"fee_open":0.001,"fee_close":0.001,"trade_duration":240,"profit_ratio":0.0,"profit_abs":0.0,"exit_reason":"roi","initial_stop_loss_abs":0.17578,"initial_stop_loss_ratio":-0.05,"stop_loss_abs":0.17578,"stop_loss_ratio":-0.05,"min_rate":0.18072,"max_rate":0.18675,"is_open":false,"enter_tag":"","leverage":1.0,"is_short":false,"open_timestamp":1760223600000,"close_timestamp":1760238000000,"orders":[{"amount":1792.0,"safe_price":0.18503,"ft_order_side":"buy","order_filled_timestamp":1760223600000,"ft_is_entry":true,"ft_order_tag":"","cost":331.90533375999996},{"amount":1792.0,"safe_price":0.18540043043043042,"ft_order_side":"sell","order_filled_timestamp":1760238000000,"ft_is_entry":false,"ft_order_tag":"roi","cost":332.5698089026626}],"funding_fees":0.0,"weekday":6},{"pair":"DOGE/USDT","stake_amount":331.72608,"max_stake_amount":331.72608,"amount":1763.0,"open_date":"2025-10-16 22:00:00+00:00","close_date":"2025-10-17 00:00:00+00:00","open_rate":0.18816,"close_rate":0.18853669669669668,"fee_open":0.001,"fee_close":0.001,"trade_duration":120,"profit_ratio":0.0,"profit_abs":0.0,"exit_reason":"roi","initial_stop_loss_abs":0.17876,"initial_stop_loss_ratio":-0.05,"stop_loss_abs":0.17876,"stop_loss_ratio":-0.05,"min_rate":0.18616,"max_rate":0.19011,"is_open":false,"enter_tag":"","leverage":1.0,"is_short":false,"open_timestamp":1760652000000,"close_timestamp":1760659200000,"orders":[{"amount":1763.0,"safe_price":0.18816,"ft_order_side":"buy","order_filled_timestamp":1760652000000,"ft_is_entry":true,"ft_order_tag":"","cost":332.0578060799999},{"amount":1763.0,"safe_price":0.18853669669669668,"ft_order_side":"sell","order_filled_timestamp":1760659200000,"ft_is_entry":false,"ft_order_tag":"roi","cost":332.7225864725525}],"funding_fees":0.0,"weekday":4},{"pair":"DOGE/USDT","stake_amount":331.70553,"max_stake_amount":331.70553,"amount":1853.0,"open_date":"2025-10-17 11:00:00+00:00","close_date":"2025-10-17 13:00:00+00:00","open_rate":0.17901,"close_rate":0.18228,"fee_open":0.001,"fee_close":0.001,"trade_duration":120,"profit_ratio":0.016232636142138407,"profit_abs":5.38983963,"exit_reason":"roi","initial_stop_loss_abs":0.17006,"initial_stop_loss_ratio":-0.05,"stop_loss_abs":0.17006,"stop_loss_ratio":-0.05,"min_rate":0.17882,"max_rate":0.18463,"is_open":false,"enter_tag":"","leverage":1.0,"is_short":false,"open_timestamp":1760698800000,"close_timestamp":1760706000000,"orders":[{"amount":1853.0,"safe_price":0.17901,"ft_order_side":"buy","order_filled_timestamp":1760698800000,"ft_is_entry":true,"ft_order_tag":"","cost":332.03723553},{"amount":1853.0,"safe_price":0.18228,"ft_order_side":"sell","order_filled_timestamp":1760706000000,"ft_is_entry":false,"ft_order_tag":"roi","cost":338.10260483999997}],"funding_fees":0.0,"weekday":4},{"pair":"DOGE/USDT","stake_amount":333.34938,"max_stake_amount":333.34938,"amount":1833.0,"open_date":"2025-10-30 17:00:00+00:00","close_date":"2025-10-30 23:00:00+00:00","open_rate":0.18186,"close_rate":0.18222408408408405,"fee_open":0.001,"fee_close":0.001,"trade_duration":360,"profit_ratio":0.0,"profit_abs":0.0,"exit_reason":"roi","initial_stop_loss_abs":0.17277,"initial_stop_loss_ratio":-0.05,"stop_loss_abs":0.17277,"stop_loss_ratio":-0.05,"min_rate":0.17642,"max_rate":0.18287,"is_open":false,"enter_tag":"","leverage":1.0,"is_short":false,"open_timestamp":1761843600000,"close_timestamp":1761865200000,"orders":[{"amount":1833.0,"safe_price":0.18186,"ft_order_side":"buy","order_filled_timestamp":1761843600000,"ft_is_entry":true,"ft_order_tag":"","cost":333.68272937999996},{"amount":1833.0,"safe_price":0.18222408408408405,"ft_order_side":"sell","order_filled_timestamp":1761865200000,"ft_is_entry":false,"ft_order_tag":"roi","cost":334.3507628722522}],"funding_fees":0.0,"weekday":3},{"pair":"DOGE/USDT","stake_amount":333.3484,"max_stake_amount":333.3484,"amount":1918.0,"open_date":"2025-11-03 09:00:00+00:00","close_date":"2025-11-03 11:00:00+00:00","open_rate":0.1738,"close_rate":0.17414794794794794,"fee_open":0.001,"fee_close":0.001,"trade_duration":120,"profit_ratio":0.0,"profit_abs":0.0,"exit_reason":"roi","initial_stop_loss_abs":0.16511,"initial_stop_loss_ratio":-0.05,"stop_loss_abs":0.16511,"stop_loss_ratio":-0.05,"min_rate":0.1714,"max_rate":0.17534,"is_open":false,"enter_tag":"","leverage":1.0,"is_short":false,"open_timestamp":1762160400000,"close_timestamp":1762167600000,"orders":[{"amount":1918.0,"safe_price":0.1738,"ft_order_side":"buy","order_filled_timestamp":1762160400000,"ft_is_entry":true,"ft_order_tag":"","cost":333.6817484},{"amount":1918.0,"safe_price":0.17414794794794794,"ft_order_side":"sell","order_filled_timestamp":1762167600000,"ft_is_entry":false,"ft_order_tag":"roi","cost":334.34977992832825}],"funding_fees":0.0,"weekday":0},{"pair":"DOGE/USDT","stake_amount":333.47584,"max_stake_amount":333.47584,"amount":2432.0,"open_date":"2025-12-01 06:00:00+00:00","close_date":"2025-12-01 08:00:00+00:00","open_rate":0.13712,"close_rate":0.13774,"fee_open":0.001,"fee_close":0.001,"trade_duration":120,"profit_ratio":0.0025145507934306068,"profit_abs":0.83938048,"exit_reason":"roi","initial_stop_loss_abs":0.13027,"initial_stop_loss_ratio":-0.05,"stop_loss_abs":0.13027,"stop_loss_ratio":-0.05,"min_rate":0.13655,"max_rate":0.13824,"is_open":false,"enter_tag":"","leverage":1.0,"is_short":false,"open_timestamp":1764568800000,"close_timestamp":1764576000000,"orders":[{"amount":2432.0,"safe_price":0.13712,"ft_order_side":"buy","order_filled_timestamp":1764568800000,"ft_is_entry":true,"ft_order_tag":"","cost":333.80931583999995},{"amount":2432.0,"safe_price":0.13774,"ft_order_side":"sell","order_filled_timestamp":1764576000000,"ft_is_entry":false,"ft_order_tag":"roi","cost":335.31866367999993}],"funding_fees":0.0,"weekday":0},{"pair":"DOGE/USDT","stake_amount":333.78702,"max_stake_amount":333.78702,"amount":2401.0,"open_date":"2025-12-05 20:00:00+00:00","close_date":"2025-12-05 22:00:00+00:00","open_rate":0.13902,"close_rate":0.13929831831831832,"fee_open":0.001,"fee_close":0.001,"trade_duration":120,"profit_ratio":0.0,"profit_abs":0.0,"exit_reason":"roi","initial_stop_loss_abs":0.13207,"initial_stop_loss_ratio":-0.05,"stop_loss_abs":0.13207,"stop_loss_ratio":-0.05,"min_rate":0.13803,"max_rate":0.13944,"is_open":false,"enter_tag":"","leverage":1.0,"is_short":false,"open_timestamp":1764964800000,"close_timestamp":1764972000000,"orders":[{"amount":2401.0,"safe_price":0.13902,"ft_order_side":"buy","order_filled_timestamp":1764964800000,"ft_is_entry":true,"ft_order_tag":"","cost":334.12080702},{"amount":2401.0,"safe_price":0.13929831831831832,"ft_order_side":"sell","order_filled_timestamp":1764972000000,"ft_is_entry":false,"ft_order_tag":"roi","cost":334.7897175445645}],"funding_fees":0.0,"weekday":4},{"pair":"DOGE/USDT","stake_amount":333.75375,"max_stake_amount":333.75375,"amount":2475.0,"open_date":"2025-12-14 19:00:00+00:00","close_date":"2025-12-15 00:00:00+00:00","open_rate":0.13485,"close_rate":0.13511996996996997,"fee_open":0.001,"fee_close":0.001,"trade_duration":300,"profit_ratio":0.0,"profit_abs":0.0,"exit_reason":"roi","initial_stop_loss_abs":0.12811,"initial_stop_loss_ratio":-0.05,"stop_loss_abs":0.12811,"stop_loss_ratio":-0.05,"min_rate":0.13261,"max_rate":0.1353,"is_open":false,"enter_tag":"","leverage":1.0,"is_short":false,"open_timestamp":1765738800000,"close_timestamp":1765756800000,"orders":[{"amount":2475.0,"safe_price":0.13485,"ft_order_side":"buy","order_filled_timestamp":1765738800000,"ft_is_entry":true,"ft_order_tag":"","cost":334.08750374999994},{"amount":2475.0,"safe_price":0.13511996996996997,"ft_order_side":"sell","order_filled_timestamp":1765756800000,"ft_is_entry":false,"ft_order_tag":"roi","cost":334.7563476013513}],"funding_fees":0.0,"weekday":0},{"pair":"DOGE/USDT","stake_amount":333.7,"max_stake_amount":333.7,"amount":2840.0,"open_date":"2025-12-31 22:00:00+00:00","close_date":"2026-01-01 00:00:00+00:00","open_rate":0.1175,"close_rate":0.11773523523523523,"fee_open":0.001,"fee_close":0.001,"trade_duration":120,"profit_ratio":0.0,"profit_abs":0.0,"exit_reason":"roi","initial_stop_loss_abs":0.11163,"initial_stop_loss_ratio":-0.05,"stop_loss_abs":0.11163,"stop_loss_ratio":-0.05,"min_rate":0.11707,"max_rate":0.11798,"is_open":false,"enter_tag":"","leverage":1.0,"is_short":false,"open_timestamp":1767218400000,"close_timestamp":1767225600000,"orders":[{"amount":2840.0,"safe_price":0.1175,"ft_order_side":"buy","order_filled_timestamp":1767218400000,"ft_is_entry":true,"ft_order_tag":"","cost":334.03369999999995},{"amount":2840.0,"safe_price":0.11773523523523523,"ft_order_side":"sell","order_filled_timestamp":1767225600000,"ft_is_entry":false,"ft_order_tag":"roi","cost":334.7024361361361}],"funding_fees":0.0,"weekday":3}],"locks":[],"best_pair":{"key":"DOGE/USDT","trades":10,"profit_mean":0.003473028251123253,"profit_mean_pct":0.35,"profit_total_abs":11.50859497,"profit_total":0.011508594970000001,"profit_total_pct":1.15,"duration_avg":"2:54:00","wins":3,"draws":7,"losses":0,"winrate":0.3,"cagr":0.04399869596261863,"expectancy":1.150859497,"expectancy_ratio":100.0,"sortino":-100,"sharpe":1.075954223792867,"calmar":-100,"sqn":1.6389,"profit_factor":0.0,"max_drawdown_account":0.0,"max_drawdown_abs":0.0},"worst_pair":{"key":"DOGE/USDT","trades":10,"profit_mean":0.003473028251123253,"profit_mean_pct":0.35,"profit_total_abs":11.50859497,"profit_total":0.011508594970000001,"profit_total_pct":1.15,"duration_avg":"2:54:00","wins":3,"draws":7,"losses":0,"winrate":0.3,"cagr":0.04399869596261863,"expectancy":1.150859497,"expectancy_ratio":100.0,"sortino":-100,"sharpe":1.075954223792867,"calmar":-100,"sqn":1.6389,"profit_factor":0.0,"max_drawdown_account":0.0,"max_drawdown_abs":0.0},"results_per_pair":[{"key":"DOGE/USDT","trades":10,"profit_mean":0.003473028251123253,"profit_mean_pct":0.35,"profit_total_abs":11.50859497,"profit_total":0.011508594970000001,"profit_total_pct":1.15,"duration_avg":"2:54:00","wins":3,"draws":7,"losses":0,"winrate":0.3,"cagr":0.04399869596261863,"expectancy":1.150859497,"expectancy_ratio":100.0,"sortino":-100,"sharpe":1.075954223792867,"calmar":-100,"sqn":1.6389,"profit_factor":0.0,"max_drawdown_account":0.0,"max_drawdown_abs":0.0},{"key":"TOTAL","trades":10,"profit_mean":0.003473028251123253,"profit_mean_pct":0.35,"profit_total_abs":11.50859497,"profit_total":0.011508594970000001,"profit_total_pct":1.15,"duration_avg":"2:54:00","wins":3,"draws":7,"losses":0,"winrate":0.3,"cagr":0.04399869596261863,"expectancy":1.150859497,"expectancy_ratio":100.0,"sortino":-100,"sharpe":1.075954223792867,"calmar":-100,"sqn":1.6389,"profit_factor":0.0,"max_drawdown_account":0.0,"max_drawdown_abs":0.0}],"results_per_enter_tag":[{"key":"","trades":10,"profit_mean":0.003473028251123253,"profit_mean_pct":0.35,"profit_total_abs":11.50859497,"profit_total":0.011508594970000001,"profit_total_pct":1.15,"duration_avg":"2:54:00","wins":3,"draws":7,"losses":0,"winrate":0.3,"cagr":0.04399869596261863,"expectancy":1.150859497,"expectancy_ratio":100.0,"sortino":-100,"sharpe":1.075954223792867,"calmar":-100,"sqn":1.6389,"profit_factor":0.0,"max_drawdown_account":0.0,"max_drawdown_abs":0.0},{"key":"TOTAL","trades":10,"profit_mean":0.003473028251123253,"profit_mean_pct":0.35,"profit_total_abs":11.50859497,"profit_total":0.011508594970000001,"profit_total_pct":1.15,"duration_avg":"2:54:00","wins":3,"draws":7,"losses":0,"winrate":0.3,"cagr":0.04399869596261863,"expectancy":1.150859497,"expectancy_ratio":100.0,"sortino":-100,"sharpe":1.075954223792867,"calmar":-100,"sqn":1.6389,"profit_factor":0.0,"max_drawdown_account":0.0,"max_drawdown_abs":0.0}],"exit_reason_summary":[{"key":"roi","trades":10,"profit_mean":0.003473028251123253,"profit_mean_pct":0.35,"profit_total_abs":11.50859497,"profit_total":0.011508594970000001,"profit_total_pct":1.15,"duration_avg":"2:54:00","wins":3,"draws":7,"losses":0,"winrate":0.3,"cagr":0.04399869596261863,"expectancy":1.150859497,"expectancy_ratio":100.0,"sortino":-100,"sharpe":1.075954223792867,"calmar":-100,"sqn":1.6389,"profit_factor":0.0,"max_drawdown_account":0.0,"max_drawdown_abs":0.0},{"key":"TOTAL","trades":10,"profit_mean":0.003473028251123253,"profit_mean_pct":0.35,"profit_total_abs":11.50859497,"profit_total":0.011508594970000001,"profit_total_pct":1.15,"duration_avg":"2:54:00","wins":3,"draws":7,"losses":0,"winrate":0.3,"cagr":0.04399869596261863,"expectancy":1.150859497,"expectancy_ratio":100.0,"sortino":-100,"sharpe":1.075954223792867,"calmar":-100,"sqn":1.6389,"profit_factor":0.0,"max_drawdown_account":0.0,"max_drawdown_abs":0.0}],"mix_tag_stats":[{"key":["","roi"],"trades":10,"profit_mean":0.003473028251123253,"profit_mean_pct":0.35,"profit_total_abs":11.50859497,"profit_total":0.011508594970000001,"profit_total_pct":1.15,"duration_avg":"2:54:00","wins":3,"draws":7,"losses":0,"winrate":0.3,"cagr":0.04399869596261863,"expectancy":1.150859497,"expectancy_ratio":100.0,"sortino":-100,"sharpe":1.075954223792867,"calmar":-100,"sqn":1.6389,"profit_factor":0.0,"max_drawdown_account":0.0,"max_drawdown_abs":0.0},{"key":"TOTAL","trades":10,"profit_mean":0.003473028251123253,"profit_mean_pct":0.35,"profit_total_abs":11.50859497,"profit_total":0.011508594970000001,"profit_total_pct":1.15,"duration_avg":"2:54:00","wins":3,"draws":7,"losses":0,"winrate":0.3,"cagr":0.04399869596261863,"expectancy":1.150859497,"expectancy_ratio":100.0,"sortino":-100,"sharpe":1.075954223792867,"calmar":-100,"sqn":1.6389,"profit_factor":0.0,"max_drawdown_account":0.0,"max_drawdown_abs":0.0}],"left_open_trades":[{"key":"TOTAL","trades":0,"profit_mean":0.0,"profit_mean_pct":0.0,"profit_total_abs":0.0,"profit_total":0.0,"profit_total_pct":0.0,"duration_avg":"0:00","wins":0,"draws":0,"losses":0,"winrate":0.0,"cagr":0.0,"expectancy":0.0,"expectancy_ratio":100.0,"sortino":0,"sharpe":0,"calmar":0,"sqn":0.0,"profit_factor":0.0,"max_drawdown_account":0.0,"max_drawdown_abs":0.0}],"total_trades":10,"trade_count_long":10,"trade_count_short":0,"total_volume":6677.649932877847,"avg_stake_amount":332.63996899999995,"profit_mean":0.003473028251123253,"profit_median":0.0,"profit_total":0.011508594970000001,"profit_total_long":0.011508594970000001,"profit_total_short":0.0,"profit_total_abs":11.50859497,"profit_total_long_abs":11.50859497,"profit_total_short_abs":0.0,"cagr":0.04399869596261863,"expectancy":1.150859497,"expectancy_ratio":100.0,"sortino":-100,"sharpe":1.075954223792867,"calmar":-100,"sqn":1.6389,"profit_factor":0.0,"backtest_start":"2025-10-01 00:00:00","backtest_start_ts":1759276800000,"backtest_end":"2026-01-06 20:00:00","backtest_end_ts":1767729600000,"backtest_days":97,"backtest_run_start_ts":1767740941,"backtest_run_end_ts":1767740942,"trades_per_day":0.1,"market_change":-0.36632086436227446,"pairlist":["DOGE/USDT"],"stake_amount":"unlimited","stake_currency":"USDT","stake_currency_decimals":3,"starting_balance":1000,"dry_run_wallet":1000,"final_balance":1011.50859497,"rejected_signals":0,"timedout_entry_orders":0,"timedout_exit_orders":0,"canceled_trade_entries":0,"canceled_entry_orders":0,"replaced_entry_orders":0,"max_open_trades":1,"max_open_trades_setting":3,"timeframe":"1h","timeframe_detail":"","timerange":"20251001-","enable_protections":false,"strategy_name":"ACO_11_4","freqaimodel":null,"freqai_identifier":null,"stoploss":-0.05,"trailing_stop":false,"trailing_stop_positive":null,"trailing_stop_positive_offset":0.0,"trailing_only_offset_is_reached":false,"use_custom_stoploss":false,"minimal_roi":{"0":0.1,"60":0.05,"120":0.0},"use_exit_signal":true,"exit_profit_only":false,"exit_profit_offset":0.0,"ignore_roi_if_entry_signal":false,"trading_mode":"spot","margin_mode":"","periodic_breakdown":{"day":[{"date":"11/10/2025","date_ts":1760140800000,"profit_abs":5.27937486,"wins":1,"draws":0,"losses":0,"trades":1,"profit_factor":0.0},{"date":"12/10/2025","date_ts":1760227200000,"profit_abs":0.0,"wins":0,"draws":1,"losses":0,"trades":1,"profit_factor":0.0},{"date":"13/10/2025","date_ts":1760313600000,"profit_abs":0.0,"wins":0,"draws":0,"losses":0,"trades":0,"profit_factor":0.0},{"date":"14/10/2025","date_ts":1760400000000,"profit_abs":0.0,"wins":0,"draws":0,"losses":0,"trades":0,"profit_factor":0.0},{"date":"15/10/2025","date_ts":1760486400000,"profit_abs":0.0,"wins":0,"draws":0,"losses":0,"trades":0,"profit_factor":0.0},{"date":"16/10/2025","date_ts":1760572800000,"profit_abs":0.0,"wins":0,"draws":0,"losses":0,"trades":0,"profit_factor":0.0},{"date":"17/10/2025","date_ts":1760659200000,"profit_abs":5.38983963,"wins":1,"draws":1,"losses":0,"trades":2,"profit_factor":0.0},{"date":"18/10/2025","date_ts":1760745600000,"profit_abs":0.0,"wins":0,"draws":0,"losses":0,"trades":0,"profit_factor":0.0},{"date":"19/10/2025","date_ts":1760832000000,"profit_abs":0.0,"wins":0,"draws":0,"losses":0,"trades":0,"profit_factor":0.0},{"date":"20/10/2025","date_ts":1760918400000,"profit_abs":0.0,"wins":0,"draws":0,"losses":0,"trades":0,"profit_factor":0.0},{"date":"21/10/2025","date_ts":1761004800000,"profit_abs":0.0,"wins":0,"draws":0,"losses":0,"trades":0,"profit_factor":0.0},{"date":"22/10/2025","date_ts":1761091200000,"profit_abs":0.0,"wins":0,"draws":0,"losses":0,"trades":0,"profit_factor":0.0},{"date":"23/10/2025","date_ts":1761177600000,"profit_abs":0.0,"wins":0,"draws":0,"losses":0,"trades":0,"profit_factor":0.0},{"date":"24/10/2025","date_ts":1761264000000,"profit_abs":0.0,"wins":0,"draws":0,"losses":0,"trades":0,"profit_factor":0.0},{"date":"25/10/2025","date_ts":1761350400000,"profit_abs":0.0,"wins":0,"draws":0,"losses":0,"trades":0,"profit_factor":0.0},{"date":"26/10/2025","date_ts":1761436800000,"profit_abs":0.0,"wins":0,"draws":0,"losses":0,"trades":0,"profit_factor":0.0},{"date":"27/10/2025","date_ts":1761523200000,"profit_abs":0.0,"wins":0,"draws":0,"losses":0,"trades":0,"profit_factor":0.0},{"date":"28/10/2025","date_ts":1761609600000,"profit_abs":0.0,"wins":0,"draws":0,"losses":0,"trades":0,"profit_factor":0.0},{"date":"29/10/2025","date_ts":1761696000000,"profit_abs":0.0,"wins":0,"draws":0,"losses":0,"trades":0,"profit_factor":0.0},{"date":"30/10/2025","date_ts":1761782400000,"profit_abs":0.0,"wins":0,"draws":1,"losses":0,"trades":1,"profit_factor":0.0},{"date":"31/10/2025","date_ts":1761868800000,"profit_abs":0.0,"wins":0,"draws":0,"losses":0,"trades":0,"profit_factor":0.0},{"date":"01/11/2025","date_ts":1761955200000,"profit_abs":0.0,"wins":0,"draws":0,"losses":0,"trades":0,"profit_factor":0.0},{"date":"02/11/2025","date_ts":1762041600000,"profit_abs":0.0,"wins":0,"draws":0,"losses":0,"trades":0,"profit_factor":0.0},{"date":"03/11/2025","date_ts":1762128000000,"profit_abs":0.0,"wins":0,"draws":1,"losses":0,"trades":1,"profit_factor":0.0},{"date":"04/11/2025","date_ts":1762214400000,"profit_abs":0.0,"wins":0,"draws":0,"losses":0,"trades":0,"profit_factor":0.0},{"date":"05/11/2025","date_ts":1762300800000,"profit_abs":0.0,"wins":0,"draws":0,"losses":0,"trades":0,"profit_factor":0.0},{"date":"06/11/2025","date_ts":1762387200000,"profit_abs":0.0,"wins":0,"draws":0,"losses":0,"trades":0,"profit_factor":0.0},{"date":"07/11/2025","date_ts":1762473600000,"profit_abs":0.0,"wins":0,"draws":0,"losses":0,"trades":0,"profit_factor":0.0},{"date":"08/11/2025","date_ts":1762560000000,"profit_abs":0.0,"wins":0,"draws":0,"losses":0,"trades":0,"profit_factor":0.0},{"date":"09/11/2025","date_ts":1762646400000,"profit_abs":0.0,"wins":0,"draws":0,"losses":0,"trades":0,"profit_factor":0.0},{"date":"10/11/2025","date_ts":1762732800000,"profit_abs":0.0,"wins":0,"draws":0,"losses":0,"trades":0,"profit_factor":0.0},{"date":"11/11/2025","date_ts":1762819200000,"profit_abs":0.0,"wins":0,"draws":0,"losses":0,"trades":0,"profit_factor":0.0},{"date":"12/11/2025","date_ts":1762905600000,"profit_abs":0.0,"wins":0,"draws":0,"losses":0,"trades":0,"profit_factor":0.0},{"date":"13/11/2025","date_ts":1762992000000,"profit_abs":0.0,"wins":0,"draws":0,"losses":0,"trades":0,"profit_factor":0.0},{"date":"14/11/2025","date_ts":1763078400000,"profit_abs":0.0,"wins":0,"draws":0,"losses":0,"trades":0,"profit_factor":0.0},{"date":"15/11/2025","date_ts":1763164800000,"profit_abs":0.0,"wins":0,"draws":0,"losses":0,"trades":0,"profit_factor":0.0},{"date":"16/11/2025","date_ts":1763251200000,"profit_abs":0.0,"wins":0,"draws":0,"losses":0,"trades":0,"profit_factor":0.0},{"date":"17/11/2025","date_ts":1763337600000,"profit_abs":0.0,"wins":0,"draws":0,"losses":0,"trades":0,"profit_factor":0.0},{"date":"18/11/2025","date_ts":1763424000000,"profit_abs":0.0,"wins":0,"draws":0,"losses":0,"trades":0,"profit_factor":0.0},{"date":"19/11/2025","date_ts":1763510400000,"profit_abs":0.0,"wins":0,"draws":0,"losses":0,"trades":0,"profit_factor":0.0},{"date":"20/11/2025","date_ts":1763596800000,"profit_abs":0.0,"wins":0,"draws":0,"losses":0,"trades":0,"profit_factor":0.0},{"date":"21/11/2025","date_ts":1763683200000,"profit_abs":0.0,"wins":0,"draws":0,"losses":0,"trades":0,"profit_factor":0.0},{"date":"22/11/2025","date_ts":1763769600000,"profit_abs":0.0,"wins":0,"draws":0,"losses":0,"trades":0,"profit_factor":0.0},{"date":"23/11/2025","date_ts":1763856000000,"profit_abs":0.0,"wins":0,"draws":0,"losses":0,"trades":0,"profit_factor":0.0},{"date":"24/11/2025","date_ts":1763942400000,"profit_abs":0.0,"wins":0,"draws":0,"losses":0,"trades":0,"profit_factor":0.0},{"date":"25/11/2025","date_ts":1764028800000,"profit_abs":0.0,"wins":0,"draws":0,"losses":0,"trades":0,"profit_factor":0.0},{"date":"26/11/2025","date_ts":1764115200000,"profit_abs":0.0,"wins":0,"draws":0,"losses":0,"trades":0,"profit_factor":0.0},{"date":"27/11/2025","date_ts":1764201600000,"profit_abs":0.0,"wins":0,"draws":0,"losses":0,"trades":0,"profit_factor":0.0},{"date":"28/11/2025","date_ts":1764288000000,"profit_abs":0.0,"wins":0,"draws":0,"losses":0,"trades":0,"profit_factor":0.0},{"date":"29/11/2025","date_ts":1764374400000,"profit_abs":0.0,"wins":0,"draws":0,"losses":0,"trades":0,"profit_factor":0.0},{"date":"30/11/2025","date_ts":1764460800000,"profit_abs":0.0,"wins":0,"draws":0,"losses":0,"trades":0,"profit_factor":0.0},{"date":"01/12/2025","date_ts":1764547200000,"profit_abs":0.83938048,"wins":1,"draws":0,"losses":0,"trades":1,"profit_factor":0.0},{"date":"02/12/2025","date_ts":1764633600000,"profit_abs":0.0,"wins":0,"draws":0,"losses":0,"trades":0,"profit_factor":0.0},{"date":"03/12/2025","date_ts":1764720000000,"profit_abs":0.0,"wins":0,"draws":0,"losses":0,"trades":0,"profit_factor":0.0},{"date":"04/12/2025","date_ts":1764806400000,"profit_abs":0.0,"wins":0,"draws":0,"losses":0,"trades":0,"profit_factor":0.0},{"date":"05/12/2025","date_ts":1764892800000,"profit_abs":0.0,"wins":0,"draws":1,"losses":0,"trades":1,"profit_factor":0.0},{"date":"06/12/2025","date_ts":1764979200000,"profit_abs":0.0,"wins":0,"draws":0,"losses":0,"trades":0,"profit_factor":0.0},{"date":"07/12/2025","date_ts":1765065600000,"profit_abs":0.0,"wins":0,"draws":0,"losses":0,"trades":0,"profit_factor":0.0},{"date":"08/12/2025","date_ts":1765152000000,"profit_abs":0.0,"wins":0,"draws":0,"losses":0,"trades":0,"profit_factor":0.0},{"date":"09/12/2025","date_ts":1765238400000,"profit_abs":0.0,"wins":0,"draws":0,"losses":0,"trades":0,"profit_factor":0.0},{"date":"10/12/2025","date_ts":1765324800000,"profit_abs":0.0,"wins":0,"draws":0,"losses":0,"trades":0,"profit_factor":0.0},{"date":"11/12/2025","date_ts":1765411200000,"profit_abs":0.0,"wins":0,"draws":0,"losses":0,"trades":0,"profit_factor":0.0},{"date":"12/12/2025","date_ts":1765497600000,"profit_abs":0.0,"wins":0,"draws":0,"losses":0,"trades":0,"profit_factor":0.0},{"date":"13/12/2025","date_ts":1765584000000,"profit_abs":0.0,"wins":0,"draws":0,"losses":0,"trades":0,"profit_factor":0.0},{"date":"14/12/2025","date_ts":1765670400000,"profit_abs":0.0,"wins":0,"draws":0,"losses":0,"trades":0,"profit_factor":0.0},{"date":"15/12/2025","date_ts":1765756800000,"profit_abs":0.0,"wins":0,"draws":1,"losses":0,"trades":1,"profit_factor":0.0},{"date":"16/12/2025","date_ts":1765843200000,"profit_abs":0.0,"wins":0,"draws":0,"losses":0,"trades":0,"profit_factor":0.0},{"date":"17/12/2025","date_ts":1765929600000,"profit_abs":0.0,"wins":0,"draws":0,"losses":0,"trades":0,"profit_factor":0.0},{"date":"18/12/2025","date_ts":1766016000000,"profit_abs":0.0,"wins":0,"draws":0,"losses":0,"trades":0,"profit_factor":0.0},{"date":"19/12/2025","date_ts":1766102400000,"profit_abs":0.0,"wins":0,"draws":0,"losses":0,"trades":0,"profit_factor":0.0},{"date":"20/12/2025","date_ts":1766188800000,"profit_abs":0.0,"wins":0,"draws":0,"losses":0,"trades":0,"profit_factor":0.0},{"date":"21/12/2025","date_ts":1766275200000,"profit_abs":0.0,"wins":0,"draws":0,"losses":0,"trades":0,"profit_factor":0.0},{"date":"22/12/2025","date_ts":1766361600000,"profit_abs":0.0,"wins":0,"draws":0,"losses":0,"trades":0,"profit_factor":0.0},{"date":"23/12/2025","date_ts":1766448000000,"profit_abs":0.0,"wins":0,"draws":0,"losses":0,"trades":0,"profit_factor":0.0},{"date":"24/12/2025","date_ts":1766534400000,"profit_abs":0.0,"wins":0,"draws":0,"losses":0,"trades":0,"profit_factor":0.0},{"date":"25/12/2025","date_ts":1766620800000,"profit_abs":0.0,"wins":0,"draws":0,"losses":0,"trades":0,"profit_factor":0.0},{"date":"26/12/2025","date_ts":1766707200000,"profit_abs":0.0,"wins":0,"draws":0,"losses":0,"trades":0,"profit_factor":0.0},{"date":"27/12/2025","date_ts":1766793600000,"profit_abs":0.0,"wins":0,"draws":0,"losses":0,"trades":0,"profit_factor":0.0},{"date":"28/12/2025","date_ts":1766880000000,"profit_abs":0.0,"wins":0,"draws":0,"losses":0,"trades":0,"profit_factor":0.0},{"date":"29/12/2025","date_ts":1766966400000,"profit_abs":0.0,"wins":0,"draws":0,"losses":0,"trades":0,"profit_factor":0.0},{"date":"30/12/2025","date_ts":1767052800000,"profit_abs":0.0,"wins":0,"draws":0,"losses":0,"trades":0,"profit_factor":0.0},{"date":"31/12/2025","date_ts":1767139200000,"profit_abs":0.0,"wins":0,"draws":0,"losses":0,"trades":0,"profit_factor":0.0},{"date":"01/01/2026","date_ts":1767225600000,"profit_abs":0.0,"wins":0,"draws":1,"losses":0,"trades":1,"profit_factor":0.0}],"week":[{"date":"13/10/2025","date_ts":1760313600000,"profit_abs":5.27937486,"wins":1,"draws":1,"losses":0,"trades":2,"profit_factor":0.0},{"date":"20/10/2025","date_ts":1760918400000,"profit_abs":5.38983963,"wins":1,"draws":1,"losses":0,"trades":2,"profit_factor":0.0},{"date":"27/10/2025","date_ts":1761523200000,"profit_abs":0.0,"wins":0,"draws":0,"losses":0,"trades":0,"profit_factor":0.0},{"date":"03/11/2025","date_ts":1762128000000,"profit_abs":0.0,"wins":0,"draws":2,"losses":0,"trades":2,"profit_factor":0.0},{"date":"10/11/2025","date_ts":1762732800000,"profit_abs":0.0,"wins":0,"draws":0,"losses":0,"trades":0,"profit_factor":0.0},{"date":"17/11/2025","date_ts":1763337600000,"profit_abs":0.0,"wins":0,"draws":0,"losses":0,"trades":0,"profit_factor":0.0},{"date":"24/11/2025","date_ts":1763942400000,"profit_abs":0.0,"wins":0,"draws":0,"losses":0,"trades":0,"profit_factor":0.0},{"date":"01/12/2025","date_ts":1764547200000,"profit_abs":0.83938048,"wins":1,"draws":0,"losses":0,"trades":1,"profit_factor":0.0},{"date":"08/12/2025","date_ts":1765152000000,"profit_abs":0.0,"wins":0,"draws":1,"losses":0,"trades":1,"profit_factor":0.0},{"date":"15/12/2025","date_ts":1765756800000,"profit_abs":0.0,"wins":0,"draws":1,"losses":0,"trades":1,"profit_factor":0.0},{"date":"22/12/2025","date_ts":1766361600000,"profit_abs":0.0,"wins":0,"draws":0,"losses":0,"trades":0,"profit_factor":0.0},{"date":"29/12/2025","date_ts":1766966400000,"profit_abs":0.0,"wins":0,"draws":0,"losses":0,"trades":0,"profit_factor":0.0},{"date":"05/01/2026","date_ts":1767571200000,"profit_abs":0.0,"wins":0,"draws":1,"losses":0,"trades":1,"profit_factor":0.0}],"month":[{"date":"31/10/2025","date_ts":1761868800000,"profit_abs":10.66921449,"wins":2,"draws":3,"losses":0,"trades":5,"profit_factor":0.0},{"date":"30/11/2025","date_ts":1764460800000,"profit_abs":0.0,"wins":0,"draws":1,"losses":0,"trades":1,"profit_factor":0.0},{"date":"31/12/2025","date_ts":1767139200000,"profit_abs":0.83938048,"wins":1,"draws":2,"losses":0,"trades":3,"profit_factor":0.0},{"date":"31/01/2026","date_ts":1769817600000,"profit_abs":0.0,"wins":0,"draws":1,"losses":0,"trades":1,"profit_factor":0.0}],"year":[{"date":"31/12/2025","date_ts":1767139200000,"profit_abs":11.50859497,"wins":3,"draws":6,"losses":0,"trades":9,"profit_factor":0.0},{"date":"31/12/2026","date_ts":1798675200000,"profit_abs":0.0,"wins":0,"draws":1,"losses":0,"trades":1,"profit_factor":0.0}],"weekday":[{"date":"Monday","date_ts":0,"profit_abs":0.83938048,"wins":1,"draws":2,"losses":0,"trades":3,"profit_factor":0.0},{"date":"Thursday","date_ts":3,"profit_abs":0.0,"wins":0,"draws":2,"losses":0,"trades":2,"profit_factor":0.0},{"date":"Friday","date_ts":4,"profit_abs":5.38983963,"wins":1,"draws":2,"losses":0,"trades":3,"profit_factor":0.0},{"date":"Saturday","date_ts":5,"profit_abs":5.27937486,"wins":1,"draws":0,"losses":0,"trades":1,"profit_factor":0.0},{"date":"Sunday","date_ts":6,"profit_abs":0.0,"wins":0,"draws":1,"losses":0,"trades":1,"profit_factor":0.0}]},"backtest_best_day":0.016232636142138407,"backtest_worst_day":0.0,"backtest_best_day_abs":5.38983963,"backtest_worst_day_abs":0.0,"winning_days":3,"draw_days":80,"losing_days":0,"daily_profit":[["2025-10-11",5.27937486],["2025-10-12",0.0],["2025-10-13",0.0],["2025-10-14",0.0],["2025-10-15",0.0],["2025-10-16",0.0],["2025-10-17",5.38983963],["2025-10-18",0.0],["2025-10-19",0.0],["2025-10-20",0.0],["2025-10-21",0.0],["2025-10-22",0.0],["2025-10-23",0.0],["2025-10-24",0.0],["2025-10-25",0.0],["2025-10-26",0.0],["2025-10-27",0.0],["2025-10-28",0.0],["2025-10-29",0.0],["2025-10-30",0.0],["2025-10-31",0.0],["2025-11-01",0.0],["2025-11-02",0.0],["2025-11-03",0.0],["2025-11-04",0.0],["2025-11-05",0.0],["2025-11-06",0.0],["2025-11-07",0.0],["2025-11-08",0.0],["2025-11-09",0.0],["2025-11-10",0.0],["2025-11-11",0.0],["2025-11-12",0.0],["2025-11-13",0.0],["2025-11-14",0.0],["2025-11-15",0.0],["2025-11-16",0.0],["2025-11-17",0.0],["2025-11-18",0.0],["2025-11-19",0.0],["2025-11-20",0.0],["2025-11-21",0.0],["2025-11-22",0.0],["2025-11-23",0.0],["2025-11-24",0.0],["2025-11-25",0.0],["2025-11-26",0.0],["2025-11-27",0.0],["2025-11-28",0.0],["2025-11-29",0.0],["2025-11-30",0.0],["2025-12-01",0.83938048],["2025-12-02",0.0],["2025-12-03",0.0],["2025-12-04",0.0],["2025-12-05",0.0],["2025-12-06",0.0],["2025-12-07",0.0],["2025-12-08",0.0],["2025-12-09",0.0],["2025-12-10",0.0],["2025-12-11",0.0],["2025-12-12",0.0],["2025-12-13",0.0],["2025-12-14",0.0],["2025-12-15",0.0],["2025-12-16",0.0],["2025-12-17",0.0],["2025-12-18",0.0],["2025-12-19",0.0],["2025-12-20",0.0],["2025-12-21",0.0],["2025-12-22",0.0],["2025-12-23",0.0],["2025-12-24",0.0],["2025-12-25",0.0],["2025-12-26",0.0],["2025-12-27",0.0],["2025-12-28",0.0],["2025-12-29",0.0],["2025-12-30",0.0],["2025-12-31",0.0],["2026-01-01",0.0]],"wins":3,"losses":0,"draws":7,"winrate":0.3,"holding_avg":"2:54:00","holding_avg_s":10440.0,"winner_holding_min":"0d 02:00","winner_holding_min_s":7200.0,"winner_holding_max":"0d 02:00","winner_holding_max_s":7200.0,"winner_holding_avg":"0d 02:00","winner_holding_avg_s":7200.0,"loser_holding_min":"0d 00:00","loser_holding_min_s":0.0,"loser_holding_max":"0d 00:00","loser_holding_max_s":0.0,"loser_holding_avg":"0d 00:00","loser_holding_avg_s":0.0,"max_consecutive_wins":1,"max_consecutive_losses":3,"max_drawdown_account":0.0,"max_relative_drawdown":0.0,"max_drawdown_abs":0.0,"drawdown_start":"2025-10-11 03:00:00","drawdown_start_ts":1760151600000.0,"drawdown_end":"2025-10-11 03:00:00","drawdown_end_ts":1760151600000.0,"drawdown_duration":"0 days 00:00:00","drawdown_duration_s":0.0,"max_drawdown_low":0.0,"max_drawdown_high":0.0,"csum_min":1005.27937486,"csum_max":1011.50859497}},"strategy_comparison":[{"key":"ACO_11_4","trades":10,"profit_mean":0.003473028251123253,"profit_mean_pct":0.35,"profit_total_abs":11.50859497,"profit_total":0.011508594970000001,"profit_total_pct":1.15,"duration_avg":"2:54:00","wins":3,"draws":7,"losses":0,"winrate":0.3,"cagr":0.04399869596261863,"expectancy":1.150859497,"expectancy_ratio":100.0,"sortino":-100,"sharpe":1.075954223792867,"calmar":-100,"sqn":1.6389,"profit_factor":0.0,"max_drawdown_account":0.0,"max_drawdown_abs":"0"}]}