{"strategy":{"ACO_24_5":{"trades":[{"pair":"DOGE/USDT","stake_amount":329.97668,"max_stake_amount":329.97668,"amount":1738.0,"open_date":"2025-10-19 10:00:00+00:00","close_date":"2025-10-19 12:00:00+00:00","open_rate":0.18986,"close_rate":0.1933,"fee_open":0.001,"fee_close":0.001,"trade_duration":120,"profit_ratio":0.016084410690962888,"profit_abs":5.31278792,"exit_reason":"roi","initial_stop_loss_abs":0.18037,"initial_stop_loss_ratio":-0.05,"stop_loss_abs":0.18037,"stop_loss_ratio":-0.05,"min_rate":0.18895,"max_rate":0.1968,"is_open":false,"enter_tag":"","leverage":1.0,"is_short":false,"open_timestamp":1760868000000,"close_timestamp":1760875200000,"orders":[{"amount":1738.0,"safe_price":0.18986,"ft_order_side":"buy","order_filled_timestamp":1760868000000,"ft_is_entry":true,"ft_order_tag":"","cost":330.30665667999995},{"amount":1738.0,"safe_price":0.1933,"ft_order_side":"sell","order_filled_timestamp":1760875200000,"ft_is_entry":false,"ft_order_tag":"roi","cost":336.2913554}],"funding_fees":0.0,"weekday":6},{"pair":"DOGE/USDT","stake_amount":331.58065,"max_stake_amount":331.58065,"amount":1633.0,"open_date":"2025-10-21 15:00:00+00:00","close_date":"2025-10-22 00:00:00+00:00","open_rate":0.20305,"close_rate":0.1929,"fee_open":0.001,"fee_close":0.001,"trade_duration":540,"profit_ratio":-0.05188581425961381,"profit_abs":-17.22153635,"exit_reason":"stop_loss","initial_stop_loss_abs":0.1929,"initial_stop_loss_ratio":-0.05,"stop_loss_abs":0.1929,"stop_loss_ratio":-0.05,"min_rate":0.19251,"max_rate":0.20563,"is_open":false,"enter_tag":"","leverage":1.0,"is_short":false,"open_timestamp":1761058800000,"close_timestamp":1761091200000,"orders":[{"amount":1633.0,"safe_price":0.20305,"ft_order_side":"buy","order_filled_timestamp":1761058800000,"ft_is_entry":true,"ft_order_tag":"","cost":331.91223064999997},{"amount":1633.0,"safe_price":0.1929,"ft_order_side":"sell","order_filled_timestamp":1761091200000,"ft_is_entry":false,"ft_order_tag":"stop_loss","cost":315.32070569999996}],"funding_fees":0.0,"weekday":2},{"pair":"DOGE/USDT","stake_amount":325.91414,"max_stake_amount":325.91414,"amount":1633.0,"open_date":"2025-10-26 10:00:00+00:00","close_date":"2025-10-26 12:00:00+00:00","open_rate":0.19958,"close_rate":0.20183,"fee_open":0.001,"fee_close":0.001,"trade_duration":120,"profit_ratio":0.009253147894294303,"profit_abs":3.01874747,"exit_reason":"roi","initial_stop_loss_abs":0.18961,"initial_stop_loss_ratio":-0.05,"stop_loss_abs":0.18961,"stop_loss_ratio":-0.05,"min_rate":0.19833,"max_rate":0.20286,"is_open":false,"enter_tag":"","leverage":1.0,"is_short":false,"open_timestamp":1761472800000,"close_timestamp":1761480000000,"orders":[{"amount":1633.0,"safe_price":0.19958,"ft_order_side":"buy","order_filled_timestamp":1761472800000,"ft_is_entry":true,"ft_order_tag":"","cost":326.24005414},{"amount":1633.0,"safe_price":0.20183,"ft_order_side":"sell","order_filled_timestamp":1761480000000,"ft_is_entry":false,"ft_order_tag":"roi","cost":329.91797839}],"funding_fees":0.0,"weekday":6},{"pair":"DOGE/USDT","stake_amount":326.92806,"max_stake_amount":326.92806,"amount":1754.0,"open_date":"2025-11-03 00:00:00+00:00","close_date":"2025-11-03 03:00:00+00:00","open_rate":0.18639,"close_rate":0.17708,"fee_open":0.001,"fee_close":0.001,"trade_duration":180,"profit_ratio":-0.051847235333473865,"profit_abs":-16.96726638,"exit_reason":"stop_loss","initial_stop_loss_abs":0.17708,"initial_stop_loss_ratio":-0.05,"stop_loss_abs":0.17708,"stop_loss_ratio":-0.05,"min_rate":0.17456,"max_rate":0.18666,"is_open":false,"enter_tag":"","leverage":1.0,"is_short":false,"open_timestamp":1762128000000,"close_timestamp":1762138800000,"orders":[{"amount":1754.0,"safe_price":0.18639,"ft_order_side":"buy","order_filled_timestamp":1762128000000,"ft_is_entry":true,"ft_order_tag":"","cost":327.25498805999996},{"amount":1754.0,"safe_price":0.17708,"ft_order_side":"sell","order_filled_timestamp":1762138800000,"ft_is_entry":false,"ft_order_tag":"stop_loss","cost":310.90891831999994}],"funding_fees":0.0,"weekday":0},{"pair":"DOGE/USDT","stake_amount":321.39096,"max_stake_amount":321.39096,"amount":1896.0,"open_date":"2025-11-04 05:00:00+00:00","close_date":"2025-11-04 05:00:00+00:00","open_rate":0.16951,"close_rate":0.16104,"fee_open":0.001,"fee_close":0.001,"trade_duration":0,"profit_ratio":-0.05186572026286498,"profit_abs":-16.6858428,"exit_reason":"stop_loss","initial_stop_loss_abs":0.16104,"initial_stop_loss_ratio":-0.05,"stop_loss_abs":0.16104,"stop_loss_ratio":-0.05,"min_rate":0.16073,"max_rate":0.16983,"is_open":false,"enter_tag":"","leverage":1.0,"is_short":false,"open_timestamp":1762232400000,"close_timestamp":1762232400000,"orders":[{"amount":1896.0,"safe_price":0.16951,"ft_order_side":"buy","order_filled_timestamp":1762232400000,"ft_is_entry":true,"ft_order_tag":"","cost":321.71235096},{"amount":1896.0,"safe_price":0.16104,"ft_order_side":"sell","order_filled_timestamp":1762232400000,"ft_is_entry":false,"ft_order_tag":"stop_loss","cost":305.63717183999995}],"funding_fees":0.0,"weekday":1},{"pair":"DOGE/USDT","stake_amount":315.80382,"max_stake_amount":315.80382,"amount":1922.0,"open_date":"2025-11-05 03:00:00+00:00","close_date":"2025-11-05 05:00:00+00:00","open_rate":0.16431,"close_rate":0.16476,"fee_open":0.001,"fee_close":0.001,"trade_duration":120,"profit_ratio":0.0007352516025147028,"profit_abs":0.23242746,"exit_reason":"roi","initial_stop_loss_abs":0.1561,"initial_stop_loss_ratio":-0.05,"stop_loss_abs":0.1561,"stop_loss_ratio":-0.05,"min_rate":0.16313,"max_rate":0.16619,"is_open":false,"enter_tag":"","leverage":1.0,"is_short":false,"open_timestamp":1762311600000,"close_timestamp":1762318800000,"orders":[{"amount":1922.0,"safe_price":0.16431,"ft_order_side":"buy","order_filled_timestamp":1762311600000,"ft_is_entry":true,"ft_order_tag":"","cost":316.11962382},{"amount":1922.0,"safe_price":0.16476,"ft_order_side":"sell","order_filled_timestamp":1762318800000,"ft_is_entry":false,"ft_order_tag":"roi","cost":316.98538871999995}],"funding_fees":0.0,"weekday":2},{"pair":"DOGE/USDT","stake_amount":315.95214,"max_stake_amount":315.95214,"amount":1938.0,"open_date":"2025-11-07 01:00:00+00:00","close_date":"2025-11-07 03:00:00+00:00","open_rate":0.16303,"close_rate":0.16414,"fee_open":0.001,"fee_close":0.001,"trade_duration":120,"profit_ratio":0.004796957321032644,"profit_abs":1.51712454,"exit_reason":"roi","initial_stop_loss_abs":0.15488,"initial_stop_loss_ratio":-0.05,"stop_loss_abs":0.15488,"stop_loss_ratio":-0.05,"min_rate":0.16095,"max_rate":0.16509,"is_open":false,"enter_tag":"","leverage":1.0,"is_short":false,"open_timestamp":1762477200000,"close_timestamp":1762484400000,"orders":[{"amount":1938.0,"safe_price":0.16303,"ft_order_side":"buy","order_filled_timestamp":1762477200000,"ft_is_entry":true,"ft_order_tag":"","cost":316.26809214},{"amount":1938.0,"safe_price":0.16414,"ft_order_side":"sell","order_filled_timestamp":1762484400000,"ft_is_entry":false,"ft_order_tag":"roi","cost":318.42142332}],"funding_fees":0.0,"weekday":4},{"pair":"DOGE/USDT","stake_amount":316.41032,"max_stake_amount":316.41032,"amount":1726.0,"open_date":"2025-11-10 23:00:00+00:00","close_date":"2025-11-11 01:00:00+00:00","open_rate":0.18332,"close_rate":0.183687007007007,"fee_open":0.001,"fee_close":0.001,"trade_duration":120,"profit_ratio":0.0,"profit_abs":0.0,"exit_reason":"roi","initial_stop_loss_abs":0.17416,"initial_stop_loss_ratio":-0.05,"stop_loss_abs":0.17416,"stop_loss_ratio":-0.05,"min_rate":0.17933,"max_rate":0.1864,"is_open":false,"enter_tag":"","leverage":1.0,"is_short":false,"open_timestamp":1762815600000,"close_timestamp":1762822800000,"orders":[{"amount":1726.0,"safe_price":0.18332,"ft_order_side":"buy","order_filled_timestamp":1762815600000,"ft_is_entry":true,"ft_order_tag":"","cost":316.72673032},{"amount":1726.0,"safe_price":0.183687007007007,"ft_order_side":"sell","order_filled_timestamp":1762822800000,"ft_is_entry":false,"ft_order_tag":"roi","cost":317.3608178681881}],"funding_fees":0.0,"weekday":1},{"pair":"DOGE/USDT","stake_amount":316.5138,"max_stake_amount":316.5138,"amount":1818.0,"open_date":"2025-11-12 09:00:00+00:00","close_date":"2025-11-12 11:00:00+00:00","open_rate":0.1741,"close_rate":0.1764,"fee_open":0.001,"fee_close":0.001,"trade_duration":120,"profit_ratio":0.011186401192145017,"profit_abs":3.544191,"exit_reason":"roi","initial_stop_loss_abs":0.1654,"initial_stop_loss_ratio":-0.05,"stop_loss_abs":0.1654,"stop_loss_ratio":-0.05,"min_rate":0.17404,"max_rate":0.17713,"is_open":false,"enter_tag":"","leverage":1.0,"is_short":false,"open_timestamp":1762938000000,"close_timestamp":1762945200000,"orders":[{"amount":1818.0,"safe_price":0.1741,"ft_order_side":"buy","order_filled_timestamp":1762938000000,"ft_is_entry":true,"ft_order_tag":"","cost":316.83031379999994},{"amount":1818.0,"safe_price":0.1764,"ft_order_side":"sell","order_filled_timestamp":1762945200000,"ft_is_entry":false,"ft_order_tag":"roi","cost":321.0158952}],"funding_fees":0.0,"weekday":2},{"pair":"DOGE/USDT","stake_amount":317.59905,"max_stake_amount":317.59905,"amount":1945.0,"open_date":"2025-11-15 07:00:00+00:00","close_date":"2025-11-15 13:00:00+00:00","open_rate":0.16329,"close_rate":0.1636169069069069,"fee_open":0.001,"fee_close":0.001,"trade_duration":360,"profit_ratio":0.0,"profit_abs":0.0,"exit_reason":"roi","initial_stop_loss_abs":0.15513,"initial_stop_loss_ratio":-0.05,"stop_loss_abs":0.15513,"stop_loss_ratio":-0.05,"min_rate":0.16077,"max_rate":0.16385,"is_open":false,"enter_tag":"","leverage":1.0,"is_short":false,"open_timestamp":1763190000000,"close_timestamp":1763211600000,"orders":[{"amount":1945.0,"safe_price":0.16329,"ft_order_side":"buy","order_filled_timestamp":1763190000000,"ft_is_entry":true,"ft_order_tag":"","cost":317.91664904999993},{"amount":1945.0,"safe_price":0.1636169069069069,"ft_order_side":"sell","order_filled_timestamp":1763211600000,"ft_is_entry":false,"ft_order_tag":"roi","cost":318.55311881786776}],"funding_fees":0.0,"weekday":5},{"pair":"DOGE/USDT","stake_amount":317.58128,"max_stake_amount":317.58128,"amount":2032.0,"open_date":"2025-11-20 02:00:00+00:00","close_date":"2025-11-20 04:00:00+00:00","open_rate":0.15629,"close_rate":0.15767,"fee_open":0.001,"fee_close":0.001,"trade_duration":120,"profit_ratio":0.0068140957513278195,"profit_abs":2.16619328,"exit_reason":"roi","initial_stop_loss_abs":0.14848,"initial_stop_loss_ratio":-0.05,"stop_loss_abs":0.14848,"stop_loss_ratio":-0.05,"min_rate":0.15612,"max_rate":0.15858,"is_open":false,"enter_tag":"","leverage":1.0,"is_short":false,"open_timestamp":1763604000000,"close_timestamp":1763611200000,"orders":[{"amount":2032.0,"safe_price":0.15629,"ft_order_side":"buy","order_filled_timestamp":1763604000000,"ft_is_entry":true,"ft_order_tag":"","cost":317.89886128},{"amount":2032.0,"safe_price":0.15767,"ft_order_side":"sell","order_filled_timestamp":1763611200000,"ft_is_entry":false,"ft_order_tag":"roi","cost":320.70582543999996}],"funding_fees":0.0,"weekday":3},{"pair":"DOGE/USDT","stake_amount":318.38424,"max_stake_amount":318.38424,"amount":2248.0,"open_date":"2025-11-21 18:00:00+00:00","close_date":"2025-11-22 22:00:00+00:00","open_rate":0.14163,"close_rate":0.14191354354354352,"fee_open":0.001,"fee_close":0.001,"trade_duration":1680,"profit_ratio":0.0,"profit_abs":0.0,"exit_reason":"roi","initial_stop_loss_abs":0.13455,"initial_stop_loss_ratio":-0.05,"stop_loss_abs":0.13455,"stop_loss_ratio":-0.05,"min_rate":0.13549,"max_rate":0.1424,"is_open":false,"enter_tag":"","leverage":1.0,"is_short":false,"open_timestamp":1763748000000,"close_timestamp":1763848800000,"orders":[{"amount":2248.0,"safe_price":0.14163,"ft_order_side":"buy","order_filled_timestamp":1763748000000,"ft_is_entry":true,"ft_order_tag":"","cost":318.70262424},{"amount":2248.0,"safe_price":0.14191354354354352,"ft_order_side":"sell","order_filled_timestamp":1763848800000,"ft_is_entry":false,"ft_order_tag":"roi","cost":319.3406675317717}],"funding_fees":0.0,"weekday":5},{"pair":"DOGE/USDT","stake_amount":318.31212,"max_stake_amount":318.31212,"amount":2044.0,"open_date":"2025-11-26 18:00:00+00:00","close_date":"2025-11-26 20:00:00+00:00","open_rate":0.15573,"close_rate":0.15604177177177178,"fee_open":0.001,"fee_close":0.001,"trade_duration":120,"profit_ratio":0.0,"profit_abs":0.0,"exit_reason":"roi","initial_stop_loss_abs":0.14795,"initial_stop_loss_ratio":-0.05,"stop_loss_abs":0.14795,"stop_loss_ratio":-0.05,"min_rate":0.15507,"max_rate":0.15681,"is_open":false,"enter_tag":"","leverage":1.0,"is_short":false,"open_timestamp":1764180000000,"close_timestamp":1764187200000,"orders":[{"amount":2044.0,"safe_price":0.15573,"ft_order_side":"buy","order_filled_timestamp":1764180000000,"ft_is_entry":true,"ft_order_tag":"","cost":318.63043211999997},{"amount":2044.0,"safe_price":0.15604177177177178,"ft_order_side":"sell","order_filled_timestamp":1764187200000,"ft_is_entry":false,"ft_order_tag":"roi","cost":319.268330883003}],"funding_fees":0.0,"weekday":2},{"pair":"DOGE/USDT","stake_amount":318.37066,"max_stake_amount":318.37066,"amount":2129.0,"open_date":"2025-11-30 13:00:00+00:00","close_date":"2025-11-30 16:00:00+00:00","open_rate":0.14954,"close_rate":0.14983937937937936,"fee_open":0.001,"fee_close":0.001,"trade_duration":180,"profit_ratio":0.0,"profit_abs":0.0,"exit_reason":"roi","initial_stop_loss_abs":0.14207,"initial_stop_loss_ratio":-0.05,"stop_loss_abs":0.14207,"stop_loss_ratio":-0.05,"min_rate":0.14894,"max_rate":0.15059,"is_open":false,"enter_tag":"","leverage":1.0,"is_short":false,"open_timestamp":1764507600000,"close_timestamp":1764518400000,"orders":[{"amount":2129.0,"safe_price":0.14954,"ft_order_side":"buy","order_filled_timestamp":1764507600000,"ft_is_entry":true,"ft_order_tag":"","cost":318.68903065999996},{"amount":2129.0,"safe_price":0.14983937937937936,"ft_order_side":"sell","order_filled_timestamp":1764518400000,"ft_is_entry":false,"ft_order_tag":"roi","cost":319.3270467373973}],"funding_fees":0.0,"weekday":6},{"pair":"DOGE/USDT","stake_amount":318.331,"max_stake_amount":318.331,"amount":2350.0,"open_date":"2025-12-02 00:00:00+00:00","close_date":"2025-12-02 02:00:00+00:00","open_rate":0.13546,"close_rate":0.13578,"fee_open":0.001,"fee_close":0.001,"trade_duration":120,"profit_ratio":0.00035959906032252106,"profit_abs":0.114586,"exit_reason":"roi","initial_stop_loss_abs":0.12869,"initial_stop_loss_ratio":-0.05,"stop_loss_abs":0.12869,"stop_loss_ratio":-0.05,"min_rate":0.13493,"max_rate":0.13732,"is_open":false,"enter_tag":"","leverage":1.0,"is_short":false,"open_timestamp":1764633600000,"close_timestamp":1764640800000,"orders":[{"amount":2350.0,"safe_price":0.13546,"ft_order_side":"buy","order_filled_timestamp":1764633600000,"ft_is_entry":true,"ft_order_tag":"","cost":318.64933099999996},{"amount":2350.0,"safe_price":0.13578,"ft_order_side":"sell","order_filled_timestamp":1764640800000,"ft_is_entry":false,"ft_order_tag":"roi","cost":319.402083}],"funding_fees":0.0,"weekday":1},{"pair":"DOGE/USDT","stake_amount":318.40395,"max_stake_amount":318.40395,"amount":2251.0,"open_date":"2025-12-07 18:00:00+00:00","close_date":"2025-12-07 20:00:00+00:00","open_rate":0.14145,"close_rate":0.1421,"fee_open":0.001,"fee_close":0.001,"trade_duration":120,"profit_ratio":0.002588080000593256,"profit_abs":0.82487895,"exit_reason":"roi","initial_stop_loss_abs":0.13438,"initial_stop_loss_ratio":-0.05,"stop_loss_abs":0.13438,"stop_loss_ratio":-0.05,"min_rate":0.14126,"max_rate":0.14291,"is_open":false,"enter_tag":"","leverage":1.0,"is_short":false,"open_timestamp":1765130400000,"close_timestamp":1765137600000,"orders":[{"amount":2251.0,"safe_price":0.14145,"ft_order_side":"buy","order_filled_timestamp":1765130400000,"ft_is_entry":true,"ft_order_tag":"","cost":318.72235394999996},{"amount":2251.0,"safe_price":0.1421,"ft_order_side":"sell","order_filled_timestamp":1765137600000,"ft_is_entry":false,"ft_order_tag":"roi","cost":320.18696709999995}],"funding_fees":0.0,"weekday":6},{"pair":"DOGE/USDT","stake_amount":318.64248,"max_stake_amount":318.64248,"amount":2308.0,"open_date":"2025-12-11 19:00:00+00:00","close_date":"2025-12-11 21:00:00+00:00","open_rate":0.13806,"close_rate":0.14006,"fee_open":0.001,"fee_close":0.001,"trade_duration":120,"profit_ratio":0.01245950920005679,"profit_abs":3.97409904,"exit_reason":"roi","initial_stop_loss_abs":0.13116,"initial_stop_loss_ratio":-0.05,"stop_loss_abs":0.13116,"stop_loss_ratio":-0.05,"min_rate":0.13787,"max_rate":0.14281,"is_open":false,"enter_tag":"","leverage":1.0,"is_short":false,"open_timestamp":1765479600000,"close_timestamp":1765486800000,"orders":[{"amount":2308.0,"safe_price":0.13806,"ft_order_side":"buy","order_filled_timestamp":1765479600000,"ft_is_entry":true,"ft_order_tag":"","cost":318.9611224799999},{"amount":2308.0,"safe_price":0.14006,"ft_order_side":"sell","order_filled_timestamp":1765486800000,"ft_is_entry":false,"ft_order_tag":"roi","cost":323.58173847999996}],"funding_fees":0.0,"weekday":3},{"pair":"DOGE/USDT","stake_amount":319.97715,"max_stake_amount":319.97715,"amount":2445.0,"open_date":"2025-12-16 11:00:00+00:00","close_date":"2025-12-16 13:00:00+00:00","open_rate":0.13087,"close_rate":0.13139,"fee_open":0.001,"fee_close":0.001,"trade_duration":120,"profit_ratio":0.0019674678496409987,"profit_abs":0.6301743,"exit_reason":"roi","initial_stop_loss_abs":0.12433,"initial_stop_loss_ratio":-0.05,"stop_loss_abs":0.12433,"stop_loss_ratio":-0.05,"min_rate":0.12975,"max_rate":0.13263,"is_open":false,"enter_tag":"","leverage":1.0,"is_short":false,"open_timestamp":1765882800000,"close_timestamp":1765890000000,"orders":[{"amount":2445.0,"safe_price":0.13087,"ft_order_side":"buy","order_filled_timestamp":1765882800000,"ft_is_entry":true,"ft_order_tag":"","cost":320.29712714999994},{"amount":2445.0,"safe_price":0.13139,"ft_order_side":"sell","order_filled_timestamp":1765890000000,"ft_is_entry":false,"ft_order_tag":"roi","cost":321.56979855}],"funding_fees":0.0,"weekday":1},{"pair":"DOGE/USDT","stake_amount":320.19688,"max_stake_amount":320.19688,"amount":2381.0,"open_date":"2025-12-17 15:00:00+00:00","close_date":"2025-12-17 16:00:00+00:00","open_rate":0.13448,"close_rate":0.12776,"fee_open":0.001,"fee_close":0.001,"trade_duration":60,"profit_ratio":-0.05186841712719167,"profit_abs":-16.62471344,"exit_reason":"stop_loss","initial_stop_loss_abs":0.12776,"initial_stop_loss_ratio":-0.05,"stop_loss_abs":0.12776,"stop_loss_ratio":-0.05,"min_rate":0.12583,"max_rate":0.13631,"is_open":false,"enter_tag":"","leverage":1.0,"is_short":false,"open_timestamp":1765983600000,"close_timestamp":1765987200000,"orders":[{"amount":2381.0,"safe_price":0.13448,"ft_order_side":"buy","order_filled_timestamp":1765983600000,"ft_is_entry":true,"ft_order_tag":"","cost":320.51707687999993},{"amount":2381.0,"safe_price":0.12776,"ft_order_side":"sell","order_filled_timestamp":1765987200000,"ft_is_entry":false,"ft_order_tag":"stop_loss","cost":304.50075656}],"funding_fees":0.0,"weekday":2},{"pair":"DOGE/USDT","stake_amount":314.7597,"max_stake_amount":314.7597,"amount":2370.0,"open_date":"2025-12-21 09:00:00+00:00","close_date":"2025-12-22 00:00:00+00:00","open_rate":0.13281,"close_rate":0.13307588588588587,"fee_open":0.001,"fee_close":0.001,"trade_duration":900,"profit_ratio":0.0,"profit_abs":0.0,"exit_reason":"roi","initial_stop_loss_abs":0.12617,"initial_stop_loss_ratio":-0.05,"stop_loss_abs":0.12617,"stop_loss_ratio":-0.05,"min_rate":0.12871,"max_rate":0.13424,"is_open":false,"enter_tag":"","leverage":1.0,"is_short":false,"open_timestamp":1766307600000,"close_timestamp":1766361600000,"orders":[{"amount":2370.0,"safe_price":0.13281,"ft_order_side":"buy","order_filled_timestamp":1766307600000,"ft_is_entry":true,"ft_order_tag":"","cost":315.0744597},{"amount":2370.0,"safe_price":0.13307588588588587,"ft_order_side":"sell","order_filled_timestamp":1766361600000,"ft_is_entry":false,"ft_order_tag":"roi","cost":315.705239399099}],"funding_fees":0.0,"weekday":0},{"pair":"DOGE/USDT","stake_amount":314.73291,"max_stake_amount":314.73291,"amount":2451.0,"open_date":"2025-12-24 13:00:00+00:00","close_date":"2025-12-24 16:00:00+00:00","open_rate":0.12841,"close_rate":0.12866707707707706,"fee_open":0.001,"fee_close":0.001,"trade_duration":180,"profit_ratio":0.0,"profit_abs":0.0,"exit_reason":"roi","initial_stop_loss_abs":0.12199,"initial_stop_loss_ratio":-0.05,"stop_loss_abs":0.12199,"stop_loss_ratio":-0.05,"min_rate":0.1268,"max_rate":0.12946,"is_open":false,"enter_tag":"","leverage":1.0,"is_short":false,"open_timestamp":1766581200000,"close_timestamp":1766592000000,"orders":[{"amount":2451.0,"safe_price":0.12841,"ft_order_side":"buy","order_filled_timestamp":1766581200000,"ft_is_entry":true,"ft_order_tag":"","cost":315.04764291},{"amount":2451.0,"safe_price":0.12866707707707706,"ft_order_side":"sell","order_filled_timestamp":1766592000000,"ft_is_entry":false,"ft_order_tag":"roi","cost":315.67836892183175}],"funding_fees":0.0,"weekday":2},{"pair":"DOGE/USDT","stake_amount":314.64153,"max_stake_amount":314.64153,"amount":2493.0,"open_date":"2025-12-26 14:00:00+00:00","close_date":"2025-12-29 02:00:00+00:00","open_rate":0.12621,"close_rate":0.12646267267267264,"fee_open":0.001,"fee_close":0.001,"trade_duration":3600,"profit_ratio":0.0,"profit_abs":0.0,"exit_reason":"roi","initial_stop_loss_abs":0.1199,"initial_stop_loss_ratio":-0.05,"stop_loss_abs":0.1199,"stop_loss_ratio":-0.05,"min_rate":0.12064,"max_rate":0.12709,"is_open":false,"enter_tag":"","leverage":1.0,"is_short":false,"open_timestamp":1766757600000,"close_timestamp":1766973600000,"orders":[{"amount":2493.0,"safe_price":0.12621,"ft_order_side":"buy","order_filled_timestamp":1766757600000,"ft_is_entry":true,"ft_order_tag":"","cost":314.95617152999995},{"amount":2493.0,"safe_price":0.12646267267267264,"ft_order_side":"sell","order_filled_timestamp":1766973600000,"ft_is_entry":false,"ft_order_tag":"roi","cost":315.5867144159458}],"funding_fees":0.0,"weekday":0},{"pair":"DOGE/USDT","stake_amount":314.74157,"max_stake_amount":314.74157,"amount":2057.0,"open_date":"2026-01-05 18:00:00+00:00","close_date":"2026-01-05 20:00:00+00:00","open_rate":0.15301,"close_rate":0.1533163263263263,"fee_open":0.001,"fee_close":0.001,"trade_duration":120,"profit_ratio":0.0,"profit_abs":0.0,"exit_reason":"roi","initial_stop_loss_abs":0.14536,"initial_stop_loss_ratio":-0.05,"stop_loss_abs":0.14536,"stop_loss_ratio":-0.05,"min_rate":0.15085,"max_rate":0.1545,"is_open":false,"enter_tag":"","leverage":1.0,"is_short":false,"open_timestamp":1767636000000,"close_timestamp":1767643200000,"orders":[{"amount":2057.0,"safe_price":0.15301,"ft_order_side":"buy","order_filled_timestamp":1767636000000,"ft_is_entry":true,"ft_order_tag":"","cost":315.05631157},{"amount":2057.0,"safe_price":0.1533163263263263,"ft_order_side":"sell","order_filled_timestamp":1767643200000,"ft_is_entry":false,"ft_order_tag":"roi","cost":315.6870549365064}],"funding_fees":0.0,"weekday":0}],"locks":[],"best_pair":{"key":"DOGE/USDT","trades":23,"profit_mean":-0.006140098540011018,"profit_mean_pct":-0.61,"profit_total_abs":-46.16414901,"profit_total":-0.04616414901,"profit_total_pct":-4.62,"duration_avg":"6:42:00","wins":10,"draws":9,"losses":4,"winrate":0.43478260869565216,"cagr":-0.1629302609486104,"expectancy":-2.007136913478261,"expectancy_ratio":-0.5102469241175347,"sortino":-38.16571648409652,"sharpe":-1.302712931943323,"calmar":-17.756936525555705,"sqn":-1.3488,"profit_factor":0.31608018632417534,"max_drawdown_account":0.05120489617615046,"max_drawdown_abs":51.47693693000001},"worst_pair":{"key":"DOGE/USDT","trades":23,"profit_mean":-0.006140098540011018,"profit_mean_pct":-0.61,"profit_total_abs":-46.16414901,"profit_total":-0.04616414901,"profit_total_pct":-4.62,"duration_avg":"6:42:00","wins":10,"draws":9,"losses":4,"winrate":0.43478260869565216,"cagr":-0.1629302609486104,"expectancy":-2.007136913478261,"expectancy_ratio":-0.5102469241175347,"sortino":-38.16571648409652,"sharpe":-1.302712931943323,"calmar":-17.756936525555705,"sqn":-1.3488,"profit_factor":0.31608018632417534,"max_drawdown_account":0.05120489617615046,"max_drawdown_abs":51.47693693000001},"results_per_pair":[{"key":"DOGE/USDT","trades":23,"profit_mean":-0.006140098540011018,"profit_mean_pct":-0.61,"profit_total_abs":-46.16414901,"profit_total":-0.04616414901,"profit_total_pct":-4.62,"duration_avg":"6:42:00","wins":10,"draws":9,"losses":4,"winrate":0.43478260869565216,"cagr":-0.1629302609486104,"expectancy":-2.007136913478261,"expectancy_ratio":-0.5102469241175347,"sortino":-38.16571648409652,"sharpe":-1.302712931943323,"calmar":-17.756936525555705,"sqn":-1.3488,"profit_factor":0.31608018632417534,"max_drawdown_account":0.05120489617615046,"max_drawdown_abs":51.47693693000001},{"key":"TOTAL","trades":23,"profit_mean":-0.006140098540011018,"profit_mean_pct":-0.61,"profit_total_abs":-46.16414901,"profit_total":-0.04616414901,"profit_total_pct":-4.62,"duration_avg":"6:42:00","wins":10,"draws":9,"losses":4,"winrate":0.43478260869565216,"cagr":-0.1629302609486104,"expectancy":-2.007136913478261,"expectancy_ratio":-0.5102469241175347,"sortino":-38.16571648409652,"sharpe":-1.302712931943323,"calmar":-17.756936525555705,"sqn":-1.3488,"profit_factor":0.31608018632417534,"max_drawdown_account":0.05120489617615046,"max_drawdown_abs":51.47693693000001}],"results_per_enter_tag":[{"key":"","trades":23,"profit_mean":-0.006140098540011018,"profit_mean_pct":-0.61,"profit_total_abs":-46.16414901,"profit_total":-0.04616414901,"profit_total_pct":-4.62,"duration_avg":"6:42:00","wins":10,"draws":9,"losses":4,"winrate":0.43478260869565216,"cagr":-0.1629302609486104,"expectancy":-2.007136913478261,"expectancy_ratio":-0.5102469241175347,"sortino":-38.16571648409652,"sharpe":-1.302712931943323,"calmar":-17.756936525555705,"sqn":-1.3488,"profit_factor":0.31608018632417534,"max_drawdown_account":0.05120489617615046,"max_drawdown_abs":51.47693693000001},{"key":"TOTAL","trades":23,"profit_mean":-0.006140098540011018,"profit_mean_pct":-0.61,"profit_total_abs":-46.16414901,"profit_total":-0.04616414901,"profit_total_pct":-4.62,"duration_avg":"6:42:00","wins":10,"draws":9,"losses":4,"winrate":0.43478260869565216,"cagr":-0.1629302609486104,"expectancy":-2.007136913478261,"expectancy_ratio":-0.5102469241175347,"sortino":-38.16571648409652,"sharpe":-1.302712931943323,"calmar":-17.756936525555705,"sqn":-1.3488,"profit_factor":0.31608018632417534,"max_drawdown_account":0.05120489617615046,"max_drawdown_abs":51.47693693000001}],"exit_reason_summary":[{"key":"roi","trades":19,"profit_mean":0.0034865747664679443,"profit_mean_pct":0.35,"profit_total_abs":21.33520996,"profit_total":0.02133520996,"profit_total_pct":2.13,"duration_avg":"7:25:00","wins":10,"draws":9,"losses":0,"winrate":0.5263157894736842,"cagr":0.08267794286808505,"expectancy":1.1229057873684207,"expectancy_ratio":100.0,"sortino":-100,"sharpe":2.593633272542012,"calmar":-100,"sqn":2.9405,"profit_factor":0.0,"max_drawdown_account":0.0,"max_drawdown_abs":0.0},{"key":"stop_loss","trades":4,"profit_mean":-0.051866796745786085,"profit_mean_pct":-5.19,"profit_total_abs":-67.49935897,"profit_total":-0.06749935897,"profit_total_pct":-6.75,"duration_avg":"3:15:00","wins":0,"draws":0,"losses":4,"winrate":0.0,"cagr":-0.23123579784978143,"expectancy":-16.8748397425,"expectancy_ratio":-1.0,"sortino":-55.804373145690036,"sharpe":-55.804373145690036,"calmar":-19.69584863354928,"sqn":-122.6858,"profit_factor":0.0,"max_drawdown_account":0.06749935897,"max_drawdown_abs":67.49935897},{"key":"TOTAL","trades":23,"profit_mean":-0.006140098540011018,"profit_mean_pct":-0.61,"profit_total_abs":-46.16414901,"profit_total":-0.04616414901,"profit_total_pct":-4.62,"duration_avg":"6:42:00","wins":10,"draws":9,"losses":4,"winrate":0.43478260869565216,"cagr":-0.1629302609486104,"expectancy":-2.007136913478261,"expectancy_ratio":-0.5102469241175347,"sortino":-38.16571648409652,"sharpe":-1.302712931943323,"calmar":-17.756936525555705,"sqn":-1.3488,"profit_factor":0.31608018632417534,"max_drawdown_account":0.05120489617615046,"max_drawdown_abs":51.47693693000001}],"mix_tag_stats":[{"key":["","roi"],"trades":19,"profit_mean":0.0034865747664679443,"profit_mean_pct":0.35,"profit_total_abs":21.33520996,"profit_total":0.02133520996,"profit_total_pct":2.13,"duration_avg":"7:25:00","wins":10,"draws":9,"losses":0,"winrate":0.5263157894736842,"cagr":0.08267794286808505,"expectancy":1.1229057873684207,"expectancy_ratio":100.0,"sortino":-100,"sharpe":2.593633272542012,"calmar":-100,"sqn":2.9405,"profit_factor":0.0,"max_drawdown_account":0.0,"max_drawdown_abs":0.0},{"key":["","stop_loss"],"trades":4,"profit_mean":-0.051866796745786085,"profit_mean_pct":-5.19,"profit_total_abs":-67.49935897,"profit_total":-0.06749935897,"profit_total_pct":-6.75,"duration_avg":"3:15:00","wins":0,"draws":0,"losses":4,"winrate":0.0,"cagr":-0.23123579784978143,"expectancy":-16.8748397425,"expectancy_ratio":-1.0,"sortino":-55.804373145690036,"sharpe":-55.804373145690036,"calmar":-19.69584863354928,"sqn":-122.6858,"profit_factor":0.0,"max_drawdown_account":0.06749935897,"max_drawdown_abs":67.49935897},{"key":"TOTAL","trades":23,"profit_mean":-0.006140098540011018,"profit_mean_pct":-0.61,"profit_total_abs":-46.16414901,"profit_total":-0.04616414901,"profit_total_pct":-4.62,"duration_avg":"6:42:00","wins":10,"draws":9,"losses":4,"winrate":0.43478260869565216,"cagr":-0.1629302609486104,"expectancy":-2.007136913478261,"expectancy_ratio":-0.5102469241175347,"sortino":-38.16571648409652,"sharpe":-1.302712931943323,"calmar":-17.756936525555705,"sqn":-1.3488,"profit_factor":0.31608018632417534,"max_drawdown_account":0.05120489617615046,"max_drawdown_abs":51.47693693000001}],"left_open_trades":[{"key":"TOTAL","trades":0,"profit_mean":0.0,"profit_mean_pct":0.0,"profit_total_abs":0.0,"profit_total":0.0,"profit_total_pct":0.0,"duration_avg":"0:00","wins":0,"draws":0,"losses":0,"winrate":0.0,"cagr":0.0,"expectancy":0.0,"expectancy_ratio":100.0,"sortino":0,"sharpe":0,"calmar":0,"sqn":0.0,"profit_factor":0.0,"max_drawdown_account":0.0,"max_drawdown_abs":0.0}],"total_trades":23,"trade_count_long":23,"trade_count_short":0,"total_volume":14673.44360062161,"avg_stake_amount":319.35413434782606,"profit_mean":-0.006140098540011018,"profit_median":0.0,"profit_total":-0.04616414901,"profit_total_long":-0.04616414901,"profit_total_short":0.0,"profit_total_abs":-46.16414901,"profit_total_long_abs":-46.16414901,"profit_total_short_abs":0.0,"cagr":-0.1629302609486104,"expectancy":-2.007136913478261,"expectancy_ratio":-0.5102469241175347,"sortino":-38.16571648409652,"sharpe":-1.302712931943323,"calmar":-17.756936525555705,"sqn":-1.3488,"profit_factor":0.31608018632417534,"backtest_start":"2025-10-01 00:00:00","backtest_start_ts":1759276800000,"backtest_end":"2026-01-06 20:00:00","backtest_end_ts":1767729600000,"backtest_days":97,"backtest_run_start_ts":1767749291,"backtest_run_end_ts":1767749292,"trades_per_day":0.24,"market_change":-0.36632086436227446,"pairlist":["DOGE/USDT"],"stake_amount":"unlimited","stake_currency":"USDT","stake_currency_decimals":3,"starting_balance":1000,"dry_run_wallet":1000,"final_balance":953.83585099,"rejected_signals":0,"timedout_entry_orders":0,"timedout_exit_orders":0,"canceled_trade_entries":0,"canceled_entry_orders":0,"replaced_entry_orders":0,"max_open_trades":1,"max_open_trades_setting":3,"timeframe":"1h","timeframe_detail":"","timerange":"20251001-","enable_protections":false,"strategy_name":"ACO_24_5","freqaimodel":null,"freqai_identifier":null,"stoploss":-0.05,"trailing_stop":false,"trailing_stop_positive":null,"trailing_stop_positive_offset":0.0,"trailing_only_offset_is_reached":false,"use_custom_stoploss":false,"minimal_roi":{"0":0.1,"60":0.05,"120":0.0},"use_exit_signal":true,"exit_profit_only":false,"exit_profit_offset":0.0,"ignore_roi_if_entry_signal":false,"trading_mode":"spot","margin_mode":"","periodic_breakdown":{"day":[{"date":"19/10/2025","date_ts":1760832000000,"profit_abs":5.31278792,"wins":1,"draws":0,"losses":0,"trades":1,"profit_factor":0.0},{"date":"20/10/2025","date_ts":1760918400000,"profit_abs":0.0,"wins":0,"draws":0,"losses":0,"trades":0,"profit_factor":0.0},{"date":"21/10/2025","date_ts":1761004800000,"profit_abs":0.0,"wins":0,"draws":0,"losses":0,"trades":0,"profit_factor":0.0},{"date":"22/10/2025","date_ts":1761091200000,"profit_abs":-17.22153635,"wins":0,"draws":0,"losses":1,"trades":1,"profit_factor":0.0},{"date":"23/10/2025","date_ts":1761177600000,"profit_abs":0.0,"wins":0,"draws":0,"losses":0,"trades":0,"profit_factor":0.0},{"date":"24/10/2025","date_ts":1761264000000,"profit_abs":0.0,"wins":0,"draws":0,"losses":0,"trades":0,"profit_factor":0.0},{"date":"25/10/2025","date_ts":1761350400000,"profit_abs":0.0,"wins":0,"draws":0,"losses":0,"trades":0,"profit_factor":0.0},{"date":"26/10/2025","date_ts":1761436800000,"profit_abs":3.01874747,"wins":1,"draws":0,"losses":0,"trades":1,"profit_factor":0.0},{"date":"27/10/2025","date_ts":1761523200000,"profit_abs":0.0,"wins":0,"draws":0,"losses":0,"trades":0,"profit_factor":0.0},{"date":"28/10/2025","date_ts":1761609600000,"profit_abs":0.0,"wins":0,"draws":0,"losses":0,"trades":0,"profit_factor":0.0},{"date":"29/10/2025","date_ts":1761696000000,"profit_abs":0.0,"wins":0,"draws":0,"losses":0,"trades":0,"profit_factor":0.0},{"date":"30/10/2025","date_ts":1761782400000,"profit_abs":0.0,"wins":0,"draws":0,"losses":0,"trades":0,"profit_factor":0.0},{"date":"31/10/2025","date_ts":1761868800000,"profit_abs":0.0,"wins":0,"draws":0,"losses":0,"trades":0,"profit_factor":0.0},{"date":"01/11/2025","date_ts":1761955200000,"profit_abs":0.0,"wins":0,"draws":0,"losses":0,"trades":0,"profit_factor":0.0},{"date":"02/11/2025","date_ts":1762041600000,"profit_abs":0.0,"wins":0,"draws":0,"losses":0,"trades":0,"profit_factor":0.0},{"date":"03/11/2025","date_ts":1762128000000,"profit_abs":-16.96726638,"wins":0,"draws":0,"losses":1,"trades":1,"profit_factor":0.0},{"date":"04/11/2025","date_ts":1762214400000,"profit_abs":-16.6858428,"wins":0,"draws":0,"losses":1,"trades":1,"profit_factor":0.0},{"date":"05/11/2025","date_ts":1762300800000,"profit_abs":0.23242746,"wins":1,"draws":0,"losses":0,"trades":1,"profit_factor":0.0},{"date":"06/11/2025","date_ts":1762387200000,"profit_abs":0.0,"wins":0,"draws":0,"losses":0,"trades":0,"profit_factor":0.0},{"date":"07/11/2025","date_ts":1762473600000,"profit_abs":1.51712454,"wins":1,"draws":0,"losses":0,"trades":1,"profit_factor":0.0},{"date":"08/11/2025","date_ts":1762560000000,"profit_abs":0.0,"wins":0,"draws":0,"losses":0,"trades":0,"profit_factor":0.0},{"date":"09/11/2025","date_ts":1762646400000,"profit_abs":0.0,"wins":0,"draws":0,"losses":0,"trades":0,"profit_factor":0.0},{"date":"10/11/2025","date_ts":1762732800000,"profit_abs":0.0,"wins":0,"draws":0,"losses":0,"trades":0,"profit_factor":0.0},{"date":"11/11/2025","date_ts":1762819200000,"profit_abs":0.0,"wins":0,"draws":1,"losses":0,"trades":1,"profit_factor":0.0},{"date":"12/11/2025","date_ts":1762905600000,"profit_abs":3.544191,"wins":1,"draws":0,"losses":0,"trades":1,"profit_factor":0.0},{"date":"13/11/2025","date_ts":1762992000000,"profit_abs":0.0,"wins":0,"draws":0,"losses":0,"trades":0,"profit_factor":0.0},{"date":"14/11/2025","date_ts":1763078400000,"profit_abs":0.0,"wins":0,"draws":0,"losses":0,"trades":0,"profit_factor":0.0},{"date":"15/11/2025","date_ts":1763164800000,"profit_abs":0.0,"wins":0,"draws":1,"losses":0,"trades":1,"profit_factor":0.0},{"date":"16/11/2025","date_ts":1763251200000,"profit_abs":0.0,"wins":0,"draws":0,"losses":0,"trades":0,"profit_factor":0.0},{"date":"17/11/2025","date_ts":1763337600000,"profit_abs":0.0,"wins":0,"draws":0,"losses":0,"trades":0,"profit_factor":0.0},{"date":"18/11/2025","date_ts":1763424000000,"profit_abs":0.0,"wins":0,"draws":0,"losses":0,"trades":0,"profit_factor":0.0},{"date":"19/11/2025","date_ts":1763510400000,"profit_abs":0.0,"wins":0,"draws":0,"losses":0,"trades":0,"profit_factor":0.0},{"date":"20/11/2025","date_ts":1763596800000,"profit_abs":2.16619328,"wins":1,"draws":0,"losses":0,"trades":1,"profit_factor":0.0},{"date":"21/11/2025","date_ts":1763683200000,"profit_abs":0.0,"wins":0,"draws":0,"losses":0,"trades":0,"profit_factor":0.0},{"date":"22/11/2025","date_ts":1763769600000,"profit_abs":0.0,"wins":0,"draws":1,"losses":0,"trades":1,"profit_factor":0.0},{"date":"23/11/2025","date_ts":1763856000000,"profit_abs":0.0,"wins":0,"draws":0,"losses":0,"trades":0,"profit_factor":0.0},{"date":"24/11/2025","date_ts":1763942400000,"profit_abs":0.0,"wins":0,"draws":0,"losses":0,"trades":0,"profit_factor":0.0},{"date":"25/11/2025","date_ts":1764028800000,"profit_abs":0.0,"wins":0,"draws":0,"losses":0,"trades":0,"profit_factor":0.0},{"date":"26/11/2025","date_ts":1764115200000,"profit_abs":0.0,"wins":0,"draws":1,"losses":0,"trades":1,"profit_factor":0.0},{"date":"27/11/2025","date_ts":1764201600000,"profit_abs":0.0,"wins":0,"draws":0,"losses":0,"trades":0,"profit_factor":0.0},{"date":"28/11/2025","date_ts":1764288000000,"profit_abs":0.0,"wins":0,"draws":0,"losses":0,"trades":0,"profit_factor":0.0},{"date":"29/11/2025","date_ts":1764374400000,"profit_abs":0.0,"wins":0,"draws":0,"losses":0,"trades":0,"profit_factor":0.0},{"date":"30/11/2025","date_ts":1764460800000,"profit_abs":0.0,"wins":0,"draws":1,"losses":0,"trades":1,"profit_factor":0.0},{"date":"01/12/2025","date_ts":1764547200000,"profit_abs":0.0,"wins":0,"draws":0,"losses":0,"trades":0,"profit_factor":0.0},{"date":"02/12/2025","date_ts":1764633600000,"profit_abs":0.114586,"wins":1,"draws":0,"losses":0,"trades":1,"profit_factor":0.0},{"date":"03/12/2025","date_ts":1764720000000,"profit_abs":0.0,"wins":0,"draws":0,"losses":0,"trades":0,"profit_factor":0.0},{"date":"04/12/2025","date_ts":1764806400000,"profit_abs":0.0,"wins":0,"draws":0,"losses":0,"trades":0,"profit_factor":0.0},{"date":"05/12/2025","date_ts":1764892800000,"profit_abs":0.0,"wins":0,"draws":0,"losses":0,"trades":0,"profit_factor":0.0},{"date":"06/12/2025","date_ts":1764979200000,"profit_abs":0.0,"wins":0,"draws":0,"losses":0,"trades":0,"profit_factor":0.0},{"date":"07/12/2025","date_ts":1765065600000,"profit_abs":0.82487895,"wins":1,"draws":0,"losses":0,"trades":1,"profit_factor":0.0},{"date":"08/12/2025","date_ts":1765152000000,"profit_abs":0.0,"wins":0,"draws":0,"losses":0,"trades":0,"profit_factor":0.0},{"date":"09/12/2025","date_ts":1765238400000,"profit_abs":0.0,"wins":0,"draws":0,"losses":0,"trades":0,"profit_factor":0.0},{"date":"10/12/2025","date_ts":1765324800000,"profit_abs":0.0,"wins":0,"draws":0,"losses":0,"trades":0,"profit_factor":0.0},{"date":"11/12/2025","date_ts":1765411200000,"profit_abs":3.97409904,"wins":1,"draws":0,"losses":0,"trades":1,"profit_factor":0.0},{"date":"12/12/2025","date_ts":1765497600000,"profit_abs":0.0,"wins":0,"draws":0,"losses":0,"trades":0,"profit_factor":0.0},{"date":"13/12/2025","date_ts":1765584000000,"profit_abs":0.0,"wins":0,"draws":0,"losses":0,"trades":0,"profit_factor":0.0},{"date":"14/12/2025","date_ts":1765670400000,"profit_abs":0.0,"wins":0,"draws":0,"losses":0,"trades":0,"profit_factor":0.0},{"date":"15/12/2025","date_ts":1765756800000,"profit_abs":0.0,"wins":0,"draws":0,"losses":0,"trades":0,"profit_factor":0.0},{"date":"16/12/2025","date_ts":1765843200000,"profit_abs":0.6301743,"wins":1,"draws":0,"losses":0,"trades":1,"profit_factor":0.0},{"date":"17/12/2025","date_ts":1765929600000,"profit_abs":-16.62471344,"wins":0,"draws":0,"losses":1,"trades":1,"profit_factor":0.0},{"date":"18/12/2025","date_ts":1766016000000,"profit_abs":0.0,"wins":0,"draws":0,"losses":0,"trades":0,"profit_factor":0.0},{"date":"19/12/2025","date_ts":1766102400000,"profit_abs":0.0,"wins":0,"draws":0,"losses":0,"trades":0,"profit_factor":0.0},{"date":"20/12/2025","date_ts":1766188800000,"profit_abs":0.0,"wins":0,"draws":0,"losses":0,"trades":0,"profit_factor":0.0},{"date":"21/12/2025","date_ts":1766275200000,"profit_abs":0.0,"wins":0,"draws":0,"losses":0,"trades":0,"profit_factor":0.0},{"date":"22/12/2025","date_ts":1766361600000,"profit_abs":0.0,"wins":0,"draws":1,"losses":0,"trades":1,"profit_factor":0.0},{"date":"23/12/2025","date_ts":1766448000000,"profit_abs":0.0,"wins":0,"draws":0,"losses":0,"trades":0,"profit_factor":0.0},{"date":"24/12/2025","date_ts":1766534400000,"profit_abs":0.0,"wins":0,"draws":1,"losses":0,"trades":1,"profit_factor":0.0},{"date":"25/12/2025","date_ts":1766620800000,"profit_abs":0.0,"wins":0,"draws":0,"losses":0,"trades":0,"profit_factor":0.0},{"date":"26/12/2025","date_ts":1766707200000,"profit_abs":0.0,"wins":0,"draws":0,"losses":0,"trades":0,"profit_factor":0.0},{"date":"27/12/2025","date_ts":1766793600000,"profit_abs":0.0,"wins":0,"draws":0,"losses":0,"trades":0,"profit_factor":0.0},{"date":"28/12/2025","date_ts":1766880000000,"profit_abs":0.0,"wins":0,"draws":0,"losses":0,"trades":0,"profit_factor":0.0},{"date":"29/12/2025","date_ts":1766966400000,"profit_abs":0.0,"wins":0,"draws":1,"losses":0,"trades":1,"profit_factor":0.0},{"date":"30/12/2025","date_ts":1767052800000,"profit_abs":0.0,"wins":0,"draws":0,"losses":0,"trades":0,"profit_factor":0.0},{"date":"31/12/2025","date_ts":1767139200000,"profit_abs":0.0,"wins":0,"draws":0,"losses":0,"trades":0,"profit_factor":0.0},{"date":"01/01/2026","date_ts":1767225600000,"profit_abs":0.0,"wins":0,"draws":0,"losses":0,"trades":0,"profit_factor":0.0},{"date":"02/01/2026","date_ts":1767312000000,"profit_abs":0.0,"wins":0,"draws":0,"losses":0,"trades":0,"profit_factor":0.0},{"date":"03/01/2026","date_ts":1767398400000,"profit_abs":0.0,"wins":0,"draws":0,"losses":0,"trades":0,"profit_factor":0.0},{"date":"04/01/2026","date_ts":1767484800000,"profit_abs":0.0,"wins":0,"draws":0,"losses":0,"trades":0,"profit_factor":0.0},{"date":"05/01/2026","date_ts":1767571200000,"profit_abs":0.0,"wins":0,"draws":1,"losses":0,"trades":1,"profit_factor":0.0}],"week":[{"date":"20/10/2025","date_ts":1760918400000,"profit_abs":5.31278792,"wins":1,"draws":0,"losses":0,"trades":1,"profit_factor":0.0},{"date":"27/10/2025","date_ts":1761523200000,"profit_abs":-14.20278888,"wins":1,"draws":0,"losses":1,"trades":2,"profit_factor":0.17528909},{"date":"03/11/2025","date_ts":1762128000000,"profit_abs":-16.96726638,"wins":0,"draws":0,"losses":1,"trades":1,"profit_factor":0.0},{"date":"10/11/2025","date_ts":1762732800000,"profit_abs":-14.9362908,"wins":2,"draws":0,"losses":1,"trades":3,"profit_factor":0.10485248},{"date":"17/11/2025","date_ts":1763337600000,"profit_abs":3.544191,"wins":1,"draws":2,"losses":0,"trades":3,"profit_factor":0.0},{"date":"24/11/2025","date_ts":1763942400000,"profit_abs":2.16619328,"wins":1,"draws":1,"losses":0,"trades":2,"profit_factor":0.0},{"date":"01/12/2025","date_ts":1764547200000,"profit_abs":0.0,"wins":0,"draws":2,"losses":0,"trades":2,"profit_factor":0.0},{"date":"08/12/2025","date_ts":1765152000000,"profit_abs":0.93946495,"wins":2,"draws":0,"losses":0,"trades":2,"profit_factor":0.0},{"date":"15/12/2025","date_ts":1765756800000,"profit_abs":3.97409904,"wins":1,"draws":0,"losses":0,"trades":1,"profit_factor":0.0},{"date":"22/12/2025","date_ts":1766361600000,"profit_abs":-15.99453914,"wins":1,"draws":1,"losses":1,"trades":3,"profit_factor":0.03790587},{"date":"29/12/2025","date_ts":1766966400000,"profit_abs":0.0,"wins":0,"draws":2,"losses":0,"trades":2,"profit_factor":0.0},{"date":"05/01/2026","date_ts":1767571200000,"profit_abs":0.0,"wins":0,"draws":1,"losses":0,"trades":1,"profit_factor":0.0}],"month":[{"date":"31/10/2025","date_ts":1761868800000,"profit_abs":-8.89000096,"wins":2,"draws":0,"losses":1,"trades":3,"profit_factor":0.48378584},{"date":"30/11/2025","date_ts":1764460800000,"profit_abs":-26.1931729,"wins":4,"draws":5,"losses":2,"trades":11,"profit_factor":0.22167153},{"date":"31/12/2025","date_ts":1767139200000,"profit_abs":-11.08097515,"wins":4,"draws":3,"losses":1,"trades":8,"profit_factor":0.33346369},{"date":"31/01/2026","date_ts":1769817600000,"profit_abs":0.0,"wins":0,"draws":1,"losses":0,"trades":1,"profit_factor":0.0}],"year":[{"date":"31/12/2025","date_ts":1767139200000,"profit_abs":-46.16414901,"wins":10,"draws":8,"losses":4,"trades":22,"profit_factor":0.31608019},{"date":"31/12/2026","date_ts":1798675200000,"profit_abs":0.0,"wins":0,"draws":1,"losses":0,"trades":1,"profit_factor":0.0}],"weekday":[{"date":"Monday","date_ts":0,"profit_abs":-16.96726638,"wins":0,"draws":3,"losses":1,"trades":4,"profit_factor":0.0},{"date":"Tuesday","date_ts":1,"profit_abs":-15.9410825,"wins":2,"draws":1,"losses":1,"trades":4,"profit_factor":0.04463426},{"date":"Wednesday","date_ts":2,"profit_abs":-30.06963133,"wins":2,"draws":2,"losses":2,"trades":6,"profit_factor":0.11158159},{"date":"Thursday","date_ts":3,"profit_abs":6.14029232,"wins":2,"draws":0,"losses":0,"trades":2,"profit_factor":0.0},{"date":"Friday","date_ts":4,"profit_abs":1.51712454,"wins":1,"draws":0,"losses":0,"trades":1,"profit_factor":0.0},{"date":"Saturday","date_ts":5,"profit_abs":0.0,"wins":0,"draws":2,"losses":0,"trades":2,"profit_factor":0.0},{"date":"Sunday","date_ts":6,"profit_abs":9.15641434,"wins":3,"draws":1,"losses":0,"trades":4,"profit_factor":0.0}]},"backtest_best_day":0.016084410690962888,"backtest_worst_day":-0.05188581425961381,"backtest_best_day_abs":5.31278792,"backtest_worst_day_abs":-17.22153635,"winning_days":10,"draw_days":65,"losing_days":4,"daily_profit":[["2025-10-19",5.31278792],["2025-10-20",0.0],["2025-10-21",0.0],["2025-10-22",-17.22153635],["2025-10-23",0.0],["2025-10-24",0.0],["2025-10-25",0.0],["2025-10-26",3.01874747],["2025-10-27",0.0],["2025-10-28",0.0],["2025-10-29",0.0],["2025-10-30",0.0],["2025-10-31",0.0],["2025-11-01",0.0],["2025-11-02",0.0],["2025-11-03",-16.96726638],["2025-11-04",-16.6858428],["2025-11-05",0.23242746],["2025-11-06",0.0],["2025-11-07",1.51712454],["2025-11-08",0.0],["2025-11-09",0.0],["2025-11-10",0.0],["2025-11-11",0.0],["2025-11-12",3.544191],["2025-11-13",0.0],["2025-11-14",0.0],["2025-11-15",0.0],["2025-11-16",0.0],["2025-11-17",0.0],["2025-11-18",0.0],["2025-11-19",0.0],["2025-11-20",2.16619328],["2025-11-21",0.0],["2025-11-22",0.0],["2025-11-23",0.0],["2025-11-24",0.0],["2025-11-25",0.0],["2025-11-26",0.0],["2025-11-27",0.0],["2025-11-28",0.0],["2025-11-29",0.0],["2025-11-30",0.0],["2025-12-01",0.0],["2025-12-02",0.114586],["2025-12-03",0.0],["2025-12-04",0.0],["2025-12-05",0.0],["2025-12-06",0.0],["2025-12-07",0.82487895],["2025-12-08",0.0],["2025-12-09",0.0],["2025-12-10",0.0],["2025-12-11",3.97409904],["2025-12-12",0.0],["2025-12-13",0.0],["2025-12-14",0.0],["2025-12-15",0.0],["2025-12-16",0.6301743],["2025-12-17",-16.62471344],["2025-12-18",0.0],["2025-12-19",0.0],["2025-12-20",0.0],["2025-12-21",0.0],["2025-12-22",0.0],["2025-12-23",0.0],["2025-12-24",0.0],["2025-12-25",0.0],["2025-12-26",0.0],["2025-12-27",0.0],["2025-12-28",0.0],["2025-12-29",0.0],["2025-12-30",0.0],["2025-12-31",0.0],["2026-01-01",0.0],["2026-01-02",0.0],["2026-01-03",0.0],["2026-01-04",0.0],["2026-01-05",0.0]],"wins":10,"losses":4,"draws":9,"winrate":0.43478260869565216,"holding_avg":"6:42:00","holding_avg_s":24120.0,"winner_holding_min":"0d 02:00","winner_holding_min_s":7200.0,"winner_holding_max":"0d 02:00","winner_holding_max_s":7200.0,"winner_holding_avg":"0d 02:00","winner_holding_avg_s":7200.0,"loser_holding_min":"0d 00:00","loser_holding_min_s":0.0,"loser_holding_max":"0d 09:00","loser_holding_max_s":32400.0,"loser_holding_avg":"0d 03:15","loser_holding_avg_s":11700.0,"max_consecutive_wins":4,"max_consecutive_losses":5,"max_drawdown_account":0.05120489617615046,"max_relative_drawdown":0.05120489617615046,"max_drawdown_abs":51.47693693000001,"drawdown_start":"2025-10-19 12:00:00","drawdown_start_ts":1760875200000.0,"drawdown_end":"2025-12-17 16:00:00","drawdown_end_ts":1765987200000.0,"drawdown_duration":"59 days 04:00:00","drawdown_duration_s":5112000.0,"max_drawdown_low":-46.16414901000001,"max_drawdown_high":5.31278792,"csum_min":953.83585099,"csum_max":1005.31278792}},"strategy_comparison":[{"key":"ACO_24_5","trades":23,"profit_mean":-0.006140098540011018,"profit_mean_pct":-0.61,"profit_total_abs":-46.16414901,"profit_total":-0.04616414901,"profit_total_pct":-4.62,"duration_avg":"6:42:00","wins":10,"draws":9,"losses":4,"winrate":0.43478260869565216,"cagr":-0.1629302609486104,"expectancy":-2.007136913478261,"expectancy_ratio":-0.5102469241175347,"sortino":-38.16571648409652,"sharpe":-1.302712931943323,"calmar":-17.756936525555705,"sqn":-1.3488,"profit_factor":0.31608018632417534,"max_drawdown_account":0.05120489617615046,"max_drawdown_abs":"51.477"}]}