{"strategy":{"ACO_53_1":{"trades":[{"pair":"DOGE/USDT","stake_amount":329.8578,"max_stake_amount":329.8578,"amount":1772.0,"open_date":"2025-10-10 22:00:00+00:00","close_date":"2025-10-10 22:00:00+00:00","open_rate":0.18615,"close_rate":0.17685,"fee_open":0.001,"fee_close":0.001,"trade_duration":0,"profit_ratio":-0.0518578923091413,"profit_abs":-17.122836,"exit_reason":"stop_loss","initial_stop_loss_abs":0.17685,"initial_stop_loss_ratio":-0.05,"stop_loss_abs":0.17685,"stop_loss_ratio":-0.05,"min_rate":0.16923,"max_rate":0.19509,"is_open":false,"enter_tag":"","leverage":1.0,"is_short":false,"open_timestamp":1760133600000,"close_timestamp":1760133600000,"orders":[{"amount":1772.0,"safe_price":0.18615,"ft_order_side":"buy","order_filled_timestamp":1760133600000,"ft_is_entry":true,"ft_order_tag":"","cost":330.18765779999995},{"amount":1772.0,"safe_price":0.17685,"ft_order_side":"sell","order_filled_timestamp":1760133600000,"ft_is_entry":false,"ft_order_tag":"stop_loss","cost":313.6915782}],"funding_fees":0.0,"weekday":4},{"pair":"DOGE/USDT","stake_amount":324.2967,"max_stake_amount":324.2967,"amount":1697.0,"open_date":"2025-10-11 13:00:00+00:00","close_date":"2025-10-11 15:00:00+00:00","open_rate":0.1911,"close_rate":0.19148258258258255,"fee_open":0.001,"fee_close":0.001,"trade_duration":120,"profit_ratio":0.0,"profit_abs":0.0,"exit_reason":"roi","initial_stop_loss_abs":0.18155,"initial_stop_loss_ratio":-0.05,"stop_loss_abs":0.18155,"stop_loss_ratio":-0.05,"min_rate":0.18584,"max_rate":0.19316,"is_open":false,"enter_tag":"","leverage":1.0,"is_short":false,"open_timestamp":1760187600000,"close_timestamp":1760194800000,"orders":[{"amount":1697.0,"safe_price":0.1911,"ft_order_side":"buy","order_filled_timestamp":1760187600000,"ft_is_entry":true,"ft_order_tag":"","cost":324.6209967},{"amount":1697.0,"safe_price":0.19148258258258255,"ft_order_side":"sell","order_filled_timestamp":1760194800000,"ft_is_entry":false,"ft_order_tag":"roi","cost":325.2708885852852}],"funding_fees":0.0,"weekday":5},{"pair":"DOGE/USDT","stake_amount":324.22794,"max_stake_amount":324.22794,"amount":1758.0,"open_date":"2025-10-11 20:00:00+00:00","close_date":"2025-10-11 22:00:00+00:00","open_rate":0.18443,"close_rate":0.18479922922922923,"fee_open":0.001,"fee_close":0.001,"trade_duration":120,"profit_ratio":0.0,"profit_abs":0.0,"exit_reason":"roi","initial_stop_loss_abs":0.17521,"initial_stop_loss_ratio":-0.05,"stop_loss_abs":0.17521,"stop_loss_ratio":-0.05,"min_rate":0.17816,"max_rate":0.18622,"is_open":false,"enter_tag":"","leverage":1.0,"is_short":false,"open_timestamp":1760212800000,"close_timestamp":1760220000000,"orders":[{"amount":1758.0,"safe_price":0.18443,"ft_order_side":"buy","order_filled_timestamp":1760212800000,"ft_is_entry":true,"ft_order_tag":"","cost":324.55216794},{"amount":1758.0,"safe_price":0.18479922922922923,"ft_order_side":"sell","order_filled_timestamp":1760220000000,"ft_is_entry":false,"ft_order_tag":"roi","cost":325.2019220299699}],"funding_fees":0.0,"weekday":5},{"pair":"DOGE/USDT","stake_amount":324.3062,"max_stake_amount":324.3062,"amount":1735.0,"open_date":"2025-10-12 14:00:00+00:00","close_date":"2025-10-12 15:00:00+00:00","open_rate":0.18692,"close_rate":0.19664956956956955,"fee_open":0.001,"fee_close":0.001,"trade_duration":60,"profit_ratio":0.049950049950049945,"profit_abs":16.21531,"exit_reason":"roi","initial_stop_loss_abs":0.17758,"initial_stop_loss_ratio":-0.05,"stop_loss_abs":0.17758,"stop_loss_ratio":-0.05,"min_rate":0.18682,"max_rate":0.20676,"is_open":false,"enter_tag":"","leverage":1.0,"is_short":false,"open_timestamp":1760277600000,"close_timestamp":1760281200000,"orders":[{"amount":1735.0,"safe_price":0.18692,"ft_order_side":"buy","order_filled_timestamp":1760277600000,"ft_is_entry":true,"ft_order_tag":"","cost":324.63050619999996},{"amount":1735.0,"safe_price":0.19664956956956955,"ft_order_side":"sell","order_filled_timestamp":1760281200000,"ft_is_entry":false,"ft_order_tag":"roi","cost":341.52819020640635}],"funding_fees":0.0,"weekday":6},{"pair":"DOGE/USDT","stake_amount":329.53635,"max_stake_amount":329.53635,"amount":1755.0,"open_date":"2025-10-16 20:00:00+00:00","close_date":"2025-10-16 22:00:00+00:00","open_rate":0.18777,"close_rate":0.18816,"fee_open":0.001,"fee_close":0.001,"trade_duration":120,"profit_ratio":7.48572405386593e-05,"profit_abs":0.02469285,"exit_reason":"roi","initial_stop_loss_abs":0.17839,"initial_stop_loss_ratio":-0.05,"stop_loss_abs":0.17839,"stop_loss_ratio":-0.05,"min_rate":0.18469,"max_rate":0.18864,"is_open":false,"enter_tag":"","leverage":1.0,"is_short":false,"open_timestamp":1760644800000,"close_timestamp":1760652000000,"orders":[{"amount":1755.0,"safe_price":0.18777,"ft_order_side":"buy","order_filled_timestamp":1760644800000,"ft_is_entry":true,"ft_order_tag":"","cost":329.8658863499999},{"amount":1755.0,"safe_price":0.18816,"ft_order_side":"sell","order_filled_timestamp":1760652000000,"ft_is_entry":false,"ft_order_tag":"roi","cost":330.55102079999995}],"funding_fees":0.0,"weekday":3},{"pair":"DOGE/USDT","stake_amount":329.59014,"max_stake_amount":329.59014,"amount":2046.0,"open_date":"2025-11-04 06:00:00+00:00","close_date":"2025-11-04 08:00:00+00:00","open_rate":0.16109,"close_rate":0.16201,"fee_open":0.001,"fee_close":0.001,"trade_duration":120,"profit_ratio":0.003701680404144865,"profit_abs":1.2212574,"exit_reason":"roi","initial_stop_loss_abs":0.15304,"initial_stop_loss_ratio":-0.05,"stop_loss_abs":0.15304,"stop_loss_ratio":-0.05,"min_rate":0.16062,"max_rate":0.16735,"is_open":false,"enter_tag":"","leverage":1.0,"is_short":false,"open_timestamp":1762236000000,"close_timestamp":1762243200000,"orders":[{"amount":2046.0,"safe_price":0.16109,"ft_order_side":"buy","order_filled_timestamp":1762236000000,"ft_is_entry":true,"ft_order_tag":"","cost":329.91973013999996},{"amount":2046.0,"safe_price":0.16201,"ft_order_side":"sell","order_filled_timestamp":1762243200000,"ft_is_entry":false,"ft_order_tag":"roi","cost":331.80393245999994}],"funding_fees":0.0,"weekday":1},{"pair":"DOGE/USDT","stake_amount":330.08976,"max_stake_amount":330.08976,"amount":2061.0,"open_date":"2025-11-04 17:00:00+00:00","close_date":"2025-11-04 19:00:00+00:00","open_rate":0.16016,"close_rate":0.16048064064064063,"fee_open":0.001,"fee_close":0.001,"trade_duration":120,"profit_ratio":0.0,"profit_abs":0.0,"exit_reason":"roi","initial_stop_loss_abs":0.15216,"initial_stop_loss_ratio":-0.05,"stop_loss_abs":0.15216,"stop_loss_ratio":-0.05,"min_rate":0.15419,"max_rate":0.16152,"is_open":false,"enter_tag":"","leverage":1.0,"is_short":false,"open_timestamp":1762275600000,"close_timestamp":1762282800000,"orders":[{"amount":2061.0,"safe_price":0.16016,"ft_order_side":"buy","order_filled_timestamp":1762275600000,"ft_is_entry":true,"ft_order_tag":"","cost":330.41984976},{"amount":2061.0,"safe_price":0.16048064064064063,"ft_order_side":"sell","order_filled_timestamp":1762282800000,"ft_is_entry":false,"ft_order_tag":"roi","cost":331.08135096072067}],"funding_fees":0.0,"weekday":1},{"pair":"DOGE/USDT","stake_amount":330.07668,"max_stake_amount":330.07668,"amount":2027.0,"open_date":"2025-11-05 09:00:00+00:00","close_date":"2025-11-05 11:00:00+00:00","open_rate":0.16284,"close_rate":0.16316600600600598,"fee_open":0.001,"fee_close":0.001,"trade_duration":120,"profit_ratio":0.0,"profit_abs":0.0,"exit_reason":"roi","initial_stop_loss_abs":0.1547,"initial_stop_loss_ratio":-0.05,"stop_loss_abs":0.1547,"stop_loss_ratio":-0.05,"min_rate":0.161,"max_rate":0.1642,"is_open":false,"enter_tag":"","leverage":1.0,"is_short":false,"open_timestamp":1762333200000,"close_timestamp":1762340400000,"orders":[{"amount":2027.0,"safe_price":0.16284,"ft_order_side":"buy","order_filled_timestamp":1762333200000,"ft_is_entry":true,"ft_order_tag":"","cost":330.40675668},{"amount":2027.0,"safe_price":0.16316600600600598,"ft_order_side":"sell","order_filled_timestamp":1762340400000,"ft_is_entry":false,"ft_order_tag":"roi","cost":331.06823166834823}],"funding_fees":0.0,"weekday":2},{"pair":"DOGE/USDT","stake_amount":330.05607,"max_stake_amount":330.05607,"amount":2077.0,"open_date":"2025-11-14 21:00:00+00:00","close_date":"2025-11-14 23:00:00+00:00","open_rate":0.15891,"close_rate":0.15933,"fee_open":0.001,"fee_close":0.001,"trade_duration":120,"profit_ratio":0.0006397227465756821,"profit_abs":0.21135552,"exit_reason":"roi","initial_stop_loss_abs":0.15097,"initial_stop_loss_ratio":-0.05,"stop_loss_abs":0.15097,"stop_loss_ratio":-0.05,"min_rate":0.15472,"max_rate":0.16111,"is_open":false,"enter_tag":"","leverage":1.0,"is_short":false,"open_timestamp":1763154000000,"close_timestamp":1763161200000,"orders":[{"amount":2077.0,"safe_price":0.15891,"ft_order_side":"buy","order_filled_timestamp":1763154000000,"ft_is_entry":true,"ft_order_tag":"","cost":330.38612606999993},{"amount":2077.0,"safe_price":0.15933,"ft_order_side":"sell","order_filled_timestamp":1763161200000,"ft_is_entry":false,"ft_order_tag":"roi","cost":331.25933840999994}],"funding_fees":0.0,"weekday":4},{"pair":"DOGE/USDT","stake_amount":330.1191,"max_stake_amount":330.1191,"amount":2094.0,"open_date":"2025-11-15 00:00:00+00:00","close_date":"2025-11-15 02:00:00+00:00","open_rate":0.15765,"close_rate":0.16137,"fee_open":0.001,"fee_close":0.001,"trade_duration":120,"profit_ratio":0.021551426689390536,"profit_abs":7.12165212,"exit_reason":"roi","initial_stop_loss_abs":0.14977,"initial_stop_loss_ratio":-0.05,"stop_loss_abs":0.14977,"stop_loss_ratio":-0.05,"min_rate":0.15721,"max_rate":0.16243,"is_open":false,"enter_tag":"","leverage":1.0,"is_short":false,"open_timestamp":1763164800000,"close_timestamp":1763172000000,"orders":[{"amount":2094.0,"safe_price":0.15765,"ft_order_side":"buy","order_filled_timestamp":1763164800000,"ft_is_entry":true,"ft_order_tag":"","cost":330.4492191},{"amount":2094.0,"safe_price":0.16137,"ft_order_side":"sell","order_filled_timestamp":1763172000000,"ft_is_entry":false,"ft_order_tag":"roi","cost":338.24668878}],"funding_fees":0.0,"weekday":5},{"pair":"DOGE/USDT","stake_amount":332.48915,"max_stake_amount":332.48915,"amount":2369.0,"open_date":"2025-11-21 08:00:00+00:00","close_date":"2025-11-21 12:00:00+00:00","open_rate":0.14035,"close_rate":0.13334,"fee_open":0.001,"fee_close":0.001,"trade_duration":240,"profit_ratio":-0.0518447708330145,"profit_abs":-17.25506161,"exit_reason":"stop_loss","initial_stop_loss_abs":0.13334,"initial_stop_loss_ratio":-0.05,"stop_loss_abs":0.13334,"stop_loss_ratio":-0.05,"min_rate":0.13321,"max_rate":0.14234,"is_open":false,"enter_tag":"","leverage":1.0,"is_short":false,"open_timestamp":1763712000000,"close_timestamp":1763726400000,"orders":[{"amount":2369.0,"safe_price":0.14035,"ft_order_side":"buy","order_filled_timestamp":1763712000000,"ft_is_entry":true,"ft_order_tag":"","cost":332.82163914999995},{"amount":2369.0,"safe_price":0.13334,"ft_order_side":"sell","order_filled_timestamp":1763726400000,"ft_is_entry":false,"ft_order_tag":"stop_loss","cost":316.19834245999994}],"funding_fees":0.0,"weekday":4},{"pair":"DOGE/USDT","stake_amount":326.83392,"max_stake_amount":326.83392,"amount":2352.0,"open_date":"2025-11-21 21:00:00+00:00","close_date":"2025-11-21 23:00:00+00:00","open_rate":0.13896,"close_rate":0.1392381981981982,"fee_open":0.001,"fee_close":0.001,"trade_duration":120,"profit_ratio":0.0,"profit_abs":0.0,"exit_reason":"roi","initial_stop_loss_abs":0.13202,"initial_stop_loss_ratio":-0.05,"stop_loss_abs":0.13202,"stop_loss_ratio":-0.05,"min_rate":0.13574,"max_rate":0.14167,"is_open":false,"enter_tag":"","leverage":1.0,"is_short":false,"open_timestamp":1763758800000,"close_timestamp":1763766000000,"orders":[{"amount":2352.0,"safe_price":0.13896,"ft_order_side":"buy","order_filled_timestamp":1763758800000,"ft_is_entry":true,"ft_order_tag":"","cost":327.16075391999993},{"amount":2352.0,"safe_price":0.1392381981981982,"ft_order_side":"sell","order_filled_timestamp":1763766000000,"ft_is_entry":false,"ft_order_tag":"roi","cost":327.81573040432426}],"funding_fees":0.0,"weekday":4},{"pair":"DOGE/USDT","stake_amount":326.73362,"max_stake_amount":326.73362,"amount":2374.0,"open_date":"2025-11-22 05:00:00+00:00","close_date":"2025-11-22 07:00:00+00:00","open_rate":0.13763,"close_rate":0.13906,"fee_open":0.001,"fee_close":0.001,"trade_duration":120,"profit_ratio":0.008371414968813792,"profit_abs":2.73795794,"exit_reason":"roi","initial_stop_loss_abs":0.13075,"initial_stop_loss_ratio":-0.05,"stop_loss_abs":0.13075,"stop_loss_ratio":-0.05,"min_rate":0.13579,"max_rate":0.14016,"is_open":false,"enter_tag":"","leverage":1.0,"is_short":false,"open_timestamp":1763787600000,"close_timestamp":1763794800000,"orders":[{"amount":2374.0,"safe_price":0.13763,"ft_order_side":"buy","order_filled_timestamp":1763787600000,"ft_is_entry":true,"ft_order_tag":"","cost":327.06035362},{"amount":2374.0,"safe_price":0.13906,"ft_order_side":"sell","order_filled_timestamp":1763794800000,"ft_is_entry":false,"ft_order_tag":"roi","cost":330.4585684399999}],"funding_fees":0.0,"weekday":5},{"pair":"DOGE/USDT","stake_amount":327.6328,"max_stake_amount":327.6328,"amount":2402.0,"open_date":"2025-11-22 14:00:00+00:00","close_date":"2025-11-22 16:00:00+00:00","open_rate":0.1364,"close_rate":0.13816,"fee_open":0.001,"fee_close":0.001,"trade_duration":120,"profit_ratio":0.010879443137507655,"profit_abs":3.56802688,"exit_reason":"roi","initial_stop_loss_abs":0.12958,"initial_stop_loss_ratio":-0.05,"stop_loss_abs":0.12958,"stop_loss_ratio":-0.05,"min_rate":0.13632,"max_rate":0.13977,"is_open":false,"enter_tag":"","leverage":1.0,"is_short":false,"open_timestamp":1763820000000,"close_timestamp":1763827200000,"orders":[{"amount":2402.0,"safe_price":0.1364,"ft_order_side":"buy","order_filled_timestamp":1763820000000,"ft_is_entry":true,"ft_order_tag":"","cost":327.9604327999999},{"amount":2402.0,"safe_price":0.13816,"ft_order_side":"sell","order_filled_timestamp":1763827200000,"ft_is_entry":false,"ft_order_tag":"roi","cost":332.19218032}],"funding_fees":0.0,"weekday":5}],"locks":[],"best_pair":{"key":"DOGE/USDT","trades":14,"profit_mean":-0.0006095762860810477,"profit_mean_pct":-0.06,"profit_total_abs":-3.277644899999998,"profit_total":-0.0032776448999999983,"profit_total_pct":-0.33,"duration_avg":"1:56:00","wins":7,"draws":5,"losses":2,"winrate":0.5,"cagr":-0.012277669367978139,"expectancy":-0.23411749285714212,"expectancy_ratio":-0.3707630904400231,"sortino":-9.764522595119898,"sharpe":-0.0793951097165795,"calmar":-3.7699798607285113,"sqn":-0.1038,"profit_factor":0.9046583669198381,"max_drawdown_account":0.017123698324597925,"max_drawdown_abs":17.25506161},"worst_pair":{"key":"DOGE/USDT","trades":14,"profit_mean":-0.0006095762860810477,"profit_mean_pct":-0.06,"profit_total_abs":-3.277644899999998,"profit_total":-0.0032776448999999983,"profit_total_pct":-0.33,"duration_avg":"1:56:00","wins":7,"draws":5,"losses":2,"winrate":0.5,"cagr":-0.012277669367978139,"expectancy":-0.23411749285714212,"expectancy_ratio":-0.3707630904400231,"sortino":-9.764522595119898,"sharpe":-0.0793951097165795,"calmar":-3.7699798607285113,"sqn":-0.1038,"profit_factor":0.9046583669198381,"max_drawdown_account":0.017123698324597925,"max_drawdown_abs":17.25506161},"results_per_pair":[{"key":"DOGE/USDT","trades":14,"profit_mean":-0.0006095762860810477,"profit_mean_pct":-0.06,"profit_total_abs":-3.277644899999998,"profit_total":-0.0032776448999999983,"profit_total_pct":-0.33,"duration_avg":"1:56:00","wins":7,"draws":5,"losses":2,"winrate":0.5,"cagr":-0.012277669367978139,"expectancy":-0.23411749285714212,"expectancy_ratio":-0.3707630904400231,"sortino":-9.764522595119898,"sharpe":-0.0793951097165795,"calmar":-3.7699798607285113,"sqn":-0.1038,"profit_factor":0.9046583669198381,"max_drawdown_account":0.017123698324597925,"max_drawdown_abs":17.25506161},{"key":"TOTAL","trades":14,"profit_mean":-0.0006095762860810477,"profit_mean_pct":-0.06,"profit_total_abs":-3.277644899999998,"profit_total":-0.0032776448999999983,"profit_total_pct":-0.33,"duration_avg":"1:56:00","wins":7,"draws":5,"losses":2,"winrate":0.5,"cagr":-0.012277669367978139,"expectancy":-0.23411749285714212,"expectancy_ratio":-0.3707630904400231,"sortino":-9.764522595119898,"sharpe":-0.0793951097165795,"calmar":-3.7699798607285113,"sqn":-0.1038,"profit_factor":0.9046583669198381,"max_drawdown_account":0.017123698324597925,"max_drawdown_abs":17.25506161}],"results_per_enter_tag":[{"key":"","trades":14,"profit_mean":-0.0006095762860810477,"profit_mean_pct":-0.06,"profit_total_abs":-3.277644899999998,"profit_total":-0.0032776448999999983,"profit_total_pct":-0.33,"duration_avg":"1:56:00","wins":7,"draws":5,"losses":2,"winrate":0.5,"cagr":-0.012277669367978139,"expectancy":-0.23411749285714212,"expectancy_ratio":-0.3707630904400231,"sortino":-9.764522595119898,"sharpe":-0.0793951097165795,"calmar":-3.7699798607285113,"sqn":-0.1038,"profit_factor":0.9046583669198381,"max_drawdown_account":0.017123698324597925,"max_drawdown_abs":17.25506161},{"key":"TOTAL","trades":14,"profit_mean":-0.0006095762860810477,"profit_mean_pct":-0.06,"profit_total_abs":-3.277644899999998,"profit_total":-0.0032776448999999983,"profit_total_pct":-0.33,"duration_avg":"1:56:00","wins":7,"draws":5,"losses":2,"winrate":0.5,"cagr":-0.012277669367978139,"expectancy":-0.23411749285714212,"expectancy_ratio":-0.3707630904400231,"sortino":-9.764522595119898,"sharpe":-0.0793951097165795,"calmar":-3.7699798607285113,"sqn":-0.1038,"profit_factor":0.9046583669198381,"max_drawdown_account":0.017123698324597925,"max_drawdown_abs":17.25506161}],"exit_reason_summary":[{"key":"roi","trades":12,"profit_mean":0.007930716261418428,"profit_mean_pct":0.79,"profit_total_abs":31.100252710000003,"profit_total":0.03110025271,"profit_total_pct":3.11,"duration_avg":"1:55:00","wins":7,"draws":5,"losses":0,"winrate":0.5833333333333334,"cagr":0.12214700101003495,"expectancy":2.5916877258333337,"expectancy_ratio":100.0,"sortino":-100,"sharpe":1.3292781139875596,"calmar":-100,"sqn":1.8653,"profit_factor":0.0,"max_drawdown_account":0.0,"max_drawdown_abs":0.0},{"key":"stop_loss","trades":2,"profit_mean":-0.0518513315710779,"profit_mean_pct":-5.19,"profit_total_abs":-34.37789761,"profit_total":-0.03437789761,"profit_total_pct":-3.44,"duration_avg":"2:00:00","wins":0,"draws":0,"losses":2,"winrate":0.0,"cagr":-0.12333996484972654,"expectancy":-17.188948805,"expectancy_ratio":-1.0,"sortino":-102.41614580809647,"sharpe":-102.41614580809647,"calmar":-19.695848633549282,"sqn":-259.9942,"profit_factor":0.0,"max_drawdown_account":0.03437789760999999,"max_drawdown_abs":34.37789761},{"key":"TOTAL","trades":14,"profit_mean":-0.0006095762860810477,"profit_mean_pct":-0.06,"profit_total_abs":-3.277644899999998,"profit_total":-0.0032776448999999983,"profit_total_pct":-0.33,"duration_avg":"1:56:00","wins":7,"draws":5,"losses":2,"winrate":0.5,"cagr":-0.012277669367978139,"expectancy":-0.23411749285714212,"expectancy_ratio":-0.3707630904400231,"sortino":-9.764522595119898,"sharpe":-0.0793951097165795,"calmar":-3.7699798607285113,"sqn":-0.1038,"profit_factor":0.9046583669198381,"max_drawdown_account":0.017123698324597925,"max_drawdown_abs":17.25506161}],"mix_tag_stats":[{"key":["","roi"],"trades":12,"profit_mean":0.007930716261418428,"profit_mean_pct":0.79,"profit_total_abs":31.100252710000003,"profit_total":0.03110025271,"profit_total_pct":3.11,"duration_avg":"1:55:00","wins":7,"draws":5,"losses":0,"winrate":0.5833333333333334,"cagr":0.12214700101003495,"expectancy":2.5916877258333337,"expectancy_ratio":100.0,"sortino":-100,"sharpe":1.3292781139875596,"calmar":-100,"sqn":1.8653,"profit_factor":0.0,"max_drawdown_account":0.0,"max_drawdown_abs":0.0},{"key":["","stop_loss"],"trades":2,"profit_mean":-0.0518513315710779,"profit_mean_pct":-5.19,"profit_total_abs":-34.37789761,"profit_total":-0.03437789761,"profit_total_pct":-3.44,"duration_avg":"2:00:00","wins":0,"draws":0,"losses":2,"winrate":0.0,"cagr":-0.12333996484972654,"expectancy":-17.188948805,"expectancy_ratio":-1.0,"sortino":-102.41614580809647,"sharpe":-102.41614580809647,"calmar":-19.695848633549282,"sqn":-259.9942,"profit_factor":0.0,"max_drawdown_account":0.03437789760999999,"max_drawdown_abs":34.37789761},{"key":"TOTAL","trades":14,"profit_mean":-0.0006095762860810477,"profit_mean_pct":-0.06,"profit_total_abs":-3.277644899999998,"profit_total":-0.0032776448999999983,"profit_total_pct":-0.33,"duration_avg":"1:56:00","wins":7,"draws":5,"losses":2,"winrate":0.5,"cagr":-0.012277669367978139,"expectancy":-0.23411749285714212,"expectancy_ratio":-0.3707630904400231,"sortino":-9.764522595119898,"sharpe":-0.0793951097165795,"calmar":-3.7699798607285113,"sqn":-0.1038,"profit_factor":0.9046583669198381,"max_drawdown_account":0.017123698324597925,"max_drawdown_abs":17.25506161}],"left_open_trades":[{"key":"TOTAL","trades":0,"profit_mean":0.0,"profit_mean_pct":0.0,"profit_total_abs":0.0,"profit_total":0.0,"profit_total_pct":0.0,"duration_avg":"0:00","wins":0,"draws":0,"losses":0,"winrate":0.0,"cagr":0.0,"expectancy":0.0,"expectancy_ratio":100.0,"sortino":0,"sharpe":0,"calmar":0,"sqn":0.0,"profit_factor":0.0,"max_drawdown_account":0.0,"max_drawdown_abs":0.0}],"total_trades":14,"trade_count_long":14,"trade_count_short":0,"total_volume":9206.810039955053,"avg_stake_amount":328.27473071428574,"profit_mean":-0.0006095762860810477,"profit_median":3.742862026932965e-05,"profit_total":-0.0032776448999999983,"profit_total_long":-0.0032776448999999983,"profit_total_short":0.0,"profit_total_abs":-3.277644899999998,"profit_total_long_abs":-3.277644899999998,"profit_total_short_abs":0.0,"cagr":-0.012277669367978139,"expectancy":-0.23411749285714212,"expectancy_ratio":-0.3707630904400231,"sortino":-9.764522595119898,"sharpe":-0.0793951097165795,"calmar":-3.7699798607285113,"sqn":-0.1038,"profit_factor":0.9046583669198381,"backtest_start":"2025-10-01 00:00:00","backtest_start_ts":1759276800000,"backtest_end":"2026-01-06 20:00:00","backtest_end_ts":1767729600000,"backtest_days":97,"backtest_run_start_ts":1767747532,"backtest_run_end_ts":1767747533,"trades_per_day":0.14,"market_change":-0.36632086436227446,"pairlist":["DOGE/USDT"],"stake_amount":"unlimited","stake_currency":"USDT","stake_currency_decimals":3,"starting_balance":1000,"dry_run_wallet":1000,"final_balance":996.7223551,"rejected_signals":0,"timedout_entry_orders":0,"timedout_exit_orders":0,"canceled_trade_entries":0,"canceled_entry_orders":0,"replaced_entry_orders":0,"max_open_trades":1,"max_open_trades_setting":3,"timeframe":"1h","timeframe_detail":"","timerange":"20251001-","enable_protections":false,"strategy_name":"ACO_53_1","freqaimodel":null,"freqai_identifier":null,"stoploss":-0.05,"trailing_stop":false,"trailing_stop_positive":null,"trailing_stop_positive_offset":0.0,"trailing_only_offset_is_reached":false,"use_custom_stoploss":false,"minimal_roi":{"0":0.1,"60":0.05,"120":0.0},"use_exit_signal":true,"exit_profit_only":false,"exit_profit_offset":0.0,"ignore_roi_if_entry_signal":false,"trading_mode":"spot","margin_mode":"","periodic_breakdown":{"day":[{"date":"10/10/2025","date_ts":1760054400000,"profit_abs":-17.122836,"wins":0,"draws":0,"losses":1,"trades":1,"profit_factor":0.0},{"date":"11/10/2025","date_ts":1760140800000,"profit_abs":0.0,"wins":0,"draws":2,"losses":0,"trades":2,"profit_factor":0.0},{"date":"12/10/2025","date_ts":1760227200000,"profit_abs":16.21531,"wins":1,"draws":0,"losses":0,"trades":1,"profit_factor":0.0},{"date":"13/10/2025","date_ts":1760313600000,"profit_abs":0.0,"wins":0,"draws":0,"losses":0,"trades":0,"profit_factor":0.0},{"date":"14/10/2025","date_ts":1760400000000,"profit_abs":0.0,"wins":0,"draws":0,"losses":0,"trades":0,"profit_factor":0.0},{"date":"15/10/2025","date_ts":1760486400000,"profit_abs":0.0,"wins":0,"draws":0,"losses":0,"trades":0,"profit_factor":0.0},{"date":"16/10/2025","date_ts":1760572800000,"profit_abs":0.02469285,"wins":1,"draws":0,"losses":0,"trades":1,"profit_factor":0.0},{"date":"17/10/2025","date_ts":1760659200000,"profit_abs":0.0,"wins":0,"draws":0,"losses":0,"trades":0,"profit_factor":0.0},{"date":"18/10/2025","date_ts":1760745600000,"profit_abs":0.0,"wins":0,"draws":0,"losses":0,"trades":0,"profit_factor":0.0},{"date":"19/10/2025","date_ts":1760832000000,"profit_abs":0.0,"wins":0,"draws":0,"losses":0,"trades":0,"profit_factor":0.0},{"date":"20/10/2025","date_ts":1760918400000,"profit_abs":0.0,"wins":0,"draws":0,"losses":0,"trades":0,"profit_factor":0.0},{"date":"21/10/2025","date_ts":1761004800000,"profit_abs":0.0,"wins":0,"draws":0,"losses":0,"trades":0,"profit_factor":0.0},{"date":"22/10/2025","date_ts":1761091200000,"profit_abs":0.0,"wins":0,"draws":0,"losses":0,"trades":0,"profit_factor":0.0},{"date":"23/10/2025","date_ts":1761177600000,"profit_abs":0.0,"wins":0,"draws":0,"losses":0,"trades":0,"profit_factor":0.0},{"date":"24/10/2025","date_ts":1761264000000,"profit_abs":0.0,"wins":0,"draws":0,"losses":0,"trades":0,"profit_factor":0.0},{"date":"25/10/2025","date_ts":1761350400000,"profit_abs":0.0,"wins":0,"draws":0,"losses":0,"trades":0,"profit_factor":0.0},{"date":"26/10/2025","date_ts":1761436800000,"profit_abs":0.0,"wins":0,"draws":0,"losses":0,"trades":0,"profit_factor":0.0},{"date":"27/10/2025","date_ts":1761523200000,"profit_abs":0.0,"wins":0,"draws":0,"losses":0,"trades":0,"profit_factor":0.0},{"date":"28/10/2025","date_ts":1761609600000,"profit_abs":0.0,"wins":0,"draws":0,"losses":0,"trades":0,"profit_factor":0.0},{"date":"29/10/2025","date_ts":1761696000000,"profit_abs":0.0,"wins":0,"draws":0,"losses":0,"trades":0,"profit_factor":0.0},{"date":"30/10/2025","date_ts":1761782400000,"profit_abs":0.0,"wins":0,"draws":0,"losses":0,"trades":0,"profit_factor":0.0},{"date":"31/10/2025","date_ts":1761868800000,"profit_abs":0.0,"wins":0,"draws":0,"losses":0,"trades":0,"profit_factor":0.0},{"date":"01/11/2025","date_ts":1761955200000,"profit_abs":0.0,"wins":0,"draws":0,"losses":0,"trades":0,"profit_factor":0.0},{"date":"02/11/2025","date_ts":1762041600000,"profit_abs":0.0,"wins":0,"draws":0,"losses":0,"trades":0,"profit_factor":0.0},{"date":"03/11/2025","date_ts":1762128000000,"profit_abs":0.0,"wins":0,"draws":0,"losses":0,"trades":0,"profit_factor":0.0},{"date":"04/11/2025","date_ts":1762214400000,"profit_abs":1.2212574,"wins":1,"draws":1,"losses":0,"trades":2,"profit_factor":0.0},{"date":"05/11/2025","date_ts":1762300800000,"profit_abs":0.0,"wins":0,"draws":1,"losses":0,"trades":1,"profit_factor":0.0},{"date":"06/11/2025","date_ts":1762387200000,"profit_abs":0.0,"wins":0,"draws":0,"losses":0,"trades":0,"profit_factor":0.0},{"date":"07/11/2025","date_ts":1762473600000,"profit_abs":0.0,"wins":0,"draws":0,"losses":0,"trades":0,"profit_factor":0.0},{"date":"08/11/2025","date_ts":1762560000000,"profit_abs":0.0,"wins":0,"draws":0,"losses":0,"trades":0,"profit_factor":0.0},{"date":"09/11/2025","date_ts":1762646400000,"profit_abs":0.0,"wins":0,"draws":0,"losses":0,"trades":0,"profit_factor":0.0},{"date":"10/11/2025","date_ts":1762732800000,"profit_abs":0.0,"wins":0,"draws":0,"losses":0,"trades":0,"profit_factor":0.0},{"date":"11/11/2025","date_ts":1762819200000,"profit_abs":0.0,"wins":0,"draws":0,"losses":0,"trades":0,"profit_factor":0.0},{"date":"12/11/2025","date_ts":1762905600000,"profit_abs":0.0,"wins":0,"draws":0,"losses":0,"trades":0,"profit_factor":0.0},{"date":"13/11/2025","date_ts":1762992000000,"profit_abs":0.0,"wins":0,"draws":0,"losses":0,"trades":0,"profit_factor":0.0},{"date":"14/11/2025","date_ts":1763078400000,"profit_abs":0.21135552,"wins":1,"draws":0,"losses":0,"trades":1,"profit_factor":0.0},{"date":"15/11/2025","date_ts":1763164800000,"profit_abs":7.12165212,"wins":1,"draws":0,"losses":0,"trades":1,"profit_factor":0.0},{"date":"16/11/2025","date_ts":1763251200000,"profit_abs":0.0,"wins":0,"draws":0,"losses":0,"trades":0,"profit_factor":0.0},{"date":"17/11/2025","date_ts":1763337600000,"profit_abs":0.0,"wins":0,"draws":0,"losses":0,"trades":0,"profit_factor":0.0},{"date":"18/11/2025","date_ts":1763424000000,"profit_abs":0.0,"wins":0,"draws":0,"losses":0,"trades":0,"profit_factor":0.0},{"date":"19/11/2025","date_ts":1763510400000,"profit_abs":0.0,"wins":0,"draws":0,"losses":0,"trades":0,"profit_factor":0.0},{"date":"20/11/2025","date_ts":1763596800000,"profit_abs":0.0,"wins":0,"draws":0,"losses":0,"trades":0,"profit_factor":0.0},{"date":"21/11/2025","date_ts":1763683200000,"profit_abs":-17.25506161,"wins":0,"draws":1,"losses":1,"trades":2,"profit_factor":0.0},{"date":"22/11/2025","date_ts":1763769600000,"profit_abs":6.30598482,"wins":2,"draws":0,"losses":0,"trades":2,"profit_factor":0.0}],"week":[{"date":"13/10/2025","date_ts":1760313600000,"profit_abs":-0.907526,"wins":1,"draws":2,"losses":1,"trades":4,"profit_factor":0.94699908},{"date":"20/10/2025","date_ts":1760918400000,"profit_abs":0.02469285,"wins":1,"draws":0,"losses":0,"trades":1,"profit_factor":0.0},{"date":"27/10/2025","date_ts":1761523200000,"profit_abs":0.0,"wins":0,"draws":0,"losses":0,"trades":0,"profit_factor":0.0},{"date":"03/11/2025","date_ts":1762128000000,"profit_abs":0.0,"wins":0,"draws":0,"losses":0,"trades":0,"profit_factor":0.0},{"date":"10/11/2025","date_ts":1762732800000,"profit_abs":1.2212574,"wins":1,"draws":2,"losses":0,"trades":3,"profit_factor":0.0},{"date":"17/11/2025","date_ts":1763337600000,"profit_abs":7.33300764,"wins":2,"draws":0,"losses":0,"trades":2,"profit_factor":0.0},{"date":"24/11/2025","date_ts":1763942400000,"profit_abs":-10.94907679,"wins":2,"draws":1,"losses":1,"trades":4,"profit_factor":0.3654571}],"month":[{"date":"31/10/2025","date_ts":1761868800000,"profit_abs":-0.88283315,"wins":2,"draws":2,"losses":1,"trades":5,"profit_factor":0.94844118},{"date":"30/11/2025","date_ts":1764460800000,"profit_abs":-2.39481175,"wins":5,"draws":3,"losses":1,"trades":9,"profit_factor":0.86121106}],"year":[{"date":"31/12/2025","date_ts":1767139200000,"profit_abs":-3.2776449,"wins":7,"draws":5,"losses":2,"trades":14,"profit_factor":0.90465837}],"weekday":[{"date":"Tuesday","date_ts":1,"profit_abs":1.2212574,"wins":1,"draws":1,"losses":0,"trades":2,"profit_factor":0.0},{"date":"Wednesday","date_ts":2,"profit_abs":0.0,"wins":0,"draws":1,"losses":0,"trades":1,"profit_factor":0.0},{"date":"Thursday","date_ts":3,"profit_abs":0.02469285,"wins":1,"draws":0,"losses":0,"trades":1,"profit_factor":0.0},{"date":"Friday","date_ts":4,"profit_abs":-34.16654209,"wins":1,"draws":1,"losses":2,"trades":4,"profit_factor":0.00614801},{"date":"Saturday","date_ts":5,"profit_abs":13.42763694,"wins":3,"draws":2,"losses":0,"trades":5,"profit_factor":0.0},{"date":"Sunday","date_ts":6,"profit_abs":16.21531,"wins":1,"draws":0,"losses":0,"trades":1,"profit_factor":0.0}]},"backtest_best_day":0.049950049950049945,"backtest_worst_day":-0.0518578923091413,"backtest_best_day_abs":16.21531,"backtest_worst_day_abs":-17.25506161,"winning_days":6,"draw_days":36,"losing_days":2,"daily_profit":[["2025-10-10",-17.122836],["2025-10-11",0.0],["2025-10-12",16.21531],["2025-10-13",0.0],["2025-10-14",0.0],["2025-10-15",0.0],["2025-10-16",0.02469285],["2025-10-17",0.0],["2025-10-18",0.0],["2025-10-19",0.0],["2025-10-20",0.0],["2025-10-21",0.0],["2025-10-22",0.0],["2025-10-23",0.0],["2025-10-24",0.0],["2025-10-25",0.0],["2025-10-26",0.0],["2025-10-27",0.0],["2025-10-28",0.0],["2025-10-29",0.0],["2025-10-30",0.0],["2025-10-31",0.0],["2025-11-01",0.0],["2025-11-02",0.0],["2025-11-03",0.0],["2025-11-04",1.2212574],["2025-11-05",0.0],["2025-11-06",0.0],["2025-11-07",0.0],["2025-11-08",0.0],["2025-11-09",0.0],["2025-11-10",0.0],["2025-11-11",0.0],["2025-11-12",0.0],["2025-11-13",0.0],["2025-11-14",0.21135552],["2025-11-15",7.12165212],["2025-11-16",0.0],["2025-11-17",0.0],["2025-11-18",0.0],["2025-11-19",0.0],["2025-11-20",0.0],["2025-11-21",-17.25506161],["2025-11-22",6.30598482]],"wins":7,"losses":2,"draws":5,"winrate":0.5,"holding_avg":"1:56:00","holding_avg_s":6960.0,"winner_holding_min":"0d 01:00","winner_holding_min_s":3600.0,"winner_holding_max":"0d 02:00","winner_holding_max_s":7200.0,"winner_holding_avg":"0d 01:51","winner_holding_avg_s":6660.0,"loser_holding_min":"0d 00:00","loser_holding_min_s":0.0,"loser_holding_max":"0d 04:00","loser_holding_max_s":14400.0,"loser_holding_avg":"0d 02:00","loser_holding_avg_s":7200.0,"max_consecutive_wins":3,"max_consecutive_losses":3,"max_drawdown_account":0.017123698324597925,"max_relative_drawdown":0.017123698324597925,"max_drawdown_abs":17.25506161,"drawdown_start":"2025-11-15 02:00:00","drawdown_start_ts":1763172000000.0,"drawdown_end":"2025-11-21 12:00:00","drawdown_end_ts":1763726400000.0,"drawdown_duration":"6 days 10:00:00","drawdown_duration_s":554400.0,"max_drawdown_low":-9.58362972,"max_drawdown_high":7.671431889999999,"csum_min":982.877164,"csum_max":1007.67143189}},"strategy_comparison":[{"key":"ACO_53_1","trades":14,"profit_mean":-0.0006095762860810477,"profit_mean_pct":-0.06,"profit_total_abs":-3.277644899999998,"profit_total":-0.0032776448999999983,"profit_total_pct":-0.33,"duration_avg":"1:56:00","wins":7,"draws":5,"losses":2,"winrate":0.5,"cagr":-0.012277669367978139,"expectancy":-0.23411749285714212,"expectancy_ratio":-0.3707630904400231,"sortino":-9.764522595119898,"sharpe":-0.0793951097165795,"calmar":-3.7699798607285113,"sqn":-0.1038,"profit_factor":0.9046583669198381,"max_drawdown_account":0.017123698324597925,"max_drawdown_abs":"17.255"}]}