{"strategy":{"ACO_20_6":{"trades":[{"pair":"DOGE/USDT","stake_amount":329.8819,"max_stake_amount":329.8819,"amount":1319.0,"open_date":"2025-10-08 11:00:00+00:00","close_date":"2025-10-08 13:00:00+00:00","open_rate":0.2501,"close_rate":0.2523,"fee_open":0.001,"fee_close":0.001,"trade_duration":120,"profit_ratio":0.0067809040220075814,"profit_abs":2.2391344,"exit_reason":"roi","initial_stop_loss_abs":0.2376,"initial_stop_loss_ratio":-0.05,"stop_loss_abs":0.2376,"stop_loss_ratio":-0.05,"min_rate":0.2487,"max_rate":0.2535,"is_open":false,"enter_tag":"","leverage":1.0,"is_short":false,"open_timestamp":1759921200000,"close_timestamp":1759928400000,"orders":[{"amount":1319.0,"safe_price":0.2501,"ft_order_side":"buy","order_filled_timestamp":1759921200000,"ft_is_entry":true,"ft_order_tag":"","cost":330.21178189999995},{"amount":1319.0,"safe_price":0.2523,"ft_order_side":"sell","order_filled_timestamp":1759928400000,"ft_is_entry":false,"ft_order_tag":"roi","cost":333.11648369999995}],"funding_fees":0.0,"weekday":2},{"pair":"DOGE/USDT","stake_amount":330.58842,"max_stake_amount":330.58842,"amount":1662.0,"open_date":"2025-10-16 07:00:00+00:00","close_date":"2025-10-16 10:00:00+00:00","open_rate":0.19891,"close_rate":0.1993082182182182,"fee_open":0.001,"fee_close":0.001,"trade_duration":180,"profit_ratio":0.0,"profit_abs":0.0,"exit_reason":"roi","initial_stop_loss_abs":0.18897,"initial_stop_loss_ratio":-0.05,"stop_loss_abs":0.18897,"stop_loss_ratio":-0.05,"min_rate":0.19015,"max_rate":0.20062,"is_open":false,"enter_tag":"","leverage":1.0,"is_short":false,"open_timestamp":1760598000000,"close_timestamp":1760608800000,"orders":[{"amount":1662.0,"safe_price":0.19891,"ft_order_side":"buy","order_filled_timestamp":1760598000000,"ft_is_entry":true,"ft_order_tag":"","cost":330.91900841999995},{"amount":1662.0,"safe_price":0.1993082182182182,"ft_order_side":"sell","order_filled_timestamp":1760608800000,"ft_is_entry":false,"ft_order_tag":"roi","cost":331.58150893735734}],"funding_fees":0.0,"weekday":3},{"pair":"DOGE/USDT","stake_amount":330.67518,"max_stake_amount":330.67518,"amount":1686.0,"open_date":"2025-10-26 07:00:00+00:00","close_date":"2025-10-26 09:00:00+00:00","open_rate":0.19613,"close_rate":0.19709,"fee_open":0.001,"fee_close":0.001,"trade_duration":120,"profit_ratio":0.0028869310468249945,"profit_abs":0.95559108,"exit_reason":"roi","initial_stop_loss_abs":0.18633,"initial_stop_loss_ratio":-0.05,"stop_loss_abs":0.18633,"stop_loss_ratio":-0.05,"min_rate":0.19594,"max_rate":0.20094,"is_open":false,"enter_tag":"","leverage":1.0,"is_short":false,"open_timestamp":1761462000000,"close_timestamp":1761469200000,"orders":[{"amount":1686.0,"safe_price":0.19613,"ft_order_side":"buy","order_filled_timestamp":1761462000000,"ft_is_entry":true,"ft_order_tag":"","cost":331.00585517999997},{"amount":1686.0,"safe_price":0.19709,"ft_order_side":"sell","order_filled_timestamp":1761469200000,"ft_is_entry":false,"ft_order_tag":"roi","cost":332.6260337399999}],"funding_fees":0.0,"weekday":6},{"pair":"DOGE/USDT","stake_amount":330.9641,"max_stake_amount":330.9641,"amount":1901.0,"open_date":"2025-11-12 09:00:00+00:00","close_date":"2025-11-12 11:00:00+00:00","open_rate":0.1741,"close_rate":0.1764,"fee_open":0.001,"fee_close":0.001,"trade_duration":120,"profit_ratio":0.011186401192145017,"profit_abs":3.7059995,"exit_reason":"roi","initial_stop_loss_abs":0.1654,"initial_stop_loss_ratio":-0.05,"stop_loss_abs":0.1654,"stop_loss_ratio":-0.05,"min_rate":0.17404,"max_rate":0.17713,"is_open":false,"enter_tag":"","leverage":1.0,"is_short":false,"open_timestamp":1762938000000,"close_timestamp":1762945200000,"orders":[{"amount":1901.0,"safe_price":0.1741,"ft_order_side":"buy","order_filled_timestamp":1762938000000,"ft_is_entry":true,"ft_order_tag":"","cost":331.2950641},{"amount":1901.0,"safe_price":0.1764,"ft_order_side":"sell","order_filled_timestamp":1762945200000,"ft_is_entry":false,"ft_order_tag":"roi","cost":335.6717364}],"funding_fees":0.0,"weekday":2},{"pair":"DOGE/USDT","stake_amount":332.2148,"max_stake_amount":332.2148,"amount":2155.0,"open_date":"2025-11-19 22:00:00+00:00","close_date":"2025-11-20 00:00:00+00:00","open_rate":0.15416,"close_rate":0.15459,"fee_open":0.001,"fee_close":0.001,"trade_duration":120,"profit_ratio":0.000785734763420285,"profit_abs":0.26129375,"exit_reason":"roi","initial_stop_loss_abs":0.14646,"initial_stop_loss_ratio":-0.05,"stop_loss_abs":0.14646,"stop_loss_ratio":-0.05,"min_rate":0.15263,"max_rate":0.15538,"is_open":false,"enter_tag":"","leverage":1.0,"is_short":false,"open_timestamp":1763589600000,"close_timestamp":1763596800000,"orders":[{"amount":2155.0,"safe_price":0.15416,"ft_order_side":"buy","order_filled_timestamp":1763589600000,"ft_is_entry":true,"ft_order_tag":"","cost":332.54701479999994},{"amount":2155.0,"safe_price":0.15459,"ft_order_side":"sell","order_filled_timestamp":1763596800000,"ft_is_entry":false,"ft_order_tag":"roi","cost":333.47459145}],"funding_fees":0.0,"weekday":3},{"pair":"DOGE/USDT","stake_amount":332.26911,"max_stake_amount":332.26911,"amount":2169.0,"open_date":"2025-11-28 09:00:00+00:00","close_date":"2025-11-28 14:00:00+00:00","open_rate":0.15319,"close_rate":0.15349668668668665,"fee_open":0.001,"fee_close":0.001,"trade_duration":300,"profit_ratio":0.0,"profit_abs":0.0,"exit_reason":"roi","initial_stop_loss_abs":0.14554,"initial_stop_loss_ratio":-0.05,"stop_loss_abs":0.14554,"stop_loss_ratio":-0.05,"min_rate":0.14975,"max_rate":0.15395,"is_open":false,"enter_tag":"","leverage":1.0,"is_short":false,"open_timestamp":1764320400000,"close_timestamp":1764338400000,"orders":[{"amount":2169.0,"safe_price":0.15319,"ft_order_side":"buy","order_filled_timestamp":1764320400000,"ft_is_entry":true,"ft_order_tag":"","cost":332.60137911},{"amount":2169.0,"safe_price":0.15349668668668665,"ft_order_side":"sell","order_filled_timestamp":1764338400000,"ft_is_entry":false,"ft_order_tag":"roi","cost":333.26724773684674}],"funding_fees":0.0,"weekday":4},{"pair":"DOGE/USDT","stake_amount":332.2476,"max_stake_amount":332.2476,"amount":2460.0,"open_date":"2025-12-01 22:00:00+00:00","close_date":"2025-12-02 00:00:00+00:00","open_rate":0.13506,"close_rate":0.13546,"fee_open":0.001,"fee_close":0.001,"trade_duration":120,"profit_ratio":0.0009577273015744806,"profit_abs":0.3185208,"exit_reason":"roi","initial_stop_loss_abs":0.12831,"initial_stop_loss_ratio":-0.05,"stop_loss_abs":0.12831,"stop_loss_ratio":-0.05,"min_rate":0.13493,"max_rate":0.13663,"is_open":false,"enter_tag":"","leverage":1.0,"is_short":false,"open_timestamp":1764626400000,"close_timestamp":1764633600000,"orders":[{"amount":2460.0,"safe_price":0.13506,"ft_order_side":"buy","order_filled_timestamp":1764626400000,"ft_is_entry":true,"ft_order_tag":"","cost":332.5798476},{"amount":2460.0,"safe_price":0.13546,"ft_order_side":"sell","order_filled_timestamp":1764633600000,"ft_is_entry":false,"ft_order_tag":"roi","cost":333.5648316}],"funding_fees":0.0,"weekday":1},{"pair":"DOGE/USDT","stake_amount":332.423,"max_stake_amount":332.423,"amount":2275.0,"open_date":"2025-12-10 18:00:00+00:00","close_date":"2025-12-10 20:00:00+00:00","open_rate":0.14612,"close_rate":0.14753,"fee_open":0.001,"fee_close":0.001,"trade_duration":120,"profit_ratio":0.007632321141765434,"profit_abs":2.53969625,"exit_reason":"roi","initial_stop_loss_abs":0.13882,"initial_stop_loss_ratio":-0.05,"stop_loss_abs":0.13882,"stop_loss_ratio":-0.05,"min_rate":0.14541,"max_rate":0.15031,"is_open":false,"enter_tag":"","leverage":1.0,"is_short":false,"open_timestamp":1765389600000,"close_timestamp":1765396800000,"orders":[{"amount":2275.0,"safe_price":0.14612,"ft_order_side":"buy","order_filled_timestamp":1765389600000,"ft_is_entry":true,"ft_order_tag":"","cost":332.75542299999995},{"amount":2275.0,"safe_price":0.14753,"ft_order_side":"sell","order_filled_timestamp":1765396800000,"ft_is_entry":false,"ft_order_tag":"roi","cost":335.9663807499999}],"funding_fees":0.0,"weekday":2},{"pair":"DOGE/USDT","stake_amount":333.27684,"max_stake_amount":333.27684,"amount":2414.0,"open_date":"2025-12-11 19:00:00+00:00","close_date":"2025-12-11 21:00:00+00:00","open_rate":0.13806,"close_rate":0.14006,"fee_open":0.001,"fee_close":0.001,"trade_duration":120,"profit_ratio":0.012459509200056788,"profit_abs":4.15661832,"exit_reason":"roi","initial_stop_loss_abs":0.13116,"initial_stop_loss_ratio":-0.05,"stop_loss_abs":0.13116,"stop_loss_ratio":-0.05,"min_rate":0.13787,"max_rate":0.14281,"is_open":false,"enter_tag":"","leverage":1.0,"is_short":false,"open_timestamp":1765479600000,"close_timestamp":1765486800000,"orders":[{"amount":2414.0,"safe_price":0.13806,"ft_order_side":"buy","order_filled_timestamp":1765479600000,"ft_is_entry":true,"ft_order_tag":"","cost":333.61011683999993},{"amount":2414.0,"safe_price":0.14006,"ft_order_side":"sell","order_filled_timestamp":1765486800000,"ft_is_entry":false,"ft_order_tag":"roi","cost":338.44294483999994}],"funding_fees":0.0,"weekday":3},{"pair":"DOGE/USDT","stake_amount":334.62912,"max_stake_amount":334.62912,"amount":2478.0,"open_date":"2025-12-15 01:00:00+00:00","close_date":"2025-12-15 03:00:00+00:00","open_rate":0.13504,"close_rate":0.13662,"fee_open":0.001,"fee_close":0.001,"trade_duration":120,"profit_ratio":0.009678857871985833,"profit_abs":3.24206652,"exit_reason":"roi","initial_stop_loss_abs":0.12829,"initial_stop_loss_ratio":-0.05,"stop_loss_abs":0.12829,"stop_loss_ratio":-0.05,"min_rate":0.13485,"max_rate":0.13845,"is_open":false,"enter_tag":"","leverage":1.0,"is_short":false,"open_timestamp":1765760400000,"close_timestamp":1765767600000,"orders":[{"amount":2478.0,"safe_price":0.13504,"ft_order_side":"buy","order_filled_timestamp":1765760400000,"ft_is_entry":true,"ft_order_tag":"","cost":334.96374912},{"amount":2478.0,"safe_price":0.13662,"ft_order_side":"sell","order_filled_timestamp":1765767600000,"ft_is_entry":false,"ft_order_tag":"roi","cost":338.88290435999994}],"funding_fees":0.0,"weekday":0},{"pair":"DOGE/USDT","stake_amount":335.68368,"max_stake_amount":335.68368,"amount":2708.0,"open_date":"2025-12-28 23:00:00+00:00","close_date":"2025-12-29 01:00:00+00:00","open_rate":0.12396,"close_rate":0.12514,"fee_open":0.001,"fee_close":0.001,"trade_duration":120,"profit_ratio":0.007502178363746612,"profit_abs":2.5208772,"exit_reason":"roi","initial_stop_loss_abs":0.11777,"initial_stop_loss_ratio":-0.05,"stop_loss_abs":0.11777,"stop_loss_ratio":-0.05,"min_rate":0.12324,"max_rate":0.12604,"is_open":false,"enter_tag":"","leverage":1.0,"is_short":false,"open_timestamp":1766962800000,"close_timestamp":1766970000000,"orders":[{"amount":2708.0,"safe_price":0.12396,"ft_order_side":"buy","order_filled_timestamp":1766962800000,"ft_is_entry":true,"ft_order_tag":"","cost":336.01936367999997},{"amount":2708.0,"safe_price":0.12514,"ft_order_side":"sell","order_filled_timestamp":1766970000000,"ft_is_entry":false,"ft_order_tag":"roi","cost":339.21799911999994}],"funding_fees":0.0,"weekday":0}],"locks":[],"best_pair":{"key":"DOGE/USDT","trades":11,"profit_mean":0.005442778627593365,"profit_mean_pct":0.54,"profit_total_abs":19.939797820000003,"profit_total":0.019939797820000004,"profit_total_pct":1.99,"duration_avg":"2:22:00","wins":9,"draws":2,"losses":0,"winrate":0.8181818181818182,"cagr":0.07712229382481017,"expectancy":1.812708892727273,"expectancy_ratio":100.0,"sortino":-100,"sharpe":2.6434636742339332,"calmar":-100,"sqn":3.8584,"profit_factor":0.0,"max_drawdown_account":0.0,"max_drawdown_abs":0.0},"worst_pair":{"key":"DOGE/USDT","trades":11,"profit_mean":0.005442778627593365,"profit_mean_pct":0.54,"profit_total_abs":19.939797820000003,"profit_total":0.019939797820000004,"profit_total_pct":1.99,"duration_avg":"2:22:00","wins":9,"draws":2,"losses":0,"winrate":0.8181818181818182,"cagr":0.07712229382481017,"expectancy":1.812708892727273,"expectancy_ratio":100.0,"sortino":-100,"sharpe":2.6434636742339332,"calmar":-100,"sqn":3.8584,"profit_factor":0.0,"max_drawdown_account":0.0,"max_drawdown_abs":0.0},"results_per_pair":[{"key":"DOGE/USDT","trades":11,"profit_mean":0.005442778627593365,"profit_mean_pct":0.54,"profit_total_abs":19.939797820000003,"profit_total":0.019939797820000004,"profit_total_pct":1.99,"duration_avg":"2:22:00","wins":9,"draws":2,"losses":0,"winrate":0.8181818181818182,"cagr":0.07712229382481017,"expectancy":1.812708892727273,"expectancy_ratio":100.0,"sortino":-100,"sharpe":2.6434636742339332,"calmar":-100,"sqn":3.8584,"profit_factor":0.0,"max_drawdown_account":0.0,"max_drawdown_abs":0.0},{"key":"TOTAL","trades":11,"profit_mean":0.005442778627593365,"profit_mean_pct":0.54,"profit_total_abs":19.939797820000003,"profit_total":0.019939797820000004,"profit_total_pct":1.99,"duration_avg":"2:22:00","wins":9,"draws":2,"losses":0,"winrate":0.8181818181818182,"cagr":0.07712229382481017,"expectancy":1.812708892727273,"expectancy_ratio":100.0,"sortino":-100,"sharpe":2.6434636742339332,"calmar":-100,"sqn":3.8584,"profit_factor":0.0,"max_drawdown_account":0.0,"max_drawdown_abs":0.0}],"results_per_enter_tag":[{"key":"","trades":11,"profit_mean":0.005442778627593365,"profit_mean_pct":0.54,"profit_total_abs":19.939797820000003,"profit_total":0.019939797820000004,"profit_total_pct":1.99,"duration_avg":"2:22:00","wins":9,"draws":2,"losses":0,"winrate":0.8181818181818182,"cagr":0.07712229382481017,"expectancy":1.812708892727273,"expectancy_ratio":100.0,"sortino":-100,"sharpe":2.6434636742339332,"calmar":-100,"sqn":3.8584,"profit_factor":0.0,"max_drawdown_account":0.0,"max_drawdown_abs":0.0},{"key":"TOTAL","trades":11,"profit_mean":0.005442778627593365,"profit_mean_pct":0.54,"profit_total_abs":19.939797820000003,"profit_total":0.019939797820000004,"profit_total_pct":1.99,"duration_avg":"2:22:00","wins":9,"draws":2,"losses":0,"winrate":0.8181818181818182,"cagr":0.07712229382481017,"expectancy":1.812708892727273,"expectancy_ratio":100.0,"sortino":-100,"sharpe":2.6434636742339332,"calmar":-100,"sqn":3.8584,"profit_factor":0.0,"max_drawdown_account":0.0,"max_drawdown_abs":0.0}],"exit_reason_summary":[{"key":"roi","trades":11,"profit_mean":0.005442778627593365,"profit_mean_pct":0.54,"profit_total_abs":19.939797820000003,"profit_total":0.019939797820000004,"profit_total_pct":1.99,"duration_avg":"2:22:00","wins":9,"draws":2,"losses":0,"winrate":0.8181818181818182,"cagr":0.07712229382481017,"expectancy":1.812708892727273,"expectancy_ratio":100.0,"sortino":-100,"sharpe":2.6434636742339332,"calmar":-100,"sqn":3.8584,"profit_factor":0.0,"max_drawdown_account":0.0,"max_drawdown_abs":0.0},{"key":"TOTAL","trades":11,"profit_mean":0.005442778627593365,"profit_mean_pct":0.54,"profit_total_abs":19.939797820000003,"profit_total":0.019939797820000004,"profit_total_pct":1.99,"duration_avg":"2:22:00","wins":9,"draws":2,"losses":0,"winrate":0.8181818181818182,"cagr":0.07712229382481017,"expectancy":1.812708892727273,"expectancy_ratio":100.0,"sortino":-100,"sharpe":2.6434636742339332,"calmar":-100,"sqn":3.8584,"profit_factor":0.0,"max_drawdown_account":0.0,"max_drawdown_abs":0.0}],"mix_tag_stats":[{"key":["","roi"],"trades":11,"profit_mean":0.005442778627593365,"profit_mean_pct":0.54,"profit_total_abs":19.939797820000003,"profit_total":0.019939797820000004,"profit_total_pct":1.99,"duration_avg":"2:22:00","wins":9,"draws":2,"losses":0,"winrate":0.8181818181818182,"cagr":0.07712229382481017,"expectancy":1.812708892727273,"expectancy_ratio":100.0,"sortino":-100,"sharpe":2.6434636742339332,"calmar":-100,"sqn":3.8584,"profit_factor":0.0,"max_drawdown_account":0.0,"max_drawdown_abs":0.0},{"key":"TOTAL","trades":11,"profit_mean":0.005442778627593365,"profit_mean_pct":0.54,"profit_total_abs":19.939797820000003,"profit_total":0.019939797820000004,"profit_total_pct":1.99,"duration_avg":"2:22:00","wins":9,"draws":2,"losses":0,"winrate":0.8181818181818182,"cagr":0.07712229382481017,"expectancy":1.812708892727273,"expectancy_ratio":100.0,"sortino":-100,"sharpe":2.6434636742339332,"calmar":-100,"sqn":3.8584,"profit_factor":0.0,"max_drawdown_account":0.0,"max_drawdown_abs":0.0}],"left_open_trades":[{"key":"TOTAL","trades":0,"profit_mean":0.0,"profit_mean_pct":0.0,"profit_total_abs":0.0,"profit_total":0.0,"profit_total_pct":0.0,"duration_avg":"0:00","wins":0,"draws":0,"losses":0,"winrate":0.0,"cagr":0.0,"expectancy":0.0,"expectancy_ratio":100.0,"sortino":0,"sharpe":0,"calmar":0,"sqn":0.0,"profit_factor":0.0,"max_drawdown_account":0.0,"max_drawdown_abs":0.0}],"total_trades":11,"trade_count_long":11,"trade_count_short":0,"total_volume":7344.321266384203,"avg_stake_amount":332.2594318181818,"profit_mean":0.005442778627593365,"profit_median":0.0067809040220075814,"profit_total":0.019939797820000004,"profit_total_long":0.019939797820000004,"profit_total_short":0.0,"profit_total_abs":19.939797820000003,"profit_total_long_abs":19.939797820000003,"profit_total_short_abs":0.0,"cagr":0.07712229382481017,"expectancy":1.812708892727273,"expectancy_ratio":100.0,"sortino":-100,"sharpe":2.6434636742339332,"calmar":-100,"sqn":3.8584,"profit_factor":0.0,"backtest_start":"2025-10-01 00:00:00","backtest_start_ts":1759276800000,"backtest_end":"2026-01-06 20:00:00","backtest_end_ts":1767729600000,"backtest_days":97,"backtest_run_start_ts":1767738511,"backtest_run_end_ts":1767738511,"trades_per_day":0.11,"market_change":-0.36632086436227446,"pairlist":["DOGE/USDT"],"stake_amount":"unlimited","stake_currency":"USDT","stake_currency_decimals":3,"starting_balance":1000,"dry_run_wallet":1000,"final_balance":1019.93979782,"rejected_signals":0,"timedout_entry_orders":0,"timedout_exit_orders":0,"canceled_trade_entries":0,"canceled_entry_orders":0,"replaced_entry_orders":0,"max_open_trades":1,"max_open_trades_setting":3,"timeframe":"1h","timeframe_detail":"","timerange":"20251001-","enable_protections":false,"strategy_name":"ACO_20_6","freqaimodel":null,"freqai_identifier":null,"stoploss":-0.05,"trailing_stop":false,"trailing_stop_positive":null,"trailing_stop_positive_offset":0.0,"trailing_only_offset_is_reached":false,"use_custom_stoploss":false,"minimal_roi":{"0":0.1,"60":0.05,"120":0.0},"use_exit_signal":true,"exit_profit_only":false,"exit_profit_offset":0.0,"ignore_roi_if_entry_signal":false,"trading_mode":"spot","margin_mode":"","periodic_breakdown":{"day":[{"date":"08/10/2025","date_ts":1759881600000,"profit_abs":2.2391344,"wins":1,"draws":0,"losses":0,"trades":1,"profit_factor":0.0},{"date":"09/10/2025","date_ts":1759968000000,"profit_abs":0.0,"wins":0,"draws":0,"losses":0,"trades":0,"profit_factor":0.0},{"date":"10/10/2025","date_ts":1760054400000,"profit_abs":0.0,"wins":0,"draws":0,"losses":0,"trades":0,"profit_factor":0.0},{"date":"11/10/2025","date_ts":1760140800000,"profit_abs":0.0,"wins":0,"draws":0,"losses":0,"trades":0,"profit_factor":0.0},{"date":"12/10/2025","date_ts":1760227200000,"profit_abs":0.0,"wins":0,"draws":0,"losses":0,"trades":0,"profit_factor":0.0},{"date":"13/10/2025","date_ts":1760313600000,"profit_abs":0.0,"wins":0,"draws":0,"losses":0,"trades":0,"profit_factor":0.0},{"date":"14/10/2025","date_ts":1760400000000,"profit_abs":0.0,"wins":0,"draws":0,"losses":0,"trades":0,"profit_factor":0.0},{"date":"15/10/2025","date_ts":1760486400000,"profit_abs":0.0,"wins":0,"draws":0,"losses":0,"trades":0,"profit_factor":0.0},{"date":"16/10/2025","date_ts":1760572800000,"profit_abs":0.0,"wins":0,"draws":1,"losses":0,"trades":1,"profit_factor":0.0},{"date":"17/10/2025","date_ts":1760659200000,"profit_abs":0.0,"wins":0,"draws":0,"losses":0,"trades":0,"profit_factor":0.0},{"date":"18/10/2025","date_ts":1760745600000,"profit_abs":0.0,"wins":0,"draws":0,"losses":0,"trades":0,"profit_factor":0.0},{"date":"19/10/2025","date_ts":1760832000000,"profit_abs":0.0,"wins":0,"draws":0,"losses":0,"trades":0,"profit_factor":0.0},{"date":"20/10/2025","date_ts":1760918400000,"profit_abs":0.0,"wins":0,"draws":0,"losses":0,"trades":0,"profit_factor":0.0},{"date":"21/10/2025","date_ts":1761004800000,"profit_abs":0.0,"wins":0,"draws":0,"losses":0,"trades":0,"profit_factor":0.0},{"date":"22/10/2025","date_ts":1761091200000,"profit_abs":0.0,"wins":0,"draws":0,"losses":0,"trades":0,"profit_factor":0.0},{"date":"23/10/2025","date_ts":1761177600000,"profit_abs":0.0,"wins":0,"draws":0,"losses":0,"trades":0,"profit_factor":0.0},{"date":"24/10/2025","date_ts":1761264000000,"profit_abs":0.0,"wins":0,"draws":0,"losses":0,"trades":0,"profit_factor":0.0},{"date":"25/10/2025","date_ts":1761350400000,"profit_abs":0.0,"wins":0,"draws":0,"losses":0,"trades":0,"profit_factor":0.0},{"date":"26/10/2025","date_ts":1761436800000,"profit_abs":0.95559108,"wins":1,"draws":0,"losses":0,"trades":1,"profit_factor":0.0},{"date":"27/10/2025","date_ts":1761523200000,"profit_abs":0.0,"wins":0,"draws":0,"losses":0,"trades":0,"profit_factor":0.0},{"date":"28/10/2025","date_ts":1761609600000,"profit_abs":0.0,"wins":0,"draws":0,"losses":0,"trades":0,"profit_factor":0.0},{"date":"29/10/2025","date_ts":1761696000000,"profit_abs":0.0,"wins":0,"draws":0,"losses":0,"trades":0,"profit_factor":0.0},{"date":"30/10/2025","date_ts":1761782400000,"profit_abs":0.0,"wins":0,"draws":0,"losses":0,"trades":0,"profit_factor":0.0},{"date":"31/10/2025","date_ts":1761868800000,"profit_abs":0.0,"wins":0,"draws":0,"losses":0,"trades":0,"profit_factor":0.0},{"date":"01/11/2025","date_ts":1761955200000,"profit_abs":0.0,"wins":0,"draws":0,"losses":0,"trades":0,"profit_factor":0.0},{"date":"02/11/2025","date_ts":1762041600000,"profit_abs":0.0,"wins":0,"draws":0,"losses":0,"trades":0,"profit_factor":0.0},{"date":"03/11/2025","date_ts":1762128000000,"profit_abs":0.0,"wins":0,"draws":0,"losses":0,"trades":0,"profit_factor":0.0},{"date":"04/11/2025","date_ts":1762214400000,"profit_abs":0.0,"wins":0,"draws":0,"losses":0,"trades":0,"profit_factor":0.0},{"date":"05/11/2025","date_ts":1762300800000,"profit_abs":0.0,"wins":0,"draws":0,"losses":0,"trades":0,"profit_factor":0.0},{"date":"06/11/2025","date_ts":1762387200000,"profit_abs":0.0,"wins":0,"draws":0,"losses":0,"trades":0,"profit_factor":0.0},{"date":"07/11/2025","date_ts":1762473600000,"profit_abs":0.0,"wins":0,"draws":0,"losses":0,"trades":0,"profit_factor":0.0},{"date":"08/11/2025","date_ts":1762560000000,"profit_abs":0.0,"wins":0,"draws":0,"losses":0,"trades":0,"profit_factor":0.0},{"date":"09/11/2025","date_ts":1762646400000,"profit_abs":0.0,"wins":0,"draws":0,"losses":0,"trades":0,"profit_factor":0.0},{"date":"10/11/2025","date_ts":1762732800000,"profit_abs":0.0,"wins":0,"draws":0,"losses":0,"trades":0,"profit_factor":0.0},{"date":"11/11/2025","date_ts":1762819200000,"profit_abs":0.0,"wins":0,"draws":0,"losses":0,"trades":0,"profit_factor":0.0},{"date":"12/11/2025","date_ts":1762905600000,"profit_abs":3.7059995,"wins":1,"draws":0,"losses":0,"trades":1,"profit_factor":0.0},{"date":"13/11/2025","date_ts":1762992000000,"profit_abs":0.0,"wins":0,"draws":0,"losses":0,"trades":0,"profit_factor":0.0},{"date":"14/11/2025","date_ts":1763078400000,"profit_abs":0.0,"wins":0,"draws":0,"losses":0,"trades":0,"profit_factor":0.0},{"date":"15/11/2025","date_ts":1763164800000,"profit_abs":0.0,"wins":0,"draws":0,"losses":0,"trades":0,"profit_factor":0.0},{"date":"16/11/2025","date_ts":1763251200000,"profit_abs":0.0,"wins":0,"draws":0,"losses":0,"trades":0,"profit_factor":0.0},{"date":"17/11/2025","date_ts":1763337600000,"profit_abs":0.0,"wins":0,"draws":0,"losses":0,"trades":0,"profit_factor":0.0},{"date":"18/11/2025","date_ts":1763424000000,"profit_abs":0.0,"wins":0,"draws":0,"losses":0,"trades":0,"profit_factor":0.0},{"date":"19/11/2025","date_ts":1763510400000,"profit_abs":0.0,"wins":0,"draws":0,"losses":0,"trades":0,"profit_factor":0.0},{"date":"20/11/2025","date_ts":1763596800000,"profit_abs":0.26129375,"wins":1,"draws":0,"losses":0,"trades":1,"profit_factor":0.0},{"date":"21/11/2025","date_ts":1763683200000,"profit_abs":0.0,"wins":0,"draws":0,"losses":0,"trades":0,"profit_factor":0.0},{"date":"22/11/2025","date_ts":1763769600000,"profit_abs":0.0,"wins":0,"draws":0,"losses":0,"trades":0,"profit_factor":0.0},{"date":"23/11/2025","date_ts":1763856000000,"profit_abs":0.0,"wins":0,"draws":0,"losses":0,"trades":0,"profit_factor":0.0},{"date":"24/11/2025","date_ts":1763942400000,"profit_abs":0.0,"wins":0,"draws":0,"losses":0,"trades":0,"profit_factor":0.0},{"date":"25/11/2025","date_ts":1764028800000,"profit_abs":0.0,"wins":0,"draws":0,"losses":0,"trades":0,"profit_factor":0.0},{"date":"26/11/2025","date_ts":1764115200000,"profit_abs":0.0,"wins":0,"draws":0,"losses":0,"trades":0,"profit_factor":0.0},{"date":"27/11/2025","date_ts":1764201600000,"profit_abs":0.0,"wins":0,"draws":0,"losses":0,"trades":0,"profit_factor":0.0},{"date":"28/11/2025","date_ts":1764288000000,"profit_abs":0.0,"wins":0,"draws":1,"losses":0,"trades":1,"profit_factor":0.0},{"date":"29/11/2025","date_ts":1764374400000,"profit_abs":0.0,"wins":0,"draws":0,"losses":0,"trades":0,"profit_factor":0.0},{"date":"30/11/2025","date_ts":1764460800000,"profit_abs":0.0,"wins":0,"draws":0,"losses":0,"trades":0,"profit_factor":0.0},{"date":"01/12/2025","date_ts":1764547200000,"profit_abs":0.0,"wins":0,"draws":0,"losses":0,"trades":0,"profit_factor":0.0},{"date":"02/12/2025","date_ts":1764633600000,"profit_abs":0.3185208,"wins":1,"draws":0,"losses":0,"trades":1,"profit_factor":0.0},{"date":"03/12/2025","date_ts":1764720000000,"profit_abs":0.0,"wins":0,"draws":0,"losses":0,"trades":0,"profit_factor":0.0},{"date":"04/12/2025","date_ts":1764806400000,"profit_abs":0.0,"wins":0,"draws":0,"losses":0,"trades":0,"profit_factor":0.0},{"date":"05/12/2025","date_ts":1764892800000,"profit_abs":0.0,"wins":0,"draws":0,"losses":0,"trades":0,"profit_factor":0.0},{"date":"06/12/2025","date_ts":1764979200000,"profit_abs":0.0,"wins":0,"draws":0,"losses":0,"trades":0,"profit_factor":0.0},{"date":"07/12/2025","date_ts":1765065600000,"profit_abs":0.0,"wins":0,"draws":0,"losses":0,"trades":0,"profit_factor":0.0},{"date":"08/12/2025","date_ts":1765152000000,"profit_abs":0.0,"wins":0,"draws":0,"losses":0,"trades":0,"profit_factor":0.0},{"date":"09/12/2025","date_ts":1765238400000,"profit_abs":0.0,"wins":0,"draws":0,"losses":0,"trades":0,"profit_factor":0.0},{"date":"10/12/2025","date_ts":1765324800000,"profit_abs":2.53969625,"wins":1,"draws":0,"losses":0,"trades":1,"profit_factor":0.0},{"date":"11/12/2025","date_ts":1765411200000,"profit_abs":4.15661832,"wins":1,"draws":0,"losses":0,"trades":1,"profit_factor":0.0},{"date":"12/12/2025","date_ts":1765497600000,"profit_abs":0.0,"wins":0,"draws":0,"losses":0,"trades":0,"profit_factor":0.0},{"date":"13/12/2025","date_ts":1765584000000,"profit_abs":0.0,"wins":0,"draws":0,"losses":0,"trades":0,"profit_factor":0.0},{"date":"14/12/2025","date_ts":1765670400000,"profit_abs":0.0,"wins":0,"draws":0,"losses":0,"trades":0,"profit_factor":0.0},{"date":"15/12/2025","date_ts":1765756800000,"profit_abs":3.24206652,"wins":1,"draws":0,"losses":0,"trades":1,"profit_factor":0.0},{"date":"16/12/2025","date_ts":1765843200000,"profit_abs":0.0,"wins":0,"draws":0,"losses":0,"trades":0,"profit_factor":0.0},{"date":"17/12/2025","date_ts":1765929600000,"profit_abs":0.0,"wins":0,"draws":0,"losses":0,"trades":0,"profit_factor":0.0},{"date":"18/12/2025","date_ts":1766016000000,"profit_abs":0.0,"wins":0,"draws":0,"losses":0,"trades":0,"profit_factor":0.0},{"date":"19/12/2025","date_ts":1766102400000,"profit_abs":0.0,"wins":0,"draws":0,"losses":0,"trades":0,"profit_factor":0.0},{"date":"20/12/2025","date_ts":1766188800000,"profit_abs":0.0,"wins":0,"draws":0,"losses":0,"trades":0,"profit_factor":0.0},{"date":"21/12/2025","date_ts":1766275200000,"profit_abs":0.0,"wins":0,"draws":0,"losses":0,"trades":0,"profit_factor":0.0},{"date":"22/12/2025","date_ts":1766361600000,"profit_abs":0.0,"wins":0,"draws":0,"losses":0,"trades":0,"profit_factor":0.0},{"date":"23/12/2025","date_ts":1766448000000,"profit_abs":0.0,"wins":0,"draws":0,"losses":0,"trades":0,"profit_factor":0.0},{"date":"24/12/2025","date_ts":1766534400000,"profit_abs":0.0,"wins":0,"draws":0,"losses":0,"trades":0,"profit_factor":0.0},{"date":"25/12/2025","date_ts":1766620800000,"profit_abs":0.0,"wins":0,"draws":0,"losses":0,"trades":0,"profit_factor":0.0},{"date":"26/12/2025","date_ts":1766707200000,"profit_abs":0.0,"wins":0,"draws":0,"losses":0,"trades":0,"profit_factor":0.0},{"date":"27/12/2025","date_ts":1766793600000,"profit_abs":0.0,"wins":0,"draws":0,"losses":0,"trades":0,"profit_factor":0.0},{"date":"28/12/2025","date_ts":1766880000000,"profit_abs":0.0,"wins":0,"draws":0,"losses":0,"trades":0,"profit_factor":0.0},{"date":"29/12/2025","date_ts":1766966400000,"profit_abs":2.5208772,"wins":1,"draws":0,"losses":0,"trades":1,"profit_factor":0.0}],"week":[{"date":"13/10/2025","date_ts":1760313600000,"profit_abs":2.2391344,"wins":1,"draws":0,"losses":0,"trades":1,"profit_factor":0.0},{"date":"20/10/2025","date_ts":1760918400000,"profit_abs":0.0,"wins":0,"draws":1,"losses":0,"trades":1,"profit_factor":0.0},{"date":"27/10/2025","date_ts":1761523200000,"profit_abs":0.95559108,"wins":1,"draws":0,"losses":0,"trades":1,"profit_factor":0.0},{"date":"03/11/2025","date_ts":1762128000000,"profit_abs":0.0,"wins":0,"draws":0,"losses":0,"trades":0,"profit_factor":0.0},{"date":"10/11/2025","date_ts":1762732800000,"profit_abs":0.0,"wins":0,"draws":0,"losses":0,"trades":0,"profit_factor":0.0},{"date":"17/11/2025","date_ts":1763337600000,"profit_abs":3.7059995,"wins":1,"draws":0,"losses":0,"trades":1,"profit_factor":0.0},{"date":"24/11/2025","date_ts":1763942400000,"profit_abs":0.26129375,"wins":1,"draws":0,"losses":0,"trades":1,"profit_factor":0.0},{"date":"01/12/2025","date_ts":1764547200000,"profit_abs":0.0,"wins":0,"draws":1,"losses":0,"trades":1,"profit_factor":0.0},{"date":"08/12/2025","date_ts":1765152000000,"profit_abs":0.3185208,"wins":1,"draws":0,"losses":0,"trades":1,"profit_factor":0.0},{"date":"15/12/2025","date_ts":1765756800000,"profit_abs":9.93838109,"wins":3,"draws":0,"losses":0,"trades":3,"profit_factor":0.0},{"date":"22/12/2025","date_ts":1766361600000,"profit_abs":0.0,"wins":0,"draws":0,"losses":0,"trades":0,"profit_factor":0.0},{"date":"29/12/2025","date_ts":1766966400000,"profit_abs":2.5208772,"wins":1,"draws":0,"losses":0,"trades":1,"profit_factor":0.0}],"month":[{"date":"31/10/2025","date_ts":1761868800000,"profit_abs":3.19472548,"wins":2,"draws":1,"losses":0,"trades":3,"profit_factor":0.0},{"date":"30/11/2025","date_ts":1764460800000,"profit_abs":3.96729325,"wins":2,"draws":1,"losses":0,"trades":3,"profit_factor":0.0},{"date":"31/12/2025","date_ts":1767139200000,"profit_abs":12.77777909,"wins":5,"draws":0,"losses":0,"trades":5,"profit_factor":0.0}],"year":[{"date":"31/12/2025","date_ts":1767139200000,"profit_abs":19.93979782,"wins":9,"draws":2,"losses":0,"trades":11,"profit_factor":0.0}],"weekday":[{"date":"Monday","date_ts":0,"profit_abs":5.76294372,"wins":2,"draws":0,"losses":0,"trades":2,"profit_factor":0.0},{"date":"Tuesday","date_ts":1,"profit_abs":0.3185208,"wins":1,"draws":0,"losses":0,"trades":1,"profit_factor":0.0},{"date":"Wednesday","date_ts":2,"profit_abs":8.48483015,"wins":3,"draws":0,"losses":0,"trades":3,"profit_factor":0.0},{"date":"Thursday","date_ts":3,"profit_abs":4.41791207,"wins":2,"draws":1,"losses":0,"trades":3,"profit_factor":0.0},{"date":"Friday","date_ts":4,"profit_abs":0.0,"wins":0,"draws":1,"losses":0,"trades":1,"profit_factor":0.0},{"date":"Sunday","date_ts":6,"profit_abs":0.95559108,"wins":1,"draws":0,"losses":0,"trades":1,"profit_factor":0.0}]},"backtest_best_day":0.012459509200056788,"backtest_worst_day":0.0,"backtest_best_day_abs":4.15661832,"backtest_worst_day_abs":0.0,"winning_days":9,"draw_days":74,"losing_days":0,"daily_profit":[["2025-10-08",2.2391344],["2025-10-09",0.0],["2025-10-10",0.0],["2025-10-11",0.0],["2025-10-12",0.0],["2025-10-13",0.0],["2025-10-14",0.0],["2025-10-15",0.0],["2025-10-16",0.0],["2025-10-17",0.0],["2025-10-18",0.0],["2025-10-19",0.0],["2025-10-20",0.0],["2025-10-21",0.0],["2025-10-22",0.0],["2025-10-23",0.0],["2025-10-24",0.0],["2025-10-25",0.0],["2025-10-26",0.95559108],["2025-10-27",0.0],["2025-10-28",0.0],["2025-10-29",0.0],["2025-10-30",0.0],["2025-10-31",0.0],["2025-11-01",0.0],["2025-11-02",0.0],["2025-11-03",0.0],["2025-11-04",0.0],["2025-11-05",0.0],["2025-11-06",0.0],["2025-11-07",0.0],["2025-11-08",0.0],["2025-11-09",0.0],["2025-11-10",0.0],["2025-11-11",0.0],["2025-11-12",3.7059995],["2025-11-13",0.0],["2025-11-14",0.0],["2025-11-15",0.0],["2025-11-16",0.0],["2025-11-17",0.0],["2025-11-18",0.0],["2025-11-19",0.0],["2025-11-20",0.26129375],["2025-11-21",0.0],["2025-11-22",0.0],["2025-11-23",0.0],["2025-11-24",0.0],["2025-11-25",0.0],["2025-11-26",0.0],["2025-11-27",0.0],["2025-11-28",0.0],["2025-11-29",0.0],["2025-11-30",0.0],["2025-12-01",0.0],["2025-12-02",0.3185208],["2025-12-03",0.0],["2025-12-04",0.0],["2025-12-05",0.0],["2025-12-06",0.0],["2025-12-07",0.0],["2025-12-08",0.0],["2025-12-09",0.0],["2025-12-10",2.53969625],["2025-12-11",4.15661832],["2025-12-12",0.0],["2025-12-13",0.0],["2025-12-14",0.0],["2025-12-15",3.24206652],["2025-12-16",0.0],["2025-12-17",0.0],["2025-12-18",0.0],["2025-12-19",0.0],["2025-12-20",0.0],["2025-12-21",0.0],["2025-12-22",0.0],["2025-12-23",0.0],["2025-12-24",0.0],["2025-12-25",0.0],["2025-12-26",0.0],["2025-12-27",0.0],["2025-12-28",0.0],["2025-12-29",2.5208772]],"wins":9,"losses":0,"draws":2,"winrate":0.8181818181818182,"holding_avg":"2:22:00","holding_avg_s":8520.0,"winner_holding_min":"0d 02:00","winner_holding_min_s":7200.0,"winner_holding_max":"0d 02:00","winner_holding_max_s":7200.0,"winner_holding_avg":"0d 02:00","winner_holding_avg_s":7200.0,"loser_holding_min":"0d 00:00","loser_holding_min_s":0.0,"loser_holding_max":"0d 00:00","loser_holding_max_s":0.0,"loser_holding_avg":"0d 00:00","loser_holding_avg_s":0.0,"max_consecutive_wins":5,"max_consecutive_losses":1,"max_drawdown_account":0.0,"max_relative_drawdown":0.0,"max_drawdown_abs":0.0,"drawdown_start":"2025-10-08 13:00:00","drawdown_start_ts":1759928400000.0,"drawdown_end":"2025-10-08 13:00:00","drawdown_end_ts":1759928400000.0,"drawdown_duration":"0 days 00:00:00","drawdown_duration_s":0.0,"max_drawdown_low":0.0,"max_drawdown_high":0.0,"csum_min":1002.2391344,"csum_max":1019.93979782}},"strategy_comparison":[{"key":"ACO_20_6","trades":11,"profit_mean":0.005442778627593365,"profit_mean_pct":0.54,"profit_total_abs":19.939797820000003,"profit_total":0.019939797820000004,"profit_total_pct":1.99,"duration_avg":"2:22:00","wins":9,"draws":2,"losses":0,"winrate":0.8181818181818182,"cagr":0.07712229382481017,"expectancy":1.812708892727273,"expectancy_ratio":100.0,"sortino":-100,"sharpe":2.6434636742339332,"calmar":-100,"sqn":3.8584,"profit_factor":0.0,"max_drawdown_account":0.0,"max_drawdown_abs":"0"}]}