{"strategy":{"ACO_25_4":{"trades":[{"pair":"DOGE/USDT","stake_amount":329.7561,"max_stake_amount":329.7561,"amount":1307.0,"open_date":"2025-10-08 13:00:00+00:00","close_date":"2025-10-08 15:00:00+00:00","open_rate":0.2523,"close_rate":0.2528051051051051,"fee_open":0.001,"fee_close":0.001,"trade_duration":120,"profit_ratio":0.0,"profit_abs":0.0,"exit_reason":"roi","initial_stop_loss_abs":0.23969,"initial_stop_loss_ratio":-0.05,"stop_loss_abs":0.23969,"stop_loss_ratio":-0.05,"min_rate":0.24914,"max_rate":0.25678,"is_open":false,"enter_tag":"","leverage":1.0,"is_short":false,"open_timestamp":1759928400000,"close_timestamp":1759935600000,"orders":[{"amount":1307.0,"safe_price":0.2523,"ft_order_side":"buy","order_filled_timestamp":1759928400000,"ft_is_entry":true,"ft_order_tag":"","cost":330.08585609999994},{"amount":1307.0,"safe_price":0.2528051051051051,"ft_order_side":"sell","order_filled_timestamp":1759935600000,"ft_is_entry":false,"ft_order_tag":"roi","cost":330.7466886447448}],"funding_fees":0.0,"weekday":2},{"pair":"DOGE/USDT","stake_amount":329.9031,"max_stake_amount":329.9031,"amount":1665.0,"open_date":"2025-10-16 10:00:00+00:00","close_date":"2025-10-16 12:00:00+00:00","open_rate":0.19814,"close_rate":0.20034,"fee_open":0.001,"fee_close":0.001,"trade_duration":120,"profit_ratio":0.009083073986677499,"profit_abs":2.9995308,"exit_reason":"roi","initial_stop_loss_abs":0.18824,"initial_stop_loss_ratio":-0.05,"stop_loss_abs":0.18824,"stop_loss_ratio":-0.05,"min_rate":0.19777,"max_rate":0.2015,"is_open":false,"enter_tag":"","leverage":1.0,"is_short":false,"open_timestamp":1760608800000,"close_timestamp":1760616000000,"orders":[{"amount":1665.0,"safe_price":0.19814,"ft_order_side":"buy","order_filled_timestamp":1760608800000,"ft_is_entry":true,"ft_order_tag":"","cost":330.23300309999996},{"amount":1665.0,"safe_price":0.20034,"ft_order_side":"sell","order_filled_timestamp":1760616000000,"ft_is_entry":false,"ft_order_tag":"roi","cost":333.8996661}],"funding_fees":0.0,"weekday":3},{"pair":"DOGE/USDT","stake_amount":330.9509,"max_stake_amount":330.9509,"amount":2030.0,"open_date":"2025-11-07 01:00:00+00:00","close_date":"2025-11-07 03:00:00+00:00","open_rate":0.16303,"close_rate":0.16414,"fee_open":0.001,"fee_close":0.001,"trade_duration":120,"profit_ratio":0.004796957321032644,"profit_abs":1.5891449,"exit_reason":"roi","initial_stop_loss_abs":0.15488,"initial_stop_loss_ratio":-0.05,"stop_loss_abs":0.15488,"stop_loss_ratio":-0.05,"min_rate":0.16095,"max_rate":0.16509,"is_open":false,"enter_tag":"","leverage":1.0,"is_short":false,"open_timestamp":1762477200000,"close_timestamp":1762484400000,"orders":[{"amount":2030.0,"safe_price":0.16303,"ft_order_side":"buy","order_filled_timestamp":1762477200000,"ft_is_entry":true,"ft_order_tag":"","cost":331.28185089999994},{"amount":2030.0,"safe_price":0.16414,"ft_order_side":"sell","order_filled_timestamp":1762484400000,"ft_is_entry":false,"ft_order_tag":"roi","cost":333.53740419999997}],"funding_fees":0.0,"weekday":4},{"pair":"DOGE/USDT","stake_amount":331.3695,"max_stake_amount":331.3695,"amount":2265.0,"open_date":"2025-12-09 16:00:00+00:00","close_date":"2025-12-09 18:00:00+00:00","open_rate":0.1463,"close_rate":0.15095,"fee_open":0.001,"fee_close":0.001,"trade_duration":120,"profit_ratio":0.029722498963783994,"profit_abs":9.85897875,"exit_reason":"roi","initial_stop_loss_abs":0.13899,"initial_stop_loss_ratio":-0.05,"stop_loss_abs":0.13899,"stop_loss_ratio":-0.05,"min_rate":0.1463,"max_rate":0.15319,"is_open":false,"enter_tag":"","leverage":1.0,"is_short":false,"open_timestamp":1765296000000,"close_timestamp":1765303200000,"orders":[{"amount":2265.0,"safe_price":0.1463,"ft_order_side":"buy","order_filled_timestamp":1765296000000,"ft_is_entry":true,"ft_order_tag":"","cost":331.70086949999995},{"amount":2265.0,"safe_price":0.15095,"ft_order_side":"sell","order_filled_timestamp":1765303200000,"ft_is_entry":false,"ft_order_tag":"roi","cost":342.24365174999997}],"funding_fees":0.0,"weekday":1},{"pair":"DOGE/USDT","stake_amount":334.66928,"max_stake_amount":334.66928,"amount":2407.0,"open_date":"2025-12-14 03:00:00+00:00","close_date":"2025-12-15 15:00:00+00:00","open_rate":0.13904,"close_rate":0.13209,"fee_open":0.001,"fee_close":0.001,"trade_duration":2160,"profit_ratio":-0.05188374628823421,"profit_abs":-17.38125991,"exit_reason":"stop_loss","initial_stop_loss_abs":0.13209,"initial_stop_loss_ratio":-0.05,"stop_loss_abs":0.13209,"stop_loss_ratio":-0.05,"min_rate":0.12977,"max_rate":0.13925,"is_open":false,"enter_tag":"","leverage":1.0,"is_short":false,"open_timestamp":1765681200000,"close_timestamp":1765810800000,"orders":[{"amount":2407.0,"safe_price":0.13904,"ft_order_side":"buy","order_filled_timestamp":1765681200000,"ft_is_entry":true,"ft_order_tag":"","cost":335.00394928},{"amount":2407.0,"safe_price":0.13209,"ft_order_side":"sell","order_filled_timestamp":1765810800000,"ft_is_entry":false,"ft_order_tag":"stop_loss","cost":318.25857063}],"funding_fees":0.0,"weekday":0},{"pair":"DOGE/USDT","stake_amount":329.02587,"max_stake_amount":329.02587,"amount":2733.0,"open_date":"2026-01-01 09:00:00+00:00","close_date":"2026-01-01 11:00:00+00:00","open_rate":0.12039,"close_rate":0.120631021021021,"fee_open":0.001,"fee_close":0.001,"trade_duration":120,"profit_ratio":0.0,"profit_abs":0.0,"exit_reason":"roi","initial_stop_loss_abs":0.11438,"initial_stop_loss_ratio":-0.05,"stop_loss_abs":0.11438,"stop_loss_ratio":-0.05,"min_rate":0.12021,"max_rate":0.12126,"is_open":false,"enter_tag":"","leverage":1.0,"is_short":false,"open_timestamp":1767258000000,"close_timestamp":1767265200000,"orders":[{"amount":2733.0,"safe_price":0.12039,"ft_order_side":"buy","order_filled_timestamp":1767258000000,"ft_is_entry":true,"ft_order_tag":"","cost":329.35489586999995},{"amount":2733.0,"safe_price":0.120631021021021,"ft_order_side":"sell","order_filled_timestamp":1767265200000,"ft_is_entry":false,"ft_order_tag":"roi","cost":330.0142650309008}],"funding_fees":0.0,"weekday":3}],"locks":[],"best_pair":{"key":"DOGE/USDT","trades":6,"profit_mean":-0.0013802026694566792,"profit_mean_pct":-0.14,"profit_total_abs":-2.9336054600000008,"profit_total":-0.002933605460000001,"profit_total_pct":-0.29,"duration_avg":"7:40:00","wins":3,"draws":2,"losses":1,"winrate":0.5,"cagr":-0.010994165698226088,"expectancy":-0.48893424333333346,"expectancy_ratio":-0.3614632989322042,"sortino":-100,"sharpe":-0.06994880383082694,"calmar":-3.3722890451012044,"sqn":-0.1324,"profit_factor":0.8312202064067747,"max_drawdown_account":0.01713371787470244,"max_drawdown_abs":17.38125991},"worst_pair":{"key":"DOGE/USDT","trades":6,"profit_mean":-0.0013802026694566792,"profit_mean_pct":-0.14,"profit_total_abs":-2.9336054600000008,"profit_total":-0.002933605460000001,"profit_total_pct":-0.29,"duration_avg":"7:40:00","wins":3,"draws":2,"losses":1,"winrate":0.5,"cagr":-0.010994165698226088,"expectancy":-0.48893424333333346,"expectancy_ratio":-0.3614632989322042,"sortino":-100,"sharpe":-0.06994880383082694,"calmar":-3.3722890451012044,"sqn":-0.1324,"profit_factor":0.8312202064067747,"max_drawdown_account":0.01713371787470244,"max_drawdown_abs":17.38125991},"results_per_pair":[{"key":"DOGE/USDT","trades":6,"profit_mean":-0.0013802026694566792,"profit_mean_pct":-0.14,"profit_total_abs":-2.9336054600000008,"profit_total":-0.002933605460000001,"profit_total_pct":-0.29,"duration_avg":"7:40:00","wins":3,"draws":2,"losses":1,"winrate":0.5,"cagr":-0.010994165698226088,"expectancy":-0.48893424333333346,"expectancy_ratio":-0.3614632989322042,"sortino":-100,"sharpe":-0.06994880383082694,"calmar":-3.3722890451012044,"sqn":-0.1324,"profit_factor":0.8312202064067747,"max_drawdown_account":0.01713371787470244,"max_drawdown_abs":17.38125991},{"key":"TOTAL","trades":6,"profit_mean":-0.0013802026694566792,"profit_mean_pct":-0.14,"profit_total_abs":-2.9336054600000008,"profit_total":-0.002933605460000001,"profit_total_pct":-0.29,"duration_avg":"7:40:00","wins":3,"draws":2,"losses":1,"winrate":0.5,"cagr":-0.010994165698226088,"expectancy":-0.48893424333333346,"expectancy_ratio":-0.3614632989322042,"sortino":-100,"sharpe":-0.06994880383082694,"calmar":-3.3722890451012044,"sqn":-0.1324,"profit_factor":0.8312202064067747,"max_drawdown_account":0.01713371787470244,"max_drawdown_abs":17.38125991}],"results_per_enter_tag":[{"key":"","trades":6,"profit_mean":-0.0013802026694566792,"profit_mean_pct":-0.14,"profit_total_abs":-2.9336054600000008,"profit_total":-0.002933605460000001,"profit_total_pct":-0.29,"duration_avg":"7:40:00","wins":3,"draws":2,"losses":1,"winrate":0.5,"cagr":-0.010994165698226088,"expectancy":-0.48893424333333346,"expectancy_ratio":-0.3614632989322042,"sortino":-100,"sharpe":-0.06994880383082694,"calmar":-3.3722890451012044,"sqn":-0.1324,"profit_factor":0.8312202064067747,"max_drawdown_account":0.01713371787470244,"max_drawdown_abs":17.38125991},{"key":"TOTAL","trades":6,"profit_mean":-0.0013802026694566792,"profit_mean_pct":-0.14,"profit_total_abs":-2.9336054600000008,"profit_total":-0.002933605460000001,"profit_total_pct":-0.29,"duration_avg":"7:40:00","wins":3,"draws":2,"losses":1,"winrate":0.5,"cagr":-0.010994165698226088,"expectancy":-0.48893424333333346,"expectancy_ratio":-0.3614632989322042,"sortino":-100,"sharpe":-0.06994880383082694,"calmar":-3.3722890451012044,"sqn":-0.1324,"profit_factor":0.8312202064067747,"max_drawdown_account":0.01713371787470244,"max_drawdown_abs":17.38125991}],"exit_reason_summary":[{"key":"roi","trades":5,"profit_mean":0.008720506054298827,"profit_mean_pct":0.87,"profit_total_abs":14.44765445,"profit_total":0.01444765445,"profit_total_pct":1.44,"duration_avg":"2:00:00","wins":3,"draws":2,"losses":0,"winrate":0.6,"cagr":0.05545917040876547,"expectancy":2.8895308899999996,"expectancy_ratio":100.0,"sortino":-100,"sharpe":0.7775000225005483,"calmar":-100,"sqn":1.579,"profit_factor":0.0,"max_drawdown_account":0.0,"max_drawdown_abs":0.0},{"key":"stop_loss","trades":1,"profit_mean":-0.05188374628823421,"profit_mean_pct":-5.19,"profit_total_abs":-17.38125991,"profit_total":-0.017381259910000002,"profit_total_pct":-1.74,"duration_avg":"1 day, 12:00:00","wins":0,"draws":0,"losses":1,"winrate":0.0,"cagr":-0.0638492734354017,"expectancy":-17.38125991,"expectancy_ratio":-1.0,"sortino":-100,"sharpe":-100,"calmar":-19.695848633549232,"sqn":-100.0,"profit_factor":0.0,"max_drawdown_account":0.01738125991000004,"max_drawdown_abs":17.38125991},{"key":"TOTAL","trades":6,"profit_mean":-0.0013802026694566792,"profit_mean_pct":-0.14,"profit_total_abs":-2.9336054600000008,"profit_total":-0.002933605460000001,"profit_total_pct":-0.29,"duration_avg":"7:40:00","wins":3,"draws":2,"losses":1,"winrate":0.5,"cagr":-0.010994165698226088,"expectancy":-0.48893424333333346,"expectancy_ratio":-0.3614632989322042,"sortino":-100,"sharpe":-0.06994880383082694,"calmar":-3.3722890451012044,"sqn":-0.1324,"profit_factor":0.8312202064067747,"max_drawdown_account":0.01713371787470244,"max_drawdown_abs":17.38125991}],"mix_tag_stats":[{"key":["","roi"],"trades":5,"profit_mean":0.008720506054298827,"profit_mean_pct":0.87,"profit_total_abs":14.44765445,"profit_total":0.01444765445,"profit_total_pct":1.44,"duration_avg":"2:00:00","wins":3,"draws":2,"losses":0,"winrate":0.6,"cagr":0.05545917040876547,"expectancy":2.8895308899999996,"expectancy_ratio":100.0,"sortino":-100,"sharpe":0.7775000225005483,"calmar":-100,"sqn":1.579,"profit_factor":0.0,"max_drawdown_account":0.0,"max_drawdown_abs":0.0},{"key":["","stop_loss"],"trades":1,"profit_mean":-0.05188374628823421,"profit_mean_pct":-5.19,"profit_total_abs":-17.38125991,"profit_total":-0.017381259910000002,"profit_total_pct":-1.74,"duration_avg":"1 day, 12:00:00","wins":0,"draws":0,"losses":1,"winrate":0.0,"cagr":-0.0638492734354017,"expectancy":-17.38125991,"expectancy_ratio":-1.0,"sortino":-100,"sharpe":-100,"calmar":-19.695848633549232,"sqn":-100.0,"profit_factor":0.0,"max_drawdown_account":0.01738125991000004,"max_drawdown_abs":17.38125991},{"key":"TOTAL","trades":6,"profit_mean":-0.0013802026694566792,"profit_mean_pct":-0.14,"profit_total_abs":-2.9336054600000008,"profit_total":-0.002933605460000001,"profit_total_pct":-0.29,"duration_avg":"7:40:00","wins":3,"draws":2,"losses":1,"winrate":0.5,"cagr":-0.010994165698226088,"expectancy":-0.48893424333333346,"expectancy_ratio":-0.3614632989322042,"sortino":-100,"sharpe":-0.06994880383082694,"calmar":-3.3722890451012044,"sqn":-0.1324,"profit_factor":0.8312202064067747,"max_drawdown_account":0.01713371787470244,"max_drawdown_abs":17.38125991}],"left_open_trades":[{"key":"TOTAL","trades":0,"profit_mean":0.0,"profit_mean_pct":0.0,"profit_total_abs":0.0,"profit_total":0.0,"profit_total_pct":0.0,"duration_avg":"0:00","wins":0,"draws":0,"losses":0,"winrate":0.0,"cagr":0.0,"expectancy":0.0,"expectancy_ratio":100.0,"sortino":0,"sharpe":0,"calmar":0,"sqn":0.0,"profit_factor":0.0,"max_drawdown_account":0.0,"max_drawdown_abs":0.0}],"total_trades":6,"trade_count_long":6,"trade_count_short":0,"total_volume":3976.3606711056455,"avg_stake_amount":330.9457916666667,"profit_mean":-0.0013802026694566792,"profit_median":0.002398478660516322,"profit_total":-0.002933605460000001,"profit_total_long":-0.002933605460000001,"profit_total_short":0.0,"profit_total_abs":-2.9336054600000008,"profit_total_long_abs":-2.9336054600000008,"profit_total_short_abs":0.0,"cagr":-0.010994165698226088,"expectancy":-0.48893424333333346,"expectancy_ratio":-0.3614632989322042,"sortino":-100,"sharpe":-0.06994880383082694,"calmar":-3.3722890451012044,"sqn":-0.1324,"profit_factor":0.8312202064067747,"backtest_start":"2025-10-01 00:00:00","backtest_start_ts":1759276800000,"backtest_end":"2026-01-06 20:00:00","backtest_end_ts":1767729600000,"backtest_days":97,"backtest_run_start_ts":1767738730,"backtest_run_end_ts":1767738730,"trades_per_day":0.06,"market_change":-0.36632086436227446,"pairlist":["DOGE/USDT"],"stake_amount":"unlimited","stake_currency":"USDT","stake_currency_decimals":3,"starting_balance":1000,"dry_run_wallet":1000,"final_balance":997.06639454,"rejected_signals":0,"timedout_entry_orders":0,"timedout_exit_orders":0,"canceled_trade_entries":0,"canceled_entry_orders":0,"replaced_entry_orders":0,"max_open_trades":1,"max_open_trades_setting":3,"timeframe":"1h","timeframe_detail":"","timerange":"20251001-","enable_protections":false,"strategy_name":"ACO_25_4","freqaimodel":null,"freqai_identifier":null,"stoploss":-0.05,"trailing_stop":false,"trailing_stop_positive":null,"trailing_stop_positive_offset":0.0,"trailing_only_offset_is_reached":false,"use_custom_stoploss":false,"minimal_roi":{"0":0.1,"60":0.05,"120":0.0},"use_exit_signal":true,"exit_profit_only":false,"exit_profit_offset":0.0,"ignore_roi_if_entry_signal":false,"trading_mode":"spot","margin_mode":"","periodic_breakdown":{"day":[{"date":"08/10/2025","date_ts":1759881600000,"profit_abs":0.0,"wins":0,"draws":1,"losses":0,"trades":1,"profit_factor":0.0},{"date":"09/10/2025","date_ts":1759968000000,"profit_abs":0.0,"wins":0,"draws":0,"losses":0,"trades":0,"profit_factor":0.0},{"date":"10/10/2025","date_ts":1760054400000,"profit_abs":0.0,"wins":0,"draws":0,"losses":0,"trades":0,"profit_factor":0.0},{"date":"11/10/2025","date_ts":1760140800000,"profit_abs":0.0,"wins":0,"draws":0,"losses":0,"trades":0,"profit_factor":0.0},{"date":"12/10/2025","date_ts":1760227200000,"profit_abs":0.0,"wins":0,"draws":0,"losses":0,"trades":0,"profit_factor":0.0},{"date":"13/10/2025","date_ts":1760313600000,"profit_abs":0.0,"wins":0,"draws":0,"losses":0,"trades":0,"profit_factor":0.0},{"date":"14/10/2025","date_ts":1760400000000,"profit_abs":0.0,"wins":0,"draws":0,"losses":0,"trades":0,"profit_factor":0.0},{"date":"15/10/2025","date_ts":1760486400000,"profit_abs":0.0,"wins":0,"draws":0,"losses":0,"trades":0,"profit_factor":0.0},{"date":"16/10/2025","date_ts":1760572800000,"profit_abs":2.9995308,"wins":1,"draws":0,"losses":0,"trades":1,"profit_factor":0.0},{"date":"17/10/2025","date_ts":1760659200000,"profit_abs":0.0,"wins":0,"draws":0,"losses":0,"trades":0,"profit_factor":0.0},{"date":"18/10/2025","date_ts":1760745600000,"profit_abs":0.0,"wins":0,"draws":0,"losses":0,"trades":0,"profit_factor":0.0},{"date":"19/10/2025","date_ts":1760832000000,"profit_abs":0.0,"wins":0,"draws":0,"losses":0,"trades":0,"profit_factor":0.0},{"date":"20/10/2025","date_ts":1760918400000,"profit_abs":0.0,"wins":0,"draws":0,"losses":0,"trades":0,"profit_factor":0.0},{"date":"21/10/2025","date_ts":1761004800000,"profit_abs":0.0,"wins":0,"draws":0,"losses":0,"trades":0,"profit_factor":0.0},{"date":"22/10/2025","date_ts":1761091200000,"profit_abs":0.0,"wins":0,"draws":0,"losses":0,"trades":0,"profit_factor":0.0},{"date":"23/10/2025","date_ts":1761177600000,"profit_abs":0.0,"wins":0,"draws":0,"losses":0,"trades":0,"profit_factor":0.0},{"date":"24/10/2025","date_ts":1761264000000,"profit_abs":0.0,"wins":0,"draws":0,"losses":0,"trades":0,"profit_factor":0.0},{"date":"25/10/2025","date_ts":1761350400000,"profit_abs":0.0,"wins":0,"draws":0,"losses":0,"trades":0,"profit_factor":0.0},{"date":"26/10/2025","date_ts":1761436800000,"profit_abs":0.0,"wins":0,"draws":0,"losses":0,"trades":0,"profit_factor":0.0},{"date":"27/10/2025","date_ts":1761523200000,"profit_abs":0.0,"wins":0,"draws":0,"losses":0,"trades":0,"profit_factor":0.0},{"date":"28/10/2025","date_ts":1761609600000,"profit_abs":0.0,"wins":0,"draws":0,"losses":0,"trades":0,"profit_factor":0.0},{"date":"29/10/2025","date_ts":1761696000000,"profit_abs":0.0,"wins":0,"draws":0,"losses":0,"trades":0,"profit_factor":0.0},{"date":"30/10/2025","date_ts":1761782400000,"profit_abs":0.0,"wins":0,"draws":0,"losses":0,"trades":0,"profit_factor":0.0},{"date":"31/10/2025","date_ts":1761868800000,"profit_abs":0.0,"wins":0,"draws":0,"losses":0,"trades":0,"profit_factor":0.0},{"date":"01/11/2025","date_ts":1761955200000,"profit_abs":0.0,"wins":0,"draws":0,"losses":0,"trades":0,"profit_factor":0.0},{"date":"02/11/2025","date_ts":1762041600000,"profit_abs":0.0,"wins":0,"draws":0,"losses":0,"trades":0,"profit_factor":0.0},{"date":"03/11/2025","date_ts":1762128000000,"profit_abs":0.0,"wins":0,"draws":0,"losses":0,"trades":0,"profit_factor":0.0},{"date":"04/11/2025","date_ts":1762214400000,"profit_abs":0.0,"wins":0,"draws":0,"losses":0,"trades":0,"profit_factor":0.0},{"date":"05/11/2025","date_ts":1762300800000,"profit_abs":0.0,"wins":0,"draws":0,"losses":0,"trades":0,"profit_factor":0.0},{"date":"06/11/2025","date_ts":1762387200000,"profit_abs":0.0,"wins":0,"draws":0,"losses":0,"trades":0,"profit_factor":0.0},{"date":"07/11/2025","date_ts":1762473600000,"profit_abs":1.5891449,"wins":1,"draws":0,"losses":0,"trades":1,"profit_factor":0.0},{"date":"08/11/2025","date_ts":1762560000000,"profit_abs":0.0,"wins":0,"draws":0,"losses":0,"trades":0,"profit_factor":0.0},{"date":"09/11/2025","date_ts":1762646400000,"profit_abs":0.0,"wins":0,"draws":0,"losses":0,"trades":0,"profit_factor":0.0},{"date":"10/11/2025","date_ts":1762732800000,"profit_abs":0.0,"wins":0,"draws":0,"losses":0,"trades":0,"profit_factor":0.0},{"date":"11/11/2025","date_ts":1762819200000,"profit_abs":0.0,"wins":0,"draws":0,"losses":0,"trades":0,"profit_factor":0.0},{"date":"12/11/2025","date_ts":1762905600000,"profit_abs":0.0,"wins":0,"draws":0,"losses":0,"trades":0,"profit_factor":0.0},{"date":"13/11/2025","date_ts":1762992000000,"profit_abs":0.0,"wins":0,"draws":0,"losses":0,"trades":0,"profit_factor":0.0},{"date":"14/11/2025","date_ts":1763078400000,"profit_abs":0.0,"wins":0,"draws":0,"losses":0,"trades":0,"profit_factor":0.0},{"date":"15/11/2025","date_ts":1763164800000,"profit_abs":0.0,"wins":0,"draws":0,"losses":0,"trades":0,"profit_factor":0.0},{"date":"16/11/2025","date_ts":1763251200000,"profit_abs":0.0,"wins":0,"draws":0,"losses":0,"trades":0,"profit_factor":0.0},{"date":"17/11/2025","date_ts":1763337600000,"profit_abs":0.0,"wins":0,"draws":0,"losses":0,"trades":0,"profit_factor":0.0},{"date":"18/11/2025","date_ts":1763424000000,"profit_abs":0.0,"wins":0,"draws":0,"losses":0,"trades":0,"profit_factor":0.0},{"date":"19/11/2025","date_ts":1763510400000,"profit_abs":0.0,"wins":0,"draws":0,"losses":0,"trades":0,"profit_factor":0.0},{"date":"20/11/2025","date_ts":1763596800000,"profit_abs":0.0,"wins":0,"draws":0,"losses":0,"trades":0,"profit_factor":0.0},{"date":"21/11/2025","date_ts":1763683200000,"profit_abs":0.0,"wins":0,"draws":0,"losses":0,"trades":0,"profit_factor":0.0},{"date":"22/11/2025","date_ts":1763769600000,"profit_abs":0.0,"wins":0,"draws":0,"losses":0,"trades":0,"profit_factor":0.0},{"date":"23/11/2025","date_ts":1763856000000,"profit_abs":0.0,"wins":0,"draws":0,"losses":0,"trades":0,"profit_factor":0.0},{"date":"24/11/2025","date_ts":1763942400000,"profit_abs":0.0,"wins":0,"draws":0,"losses":0,"trades":0,"profit_factor":0.0},{"date":"25/11/2025","date_ts":1764028800000,"profit_abs":0.0,"wins":0,"draws":0,"losses":0,"trades":0,"profit_factor":0.0},{"date":"26/11/2025","date_ts":1764115200000,"profit_abs":0.0,"wins":0,"draws":0,"losses":0,"trades":0,"profit_factor":0.0},{"date":"27/11/2025","date_ts":1764201600000,"profit_abs":0.0,"wins":0,"draws":0,"losses":0,"trades":0,"profit_factor":0.0},{"date":"28/11/2025","date_ts":1764288000000,"profit_abs":0.0,"wins":0,"draws":0,"losses":0,"trades":0,"profit_factor":0.0},{"date":"29/11/2025","date_ts":1764374400000,"profit_abs":0.0,"wins":0,"draws":0,"losses":0,"trades":0,"profit_factor":0.0},{"date":"30/11/2025","date_ts":1764460800000,"profit_abs":0.0,"wins":0,"draws":0,"losses":0,"trades":0,"profit_factor":0.0},{"date":"01/12/2025","date_ts":1764547200000,"profit_abs":0.0,"wins":0,"draws":0,"losses":0,"trades":0,"profit_factor":0.0},{"date":"02/12/2025","date_ts":1764633600000,"profit_abs":0.0,"wins":0,"draws":0,"losses":0,"trades":0,"profit_factor":0.0},{"date":"03/12/2025","date_ts":1764720000000,"profit_abs":0.0,"wins":0,"draws":0,"losses":0,"trades":0,"profit_factor":0.0},{"date":"04/12/2025","date_ts":1764806400000,"profit_abs":0.0,"wins":0,"draws":0,"losses":0,"trades":0,"profit_factor":0.0},{"date":"05/12/2025","date_ts":1764892800000,"profit_abs":0.0,"wins":0,"draws":0,"losses":0,"trades":0,"profit_factor":0.0},{"date":"06/12/2025","date_ts":1764979200000,"profit_abs":0.0,"wins":0,"draws":0,"losses":0,"trades":0,"profit_factor":0.0},{"date":"07/12/2025","date_ts":1765065600000,"profit_abs":0.0,"wins":0,"draws":0,"losses":0,"trades":0,"profit_factor":0.0},{"date":"08/12/2025","date_ts":1765152000000,"profit_abs":0.0,"wins":0,"draws":0,"losses":0,"trades":0,"profit_factor":0.0},{"date":"09/12/2025","date_ts":1765238400000,"profit_abs":9.85897875,"wins":1,"draws":0,"losses":0,"trades":1,"profit_factor":0.0},{"date":"10/12/2025","date_ts":1765324800000,"profit_abs":0.0,"wins":0,"draws":0,"losses":0,"trades":0,"profit_factor":0.0},{"date":"11/12/2025","date_ts":1765411200000,"profit_abs":0.0,"wins":0,"draws":0,"losses":0,"trades":0,"profit_factor":0.0},{"date":"12/12/2025","date_ts":1765497600000,"profit_abs":0.0,"wins":0,"draws":0,"losses":0,"trades":0,"profit_factor":0.0},{"date":"13/12/2025","date_ts":1765584000000,"profit_abs":0.0,"wins":0,"draws":0,"losses":0,"trades":0,"profit_factor":0.0},{"date":"14/12/2025","date_ts":1765670400000,"profit_abs":0.0,"wins":0,"draws":0,"losses":0,"trades":0,"profit_factor":0.0},{"date":"15/12/2025","date_ts":1765756800000,"profit_abs":-17.38125991,"wins":0,"draws":0,"losses":1,"trades":1,"profit_factor":0.0},{"date":"16/12/2025","date_ts":1765843200000,"profit_abs":0.0,"wins":0,"draws":0,"losses":0,"trades":0,"profit_factor":0.0},{"date":"17/12/2025","date_ts":1765929600000,"profit_abs":0.0,"wins":0,"draws":0,"losses":0,"trades":0,"profit_factor":0.0},{"date":"18/12/2025","date_ts":1766016000000,"profit_abs":0.0,"wins":0,"draws":0,"losses":0,"trades":0,"profit_factor":0.0},{"date":"19/12/2025","date_ts":1766102400000,"profit_abs":0.0,"wins":0,"draws":0,"losses":0,"trades":0,"profit_factor":0.0},{"date":"20/12/2025","date_ts":1766188800000,"profit_abs":0.0,"wins":0,"draws":0,"losses":0,"trades":0,"profit_factor":0.0},{"date":"21/12/2025","date_ts":1766275200000,"profit_abs":0.0,"wins":0,"draws":0,"losses":0,"trades":0,"profit_factor":0.0},{"date":"22/12/2025","date_ts":1766361600000,"profit_abs":0.0,"wins":0,"draws":0,"losses":0,"trades":0,"profit_factor":0.0},{"date":"23/12/2025","date_ts":1766448000000,"profit_abs":0.0,"wins":0,"draws":0,"losses":0,"trades":0,"profit_factor":0.0},{"date":"24/12/2025","date_ts":1766534400000,"profit_abs":0.0,"wins":0,"draws":0,"losses":0,"trades":0,"profit_factor":0.0},{"date":"25/12/2025","date_ts":1766620800000,"profit_abs":0.0,"wins":0,"draws":0,"losses":0,"trades":0,"profit_factor":0.0},{"date":"26/12/2025","date_ts":1766707200000,"profit_abs":0.0,"wins":0,"draws":0,"losses":0,"trades":0,"profit_factor":0.0},{"date":"27/12/2025","date_ts":1766793600000,"profit_abs":0.0,"wins":0,"draws":0,"losses":0,"trades":0,"profit_factor":0.0},{"date":"28/12/2025","date_ts":1766880000000,"profit_abs":0.0,"wins":0,"draws":0,"losses":0,"trades":0,"profit_factor":0.0},{"date":"29/12/2025","date_ts":1766966400000,"profit_abs":0.0,"wins":0,"draws":0,"losses":0,"trades":0,"profit_factor":0.0},{"date":"30/12/2025","date_ts":1767052800000,"profit_abs":0.0,"wins":0,"draws":0,"losses":0,"trades":0,"profit_factor":0.0},{"date":"31/12/2025","date_ts":1767139200000,"profit_abs":0.0,"wins":0,"draws":0,"losses":0,"trades":0,"profit_factor":0.0},{"date":"01/01/2026","date_ts":1767225600000,"profit_abs":0.0,"wins":0,"draws":1,"losses":0,"trades":1,"profit_factor":0.0}],"week":[{"date":"13/10/2025","date_ts":1760313600000,"profit_abs":0.0,"wins":0,"draws":1,"losses":0,"trades":1,"profit_factor":0.0},{"date":"20/10/2025","date_ts":1760918400000,"profit_abs":2.9995308,"wins":1,"draws":0,"losses":0,"trades":1,"profit_factor":0.0},{"date":"27/10/2025","date_ts":1761523200000,"profit_abs":0.0,"wins":0,"draws":0,"losses":0,"trades":0,"profit_factor":0.0},{"date":"03/11/2025","date_ts":1762128000000,"profit_abs":0.0,"wins":0,"draws":0,"losses":0,"trades":0,"profit_factor":0.0},{"date":"10/11/2025","date_ts":1762732800000,"profit_abs":1.5891449,"wins":1,"draws":0,"losses":0,"trades":1,"profit_factor":0.0},{"date":"17/11/2025","date_ts":1763337600000,"profit_abs":0.0,"wins":0,"draws":0,"losses":0,"trades":0,"profit_factor":0.0},{"date":"24/11/2025","date_ts":1763942400000,"profit_abs":0.0,"wins":0,"draws":0,"losses":0,"trades":0,"profit_factor":0.0},{"date":"01/12/2025","date_ts":1764547200000,"profit_abs":0.0,"wins":0,"draws":0,"losses":0,"trades":0,"profit_factor":0.0},{"date":"08/12/2025","date_ts":1765152000000,"profit_abs":0.0,"wins":0,"draws":0,"losses":0,"trades":0,"profit_factor":0.0},{"date":"15/12/2025","date_ts":1765756800000,"profit_abs":-7.52228116,"wins":1,"draws":0,"losses":1,"trades":2,"profit_factor":0.56721888},{"date":"22/12/2025","date_ts":1766361600000,"profit_abs":0.0,"wins":0,"draws":0,"losses":0,"trades":0,"profit_factor":0.0},{"date":"29/12/2025","date_ts":1766966400000,"profit_abs":0.0,"wins":0,"draws":0,"losses":0,"trades":0,"profit_factor":0.0},{"date":"05/01/2026","date_ts":1767571200000,"profit_abs":0.0,"wins":0,"draws":1,"losses":0,"trades":1,"profit_factor":0.0}],"month":[{"date":"31/10/2025","date_ts":1761868800000,"profit_abs":2.9995308,"wins":1,"draws":1,"losses":0,"trades":2,"profit_factor":0.0},{"date":"30/11/2025","date_ts":1764460800000,"profit_abs":1.5891449,"wins":1,"draws":0,"losses":0,"trades":1,"profit_factor":0.0},{"date":"31/12/2025","date_ts":1767139200000,"profit_abs":-7.52228116,"wins":1,"draws":0,"losses":1,"trades":2,"profit_factor":0.56721888},{"date":"31/01/2026","date_ts":1769817600000,"profit_abs":0.0,"wins":0,"draws":1,"losses":0,"trades":1,"profit_factor":0.0}],"year":[{"date":"31/12/2025","date_ts":1767139200000,"profit_abs":-2.93360546,"wins":3,"draws":1,"losses":1,"trades":5,"profit_factor":0.83122021},{"date":"31/12/2026","date_ts":1798675200000,"profit_abs":0.0,"wins":0,"draws":1,"losses":0,"trades":1,"profit_factor":0.0}],"weekday":[{"date":"Monday","date_ts":0,"profit_abs":-17.38125991,"wins":0,"draws":0,"losses":1,"trades":1,"profit_factor":0.0},{"date":"Tuesday","date_ts":1,"profit_abs":9.85897875,"wins":1,"draws":0,"losses":0,"trades":1,"profit_factor":0.0},{"date":"Wednesday","date_ts":2,"profit_abs":0.0,"wins":0,"draws":1,"losses":0,"trades":1,"profit_factor":0.0},{"date":"Thursday","date_ts":3,"profit_abs":2.9995308,"wins":1,"draws":1,"losses":0,"trades":2,"profit_factor":0.0},{"date":"Friday","date_ts":4,"profit_abs":1.5891449,"wins":1,"draws":0,"losses":0,"trades":1,"profit_factor":0.0}]},"backtest_best_day":0.029722498963783994,"backtest_worst_day":-0.05188374628823421,"backtest_best_day_abs":9.85897875,"backtest_worst_day_abs":-17.38125991,"winning_days":3,"draw_days":82,"losing_days":1,"daily_profit":[["2025-10-08",0.0],["2025-10-09",0.0],["2025-10-10",0.0],["2025-10-11",0.0],["2025-10-12",0.0],["2025-10-13",0.0],["2025-10-14",0.0],["2025-10-15",0.0],["2025-10-16",2.9995308],["2025-10-17",0.0],["2025-10-18",0.0],["2025-10-19",0.0],["2025-10-20",0.0],["2025-10-21",0.0],["2025-10-22",0.0],["2025-10-23",0.0],["2025-10-24",0.0],["2025-10-25",0.0],["2025-10-26",0.0],["2025-10-27",0.0],["2025-10-28",0.0],["2025-10-29",0.0],["2025-10-30",0.0],["2025-10-31",0.0],["2025-11-01",0.0],["2025-11-02",0.0],["2025-11-03",0.0],["2025-11-04",0.0],["2025-11-05",0.0],["2025-11-06",0.0],["2025-11-07",1.5891449],["2025-11-08",0.0],["2025-11-09",0.0],["2025-11-10",0.0],["2025-11-11",0.0],["2025-11-12",0.0],["2025-11-13",0.0],["2025-11-14",0.0],["2025-11-15",0.0],["2025-11-16",0.0],["2025-11-17",0.0],["2025-11-18",0.0],["2025-11-19",0.0],["2025-11-20",0.0],["2025-11-21",0.0],["2025-11-22",0.0],["2025-11-23",0.0],["2025-11-24",0.0],["2025-11-25",0.0],["2025-11-26",0.0],["2025-11-27",0.0],["2025-11-28",0.0],["2025-11-29",0.0],["2025-11-30",0.0],["2025-12-01",0.0],["2025-12-02",0.0],["2025-12-03",0.0],["2025-12-04",0.0],["2025-12-05",0.0],["2025-12-06",0.0],["2025-12-07",0.0],["2025-12-08",0.0],["2025-12-09",9.85897875],["2025-12-10",0.0],["2025-12-11",0.0],["2025-12-12",0.0],["2025-12-13",0.0],["2025-12-14",0.0],["2025-12-15",-17.38125991],["2025-12-16",0.0],["2025-12-17",0.0],["2025-12-18",0.0],["2025-12-19",0.0],["2025-12-20",0.0],["2025-12-21",0.0],["2025-12-22",0.0],["2025-12-23",0.0],["2025-12-24",0.0],["2025-12-25",0.0],["2025-12-26",0.0],["2025-12-27",0.0],["2025-12-28",0.0],["2025-12-29",0.0],["2025-12-30",0.0],["2025-12-31",0.0],["2026-01-01",0.0]],"wins":3,"losses":1,"draws":2,"winrate":0.5,"holding_avg":"7:40:00","holding_avg_s":27600.0,"winner_holding_min":"0d 02:00","winner_holding_min_s":7200.0,"winner_holding_max":"0d 02:00","winner_holding_max_s":7200.0,"winner_holding_avg":"0d 02:00","winner_holding_avg_s":7200.0,"loser_holding_min":"1d 12:00","loser_holding_min_s":129600.0,"loser_holding_max":"1d 12:00","loser_holding_max_s":129600.0,"loser_holding_avg":"1d 12:00","loser_holding_avg_s":129600.0,"max_consecutive_wins":3,"max_consecutive_losses":2,"max_drawdown_account":0.01713371787470244,"max_relative_drawdown":0.01713371787470244,"max_drawdown_abs":17.38125991,"drawdown_start":"2025-12-09 18:00:00","drawdown_start_ts":1765303200000.0,"drawdown_end":"2025-12-15 15:00:00","drawdown_end_ts":1765810800000.0,"drawdown_duration":"5 days 21:00:00","drawdown_duration_s":507600.0,"max_drawdown_low":-2.9336054600000008,"max_drawdown_high":14.44765445,"csum_min":997.06639454,"csum_max":1014.44765445}},"strategy_comparison":[{"key":"ACO_25_4","trades":6,"profit_mean":-0.0013802026694566792,"profit_mean_pct":-0.14,"profit_total_abs":-2.9336054600000008,"profit_total":-0.002933605460000001,"profit_total_pct":-0.29,"duration_avg":"7:40:00","wins":3,"draws":2,"losses":1,"winrate":0.5,"cagr":-0.010994165698226088,"expectancy":-0.48893424333333346,"expectancy_ratio":-0.3614632989322042,"sortino":-100,"sharpe":-0.06994880383082694,"calmar":-3.3722890451012044,"sqn":-0.1324,"profit_factor":0.8312202064067747,"max_drawdown_account":0.01713371787470244,"max_drawdown_abs":"17.381"}]}