{"strategy":{"ACO_57_3":{"trades":[{"pair":"DOGE/USDT","stake_amount":329.93192,"max_stake_amount":329.93192,"amount":2074.0,"open_date":"2025-11-20 15:00:00+00:00","close_date":"2025-11-20 16:00:00+00:00","open_rate":0.15908,"close_rate":0.15113,"fee_open":0.001,"fee_close":0.001,"trade_duration":60,"profit_ratio":-0.051873007555682936,"profit_abs":-17.13167554,"exit_reason":"stop_loss","initial_stop_loss_abs":0.15113,"initial_stop_loss_ratio":-0.05,"stop_loss_abs":0.15113,"stop_loss_ratio":-0.05,"min_rate":0.15,"max_rate":0.15913,"is_open":false,"enter_tag":"","leverage":1.0,"is_short":false,"open_timestamp":1763650800000,"close_timestamp":1763654400000,"orders":[{"amount":2074.0,"safe_price":0.15908,"ft_order_side":"buy","order_filled_timestamp":1763650800000,"ft_is_entry":true,"ft_order_tag":"","cost":330.26185191999997},{"amount":2074.0,"safe_price":0.15113,"ft_order_side":"sell","order_filled_timestamp":1763654400000,"ft_is_entry":false,"ft_order_tag":"stop_loss","cost":313.75706361999994}],"funding_fees":0.0,"weekday":3},{"pair":"DOGE/USDT","stake_amount":324.2008,"max_stake_amount":324.2008,"amount":2216.0,"open_date":"2025-12-09 16:00:00+00:00","close_date":"2025-12-09 18:00:00+00:00","open_rate":0.1463,"close_rate":0.15095,"fee_open":0.001,"fee_close":0.001,"trade_duration":120,"profit_ratio":0.029722498963783997,"profit_abs":9.645694,"exit_reason":"roi","initial_stop_loss_abs":0.13899,"initial_stop_loss_ratio":-0.05,"stop_loss_abs":0.13899,"stop_loss_ratio":-0.05,"min_rate":0.1463,"max_rate":0.15319,"is_open":false,"enter_tag":"","leverage":1.0,"is_short":false,"open_timestamp":1765296000000,"close_timestamp":1765303200000,"orders":[{"amount":2216.0,"safe_price":0.1463,"ft_order_side":"buy","order_filled_timestamp":1765296000000,"ft_is_entry":true,"ft_order_tag":"","cost":324.5250008},{"amount":2216.0,"safe_price":0.15095,"ft_order_side":"sell","order_filled_timestamp":1765303200000,"ft_is_entry":false,"ft_order_tag":"roi","cost":334.83970519999997}],"funding_fees":0.0,"weekday":1}],"locks":[],"best_pair":{"key":"DOGE/USDT","trades":2,"profit_mean":-0.01107525429594947,"profit_mean_pct":-1.11,"profit_total_abs":-7.485981539999999,"profit_total":-0.007485981539999999,"profit_total_pct":-0.75,"duration_avg":"1:30:00","wins":1,"draws":0,"losses":1,"winrate":0.5,"cagr":-0.027878871713307163,"expectancy":-3.7429907699999996,"expectancy_ratio":-0.2184836364231073,"sortino":-100,"sharpe":-0.11012490160031163,"calmar":-8.606441263793895,"sqn":-0.2796,"profit_factor":0.5630327271537855,"max_drawdown_account":0.017131675539999947,"max_drawdown_abs":17.13167554},"worst_pair":{"key":"DOGE/USDT","trades":2,"profit_mean":-0.01107525429594947,"profit_mean_pct":-1.11,"profit_total_abs":-7.485981539999999,"profit_total":-0.007485981539999999,"profit_total_pct":-0.75,"duration_avg":"1:30:00","wins":1,"draws":0,"losses":1,"winrate":0.5,"cagr":-0.027878871713307163,"expectancy":-3.7429907699999996,"expectancy_ratio":-0.2184836364231073,"sortino":-100,"sharpe":-0.11012490160031163,"calmar":-8.606441263793895,"sqn":-0.2796,"profit_factor":0.5630327271537855,"max_drawdown_account":0.017131675539999947,"max_drawdown_abs":17.13167554},"results_per_pair":[{"key":"DOGE/USDT","trades":2,"profit_mean":-0.01107525429594947,"profit_mean_pct":-1.11,"profit_total_abs":-7.485981539999999,"profit_total":-0.007485981539999999,"profit_total_pct":-0.75,"duration_avg":"1:30:00","wins":1,"draws":0,"losses":1,"winrate":0.5,"cagr":-0.027878871713307163,"expectancy":-3.7429907699999996,"expectancy_ratio":-0.2184836364231073,"sortino":-100,"sharpe":-0.11012490160031163,"calmar":-8.606441263793895,"sqn":-0.2796,"profit_factor":0.5630327271537855,"max_drawdown_account":0.017131675539999947,"max_drawdown_abs":17.13167554},{"key":"TOTAL","trades":2,"profit_mean":-0.01107525429594947,"profit_mean_pct":-1.11,"profit_total_abs":-7.485981539999999,"profit_total":-0.007485981539999999,"profit_total_pct":-0.75,"duration_avg":"1:30:00","wins":1,"draws":0,"losses":1,"winrate":0.5,"cagr":-0.027878871713307163,"expectancy":-3.7429907699999996,"expectancy_ratio":-0.2184836364231073,"sortino":-100,"sharpe":-0.11012490160031163,"calmar":-8.606441263793895,"sqn":-0.2796,"profit_factor":0.5630327271537855,"max_drawdown_account":0.017131675539999947,"max_drawdown_abs":17.13167554}],"results_per_enter_tag":[{"key":"","trades":2,"profit_mean":-0.01107525429594947,"profit_mean_pct":-1.11,"profit_total_abs":-7.485981539999999,"profit_total":-0.007485981539999999,"profit_total_pct":-0.75,"duration_avg":"1:30:00","wins":1,"draws":0,"losses":1,"winrate":0.5,"cagr":-0.027878871713307163,"expectancy":-3.7429907699999996,"expectancy_ratio":-0.2184836364231073,"sortino":-100,"sharpe":-0.11012490160031163,"calmar":-8.606441263793895,"sqn":-0.2796,"profit_factor":0.5630327271537855,"max_drawdown_account":0.017131675539999947,"max_drawdown_abs":17.13167554},{"key":"TOTAL","trades":2,"profit_mean":-0.01107525429594947,"profit_mean_pct":-1.11,"profit_total_abs":-7.485981539999999,"profit_total":-0.007485981539999999,"profit_total_pct":-0.75,"duration_avg":"1:30:00","wins":1,"draws":0,"losses":1,"winrate":0.5,"cagr":-0.027878871713307163,"expectancy":-3.7429907699999996,"expectancy_ratio":-0.2184836364231073,"sortino":-100,"sharpe":-0.11012490160031163,"calmar":-8.606441263793895,"sqn":-0.2796,"profit_factor":0.5630327271537855,"max_drawdown_account":0.017131675539999947,"max_drawdown_abs":17.13167554}],"exit_reason_summary":[{"key":"roi","trades":1,"profit_mean":0.029722498963783997,"profit_mean_pct":2.97,"profit_total_abs":9.645694,"profit_total":0.009645694,"profit_total_pct":0.96,"duration_avg":"2:00:00","wins":1,"draws":0,"losses":0,"winrate":1.0,"cagr":0.036782037850755955,"expectancy":9.645694,"expectancy_ratio":100.0,"sortino":-100,"sharpe":-100,"calmar":-100,"sqn":-100.0,"profit_factor":0.0,"max_drawdown_account":0.0,"max_drawdown_abs":0.0},{"key":"stop_loss","trades":1,"profit_mean":-0.051873007555682936,"profit_mean_pct":-5.19,"profit_total_abs":-17.13167554,"profit_total":-0.01713167554,"profit_total_pct":-1.71,"duration_avg":"1:00:00","wins":0,"draws":0,"losses":1,"winrate":0.0,"cagr":-0.06295421449581551,"expectancy":-17.13167554,"expectancy_ratio":-1.0,"sortino":-100,"sharpe":-100,"calmar":-19.69584863354934,"sqn":-100.0,"profit_factor":0.0,"max_drawdown_account":0.017131675539999947,"max_drawdown_abs":17.13167554},{"key":"TOTAL","trades":2,"profit_mean":-0.01107525429594947,"profit_mean_pct":-1.11,"profit_total_abs":-7.485981539999999,"profit_total":-0.007485981539999999,"profit_total_pct":-0.75,"duration_avg":"1:30:00","wins":1,"draws":0,"losses":1,"winrate":0.5,"cagr":-0.027878871713307163,"expectancy":-3.7429907699999996,"expectancy_ratio":-0.2184836364231073,"sortino":-100,"sharpe":-0.11012490160031163,"calmar":-8.606441263793895,"sqn":-0.2796,"profit_factor":0.5630327271537855,"max_drawdown_account":0.017131675539999947,"max_drawdown_abs":17.13167554}],"mix_tag_stats":[{"key":["","roi"],"trades":1,"profit_mean":0.029722498963783997,"profit_mean_pct":2.97,"profit_total_abs":9.645694,"profit_total":0.009645694,"profit_total_pct":0.96,"duration_avg":"2:00:00","wins":1,"draws":0,"losses":0,"winrate":1.0,"cagr":0.036782037850755955,"expectancy":9.645694,"expectancy_ratio":100.0,"sortino":-100,"sharpe":-100,"calmar":-100,"sqn":-100.0,"profit_factor":0.0,"max_drawdown_account":0.0,"max_drawdown_abs":0.0},{"key":["","stop_loss"],"trades":1,"profit_mean":-0.051873007555682936,"profit_mean_pct":-5.19,"profit_total_abs":-17.13167554,"profit_total":-0.01713167554,"profit_total_pct":-1.71,"duration_avg":"1:00:00","wins":0,"draws":0,"losses":1,"winrate":0.0,"cagr":-0.06295421449581551,"expectancy":-17.13167554,"expectancy_ratio":-1.0,"sortino":-100,"sharpe":-100,"calmar":-19.69584863354934,"sqn":-100.0,"profit_factor":0.0,"max_drawdown_account":0.017131675539999947,"max_drawdown_abs":17.13167554},{"key":"TOTAL","trades":2,"profit_mean":-0.01107525429594947,"profit_mean_pct":-1.11,"profit_total_abs":-7.485981539999999,"profit_total":-0.007485981539999999,"profit_total_pct":-0.75,"duration_avg":"1:30:00","wins":1,"draws":0,"losses":1,"winrate":0.5,"cagr":-0.027878871713307163,"expectancy":-3.7429907699999996,"expectancy_ratio":-0.2184836364231073,"sortino":-100,"sharpe":-0.11012490160031163,"calmar":-8.606441263793895,"sqn":-0.2796,"profit_factor":0.5630327271537855,"max_drawdown_account":0.017131675539999947,"max_drawdown_abs":17.13167554}],"left_open_trades":[{"key":"TOTAL","trades":0,"profit_mean":0.0,"profit_mean_pct":0.0,"profit_total_abs":0.0,"profit_total":0.0,"profit_total_pct":0.0,"duration_avg":"0:00","wins":0,"draws":0,"losses":0,"winrate":0.0,"cagr":0.0,"expectancy":0.0,"expectancy_ratio":100.0,"sortino":0,"sharpe":0,"calmar":0,"sqn":0.0,"profit_factor":0.0,"max_drawdown_account":0.0,"max_drawdown_abs":0.0}],"total_trades":2,"trade_count_long":2,"trade_count_short":0,"total_volume":1303.3836215399997,"avg_stake_amount":327.06636000000003,"profit_mean":-0.01107525429594947,"profit_median":-0.01107525429594947,"profit_total":-0.007485981539999999,"profit_total_long":-0.007485981539999999,"profit_total_short":0.0,"profit_total_abs":-7.485981539999999,"profit_total_long_abs":-7.485981539999999,"profit_total_short_abs":0.0,"cagr":-0.027878871713307163,"expectancy":-3.7429907699999996,"expectancy_ratio":-0.2184836364231073,"sortino":-100,"sharpe":-0.11012490160031163,"calmar":-8.606441263793895,"sqn":-0.2796,"profit_factor":0.5630327271537855,"backtest_start":"2025-10-01 00:00:00","backtest_start_ts":1759276800000,"backtest_end":"2026-01-06 20:00:00","backtest_end_ts":1767729600000,"backtest_days":97,"backtest_run_start_ts":1767749906,"backtest_run_end_ts":1767749906,"trades_per_day":0.02,"market_change":-0.36632086436227446,"pairlist":["DOGE/USDT"],"stake_amount":"unlimited","stake_currency":"USDT","stake_currency_decimals":3,"starting_balance":1000,"dry_run_wallet":1000,"final_balance":992.51401846,"rejected_signals":0,"timedout_entry_orders":0,"timedout_exit_orders":0,"canceled_trade_entries":0,"canceled_entry_orders":0,"replaced_entry_orders":0,"max_open_trades":1,"max_open_trades_setting":3,"timeframe":"1h","timeframe_detail":"","timerange":"20251001-","enable_protections":false,"strategy_name":"ACO_57_3","freqaimodel":null,"freqai_identifier":null,"stoploss":-0.05,"trailing_stop":false,"trailing_stop_positive":null,"trailing_stop_positive_offset":0.0,"trailing_only_offset_is_reached":false,"use_custom_stoploss":false,"minimal_roi":{"0":0.1,"60":0.05,"120":0.0},"use_exit_signal":true,"exit_profit_only":false,"exit_profit_offset":0.0,"ignore_roi_if_entry_signal":false,"trading_mode":"spot","margin_mode":"","periodic_breakdown":{"day":[{"date":"20/11/2025","date_ts":1763596800000,"profit_abs":-17.13167554,"wins":0,"draws":0,"losses":1,"trades":1,"profit_factor":0.0},{"date":"21/11/2025","date_ts":1763683200000,"profit_abs":0.0,"wins":0,"draws":0,"losses":0,"trades":0,"profit_factor":0.0},{"date":"22/11/2025","date_ts":1763769600000,"profit_abs":0.0,"wins":0,"draws":0,"losses":0,"trades":0,"profit_factor":0.0},{"date":"23/11/2025","date_ts":1763856000000,"profit_abs":0.0,"wins":0,"draws":0,"losses":0,"trades":0,"profit_factor":0.0},{"date":"24/11/2025","date_ts":1763942400000,"profit_abs":0.0,"wins":0,"draws":0,"losses":0,"trades":0,"profit_factor":0.0},{"date":"25/11/2025","date_ts":1764028800000,"profit_abs":0.0,"wins":0,"draws":0,"losses":0,"trades":0,"profit_factor":0.0},{"date":"26/11/2025","date_ts":1764115200000,"profit_abs":0.0,"wins":0,"draws":0,"losses":0,"trades":0,"profit_factor":0.0},{"date":"27/11/2025","date_ts":1764201600000,"profit_abs":0.0,"wins":0,"draws":0,"losses":0,"trades":0,"profit_factor":0.0},{"date":"28/11/2025","date_ts":1764288000000,"profit_abs":0.0,"wins":0,"draws":0,"losses":0,"trades":0,"profit_factor":0.0},{"date":"29/11/2025","date_ts":1764374400000,"profit_abs":0.0,"wins":0,"draws":0,"losses":0,"trades":0,"profit_factor":0.0},{"date":"30/11/2025","date_ts":1764460800000,"profit_abs":0.0,"wins":0,"draws":0,"losses":0,"trades":0,"profit_factor":0.0},{"date":"01/12/2025","date_ts":1764547200000,"profit_abs":0.0,"wins":0,"draws":0,"losses":0,"trades":0,"profit_factor":0.0},{"date":"02/12/2025","date_ts":1764633600000,"profit_abs":0.0,"wins":0,"draws":0,"losses":0,"trades":0,"profit_factor":0.0},{"date":"03/12/2025","date_ts":1764720000000,"profit_abs":0.0,"wins":0,"draws":0,"losses":0,"trades":0,"profit_factor":0.0},{"date":"04/12/2025","date_ts":1764806400000,"profit_abs":0.0,"wins":0,"draws":0,"losses":0,"trades":0,"profit_factor":0.0},{"date":"05/12/2025","date_ts":1764892800000,"profit_abs":0.0,"wins":0,"draws":0,"losses":0,"trades":0,"profit_factor":0.0},{"date":"06/12/2025","date_ts":1764979200000,"profit_abs":0.0,"wins":0,"draws":0,"losses":0,"trades":0,"profit_factor":0.0},{"date":"07/12/2025","date_ts":1765065600000,"profit_abs":0.0,"wins":0,"draws":0,"losses":0,"trades":0,"profit_factor":0.0},{"date":"08/12/2025","date_ts":1765152000000,"profit_abs":0.0,"wins":0,"draws":0,"losses":0,"trades":0,"profit_factor":0.0},{"date":"09/12/2025","date_ts":1765238400000,"profit_abs":9.645694,"wins":1,"draws":0,"losses":0,"trades":1,"profit_factor":0.0}],"week":[{"date":"24/11/2025","date_ts":1763942400000,"profit_abs":-17.13167554,"wins":0,"draws":0,"losses":1,"trades":1,"profit_factor":0.0},{"date":"01/12/2025","date_ts":1764547200000,"profit_abs":0.0,"wins":0,"draws":0,"losses":0,"trades":0,"profit_factor":0.0},{"date":"08/12/2025","date_ts":1765152000000,"profit_abs":0.0,"wins":0,"draws":0,"losses":0,"trades":0,"profit_factor":0.0},{"date":"15/12/2025","date_ts":1765756800000,"profit_abs":9.645694,"wins":1,"draws":0,"losses":0,"trades":1,"profit_factor":0.0}],"month":[{"date":"30/11/2025","date_ts":1764460800000,"profit_abs":-17.13167554,"wins":0,"draws":0,"losses":1,"trades":1,"profit_factor":0.0},{"date":"31/12/2025","date_ts":1767139200000,"profit_abs":9.645694,"wins":1,"draws":0,"losses":0,"trades":1,"profit_factor":0.0}],"year":[{"date":"31/12/2025","date_ts":1767139200000,"profit_abs":-7.48598154,"wins":1,"draws":0,"losses":1,"trades":2,"profit_factor":0.56303273}],"weekday":[{"date":"Tuesday","date_ts":1,"profit_abs":9.645694,"wins":1,"draws":0,"losses":0,"trades":1,"profit_factor":0.0},{"date":"Thursday","date_ts":3,"profit_abs":-17.13167554,"wins":0,"draws":0,"losses":1,"trades":1,"profit_factor":0.0}]},"backtest_best_day":0.029722498963783997,"backtest_worst_day":-0.051873007555682936,"backtest_best_day_abs":9.645694,"backtest_worst_day_abs":-17.13167554,"winning_days":1,"draw_days":18,"losing_days":1,"daily_profit":[["2025-11-20",-17.13167554],["2025-11-21",0.0],["2025-11-22",0.0],["2025-11-23",0.0],["2025-11-24",0.0],["2025-11-25",0.0],["2025-11-26",0.0],["2025-11-27",0.0],["2025-11-28",0.0],["2025-11-29",0.0],["2025-11-30",0.0],["2025-12-01",0.0],["2025-12-02",0.0],["2025-12-03",0.0],["2025-12-04",0.0],["2025-12-05",0.0],["2025-12-06",0.0],["2025-12-07",0.0],["2025-12-08",0.0],["2025-12-09",9.645694]],"wins":1,"losses":1,"draws":0,"winrate":0.5,"holding_avg":"1:30:00","holding_avg_s":5400.0,"winner_holding_min":"0d 02:00","winner_holding_min_s":7200.0,"winner_holding_max":"0d 02:00","winner_holding_max_s":7200.0,"winner_holding_avg":"0d 02:00","winner_holding_avg_s":7200.0,"loser_holding_min":"0d 01:00","loser_holding_min_s":3600.0,"loser_holding_max":"0d 01:00","loser_holding_max_s":3600.0,"loser_holding_avg":"0d 01:00","loser_holding_avg_s":3600.0,"max_consecutive_wins":1,"max_consecutive_losses":1,"max_drawdown_account":0.017131675539999947,"max_relative_drawdown":0.017131675539999947,"max_drawdown_abs":17.13167554,"drawdown_start":"2025-11-20 16:00:00","drawdown_start_ts":1763654400000.0,"drawdown_end":"2025-11-20 16:00:00","drawdown_end_ts":1763654400000.0,"drawdown_duration":"0 days 00:00:00","drawdown_duration_s":0.0,"max_drawdown_low":-17.13167554,"max_drawdown_high":0.0,"csum_min":982.86832446,"csum_max":992.51401846}},"strategy_comparison":[{"key":"ACO_57_3","trades":2,"profit_mean":-0.01107525429594947,"profit_mean_pct":-1.11,"profit_total_abs":-7.485981539999999,"profit_total":-0.007485981539999999,"profit_total_pct":-0.75,"duration_avg":"1:30:00","wins":1,"draws":0,"losses":1,"winrate":0.5,"cagr":-0.027878871713307163,"expectancy":-3.7429907699999996,"expectancy_ratio":-0.2184836364231073,"sortino":-100,"sharpe":-0.11012490160031163,"calmar":-8.606441263793895,"sqn":-0.2796,"profit_factor":0.5630327271537855,"max_drawdown_account":0.017131675539999947,"max_drawdown_abs":"17.132"}]}