{"strategy":{"ACO_17_23":{"trades":[{"pair":"DOGE/USDT","stake_amount":329.8088,"max_stake_amount":329.8088,"amount":1328.0,"open_date":"2025-10-08 09:00:00+00:00","close_date":"2025-10-08 11:00:00+00:00","open_rate":0.24835,"close_rate":0.2501,"fee_open":0.001,"fee_close":0.001,"trade_duration":120,"profit_ratio":0.0050344260128838345,"profit_abs":1.6620584,"exit_reason":"roi","initial_stop_loss_abs":0.23594,"initial_stop_loss_ratio":-0.05,"stop_loss_abs":0.23594,"stop_loss_ratio":-0.05,"min_rate":0.24742,"max_rate":0.25065,"is_open":false,"enter_tag":"","leverage":1.0,"is_short":false,"open_timestamp":1759914000000,"close_timestamp":1759921200000,"orders":[{"amount":1328.0,"safe_price":0.24835,"ft_order_side":"buy","order_filled_timestamp":1759914000000,"ft_is_entry":true,"ft_order_tag":"","cost":330.13860879999993},{"amount":1328.0,"safe_price":0.2501,"ft_order_side":"sell","order_filled_timestamp":1759921200000,"ft_is_entry":false,"ft_order_tag":"roi","cost":332.46493279999993}],"funding_fees":0.0,"weekday":2},{"pair":"DOGE/USDT","stake_amount":330.484,"max_stake_amount":330.484,"amount":1624.0,"open_date":"2025-10-14 16:00:00+00:00","close_date":"2025-10-14 18:00:00+00:00","open_rate":0.2035,"close_rate":0.20390740740740737,"fee_open":0.001,"fee_close":0.001,"trade_duration":120,"profit_ratio":0.0,"profit_abs":0.0,"exit_reason":"roi","initial_stop_loss_abs":0.19333,"initial_stop_loss_ratio":-0.05,"stop_loss_abs":0.19333,"stop_loss_ratio":-0.05,"min_rate":0.19991,"max_rate":0.2071,"is_open":false,"enter_tag":"","leverage":1.0,"is_short":false,"open_timestamp":1760457600000,"close_timestamp":1760464800000,"orders":[{"amount":1624.0,"safe_price":0.2035,"ft_order_side":"buy","order_filled_timestamp":1760457600000,"ft_is_entry":true,"ft_order_tag":"","cost":330.81448399999994},{"amount":1624.0,"safe_price":0.20390740740740737,"ft_order_side":"sell","order_filled_timestamp":1760464800000,"ft_is_entry":false,"ft_order_tag":"roi","cost":331.47677525925917}],"funding_fees":0.0,"weekday":1},{"pair":"DOGE/USDT","stake_amount":330.38951,"max_stake_amount":330.38951,"amount":1661.0,"open_date":"2025-10-16 07:00:00+00:00","close_date":"2025-10-16 10:00:00+00:00","open_rate":0.19891,"close_rate":0.19814,"fee_open":0.001,"fee_close":0.001,"trade_duration":180,"profit_ratio":-0.0058613650187728916,"profit_abs":-1.93847005,"exit_reason":"exit_signal","initial_stop_loss_abs":0.18897,"initial_stop_loss_ratio":-0.05,"stop_loss_abs":0.18897,"stop_loss_ratio":-0.05,"min_rate":0.19015,"max_rate":0.20062,"is_open":false,"enter_tag":"","leverage":1.0,"is_short":false,"open_timestamp":1760598000000,"close_timestamp":1760608800000,"orders":[{"amount":1661.0,"safe_price":0.19891,"ft_order_side":"buy","order_filled_timestamp":1760598000000,"ft_is_entry":true,"ft_order_tag":"","cost":330.71989951},{"amount":1661.0,"safe_price":0.19814,"ft_order_side":"sell","order_filled_timestamp":1760608800000,"ft_is_entry":false,"ft_order_tag":"exit_signal","cost":329.43965054}],"funding_fees":0.0,"weekday":3},{"pair":"DOGE/USDT","stake_amount":329.8096,"max_stake_amount":329.8096,"amount":1805.0,"open_date":"2025-10-17 12:00:00+00:00","close_date":"2025-10-17 14:00:00+00:00","open_rate":0.18272,"close_rate":0.1833,"fee_open":0.001,"fee_close":0.001,"trade_duration":120,"profit_ratio":0.0011699115245525052,"profit_abs":0.3862339,"exit_reason":"roi","initial_stop_loss_abs":0.17359,"initial_stop_loss_ratio":-0.05,"stop_loss_abs":0.17359,"stop_loss_ratio":-0.05,"min_rate":0.17968,"max_rate":0.18463,"is_open":false,"enter_tag":"","leverage":1.0,"is_short":false,"open_timestamp":1760702400000,"close_timestamp":1760709600000,"orders":[{"amount":1805.0,"safe_price":0.18272,"ft_order_side":"buy","order_filled_timestamp":1760702400000,"ft_is_entry":true,"ft_order_tag":"","cost":330.13940959999996},{"amount":1805.0,"safe_price":0.1833,"ft_order_side":"sell","order_filled_timestamp":1760709600000,"ft_is_entry":false,"ft_order_tag":"roi","cost":331.18735649999996}],"funding_fees":0.0,"weekday":4},{"pair":"DOGE/USDT","stake_amount":329.92008,"max_stake_amount":329.92008,"amount":1806.0,"open_date":"2025-10-31 00:00:00+00:00","close_date":"2025-10-31 02:00:00+00:00","open_rate":0.18268,"close_rate":0.18548,"fee_open":0.001,"fee_close":0.001,"trade_duration":120,"profit_ratio":0.013298722298065412,"profit_abs":4.39190304,"exit_reason":"roi","initial_stop_loss_abs":0.17355,"initial_stop_loss_ratio":-0.05,"stop_loss_abs":0.17355,"stop_loss_ratio":-0.05,"min_rate":0.18228,"max_rate":0.18585,"is_open":false,"enter_tag":"","leverage":1.0,"is_short":false,"open_timestamp":1761868800000,"close_timestamp":1761876000000,"orders":[{"amount":1806.0,"safe_price":0.18268,"ft_order_side":"buy","order_filled_timestamp":1761868800000,"ft_is_entry":true,"ft_order_tag":"","cost":330.25000008},{"amount":1806.0,"safe_price":0.18548,"ft_order_side":"sell","order_filled_timestamp":1761876000000,"ft_is_entry":false,"ft_order_tag":"roi","cost":335.31185687999994}],"funding_fees":0.0,"weekday":4},{"pair":"DOGE/USDT","stake_amount":331.42032,"max_stake_amount":331.42032,"amount":2058.0,"open_date":"2025-11-06 19:00:00+00:00","close_date":"2025-11-06 21:00:00+00:00","open_rate":0.16104,"close_rate":0.16136240240240238,"fee_open":0.001,"fee_close":0.001,"trade_duration":120,"profit_ratio":0.0,"profit_abs":0.0,"exit_reason":"roi","initial_stop_loss_abs":0.15299,"initial_stop_loss_ratio":-0.05,"stop_loss_abs":0.15299,"stop_loss_ratio":-0.05,"min_rate":0.15954,"max_rate":0.16291,"is_open":false,"enter_tag":"","leverage":1.0,"is_short":false,"open_timestamp":1762455600000,"close_timestamp":1762462800000,"orders":[{"amount":2058.0,"safe_price":0.16104,"ft_order_side":"buy","order_filled_timestamp":1762455600000,"ft_is_entry":true,"ft_order_tag":"","cost":331.75174031999995},{"amount":2058.0,"safe_price":0.16136240240240238,"ft_order_side":"sell","order_filled_timestamp":1762462800000,"ft_is_entry":false,"ft_order_tag":"roi","cost":332.4159079682882}],"funding_fees":0.0,"weekday":3},{"pair":"DOGE/USDT","stake_amount":331.35128,"max_stake_amount":331.35128,"amount":1924.0,"open_date":"2025-11-12 07:00:00+00:00","close_date":"2025-11-12 09:00:00+00:00","open_rate":0.17222,"close_rate":0.1741,"fee_open":0.001,"fee_close":0.001,"trade_duration":120,"profit_ratio":0.008896457160305725,"profit_abs":2.95080032,"exit_reason":"roi","initial_stop_loss_abs":0.16361,"initial_stop_loss_ratio":-0.05,"stop_loss_abs":0.16361,"stop_loss_ratio":-0.05,"min_rate":0.17118,"max_rate":0.17554,"is_open":false,"enter_tag":"","leverage":1.0,"is_short":false,"open_timestamp":1762930800000,"close_timestamp":1762938000000,"orders":[{"amount":1924.0,"safe_price":0.17222,"ft_order_side":"buy","order_filled_timestamp":1762930800000,"ft_is_entry":true,"ft_order_tag":"","cost":331.68263128},{"amount":1924.0,"safe_price":0.1741,"ft_order_side":"sell","order_filled_timestamp":1762938000000,"ft_is_entry":false,"ft_order_tag":"roi","cost":335.3033684}],"funding_fees":0.0,"weekday":2},{"pair":"DOGE/USDT","stake_amount":332.41698,"max_stake_amount":332.41698,"amount":2142.0,"open_date":"2025-11-18 05:00:00+00:00","close_date":"2025-11-18 07:00:00+00:00","open_rate":0.15519,"close_rate":0.15550069069069067,"fee_open":0.001,"fee_close":0.001,"trade_duration":120,"profit_ratio":0.0,"profit_abs":0.0,"exit_reason":"roi","initial_stop_loss_abs":0.14744,"initial_stop_loss_ratio":-0.05,"stop_loss_abs":0.14744,"stop_loss_ratio":-0.05,"min_rate":0.15295,"max_rate":0.15623,"is_open":false,"enter_tag":"","leverage":1.0,"is_short":false,"open_timestamp":1763442000000,"close_timestamp":1763449200000,"orders":[{"amount":2142.0,"safe_price":0.15519,"ft_order_side":"buy","order_filled_timestamp":1763442000000,"ft_is_entry":true,"ft_order_tag":"","cost":332.7493969799999},{"amount":2142.0,"safe_price":0.15550069069069067,"ft_order_side":"sell","order_filled_timestamp":1763449200000,"ft_is_entry":false,"ft_order_tag":"roi","cost":333.41556193891887}],"funding_fees":0.0,"weekday":1},{"pair":"DOGE/USDT","stake_amount":332.34092,"max_stake_amount":332.34092,"amount":2372.0,"open_date":"2025-11-21 14:00:00+00:00","close_date":"2025-11-21 16:00:00+00:00","open_rate":0.14011,"close_rate":0.14039050050050048,"fee_open":0.001,"fee_close":0.001,"trade_duration":120,"profit_ratio":0.0,"profit_abs":0.0,"exit_reason":"roi","initial_stop_loss_abs":0.13311,"initial_stop_loss_ratio":-0.05,"stop_loss_abs":0.13311,"stop_loss_ratio":-0.05,"min_rate":0.13575,"max_rate":0.14209,"is_open":false,"enter_tag":"","leverage":1.0,"is_short":false,"open_timestamp":1763733600000,"close_timestamp":1763740800000,"orders":[{"amount":2372.0,"safe_price":0.14011,"ft_order_side":"buy","order_filled_timestamp":1763733600000,"ft_is_entry":true,"ft_order_tag":"","cost":332.67326092},{"amount":2372.0,"safe_price":0.14039050050050048,"ft_order_side":"sell","order_filled_timestamp":1763740800000,"ft_is_entry":false,"ft_order_tag":"roi","cost":333.3392734543743}],"funding_fees":0.0,"weekday":4},{"pair":"DOGE/USDT","stake_amount":332.3592,"max_stake_amount":332.3592,"amount":2484.0,"open_date":"2025-12-01 21:00:00+00:00","close_date":"2025-12-01 23:00:00+00:00","open_rate":0.1338,"close_rate":0.13584,"fee_open":0.001,"fee_close":0.001,"trade_duration":120,"profit_ratio":0.013218171962566583,"profit_abs":4.39757424,"exit_reason":"roi","initial_stop_loss_abs":0.12711,"initial_stop_loss_ratio":-0.05,"stop_loss_abs":0.12711,"stop_loss_ratio":-0.05,"min_rate":0.13376,"max_rate":0.13663,"is_open":false,"enter_tag":"","leverage":1.0,"is_short":false,"open_timestamp":1764622800000,"close_timestamp":1764630000000,"orders":[{"amount":2484.0,"safe_price":0.1338,"ft_order_side":"buy","order_filled_timestamp":1764622800000,"ft_is_entry":true,"ft_order_tag":"","cost":332.6915592},{"amount":2484.0,"safe_price":0.13584,"ft_order_side":"sell","order_filled_timestamp":1764630000000,"ft_is_entry":false,"ft_order_tag":"roi","cost":337.76398656}],"funding_fees":0.0,"weekday":0},{"pair":"DOGE/USDT","stake_amount":333.82526,"max_stake_amount":333.82526,"amount":2386.0,"open_date":"2025-12-06 02:00:00+00:00","close_date":"2025-12-06 10:00:00+00:00","open_rate":0.13991,"close_rate":0.1392,"fee_open":0.001,"fee_close":0.001,"trade_duration":480,"profit_ratio":-0.007062553628202975,"profit_abs":-2.36001646,"exit_reason":"exit_signal","initial_stop_loss_abs":0.13292,"initial_stop_loss_ratio":-0.05,"stop_loss_abs":0.13292,"stop_loss_ratio":-0.05,"min_rate":0.13836,"max_rate":0.1403,"is_open":false,"enter_tag":"","leverage":1.0,"is_short":false,"open_timestamp":1764986400000,"close_timestamp":1765015200000,"orders":[{"amount":2386.0,"safe_price":0.13991,"ft_order_side":"buy","order_filled_timestamp":1764986400000,"ft_is_entry":true,"ft_order_tag":"","cost":334.15908526},{"amount":2386.0,"safe_price":0.1392,"ft_order_side":"sell","order_filled_timestamp":1765015200000,"ft_is_entry":false,"ft_order_tag":"exit_signal","cost":332.4633311999999}],"funding_fees":0.0,"weekday":5},{"pair":"DOGE/USDT","stake_amount":333.00072,"max_stake_amount":333.00072,"amount":2412.0,"open_date":"2025-12-11 19:00:00+00:00","close_date":"2025-12-11 21:00:00+00:00","open_rate":0.13806,"close_rate":0.14006,"fee_open":0.001,"fee_close":0.001,"trade_duration":120,"profit_ratio":0.01245950920005679,"profit_abs":4.15317456,"exit_reason":"roi","initial_stop_loss_abs":0.13116,"initial_stop_loss_ratio":-0.05,"stop_loss_abs":0.13116,"stop_loss_ratio":-0.05,"min_rate":0.13787,"max_rate":0.14281,"is_open":false,"enter_tag":"","leverage":1.0,"is_short":false,"open_timestamp":1765479600000,"close_timestamp":1765486800000,"orders":[{"amount":2412.0,"safe_price":0.13806,"ft_order_side":"buy","order_filled_timestamp":1765479600000,"ft_is_entry":true,"ft_order_tag":"","cost":333.3337207199999},{"amount":2412.0,"safe_price":0.14006,"ft_order_side":"sell","order_filled_timestamp":1765486800000,"ft_is_entry":false,"ft_order_tag":"roi","cost":338.1625447199999}],"funding_fees":0.0,"weekday":3},{"pair":"DOGE/USDT","stake_amount":334.37058,"max_stake_amount":334.37058,"amount":2494.0,"open_date":"2025-12-15 00:00:00+00:00","close_date":"2025-12-15 02:00:00+00:00","open_rate":0.13407,"close_rate":0.1364,"fee_open":0.001,"fee_close":0.001,"trade_duration":120,"profit_ratio":0.015346255892239334,"profit_abs":5.13646782,"exit_reason":"roi","initial_stop_loss_abs":0.12737,"initial_stop_loss_ratio":-0.05,"stop_loss_abs":0.12737,"stop_loss_ratio":-0.05,"min_rate":0.13404,"max_rate":0.13845,"is_open":false,"enter_tag":"","leverage":1.0,"is_short":false,"open_timestamp":1765756800000,"close_timestamp":1765764000000,"orders":[{"amount":2494.0,"safe_price":0.13407,"ft_order_side":"buy","order_filled_timestamp":1765756800000,"ft_is_entry":true,"ft_order_tag":"","cost":334.70495057999995},{"amount":2494.0,"safe_price":0.1364,"ft_order_side":"sell","order_filled_timestamp":1765764000000,"ft_is_entry":false,"ft_order_tag":"roi","cost":340.52178159999994}],"funding_fees":0.0,"weekday":0},{"pair":"DOGE/USDT","stake_amount":336.15478,"max_stake_amount":336.15478,"amount":2587.0,"open_date":"2025-12-16 07:00:00+00:00","close_date":"2025-12-16 10:00:00+00:00","open_rate":0.12994,"close_rate":0.13020014014014014,"fee_open":0.001,"fee_close":0.001,"trade_duration":180,"profit_ratio":0.0,"profit_abs":0.0,"exit_reason":"roi","initial_stop_loss_abs":0.12345,"initial_stop_loss_ratio":-0.05,"stop_loss_abs":0.12345,"stop_loss_ratio":-0.05,"min_rate":0.12831,"max_rate":0.13149,"is_open":false,"enter_tag":"","leverage":1.0,"is_short":false,"open_timestamp":1765868400000,"close_timestamp":1765879200000,"orders":[{"amount":2587.0,"safe_price":0.12994,"ft_order_side":"buy","order_filled_timestamp":1765868400000,"ft_is_entry":true,"ft_order_tag":"","cost":336.49093478},{"amount":2587.0,"safe_price":0.13020014014014014,"ft_order_side":"sell","order_filled_timestamp":1765879200000,"ft_is_entry":false,"ft_order_tag":"roi","cost":337.164590305085}],"funding_fees":0.0,"weekday":1}],"locks":[],"best_pair":{"key":"DOGE/USDT","trades":14,"profit_mean":0.00403568110026388,"profit_mean_pct":0.4,"profit_total_abs":18.77972577,"profit_total":0.01877972577,"profit_total_pct":1.88,"duration_avg":"2:34:00","wins":7,"draws":5,"losses":2,"winrate":0.5,"cagr":0.07251957857475322,"expectancy":1.3414089835714285,"expectancy_ratio":0.2669879760938061,"sortino":17.548845269278157,"sharpe":1.56689624815787,"calmar":158.58608982608126,"sqn":2.0488,"profit_factor":5.3689158326566435,"max_drawdown_account":0.0023323775531077715,"max_drawdown_abs":2.3600164600000006},"worst_pair":{"key":"DOGE/USDT","trades":14,"profit_mean":0.00403568110026388,"profit_mean_pct":0.4,"profit_total_abs":18.77972577,"profit_total":0.01877972577,"profit_total_pct":1.88,"duration_avg":"2:34:00","wins":7,"draws":5,"losses":2,"winrate":0.5,"cagr":0.07251957857475322,"expectancy":1.3414089835714285,"expectancy_ratio":0.2669879760938061,"sortino":17.548845269278157,"sharpe":1.56689624815787,"calmar":158.58608982608126,"sqn":2.0488,"profit_factor":5.3689158326566435,"max_drawdown_account":0.0023323775531077715,"max_drawdown_abs":2.3600164600000006},"results_per_pair":[{"key":"DOGE/USDT","trades":14,"profit_mean":0.00403568110026388,"profit_mean_pct":0.4,"profit_total_abs":18.77972577,"profit_total":0.01877972577,"profit_total_pct":1.88,"duration_avg":"2:34:00","wins":7,"draws":5,"losses":2,"winrate":0.5,"cagr":0.07251957857475322,"expectancy":1.3414089835714285,"expectancy_ratio":0.2669879760938061,"sortino":17.548845269278157,"sharpe":1.56689624815787,"calmar":158.58608982608126,"sqn":2.0488,"profit_factor":5.3689158326566435,"max_drawdown_account":0.0023323775531077715,"max_drawdown_abs":2.3600164600000006},{"key":"TOTAL","trades":14,"profit_mean":0.00403568110026388,"profit_mean_pct":0.4,"profit_total_abs":18.77972577,"profit_total":0.01877972577,"profit_total_pct":1.88,"duration_avg":"2:34:00","wins":7,"draws":5,"losses":2,"winrate":0.5,"cagr":0.07251957857475322,"expectancy":1.3414089835714285,"expectancy_ratio":0.2669879760938061,"sortino":17.548845269278157,"sharpe":1.56689624815787,"calmar":158.58608982608126,"sqn":2.0488,"profit_factor":5.3689158326566435,"max_drawdown_account":0.0023323775531077715,"max_drawdown_abs":2.3600164600000006}],"results_per_enter_tag":[{"key":"","trades":14,"profit_mean":0.00403568110026388,"profit_mean_pct":0.4,"profit_total_abs":18.77972577,"profit_total":0.01877972577,"profit_total_pct":1.88,"duration_avg":"2:34:00","wins":7,"draws":5,"losses":2,"winrate":0.5,"cagr":0.07251957857475322,"expectancy":1.3414089835714285,"expectancy_ratio":0.2669879760938061,"sortino":17.548845269278157,"sharpe":1.56689624815787,"calmar":158.58608982608126,"sqn":2.0488,"profit_factor":5.3689158326566435,"max_drawdown_account":0.0023323775531077715,"max_drawdown_abs":2.3600164600000006},{"key":"TOTAL","trades":14,"profit_mean":0.00403568110026388,"profit_mean_pct":0.4,"profit_total_abs":18.77972577,"profit_total":0.01877972577,"profit_total_pct":1.88,"duration_avg":"2:34:00","wins":7,"draws":5,"losses":2,"winrate":0.5,"cagr":0.07251957857475322,"expectancy":1.3414089835714285,"expectancy_ratio":0.2669879760938061,"sortino":17.548845269278157,"sharpe":1.56689624815787,"calmar":158.58608982608126,"sqn":2.0488,"profit_factor":5.3689158326566435,"max_drawdown_account":0.0023323775531077715,"max_drawdown_abs":2.3600164600000006}],"exit_reason_summary":[{"key":"roi","trades":12,"profit_mean":0.0057852878375558485,"profit_mean_pct":0.58,"profit_total_abs":23.07821228,"profit_total":0.02307821228,"profit_total_pct":2.31,"duration_avg":"2:05:00","wins":7,"draws":5,"losses":0,"winrate":0.5833333333333334,"cagr":0.08964699599277637,"expectancy":1.9231843566666667,"expectancy_ratio":100.0,"sortino":-100,"sharpe":2.238142030014342,"calmar":-100,"sqn":3.1407,"profit_factor":0.0,"max_drawdown_account":0.0,"max_drawdown_abs":0.0},{"key":"exit_signal","trades":2,"profit_mean":-0.006461959323487933,"profit_mean_pct":-0.65,"profit_total_abs":-4.29848651,"profit_total":-0.00429848651,"profit_total_pct":-0.43,"duration_avg":"5:30:00","wins":0,"draws":0,"losses":2,"winrate":0.0,"cagr":-0.01607891235082315,"expectancy":-2.149243255,"expectancy_ratio":-1.0,"sortino":-4.016750594759589,"sharpe":-4.016750594759589,"calmar":-19.695848633549396,"sqn":-10.1969,"profit_factor":0.0,"max_drawdown_account":0.004298486509999975,"max_drawdown_abs":4.29848651},{"key":"TOTAL","trades":14,"profit_mean":0.00403568110026388,"profit_mean_pct":0.4,"profit_total_abs":18.77972577,"profit_total":0.01877972577,"profit_total_pct":1.88,"duration_avg":"2:34:00","wins":7,"draws":5,"losses":2,"winrate":0.5,"cagr":0.07251957857475322,"expectancy":1.3414089835714285,"expectancy_ratio":0.2669879760938061,"sortino":17.548845269278157,"sharpe":1.56689624815787,"calmar":158.58608982608126,"sqn":2.0488,"profit_factor":5.3689158326566435,"max_drawdown_account":0.0023323775531077715,"max_drawdown_abs":2.3600164600000006}],"mix_tag_stats":[{"key":["","roi"],"trades":12,"profit_mean":0.0057852878375558485,"profit_mean_pct":0.58,"profit_total_abs":23.07821228,"profit_total":0.02307821228,"profit_total_pct":2.31,"duration_avg":"2:05:00","wins":7,"draws":5,"losses":0,"winrate":0.5833333333333334,"cagr":0.08964699599277637,"expectancy":1.9231843566666667,"expectancy_ratio":100.0,"sortino":-100,"sharpe":2.238142030014342,"calmar":-100,"sqn":3.1407,"profit_factor":0.0,"max_drawdown_account":0.0,"max_drawdown_abs":0.0},{"key":["","exit_signal"],"trades":2,"profit_mean":-0.006461959323487933,"profit_mean_pct":-0.65,"profit_total_abs":-4.29848651,"profit_total":-0.00429848651,"profit_total_pct":-0.43,"duration_avg":"5:30:00","wins":0,"draws":0,"losses":2,"winrate":0.0,"cagr":-0.01607891235082315,"expectancy":-2.149243255,"expectancy_ratio":-1.0,"sortino":-4.016750594759589,"sharpe":-4.016750594759589,"calmar":-19.695848633549396,"sqn":-10.1969,"profit_factor":0.0,"max_drawdown_account":0.004298486509999975,"max_drawdown_abs":4.29848651},{"key":"TOTAL","trades":14,"profit_mean":0.00403568110026388,"profit_mean_pct":0.4,"profit_total_abs":18.77972577,"profit_total":0.01877972577,"profit_total_pct":1.88,"duration_avg":"2:34:00","wins":7,"draws":5,"losses":2,"winrate":0.5,"cagr":0.07251957857475322,"expectancy":1.3414089835714285,"expectancy_ratio":0.2669879760938061,"sortino":17.548845269278157,"sharpe":1.56689624815787,"calmar":158.58608982608126,"sqn":2.0488,"profit_factor":5.3689158326566435,"max_drawdown_account":0.0023323775531077715,"max_drawdown_abs":2.3600164600000006}],"left_open_trades":[{"key":"TOTAL","trades":0,"profit_mean":0.0,"profit_mean_pct":0.0,"profit_total_abs":0.0,"profit_total":0.0,"profit_total_pct":0.0,"duration_avg":"0:00","wins":0,"draws":0,"losses":0,"winrate":0.0,"cagr":0.0,"expectancy":0.0,"expectancy_ratio":100.0,"sortino":0,"sharpe":0,"calmar":0,"sqn":0.0,"profit_factor":0.0,"max_drawdown_account":0.0,"max_drawdown_abs":0.0}],"total_trades":14,"trade_count_long":14,"trade_count_short":0,"total_volume":9332.730600155925,"avg_stake_amount":331.975145,"profit_mean":0.00403568110026388,"profit_median":0.0005849557622762526,"profit_total":0.01877972577,"profit_total_long":0.01877972577,"profit_total_short":0.0,"profit_total_abs":18.77972577,"profit_total_long_abs":18.77972577,"profit_total_short_abs":0.0,"cagr":0.07251957857475322,"expectancy":1.3414089835714285,"expectancy_ratio":0.2669879760938061,"sortino":17.548845269278157,"sharpe":1.56689624815787,"calmar":158.58608982608126,"sqn":2.0488,"profit_factor":5.3689158326566435,"backtest_start":"2025-10-01 00:00:00","backtest_start_ts":1759276800000,"backtest_end":"2026-01-06 20:00:00","backtest_end_ts":1767729600000,"backtest_days":97,"backtest_run_start_ts":1767740171,"backtest_run_end_ts":1767740171,"trades_per_day":0.14,"market_change":-0.36632086436227446,"pairlist":["DOGE/USDT"],"stake_amount":"unlimited","stake_currency":"USDT","stake_currency_decimals":3,"starting_balance":1000,"dry_run_wallet":1000,"final_balance":1018.77972577,"rejected_signals":0,"timedout_entry_orders":0,"timedout_exit_orders":0,"canceled_trade_entries":0,"canceled_entry_orders":0,"replaced_entry_orders":0,"max_open_trades":1,"max_open_trades_setting":3,"timeframe":"1h","timeframe_detail":"","timerange":"20251001-","enable_protections":false,"strategy_name":"ACO_17_23","freqaimodel":null,"freqai_identifier":null,"stoploss":-0.05,"trailing_stop":false,"trailing_stop_positive":null,"trailing_stop_positive_offset":0.0,"trailing_only_offset_is_reached":false,"use_custom_stoploss":false,"minimal_roi":{"0":0.1,"60":0.05,"120":0.0},"use_exit_signal":true,"exit_profit_only":false,"exit_profit_offset":0.0,"ignore_roi_if_entry_signal":false,"trading_mode":"spot","margin_mode":"","periodic_breakdown":{"day":[{"date":"08/10/2025","date_ts":1759881600000,"profit_abs":1.6620584,"wins":1,"draws":0,"losses":0,"trades":1,"profit_factor":0.0},{"date":"09/10/2025","date_ts":1759968000000,"profit_abs":0.0,"wins":0,"draws":0,"losses":0,"trades":0,"profit_factor":0.0},{"date":"10/10/2025","date_ts":1760054400000,"profit_abs":0.0,"wins":0,"draws":0,"losses":0,"trades":0,"profit_factor":0.0},{"date":"11/10/2025","date_ts":1760140800000,"profit_abs":0.0,"wins":0,"draws":0,"losses":0,"trades":0,"profit_factor":0.0},{"date":"12/10/2025","date_ts":1760227200000,"profit_abs":0.0,"wins":0,"draws":0,"losses":0,"trades":0,"profit_factor":0.0},{"date":"13/10/2025","date_ts":1760313600000,"profit_abs":0.0,"wins":0,"draws":0,"losses":0,"trades":0,"profit_factor":0.0},{"date":"14/10/2025","date_ts":1760400000000,"profit_abs":0.0,"wins":0,"draws":1,"losses":0,"trades":1,"profit_factor":0.0},{"date":"15/10/2025","date_ts":1760486400000,"profit_abs":0.0,"wins":0,"draws":0,"losses":0,"trades":0,"profit_factor":0.0},{"date":"16/10/2025","date_ts":1760572800000,"profit_abs":-1.93847005,"wins":0,"draws":0,"losses":1,"trades":1,"profit_factor":0.0},{"date":"17/10/2025","date_ts":1760659200000,"profit_abs":0.3862339,"wins":1,"draws":0,"losses":0,"trades":1,"profit_factor":0.0},{"date":"18/10/2025","date_ts":1760745600000,"profit_abs":0.0,"wins":0,"draws":0,"losses":0,"trades":0,"profit_factor":0.0},{"date":"19/10/2025","date_ts":1760832000000,"profit_abs":0.0,"wins":0,"draws":0,"losses":0,"trades":0,"profit_factor":0.0},{"date":"20/10/2025","date_ts":1760918400000,"profit_abs":0.0,"wins":0,"draws":0,"losses":0,"trades":0,"profit_factor":0.0},{"date":"21/10/2025","date_ts":1761004800000,"profit_abs":0.0,"wins":0,"draws":0,"losses":0,"trades":0,"profit_factor":0.0},{"date":"22/10/2025","date_ts":1761091200000,"profit_abs":0.0,"wins":0,"draws":0,"losses":0,"trades":0,"profit_factor":0.0},{"date":"23/10/2025","date_ts":1761177600000,"profit_abs":0.0,"wins":0,"draws":0,"losses":0,"trades":0,"profit_factor":0.0},{"date":"24/10/2025","date_ts":1761264000000,"profit_abs":0.0,"wins":0,"draws":0,"losses":0,"trades":0,"profit_factor":0.0},{"date":"25/10/2025","date_ts":1761350400000,"profit_abs":0.0,"wins":0,"draws":0,"losses":0,"trades":0,"profit_factor":0.0},{"date":"26/10/2025","date_ts":1761436800000,"profit_abs":0.0,"wins":0,"draws":0,"losses":0,"trades":0,"profit_factor":0.0},{"date":"27/10/2025","date_ts":1761523200000,"profit_abs":0.0,"wins":0,"draws":0,"losses":0,"trades":0,"profit_factor":0.0},{"date":"28/10/2025","date_ts":1761609600000,"profit_abs":0.0,"wins":0,"draws":0,"losses":0,"trades":0,"profit_factor":0.0},{"date":"29/10/2025","date_ts":1761696000000,"profit_abs":0.0,"wins":0,"draws":0,"losses":0,"trades":0,"profit_factor":0.0},{"date":"30/10/2025","date_ts":1761782400000,"profit_abs":0.0,"wins":0,"draws":0,"losses":0,"trades":0,"profit_factor":0.0},{"date":"31/10/2025","date_ts":1761868800000,"profit_abs":4.39190304,"wins":1,"draws":0,"losses":0,"trades":1,"profit_factor":0.0},{"date":"01/11/2025","date_ts":1761955200000,"profit_abs":0.0,"wins":0,"draws":0,"losses":0,"trades":0,"profit_factor":0.0},{"date":"02/11/2025","date_ts":1762041600000,"profit_abs":0.0,"wins":0,"draws":0,"losses":0,"trades":0,"profit_factor":0.0},{"date":"03/11/2025","date_ts":1762128000000,"profit_abs":0.0,"wins":0,"draws":0,"losses":0,"trades":0,"profit_factor":0.0},{"date":"04/11/2025","date_ts":1762214400000,"profit_abs":0.0,"wins":0,"draws":0,"losses":0,"trades":0,"profit_factor":0.0},{"date":"05/11/2025","date_ts":1762300800000,"profit_abs":0.0,"wins":0,"draws":0,"losses":0,"trades":0,"profit_factor":0.0},{"date":"06/11/2025","date_ts":1762387200000,"profit_abs":0.0,"wins":0,"draws":1,"losses":0,"trades":1,"profit_factor":0.0},{"date":"07/11/2025","date_ts":1762473600000,"profit_abs":0.0,"wins":0,"draws":0,"losses":0,"trades":0,"profit_factor":0.0},{"date":"08/11/2025","date_ts":1762560000000,"profit_abs":0.0,"wins":0,"draws":0,"losses":0,"trades":0,"profit_factor":0.0},{"date":"09/11/2025","date_ts":1762646400000,"profit_abs":0.0,"wins":0,"draws":0,"losses":0,"trades":0,"profit_factor":0.0},{"date":"10/11/2025","date_ts":1762732800000,"profit_abs":0.0,"wins":0,"draws":0,"losses":0,"trades":0,"profit_factor":0.0},{"date":"11/11/2025","date_ts":1762819200000,"profit_abs":0.0,"wins":0,"draws":0,"losses":0,"trades":0,"profit_factor":0.0},{"date":"12/11/2025","date_ts":1762905600000,"profit_abs":2.95080032,"wins":1,"draws":0,"losses":0,"trades":1,"profit_factor":0.0},{"date":"13/11/2025","date_ts":1762992000000,"profit_abs":0.0,"wins":0,"draws":0,"losses":0,"trades":0,"profit_factor":0.0},{"date":"14/11/2025","date_ts":1763078400000,"profit_abs":0.0,"wins":0,"draws":0,"losses":0,"trades":0,"profit_factor":0.0},{"date":"15/11/2025","date_ts":1763164800000,"profit_abs":0.0,"wins":0,"draws":0,"losses":0,"trades":0,"profit_factor":0.0},{"date":"16/11/2025","date_ts":1763251200000,"profit_abs":0.0,"wins":0,"draws":0,"losses":0,"trades":0,"profit_factor":0.0},{"date":"17/11/2025","date_ts":1763337600000,"profit_abs":0.0,"wins":0,"draws":0,"losses":0,"trades":0,"profit_factor":0.0},{"date":"18/11/2025","date_ts":1763424000000,"profit_abs":0.0,"wins":0,"draws":1,"losses":0,"trades":1,"profit_factor":0.0},{"date":"19/11/2025","date_ts":1763510400000,"profit_abs":0.0,"wins":0,"draws":0,"losses":0,"trades":0,"profit_factor":0.0},{"date":"20/11/2025","date_ts":1763596800000,"profit_abs":0.0,"wins":0,"draws":0,"losses":0,"trades":0,"profit_factor":0.0},{"date":"21/11/2025","date_ts":1763683200000,"profit_abs":0.0,"wins":0,"draws":1,"losses":0,"trades":1,"profit_factor":0.0},{"date":"22/11/2025","date_ts":1763769600000,"profit_abs":0.0,"wins":0,"draws":0,"losses":0,"trades":0,"profit_factor":0.0},{"date":"23/11/2025","date_ts":1763856000000,"profit_abs":0.0,"wins":0,"draws":0,"losses":0,"trades":0,"profit_factor":0.0},{"date":"24/11/2025","date_ts":1763942400000,"profit_abs":0.0,"wins":0,"draws":0,"losses":0,"trades":0,"profit_factor":0.0},{"date":"25/11/2025","date_ts":1764028800000,"profit_abs":0.0,"wins":0,"draws":0,"losses":0,"trades":0,"profit_factor":0.0},{"date":"26/11/2025","date_ts":1764115200000,"profit_abs":0.0,"wins":0,"draws":0,"losses":0,"trades":0,"profit_factor":0.0},{"date":"27/11/2025","date_ts":1764201600000,"profit_abs":0.0,"wins":0,"draws":0,"losses":0,"trades":0,"profit_factor":0.0},{"date":"28/11/2025","date_ts":1764288000000,"profit_abs":0.0,"wins":0,"draws":0,"losses":0,"trades":0,"profit_factor":0.0},{"date":"29/11/2025","date_ts":1764374400000,"profit_abs":0.0,"wins":0,"draws":0,"losses":0,"trades":0,"profit_factor":0.0},{"date":"30/11/2025","date_ts":1764460800000,"profit_abs":0.0,"wins":0,"draws":0,"losses":0,"trades":0,"profit_factor":0.0},{"date":"01/12/2025","date_ts":1764547200000,"profit_abs":4.39757424,"wins":1,"draws":0,"losses":0,"trades":1,"profit_factor":0.0},{"date":"02/12/2025","date_ts":1764633600000,"profit_abs":0.0,"wins":0,"draws":0,"losses":0,"trades":0,"profit_factor":0.0},{"date":"03/12/2025","date_ts":1764720000000,"profit_abs":0.0,"wins":0,"draws":0,"losses":0,"trades":0,"profit_factor":0.0},{"date":"04/12/2025","date_ts":1764806400000,"profit_abs":0.0,"wins":0,"draws":0,"losses":0,"trades":0,"profit_factor":0.0},{"date":"05/12/2025","date_ts":1764892800000,"profit_abs":0.0,"wins":0,"draws":0,"losses":0,"trades":0,"profit_factor":0.0},{"date":"06/12/2025","date_ts":1764979200000,"profit_abs":-2.36001646,"wins":0,"draws":0,"losses":1,"trades":1,"profit_factor":0.0},{"date":"07/12/2025","date_ts":1765065600000,"profit_abs":0.0,"wins":0,"draws":0,"losses":0,"trades":0,"profit_factor":0.0},{"date":"08/12/2025","date_ts":1765152000000,"profit_abs":0.0,"wins":0,"draws":0,"losses":0,"trades":0,"profit_factor":0.0},{"date":"09/12/2025","date_ts":1765238400000,"profit_abs":0.0,"wins":0,"draws":0,"losses":0,"trades":0,"profit_factor":0.0},{"date":"10/12/2025","date_ts":1765324800000,"profit_abs":0.0,"wins":0,"draws":0,"losses":0,"trades":0,"profit_factor":0.0},{"date":"11/12/2025","date_ts":1765411200000,"profit_abs":4.15317456,"wins":1,"draws":0,"losses":0,"trades":1,"profit_factor":0.0},{"date":"12/12/2025","date_ts":1765497600000,"profit_abs":0.0,"wins":0,"draws":0,"losses":0,"trades":0,"profit_factor":0.0},{"date":"13/12/2025","date_ts":1765584000000,"profit_abs":0.0,"wins":0,"draws":0,"losses":0,"trades":0,"profit_factor":0.0},{"date":"14/12/2025","date_ts":1765670400000,"profit_abs":0.0,"wins":0,"draws":0,"losses":0,"trades":0,"profit_factor":0.0},{"date":"15/12/2025","date_ts":1765756800000,"profit_abs":5.13646782,"wins":1,"draws":0,"losses":0,"trades":1,"profit_factor":0.0},{"date":"16/12/2025","date_ts":1765843200000,"profit_abs":0.0,"wins":0,"draws":1,"losses":0,"trades":1,"profit_factor":0.0}],"week":[{"date":"13/10/2025","date_ts":1760313600000,"profit_abs":1.6620584,"wins":1,"draws":0,"losses":0,"trades":1,"profit_factor":0.0},{"date":"20/10/2025","date_ts":1760918400000,"profit_abs":-1.55223615,"wins":1,"draws":1,"losses":1,"trades":3,"profit_factor":0.19924677},{"date":"27/10/2025","date_ts":1761523200000,"profit_abs":0.0,"wins":0,"draws":0,"losses":0,"trades":0,"profit_factor":0.0},{"date":"03/11/2025","date_ts":1762128000000,"profit_abs":4.39190304,"wins":1,"draws":0,"losses":0,"trades":1,"profit_factor":0.0},{"date":"10/11/2025","date_ts":1762732800000,"profit_abs":0.0,"wins":0,"draws":1,"losses":0,"trades":1,"profit_factor":0.0},{"date":"17/11/2025","date_ts":1763337600000,"profit_abs":2.95080032,"wins":1,"draws":0,"losses":0,"trades":1,"profit_factor":0.0},{"date":"24/11/2025","date_ts":1763942400000,"profit_abs":0.0,"wins":0,"draws":2,"losses":0,"trades":2,"profit_factor":0.0},{"date":"01/12/2025","date_ts":1764547200000,"profit_abs":4.39757424,"wins":1,"draws":0,"losses":0,"trades":1,"profit_factor":0.0},{"date":"08/12/2025","date_ts":1765152000000,"profit_abs":-2.36001646,"wins":0,"draws":0,"losses":1,"trades":1,"profit_factor":0.0},{"date":"15/12/2025","date_ts":1765756800000,"profit_abs":9.28964238,"wins":2,"draws":0,"losses":0,"trades":2,"profit_factor":0.0},{"date":"22/12/2025","date_ts":1766361600000,"profit_abs":0.0,"wins":0,"draws":1,"losses":0,"trades":1,"profit_factor":0.0}],"month":[{"date":"31/10/2025","date_ts":1761868800000,"profit_abs":4.50172529,"wins":3,"draws":1,"losses":1,"trades":5,"profit_factor":3.32230841},{"date":"30/11/2025","date_ts":1764460800000,"profit_abs":2.95080032,"wins":1,"draws":3,"losses":0,"trades":4,"profit_factor":0.0},{"date":"31/12/2025","date_ts":1767139200000,"profit_abs":11.32720016,"wins":3,"draws":1,"losses":1,"trades":5,"profit_factor":5.79962761}],"year":[{"date":"31/12/2025","date_ts":1767139200000,"profit_abs":18.77972577,"wins":7,"draws":5,"losses":2,"trades":14,"profit_factor":5.36891583}],"weekday":[{"date":"Monday","date_ts":0,"profit_abs":9.53404206,"wins":2,"draws":0,"losses":0,"trades":2,"profit_factor":0.0},{"date":"Tuesday","date_ts":1,"profit_abs":0.0,"wins":0,"draws":3,"losses":0,"trades":3,"profit_factor":0.0},{"date":"Wednesday","date_ts":2,"profit_abs":4.61285872,"wins":2,"draws":0,"losses":0,"trades":2,"profit_factor":0.0},{"date":"Thursday","date_ts":3,"profit_abs":2.21470451,"wins":1,"draws":1,"losses":1,"trades":3,"profit_factor":2.14250128},{"date":"Friday","date_ts":4,"profit_abs":4.77813694,"wins":2,"draws":1,"losses":0,"trades":3,"profit_factor":0.0},{"date":"Saturday","date_ts":5,"profit_abs":-2.36001646,"wins":0,"draws":0,"losses":1,"trades":1,"profit_factor":0.0}]},"backtest_best_day":0.015346255892239334,"backtest_worst_day":-0.007062553628202975,"backtest_best_day_abs":5.13646782,"backtest_worst_day_abs":-2.36001646,"winning_days":7,"draw_days":61,"losing_days":2,"daily_profit":[["2025-10-08",1.6620584],["2025-10-09",0.0],["2025-10-10",0.0],["2025-10-11",0.0],["2025-10-12",0.0],["2025-10-13",0.0],["2025-10-14",0.0],["2025-10-15",0.0],["2025-10-16",-1.93847005],["2025-10-17",0.3862339],["2025-10-18",0.0],["2025-10-19",0.0],["2025-10-20",0.0],["2025-10-21",0.0],["2025-10-22",0.0],["2025-10-23",0.0],["2025-10-24",0.0],["2025-10-25",0.0],["2025-10-26",0.0],["2025-10-27",0.0],["2025-10-28",0.0],["2025-10-29",0.0],["2025-10-30",0.0],["2025-10-31",4.39190304],["2025-11-01",0.0],["2025-11-02",0.0],["2025-11-03",0.0],["2025-11-04",0.0],["2025-11-05",0.0],["2025-11-06",0.0],["2025-11-07",0.0],["2025-11-08",0.0],["2025-11-09",0.0],["2025-11-10",0.0],["2025-11-11",0.0],["2025-11-12",2.95080032],["2025-11-13",0.0],["2025-11-14",0.0],["2025-11-15",0.0],["2025-11-16",0.0],["2025-11-17",0.0],["2025-11-18",0.0],["2025-11-19",0.0],["2025-11-20",0.0],["2025-11-21",0.0],["2025-11-22",0.0],["2025-11-23",0.0],["2025-11-24",0.0],["2025-11-25",0.0],["2025-11-26",0.0],["2025-11-27",0.0],["2025-11-28",0.0],["2025-11-29",0.0],["2025-11-30",0.0],["2025-12-01",4.39757424],["2025-12-02",0.0],["2025-12-03",0.0],["2025-12-04",0.0],["2025-12-05",0.0],["2025-12-06",-2.36001646],["2025-12-07",0.0],["2025-12-08",0.0],["2025-12-09",0.0],["2025-12-10",0.0],["2025-12-11",4.15317456],["2025-12-12",0.0],["2025-12-13",0.0],["2025-12-14",0.0],["2025-12-15",5.13646782],["2025-12-16",0.0]],"wins":7,"losses":2,"draws":5,"winrate":0.5,"holding_avg":"2:34:00","holding_avg_s":9240.0,"winner_holding_min":"0d 02:00","winner_holding_min_s":7200.0,"winner_holding_max":"0d 02:00","winner_holding_max_s":7200.0,"winner_holding_avg":"0d 02:00","winner_holding_avg_s":7200.0,"loser_holding_min":"0d 03:00","loser_holding_min_s":10800.0,"loser_holding_max":"0d 08:00","loser_holding_max_s":28800.0,"loser_holding_avg":"0d 05:30","loser_holding_avg_s":19800.0,"max_consecutive_wins":2,"max_consecutive_losses":2,"max_drawdown_account":0.0023323775531077715,"max_relative_drawdown":0.0023323775531077715,"max_drawdown_abs":2.3600164600000006,"drawdown_start":"2025-12-01 23:00:00","drawdown_start_ts":1764630000000.0,"drawdown_end":"2025-12-06 10:00:00","drawdown_end_ts":1765015200000.0,"drawdown_duration":"4 days 11:00:00","drawdown_duration_s":385200.0,"max_drawdown_low":9.490083389999999,"max_drawdown_high":11.85009985,"csum_min":999.72358835,"csum_max":1018.77972577}},"strategy_comparison":[{"key":"ACO_17_23","trades":14,"profit_mean":0.00403568110026388,"profit_mean_pct":0.4,"profit_total_abs":18.77972577,"profit_total":0.01877972577,"profit_total_pct":1.88,"duration_avg":"2:34:00","wins":7,"draws":5,"losses":2,"winrate":0.5,"cagr":0.07251957857475322,"expectancy":1.3414089835714285,"expectancy_ratio":0.2669879760938061,"sortino":17.548845269278157,"sharpe":1.56689624815787,"calmar":158.58608982608126,"sqn":2.0488,"profit_factor":5.3689158326566435,"max_drawdown_account":0.0023323775531077715,"max_drawdown_abs":"2.36"}]}