{"strategy":{"ACO_10_4":{"trades":[{"pair":"DOGE/USDT","stake_amount":329.89404,"max_stake_amount":329.89404,"amount":1814.0,"open_date":"2025-10-30 17:00:00+00:00","close_date":"2025-10-30 23:00:00+00:00","open_rate":0.18186,"close_rate":0.18222408408408405,"fee_open":0.001,"fee_close":0.001,"trade_duration":360,"profit_ratio":0.0,"profit_abs":0.0,"exit_reason":"roi","initial_stop_loss_abs":0.17277,"initial_stop_loss_ratio":-0.05,"stop_loss_abs":0.17277,"stop_loss_ratio":-0.05,"min_rate":0.17642,"max_rate":0.18287,"is_open":false,"enter_tag":"","leverage":1.0,"is_short":false,"open_timestamp":1761843600000,"close_timestamp":1761865200000,"orders":[{"amount":1814.0,"safe_price":0.18186,"ft_order_side":"buy","order_filled_timestamp":1761843600000,"ft_is_entry":true,"ft_order_tag":"","cost":330.2239340399999},{"amount":1814.0,"safe_price":0.18222408408408405,"ft_order_side":"sell","order_filled_timestamp":1761865200000,"ft_is_entry":false,"ft_order_tag":"roi","cost":330.88504301705694}],"funding_fees":0.0,"weekday":3},{"pair":"DOGE/USDT","stake_amount":329.89954,"max_stake_amount":329.89954,"amount":1901.0,"open_date":"2025-11-03 08:00:00+00:00","close_date":"2025-11-03 11:00:00+00:00","open_rate":0.17354,"close_rate":0.1738874274274274,"fee_open":0.001,"fee_close":0.001,"trade_duration":180,"profit_ratio":0.0,"profit_abs":0.0,"exit_reason":"roi","initial_stop_loss_abs":0.16487,"initial_stop_loss_ratio":-0.05,"stop_loss_abs":0.16487,"stop_loss_ratio":-0.05,"min_rate":0.1714,"max_rate":0.17534,"is_open":false,"enter_tag":"","leverage":1.0,"is_short":false,"open_timestamp":1762156800000,"close_timestamp":1762167600000,"orders":[{"amount":1901.0,"safe_price":0.17354,"ft_order_side":"buy","order_filled_timestamp":1762156800000,"ft_is_entry":true,"ft_order_tag":"","cost":330.22943954},{"amount":1901.0,"safe_price":0.1738874274274274,"ft_order_side":"sell","order_filled_timestamp":1762167600000,"ft_is_entry":false,"ft_order_tag":"roi","cost":330.890559539079}],"funding_fees":0.0,"weekday":0},{"pair":"DOGE/USDT","stake_amount":329.88924,"max_stake_amount":329.88924,"amount":2412.0,"open_date":"2025-11-21 12:00:00+00:00","close_date":"2025-11-21 14:00:00+00:00","open_rate":0.13677,"close_rate":0.14011,"fee_open":0.001,"fee_close":0.001,"trade_duration":120,"profit_ratio":0.022373765738538717,"profit_abs":7.38824544,"exit_reason":"roi","initial_stop_loss_abs":0.12994,"initial_stop_loss_ratio":-0.05,"stop_loss_abs":0.12994,"stop_loss_ratio":-0.05,"min_rate":0.13321,"max_rate":0.14209,"is_open":false,"enter_tag":"","leverage":1.0,"is_short":false,"open_timestamp":1763726400000,"close_timestamp":1763733600000,"orders":[{"amount":2412.0,"safe_price":0.13677,"ft_order_side":"buy","order_filled_timestamp":1763726400000,"ft_is_entry":true,"ft_order_tag":"","cost":330.21912924},{"amount":2412.0,"safe_price":0.14011,"ft_order_side":"sell","order_filled_timestamp":1763733600000,"ft_is_entry":false,"ft_order_tag":"roi","cost":338.28326532}],"funding_fees":0.0,"weekday":4},{"pair":"DOGE/USDT","stake_amount":332.36007,"max_stake_amount":332.36007,"amount":2429.0,"open_date":"2025-12-01 05:00:00+00:00","close_date":"2025-12-01 07:00:00+00:00","open_rate":0.13683,"close_rate":0.1371039339339339,"fee_open":0.001,"fee_close":0.001,"trade_duration":120,"profit_ratio":0.0,"profit_abs":0.0,"exit_reason":"roi","initial_stop_loss_abs":0.12999,"initial_stop_loss_ratio":-0.05,"stop_loss_abs":0.12999,"stop_loss_ratio":-0.05,"min_rate":0.13655,"max_rate":0.13778,"is_open":false,"enter_tag":"","leverage":1.0,"is_short":false,"open_timestamp":1764565200000,"close_timestamp":1764572400000,"orders":[{"amount":2429.0,"safe_price":0.13683,"ft_order_side":"buy","order_filled_timestamp":1764565200000,"ft_is_entry":true,"ft_order_tag":"","cost":332.69243006999994},{"amount":2429.0,"safe_price":0.1371039339339339,"ft_order_side":"sell","order_filled_timestamp":1764572400000,"ft_is_entry":false,"ft_order_tag":"roi","cost":333.358480981051}],"funding_fees":0.0,"weekday":0},{"pair":"DOGE/USDT","stake_amount":332.325,"max_stake_amount":332.325,"amount":2500.0,"open_date":"2025-12-01 18:00:00+00:00","close_date":"2025-12-01 20:00:00+00:00","open_rate":0.13293,"close_rate":0.13327,"fee_open":0.001,"fee_close":0.001,"trade_duration":120,"profit_ratio":0.0005546247929457137,"profit_abs":0.1845,"exit_reason":"roi","initial_stop_loss_abs":0.12629,"initial_stop_loss_ratio":-0.05,"stop_loss_abs":0.12629,"stop_loss_ratio":-0.05,"min_rate":0.13262,"max_rate":0.13493,"is_open":false,"enter_tag":"","leverage":1.0,"is_short":false,"open_timestamp":1764612000000,"close_timestamp":1764619200000,"orders":[{"amount":2500.0,"safe_price":0.13293,"ft_order_side":"buy","order_filled_timestamp":1764612000000,"ft_is_entry":true,"ft_order_tag":"","cost":332.65732499999996},{"amount":2500.0,"safe_price":0.13327,"ft_order_side":"sell","order_filled_timestamp":1764619200000,"ft_is_entry":false,"ft_order_tag":"roi","cost":333.508175}],"funding_fees":0.0,"weekday":0},{"pair":"DOGE/USDT","stake_amount":332.4276,"max_stake_amount":332.4276,"amount":2589.0,"open_date":"2025-12-15 19:00:00+00:00","close_date":"2025-12-15 21:00:00+00:00","open_rate":0.1284,"close_rate":0.12865705705705702,"fee_open":0.001,"fee_close":0.001,"trade_duration":120,"profit_ratio":0.0,"profit_abs":0.0,"exit_reason":"roi","initial_stop_loss_abs":0.12198,"initial_stop_loss_ratio":-0.05,"stop_loss_abs":0.12198,"stop_loss_ratio":-0.05,"min_rate":0.12752,"max_rate":0.12942,"is_open":false,"enter_tag":"","leverage":1.0,"is_short":false,"open_timestamp":1765825200000,"close_timestamp":1765832400000,"orders":[{"amount":2589.0,"safe_price":0.1284,"ft_order_side":"buy","order_filled_timestamp":1765825200000,"ft_is_entry":true,"ft_order_tag":"","cost":332.76002759999994},{"amount":2589.0,"safe_price":0.12865705705705702,"ft_order_side":"sell","order_filled_timestamp":1765832400000,"ft_is_entry":false,"ft_order_tag":"roi","cost":333.42621384144127}],"funding_fees":0.0,"weekday":0}],"locks":[],"best_pair":{"key":"DOGE/USDT","trades":6,"profit_mean":0.0038213984219140715,"profit_mean_pct":0.38,"profit_total_abs":7.57274544,"profit_total":0.0075727454400000005,"profit_total_pct":0.76,"duration_avg":"2:50:00","wins":2,"draws":4,"losses":0,"winrate":0.3333333333333333,"cagr":0.02879481004059703,"expectancy":1.26212424,"expectancy_ratio":100.0,"sortino":-100,"sharpe":0.5442472048157433,"calmar":-100,"sqn":1.0298,"profit_factor":0.0,"max_drawdown_account":0.0,"max_drawdown_abs":0.0},"worst_pair":{"key":"DOGE/USDT","trades":6,"profit_mean":0.0038213984219140715,"profit_mean_pct":0.38,"profit_total_abs":7.57274544,"profit_total":0.0075727454400000005,"profit_total_pct":0.76,"duration_avg":"2:50:00","wins":2,"draws":4,"losses":0,"winrate":0.3333333333333333,"cagr":0.02879481004059703,"expectancy":1.26212424,"expectancy_ratio":100.0,"sortino":-100,"sharpe":0.5442472048157433,"calmar":-100,"sqn":1.0298,"profit_factor":0.0,"max_drawdown_account":0.0,"max_drawdown_abs":0.0},"results_per_pair":[{"key":"DOGE/USDT","trades":6,"profit_mean":0.0038213984219140715,"profit_mean_pct":0.38,"profit_total_abs":7.57274544,"profit_total":0.0075727454400000005,"profit_total_pct":0.76,"duration_avg":"2:50:00","wins":2,"draws":4,"losses":0,"winrate":0.3333333333333333,"cagr":0.02879481004059703,"expectancy":1.26212424,"expectancy_ratio":100.0,"sortino":-100,"sharpe":0.5442472048157433,"calmar":-100,"sqn":1.0298,"profit_factor":0.0,"max_drawdown_account":0.0,"max_drawdown_abs":0.0},{"key":"TOTAL","trades":6,"profit_mean":0.0038213984219140715,"profit_mean_pct":0.38,"profit_total_abs":7.57274544,"profit_total":0.0075727454400000005,"profit_total_pct":0.76,"duration_avg":"2:50:00","wins":2,"draws":4,"losses":0,"winrate":0.3333333333333333,"cagr":0.02879481004059703,"expectancy":1.26212424,"expectancy_ratio":100.0,"sortino":-100,"sharpe":0.5442472048157433,"calmar":-100,"sqn":1.0298,"profit_factor":0.0,"max_drawdown_account":0.0,"max_drawdown_abs":0.0}],"results_per_enter_tag":[{"key":"","trades":6,"profit_mean":0.0038213984219140715,"profit_mean_pct":0.38,"profit_total_abs":7.57274544,"profit_total":0.0075727454400000005,"profit_total_pct":0.76,"duration_avg":"2:50:00","wins":2,"draws":4,"losses":0,"winrate":0.3333333333333333,"cagr":0.02879481004059703,"expectancy":1.26212424,"expectancy_ratio":100.0,"sortino":-100,"sharpe":0.5442472048157433,"calmar":-100,"sqn":1.0298,"profit_factor":0.0,"max_drawdown_account":0.0,"max_drawdown_abs":0.0},{"key":"TOTAL","trades":6,"profit_mean":0.0038213984219140715,"profit_mean_pct":0.38,"profit_total_abs":7.57274544,"profit_total":0.0075727454400000005,"profit_total_pct":0.76,"duration_avg":"2:50:00","wins":2,"draws":4,"losses":0,"winrate":0.3333333333333333,"cagr":0.02879481004059703,"expectancy":1.26212424,"expectancy_ratio":100.0,"sortino":-100,"sharpe":0.5442472048157433,"calmar":-100,"sqn":1.0298,"profit_factor":0.0,"max_drawdown_account":0.0,"max_drawdown_abs":0.0}],"exit_reason_summary":[{"key":"roi","trades":6,"profit_mean":0.0038213984219140715,"profit_mean_pct":0.38,"profit_total_abs":7.57274544,"profit_total":0.0075727454400000005,"profit_total_pct":0.76,"duration_avg":"2:50:00","wins":2,"draws":4,"losses":0,"winrate":0.3333333333333333,"cagr":0.02879481004059703,"expectancy":1.26212424,"expectancy_ratio":100.0,"sortino":-100,"sharpe":0.5442472048157433,"calmar":-100,"sqn":1.0298,"profit_factor":0.0,"max_drawdown_account":0.0,"max_drawdown_abs":0.0},{"key":"TOTAL","trades":6,"profit_mean":0.0038213984219140715,"profit_mean_pct":0.38,"profit_total_abs":7.57274544,"profit_total":0.0075727454400000005,"profit_total_pct":0.76,"duration_avg":"2:50:00","wins":2,"draws":4,"losses":0,"winrate":0.3333333333333333,"cagr":0.02879481004059703,"expectancy":1.26212424,"expectancy_ratio":100.0,"sortino":-100,"sharpe":0.5442472048157433,"calmar":-100,"sqn":1.0298,"profit_factor":0.0,"max_drawdown_account":0.0,"max_drawdown_abs":0.0}],"mix_tag_stats":[{"key":["","roi"],"trades":6,"profit_mean":0.0038213984219140715,"profit_mean_pct":0.38,"profit_total_abs":7.57274544,"profit_total":0.0075727454400000005,"profit_total_pct":0.76,"duration_avg":"2:50:00","wins":2,"draws":4,"losses":0,"winrate":0.3333333333333333,"cagr":0.02879481004059703,"expectancy":1.26212424,"expectancy_ratio":100.0,"sortino":-100,"sharpe":0.5442472048157433,"calmar":-100,"sqn":1.0298,"profit_factor":0.0,"max_drawdown_account":0.0,"max_drawdown_abs":0.0},{"key":"TOTAL","trades":6,"profit_mean":0.0038213984219140715,"profit_mean_pct":0.38,"profit_total_abs":7.57274544,"profit_total":0.0075727454400000005,"profit_total_pct":0.76,"duration_avg":"2:50:00","wins":2,"draws":4,"losses":0,"winrate":0.3333333333333333,"cagr":0.02879481004059703,"expectancy":1.26212424,"expectancy_ratio":100.0,"sortino":-100,"sharpe":0.5442472048157433,"calmar":-100,"sqn":1.0298,"profit_factor":0.0,"max_drawdown_account":0.0,"max_drawdown_abs":0.0}],"left_open_trades":[{"key":"TOTAL","trades":0,"profit_mean":0.0,"profit_mean_pct":0.0,"profit_total_abs":0.0,"profit_total":0.0,"profit_total_pct":0.0,"duration_avg":"0:00","wins":0,"draws":0,"losses":0,"winrate":0.0,"cagr":0.0,"expectancy":0.0,"expectancy_ratio":100.0,"sortino":0,"sharpe":0,"calmar":0,"sqn":0.0,"profit_factor":0.0,"max_drawdown_account":0.0,"max_drawdown_abs":0.0}],"total_trades":6,"trade_count_long":6,"trade_count_short":0,"total_volume":3989.134023188628,"avg_stake_amount":331.1325816666667,"profit_mean":0.0038213984219140715,"profit_median":0.0,"profit_total":0.0075727454400000005,"profit_total_long":0.0075727454400000005,"profit_total_short":0.0,"profit_total_abs":7.57274544,"profit_total_long_abs":7.57274544,"profit_total_short_abs":0.0,"cagr":0.02879481004059703,"expectancy":1.26212424,"expectancy_ratio":100.0,"sortino":-100,"sharpe":0.5442472048157433,"calmar":-100,"sqn":1.0298,"profit_factor":0.0,"backtest_start":"2025-10-01 00:00:00","backtest_start_ts":1759276800000,"backtest_end":"2026-01-06 20:00:00","backtest_end_ts":1767729600000,"backtest_days":97,"backtest_run_start_ts":1767751150,"backtest_run_end_ts":1767751151,"trades_per_day":0.06,"market_change":-0.36632086436227446,"pairlist":["DOGE/USDT"],"stake_amount":"unlimited","stake_currency":"USDT","stake_currency_decimals":3,"starting_balance":1000,"dry_run_wallet":1000,"final_balance":1007.57274544,"rejected_signals":0,"timedout_entry_orders":0,"timedout_exit_orders":0,"canceled_trade_entries":0,"canceled_entry_orders":0,"replaced_entry_orders":0,"max_open_trades":1,"max_open_trades_setting":3,"timeframe":"1h","timeframe_detail":"","timerange":"20251001-","enable_protections":false,"strategy_name":"ACO_10_4","freqaimodel":null,"freqai_identifier":null,"stoploss":-0.05,"trailing_stop":false,"trailing_stop_positive":null,"trailing_stop_positive_offset":0.0,"trailing_only_offset_is_reached":false,"use_custom_stoploss":false,"minimal_roi":{"0":0.1,"60":0.05,"120":0.0},"use_exit_signal":true,"exit_profit_only":false,"exit_profit_offset":0.0,"ignore_roi_if_entry_signal":false,"trading_mode":"spot","margin_mode":"","periodic_breakdown":{"day":[{"date":"30/10/2025","date_ts":1761782400000,"profit_abs":0.0,"wins":0,"draws":1,"losses":0,"trades":1,"profit_factor":0.0},{"date":"31/10/2025","date_ts":1761868800000,"profit_abs":0.0,"wins":0,"draws":0,"losses":0,"trades":0,"profit_factor":0.0},{"date":"01/11/2025","date_ts":1761955200000,"profit_abs":0.0,"wins":0,"draws":0,"losses":0,"trades":0,"profit_factor":0.0},{"date":"02/11/2025","date_ts":1762041600000,"profit_abs":0.0,"wins":0,"draws":0,"losses":0,"trades":0,"profit_factor":0.0},{"date":"03/11/2025","date_ts":1762128000000,"profit_abs":0.0,"wins":0,"draws":1,"losses":0,"trades":1,"profit_factor":0.0},{"date":"04/11/2025","date_ts":1762214400000,"profit_abs":0.0,"wins":0,"draws":0,"losses":0,"trades":0,"profit_factor":0.0},{"date":"05/11/2025","date_ts":1762300800000,"profit_abs":0.0,"wins":0,"draws":0,"losses":0,"trades":0,"profit_factor":0.0},{"date":"06/11/2025","date_ts":1762387200000,"profit_abs":0.0,"wins":0,"draws":0,"losses":0,"trades":0,"profit_factor":0.0},{"date":"07/11/2025","date_ts":1762473600000,"profit_abs":0.0,"wins":0,"draws":0,"losses":0,"trades":0,"profit_factor":0.0},{"date":"08/11/2025","date_ts":1762560000000,"profit_abs":0.0,"wins":0,"draws":0,"losses":0,"trades":0,"profit_factor":0.0},{"date":"09/11/2025","date_ts":1762646400000,"profit_abs":0.0,"wins":0,"draws":0,"losses":0,"trades":0,"profit_factor":0.0},{"date":"10/11/2025","date_ts":1762732800000,"profit_abs":0.0,"wins":0,"draws":0,"losses":0,"trades":0,"profit_factor":0.0},{"date":"11/11/2025","date_ts":1762819200000,"profit_abs":0.0,"wins":0,"draws":0,"losses":0,"trades":0,"profit_factor":0.0},{"date":"12/11/2025","date_ts":1762905600000,"profit_abs":0.0,"wins":0,"draws":0,"losses":0,"trades":0,"profit_factor":0.0},{"date":"13/11/2025","date_ts":1762992000000,"profit_abs":0.0,"wins":0,"draws":0,"losses":0,"trades":0,"profit_factor":0.0},{"date":"14/11/2025","date_ts":1763078400000,"profit_abs":0.0,"wins":0,"draws":0,"losses":0,"trades":0,"profit_factor":0.0},{"date":"15/11/2025","date_ts":1763164800000,"profit_abs":0.0,"wins":0,"draws":0,"losses":0,"trades":0,"profit_factor":0.0},{"date":"16/11/2025","date_ts":1763251200000,"profit_abs":0.0,"wins":0,"draws":0,"losses":0,"trades":0,"profit_factor":0.0},{"date":"17/11/2025","date_ts":1763337600000,"profit_abs":0.0,"wins":0,"draws":0,"losses":0,"trades":0,"profit_factor":0.0},{"date":"18/11/2025","date_ts":1763424000000,"profit_abs":0.0,"wins":0,"draws":0,"losses":0,"trades":0,"profit_factor":0.0},{"date":"19/11/2025","date_ts":1763510400000,"profit_abs":0.0,"wins":0,"draws":0,"losses":0,"trades":0,"profit_factor":0.0},{"date":"20/11/2025","date_ts":1763596800000,"profit_abs":0.0,"wins":0,"draws":0,"losses":0,"trades":0,"profit_factor":0.0},{"date":"21/11/2025","date_ts":1763683200000,"profit_abs":7.38824544,"wins":1,"draws":0,"losses":0,"trades":1,"profit_factor":0.0},{"date":"22/11/2025","date_ts":1763769600000,"profit_abs":0.0,"wins":0,"draws":0,"losses":0,"trades":0,"profit_factor":0.0},{"date":"23/11/2025","date_ts":1763856000000,"profit_abs":0.0,"wins":0,"draws":0,"losses":0,"trades":0,"profit_factor":0.0},{"date":"24/11/2025","date_ts":1763942400000,"profit_abs":0.0,"wins":0,"draws":0,"losses":0,"trades":0,"profit_factor":0.0},{"date":"25/11/2025","date_ts":1764028800000,"profit_abs":0.0,"wins":0,"draws":0,"losses":0,"trades":0,"profit_factor":0.0},{"date":"26/11/2025","date_ts":1764115200000,"profit_abs":0.0,"wins":0,"draws":0,"losses":0,"trades":0,"profit_factor":0.0},{"date":"27/11/2025","date_ts":1764201600000,"profit_abs":0.0,"wins":0,"draws":0,"losses":0,"trades":0,"profit_factor":0.0},{"date":"28/11/2025","date_ts":1764288000000,"profit_abs":0.0,"wins":0,"draws":0,"losses":0,"trades":0,"profit_factor":0.0},{"date":"29/11/2025","date_ts":1764374400000,"profit_abs":0.0,"wins":0,"draws":0,"losses":0,"trades":0,"profit_factor":0.0},{"date":"30/11/2025","date_ts":1764460800000,"profit_abs":0.0,"wins":0,"draws":0,"losses":0,"trades":0,"profit_factor":0.0},{"date":"01/12/2025","date_ts":1764547200000,"profit_abs":0.1845,"wins":1,"draws":1,"losses":0,"trades":2,"profit_factor":0.0},{"date":"02/12/2025","date_ts":1764633600000,"profit_abs":0.0,"wins":0,"draws":0,"losses":0,"trades":0,"profit_factor":0.0},{"date":"03/12/2025","date_ts":1764720000000,"profit_abs":0.0,"wins":0,"draws":0,"losses":0,"trades":0,"profit_factor":0.0},{"date":"04/12/2025","date_ts":1764806400000,"profit_abs":0.0,"wins":0,"draws":0,"losses":0,"trades":0,"profit_factor":0.0},{"date":"05/12/2025","date_ts":1764892800000,"profit_abs":0.0,"wins":0,"draws":0,"losses":0,"trades":0,"profit_factor":0.0},{"date":"06/12/2025","date_ts":1764979200000,"profit_abs":0.0,"wins":0,"draws":0,"losses":0,"trades":0,"profit_factor":0.0},{"date":"07/12/2025","date_ts":1765065600000,"profit_abs":0.0,"wins":0,"draws":0,"losses":0,"trades":0,"profit_factor":0.0},{"date":"08/12/2025","date_ts":1765152000000,"profit_abs":0.0,"wins":0,"draws":0,"losses":0,"trades":0,"profit_factor":0.0},{"date":"09/12/2025","date_ts":1765238400000,"profit_abs":0.0,"wins":0,"draws":0,"losses":0,"trades":0,"profit_factor":0.0},{"date":"10/12/2025","date_ts":1765324800000,"profit_abs":0.0,"wins":0,"draws":0,"losses":0,"trades":0,"profit_factor":0.0},{"date":"11/12/2025","date_ts":1765411200000,"profit_abs":0.0,"wins":0,"draws":0,"losses":0,"trades":0,"profit_factor":0.0},{"date":"12/12/2025","date_ts":1765497600000,"profit_abs":0.0,"wins":0,"draws":0,"losses":0,"trades":0,"profit_factor":0.0},{"date":"13/12/2025","date_ts":1765584000000,"profit_abs":0.0,"wins":0,"draws":0,"losses":0,"trades":0,"profit_factor":0.0},{"date":"14/12/2025","date_ts":1765670400000,"profit_abs":0.0,"wins":0,"draws":0,"losses":0,"trades":0,"profit_factor":0.0},{"date":"15/12/2025","date_ts":1765756800000,"profit_abs":0.0,"wins":0,"draws":1,"losses":0,"trades":1,"profit_factor":0.0}],"week":[{"date":"03/11/2025","date_ts":1762128000000,"profit_abs":0.0,"wins":0,"draws":2,"losses":0,"trades":2,"profit_factor":0.0},{"date":"10/11/2025","date_ts":1762732800000,"profit_abs":0.0,"wins":0,"draws":0,"losses":0,"trades":0,"profit_factor":0.0},{"date":"17/11/2025","date_ts":1763337600000,"profit_abs":0.0,"wins":0,"draws":0,"losses":0,"trades":0,"profit_factor":0.0},{"date":"24/11/2025","date_ts":1763942400000,"profit_abs":7.38824544,"wins":1,"draws":0,"losses":0,"trades":1,"profit_factor":0.0},{"date":"01/12/2025","date_ts":1764547200000,"profit_abs":0.1845,"wins":1,"draws":1,"losses":0,"trades":2,"profit_factor":0.0},{"date":"08/12/2025","date_ts":1765152000000,"profit_abs":0.0,"wins":0,"draws":0,"losses":0,"trades":0,"profit_factor":0.0},{"date":"15/12/2025","date_ts":1765756800000,"profit_abs":0.0,"wins":0,"draws":1,"losses":0,"trades":1,"profit_factor":0.0}],"month":[{"date":"31/10/2025","date_ts":1761868800000,"profit_abs":0.0,"wins":0,"draws":1,"losses":0,"trades":1,"profit_factor":0.0},{"date":"30/11/2025","date_ts":1764460800000,"profit_abs":7.38824544,"wins":1,"draws":1,"losses":0,"trades":2,"profit_factor":0.0},{"date":"31/12/2025","date_ts":1767139200000,"profit_abs":0.1845,"wins":1,"draws":2,"losses":0,"trades":3,"profit_factor":0.0}],"year":[{"date":"31/12/2025","date_ts":1767139200000,"profit_abs":7.57274544,"wins":2,"draws":4,"losses":0,"trades":6,"profit_factor":0.0}],"weekday":[{"date":"Monday","date_ts":0,"profit_abs":0.1845,"wins":1,"draws":3,"losses":0,"trades":4,"profit_factor":0.0},{"date":"Thursday","date_ts":3,"profit_abs":0.0,"wins":0,"draws":1,"losses":0,"trades":1,"profit_factor":0.0},{"date":"Friday","date_ts":4,"profit_abs":7.38824544,"wins":1,"draws":0,"losses":0,"trades":1,"profit_factor":0.0}]},"backtest_best_day":0.022373765738538717,"backtest_worst_day":0.0,"backtest_best_day_abs":7.38824544,"backtest_worst_day_abs":0.0,"winning_days":2,"draw_days":45,"losing_days":0,"daily_profit":[["2025-10-30",0.0],["2025-10-31",0.0],["2025-11-01",0.0],["2025-11-02",0.0],["2025-11-03",0.0],["2025-11-04",0.0],["2025-11-05",0.0],["2025-11-06",0.0],["2025-11-07",0.0],["2025-11-08",0.0],["2025-11-09",0.0],["2025-11-10",0.0],["2025-11-11",0.0],["2025-11-12",0.0],["2025-11-13",0.0],["2025-11-14",0.0],["2025-11-15",0.0],["2025-11-16",0.0],["2025-11-17",0.0],["2025-11-18",0.0],["2025-11-19",0.0],["2025-11-20",0.0],["2025-11-21",7.38824544],["2025-11-22",0.0],["2025-11-23",0.0],["2025-11-24",0.0],["2025-11-25",0.0],["2025-11-26",0.0],["2025-11-27",0.0],["2025-11-28",0.0],["2025-11-29",0.0],["2025-11-30",0.0],["2025-12-01",0.1845],["2025-12-02",0.0],["2025-12-03",0.0],["2025-12-04",0.0],["2025-12-05",0.0],["2025-12-06",0.0],["2025-12-07",0.0],["2025-12-08",0.0],["2025-12-09",0.0],["2025-12-10",0.0],["2025-12-11",0.0],["2025-12-12",0.0],["2025-12-13",0.0],["2025-12-14",0.0],["2025-12-15",0.0]],"wins":2,"losses":0,"draws":4,"winrate":0.3333333333333333,"holding_avg":"2:50:00","holding_avg_s":10200.0,"winner_holding_min":"0d 02:00","winner_holding_min_s":7200.0,"winner_holding_max":"0d 02:00","winner_holding_max_s":7200.0,"winner_holding_avg":"0d 02:00","winner_holding_avg_s":7200.0,"loser_holding_min":"0d 00:00","loser_holding_min_s":0.0,"loser_holding_max":"0d 00:00","loser_holding_max_s":0.0,"loser_holding_avg":"0d 00:00","loser_holding_avg_s":0.0,"max_consecutive_wins":1,"max_consecutive_losses":2,"max_drawdown_account":0.0,"max_relative_drawdown":0.0,"max_drawdown_abs":0.0,"drawdown_start":"2025-10-30 23:00:00","drawdown_start_ts":1761865200000.0,"drawdown_end":"2025-10-30 23:00:00","drawdown_end_ts":1761865200000.0,"drawdown_duration":"0 days 00:00:00","drawdown_duration_s":0.0,"max_drawdown_low":0.0,"max_drawdown_high":0.0,"csum_min":1000.0,"csum_max":1007.57274544}},"strategy_comparison":[{"key":"ACO_10_4","trades":6,"profit_mean":0.0038213984219140715,"profit_mean_pct":0.38,"profit_total_abs":7.57274544,"profit_total":0.0075727454400000005,"profit_total_pct":0.76,"duration_avg":"2:50:00","wins":2,"draws":4,"losses":0,"winrate":0.3333333333333333,"cagr":0.02879481004059703,"expectancy":1.26212424,"expectancy_ratio":100.0,"sortino":-100,"sharpe":0.5442472048157433,"calmar":-100,"sqn":1.0298,"profit_factor":0.0,"max_drawdown_account":0.0,"max_drawdown_abs":"0"}]}