{"strategy":{"ACO_10_23":{"trades":[{"pair":"DOGE/USDT","stake_amount":329.95798,"max_stake_amount":329.95798,"amount":1322.0,"open_date":"2025-10-09 13:00:00+00:00","close_date":"2025-10-09 22:00:00+00:00","open_rate":0.24959,"close_rate":0.25008967967967966,"fee_open":0.001,"fee_close":0.001,"trade_duration":540,"profit_ratio":0.0,"profit_abs":0.0,"exit_reason":"roi","initial_stop_loss_abs":0.23712,"initial_stop_loss_ratio":-0.05,"stop_loss_abs":0.23712,"stop_loss_ratio":-0.05,"min_rate":0.24099,"max_rate":0.25037,"is_open":false,"enter_tag":"","leverage":1.0,"is_short":false,"open_timestamp":1760014800000,"close_timestamp":1760047200000,"orders":[{"amount":1322.0,"safe_price":0.24959,"ft_order_side":"buy","order_filled_timestamp":1760014800000,"ft_is_entry":true,"ft_order_tag":"","cost":330.28793798},{"amount":1322.0,"safe_price":0.25008967967967966,"ft_order_side":"sell","order_filled_timestamp":1760047200000,"ft_is_entry":false,"ft_order_tag":"roi","cost":330.949175093073}],"funding_fees":0.0,"weekday":3},{"pair":"DOGE/USDT","stake_amount":329.89728,"max_stake_amount":329.89728,"amount":1541.0,"open_date":"2025-10-13 18:00:00+00:00","close_date":"2025-10-13 20:00:00+00:00","open_rate":0.21408,"close_rate":0.216,"fee_open":0.001,"fee_close":0.001,"trade_duration":120,"profit_ratio":0.006952688567038344,"profit_abs":2.29596672,"exit_reason":"roi","initial_stop_loss_abs":0.20338,"initial_stop_loss_ratio":-0.05,"stop_loss_abs":0.20338,"stop_loss_ratio":-0.05,"min_rate":0.21234,"max_rate":0.21823,"is_open":false,"enter_tag":"","leverage":1.0,"is_short":false,"open_timestamp":1760378400000,"close_timestamp":1760385600000,"orders":[{"amount":1541.0,"safe_price":0.21408,"ft_order_side":"buy","order_filled_timestamp":1760378400000,"ft_is_entry":true,"ft_order_tag":"","cost":330.2271772799999},{"amount":1541.0,"safe_price":0.216,"ft_order_side":"sell","order_filled_timestamp":1760385600000,"ft_is_entry":false,"ft_order_tag":"roi","cost":333.18885599999993}],"funding_fees":0.0,"weekday":0},{"pair":"DOGE/USDT","stake_amount":330.7232,"max_stake_amount":330.7232,"amount":1810.0,"open_date":"2025-10-17 12:00:00+00:00","close_date":"2025-10-17 14:00:00+00:00","open_rate":0.18272,"close_rate":0.1833,"fee_open":0.001,"fee_close":0.001,"trade_duration":120,"profit_ratio":0.0011699115245525052,"profit_abs":0.3873038,"exit_reason":"roi","initial_stop_loss_abs":0.17359,"initial_stop_loss_ratio":-0.05,"stop_loss_abs":0.17359,"stop_loss_ratio":-0.05,"min_rate":0.17968,"max_rate":0.18463,"is_open":false,"enter_tag":"","leverage":1.0,"is_short":false,"open_timestamp":1760702400000,"close_timestamp":1760709600000,"orders":[{"amount":1810.0,"safe_price":0.18272,"ft_order_side":"buy","order_filled_timestamp":1760702400000,"ft_is_entry":true,"ft_order_tag":"","cost":331.05392319999993},{"amount":1810.0,"safe_price":0.1833,"ft_order_side":"sell","order_filled_timestamp":1760709600000,"ft_is_entry":false,"ft_order_tag":"roi","cost":332.1047729999999}],"funding_fees":0.0,"weekday":4},{"pair":"DOGE/USDT","stake_amount":330.73612,"max_stake_amount":330.73612,"amount":1742.0,"open_date":"2025-10-19 10:00:00+00:00","close_date":"2025-10-19 12:00:00+00:00","open_rate":0.18986,"close_rate":0.1933,"fee_open":0.001,"fee_close":0.001,"trade_duration":120,"profit_ratio":0.016084410690962885,"profit_abs":5.32501528,"exit_reason":"roi","initial_stop_loss_abs":0.18037,"initial_stop_loss_ratio":-0.05,"stop_loss_abs":0.18037,"stop_loss_ratio":-0.05,"min_rate":0.18895,"max_rate":0.1968,"is_open":false,"enter_tag":"","leverage":1.0,"is_short":false,"open_timestamp":1760868000000,"close_timestamp":1760875200000,"orders":[{"amount":1742.0,"safe_price":0.18986,"ft_order_side":"buy","order_filled_timestamp":1760868000000,"ft_is_entry":true,"ft_order_tag":"","cost":331.06685612},{"amount":1742.0,"safe_price":0.1933,"ft_order_side":"sell","order_filled_timestamp":1760875200000,"ft_is_entry":false,"ft_order_tag":"roi","cost":337.06532859999993}],"funding_fees":0.0,"weekday":6},{"pair":"DOGE/USDT","stake_amount":332.4648,"max_stake_amount":332.4648,"amount":1669.0,"open_date":"2025-10-20 04:00:00+00:00","close_date":"2025-10-20 06:00:00+00:00","open_rate":0.1992,"close_rate":0.20135,"fee_open":0.001,"fee_close":0.001,"trade_duration":120,"profit_ratio":0.008773605912160129,"profit_abs":2.91983205,"exit_reason":"roi","initial_stop_loss_abs":0.18924,"initial_stop_loss_ratio":-0.05,"stop_loss_abs":0.18924,"stop_loss_ratio":-0.05,"min_rate":0.1992,"max_rate":0.20249,"is_open":false,"enter_tag":"","leverage":1.0,"is_short":false,"open_timestamp":1760932800000,"close_timestamp":1760940000000,"orders":[{"amount":1669.0,"safe_price":0.1992,"ft_order_side":"buy","order_filled_timestamp":1760932800000,"ft_is_entry":true,"ft_order_tag":"","cost":332.79726479999994},{"amount":1669.0,"safe_price":0.20135,"ft_order_side":"sell","order_filled_timestamp":1760940000000,"ft_is_entry":false,"ft_order_tag":"roi","cost":336.38920314999996}],"funding_fees":0.0,"weekday":0},{"pair":"DOGE/USDT","stake_amount":333.59944,"max_stake_amount":333.59944,"amount":1688.0,"open_date":"2025-10-24 05:00:00+00:00","close_date":"2025-10-24 07:00:00+00:00","open_rate":0.19763,"close_rate":0.19837,"fee_open":0.001,"fee_close":0.001,"trade_duration":120,"profit_ratio":0.0017388875355783212,"profit_abs":0.580672,"exit_reason":"roi","initial_stop_loss_abs":0.18775,"initial_stop_loss_ratio":-0.05,"stop_loss_abs":0.18775,"stop_loss_ratio":-0.05,"min_rate":0.19608,"max_rate":0.19849,"is_open":false,"enter_tag":"","leverage":1.0,"is_short":false,"open_timestamp":1761282000000,"close_timestamp":1761289200000,"orders":[{"amount":1688.0,"safe_price":0.19763,"ft_order_side":"buy","order_filled_timestamp":1761282000000,"ft_is_entry":true,"ft_order_tag":"","cost":333.93303943999996},{"amount":1688.0,"safe_price":0.19837,"ft_order_side":"sell","order_filled_timestamp":1761289200000,"ft_is_entry":false,"ft_order_tag":"roi","cost":335.1834085599999}],"funding_fees":0.0,"weekday":4},{"pair":"DOGE/USDT","stake_amount":333.7144,"max_stake_amount":333.7144,"amount":1780.0,"open_date":"2025-10-31 20:00:00+00:00","close_date":"2025-11-01 09:00:00+00:00","open_rate":0.18748,"close_rate":0.18785533533533533,"fee_open":0.001,"fee_close":0.001,"trade_duration":780,"profit_ratio":0.0,"profit_abs":0.0,"exit_reason":"roi","initial_stop_loss_abs":0.17811,"initial_stop_loss_ratio":-0.05,"stop_loss_abs":0.17811,"stop_loss_ratio":-0.05,"min_rate":0.18512,"max_rate":0.188,"is_open":false,"enter_tag":"","leverage":1.0,"is_short":false,"open_timestamp":1761940800000,"close_timestamp":1761987600000,"orders":[{"amount":1780.0,"safe_price":0.18748,"ft_order_side":"buy","order_filled_timestamp":1761940800000,"ft_is_entry":true,"ft_order_tag":"","cost":334.0481144},{"amount":1780.0,"safe_price":0.18785533533533533,"ft_order_side":"sell","order_filled_timestamp":1761987600000,"ft_is_entry":false,"ft_order_tag":"roi","cost":334.71687939379376}],"funding_fees":0.0,"weekday":5},{"pair":"DOGE/USDT","stake_amount":333.74448,"max_stake_amount":333.74448,"amount":2042.0,"open_date":"2025-11-04 23:00:00+00:00","close_date":"2025-11-05 01:00:00+00:00","open_rate":0.16344,"close_rate":0.15527,"fee_open":0.001,"fee_close":0.001,"trade_duration":120,"profit_ratio":-0.05188588944095552,"profit_abs":-17.33394582,"exit_reason":"stop_loss","initial_stop_loss_abs":0.15527,"initial_stop_loss_ratio":-0.05,"stop_loss_abs":0.15527,"stop_loss_ratio":-0.05,"min_rate":0.15456,"max_rate":0.16427,"is_open":false,"enter_tag":"","leverage":1.0,"is_short":false,"open_timestamp":1762297200000,"close_timestamp":1762304400000,"orders":[{"amount":2042.0,"safe_price":0.16344,"ft_order_side":"buy","order_filled_timestamp":1762297200000,"ft_is_entry":true,"ft_order_tag":"","cost":334.07822447999996},{"amount":2042.0,"safe_price":0.15527,"ft_order_side":"sell","order_filled_timestamp":1762304400000,"ft_is_entry":false,"ft_order_tag":"stop_loss","cost":317.3784013399999}],"funding_fees":0.0,"weekday":2},{"pair":"DOGE/USDT","stake_amount":328.03848,"max_stake_amount":328.03848,"amount":2037.0,"open_date":"2025-11-06 19:00:00+00:00","close_date":"2025-11-06 21:00:00+00:00","open_rate":0.16104,"close_rate":0.16136240240240238,"fee_open":0.001,"fee_close":0.001,"trade_duration":120,"profit_ratio":0.0,"profit_abs":0.0,"exit_reason":"roi","initial_stop_loss_abs":0.15299,"initial_stop_loss_ratio":-0.05,"stop_loss_abs":0.15299,"stop_loss_ratio":-0.05,"min_rate":0.15954,"max_rate":0.16291,"is_open":false,"enter_tag":"","leverage":1.0,"is_short":false,"open_timestamp":1762455600000,"close_timestamp":1762462800000,"orders":[{"amount":2037.0,"safe_price":0.16104,"ft_order_side":"buy","order_filled_timestamp":1762455600000,"ft_is_entry":true,"ft_order_tag":"","cost":328.36651847999997},{"amount":2037.0,"safe_price":0.16136240240240238,"ft_order_side":"sell","order_filled_timestamp":1762462800000,"ft_is_entry":false,"ft_order_tag":"roi","cost":329.0239089073873}],"funding_fees":0.0,"weekday":3},{"pair":"DOGE/USDT","stake_amount":327.90528,"max_stake_amount":327.90528,"amount":1779.0,"open_date":"2025-11-10 10:00:00+00:00","close_date":"2025-11-11 01:00:00+00:00","open_rate":0.18432,"close_rate":0.184689009009009,"fee_open":0.001,"fee_close":0.001,"trade_duration":900,"profit_ratio":0.0,"profit_abs":0.0,"exit_reason":"roi","initial_stop_loss_abs":0.17511,"initial_stop_loss_ratio":-0.05,"stop_loss_abs":0.17511,"stop_loss_ratio":-0.05,"min_rate":0.17722,"max_rate":0.1864,"is_open":false,"enter_tag":"","leverage":1.0,"is_short":false,"open_timestamp":1762768800000,"close_timestamp":1762822800000,"orders":[{"amount":1779.0,"safe_price":0.18432,"ft_order_side":"buy","order_filled_timestamp":1762768800000,"ft_is_entry":true,"ft_order_tag":"","cost":328.23318528},{"amount":1779.0,"safe_price":0.184689009009009,"ft_order_side":"sell","order_filled_timestamp":1762822800000,"ft_is_entry":false,"ft_order_tag":"roi","cost":328.890308774054}],"funding_fees":0.0,"weekday":1},{"pair":"DOGE/USDT","stake_amount":328.02851,"max_stake_amount":328.02851,"amount":2021.0,"open_date":"2025-11-17 15:00:00+00:00","close_date":"2025-11-17 18:00:00+00:00","open_rate":0.16231,"close_rate":0.1542,"fee_open":0.001,"fee_close":0.001,"trade_duration":180,"profit_ratio":-0.05186428382781041,"profit_abs":-17.02997671,"exit_reason":"stop_loss","initial_stop_loss_abs":0.1542,"initial_stop_loss_ratio":-0.05,"stop_loss_abs":0.1542,"stop_loss_ratio":-0.05,"min_rate":0.15372,"max_rate":0.16367,"is_open":false,"enter_tag":"","leverage":1.0,"is_short":false,"open_timestamp":1763391600000,"close_timestamp":1763402400000,"orders":[{"amount":2021.0,"safe_price":0.16231,"ft_order_side":"buy","order_filled_timestamp":1763391600000,"ft_is_entry":true,"ft_order_tag":"","cost":328.35653851},{"amount":2021.0,"safe_price":0.1542,"ft_order_side":"sell","order_filled_timestamp":1763402400000,"ft_is_entry":false,"ft_order_tag":"stop_loss","cost":311.94983819999993}],"funding_fees":0.0,"weekday":0},{"pair":"DOGE/USDT","stake_amount":322.39311,"max_stake_amount":322.39311,"amount":2301.0,"open_date":"2025-11-21 14:00:00+00:00","close_date":"2025-11-21 16:00:00+00:00","open_rate":0.14011,"close_rate":0.14039050050050048,"fee_open":0.001,"fee_close":0.001,"trade_duration":120,"profit_ratio":0.0,"profit_abs":0.0,"exit_reason":"roi","initial_stop_loss_abs":0.13311,"initial_stop_loss_ratio":-0.05,"stop_loss_abs":0.13311,"stop_loss_ratio":-0.05,"min_rate":0.13575,"max_rate":0.14209,"is_open":false,"enter_tag":"","leverage":1.0,"is_short":false,"open_timestamp":1763733600000,"close_timestamp":1763740800000,"orders":[{"amount":2301.0,"safe_price":0.14011,"ft_order_side":"buy","order_filled_timestamp":1763733600000,"ft_is_entry":true,"ft_order_tag":"","cost":322.71550311},{"amount":2301.0,"safe_price":0.14039050050050048,"ft_order_side":"sell","order_filled_timestamp":1763740800000,"ft_is_entry":false,"ft_order_tag":"roi","cost":323.3615801933032}],"funding_fees":0.0,"weekday":4},{"pair":"DOGE/USDT","stake_amount":322.41062,"max_stake_amount":322.41062,"amount":2318.0,"open_date":"2025-11-22 15:00:00+00:00","close_date":"2025-11-22 17:00:00+00:00","open_rate":0.13909,"close_rate":0.13953,"fee_open":0.001,"fee_close":0.001,"trade_duration":120,"profit_ratio":0.0011590968525327574,"profit_abs":0.37407884,"exit_reason":"roi","initial_stop_loss_abs":0.13214,"initial_stop_loss_ratio":-0.05,"stop_loss_abs":0.13214,"stop_loss_ratio":-0.05,"min_rate":0.13729,"max_rate":0.13977,"is_open":false,"enter_tag":"","leverage":1.0,"is_short":false,"open_timestamp":1763823600000,"close_timestamp":1763830800000,"orders":[{"amount":2318.0,"safe_price":0.13909,"ft_order_side":"buy","order_filled_timestamp":1763823600000,"ft_is_entry":true,"ft_order_tag":"","cost":322.73303061999997},{"amount":2318.0,"safe_price":0.13953,"ft_order_side":"sell","order_filled_timestamp":1763830800000,"ft_is_entry":false,"ft_order_tag":"roi","cost":323.7539705399999}],"funding_fees":0.0,"weekday":5},{"pair":"DOGE/USDT","stake_amount":322.46699,"max_stake_amount":322.46699,"amount":2221.0,"open_date":"2025-11-23 13:00:00+00:00","close_date":"2025-11-23 15:00:00+00:00","open_rate":0.14519,"close_rate":0.14548067067067066,"fee_open":0.001,"fee_close":0.001,"trade_duration":120,"profit_ratio":0.0,"profit_abs":0.0,"exit_reason":"roi","initial_stop_loss_abs":0.13794,"initial_stop_loss_ratio":-0.05,"stop_loss_abs":0.13794,"stop_loss_ratio":-0.05,"min_rate":0.14438,"max_rate":0.14775,"is_open":false,"enter_tag":"","leverage":1.0,"is_short":false,"open_timestamp":1763902800000,"close_timestamp":1763910000000,"orders":[{"amount":2221.0,"safe_price":0.14519,"ft_order_side":"buy","order_filled_timestamp":1763902800000,"ft_is_entry":true,"ft_order_tag":"","cost":322.78945698999996},{"amount":2221.0,"safe_price":0.14548067067067066,"ft_order_side":"sell","order_filled_timestamp":1763910000000,"ft_is_entry":false,"ft_order_tag":"roi","cost":323.435682129119}],"funding_fees":0.0,"weekday":6},{"pair":"DOGE/USDT","stake_amount":322.53996,"max_stake_amount":322.53996,"amount":2154.0,"open_date":"2025-11-25 17:00:00+00:00","close_date":"2025-11-25 19:00:00+00:00","open_rate":0.14974,"close_rate":0.15106,"fee_open":0.001,"fee_close":0.001,"trade_duration":120,"profit_ratio":0.0067996648736597986,"profit_abs":2.1953568,"exit_reason":"roi","initial_stop_loss_abs":0.14226,"initial_stop_loss_ratio":-0.05,"stop_loss_abs":0.14226,"stop_loss_ratio":-0.05,"min_rate":0.14842,"max_rate":0.15222,"is_open":false,"enter_tag":"","leverage":1.0,"is_short":false,"open_timestamp":1764090000000,"close_timestamp":1764097200000,"orders":[{"amount":2154.0,"safe_price":0.14974,"ft_order_side":"buy","order_filled_timestamp":1764090000000,"ft_is_entry":true,"ft_order_tag":"","cost":322.86249996},{"amount":2154.0,"safe_price":0.15106,"ft_order_side":"sell","order_filled_timestamp":1764097200000,"ft_is_entry":false,"ft_order_tag":"roi","cost":325.70862323999995}],"funding_fees":0.0,"weekday":1},{"pair":"DOGE/USDT","stake_amount":323.2125,"max_stake_amount":323.2125,"amount":2125.0,"open_date":"2025-11-26 17:00:00+00:00","close_date":"2025-11-26 19:00:00+00:00","open_rate":0.1521,"close_rate":0.15666,"fee_open":0.001,"fee_close":0.001,"trade_duration":120,"profit_ratio":0.027922373484503663,"profit_abs":9.033885,"exit_reason":"roi","initial_stop_loss_abs":0.1445,"initial_stop_loss_ratio":-0.05,"stop_loss_abs":0.1445,"stop_loss_ratio":-0.05,"min_rate":0.152,"max_rate":0.15681,"is_open":false,"enter_tag":"","leverage":1.0,"is_short":false,"open_timestamp":1764176400000,"close_timestamp":1764183600000,"orders":[{"amount":2125.0,"safe_price":0.1521,"ft_order_side":"buy","order_filled_timestamp":1764176400000,"ft_is_entry":true,"ft_order_tag":"","cost":323.5357125},{"amount":2125.0,"safe_price":0.15666,"ft_order_side":"sell","order_filled_timestamp":1764183600000,"ft_is_entry":false,"ft_order_tag":"roi","cost":333.23540249999996}],"funding_fees":0.0,"weekday":2},{"pair":"DOGE/USDT","stake_amount":326.14151,"max_stake_amount":326.14151,"amount":2129.0,"open_date":"2025-11-28 09:00:00+00:00","close_date":"2025-11-28 14:00:00+00:00","open_rate":0.15319,"close_rate":0.15349668668668665,"fee_open":0.001,"fee_close":0.001,"trade_duration":300,"profit_ratio":0.0,"profit_abs":0.0,"exit_reason":"roi","initial_stop_loss_abs":0.14554,"initial_stop_loss_ratio":-0.05,"stop_loss_abs":0.14554,"stop_loss_ratio":-0.05,"min_rate":0.14975,"max_rate":0.15395,"is_open":false,"enter_tag":"","leverage":1.0,"is_short":false,"open_timestamp":1764320400000,"close_timestamp":1764338400000,"orders":[{"amount":2129.0,"safe_price":0.15319,"ft_order_side":"buy","order_filled_timestamp":1764320400000,"ft_is_entry":true,"ft_order_tag":"","cost":326.46765150999994},{"amount":2129.0,"safe_price":0.15349668668668665,"ft_order_side":"sell","order_filled_timestamp":1764338400000,"ft_is_entry":false,"ft_order_tag":"roi","cost":327.1212404019118}],"funding_fees":0.0,"weekday":4},{"pair":"DOGE/USDT","stake_amount":326.1808,"max_stake_amount":326.1808,"amount":2155.0,"open_date":"2025-12-03 18:00:00+00:00","close_date":"2025-12-03 21:00:00+00:00","open_rate":0.15136,"close_rate":0.151663023023023,"fee_open":0.001,"fee_close":0.001,"trade_duration":180,"profit_ratio":0.0,"profit_abs":0.0,"exit_reason":"roi","initial_stop_loss_abs":0.1438,"initial_stop_loss_ratio":-0.05,"stop_loss_abs":0.1438,"stop_loss_ratio":-0.05,"min_rate":0.15014,"max_rate":0.15242,"is_open":false,"enter_tag":"","leverage":1.0,"is_short":false,"open_timestamp":1764784800000,"close_timestamp":1764795600000,"orders":[{"amount":2155.0,"safe_price":0.15136,"ft_order_side":"buy","order_filled_timestamp":1764784800000,"ft_is_entry":true,"ft_order_tag":"","cost":326.50698079999995},{"amount":2155.0,"safe_price":0.151663023023023,"ft_order_side":"sell","order_filled_timestamp":1764795600000,"ft_is_entry":false,"ft_order_tag":"roi","cost":327.1606484292292}],"funding_fees":0.0,"weekday":2},{"pair":"DOGE/USDT","stake_amount":326.22328,"max_stake_amount":326.22328,"amount":2206.0,"open_date":"2025-12-05 01:00:00+00:00","close_date":"2025-12-05 03:00:00+00:00","open_rate":0.14788,"close_rate":0.14817605605605605,"fee_open":0.001,"fee_close":0.001,"trade_duration":120,"profit_ratio":0.0,"profit_abs":0.0,"exit_reason":"roi","initial_stop_loss_abs":0.14049,"initial_stop_loss_ratio":-0.05,"stop_loss_abs":0.14049,"stop_loss_ratio":-0.05,"min_rate":0.14718,"max_rate":0.14837,"is_open":false,"enter_tag":"","leverage":1.0,"is_short":false,"open_timestamp":1764896400000,"close_timestamp":1764903600000,"orders":[{"amount":2206.0,"safe_price":0.14788,"ft_order_side":"buy","order_filled_timestamp":1764896400000,"ft_is_entry":true,"ft_order_tag":"","cost":326.54950328},{"amount":2206.0,"safe_price":0.14817605605605605,"ft_order_side":"sell","order_filled_timestamp":1764903600000,"ft_is_entry":false,"ft_order_tag":"roi","cost":327.2032560393192}],"funding_fees":0.0,"weekday":4},{"pair":"DOGE/USDT","stake_amount":326.28596,"max_stake_amount":326.28596,"amount":2233.0,"open_date":"2025-12-10 18:00:00+00:00","close_date":"2025-12-10 20:00:00+00:00","open_rate":0.14612,"close_rate":0.14753,"fee_open":0.001,"fee_close":0.001,"trade_duration":120,"profit_ratio":0.0076323211417654345,"profit_abs":2.49280955,"exit_reason":"roi","initial_stop_loss_abs":0.13882,"initial_stop_loss_ratio":-0.05,"stop_loss_abs":0.13882,"stop_loss_ratio":-0.05,"min_rate":0.14541,"max_rate":0.15031,"is_open":false,"enter_tag":"","leverage":1.0,"is_short":false,"open_timestamp":1765389600000,"close_timestamp":1765396800000,"orders":[{"amount":2233.0,"safe_price":0.14612,"ft_order_side":"buy","order_filled_timestamp":1765389600000,"ft_is_entry":true,"ft_order_tag":"","cost":326.61224595999994},{"amount":2233.0,"safe_price":0.14753,"ft_order_side":"sell","order_filled_timestamp":1765396800000,"ft_is_entry":false,"ft_order_tag":"roi","cost":329.76392448999997}],"funding_fees":0.0,"weekday":2},{"pair":"DOGE/USDT","stake_amount":326.99673,"max_stake_amount":326.99673,"amount":2439.0,"open_date":"2025-12-15 00:00:00+00:00","close_date":"2025-12-15 02:00:00+00:00","open_rate":0.13407,"close_rate":0.1364,"fee_open":0.001,"fee_close":0.001,"trade_duration":120,"profit_ratio":0.015346255892239336,"profit_abs":5.02319367,"exit_reason":"roi","initial_stop_loss_abs":0.12737,"initial_stop_loss_ratio":-0.05,"stop_loss_abs":0.12737,"stop_loss_ratio":-0.05,"min_rate":0.13404,"max_rate":0.13845,"is_open":false,"enter_tag":"","leverage":1.0,"is_short":false,"open_timestamp":1765756800000,"close_timestamp":1765764000000,"orders":[{"amount":2439.0,"safe_price":0.13407,"ft_order_side":"buy","order_filled_timestamp":1765756800000,"ft_is_entry":true,"ft_order_tag":"","cost":327.32372673},{"amount":2439.0,"safe_price":0.1364,"ft_order_side":"sell","order_filled_timestamp":1765764000000,"ft_is_entry":false,"ft_order_tag":"roi","cost":333.01227959999994}],"funding_fees":0.0,"weekday":0},{"pair":"DOGE/USDT","stake_amount":328.64263,"max_stake_amount":328.64263,"amount":2507.0,"open_date":"2025-12-17 14:00:00+00:00","close_date":"2025-12-18 05:00:00+00:00","open_rate":0.13109,"close_rate":0.12454,"fee_open":0.001,"fee_close":0.001,"trade_duration":900,"profit_ratio":-0.05186384292342032,"profit_abs":-17.06171441,"exit_reason":"stop_loss","initial_stop_loss_abs":0.12454,"initial_stop_loss_ratio":-0.05,"stop_loss_abs":0.12454,"stop_loss_ratio":-0.05,"min_rate":0.12385,"max_rate":0.13631,"is_open":false,"enter_tag":"","leverage":1.0,"is_short":false,"open_timestamp":1765980000000,"close_timestamp":1766034000000,"orders":[{"amount":2507.0,"safe_price":0.13109,"ft_order_side":"buy","order_filled_timestamp":1765980000000,"ft_is_entry":true,"ft_order_tag":"","cost":328.97127263000004},{"amount":2507.0,"safe_price":0.12454,"ft_order_side":"sell","order_filled_timestamp":1766034000000,"ft_is_entry":false,"ft_order_tag":"stop_loss","cost":312.5340017799999}],"funding_fees":0.0,"weekday":3},{"pair":"DOGE/USDT","stake_amount":323.02776,"max_stake_amount":323.02776,"amount":2442.0,"open_date":"2025-12-20 15:00:00+00:00","close_date":"2025-12-21 08:00:00+00:00","open_rate":0.13228,"close_rate":0.13254482482482483,"fee_open":0.001,"fee_close":0.001,"trade_duration":1020,"profit_ratio":0.0,"profit_abs":0.0,"exit_reason":"roi","initial_stop_loss_abs":0.12567,"initial_stop_loss_ratio":-0.05,"stop_loss_abs":0.12567,"stop_loss_ratio":-0.05,"min_rate":0.13049,"max_rate":0.13307,"is_open":false,"enter_tag":"","leverage":1.0,"is_short":false,"open_timestamp":1766242800000,"close_timestamp":1766304000000,"orders":[{"amount":2442.0,"safe_price":0.13228,"ft_order_side":"buy","order_filled_timestamp":1766242800000,"ft_is_entry":true,"ft_order_tag":"","cost":323.35078775999995},{"amount":2442.0,"safe_price":0.13254482482482483,"ft_order_side":"sell","order_filled_timestamp":1766304000000,"ft_is_entry":false,"ft_order_tag":"roi","cost":323.99813668444443}],"funding_fees":0.0,"weekday":6},{"pair":"DOGE/USDT","stake_amount":323.12673,"max_stake_amount":323.12673,"amount":2433.0,"open_date":"2025-12-21 09:00:00+00:00","close_date":"2025-12-22 00:00:00+00:00","open_rate":0.13281,"close_rate":0.13307588588588587,"fee_open":0.001,"fee_close":0.001,"trade_duration":900,"profit_ratio":0.0,"profit_abs":0.0,"exit_reason":"roi","initial_stop_loss_abs":0.12617,"initial_stop_loss_ratio":-0.05,"stop_loss_abs":0.12617,"stop_loss_ratio":-0.05,"min_rate":0.12871,"max_rate":0.13424,"is_open":false,"enter_tag":"","leverage":1.0,"is_short":false,"open_timestamp":1766307600000,"close_timestamp":1766361600000,"orders":[{"amount":2433.0,"safe_price":0.13281,"ft_order_side":"buy","order_filled_timestamp":1766307600000,"ft_is_entry":true,"ft_order_tag":"","cost":323.44985672999996},{"amount":2433.0,"safe_price":0.13307588588588587,"ft_order_side":"sell","order_filled_timestamp":1766361600000,"ft_is_entry":false,"ft_order_tag":"roi","cost":324.09740399072064}],"funding_fees":0.0,"weekday":0},{"pair":"DOGE/USDT","stake_amount":323.12745,"max_stake_amount":323.12745,"amount":2495.0,"open_date":"2025-12-23 21:00:00+00:00","close_date":"2025-12-24 00:00:00+00:00","open_rate":0.12951,"close_rate":0.12976927927927925,"fee_open":0.001,"fee_close":0.001,"trade_duration":180,"profit_ratio":0.0,"profit_abs":0.0,"exit_reason":"roi","initial_stop_loss_abs":0.12304,"initial_stop_loss_ratio":-0.05,"stop_loss_abs":0.12304,"stop_loss_ratio":-0.05,"min_rate":0.129,"max_rate":0.13006,"is_open":false,"enter_tag":"","leverage":1.0,"is_short":false,"open_timestamp":1766523600000,"close_timestamp":1766534400000,"orders":[{"amount":2495.0,"safe_price":0.12951,"ft_order_side":"buy","order_filled_timestamp":1766523600000,"ft_is_entry":true,"ft_order_tag":"","cost":323.4505774499999},{"amount":2495.0,"safe_price":0.12976927927927925,"ft_order_side":"sell","order_filled_timestamp":1766534400000,"ft_is_entry":false,"ft_order_tag":"roi","cost":324.0981261536035}],"funding_fees":0.0,"weekday":2},{"pair":"DOGE/USDT","stake_amount":323.13384,"max_stake_amount":323.13384,"amount":2532.0,"open_date":"2025-12-25 16:00:00+00:00","close_date":"2025-12-26 16:00:00+00:00","open_rate":0.12762,"close_rate":0.12124,"fee_open":0.001,"fee_close":0.001,"trade_duration":1440,"profit_ratio":-0.05189028179155118,"profit_abs":-16.78427352,"exit_reason":"stop_loss","initial_stop_loss_abs":0.12124,"initial_stop_loss_ratio":-0.05,"stop_loss_abs":0.12124,"stop_loss_ratio":-0.05,"min_rate":0.12064,"max_rate":0.12801,"is_open":false,"enter_tag":"","leverage":1.0,"is_short":false,"open_timestamp":1766678400000,"close_timestamp":1766764800000,"orders":[{"amount":2532.0,"safe_price":0.12762,"ft_order_side":"buy","order_filled_timestamp":1766678400000,"ft_is_entry":true,"ft_order_tag":"","cost":323.45697384},{"amount":2532.0,"safe_price":0.12124,"ft_order_side":"sell","order_filled_timestamp":1766764800000,"ft_is_entry":false,"ft_order_tag":"stop_loss","cost":307.28665967999996}],"funding_fees":0.0,"weekday":4},{"pair":"DOGE/USDT","stake_amount":317.57399,"max_stake_amount":317.57399,"amount":2551.0,"open_date":"2025-12-28 15:00:00+00:00","close_date":"2025-12-29 00:00:00+00:00","open_rate":0.12449,"close_rate":0.12473922922922923,"fee_open":0.001,"fee_close":0.001,"trade_duration":540,"profit_ratio":0.0,"profit_abs":0.0,"exit_reason":"roi","initial_stop_loss_abs":0.11827,"initial_stop_loss_ratio":-0.05,"stop_loss_abs":0.11827,"stop_loss_ratio":-0.05,"min_rate":0.12277,"max_rate":0.1257,"is_open":false,"enter_tag":"","leverage":1.0,"is_short":false,"open_timestamp":1766934000000,"close_timestamp":1766966400000,"orders":[{"amount":2551.0,"safe_price":0.12449,"ft_order_side":"buy","order_filled_timestamp":1766934000000,"ft_is_entry":true,"ft_order_tag":"","cost":317.89156398999995},{"amount":2551.0,"safe_price":0.12473922922922923,"ft_order_side":"sell","order_filled_timestamp":1766966400000,"ft_is_entry":false,"ft_order_tag":"roi","cost":318.52798353752746}],"funding_fees":0.0,"weekday":0},{"pair":"DOGE/USDT","stake_amount":317.51838,"max_stake_amount":317.51838,"amount":2133.0,"open_date":"2026-01-05 16:00:00+00:00","close_date":"2026-01-05 18:00:00+00:00","open_rate":0.14886,"close_rate":0.15301,"fee_open":0.001,"fee_close":0.001,"trade_duration":120,"profit_ratio":0.025824840214199344,"profit_abs":8.20806129,"exit_reason":"roi","initial_stop_loss_abs":0.14142,"initial_stop_loss_ratio":-0.05,"stop_loss_abs":0.14142,"stop_loss_ratio":-0.05,"min_rate":0.14844,"max_rate":0.15386,"is_open":false,"enter_tag":"","leverage":1.0,"is_short":false,"open_timestamp":1767628800000,"close_timestamp":1767636000000,"orders":[{"amount":2133.0,"safe_price":0.14886,"ft_order_side":"buy","order_filled_timestamp":1767628800000,"ft_is_entry":true,"ft_order_tag":"","cost":317.83589837999995},{"amount":2133.0,"safe_price":0.15301,"ft_order_side":"sell","order_filled_timestamp":1767636000000,"ft_is_entry":false,"ft_order_tag":"roi","cost":326.69670033}],"funding_fees":0.0,"weekday":0}],"locks":[],"best_pair":{"key":"DOGE/USDT","trades":28,"profit_mean":-0.00314643718909089,"profit_mean_pct":-0.31,"profit_total_abs":-29.373735459999995,"profit_total":-0.029373735459999994,"profit_total_pct":-2.94,"duration_avg":"5:49:00","wins":11,"draws":13,"losses":4,"winrate":0.39285714285714285,"cagr":-0.10612191355514666,"expectancy":-1.0490619807142858,"expectancy_ratio":-0.5258053365012856,"sortino":-29.7030049214984,"sharpe":-0.8299680238811659,"calmar":-11.920797665777807,"sqn":-0.782,"profit_factor":0.569362644491001,"max_drawdown_account":0.04853204153300511,"max_drawdown_abs":49.0905866},"worst_pair":{"key":"DOGE/USDT","trades":28,"profit_mean":-0.00314643718909089,"profit_mean_pct":-0.31,"profit_total_abs":-29.373735459999995,"profit_total":-0.029373735459999994,"profit_total_pct":-2.94,"duration_avg":"5:49:00","wins":11,"draws":13,"losses":4,"winrate":0.39285714285714285,"cagr":-0.10612191355514666,"expectancy":-1.0490619807142858,"expectancy_ratio":-0.5258053365012856,"sortino":-29.7030049214984,"sharpe":-0.8299680238811659,"calmar":-11.920797665777807,"sqn":-0.782,"profit_factor":0.569362644491001,"max_drawdown_account":0.04853204153300511,"max_drawdown_abs":49.0905866},"results_per_pair":[{"key":"DOGE/USDT","trades":28,"profit_mean":-0.00314643718909089,"profit_mean_pct":-0.31,"profit_total_abs":-29.373735459999995,"profit_total":-0.029373735459999994,"profit_total_pct":-2.94,"duration_avg":"5:49:00","wins":11,"draws":13,"losses":4,"winrate":0.39285714285714285,"cagr":-0.10612191355514666,"expectancy":-1.0490619807142858,"expectancy_ratio":-0.5258053365012856,"sortino":-29.7030049214984,"sharpe":-0.8299680238811659,"calmar":-11.920797665777807,"sqn":-0.782,"profit_factor":0.569362644491001,"max_drawdown_account":0.04853204153300511,"max_drawdown_abs":49.0905866},{"key":"TOTAL","trades":28,"profit_mean":-0.00314643718909089,"profit_mean_pct":-0.31,"profit_total_abs":-29.373735459999995,"profit_total":-0.029373735459999994,"profit_total_pct":-2.94,"duration_avg":"5:49:00","wins":11,"draws":13,"losses":4,"winrate":0.39285714285714285,"cagr":-0.10612191355514666,"expectancy":-1.0490619807142858,"expectancy_ratio":-0.5258053365012856,"sortino":-29.7030049214984,"sharpe":-0.8299680238811659,"calmar":-11.920797665777807,"sqn":-0.782,"profit_factor":0.569362644491001,"max_drawdown_account":0.04853204153300511,"max_drawdown_abs":49.0905866}],"results_per_enter_tag":[{"key":"","trades":28,"profit_mean":-0.00314643718909089,"profit_mean_pct":-0.31,"profit_total_abs":-29.373735459999995,"profit_total":-0.029373735459999994,"profit_total_pct":-2.94,"duration_avg":"5:49:00","wins":11,"draws":13,"losses":4,"winrate":0.39285714285714285,"cagr":-0.10612191355514666,"expectancy":-1.0490619807142858,"expectancy_ratio":-0.5258053365012856,"sortino":-29.7030049214984,"sharpe":-0.8299680238811659,"calmar":-11.920797665777807,"sqn":-0.782,"profit_factor":0.569362644491001,"max_drawdown_account":0.04853204153300511,"max_drawdown_abs":49.0905866},{"key":"TOTAL","trades":28,"profit_mean":-0.00314643718909089,"profit_mean_pct":-0.31,"profit_total_abs":-29.373735459999995,"profit_total":-0.029373735459999994,"profit_total_pct":-2.94,"duration_avg":"5:49:00","wins":11,"draws":13,"losses":4,"winrate":0.39285714285714285,"cagr":-0.10612191355514666,"expectancy":-1.0490619807142858,"expectancy_ratio":-0.5258053365012856,"sortino":-29.7030049214984,"sharpe":-0.8299680238811659,"calmar":-11.920797665777807,"sqn":-0.782,"profit_factor":0.569362644491001,"max_drawdown_account":0.04853204153300511,"max_drawdown_abs":49.0905866}],"exit_reason_summary":[{"key":"roi","trades":24,"profit_mean":0.004975169028716355,"profit_mean_pct":0.5,"profit_total_abs":38.836175,"profit_total":0.038836175,"profit_total_pct":3.88,"duration_avg":"4:58:00","wins":11,"draws":13,"losses":0,"winrate":0.4583333333333333,"cagr":0.15415656759654217,"expectancy":1.6181739583333332,"expectancy_ratio":100.0,"sortino":-100,"sharpe":2.9156182122799854,"calmar":-100,"sqn":2.9581,"profit_factor":0.0,"max_drawdown_account":0.0,"max_drawdown_abs":0.0},{"key":"stop_loss","trades":4,"profit_mean":-0.05187607449593436,"profit_mean_pct":-5.19,"profit_total_abs":-68.20991046,"profit_total":-0.06820991046000001,"profit_total_pct":-6.82,"duration_avg":"11:00:00","wins":0,"draws":0,"losses":4,"winrate":0.0,"cagr":-0.23343772783926076,"expectancy":-17.052477615,"expectancy_ratio":-1.0,"sortino":-68.9745200724411,"sharpe":-68.9745200724411,"calmar":-19.6958486335493,"sqn":-151.6403,"profit_factor":0.0,"max_drawdown_account":0.06820991045999994,"max_drawdown_abs":68.20991046},{"key":"TOTAL","trades":28,"profit_mean":-0.00314643718909089,"profit_mean_pct":-0.31,"profit_total_abs":-29.373735459999995,"profit_total":-0.029373735459999994,"profit_total_pct":-2.94,"duration_avg":"5:49:00","wins":11,"draws":13,"losses":4,"winrate":0.39285714285714285,"cagr":-0.10612191355514666,"expectancy":-1.0490619807142858,"expectancy_ratio":-0.5258053365012856,"sortino":-29.7030049214984,"sharpe":-0.8299680238811659,"calmar":-11.920797665777807,"sqn":-0.782,"profit_factor":0.569362644491001,"max_drawdown_account":0.04853204153300511,"max_drawdown_abs":49.0905866}],"mix_tag_stats":[{"key":["","roi"],"trades":24,"profit_mean":0.004975169028716355,"profit_mean_pct":0.5,"profit_total_abs":38.836175,"profit_total":0.038836175,"profit_total_pct":3.88,"duration_avg":"4:58:00","wins":11,"draws":13,"losses":0,"winrate":0.4583333333333333,"cagr":0.15415656759654217,"expectancy":1.6181739583333332,"expectancy_ratio":100.0,"sortino":-100,"sharpe":2.9156182122799854,"calmar":-100,"sqn":2.9581,"profit_factor":0.0,"max_drawdown_account":0.0,"max_drawdown_abs":0.0},{"key":["","stop_loss"],"trades":4,"profit_mean":-0.05187607449593436,"profit_mean_pct":-5.19,"profit_total_abs":-68.20991046,"profit_total":-0.06820991046000001,"profit_total_pct":-6.82,"duration_avg":"11:00:00","wins":0,"draws":0,"losses":4,"winrate":0.0,"cagr":-0.23343772783926076,"expectancy":-17.052477615,"expectancy_ratio":-1.0,"sortino":-68.9745200724411,"sharpe":-68.9745200724411,"calmar":-19.6958486335493,"sqn":-151.6403,"profit_factor":0.0,"max_drawdown_account":0.06820991045999994,"max_drawdown_abs":68.20991046},{"key":"TOTAL","trades":28,"profit_mean":-0.00314643718909089,"profit_mean_pct":-0.31,"profit_total_abs":-29.373735459999995,"profit_total":-0.029373735459999994,"profit_total_pct":-2.94,"duration_avg":"5:49:00","wins":11,"draws":13,"losses":4,"winrate":0.39285714285714285,"cagr":-0.10612191355514666,"expectancy":-1.0490619807142858,"expectancy_ratio":-0.5258053365012856,"sortino":-29.7030049214984,"sharpe":-0.8299680238811659,"calmar":-11.920797665777807,"sqn":-0.782,"profit_factor":0.569362644491001,"max_drawdown_account":0.04853204153300511,"max_drawdown_abs":49.0905866}],"left_open_trades":[{"key":"TOTAL","trades":0,"profit_mean":0.0,"profit_mean_pct":0.0,"profit_total_abs":0.0,"profit_total":0.0,"profit_total_pct":0.0,"duration_avg":"0:00","wins":0,"draws":0,"losses":0,"winrate":0.0,"cagr":0.0,"expectancy":0.0,"expectancy_ratio":100.0,"sortino":0,"sharpe":0,"calmar":0,"sqn":0.0,"profit_factor":0.0,"max_drawdown_account":0.0,"max_drawdown_abs":0.0}],"total_trades":28,"trade_count_long":28,"trade_count_short":0,"total_volume":18286.787722947483,"avg_stake_amount":326.42186464285714,"profit_mean":-0.00314643718909089,"profit_median":0.0,"profit_total":-0.029373735459999994,"profit_total_long":-0.029373735459999994,"profit_total_short":0.0,"profit_total_abs":-29.373735459999995,"profit_total_long_abs":-29.373735459999995,"profit_total_short_abs":0.0,"cagr":-0.10612191355514666,"expectancy":-1.0490619807142858,"expectancy_ratio":-0.5258053365012856,"sortino":-29.7030049214984,"sharpe":-0.8299680238811659,"calmar":-11.920797665777807,"sqn":-0.782,"profit_factor":0.569362644491001,"backtest_start":"2025-10-01 00:00:00","backtest_start_ts":1759276800000,"backtest_end":"2026-01-06 20:00:00","backtest_end_ts":1767729600000,"backtest_days":97,"backtest_run_start_ts":1767739943,"backtest_run_end_ts":1767739943,"trades_per_day":0.29,"market_change":-0.36632086436227446,"pairlist":["DOGE/USDT"],"stake_amount":"unlimited","stake_currency":"USDT","stake_currency_decimals":3,"starting_balance":1000,"dry_run_wallet":1000,"final_balance":970.62626454,"rejected_signals":0,"timedout_entry_orders":0,"timedout_exit_orders":0,"canceled_trade_entries":0,"canceled_entry_orders":0,"replaced_entry_orders":0,"max_open_trades":1,"max_open_trades_setting":3,"timeframe":"1h","timeframe_detail":"","timerange":"20251001-","enable_protections":false,"strategy_name":"ACO_10_23","freqaimodel":null,"freqai_identifier":null,"stoploss":-0.05,"trailing_stop":false,"trailing_stop_positive":null,"trailing_stop_positive_offset":0.0,"trailing_only_offset_is_reached":false,"use_custom_stoploss":false,"minimal_roi":{"0":0.1,"60":0.05,"120":0.0},"use_exit_signal":true,"exit_profit_only":false,"exit_profit_offset":0.0,"ignore_roi_if_entry_signal":false,"trading_mode":"spot","margin_mode":"","periodic_breakdown":{"day":[{"date":"09/10/2025","date_ts":1759968000000,"profit_abs":0.0,"wins":0,"draws":1,"losses":0,"trades":1,"profit_factor":0.0},{"date":"10/10/2025","date_ts":1760054400000,"profit_abs":0.0,"wins":0,"draws":0,"losses":0,"trades":0,"profit_factor":0.0},{"date":"11/10/2025","date_ts":1760140800000,"profit_abs":0.0,"wins":0,"draws":0,"losses":0,"trades":0,"profit_factor":0.0},{"date":"12/10/2025","date_ts":1760227200000,"profit_abs":0.0,"wins":0,"draws":0,"losses":0,"trades":0,"profit_factor":0.0},{"date":"13/10/2025","date_ts":1760313600000,"profit_abs":2.29596672,"wins":1,"draws":0,"losses":0,"trades":1,"profit_factor":0.0},{"date":"14/10/2025","date_ts":1760400000000,"profit_abs":0.0,"wins":0,"draws":0,"losses":0,"trades":0,"profit_factor":0.0},{"date":"15/10/2025","date_ts":1760486400000,"profit_abs":0.0,"wins":0,"draws":0,"losses":0,"trades":0,"profit_factor":0.0},{"date":"16/10/2025","date_ts":1760572800000,"profit_abs":0.0,"wins":0,"draws":0,"losses":0,"trades":0,"profit_factor":0.0},{"date":"17/10/2025","date_ts":1760659200000,"profit_abs":0.3873038,"wins":1,"draws":0,"losses":0,"trades":1,"profit_factor":0.0},{"date":"18/10/2025","date_ts":1760745600000,"profit_abs":0.0,"wins":0,"draws":0,"losses":0,"trades":0,"profit_factor":0.0},{"date":"19/10/2025","date_ts":1760832000000,"profit_abs":5.32501528,"wins":1,"draws":0,"losses":0,"trades":1,"profit_factor":0.0},{"date":"20/10/2025","date_ts":1760918400000,"profit_abs":2.91983205,"wins":1,"draws":0,"losses":0,"trades":1,"profit_factor":0.0},{"date":"21/10/2025","date_ts":1761004800000,"profit_abs":0.0,"wins":0,"draws":0,"losses":0,"trades":0,"profit_factor":0.0},{"date":"22/10/2025","date_ts":1761091200000,"profit_abs":0.0,"wins":0,"draws":0,"losses":0,"trades":0,"profit_factor":0.0},{"date":"23/10/2025","date_ts":1761177600000,"profit_abs":0.0,"wins":0,"draws":0,"losses":0,"trades":0,"profit_factor":0.0},{"date":"24/10/2025","date_ts":1761264000000,"profit_abs":0.580672,"wins":1,"draws":0,"losses":0,"trades":1,"profit_factor":0.0},{"date":"25/10/2025","date_ts":1761350400000,"profit_abs":0.0,"wins":0,"draws":0,"losses":0,"trades":0,"profit_factor":0.0},{"date":"26/10/2025","date_ts":1761436800000,"profit_abs":0.0,"wins":0,"draws":0,"losses":0,"trades":0,"profit_factor":0.0},{"date":"27/10/2025","date_ts":1761523200000,"profit_abs":0.0,"wins":0,"draws":0,"losses":0,"trades":0,"profit_factor":0.0},{"date":"28/10/2025","date_ts":1761609600000,"profit_abs":0.0,"wins":0,"draws":0,"losses":0,"trades":0,"profit_factor":0.0},{"date":"29/10/2025","date_ts":1761696000000,"profit_abs":0.0,"wins":0,"draws":0,"losses":0,"trades":0,"profit_factor":0.0},{"date":"30/10/2025","date_ts":1761782400000,"profit_abs":0.0,"wins":0,"draws":0,"losses":0,"trades":0,"profit_factor":0.0},{"date":"31/10/2025","date_ts":1761868800000,"profit_abs":0.0,"wins":0,"draws":0,"losses":0,"trades":0,"profit_factor":0.0},{"date":"01/11/2025","date_ts":1761955200000,"profit_abs":0.0,"wins":0,"draws":1,"losses":0,"trades":1,"profit_factor":0.0},{"date":"02/11/2025","date_ts":1762041600000,"profit_abs":0.0,"wins":0,"draws":0,"losses":0,"trades":0,"profit_factor":0.0},{"date":"03/11/2025","date_ts":1762128000000,"profit_abs":0.0,"wins":0,"draws":0,"losses":0,"trades":0,"profit_factor":0.0},{"date":"04/11/2025","date_ts":1762214400000,"profit_abs":0.0,"wins":0,"draws":0,"losses":0,"trades":0,"profit_factor":0.0},{"date":"05/11/2025","date_ts":1762300800000,"profit_abs":-17.33394582,"wins":0,"draws":0,"losses":1,"trades":1,"profit_factor":0.0},{"date":"06/11/2025","date_ts":1762387200000,"profit_abs":0.0,"wins":0,"draws":1,"losses":0,"trades":1,"profit_factor":0.0},{"date":"07/11/2025","date_ts":1762473600000,"profit_abs":0.0,"wins":0,"draws":0,"losses":0,"trades":0,"profit_factor":0.0},{"date":"08/11/2025","date_ts":1762560000000,"profit_abs":0.0,"wins":0,"draws":0,"losses":0,"trades":0,"profit_factor":0.0},{"date":"09/11/2025","date_ts":1762646400000,"profit_abs":0.0,"wins":0,"draws":0,"losses":0,"trades":0,"profit_factor":0.0},{"date":"10/11/2025","date_ts":1762732800000,"profit_abs":0.0,"wins":0,"draws":0,"losses":0,"trades":0,"profit_factor":0.0},{"date":"11/11/2025","date_ts":1762819200000,"profit_abs":0.0,"wins":0,"draws":1,"losses":0,"trades":1,"profit_factor":0.0},{"date":"12/11/2025","date_ts":1762905600000,"profit_abs":0.0,"wins":0,"draws":0,"losses":0,"trades":0,"profit_factor":0.0},{"date":"13/11/2025","date_ts":1762992000000,"profit_abs":0.0,"wins":0,"draws":0,"losses":0,"trades":0,"profit_factor":0.0},{"date":"14/11/2025","date_ts":1763078400000,"profit_abs":0.0,"wins":0,"draws":0,"losses":0,"trades":0,"profit_factor":0.0},{"date":"15/11/2025","date_ts":1763164800000,"profit_abs":0.0,"wins":0,"draws":0,"losses":0,"trades":0,"profit_factor":0.0},{"date":"16/11/2025","date_ts":1763251200000,"profit_abs":0.0,"wins":0,"draws":0,"losses":0,"trades":0,"profit_factor":0.0},{"date":"17/11/2025","date_ts":1763337600000,"profit_abs":-17.02997671,"wins":0,"draws":0,"losses":1,"trades":1,"profit_factor":0.0},{"date":"18/11/2025","date_ts":1763424000000,"profit_abs":0.0,"wins":0,"draws":0,"losses":0,"trades":0,"profit_factor":0.0},{"date":"19/11/2025","date_ts":1763510400000,"profit_abs":0.0,"wins":0,"draws":0,"losses":0,"trades":0,"profit_factor":0.0},{"date":"20/11/2025","date_ts":1763596800000,"profit_abs":0.0,"wins":0,"draws":0,"losses":0,"trades":0,"profit_factor":0.0},{"date":"21/11/2025","date_ts":1763683200000,"profit_abs":0.0,"wins":0,"draws":1,"losses":0,"trades":1,"profit_factor":0.0},{"date":"22/11/2025","date_ts":1763769600000,"profit_abs":0.37407884,"wins":1,"draws":0,"losses":0,"trades":1,"profit_factor":0.0},{"date":"23/11/2025","date_ts":1763856000000,"profit_abs":0.0,"wins":0,"draws":1,"losses":0,"trades":1,"profit_factor":0.0},{"date":"24/11/2025","date_ts":1763942400000,"profit_abs":0.0,"wins":0,"draws":0,"losses":0,"trades":0,"profit_factor":0.0},{"date":"25/11/2025","date_ts":1764028800000,"profit_abs":2.1953568,"wins":1,"draws":0,"losses":0,"trades":1,"profit_factor":0.0},{"date":"26/11/2025","date_ts":1764115200000,"profit_abs":9.033885,"wins":1,"draws":0,"losses":0,"trades":1,"profit_factor":0.0},{"date":"27/11/2025","date_ts":1764201600000,"profit_abs":0.0,"wins":0,"draws":0,"losses":0,"trades":0,"profit_factor":0.0},{"date":"28/11/2025","date_ts":1764288000000,"profit_abs":0.0,"wins":0,"draws":1,"losses":0,"trades":1,"profit_factor":0.0},{"date":"29/11/2025","date_ts":1764374400000,"profit_abs":0.0,"wins":0,"draws":0,"losses":0,"trades":0,"profit_factor":0.0},{"date":"30/11/2025","date_ts":1764460800000,"profit_abs":0.0,"wins":0,"draws":0,"losses":0,"trades":0,"profit_factor":0.0},{"date":"01/12/2025","date_ts":1764547200000,"profit_abs":0.0,"wins":0,"draws":0,"losses":0,"trades":0,"profit_factor":0.0},{"date":"02/12/2025","date_ts":1764633600000,"profit_abs":0.0,"wins":0,"draws":0,"losses":0,"trades":0,"profit_factor":0.0},{"date":"03/12/2025","date_ts":1764720000000,"profit_abs":0.0,"wins":0,"draws":1,"losses":0,"trades":1,"profit_factor":0.0},{"date":"04/12/2025","date_ts":1764806400000,"profit_abs":0.0,"wins":0,"draws":0,"losses":0,"trades":0,"profit_factor":0.0},{"date":"05/12/2025","date_ts":1764892800000,"profit_abs":0.0,"wins":0,"draws":1,"losses":0,"trades":1,"profit_factor":0.0},{"date":"06/12/2025","date_ts":1764979200000,"profit_abs":0.0,"wins":0,"draws":0,"losses":0,"trades":0,"profit_factor":0.0},{"date":"07/12/2025","date_ts":1765065600000,"profit_abs":0.0,"wins":0,"draws":0,"losses":0,"trades":0,"profit_factor":0.0},{"date":"08/12/2025","date_ts":1765152000000,"profit_abs":0.0,"wins":0,"draws":0,"losses":0,"trades":0,"profit_factor":0.0},{"date":"09/12/2025","date_ts":1765238400000,"profit_abs":0.0,"wins":0,"draws":0,"losses":0,"trades":0,"profit_factor":0.0},{"date":"10/12/2025","date_ts":1765324800000,"profit_abs":2.49280955,"wins":1,"draws":0,"losses":0,"trades":1,"profit_factor":0.0},{"date":"11/12/2025","date_ts":1765411200000,"profit_abs":0.0,"wins":0,"draws":0,"losses":0,"trades":0,"profit_factor":0.0},{"date":"12/12/2025","date_ts":1765497600000,"profit_abs":0.0,"wins":0,"draws":0,"losses":0,"trades":0,"profit_factor":0.0},{"date":"13/12/2025","date_ts":1765584000000,"profit_abs":0.0,"wins":0,"draws":0,"losses":0,"trades":0,"profit_factor":0.0},{"date":"14/12/2025","date_ts":1765670400000,"profit_abs":0.0,"wins":0,"draws":0,"losses":0,"trades":0,"profit_factor":0.0},{"date":"15/12/2025","date_ts":1765756800000,"profit_abs":5.02319367,"wins":1,"draws":0,"losses":0,"trades":1,"profit_factor":0.0},{"date":"16/12/2025","date_ts":1765843200000,"profit_abs":0.0,"wins":0,"draws":0,"losses":0,"trades":0,"profit_factor":0.0},{"date":"17/12/2025","date_ts":1765929600000,"profit_abs":0.0,"wins":0,"draws":0,"losses":0,"trades":0,"profit_factor":0.0},{"date":"18/12/2025","date_ts":1766016000000,"profit_abs":-17.06171441,"wins":0,"draws":0,"losses":1,"trades":1,"profit_factor":0.0},{"date":"19/12/2025","date_ts":1766102400000,"profit_abs":0.0,"wins":0,"draws":0,"losses":0,"trades":0,"profit_factor":0.0},{"date":"20/12/2025","date_ts":1766188800000,"profit_abs":0.0,"wins":0,"draws":0,"losses":0,"trades":0,"profit_factor":0.0},{"date":"21/12/2025","date_ts":1766275200000,"profit_abs":0.0,"wins":0,"draws":1,"losses":0,"trades":1,"profit_factor":0.0},{"date":"22/12/2025","date_ts":1766361600000,"profit_abs":0.0,"wins":0,"draws":1,"losses":0,"trades":1,"profit_factor":0.0},{"date":"23/12/2025","date_ts":1766448000000,"profit_abs":0.0,"wins":0,"draws":0,"losses":0,"trades":0,"profit_factor":0.0},{"date":"24/12/2025","date_ts":1766534400000,"profit_abs":0.0,"wins":0,"draws":1,"losses":0,"trades":1,"profit_factor":0.0},{"date":"25/12/2025","date_ts":1766620800000,"profit_abs":0.0,"wins":0,"draws":0,"losses":0,"trades":0,"profit_factor":0.0},{"date":"26/12/2025","date_ts":1766707200000,"profit_abs":-16.78427352,"wins":0,"draws":0,"losses":1,"trades":1,"profit_factor":0.0},{"date":"27/12/2025","date_ts":1766793600000,"profit_abs":0.0,"wins":0,"draws":0,"losses":0,"trades":0,"profit_factor":0.0},{"date":"28/12/2025","date_ts":1766880000000,"profit_abs":0.0,"wins":0,"draws":0,"losses":0,"trades":0,"profit_factor":0.0},{"date":"29/12/2025","date_ts":1766966400000,"profit_abs":0.0,"wins":0,"draws":1,"losses":0,"trades":1,"profit_factor":0.0},{"date":"30/12/2025","date_ts":1767052800000,"profit_abs":0.0,"wins":0,"draws":0,"losses":0,"trades":0,"profit_factor":0.0},{"date":"31/12/2025","date_ts":1767139200000,"profit_abs":0.0,"wins":0,"draws":0,"losses":0,"trades":0,"profit_factor":0.0},{"date":"01/01/2026","date_ts":1767225600000,"profit_abs":0.0,"wins":0,"draws":0,"losses":0,"trades":0,"profit_factor":0.0},{"date":"02/01/2026","date_ts":1767312000000,"profit_abs":0.0,"wins":0,"draws":0,"losses":0,"trades":0,"profit_factor":0.0},{"date":"03/01/2026","date_ts":1767398400000,"profit_abs":0.0,"wins":0,"draws":0,"losses":0,"trades":0,"profit_factor":0.0},{"date":"04/01/2026","date_ts":1767484800000,"profit_abs":0.0,"wins":0,"draws":0,"losses":0,"trades":0,"profit_factor":0.0},{"date":"05/01/2026","date_ts":1767571200000,"profit_abs":8.20806129,"wins":1,"draws":0,"losses":0,"trades":1,"profit_factor":0.0}],"week":[{"date":"13/10/2025","date_ts":1760313600000,"profit_abs":2.29596672,"wins":1,"draws":1,"losses":0,"trades":2,"profit_factor":0.0},{"date":"20/10/2025","date_ts":1760918400000,"profit_abs":8.63215113,"wins":3,"draws":0,"losses":0,"trades":3,"profit_factor":0.0},{"date":"27/10/2025","date_ts":1761523200000,"profit_abs":0.580672,"wins":1,"draws":0,"losses":0,"trades":1,"profit_factor":0.0},{"date":"03/11/2025","date_ts":1762128000000,"profit_abs":0.0,"wins":0,"draws":1,"losses":0,"trades":1,"profit_factor":0.0},{"date":"10/11/2025","date_ts":1762732800000,"profit_abs":-17.33394582,"wins":0,"draws":1,"losses":1,"trades":2,"profit_factor":0.0},{"date":"17/11/2025","date_ts":1763337600000,"profit_abs":-17.02997671,"wins":0,"draws":1,"losses":1,"trades":2,"profit_factor":0.0},{"date":"24/11/2025","date_ts":1763942400000,"profit_abs":0.37407884,"wins":1,"draws":2,"losses":0,"trades":3,"profit_factor":0.0},{"date":"01/12/2025","date_ts":1764547200000,"profit_abs":11.2292418,"wins":2,"draws":1,"losses":0,"trades":3,"profit_factor":0.0},{"date":"08/12/2025","date_ts":1765152000000,"profit_abs":0.0,"wins":0,"draws":2,"losses":0,"trades":2,"profit_factor":0.0},{"date":"15/12/2025","date_ts":1765756800000,"profit_abs":7.51600322,"wins":2,"draws":0,"losses":0,"trades":2,"profit_factor":0.0},{"date":"22/12/2025","date_ts":1766361600000,"profit_abs":-17.06171441,"wins":0,"draws":2,"losses":1,"trades":3,"profit_factor":0.0},{"date":"29/12/2025","date_ts":1766966400000,"profit_abs":-16.78427352,"wins":0,"draws":2,"losses":1,"trades":3,"profit_factor":0.0},{"date":"05/01/2026","date_ts":1767571200000,"profit_abs":8.20806129,"wins":1,"draws":0,"losses":0,"trades":1,"profit_factor":0.0}],"month":[{"date":"31/10/2025","date_ts":1761868800000,"profit_abs":11.50878985,"wins":5,"draws":1,"losses":0,"trades":6,"profit_factor":0.0},{"date":"30/11/2025","date_ts":1764460800000,"profit_abs":-22.76060189,"wins":3,"draws":6,"losses":2,"trades":11,"profit_factor":0.33765996},{"date":"31/12/2025","date_ts":1767139200000,"profit_abs":-26.32998471,"wins":2,"draws":6,"losses":2,"trades":10,"profit_factor":0.22206482},{"date":"31/01/2026","date_ts":1769817600000,"profit_abs":8.20806129,"wins":1,"draws":0,"losses":0,"trades":1,"profit_factor":0.0}],"year":[{"date":"31/12/2025","date_ts":1767139200000,"profit_abs":-37.58179675,"wins":10,"draws":13,"losses":4,"trades":27,"profit_factor":0.44902733},{"date":"31/12/2026","date_ts":1798675200000,"profit_abs":8.20806129,"wins":1,"draws":0,"losses":0,"trades":1,"profit_factor":0.0}],"weekday":[{"date":"Monday","date_ts":0,"profit_abs":1.41707702,"wins":4,"draws":2,"losses":1,"trades":7,"profit_factor":1.08321074},{"date":"Tuesday","date_ts":1,"profit_abs":2.1953568,"wins":1,"draws":1,"losses":0,"trades":2,"profit_factor":0.0},{"date":"Wednesday","date_ts":2,"profit_abs":-5.80725127,"wins":2,"draws":2,"losses":1,"trades":5,"profit_factor":0.66497811},{"date":"Thursday","date_ts":3,"profit_abs":-17.06171441,"wins":0,"draws":2,"losses":1,"trades":3,"profit_factor":0.0},{"date":"Friday","date_ts":4,"profit_abs":-15.81629772,"wins":2,"draws":3,"losses":1,"trades":6,"profit_factor":0.05767159},{"date":"Saturday","date_ts":5,"profit_abs":0.37407884,"wins":1,"draws":1,"losses":0,"trades":2,"profit_factor":0.0},{"date":"Sunday","date_ts":6,"profit_abs":5.32501528,"wins":1,"draws":2,"losses":0,"trades":3,"profit_factor":0.0}]},"backtest_best_day":0.027922373484503663,"backtest_worst_day":-0.05189028179155118,"backtest_best_day_abs":9.033885,"backtest_worst_day_abs":-17.33394582,"winning_days":11,"draw_days":74,"losing_days":4,"daily_profit":[["2025-10-09",0.0],["2025-10-10",0.0],["2025-10-11",0.0],["2025-10-12",0.0],["2025-10-13",2.29596672],["2025-10-14",0.0],["2025-10-15",0.0],["2025-10-16",0.0],["2025-10-17",0.3873038],["2025-10-18",0.0],["2025-10-19",5.32501528],["2025-10-20",2.91983205],["2025-10-21",0.0],["2025-10-22",0.0],["2025-10-23",0.0],["2025-10-24",0.580672],["2025-10-25",0.0],["2025-10-26",0.0],["2025-10-27",0.0],["2025-10-28",0.0],["2025-10-29",0.0],["2025-10-30",0.0],["2025-10-31",0.0],["2025-11-01",0.0],["2025-11-02",0.0],["2025-11-03",0.0],["2025-11-04",0.0],["2025-11-05",-17.33394582],["2025-11-06",0.0],["2025-11-07",0.0],["2025-11-08",0.0],["2025-11-09",0.0],["2025-11-10",0.0],["2025-11-11",0.0],["2025-11-12",0.0],["2025-11-13",0.0],["2025-11-14",0.0],["2025-11-15",0.0],["2025-11-16",0.0],["2025-11-17",-17.02997671],["2025-11-18",0.0],["2025-11-19",0.0],["2025-11-20",0.0],["2025-11-21",0.0],["2025-11-22",0.37407884],["2025-11-23",0.0],["2025-11-24",0.0],["2025-11-25",2.1953568],["2025-11-26",9.033885],["2025-11-27",0.0],["2025-11-28",0.0],["2025-11-29",0.0],["2025-11-30",0.0],["2025-12-01",0.0],["2025-12-02",0.0],["2025-12-03",0.0],["2025-12-04",0.0],["2025-12-05",0.0],["2025-12-06",0.0],["2025-12-07",0.0],["2025-12-08",0.0],["2025-12-09",0.0],["2025-12-10",2.49280955],["2025-12-11",0.0],["2025-12-12",0.0],["2025-12-13",0.0],["2025-12-14",0.0],["2025-12-15",5.02319367],["2025-12-16",0.0],["2025-12-17",0.0],["2025-12-18",-17.06171441],["2025-12-19",0.0],["2025-12-20",0.0],["2025-12-21",0.0],["2025-12-22",0.0],["2025-12-23",0.0],["2025-12-24",0.0],["2025-12-25",0.0],["2025-12-26",-16.78427352],["2025-12-27",0.0],["2025-12-28",0.0],["2025-12-29",0.0],["2025-12-30",0.0],["2025-12-31",0.0],["2026-01-01",0.0],["2026-01-02",0.0],["2026-01-03",0.0],["2026-01-04",0.0],["2026-01-05",8.20806129]],"wins":11,"losses":4,"draws":13,"winrate":0.39285714285714285,"holding_avg":"5:49:00","holding_avg_s":20940.0,"winner_holding_min":"0d 02:00","winner_holding_min_s":7200.0,"winner_holding_max":"0d 02:00","winner_holding_max_s":7200.0,"winner_holding_avg":"0d 02:00","winner_holding_avg_s":7200.0,"loser_holding_min":"0d 02:00","loser_holding_min_s":7200.0,"loser_holding_max":"1d 00:00","loser_holding_max_s":86400.0,"loser_holding_avg":"0d 11:00","loser_holding_avg_s":39600.0,"max_consecutive_wins":5,"max_consecutive_losses":6,"max_drawdown_account":0.04853204153300511,"max_relative_drawdown":0.04853204153300511,"max_drawdown_abs":49.0905866,"drawdown_start":"2025-10-24 07:00:00","drawdown_start_ts":1761289200000.0,"drawdown_end":"2025-12-26 16:00:00","drawdown_end_ts":1766764800000.0,"drawdown_duration":"63 days 09:00:00","drawdown_duration_s":5475600.0,"max_drawdown_low":-37.58179675,"max_drawdown_high":11.50878985,"csum_min":962.41820325,"csum_max":1011.50878985}},"strategy_comparison":[{"key":"ACO_10_23","trades":28,"profit_mean":-0.00314643718909089,"profit_mean_pct":-0.31,"profit_total_abs":-29.373735459999995,"profit_total":-0.029373735459999994,"profit_total_pct":-2.94,"duration_avg":"5:49:00","wins":11,"draws":13,"losses":4,"winrate":0.39285714285714285,"cagr":-0.10612191355514666,"expectancy":-1.0490619807142858,"expectancy_ratio":-0.5258053365012856,"sortino":-29.7030049214984,"sharpe":-0.8299680238811659,"calmar":-11.920797665777807,"sqn":-0.782,"profit_factor":0.569362644491001,"max_drawdown_account":0.04853204153300511,"max_drawdown_abs":"49.091"}]}