{"strategy":{"ACO_40_11":{"trades":[{"pair":"DOGE/USDT","stake_amount":329.81907,"max_stake_amount":329.81907,"amount":1281.0,"open_date":"2025-10-06 09:00:00+00:00","close_date":"2025-10-06 11:00:00+00:00","open_rate":0.25747,"close_rate":0.25909,"fee_open":0.001,"fee_close":0.001,"trade_duration":120,"profit_ratio":0.004281421766954062,"profit_abs":1.41350664,"exit_reason":"roi","initial_stop_loss_abs":0.2446,"initial_stop_loss_ratio":-0.05,"stop_loss_abs":0.2446,"stop_loss_ratio":-0.05,"min_rate":0.25731,"max_rate":0.26191,"is_open":false,"enter_tag":"","leverage":1.0,"is_short":false,"open_timestamp":1759741200000,"close_timestamp":1759748400000,"orders":[{"amount":1281.0,"safe_price":0.25747,"ft_order_side":"buy","order_filled_timestamp":1759741200000,"ft_is_entry":true,"ft_order_tag":"","cost":330.14888906999994},{"amount":1281.0,"safe_price":0.25909,"ft_order_side":"sell","order_filled_timestamp":1759748400000,"ft_is_entry":false,"ft_order_tag":"roi","cost":332.22618428999994}],"funding_fees":0.0,"weekday":0},{"pair":"DOGE/USDT","stake_amount":330.31492,"max_stake_amount":330.31492,"amount":1612.0,"open_date":"2025-10-15 03:00:00+00:00","close_date":"2025-10-15 08:00:00+00:00","open_rate":0.20491,"close_rate":0.2047,"fee_open":0.001,"fee_close":0.001,"trade_duration":300,"profit_ratio":-0.0030207945390220534,"profit_abs":-0.99881132,"exit_reason":"exit_signal","initial_stop_loss_abs":0.19467,"initial_stop_loss_ratio":-0.05,"stop_loss_abs":0.19467,"stop_loss_ratio":-0.05,"min_rate":0.2015,"max_rate":0.20853,"is_open":false,"enter_tag":"","leverage":1.0,"is_short":false,"open_timestamp":1760497200000,"close_timestamp":1760515200000,"orders":[{"amount":1612.0,"safe_price":0.20491,"ft_order_side":"buy","order_filled_timestamp":1760497200000,"ft_is_entry":true,"ft_order_tag":"","cost":330.64523492},{"amount":1612.0,"safe_price":0.2047,"ft_order_side":"sell","order_filled_timestamp":1760515200000,"ft_is_entry":false,"ft_order_tag":"exit_signal","cost":330.3063764}],"funding_fees":0.0,"weekday":2},{"pair":"DOGE/USDT","stake_amount":330.05876,"max_stake_amount":330.05876,"amount":1759.0,"open_date":"2025-10-18 02:00:00+00:00","close_date":"2025-10-18 03:00:00+00:00","open_rate":0.18764,"close_rate":0.18601,"fee_open":0.001,"fee_close":0.001,"trade_duration":60,"profit_ratio":-0.010667492814156639,"profit_abs":-3.52442035,"exit_reason":"exit_signal","initial_stop_loss_abs":0.17826,"initial_stop_loss_ratio":-0.05,"stop_loss_abs":0.17826,"stop_loss_ratio":-0.05,"min_rate":0.18568,"max_rate":0.18854,"is_open":false,"enter_tag":"","leverage":1.0,"is_short":false,"open_timestamp":1760752800000,"close_timestamp":1760756400000,"orders":[{"amount":1759.0,"safe_price":0.18764,"ft_order_side":"buy","order_filled_timestamp":1760752800000,"ft_is_entry":true,"ft_order_tag":"","cost":330.38881876},{"amount":1759.0,"safe_price":0.18601,"ft_order_side":"sell","order_filled_timestamp":1760756400000,"ft_is_entry":false,"ft_order_tag":"exit_signal","cost":327.51878159}],"funding_fees":0.0,"weekday":5},{"pair":"DOGE/USDT","stake_amount":328.9146,"max_stake_amount":328.9146,"amount":1988.0,"open_date":"2025-11-07 15:00:00+00:00","close_date":"2025-11-07 16:00:00+00:00","open_rate":0.16545,"close_rate":0.174062012012012,"fee_open":0.001,"fee_close":0.001,"trade_duration":60,"profit_ratio":0.04995004995004995,"profit_abs":16.44573,"exit_reason":"roi","initial_stop_loss_abs":0.15718,"initial_stop_loss_ratio":-0.05,"stop_loss_abs":0.15718,"stop_loss_ratio":-0.05,"min_rate":0.16408,"max_rate":0.17555,"is_open":false,"enter_tag":"","leverage":1.0,"is_short":false,"open_timestamp":1762527600000,"close_timestamp":1762531200000,"orders":[{"amount":1988.0,"safe_price":0.16545,"ft_order_side":"buy","order_filled_timestamp":1762527600000,"ft_is_entry":true,"ft_order_tag":"","cost":329.24351459999997},{"amount":1988.0,"safe_price":0.174062012012012,"ft_order_side":"sell","order_filled_timestamp":1762531200000,"ft_is_entry":false,"ft_order_tag":"roi","cost":346.3813151597597}],"funding_fees":0.0,"weekday":4},{"pair":"DOGE/USDT","stake_amount":334.37568,"max_stake_amount":334.37568,"amount":1824.0,"open_date":"2025-11-10 23:00:00+00:00","close_date":"2025-11-11 01:00:00+00:00","open_rate":0.18332,"close_rate":0.18105,"fee_open":0.001,"fee_close":0.001,"trade_duration":120,"profit_ratio":-0.014355980044393748,"profit_abs":-4.80509088,"exit_reason":"exit_signal","initial_stop_loss_abs":0.17416,"initial_stop_loss_ratio":-0.05,"stop_loss_abs":0.17416,"stop_loss_ratio":-0.05,"min_rate":0.17933,"max_rate":0.1864,"is_open":false,"enter_tag":"","leverage":1.0,"is_short":false,"open_timestamp":1762815600000,"close_timestamp":1762822800000,"orders":[{"amount":1824.0,"safe_price":0.18332,"ft_order_side":"buy","order_filled_timestamp":1762815600000,"ft_is_entry":true,"ft_order_tag":"","cost":334.71005568},{"amount":1824.0,"safe_price":0.18105,"ft_order_side":"sell","order_filled_timestamp":1762822800000,"ft_is_entry":false,"ft_order_tag":"exit_signal","cost":330.5654351999999}],"funding_fees":0.0,"weekday":1},{"pair":"DOGE/USDT","stake_amount":332.69936,"max_stake_amount":332.69936,"amount":2032.0,"open_date":"2025-11-16 03:00:00+00:00","close_date":"2025-11-16 05:00:00+00:00","open_rate":0.16373,"close_rate":0.16321,"fee_open":0.001,"fee_close":0.001,"trade_duration":120,"profit_ratio":-0.005167616845379015,"profit_abs":-1.72098208,"exit_reason":"exit_signal","initial_stop_loss_abs":0.15555,"initial_stop_loss_ratio":-0.05,"stop_loss_abs":0.15555,"stop_loss_ratio":-0.05,"min_rate":0.16271,"max_rate":0.16445,"is_open":false,"enter_tag":"","leverage":1.0,"is_short":false,"open_timestamp":1763262000000,"close_timestamp":1763269200000,"orders":[{"amount":2032.0,"safe_price":0.16373,"ft_order_side":"buy","order_filled_timestamp":1763262000000,"ft_is_entry":true,"ft_order_tag":"","cost":333.0320593599999},{"amount":2032.0,"safe_price":0.16321,"ft_order_side":"sell","order_filled_timestamp":1763269200000,"ft_is_entry":false,"ft_order_tag":"exit_signal","cost":331.97436272}],"funding_fees":0.0,"weekday":6},{"pair":"DOGE/USDT","stake_amount":332.101,"max_stake_amount":332.101,"amount":2270.0,"open_date":"2025-12-09 16:00:00+00:00","close_date":"2025-12-09 18:00:00+00:00","open_rate":0.1463,"close_rate":0.15095,"fee_open":0.001,"fee_close":0.001,"trade_duration":120,"profit_ratio":0.029722498963783994,"profit_abs":9.8807425,"exit_reason":"roi","initial_stop_loss_abs":0.13899,"initial_stop_loss_ratio":-0.05,"stop_loss_abs":0.13899,"stop_loss_ratio":-0.05,"min_rate":0.1463,"max_rate":0.15319,"is_open":false,"enter_tag":"","leverage":1.0,"is_short":false,"open_timestamp":1765296000000,"close_timestamp":1765303200000,"orders":[{"amount":2270.0,"safe_price":0.1463,"ft_order_side":"buy","order_filled_timestamp":1765296000000,"ft_is_entry":true,"ft_order_tag":"","cost":332.433101},{"amount":2270.0,"safe_price":0.15095,"ft_order_side":"sell","order_filled_timestamp":1765303200000,"ft_is_entry":false,"ft_order_tag":"roi","cost":342.99915649999997}],"funding_fees":0.0,"weekday":1},{"pair":"DOGE/USDT","stake_amount":335.47806,"max_stake_amount":335.47806,"amount":2526.0,"open_date":"2025-12-21 09:00:00+00:00","close_date":"2025-12-21 11:00:00+00:00","open_rate":0.13281,"close_rate":0.13193,"fee_open":0.001,"fee_close":0.001,"trade_duration":120,"profit_ratio":-0.008610770300402104,"profit_abs":-2.89161324,"exit_reason":"exit_signal","initial_stop_loss_abs":0.12617,"initial_stop_loss_ratio":-0.05,"stop_loss_abs":0.12617,"stop_loss_ratio":-0.05,"min_rate":0.13138,"max_rate":0.13342,"is_open":false,"enter_tag":"","leverage":1.0,"is_short":false,"open_timestamp":1766307600000,"close_timestamp":1766314800000,"orders":[{"amount":2526.0,"safe_price":0.13281,"ft_order_side":"buy","order_filled_timestamp":1766307600000,"ft_is_entry":true,"ft_order_tag":"","cost":335.81353806},{"amount":2526.0,"safe_price":0.13193,"ft_order_side":"sell","order_filled_timestamp":1766314800000,"ft_is_entry":false,"ft_order_tag":"exit_signal","cost":333.58843518}],"funding_fees":0.0,"weekday":6},{"pair":"DOGE/USDT","stake_amount":334.4616,"max_stake_amount":334.4616,"amount":2706.0,"open_date":"2025-12-27 22:00:00+00:00","close_date":"2025-12-27 23:00:00+00:00","open_rate":0.1236,"close_rate":0.12327,"fee_open":0.001,"fee_close":0.001,"trade_duration":60,"profit_ratio":-0.0046625704392694685,"profit_abs":-1.56101022,"exit_reason":"exit_signal","initial_stop_loss_abs":0.11742,"initial_stop_loss_ratio":-0.05,"stop_loss_abs":0.11742,"stop_loss_ratio":-0.05,"min_rate":0.12316,"max_rate":0.12492,"is_open":false,"enter_tag":"","leverage":1.0,"is_short":false,"open_timestamp":1766872800000,"close_timestamp":1766876400000,"orders":[{"amount":2706.0,"safe_price":0.1236,"ft_order_side":"buy","order_filled_timestamp":1766872800000,"ft_is_entry":true,"ft_order_tag":"","cost":334.7960615999999},{"amount":2706.0,"safe_price":0.12327,"ft_order_side":"sell","order_filled_timestamp":1766876400000,"ft_is_entry":false,"ft_order_tag":"exit_signal","cost":333.90218861999995}],"funding_fees":0.0,"weekday":5}],"locks":[],"best_pair":{"key":"DOGE/USDT","trades":9,"profit_mean":0.004163193966462775,"profit_mean_pct":0.42,"profit_total_abs":12.238051050000003,"profit_total":0.012238051050000002,"profit_total_pct":1.22,"duration_avg":"2:00:00","wins":3,"draws":0,"losses":6,"winrate":0.3333333333333333,"cagr":0.046834546158632584,"expectancy":1.3597834500000006,"expectancy_ratio":0.5263023188233613,"sortino":1.847199576102832,"sharpe":0.35989036202435065,"calmar":37.427300797326936,"sqn":0.5742,"profit_factor":1.7894534782350422,"max_drawdown_account":0.0064401865995012885,"max_drawdown_abs":6.52607296},"worst_pair":{"key":"DOGE/USDT","trades":9,"profit_mean":0.004163193966462775,"profit_mean_pct":0.42,"profit_total_abs":12.238051050000003,"profit_total":0.012238051050000002,"profit_total_pct":1.22,"duration_avg":"2:00:00","wins":3,"draws":0,"losses":6,"winrate":0.3333333333333333,"cagr":0.046834546158632584,"expectancy":1.3597834500000006,"expectancy_ratio":0.5263023188233613,"sortino":1.847199576102832,"sharpe":0.35989036202435065,"calmar":37.427300797326936,"sqn":0.5742,"profit_factor":1.7894534782350422,"max_drawdown_account":0.0064401865995012885,"max_drawdown_abs":6.52607296},"results_per_pair":[{"key":"DOGE/USDT","trades":9,"profit_mean":0.004163193966462775,"profit_mean_pct":0.42,"profit_total_abs":12.238051050000003,"profit_total":0.012238051050000002,"profit_total_pct":1.22,"duration_avg":"2:00:00","wins":3,"draws":0,"losses":6,"winrate":0.3333333333333333,"cagr":0.046834546158632584,"expectancy":1.3597834500000006,"expectancy_ratio":0.5263023188233613,"sortino":1.847199576102832,"sharpe":0.35989036202435065,"calmar":37.427300797326936,"sqn":0.5742,"profit_factor":1.7894534782350422,"max_drawdown_account":0.0064401865995012885,"max_drawdown_abs":6.52607296},{"key":"TOTAL","trades":9,"profit_mean":0.004163193966462775,"profit_mean_pct":0.42,"profit_total_abs":12.238051050000003,"profit_total":0.012238051050000002,"profit_total_pct":1.22,"duration_avg":"2:00:00","wins":3,"draws":0,"losses":6,"winrate":0.3333333333333333,"cagr":0.046834546158632584,"expectancy":1.3597834500000006,"expectancy_ratio":0.5263023188233613,"sortino":1.847199576102832,"sharpe":0.35989036202435065,"calmar":37.427300797326936,"sqn":0.5742,"profit_factor":1.7894534782350422,"max_drawdown_account":0.0064401865995012885,"max_drawdown_abs":6.52607296}],"results_per_enter_tag":[{"key":"","trades":9,"profit_mean":0.004163193966462775,"profit_mean_pct":0.42,"profit_total_abs":12.238051050000003,"profit_total":0.012238051050000002,"profit_total_pct":1.22,"duration_avg":"2:00:00","wins":3,"draws":0,"losses":6,"winrate":0.3333333333333333,"cagr":0.046834546158632584,"expectancy":1.3597834500000006,"expectancy_ratio":0.5263023188233613,"sortino":1.847199576102832,"sharpe":0.35989036202435065,"calmar":37.427300797326936,"sqn":0.5742,"profit_factor":1.7894534782350422,"max_drawdown_account":0.0064401865995012885,"max_drawdown_abs":6.52607296},{"key":"TOTAL","trades":9,"profit_mean":0.004163193966462775,"profit_mean_pct":0.42,"profit_total_abs":12.238051050000003,"profit_total":0.012238051050000002,"profit_total_pct":1.22,"duration_avg":"2:00:00","wins":3,"draws":0,"losses":6,"winrate":0.3333333333333333,"cagr":0.046834546158632584,"expectancy":1.3597834500000006,"expectancy_ratio":0.5263023188233613,"sortino":1.847199576102832,"sharpe":0.35989036202435065,"calmar":37.427300797326936,"sqn":0.5742,"profit_factor":1.7894534782350422,"max_drawdown_account":0.0064401865995012885,"max_drawdown_abs":6.52607296}],"exit_reason_summary":[{"key":"roi","trades":3,"profit_mean":0.027984656893596003,"profit_mean_pct":2.8,"profit_total_abs":27.739979140000003,"profit_total":0.027739979140000003,"profit_total_pct":2.77,"duration_avg":"1:40:00","wins":3,"draws":0,"losses":0,"winrate":1.0,"cagr":0.10844800400183718,"expectancy":9.246659713333335,"expectancy_ratio":100.0,"sortino":-100,"sharpe":0.8879269041286636,"calmar":-100,"sqn":2.1252,"profit_factor":0.0,"max_drawdown_account":0.0,"max_drawdown_abs":0.0},{"key":"exit_signal","trades":6,"profit_mean":-0.007747537497103837,"profit_mean_pct":-0.77,"profit_total_abs":-15.50192809,"profit_total":-0.01550192809,"profit_total_pct":-1.55,"duration_avg":"2:10:00","wins":0,"draws":0,"losses":6,"winrate":0.0,"cagr":-0.05709416130714173,"expectancy":-2.583654681666667,"expectancy_ratio":-1.0,"sortino":-2.3398460163004944,"sharpe":-2.3398460163004944,"calmar":-19.695848633549303,"sqn":-4.4274,"profit_factor":0.0,"max_drawdown_account":0.015501928089999978,"max_drawdown_abs":15.50192809},{"key":"TOTAL","trades":9,"profit_mean":0.004163193966462775,"profit_mean_pct":0.42,"profit_total_abs":12.238051050000003,"profit_total":0.012238051050000002,"profit_total_pct":1.22,"duration_avg":"2:00:00","wins":3,"draws":0,"losses":6,"winrate":0.3333333333333333,"cagr":0.046834546158632584,"expectancy":1.3597834500000006,"expectancy_ratio":0.5263023188233613,"sortino":1.847199576102832,"sharpe":0.35989036202435065,"calmar":37.427300797326936,"sqn":0.5742,"profit_factor":1.7894534782350422,"max_drawdown_account":0.0064401865995012885,"max_drawdown_abs":6.52607296}],"mix_tag_stats":[{"key":["","roi"],"trades":3,"profit_mean":0.027984656893596003,"profit_mean_pct":2.8,"profit_total_abs":27.739979140000003,"profit_total":0.027739979140000003,"profit_total_pct":2.77,"duration_avg":"1:40:00","wins":3,"draws":0,"losses":0,"winrate":1.0,"cagr":0.10844800400183718,"expectancy":9.246659713333335,"expectancy_ratio":100.0,"sortino":-100,"sharpe":0.8879269041286636,"calmar":-100,"sqn":2.1252,"profit_factor":0.0,"max_drawdown_account":0.0,"max_drawdown_abs":0.0},{"key":["","exit_signal"],"trades":6,"profit_mean":-0.007747537497103837,"profit_mean_pct":-0.77,"profit_total_abs":-15.50192809,"profit_total":-0.01550192809,"profit_total_pct":-1.55,"duration_avg":"2:10:00","wins":0,"draws":0,"losses":6,"winrate":0.0,"cagr":-0.05709416130714173,"expectancy":-2.583654681666667,"expectancy_ratio":-1.0,"sortino":-2.3398460163004944,"sharpe":-2.3398460163004944,"calmar":-19.695848633549303,"sqn":-4.4274,"profit_factor":0.0,"max_drawdown_account":0.015501928089999978,"max_drawdown_abs":15.50192809},{"key":"TOTAL","trades":9,"profit_mean":0.004163193966462775,"profit_mean_pct":0.42,"profit_total_abs":12.238051050000003,"profit_total":0.012238051050000002,"profit_total_pct":1.22,"duration_avg":"2:00:00","wins":3,"draws":0,"losses":6,"winrate":0.3333333333333333,"cagr":0.046834546158632584,"expectancy":1.3597834500000006,"expectancy_ratio":0.5263023188233613,"sortino":1.847199576102832,"sharpe":0.35989036202435065,"calmar":37.427300797326936,"sqn":0.5742,"profit_factor":1.7894534782350422,"max_drawdown_account":0.0064401865995012885,"max_drawdown_abs":6.52607296}],"left_open_trades":[{"key":"TOTAL","trades":0,"profit_mean":0.0,"profit_mean_pct":0.0,"profit_total_abs":0.0,"profit_total":0.0,"profit_total_pct":0.0,"duration_avg":"0:00","wins":0,"draws":0,"losses":0,"winrate":0.0,"cagr":0.0,"expectancy":0.0,"expectancy_ratio":100.0,"sortino":0,"sharpe":0,"calmar":0,"sqn":0.0,"profit_factor":0.0,"max_drawdown_account":0.0,"max_drawdown_abs":0.0}],"total_trades":9,"trade_count_long":9,"trade_count_short":0,"total_volume":6000.673508709759,"avg_stake_amount":332.02478333333335,"profit_mean":0.004163193966462775,"profit_median":-0.0046625704392694685,"profit_total":0.012238051050000002,"profit_total_long":0.012238051050000002,"profit_total_short":0.0,"profit_total_abs":12.238051050000003,"profit_total_long_abs":12.238051050000003,"profit_total_short_abs":0.0,"cagr":0.046834546158632584,"expectancy":1.3597834500000006,"expectancy_ratio":0.5263023188233613,"sortino":1.847199576102832,"sharpe":0.35989036202435065,"calmar":37.427300797326936,"sqn":0.5742,"profit_factor":1.7894534782350422,"backtest_start":"2025-10-01 00:00:00","backtest_start_ts":1759276800000,"backtest_end":"2026-01-06 20:00:00","backtest_end_ts":1767729600000,"backtest_days":97,"backtest_run_start_ts":1767739260,"backtest_run_end_ts":1767739261,"trades_per_day":0.09,"market_change":-0.36632086436227446,"pairlist":["DOGE/USDT"],"stake_amount":"unlimited","stake_currency":"USDT","stake_currency_decimals":3,"starting_balance":1000,"dry_run_wallet":1000,"final_balance":1012.23805105,"rejected_signals":0,"timedout_entry_orders":0,"timedout_exit_orders":0,"canceled_trade_entries":0,"canceled_entry_orders":0,"replaced_entry_orders":0,"max_open_trades":1,"max_open_trades_setting":3,"timeframe":"1h","timeframe_detail":"","timerange":"20251001-","enable_protections":false,"strategy_name":"ACO_40_11","freqaimodel":null,"freqai_identifier":null,"stoploss":-0.05,"trailing_stop":false,"trailing_stop_positive":null,"trailing_stop_positive_offset":0.0,"trailing_only_offset_is_reached":false,"use_custom_stoploss":false,"minimal_roi":{"0":0.1,"60":0.05,"120":0.0},"use_exit_signal":true,"exit_profit_only":false,"exit_profit_offset":0.0,"ignore_roi_if_entry_signal":false,"trading_mode":"spot","margin_mode":"","periodic_breakdown":{"day":[{"date":"06/10/2025","date_ts":1759708800000,"profit_abs":1.41350664,"wins":1,"draws":0,"losses":0,"trades":1,"profit_factor":0.0},{"date":"07/10/2025","date_ts":1759795200000,"profit_abs":0.0,"wins":0,"draws":0,"losses":0,"trades":0,"profit_factor":0.0},{"date":"08/10/2025","date_ts":1759881600000,"profit_abs":0.0,"wins":0,"draws":0,"losses":0,"trades":0,"profit_factor":0.0},{"date":"09/10/2025","date_ts":1759968000000,"profit_abs":0.0,"wins":0,"draws":0,"losses":0,"trades":0,"profit_factor":0.0},{"date":"10/10/2025","date_ts":1760054400000,"profit_abs":0.0,"wins":0,"draws":0,"losses":0,"trades":0,"profit_factor":0.0},{"date":"11/10/2025","date_ts":1760140800000,"profit_abs":0.0,"wins":0,"draws":0,"losses":0,"trades":0,"profit_factor":0.0},{"date":"12/10/2025","date_ts":1760227200000,"profit_abs":0.0,"wins":0,"draws":0,"losses":0,"trades":0,"profit_factor":0.0},{"date":"13/10/2025","date_ts":1760313600000,"profit_abs":0.0,"wins":0,"draws":0,"losses":0,"trades":0,"profit_factor":0.0},{"date":"14/10/2025","date_ts":1760400000000,"profit_abs":0.0,"wins":0,"draws":0,"losses":0,"trades":0,"profit_factor":0.0},{"date":"15/10/2025","date_ts":1760486400000,"profit_abs":-0.99881132,"wins":0,"draws":0,"losses":1,"trades":1,"profit_factor":0.0},{"date":"16/10/2025","date_ts":1760572800000,"profit_abs":0.0,"wins":0,"draws":0,"losses":0,"trades":0,"profit_factor":0.0},{"date":"17/10/2025","date_ts":1760659200000,"profit_abs":0.0,"wins":0,"draws":0,"losses":0,"trades":0,"profit_factor":0.0},{"date":"18/10/2025","date_ts":1760745600000,"profit_abs":-3.52442035,"wins":0,"draws":0,"losses":1,"trades":1,"profit_factor":0.0},{"date":"19/10/2025","date_ts":1760832000000,"profit_abs":0.0,"wins":0,"draws":0,"losses":0,"trades":0,"profit_factor":0.0},{"date":"20/10/2025","date_ts":1760918400000,"profit_abs":0.0,"wins":0,"draws":0,"losses":0,"trades":0,"profit_factor":0.0},{"date":"21/10/2025","date_ts":1761004800000,"profit_abs":0.0,"wins":0,"draws":0,"losses":0,"trades":0,"profit_factor":0.0},{"date":"22/10/2025","date_ts":1761091200000,"profit_abs":0.0,"wins":0,"draws":0,"losses":0,"trades":0,"profit_factor":0.0},{"date":"23/10/2025","date_ts":1761177600000,"profit_abs":0.0,"wins":0,"draws":0,"losses":0,"trades":0,"profit_factor":0.0},{"date":"24/10/2025","date_ts":1761264000000,"profit_abs":0.0,"wins":0,"draws":0,"losses":0,"trades":0,"profit_factor":0.0},{"date":"25/10/2025","date_ts":1761350400000,"profit_abs":0.0,"wins":0,"draws":0,"losses":0,"trades":0,"profit_factor":0.0},{"date":"26/10/2025","date_ts":1761436800000,"profit_abs":0.0,"wins":0,"draws":0,"losses":0,"trades":0,"profit_factor":0.0},{"date":"27/10/2025","date_ts":1761523200000,"profit_abs":0.0,"wins":0,"draws":0,"losses":0,"trades":0,"profit_factor":0.0},{"date":"28/10/2025","date_ts":1761609600000,"profit_abs":0.0,"wins":0,"draws":0,"losses":0,"trades":0,"profit_factor":0.0},{"date":"29/10/2025","date_ts":1761696000000,"profit_abs":0.0,"wins":0,"draws":0,"losses":0,"trades":0,"profit_factor":0.0},{"date":"30/10/2025","date_ts":1761782400000,"profit_abs":0.0,"wins":0,"draws":0,"losses":0,"trades":0,"profit_factor":0.0},{"date":"31/10/2025","date_ts":1761868800000,"profit_abs":0.0,"wins":0,"draws":0,"losses":0,"trades":0,"profit_factor":0.0},{"date":"01/11/2025","date_ts":1761955200000,"profit_abs":0.0,"wins":0,"draws":0,"losses":0,"trades":0,"profit_factor":0.0},{"date":"02/11/2025","date_ts":1762041600000,"profit_abs":0.0,"wins":0,"draws":0,"losses":0,"trades":0,"profit_factor":0.0},{"date":"03/11/2025","date_ts":1762128000000,"profit_abs":0.0,"wins":0,"draws":0,"losses":0,"trades":0,"profit_factor":0.0},{"date":"04/11/2025","date_ts":1762214400000,"profit_abs":0.0,"wins":0,"draws":0,"losses":0,"trades":0,"profit_factor":0.0},{"date":"05/11/2025","date_ts":1762300800000,"profit_abs":0.0,"wins":0,"draws":0,"losses":0,"trades":0,"profit_factor":0.0},{"date":"06/11/2025","date_ts":1762387200000,"profit_abs":0.0,"wins":0,"draws":0,"losses":0,"trades":0,"profit_factor":0.0},{"date":"07/11/2025","date_ts":1762473600000,"profit_abs":16.44573,"wins":1,"draws":0,"losses":0,"trades":1,"profit_factor":0.0},{"date":"08/11/2025","date_ts":1762560000000,"profit_abs":0.0,"wins":0,"draws":0,"losses":0,"trades":0,"profit_factor":0.0},{"date":"09/11/2025","date_ts":1762646400000,"profit_abs":0.0,"wins":0,"draws":0,"losses":0,"trades":0,"profit_factor":0.0},{"date":"10/11/2025","date_ts":1762732800000,"profit_abs":0.0,"wins":0,"draws":0,"losses":0,"trades":0,"profit_factor":0.0},{"date":"11/11/2025","date_ts":1762819200000,"profit_abs":-4.80509088,"wins":0,"draws":0,"losses":1,"trades":1,"profit_factor":0.0},{"date":"12/11/2025","date_ts":1762905600000,"profit_abs":0.0,"wins":0,"draws":0,"losses":0,"trades":0,"profit_factor":0.0},{"date":"13/11/2025","date_ts":1762992000000,"profit_abs":0.0,"wins":0,"draws":0,"losses":0,"trades":0,"profit_factor":0.0},{"date":"14/11/2025","date_ts":1763078400000,"profit_abs":0.0,"wins":0,"draws":0,"losses":0,"trades":0,"profit_factor":0.0},{"date":"15/11/2025","date_ts":1763164800000,"profit_abs":0.0,"wins":0,"draws":0,"losses":0,"trades":0,"profit_factor":0.0},{"date":"16/11/2025","date_ts":1763251200000,"profit_abs":-1.72098208,"wins":0,"draws":0,"losses":1,"trades":1,"profit_factor":0.0},{"date":"17/11/2025","date_ts":1763337600000,"profit_abs":0.0,"wins":0,"draws":0,"losses":0,"trades":0,"profit_factor":0.0},{"date":"18/11/2025","date_ts":1763424000000,"profit_abs":0.0,"wins":0,"draws":0,"losses":0,"trades":0,"profit_factor":0.0},{"date":"19/11/2025","date_ts":1763510400000,"profit_abs":0.0,"wins":0,"draws":0,"losses":0,"trades":0,"profit_factor":0.0},{"date":"20/11/2025","date_ts":1763596800000,"profit_abs":0.0,"wins":0,"draws":0,"losses":0,"trades":0,"profit_factor":0.0},{"date":"21/11/2025","date_ts":1763683200000,"profit_abs":0.0,"wins":0,"draws":0,"losses":0,"trades":0,"profit_factor":0.0},{"date":"22/11/2025","date_ts":1763769600000,"profit_abs":0.0,"wins":0,"draws":0,"losses":0,"trades":0,"profit_factor":0.0},{"date":"23/11/2025","date_ts":1763856000000,"profit_abs":0.0,"wins":0,"draws":0,"losses":0,"trades":0,"profit_factor":0.0},{"date":"24/11/2025","date_ts":1763942400000,"profit_abs":0.0,"wins":0,"draws":0,"losses":0,"trades":0,"profit_factor":0.0},{"date":"25/11/2025","date_ts":1764028800000,"profit_abs":0.0,"wins":0,"draws":0,"losses":0,"trades":0,"profit_factor":0.0},{"date":"26/11/2025","date_ts":1764115200000,"profit_abs":0.0,"wins":0,"draws":0,"losses":0,"trades":0,"profit_factor":0.0},{"date":"27/11/2025","date_ts":1764201600000,"profit_abs":0.0,"wins":0,"draws":0,"losses":0,"trades":0,"profit_factor":0.0},{"date":"28/11/2025","date_ts":1764288000000,"profit_abs":0.0,"wins":0,"draws":0,"losses":0,"trades":0,"profit_factor":0.0},{"date":"29/11/2025","date_ts":1764374400000,"profit_abs":0.0,"wins":0,"draws":0,"losses":0,"trades":0,"profit_factor":0.0},{"date":"30/11/2025","date_ts":1764460800000,"profit_abs":0.0,"wins":0,"draws":0,"losses":0,"trades":0,"profit_factor":0.0},{"date":"01/12/2025","date_ts":1764547200000,"profit_abs":0.0,"wins":0,"draws":0,"losses":0,"trades":0,"profit_factor":0.0},{"date":"02/12/2025","date_ts":1764633600000,"profit_abs":0.0,"wins":0,"draws":0,"losses":0,"trades":0,"profit_factor":0.0},{"date":"03/12/2025","date_ts":1764720000000,"profit_abs":0.0,"wins":0,"draws":0,"losses":0,"trades":0,"profit_factor":0.0},{"date":"04/12/2025","date_ts":1764806400000,"profit_abs":0.0,"wins":0,"draws":0,"losses":0,"trades":0,"profit_factor":0.0},{"date":"05/12/2025","date_ts":1764892800000,"profit_abs":0.0,"wins":0,"draws":0,"losses":0,"trades":0,"profit_factor":0.0},{"date":"06/12/2025","date_ts":1764979200000,"profit_abs":0.0,"wins":0,"draws":0,"losses":0,"trades":0,"profit_factor":0.0},{"date":"07/12/2025","date_ts":1765065600000,"profit_abs":0.0,"wins":0,"draws":0,"losses":0,"trades":0,"profit_factor":0.0},{"date":"08/12/2025","date_ts":1765152000000,"profit_abs":0.0,"wins":0,"draws":0,"losses":0,"trades":0,"profit_factor":0.0},{"date":"09/12/2025","date_ts":1765238400000,"profit_abs":9.8807425,"wins":1,"draws":0,"losses":0,"trades":1,"profit_factor":0.0},{"date":"10/12/2025","date_ts":1765324800000,"profit_abs":0.0,"wins":0,"draws":0,"losses":0,"trades":0,"profit_factor":0.0},{"date":"11/12/2025","date_ts":1765411200000,"profit_abs":0.0,"wins":0,"draws":0,"losses":0,"trades":0,"profit_factor":0.0},{"date":"12/12/2025","date_ts":1765497600000,"profit_abs":0.0,"wins":0,"draws":0,"losses":0,"trades":0,"profit_factor":0.0},{"date":"13/12/2025","date_ts":1765584000000,"profit_abs":0.0,"wins":0,"draws":0,"losses":0,"trades":0,"profit_factor":0.0},{"date":"14/12/2025","date_ts":1765670400000,"profit_abs":0.0,"wins":0,"draws":0,"losses":0,"trades":0,"profit_factor":0.0},{"date":"15/12/2025","date_ts":1765756800000,"profit_abs":0.0,"wins":0,"draws":0,"losses":0,"trades":0,"profit_factor":0.0},{"date":"16/12/2025","date_ts":1765843200000,"profit_abs":0.0,"wins":0,"draws":0,"losses":0,"trades":0,"profit_factor":0.0},{"date":"17/12/2025","date_ts":1765929600000,"profit_abs":0.0,"wins":0,"draws":0,"losses":0,"trades":0,"profit_factor":0.0},{"date":"18/12/2025","date_ts":1766016000000,"profit_abs":0.0,"wins":0,"draws":0,"losses":0,"trades":0,"profit_factor":0.0},{"date":"19/12/2025","date_ts":1766102400000,"profit_abs":0.0,"wins":0,"draws":0,"losses":0,"trades":0,"profit_factor":0.0},{"date":"20/12/2025","date_ts":1766188800000,"profit_abs":0.0,"wins":0,"draws":0,"losses":0,"trades":0,"profit_factor":0.0},{"date":"21/12/2025","date_ts":1766275200000,"profit_abs":-2.89161324,"wins":0,"draws":0,"losses":1,"trades":1,"profit_factor":0.0},{"date":"22/12/2025","date_ts":1766361600000,"profit_abs":0.0,"wins":0,"draws":0,"losses":0,"trades":0,"profit_factor":0.0},{"date":"23/12/2025","date_ts":1766448000000,"profit_abs":0.0,"wins":0,"draws":0,"losses":0,"trades":0,"profit_factor":0.0},{"date":"24/12/2025","date_ts":1766534400000,"profit_abs":0.0,"wins":0,"draws":0,"losses":0,"trades":0,"profit_factor":0.0},{"date":"25/12/2025","date_ts":1766620800000,"profit_abs":0.0,"wins":0,"draws":0,"losses":0,"trades":0,"profit_factor":0.0},{"date":"26/12/2025","date_ts":1766707200000,"profit_abs":0.0,"wins":0,"draws":0,"losses":0,"trades":0,"profit_factor":0.0},{"date":"27/12/2025","date_ts":1766793600000,"profit_abs":-1.56101022,"wins":0,"draws":0,"losses":1,"trades":1,"profit_factor":0.0}],"week":[{"date":"06/10/2025","date_ts":1759708800000,"profit_abs":1.41350664,"wins":1,"draws":0,"losses":0,"trades":1,"profit_factor":0.0},{"date":"13/10/2025","date_ts":1760313600000,"profit_abs":0.0,"wins":0,"draws":0,"losses":0,"trades":0,"profit_factor":0.0},{"date":"20/10/2025","date_ts":1760918400000,"profit_abs":-4.52323167,"wins":0,"draws":0,"losses":2,"trades":2,"profit_factor":0.0},{"date":"27/10/2025","date_ts":1761523200000,"profit_abs":0.0,"wins":0,"draws":0,"losses":0,"trades":0,"profit_factor":0.0},{"date":"03/11/2025","date_ts":1762128000000,"profit_abs":0.0,"wins":0,"draws":0,"losses":0,"trades":0,"profit_factor":0.0},{"date":"10/11/2025","date_ts":1762732800000,"profit_abs":16.44573,"wins":1,"draws":0,"losses":0,"trades":1,"profit_factor":0.0},{"date":"17/11/2025","date_ts":1763337600000,"profit_abs":-6.52607296,"wins":0,"draws":0,"losses":2,"trades":2,"profit_factor":0.0},{"date":"24/11/2025","date_ts":1763942400000,"profit_abs":0.0,"wins":0,"draws":0,"losses":0,"trades":0,"profit_factor":0.0},{"date":"01/12/2025","date_ts":1764547200000,"profit_abs":0.0,"wins":0,"draws":0,"losses":0,"trades":0,"profit_factor":0.0},{"date":"08/12/2025","date_ts":1765152000000,"profit_abs":0.0,"wins":0,"draws":0,"losses":0,"trades":0,"profit_factor":0.0},{"date":"15/12/2025","date_ts":1765756800000,"profit_abs":9.8807425,"wins":1,"draws":0,"losses":0,"trades":1,"profit_factor":0.0},{"date":"22/12/2025","date_ts":1766361600000,"profit_abs":-2.89161324,"wins":0,"draws":0,"losses":1,"trades":1,"profit_factor":0.0},{"date":"29/12/2025","date_ts":1766966400000,"profit_abs":-1.56101022,"wins":0,"draws":0,"losses":1,"trades":1,"profit_factor":0.0}],"month":[{"date":"31/10/2025","date_ts":1761868800000,"profit_abs":-3.10972503,"wins":1,"draws":0,"losses":2,"trades":3,"profit_factor":0.31249928},{"date":"30/11/2025","date_ts":1764460800000,"profit_abs":9.91965704,"wins":1,"draws":0,"losses":2,"trades":3,"profit_factor":2.52000401},{"date":"31/12/2025","date_ts":1767139200000,"profit_abs":5.42811904,"wins":1,"draws":0,"losses":2,"trades":3,"profit_factor":2.21908333}],"year":[{"date":"31/12/2025","date_ts":1767139200000,"profit_abs":12.23805105,"wins":3,"draws":0,"losses":6,"trades":9,"profit_factor":1.78945348}],"weekday":[{"date":"Monday","date_ts":0,"profit_abs":1.41350664,"wins":1,"draws":0,"losses":0,"trades":1,"profit_factor":0.0},{"date":"Tuesday","date_ts":1,"profit_abs":5.07565162,"wins":1,"draws":0,"losses":1,"trades":2,"profit_factor":2.0563071},{"date":"Wednesday","date_ts":2,"profit_abs":-0.99881132,"wins":0,"draws":0,"losses":1,"trades":1,"profit_factor":0.0},{"date":"Friday","date_ts":4,"profit_abs":16.44573,"wins":1,"draws":0,"losses":0,"trades":1,"profit_factor":0.0},{"date":"Saturday","date_ts":5,"profit_abs":-5.08543057,"wins":0,"draws":0,"losses":2,"trades":2,"profit_factor":0.0},{"date":"Sunday","date_ts":6,"profit_abs":-4.61259532,"wins":0,"draws":0,"losses":2,"trades":2,"profit_factor":0.0}]},"backtest_best_day":0.04995004995004995,"backtest_worst_day":-0.014355980044393748,"backtest_best_day_abs":16.44573,"backtest_worst_day_abs":-4.80509088,"winning_days":3,"draw_days":74,"losing_days":6,"daily_profit":[["2025-10-06",1.41350664],["2025-10-07",0.0],["2025-10-08",0.0],["2025-10-09",0.0],["2025-10-10",0.0],["2025-10-11",0.0],["2025-10-12",0.0],["2025-10-13",0.0],["2025-10-14",0.0],["2025-10-15",-0.99881132],["2025-10-16",0.0],["2025-10-17",0.0],["2025-10-18",-3.52442035],["2025-10-19",0.0],["2025-10-20",0.0],["2025-10-21",0.0],["2025-10-22",0.0],["2025-10-23",0.0],["2025-10-24",0.0],["2025-10-25",0.0],["2025-10-26",0.0],["2025-10-27",0.0],["2025-10-28",0.0],["2025-10-29",0.0],["2025-10-30",0.0],["2025-10-31",0.0],["2025-11-01",0.0],["2025-11-02",0.0],["2025-11-03",0.0],["2025-11-04",0.0],["2025-11-05",0.0],["2025-11-06",0.0],["2025-11-07",16.44573],["2025-11-08",0.0],["2025-11-09",0.0],["2025-11-10",0.0],["2025-11-11",-4.80509088],["2025-11-12",0.0],["2025-11-13",0.0],["2025-11-14",0.0],["2025-11-15",0.0],["2025-11-16",-1.72098208],["2025-11-17",0.0],["2025-11-18",0.0],["2025-11-19",0.0],["2025-11-20",0.0],["2025-11-21",0.0],["2025-11-22",0.0],["2025-11-23",0.0],["2025-11-24",0.0],["2025-11-25",0.0],["2025-11-26",0.0],["2025-11-27",0.0],["2025-11-28",0.0],["2025-11-29",0.0],["2025-11-30",0.0],["2025-12-01",0.0],["2025-12-02",0.0],["2025-12-03",0.0],["2025-12-04",0.0],["2025-12-05",0.0],["2025-12-06",0.0],["2025-12-07",0.0],["2025-12-08",0.0],["2025-12-09",9.8807425],["2025-12-10",0.0],["2025-12-11",0.0],["2025-12-12",0.0],["2025-12-13",0.0],["2025-12-14",0.0],["2025-12-15",0.0],["2025-12-16",0.0],["2025-12-17",0.0],["2025-12-18",0.0],["2025-12-19",0.0],["2025-12-20",0.0],["2025-12-21",-2.89161324],["2025-12-22",0.0],["2025-12-23",0.0],["2025-12-24",0.0],["2025-12-25",0.0],["2025-12-26",0.0],["2025-12-27",-1.56101022]],"wins":3,"losses":6,"draws":0,"winrate":0.3333333333333333,"holding_avg":"2:00:00","holding_avg_s":7200.0,"winner_holding_min":"0d 01:00","winner_holding_min_s":3600.0,"winner_holding_max":"0d 02:00","winner_holding_max_s":7200.0,"winner_holding_avg":"0d 01:40","winner_holding_avg_s":6000.0,"loser_holding_min":"0d 01:00","loser_holding_min_s":3600.0,"loser_holding_max":"0d 05:00","loser_holding_max_s":18000.0,"loser_holding_avg":"0d 02:10","loser_holding_avg_s":7800.0,"max_consecutive_wins":1,"max_consecutive_losses":2,"max_drawdown_account":0.0064401865995012885,"max_relative_drawdown":0.0064401865995012885,"max_drawdown_abs":6.52607296,"drawdown_start":"2025-11-07 16:00:00","drawdown_start_ts":1762531200000.0,"drawdown_end":"2025-11-16 05:00:00","drawdown_end_ts":1763269200000.0,"drawdown_duration":"8 days 13:00:00","drawdown_duration_s":738000.0,"max_drawdown_low":6.809932010000002,"max_drawdown_high":13.336004970000001,"csum_min":996.89027497,"csum_max":1016.69067451}},"strategy_comparison":[{"key":"ACO_40_11","trades":9,"profit_mean":0.004163193966462775,"profit_mean_pct":0.42,"profit_total_abs":12.238051050000003,"profit_total":0.012238051050000002,"profit_total_pct":1.22,"duration_avg":"2:00:00","wins":3,"draws":0,"losses":6,"winrate":0.3333333333333333,"cagr":0.046834546158632584,"expectancy":1.3597834500000006,"expectancy_ratio":0.5263023188233613,"sortino":1.847199576102832,"sharpe":0.35989036202435065,"calmar":37.427300797326936,"sqn":0.5742,"profit_factor":1.7894534782350422,"max_drawdown_account":0.0064401865995012885,"max_drawdown_abs":"6.526"}]}