{"strategy":{"ACO_4_6":{"trades":[{"pair":"DOGE/USDT","stake_amount":329.89409,"max_stake_amount":329.89409,"amount":1423.0,"open_date":"2025-10-10 20:00:00+00:00","close_date":"2025-10-10 20:00:00+00:00","open_rate":0.23183,"close_rate":0.22024,"fee_open":0.001,"fee_close":0.001,"trade_duration":0,"profit_ratio":-0.05189164456731209,"profit_abs":-17.13586561,"exit_reason":"stop_loss","initial_stop_loss_abs":0.22024,"initial_stop_loss_ratio":-0.05,"stop_loss_abs":0.22024,"stop_loss_ratio":-0.05,"min_rate":0.21607,"max_rate":0.23455,"is_open":false,"enter_tag":"","leverage":1.0,"is_short":false,"open_timestamp":1760126400000,"close_timestamp":1760126400000,"orders":[{"amount":1423.0,"safe_price":0.23183,"ft_order_side":"buy","order_filled_timestamp":1760126400000,"ft_is_entry":true,"ft_order_tag":"","cost":330.22398409},{"amount":1423.0,"safe_price":0.22024,"ft_order_side":"sell","order_filled_timestamp":1760126400000,"ft_is_entry":false,"ft_order_tag":"stop_loss","cost":313.71492151999996}],"funding_fees":0.0,"weekday":4},{"pair":"DOGE/USDT","stake_amount":324.16076,"max_stake_amount":324.16076,"amount":1661.0,"open_date":"2025-10-15 23:00:00+00:00","close_date":"2025-10-16 01:00:00+00:00","open_rate":0.19516,"close_rate":0.19584,"fee_open":0.001,"fee_close":0.001,"trade_duration":120,"profit_ratio":0.001479356880053744,"profit_abs":0.480029,"exit_reason":"roi","initial_stop_loss_abs":0.18541,"initial_stop_loss_ratio":-0.05,"stop_loss_abs":0.18541,"stop_loss_ratio":-0.05,"min_rate":0.19482,"max_rate":0.19844,"is_open":false,"enter_tag":"","leverage":1.0,"is_short":false,"open_timestamp":1760569200000,"close_timestamp":1760576400000,"orders":[{"amount":1661.0,"safe_price":0.19516,"ft_order_side":"buy","order_filled_timestamp":1760569200000,"ft_is_entry":true,"ft_order_tag":"","cost":324.48492075999997},{"amount":1661.0,"safe_price":0.19584,"ft_order_side":"sell","order_filled_timestamp":1760576400000,"ft_is_entry":false,"ft_order_tag":"roi","cost":325.61553023999994}],"funding_fees":0.0,"weekday":3},{"pair":"DOGE/USDT","stake_amount":324.46169,"max_stake_amount":324.46169,"amount":1817.0,"open_date":"2025-10-17 10:00:00+00:00","close_date":"2025-10-17 12:00:00+00:00","open_rate":0.17857,"close_rate":0.18272,"fee_open":0.001,"fee_close":0.001,"trade_duration":120,"profit_ratio":0.021195749985580305,"profit_abs":6.88408607,"exit_reason":"roi","initial_stop_loss_abs":0.16965,"initial_stop_loss_ratio":-0.05,"stop_loss_abs":0.16965,"stop_loss_ratio":-0.05,"min_rate":0.17555,"max_rate":0.18431,"is_open":false,"enter_tag":"","leverage":1.0,"is_short":false,"open_timestamp":1760695200000,"close_timestamp":1760702400000,"orders":[{"amount":1817.0,"safe_price":0.17857,"ft_order_side":"buy","order_filled_timestamp":1760695200000,"ft_is_entry":true,"ft_order_tag":"","cost":324.78615169},{"amount":1817.0,"safe_price":0.18272,"ft_order_side":"sell","order_filled_timestamp":1760702400000,"ft_is_entry":false,"ft_order_tag":"roi","cost":332.3342422399999}],"funding_fees":0.0,"weekday":4},{"pair":"DOGE/USDT","stake_amount":326.62056,"max_stake_amount":326.62056,"amount":1796.0,"open_date":"2025-10-30 17:00:00+00:00","close_date":"2025-10-30 23:00:00+00:00","open_rate":0.18186,"close_rate":0.18222408408408405,"fee_open":0.001,"fee_close":0.001,"trade_duration":360,"profit_ratio":0.0,"profit_abs":0.0,"exit_reason":"roi","initial_stop_loss_abs":0.17277,"initial_stop_loss_ratio":-0.05,"stop_loss_abs":0.17277,"stop_loss_ratio":-0.05,"min_rate":0.17642,"max_rate":0.18287,"is_open":false,"enter_tag":"","leverage":1.0,"is_short":false,"open_timestamp":1761843600000,"close_timestamp":1761865200000,"orders":[{"amount":1796.0,"safe_price":0.18186,"ft_order_side":"buy","order_filled_timestamp":1761843600000,"ft_is_entry":true,"ft_order_tag":"","cost":326.94718056},{"amount":1796.0,"safe_price":0.18222408408408405,"ft_order_side":"sell","order_filled_timestamp":1761865200000,"ft_is_entry":false,"ft_order_tag":"roi","cost":327.6017294700299}],"funding_fees":0.0,"weekday":3},{"pair":"DOGE/USDT","stake_amount":326.664,"max_stake_amount":326.664,"amount":1872.0,"open_date":"2025-11-08 17:00:00+00:00","close_date":"2025-11-08 19:00:00+00:00","open_rate":0.1745,"close_rate":0.17567,"fee_open":0.001,"fee_close":0.001,"trade_duration":120,"profit_ratio":0.0046934727163953525,"profit_abs":1.53472176,"exit_reason":"roi","initial_stop_loss_abs":0.16578,"initial_stop_loss_ratio":-0.05,"stop_loss_abs":0.16578,"stop_loss_ratio":-0.05,"min_rate":0.17357,"max_rate":0.17599,"is_open":false,"enter_tag":"","leverage":1.0,"is_short":false,"open_timestamp":1762621200000,"close_timestamp":1762628400000,"orders":[{"amount":1872.0,"safe_price":0.1745,"ft_order_side":"buy","order_filled_timestamp":1762621200000,"ft_is_entry":true,"ft_order_tag":"","cost":326.9906639999999},{"amount":1872.0,"safe_price":0.17567,"ft_order_side":"sell","order_filled_timestamp":1762628400000,"ft_is_entry":false,"ft_order_tag":"roi","cost":329.18309423999995}],"funding_fees":0.0,"weekday":5},{"pair":"DOGE/USDT","stake_amount":327.236,"max_stake_amount":327.236,"amount":2030.0,"open_date":"2025-11-13 21:00:00+00:00","close_date":"2025-11-13 23:00:00+00:00","open_rate":0.1612,"close_rate":0.16382,"fee_open":0.001,"fee_close":0.001,"trade_duration":120,"profit_ratio":0.014222626009226505,"profit_abs":4.6588094,"exit_reason":"roi","initial_stop_loss_abs":0.15314,"initial_stop_loss_ratio":-0.05,"stop_loss_abs":0.15314,"stop_loss_ratio":-0.05,"min_rate":0.16015,"max_rate":0.16535,"is_open":false,"enter_tag":"","leverage":1.0,"is_short":false,"open_timestamp":1763067600000,"close_timestamp":1763074800000,"orders":[{"amount":2030.0,"safe_price":0.1612,"ft_order_side":"buy","order_filled_timestamp":1763067600000,"ft_is_entry":true,"ft_order_tag":"","cost":327.563236},{"amount":2030.0,"safe_price":0.16382,"ft_order_side":"sell","order_filled_timestamp":1763074800000,"ft_is_entry":false,"ft_order_tag":"roi","cost":332.8871546}],"funding_fees":0.0,"weekday":3},{"pair":"DOGE/USDT","stake_amount":328.73132,"max_stake_amount":328.73132,"amount":2161.0,"open_date":"2025-11-17 22:00:00+00:00","close_date":"2025-11-18 00:00:00+00:00","open_rate":0.15212,"close_rate":0.15242454454454452,"fee_open":0.001,"fee_close":0.001,"trade_duration":120,"profit_ratio":0.0,"profit_abs":0.0,"exit_reason":"roi","initial_stop_loss_abs":0.14452,"initial_stop_loss_ratio":-0.05,"stop_loss_abs":0.14452,"stop_loss_ratio":-0.05,"min_rate":0.14943,"max_rate":0.15298,"is_open":false,"enter_tag":"","leverage":1.0,"is_short":false,"open_timestamp":1763416800000,"close_timestamp":1763424000000,"orders":[{"amount":2161.0,"safe_price":0.15212,"ft_order_side":"buy","order_filled_timestamp":1763416800000,"ft_is_entry":true,"ft_order_tag":"","cost":329.06005132},{"amount":2161.0,"safe_price":0.15242454454454452,"ft_order_side":"sell","order_filled_timestamp":1763424000000,"ft_is_entry":false,"ft_order_tag":"roi","cost":329.7188302015214}],"funding_fees":0.0,"weekday":1},{"pair":"DOGE/USDT","stake_amount":328.72129,"max_stake_amount":328.72129,"amount":2209.0,"open_date":"2025-11-19 20:00:00+00:00","close_date":"2025-11-19 22:00:00+00:00","open_rate":0.14881,"close_rate":0.15416,"fee_open":0.001,"fee_close":0.001,"trade_duration":120,"profit_ratio":0.033882051017996184,"profit_abs":11.14888927,"exit_reason":"roi","initial_stop_loss_abs":0.14137,"initial_stop_loss_ratio":-0.05,"stop_loss_abs":0.14137,"stop_loss_ratio":-0.05,"min_rate":0.148,"max_rate":0.15449,"is_open":false,"enter_tag":"","leverage":1.0,"is_short":false,"open_timestamp":1763582400000,"close_timestamp":1763589600000,"orders":[{"amount":2209.0,"safe_price":0.14881,"ft_order_side":"buy","order_filled_timestamp":1763582400000,"ft_is_entry":true,"ft_order_tag":"","cost":329.05001129},{"amount":2209.0,"safe_price":0.15416,"ft_order_side":"sell","order_filled_timestamp":1763589600000,"ft_is_entry":false,"ft_order_tag":"roi","cost":340.87997943999994}],"funding_fees":0.0,"weekday":2},{"pair":"DOGE/USDT","stake_amount":332.45733,"max_stake_amount":332.45733,"amount":2263.0,"open_date":"2025-11-21 04:00:00+00:00","close_date":"2025-11-21 07:00:00+00:00","open_rate":0.14691,"close_rate":0.13957,"fee_open":0.001,"fee_close":0.001,"trade_duration":180,"profit_ratio":-0.05186073881193341,"profit_abs":-17.25872424,"exit_reason":"stop_loss","initial_stop_loss_abs":0.13957,"initial_stop_loss_ratio":-0.05,"stop_loss_abs":0.13957,"stop_loss_ratio":-0.05,"min_rate":0.13441,"max_rate":0.14824,"is_open":false,"enter_tag":"","leverage":1.0,"is_short":false,"open_timestamp":1763697600000,"close_timestamp":1763708400000,"orders":[{"amount":2263.0,"safe_price":0.14691,"ft_order_side":"buy","order_filled_timestamp":1763697600000,"ft_is_entry":true,"ft_order_tag":"","cost":332.78978732999997},{"amount":2263.0,"safe_price":0.13957,"ft_order_side":"sell","order_filled_timestamp":1763708400000,"ft_is_entry":false,"ft_order_tag":"stop_loss","cost":316.1627569099999}],"funding_fees":0.0,"weekday":4},{"pair":"DOGE/USDT","stake_amount":326.74353,"max_stake_amount":326.74353,"amount":2389.0,"open_date":"2025-11-21 12:00:00+00:00","close_date":"2025-11-21 14:00:00+00:00","open_rate":0.13677,"close_rate":0.14011,"fee_open":0.001,"fee_close":0.001,"trade_duration":120,"profit_ratio":0.022373765738538717,"profit_abs":7.31779368,"exit_reason":"roi","initial_stop_loss_abs":0.12994,"initial_stop_loss_ratio":-0.05,"stop_loss_abs":0.12994,"stop_loss_ratio":-0.05,"min_rate":0.13321,"max_rate":0.14209,"is_open":false,"enter_tag":"","leverage":1.0,"is_short":false,"open_timestamp":1763726400000,"close_timestamp":1763733600000,"orders":[{"amount":2389.0,"safe_price":0.13677,"ft_order_side":"buy","order_filled_timestamp":1763726400000,"ft_is_entry":true,"ft_order_tag":"","cost":327.07027353},{"amount":2389.0,"safe_price":0.14011,"ft_order_side":"sell","order_filled_timestamp":1763733600000,"ft_is_entry":false,"ft_order_tag":"roi","cost":335.05751279}],"funding_fees":0.0,"weekday":4},{"pair":"DOGE/USDT","stake_amount":329.17538,"max_stake_amount":329.17538,"amount":2603.0,"open_date":"2025-12-17 20:00:00+00:00","close_date":"2025-12-17 22:00:00+00:00","open_rate":0.12646,"close_rate":0.12671317317317315,"fee_open":0.001,"fee_close":0.001,"trade_duration":120,"profit_ratio":0.0,"profit_abs":0.0,"exit_reason":"roi","initial_stop_loss_abs":0.12014,"initial_stop_loss_ratio":-0.05,"stop_loss_abs":0.12014,"stop_loss_ratio":-0.05,"min_rate":0.12533,"max_rate":0.12782,"is_open":false,"enter_tag":"","leverage":1.0,"is_short":false,"open_timestamp":1766001600000,"close_timestamp":1766008800000,"orders":[{"amount":2603.0,"safe_price":0.12646,"ft_order_side":"buy","order_filled_timestamp":1766001600000,"ft_is_entry":true,"ft_order_tag":"","cost":329.50455537999994},{"amount":2603.0,"safe_price":0.12671317317317315,"ft_order_side":"sell","order_filled_timestamp":1766008800000,"ft_is_entry":false,"ft_order_tag":"roi","cost":330.16422415953946}],"funding_fees":0.0,"weekday":2},{"pair":"DOGE/USDT","stake_amount":329.11116,"max_stake_amount":329.11116,"amount":2261.0,"open_date":"2026-01-06 19:00:00+00:00","close_date":"2026-01-06 20:00:00+00:00","open_rate":0.14556,"close_rate":0.14588,"fee_open":0.001,"fee_close":0.001,"trade_duration":60,"profit_ratio":0.00019601173764405421,"profit_abs":0.06457416,"exit_reason":"force_exit","initial_stop_loss_abs":0.13829,"initial_stop_loss_ratio":-0.05,"stop_loss_abs":0.13829,"stop_loss_ratio":-0.05,"min_rate":0.14528,"max_rate":0.14743,"is_open":false,"enter_tag":"","leverage":1.0,"is_short":false,"open_timestamp":1767726000000,"close_timestamp":1767729600000,"orders":[{"amount":2261.0,"safe_price":0.14556,"ft_order_side":"buy","order_filled_timestamp":1767726000000,"ft_is_entry":true,"ft_order_tag":"","cost":329.44027115999995},{"amount":2261.0,"safe_price":0.14588,"ft_order_side":"sell","order_filled_timestamp":1767729600000,"ft_is_entry":false,"ft_order_tag":"force_exit","cost":330.16451468}],"funding_fees":0.0,"weekday":1}],"locks":[],"best_pair":{"key":"DOGE/USDT","trades":12,"profit_mean":-0.00047577910781755275,"profit_mean_pct":-0.05,"profit_total_abs":-2.3056865099999997,"profit_total":-0.0023056865099999996,"profit_total_pct":-0.23,"duration_avg":"2:10:00","wins":7,"draws":3,"losses":2,"winrate":0.5833333333333334,"cagr":-0.008648439595696833,"expectancy":-0.1921405424999998,"expectancy_ratio":-0.2611727189268984,"sortino":-7.392635339882343,"sharpe":-0.05425916568695121,"calmar":-2.651195682128209,"sqn":-0.0761,"profit_factor":0.93296368643861,"max_drawdown_account":0.0171290458880509,"max_drawdown_abs":17.25872424},"worst_pair":{"key":"DOGE/USDT","trades":12,"profit_mean":-0.00047577910781755275,"profit_mean_pct":-0.05,"profit_total_abs":-2.3056865099999997,"profit_total":-0.0023056865099999996,"profit_total_pct":-0.23,"duration_avg":"2:10:00","wins":7,"draws":3,"losses":2,"winrate":0.5833333333333334,"cagr":-0.008648439595696833,"expectancy":-0.1921405424999998,"expectancy_ratio":-0.2611727189268984,"sortino":-7.392635339882343,"sharpe":-0.05425916568695121,"calmar":-2.651195682128209,"sqn":-0.0761,"profit_factor":0.93296368643861,"max_drawdown_account":0.0171290458880509,"max_drawdown_abs":17.25872424},"results_per_pair":[{"key":"DOGE/USDT","trades":12,"profit_mean":-0.00047577910781755275,"profit_mean_pct":-0.05,"profit_total_abs":-2.3056865099999997,"profit_total":-0.0023056865099999996,"profit_total_pct":-0.23,"duration_avg":"2:10:00","wins":7,"draws":3,"losses":2,"winrate":0.5833333333333334,"cagr":-0.008648439595696833,"expectancy":-0.1921405424999998,"expectancy_ratio":-0.2611727189268984,"sortino":-7.392635339882343,"sharpe":-0.05425916568695121,"calmar":-2.651195682128209,"sqn":-0.0761,"profit_factor":0.93296368643861,"max_drawdown_account":0.0171290458880509,"max_drawdown_abs":17.25872424},{"key":"TOTAL","trades":12,"profit_mean":-0.00047577910781755275,"profit_mean_pct":-0.05,"profit_total_abs":-2.3056865099999997,"profit_total":-0.0023056865099999996,"profit_total_pct":-0.23,"duration_avg":"2:10:00","wins":7,"draws":3,"losses":2,"winrate":0.5833333333333334,"cagr":-0.008648439595696833,"expectancy":-0.1921405424999998,"expectancy_ratio":-0.2611727189268984,"sortino":-7.392635339882343,"sharpe":-0.05425916568695121,"calmar":-2.651195682128209,"sqn":-0.0761,"profit_factor":0.93296368643861,"max_drawdown_account":0.0171290458880509,"max_drawdown_abs":17.25872424}],"results_per_enter_tag":[{"key":"","trades":12,"profit_mean":-0.00047577910781755275,"profit_mean_pct":-0.05,"profit_total_abs":-2.3056865099999997,"profit_total":-0.0023056865099999996,"profit_total_pct":-0.23,"duration_avg":"2:10:00","wins":7,"draws":3,"losses":2,"winrate":0.5833333333333334,"cagr":-0.008648439595696833,"expectancy":-0.1921405424999998,"expectancy_ratio":-0.2611727189268984,"sortino":-7.392635339882343,"sharpe":-0.05425916568695121,"calmar":-2.651195682128209,"sqn":-0.0761,"profit_factor":0.93296368643861,"max_drawdown_account":0.0171290458880509,"max_drawdown_abs":17.25872424},{"key":"TOTAL","trades":12,"profit_mean":-0.00047577910781755275,"profit_mean_pct":-0.05,"profit_total_abs":-2.3056865099999997,"profit_total":-0.0023056865099999996,"profit_total_pct":-0.23,"duration_avg":"2:10:00","wins":7,"draws":3,"losses":2,"winrate":0.5833333333333334,"cagr":-0.008648439595696833,"expectancy":-0.1921405424999998,"expectancy_ratio":-0.2611727189268984,"sortino":-7.392635339882343,"sharpe":-0.05425916568695121,"calmar":-2.651195682128209,"sqn":-0.0761,"profit_factor":0.93296368643861,"max_drawdown_account":0.0171290458880509,"max_drawdown_abs":17.25872424}],"exit_reason_summary":[{"key":"roi","trades":9,"profit_mean":0.010871891371976757,"profit_mean_pct":1.09,"profit_total_abs":32.024329179999995,"profit_total":0.03202432918,"profit_total_pct":3.2,"duration_avg":"2:27:00","wins":6,"draws":3,"losses":0,"winrate":0.6666666666666666,"cagr":0.125935921857937,"expectancy":3.5582587977777775,"expectancy_ratio":100.0,"sortino":-100,"sharpe":1.6251052544043925,"calmar":-100,"sqn":2.593,"profit_factor":0.0,"max_drawdown_account":0.0,"max_drawdown_abs":0.0},{"key":"force_exit","trades":1,"profit_mean":0.00019601173764405421,"profit_mean_pct":0.02,"profit_total_abs":0.06457416,"profit_total":6.457416e-05,"profit_total_pct":0.01,"duration_avg":"1:00:00","wins":1,"draws":0,"losses":0,"winrate":1.0,"cagr":0.00024300691768952554,"expectancy":0.06457416,"expectancy_ratio":100.0,"sortino":-100,"sharpe":-100,"calmar":-100,"sqn":-100.0,"profit_factor":0.0,"max_drawdown_account":0.0,"max_drawdown_abs":0.0},{"key":"stop_loss","trades":2,"profit_mean":-0.05187619168962275,"profit_mean_pct":-5.19,"profit_total_abs":-34.39458985,"profit_total":-0.034394589850000004,"profit_total_pct":-3.44,"duration_avg":"1:30:00","wins":0,"draws":0,"losses":2,"winrate":0.0,"cagr":-0.12339698776150843,"expectancy":-17.197294925,"expectancy_ratio":-1.0,"sortino":-110.2780709012643,"sharpe":-110.2780709012643,"calmar":-19.695848633549282,"sqn":-279.9526,"profit_factor":0.0,"max_drawdown_account":0.03439458984999999,"max_drawdown_abs":34.39458985},{"key":"TOTAL","trades":12,"profit_mean":-0.00047577910781755275,"profit_mean_pct":-0.05,"profit_total_abs":-2.3056865099999997,"profit_total":-0.0023056865099999996,"profit_total_pct":-0.23,"duration_avg":"2:10:00","wins":7,"draws":3,"losses":2,"winrate":0.5833333333333334,"cagr":-0.008648439595696833,"expectancy":-0.1921405424999998,"expectancy_ratio":-0.2611727189268984,"sortino":-7.392635339882343,"sharpe":-0.05425916568695121,"calmar":-2.651195682128209,"sqn":-0.0761,"profit_factor":0.93296368643861,"max_drawdown_account":0.0171290458880509,"max_drawdown_abs":17.25872424}],"mix_tag_stats":[{"key":["","roi"],"trades":9,"profit_mean":0.010871891371976757,"profit_mean_pct":1.09,"profit_total_abs":32.024329179999995,"profit_total":0.03202432918,"profit_total_pct":3.2,"duration_avg":"2:27:00","wins":6,"draws":3,"losses":0,"winrate":0.6666666666666666,"cagr":0.125935921857937,"expectancy":3.5582587977777775,"expectancy_ratio":100.0,"sortino":-100,"sharpe":1.6251052544043925,"calmar":-100,"sqn":2.593,"profit_factor":0.0,"max_drawdown_account":0.0,"max_drawdown_abs":0.0},{"key":["","force_exit"],"trades":1,"profit_mean":0.00019601173764405421,"profit_mean_pct":0.02,"profit_total_abs":0.06457416,"profit_total":6.457416e-05,"profit_total_pct":0.01,"duration_avg":"1:00:00","wins":1,"draws":0,"losses":0,"winrate":1.0,"cagr":0.00024300691768952554,"expectancy":0.06457416,"expectancy_ratio":100.0,"sortino":-100,"sharpe":-100,"calmar":-100,"sqn":-100.0,"profit_factor":0.0,"max_drawdown_account":0.0,"max_drawdown_abs":0.0},{"key":["","stop_loss"],"trades":2,"profit_mean":-0.05187619168962275,"profit_mean_pct":-5.19,"profit_total_abs":-34.39458985,"profit_total":-0.034394589850000004,"profit_total_pct":-3.44,"duration_avg":"1:30:00","wins":0,"draws":0,"losses":2,"winrate":0.0,"cagr":-0.12339698776150843,"expectancy":-17.197294925,"expectancy_ratio":-1.0,"sortino":-110.2780709012643,"sharpe":-110.2780709012643,"calmar":-19.695848633549282,"sqn":-279.9526,"profit_factor":0.0,"max_drawdown_account":0.03439458984999999,"max_drawdown_abs":34.39458985},{"key":"TOTAL","trades":12,"profit_mean":-0.00047577910781755275,"profit_mean_pct":-0.05,"profit_total_abs":-2.3056865099999997,"profit_total":-0.0023056865099999996,"profit_total_pct":-0.23,"duration_avg":"2:10:00","wins":7,"draws":3,"losses":2,"winrate":0.5833333333333334,"cagr":-0.008648439595696833,"expectancy":-0.1921405424999998,"expectancy_ratio":-0.2611727189268984,"sortino":-7.392635339882343,"sharpe":-0.05425916568695121,"calmar":-2.651195682128209,"sqn":-0.0761,"profit_factor":0.93296368643861,"max_drawdown_account":0.0171290458880509,"max_drawdown_abs":17.25872424}],"left_open_trades":[{"key":"DOGE/USDT","trades":1,"profit_mean":0.00019601173764405421,"profit_mean_pct":0.02,"profit_total_abs":0.06457416,"profit_total":6.457416e-05,"profit_total_pct":0.01,"duration_avg":"1:00:00","wins":1,"draws":0,"losses":0,"winrate":1.0,"cagr":0.00024300691768952554,"expectancy":0.06457416,"expectancy_ratio":100.0,"sortino":-100,"sharpe":-100,"calmar":-100,"sqn":-100.0,"profit_factor":0.0,"max_drawdown_account":0.0,"max_drawdown_abs":0.0},{"key":"TOTAL","trades":1,"profit_mean":0.00019601173764405421,"profit_mean_pct":0.02,"profit_total_abs":0.06457416,"profit_total":6.457416e-05,"profit_total_pct":0.01,"duration_avg":"1:00:00","wins":1,"draws":0,"losses":0,"winrate":1.0,"cagr":0.00024300691768952554,"expectancy":0.06457416,"expectancy_ratio":100.0,"sortino":-100,"sharpe":-100,"calmar":-100,"sqn":-100.0,"profit_factor":0.0,"max_drawdown_account":0.0,"max_drawdown_abs":0.0}],"total_trades":12,"trade_count_long":12,"trade_count_short":0,"total_volume":7881.39557760109,"avg_stake_amount":327.83142583333336,"profit_mean":-0.00047577910781755275,"profit_median":0.0008376843088488991,"profit_total":-0.0023056865099999996,"profit_total_long":-0.0023056865099999996,"profit_total_short":0.0,"profit_total_abs":-2.3056865099999997,"profit_total_long_abs":-2.3056865099999997,"profit_total_short_abs":0.0,"cagr":-0.008648439595696833,"expectancy":-0.1921405424999998,"expectancy_ratio":-0.2611727189268984,"sortino":-7.392635339882343,"sharpe":-0.05425916568695121,"calmar":-2.651195682128209,"sqn":-0.0761,"profit_factor":0.93296368643861,"backtest_start":"2025-10-01 00:00:00","backtest_start_ts":1759276800000,"backtest_end":"2026-01-06 20:00:00","backtest_end_ts":1767729600000,"backtest_days":97,"backtest_run_start_ts":1767742618,"backtest_run_end_ts":1767742619,"trades_per_day":0.12,"market_change":-0.36632086436227446,"pairlist":["DOGE/USDT"],"stake_amount":"unlimited","stake_currency":"USDT","stake_currency_decimals":3,"starting_balance":1000,"dry_run_wallet":1000,"final_balance":997.69431349,"rejected_signals":0,"timedout_entry_orders":0,"timedout_exit_orders":0,"canceled_trade_entries":0,"canceled_entry_orders":0,"replaced_entry_orders":0,"max_open_trades":1,"max_open_trades_setting":3,"timeframe":"1h","timeframe_detail":"","timerange":"20251001-","enable_protections":false,"strategy_name":"ACO_4_6","freqaimodel":null,"freqai_identifier":null,"stoploss":-0.05,"trailing_stop":false,"trailing_stop_positive":null,"trailing_stop_positive_offset":0.0,"trailing_only_offset_is_reached":false,"use_custom_stoploss":false,"minimal_roi":{"0":0.1,"60":0.05,"120":0.0},"use_exit_signal":true,"exit_profit_only":false,"exit_profit_offset":0.0,"ignore_roi_if_entry_signal":false,"trading_mode":"spot","margin_mode":"","periodic_breakdown":{"day":[{"date":"10/10/2025","date_ts":1760054400000,"profit_abs":-17.13586561,"wins":0,"draws":0,"losses":1,"trades":1,"profit_factor":0.0},{"date":"11/10/2025","date_ts":1760140800000,"profit_abs":0.0,"wins":0,"draws":0,"losses":0,"trades":0,"profit_factor":0.0},{"date":"12/10/2025","date_ts":1760227200000,"profit_abs":0.0,"wins":0,"draws":0,"losses":0,"trades":0,"profit_factor":0.0},{"date":"13/10/2025","date_ts":1760313600000,"profit_abs":0.0,"wins":0,"draws":0,"losses":0,"trades":0,"profit_factor":0.0},{"date":"14/10/2025","date_ts":1760400000000,"profit_abs":0.0,"wins":0,"draws":0,"losses":0,"trades":0,"profit_factor":0.0},{"date":"15/10/2025","date_ts":1760486400000,"profit_abs":0.0,"wins":0,"draws":0,"losses":0,"trades":0,"profit_factor":0.0},{"date":"16/10/2025","date_ts":1760572800000,"profit_abs":0.480029,"wins":1,"draws":0,"losses":0,"trades":1,"profit_factor":0.0},{"date":"17/10/2025","date_ts":1760659200000,"profit_abs":6.88408607,"wins":1,"draws":0,"losses":0,"trades":1,"profit_factor":0.0},{"date":"18/10/2025","date_ts":1760745600000,"profit_abs":0.0,"wins":0,"draws":0,"losses":0,"trades":0,"profit_factor":0.0},{"date":"19/10/2025","date_ts":1760832000000,"profit_abs":0.0,"wins":0,"draws":0,"losses":0,"trades":0,"profit_factor":0.0},{"date":"20/10/2025","date_ts":1760918400000,"profit_abs":0.0,"wins":0,"draws":0,"losses":0,"trades":0,"profit_factor":0.0},{"date":"21/10/2025","date_ts":1761004800000,"profit_abs":0.0,"wins":0,"draws":0,"losses":0,"trades":0,"profit_factor":0.0},{"date":"22/10/2025","date_ts":1761091200000,"profit_abs":0.0,"wins":0,"draws":0,"losses":0,"trades":0,"profit_factor":0.0},{"date":"23/10/2025","date_ts":1761177600000,"profit_abs":0.0,"wins":0,"draws":0,"losses":0,"trades":0,"profit_factor":0.0},{"date":"24/10/2025","date_ts":1761264000000,"profit_abs":0.0,"wins":0,"draws":0,"losses":0,"trades":0,"profit_factor":0.0},{"date":"25/10/2025","date_ts":1761350400000,"profit_abs":0.0,"wins":0,"draws":0,"losses":0,"trades":0,"profit_factor":0.0},{"date":"26/10/2025","date_ts":1761436800000,"profit_abs":0.0,"wins":0,"draws":0,"losses":0,"trades":0,"profit_factor":0.0},{"date":"27/10/2025","date_ts":1761523200000,"profit_abs":0.0,"wins":0,"draws":0,"losses":0,"trades":0,"profit_factor":0.0},{"date":"28/10/2025","date_ts":1761609600000,"profit_abs":0.0,"wins":0,"draws":0,"losses":0,"trades":0,"profit_factor":0.0},{"date":"29/10/2025","date_ts":1761696000000,"profit_abs":0.0,"wins":0,"draws":0,"losses":0,"trades":0,"profit_factor":0.0},{"date":"30/10/2025","date_ts":1761782400000,"profit_abs":0.0,"wins":0,"draws":1,"losses":0,"trades":1,"profit_factor":0.0},{"date":"31/10/2025","date_ts":1761868800000,"profit_abs":0.0,"wins":0,"draws":0,"losses":0,"trades":0,"profit_factor":0.0},{"date":"01/11/2025","date_ts":1761955200000,"profit_abs":0.0,"wins":0,"draws":0,"losses":0,"trades":0,"profit_factor":0.0},{"date":"02/11/2025","date_ts":1762041600000,"profit_abs":0.0,"wins":0,"draws":0,"losses":0,"trades":0,"profit_factor":0.0},{"date":"03/11/2025","date_ts":1762128000000,"profit_abs":0.0,"wins":0,"draws":0,"losses":0,"trades":0,"profit_factor":0.0},{"date":"04/11/2025","date_ts":1762214400000,"profit_abs":0.0,"wins":0,"draws":0,"losses":0,"trades":0,"profit_factor":0.0},{"date":"05/11/2025","date_ts":1762300800000,"profit_abs":0.0,"wins":0,"draws":0,"losses":0,"trades":0,"profit_factor":0.0},{"date":"06/11/2025","date_ts":1762387200000,"profit_abs":0.0,"wins":0,"draws":0,"losses":0,"trades":0,"profit_factor":0.0},{"date":"07/11/2025","date_ts":1762473600000,"profit_abs":0.0,"wins":0,"draws":0,"losses":0,"trades":0,"profit_factor":0.0},{"date":"08/11/2025","date_ts":1762560000000,"profit_abs":1.53472176,"wins":1,"draws":0,"losses":0,"trades":1,"profit_factor":0.0},{"date":"09/11/2025","date_ts":1762646400000,"profit_abs":0.0,"wins":0,"draws":0,"losses":0,"trades":0,"profit_factor":0.0},{"date":"10/11/2025","date_ts":1762732800000,"profit_abs":0.0,"wins":0,"draws":0,"losses":0,"trades":0,"profit_factor":0.0},{"date":"11/11/2025","date_ts":1762819200000,"profit_abs":0.0,"wins":0,"draws":0,"losses":0,"trades":0,"profit_factor":0.0},{"date":"12/11/2025","date_ts":1762905600000,"profit_abs":0.0,"wins":0,"draws":0,"losses":0,"trades":0,"profit_factor":0.0},{"date":"13/11/2025","date_ts":1762992000000,"profit_abs":4.6588094,"wins":1,"draws":0,"losses":0,"trades":1,"profit_factor":0.0},{"date":"14/11/2025","date_ts":1763078400000,"profit_abs":0.0,"wins":0,"draws":0,"losses":0,"trades":0,"profit_factor":0.0},{"date":"15/11/2025","date_ts":1763164800000,"profit_abs":0.0,"wins":0,"draws":0,"losses":0,"trades":0,"profit_factor":0.0},{"date":"16/11/2025","date_ts":1763251200000,"profit_abs":0.0,"wins":0,"draws":0,"losses":0,"trades":0,"profit_factor":0.0},{"date":"17/11/2025","date_ts":1763337600000,"profit_abs":0.0,"wins":0,"draws":0,"losses":0,"trades":0,"profit_factor":0.0},{"date":"18/11/2025","date_ts":1763424000000,"profit_abs":0.0,"wins":0,"draws":1,"losses":0,"trades":1,"profit_factor":0.0},{"date":"19/11/2025","date_ts":1763510400000,"profit_abs":11.14888927,"wins":1,"draws":0,"losses":0,"trades":1,"profit_factor":0.0},{"date":"20/11/2025","date_ts":1763596800000,"profit_abs":0.0,"wins":0,"draws":0,"losses":0,"trades":0,"profit_factor":0.0},{"date":"21/11/2025","date_ts":1763683200000,"profit_abs":-9.94093056,"wins":1,"draws":0,"losses":1,"trades":2,"profit_factor":0.42400548},{"date":"22/11/2025","date_ts":1763769600000,"profit_abs":0.0,"wins":0,"draws":0,"losses":0,"trades":0,"profit_factor":0.0},{"date":"23/11/2025","date_ts":1763856000000,"profit_abs":0.0,"wins":0,"draws":0,"losses":0,"trades":0,"profit_factor":0.0},{"date":"24/11/2025","date_ts":1763942400000,"profit_abs":0.0,"wins":0,"draws":0,"losses":0,"trades":0,"profit_factor":0.0},{"date":"25/11/2025","date_ts":1764028800000,"profit_abs":0.0,"wins":0,"draws":0,"losses":0,"trades":0,"profit_factor":0.0},{"date":"26/11/2025","date_ts":1764115200000,"profit_abs":0.0,"wins":0,"draws":0,"losses":0,"trades":0,"profit_factor":0.0},{"date":"27/11/2025","date_ts":1764201600000,"profit_abs":0.0,"wins":0,"draws":0,"losses":0,"trades":0,"profit_factor":0.0},{"date":"28/11/2025","date_ts":1764288000000,"profit_abs":0.0,"wins":0,"draws":0,"losses":0,"trades":0,"profit_factor":0.0},{"date":"29/11/2025","date_ts":1764374400000,"profit_abs":0.0,"wins":0,"draws":0,"losses":0,"trades":0,"profit_factor":0.0},{"date":"30/11/2025","date_ts":1764460800000,"profit_abs":0.0,"wins":0,"draws":0,"losses":0,"trades":0,"profit_factor":0.0},{"date":"01/12/2025","date_ts":1764547200000,"profit_abs":0.0,"wins":0,"draws":0,"losses":0,"trades":0,"profit_factor":0.0},{"date":"02/12/2025","date_ts":1764633600000,"profit_abs":0.0,"wins":0,"draws":0,"losses":0,"trades":0,"profit_factor":0.0},{"date":"03/12/2025","date_ts":1764720000000,"profit_abs":0.0,"wins":0,"draws":0,"losses":0,"trades":0,"profit_factor":0.0},{"date":"04/12/2025","date_ts":1764806400000,"profit_abs":0.0,"wins":0,"draws":0,"losses":0,"trades":0,"profit_factor":0.0},{"date":"05/12/2025","date_ts":1764892800000,"profit_abs":0.0,"wins":0,"draws":0,"losses":0,"trades":0,"profit_factor":0.0},{"date":"06/12/2025","date_ts":1764979200000,"profit_abs":0.0,"wins":0,"draws":0,"losses":0,"trades":0,"profit_factor":0.0},{"date":"07/12/2025","date_ts":1765065600000,"profit_abs":0.0,"wins":0,"draws":0,"losses":0,"trades":0,"profit_factor":0.0},{"date":"08/12/2025","date_ts":1765152000000,"profit_abs":0.0,"wins":0,"draws":0,"losses":0,"trades":0,"profit_factor":0.0},{"date":"09/12/2025","date_ts":1765238400000,"profit_abs":0.0,"wins":0,"draws":0,"losses":0,"trades":0,"profit_factor":0.0},{"date":"10/12/2025","date_ts":1765324800000,"profit_abs":0.0,"wins":0,"draws":0,"losses":0,"trades":0,"profit_factor":0.0},{"date":"11/12/2025","date_ts":1765411200000,"profit_abs":0.0,"wins":0,"draws":0,"losses":0,"trades":0,"profit_factor":0.0},{"date":"12/12/2025","date_ts":1765497600000,"profit_abs":0.0,"wins":0,"draws":0,"losses":0,"trades":0,"profit_factor":0.0},{"date":"13/12/2025","date_ts":1765584000000,"profit_abs":0.0,"wins":0,"draws":0,"losses":0,"trades":0,"profit_factor":0.0},{"date":"14/12/2025","date_ts":1765670400000,"profit_abs":0.0,"wins":0,"draws":0,"losses":0,"trades":0,"profit_factor":0.0},{"date":"15/12/2025","date_ts":1765756800000,"profit_abs":0.0,"wins":0,"draws":0,"losses":0,"trades":0,"profit_factor":0.0},{"date":"16/12/2025","date_ts":1765843200000,"profit_abs":0.0,"wins":0,"draws":0,"losses":0,"trades":0,"profit_factor":0.0},{"date":"17/12/2025","date_ts":1765929600000,"profit_abs":0.0,"wins":0,"draws":1,"losses":0,"trades":1,"profit_factor":0.0},{"date":"18/12/2025","date_ts":1766016000000,"profit_abs":0.0,"wins":0,"draws":0,"losses":0,"trades":0,"profit_factor":0.0},{"date":"19/12/2025","date_ts":1766102400000,"profit_abs":0.0,"wins":0,"draws":0,"losses":0,"trades":0,"profit_factor":0.0},{"date":"20/12/2025","date_ts":1766188800000,"profit_abs":0.0,"wins":0,"draws":0,"losses":0,"trades":0,"profit_factor":0.0},{"date":"21/12/2025","date_ts":1766275200000,"profit_abs":0.0,"wins":0,"draws":0,"losses":0,"trades":0,"profit_factor":0.0},{"date":"22/12/2025","date_ts":1766361600000,"profit_abs":0.0,"wins":0,"draws":0,"losses":0,"trades":0,"profit_factor":0.0},{"date":"23/12/2025","date_ts":1766448000000,"profit_abs":0.0,"wins":0,"draws":0,"losses":0,"trades":0,"profit_factor":0.0},{"date":"24/12/2025","date_ts":1766534400000,"profit_abs":0.0,"wins":0,"draws":0,"losses":0,"trades":0,"profit_factor":0.0},{"date":"25/12/2025","date_ts":1766620800000,"profit_abs":0.0,"wins":0,"draws":0,"losses":0,"trades":0,"profit_factor":0.0},{"date":"26/12/2025","date_ts":1766707200000,"profit_abs":0.0,"wins":0,"draws":0,"losses":0,"trades":0,"profit_factor":0.0},{"date":"27/12/2025","date_ts":1766793600000,"profit_abs":0.0,"wins":0,"draws":0,"losses":0,"trades":0,"profit_factor":0.0},{"date":"28/12/2025","date_ts":1766880000000,"profit_abs":0.0,"wins":0,"draws":0,"losses":0,"trades":0,"profit_factor":0.0},{"date":"29/12/2025","date_ts":1766966400000,"profit_abs":0.0,"wins":0,"draws":0,"losses":0,"trades":0,"profit_factor":0.0},{"date":"30/12/2025","date_ts":1767052800000,"profit_abs":0.0,"wins":0,"draws":0,"losses":0,"trades":0,"profit_factor":0.0},{"date":"31/12/2025","date_ts":1767139200000,"profit_abs":0.0,"wins":0,"draws":0,"losses":0,"trades":0,"profit_factor":0.0},{"date":"01/01/2026","date_ts":1767225600000,"profit_abs":0.0,"wins":0,"draws":0,"losses":0,"trades":0,"profit_factor":0.0},{"date":"02/01/2026","date_ts":1767312000000,"profit_abs":0.0,"wins":0,"draws":0,"losses":0,"trades":0,"profit_factor":0.0},{"date":"03/01/2026","date_ts":1767398400000,"profit_abs":0.0,"wins":0,"draws":0,"losses":0,"trades":0,"profit_factor":0.0},{"date":"04/01/2026","date_ts":1767484800000,"profit_abs":0.0,"wins":0,"draws":0,"losses":0,"trades":0,"profit_factor":0.0},{"date":"05/01/2026","date_ts":1767571200000,"profit_abs":0.0,"wins":0,"draws":0,"losses":0,"trades":0,"profit_factor":0.0},{"date":"06/01/2026","date_ts":1767657600000,"profit_abs":0.06457416,"wins":1,"draws":0,"losses":0,"trades":1,"profit_factor":0.0}],"week":[{"date":"13/10/2025","date_ts":1760313600000,"profit_abs":-17.13586561,"wins":0,"draws":0,"losses":1,"trades":1,"profit_factor":0.0},{"date":"20/10/2025","date_ts":1760918400000,"profit_abs":7.36411507,"wins":2,"draws":0,"losses":0,"trades":2,"profit_factor":0.0},{"date":"27/10/2025","date_ts":1761523200000,"profit_abs":0.0,"wins":0,"draws":0,"losses":0,"trades":0,"profit_factor":0.0},{"date":"03/11/2025","date_ts":1762128000000,"profit_abs":0.0,"wins":0,"draws":1,"losses":0,"trades":1,"profit_factor":0.0},{"date":"10/11/2025","date_ts":1762732800000,"profit_abs":1.53472176,"wins":1,"draws":0,"losses":0,"trades":1,"profit_factor":0.0},{"date":"17/11/2025","date_ts":1763337600000,"profit_abs":4.6588094,"wins":1,"draws":0,"losses":0,"trades":1,"profit_factor":0.0},{"date":"24/11/2025","date_ts":1763942400000,"profit_abs":1.20795871,"wins":2,"draws":1,"losses":1,"trades":4,"profit_factor":1.06999119},{"date":"01/12/2025","date_ts":1764547200000,"profit_abs":0.0,"wins":0,"draws":0,"losses":0,"trades":0,"profit_factor":0.0},{"date":"08/12/2025","date_ts":1765152000000,"profit_abs":0.0,"wins":0,"draws":0,"losses":0,"trades":0,"profit_factor":0.0},{"date":"15/12/2025","date_ts":1765756800000,"profit_abs":0.0,"wins":0,"draws":0,"losses":0,"trades":0,"profit_factor":0.0},{"date":"22/12/2025","date_ts":1766361600000,"profit_abs":0.0,"wins":0,"draws":1,"losses":0,"trades":1,"profit_factor":0.0},{"date":"29/12/2025","date_ts":1766966400000,"profit_abs":0.0,"wins":0,"draws":0,"losses":0,"trades":0,"profit_factor":0.0},{"date":"05/01/2026","date_ts":1767571200000,"profit_abs":0.0,"wins":0,"draws":0,"losses":0,"trades":0,"profit_factor":0.0},{"date":"12/01/2026","date_ts":1768176000000,"profit_abs":0.06457416,"wins":1,"draws":0,"losses":0,"trades":1,"profit_factor":0.0}],"month":[{"date":"31/10/2025","date_ts":1761868800000,"profit_abs":-9.77175054,"wins":2,"draws":1,"losses":1,"trades":4,"profit_factor":0.42974865},{"date":"30/11/2025","date_ts":1764460800000,"profit_abs":7.40148987,"wins":4,"draws":1,"losses":1,"trades":6,"profit_factor":1.42885498},{"date":"31/12/2025","date_ts":1767139200000,"profit_abs":0.0,"wins":0,"draws":1,"losses":0,"trades":1,"profit_factor":0.0},{"date":"31/01/2026","date_ts":1769817600000,"profit_abs":0.06457416,"wins":1,"draws":0,"losses":0,"trades":1,"profit_factor":0.0}],"year":[{"date":"31/12/2025","date_ts":1767139200000,"profit_abs":-2.37026067,"wins":6,"draws":3,"losses":2,"trades":11,"profit_factor":0.93108624},{"date":"31/12/2026","date_ts":1798675200000,"profit_abs":0.06457416,"wins":1,"draws":0,"losses":0,"trades":1,"profit_factor":0.0}],"weekday":[{"date":"Tuesday","date_ts":1,"profit_abs":0.06457416,"wins":1,"draws":1,"losses":0,"trades":2,"profit_factor":0.0},{"date":"Wednesday","date_ts":2,"profit_abs":11.14888927,"wins":1,"draws":1,"losses":0,"trades":2,"profit_factor":0.0},{"date":"Thursday","date_ts":3,"profit_abs":5.1388384,"wins":2,"draws":1,"losses":0,"trades":3,"profit_factor":0.0},{"date":"Friday","date_ts":4,"profit_abs":-20.1927101,"wins":2,"draws":0,"losses":2,"trades":4,"profit_factor":0.41291028},{"date":"Saturday","date_ts":5,"profit_abs":1.53472176,"wins":1,"draws":0,"losses":0,"trades":1,"profit_factor":0.0}]},"backtest_best_day":0.033882051017996184,"backtest_worst_day":-0.05189164456731209,"backtest_best_day_abs":11.14888927,"backtest_worst_day_abs":-17.13586561,"winning_days":6,"draw_days":81,"losing_days":2,"daily_profit":[["2025-10-10",-17.13586561],["2025-10-11",0.0],["2025-10-12",0.0],["2025-10-13",0.0],["2025-10-14",0.0],["2025-10-15",0.0],["2025-10-16",0.480029],["2025-10-17",6.88408607],["2025-10-18",0.0],["2025-10-19",0.0],["2025-10-20",0.0],["2025-10-21",0.0],["2025-10-22",0.0],["2025-10-23",0.0],["2025-10-24",0.0],["2025-10-25",0.0],["2025-10-26",0.0],["2025-10-27",0.0],["2025-10-28",0.0],["2025-10-29",0.0],["2025-10-30",0.0],["2025-10-31",0.0],["2025-11-01",0.0],["2025-11-02",0.0],["2025-11-03",0.0],["2025-11-04",0.0],["2025-11-05",0.0],["2025-11-06",0.0],["2025-11-07",0.0],["2025-11-08",1.53472176],["2025-11-09",0.0],["2025-11-10",0.0],["2025-11-11",0.0],["2025-11-12",0.0],["2025-11-13",4.6588094],["2025-11-14",0.0],["2025-11-15",0.0],["2025-11-16",0.0],["2025-11-17",0.0],["2025-11-18",0.0],["2025-11-19",11.14888927],["2025-11-20",0.0],["2025-11-21",-9.94093056],["2025-11-22",0.0],["2025-11-23",0.0],["2025-11-24",0.0],["2025-11-25",0.0],["2025-11-26",0.0],["2025-11-27",0.0],["2025-11-28",0.0],["2025-11-29",0.0],["2025-11-30",0.0],["2025-12-01",0.0],["2025-12-02",0.0],["2025-12-03",0.0],["2025-12-04",0.0],["2025-12-05",0.0],["2025-12-06",0.0],["2025-12-07",0.0],["2025-12-08",0.0],["2025-12-09",0.0],["2025-12-10",0.0],["2025-12-11",0.0],["2025-12-12",0.0],["2025-12-13",0.0],["2025-12-14",0.0],["2025-12-15",0.0],["2025-12-16",0.0],["2025-12-17",0.0],["2025-12-18",0.0],["2025-12-19",0.0],["2025-12-20",0.0],["2025-12-21",0.0],["2025-12-22",0.0],["2025-12-23",0.0],["2025-12-24",0.0],["2025-12-25",0.0],["2025-12-26",0.0],["2025-12-27",0.0],["2025-12-28",0.0],["2025-12-29",0.0],["2025-12-30",0.0],["2025-12-31",0.0],["2026-01-01",0.0],["2026-01-02",0.0],["2026-01-03",0.0],["2026-01-04",0.0],["2026-01-05",0.0],["2026-01-06",0.06457416]],"wins":7,"losses":2,"draws":3,"winrate":0.5833333333333334,"holding_avg":"2:10:00","holding_avg_s":7800.0,"winner_holding_min":"0d 01:00","winner_holding_min_s":3600.0,"winner_holding_max":"0d 02:00","winner_holding_max_s":7200.0,"winner_holding_avg":"0d 01:51","winner_holding_avg_s":6660.0,"loser_holding_min":"0d 00:00","loser_holding_min_s":0.0,"loser_holding_max":"0d 03:00","loser_holding_max_s":10800.0,"loser_holding_avg":"0d 01:30","loser_holding_avg_s":5400.0,"max_consecutive_wins":2,"max_consecutive_losses":1,"max_drawdown_account":0.0171290458880509,"max_relative_drawdown":0.017135865609999995,"max_drawdown_abs":17.25872424,"drawdown_start":"2025-11-19 22:00:00","drawdown_start_ts":1763589600000.0,"drawdown_end":"2025-11-21 07:00:00","drawdown_end_ts":1763708400000.0,"drawdown_duration":"1 days 09:00:00","drawdown_duration_s":118800.0,"max_drawdown_low":-9.688054350000002,"max_drawdown_high":7.570669889999999,"csum_min":982.86413439,"csum_max":1007.57066989}},"strategy_comparison":[{"key":"ACO_4_6","trades":12,"profit_mean":-0.00047577910781755275,"profit_mean_pct":-0.05,"profit_total_abs":-2.3056865099999997,"profit_total":-0.0023056865099999996,"profit_total_pct":-0.23,"duration_avg":"2:10:00","wins":7,"draws":3,"losses":2,"winrate":0.5833333333333334,"cagr":-0.008648439595696833,"expectancy":-0.1921405424999998,"expectancy_ratio":-0.2611727189268984,"sortino":-7.392635339882343,"sharpe":-0.05425916568695121,"calmar":-2.651195682128209,"sqn":-0.0761,"profit_factor":0.93296368643861,"max_drawdown_account":0.0171290458880509,"max_drawdown_abs":"17.259"}]}