{"strategy":{"ACO_38_11":{"trades":[{"pair":"DOGE/USDT","stake_amount":329.81907,"max_stake_amount":329.81907,"amount":1281.0,"open_date":"2025-10-06 09:00:00+00:00","close_date":"2025-10-06 11:00:00+00:00","open_rate":0.25747,"close_rate":0.25909,"fee_open":0.001,"fee_close":0.001,"trade_duration":120,"profit_ratio":0.004281421766954062,"profit_abs":1.41350664,"exit_reason":"roi","initial_stop_loss_abs":0.2446,"initial_stop_loss_ratio":-0.05,"stop_loss_abs":0.2446,"stop_loss_ratio":-0.05,"min_rate":0.25731,"max_rate":0.26191,"is_open":false,"enter_tag":"","leverage":1.0,"is_short":false,"open_timestamp":1759741200000,"close_timestamp":1759748400000,"orders":[{"amount":1281.0,"safe_price":0.25747,"ft_order_side":"buy","order_filled_timestamp":1759741200000,"ft_is_entry":true,"ft_order_tag":"","cost":330.14888906999994},{"amount":1281.0,"safe_price":0.25909,"ft_order_side":"sell","order_filled_timestamp":1759748400000,"ft_is_entry":false,"ft_order_tag":"roi","cost":332.22618428999994}],"funding_fees":0.0,"weekday":0},{"pair":"DOGE/USDT","stake_amount":330.3104,"max_stake_amount":330.3104,"amount":1616.0,"open_date":"2025-10-21 16:00:00+00:00","close_date":"2025-10-21 23:00:00+00:00","open_rate":0.2044,"close_rate":0.19418,"fee_open":0.001,"fee_close":0.001,"trade_duration":420,"profit_ratio":-0.0518981018981019,"profit_abs":-17.15962528,"exit_reason":"stop_loss","initial_stop_loss_abs":0.19418,"initial_stop_loss_ratio":-0.05,"stop_loss_abs":0.19418,"stop_loss_ratio":-0.05,"min_rate":0.19362,"max_rate":0.205,"is_open":false,"enter_tag":"","leverage":1.0,"is_short":false,"open_timestamp":1761062400000,"close_timestamp":1761087600000,"orders":[{"amount":1616.0,"safe_price":0.2044,"ft_order_side":"buy","order_filled_timestamp":1761062400000,"ft_is_entry":true,"ft_order_tag":"","cost":330.6407104},{"amount":1616.0,"safe_price":0.19418,"ft_order_side":"sell","order_filled_timestamp":1761087600000,"ft_is_entry":false,"ft_order_tag":"stop_loss","cost":314.10867487999997}],"funding_fees":0.0,"weekday":1},{"pair":"DOGE/USDT","stake_amount":324.71666,"max_stake_amount":324.71666,"amount":1627.0,"open_date":"2025-10-26 10:00:00+00:00","close_date":"2025-10-26 12:00:00+00:00","open_rate":0.19958,"close_rate":0.20183,"fee_open":0.001,"fee_close":0.001,"trade_duration":120,"profit_ratio":0.0092531478942943,"profit_abs":3.00765593,"exit_reason":"roi","initial_stop_loss_abs":0.18961,"initial_stop_loss_ratio":-0.05,"stop_loss_abs":0.18961,"stop_loss_ratio":-0.05,"min_rate":0.19833,"max_rate":0.20286,"is_open":false,"enter_tag":"","leverage":1.0,"is_short":false,"open_timestamp":1761472800000,"close_timestamp":1761480000000,"orders":[{"amount":1627.0,"safe_price":0.19958,"ft_order_side":"buy","order_filled_timestamp":1761472800000,"ft_is_entry":true,"ft_order_tag":"","cost":325.04137665999997},{"amount":1627.0,"safe_price":0.20183,"ft_order_side":"sell","order_filled_timestamp":1761480000000,"ft_is_entry":false,"ft_order_tag":"roi","cost":328.70578740999997}],"funding_fees":0.0,"weekday":6},{"pair":"DOGE/USDT","stake_amount":325.65064,"max_stake_amount":325.65064,"amount":1732.0,"open_date":"2025-11-02 05:00:00+00:00","close_date":"2025-11-02 07:00:00+00:00","open_rate":0.18802,"close_rate":0.18839641641641638,"fee_open":0.001,"fee_close":0.001,"trade_duration":120,"profit_ratio":0.0,"profit_abs":0.0,"exit_reason":"roi","initial_stop_loss_abs":0.17862,"initial_stop_loss_ratio":-0.05,"stop_loss_abs":0.17862,"stop_loss_ratio":-0.05,"min_rate":0.18701,"max_rate":0.18884,"is_open":false,"enter_tag":"","leverage":1.0,"is_short":false,"open_timestamp":1762059600000,"close_timestamp":1762066800000,"orders":[{"amount":1732.0,"safe_price":0.18802,"ft_order_side":"buy","order_filled_timestamp":1762059600000,"ft_is_entry":true,"ft_order_tag":"","cost":325.97629064},{"amount":1732.0,"safe_price":0.18839641641641638,"ft_order_side":"sell","order_filled_timestamp":1762066800000,"ft_is_entry":false,"ft_order_tag":"roi","cost":326.62889582646636}],"funding_fees":0.0,"weekday":6},{"pair":"DOGE/USDT","stake_amount":325.78716,"max_stake_amount":325.78716,"amount":2092.0,"open_date":"2025-11-26 18:00:00+00:00","close_date":"2025-11-26 20:00:00+00:00","open_rate":0.15573,"close_rate":0.15604177177177178,"fee_open":0.001,"fee_close":0.001,"trade_duration":120,"profit_ratio":0.0,"profit_abs":0.0,"exit_reason":"roi","initial_stop_loss_abs":0.14795,"initial_stop_loss_ratio":-0.05,"stop_loss_abs":0.14795,"stop_loss_ratio":-0.05,"min_rate":0.15507,"max_rate":0.15681,"is_open":false,"enter_tag":"","leverage":1.0,"is_short":false,"open_timestamp":1764180000000,"close_timestamp":1764187200000,"orders":[{"amount":2092.0,"safe_price":0.15573,"ft_order_side":"buy","order_filled_timestamp":1764180000000,"ft_is_entry":true,"ft_order_tag":"","cost":326.11294716},{"amount":2092.0,"safe_price":0.15604177177177178,"ft_order_side":"sell","order_filled_timestamp":1764187200000,"ft_is_entry":false,"ft_order_tag":"roi","cost":326.7658259330931}],"funding_fees":0.0,"weekday":2},{"pair":"DOGE/USDT","stake_amount":325.6638,"max_stake_amount":325.6638,"amount":2226.0,"open_date":"2025-12-09 16:00:00+00:00","close_date":"2025-12-09 18:00:00+00:00","open_rate":0.1463,"close_rate":0.15095,"fee_open":0.001,"fee_close":0.001,"trade_duration":120,"profit_ratio":0.029722498963783994,"profit_abs":9.6892215,"exit_reason":"roi","initial_stop_loss_abs":0.13899,"initial_stop_loss_ratio":-0.05,"stop_loss_abs":0.13899,"stop_loss_ratio":-0.05,"min_rate":0.1463,"max_rate":0.15319,"is_open":false,"enter_tag":"","leverage":1.0,"is_short":false,"open_timestamp":1765296000000,"close_timestamp":1765303200000,"orders":[{"amount":2226.0,"safe_price":0.1463,"ft_order_side":"buy","order_filled_timestamp":1765296000000,"ft_is_entry":true,"ft_order_tag":"","cost":325.9894638},{"amount":2226.0,"safe_price":0.15095,"ft_order_side":"sell","order_filled_timestamp":1765303200000,"ft_is_entry":false,"ft_order_tag":"roi","cost":336.35071469999997}],"funding_fees":0.0,"weekday":1},{"pair":"DOGE/USDT","stake_amount":328.93808,"max_stake_amount":328.93808,"amount":2446.0,"open_date":"2025-12-17 15:00:00+00:00","close_date":"2025-12-17 16:00:00+00:00","open_rate":0.13448,"close_rate":0.12776,"fee_open":0.001,"fee_close":0.001,"trade_duration":60,"profit_ratio":-0.05186841712719166,"profit_abs":-17.07855904,"exit_reason":"stop_loss","initial_stop_loss_abs":0.12776,"initial_stop_loss_ratio":-0.05,"stop_loss_abs":0.12776,"stop_loss_ratio":-0.05,"min_rate":0.12583,"max_rate":0.13631,"is_open":false,"enter_tag":"","leverage":1.0,"is_short":false,"open_timestamp":1765983600000,"close_timestamp":1765987200000,"orders":[{"amount":2446.0,"safe_price":0.13448,"ft_order_side":"buy","order_filled_timestamp":1765983600000,"ft_is_entry":true,"ft_order_tag":"","cost":329.2670180799999},{"amount":2446.0,"safe_price":0.12776,"ft_order_side":"sell","order_filled_timestamp":1765987200000,"ft_is_entry":false,"ft_order_tag":"stop_loss","cost":312.81346096}],"funding_fees":0.0,"weekday":2},{"pair":"DOGE/USDT","stake_amount":323.23662,"max_stake_amount":323.23662,"amount":2583.0,"open_date":"2025-12-29 01:00:00+00:00","close_date":"2025-12-29 03:00:00+00:00","open_rate":0.12514,"close_rate":0.12639,"fee_open":0.001,"fee_close":0.001,"trade_duration":120,"profit_ratio":0.007970852864571899,"profit_abs":2.57904801,"exit_reason":"roi","initial_stop_loss_abs":0.11889,"initial_stop_loss_ratio":-0.05,"stop_loss_abs":0.11889,"stop_loss_ratio":-0.05,"min_rate":0.12437,"max_rate":0.12777,"is_open":false,"enter_tag":"","leverage":1.0,"is_short":false,"open_timestamp":1766970000000,"close_timestamp":1766977200000,"orders":[{"amount":2583.0,"safe_price":0.12514,"ft_order_side":"buy","order_filled_timestamp":1766970000000,"ft_is_entry":true,"ft_order_tag":"","cost":323.55985662},{"amount":2583.0,"safe_price":0.12639,"ft_order_side":"sell","order_filled_timestamp":1766977200000,"ft_is_entry":false,"ft_order_tag":"roi","cost":326.79183536999994}],"funding_fees":0.0,"weekday":0}],"locks":[],"best_pair":{"key":"DOGE/USDT","trades":8,"profit_mean":-0.006567324691961163,"profit_mean_pct":-0.66,"profit_total_abs":-17.54875224,"profit_total":-0.01754875224,"profit_total_pct":-1.75,"duration_avg":"2:30:00","wins":4,"draws":2,"losses":2,"winrate":0.5,"cagr":-0.06444958197805373,"expectancy":-2.1935940300000003,"expectancy_ratio":-0.37813728727540186,"sortino":-85.2728750776397,"sharpe":-0.3807619311780918,"calmar":-16.068019019985073,"sqn":-0.6393,"profit_factor":0.48745085089839246,"max_drawdown_account":0.02151090108847904,"max_drawdown_abs":21.54130689},"worst_pair":{"key":"DOGE/USDT","trades":8,"profit_mean":-0.006567324691961163,"profit_mean_pct":-0.66,"profit_total_abs":-17.54875224,"profit_total":-0.01754875224,"profit_total_pct":-1.75,"duration_avg":"2:30:00","wins":4,"draws":2,"losses":2,"winrate":0.5,"cagr":-0.06444958197805373,"expectancy":-2.1935940300000003,"expectancy_ratio":-0.37813728727540186,"sortino":-85.2728750776397,"sharpe":-0.3807619311780918,"calmar":-16.068019019985073,"sqn":-0.6393,"profit_factor":0.48745085089839246,"max_drawdown_account":0.02151090108847904,"max_drawdown_abs":21.54130689},"results_per_pair":[{"key":"DOGE/USDT","trades":8,"profit_mean":-0.006567324691961163,"profit_mean_pct":-0.66,"profit_total_abs":-17.54875224,"profit_total":-0.01754875224,"profit_total_pct":-1.75,"duration_avg":"2:30:00","wins":4,"draws":2,"losses":2,"winrate":0.5,"cagr":-0.06444958197805373,"expectancy":-2.1935940300000003,"expectancy_ratio":-0.37813728727540186,"sortino":-85.2728750776397,"sharpe":-0.3807619311780918,"calmar":-16.068019019985073,"sqn":-0.6393,"profit_factor":0.48745085089839246,"max_drawdown_account":0.02151090108847904,"max_drawdown_abs":21.54130689},{"key":"TOTAL","trades":8,"profit_mean":-0.006567324691961163,"profit_mean_pct":-0.66,"profit_total_abs":-17.54875224,"profit_total":-0.01754875224,"profit_total_pct":-1.75,"duration_avg":"2:30:00","wins":4,"draws":2,"losses":2,"winrate":0.5,"cagr":-0.06444958197805373,"expectancy":-2.1935940300000003,"expectancy_ratio":-0.37813728727540186,"sortino":-85.2728750776397,"sharpe":-0.3807619311780918,"calmar":-16.068019019985073,"sqn":-0.6393,"profit_factor":0.48745085089839246,"max_drawdown_account":0.02151090108847904,"max_drawdown_abs":21.54130689}],"results_per_enter_tag":[{"key":"","trades":8,"profit_mean":-0.006567324691961163,"profit_mean_pct":-0.66,"profit_total_abs":-17.54875224,"profit_total":-0.01754875224,"profit_total_pct":-1.75,"duration_avg":"2:30:00","wins":4,"draws":2,"losses":2,"winrate":0.5,"cagr":-0.06444958197805373,"expectancy":-2.1935940300000003,"expectancy_ratio":-0.37813728727540186,"sortino":-85.2728750776397,"sharpe":-0.3807619311780918,"calmar":-16.068019019985073,"sqn":-0.6393,"profit_factor":0.48745085089839246,"max_drawdown_account":0.02151090108847904,"max_drawdown_abs":21.54130689},{"key":"TOTAL","trades":8,"profit_mean":-0.006567324691961163,"profit_mean_pct":-0.66,"profit_total_abs":-17.54875224,"profit_total":-0.01754875224,"profit_total_pct":-1.75,"duration_avg":"2:30:00","wins":4,"draws":2,"losses":2,"winrate":0.5,"cagr":-0.06444958197805373,"expectancy":-2.1935940300000003,"expectancy_ratio":-0.37813728727540186,"sortino":-85.2728750776397,"sharpe":-0.3807619311780918,"calmar":-16.068019019985073,"sqn":-0.6393,"profit_factor":0.48745085089839246,"max_drawdown_account":0.02151090108847904,"max_drawdown_abs":21.54130689}],"exit_reason_summary":[{"key":"roi","trades":6,"profit_mean":0.008537986914934043,"profit_mean_pct":0.85,"profit_total_abs":16.68943208,"profit_total":0.01668943208,"profit_total_pct":1.67,"duration_avg":"2:00:00","wins":4,"draws":2,"losses":0,"winrate":0.6666666666666666,"cagr":0.06426258106560123,"expectancy":2.7815720133333333,"expectancy_ratio":100.0,"sortino":-100,"sharpe":0.9975221313821736,"calmar":-100,"sqn":1.8875,"profit_factor":0.0,"max_drawdown_account":0.0,"max_drawdown_abs":0.0},{"key":"stop_loss","trades":2,"profit_mean":-0.05188325951264678,"profit_mean_pct":-5.19,"profit_total_abs":-34.23818432,"profit_total":-0.034238184320000004,"profit_total_pct":-3.42,"duration_avg":"4:00:00","wins":0,"draws":0,"losses":2,"winrate":0.0,"cagr":-0.12286257886484075,"expectancy":-17.11909216,"expectancy_ratio":-1.0,"sortino":-166.37014270164218,"sharpe":-166.37014270164218,"calmar":-19.6958486335493,"sqn":-422.3482,"profit_factor":0.0,"max_drawdown_account":0.03423818431999996,"max_drawdown_abs":34.23818432},{"key":"TOTAL","trades":8,"profit_mean":-0.006567324691961163,"profit_mean_pct":-0.66,"profit_total_abs":-17.54875224,"profit_total":-0.01754875224,"profit_total_pct":-1.75,"duration_avg":"2:30:00","wins":4,"draws":2,"losses":2,"winrate":0.5,"cagr":-0.06444958197805373,"expectancy":-2.1935940300000003,"expectancy_ratio":-0.37813728727540186,"sortino":-85.2728750776397,"sharpe":-0.3807619311780918,"calmar":-16.068019019985073,"sqn":-0.6393,"profit_factor":0.48745085089839246,"max_drawdown_account":0.02151090108847904,"max_drawdown_abs":21.54130689}],"mix_tag_stats":[{"key":["","roi"],"trades":6,"profit_mean":0.008537986914934043,"profit_mean_pct":0.85,"profit_total_abs":16.68943208,"profit_total":0.01668943208,"profit_total_pct":1.67,"duration_avg":"2:00:00","wins":4,"draws":2,"losses":0,"winrate":0.6666666666666666,"cagr":0.06426258106560123,"expectancy":2.7815720133333333,"expectancy_ratio":100.0,"sortino":-100,"sharpe":0.9975221313821736,"calmar":-100,"sqn":1.8875,"profit_factor":0.0,"max_drawdown_account":0.0,"max_drawdown_abs":0.0},{"key":["","stop_loss"],"trades":2,"profit_mean":-0.05188325951264678,"profit_mean_pct":-5.19,"profit_total_abs":-34.23818432,"profit_total":-0.034238184320000004,"profit_total_pct":-3.42,"duration_avg":"4:00:00","wins":0,"draws":0,"losses":2,"winrate":0.0,"cagr":-0.12286257886484075,"expectancy":-17.11909216,"expectancy_ratio":-1.0,"sortino":-166.37014270164218,"sharpe":-166.37014270164218,"calmar":-19.6958486335493,"sqn":-422.3482,"profit_factor":0.0,"max_drawdown_account":0.03423818431999996,"max_drawdown_abs":34.23818432},{"key":"TOTAL","trades":8,"profit_mean":-0.006567324691961163,"profit_mean_pct":-0.66,"profit_total_abs":-17.54875224,"profit_total":-0.01754875224,"profit_total_pct":-1.75,"duration_avg":"2:30:00","wins":4,"draws":2,"losses":2,"winrate":0.5,"cagr":-0.06444958197805373,"expectancy":-2.1935940300000003,"expectancy_ratio":-0.37813728727540186,"sortino":-85.2728750776397,"sharpe":-0.3807619311780918,"calmar":-16.068019019985073,"sqn":-0.6393,"profit_factor":0.48745085089839246,"max_drawdown_account":0.02151090108847904,"max_drawdown_abs":21.54130689}],"left_open_trades":[{"key":"TOTAL","trades":0,"profit_mean":0.0,"profit_mean_pct":0.0,"profit_total_abs":0.0,"profit_total":0.0,"profit_total_pct":0.0,"duration_avg":"0:00","wins":0,"draws":0,"losses":0,"winrate":0.0,"cagr":0.0,"expectancy":0.0,"expectancy_ratio":100.0,"sortino":0,"sharpe":0,"calmar":0,"sqn":0.0,"profit_factor":0.0,"max_drawdown_account":0.0,"max_drawdown_abs":0.0}],"total_trades":8,"trade_count_long":8,"trade_count_short":0,"total_volume":5221.1279317995595,"avg_stake_amount":326.76530375000004,"profit_mean":-0.006567324691961163,"profit_median":0.002140710883477031,"profit_total":-0.01754875224,"profit_total_long":-0.01754875224,"profit_total_short":0.0,"profit_total_abs":-17.54875224,"profit_total_long_abs":-17.54875224,"profit_total_short_abs":0.0,"cagr":-0.06444958197805373,"expectancy":-2.1935940300000003,"expectancy_ratio":-0.37813728727540186,"sortino":-85.2728750776397,"sharpe":-0.3807619311780918,"calmar":-16.068019019985073,"sqn":-0.6393,"profit_factor":0.48745085089839246,"backtest_start":"2025-10-01 00:00:00","backtest_start_ts":1759276800000,"backtest_end":"2026-01-06 20:00:00","backtest_end_ts":1767729600000,"backtest_days":97,"backtest_run_start_ts":1767744854,"backtest_run_end_ts":1767744855,"trades_per_day":0.08,"market_change":-0.36632086436227446,"pairlist":["DOGE/USDT"],"stake_amount":"unlimited","stake_currency":"USDT","stake_currency_decimals":3,"starting_balance":1000,"dry_run_wallet":1000,"final_balance":982.45124776,"rejected_signals":0,"timedout_entry_orders":0,"timedout_exit_orders":0,"canceled_trade_entries":0,"canceled_entry_orders":0,"replaced_entry_orders":0,"max_open_trades":1,"max_open_trades_setting":3,"timeframe":"1h","timeframe_detail":"","timerange":"20251001-","enable_protections":false,"strategy_name":"ACO_38_11","freqaimodel":null,"freqai_identifier":null,"stoploss":-0.05,"trailing_stop":false,"trailing_stop_positive":null,"trailing_stop_positive_offset":0.0,"trailing_only_offset_is_reached":false,"use_custom_stoploss":false,"minimal_roi":{"0":0.1,"60":0.05,"120":0.0},"use_exit_signal":true,"exit_profit_only":false,"exit_profit_offset":0.0,"ignore_roi_if_entry_signal":false,"trading_mode":"spot","margin_mode":"","periodic_breakdown":{"day":[{"date":"06/10/2025","date_ts":1759708800000,"profit_abs":1.41350664,"wins":1,"draws":0,"losses":0,"trades":1,"profit_factor":0.0},{"date":"07/10/2025","date_ts":1759795200000,"profit_abs":0.0,"wins":0,"draws":0,"losses":0,"trades":0,"profit_factor":0.0},{"date":"08/10/2025","date_ts":1759881600000,"profit_abs":0.0,"wins":0,"draws":0,"losses":0,"trades":0,"profit_factor":0.0},{"date":"09/10/2025","date_ts":1759968000000,"profit_abs":0.0,"wins":0,"draws":0,"losses":0,"trades":0,"profit_factor":0.0},{"date":"10/10/2025","date_ts":1760054400000,"profit_abs":0.0,"wins":0,"draws":0,"losses":0,"trades":0,"profit_factor":0.0},{"date":"11/10/2025","date_ts":1760140800000,"profit_abs":0.0,"wins":0,"draws":0,"losses":0,"trades":0,"profit_factor":0.0},{"date":"12/10/2025","date_ts":1760227200000,"profit_abs":0.0,"wins":0,"draws":0,"losses":0,"trades":0,"profit_factor":0.0},{"date":"13/10/2025","date_ts":1760313600000,"profit_abs":0.0,"wins":0,"draws":0,"losses":0,"trades":0,"profit_factor":0.0},{"date":"14/10/2025","date_ts":1760400000000,"profit_abs":0.0,"wins":0,"draws":0,"losses":0,"trades":0,"profit_factor":0.0},{"date":"15/10/2025","date_ts":1760486400000,"profit_abs":0.0,"wins":0,"draws":0,"losses":0,"trades":0,"profit_factor":0.0},{"date":"16/10/2025","date_ts":1760572800000,"profit_abs":0.0,"wins":0,"draws":0,"losses":0,"trades":0,"profit_factor":0.0},{"date":"17/10/2025","date_ts":1760659200000,"profit_abs":0.0,"wins":0,"draws":0,"losses":0,"trades":0,"profit_factor":0.0},{"date":"18/10/2025","date_ts":1760745600000,"profit_abs":0.0,"wins":0,"draws":0,"losses":0,"trades":0,"profit_factor":0.0},{"date":"19/10/2025","date_ts":1760832000000,"profit_abs":0.0,"wins":0,"draws":0,"losses":0,"trades":0,"profit_factor":0.0},{"date":"20/10/2025","date_ts":1760918400000,"profit_abs":0.0,"wins":0,"draws":0,"losses":0,"trades":0,"profit_factor":0.0},{"date":"21/10/2025","date_ts":1761004800000,"profit_abs":-17.15962528,"wins":0,"draws":0,"losses":1,"trades":1,"profit_factor":0.0},{"date":"22/10/2025","date_ts":1761091200000,"profit_abs":0.0,"wins":0,"draws":0,"losses":0,"trades":0,"profit_factor":0.0},{"date":"23/10/2025","date_ts":1761177600000,"profit_abs":0.0,"wins":0,"draws":0,"losses":0,"trades":0,"profit_factor":0.0},{"date":"24/10/2025","date_ts":1761264000000,"profit_abs":0.0,"wins":0,"draws":0,"losses":0,"trades":0,"profit_factor":0.0},{"date":"25/10/2025","date_ts":1761350400000,"profit_abs":0.0,"wins":0,"draws":0,"losses":0,"trades":0,"profit_factor":0.0},{"date":"26/10/2025","date_ts":1761436800000,"profit_abs":3.00765593,"wins":1,"draws":0,"losses":0,"trades":1,"profit_factor":0.0},{"date":"27/10/2025","date_ts":1761523200000,"profit_abs":0.0,"wins":0,"draws":0,"losses":0,"trades":0,"profit_factor":0.0},{"date":"28/10/2025","date_ts":1761609600000,"profit_abs":0.0,"wins":0,"draws":0,"losses":0,"trades":0,"profit_factor":0.0},{"date":"29/10/2025","date_ts":1761696000000,"profit_abs":0.0,"wins":0,"draws":0,"losses":0,"trades":0,"profit_factor":0.0},{"date":"30/10/2025","date_ts":1761782400000,"profit_abs":0.0,"wins":0,"draws":0,"losses":0,"trades":0,"profit_factor":0.0},{"date":"31/10/2025","date_ts":1761868800000,"profit_abs":0.0,"wins":0,"draws":0,"losses":0,"trades":0,"profit_factor":0.0},{"date":"01/11/2025","date_ts":1761955200000,"profit_abs":0.0,"wins":0,"draws":0,"losses":0,"trades":0,"profit_factor":0.0},{"date":"02/11/2025","date_ts":1762041600000,"profit_abs":0.0,"wins":0,"draws":1,"losses":0,"trades":1,"profit_factor":0.0},{"date":"03/11/2025","date_ts":1762128000000,"profit_abs":0.0,"wins":0,"draws":0,"losses":0,"trades":0,"profit_factor":0.0},{"date":"04/11/2025","date_ts":1762214400000,"profit_abs":0.0,"wins":0,"draws":0,"losses":0,"trades":0,"profit_factor":0.0},{"date":"05/11/2025","date_ts":1762300800000,"profit_abs":0.0,"wins":0,"draws":0,"losses":0,"trades":0,"profit_factor":0.0},{"date":"06/11/2025","date_ts":1762387200000,"profit_abs":0.0,"wins":0,"draws":0,"losses":0,"trades":0,"profit_factor":0.0},{"date":"07/11/2025","date_ts":1762473600000,"profit_abs":0.0,"wins":0,"draws":0,"losses":0,"trades":0,"profit_factor":0.0},{"date":"08/11/2025","date_ts":1762560000000,"profit_abs":0.0,"wins":0,"draws":0,"losses":0,"trades":0,"profit_factor":0.0},{"date":"09/11/2025","date_ts":1762646400000,"profit_abs":0.0,"wins":0,"draws":0,"losses":0,"trades":0,"profit_factor":0.0},{"date":"10/11/2025","date_ts":1762732800000,"profit_abs":0.0,"wins":0,"draws":0,"losses":0,"trades":0,"profit_factor":0.0},{"date":"11/11/2025","date_ts":1762819200000,"profit_abs":0.0,"wins":0,"draws":0,"losses":0,"trades":0,"profit_factor":0.0},{"date":"12/11/2025","date_ts":1762905600000,"profit_abs":0.0,"wins":0,"draws":0,"losses":0,"trades":0,"profit_factor":0.0},{"date":"13/11/2025","date_ts":1762992000000,"profit_abs":0.0,"wins":0,"draws":0,"losses":0,"trades":0,"profit_factor":0.0},{"date":"14/11/2025","date_ts":1763078400000,"profit_abs":0.0,"wins":0,"draws":0,"losses":0,"trades":0,"profit_factor":0.0},{"date":"15/11/2025","date_ts":1763164800000,"profit_abs":0.0,"wins":0,"draws":0,"losses":0,"trades":0,"profit_factor":0.0},{"date":"16/11/2025","date_ts":1763251200000,"profit_abs":0.0,"wins":0,"draws":0,"losses":0,"trades":0,"profit_factor":0.0},{"date":"17/11/2025","date_ts":1763337600000,"profit_abs":0.0,"wins":0,"draws":0,"losses":0,"trades":0,"profit_factor":0.0},{"date":"18/11/2025","date_ts":1763424000000,"profit_abs":0.0,"wins":0,"draws":0,"losses":0,"trades":0,"profit_factor":0.0},{"date":"19/11/2025","date_ts":1763510400000,"profit_abs":0.0,"wins":0,"draws":0,"losses":0,"trades":0,"profit_factor":0.0},{"date":"20/11/2025","date_ts":1763596800000,"profit_abs":0.0,"wins":0,"draws":0,"losses":0,"trades":0,"profit_factor":0.0},{"date":"21/11/2025","date_ts":1763683200000,"profit_abs":0.0,"wins":0,"draws":0,"losses":0,"trades":0,"profit_factor":0.0},{"date":"22/11/2025","date_ts":1763769600000,"profit_abs":0.0,"wins":0,"draws":0,"losses":0,"trades":0,"profit_factor":0.0},{"date":"23/11/2025","date_ts":1763856000000,"profit_abs":0.0,"wins":0,"draws":0,"losses":0,"trades":0,"profit_factor":0.0},{"date":"24/11/2025","date_ts":1763942400000,"profit_abs":0.0,"wins":0,"draws":0,"losses":0,"trades":0,"profit_factor":0.0},{"date":"25/11/2025","date_ts":1764028800000,"profit_abs":0.0,"wins":0,"draws":0,"losses":0,"trades":0,"profit_factor":0.0},{"date":"26/11/2025","date_ts":1764115200000,"profit_abs":0.0,"wins":0,"draws":1,"losses":0,"trades":1,"profit_factor":0.0},{"date":"27/11/2025","date_ts":1764201600000,"profit_abs":0.0,"wins":0,"draws":0,"losses":0,"trades":0,"profit_factor":0.0},{"date":"28/11/2025","date_ts":1764288000000,"profit_abs":0.0,"wins":0,"draws":0,"losses":0,"trades":0,"profit_factor":0.0},{"date":"29/11/2025","date_ts":1764374400000,"profit_abs":0.0,"wins":0,"draws":0,"losses":0,"trades":0,"profit_factor":0.0},{"date":"30/11/2025","date_ts":1764460800000,"profit_abs":0.0,"wins":0,"draws":0,"losses":0,"trades":0,"profit_factor":0.0},{"date":"01/12/2025","date_ts":1764547200000,"profit_abs":0.0,"wins":0,"draws":0,"losses":0,"trades":0,"profit_factor":0.0},{"date":"02/12/2025","date_ts":1764633600000,"profit_abs":0.0,"wins":0,"draws":0,"losses":0,"trades":0,"profit_factor":0.0},{"date":"03/12/2025","date_ts":1764720000000,"profit_abs":0.0,"wins":0,"draws":0,"losses":0,"trades":0,"profit_factor":0.0},{"date":"04/12/2025","date_ts":1764806400000,"profit_abs":0.0,"wins":0,"draws":0,"losses":0,"trades":0,"profit_factor":0.0},{"date":"05/12/2025","date_ts":1764892800000,"profit_abs":0.0,"wins":0,"draws":0,"losses":0,"trades":0,"profit_factor":0.0},{"date":"06/12/2025","date_ts":1764979200000,"profit_abs":0.0,"wins":0,"draws":0,"losses":0,"trades":0,"profit_factor":0.0},{"date":"07/12/2025","date_ts":1765065600000,"profit_abs":0.0,"wins":0,"draws":0,"losses":0,"trades":0,"profit_factor":0.0},{"date":"08/12/2025","date_ts":1765152000000,"profit_abs":0.0,"wins":0,"draws":0,"losses":0,"trades":0,"profit_factor":0.0},{"date":"09/12/2025","date_ts":1765238400000,"profit_abs":9.6892215,"wins":1,"draws":0,"losses":0,"trades":1,"profit_factor":0.0},{"date":"10/12/2025","date_ts":1765324800000,"profit_abs":0.0,"wins":0,"draws":0,"losses":0,"trades":0,"profit_factor":0.0},{"date":"11/12/2025","date_ts":1765411200000,"profit_abs":0.0,"wins":0,"draws":0,"losses":0,"trades":0,"profit_factor":0.0},{"date":"12/12/2025","date_ts":1765497600000,"profit_abs":0.0,"wins":0,"draws":0,"losses":0,"trades":0,"profit_factor":0.0},{"date":"13/12/2025","date_ts":1765584000000,"profit_abs":0.0,"wins":0,"draws":0,"losses":0,"trades":0,"profit_factor":0.0},{"date":"14/12/2025","date_ts":1765670400000,"profit_abs":0.0,"wins":0,"draws":0,"losses":0,"trades":0,"profit_factor":0.0},{"date":"15/12/2025","date_ts":1765756800000,"profit_abs":0.0,"wins":0,"draws":0,"losses":0,"trades":0,"profit_factor":0.0},{"date":"16/12/2025","date_ts":1765843200000,"profit_abs":0.0,"wins":0,"draws":0,"losses":0,"trades":0,"profit_factor":0.0},{"date":"17/12/2025","date_ts":1765929600000,"profit_abs":-17.07855904,"wins":0,"draws":0,"losses":1,"trades":1,"profit_factor":0.0},{"date":"18/12/2025","date_ts":1766016000000,"profit_abs":0.0,"wins":0,"draws":0,"losses":0,"trades":0,"profit_factor":0.0},{"date":"19/12/2025","date_ts":1766102400000,"profit_abs":0.0,"wins":0,"draws":0,"losses":0,"trades":0,"profit_factor":0.0},{"date":"20/12/2025","date_ts":1766188800000,"profit_abs":0.0,"wins":0,"draws":0,"losses":0,"trades":0,"profit_factor":0.0},{"date":"21/12/2025","date_ts":1766275200000,"profit_abs":0.0,"wins":0,"draws":0,"losses":0,"trades":0,"profit_factor":0.0},{"date":"22/12/2025","date_ts":1766361600000,"profit_abs":0.0,"wins":0,"draws":0,"losses":0,"trades":0,"profit_factor":0.0},{"date":"23/12/2025","date_ts":1766448000000,"profit_abs":0.0,"wins":0,"draws":0,"losses":0,"trades":0,"profit_factor":0.0},{"date":"24/12/2025","date_ts":1766534400000,"profit_abs":0.0,"wins":0,"draws":0,"losses":0,"trades":0,"profit_factor":0.0},{"date":"25/12/2025","date_ts":1766620800000,"profit_abs":0.0,"wins":0,"draws":0,"losses":0,"trades":0,"profit_factor":0.0},{"date":"26/12/2025","date_ts":1766707200000,"profit_abs":0.0,"wins":0,"draws":0,"losses":0,"trades":0,"profit_factor":0.0},{"date":"27/12/2025","date_ts":1766793600000,"profit_abs":0.0,"wins":0,"draws":0,"losses":0,"trades":0,"profit_factor":0.0},{"date":"28/12/2025","date_ts":1766880000000,"profit_abs":0.0,"wins":0,"draws":0,"losses":0,"trades":0,"profit_factor":0.0},{"date":"29/12/2025","date_ts":1766966400000,"profit_abs":2.57904801,"wins":1,"draws":0,"losses":0,"trades":1,"profit_factor":0.0}],"week":[{"date":"06/10/2025","date_ts":1759708800000,"profit_abs":1.41350664,"wins":1,"draws":0,"losses":0,"trades":1,"profit_factor":0.0},{"date":"13/10/2025","date_ts":1760313600000,"profit_abs":0.0,"wins":0,"draws":0,"losses":0,"trades":0,"profit_factor":0.0},{"date":"20/10/2025","date_ts":1760918400000,"profit_abs":0.0,"wins":0,"draws":0,"losses":0,"trades":0,"profit_factor":0.0},{"date":"27/10/2025","date_ts":1761523200000,"profit_abs":-14.15196935,"wins":1,"draws":0,"losses":1,"trades":2,"profit_factor":0.17527515},{"date":"03/11/2025","date_ts":1762128000000,"profit_abs":0.0,"wins":0,"draws":1,"losses":0,"trades":1,"profit_factor":0.0},{"date":"10/11/2025","date_ts":1762732800000,"profit_abs":0.0,"wins":0,"draws":0,"losses":0,"trades":0,"profit_factor":0.0},{"date":"17/11/2025","date_ts":1763337600000,"profit_abs":0.0,"wins":0,"draws":0,"losses":0,"trades":0,"profit_factor":0.0},{"date":"24/11/2025","date_ts":1763942400000,"profit_abs":0.0,"wins":0,"draws":0,"losses":0,"trades":0,"profit_factor":0.0},{"date":"01/12/2025","date_ts":1764547200000,"profit_abs":0.0,"wins":0,"draws":1,"losses":0,"trades":1,"profit_factor":0.0},{"date":"08/12/2025","date_ts":1765152000000,"profit_abs":0.0,"wins":0,"draws":0,"losses":0,"trades":0,"profit_factor":0.0},{"date":"15/12/2025","date_ts":1765756800000,"profit_abs":9.6892215,"wins":1,"draws":0,"losses":0,"trades":1,"profit_factor":0.0},{"date":"22/12/2025","date_ts":1766361600000,"profit_abs":-17.07855904,"wins":0,"draws":0,"losses":1,"trades":1,"profit_factor":0.0},{"date":"29/12/2025","date_ts":1766966400000,"profit_abs":2.57904801,"wins":1,"draws":0,"losses":0,"trades":1,"profit_factor":0.0}],"month":[{"date":"31/10/2025","date_ts":1761868800000,"profit_abs":-12.73846271,"wins":2,"draws":0,"losses":1,"trades":3,"profit_factor":0.25764913},{"date":"30/11/2025","date_ts":1764460800000,"profit_abs":0.0,"wins":0,"draws":2,"losses":0,"trades":2,"profit_factor":0.0},{"date":"31/12/2025","date_ts":1767139200000,"profit_abs":-4.81028953,"wins":2,"draws":0,"losses":1,"trades":3,"profit_factor":0.71834336}],"year":[{"date":"31/12/2025","date_ts":1767139200000,"profit_abs":-17.54875224,"wins":4,"draws":2,"losses":2,"trades":8,"profit_factor":0.48745085}],"weekday":[{"date":"Monday","date_ts":0,"profit_abs":3.99255465,"wins":2,"draws":0,"losses":0,"trades":2,"profit_factor":0.0},{"date":"Tuesday","date_ts":1,"profit_abs":-7.47040378,"wins":1,"draws":0,"losses":1,"trades":2,"profit_factor":0.56465228},{"date":"Wednesday","date_ts":2,"profit_abs":-17.07855904,"wins":0,"draws":1,"losses":1,"trades":2,"profit_factor":0.0},{"date":"Sunday","date_ts":6,"profit_abs":3.00765593,"wins":1,"draws":1,"losses":0,"trades":2,"profit_factor":0.0}]},"backtest_best_day":0.029722498963783994,"backtest_worst_day":-0.0518981018981019,"backtest_best_day_abs":9.6892215,"backtest_worst_day_abs":-17.15962528,"winning_days":4,"draw_days":79,"losing_days":2,"daily_profit":[["2025-10-06",1.41350664],["2025-10-07",0.0],["2025-10-08",0.0],["2025-10-09",0.0],["2025-10-10",0.0],["2025-10-11",0.0],["2025-10-12",0.0],["2025-10-13",0.0],["2025-10-14",0.0],["2025-10-15",0.0],["2025-10-16",0.0],["2025-10-17",0.0],["2025-10-18",0.0],["2025-10-19",0.0],["2025-10-20",0.0],["2025-10-21",-17.15962528],["2025-10-22",0.0],["2025-10-23",0.0],["2025-10-24",0.0],["2025-10-25",0.0],["2025-10-26",3.00765593],["2025-10-27",0.0],["2025-10-28",0.0],["2025-10-29",0.0],["2025-10-30",0.0],["2025-10-31",0.0],["2025-11-01",0.0],["2025-11-02",0.0],["2025-11-03",0.0],["2025-11-04",0.0],["2025-11-05",0.0],["2025-11-06",0.0],["2025-11-07",0.0],["2025-11-08",0.0],["2025-11-09",0.0],["2025-11-10",0.0],["2025-11-11",0.0],["2025-11-12",0.0],["2025-11-13",0.0],["2025-11-14",0.0],["2025-11-15",0.0],["2025-11-16",0.0],["2025-11-17",0.0],["2025-11-18",0.0],["2025-11-19",0.0],["2025-11-20",0.0],["2025-11-21",0.0],["2025-11-22",0.0],["2025-11-23",0.0],["2025-11-24",0.0],["2025-11-25",0.0],["2025-11-26",0.0],["2025-11-27",0.0],["2025-11-28",0.0],["2025-11-29",0.0],["2025-11-30",0.0],["2025-12-01",0.0],["2025-12-02",0.0],["2025-12-03",0.0],["2025-12-04",0.0],["2025-12-05",0.0],["2025-12-06",0.0],["2025-12-07",0.0],["2025-12-08",0.0],["2025-12-09",9.6892215],["2025-12-10",0.0],["2025-12-11",0.0],["2025-12-12",0.0],["2025-12-13",0.0],["2025-12-14",0.0],["2025-12-15",0.0],["2025-12-16",0.0],["2025-12-17",-17.07855904],["2025-12-18",0.0],["2025-12-19",0.0],["2025-12-20",0.0],["2025-12-21",0.0],["2025-12-22",0.0],["2025-12-23",0.0],["2025-12-24",0.0],["2025-12-25",0.0],["2025-12-26",0.0],["2025-12-27",0.0],["2025-12-28",0.0],["2025-12-29",2.57904801]],"wins":4,"losses":2,"draws":2,"winrate":0.5,"holding_avg":"2:30:00","holding_avg_s":9000.0,"winner_holding_min":"0d 02:00","winner_holding_min_s":7200.0,"winner_holding_max":"0d 02:00","winner_holding_max_s":7200.0,"winner_holding_avg":"0d 02:00","winner_holding_avg_s":7200.0,"loser_holding_min":"0d 01:00","loser_holding_min_s":3600.0,"loser_holding_max":"0d 07:00","loser_holding_max_s":25200.0,"loser_holding_avg":"0d 04:00","loser_holding_avg_s":14400.0,"max_consecutive_wins":1,"max_consecutive_losses":2,"max_drawdown_account":0.02151090108847904,"max_relative_drawdown":0.02151090108847904,"max_drawdown_abs":21.54130689,"drawdown_start":"2025-10-06 11:00:00","drawdown_start_ts":1759748400000.0,"drawdown_end":"2025-12-17 16:00:00","drawdown_end_ts":1765987200000.0,"drawdown_duration":"72 days 05:00:00","drawdown_duration_s":6238800.0,"max_drawdown_low":-20.12780025,"max_drawdown_high":1.41350664,"csum_min":979.87219975,"csum_max":1001.41350664}},"strategy_comparison":[{"key":"ACO_38_11","trades":8,"profit_mean":-0.006567324691961163,"profit_mean_pct":-0.66,"profit_total_abs":-17.54875224,"profit_total":-0.01754875224,"profit_total_pct":-1.75,"duration_avg":"2:30:00","wins":4,"draws":2,"losses":2,"winrate":0.5,"cagr":-0.06444958197805373,"expectancy":-2.1935940300000003,"expectancy_ratio":-0.37813728727540186,"sortino":-85.2728750776397,"sharpe":-0.3807619311780918,"calmar":-16.068019019985073,"sqn":-0.6393,"profit_factor":0.48745085089839246,"max_drawdown_account":0.02151090108847904,"max_drawdown_abs":"21.541"}]}