{"strategy":{"ACO_36_11":{"trades":[{"pair":"DOGE/USDT","stake_amount":329.99548,"max_stake_amount":329.99548,"amount":1678.0,"open_date":"2025-10-11 05:00:00+00:00","close_date":"2025-10-11 09:00:00+00:00","open_rate":0.19666,"close_rate":0.1970537137137137,"fee_open":0.001,"fee_close":0.001,"trade_duration":240,"profit_ratio":0.0,"profit_abs":0.0,"exit_reason":"roi","initial_stop_loss_abs":0.18683,"initial_stop_loss_ratio":-0.05,"stop_loss_abs":0.18683,"stop_loss_ratio":-0.05,"min_rate":0.1881,"max_rate":0.19776,"is_open":false,"enter_tag":"","leverage":1.0,"is_short":false,"open_timestamp":1760158800000,"close_timestamp":1760173200000,"orders":[{"amount":1678.0,"safe_price":0.19666,"ft_order_side":"buy","order_filled_timestamp":1760158800000,"ft_is_entry":true,"ft_order_tag":"","cost":330.32547547999997},{"amount":1678.0,"safe_price":0.1970537137137137,"ft_order_side":"sell","order_filled_timestamp":1760173200000,"ft_is_entry":false,"ft_order_tag":"roi","cost":330.98678774322315}],"funding_fees":0.0,"weekday":5},{"pair":"DOGE/USDT","stake_amount":329.9865,"max_stake_amount":329.9865,"amount":1790.0,"open_date":"2025-10-11 22:00:00+00:00","close_date":"2025-10-12 00:00:00+00:00","open_rate":0.18435,"close_rate":0.18527,"fee_open":0.001,"fee_close":0.001,"trade_duration":120,"profit_ratio":0.0029825341460817455,"profit_abs":0.9851802,"exit_reason":"roi","initial_stop_loss_abs":0.17514,"initial_stop_loss_ratio":-0.05,"stop_loss_abs":0.17514,"stop_loss_ratio":-0.05,"min_rate":0.18189,"max_rate":0.18622,"is_open":false,"enter_tag":"","leverage":1.0,"is_short":false,"open_timestamp":1760220000000,"close_timestamp":1760227200000,"orders":[{"amount":1790.0,"safe_price":0.18435,"ft_order_side":"buy","order_filled_timestamp":1760220000000,"ft_is_entry":true,"ft_order_tag":"","cost":330.3164865},{"amount":1790.0,"safe_price":0.18527,"ft_order_side":"sell","order_filled_timestamp":1760227200000,"ft_is_entry":false,"ft_order_tag":"roi","cost":331.9649332999999}],"funding_fees":0.0,"weekday":6},{"pair":"DOGE/USDT","stake_amount":330.15624,"max_stake_amount":330.15624,"amount":1576.0,"open_date":"2025-10-13 05:00:00+00:00","close_date":"2025-10-13 07:00:00+00:00","open_rate":0.20949,"close_rate":0.21035,"fee_open":0.001,"fee_close":0.001,"trade_duration":120,"profit_ratio":0.002099003674257863,"profit_abs":0.69369216,"exit_reason":"roi","initial_stop_loss_abs":0.19902,"initial_stop_loss_ratio":-0.05,"stop_loss_abs":0.19902,"stop_loss_ratio":-0.05,"min_rate":0.20634,"max_rate":0.21279,"is_open":false,"enter_tag":"","leverage":1.0,"is_short":false,"open_timestamp":1760331600000,"close_timestamp":1760338800000,"orders":[{"amount":1576.0,"safe_price":0.20949,"ft_order_side":"buy","order_filled_timestamp":1760331600000,"ft_is_entry":true,"ft_order_tag":"","cost":330.48639624},{"amount":1576.0,"safe_price":0.21035,"ft_order_side":"sell","order_filled_timestamp":1760338800000,"ft_is_entry":false,"ft_order_tag":"roi","cost":331.84311159999993}],"funding_fees":0.0,"weekday":0},{"pair":"DOGE/USDT","stake_amount":330.37936,"max_stake_amount":330.37936,"amount":1564.0,"open_date":"2025-10-13 14:00:00+00:00","close_date":"2025-10-13 16:00:00+00:00","open_rate":0.21124,"close_rate":0.21166290290290288,"fee_open":0.001,"fee_close":0.001,"trade_duration":120,"profit_ratio":0.0,"profit_abs":0.0,"exit_reason":"roi","initial_stop_loss_abs":0.20068,"initial_stop_loss_ratio":-0.05,"stop_loss_abs":0.20068,"stop_loss_ratio":-0.05,"min_rate":0.20517,"max_rate":0.21192,"is_open":false,"enter_tag":"","leverage":1.0,"is_short":false,"open_timestamp":1760364000000,"close_timestamp":1760371200000,"orders":[{"amount":1564.0,"safe_price":0.21124,"ft_order_side":"buy","order_filled_timestamp":1760364000000,"ft_is_entry":true,"ft_order_tag":"","cost":330.70973935999996},{"amount":1564.0,"safe_price":0.21166290290290288,"ft_order_side":"sell","order_filled_timestamp":1760371200000,"ft_is_entry":false,"ft_order_tag":"roi","cost":331.3718209202802}],"funding_fees":0.0,"weekday":0},{"pair":"DOGE/USDT","stake_amount":330.53952,"max_stake_amount":330.53952,"amount":1544.0,"open_date":"2025-10-13 18:00:00+00:00","close_date":"2025-10-13 20:00:00+00:00","open_rate":0.21408,"close_rate":0.216,"fee_open":0.001,"fee_close":0.001,"trade_duration":120,"profit_ratio":0.006952688567038344,"profit_abs":2.30043648,"exit_reason":"roi","initial_stop_loss_abs":0.20338,"initial_stop_loss_ratio":-0.05,"stop_loss_abs":0.20338,"stop_loss_ratio":-0.05,"min_rate":0.21234,"max_rate":0.21823,"is_open":false,"enter_tag":"","leverage":1.0,"is_short":false,"open_timestamp":1760378400000,"close_timestamp":1760385600000,"orders":[{"amount":1544.0,"safe_price":0.21408,"ft_order_side":"buy","order_filled_timestamp":1760378400000,"ft_is_entry":true,"ft_order_tag":"","cost":330.8700595199999},{"amount":1544.0,"safe_price":0.216,"ft_order_side":"sell","order_filled_timestamp":1760385600000,"ft_is_entry":false,"ft_order_tag":"roi","cost":333.83750399999997}],"funding_fees":0.0,"weekday":0},{"pair":"DOGE/USDT","stake_amount":331.298,"max_stake_amount":331.298,"amount":1628.0,"open_date":"2025-10-14 16:00:00+00:00","close_date":"2025-10-14 18:00:00+00:00","open_rate":0.2035,"close_rate":0.20390740740740737,"fee_open":0.001,"fee_close":0.001,"trade_duration":120,"profit_ratio":0.0,"profit_abs":0.0,"exit_reason":"roi","initial_stop_loss_abs":0.19333,"initial_stop_loss_ratio":-0.05,"stop_loss_abs":0.19333,"stop_loss_ratio":-0.05,"min_rate":0.19991,"max_rate":0.2071,"is_open":false,"enter_tag":"","leverage":1.0,"is_short":false,"open_timestamp":1760457600000,"close_timestamp":1760464800000,"orders":[{"amount":1628.0,"safe_price":0.2035,"ft_order_side":"buy","order_filled_timestamp":1760457600000,"ft_is_entry":true,"ft_order_tag":"","cost":331.62929799999995},{"amount":1628.0,"safe_price":0.20390740740740737,"ft_order_side":"sell","order_filled_timestamp":1760464800000,"ft_is_entry":false,"ft_order_tag":"roi","cost":332.2932205185184}],"funding_fees":0.0,"weekday":1},{"pair":"DOGE/USDT","stake_amount":331.27136,"max_stake_amount":331.27136,"amount":1813.0,"open_date":"2025-10-17 12:00:00+00:00","close_date":"2025-10-17 14:00:00+00:00","open_rate":0.18272,"close_rate":0.1833,"fee_open":0.001,"fee_close":0.001,"trade_duration":120,"profit_ratio":0.0011699115245525054,"profit_abs":0.38794574,"exit_reason":"roi","initial_stop_loss_abs":0.17359,"initial_stop_loss_ratio":-0.05,"stop_loss_abs":0.17359,"stop_loss_ratio":-0.05,"min_rate":0.17968,"max_rate":0.18463,"is_open":false,"enter_tag":"","leverage":1.0,"is_short":false,"open_timestamp":1760702400000,"close_timestamp":1760709600000,"orders":[{"amount":1813.0,"safe_price":0.18272,"ft_order_side":"buy","order_filled_timestamp":1760702400000,"ft_is_entry":true,"ft_order_tag":"","cost":331.60263136},{"amount":1813.0,"safe_price":0.1833,"ft_order_side":"sell","order_filled_timestamp":1760709600000,"ft_is_entry":false,"ft_order_tag":"roi","cost":332.65522289999996}],"funding_fees":0.0,"weekday":4},{"pair":"DOGE/USDT","stake_amount":331.303,"max_stake_amount":331.303,"amount":2014.0,"open_date":"2025-11-04 09:00:00+00:00","close_date":"2025-11-04 11:00:00+00:00","open_rate":0.1645,"close_rate":0.16536,"fee_open":0.001,"fee_close":0.001,"trade_duration":120,"profit_ratio":0.0032195160462637666,"profit_abs":1.06770196,"exit_reason":"roi","initial_stop_loss_abs":0.15628,"initial_stop_loss_ratio":-0.05,"stop_loss_abs":0.15628,"stop_loss_ratio":-0.05,"min_rate":0.16364,"max_rate":0.16702,"is_open":false,"enter_tag":"","leverage":1.0,"is_short":false,"open_timestamp":1762246800000,"close_timestamp":1762254000000,"orders":[{"amount":2014.0,"safe_price":0.1645,"ft_order_side":"buy","order_filled_timestamp":1762246800000,"ft_is_entry":true,"ft_order_tag":"","cost":331.634303},{"amount":2014.0,"safe_price":0.16536,"ft_order_side":"sell","order_filled_timestamp":1762254000000,"ft_is_entry":false,"ft_order_tag":"roi","cost":333.36807504}],"funding_fees":0.0,"weekday":1},{"pair":"DOGE/USDT","stake_amount":331.68991,"max_stake_amount":331.68991,"amount":1987.0,"open_date":"2025-11-04 15:00:00+00:00","close_date":"2025-11-04 17:00:00+00:00","open_rate":0.16693,"close_rate":0.15859,"fee_open":0.001,"fee_close":0.001,"trade_duration":120,"profit_ratio":-0.05185924122005114,"profit_abs":-17.21838824,"exit_reason":"stop_loss","initial_stop_loss_abs":0.15859,"initial_stop_loss_ratio":-0.05,"stop_loss_abs":0.15859,"stop_loss_ratio":-0.05,"min_rate":0.1562,"max_rate":0.16853,"is_open":false,"enter_tag":"","leverage":1.0,"is_short":false,"open_timestamp":1762268400000,"close_timestamp":1762275600000,"orders":[{"amount":1987.0,"safe_price":0.16693,"ft_order_side":"buy","order_filled_timestamp":1762268400000,"ft_is_entry":true,"ft_order_tag":"","cost":332.02159990999996},{"amount":1987.0,"safe_price":0.15859,"ft_order_side":"sell","order_filled_timestamp":1762275600000,"ft_is_entry":false,"ft_order_tag":"stop_loss","cost":315.43344833}],"funding_fees":0.0,"weekday":1},{"pair":"DOGE/USDT","stake_amount":325.9959,"max_stake_amount":325.9959,"amount":2049.0,"open_date":"2025-11-04 22:00:00+00:00","close_date":"2025-11-05 00:00:00+00:00","open_rate":0.1591,"close_rate":0.16224,"fee_open":0.001,"fee_close":0.001,"trade_duration":120,"profit_ratio":0.017698580489278165,"profit_abs":5.77543434,"exit_reason":"roi","initial_stop_loss_abs":0.15115,"initial_stop_loss_ratio":-0.05,"stop_loss_abs":0.15115,"stop_loss_ratio":-0.05,"min_rate":0.15835,"max_rate":0.16436,"is_open":false,"enter_tag":"","leverage":1.0,"is_short":false,"open_timestamp":1762293600000,"close_timestamp":1762300800000,"orders":[{"amount":2049.0,"safe_price":0.1591,"ft_order_side":"buy","order_filled_timestamp":1762293600000,"ft_is_entry":true,"ft_order_tag":"","cost":326.32189589999996},{"amount":2049.0,"safe_price":0.16224,"ft_order_side":"sell","order_filled_timestamp":1762300800000,"ft_is_entry":false,"ft_order_tag":"roi","cost":332.76218975999996}],"funding_fees":0.0,"weekday":2},{"pair":"DOGE/USDT","stake_amount":327.92388,"max_stake_amount":327.92388,"amount":2001.0,"open_date":"2025-11-05 12:00:00+00:00","close_date":"2025-11-05 14:00:00+00:00","open_rate":0.16388,"close_rate":0.16553,"fee_open":0.001,"fee_close":0.001,"trade_duration":120,"profit_ratio":0.00805022412296027,"profit_abs":2.64250059,"exit_reason":"roi","initial_stop_loss_abs":0.15569,"initial_stop_loss_ratio":-0.05,"stop_loss_abs":0.15569,"stop_loss_ratio":-0.05,"min_rate":0.163,"max_rate":0.16709,"is_open":false,"enter_tag":"","leverage":1.0,"is_short":false,"open_timestamp":1762344000000,"close_timestamp":1762351200000,"orders":[{"amount":2001.0,"safe_price":0.16388,"ft_order_side":"buy","order_filled_timestamp":1762344000000,"ft_is_entry":true,"ft_order_tag":"","cost":328.25180387999995},{"amount":2001.0,"safe_price":0.16553,"ft_order_side":"sell","order_filled_timestamp":1762351200000,"ft_is_entry":false,"ft_order_tag":"roi","cost":331.55675553000003}],"funding_fees":0.0,"weekday":2},{"pair":"DOGE/USDT","stake_amount":328.74689,"max_stake_amount":328.74689,"amount":2053.0,"open_date":"2025-11-15 01:00:00+00:00","close_date":"2025-11-15 03:00:00+00:00","open_rate":0.16013,"close_rate":0.1624,"fee_open":0.001,"fee_close":0.001,"trade_duration":120,"profit_ratio":0.012149656376222291,"profit_abs":3.99815591,"exit_reason":"roi","initial_stop_loss_abs":0.15213,"initial_stop_loss_ratio":-0.05,"stop_loss_abs":0.15213,"stop_loss_ratio":-0.05,"min_rate":0.15942,"max_rate":0.16307,"is_open":false,"enter_tag":"","leverage":1.0,"is_short":false,"open_timestamp":1763168400000,"close_timestamp":1763175600000,"orders":[{"amount":2053.0,"safe_price":0.16013,"ft_order_side":"buy","order_filled_timestamp":1763168400000,"ft_is_entry":true,"ft_order_tag":"","cost":329.07563689},{"amount":2053.0,"safe_price":0.1624,"ft_order_side":"sell","order_filled_timestamp":1763175600000,"ft_is_entry":false,"ft_order_tag":"roi","cost":333.74060719999994}],"funding_fees":0.0,"weekday":5},{"pair":"DOGE/USDT","stake_amount":330.09916,"max_stake_amount":330.09916,"amount":2356.0,"open_date":"2025-11-21 14:00:00+00:00","close_date":"2025-11-21 16:00:00+00:00","open_rate":0.14011,"close_rate":0.14039050050050048,"fee_open":0.001,"fee_close":0.001,"trade_duration":120,"profit_ratio":0.0,"profit_abs":0.0,"exit_reason":"roi","initial_stop_loss_abs":0.13311,"initial_stop_loss_ratio":-0.05,"stop_loss_abs":0.13311,"stop_loss_ratio":-0.05,"min_rate":0.13575,"max_rate":0.14209,"is_open":false,"enter_tag":"","leverage":1.0,"is_short":false,"open_timestamp":1763733600000,"close_timestamp":1763740800000,"orders":[{"amount":2356.0,"safe_price":0.14011,"ft_order_side":"buy","order_filled_timestamp":1763733600000,"ft_is_entry":true,"ft_order_tag":"","cost":330.42925916},{"amount":2356.0,"safe_price":0.14039050050050048,"ft_order_side":"sell","order_filled_timestamp":1763740800000,"ft_is_entry":false,"ft_order_tag":"roi","cost":331.09077919835823}],"funding_fees":0.0,"weekday":4},{"pair":"DOGE/USDT","stake_amount":330.1443,"max_stake_amount":330.1443,"amount":2334.0,"open_date":"2025-11-21 17:00:00+00:00","close_date":"2025-11-22 22:00:00+00:00","open_rate":0.14145,"close_rate":0.14173318318318318,"fee_open":0.001,"fee_close":0.001,"trade_duration":1740,"profit_ratio":0.0,"profit_abs":0.0,"exit_reason":"roi","initial_stop_loss_abs":0.13438,"initial_stop_loss_ratio":-0.05,"stop_loss_abs":0.13438,"stop_loss_ratio":-0.05,"min_rate":0.13549,"max_rate":0.1435,"is_open":false,"enter_tag":"","leverage":1.0,"is_short":false,"open_timestamp":1763744400000,"close_timestamp":1763848800000,"orders":[{"amount":2334.0,"safe_price":0.14145,"ft_order_side":"buy","order_filled_timestamp":1763744400000,"ft_is_entry":true,"ft_order_tag":"","cost":330.47444429999996},{"amount":2334.0,"safe_price":0.14173318318318318,"ft_order_side":"sell","order_filled_timestamp":1763848800000,"ft_is_entry":false,"ft_order_tag":"roi","cost":331.13605479909904}],"funding_fees":0.0,"weekday":5}],"locks":[],"best_pair":{"key":"DOGE/USDT","trades":14,"profit_mean":0.00017591955190027222,"profit_mean_pct":0.02,"profit_total_abs":0.6326591400000008,"profit_total":0.0006326591400000008,"profit_total_pct":0.06,"duration_avg":"4:04:00","wins":8,"draws":5,"losses":1,"winrate":0.5714285714285714,"cagr":0.0023827059973582365,"expectancy":0.0451899385714285,"expectancy_ratio":-0.35451834096041634,"sortino":-100,"sharpe":0.024545611648373006,"calmar":0.7276222469376415,"sqn":0.0321,"profit_factor":1.0367432265541714,"max_drawdown_account":0.017125312908607897,"max_drawdown_abs":17.21838824},"worst_pair":{"key":"DOGE/USDT","trades":14,"profit_mean":0.00017591955190027222,"profit_mean_pct":0.02,"profit_total_abs":0.6326591400000008,"profit_total":0.0006326591400000008,"profit_total_pct":0.06,"duration_avg":"4:04:00","wins":8,"draws":5,"losses":1,"winrate":0.5714285714285714,"cagr":0.0023827059973582365,"expectancy":0.0451899385714285,"expectancy_ratio":-0.35451834096041634,"sortino":-100,"sharpe":0.024545611648373006,"calmar":0.7276222469376415,"sqn":0.0321,"profit_factor":1.0367432265541714,"max_drawdown_account":0.017125312908607897,"max_drawdown_abs":17.21838824},"results_per_pair":[{"key":"DOGE/USDT","trades":14,"profit_mean":0.00017591955190027222,"profit_mean_pct":0.02,"profit_total_abs":0.6326591400000008,"profit_total":0.0006326591400000008,"profit_total_pct":0.06,"duration_avg":"4:04:00","wins":8,"draws":5,"losses":1,"winrate":0.5714285714285714,"cagr":0.0023827059973582365,"expectancy":0.0451899385714285,"expectancy_ratio":-0.35451834096041634,"sortino":-100,"sharpe":0.024545611648373006,"calmar":0.7276222469376415,"sqn":0.0321,"profit_factor":1.0367432265541714,"max_drawdown_account":0.017125312908607897,"max_drawdown_abs":17.21838824},{"key":"TOTAL","trades":14,"profit_mean":0.00017591955190027222,"profit_mean_pct":0.02,"profit_total_abs":0.6326591400000008,"profit_total":0.0006326591400000008,"profit_total_pct":0.06,"duration_avg":"4:04:00","wins":8,"draws":5,"losses":1,"winrate":0.5714285714285714,"cagr":0.0023827059973582365,"expectancy":0.0451899385714285,"expectancy_ratio":-0.35451834096041634,"sortino":-100,"sharpe":0.024545611648373006,"calmar":0.7276222469376415,"sqn":0.0321,"profit_factor":1.0367432265541714,"max_drawdown_account":0.017125312908607897,"max_drawdown_abs":17.21838824}],"results_per_enter_tag":[{"key":"","trades":14,"profit_mean":0.00017591955190027222,"profit_mean_pct":0.02,"profit_total_abs":0.6326591400000008,"profit_total":0.0006326591400000008,"profit_total_pct":0.06,"duration_avg":"4:04:00","wins":8,"draws":5,"losses":1,"winrate":0.5714285714285714,"cagr":0.0023827059973582365,"expectancy":0.0451899385714285,"expectancy_ratio":-0.35451834096041634,"sortino":-100,"sharpe":0.024545611648373006,"calmar":0.7276222469376415,"sqn":0.0321,"profit_factor":1.0367432265541714,"max_drawdown_account":0.017125312908607897,"max_drawdown_abs":17.21838824},{"key":"TOTAL","trades":14,"profit_mean":0.00017591955190027222,"profit_mean_pct":0.02,"profit_total_abs":0.6326591400000008,"profit_total":0.0006326591400000008,"profit_total_pct":0.06,"duration_avg":"4:04:00","wins":8,"draws":5,"losses":1,"winrate":0.5714285714285714,"cagr":0.0023827059973582365,"expectancy":0.0451899385714285,"expectancy_ratio":-0.35451834096041634,"sortino":-100,"sharpe":0.024545611648373006,"calmar":0.7276222469376415,"sqn":0.0321,"profit_factor":1.0367432265541714,"max_drawdown_account":0.017125312908607897,"max_drawdown_abs":17.21838824}],"exit_reason_summary":[{"key":"roi","trades":13,"profit_mean":0.004178624226665766,"profit_mean_pct":0.42,"profit_total_abs":17.85104738,"profit_total":0.017851047380000002,"profit_total_pct":1.79,"duration_avg":"4:14:00","wins":8,"draws":5,"losses":0,"winrate":0.6153846153846154,"cagr":0.06884536446418266,"expectancy":1.373157490769231,"expectancy_ratio":100.0,"sortino":-100,"sharpe":2.0082575495854935,"calmar":-100,"sqn":2.717,"profit_factor":0.0,"max_drawdown_account":0.0,"max_drawdown_abs":0.0},{"key":"stop_loss","trades":1,"profit_mean":-0.05185924122005114,"profit_mean_pct":-5.19,"profit_total_abs":-17.21838824,"profit_total":-0.01721838824,"profit_total_pct":-1.72,"duration_avg":"2:00:00","wins":0,"draws":0,"losses":1,"winrate":0.0,"cagr":-0.06326525459466081,"expectancy":-17.21838824,"expectancy_ratio":-1.0,"sortino":-100,"sharpe":-100,"calmar":-19.69584863354931,"sqn":-100.0,"profit_factor":0.0,"max_drawdown_account":0.01721838823999997,"max_drawdown_abs":17.21838824},{"key":"TOTAL","trades":14,"profit_mean":0.00017591955190027222,"profit_mean_pct":0.02,"profit_total_abs":0.6326591400000008,"profit_total":0.0006326591400000008,"profit_total_pct":0.06,"duration_avg":"4:04:00","wins":8,"draws":5,"losses":1,"winrate":0.5714285714285714,"cagr":0.0023827059973582365,"expectancy":0.0451899385714285,"expectancy_ratio":-0.35451834096041634,"sortino":-100,"sharpe":0.024545611648373006,"calmar":0.7276222469376415,"sqn":0.0321,"profit_factor":1.0367432265541714,"max_drawdown_account":0.017125312908607897,"max_drawdown_abs":17.21838824}],"mix_tag_stats":[{"key":["","roi"],"trades":13,"profit_mean":0.004178624226665766,"profit_mean_pct":0.42,"profit_total_abs":17.85104738,"profit_total":0.017851047380000002,"profit_total_pct":1.79,"duration_avg":"4:14:00","wins":8,"draws":5,"losses":0,"winrate":0.6153846153846154,"cagr":0.06884536446418266,"expectancy":1.373157490769231,"expectancy_ratio":100.0,"sortino":-100,"sharpe":2.0082575495854935,"calmar":-100,"sqn":2.717,"profit_factor":0.0,"max_drawdown_account":0.0,"max_drawdown_abs":0.0},{"key":["","stop_loss"],"trades":1,"profit_mean":-0.05185924122005114,"profit_mean_pct":-5.19,"profit_total_abs":-17.21838824,"profit_total":-0.01721838824,"profit_total_pct":-1.72,"duration_avg":"2:00:00","wins":0,"draws":0,"losses":1,"winrate":0.0,"cagr":-0.06326525459466081,"expectancy":-17.21838824,"expectancy_ratio":-1.0,"sortino":-100,"sharpe":-100,"calmar":-19.69584863354931,"sqn":-100.0,"profit_factor":0.0,"max_drawdown_account":0.01721838823999997,"max_drawdown_abs":17.21838824},{"key":"TOTAL","trades":14,"profit_mean":0.00017591955190027222,"profit_mean_pct":0.02,"profit_total_abs":0.6326591400000008,"profit_total":0.0006326591400000008,"profit_total_pct":0.06,"duration_avg":"4:04:00","wins":8,"draws":5,"losses":1,"winrate":0.5714285714285714,"cagr":0.0023827059973582365,"expectancy":0.0451899385714285,"expectancy_ratio":-0.35451834096041634,"sortino":-100,"sharpe":0.024545611648373006,"calmar":0.7276222469376415,"sqn":0.0321,"profit_factor":1.0367432265541714,"max_drawdown_account":0.017125312908607897,"max_drawdown_abs":17.21838824}],"left_open_trades":[{"key":"TOTAL","trades":0,"profit_mean":0.0,"profit_mean_pct":0.0,"profit_total_abs":0.0,"profit_total":0.0,"profit_total_pct":0.0,"duration_avg":"0:00","wins":0,"draws":0,"losses":0,"winrate":0.0,"cagr":0.0,"expectancy":0.0,"expectancy_ratio":100.0,"sortino":0,"sharpe":0,"calmar":0,"sqn":0.0,"profit_factor":0.0,"max_drawdown_account":0.0,"max_drawdown_abs":0.0}],"total_trades":14,"trade_count_long":14,"trade_count_short":0,"total_volume":9258.18954033948,"avg_stake_amount":329.9663928571428,"profit_mean":0.00017591955190027222,"profit_median":0.001634457599405184,"profit_total":0.0006326591400000008,"profit_total_long":0.0006326591400000008,"profit_total_short":0.0,"profit_total_abs":0.6326591400000008,"profit_total_long_abs":0.6326591400000008,"profit_total_short_abs":0.0,"cagr":0.0023827059973582365,"expectancy":0.0451899385714285,"expectancy_ratio":-0.35451834096041634,"sortino":-100,"sharpe":0.024545611648373006,"calmar":0.7276222469376415,"sqn":0.0321,"profit_factor":1.0367432265541714,"backtest_start":"2025-10-01 00:00:00","backtest_start_ts":1759276800000,"backtest_end":"2026-01-06 20:00:00","backtest_end_ts":1767729600000,"backtest_days":97,"backtest_run_start_ts":1767749510,"backtest_run_end_ts":1767749511,"trades_per_day":0.14,"market_change":-0.36632086436227446,"pairlist":["DOGE/USDT"],"stake_amount":"unlimited","stake_currency":"USDT","stake_currency_decimals":3,"starting_balance":1000,"dry_run_wallet":1000,"final_balance":1000.63265914,"rejected_signals":0,"timedout_entry_orders":0,"timedout_exit_orders":0,"canceled_trade_entries":0,"canceled_entry_orders":0,"replaced_entry_orders":0,"max_open_trades":1,"max_open_trades_setting":3,"timeframe":"1h","timeframe_detail":"","timerange":"20251001-","enable_protections":false,"strategy_name":"ACO_36_11","freqaimodel":null,"freqai_identifier":null,"stoploss":-0.05,"trailing_stop":false,"trailing_stop_positive":null,"trailing_stop_positive_offset":0.0,"trailing_only_offset_is_reached":false,"use_custom_stoploss":false,"minimal_roi":{"0":0.1,"60":0.05,"120":0.0},"use_exit_signal":true,"exit_profit_only":false,"exit_profit_offset":0.0,"ignore_roi_if_entry_signal":false,"trading_mode":"spot","margin_mode":"","periodic_breakdown":{"day":[{"date":"11/10/2025","date_ts":1760140800000,"profit_abs":0.0,"wins":0,"draws":1,"losses":0,"trades":1,"profit_factor":0.0},{"date":"12/10/2025","date_ts":1760227200000,"profit_abs":0.9851802,"wins":1,"draws":0,"losses":0,"trades":1,"profit_factor":0.0},{"date":"13/10/2025","date_ts":1760313600000,"profit_abs":2.99412864,"wins":2,"draws":1,"losses":0,"trades":3,"profit_factor":0.0},{"date":"14/10/2025","date_ts":1760400000000,"profit_abs":0.0,"wins":0,"draws":1,"losses":0,"trades":1,"profit_factor":0.0},{"date":"15/10/2025","date_ts":1760486400000,"profit_abs":0.0,"wins":0,"draws":0,"losses":0,"trades":0,"profit_factor":0.0},{"date":"16/10/2025","date_ts":1760572800000,"profit_abs":0.0,"wins":0,"draws":0,"losses":0,"trades":0,"profit_factor":0.0},{"date":"17/10/2025","date_ts":1760659200000,"profit_abs":0.38794574,"wins":1,"draws":0,"losses":0,"trades":1,"profit_factor":0.0},{"date":"18/10/2025","date_ts":1760745600000,"profit_abs":0.0,"wins":0,"draws":0,"losses":0,"trades":0,"profit_factor":0.0},{"date":"19/10/2025","date_ts":1760832000000,"profit_abs":0.0,"wins":0,"draws":0,"losses":0,"trades":0,"profit_factor":0.0},{"date":"20/10/2025","date_ts":1760918400000,"profit_abs":0.0,"wins":0,"draws":0,"losses":0,"trades":0,"profit_factor":0.0},{"date":"21/10/2025","date_ts":1761004800000,"profit_abs":0.0,"wins":0,"draws":0,"losses":0,"trades":0,"profit_factor":0.0},{"date":"22/10/2025","date_ts":1761091200000,"profit_abs":0.0,"wins":0,"draws":0,"losses":0,"trades":0,"profit_factor":0.0},{"date":"23/10/2025","date_ts":1761177600000,"profit_abs":0.0,"wins":0,"draws":0,"losses":0,"trades":0,"profit_factor":0.0},{"date":"24/10/2025","date_ts":1761264000000,"profit_abs":0.0,"wins":0,"draws":0,"losses":0,"trades":0,"profit_factor":0.0},{"date":"25/10/2025","date_ts":1761350400000,"profit_abs":0.0,"wins":0,"draws":0,"losses":0,"trades":0,"profit_factor":0.0},{"date":"26/10/2025","date_ts":1761436800000,"profit_abs":0.0,"wins":0,"draws":0,"losses":0,"trades":0,"profit_factor":0.0},{"date":"27/10/2025","date_ts":1761523200000,"profit_abs":0.0,"wins":0,"draws":0,"losses":0,"trades":0,"profit_factor":0.0},{"date":"28/10/2025","date_ts":1761609600000,"profit_abs":0.0,"wins":0,"draws":0,"losses":0,"trades":0,"profit_factor":0.0},{"date":"29/10/2025","date_ts":1761696000000,"profit_abs":0.0,"wins":0,"draws":0,"losses":0,"trades":0,"profit_factor":0.0},{"date":"30/10/2025","date_ts":1761782400000,"profit_abs":0.0,"wins":0,"draws":0,"losses":0,"trades":0,"profit_factor":0.0},{"date":"31/10/2025","date_ts":1761868800000,"profit_abs":0.0,"wins":0,"draws":0,"losses":0,"trades":0,"profit_factor":0.0},{"date":"01/11/2025","date_ts":1761955200000,"profit_abs":0.0,"wins":0,"draws":0,"losses":0,"trades":0,"profit_factor":0.0},{"date":"02/11/2025","date_ts":1762041600000,"profit_abs":0.0,"wins":0,"draws":0,"losses":0,"trades":0,"profit_factor":0.0},{"date":"03/11/2025","date_ts":1762128000000,"profit_abs":0.0,"wins":0,"draws":0,"losses":0,"trades":0,"profit_factor":0.0},{"date":"04/11/2025","date_ts":1762214400000,"profit_abs":-16.15068628,"wins":1,"draws":0,"losses":1,"trades":2,"profit_factor":0.0620094},{"date":"05/11/2025","date_ts":1762300800000,"profit_abs":8.41793493,"wins":2,"draws":0,"losses":0,"trades":2,"profit_factor":0.0},{"date":"06/11/2025","date_ts":1762387200000,"profit_abs":0.0,"wins":0,"draws":0,"losses":0,"trades":0,"profit_factor":0.0},{"date":"07/11/2025","date_ts":1762473600000,"profit_abs":0.0,"wins":0,"draws":0,"losses":0,"trades":0,"profit_factor":0.0},{"date":"08/11/2025","date_ts":1762560000000,"profit_abs":0.0,"wins":0,"draws":0,"losses":0,"trades":0,"profit_factor":0.0},{"date":"09/11/2025","date_ts":1762646400000,"profit_abs":0.0,"wins":0,"draws":0,"losses":0,"trades":0,"profit_factor":0.0},{"date":"10/11/2025","date_ts":1762732800000,"profit_abs":0.0,"wins":0,"draws":0,"losses":0,"trades":0,"profit_factor":0.0},{"date":"11/11/2025","date_ts":1762819200000,"profit_abs":0.0,"wins":0,"draws":0,"losses":0,"trades":0,"profit_factor":0.0},{"date":"12/11/2025","date_ts":1762905600000,"profit_abs":0.0,"wins":0,"draws":0,"losses":0,"trades":0,"profit_factor":0.0},{"date":"13/11/2025","date_ts":1762992000000,"profit_abs":0.0,"wins":0,"draws":0,"losses":0,"trades":0,"profit_factor":0.0},{"date":"14/11/2025","date_ts":1763078400000,"profit_abs":0.0,"wins":0,"draws":0,"losses":0,"trades":0,"profit_factor":0.0},{"date":"15/11/2025","date_ts":1763164800000,"profit_abs":3.99815591,"wins":1,"draws":0,"losses":0,"trades":1,"profit_factor":0.0},{"date":"16/11/2025","date_ts":1763251200000,"profit_abs":0.0,"wins":0,"draws":0,"losses":0,"trades":0,"profit_factor":0.0},{"date":"17/11/2025","date_ts":1763337600000,"profit_abs":0.0,"wins":0,"draws":0,"losses":0,"trades":0,"profit_factor":0.0},{"date":"18/11/2025","date_ts":1763424000000,"profit_abs":0.0,"wins":0,"draws":0,"losses":0,"trades":0,"profit_factor":0.0},{"date":"19/11/2025","date_ts":1763510400000,"profit_abs":0.0,"wins":0,"draws":0,"losses":0,"trades":0,"profit_factor":0.0},{"date":"20/11/2025","date_ts":1763596800000,"profit_abs":0.0,"wins":0,"draws":0,"losses":0,"trades":0,"profit_factor":0.0},{"date":"21/11/2025","date_ts":1763683200000,"profit_abs":0.0,"wins":0,"draws":1,"losses":0,"trades":1,"profit_factor":0.0},{"date":"22/11/2025","date_ts":1763769600000,"profit_abs":0.0,"wins":0,"draws":1,"losses":0,"trades":1,"profit_factor":0.0}],"week":[{"date":"13/10/2025","date_ts":1760313600000,"profit_abs":3.97930884,"wins":3,"draws":2,"losses":0,"trades":5,"profit_factor":0.0},{"date":"20/10/2025","date_ts":1760918400000,"profit_abs":0.38794574,"wins":1,"draws":1,"losses":0,"trades":2,"profit_factor":0.0},{"date":"27/10/2025","date_ts":1761523200000,"profit_abs":0.0,"wins":0,"draws":0,"losses":0,"trades":0,"profit_factor":0.0},{"date":"03/11/2025","date_ts":1762128000000,"profit_abs":0.0,"wins":0,"draws":0,"losses":0,"trades":0,"profit_factor":0.0},{"date":"10/11/2025","date_ts":1762732800000,"profit_abs":-7.73275135,"wins":3,"draws":0,"losses":1,"trades":4,"profit_factor":0.55090156},{"date":"17/11/2025","date_ts":1763337600000,"profit_abs":3.99815591,"wins":1,"draws":0,"losses":0,"trades":1,"profit_factor":0.0},{"date":"24/11/2025","date_ts":1763942400000,"profit_abs":0.0,"wins":0,"draws":2,"losses":0,"trades":2,"profit_factor":0.0}],"month":[{"date":"31/10/2025","date_ts":1761868800000,"profit_abs":4.36725458,"wins":4,"draws":3,"losses":0,"trades":7,"profit_factor":0.0},{"date":"30/11/2025","date_ts":1764460800000,"profit_abs":-3.73459544,"wins":4,"draws":2,"losses":1,"trades":7,"profit_factor":0.78310424}],"year":[{"date":"31/12/2025","date_ts":1767139200000,"profit_abs":0.63265914,"wins":8,"draws":5,"losses":1,"trades":14,"profit_factor":1.03674323}],"weekday":[{"date":"Monday","date_ts":0,"profit_abs":2.99412864,"wins":2,"draws":1,"losses":0,"trades":3,"profit_factor":0.0},{"date":"Tuesday","date_ts":1,"profit_abs":-16.15068628,"wins":1,"draws":1,"losses":1,"trades":3,"profit_factor":0.0620094},{"date":"Wednesday","date_ts":2,"profit_abs":8.41793493,"wins":2,"draws":0,"losses":0,"trades":2,"profit_factor":0.0},{"date":"Friday","date_ts":4,"profit_abs":0.38794574,"wins":1,"draws":1,"losses":0,"trades":2,"profit_factor":0.0},{"date":"Saturday","date_ts":5,"profit_abs":3.99815591,"wins":1,"draws":2,"losses":0,"trades":3,"profit_factor":0.0},{"date":"Sunday","date_ts":6,"profit_abs":0.9851802,"wins":1,"draws":0,"losses":0,"trades":1,"profit_factor":0.0}]},"backtest_best_day":0.025748804612238434,"backtest_worst_day":-0.04863972517378737,"backtest_best_day_abs":8.41793493,"backtest_worst_day_abs":-16.15068628,"winning_days":5,"draw_days":37,"losing_days":1,"daily_profit":[["2025-10-11",0.0],["2025-10-12",0.9851802],["2025-10-13",2.99412864],["2025-10-14",0.0],["2025-10-15",0.0],["2025-10-16",0.0],["2025-10-17",0.38794574],["2025-10-18",0.0],["2025-10-19",0.0],["2025-10-20",0.0],["2025-10-21",0.0],["2025-10-22",0.0],["2025-10-23",0.0],["2025-10-24",0.0],["2025-10-25",0.0],["2025-10-26",0.0],["2025-10-27",0.0],["2025-10-28",0.0],["2025-10-29",0.0],["2025-10-30",0.0],["2025-10-31",0.0],["2025-11-01",0.0],["2025-11-02",0.0],["2025-11-03",0.0],["2025-11-04",-16.15068628],["2025-11-05",8.41793493],["2025-11-06",0.0],["2025-11-07",0.0],["2025-11-08",0.0],["2025-11-09",0.0],["2025-11-10",0.0],["2025-11-11",0.0],["2025-11-12",0.0],["2025-11-13",0.0],["2025-11-14",0.0],["2025-11-15",3.99815591],["2025-11-16",0.0],["2025-11-17",0.0],["2025-11-18",0.0],["2025-11-19",0.0],["2025-11-20",0.0],["2025-11-21",0.0],["2025-11-22",0.0]],"wins":8,"losses":1,"draws":5,"winrate":0.5714285714285714,"holding_avg":"4:04:00","holding_avg_s":14640.0,"winner_holding_min":"0d 02:00","winner_holding_min_s":7200.0,"winner_holding_max":"0d 02:00","winner_holding_max_s":7200.0,"winner_holding_avg":"0d 02:00","winner_holding_avg_s":7200.0,"loser_holding_min":"0d 02:00","loser_holding_min_s":7200.0,"loser_holding_max":"0d 02:00","loser_holding_max_s":7200.0,"loser_holding_avg":"0d 02:00","loser_holding_avg_s":7200.0,"max_consecutive_wins":3,"max_consecutive_losses":2,"max_drawdown_account":0.017125312908607897,"max_relative_drawdown":0.017125312908607897,"max_drawdown_abs":17.21838824,"drawdown_start":"2025-11-04 11:00:00","drawdown_start_ts":1762254000000.0,"drawdown_end":"2025-11-04 17:00:00","drawdown_end_ts":1762275600000.0,"drawdown_duration":"0 days 06:00:00","drawdown_duration_s":21600.0,"max_drawdown_low":-11.7834317,"max_drawdown_high":5.43495654,"csum_min":988.2165683,"csum_max":1005.43495654}},"strategy_comparison":[{"key":"ACO_36_11","trades":14,"profit_mean":0.00017591955190027222,"profit_mean_pct":0.02,"profit_total_abs":0.6326591400000008,"profit_total":0.0006326591400000008,"profit_total_pct":0.06,"duration_avg":"4:04:00","wins":8,"draws":5,"losses":1,"winrate":0.5714285714285714,"cagr":0.0023827059973582365,"expectancy":0.0451899385714285,"expectancy_ratio":-0.35451834096041634,"sortino":-100,"sharpe":0.024545611648373006,"calmar":0.7276222469376415,"sqn":0.0321,"profit_factor":1.0367432265541714,"max_drawdown_account":0.017125312908607897,"max_drawdown_abs":"17.218"}]}