{"strategy":{"ACO_93_8":{"trades":[{"pair":"DOGE/USDT","stake_amount":329.8357,"max_stake_amount":329.8357,"amount":1717.0,"open_date":"2025-10-11 07:00:00+00:00","close_date":"2025-10-11 09:00:00+00:00","open_rate":0.1921,"close_rate":0.19534,"fee_open":0.001,"fee_close":0.001,"trade_duration":120,"profit_ratio":0.01483451478245856,"profit_abs":4.89784552,"exit_reason":"roi","initial_stop_loss_abs":0.1825,"initial_stop_loss_ratio":-0.05,"stop_loss_abs":0.1825,"stop_loss_ratio":-0.05,"min_rate":0.1881,"max_rate":0.19776,"is_open":false,"enter_tag":"","leverage":1.0,"is_short":false,"open_timestamp":1760166000000,"close_timestamp":1760173200000,"orders":[{"amount":1717.0,"safe_price":0.1921,"ft_order_side":"buy","order_filled_timestamp":1760166000000,"ft_is_entry":true,"ft_order_tag":"","cost":330.16553569999996},{"amount":1717.0,"safe_price":0.19534,"ft_order_side":"sell","order_filled_timestamp":1760173200000,"ft_is_entry":false,"ft_order_tag":"roi","cost":335.73417878000004}],"funding_fees":0.0,"weekday":5},{"pair":"DOGE/USDT","stake_amount":331.57376,"max_stake_amount":331.57376,"amount":1792.0,"open_date":"2025-10-11 23:00:00+00:00","close_date":"2025-10-12 03:00:00+00:00","open_rate":0.18503,"close_rate":0.18540043043043042,"fee_open":0.001,"fee_close":0.001,"trade_duration":240,"profit_ratio":0.0,"profit_abs":0.0,"exit_reason":"roi","initial_stop_loss_abs":0.17578,"initial_stop_loss_ratio":-0.05,"stop_loss_abs":0.17578,"stop_loss_ratio":-0.05,"min_rate":0.18072,"max_rate":0.18675,"is_open":false,"enter_tag":"","leverage":1.0,"is_short":false,"open_timestamp":1760223600000,"close_timestamp":1760238000000,"orders":[{"amount":1792.0,"safe_price":0.18503,"ft_order_side":"buy","order_filled_timestamp":1760223600000,"ft_is_entry":true,"ft_order_tag":"","cost":331.90533375999996},{"amount":1792.0,"safe_price":0.18540043043043042,"ft_order_side":"sell","order_filled_timestamp":1760238000000,"ft_is_entry":false,"ft_order_tag":"roi","cost":332.5698089026626}],"funding_fees":0.0,"weekday":6},{"pair":"DOGE/USDT","stake_amount":331.5617,"max_stake_amount":331.5617,"amount":1790.0,"open_date":"2025-10-12 04:00:00+00:00","close_date":"2025-10-12 06:00:00+00:00","open_rate":0.18523,"close_rate":0.18862,"fee_open":0.001,"fee_close":0.001,"trade_duration":120,"profit_ratio":0.016267002446347045,"profit_abs":5.3989085,"exit_reason":"roi","initial_stop_loss_abs":0.17597,"initial_stop_loss_ratio":-0.05,"stop_loss_abs":0.17597,"stop_loss_ratio":-0.05,"min_rate":0.1848,"max_rate":0.19118,"is_open":false,"enter_tag":"","leverage":1.0,"is_short":false,"open_timestamp":1760241600000,"close_timestamp":1760248800000,"orders":[{"amount":1790.0,"safe_price":0.18523,"ft_order_side":"buy","order_filled_timestamp":1760241600000,"ft_is_entry":true,"ft_order_tag":"","cost":331.8932617},{"amount":1790.0,"safe_price":0.18862,"ft_order_side":"sell","order_filled_timestamp":1760248800000,"ft_is_entry":false,"ft_order_tag":"roi","cost":337.9674298}],"funding_fees":0.0,"weekday":6},{"pair":"DOGE/USDT","stake_amount":333.35904,"max_stake_amount":333.35904,"amount":1756.0,"open_date":"2025-10-12 13:00:00+00:00","close_date":"2025-10-12 14:00:00+00:00","open_rate":0.18984,"close_rate":0.19972156156156154,"fee_open":0.001,"fee_close":0.001,"trade_duration":60,"profit_ratio":0.04995004995004995,"profit_abs":16.667952,"exit_reason":"roi","initial_stop_loss_abs":0.18035,"initial_stop_loss_ratio":-0.05,"stop_loss_abs":0.18035,"stop_loss_ratio":-0.05,"min_rate":0.18624,"max_rate":0.19986,"is_open":false,"enter_tag":"","leverage":1.0,"is_short":false,"open_timestamp":1760274000000,"close_timestamp":1760277600000,"orders":[{"amount":1756.0,"safe_price":0.18984,"ft_order_side":"buy","order_filled_timestamp":1760274000000,"ft_is_entry":true,"ft_order_tag":"","cost":333.69239903999994},{"amount":1756.0,"safe_price":0.19972156156156154,"ft_order_side":"sell","order_filled_timestamp":1760277600000,"ft_is_entry":false,"ft_order_tag":"roi","cost":351.0617731642041}],"funding_fees":0.0,"weekday":6},{"pair":"DOGE/USDT","stake_amount":338.73378,"max_stake_amount":338.73378,"amount":1727.0,"open_date":"2025-10-12 15:00:00+00:00","close_date":"2025-10-12 16:00:00+00:00","open_rate":0.19614,"close_rate":0.2063494894894895,"fee_open":0.001,"fee_close":0.001,"trade_duration":60,"profit_ratio":0.04995004995004995,"profit_abs":16.936689,"exit_reason":"roi","initial_stop_loss_abs":0.18634,"initial_stop_loss_ratio":-0.05,"stop_loss_abs":0.18634,"stop_loss_ratio":-0.05,"min_rate":0.19562,"max_rate":0.2095,"is_open":false,"enter_tag":"","leverage":1.0,"is_short":false,"open_timestamp":1760281200000,"close_timestamp":1760284800000,"orders":[{"amount":1727.0,"safe_price":0.19614,"ft_order_side":"buy","order_filled_timestamp":1760281200000,"ft_is_entry":true,"ft_order_tag":"","cost":339.07251378},{"amount":1727.0,"safe_price":0.2063494894894895,"ft_order_side":"sell","order_filled_timestamp":1760284800000,"ft_is_entry":false,"ft_order_tag":"roi","cost":356.7219339166966}],"funding_fees":0.0,"weekday":6},{"pair":"DOGE/USDT","stake_amount":344.34785,"max_stake_amount":344.34785,"amount":1645.0,"open_date":"2025-10-13 02:00:00+00:00","close_date":"2025-10-13 04:00:00+00:00","open_rate":0.20933,"close_rate":0.20974907907907905,"fee_open":0.001,"fee_close":0.001,"trade_duration":120,"profit_ratio":0.0,"profit_abs":0.0,"exit_reason":"roi","initial_stop_loss_abs":0.19887,"initial_stop_loss_ratio":-0.05,"stop_loss_abs":0.19887,"stop_loss_ratio":-0.05,"min_rate":0.20642,"max_rate":0.20999,"is_open":false,"enter_tag":"","leverage":1.0,"is_short":false,"open_timestamp":1760320800000,"close_timestamp":1760328000000,"orders":[{"amount":1645.0,"safe_price":0.20933,"ft_order_side":"buy","order_filled_timestamp":1760320800000,"ft_is_entry":true,"ft_order_tag":"","cost":344.69219784999996},{"amount":1645.0,"safe_price":0.20974907907907905,"ft_order_side":"sell","order_filled_timestamp":1760328000000,"ft_is_entry":false,"ft_order_tag":"roi","cost":345.3822723201701}],"funding_fees":0.0,"weekday":0},{"pair":"DOGE/USDT","stake_amount":344.34295,"max_stake_amount":344.34295,"amount":1637.0,"open_date":"2025-10-13 07:00:00+00:00","close_date":"2025-10-13 09:00:00+00:00","open_rate":0.21035,"close_rate":0.2123,"fee_open":0.001,"fee_close":0.001,"trade_duration":120,"profit_ratio":0.0072537398422827465,"profit_abs":2.50027195,"exit_reason":"roi","initial_stop_loss_abs":0.19984,"initial_stop_loss_ratio":-0.05,"stop_loss_abs":0.19984,"stop_loss_ratio":-0.05,"min_rate":0.20902,"max_rate":0.21279,"is_open":false,"enter_tag":"","leverage":1.0,"is_short":false,"open_timestamp":1760338800000,"close_timestamp":1760346000000,"orders":[{"amount":1637.0,"safe_price":0.21035,"ft_order_side":"buy","order_filled_timestamp":1760338800000,"ft_is_entry":true,"ft_order_tag":"","cost":344.68729294999997},{"amount":1637.0,"safe_price":0.2123,"ft_order_side":"sell","order_filled_timestamp":1760346000000,"ft_is_entry":false,"ft_order_tag":"roi","cost":347.88263509999996}],"funding_fees":0.0,"weekday":0},{"pair":"DOGE/USDT","stake_amount":345.2904,"max_stake_amount":345.2904,"amount":1638.0,"open_date":"2025-10-13 17:00:00+00:00","close_date":"2025-10-13 19:00:00+00:00","open_rate":0.2108,"close_rate":0.21418,"fee_open":0.001,"fee_close":0.001,"trade_duration":120,"profit_ratio":0.014004117324800438,"profit_abs":4.84032276,"exit_reason":"roi","initial_stop_loss_abs":0.20026,"initial_stop_loss_ratio":-0.05,"stop_loss_abs":0.20026,"stop_loss_ratio":-0.05,"min_rate":0.21016,"max_rate":0.21714,"is_open":false,"enter_tag":"","leverage":1.0,"is_short":false,"open_timestamp":1760374800000,"close_timestamp":1760382000000,"orders":[{"amount":1638.0,"safe_price":0.2108,"ft_order_side":"buy","order_filled_timestamp":1760374800000,"ft_is_entry":true,"ft_order_tag":"","cost":345.63569039999993},{"amount":1638.0,"safe_price":0.21418,"ft_order_side":"sell","order_filled_timestamp":1760382000000,"ft_is_entry":false,"ft_order_tag":"roi","cost":351.17766684}],"funding_fees":0.0,"weekday":0},{"pair":"DOGE/USDT","stake_amount":346.76985,"max_stake_amount":346.76985,"amount":1743.0,"open_date":"2025-10-14 15:00:00+00:00","close_date":"2025-10-14 17:00:00+00:00","open_rate":0.19895,"close_rate":0.20294,"fee_open":0.001,"fee_close":0.001,"trade_duration":120,"profit_ratio":0.01801721776589834,"profit_abs":6.25407573,"exit_reason":"roi","initial_stop_loss_abs":0.18901,"initial_stop_loss_ratio":-0.05,"stop_loss_abs":0.18901,"stop_loss_ratio":-0.05,"min_rate":0.19781,"max_rate":0.2071,"is_open":false,"enter_tag":"","leverage":1.0,"is_short":false,"open_timestamp":1760454000000,"close_timestamp":1760461200000,"orders":[{"amount":1743.0,"safe_price":0.19895,"ft_order_side":"buy","order_filled_timestamp":1760454000000,"ft_is_entry":true,"ft_order_tag":"","cost":347.11661984999995},{"amount":1743.0,"safe_price":0.20294,"ft_order_side":"sell","order_filled_timestamp":1760461200000,"ft_is_entry":false,"ft_order_tag":"roi","cost":354.07814441999994}],"funding_fees":0.0,"weekday":1},{"pair":"DOGE/USDT","stake_amount":348.8674,"max_stake_amount":348.8674,"amount":2110.0,"open_date":"2025-11-04 10:00:00+00:00","close_date":"2025-11-04 12:00:00+00:00","open_rate":0.16534,"close_rate":0.16613,"fee_open":0.001,"fee_close":0.001,"trade_duration":120,"profit_ratio":0.0027704846260549663,"profit_abs":0.9674983,"exit_reason":"roi","initial_stop_loss_abs":0.15708,"initial_stop_loss_ratio":-0.05,"stop_loss_abs":0.15708,"stop_loss_ratio":-0.05,"min_rate":0.16365,"max_rate":0.16702,"is_open":false,"enter_tag":"","leverage":1.0,"is_short":false,"open_timestamp":1762250400000,"close_timestamp":1762257600000,"orders":[{"amount":2110.0,"safe_price":0.16534,"ft_order_side":"buy","order_filled_timestamp":1762250400000,"ft_is_entry":true,"ft_order_tag":"","cost":349.21626739999994},{"amount":2110.0,"safe_price":0.16613,"ft_order_side":"sell","order_filled_timestamp":1762257600000,"ft_is_entry":false,"ft_order_tag":"roi","cost":350.8848342999999}],"funding_fees":0.0,"weekday":1},{"pair":"DOGE/USDT","stake_amount":349.24022,"max_stake_amount":349.24022,"amount":2198.0,"open_date":"2025-11-04 21:00:00+00:00","close_date":"2025-11-04 23:00:00+00:00","open_rate":0.15889,"close_rate":0.16344,"fee_open":0.001,"fee_close":0.001,"trade_duration":120,"profit_ratio":0.026580946273815555,"profit_abs":9.29241866,"exit_reason":"roi","initial_stop_loss_abs":0.15095,"initial_stop_loss_ratio":-0.05,"stop_loss_abs":0.15095,"stop_loss_ratio":-0.05,"min_rate":0.15159,"max_rate":0.16436,"is_open":false,"enter_tag":"","leverage":1.0,"is_short":false,"open_timestamp":1762290000000,"close_timestamp":1762297200000,"orders":[{"amount":2198.0,"safe_price":0.15889,"ft_order_side":"buy","order_filled_timestamp":1762290000000,"ft_is_entry":true,"ft_order_tag":"","cost":349.58946022},{"amount":2198.0,"safe_price":0.16344,"ft_order_side":"sell","order_filled_timestamp":1762297200000,"ft_is_entry":false,"ft_order_tag":"roi","cost":359.60036112}],"funding_fees":0.0,"weekday":1},{"pair":"DOGE/USDT","stake_amount":352.35915,"max_stake_amount":352.35915,"amount":2145.0,"open_date":"2025-11-05 13:00:00+00:00","close_date":"2025-11-05 15:00:00+00:00","open_rate":0.16427,"close_rate":0.16582,"fee_open":0.001,"fee_close":0.001,"trade_duration":120,"profit_ratio":0.007418830636703651,"profit_abs":2.61670695,"exit_reason":"roi","initial_stop_loss_abs":0.15606,"initial_stop_loss_ratio":-0.05,"stop_loss_abs":0.15606,"stop_loss_ratio":-0.05,"min_rate":0.16342,"max_rate":0.16736,"is_open":false,"enter_tag":"","leverage":1.0,"is_short":false,"open_timestamp":1762347600000,"close_timestamp":1762354800000,"orders":[{"amount":2145.0,"safe_price":0.16427,"ft_order_side":"buy","order_filled_timestamp":1762347600000,"ft_is_entry":true,"ft_order_tag":"","cost":352.71150915},{"amount":2145.0,"safe_price":0.16582,"ft_order_side":"sell","order_filled_timestamp":1762354800000,"ft_is_entry":false,"ft_order_tag":"roi","cost":356.03958389999997}],"funding_fees":0.0,"weekday":2},{"pair":"DOGE/USDT","stake_amount":353.21731,"max_stake_amount":353.21731,"amount":2521.0,"open_date":"2025-11-21 14:00:00+00:00","close_date":"2025-11-21 16:00:00+00:00","open_rate":0.14011,"close_rate":0.14039050050050048,"fee_open":0.001,"fee_close":0.001,"trade_duration":120,"profit_ratio":0.0,"profit_abs":0.0,"exit_reason":"roi","initial_stop_loss_abs":0.13311,"initial_stop_loss_ratio":-0.05,"stop_loss_abs":0.13311,"stop_loss_ratio":-0.05,"min_rate":0.13575,"max_rate":0.14209,"is_open":false,"enter_tag":"","leverage":1.0,"is_short":false,"open_timestamp":1763733600000,"close_timestamp":1763740800000,"orders":[{"amount":2521.0,"safe_price":0.14011,"ft_order_side":"buy","order_filled_timestamp":1763733600000,"ft_is_entry":true,"ft_order_tag":"","cost":353.57052731},{"amount":2521.0,"safe_price":0.14039050050050048,"ft_order_side":"sell","order_filled_timestamp":1763740800000,"ft_is_entry":false,"ft_order_tag":"roi","cost":354.2783762135234}],"funding_fees":0.0,"weekday":4},{"pair":"DOGE/USDT","stake_amount":353.18808,"max_stake_amount":353.18808,"amount":2556.0,"open_date":"2025-11-22 12:00:00+00:00","close_date":"2025-11-22 14:00:00+00:00","open_rate":0.13818,"close_rate":0.13845663663663663,"fee_open":0.001,"fee_close":0.001,"trade_duration":120,"profit_ratio":0.0,"profit_abs":0.0,"exit_reason":"roi","initial_stop_loss_abs":0.13128,"initial_stop_loss_ratio":-0.05,"stop_loss_abs":0.13128,"stop_loss_ratio":-0.05,"min_rate":0.13563,"max_rate":0.13943,"is_open":false,"enter_tag":"","leverage":1.0,"is_short":false,"open_timestamp":1763812800000,"close_timestamp":1763820000000,"orders":[{"amount":2556.0,"safe_price":0.13818,"ft_order_side":"buy","order_filled_timestamp":1763812800000,"ft_is_entry":true,"ft_order_tag":"","cost":353.54126807999995},{"amount":2556.0,"safe_price":0.13845663663663663,"ft_order_side":"sell","order_filled_timestamp":1763820000000,"ft_is_entry":false,"ft_order_tag":"roi","cost":354.24905840648637}],"funding_fees":0.0,"weekday":5},{"pair":"DOGE/USDT","stake_amount":353.14951,"max_stake_amount":353.14951,"amount":2539.0,"open_date":"2025-11-22 15:00:00+00:00","close_date":"2025-11-22 17:00:00+00:00","open_rate":0.13909,"close_rate":0.13953,"fee_open":0.001,"fee_close":0.001,"trade_duration":120,"profit_ratio":0.0011590968525327574,"profit_abs":0.40974382,"exit_reason":"roi","initial_stop_loss_abs":0.13214,"initial_stop_loss_ratio":-0.05,"stop_loss_abs":0.13214,"stop_loss_ratio":-0.05,"min_rate":0.13729,"max_rate":0.13977,"is_open":false,"enter_tag":"","leverage":1.0,"is_short":false,"open_timestamp":1763823600000,"close_timestamp":1763830800000,"orders":[{"amount":2539.0,"safe_price":0.13909,"ft_order_side":"buy","order_filled_timestamp":1763823600000,"ft_is_entry":true,"ft_order_tag":"","cost":353.50265950999994},{"amount":2539.0,"safe_price":0.13953,"ft_order_side":"sell","order_filled_timestamp":1763830800000,"ft_is_entry":false,"ft_order_tag":"roi","cost":354.62093666999994}],"funding_fees":0.0,"weekday":5}],"locks":[],"best_pair":{"key":"DOGE/USDT","trades":15,"profit_mean":0.013880403363399598,"profit_mean_pct":1.39,"profit_total_abs":70.78243318999999,"profit_total":0.07078243319,"profit_total_pct":7.08,"duration_avg":"2:00:00","wins":11,"draws":4,"losses":0,"winrate":0.7333333333333333,"cagr":0.29348795633451585,"expectancy":4.718828879333333,"expectancy_ratio":100.0,"sortino":-100,"sharpe":2.554137087227097,"calmar":-100,"sqn":3.2348,"profit_factor":0.0,"max_drawdown_account":0.0,"max_drawdown_abs":0.0},"worst_pair":{"key":"DOGE/USDT","trades":15,"profit_mean":0.013880403363399598,"profit_mean_pct":1.39,"profit_total_abs":70.78243318999999,"profit_total":0.07078243319,"profit_total_pct":7.08,"duration_avg":"2:00:00","wins":11,"draws":4,"losses":0,"winrate":0.7333333333333333,"cagr":0.29348795633451585,"expectancy":4.718828879333333,"expectancy_ratio":100.0,"sortino":-100,"sharpe":2.554137087227097,"calmar":-100,"sqn":3.2348,"profit_factor":0.0,"max_drawdown_account":0.0,"max_drawdown_abs":0.0},"results_per_pair":[{"key":"DOGE/USDT","trades":15,"profit_mean":0.013880403363399598,"profit_mean_pct":1.39,"profit_total_abs":70.78243318999999,"profit_total":0.07078243319,"profit_total_pct":7.08,"duration_avg":"2:00:00","wins":11,"draws":4,"losses":0,"winrate":0.7333333333333333,"cagr":0.29348795633451585,"expectancy":4.718828879333333,"expectancy_ratio":100.0,"sortino":-100,"sharpe":2.554137087227097,"calmar":-100,"sqn":3.2348,"profit_factor":0.0,"max_drawdown_account":0.0,"max_drawdown_abs":0.0},{"key":"TOTAL","trades":15,"profit_mean":0.013880403363399598,"profit_mean_pct":1.39,"profit_total_abs":70.78243318999999,"profit_total":0.07078243319,"profit_total_pct":7.08,"duration_avg":"2:00:00","wins":11,"draws":4,"losses":0,"winrate":0.7333333333333333,"cagr":0.29348795633451585,"expectancy":4.718828879333333,"expectancy_ratio":100.0,"sortino":-100,"sharpe":2.554137087227097,"calmar":-100,"sqn":3.2348,"profit_factor":0.0,"max_drawdown_account":0.0,"max_drawdown_abs":0.0}],"results_per_enter_tag":[{"key":"","trades":15,"profit_mean":0.013880403363399598,"profit_mean_pct":1.39,"profit_total_abs":70.78243318999999,"profit_total":0.07078243319,"profit_total_pct":7.08,"duration_avg":"2:00:00","wins":11,"draws":4,"losses":0,"winrate":0.7333333333333333,"cagr":0.29348795633451585,"expectancy":4.718828879333333,"expectancy_ratio":100.0,"sortino":-100,"sharpe":2.554137087227097,"calmar":-100,"sqn":3.2348,"profit_factor":0.0,"max_drawdown_account":0.0,"max_drawdown_abs":0.0},{"key":"TOTAL","trades":15,"profit_mean":0.013880403363399598,"profit_mean_pct":1.39,"profit_total_abs":70.78243318999999,"profit_total":0.07078243319,"profit_total_pct":7.08,"duration_avg":"2:00:00","wins":11,"draws":4,"losses":0,"winrate":0.7333333333333333,"cagr":0.29348795633451585,"expectancy":4.718828879333333,"expectancy_ratio":100.0,"sortino":-100,"sharpe":2.554137087227097,"calmar":-100,"sqn":3.2348,"profit_factor":0.0,"max_drawdown_account":0.0,"max_drawdown_abs":0.0}],"exit_reason_summary":[{"key":"roi","trades":15,"profit_mean":0.013880403363399598,"profit_mean_pct":1.39,"profit_total_abs":70.78243318999999,"profit_total":0.07078243319,"profit_total_pct":7.08,"duration_avg":"2:00:00","wins":11,"draws":4,"losses":0,"winrate":0.7333333333333333,"cagr":0.29348795633451585,"expectancy":4.718828879333333,"expectancy_ratio":100.0,"sortino":-100,"sharpe":2.554137087227097,"calmar":-100,"sqn":3.2348,"profit_factor":0.0,"max_drawdown_account":0.0,"max_drawdown_abs":0.0},{"key":"TOTAL","trades":15,"profit_mean":0.013880403363399598,"profit_mean_pct":1.39,"profit_total_abs":70.78243318999999,"profit_total":0.07078243319,"profit_total_pct":7.08,"duration_avg":"2:00:00","wins":11,"draws":4,"losses":0,"winrate":0.7333333333333333,"cagr":0.29348795633451585,"expectancy":4.718828879333333,"expectancy_ratio":100.0,"sortino":-100,"sharpe":2.554137087227097,"calmar":-100,"sqn":3.2348,"profit_factor":0.0,"max_drawdown_account":0.0,"max_drawdown_abs":0.0}],"mix_tag_stats":[{"key":["","roi"],"trades":15,"profit_mean":0.013880403363399598,"profit_mean_pct":1.39,"profit_total_abs":70.78243318999999,"profit_total":0.07078243319,"profit_total_pct":7.08,"duration_avg":"2:00:00","wins":11,"draws":4,"losses":0,"winrate":0.7333333333333333,"cagr":0.29348795633451585,"expectancy":4.718828879333333,"expectancy_ratio":100.0,"sortino":-100,"sharpe":2.554137087227097,"calmar":-100,"sqn":3.2348,"profit_factor":0.0,"max_drawdown_account":0.0,"max_drawdown_abs":0.0},{"key":"TOTAL","trades":15,"profit_mean":0.013880403363399598,"profit_mean_pct":1.39,"profit_total_abs":70.78243318999999,"profit_total":0.07078243319,"profit_total_pct":7.08,"duration_avg":"2:00:00","wins":11,"draws":4,"losses":0,"winrate":0.7333333333333333,"cagr":0.29348795633451585,"expectancy":4.718828879333333,"expectancy_ratio":100.0,"sortino":-100,"sharpe":2.554137087227097,"calmar":-100,"sqn":3.2348,"profit_factor":0.0,"max_drawdown_account":0.0,"max_drawdown_abs":0.0}],"left_open_trades":[{"key":"TOTAL","trades":0,"profit_mean":0.0,"profit_mean_pct":0.0,"profit_total_abs":0.0,"profit_total":0.0,"profit_total_pct":0.0,"duration_avg":"0:00","wins":0,"draws":0,"losses":0,"winrate":0.0,"cagr":0.0,"expectancy":0.0,"expectancy_ratio":100.0,"sortino":0,"sharpe":0,"calmar":0,"sqn":0.0,"profit_factor":0.0,"max_drawdown_account":0.0,"max_drawdown_abs":0.0}],"total_trades":15,"trade_count_long":15,"trade_count_short":0,"total_volume":10403.241530553743,"avg_stake_amount":343.7224466666667,"profit_mean":0.013880403363399598,"profit_median":0.007418830636703651,"profit_total":0.07078243319,"profit_total_long":0.07078243319,"profit_total_short":0.0,"profit_total_abs":70.78243318999999,"profit_total_long_abs":70.78243318999999,"profit_total_short_abs":0.0,"cagr":0.29348795633451585,"expectancy":4.718828879333333,"expectancy_ratio":100.0,"sortino":-100,"sharpe":2.554137087227097,"calmar":-100,"sqn":3.2348,"profit_factor":0.0,"backtest_start":"2025-10-01 00:00:00","backtest_start_ts":1759276800000,"backtest_end":"2026-01-06 20:00:00","backtest_end_ts":1767729600000,"backtest_days":97,"backtest_run_start_ts":1767753275,"backtest_run_end_ts":1767753276,"trades_per_day":0.15,"market_change":-0.36632086436227446,"pairlist":["DOGE/USDT"],"stake_amount":"unlimited","stake_currency":"USDT","stake_currency_decimals":3,"starting_balance":1000,"dry_run_wallet":1000,"final_balance":1070.78243319,"rejected_signals":0,"timedout_entry_orders":0,"timedout_exit_orders":0,"canceled_trade_entries":0,"canceled_entry_orders":0,"replaced_entry_orders":0,"max_open_trades":1,"max_open_trades_setting":3,"timeframe":"1h","timeframe_detail":"","timerange":"20251001-","enable_protections":false,"strategy_name":"ACO_93_8","freqaimodel":null,"freqai_identifier":null,"stoploss":-0.05,"trailing_stop":false,"trailing_stop_positive":null,"trailing_stop_positive_offset":0.0,"trailing_only_offset_is_reached":false,"use_custom_stoploss":false,"minimal_roi":{"0":0.1,"60":0.05,"120":0.0},"use_exit_signal":true,"exit_profit_only":false,"exit_profit_offset":0.0,"ignore_roi_if_entry_signal":false,"trading_mode":"spot","margin_mode":"","periodic_breakdown":{"day":[{"date":"11/10/2025","date_ts":1760140800000,"profit_abs":4.89784552,"wins":1,"draws":0,"losses":0,"trades":1,"profit_factor":0.0},{"date":"12/10/2025","date_ts":1760227200000,"profit_abs":39.0035495,"wins":3,"draws":1,"losses":0,"trades":4,"profit_factor":0.0},{"date":"13/10/2025","date_ts":1760313600000,"profit_abs":7.34059471,"wins":2,"draws":1,"losses":0,"trades":3,"profit_factor":0.0},{"date":"14/10/2025","date_ts":1760400000000,"profit_abs":6.25407573,"wins":1,"draws":0,"losses":0,"trades":1,"profit_factor":0.0},{"date":"15/10/2025","date_ts":1760486400000,"profit_abs":0.0,"wins":0,"draws":0,"losses":0,"trades":0,"profit_factor":0.0},{"date":"16/10/2025","date_ts":1760572800000,"profit_abs":0.0,"wins":0,"draws":0,"losses":0,"trades":0,"profit_factor":0.0},{"date":"17/10/2025","date_ts":1760659200000,"profit_abs":0.0,"wins":0,"draws":0,"losses":0,"trades":0,"profit_factor":0.0},{"date":"18/10/2025","date_ts":1760745600000,"profit_abs":0.0,"wins":0,"draws":0,"losses":0,"trades":0,"profit_factor":0.0},{"date":"19/10/2025","date_ts":1760832000000,"profit_abs":0.0,"wins":0,"draws":0,"losses":0,"trades":0,"profit_factor":0.0},{"date":"20/10/2025","date_ts":1760918400000,"profit_abs":0.0,"wins":0,"draws":0,"losses":0,"trades":0,"profit_factor":0.0},{"date":"21/10/2025","date_ts":1761004800000,"profit_abs":0.0,"wins":0,"draws":0,"losses":0,"trades":0,"profit_factor":0.0},{"date":"22/10/2025","date_ts":1761091200000,"profit_abs":0.0,"wins":0,"draws":0,"losses":0,"trades":0,"profit_factor":0.0},{"date":"23/10/2025","date_ts":1761177600000,"profit_abs":0.0,"wins":0,"draws":0,"losses":0,"trades":0,"profit_factor":0.0},{"date":"24/10/2025","date_ts":1761264000000,"profit_abs":0.0,"wins":0,"draws":0,"losses":0,"trades":0,"profit_factor":0.0},{"date":"25/10/2025","date_ts":1761350400000,"profit_abs":0.0,"wins":0,"draws":0,"losses":0,"trades":0,"profit_factor":0.0},{"date":"26/10/2025","date_ts":1761436800000,"profit_abs":0.0,"wins":0,"draws":0,"losses":0,"trades":0,"profit_factor":0.0},{"date":"27/10/2025","date_ts":1761523200000,"profit_abs":0.0,"wins":0,"draws":0,"losses":0,"trades":0,"profit_factor":0.0},{"date":"28/10/2025","date_ts":1761609600000,"profit_abs":0.0,"wins":0,"draws":0,"losses":0,"trades":0,"profit_factor":0.0},{"date":"29/10/2025","date_ts":1761696000000,"profit_abs":0.0,"wins":0,"draws":0,"losses":0,"trades":0,"profit_factor":0.0},{"date":"30/10/2025","date_ts":1761782400000,"profit_abs":0.0,"wins":0,"draws":0,"losses":0,"trades":0,"profit_factor":0.0},{"date":"31/10/2025","date_ts":1761868800000,"profit_abs":0.0,"wins":0,"draws":0,"losses":0,"trades":0,"profit_factor":0.0},{"date":"01/11/2025","date_ts":1761955200000,"profit_abs":0.0,"wins":0,"draws":0,"losses":0,"trades":0,"profit_factor":0.0},{"date":"02/11/2025","date_ts":1762041600000,"profit_abs":0.0,"wins":0,"draws":0,"losses":0,"trades":0,"profit_factor":0.0},{"date":"03/11/2025","date_ts":1762128000000,"profit_abs":0.0,"wins":0,"draws":0,"losses":0,"trades":0,"profit_factor":0.0},{"date":"04/11/2025","date_ts":1762214400000,"profit_abs":10.25991696,"wins":2,"draws":0,"losses":0,"trades":2,"profit_factor":0.0},{"date":"05/11/2025","date_ts":1762300800000,"profit_abs":2.61670695,"wins":1,"draws":0,"losses":0,"trades":1,"profit_factor":0.0},{"date":"06/11/2025","date_ts":1762387200000,"profit_abs":0.0,"wins":0,"draws":0,"losses":0,"trades":0,"profit_factor":0.0},{"date":"07/11/2025","date_ts":1762473600000,"profit_abs":0.0,"wins":0,"draws":0,"losses":0,"trades":0,"profit_factor":0.0},{"date":"08/11/2025","date_ts":1762560000000,"profit_abs":0.0,"wins":0,"draws":0,"losses":0,"trades":0,"profit_factor":0.0},{"date":"09/11/2025","date_ts":1762646400000,"profit_abs":0.0,"wins":0,"draws":0,"losses":0,"trades":0,"profit_factor":0.0},{"date":"10/11/2025","date_ts":1762732800000,"profit_abs":0.0,"wins":0,"draws":0,"losses":0,"trades":0,"profit_factor":0.0},{"date":"11/11/2025","date_ts":1762819200000,"profit_abs":0.0,"wins":0,"draws":0,"losses":0,"trades":0,"profit_factor":0.0},{"date":"12/11/2025","date_ts":1762905600000,"profit_abs":0.0,"wins":0,"draws":0,"losses":0,"trades":0,"profit_factor":0.0},{"date":"13/11/2025","date_ts":1762992000000,"profit_abs":0.0,"wins":0,"draws":0,"losses":0,"trades":0,"profit_factor":0.0},{"date":"14/11/2025","date_ts":1763078400000,"profit_abs":0.0,"wins":0,"draws":0,"losses":0,"trades":0,"profit_factor":0.0},{"date":"15/11/2025","date_ts":1763164800000,"profit_abs":0.0,"wins":0,"draws":0,"losses":0,"trades":0,"profit_factor":0.0},{"date":"16/11/2025","date_ts":1763251200000,"profit_abs":0.0,"wins":0,"draws":0,"losses":0,"trades":0,"profit_factor":0.0},{"date":"17/11/2025","date_ts":1763337600000,"profit_abs":0.0,"wins":0,"draws":0,"losses":0,"trades":0,"profit_factor":0.0},{"date":"18/11/2025","date_ts":1763424000000,"profit_abs":0.0,"wins":0,"draws":0,"losses":0,"trades":0,"profit_factor":0.0},{"date":"19/11/2025","date_ts":1763510400000,"profit_abs":0.0,"wins":0,"draws":0,"losses":0,"trades":0,"profit_factor":0.0},{"date":"20/11/2025","date_ts":1763596800000,"profit_abs":0.0,"wins":0,"draws":0,"losses":0,"trades":0,"profit_factor":0.0},{"date":"21/11/2025","date_ts":1763683200000,"profit_abs":0.0,"wins":0,"draws":1,"losses":0,"trades":1,"profit_factor":0.0},{"date":"22/11/2025","date_ts":1763769600000,"profit_abs":0.40974382,"wins":1,"draws":1,"losses":0,"trades":2,"profit_factor":0.0}],"week":[{"date":"13/10/2025","date_ts":1760313600000,"profit_abs":51.24198973,"wins":6,"draws":2,"losses":0,"trades":8,"profit_factor":0.0},{"date":"20/10/2025","date_ts":1760918400000,"profit_abs":6.25407573,"wins":1,"draws":0,"losses":0,"trades":1,"profit_factor":0.0},{"date":"27/10/2025","date_ts":1761523200000,"profit_abs":0.0,"wins":0,"draws":0,"losses":0,"trades":0,"profit_factor":0.0},{"date":"03/11/2025","date_ts":1762128000000,"profit_abs":0.0,"wins":0,"draws":0,"losses":0,"trades":0,"profit_factor":0.0},{"date":"10/11/2025","date_ts":1762732800000,"profit_abs":12.87662391,"wins":3,"draws":0,"losses":0,"trades":3,"profit_factor":0.0},{"date":"17/11/2025","date_ts":1763337600000,"profit_abs":0.0,"wins":0,"draws":0,"losses":0,"trades":0,"profit_factor":0.0},{"date":"24/11/2025","date_ts":1763942400000,"profit_abs":0.40974382,"wins":1,"draws":2,"losses":0,"trades":3,"profit_factor":0.0}],"month":[{"date":"31/10/2025","date_ts":1761868800000,"profit_abs":57.49606546,"wins":7,"draws":2,"losses":0,"trades":9,"profit_factor":0.0},{"date":"30/11/2025","date_ts":1764460800000,"profit_abs":13.28636773,"wins":4,"draws":2,"losses":0,"trades":6,"profit_factor":0.0}],"year":[{"date":"31/12/2025","date_ts":1767139200000,"profit_abs":70.78243319,"wins":11,"draws":4,"losses":0,"trades":15,"profit_factor":0.0}],"weekday":[{"date":"Monday","date_ts":0,"profit_abs":7.34059471,"wins":2,"draws":1,"losses":0,"trades":3,"profit_factor":0.0},{"date":"Tuesday","date_ts":1,"profit_abs":16.51399269,"wins":3,"draws":0,"losses":0,"trades":3,"profit_factor":0.0},{"date":"Wednesday","date_ts":2,"profit_abs":2.61670695,"wins":1,"draws":0,"losses":0,"trades":1,"profit_factor":0.0},{"date":"Friday","date_ts":4,"profit_abs":0.0,"wins":0,"draws":1,"losses":0,"trades":1,"profit_factor":0.0},{"date":"Saturday","date_ts":5,"profit_abs":5.30758934,"wins":2,"draws":1,"losses":0,"trades":3,"profit_factor":0.0},{"date":"Sunday","date_ts":6,"profit_abs":39.0035495,"wins":3,"draws":1,"losses":0,"trades":4,"profit_factor":0.0}]},"backtest_best_day":0.11616710234644695,"backtest_worst_day":0.0,"backtest_best_day_abs":39.0035495,"backtest_worst_day_abs":0.0,"winning_days":7,"draw_days":36,"losing_days":0,"daily_profit":[["2025-10-11",4.89784552],["2025-10-12",39.0035495],["2025-10-13",7.34059471],["2025-10-14",6.25407573],["2025-10-15",0.0],["2025-10-16",0.0],["2025-10-17",0.0],["2025-10-18",0.0],["2025-10-19",0.0],["2025-10-20",0.0],["2025-10-21",0.0],["2025-10-22",0.0],["2025-10-23",0.0],["2025-10-24",0.0],["2025-10-25",0.0],["2025-10-26",0.0],["2025-10-27",0.0],["2025-10-28",0.0],["2025-10-29",0.0],["2025-10-30",0.0],["2025-10-31",0.0],["2025-11-01",0.0],["2025-11-02",0.0],["2025-11-03",0.0],["2025-11-04",10.25991696],["2025-11-05",2.61670695],["2025-11-06",0.0],["2025-11-07",0.0],["2025-11-08",0.0],["2025-11-09",0.0],["2025-11-10",0.0],["2025-11-11",0.0],["2025-11-12",0.0],["2025-11-13",0.0],["2025-11-14",0.0],["2025-11-15",0.0],["2025-11-16",0.0],["2025-11-17",0.0],["2025-11-18",0.0],["2025-11-19",0.0],["2025-11-20",0.0],["2025-11-21",0.0],["2025-11-22",0.40974382]],"wins":11,"losses":0,"draws":4,"winrate":0.7333333333333333,"holding_avg":"2:00:00","holding_avg_s":7200.0,"winner_holding_min":"0d 01:00","winner_holding_min_s":3600.0,"winner_holding_max":"0d 02:00","winner_holding_max_s":7200.0,"winner_holding_avg":"0d 01:49","winner_holding_avg_s":6540.0,"loser_holding_min":"0d 00:00","loser_holding_min_s":0.0,"loser_holding_max":"0d 00:00","loser_holding_max_s":0.0,"loser_holding_avg":"0d 00:00","loser_holding_avg_s":0.0,"max_consecutive_wins":6,"max_consecutive_losses":2,"max_drawdown_account":0.0,"max_relative_drawdown":0.0,"max_drawdown_abs":0.0,"drawdown_start":"2025-10-11 09:00:00","drawdown_start_ts":1760173200000.0,"drawdown_end":"2025-10-11 09:00:00","drawdown_end_ts":1760173200000.0,"drawdown_duration":"0 days 00:00:00","drawdown_duration_s":0.0,"max_drawdown_low":0.0,"max_drawdown_high":0.0,"csum_min":1004.89784552,"csum_max":1070.78243319}},"strategy_comparison":[{"key":"ACO_93_8","trades":15,"profit_mean":0.013880403363399598,"profit_mean_pct":1.39,"profit_total_abs":70.78243318999999,"profit_total":0.07078243319,"profit_total_pct":7.08,"duration_avg":"2:00:00","wins":11,"draws":4,"losses":0,"winrate":0.7333333333333333,"cagr":0.29348795633451585,"expectancy":4.718828879333333,"expectancy_ratio":100.0,"sortino":-100,"sharpe":2.554137087227097,"calmar":-100,"sqn":3.2348,"profit_factor":0.0,"max_drawdown_account":0.0,"max_drawdown_abs":"0"}]}