{"strategy":{"ACO_8_6":{"trades":[{"pair":"DOGE/USDT","stake_amount":329.95851,"max_stake_amount":329.95851,"amount":1659.0,"open_date":"2025-10-11 03:00:00+00:00","close_date":"2025-10-11 07:00:00+00:00","open_rate":0.19889,"close_rate":0.18895,"fee_open":0.001,"fee_close":0.001,"trade_duration":240,"profit_ratio":-0.05187552153211564,"profit_abs":-17.13388656,"exit_reason":"stop_loss","initial_stop_loss_abs":0.18895,"initial_stop_loss_ratio":-0.05,"stop_loss_abs":0.18895,"stop_loss_ratio":-0.05,"min_rate":0.1881,"max_rate":0.19987,"is_open":false,"enter_tag":"","leverage":1.0,"is_short":false,"open_timestamp":1760151600000,"close_timestamp":1760166000000,"orders":[{"amount":1659.0,"safe_price":0.19889,"ft_order_side":"buy","order_filled_timestamp":1760151600000,"ft_is_entry":true,"ft_order_tag":"","cost":330.28846851000003},{"amount":1659.0,"safe_price":0.18895,"ft_order_side":"sell","order_filled_timestamp":1760166000000,"ft_is_entry":false,"ft_order_tag":"stop_loss","cost":313.78151805}],"funding_fees":0.0,"weekday":5},{"pair":"DOGE/USDT","stake_amount":324.30267,"max_stake_amount":324.30267,"amount":2367.0,"open_date":"2025-12-01 07:00:00+00:00","close_date":"2025-12-01 09:00:00+00:00","open_rate":0.13701,"close_rate":0.13813,"fee_open":0.001,"fee_close":0.001,"trade_duration":120,"profit_ratio":0.006160250959900621,"profit_abs":1.99978362,"exit_reason":"roi","initial_stop_loss_abs":0.13016,"initial_stop_loss_ratio":-0.05,"stop_loss_abs":0.13016,"stop_loss_ratio":-0.05,"min_rate":0.13655,"max_rate":0.13848,"is_open":false,"enter_tag":"","leverage":1.0,"is_short":false,"open_timestamp":1764572400000,"close_timestamp":1764579600000,"orders":[{"amount":2367.0,"safe_price":0.13701,"ft_order_side":"buy","order_filled_timestamp":1764572400000,"ft_is_entry":true,"ft_order_tag":"","cost":324.62697266999993},{"amount":2367.0,"safe_price":0.13813,"ft_order_side":"sell","order_filled_timestamp":1764579600000,"ft_is_entry":false,"ft_order_tag":"roi","cost":327.28066370999994}],"funding_fees":0.0,"weekday":0},{"pair":"DOGE/USDT","stake_amount":324.91226,"max_stake_amount":324.91226,"amount":2438.0,"open_date":"2025-12-01 20:00:00+00:00","close_date":"2025-12-01 22:00:00+00:00","open_rate":0.13327,"close_rate":0.13506,"fee_open":0.001,"fee_close":0.001,"trade_duration":120,"profit_ratio":0.01140654198356607,"profit_abs":3.70983146,"exit_reason":"roi","initial_stop_loss_abs":0.12661,"initial_stop_loss_ratio":-0.05,"stop_loss_abs":0.12661,"stop_loss_ratio":-0.05,"min_rate":0.13324,"max_rate":0.13647,"is_open":false,"enter_tag":"","leverage":1.0,"is_short":false,"open_timestamp":1764619200000,"close_timestamp":1764626400000,"orders":[{"amount":2438.0,"safe_price":0.13327,"ft_order_side":"buy","order_filled_timestamp":1764619200000,"ft_is_entry":true,"ft_order_tag":"","cost":325.23717225999997},{"amount":2438.0,"safe_price":0.13506,"ft_order_side":"sell","order_filled_timestamp":1764626400000,"ft_is_entry":false,"ft_order_tag":"roi","cost":329.60555628000003}],"funding_fees":0.0,"weekday":0},{"pair":"DOGE/USDT","stake_amount":326.17774,"max_stake_amount":326.17774,"amount":2351.0,"open_date":"2025-12-05 22:00:00+00:00","close_date":"2025-12-06 00:00:00+00:00","open_rate":0.13874,"close_rate":0.13956,"fee_open":0.001,"fee_close":0.001,"trade_duration":120,"profit_ratio":0.0039005250191642,"profit_abs":1.2735367,"exit_reason":"roi","initial_stop_loss_abs":0.13181,"initial_stop_loss_ratio":-0.05,"stop_loss_abs":0.13181,"stop_loss_ratio":-0.05,"min_rate":0.13815,"max_rate":0.13999,"is_open":false,"enter_tag":"","leverage":1.0,"is_short":false,"open_timestamp":1764972000000,"close_timestamp":1764979200000,"orders":[{"amount":2351.0,"safe_price":0.13874,"ft_order_side":"buy","order_filled_timestamp":1764972000000,"ft_is_entry":true,"ft_order_tag":"","cost":326.50391774},{"amount":2351.0,"safe_price":0.13956,"ft_order_side":"sell","order_filled_timestamp":1764979200000,"ft_is_entry":false,"ft_order_tag":"roi","cost":328.43366555999995}],"funding_fees":0.0,"weekday":5},{"pair":"DOGE/USDT","stake_amount":326.63475,"max_stake_amount":326.63475,"amount":2535.0,"open_date":"2025-12-15 22:00:00+00:00","close_date":"2025-12-16 00:00:00+00:00","open_rate":0.12885,"close_rate":0.12975,"fee_open":0.001,"fee_close":0.001,"trade_duration":120,"profit_ratio":0.004972908348926976,"profit_abs":1.625949,"exit_reason":"roi","initial_stop_loss_abs":0.12241,"initial_stop_loss_ratio":-0.05,"stop_loss_abs":0.12241,"stop_loss_ratio":-0.05,"min_rate":0.12824,"max_rate":0.13014,"is_open":false,"enter_tag":"","leverage":1.0,"is_short":false,"open_timestamp":1765836000000,"close_timestamp":1765843200000,"orders":[{"amount":2535.0,"safe_price":0.12885,"ft_order_side":"buy","order_filled_timestamp":1765836000000,"ft_is_entry":true,"ft_order_tag":"","cost":326.96138475},{"amount":2535.0,"safe_price":0.12975,"ft_order_side":"sell","order_filled_timestamp":1765843200000,"ft_is_entry":false,"ft_order_tag":"roi","cost":329.24516624999995}],"funding_fees":0.0,"weekday":1},{"pair":"DOGE/USDT","stake_amount":327.1504,"max_stake_amount":327.1504,"amount":2780.0,"open_date":"2025-12-31 23:00:00+00:00","close_date":"2026-01-01 01:00:00+00:00","open_rate":0.11768,"close_rate":0.11793,"fee_open":0.001,"fee_close":0.001,"trade_duration":120,"profit_ratio":0.00012215860278402767,"profit_abs":0.0400042,"exit_reason":"roi","initial_stop_loss_abs":0.1118,"initial_stop_loss_ratio":-0.05,"stop_loss_abs":0.1118,"stop_loss_ratio":-0.05,"min_rate":0.11731,"max_rate":0.11867,"is_open":false,"enter_tag":"","leverage":1.0,"is_short":false,"open_timestamp":1767222000000,"close_timestamp":1767229200000,"orders":[{"amount":2780.0,"safe_price":0.11768,"ft_order_side":"buy","order_filled_timestamp":1767222000000,"ft_is_entry":true,"ft_order_tag":"","cost":327.4775503999999},{"amount":2780.0,"safe_price":0.11793,"ft_order_side":"sell","order_filled_timestamp":1767229200000,"ft_is_entry":false,"ft_order_tag":"roi","cost":328.1732453999999}],"funding_fees":0.0,"weekday":3}],"locks":[],"best_pair":{"key":"DOGE/USDT","trades":6,"profit_mean":-0.004218856102962291,"profit_mean_pct":-0.42,"profit_total_abs":-8.48478158,"profit_total":-0.00848478158,"profit_total_pct":-0.85,"duration_avg":"2:20:00","wins":5,"draws":0,"losses":1,"winrate":0.8333333333333334,"cagr":-0.03155490638095415,"expectancy":-1.4141302633333332,"expectancy_ratio":-0.0825341208126531,"sortino":-100,"sharpe":-0.23493062038125606,"calmar":-9.753477303774536,"sqn":-0.4445,"profit_factor":0.5047952751240814,"max_drawdown_account":0.01713388655999995,"max_drawdown_abs":17.13388656},"worst_pair":{"key":"DOGE/USDT","trades":6,"profit_mean":-0.004218856102962291,"profit_mean_pct":-0.42,"profit_total_abs":-8.48478158,"profit_total":-0.00848478158,"profit_total_pct":-0.85,"duration_avg":"2:20:00","wins":5,"draws":0,"losses":1,"winrate":0.8333333333333334,"cagr":-0.03155490638095415,"expectancy":-1.4141302633333332,"expectancy_ratio":-0.0825341208126531,"sortino":-100,"sharpe":-0.23493062038125606,"calmar":-9.753477303774536,"sqn":-0.4445,"profit_factor":0.5047952751240814,"max_drawdown_account":0.01713388655999995,"max_drawdown_abs":17.13388656},"results_per_pair":[{"key":"DOGE/USDT","trades":6,"profit_mean":-0.004218856102962291,"profit_mean_pct":-0.42,"profit_total_abs":-8.48478158,"profit_total":-0.00848478158,"profit_total_pct":-0.85,"duration_avg":"2:20:00","wins":5,"draws":0,"losses":1,"winrate":0.8333333333333334,"cagr":-0.03155490638095415,"expectancy":-1.4141302633333332,"expectancy_ratio":-0.0825341208126531,"sortino":-100,"sharpe":-0.23493062038125606,"calmar":-9.753477303774536,"sqn":-0.4445,"profit_factor":0.5047952751240814,"max_drawdown_account":0.01713388655999995,"max_drawdown_abs":17.13388656},{"key":"TOTAL","trades":6,"profit_mean":-0.004218856102962291,"profit_mean_pct":-0.42,"profit_total_abs":-8.48478158,"profit_total":-0.00848478158,"profit_total_pct":-0.85,"duration_avg":"2:20:00","wins":5,"draws":0,"losses":1,"winrate":0.8333333333333334,"cagr":-0.03155490638095415,"expectancy":-1.4141302633333332,"expectancy_ratio":-0.0825341208126531,"sortino":-100,"sharpe":-0.23493062038125606,"calmar":-9.753477303774536,"sqn":-0.4445,"profit_factor":0.5047952751240814,"max_drawdown_account":0.01713388655999995,"max_drawdown_abs":17.13388656}],"results_per_enter_tag":[{"key":"","trades":6,"profit_mean":-0.004218856102962291,"profit_mean_pct":-0.42,"profit_total_abs":-8.48478158,"profit_total":-0.00848478158,"profit_total_pct":-0.85,"duration_avg":"2:20:00","wins":5,"draws":0,"losses":1,"winrate":0.8333333333333334,"cagr":-0.03155490638095415,"expectancy":-1.4141302633333332,"expectancy_ratio":-0.0825341208126531,"sortino":-100,"sharpe":-0.23493062038125606,"calmar":-9.753477303774536,"sqn":-0.4445,"profit_factor":0.5047952751240814,"max_drawdown_account":0.01713388655999995,"max_drawdown_abs":17.13388656},{"key":"TOTAL","trades":6,"profit_mean":-0.004218856102962291,"profit_mean_pct":-0.42,"profit_total_abs":-8.48478158,"profit_total":-0.00848478158,"profit_total_pct":-0.85,"duration_avg":"2:20:00","wins":5,"draws":0,"losses":1,"winrate":0.8333333333333334,"cagr":-0.03155490638095415,"expectancy":-1.4141302633333332,"expectancy_ratio":-0.0825341208126531,"sortino":-100,"sharpe":-0.23493062038125606,"calmar":-9.753477303774536,"sqn":-0.4445,"profit_factor":0.5047952751240814,"max_drawdown_account":0.01713388655999995,"max_drawdown_abs":17.13388656}],"exit_reason_summary":[{"key":"roi","trades":5,"profit_mean":0.005312476982868379,"profit_mean_pct":0.53,"profit_total_abs":8.64910498,"profit_total":0.00864910498,"profit_total_pct":0.86,"duration_avg":"2:00:00","wins":5,"draws":0,"losses":0,"winrate":1.0,"cagr":0.03293644377234184,"expectancy":1.7298209960000002,"expectancy_ratio":100.0,"sortino":-100,"sharpe":1.432811795061889,"calmar":-100,"sqn":2.9099,"profit_factor":0.0,"max_drawdown_account":0.0,"max_drawdown_abs":0.0},{"key":"stop_loss","trades":1,"profit_mean":-0.05187552153211564,"profit_mean_pct":-5.19,"profit_total_abs":-17.13388656,"profit_total":-0.017133886560000002,"profit_total_pct":-1.71,"duration_avg":"4:00:00","wins":0,"draws":0,"losses":1,"winrate":0.0,"cagr":-0.06296214640849118,"expectancy":-17.13388656,"expectancy_ratio":-1.0,"sortino":-100,"sharpe":-100,"calmar":-19.695848633549335,"sqn":-100.0,"profit_factor":0.0,"max_drawdown_account":0.01713388655999995,"max_drawdown_abs":17.13388656},{"key":"TOTAL","trades":6,"profit_mean":-0.004218856102962291,"profit_mean_pct":-0.42,"profit_total_abs":-8.48478158,"profit_total":-0.00848478158,"profit_total_pct":-0.85,"duration_avg":"2:20:00","wins":5,"draws":0,"losses":1,"winrate":0.8333333333333334,"cagr":-0.03155490638095415,"expectancy":-1.4141302633333332,"expectancy_ratio":-0.0825341208126531,"sortino":-100,"sharpe":-0.23493062038125606,"calmar":-9.753477303774536,"sqn":-0.4445,"profit_factor":0.5047952751240814,"max_drawdown_account":0.01713388655999995,"max_drawdown_abs":17.13388656}],"mix_tag_stats":[{"key":["","roi"],"trades":5,"profit_mean":0.005312476982868379,"profit_mean_pct":0.53,"profit_total_abs":8.64910498,"profit_total":0.00864910498,"profit_total_pct":0.86,"duration_avg":"2:00:00","wins":5,"draws":0,"losses":0,"winrate":1.0,"cagr":0.03293644377234184,"expectancy":1.7298209960000002,"expectancy_ratio":100.0,"sortino":-100,"sharpe":1.432811795061889,"calmar":-100,"sqn":2.9099,"profit_factor":0.0,"max_drawdown_account":0.0,"max_drawdown_abs":0.0},{"key":["","stop_loss"],"trades":1,"profit_mean":-0.05187552153211564,"profit_mean_pct":-5.19,"profit_total_abs":-17.13388656,"profit_total":-0.017133886560000002,"profit_total_pct":-1.71,"duration_avg":"4:00:00","wins":0,"draws":0,"losses":1,"winrate":0.0,"cagr":-0.06296214640849118,"expectancy":-17.13388656,"expectancy_ratio":-1.0,"sortino":-100,"sharpe":-100,"calmar":-19.695848633549335,"sqn":-100.0,"profit_factor":0.0,"max_drawdown_account":0.01713388655999995,"max_drawdown_abs":17.13388656},{"key":"TOTAL","trades":6,"profit_mean":-0.004218856102962291,"profit_mean_pct":-0.42,"profit_total_abs":-8.48478158,"profit_total":-0.00848478158,"profit_total_pct":-0.85,"duration_avg":"2:20:00","wins":5,"draws":0,"losses":1,"winrate":0.8333333333333334,"cagr":-0.03155490638095415,"expectancy":-1.4141302633333332,"expectancy_ratio":-0.0825341208126531,"sortino":-100,"sharpe":-0.23493062038125606,"calmar":-9.753477303774536,"sqn":-0.4445,"profit_factor":0.5047952751240814,"max_drawdown_account":0.01713388655999995,"max_drawdown_abs":17.13388656}],"left_open_trades":[{"key":"TOTAL","trades":0,"profit_mean":0.0,"profit_mean_pct":0.0,"profit_total_abs":0.0,"profit_total":0.0,"profit_total_pct":0.0,"duration_avg":"0:00","wins":0,"draws":0,"losses":0,"winrate":0.0,"cagr":0.0,"expectancy":0.0,"expectancy_ratio":100.0,"sortino":0,"sharpe":0,"calmar":0,"sqn":0.0,"profit_factor":0.0,"max_drawdown_account":0.0,"max_drawdown_abs":0.0}],"total_trades":6,"trade_count_long":6,"trade_count_short":0,"total_volume":3917.6152815799996,"avg_stake_amount":326.52272166666665,"profit_mean":-0.004218856102962291,"profit_median":0.004436716684045588,"profit_total":-0.00848478158,"profit_total_long":-0.00848478158,"profit_total_short":0.0,"profit_total_abs":-8.48478158,"profit_total_long_abs":-8.48478158,"profit_total_short_abs":0.0,"cagr":-0.03155490638095415,"expectancy":-1.4141302633333332,"expectancy_ratio":-0.0825341208126531,"sortino":-100,"sharpe":-0.23493062038125606,"calmar":-9.753477303774536,"sqn":-0.4445,"profit_factor":0.5047952751240814,"backtest_start":"2025-10-01 00:00:00","backtest_start_ts":1759276800000,"backtest_end":"2026-01-06 20:00:00","backtest_end_ts":1767729600000,"backtest_days":97,"backtest_run_start_ts":1767742743,"backtest_run_end_ts":1767742743,"trades_per_day":0.06,"market_change":-0.36632086436227446,"pairlist":["DOGE/USDT"],"stake_amount":"unlimited","stake_currency":"USDT","stake_currency_decimals":3,"starting_balance":1000,"dry_run_wallet":1000,"final_balance":991.51521842,"rejected_signals":0,"timedout_entry_orders":0,"timedout_exit_orders":0,"canceled_trade_entries":0,"canceled_entry_orders":0,"replaced_entry_orders":0,"max_open_trades":1,"max_open_trades_setting":3,"timeframe":"1h","timeframe_detail":"","timerange":"20251001-","enable_protections":false,"strategy_name":"ACO_8_6","freqaimodel":null,"freqai_identifier":null,"stoploss":-0.05,"trailing_stop":false,"trailing_stop_positive":null,"trailing_stop_positive_offset":0.0,"trailing_only_offset_is_reached":false,"use_custom_stoploss":false,"minimal_roi":{"0":0.1,"60":0.05,"120":0.0},"use_exit_signal":true,"exit_profit_only":false,"exit_profit_offset":0.0,"ignore_roi_if_entry_signal":false,"trading_mode":"spot","margin_mode":"","periodic_breakdown":{"day":[{"date":"11/10/2025","date_ts":1760140800000,"profit_abs":-17.13388656,"wins":0,"draws":0,"losses":1,"trades":1,"profit_factor":0.0},{"date":"12/10/2025","date_ts":1760227200000,"profit_abs":0.0,"wins":0,"draws":0,"losses":0,"trades":0,"profit_factor":0.0},{"date":"13/10/2025","date_ts":1760313600000,"profit_abs":0.0,"wins":0,"draws":0,"losses":0,"trades":0,"profit_factor":0.0},{"date":"14/10/2025","date_ts":1760400000000,"profit_abs":0.0,"wins":0,"draws":0,"losses":0,"trades":0,"profit_factor":0.0},{"date":"15/10/2025","date_ts":1760486400000,"profit_abs":0.0,"wins":0,"draws":0,"losses":0,"trades":0,"profit_factor":0.0},{"date":"16/10/2025","date_ts":1760572800000,"profit_abs":0.0,"wins":0,"draws":0,"losses":0,"trades":0,"profit_factor":0.0},{"date":"17/10/2025","date_ts":1760659200000,"profit_abs":0.0,"wins":0,"draws":0,"losses":0,"trades":0,"profit_factor":0.0},{"date":"18/10/2025","date_ts":1760745600000,"profit_abs":0.0,"wins":0,"draws":0,"losses":0,"trades":0,"profit_factor":0.0},{"date":"19/10/2025","date_ts":1760832000000,"profit_abs":0.0,"wins":0,"draws":0,"losses":0,"trades":0,"profit_factor":0.0},{"date":"20/10/2025","date_ts":1760918400000,"profit_abs":0.0,"wins":0,"draws":0,"losses":0,"trades":0,"profit_factor":0.0},{"date":"21/10/2025","date_ts":1761004800000,"profit_abs":0.0,"wins":0,"draws":0,"losses":0,"trades":0,"profit_factor":0.0},{"date":"22/10/2025","date_ts":1761091200000,"profit_abs":0.0,"wins":0,"draws":0,"losses":0,"trades":0,"profit_factor":0.0},{"date":"23/10/2025","date_ts":1761177600000,"profit_abs":0.0,"wins":0,"draws":0,"losses":0,"trades":0,"profit_factor":0.0},{"date":"24/10/2025","date_ts":1761264000000,"profit_abs":0.0,"wins":0,"draws":0,"losses":0,"trades":0,"profit_factor":0.0},{"date":"25/10/2025","date_ts":1761350400000,"profit_abs":0.0,"wins":0,"draws":0,"losses":0,"trades":0,"profit_factor":0.0},{"date":"26/10/2025","date_ts":1761436800000,"profit_abs":0.0,"wins":0,"draws":0,"losses":0,"trades":0,"profit_factor":0.0},{"date":"27/10/2025","date_ts":1761523200000,"profit_abs":0.0,"wins":0,"draws":0,"losses":0,"trades":0,"profit_factor":0.0},{"date":"28/10/2025","date_ts":1761609600000,"profit_abs":0.0,"wins":0,"draws":0,"losses":0,"trades":0,"profit_factor":0.0},{"date":"29/10/2025","date_ts":1761696000000,"profit_abs":0.0,"wins":0,"draws":0,"losses":0,"trades":0,"profit_factor":0.0},{"date":"30/10/2025","date_ts":1761782400000,"profit_abs":0.0,"wins":0,"draws":0,"losses":0,"trades":0,"profit_factor":0.0},{"date":"31/10/2025","date_ts":1761868800000,"profit_abs":0.0,"wins":0,"draws":0,"losses":0,"trades":0,"profit_factor":0.0},{"date":"01/11/2025","date_ts":1761955200000,"profit_abs":0.0,"wins":0,"draws":0,"losses":0,"trades":0,"profit_factor":0.0},{"date":"02/11/2025","date_ts":1762041600000,"profit_abs":0.0,"wins":0,"draws":0,"losses":0,"trades":0,"profit_factor":0.0},{"date":"03/11/2025","date_ts":1762128000000,"profit_abs":0.0,"wins":0,"draws":0,"losses":0,"trades":0,"profit_factor":0.0},{"date":"04/11/2025","date_ts":1762214400000,"profit_abs":0.0,"wins":0,"draws":0,"losses":0,"trades":0,"profit_factor":0.0},{"date":"05/11/2025","date_ts":1762300800000,"profit_abs":0.0,"wins":0,"draws":0,"losses":0,"trades":0,"profit_factor":0.0},{"date":"06/11/2025","date_ts":1762387200000,"profit_abs":0.0,"wins":0,"draws":0,"losses":0,"trades":0,"profit_factor":0.0},{"date":"07/11/2025","date_ts":1762473600000,"profit_abs":0.0,"wins":0,"draws":0,"losses":0,"trades":0,"profit_factor":0.0},{"date":"08/11/2025","date_ts":1762560000000,"profit_abs":0.0,"wins":0,"draws":0,"losses":0,"trades":0,"profit_factor":0.0},{"date":"09/11/2025","date_ts":1762646400000,"profit_abs":0.0,"wins":0,"draws":0,"losses":0,"trades":0,"profit_factor":0.0},{"date":"10/11/2025","date_ts":1762732800000,"profit_abs":0.0,"wins":0,"draws":0,"losses":0,"trades":0,"profit_factor":0.0},{"date":"11/11/2025","date_ts":1762819200000,"profit_abs":0.0,"wins":0,"draws":0,"losses":0,"trades":0,"profit_factor":0.0},{"date":"12/11/2025","date_ts":1762905600000,"profit_abs":0.0,"wins":0,"draws":0,"losses":0,"trades":0,"profit_factor":0.0},{"date":"13/11/2025","date_ts":1762992000000,"profit_abs":0.0,"wins":0,"draws":0,"losses":0,"trades":0,"profit_factor":0.0},{"date":"14/11/2025","date_ts":1763078400000,"profit_abs":0.0,"wins":0,"draws":0,"losses":0,"trades":0,"profit_factor":0.0},{"date":"15/11/2025","date_ts":1763164800000,"profit_abs":0.0,"wins":0,"draws":0,"losses":0,"trades":0,"profit_factor":0.0},{"date":"16/11/2025","date_ts":1763251200000,"profit_abs":0.0,"wins":0,"draws":0,"losses":0,"trades":0,"profit_factor":0.0},{"date":"17/11/2025","date_ts":1763337600000,"profit_abs":0.0,"wins":0,"draws":0,"losses":0,"trades":0,"profit_factor":0.0},{"date":"18/11/2025","date_ts":1763424000000,"profit_abs":0.0,"wins":0,"draws":0,"losses":0,"trades":0,"profit_factor":0.0},{"date":"19/11/2025","date_ts":1763510400000,"profit_abs":0.0,"wins":0,"draws":0,"losses":0,"trades":0,"profit_factor":0.0},{"date":"20/11/2025","date_ts":1763596800000,"profit_abs":0.0,"wins":0,"draws":0,"losses":0,"trades":0,"profit_factor":0.0},{"date":"21/11/2025","date_ts":1763683200000,"profit_abs":0.0,"wins":0,"draws":0,"losses":0,"trades":0,"profit_factor":0.0},{"date":"22/11/2025","date_ts":1763769600000,"profit_abs":0.0,"wins":0,"draws":0,"losses":0,"trades":0,"profit_factor":0.0},{"date":"23/11/2025","date_ts":1763856000000,"profit_abs":0.0,"wins":0,"draws":0,"losses":0,"trades":0,"profit_factor":0.0},{"date":"24/11/2025","date_ts":1763942400000,"profit_abs":0.0,"wins":0,"draws":0,"losses":0,"trades":0,"profit_factor":0.0},{"date":"25/11/2025","date_ts":1764028800000,"profit_abs":0.0,"wins":0,"draws":0,"losses":0,"trades":0,"profit_factor":0.0},{"date":"26/11/2025","date_ts":1764115200000,"profit_abs":0.0,"wins":0,"draws":0,"losses":0,"trades":0,"profit_factor":0.0},{"date":"27/11/2025","date_ts":1764201600000,"profit_abs":0.0,"wins":0,"draws":0,"losses":0,"trades":0,"profit_factor":0.0},{"date":"28/11/2025","date_ts":1764288000000,"profit_abs":0.0,"wins":0,"draws":0,"losses":0,"trades":0,"profit_factor":0.0},{"date":"29/11/2025","date_ts":1764374400000,"profit_abs":0.0,"wins":0,"draws":0,"losses":0,"trades":0,"profit_factor":0.0},{"date":"30/11/2025","date_ts":1764460800000,"profit_abs":0.0,"wins":0,"draws":0,"losses":0,"trades":0,"profit_factor":0.0},{"date":"01/12/2025","date_ts":1764547200000,"profit_abs":5.70961508,"wins":2,"draws":0,"losses":0,"trades":2,"profit_factor":0.0},{"date":"02/12/2025","date_ts":1764633600000,"profit_abs":0.0,"wins":0,"draws":0,"losses":0,"trades":0,"profit_factor":0.0},{"date":"03/12/2025","date_ts":1764720000000,"profit_abs":0.0,"wins":0,"draws":0,"losses":0,"trades":0,"profit_factor":0.0},{"date":"04/12/2025","date_ts":1764806400000,"profit_abs":0.0,"wins":0,"draws":0,"losses":0,"trades":0,"profit_factor":0.0},{"date":"05/12/2025","date_ts":1764892800000,"profit_abs":0.0,"wins":0,"draws":0,"losses":0,"trades":0,"profit_factor":0.0},{"date":"06/12/2025","date_ts":1764979200000,"profit_abs":1.2735367,"wins":1,"draws":0,"losses":0,"trades":1,"profit_factor":0.0},{"date":"07/12/2025","date_ts":1765065600000,"profit_abs":0.0,"wins":0,"draws":0,"losses":0,"trades":0,"profit_factor":0.0},{"date":"08/12/2025","date_ts":1765152000000,"profit_abs":0.0,"wins":0,"draws":0,"losses":0,"trades":0,"profit_factor":0.0},{"date":"09/12/2025","date_ts":1765238400000,"profit_abs":0.0,"wins":0,"draws":0,"losses":0,"trades":0,"profit_factor":0.0},{"date":"10/12/2025","date_ts":1765324800000,"profit_abs":0.0,"wins":0,"draws":0,"losses":0,"trades":0,"profit_factor":0.0},{"date":"11/12/2025","date_ts":1765411200000,"profit_abs":0.0,"wins":0,"draws":0,"losses":0,"trades":0,"profit_factor":0.0},{"date":"12/12/2025","date_ts":1765497600000,"profit_abs":0.0,"wins":0,"draws":0,"losses":0,"trades":0,"profit_factor":0.0},{"date":"13/12/2025","date_ts":1765584000000,"profit_abs":0.0,"wins":0,"draws":0,"losses":0,"trades":0,"profit_factor":0.0},{"date":"14/12/2025","date_ts":1765670400000,"profit_abs":0.0,"wins":0,"draws":0,"losses":0,"trades":0,"profit_factor":0.0},{"date":"15/12/2025","date_ts":1765756800000,"profit_abs":0.0,"wins":0,"draws":0,"losses":0,"trades":0,"profit_factor":0.0},{"date":"16/12/2025","date_ts":1765843200000,"profit_abs":1.625949,"wins":1,"draws":0,"losses":0,"trades":1,"profit_factor":0.0},{"date":"17/12/2025","date_ts":1765929600000,"profit_abs":0.0,"wins":0,"draws":0,"losses":0,"trades":0,"profit_factor":0.0},{"date":"18/12/2025","date_ts":1766016000000,"profit_abs":0.0,"wins":0,"draws":0,"losses":0,"trades":0,"profit_factor":0.0},{"date":"19/12/2025","date_ts":1766102400000,"profit_abs":0.0,"wins":0,"draws":0,"losses":0,"trades":0,"profit_factor":0.0},{"date":"20/12/2025","date_ts":1766188800000,"profit_abs":0.0,"wins":0,"draws":0,"losses":0,"trades":0,"profit_factor":0.0},{"date":"21/12/2025","date_ts":1766275200000,"profit_abs":0.0,"wins":0,"draws":0,"losses":0,"trades":0,"profit_factor":0.0},{"date":"22/12/2025","date_ts":1766361600000,"profit_abs":0.0,"wins":0,"draws":0,"losses":0,"trades":0,"profit_factor":0.0},{"date":"23/12/2025","date_ts":1766448000000,"profit_abs":0.0,"wins":0,"draws":0,"losses":0,"trades":0,"profit_factor":0.0},{"date":"24/12/2025","date_ts":1766534400000,"profit_abs":0.0,"wins":0,"draws":0,"losses":0,"trades":0,"profit_factor":0.0},{"date":"25/12/2025","date_ts":1766620800000,"profit_abs":0.0,"wins":0,"draws":0,"losses":0,"trades":0,"profit_factor":0.0},{"date":"26/12/2025","date_ts":1766707200000,"profit_abs":0.0,"wins":0,"draws":0,"losses":0,"trades":0,"profit_factor":0.0},{"date":"27/12/2025","date_ts":1766793600000,"profit_abs":0.0,"wins":0,"draws":0,"losses":0,"trades":0,"profit_factor":0.0},{"date":"28/12/2025","date_ts":1766880000000,"profit_abs":0.0,"wins":0,"draws":0,"losses":0,"trades":0,"profit_factor":0.0},{"date":"29/12/2025","date_ts":1766966400000,"profit_abs":0.0,"wins":0,"draws":0,"losses":0,"trades":0,"profit_factor":0.0},{"date":"30/12/2025","date_ts":1767052800000,"profit_abs":0.0,"wins":0,"draws":0,"losses":0,"trades":0,"profit_factor":0.0},{"date":"31/12/2025","date_ts":1767139200000,"profit_abs":0.0,"wins":0,"draws":0,"losses":0,"trades":0,"profit_factor":0.0},{"date":"01/01/2026","date_ts":1767225600000,"profit_abs":0.0400042,"wins":1,"draws":0,"losses":0,"trades":1,"profit_factor":0.0}],"week":[{"date":"13/10/2025","date_ts":1760313600000,"profit_abs":-17.13388656,"wins":0,"draws":0,"losses":1,"trades":1,"profit_factor":0.0},{"date":"20/10/2025","date_ts":1760918400000,"profit_abs":0.0,"wins":0,"draws":0,"losses":0,"trades":0,"profit_factor":0.0},{"date":"27/10/2025","date_ts":1761523200000,"profit_abs":0.0,"wins":0,"draws":0,"losses":0,"trades":0,"profit_factor":0.0},{"date":"03/11/2025","date_ts":1762128000000,"profit_abs":0.0,"wins":0,"draws":0,"losses":0,"trades":0,"profit_factor":0.0},{"date":"10/11/2025","date_ts":1762732800000,"profit_abs":0.0,"wins":0,"draws":0,"losses":0,"trades":0,"profit_factor":0.0},{"date":"17/11/2025","date_ts":1763337600000,"profit_abs":0.0,"wins":0,"draws":0,"losses":0,"trades":0,"profit_factor":0.0},{"date":"24/11/2025","date_ts":1763942400000,"profit_abs":0.0,"wins":0,"draws":0,"losses":0,"trades":0,"profit_factor":0.0},{"date":"01/12/2025","date_ts":1764547200000,"profit_abs":5.70961508,"wins":2,"draws":0,"losses":0,"trades":2,"profit_factor":0.0},{"date":"08/12/2025","date_ts":1765152000000,"profit_abs":1.2735367,"wins":1,"draws":0,"losses":0,"trades":1,"profit_factor":0.0},{"date":"15/12/2025","date_ts":1765756800000,"profit_abs":0.0,"wins":0,"draws":0,"losses":0,"trades":0,"profit_factor":0.0},{"date":"22/12/2025","date_ts":1766361600000,"profit_abs":1.625949,"wins":1,"draws":0,"losses":0,"trades":1,"profit_factor":0.0},{"date":"29/12/2025","date_ts":1766966400000,"profit_abs":0.0,"wins":0,"draws":0,"losses":0,"trades":0,"profit_factor":0.0},{"date":"05/01/2026","date_ts":1767571200000,"profit_abs":0.0400042,"wins":1,"draws":0,"losses":0,"trades":1,"profit_factor":0.0}],"month":[{"date":"31/10/2025","date_ts":1761868800000,"profit_abs":-17.13388656,"wins":0,"draws":0,"losses":1,"trades":1,"profit_factor":0.0},{"date":"30/11/2025","date_ts":1764460800000,"profit_abs":0.0,"wins":0,"draws":0,"losses":0,"trades":0,"profit_factor":0.0},{"date":"31/12/2025","date_ts":1767139200000,"profit_abs":8.60910078,"wins":4,"draws":0,"losses":0,"trades":4,"profit_factor":0.0},{"date":"31/01/2026","date_ts":1769817600000,"profit_abs":0.0400042,"wins":1,"draws":0,"losses":0,"trades":1,"profit_factor":0.0}],"year":[{"date":"31/12/2025","date_ts":1767139200000,"profit_abs":-8.52478578,"wins":4,"draws":0,"losses":1,"trades":5,"profit_factor":0.50246048},{"date":"31/12/2026","date_ts":1798675200000,"profit_abs":0.0400042,"wins":1,"draws":0,"losses":0,"trades":1,"profit_factor":0.0}],"weekday":[{"date":"Monday","date_ts":0,"profit_abs":5.70961508,"wins":2,"draws":0,"losses":0,"trades":2,"profit_factor":0.0},{"date":"Tuesday","date_ts":1,"profit_abs":1.625949,"wins":1,"draws":0,"losses":0,"trades":1,"profit_factor":0.0},{"date":"Thursday","date_ts":3,"profit_abs":0.0400042,"wins":1,"draws":0,"losses":0,"trades":1,"profit_factor":0.0},{"date":"Saturday","date_ts":5,"profit_abs":-15.86034986,"wins":1,"draws":0,"losses":1,"trades":2,"profit_factor":0.07432854}]},"backtest_best_day":0.01756679294346669,"backtest_worst_day":-0.05187552153211564,"backtest_best_day_abs":5.70961508,"backtest_worst_day_abs":-17.13388656,"winning_days":4,"draw_days":78,"losing_days":1,"daily_profit":[["2025-10-11",-17.13388656],["2025-10-12",0.0],["2025-10-13",0.0],["2025-10-14",0.0],["2025-10-15",0.0],["2025-10-16",0.0],["2025-10-17",0.0],["2025-10-18",0.0],["2025-10-19",0.0],["2025-10-20",0.0],["2025-10-21",0.0],["2025-10-22",0.0],["2025-10-23",0.0],["2025-10-24",0.0],["2025-10-25",0.0],["2025-10-26",0.0],["2025-10-27",0.0],["2025-10-28",0.0],["2025-10-29",0.0],["2025-10-30",0.0],["2025-10-31",0.0],["2025-11-01",0.0],["2025-11-02",0.0],["2025-11-03",0.0],["2025-11-04",0.0],["2025-11-05",0.0],["2025-11-06",0.0],["2025-11-07",0.0],["2025-11-08",0.0],["2025-11-09",0.0],["2025-11-10",0.0],["2025-11-11",0.0],["2025-11-12",0.0],["2025-11-13",0.0],["2025-11-14",0.0],["2025-11-15",0.0],["2025-11-16",0.0],["2025-11-17",0.0],["2025-11-18",0.0],["2025-11-19",0.0],["2025-11-20",0.0],["2025-11-21",0.0],["2025-11-22",0.0],["2025-11-23",0.0],["2025-11-24",0.0],["2025-11-25",0.0],["2025-11-26",0.0],["2025-11-27",0.0],["2025-11-28",0.0],["2025-11-29",0.0],["2025-11-30",0.0],["2025-12-01",5.70961508],["2025-12-02",0.0],["2025-12-03",0.0],["2025-12-04",0.0],["2025-12-05",0.0],["2025-12-06",1.2735367],["2025-12-07",0.0],["2025-12-08",0.0],["2025-12-09",0.0],["2025-12-10",0.0],["2025-12-11",0.0],["2025-12-12",0.0],["2025-12-13",0.0],["2025-12-14",0.0],["2025-12-15",0.0],["2025-12-16",1.625949],["2025-12-17",0.0],["2025-12-18",0.0],["2025-12-19",0.0],["2025-12-20",0.0],["2025-12-21",0.0],["2025-12-22",0.0],["2025-12-23",0.0],["2025-12-24",0.0],["2025-12-25",0.0],["2025-12-26",0.0],["2025-12-27",0.0],["2025-12-28",0.0],["2025-12-29",0.0],["2025-12-30",0.0],["2025-12-31",0.0],["2026-01-01",0.0400042]],"wins":5,"losses":1,"draws":0,"winrate":0.8333333333333334,"holding_avg":"2:20:00","holding_avg_s":8400.0,"winner_holding_min":"0d 02:00","winner_holding_min_s":7200.0,"winner_holding_max":"0d 02:00","winner_holding_max_s":7200.0,"winner_holding_avg":"0d 02:00","winner_holding_avg_s":7200.0,"loser_holding_min":"0d 04:00","loser_holding_min_s":14400.0,"loser_holding_max":"0d 04:00","loser_holding_max_s":14400.0,"loser_holding_avg":"0d 04:00","loser_holding_avg_s":14400.0,"max_consecutive_wins":5,"max_consecutive_losses":1,"max_drawdown_account":0.01713388655999995,"max_relative_drawdown":0.01713388655999995,"max_drawdown_abs":17.13388656,"drawdown_start":"2025-10-11 07:00:00","drawdown_start_ts":1760166000000.0,"drawdown_end":"2025-10-11 07:00:00","drawdown_end_ts":1760166000000.0,"drawdown_duration":"0 days 00:00:00","drawdown_duration_s":0.0,"max_drawdown_low":-17.13388656,"max_drawdown_high":0.0,"csum_min":982.86611344,"csum_max":991.51521842}},"strategy_comparison":[{"key":"ACO_8_6","trades":6,"profit_mean":-0.004218856102962291,"profit_mean_pct":-0.42,"profit_total_abs":-8.48478158,"profit_total":-0.00848478158,"profit_total_pct":-0.85,"duration_avg":"2:20:00","wins":5,"draws":0,"losses":1,"winrate":0.8333333333333334,"cagr":-0.03155490638095415,"expectancy":-1.4141302633333332,"expectancy_ratio":-0.0825341208126531,"sortino":-100,"sharpe":-0.23493062038125606,"calmar":-9.753477303774536,"sqn":-0.4445,"profit_factor":0.5047952751240814,"max_drawdown_account":0.01713388655999995,"max_drawdown_abs":"17.134"}]}