{"strategy":{"ACO_39_2":{"trades":[{"pair":"DOGE/USDT","stake_amount":329.92475,"max_stake_amount":329.92475,"amount":1675.0,"open_date":"2025-10-25 15:00:00+00:00","close_date":"2025-10-25 18:00:00+00:00","open_rate":0.19697,"close_rate":0.19736433433433434,"fee_open":0.001,"fee_close":0.001,"trade_duration":180,"profit_ratio":0.0,"profit_abs":0.0,"exit_reason":"roi","initial_stop_loss_abs":0.18713,"initial_stop_loss_ratio":-0.05,"stop_loss_abs":0.18713,"stop_loss_ratio":-0.05,"min_rate":0.19595,"max_rate":0.19816,"is_open":false,"enter_tag":"","leverage":1.0,"is_short":false,"open_timestamp":1761404400000,"close_timestamp":1761415200000,"orders":[{"amount":1675.0,"safe_price":0.19697,"ft_order_side":"buy","order_filled_timestamp":1761404400000,"ft_is_entry":true,"ft_order_tag":"","cost":330.25467475},{"amount":1675.0,"safe_price":0.19736433433433434,"ft_order_side":"sell","order_filled_timestamp":1761415200000,"ft_is_entry":false,"ft_order_tag":"roi","cost":330.91584527002}],"funding_fees":0.0,"weekday":5},{"pair":"DOGE/USDT","stake_amount":329.84368,"max_stake_amount":329.84368,"amount":1943.0,"open_date":"2025-11-13 17:00:00+00:00","close_date":"2025-11-13 19:00:00+00:00","open_rate":0.16976,"close_rate":0.16128,"fee_open":0.001,"fee_close":0.001,"trade_duration":120,"profit_ratio":-0.051851070701212074,"profit_abs":-17.11985072,"exit_reason":"stop_loss","initial_stop_loss_abs":0.16128,"initial_stop_loss_ratio":-0.05,"stop_loss_abs":0.16128,"stop_loss_ratio":-0.05,"min_rate":0.1602,"max_rate":0.16997,"is_open":false,"enter_tag":"","leverage":1.0,"is_short":false,"open_timestamp":1763053200000,"close_timestamp":1763060400000,"orders":[{"amount":1943.0,"safe_price":0.16976,"ft_order_side":"buy","order_filled_timestamp":1763053200000,"ft_is_entry":true,"ft_order_tag":"","cost":330.17352367999996},{"amount":1943.0,"safe_price":0.16128,"ft_order_side":"sell","order_filled_timestamp":1763060400000,"ft_is_entry":false,"ft_order_tag":"stop_loss","cost":313.68040704}],"funding_fees":0.0,"weekday":3},{"pair":"DOGE/USDT","stake_amount":324.23326,"max_stake_amount":324.23326,"amount":2041.0,"open_date":"2025-11-17 14:00:00+00:00","close_date":"2025-11-17 16:00:00+00:00","open_rate":0.15886,"close_rate":0.159178038038038,"fee_open":0.001,"fee_close":0.001,"trade_duration":120,"profit_ratio":0.0,"profit_abs":0.0,"exit_reason":"roi","initial_stop_loss_abs":0.15092,"initial_stop_loss_ratio":-0.05,"stop_loss_abs":0.15092,"stop_loss_ratio":-0.05,"min_rate":0.15562,"max_rate":0.1651,"is_open":false,"enter_tag":"","leverage":1.0,"is_short":false,"open_timestamp":1763388000000,"close_timestamp":1763395200000,"orders":[{"amount":2041.0,"safe_price":0.15886,"ft_order_side":"buy","order_filled_timestamp":1763388000000,"ft_is_entry":true,"ft_order_tag":"","cost":324.55749326},{"amount":2041.0,"safe_price":0.159178038038038,"ft_order_side":"sell","order_filled_timestamp":1763395200000,"ft_is_entry":false,"ft_order_tag":"roi","cost":325.20725801127116}],"funding_fees":0.0,"weekday":0},{"pair":"DOGE/USDT","stake_amount":324.2977,"max_stake_amount":324.2977,"amount":2185.0,"open_date":"2025-11-20 18:00:00+00:00","close_date":"2025-11-20 20:00:00+00:00","open_rate":0.14842,"close_rate":0.14965,"fee_open":0.001,"fee_close":0.001,"trade_duration":120,"profit_ratio":0.006272732792069809,"profit_abs":2.03626705,"exit_reason":"roi","initial_stop_loss_abs":0.141,"initial_stop_loss_ratio":-0.05,"stop_loss_abs":0.141,"stop_loss_ratio":-0.05,"min_rate":0.14623,"max_rate":0.15017,"is_open":false,"enter_tag":"","leverage":1.0,"is_short":false,"open_timestamp":1763661600000,"close_timestamp":1763668800000,"orders":[{"amount":2185.0,"safe_price":0.14842,"ft_order_side":"buy","order_filled_timestamp":1763661600000,"ft_is_entry":true,"ft_order_tag":"","cost":324.6219977},{"amount":2185.0,"safe_price":0.14965,"ft_order_side":"sell","order_filled_timestamp":1763668800000,"ft_is_entry":false,"ft_order_tag":"roi","cost":327.31223524999996}],"funding_fees":0.0,"weekday":3},{"pair":"DOGE/USDT","stake_amount":324.93648,"max_stake_amount":324.93648,"amount":2337.0,"open_date":"2025-12-13 18:00:00+00:00","close_date":"2025-12-13 22:00:00+00:00","open_rate":0.13904,"close_rate":0.13931835835835835,"fee_open":0.001,"fee_close":0.001,"trade_duration":240,"profit_ratio":0.0,"profit_abs":0.0,"exit_reason":"roi","initial_stop_loss_abs":0.13209,"initial_stop_loss_ratio":-0.05,"stop_loss_abs":0.13209,"stop_loss_ratio":-0.05,"min_rate":0.13789,"max_rate":0.13944,"is_open":false,"enter_tag":"","leverage":1.0,"is_short":false,"open_timestamp":1765648800000,"close_timestamp":1765663200000,"orders":[{"amount":2337.0,"safe_price":0.13904,"ft_order_side":"buy","order_filled_timestamp":1765648800000,"ft_is_entry":true,"ft_order_tag":"","cost":325.26141648},{"amount":2337.0,"safe_price":0.13931835835835835,"ft_order_side":"sell","order_filled_timestamp":1765663200000,"ft_is_entry":false,"ft_order_tag":"roi","cost":325.9125904869669}],"funding_fees":0.0,"weekday":5},{"pair":"DOGE/USDT","stake_amount":324.96822,"max_stake_amount":324.96822,"amount":2463.0,"open_date":"2025-12-21 01:00:00+00:00","close_date":"2025-12-21 08:00:00+00:00","open_rate":0.13194,"close_rate":0.13220414414414414,"fee_open":0.001,"fee_close":0.001,"trade_duration":420,"profit_ratio":0.0,"profit_abs":0.0,"exit_reason":"roi","initial_stop_loss_abs":0.12535,"initial_stop_loss_ratio":-0.05,"stop_loss_abs":0.12535,"stop_loss_ratio":-0.05,"min_rate":0.13049,"max_rate":0.13307,"is_open":false,"enter_tag":"","leverage":1.0,"is_short":false,"open_timestamp":1766278800000,"close_timestamp":1766304000000,"orders":[{"amount":2463.0,"safe_price":0.13194,"ft_order_side":"buy","order_filled_timestamp":1766278800000,"ft_is_entry":true,"ft_order_tag":"","cost":325.29318822},{"amount":2463.0,"safe_price":0.13220414414414414,"ft_order_side":"sell","order_filled_timestamp":1766304000000,"ft_is_entry":false,"ft_order_tag":"roi","cost":325.944425834054}],"funding_fees":0.0,"weekday":6},{"pair":"DOGE/USDT","stake_amount":325.01552,"max_stake_amount":325.01552,"amount":2648.0,"open_date":"2025-12-27 17:00:00+00:00","close_date":"2025-12-27 20:00:00+00:00","open_rate":0.12274,"close_rate":0.1229857257257257,"fee_open":0.001,"fee_close":0.001,"trade_duration":180,"profit_ratio":0.0,"profit_abs":0.0,"exit_reason":"roi","initial_stop_loss_abs":0.11661,"initial_stop_loss_ratio":-0.05,"stop_loss_abs":0.11661,"stop_loss_ratio":-0.05,"min_rate":0.12264,"max_rate":0.12335,"is_open":false,"enter_tag":"","leverage":1.0,"is_short":false,"open_timestamp":1766854800000,"close_timestamp":1766865600000,"orders":[{"amount":2648.0,"safe_price":0.12274,"ft_order_side":"buy","order_filled_timestamp":1766854800000,"ft_is_entry":true,"ft_order_tag":"","cost":325.34053551999995},{"amount":2648.0,"safe_price":0.1229857257257257,"ft_order_side":"sell","order_filled_timestamp":1766865600000,"ft_is_entry":false,"ft_order_tag":"roi","cost":325.99186792344335}],"funding_fees":0.0,"weekday":5}],"locks":[],"best_pair":{"key":"DOGE/USDT","trades":7,"profit_mean":-0.006511191129877467,"profit_mean_pct":-0.65,"profit_total_abs":-15.08358367,"profit_total":-0.01508358367,"profit_total_pct":-1.51,"duration_avg":"3:17:00","wins":1,"draws":5,"losses":1,"winrate":0.14285714285714285,"cagr":-0.05558559816089881,"expectancy":-2.154797667142857,"expectancy_ratio":-0.8401511615016499,"sortino":-100,"sharpe":-0.48308518713451165,"calmar":-17.35318757591333,"sqn":-0.8583,"profit_factor":0.1189418694884508,"max_drawdown_account":0.017119850720000045,"max_drawdown_abs":17.11985072},"worst_pair":{"key":"DOGE/USDT","trades":7,"profit_mean":-0.006511191129877467,"profit_mean_pct":-0.65,"profit_total_abs":-15.08358367,"profit_total":-0.01508358367,"profit_total_pct":-1.51,"duration_avg":"3:17:00","wins":1,"draws":5,"losses":1,"winrate":0.14285714285714285,"cagr":-0.05558559816089881,"expectancy":-2.154797667142857,"expectancy_ratio":-0.8401511615016499,"sortino":-100,"sharpe":-0.48308518713451165,"calmar":-17.35318757591333,"sqn":-0.8583,"profit_factor":0.1189418694884508,"max_drawdown_account":0.017119850720000045,"max_drawdown_abs":17.11985072},"results_per_pair":[{"key":"DOGE/USDT","trades":7,"profit_mean":-0.006511191129877467,"profit_mean_pct":-0.65,"profit_total_abs":-15.08358367,"profit_total":-0.01508358367,"profit_total_pct":-1.51,"duration_avg":"3:17:00","wins":1,"draws":5,"losses":1,"winrate":0.14285714285714285,"cagr":-0.05558559816089881,"expectancy":-2.154797667142857,"expectancy_ratio":-0.8401511615016499,"sortino":-100,"sharpe":-0.48308518713451165,"calmar":-17.35318757591333,"sqn":-0.8583,"profit_factor":0.1189418694884508,"max_drawdown_account":0.017119850720000045,"max_drawdown_abs":17.11985072},{"key":"TOTAL","trades":7,"profit_mean":-0.006511191129877467,"profit_mean_pct":-0.65,"profit_total_abs":-15.08358367,"profit_total":-0.01508358367,"profit_total_pct":-1.51,"duration_avg":"3:17:00","wins":1,"draws":5,"losses":1,"winrate":0.14285714285714285,"cagr":-0.05558559816089881,"expectancy":-2.154797667142857,"expectancy_ratio":-0.8401511615016499,"sortino":-100,"sharpe":-0.48308518713451165,"calmar":-17.35318757591333,"sqn":-0.8583,"profit_factor":0.1189418694884508,"max_drawdown_account":0.017119850720000045,"max_drawdown_abs":17.11985072}],"results_per_enter_tag":[{"key":"","trades":7,"profit_mean":-0.006511191129877467,"profit_mean_pct":-0.65,"profit_total_abs":-15.08358367,"profit_total":-0.01508358367,"profit_total_pct":-1.51,"duration_avg":"3:17:00","wins":1,"draws":5,"losses":1,"winrate":0.14285714285714285,"cagr":-0.05558559816089881,"expectancy":-2.154797667142857,"expectancy_ratio":-0.8401511615016499,"sortino":-100,"sharpe":-0.48308518713451165,"calmar":-17.35318757591333,"sqn":-0.8583,"profit_factor":0.1189418694884508,"max_drawdown_account":0.017119850720000045,"max_drawdown_abs":17.11985072},{"key":"TOTAL","trades":7,"profit_mean":-0.006511191129877467,"profit_mean_pct":-0.65,"profit_total_abs":-15.08358367,"profit_total":-0.01508358367,"profit_total_pct":-1.51,"duration_avg":"3:17:00","wins":1,"draws":5,"losses":1,"winrate":0.14285714285714285,"cagr":-0.05558559816089881,"expectancy":-2.154797667142857,"expectancy_ratio":-0.8401511615016499,"sortino":-100,"sharpe":-0.48308518713451165,"calmar":-17.35318757591333,"sqn":-0.8583,"profit_factor":0.1189418694884508,"max_drawdown_account":0.017119850720000045,"max_drawdown_abs":17.11985072}],"exit_reason_summary":[{"key":"roi","trades":6,"profit_mean":0.0010454554653449681,"profit_mean_pct":0.1,"profit_total_abs":2.03626705,"profit_total":0.0020362670500000003,"profit_total_pct":0.2,"duration_avg":"3:30:00","wins":1,"draws":5,"losses":0,"winrate":0.16666666666666666,"cagr":0.007683821583612582,"expectancy":0.3393778416666667,"expectancy_ratio":100.0,"sortino":-100,"sharpe":0.5284950770299505,"calmar":-100,"sqn":1.0,"profit_factor":0.0,"max_drawdown_account":0.0,"max_drawdown_abs":0.0},{"key":"stop_loss","trades":1,"profit_mean":-0.051851070701212074,"profit_mean_pct":-5.19,"profit_total_abs":-17.11985072,"profit_total":-0.01711985072,"profit_total_pct":-1.71,"duration_avg":"2:00:00","wins":0,"draws":0,"losses":1,"winrate":0.0,"cagr":-0.06291179276738679,"expectancy":-17.11985072,"expectancy_ratio":-1.0,"sortino":-100,"sharpe":-100,"calmar":-19.69584863354923,"sqn":-100.0,"profit_factor":0.0,"max_drawdown_account":0.017119850720000045,"max_drawdown_abs":17.11985072},{"key":"TOTAL","trades":7,"profit_mean":-0.006511191129877467,"profit_mean_pct":-0.65,"profit_total_abs":-15.08358367,"profit_total":-0.01508358367,"profit_total_pct":-1.51,"duration_avg":"3:17:00","wins":1,"draws":5,"losses":1,"winrate":0.14285714285714285,"cagr":-0.05558559816089881,"expectancy":-2.154797667142857,"expectancy_ratio":-0.8401511615016499,"sortino":-100,"sharpe":-0.48308518713451165,"calmar":-17.35318757591333,"sqn":-0.8583,"profit_factor":0.1189418694884508,"max_drawdown_account":0.017119850720000045,"max_drawdown_abs":17.11985072}],"mix_tag_stats":[{"key":["","roi"],"trades":6,"profit_mean":0.0010454554653449681,"profit_mean_pct":0.1,"profit_total_abs":2.03626705,"profit_total":0.0020362670500000003,"profit_total_pct":0.2,"duration_avg":"3:30:00","wins":1,"draws":5,"losses":0,"winrate":0.16666666666666666,"cagr":0.007683821583612582,"expectancy":0.3393778416666667,"expectancy_ratio":100.0,"sortino":-100,"sharpe":0.5284950770299505,"calmar":-100,"sqn":1.0,"profit_factor":0.0,"max_drawdown_account":0.0,"max_drawdown_abs":0.0},{"key":["","stop_loss"],"trades":1,"profit_mean":-0.051851070701212074,"profit_mean_pct":-5.19,"profit_total_abs":-17.11985072,"profit_total":-0.01711985072,"profit_total_pct":-1.71,"duration_avg":"2:00:00","wins":0,"draws":0,"losses":1,"winrate":0.0,"cagr":-0.06291179276738679,"expectancy":-17.11985072,"expectancy_ratio":-1.0,"sortino":-100,"sharpe":-100,"calmar":-19.69584863354923,"sqn":-100.0,"profit_factor":0.0,"max_drawdown_account":0.017119850720000045,"max_drawdown_abs":17.11985072},{"key":"TOTAL","trades":7,"profit_mean":-0.006511191129877467,"profit_mean_pct":-0.65,"profit_total_abs":-15.08358367,"profit_total":-0.01508358367,"profit_total_pct":-1.51,"duration_avg":"3:17:00","wins":1,"draws":5,"losses":1,"winrate":0.14285714285714285,"cagr":-0.05558559816089881,"expectancy":-2.154797667142857,"expectancy_ratio":-0.8401511615016499,"sortino":-100,"sharpe":-0.48308518713451165,"calmar":-17.35318757591333,"sqn":-0.8583,"profit_factor":0.1189418694884508,"max_drawdown_account":0.017119850720000045,"max_drawdown_abs":17.11985072}],"left_open_trades":[{"key":"TOTAL","trades":0,"profit_mean":0.0,"profit_mean_pct":0.0,"profit_total_abs":0.0,"profit_total":0.0,"profit_total_pct":0.0,"duration_avg":"0:00","wins":0,"draws":0,"losses":0,"winrate":0.0,"cagr":0.0,"expectancy":0.0,"expectancy_ratio":100.0,"sortino":0,"sharpe":0,"calmar":0,"sqn":0.0,"profit_factor":0.0,"max_drawdown_account":0.0,"max_drawdown_abs":0.0}],"total_trades":7,"trade_count_long":7,"trade_count_short":0,"total_volume":4560.467459425755,"avg_stake_amount":326.17423,"profit_mean":-0.006511191129877467,"profit_median":0.0,"profit_total":-0.01508358367,"profit_total_long":-0.01508358367,"profit_total_short":0.0,"profit_total_abs":-15.08358367,"profit_total_long_abs":-15.08358367,"profit_total_short_abs":0.0,"cagr":-0.05558559816089881,"expectancy":-2.154797667142857,"expectancy_ratio":-0.8401511615016499,"sortino":-100,"sharpe":-0.48308518713451165,"calmar":-17.35318757591333,"sqn":-0.8583,"profit_factor":0.1189418694884508,"backtest_start":"2025-10-01 00:00:00","backtest_start_ts":1759276800000,"backtest_end":"2026-01-06 20:00:00","backtest_end_ts":1767729600000,"backtest_days":97,"backtest_run_start_ts":1767741822,"backtest_run_end_ts":1767741823,"trades_per_day":0.07,"market_change":-0.36632086436227446,"pairlist":["DOGE/USDT"],"stake_amount":"unlimited","stake_currency":"USDT","stake_currency_decimals":3,"starting_balance":1000,"dry_run_wallet":1000,"final_balance":984.91641633,"rejected_signals":0,"timedout_entry_orders":0,"timedout_exit_orders":0,"canceled_trade_entries":0,"canceled_entry_orders":0,"replaced_entry_orders":0,"max_open_trades":1,"max_open_trades_setting":3,"timeframe":"1h","timeframe_detail":"","timerange":"20251001-","enable_protections":false,"strategy_name":"ACO_39_2","freqaimodel":null,"freqai_identifier":null,"stoploss":-0.05,"trailing_stop":false,"trailing_stop_positive":null,"trailing_stop_positive_offset":0.0,"trailing_only_offset_is_reached":false,"use_custom_stoploss":false,"minimal_roi":{"0":0.1,"60":0.05,"120":0.0},"use_exit_signal":true,"exit_profit_only":false,"exit_profit_offset":0.0,"ignore_roi_if_entry_signal":false,"trading_mode":"spot","margin_mode":"","periodic_breakdown":{"day":[{"date":"25/10/2025","date_ts":1761350400000,"profit_abs":0.0,"wins":0,"draws":1,"losses":0,"trades":1,"profit_factor":0.0},{"date":"26/10/2025","date_ts":1761436800000,"profit_abs":0.0,"wins":0,"draws":0,"losses":0,"trades":0,"profit_factor":0.0},{"date":"27/10/2025","date_ts":1761523200000,"profit_abs":0.0,"wins":0,"draws":0,"losses":0,"trades":0,"profit_factor":0.0},{"date":"28/10/2025","date_ts":1761609600000,"profit_abs":0.0,"wins":0,"draws":0,"losses":0,"trades":0,"profit_factor":0.0},{"date":"29/10/2025","date_ts":1761696000000,"profit_abs":0.0,"wins":0,"draws":0,"losses":0,"trades":0,"profit_factor":0.0},{"date":"30/10/2025","date_ts":1761782400000,"profit_abs":0.0,"wins":0,"draws":0,"losses":0,"trades":0,"profit_factor":0.0},{"date":"31/10/2025","date_ts":1761868800000,"profit_abs":0.0,"wins":0,"draws":0,"losses":0,"trades":0,"profit_factor":0.0},{"date":"01/11/2025","date_ts":1761955200000,"profit_abs":0.0,"wins":0,"draws":0,"losses":0,"trades":0,"profit_factor":0.0},{"date":"02/11/2025","date_ts":1762041600000,"profit_abs":0.0,"wins":0,"draws":0,"losses":0,"trades":0,"profit_factor":0.0},{"date":"03/11/2025","date_ts":1762128000000,"profit_abs":0.0,"wins":0,"draws":0,"losses":0,"trades":0,"profit_factor":0.0},{"date":"04/11/2025","date_ts":1762214400000,"profit_abs":0.0,"wins":0,"draws":0,"losses":0,"trades":0,"profit_factor":0.0},{"date":"05/11/2025","date_ts":1762300800000,"profit_abs":0.0,"wins":0,"draws":0,"losses":0,"trades":0,"profit_factor":0.0},{"date":"06/11/2025","date_ts":1762387200000,"profit_abs":0.0,"wins":0,"draws":0,"losses":0,"trades":0,"profit_factor":0.0},{"date":"07/11/2025","date_ts":1762473600000,"profit_abs":0.0,"wins":0,"draws":0,"losses":0,"trades":0,"profit_factor":0.0},{"date":"08/11/2025","date_ts":1762560000000,"profit_abs":0.0,"wins":0,"draws":0,"losses":0,"trades":0,"profit_factor":0.0},{"date":"09/11/2025","date_ts":1762646400000,"profit_abs":0.0,"wins":0,"draws":0,"losses":0,"trades":0,"profit_factor":0.0},{"date":"10/11/2025","date_ts":1762732800000,"profit_abs":0.0,"wins":0,"draws":0,"losses":0,"trades":0,"profit_factor":0.0},{"date":"11/11/2025","date_ts":1762819200000,"profit_abs":0.0,"wins":0,"draws":0,"losses":0,"trades":0,"profit_factor":0.0},{"date":"12/11/2025","date_ts":1762905600000,"profit_abs":0.0,"wins":0,"draws":0,"losses":0,"trades":0,"profit_factor":0.0},{"date":"13/11/2025","date_ts":1762992000000,"profit_abs":-17.11985072,"wins":0,"draws":0,"losses":1,"trades":1,"profit_factor":0.0},{"date":"14/11/2025","date_ts":1763078400000,"profit_abs":0.0,"wins":0,"draws":0,"losses":0,"trades":0,"profit_factor":0.0},{"date":"15/11/2025","date_ts":1763164800000,"profit_abs":0.0,"wins":0,"draws":0,"losses":0,"trades":0,"profit_factor":0.0},{"date":"16/11/2025","date_ts":1763251200000,"profit_abs":0.0,"wins":0,"draws":0,"losses":0,"trades":0,"profit_factor":0.0},{"date":"17/11/2025","date_ts":1763337600000,"profit_abs":0.0,"wins":0,"draws":1,"losses":0,"trades":1,"profit_factor":0.0},{"date":"18/11/2025","date_ts":1763424000000,"profit_abs":0.0,"wins":0,"draws":0,"losses":0,"trades":0,"profit_factor":0.0},{"date":"19/11/2025","date_ts":1763510400000,"profit_abs":0.0,"wins":0,"draws":0,"losses":0,"trades":0,"profit_factor":0.0},{"date":"20/11/2025","date_ts":1763596800000,"profit_abs":2.03626705,"wins":1,"draws":0,"losses":0,"trades":1,"profit_factor":0.0},{"date":"21/11/2025","date_ts":1763683200000,"profit_abs":0.0,"wins":0,"draws":0,"losses":0,"trades":0,"profit_factor":0.0},{"date":"22/11/2025","date_ts":1763769600000,"profit_abs":0.0,"wins":0,"draws":0,"losses":0,"trades":0,"profit_factor":0.0},{"date":"23/11/2025","date_ts":1763856000000,"profit_abs":0.0,"wins":0,"draws":0,"losses":0,"trades":0,"profit_factor":0.0},{"date":"24/11/2025","date_ts":1763942400000,"profit_abs":0.0,"wins":0,"draws":0,"losses":0,"trades":0,"profit_factor":0.0},{"date":"25/11/2025","date_ts":1764028800000,"profit_abs":0.0,"wins":0,"draws":0,"losses":0,"trades":0,"profit_factor":0.0},{"date":"26/11/2025","date_ts":1764115200000,"profit_abs":0.0,"wins":0,"draws":0,"losses":0,"trades":0,"profit_factor":0.0},{"date":"27/11/2025","date_ts":1764201600000,"profit_abs":0.0,"wins":0,"draws":0,"losses":0,"trades":0,"profit_factor":0.0},{"date":"28/11/2025","date_ts":1764288000000,"profit_abs":0.0,"wins":0,"draws":0,"losses":0,"trades":0,"profit_factor":0.0},{"date":"29/11/2025","date_ts":1764374400000,"profit_abs":0.0,"wins":0,"draws":0,"losses":0,"trades":0,"profit_factor":0.0},{"date":"30/11/2025","date_ts":1764460800000,"profit_abs":0.0,"wins":0,"draws":0,"losses":0,"trades":0,"profit_factor":0.0},{"date":"01/12/2025","date_ts":1764547200000,"profit_abs":0.0,"wins":0,"draws":0,"losses":0,"trades":0,"profit_factor":0.0},{"date":"02/12/2025","date_ts":1764633600000,"profit_abs":0.0,"wins":0,"draws":0,"losses":0,"trades":0,"profit_factor":0.0},{"date":"03/12/2025","date_ts":1764720000000,"profit_abs":0.0,"wins":0,"draws":0,"losses":0,"trades":0,"profit_factor":0.0},{"date":"04/12/2025","date_ts":1764806400000,"profit_abs":0.0,"wins":0,"draws":0,"losses":0,"trades":0,"profit_factor":0.0},{"date":"05/12/2025","date_ts":1764892800000,"profit_abs":0.0,"wins":0,"draws":0,"losses":0,"trades":0,"profit_factor":0.0},{"date":"06/12/2025","date_ts":1764979200000,"profit_abs":0.0,"wins":0,"draws":0,"losses":0,"trades":0,"profit_factor":0.0},{"date":"07/12/2025","date_ts":1765065600000,"profit_abs":0.0,"wins":0,"draws":0,"losses":0,"trades":0,"profit_factor":0.0},{"date":"08/12/2025","date_ts":1765152000000,"profit_abs":0.0,"wins":0,"draws":0,"losses":0,"trades":0,"profit_factor":0.0},{"date":"09/12/2025","date_ts":1765238400000,"profit_abs":0.0,"wins":0,"draws":0,"losses":0,"trades":0,"profit_factor":0.0},{"date":"10/12/2025","date_ts":1765324800000,"profit_abs":0.0,"wins":0,"draws":0,"losses":0,"trades":0,"profit_factor":0.0},{"date":"11/12/2025","date_ts":1765411200000,"profit_abs":0.0,"wins":0,"draws":0,"losses":0,"trades":0,"profit_factor":0.0},{"date":"12/12/2025","date_ts":1765497600000,"profit_abs":0.0,"wins":0,"draws":0,"losses":0,"trades":0,"profit_factor":0.0},{"date":"13/12/2025","date_ts":1765584000000,"profit_abs":0.0,"wins":0,"draws":1,"losses":0,"trades":1,"profit_factor":0.0},{"date":"14/12/2025","date_ts":1765670400000,"profit_abs":0.0,"wins":0,"draws":0,"losses":0,"trades":0,"profit_factor":0.0},{"date":"15/12/2025","date_ts":1765756800000,"profit_abs":0.0,"wins":0,"draws":0,"losses":0,"trades":0,"profit_factor":0.0},{"date":"16/12/2025","date_ts":1765843200000,"profit_abs":0.0,"wins":0,"draws":0,"losses":0,"trades":0,"profit_factor":0.0},{"date":"17/12/2025","date_ts":1765929600000,"profit_abs":0.0,"wins":0,"draws":0,"losses":0,"trades":0,"profit_factor":0.0},{"date":"18/12/2025","date_ts":1766016000000,"profit_abs":0.0,"wins":0,"draws":0,"losses":0,"trades":0,"profit_factor":0.0},{"date":"19/12/2025","date_ts":1766102400000,"profit_abs":0.0,"wins":0,"draws":0,"losses":0,"trades":0,"profit_factor":0.0},{"date":"20/12/2025","date_ts":1766188800000,"profit_abs":0.0,"wins":0,"draws":0,"losses":0,"trades":0,"profit_factor":0.0},{"date":"21/12/2025","date_ts":1766275200000,"profit_abs":0.0,"wins":0,"draws":1,"losses":0,"trades":1,"profit_factor":0.0},{"date":"22/12/2025","date_ts":1766361600000,"profit_abs":0.0,"wins":0,"draws":0,"losses":0,"trades":0,"profit_factor":0.0},{"date":"23/12/2025","date_ts":1766448000000,"profit_abs":0.0,"wins":0,"draws":0,"losses":0,"trades":0,"profit_factor":0.0},{"date":"24/12/2025","date_ts":1766534400000,"profit_abs":0.0,"wins":0,"draws":0,"losses":0,"trades":0,"profit_factor":0.0},{"date":"25/12/2025","date_ts":1766620800000,"profit_abs":0.0,"wins":0,"draws":0,"losses":0,"trades":0,"profit_factor":0.0},{"date":"26/12/2025","date_ts":1766707200000,"profit_abs":0.0,"wins":0,"draws":0,"losses":0,"trades":0,"profit_factor":0.0},{"date":"27/12/2025","date_ts":1766793600000,"profit_abs":0.0,"wins":0,"draws":1,"losses":0,"trades":1,"profit_factor":0.0}],"week":[{"date":"27/10/2025","date_ts":1761523200000,"profit_abs":0.0,"wins":0,"draws":1,"losses":0,"trades":1,"profit_factor":0.0},{"date":"03/11/2025","date_ts":1762128000000,"profit_abs":0.0,"wins":0,"draws":0,"losses":0,"trades":0,"profit_factor":0.0},{"date":"10/11/2025","date_ts":1762732800000,"profit_abs":0.0,"wins":0,"draws":0,"losses":0,"trades":0,"profit_factor":0.0},{"date":"17/11/2025","date_ts":1763337600000,"profit_abs":-17.11985072,"wins":0,"draws":1,"losses":1,"trades":2,"profit_factor":0.0},{"date":"24/11/2025","date_ts":1763942400000,"profit_abs":2.03626705,"wins":1,"draws":0,"losses":0,"trades":1,"profit_factor":0.0},{"date":"01/12/2025","date_ts":1764547200000,"profit_abs":0.0,"wins":0,"draws":0,"losses":0,"trades":0,"profit_factor":0.0},{"date":"08/12/2025","date_ts":1765152000000,"profit_abs":0.0,"wins":0,"draws":0,"losses":0,"trades":0,"profit_factor":0.0},{"date":"15/12/2025","date_ts":1765756800000,"profit_abs":0.0,"wins":0,"draws":1,"losses":0,"trades":1,"profit_factor":0.0},{"date":"22/12/2025","date_ts":1766361600000,"profit_abs":0.0,"wins":0,"draws":1,"losses":0,"trades":1,"profit_factor":0.0},{"date":"29/12/2025","date_ts":1766966400000,"profit_abs":0.0,"wins":0,"draws":1,"losses":0,"trades":1,"profit_factor":0.0}],"month":[{"date":"31/10/2025","date_ts":1761868800000,"profit_abs":0.0,"wins":0,"draws":1,"losses":0,"trades":1,"profit_factor":0.0},{"date":"30/11/2025","date_ts":1764460800000,"profit_abs":-15.08358367,"wins":1,"draws":1,"losses":1,"trades":3,"profit_factor":0.11894187},{"date":"31/12/2025","date_ts":1767139200000,"profit_abs":0.0,"wins":0,"draws":3,"losses":0,"trades":3,"profit_factor":0.0}],"year":[{"date":"31/12/2025","date_ts":1767139200000,"profit_abs":-15.08358367,"wins":1,"draws":5,"losses":1,"trades":7,"profit_factor":0.11894187}],"weekday":[{"date":"Monday","date_ts":0,"profit_abs":0.0,"wins":0,"draws":1,"losses":0,"trades":1,"profit_factor":0.0},{"date":"Thursday","date_ts":3,"profit_abs":-15.08358367,"wins":1,"draws":0,"losses":1,"trades":2,"profit_factor":0.11894187},{"date":"Saturday","date_ts":5,"profit_abs":0.0,"wins":0,"draws":3,"losses":0,"trades":3,"profit_factor":0.0},{"date":"Sunday","date_ts":6,"profit_abs":0.0,"wins":0,"draws":1,"losses":0,"trades":1,"profit_factor":0.0}]},"backtest_best_day":0.006272732792069809,"backtest_worst_day":-0.051851070701212074,"backtest_best_day_abs":2.03626705,"backtest_worst_day_abs":-17.11985072,"winning_days":1,"draw_days":62,"losing_days":1,"daily_profit":[["2025-10-25",0.0],["2025-10-26",0.0],["2025-10-27",0.0],["2025-10-28",0.0],["2025-10-29",0.0],["2025-10-30",0.0],["2025-10-31",0.0],["2025-11-01",0.0],["2025-11-02",0.0],["2025-11-03",0.0],["2025-11-04",0.0],["2025-11-05",0.0],["2025-11-06",0.0],["2025-11-07",0.0],["2025-11-08",0.0],["2025-11-09",0.0],["2025-11-10",0.0],["2025-11-11",0.0],["2025-11-12",0.0],["2025-11-13",-17.11985072],["2025-11-14",0.0],["2025-11-15",0.0],["2025-11-16",0.0],["2025-11-17",0.0],["2025-11-18",0.0],["2025-11-19",0.0],["2025-11-20",2.03626705],["2025-11-21",0.0],["2025-11-22",0.0],["2025-11-23",0.0],["2025-11-24",0.0],["2025-11-25",0.0],["2025-11-26",0.0],["2025-11-27",0.0],["2025-11-28",0.0],["2025-11-29",0.0],["2025-11-30",0.0],["2025-12-01",0.0],["2025-12-02",0.0],["2025-12-03",0.0],["2025-12-04",0.0],["2025-12-05",0.0],["2025-12-06",0.0],["2025-12-07",0.0],["2025-12-08",0.0],["2025-12-09",0.0],["2025-12-10",0.0],["2025-12-11",0.0],["2025-12-12",0.0],["2025-12-13",0.0],["2025-12-14",0.0],["2025-12-15",0.0],["2025-12-16",0.0],["2025-12-17",0.0],["2025-12-18",0.0],["2025-12-19",0.0],["2025-12-20",0.0],["2025-12-21",0.0],["2025-12-22",0.0],["2025-12-23",0.0],["2025-12-24",0.0],["2025-12-25",0.0],["2025-12-26",0.0],["2025-12-27",0.0]],"wins":1,"losses":1,"draws":5,"winrate":0.14285714285714285,"holding_avg":"3:17:00","holding_avg_s":11820.0,"winner_holding_min":"0d 02:00","winner_holding_min_s":7200.0,"winner_holding_max":"0d 02:00","winner_holding_max_s":7200.0,"winner_holding_avg":"0d 02:00","winner_holding_avg_s":7200.0,"loser_holding_min":"0d 02:00","loser_holding_min_s":7200.0,"loser_holding_max":"0d 02:00","loser_holding_max_s":7200.0,"loser_holding_avg":"0d 02:00","loser_holding_avg_s":7200.0,"max_consecutive_wins":1,"max_consecutive_losses":3,"max_drawdown_account":0.017119850720000045,"max_relative_drawdown":0.017119850720000045,"max_drawdown_abs":17.11985072,"drawdown_start":"2025-10-25 18:00:00","drawdown_start_ts":1761415200000.0,"drawdown_end":"2025-11-13 19:00:00","drawdown_end_ts":1763060400000.0,"drawdown_duration":"19 days 01:00:00","drawdown_duration_s":1645200.0,"max_drawdown_low":-17.11985072,"max_drawdown_high":0.0,"csum_min":982.88014928,"csum_max":1000.0}},"strategy_comparison":[{"key":"ACO_39_2","trades":7,"profit_mean":-0.006511191129877467,"profit_mean_pct":-0.65,"profit_total_abs":-15.08358367,"profit_total":-0.01508358367,"profit_total_pct":-1.51,"duration_avg":"3:17:00","wins":1,"draws":5,"losses":1,"winrate":0.14285714285714285,"cagr":-0.05558559816089881,"expectancy":-2.154797667142857,"expectancy_ratio":-0.8401511615016499,"sortino":-100,"sharpe":-0.48308518713451165,"calmar":-17.35318757591333,"sqn":-0.8583,"profit_factor":0.1189418694884508,"max_drawdown_account":0.017119850720000045,"max_drawdown_abs":"17.12"}]}