{"strategy":{"ACO_72_1":{"trades":[{"pair":"DOGE/USDT","stake_amount":329.90574,"max_stake_amount":329.90574,"amount":1653.0,"open_date":"2025-10-26 10:00:00+00:00","close_date":"2025-10-26 12:00:00+00:00","open_rate":0.19958,"close_rate":0.20183,"fee_open":0.001,"fee_close":0.001,"trade_duration":120,"profit_ratio":0.009253147894294302,"profit_abs":3.05571927,"exit_reason":"roi","initial_stop_loss_abs":0.18961,"initial_stop_loss_ratio":-0.05,"stop_loss_abs":0.18961,"stop_loss_ratio":-0.05,"min_rate":0.19833,"max_rate":0.20286,"is_open":false,"enter_tag":"","leverage":1.0,"is_short":false,"open_timestamp":1761472800000,"close_timestamp":1761480000000,"orders":[{"amount":1653.0,"safe_price":0.19958,"ft_order_side":"buy","order_filled_timestamp":1761472800000,"ft_is_entry":true,"ft_order_tag":"","cost":330.23564574},{"amount":1653.0,"safe_price":0.20183,"ft_order_side":"sell","order_filled_timestamp":1761480000000,"ft_is_entry":false,"ft_order_tag":"roi","cost":333.95861499}],"funding_fees":0.0,"weekday":6},{"pair":"DOGE/USDT","stake_amount":330.99136,"max_stake_amount":330.99136,"amount":2176.0,"open_date":"2025-11-24 18:00:00+00:00","close_date":"2025-11-24 20:00:00+00:00","open_rate":0.15211,"close_rate":0.15249,"fee_open":0.001,"fee_close":0.001,"trade_duration":120,"profit_ratio":0.0004951987070191001,"profit_abs":0.1640704,"exit_reason":"roi","initial_stop_loss_abs":0.14451,"initial_stop_loss_ratio":-0.05,"stop_loss_abs":0.14451,"stop_loss_ratio":-0.05,"min_rate":0.15174,"max_rate":0.15397,"is_open":false,"enter_tag":"","leverage":1.0,"is_short":false,"open_timestamp":1764007200000,"close_timestamp":1764014400000,"orders":[{"amount":2176.0,"safe_price":0.15211,"ft_order_side":"buy","order_filled_timestamp":1764007200000,"ft_is_entry":true,"ft_order_tag":"","cost":331.32235135999997},{"amount":2176.0,"safe_price":0.15249,"ft_order_side":"sell","order_filled_timestamp":1764014400000,"ft_is_entry":false,"ft_order_tag":"roi","cost":332.1500582399999}],"funding_fees":0.0,"weekday":0},{"pair":"DOGE/USDT","stake_amount":331.04528,"max_stake_amount":331.04528,"amount":2153.0,"open_date":"2025-11-28 16:00:00+00:00","close_date":"2025-11-30 23:00:00+00:00","open_rate":0.15376,"close_rate":0.14608,"fee_open":0.001,"fee_close":0.001,"trade_duration":3300,"profit_ratio":-0.05184617671610388,"profit_abs":-17.18059552,"exit_reason":"stop_loss","initial_stop_loss_abs":0.14608,"initial_stop_loss_ratio":-0.05,"stop_loss_abs":0.14608,"stop_loss_ratio":-0.05,"min_rate":0.14588,"max_rate":0.15379,"is_open":false,"enter_tag":"","leverage":1.0,"is_short":false,"open_timestamp":1764345600000,"close_timestamp":1764543600000,"orders":[{"amount":2153.0,"safe_price":0.15376,"ft_order_side":"buy","order_filled_timestamp":1764345600000,"ft_is_entry":true,"ft_order_tag":"","cost":331.37632527999995},{"amount":2153.0,"safe_price":0.14608,"ft_order_side":"sell","order_filled_timestamp":1764543600000,"ft_is_entry":false,"ft_order_tag":"stop_loss","cost":314.8247502399999}],"funding_fees":0.0,"weekday":6},{"pair":"DOGE/USDT","stake_amount":325.3712,"max_stake_amount":325.3712,"amount":2224.0,"open_date":"2025-12-09 16:00:00+00:00","close_date":"2025-12-09 18:00:00+00:00","open_rate":0.1463,"close_rate":0.15095,"fee_open":0.001,"fee_close":0.001,"trade_duration":120,"profit_ratio":0.029722498963783997,"profit_abs":9.680516,"exit_reason":"roi","initial_stop_loss_abs":0.13899,"initial_stop_loss_ratio":-0.05,"stop_loss_abs":0.13899,"stop_loss_ratio":-0.05,"min_rate":0.1463,"max_rate":0.15319,"is_open":false,"enter_tag":"","leverage":1.0,"is_short":false,"open_timestamp":1765296000000,"close_timestamp":1765303200000,"orders":[{"amount":2224.0,"safe_price":0.1463,"ft_order_side":"buy","order_filled_timestamp":1765296000000,"ft_is_entry":true,"ft_order_tag":"","cost":325.6965712},{"amount":2224.0,"safe_price":0.15095,"ft_order_side":"sell","order_filled_timestamp":1765303200000,"ft_is_entry":false,"ft_order_tag":"roi","cost":336.04851279999997}],"funding_fees":0.0,"weekday":1}],"locks":[],"best_pair":{"key":"DOGE/USDT","trades":4,"profit_mean":-0.0030938327877516204,"profit_mean_pct":-0.31,"profit_total_abs":-4.280289849999999,"profit_total":-0.004280289849999999,"profit_total_pct":-0.43,"duration_avg":"15:15:00","wins":3,"draws":0,"losses":1,"winrate":0.75,"cagr":-0.01601124878575455,"expectancy":-1.0700724624999998,"expectancy_ratio":-0.06228378179640659,"sortino":-100,"sharpe":-0.08497908674320503,"calmar":-4.9227270296430286,"sqn":-0.1868,"profit_factor":0.7508648728143739,"max_drawdown_account":0.017125455156393393,"max_drawdown_abs":17.18059552},"worst_pair":{"key":"DOGE/USDT","trades":4,"profit_mean":-0.0030938327877516204,"profit_mean_pct":-0.31,"profit_total_abs":-4.280289849999999,"profit_total":-0.004280289849999999,"profit_total_pct":-0.43,"duration_avg":"15:15:00","wins":3,"draws":0,"losses":1,"winrate":0.75,"cagr":-0.01601124878575455,"expectancy":-1.0700724624999998,"expectancy_ratio":-0.06228378179640659,"sortino":-100,"sharpe":-0.08497908674320503,"calmar":-4.9227270296430286,"sqn":-0.1868,"profit_factor":0.7508648728143739,"max_drawdown_account":0.017125455156393393,"max_drawdown_abs":17.18059552},"results_per_pair":[{"key":"DOGE/USDT","trades":4,"profit_mean":-0.0030938327877516204,"profit_mean_pct":-0.31,"profit_total_abs":-4.280289849999999,"profit_total":-0.004280289849999999,"profit_total_pct":-0.43,"duration_avg":"15:15:00","wins":3,"draws":0,"losses":1,"winrate":0.75,"cagr":-0.01601124878575455,"expectancy":-1.0700724624999998,"expectancy_ratio":-0.06228378179640659,"sortino":-100,"sharpe":-0.08497908674320503,"calmar":-4.9227270296430286,"sqn":-0.1868,"profit_factor":0.7508648728143739,"max_drawdown_account":0.017125455156393393,"max_drawdown_abs":17.18059552},{"key":"TOTAL","trades":4,"profit_mean":-0.0030938327877516204,"profit_mean_pct":-0.31,"profit_total_abs":-4.280289849999999,"profit_total":-0.004280289849999999,"profit_total_pct":-0.43,"duration_avg":"15:15:00","wins":3,"draws":0,"losses":1,"winrate":0.75,"cagr":-0.01601124878575455,"expectancy":-1.0700724624999998,"expectancy_ratio":-0.06228378179640659,"sortino":-100,"sharpe":-0.08497908674320503,"calmar":-4.9227270296430286,"sqn":-0.1868,"profit_factor":0.7508648728143739,"max_drawdown_account":0.017125455156393393,"max_drawdown_abs":17.18059552}],"results_per_enter_tag":[{"key":"","trades":4,"profit_mean":-0.0030938327877516204,"profit_mean_pct":-0.31,"profit_total_abs":-4.280289849999999,"profit_total":-0.004280289849999999,"profit_total_pct":-0.43,"duration_avg":"15:15:00","wins":3,"draws":0,"losses":1,"winrate":0.75,"cagr":-0.01601124878575455,"expectancy":-1.0700724624999998,"expectancy_ratio":-0.06228378179640659,"sortino":-100,"sharpe":-0.08497908674320503,"calmar":-4.9227270296430286,"sqn":-0.1868,"profit_factor":0.7508648728143739,"max_drawdown_account":0.017125455156393393,"max_drawdown_abs":17.18059552},{"key":"TOTAL","trades":4,"profit_mean":-0.0030938327877516204,"profit_mean_pct":-0.31,"profit_total_abs":-4.280289849999999,"profit_total":-0.004280289849999999,"profit_total_pct":-0.43,"duration_avg":"15:15:00","wins":3,"draws":0,"losses":1,"winrate":0.75,"cagr":-0.01601124878575455,"expectancy":-1.0700724624999998,"expectancy_ratio":-0.06228378179640659,"sortino":-100,"sharpe":-0.08497908674320503,"calmar":-4.9227270296430286,"sqn":-0.1868,"profit_factor":0.7508648728143739,"max_drawdown_account":0.017125455156393393,"max_drawdown_abs":17.18059552}],"exit_reason_summary":[{"key":"roi","trades":3,"profit_mean":0.013156948521699132,"profit_mean_pct":1.32,"profit_total_abs":12.900305670000002,"profit_total":0.012900305670000002,"profit_total_pct":1.29,"duration_avg":"2:00:00","wins":3,"draws":0,"losses":0,"winrate":1.0,"cagr":0.049414037092812224,"expectancy":4.3001018900000005,"expectancy_ratio":100.0,"sortino":-100,"sharpe":0.6378420460003472,"calmar":-100,"sqn":1.5266,"profit_factor":0.0,"max_drawdown_account":0.0,"max_drawdown_abs":0.0},{"key":"stop_loss","trades":1,"profit_mean":-0.05184617671610388,"profit_mean_pct":-5.18,"profit_total_abs":-17.18059552,"profit_total":-0.01718059552,"profit_total_pct":-1.72,"duration_avg":"2 days, 7:00:00","wins":0,"draws":0,"losses":1,"winrate":0.0,"cagr":-0.06312970071297752,"expectancy":-17.18059552,"expectancy_ratio":-1.0,"sortino":-100,"sharpe":-100,"calmar":-19.695848633549282,"sqn":-100.0,"profit_factor":0.0,"max_drawdown_account":0.017180595519999998,"max_drawdown_abs":17.18059552},{"key":"TOTAL","trades":4,"profit_mean":-0.0030938327877516204,"profit_mean_pct":-0.31,"profit_total_abs":-4.280289849999999,"profit_total":-0.004280289849999999,"profit_total_pct":-0.43,"duration_avg":"15:15:00","wins":3,"draws":0,"losses":1,"winrate":0.75,"cagr":-0.01601124878575455,"expectancy":-1.0700724624999998,"expectancy_ratio":-0.06228378179640659,"sortino":-100,"sharpe":-0.08497908674320503,"calmar":-4.9227270296430286,"sqn":-0.1868,"profit_factor":0.7508648728143739,"max_drawdown_account":0.017125455156393393,"max_drawdown_abs":17.18059552}],"mix_tag_stats":[{"key":["","roi"],"trades":3,"profit_mean":0.013156948521699132,"profit_mean_pct":1.32,"profit_total_abs":12.900305670000002,"profit_total":0.012900305670000002,"profit_total_pct":1.29,"duration_avg":"2:00:00","wins":3,"draws":0,"losses":0,"winrate":1.0,"cagr":0.049414037092812224,"expectancy":4.3001018900000005,"expectancy_ratio":100.0,"sortino":-100,"sharpe":0.6378420460003472,"calmar":-100,"sqn":1.5266,"profit_factor":0.0,"max_drawdown_account":0.0,"max_drawdown_abs":0.0},{"key":["","stop_loss"],"trades":1,"profit_mean":-0.05184617671610388,"profit_mean_pct":-5.18,"profit_total_abs":-17.18059552,"profit_total":-0.01718059552,"profit_total_pct":-1.72,"duration_avg":"2 days, 7:00:00","wins":0,"draws":0,"losses":1,"winrate":0.0,"cagr":-0.06312970071297752,"expectancy":-17.18059552,"expectancy_ratio":-1.0,"sortino":-100,"sharpe":-100,"calmar":-19.695848633549282,"sqn":-100.0,"profit_factor":0.0,"max_drawdown_account":0.017180595519999998,"max_drawdown_abs":17.18059552},{"key":"TOTAL","trades":4,"profit_mean":-0.0030938327877516204,"profit_mean_pct":-0.31,"profit_total_abs":-4.280289849999999,"profit_total":-0.004280289849999999,"profit_total_pct":-0.43,"duration_avg":"15:15:00","wins":3,"draws":0,"losses":1,"winrate":0.75,"cagr":-0.01601124878575455,"expectancy":-1.0700724624999998,"expectancy_ratio":-0.06228378179640659,"sortino":-100,"sharpe":-0.08497908674320503,"calmar":-4.9227270296430286,"sqn":-0.1868,"profit_factor":0.7508648728143739,"max_drawdown_account":0.017125455156393393,"max_drawdown_abs":17.18059552}],"left_open_trades":[{"key":"TOTAL","trades":0,"profit_mean":0.0,"profit_mean_pct":0.0,"profit_total_abs":0.0,"profit_total":0.0,"profit_total_pct":0.0,"duration_avg":"0:00","wins":0,"draws":0,"losses":0,"winrate":0.0,"cagr":0.0,"expectancy":0.0,"expectancy_ratio":100.0,"sortino":0,"sharpe":0,"calmar":0,"sqn":0.0,"profit_factor":0.0,"max_drawdown_account":0.0,"max_drawdown_abs":0.0}],"total_trades":4,"trade_count_long":4,"trade_count_short":0,"total_volume":2635.61282985,"avg_stake_amount":329.328395,"profit_mean":-0.0030938327877516204,"profit_median":0.004874173300656701,"profit_total":-0.004280289849999999,"profit_total_long":-0.004280289849999999,"profit_total_short":0.0,"profit_total_abs":-4.280289849999999,"profit_total_long_abs":-4.280289849999999,"profit_total_short_abs":0.0,"cagr":-0.01601124878575455,"expectancy":-1.0700724624999998,"expectancy_ratio":-0.06228378179640659,"sortino":-100,"sharpe":-0.08497908674320503,"calmar":-4.9227270296430286,"sqn":-0.1868,"profit_factor":0.7508648728143739,"backtest_start":"2025-10-01 00:00:00","backtest_start_ts":1759276800000,"backtest_end":"2026-01-06 20:00:00","backtest_end_ts":1767729600000,"backtest_days":97,"backtest_run_start_ts":1767746035,"backtest_run_end_ts":1767746035,"trades_per_day":0.04,"market_change":-0.36632086436227446,"pairlist":["DOGE/USDT"],"stake_amount":"unlimited","stake_currency":"USDT","stake_currency_decimals":3,"starting_balance":1000,"dry_run_wallet":1000,"final_balance":995.71971015,"rejected_signals":0,"timedout_entry_orders":0,"timedout_exit_orders":0,"canceled_trade_entries":0,"canceled_entry_orders":0,"replaced_entry_orders":0,"max_open_trades":1,"max_open_trades_setting":3,"timeframe":"1h","timeframe_detail":"","timerange":"20251001-","enable_protections":false,"strategy_name":"ACO_72_1","freqaimodel":null,"freqai_identifier":null,"stoploss":-0.05,"trailing_stop":false,"trailing_stop_positive":null,"trailing_stop_positive_offset":0.0,"trailing_only_offset_is_reached":false,"use_custom_stoploss":false,"minimal_roi":{"0":0.1,"60":0.05,"120":0.0},"use_exit_signal":true,"exit_profit_only":false,"exit_profit_offset":0.0,"ignore_roi_if_entry_signal":false,"trading_mode":"spot","margin_mode":"","periodic_breakdown":{"day":[{"date":"26/10/2025","date_ts":1761436800000,"profit_abs":3.05571927,"wins":1,"draws":0,"losses":0,"trades":1,"profit_factor":0.0},{"date":"27/10/2025","date_ts":1761523200000,"profit_abs":0.0,"wins":0,"draws":0,"losses":0,"trades":0,"profit_factor":0.0},{"date":"28/10/2025","date_ts":1761609600000,"profit_abs":0.0,"wins":0,"draws":0,"losses":0,"trades":0,"profit_factor":0.0},{"date":"29/10/2025","date_ts":1761696000000,"profit_abs":0.0,"wins":0,"draws":0,"losses":0,"trades":0,"profit_factor":0.0},{"date":"30/10/2025","date_ts":1761782400000,"profit_abs":0.0,"wins":0,"draws":0,"losses":0,"trades":0,"profit_factor":0.0},{"date":"31/10/2025","date_ts":1761868800000,"profit_abs":0.0,"wins":0,"draws":0,"losses":0,"trades":0,"profit_factor":0.0},{"date":"01/11/2025","date_ts":1761955200000,"profit_abs":0.0,"wins":0,"draws":0,"losses":0,"trades":0,"profit_factor":0.0},{"date":"02/11/2025","date_ts":1762041600000,"profit_abs":0.0,"wins":0,"draws":0,"losses":0,"trades":0,"profit_factor":0.0},{"date":"03/11/2025","date_ts":1762128000000,"profit_abs":0.0,"wins":0,"draws":0,"losses":0,"trades":0,"profit_factor":0.0},{"date":"04/11/2025","date_ts":1762214400000,"profit_abs":0.0,"wins":0,"draws":0,"losses":0,"trades":0,"profit_factor":0.0},{"date":"05/11/2025","date_ts":1762300800000,"profit_abs":0.0,"wins":0,"draws":0,"losses":0,"trades":0,"profit_factor":0.0},{"date":"06/11/2025","date_ts":1762387200000,"profit_abs":0.0,"wins":0,"draws":0,"losses":0,"trades":0,"profit_factor":0.0},{"date":"07/11/2025","date_ts":1762473600000,"profit_abs":0.0,"wins":0,"draws":0,"losses":0,"trades":0,"profit_factor":0.0},{"date":"08/11/2025","date_ts":1762560000000,"profit_abs":0.0,"wins":0,"draws":0,"losses":0,"trades":0,"profit_factor":0.0},{"date":"09/11/2025","date_ts":1762646400000,"profit_abs":0.0,"wins":0,"draws":0,"losses":0,"trades":0,"profit_factor":0.0},{"date":"10/11/2025","date_ts":1762732800000,"profit_abs":0.0,"wins":0,"draws":0,"losses":0,"trades":0,"profit_factor":0.0},{"date":"11/11/2025","date_ts":1762819200000,"profit_abs":0.0,"wins":0,"draws":0,"losses":0,"trades":0,"profit_factor":0.0},{"date":"12/11/2025","date_ts":1762905600000,"profit_abs":0.0,"wins":0,"draws":0,"losses":0,"trades":0,"profit_factor":0.0},{"date":"13/11/2025","date_ts":1762992000000,"profit_abs":0.0,"wins":0,"draws":0,"losses":0,"trades":0,"profit_factor":0.0},{"date":"14/11/2025","date_ts":1763078400000,"profit_abs":0.0,"wins":0,"draws":0,"losses":0,"trades":0,"profit_factor":0.0},{"date":"15/11/2025","date_ts":1763164800000,"profit_abs":0.0,"wins":0,"draws":0,"losses":0,"trades":0,"profit_factor":0.0},{"date":"16/11/2025","date_ts":1763251200000,"profit_abs":0.0,"wins":0,"draws":0,"losses":0,"trades":0,"profit_factor":0.0},{"date":"17/11/2025","date_ts":1763337600000,"profit_abs":0.0,"wins":0,"draws":0,"losses":0,"trades":0,"profit_factor":0.0},{"date":"18/11/2025","date_ts":1763424000000,"profit_abs":0.0,"wins":0,"draws":0,"losses":0,"trades":0,"profit_factor":0.0},{"date":"19/11/2025","date_ts":1763510400000,"profit_abs":0.0,"wins":0,"draws":0,"losses":0,"trades":0,"profit_factor":0.0},{"date":"20/11/2025","date_ts":1763596800000,"profit_abs":0.0,"wins":0,"draws":0,"losses":0,"trades":0,"profit_factor":0.0},{"date":"21/11/2025","date_ts":1763683200000,"profit_abs":0.0,"wins":0,"draws":0,"losses":0,"trades":0,"profit_factor":0.0},{"date":"22/11/2025","date_ts":1763769600000,"profit_abs":0.0,"wins":0,"draws":0,"losses":0,"trades":0,"profit_factor":0.0},{"date":"23/11/2025","date_ts":1763856000000,"profit_abs":0.0,"wins":0,"draws":0,"losses":0,"trades":0,"profit_factor":0.0},{"date":"24/11/2025","date_ts":1763942400000,"profit_abs":0.1640704,"wins":1,"draws":0,"losses":0,"trades":1,"profit_factor":0.0},{"date":"25/11/2025","date_ts":1764028800000,"profit_abs":0.0,"wins":0,"draws":0,"losses":0,"trades":0,"profit_factor":0.0},{"date":"26/11/2025","date_ts":1764115200000,"profit_abs":0.0,"wins":0,"draws":0,"losses":0,"trades":0,"profit_factor":0.0},{"date":"27/11/2025","date_ts":1764201600000,"profit_abs":0.0,"wins":0,"draws":0,"losses":0,"trades":0,"profit_factor":0.0},{"date":"28/11/2025","date_ts":1764288000000,"profit_abs":0.0,"wins":0,"draws":0,"losses":0,"trades":0,"profit_factor":0.0},{"date":"29/11/2025","date_ts":1764374400000,"profit_abs":0.0,"wins":0,"draws":0,"losses":0,"trades":0,"profit_factor":0.0},{"date":"30/11/2025","date_ts":1764460800000,"profit_abs":-17.18059552,"wins":0,"draws":0,"losses":1,"trades":1,"profit_factor":0.0},{"date":"01/12/2025","date_ts":1764547200000,"profit_abs":0.0,"wins":0,"draws":0,"losses":0,"trades":0,"profit_factor":0.0},{"date":"02/12/2025","date_ts":1764633600000,"profit_abs":0.0,"wins":0,"draws":0,"losses":0,"trades":0,"profit_factor":0.0},{"date":"03/12/2025","date_ts":1764720000000,"profit_abs":0.0,"wins":0,"draws":0,"losses":0,"trades":0,"profit_factor":0.0},{"date":"04/12/2025","date_ts":1764806400000,"profit_abs":0.0,"wins":0,"draws":0,"losses":0,"trades":0,"profit_factor":0.0},{"date":"05/12/2025","date_ts":1764892800000,"profit_abs":0.0,"wins":0,"draws":0,"losses":0,"trades":0,"profit_factor":0.0},{"date":"06/12/2025","date_ts":1764979200000,"profit_abs":0.0,"wins":0,"draws":0,"losses":0,"trades":0,"profit_factor":0.0},{"date":"07/12/2025","date_ts":1765065600000,"profit_abs":0.0,"wins":0,"draws":0,"losses":0,"trades":0,"profit_factor":0.0},{"date":"08/12/2025","date_ts":1765152000000,"profit_abs":0.0,"wins":0,"draws":0,"losses":0,"trades":0,"profit_factor":0.0},{"date":"09/12/2025","date_ts":1765238400000,"profit_abs":9.680516,"wins":1,"draws":0,"losses":0,"trades":1,"profit_factor":0.0}],"week":[{"date":"27/10/2025","date_ts":1761523200000,"profit_abs":3.05571927,"wins":1,"draws":0,"losses":0,"trades":1,"profit_factor":0.0},{"date":"03/11/2025","date_ts":1762128000000,"profit_abs":0.0,"wins":0,"draws":0,"losses":0,"trades":0,"profit_factor":0.0},{"date":"10/11/2025","date_ts":1762732800000,"profit_abs":0.0,"wins":0,"draws":0,"losses":0,"trades":0,"profit_factor":0.0},{"date":"17/11/2025","date_ts":1763337600000,"profit_abs":0.0,"wins":0,"draws":0,"losses":0,"trades":0,"profit_factor":0.0},{"date":"24/11/2025","date_ts":1763942400000,"profit_abs":0.1640704,"wins":1,"draws":0,"losses":0,"trades":1,"profit_factor":0.0},{"date":"01/12/2025","date_ts":1764547200000,"profit_abs":-17.18059552,"wins":0,"draws":0,"losses":1,"trades":1,"profit_factor":0.0},{"date":"08/12/2025","date_ts":1765152000000,"profit_abs":0.0,"wins":0,"draws":0,"losses":0,"trades":0,"profit_factor":0.0},{"date":"15/12/2025","date_ts":1765756800000,"profit_abs":9.680516,"wins":1,"draws":0,"losses":0,"trades":1,"profit_factor":0.0}],"month":[{"date":"31/10/2025","date_ts":1761868800000,"profit_abs":3.05571927,"wins":1,"draws":0,"losses":0,"trades":1,"profit_factor":0.0},{"date":"30/11/2025","date_ts":1764460800000,"profit_abs":-17.01652512,"wins":1,"draws":0,"losses":1,"trades":2,"profit_factor":0.00954975},{"date":"31/12/2025","date_ts":1767139200000,"profit_abs":9.680516,"wins":1,"draws":0,"losses":0,"trades":1,"profit_factor":0.0}],"year":[{"date":"31/12/2025","date_ts":1767139200000,"profit_abs":-4.28028985,"wins":3,"draws":0,"losses":1,"trades":4,"profit_factor":0.75086487}],"weekday":[{"date":"Monday","date_ts":0,"profit_abs":0.1640704,"wins":1,"draws":0,"losses":0,"trades":1,"profit_factor":0.0},{"date":"Tuesday","date_ts":1,"profit_abs":9.680516,"wins":1,"draws":0,"losses":0,"trades":1,"profit_factor":0.0},{"date":"Sunday","date_ts":6,"profit_abs":-14.12487625,"wins":1,"draws":0,"losses":1,"trades":2,"profit_factor":0.17785875}]},"backtest_best_day":0.029722498963783997,"backtest_worst_day":-0.05184617671610388,"backtest_best_day_abs":9.680516,"backtest_worst_day_abs":-17.18059552,"winning_days":3,"draw_days":41,"losing_days":1,"daily_profit":[["2025-10-26",3.05571927],["2025-10-27",0.0],["2025-10-28",0.0],["2025-10-29",0.0],["2025-10-30",0.0],["2025-10-31",0.0],["2025-11-01",0.0],["2025-11-02",0.0],["2025-11-03",0.0],["2025-11-04",0.0],["2025-11-05",0.0],["2025-11-06",0.0],["2025-11-07",0.0],["2025-11-08",0.0],["2025-11-09",0.0],["2025-11-10",0.0],["2025-11-11",0.0],["2025-11-12",0.0],["2025-11-13",0.0],["2025-11-14",0.0],["2025-11-15",0.0],["2025-11-16",0.0],["2025-11-17",0.0],["2025-11-18",0.0],["2025-11-19",0.0],["2025-11-20",0.0],["2025-11-21",0.0],["2025-11-22",0.0],["2025-11-23",0.0],["2025-11-24",0.1640704],["2025-11-25",0.0],["2025-11-26",0.0],["2025-11-27",0.0],["2025-11-28",0.0],["2025-11-29",0.0],["2025-11-30",-17.18059552],["2025-12-01",0.0],["2025-12-02",0.0],["2025-12-03",0.0],["2025-12-04",0.0],["2025-12-05",0.0],["2025-12-06",0.0],["2025-12-07",0.0],["2025-12-08",0.0],["2025-12-09",9.680516]],"wins":3,"losses":1,"draws":0,"winrate":0.75,"holding_avg":"15:15:00","holding_avg_s":54900.0,"winner_holding_min":"0d 02:00","winner_holding_min_s":7200.0,"winner_holding_max":"0d 02:00","winner_holding_max_s":7200.0,"winner_holding_avg":"0d 02:00","winner_holding_avg_s":7200.0,"loser_holding_min":"2d 07:00","loser_holding_min_s":198000.0,"loser_holding_max":"2d 07:00","loser_holding_max_s":198000.0,"loser_holding_avg":"2d 07:00","loser_holding_avg_s":198000.0,"max_consecutive_wins":2,"max_consecutive_losses":1,"max_drawdown_account":0.017125455156393393,"max_relative_drawdown":0.017125455156393393,"max_drawdown_abs":17.18059552,"drawdown_start":"2025-11-24 20:00:00","drawdown_start_ts":1764014400000.0,"drawdown_end":"2025-11-30 23:00:00","drawdown_end_ts":1764543600000.0,"drawdown_duration":"6 days 03:00:00","drawdown_duration_s":529200.0,"max_drawdown_low":-13.96080585,"max_drawdown_high":3.21978967,"csum_min":986.03919415,"csum_max":1003.21978967}},"strategy_comparison":[{"key":"ACO_72_1","trades":4,"profit_mean":-0.0030938327877516204,"profit_mean_pct":-0.31,"profit_total_abs":-4.280289849999999,"profit_total":-0.004280289849999999,"profit_total_pct":-0.43,"duration_avg":"15:15:00","wins":3,"draws":0,"losses":1,"winrate":0.75,"cagr":-0.01601124878575455,"expectancy":-1.0700724624999998,"expectancy_ratio":-0.06228378179640659,"sortino":-100,"sharpe":-0.08497908674320503,"calmar":-4.9227270296430286,"sqn":-0.1868,"profit_factor":0.7508648728143739,"max_drawdown_account":0.017125455156393393,"max_drawdown_abs":"17.181"}]}