{"strategy":{"ACO_53_5":{"trades":[{"pair":"DOGE/USDT","stake_amount":329.8578,"max_stake_amount":329.8578,"amount":1772.0,"open_date":"2025-10-10 22:00:00+00:00","close_date":"2025-10-10 22:00:00+00:00","open_rate":0.18615,"close_rate":0.17685,"fee_open":0.001,"fee_close":0.001,"trade_duration":0,"profit_ratio":-0.0518578923091413,"profit_abs":-17.122836,"exit_reason":"stop_loss","initial_stop_loss_abs":0.17685,"initial_stop_loss_ratio":-0.05,"stop_loss_abs":0.17685,"stop_loss_ratio":-0.05,"min_rate":0.16923,"max_rate":0.19509,"is_open":false,"enter_tag":"","leverage":1.0,"is_short":false,"open_timestamp":1760133600000,"close_timestamp":1760133600000,"orders":[{"amount":1772.0,"safe_price":0.18615,"ft_order_side":"buy","order_filled_timestamp":1760133600000,"ft_is_entry":true,"ft_order_tag":"","cost":330.18765779999995},{"amount":1772.0,"safe_price":0.17685,"ft_order_side":"sell","order_filled_timestamp":1760133600000,"ft_is_entry":false,"ft_order_tag":"stop_loss","cost":313.6915782}],"funding_fees":0.0,"weekday":4},{"pair":"DOGE/USDT","stake_amount":324.16736,"max_stake_amount":324.16736,"amount":1672.0,"open_date":"2025-10-11 11:00:00+00:00","close_date":"2025-10-11 19:00:00+00:00","open_rate":0.19388,"close_rate":0.18419,"fee_open":0.001,"fee_close":0.001,"trade_duration":480,"profit_ratio":-0.05187751180117592,"profit_abs":-16.83381304,"exit_reason":"stop_loss","initial_stop_loss_abs":0.18419,"initial_stop_loss_ratio":-0.05,"stop_loss_abs":0.18419,"stop_loss_ratio":-0.05,"min_rate":0.18286,"max_rate":0.19448,"is_open":false,"enter_tag":"","leverage":1.0,"is_short":false,"open_timestamp":1760180400000,"close_timestamp":1760209200000,"orders":[{"amount":1672.0,"safe_price":0.19388,"ft_order_side":"buy","order_filled_timestamp":1760180400000,"ft_is_entry":true,"ft_order_tag":"","cost":324.49152735999996},{"amount":1672.0,"safe_price":0.18419,"ft_order_side":"sell","order_filled_timestamp":1760209200000,"ft_is_entry":false,"ft_order_tag":"stop_loss","cost":308.2736456799999}],"funding_fees":0.0,"weekday":5},{"pair":"DOGE/USDT","stake_amount":318.69504,"max_stake_amount":318.69504,"amount":1728.0,"open_date":"2025-10-11 20:00:00+00:00","close_date":"2025-10-11 22:00:00+00:00","open_rate":0.18443,"close_rate":0.18479922922922923,"fee_open":0.001,"fee_close":0.001,"trade_duration":120,"profit_ratio":0.0,"profit_abs":0.0,"exit_reason":"roi","initial_stop_loss_abs":0.17521,"initial_stop_loss_ratio":-0.05,"stop_loss_abs":0.17521,"stop_loss_ratio":-0.05,"min_rate":0.17816,"max_rate":0.18622,"is_open":false,"enter_tag":"","leverage":1.0,"is_short":false,"open_timestamp":1760212800000,"close_timestamp":1760220000000,"orders":[{"amount":1728.0,"safe_price":0.18443,"ft_order_side":"buy","order_filled_timestamp":1760212800000,"ft_is_entry":true,"ft_order_tag":"","cost":319.01373504},{"amount":1728.0,"safe_price":0.18479922922922923,"ft_order_side":"sell","order_filled_timestamp":1760220000000,"ft_is_entry":false,"ft_order_tag":"roi","cost":319.65240117621613}],"funding_fees":0.0,"weekday":5},{"pair":"DOGE/USDT","stake_amount":318.63533,"max_stake_amount":318.63533,"amount":1747.0,"open_date":"2025-10-12 01:00:00+00:00","close_date":"2025-10-12 03:00:00+00:00","open_rate":0.18239,"close_rate":0.18275514514514513,"fee_open":0.001,"fee_close":0.001,"trade_duration":120,"profit_ratio":0.0,"profit_abs":0.0,"exit_reason":"roi","initial_stop_loss_abs":0.17328,"initial_stop_loss_ratio":-0.05,"stop_loss_abs":0.17328,"stop_loss_ratio":-0.05,"min_rate":0.18072,"max_rate":0.18675,"is_open":false,"enter_tag":"","leverage":1.0,"is_short":false,"open_timestamp":1760230800000,"close_timestamp":1760238000000,"orders":[{"amount":1747.0,"safe_price":0.18239,"ft_order_side":"buy","order_filled_timestamp":1760230800000,"ft_is_entry":true,"ft_order_tag":"","cost":318.95396532999996},{"amount":1747.0,"safe_price":0.18275514514514513,"ft_order_side":"sell","order_filled_timestamp":1760238000000,"ft_is_entry":false,"ft_order_tag":"roi","cost":319.5925118071371}],"funding_fees":0.0,"weekday":6},{"pair":"DOGE/USDT","stake_amount":318.61,"max_stake_amount":318.61,"amount":1688.0,"open_date":"2025-10-12 09:00:00+00:00","close_date":"2025-10-12 11:00:00+00:00","open_rate":0.18875,"close_rate":0.18912787787787785,"fee_open":0.001,"fee_close":0.001,"trade_duration":120,"profit_ratio":0.0,"profit_abs":0.0,"exit_reason":"roi","initial_stop_loss_abs":0.17932,"initial_stop_loss_ratio":-0.05,"stop_loss_abs":0.17932,"stop_loss_ratio":-0.05,"min_rate":0.18695,"max_rate":0.19054,"is_open":false,"enter_tag":"","leverage":1.0,"is_short":false,"open_timestamp":1760259600000,"close_timestamp":1760266800000,"orders":[{"amount":1688.0,"safe_price":0.18875,"ft_order_side":"buy","order_filled_timestamp":1760259600000,"ft_is_entry":true,"ft_order_tag":"","cost":318.92861},{"amount":1688.0,"safe_price":0.18912787787787785,"ft_order_side":"sell","order_filled_timestamp":1760266800000,"ft_is_entry":false,"ft_order_tag":"roi","cost":319.5671057157156}],"funding_fees":0.0,"weekday":6},{"pair":"DOGE/USDT","stake_amount":318.62688,"max_stake_amount":318.62688,"amount":1688.0,"open_date":"2025-10-12 12:00:00+00:00","close_date":"2025-10-12 14:00:00+00:00","open_rate":0.18876,"close_rate":0.1891378978978979,"fee_open":0.001,"fee_close":0.001,"trade_duration":120,"profit_ratio":0.0,"profit_abs":0.0,"exit_reason":"roi","initial_stop_loss_abs":0.17933,"initial_stop_loss_ratio":-0.05,"stop_loss_abs":0.17933,"stop_loss_ratio":-0.05,"min_rate":0.18624,"max_rate":0.19986,"is_open":false,"enter_tag":"","leverage":1.0,"is_short":false,"open_timestamp":1760270400000,"close_timestamp":1760277600000,"orders":[{"amount":1688.0,"safe_price":0.18876,"ft_order_side":"buy","order_filled_timestamp":1760270400000,"ft_is_entry":true,"ft_order_tag":"","cost":318.94550688},{"amount":1688.0,"safe_price":0.1891378978978979,"ft_order_side":"sell","order_filled_timestamp":1760277600000,"ft_is_entry":false,"ft_order_tag":"roi","cost":319.58403642330325}],"funding_fees":0.0,"weekday":6},{"pair":"DOGE/USDT","stake_amount":318.70962,"max_stake_amount":318.70962,"amount":1541.0,"open_date":"2025-10-12 22:00:00+00:00","close_date":"2025-10-13 00:00:00+00:00","open_rate":0.20682,"close_rate":0.20723405405405404,"fee_open":0.001,"fee_close":0.001,"trade_duration":120,"profit_ratio":0.0,"profit_abs":0.0,"exit_reason":"roi","initial_stop_loss_abs":0.19648,"initial_stop_loss_ratio":-0.05,"stop_loss_abs":0.19648,"stop_loss_ratio":-0.05,"min_rate":0.20465,"max_rate":0.20882,"is_open":false,"enter_tag":"","leverage":1.0,"is_short":false,"open_timestamp":1760306400000,"close_timestamp":1760313600000,"orders":[{"amount":1541.0,"safe_price":0.20682,"ft_order_side":"buy","order_filled_timestamp":1760306400000,"ft_is_entry":true,"ft_order_tag":"","cost":319.02832962},{"amount":1541.0,"safe_price":0.20723405405405404,"ft_order_side":"sell","order_filled_timestamp":1760313600000,"ft_is_entry":false,"ft_order_tag":"roi","cost":319.66702497459454}],"funding_fees":0.0,"weekday":0},{"pair":"DOGE/USDT","stake_amount":318.64493,"max_stake_amount":318.64493,"amount":1543.0,"open_date":"2025-10-13 01:00:00+00:00","close_date":"2025-10-13 03:00:00+00:00","open_rate":0.20651,"close_rate":0.20886,"fee_open":0.001,"fee_close":0.001,"trade_duration":120,"profit_ratio":0.009358855758545845,"profit_abs":2.98513409,"exit_reason":"roi","initial_stop_loss_abs":0.19619,"initial_stop_loss_ratio":-0.05,"stop_loss_abs":0.19619,"stop_loss_ratio":-0.05,"min_rate":0.20548,"max_rate":0.20999,"is_open":false,"enter_tag":"","leverage":1.0,"is_short":false,"open_timestamp":1760317200000,"close_timestamp":1760324400000,"orders":[{"amount":1543.0,"safe_price":0.20651,"ft_order_side":"buy","order_filled_timestamp":1760317200000,"ft_is_entry":true,"ft_order_tag":"","cost":318.96357492999994},{"amount":1543.0,"safe_price":0.20886,"ft_order_side":"sell","order_filled_timestamp":1760324400000,"ft_is_entry":false,"ft_order_tag":"roi","cost":322.59325098}],"funding_fees":0.0,"weekday":0},{"pair":"DOGE/USDT","stake_amount":319.77132,"max_stake_amount":319.77132,"amount":1543.0,"open_date":"2025-10-13 04:00:00+00:00","close_date":"2025-10-13 06:00:00+00:00","open_rate":0.20724,"close_rate":0.2078,"fee_open":0.001,"fee_close":0.001,"trade_duration":120,"profit_ratio":0.0006987800849989617,"profit_abs":0.22367328,"exit_reason":"roi","initial_stop_loss_abs":0.19688,"initial_stop_loss_ratio":-0.05,"stop_loss_abs":0.19688,"stop_loss_ratio":-0.05,"min_rate":0.20634,"max_rate":0.21138,"is_open":false,"enter_tag":"","leverage":1.0,"is_short":false,"open_timestamp":1760328000000,"close_timestamp":1760335200000,"orders":[{"amount":1543.0,"safe_price":0.20724,"ft_order_side":"buy","order_filled_timestamp":1760328000000,"ft_is_entry":true,"ft_order_tag":"","cost":320.09109132},{"amount":1543.0,"safe_price":0.2078,"ft_order_side":"sell","order_filled_timestamp":1760335200000,"ft_is_entry":false,"ft_order_tag":"roi","cost":320.95603539999996}],"funding_fees":0.0,"weekday":0},{"pair":"DOGE/USDT","stake_amount":319.66366,"max_stake_amount":319.66366,"amount":1574.0,"open_date":"2025-10-14 20:00:00+00:00","close_date":"2025-10-14 22:00:00+00:00","open_rate":0.20309,"close_rate":0.20359,"fee_open":0.001,"fee_close":0.001,"trade_duration":120,"profit_ratio":0.00045904167229687934,"profit_abs":0.14688568,"exit_reason":"roi","initial_stop_loss_abs":0.19294,"initial_stop_loss_ratio":-0.05,"stop_loss_abs":0.19294,"stop_loss_ratio":-0.05,"min_rate":0.20198,"max_rate":0.20516,"is_open":false,"enter_tag":"","leverage":1.0,"is_short":false,"open_timestamp":1760472000000,"close_timestamp":1760479200000,"orders":[{"amount":1574.0,"safe_price":0.20309,"ft_order_side":"buy","order_filled_timestamp":1760472000000,"ft_is_entry":true,"ft_order_tag":"","cost":319.98332365999994},{"amount":1574.0,"safe_price":0.20359,"ft_order_side":"sell","order_filled_timestamp":1760479200000,"ft_is_entry":false,"ft_order_tag":"roi","cost":320.7711106599999}],"funding_fees":0.0,"weekday":1},{"pair":"DOGE/USDT","stake_amount":319.77231,"max_stake_amount":319.77231,"amount":1703.0,"open_date":"2025-10-16 20:00:00+00:00","close_date":"2025-10-16 22:00:00+00:00","open_rate":0.18777,"close_rate":0.18816,"fee_open":0.001,"fee_close":0.001,"trade_duration":120,"profit_ratio":7.48572405386593e-05,"profit_abs":0.02396121,"exit_reason":"roi","initial_stop_loss_abs":0.17839,"initial_stop_loss_ratio":-0.05,"stop_loss_abs":0.17839,"stop_loss_ratio":-0.05,"min_rate":0.18469,"max_rate":0.18864,"is_open":false,"enter_tag":"","leverage":1.0,"is_short":false,"open_timestamp":1760644800000,"close_timestamp":1760652000000,"orders":[{"amount":1703.0,"safe_price":0.18777,"ft_order_side":"buy","order_filled_timestamp":1760644800000,"ft_is_entry":true,"ft_order_tag":"","cost":320.09208230999997},{"amount":1703.0,"safe_price":0.18816,"ft_order_side":"sell","order_filled_timestamp":1760652000000,"ft_is_entry":false,"ft_order_tag":"roi","cost":320.75691648}],"funding_fees":0.0,"weekday":3},{"pair":"DOGE/USDT","stake_amount":319.73252,"max_stake_amount":319.73252,"amount":1762.0,"open_date":"2025-10-17 15:00:00+00:00","close_date":"2025-10-17 17:00:00+00:00","open_rate":0.18146,"close_rate":0.18381,"fee_open":0.001,"fee_close":0.001,"trade_duration":120,"profit_ratio":0.010926635361772581,"profit_abs":3.49709426,"exit_reason":"roi","initial_stop_loss_abs":0.17239,"initial_stop_loss_ratio":-0.05,"stop_loss_abs":0.17239,"stop_loss_ratio":-0.05,"min_rate":0.18119,"max_rate":0.18726,"is_open":false,"enter_tag":"","leverage":1.0,"is_short":false,"open_timestamp":1760713200000,"close_timestamp":1760720400000,"orders":[{"amount":1762.0,"safe_price":0.18146,"ft_order_side":"buy","order_filled_timestamp":1760713200000,"ft_is_entry":true,"ft_order_tag":"","cost":320.05225251999997},{"amount":1762.0,"safe_price":0.18381,"ft_order_side":"sell","order_filled_timestamp":1760720400000,"ft_is_entry":false,"ft_order_tag":"roi","cost":324.19709321999994}],"funding_fees":0.0,"weekday":4},{"pair":"DOGE/USDT","stake_amount":321.05237,"max_stake_amount":321.05237,"amount":1993.0,"open_date":"2025-11-04 06:00:00+00:00","close_date":"2025-11-04 08:00:00+00:00","open_rate":0.16109,"close_rate":0.16201,"fee_open":0.001,"fee_close":0.001,"trade_duration":120,"profit_ratio":0.003701680404144865,"profit_abs":1.1896217,"exit_reason":"roi","initial_stop_loss_abs":0.15304,"initial_stop_loss_ratio":-0.05,"stop_loss_abs":0.15304,"stop_loss_ratio":-0.05,"min_rate":0.16062,"max_rate":0.16735,"is_open":false,"enter_tag":"","leverage":1.0,"is_short":false,"open_timestamp":1762236000000,"close_timestamp":1762243200000,"orders":[{"amount":1993.0,"safe_price":0.16109,"ft_order_side":"buy","order_filled_timestamp":1762236000000,"ft_is_entry":true,"ft_order_tag":"","cost":321.37342236999996},{"amount":1993.0,"safe_price":0.16201,"ft_order_side":"sell","order_filled_timestamp":1762243200000,"ft_is_entry":false,"ft_order_tag":"roi","cost":323.20881592999996}],"funding_fees":0.0,"weekday":1},{"pair":"DOGE/USDT","stake_amount":321.44112,"max_stake_amount":321.44112,"amount":2007.0,"open_date":"2025-11-04 17:00:00+00:00","close_date":"2025-11-04 19:00:00+00:00","open_rate":0.16016,"close_rate":0.16048064064064063,"fee_open":0.001,"fee_close":0.001,"trade_duration":120,"profit_ratio":0.0,"profit_abs":0.0,"exit_reason":"roi","initial_stop_loss_abs":0.15216,"initial_stop_loss_ratio":-0.05,"stop_loss_abs":0.15216,"stop_loss_ratio":-0.05,"min_rate":0.15419,"max_rate":0.16152,"is_open":false,"enter_tag":"","leverage":1.0,"is_short":false,"open_timestamp":1762275600000,"close_timestamp":1762282800000,"orders":[{"amount":2007.0,"safe_price":0.16016,"ft_order_side":"buy","order_filled_timestamp":1762275600000,"ft_is_entry":true,"ft_order_tag":"","cost":321.76256112},{"amount":2007.0,"safe_price":0.16048064064064063,"ft_order_side":"sell","order_filled_timestamp":1762282800000,"ft_is_entry":false,"ft_order_tag":"roi","cost":322.4067304115315}],"funding_fees":0.0,"weekday":1},{"pair":"DOGE/USDT","stake_amount":321.31098,"max_stake_amount":321.31098,"amount":2034.0,"open_date":"2025-11-04 20:00:00+00:00","close_date":"2025-11-04 22:00:00+00:00","open_rate":0.15797,"close_rate":0.1591,"fee_open":0.001,"fee_close":0.001,"trade_duration":120,"profit_ratio":0.005140962727846313,"profit_abs":1.65349962,"exit_reason":"roi","initial_stop_loss_abs":0.15008,"initial_stop_loss_ratio":-0.05,"stop_loss_abs":0.15008,"stop_loss_ratio":-0.05,"min_rate":0.15159,"max_rate":0.16436,"is_open":false,"enter_tag":"","leverage":1.0,"is_short":false,"open_timestamp":1762286400000,"close_timestamp":1762293600000,"orders":[{"amount":2034.0,"safe_price":0.15797,"ft_order_side":"buy","order_filled_timestamp":1762286400000,"ft_is_entry":true,"ft_order_tag":"","cost":321.63229097999994},{"amount":2034.0,"safe_price":0.1591,"ft_order_side":"sell","order_filled_timestamp":1762293600000,"ft_is_entry":false,"ft_order_tag":"roi","cost":323.93300939999995}],"funding_fees":0.0,"weekday":1},{"pair":"DOGE/USDT","stake_amount":321.92088,"max_stake_amount":321.92088,"amount":2001.0,"open_date":"2025-11-05 01:00:00+00:00","close_date":"2025-11-05 03:00:00+00:00","open_rate":0.16088,"close_rate":0.16431,"fee_open":0.001,"fee_close":0.001,"trade_duration":120,"profit_ratio":0.019279638809723346,"profit_abs":6.21272481,"exit_reason":"roi","initial_stop_loss_abs":0.15284,"initial_stop_loss_ratio":-0.05,"stop_loss_abs":0.15284,"stop_loss_ratio":-0.05,"min_rate":0.15456,"max_rate":0.16498,"is_open":false,"enter_tag":"","leverage":1.0,"is_short":false,"open_timestamp":1762304400000,"close_timestamp":1762311600000,"orders":[{"amount":2001.0,"safe_price":0.16088,"ft_order_side":"buy","order_filled_timestamp":1762304400000,"ft_is_entry":true,"ft_order_tag":"","cost":322.24280087999995},{"amount":2001.0,"safe_price":0.16431,"ft_order_side":"sell","order_filled_timestamp":1762311600000,"ft_is_entry":false,"ft_order_tag":"roi","cost":329.11309430999995}],"funding_fees":0.0,"weekday":2},{"pair":"DOGE/USDT","stake_amount":323.90288,"max_stake_amount":323.90288,"amount":1964.0,"open_date":"2025-11-05 08:00:00+00:00","close_date":"2025-11-05 13:00:00+00:00","open_rate":0.16492,"close_rate":0.16525017017017016,"fee_open":0.001,"fee_close":0.001,"trade_duration":300,"profit_ratio":0.0,"profit_abs":0.0,"exit_reason":"roi","initial_stop_loss_abs":0.15668,"initial_stop_loss_ratio":-0.05,"stop_loss_abs":0.15668,"stop_loss_ratio":-0.05,"min_rate":0.161,"max_rate":0.16617,"is_open":false,"enter_tag":"","leverage":1.0,"is_short":false,"open_timestamp":1762329600000,"close_timestamp":1762347600000,"orders":[{"amount":1964.0,"safe_price":0.16492,"ft_order_side":"buy","order_filled_timestamp":1762329600000,"ft_is_entry":true,"ft_order_tag":"","cost":324.22678288000003},{"amount":1964.0,"safe_price":0.16525017017017016,"ft_order_side":"sell","order_filled_timestamp":1762347600000,"ft_is_entry":false,"ft_order_tag":"roi","cost":324.87588554842836}],"funding_fees":0.0,"weekday":2},{"pair":"DOGE/USDT","stake_amount":324.01749,"max_stake_amount":324.01749,"amount":2039.0,"open_date":"2025-11-14 21:00:00+00:00","close_date":"2025-11-14 23:00:00+00:00","open_rate":0.15891,"close_rate":0.15933,"fee_open":0.001,"fee_close":0.001,"trade_duration":120,"profit_ratio":0.0006397227465756821,"profit_abs":0.20748864,"exit_reason":"roi","initial_stop_loss_abs":0.15097,"initial_stop_loss_ratio":-0.05,"stop_loss_abs":0.15097,"stop_loss_ratio":-0.05,"min_rate":0.15472,"max_rate":0.16111,"is_open":false,"enter_tag":"","leverage":1.0,"is_short":false,"open_timestamp":1763154000000,"close_timestamp":1763161200000,"orders":[{"amount":2039.0,"safe_price":0.15891,"ft_order_side":"buy","order_filled_timestamp":1763154000000,"ft_is_entry":true,"ft_order_tag":"","cost":324.34150748999997},{"amount":2039.0,"safe_price":0.15933,"ft_order_side":"sell","order_filled_timestamp":1763161200000,"ft_is_entry":false,"ft_order_tag":"roi","cost":325.19874387}],"funding_fees":0.0,"weekday":4},{"pair":"DOGE/USDT","stake_amount":323.97075,"max_stake_amount":323.97075,"amount":2055.0,"open_date":"2025-11-15 00:00:00+00:00","close_date":"2025-11-15 02:00:00+00:00","open_rate":0.15765,"close_rate":0.16137,"fee_open":0.001,"fee_close":0.001,"trade_duration":120,"profit_ratio":0.021551426689390533,"profit_abs":6.9890139,"exit_reason":"roi","initial_stop_loss_abs":0.14977,"initial_stop_loss_ratio":-0.05,"stop_loss_abs":0.14977,"stop_loss_ratio":-0.05,"min_rate":0.15721,"max_rate":0.16243,"is_open":false,"enter_tag":"","leverage":1.0,"is_short":false,"open_timestamp":1763164800000,"close_timestamp":1763172000000,"orders":[{"amount":2055.0,"safe_price":0.15765,"ft_order_side":"buy","order_filled_timestamp":1763164800000,"ft_is_entry":true,"ft_order_tag":"","cost":324.29472074999995},{"amount":2055.0,"safe_price":0.16137,"ft_order_side":"sell","order_filled_timestamp":1763172000000,"ft_is_entry":false,"ft_order_tag":"roi","cost":331.94696534999997}],"funding_fees":0.0,"weekday":5},{"pair":"DOGE/USDT","stake_amount":326.31375,"max_stake_amount":326.31375,"amount":2325.0,"open_date":"2025-11-21 08:00:00+00:00","close_date":"2025-11-21 12:00:00+00:00","open_rate":0.14035,"close_rate":0.13334,"fee_open":0.001,"fee_close":0.001,"trade_duration":240,"profit_ratio":-0.0518447708330145,"profit_abs":-16.93457925,"exit_reason":"stop_loss","initial_stop_loss_abs":0.13334,"initial_stop_loss_ratio":-0.05,"stop_loss_abs":0.13334,"stop_loss_ratio":-0.05,"min_rate":0.13321,"max_rate":0.14234,"is_open":false,"enter_tag":"","leverage":1.0,"is_short":false,"open_timestamp":1763712000000,"close_timestamp":1763726400000,"orders":[{"amount":2325.0,"safe_price":0.14035,"ft_order_side":"buy","order_filled_timestamp":1763712000000,"ft_is_entry":true,"ft_order_tag":"","cost":326.64006374999997},{"amount":2325.0,"safe_price":0.13334,"ft_order_side":"sell","order_filled_timestamp":1763726400000,"ft_is_entry":false,"ft_order_tag":"stop_loss","cost":310.32551549999994}],"funding_fees":0.0,"weekday":4},{"pair":"DOGE/USDT","stake_amount":320.8035,"max_stake_amount":320.8035,"amount":2325.0,"open_date":"2025-11-21 16:00:00+00:00","close_date":"2025-11-21 18:00:00+00:00","open_rate":0.13798,"close_rate":0.14163,"fee_open":0.001,"fee_close":0.001,"trade_duration":120,"profit_ratio":0.024402253783323502,"profit_abs":7.83615675,"exit_reason":"roi","initial_stop_loss_abs":0.13109,"initial_stop_loss_ratio":-0.05,"stop_loss_abs":0.13109,"stop_loss_ratio":-0.05,"min_rate":0.13575,"max_rate":0.1435,"is_open":false,"enter_tag":"","leverage":1.0,"is_short":false,"open_timestamp":1763740800000,"close_timestamp":1763748000000,"orders":[{"amount":2325.0,"safe_price":0.13798,"ft_order_side":"buy","order_filled_timestamp":1763740800000,"ft_is_entry":true,"ft_order_tag":"","cost":321.12430349999994},{"amount":2325.0,"safe_price":0.14163,"ft_order_side":"sell","order_filled_timestamp":1763748000000,"ft_is_entry":false,"ft_order_tag":"roi","cost":329.61903975}],"funding_fees":0.0,"weekday":4},{"pair":"DOGE/USDT","stake_amount":323.35536,"max_stake_amount":323.35536,"amount":2292.0,"open_date":"2025-11-21 19:00:00+00:00","close_date":"2025-11-21 21:00:00+00:00","open_rate":0.14108,"close_rate":0.14136244244244245,"fee_open":0.001,"fee_close":0.001,"trade_duration":120,"profit_ratio":0.0,"profit_abs":0.0,"exit_reason":"roi","initial_stop_loss_abs":0.13403,"initial_stop_loss_ratio":-0.05,"stop_loss_abs":0.13403,"stop_loss_ratio":-0.05,"min_rate":0.13756,"max_rate":0.14171,"is_open":false,"enter_tag":"","leverage":1.0,"is_short":false,"open_timestamp":1763751600000,"close_timestamp":1763758800000,"orders":[{"amount":2292.0,"safe_price":0.14108,"ft_order_side":"buy","order_filled_timestamp":1763751600000,"ft_is_entry":true,"ft_order_tag":"","cost":323.67871535999996},{"amount":2292.0,"safe_price":0.14136244244244245,"ft_order_side":"sell","order_filled_timestamp":1763758800000,"ft_is_entry":false,"ft_order_tag":"roi","cost":324.3267207961561}],"funding_fees":0.0,"weekday":4},{"pair":"DOGE/USDT","stake_amount":323.39776,"max_stake_amount":323.39776,"amount":2368.0,"open_date":"2025-11-21 23:00:00+00:00","close_date":"2025-11-22 01:00:00+00:00","open_rate":0.13657,"close_rate":0.14012,"fee_open":0.001,"fee_close":0.001,"trade_duration":120,"profit_ratio":0.02394405769964092,"profit_abs":7.75119808,"exit_reason":"roi","initial_stop_loss_abs":0.12975,"initial_stop_loss_ratio":-0.05,"stop_loss_abs":0.12975,"stop_loss_ratio":-0.05,"min_rate":0.13574,"max_rate":0.14148,"is_open":false,"enter_tag":"","leverage":1.0,"is_short":false,"open_timestamp":1763766000000,"close_timestamp":1763773200000,"orders":[{"amount":2368.0,"safe_price":0.13657,"ft_order_side":"buy","order_filled_timestamp":1763766000000,"ft_is_entry":true,"ft_order_tag":"","cost":323.72115776},{"amount":2368.0,"safe_price":0.14012,"ft_order_side":"sell","order_filled_timestamp":1763773200000,"ft_is_entry":false,"ft_order_tag":"roi","cost":332.13596415999996}],"funding_fees":0.0,"weekday":5},{"pair":"DOGE/USDT","stake_amount":325.93965,"max_stake_amount":325.93965,"amount":2339.0,"open_date":"2025-11-22 03:00:00+00:00","close_date":"2025-11-22 07:00:00+00:00","open_rate":0.13935,"close_rate":0.13962897897897897,"fee_open":0.001,"fee_close":0.001,"trade_duration":240,"profit_ratio":0.0,"profit_abs":0.0,"exit_reason":"roi","initial_stop_loss_abs":0.13239,"initial_stop_loss_ratio":-0.05,"stop_loss_abs":0.13239,"stop_loss_ratio":-0.05,"min_rate":0.13565,"max_rate":0.14016,"is_open":false,"enter_tag":"","leverage":1.0,"is_short":false,"open_timestamp":1763780400000,"close_timestamp":1763794800000,"orders":[{"amount":2339.0,"safe_price":0.13935,"ft_order_side":"buy","order_filled_timestamp":1763780400000,"ft_is_entry":true,"ft_order_tag":"","cost":326.26558965},{"amount":2339.0,"safe_price":0.13962897897897897,"ft_order_side":"sell","order_filled_timestamp":1763794800000,"ft_is_entry":false,"ft_order_tag":"roi","cost":326.9187740136636}],"funding_fees":0.0,"weekday":5},{"pair":"DOGE/USDT","stake_amount":325.93127,"max_stake_amount":325.93127,"amount":2389.0,"open_date":"2025-11-22 09:00:00+00:00","close_date":"2025-11-22 11:00:00+00:00","open_rate":0.13643,"close_rate":0.13677,"fee_open":0.001,"fee_close":0.001,"trade_duration":120,"profit_ratio":0.0004891392416130377,"profit_abs":0.1595852,"exit_reason":"roi","initial_stop_loss_abs":0.12961,"initial_stop_loss_ratio":-0.05,"stop_loss_abs":0.12961,"stop_loss_ratio":-0.05,"min_rate":0.13582,"max_rate":0.14011,"is_open":false,"enter_tag":"","leverage":1.0,"is_short":false,"open_timestamp":1763802000000,"close_timestamp":1763809200000,"orders":[{"amount":2389.0,"safe_price":0.13643,"ft_order_side":"buy","order_filled_timestamp":1763802000000,"ft_is_entry":true,"ft_order_tag":"","cost":326.25720126999994},{"amount":2389.0,"safe_price":0.13677,"ft_order_side":"sell","order_filled_timestamp":1763809200000,"ft_is_entry":false,"ft_order_tag":"roi","cost":327.07027353}],"funding_fees":0.0,"weekday":5},{"pair":"DOGE/USDT","stake_amount":325.996,"max_stake_amount":325.996,"amount":2390.0,"open_date":"2025-11-22 14:00:00+00:00","close_date":"2025-11-22 16:00:00+00:00","open_rate":0.1364,"close_rate":0.13816,"fee_open":0.001,"fee_close":0.001,"trade_duration":120,"profit_ratio":0.010879443137507652,"profit_abs":3.5502016,"exit_reason":"roi","initial_stop_loss_abs":0.12958,"initial_stop_loss_ratio":-0.05,"stop_loss_abs":0.12958,"stop_loss_ratio":-0.05,"min_rate":0.13632,"max_rate":0.13977,"is_open":false,"enter_tag":"","leverage":1.0,"is_short":false,"open_timestamp":1763820000000,"close_timestamp":1763827200000,"orders":[{"amount":2390.0,"safe_price":0.1364,"ft_order_side":"buy","order_filled_timestamp":1763820000000,"ft_is_entry":true,"ft_order_tag":"","cost":326.32199599999996},{"amount":2390.0,"safe_price":0.13816,"ft_order_side":"sell","order_filled_timestamp":1763827200000,"ft_is_entry":false,"ft_order_tag":"roi","cost":330.5326024}],"funding_fees":0.0,"weekday":5}],"locks":[],"best_pair":{"key":"DOGE/USDT","trades":26,"profit_mean":-0.0009243722917466514,"profit_mean_pct":-0.09,"profit_total_abs":-8.464989469999992,"profit_total":-0.008464989469999991,"profit_total_pct":-0.85,"duration_avg":"2:25:00","wins":14,"draws":9,"losses":3,"winrate":0.5384615384615384,"cagr":-0.0314821617707739,"expectancy":-0.3255765180769232,"expectancy_ratio":-0.36534633938008443,"sortino":-13.919094330286937,"sharpe":-0.2554492024075403,"calmar":-4.909941233874718,"sqn":-0.2494,"profit_factor":0.8336650587059352,"max_drawdown_account":0.03395664904,"max_drawdown_abs":33.95664904},"worst_pair":{"key":"DOGE/USDT","trades":26,"profit_mean":-0.0009243722917466514,"profit_mean_pct":-0.09,"profit_total_abs":-8.464989469999992,"profit_total":-0.008464989469999991,"profit_total_pct":-0.85,"duration_avg":"2:25:00","wins":14,"draws":9,"losses":3,"winrate":0.5384615384615384,"cagr":-0.0314821617707739,"expectancy":-0.3255765180769232,"expectancy_ratio":-0.36534633938008443,"sortino":-13.919094330286937,"sharpe":-0.2554492024075403,"calmar":-4.909941233874718,"sqn":-0.2494,"profit_factor":0.8336650587059352,"max_drawdown_account":0.03395664904,"max_drawdown_abs":33.95664904},"results_per_pair":[{"key":"DOGE/USDT","trades":26,"profit_mean":-0.0009243722917466514,"profit_mean_pct":-0.09,"profit_total_abs":-8.464989469999992,"profit_total":-0.008464989469999991,"profit_total_pct":-0.85,"duration_avg":"2:25:00","wins":14,"draws":9,"losses":3,"winrate":0.5384615384615384,"cagr":-0.0314821617707739,"expectancy":-0.3255765180769232,"expectancy_ratio":-0.36534633938008443,"sortino":-13.919094330286937,"sharpe":-0.2554492024075403,"calmar":-4.909941233874718,"sqn":-0.2494,"profit_factor":0.8336650587059352,"max_drawdown_account":0.03395664904,"max_drawdown_abs":33.95664904},{"key":"TOTAL","trades":26,"profit_mean":-0.0009243722917466514,"profit_mean_pct":-0.09,"profit_total_abs":-8.464989469999992,"profit_total":-0.008464989469999991,"profit_total_pct":-0.85,"duration_avg":"2:25:00","wins":14,"draws":9,"losses":3,"winrate":0.5384615384615384,"cagr":-0.0314821617707739,"expectancy":-0.3255765180769232,"expectancy_ratio":-0.36534633938008443,"sortino":-13.919094330286937,"sharpe":-0.2554492024075403,"calmar":-4.909941233874718,"sqn":-0.2494,"profit_factor":0.8336650587059352,"max_drawdown_account":0.03395664904,"max_drawdown_abs":33.95664904}],"results_per_enter_tag":[{"key":"","trades":26,"profit_mean":-0.0009243722917466514,"profit_mean_pct":-0.09,"profit_total_abs":-8.464989469999992,"profit_total":-0.008464989469999991,"profit_total_pct":-0.85,"duration_avg":"2:25:00","wins":14,"draws":9,"losses":3,"winrate":0.5384615384615384,"cagr":-0.0314821617707739,"expectancy":-0.3255765180769232,"expectancy_ratio":-0.36534633938008443,"sortino":-13.919094330286937,"sharpe":-0.2554492024075403,"calmar":-4.909941233874718,"sqn":-0.2494,"profit_factor":0.8336650587059352,"max_drawdown_account":0.03395664904,"max_drawdown_abs":33.95664904},{"key":"TOTAL","trades":26,"profit_mean":-0.0009243722917466514,"profit_mean_pct":-0.09,"profit_total_abs":-8.464989469999992,"profit_total":-0.008464989469999991,"profit_total_pct":-0.85,"duration_avg":"2:25:00","wins":14,"draws":9,"losses":3,"winrate":0.5384615384615384,"cagr":-0.0314821617707739,"expectancy":-0.3255765180769232,"expectancy_ratio":-0.36534633938008443,"sortino":-13.919094330286937,"sharpe":-0.2554492024075403,"calmar":-4.909941233874718,"sqn":-0.2494,"profit_factor":0.8336650587059352,"max_drawdown_account":0.03395664904,"max_drawdown_abs":33.95664904}],"exit_reason_summary":[{"key":"roi","trades":23,"profit_mean":0.005719412841648643,"profit_mean_pct":0.57,"profit_total_abs":42.42623882,"profit_total":0.04242623882,"profit_total_pct":4.24,"duration_avg":"2:13:00","wins":14,"draws":9,"losses":0,"winrate":0.6086956521739131,"cagr":0.16923699224691346,"expectancy":1.8446190791304349,"expectancy_ratio":100.0,"sortino":-100,"sharpe":3.0853834138721465,"calmar":-100,"sqn":3.1946,"profit_factor":0.0,"max_drawdown_account":0.0,"max_drawdown_abs":0.0},{"key":"stop_loss","trades":3,"profit_mean":-0.0518600583144439,"profit_mean_pct":-5.19,"profit_total_abs":-50.89122829,"profit_total":-0.05089122829,"profit_total_pct":-5.09,"duration_avg":"4:00:00","wins":0,"draws":0,"losses":3,"winrate":0.0,"cagr":-0.17843367037909186,"expectancy":-16.963742763333332,"expectancy_ratio":-1.0,"sortino":-83.68112088775901,"sharpe":-83.68112088775901,"calmar":-19.695848633549293,"sqn":-200.2841,"profit_factor":0.0,"max_drawdown_account":0.05089122828999996,"max_drawdown_abs":50.89122829},{"key":"TOTAL","trades":26,"profit_mean":-0.0009243722917466514,"profit_mean_pct":-0.09,"profit_total_abs":-8.464989469999992,"profit_total":-0.008464989469999991,"profit_total_pct":-0.85,"duration_avg":"2:25:00","wins":14,"draws":9,"losses":3,"winrate":0.5384615384615384,"cagr":-0.0314821617707739,"expectancy":-0.3255765180769232,"expectancy_ratio":-0.36534633938008443,"sortino":-13.919094330286937,"sharpe":-0.2554492024075403,"calmar":-4.909941233874718,"sqn":-0.2494,"profit_factor":0.8336650587059352,"max_drawdown_account":0.03395664904,"max_drawdown_abs":33.95664904}],"mix_tag_stats":[{"key":["","roi"],"trades":23,"profit_mean":0.005719412841648643,"profit_mean_pct":0.57,"profit_total_abs":42.42623882,"profit_total":0.04242623882,"profit_total_pct":4.24,"duration_avg":"2:13:00","wins":14,"draws":9,"losses":0,"winrate":0.6086956521739131,"cagr":0.16923699224691346,"expectancy":1.8446190791304349,"expectancy_ratio":100.0,"sortino":-100,"sharpe":3.0853834138721465,"calmar":-100,"sqn":3.1946,"profit_factor":0.0,"max_drawdown_account":0.0,"max_drawdown_abs":0.0},{"key":["","stop_loss"],"trades":3,"profit_mean":-0.0518600583144439,"profit_mean_pct":-5.19,"profit_total_abs":-50.89122829,"profit_total":-0.05089122829,"profit_total_pct":-5.09,"duration_avg":"4:00:00","wins":0,"draws":0,"losses":3,"winrate":0.0,"cagr":-0.17843367037909186,"expectancy":-16.963742763333332,"expectancy_ratio":-1.0,"sortino":-83.68112088775901,"sharpe":-83.68112088775901,"calmar":-19.695848633549293,"sqn":-200.2841,"profit_factor":0.0,"max_drawdown_account":0.05089122828999996,"max_drawdown_abs":50.89122829},{"key":"TOTAL","trades":26,"profit_mean":-0.0009243722917466514,"profit_mean_pct":-0.09,"profit_total_abs":-8.464989469999992,"profit_total":-0.008464989469999991,"profit_total_pct":-0.85,"duration_avg":"2:25:00","wins":14,"draws":9,"losses":3,"winrate":0.5384615384615384,"cagr":-0.0314821617707739,"expectancy":-0.3255765180769232,"expectancy_ratio":-0.36534633938008443,"sortino":-13.919094330286937,"sharpe":-0.2554492024075403,"calmar":-4.909941233874718,"sqn":-0.2494,"profit_factor":0.8336650587059352,"max_drawdown_account":0.03395664904,"max_drawdown_abs":33.95664904}],"left_open_trades":[{"key":"TOTAL","trades":0,"profit_mean":0.0,"profit_mean_pct":0.0,"profit_total_abs":0.0,"profit_total":0.0,"profit_total_pct":0.0,"duration_avg":"0:00","wins":0,"draws":0,"losses":0,"winrate":0.0,"cagr":0.0,"expectancy":0.0,"expectancy_ratio":100.0,"sortino":0,"sharpe":0,"calmar":0,"sqn":0.0,"profit_factor":0.0,"max_drawdown_account":0.0,"max_drawdown_abs":0.0}],"total_trades":26,"trade_count_long":26,"trade_count_short":0,"total_volume":16773.529616216743,"avg_stake_amount":322.0861742307692,"profit_mean":-0.0009243722917466514,"profit_median":0.0002669494564177693,"profit_total":-0.008464989469999991,"profit_total_long":-0.008464989469999991,"profit_total_short":0.0,"profit_total_abs":-8.464989469999992,"profit_total_long_abs":-8.464989469999992,"profit_total_short_abs":0.0,"cagr":-0.0314821617707739,"expectancy":-0.3255765180769232,"expectancy_ratio":-0.36534633938008443,"sortino":-13.919094330286937,"sharpe":-0.2554492024075403,"calmar":-4.909941233874718,"sqn":-0.2494,"profit_factor":0.8336650587059352,"backtest_start":"2025-10-01 00:00:00","backtest_start_ts":1759276800000,"backtest_end":"2026-01-06 20:00:00","backtest_end_ts":1767729600000,"backtest_days":97,"backtest_run_start_ts":1767747532,"backtest_run_end_ts":1767747532,"trades_per_day":0.27,"market_change":-0.36632086436227446,"pairlist":["DOGE/USDT"],"stake_amount":"unlimited","stake_currency":"USDT","stake_currency_decimals":3,"starting_balance":1000,"dry_run_wallet":1000,"final_balance":991.53501053,"rejected_signals":0,"timedout_entry_orders":0,"timedout_exit_orders":0,"canceled_trade_entries":0,"canceled_entry_orders":0,"replaced_entry_orders":0,"max_open_trades":1,"max_open_trades_setting":3,"timeframe":"1h","timeframe_detail":"","timerange":"20251001-","enable_protections":false,"strategy_name":"ACO_53_5","freqaimodel":null,"freqai_identifier":null,"stoploss":-0.05,"trailing_stop":false,"trailing_stop_positive":null,"trailing_stop_positive_offset":0.0,"trailing_only_offset_is_reached":false,"use_custom_stoploss":false,"minimal_roi":{"0":0.1,"60":0.05,"120":0.0},"use_exit_signal":true,"exit_profit_only":false,"exit_profit_offset":0.0,"ignore_roi_if_entry_signal":false,"trading_mode":"spot","margin_mode":"","periodic_breakdown":{"day":[{"date":"10/10/2025","date_ts":1760054400000,"profit_abs":-17.122836,"wins":0,"draws":0,"losses":1,"trades":1,"profit_factor":0.0},{"date":"11/10/2025","date_ts":1760140800000,"profit_abs":-16.83381304,"wins":0,"draws":1,"losses":1,"trades":2,"profit_factor":0.0},{"date":"12/10/2025","date_ts":1760227200000,"profit_abs":0.0,"wins":0,"draws":3,"losses":0,"trades":3,"profit_factor":0.0},{"date":"13/10/2025","date_ts":1760313600000,"profit_abs":3.20880737,"wins":2,"draws":1,"losses":0,"trades":3,"profit_factor":0.0},{"date":"14/10/2025","date_ts":1760400000000,"profit_abs":0.14688568,"wins":1,"draws":0,"losses":0,"trades":1,"profit_factor":0.0},{"date":"15/10/2025","date_ts":1760486400000,"profit_abs":0.0,"wins":0,"draws":0,"losses":0,"trades":0,"profit_factor":0.0},{"date":"16/10/2025","date_ts":1760572800000,"profit_abs":0.02396121,"wins":1,"draws":0,"losses":0,"trades":1,"profit_factor":0.0},{"date":"17/10/2025","date_ts":1760659200000,"profit_abs":3.49709426,"wins":1,"draws":0,"losses":0,"trades":1,"profit_factor":0.0},{"date":"18/10/2025","date_ts":1760745600000,"profit_abs":0.0,"wins":0,"draws":0,"losses":0,"trades":0,"profit_factor":0.0},{"date":"19/10/2025","date_ts":1760832000000,"profit_abs":0.0,"wins":0,"draws":0,"losses":0,"trades":0,"profit_factor":0.0},{"date":"20/10/2025","date_ts":1760918400000,"profit_abs":0.0,"wins":0,"draws":0,"losses":0,"trades":0,"profit_factor":0.0},{"date":"21/10/2025","date_ts":1761004800000,"profit_abs":0.0,"wins":0,"draws":0,"losses":0,"trades":0,"profit_factor":0.0},{"date":"22/10/2025","date_ts":1761091200000,"profit_abs":0.0,"wins":0,"draws":0,"losses":0,"trades":0,"profit_factor":0.0},{"date":"23/10/2025","date_ts":1761177600000,"profit_abs":0.0,"wins":0,"draws":0,"losses":0,"trades":0,"profit_factor":0.0},{"date":"24/10/2025","date_ts":1761264000000,"profit_abs":0.0,"wins":0,"draws":0,"losses":0,"trades":0,"profit_factor":0.0},{"date":"25/10/2025","date_ts":1761350400000,"profit_abs":0.0,"wins":0,"draws":0,"losses":0,"trades":0,"profit_factor":0.0},{"date":"26/10/2025","date_ts":1761436800000,"profit_abs":0.0,"wins":0,"draws":0,"losses":0,"trades":0,"profit_factor":0.0},{"date":"27/10/2025","date_ts":1761523200000,"profit_abs":0.0,"wins":0,"draws":0,"losses":0,"trades":0,"profit_factor":0.0},{"date":"28/10/2025","date_ts":1761609600000,"profit_abs":0.0,"wins":0,"draws":0,"losses":0,"trades":0,"profit_factor":0.0},{"date":"29/10/2025","date_ts":1761696000000,"profit_abs":0.0,"wins":0,"draws":0,"losses":0,"trades":0,"profit_factor":0.0},{"date":"30/10/2025","date_ts":1761782400000,"profit_abs":0.0,"wins":0,"draws":0,"losses":0,"trades":0,"profit_factor":0.0},{"date":"31/10/2025","date_ts":1761868800000,"profit_abs":0.0,"wins":0,"draws":0,"losses":0,"trades":0,"profit_factor":0.0},{"date":"01/11/2025","date_ts":1761955200000,"profit_abs":0.0,"wins":0,"draws":0,"losses":0,"trades":0,"profit_factor":0.0},{"date":"02/11/2025","date_ts":1762041600000,"profit_abs":0.0,"wins":0,"draws":0,"losses":0,"trades":0,"profit_factor":0.0},{"date":"03/11/2025","date_ts":1762128000000,"profit_abs":0.0,"wins":0,"draws":0,"losses":0,"trades":0,"profit_factor":0.0},{"date":"04/11/2025","date_ts":1762214400000,"profit_abs":2.84312132,"wins":2,"draws":1,"losses":0,"trades":3,"profit_factor":0.0},{"date":"05/11/2025","date_ts":1762300800000,"profit_abs":6.21272481,"wins":1,"draws":1,"losses":0,"trades":2,"profit_factor":0.0},{"date":"06/11/2025","date_ts":1762387200000,"profit_abs":0.0,"wins":0,"draws":0,"losses":0,"trades":0,"profit_factor":0.0},{"date":"07/11/2025","date_ts":1762473600000,"profit_abs":0.0,"wins":0,"draws":0,"losses":0,"trades":0,"profit_factor":0.0},{"date":"08/11/2025","date_ts":1762560000000,"profit_abs":0.0,"wins":0,"draws":0,"losses":0,"trades":0,"profit_factor":0.0},{"date":"09/11/2025","date_ts":1762646400000,"profit_abs":0.0,"wins":0,"draws":0,"losses":0,"trades":0,"profit_factor":0.0},{"date":"10/11/2025","date_ts":1762732800000,"profit_abs":0.0,"wins":0,"draws":0,"losses":0,"trades":0,"profit_factor":0.0},{"date":"11/11/2025","date_ts":1762819200000,"profit_abs":0.0,"wins":0,"draws":0,"losses":0,"trades":0,"profit_factor":0.0},{"date":"12/11/2025","date_ts":1762905600000,"profit_abs":0.0,"wins":0,"draws":0,"losses":0,"trades":0,"profit_factor":0.0},{"date":"13/11/2025","date_ts":1762992000000,"profit_abs":0.0,"wins":0,"draws":0,"losses":0,"trades":0,"profit_factor":0.0},{"date":"14/11/2025","date_ts":1763078400000,"profit_abs":0.20748864,"wins":1,"draws":0,"losses":0,"trades":1,"profit_factor":0.0},{"date":"15/11/2025","date_ts":1763164800000,"profit_abs":6.9890139,"wins":1,"draws":0,"losses":0,"trades":1,"profit_factor":0.0},{"date":"16/11/2025","date_ts":1763251200000,"profit_abs":0.0,"wins":0,"draws":0,"losses":0,"trades":0,"profit_factor":0.0},{"date":"17/11/2025","date_ts":1763337600000,"profit_abs":0.0,"wins":0,"draws":0,"losses":0,"trades":0,"profit_factor":0.0},{"date":"18/11/2025","date_ts":1763424000000,"profit_abs":0.0,"wins":0,"draws":0,"losses":0,"trades":0,"profit_factor":0.0},{"date":"19/11/2025","date_ts":1763510400000,"profit_abs":0.0,"wins":0,"draws":0,"losses":0,"trades":0,"profit_factor":0.0},{"date":"20/11/2025","date_ts":1763596800000,"profit_abs":0.0,"wins":0,"draws":0,"losses":0,"trades":0,"profit_factor":0.0},{"date":"21/11/2025","date_ts":1763683200000,"profit_abs":-9.0984225,"wins":1,"draws":1,"losses":1,"trades":3,"profit_factor":0.46273112},{"date":"22/11/2025","date_ts":1763769600000,"profit_abs":11.46098488,"wins":3,"draws":1,"losses":0,"trades":4,"profit_factor":0.0}],"week":[{"date":"13/10/2025","date_ts":1760313600000,"profit_abs":-30.74784167,"wins":2,"draws":5,"losses":2,"trades":9,"profit_factor":0.09449717},{"date":"20/10/2025","date_ts":1760918400000,"profit_abs":3.66794115,"wins":3,"draws":0,"losses":0,"trades":3,"profit_factor":0.0},{"date":"27/10/2025","date_ts":1761523200000,"profit_abs":0.0,"wins":0,"draws":0,"losses":0,"trades":0,"profit_factor":0.0},{"date":"03/11/2025","date_ts":1762128000000,"profit_abs":0.0,"wins":0,"draws":0,"losses":0,"trades":0,"profit_factor":0.0},{"date":"10/11/2025","date_ts":1762732800000,"profit_abs":9.05584613,"wins":3,"draws":2,"losses":0,"trades":5,"profit_factor":0.0},{"date":"17/11/2025","date_ts":1763337600000,"profit_abs":7.19650254,"wins":2,"draws":0,"losses":0,"trades":2,"profit_factor":0.0},{"date":"24/11/2025","date_ts":1763942400000,"profit_abs":2.36256238,"wins":4,"draws":2,"losses":1,"trades":7,"profit_factor":1.13951114}],"month":[{"date":"31/10/2025","date_ts":1761868800000,"profit_abs":-27.07990052,"wins":5,"draws":5,"losses":2,"trades":12,"profit_factor":0.20251552},{"date":"30/11/2025","date_ts":1764460800000,"profit_abs":18.61491105,"wins":9,"draws":4,"losses":1,"trades":14,"profit_factor":2.09922489}],"year":[{"date":"31/12/2025","date_ts":1767139200000,"profit_abs":-8.46498947,"wins":14,"draws":9,"losses":3,"trades":26,"profit_factor":0.83366506}],"weekday":[{"date":"Monday","date_ts":0,"profit_abs":3.20880737,"wins":2,"draws":1,"losses":0,"trades":3,"profit_factor":0.0},{"date":"Tuesday","date_ts":1,"profit_abs":2.990007,"wins":3,"draws":1,"losses":0,"trades":4,"profit_factor":0.0},{"date":"Wednesday","date_ts":2,"profit_abs":6.21272481,"wins":1,"draws":1,"losses":0,"trades":2,"profit_factor":0.0},{"date":"Thursday","date_ts":3,"profit_abs":0.02396121,"wins":1,"draws":0,"losses":0,"trades":1,"profit_factor":0.0},{"date":"Friday","date_ts":4,"profit_abs":-22.5166756,"wins":3,"draws":1,"losses":2,"trades":6,"profit_factor":0.33886129},{"date":"Saturday","date_ts":5,"profit_abs":1.61618574,"wins":4,"draws":2,"losses":1,"trades":7,"profit_factor":1.0960083},{"date":"Sunday","date_ts":6,"profit_abs":0.0,"wins":0,"draws":3,"losses":0,"trades":3,"profit_factor":0.0}]},"backtest_best_day":0.03531264007876161,"backtest_worst_day":-0.05187751180117592,"backtest_best_day_abs":11.46098488,"backtest_worst_day_abs":-17.122836,"winning_days":9,"draw_days":32,"losing_days":3,"daily_profit":[["2025-10-10",-17.122836],["2025-10-11",-16.83381304],["2025-10-12",0.0],["2025-10-13",3.20880737],["2025-10-14",0.14688568],["2025-10-15",0.0],["2025-10-16",0.02396121],["2025-10-17",3.49709426],["2025-10-18",0.0],["2025-10-19",0.0],["2025-10-20",0.0],["2025-10-21",0.0],["2025-10-22",0.0],["2025-10-23",0.0],["2025-10-24",0.0],["2025-10-25",0.0],["2025-10-26",0.0],["2025-10-27",0.0],["2025-10-28",0.0],["2025-10-29",0.0],["2025-10-30",0.0],["2025-10-31",0.0],["2025-11-01",0.0],["2025-11-02",0.0],["2025-11-03",0.0],["2025-11-04",2.84312132],["2025-11-05",6.21272481],["2025-11-06",0.0],["2025-11-07",0.0],["2025-11-08",0.0],["2025-11-09",0.0],["2025-11-10",0.0],["2025-11-11",0.0],["2025-11-12",0.0],["2025-11-13",0.0],["2025-11-14",0.20748864],["2025-11-15",6.9890139],["2025-11-16",0.0],["2025-11-17",0.0],["2025-11-18",0.0],["2025-11-19",0.0],["2025-11-20",0.0],["2025-11-21",-9.0984225],["2025-11-22",11.46098488]],"wins":14,"losses":3,"draws":9,"winrate":0.5384615384615384,"holding_avg":"2:25:00","holding_avg_s":8700.0,"winner_holding_min":"0d 02:00","winner_holding_min_s":7200.0,"winner_holding_max":"0d 02:00","winner_holding_max_s":7200.0,"winner_holding_avg":"0d 02:00","winner_holding_avg_s":7200.0,"loser_holding_min":"0d 00:00","loser_holding_min_s":0.0,"loser_holding_max":"0d 08:00","loser_holding_max_s":28800.0,"loser_holding_avg":"0d 04:00","loser_holding_avg_s":14400.0,"max_consecutive_wins":6,"max_consecutive_losses":7,"max_drawdown_account":0.03395664904,"max_relative_drawdown":0.03395664904,"max_drawdown_abs":33.95664904,"drawdown_start":"2025-10-10 22:00:00","drawdown_start_ts":1760133600000.0,"drawdown_end":"2025-10-11 19:00:00","drawdown_end_ts":1760209200000.0,"drawdown_duration":"0 days 21:00:00","drawdown_duration_s":75600.0,"max_drawdown_low":-33.95664904,"max_drawdown_high":0.0,"csum_min":966.04335096,"csum_max":991.53501053}},"strategy_comparison":[{"key":"ACO_53_5","trades":26,"profit_mean":-0.0009243722917466514,"profit_mean_pct":-0.09,"profit_total_abs":-8.464989469999992,"profit_total":-0.008464989469999991,"profit_total_pct":-0.85,"duration_avg":"2:25:00","wins":14,"draws":9,"losses":3,"winrate":0.5384615384615384,"cagr":-0.0314821617707739,"expectancy":-0.3255765180769232,"expectancy_ratio":-0.36534633938008443,"sortino":-13.919094330286937,"sharpe":-0.2554492024075403,"calmar":-4.909941233874718,"sqn":-0.2494,"profit_factor":0.8336650587059352,"max_drawdown_account":0.03395664904,"max_drawdown_abs":"33.957"}]}