{"strategy":{"ACO_35_16":{"trades":[{"pair":"DOGE/USDT","stake_amount":329.77627,"max_stake_amount":329.77627,"amount":1303.0,"open_date":"2025-10-05 23:00:00+00:00","close_date":"2025-10-06 01:00:00+00:00","open_rate":0.25309,"close_rate":0.2535966866866866,"fee_open":0.001,"fee_close":0.001,"trade_duration":120,"profit_ratio":0.0,"profit_abs":0.0,"exit_reason":"roi","initial_stop_loss_abs":0.24044,"initial_stop_loss_ratio":-0.05,"stop_loss_abs":0.24044,"stop_loss_ratio":-0.05,"min_rate":0.25057,"max_rate":0.25533,"is_open":false,"enter_tag":"","leverage":1.0,"is_short":false,"open_timestamp":1759705200000,"close_timestamp":1759712400000,"orders":[{"amount":1303.0,"safe_price":0.25309,"ft_order_side":"buy","order_filled_timestamp":1759705200000,"ft_is_entry":true,"ft_order_tag":"","cost":330.1060462699999},{"amount":1303.0,"safe_price":0.2535966866866866,"ft_order_side":"sell","order_filled_timestamp":1759712400000,"ft_is_entry":false,"ft_order_tag":"roi","cost":330.7669192355054}],"funding_fees":0.0,"weekday":0},{"pair":"DOGE/USDT","stake_amount":329.99901,"max_stake_amount":329.99901,"amount":1321.0,"open_date":"2025-10-07 23:00:00+00:00","close_date":"2025-10-08 02:00:00+00:00","open_rate":0.24981,"close_rate":0.2503101201201201,"fee_open":0.001,"fee_close":0.001,"trade_duration":180,"profit_ratio":0.0,"profit_abs":0.0,"exit_reason":"roi","initial_stop_loss_abs":0.23732,"initial_stop_loss_ratio":-0.05,"stop_loss_abs":0.23732,"stop_loss_ratio":-0.05,"min_rate":0.24622,"max_rate":0.25061,"is_open":false,"enter_tag":"","leverage":1.0,"is_short":false,"open_timestamp":1759878000000,"close_timestamp":1759888800000,"orders":[{"amount":1321.0,"safe_price":0.24981,"ft_order_side":"buy","order_filled_timestamp":1759878000000,"ft_is_entry":true,"ft_order_tag":"","cost":330.32900900999994},{"amount":1321.0,"safe_price":0.2503101201201201,"ft_order_side":"sell","order_filled_timestamp":1759888800000,"ft_is_entry":false,"ft_order_tag":"roi","cost":330.9903283473573}],"funding_fees":0.0,"weekday":2},{"pair":"DOGE/USDT","stake_amount":329.8636,"max_stake_amount":329.8636,"amount":1342.0,"open_date":"2025-10-09 11:00:00+00:00","close_date":"2025-10-09 13:00:00+00:00","open_rate":0.2458,"close_rate":0.24959,"fee_open":0.001,"fee_close":0.001,"trade_duration":120,"profit_ratio":0.0133902305993437,"profit_abs":4.42136662,"exit_reason":"roi","initial_stop_loss_abs":0.23351,"initial_stop_loss_ratio":-0.05,"stop_loss_abs":0.23351,"stop_loss_ratio":-0.05,"min_rate":0.24505,"max_rate":0.25071,"is_open":false,"enter_tag":"","leverage":1.0,"is_short":false,"open_timestamp":1760007600000,"close_timestamp":1760014800000,"orders":[{"amount":1342.0,"safe_price":0.2458,"ft_order_side":"buy","order_filled_timestamp":1760007600000,"ft_is_entry":true,"ft_order_tag":"","cost":330.1934635999999},{"amount":1342.0,"safe_price":0.24959,"ft_order_side":"sell","order_filled_timestamp":1760014800000,"ft_is_entry":false,"ft_order_tag":"roi","cost":335.28472978}],"funding_fees":0.0,"weekday":3},{"pair":"DOGE/USDT","stake_amount":331.3023,"max_stake_amount":331.3023,"amount":1659.0,"open_date":"2025-10-28 04:00:00+00:00","close_date":"2025-10-28 06:00:00+00:00","open_rate":0.1997,"close_rate":0.20009979979979975,"fee_open":0.001,"fee_close":0.001,"trade_duration":120,"profit_ratio":0.0,"profit_abs":0.0,"exit_reason":"roi","initial_stop_loss_abs":0.18972,"initial_stop_loss_ratio":-0.05,"stop_loss_abs":0.18972,"stop_loss_ratio":-0.05,"min_rate":0.19815,"max_rate":0.20131,"is_open":false,"enter_tag":"","leverage":1.0,"is_short":false,"open_timestamp":1761624000000,"close_timestamp":1761631200000,"orders":[{"amount":1659.0,"safe_price":0.1997,"ft_order_side":"buy","order_filled_timestamp":1761624000000,"ft_is_entry":true,"ft_order_tag":"","cost":331.63360229999995},{"amount":1659.0,"safe_price":0.20009979979979975,"ft_order_side":"sell","order_filled_timestamp":1761631200000,"ft_is_entry":false,"ft_order_tag":"roi","cost":332.2975334357356}],"funding_fees":0.0,"weekday":1},{"pair":"DOGE/USDT","stake_amount":331.44633,"max_stake_amount":331.44633,"amount":1863.0,"open_date":"2025-11-11 13:00:00+00:00","close_date":"2025-11-11 15:00:00+00:00","open_rate":0.17791,"close_rate":0.1787,"fee_open":0.001,"fee_close":0.001,"trade_duration":120,"profit_ratio":0.0024335733964197795,"profit_abs":0.80740557,"exit_reason":"roi","initial_stop_loss_abs":0.16902,"initial_stop_loss_ratio":-0.05,"stop_loss_abs":0.16902,"stop_loss_ratio":-0.05,"min_rate":0.17527,"max_rate":0.17886,"is_open":false,"enter_tag":"","leverage":1.0,"is_short":false,"open_timestamp":1762866000000,"close_timestamp":1762873200000,"orders":[{"amount":1863.0,"safe_price":0.17791,"ft_order_side":"buy","order_filled_timestamp":1762866000000,"ft_is_entry":true,"ft_order_tag":"","cost":331.77777633},{"amount":1863.0,"safe_price":0.1787,"ft_order_side":"sell","order_filled_timestamp":1762873200000,"ft_is_entry":false,"ft_order_tag":"roi","cost":333.25101809999995}],"funding_fees":0.0,"weekday":1},{"pair":"DOGE/USDT","stake_amount":331.70368,"max_stake_amount":331.70368,"amount":2032.0,"open_date":"2025-11-14 02:00:00+00:00","close_date":"2025-11-14 04:00:00+00:00","open_rate":0.16324,"close_rate":0.16408,"fee_open":0.001,"fee_close":0.001,"trade_duration":120,"profit_ratio":0.0031375142867424172,"profit_abs":1.04176576,"exit_reason":"roi","initial_stop_loss_abs":0.15508,"initial_stop_loss_ratio":-0.05,"stop_loss_abs":0.15508,"stop_loss_ratio":-0.05,"min_rate":0.1591,"max_rate":0.16568,"is_open":false,"enter_tag":"","leverage":1.0,"is_short":false,"open_timestamp":1763085600000,"close_timestamp":1763092800000,"orders":[{"amount":2032.0,"safe_price":0.16324,"ft_order_side":"buy","order_filled_timestamp":1763085600000,"ft_is_entry":true,"ft_order_tag":"","cost":332.03538368},{"amount":2032.0,"safe_price":0.16408,"ft_order_side":"sell","order_filled_timestamp":1763092800000,"ft_is_entry":false,"ft_order_tag":"roi","cost":333.74397056}],"funding_fees":0.0,"weekday":4},{"pair":"DOGE/USDT","stake_amount":331.94898,"max_stake_amount":331.94898,"amount":2178.0,"open_date":"2025-11-18 01:00:00+00:00","close_date":"2025-11-18 03:00:00+00:00","open_rate":0.15241,"close_rate":0.1527151251251251,"fee_open":0.001,"fee_close":0.001,"trade_duration":120,"profit_ratio":0.0,"profit_abs":0.0,"exit_reason":"roi","initial_stop_loss_abs":0.14479,"initial_stop_loss_ratio":-0.05,"stop_loss_abs":0.14479,"stop_loss_ratio":-0.05,"min_rate":0.1502,"max_rate":0.15479,"is_open":false,"enter_tag":"","leverage":1.0,"is_short":false,"open_timestamp":1763427600000,"close_timestamp":1763434800000,"orders":[{"amount":2178.0,"safe_price":0.15241,"ft_order_side":"buy","order_filled_timestamp":1763427600000,"ft_is_entry":true,"ft_order_tag":"","cost":332.28092897999994},{"amount":2178.0,"safe_price":0.1527151251251251,"ft_order_side":"sell","order_filled_timestamp":1763434800000,"ft_is_entry":false,"ft_order_tag":"roi","cost":332.946156065045}],"funding_fees":0.0,"weekday":1},{"pair":"DOGE/USDT","stake_amount":332.04236,"max_stake_amount":332.04236,"amount":2249.0,"open_date":"2025-11-21 05:00:00+00:00","close_date":"2025-11-21 07:00:00+00:00","open_rate":0.14764,"close_rate":0.14026,"fee_open":0.001,"fee_close":0.001,"trade_duration":120,"profit_ratio":-0.051884582499591984,"profit_abs":-17.2451071,"exit_reason":"stop_loss","initial_stop_loss_abs":0.14026,"initial_stop_loss_ratio":-0.05,"stop_loss_abs":0.14026,"stop_loss_ratio":-0.05,"min_rate":0.13441,"max_rate":0.14824,"is_open":false,"enter_tag":"","leverage":1.0,"is_short":false,"open_timestamp":1763701200000,"close_timestamp":1763708400000,"orders":[{"amount":2249.0,"safe_price":0.14764,"ft_order_side":"buy","order_filled_timestamp":1763701200000,"ft_is_entry":true,"ft_order_tag":"","cost":332.3744023599999},{"amount":2249.0,"safe_price":0.14026,"ft_order_side":"sell","order_filled_timestamp":1763708400000,"ft_is_entry":false,"ft_order_tag":"stop_loss","cost":315.76018473999994}],"funding_fees":0.0,"weekday":4},{"pair":"DOGE/USDT","stake_amount":326.26802,"max_stake_amount":326.26802,"amount":2326.0,"open_date":"2025-12-09 11:00:00+00:00","close_date":"2025-12-09 13:00:00+00:00","open_rate":0.14027,"close_rate":0.14157,"fee_open":0.001,"fee_close":0.001,"trade_duration":120,"profit_ratio":0.007251321431117538,"profit_abs":2.36824016,"exit_reason":"roi","initial_stop_loss_abs":0.13326,"initial_stop_loss_ratio":-0.05,"stop_loss_abs":0.13326,"stop_loss_ratio":-0.05,"min_rate":0.13995,"max_rate":0.14244,"is_open":false,"enter_tag":"","leverage":1.0,"is_short":false,"open_timestamp":1765278000000,"close_timestamp":1765285200000,"orders":[{"amount":2326.0,"safe_price":0.14027,"ft_order_side":"buy","order_filled_timestamp":1765278000000,"ft_is_entry":true,"ft_order_tag":"","cost":326.59428802},{"amount":2326.0,"safe_price":0.14157,"ft_order_side":"sell","order_filled_timestamp":1765285200000,"ft_is_entry":false,"ft_order_tag":"roi","cost":329.62111182}],"funding_fees":0.0,"weekday":1},{"pair":"DOGE/USDT","stake_amount":327.0502,"max_stake_amount":327.0502,"amount":2690.0,"open_date":"2025-12-19 03:00:00+00:00","close_date":"2025-12-19 05:00:00+00:00","open_rate":0.12158,"close_rate":0.12612,"fee_open":0.001,"fee_close":0.001,"trade_duration":120,"profit_ratio":0.03526905731215651,"profit_abs":11.546287,"exit_reason":"roi","initial_stop_loss_abs":0.11551,"initial_stop_loss_ratio":-0.05,"stop_loss_abs":0.11551,"stop_loss_ratio":-0.05,"min_rate":0.1215,"max_rate":0.1265,"is_open":false,"enter_tag":"","leverage":1.0,"is_short":false,"open_timestamp":1766113200000,"close_timestamp":1766120400000,"orders":[{"amount":2690.0,"safe_price":0.12158,"ft_order_side":"buy","order_filled_timestamp":1766113200000,"ft_is_entry":true,"ft_order_tag":"","cost":327.37725019999993},{"amount":2690.0,"safe_price":0.12612,"ft_order_side":"sell","order_filled_timestamp":1766120400000,"ft_is_entry":false,"ft_order_tag":"roi","cost":339.6020628}],"funding_fees":0.0,"weekday":4}],"locks":[],"best_pair":{"key":"DOGE/USDT","trades":10,"profit_mean":0.0009597114526187954,"profit_mean_pct":0.1,"profit_total_abs":2.9399580100000016,"profit_total":0.0029399580100000016,"profit_total_pct":0.29,"duration_avg":"2:06:00","wins":5,"draws":4,"losses":1,"winrate":0.5,"cagr":0.011107736262313317,"expectancy":0.2939958010000001,"expectancy_ratio":-0.38295192953600155,"sortino":-100,"sharpe":0.08568033087592204,"calmar":3.3788171285407564,"sqn":0.1305,"profit_factor":1.1704807046399845,"max_drawdown_account":0.017137644847609372,"max_drawdown_abs":17.2451071},"worst_pair":{"key":"DOGE/USDT","trades":10,"profit_mean":0.0009597114526187954,"profit_mean_pct":0.1,"profit_total_abs":2.9399580100000016,"profit_total":0.0029399580100000016,"profit_total_pct":0.29,"duration_avg":"2:06:00","wins":5,"draws":4,"losses":1,"winrate":0.5,"cagr":0.011107736262313317,"expectancy":0.2939958010000001,"expectancy_ratio":-0.38295192953600155,"sortino":-100,"sharpe":0.08568033087592204,"calmar":3.3788171285407564,"sqn":0.1305,"profit_factor":1.1704807046399845,"max_drawdown_account":0.017137644847609372,"max_drawdown_abs":17.2451071},"results_per_pair":[{"key":"DOGE/USDT","trades":10,"profit_mean":0.0009597114526187954,"profit_mean_pct":0.1,"profit_total_abs":2.9399580100000016,"profit_total":0.0029399580100000016,"profit_total_pct":0.29,"duration_avg":"2:06:00","wins":5,"draws":4,"losses":1,"winrate":0.5,"cagr":0.011107736262313317,"expectancy":0.2939958010000001,"expectancy_ratio":-0.38295192953600155,"sortino":-100,"sharpe":0.08568033087592204,"calmar":3.3788171285407564,"sqn":0.1305,"profit_factor":1.1704807046399845,"max_drawdown_account":0.017137644847609372,"max_drawdown_abs":17.2451071},{"key":"TOTAL","trades":10,"profit_mean":0.0009597114526187954,"profit_mean_pct":0.1,"profit_total_abs":2.9399580100000016,"profit_total":0.0029399580100000016,"profit_total_pct":0.29,"duration_avg":"2:06:00","wins":5,"draws":4,"losses":1,"winrate":0.5,"cagr":0.011107736262313317,"expectancy":0.2939958010000001,"expectancy_ratio":-0.38295192953600155,"sortino":-100,"sharpe":0.08568033087592204,"calmar":3.3788171285407564,"sqn":0.1305,"profit_factor":1.1704807046399845,"max_drawdown_account":0.017137644847609372,"max_drawdown_abs":17.2451071}],"results_per_enter_tag":[{"key":"","trades":10,"profit_mean":0.0009597114526187954,"profit_mean_pct":0.1,"profit_total_abs":2.9399580100000016,"profit_total":0.0029399580100000016,"profit_total_pct":0.29,"duration_avg":"2:06:00","wins":5,"draws":4,"losses":1,"winrate":0.5,"cagr":0.011107736262313317,"expectancy":0.2939958010000001,"expectancy_ratio":-0.38295192953600155,"sortino":-100,"sharpe":0.08568033087592204,"calmar":3.3788171285407564,"sqn":0.1305,"profit_factor":1.1704807046399845,"max_drawdown_account":0.017137644847609372,"max_drawdown_abs":17.2451071},{"key":"TOTAL","trades":10,"profit_mean":0.0009597114526187954,"profit_mean_pct":0.1,"profit_total_abs":2.9399580100000016,"profit_total":0.0029399580100000016,"profit_total_pct":0.29,"duration_avg":"2:06:00","wins":5,"draws":4,"losses":1,"winrate":0.5,"cagr":0.011107736262313317,"expectancy":0.2939958010000001,"expectancy_ratio":-0.38295192953600155,"sortino":-100,"sharpe":0.08568033087592204,"calmar":3.3788171285407564,"sqn":0.1305,"profit_factor":1.1704807046399845,"max_drawdown_account":0.017137644847609372,"max_drawdown_abs":17.2451071}],"exit_reason_summary":[{"key":"roi","trades":9,"profit_mean":0.006831299669531105,"profit_mean_pct":0.68,"profit_total_abs":20.18506511,"profit_total":0.02018506511,"profit_total_pct":2.02,"duration_avg":"2:07:00","wins":5,"draws":4,"losses":0,"winrate":0.5555555555555556,"cagr":0.07809727337784178,"expectancy":2.2427850122222224,"expectancy_ratio":100.0,"sortino":-100,"sharpe":1.1124746460867987,"calmar":-100,"sqn":1.7751,"profit_factor":0.0,"max_drawdown_account":0.0,"max_drawdown_abs":0.0},{"key":"stop_loss","trades":1,"profit_mean":-0.051884582499591984,"profit_mean_pct":-5.19,"profit_total_abs":-17.2451071,"profit_total":-0.017245107099999997,"profit_total_pct":-1.72,"duration_avg":"2:00:00","wins":0,"draws":0,"losses":1,"winrate":0.0,"cagr":-0.06336108037200194,"expectancy":-17.2451071,"expectancy_ratio":-1.0,"sortino":-100,"sharpe":-100,"calmar":-19.695848633549225,"sqn":-100.0,"profit_factor":0.0,"max_drawdown_account":0.017245107100000042,"max_drawdown_abs":17.2451071},{"key":"TOTAL","trades":10,"profit_mean":0.0009597114526187954,"profit_mean_pct":0.1,"profit_total_abs":2.9399580100000016,"profit_total":0.0029399580100000016,"profit_total_pct":0.29,"duration_avg":"2:06:00","wins":5,"draws":4,"losses":1,"winrate":0.5,"cagr":0.011107736262313317,"expectancy":0.2939958010000001,"expectancy_ratio":-0.38295192953600155,"sortino":-100,"sharpe":0.08568033087592204,"calmar":3.3788171285407564,"sqn":0.1305,"profit_factor":1.1704807046399845,"max_drawdown_account":0.017137644847609372,"max_drawdown_abs":17.2451071}],"mix_tag_stats":[{"key":["","roi"],"trades":9,"profit_mean":0.006831299669531105,"profit_mean_pct":0.68,"profit_total_abs":20.18506511,"profit_total":0.02018506511,"profit_total_pct":2.02,"duration_avg":"2:07:00","wins":5,"draws":4,"losses":0,"winrate":0.5555555555555556,"cagr":0.07809727337784178,"expectancy":2.2427850122222224,"expectancy_ratio":100.0,"sortino":-100,"sharpe":1.1124746460867987,"calmar":-100,"sqn":1.7751,"profit_factor":0.0,"max_drawdown_account":0.0,"max_drawdown_abs":0.0},{"key":["","stop_loss"],"trades":1,"profit_mean":-0.051884582499591984,"profit_mean_pct":-5.19,"profit_total_abs":-17.2451071,"profit_total":-0.017245107099999997,"profit_total_pct":-1.72,"duration_avg":"2:00:00","wins":0,"draws":0,"losses":1,"winrate":0.0,"cagr":-0.06336108037200194,"expectancy":-17.2451071,"expectancy_ratio":-1.0,"sortino":-100,"sharpe":-100,"calmar":-19.695848633549225,"sqn":-100.0,"profit_factor":0.0,"max_drawdown_account":0.017245107100000042,"max_drawdown_abs":17.2451071},{"key":"TOTAL","trades":10,"profit_mean":0.0009597114526187954,"profit_mean_pct":0.1,"profit_total_abs":2.9399580100000016,"profit_total":0.0029399580100000016,"profit_total_pct":0.29,"duration_avg":"2:06:00","wins":5,"draws":4,"losses":1,"winrate":0.5,"cagr":0.011107736262313317,"expectancy":0.2939958010000001,"expectancy_ratio":-0.38295192953600155,"sortino":-100,"sharpe":0.08568033087592204,"calmar":3.3788171285407564,"sqn":0.1305,"profit_factor":1.1704807046399845,"max_drawdown_account":0.017137644847609372,"max_drawdown_abs":17.2451071}],"left_open_trades":[{"key":"TOTAL","trades":0,"profit_mean":0.0,"profit_mean_pct":0.0,"profit_total_abs":0.0,"profit_total":0.0,"profit_total_pct":0.0,"duration_avg":"0:00","wins":0,"draws":0,"losses":0,"winrate":0.0,"cagr":0.0,"expectancy":0.0,"expectancy_ratio":100.0,"sortino":0,"sharpe":0,"calmar":0,"sqn":0.0,"profit_factor":0.0,"max_drawdown_account":0.0,"max_drawdown_abs":0.0}],"total_trades":10,"trade_count_long":10,"trade_count_short":0,"total_volume":6618.966165633643,"avg_stake_amount":330.140075,"profit_mean":0.0009597114526187954,"profit_median":0.0012167866982098897,"profit_total":0.0029399580100000016,"profit_total_long":0.0029399580100000016,"profit_total_short":0.0,"profit_total_abs":2.9399580100000016,"profit_total_long_abs":2.9399580100000016,"profit_total_short_abs":0.0,"cagr":0.011107736262313317,"expectancy":0.2939958010000001,"expectancy_ratio":-0.38295192953600155,"sortino":-100,"sharpe":0.08568033087592204,"calmar":3.3788171285407564,"sqn":0.1305,"profit_factor":1.1704807046399845,"backtest_start":"2025-10-01 00:00:00","backtest_start_ts":1759276800000,"backtest_end":"2026-01-06 20:00:00","backtest_end_ts":1767729600000,"backtest_days":97,"backtest_run_start_ts":1767739089,"backtest_run_end_ts":1767739089,"trades_per_day":0.1,"market_change":-0.36632086436227446,"pairlist":["DOGE/USDT"],"stake_amount":"unlimited","stake_currency":"USDT","stake_currency_decimals":3,"starting_balance":1000,"dry_run_wallet":1000,"final_balance":1002.93995801,"rejected_signals":0,"timedout_entry_orders":0,"timedout_exit_orders":0,"canceled_trade_entries":0,"canceled_entry_orders":0,"replaced_entry_orders":0,"max_open_trades":1,"max_open_trades_setting":3,"timeframe":"1h","timeframe_detail":"","timerange":"20251001-","enable_protections":false,"strategy_name":"ACO_35_16","freqaimodel":null,"freqai_identifier":null,"stoploss":-0.05,"trailing_stop":false,"trailing_stop_positive":null,"trailing_stop_positive_offset":0.0,"trailing_only_offset_is_reached":false,"use_custom_stoploss":false,"minimal_roi":{"0":0.1,"60":0.05,"120":0.0},"use_exit_signal":true,"exit_profit_only":false,"exit_profit_offset":0.0,"ignore_roi_if_entry_signal":false,"trading_mode":"spot","margin_mode":"","periodic_breakdown":{"day":[{"date":"06/10/2025","date_ts":1759708800000,"profit_abs":0.0,"wins":0,"draws":1,"losses":0,"trades":1,"profit_factor":0.0},{"date":"07/10/2025","date_ts":1759795200000,"profit_abs":0.0,"wins":0,"draws":0,"losses":0,"trades":0,"profit_factor":0.0},{"date":"08/10/2025","date_ts":1759881600000,"profit_abs":0.0,"wins":0,"draws":1,"losses":0,"trades":1,"profit_factor":0.0},{"date":"09/10/2025","date_ts":1759968000000,"profit_abs":4.42136662,"wins":1,"draws":0,"losses":0,"trades":1,"profit_factor":0.0},{"date":"10/10/2025","date_ts":1760054400000,"profit_abs":0.0,"wins":0,"draws":0,"losses":0,"trades":0,"profit_factor":0.0},{"date":"11/10/2025","date_ts":1760140800000,"profit_abs":0.0,"wins":0,"draws":0,"losses":0,"trades":0,"profit_factor":0.0},{"date":"12/10/2025","date_ts":1760227200000,"profit_abs":0.0,"wins":0,"draws":0,"losses":0,"trades":0,"profit_factor":0.0},{"date":"13/10/2025","date_ts":1760313600000,"profit_abs":0.0,"wins":0,"draws":0,"losses":0,"trades":0,"profit_factor":0.0},{"date":"14/10/2025","date_ts":1760400000000,"profit_abs":0.0,"wins":0,"draws":0,"losses":0,"trades":0,"profit_factor":0.0},{"date":"15/10/2025","date_ts":1760486400000,"profit_abs":0.0,"wins":0,"draws":0,"losses":0,"trades":0,"profit_factor":0.0},{"date":"16/10/2025","date_ts":1760572800000,"profit_abs":0.0,"wins":0,"draws":0,"losses":0,"trades":0,"profit_factor":0.0},{"date":"17/10/2025","date_ts":1760659200000,"profit_abs":0.0,"wins":0,"draws":0,"losses":0,"trades":0,"profit_factor":0.0},{"date":"18/10/2025","date_ts":1760745600000,"profit_abs":0.0,"wins":0,"draws":0,"losses":0,"trades":0,"profit_factor":0.0},{"date":"19/10/2025","date_ts":1760832000000,"profit_abs":0.0,"wins":0,"draws":0,"losses":0,"trades":0,"profit_factor":0.0},{"date":"20/10/2025","date_ts":1760918400000,"profit_abs":0.0,"wins":0,"draws":0,"losses":0,"trades":0,"profit_factor":0.0},{"date":"21/10/2025","date_ts":1761004800000,"profit_abs":0.0,"wins":0,"draws":0,"losses":0,"trades":0,"profit_factor":0.0},{"date":"22/10/2025","date_ts":1761091200000,"profit_abs":0.0,"wins":0,"draws":0,"losses":0,"trades":0,"profit_factor":0.0},{"date":"23/10/2025","date_ts":1761177600000,"profit_abs":0.0,"wins":0,"draws":0,"losses":0,"trades":0,"profit_factor":0.0},{"date":"24/10/2025","date_ts":1761264000000,"profit_abs":0.0,"wins":0,"draws":0,"losses":0,"trades":0,"profit_factor":0.0},{"date":"25/10/2025","date_ts":1761350400000,"profit_abs":0.0,"wins":0,"draws":0,"losses":0,"trades":0,"profit_factor":0.0},{"date":"26/10/2025","date_ts":1761436800000,"profit_abs":0.0,"wins":0,"draws":0,"losses":0,"trades":0,"profit_factor":0.0},{"date":"27/10/2025","date_ts":1761523200000,"profit_abs":0.0,"wins":0,"draws":0,"losses":0,"trades":0,"profit_factor":0.0},{"date":"28/10/2025","date_ts":1761609600000,"profit_abs":0.0,"wins":0,"draws":1,"losses":0,"trades":1,"profit_factor":0.0},{"date":"29/10/2025","date_ts":1761696000000,"profit_abs":0.0,"wins":0,"draws":0,"losses":0,"trades":0,"profit_factor":0.0},{"date":"30/10/2025","date_ts":1761782400000,"profit_abs":0.0,"wins":0,"draws":0,"losses":0,"trades":0,"profit_factor":0.0},{"date":"31/10/2025","date_ts":1761868800000,"profit_abs":0.0,"wins":0,"draws":0,"losses":0,"trades":0,"profit_factor":0.0},{"date":"01/11/2025","date_ts":1761955200000,"profit_abs":0.0,"wins":0,"draws":0,"losses":0,"trades":0,"profit_factor":0.0},{"date":"02/11/2025","date_ts":1762041600000,"profit_abs":0.0,"wins":0,"draws":0,"losses":0,"trades":0,"profit_factor":0.0},{"date":"03/11/2025","date_ts":1762128000000,"profit_abs":0.0,"wins":0,"draws":0,"losses":0,"trades":0,"profit_factor":0.0},{"date":"04/11/2025","date_ts":1762214400000,"profit_abs":0.0,"wins":0,"draws":0,"losses":0,"trades":0,"profit_factor":0.0},{"date":"05/11/2025","date_ts":1762300800000,"profit_abs":0.0,"wins":0,"draws":0,"losses":0,"trades":0,"profit_factor":0.0},{"date":"06/11/2025","date_ts":1762387200000,"profit_abs":0.0,"wins":0,"draws":0,"losses":0,"trades":0,"profit_factor":0.0},{"date":"07/11/2025","date_ts":1762473600000,"profit_abs":0.0,"wins":0,"draws":0,"losses":0,"trades":0,"profit_factor":0.0},{"date":"08/11/2025","date_ts":1762560000000,"profit_abs":0.0,"wins":0,"draws":0,"losses":0,"trades":0,"profit_factor":0.0},{"date":"09/11/2025","date_ts":1762646400000,"profit_abs":0.0,"wins":0,"draws":0,"losses":0,"trades":0,"profit_factor":0.0},{"date":"10/11/2025","date_ts":1762732800000,"profit_abs":0.0,"wins":0,"draws":0,"losses":0,"trades":0,"profit_factor":0.0},{"date":"11/11/2025","date_ts":1762819200000,"profit_abs":0.80740557,"wins":1,"draws":0,"losses":0,"trades":1,"profit_factor":0.0},{"date":"12/11/2025","date_ts":1762905600000,"profit_abs":0.0,"wins":0,"draws":0,"losses":0,"trades":0,"profit_factor":0.0},{"date":"13/11/2025","date_ts":1762992000000,"profit_abs":0.0,"wins":0,"draws":0,"losses":0,"trades":0,"profit_factor":0.0},{"date":"14/11/2025","date_ts":1763078400000,"profit_abs":1.04176576,"wins":1,"draws":0,"losses":0,"trades":1,"profit_factor":0.0},{"date":"15/11/2025","date_ts":1763164800000,"profit_abs":0.0,"wins":0,"draws":0,"losses":0,"trades":0,"profit_factor":0.0},{"date":"16/11/2025","date_ts":1763251200000,"profit_abs":0.0,"wins":0,"draws":0,"losses":0,"trades":0,"profit_factor":0.0},{"date":"17/11/2025","date_ts":1763337600000,"profit_abs":0.0,"wins":0,"draws":0,"losses":0,"trades":0,"profit_factor":0.0},{"date":"18/11/2025","date_ts":1763424000000,"profit_abs":0.0,"wins":0,"draws":1,"losses":0,"trades":1,"profit_factor":0.0},{"date":"19/11/2025","date_ts":1763510400000,"profit_abs":0.0,"wins":0,"draws":0,"losses":0,"trades":0,"profit_factor":0.0},{"date":"20/11/2025","date_ts":1763596800000,"profit_abs":0.0,"wins":0,"draws":0,"losses":0,"trades":0,"profit_factor":0.0},{"date":"21/11/2025","date_ts":1763683200000,"profit_abs":-17.2451071,"wins":0,"draws":0,"losses":1,"trades":1,"profit_factor":0.0},{"date":"22/11/2025","date_ts":1763769600000,"profit_abs":0.0,"wins":0,"draws":0,"losses":0,"trades":0,"profit_factor":0.0},{"date":"23/11/2025","date_ts":1763856000000,"profit_abs":0.0,"wins":0,"draws":0,"losses":0,"trades":0,"profit_factor":0.0},{"date":"24/11/2025","date_ts":1763942400000,"profit_abs":0.0,"wins":0,"draws":0,"losses":0,"trades":0,"profit_factor":0.0},{"date":"25/11/2025","date_ts":1764028800000,"profit_abs":0.0,"wins":0,"draws":0,"losses":0,"trades":0,"profit_factor":0.0},{"date":"26/11/2025","date_ts":1764115200000,"profit_abs":0.0,"wins":0,"draws":0,"losses":0,"trades":0,"profit_factor":0.0},{"date":"27/11/2025","date_ts":1764201600000,"profit_abs":0.0,"wins":0,"draws":0,"losses":0,"trades":0,"profit_factor":0.0},{"date":"28/11/2025","date_ts":1764288000000,"profit_abs":0.0,"wins":0,"draws":0,"losses":0,"trades":0,"profit_factor":0.0},{"date":"29/11/2025","date_ts":1764374400000,"profit_abs":0.0,"wins":0,"draws":0,"losses":0,"trades":0,"profit_factor":0.0},{"date":"30/11/2025","date_ts":1764460800000,"profit_abs":0.0,"wins":0,"draws":0,"losses":0,"trades":0,"profit_factor":0.0},{"date":"01/12/2025","date_ts":1764547200000,"profit_abs":0.0,"wins":0,"draws":0,"losses":0,"trades":0,"profit_factor":0.0},{"date":"02/12/2025","date_ts":1764633600000,"profit_abs":0.0,"wins":0,"draws":0,"losses":0,"trades":0,"profit_factor":0.0},{"date":"03/12/2025","date_ts":1764720000000,"profit_abs":0.0,"wins":0,"draws":0,"losses":0,"trades":0,"profit_factor":0.0},{"date":"04/12/2025","date_ts":1764806400000,"profit_abs":0.0,"wins":0,"draws":0,"losses":0,"trades":0,"profit_factor":0.0},{"date":"05/12/2025","date_ts":1764892800000,"profit_abs":0.0,"wins":0,"draws":0,"losses":0,"trades":0,"profit_factor":0.0},{"date":"06/12/2025","date_ts":1764979200000,"profit_abs":0.0,"wins":0,"draws":0,"losses":0,"trades":0,"profit_factor":0.0},{"date":"07/12/2025","date_ts":1765065600000,"profit_abs":0.0,"wins":0,"draws":0,"losses":0,"trades":0,"profit_factor":0.0},{"date":"08/12/2025","date_ts":1765152000000,"profit_abs":0.0,"wins":0,"draws":0,"losses":0,"trades":0,"profit_factor":0.0},{"date":"09/12/2025","date_ts":1765238400000,"profit_abs":2.36824016,"wins":1,"draws":0,"losses":0,"trades":1,"profit_factor":0.0},{"date":"10/12/2025","date_ts":1765324800000,"profit_abs":0.0,"wins":0,"draws":0,"losses":0,"trades":0,"profit_factor":0.0},{"date":"11/12/2025","date_ts":1765411200000,"profit_abs":0.0,"wins":0,"draws":0,"losses":0,"trades":0,"profit_factor":0.0},{"date":"12/12/2025","date_ts":1765497600000,"profit_abs":0.0,"wins":0,"draws":0,"losses":0,"trades":0,"profit_factor":0.0},{"date":"13/12/2025","date_ts":1765584000000,"profit_abs":0.0,"wins":0,"draws":0,"losses":0,"trades":0,"profit_factor":0.0},{"date":"14/12/2025","date_ts":1765670400000,"profit_abs":0.0,"wins":0,"draws":0,"losses":0,"trades":0,"profit_factor":0.0},{"date":"15/12/2025","date_ts":1765756800000,"profit_abs":0.0,"wins":0,"draws":0,"losses":0,"trades":0,"profit_factor":0.0},{"date":"16/12/2025","date_ts":1765843200000,"profit_abs":0.0,"wins":0,"draws":0,"losses":0,"trades":0,"profit_factor":0.0},{"date":"17/12/2025","date_ts":1765929600000,"profit_abs":0.0,"wins":0,"draws":0,"losses":0,"trades":0,"profit_factor":0.0},{"date":"18/12/2025","date_ts":1766016000000,"profit_abs":0.0,"wins":0,"draws":0,"losses":0,"trades":0,"profit_factor":0.0},{"date":"19/12/2025","date_ts":1766102400000,"profit_abs":11.546287,"wins":1,"draws":0,"losses":0,"trades":1,"profit_factor":0.0}],"week":[{"date":"06/10/2025","date_ts":1759708800000,"profit_abs":0.0,"wins":0,"draws":1,"losses":0,"trades":1,"profit_factor":0.0},{"date":"13/10/2025","date_ts":1760313600000,"profit_abs":4.42136662,"wins":1,"draws":1,"losses":0,"trades":2,"profit_factor":0.0},{"date":"20/10/2025","date_ts":1760918400000,"profit_abs":0.0,"wins":0,"draws":0,"losses":0,"trades":0,"profit_factor":0.0},{"date":"27/10/2025","date_ts":1761523200000,"profit_abs":0.0,"wins":0,"draws":0,"losses":0,"trades":0,"profit_factor":0.0},{"date":"03/11/2025","date_ts":1762128000000,"profit_abs":0.0,"wins":0,"draws":1,"losses":0,"trades":1,"profit_factor":0.0},{"date":"10/11/2025","date_ts":1762732800000,"profit_abs":0.0,"wins":0,"draws":0,"losses":0,"trades":0,"profit_factor":0.0},{"date":"17/11/2025","date_ts":1763337600000,"profit_abs":1.84917133,"wins":2,"draws":0,"losses":0,"trades":2,"profit_factor":0.0},{"date":"24/11/2025","date_ts":1763942400000,"profit_abs":-17.2451071,"wins":0,"draws":1,"losses":1,"trades":2,"profit_factor":0.0},{"date":"01/12/2025","date_ts":1764547200000,"profit_abs":0.0,"wins":0,"draws":0,"losses":0,"trades":0,"profit_factor":0.0},{"date":"08/12/2025","date_ts":1765152000000,"profit_abs":0.0,"wins":0,"draws":0,"losses":0,"trades":0,"profit_factor":0.0},{"date":"15/12/2025","date_ts":1765756800000,"profit_abs":2.36824016,"wins":1,"draws":0,"losses":0,"trades":1,"profit_factor":0.0},{"date":"22/12/2025","date_ts":1766361600000,"profit_abs":11.546287,"wins":1,"draws":0,"losses":0,"trades":1,"profit_factor":0.0}],"month":[{"date":"31/10/2025","date_ts":1761868800000,"profit_abs":4.42136662,"wins":1,"draws":3,"losses":0,"trades":4,"profit_factor":0.0},{"date":"30/11/2025","date_ts":1764460800000,"profit_abs":-15.39593577,"wins":2,"draws":1,"losses":1,"trades":4,"profit_factor":0.10722875},{"date":"31/12/2025","date_ts":1767139200000,"profit_abs":13.91452716,"wins":2,"draws":0,"losses":0,"trades":2,"profit_factor":0.0}],"year":[{"date":"31/12/2025","date_ts":1767139200000,"profit_abs":2.93995801,"wins":5,"draws":4,"losses":1,"trades":10,"profit_factor":1.1704807}],"weekday":[{"date":"Monday","date_ts":0,"profit_abs":0.0,"wins":0,"draws":1,"losses":0,"trades":1,"profit_factor":0.0},{"date":"Tuesday","date_ts":1,"profit_abs":3.17564573,"wins":2,"draws":2,"losses":0,"trades":4,"profit_factor":0.0},{"date":"Wednesday","date_ts":2,"profit_abs":0.0,"wins":0,"draws":1,"losses":0,"trades":1,"profit_factor":0.0},{"date":"Thursday","date_ts":3,"profit_abs":4.42136662,"wins":1,"draws":0,"losses":0,"trades":1,"profit_factor":0.0},{"date":"Friday","date_ts":4,"profit_abs":-4.65705434,"wins":2,"draws":0,"losses":1,"trades":3,"profit_factor":0.72994924}]},"backtest_best_day":0.03526905731215651,"backtest_worst_day":-0.051884582499591984,"backtest_best_day_abs":11.546287,"backtest_worst_day_abs":-17.2451071,"winning_days":5,"draw_days":69,"losing_days":1,"daily_profit":[["2025-10-06",0.0],["2025-10-07",0.0],["2025-10-08",0.0],["2025-10-09",4.42136662],["2025-10-10",0.0],["2025-10-11",0.0],["2025-10-12",0.0],["2025-10-13",0.0],["2025-10-14",0.0],["2025-10-15",0.0],["2025-10-16",0.0],["2025-10-17",0.0],["2025-10-18",0.0],["2025-10-19",0.0],["2025-10-20",0.0],["2025-10-21",0.0],["2025-10-22",0.0],["2025-10-23",0.0],["2025-10-24",0.0],["2025-10-25",0.0],["2025-10-26",0.0],["2025-10-27",0.0],["2025-10-28",0.0],["2025-10-29",0.0],["2025-10-30",0.0],["2025-10-31",0.0],["2025-11-01",0.0],["2025-11-02",0.0],["2025-11-03",0.0],["2025-11-04",0.0],["2025-11-05",0.0],["2025-11-06",0.0],["2025-11-07",0.0],["2025-11-08",0.0],["2025-11-09",0.0],["2025-11-10",0.0],["2025-11-11",0.80740557],["2025-11-12",0.0],["2025-11-13",0.0],["2025-11-14",1.04176576],["2025-11-15",0.0],["2025-11-16",0.0],["2025-11-17",0.0],["2025-11-18",0.0],["2025-11-19",0.0],["2025-11-20",0.0],["2025-11-21",-17.2451071],["2025-11-22",0.0],["2025-11-23",0.0],["2025-11-24",0.0],["2025-11-25",0.0],["2025-11-26",0.0],["2025-11-27",0.0],["2025-11-28",0.0],["2025-11-29",0.0],["2025-11-30",0.0],["2025-12-01",0.0],["2025-12-02",0.0],["2025-12-03",0.0],["2025-12-04",0.0],["2025-12-05",0.0],["2025-12-06",0.0],["2025-12-07",0.0],["2025-12-08",0.0],["2025-12-09",2.36824016],["2025-12-10",0.0],["2025-12-11",0.0],["2025-12-12",0.0],["2025-12-13",0.0],["2025-12-14",0.0],["2025-12-15",0.0],["2025-12-16",0.0],["2025-12-17",0.0],["2025-12-18",0.0],["2025-12-19",11.546287]],"wins":5,"losses":1,"draws":4,"winrate":0.5,"holding_avg":"2:06:00","holding_avg_s":7560.0,"winner_holding_min":"0d 02:00","winner_holding_min_s":7200.0,"winner_holding_max":"0d 02:00","winner_holding_max_s":7200.0,"winner_holding_avg":"0d 02:00","winner_holding_avg_s":7200.0,"loser_holding_min":"0d 02:00","loser_holding_min_s":7200.0,"loser_holding_max":"0d 02:00","loser_holding_max_s":7200.0,"loser_holding_avg":"0d 02:00","loser_holding_avg_s":7200.0,"max_consecutive_wins":2,"max_consecutive_losses":2,"max_drawdown_account":0.017137644847609372,"max_relative_drawdown":0.017137644847609372,"max_drawdown_abs":17.2451071,"drawdown_start":"2025-11-14 04:00:00","drawdown_start_ts":1763092800000.0,"drawdown_end":"2025-11-21 07:00:00","drawdown_end_ts":1763708400000.0,"drawdown_duration":"7 days 03:00:00","drawdown_duration_s":615600.0,"max_drawdown_low":-10.974569149999999,"max_drawdown_high":6.27053795,"csum_min":989.02543085,"csum_max":1006.27053795}},"strategy_comparison":[{"key":"ACO_35_16","trades":10,"profit_mean":0.0009597114526187954,"profit_mean_pct":0.1,"profit_total_abs":2.9399580100000016,"profit_total":0.0029399580100000016,"profit_total_pct":0.29,"duration_avg":"2:06:00","wins":5,"draws":4,"losses":1,"winrate":0.5,"cagr":0.011107736262313317,"expectancy":0.2939958010000001,"expectancy_ratio":-0.38295192953600155,"sortino":-100,"sharpe":0.08568033087592204,"calmar":3.3788171285407564,"sqn":0.1305,"profit_factor":1.1704807046399845,"max_drawdown_account":0.017137644847609372,"max_drawdown_abs":"17.245"}]}