{"strategy":{"ACO_21_24":{"trades":[{"pair":"DOGE/USDT","stake_amount":329.82932,"max_stake_amount":329.82932,"amount":1289.0,"open_date":"2025-10-02 17:00:00+00:00","close_date":"2025-10-02 19:00:00+00:00","open_rate":0.25588,"close_rate":0.25882,"fee_open":0.001,"fee_close":0.001,"trade_duration":120,"profit_ratio":0.009468802262299214,"profit_abs":3.1262117,"exit_reason":"roi","initial_stop_loss_abs":0.24309,"initial_stop_loss_ratio":-0.05,"stop_loss_abs":0.24309,"stop_loss_ratio":-0.05,"min_rate":0.25482,"max_rate":0.2608,"is_open":false,"enter_tag":"","leverage":1.0,"is_short":false,"open_timestamp":1759424400000,"close_timestamp":1759431600000,"orders":[{"amount":1289.0,"safe_price":0.25588,"ft_order_side":"buy","order_filled_timestamp":1759424400000,"ft_is_entry":true,"ft_order_tag":"","cost":330.15914932},{"amount":1289.0,"safe_price":0.25882,"ft_order_side":"sell","order_filled_timestamp":1759431600000,"ft_is_entry":false,"ft_order_tag":"roi","cost":333.95259897999995}],"funding_fees":0.0,"weekday":3},{"pair":"DOGE/USDT","stake_amount":330.8022,"max_stake_amount":330.8022,"amount":1332.0,"open_date":"2025-10-08 09:00:00+00:00","close_date":"2025-10-08 11:00:00+00:00","open_rate":0.24835,"close_rate":0.2501,"fee_open":0.001,"fee_close":0.001,"trade_duration":120,"profit_ratio":0.0050344260128838345,"profit_abs":1.6670646,"exit_reason":"roi","initial_stop_loss_abs":0.23594,"initial_stop_loss_ratio":-0.05,"stop_loss_abs":0.23594,"stop_loss_ratio":-0.05,"min_rate":0.24742,"max_rate":0.25065,"is_open":false,"enter_tag":"","leverage":1.0,"is_short":false,"open_timestamp":1759914000000,"close_timestamp":1759921200000,"orders":[{"amount":1332.0,"safe_price":0.24835,"ft_order_side":"buy","order_filled_timestamp":1759914000000,"ft_is_entry":true,"ft_order_tag":"","cost":331.1330021999999},{"amount":1332.0,"safe_price":0.2501,"ft_order_side":"sell","order_filled_timestamp":1759921200000,"ft_is_entry":false,"ft_order_tag":"roi","cost":333.46633319999995}],"funding_fees":0.0,"weekday":2},{"pair":"DOGE/USDT","stake_amount":331.54963,"max_stake_amount":331.54963,"amount":1667.0,"open_date":"2025-10-11 03:00:00+00:00","close_date":"2025-10-11 07:00:00+00:00","open_rate":0.19889,"close_rate":0.18895,"fee_open":0.001,"fee_close":0.001,"trade_duration":240,"profit_ratio":-0.05187552153211563,"profit_abs":-17.21650928,"exit_reason":"stop_loss","initial_stop_loss_abs":0.18895,"initial_stop_loss_ratio":-0.05,"stop_loss_abs":0.18895,"stop_loss_ratio":-0.05,"min_rate":0.1881,"max_rate":0.19987,"is_open":false,"enter_tag":"","leverage":1.0,"is_short":false,"open_timestamp":1760151600000,"close_timestamp":1760166000000,"orders":[{"amount":1667.0,"safe_price":0.19889,"ft_order_side":"buy","order_filled_timestamp":1760151600000,"ft_is_entry":true,"ft_order_tag":"","cost":331.88117963},{"amount":1667.0,"safe_price":0.18895,"ft_order_side":"sell","order_filled_timestamp":1760166000000,"ft_is_entry":false,"ft_order_tag":"stop_loss","cost":315.29462964999993}],"funding_fees":0.0,"weekday":5},{"pair":"DOGE/USDT","stake_amount":325.8035,"max_stake_amount":325.8035,"amount":1601.0,"open_date":"2025-10-14 16:00:00+00:00","close_date":"2025-10-14 18:00:00+00:00","open_rate":0.2035,"close_rate":0.20390740740740737,"fee_open":0.001,"fee_close":0.001,"trade_duration":120,"profit_ratio":0.0,"profit_abs":0.0,"exit_reason":"roi","initial_stop_loss_abs":0.19333,"initial_stop_loss_ratio":-0.05,"stop_loss_abs":0.19333,"stop_loss_ratio":-0.05,"min_rate":0.19991,"max_rate":0.2071,"is_open":false,"enter_tag":"","leverage":1.0,"is_short":false,"open_timestamp":1760457600000,"close_timestamp":1760464800000,"orders":[{"amount":1601.0,"safe_price":0.2035,"ft_order_side":"buy","order_filled_timestamp":1760457600000,"ft_is_entry":true,"ft_order_tag":"","cost":326.12930349999993},{"amount":1601.0,"safe_price":0.20390740740740737,"ft_order_side":"sell","order_filled_timestamp":1760464800000,"ft_is_entry":false,"ft_order_tag":"roi","cost":326.7822150185184}],"funding_fees":0.0,"weekday":1},{"pair":"DOGE/USDT","stake_amount":325.81458,"max_stake_amount":325.81458,"amount":1638.0,"open_date":"2025-10-16 07:00:00+00:00","close_date":"2025-10-16 10:00:00+00:00","open_rate":0.19891,"close_rate":0.1993082182182182,"fee_open":0.001,"fee_close":0.001,"trade_duration":180,"profit_ratio":0.0,"profit_abs":0.0,"exit_reason":"roi","initial_stop_loss_abs":0.18897,"initial_stop_loss_ratio":-0.05,"stop_loss_abs":0.18897,"stop_loss_ratio":-0.05,"min_rate":0.19015,"max_rate":0.20062,"is_open":false,"enter_tag":"","leverage":1.0,"is_short":false,"open_timestamp":1760598000000,"close_timestamp":1760608800000,"orders":[{"amount":1638.0,"safe_price":0.19891,"ft_order_side":"buy","order_filled_timestamp":1760598000000,"ft_is_entry":true,"ft_order_tag":"","cost":326.14039457999996},{"amount":1638.0,"safe_price":0.1993082182182182,"ft_order_side":"sell","order_filled_timestamp":1760608800000,"ft_is_entry":false,"ft_order_tag":"roi","cost":326.79332830288286}],"funding_fees":0.0,"weekday":3},{"pair":"DOGE/USDT","stake_amount":325.78976,"max_stake_amount":325.78976,"amount":1783.0,"open_date":"2025-10-17 12:00:00+00:00","close_date":"2025-10-17 14:00:00+00:00","open_rate":0.18272,"close_rate":0.1833,"fee_open":0.001,"fee_close":0.001,"trade_duration":120,"profit_ratio":0.0011699115245525052,"profit_abs":0.38152634,"exit_reason":"roi","initial_stop_loss_abs":0.17359,"initial_stop_loss_ratio":-0.05,"stop_loss_abs":0.17359,"stop_loss_ratio":-0.05,"min_rate":0.17968,"max_rate":0.18463,"is_open":false,"enter_tag":"","leverage":1.0,"is_short":false,"open_timestamp":1760702400000,"close_timestamp":1760709600000,"orders":[{"amount":1783.0,"safe_price":0.18272,"ft_order_side":"buy","order_filled_timestamp":1760702400000,"ft_is_entry":true,"ft_order_tag":"","cost":326.11554975999996},{"amount":1783.0,"safe_price":0.1833,"ft_order_side":"sell","order_filled_timestamp":1760709600000,"ft_is_entry":false,"ft_order_tag":"roi","cost":327.15072389999995}],"funding_fees":0.0,"weekday":4},{"pair":"DOGE/USDT","stake_amount":325.85248,"max_stake_amount":325.85248,"amount":1696.0,"open_date":"2025-10-22 16:00:00+00:00","close_date":"2025-10-23 06:00:00+00:00","open_rate":0.19213,"close_rate":0.19251464464464463,"fee_open":0.001,"fee_close":0.001,"trade_duration":840,"profit_ratio":0.0,"profit_abs":0.0,"exit_reason":"roi","initial_stop_loss_abs":0.18253,"initial_stop_loss_ratio":-0.05,"stop_loss_abs":0.18253,"stop_loss_ratio":-0.05,"min_rate":0.18467,"max_rate":0.19498,"is_open":false,"enter_tag":"","leverage":1.0,"is_short":false,"open_timestamp":1761148800000,"close_timestamp":1761199200000,"orders":[{"amount":1696.0,"safe_price":0.19213,"ft_order_side":"buy","order_filled_timestamp":1761148800000,"ft_is_entry":true,"ft_order_tag":"","cost":326.17833248},{"amount":1696.0,"safe_price":0.19251464464464463,"ft_order_side":"sell","order_filled_timestamp":1761199200000,"ft_is_entry":false,"ft_order_tag":"roi","cost":326.83134215463457}],"funding_fees":0.0,"weekday":3},{"pair":"DOGE/USDT","stake_amount":325.94388,"max_stake_amount":325.94388,"amount":1668.0,"open_date":"2025-10-29 12:00:00+00:00","close_date":"2025-10-29 17:00:00+00:00","open_rate":0.19541,"close_rate":0.1958012112112112,"fee_open":0.001,"fee_close":0.001,"trade_duration":300,"profit_ratio":0.0,"profit_abs":0.0,"exit_reason":"roi","initial_stop_loss_abs":0.18564,"initial_stop_loss_ratio":-0.05,"stop_loss_abs":0.18564,"stop_loss_ratio":-0.05,"min_rate":0.19022,"max_rate":0.19728,"is_open":false,"enter_tag":"","leverage":1.0,"is_short":false,"open_timestamp":1761739200000,"close_timestamp":1761757200000,"orders":[{"amount":1668.0,"safe_price":0.19541,"ft_order_side":"buy","order_filled_timestamp":1761739200000,"ft_is_entry":true,"ft_order_tag":"","cost":326.26982387999993},{"amount":1668.0,"safe_price":0.1958012112112112,"ft_order_side":"sell","order_filled_timestamp":1761757200000,"ft_is_entry":false,"ft_order_tag":"roi","cost":326.9230167206006}],"funding_fees":0.0,"weekday":2},{"pair":"DOGE/USDT","stake_amount":325.9672,"max_stake_amount":325.9672,"amount":1690.0,"open_date":"2025-10-29 19:00:00+00:00","close_date":"2025-10-29 21:00:00+00:00","open_rate":0.19288,"close_rate":0.19603,"fee_open":0.001,"fee_close":0.001,"trade_duration":120,"profit_ratio":0.014300765596908275,"profit_abs":4.6662421,"exit_reason":"roi","initial_stop_loss_abs":0.18324,"initial_stop_loss_ratio":-0.05,"stop_loss_abs":0.18324,"stop_loss_ratio":-0.05,"min_rate":0.19232,"max_rate":0.19691,"is_open":false,"enter_tag":"","leverage":1.0,"is_short":false,"open_timestamp":1761764400000,"close_timestamp":1761771600000,"orders":[{"amount":1690.0,"safe_price":0.19288,"ft_order_side":"buy","order_filled_timestamp":1761764400000,"ft_is_entry":true,"ft_order_tag":"","cost":326.29316719999997},{"amount":1690.0,"safe_price":0.19603,"ft_order_side":"sell","order_filled_timestamp":1761771600000,"ft_is_entry":false,"ft_order_tag":"roi","cost":331.62199069999997}],"funding_fees":0.0,"weekday":2},{"pair":"DOGE/USDT","stake_amount":327.54524,"max_stake_amount":327.54524,"amount":1793.0,"open_date":"2025-10-31 00:00:00+00:00","close_date":"2025-10-31 02:00:00+00:00","open_rate":0.18268,"close_rate":0.18548,"fee_open":0.001,"fee_close":0.001,"trade_duration":120,"profit_ratio":0.013298722298065412,"profit_abs":4.36028912,"exit_reason":"roi","initial_stop_loss_abs":0.17355,"initial_stop_loss_ratio":-0.05,"stop_loss_abs":0.17355,"stop_loss_ratio":-0.05,"min_rate":0.18228,"max_rate":0.18585,"is_open":false,"enter_tag":"","leverage":1.0,"is_short":false,"open_timestamp":1761868800000,"close_timestamp":1761876000000,"orders":[{"amount":1793.0,"safe_price":0.18268,"ft_order_side":"buy","order_filled_timestamp":1761868800000,"ft_is_entry":true,"ft_order_tag":"","cost":327.87278524},{"amount":1793.0,"safe_price":0.18548,"ft_order_side":"sell","order_filled_timestamp":1761876000000,"ft_is_entry":false,"ft_order_tag":"roi","cost":332.89820564}],"funding_fees":0.0,"weekday":4},{"pair":"DOGE/USDT","stake_amount":328.9455,"max_stake_amount":328.9455,"amount":1950.0,"open_date":"2025-11-04 01:00:00+00:00","close_date":"2025-11-04 03:00:00+00:00","open_rate":0.16869,"close_rate":0.16938,"fee_open":0.001,"fee_close":0.001,"trade_duration":120,"profit_ratio":0.0020841687211952194,"profit_abs":0.6862635,"exit_reason":"roi","initial_stop_loss_abs":0.16026,"initial_stop_loss_ratio":-0.05,"stop_loss_abs":0.16026,"stop_loss_ratio":-0.05,"min_rate":0.16796,"max_rate":0.17095,"is_open":false,"enter_tag":"","leverage":1.0,"is_short":false,"open_timestamp":1762218000000,"close_timestamp":1762225200000,"orders":[{"amount":1950.0,"safe_price":0.16869,"ft_order_side":"buy","order_filled_timestamp":1762218000000,"ft_is_entry":true,"ft_order_tag":"","cost":329.2744455},{"amount":1950.0,"safe_price":0.16938,"ft_order_side":"sell","order_filled_timestamp":1762225200000,"ft_is_entry":false,"ft_order_tag":"roi","cost":330.621291}],"funding_fees":0.0,"weekday":1},{"pair":"DOGE/USDT","stake_amount":329.10786,"max_stake_amount":329.10786,"amount":2007.0,"open_date":"2025-11-04 16:00:00+00:00","close_date":"2025-11-04 18:00:00+00:00","open_rate":0.16398,"close_rate":0.15579,"fee_open":0.001,"fee_close":0.001,"trade_duration":120,"profit_ratio":-0.051843326815884445,"profit_abs":-17.07910839,"exit_reason":"stop_loss","initial_stop_loss_abs":0.15579,"initial_stop_loss_ratio":-0.05,"stop_loss_abs":0.15579,"stop_loss_ratio":-0.05,"min_rate":0.15419,"max_rate":0.16517,"is_open":false,"enter_tag":"","leverage":1.0,"is_short":false,"open_timestamp":1762272000000,"close_timestamp":1762279200000,"orders":[{"amount":2007.0,"safe_price":0.16398,"ft_order_side":"buy","order_filled_timestamp":1762272000000,"ft_is_entry":true,"ft_order_tag":"","cost":329.4369678599999},{"amount":2007.0,"safe_price":0.15579,"ft_order_side":"sell","order_filled_timestamp":1762279200000,"ft_is_entry":false,"ft_order_tag":"stop_loss","cost":312.98320053000003}],"funding_fees":0.0,"weekday":1},{"pair":"DOGE/USDT","stake_amount":323.44776,"max_stake_amount":323.44776,"amount":1979.0,"open_date":"2025-11-04 23:00:00+00:00","close_date":"2025-11-05 01:00:00+00:00","open_rate":0.16344,"close_rate":0.15527,"fee_open":0.001,"fee_close":0.001,"trade_duration":120,"profit_ratio":-0.05188588944095553,"profit_abs":-16.79915709,"exit_reason":"stop_loss","initial_stop_loss_abs":0.15527,"initial_stop_loss_ratio":-0.05,"stop_loss_abs":0.15527,"stop_loss_ratio":-0.05,"min_rate":0.15456,"max_rate":0.16427,"is_open":false,"enter_tag":"","leverage":1.0,"is_short":false,"open_timestamp":1762297200000,"close_timestamp":1762304400000,"orders":[{"amount":1979.0,"safe_price":0.16344,"ft_order_side":"buy","order_filled_timestamp":1762297200000,"ft_is_entry":true,"ft_order_tag":"","cost":323.77120776},{"amount":1979.0,"safe_price":0.15527,"ft_order_side":"sell","order_filled_timestamp":1762304400000,"ft_is_entry":false,"ft_order_tag":"stop_loss","cost":307.58660932999993}],"funding_fees":0.0,"weekday":2},{"pair":"DOGE/USDT","stake_amount":317.89296,"max_stake_amount":317.89296,"amount":1974.0,"open_date":"2025-11-06 19:00:00+00:00","close_date":"2025-11-06 21:00:00+00:00","open_rate":0.16104,"close_rate":0.16136240240240238,"fee_open":0.001,"fee_close":0.001,"trade_duration":120,"profit_ratio":0.0,"profit_abs":0.0,"exit_reason":"roi","initial_stop_loss_abs":0.15299,"initial_stop_loss_ratio":-0.05,"stop_loss_abs":0.15299,"stop_loss_ratio":-0.05,"min_rate":0.15954,"max_rate":0.16291,"is_open":false,"enter_tag":"","leverage":1.0,"is_short":false,"open_timestamp":1762455600000,"close_timestamp":1762462800000,"orders":[{"amount":1974.0,"safe_price":0.16104,"ft_order_side":"buy","order_filled_timestamp":1762455600000,"ft_is_entry":true,"ft_order_tag":"","cost":318.2108529599999},{"amount":1974.0,"safe_price":0.16136240240240238,"ft_order_side":"sell","order_filled_timestamp":1762462800000,"ft_is_entry":false,"ft_order_tag":"roi","cost":318.8479117246846}],"funding_fees":0.0,"weekday":3},{"pair":"DOGE/USDT","stake_amount":317.91812,"max_stake_amount":317.91812,"amount":1846.0,"open_date":"2025-11-12 07:00:00+00:00","close_date":"2025-11-12 09:00:00+00:00","open_rate":0.17222,"close_rate":0.1741,"fee_open":0.001,"fee_close":0.001,"trade_duration":120,"profit_ratio":0.008896457160305725,"profit_abs":2.83117328,"exit_reason":"roi","initial_stop_loss_abs":0.16361,"initial_stop_loss_ratio":-0.05,"stop_loss_abs":0.16361,"stop_loss_ratio":-0.05,"min_rate":0.17118,"max_rate":0.17554,"is_open":false,"enter_tag":"","leverage":1.0,"is_short":false,"open_timestamp":1762930800000,"close_timestamp":1762938000000,"orders":[{"amount":1846.0,"safe_price":0.17222,"ft_order_side":"buy","order_filled_timestamp":1762930800000,"ft_is_entry":true,"ft_order_tag":"","cost":318.23603812},{"amount":1846.0,"safe_price":0.1741,"ft_order_side":"sell","order_filled_timestamp":1762938000000,"ft_is_entry":false,"ft_order_tag":"roi","cost":321.7099886}],"funding_fees":0.0,"weekday":2},{"pair":"DOGE/USDT","stake_amount":318.94824,"max_stake_amount":318.94824,"amount":1963.0,"open_date":"2025-11-15 05:00:00+00:00","close_date":"2025-11-15 07:00:00+00:00","open_rate":0.16248,"close_rate":0.16329,"fee_open":0.001,"fee_close":0.001,"trade_duration":120,"profit_ratio":0.0029772664558484355,"profit_abs":0.95054349,"exit_reason":"roi","initial_stop_loss_abs":0.15436,"initial_stop_loss_ratio":-0.05,"stop_loss_abs":0.15436,"stop_loss_ratio":-0.05,"min_rate":0.16225,"max_rate":0.1642,"is_open":false,"enter_tag":"","leverage":1.0,"is_short":false,"open_timestamp":1763182800000,"close_timestamp":1763190000000,"orders":[{"amount":1963.0,"safe_price":0.16248,"ft_order_side":"buy","order_filled_timestamp":1763182800000,"ft_is_entry":true,"ft_order_tag":"","cost":319.26718823999994},{"amount":1963.0,"safe_price":0.16329,"ft_order_side":"sell","order_filled_timestamp":1763190000000,"ft_is_entry":false,"ft_order_tag":"roi","cost":320.85880826999994}],"funding_fees":0.0,"weekday":5},{"pair":"DOGE/USDT","stake_amount":319.18128,"max_stake_amount":319.18128,"amount":2013.0,"open_date":"2025-11-17 00:00:00+00:00","close_date":"2025-11-17 02:00:00+00:00","open_rate":0.15856,"close_rate":0.15904,"fee_open":0.001,"fee_close":0.001,"trade_duration":120,"profit_ratio":0.001023194766888006,"profit_abs":0.3269112,"exit_reason":"roi","initial_stop_loss_abs":0.15064,"initial_stop_loss_ratio":-0.05,"stop_loss_abs":0.15064,"stop_loss_ratio":-0.05,"min_rate":0.157,"max_rate":0.16069,"is_open":false,"enter_tag":"","leverage":1.0,"is_short":false,"open_timestamp":1763337600000,"close_timestamp":1763344800000,"orders":[{"amount":2013.0,"safe_price":0.15856,"ft_order_side":"buy","order_filled_timestamp":1763337600000,"ft_is_entry":true,"ft_order_tag":"","cost":319.50046127999997},{"amount":2013.0,"safe_price":0.15904,"ft_order_side":"sell","order_filled_timestamp":1763344800000,"ft_is_entry":false,"ft_order_tag":"roi","cost":320.46766751999996}],"funding_fees":0.0,"weekday":0},{"pair":"DOGE/USDT","stake_amount":319.38102,"max_stake_amount":319.38102,"amount":2058.0,"open_date":"2025-11-18 05:00:00+00:00","close_date":"2025-11-18 07:00:00+00:00","open_rate":0.15519,"close_rate":0.15550069069069067,"fee_open":0.001,"fee_close":0.001,"trade_duration":120,"profit_ratio":0.0,"profit_abs":0.0,"exit_reason":"roi","initial_stop_loss_abs":0.14744,"initial_stop_loss_ratio":-0.05,"stop_loss_abs":0.14744,"stop_loss_ratio":-0.05,"min_rate":0.15295,"max_rate":0.15623,"is_open":false,"enter_tag":"","leverage":1.0,"is_short":false,"open_timestamp":1763442000000,"close_timestamp":1763449200000,"orders":[{"amount":2058.0,"safe_price":0.15519,"ft_order_side":"buy","order_filled_timestamp":1763442000000,"ft_is_entry":true,"ft_order_tag":"","cost":319.70040101999996},{"amount":2058.0,"safe_price":0.15550069069069067,"ft_order_side":"sell","order_filled_timestamp":1763449200000,"ft_is_entry":false,"ft_order_tag":"roi","cost":320.3404418628828}],"funding_fees":0.0,"weekday":1},{"pair":"DOGE/USDT","stake_amount":319.31069,"max_stake_amount":319.31069,"amount":2279.0,"open_date":"2025-11-21 14:00:00+00:00","close_date":"2025-11-21 16:00:00+00:00","open_rate":0.14011,"close_rate":0.14039050050050048,"fee_open":0.001,"fee_close":0.001,"trade_duration":120,"profit_ratio":0.0,"profit_abs":0.0,"exit_reason":"roi","initial_stop_loss_abs":0.13311,"initial_stop_loss_ratio":-0.05,"stop_loss_abs":0.13311,"stop_loss_ratio":-0.05,"min_rate":0.13575,"max_rate":0.14209,"is_open":false,"enter_tag":"","leverage":1.0,"is_short":false,"open_timestamp":1763733600000,"close_timestamp":1763740800000,"orders":[{"amount":2279.0,"safe_price":0.14011,"ft_order_side":"buy","order_filled_timestamp":1763733600000,"ft_is_entry":true,"ft_order_tag":"","cost":319.63000069},{"amount":2279.0,"safe_price":0.14039050050050048,"ft_order_side":"sell","order_filled_timestamp":1763740800000,"ft_is_entry":false,"ft_order_tag":"roi","cost":320.26990059128116}],"funding_fees":0.0,"weekday":4},{"pair":"DOGE/USDT","stake_amount":319.35064,"max_stake_amount":319.35064,"amount":2296.0,"open_date":"2025-11-22 15:00:00+00:00","close_date":"2025-11-22 17:00:00+00:00","open_rate":0.13909,"close_rate":0.13953,"fee_open":0.001,"fee_close":0.001,"trade_duration":120,"profit_ratio":0.0011590968525327574,"profit_abs":0.37052848,"exit_reason":"roi","initial_stop_loss_abs":0.13214,"initial_stop_loss_ratio":-0.05,"stop_loss_abs":0.13214,"stop_loss_ratio":-0.05,"min_rate":0.13729,"max_rate":0.13977,"is_open":false,"enter_tag":"","leverage":1.0,"is_short":false,"open_timestamp":1763823600000,"close_timestamp":1763830800000,"orders":[{"amount":2296.0,"safe_price":0.13909,"ft_order_side":"buy","order_filled_timestamp":1763823600000,"ft_is_entry":true,"ft_order_tag":"","cost":319.66999064},{"amount":2296.0,"safe_price":0.13953,"ft_order_side":"sell","order_filled_timestamp":1763830800000,"ft_is_entry":false,"ft_order_tag":"roi","cost":320.6812408799999}],"funding_fees":0.0,"weekday":5},{"pair":"DOGE/USDT","stake_amount":319.5144,"max_stake_amount":319.5144,"amount":2388.0,"open_date":"2025-12-01 21:00:00+00:00","close_date":"2025-12-01 23:00:00+00:00","open_rate":0.1338,"close_rate":0.13584,"fee_open":0.001,"fee_close":0.001,"trade_duration":120,"profit_ratio":0.013218171962566581,"profit_abs":4.22761968,"exit_reason":"roi","initial_stop_loss_abs":0.12711,"initial_stop_loss_ratio":-0.05,"stop_loss_abs":0.12711,"stop_loss_ratio":-0.05,"min_rate":0.13376,"max_rate":0.13663,"is_open":false,"enter_tag":"","leverage":1.0,"is_short":false,"open_timestamp":1764622800000,"close_timestamp":1764630000000,"orders":[{"amount":2388.0,"safe_price":0.1338,"ft_order_side":"buy","order_filled_timestamp":1764622800000,"ft_is_entry":true,"ft_order_tag":"","cost":319.83391439999997},{"amount":2388.0,"safe_price":0.13584,"ft_order_side":"sell","order_filled_timestamp":1764630000000,"ft_is_entry":false,"ft_order_tag":"roi","cost":324.71030591999994}],"funding_fees":0.0,"weekday":0},{"pair":"DOGE/USDT","stake_amount":320.8349,"max_stake_amount":320.8349,"amount":2347.0,"open_date":"2025-12-02 11:00:00+00:00","close_date":"2025-12-02 13:00:00+00:00","open_rate":0.1367,"close_rate":0.13723,"fee_open":0.001,"fee_close":0.001,"trade_duration":120,"profit_ratio":0.0018713546877409347,"profit_abs":0.60099629,"exit_reason":"roi","initial_stop_loss_abs":0.12987,"initial_stop_loss_ratio":-0.05,"stop_loss_abs":0.12987,"stop_loss_ratio":-0.05,"min_rate":0.1362,"max_rate":0.13833,"is_open":false,"enter_tag":"","leverage":1.0,"is_short":false,"open_timestamp":1764673200000,"close_timestamp":1764680400000,"orders":[{"amount":2347.0,"safe_price":0.1367,"ft_order_side":"buy","order_filled_timestamp":1764673200000,"ft_is_entry":true,"ft_order_tag":"","cost":321.1557348999999},{"amount":2347.0,"safe_price":0.13723,"ft_order_side":"sell","order_filled_timestamp":1764680400000,"ft_is_entry":false,"ft_order_tag":"roi","cost":322.4008888099999}],"funding_fees":0.0,"weekday":1},{"pair":"DOGE/USDT","stake_amount":321.03456,"max_stake_amount":321.03456,"amount":2121.0,"open_date":"2025-12-03 18:00:00+00:00","close_date":"2025-12-03 19:00:00+00:00","open_rate":0.15136,"close_rate":0.15054,"fee_open":0.001,"fee_close":0.001,"trade_duration":60,"profit_ratio":-0.0074047252958458045,"profit_abs":-2.3795499,"exit_reason":"exit_signal","initial_stop_loss_abs":0.1438,"initial_stop_loss_ratio":-0.05,"stop_loss_abs":0.1438,"stop_loss_ratio":-0.05,"min_rate":0.1502,"max_rate":0.15195,"is_open":false,"enter_tag":"","leverage":1.0,"is_short":false,"open_timestamp":1764784800000,"close_timestamp":1764788400000,"orders":[{"amount":2121.0,"safe_price":0.15136,"ft_order_side":"buy","order_filled_timestamp":1764784800000,"ft_is_entry":true,"ft_order_tag":"","cost":321.35559456},{"amount":2121.0,"safe_price":0.15054,"ft_order_side":"sell","order_filled_timestamp":1764788400000,"ft_is_entry":false,"ft_order_tag":"exit_signal","cost":319.61463533999995}],"funding_fees":0.0,"weekday":2},{"pair":"DOGE/USDT","stake_amount":320.25399,"max_stake_amount":320.25399,"amount":2289.0,"open_date":"2025-12-06 02:00:00+00:00","close_date":"2025-12-06 14:00:00+00:00","open_rate":0.13991,"close_rate":0.1401901001001001,"fee_open":0.001,"fee_close":0.001,"trade_duration":720,"profit_ratio":0.0,"profit_abs":0.0,"exit_reason":"roi","initial_stop_loss_abs":0.13292,"initial_stop_loss_ratio":-0.05,"stop_loss_abs":0.13292,"stop_loss_ratio":-0.05,"min_rate":0.13836,"max_rate":0.14076,"is_open":false,"enter_tag":"","leverage":1.0,"is_short":false,"open_timestamp":1764986400000,"close_timestamp":1765029600000,"orders":[{"amount":2289.0,"safe_price":0.13991,"ft_order_side":"buy","order_filled_timestamp":1764986400000,"ft_is_entry":true,"ft_order_tag":"","cost":320.57424398999996},{"amount":2289.0,"safe_price":0.1401901001001001,"ft_order_side":"sell","order_filled_timestamp":1765029600000,"ft_is_entry":false,"ft_order_tag":"roi","cost":321.2160342682582}],"funding_fees":0.0,"weekday":5},{"pair":"DOGE/USDT","stake_amount":320.2992,"max_stake_amount":320.2992,"amount":2320.0,"open_date":"2025-12-11 19:00:00+00:00","close_date":"2025-12-11 21:00:00+00:00","open_rate":0.13806,"close_rate":0.14006,"fee_open":0.001,"fee_close":0.001,"trade_duration":120,"profit_ratio":0.012459509200056788,"profit_abs":3.9947616,"exit_reason":"roi","initial_stop_loss_abs":0.13116,"initial_stop_loss_ratio":-0.05,"stop_loss_abs":0.13116,"stop_loss_ratio":-0.05,"min_rate":0.13787,"max_rate":0.14281,"is_open":false,"enter_tag":"","leverage":1.0,"is_short":false,"open_timestamp":1765479600000,"close_timestamp":1765486800000,"orders":[{"amount":2320.0,"safe_price":0.13806,"ft_order_side":"buy","order_filled_timestamp":1765479600000,"ft_is_entry":true,"ft_order_tag":"","cost":320.61949919999995},{"amount":2320.0,"safe_price":0.14006,"ft_order_side":"sell","order_filled_timestamp":1765486800000,"ft_is_entry":false,"ft_order_tag":"roi","cost":325.26413919999993}],"funding_fees":0.0,"weekday":3},{"pair":"DOGE/USDT","stake_amount":321.63393,"max_stake_amount":321.63393,"amount":2399.0,"open_date":"2025-12-15 00:00:00+00:00","close_date":"2025-12-15 02:00:00+00:00","open_rate":0.13407,"close_rate":0.1364,"fee_open":0.001,"fee_close":0.001,"trade_duration":120,"profit_ratio":0.015346255892239334,"profit_abs":4.94081247,"exit_reason":"roi","initial_stop_loss_abs":0.12737,"initial_stop_loss_ratio":-0.05,"stop_loss_abs":0.12737,"stop_loss_ratio":-0.05,"min_rate":0.13404,"max_rate":0.13845,"is_open":false,"enter_tag":"","leverage":1.0,"is_short":false,"open_timestamp":1765756800000,"close_timestamp":1765764000000,"orders":[{"amount":2399.0,"safe_price":0.13407,"ft_order_side":"buy","order_filled_timestamp":1765756800000,"ft_is_entry":true,"ft_order_tag":"","cost":321.9555639299999},{"amount":2399.0,"safe_price":0.1364,"ft_order_side":"sell","order_filled_timestamp":1765764000000,"ft_is_entry":false,"ft_order_tag":"roi","cost":327.55082359999994}],"funding_fees":0.0,"weekday":0},{"pair":"DOGE/USDT","stake_amount":323.16078,"max_stake_amount":323.16078,"amount":2487.0,"open_date":"2025-12-16 07:00:00+00:00","close_date":"2025-12-16 10:00:00+00:00","open_rate":0.12994,"close_rate":0.13020014014014014,"fee_open":0.001,"fee_close":0.001,"trade_duration":180,"profit_ratio":0.0,"profit_abs":0.0,"exit_reason":"roi","initial_stop_loss_abs":0.12345,"initial_stop_loss_ratio":-0.05,"stop_loss_abs":0.12345,"stop_loss_ratio":-0.05,"min_rate":0.12831,"max_rate":0.13149,"is_open":false,"enter_tag":"","leverage":1.0,"is_short":false,"open_timestamp":1765868400000,"close_timestamp":1765879200000,"orders":[{"amount":2487.0,"safe_price":0.12994,"ft_order_side":"buy","order_filled_timestamp":1765868400000,"ft_is_entry":true,"ft_order_tag":"","cost":323.48394077999995},{"amount":2487.0,"safe_price":0.13020014014014014,"ft_order_side":"sell","order_filled_timestamp":1765879200000,"ft_is_entry":false,"ft_order_tag":"roi","cost":324.13155627705703}],"funding_fees":0.0,"weekday":1},{"pair":"DOGE/USDT","stake_amount":323.16004,"max_stake_amount":323.16004,"amount":2443.0,"open_date":"2025-12-20 15:00:00+00:00","close_date":"2025-12-21 08:00:00+00:00","open_rate":0.13228,"close_rate":0.13254482482482483,"fee_open":0.001,"fee_close":0.001,"trade_duration":1020,"profit_ratio":0.0,"profit_abs":0.0,"exit_reason":"roi","initial_stop_loss_abs":0.12567,"initial_stop_loss_ratio":-0.05,"stop_loss_abs":0.12567,"stop_loss_ratio":-0.05,"min_rate":0.13049,"max_rate":0.13307,"is_open":false,"enter_tag":"","leverage":1.0,"is_short":false,"open_timestamp":1766242800000,"close_timestamp":1766304000000,"orders":[{"amount":2443.0,"safe_price":0.13228,"ft_order_side":"buy","order_filled_timestamp":1766242800000,"ft_is_entry":true,"ft_order_tag":"","cost":323.48320004},{"amount":2443.0,"safe_price":0.13254482482482483,"ft_order_side":"sell","order_filled_timestamp":1766304000000,"ft_is_entry":false,"ft_order_tag":"roi","cost":324.13081405409406}],"funding_fees":0.0,"weekday":6},{"pair":"DOGE/USDT","stake_amount":323.24715,"max_stake_amount":323.24715,"amount":2685.0,"open_date":"2026-01-01 09:00:00+00:00","close_date":"2026-01-01 11:00:00+00:00","open_rate":0.12039,"close_rate":0.120631021021021,"fee_open":0.001,"fee_close":0.001,"trade_duration":120,"profit_ratio":0.0,"profit_abs":0.0,"exit_reason":"roi","initial_stop_loss_abs":0.11438,"initial_stop_loss_ratio":-0.05,"stop_loss_abs":0.11438,"stop_loss_ratio":-0.05,"min_rate":0.12021,"max_rate":0.12126,"is_open":false,"enter_tag":"","leverage":1.0,"is_short":false,"open_timestamp":1767258000000,"close_timestamp":1767265200000,"orders":[{"amount":2685.0,"safe_price":0.12039,"ft_order_side":"buy","order_filled_timestamp":1767258000000,"ft_is_entry":true,"ft_order_tag":"","cost":323.57039714999996},{"amount":2685.0,"safe_price":0.120631021021021,"ft_order_side":"sell","order_filled_timestamp":1767265200000,"ft_is_entry":false,"ft_order_tag":"roi","cost":324.21818573288283}],"funding_fees":0.0,"weekday":3},{"pair":"DOGE/USDT","stake_amount":323.21268,"max_stake_amount":323.21268,"amount":2268.0,"open_date":"2026-01-03 15:00:00+00:00","close_date":"2026-01-03 21:00:00+00:00","open_rate":0.14251,"close_rate":0.1427953053053053,"fee_open":0.001,"fee_close":0.001,"trade_duration":360,"profit_ratio":0.0,"profit_abs":0.0,"exit_reason":"roi","initial_stop_loss_abs":0.13539,"initial_stop_loss_ratio":-0.05,"stop_loss_abs":0.13539,"stop_loss_ratio":-0.05,"min_rate":0.14074,"max_rate":0.14294,"is_open":false,"enter_tag":"","leverage":1.0,"is_short":false,"open_timestamp":1767452400000,"close_timestamp":1767474000000,"orders":[{"amount":2268.0,"safe_price":0.14251,"ft_order_side":"buy","order_filled_timestamp":1767452400000,"ft_is_entry":true,"ft_order_tag":"","cost":323.53589267999996},{"amount":2268.0,"safe_price":0.1427953053053053,"ft_order_side":"sell","order_filled_timestamp":1767474000000,"ft_is_entry":false,"ft_order_tag":"roi","cost":324.1836121848648}],"funding_fees":0.0,"weekday":5},{"pair":"DOGE/USDT","stake_amount":323.17506,"max_stake_amount":323.17506,"amount":2171.0,"open_date":"2026-01-05 16:00:00+00:00","close_date":"2026-01-05 18:00:00+00:00","open_rate":0.14886,"close_rate":0.15301,"fee_open":0.001,"fee_close":0.001,"trade_duration":120,"profit_ratio":0.025824840214199344,"profit_abs":8.35429023,"exit_reason":"roi","initial_stop_loss_abs":0.14142,"initial_stop_loss_ratio":-0.05,"stop_loss_abs":0.14142,"stop_loss_ratio":-0.05,"min_rate":0.14844,"max_rate":0.15386,"is_open":false,"enter_tag":"","leverage":1.0,"is_short":false,"open_timestamp":1767628800000,"close_timestamp":1767636000000,"orders":[{"amount":2171.0,"safe_price":0.14886,"ft_order_side":"buy","order_filled_timestamp":1767628800000,"ft_is_entry":true,"ft_order_tag":"","cost":323.49823505999996},{"amount":2171.0,"safe_price":0.15301,"ft_order_side":"sell","order_filled_timestamp":1767636000000,"ft_is_entry":false,"ft_order_tag":"roi","cost":332.51689471}],"funding_fees":0.0,"weekday":0}],"locks":[],"best_pair":{"key":"DOGE/USDT","trades":31,"profit_mean":-0.001125049015371582,"profit_mean_pct":-0.11,"profit_total_abs":-11.98909058,"profit_total":-0.011989090579999999,"profit_total_pct":-1.2,"duration_avg":"3:31:00","wins":15,"draws":12,"losses":4,"winrate":0.4838709677419355,"cagr":-0.04437165774844076,"expectancy":-0.3867448574193548,"expectancy_ratio":-0.41602616113790747,"sortino":-0.3720832922864773,"sharpe":-0.40327780534788693,"calmar":-5.78694023374941,"sqn":-0.3618,"profit_factor":0.7757972511812176,"max_drawdown_account":0.04080486470906531,"max_drawdown_abs":41.0004537},"worst_pair":{"key":"DOGE/USDT","trades":31,"profit_mean":-0.001125049015371582,"profit_mean_pct":-0.11,"profit_total_abs":-11.98909058,"profit_total":-0.011989090579999999,"profit_total_pct":-1.2,"duration_avg":"3:31:00","wins":15,"draws":12,"losses":4,"winrate":0.4838709677419355,"cagr":-0.04437165774844076,"expectancy":-0.3867448574193548,"expectancy_ratio":-0.41602616113790747,"sortino":-0.3720832922864773,"sharpe":-0.40327780534788693,"calmar":-5.78694023374941,"sqn":-0.3618,"profit_factor":0.7757972511812176,"max_drawdown_account":0.04080486470906531,"max_drawdown_abs":41.0004537},"results_per_pair":[{"key":"DOGE/USDT","trades":31,"profit_mean":-0.001125049015371582,"profit_mean_pct":-0.11,"profit_total_abs":-11.98909058,"profit_total":-0.011989090579999999,"profit_total_pct":-1.2,"duration_avg":"3:31:00","wins":15,"draws":12,"losses":4,"winrate":0.4838709677419355,"cagr":-0.04437165774844076,"expectancy":-0.3867448574193548,"expectancy_ratio":-0.41602616113790747,"sortino":-0.3720832922864773,"sharpe":-0.40327780534788693,"calmar":-5.78694023374941,"sqn":-0.3618,"profit_factor":0.7757972511812176,"max_drawdown_account":0.04080486470906531,"max_drawdown_abs":41.0004537},{"key":"TOTAL","trades":31,"profit_mean":-0.001125049015371582,"profit_mean_pct":-0.11,"profit_total_abs":-11.98909058,"profit_total":-0.011989090579999999,"profit_total_pct":-1.2,"duration_avg":"3:31:00","wins":15,"draws":12,"losses":4,"winrate":0.4838709677419355,"cagr":-0.04437165774844076,"expectancy":-0.3867448574193548,"expectancy_ratio":-0.41602616113790747,"sortino":-0.3720832922864773,"sharpe":-0.40327780534788693,"calmar":-5.78694023374941,"sqn":-0.3618,"profit_factor":0.7757972511812176,"max_drawdown_account":0.04080486470906531,"max_drawdown_abs":41.0004537}],"results_per_enter_tag":[{"key":"","trades":31,"profit_mean":-0.001125049015371582,"profit_mean_pct":-0.11,"profit_total_abs":-11.98909058,"profit_total":-0.011989090579999999,"profit_total_pct":-1.2,"duration_avg":"3:31:00","wins":15,"draws":12,"losses":4,"winrate":0.4838709677419355,"cagr":-0.04437165774844076,"expectancy":-0.3867448574193548,"expectancy_ratio":-0.41602616113790747,"sortino":-0.3720832922864773,"sharpe":-0.40327780534788693,"calmar":-5.78694023374941,"sqn":-0.3618,"profit_factor":0.7757972511812176,"max_drawdown_account":0.04080486470906531,"max_drawdown_abs":41.0004537},{"key":"TOTAL","trades":31,"profit_mean":-0.001125049015371582,"profit_mean_pct":-0.11,"profit_total_abs":-11.98909058,"profit_total":-0.011989090579999999,"profit_total_pct":-1.2,"duration_avg":"3:31:00","wins":15,"draws":12,"losses":4,"winrate":0.4838709677419355,"cagr":-0.04437165774844076,"expectancy":-0.3867448574193548,"expectancy_ratio":-0.41602616113790747,"sortino":-0.3720832922864773,"sharpe":-0.40327780534788693,"calmar":-5.78694023374941,"sqn":-0.3618,"profit_factor":0.7757972511812176,"max_drawdown_account":0.04080486470906531,"max_drawdown_abs":41.0004537}],"exit_reason_summary":[{"key":"roi","trades":27,"profit_mean":0.004745664578084532,"profit_mean_pct":0.47,"profit_total_abs":41.48523408,"profit_total":0.041485234079999996,"profit_total_pct":4.15,"duration_avg":"3:42:00","wins":15,"draws":12,"losses":0,"winrate":0.5555555555555556,"cagr":0.1652702998663118,"expectancy":1.536490151111111,"expectancy_ratio":100.0,"sortino":-100,"sharpe":3.7560252387083133,"calmar":-100,"sqn":3.6014,"profit_factor":0.0,"max_drawdown_account":0.0,"max_drawdown_abs":0.0},{"key":"exit_signal","trades":1,"profit_mean":-0.0074047252958458045,"profit_mean_pct":-0.74,"profit_total_abs":-2.3795499,"profit_total":-0.0023795499,"profit_total_pct":-0.24,"duration_avg":"1:00:00","wins":0,"draws":0,"losses":1,"winrate":0.0,"cagr":-0.008924583935891905,"expectancy":-2.3795499,"expectancy_ratio":-1.0,"sortino":-100,"sharpe":-100,"calmar":-19.695848633549037,"sqn":-100.0,"profit_factor":0.0,"max_drawdown_account":0.0023795499000000293,"max_drawdown_abs":2.3795499},{"key":"stop_loss","trades":3,"profit_mean":-0.05186824592965187,"profit_mean_pct":-5.19,"profit_total_abs":-51.09477476,"profit_total":-0.05109477476,"profit_total_pct":-5.11,"duration_avg":"2:40:00","wins":0,"draws":0,"losses":3,"winrate":0.0,"cagr":-0.17909647065578727,"expectancy":-17.031591586666668,"expectancy_ratio":-1.0,"sortino":-57.948186603858616,"sharpe":-57.948186603858616,"calmar":-19.6958486335493,"sqn":-138.6944,"profit_factor":0.0,"max_drawdown_account":0.05109477475999995,"max_drawdown_abs":51.09477476},{"key":"TOTAL","trades":31,"profit_mean":-0.001125049015371582,"profit_mean_pct":-0.11,"profit_total_abs":-11.98909058,"profit_total":-0.011989090579999999,"profit_total_pct":-1.2,"duration_avg":"3:31:00","wins":15,"draws":12,"losses":4,"winrate":0.4838709677419355,"cagr":-0.04437165774844076,"expectancy":-0.3867448574193548,"expectancy_ratio":-0.41602616113790747,"sortino":-0.3720832922864773,"sharpe":-0.40327780534788693,"calmar":-5.78694023374941,"sqn":-0.3618,"profit_factor":0.7757972511812176,"max_drawdown_account":0.04080486470906531,"max_drawdown_abs":41.0004537}],"mix_tag_stats":[{"key":["","roi"],"trades":27,"profit_mean":0.004745664578084532,"profit_mean_pct":0.47,"profit_total_abs":41.48523408,"profit_total":0.041485234079999996,"profit_total_pct":4.15,"duration_avg":"3:42:00","wins":15,"draws":12,"losses":0,"winrate":0.5555555555555556,"cagr":0.1652702998663118,"expectancy":1.536490151111111,"expectancy_ratio":100.0,"sortino":-100,"sharpe":3.7560252387083133,"calmar":-100,"sqn":3.6014,"profit_factor":0.0,"max_drawdown_account":0.0,"max_drawdown_abs":0.0},{"key":["","exit_signal"],"trades":1,"profit_mean":-0.0074047252958458045,"profit_mean_pct":-0.74,"profit_total_abs":-2.3795499,"profit_total":-0.0023795499,"profit_total_pct":-0.24,"duration_avg":"1:00:00","wins":0,"draws":0,"losses":1,"winrate":0.0,"cagr":-0.008924583935891905,"expectancy":-2.3795499,"expectancy_ratio":-1.0,"sortino":-100,"sharpe":-100,"calmar":-19.695848633549037,"sqn":-100.0,"profit_factor":0.0,"max_drawdown_account":0.0023795499000000293,"max_drawdown_abs":2.3795499},{"key":["","stop_loss"],"trades":3,"profit_mean":-0.05186824592965187,"profit_mean_pct":-5.19,"profit_total_abs":-51.09477476,"profit_total":-0.05109477476,"profit_total_pct":-5.11,"duration_avg":"2:40:00","wins":0,"draws":0,"losses":3,"winrate":0.0,"cagr":-0.17909647065578727,"expectancy":-17.031591586666668,"expectancy_ratio":-1.0,"sortino":-57.948186603858616,"sharpe":-57.948186603858616,"calmar":-19.6958486335493,"sqn":-138.6944,"profit_factor":0.0,"max_drawdown_account":0.05109477475999995,"max_drawdown_abs":51.09477476},{"key":"TOTAL","trades":31,"profit_mean":-0.001125049015371582,"profit_mean_pct":-0.11,"profit_total_abs":-11.98909058,"profit_total":-0.011989090579999999,"profit_total_pct":-1.2,"duration_avg":"3:31:00","wins":15,"draws":12,"losses":4,"winrate":0.4838709677419355,"cagr":-0.04437165774844076,"expectancy":-0.3867448574193548,"expectancy_ratio":-0.41602616113790747,"sortino":-0.3720832922864773,"sharpe":-0.40327780534788693,"calmar":-5.78694023374941,"sqn":-0.3618,"profit_factor":0.7757972511812176,"max_drawdown_account":0.04080486470906531,"max_drawdown_abs":41.0004537}],"left_open_trades":[{"key":"TOTAL","trades":0,"profit_mean":0.0,"profit_mean_pct":0.0,"profit_total_abs":0.0,"profit_total":0.0,"profit_total_pct":0.0,"duration_avg":"0:00","wins":0,"draws":0,"losses":0,"winrate":0.0,"cagr":0.0,"expectancy":0.0,"expectancy_ratio":100.0,"sortino":0,"sharpe":0,"calmar":0,"sqn":0.0,"profit_factor":0.0,"max_drawdown_account":0.0,"max_drawdown_abs":0.0}],"total_trades":31,"trade_count_long":31,"trade_count_short":0,"total_volume":20083.955793222638,"avg_stake_amount":323.480920967742,"profit_mean":-0.001125049015371582,"profit_median":0.0,"profit_total":-0.011989090579999999,"profit_total_long":-0.011989090579999999,"profit_total_short":0.0,"profit_total_abs":-11.98909058,"profit_total_long_abs":-11.98909058,"profit_total_short_abs":0.0,"cagr":-0.04437165774844076,"expectancy":-0.3867448574193548,"expectancy_ratio":-0.41602616113790747,"sortino":-0.3720832922864773,"sharpe":-0.40327780534788693,"calmar":-5.78694023374941,"sqn":-0.3618,"profit_factor":0.7757972511812176,"backtest_start":"2025-10-01 00:00:00","backtest_start_ts":1759276800000,"backtest_end":"2026-01-06 20:00:00","backtest_end_ts":1767729600000,"backtest_days":97,"backtest_run_start_ts":1767740300,"backtest_run_end_ts":1767740300,"trades_per_day":0.32,"market_change":-0.36632086436227446,"pairlist":["DOGE/USDT"],"stake_amount":"unlimited","stake_currency":"USDT","stake_currency_decimals":3,"starting_balance":1000,"dry_run_wallet":1000,"final_balance":988.01090942,"rejected_signals":0,"timedout_entry_orders":0,"timedout_exit_orders":0,"canceled_trade_entries":0,"canceled_entry_orders":0,"replaced_entry_orders":0,"max_open_trades":1,"max_open_trades_setting":3,"timeframe":"1h","timeframe_detail":"","timerange":"20251001-","enable_protections":false,"strategy_name":"ACO_21_24","freqaimodel":null,"freqai_identifier":null,"stoploss":-0.05,"trailing_stop":false,"trailing_stop_positive":null,"trailing_stop_positive_offset":0.0,"trailing_only_offset_is_reached":false,"use_custom_stoploss":false,"minimal_roi":{"0":0.1,"60":0.05,"120":0.0},"use_exit_signal":true,"exit_profit_only":false,"exit_profit_offset":0.0,"ignore_roi_if_entry_signal":false,"trading_mode":"spot","margin_mode":"","periodic_breakdown":{"day":[{"date":"02/10/2025","date_ts":1759363200000,"profit_abs":3.1262117,"wins":1,"draws":0,"losses":0,"trades":1,"profit_factor":0.0},{"date":"03/10/2025","date_ts":1759449600000,"profit_abs":0.0,"wins":0,"draws":0,"losses":0,"trades":0,"profit_factor":0.0},{"date":"04/10/2025","date_ts":1759536000000,"profit_abs":0.0,"wins":0,"draws":0,"losses":0,"trades":0,"profit_factor":0.0},{"date":"05/10/2025","date_ts":1759622400000,"profit_abs":0.0,"wins":0,"draws":0,"losses":0,"trades":0,"profit_factor":0.0},{"date":"06/10/2025","date_ts":1759708800000,"profit_abs":0.0,"wins":0,"draws":0,"losses":0,"trades":0,"profit_factor":0.0},{"date":"07/10/2025","date_ts":1759795200000,"profit_abs":0.0,"wins":0,"draws":0,"losses":0,"trades":0,"profit_factor":0.0},{"date":"08/10/2025","date_ts":1759881600000,"profit_abs":1.6670646,"wins":1,"draws":0,"losses":0,"trades":1,"profit_factor":0.0},{"date":"09/10/2025","date_ts":1759968000000,"profit_abs":0.0,"wins":0,"draws":0,"losses":0,"trades":0,"profit_factor":0.0},{"date":"10/10/2025","date_ts":1760054400000,"profit_abs":0.0,"wins":0,"draws":0,"losses":0,"trades":0,"profit_factor":0.0},{"date":"11/10/2025","date_ts":1760140800000,"profit_abs":-17.21650928,"wins":0,"draws":0,"losses":1,"trades":1,"profit_factor":0.0},{"date":"12/10/2025","date_ts":1760227200000,"profit_abs":0.0,"wins":0,"draws":0,"losses":0,"trades":0,"profit_factor":0.0},{"date":"13/10/2025","date_ts":1760313600000,"profit_abs":0.0,"wins":0,"draws":0,"losses":0,"trades":0,"profit_factor":0.0},{"date":"14/10/2025","date_ts":1760400000000,"profit_abs":0.0,"wins":0,"draws":1,"losses":0,"trades":1,"profit_factor":0.0},{"date":"15/10/2025","date_ts":1760486400000,"profit_abs":0.0,"wins":0,"draws":0,"losses":0,"trades":0,"profit_factor":0.0},{"date":"16/10/2025","date_ts":1760572800000,"profit_abs":0.0,"wins":0,"draws":1,"losses":0,"trades":1,"profit_factor":0.0},{"date":"17/10/2025","date_ts":1760659200000,"profit_abs":0.38152634,"wins":1,"draws":0,"losses":0,"trades":1,"profit_factor":0.0},{"date":"18/10/2025","date_ts":1760745600000,"profit_abs":0.0,"wins":0,"draws":0,"losses":0,"trades":0,"profit_factor":0.0},{"date":"19/10/2025","date_ts":1760832000000,"profit_abs":0.0,"wins":0,"draws":0,"losses":0,"trades":0,"profit_factor":0.0},{"date":"20/10/2025","date_ts":1760918400000,"profit_abs":0.0,"wins":0,"draws":0,"losses":0,"trades":0,"profit_factor":0.0},{"date":"21/10/2025","date_ts":1761004800000,"profit_abs":0.0,"wins":0,"draws":0,"losses":0,"trades":0,"profit_factor":0.0},{"date":"22/10/2025","date_ts":1761091200000,"profit_abs":0.0,"wins":0,"draws":0,"losses":0,"trades":0,"profit_factor":0.0},{"date":"23/10/2025","date_ts":1761177600000,"profit_abs":0.0,"wins":0,"draws":1,"losses":0,"trades":1,"profit_factor":0.0},{"date":"24/10/2025","date_ts":1761264000000,"profit_abs":0.0,"wins":0,"draws":0,"losses":0,"trades":0,"profit_factor":0.0},{"date":"25/10/2025","date_ts":1761350400000,"profit_abs":0.0,"wins":0,"draws":0,"losses":0,"trades":0,"profit_factor":0.0},{"date":"26/10/2025","date_ts":1761436800000,"profit_abs":0.0,"wins":0,"draws":0,"losses":0,"trades":0,"profit_factor":0.0},{"date":"27/10/2025","date_ts":1761523200000,"profit_abs":0.0,"wins":0,"draws":0,"losses":0,"trades":0,"profit_factor":0.0},{"date":"28/10/2025","date_ts":1761609600000,"profit_abs":0.0,"wins":0,"draws":0,"losses":0,"trades":0,"profit_factor":0.0},{"date":"29/10/2025","date_ts":1761696000000,"profit_abs":4.6662421,"wins":1,"draws":1,"losses":0,"trades":2,"profit_factor":0.0},{"date":"30/10/2025","date_ts":1761782400000,"profit_abs":0.0,"wins":0,"draws":0,"losses":0,"trades":0,"profit_factor":0.0},{"date":"31/10/2025","date_ts":1761868800000,"profit_abs":4.36028912,"wins":1,"draws":0,"losses":0,"trades":1,"profit_factor":0.0},{"date":"01/11/2025","date_ts":1761955200000,"profit_abs":0.0,"wins":0,"draws":0,"losses":0,"trades":0,"profit_factor":0.0},{"date":"02/11/2025","date_ts":1762041600000,"profit_abs":0.0,"wins":0,"draws":0,"losses":0,"trades":0,"profit_factor":0.0},{"date":"03/11/2025","date_ts":1762128000000,"profit_abs":0.0,"wins":0,"draws":0,"losses":0,"trades":0,"profit_factor":0.0},{"date":"04/11/2025","date_ts":1762214400000,"profit_abs":-16.39284489,"wins":1,"draws":0,"losses":1,"trades":2,"profit_factor":0.04018146},{"date":"05/11/2025","date_ts":1762300800000,"profit_abs":-16.79915709,"wins":0,"draws":0,"losses":1,"trades":1,"profit_factor":0.0},{"date":"06/11/2025","date_ts":1762387200000,"profit_abs":0.0,"wins":0,"draws":1,"losses":0,"trades":1,"profit_factor":0.0},{"date":"07/11/2025","date_ts":1762473600000,"profit_abs":0.0,"wins":0,"draws":0,"losses":0,"trades":0,"profit_factor":0.0},{"date":"08/11/2025","date_ts":1762560000000,"profit_abs":0.0,"wins":0,"draws":0,"losses":0,"trades":0,"profit_factor":0.0},{"date":"09/11/2025","date_ts":1762646400000,"profit_abs":0.0,"wins":0,"draws":0,"losses":0,"trades":0,"profit_factor":0.0},{"date":"10/11/2025","date_ts":1762732800000,"profit_abs":0.0,"wins":0,"draws":0,"losses":0,"trades":0,"profit_factor":0.0},{"date":"11/11/2025","date_ts":1762819200000,"profit_abs":0.0,"wins":0,"draws":0,"losses":0,"trades":0,"profit_factor":0.0},{"date":"12/11/2025","date_ts":1762905600000,"profit_abs":2.83117328,"wins":1,"draws":0,"losses":0,"trades":1,"profit_factor":0.0},{"date":"13/11/2025","date_ts":1762992000000,"profit_abs":0.0,"wins":0,"draws":0,"losses":0,"trades":0,"profit_factor":0.0},{"date":"14/11/2025","date_ts":1763078400000,"profit_abs":0.0,"wins":0,"draws":0,"losses":0,"trades":0,"profit_factor":0.0},{"date":"15/11/2025","date_ts":1763164800000,"profit_abs":0.95054349,"wins":1,"draws":0,"losses":0,"trades":1,"profit_factor":0.0},{"date":"16/11/2025","date_ts":1763251200000,"profit_abs":0.0,"wins":0,"draws":0,"losses":0,"trades":0,"profit_factor":0.0},{"date":"17/11/2025","date_ts":1763337600000,"profit_abs":0.3269112,"wins":1,"draws":0,"losses":0,"trades":1,"profit_factor":0.0},{"date":"18/11/2025","date_ts":1763424000000,"profit_abs":0.0,"wins":0,"draws":1,"losses":0,"trades":1,"profit_factor":0.0},{"date":"19/11/2025","date_ts":1763510400000,"profit_abs":0.0,"wins":0,"draws":0,"losses":0,"trades":0,"profit_factor":0.0},{"date":"20/11/2025","date_ts":1763596800000,"profit_abs":0.0,"wins":0,"draws":0,"losses":0,"trades":0,"profit_factor":0.0},{"date":"21/11/2025","date_ts":1763683200000,"profit_abs":0.0,"wins":0,"draws":1,"losses":0,"trades":1,"profit_factor":0.0},{"date":"22/11/2025","date_ts":1763769600000,"profit_abs":0.37052848,"wins":1,"draws":0,"losses":0,"trades":1,"profit_factor":0.0},{"date":"23/11/2025","date_ts":1763856000000,"profit_abs":0.0,"wins":0,"draws":0,"losses":0,"trades":0,"profit_factor":0.0},{"date":"24/11/2025","date_ts":1763942400000,"profit_abs":0.0,"wins":0,"draws":0,"losses":0,"trades":0,"profit_factor":0.0},{"date":"25/11/2025","date_ts":1764028800000,"profit_abs":0.0,"wins":0,"draws":0,"losses":0,"trades":0,"profit_factor":0.0},{"date":"26/11/2025","date_ts":1764115200000,"profit_abs":0.0,"wins":0,"draws":0,"losses":0,"trades":0,"profit_factor":0.0},{"date":"27/11/2025","date_ts":1764201600000,"profit_abs":0.0,"wins":0,"draws":0,"losses":0,"trades":0,"profit_factor":0.0},{"date":"28/11/2025","date_ts":1764288000000,"profit_abs":0.0,"wins":0,"draws":0,"losses":0,"trades":0,"profit_factor":0.0},{"date":"29/11/2025","date_ts":1764374400000,"profit_abs":0.0,"wins":0,"draws":0,"losses":0,"trades":0,"profit_factor":0.0},{"date":"30/11/2025","date_ts":1764460800000,"profit_abs":0.0,"wins":0,"draws":0,"losses":0,"trades":0,"profit_factor":0.0},{"date":"01/12/2025","date_ts":1764547200000,"profit_abs":4.22761968,"wins":1,"draws":0,"losses":0,"trades":1,"profit_factor":0.0},{"date":"02/12/2025","date_ts":1764633600000,"profit_abs":0.60099629,"wins":1,"draws":0,"losses":0,"trades":1,"profit_factor":0.0},{"date":"03/12/2025","date_ts":1764720000000,"profit_abs":-2.3795499,"wins":0,"draws":0,"losses":1,"trades":1,"profit_factor":0.0},{"date":"04/12/2025","date_ts":1764806400000,"profit_abs":0.0,"wins":0,"draws":0,"losses":0,"trades":0,"profit_factor":0.0},{"date":"05/12/2025","date_ts":1764892800000,"profit_abs":0.0,"wins":0,"draws":0,"losses":0,"trades":0,"profit_factor":0.0},{"date":"06/12/2025","date_ts":1764979200000,"profit_abs":0.0,"wins":0,"draws":1,"losses":0,"trades":1,"profit_factor":0.0},{"date":"07/12/2025","date_ts":1765065600000,"profit_abs":0.0,"wins":0,"draws":0,"losses":0,"trades":0,"profit_factor":0.0},{"date":"08/12/2025","date_ts":1765152000000,"profit_abs":0.0,"wins":0,"draws":0,"losses":0,"trades":0,"profit_factor":0.0},{"date":"09/12/2025","date_ts":1765238400000,"profit_abs":0.0,"wins":0,"draws":0,"losses":0,"trades":0,"profit_factor":0.0},{"date":"10/12/2025","date_ts":1765324800000,"profit_abs":0.0,"wins":0,"draws":0,"losses":0,"trades":0,"profit_factor":0.0},{"date":"11/12/2025","date_ts":1765411200000,"profit_abs":3.9947616,"wins":1,"draws":0,"losses":0,"trades":1,"profit_factor":0.0},{"date":"12/12/2025","date_ts":1765497600000,"profit_abs":0.0,"wins":0,"draws":0,"losses":0,"trades":0,"profit_factor":0.0},{"date":"13/12/2025","date_ts":1765584000000,"profit_abs":0.0,"wins":0,"draws":0,"losses":0,"trades":0,"profit_factor":0.0},{"date":"14/12/2025","date_ts":1765670400000,"profit_abs":0.0,"wins":0,"draws":0,"losses":0,"trades":0,"profit_factor":0.0},{"date":"15/12/2025","date_ts":1765756800000,"profit_abs":4.94081247,"wins":1,"draws":0,"losses":0,"trades":1,"profit_factor":0.0},{"date":"16/12/2025","date_ts":1765843200000,"profit_abs":0.0,"wins":0,"draws":1,"losses":0,"trades":1,"profit_factor":0.0},{"date":"17/12/2025","date_ts":1765929600000,"profit_abs":0.0,"wins":0,"draws":0,"losses":0,"trades":0,"profit_factor":0.0},{"date":"18/12/2025","date_ts":1766016000000,"profit_abs":0.0,"wins":0,"draws":0,"losses":0,"trades":0,"profit_factor":0.0},{"date":"19/12/2025","date_ts":1766102400000,"profit_abs":0.0,"wins":0,"draws":0,"losses":0,"trades":0,"profit_factor":0.0},{"date":"20/12/2025","date_ts":1766188800000,"profit_abs":0.0,"wins":0,"draws":0,"losses":0,"trades":0,"profit_factor":0.0},{"date":"21/12/2025","date_ts":1766275200000,"profit_abs":0.0,"wins":0,"draws":1,"losses":0,"trades":1,"profit_factor":0.0},{"date":"22/12/2025","date_ts":1766361600000,"profit_abs":0.0,"wins":0,"draws":0,"losses":0,"trades":0,"profit_factor":0.0},{"date":"23/12/2025","date_ts":1766448000000,"profit_abs":0.0,"wins":0,"draws":0,"losses":0,"trades":0,"profit_factor":0.0},{"date":"24/12/2025","date_ts":1766534400000,"profit_abs":0.0,"wins":0,"draws":0,"losses":0,"trades":0,"profit_factor":0.0},{"date":"25/12/2025","date_ts":1766620800000,"profit_abs":0.0,"wins":0,"draws":0,"losses":0,"trades":0,"profit_factor":0.0},{"date":"26/12/2025","date_ts":1766707200000,"profit_abs":0.0,"wins":0,"draws":0,"losses":0,"trades":0,"profit_factor":0.0},{"date":"27/12/2025","date_ts":1766793600000,"profit_abs":0.0,"wins":0,"draws":0,"losses":0,"trades":0,"profit_factor":0.0},{"date":"28/12/2025","date_ts":1766880000000,"profit_abs":0.0,"wins":0,"draws":0,"losses":0,"trades":0,"profit_factor":0.0},{"date":"29/12/2025","date_ts":1766966400000,"profit_abs":0.0,"wins":0,"draws":0,"losses":0,"trades":0,"profit_factor":0.0},{"date":"30/12/2025","date_ts":1767052800000,"profit_abs":0.0,"wins":0,"draws":0,"losses":0,"trades":0,"profit_factor":0.0},{"date":"31/12/2025","date_ts":1767139200000,"profit_abs":0.0,"wins":0,"draws":0,"losses":0,"trades":0,"profit_factor":0.0},{"date":"01/01/2026","date_ts":1767225600000,"profit_abs":0.0,"wins":0,"draws":1,"losses":0,"trades":1,"profit_factor":0.0},{"date":"02/01/2026","date_ts":1767312000000,"profit_abs":0.0,"wins":0,"draws":0,"losses":0,"trades":0,"profit_factor":0.0},{"date":"03/01/2026","date_ts":1767398400000,"profit_abs":0.0,"wins":0,"draws":1,"losses":0,"trades":1,"profit_factor":0.0},{"date":"04/01/2026","date_ts":1767484800000,"profit_abs":0.0,"wins":0,"draws":0,"losses":0,"trades":0,"profit_factor":0.0},{"date":"05/01/2026","date_ts":1767571200000,"profit_abs":8.35429023,"wins":1,"draws":0,"losses":0,"trades":1,"profit_factor":0.0}],"week":[{"date":"06/10/2025","date_ts":1759708800000,"profit_abs":3.1262117,"wins":1,"draws":0,"losses":0,"trades":1,"profit_factor":0.0},{"date":"13/10/2025","date_ts":1760313600000,"profit_abs":-15.54944468,"wins":1,"draws":0,"losses":1,"trades":2,"profit_factor":0.09682942},{"date":"20/10/2025","date_ts":1760918400000,"profit_abs":0.38152634,"wins":1,"draws":2,"losses":0,"trades":3,"profit_factor":0.0},{"date":"27/10/2025","date_ts":1761523200000,"profit_abs":0.0,"wins":0,"draws":1,"losses":0,"trades":1,"profit_factor":0.0},{"date":"03/11/2025","date_ts":1762128000000,"profit_abs":9.02653122,"wins":2,"draws":1,"losses":0,"trades":3,"profit_factor":0.0},{"date":"10/11/2025","date_ts":1762732800000,"profit_abs":-33.19200198,"wins":1,"draws":1,"losses":2,"trades":4,"profit_factor":0.02025675},{"date":"17/11/2025","date_ts":1763337600000,"profit_abs":4.10862797,"wins":3,"draws":0,"losses":0,"trades":3,"profit_factor":0.0},{"date":"24/11/2025","date_ts":1763942400000,"profit_abs":0.37052848,"wins":1,"draws":2,"losses":0,"trades":3,"profit_factor":0.0},{"date":"01/12/2025","date_ts":1764547200000,"profit_abs":4.22761968,"wins":1,"draws":0,"losses":0,"trades":1,"profit_factor":0.0},{"date":"08/12/2025","date_ts":1765152000000,"profit_abs":-1.77855361,"wins":1,"draws":1,"losses":1,"trades":3,"profit_factor":0.25256721},{"date":"15/12/2025","date_ts":1765756800000,"profit_abs":8.93557407,"wins":2,"draws":0,"losses":0,"trades":2,"profit_factor":0.0},{"date":"22/12/2025","date_ts":1766361600000,"profit_abs":0.0,"wins":0,"draws":2,"losses":0,"trades":2,"profit_factor":0.0},{"date":"29/12/2025","date_ts":1766966400000,"profit_abs":0.0,"wins":0,"draws":0,"losses":0,"trades":0,"profit_factor":0.0},{"date":"05/01/2026","date_ts":1767571200000,"profit_abs":8.35429023,"wins":1,"draws":2,"losses":0,"trades":3,"profit_factor":0.0}],"month":[{"date":"31/10/2025","date_ts":1761868800000,"profit_abs":-3.01517542,"wins":5,"draws":4,"losses":1,"trades":10,"profit_factor":0.8248672},{"date":"30/11/2025","date_ts":1764460800000,"profit_abs":-28.71284553,"wins":5,"draws":3,"losses":2,"trades":10,"profit_factor":0.15247002},{"date":"31/12/2025","date_ts":1767139200000,"profit_abs":11.38464014,"wins":4,"draws":3,"losses":1,"trades":8,"profit_factor":5.78436705},{"date":"31/01/2026","date_ts":1769817600000,"profit_abs":8.35429023,"wins":1,"draws":2,"losses":0,"trades":3,"profit_factor":0.0}],"year":[{"date":"31/12/2025","date_ts":1767139200000,"profit_abs":-20.34338081,"wins":14,"draws":10,"losses":4,"trades":28,"profit_factor":0.61956732},{"date":"31/12/2026","date_ts":1798675200000,"profit_abs":8.35429023,"wins":1,"draws":2,"losses":0,"trades":3,"profit_factor":0.0}],"weekday":[{"date":"Monday","date_ts":0,"profit_abs":17.84963358,"wins":4,"draws":0,"losses":0,"trades":4,"profit_factor":0.0},{"date":"Tuesday","date_ts":1,"profit_abs":-15.7918486,"wins":2,"draws":3,"losses":1,"trades":6,"profit_factor":0.07537043},{"date":"Wednesday","date_ts":2,"profit_abs":-10.01422701,"wins":3,"draws":1,"losses":2,"trades":6,"profit_factor":0.4778466},{"date":"Thursday","date_ts":3,"profit_abs":7.1209733,"wins":2,"draws":4,"losses":0,"trades":6,"profit_factor":0.0},{"date":"Friday","date_ts":4,"profit_abs":4.74181546,"wins":2,"draws":1,"losses":0,"trades":3,"profit_factor":0.0},{"date":"Saturday","date_ts":5,"profit_abs":-15.89543731,"wins":2,"draws":2,"losses":1,"trades":5,"profit_factor":0.07673286},{"date":"Sunday","date_ts":6,"profit_abs":0.0,"wins":0,"draws":1,"losses":0,"trades":1,"profit_factor":0.0}]},"backtest_best_day":0.025824840214199344,"backtest_worst_day":-0.05188588944095553,"backtest_best_day_abs":8.35429023,"backtest_worst_day_abs":-17.21650928,"winning_days":14,"draw_days":78,"losing_days":4,"daily_profit":[["2025-10-02",3.1262117],["2025-10-03",0.0],["2025-10-04",0.0],["2025-10-05",0.0],["2025-10-06",0.0],["2025-10-07",0.0],["2025-10-08",1.6670646],["2025-10-09",0.0],["2025-10-10",0.0],["2025-10-11",-17.21650928],["2025-10-12",0.0],["2025-10-13",0.0],["2025-10-14",0.0],["2025-10-15",0.0],["2025-10-16",0.0],["2025-10-17",0.38152634],["2025-10-18",0.0],["2025-10-19",0.0],["2025-10-20",0.0],["2025-10-21",0.0],["2025-10-22",0.0],["2025-10-23",0.0],["2025-10-24",0.0],["2025-10-25",0.0],["2025-10-26",0.0],["2025-10-27",0.0],["2025-10-28",0.0],["2025-10-29",4.6662421],["2025-10-30",0.0],["2025-10-31",4.36028912],["2025-11-01",0.0],["2025-11-02",0.0],["2025-11-03",0.0],["2025-11-04",-16.39284489],["2025-11-05",-16.79915709],["2025-11-06",0.0],["2025-11-07",0.0],["2025-11-08",0.0],["2025-11-09",0.0],["2025-11-10",0.0],["2025-11-11",0.0],["2025-11-12",2.83117328],["2025-11-13",0.0],["2025-11-14",0.0],["2025-11-15",0.95054349],["2025-11-16",0.0],["2025-11-17",0.3269112],["2025-11-18",0.0],["2025-11-19",0.0],["2025-11-20",0.0],["2025-11-21",0.0],["2025-11-22",0.37052848],["2025-11-23",0.0],["2025-11-24",0.0],["2025-11-25",0.0],["2025-11-26",0.0],["2025-11-27",0.0],["2025-11-28",0.0],["2025-11-29",0.0],["2025-11-30",0.0],["2025-12-01",4.22761968],["2025-12-02",0.60099629],["2025-12-03",-2.3795499],["2025-12-04",0.0],["2025-12-05",0.0],["2025-12-06",0.0],["2025-12-07",0.0],["2025-12-08",0.0],["2025-12-09",0.0],["2025-12-10",0.0],["2025-12-11",3.9947616],["2025-12-12",0.0],["2025-12-13",0.0],["2025-12-14",0.0],["2025-12-15",4.94081247],["2025-12-16",0.0],["2025-12-17",0.0],["2025-12-18",0.0],["2025-12-19",0.0],["2025-12-20",0.0],["2025-12-21",0.0],["2025-12-22",0.0],["2025-12-23",0.0],["2025-12-24",0.0],["2025-12-25",0.0],["2025-12-26",0.0],["2025-12-27",0.0],["2025-12-28",0.0],["2025-12-29",0.0],["2025-12-30",0.0],["2025-12-31",0.0],["2026-01-01",0.0],["2026-01-02",0.0],["2026-01-03",0.0],["2026-01-04",0.0],["2026-01-05",8.35429023]],"wins":15,"losses":4,"draws":12,"winrate":0.4838709677419355,"holding_avg":"3:31:00","holding_avg_s":12660.0,"winner_holding_min":"0d 02:00","winner_holding_min_s":7200.0,"winner_holding_max":"0d 02:00","winner_holding_max_s":7200.0,"winner_holding_avg":"0d 02:00","winner_holding_avg_s":7200.0,"loser_holding_min":"0d 01:00","loser_holding_min_s":3600.0,"loser_holding_max":"0d 04:00","loser_holding_max_s":14400.0,"loser_holding_avg":"0d 02:15","loser_holding_avg_s":8100.0,"max_consecutive_wins":3,"max_consecutive_losses":4,"max_drawdown_account":0.04080486470906531,"max_relative_drawdown":0.04080486470906531,"max_drawdown_abs":41.0004537,"drawdown_start":"2025-10-08 11:00:00","drawdown_start_ts":1759921200000.0,"drawdown_end":"2025-11-05 01:00:00","drawdown_end_ts":1762304400000.0,"drawdown_duration":"27 days 14:00:00","drawdown_duration_s":2383200.0,"max_drawdown_low":-36.2071774,"max_drawdown_high":4.7932763,"csum_min":963.7928226,"csum_max":1004.7932763}},"strategy_comparison":[{"key":"ACO_21_24","trades":31,"profit_mean":-0.001125049015371582,"profit_mean_pct":-0.11,"profit_total_abs":-11.98909058,"profit_total":-0.011989090579999999,"profit_total_pct":-1.2,"duration_avg":"3:31:00","wins":15,"draws":12,"losses":4,"winrate":0.4838709677419355,"cagr":-0.04437165774844076,"expectancy":-0.3867448574193548,"expectancy_ratio":-0.41602616113790747,"sortino":-0.3720832922864773,"sharpe":-0.40327780534788693,"calmar":-5.78694023374941,"sqn":-0.3618,"profit_factor":0.7757972511812176,"max_drawdown_account":0.04080486470906531,"max_drawdown_abs":"41"}]}