{"strategy":{"ACO_23_6":{"trades":[{"pair":"DOGE/USDT","stake_amount":329.9829,"max_stake_amount":329.9829,"amount":1266.0,"open_date":"2025-10-03 16:00:00+00:00","close_date":"2025-10-03 19:00:00+00:00","open_rate":0.26065,"close_rate":0.2611718218218218,"fee_open":0.001,"fee_close":0.001,"trade_duration":180,"profit_ratio":0.0,"profit_abs":0.0,"exit_reason":"roi","initial_stop_loss_abs":0.24762,"initial_stop_loss_ratio":-0.05,"stop_loss_abs":0.24762,"stop_loss_ratio":-0.05,"min_rate":0.25505,"max_rate":0.26534,"is_open":false,"enter_tag":"","leverage":1.0,"is_short":false,"open_timestamp":1759507200000,"close_timestamp":1759518000000,"orders":[{"amount":1266.0,"safe_price":0.26065,"ft_order_side":"buy","order_filled_timestamp":1759507200000,"ft_is_entry":true,"ft_order_tag":"","cost":330.3128828999999},{"amount":1266.0,"safe_price":0.2611718218218218,"ft_order_side":"sell","order_filled_timestamp":1759518000000,"ft_is_entry":false,"ft_order_tag":"roi","cost":330.9741699528528}],"funding_fees":0.0,"weekday":4},{"pair":"DOGE/USDT","stake_amount":329.8338,"max_stake_amount":329.8338,"amount":1285.0,"open_date":"2025-10-05 03:00:00+00:00","close_date":"2025-10-05 05:00:00+00:00","open_rate":0.25668,"close_rate":0.2625,"fee_open":0.001,"fee_close":0.001,"trade_duration":120,"profit_ratio":0.020630841808962425,"profit_abs":6.8115537,"exit_reason":"roi","initial_stop_loss_abs":0.24385,"initial_stop_loss_ratio":-0.05,"stop_loss_abs":0.24385,"stop_loss_ratio":-0.05,"min_rate":0.25522,"max_rate":0.26398,"is_open":false,"enter_tag":"","leverage":1.0,"is_short":false,"open_timestamp":1759633200000,"close_timestamp":1759640400000,"orders":[{"amount":1285.0,"safe_price":0.25668,"ft_order_side":"buy","order_filled_timestamp":1759633200000,"ft_is_entry":true,"ft_order_tag":"","cost":330.16363379999996},{"amount":1285.0,"safe_price":0.2625,"ft_order_side":"sell","order_filled_timestamp":1759640400000,"ft_is_entry":false,"ft_order_tag":"roi","cost":337.64981249999994}],"funding_fees":0.0,"weekday":6},{"pair":"DOGE/USDT","stake_amount":332.12166,"max_stake_amount":332.12166,"amount":1619.0,"open_date":"2025-10-12 16:00:00+00:00","close_date":"2025-10-12 18:00:00+00:00","open_rate":0.20514,"close_rate":0.20679,"fee_open":0.001,"fee_close":0.001,"trade_duration":120,"profit_ratio":0.006029215008448703,"profit_abs":2.00443533,"exit_reason":"roi","initial_stop_loss_abs":0.19489,"initial_stop_loss_ratio":-0.05,"stop_loss_abs":0.19489,"stop_loss_ratio":-0.05,"min_rate":0.20397,"max_rate":0.2095,"is_open":false,"enter_tag":"","leverage":1.0,"is_short":false,"open_timestamp":1760284800000,"close_timestamp":1760292000000,"orders":[{"amount":1619.0,"safe_price":0.20514,"ft_order_side":"buy","order_filled_timestamp":1760284800000,"ft_is_entry":true,"ft_order_tag":"","cost":332.45378165999995},{"amount":1619.0,"safe_price":0.20679,"ft_order_side":"sell","order_filled_timestamp":1760292000000,"ft_is_entry":false,"ft_order_tag":"roi","cost":335.1278030099999}],"funding_fees":0.0,"weekday":6},{"pair":"DOGE/USDT","stake_amount":332.86193,"max_stake_amount":332.86193,"amount":1709.0,"open_date":"2025-10-23 07:00:00+00:00","close_date":"2025-10-23 10:00:00+00:00","open_rate":0.19477,"close_rate":0.19515992992992992,"fee_open":0.001,"fee_close":0.001,"trade_duration":180,"profit_ratio":0.0,"profit_abs":0.0,"exit_reason":"roi","initial_stop_loss_abs":0.18504,"initial_stop_loss_ratio":-0.05,"stop_loss_abs":0.18504,"stop_loss_ratio":-0.05,"min_rate":0.1931,"max_rate":0.19598,"is_open":false,"enter_tag":"","leverage":1.0,"is_short":false,"open_timestamp":1761202800000,"close_timestamp":1761213600000,"orders":[{"amount":1709.0,"safe_price":0.19477,"ft_order_side":"buy","order_filled_timestamp":1761202800000,"ft_is_entry":true,"ft_order_tag":"","cost":333.19479192999995},{"amount":1709.0,"safe_price":0.19515992992992992,"ft_order_side":"sell","order_filled_timestamp":1761213600000,"ft_is_entry":false,"ft_order_tag":"roi","cost":333.86184857050046}],"funding_fees":0.0,"weekday":3},{"pair":"DOGE/USDT","stake_amount":332.7954,"max_stake_amount":332.7954,"amount":1770.0,"open_date":"2025-11-02 05:00:00+00:00","close_date":"2025-11-02 07:00:00+00:00","open_rate":0.18802,"close_rate":0.18839641641641638,"fee_open":0.001,"fee_close":0.001,"trade_duration":120,"profit_ratio":0.0,"profit_abs":0.0,"exit_reason":"roi","initial_stop_loss_abs":0.17862,"initial_stop_loss_ratio":-0.05,"stop_loss_abs":0.17862,"stop_loss_ratio":-0.05,"min_rate":0.18701,"max_rate":0.18884,"is_open":false,"enter_tag":"","leverage":1.0,"is_short":false,"open_timestamp":1762059600000,"close_timestamp":1762066800000,"orders":[{"amount":1770.0,"safe_price":0.18802,"ft_order_side":"buy","order_filled_timestamp":1762059600000,"ft_is_entry":true,"ft_order_tag":"","cost":333.1281953999999},{"amount":1770.0,"safe_price":0.18839641641641638,"ft_order_side":"sell","order_filled_timestamp":1762066800000,"ft_is_entry":false,"ft_order_tag":"roi","cost":333.795118714114}],"funding_fees":0.0,"weekday":6},{"pair":"DOGE/USDT","stake_amount":332.80875,"max_stake_amount":332.80875,"amount":2025.0,"open_date":"2025-11-07 04:00:00+00:00","close_date":"2025-11-07 06:00:00+00:00","open_rate":0.16435,"close_rate":0.16623,"fee_open":0.001,"fee_close":0.001,"trade_duration":120,"profit_ratio":0.00941814498248937,"profit_abs":3.1375755,"exit_reason":"roi","initial_stop_loss_abs":0.15614,"initial_stop_loss_ratio":-0.05,"stop_loss_abs":0.15614,"stop_loss_ratio":-0.05,"min_rate":0.16366,"max_rate":0.16649,"is_open":false,"enter_tag":"","leverage":1.0,"is_short":false,"open_timestamp":1762488000000,"close_timestamp":1762495200000,"orders":[{"amount":2025.0,"safe_price":0.16435,"ft_order_side":"buy","order_filled_timestamp":1762488000000,"ft_is_entry":true,"ft_order_tag":"","cost":333.14155874999994},{"amount":2025.0,"safe_price":0.16623,"ft_order_side":"sell","order_filled_timestamp":1762495200000,"ft_is_entry":false,"ft_order_tag":"roi","cost":336.95236574999996}],"funding_fees":0.0,"weekday":4},{"pair":"DOGE/USDT","stake_amount":333.8781,"max_stake_amount":333.8781,"amount":2018.0,"open_date":"2025-11-07 15:00:00+00:00","close_date":"2025-11-07 16:00:00+00:00","open_rate":0.16545,"close_rate":0.174062012012012,"fee_open":0.001,"fee_close":0.001,"trade_duration":60,"profit_ratio":0.04995004995004995,"profit_abs":16.693905,"exit_reason":"roi","initial_stop_loss_abs":0.15718,"initial_stop_loss_ratio":-0.05,"stop_loss_abs":0.15718,"stop_loss_ratio":-0.05,"min_rate":0.16408,"max_rate":0.17555,"is_open":false,"enter_tag":"","leverage":1.0,"is_short":false,"open_timestamp":1762527600000,"close_timestamp":1762531200000,"orders":[{"amount":2018.0,"safe_price":0.16545,"ft_order_side":"buy","order_filled_timestamp":1762527600000,"ft_is_entry":true,"ft_order_tag":"","cost":334.21197809999995},{"amount":2018.0,"safe_price":0.174062012012012,"ft_order_side":"sell","order_filled_timestamp":1762531200000,"ft_is_entry":false,"ft_order_tag":"roi","cost":351.60839738048037}],"funding_fees":0.0,"weekday":4},{"pair":"DOGE/USDT","stake_amount":339.32532,"max_stake_amount":339.32532,"amount":1851.0,"open_date":"2025-11-10 23:00:00+00:00","close_date":"2025-11-11 01:00:00+00:00","open_rate":0.18332,"close_rate":0.183687007007007,"fee_open":0.001,"fee_close":0.001,"trade_duration":120,"profit_ratio":0.0,"profit_abs":0.0,"exit_reason":"roi","initial_stop_loss_abs":0.17416,"initial_stop_loss_ratio":-0.05,"stop_loss_abs":0.17416,"stop_loss_ratio":-0.05,"min_rate":0.17933,"max_rate":0.1864,"is_open":false,"enter_tag":"","leverage":1.0,"is_short":false,"open_timestamp":1762815600000,"close_timestamp":1762822800000,"orders":[{"amount":1851.0,"safe_price":0.18332,"ft_order_side":"buy","order_filled_timestamp":1762815600000,"ft_is_entry":true,"ft_order_tag":"","cost":339.66464532},{"amount":1851.0,"safe_price":0.183687007007007,"ft_order_side":"sell","order_filled_timestamp":1762822800000,"ft_is_entry":false,"ft_order_tag":"roi","cost":340.3446546199399}],"funding_fees":0.0,"weekday":1},{"pair":"DOGE/USDT","stake_amount":339.30626,"max_stake_amount":339.30626,"amount":2269.0,"open_date":"2025-11-30 13:00:00+00:00","close_date":"2025-11-30 16:00:00+00:00","open_rate":0.14954,"close_rate":0.14983937937937936,"fee_open":0.001,"fee_close":0.001,"trade_duration":180,"profit_ratio":0.0,"profit_abs":0.0,"exit_reason":"roi","initial_stop_loss_abs":0.14207,"initial_stop_loss_ratio":-0.05,"stop_loss_abs":0.14207,"stop_loss_ratio":-0.05,"min_rate":0.14894,"max_rate":0.15059,"is_open":false,"enter_tag":"","leverage":1.0,"is_short":false,"open_timestamp":1764507600000,"close_timestamp":1764518400000,"orders":[{"amount":2269.0,"safe_price":0.14954,"ft_order_side":"buy","order_filled_timestamp":1764507600000,"ft_is_entry":true,"ft_order_tag":"","cost":339.64556625999995},{"amount":2269.0,"safe_price":0.14983937937937936,"ft_order_side":"sell","order_filled_timestamp":1764518400000,"ft_is_entry":false,"ft_order_tag":"roi","cost":340.32553736362354}],"funding_fees":0.0,"weekday":6},{"pair":"DOGE/USDT","stake_amount":339.416,"max_stake_amount":339.416,"amount":2320.0,"open_date":"2025-12-09 16:00:00+00:00","close_date":"2025-12-09 18:00:00+00:00","open_rate":0.1463,"close_rate":0.15095,"fee_open":0.001,"fee_close":0.001,"trade_duration":120,"profit_ratio":0.029722498963783994,"profit_abs":10.09838,"exit_reason":"roi","initial_stop_loss_abs":0.13899,"initial_stop_loss_ratio":-0.05,"stop_loss_abs":0.13899,"stop_loss_ratio":-0.05,"min_rate":0.1463,"max_rate":0.15319,"is_open":false,"enter_tag":"","leverage":1.0,"is_short":false,"open_timestamp":1765296000000,"close_timestamp":1765303200000,"orders":[{"amount":2320.0,"safe_price":0.1463,"ft_order_side":"buy","order_filled_timestamp":1765296000000,"ft_is_entry":true,"ft_order_tag":"","cost":339.755416},{"amount":2320.0,"safe_price":0.15095,"ft_order_side":"sell","order_filled_timestamp":1765303200000,"ft_is_entry":false,"ft_order_tag":"roi","cost":350.55420399999997}],"funding_fees":0.0,"weekday":1},{"pair":"DOGE/USDT","stake_amount":342.77256,"max_stake_amount":342.77256,"amount":2504.0,"open_date":"2025-12-15 07:00:00+00:00","close_date":"2025-12-15 09:00:00+00:00","open_rate":0.13689,"close_rate":0.13716405405405405,"fee_open":0.001,"fee_close":0.001,"trade_duration":120,"profit_ratio":0.0,"profit_abs":0.0,"exit_reason":"roi","initial_stop_loss_abs":0.13005,"initial_stop_loss_ratio":-0.05,"stop_loss_abs":0.13005,"stop_loss_ratio":-0.05,"min_rate":0.13601,"max_rate":0.13738,"is_open":false,"enter_tag":"","leverage":1.0,"is_short":false,"open_timestamp":1765782000000,"close_timestamp":1765789200000,"orders":[{"amount":2504.0,"safe_price":0.13689,"ft_order_side":"buy","order_filled_timestamp":1765782000000,"ft_is_entry":true,"ft_order_tag":"","cost":343.11533256},{"amount":2504.0,"safe_price":0.13716405405405405,"ft_order_side":"sell","order_filled_timestamp":1765789200000,"ft_is_entry":false,"ft_order_tag":"roi","cost":343.8022501427027}],"funding_fees":0.0,"weekday":0},{"pair":"DOGE/USDT","stake_amount":342.65504,"max_stake_amount":342.65504,"amount":2548.0,"open_date":"2025-12-17 15:00:00+00:00","close_date":"2025-12-17 16:00:00+00:00","open_rate":0.13448,"close_rate":0.12776,"fee_open":0.001,"fee_close":0.001,"trade_duration":60,"profit_ratio":-0.05186841712719167,"profit_abs":-17.79074752,"exit_reason":"stop_loss","initial_stop_loss_abs":0.12776,"initial_stop_loss_ratio":-0.05,"stop_loss_abs":0.12776,"stop_loss_ratio":-0.05,"min_rate":0.12583,"max_rate":0.13631,"is_open":false,"enter_tag":"","leverage":1.0,"is_short":false,"open_timestamp":1765983600000,"close_timestamp":1765987200000,"orders":[{"amount":2548.0,"safe_price":0.13448,"ft_order_side":"buy","order_filled_timestamp":1765983600000,"ft_is_entry":true,"ft_order_tag":"","cost":342.99769503999994},{"amount":2548.0,"safe_price":0.12776,"ft_order_side":"sell","order_filled_timestamp":1765987200000,"ft_is_entry":false,"ft_order_tag":"stop_loss","cost":325.85801248}],"funding_fees":0.0,"weekday":2},{"pair":"DOGE/USDT","stake_amount":336.80616,"max_stake_amount":336.80616,"amount":2536.0,"open_date":"2025-12-21 09:00:00+00:00","close_date":"2025-12-22 00:00:00+00:00","open_rate":0.13281,"close_rate":0.13307588588588587,"fee_open":0.001,"fee_close":0.001,"trade_duration":900,"profit_ratio":0.0,"profit_abs":0.0,"exit_reason":"roi","initial_stop_loss_abs":0.12617,"initial_stop_loss_ratio":-0.05,"stop_loss_abs":0.12617,"stop_loss_ratio":-0.05,"min_rate":0.12871,"max_rate":0.13424,"is_open":false,"enter_tag":"","leverage":1.0,"is_short":false,"open_timestamp":1766307600000,"close_timestamp":1766361600000,"orders":[{"amount":2536.0,"safe_price":0.13281,"ft_order_side":"buy","order_filled_timestamp":1766307600000,"ft_is_entry":true,"ft_order_tag":"","cost":337.14296616},{"amount":2536.0,"safe_price":0.13307588588588587,"ft_order_side":"sell","order_filled_timestamp":1766361600000,"ft_is_entry":false,"ft_order_tag":"roi","cost":337.8179270532131}],"funding_fees":0.0,"weekday":0},{"pair":"DOGE/USDT","stake_amount":336.87688,"max_stake_amount":336.87688,"amount":2692.0,"open_date":"2025-12-29 01:00:00+00:00","close_date":"2025-12-29 03:00:00+00:00","open_rate":0.12514,"close_rate":0.12639,"fee_open":0.001,"fee_close":0.001,"trade_duration":120,"profit_ratio":0.007970852864571899,"profit_abs":2.68788124,"exit_reason":"roi","initial_stop_loss_abs":0.11889,"initial_stop_loss_ratio":-0.05,"stop_loss_abs":0.11889,"stop_loss_ratio":-0.05,"min_rate":0.12437,"max_rate":0.12777,"is_open":false,"enter_tag":"","leverage":1.0,"is_short":false,"open_timestamp":1766970000000,"close_timestamp":1766977200000,"orders":[{"amount":2692.0,"safe_price":0.12514,"ft_order_side":"buy","order_filled_timestamp":1766970000000,"ft_is_entry":true,"ft_order_tag":"","cost":337.21375688},{"amount":2692.0,"safe_price":0.12639,"ft_order_side":"sell","order_filled_timestamp":1766977200000,"ft_is_entry":false,"ft_order_tag":"roi","cost":340.58212187999993}],"funding_fees":0.0,"weekday":0},{"pair":"DOGE/USDT","stake_amount":337.69307,"max_stake_amount":337.69307,"amount":2207.0,"open_date":"2026-01-05 18:00:00+00:00","close_date":"2026-01-05 20:00:00+00:00","open_rate":0.15301,"close_rate":0.1533163263263263,"fee_open":0.001,"fee_close":0.001,"trade_duration":120,"profit_ratio":0.0,"profit_abs":0.0,"exit_reason":"roi","initial_stop_loss_abs":0.14536,"initial_stop_loss_ratio":-0.05,"stop_loss_abs":0.14536,"stop_loss_ratio":-0.05,"min_rate":0.15085,"max_rate":0.1545,"is_open":false,"enter_tag":"","leverage":1.0,"is_short":false,"open_timestamp":1767636000000,"close_timestamp":1767643200000,"orders":[{"amount":2207.0,"safe_price":0.15301,"ft_order_side":"buy","order_filled_timestamp":1767636000000,"ft_is_entry":true,"ft_order_tag":"","cost":338.03076307},{"amount":2207.0,"safe_price":0.1533163263263263,"ft_order_side":"sell","order_filled_timestamp":1767643200000,"ft_is_entry":false,"ft_order_tag":"roi","cost":338.7075013344043}],"funding_fees":0.0,"weekday":0},{"pair":"DOGE/USDT","stake_amount":337.66992,"max_stake_amount":337.66992,"amount":2224.0,"open_date":"2026-01-06 13:00:00+00:00","close_date":"2026-01-06 15:00:00+00:00","open_rate":0.15183,"close_rate":0.15263,"fee_open":0.001,"fee_close":0.001,"trade_duration":120,"profit_ratio":0.003260521339952283,"profit_abs":1.10208096,"exit_reason":"roi","initial_stop_loss_abs":0.14424,"initial_stop_loss_ratio":-0.05,"stop_loss_abs":0.14424,"stop_loss_ratio":-0.05,"min_rate":0.14913,"max_rate":0.15656,"is_open":false,"enter_tag":"","leverage":1.0,"is_short":false,"open_timestamp":1767704400000,"close_timestamp":1767711600000,"orders":[{"amount":2224.0,"safe_price":0.15183,"ft_order_side":"buy","order_filled_timestamp":1767704400000,"ft_is_entry":true,"ft_order_tag":"","cost":338.00758991999993},{"amount":2224.0,"safe_price":0.15263,"ft_order_side":"sell","order_filled_timestamp":1767711600000,"ft_is_entry":false,"ft_order_tag":"roi","cost":339.78856912}],"funding_fees":0.0,"weekday":1}],"locks":[],"best_pair":{"key":"DOGE/USDT","trades":16,"profit_mean":0.004694606736941685,"profit_mean_pct":0.47,"profit_total_abs":24.74506421,"profit_total":0.024745064209999997,"profit_total_pct":2.47,"duration_avg":"2:52:00","wins":7,"draws":8,"losses":1,"winrate":0.4375,"cagr":0.09634233316801866,"expectancy":1.5465665131250004,"expectancy_ratio":-0.41306905393455895,"sortino":-100,"sharpe":0.7227297975001148,"calmar":28.456297211144957,"sqn":0.8882,"profit_factor":2.390895137047058,"max_drawdown_account":0.017127141858665162,"max_drawdown_abs":17.79074752},"worst_pair":{"key":"DOGE/USDT","trades":16,"profit_mean":0.004694606736941685,"profit_mean_pct":0.47,"profit_total_abs":24.74506421,"profit_total":0.024745064209999997,"profit_total_pct":2.47,"duration_avg":"2:52:00","wins":7,"draws":8,"losses":1,"winrate":0.4375,"cagr":0.09634233316801866,"expectancy":1.5465665131250004,"expectancy_ratio":-0.41306905393455895,"sortino":-100,"sharpe":0.7227297975001148,"calmar":28.456297211144957,"sqn":0.8882,"profit_factor":2.390895137047058,"max_drawdown_account":0.017127141858665162,"max_drawdown_abs":17.79074752},"results_per_pair":[{"key":"DOGE/USDT","trades":16,"profit_mean":0.004694606736941685,"profit_mean_pct":0.47,"profit_total_abs":24.74506421,"profit_total":0.024745064209999997,"profit_total_pct":2.47,"duration_avg":"2:52:00","wins":7,"draws":8,"losses":1,"winrate":0.4375,"cagr":0.09634233316801866,"expectancy":1.5465665131250004,"expectancy_ratio":-0.41306905393455895,"sortino":-100,"sharpe":0.7227297975001148,"calmar":28.456297211144957,"sqn":0.8882,"profit_factor":2.390895137047058,"max_drawdown_account":0.017127141858665162,"max_drawdown_abs":17.79074752},{"key":"TOTAL","trades":16,"profit_mean":0.004694606736941685,"profit_mean_pct":0.47,"profit_total_abs":24.74506421,"profit_total":0.024745064209999997,"profit_total_pct":2.47,"duration_avg":"2:52:00","wins":7,"draws":8,"losses":1,"winrate":0.4375,"cagr":0.09634233316801866,"expectancy":1.5465665131250004,"expectancy_ratio":-0.41306905393455895,"sortino":-100,"sharpe":0.7227297975001148,"calmar":28.456297211144957,"sqn":0.8882,"profit_factor":2.390895137047058,"max_drawdown_account":0.017127141858665162,"max_drawdown_abs":17.79074752}],"results_per_enter_tag":[{"key":"","trades":16,"profit_mean":0.004694606736941685,"profit_mean_pct":0.47,"profit_total_abs":24.74506421,"profit_total":0.024745064209999997,"profit_total_pct":2.47,"duration_avg":"2:52:00","wins":7,"draws":8,"losses":1,"winrate":0.4375,"cagr":0.09634233316801866,"expectancy":1.5465665131250004,"expectancy_ratio":-0.41306905393455895,"sortino":-100,"sharpe":0.7227297975001148,"calmar":28.456297211144957,"sqn":0.8882,"profit_factor":2.390895137047058,"max_drawdown_account":0.017127141858665162,"max_drawdown_abs":17.79074752},{"key":"TOTAL","trades":16,"profit_mean":0.004694606736941685,"profit_mean_pct":0.47,"profit_total_abs":24.74506421,"profit_total":0.024745064209999997,"profit_total_pct":2.47,"duration_avg":"2:52:00","wins":7,"draws":8,"losses":1,"winrate":0.4375,"cagr":0.09634233316801866,"expectancy":1.5465665131250004,"expectancy_ratio":-0.41306905393455895,"sortino":-100,"sharpe":0.7227297975001148,"calmar":28.456297211144957,"sqn":0.8882,"profit_factor":2.390895137047058,"max_drawdown_account":0.017127141858665162,"max_drawdown_abs":17.79074752}],"exit_reason_summary":[{"key":"roi","trades":15,"profit_mean":0.008465474994550576,"profit_mean_pct":0.85,"profit_total_abs":42.535811730000006,"profit_total":0.042535811730000005,"profit_total_pct":4.25,"duration_avg":"3:00:00","wins":7,"draws":8,"losses":0,"winrate":0.4666666666666667,"cagr":0.16969952724641857,"expectancy":2.8357207820000006,"expectancy_ratio":100.0,"sortino":-100,"sharpe":1.7895628702135067,"calmar":-100,"sqn":2.2664,"profit_factor":0.0,"max_drawdown_account":0.0,"max_drawdown_abs":0.0},{"key":"stop_loss","trades":1,"profit_mean":-0.05186841712719167,"profit_mean_pct":-5.19,"profit_total_abs":-17.79074752,"profit_total":-0.01779074752,"profit_total_pct":-1.78,"duration_avg":"1:00:00","wins":0,"draws":0,"losses":1,"winrate":0.0,"cagr":-0.06531641696368762,"expectancy":-17.79074752,"expectancy_ratio":-1.0,"sortino":-100,"sharpe":-100,"calmar":-19.69584863354931,"sqn":-100.0,"profit_factor":0.0,"max_drawdown_account":0.01779074751999997,"max_drawdown_abs":17.79074752},{"key":"TOTAL","trades":16,"profit_mean":0.004694606736941685,"profit_mean_pct":0.47,"profit_total_abs":24.74506421,"profit_total":0.024745064209999997,"profit_total_pct":2.47,"duration_avg":"2:52:00","wins":7,"draws":8,"losses":1,"winrate":0.4375,"cagr":0.09634233316801866,"expectancy":1.5465665131250004,"expectancy_ratio":-0.41306905393455895,"sortino":-100,"sharpe":0.7227297975001148,"calmar":28.456297211144957,"sqn":0.8882,"profit_factor":2.390895137047058,"max_drawdown_account":0.017127141858665162,"max_drawdown_abs":17.79074752}],"mix_tag_stats":[{"key":["","roi"],"trades":15,"profit_mean":0.008465474994550576,"profit_mean_pct":0.85,"profit_total_abs":42.535811730000006,"profit_total":0.042535811730000005,"profit_total_pct":4.25,"duration_avg":"3:00:00","wins":7,"draws":8,"losses":0,"winrate":0.4666666666666667,"cagr":0.16969952724641857,"expectancy":2.8357207820000006,"expectancy_ratio":100.0,"sortino":-100,"sharpe":1.7895628702135067,"calmar":-100,"sqn":2.2664,"profit_factor":0.0,"max_drawdown_account":0.0,"max_drawdown_abs":0.0},{"key":["","stop_loss"],"trades":1,"profit_mean":-0.05186841712719167,"profit_mean_pct":-5.19,"profit_total_abs":-17.79074752,"profit_total":-0.01779074752,"profit_total_pct":-1.78,"duration_avg":"1:00:00","wins":0,"draws":0,"losses":1,"winrate":0.0,"cagr":-0.06531641696368762,"expectancy":-17.79074752,"expectancy_ratio":-1.0,"sortino":-100,"sharpe":-100,"calmar":-19.69584863354931,"sqn":-100.0,"profit_factor":0.0,"max_drawdown_account":0.01779074751999997,"max_drawdown_abs":17.79074752},{"key":"TOTAL","trades":16,"profit_mean":0.004694606736941685,"profit_mean_pct":0.47,"profit_total_abs":24.74506421,"profit_total":0.024745064209999997,"profit_total_pct":2.47,"duration_avg":"2:52:00","wins":7,"draws":8,"losses":1,"winrate":0.4375,"cagr":0.09634233316801866,"expectancy":1.5465665131250004,"expectancy_ratio":-0.41306905393455895,"sortino":-100,"sharpe":0.7227297975001148,"calmar":28.456297211144957,"sqn":0.8882,"profit_factor":2.390895137047058,"max_drawdown_account":0.017127141858665162,"max_drawdown_abs":17.79074752}],"left_open_trades":[{"key":"TOTAL","trades":0,"profit_mean":0.0,"profit_mean_pct":0.0,"profit_total_abs":0.0,"profit_total":0.0,"profit_total_pct":0.0,"duration_avg":"0:00","wins":0,"draws":0,"losses":0,"winrate":0.0,"cagr":0.0,"expectancy":0.0,"expectancy_ratio":100.0,"sortino":0,"sharpe":0,"calmar":0,"sqn":0.0,"profit_factor":0.0,"max_drawdown_account":0.0,"max_drawdown_abs":0.0}],"total_trades":16,"trade_count_long":16,"trade_count_short":0,"total_volume":10799.93084762183,"avg_stake_amount":336.05023437499995,"profit_mean":0.004694606736941685,"profit_median":0.0,"profit_total":0.024745064209999997,"profit_total_long":0.024745064209999997,"profit_total_short":0.0,"profit_total_abs":24.74506421,"profit_total_long_abs":24.74506421,"profit_total_short_abs":0.0,"cagr":0.09634233316801866,"expectancy":1.5465665131250004,"expectancy_ratio":-0.41306905393455895,"sortino":-100,"sharpe":0.7227297975001148,"calmar":28.456297211144957,"sqn":0.8882,"profit_factor":2.390895137047058,"backtest_start":"2025-10-01 00:00:00","backtest_start_ts":1759276800000,"backtest_end":"2026-01-06 20:00:00","backtest_end_ts":1767729600000,"backtest_days":97,"backtest_run_start_ts":1767744316,"backtest_run_end_ts":1767744316,"trades_per_day":0.16,"market_change":-0.36632086436227446,"pairlist":["DOGE/USDT"],"stake_amount":"unlimited","stake_currency":"USDT","stake_currency_decimals":3,"starting_balance":1000,"dry_run_wallet":1000,"final_balance":1024.74506421,"rejected_signals":0,"timedout_entry_orders":0,"timedout_exit_orders":0,"canceled_trade_entries":0,"canceled_entry_orders":0,"replaced_entry_orders":0,"max_open_trades":1,"max_open_trades_setting":3,"timeframe":"1h","timeframe_detail":"","timerange":"20251001-","enable_protections":false,"strategy_name":"ACO_23_6","freqaimodel":null,"freqai_identifier":null,"stoploss":-0.05,"trailing_stop":false,"trailing_stop_positive":null,"trailing_stop_positive_offset":0.0,"trailing_only_offset_is_reached":false,"use_custom_stoploss":false,"minimal_roi":{"0":0.1,"60":0.05,"120":0.0},"use_exit_signal":true,"exit_profit_only":false,"exit_profit_offset":0.0,"ignore_roi_if_entry_signal":false,"trading_mode":"spot","margin_mode":"","periodic_breakdown":{"day":[{"date":"03/10/2025","date_ts":1759449600000,"profit_abs":0.0,"wins":0,"draws":1,"losses":0,"trades":1,"profit_factor":0.0},{"date":"04/10/2025","date_ts":1759536000000,"profit_abs":0.0,"wins":0,"draws":0,"losses":0,"trades":0,"profit_factor":0.0},{"date":"05/10/2025","date_ts":1759622400000,"profit_abs":6.8115537,"wins":1,"draws":0,"losses":0,"trades":1,"profit_factor":0.0},{"date":"06/10/2025","date_ts":1759708800000,"profit_abs":0.0,"wins":0,"draws":0,"losses":0,"trades":0,"profit_factor":0.0},{"date":"07/10/2025","date_ts":1759795200000,"profit_abs":0.0,"wins":0,"draws":0,"losses":0,"trades":0,"profit_factor":0.0},{"date":"08/10/2025","date_ts":1759881600000,"profit_abs":0.0,"wins":0,"draws":0,"losses":0,"trades":0,"profit_factor":0.0},{"date":"09/10/2025","date_ts":1759968000000,"profit_abs":0.0,"wins":0,"draws":0,"losses":0,"trades":0,"profit_factor":0.0},{"date":"10/10/2025","date_ts":1760054400000,"profit_abs":0.0,"wins":0,"draws":0,"losses":0,"trades":0,"profit_factor":0.0},{"date":"11/10/2025","date_ts":1760140800000,"profit_abs":0.0,"wins":0,"draws":0,"losses":0,"trades":0,"profit_factor":0.0},{"date":"12/10/2025","date_ts":1760227200000,"profit_abs":2.00443533,"wins":1,"draws":0,"losses":0,"trades":1,"profit_factor":0.0},{"date":"13/10/2025","date_ts":1760313600000,"profit_abs":0.0,"wins":0,"draws":0,"losses":0,"trades":0,"profit_factor":0.0},{"date":"14/10/2025","date_ts":1760400000000,"profit_abs":0.0,"wins":0,"draws":0,"losses":0,"trades":0,"profit_factor":0.0},{"date":"15/10/2025","date_ts":1760486400000,"profit_abs":0.0,"wins":0,"draws":0,"losses":0,"trades":0,"profit_factor":0.0},{"date":"16/10/2025","date_ts":1760572800000,"profit_abs":0.0,"wins":0,"draws":0,"losses":0,"trades":0,"profit_factor":0.0},{"date":"17/10/2025","date_ts":1760659200000,"profit_abs":0.0,"wins":0,"draws":0,"losses":0,"trades":0,"profit_factor":0.0},{"date":"18/10/2025","date_ts":1760745600000,"profit_abs":0.0,"wins":0,"draws":0,"losses":0,"trades":0,"profit_factor":0.0},{"date":"19/10/2025","date_ts":1760832000000,"profit_abs":0.0,"wins":0,"draws":0,"losses":0,"trades":0,"profit_factor":0.0},{"date":"20/10/2025","date_ts":1760918400000,"profit_abs":0.0,"wins":0,"draws":0,"losses":0,"trades":0,"profit_factor":0.0},{"date":"21/10/2025","date_ts":1761004800000,"profit_abs":0.0,"wins":0,"draws":0,"losses":0,"trades":0,"profit_factor":0.0},{"date":"22/10/2025","date_ts":1761091200000,"profit_abs":0.0,"wins":0,"draws":0,"losses":0,"trades":0,"profit_factor":0.0},{"date":"23/10/2025","date_ts":1761177600000,"profit_abs":0.0,"wins":0,"draws":1,"losses":0,"trades":1,"profit_factor":0.0},{"date":"24/10/2025","date_ts":1761264000000,"profit_abs":0.0,"wins":0,"draws":0,"losses":0,"trades":0,"profit_factor":0.0},{"date":"25/10/2025","date_ts":1761350400000,"profit_abs":0.0,"wins":0,"draws":0,"losses":0,"trades":0,"profit_factor":0.0},{"date":"26/10/2025","date_ts":1761436800000,"profit_abs":0.0,"wins":0,"draws":0,"losses":0,"trades":0,"profit_factor":0.0},{"date":"27/10/2025","date_ts":1761523200000,"profit_abs":0.0,"wins":0,"draws":0,"losses":0,"trades":0,"profit_factor":0.0},{"date":"28/10/2025","date_ts":1761609600000,"profit_abs":0.0,"wins":0,"draws":0,"losses":0,"trades":0,"profit_factor":0.0},{"date":"29/10/2025","date_ts":1761696000000,"profit_abs":0.0,"wins":0,"draws":0,"losses":0,"trades":0,"profit_factor":0.0},{"date":"30/10/2025","date_ts":1761782400000,"profit_abs":0.0,"wins":0,"draws":0,"losses":0,"trades":0,"profit_factor":0.0},{"date":"31/10/2025","date_ts":1761868800000,"profit_abs":0.0,"wins":0,"draws":0,"losses":0,"trades":0,"profit_factor":0.0},{"date":"01/11/2025","date_ts":1761955200000,"profit_abs":0.0,"wins":0,"draws":0,"losses":0,"trades":0,"profit_factor":0.0},{"date":"02/11/2025","date_ts":1762041600000,"profit_abs":0.0,"wins":0,"draws":1,"losses":0,"trades":1,"profit_factor":0.0},{"date":"03/11/2025","date_ts":1762128000000,"profit_abs":0.0,"wins":0,"draws":0,"losses":0,"trades":0,"profit_factor":0.0},{"date":"04/11/2025","date_ts":1762214400000,"profit_abs":0.0,"wins":0,"draws":0,"losses":0,"trades":0,"profit_factor":0.0},{"date":"05/11/2025","date_ts":1762300800000,"profit_abs":0.0,"wins":0,"draws":0,"losses":0,"trades":0,"profit_factor":0.0},{"date":"06/11/2025","date_ts":1762387200000,"profit_abs":0.0,"wins":0,"draws":0,"losses":0,"trades":0,"profit_factor":0.0},{"date":"07/11/2025","date_ts":1762473600000,"profit_abs":19.8314805,"wins":2,"draws":0,"losses":0,"trades":2,"profit_factor":0.0},{"date":"08/11/2025","date_ts":1762560000000,"profit_abs":0.0,"wins":0,"draws":0,"losses":0,"trades":0,"profit_factor":0.0},{"date":"09/11/2025","date_ts":1762646400000,"profit_abs":0.0,"wins":0,"draws":0,"losses":0,"trades":0,"profit_factor":0.0},{"date":"10/11/2025","date_ts":1762732800000,"profit_abs":0.0,"wins":0,"draws":0,"losses":0,"trades":0,"profit_factor":0.0},{"date":"11/11/2025","date_ts":1762819200000,"profit_abs":0.0,"wins":0,"draws":1,"losses":0,"trades":1,"profit_factor":0.0},{"date":"12/11/2025","date_ts":1762905600000,"profit_abs":0.0,"wins":0,"draws":0,"losses":0,"trades":0,"profit_factor":0.0},{"date":"13/11/2025","date_ts":1762992000000,"profit_abs":0.0,"wins":0,"draws":0,"losses":0,"trades":0,"profit_factor":0.0},{"date":"14/11/2025","date_ts":1763078400000,"profit_abs":0.0,"wins":0,"draws":0,"losses":0,"trades":0,"profit_factor":0.0},{"date":"15/11/2025","date_ts":1763164800000,"profit_abs":0.0,"wins":0,"draws":0,"losses":0,"trades":0,"profit_factor":0.0},{"date":"16/11/2025","date_ts":1763251200000,"profit_abs":0.0,"wins":0,"draws":0,"losses":0,"trades":0,"profit_factor":0.0},{"date":"17/11/2025","date_ts":1763337600000,"profit_abs":0.0,"wins":0,"draws":0,"losses":0,"trades":0,"profit_factor":0.0},{"date":"18/11/2025","date_ts":1763424000000,"profit_abs":0.0,"wins":0,"draws":0,"losses":0,"trades":0,"profit_factor":0.0},{"date":"19/11/2025","date_ts":1763510400000,"profit_abs":0.0,"wins":0,"draws":0,"losses":0,"trades":0,"profit_factor":0.0},{"date":"20/11/2025","date_ts":1763596800000,"profit_abs":0.0,"wins":0,"draws":0,"losses":0,"trades":0,"profit_factor":0.0},{"date":"21/11/2025","date_ts":1763683200000,"profit_abs":0.0,"wins":0,"draws":0,"losses":0,"trades":0,"profit_factor":0.0},{"date":"22/11/2025","date_ts":1763769600000,"profit_abs":0.0,"wins":0,"draws":0,"losses":0,"trades":0,"profit_factor":0.0},{"date":"23/11/2025","date_ts":1763856000000,"profit_abs":0.0,"wins":0,"draws":0,"losses":0,"trades":0,"profit_factor":0.0},{"date":"24/11/2025","date_ts":1763942400000,"profit_abs":0.0,"wins":0,"draws":0,"losses":0,"trades":0,"profit_factor":0.0},{"date":"25/11/2025","date_ts":1764028800000,"profit_abs":0.0,"wins":0,"draws":0,"losses":0,"trades":0,"profit_factor":0.0},{"date":"26/11/2025","date_ts":1764115200000,"profit_abs":0.0,"wins":0,"draws":0,"losses":0,"trades":0,"profit_factor":0.0},{"date":"27/11/2025","date_ts":1764201600000,"profit_abs":0.0,"wins":0,"draws":0,"losses":0,"trades":0,"profit_factor":0.0},{"date":"28/11/2025","date_ts":1764288000000,"profit_abs":0.0,"wins":0,"draws":0,"losses":0,"trades":0,"profit_factor":0.0},{"date":"29/11/2025","date_ts":1764374400000,"profit_abs":0.0,"wins":0,"draws":0,"losses":0,"trades":0,"profit_factor":0.0},{"date":"30/11/2025","date_ts":1764460800000,"profit_abs":0.0,"wins":0,"draws":1,"losses":0,"trades":1,"profit_factor":0.0},{"date":"01/12/2025","date_ts":1764547200000,"profit_abs":0.0,"wins":0,"draws":0,"losses":0,"trades":0,"profit_factor":0.0},{"date":"02/12/2025","date_ts":1764633600000,"profit_abs":0.0,"wins":0,"draws":0,"losses":0,"trades":0,"profit_factor":0.0},{"date":"03/12/2025","date_ts":1764720000000,"profit_abs":0.0,"wins":0,"draws":0,"losses":0,"trades":0,"profit_factor":0.0},{"date":"04/12/2025","date_ts":1764806400000,"profit_abs":0.0,"wins":0,"draws":0,"losses":0,"trades":0,"profit_factor":0.0},{"date":"05/12/2025","date_ts":1764892800000,"profit_abs":0.0,"wins":0,"draws":0,"losses":0,"trades":0,"profit_factor":0.0},{"date":"06/12/2025","date_ts":1764979200000,"profit_abs":0.0,"wins":0,"draws":0,"losses":0,"trades":0,"profit_factor":0.0},{"date":"07/12/2025","date_ts":1765065600000,"profit_abs":0.0,"wins":0,"draws":0,"losses":0,"trades":0,"profit_factor":0.0},{"date":"08/12/2025","date_ts":1765152000000,"profit_abs":0.0,"wins":0,"draws":0,"losses":0,"trades":0,"profit_factor":0.0},{"date":"09/12/2025","date_ts":1765238400000,"profit_abs":10.09838,"wins":1,"draws":0,"losses":0,"trades":1,"profit_factor":0.0},{"date":"10/12/2025","date_ts":1765324800000,"profit_abs":0.0,"wins":0,"draws":0,"losses":0,"trades":0,"profit_factor":0.0},{"date":"11/12/2025","date_ts":1765411200000,"profit_abs":0.0,"wins":0,"draws":0,"losses":0,"trades":0,"profit_factor":0.0},{"date":"12/12/2025","date_ts":1765497600000,"profit_abs":0.0,"wins":0,"draws":0,"losses":0,"trades":0,"profit_factor":0.0},{"date":"13/12/2025","date_ts":1765584000000,"profit_abs":0.0,"wins":0,"draws":0,"losses":0,"trades":0,"profit_factor":0.0},{"date":"14/12/2025","date_ts":1765670400000,"profit_abs":0.0,"wins":0,"draws":0,"losses":0,"trades":0,"profit_factor":0.0},{"date":"15/12/2025","date_ts":1765756800000,"profit_abs":0.0,"wins":0,"draws":1,"losses":0,"trades":1,"profit_factor":0.0},{"date":"16/12/2025","date_ts":1765843200000,"profit_abs":0.0,"wins":0,"draws":0,"losses":0,"trades":0,"profit_factor":0.0},{"date":"17/12/2025","date_ts":1765929600000,"profit_abs":-17.79074752,"wins":0,"draws":0,"losses":1,"trades":1,"profit_factor":0.0},{"date":"18/12/2025","date_ts":1766016000000,"profit_abs":0.0,"wins":0,"draws":0,"losses":0,"trades":0,"profit_factor":0.0},{"date":"19/12/2025","date_ts":1766102400000,"profit_abs":0.0,"wins":0,"draws":0,"losses":0,"trades":0,"profit_factor":0.0},{"date":"20/12/2025","date_ts":1766188800000,"profit_abs":0.0,"wins":0,"draws":0,"losses":0,"trades":0,"profit_factor":0.0},{"date":"21/12/2025","date_ts":1766275200000,"profit_abs":0.0,"wins":0,"draws":0,"losses":0,"trades":0,"profit_factor":0.0},{"date":"22/12/2025","date_ts":1766361600000,"profit_abs":0.0,"wins":0,"draws":1,"losses":0,"trades":1,"profit_factor":0.0},{"date":"23/12/2025","date_ts":1766448000000,"profit_abs":0.0,"wins":0,"draws":0,"losses":0,"trades":0,"profit_factor":0.0},{"date":"24/12/2025","date_ts":1766534400000,"profit_abs":0.0,"wins":0,"draws":0,"losses":0,"trades":0,"profit_factor":0.0},{"date":"25/12/2025","date_ts":1766620800000,"profit_abs":0.0,"wins":0,"draws":0,"losses":0,"trades":0,"profit_factor":0.0},{"date":"26/12/2025","date_ts":1766707200000,"profit_abs":0.0,"wins":0,"draws":0,"losses":0,"trades":0,"profit_factor":0.0},{"date":"27/12/2025","date_ts":1766793600000,"profit_abs":0.0,"wins":0,"draws":0,"losses":0,"trades":0,"profit_factor":0.0},{"date":"28/12/2025","date_ts":1766880000000,"profit_abs":0.0,"wins":0,"draws":0,"losses":0,"trades":0,"profit_factor":0.0},{"date":"29/12/2025","date_ts":1766966400000,"profit_abs":2.68788124,"wins":1,"draws":0,"losses":0,"trades":1,"profit_factor":0.0},{"date":"30/12/2025","date_ts":1767052800000,"profit_abs":0.0,"wins":0,"draws":0,"losses":0,"trades":0,"profit_factor":0.0},{"date":"31/12/2025","date_ts":1767139200000,"profit_abs":0.0,"wins":0,"draws":0,"losses":0,"trades":0,"profit_factor":0.0},{"date":"01/01/2026","date_ts":1767225600000,"profit_abs":0.0,"wins":0,"draws":0,"losses":0,"trades":0,"profit_factor":0.0},{"date":"02/01/2026","date_ts":1767312000000,"profit_abs":0.0,"wins":0,"draws":0,"losses":0,"trades":0,"profit_factor":0.0},{"date":"03/01/2026","date_ts":1767398400000,"profit_abs":0.0,"wins":0,"draws":0,"losses":0,"trades":0,"profit_factor":0.0},{"date":"04/01/2026","date_ts":1767484800000,"profit_abs":0.0,"wins":0,"draws":0,"losses":0,"trades":0,"profit_factor":0.0},{"date":"05/01/2026","date_ts":1767571200000,"profit_abs":0.0,"wins":0,"draws":1,"losses":0,"trades":1,"profit_factor":0.0},{"date":"06/01/2026","date_ts":1767657600000,"profit_abs":1.10208096,"wins":1,"draws":0,"losses":0,"trades":1,"profit_factor":0.0}],"week":[{"date":"06/10/2025","date_ts":1759708800000,"profit_abs":6.8115537,"wins":1,"draws":1,"losses":0,"trades":2,"profit_factor":0.0},{"date":"13/10/2025","date_ts":1760313600000,"profit_abs":2.00443533,"wins":1,"draws":0,"losses":0,"trades":1,"profit_factor":0.0},{"date":"20/10/2025","date_ts":1760918400000,"profit_abs":0.0,"wins":0,"draws":0,"losses":0,"trades":0,"profit_factor":0.0},{"date":"27/10/2025","date_ts":1761523200000,"profit_abs":0.0,"wins":0,"draws":1,"losses":0,"trades":1,"profit_factor":0.0},{"date":"03/11/2025","date_ts":1762128000000,"profit_abs":0.0,"wins":0,"draws":1,"losses":0,"trades":1,"profit_factor":0.0},{"date":"10/11/2025","date_ts":1762732800000,"profit_abs":19.8314805,"wins":2,"draws":0,"losses":0,"trades":2,"profit_factor":0.0},{"date":"17/11/2025","date_ts":1763337600000,"profit_abs":0.0,"wins":0,"draws":1,"losses":0,"trades":1,"profit_factor":0.0},{"date":"24/11/2025","date_ts":1763942400000,"profit_abs":0.0,"wins":0,"draws":0,"losses":0,"trades":0,"profit_factor":0.0},{"date":"01/12/2025","date_ts":1764547200000,"profit_abs":0.0,"wins":0,"draws":1,"losses":0,"trades":1,"profit_factor":0.0},{"date":"08/12/2025","date_ts":1765152000000,"profit_abs":0.0,"wins":0,"draws":0,"losses":0,"trades":0,"profit_factor":0.0},{"date":"15/12/2025","date_ts":1765756800000,"profit_abs":10.09838,"wins":1,"draws":1,"losses":0,"trades":2,"profit_factor":0.0},{"date":"22/12/2025","date_ts":1766361600000,"profit_abs":-17.79074752,"wins":0,"draws":1,"losses":1,"trades":2,"profit_factor":0.0},{"date":"29/12/2025","date_ts":1766966400000,"profit_abs":2.68788124,"wins":1,"draws":0,"losses":0,"trades":1,"profit_factor":0.0},{"date":"05/01/2026","date_ts":1767571200000,"profit_abs":0.0,"wins":0,"draws":1,"losses":0,"trades":1,"profit_factor":0.0},{"date":"12/01/2026","date_ts":1768176000000,"profit_abs":1.10208096,"wins":1,"draws":0,"losses":0,"trades":1,"profit_factor":0.0}],"month":[{"date":"31/10/2025","date_ts":1761868800000,"profit_abs":8.81598903,"wins":2,"draws":2,"losses":0,"trades":4,"profit_factor":0.0},{"date":"30/11/2025","date_ts":1764460800000,"profit_abs":19.8314805,"wins":2,"draws":3,"losses":0,"trades":5,"profit_factor":0.0},{"date":"31/12/2025","date_ts":1767139200000,"profit_abs":-5.00448628,"wins":2,"draws":2,"losses":1,"trades":5,"profit_factor":0.71870287},{"date":"31/01/2026","date_ts":1769817600000,"profit_abs":1.10208096,"wins":1,"draws":1,"losses":0,"trades":2,"profit_factor":0.0}],"year":[{"date":"31/12/2025","date_ts":1767139200000,"profit_abs":23.64298325,"wins":6,"draws":7,"losses":1,"trades":14,"profit_factor":2.32894828},{"date":"31/12/2026","date_ts":1798675200000,"profit_abs":1.10208096,"wins":1,"draws":1,"losses":0,"trades":2,"profit_factor":0.0}],"weekday":[{"date":"Monday","date_ts":0,"profit_abs":2.68788124,"wins":1,"draws":3,"losses":0,"trades":4,"profit_factor":0.0},{"date":"Tuesday","date_ts":1,"profit_abs":11.20046096,"wins":2,"draws":1,"losses":0,"trades":3,"profit_factor":0.0},{"date":"Wednesday","date_ts":2,"profit_abs":-17.79074752,"wins":0,"draws":0,"losses":1,"trades":1,"profit_factor":0.0},{"date":"Thursday","date_ts":3,"profit_abs":0.0,"wins":0,"draws":1,"losses":0,"trades":1,"profit_factor":0.0},{"date":"Friday","date_ts":4,"profit_abs":19.8314805,"wins":2,"draws":1,"losses":0,"trades":3,"profit_factor":0.0},{"date":"Sunday","date_ts":6,"profit_abs":8.81598903,"wins":2,"draws":2,"losses":0,"trades":4,"profit_factor":0.0}]},"backtest_best_day":0.05936819493253932,"backtest_worst_day":-0.05186841712719167,"backtest_best_day_abs":19.8314805,"backtest_worst_day_abs":-17.79074752,"winning_days":6,"draw_days":89,"losing_days":1,"daily_profit":[["2025-10-03",0.0],["2025-10-04",0.0],["2025-10-05",6.8115537],["2025-10-06",0.0],["2025-10-07",0.0],["2025-10-08",0.0],["2025-10-09",0.0],["2025-10-10",0.0],["2025-10-11",0.0],["2025-10-12",2.00443533],["2025-10-13",0.0],["2025-10-14",0.0],["2025-10-15",0.0],["2025-10-16",0.0],["2025-10-17",0.0],["2025-10-18",0.0],["2025-10-19",0.0],["2025-10-20",0.0],["2025-10-21",0.0],["2025-10-22",0.0],["2025-10-23",0.0],["2025-10-24",0.0],["2025-10-25",0.0],["2025-10-26",0.0],["2025-10-27",0.0],["2025-10-28",0.0],["2025-10-29",0.0],["2025-10-30",0.0],["2025-10-31",0.0],["2025-11-01",0.0],["2025-11-02",0.0],["2025-11-03",0.0],["2025-11-04",0.0],["2025-11-05",0.0],["2025-11-06",0.0],["2025-11-07",19.8314805],["2025-11-08",0.0],["2025-11-09",0.0],["2025-11-10",0.0],["2025-11-11",0.0],["2025-11-12",0.0],["2025-11-13",0.0],["2025-11-14",0.0],["2025-11-15",0.0],["2025-11-16",0.0],["2025-11-17",0.0],["2025-11-18",0.0],["2025-11-19",0.0],["2025-11-20",0.0],["2025-11-21",0.0],["2025-11-22",0.0],["2025-11-23",0.0],["2025-11-24",0.0],["2025-11-25",0.0],["2025-11-26",0.0],["2025-11-27",0.0],["2025-11-28",0.0],["2025-11-29",0.0],["2025-11-30",0.0],["2025-12-01",0.0],["2025-12-02",0.0],["2025-12-03",0.0],["2025-12-04",0.0],["2025-12-05",0.0],["2025-12-06",0.0],["2025-12-07",0.0],["2025-12-08",0.0],["2025-12-09",10.09838],["2025-12-10",0.0],["2025-12-11",0.0],["2025-12-12",0.0],["2025-12-13",0.0],["2025-12-14",0.0],["2025-12-15",0.0],["2025-12-16",0.0],["2025-12-17",-17.79074752],["2025-12-18",0.0],["2025-12-19",0.0],["2025-12-20",0.0],["2025-12-21",0.0],["2025-12-22",0.0],["2025-12-23",0.0],["2025-12-24",0.0],["2025-12-25",0.0],["2025-12-26",0.0],["2025-12-27",0.0],["2025-12-28",0.0],["2025-12-29",2.68788124],["2025-12-30",0.0],["2025-12-31",0.0],["2026-01-01",0.0],["2026-01-02",0.0],["2026-01-03",0.0],["2026-01-04",0.0],["2026-01-05",0.0],["2026-01-06",1.10208096]],"wins":7,"losses":1,"draws":8,"winrate":0.4375,"holding_avg":"2:52:00","holding_avg_s":10320.0,"winner_holding_min":"0d 01:00","winner_holding_min_s":3600.0,"winner_holding_max":"0d 02:00","winner_holding_max_s":7200.0,"winner_holding_avg":"0d 01:51","winner_holding_avg_s":6660.0,"loser_holding_min":"0d 01:00","loser_holding_min_s":3600.0,"loser_holding_max":"0d 01:00","loser_holding_max_s":3600.0,"loser_holding_avg":"0d 01:00","loser_holding_avg_s":3600.0,"max_consecutive_wins":2,"max_consecutive_losses":3,"max_drawdown_account":0.017127141858665162,"max_relative_drawdown":0.017127141858665162,"max_drawdown_abs":17.79074752,"drawdown_start":"2025-12-09 18:00:00","drawdown_start_ts":1765303200000.0,"drawdown_end":"2025-12-17 16:00:00","drawdown_end_ts":1765987200000.0,"drawdown_duration":"7 days 22:00:00","drawdown_duration_s":684000.0,"max_drawdown_low":20.95510201,"max_drawdown_high":38.74584953,"csum_min":1000.0,"csum_max":1038.74584953}},"strategy_comparison":[{"key":"ACO_23_6","trades":16,"profit_mean":0.004694606736941685,"profit_mean_pct":0.47,"profit_total_abs":24.74506421,"profit_total":0.024745064209999997,"profit_total_pct":2.47,"duration_avg":"2:52:00","wins":7,"draws":8,"losses":1,"winrate":0.4375,"cagr":0.09634233316801866,"expectancy":1.5465665131250004,"expectancy_ratio":-0.41306905393455895,"sortino":-100,"sharpe":0.7227297975001148,"calmar":28.456297211144957,"sqn":0.8882,"profit_factor":2.390895137047058,"max_drawdown_account":0.017127141858665162,"max_drawdown_abs":"17.791"}]}