{"strategy":{"ACO_45_9":{"trades":[{"pair":"DOGE/USDT","stake_amount":329.84224,"max_stake_amount":329.84224,"amount":1316.0,"open_date":"2025-10-10 11:00:00+00:00","close_date":"2025-10-10 13:00:00+00:00","open_rate":0.25064,"close_rate":0.2511417817817817,"fee_open":0.001,"fee_close":0.001,"trade_duration":120,"profit_ratio":0.0,"profit_abs":0.0,"exit_reason":"roi","initial_stop_loss_abs":0.23811,"initial_stop_loss_ratio":-0.05,"stop_loss_abs":0.23811,"stop_loss_ratio":-0.05,"min_rate":0.24958,"max_rate":0.25403,"is_open":false,"enter_tag":"","leverage":1.0,"is_short":false,"open_timestamp":1760094000000,"close_timestamp":1760101200000,"orders":[{"amount":1316.0,"safe_price":0.25064,"ft_order_side":"buy","order_filled_timestamp":1760094000000,"ft_is_entry":true,"ft_order_tag":"","cost":330.1720822399999},{"amount":1316.0,"safe_price":0.2511417817817817,"ft_order_side":"sell","order_filled_timestamp":1760101200000,"ft_is_entry":false,"ft_order_tag":"roi","cost":330.8330874096495}],"funding_fees":0.0,"weekday":4},{"pair":"DOGE/USDT","stake_amount":329.90748,"max_stake_amount":329.90748,"amount":1682.0,"open_date":"2025-10-12 15:00:00+00:00","close_date":"2025-10-12 16:00:00+00:00","open_rate":0.19614,"close_rate":0.2063494894894895,"fee_open":0.001,"fee_close":0.001,"trade_duration":60,"profit_ratio":0.04995004995004996,"profit_abs":16.495374,"exit_reason":"roi","initial_stop_loss_abs":0.18634,"initial_stop_loss_ratio":-0.05,"stop_loss_abs":0.18634,"stop_loss_ratio":-0.05,"min_rate":0.19562,"max_rate":0.2095,"is_open":false,"enter_tag":"","leverage":1.0,"is_short":false,"open_timestamp":1760281200000,"close_timestamp":1760284800000,"orders":[{"amount":1682.0,"safe_price":0.19614,"ft_order_side":"buy","order_filled_timestamp":1760281200000,"ft_is_entry":true,"ft_order_tag":"","cost":330.23738748},{"amount":1682.0,"safe_price":0.2063494894894895,"ft_order_side":"sell","order_filled_timestamp":1760284800000,"ft_is_entry":false,"ft_order_tag":"roi","cost":347.4269211626426}],"funding_fees":0.0,"weekday":6},{"pair":"DOGE/USDT","stake_amount":335.36715,"max_stake_amount":335.36715,"amount":2027.0,"open_date":"2025-11-07 15:00:00+00:00","close_date":"2025-11-07 16:00:00+00:00","open_rate":0.16545,"close_rate":0.174062012012012,"fee_open":0.001,"fee_close":0.001,"trade_duration":60,"profit_ratio":0.04995004995004995,"profit_abs":16.7683575,"exit_reason":"roi","initial_stop_loss_abs":0.15718,"initial_stop_loss_ratio":-0.05,"stop_loss_abs":0.15718,"stop_loss_ratio":-0.05,"min_rate":0.16408,"max_rate":0.17555,"is_open":false,"enter_tag":"","leverage":1.0,"is_short":false,"open_timestamp":1762527600000,"close_timestamp":1762531200000,"orders":[{"amount":2027.0,"safe_price":0.16545,"ft_order_side":"buy","order_filled_timestamp":1762527600000,"ft_is_entry":true,"ft_order_tag":"","cost":335.70251715},{"amount":2027.0,"safe_price":0.174062012012012,"ft_order_side":"sell","order_filled_timestamp":1762531200000,"ft_is_entry":false,"ft_order_tag":"roi","cost":353.1765220466966}],"funding_fees":0.0,"weekday":4},{"pair":"DOGE/USDT","stake_amount":340.9752,"max_stake_amount":340.9752,"amount":1860.0,"open_date":"2025-11-10 23:00:00+00:00","close_date":"2025-11-11 01:00:00+00:00","open_rate":0.18332,"close_rate":0.183687007007007,"fee_open":0.001,"fee_close":0.001,"trade_duration":120,"profit_ratio":0.0,"profit_abs":0.0,"exit_reason":"roi","initial_stop_loss_abs":0.17416,"initial_stop_loss_ratio":-0.05,"stop_loss_abs":0.17416,"stop_loss_ratio":-0.05,"min_rate":0.17933,"max_rate":0.1864,"is_open":false,"enter_tag":"","leverage":1.0,"is_short":false,"open_timestamp":1762815600000,"close_timestamp":1762822800000,"orders":[{"amount":1860.0,"safe_price":0.18332,"ft_order_side":"buy","order_filled_timestamp":1762815600000,"ft_is_entry":true,"ft_order_tag":"","cost":341.3161752},{"amount":1860.0,"safe_price":0.183687007007007,"ft_order_side":"sell","order_filled_timestamp":1762822800000,"ft_is_entry":false,"ft_order_tag":"roi","cost":341.99949086606597}],"funding_fees":0.0,"weekday":1},{"pair":"DOGE/USDT","stake_amount":340.851,"max_stake_amount":340.851,"amount":2100.0,"open_date":"2025-11-17 15:00:00+00:00","close_date":"2025-11-17 18:00:00+00:00","open_rate":0.16231,"close_rate":0.1542,"fee_open":0.001,"fee_close":0.001,"trade_duration":180,"profit_ratio":-0.051864283827810415,"profit_abs":-17.695671,"exit_reason":"stop_loss","initial_stop_loss_abs":0.1542,"initial_stop_loss_ratio":-0.05,"stop_loss_abs":0.1542,"stop_loss_ratio":-0.05,"min_rate":0.15372,"max_rate":0.16367,"is_open":false,"enter_tag":"","leverage":1.0,"is_short":false,"open_timestamp":1763391600000,"close_timestamp":1763402400000,"orders":[{"amount":2100.0,"safe_price":0.16231,"ft_order_side":"buy","order_filled_timestamp":1763391600000,"ft_is_entry":true,"ft_order_tag":"","cost":341.191851},{"amount":2100.0,"safe_price":0.1542,"ft_order_side":"sell","order_filled_timestamp":1763402400000,"ft_is_entry":false,"ft_order_tag":"stop_loss","cost":324.14381999999995}],"funding_fees":0.0,"weekday":0},{"pair":"DOGE/USDT","stake_amount":335.00244,"max_stake_amount":335.00244,"amount":2364.0,"open_date":"2025-11-23 02:00:00+00:00","close_date":"2025-11-23 04:00:00+00:00","open_rate":0.14171,"close_rate":0.14289,"fee_open":0.001,"fee_close":0.001,"trade_duration":120,"profit_ratio":0.006312225633374458,"profit_abs":2.1167256,"exit_reason":"roi","initial_stop_loss_abs":0.13463,"initial_stop_loss_ratio":-0.05,"stop_loss_abs":0.13463,"stop_loss_ratio":-0.05,"min_rate":0.14124,"max_rate":0.1447,"is_open":false,"enter_tag":"","leverage":1.0,"is_short":false,"open_timestamp":1763863200000,"close_timestamp":1763870400000,"orders":[{"amount":2364.0,"safe_price":0.14171,"ft_order_side":"buy","order_filled_timestamp":1763863200000,"ft_is_entry":true,"ft_order_tag":"","cost":335.33744243999996},{"amount":2364.0,"safe_price":0.14289,"ft_order_side":"sell","order_filled_timestamp":1763870400000,"ft_is_entry":false,"ft_order_tag":"roi","cost":338.1297519599999}],"funding_fees":0.0,"weekday":6},{"pair":"DOGE/USDT","stake_amount":335.68716,"max_stake_amount":335.68716,"amount":2246.0,"open_date":"2025-11-25 13:00:00+00:00","close_date":"2025-11-25 16:00:00+00:00","open_rate":0.14946,"close_rate":0.14975921921921923,"fee_open":0.001,"fee_close":0.001,"trade_duration":180,"profit_ratio":0.0,"profit_abs":0.0,"exit_reason":"roi","initial_stop_loss_abs":0.14199,"initial_stop_loss_ratio":-0.05,"stop_loss_abs":0.14199,"stop_loss_ratio":-0.05,"min_rate":0.14585,"max_rate":0.15052,"is_open":false,"enter_tag":"","leverage":1.0,"is_short":false,"open_timestamp":1764075600000,"close_timestamp":1764086400000,"orders":[{"amount":2246.0,"safe_price":0.14946,"ft_order_side":"buy","order_filled_timestamp":1764075600000,"ft_is_entry":true,"ft_order_tag":"","cost":336.02284715999997},{"amount":2246.0,"safe_price":0.14975921921921923,"ft_order_side":"sell","order_filled_timestamp":1764086400000,"ft_is_entry":false,"ft_order_tag":"roi","cost":336.69556557273273}],"funding_fees":0.0,"weekday":1},{"pair":"DOGE/USDT","stake_amount":335.71708,"max_stake_amount":335.71708,"amount":2242.0,"open_date":"2025-11-25 17:00:00+00:00","close_date":"2025-11-25 19:00:00+00:00","open_rate":0.14974,"close_rate":0.15106,"fee_open":0.001,"fee_close":0.001,"trade_duration":120,"profit_ratio":0.0067996648736597986,"profit_abs":2.2850464,"exit_reason":"roi","initial_stop_loss_abs":0.14226,"initial_stop_loss_ratio":-0.05,"stop_loss_abs":0.14226,"stop_loss_ratio":-0.05,"min_rate":0.14842,"max_rate":0.15222,"is_open":false,"enter_tag":"","leverage":1.0,"is_short":false,"open_timestamp":1764090000000,"close_timestamp":1764097200000,"orders":[{"amount":2242.0,"safe_price":0.14974,"ft_order_side":"buy","order_filled_timestamp":1764090000000,"ft_is_entry":true,"ft_order_tag":"","cost":336.05279707999995},{"amount":2242.0,"safe_price":0.15106,"ft_order_side":"sell","order_filled_timestamp":1764097200000,"ft_is_entry":false,"ft_order_tag":"roi","cost":339.01519651999996}],"funding_fees":0.0,"weekday":1},{"pair":"DOGE/USDT","stake_amount":336.50803,"max_stake_amount":336.50803,"amount":2567.0,"open_date":"2025-12-17 14:00:00+00:00","close_date":"2025-12-18 05:00:00+00:00","open_rate":0.13109,"close_rate":0.12454,"fee_open":0.001,"fee_close":0.001,"trade_duration":900,"profit_ratio":-0.051863842923420306,"profit_abs":-17.47005221,"exit_reason":"stop_loss","initial_stop_loss_abs":0.12454,"initial_stop_loss_ratio":-0.05,"stop_loss_abs":0.12454,"stop_loss_ratio":-0.05,"min_rate":0.12385,"max_rate":0.13631,"is_open":false,"enter_tag":"","leverage":1.0,"is_short":false,"open_timestamp":1765980000000,"close_timestamp":1766034000000,"orders":[{"amount":2567.0,"safe_price":0.13109,"ft_order_side":"buy","order_filled_timestamp":1765980000000,"ft_is_entry":true,"ft_order_tag":"","cost":336.84453802999997},{"amount":2567.0,"safe_price":0.12454,"ft_order_side":"sell","order_filled_timestamp":1766034000000,"ft_is_entry":false,"ft_order_tag":"stop_loss","cost":320.01387417999996}],"funding_fees":0.0,"weekday":3},{"pair":"DOGE/USDT","stake_amount":330.69735,"max_stake_amount":330.69735,"amount":2515.0,"open_date":"2025-12-21 06:00:00+00:00","close_date":"2025-12-21 08:00:00+00:00","open_rate":0.13149,"close_rate":0.13175324324324322,"fee_open":0.001,"fee_close":0.001,"trade_duration":120,"profit_ratio":0.0,"profit_abs":0.0,"exit_reason":"roi","initial_stop_loss_abs":0.12492,"initial_stop_loss_ratio":-0.05,"stop_loss_abs":0.12492,"stop_loss_ratio":-0.05,"min_rate":0.13122,"max_rate":0.13307,"is_open":false,"enter_tag":"","leverage":1.0,"is_short":false,"open_timestamp":1766296800000,"close_timestamp":1766304000000,"orders":[{"amount":2515.0,"safe_price":0.13149,"ft_order_side":"buy","order_filled_timestamp":1766296800000,"ft_is_entry":true,"ft_order_tag":"","cost":331.02804734999995},{"amount":2515.0,"safe_price":0.13175324324324322,"ft_order_side":"sell","order_filled_timestamp":1766304000000,"ft_is_entry":false,"ft_order_tag":"roi","cost":331.69076616351344}],"funding_fees":0.0,"weekday":6}],"locks":[],"best_pair":{"key":"DOGE/USDT","trades":10,"profit_mean":0.0009283863655903439,"profit_mean_pct":0.09,"profit_total_abs":2.4997802900000075,"profit_total":0.0024997802900000076,"profit_total_pct":0.25,"duration_avg":"3:18:00","wins":4,"draws":4,"losses":2,"winrate":0.4,"cagr":0.009438920619870173,"expectancy":0.2499780290000011,"expectancy_ratio":-0.3857828586372474,"sortino":4.364467534727058,"sharpe":0.04531148270532359,"calmar":1.6536576679826565,"sqn":0.069,"profit_factor":1.0710857068137634,"max_drawdown_account":0.029773571134002356,"max_drawdown_abs":30.763951210000002},"worst_pair":{"key":"DOGE/USDT","trades":10,"profit_mean":0.0009283863655903439,"profit_mean_pct":0.09,"profit_total_abs":2.4997802900000075,"profit_total":0.0024997802900000076,"profit_total_pct":0.25,"duration_avg":"3:18:00","wins":4,"draws":4,"losses":2,"winrate":0.4,"cagr":0.009438920619870173,"expectancy":0.2499780290000011,"expectancy_ratio":-0.3857828586372474,"sortino":4.364467534727058,"sharpe":0.04531148270532359,"calmar":1.6536576679826565,"sqn":0.069,"profit_factor":1.0710857068137634,"max_drawdown_account":0.029773571134002356,"max_drawdown_abs":30.763951210000002},"results_per_pair":[{"key":"DOGE/USDT","trades":10,"profit_mean":0.0009283863655903439,"profit_mean_pct":0.09,"profit_total_abs":2.4997802900000075,"profit_total":0.0024997802900000076,"profit_total_pct":0.25,"duration_avg":"3:18:00","wins":4,"draws":4,"losses":2,"winrate":0.4,"cagr":0.009438920619870173,"expectancy":0.2499780290000011,"expectancy_ratio":-0.3857828586372474,"sortino":4.364467534727058,"sharpe":0.04531148270532359,"calmar":1.6536576679826565,"sqn":0.069,"profit_factor":1.0710857068137634,"max_drawdown_account":0.029773571134002356,"max_drawdown_abs":30.763951210000002},{"key":"TOTAL","trades":10,"profit_mean":0.0009283863655903439,"profit_mean_pct":0.09,"profit_total_abs":2.4997802900000075,"profit_total":0.0024997802900000076,"profit_total_pct":0.25,"duration_avg":"3:18:00","wins":4,"draws":4,"losses":2,"winrate":0.4,"cagr":0.009438920619870173,"expectancy":0.2499780290000011,"expectancy_ratio":-0.3857828586372474,"sortino":4.364467534727058,"sharpe":0.04531148270532359,"calmar":1.6536576679826565,"sqn":0.069,"profit_factor":1.0710857068137634,"max_drawdown_account":0.029773571134002356,"max_drawdown_abs":30.763951210000002}],"results_per_enter_tag":[{"key":"","trades":10,"profit_mean":0.0009283863655903439,"profit_mean_pct":0.09,"profit_total_abs":2.4997802900000075,"profit_total":0.0024997802900000076,"profit_total_pct":0.25,"duration_avg":"3:18:00","wins":4,"draws":4,"losses":2,"winrate":0.4,"cagr":0.009438920619870173,"expectancy":0.2499780290000011,"expectancy_ratio":-0.3857828586372474,"sortino":4.364467534727058,"sharpe":0.04531148270532359,"calmar":1.6536576679826565,"sqn":0.069,"profit_factor":1.0710857068137634,"max_drawdown_account":0.029773571134002356,"max_drawdown_abs":30.763951210000002},{"key":"TOTAL","trades":10,"profit_mean":0.0009283863655903439,"profit_mean_pct":0.09,"profit_total_abs":2.4997802900000075,"profit_total":0.0024997802900000076,"profit_total_pct":0.25,"duration_avg":"3:18:00","wins":4,"draws":4,"losses":2,"winrate":0.4,"cagr":0.009438920619870173,"expectancy":0.2499780290000011,"expectancy_ratio":-0.3857828586372474,"sortino":4.364467534727058,"sharpe":0.04531148270532359,"calmar":1.6536576679826565,"sqn":0.069,"profit_factor":1.0710857068137634,"max_drawdown_account":0.029773571134002356,"max_drawdown_abs":30.763951210000002}],"exit_reason_summary":[{"key":"roi","trades":8,"profit_mean":0.01412649880089177,"profit_mean_pct":1.41,"profit_total_abs":37.66550350000001,"profit_total":0.03766550350000001,"profit_total_pct":3.77,"duration_avg":"1:52:00","wins":4,"draws":4,"losses":0,"winrate":0.5,"cagr":0.14927007023407124,"expectancy":4.708187937500001,"expectancy_ratio":100.0,"sortino":-100,"sharpe":1.068493638446495,"calmar":-100,"sqn":1.7941,"profit_factor":0.0,"max_drawdown_account":0.0,"max_drawdown_abs":0.0},{"key":"stop_loss","trades":2,"profit_mean":-0.05186406337561536,"profit_mean_pct":-5.19,"profit_total_abs":-35.165723209999996,"profit_total":-0.03516572320999999,"profit_total_pct":-3.52,"duration_avg":"9:00:00","wins":0,"draws":0,"losses":2,"winrate":0.0,"cagr":-0.12602831418821958,"expectancy":-17.582861604999998,"expectancy_ratio":-1.0,"sortino":-61.397258750785014,"sharpe":-61.397258750785014,"calmar":-19.69584863354926,"sqn":-155.8635,"profit_factor":0.0,"max_drawdown_account":0.03516572321000001,"max_drawdown_abs":35.165723209999996},{"key":"TOTAL","trades":10,"profit_mean":0.0009283863655903439,"profit_mean_pct":0.09,"profit_total_abs":2.4997802900000075,"profit_total":0.0024997802900000076,"profit_total_pct":0.25,"duration_avg":"3:18:00","wins":4,"draws":4,"losses":2,"winrate":0.4,"cagr":0.009438920619870173,"expectancy":0.2499780290000011,"expectancy_ratio":-0.3857828586372474,"sortino":4.364467534727058,"sharpe":0.04531148270532359,"calmar":1.6536576679826565,"sqn":0.069,"profit_factor":1.0710857068137634,"max_drawdown_account":0.029773571134002356,"max_drawdown_abs":30.763951210000002}],"mix_tag_stats":[{"key":["","roi"],"trades":8,"profit_mean":0.01412649880089177,"profit_mean_pct":1.41,"profit_total_abs":37.66550350000001,"profit_total":0.03766550350000001,"profit_total_pct":3.77,"duration_avg":"1:52:00","wins":4,"draws":4,"losses":0,"winrate":0.5,"cagr":0.14927007023407124,"expectancy":4.708187937500001,"expectancy_ratio":100.0,"sortino":-100,"sharpe":1.068493638446495,"calmar":-100,"sqn":1.7941,"profit_factor":0.0,"max_drawdown_account":0.0,"max_drawdown_abs":0.0},{"key":["","stop_loss"],"trades":2,"profit_mean":-0.05186406337561536,"profit_mean_pct":-5.19,"profit_total_abs":-35.165723209999996,"profit_total":-0.03516572320999999,"profit_total_pct":-3.52,"duration_avg":"9:00:00","wins":0,"draws":0,"losses":2,"winrate":0.0,"cagr":-0.12602831418821958,"expectancy":-17.582861604999998,"expectancy_ratio":-1.0,"sortino":-61.397258750785014,"sharpe":-61.397258750785014,"calmar":-19.69584863354926,"sqn":-155.8635,"profit_factor":0.0,"max_drawdown_account":0.03516572321000001,"max_drawdown_abs":35.165723209999996},{"key":"TOTAL","trades":10,"profit_mean":0.0009283863655903439,"profit_mean_pct":0.09,"profit_total_abs":2.4997802900000075,"profit_total":0.0024997802900000076,"profit_total_pct":0.25,"duration_avg":"3:18:00","wins":4,"draws":4,"losses":2,"winrate":0.4,"cagr":0.009438920619870173,"expectancy":0.2499780290000011,"expectancy_ratio":-0.3857828586372474,"sortino":4.364467534727058,"sharpe":0.04531148270532359,"calmar":1.6536576679826565,"sqn":0.069,"profit_factor":1.0710857068137634,"max_drawdown_account":0.029773571134002356,"max_drawdown_abs":30.763951210000002}],"left_open_trades":[{"key":"TOTAL","trades":0,"profit_mean":0.0,"profit_mean_pct":0.0,"profit_total_abs":0.0,"profit_total":0.0,"profit_total_pct":0.0,"duration_avg":"0:00","wins":0,"draws":0,"losses":0,"winrate":0.0,"cagr":0.0,"expectancy":0.0,"expectancy_ratio":100.0,"sortino":0,"sharpe":0,"calmar":0,"sqn":0.0,"profit_factor":0.0,"max_drawdown_account":0.0,"max_drawdown_abs":0.0}],"total_trades":10,"trade_count_long":10,"trade_count_short":0,"total_volume":6717.0306810113,"avg_stake_amount":335.055513,"profit_mean":0.0009283863655903439,"profit_median":0.0,"profit_total":0.0024997802900000076,"profit_total_long":0.0024997802900000076,"profit_total_short":0.0,"profit_total_abs":2.4997802900000075,"profit_total_long_abs":2.4997802900000075,"profit_total_short_abs":0.0,"cagr":0.009438920619870173,"expectancy":0.2499780290000011,"expectancy_ratio":-0.3857828586372474,"sortino":4.364467534727058,"sharpe":0.04531148270532359,"calmar":1.6536576679826565,"sqn":0.069,"profit_factor":1.0710857068137634,"backtest_start":"2025-10-01 00:00:00","backtest_start_ts":1759276800000,"backtest_end":"2026-01-06 20:00:00","backtest_end_ts":1767729600000,"backtest_days":97,"backtest_run_start_ts":1767739425,"backtest_run_end_ts":1767739425,"trades_per_day":0.1,"market_change":-0.36632086436227446,"pairlist":["DOGE/USDT"],"stake_amount":"unlimited","stake_currency":"USDT","stake_currency_decimals":3,"starting_balance":1000,"dry_run_wallet":1000,"final_balance":1002.49978029,"rejected_signals":0,"timedout_entry_orders":0,"timedout_exit_orders":0,"canceled_trade_entries":0,"canceled_entry_orders":0,"replaced_entry_orders":0,"max_open_trades":1,"max_open_trades_setting":3,"timeframe":"1h","timeframe_detail":"","timerange":"20251001-","enable_protections":false,"strategy_name":"ACO_45_9","freqaimodel":null,"freqai_identifier":null,"stoploss":-0.05,"trailing_stop":false,"trailing_stop_positive":null,"trailing_stop_positive_offset":0.0,"trailing_only_offset_is_reached":false,"use_custom_stoploss":false,"minimal_roi":{"0":0.1,"60":0.05,"120":0.0},"use_exit_signal":true,"exit_profit_only":false,"exit_profit_offset":0.0,"ignore_roi_if_entry_signal":false,"trading_mode":"spot","margin_mode":"","periodic_breakdown":{"day":[{"date":"10/10/2025","date_ts":1760054400000,"profit_abs":0.0,"wins":0,"draws":1,"losses":0,"trades":1,"profit_factor":0.0},{"date":"11/10/2025","date_ts":1760140800000,"profit_abs":0.0,"wins":0,"draws":0,"losses":0,"trades":0,"profit_factor":0.0},{"date":"12/10/2025","date_ts":1760227200000,"profit_abs":16.495374,"wins":1,"draws":0,"losses":0,"trades":1,"profit_factor":0.0},{"date":"13/10/2025","date_ts":1760313600000,"profit_abs":0.0,"wins":0,"draws":0,"losses":0,"trades":0,"profit_factor":0.0},{"date":"14/10/2025","date_ts":1760400000000,"profit_abs":0.0,"wins":0,"draws":0,"losses":0,"trades":0,"profit_factor":0.0},{"date":"15/10/2025","date_ts":1760486400000,"profit_abs":0.0,"wins":0,"draws":0,"losses":0,"trades":0,"profit_factor":0.0},{"date":"16/10/2025","date_ts":1760572800000,"profit_abs":0.0,"wins":0,"draws":0,"losses":0,"trades":0,"profit_factor":0.0},{"date":"17/10/2025","date_ts":1760659200000,"profit_abs":0.0,"wins":0,"draws":0,"losses":0,"trades":0,"profit_factor":0.0},{"date":"18/10/2025","date_ts":1760745600000,"profit_abs":0.0,"wins":0,"draws":0,"losses":0,"trades":0,"profit_factor":0.0},{"date":"19/10/2025","date_ts":1760832000000,"profit_abs":0.0,"wins":0,"draws":0,"losses":0,"trades":0,"profit_factor":0.0},{"date":"20/10/2025","date_ts":1760918400000,"profit_abs":0.0,"wins":0,"draws":0,"losses":0,"trades":0,"profit_factor":0.0},{"date":"21/10/2025","date_ts":1761004800000,"profit_abs":0.0,"wins":0,"draws":0,"losses":0,"trades":0,"profit_factor":0.0},{"date":"22/10/2025","date_ts":1761091200000,"profit_abs":0.0,"wins":0,"draws":0,"losses":0,"trades":0,"profit_factor":0.0},{"date":"23/10/2025","date_ts":1761177600000,"profit_abs":0.0,"wins":0,"draws":0,"losses":0,"trades":0,"profit_factor":0.0},{"date":"24/10/2025","date_ts":1761264000000,"profit_abs":0.0,"wins":0,"draws":0,"losses":0,"trades":0,"profit_factor":0.0},{"date":"25/10/2025","date_ts":1761350400000,"profit_abs":0.0,"wins":0,"draws":0,"losses":0,"trades":0,"profit_factor":0.0},{"date":"26/10/2025","date_ts":1761436800000,"profit_abs":0.0,"wins":0,"draws":0,"losses":0,"trades":0,"profit_factor":0.0},{"date":"27/10/2025","date_ts":1761523200000,"profit_abs":0.0,"wins":0,"draws":0,"losses":0,"trades":0,"profit_factor":0.0},{"date":"28/10/2025","date_ts":1761609600000,"profit_abs":0.0,"wins":0,"draws":0,"losses":0,"trades":0,"profit_factor":0.0},{"date":"29/10/2025","date_ts":1761696000000,"profit_abs":0.0,"wins":0,"draws":0,"losses":0,"trades":0,"profit_factor":0.0},{"date":"30/10/2025","date_ts":1761782400000,"profit_abs":0.0,"wins":0,"draws":0,"losses":0,"trades":0,"profit_factor":0.0},{"date":"31/10/2025","date_ts":1761868800000,"profit_abs":0.0,"wins":0,"draws":0,"losses":0,"trades":0,"profit_factor":0.0},{"date":"01/11/2025","date_ts":1761955200000,"profit_abs":0.0,"wins":0,"draws":0,"losses":0,"trades":0,"profit_factor":0.0},{"date":"02/11/2025","date_ts":1762041600000,"profit_abs":0.0,"wins":0,"draws":0,"losses":0,"trades":0,"profit_factor":0.0},{"date":"03/11/2025","date_ts":1762128000000,"profit_abs":0.0,"wins":0,"draws":0,"losses":0,"trades":0,"profit_factor":0.0},{"date":"04/11/2025","date_ts":1762214400000,"profit_abs":0.0,"wins":0,"draws":0,"losses":0,"trades":0,"profit_factor":0.0},{"date":"05/11/2025","date_ts":1762300800000,"profit_abs":0.0,"wins":0,"draws":0,"losses":0,"trades":0,"profit_factor":0.0},{"date":"06/11/2025","date_ts":1762387200000,"profit_abs":0.0,"wins":0,"draws":0,"losses":0,"trades":0,"profit_factor":0.0},{"date":"07/11/2025","date_ts":1762473600000,"profit_abs":16.7683575,"wins":1,"draws":0,"losses":0,"trades":1,"profit_factor":0.0},{"date":"08/11/2025","date_ts":1762560000000,"profit_abs":0.0,"wins":0,"draws":0,"losses":0,"trades":0,"profit_factor":0.0},{"date":"09/11/2025","date_ts":1762646400000,"profit_abs":0.0,"wins":0,"draws":0,"losses":0,"trades":0,"profit_factor":0.0},{"date":"10/11/2025","date_ts":1762732800000,"profit_abs":0.0,"wins":0,"draws":0,"losses":0,"trades":0,"profit_factor":0.0},{"date":"11/11/2025","date_ts":1762819200000,"profit_abs":0.0,"wins":0,"draws":1,"losses":0,"trades":1,"profit_factor":0.0},{"date":"12/11/2025","date_ts":1762905600000,"profit_abs":0.0,"wins":0,"draws":0,"losses":0,"trades":0,"profit_factor":0.0},{"date":"13/11/2025","date_ts":1762992000000,"profit_abs":0.0,"wins":0,"draws":0,"losses":0,"trades":0,"profit_factor":0.0},{"date":"14/11/2025","date_ts":1763078400000,"profit_abs":0.0,"wins":0,"draws":0,"losses":0,"trades":0,"profit_factor":0.0},{"date":"15/11/2025","date_ts":1763164800000,"profit_abs":0.0,"wins":0,"draws":0,"losses":0,"trades":0,"profit_factor":0.0},{"date":"16/11/2025","date_ts":1763251200000,"profit_abs":0.0,"wins":0,"draws":0,"losses":0,"trades":0,"profit_factor":0.0},{"date":"17/11/2025","date_ts":1763337600000,"profit_abs":-17.695671,"wins":0,"draws":0,"losses":1,"trades":1,"profit_factor":0.0},{"date":"18/11/2025","date_ts":1763424000000,"profit_abs":0.0,"wins":0,"draws":0,"losses":0,"trades":0,"profit_factor":0.0},{"date":"19/11/2025","date_ts":1763510400000,"profit_abs":0.0,"wins":0,"draws":0,"losses":0,"trades":0,"profit_factor":0.0},{"date":"20/11/2025","date_ts":1763596800000,"profit_abs":0.0,"wins":0,"draws":0,"losses":0,"trades":0,"profit_factor":0.0},{"date":"21/11/2025","date_ts":1763683200000,"profit_abs":0.0,"wins":0,"draws":0,"losses":0,"trades":0,"profit_factor":0.0},{"date":"22/11/2025","date_ts":1763769600000,"profit_abs":0.0,"wins":0,"draws":0,"losses":0,"trades":0,"profit_factor":0.0},{"date":"23/11/2025","date_ts":1763856000000,"profit_abs":2.1167256,"wins":1,"draws":0,"losses":0,"trades":1,"profit_factor":0.0},{"date":"24/11/2025","date_ts":1763942400000,"profit_abs":0.0,"wins":0,"draws":0,"losses":0,"trades":0,"profit_factor":0.0},{"date":"25/11/2025","date_ts":1764028800000,"profit_abs":2.2850464,"wins":1,"draws":1,"losses":0,"trades":2,"profit_factor":0.0},{"date":"26/11/2025","date_ts":1764115200000,"profit_abs":0.0,"wins":0,"draws":0,"losses":0,"trades":0,"profit_factor":0.0},{"date":"27/11/2025","date_ts":1764201600000,"profit_abs":0.0,"wins":0,"draws":0,"losses":0,"trades":0,"profit_factor":0.0},{"date":"28/11/2025","date_ts":1764288000000,"profit_abs":0.0,"wins":0,"draws":0,"losses":0,"trades":0,"profit_factor":0.0},{"date":"29/11/2025","date_ts":1764374400000,"profit_abs":0.0,"wins":0,"draws":0,"losses":0,"trades":0,"profit_factor":0.0},{"date":"30/11/2025","date_ts":1764460800000,"profit_abs":0.0,"wins":0,"draws":0,"losses":0,"trades":0,"profit_factor":0.0},{"date":"01/12/2025","date_ts":1764547200000,"profit_abs":0.0,"wins":0,"draws":0,"losses":0,"trades":0,"profit_factor":0.0},{"date":"02/12/2025","date_ts":1764633600000,"profit_abs":0.0,"wins":0,"draws":0,"losses":0,"trades":0,"profit_factor":0.0},{"date":"03/12/2025","date_ts":1764720000000,"profit_abs":0.0,"wins":0,"draws":0,"losses":0,"trades":0,"profit_factor":0.0},{"date":"04/12/2025","date_ts":1764806400000,"profit_abs":0.0,"wins":0,"draws":0,"losses":0,"trades":0,"profit_factor":0.0},{"date":"05/12/2025","date_ts":1764892800000,"profit_abs":0.0,"wins":0,"draws":0,"losses":0,"trades":0,"profit_factor":0.0},{"date":"06/12/2025","date_ts":1764979200000,"profit_abs":0.0,"wins":0,"draws":0,"losses":0,"trades":0,"profit_factor":0.0},{"date":"07/12/2025","date_ts":1765065600000,"profit_abs":0.0,"wins":0,"draws":0,"losses":0,"trades":0,"profit_factor":0.0},{"date":"08/12/2025","date_ts":1765152000000,"profit_abs":0.0,"wins":0,"draws":0,"losses":0,"trades":0,"profit_factor":0.0},{"date":"09/12/2025","date_ts":1765238400000,"profit_abs":0.0,"wins":0,"draws":0,"losses":0,"trades":0,"profit_factor":0.0},{"date":"10/12/2025","date_ts":1765324800000,"profit_abs":0.0,"wins":0,"draws":0,"losses":0,"trades":0,"profit_factor":0.0},{"date":"11/12/2025","date_ts":1765411200000,"profit_abs":0.0,"wins":0,"draws":0,"losses":0,"trades":0,"profit_factor":0.0},{"date":"12/12/2025","date_ts":1765497600000,"profit_abs":0.0,"wins":0,"draws":0,"losses":0,"trades":0,"profit_factor":0.0},{"date":"13/12/2025","date_ts":1765584000000,"profit_abs":0.0,"wins":0,"draws":0,"losses":0,"trades":0,"profit_factor":0.0},{"date":"14/12/2025","date_ts":1765670400000,"profit_abs":0.0,"wins":0,"draws":0,"losses":0,"trades":0,"profit_factor":0.0},{"date":"15/12/2025","date_ts":1765756800000,"profit_abs":0.0,"wins":0,"draws":0,"losses":0,"trades":0,"profit_factor":0.0},{"date":"16/12/2025","date_ts":1765843200000,"profit_abs":0.0,"wins":0,"draws":0,"losses":0,"trades":0,"profit_factor":0.0},{"date":"17/12/2025","date_ts":1765929600000,"profit_abs":0.0,"wins":0,"draws":0,"losses":0,"trades":0,"profit_factor":0.0},{"date":"18/12/2025","date_ts":1766016000000,"profit_abs":-17.47005221,"wins":0,"draws":0,"losses":1,"trades":1,"profit_factor":0.0},{"date":"19/12/2025","date_ts":1766102400000,"profit_abs":0.0,"wins":0,"draws":0,"losses":0,"trades":0,"profit_factor":0.0},{"date":"20/12/2025","date_ts":1766188800000,"profit_abs":0.0,"wins":0,"draws":0,"losses":0,"trades":0,"profit_factor":0.0},{"date":"21/12/2025","date_ts":1766275200000,"profit_abs":0.0,"wins":0,"draws":1,"losses":0,"trades":1,"profit_factor":0.0}],"week":[{"date":"13/10/2025","date_ts":1760313600000,"profit_abs":16.495374,"wins":1,"draws":1,"losses":0,"trades":2,"profit_factor":0.0},{"date":"20/10/2025","date_ts":1760918400000,"profit_abs":0.0,"wins":0,"draws":0,"losses":0,"trades":0,"profit_factor":0.0},{"date":"27/10/2025","date_ts":1761523200000,"profit_abs":0.0,"wins":0,"draws":0,"losses":0,"trades":0,"profit_factor":0.0},{"date":"03/11/2025","date_ts":1762128000000,"profit_abs":0.0,"wins":0,"draws":0,"losses":0,"trades":0,"profit_factor":0.0},{"date":"10/11/2025","date_ts":1762732800000,"profit_abs":16.7683575,"wins":1,"draws":0,"losses":0,"trades":1,"profit_factor":0.0},{"date":"17/11/2025","date_ts":1763337600000,"profit_abs":-17.695671,"wins":0,"draws":1,"losses":1,"trades":2,"profit_factor":0.0},{"date":"24/11/2025","date_ts":1763942400000,"profit_abs":2.1167256,"wins":1,"draws":0,"losses":0,"trades":1,"profit_factor":0.0},{"date":"01/12/2025","date_ts":1764547200000,"profit_abs":2.2850464,"wins":1,"draws":1,"losses":0,"trades":2,"profit_factor":0.0},{"date":"08/12/2025","date_ts":1765152000000,"profit_abs":0.0,"wins":0,"draws":0,"losses":0,"trades":0,"profit_factor":0.0},{"date":"15/12/2025","date_ts":1765756800000,"profit_abs":0.0,"wins":0,"draws":0,"losses":0,"trades":0,"profit_factor":0.0},{"date":"22/12/2025","date_ts":1766361600000,"profit_abs":-17.47005221,"wins":0,"draws":1,"losses":1,"trades":2,"profit_factor":0.0}],"month":[{"date":"31/10/2025","date_ts":1761868800000,"profit_abs":16.495374,"wins":1,"draws":1,"losses":0,"trades":2,"profit_factor":0.0},{"date":"30/11/2025","date_ts":1764460800000,"profit_abs":3.4744585,"wins":3,"draws":2,"losses":1,"trades":6,"profit_factor":1.19634511},{"date":"31/12/2025","date_ts":1767139200000,"profit_abs":-17.47005221,"wins":0,"draws":1,"losses":1,"trades":2,"profit_factor":0.0}],"year":[{"date":"31/12/2025","date_ts":1767139200000,"profit_abs":2.49978029,"wins":4,"draws":4,"losses":2,"trades":10,"profit_factor":1.07108571}],"weekday":[{"date":"Monday","date_ts":0,"profit_abs":-17.695671,"wins":0,"draws":0,"losses":1,"trades":1,"profit_factor":0.0},{"date":"Tuesday","date_ts":1,"profit_abs":2.2850464,"wins":1,"draws":2,"losses":0,"trades":3,"profit_factor":0.0},{"date":"Thursday","date_ts":3,"profit_abs":-17.47005221,"wins":0,"draws":0,"losses":1,"trades":1,"profit_factor":0.0},{"date":"Friday","date_ts":4,"profit_abs":16.7683575,"wins":1,"draws":1,"losses":0,"trades":2,"profit_factor":0.0},{"date":"Sunday","date_ts":6,"profit_abs":18.6120996,"wins":2,"draws":1,"losses":0,"trades":3,"profit_factor":0.0}]},"backtest_best_day":0.04995004995004996,"backtest_worst_day":-0.051864283827810415,"backtest_best_day_abs":16.7683575,"backtest_worst_day_abs":-17.695671,"winning_days":4,"draw_days":67,"losing_days":2,"daily_profit":[["2025-10-10",0.0],["2025-10-11",0.0],["2025-10-12",16.495374],["2025-10-13",0.0],["2025-10-14",0.0],["2025-10-15",0.0],["2025-10-16",0.0],["2025-10-17",0.0],["2025-10-18",0.0],["2025-10-19",0.0],["2025-10-20",0.0],["2025-10-21",0.0],["2025-10-22",0.0],["2025-10-23",0.0],["2025-10-24",0.0],["2025-10-25",0.0],["2025-10-26",0.0],["2025-10-27",0.0],["2025-10-28",0.0],["2025-10-29",0.0],["2025-10-30",0.0],["2025-10-31",0.0],["2025-11-01",0.0],["2025-11-02",0.0],["2025-11-03",0.0],["2025-11-04",0.0],["2025-11-05",0.0],["2025-11-06",0.0],["2025-11-07",16.7683575],["2025-11-08",0.0],["2025-11-09",0.0],["2025-11-10",0.0],["2025-11-11",0.0],["2025-11-12",0.0],["2025-11-13",0.0],["2025-11-14",0.0],["2025-11-15",0.0],["2025-11-16",0.0],["2025-11-17",-17.695671],["2025-11-18",0.0],["2025-11-19",0.0],["2025-11-20",0.0],["2025-11-21",0.0],["2025-11-22",0.0],["2025-11-23",2.1167256],["2025-11-24",0.0],["2025-11-25",2.2850464],["2025-11-26",0.0],["2025-11-27",0.0],["2025-11-28",0.0],["2025-11-29",0.0],["2025-11-30",0.0],["2025-12-01",0.0],["2025-12-02",0.0],["2025-12-03",0.0],["2025-12-04",0.0],["2025-12-05",0.0],["2025-12-06",0.0],["2025-12-07",0.0],["2025-12-08",0.0],["2025-12-09",0.0],["2025-12-10",0.0],["2025-12-11",0.0],["2025-12-12",0.0],["2025-12-13",0.0],["2025-12-14",0.0],["2025-12-15",0.0],["2025-12-16",0.0],["2025-12-17",0.0],["2025-12-18",-17.47005221],["2025-12-19",0.0],["2025-12-20",0.0],["2025-12-21",0.0]],"wins":4,"losses":2,"draws":4,"winrate":0.4,"holding_avg":"3:18:00","holding_avg_s":11880.0,"winner_holding_min":"0d 01:00","winner_holding_min_s":3600.0,"winner_holding_max":"0d 02:00","winner_holding_max_s":7200.0,"winner_holding_avg":"0d 01:30","winner_holding_avg_s":5400.0,"loser_holding_min":"0d 03:00","loser_holding_min_s":10800.0,"loser_holding_max":"0d 15:00","loser_holding_max_s":54000.0,"loser_holding_avg":"0d 09:00","loser_holding_avg_s":32400.0,"max_consecutive_wins":2,"max_consecutive_losses":2,"max_drawdown_account":0.029773571134002356,"max_relative_drawdown":0.029773571134002356,"max_drawdown_abs":30.763951210000002,"drawdown_start":"2025-11-07 16:00:00","drawdown_start_ts":1762531200000.0,"drawdown_end":"2025-12-18 05:00:00","drawdown_end_ts":1766034000000.0,"drawdown_duration":"40 days 13:00:00","drawdown_duration_s":3502800.0,"max_drawdown_low":2.499780290000004,"max_drawdown_high":33.263731500000006,"csum_min":1000.0,"csum_max":1033.2637315}},"strategy_comparison":[{"key":"ACO_45_9","trades":10,"profit_mean":0.0009283863655903439,"profit_mean_pct":0.09,"profit_total_abs":2.4997802900000075,"profit_total":0.0024997802900000076,"profit_total_pct":0.25,"duration_avg":"3:18:00","wins":4,"draws":4,"losses":2,"winrate":0.4,"cagr":0.009438920619870173,"expectancy":0.2499780290000011,"expectancy_ratio":-0.3857828586372474,"sortino":4.364467534727058,"sharpe":0.04531148270532359,"calmar":1.6536576679826565,"sqn":0.069,"profit_factor":1.0710857068137634,"max_drawdown_account":0.029773571134002356,"max_drawdown_abs":"30.764"}]}