{"strategy":{"ACO_84_12":{"trades":[{"pair":"DOGE/USDT","stake_amount":329.8578,"max_stake_amount":329.8578,"amount":1772.0,"open_date":"2025-10-10 22:00:00+00:00","close_date":"2025-10-10 22:00:00+00:00","open_rate":0.18615,"close_rate":0.17685,"fee_open":0.001,"fee_close":0.001,"trade_duration":0,"profit_ratio":-0.0518578923091413,"profit_abs":-17.122836,"exit_reason":"stop_loss","initial_stop_loss_abs":0.17685,"initial_stop_loss_ratio":-0.05,"stop_loss_abs":0.17685,"stop_loss_ratio":-0.05,"min_rate":0.16923,"max_rate":0.19509,"is_open":false,"enter_tag":"","leverage":1.0,"is_short":false,"open_timestamp":1760133600000,"close_timestamp":1760133600000,"orders":[{"amount":1772.0,"safe_price":0.18615,"ft_order_side":"buy","order_filled_timestamp":1760133600000,"ft_is_entry":true,"ft_order_tag":"","cost":330.18765779999995},{"amount":1772.0,"safe_price":0.17685,"ft_order_side":"sell","order_filled_timestamp":1760133600000,"ft_is_entry":false,"ft_order_tag":"stop_loss","cost":313.6915782}],"funding_fees":0.0,"weekday":4},{"pair":"DOGE/USDT","stake_amount":324.1971,"max_stake_amount":324.1971,"amount":1670.0,"open_date":"2025-10-10 23:00:00+00:00","close_date":"2025-10-11 01:00:00+00:00","open_rate":0.19413,"close_rate":0.19537,"fee_open":0.001,"fee_close":0.001,"trade_duration":120,"profit_ratio":0.004376708131923708,"profit_abs":1.420335,"exit_reason":"roi","initial_stop_loss_abs":0.18443,"initial_stop_loss_ratio":-0.05,"stop_loss_abs":0.18443,"stop_loss_ratio":-0.05,"min_rate":0.18495,"max_rate":0.2,"is_open":false,"enter_tag":"","leverage":1.0,"is_short":false,"open_timestamp":1760137200000,"close_timestamp":1760144400000,"orders":[{"amount":1670.0,"safe_price":0.19413,"ft_order_side":"buy","order_filled_timestamp":1760137200000,"ft_is_entry":true,"ft_order_tag":"","cost":324.52129709999997},{"amount":1670.0,"safe_price":0.19537,"ft_order_side":"sell","order_filled_timestamp":1760144400000,"ft_is_entry":false,"ft_order_tag":"roi","cost":326.59416789999995}],"funding_fees":0.0,"weekday":5},{"pair":"DOGE/USDT","stake_amount":324.78732,"max_stake_amount":324.78732,"amount":1716.0,"open_date":"2025-10-11 02:00:00+00:00","close_date":"2025-10-11 03:00:00+00:00","open_rate":0.18927,"close_rate":0.19912189189189186,"fee_open":0.001,"fee_close":0.001,"trade_duration":60,"profit_ratio":0.04995004995004995,"profit_abs":16.239366,"exit_reason":"roi","initial_stop_loss_abs":0.17981,"initial_stop_loss_ratio":-0.05,"stop_loss_abs":0.17981,"stop_loss_ratio":-0.05,"min_rate":0.189,"max_rate":0.20048,"is_open":false,"enter_tag":"","leverage":1.0,"is_short":false,"open_timestamp":1760148000000,"close_timestamp":1760151600000,"orders":[{"amount":1716.0,"safe_price":0.18927,"ft_order_side":"buy","order_filled_timestamp":1760148000000,"ft_is_entry":true,"ft_order_tag":"","cost":325.11210731999995},{"amount":1716.0,"safe_price":0.19912189189189186,"ft_order_side":"sell","order_filled_timestamp":1760151600000,"ft_is_entry":false,"ft_order_tag":"roi","cost":342.0348596529729}],"funding_fees":0.0,"weekday":5},{"pair":"DOGE/USDT","stake_amount":330.12224,"max_stake_amount":330.12224,"amount":1708.0,"open_date":"2025-10-11 04:00:00+00:00","close_date":"2025-10-11 06:00:00+00:00","open_rate":0.19328,"close_rate":0.19366694694694694,"fee_open":0.001,"fee_close":0.001,"trade_duration":120,"profit_ratio":0.0,"profit_abs":0.0,"exit_reason":"roi","initial_stop_loss_abs":0.18362,"initial_stop_loss_ratio":-0.05,"stop_loss_abs":0.18362,"stop_loss_ratio":-0.05,"min_rate":0.18994,"max_rate":0.1971,"is_open":false,"enter_tag":"","leverage":1.0,"is_short":false,"open_timestamp":1760155200000,"close_timestamp":1760162400000,"orders":[{"amount":1708.0,"safe_price":0.19328,"ft_order_side":"buy","order_filled_timestamp":1760155200000,"ft_is_entry":true,"ft_order_tag":"","cost":330.45236224},{"amount":1708.0,"safe_price":0.19366694694694694,"ft_order_side":"sell","order_filled_timestamp":1760162400000,"ft_is_entry":false,"ft_order_tag":"roi","cost":331.1139285307707}],"funding_fees":0.0,"weekday":5},{"pair":"DOGE/USDT","stake_amount":330.0278,"max_stake_amount":330.0278,"amount":1718.0,"open_date":"2025-10-11 07:00:00+00:00","close_date":"2025-10-11 09:00:00+00:00","open_rate":0.1921,"close_rate":0.19534,"fee_open":0.001,"fee_close":0.001,"trade_duration":120,"profit_ratio":0.014834514782458562,"profit_abs":4.90069808,"exit_reason":"roi","initial_stop_loss_abs":0.1825,"initial_stop_loss_ratio":-0.05,"stop_loss_abs":0.1825,"stop_loss_ratio":-0.05,"min_rate":0.1881,"max_rate":0.19776,"is_open":false,"enter_tag":"","leverage":1.0,"is_short":false,"open_timestamp":1760166000000,"close_timestamp":1760173200000,"orders":[{"amount":1718.0,"safe_price":0.1921,"ft_order_side":"buy","order_filled_timestamp":1760166000000,"ft_is_entry":true,"ft_order_tag":"","cost":330.3578278},{"amount":1718.0,"safe_price":0.19534,"ft_order_side":"sell","order_filled_timestamp":1760173200000,"ft_is_entry":false,"ft_order_tag":"roi","cost":335.92971411999997}],"funding_fees":0.0,"weekday":5},{"pair":"DOGE/USDT","stake_amount":331.69981,"max_stake_amount":331.69981,"amount":1709.0,"open_date":"2025-10-11 10:00:00+00:00","close_date":"2025-10-11 19:00:00+00:00","open_rate":0.19409,"close_rate":0.18439,"fee_open":0.001,"fee_close":0.001,"trade_duration":540,"profit_ratio":-0.05187496310171358,"profit_abs":-17.22412232,"exit_reason":"stop_loss","initial_stop_loss_abs":0.18439,"initial_stop_loss_ratio":-0.05,"stop_loss_abs":0.18439,"stop_loss_ratio":-0.05,"min_rate":0.18286,"max_rate":0.19664,"is_open":false,"enter_tag":"","leverage":1.0,"is_short":false,"open_timestamp":1760176800000,"close_timestamp":1760209200000,"orders":[{"amount":1709.0,"safe_price":0.19409,"ft_order_side":"buy","order_filled_timestamp":1760176800000,"ft_is_entry":true,"ft_order_tag":"","cost":332.03150981},{"amount":1709.0,"safe_price":0.18439,"ft_order_side":"sell","order_filled_timestamp":1760209200000,"ft_is_entry":false,"ft_order_tag":"stop_loss","cost":315.43763250999996}],"funding_fees":0.0,"weekday":5},{"pair":"DOGE/USDT","stake_amount":326.07224,"max_stake_amount":326.07224,"amount":1768.0,"open_date":"2025-10-11 20:00:00+00:00","close_date":"2025-10-11 22:00:00+00:00","open_rate":0.18443,"close_rate":0.18479922922922923,"fee_open":0.001,"fee_close":0.001,"trade_duration":120,"profit_ratio":0.0,"profit_abs":0.0,"exit_reason":"roi","initial_stop_loss_abs":0.17521,"initial_stop_loss_ratio":-0.05,"stop_loss_abs":0.17521,"stop_loss_ratio":-0.05,"min_rate":0.17816,"max_rate":0.18622,"is_open":false,"enter_tag":"","leverage":1.0,"is_short":false,"open_timestamp":1760212800000,"close_timestamp":1760220000000,"orders":[{"amount":1768.0,"safe_price":0.18443,"ft_order_side":"buy","order_filled_timestamp":1760212800000,"ft_is_entry":true,"ft_order_tag":"","cost":326.39831224},{"amount":1768.0,"safe_price":0.18479922922922923,"ft_order_side":"sell","order_filled_timestamp":1760220000000,"ft_is_entry":false,"ft_order_tag":"roi","cost":327.05176231455454}],"funding_fees":0.0,"weekday":5},{"pair":"DOGE/USDT","stake_amount":326.02286,"max_stake_amount":326.02286,"amount":1762.0,"open_date":"2025-10-11 23:00:00+00:00","close_date":"2025-10-12 03:00:00+00:00","open_rate":0.18503,"close_rate":0.18540043043043042,"fee_open":0.001,"fee_close":0.001,"trade_duration":240,"profit_ratio":0.0,"profit_abs":0.0,"exit_reason":"roi","initial_stop_loss_abs":0.17578,"initial_stop_loss_ratio":-0.05,"stop_loss_abs":0.17578,"stop_loss_ratio":-0.05,"min_rate":0.18072,"max_rate":0.18675,"is_open":false,"enter_tag":"","leverage":1.0,"is_short":false,"open_timestamp":1760223600000,"close_timestamp":1760238000000,"orders":[{"amount":1762.0,"safe_price":0.18503,"ft_order_side":"buy","order_filled_timestamp":1760223600000,"ft_is_entry":true,"ft_order_tag":"","cost":326.34888285999995},{"amount":1762.0,"safe_price":0.18540043043043042,"ft_order_side":"sell","order_filled_timestamp":1760238000000,"ft_is_entry":false,"ft_order_tag":"roi","cost":327.0022339768368}],"funding_fees":0.0,"weekday":6},{"pair":"DOGE/USDT","stake_amount":326.0048,"max_stake_amount":326.0048,"amount":1760.0,"open_date":"2025-10-12 04:00:00+00:00","close_date":"2025-10-12 06:00:00+00:00","open_rate":0.18523,"close_rate":0.18862,"fee_open":0.001,"fee_close":0.001,"trade_duration":120,"profit_ratio":0.016267002446347042,"profit_abs":5.308424,"exit_reason":"roi","initial_stop_loss_abs":0.17597,"initial_stop_loss_ratio":-0.05,"stop_loss_abs":0.17597,"stop_loss_ratio":-0.05,"min_rate":0.1848,"max_rate":0.19118,"is_open":false,"enter_tag":"","leverage":1.0,"is_short":false,"open_timestamp":1760241600000,"close_timestamp":1760248800000,"orders":[{"amount":1760.0,"safe_price":0.18523,"ft_order_side":"buy","order_filled_timestamp":1760241600000,"ft_is_entry":true,"ft_order_tag":"","cost":326.33080479999995},{"amount":1760.0,"safe_price":0.18862,"ft_order_side":"sell","order_filled_timestamp":1760248800000,"ft_is_entry":false,"ft_order_tag":"roi","cost":332.30317119999995}],"funding_fees":0.0,"weekday":6},{"pair":"DOGE/USDT","stake_amount":327.81158,"max_stake_amount":327.81158,"amount":1718.0,"open_date":"2025-10-12 07:00:00+00:00","close_date":"2025-10-12 14:00:00+00:00","open_rate":0.19081,"close_rate":0.19119200200200198,"fee_open":0.001,"fee_close":0.001,"trade_duration":420,"profit_ratio":0.0,"profit_abs":0.0,"exit_reason":"roi","initial_stop_loss_abs":0.18127,"initial_stop_loss_ratio":-0.05,"stop_loss_abs":0.18127,"stop_loss_ratio":-0.05,"min_rate":0.18624,"max_rate":0.19986,"is_open":false,"enter_tag":"","leverage":1.0,"is_short":false,"open_timestamp":1760252400000,"close_timestamp":1760277600000,"orders":[{"amount":1718.0,"safe_price":0.19081,"ft_order_side":"buy","order_filled_timestamp":1760252400000,"ft_is_entry":true,"ft_order_tag":"","cost":328.13939157999994},{"amount":1718.0,"safe_price":0.19119200200200198,"ft_order_side":"sell","order_filled_timestamp":1760277600000,"ft_is_entry":false,"ft_order_tag":"roi","cost":328.7963272988788}],"funding_fees":0.0,"weekday":6},{"pair":"DOGE/USDT","stake_amount":327.74994,"max_stake_amount":327.74994,"amount":1671.0,"open_date":"2025-10-12 15:00:00+00:00","close_date":"2025-10-12 16:00:00+00:00","open_rate":0.19614,"close_rate":0.2063494894894895,"fee_open":0.001,"fee_close":0.001,"trade_duration":60,"profit_ratio":0.049950049950049945,"profit_abs":16.387497,"exit_reason":"roi","initial_stop_loss_abs":0.18634,"initial_stop_loss_ratio":-0.05,"stop_loss_abs":0.18634,"stop_loss_ratio":-0.05,"min_rate":0.19562,"max_rate":0.2095,"is_open":false,"enter_tag":"","leverage":1.0,"is_short":false,"open_timestamp":1760281200000,"close_timestamp":1760284800000,"orders":[{"amount":1671.0,"safe_price":0.19614,"ft_order_side":"buy","order_filled_timestamp":1760281200000,"ft_is_entry":true,"ft_order_tag":"","cost":328.07768994},{"amount":1671.0,"safe_price":0.2063494894894895,"ft_order_side":"sell","order_filled_timestamp":1760284800000,"ft_is_entry":false,"ft_order_tag":"roi","cost":345.15480693387383}],"funding_fees":0.0,"weekday":6},{"pair":"DOGE/USDT","stake_amount":333.1198,"max_stake_amount":333.1198,"amount":1612.0,"open_date":"2025-10-12 17:00:00+00:00","close_date":"2025-10-12 19:00:00+00:00","open_rate":0.20665,"close_rate":0.20759,"fee_open":0.001,"fee_close":0.001,"trade_duration":120,"profit_ratio":0.0025416635143225997,"profit_abs":0.84752512,"exit_reason":"roi","initial_stop_loss_abs":0.19632,"initial_stop_loss_ratio":-0.05,"stop_loss_abs":0.19632,"stop_loss_ratio":-0.05,"min_rate":0.20526,"max_rate":0.21053,"is_open":false,"enter_tag":"","leverage":1.0,"is_short":false,"open_timestamp":1760288400000,"close_timestamp":1760295600000,"orders":[{"amount":1612.0,"safe_price":0.20665,"ft_order_side":"buy","order_filled_timestamp":1760288400000,"ft_is_entry":true,"ft_order_tag":"","cost":333.45291979999996},{"amount":1612.0,"safe_price":0.20759,"ft_order_side":"sell","order_filled_timestamp":1760295600000,"ft_is_entry":false,"ft_order_tag":"roi","cost":334.96971507999996}],"funding_fees":0.0,"weekday":6},{"pair":"DOGE/USDT","stake_amount":333.3772,"max_stake_amount":333.3772,"amount":1586.0,"open_date":"2025-10-12 20:00:00+00:00","close_date":"2025-10-13 06:00:00+00:00","open_rate":0.2102,"close_rate":0.2106208208208208,"fee_open":0.001,"fee_close":0.001,"trade_duration":600,"profit_ratio":0.0,"profit_abs":0.0,"exit_reason":"roi","initial_stop_loss_abs":0.19969,"initial_stop_loss_ratio":-0.05,"stop_loss_abs":0.19969,"stop_loss_ratio":-0.05,"min_rate":0.20445,"max_rate":0.21421,"is_open":false,"enter_tag":"","leverage":1.0,"is_short":false,"open_timestamp":1760299200000,"close_timestamp":1760335200000,"orders":[{"amount":1586.0,"safe_price":0.2102,"ft_order_side":"buy","order_filled_timestamp":1760299200000,"ft_is_entry":true,"ft_order_tag":"","cost":333.7105772},{"amount":1586.0,"safe_price":0.2106208208208208,"ft_order_side":"sell","order_filled_timestamp":1760335200000,"ft_is_entry":false,"ft_order_tag":"roi","cost":334.3786664436435}],"funding_fees":0.0,"weekday":0},{"pair":"DOGE/USDT","stake_amount":333.4255,"max_stake_amount":333.4255,"amount":1675.0,"open_date":"2025-10-14 12:00:00+00:00","close_date":"2025-10-14 14:00:00+00:00","open_rate":0.19906,"close_rate":0.19945851851851848,"fee_open":0.001,"fee_close":0.001,"trade_duration":120,"profit_ratio":0.0,"profit_abs":0.0,"exit_reason":"roi","initial_stop_loss_abs":0.18911,"initial_stop_loss_ratio":-0.05,"stop_loss_abs":0.18911,"stop_loss_ratio":-0.05,"min_rate":0.1933,"max_rate":0.20175,"is_open":false,"enter_tag":"","leverage":1.0,"is_short":false,"open_timestamp":1760443200000,"close_timestamp":1760450400000,"orders":[{"amount":1675.0,"safe_price":0.19906,"ft_order_side":"buy","order_filled_timestamp":1760443200000,"ft_is_entry":true,"ft_order_tag":"","cost":333.7589255},{"amount":1675.0,"safe_price":0.19945851851851848,"ft_order_side":"sell","order_filled_timestamp":1760450400000,"ft_is_entry":false,"ft_order_tag":"roi","cost":334.427111537037}],"funding_fees":0.0,"weekday":1},{"pair":"DOGE/USDT","stake_amount":333.4402,"max_stake_amount":333.4402,"amount":1676.0,"open_date":"2025-10-14 15:00:00+00:00","close_date":"2025-10-14 17:00:00+00:00","open_rate":0.19895,"close_rate":0.20294,"fee_open":0.001,"fee_close":0.001,"trade_duration":120,"profit_ratio":0.01801721776589834,"profit_abs":6.01367236,"exit_reason":"roi","initial_stop_loss_abs":0.18901,"initial_stop_loss_ratio":-0.05,"stop_loss_abs":0.18901,"stop_loss_ratio":-0.05,"min_rate":0.19781,"max_rate":0.2071,"is_open":false,"enter_tag":"","leverage":1.0,"is_short":false,"open_timestamp":1760454000000,"close_timestamp":1760461200000,"orders":[{"amount":1676.0,"safe_price":0.19895,"ft_order_side":"buy","order_filled_timestamp":1760454000000,"ft_is_entry":true,"ft_order_tag":"","cost":333.7736402},{"amount":1676.0,"safe_price":0.20294,"ft_order_side":"sell","order_filled_timestamp":1760461200000,"ft_is_entry":false,"ft_order_tag":"roi","cost":340.46756744}],"funding_fees":0.0,"weekday":1},{"pair":"DOGE/USDT","stake_amount":335.35713,"max_stake_amount":335.35713,"amount":1649.0,"open_date":"2025-10-14 18:00:00+00:00","close_date":"2025-10-14 20:00:00+00:00","open_rate":0.20337,"close_rate":0.20377714714714712,"fee_open":0.001,"fee_close":0.001,"trade_duration":120,"profit_ratio":0.0,"profit_abs":0.0,"exit_reason":"roi","initial_stop_loss_abs":0.19321,"initial_stop_loss_ratio":-0.05,"stop_loss_abs":0.19321,"stop_loss_ratio":-0.05,"min_rate":0.20036,"max_rate":0.20574,"is_open":false,"enter_tag":"","leverage":1.0,"is_short":false,"open_timestamp":1760464800000,"close_timestamp":1760472000000,"orders":[{"amount":1649.0,"safe_price":0.20337,"ft_order_side":"buy","order_filled_timestamp":1760464800000,"ft_is_entry":true,"ft_order_tag":"","cost":335.69248712999996},{"amount":1649.0,"safe_price":0.20377714714714712,"ft_order_side":"sell","order_filled_timestamp":1760472000000,"ft_is_entry":false,"ft_order_tag":"roi","cost":336.3645441612912}],"funding_fees":0.0,"weekday":1},{"pair":"DOGE/USDT","stake_amount":335.34312,"max_stake_amount":335.34312,"amount":1644.0,"open_date":"2025-10-14 21:00:00+00:00","close_date":"2025-10-14 23:00:00+00:00","open_rate":0.20398,"close_rate":0.20438836836836832,"fee_open":0.001,"fee_close":0.001,"trade_duration":120,"profit_ratio":0.0,"profit_abs":0.0,"exit_reason":"roi","initial_stop_loss_abs":0.19379,"initial_stop_loss_ratio":-0.05,"stop_loss_abs":0.19379,"stop_loss_ratio":-0.05,"min_rate":0.20215,"max_rate":0.20518,"is_open":false,"enter_tag":"","leverage":1.0,"is_short":false,"open_timestamp":1760475600000,"close_timestamp":1760482800000,"orders":[{"amount":1644.0,"safe_price":0.20398,"ft_order_side":"buy","order_filled_timestamp":1760475600000,"ft_is_entry":true,"ft_order_tag":"","cost":335.67846311999995},{"amount":1644.0,"safe_price":0.20438836836836832,"ft_order_side":"sell","order_filled_timestamp":1760482800000,"ft_is_entry":false,"ft_order_tag":"roi","cost":336.3504920751951}],"funding_fees":0.0,"weekday":1},{"pair":"DOGE/USDT","stake_amount":335.48758,"max_stake_amount":335.48758,"amount":1754.0,"open_date":"2025-10-16 18:00:00+00:00","close_date":"2025-10-17 07:00:00+00:00","open_rate":0.19127,"close_rate":0.18171,"fee_open":0.001,"fee_close":0.001,"trade_duration":780,"profit_ratio":-0.05187983971901993,"profit_abs":-17.42244692,"exit_reason":"stop_loss","initial_stop_loss_abs":0.18171,"initial_stop_loss_ratio":-0.05,"stop_loss_abs":0.18171,"stop_loss_ratio":-0.05,"min_rate":0.17831,"max_rate":0.19142,"is_open":false,"enter_tag":"","leverage":1.0,"is_short":false,"open_timestamp":1760637600000,"close_timestamp":1760684400000,"orders":[{"amount":1754.0,"safe_price":0.19127,"ft_order_side":"buy","order_filled_timestamp":1760637600000,"ft_is_entry":true,"ft_order_tag":"","cost":335.82306757999993},{"amount":1754.0,"safe_price":0.18171,"ft_order_side":"sell","order_filled_timestamp":1760684400000,"ft_is_entry":false,"ft_order_tag":"stop_loss","cost":319.03805934}],"funding_fees":0.0,"weekday":4},{"pair":"DOGE/USDT","stake_amount":329.64022,"max_stake_amount":329.64022,"amount":1846.0,"open_date":"2025-10-17 10:00:00+00:00","close_date":"2025-10-17 12:00:00+00:00","open_rate":0.17857,"close_rate":0.18272,"fee_open":0.001,"fee_close":0.001,"trade_duration":120,"profit_ratio":0.021195749985580305,"profit_abs":6.99395866,"exit_reason":"roi","initial_stop_loss_abs":0.16965,"initial_stop_loss_ratio":-0.05,"stop_loss_abs":0.16965,"stop_loss_ratio":-0.05,"min_rate":0.17555,"max_rate":0.18431,"is_open":false,"enter_tag":"","leverage":1.0,"is_short":false,"open_timestamp":1760695200000,"close_timestamp":1760702400000,"orders":[{"amount":1846.0,"safe_price":0.17857,"ft_order_side":"buy","order_filled_timestamp":1760695200000,"ft_is_entry":true,"ft_order_tag":"","cost":329.96986022},{"amount":1846.0,"safe_price":0.18272,"ft_order_side":"sell","order_filled_timestamp":1760702400000,"ft_is_entry":false,"ft_order_tag":"roi","cost":337.6384211199999}],"funding_fees":0.0,"weekday":4},{"pair":"DOGE/USDT","stake_amount":332.0718,"max_stake_amount":332.0718,"amount":1830.0,"open_date":"2025-10-17 15:00:00+00:00","close_date":"2025-10-17 17:00:00+00:00","open_rate":0.18146,"close_rate":0.18381,"fee_open":0.001,"fee_close":0.001,"trade_duration":120,"profit_ratio":0.010926635361772583,"profit_abs":3.6320559,"exit_reason":"roi","initial_stop_loss_abs":0.17239,"initial_stop_loss_ratio":-0.05,"stop_loss_abs":0.17239,"stop_loss_ratio":-0.05,"min_rate":0.18119,"max_rate":0.18726,"is_open":false,"enter_tag":"","leverage":1.0,"is_short":false,"open_timestamp":1760713200000,"close_timestamp":1760720400000,"orders":[{"amount":1830.0,"safe_price":0.18146,"ft_order_side":"buy","order_filled_timestamp":1760713200000,"ft_is_entry":true,"ft_order_tag":"","cost":332.40387179999993},{"amount":1830.0,"safe_price":0.18381,"ft_order_side":"sell","order_filled_timestamp":1760720400000,"ft_is_entry":false,"ft_order_tag":"roi","cost":336.70867229999993}],"funding_fees":0.0,"weekday":4},{"pair":"DOGE/USDT","stake_amount":333.13412,"max_stake_amount":333.13412,"amount":2068.0,"open_date":"2025-11-04 06:00:00+00:00","close_date":"2025-11-04 08:00:00+00:00","open_rate":0.16109,"close_rate":0.16201,"fee_open":0.001,"fee_close":0.001,"trade_duration":120,"profit_ratio":0.0037016804041448653,"profit_abs":1.2343892,"exit_reason":"roi","initial_stop_loss_abs":0.15304,"initial_stop_loss_ratio":-0.05,"stop_loss_abs":0.15304,"stop_loss_ratio":-0.05,"min_rate":0.16062,"max_rate":0.16735,"is_open":false,"enter_tag":"","leverage":1.0,"is_short":false,"open_timestamp":1762236000000,"close_timestamp":1762243200000,"orders":[{"amount":2068.0,"safe_price":0.16109,"ft_order_side":"buy","order_filled_timestamp":1762236000000,"ft_is_entry":true,"ft_order_tag":"","cost":333.46725411999995},{"amount":2068.0,"safe_price":0.16201,"ft_order_side":"sell","order_filled_timestamp":1762243200000,"ft_is_entry":false,"ft_order_tag":"roi","cost":335.37171667999996}],"funding_fees":0.0,"weekday":1},{"pair":"DOGE/USDT","stake_amount":333.606,"max_stake_amount":333.606,"amount":2028.0,"open_date":"2025-11-04 09:00:00+00:00","close_date":"2025-11-04 11:00:00+00:00","open_rate":0.1645,"close_rate":0.16536,"fee_open":0.001,"fee_close":0.001,"trade_duration":120,"profit_ratio":0.003219516046263766,"profit_abs":1.07512392,"exit_reason":"roi","initial_stop_loss_abs":0.15628,"initial_stop_loss_ratio":-0.05,"stop_loss_abs":0.15628,"stop_loss_ratio":-0.05,"min_rate":0.16364,"max_rate":0.16702,"is_open":false,"enter_tag":"","leverage":1.0,"is_short":false,"open_timestamp":1762246800000,"close_timestamp":1762254000000,"orders":[{"amount":2028.0,"safe_price":0.1645,"ft_order_side":"buy","order_filled_timestamp":1762246800000,"ft_is_entry":true,"ft_order_tag":"","cost":333.93960599999997},{"amount":2028.0,"safe_price":0.16536,"ft_order_side":"sell","order_filled_timestamp":1762254000000,"ft_is_entry":false,"ft_order_tag":"roi","cost":335.68543007999995}],"funding_fees":0.0,"weekday":1},{"pair":"DOGE/USDT","stake_amount":334.02693,"max_stake_amount":334.02693,"amount":2001.0,"open_date":"2025-11-04 15:00:00+00:00","close_date":"2025-11-04 17:00:00+00:00","open_rate":0.16693,"close_rate":0.15859,"fee_open":0.001,"fee_close":0.001,"trade_duration":120,"profit_ratio":-0.05185924122005114,"profit_abs":-17.33970552,"exit_reason":"stop_loss","initial_stop_loss_abs":0.15859,"initial_stop_loss_ratio":-0.05,"stop_loss_abs":0.15859,"stop_loss_ratio":-0.05,"min_rate":0.1562,"max_rate":0.16853,"is_open":false,"enter_tag":"","leverage":1.0,"is_short":false,"open_timestamp":1762268400000,"close_timestamp":1762275600000,"orders":[{"amount":2001.0,"safe_price":0.16693,"ft_order_side":"buy","order_filled_timestamp":1762268400000,"ft_is_entry":true,"ft_order_tag":"","cost":334.36095692999993},{"amount":2001.0,"safe_price":0.15859,"ft_order_side":"sell","order_filled_timestamp":1762275600000,"ft_is_entry":false,"ft_order_tag":"stop_loss","cost":317.65592859}],"funding_fees":0.0,"weekday":1},{"pair":"DOGE/USDT","stake_amount":328.17303,"max_stake_amount":328.17303,"amount":2061.0,"open_date":"2025-11-04 18:00:00+00:00","close_date":"2025-11-04 20:00:00+00:00","open_rate":0.15923,"close_rate":0.15954877877877877,"fee_open":0.001,"fee_close":0.001,"trade_duration":120,"profit_ratio":0.0,"profit_abs":0.0,"exit_reason":"roi","initial_stop_loss_abs":0.15127,"initial_stop_loss_ratio":-0.05,"stop_loss_abs":0.15127,"stop_loss_ratio":-0.05,"min_rate":0.15159,"max_rate":0.16152,"is_open":false,"enter_tag":"","leverage":1.0,"is_short":false,"open_timestamp":1762279200000,"close_timestamp":1762286400000,"orders":[{"amount":2061.0,"safe_price":0.15923,"ft_order_side":"buy","order_filled_timestamp":1762279200000,"ft_is_entry":true,"ft_order_tag":"","cost":328.50120303},{"amount":2061.0,"safe_price":0.15954877877877877,"ft_order_side":"sell","order_filled_timestamp":1762286400000,"ft_is_entry":false,"ft_order_tag":"roi","cost":329.158863096126}],"funding_fees":0.0,"weekday":1},{"pair":"DOGE/USDT","stake_amount":328.26674,"max_stake_amount":328.26674,"amount":2066.0,"open_date":"2025-11-04 21:00:00+00:00","close_date":"2025-11-04 23:00:00+00:00","open_rate":0.15889,"close_rate":0.16344,"fee_open":0.001,"fee_close":0.001,"trade_duration":120,"profit_ratio":0.026580946273815558,"profit_abs":8.73436622,"exit_reason":"roi","initial_stop_loss_abs":0.15095,"initial_stop_loss_ratio":-0.05,"stop_loss_abs":0.15095,"stop_loss_ratio":-0.05,"min_rate":0.15159,"max_rate":0.16436,"is_open":false,"enter_tag":"","leverage":1.0,"is_short":false,"open_timestamp":1762290000000,"close_timestamp":1762297200000,"orders":[{"amount":2066.0,"safe_price":0.15889,"ft_order_side":"buy","order_filled_timestamp":1762290000000,"ft_is_entry":true,"ft_order_tag":"","cost":328.59500674},{"amount":2066.0,"safe_price":0.16344,"ft_order_side":"sell","order_filled_timestamp":1762297200000,"ft_is_entry":false,"ft_order_tag":"roi","cost":338.00470703999997}],"funding_fees":0.0,"weekday":1},{"pair":"DOGE/USDT","stake_amount":331.13184,"max_stake_amount":331.13184,"amount":2041.0,"open_date":"2025-11-05 00:00:00+00:00","close_date":"2025-11-05 02:00:00+00:00","open_rate":0.16224,"close_rate":0.16256480480480479,"fee_open":0.001,"fee_close":0.001,"trade_duration":120,"profit_ratio":0.0,"profit_abs":0.0,"exit_reason":"roi","initial_stop_loss_abs":0.15413,"initial_stop_loss_ratio":-0.05,"stop_loss_abs":0.15413,"stop_loss_ratio":-0.05,"min_rate":0.15456,"max_rate":0.16467,"is_open":false,"enter_tag":"","leverage":1.0,"is_short":false,"open_timestamp":1762300800000,"close_timestamp":1762308000000,"orders":[{"amount":2041.0,"safe_price":0.16224,"ft_order_side":"buy","order_filled_timestamp":1762300800000,"ft_is_entry":true,"ft_order_tag":"","cost":331.46297183999997},{"amount":2041.0,"safe_price":0.16256480480480479,"ft_order_side":"sell","order_filled_timestamp":1762308000000,"ft_is_entry":false,"ft_order_tag":"roi","cost":332.1265613732131}],"funding_fees":0.0,"weekday":2},{"pair":"DOGE/USDT","stake_amount":331.08465,"max_stake_amount":331.08465,"amount":2015.0,"open_date":"2025-11-05 03:00:00+00:00","close_date":"2025-11-05 05:00:00+00:00","open_rate":0.16431,"close_rate":0.16476,"fee_open":0.001,"fee_close":0.001,"trade_duration":120,"profit_ratio":0.0007352516025147028,"profit_abs":0.24367395,"exit_reason":"roi","initial_stop_loss_abs":0.1561,"initial_stop_loss_ratio":-0.05,"stop_loss_abs":0.1561,"stop_loss_ratio":-0.05,"min_rate":0.16313,"max_rate":0.16619,"is_open":false,"enter_tag":"","leverage":1.0,"is_short":false,"open_timestamp":1762311600000,"close_timestamp":1762318800000,"orders":[{"amount":2015.0,"safe_price":0.16431,"ft_order_side":"buy","order_filled_timestamp":1762311600000,"ft_is_entry":true,"ft_order_tag":"","cost":331.41573465},{"amount":2015.0,"safe_price":0.16476,"ft_order_side":"sell","order_filled_timestamp":1762318800000,"ft_is_entry":false,"ft_order_tag":"roi","cost":332.32339139999993}],"funding_fees":0.0,"weekday":2},{"pair":"DOGE/USDT","stake_amount":331.27984,"max_stake_amount":331.27984,"amount":2008.0,"open_date":"2025-11-05 06:00:00+00:00","close_date":"2025-11-05 13:00:00+00:00","open_rate":0.16498,"close_rate":0.16531029029029026,"fee_open":0.001,"fee_close":0.001,"trade_duration":420,"profit_ratio":0.0,"profit_abs":0.0,"exit_reason":"roi","initial_stop_loss_abs":0.15674,"initial_stop_loss_ratio":-0.05,"stop_loss_abs":0.15674,"stop_loss_ratio":-0.05,"min_rate":0.161,"max_rate":0.16617,"is_open":false,"enter_tag":"","leverage":1.0,"is_short":false,"open_timestamp":1762322400000,"close_timestamp":1762347600000,"orders":[{"amount":2008.0,"safe_price":0.16498,"ft_order_side":"buy","order_filled_timestamp":1762322400000,"ft_is_entry":true,"ft_order_tag":"","cost":331.61111983999996},{"amount":2008.0,"safe_price":0.16531029029029026,"ft_order_side":"sell","order_filled_timestamp":1762347600000,"ft_is_entry":false,"ft_order_tag":"roi","cost":332.27500596580575}],"funding_fees":0.0,"weekday":2},{"pair":"DOGE/USDT","stake_amount":331.16844,"max_stake_amount":331.16844,"amount":2084.0,"open_date":"2025-11-14 21:00:00+00:00","close_date":"2025-11-14 23:00:00+00:00","open_rate":0.15891,"close_rate":0.15933,"fee_open":0.001,"fee_close":0.001,"trade_duration":120,"profit_ratio":0.0006397227465756823,"profit_abs":0.21206784,"exit_reason":"roi","initial_stop_loss_abs":0.15097,"initial_stop_loss_ratio":-0.05,"stop_loss_abs":0.15097,"stop_loss_ratio":-0.05,"min_rate":0.15472,"max_rate":0.16111,"is_open":false,"enter_tag":"","leverage":1.0,"is_short":false,"open_timestamp":1763154000000,"close_timestamp":1763161200000,"orders":[{"amount":2084.0,"safe_price":0.15891,"ft_order_side":"buy","order_filled_timestamp":1763154000000,"ft_is_entry":true,"ft_order_tag":"","cost":331.4996084399999},{"amount":2084.0,"safe_price":0.15933,"ft_order_side":"sell","order_filled_timestamp":1763161200000,"ft_is_entry":false,"ft_order_tag":"roi","cost":332.37576371999995}],"funding_fees":0.0,"weekday":4},{"pair":"DOGE/USDT","stake_amount":331.22265,"max_stake_amount":331.22265,"amount":2101.0,"open_date":"2025-11-15 00:00:00+00:00","close_date":"2025-11-15 02:00:00+00:00","open_rate":0.15765,"close_rate":0.16137,"fee_open":0.001,"fee_close":0.001,"trade_duration":120,"profit_ratio":0.021551426689390533,"profit_abs":7.14545898,"exit_reason":"roi","initial_stop_loss_abs":0.14977,"initial_stop_loss_ratio":-0.05,"stop_loss_abs":0.14977,"stop_loss_ratio":-0.05,"min_rate":0.15721,"max_rate":0.16243,"is_open":false,"enter_tag":"","leverage":1.0,"is_short":false,"open_timestamp":1763164800000,"close_timestamp":1763172000000,"orders":[{"amount":2101.0,"safe_price":0.15765,"ft_order_side":"buy","order_filled_timestamp":1763164800000,"ft_is_entry":true,"ft_order_tag":"","cost":331.55387265},{"amount":2101.0,"safe_price":0.16137,"ft_order_side":"sell","order_filled_timestamp":1763172000000,"ft_is_entry":false,"ft_order_tag":"roi","cost":339.37740837}],"funding_fees":0.0,"weekday":5},{"pair":"DOGE/USDT","stake_amount":333.61195,"max_stake_amount":333.61195,"amount":2377.0,"open_date":"2025-11-21 08:00:00+00:00","close_date":"2025-11-21 12:00:00+00:00","open_rate":0.14035,"close_rate":0.13334,"fee_open":0.001,"fee_close":0.001,"trade_duration":240,"profit_ratio":-0.05184477083301451,"profit_abs":-17.31333113,"exit_reason":"stop_loss","initial_stop_loss_abs":0.13334,"initial_stop_loss_ratio":-0.05,"stop_loss_abs":0.13334,"stop_loss_ratio":-0.05,"min_rate":0.13321,"max_rate":0.14234,"is_open":false,"enter_tag":"","leverage":1.0,"is_short":false,"open_timestamp":1763712000000,"close_timestamp":1763726400000,"orders":[{"amount":2377.0,"safe_price":0.14035,"ft_order_side":"buy","order_filled_timestamp":1763712000000,"ft_is_entry":true,"ft_order_tag":"","cost":333.94556194999996},{"amount":2377.0,"safe_price":0.13334,"ft_order_side":"sell","order_filled_timestamp":1763726400000,"ft_is_entry":false,"ft_order_tag":"stop_loss","cost":317.2661291799999}],"funding_fees":0.0,"weekday":4},{"pair":"DOGE/USDT","stake_amount":327.96651,"max_stake_amount":327.96651,"amount":2361.0,"open_date":"2025-11-21 13:00:00+00:00","close_date":"2025-11-21 15:00:00+00:00","open_rate":0.13891,"close_rate":0.14133,"fee_open":0.001,"fee_close":0.001,"trade_duration":120,"profit_ratio":0.015388542060487925,"profit_abs":5.05197336,"exit_reason":"roi","initial_stop_loss_abs":0.13197,"initial_stop_loss_ratio":-0.05,"stop_loss_abs":0.13197,"stop_loss_ratio":-0.05,"min_rate":0.13746,"max_rate":0.14209,"is_open":false,"enter_tag":"","leverage":1.0,"is_short":false,"open_timestamp":1763730000000,"close_timestamp":1763737200000,"orders":[{"amount":2361.0,"safe_price":0.13891,"ft_order_side":"buy","order_filled_timestamp":1763730000000,"ft_is_entry":true,"ft_order_tag":"","cost":328.29447651},{"amount":2361.0,"safe_price":0.14133,"ft_order_side":"sell","order_filled_timestamp":1763737200000,"ft_is_entry":false,"ft_order_tag":"roi","cost":334.01381012999997}],"funding_fees":0.0,"weekday":4},{"pair":"DOGE/USDT","stake_amount":329.63422,"max_stake_amount":329.63422,"amount":2389.0,"open_date":"2025-11-21 16:00:00+00:00","close_date":"2025-11-21 18:00:00+00:00","open_rate":0.13798,"close_rate":0.14163,"fee_open":0.001,"fee_close":0.001,"trade_duration":120,"profit_ratio":0.02440225378332351,"profit_abs":8.05186171,"exit_reason":"roi","initial_stop_loss_abs":0.13109,"initial_stop_loss_ratio":-0.05,"stop_loss_abs":0.13109,"stop_loss_ratio":-0.05,"min_rate":0.13575,"max_rate":0.1435,"is_open":false,"enter_tag":"","leverage":1.0,"is_short":false,"open_timestamp":1763740800000,"close_timestamp":1763748000000,"orders":[{"amount":2389.0,"safe_price":0.13798,"ft_order_side":"buy","order_filled_timestamp":1763740800000,"ft_is_entry":true,"ft_order_tag":"","cost":329.9638542199999},{"amount":2389.0,"safe_price":0.14163,"ft_order_side":"sell","order_filled_timestamp":1763748000000,"ft_is_entry":false,"ft_order_tag":"roi","cost":338.69242407}],"funding_fees":0.0,"weekday":4},{"pair":"DOGE/USDT","stake_amount":332.2434,"max_stake_amount":332.2434,"amount":2355.0,"open_date":"2025-11-21 19:00:00+00:00","close_date":"2025-11-21 21:00:00+00:00","open_rate":0.14108,"close_rate":0.14136244244244245,"fee_open":0.001,"fee_close":0.001,"trade_duration":120,"profit_ratio":0.0,"profit_abs":0.0,"exit_reason":"roi","initial_stop_loss_abs":0.13403,"initial_stop_loss_ratio":-0.05,"stop_loss_abs":0.13403,"stop_loss_ratio":-0.05,"min_rate":0.13756,"max_rate":0.14171,"is_open":false,"enter_tag":"","leverage":1.0,"is_short":false,"open_timestamp":1763751600000,"close_timestamp":1763758800000,"orders":[{"amount":2355.0,"safe_price":0.14108,"ft_order_side":"buy","order_filled_timestamp":1763751600000,"ft_is_entry":true,"ft_order_tag":"","cost":332.5756434},{"amount":2355.0,"safe_price":0.14136244244244245,"ft_order_side":"sell","order_filled_timestamp":1763758800000,"ft_is_entry":false,"ft_order_tag":"roi","cost":333.24146050390385}],"funding_fees":0.0,"weekday":4},{"pair":"DOGE/USDT","stake_amount":332.26629,"max_stake_amount":332.26629,"amount":2357.0,"open_date":"2025-11-21 22:00:00+00:00","close_date":"2025-11-22 01:00:00+00:00","open_rate":0.14097,"close_rate":0.14125222222222222,"fee_open":0.001,"fee_close":0.001,"trade_duration":180,"profit_ratio":0.0,"profit_abs":0.0,"exit_reason":"roi","initial_stop_loss_abs":0.13393,"initial_stop_loss_ratio":-0.05,"stop_loss_abs":0.13393,"stop_loss_ratio":-0.05,"min_rate":0.13574,"max_rate":0.14156,"is_open":false,"enter_tag":"","leverage":1.0,"is_short":false,"open_timestamp":1763762400000,"close_timestamp":1763773200000,"orders":[{"amount":2357.0,"safe_price":0.14097,"ft_order_side":"buy","order_filled_timestamp":1763762400000,"ft_is_entry":true,"ft_order_tag":"","cost":332.59855629},{"amount":2357.0,"safe_price":0.14125222222222222,"ft_order_side":"sell","order_filled_timestamp":1763773200000,"ft_is_entry":false,"ft_order_tag":"roi","cost":333.2644192655555}],"funding_fees":0.0,"weekday":5},{"pair":"DOGE/USDT","stake_amount":332.196,"max_stake_amount":332.196,"amount":2350.0,"open_date":"2025-11-22 02:00:00+00:00","close_date":"2025-11-22 22:00:00+00:00","open_rate":0.14136,"close_rate":0.141643003003003,"fee_open":0.001,"fee_close":0.001,"trade_duration":1200,"profit_ratio":0.0,"profit_abs":0.0,"exit_reason":"roi","initial_stop_loss_abs":0.1343,"initial_stop_loss_ratio":-0.05,"stop_loss_abs":0.1343,"stop_loss_ratio":-0.05,"min_rate":0.13549,"max_rate":0.1424,"is_open":false,"enter_tag":"","leverage":1.0,"is_short":false,"open_timestamp":1763776800000,"close_timestamp":1763848800000,"orders":[{"amount":2350.0,"safe_price":0.14136,"ft_order_side":"buy","order_filled_timestamp":1763776800000,"ft_is_entry":true,"ft_order_tag":"","cost":332.528196},{"amount":2350.0,"safe_price":0.141643003003003,"ft_order_side":"sell","order_filled_timestamp":1763848800000,"ft_is_entry":false,"ft_order_tag":"roi","cost":333.19391811411407}],"funding_fees":0.0,"weekday":5}],"locks":[],"best_pair":{"key":"DOGE/USDT","trades":36,"profit_mean":0.0006933951197771982,"profit_mean_pct":0.07,"profit_total_abs":7.070005410000004,"profit_total":0.007070005410000003,"profit_total_pct":0.71,"duration_avg":"3:32:00","wins":17,"draws":14,"losses":5,"winrate":0.4722222222222222,"cagr":0.02686454217297496,"expectancy":0.19638903916666672,"expectancy_ratio":-0.37752673370837264,"sortino":13.564996300864438,"sharpe":0.17060272928695175,"calmar":6.208675588868376,"sqn":0.1423,"profit_factor":1.0818075172997175,"max_drawdown_account":0.02242825452877542,"max_drawdown_abs":22.8043889},"worst_pair":{"key":"DOGE/USDT","trades":36,"profit_mean":0.0006933951197771982,"profit_mean_pct":0.07,"profit_total_abs":7.070005410000004,"profit_total":0.007070005410000003,"profit_total_pct":0.71,"duration_avg":"3:32:00","wins":17,"draws":14,"losses":5,"winrate":0.4722222222222222,"cagr":0.02686454217297496,"expectancy":0.19638903916666672,"expectancy_ratio":-0.37752673370837264,"sortino":13.564996300864438,"sharpe":0.17060272928695175,"calmar":6.208675588868376,"sqn":0.1423,"profit_factor":1.0818075172997175,"max_drawdown_account":0.02242825452877542,"max_drawdown_abs":22.8043889},"results_per_pair":[{"key":"DOGE/USDT","trades":36,"profit_mean":0.0006933951197771982,"profit_mean_pct":0.07,"profit_total_abs":7.070005410000004,"profit_total":0.007070005410000003,"profit_total_pct":0.71,"duration_avg":"3:32:00","wins":17,"draws":14,"losses":5,"winrate":0.4722222222222222,"cagr":0.02686454217297496,"expectancy":0.19638903916666672,"expectancy_ratio":-0.37752673370837264,"sortino":13.564996300864438,"sharpe":0.17060272928695175,"calmar":6.208675588868376,"sqn":0.1423,"profit_factor":1.0818075172997175,"max_drawdown_account":0.02242825452877542,"max_drawdown_abs":22.8043889},{"key":"TOTAL","trades":36,"profit_mean":0.0006933951197771982,"profit_mean_pct":0.07,"profit_total_abs":7.070005410000004,"profit_total":0.007070005410000003,"profit_total_pct":0.71,"duration_avg":"3:32:00","wins":17,"draws":14,"losses":5,"winrate":0.4722222222222222,"cagr":0.02686454217297496,"expectancy":0.19638903916666672,"expectancy_ratio":-0.37752673370837264,"sortino":13.564996300864438,"sharpe":0.17060272928695175,"calmar":6.208675588868376,"sqn":0.1423,"profit_factor":1.0818075172997175,"max_drawdown_account":0.02242825452877542,"max_drawdown_abs":22.8043889}],"results_per_enter_tag":[{"key":"","trades":36,"profit_mean":0.0006933951197771982,"profit_mean_pct":0.07,"profit_total_abs":7.070005410000004,"profit_total":0.007070005410000003,"profit_total_pct":0.71,"duration_avg":"3:32:00","wins":17,"draws":14,"losses":5,"winrate":0.4722222222222222,"cagr":0.02686454217297496,"expectancy":0.19638903916666672,"expectancy_ratio":-0.37752673370837264,"sortino":13.564996300864438,"sharpe":0.17060272928695175,"calmar":6.208675588868376,"sqn":0.1423,"profit_factor":1.0818075172997175,"max_drawdown_account":0.02242825452877542,"max_drawdown_abs":22.8043889},{"key":"TOTAL","trades":36,"profit_mean":0.0006933951197771982,"profit_mean_pct":0.07,"profit_total_abs":7.070005410000004,"profit_total":0.007070005410000003,"profit_total_pct":0.71,"duration_avg":"3:32:00","wins":17,"draws":14,"losses":5,"winrate":0.4722222222222222,"cagr":0.02686454217297496,"expectancy":0.19638903916666672,"expectancy_ratio":-0.37752673370837264,"sortino":13.564996300864438,"sharpe":0.17060272928695175,"calmar":6.208675588868376,"sqn":0.1423,"profit_factor":1.0818075172997175,"max_drawdown_account":0.02242825452877542,"max_drawdown_abs":22.8043889}],"exit_reason_summary":[{"key":"roi","trades":31,"profit_mean":0.00917028811273934,"profit_mean_pct":0.92,"profit_total_abs":93.49244730000001,"profit_total":0.0934924473,"profit_total_pct":9.35,"duration_avg":"3:12:00","wins":17,"draws":14,"losses":0,"winrate":0.5483870967741935,"cagr":0.3997787862036499,"expectancy":3.015885396774193,"expectancy_ratio":100.0,"sortino":-100,"sharpe":4.104327588967006,"calmar":-100,"sqn":3.6819,"profit_factor":0.0,"max_drawdown_account":0.0,"max_drawdown_abs":0.0},{"key":"stop_loss","trades":5,"profit_mean":-0.05186334143658809,"profit_mean_pct":-5.19,"profit_total_abs":-86.42244188999999,"profit_total":-0.08642244188999999,"profit_total_pct":-8.64,"duration_avg":"5:36:00","wins":0,"draws":0,"losses":5,"winrate":0.0,"cagr":-0.2883122721961485,"expectancy":-17.284488378,"expectancy_ratio":-1.0,"sortino":-165.81601237410095,"sharpe":-165.81601237410095,"calmar":-19.695848633549282,"sqn":-336.7532,"profit_factor":0.0,"max_drawdown_account":0.08642244188999997,"max_drawdown_abs":86.42244188999999},{"key":"TOTAL","trades":36,"profit_mean":0.0006933951197771982,"profit_mean_pct":0.07,"profit_total_abs":7.070005410000004,"profit_total":0.007070005410000003,"profit_total_pct":0.71,"duration_avg":"3:32:00","wins":17,"draws":14,"losses":5,"winrate":0.4722222222222222,"cagr":0.02686454217297496,"expectancy":0.19638903916666672,"expectancy_ratio":-0.37752673370837264,"sortino":13.564996300864438,"sharpe":0.17060272928695175,"calmar":6.208675588868376,"sqn":0.1423,"profit_factor":1.0818075172997175,"max_drawdown_account":0.02242825452877542,"max_drawdown_abs":22.8043889}],"mix_tag_stats":[{"key":["","roi"],"trades":31,"profit_mean":0.00917028811273934,"profit_mean_pct":0.92,"profit_total_abs":93.49244730000001,"profit_total":0.0934924473,"profit_total_pct":9.35,"duration_avg":"3:12:00","wins":17,"draws":14,"losses":0,"winrate":0.5483870967741935,"cagr":0.3997787862036499,"expectancy":3.015885396774193,"expectancy_ratio":100.0,"sortino":-100,"sharpe":4.104327588967006,"calmar":-100,"sqn":3.6819,"profit_factor":0.0,"max_drawdown_account":0.0,"max_drawdown_abs":0.0},{"key":["","stop_loss"],"trades":5,"profit_mean":-0.05186334143658809,"profit_mean_pct":-5.19,"profit_total_abs":-86.42244188999999,"profit_total":-0.08642244188999999,"profit_total_pct":-8.64,"duration_avg":"5:36:00","wins":0,"draws":0,"losses":5,"winrate":0.0,"cagr":-0.2883122721961485,"expectancy":-17.284488378,"expectancy_ratio":-1.0,"sortino":-165.81601237410095,"sharpe":-165.81601237410095,"calmar":-19.695848633549282,"sqn":-336.7532,"profit_factor":0.0,"max_drawdown_account":0.08642244188999997,"max_drawdown_abs":86.42244188999999},{"key":"TOTAL","trades":36,"profit_mean":0.0006933951197771982,"profit_mean_pct":0.07,"profit_total_abs":7.070005410000004,"profit_total":0.007070005410000003,"profit_total_pct":0.71,"duration_avg":"3:32:00","wins":17,"draws":14,"losses":5,"winrate":0.4722222222222222,"cagr":0.02686454217297496,"expectancy":0.19638903916666672,"expectancy_ratio":-0.37752673370837264,"sortino":13.564996300864438,"sharpe":0.17060272928695175,"calmar":6.208675588868376,"sqn":0.1423,"profit_factor":1.0818075172997175,"max_drawdown_account":0.02242825452877542,"max_drawdown_abs":22.8043889}],"left_open_trades":[{"key":"TOTAL","trades":0,"profit_mean":0.0,"profit_mean_pct":0.0,"profit_total_abs":0.0,"profit_total":0.0,"profit_total_pct":0.0,"duration_avg":"0:00","wins":0,"draws":0,"losses":0,"winrate":0.0,"cagr":0.0,"expectancy":0.0,"expectancy_ratio":100.0,"sortino":0,"sharpe":0,"calmar":0,"sqn":0.0,"profit_factor":0.0,"max_drawdown_account":0.0,"max_drawdown_abs":0.0}],"total_trades":36,"trade_count_long":36,"trade_count_short":0,"total_volume":23868.015648363773,"avg_stake_amount":330.7396847222222,"profit_mean":0.0006933951197771982,"profit_median":0.0,"profit_total":0.007070005410000003,"profit_total_long":0.007070005410000003,"profit_total_short":0.0,"profit_total_abs":7.070005410000004,"profit_total_long_abs":7.070005410000004,"profit_total_short_abs":0.0,"cagr":0.02686454217297496,"expectancy":0.19638903916666672,"expectancy_ratio":-0.37752673370837264,"sortino":13.564996300864438,"sharpe":0.17060272928695175,"calmar":6.208675588868376,"sqn":0.1423,"profit_factor":1.0818075172997175,"backtest_start":"2025-10-01 00:00:00","backtest_start_ts":1759276800000,"backtest_end":"2026-01-06 20:00:00","backtest_end_ts":1767729600000,"backtest_days":97,"backtest_run_start_ts":1767753029,"backtest_run_end_ts":1767753030,"trades_per_day":0.37,"market_change":-0.36632086436227446,"pairlist":["DOGE/USDT"],"stake_amount":"unlimited","stake_currency":"USDT","stake_currency_decimals":3,"starting_balance":1000,"dry_run_wallet":1000,"final_balance":1007.07000541,"rejected_signals":0,"timedout_entry_orders":0,"timedout_exit_orders":0,"canceled_trade_entries":0,"canceled_entry_orders":0,"replaced_entry_orders":0,"max_open_trades":1,"max_open_trades_setting":3,"timeframe":"1h","timeframe_detail":"","timerange":"20251001-","enable_protections":false,"strategy_name":"ACO_84_12","freqaimodel":null,"freqai_identifier":null,"stoploss":-0.05,"trailing_stop":false,"trailing_stop_positive":null,"trailing_stop_positive_offset":0.0,"trailing_only_offset_is_reached":false,"use_custom_stoploss":false,"minimal_roi":{"0":0.1,"60":0.05,"120":0.0},"use_exit_signal":true,"exit_profit_only":false,"exit_profit_offset":0.0,"ignore_roi_if_entry_signal":false,"trading_mode":"spot","margin_mode":"","periodic_breakdown":{"day":[{"date":"10/10/2025","date_ts":1760054400000,"profit_abs":-17.122836,"wins":0,"draws":0,"losses":1,"trades":1,"profit_factor":0.0},{"date":"11/10/2025","date_ts":1760140800000,"profit_abs":5.33627676,"wins":3,"draws":2,"losses":1,"trades":6,"profit_factor":1.30981415},{"date":"12/10/2025","date_ts":1760227200000,"profit_abs":22.54344612,"wins":3,"draws":2,"losses":0,"trades":5,"profit_factor":0.0},{"date":"13/10/2025","date_ts":1760313600000,"profit_abs":0.0,"wins":0,"draws":1,"losses":0,"trades":1,"profit_factor":0.0},{"date":"14/10/2025","date_ts":1760400000000,"profit_abs":6.01367236,"wins":1,"draws":3,"losses":0,"trades":4,"profit_factor":0.0},{"date":"15/10/2025","date_ts":1760486400000,"profit_abs":0.0,"wins":0,"draws":0,"losses":0,"trades":0,"profit_factor":0.0},{"date":"16/10/2025","date_ts":1760572800000,"profit_abs":0.0,"wins":0,"draws":0,"losses":0,"trades":0,"profit_factor":0.0},{"date":"17/10/2025","date_ts":1760659200000,"profit_abs":-6.79643236,"wins":2,"draws":0,"losses":1,"trades":3,"profit_factor":0.60990368},{"date":"18/10/2025","date_ts":1760745600000,"profit_abs":0.0,"wins":0,"draws":0,"losses":0,"trades":0,"profit_factor":0.0},{"date":"19/10/2025","date_ts":1760832000000,"profit_abs":0.0,"wins":0,"draws":0,"losses":0,"trades":0,"profit_factor":0.0},{"date":"20/10/2025","date_ts":1760918400000,"profit_abs":0.0,"wins":0,"draws":0,"losses":0,"trades":0,"profit_factor":0.0},{"date":"21/10/2025","date_ts":1761004800000,"profit_abs":0.0,"wins":0,"draws":0,"losses":0,"trades":0,"profit_factor":0.0},{"date":"22/10/2025","date_ts":1761091200000,"profit_abs":0.0,"wins":0,"draws":0,"losses":0,"trades":0,"profit_factor":0.0},{"date":"23/10/2025","date_ts":1761177600000,"profit_abs":0.0,"wins":0,"draws":0,"losses":0,"trades":0,"profit_factor":0.0},{"date":"24/10/2025","date_ts":1761264000000,"profit_abs":0.0,"wins":0,"draws":0,"losses":0,"trades":0,"profit_factor":0.0},{"date":"25/10/2025","date_ts":1761350400000,"profit_abs":0.0,"wins":0,"draws":0,"losses":0,"trades":0,"profit_factor":0.0},{"date":"26/10/2025","date_ts":1761436800000,"profit_abs":0.0,"wins":0,"draws":0,"losses":0,"trades":0,"profit_factor":0.0},{"date":"27/10/2025","date_ts":1761523200000,"profit_abs":0.0,"wins":0,"draws":0,"losses":0,"trades":0,"profit_factor":0.0},{"date":"28/10/2025","date_ts":1761609600000,"profit_abs":0.0,"wins":0,"draws":0,"losses":0,"trades":0,"profit_factor":0.0},{"date":"29/10/2025","date_ts":1761696000000,"profit_abs":0.0,"wins":0,"draws":0,"losses":0,"trades":0,"profit_factor":0.0},{"date":"30/10/2025","date_ts":1761782400000,"profit_abs":0.0,"wins":0,"draws":0,"losses":0,"trades":0,"profit_factor":0.0},{"date":"31/10/2025","date_ts":1761868800000,"profit_abs":0.0,"wins":0,"draws":0,"losses":0,"trades":0,"profit_factor":0.0},{"date":"01/11/2025","date_ts":1761955200000,"profit_abs":0.0,"wins":0,"draws":0,"losses":0,"trades":0,"profit_factor":0.0},{"date":"02/11/2025","date_ts":1762041600000,"profit_abs":0.0,"wins":0,"draws":0,"losses":0,"trades":0,"profit_factor":0.0},{"date":"03/11/2025","date_ts":1762128000000,"profit_abs":0.0,"wins":0,"draws":0,"losses":0,"trades":0,"profit_factor":0.0},{"date":"04/11/2025","date_ts":1762214400000,"profit_abs":-6.29582618,"wins":3,"draws":1,"losses":1,"trades":5,"profit_factor":0.63691274},{"date":"05/11/2025","date_ts":1762300800000,"profit_abs":0.24367395,"wins":1,"draws":2,"losses":0,"trades":3,"profit_factor":0.0},{"date":"06/11/2025","date_ts":1762387200000,"profit_abs":0.0,"wins":0,"draws":0,"losses":0,"trades":0,"profit_factor":0.0},{"date":"07/11/2025","date_ts":1762473600000,"profit_abs":0.0,"wins":0,"draws":0,"losses":0,"trades":0,"profit_factor":0.0},{"date":"08/11/2025","date_ts":1762560000000,"profit_abs":0.0,"wins":0,"draws":0,"losses":0,"trades":0,"profit_factor":0.0},{"date":"09/11/2025","date_ts":1762646400000,"profit_abs":0.0,"wins":0,"draws":0,"losses":0,"trades":0,"profit_factor":0.0},{"date":"10/11/2025","date_ts":1762732800000,"profit_abs":0.0,"wins":0,"draws":0,"losses":0,"trades":0,"profit_factor":0.0},{"date":"11/11/2025","date_ts":1762819200000,"profit_abs":0.0,"wins":0,"draws":0,"losses":0,"trades":0,"profit_factor":0.0},{"date":"12/11/2025","date_ts":1762905600000,"profit_abs":0.0,"wins":0,"draws":0,"losses":0,"trades":0,"profit_factor":0.0},{"date":"13/11/2025","date_ts":1762992000000,"profit_abs":0.0,"wins":0,"draws":0,"losses":0,"trades":0,"profit_factor":0.0},{"date":"14/11/2025","date_ts":1763078400000,"profit_abs":0.21206784,"wins":1,"draws":0,"losses":0,"trades":1,"profit_factor":0.0},{"date":"15/11/2025","date_ts":1763164800000,"profit_abs":7.14545898,"wins":1,"draws":0,"losses":0,"trades":1,"profit_factor":0.0},{"date":"16/11/2025","date_ts":1763251200000,"profit_abs":0.0,"wins":0,"draws":0,"losses":0,"trades":0,"profit_factor":0.0},{"date":"17/11/2025","date_ts":1763337600000,"profit_abs":0.0,"wins":0,"draws":0,"losses":0,"trades":0,"profit_factor":0.0},{"date":"18/11/2025","date_ts":1763424000000,"profit_abs":0.0,"wins":0,"draws":0,"losses":0,"trades":0,"profit_factor":0.0},{"date":"19/11/2025","date_ts":1763510400000,"profit_abs":0.0,"wins":0,"draws":0,"losses":0,"trades":0,"profit_factor":0.0},{"date":"20/11/2025","date_ts":1763596800000,"profit_abs":0.0,"wins":0,"draws":0,"losses":0,"trades":0,"profit_factor":0.0},{"date":"21/11/2025","date_ts":1763683200000,"profit_abs":-4.20949606,"wins":2,"draws":1,"losses":1,"trades":4,"profit_factor":0.75686389},{"date":"22/11/2025","date_ts":1763769600000,"profit_abs":0.0,"wins":0,"draws":2,"losses":0,"trades":2,"profit_factor":0.0}],"week":[{"date":"13/10/2025","date_ts":1760313600000,"profit_abs":10.75688688,"wins":6,"draws":5,"losses":2,"trades":13,"profit_factor":1.3131831},{"date":"20/10/2025","date_ts":1760918400000,"profit_abs":-0.78276,"wins":3,"draws":3,"losses":1,"trades":7,"profit_factor":0.95507175},{"date":"27/10/2025","date_ts":1761523200000,"profit_abs":0.0,"wins":0,"draws":0,"losses":0,"trades":0,"profit_factor":0.0},{"date":"03/11/2025","date_ts":1762128000000,"profit_abs":0.0,"wins":0,"draws":0,"losses":0,"trades":0,"profit_factor":0.0},{"date":"10/11/2025","date_ts":1762732800000,"profit_abs":-6.05215223,"wins":4,"draws":3,"losses":1,"trades":8,"profit_factor":0.65096569},{"date":"17/11/2025","date_ts":1763337600000,"profit_abs":7.35752682,"wins":2,"draws":0,"losses":0,"trades":2,"profit_factor":0.0},{"date":"24/11/2025","date_ts":1763942400000,"profit_abs":-4.20949606,"wins":2,"draws":3,"losses":1,"trades":6,"profit_factor":0.75686389}],"month":[{"date":"31/10/2025","date_ts":1761868800000,"profit_abs":9.97412688,"wins":9,"draws":8,"losses":3,"trades":20,"profit_factor":1.19266451},{"date":"30/11/2025","date_ts":1764460800000,"profit_abs":-2.90412147,"wins":8,"draws":6,"losses":2,"trades":16,"profit_factor":0.91619432}],"year":[{"date":"31/12/2025","date_ts":1767139200000,"profit_abs":7.07000541,"wins":17,"draws":14,"losses":5,"trades":36,"profit_factor":1.08180752}],"weekday":[{"date":"Monday","date_ts":0,"profit_abs":0.0,"wins":0,"draws":1,"losses":0,"trades":1,"profit_factor":0.0},{"date":"Tuesday","date_ts":1,"profit_abs":-0.28215382,"wins":4,"draws":4,"losses":1,"trades":9,"profit_factor":0.98372788},{"date":"Wednesday","date_ts":2,"profit_abs":0.24367395,"wins":1,"draws":2,"losses":0,"trades":3,"profit_factor":0.0},{"date":"Friday","date_ts":4,"profit_abs":-27.91669658,"wins":5,"draws":1,"losses":3,"trades":9,"profit_factor":0.46167677},{"date":"Saturday","date_ts":5,"profit_abs":12.48173574,"wins":4,"draws":4,"losses":1,"trades":9,"profit_factor":1.724666},{"date":"Sunday","date_ts":6,"profit_abs":22.54344612,"wins":3,"draws":2,"losses":0,"trades":5,"profit_factor":0.0}]},"backtest_best_day":0.0687587159107196,"backtest_worst_day":-0.0518578923091413,"backtest_best_day_abs":22.54344612,"backtest_worst_day_abs":-17.122836,"winning_days":6,"draw_days":34,"losing_days":4,"daily_profit":[["2025-10-10",-17.122836],["2025-10-11",5.33627676],["2025-10-12",22.54344612],["2025-10-13",0.0],["2025-10-14",6.01367236],["2025-10-15",0.0],["2025-10-16",0.0],["2025-10-17",-6.79643236],["2025-10-18",0.0],["2025-10-19",0.0],["2025-10-20",0.0],["2025-10-21",0.0],["2025-10-22",0.0],["2025-10-23",0.0],["2025-10-24",0.0],["2025-10-25",0.0],["2025-10-26",0.0],["2025-10-27",0.0],["2025-10-28",0.0],["2025-10-29",0.0],["2025-10-30",0.0],["2025-10-31",0.0],["2025-11-01",0.0],["2025-11-02",0.0],["2025-11-03",0.0],["2025-11-04",-6.29582618],["2025-11-05",0.24367395],["2025-11-06",0.0],["2025-11-07",0.0],["2025-11-08",0.0],["2025-11-09",0.0],["2025-11-10",0.0],["2025-11-11",0.0],["2025-11-12",0.0],["2025-11-13",0.0],["2025-11-14",0.21206784],["2025-11-15",7.14545898],["2025-11-16",0.0],["2025-11-17",0.0],["2025-11-18",0.0],["2025-11-19",0.0],["2025-11-20",0.0],["2025-11-21",-4.20949606],["2025-11-22",0.0]],"wins":17,"losses":5,"draws":14,"winrate":0.4722222222222222,"holding_avg":"3:32:00","holding_avg_s":12720.0,"winner_holding_min":"0d 01:00","winner_holding_min_s":3600.0,"winner_holding_max":"0d 02:00","winner_holding_max_s":7200.0,"winner_holding_avg":"0d 01:53","winner_holding_avg_s":6780.0,"loser_holding_min":"0d 00:00","loser_holding_min_s":0.0,"loser_holding_max":"0d 13:00","loser_holding_max_s":46800.0,"loser_holding_avg":"0d 05:36","loser_holding_avg_s":20160.0,"max_consecutive_wins":4,"max_consecutive_losses":3,"max_drawdown_account":0.02242825452877542,"max_relative_drawdown":0.02242825452877542,"max_drawdown_abs":22.8043889,"drawdown_start":"2025-10-14 17:00:00","drawdown_start_ts":1760461200000.0,"drawdown_end":"2025-11-21 12:00:00","drawdown_end_ts":1763726400000.0,"drawdown_duration":"37 days 19:00:00","drawdown_duration_s":3265200.0,"max_drawdown_low":-6.0338296599999985,"max_drawdown_high":16.77055924,"csum_min":982.877164,"csum_max":1016.77055924}},"strategy_comparison":[{"key":"ACO_84_12","trades":36,"profit_mean":0.0006933951197771982,"profit_mean_pct":0.07,"profit_total_abs":7.070005410000004,"profit_total":0.007070005410000003,"profit_total_pct":0.71,"duration_avg":"3:32:00","wins":17,"draws":14,"losses":5,"winrate":0.4722222222222222,"cagr":0.02686454217297496,"expectancy":0.19638903916666672,"expectancy_ratio":-0.37752673370837264,"sortino":13.564996300864438,"sharpe":0.17060272928695175,"calmar":6.208675588868376,"sqn":0.1423,"profit_factor":1.0818075172997175,"max_drawdown_account":0.02242825452877542,"max_drawdown_abs":"22.804"}]}