{"strategy":{"ACO_69_1":{"trades":[{"pair":"DOGE/USDT","stake_amount":329.86071,"max_stake_amount":329.86071,"amount":1311.0,"open_date":"2025-10-02 15:00:00+00:00","close_date":"2025-10-02 17:00:00+00:00","open_rate":0.25161,"close_rate":0.25588,"fee_open":0.001,"fee_close":0.001,"trade_duration":120,"profit_ratio":0.014938799128616703,"profit_abs":4.93265061,"exit_reason":"roi","initial_stop_loss_abs":0.23903,"initial_stop_loss_ratio":-0.05,"stop_loss_abs":0.23903,"stop_loss_ratio":-0.05,"min_rate":0.25079,"max_rate":0.2578,"is_open":false,"enter_tag":"","leverage":1.0,"is_short":false,"open_timestamp":1759417200000,"close_timestamp":1759424400000,"orders":[{"amount":1311.0,"safe_price":0.25161,"ft_order_side":"buy","order_filled_timestamp":1759417200000,"ft_is_entry":true,"ft_order_tag":"","cost":330.19057071},{"amount":1311.0,"safe_price":0.25588,"ft_order_side":"sell","order_filled_timestamp":1759424400000,"ft_is_entry":false,"ft_order_tag":"roi","cost":335.79413868}],"funding_fees":0.0,"weekday":3},{"pair":"DOGE/USDT","stake_amount":331.50298,"max_stake_amount":331.50298,"amount":1291.0,"open_date":"2025-10-03 02:00:00+00:00","close_date":"2025-10-03 04:00:00+00:00","open_rate":0.25678,"close_rate":0.25925,"fee_open":0.001,"fee_close":0.001,"trade_duration":120,"profit_ratio":0.007601908178277054,"profit_abs":2.52257527,"exit_reason":"roi","initial_stop_loss_abs":0.24395,"initial_stop_loss_ratio":-0.05,"stop_loss_abs":0.24395,"stop_loss_ratio":-0.05,"min_rate":0.25664,"max_rate":0.26155,"is_open":false,"enter_tag":"","leverage":1.0,"is_short":false,"open_timestamp":1759456800000,"close_timestamp":1759464000000,"orders":[{"amount":1291.0,"safe_price":0.25678,"ft_order_side":"buy","order_filled_timestamp":1759456800000,"ft_is_entry":true,"ft_order_tag":"","cost":331.83448298},{"amount":1291.0,"safe_price":0.25925,"ft_order_side":"sell","order_filled_timestamp":1759464000000,"ft_is_entry":false,"ft_order_tag":"roi","cost":335.02644174999995}],"funding_fees":0.0,"weekday":4},{"pair":"DOGE/USDT","stake_amount":332.29049,"max_stake_amount":332.29049,"amount":1291.0,"open_date":"2025-10-03 06:00:00+00:00","close_date":"2025-10-03 13:00:00+00:00","open_rate":0.25739,"close_rate":0.25790529529529527,"fee_open":0.001,"fee_close":0.001,"trade_duration":420,"profit_ratio":0.0,"profit_abs":0.0,"exit_reason":"roi","initial_stop_loss_abs":0.24453,"initial_stop_loss_ratio":-0.05,"stop_loss_abs":0.24453,"stop_loss_ratio":-0.05,"min_rate":0.25361,"max_rate":0.25793,"is_open":false,"enter_tag":"","leverage":1.0,"is_short":false,"open_timestamp":1759471200000,"close_timestamp":1759496400000,"orders":[{"amount":1291.0,"safe_price":0.25739,"ft_order_side":"buy","order_filled_timestamp":1759471200000,"ft_is_entry":true,"ft_order_tag":"","cost":332.62278049},{"amount":1291.0,"safe_price":0.25790529529529527,"ft_order_side":"sell","order_filled_timestamp":1759496400000,"ft_is_entry":false,"ft_order_tag":"roi","cost":333.2886919624524}],"funding_fees":0.0,"weekday":4},{"pair":"DOGE/USDT","stake_amount":332.20932,"max_stake_amount":332.20932,"amount":1284.0,"open_date":"2025-10-05 12:00:00+00:00","close_date":"2025-10-06 10:00:00+00:00","open_rate":0.25873,"close_rate":0.259247977977978,"fee_open":0.001,"fee_close":0.001,"trade_duration":1320,"profit_ratio":0.0,"profit_abs":0.0,"exit_reason":"roi","initial_stop_loss_abs":0.2458,"initial_stop_loss_ratio":-0.05,"stop_loss_abs":0.2458,"stop_loss_ratio":-0.05,"min_rate":0.25057,"max_rate":0.2593,"is_open":false,"enter_tag":"","leverage":1.0,"is_short":false,"open_timestamp":1759665600000,"close_timestamp":1759744800000,"orders":[{"amount":1284.0,"safe_price":0.25873,"ft_order_side":"buy","order_filled_timestamp":1759665600000,"ft_is_entry":true,"ft_order_tag":"","cost":332.54152932},{"amount":1284.0,"safe_price":0.259247977977978,"ft_order_side":"sell","order_filled_timestamp":1759744800000,"ft_is_entry":false,"ft_order_tag":"roi","cost":333.2072781274474}],"funding_fees":0.0,"weekday":0},{"pair":"DOGE/USDT","stake_amount":332.28396,"max_stake_amount":332.28396,"amount":1249.0,"open_date":"2025-10-07 00:00:00+00:00","close_date":"2025-10-07 02:00:00+00:00","open_rate":0.26604,"close_rate":0.26657261261261256,"fee_open":0.001,"fee_close":0.001,"trade_duration":120,"profit_ratio":0.0,"profit_abs":0.0,"exit_reason":"roi","initial_stop_loss_abs":0.25274,"initial_stop_loss_ratio":-0.05,"stop_loss_abs":0.25274,"stop_loss_ratio":-0.05,"min_rate":0.26416,"max_rate":0.26796,"is_open":false,"enter_tag":"","leverage":1.0,"is_short":false,"open_timestamp":1759795200000,"close_timestamp":1759802400000,"orders":[{"amount":1249.0,"safe_price":0.26604,"ft_order_side":"buy","order_filled_timestamp":1759795200000,"ft_is_entry":true,"ft_order_tag":"","cost":332.61624395999996},{"amount":1249.0,"safe_price":0.26657261261261256,"ft_order_side":"sell","order_filled_timestamp":1759802400000,"ft_is_entry":false,"ft_order_tag":"roi","cost":333.2821423463062}],"funding_fees":0.0,"weekday":1},{"pair":"DOGE/USDT","stake_amount":332.41076,"max_stake_amount":332.41076,"amount":1276.0,"open_date":"2025-10-07 07:00:00+00:00","close_date":"2025-10-07 10:00:00+00:00","open_rate":0.26051,"close_rate":0.26103154154154157,"fee_open":0.001,"fee_close":0.001,"trade_duration":180,"profit_ratio":0.0,"profit_abs":0.0,"exit_reason":"roi","initial_stop_loss_abs":0.24749,"initial_stop_loss_ratio":-0.05,"stop_loss_abs":0.24749,"stop_loss_ratio":-0.05,"min_rate":0.25747,"max_rate":0.26167,"is_open":false,"enter_tag":"","leverage":1.0,"is_short":false,"open_timestamp":1759820400000,"close_timestamp":1759831200000,"orders":[{"amount":1276.0,"safe_price":0.26051,"ft_order_side":"buy","order_filled_timestamp":1759820400000,"ft_is_entry":true,"ft_order_tag":"","cost":332.74317076},{"amount":1276.0,"safe_price":0.26103154154154157,"ft_order_side":"sell","order_filled_timestamp":1759831200000,"ft_is_entry":false,"ft_order_tag":"roi","cost":333.409323254014}],"funding_fees":0.0,"weekday":1},{"pair":"DOGE/USDT","stake_amount":332.24616,"max_stake_amount":332.24616,"amount":1304.0,"open_date":"2025-10-07 15:00:00+00:00","close_date":"2025-10-08 14:00:00+00:00","open_rate":0.25479,"close_rate":0.2553000900900901,"fee_open":0.001,"fee_close":0.001,"trade_duration":1380,"profit_ratio":0.0,"profit_abs":0.0,"exit_reason":"roi","initial_stop_loss_abs":0.24206,"initial_stop_loss_ratio":-0.05,"stop_loss_abs":0.24206,"stop_loss_ratio":-0.05,"min_rate":0.24291,"max_rate":0.25678,"is_open":false,"enter_tag":"","leverage":1.0,"is_short":false,"open_timestamp":1759849200000,"close_timestamp":1759932000000,"orders":[{"amount":1304.0,"safe_price":0.25479,"ft_order_side":"buy","order_filled_timestamp":1759849200000,"ft_is_entry":true,"ft_order_tag":"","cost":332.57840616},{"amount":1304.0,"safe_price":0.2553000900900901,"ft_order_side":"sell","order_filled_timestamp":1759932000000,"ft_is_entry":false,"ft_order_tag":"roi","cost":333.2442287949549}],"funding_fees":0.0,"weekday":2},{"pair":"DOGE/USDT","stake_amount":332.345,"max_stake_amount":332.345,"amount":1300.0,"open_date":"2025-10-09 00:00:00+00:00","close_date":"2025-10-09 14:00:00+00:00","open_rate":0.25565,"close_rate":0.24287,"fee_open":0.001,"fee_close":0.001,"trade_duration":840,"profit_ratio":-0.051888342441833546,"profit_abs":-17.262076,"exit_reason":"stop_loss","initial_stop_loss_abs":0.24287,"initial_stop_loss_ratio":-0.05,"stop_loss_abs":0.24287,"stop_loss_ratio":-0.05,"min_rate":0.24228,"max_rate":0.25593,"is_open":false,"enter_tag":"","leverage":1.0,"is_short":false,"open_timestamp":1759968000000,"close_timestamp":1760018400000,"orders":[{"amount":1300.0,"safe_price":0.25565,"ft_order_side":"buy","order_filled_timestamp":1759968000000,"ft_is_entry":true,"ft_order_tag":"","cost":332.67734499999995},{"amount":1300.0,"safe_price":0.24287,"ft_order_side":"sell","order_filled_timestamp":1760018400000,"ft_is_entry":false,"ft_order_tag":"stop_loss","cost":316.04673099999997}],"funding_fees":0.0,"weekday":3},{"pair":"DOGE/USDT","stake_amount":326.565,"max_stake_amount":326.565,"amount":1350.0,"open_date":"2025-10-09 17:00:00+00:00","close_date":"2025-10-09 19:00:00+00:00","open_rate":0.2419,"close_rate":0.24501,"fee_open":0.001,"fee_close":0.001,"trade_duration":120,"profit_ratio":0.010832862879163003,"profit_abs":3.5411715,"exit_reason":"roi","initial_stop_loss_abs":0.22981,"initial_stop_loss_ratio":-0.05,"stop_loss_abs":0.22981,"stop_loss_ratio":-0.05,"min_rate":0.24153,"max_rate":0.24717,"is_open":false,"enter_tag":"","leverage":1.0,"is_short":false,"open_timestamp":1760029200000,"close_timestamp":1760036400000,"orders":[{"amount":1350.0,"safe_price":0.2419,"ft_order_side":"buy","order_filled_timestamp":1760029200000,"ft_is_entry":true,"ft_order_tag":"","cost":326.89156499999996},{"amount":1350.0,"safe_price":0.24501,"ft_order_side":"sell","order_filled_timestamp":1760036400000,"ft_is_entry":false,"ft_order_tag":"roi","cost":331.0942635}],"funding_fees":0.0,"weekday":3},{"pair":"DOGE/USDT","stake_amount":327.90288,"max_stake_amount":327.90288,"amount":1497.0,"open_date":"2025-10-10 21:00:00+00:00","close_date":"2025-10-10 21:00:00+00:00","open_rate":0.21904,"close_rate":0.20809,"fee_open":0.001,"fee_close":0.001,"trade_duration":0,"profit_ratio":-0.051888989388989386,"profit_abs":-17.03156361,"exit_reason":"stop_loss","initial_stop_loss_abs":0.20809,"initial_stop_loss_ratio":-0.05,"stop_loss_abs":0.20809,"stop_loss_ratio":-0.05,"min_rate":0.095,"max_rate":0.22132,"is_open":false,"enter_tag":"","leverage":1.0,"is_short":false,"open_timestamp":1760130000000,"close_timestamp":1760130000000,"orders":[{"amount":1497.0,"safe_price":0.21904,"ft_order_side":"buy","order_filled_timestamp":1760130000000,"ft_is_entry":true,"ft_order_tag":"","cost":328.23078288},{"amount":1497.0,"safe_price":0.20809,"ft_order_side":"sell","order_filled_timestamp":1760130000000,"ft_is_entry":false,"ft_order_tag":"stop_loss","cost":311.82224073}],"funding_fees":0.0,"weekday":4},{"pair":"DOGE/USDT","stake_amount":322.19921,"max_stake_amount":322.19921,"amount":1747.0,"open_date":"2025-10-11 20:00:00+00:00","close_date":"2025-10-11 22:00:00+00:00","open_rate":0.18443,"close_rate":0.18479922922922923,"fee_open":0.001,"fee_close":0.001,"trade_duration":120,"profit_ratio":0.0,"profit_abs":0.0,"exit_reason":"roi","initial_stop_loss_abs":0.17521,"initial_stop_loss_ratio":-0.05,"stop_loss_abs":0.17521,"stop_loss_ratio":-0.05,"min_rate":0.17816,"max_rate":0.18622,"is_open":false,"enter_tag":"","leverage":1.0,"is_short":false,"open_timestamp":1760212800000,"close_timestamp":1760220000000,"orders":[{"amount":1747.0,"safe_price":0.18443,"ft_order_side":"buy","order_filled_timestamp":1760212800000,"ft_is_entry":true,"ft_order_tag":"","cost":322.52140920999994},{"amount":1747.0,"safe_price":0.18479922922922923,"ft_order_side":"sell","order_filled_timestamp":1760220000000,"ft_is_entry":false,"ft_order_tag":"roi","cost":323.1670977169269}],"funding_fees":0.0,"weekday":5},{"pair":"DOGE/USDT","stake_amount":322.25008,"max_stake_amount":322.25008,"amount":1724.0,"open_date":"2025-10-12 14:00:00+00:00","close_date":"2025-10-12 15:00:00+00:00","open_rate":0.18692,"close_rate":0.19664956956956955,"fee_open":0.001,"fee_close":0.001,"trade_duration":60,"profit_ratio":0.04995004995004996,"profit_abs":16.112504,"exit_reason":"roi","initial_stop_loss_abs":0.17758,"initial_stop_loss_ratio":-0.05,"stop_loss_abs":0.17758,"stop_loss_ratio":-0.05,"min_rate":0.18682,"max_rate":0.20676,"is_open":false,"enter_tag":"","leverage":1.0,"is_short":false,"open_timestamp":1760277600000,"close_timestamp":1760281200000,"orders":[{"amount":1724.0,"safe_price":0.18692,"ft_order_side":"buy","order_filled_timestamp":1760277600000,"ft_is_entry":true,"ft_order_tag":"","cost":322.57233008},{"amount":1724.0,"safe_price":0.19664956956956955,"ft_order_side":"sell","order_filled_timestamp":1760281200000,"ft_is_entry":false,"ft_order_tag":"roi","cost":339.3628817958758}],"funding_fees":0.0,"weekday":6},{"pair":"DOGE/USDT","stake_amount":327.47485,"max_stake_amount":327.47485,"amount":1655.0,"open_date":"2025-10-14 08:00:00+00:00","close_date":"2025-10-14 10:00:00+00:00","open_rate":0.19787,"close_rate":0.19958,"fee_open":0.001,"fee_close":0.001,"trade_duration":120,"profit_ratio":0.006626768894924755,"profit_abs":2.17227025,"exit_reason":"roi","initial_stop_loss_abs":0.18798,"initial_stop_loss_ratio":-0.05,"stop_loss_abs":0.18798,"stop_loss_ratio":-0.05,"min_rate":0.19436,"max_rate":0.20153,"is_open":false,"enter_tag":"","leverage":1.0,"is_short":false,"open_timestamp":1760428800000,"close_timestamp":1760436000000,"orders":[{"amount":1655.0,"safe_price":0.19787,"ft_order_side":"buy","order_filled_timestamp":1760428800000,"ft_is_entry":true,"ft_order_tag":"","cost":327.80232485},{"amount":1655.0,"safe_price":0.19958,"ft_order_side":"sell","order_filled_timestamp":1760436000000,"ft_is_entry":false,"ft_order_tag":"roi","cost":330.6352049}],"funding_fees":0.0,"weekday":1},{"pair":"DOGE/USDT","stake_amount":328.245,"max_stake_amount":328.245,"amount":1662.0,"open_date":"2025-10-14 11:00:00+00:00","close_date":"2025-10-14 13:00:00+00:00","open_rate":0.1975,"close_rate":0.19789539539539538,"fee_open":0.001,"fee_close":0.001,"trade_duration":120,"profit_ratio":0.0,"profit_abs":0.0,"exit_reason":"roi","initial_stop_loss_abs":0.18763,"initial_stop_loss_ratio":-0.05,"stop_loss_abs":0.18763,"stop_loss_ratio":-0.05,"min_rate":0.1933,"max_rate":0.20041,"is_open":false,"enter_tag":"","leverage":1.0,"is_short":false,"open_timestamp":1760439600000,"close_timestamp":1760446800000,"orders":[{"amount":1662.0,"safe_price":0.1975,"ft_order_side":"buy","order_filled_timestamp":1760439600000,"ft_is_entry":true,"ft_order_tag":"","cost":328.573245},{"amount":1662.0,"safe_price":0.19789539539539538,"ft_order_side":"sell","order_filled_timestamp":1760446800000,"ft_is_entry":false,"ft_order_tag":"roi","cost":329.2310492942942}],"funding_fees":0.0,"weekday":1},{"pair":"DOGE/USDT","stake_amount":328.26871,"max_stake_amount":328.26871,"amount":1621.0,"open_date":"2025-10-15 04:00:00+00:00","close_date":"2025-10-15 06:00:00+00:00","open_rate":0.20251,"close_rate":0.20403,"fee_open":0.001,"fee_close":0.001,"trade_duration":120,"profit_ratio":0.005492803576848809,"profit_abs":1.80491866,"exit_reason":"roi","initial_stop_loss_abs":0.19239,"initial_stop_loss_ratio":-0.05,"stop_loss_abs":0.19239,"stop_loss_ratio":-0.05,"min_rate":0.20168,"max_rate":0.20491,"is_open":false,"enter_tag":"","leverage":1.0,"is_short":false,"open_timestamp":1760500800000,"close_timestamp":1760508000000,"orders":[{"amount":1621.0,"safe_price":0.20251,"ft_order_side":"buy","order_filled_timestamp":1760500800000,"ft_is_entry":true,"ft_order_tag":"","cost":328.59697871},{"amount":1621.0,"safe_price":0.20403,"ft_order_side":"sell","order_filled_timestamp":1760508000000,"ft_is_entry":false,"ft_order_tag":"roi","cost":331.0633626299999}],"funding_fees":0.0,"weekday":2},{"pair":"DOGE/USDT","stake_amount":328.9296,"max_stake_amount":328.9296,"amount":1668.0,"open_date":"2025-10-15 20:00:00+00:00","close_date":"2025-10-16 01:00:00+00:00","open_rate":0.1972,"close_rate":0.19759479479479478,"fee_open":0.001,"fee_close":0.001,"trade_duration":300,"profit_ratio":0.0,"profit_abs":0.0,"exit_reason":"roi","initial_stop_loss_abs":0.18734,"initial_stop_loss_ratio":-0.05,"stop_loss_abs":0.18734,"stop_loss_ratio":-0.05,"min_rate":0.1942,"max_rate":0.19886,"is_open":false,"enter_tag":"","leverage":1.0,"is_short":false,"open_timestamp":1760558400000,"close_timestamp":1760576400000,"orders":[{"amount":1668.0,"safe_price":0.1972,"ft_order_side":"buy","order_filled_timestamp":1760558400000,"ft_is_entry":true,"ft_order_tag":"","cost":329.2585296},{"amount":1668.0,"safe_price":0.19759479479479478,"ft_order_side":"sell","order_filled_timestamp":1760576400000,"ft_is_entry":false,"ft_order_tag":"roi","cost":329.91770583543536}],"funding_fees":0.0,"weekday":3},{"pair":"DOGE/USDT","stake_amount":328.83312,"max_stake_amount":328.83312,"amount":1736.0,"open_date":"2025-10-16 16:00:00+00:00","close_date":"2025-10-16 18:00:00+00:00","open_rate":0.18942,"close_rate":0.19127,"fee_open":0.001,"fee_close":0.001,"trade_duration":120,"profit_ratio":0.007749140311699702,"profit_abs":2.55072216,"exit_reason":"roi","initial_stop_loss_abs":0.17995,"initial_stop_loss_ratio":-0.05,"stop_loss_abs":0.17995,"stop_loss_ratio":-0.05,"min_rate":0.1875,"max_rate":0.19484,"is_open":false,"enter_tag":"","leverage":1.0,"is_short":false,"open_timestamp":1760630400000,"close_timestamp":1760637600000,"orders":[{"amount":1736.0,"safe_price":0.18942,"ft_order_side":"buy","order_filled_timestamp":1760630400000,"ft_is_entry":true,"ft_order_tag":"","cost":329.16195311999996},{"amount":1736.0,"safe_price":0.19127,"ft_order_side":"sell","order_filled_timestamp":1760637600000,"ft_is_entry":false,"ft_order_tag":"roi","cost":332.3767647199999}],"funding_fees":0.0,"weekday":3},{"pair":"DOGE/USDT","stake_amount":329.77281,"max_stake_amount":329.77281,"amount":1731.0,"open_date":"2025-10-16 19:00:00+00:00","close_date":"2025-10-17 01:00:00+00:00","open_rate":0.19051,"close_rate":0.1908914014014014,"fee_open":0.001,"fee_close":0.001,"trade_duration":360,"profit_ratio":0.0,"profit_abs":0.0,"exit_reason":"roi","initial_stop_loss_abs":0.18099,"initial_stop_loss_ratio":-0.05,"stop_loss_abs":0.18099,"stop_loss_ratio":-0.05,"min_rate":0.18469,"max_rate":0.19114,"is_open":false,"enter_tag":"","leverage":1.0,"is_short":false,"open_timestamp":1760641200000,"close_timestamp":1760662800000,"orders":[{"amount":1731.0,"safe_price":0.19051,"ft_order_side":"buy","order_filled_timestamp":1760641200000,"ft_is_entry":true,"ft_order_tag":"","cost":330.10258281},{"amount":1731.0,"safe_price":0.1908914014014014,"ft_order_side":"sell","order_filled_timestamp":1760662800000,"ft_is_entry":false,"ft_order_tag":"roi","cost":330.7634488416516}],"funding_fees":0.0,"weekday":4},{"pair":"DOGE/USDT","stake_amount":329.7775,"max_stake_amount":329.7775,"amount":1807.0,"open_date":"2025-10-17 07:00:00+00:00","close_date":"2025-10-17 11:00:00+00:00","open_rate":0.1825,"close_rate":0.18286536536536532,"fee_open":0.001,"fee_close":0.001,"trade_duration":240,"profit_ratio":0.0,"profit_abs":0.0,"exit_reason":"roi","initial_stop_loss_abs":0.17338,"initial_stop_loss_ratio":-0.05,"stop_loss_abs":0.17338,"stop_loss_ratio":-0.05,"min_rate":0.17555,"max_rate":0.184,"is_open":false,"enter_tag":"","leverage":1.0,"is_short":false,"open_timestamp":1760684400000,"close_timestamp":1760698800000,"orders":[{"amount":1807.0,"safe_price":0.1825,"ft_order_side":"buy","order_filled_timestamp":1760684400000,"ft_is_entry":true,"ft_order_tag":"","cost":330.10727749999995},{"amount":1807.0,"safe_price":0.18286536536536532,"ft_order_side":"sell","order_filled_timestamp":1760698800000,"ft_is_entry":false,"ft_order_tag":"roi","cost":330.7681529304303}],"funding_fees":0.0,"weekday":4},{"pair":"DOGE/USDT","stake_amount":329.73392,"max_stake_amount":329.73392,"amount":1688.0,"open_date":"2025-10-20 00:00:00+00:00","close_date":"2025-10-20 03:00:00+00:00","open_rate":0.19534,"close_rate":0.19573107107107107,"fee_open":0.001,"fee_close":0.001,"trade_duration":180,"profit_ratio":0.0,"profit_abs":0.0,"exit_reason":"roi","initial_stop_loss_abs":0.18558,"initial_stop_loss_ratio":-0.05,"stop_loss_abs":0.18558,"stop_loss_ratio":-0.05,"min_rate":0.19168,"max_rate":0.19999,"is_open":false,"enter_tag":"","leverage":1.0,"is_short":false,"open_timestamp":1760918400000,"close_timestamp":1760929200000,"orders":[{"amount":1688.0,"safe_price":0.19534,"ft_order_side":"buy","order_filled_timestamp":1760918400000,"ft_is_entry":true,"ft_order_tag":"","cost":330.06365392},{"amount":1688.0,"safe_price":0.19573107107107107,"ft_order_side":"sell","order_filled_timestamp":1760929200000,"ft_is_entry":false,"ft_order_tag":"roi","cost":330.72444201593595}],"funding_fees":0.0,"weekday":0},{"pair":"DOGE/USDT","stake_amount":329.62566,"max_stake_amount":329.62566,"amount":1654.0,"open_date":"2025-10-20 16:00:00+00:00","close_date":"2025-10-20 19:00:00+00:00","open_rate":0.19929,"close_rate":0.19968897897897897,"fee_open":0.001,"fee_close":0.001,"trade_duration":180,"profit_ratio":0.0,"profit_abs":0.0,"exit_reason":"roi","initial_stop_loss_abs":0.18933,"initial_stop_loss_ratio":-0.05,"stop_loss_abs":0.18933,"stop_loss_ratio":-0.05,"min_rate":0.19582,"max_rate":0.20036,"is_open":false,"enter_tag":"","leverage":1.0,"is_short":false,"open_timestamp":1760976000000,"close_timestamp":1760986800000,"orders":[{"amount":1654.0,"safe_price":0.19929,"ft_order_side":"buy","order_filled_timestamp":1760976000000,"ft_is_entry":true,"ft_order_tag":"","cost":329.95528565999996},{"amount":1654.0,"safe_price":0.19968897897897897,"ft_order_side":"sell","order_filled_timestamp":1760986800000,"ft_is_entry":false,"ft_order_tag":"roi","cost":330.6158568024624}],"funding_fees":0.0,"weekday":0},{"pair":"DOGE/USDT","stake_amount":329.70301,"max_stake_amount":329.70301,"amount":1729.0,"open_date":"2025-10-22 10:00:00+00:00","close_date":"2025-10-22 12:00:00+00:00","open_rate":0.19069,"close_rate":0.19107176176176172,"fee_open":0.001,"fee_close":0.001,"trade_duration":120,"profit_ratio":0.0,"profit_abs":0.0,"exit_reason":"roi","initial_stop_loss_abs":0.18116,"initial_stop_loss_ratio":-0.05,"stop_loss_abs":0.18116,"stop_loss_ratio":-0.05,"min_rate":0.18663,"max_rate":0.19233,"is_open":false,"enter_tag":"","leverage":1.0,"is_short":false,"open_timestamp":1761127200000,"close_timestamp":1761134400000,"orders":[{"amount":1729.0,"safe_price":0.19069,"ft_order_side":"buy","order_filled_timestamp":1761127200000,"ft_is_entry":true,"ft_order_tag":"","cost":330.03271300999995},{"amount":1729.0,"safe_price":0.19107176176176172,"ft_order_side":"sell","order_filled_timestamp":1761134400000,"ft_is_entry":false,"ft_order_tag":"roi","cost":330.693439162172}],"funding_fees":0.0,"weekday":2},{"pair":"DOGE/USDT","stake_amount":329.63738,"max_stake_amount":329.63738,"amount":1633.0,"open_date":"2025-10-26 20:00:00+00:00","close_date":"2025-10-26 22:00:00+00:00","open_rate":0.20186,"close_rate":0.20226412412412412,"fee_open":0.001,"fee_close":0.001,"trade_duration":120,"profit_ratio":0.0,"profit_abs":0.0,"exit_reason":"roi","initial_stop_loss_abs":0.19177,"initial_stop_loss_ratio":-0.05,"stop_loss_abs":0.19177,"stop_loss_ratio":-0.05,"min_rate":0.20031,"max_rate":0.20742,"is_open":false,"enter_tag":"","leverage":1.0,"is_short":false,"open_timestamp":1761508800000,"close_timestamp":1761516000000,"orders":[{"amount":1633.0,"safe_price":0.20186,"ft_order_side":"buy","order_filled_timestamp":1761508800000,"ft_is_entry":true,"ft_order_tag":"","cost":329.96701737999996},{"amount":1633.0,"safe_price":0.20226412412412412,"ft_order_side":"sell","order_filled_timestamp":1761516000000,"ft_is_entry":false,"ft_order_tag":"roi","cost":330.62761200938934}],"funding_fees":0.0,"weekday":6},{"pair":"DOGE/USDT","stake_amount":329.6215,"max_stake_amount":329.6215,"amount":1615.0,"open_date":"2025-10-27 09:00:00+00:00","close_date":"2025-10-27 16:00:00+00:00","open_rate":0.2041,"close_rate":0.2045086086086086,"fee_open":0.001,"fee_close":0.001,"trade_duration":420,"profit_ratio":0.0,"profit_abs":0.0,"exit_reason":"roi","initial_stop_loss_abs":0.1939,"initial_stop_loss_ratio":-0.05,"stop_loss_abs":0.1939,"stop_loss_ratio":-0.05,"min_rate":0.20053,"max_rate":0.20535,"is_open":false,"enter_tag":"","leverage":1.0,"is_short":false,"open_timestamp":1761555600000,"close_timestamp":1761580800000,"orders":[{"amount":1615.0,"safe_price":0.2041,"ft_order_side":"buy","order_filled_timestamp":1761555600000,"ft_is_entry":true,"ft_order_tag":"","cost":329.9511215},{"amount":1615.0,"safe_price":0.2045086086086086,"ft_order_side":"sell","order_filled_timestamp":1761580800000,"ft_is_entry":false,"ft_order_tag":"roi","cost":330.61168430580574}],"funding_fees":0.0,"weekday":0},{"pair":"DOGE/USDT","stake_amount":329.72418,"max_stake_amount":329.72418,"amount":1662.0,"open_date":"2025-10-28 06:00:00+00:00","close_date":"2025-10-28 08:00:00+00:00","open_rate":0.19839,"close_rate":0.20034,"fee_open":0.001,"fee_close":0.001,"trade_duration":120,"profit_ratio":0.00781148384354191,"profit_abs":2.57821074,"exit_reason":"roi","initial_stop_loss_abs":0.18848,"initial_stop_loss_ratio":-0.05,"stop_loss_abs":0.18848,"stop_loss_ratio":-0.05,"min_rate":0.19838,"max_rate":0.20206,"is_open":false,"enter_tag":"","leverage":1.0,"is_short":false,"open_timestamp":1761631200000,"close_timestamp":1761638400000,"orders":[{"amount":1662.0,"safe_price":0.19839,"ft_order_side":"buy","order_filled_timestamp":1761631200000,"ft_is_entry":true,"ft_order_tag":"","cost":330.05390417999996},{"amount":1662.0,"safe_price":0.20034,"ft_order_side":"sell","order_filled_timestamp":1761638400000,"ft_is_entry":false,"ft_order_tag":"roi","cost":333.29804507999995}],"funding_fees":0.0,"weekday":1},{"pair":"DOGE/USDT","stake_amount":330.6072,"max_stake_amount":330.6072,"amount":1680.0,"open_date":"2025-10-28 20:00:00+00:00","close_date":"2025-10-29 13:00:00+00:00","open_rate":0.19679,"close_rate":0.19718397397397394,"fee_open":0.001,"fee_close":0.001,"trade_duration":1020,"profit_ratio":0.0,"profit_abs":0.0,"exit_reason":"roi","initial_stop_loss_abs":0.18696,"initial_stop_loss_ratio":-0.05,"stop_loss_abs":0.18696,"stop_loss_ratio":-0.05,"min_rate":0.19006,"max_rate":0.19728,"is_open":false,"enter_tag":"","leverage":1.0,"is_short":false,"open_timestamp":1761681600000,"close_timestamp":1761742800000,"orders":[{"amount":1680.0,"safe_price":0.19679,"ft_order_side":"buy","order_filled_timestamp":1761681600000,"ft_is_entry":true,"ft_order_tag":"","cost":330.93780719999995},{"amount":1680.0,"safe_price":0.19718397397397394,"ft_order_side":"sell","order_filled_timestamp":1761742800000,"ft_is_entry":false,"ft_order_tag":"roi","cost":331.60034535255244}],"funding_fees":0.0,"weekday":2},{"pair":"DOGE/USDT","stake_amount":330.4575,"max_stake_amount":330.4575,"amount":1710.0,"open_date":"2025-10-29 15:00:00+00:00","close_date":"2025-10-29 17:00:00+00:00","open_rate":0.19325,"close_rate":0.19363688688688688,"fee_open":0.001,"fee_close":0.001,"trade_duration":120,"profit_ratio":0.0,"profit_abs":0.0,"exit_reason":"roi","initial_stop_loss_abs":0.18359,"initial_stop_loss_ratio":-0.05,"stop_loss_abs":0.18359,"stop_loss_ratio":-0.05,"min_rate":0.19022,"max_rate":0.19609,"is_open":false,"enter_tag":"","leverage":1.0,"is_short":false,"open_timestamp":1761750000000,"close_timestamp":1761757200000,"orders":[{"amount":1710.0,"safe_price":0.19325,"ft_order_side":"buy","order_filled_timestamp":1761750000000,"ft_is_entry":true,"ft_order_tag":"","cost":330.78795749999995},{"amount":1710.0,"safe_price":0.19363688688688688,"ft_order_side":"sell","order_filled_timestamp":1761757200000,"ft_is_entry":false,"ft_order_tag":"roi","cost":331.4501956531531}],"funding_fees":0.0,"weekday":2},{"pair":"DOGE/USDT","stake_amount":330.63302,"max_stake_amount":330.63302,"amount":1763.0,"open_date":"2025-10-30 05:00:00+00:00","close_date":"2025-10-30 07:00:00+00:00","open_rate":0.18754,"close_rate":0.1913,"fee_open":0.001,"fee_close":0.001,"trade_duration":120,"profit_ratio":0.018010996148993378,"profit_abs":5.96098508,"exit_reason":"roi","initial_stop_loss_abs":0.17817,"initial_stop_loss_ratio":-0.05,"stop_loss_abs":0.17817,"stop_loss_ratio":-0.05,"min_rate":0.18712,"max_rate":0.19346,"is_open":false,"enter_tag":"","leverage":1.0,"is_short":false,"open_timestamp":1761800400000,"close_timestamp":1761807600000,"orders":[{"amount":1763.0,"safe_price":0.18754,"ft_order_side":"buy","order_filled_timestamp":1761800400000,"ft_is_entry":true,"ft_order_tag":"","cost":330.96365302},{"amount":1763.0,"safe_price":0.1913,"ft_order_side":"sell","order_filled_timestamp":1761807600000,"ft_is_entry":false,"ft_order_tag":"roi","cost":337.59916189999996}],"funding_fees":0.0,"weekday":3},{"pair":"DOGE/USDT","stake_amount":332.50124,"max_stake_amount":332.50124,"amount":1769.0,"open_date":"2025-10-30 12:00:00+00:00","close_date":"2025-10-30 17:00:00+00:00","open_rate":0.18796,"close_rate":0.17857,"fee_open":0.001,"fee_close":0.001,"trade_duration":300,"profit_ratio":-0.051855624690270365,"profit_abs":-17.25930157,"exit_reason":"stop_loss","initial_stop_loss_abs":0.17857,"initial_stop_loss_ratio":-0.05,"stop_loss_abs":0.17857,"stop_loss_ratio":-0.05,"min_rate":0.17822,"max_rate":0.18833,"is_open":false,"enter_tag":"","leverage":1.0,"is_short":false,"open_timestamp":1761825600000,"close_timestamp":1761843600000,"orders":[{"amount":1769.0,"safe_price":0.18796,"ft_order_side":"buy","order_filled_timestamp":1761825600000,"ft_is_entry":true,"ft_order_tag":"","cost":332.83374123999994},{"amount":1769.0,"safe_price":0.17857,"ft_order_side":"sell","order_filled_timestamp":1761843600000,"ft_is_entry":false,"ft_order_tag":"stop_loss","cost":316.20622032999995}],"funding_fees":0.0,"weekday":3},{"pair":"DOGE/USDT","stake_amount":326.73672,"max_stake_amount":326.73672,"amount":1828.0,"open_date":"2025-10-30 19:00:00+00:00","close_date":"2025-10-30 21:00:00+00:00","open_rate":0.17874,"close_rate":0.17951,"fee_open":0.001,"fee_close":0.001,"trade_duration":120,"profit_ratio":0.0023013240535899146,"profit_abs":0.752679,"exit_reason":"roi","initial_stop_loss_abs":0.16981,"initial_stop_loss_ratio":-0.05,"stop_loss_abs":0.16981,"stop_loss_ratio":-0.05,"min_rate":0.17642,"max_rate":0.18034,"is_open":false,"enter_tag":"","leverage":1.0,"is_short":false,"open_timestamp":1761850800000,"close_timestamp":1761858000000,"orders":[{"amount":1828.0,"safe_price":0.17874,"ft_order_side":"buy","order_filled_timestamp":1761850800000,"ft_is_entry":true,"ft_order_tag":"","cost":327.06345672},{"amount":1828.0,"safe_price":0.17951,"ft_order_side":"sell","order_filled_timestamp":1761858000000,"ft_is_entry":false,"ft_order_tag":"roi","cost":328.4724242799999}],"funding_fees":0.0,"weekday":3},{"pair":"DOGE/USDT","stake_amount":327.09924,"max_stake_amount":327.09924,"amount":1889.0,"open_date":"2025-11-03 07:00:00+00:00","close_date":"2025-11-03 09:00:00+00:00","open_rate":0.17316,"close_rate":0.1738,"fee_open":0.001,"fee_close":0.001,"trade_duration":120,"profit_ratio":0.0016906170752324597,"profit_abs":0.55355256,"exit_reason":"roi","initial_stop_loss_abs":0.16451,"initial_stop_loss_ratio":-0.05,"stop_loss_abs":0.16451,"stop_loss_ratio":-0.05,"min_rate":0.17236,"max_rate":0.17534,"is_open":false,"enter_tag":"","leverage":1.0,"is_short":false,"open_timestamp":1762153200000,"close_timestamp":1762160400000,"orders":[{"amount":1889.0,"safe_price":0.17316,"ft_order_side":"buy","order_filled_timestamp":1762153200000,"ft_is_entry":true,"ft_order_tag":"","cost":327.42633923999995},{"amount":1889.0,"safe_price":0.1738,"ft_order_side":"sell","order_filled_timestamp":1762160400000,"ft_is_entry":false,"ft_order_tag":"roi","cost":328.6365082}],"funding_fees":0.0,"weekday":0},{"pair":"DOGE/USDT","stake_amount":327.25812,"max_stake_amount":327.25812,"amount":1902.0,"open_date":"2025-11-03 11:00:00+00:00","close_date":"2025-11-03 13:00:00+00:00","open_rate":0.17206,"close_rate":0.17431,"fee_open":0.001,"fee_close":0.001,"trade_duration":120,"profit_ratio":0.011052704124888247,"profit_abs":3.62070426,"exit_reason":"roi","initial_stop_loss_abs":0.16346,"initial_stop_loss_ratio":-0.05,"stop_loss_abs":0.16346,"stop_loss_ratio":-0.05,"min_rate":0.17204,"max_rate":0.17564,"is_open":false,"enter_tag":"","leverage":1.0,"is_short":false,"open_timestamp":1762167600000,"close_timestamp":1762174800000,"orders":[{"amount":1902.0,"safe_price":0.17206,"ft_order_side":"buy","order_filled_timestamp":1762167600000,"ft_is_entry":true,"ft_order_tag":"","cost":327.5853781199999},{"amount":1902.0,"safe_price":0.17431,"ft_order_side":"sell","order_filled_timestamp":1762174800000,"ft_is_entry":false,"ft_order_tag":"roi","cost":331.86915761999995}],"funding_fees":0.0,"weekday":0},{"pair":"DOGE/USDT","stake_amount":328.46251,"max_stake_amount":328.46251,"amount":2039.0,"open_date":"2025-11-04 06:00:00+00:00","close_date":"2025-11-04 08:00:00+00:00","open_rate":0.16109,"close_rate":0.16201,"fee_open":0.001,"fee_close":0.001,"trade_duration":120,"profit_ratio":0.003701680404144865,"profit_abs":1.2170791,"exit_reason":"roi","initial_stop_loss_abs":0.15304,"initial_stop_loss_ratio":-0.05,"stop_loss_abs":0.15304,"stop_loss_ratio":-0.05,"min_rate":0.16062,"max_rate":0.16735,"is_open":false,"enter_tag":"","leverage":1.0,"is_short":false,"open_timestamp":1762236000000,"close_timestamp":1762243200000,"orders":[{"amount":2039.0,"safe_price":0.16109,"ft_order_side":"buy","order_filled_timestamp":1762236000000,"ft_is_entry":true,"ft_order_tag":"","cost":328.79097250999996},{"amount":2039.0,"safe_price":0.16201,"ft_order_side":"sell","order_filled_timestamp":1762243200000,"ft_is_entry":false,"ft_order_tag":"roi","cost":330.6687283899999}],"funding_fees":0.0,"weekday":1},{"pair":"DOGE/USDT","stake_amount":328.80848,"max_stake_amount":328.80848,"amount":2053.0,"open_date":"2025-11-04 17:00:00+00:00","close_date":"2025-11-04 19:00:00+00:00","open_rate":0.16016,"close_rate":0.16048064064064063,"fee_open":0.001,"fee_close":0.001,"trade_duration":120,"profit_ratio":0.0,"profit_abs":0.0,"exit_reason":"roi","initial_stop_loss_abs":0.15216,"initial_stop_loss_ratio":-0.05,"stop_loss_abs":0.15216,"stop_loss_ratio":-0.05,"min_rate":0.15419,"max_rate":0.16152,"is_open":false,"enter_tag":"","leverage":1.0,"is_short":false,"open_timestamp":1762275600000,"close_timestamp":1762282800000,"orders":[{"amount":2053.0,"safe_price":0.16016,"ft_order_side":"buy","order_filled_timestamp":1762275600000,"ft_is_entry":true,"ft_order_tag":"","cost":329.13728847999994},{"amount":2053.0,"safe_price":0.16048064064064063,"ft_order_side":"sell","order_filled_timestamp":1762282800000,"ft_is_entry":false,"ft_order_tag":"roi","cost":329.7962219904704}],"funding_fees":0.0,"weekday":1},{"pair":"DOGE/USDT","stake_amount":328.89402,"max_stake_amount":328.89402,"amount":2037.0,"open_date":"2025-11-05 11:00:00+00:00","close_date":"2025-11-05 13:00:00+00:00","open_rate":0.16146,"close_rate":0.16427,"fee_open":0.001,"fee_close":0.001,"trade_duration":120,"profit_ratio":0.01537091670870935,"profit_abs":5.06045799,"exit_reason":"roi","initial_stop_loss_abs":0.15339,"initial_stop_loss_ratio":-0.05,"stop_loss_abs":0.15339,"stop_loss_ratio":-0.05,"min_rate":0.16138,"max_rate":0.16617,"is_open":false,"enter_tag":"","leverage":1.0,"is_short":false,"open_timestamp":1762340400000,"close_timestamp":1762347600000,"orders":[{"amount":2037.0,"safe_price":0.16146,"ft_order_side":"buy","order_filled_timestamp":1762340400000,"ft_is_entry":true,"ft_order_tag":"","cost":329.22291401999996},{"amount":2037.0,"safe_price":0.16427,"ft_order_side":"sell","order_filled_timestamp":1762347600000,"ft_is_entry":false,"ft_order_tag":"roi","cost":334.95260799}],"funding_fees":0.0,"weekday":2},{"pair":"DOGE/USDT","stake_amount":330.46272,"max_stake_amount":330.46272,"amount":2049.0,"open_date":"2025-11-06 13:00:00+00:00","close_date":"2025-11-06 15:00:00+00:00","open_rate":0.16128,"close_rate":0.16160288288288288,"fee_open":0.001,"fee_close":0.001,"trade_duration":120,"profit_ratio":0.0,"profit_abs":0.0,"exit_reason":"roi","initial_stop_loss_abs":0.15322,"initial_stop_loss_ratio":-0.05,"stop_loss_abs":0.15322,"stop_loss_ratio":-0.05,"min_rate":0.15853,"max_rate":0.16384,"is_open":false,"enter_tag":"","leverage":1.0,"is_short":false,"open_timestamp":1762434000000,"close_timestamp":1762441200000,"orders":[{"amount":2049.0,"safe_price":0.16128,"ft_order_side":"buy","order_filled_timestamp":1762434000000,"ft_is_entry":true,"ft_order_tag":"","cost":330.79318271999995},{"amount":2049.0,"safe_price":0.16160288288288288,"ft_order_side":"sell","order_filled_timestamp":1762441200000,"ft_is_entry":false,"ft_order_tag":"roi","cost":331.455431334054}],"funding_fees":0.0,"weekday":3},{"pair":"DOGE/USDT","stake_amount":330.55455,"max_stake_amount":330.55455,"amount":2077.0,"open_date":"2025-11-06 16:00:00+00:00","close_date":"2025-11-06 18:00:00+00:00","open_rate":0.15915,"close_rate":0.16035,"fee_open":0.001,"fee_close":0.001,"trade_duration":120,"profit_ratio":0.005526989504369335,"profit_abs":1.8287985,"exit_reason":"roi","initial_stop_loss_abs":0.1512,"initial_stop_loss_ratio":-0.05,"stop_loss_abs":0.1512,"stop_loss_ratio":-0.05,"min_rate":0.15693,"max_rate":0.16212,"is_open":false,"enter_tag":"","leverage":1.0,"is_short":false,"open_timestamp":1762444800000,"close_timestamp":1762452000000,"orders":[{"amount":2077.0,"safe_price":0.15915,"ft_order_side":"buy","order_filled_timestamp":1762444800000,"ft_is_entry":true,"ft_order_tag":"","cost":330.88510455},{"amount":2077.0,"safe_price":0.16035,"ft_order_side":"sell","order_filled_timestamp":1762452000000,"ft_is_entry":false,"ft_order_tag":"roi","cost":333.37999694999996}],"funding_fees":0.0,"weekday":3},{"pair":"DOGE/USDT","stake_amount":331.1867,"max_stake_amount":331.1867,"amount":1865.0,"open_date":"2025-11-08 01:00:00+00:00","close_date":"2025-11-08 03:00:00+00:00","open_rate":0.17758,"close_rate":0.18138,"fee_open":0.001,"fee_close":0.001,"trade_duration":120,"profit_ratio":0.019358049316377954,"profit_abs":6.4175396,"exit_reason":"roi","initial_stop_loss_abs":0.16871,"initial_stop_loss_ratio":-0.05,"stop_loss_abs":0.16871,"stop_loss_ratio":-0.05,"min_rate":0.17731,"max_rate":0.18332,"is_open":false,"enter_tag":"","leverage":1.0,"is_short":false,"open_timestamp":1762563600000,"close_timestamp":1762570800000,"orders":[{"amount":1865.0,"safe_price":0.17758,"ft_order_side":"buy","order_filled_timestamp":1762563600000,"ft_is_entry":true,"ft_order_tag":"","cost":331.51788669999996},{"amount":1865.0,"safe_price":0.18138,"ft_order_side":"sell","order_filled_timestamp":1762570800000,"ft_is_entry":false,"ft_order_tag":"roi","cost":338.61197369999996}],"funding_fees":0.0,"weekday":5},{"pair":"DOGE/USDT","stake_amount":333.28718,"max_stake_amount":333.28718,"amount":1894.0,"open_date":"2025-11-08 14:00:00+00:00","close_date":"2025-11-08 23:00:00+00:00","open_rate":0.17597,"close_rate":0.17632229229229224,"fee_open":0.001,"fee_close":0.001,"trade_duration":540,"profit_ratio":0.0,"profit_abs":0.0,"exit_reason":"roi","initial_stop_loss_abs":0.16718,"initial_stop_loss_ratio":-0.05,"stop_loss_abs":0.16718,"stop_loss_ratio":-0.05,"min_rate":0.173,"max_rate":0.17663,"is_open":false,"enter_tag":"","leverage":1.0,"is_short":false,"open_timestamp":1762610400000,"close_timestamp":1762642800000,"orders":[{"amount":1894.0,"safe_price":0.17597,"ft_order_side":"buy","order_filled_timestamp":1762610400000,"ft_is_entry":true,"ft_order_tag":"","cost":333.62046717999993},{"amount":1894.0,"safe_price":0.17632229229229224,"ft_order_side":"sell","order_filled_timestamp":1762642800000,"ft_is_entry":false,"ft_order_tag":"roi","cost":334.28837602320306}],"funding_fees":0.0,"weekday":5},{"pair":"DOGE/USDT","stake_amount":333.16437,"max_stake_amount":333.16437,"amount":1857.0,"open_date":"2025-11-10 15:00:00+00:00","close_date":"2025-11-10 17:00:00+00:00","open_rate":0.17941,"close_rate":0.17976917917917914,"fee_open":0.001,"fee_close":0.001,"trade_duration":120,"profit_ratio":0.0,"profit_abs":0.0,"exit_reason":"roi","initial_stop_loss_abs":0.17044,"initial_stop_loss_ratio":-0.05,"stop_loss_abs":0.17044,"stop_loss_ratio":-0.05,"min_rate":0.17722,"max_rate":0.1805,"is_open":false,"enter_tag":"","leverage":1.0,"is_short":false,"open_timestamp":1762786800000,"close_timestamp":1762794000000,"orders":[{"amount":1857.0,"safe_price":0.17941,"ft_order_side":"buy","order_filled_timestamp":1762786800000,"ft_is_entry":true,"ft_order_tag":"","cost":333.4975343699999},{"amount":1857.0,"safe_price":0.17976917917917914,"ft_order_side":"sell","order_filled_timestamp":1762794000000,"ft_is_entry":false,"ft_order_tag":"roi","cost":334.1651971014714}],"funding_fees":0.0,"weekday":0},{"pair":"DOGE/USDT","stake_amount":333.26662,"max_stake_amount":333.26662,"amount":1942.0,"open_date":"2025-11-12 01:00:00+00:00","close_date":"2025-11-12 03:00:00+00:00","open_rate":0.17161,"close_rate":0.17195356356356356,"fee_open":0.001,"fee_close":0.001,"trade_duration":120,"profit_ratio":0.0,"profit_abs":0.0,"exit_reason":"roi","initial_stop_loss_abs":0.16303,"initial_stop_loss_ratio":-0.05,"stop_loss_abs":0.16303,"stop_loss_ratio":-0.05,"min_rate":0.17094,"max_rate":0.17309,"is_open":false,"enter_tag":"","leverage":1.0,"is_short":false,"open_timestamp":1762909200000,"close_timestamp":1762916400000,"orders":[{"amount":1942.0,"safe_price":0.17161,"ft_order_side":"buy","order_filled_timestamp":1762909200000,"ft_is_entry":true,"ft_order_tag":"","cost":333.59988662},{"amount":1942.0,"safe_price":0.17195356356356356,"ft_order_side":"sell","order_filled_timestamp":1762916400000,"ft_is_entry":false,"ft_order_tag":"roi","cost":334.26775426088085}],"funding_fees":0.0,"weekday":2},{"pair":"DOGE/USDT","stake_amount":333.26662,"max_stake_amount":333.26662,"amount":1942.0,"open_date":"2025-11-12 04:00:00+00:00","close_date":"2025-11-12 06:00:00+00:00","open_rate":0.17161,"close_rate":0.17202,"fee_open":0.001,"fee_close":0.001,"trade_duration":120,"profit_ratio":0.0003863626612883649,"profit_abs":0.12889054,"exit_reason":"roi","initial_stop_loss_abs":0.16303,"initial_stop_loss_ratio":-0.05,"stop_loss_abs":0.16303,"stop_loss_ratio":-0.05,"min_rate":0.17109,"max_rate":0.17298,"is_open":false,"enter_tag":"","leverage":1.0,"is_short":false,"open_timestamp":1762920000000,"close_timestamp":1762927200000,"orders":[{"amount":1942.0,"safe_price":0.17161,"ft_order_side":"buy","order_filled_timestamp":1762920000000,"ft_is_entry":true,"ft_order_tag":"","cost":333.59988662},{"amount":1942.0,"safe_price":0.17202,"ft_order_side":"sell","order_filled_timestamp":1762927200000,"ft_is_entry":false,"ft_order_tag":"roi","cost":334.39690283999994}],"funding_fees":0.0,"weekday":2},{"pair":"DOGE/USDT","stake_amount":333.26289,"max_stake_amount":333.26289,"amount":1977.0,"open_date":"2025-11-12 19:00:00+00:00","close_date":"2025-11-12 21:00:00+00:00","open_rate":0.16857,"close_rate":0.17045,"fee_open":0.001,"fee_close":0.001,"trade_duration":120,"profit_ratio":0.009132351897968556,"profit_abs":3.04651746,"exit_reason":"roi","initial_stop_loss_abs":0.16015,"initial_stop_loss_ratio":-0.05,"stop_loss_abs":0.16015,"stop_loss_ratio":-0.05,"min_rate":0.16721,"max_rate":0.17144,"is_open":false,"enter_tag":"","leverage":1.0,"is_short":false,"open_timestamp":1762974000000,"close_timestamp":1762981200000,"orders":[{"amount":1977.0,"safe_price":0.16857,"ft_order_side":"buy","order_filled_timestamp":1762974000000,"ft_is_entry":true,"ft_order_tag":"","cost":333.5961528899999},{"amount":1977.0,"safe_price":0.17045,"ft_order_side":"sell","order_filled_timestamp":1762981200000,"ft_is_entry":false,"ft_order_tag":"roi","cost":337.31662965}],"funding_fees":0.0,"weekday":2},{"pair":"DOGE/USDT","stake_amount":334.3288,"max_stake_amount":334.3288,"amount":2074.0,"open_date":"2025-11-13 21:00:00+00:00","close_date":"2025-11-13 23:00:00+00:00","open_rate":0.1612,"close_rate":0.16382,"fee_open":0.001,"fee_close":0.001,"trade_duration":120,"profit_ratio":0.014222626009226505,"profit_abs":4.75978852,"exit_reason":"roi","initial_stop_loss_abs":0.15314,"initial_stop_loss_ratio":-0.05,"stop_loss_abs":0.15314,"stop_loss_ratio":-0.05,"min_rate":0.16015,"max_rate":0.16535,"is_open":false,"enter_tag":"","leverage":1.0,"is_short":false,"open_timestamp":1763067600000,"close_timestamp":1763074800000,"orders":[{"amount":2074.0,"safe_price":0.1612,"ft_order_side":"buy","order_filled_timestamp":1763067600000,"ft_is_entry":true,"ft_order_tag":"","cost":334.6631288},{"amount":2074.0,"safe_price":0.16382,"ft_order_side":"sell","order_filled_timestamp":1763074800000,"ft_is_entry":false,"ft_order_tag":"roi","cost":340.10244267999997}],"funding_fees":0.0,"weekday":3},{"pair":"DOGE/USDT","stake_amount":335.91219,"max_stake_amount":335.91219,"amount":2103.0,"open_date":"2025-11-14 14:00:00+00:00","close_date":"2025-11-14 16:00:00+00:00","open_rate":0.15973,"close_rate":0.16288,"fee_open":0.001,"fee_close":0.001,"trade_duration":120,"profit_ratio":0.01768337466077402,"profit_abs":5.94600117,"exit_reason":"roi","initial_stop_loss_abs":0.15175,"initial_stop_loss_ratio":-0.05,"stop_loss_abs":0.15175,"stop_loss_ratio":-0.05,"min_rate":0.15803,"max_rate":0.16477,"is_open":false,"enter_tag":"","leverage":1.0,"is_short":false,"open_timestamp":1763128800000,"close_timestamp":1763136000000,"orders":[{"amount":2103.0,"safe_price":0.15973,"ft_order_side":"buy","order_filled_timestamp":1763128800000,"ft_is_entry":true,"ft_order_tag":"","cost":336.24810219},{"amount":2103.0,"safe_price":0.16288,"ft_order_side":"sell","order_filled_timestamp":1763136000000,"ft_is_entry":false,"ft_order_tag":"roi","cost":342.8791766399999}],"funding_fees":0.0,"weekday":4},{"pair":"DOGE/USDT","stake_amount":337.84266,"max_stake_amount":337.84266,"amount":2126.0,"open_date":"2025-11-14 21:00:00+00:00","close_date":"2025-11-14 23:00:00+00:00","open_rate":0.15891,"close_rate":0.15933,"fee_open":0.001,"fee_close":0.001,"trade_duration":120,"profit_ratio":0.0006397227465756821,"profit_abs":0.21634176,"exit_reason":"roi","initial_stop_loss_abs":0.15097,"initial_stop_loss_ratio":-0.05,"stop_loss_abs":0.15097,"stop_loss_ratio":-0.05,"min_rate":0.15472,"max_rate":0.16111,"is_open":false,"enter_tag":"","leverage":1.0,"is_short":false,"open_timestamp":1763154000000,"close_timestamp":1763161200000,"orders":[{"amount":2126.0,"safe_price":0.15891,"ft_order_side":"buy","order_filled_timestamp":1763154000000,"ft_is_entry":true,"ft_order_tag":"","cost":338.18050265999995},{"amount":2126.0,"safe_price":0.15933,"ft_order_side":"sell","order_filled_timestamp":1763161200000,"ft_is_entry":false,"ft_order_tag":"roi","cost":339.07431557999996}],"funding_fees":0.0,"weekday":4},{"pair":"DOGE/USDT","stake_amount":337.8267,"max_stake_amount":337.8267,"amount":2097.0,"open_date":"2025-11-15 09:00:00+00:00","close_date":"2025-11-15 11:00:00+00:00","open_rate":0.1611,"close_rate":0.16195,"fee_open":0.001,"fee_close":0.001,"trade_duration":120,"profit_ratio":0.003267682038631759,"profit_abs":1.10501415,"exit_reason":"roi","initial_stop_loss_abs":0.15305,"initial_stop_loss_ratio":-0.05,"stop_loss_abs":0.15305,"stop_loss_ratio":-0.05,"min_rate":0.16082,"max_rate":0.16266,"is_open":false,"enter_tag":"","leverage":1.0,"is_short":false,"open_timestamp":1763197200000,"close_timestamp":1763204400000,"orders":[{"amount":2097.0,"safe_price":0.1611,"ft_order_side":"buy","order_filled_timestamp":1763197200000,"ft_is_entry":true,"ft_order_tag":"","cost":338.1645266999999},{"amount":2097.0,"safe_price":0.16195,"ft_order_side":"sell","order_filled_timestamp":1763204400000,"ft_is_entry":false,"ft_order_tag":"roi","cost":339.94875914999994}],"funding_fees":0.0,"weekday":5},{"pair":"DOGE/USDT","stake_amount":338.30272,"max_stake_amount":338.30272,"amount":2176.0,"open_date":"2025-11-16 18:00:00+00:00","close_date":"2025-11-16 20:00:00+00:00","open_rate":0.15547,"close_rate":0.15589,"fee_open":0.001,"fee_close":0.001,"trade_duration":120,"profit_ratio":0.0006980862451371231,"profit_abs":0.23640064,"exit_reason":"roi","initial_stop_loss_abs":0.1477,"initial_stop_loss_ratio":-0.05,"stop_loss_abs":0.1477,"stop_loss_ratio":-0.05,"min_rate":0.15422,"max_rate":0.15794,"is_open":false,"enter_tag":"","leverage":1.0,"is_short":false,"open_timestamp":1763316000000,"close_timestamp":1763323200000,"orders":[{"amount":2176.0,"safe_price":0.15547,"ft_order_side":"buy","order_filled_timestamp":1763316000000,"ft_is_entry":true,"ft_order_tag":"","cost":338.64102271999997},{"amount":2176.0,"safe_price":0.15589,"ft_order_side":"sell","order_filled_timestamp":1763323200000,"ft_is_entry":false,"ft_order_tag":"roi","cost":339.55585663999994}],"funding_fees":0.0,"weekday":6},{"pair":"DOGE/USDT","stake_amount":338.36907,"max_stake_amount":338.36907,"amount":2327.0,"open_date":"2025-11-21 03:00:00+00:00","close_date":"2025-11-21 05:00:00+00:00","open_rate":0.14541,"close_rate":0.14764,"fee_open":0.001,"fee_close":0.001,"trade_duration":120,"profit_ratio":0.013307303383639259,"profit_abs":4.50728265,"exit_reason":"roi","initial_stop_loss_abs":0.13814,"initial_stop_loss_ratio":-0.05,"stop_loss_abs":0.13814,"stop_loss_ratio":-0.05,"min_rate":0.145,"max_rate":0.14825,"is_open":false,"enter_tag":"","leverage":1.0,"is_short":false,"open_timestamp":1763694000000,"close_timestamp":1763701200000,"orders":[{"amount":2327.0,"safe_price":0.14541,"ft_order_side":"buy","order_filled_timestamp":1763694000000,"ft_is_entry":true,"ft_order_tag":"","cost":338.70743906999996},{"amount":2327.0,"safe_price":0.14764,"ft_order_side":"sell","order_filled_timestamp":1763701200000,"ft_is_entry":false,"ft_order_tag":"roi","cost":343.90183827999994}],"funding_fees":0.0,"weekday":4},{"pair":"DOGE/USDT","stake_amount":339.8148,"max_stake_amount":339.8148,"amount":2466.0,"open_date":"2025-11-21 11:00:00+00:00","close_date":"2025-11-21 13:00:00+00:00","open_rate":0.1378,"close_rate":0.13891,"fee_open":0.001,"fee_close":0.001,"trade_duration":120,"profit_ratio":0.006041056186194067,"profit_abs":2.05489314,"exit_reason":"roi","initial_stop_loss_abs":0.13091,"initial_stop_loss_ratio":-0.05,"stop_loss_abs":0.13091,"stop_loss_ratio":-0.05,"min_rate":0.13321,"max_rate":0.14094,"is_open":false,"enter_tag":"","leverage":1.0,"is_short":false,"open_timestamp":1763722800000,"close_timestamp":1763730000000,"orders":[{"amount":2466.0,"safe_price":0.1378,"ft_order_side":"buy","order_filled_timestamp":1763722800000,"ft_is_entry":true,"ft_order_tag":"","cost":340.15461479999993},{"amount":2466.0,"safe_price":0.13891,"ft_order_side":"sell","order_filled_timestamp":1763730000000,"ft_is_entry":false,"ft_order_tag":"roi","cost":342.89461206}],"funding_fees":0.0,"weekday":4},{"pair":"DOGE/USDT","stake_amount":340.46901,"max_stake_amount":340.46901,"amount":2493.0,"open_date":"2025-11-21 23:00:00+00:00","close_date":"2025-11-22 01:00:00+00:00","open_rate":0.13657,"close_rate":0.14012,"fee_open":0.001,"fee_close":0.001,"trade_duration":120,"profit_ratio":0.023944057699640912,"profit_abs":8.16036183,"exit_reason":"roi","initial_stop_loss_abs":0.12975,"initial_stop_loss_ratio":-0.05,"stop_loss_abs":0.12975,"stop_loss_ratio":-0.05,"min_rate":0.13574,"max_rate":0.14148,"is_open":false,"enter_tag":"","leverage":1.0,"is_short":false,"open_timestamp":1763766000000,"close_timestamp":1763773200000,"orders":[{"amount":2493.0,"safe_price":0.13657,"ft_order_side":"buy","order_filled_timestamp":1763766000000,"ft_is_entry":true,"ft_order_tag":"","cost":340.8094790099999},{"amount":2493.0,"safe_price":0.14012,"ft_order_side":"sell","order_filled_timestamp":1763773200000,"ft_is_entry":false,"ft_order_tag":"roi","cost":349.66847915999995}],"funding_fees":0.0,"weekday":5},{"pair":"DOGE/USDT","stake_amount":343.14816,"max_stake_amount":343.14816,"amount":2504.0,"open_date":"2025-11-22 06:00:00+00:00","close_date":"2025-11-22 08:00:00+00:00","open_rate":0.13704,"close_rate":0.13969,"fee_open":0.001,"fee_close":0.001,"trade_duration":120,"profit_ratio":0.017300781530203594,"profit_abs":5.94266808,"exit_reason":"roi","initial_stop_loss_abs":0.13019,"initial_stop_loss_ratio":-0.05,"stop_loss_abs":0.13019,"stop_loss_ratio":-0.05,"min_rate":0.13549,"max_rate":0.14016,"is_open":false,"enter_tag":"","leverage":1.0,"is_short":false,"open_timestamp":1763791200000,"close_timestamp":1763798400000,"orders":[{"amount":2504.0,"safe_price":0.13704,"ft_order_side":"buy","order_filled_timestamp":1763791200000,"ft_is_entry":true,"ft_order_tag":"","cost":343.4913081599999},{"amount":2504.0,"safe_price":0.13969,"ft_order_side":"sell","order_filled_timestamp":1763798400000,"ft_is_entry":false,"ft_order_tag":"roi","cost":350.13354376}],"funding_fees":0.0,"weekday":5},{"pair":"DOGE/USDT","stake_amount":345.2284,"max_stake_amount":345.2284,"amount":2531.0,"open_date":"2025-11-22 14:00:00+00:00","close_date":"2025-11-22 16:00:00+00:00","open_rate":0.1364,"close_rate":0.13816,"fee_open":0.001,"fee_close":0.001,"trade_duration":120,"profit_ratio":0.010879443137507654,"profit_abs":3.75964864,"exit_reason":"roi","initial_stop_loss_abs":0.12958,"initial_stop_loss_ratio":-0.05,"stop_loss_abs":0.12958,"stop_loss_ratio":-0.05,"min_rate":0.13632,"max_rate":0.13977,"is_open":false,"enter_tag":"","leverage":1.0,"is_short":false,"open_timestamp":1763820000000,"close_timestamp":1763827200000,"orders":[{"amount":2531.0,"safe_price":0.1364,"ft_order_side":"buy","order_filled_timestamp":1763820000000,"ft_is_entry":true,"ft_order_tag":"","cost":345.5736283999999},{"amount":2531.0,"safe_price":0.13816,"ft_order_side":"sell","order_filled_timestamp":1763827200000,"ft_is_entry":false,"ft_order_tag":"roi","cost":350.03264296}],"funding_fees":0.0,"weekday":5},{"pair":"DOGE/USDT","stake_amount":346.35425,"max_stake_amount":346.35425,"amount":2525.0,"open_date":"2025-12-01 04:00:00+00:00","close_date":"2025-12-01 06:00:00+00:00","open_rate":0.13717,"close_rate":0.1374446146146146,"fee_open":0.001,"fee_close":0.001,"trade_duration":120,"profit_ratio":0.0,"profit_abs":0.0,"exit_reason":"roi","initial_stop_loss_abs":0.13032,"initial_stop_loss_ratio":-0.05,"stop_loss_abs":0.13032,"stop_loss_ratio":-0.05,"min_rate":0.13667,"max_rate":0.13775,"is_open":false,"enter_tag":"","leverage":1.0,"is_short":false,"open_timestamp":1764561600000,"close_timestamp":1764568800000,"orders":[{"amount":2525.0,"safe_price":0.13717,"ft_order_side":"buy","order_filled_timestamp":1764561600000,"ft_is_entry":true,"ft_order_tag":"","cost":346.7006042499999},{"amount":2525.0,"safe_price":0.1374446146146146,"ft_order_side":"sell","order_filled_timestamp":1764568800000,"ft_is_entry":false,"ft_order_tag":"roi","cost":347.3946995538037}],"funding_fees":0.0,"weekday":0},{"pair":"DOGE/USDT","stake_amount":346.34964,"max_stake_amount":346.34964,"amount":2561.0,"open_date":"2025-12-01 14:00:00+00:00","close_date":"2025-12-01 22:00:00+00:00","open_rate":0.13524,"close_rate":0.13551075075075072,"fee_open":0.001,"fee_close":0.001,"trade_duration":480,"profit_ratio":0.0,"profit_abs":0.0,"exit_reason":"roi","initial_stop_loss_abs":0.12848,"initial_stop_loss_ratio":-0.05,"stop_loss_abs":0.12848,"stop_loss_ratio":-0.05,"min_rate":0.13177,"max_rate":0.13647,"is_open":false,"enter_tag":"","leverage":1.0,"is_short":false,"open_timestamp":1764597600000,"close_timestamp":1764626400000,"orders":[{"amount":2561.0,"safe_price":0.13524,"ft_order_side":"buy","order_filled_timestamp":1764597600000,"ft_is_entry":true,"ft_order_tag":"","cost":346.69598964},{"amount":2561.0,"safe_price":0.13551075075075072,"ft_order_side":"sell","order_filled_timestamp":1764626400000,"ft_is_entry":false,"ft_order_tag":"roi","cost":347.3900757053452}],"funding_fees":0.0,"weekday":0},{"pair":"DOGE/USDT","stake_amount":346.47412,"max_stake_amount":346.47412,"amount":2572.0,"open_date":"2025-12-02 09:00:00+00:00","close_date":"2025-12-02 11:00:00+00:00","open_rate":0.13471,"close_rate":0.1367,"fee_open":0.001,"fee_close":0.001,"trade_duration":120,"profit_ratio":0.012744956772868583,"profit_abs":4.42021348,"exit_reason":"roi","initial_stop_loss_abs":0.12798,"initial_stop_loss_ratio":-0.05,"stop_loss_abs":0.12798,"stop_loss_ratio":-0.05,"min_rate":0.13466,"max_rate":0.1373,"is_open":false,"enter_tag":"","leverage":1.0,"is_short":false,"open_timestamp":1764666000000,"close_timestamp":1764673200000,"orders":[{"amount":2572.0,"safe_price":0.13471,"ft_order_side":"buy","order_filled_timestamp":1764666000000,"ft_is_entry":true,"ft_order_tag":"","cost":346.82059411999995},{"amount":2572.0,"safe_price":0.1367,"ft_order_side":"sell","order_filled_timestamp":1764673200000,"ft_is_entry":false,"ft_order_tag":"roi","cost":351.94399239999996}],"funding_fees":0.0,"weekday":1},{"pair":"DOGE/USDT","stake_amount":347.85944,"max_stake_amount":347.85944,"amount":2329.0,"open_date":"2025-12-03 14:00:00+00:00","close_date":"2025-12-03 16:00:00+00:00","open_rate":0.14936,"close_rate":0.149659019019019,"fee_open":0.001,"fee_close":0.001,"trade_duration":120,"profit_ratio":0.0,"profit_abs":0.0,"exit_reason":"roi","initial_stop_loss_abs":0.1419,"initial_stop_loss_ratio":-0.05,"stop_loss_abs":0.1419,"stop_loss_ratio":-0.05,"min_rate":0.14651,"max_rate":0.15093,"is_open":false,"enter_tag":"","leverage":1.0,"is_short":false,"open_timestamp":1764770400000,"close_timestamp":1764777600000,"orders":[{"amount":2329.0,"safe_price":0.14936,"ft_order_side":"buy","order_filled_timestamp":1764770400000,"ft_is_entry":true,"ft_order_tag":"","cost":348.20729944},{"amount":2329.0,"safe_price":0.149659019019019,"ft_order_side":"sell","order_filled_timestamp":1764777600000,"ft_is_entry":false,"ft_order_tag":"roi","cost":348.90441115059053}],"funding_fees":0.0,"weekday":2},{"pair":"DOGE/USDT","stake_amount":347.91421,"max_stake_amount":347.91421,"amount":2303.0,"open_date":"2025-12-04 04:00:00+00:00","close_date":"2025-12-05 13:00:00+00:00","open_rate":0.15107,"close_rate":0.14352,"fee_open":0.001,"fee_close":0.001,"trade_duration":1980,"profit_ratio":-0.05187498012016446,"profit_abs":-18.06609077,"exit_reason":"stop_loss","initial_stop_loss_abs":0.14352,"initial_stop_loss_ratio":-0.05,"stop_loss_abs":0.14352,"stop_loss_ratio":-0.05,"min_rate":0.14295,"max_rate":0.15163,"is_open":false,"enter_tag":"","leverage":1.0,"is_short":false,"open_timestamp":1764820800000,"close_timestamp":1764939600000,"orders":[{"amount":2303.0,"safe_price":0.15107,"ft_order_side":"buy","order_filled_timestamp":1764820800000,"ft_is_entry":true,"ft_order_tag":"","cost":348.26212420999997},{"amount":2303.0,"safe_price":0.14352,"ft_order_side":"sell","order_filled_timestamp":1764939600000,"ft_is_entry":false,"ft_order_tag":"stop_loss","cost":330.85708655999997}],"funding_fees":0.0,"weekday":4},{"pair":"DOGE/USDT","stake_amount":341.96146,"max_stake_amount":341.96146,"amount":2389.0,"open_date":"2025-12-05 14:00:00+00:00","close_date":"2025-12-07 14:00:00+00:00","open_rate":0.14314,"close_rate":0.13599,"fee_open":0.001,"fee_close":0.001,"trade_duration":2880,"profit_ratio":-0.05184929643501671,"profit_abs":-17.74819157,"exit_reason":"stop_loss","initial_stop_loss_abs":0.13599,"initial_stop_loss_ratio":-0.05,"stop_loss_abs":0.13599,"stop_loss_ratio":-0.05,"min_rate":0.13486,"max_rate":0.14466,"is_open":false,"enter_tag":"","leverage":1.0,"is_short":false,"open_timestamp":1764943200000,"close_timestamp":1765116000000,"orders":[{"amount":2389.0,"safe_price":0.14314,"ft_order_side":"buy","order_filled_timestamp":1764943200000,"ft_is_entry":true,"ft_order_tag":"","cost":342.3034214599999},{"amount":2389.0,"safe_price":0.13599,"ft_order_side":"sell","order_filled_timestamp":1765116000000,"ft_is_entry":false,"ft_order_tag":"stop_loss","cost":325.20499011}],"funding_fees":0.0,"weekday":6},{"pair":"DOGE/USDT","stake_amount":336.01716,"max_stake_amount":336.01716,"amount":2271.0,"open_date":"2025-12-10 00:00:00+00:00","close_date":"2025-12-10 18:00:00+00:00","open_rate":0.14796,"close_rate":0.1482562162162162,"fee_open":0.001,"fee_close":0.001,"trade_duration":1080,"profit_ratio":0.0,"profit_abs":0.0,"exit_reason":"roi","initial_stop_loss_abs":0.14057,"initial_stop_loss_ratio":-0.05,"stop_loss_abs":0.14057,"stop_loss_ratio":-0.05,"min_rate":0.14456,"max_rate":0.14856,"is_open":false,"enter_tag":"","leverage":1.0,"is_short":false,"open_timestamp":1765324800000,"close_timestamp":1765389600000,"orders":[{"amount":2271.0,"safe_price":0.14796,"ft_order_side":"buy","order_filled_timestamp":1765324800000,"ft_is_entry":true,"ft_order_tag":"","cost":336.35317716000003},{"amount":2271.0,"safe_price":0.1482562162162162,"ft_order_side":"sell","order_filled_timestamp":1765389600000,"ft_is_entry":false,"ft_order_tag":"roi","cost":337.02655689405395}],"funding_fees":0.0,"weekday":2},{"pair":"DOGE/USDT","stake_amount":336.07803,"max_stake_amount":336.07803,"amount":2479.0,"open_date":"2025-12-14 15:00:00+00:00","close_date":"2025-12-15 01:00:00+00:00","open_rate":0.13557,"close_rate":0.13584141141141137,"fee_open":0.001,"fee_close":0.001,"trade_duration":600,"profit_ratio":0.0,"profit_abs":0.0,"exit_reason":"roi","initial_stop_loss_abs":0.1288,"initial_stop_loss_ratio":-0.05,"stop_loss_abs":0.1288,"stop_loss_ratio":-0.05,"min_rate":0.13261,"max_rate":0.13683,"is_open":false,"enter_tag":"","leverage":1.0,"is_short":false,"open_timestamp":1765724400000,"close_timestamp":1765760400000,"orders":[{"amount":2479.0,"safe_price":0.13557,"ft_order_side":"buy","order_filled_timestamp":1765724400000,"ft_is_entry":true,"ft_order_tag":"","cost":336.41410802999997},{"amount":2479.0,"safe_price":0.13584141141141137,"ft_order_side":"sell","order_filled_timestamp":1765760400000,"ft_is_entry":false,"ft_order_tag":"roi","cost":337.08760974777766}],"funding_fees":0.0,"weekday":0},{"pair":"DOGE/USDT","stake_amount":336.07872,"max_stake_amount":336.07872,"amount":2592.0,"open_date":"2025-12-15 17:00:00+00:00","close_date":"2025-12-16 00:00:00+00:00","open_rate":0.12966,"close_rate":0.12991957957957956,"fee_open":0.001,"fee_close":0.001,"trade_duration":420,"profit_ratio":0.0,"profit_abs":0.0,"exit_reason":"roi","initial_stop_loss_abs":0.12318,"initial_stop_loss_ratio":-0.05,"stop_loss_abs":0.12318,"stop_loss_ratio":-0.05,"min_rate":0.12661,"max_rate":0.13014,"is_open":false,"enter_tag":"","leverage":1.0,"is_short":false,"open_timestamp":1765818000000,"close_timestamp":1765843200000,"orders":[{"amount":2592.0,"safe_price":0.12966,"ft_order_side":"buy","order_filled_timestamp":1765818000000,"ft_is_entry":true,"ft_order_tag":"","cost":336.41479871999996},{"amount":2592.0,"safe_price":0.12991957957957956,"ft_order_side":"sell","order_filled_timestamp":1765843200000,"ft_is_entry":false,"ft_order_tag":"roi","cost":337.08830182054044}],"funding_fees":0.0,"weekday":1},{"pair":"DOGE/USDT","stake_amount":336.03784,"max_stake_amount":336.03784,"amount":2564.0,"open_date":"2025-12-20 02:00:00+00:00","close_date":"2025-12-20 04:00:00+00:00","open_rate":0.13106,"close_rate":0.13148,"fee_open":0.001,"fee_close":0.001,"trade_duration":120,"profit_ratio":0.0012002342232771044,"profit_abs":0.40372744,"exit_reason":"roi","initial_stop_loss_abs":0.12451,"initial_stop_loss_ratio":-0.05,"stop_loss_abs":0.12451,"stop_loss_ratio":-0.05,"min_rate":0.13069,"max_rate":0.13182,"is_open":false,"enter_tag":"","leverage":1.0,"is_short":false,"open_timestamp":1766196000000,"close_timestamp":1766203200000,"orders":[{"amount":2564.0,"safe_price":0.13106,"ft_order_side":"buy","order_filled_timestamp":1766196000000,"ft_is_entry":true,"ft_order_tag":"","cost":336.37387784},{"amount":2564.0,"safe_price":0.13148,"ft_order_side":"sell","order_filled_timestamp":1766203200000,"ft_is_entry":false,"ft_order_tag":"roi","cost":337.45183472}],"funding_fees":0.0,"weekday":5},{"pair":"DOGE/USDT","stake_amount":336.13216,"max_stake_amount":336.13216,"amount":2548.0,"open_date":"2025-12-22 20:00:00+00:00","close_date":"2025-12-22 22:00:00+00:00","open_rate":0.13192,"close_rate":0.13218410410410408,"fee_open":0.001,"fee_close":0.001,"trade_duration":120,"profit_ratio":0.0,"profit_abs":0.0,"exit_reason":"roi","initial_stop_loss_abs":0.12533,"initial_stop_loss_ratio":-0.05,"stop_loss_abs":0.12533,"stop_loss_ratio":-0.05,"min_rate":0.13089,"max_rate":0.13269,"is_open":false,"enter_tag":"","leverage":1.0,"is_short":false,"open_timestamp":1766433600000,"close_timestamp":1766440800000,"orders":[{"amount":2548.0,"safe_price":0.13192,"ft_order_side":"buy","order_filled_timestamp":1766433600000,"ft_is_entry":true,"ft_order_tag":"","cost":336.46829216},{"amount":2548.0,"safe_price":0.13218410410410408,"ft_order_side":"sell","order_filled_timestamp":1766440800000,"ft_is_entry":false,"ft_order_tag":"roi","cost":337.14190235451446}],"funding_fees":0.0,"weekday":0},{"pair":"DOGE/USDT","stake_amount":336.24045,"max_stake_amount":336.24045,"amount":2691.0,"open_date":"2025-12-29 10:00:00+00:00","close_date":"2025-12-30 10:00:00+00:00","open_rate":0.12495,"close_rate":0.12520015015015015,"fee_open":0.001,"fee_close":0.001,"trade_duration":1440,"profit_ratio":0.0,"profit_abs":0.0,"exit_reason":"roi","initial_stop_loss_abs":0.11871,"initial_stop_loss_ratio":-0.05,"stop_loss_abs":0.11871,"stop_loss_ratio":-0.05,"min_rate":0.12228,"max_rate":0.1258,"is_open":false,"enter_tag":"","leverage":1.0,"is_short":false,"open_timestamp":1767002400000,"close_timestamp":1767088800000,"orders":[{"amount":2691.0,"safe_price":0.12495,"ft_order_side":"buy","order_filled_timestamp":1767002400000,"ft_is_entry":true,"ft_order_tag":"","cost":336.57669045},{"amount":2691.0,"safe_price":0.12520015015015015,"ft_order_side":"sell","order_filled_timestamp":1767088800000,"ft_is_entry":false,"ft_order_tag":"roi","cost":337.2505176581081}],"funding_fees":0.0,"weekday":1},{"pair":"DOGE/USDT","stake_amount":336.16401,"max_stake_amount":336.16401,"amount":2401.0,"open_date":"2026-01-03 08:00:00+00:00","close_date":"2026-01-03 10:00:00+00:00","open_rate":0.14001,"close_rate":0.14262,"fee_open":0.001,"fee_close":0.001,"trade_duration":120,"profit_ratio":0.016606277801906683,"profit_abs":5.58801537,"exit_reason":"roi","initial_stop_loss_abs":0.13301,"initial_stop_loss_ratio":-0.05,"stop_loss_abs":0.13301,"stop_loss_ratio":-0.05,"min_rate":0.13938,"max_rate":0.14329,"is_open":false,"enter_tag":"","leverage":1.0,"is_short":false,"open_timestamp":1767427200000,"close_timestamp":1767434400000,"orders":[{"amount":2401.0,"safe_price":0.14001,"ft_order_side":"buy","order_filled_timestamp":1767427200000,"ft_is_entry":true,"ft_order_tag":"","cost":336.5001740099999},{"amount":2401.0,"safe_price":0.14262,"ft_order_side":"sell","order_filled_timestamp":1767434400000,"ft_is_entry":false,"ft_order_tag":"roi","cost":342.77305061999994}],"funding_fees":0.0,"weekday":5},{"pair":"DOGE/USDT","stake_amount":338.0328,"max_stake_amount":338.0328,"amount":2394.0,"open_date":"2026-01-03 17:00:00+00:00","close_date":"2026-01-03 19:00:00+00:00","open_rate":0.1412,"close_rate":0.14182,"fee_open":0.001,"fee_close":0.001,"trade_duration":120,"profit_ratio":0.002384159749598843,"profit_abs":0.80673012,"exit_reason":"roi","initial_stop_loss_abs":0.13414,"initial_stop_loss_ratio":-0.05,"stop_loss_abs":0.13414,"stop_loss_ratio":-0.05,"min_rate":0.14074,"max_rate":0.14244,"is_open":false,"enter_tag":"","leverage":1.0,"is_short":false,"open_timestamp":1767459600000,"close_timestamp":1767466800000,"orders":[{"amount":2394.0,"safe_price":0.1412,"ft_order_side":"buy","order_filled_timestamp":1767459600000,"ft_is_entry":true,"ft_order_tag":"","cost":338.37083279999996},{"amount":2394.0,"safe_price":0.14182,"ft_order_side":"sell","order_filled_timestamp":1767466800000,"ft_is_entry":false,"ft_order_tag":"roi","cost":339.85659708}],"funding_fees":0.0,"weekday":5},{"pair":"DOGE/USDT","stake_amount":338.33373,"max_stake_amount":338.33373,"amount":2303.0,"open_date":"2026-01-05 10:00:00+00:00","close_date":"2026-01-05 12:00:00+00:00","open_rate":0.14691,"close_rate":0.14778,"fee_open":0.001,"fee_close":0.001,"trade_duration":120,"profit_ratio":0.003912158905011672,"profit_abs":1.32493893,"exit_reason":"roi","initial_stop_loss_abs":0.13957,"initial_stop_loss_ratio":-0.05,"stop_loss_abs":0.13957,"stop_loss_ratio":-0.05,"min_rate":0.14581,"max_rate":0.14827,"is_open":false,"enter_tag":"","leverage":1.0,"is_short":false,"open_timestamp":1767607200000,"close_timestamp":1767614400000,"orders":[{"amount":2303.0,"safe_price":0.14691,"ft_order_side":"buy","order_filled_timestamp":1767607200000,"ft_is_entry":true,"ft_order_tag":"","cost":338.67206373},{"amount":2303.0,"safe_price":0.14778,"ft_order_side":"sell","order_filled_timestamp":1767614400000,"ft_is_entry":false,"ft_order_tag":"roi","cost":340.67767733999995}],"funding_fees":0.0,"weekday":0}],"locks":[],"best_pair":{"key":"DOGE/USDT","trades":68,"profit_mean":0.0012207425981265194,"profit_mean_pct":0.12,"profit_total_abs":26.66702968,"profit_total":0.02666702968,"profit_total_pct":2.67,"duration_avg":"5:24:00","wins":33,"draws":30,"losses":5,"winrate":0.4852941176470588,"cagr":0.10409983857630745,"expectancy":0.3921622011764705,"expectancy_ratio":-0.4187331454271297,"sortino":13.913597567278655,"sharpe":0.9183026062092229,"calmar":15.462551022891452,"sqn":0.5612,"profit_factor":1.3052292221910362,"max_drawdown_account":0.033967860756357236,"max_drawdown_abs":35.814282340000005},"worst_pair":{"key":"DOGE/USDT","trades":68,"profit_mean":0.0012207425981265194,"profit_mean_pct":0.12,"profit_total_abs":26.66702968,"profit_total":0.02666702968,"profit_total_pct":2.67,"duration_avg":"5:24:00","wins":33,"draws":30,"losses":5,"winrate":0.4852941176470588,"cagr":0.10409983857630745,"expectancy":0.3921622011764705,"expectancy_ratio":-0.4187331454271297,"sortino":13.913597567278655,"sharpe":0.9183026062092229,"calmar":15.462551022891452,"sqn":0.5612,"profit_factor":1.3052292221910362,"max_drawdown_account":0.033967860756357236,"max_drawdown_abs":35.814282340000005},"results_per_pair":[{"key":"DOGE/USDT","trades":68,"profit_mean":0.0012207425981265194,"profit_mean_pct":0.12,"profit_total_abs":26.66702968,"profit_total":0.02666702968,"profit_total_pct":2.67,"duration_avg":"5:24:00","wins":33,"draws":30,"losses":5,"winrate":0.4852941176470588,"cagr":0.10409983857630745,"expectancy":0.3921622011764705,"expectancy_ratio":-0.4187331454271297,"sortino":13.913597567278655,"sharpe":0.9183026062092229,"calmar":15.462551022891452,"sqn":0.5612,"profit_factor":1.3052292221910362,"max_drawdown_account":0.033967860756357236,"max_drawdown_abs":35.814282340000005},{"key":"TOTAL","trades":68,"profit_mean":0.0012207425981265194,"profit_mean_pct":0.12,"profit_total_abs":26.66702968,"profit_total":0.02666702968,"profit_total_pct":2.67,"duration_avg":"5:24:00","wins":33,"draws":30,"losses":5,"winrate":0.4852941176470588,"cagr":0.10409983857630745,"expectancy":0.3921622011764705,"expectancy_ratio":-0.4187331454271297,"sortino":13.913597567278655,"sharpe":0.9183026062092229,"calmar":15.462551022891452,"sqn":0.5612,"profit_factor":1.3052292221910362,"max_drawdown_account":0.033967860756357236,"max_drawdown_abs":35.814282340000005}],"results_per_enter_tag":[{"key":"","trades":68,"profit_mean":0.0012207425981265194,"profit_mean_pct":0.12,"profit_total_abs":26.66702968,"profit_total":0.02666702968,"profit_total_pct":2.67,"duration_avg":"5:24:00","wins":33,"draws":30,"losses":5,"winrate":0.4852941176470588,"cagr":0.10409983857630745,"expectancy":0.3921622011764705,"expectancy_ratio":-0.4187331454271297,"sortino":13.913597567278655,"sharpe":0.9183026062092229,"calmar":15.462551022891452,"sqn":0.5612,"profit_factor":1.3052292221910362,"max_drawdown_account":0.033967860756357236,"max_drawdown_abs":35.814282340000005},{"key":"TOTAL","trades":68,"profit_mean":0.0012207425981265194,"profit_mean_pct":0.12,"profit_total_abs":26.66702968,"profit_total":0.02666702968,"profit_total_pct":2.67,"duration_avg":"5:24:00","wins":33,"draws":30,"losses":5,"winrate":0.4852941176470588,"cagr":0.10409983857630745,"expectancy":0.3921622011764705,"expectancy_ratio":-0.4187331454271297,"sortino":13.913597567278655,"sharpe":0.9183026062092229,"calmar":15.462551022891452,"sqn":0.5612,"profit_factor":1.3052292221910362,"max_drawdown_account":0.033967860756357236,"max_drawdown_abs":35.814282340000005}],"exit_reason_summary":[{"key":"roi","trades":63,"profit_mean":0.005434408408712344,"profit_mean_pct":0.54,"profit_total_abs":114.03425320000001,"profit_total":0.1140342532,"profit_total_pct":11.4,"duration_avg":"4:14:00","wins":33,"draws":30,"losses":0,"winrate":0.5238095238095238,"cagr":0.5013221904293028,"expectancy":1.8100675111111113,"expectancy_ratio":100.0,"sortino":-100,"sharpe":7.962587326563846,"calmar":-100,"sqn":5.0528,"profit_factor":0.0,"max_drawdown_account":0.0,"max_drawdown_abs":0.0},{"key":"stop_loss","trades":5,"profit_mean":-0.051871446615254904,"profit_mean_pct":-5.19,"profit_total_abs":-87.36722352000001,"profit_total":-0.08736722352000001,"profit_total_pct":-8.74,"duration_avg":"20:00:00","wins":0,"draws":0,"losses":5,"winrate":0.0,"cagr":-0.29107778780303195,"expectancy":-17.473444704000002,"expectancy_ratio":-1.0,"sortino":-45.584094037268954,"sharpe":-45.584094037268954,"calmar":-19.69584863354927,"sqn":-92.576,"profit_factor":0.0,"max_drawdown_account":0.08736722352000004,"max_drawdown_abs":87.36722352000001},{"key":"TOTAL","trades":68,"profit_mean":0.0012207425981265194,"profit_mean_pct":0.12,"profit_total_abs":26.66702968,"profit_total":0.02666702968,"profit_total_pct":2.67,"duration_avg":"5:24:00","wins":33,"draws":30,"losses":5,"winrate":0.4852941176470588,"cagr":0.10409983857630745,"expectancy":0.3921622011764705,"expectancy_ratio":-0.4187331454271297,"sortino":13.913597567278655,"sharpe":0.9183026062092229,"calmar":15.462551022891452,"sqn":0.5612,"profit_factor":1.3052292221910362,"max_drawdown_account":0.033967860756357236,"max_drawdown_abs":35.814282340000005}],"mix_tag_stats":[{"key":["","roi"],"trades":63,"profit_mean":0.005434408408712344,"profit_mean_pct":0.54,"profit_total_abs":114.03425320000001,"profit_total":0.1140342532,"profit_total_pct":11.4,"duration_avg":"4:14:00","wins":33,"draws":30,"losses":0,"winrate":0.5238095238095238,"cagr":0.5013221904293028,"expectancy":1.8100675111111113,"expectancy_ratio":100.0,"sortino":-100,"sharpe":7.962587326563846,"calmar":-100,"sqn":5.0528,"profit_factor":0.0,"max_drawdown_account":0.0,"max_drawdown_abs":0.0},{"key":["","stop_loss"],"trades":5,"profit_mean":-0.051871446615254904,"profit_mean_pct":-5.19,"profit_total_abs":-87.36722352000001,"profit_total":-0.08736722352000001,"profit_total_pct":-8.74,"duration_avg":"20:00:00","wins":0,"draws":0,"losses":5,"winrate":0.0,"cagr":-0.29107778780303195,"expectancy":-17.473444704000002,"expectancy_ratio":-1.0,"sortino":-45.584094037268954,"sharpe":-45.584094037268954,"calmar":-19.69584863354927,"sqn":-92.576,"profit_factor":0.0,"max_drawdown_account":0.08736722352000004,"max_drawdown_abs":87.36722352000001},{"key":"TOTAL","trades":68,"profit_mean":0.0012207425981265194,"profit_mean_pct":0.12,"profit_total_abs":26.66702968,"profit_total":0.02666702968,"profit_total_pct":2.67,"duration_avg":"5:24:00","wins":33,"draws":30,"losses":5,"winrate":0.4852941176470588,"cagr":0.10409983857630745,"expectancy":0.3921622011764705,"expectancy_ratio":-0.4187331454271297,"sortino":13.913597567278655,"sharpe":0.9183026062092229,"calmar":15.462551022891452,"sqn":0.5612,"profit_factor":1.3052292221910362,"max_drawdown_account":0.033967860756357236,"max_drawdown_abs":35.814282340000005}],"left_open_trades":[{"key":"TOTAL","trades":0,"profit_mean":0.0,"profit_mean_pct":0.0,"profit_total_abs":0.0,"profit_total":0.0,"profit_total_pct":0.0,"duration_avg":"0:00","wins":0,"draws":0,"losses":0,"winrate":0.0,"cagr":0.0,"expectancy":0.0,"expectancy_ratio":100.0,"sortino":0,"sharpe":0,"calmar":0,"sqn":0.0,"profit_factor":0.0,"max_drawdown_account":0.0,"max_drawdown_abs":0.0}],"total_trades":68,"trade_count_long":68,"trade_count_short":0,"total_volume":45478.72164639607,"avg_stake_amount":333.53814735294117,"profit_mean":0.0012207425981265194,"profit_median":0.0,"profit_total":0.02666702968,"profit_total_long":0.02666702968,"profit_total_short":0.0,"profit_total_abs":26.66702968,"profit_total_long_abs":26.66702968,"profit_total_short_abs":0.0,"cagr":0.10409983857630745,"expectancy":0.3921622011764705,"expectancy_ratio":-0.4187331454271297,"sortino":13.913597567278655,"sharpe":0.9183026062092229,"calmar":15.462551022891452,"sqn":0.5612,"profit_factor":1.3052292221910362,"backtest_start":"2025-10-01 00:00:00","backtest_start_ts":1759276800000,"backtest_end":"2026-01-06 20:00:00","backtest_end_ts":1767729600000,"backtest_days":97,"backtest_run_start_ts":1767747845,"backtest_run_end_ts":1767747846,"trades_per_day":0.7,"market_change":-0.36632086436227446,"pairlist":["DOGE/USDT"],"stake_amount":"unlimited","stake_currency":"USDT","stake_currency_decimals":3,"starting_balance":1000,"dry_run_wallet":1000,"final_balance":1026.66702968,"rejected_signals":0,"timedout_entry_orders":0,"timedout_exit_orders":0,"canceled_trade_entries":0,"canceled_entry_orders":0,"replaced_entry_orders":0,"max_open_trades":1,"max_open_trades_setting":3,"timeframe":"1h","timeframe_detail":"","timerange":"20251001-","enable_protections":false,"strategy_name":"ACO_69_1","freqaimodel":null,"freqai_identifier":null,"stoploss":-0.05,"trailing_stop":false,"trailing_stop_positive":null,"trailing_stop_positive_offset":0.0,"trailing_only_offset_is_reached":false,"use_custom_stoploss":false,"minimal_roi":{"0":0.1,"60":0.05,"120":0.0},"use_exit_signal":true,"exit_profit_only":false,"exit_profit_offset":0.0,"ignore_roi_if_entry_signal":false,"trading_mode":"spot","margin_mode":"","periodic_breakdown":{"day":[{"date":"02/10/2025","date_ts":1759363200000,"profit_abs":4.93265061,"wins":1,"draws":0,"losses":0,"trades":1,"profit_factor":0.0},{"date":"03/10/2025","date_ts":1759449600000,"profit_abs":2.52257527,"wins":1,"draws":1,"losses":0,"trades":2,"profit_factor":0.0},{"date":"04/10/2025","date_ts":1759536000000,"profit_abs":0.0,"wins":0,"draws":0,"losses":0,"trades":0,"profit_factor":0.0},{"date":"05/10/2025","date_ts":1759622400000,"profit_abs":0.0,"wins":0,"draws":0,"losses":0,"trades":0,"profit_factor":0.0},{"date":"06/10/2025","date_ts":1759708800000,"profit_abs":0.0,"wins":0,"draws":1,"losses":0,"trades":1,"profit_factor":0.0},{"date":"07/10/2025","date_ts":1759795200000,"profit_abs":0.0,"wins":0,"draws":2,"losses":0,"trades":2,"profit_factor":0.0},{"date":"08/10/2025","date_ts":1759881600000,"profit_abs":0.0,"wins":0,"draws":1,"losses":0,"trades":1,"profit_factor":0.0},{"date":"09/10/2025","date_ts":1759968000000,"profit_abs":-13.7209045,"wins":1,"draws":0,"losses":1,"trades":2,"profit_factor":0.20514169},{"date":"10/10/2025","date_ts":1760054400000,"profit_abs":-17.03156361,"wins":0,"draws":0,"losses":1,"trades":1,"profit_factor":0.0},{"date":"11/10/2025","date_ts":1760140800000,"profit_abs":0.0,"wins":0,"draws":1,"losses":0,"trades":1,"profit_factor":0.0},{"date":"12/10/2025","date_ts":1760227200000,"profit_abs":16.112504,"wins":1,"draws":0,"losses":0,"trades":1,"profit_factor":0.0},{"date":"13/10/2025","date_ts":1760313600000,"profit_abs":0.0,"wins":0,"draws":0,"losses":0,"trades":0,"profit_factor":0.0},{"date":"14/10/2025","date_ts":1760400000000,"profit_abs":2.17227025,"wins":1,"draws":1,"losses":0,"trades":2,"profit_factor":0.0},{"date":"15/10/2025","date_ts":1760486400000,"profit_abs":1.80491866,"wins":1,"draws":0,"losses":0,"trades":1,"profit_factor":0.0},{"date":"16/10/2025","date_ts":1760572800000,"profit_abs":2.55072216,"wins":1,"draws":1,"losses":0,"trades":2,"profit_factor":0.0},{"date":"17/10/2025","date_ts":1760659200000,"profit_abs":0.0,"wins":0,"draws":2,"losses":0,"trades":2,"profit_factor":0.0},{"date":"18/10/2025","date_ts":1760745600000,"profit_abs":0.0,"wins":0,"draws":0,"losses":0,"trades":0,"profit_factor":0.0},{"date":"19/10/2025","date_ts":1760832000000,"profit_abs":0.0,"wins":0,"draws":0,"losses":0,"trades":0,"profit_factor":0.0},{"date":"20/10/2025","date_ts":1760918400000,"profit_abs":0.0,"wins":0,"draws":2,"losses":0,"trades":2,"profit_factor":0.0},{"date":"21/10/2025","date_ts":1761004800000,"profit_abs":0.0,"wins":0,"draws":0,"losses":0,"trades":0,"profit_factor":0.0},{"date":"22/10/2025","date_ts":1761091200000,"profit_abs":0.0,"wins":0,"draws":1,"losses":0,"trades":1,"profit_factor":0.0},{"date":"23/10/2025","date_ts":1761177600000,"profit_abs":0.0,"wins":0,"draws":0,"losses":0,"trades":0,"profit_factor":0.0},{"date":"24/10/2025","date_ts":1761264000000,"profit_abs":0.0,"wins":0,"draws":0,"losses":0,"trades":0,"profit_factor":0.0},{"date":"25/10/2025","date_ts":1761350400000,"profit_abs":0.0,"wins":0,"draws":0,"losses":0,"trades":0,"profit_factor":0.0},{"date":"26/10/2025","date_ts":1761436800000,"profit_abs":0.0,"wins":0,"draws":1,"losses":0,"trades":1,"profit_factor":0.0},{"date":"27/10/2025","date_ts":1761523200000,"profit_abs":0.0,"wins":0,"draws":1,"losses":0,"trades":1,"profit_factor":0.0},{"date":"28/10/2025","date_ts":1761609600000,"profit_abs":2.57821074,"wins":1,"draws":0,"losses":0,"trades":1,"profit_factor":0.0},{"date":"29/10/2025","date_ts":1761696000000,"profit_abs":0.0,"wins":0,"draws":2,"losses":0,"trades":2,"profit_factor":0.0},{"date":"30/10/2025","date_ts":1761782400000,"profit_abs":-10.54563749,"wins":2,"draws":0,"losses":1,"trades":3,"profit_factor":0.38898817},{"date":"31/10/2025","date_ts":1761868800000,"profit_abs":0.0,"wins":0,"draws":0,"losses":0,"trades":0,"profit_factor":0.0},{"date":"01/11/2025","date_ts":1761955200000,"profit_abs":0.0,"wins":0,"draws":0,"losses":0,"trades":0,"profit_factor":0.0},{"date":"02/11/2025","date_ts":1762041600000,"profit_abs":0.0,"wins":0,"draws":0,"losses":0,"trades":0,"profit_factor":0.0},{"date":"03/11/2025","date_ts":1762128000000,"profit_abs":4.17425682,"wins":2,"draws":0,"losses":0,"trades":2,"profit_factor":0.0},{"date":"04/11/2025","date_ts":1762214400000,"profit_abs":1.2170791,"wins":1,"draws":1,"losses":0,"trades":2,"profit_factor":0.0},{"date":"05/11/2025","date_ts":1762300800000,"profit_abs":5.06045799,"wins":1,"draws":0,"losses":0,"trades":1,"profit_factor":0.0},{"date":"06/11/2025","date_ts":1762387200000,"profit_abs":1.8287985,"wins":1,"draws":1,"losses":0,"trades":2,"profit_factor":0.0},{"date":"07/11/2025","date_ts":1762473600000,"profit_abs":0.0,"wins":0,"draws":0,"losses":0,"trades":0,"profit_factor":0.0},{"date":"08/11/2025","date_ts":1762560000000,"profit_abs":6.4175396,"wins":1,"draws":1,"losses":0,"trades":2,"profit_factor":0.0},{"date":"09/11/2025","date_ts":1762646400000,"profit_abs":0.0,"wins":0,"draws":0,"losses":0,"trades":0,"profit_factor":0.0},{"date":"10/11/2025","date_ts":1762732800000,"profit_abs":0.0,"wins":0,"draws":1,"losses":0,"trades":1,"profit_factor":0.0},{"date":"11/11/2025","date_ts":1762819200000,"profit_abs":0.0,"wins":0,"draws":0,"losses":0,"trades":0,"profit_factor":0.0},{"date":"12/11/2025","date_ts":1762905600000,"profit_abs":3.175408,"wins":2,"draws":1,"losses":0,"trades":3,"profit_factor":0.0},{"date":"13/11/2025","date_ts":1762992000000,"profit_abs":4.75978852,"wins":1,"draws":0,"losses":0,"trades":1,"profit_factor":0.0},{"date":"14/11/2025","date_ts":1763078400000,"profit_abs":6.16234293,"wins":2,"draws":0,"losses":0,"trades":2,"profit_factor":0.0},{"date":"15/11/2025","date_ts":1763164800000,"profit_abs":1.10501415,"wins":1,"draws":0,"losses":0,"trades":1,"profit_factor":0.0},{"date":"16/11/2025","date_ts":1763251200000,"profit_abs":0.23640064,"wins":1,"draws":0,"losses":0,"trades":1,"profit_factor":0.0},{"date":"17/11/2025","date_ts":1763337600000,"profit_abs":0.0,"wins":0,"draws":0,"losses":0,"trades":0,"profit_factor":0.0},{"date":"18/11/2025","date_ts":1763424000000,"profit_abs":0.0,"wins":0,"draws":0,"losses":0,"trades":0,"profit_factor":0.0},{"date":"19/11/2025","date_ts":1763510400000,"profit_abs":0.0,"wins":0,"draws":0,"losses":0,"trades":0,"profit_factor":0.0},{"date":"20/11/2025","date_ts":1763596800000,"profit_abs":0.0,"wins":0,"draws":0,"losses":0,"trades":0,"profit_factor":0.0},{"date":"21/11/2025","date_ts":1763683200000,"profit_abs":6.56217579,"wins":2,"draws":0,"losses":0,"trades":2,"profit_factor":0.0},{"date":"22/11/2025","date_ts":1763769600000,"profit_abs":17.86267855,"wins":3,"draws":0,"losses":0,"trades":3,"profit_factor":0.0},{"date":"23/11/2025","date_ts":1763856000000,"profit_abs":0.0,"wins":0,"draws":0,"losses":0,"trades":0,"profit_factor":0.0},{"date":"24/11/2025","date_ts":1763942400000,"profit_abs":0.0,"wins":0,"draws":0,"losses":0,"trades":0,"profit_factor":0.0},{"date":"25/11/2025","date_ts":1764028800000,"profit_abs":0.0,"wins":0,"draws":0,"losses":0,"trades":0,"profit_factor":0.0},{"date":"26/11/2025","date_ts":1764115200000,"profit_abs":0.0,"wins":0,"draws":0,"losses":0,"trades":0,"profit_factor":0.0},{"date":"27/11/2025","date_ts":1764201600000,"profit_abs":0.0,"wins":0,"draws":0,"losses":0,"trades":0,"profit_factor":0.0},{"date":"28/11/2025","date_ts":1764288000000,"profit_abs":0.0,"wins":0,"draws":0,"losses":0,"trades":0,"profit_factor":0.0},{"date":"29/11/2025","date_ts":1764374400000,"profit_abs":0.0,"wins":0,"draws":0,"losses":0,"trades":0,"profit_factor":0.0},{"date":"30/11/2025","date_ts":1764460800000,"profit_abs":0.0,"wins":0,"draws":0,"losses":0,"trades":0,"profit_factor":0.0},{"date":"01/12/2025","date_ts":1764547200000,"profit_abs":0.0,"wins":0,"draws":2,"losses":0,"trades":2,"profit_factor":0.0},{"date":"02/12/2025","date_ts":1764633600000,"profit_abs":4.42021348,"wins":1,"draws":0,"losses":0,"trades":1,"profit_factor":0.0},{"date":"03/12/2025","date_ts":1764720000000,"profit_abs":0.0,"wins":0,"draws":1,"losses":0,"trades":1,"profit_factor":0.0},{"date":"04/12/2025","date_ts":1764806400000,"profit_abs":0.0,"wins":0,"draws":0,"losses":0,"trades":0,"profit_factor":0.0},{"date":"05/12/2025","date_ts":1764892800000,"profit_abs":-18.06609077,"wins":0,"draws":0,"losses":1,"trades":1,"profit_factor":0.0},{"date":"06/12/2025","date_ts":1764979200000,"profit_abs":0.0,"wins":0,"draws":0,"losses":0,"trades":0,"profit_factor":0.0},{"date":"07/12/2025","date_ts":1765065600000,"profit_abs":-17.74819157,"wins":0,"draws":0,"losses":1,"trades":1,"profit_factor":0.0},{"date":"08/12/2025","date_ts":1765152000000,"profit_abs":0.0,"wins":0,"draws":0,"losses":0,"trades":0,"profit_factor":0.0},{"date":"09/12/2025","date_ts":1765238400000,"profit_abs":0.0,"wins":0,"draws":0,"losses":0,"trades":0,"profit_factor":0.0},{"date":"10/12/2025","date_ts":1765324800000,"profit_abs":0.0,"wins":0,"draws":1,"losses":0,"trades":1,"profit_factor":0.0},{"date":"11/12/2025","date_ts":1765411200000,"profit_abs":0.0,"wins":0,"draws":0,"losses":0,"trades":0,"profit_factor":0.0},{"date":"12/12/2025","date_ts":1765497600000,"profit_abs":0.0,"wins":0,"draws":0,"losses":0,"trades":0,"profit_factor":0.0},{"date":"13/12/2025","date_ts":1765584000000,"profit_abs":0.0,"wins":0,"draws":0,"losses":0,"trades":0,"profit_factor":0.0},{"date":"14/12/2025","date_ts":1765670400000,"profit_abs":0.0,"wins":0,"draws":0,"losses":0,"trades":0,"profit_factor":0.0},{"date":"15/12/2025","date_ts":1765756800000,"profit_abs":0.0,"wins":0,"draws":1,"losses":0,"trades":1,"profit_factor":0.0},{"date":"16/12/2025","date_ts":1765843200000,"profit_abs":0.0,"wins":0,"draws":1,"losses":0,"trades":1,"profit_factor":0.0},{"date":"17/12/2025","date_ts":1765929600000,"profit_abs":0.0,"wins":0,"draws":0,"losses":0,"trades":0,"profit_factor":0.0},{"date":"18/12/2025","date_ts":1766016000000,"profit_abs":0.0,"wins":0,"draws":0,"losses":0,"trades":0,"profit_factor":0.0},{"date":"19/12/2025","date_ts":1766102400000,"profit_abs":0.0,"wins":0,"draws":0,"losses":0,"trades":0,"profit_factor":0.0},{"date":"20/12/2025","date_ts":1766188800000,"profit_abs":0.40372744,"wins":1,"draws":0,"losses":0,"trades":1,"profit_factor":0.0},{"date":"21/12/2025","date_ts":1766275200000,"profit_abs":0.0,"wins":0,"draws":0,"losses":0,"trades":0,"profit_factor":0.0},{"date":"22/12/2025","date_ts":1766361600000,"profit_abs":0.0,"wins":0,"draws":1,"losses":0,"trades":1,"profit_factor":0.0},{"date":"23/12/2025","date_ts":1766448000000,"profit_abs":0.0,"wins":0,"draws":0,"losses":0,"trades":0,"profit_factor":0.0},{"date":"24/12/2025","date_ts":1766534400000,"profit_abs":0.0,"wins":0,"draws":0,"losses":0,"trades":0,"profit_factor":0.0},{"date":"25/12/2025","date_ts":1766620800000,"profit_abs":0.0,"wins":0,"draws":0,"losses":0,"trades":0,"profit_factor":0.0},{"date":"26/12/2025","date_ts":1766707200000,"profit_abs":0.0,"wins":0,"draws":0,"losses":0,"trades":0,"profit_factor":0.0},{"date":"27/12/2025","date_ts":1766793600000,"profit_abs":0.0,"wins":0,"draws":0,"losses":0,"trades":0,"profit_factor":0.0},{"date":"28/12/2025","date_ts":1766880000000,"profit_abs":0.0,"wins":0,"draws":0,"losses":0,"trades":0,"profit_factor":0.0},{"date":"29/12/2025","date_ts":1766966400000,"profit_abs":0.0,"wins":0,"draws":0,"losses":0,"trades":0,"profit_factor":0.0},{"date":"30/12/2025","date_ts":1767052800000,"profit_abs":0.0,"wins":0,"draws":1,"losses":0,"trades":1,"profit_factor":0.0},{"date":"31/12/2025","date_ts":1767139200000,"profit_abs":0.0,"wins":0,"draws":0,"losses":0,"trades":0,"profit_factor":0.0},{"date":"01/01/2026","date_ts":1767225600000,"profit_abs":0.0,"wins":0,"draws":0,"losses":0,"trades":0,"profit_factor":0.0},{"date":"02/01/2026","date_ts":1767312000000,"profit_abs":0.0,"wins":0,"draws":0,"losses":0,"trades":0,"profit_factor":0.0},{"date":"03/01/2026","date_ts":1767398400000,"profit_abs":6.39474549,"wins":2,"draws":0,"losses":0,"trades":2,"profit_factor":0.0},{"date":"04/01/2026","date_ts":1767484800000,"profit_abs":0.0,"wins":0,"draws":0,"losses":0,"trades":0,"profit_factor":0.0},{"date":"05/01/2026","date_ts":1767571200000,"profit_abs":1.32493893,"wins":1,"draws":0,"losses":0,"trades":1,"profit_factor":0.0}],"week":[{"date":"06/10/2025","date_ts":1759708800000,"profit_abs":7.45522588,"wins":2,"draws":2,"losses":0,"trades":4,"profit_factor":0.0},{"date":"13/10/2025","date_ts":1760313600000,"profit_abs":-14.63996411,"wins":2,"draws":4,"losses":2,"trades":8,"profit_factor":0.57309973},{"date":"20/10/2025","date_ts":1760918400000,"profit_abs":6.52791107,"wins":3,"draws":6,"losses":0,"trades":9,"profit_factor":0.0},{"date":"27/10/2025","date_ts":1761523200000,"profit_abs":0.0,"wins":0,"draws":3,"losses":0,"trades":3,"profit_factor":0.0},{"date":"03/11/2025","date_ts":1762128000000,"profit_abs":-3.79316993,"wins":5,"draws":2,"losses":1,"trades":8,"profit_factor":0.7802246},{"date":"10/11/2025","date_ts":1762732800000,"profit_abs":14.52387519,"wins":4,"draws":4,"losses":0,"trades":8,"profit_factor":0.0},{"date":"17/11/2025","date_ts":1763337600000,"profit_abs":15.43895424,"wins":7,"draws":1,"losses":0,"trades":8,"profit_factor":0.0},{"date":"24/11/2025","date_ts":1763942400000,"profit_abs":24.42485434,"wins":5,"draws":0,"losses":0,"trades":5,"profit_factor":0.0},{"date":"01/12/2025","date_ts":1764547200000,"profit_abs":0.0,"wins":0,"draws":2,"losses":0,"trades":2,"profit_factor":0.0},{"date":"08/12/2025","date_ts":1765152000000,"profit_abs":-31.39406886,"wins":1,"draws":1,"losses":2,"trades":4,"profit_factor":0.12342041},{"date":"15/12/2025","date_ts":1765756800000,"profit_abs":0.0,"wins":0,"draws":2,"losses":0,"trades":2,"profit_factor":0.0},{"date":"22/12/2025","date_ts":1766361600000,"profit_abs":0.40372744,"wins":1,"draws":2,"losses":0,"trades":3,"profit_factor":0.0},{"date":"29/12/2025","date_ts":1766966400000,"profit_abs":0.0,"wins":0,"draws":0,"losses":0,"trades":0,"profit_factor":0.0},{"date":"05/01/2026","date_ts":1767571200000,"profit_abs":7.71968442,"wins":3,"draws":1,"losses":0,"trades":4,"profit_factor":0.0}],"month":[{"date":"31/10/2025","date_ts":1761868800000,"profit_abs":-8.62425391,"wins":10,"draws":17,"losses":3,"trades":30,"profit_factor":0.83271073},{"date":"30/11/2025","date_ts":1764460800000,"profit_abs":58.56194059,"wins":18,"draws":5,"losses":0,"trades":23,"profit_factor":0.0},{"date":"31/12/2025","date_ts":1767139200000,"profit_abs":-30.99034142,"wins":2,"draws":8,"losses":2,"trades":12,"profit_factor":0.13469322},{"date":"31/01/2026","date_ts":1769817600000,"profit_abs":7.71968442,"wins":3,"draws":0,"losses":0,"trades":3,"profit_factor":0.0}],"year":[{"date":"31/12/2025","date_ts":1767139200000,"profit_abs":18.94734526,"wins":30,"draws":30,"losses":5,"trades":65,"profit_factor":1.21687018},{"date":"31/12/2026","date_ts":1798675200000,"profit_abs":7.71968442,"wins":3,"draws":0,"losses":0,"trades":3,"profit_factor":0.0}],"weekday":[{"date":"Monday","date_ts":0,"profit_abs":5.49919575,"wins":3,"draws":9,"losses":0,"trades":12,"profit_factor":0.0},{"date":"Tuesday","date_ts":1,"profit_abs":10.38777357,"wins":4,"draws":6,"losses":0,"trades":10,"profit_factor":0.0},{"date":"Wednesday","date_ts":2,"profit_abs":10.04078465,"wins":4,"draws":7,"losses":0,"trades":11,"profit_factor":0.0},{"date":"Thursday","date_ts":3,"profit_abs":-10.1945822,"wins":7,"draws":2,"losses":2,"trades":11,"profit_factor":0.70468785},{"date":"Friday","date_ts":4,"profit_abs":-19.85056039,"wins":5,"draws":3,"losses":2,"trades":10,"profit_factor":0.43441917},{"date":"Saturday","date_ts":5,"profit_abs":32.18370523,"wins":8,"draws":2,"losses":0,"trades":10,"profit_factor":0.0},{"date":"Sunday","date_ts":6,"profit_abs":-1.39928693,"wins":2,"draws":1,"losses":1,"trades":4,"profit_factor":0.9211589}]},"backtest_best_day":0.05212428236735216,"backtest_worst_day":-0.051888989388989386,"backtest_best_day_abs":17.86267855,"backtest_worst_day_abs":-18.06609077,"winning_days":23,"draw_days":68,"losing_days":5,"daily_profit":[["2025-10-02",4.93265061],["2025-10-03",2.52257527],["2025-10-04",0.0],["2025-10-05",0.0],["2025-10-06",0.0],["2025-10-07",0.0],["2025-10-08",0.0],["2025-10-09",-13.7209045],["2025-10-10",-17.03156361],["2025-10-11",0.0],["2025-10-12",16.112504],["2025-10-13",0.0],["2025-10-14",2.17227025],["2025-10-15",1.80491866],["2025-10-16",2.55072216],["2025-10-17",0.0],["2025-10-18",0.0],["2025-10-19",0.0],["2025-10-20",0.0],["2025-10-21",0.0],["2025-10-22",0.0],["2025-10-23",0.0],["2025-10-24",0.0],["2025-10-25",0.0],["2025-10-26",0.0],["2025-10-27",0.0],["2025-10-28",2.57821074],["2025-10-29",0.0],["2025-10-30",-10.54563749],["2025-10-31",0.0],["2025-11-01",0.0],["2025-11-02",0.0],["2025-11-03",4.17425682],["2025-11-04",1.2170791],["2025-11-05",5.06045799],["2025-11-06",1.8287985],["2025-11-07",0.0],["2025-11-08",6.4175396],["2025-11-09",0.0],["2025-11-10",0.0],["2025-11-11",0.0],["2025-11-12",3.175408],["2025-11-13",4.75978852],["2025-11-14",6.16234293],["2025-11-15",1.10501415],["2025-11-16",0.23640064],["2025-11-17",0.0],["2025-11-18",0.0],["2025-11-19",0.0],["2025-11-20",0.0],["2025-11-21",6.56217579],["2025-11-22",17.86267855],["2025-11-23",0.0],["2025-11-24",0.0],["2025-11-25",0.0],["2025-11-26",0.0],["2025-11-27",0.0],["2025-11-28",0.0],["2025-11-29",0.0],["2025-11-30",0.0],["2025-12-01",0.0],["2025-12-02",4.42021348],["2025-12-03",0.0],["2025-12-04",0.0],["2025-12-05",-18.06609077],["2025-12-06",0.0],["2025-12-07",-17.74819157],["2025-12-08",0.0],["2025-12-09",0.0],["2025-12-10",0.0],["2025-12-11",0.0],["2025-12-12",0.0],["2025-12-13",0.0],["2025-12-14",0.0],["2025-12-15",0.0],["2025-12-16",0.0],["2025-12-17",0.0],["2025-12-18",0.0],["2025-12-19",0.0],["2025-12-20",0.40372744],["2025-12-21",0.0],["2025-12-22",0.0],["2025-12-23",0.0],["2025-12-24",0.0],["2025-12-25",0.0],["2025-12-26",0.0],["2025-12-27",0.0],["2025-12-28",0.0],["2025-12-29",0.0],["2025-12-30",0.0],["2025-12-31",0.0],["2026-01-01",0.0],["2026-01-02",0.0],["2026-01-03",6.39474549],["2026-01-04",0.0],["2026-01-05",1.32493893]],"wins":33,"losses":5,"draws":30,"winrate":0.4852941176470588,"holding_avg":"5:24:00","holding_avg_s":19440.0,"winner_holding_min":"0d 01:00","winner_holding_min_s":3600.0,"winner_holding_max":"0d 02:00","winner_holding_max_s":7200.0,"winner_holding_avg":"0d 01:58","winner_holding_avg_s":7080.0,"loser_holding_min":"0d 00:00","loser_holding_min_s":0.0,"loser_holding_max":"2d 00:00","loser_holding_max_s":172800.0,"loser_holding_avg":"0d 20:00","loser_holding_avg_s":72000.0,"max_consecutive_wins":12,"max_consecutive_losses":7,"max_drawdown_account":0.033967860756357236,"max_relative_drawdown":0.033967860756357236,"max_drawdown_abs":35.814282340000005,"drawdown_start":"2025-12-02 11:00:00","drawdown_start_ts":1764673200000.0,"drawdown_end":"2025-12-07 14:00:00","drawdown_end_ts":1765116000000.0,"drawdown_duration":"5 days 03:00:00","drawdown_duration_s":442800.0,"max_drawdown_low":18.543617819999998,"max_drawdown_high":54.35790016,"csum_min":976.70275777,"csum_max":1054.35790016}},"strategy_comparison":[{"key":"ACO_69_1","trades":68,"profit_mean":0.0012207425981265194,"profit_mean_pct":0.12,"profit_total_abs":26.66702968,"profit_total":0.02666702968,"profit_total_pct":2.67,"duration_avg":"5:24:00","wins":33,"draws":30,"losses":5,"winrate":0.4852941176470588,"cagr":0.10409983857630745,"expectancy":0.3921622011764705,"expectancy_ratio":-0.4187331454271297,"sortino":13.913597567278655,"sharpe":0.9183026062092229,"calmar":15.462551022891452,"sqn":0.5612,"profit_factor":1.3052292221910362,"max_drawdown_account":0.033967860756357236,"max_drawdown_abs":"35.814"}]}