{"strategy":{"ACO_29_23":{"trades":[{"pair":"DOGE/USDT","stake_amount":329.9104,"max_stake_amount":329.9104,"amount":1310.0,"open_date":"2025-10-05 02:00:00+00:00","close_date":"2025-10-05 04:00:00+00:00","open_rate":0.25184,"close_rate":0.25833,"fee_open":0.001,"fee_close":0.001,"trade_duration":120,"profit_ratio":0.02372083919892052,"profit_abs":7.8335773,"exit_reason":"roi","initial_stop_loss_abs":0.23925,"initial_stop_loss_ratio":-0.05,"stop_loss_abs":0.23925,"stop_loss_ratio":-0.05,"min_rate":0.25133,"max_rate":0.26398,"is_open":false,"enter_tag":"","leverage":1.0,"is_short":false,"open_timestamp":1759629600000,"close_timestamp":1759636800000,"orders":[{"amount":1310.0,"safe_price":0.25184,"ft_order_side":"buy","order_filled_timestamp":1759629600000,"ft_is_entry":true,"ft_order_tag":"","cost":330.2403104},{"amount":1310.0,"safe_price":0.25833,"ft_order_side":"sell","order_filled_timestamp":1759636800000,"ft_is_entry":false,"ft_order_tag":"roi","cost":338.7507123}],"funding_fees":0.0,"weekday":6},{"pair":"DOGE/USDT","stake_amount":332.5314,"max_stake_amount":332.5314,"amount":1318.0,"open_date":"2025-10-08 13:00:00+00:00","close_date":"2025-10-08 15:00:00+00:00","open_rate":0.2523,"close_rate":0.2528051051051051,"fee_open":0.001,"fee_close":0.001,"trade_duration":120,"profit_ratio":0.0,"profit_abs":0.0,"exit_reason":"roi","initial_stop_loss_abs":0.23969,"initial_stop_loss_ratio":-0.05,"stop_loss_abs":0.23969,"stop_loss_ratio":-0.05,"min_rate":0.24914,"max_rate":0.25678,"is_open":false,"enter_tag":"","leverage":1.0,"is_short":false,"open_timestamp":1759928400000,"close_timestamp":1759935600000,"orders":[{"amount":1318.0,"safe_price":0.2523,"ft_order_side":"buy","order_filled_timestamp":1759928400000,"ft_is_entry":true,"ft_order_tag":"","cost":332.86393139999996},{"amount":1318.0,"safe_price":0.2528051051051051,"ft_order_side":"sell","order_filled_timestamp":1759935600000,"ft_is_entry":false,"ft_order_tag":"roi","cost":333.530325657057}],"funding_fees":0.0,"weekday":2},{"pair":"DOGE/USDT","stake_amount":332.52306,"max_stake_amount":332.52306,"amount":1802.0,"open_date":"2025-10-31 04:00:00+00:00","close_date":"2025-10-31 06:00:00+00:00","open_rate":0.18453,"close_rate":0.18506,"fee_open":0.001,"fee_close":0.001,"trade_duration":120,"profit_ratio":0.0008684211252899271,"profit_abs":0.28905882,"exit_reason":"roi","initial_stop_loss_abs":0.17531,"initial_stop_loss_ratio":-0.05,"stop_loss_abs":0.17531,"stop_loss_ratio":-0.05,"min_rate":0.1842,"max_rate":0.18608,"is_open":false,"enter_tag":"","leverage":1.0,"is_short":false,"open_timestamp":1761883200000,"close_timestamp":1761890400000,"orders":[{"amount":1802.0,"safe_price":0.18453,"ft_order_side":"buy","order_filled_timestamp":1761883200000,"ft_is_entry":true,"ft_order_tag":"","cost":332.85558305999996},{"amount":1802.0,"safe_price":0.18506,"ft_order_side":"sell","order_filled_timestamp":1761890400000,"ft_is_entry":false,"ft_order_tag":"roi","cost":333.8115981199999}],"funding_fees":0.0,"weekday":4},{"pair":"DOGE/USDT","stake_amount":332.5455,"max_stake_amount":332.5455,"amount":1785.0,"open_date":"2025-10-31 22:00:00+00:00","close_date":"2025-11-01 01:00:00+00:00","open_rate":0.1863,"close_rate":0.18667297297297294,"fee_open":0.001,"fee_close":0.001,"trade_duration":180,"profit_ratio":0.0,"profit_abs":0.0,"exit_reason":"roi","initial_stop_loss_abs":0.17699,"initial_stop_loss_ratio":-0.05,"stop_loss_abs":0.17699,"stop_loss_ratio":-0.05,"min_rate":0.18535,"max_rate":0.18686,"is_open":false,"enter_tag":"","leverage":1.0,"is_short":false,"open_timestamp":1761948000000,"close_timestamp":1761958800000,"orders":[{"amount":1785.0,"safe_price":0.1863,"ft_order_side":"buy","order_filled_timestamp":1761948000000,"ft_is_entry":true,"ft_order_tag":"","cost":332.8780455},{"amount":1785.0,"safe_price":0.18667297297297294,"ft_order_side":"sell","order_filled_timestamp":1761958800000,"ft_is_entry":false,"ft_order_tag":"roi","cost":333.54446801351344}],"funding_fees":0.0,"weekday":5},{"pair":"DOGE/USDT","stake_amount":332.57609,"max_stake_amount":332.57609,"amount":1771.0,"open_date":"2025-11-02 07:00:00+00:00","close_date":"2025-11-02 11:00:00+00:00","open_rate":0.18779,"close_rate":0.1855,"fee_open":0.001,"fee_close":0.001,"trade_duration":240,"profit_ratio":-0.01416810996660829,"profit_abs":-4.71668659,"exit_reason":"exit_signal","initial_stop_loss_abs":0.17841,"initial_stop_loss_ratio":-0.05,"stop_loss_abs":0.17841,"stop_loss_ratio":-0.05,"min_rate":0.18484,"max_rate":0.18884,"is_open":false,"enter_tag":"","leverage":1.0,"is_short":false,"open_timestamp":1762066800000,"close_timestamp":1762081200000,"orders":[{"amount":1771.0,"safe_price":0.18779,"ft_order_side":"buy","order_filled_timestamp":1762066800000,"ft_is_entry":true,"ft_order_tag":"","cost":332.90866609},{"amount":1771.0,"safe_price":0.1855,"ft_order_side":"sell","order_filled_timestamp":1762081200000,"ft_is_entry":false,"ft_order_tag":"exit_signal","cost":328.84902049999994}],"funding_fees":0.0,"weekday":6},{"pair":"DOGE/USDT","stake_amount":331.11393,"max_stake_amount":331.11393,"amount":2031.0,"open_date":"2025-11-07 01:00:00+00:00","close_date":"2025-11-07 03:00:00+00:00","open_rate":0.16303,"close_rate":0.16414,"fee_open":0.001,"fee_close":0.001,"trade_duration":120,"profit_ratio":0.004796957321032645,"profit_abs":1.58992773,"exit_reason":"roi","initial_stop_loss_abs":0.15488,"initial_stop_loss_ratio":-0.05,"stop_loss_abs":0.15488,"stop_loss_ratio":-0.05,"min_rate":0.16095,"max_rate":0.16509,"is_open":false,"enter_tag":"","leverage":1.0,"is_short":false,"open_timestamp":1762477200000,"close_timestamp":1762484400000,"orders":[{"amount":2031.0,"safe_price":0.16303,"ft_order_side":"buy","order_filled_timestamp":1762477200000,"ft_is_entry":true,"ft_order_tag":"","cost":331.44504393},{"amount":2031.0,"safe_price":0.16414,"ft_order_side":"sell","order_filled_timestamp":1762484400000,"ft_is_entry":false,"ft_order_tag":"roi","cost":333.7017083399999}],"funding_fees":0.0,"weekday":4},{"pair":"DOGE/USDT","stake_amount":331.55889,"max_stake_amount":331.55889,"amount":2029.0,"open_date":"2025-11-16 06:00:00+00:00","close_date":"2025-11-16 08:00:00+00:00","open_rate":0.16341,"close_rate":0.16408,"fee_open":0.001,"fee_close":0.001,"trade_duration":120,"profit_ratio":0.002093922233448578,"profit_abs":0.69495279,"exit_reason":"roi","initial_stop_loss_abs":0.15524,"initial_stop_loss_ratio":-0.05,"stop_loss_abs":0.15524,"stop_loss_ratio":-0.05,"min_rate":0.16295,"max_rate":0.16445,"is_open":false,"enter_tag":"","leverage":1.0,"is_short":false,"open_timestamp":1763272800000,"close_timestamp":1763280000000,"orders":[{"amount":2029.0,"safe_price":0.16341,"ft_order_side":"buy","order_filled_timestamp":1763272800000,"ft_is_entry":true,"ft_order_tag":"","cost":331.89044888999996},{"amount":2029.0,"safe_price":0.16408,"ft_order_side":"sell","order_filled_timestamp":1763280000000,"ft_is_entry":false,"ft_order_tag":"roi","cost":333.25123831999997}],"funding_fees":0.0,"weekday":6},{"pair":"DOGE/USDT","stake_amount":331.85592,"max_stake_amount":331.85592,"amount":2376.0,"open_date":"2025-11-22 19:00:00+00:00","close_date":"2025-11-22 21:00:00+00:00","open_rate":0.13967,"close_rate":0.13994961961961958,"fee_open":0.001,"fee_close":0.001,"trade_duration":120,"profit_ratio":0.0,"profit_abs":0.0,"exit_reason":"roi","initial_stop_loss_abs":0.13269,"initial_stop_loss_ratio":-0.05,"stop_loss_abs":0.13269,"stop_loss_ratio":-0.05,"min_rate":0.13874,"max_rate":0.14018,"is_open":false,"enter_tag":"","leverage":1.0,"is_short":false,"open_timestamp":1763838000000,"close_timestamp":1763845200000,"orders":[{"amount":2376.0,"safe_price":0.13967,"ft_order_side":"buy","order_filled_timestamp":1763838000000,"ft_is_entry":true,"ft_order_tag":"","cost":332.1877759199999},{"amount":2376.0,"safe_price":0.13994961961961958,"ft_order_side":"sell","order_filled_timestamp":1763845200000,"ft_is_entry":false,"ft_order_tag":"roi","cost":332.8528165124323}],"funding_fees":0.0,"weekday":5},{"pair":"DOGE/USDT","stake_amount":331.77168,"max_stake_amount":331.77168,"amount":2196.0,"open_date":"2025-11-25 20:00:00+00:00","close_date":"2025-11-25 22:00:00+00:00","open_rate":0.15108,"close_rate":0.15269,"fee_open":0.001,"fee_close":0.001,"trade_duration":120,"profit_ratio":0.008637311854150617,"profit_abs":2.86848108,"exit_reason":"roi","initial_stop_loss_abs":0.14353,"initial_stop_loss_ratio":-0.05,"stop_loss_abs":0.14353,"stop_loss_ratio":-0.05,"min_rate":0.15083,"max_rate":0.15377,"is_open":false,"enter_tag":"","leverage":1.0,"is_short":false,"open_timestamp":1764100800000,"close_timestamp":1764108000000,"orders":[{"amount":2196.0,"safe_price":0.15108,"ft_order_side":"buy","order_filled_timestamp":1764100800000,"ft_is_entry":true,"ft_order_tag":"","cost":332.10345168},{"amount":2196.0,"safe_price":0.15269,"ft_order_side":"sell","order_filled_timestamp":1764108000000,"ft_is_entry":false,"ft_order_tag":"roi","cost":335.64254723999994}],"funding_fees":0.0,"weekday":1},{"pair":"DOGE/USDT","stake_amount":332.6708,"max_stake_amount":332.6708,"amount":2156.0,"open_date":"2025-11-27 21:00:00+00:00","close_date":"2025-11-28 00:00:00+00:00","open_rate":0.1543,"close_rate":0.15264,"fee_open":0.001,"fee_close":0.001,"trade_duration":180,"profit_ratio":-0.012734770090570481,"profit_abs":-4.24072264,"exit_reason":"exit_signal","initial_stop_loss_abs":0.14659,"initial_stop_loss_ratio":-0.05,"stop_loss_abs":0.14659,"stop_loss_ratio":-0.05,"min_rate":0.15183,"max_rate":0.1548,"is_open":false,"enter_tag":"","leverage":1.0,"is_short":false,"open_timestamp":1764277200000,"close_timestamp":1764288000000,"orders":[{"amount":2156.0,"safe_price":0.1543,"ft_order_side":"buy","order_filled_timestamp":1764277200000,"ft_is_entry":true,"ft_order_tag":"","cost":333.00347079999995},{"amount":2156.0,"safe_price":0.15264,"ft_order_side":"sell","order_filled_timestamp":1764288000000,"ft_is_entry":false,"ft_order_tag":"exit_signal","cost":329.42093184}],"funding_fees":0.0,"weekday":4},{"pair":"DOGE/USDT","stake_amount":331.32096,"max_stake_amount":331.32096,"amount":2372.0,"open_date":"2025-12-06 12:00:00+00:00","close_date":"2025-12-06 14:00:00+00:00","open_rate":0.13968,"close_rate":0.13995963963963962,"fee_open":0.001,"fee_close":0.001,"trade_duration":120,"profit_ratio":0.0,"profit_abs":0.0,"exit_reason":"roi","initial_stop_loss_abs":0.1327,"initial_stop_loss_ratio":-0.05,"stop_loss_abs":0.1327,"stop_loss_ratio":-0.05,"min_rate":0.13926,"max_rate":0.14076,"is_open":false,"enter_tag":"","leverage":1.0,"is_short":false,"open_timestamp":1765022400000,"close_timestamp":1765029600000,"orders":[{"amount":2372.0,"safe_price":0.13968,"ft_order_side":"buy","order_filled_timestamp":1765022400000,"ft_is_entry":true,"ft_order_tag":"","cost":331.65228096},{"amount":2372.0,"safe_price":0.13995963963963962,"ft_order_side":"sell","order_filled_timestamp":1765029600000,"ft_is_entry":false,"ft_order_tag":"roi","cost":332.31624949045033}],"funding_fees":0.0,"weekday":5},{"pair":"DOGE/USDT","stake_amount":331.3695,"max_stake_amount":331.3695,"amount":2265.0,"open_date":"2025-12-09 16:00:00+00:00","close_date":"2025-12-09 18:00:00+00:00","open_rate":0.1463,"close_rate":0.15095,"fee_open":0.001,"fee_close":0.001,"trade_duration":120,"profit_ratio":0.029722498963783994,"profit_abs":9.85897875,"exit_reason":"roi","initial_stop_loss_abs":0.13899,"initial_stop_loss_ratio":-0.05,"stop_loss_abs":0.13899,"stop_loss_ratio":-0.05,"min_rate":0.1463,"max_rate":0.15319,"is_open":false,"enter_tag":"","leverage":1.0,"is_short":false,"open_timestamp":1765296000000,"close_timestamp":1765303200000,"orders":[{"amount":2265.0,"safe_price":0.1463,"ft_order_side":"buy","order_filled_timestamp":1765296000000,"ft_is_entry":true,"ft_order_tag":"","cost":331.70086949999995},{"amount":2265.0,"safe_price":0.15095,"ft_order_side":"sell","order_filled_timestamp":1765303200000,"ft_is_entry":false,"ft_order_tag":"roi","cost":342.24365174999997}],"funding_fees":0.0,"weekday":1},{"pair":"DOGE/USDT","stake_amount":334.58238,"max_stake_amount":334.58238,"amount":2449.0,"open_date":"2025-12-15 05:00:00+00:00","close_date":"2025-12-15 07:00:00+00:00","open_rate":0.13662,"close_rate":0.13689351351351348,"fee_open":0.001,"fee_close":0.001,"trade_duration":120,"profit_ratio":0.0,"profit_abs":0.0,"exit_reason":"roi","initial_stop_loss_abs":0.12979,"initial_stop_loss_ratio":-0.05,"stop_loss_abs":0.12979,"stop_loss_ratio":-0.05,"min_rate":0.13601,"max_rate":0.13727,"is_open":false,"enter_tag":"","leverage":1.0,"is_short":false,"open_timestamp":1765774800000,"close_timestamp":1765782000000,"orders":[{"amount":2449.0,"safe_price":0.13662,"ft_order_side":"buy","order_filled_timestamp":1765774800000,"ft_is_entry":true,"ft_order_tag":"","cost":334.91696238},{"amount":2449.0,"safe_price":0.13689351351351348,"ft_order_side":"sell","order_filled_timestamp":1765782000000,"ft_is_entry":false,"ft_order_tag":"roi","cost":335.58746680918904}],"funding_fees":0.0,"weekday":0},{"pair":"DOGE/USDT","stake_amount":334.59519,"max_stake_amount":334.59519,"amount":2649.0,"open_date":"2025-12-18 13:00:00+00:00","close_date":"2025-12-18 15:00:00+00:00","open_rate":0.12631,"close_rate":0.12863,"fee_open":0.001,"fee_close":0.001,"trade_duration":120,"profit_ratio":0.016332808194101836,"profit_abs":5.47034394,"exit_reason":"roi","initial_stop_loss_abs":0.12,"initial_stop_loss_ratio":-0.05,"stop_loss_abs":0.12,"stop_loss_ratio":-0.05,"min_rate":0.12631,"max_rate":0.13072,"is_open":false,"enter_tag":"","leverage":1.0,"is_short":false,"open_timestamp":1766062800000,"close_timestamp":1766070000000,"orders":[{"amount":2649.0,"safe_price":0.12631,"ft_order_side":"buy","order_filled_timestamp":1766062800000,"ft_is_entry":true,"ft_order_tag":"","cost":334.92978518999996},{"amount":2649.0,"safe_price":0.12863,"ft_order_side":"sell","order_filled_timestamp":1766070000000,"ft_is_entry":false,"ft_order_tag":"roi","cost":341.08161086999996}],"funding_fees":0.0,"weekday":3},{"pair":"DOGE/USDT","stake_amount":336.4634,"max_stake_amount":336.4634,"amount":2660.0,"open_date":"2025-12-19 07:00:00+00:00","close_date":"2025-12-19 09:00:00+00:00","open_rate":0.12649,"close_rate":0.12819,"fee_open":0.001,"fee_close":0.001,"trade_duration":120,"profit_ratio":0.011414942871975049,"profit_abs":3.8445512,"exit_reason":"roi","initial_stop_loss_abs":0.12017,"initial_stop_loss_ratio":-0.05,"stop_loss_abs":0.12017,"stop_loss_ratio":-0.05,"min_rate":0.12649,"max_rate":0.12885,"is_open":false,"enter_tag":"","leverage":1.0,"is_short":false,"open_timestamp":1766127600000,"close_timestamp":1766134800000,"orders":[{"amount":2660.0,"safe_price":0.12649,"ft_order_side":"buy","order_filled_timestamp":1766127600000,"ft_is_entry":true,"ft_order_tag":"","cost":336.79986339999994},{"amount":2660.0,"safe_price":0.12819,"ft_order_side":"sell","order_filled_timestamp":1766134800000,"ft_is_entry":false,"ft_order_tag":"roi","cost":341.32638539999994}],"funding_fees":0.0,"weekday":4},{"pair":"DOGE/USDT","stake_amount":337.72795,"max_stake_amount":337.72795,"amount":2635.0,"open_date":"2025-12-24 20:00:00+00:00","close_date":"2025-12-24 22:00:00+00:00","open_rate":0.12817,"close_rate":0.12855,"fee_open":0.001,"fee_close":0.001,"trade_duration":120,"profit_ratio":0.0009608866595680983,"profit_abs":0.3248428,"exit_reason":"roi","initial_stop_loss_abs":0.12177,"initial_stop_loss_ratio":-0.05,"stop_loss_abs":0.12177,"stop_loss_ratio":-0.05,"min_rate":0.1281,"max_rate":0.12938,"is_open":false,"enter_tag":"","leverage":1.0,"is_short":false,"open_timestamp":1766606400000,"close_timestamp":1766613600000,"orders":[{"amount":2635.0,"safe_price":0.12817,"ft_order_side":"buy","order_filled_timestamp":1766606400000,"ft_is_entry":true,"ft_order_tag":"","cost":338.06567795},{"amount":2635.0,"safe_price":0.12855,"ft_order_side":"sell","order_filled_timestamp":1766613600000,"ft_is_entry":false,"ft_order_tag":"roi","cost":339.06797924999995}],"funding_fees":0.0,"weekday":2}],"locks":[],"best_pair":{"key":"DOGE/USDT","trades":16,"profit_mean":0.00447785677281828,"profit_mean_pct":0.45,"profit_total_abs":23.817305179999998,"profit_total":0.023817305179999998,"profit_total_pct":2.38,"duration_avg":"2:15:00","wins":9,"draws":5,"losses":2,"winrate":0.5625,"cagr":0.09261203585756173,"expectancy":1.48858157375,"expectancy_ratio":0.01986877662448827,"sortino":19.711662519160544,"sharpe":1.266587492408534,"calmar":100.26368591931184,"sqn":1.5566,"profit_factor":3.658950212995907,"max_drawdown_account":0.00467868334764636,"max_drawdown_abs":4.71668659},"worst_pair":{"key":"DOGE/USDT","trades":16,"profit_mean":0.00447785677281828,"profit_mean_pct":0.45,"profit_total_abs":23.817305179999998,"profit_total":0.023817305179999998,"profit_total_pct":2.38,"duration_avg":"2:15:00","wins":9,"draws":5,"losses":2,"winrate":0.5625,"cagr":0.09261203585756173,"expectancy":1.48858157375,"expectancy_ratio":0.01986877662448827,"sortino":19.711662519160544,"sharpe":1.266587492408534,"calmar":100.26368591931184,"sqn":1.5566,"profit_factor":3.658950212995907,"max_drawdown_account":0.00467868334764636,"max_drawdown_abs":4.71668659},"results_per_pair":[{"key":"DOGE/USDT","trades":16,"profit_mean":0.00447785677281828,"profit_mean_pct":0.45,"profit_total_abs":23.817305179999998,"profit_total":0.023817305179999998,"profit_total_pct":2.38,"duration_avg":"2:15:00","wins":9,"draws":5,"losses":2,"winrate":0.5625,"cagr":0.09261203585756173,"expectancy":1.48858157375,"expectancy_ratio":0.01986877662448827,"sortino":19.711662519160544,"sharpe":1.266587492408534,"calmar":100.26368591931184,"sqn":1.5566,"profit_factor":3.658950212995907,"max_drawdown_account":0.00467868334764636,"max_drawdown_abs":4.71668659},{"key":"TOTAL","trades":16,"profit_mean":0.00447785677281828,"profit_mean_pct":0.45,"profit_total_abs":23.817305179999998,"profit_total":0.023817305179999998,"profit_total_pct":2.38,"duration_avg":"2:15:00","wins":9,"draws":5,"losses":2,"winrate":0.5625,"cagr":0.09261203585756173,"expectancy":1.48858157375,"expectancy_ratio":0.01986877662448827,"sortino":19.711662519160544,"sharpe":1.266587492408534,"calmar":100.26368591931184,"sqn":1.5566,"profit_factor":3.658950212995907,"max_drawdown_account":0.00467868334764636,"max_drawdown_abs":4.71668659}],"results_per_enter_tag":[{"key":"","trades":16,"profit_mean":0.00447785677281828,"profit_mean_pct":0.45,"profit_total_abs":23.817305179999998,"profit_total":0.023817305179999998,"profit_total_pct":2.38,"duration_avg":"2:15:00","wins":9,"draws":5,"losses":2,"winrate":0.5625,"cagr":0.09261203585756173,"expectancy":1.48858157375,"expectancy_ratio":0.01986877662448827,"sortino":19.711662519160544,"sharpe":1.266587492408534,"calmar":100.26368591931184,"sqn":1.5566,"profit_factor":3.658950212995907,"max_drawdown_account":0.00467868334764636,"max_drawdown_abs":4.71668659},{"key":"TOTAL","trades":16,"profit_mean":0.00447785677281828,"profit_mean_pct":0.45,"profit_total_abs":23.817305179999998,"profit_total":0.023817305179999998,"profit_total_pct":2.38,"duration_avg":"2:15:00","wins":9,"draws":5,"losses":2,"winrate":0.5625,"cagr":0.09261203585756173,"expectancy":1.48858157375,"expectancy_ratio":0.01986877662448827,"sortino":19.711662519160544,"sharpe":1.266587492408534,"calmar":100.26368591931184,"sqn":1.5566,"profit_factor":3.658950212995907,"max_drawdown_account":0.00467868334764636,"max_drawdown_abs":4.71668659}],"exit_reason_summary":[{"key":"roi","trades":14,"profit_mean":0.00703918488730509,"profit_mean_pct":0.7,"profit_total_abs":32.774714409999994,"profit_total":0.032774714409999996,"profit_total_pct":3.28,"duration_avg":"2:04:00","wins":9,"draws":5,"losses":0,"winrate":0.6428571428571429,"cagr":0.12901957371365436,"expectancy":2.3410510292857145,"expectancy_ratio":100.0,"sortino":-100,"sharpe":2.0562911220673774,"calmar":-100,"sqn":2.6888,"profit_factor":0.0,"max_drawdown_account":0.0,"max_drawdown_abs":0.0},{"key":"exit_signal","trades":2,"profit_mean":-0.013451440028589386,"profit_mean_pct":-1.35,"profit_total_abs":-8.95740923,"profit_total":-0.00895740923,"profit_total_pct":-0.9,"duration_avg":"3:30:00","wins":0,"draws":0,"losses":2,"winrate":0.0,"cagr":-0.03329082707104358,"expectancy":-4.478704615,"expectancy_ratio":-1.0,"sortino":-7.413325162245483,"sharpe":-7.413325162245483,"calmar":-19.69584863354916,"sqn":-18.8195,"profit_factor":0.0,"max_drawdown_account":0.008957409230000053,"max_drawdown_abs":8.95740923},{"key":"TOTAL","trades":16,"profit_mean":0.00447785677281828,"profit_mean_pct":0.45,"profit_total_abs":23.817305179999998,"profit_total":0.023817305179999998,"profit_total_pct":2.38,"duration_avg":"2:15:00","wins":9,"draws":5,"losses":2,"winrate":0.5625,"cagr":0.09261203585756173,"expectancy":1.48858157375,"expectancy_ratio":0.01986877662448827,"sortino":19.711662519160544,"sharpe":1.266587492408534,"calmar":100.26368591931184,"sqn":1.5566,"profit_factor":3.658950212995907,"max_drawdown_account":0.00467868334764636,"max_drawdown_abs":4.71668659}],"mix_tag_stats":[{"key":["","roi"],"trades":14,"profit_mean":0.00703918488730509,"profit_mean_pct":0.7,"profit_total_abs":32.774714409999994,"profit_total":0.032774714409999996,"profit_total_pct":3.28,"duration_avg":"2:04:00","wins":9,"draws":5,"losses":0,"winrate":0.6428571428571429,"cagr":0.12901957371365436,"expectancy":2.3410510292857145,"expectancy_ratio":100.0,"sortino":-100,"sharpe":2.0562911220673774,"calmar":-100,"sqn":2.6888,"profit_factor":0.0,"max_drawdown_account":0.0,"max_drawdown_abs":0.0},{"key":["","exit_signal"],"trades":2,"profit_mean":-0.013451440028589386,"profit_mean_pct":-1.35,"profit_total_abs":-8.95740923,"profit_total":-0.00895740923,"profit_total_pct":-0.9,"duration_avg":"3:30:00","wins":0,"draws":0,"losses":2,"winrate":0.0,"cagr":-0.03329082707104358,"expectancy":-4.478704615,"expectancy_ratio":-1.0,"sortino":-7.413325162245483,"sharpe":-7.413325162245483,"calmar":-19.69584863354916,"sqn":-18.8195,"profit_factor":0.0,"max_drawdown_account":0.008957409230000053,"max_drawdown_abs":8.95740923},{"key":"TOTAL","trades":16,"profit_mean":0.00447785677281828,"profit_mean_pct":0.45,"profit_total_abs":23.817305179999998,"profit_total":0.023817305179999998,"profit_total_pct":2.38,"duration_avg":"2:15:00","wins":9,"draws":5,"losses":2,"winrate":0.5625,"cagr":0.09261203585756173,"expectancy":1.48858157375,"expectancy_ratio":0.01986877662448827,"sortino":19.711662519160544,"sharpe":1.266587492408534,"calmar":100.26368591931184,"sqn":1.5566,"profit_factor":3.658950212995907,"max_drawdown_account":0.00467868334764636,"max_drawdown_abs":4.71668659}],"left_open_trades":[{"key":"TOTAL","trades":0,"profit_mean":0.0,"profit_mean_pct":0.0,"profit_total_abs":0.0,"profit_total":0.0,"profit_total_pct":0.0,"duration_avg":"0:00","wins":0,"draws":0,"losses":0,"winrate":0.0,"cagr":0.0,"expectancy":0.0,"expectancy_ratio":100.0,"sortino":0,"sharpe":0,"calmar":0,"sqn":0.0,"profit_factor":0.0,"max_drawdown_account":0.0,"max_drawdown_abs":0.0}],"total_trades":16,"trade_count_long":16,"trade_count_short":0,"total_volume":10695.420877462642,"avg_stake_amount":332.819815625,"profit_mean":0.00447785677281828,"profit_median":0.0009146538924290127,"profit_total":0.023817305179999998,"profit_total_long":0.023817305179999998,"profit_total_short":0.0,"profit_total_abs":23.817305179999998,"profit_total_long_abs":23.817305179999998,"profit_total_short_abs":0.0,"cagr":0.09261203585756173,"expectancy":1.48858157375,"expectancy_ratio":0.01986877662448827,"sortino":19.711662519160544,"sharpe":1.266587492408534,"calmar":100.26368591931184,"sqn":1.5566,"profit_factor":3.658950212995907,"backtest_start":"2025-10-01 00:00:00","backtest_start_ts":1759276800000,"backtest_end":"2026-01-06 20:00:00","backtest_end_ts":1767729600000,"backtest_days":97,"backtest_run_start_ts":1767744544,"backtest_run_end_ts":1767744545,"trades_per_day":0.16,"market_change":-0.36632086436227446,"pairlist":["DOGE/USDT"],"stake_amount":"unlimited","stake_currency":"USDT","stake_currency_decimals":3,"starting_balance":1000,"dry_run_wallet":1000,"final_balance":1023.81730518,"rejected_signals":0,"timedout_entry_orders":0,"timedout_exit_orders":0,"canceled_trade_entries":0,"canceled_entry_orders":0,"replaced_entry_orders":0,"max_open_trades":1,"max_open_trades_setting":3,"timeframe":"1h","timeframe_detail":"","timerange":"20251001-","enable_protections":false,"strategy_name":"ACO_29_23","freqaimodel":null,"freqai_identifier":null,"stoploss":-0.05,"trailing_stop":false,"trailing_stop_positive":null,"trailing_stop_positive_offset":0.0,"trailing_only_offset_is_reached":false,"use_custom_stoploss":false,"minimal_roi":{"0":0.1,"60":0.05,"120":0.0},"use_exit_signal":true,"exit_profit_only":false,"exit_profit_offset":0.0,"ignore_roi_if_entry_signal":false,"trading_mode":"spot","margin_mode":"","periodic_breakdown":{"day":[{"date":"05/10/2025","date_ts":1759622400000,"profit_abs":7.8335773,"wins":1,"draws":0,"losses":0,"trades":1,"profit_factor":0.0},{"date":"06/10/2025","date_ts":1759708800000,"profit_abs":0.0,"wins":0,"draws":0,"losses":0,"trades":0,"profit_factor":0.0},{"date":"07/10/2025","date_ts":1759795200000,"profit_abs":0.0,"wins":0,"draws":0,"losses":0,"trades":0,"profit_factor":0.0},{"date":"08/10/2025","date_ts":1759881600000,"profit_abs":0.0,"wins":0,"draws":1,"losses":0,"trades":1,"profit_factor":0.0},{"date":"09/10/2025","date_ts":1759968000000,"profit_abs":0.0,"wins":0,"draws":0,"losses":0,"trades":0,"profit_factor":0.0},{"date":"10/10/2025","date_ts":1760054400000,"profit_abs":0.0,"wins":0,"draws":0,"losses":0,"trades":0,"profit_factor":0.0},{"date":"11/10/2025","date_ts":1760140800000,"profit_abs":0.0,"wins":0,"draws":0,"losses":0,"trades":0,"profit_factor":0.0},{"date":"12/10/2025","date_ts":1760227200000,"profit_abs":0.0,"wins":0,"draws":0,"losses":0,"trades":0,"profit_factor":0.0},{"date":"13/10/2025","date_ts":1760313600000,"profit_abs":0.0,"wins":0,"draws":0,"losses":0,"trades":0,"profit_factor":0.0},{"date":"14/10/2025","date_ts":1760400000000,"profit_abs":0.0,"wins":0,"draws":0,"losses":0,"trades":0,"profit_factor":0.0},{"date":"15/10/2025","date_ts":1760486400000,"profit_abs":0.0,"wins":0,"draws":0,"losses":0,"trades":0,"profit_factor":0.0},{"date":"16/10/2025","date_ts":1760572800000,"profit_abs":0.0,"wins":0,"draws":0,"losses":0,"trades":0,"profit_factor":0.0},{"date":"17/10/2025","date_ts":1760659200000,"profit_abs":0.0,"wins":0,"draws":0,"losses":0,"trades":0,"profit_factor":0.0},{"date":"18/10/2025","date_ts":1760745600000,"profit_abs":0.0,"wins":0,"draws":0,"losses":0,"trades":0,"profit_factor":0.0},{"date":"19/10/2025","date_ts":1760832000000,"profit_abs":0.0,"wins":0,"draws":0,"losses":0,"trades":0,"profit_factor":0.0},{"date":"20/10/2025","date_ts":1760918400000,"profit_abs":0.0,"wins":0,"draws":0,"losses":0,"trades":0,"profit_factor":0.0},{"date":"21/10/2025","date_ts":1761004800000,"profit_abs":0.0,"wins":0,"draws":0,"losses":0,"trades":0,"profit_factor":0.0},{"date":"22/10/2025","date_ts":1761091200000,"profit_abs":0.0,"wins":0,"draws":0,"losses":0,"trades":0,"profit_factor":0.0},{"date":"23/10/2025","date_ts":1761177600000,"profit_abs":0.0,"wins":0,"draws":0,"losses":0,"trades":0,"profit_factor":0.0},{"date":"24/10/2025","date_ts":1761264000000,"profit_abs":0.0,"wins":0,"draws":0,"losses":0,"trades":0,"profit_factor":0.0},{"date":"25/10/2025","date_ts":1761350400000,"profit_abs":0.0,"wins":0,"draws":0,"losses":0,"trades":0,"profit_factor":0.0},{"date":"26/10/2025","date_ts":1761436800000,"profit_abs":0.0,"wins":0,"draws":0,"losses":0,"trades":0,"profit_factor":0.0},{"date":"27/10/2025","date_ts":1761523200000,"profit_abs":0.0,"wins":0,"draws":0,"losses":0,"trades":0,"profit_factor":0.0},{"date":"28/10/2025","date_ts":1761609600000,"profit_abs":0.0,"wins":0,"draws":0,"losses":0,"trades":0,"profit_factor":0.0},{"date":"29/10/2025","date_ts":1761696000000,"profit_abs":0.0,"wins":0,"draws":0,"losses":0,"trades":0,"profit_factor":0.0},{"date":"30/10/2025","date_ts":1761782400000,"profit_abs":0.0,"wins":0,"draws":0,"losses":0,"trades":0,"profit_factor":0.0},{"date":"31/10/2025","date_ts":1761868800000,"profit_abs":0.28905882,"wins":1,"draws":0,"losses":0,"trades":1,"profit_factor":0.0},{"date":"01/11/2025","date_ts":1761955200000,"profit_abs":0.0,"wins":0,"draws":1,"losses":0,"trades":1,"profit_factor":0.0},{"date":"02/11/2025","date_ts":1762041600000,"profit_abs":-4.71668659,"wins":0,"draws":0,"losses":1,"trades":1,"profit_factor":0.0},{"date":"03/11/2025","date_ts":1762128000000,"profit_abs":0.0,"wins":0,"draws":0,"losses":0,"trades":0,"profit_factor":0.0},{"date":"04/11/2025","date_ts":1762214400000,"profit_abs":0.0,"wins":0,"draws":0,"losses":0,"trades":0,"profit_factor":0.0},{"date":"05/11/2025","date_ts":1762300800000,"profit_abs":0.0,"wins":0,"draws":0,"losses":0,"trades":0,"profit_factor":0.0},{"date":"06/11/2025","date_ts":1762387200000,"profit_abs":0.0,"wins":0,"draws":0,"losses":0,"trades":0,"profit_factor":0.0},{"date":"07/11/2025","date_ts":1762473600000,"profit_abs":1.58992773,"wins":1,"draws":0,"losses":0,"trades":1,"profit_factor":0.0},{"date":"08/11/2025","date_ts":1762560000000,"profit_abs":0.0,"wins":0,"draws":0,"losses":0,"trades":0,"profit_factor":0.0},{"date":"09/11/2025","date_ts":1762646400000,"profit_abs":0.0,"wins":0,"draws":0,"losses":0,"trades":0,"profit_factor":0.0},{"date":"10/11/2025","date_ts":1762732800000,"profit_abs":0.0,"wins":0,"draws":0,"losses":0,"trades":0,"profit_factor":0.0},{"date":"11/11/2025","date_ts":1762819200000,"profit_abs":0.0,"wins":0,"draws":0,"losses":0,"trades":0,"profit_factor":0.0},{"date":"12/11/2025","date_ts":1762905600000,"profit_abs":0.0,"wins":0,"draws":0,"losses":0,"trades":0,"profit_factor":0.0},{"date":"13/11/2025","date_ts":1762992000000,"profit_abs":0.0,"wins":0,"draws":0,"losses":0,"trades":0,"profit_factor":0.0},{"date":"14/11/2025","date_ts":1763078400000,"profit_abs":0.0,"wins":0,"draws":0,"losses":0,"trades":0,"profit_factor":0.0},{"date":"15/11/2025","date_ts":1763164800000,"profit_abs":0.0,"wins":0,"draws":0,"losses":0,"trades":0,"profit_factor":0.0},{"date":"16/11/2025","date_ts":1763251200000,"profit_abs":0.69495279,"wins":1,"draws":0,"losses":0,"trades":1,"profit_factor":0.0},{"date":"17/11/2025","date_ts":1763337600000,"profit_abs":0.0,"wins":0,"draws":0,"losses":0,"trades":0,"profit_factor":0.0},{"date":"18/11/2025","date_ts":1763424000000,"profit_abs":0.0,"wins":0,"draws":0,"losses":0,"trades":0,"profit_factor":0.0},{"date":"19/11/2025","date_ts":1763510400000,"profit_abs":0.0,"wins":0,"draws":0,"losses":0,"trades":0,"profit_factor":0.0},{"date":"20/11/2025","date_ts":1763596800000,"profit_abs":0.0,"wins":0,"draws":0,"losses":0,"trades":0,"profit_factor":0.0},{"date":"21/11/2025","date_ts":1763683200000,"profit_abs":0.0,"wins":0,"draws":0,"losses":0,"trades":0,"profit_factor":0.0},{"date":"22/11/2025","date_ts":1763769600000,"profit_abs":0.0,"wins":0,"draws":1,"losses":0,"trades":1,"profit_factor":0.0},{"date":"23/11/2025","date_ts":1763856000000,"profit_abs":0.0,"wins":0,"draws":0,"losses":0,"trades":0,"profit_factor":0.0},{"date":"24/11/2025","date_ts":1763942400000,"profit_abs":0.0,"wins":0,"draws":0,"losses":0,"trades":0,"profit_factor":0.0},{"date":"25/11/2025","date_ts":1764028800000,"profit_abs":2.86848108,"wins":1,"draws":0,"losses":0,"trades":1,"profit_factor":0.0},{"date":"26/11/2025","date_ts":1764115200000,"profit_abs":0.0,"wins":0,"draws":0,"losses":0,"trades":0,"profit_factor":0.0},{"date":"27/11/2025","date_ts":1764201600000,"profit_abs":0.0,"wins":0,"draws":0,"losses":0,"trades":0,"profit_factor":0.0},{"date":"28/11/2025","date_ts":1764288000000,"profit_abs":-4.24072264,"wins":0,"draws":0,"losses":1,"trades":1,"profit_factor":0.0},{"date":"29/11/2025","date_ts":1764374400000,"profit_abs":0.0,"wins":0,"draws":0,"losses":0,"trades":0,"profit_factor":0.0},{"date":"30/11/2025","date_ts":1764460800000,"profit_abs":0.0,"wins":0,"draws":0,"losses":0,"trades":0,"profit_factor":0.0},{"date":"01/12/2025","date_ts":1764547200000,"profit_abs":0.0,"wins":0,"draws":0,"losses":0,"trades":0,"profit_factor":0.0},{"date":"02/12/2025","date_ts":1764633600000,"profit_abs":0.0,"wins":0,"draws":0,"losses":0,"trades":0,"profit_factor":0.0},{"date":"03/12/2025","date_ts":1764720000000,"profit_abs":0.0,"wins":0,"draws":0,"losses":0,"trades":0,"profit_factor":0.0},{"date":"04/12/2025","date_ts":1764806400000,"profit_abs":0.0,"wins":0,"draws":0,"losses":0,"trades":0,"profit_factor":0.0},{"date":"05/12/2025","date_ts":1764892800000,"profit_abs":0.0,"wins":0,"draws":0,"losses":0,"trades":0,"profit_factor":0.0},{"date":"06/12/2025","date_ts":1764979200000,"profit_abs":0.0,"wins":0,"draws":1,"losses":0,"trades":1,"profit_factor":0.0},{"date":"07/12/2025","date_ts":1765065600000,"profit_abs":0.0,"wins":0,"draws":0,"losses":0,"trades":0,"profit_factor":0.0},{"date":"08/12/2025","date_ts":1765152000000,"profit_abs":0.0,"wins":0,"draws":0,"losses":0,"trades":0,"profit_factor":0.0},{"date":"09/12/2025","date_ts":1765238400000,"profit_abs":9.85897875,"wins":1,"draws":0,"losses":0,"trades":1,"profit_factor":0.0},{"date":"10/12/2025","date_ts":1765324800000,"profit_abs":0.0,"wins":0,"draws":0,"losses":0,"trades":0,"profit_factor":0.0},{"date":"11/12/2025","date_ts":1765411200000,"profit_abs":0.0,"wins":0,"draws":0,"losses":0,"trades":0,"profit_factor":0.0},{"date":"12/12/2025","date_ts":1765497600000,"profit_abs":0.0,"wins":0,"draws":0,"losses":0,"trades":0,"profit_factor":0.0},{"date":"13/12/2025","date_ts":1765584000000,"profit_abs":0.0,"wins":0,"draws":0,"losses":0,"trades":0,"profit_factor":0.0},{"date":"14/12/2025","date_ts":1765670400000,"profit_abs":0.0,"wins":0,"draws":0,"losses":0,"trades":0,"profit_factor":0.0},{"date":"15/12/2025","date_ts":1765756800000,"profit_abs":0.0,"wins":0,"draws":1,"losses":0,"trades":1,"profit_factor":0.0},{"date":"16/12/2025","date_ts":1765843200000,"profit_abs":0.0,"wins":0,"draws":0,"losses":0,"trades":0,"profit_factor":0.0},{"date":"17/12/2025","date_ts":1765929600000,"profit_abs":0.0,"wins":0,"draws":0,"losses":0,"trades":0,"profit_factor":0.0},{"date":"18/12/2025","date_ts":1766016000000,"profit_abs":5.47034394,"wins":1,"draws":0,"losses":0,"trades":1,"profit_factor":0.0},{"date":"19/12/2025","date_ts":1766102400000,"profit_abs":3.8445512,"wins":1,"draws":0,"losses":0,"trades":1,"profit_factor":0.0},{"date":"20/12/2025","date_ts":1766188800000,"profit_abs":0.0,"wins":0,"draws":0,"losses":0,"trades":0,"profit_factor":0.0},{"date":"21/12/2025","date_ts":1766275200000,"profit_abs":0.0,"wins":0,"draws":0,"losses":0,"trades":0,"profit_factor":0.0},{"date":"22/12/2025","date_ts":1766361600000,"profit_abs":0.0,"wins":0,"draws":0,"losses":0,"trades":0,"profit_factor":0.0},{"date":"23/12/2025","date_ts":1766448000000,"profit_abs":0.0,"wins":0,"draws":0,"losses":0,"trades":0,"profit_factor":0.0},{"date":"24/12/2025","date_ts":1766534400000,"profit_abs":0.3248428,"wins":1,"draws":0,"losses":0,"trades":1,"profit_factor":0.0}],"week":[{"date":"06/10/2025","date_ts":1759708800000,"profit_abs":7.8335773,"wins":1,"draws":0,"losses":0,"trades":1,"profit_factor":0.0},{"date":"13/10/2025","date_ts":1760313600000,"profit_abs":0.0,"wins":0,"draws":1,"losses":0,"trades":1,"profit_factor":0.0},{"date":"20/10/2025","date_ts":1760918400000,"profit_abs":0.0,"wins":0,"draws":0,"losses":0,"trades":0,"profit_factor":0.0},{"date":"27/10/2025","date_ts":1761523200000,"profit_abs":0.0,"wins":0,"draws":0,"losses":0,"trades":0,"profit_factor":0.0},{"date":"03/11/2025","date_ts":1762128000000,"profit_abs":-4.42762777,"wins":1,"draws":1,"losses":1,"trades":3,"profit_factor":0.0612843},{"date":"10/11/2025","date_ts":1762732800000,"profit_abs":1.58992773,"wins":1,"draws":0,"losses":0,"trades":1,"profit_factor":0.0},{"date":"17/11/2025","date_ts":1763337600000,"profit_abs":0.69495279,"wins":1,"draws":0,"losses":0,"trades":1,"profit_factor":0.0},{"date":"24/11/2025","date_ts":1763942400000,"profit_abs":0.0,"wins":0,"draws":1,"losses":0,"trades":1,"profit_factor":0.0},{"date":"01/12/2025","date_ts":1764547200000,"profit_abs":-1.37224156,"wins":1,"draws":0,"losses":1,"trades":2,"profit_factor":0.67641327},{"date":"08/12/2025","date_ts":1765152000000,"profit_abs":0.0,"wins":0,"draws":1,"losses":0,"trades":1,"profit_factor":0.0},{"date":"15/12/2025","date_ts":1765756800000,"profit_abs":9.85897875,"wins":1,"draws":1,"losses":0,"trades":2,"profit_factor":0.0},{"date":"22/12/2025","date_ts":1766361600000,"profit_abs":9.31489514,"wins":2,"draws":0,"losses":0,"trades":2,"profit_factor":0.0},{"date":"29/12/2025","date_ts":1766966400000,"profit_abs":0.3248428,"wins":1,"draws":0,"losses":0,"trades":1,"profit_factor":0.0}],"month":[{"date":"31/10/2025","date_ts":1761868800000,"profit_abs":8.12263612,"wins":2,"draws":1,"losses":0,"trades":3,"profit_factor":0.0},{"date":"30/11/2025","date_ts":1764460800000,"profit_abs":-3.80404763,"wins":3,"draws":2,"losses":2,"trades":7,"profit_factor":0.57531832},{"date":"31/12/2025","date_ts":1767139200000,"profit_abs":19.49871669,"wins":4,"draws":2,"losses":0,"trades":6,"profit_factor":0.0}],"year":[{"date":"31/12/2025","date_ts":1767139200000,"profit_abs":23.81730518,"wins":9,"draws":5,"losses":2,"trades":16,"profit_factor":3.65895021}],"weekday":[{"date":"Monday","date_ts":0,"profit_abs":0.0,"wins":0,"draws":1,"losses":0,"trades":1,"profit_factor":0.0},{"date":"Tuesday","date_ts":1,"profit_abs":12.72745983,"wins":2,"draws":0,"losses":0,"trades":2,"profit_factor":0.0},{"date":"Wednesday","date_ts":2,"profit_abs":0.3248428,"wins":1,"draws":1,"losses":0,"trades":2,"profit_factor":0.0},{"date":"Thursday","date_ts":3,"profit_abs":5.47034394,"wins":1,"draws":0,"losses":0,"trades":1,"profit_factor":0.0},{"date":"Friday","date_ts":4,"profit_abs":1.48281511,"wins":3,"draws":0,"losses":1,"trades":4,"profit_factor":1.34966095},{"date":"Saturday","date_ts":5,"profit_abs":0.0,"wins":0,"draws":3,"losses":0,"trades":3,"profit_factor":0.0},{"date":"Sunday","date_ts":6,"profit_abs":3.8118435,"wins":2,"draws":0,"losses":1,"trades":3,"profit_factor":1.80816129}]},"backtest_best_day":0.029722498963783994,"backtest_worst_day":-0.01416810996660829,"backtest_best_day_abs":9.85897875,"backtest_worst_day_abs":-4.71668659,"winning_days":9,"draw_days":70,"losing_days":2,"daily_profit":[["2025-10-05",7.8335773],["2025-10-06",0.0],["2025-10-07",0.0],["2025-10-08",0.0],["2025-10-09",0.0],["2025-10-10",0.0],["2025-10-11",0.0],["2025-10-12",0.0],["2025-10-13",0.0],["2025-10-14",0.0],["2025-10-15",0.0],["2025-10-16",0.0],["2025-10-17",0.0],["2025-10-18",0.0],["2025-10-19",0.0],["2025-10-20",0.0],["2025-10-21",0.0],["2025-10-22",0.0],["2025-10-23",0.0],["2025-10-24",0.0],["2025-10-25",0.0],["2025-10-26",0.0],["2025-10-27",0.0],["2025-10-28",0.0],["2025-10-29",0.0],["2025-10-30",0.0],["2025-10-31",0.28905882],["2025-11-01",0.0],["2025-11-02",-4.71668659],["2025-11-03",0.0],["2025-11-04",0.0],["2025-11-05",0.0],["2025-11-06",0.0],["2025-11-07",1.58992773],["2025-11-08",0.0],["2025-11-09",0.0],["2025-11-10",0.0],["2025-11-11",0.0],["2025-11-12",0.0],["2025-11-13",0.0],["2025-11-14",0.0],["2025-11-15",0.0],["2025-11-16",0.69495279],["2025-11-17",0.0],["2025-11-18",0.0],["2025-11-19",0.0],["2025-11-20",0.0],["2025-11-21",0.0],["2025-11-22",0.0],["2025-11-23",0.0],["2025-11-24",0.0],["2025-11-25",2.86848108],["2025-11-26",0.0],["2025-11-27",0.0],["2025-11-28",-4.24072264],["2025-11-29",0.0],["2025-11-30",0.0],["2025-12-01",0.0],["2025-12-02",0.0],["2025-12-03",0.0],["2025-12-04",0.0],["2025-12-05",0.0],["2025-12-06",0.0],["2025-12-07",0.0],["2025-12-08",0.0],["2025-12-09",9.85897875],["2025-12-10",0.0],["2025-12-11",0.0],["2025-12-12",0.0],["2025-12-13",0.0],["2025-12-14",0.0],["2025-12-15",0.0],["2025-12-16",0.0],["2025-12-17",0.0],["2025-12-18",5.47034394],["2025-12-19",3.8445512],["2025-12-20",0.0],["2025-12-21",0.0],["2025-12-22",0.0],["2025-12-23",0.0],["2025-12-24",0.3248428]],"wins":9,"losses":2,"draws":5,"winrate":0.5625,"holding_avg":"2:15:00","holding_avg_s":8100.0,"winner_holding_min":"0d 02:00","winner_holding_min_s":7200.0,"winner_holding_max":"0d 02:00","winner_holding_max_s":7200.0,"winner_holding_avg":"0d 02:00","winner_holding_avg_s":7200.0,"loser_holding_min":"0d 03:00","loser_holding_min_s":10800.0,"loser_holding_max":"0d 04:00","loser_holding_max_s":14400.0,"loser_holding_avg":"0d 03:30","loser_holding_avg_s":12600.0,"max_consecutive_wins":3,"max_consecutive_losses":2,"max_drawdown_account":0.00467868334764636,"max_relative_drawdown":0.00467868334764636,"max_drawdown_abs":4.71668659,"drawdown_start":"2025-10-31 06:00:00","drawdown_start_ts":1761890400000.0,"drawdown_end":"2025-11-02 11:00:00","drawdown_end_ts":1762081200000.0,"drawdown_duration":"2 days 05:00:00","drawdown_duration_s":190800.0,"max_drawdown_low":3.405949529999999,"max_drawdown_high":8.12263612,"csum_min":1003.40594953,"csum_max":1023.81730518}},"strategy_comparison":[{"key":"ACO_29_23","trades":16,"profit_mean":0.00447785677281828,"profit_mean_pct":0.45,"profit_total_abs":23.817305179999998,"profit_total":0.023817305179999998,"profit_total_pct":2.38,"duration_avg":"2:15:00","wins":9,"draws":5,"losses":2,"winrate":0.5625,"cagr":0.09261203585756173,"expectancy":1.48858157375,"expectancy_ratio":0.01986877662448827,"sortino":19.711662519160544,"sharpe":1.266587492408534,"calmar":100.26368591931184,"sqn":1.5566,"profit_factor":3.658950212995907,"max_drawdown_account":0.00467868334764636,"max_drawdown_abs":"4.717"}]}