{"strategy":{"ACO_62_8":{"trades":[{"pair":"DOGE/USDT","stake_amount":329.9623,"max_stake_amount":329.9623,"amount":1285.0,"open_date":"2025-10-03 02:00:00+00:00","close_date":"2025-10-03 04:00:00+00:00","open_rate":0.25678,"close_rate":0.25925,"fee_open":0.001,"fee_close":0.001,"trade_duration":120,"profit_ratio":0.007601908178277055,"profit_abs":2.51085145,"exit_reason":"roi","initial_stop_loss_abs":0.24395,"initial_stop_loss_ratio":-0.05,"stop_loss_abs":0.24395,"stop_loss_ratio":-0.05,"min_rate":0.25664,"max_rate":0.26155,"is_open":false,"enter_tag":"","leverage":1.0,"is_short":false,"open_timestamp":1759456800000,"close_timestamp":1759464000000,"orders":[{"amount":1285.0,"safe_price":0.25678,"ft_order_side":"buy","order_filled_timestamp":1759456800000,"ft_is_entry":true,"ft_order_tag":"","cost":330.2922623},{"amount":1285.0,"safe_price":0.25925,"ft_order_side":"sell","order_filled_timestamp":1759464000000,"ft_is_entry":false,"ft_order_tag":"roi","cost":333.4693862499999}],"funding_fees":0.0,"weekday":4},{"pair":"DOGE/USDT","stake_amount":330.74615,"max_stake_amount":330.74615,"amount":1285.0,"open_date":"2025-10-03 06:00:00+00:00","close_date":"2025-10-03 13:00:00+00:00","open_rate":0.25739,"close_rate":0.25790529529529527,"fee_open":0.001,"fee_close":0.001,"trade_duration":420,"profit_ratio":0.0,"profit_abs":0.0,"exit_reason":"roi","initial_stop_loss_abs":0.24453,"initial_stop_loss_ratio":-0.05,"stop_loss_abs":0.24453,"stop_loss_ratio":-0.05,"min_rate":0.25361,"max_rate":0.25793,"is_open":false,"enter_tag":"","leverage":1.0,"is_short":false,"open_timestamp":1759471200000,"close_timestamp":1759496400000,"orders":[{"amount":1285.0,"safe_price":0.25739,"ft_order_side":"buy","order_filled_timestamp":1759471200000,"ft_is_entry":true,"ft_order_tag":"","cost":331.07689615},{"amount":1285.0,"safe_price":0.25790529529529527,"ft_order_side":"sell","order_filled_timestamp":1759496400000,"ft_is_entry":false,"ft_order_tag":"roi","cost":331.73971275890887}],"funding_fees":0.0,"weekday":4},{"pair":"DOGE/USDT","stake_amount":330.76519,"max_stake_amount":330.76519,"amount":1321.0,"open_date":"2025-10-07 18:00:00+00:00","close_date":"2025-10-07 20:00:00+00:00","open_rate":0.25039,"close_rate":0.2508912812812813,"fee_open":0.001,"fee_close":0.001,"trade_duration":120,"profit_ratio":0.0,"profit_abs":0.0,"exit_reason":"roi","initial_stop_loss_abs":0.23788,"initial_stop_loss_ratio":-0.05,"stop_loss_abs":0.23788,"stop_loss_ratio":-0.05,"min_rate":0.24791,"max_rate":0.25214,"is_open":false,"enter_tag":"","leverage":1.0,"is_short":false,"open_timestamp":1759860000000,"close_timestamp":1759867200000,"orders":[{"amount":1321.0,"safe_price":0.25039,"ft_order_side":"buy","order_filled_timestamp":1759860000000,"ft_is_entry":true,"ft_order_tag":"","cost":331.09595519},{"amount":1321.0,"safe_price":0.2508912812812813,"ft_order_side":"sell","order_filled_timestamp":1759867200000,"ft_is_entry":false,"ft_order_tag":"roi","cost":331.7588099551451}],"funding_fees":0.0,"weekday":1},{"pair":"DOGE/USDT","stake_amount":330.61604,"max_stake_amount":330.61604,"amount":1324.0,"open_date":"2025-10-07 22:00:00+00:00","close_date":"2025-10-08 01:00:00+00:00","open_rate":0.24971,"close_rate":0.2502099199199199,"fee_open":0.001,"fee_close":0.001,"trade_duration":180,"profit_ratio":0.0,"profit_abs":0.0,"exit_reason":"roi","initial_stop_loss_abs":0.23723,"initial_stop_loss_ratio":-0.05,"stop_loss_abs":0.23723,"stop_loss_ratio":-0.05,"min_rate":0.24622,"max_rate":0.25061,"is_open":false,"enter_tag":"","leverage":1.0,"is_short":false,"open_timestamp":1759874400000,"close_timestamp":1759885200000,"orders":[{"amount":1324.0,"safe_price":0.24971,"ft_order_side":"buy","order_filled_timestamp":1759874400000,"ft_is_entry":true,"ft_order_tag":"","cost":330.94665603999994},{"amount":1324.0,"safe_price":0.2502099199199199,"ft_order_side":"sell","order_filled_timestamp":1759885200000,"ft_is_entry":false,"ft_order_tag":"roi","cost":331.6092119079479}],"funding_fees":0.0,"weekday":2},{"pair":"DOGE/USDT","stake_amount":330.64374,"max_stake_amount":330.64374,"amount":1351.0,"open_date":"2025-10-08 04:00:00+00:00","close_date":"2025-10-08 06:00:00+00:00","open_rate":0.24474,"close_rate":0.24538,"fee_open":0.001,"fee_close":0.001,"trade_duration":120,"profit_ratio":0.0006117932080177728,"profit_abs":0.20248788,"exit_reason":"roi","initial_stop_loss_abs":0.23251,"initial_stop_loss_ratio":-0.05,"stop_loss_abs":0.23251,"stop_loss_ratio":-0.05,"min_rate":0.24291,"max_rate":0.24706,"is_open":false,"enter_tag":"","leverage":1.0,"is_short":false,"open_timestamp":1759896000000,"close_timestamp":1759903200000,"orders":[{"amount":1351.0,"safe_price":0.24474,"ft_order_side":"buy","order_filled_timestamp":1759896000000,"ft_is_entry":true,"ft_order_tag":"","cost":330.97438374},{"amount":1351.0,"safe_price":0.24538,"ft_order_side":"sell","order_filled_timestamp":1759903200000,"ft_is_entry":false,"ft_order_tag":"roi","cost":331.83988837999993}],"funding_fees":0.0,"weekday":2},{"pair":"DOGE/USDT","stake_amount":330.86742,"max_stake_amount":330.86742,"amount":1794.0,"open_date":"2025-10-11 20:00:00+00:00","close_date":"2025-10-11 22:00:00+00:00","open_rate":0.18443,"close_rate":0.18479922922922923,"fee_open":0.001,"fee_close":0.001,"trade_duration":120,"profit_ratio":0.0,"profit_abs":0.0,"exit_reason":"roi","initial_stop_loss_abs":0.17521,"initial_stop_loss_ratio":-0.05,"stop_loss_abs":0.17521,"stop_loss_ratio":-0.05,"min_rate":0.17816,"max_rate":0.18622,"is_open":false,"enter_tag":"","leverage":1.0,"is_short":false,"open_timestamp":1760212800000,"close_timestamp":1760220000000,"orders":[{"amount":1794.0,"safe_price":0.18443,"ft_order_side":"buy","order_filled_timestamp":1760212800000,"ft_is_entry":true,"ft_order_tag":"","cost":331.19828742},{"amount":1794.0,"safe_price":0.18479922922922923,"ft_order_side":"sell","order_filled_timestamp":1760220000000,"ft_is_entry":false,"ft_order_tag":"roi","cost":331.86134705447444}],"funding_fees":0.0,"weekday":5},{"pair":"DOGE/USDT","stake_amount":330.87131,"max_stake_amount":330.87131,"amount":1687.0,"open_date":"2025-10-14 13:00:00+00:00","close_date":"2025-10-14 15:00:00+00:00","open_rate":0.19613,"close_rate":0.19895,"fee_open":0.001,"fee_close":0.001,"trade_duration":120,"profit_ratio":0.012351488821177292,"profit_abs":4.09084004,"exit_reason":"roi","initial_stop_loss_abs":0.18633,"initial_stop_loss_ratio":-0.05,"stop_loss_abs":0.18633,"stop_loss_ratio":-0.05,"min_rate":0.1933,"max_rate":0.20388,"is_open":false,"enter_tag":"","leverage":1.0,"is_short":false,"open_timestamp":1760446800000,"close_timestamp":1760454000000,"orders":[{"amount":1687.0,"safe_price":0.19613,"ft_order_side":"buy","order_filled_timestamp":1760446800000,"ft_is_entry":true,"ft_order_tag":"","cost":331.20218130999996},{"amount":1687.0,"safe_price":0.19895,"ft_order_side":"sell","order_filled_timestamp":1760454000000,"ft_is_entry":false,"ft_order_tag":"roi","cost":335.96427865}],"funding_fees":0.0,"weekday":1},{"pair":"DOGE/USDT","stake_amount":332.07722,"max_stake_amount":332.07722,"amount":1702.0,"open_date":"2025-10-15 22:00:00+00:00","close_date":"2025-10-16 00:00:00+00:00","open_rate":0.19511,"close_rate":0.19621,"fee_open":0.001,"fee_close":0.001,"trade_duration":120,"profit_ratio":0.0036285788938138896,"profit_abs":1.20617336,"exit_reason":"roi","initial_stop_loss_abs":0.18536,"initial_stop_loss_ratio":-0.05,"stop_loss_abs":0.18536,"stop_loss_ratio":-0.05,"min_rate":0.1946,"max_rate":0.19684,"is_open":false,"enter_tag":"","leverage":1.0,"is_short":false,"open_timestamp":1760565600000,"close_timestamp":1760572800000,"orders":[{"amount":1702.0,"safe_price":0.19511,"ft_order_side":"buy","order_filled_timestamp":1760565600000,"ft_is_entry":true,"ft_order_tag":"","cost":332.40929722},{"amount":1702.0,"safe_price":0.19621,"ft_order_side":"sell","order_filled_timestamp":1760572800000,"ft_is_entry":false,"ft_order_tag":"roi","cost":334.28336941999993}],"funding_fees":0.0,"weekday":3},{"pair":"DOGE/USDT","stake_amount":332.62152,"max_stake_amount":332.62152,"amount":1756.0,"open_date":"2025-10-16 16:00:00+00:00","close_date":"2025-10-16 18:00:00+00:00","open_rate":0.18942,"close_rate":0.19127,"fee_open":0.001,"fee_close":0.001,"trade_duration":120,"profit_ratio":0.007749140311699704,"profit_abs":2.58010836,"exit_reason":"roi","initial_stop_loss_abs":0.17995,"initial_stop_loss_ratio":-0.05,"stop_loss_abs":0.17995,"stop_loss_ratio":-0.05,"min_rate":0.1875,"max_rate":0.19484,"is_open":false,"enter_tag":"","leverage":1.0,"is_short":false,"open_timestamp":1760630400000,"close_timestamp":1760637600000,"orders":[{"amount":1756.0,"safe_price":0.18942,"ft_order_side":"buy","order_filled_timestamp":1760630400000,"ft_is_entry":true,"ft_order_tag":"","cost":332.95414152},{"amount":1756.0,"safe_price":0.19127,"ft_order_side":"sell","order_filled_timestamp":1760637600000,"ft_is_entry":false,"ft_order_tag":"roi","cost":336.20599011999997}],"funding_fees":0.0,"weekday":3},{"pair":"DOGE/USDT","stake_amount":333.3925,"max_stake_amount":333.3925,"amount":1750.0,"open_date":"2025-10-16 19:00:00+00:00","close_date":"2025-10-17 01:00:00+00:00","open_rate":0.19051,"close_rate":0.1908914014014014,"fee_open":0.001,"fee_close":0.001,"trade_duration":360,"profit_ratio":0.0,"profit_abs":0.0,"exit_reason":"roi","initial_stop_loss_abs":0.18099,"initial_stop_loss_ratio":-0.05,"stop_loss_abs":0.18099,"stop_loss_ratio":-0.05,"min_rate":0.18469,"max_rate":0.19114,"is_open":false,"enter_tag":"","leverage":1.0,"is_short":false,"open_timestamp":1760641200000,"close_timestamp":1760662800000,"orders":[{"amount":1750.0,"safe_price":0.19051,"ft_order_side":"buy","order_filled_timestamp":1760641200000,"ft_is_entry":true,"ft_order_tag":"","cost":333.7258925},{"amount":1750.0,"safe_price":0.1908914014014014,"ft_order_side":"sell","order_filled_timestamp":1760662800000,"ft_is_entry":false,"ft_order_tag":"roi","cost":334.3940124049049}],"funding_fees":0.0,"weekday":4},{"pair":"DOGE/USDT","stake_amount":333.4275,"max_stake_amount":333.4275,"amount":1827.0,"open_date":"2025-10-17 07:00:00+00:00","close_date":"2025-10-17 11:00:00+00:00","open_rate":0.1825,"close_rate":0.18286536536536532,"fee_open":0.001,"fee_close":0.001,"trade_duration":240,"profit_ratio":0.0,"profit_abs":0.0,"exit_reason":"roi","initial_stop_loss_abs":0.17338,"initial_stop_loss_ratio":-0.05,"stop_loss_abs":0.17338,"stop_loss_ratio":-0.05,"min_rate":0.17555,"max_rate":0.184,"is_open":false,"enter_tag":"","leverage":1.0,"is_short":false,"open_timestamp":1760684400000,"close_timestamp":1760698800000,"orders":[{"amount":1827.0,"safe_price":0.1825,"ft_order_side":"buy","order_filled_timestamp":1760684400000,"ft_is_entry":true,"ft_order_tag":"","cost":333.7609275},{"amount":1827.0,"safe_price":0.18286536536536532,"ft_order_side":"sell","order_filled_timestamp":1760698800000,"ft_is_entry":false,"ft_order_tag":"roi","cost":334.42911754504496}],"funding_fees":0.0,"weekday":4},{"pair":"DOGE/USDT","stake_amount":333.46328,"max_stake_amount":333.46328,"amount":1643.0,"open_date":"2025-10-27 10:00:00+00:00","close_date":"2025-10-27 12:00:00+00:00","open_rate":0.20296,"close_rate":0.2033663263263263,"fee_open":0.001,"fee_close":0.001,"trade_duration":120,"profit_ratio":0.0,"profit_abs":0.0,"exit_reason":"roi","initial_stop_loss_abs":0.19282,"initial_stop_loss_ratio":-0.05,"stop_loss_abs":0.19282,"stop_loss_ratio":-0.05,"min_rate":0.20158,"max_rate":0.20385,"is_open":false,"enter_tag":"","leverage":1.0,"is_short":false,"open_timestamp":1761559200000,"close_timestamp":1761566400000,"orders":[{"amount":1643.0,"safe_price":0.20296,"ft_order_side":"buy","order_filled_timestamp":1761559200000,"ft_is_entry":true,"ft_order_tag":"","cost":333.79674328},{"amount":1643.0,"safe_price":0.2033663263263263,"ft_order_side":"sell","order_filled_timestamp":1761566400000,"ft_is_entry":false,"ft_order_tag":"roi","cost":334.46500502830827}],"funding_fees":0.0,"weekday":0},{"pair":"DOGE/USDT","stake_amount":333.465,"max_stake_amount":333.465,"amount":1650.0,"open_date":"2025-10-27 13:00:00+00:00","close_date":"2025-10-27 15:00:00+00:00","open_rate":0.2021,"close_rate":0.2025046046046046,"fee_open":0.001,"fee_close":0.001,"trade_duration":120,"profit_ratio":0.0,"profit_abs":0.0,"exit_reason":"roi","initial_stop_loss_abs":0.192,"initial_stop_loss_ratio":-0.05,"stop_loss_abs":0.192,"stop_loss_ratio":-0.05,"min_rate":0.20053,"max_rate":0.20381,"is_open":false,"enter_tag":"","leverage":1.0,"is_short":false,"open_timestamp":1761570000000,"close_timestamp":1761577200000,"orders":[{"amount":1650.0,"safe_price":0.2021,"ft_order_side":"buy","order_filled_timestamp":1761570000000,"ft_is_entry":true,"ft_order_tag":"","cost":333.79846499999996},{"amount":1650.0,"safe_price":0.2025046046046046,"ft_order_side":"sell","order_filled_timestamp":1761577200000,"ft_is_entry":false,"ft_order_tag":"roi","cost":334.4667301951951}],"funding_fees":0.0,"weekday":0},{"pair":"DOGE/USDT","stake_amount":333.31662,"max_stake_amount":333.31662,"amount":1729.0,"open_date":"2025-10-28 22:00:00+00:00","close_date":"2025-10-29 00:00:00+00:00","open_rate":0.19278,"close_rate":0.19362,"fee_open":0.001,"fee_close":0.001,"trade_duration":120,"profit_ratio":0.0023505905858847037,"profit_abs":0.7842744,"exit_reason":"roi","initial_stop_loss_abs":0.18315,"initial_stop_loss_ratio":-0.05,"stop_loss_abs":0.18315,"stop_loss_ratio":-0.05,"min_rate":0.19202,"max_rate":0.1942,"is_open":false,"enter_tag":"","leverage":1.0,"is_short":false,"open_timestamp":1761688800000,"close_timestamp":1761696000000,"orders":[{"amount":1729.0,"safe_price":0.19278,"ft_order_side":"buy","order_filled_timestamp":1761688800000,"ft_is_entry":true,"ft_order_tag":"","cost":333.64993661999995},{"amount":1729.0,"safe_price":0.19362,"ft_order_side":"sell","order_filled_timestamp":1761696000000,"ft_is_entry":false,"ft_order_tag":"roi","cost":335.10374898}],"funding_fees":0.0,"weekday":2},{"pair":"DOGE/USDT","stake_amount":333.74275,"max_stake_amount":333.74275,"amount":1727.0,"open_date":"2025-10-29 15:00:00+00:00","close_date":"2025-10-29 17:00:00+00:00","open_rate":0.19325,"close_rate":0.19363688688688688,"fee_open":0.001,"fee_close":0.001,"trade_duration":120,"profit_ratio":0.0,"profit_abs":0.0,"exit_reason":"roi","initial_stop_loss_abs":0.18359,"initial_stop_loss_ratio":-0.05,"stop_loss_abs":0.18359,"stop_loss_ratio":-0.05,"min_rate":0.19022,"max_rate":0.19609,"is_open":false,"enter_tag":"","leverage":1.0,"is_short":false,"open_timestamp":1761750000000,"close_timestamp":1761757200000,"orders":[{"amount":1727.0,"safe_price":0.19325,"ft_order_side":"buy","order_filled_timestamp":1761750000000,"ft_is_entry":true,"ft_order_tag":"","cost":334.07649274999994},{"amount":1727.0,"safe_price":0.19363688688688688,"ft_order_side":"sell","order_filled_timestamp":1761757200000,"ft_is_entry":false,"ft_order_tag":"roi","cost":334.74531455730727}],"funding_fees":0.0,"weekday":2},{"pair":"DOGE/USDT","stake_amount":333.63366,"max_stake_amount":333.63366,"amount":1779.0,"open_date":"2025-10-30 05:00:00+00:00","close_date":"2025-10-30 07:00:00+00:00","open_rate":0.18754,"close_rate":0.1913,"fee_open":0.001,"fee_close":0.001,"trade_duration":120,"profit_ratio":0.018010996148993378,"profit_abs":6.01508364,"exit_reason":"roi","initial_stop_loss_abs":0.17817,"initial_stop_loss_ratio":-0.05,"stop_loss_abs":0.17817,"stop_loss_ratio":-0.05,"min_rate":0.18712,"max_rate":0.19346,"is_open":false,"enter_tag":"","leverage":1.0,"is_short":false,"open_timestamp":1761800400000,"close_timestamp":1761807600000,"orders":[{"amount":1779.0,"safe_price":0.18754,"ft_order_side":"buy","order_filled_timestamp":1761800400000,"ft_is_entry":true,"ft_order_tag":"","cost":333.96729366},{"amount":1779.0,"safe_price":0.1913,"ft_order_side":"sell","order_filled_timestamp":1761807600000,"ft_is_entry":false,"ft_order_tag":"roi","cost":340.66302269999994}],"funding_fees":0.0,"weekday":3},{"pair":"DOGE/USDT","stake_amount":335.69656,"max_stake_amount":335.69656,"amount":1786.0,"open_date":"2025-10-30 12:00:00+00:00","close_date":"2025-10-30 17:00:00+00:00","open_rate":0.18796,"close_rate":0.17857,"fee_open":0.001,"fee_close":0.001,"trade_duration":300,"profit_ratio":-0.05185562469027035,"profit_abs":-17.42516258,"exit_reason":"stop_loss","initial_stop_loss_abs":0.17857,"initial_stop_loss_ratio":-0.05,"stop_loss_abs":0.17857,"stop_loss_ratio":-0.05,"min_rate":0.17822,"max_rate":0.18833,"is_open":false,"enter_tag":"","leverage":1.0,"is_short":false,"open_timestamp":1761825600000,"close_timestamp":1761843600000,"orders":[{"amount":1786.0,"safe_price":0.18796,"ft_order_side":"buy","order_filled_timestamp":1761825600000,"ft_is_entry":true,"ft_order_tag":"","cost":336.03225655999995},{"amount":1786.0,"safe_price":0.17857,"ft_order_side":"sell","order_filled_timestamp":1761843600000,"ft_is_entry":false,"ft_order_tag":"stop_loss","cost":319.24494602}],"funding_fees":0.0,"weekday":3},{"pair":"DOGE/USDT","stake_amount":329.91966,"max_stake_amount":329.91966,"amount":1827.0,"open_date":"2025-10-30 18:00:00+00:00","close_date":"2025-10-30 23:00:00+00:00","open_rate":0.18058,"close_rate":0.1809415215215215,"fee_open":0.001,"fee_close":0.001,"trade_duration":300,"profit_ratio":0.0,"profit_abs":0.0,"exit_reason":"roi","initial_stop_loss_abs":0.17156,"initial_stop_loss_ratio":-0.05,"stop_loss_abs":0.17156,"stop_loss_ratio":-0.05,"min_rate":0.17642,"max_rate":0.18287,"is_open":false,"enter_tag":"","leverage":1.0,"is_short":false,"open_timestamp":1761847200000,"close_timestamp":1761865200000,"orders":[{"amount":1827.0,"safe_price":0.18058,"ft_order_side":"buy","order_filled_timestamp":1761847200000,"ft_is_entry":true,"ft_order_tag":"","cost":330.24957965999994},{"amount":1827.0,"safe_price":0.1809415215215215,"ft_order_side":"sell","order_filled_timestamp":1761865200000,"ft_is_entry":false,"ft_order_tag":"roi","cost":330.9107399796395}],"funding_fees":0.0,"weekday":3},{"pair":"DOGE/USDT","stake_amount":329.8698,"max_stake_amount":329.8698,"amount":1905.0,"open_date":"2025-11-03 07:00:00+00:00","close_date":"2025-11-03 09:00:00+00:00","open_rate":0.17316,"close_rate":0.1738,"fee_open":0.001,"fee_close":0.001,"trade_duration":120,"profit_ratio":0.00169061707523246,"profit_abs":0.5582412,"exit_reason":"roi","initial_stop_loss_abs":0.16451,"initial_stop_loss_ratio":-0.05,"stop_loss_abs":0.16451,"stop_loss_ratio":-0.05,"min_rate":0.17236,"max_rate":0.17534,"is_open":false,"enter_tag":"","leverage":1.0,"is_short":false,"open_timestamp":1762153200000,"close_timestamp":1762160400000,"orders":[{"amount":1905.0,"safe_price":0.17316,"ft_order_side":"buy","order_filled_timestamp":1762153200000,"ft_is_entry":true,"ft_order_tag":"","cost":330.1996698},{"amount":1905.0,"safe_price":0.1738,"ft_order_side":"sell","order_filled_timestamp":1762160400000,"ft_is_entry":false,"ft_order_tag":"roi","cost":331.42008899999996}],"funding_fees":0.0,"weekday":0},{"pair":"DOGE/USDT","stake_amount":330.06792,"max_stake_amount":330.06792,"amount":1911.0,"open_date":"2025-11-03 10:00:00+00:00","close_date":"2025-11-03 12:00:00+00:00","open_rate":0.17272,"close_rate":0.17423,"fee_open":0.001,"fee_close":0.001,"trade_duration":120,"profit_ratio":0.006727003890042335,"profit_abs":2.22258855,"exit_reason":"roi","initial_stop_loss_abs":0.16409,"initial_stop_loss_ratio":-0.05,"stop_loss_abs":0.16409,"stop_loss_ratio":-0.05,"min_rate":0.1714,"max_rate":0.17564,"is_open":false,"enter_tag":"","leverage":1.0,"is_short":false,"open_timestamp":1762164000000,"close_timestamp":1762171200000,"orders":[{"amount":1911.0,"safe_price":0.17272,"ft_order_side":"buy","order_filled_timestamp":1762164000000,"ft_is_entry":true,"ft_order_tag":"","cost":330.39798792},{"amount":1911.0,"safe_price":0.17423,"ft_order_side":"sell","order_filled_timestamp":1762171200000,"ft_is_entry":false,"ft_order_tag":"roi","cost":333.28648352999994}],"funding_fees":0.0,"weekday":0},{"pair":"DOGE/USDT","stake_amount":330.79095,"max_stake_amount":330.79095,"amount":1995.0,"open_date":"2025-11-03 23:00:00+00:00","close_date":"2025-11-04 01:00:00+00:00","open_rate":0.16581,"close_rate":0.16869,"fee_open":0.001,"fee_close":0.001,"trade_duration":120,"profit_ratio":0.015336572239050978,"profit_abs":5.0782725,"exit_reason":"roi","initial_stop_loss_abs":0.15752,"initial_stop_loss_ratio":-0.05,"stop_loss_abs":0.15752,"stop_loss_ratio":-0.05,"min_rate":0.16433,"max_rate":0.17033,"is_open":false,"enter_tag":"","leverage":1.0,"is_short":false,"open_timestamp":1762210800000,"close_timestamp":1762218000000,"orders":[{"amount":1995.0,"safe_price":0.16581,"ft_order_side":"buy","order_filled_timestamp":1762210800000,"ft_is_entry":true,"ft_order_tag":"","cost":331.12174094999995},{"amount":1995.0,"safe_price":0.16869,"ft_order_side":"sell","order_filled_timestamp":1762218000000,"ft_is_entry":false,"ft_order_tag":"roi","cost":336.87308655}],"funding_fees":0.0,"weekday":1},{"pair":"DOGE/USDT","stake_amount":332.48976,"max_stake_amount":332.48976,"amount":2064.0,"open_date":"2025-11-04 06:00:00+00:00","close_date":"2025-11-04 08:00:00+00:00","open_rate":0.16109,"close_rate":0.16201,"fee_open":0.001,"fee_close":0.001,"trade_duration":120,"profit_ratio":0.0037016804041448653,"profit_abs":1.2320016,"exit_reason":"roi","initial_stop_loss_abs":0.15304,"initial_stop_loss_ratio":-0.05,"stop_loss_abs":0.15304,"stop_loss_ratio":-0.05,"min_rate":0.16062,"max_rate":0.16735,"is_open":false,"enter_tag":"","leverage":1.0,"is_short":false,"open_timestamp":1762236000000,"close_timestamp":1762243200000,"orders":[{"amount":2064.0,"safe_price":0.16109,"ft_order_side":"buy","order_filled_timestamp":1762236000000,"ft_is_entry":true,"ft_order_tag":"","cost":332.82224976000003},{"amount":2064.0,"safe_price":0.16201,"ft_order_side":"sell","order_filled_timestamp":1762243200000,"ft_is_entry":false,"ft_order_tag":"roi","cost":334.72302863999994}],"funding_fees":0.0,"weekday":1},{"pair":"DOGE/USDT","stake_amount":332.97264,"max_stake_amount":332.97264,"amount":2079.0,"open_date":"2025-11-04 17:00:00+00:00","close_date":"2025-11-04 19:00:00+00:00","open_rate":0.16016,"close_rate":0.16048064064064063,"fee_open":0.001,"fee_close":0.001,"trade_duration":120,"profit_ratio":0.0,"profit_abs":0.0,"exit_reason":"roi","initial_stop_loss_abs":0.15216,"initial_stop_loss_ratio":-0.05,"stop_loss_abs":0.15216,"stop_loss_ratio":-0.05,"min_rate":0.15419,"max_rate":0.16152,"is_open":false,"enter_tag":"","leverage":1.0,"is_short":false,"open_timestamp":1762275600000,"close_timestamp":1762282800000,"orders":[{"amount":2079.0,"safe_price":0.16016,"ft_order_side":"buy","order_filled_timestamp":1762275600000,"ft_is_entry":true,"ft_order_tag":"","cost":333.30561264},{"amount":2079.0,"safe_price":0.16048064064064063,"ft_order_side":"sell","order_filled_timestamp":1762282800000,"ft_is_entry":false,"ft_order_tag":"roi","cost":333.9728911437837}],"funding_fees":0.0,"weekday":1},{"pair":"DOGE/USDT","stake_amount":332.90824,"max_stake_amount":332.90824,"amount":2072.0,"open_date":"2025-11-06 15:00:00+00:00","close_date":"2025-11-06 18:00:00+00:00","open_rate":0.16067,"close_rate":0.16099166166166165,"fee_open":0.001,"fee_close":0.001,"trade_duration":180,"profit_ratio":0.0,"profit_abs":0.0,"exit_reason":"roi","initial_stop_loss_abs":0.15264,"initial_stop_loss_ratio":-0.05,"stop_loss_abs":0.15264,"stop_loss_ratio":-0.05,"min_rate":0.15693,"max_rate":0.16234,"is_open":false,"enter_tag":"","leverage":1.0,"is_short":false,"open_timestamp":1762441200000,"close_timestamp":1762452000000,"orders":[{"amount":2072.0,"safe_price":0.16067,"ft_order_side":"buy","order_filled_timestamp":1762441200000,"ft_is_entry":true,"ft_order_tag":"","cost":333.24114824},{"amount":2072.0,"safe_price":0.16099166166166165,"ft_order_side":"sell","order_filled_timestamp":1762452000000,"ft_is_entry":false,"ft_order_tag":"roi","cost":333.90829768592585}],"funding_fees":0.0,"weekday":3},{"pair":"DOGE/USDT","stake_amount":332.9234,"max_stake_amount":332.9234,"amount":1940.0,"open_date":"2025-11-12 04:00:00+00:00","close_date":"2025-11-12 06:00:00+00:00","open_rate":0.17161,"close_rate":0.17202,"fee_open":0.001,"fee_close":0.001,"trade_duration":120,"profit_ratio":0.00038636266128836495,"profit_abs":0.1287578,"exit_reason":"roi","initial_stop_loss_abs":0.16303,"initial_stop_loss_ratio":-0.05,"stop_loss_abs":0.16303,"stop_loss_ratio":-0.05,"min_rate":0.17109,"max_rate":0.17298,"is_open":false,"enter_tag":"","leverage":1.0,"is_short":false,"open_timestamp":1762920000000,"close_timestamp":1762927200000,"orders":[{"amount":1940.0,"safe_price":0.17161,"ft_order_side":"buy","order_filled_timestamp":1762920000000,"ft_is_entry":true,"ft_order_tag":"","cost":333.2563234},{"amount":1940.0,"safe_price":0.17202,"ft_order_side":"sell","order_filled_timestamp":1762927200000,"ft_is_entry":false,"ft_order_tag":"roi","cost":334.0525188}],"funding_fees":0.0,"weekday":2},{"pair":"DOGE/USDT","stake_amount":332.93648,"max_stake_amount":332.93648,"amount":1942.0,"open_date":"2025-11-12 08:00:00+00:00","close_date":"2025-11-12 10:00:00+00:00","open_rate":0.17144,"close_rate":0.17514,"fee_open":0.001,"fee_close":0.001,"trade_duration":120,"profit_ratio":0.01954077187394966,"profit_abs":6.51234164,"exit_reason":"roi","initial_stop_loss_abs":0.16287,"initial_stop_loss_ratio":-0.05,"stop_loss_abs":0.16287,"stop_loss_ratio":-0.05,"min_rate":0.17144,"max_rate":0.17655,"is_open":false,"enter_tag":"","leverage":1.0,"is_short":false,"open_timestamp":1762934400000,"close_timestamp":1762941600000,"orders":[{"amount":1942.0,"safe_price":0.17144,"ft_order_side":"buy","order_filled_timestamp":1762934400000,"ft_is_entry":true,"ft_order_tag":"","cost":333.26941647999996},{"amount":1942.0,"safe_price":0.17514,"ft_order_side":"sell","order_filled_timestamp":1762941600000,"ft_is_entry":false,"ft_order_tag":"roi","cost":340.46200187999995}],"funding_fees":0.0,"weekday":2},{"pair":"DOGE/USDT","stake_amount":335.16076,"max_stake_amount":335.16076,"amount":2068.0,"open_date":"2025-11-14 12:00:00+00:00","close_date":"2025-11-14 14:00:00+00:00","open_rate":0.16207,"close_rate":0.16239446446446446,"fee_open":0.001,"fee_close":0.001,"trade_duration":120,"profit_ratio":0.0,"profit_abs":0.0,"exit_reason":"roi","initial_stop_loss_abs":0.15397,"initial_stop_loss_ratio":-0.05,"stop_loss_abs":0.15397,"stop_loss_ratio":-0.05,"min_rate":0.15767,"max_rate":0.16407,"is_open":false,"enter_tag":"","leverage":1.0,"is_short":false,"open_timestamp":1763121600000,"close_timestamp":1763128800000,"orders":[{"amount":2068.0,"safe_price":0.16207,"ft_order_side":"buy","order_filled_timestamp":1763121600000,"ft_is_entry":true,"ft_order_tag":"","cost":335.49592075999993},{"amount":2068.0,"safe_price":0.16239446446446446,"ft_order_side":"sell","order_filled_timestamp":1763128800000,"ft_is_entry":false,"ft_order_tag":"roi","cost":336.16758426502497}],"funding_fees":0.0,"weekday":4},{"pair":"DOGE/USDT","stake_amount":335.14119,"max_stake_amount":335.14119,"amount":2109.0,"open_date":"2025-11-14 21:00:00+00:00","close_date":"2025-11-14 23:00:00+00:00","open_rate":0.15891,"close_rate":0.15933,"fee_open":0.001,"fee_close":0.001,"trade_duration":120,"profit_ratio":0.0006397227465756823,"profit_abs":0.21461184,"exit_reason":"roi","initial_stop_loss_abs":0.15097,"initial_stop_loss_ratio":-0.05,"stop_loss_abs":0.15097,"stop_loss_ratio":-0.05,"min_rate":0.15472,"max_rate":0.16111,"is_open":false,"enter_tag":"","leverage":1.0,"is_short":false,"open_timestamp":1763154000000,"close_timestamp":1763161200000,"orders":[{"amount":2109.0,"safe_price":0.15891,"ft_order_side":"buy","order_filled_timestamp":1763154000000,"ft_is_entry":true,"ft_order_tag":"","cost":335.47633118999994},{"amount":2109.0,"safe_price":0.15933,"ft_order_side":"sell","order_filled_timestamp":1763161200000,"ft_is_entry":false,"ft_order_tag":"roi","cost":336.36299697}],"funding_fees":0.0,"weekday":4},{"pair":"DOGE/USDT","stake_amount":335.2491,"max_stake_amount":335.2491,"amount":2081.0,"open_date":"2025-11-15 09:00:00+00:00","close_date":"2025-11-15 11:00:00+00:00","open_rate":0.1611,"close_rate":0.16195,"fee_open":0.001,"fee_close":0.001,"trade_duration":120,"profit_ratio":0.0032676820386317593,"profit_abs":1.09658295,"exit_reason":"roi","initial_stop_loss_abs":0.15305,"initial_stop_loss_ratio":-0.05,"stop_loss_abs":0.15305,"stop_loss_ratio":-0.05,"min_rate":0.16082,"max_rate":0.16266,"is_open":false,"enter_tag":"","leverage":1.0,"is_short":false,"open_timestamp":1763197200000,"close_timestamp":1763204400000,"orders":[{"amount":2081.0,"safe_price":0.1611,"ft_order_side":"buy","order_filled_timestamp":1763197200000,"ft_is_entry":true,"ft_order_tag":"","cost":335.58434909999994},{"amount":2081.0,"safe_price":0.16195,"ft_order_side":"sell","order_filled_timestamp":1763204400000,"ft_is_entry":false,"ft_order_tag":"roi","cost":337.35496795}],"funding_fees":0.0,"weekday":5},{"pair":"DOGE/USDT","stake_amount":335.543,"max_stake_amount":335.543,"amount":2435.0,"open_date":"2025-11-21 11:00:00+00:00","close_date":"2025-11-21 13:00:00+00:00","open_rate":0.1378,"close_rate":0.13891,"fee_open":0.001,"fee_close":0.001,"trade_duration":120,"profit_ratio":0.0060410561861940675,"profit_abs":2.02906115,"exit_reason":"roi","initial_stop_loss_abs":0.13091,"initial_stop_loss_ratio":-0.05,"stop_loss_abs":0.13091,"stop_loss_ratio":-0.05,"min_rate":0.13321,"max_rate":0.14094,"is_open":false,"enter_tag":"","leverage":1.0,"is_short":false,"open_timestamp":1763722800000,"close_timestamp":1763730000000,"orders":[{"amount":2435.0,"safe_price":0.1378,"ft_order_side":"buy","order_filled_timestamp":1763722800000,"ft_is_entry":true,"ft_order_tag":"","cost":335.878543},{"amount":2435.0,"safe_price":0.13891,"ft_order_side":"sell","order_filled_timestamp":1763730000000,"ft_is_entry":false,"ft_order_tag":"roi","cost":338.58409585}],"funding_fees":0.0,"weekday":4},{"pair":"DOGE/USDT","stake_amount":336.23534,"max_stake_amount":336.23534,"amount":2462.0,"open_date":"2025-11-21 23:00:00+00:00","close_date":"2025-11-22 01:00:00+00:00","open_rate":0.13657,"close_rate":0.14012,"fee_open":0.001,"fee_close":0.001,"trade_duration":120,"profit_ratio":0.023944057699640916,"profit_abs":8.05888922,"exit_reason":"roi","initial_stop_loss_abs":0.12975,"initial_stop_loss_ratio":-0.05,"stop_loss_abs":0.12975,"stop_loss_ratio":-0.05,"min_rate":0.13574,"max_rate":0.14148,"is_open":false,"enter_tag":"","leverage":1.0,"is_short":false,"open_timestamp":1763766000000,"close_timestamp":1763773200000,"orders":[{"amount":2462.0,"safe_price":0.13657,"ft_order_side":"buy","order_filled_timestamp":1763766000000,"ft_is_entry":true,"ft_order_tag":"","cost":336.57157534},{"amount":2462.0,"safe_price":0.14012,"ft_order_side":"sell","order_filled_timestamp":1763773200000,"ft_is_entry":false,"ft_order_tag":"roi","cost":345.32041544}],"funding_fees":0.0,"weekday":5},{"pair":"DOGE/USDT","stake_amount":338.89992,"max_stake_amount":338.89992,"amount":2473.0,"open_date":"2025-11-22 06:00:00+00:00","close_date":"2025-11-22 08:00:00+00:00","open_rate":0.13704,"close_rate":0.13969,"fee_open":0.001,"fee_close":0.001,"trade_duration":120,"profit_ratio":0.017300781530203594,"profit_abs":5.86909671,"exit_reason":"roi","initial_stop_loss_abs":0.13019,"initial_stop_loss_ratio":-0.05,"stop_loss_abs":0.13019,"stop_loss_ratio":-0.05,"min_rate":0.13549,"max_rate":0.14016,"is_open":false,"enter_tag":"","leverage":1.0,"is_short":false,"open_timestamp":1763791200000,"close_timestamp":1763798400000,"orders":[{"amount":2473.0,"safe_price":0.13704,"ft_order_side":"buy","order_filled_timestamp":1763791200000,"ft_is_entry":true,"ft_order_tag":"","cost":339.23881991999997},{"amount":2473.0,"safe_price":0.13969,"ft_order_side":"sell","order_filled_timestamp":1763798400000,"ft_is_entry":false,"ft_order_tag":"roi","cost":345.79882337}],"funding_fees":0.0,"weekday":5},{"pair":"DOGE/USDT","stake_amount":340.80214,"max_stake_amount":340.80214,"amount":2498.0,"open_date":"2025-11-22 09:00:00+00:00","close_date":"2025-11-22 11:00:00+00:00","open_rate":0.13643,"close_rate":0.13677,"fee_open":0.001,"fee_close":0.001,"trade_duration":120,"profit_ratio":0.0004891392416130377,"profit_abs":0.1668664,"exit_reason":"roi","initial_stop_loss_abs":0.12961,"initial_stop_loss_ratio":-0.05,"stop_loss_abs":0.12961,"stop_loss_ratio":-0.05,"min_rate":0.13582,"max_rate":0.14011,"is_open":false,"enter_tag":"","leverage":1.0,"is_short":false,"open_timestamp":1763802000000,"close_timestamp":1763809200000,"orders":[{"amount":2498.0,"safe_price":0.13643,"ft_order_side":"buy","order_filled_timestamp":1763802000000,"ft_is_entry":true,"ft_order_tag":"","cost":341.14294213999995},{"amount":2498.0,"safe_price":0.13677,"ft_order_side":"sell","order_filled_timestamp":1763809200000,"ft_is_entry":false,"ft_order_tag":"roi","cost":341.99311145999997}],"funding_fees":0.0,"weekday":5},{"pair":"DOGE/USDT","stake_amount":340.8636,"max_stake_amount":340.8636,"amount":2499.0,"open_date":"2025-11-22 14:00:00+00:00","close_date":"2025-11-22 16:00:00+00:00","open_rate":0.1364,"close_rate":0.13816,"fee_open":0.001,"fee_close":0.001,"trade_duration":120,"profit_ratio":0.010879443137507654,"profit_abs":3.71211456,"exit_reason":"roi","initial_stop_loss_abs":0.12958,"initial_stop_loss_ratio":-0.05,"stop_loss_abs":0.12958,"stop_loss_ratio":-0.05,"min_rate":0.13632,"max_rate":0.13977,"is_open":false,"enter_tag":"","leverage":1.0,"is_short":false,"open_timestamp":1763820000000,"close_timestamp":1763827200000,"orders":[{"amount":2499.0,"safe_price":0.1364,"ft_order_side":"buy","order_filled_timestamp":1763820000000,"ft_is_entry":true,"ft_order_tag":"","cost":341.20446359999994},{"amount":2499.0,"safe_price":0.13816,"ft_order_side":"sell","order_filled_timestamp":1763827200000,"ft_is_entry":false,"ft_order_tag":"roi","cost":345.60710184}],"funding_fees":0.0,"weekday":5},{"pair":"DOGE/USDT","stake_amount":342.075,"max_stake_amount":342.075,"amount":2500.0,"open_date":"2025-12-01 05:00:00+00:00","close_date":"2025-12-01 07:00:00+00:00","open_rate":0.13683,"close_rate":0.1371039339339339,"fee_open":0.001,"fee_close":0.001,"trade_duration":120,"profit_ratio":0.0,"profit_abs":0.0,"exit_reason":"roi","initial_stop_loss_abs":0.12999,"initial_stop_loss_ratio":-0.05,"stop_loss_abs":0.12999,"stop_loss_ratio":-0.05,"min_rate":0.13655,"max_rate":0.13778,"is_open":false,"enter_tag":"","leverage":1.0,"is_short":false,"open_timestamp":1764565200000,"close_timestamp":1764572400000,"orders":[{"amount":2500.0,"safe_price":0.13683,"ft_order_side":"buy","order_filled_timestamp":1764565200000,"ft_is_entry":true,"ft_order_tag":"","cost":342.417075},{"amount":2500.0,"safe_price":0.1371039339339339,"ft_order_side":"sell","order_filled_timestamp":1764572400000,"ft_is_entry":false,"ft_order_tag":"roi","cost":343.1025946696696}],"funding_fees":0.0,"weekday":0},{"pair":"DOGE/USDT","stake_amount":342.02869,"max_stake_amount":342.02869,"amount":2539.0,"open_date":"2025-12-02 09:00:00+00:00","close_date":"2025-12-02 11:00:00+00:00","open_rate":0.13471,"close_rate":0.1367,"fee_open":0.001,"fee_close":0.001,"trade_duration":120,"profit_ratio":0.012744956772868583,"profit_abs":4.36350001,"exit_reason":"roi","initial_stop_loss_abs":0.12798,"initial_stop_loss_ratio":-0.05,"stop_loss_abs":0.12798,"stop_loss_ratio":-0.05,"min_rate":0.13466,"max_rate":0.1373,"is_open":false,"enter_tag":"","leverage":1.0,"is_short":false,"open_timestamp":1764666000000,"close_timestamp":1764673200000,"orders":[{"amount":2539.0,"safe_price":0.13471,"ft_order_side":"buy","order_filled_timestamp":1764666000000,"ft_is_entry":true,"ft_order_tag":"","cost":342.37071868999993},{"amount":2539.0,"safe_price":0.1367,"ft_order_side":"sell","order_filled_timestamp":1764673200000,"ft_is_entry":false,"ft_order_tag":"roi","cost":347.4283812999999}],"funding_fees":0.0,"weekday":1},{"pair":"DOGE/USDT","stake_amount":343.53318,"max_stake_amount":343.53318,"amount":2274.0,"open_date":"2025-12-04 04:00:00+00:00","close_date":"2025-12-05 13:00:00+00:00","open_rate":0.15107,"close_rate":0.14352,"fee_open":0.001,"fee_close":0.001,"trade_duration":1980,"profit_ratio":-0.05187498012016447,"profit_abs":-17.83859766,"exit_reason":"stop_loss","initial_stop_loss_abs":0.14352,"initial_stop_loss_ratio":-0.05,"stop_loss_abs":0.14352,"stop_loss_ratio":-0.05,"min_rate":0.14295,"max_rate":0.15163,"is_open":false,"enter_tag":"","leverage":1.0,"is_short":false,"open_timestamp":1764820800000,"close_timestamp":1764939600000,"orders":[{"amount":2274.0,"safe_price":0.15107,"ft_order_side":"buy","order_filled_timestamp":1764820800000,"ft_is_entry":true,"ft_order_tag":"","cost":343.87671317999997},{"amount":2274.0,"safe_price":0.14352,"ft_order_side":"sell","order_filled_timestamp":1764939600000,"ft_is_entry":false,"ft_order_tag":"stop_loss","cost":326.69084447999995}],"funding_fees":0.0,"weekday":4},{"pair":"DOGE/USDT","stake_amount":337.66726,"max_stake_amount":337.66726,"amount":2359.0,"open_date":"2025-12-05 14:00:00+00:00","close_date":"2025-12-07 14:00:00+00:00","open_rate":0.14314,"close_rate":0.13599,"fee_open":0.001,"fee_close":0.001,"trade_duration":2880,"profit_ratio":-0.05184929643501671,"profit_abs":-17.52531767,"exit_reason":"stop_loss","initial_stop_loss_abs":0.13599,"initial_stop_loss_ratio":-0.05,"stop_loss_abs":0.13599,"stop_loss_ratio":-0.05,"min_rate":0.13486,"max_rate":0.14466,"is_open":false,"enter_tag":"","leverage":1.0,"is_short":false,"open_timestamp":1764943200000,"close_timestamp":1765116000000,"orders":[{"amount":2359.0,"safe_price":0.14314,"ft_order_side":"buy","order_filled_timestamp":1764943200000,"ft_is_entry":true,"ft_order_tag":"","cost":338.00492726},{"amount":2359.0,"safe_price":0.13599,"ft_order_side":"sell","order_filled_timestamp":1765116000000,"ft_is_entry":false,"ft_order_tag":"stop_loss","cost":321.12121040999995}],"funding_fees":0.0,"weekday":6},{"pair":"DOGE/USDT","stake_amount":331.9015,"max_stake_amount":331.9015,"amount":2450.0,"open_date":"2025-12-14 16:00:00+00:00","close_date":"2025-12-15 01:00:00+00:00","open_rate":0.13547,"close_rate":0.13574121121121122,"fee_open":0.001,"fee_close":0.001,"trade_duration":540,"profit_ratio":0.0,"profit_abs":0.0,"exit_reason":"roi","initial_stop_loss_abs":0.1287,"initial_stop_loss_ratio":-0.05,"stop_loss_abs":0.1287,"stop_loss_ratio":-0.05,"min_rate":0.13261,"max_rate":0.13683,"is_open":false,"enter_tag":"","leverage":1.0,"is_short":false,"open_timestamp":1765728000000,"close_timestamp":1765760400000,"orders":[{"amount":2450.0,"safe_price":0.13547,"ft_order_side":"buy","order_filled_timestamp":1765728000000,"ft_is_entry":true,"ft_order_tag":"","cost":332.23340149999996},{"amount":2450.0,"safe_price":0.13574121121121122,"ft_order_side":"sell","order_filled_timestamp":1765760400000,"ft_is_entry":false,"ft_order_tag":"roi","cost":332.8985334349349}],"funding_fees":0.0,"weekday":0},{"pair":"DOGE/USDT","stake_amount":331.914,"max_stake_amount":331.914,"amount":2585.0,"open_date":"2025-12-15 19:00:00+00:00","close_date":"2025-12-15 21:00:00+00:00","open_rate":0.1284,"close_rate":0.12865705705705702,"fee_open":0.001,"fee_close":0.001,"trade_duration":120,"profit_ratio":0.0,"profit_abs":0.0,"exit_reason":"roi","initial_stop_loss_abs":0.12198,"initial_stop_loss_ratio":-0.05,"stop_loss_abs":0.12198,"stop_loss_ratio":-0.05,"min_rate":0.12752,"max_rate":0.12942,"is_open":false,"enter_tag":"","leverage":1.0,"is_short":false,"open_timestamp":1765825200000,"close_timestamp":1765832400000,"orders":[{"amount":2585.0,"safe_price":0.1284,"ft_order_side":"buy","order_filled_timestamp":1765825200000,"ft_is_entry":true,"ft_order_tag":"","cost":332.24591399999997},{"amount":2585.0,"safe_price":0.12865705705705702,"ft_order_side":"sell","order_filled_timestamp":1765832400000,"ft_is_entry":false,"ft_order_tag":"roi","cost":332.91107098498486}],"funding_fees":0.0,"weekday":0},{"pair":"DOGE/USDT","stake_amount":331.91072,"max_stake_amount":331.91072,"amount":2516.0,"open_date":"2025-12-22 20:00:00+00:00","close_date":"2025-12-22 22:00:00+00:00","open_rate":0.13192,"close_rate":0.13218410410410408,"fee_open":0.001,"fee_close":0.001,"trade_duration":120,"profit_ratio":0.0,"profit_abs":0.0,"exit_reason":"roi","initial_stop_loss_abs":0.12533,"initial_stop_loss_ratio":-0.05,"stop_loss_abs":0.12533,"stop_loss_ratio":-0.05,"min_rate":0.13089,"max_rate":0.13269,"is_open":false,"enter_tag":"","leverage":1.0,"is_short":false,"open_timestamp":1766433600000,"close_timestamp":1766440800000,"orders":[{"amount":2516.0,"safe_price":0.13192,"ft_order_side":"buy","order_filled_timestamp":1766433600000,"ft_is_entry":true,"ft_order_tag":"","cost":332.24263071999997},{"amount":2516.0,"safe_price":0.13218410410410408,"ft_order_side":"sell","order_filled_timestamp":1766440800000,"ft_is_entry":false,"ft_order_tag":"roi","cost":332.9077811318518}],"funding_fees":0.0,"weekday":0},{"pair":"DOGE/USDT","stake_amount":331.82544,"max_stake_amount":331.82544,"amount":2832.0,"open_date":"2025-12-31 21:00:00+00:00","close_date":"2025-12-31 23:00:00+00:00","open_rate":0.11717,"close_rate":0.11768,"fee_open":0.001,"fee_close":0.001,"trade_duration":120,"profit_ratio":0.002345951394342621,"profit_abs":0.7792248,"exit_reason":"roi","initial_stop_loss_abs":0.11132,"initial_stop_loss_ratio":-0.05,"stop_loss_abs":0.11132,"stop_loss_ratio":-0.05,"min_rate":0.11707,"max_rate":0.11782,"is_open":false,"enter_tag":"","leverage":1.0,"is_short":false,"open_timestamp":1767214800000,"close_timestamp":1767222000000,"orders":[{"amount":2832.0,"safe_price":0.11717,"ft_order_side":"buy","order_filled_timestamp":1767214800000,"ft_is_entry":true,"ft_order_tag":"","cost":332.15726544},{"amount":2832.0,"safe_price":0.11768,"ft_order_side":"sell","order_filled_timestamp":1767222000000,"ft_is_entry":false,"ft_order_tag":"roi","cost":333.60302975999997}],"funding_fees":0.0,"weekday":2},{"pair":"DOGE/USDT","stake_amount":332.1024,"max_stake_amount":332.1024,"amount":2352.0,"open_date":"2026-01-03 17:00:00+00:00","close_date":"2026-01-03 19:00:00+00:00","open_rate":0.1412,"close_rate":0.14182,"fee_open":0.001,"fee_close":0.001,"trade_duration":120,"profit_ratio":0.0023841597495988433,"profit_abs":0.79257696,"exit_reason":"roi","initial_stop_loss_abs":0.13414,"initial_stop_loss_ratio":-0.05,"stop_loss_abs":0.13414,"stop_loss_ratio":-0.05,"min_rate":0.14074,"max_rate":0.14244,"is_open":false,"enter_tag":"","leverage":1.0,"is_short":false,"open_timestamp":1767459600000,"close_timestamp":1767466800000,"orders":[{"amount":2352.0,"safe_price":0.1412,"ft_order_side":"buy","order_filled_timestamp":1767459600000,"ft_is_entry":true,"ft_order_tag":"","cost":332.43450239999993},{"amount":2352.0,"safe_price":0.14182,"ft_order_side":"sell","order_filled_timestamp":1767466800000,"ft_is_entry":false,"ft_order_tag":"roi","cost":333.89420063999995}],"funding_fees":0.0,"weekday":5},{"pair":"DOGE/USDT","stake_amount":332.38961,"max_stake_amount":332.38961,"amount":2261.0,"open_date":"2026-01-05 14:00:00+00:00","close_date":"2026-01-05 16:00:00+00:00","open_rate":0.14701,"close_rate":0.14886,"fee_open":0.001,"fee_close":0.001,"trade_duration":120,"profit_ratio":0.010561032736394957,"profit_abs":3.51388793,"exit_reason":"roi","initial_stop_loss_abs":0.13966,"initial_stop_loss_ratio":-0.05,"stop_loss_abs":0.13966,"stop_loss_ratio":-0.05,"min_rate":0.1463,"max_rate":0.15141,"is_open":false,"enter_tag":"","leverage":1.0,"is_short":false,"open_timestamp":1767621600000,"close_timestamp":1767628800000,"orders":[{"amount":2261.0,"safe_price":0.14701,"ft_order_side":"buy","order_filled_timestamp":1767621600000,"ft_is_entry":true,"ft_order_tag":"","cost":332.72199960999995},{"amount":2261.0,"safe_price":0.14886,"ft_order_side":"sell","order_filled_timestamp":1767628800000,"ft_is_entry":false,"ft_order_tag":"roi","cost":336.90903245999993}],"funding_fees":0.0,"weekday":0}],"locks":[],"best_pair":{"key":"DOGE/USDT","trades":44,"profit_mean":0.0007887633245384691,"profit_mean_pct":0.08,"profit_total_abs":10.929357040000001,"profit_total":0.01092935704,"profit_total_pct":1.09,"duration_avg":"4:20:00","wins":24,"draws":17,"losses":3,"winrate":0.5454545454545454,"cagr":0.04175085842287696,"expectancy":0.24839447818181815,"expectancy_ratio":-0.3722473936852567,"sortino":12.223837489869885,"sharpe":0.4087315553221753,"calmar":6.337913269265608,"sqn":0.3093,"profit_factor":1.2070382259495693,"max_drawdown_account":0.03396432749651674,"max_drawdown_abs":35.36391533},"worst_pair":{"key":"DOGE/USDT","trades":44,"profit_mean":0.0007887633245384691,"profit_mean_pct":0.08,"profit_total_abs":10.929357040000001,"profit_total":0.01092935704,"profit_total_pct":1.09,"duration_avg":"4:20:00","wins":24,"draws":17,"losses":3,"winrate":0.5454545454545454,"cagr":0.04175085842287696,"expectancy":0.24839447818181815,"expectancy_ratio":-0.3722473936852567,"sortino":12.223837489869885,"sharpe":0.4087315553221753,"calmar":6.337913269265608,"sqn":0.3093,"profit_factor":1.2070382259495693,"max_drawdown_account":0.03396432749651674,"max_drawdown_abs":35.36391533},"results_per_pair":[{"key":"DOGE/USDT","trades":44,"profit_mean":0.0007887633245384691,"profit_mean_pct":0.08,"profit_total_abs":10.929357040000001,"profit_total":0.01092935704,"profit_total_pct":1.09,"duration_avg":"4:20:00","wins":24,"draws":17,"losses":3,"winrate":0.5454545454545454,"cagr":0.04175085842287696,"expectancy":0.24839447818181815,"expectancy_ratio":-0.3722473936852567,"sortino":12.223837489869885,"sharpe":0.4087315553221753,"calmar":6.337913269265608,"sqn":0.3093,"profit_factor":1.2070382259495693,"max_drawdown_account":0.03396432749651674,"max_drawdown_abs":35.36391533},{"key":"TOTAL","trades":44,"profit_mean":0.0007887633245384691,"profit_mean_pct":0.08,"profit_total_abs":10.929357040000001,"profit_total":0.01092935704,"profit_total_pct":1.09,"duration_avg":"4:20:00","wins":24,"draws":17,"losses":3,"winrate":0.5454545454545454,"cagr":0.04175085842287696,"expectancy":0.24839447818181815,"expectancy_ratio":-0.3722473936852567,"sortino":12.223837489869885,"sharpe":0.4087315553221753,"calmar":6.337913269265608,"sqn":0.3093,"profit_factor":1.2070382259495693,"max_drawdown_account":0.03396432749651674,"max_drawdown_abs":35.36391533}],"results_per_enter_tag":[{"key":"","trades":44,"profit_mean":0.0007887633245384691,"profit_mean_pct":0.08,"profit_total_abs":10.929357040000001,"profit_total":0.01092935704,"profit_total_pct":1.09,"duration_avg":"4:20:00","wins":24,"draws":17,"losses":3,"winrate":0.5454545454545454,"cagr":0.04175085842287696,"expectancy":0.24839447818181815,"expectancy_ratio":-0.3722473936852567,"sortino":12.223837489869885,"sharpe":0.4087315553221753,"calmar":6.337913269265608,"sqn":0.3093,"profit_factor":1.2070382259495693,"max_drawdown_account":0.03396432749651674,"max_drawdown_abs":35.36391533},{"key":"TOTAL","trades":44,"profit_mean":0.0007887633245384691,"profit_mean_pct":0.08,"profit_total_abs":10.929357040000001,"profit_total":0.01092935704,"profit_total_pct":1.09,"duration_avg":"4:20:00","wins":24,"draws":17,"losses":3,"winrate":0.5454545454545454,"cagr":0.04175085842287696,"expectancy":0.24839447818181815,"expectancy_ratio":-0.3722473936852567,"sortino":12.223837489869885,"sharpe":0.4087315553221753,"calmar":6.337913269265608,"sqn":0.3093,"profit_factor":1.2070382259495693,"max_drawdown_account":0.03396432749651674,"max_drawdown_abs":35.36391533}],"exit_reason_summary":[{"key":"roi","trades":41,"profit_mean":0.004641109451832785,"profit_mean_pct":0.46,"profit_total_abs":63.718434949999995,"profit_total":0.06371843495,"profit_total_pct":6.37,"duration_avg":"2:34:00","wins":24,"draws":17,"losses":0,"winrate":0.5853658536585366,"cagr":0.2616700011307149,"expectancy":1.554108169512195,"expectancy_ratio":100.0,"sortino":-100,"sharpe":5.752574360686589,"calmar":-100,"sqn":4.5054,"profit_factor":0.0,"max_drawdown_account":0.0,"max_drawdown_abs":0.0},{"key":"stop_loss","trades":3,"profit_mean":-0.05185996708181718,"profit_mean_pct":-5.19,"profit_total_abs":-52.789077909999996,"profit_total":-0.052789077909999996,"profit_total_pct":-5.28,"duration_avg":"1 day, 4:40:00","wins":0,"draws":0,"losses":3,"winrate":0.0,"cagr":-0.1845983377985949,"expectancy":-17.596359303333333,"expectancy_ratio":-1.0,"sortino":-59.04145204976487,"sharpe":-59.04145204976487,"calmar":-19.695848633549293,"sqn":-141.311,"profit_factor":0.0,"max_drawdown_account":0.05278907790999995,"max_drawdown_abs":52.789077909999996},{"key":"TOTAL","trades":44,"profit_mean":0.0007887633245384691,"profit_mean_pct":0.08,"profit_total_abs":10.929357040000001,"profit_total":0.01092935704,"profit_total_pct":1.09,"duration_avg":"4:20:00","wins":24,"draws":17,"losses":3,"winrate":0.5454545454545454,"cagr":0.04175085842287696,"expectancy":0.24839447818181815,"expectancy_ratio":-0.3722473936852567,"sortino":12.223837489869885,"sharpe":0.4087315553221753,"calmar":6.337913269265608,"sqn":0.3093,"profit_factor":1.2070382259495693,"max_drawdown_account":0.03396432749651674,"max_drawdown_abs":35.36391533}],"mix_tag_stats":[{"key":["","roi"],"trades":41,"profit_mean":0.004641109451832785,"profit_mean_pct":0.46,"profit_total_abs":63.718434949999995,"profit_total":0.06371843495,"profit_total_pct":6.37,"duration_avg":"2:34:00","wins":24,"draws":17,"losses":0,"winrate":0.5853658536585366,"cagr":0.2616700011307149,"expectancy":1.554108169512195,"expectancy_ratio":100.0,"sortino":-100,"sharpe":5.752574360686589,"calmar":-100,"sqn":4.5054,"profit_factor":0.0,"max_drawdown_account":0.0,"max_drawdown_abs":0.0},{"key":["","stop_loss"],"trades":3,"profit_mean":-0.05185996708181718,"profit_mean_pct":-5.19,"profit_total_abs":-52.789077909999996,"profit_total":-0.052789077909999996,"profit_total_pct":-5.28,"duration_avg":"1 day, 4:40:00","wins":0,"draws":0,"losses":3,"winrate":0.0,"cagr":-0.1845983377985949,"expectancy":-17.596359303333333,"expectancy_ratio":-1.0,"sortino":-59.04145204976487,"sharpe":-59.04145204976487,"calmar":-19.695848633549293,"sqn":-141.311,"profit_factor":0.0,"max_drawdown_account":0.05278907790999995,"max_drawdown_abs":52.789077909999996},{"key":"TOTAL","trades":44,"profit_mean":0.0007887633245384691,"profit_mean_pct":0.08,"profit_total_abs":10.929357040000001,"profit_total":0.01092935704,"profit_total_pct":1.09,"duration_avg":"4:20:00","wins":24,"draws":17,"losses":3,"winrate":0.5454545454545454,"cagr":0.04175085842287696,"expectancy":0.24839447818181815,"expectancy_ratio":-0.3722473936852567,"sortino":12.223837489869885,"sharpe":0.4087315553221753,"calmar":6.337913269265608,"sqn":0.3093,"profit_factor":1.2070382259495693,"max_drawdown_account":0.03396432749651674,"max_drawdown_abs":35.36391533}],"left_open_trades":[{"key":"TOTAL","trades":0,"profit_mean":0.0,"profit_mean_pct":0.0,"profit_total_abs":0.0,"profit_total":0.0,"profit_total_pct":0.0,"duration_avg":"0:00","wins":0,"draws":0,"losses":0,"winrate":0.0,"cagr":0.0,"expectancy":0.0,"expectancy_ratio":100.0,"sortino":0,"sharpe":0,"calmar":0,"sqn":0.0,"profit_factor":0.0,"max_drawdown_account":0.0,"max_drawdown_abs":0.0}],"total_trades":44,"trade_count_long":44,"trade_count_short":0,"total_volume":29448.62869601305,"avg_stake_amount":333.8506922727273,"profit_mean":0.0007887633245384691,"profit_median":0.0005504662248154053,"profit_total":0.01092935704,"profit_total_long":0.01092935704,"profit_total_short":0.0,"profit_total_abs":10.929357040000001,"profit_total_long_abs":10.929357040000001,"profit_total_short_abs":0.0,"cagr":0.04175085842287696,"expectancy":0.24839447818181815,"expectancy_ratio":-0.3722473936852567,"sortino":12.223837489869885,"sharpe":0.4087315553221753,"calmar":6.337913269265608,"sqn":0.3093,"profit_factor":1.2070382259495693,"backtest_start":"2025-10-01 00:00:00","backtest_start_ts":1759276800000,"backtest_end":"2026-01-06 20:00:00","backtest_end_ts":1767729600000,"backtest_days":97,"backtest_run_start_ts":1767747707,"backtest_run_end_ts":1767747707,"trades_per_day":0.45,"market_change":-0.36632086436227446,"pairlist":["DOGE/USDT"],"stake_amount":"unlimited","stake_currency":"USDT","stake_currency_decimals":3,"starting_balance":1000,"dry_run_wallet":1000,"final_balance":1010.92935704,"rejected_signals":0,"timedout_entry_orders":0,"timedout_exit_orders":0,"canceled_trade_entries":0,"canceled_entry_orders":0,"replaced_entry_orders":0,"max_open_trades":1,"max_open_trades_setting":3,"timeframe":"1h","timeframe_detail":"","timerange":"20251001-","enable_protections":false,"strategy_name":"ACO_62_8","freqaimodel":null,"freqai_identifier":null,"stoploss":-0.05,"trailing_stop":false,"trailing_stop_positive":null,"trailing_stop_positive_offset":0.0,"trailing_only_offset_is_reached":false,"use_custom_stoploss":false,"minimal_roi":{"0":0.1,"60":0.05,"120":0.0},"use_exit_signal":true,"exit_profit_only":false,"exit_profit_offset":0.0,"ignore_roi_if_entry_signal":false,"trading_mode":"spot","margin_mode":"","periodic_breakdown":{"day":[{"date":"03/10/2025","date_ts":1759449600000,"profit_abs":2.51085145,"wins":1,"draws":1,"losses":0,"trades":2,"profit_factor":0.0},{"date":"04/10/2025","date_ts":1759536000000,"profit_abs":0.0,"wins":0,"draws":0,"losses":0,"trades":0,"profit_factor":0.0},{"date":"05/10/2025","date_ts":1759622400000,"profit_abs":0.0,"wins":0,"draws":0,"losses":0,"trades":0,"profit_factor":0.0},{"date":"06/10/2025","date_ts":1759708800000,"profit_abs":0.0,"wins":0,"draws":0,"losses":0,"trades":0,"profit_factor":0.0},{"date":"07/10/2025","date_ts":1759795200000,"profit_abs":0.0,"wins":0,"draws":1,"losses":0,"trades":1,"profit_factor":0.0},{"date":"08/10/2025","date_ts":1759881600000,"profit_abs":0.20248788,"wins":1,"draws":1,"losses":0,"trades":2,"profit_factor":0.0},{"date":"09/10/2025","date_ts":1759968000000,"profit_abs":0.0,"wins":0,"draws":0,"losses":0,"trades":0,"profit_factor":0.0},{"date":"10/10/2025","date_ts":1760054400000,"profit_abs":0.0,"wins":0,"draws":0,"losses":0,"trades":0,"profit_factor":0.0},{"date":"11/10/2025","date_ts":1760140800000,"profit_abs":0.0,"wins":0,"draws":1,"losses":0,"trades":1,"profit_factor":0.0},{"date":"12/10/2025","date_ts":1760227200000,"profit_abs":0.0,"wins":0,"draws":0,"losses":0,"trades":0,"profit_factor":0.0},{"date":"13/10/2025","date_ts":1760313600000,"profit_abs":0.0,"wins":0,"draws":0,"losses":0,"trades":0,"profit_factor":0.0},{"date":"14/10/2025","date_ts":1760400000000,"profit_abs":4.09084004,"wins":1,"draws":0,"losses":0,"trades":1,"profit_factor":0.0},{"date":"15/10/2025","date_ts":1760486400000,"profit_abs":0.0,"wins":0,"draws":0,"losses":0,"trades":0,"profit_factor":0.0},{"date":"16/10/2025","date_ts":1760572800000,"profit_abs":3.78628172,"wins":2,"draws":0,"losses":0,"trades":2,"profit_factor":0.0},{"date":"17/10/2025","date_ts":1760659200000,"profit_abs":0.0,"wins":0,"draws":2,"losses":0,"trades":2,"profit_factor":0.0},{"date":"18/10/2025","date_ts":1760745600000,"profit_abs":0.0,"wins":0,"draws":0,"losses":0,"trades":0,"profit_factor":0.0},{"date":"19/10/2025","date_ts":1760832000000,"profit_abs":0.0,"wins":0,"draws":0,"losses":0,"trades":0,"profit_factor":0.0},{"date":"20/10/2025","date_ts":1760918400000,"profit_abs":0.0,"wins":0,"draws":0,"losses":0,"trades":0,"profit_factor":0.0},{"date":"21/10/2025","date_ts":1761004800000,"profit_abs":0.0,"wins":0,"draws":0,"losses":0,"trades":0,"profit_factor":0.0},{"date":"22/10/2025","date_ts":1761091200000,"profit_abs":0.0,"wins":0,"draws":0,"losses":0,"trades":0,"profit_factor":0.0},{"date":"23/10/2025","date_ts":1761177600000,"profit_abs":0.0,"wins":0,"draws":0,"losses":0,"trades":0,"profit_factor":0.0},{"date":"24/10/2025","date_ts":1761264000000,"profit_abs":0.0,"wins":0,"draws":0,"losses":0,"trades":0,"profit_factor":0.0},{"date":"25/10/2025","date_ts":1761350400000,"profit_abs":0.0,"wins":0,"draws":0,"losses":0,"trades":0,"profit_factor":0.0},{"date":"26/10/2025","date_ts":1761436800000,"profit_abs":0.0,"wins":0,"draws":0,"losses":0,"trades":0,"profit_factor":0.0},{"date":"27/10/2025","date_ts":1761523200000,"profit_abs":0.0,"wins":0,"draws":2,"losses":0,"trades":2,"profit_factor":0.0},{"date":"28/10/2025","date_ts":1761609600000,"profit_abs":0.0,"wins":0,"draws":0,"losses":0,"trades":0,"profit_factor":0.0},{"date":"29/10/2025","date_ts":1761696000000,"profit_abs":0.7842744,"wins":1,"draws":1,"losses":0,"trades":2,"profit_factor":0.0},{"date":"30/10/2025","date_ts":1761782400000,"profit_abs":-11.41007894,"wins":1,"draws":1,"losses":1,"trades":3,"profit_factor":0.34519527},{"date":"31/10/2025","date_ts":1761868800000,"profit_abs":0.0,"wins":0,"draws":0,"losses":0,"trades":0,"profit_factor":0.0},{"date":"01/11/2025","date_ts":1761955200000,"profit_abs":0.0,"wins":0,"draws":0,"losses":0,"trades":0,"profit_factor":0.0},{"date":"02/11/2025","date_ts":1762041600000,"profit_abs":0.0,"wins":0,"draws":0,"losses":0,"trades":0,"profit_factor":0.0},{"date":"03/11/2025","date_ts":1762128000000,"profit_abs":2.78082975,"wins":2,"draws":0,"losses":0,"trades":2,"profit_factor":0.0},{"date":"04/11/2025","date_ts":1762214400000,"profit_abs":6.3102741,"wins":2,"draws":1,"losses":0,"trades":3,"profit_factor":0.0},{"date":"05/11/2025","date_ts":1762300800000,"profit_abs":0.0,"wins":0,"draws":0,"losses":0,"trades":0,"profit_factor":0.0},{"date":"06/11/2025","date_ts":1762387200000,"profit_abs":0.0,"wins":0,"draws":1,"losses":0,"trades":1,"profit_factor":0.0},{"date":"07/11/2025","date_ts":1762473600000,"profit_abs":0.0,"wins":0,"draws":0,"losses":0,"trades":0,"profit_factor":0.0},{"date":"08/11/2025","date_ts":1762560000000,"profit_abs":0.0,"wins":0,"draws":0,"losses":0,"trades":0,"profit_factor":0.0},{"date":"09/11/2025","date_ts":1762646400000,"profit_abs":0.0,"wins":0,"draws":0,"losses":0,"trades":0,"profit_factor":0.0},{"date":"10/11/2025","date_ts":1762732800000,"profit_abs":0.0,"wins":0,"draws":0,"losses":0,"trades":0,"profit_factor":0.0},{"date":"11/11/2025","date_ts":1762819200000,"profit_abs":0.0,"wins":0,"draws":0,"losses":0,"trades":0,"profit_factor":0.0},{"date":"12/11/2025","date_ts":1762905600000,"profit_abs":6.64109944,"wins":2,"draws":0,"losses":0,"trades":2,"profit_factor":0.0},{"date":"13/11/2025","date_ts":1762992000000,"profit_abs":0.0,"wins":0,"draws":0,"losses":0,"trades":0,"profit_factor":0.0},{"date":"14/11/2025","date_ts":1763078400000,"profit_abs":0.21461184,"wins":1,"draws":1,"losses":0,"trades":2,"profit_factor":0.0},{"date":"15/11/2025","date_ts":1763164800000,"profit_abs":1.09658295,"wins":1,"draws":0,"losses":0,"trades":1,"profit_factor":0.0},{"date":"16/11/2025","date_ts":1763251200000,"profit_abs":0.0,"wins":0,"draws":0,"losses":0,"trades":0,"profit_factor":0.0},{"date":"17/11/2025","date_ts":1763337600000,"profit_abs":0.0,"wins":0,"draws":0,"losses":0,"trades":0,"profit_factor":0.0},{"date":"18/11/2025","date_ts":1763424000000,"profit_abs":0.0,"wins":0,"draws":0,"losses":0,"trades":0,"profit_factor":0.0},{"date":"19/11/2025","date_ts":1763510400000,"profit_abs":0.0,"wins":0,"draws":0,"losses":0,"trades":0,"profit_factor":0.0},{"date":"20/11/2025","date_ts":1763596800000,"profit_abs":0.0,"wins":0,"draws":0,"losses":0,"trades":0,"profit_factor":0.0},{"date":"21/11/2025","date_ts":1763683200000,"profit_abs":2.02906115,"wins":1,"draws":0,"losses":0,"trades":1,"profit_factor":0.0},{"date":"22/11/2025","date_ts":1763769600000,"profit_abs":17.80696689,"wins":4,"draws":0,"losses":0,"trades":4,"profit_factor":0.0},{"date":"23/11/2025","date_ts":1763856000000,"profit_abs":0.0,"wins":0,"draws":0,"losses":0,"trades":0,"profit_factor":0.0},{"date":"24/11/2025","date_ts":1763942400000,"profit_abs":0.0,"wins":0,"draws":0,"losses":0,"trades":0,"profit_factor":0.0},{"date":"25/11/2025","date_ts":1764028800000,"profit_abs":0.0,"wins":0,"draws":0,"losses":0,"trades":0,"profit_factor":0.0},{"date":"26/11/2025","date_ts":1764115200000,"profit_abs":0.0,"wins":0,"draws":0,"losses":0,"trades":0,"profit_factor":0.0},{"date":"27/11/2025","date_ts":1764201600000,"profit_abs":0.0,"wins":0,"draws":0,"losses":0,"trades":0,"profit_factor":0.0},{"date":"28/11/2025","date_ts":1764288000000,"profit_abs":0.0,"wins":0,"draws":0,"losses":0,"trades":0,"profit_factor":0.0},{"date":"29/11/2025","date_ts":1764374400000,"profit_abs":0.0,"wins":0,"draws":0,"losses":0,"trades":0,"profit_factor":0.0},{"date":"30/11/2025","date_ts":1764460800000,"profit_abs":0.0,"wins":0,"draws":0,"losses":0,"trades":0,"profit_factor":0.0},{"date":"01/12/2025","date_ts":1764547200000,"profit_abs":0.0,"wins":0,"draws":1,"losses":0,"trades":1,"profit_factor":0.0},{"date":"02/12/2025","date_ts":1764633600000,"profit_abs":4.36350001,"wins":1,"draws":0,"losses":0,"trades":1,"profit_factor":0.0},{"date":"03/12/2025","date_ts":1764720000000,"profit_abs":0.0,"wins":0,"draws":0,"losses":0,"trades":0,"profit_factor":0.0},{"date":"04/12/2025","date_ts":1764806400000,"profit_abs":0.0,"wins":0,"draws":0,"losses":0,"trades":0,"profit_factor":0.0},{"date":"05/12/2025","date_ts":1764892800000,"profit_abs":-17.83859766,"wins":0,"draws":0,"losses":1,"trades":1,"profit_factor":0.0},{"date":"06/12/2025","date_ts":1764979200000,"profit_abs":0.0,"wins":0,"draws":0,"losses":0,"trades":0,"profit_factor":0.0},{"date":"07/12/2025","date_ts":1765065600000,"profit_abs":-17.52531767,"wins":0,"draws":0,"losses":1,"trades":1,"profit_factor":0.0},{"date":"08/12/2025","date_ts":1765152000000,"profit_abs":0.0,"wins":0,"draws":0,"losses":0,"trades":0,"profit_factor":0.0},{"date":"09/12/2025","date_ts":1765238400000,"profit_abs":0.0,"wins":0,"draws":0,"losses":0,"trades":0,"profit_factor":0.0},{"date":"10/12/2025","date_ts":1765324800000,"profit_abs":0.0,"wins":0,"draws":0,"losses":0,"trades":0,"profit_factor":0.0},{"date":"11/12/2025","date_ts":1765411200000,"profit_abs":0.0,"wins":0,"draws":0,"losses":0,"trades":0,"profit_factor":0.0},{"date":"12/12/2025","date_ts":1765497600000,"profit_abs":0.0,"wins":0,"draws":0,"losses":0,"trades":0,"profit_factor":0.0},{"date":"13/12/2025","date_ts":1765584000000,"profit_abs":0.0,"wins":0,"draws":0,"losses":0,"trades":0,"profit_factor":0.0},{"date":"14/12/2025","date_ts":1765670400000,"profit_abs":0.0,"wins":0,"draws":0,"losses":0,"trades":0,"profit_factor":0.0},{"date":"15/12/2025","date_ts":1765756800000,"profit_abs":0.0,"wins":0,"draws":2,"losses":0,"trades":2,"profit_factor":0.0},{"date":"16/12/2025","date_ts":1765843200000,"profit_abs":0.0,"wins":0,"draws":0,"losses":0,"trades":0,"profit_factor":0.0},{"date":"17/12/2025","date_ts":1765929600000,"profit_abs":0.0,"wins":0,"draws":0,"losses":0,"trades":0,"profit_factor":0.0},{"date":"18/12/2025","date_ts":1766016000000,"profit_abs":0.0,"wins":0,"draws":0,"losses":0,"trades":0,"profit_factor":0.0},{"date":"19/12/2025","date_ts":1766102400000,"profit_abs":0.0,"wins":0,"draws":0,"losses":0,"trades":0,"profit_factor":0.0},{"date":"20/12/2025","date_ts":1766188800000,"profit_abs":0.0,"wins":0,"draws":0,"losses":0,"trades":0,"profit_factor":0.0},{"date":"21/12/2025","date_ts":1766275200000,"profit_abs":0.0,"wins":0,"draws":0,"losses":0,"trades":0,"profit_factor":0.0},{"date":"22/12/2025","date_ts":1766361600000,"profit_abs":0.0,"wins":0,"draws":1,"losses":0,"trades":1,"profit_factor":0.0},{"date":"23/12/2025","date_ts":1766448000000,"profit_abs":0.0,"wins":0,"draws":0,"losses":0,"trades":0,"profit_factor":0.0},{"date":"24/12/2025","date_ts":1766534400000,"profit_abs":0.0,"wins":0,"draws":0,"losses":0,"trades":0,"profit_factor":0.0},{"date":"25/12/2025","date_ts":1766620800000,"profit_abs":0.0,"wins":0,"draws":0,"losses":0,"trades":0,"profit_factor":0.0},{"date":"26/12/2025","date_ts":1766707200000,"profit_abs":0.0,"wins":0,"draws":0,"losses":0,"trades":0,"profit_factor":0.0},{"date":"27/12/2025","date_ts":1766793600000,"profit_abs":0.0,"wins":0,"draws":0,"losses":0,"trades":0,"profit_factor":0.0},{"date":"28/12/2025","date_ts":1766880000000,"profit_abs":0.0,"wins":0,"draws":0,"losses":0,"trades":0,"profit_factor":0.0},{"date":"29/12/2025","date_ts":1766966400000,"profit_abs":0.0,"wins":0,"draws":0,"losses":0,"trades":0,"profit_factor":0.0},{"date":"30/12/2025","date_ts":1767052800000,"profit_abs":0.0,"wins":0,"draws":0,"losses":0,"trades":0,"profit_factor":0.0},{"date":"31/12/2025","date_ts":1767139200000,"profit_abs":0.7792248,"wins":1,"draws":0,"losses":0,"trades":1,"profit_factor":0.0},{"date":"01/01/2026","date_ts":1767225600000,"profit_abs":0.0,"wins":0,"draws":0,"losses":0,"trades":0,"profit_factor":0.0},{"date":"02/01/2026","date_ts":1767312000000,"profit_abs":0.0,"wins":0,"draws":0,"losses":0,"trades":0,"profit_factor":0.0},{"date":"03/01/2026","date_ts":1767398400000,"profit_abs":0.79257696,"wins":1,"draws":0,"losses":0,"trades":1,"profit_factor":0.0},{"date":"04/01/2026","date_ts":1767484800000,"profit_abs":0.0,"wins":0,"draws":0,"losses":0,"trades":0,"profit_factor":0.0},{"date":"05/01/2026","date_ts":1767571200000,"profit_abs":3.51388793,"wins":1,"draws":0,"losses":0,"trades":1,"profit_factor":0.0}],"week":[{"date":"06/10/2025","date_ts":1759708800000,"profit_abs":2.51085145,"wins":1,"draws":1,"losses":0,"trades":2,"profit_factor":0.0},{"date":"13/10/2025","date_ts":1760313600000,"profit_abs":0.20248788,"wins":1,"draws":3,"losses":0,"trades":4,"profit_factor":0.0},{"date":"20/10/2025","date_ts":1760918400000,"profit_abs":7.87712176,"wins":3,"draws":2,"losses":0,"trades":5,"profit_factor":0.0},{"date":"27/10/2025","date_ts":1761523200000,"profit_abs":0.0,"wins":0,"draws":2,"losses":0,"trades":2,"profit_factor":0.0},{"date":"03/11/2025","date_ts":1762128000000,"profit_abs":-7.84497479,"wins":4,"draws":2,"losses":1,"trades":7,"profit_factor":0.54979044},{"date":"10/11/2025","date_ts":1762732800000,"profit_abs":6.3102741,"wins":2,"draws":2,"losses":0,"trades":4,"profit_factor":0.0},{"date":"17/11/2025","date_ts":1763337600000,"profit_abs":7.95229423,"wins":4,"draws":1,"losses":0,"trades":5,"profit_factor":0.0},{"date":"24/11/2025","date_ts":1763942400000,"profit_abs":19.83602804,"wins":5,"draws":0,"losses":0,"trades":5,"profit_factor":0.0},{"date":"01/12/2025","date_ts":1764547200000,"profit_abs":0.0,"wins":0,"draws":1,"losses":0,"trades":1,"profit_factor":0.0},{"date":"08/12/2025","date_ts":1765152000000,"profit_abs":-31.00041532,"wins":1,"draws":0,"losses":2,"trades":3,"profit_factor":0.12338849},{"date":"15/12/2025","date_ts":1765756800000,"profit_abs":0.0,"wins":0,"draws":2,"losses":0,"trades":2,"profit_factor":0.0},{"date":"22/12/2025","date_ts":1766361600000,"profit_abs":0.0,"wins":0,"draws":1,"losses":0,"trades":1,"profit_factor":0.0},{"date":"29/12/2025","date_ts":1766966400000,"profit_abs":0.0,"wins":0,"draws":0,"losses":0,"trades":0,"profit_factor":0.0},{"date":"05/01/2026","date_ts":1767571200000,"profit_abs":5.08568969,"wins":3,"draws":0,"losses":0,"trades":3,"profit_factor":0.0}],"month":[{"date":"31/10/2025","date_ts":1761868800000,"profit_abs":-0.03534345,"wins":7,"draws":10,"losses":1,"trades":18,"profit_factor":0.9979717},{"date":"30/11/2025","date_ts":1764460800000,"profit_abs":36.87942612,"wins":13,"draws":3,"losses":0,"trades":16,"profit_factor":0.0},{"date":"31/12/2025","date_ts":1767139200000,"profit_abs":-30.22119052,"wins":2,"draws":4,"losses":2,"trades":8,"profit_factor":0.14542295},{"date":"31/01/2026","date_ts":1769817600000,"profit_abs":4.30646489,"wins":2,"draws":0,"losses":0,"trades":2,"profit_factor":0.0}],"year":[{"date":"31/12/2025","date_ts":1767139200000,"profit_abs":6.62289215,"wins":22,"draws":17,"losses":3,"trades":42,"profit_factor":1.12545952},{"date":"31/12/2026","date_ts":1798675200000,"profit_abs":4.30646489,"wins":2,"draws":0,"losses":0,"trades":2,"profit_factor":0.0}],"weekday":[{"date":"Monday","date_ts":0,"profit_abs":6.29471768,"wins":3,"draws":6,"losses":0,"trades":9,"profit_factor":0.0},{"date":"Tuesday","date_ts":1,"profit_abs":14.76461415,"wins":4,"draws":2,"losses":0,"trades":6,"profit_factor":0.0},{"date":"Wednesday","date_ts":2,"profit_abs":8.40708652,"wins":5,"draws":2,"losses":0,"trades":7,"profit_factor":0.0},{"date":"Thursday","date_ts":3,"profit_abs":-7.62379722,"wins":3,"draws":2,"losses":1,"trades":6,"profit_factor":0.56248344},{"date":"Friday","date_ts":4,"profit_abs":-13.08407322,"wins":3,"draws":4,"losses":1,"trades":8,"profit_factor":0.26653017},{"date":"Saturday","date_ts":5,"profit_abs":19.6961268,"wins":6,"draws":1,"losses":0,"trades":7,"profit_factor":0.0},{"date":"Sunday","date_ts":6,"profit_abs":-17.52531767,"wins":0,"draws":0,"losses":1,"trades":1,"profit_factor":0.0}]},"backtest_best_day":0.052613421608965205,"backtest_worst_day":-0.05187498012016447,"backtest_best_day_abs":17.80696689,"backtest_worst_day_abs":-17.83859766,"winning_days":16,"draw_days":76,"losing_days":3,"daily_profit":[["2025-10-03",2.51085145],["2025-10-04",0.0],["2025-10-05",0.0],["2025-10-06",0.0],["2025-10-07",0.0],["2025-10-08",0.20248788],["2025-10-09",0.0],["2025-10-10",0.0],["2025-10-11",0.0],["2025-10-12",0.0],["2025-10-13",0.0],["2025-10-14",4.09084004],["2025-10-15",0.0],["2025-10-16",3.78628172],["2025-10-17",0.0],["2025-10-18",0.0],["2025-10-19",0.0],["2025-10-20",0.0],["2025-10-21",0.0],["2025-10-22",0.0],["2025-10-23",0.0],["2025-10-24",0.0],["2025-10-25",0.0],["2025-10-26",0.0],["2025-10-27",0.0],["2025-10-28",0.0],["2025-10-29",0.7842744],["2025-10-30",-11.41007894],["2025-10-31",0.0],["2025-11-01",0.0],["2025-11-02",0.0],["2025-11-03",2.78082975],["2025-11-04",6.3102741],["2025-11-05",0.0],["2025-11-06",0.0],["2025-11-07",0.0],["2025-11-08",0.0],["2025-11-09",0.0],["2025-11-10",0.0],["2025-11-11",0.0],["2025-11-12",6.64109944],["2025-11-13",0.0],["2025-11-14",0.21461184],["2025-11-15",1.09658295],["2025-11-16",0.0],["2025-11-17",0.0],["2025-11-18",0.0],["2025-11-19",0.0],["2025-11-20",0.0],["2025-11-21",2.02906115],["2025-11-22",17.80696689],["2025-11-23",0.0],["2025-11-24",0.0],["2025-11-25",0.0],["2025-11-26",0.0],["2025-11-27",0.0],["2025-11-28",0.0],["2025-11-29",0.0],["2025-11-30",0.0],["2025-12-01",0.0],["2025-12-02",4.36350001],["2025-12-03",0.0],["2025-12-04",0.0],["2025-12-05",-17.83859766],["2025-12-06",0.0],["2025-12-07",-17.52531767],["2025-12-08",0.0],["2025-12-09",0.0],["2025-12-10",0.0],["2025-12-11",0.0],["2025-12-12",0.0],["2025-12-13",0.0],["2025-12-14",0.0],["2025-12-15",0.0],["2025-12-16",0.0],["2025-12-17",0.0],["2025-12-18",0.0],["2025-12-19",0.0],["2025-12-20",0.0],["2025-12-21",0.0],["2025-12-22",0.0],["2025-12-23",0.0],["2025-12-24",0.0],["2025-12-25",0.0],["2025-12-26",0.0],["2025-12-27",0.0],["2025-12-28",0.0],["2025-12-29",0.0],["2025-12-30",0.0],["2025-12-31",0.7792248],["2026-01-01",0.0],["2026-01-02",0.0],["2026-01-03",0.79257696],["2026-01-04",0.0],["2026-01-05",3.51388793]],"wins":24,"losses":3,"draws":17,"winrate":0.5454545454545454,"holding_avg":"4:20:00","holding_avg_s":15600.0,"winner_holding_min":"0d 02:00","winner_holding_min_s":7200.0,"winner_holding_max":"0d 02:00","winner_holding_max_s":7200.0,"winner_holding_avg":"0d 02:00","winner_holding_avg_s":7200.0,"loser_holding_min":"0d 05:00","loser_holding_min_s":18000.0,"loser_holding_max":"2d 00:00","loser_holding_max_s":172800.0,"loser_holding_avg":"1d 04:40","loser_holding_avg_s":103200.0,"max_consecutive_wins":7,"max_consecutive_losses":5,"max_drawdown_account":0.03396432749651674,"max_relative_drawdown":0.03396432749651674,"max_drawdown_abs":35.36391533,"drawdown_start":"2025-12-02 11:00:00","drawdown_start_ts":1764673200000.0,"drawdown_end":"2025-12-07 14:00:00","drawdown_end_ts":1765116000000.0,"drawdown_duration":"5 days 03:00:00","drawdown_duration_s":442800.0,"max_drawdown_low":5.843667350000008,"max_drawdown_high":41.20758268000001,"csum_min":999.96465655,"csum_max":1041.20758268}},"strategy_comparison":[{"key":"ACO_62_8","trades":44,"profit_mean":0.0007887633245384691,"profit_mean_pct":0.08,"profit_total_abs":10.929357040000001,"profit_total":0.01092935704,"profit_total_pct":1.09,"duration_avg":"4:20:00","wins":24,"draws":17,"losses":3,"winrate":0.5454545454545454,"cagr":0.04175085842287696,"expectancy":0.24839447818181815,"expectancy_ratio":-0.3722473936852567,"sortino":12.223837489869885,"sharpe":0.4087315553221753,"calmar":6.337913269265608,"sqn":0.3093,"profit_factor":1.2070382259495693,"max_drawdown_account":0.03396432749651674,"max_drawdown_abs":"35.364"}]}