{"strategy":{"ACO_24_14":{"trades":[{"pair":"DOGE/USDT","stake_amount":329.988,"max_stake_amount":329.988,"amount":1285.0,"open_date":"2025-10-02 13:00:00+00:00","close_date":"2025-10-02 16:00:00+00:00","open_rate":0.2568,"close_rate":0.25731411411411403,"fee_open":0.001,"fee_close":0.001,"trade_duration":180,"profit_ratio":0.0,"profit_abs":0.0,"exit_reason":"roi","initial_stop_loss_abs":0.24396,"initial_stop_loss_ratio":-0.05,"stop_loss_abs":0.24396,"stop_loss_ratio":-0.05,"min_rate":0.25046,"max_rate":0.2578,"is_open":false,"enter_tag":"","leverage":1.0,"is_short":false,"open_timestamp":1759410000000,"close_timestamp":1759420800000,"orders":[{"amount":1285.0,"safe_price":0.2568,"ft_order_side":"buy","order_filled_timestamp":1759410000000,"ft_is_entry":true,"ft_order_tag":"","cost":330.3179879999999},{"amount":1285.0,"safe_price":0.25731411411411403,"ft_order_side":"sell","order_filled_timestamp":1759420800000,"ft_is_entry":false,"ft_order_tag":"roi","cost":330.97928527327315}],"funding_fees":0.0,"weekday":3},{"pair":"DOGE/USDT","stake_amount":329.79515,"max_stake_amount":329.79515,"amount":1283.0,"open_date":"2025-10-03 15:00:00+00:00","close_date":"2025-10-03 17:00:00+00:00","open_rate":0.25705,"close_rate":0.25997,"fee_open":0.001,"fee_close":0.001,"trade_duration":120,"profit_ratio":0.009338959037461275,"profit_abs":3.08302334,"exit_reason":"exit_signal","initial_stop_loss_abs":0.2442,"initial_stop_loss_ratio":-0.05,"stop_loss_abs":0.2442,"stop_loss_ratio":-0.05,"min_rate":0.25505,"max_rate":0.26534,"is_open":false,"enter_tag":"","leverage":1.0,"is_short":false,"open_timestamp":1759503600000,"close_timestamp":1759510800000,"orders":[{"amount":1283.0,"safe_price":0.25705,"ft_order_side":"buy","order_filled_timestamp":1759503600000,"ft_is_entry":true,"ft_order_tag":"","cost":330.1249451499999},{"amount":1283.0,"safe_price":0.25997,"ft_order_side":"sell","order_filled_timestamp":1759510800000,"ft_is_entry":false,"ft_order_tag":"exit_signal","cost":333.87505150999993}],"funding_fees":0.0,"weekday":4},{"pair":"DOGE/USDT","stake_amount":330.78863,"max_stake_amount":330.78863,"amount":1307.0,"open_date":"2025-10-05 23:00:00+00:00","close_date":"2025-10-06 01:00:00+00:00","open_rate":0.25309,"close_rate":0.2535966866866866,"fee_open":0.001,"fee_close":0.001,"trade_duration":120,"profit_ratio":0.0,"profit_abs":0.0,"exit_reason":"roi","initial_stop_loss_abs":0.24044,"initial_stop_loss_ratio":-0.05,"stop_loss_abs":0.24044,"stop_loss_ratio":-0.05,"min_rate":0.25057,"max_rate":0.25533,"is_open":false,"enter_tag":"","leverage":1.0,"is_short":false,"open_timestamp":1759705200000,"close_timestamp":1759712400000,"orders":[{"amount":1307.0,"safe_price":0.25309,"ft_order_side":"buy","order_filled_timestamp":1759705200000,"ft_is_entry":true,"ft_order_tag":"","cost":331.1194186299999},{"amount":1307.0,"safe_price":0.2535966866866866,"ft_order_side":"sell","order_filled_timestamp":1759712400000,"ft_is_entry":false,"ft_order_tag":"roi","cost":331.78232036899885}],"funding_fees":0.0,"weekday":0},{"pair":"DOGE/USDT","stake_amount":330.89028,"max_stake_amount":330.89028,"amount":1302.0,"open_date":"2025-10-06 03:00:00+00:00","close_date":"2025-10-06 06:00:00+00:00","open_rate":0.25414,"close_rate":0.2546487887887887,"fee_open":0.001,"fee_close":0.001,"trade_duration":180,"profit_ratio":0.0,"profit_abs":0.0,"exit_reason":"roi","initial_stop_loss_abs":0.24144,"initial_stop_loss_ratio":-0.05,"stop_loss_abs":0.24144,"stop_loss_ratio":-0.05,"min_rate":0.25214,"max_rate":0.25843,"is_open":false,"enter_tag":"","leverage":1.0,"is_short":false,"open_timestamp":1759719600000,"close_timestamp":1759730400000,"orders":[{"amount":1302.0,"safe_price":0.25414,"ft_order_side":"buy","order_filled_timestamp":1759719600000,"ft_is_entry":true,"ft_order_tag":"","cost":331.2211702799999},{"amount":1302.0,"safe_price":0.2546487887887887,"ft_order_side":"sell","order_filled_timestamp":1759730400000,"ft_is_entry":false,"ft_order_tag":"roi","cost":331.88427572600585}],"funding_fees":0.0,"weekday":0},{"pair":"DOGE/USDT","stake_amount":330.83904,"max_stake_amount":330.83904,"amount":1344.0,"open_date":"2025-10-08 07:00:00+00:00","close_date":"2025-10-08 09:00:00+00:00","open_rate":0.24616,"close_rate":0.24835,"fee_open":0.001,"fee_close":0.001,"trade_duration":120,"profit_ratio":0.006880875056045676,"profit_abs":2.27873856,"exit_reason":"roi","initial_stop_loss_abs":0.23386,"initial_stop_loss_ratio":-0.05,"stop_loss_abs":0.23386,"stop_loss_ratio":-0.05,"min_rate":0.24539,"max_rate":0.24949,"is_open":false,"enter_tag":"","leverage":1.0,"is_short":false,"open_timestamp":1759906800000,"close_timestamp":1759914000000,"orders":[{"amount":1344.0,"safe_price":0.24616,"ft_order_side":"buy","order_filled_timestamp":1759906800000,"ft_is_entry":true,"ft_order_tag":"","cost":331.16987903999996},{"amount":1344.0,"safe_price":0.24835,"ft_order_side":"sell","order_filled_timestamp":1759914000000,"ft_is_entry":false,"ft_order_tag":"roi","cost":334.11618239999996}],"funding_fees":0.0,"weekday":2},{"pair":"DOGE/USDT","stake_amount":331.5842,"max_stake_amount":331.5842,"amount":1349.0,"open_date":"2025-10-09 11:00:00+00:00","close_date":"2025-10-09 13:00:00+00:00","open_rate":0.2458,"close_rate":0.24959,"fee_open":0.001,"fee_close":0.001,"trade_duration":120,"profit_ratio":0.0133902305993437,"profit_abs":4.44442889,"exit_reason":"roi","initial_stop_loss_abs":0.23351,"initial_stop_loss_ratio":-0.05,"stop_loss_abs":0.23351,"stop_loss_ratio":-0.05,"min_rate":0.24505,"max_rate":0.25071,"is_open":false,"enter_tag":"","leverage":1.0,"is_short":false,"open_timestamp":1760007600000,"close_timestamp":1760014800000,"orders":[{"amount":1349.0,"safe_price":0.2458,"ft_order_side":"buy","order_filled_timestamp":1760007600000,"ft_is_entry":true,"ft_order_tag":"","cost":331.91578419999996},{"amount":1349.0,"safe_price":0.24959,"ft_order_side":"sell","order_filled_timestamp":1760014800000,"ft_is_entry":false,"ft_order_tag":"roi","cost":337.03360690999995}],"funding_fees":0.0,"weekday":3},{"pair":"DOGE/USDT","stake_amount":333.10056,"max_stake_amount":333.10056,"amount":1329.0,"open_date":"2025-10-10 11:00:00+00:00","close_date":"2025-10-10 13:00:00+00:00","open_rate":0.25064,"close_rate":0.2511417817817817,"fee_open":0.001,"fee_close":0.001,"trade_duration":120,"profit_ratio":0.0,"profit_abs":0.0,"exit_reason":"roi","initial_stop_loss_abs":0.23811,"initial_stop_loss_ratio":-0.05,"stop_loss_abs":0.23811,"stop_loss_ratio":-0.05,"min_rate":0.24958,"max_rate":0.25403,"is_open":false,"enter_tag":"","leverage":1.0,"is_short":false,"open_timestamp":1760094000000,"close_timestamp":1760101200000,"orders":[{"amount":1329.0,"safe_price":0.25064,"ft_order_side":"buy","order_filled_timestamp":1760094000000,"ft_is_entry":true,"ft_order_tag":"","cost":333.43366055999996},{"amount":1329.0,"safe_price":0.2511417817817817,"ft_order_side":"sell","order_filled_timestamp":1760101200000,"ft_is_entry":false,"ft_order_tag":"roi","cost":334.10119541597584}],"funding_fees":0.0,"weekday":4},{"pair":"DOGE/USDT","stake_amount":333.054,"max_stake_amount":333.054,"amount":1800.0,"open_date":"2025-10-11 23:00:00+00:00","close_date":"2025-10-12 03:00:00+00:00","open_rate":0.18503,"close_rate":0.18540043043043042,"fee_open":0.001,"fee_close":0.001,"trade_duration":240,"profit_ratio":0.0,"profit_abs":0.0,"exit_reason":"roi","initial_stop_loss_abs":0.17578,"initial_stop_loss_ratio":-0.05,"stop_loss_abs":0.17578,"stop_loss_ratio":-0.05,"min_rate":0.18072,"max_rate":0.18675,"is_open":false,"enter_tag":"","leverage":1.0,"is_short":false,"open_timestamp":1760223600000,"close_timestamp":1760238000000,"orders":[{"amount":1800.0,"safe_price":0.18503,"ft_order_side":"buy","order_filled_timestamp":1760223600000,"ft_is_entry":true,"ft_order_tag":"","cost":333.3870539999999},{"amount":1800.0,"safe_price":0.18540043043043042,"ft_order_side":"sell","order_filled_timestamp":1760238000000,"ft_is_entry":false,"ft_order_tag":"roi","cost":334.05449554954953}],"funding_fees":0.0,"weekday":6},{"pair":"DOGE/USDT","stake_amount":333.04403,"max_stake_amount":333.04403,"amount":1591.0,"open_date":"2025-10-13 02:00:00+00:00","close_date":"2025-10-13 04:00:00+00:00","open_rate":0.20933,"close_rate":0.20974907907907905,"fee_open":0.001,"fee_close":0.001,"trade_duration":120,"profit_ratio":0.0,"profit_abs":0.0,"exit_reason":"roi","initial_stop_loss_abs":0.19887,"initial_stop_loss_ratio":-0.05,"stop_loss_abs":0.19887,"stop_loss_ratio":-0.05,"min_rate":0.20642,"max_rate":0.20999,"is_open":false,"enter_tag":"","leverage":1.0,"is_short":false,"open_timestamp":1760320800000,"close_timestamp":1760328000000,"orders":[{"amount":1591.0,"safe_price":0.20933,"ft_order_side":"buy","order_filled_timestamp":1760320800000,"ft_is_entry":true,"ft_order_tag":"","cost":333.3770740299999},{"amount":1591.0,"safe_price":0.20974907907907905,"ft_order_side":"sell","order_filled_timestamp":1760328000000,"ft_is_entry":false,"ft_order_tag":"roi","cost":334.04449559962956}],"funding_fees":0.0,"weekday":0},{"pair":"DOGE/USDT","stake_amount":333.05856,"max_stake_amount":333.05856,"amount":1632.0,"open_date":"2025-10-15 05:00:00+00:00","close_date":"2025-10-15 07:00:00+00:00","open_rate":0.20408,"close_rate":0.20452,"fee_open":0.001,"fee_close":0.001,"trade_duration":120,"profit_ratio":0.00015370752336648066,"profit_abs":0.0512448,"exit_reason":"roi","initial_stop_loss_abs":0.19388,"initial_stop_loss_ratio":-0.05,"stop_loss_abs":0.19388,"stop_loss_ratio":-0.05,"min_rate":0.2018,"max_rate":0.20509,"is_open":false,"enter_tag":"","leverage":1.0,"is_short":false,"open_timestamp":1760504400000,"close_timestamp":1760511600000,"orders":[{"amount":1632.0,"safe_price":0.20408,"ft_order_side":"buy","order_filled_timestamp":1760504400000,"ft_is_entry":true,"ft_order_tag":"","cost":333.39161856},{"amount":1632.0,"safe_price":0.20452,"ft_order_side":"sell","order_filled_timestamp":1760511600000,"ft_is_entry":false,"ft_order_tag":"roi","cost":334.1104166399999}],"funding_fees":0.0,"weekday":2},{"pair":"DOGE/USDT","stake_amount":333.2394,"max_stake_amount":333.2394,"amount":1818.0,"open_date":"2025-10-17 14:00:00+00:00","close_date":"2025-10-17 16:00:00+00:00","open_rate":0.1833,"close_rate":0.18488,"fee_open":0.001,"fee_close":0.001,"trade_duration":120,"profit_ratio":0.006604524771464215,"profit_abs":2.20308876,"exit_reason":"roi","initial_stop_loss_abs":0.17414,"initial_stop_loss_ratio":-0.05,"stop_loss_abs":0.17414,"stop_loss_ratio":-0.05,"min_rate":0.17968,"max_rate":0.18726,"is_open":false,"enter_tag":"","leverage":1.0,"is_short":false,"open_timestamp":1760709600000,"close_timestamp":1760716800000,"orders":[{"amount":1818.0,"safe_price":0.1833,"ft_order_side":"buy","order_filled_timestamp":1760709600000,"ft_is_entry":true,"ft_order_tag":"","cost":333.57263939999996},{"amount":1818.0,"safe_price":0.18488,"ft_order_side":"sell","order_filled_timestamp":1760716800000,"ft_is_entry":false,"ft_order_tag":"roi","cost":336.4479518399999}],"funding_fees":0.0,"weekday":4},{"pair":"DOGE/USDT","stake_amount":333.88795,"max_stake_amount":333.88795,"amount":1795.0,"open_date":"2025-10-18 01:00:00+00:00","close_date":"2025-10-18 02:00:00+00:00","open_rate":0.18601,"close_rate":0.18764,"fee_open":0.001,"fee_close":0.001,"trade_duration":60,"profit_ratio":0.00674745930377348,"profit_abs":2.25514825,"exit_reason":"exit_signal","initial_stop_loss_abs":0.17671,"initial_stop_loss_ratio":-0.05,"stop_loss_abs":0.17671,"stop_loss_ratio":-0.05,"min_rate":0.18568,"max_rate":0.18854,"is_open":false,"enter_tag":"","leverage":1.0,"is_short":false,"open_timestamp":1760749200000,"close_timestamp":1760752800000,"orders":[{"amount":1795.0,"safe_price":0.18601,"ft_order_side":"buy","order_filled_timestamp":1760749200000,"ft_is_entry":true,"ft_order_tag":"","cost":334.22183794999995},{"amount":1795.0,"safe_price":0.18764,"ft_order_side":"sell","order_filled_timestamp":1760752800000,"ft_is_entry":false,"ft_order_tag":"exit_signal","cost":337.1506138}],"funding_fees":0.0,"weekday":5},{"pair":"DOGE/USDT","stake_amount":334.57961,"max_stake_amount":334.57961,"amount":1721.0,"open_date":"2025-10-21 11:00:00+00:00","close_date":"2025-10-21 13:00:00+00:00","open_rate":0.19441,"close_rate":0.19479920920920918,"fee_open":0.001,"fee_close":0.001,"trade_duration":120,"profit_ratio":0.0,"profit_abs":0.0,"exit_reason":"roi","initial_stop_loss_abs":0.18469,"initial_stop_loss_ratio":-0.05,"stop_loss_abs":0.18469,"stop_loss_ratio":-0.05,"min_rate":0.1933,"max_rate":0.19649,"is_open":false,"enter_tag":"","leverage":1.0,"is_short":false,"open_timestamp":1761044400000,"close_timestamp":1761051600000,"orders":[{"amount":1721.0,"safe_price":0.19441,"ft_order_side":"buy","order_filled_timestamp":1761044400000,"ft_is_entry":true,"ft_order_tag":"","cost":334.91418960999994},{"amount":1721.0,"safe_price":0.19479920920920918,"ft_order_side":"sell","order_filled_timestamp":1761051600000,"ft_is_entry":false,"ft_order_tag":"roi","cost":335.584688488098}],"funding_fees":0.0,"weekday":1},{"pair":"DOGE/USDT","stake_amount":334.632,"max_stake_amount":334.632,"amount":1752.0,"open_date":"2025-10-22 12:00:00+00:00","close_date":"2025-10-22 14:00:00+00:00","open_rate":0.191,"close_rate":0.19236,"fee_open":0.001,"fee_close":0.001,"trade_duration":120,"profit_ratio":0.0051081902390802915,"profit_abs":1.71107328,"exit_reason":"roi","initial_stop_loss_abs":0.18145,"initial_stop_loss_ratio":-0.05,"stop_loss_abs":0.18145,"stop_loss_ratio":-0.05,"min_rate":0.18814,"max_rate":0.19275,"is_open":false,"enter_tag":"","leverage":1.0,"is_short":false,"open_timestamp":1761134400000,"close_timestamp":1761141600000,"orders":[{"amount":1752.0,"safe_price":0.191,"ft_order_side":"buy","order_filled_timestamp":1761134400000,"ft_is_entry":true,"ft_order_tag":"","cost":334.96663199999995},{"amount":1752.0,"safe_price":0.19236,"ft_order_side":"sell","order_filled_timestamp":1761141600000,"ft_is_entry":false,"ft_order_tag":"roi","cost":337.35173471999997}],"funding_fees":0.0,"weekday":2},{"pair":"DOGE/USDT","stake_amount":335.11242,"max_stake_amount":335.11242,"amount":1693.0,"open_date":"2025-10-25 19:00:00+00:00","close_date":"2025-10-26 09:00:00+00:00","open_rate":0.19794,"close_rate":0.19833627627627626,"fee_open":0.001,"fee_close":0.001,"trade_duration":840,"profit_ratio":0.0,"profit_abs":0.0,"exit_reason":"roi","initial_stop_loss_abs":0.18805,"initial_stop_loss_ratio":-0.05,"stop_loss_abs":0.18805,"stop_loss_ratio":-0.05,"min_rate":0.19465,"max_rate":0.20094,"is_open":false,"enter_tag":"","leverage":1.0,"is_short":false,"open_timestamp":1761418800000,"close_timestamp":1761469200000,"orders":[{"amount":1693.0,"safe_price":0.19794,"ft_order_side":"buy","order_filled_timestamp":1761418800000,"ft_is_entry":true,"ft_order_tag":"","cost":335.44753241999996},{"amount":1693.0,"safe_price":0.19833627627627626,"ft_order_side":"sell","order_filled_timestamp":1761469200000,"ft_is_entry":false,"ft_order_tag":"roi","cost":336.1190990514714}],"funding_fees":0.0,"weekday":6},{"pair":"DOGE/USDT","stake_amount":335.0966,"max_stake_amount":335.0966,"amount":1678.0,"open_date":"2025-10-28 04:00:00+00:00","close_date":"2025-10-28 06:00:00+00:00","open_rate":0.1997,"close_rate":0.20009979979979975,"fee_open":0.001,"fee_close":0.001,"trade_duration":120,"profit_ratio":0.0,"profit_abs":0.0,"exit_reason":"roi","initial_stop_loss_abs":0.18972,"initial_stop_loss_ratio":-0.05,"stop_loss_abs":0.18972,"stop_loss_ratio":-0.05,"min_rate":0.19815,"max_rate":0.20131,"is_open":false,"enter_tag":"","leverage":1.0,"is_short":false,"open_timestamp":1761624000000,"close_timestamp":1761631200000,"orders":[{"amount":1678.0,"safe_price":0.1997,"ft_order_side":"buy","order_filled_timestamp":1761624000000,"ft_is_entry":true,"ft_order_tag":"","cost":335.43169659999995},{"amount":1678.0,"safe_price":0.20009979979979975,"ft_order_side":"sell","order_filled_timestamp":1761631200000,"ft_is_entry":false,"ft_order_tag":"roi","cost":336.103231528128}],"funding_fees":0.0,"weekday":1},{"pair":"DOGE/USDT","stake_amount":335.15035,"max_stake_amount":335.15035,"amount":1667.0,"open_date":"2025-10-28 13:00:00+00:00","close_date":"2025-10-28 14:00:00+00:00","open_rate":0.20105,"close_rate":0.20196,"fee_open":0.001,"fee_close":0.001,"trade_duration":60,"profit_ratio":0.002519191825334576,"profit_abs":0.84515233,"exit_reason":"exit_signal","initial_stop_loss_abs":0.191,"initial_stop_loss_ratio":-0.05,"stop_loss_abs":0.191,"stop_loss_ratio":-0.05,"min_rate":0.19617,"max_rate":0.20311,"is_open":false,"enter_tag":"","leverage":1.0,"is_short":false,"open_timestamp":1761656400000,"close_timestamp":1761660000000,"orders":[{"amount":1667.0,"safe_price":0.20105,"ft_order_side":"buy","order_filled_timestamp":1761656400000,"ft_is_entry":true,"ft_order_tag":"","cost":335.48550034999994},{"amount":1667.0,"safe_price":0.20196,"ft_order_side":"sell","order_filled_timestamp":1761660000000,"ft_is_entry":false,"ft_order_tag":"exit_signal","cost":337.00398731999996}],"funding_fees":0.0,"weekday":1},{"pair":"DOGE/USDT","stake_amount":335.38757,"max_stake_amount":335.38757,"amount":1799.0,"open_date":"2025-10-31 14:00:00+00:00","close_date":"2025-10-31 15:00:00+00:00","open_rate":0.18643,"close_rate":0.18669,"fee_open":0.001,"fee_close":0.001,"trade_duration":60,"profit_ratio":-0.0006061631336533444,"profit_abs":-0.20350288,"exit_reason":"exit_signal","initial_stop_loss_abs":0.17711,"initial_stop_loss_ratio":-0.05,"stop_loss_abs":0.17711,"stop_loss_ratio":-0.05,"min_rate":0.18518,"max_rate":0.18735,"is_open":false,"enter_tag":"","leverage":1.0,"is_short":false,"open_timestamp":1761919200000,"close_timestamp":1761922800000,"orders":[{"amount":1799.0,"safe_price":0.18643,"ft_order_side":"buy","order_filled_timestamp":1761919200000,"ft_is_entry":true,"ft_order_tag":"","cost":335.72295757},{"amount":1799.0,"safe_price":0.18669,"ft_order_side":"sell","order_filled_timestamp":1761922800000,"ft_is_entry":false,"ft_order_tag":"exit_signal","cost":336.1911653099999}],"funding_fees":0.0,"weekday":4},{"pair":"DOGE/USDT","stake_amount":335.4281,"max_stake_amount":335.4281,"amount":1790.0,"open_date":"2025-11-01 20:00:00+00:00","close_date":"2025-11-01 21:00:00+00:00","open_rate":0.18739,"close_rate":0.18777,"fee_open":0.001,"fee_close":0.001,"trade_duration":60,"profit_ratio":2.5802683361784705e-05,"profit_abs":0.0086636,"exit_reason":"exit_signal","initial_stop_loss_abs":0.17803,"initial_stop_loss_ratio":-0.05,"stop_loss_abs":0.17803,"stop_loss_ratio":-0.05,"min_rate":0.18616,"max_rate":0.18837,"is_open":false,"enter_tag":"","leverage":1.0,"is_short":false,"open_timestamp":1762027200000,"close_timestamp":1762030800000,"orders":[{"amount":1790.0,"safe_price":0.18739,"ft_order_side":"buy","order_filled_timestamp":1762027200000,"ft_is_entry":true,"ft_order_tag":"","cost":335.7635281},{"amount":1790.0,"safe_price":0.18777,"ft_order_side":"sell","order_filled_timestamp":1762030800000,"ft_is_entry":false,"ft_order_tag":"exit_signal","cost":336.44440829999996}],"funding_fees":0.0,"weekday":5},{"pair":"DOGE/USDT","stake_amount":335.42768,"max_stake_amount":335.42768,"amount":1784.0,"open_date":"2025-11-02 05:00:00+00:00","close_date":"2025-11-02 06:00:00+00:00","open_rate":0.18802,"close_rate":0.18768,"fee_open":0.001,"fee_close":0.001,"trade_duration":60,"profit_ratio":-0.00380270723851194,"profit_abs":-1.2768088,"exit_reason":"exit_signal","initial_stop_loss_abs":0.17862,"initial_stop_loss_ratio":-0.05,"stop_loss_abs":0.17862,"stop_loss_ratio":-0.05,"min_rate":0.18701,"max_rate":0.18812,"is_open":false,"enter_tag":"","leverage":1.0,"is_short":false,"open_timestamp":1762059600000,"close_timestamp":1762063200000,"orders":[{"amount":1784.0,"safe_price":0.18802,"ft_order_side":"buy","order_filled_timestamp":1762059600000,"ft_is_entry":true,"ft_order_tag":"","cost":335.76310767999996},{"amount":1784.0,"safe_price":0.18768,"ft_order_side":"sell","order_filled_timestamp":1762063200000,"ft_is_entry":false,"ft_order_tag":"exit_signal","cost":335.15594111999997}],"funding_fees":0.0,"weekday":6},{"pair":"DOGE/USDT","stake_amount":335.03625,"max_stake_amount":335.03625,"amount":2025.0,"open_date":"2025-11-07 15:00:00+00:00","close_date":"2025-11-07 16:00:00+00:00","open_rate":0.16545,"close_rate":0.16902,"fee_open":0.001,"fee_close":0.001,"trade_duration":60,"profit_ratio":0.01953640194800666,"profit_abs":6.55194825,"exit_reason":"exit_signal","initial_stop_loss_abs":0.15718,"initial_stop_loss_ratio":-0.05,"stop_loss_abs":0.15718,"stop_loss_ratio":-0.05,"min_rate":0.16408,"max_rate":0.17555,"is_open":false,"enter_tag":"","leverage":1.0,"is_short":false,"open_timestamp":1762527600000,"close_timestamp":1762531200000,"orders":[{"amount":2025.0,"safe_price":0.16545,"ft_order_side":"buy","order_filled_timestamp":1762527600000,"ft_is_entry":true,"ft_order_tag":"","cost":335.37128625},{"amount":2025.0,"safe_price":0.16902,"ft_order_side":"sell","order_filled_timestamp":1762531200000,"ft_is_entry":false,"ft_order_tag":"exit_signal","cost":342.60776549999997}],"funding_fees":0.0,"weekday":4},{"pair":"DOGE/USDT","stake_amount":337.24075,"max_stake_amount":337.24075,"amount":1925.0,"open_date":"2025-11-09 08:00:00+00:00","close_date":"2025-11-09 12:00:00+00:00","open_rate":0.17519,"close_rate":0.17554073073073073,"fee_open":0.001,"fee_close":0.001,"trade_duration":240,"profit_ratio":0.0,"profit_abs":0.0,"exit_reason":"roi","initial_stop_loss_abs":0.16644,"initial_stop_loss_ratio":-0.05,"stop_loss_abs":0.16644,"stop_loss_ratio":-0.05,"min_rate":0.17243,"max_rate":0.17601,"is_open":false,"enter_tag":"","leverage":1.0,"is_short":false,"open_timestamp":1762675200000,"close_timestamp":1762689600000,"orders":[{"amount":1925.0,"safe_price":0.17519,"ft_order_side":"buy","order_filled_timestamp":1762675200000,"ft_is_entry":true,"ft_order_tag":"","cost":337.57799075},{"amount":1925.0,"safe_price":0.17554073073073073,"ft_order_side":"sell","order_filled_timestamp":1762689600000,"ft_is_entry":false,"ft_order_tag":"roi","cost":338.2538225633133}],"funding_fees":0.0,"weekday":6},{"pair":"DOGE/USDT","stake_amount":337.19459,"max_stake_amount":337.19459,"amount":1861.0,"open_date":"2025-11-10 03:00:00+00:00","close_date":"2025-11-10 04:00:00+00:00","open_rate":0.18119,"close_rate":0.18166,"fee_open":0.001,"fee_close":0.001,"trade_duration":60,"profit_ratio":0.0005907773996520617,"profit_abs":0.19940615,"exit_reason":"exit_signal","initial_stop_loss_abs":0.17214,"initial_stop_loss_ratio":-0.05,"stop_loss_abs":0.17214,"stop_loss_ratio":-0.05,"min_rate":0.18035,"max_rate":0.18226,"is_open":false,"enter_tag":"","leverage":1.0,"is_short":false,"open_timestamp":1762743600000,"close_timestamp":1762747200000,"orders":[{"amount":1861.0,"safe_price":0.18119,"ft_order_side":"buy","order_filled_timestamp":1762743600000,"ft_is_entry":true,"ft_order_tag":"","cost":337.53178459},{"amount":1861.0,"safe_price":0.18166,"ft_order_side":"sell","order_filled_timestamp":1762747200000,"ft_is_entry":false,"ft_order_tag":"exit_signal","cost":338.4073292599999}],"funding_fees":0.0,"weekday":0},{"pair":"DOGE/USDT","stake_amount":337.3088,"max_stake_amount":337.3088,"amount":1840.0,"open_date":"2025-11-10 23:00:00+00:00","close_date":"2025-11-11 01:00:00+00:00","open_rate":0.18332,"close_rate":0.183687007007007,"fee_open":0.001,"fee_close":0.001,"trade_duration":120,"profit_ratio":0.0,"profit_abs":0.0,"exit_reason":"roi","initial_stop_loss_abs":0.17416,"initial_stop_loss_ratio":-0.05,"stop_loss_abs":0.17416,"stop_loss_ratio":-0.05,"min_rate":0.17933,"max_rate":0.1864,"is_open":false,"enter_tag":"","leverage":1.0,"is_short":false,"open_timestamp":1762815600000,"close_timestamp":1762822800000,"orders":[{"amount":1840.0,"safe_price":0.18332,"ft_order_side":"buy","order_filled_timestamp":1762815600000,"ft_is_entry":true,"ft_order_tag":"","cost":337.6461088},{"amount":1840.0,"safe_price":0.183687007007007,"ft_order_side":"sell","order_filled_timestamp":1762822800000,"ft_is_entry":false,"ft_order_tag":"roi","cost":338.3220769857857}],"funding_fees":0.0,"weekday":1},{"pair":"DOGE/USDT","stake_amount":337.2317,"max_stake_amount":337.2317,"amount":1937.0,"open_date":"2025-11-12 09:00:00+00:00","close_date":"2025-11-12 10:00:00+00:00","open_rate":0.1741,"close_rate":0.17514,"fee_open":0.001,"fee_close":0.001,"trade_duration":60,"profit_ratio":0.003963641183629696,"profit_abs":1.33800212,"exit_reason":"exit_signal","initial_stop_loss_abs":0.1654,"initial_stop_loss_ratio":-0.05,"stop_loss_abs":0.1654,"stop_loss_ratio":-0.05,"min_rate":0.17404,"max_rate":0.17655,"is_open":false,"enter_tag":"","leverage":1.0,"is_short":false,"open_timestamp":1762938000000,"close_timestamp":1762941600000,"orders":[{"amount":1937.0,"safe_price":0.1741,"ft_order_side":"buy","order_filled_timestamp":1762938000000,"ft_is_entry":true,"ft_order_tag":"","cost":337.56893169999995},{"amount":1937.0,"safe_price":0.17514,"ft_order_side":"sell","order_filled_timestamp":1762941600000,"ft_is_entry":false,"ft_order_tag":"exit_signal","cost":339.58542617999996}],"funding_fees":0.0,"weekday":2},{"pair":"DOGE/USDT","stake_amount":337.7418,"max_stake_amount":337.7418,"amount":2103.0,"open_date":"2025-11-17 17:00:00+00:00","close_date":"2025-11-17 19:00:00+00:00","open_rate":0.1606,"close_rate":0.15257,"fee_open":0.001,"fee_close":0.001,"trade_duration":120,"profit_ratio":-0.051898101898101894,"profit_abs":-17.54568651,"exit_reason":"stop_loss","initial_stop_loss_abs":0.15257,"initial_stop_loss_ratio":-0.05,"stop_loss_abs":0.15257,"stop_loss_ratio":-0.05,"min_rate":0.15183,"max_rate":0.16082,"is_open":false,"enter_tag":"","leverage":1.0,"is_short":false,"open_timestamp":1763398800000,"close_timestamp":1763406000000,"orders":[{"amount":2103.0,"safe_price":0.1606,"ft_order_side":"buy","order_filled_timestamp":1763398800000,"ft_is_entry":true,"ft_order_tag":"","cost":338.07954179999996},{"amount":2103.0,"safe_price":0.15257,"ft_order_side":"sell","order_filled_timestamp":1763406000000,"ft_is_entry":false,"ft_order_tag":"stop_loss","cost":321.17556471}],"funding_fees":0.0,"weekday":0},{"pair":"DOGE/USDT","stake_amount":331.94898,"max_stake_amount":331.94898,"amount":2178.0,"open_date":"2025-11-18 01:00:00+00:00","close_date":"2025-11-18 03:00:00+00:00","open_rate":0.15241,"close_rate":0.1527151251251251,"fee_open":0.001,"fee_close":0.001,"trade_duration":120,"profit_ratio":0.0,"profit_abs":0.0,"exit_reason":"roi","initial_stop_loss_abs":0.14479,"initial_stop_loss_ratio":-0.05,"stop_loss_abs":0.14479,"stop_loss_ratio":-0.05,"min_rate":0.1502,"max_rate":0.15479,"is_open":false,"enter_tag":"","leverage":1.0,"is_short":false,"open_timestamp":1763427600000,"close_timestamp":1763434800000,"orders":[{"amount":2178.0,"safe_price":0.15241,"ft_order_side":"buy","order_filled_timestamp":1763427600000,"ft_is_entry":true,"ft_order_tag":"","cost":332.28092897999994},{"amount":2178.0,"safe_price":0.1527151251251251,"ft_order_side":"sell","order_filled_timestamp":1763434800000,"ft_is_entry":false,"ft_order_tag":"roi","cost":332.946156065045}],"funding_fees":0.0,"weekday":1},{"pair":"DOGE/USDT","stake_amount":331.84088,"max_stake_amount":331.84088,"amount":2086.0,"open_date":"2025-11-20 15:00:00+00:00","close_date":"2025-11-20 16:00:00+00:00","open_rate":0.15908,"close_rate":0.15113,"fee_open":0.001,"fee_close":0.001,"trade_duration":60,"profit_ratio":-0.05187300755568294,"profit_abs":-17.23079806,"exit_reason":"stop_loss","initial_stop_loss_abs":0.15113,"initial_stop_loss_ratio":-0.05,"stop_loss_abs":0.15113,"stop_loss_ratio":-0.05,"min_rate":0.15,"max_rate":0.15913,"is_open":false,"enter_tag":"","leverage":1.0,"is_short":false,"open_timestamp":1763650800000,"close_timestamp":1763654400000,"orders":[{"amount":2086.0,"safe_price":0.15908,"ft_order_side":"buy","order_filled_timestamp":1763650800000,"ft_is_entry":true,"ft_order_tag":"","cost":332.17272087999993},{"amount":2086.0,"safe_price":0.15113,"ft_order_side":"sell","order_filled_timestamp":1763654400000,"ft_is_entry":false,"ft_order_tag":"stop_loss","cost":315.5724371799999}],"funding_fees":0.0,"weekday":3},{"pair":"DOGE/USDT","stake_amount":326.16605,"max_stake_amount":326.16605,"amount":2345.0,"open_date":"2025-11-22 15:00:00+00:00","close_date":"2025-11-22 17:00:00+00:00","open_rate":0.13909,"close_rate":0.13953,"fee_open":0.001,"fee_close":0.001,"trade_duration":120,"profit_ratio":0.0011590968525327571,"profit_abs":0.3784361,"exit_reason":"exit_signal","initial_stop_loss_abs":0.13214,"initial_stop_loss_ratio":-0.05,"stop_loss_abs":0.13214,"stop_loss_ratio":-0.05,"min_rate":0.13729,"max_rate":0.13977,"is_open":false,"enter_tag":"","leverage":1.0,"is_short":false,"open_timestamp":1763823600000,"close_timestamp":1763830800000,"orders":[{"amount":2345.0,"safe_price":0.13909,"ft_order_side":"buy","order_filled_timestamp":1763823600000,"ft_is_entry":true,"ft_order_tag":"","cost":326.49221604999997},{"amount":2345.0,"safe_price":0.13953,"ft_order_side":"sell","order_filled_timestamp":1763830800000,"ft_is_entry":false,"ft_order_tag":"exit_signal","cost":327.5250478499999}],"funding_fees":0.0,"weekday":5},{"pair":"DOGE/USDT","stake_amount":326.30496,"max_stake_amount":326.30496,"amount":2416.0,"open_date":"2025-12-01 22:00:00+00:00","close_date":"2025-12-02 00:00:00+00:00","open_rate":0.13506,"close_rate":0.13546,"fee_open":0.001,"fee_close":0.001,"trade_duration":120,"profit_ratio":0.0009577273015744806,"profit_abs":0.31282368,"exit_reason":"roi","initial_stop_loss_abs":0.12831,"initial_stop_loss_ratio":-0.05,"stop_loss_abs":0.12831,"stop_loss_ratio":-0.05,"min_rate":0.13493,"max_rate":0.13663,"is_open":false,"enter_tag":"","leverage":1.0,"is_short":false,"open_timestamp":1764626400000,"close_timestamp":1764633600000,"orders":[{"amount":2416.0,"safe_price":0.13506,"ft_order_side":"buy","order_filled_timestamp":1764626400000,"ft_is_entry":true,"ft_order_tag":"","cost":326.63126496},{"amount":2416.0,"safe_price":0.13546,"ft_order_side":"sell","order_filled_timestamp":1764633600000,"ft_is_entry":false,"ft_order_tag":"roi","cost":327.59863135999996}],"funding_fees":0.0,"weekday":1},{"pair":"DOGE/USDT","stake_amount":326.43084,"max_stake_amount":326.43084,"amount":2339.0,"open_date":"2025-12-06 00:00:00+00:00","close_date":"2025-12-06 02:00:00+00:00","open_rate":0.13956,"close_rate":0.13991,"fee_open":0.001,"fee_close":0.001,"trade_duration":120,"profit_ratio":0.0005048691635106081,"profit_abs":0.16496967,"exit_reason":"roi","initial_stop_loss_abs":0.13259,"initial_stop_loss_ratio":-0.05,"stop_loss_abs":0.13259,"stop_loss_ratio":-0.05,"min_rate":0.13895,"max_rate":0.14039,"is_open":false,"enter_tag":"","leverage":1.0,"is_short":false,"open_timestamp":1764979200000,"close_timestamp":1764986400000,"orders":[{"amount":2339.0,"safe_price":0.13956,"ft_order_side":"buy","order_filled_timestamp":1764979200000,"ft_is_entry":true,"ft_order_tag":"","cost":326.75727083999993},{"amount":2339.0,"safe_price":0.13991,"ft_order_side":"sell","order_filled_timestamp":1764986400000,"ft_is_entry":false,"ft_order_tag":"roi","cost":327.57673949}],"funding_fees":0.0,"weekday":5},{"pair":"DOGE/USDT","stake_amount":326.43468,"max_stake_amount":326.43468,"amount":2238.0,"open_date":"2025-12-10 17:00:00+00:00","close_date":"2025-12-10 19:00:00+00:00","open_rate":0.14586,"close_rate":0.14694,"fee_open":0.001,"fee_close":0.001,"trade_duration":120,"profit_ratio":0.005391564420770509,"profit_abs":1.7617536,"exit_reason":"exit_signal","initial_stop_loss_abs":0.13857,"initial_stop_loss_ratio":-0.05,"stop_loss_abs":0.13857,"stop_loss_ratio":-0.05,"min_rate":0.14535,"max_rate":0.14933,"is_open":false,"enter_tag":"","leverage":1.0,"is_short":false,"open_timestamp":1765386000000,"close_timestamp":1765393200000,"orders":[{"amount":2238.0,"safe_price":0.14586,"ft_order_side":"buy","order_filled_timestamp":1765386000000,"ft_is_entry":true,"ft_order_tag":"","cost":326.76111467999993},{"amount":2238.0,"safe_price":0.14694,"ft_order_side":"sell","order_filled_timestamp":1765393200000,"ft_is_entry":false,"ft_order_tag":"exit_signal","cost":329.18057171999993}],"funding_fees":0.0,"weekday":2},{"pair":"DOGE/USDT","stake_amount":327.07692,"max_stake_amount":327.07692,"amount":2322.0,"open_date":"2025-12-12 06:00:00+00:00","close_date":"2025-12-12 10:00:00+00:00","open_rate":0.14086,"close_rate":0.141142002002002,"fee_open":0.001,"fee_close":0.001,"trade_duration":240,"profit_ratio":0.0,"profit_abs":0.0,"exit_reason":"roi","initial_stop_loss_abs":0.13382,"initial_stop_loss_ratio":-0.05,"stop_loss_abs":0.13382,"stop_loss_ratio":-0.05,"min_rate":0.13992,"max_rate":0.14155,"is_open":false,"enter_tag":"","leverage":1.0,"is_short":false,"open_timestamp":1765519200000,"close_timestamp":1765533600000,"orders":[{"amount":2322.0,"safe_price":0.14086,"ft_order_side":"buy","order_filled_timestamp":1765519200000,"ft_is_entry":true,"ft_order_tag":"","cost":327.40399692},{"amount":2322.0,"safe_price":0.141142002002002,"ft_order_side":"sell","order_filled_timestamp":1765533600000,"ft_is_entry":false,"ft_order_tag":"roi","cost":328.0594603772972}],"funding_fees":0.0,"weekday":4},{"pair":"DOGE/USDT","stake_amount":327.0502,"max_stake_amount":327.0502,"amount":2690.0,"open_date":"2025-12-19 03:00:00+00:00","close_date":"2025-12-19 05:00:00+00:00","open_rate":0.12158,"close_rate":0.12612,"fee_open":0.001,"fee_close":0.001,"trade_duration":120,"profit_ratio":0.03526905731215651,"profit_abs":11.546287,"exit_reason":"roi","initial_stop_loss_abs":0.11551,"initial_stop_loss_ratio":-0.05,"stop_loss_abs":0.11551,"stop_loss_ratio":-0.05,"min_rate":0.1215,"max_rate":0.1265,"is_open":false,"enter_tag":"","leverage":1.0,"is_short":false,"open_timestamp":1766113200000,"close_timestamp":1766120400000,"orders":[{"amount":2690.0,"safe_price":0.12158,"ft_order_side":"buy","order_filled_timestamp":1766113200000,"ft_is_entry":true,"ft_order_tag":"","cost":327.37725019999993},{"amount":2690.0,"safe_price":0.12612,"ft_order_side":"sell","order_filled_timestamp":1766120400000,"ft_is_entry":false,"ft_order_tag":"roi","cost":339.6020628}],"funding_fees":0.0,"weekday":4},{"pair":"DOGE/USDT","stake_amount":330.948,"max_stake_amount":330.948,"amount":2536.0,"open_date":"2025-12-23 17:00:00+00:00","close_date":"2025-12-24 17:00:00+00:00","open_rate":0.1305,"close_rate":0.12871,"fee_open":0.001,"fee_close":0.001,"trade_duration":1440,"profit_ratio":-0.015687071549140515,"profit_abs":-5.19679656,"exit_reason":"exit_signal","initial_stop_loss_abs":0.12398,"initial_stop_loss_ratio":-0.05,"stop_loss_abs":0.12398,"stop_loss_ratio":-0.05,"min_rate":0.12651,"max_rate":0.1307,"is_open":false,"enter_tag":"","leverage":1.0,"is_short":false,"open_timestamp":1766509200000,"close_timestamp":1766595600000,"orders":[{"amount":2536.0,"safe_price":0.1305,"ft_order_side":"buy","order_filled_timestamp":1766509200000,"ft_is_entry":true,"ft_order_tag":"","cost":331.278948},{"amount":2536.0,"safe_price":0.12871,"ft_order_side":"sell","order_filled_timestamp":1766595600000,"ft_is_entry":false,"ft_order_tag":"exit_signal","cost":326.7349685599999}],"funding_fees":0.0,"weekday":2},{"pair":"DOGE/USDT","stake_amount":329.11174,"max_stake_amount":329.11174,"amount":2606.0,"open_date":"2025-12-26 03:00:00+00:00","close_date":"2025-12-26 07:00:00+00:00","open_rate":0.12629,"close_rate":0.12654283283283282,"fee_open":0.001,"fee_close":0.001,"trade_duration":240,"profit_ratio":0.0,"profit_abs":0.0,"exit_reason":"roi","initial_stop_loss_abs":0.11998,"initial_stop_loss_ratio":-0.05,"stop_loss_abs":0.11998,"stop_loss_ratio":-0.05,"min_rate":0.12522,"max_rate":0.12669,"is_open":false,"enter_tag":"","leverage":1.0,"is_short":false,"open_timestamp":1766718000000,"close_timestamp":1766732400000,"orders":[{"amount":2606.0,"safe_price":0.12629,"ft_order_side":"buy","order_filled_timestamp":1766718000000,"ft_is_entry":true,"ft_order_tag":"","cost":329.44085174},{"amount":2606.0,"safe_price":0.12654283283283282,"ft_order_side":"sell","order_filled_timestamp":1766732400000,"ft_is_entry":false,"ft_order_tag":"roi","cost":330.1003929847247}],"funding_fees":0.0,"weekday":4},{"pair":"DOGE/USDT","stake_amount":329.14009,"max_stake_amount":329.14009,"amount":2617.0,"open_date":"2025-12-26 13:00:00+00:00","close_date":"2025-12-27 04:00:00+00:00","open_rate":0.12577,"close_rate":0.1233,"fee_open":0.001,"fee_close":0.001,"trade_duration":900,"profit_ratio":-0.021597786804115816,"profit_abs":-7.11580619,"exit_reason":"exit_signal","initial_stop_loss_abs":0.11949,"initial_stop_loss_ratio":-0.05,"stop_loss_abs":0.11949,"stop_loss_ratio":-0.05,"min_rate":0.12064,"max_rate":0.1264,"is_open":false,"enter_tag":"","leverage":1.0,"is_short":false,"open_timestamp":1766754000000,"close_timestamp":1766808000000,"orders":[{"amount":2617.0,"safe_price":0.12577,"ft_order_side":"buy","order_filled_timestamp":1766754000000,"ft_is_entry":true,"ft_order_tag":"","cost":329.46923008999994},{"amount":2617.0,"safe_price":0.1233,"ft_order_side":"sell","order_filled_timestamp":1766808000000,"ft_is_entry":false,"ft_order_tag":"exit_signal","cost":322.9987761}],"funding_fees":0.0,"weekday":5},{"pair":"DOGE/USDT","stake_amount":326.8208,"max_stake_amount":326.8208,"amount":2656.0,"open_date":"2025-12-27 12:00:00+00:00","close_date":"2025-12-27 13:00:00+00:00","open_rate":0.12305,"close_rate":0.12289,"fee_open":0.001,"fee_close":0.001,"trade_duration":60,"profit_ratio":-0.0032956884643191016,"profit_abs":-1.07817664,"exit_reason":"exit_signal","initial_stop_loss_abs":0.1169,"initial_stop_loss_ratio":-0.05,"stop_loss_abs":0.1169,"stop_loss_ratio":-0.05,"min_rate":0.12261,"max_rate":0.1234,"is_open":false,"enter_tag":"","leverage":1.0,"is_short":false,"open_timestamp":1766836800000,"close_timestamp":1766840400000,"orders":[{"amount":2656.0,"safe_price":0.12305,"ft_order_side":"buy","order_filled_timestamp":1766836800000,"ft_is_entry":true,"ft_order_tag":"","cost":327.14762079999997},{"amount":2656.0,"safe_price":0.12289,"ft_order_side":"sell","order_filled_timestamp":1766840400000,"ft_is_entry":false,"ft_order_tag":"exit_signal","cost":326.72223584}],"funding_fees":0.0,"weekday":5},{"pair":"DOGE/USDT","stake_amount":326.45718,"max_stake_amount":326.45718,"amount":2289.0,"open_date":"2026-01-03 10:00:00+00:00","close_date":"2026-01-03 12:00:00+00:00","open_rate":0.14262,"close_rate":0.14290552552552552,"fee_open":0.001,"fee_close":0.001,"trade_duration":120,"profit_ratio":0.0,"profit_abs":0.0,"exit_reason":"roi","initial_stop_loss_abs":0.13549,"initial_stop_loss_ratio":-0.05,"stop_loss_abs":0.13549,"stop_loss_ratio":-0.05,"min_rate":0.14221,"max_rate":0.14329,"is_open":false,"enter_tag":"","leverage":1.0,"is_short":false,"open_timestamp":1767434400000,"close_timestamp":1767441600000,"orders":[{"amount":2289.0,"safe_price":0.14262,"ft_order_side":"buy","order_filled_timestamp":1767434400000,"ft_is_entry":true,"ft_order_tag":"","cost":326.78363717999997},{"amount":2289.0,"safe_price":0.14290552552552552,"ft_order_side":"sell","order_filled_timestamp":1767441600000,"ft_is_entry":false,"ft_order_tag":"roi","cost":327.4378586758558}],"funding_fees":0.0,"weekday":5},{"pair":"DOGE/USDT","stake_amount":326.48308,"max_stake_amount":326.48308,"amount":2156.0,"open_date":"2026-01-04 16:00:00+00:00","close_date":"2026-01-04 18:00:00+00:00","open_rate":0.15143,"close_rate":0.15219,"fee_open":0.001,"fee_close":0.001,"trade_duration":120,"profit_ratio":0.0030107909656215807,"profit_abs":0.98395528,"exit_reason":"roi","initial_stop_loss_abs":0.14386,"initial_stop_loss_ratio":-0.05,"stop_loss_abs":0.14386,"stop_loss_ratio":-0.05,"min_rate":0.15053,"max_rate":0.15285,"is_open":false,"enter_tag":"","leverage":1.0,"is_short":false,"open_timestamp":1767542400000,"close_timestamp":1767549600000,"orders":[{"amount":2156.0,"safe_price":0.15143,"ft_order_side":"buy","order_filled_timestamp":1767542400000,"ft_is_entry":true,"ft_order_tag":"","cost":326.80956308},{"amount":2156.0,"safe_price":0.15219,"ft_order_side":"sell","order_filled_timestamp":1767549600000,"ft_is_entry":false,"ft_order_tag":"roi","cost":328.4497616399999}],"funding_fees":0.0,"weekday":6},{"pair":"DOGE/USDT","stake_amount":326.82084,"max_stake_amount":326.82084,"amount":2172.0,"open_date":"2026-01-05 01:00:00+00:00","close_date":"2026-01-05 03:00:00+00:00","open_rate":0.15047,"close_rate":0.1519,"fee_open":0.001,"fee_close":0.001,"trade_duration":120,"profit_ratio":0.00748656540508737,"profit_abs":2.44921236,"exit_reason":"roi","initial_stop_loss_abs":0.14295,"initial_stop_loss_ratio":-0.05,"stop_loss_abs":0.14295,"stop_loss_ratio":-0.05,"min_rate":0.15004,"max_rate":0.15248,"is_open":false,"enter_tag":"","leverage":1.0,"is_short":false,"open_timestamp":1767574800000,"close_timestamp":1767582000000,"orders":[{"amount":2172.0,"safe_price":0.15047,"ft_order_side":"buy","order_filled_timestamp":1767574800000,"ft_is_entry":true,"ft_order_tag":"","cost":327.14766083999996},{"amount":2172.0,"safe_price":0.1519,"ft_order_side":"sell","order_filled_timestamp":1767582000000,"ft_is_entry":false,"ft_order_tag":"roi","cost":330.25672679999997}],"funding_fees":0.0,"weekday":0},{"pair":"DOGE/USDT","stake_amount":327.5883,"max_stake_amount":327.5883,"amount":2210.0,"open_date":"2026-01-05 15:00:00+00:00","close_date":"2026-01-05 17:00:00+00:00","open_rate":0.14823,"close_rate":0.15047,"fee_open":0.001,"fee_close":0.001,"trade_duration":120,"profit_ratio":0.013083455706406526,"profit_abs":4.290273,"exit_reason":"roi","initial_stop_loss_abs":0.14082,"initial_stop_loss_ratio":-0.05,"stop_loss_abs":0.14082,"stop_loss_ratio":-0.05,"min_rate":0.14648,"max_rate":0.15386,"is_open":false,"enter_tag":"","leverage":1.0,"is_short":false,"open_timestamp":1767625200000,"close_timestamp":1767632400000,"orders":[{"amount":2210.0,"safe_price":0.14823,"ft_order_side":"buy","order_filled_timestamp":1767625200000,"ft_is_entry":true,"ft_order_tag":"","cost":327.91588829999995},{"amount":2210.0,"safe_price":0.15047,"ft_order_side":"sell","order_filled_timestamp":1767632400000,"ft_is_entry":false,"ft_order_tag":"roi","cost":332.8712387}],"funding_fees":0.0,"weekday":0}],"locks":[],"best_pair":{"key":"DOGE/USDT","trades":42,"profit_mean":-0.00016756280822250737,"profit_mean_pct":-0.02,"profit_total_abs":-2.789946620000001,"profit_total":-0.002789946620000001,"profit_total_pct":-0.28,"duration_avg":"3:07:00","wins":20,"draws":15,"losses":7,"winrate":0.47619047619047616,"cagr":-0.010457857172433305,"expectancy":-0.06642730047619083,"expectancy_ratio":-0.36650869419208265,"sortino":-0.07965840452600778,"sharpe":-0.11615963175832261,"calmar":-1.6172171945730318,"sqn":-0.0899,"profit_factor":0.9438049777046473,"max_drawdown_account":0.033978346574351205,"max_drawdown_abs":34.77648457},"worst_pair":{"key":"DOGE/USDT","trades":42,"profit_mean":-0.00016756280822250737,"profit_mean_pct":-0.02,"profit_total_abs":-2.789946620000001,"profit_total":-0.002789946620000001,"profit_total_pct":-0.28,"duration_avg":"3:07:00","wins":20,"draws":15,"losses":7,"winrate":0.47619047619047616,"cagr":-0.010457857172433305,"expectancy":-0.06642730047619083,"expectancy_ratio":-0.36650869419208265,"sortino":-0.07965840452600778,"sharpe":-0.11615963175832261,"calmar":-1.6172171945730318,"sqn":-0.0899,"profit_factor":0.9438049777046473,"max_drawdown_account":0.033978346574351205,"max_drawdown_abs":34.77648457},"results_per_pair":[{"key":"DOGE/USDT","trades":42,"profit_mean":-0.00016756280822250737,"profit_mean_pct":-0.02,"profit_total_abs":-2.789946620000001,"profit_total":-0.002789946620000001,"profit_total_pct":-0.28,"duration_avg":"3:07:00","wins":20,"draws":15,"losses":7,"winrate":0.47619047619047616,"cagr":-0.010457857172433305,"expectancy":-0.06642730047619083,"expectancy_ratio":-0.36650869419208265,"sortino":-0.07965840452600778,"sharpe":-0.11615963175832261,"calmar":-1.6172171945730318,"sqn":-0.0899,"profit_factor":0.9438049777046473,"max_drawdown_account":0.033978346574351205,"max_drawdown_abs":34.77648457},{"key":"TOTAL","trades":42,"profit_mean":-0.00016756280822250737,"profit_mean_pct":-0.02,"profit_total_abs":-2.789946620000001,"profit_total":-0.002789946620000001,"profit_total_pct":-0.28,"duration_avg":"3:07:00","wins":20,"draws":15,"losses":7,"winrate":0.47619047619047616,"cagr":-0.010457857172433305,"expectancy":-0.06642730047619083,"expectancy_ratio":-0.36650869419208265,"sortino":-0.07965840452600778,"sharpe":-0.11615963175832261,"calmar":-1.6172171945730318,"sqn":-0.0899,"profit_factor":0.9438049777046473,"max_drawdown_account":0.033978346574351205,"max_drawdown_abs":34.77648457}],"results_per_enter_tag":[{"key":"","trades":42,"profit_mean":-0.00016756280822250737,"profit_mean_pct":-0.02,"profit_total_abs":-2.789946620000001,"profit_total":-0.002789946620000001,"profit_total_pct":-0.28,"duration_avg":"3:07:00","wins":20,"draws":15,"losses":7,"winrate":0.47619047619047616,"cagr":-0.010457857172433305,"expectancy":-0.06642730047619083,"expectancy_ratio":-0.36650869419208265,"sortino":-0.07965840452600778,"sharpe":-0.11615963175832261,"calmar":-1.6172171945730318,"sqn":-0.0899,"profit_factor":0.9438049777046473,"max_drawdown_account":0.033978346574351205,"max_drawdown_abs":34.77648457},{"key":"TOTAL","trades":42,"profit_mean":-0.00016756280822250737,"profit_mean_pct":-0.02,"profit_total_abs":-2.789946620000001,"profit_total":-0.002789946620000001,"profit_total_pct":-0.28,"duration_avg":"3:07:00","wins":20,"draws":15,"losses":7,"winrate":0.47619047619047616,"cagr":-0.010457857172433305,"expectancy":-0.06642730047619083,"expectancy_ratio":-0.36650869419208265,"sortino":-0.07965840452600778,"sharpe":-0.11615963175832261,"calmar":-1.6172171945730318,"sqn":-0.0899,"profit_factor":0.9438049777046473,"max_drawdown_account":0.033978346574351205,"max_drawdown_abs":34.77648457}],"exit_reason_summary":[{"key":"roi","trades":26,"profit_mean":0.003555769001679132,"profit_mean_pct":0.36,"profit_total_abs":30.43609528,"profit_total":0.03043609528,"profit_total_pct":3.04,"duration_avg":"2:51:00","wins":11,"draws":15,"losses":0,"winrate":0.4230769230769231,"cagr":0.11942959485330751,"expectancy":1.1706190492307693,"expectancy_ratio":100.0,"sortino":-100,"sharpe":2.4479668588276606,"calmar":-100,"sqn":2.3902,"profit_factor":0.0,"max_drawdown_account":0.0,"max_drawdown_abs":0.0},{"key":"exit_signal","trades":14,"profit_mean":0.000305962676055863,"profit_mean_pct":0.03,"profit_total_abs":1.5504426699999987,"profit_total":0.0015504426699999986,"profit_total_pct":0.16,"duration_avg":"3:51:00","wins":9,"draws":0,"losses":5,"winrate":0.6428571428571429,"cagr":0.0058466471766425165,"expectancy":0.1107459049999997,"expectancy_ratio":0.0372352991716296,"sortino":0.11341944510489099,"sharpe":0.09534461349239381,"calmar":2.314544029450309,"sqn":0.1247,"profit_factor":1.1042588376805629,"max_drawdown_account":0.013193650133572269,"max_drawdown_abs":13.390779389999999},{"key":"stop_loss","trades":2,"profit_mean":-0.05188555472689242,"profit_mean_pct":-5.19,"profit_total_abs":-34.77648457,"profit_total":-0.03477648457,"profit_total_pct":-3.48,"duration_avg":"1:30:00","wins":0,"draws":0,"losses":2,"winrate":0.0,"cagr":-0.12470084716241447,"expectancy":-17.388242285,"expectancy_ratio":-1.0,"sortino":-43.50444585043914,"sharpe":-43.50444585043914,"calmar":-19.695848633549293,"sqn":-110.4406,"profit_factor":0.0,"max_drawdown_account":0.03477648456999998,"max_drawdown_abs":34.77648457},{"key":"TOTAL","trades":42,"profit_mean":-0.00016756280822250737,"profit_mean_pct":-0.02,"profit_total_abs":-2.789946620000001,"profit_total":-0.002789946620000001,"profit_total_pct":-0.28,"duration_avg":"3:07:00","wins":20,"draws":15,"losses":7,"winrate":0.47619047619047616,"cagr":-0.010457857172433305,"expectancy":-0.06642730047619083,"expectancy_ratio":-0.36650869419208265,"sortino":-0.07965840452600778,"sharpe":-0.11615963175832261,"calmar":-1.6172171945730318,"sqn":-0.0899,"profit_factor":0.9438049777046473,"max_drawdown_account":0.033978346574351205,"max_drawdown_abs":34.77648457}],"mix_tag_stats":[{"key":["","roi"],"trades":26,"profit_mean":0.003555769001679132,"profit_mean_pct":0.36,"profit_total_abs":30.43609528,"profit_total":0.03043609528,"profit_total_pct":3.04,"duration_avg":"2:51:00","wins":11,"draws":15,"losses":0,"winrate":0.4230769230769231,"cagr":0.11942959485330751,"expectancy":1.1706190492307693,"expectancy_ratio":100.0,"sortino":-100,"sharpe":2.4479668588276606,"calmar":-100,"sqn":2.3902,"profit_factor":0.0,"max_drawdown_account":0.0,"max_drawdown_abs":0.0},{"key":["","exit_signal"],"trades":14,"profit_mean":0.000305962676055863,"profit_mean_pct":0.03,"profit_total_abs":1.5504426699999987,"profit_total":0.0015504426699999986,"profit_total_pct":0.16,"duration_avg":"3:51:00","wins":9,"draws":0,"losses":5,"winrate":0.6428571428571429,"cagr":0.0058466471766425165,"expectancy":0.1107459049999997,"expectancy_ratio":0.0372352991716296,"sortino":0.11341944510489099,"sharpe":0.09534461349239381,"calmar":2.314544029450309,"sqn":0.1247,"profit_factor":1.1042588376805629,"max_drawdown_account":0.013193650133572269,"max_drawdown_abs":13.390779389999999},{"key":["","stop_loss"],"trades":2,"profit_mean":-0.05188555472689242,"profit_mean_pct":-5.19,"profit_total_abs":-34.77648457,"profit_total":-0.03477648457,"profit_total_pct":-3.48,"duration_avg":"1:30:00","wins":0,"draws":0,"losses":2,"winrate":0.0,"cagr":-0.12470084716241447,"expectancy":-17.388242285,"expectancy_ratio":-1.0,"sortino":-43.50444585043914,"sharpe":-43.50444585043914,"calmar":-19.695848633549293,"sqn":-110.4406,"profit_factor":0.0,"max_drawdown_account":0.03477648456999998,"max_drawdown_abs":34.77648457},{"key":"TOTAL","trades":42,"profit_mean":-0.00016756280822250737,"profit_mean_pct":-0.02,"profit_total_abs":-2.789946620000001,"profit_total":-0.002789946620000001,"profit_total_pct":-0.28,"duration_avg":"3:07:00","wins":20,"draws":15,"losses":7,"winrate":0.47619047619047616,"cagr":-0.010457857172433305,"expectancy":-0.06642730047619083,"expectancy_ratio":-0.36650869419208265,"sortino":-0.07965840452600778,"sharpe":-0.11615963175832261,"calmar":-1.6172171945730318,"sqn":-0.0899,"profit_factor":0.9438049777046473,"max_drawdown_account":0.033978346574351205,"max_drawdown_abs":34.77648457}],"left_open_trades":[{"key":"TOTAL","trades":0,"profit_mean":0.0,"profit_mean_pct":0.0,"profit_total_abs":0.0,"profit_total":0.0,"profit_total_pct":0.0,"duration_avg":"0:00","wins":0,"draws":0,"losses":0,"winrate":0.0,"cagr":0.0,"expectancy":0.0,"expectancy_ratio":100.0,"sortino":0,"sharpe":0,"calmar":0,"sqn":0.0,"profit_factor":0.0,"max_drawdown_account":0.0,"max_drawdown_abs":0.0}],"total_trades":42,"trade_count_long":42,"trade_count_short":0,"total_volume":27917.91321977315,"avg_stake_amount":331.7252752380952,"profit_mean":-0.00016756280822250737,"profit_median":0.0,"profit_total":-0.002789946620000001,"profit_total_long":-0.002789946620000001,"profit_total_short":0.0,"profit_total_abs":-2.789946620000001,"profit_total_long_abs":-2.789946620000001,"profit_total_short_abs":0.0,"cagr":-0.010457857172433305,"expectancy":-0.06642730047619083,"expectancy_ratio":-0.36650869419208265,"sortino":-0.07965840452600778,"sharpe":-0.11615963175832261,"calmar":-1.6172171945730318,"sqn":-0.0899,"profit_factor":0.9438049777046473,"backtest_start":"2025-10-01 00:00:00","backtest_start_ts":1759276800000,"backtest_end":"2026-01-06 20:00:00","backtest_end_ts":1767729600000,"backtest_days":97,"backtest_run_start_ts":1767738698,"backtest_run_end_ts":1767738699,"trades_per_day":0.43,"market_change":-0.36632086436227446,"pairlist":["DOGE/USDT"],"stake_amount":"unlimited","stake_currency":"USDT","stake_currency_decimals":3,"starting_balance":1000,"dry_run_wallet":1000,"final_balance":997.21005338,"rejected_signals":0,"timedout_entry_orders":0,"timedout_exit_orders":0,"canceled_trade_entries":0,"canceled_entry_orders":0,"replaced_entry_orders":0,"max_open_trades":1,"max_open_trades_setting":3,"timeframe":"1h","timeframe_detail":"","timerange":"20251001-","enable_protections":false,"strategy_name":"ACO_24_14","freqaimodel":null,"freqai_identifier":null,"stoploss":-0.05,"trailing_stop":false,"trailing_stop_positive":null,"trailing_stop_positive_offset":0.0,"trailing_only_offset_is_reached":false,"use_custom_stoploss":false,"minimal_roi":{"0":0.1,"60":0.05,"120":0.0},"use_exit_signal":true,"exit_profit_only":false,"exit_profit_offset":0.0,"ignore_roi_if_entry_signal":false,"trading_mode":"spot","margin_mode":"","periodic_breakdown":{"day":[{"date":"02/10/2025","date_ts":1759363200000,"profit_abs":0.0,"wins":0,"draws":1,"losses":0,"trades":1,"profit_factor":0.0},{"date":"03/10/2025","date_ts":1759449600000,"profit_abs":3.08302334,"wins":1,"draws":0,"losses":0,"trades":1,"profit_factor":0.0},{"date":"04/10/2025","date_ts":1759536000000,"profit_abs":0.0,"wins":0,"draws":0,"losses":0,"trades":0,"profit_factor":0.0},{"date":"05/10/2025","date_ts":1759622400000,"profit_abs":0.0,"wins":0,"draws":0,"losses":0,"trades":0,"profit_factor":0.0},{"date":"06/10/2025","date_ts":1759708800000,"profit_abs":0.0,"wins":0,"draws":2,"losses":0,"trades":2,"profit_factor":0.0},{"date":"07/10/2025","date_ts":1759795200000,"profit_abs":0.0,"wins":0,"draws":0,"losses":0,"trades":0,"profit_factor":0.0},{"date":"08/10/2025","date_ts":1759881600000,"profit_abs":2.27873856,"wins":1,"draws":0,"losses":0,"trades":1,"profit_factor":0.0},{"date":"09/10/2025","date_ts":1759968000000,"profit_abs":4.44442889,"wins":1,"draws":0,"losses":0,"trades":1,"profit_factor":0.0},{"date":"10/10/2025","date_ts":1760054400000,"profit_abs":0.0,"wins":0,"draws":1,"losses":0,"trades":1,"profit_factor":0.0},{"date":"11/10/2025","date_ts":1760140800000,"profit_abs":0.0,"wins":0,"draws":0,"losses":0,"trades":0,"profit_factor":0.0},{"date":"12/10/2025","date_ts":1760227200000,"profit_abs":0.0,"wins":0,"draws":1,"losses":0,"trades":1,"profit_factor":0.0},{"date":"13/10/2025","date_ts":1760313600000,"profit_abs":0.0,"wins":0,"draws":1,"losses":0,"trades":1,"profit_factor":0.0},{"date":"14/10/2025","date_ts":1760400000000,"profit_abs":0.0,"wins":0,"draws":0,"losses":0,"trades":0,"profit_factor":0.0},{"date":"15/10/2025","date_ts":1760486400000,"profit_abs":0.0512448,"wins":1,"draws":0,"losses":0,"trades":1,"profit_factor":0.0},{"date":"16/10/2025","date_ts":1760572800000,"profit_abs":0.0,"wins":0,"draws":0,"losses":0,"trades":0,"profit_factor":0.0},{"date":"17/10/2025","date_ts":1760659200000,"profit_abs":2.20308876,"wins":1,"draws":0,"losses":0,"trades":1,"profit_factor":0.0},{"date":"18/10/2025","date_ts":1760745600000,"profit_abs":2.25514825,"wins":1,"draws":0,"losses":0,"trades":1,"profit_factor":0.0},{"date":"19/10/2025","date_ts":1760832000000,"profit_abs":0.0,"wins":0,"draws":0,"losses":0,"trades":0,"profit_factor":0.0},{"date":"20/10/2025","date_ts":1760918400000,"profit_abs":0.0,"wins":0,"draws":0,"losses":0,"trades":0,"profit_factor":0.0},{"date":"21/10/2025","date_ts":1761004800000,"profit_abs":0.0,"wins":0,"draws":1,"losses":0,"trades":1,"profit_factor":0.0},{"date":"22/10/2025","date_ts":1761091200000,"profit_abs":1.71107328,"wins":1,"draws":0,"losses":0,"trades":1,"profit_factor":0.0},{"date":"23/10/2025","date_ts":1761177600000,"profit_abs":0.0,"wins":0,"draws":0,"losses":0,"trades":0,"profit_factor":0.0},{"date":"24/10/2025","date_ts":1761264000000,"profit_abs":0.0,"wins":0,"draws":0,"losses":0,"trades":0,"profit_factor":0.0},{"date":"25/10/2025","date_ts":1761350400000,"profit_abs":0.0,"wins":0,"draws":0,"losses":0,"trades":0,"profit_factor":0.0},{"date":"26/10/2025","date_ts":1761436800000,"profit_abs":0.0,"wins":0,"draws":1,"losses":0,"trades":1,"profit_factor":0.0},{"date":"27/10/2025","date_ts":1761523200000,"profit_abs":0.0,"wins":0,"draws":0,"losses":0,"trades":0,"profit_factor":0.0},{"date":"28/10/2025","date_ts":1761609600000,"profit_abs":0.84515233,"wins":1,"draws":1,"losses":0,"trades":2,"profit_factor":0.0},{"date":"29/10/2025","date_ts":1761696000000,"profit_abs":0.0,"wins":0,"draws":0,"losses":0,"trades":0,"profit_factor":0.0},{"date":"30/10/2025","date_ts":1761782400000,"profit_abs":0.0,"wins":0,"draws":0,"losses":0,"trades":0,"profit_factor":0.0},{"date":"31/10/2025","date_ts":1761868800000,"profit_abs":-0.20350288,"wins":0,"draws":0,"losses":1,"trades":1,"profit_factor":0.0},{"date":"01/11/2025","date_ts":1761955200000,"profit_abs":0.0086636,"wins":1,"draws":0,"losses":0,"trades":1,"profit_factor":0.0},{"date":"02/11/2025","date_ts":1762041600000,"profit_abs":-1.2768088,"wins":0,"draws":0,"losses":1,"trades":1,"profit_factor":0.0},{"date":"03/11/2025","date_ts":1762128000000,"profit_abs":0.0,"wins":0,"draws":0,"losses":0,"trades":0,"profit_factor":0.0},{"date":"04/11/2025","date_ts":1762214400000,"profit_abs":0.0,"wins":0,"draws":0,"losses":0,"trades":0,"profit_factor":0.0},{"date":"05/11/2025","date_ts":1762300800000,"profit_abs":0.0,"wins":0,"draws":0,"losses":0,"trades":0,"profit_factor":0.0},{"date":"06/11/2025","date_ts":1762387200000,"profit_abs":0.0,"wins":0,"draws":0,"losses":0,"trades":0,"profit_factor":0.0},{"date":"07/11/2025","date_ts":1762473600000,"profit_abs":6.55194825,"wins":1,"draws":0,"losses":0,"trades":1,"profit_factor":0.0},{"date":"08/11/2025","date_ts":1762560000000,"profit_abs":0.0,"wins":0,"draws":0,"losses":0,"trades":0,"profit_factor":0.0},{"date":"09/11/2025","date_ts":1762646400000,"profit_abs":0.0,"wins":0,"draws":1,"losses":0,"trades":1,"profit_factor":0.0},{"date":"10/11/2025","date_ts":1762732800000,"profit_abs":0.19940615,"wins":1,"draws":0,"losses":0,"trades":1,"profit_factor":0.0},{"date":"11/11/2025","date_ts":1762819200000,"profit_abs":0.0,"wins":0,"draws":1,"losses":0,"trades":1,"profit_factor":0.0},{"date":"12/11/2025","date_ts":1762905600000,"profit_abs":1.33800212,"wins":1,"draws":0,"losses":0,"trades":1,"profit_factor":0.0},{"date":"13/11/2025","date_ts":1762992000000,"profit_abs":0.0,"wins":0,"draws":0,"losses":0,"trades":0,"profit_factor":0.0},{"date":"14/11/2025","date_ts":1763078400000,"profit_abs":0.0,"wins":0,"draws":0,"losses":0,"trades":0,"profit_factor":0.0},{"date":"15/11/2025","date_ts":1763164800000,"profit_abs":0.0,"wins":0,"draws":0,"losses":0,"trades":0,"profit_factor":0.0},{"date":"16/11/2025","date_ts":1763251200000,"profit_abs":0.0,"wins":0,"draws":0,"losses":0,"trades":0,"profit_factor":0.0},{"date":"17/11/2025","date_ts":1763337600000,"profit_abs":-17.54568651,"wins":0,"draws":0,"losses":1,"trades":1,"profit_factor":0.0},{"date":"18/11/2025","date_ts":1763424000000,"profit_abs":0.0,"wins":0,"draws":1,"losses":0,"trades":1,"profit_factor":0.0},{"date":"19/11/2025","date_ts":1763510400000,"profit_abs":0.0,"wins":0,"draws":0,"losses":0,"trades":0,"profit_factor":0.0},{"date":"20/11/2025","date_ts":1763596800000,"profit_abs":-17.23079806,"wins":0,"draws":0,"losses":1,"trades":1,"profit_factor":0.0},{"date":"21/11/2025","date_ts":1763683200000,"profit_abs":0.0,"wins":0,"draws":0,"losses":0,"trades":0,"profit_factor":0.0},{"date":"22/11/2025","date_ts":1763769600000,"profit_abs":0.3784361,"wins":1,"draws":0,"losses":0,"trades":1,"profit_factor":0.0},{"date":"23/11/2025","date_ts":1763856000000,"profit_abs":0.0,"wins":0,"draws":0,"losses":0,"trades":0,"profit_factor":0.0},{"date":"24/11/2025","date_ts":1763942400000,"profit_abs":0.0,"wins":0,"draws":0,"losses":0,"trades":0,"profit_factor":0.0},{"date":"25/11/2025","date_ts":1764028800000,"profit_abs":0.0,"wins":0,"draws":0,"losses":0,"trades":0,"profit_factor":0.0},{"date":"26/11/2025","date_ts":1764115200000,"profit_abs":0.0,"wins":0,"draws":0,"losses":0,"trades":0,"profit_factor":0.0},{"date":"27/11/2025","date_ts":1764201600000,"profit_abs":0.0,"wins":0,"draws":0,"losses":0,"trades":0,"profit_factor":0.0},{"date":"28/11/2025","date_ts":1764288000000,"profit_abs":0.0,"wins":0,"draws":0,"losses":0,"trades":0,"profit_factor":0.0},{"date":"29/11/2025","date_ts":1764374400000,"profit_abs":0.0,"wins":0,"draws":0,"losses":0,"trades":0,"profit_factor":0.0},{"date":"30/11/2025","date_ts":1764460800000,"profit_abs":0.0,"wins":0,"draws":0,"losses":0,"trades":0,"profit_factor":0.0},{"date":"01/12/2025","date_ts":1764547200000,"profit_abs":0.0,"wins":0,"draws":0,"losses":0,"trades":0,"profit_factor":0.0},{"date":"02/12/2025","date_ts":1764633600000,"profit_abs":0.31282368,"wins":1,"draws":0,"losses":0,"trades":1,"profit_factor":0.0},{"date":"03/12/2025","date_ts":1764720000000,"profit_abs":0.0,"wins":0,"draws":0,"losses":0,"trades":0,"profit_factor":0.0},{"date":"04/12/2025","date_ts":1764806400000,"profit_abs":0.0,"wins":0,"draws":0,"losses":0,"trades":0,"profit_factor":0.0},{"date":"05/12/2025","date_ts":1764892800000,"profit_abs":0.0,"wins":0,"draws":0,"losses":0,"trades":0,"profit_factor":0.0},{"date":"06/12/2025","date_ts":1764979200000,"profit_abs":0.16496967,"wins":1,"draws":0,"losses":0,"trades":1,"profit_factor":0.0},{"date":"07/12/2025","date_ts":1765065600000,"profit_abs":0.0,"wins":0,"draws":0,"losses":0,"trades":0,"profit_factor":0.0},{"date":"08/12/2025","date_ts":1765152000000,"profit_abs":0.0,"wins":0,"draws":0,"losses":0,"trades":0,"profit_factor":0.0},{"date":"09/12/2025","date_ts":1765238400000,"profit_abs":0.0,"wins":0,"draws":0,"losses":0,"trades":0,"profit_factor":0.0},{"date":"10/12/2025","date_ts":1765324800000,"profit_abs":1.7617536,"wins":1,"draws":0,"losses":0,"trades":1,"profit_factor":0.0},{"date":"11/12/2025","date_ts":1765411200000,"profit_abs":0.0,"wins":0,"draws":0,"losses":0,"trades":0,"profit_factor":0.0},{"date":"12/12/2025","date_ts":1765497600000,"profit_abs":0.0,"wins":0,"draws":1,"losses":0,"trades":1,"profit_factor":0.0},{"date":"13/12/2025","date_ts":1765584000000,"profit_abs":0.0,"wins":0,"draws":0,"losses":0,"trades":0,"profit_factor":0.0},{"date":"14/12/2025","date_ts":1765670400000,"profit_abs":0.0,"wins":0,"draws":0,"losses":0,"trades":0,"profit_factor":0.0},{"date":"15/12/2025","date_ts":1765756800000,"profit_abs":0.0,"wins":0,"draws":0,"losses":0,"trades":0,"profit_factor":0.0},{"date":"16/12/2025","date_ts":1765843200000,"profit_abs":0.0,"wins":0,"draws":0,"losses":0,"trades":0,"profit_factor":0.0},{"date":"17/12/2025","date_ts":1765929600000,"profit_abs":0.0,"wins":0,"draws":0,"losses":0,"trades":0,"profit_factor":0.0},{"date":"18/12/2025","date_ts":1766016000000,"profit_abs":0.0,"wins":0,"draws":0,"losses":0,"trades":0,"profit_factor":0.0},{"date":"19/12/2025","date_ts":1766102400000,"profit_abs":11.546287,"wins":1,"draws":0,"losses":0,"trades":1,"profit_factor":0.0},{"date":"20/12/2025","date_ts":1766188800000,"profit_abs":0.0,"wins":0,"draws":0,"losses":0,"trades":0,"profit_factor":0.0},{"date":"21/12/2025","date_ts":1766275200000,"profit_abs":0.0,"wins":0,"draws":0,"losses":0,"trades":0,"profit_factor":0.0},{"date":"22/12/2025","date_ts":1766361600000,"profit_abs":0.0,"wins":0,"draws":0,"losses":0,"trades":0,"profit_factor":0.0},{"date":"23/12/2025","date_ts":1766448000000,"profit_abs":0.0,"wins":0,"draws":0,"losses":0,"trades":0,"profit_factor":0.0},{"date":"24/12/2025","date_ts":1766534400000,"profit_abs":-5.19679656,"wins":0,"draws":0,"losses":1,"trades":1,"profit_factor":0.0},{"date":"25/12/2025","date_ts":1766620800000,"profit_abs":0.0,"wins":0,"draws":0,"losses":0,"trades":0,"profit_factor":0.0},{"date":"26/12/2025","date_ts":1766707200000,"profit_abs":0.0,"wins":0,"draws":1,"losses":0,"trades":1,"profit_factor":0.0},{"date":"27/12/2025","date_ts":1766793600000,"profit_abs":-8.19398283,"wins":0,"draws":0,"losses":2,"trades":2,"profit_factor":0.0},{"date":"28/12/2025","date_ts":1766880000000,"profit_abs":0.0,"wins":0,"draws":0,"losses":0,"trades":0,"profit_factor":0.0},{"date":"29/12/2025","date_ts":1766966400000,"profit_abs":0.0,"wins":0,"draws":0,"losses":0,"trades":0,"profit_factor":0.0},{"date":"30/12/2025","date_ts":1767052800000,"profit_abs":0.0,"wins":0,"draws":0,"losses":0,"trades":0,"profit_factor":0.0},{"date":"31/12/2025","date_ts":1767139200000,"profit_abs":0.0,"wins":0,"draws":0,"losses":0,"trades":0,"profit_factor":0.0},{"date":"01/01/2026","date_ts":1767225600000,"profit_abs":0.0,"wins":0,"draws":0,"losses":0,"trades":0,"profit_factor":0.0},{"date":"02/01/2026","date_ts":1767312000000,"profit_abs":0.0,"wins":0,"draws":0,"losses":0,"trades":0,"profit_factor":0.0},{"date":"03/01/2026","date_ts":1767398400000,"profit_abs":0.0,"wins":0,"draws":1,"losses":0,"trades":1,"profit_factor":0.0},{"date":"04/01/2026","date_ts":1767484800000,"profit_abs":0.98395528,"wins":1,"draws":0,"losses":0,"trades":1,"profit_factor":0.0},{"date":"05/01/2026","date_ts":1767571200000,"profit_abs":6.73948536,"wins":2,"draws":0,"losses":0,"trades":2,"profit_factor":0.0}],"week":[{"date":"06/10/2025","date_ts":1759708800000,"profit_abs":3.08302334,"wins":1,"draws":3,"losses":0,"trades":4,"profit_factor":0.0},{"date":"13/10/2025","date_ts":1760313600000,"profit_abs":6.72316745,"wins":2,"draws":3,"losses":0,"trades":5,"profit_factor":0.0},{"date":"20/10/2025","date_ts":1760918400000,"profit_abs":4.50948181,"wins":3,"draws":0,"losses":0,"trades":3,"profit_factor":0.0},{"date":"27/10/2025","date_ts":1761523200000,"profit_abs":1.71107328,"wins":1,"draws":2,"losses":0,"trades":3,"profit_factor":0.0},{"date":"03/11/2025","date_ts":1762128000000,"profit_abs":-0.62649575,"wins":2,"draws":1,"losses":2,"trades":5,"profit_factor":0.57678119},{"date":"10/11/2025","date_ts":1762732800000,"profit_abs":6.7513544,"wins":2,"draws":1,"losses":0,"trades":3,"profit_factor":0.0},{"date":"17/11/2025","date_ts":1763337600000,"profit_abs":-16.20768439,"wins":1,"draws":1,"losses":1,"trades":3,"profit_factor":0.07625818},{"date":"24/11/2025","date_ts":1763942400000,"profit_abs":-16.85236196,"wins":1,"draws":1,"losses":1,"trades":3,"profit_factor":0.02196277},{"date":"01/12/2025","date_ts":1764547200000,"profit_abs":0.0,"wins":0,"draws":0,"losses":0,"trades":0,"profit_factor":0.0},{"date":"08/12/2025","date_ts":1765152000000,"profit_abs":0.47779335,"wins":2,"draws":0,"losses":0,"trades":2,"profit_factor":0.0},{"date":"15/12/2025","date_ts":1765756800000,"profit_abs":1.7617536,"wins":1,"draws":1,"losses":0,"trades":2,"profit_factor":0.0},{"date":"22/12/2025","date_ts":1766361600000,"profit_abs":11.546287,"wins":1,"draws":0,"losses":0,"trades":1,"profit_factor":0.0},{"date":"29/12/2025","date_ts":1766966400000,"profit_abs":-13.39077939,"wins":0,"draws":1,"losses":3,"trades":4,"profit_factor":0.0},{"date":"05/01/2026","date_ts":1767571200000,"profit_abs":7.72344064,"wins":3,"draws":1,"losses":0,"trades":4,"profit_factor":0.0}],"month":[{"date":"31/10/2025","date_ts":1761868800000,"profit_abs":16.66839533,"wins":8,"draws":9,"losses":1,"trades":18,"profit_factor":82.90741738},{"date":"30/11/2025","date_ts":1764460800000,"profit_abs":-27.57683715,"wins":5,"draws":3,"losses":3,"trades":11,"profit_factor":0.23510907},{"date":"31/12/2025","date_ts":1767139200000,"profit_abs":0.39505456,"wins":4,"draws":2,"losses":3,"trades":9,"profit_factor":1.02950198},{"date":"31/01/2026","date_ts":1769817600000,"profit_abs":7.72344064,"wins":3,"draws":1,"losses":0,"trades":4,"profit_factor":0.0}],"year":[{"date":"31/12/2025","date_ts":1767139200000,"profit_abs":-10.51338726,"wins":17,"draws":14,"losses":7,"trades":38,"profit_factor":0.78823966},{"date":"31/12/2026","date_ts":1798675200000,"profit_abs":7.72344064,"wins":3,"draws":1,"losses":0,"trades":4,"profit_factor":0.0}],"weekday":[{"date":"Monday","date_ts":0,"profit_abs":-10.606795,"wins":3,"draws":3,"losses":1,"trades":7,"profit_factor":0.39547563},{"date":"Tuesday","date_ts":1,"profit_abs":1.15797601,"wins":2,"draws":4,"losses":0,"trades":6,"profit_factor":0.0},{"date":"Wednesday","date_ts":2,"profit_abs":1.9440158,"wins":5,"draws":0,"losses":1,"trades":6,"profit_factor":1.37407964},{"date":"Thursday","date_ts":3,"profit_abs":-12.78636917,"wins":1,"draws":1,"losses":1,"trades":3,"profit_factor":0.25793517},{"date":"Friday","date_ts":4,"profit_abs":23.18084447,"wins":4,"draws":3,"losses":1,"trades":8,"profit_factor":114.90917156},{"date":"Saturday","date_ts":5,"profit_abs":-5.38676521,"wins":4,"draws":1,"losses":2,"trades":7,"profit_factor":0.34259501},{"date":"Sunday","date_ts":6,"profit_abs":-0.29285352,"wins":1,"draws":3,"losses":1,"trades":5,"profit_factor":0.77063636}]},"backtest_best_day":0.03526905731215651,"backtest_worst_day":-0.051898101898101894,"backtest_best_day_abs":11.546287,"backtest_worst_day_abs":-17.54568651,"winning_days":19,"draw_days":71,"losing_days":6,"daily_profit":[["2025-10-02",0.0],["2025-10-03",3.08302334],["2025-10-04",0.0],["2025-10-05",0.0],["2025-10-06",0.0],["2025-10-07",0.0],["2025-10-08",2.27873856],["2025-10-09",4.44442889],["2025-10-10",0.0],["2025-10-11",0.0],["2025-10-12",0.0],["2025-10-13",0.0],["2025-10-14",0.0],["2025-10-15",0.0512448],["2025-10-16",0.0],["2025-10-17",2.20308876],["2025-10-18",2.25514825],["2025-10-19",0.0],["2025-10-20",0.0],["2025-10-21",0.0],["2025-10-22",1.71107328],["2025-10-23",0.0],["2025-10-24",0.0],["2025-10-25",0.0],["2025-10-26",0.0],["2025-10-27",0.0],["2025-10-28",0.84515233],["2025-10-29",0.0],["2025-10-30",0.0],["2025-10-31",-0.20350288],["2025-11-01",0.0086636],["2025-11-02",-1.2768088],["2025-11-03",0.0],["2025-11-04",0.0],["2025-11-05",0.0],["2025-11-06",0.0],["2025-11-07",6.55194825],["2025-11-08",0.0],["2025-11-09",0.0],["2025-11-10",0.19940615],["2025-11-11",0.0],["2025-11-12",1.33800212],["2025-11-13",0.0],["2025-11-14",0.0],["2025-11-15",0.0],["2025-11-16",0.0],["2025-11-17",-17.54568651],["2025-11-18",0.0],["2025-11-19",0.0],["2025-11-20",-17.23079806],["2025-11-21",0.0],["2025-11-22",0.3784361],["2025-11-23",0.0],["2025-11-24",0.0],["2025-11-25",0.0],["2025-11-26",0.0],["2025-11-27",0.0],["2025-11-28",0.0],["2025-11-29",0.0],["2025-11-30",0.0],["2025-12-01",0.0],["2025-12-02",0.31282368],["2025-12-03",0.0],["2025-12-04",0.0],["2025-12-05",0.0],["2025-12-06",0.16496967],["2025-12-07",0.0],["2025-12-08",0.0],["2025-12-09",0.0],["2025-12-10",1.7617536],["2025-12-11",0.0],["2025-12-12",0.0],["2025-12-13",0.0],["2025-12-14",0.0],["2025-12-15",0.0],["2025-12-16",0.0],["2025-12-17",0.0],["2025-12-18",0.0],["2025-12-19",11.546287],["2025-12-20",0.0],["2025-12-21",0.0],["2025-12-22",0.0],["2025-12-23",0.0],["2025-12-24",-5.19679656],["2025-12-25",0.0],["2025-12-26",0.0],["2025-12-27",-8.19398283],["2025-12-28",0.0],["2025-12-29",0.0],["2025-12-30",0.0],["2025-12-31",0.0],["2026-01-01",0.0],["2026-01-02",0.0],["2026-01-03",0.0],["2026-01-04",0.98395528],["2026-01-05",6.73948536]],"wins":20,"losses":7,"draws":15,"winrate":0.47619047619047616,"holding_avg":"3:07:00","holding_avg_s":11220.0,"winner_holding_min":"0d 01:00","winner_holding_min_s":3600.0,"winner_holding_max":"0d 02:00","winner_holding_max_s":7200.0,"winner_holding_avg":"0d 01:42","winner_holding_avg_s":6120.0,"loser_holding_min":"0d 01:00","loser_holding_min_s":3600.0,"loser_holding_max":"1d 00:00","loser_holding_max_s":86400.0,"loser_holding_avg":"0d 06:26","loser_holding_avg_s":23160.0,"max_consecutive_wins":4,"max_consecutive_losses":5,"max_drawdown_account":0.033978346574351205,"max_relative_drawdown":0.033978346574351205,"max_drawdown_abs":34.77648457,"drawdown_start":"2025-11-12 10:00:00","drawdown_start_ts":1762941600000.0,"drawdown_end":"2025-11-20 16:00:00","drawdown_end_ts":1763654400000.0,"drawdown_duration":"8 days 06:00:00","drawdown_duration_s":712800.0,"max_drawdown_low":-11.286877920000002,"max_drawdown_high":23.48960665,"csum_min":988.71312208,"csum_max":1023.48960665}},"strategy_comparison":[{"key":"ACO_24_14","trades":42,"profit_mean":-0.00016756280822250737,"profit_mean_pct":-0.02,"profit_total_abs":-2.789946620000001,"profit_total":-0.002789946620000001,"profit_total_pct":-0.28,"duration_avg":"3:07:00","wins":20,"draws":15,"losses":7,"winrate":0.47619047619047616,"cagr":-0.010457857172433305,"expectancy":-0.06642730047619083,"expectancy_ratio":-0.36650869419208265,"sortino":-0.07965840452600778,"sharpe":-0.11615963175832261,"calmar":-1.6172171945730318,"sqn":-0.0899,"profit_factor":0.9438049777046473,"max_drawdown_account":0.033978346574351205,"max_drawdown_abs":"34.776"}]}