{"strategy":{"ACO_11_24":{"trades":[{"pair":"DOGE/USDT","stake_amount":329.76363,"max_stake_amount":329.76363,"amount":1317.0,"open_date":"2025-10-07 18:00:00+00:00","close_date":"2025-10-07 20:00:00+00:00","open_rate":0.25039,"close_rate":0.2508912812812813,"fee_open":0.001,"fee_close":0.001,"trade_duration":120,"profit_ratio":0.0,"profit_abs":0.0,"exit_reason":"roi","initial_stop_loss_abs":0.23788,"initial_stop_loss_ratio":-0.05,"stop_loss_abs":0.23788,"stop_loss_ratio":-0.05,"min_rate":0.24791,"max_rate":0.25214,"is_open":false,"enter_tag":"","leverage":1.0,"is_short":false,"open_timestamp":1759860000000,"close_timestamp":1759867200000,"orders":[{"amount":1317.0,"safe_price":0.25039,"ft_order_side":"buy","order_filled_timestamp":1759860000000,"ft_is_entry":true,"ft_order_tag":"","cost":330.0933936299999},{"amount":1317.0,"safe_price":0.2508912812812813,"ft_order_side":"sell","order_filled_timestamp":1759867200000,"ft_is_entry":false,"ft_order_tag":"roi","cost":330.75424126489486}],"funding_fees":0.0,"weekday":1},{"pair":"DOGE/USDT","stake_amount":329.98497,"max_stake_amount":329.98497,"amount":1337.0,"open_date":"2025-10-08 00:00:00+00:00","close_date":"2025-10-08 02:00:00+00:00","open_rate":0.24681,"close_rate":0.24977,"fee_open":0.001,"fee_close":0.001,"trade_duration":120,"profit_ratio":0.00997106697848159,"profit_abs":3.29359254,"exit_reason":"roi","initial_stop_loss_abs":0.23447,"initial_stop_loss_ratio":-0.05,"stop_loss_abs":0.23447,"stop_loss_ratio":-0.05,"min_rate":0.24669,"max_rate":0.25061,"is_open":false,"enter_tag":"","leverage":1.0,"is_short":false,"open_timestamp":1759881600000,"close_timestamp":1759888800000,"orders":[{"amount":1337.0,"safe_price":0.24681,"ft_order_side":"buy","order_filled_timestamp":1759881600000,"ft_is_entry":true,"ft_order_tag":"","cost":330.3149549699999},{"amount":1337.0,"safe_price":0.24977,"ft_order_side":"sell","order_filled_timestamp":1759888800000,"ft_is_entry":false,"ft_order_tag":"roi","cost":334.27643248999993}],"funding_fees":0.0,"weekday":2},{"pair":"DOGE/USDT","stake_amount":331.05185,"max_stake_amount":331.05185,"amount":1795.0,"open_date":"2025-10-11 20:00:00+00:00","close_date":"2025-10-11 22:00:00+00:00","open_rate":0.18443,"close_rate":0.18479922922922923,"fee_open":0.001,"fee_close":0.001,"trade_duration":120,"profit_ratio":0.0,"profit_abs":0.0,"exit_reason":"roi","initial_stop_loss_abs":0.17521,"initial_stop_loss_ratio":-0.05,"stop_loss_abs":0.17521,"stop_loss_ratio":-0.05,"min_rate":0.17816,"max_rate":0.18622,"is_open":false,"enter_tag":"","leverage":1.0,"is_short":false,"open_timestamp":1760212800000,"close_timestamp":1760220000000,"orders":[{"amount":1795.0,"safe_price":0.18443,"ft_order_side":"buy","order_filled_timestamp":1760212800000,"ft_is_entry":true,"ft_order_tag":"","cost":331.38290184999994},{"amount":1795.0,"safe_price":0.18479922922922923,"ft_order_side":"sell","order_filled_timestamp":1760220000000,"ft_is_entry":false,"ft_order_tag":"roi","cost":332.0463310829329}],"funding_fees":0.0,"weekday":5},{"pair":"DOGE/USDT","stake_amount":331.06744,"max_stake_amount":331.06744,"amount":1688.0,"open_date":"2025-10-14 13:00:00+00:00","close_date":"2025-10-14 15:00:00+00:00","open_rate":0.19613,"close_rate":0.19895,"fee_open":0.001,"fee_close":0.001,"trade_duration":120,"profit_ratio":0.012351488821177294,"profit_abs":4.09326496,"exit_reason":"roi","initial_stop_loss_abs":0.18633,"initial_stop_loss_ratio":-0.05,"stop_loss_abs":0.18633,"stop_loss_ratio":-0.05,"min_rate":0.1933,"max_rate":0.20388,"is_open":false,"enter_tag":"","leverage":1.0,"is_short":false,"open_timestamp":1760446800000,"close_timestamp":1760454000000,"orders":[{"amount":1688.0,"safe_price":0.19613,"ft_order_side":"buy","order_filled_timestamp":1760446800000,"ft_is_entry":true,"ft_order_tag":"","cost":331.39850743999995},{"amount":1688.0,"safe_price":0.19895,"ft_order_side":"sell","order_filled_timestamp":1760454000000,"ft_is_entry":false,"ft_order_tag":"roi","cost":336.1634275999999}],"funding_fees":0.0,"weekday":1},{"pair":"DOGE/USDT","stake_amount":332.27233,"max_stake_amount":332.27233,"amount":1703.0,"open_date":"2025-10-15 22:00:00+00:00","close_date":"2025-10-16 00:00:00+00:00","open_rate":0.19511,"close_rate":0.19621,"fee_open":0.001,"fee_close":0.001,"trade_duration":120,"profit_ratio":0.0036285788938138896,"profit_abs":1.20688204,"exit_reason":"roi","initial_stop_loss_abs":0.18536,"initial_stop_loss_ratio":-0.05,"stop_loss_abs":0.18536,"stop_loss_ratio":-0.05,"min_rate":0.1946,"max_rate":0.19684,"is_open":false,"enter_tag":"","leverage":1.0,"is_short":false,"open_timestamp":1760565600000,"close_timestamp":1760572800000,"orders":[{"amount":1703.0,"safe_price":0.19511,"ft_order_side":"buy","order_filled_timestamp":1760565600000,"ft_is_entry":true,"ft_order_tag":"","cost":332.60460233},{"amount":1703.0,"safe_price":0.19621,"ft_order_side":"sell","order_filled_timestamp":1760572800000,"ft_is_entry":false,"ft_order_tag":"roi","cost":334.47977562999995}],"funding_fees":0.0,"weekday":3},{"pair":"DOGE/USDT","stake_amount":332.81094,"max_stake_amount":332.81094,"amount":1757.0,"open_date":"2025-10-16 16:00:00+00:00","close_date":"2025-10-16 18:00:00+00:00","open_rate":0.18942,"close_rate":0.19127,"fee_open":0.001,"fee_close":0.001,"trade_duration":120,"profit_ratio":0.007749140311699703,"profit_abs":2.58157767,"exit_reason":"roi","initial_stop_loss_abs":0.17995,"initial_stop_loss_ratio":-0.05,"stop_loss_abs":0.17995,"stop_loss_ratio":-0.05,"min_rate":0.1875,"max_rate":0.19484,"is_open":false,"enter_tag":"","leverage":1.0,"is_short":false,"open_timestamp":1760630400000,"close_timestamp":1760637600000,"orders":[{"amount":1757.0,"safe_price":0.18942,"ft_order_side":"buy","order_filled_timestamp":1760630400000,"ft_is_entry":true,"ft_order_tag":"","cost":333.14375093999996},{"amount":1757.0,"safe_price":0.19127,"ft_order_side":"sell","order_filled_timestamp":1760637600000,"ft_is_entry":false,"ft_order_tag":"roi","cost":336.39745138999996}],"funding_fees":0.0,"weekday":3},{"pair":"DOGE/USDT","stake_amount":333.61,"max_stake_amount":333.61,"amount":1828.0,"open_date":"2025-10-17 07:00:00+00:00","close_date":"2025-10-17 11:00:00+00:00","open_rate":0.1825,"close_rate":0.18286536536536532,"fee_open":0.001,"fee_close":0.001,"trade_duration":240,"profit_ratio":0.0,"profit_abs":0.0,"exit_reason":"roi","initial_stop_loss_abs":0.17338,"initial_stop_loss_ratio":-0.05,"stop_loss_abs":0.17338,"stop_loss_ratio":-0.05,"min_rate":0.17555,"max_rate":0.184,"is_open":false,"enter_tag":"","leverage":1.0,"is_short":false,"open_timestamp":1760684400000,"close_timestamp":1760698800000,"orders":[{"amount":1828.0,"safe_price":0.1825,"ft_order_side":"buy","order_filled_timestamp":1760684400000,"ft_is_entry":true,"ft_order_tag":"","cost":333.94361},{"amount":1828.0,"safe_price":0.18286536536536532,"ft_order_side":"sell","order_filled_timestamp":1760698800000,"ft_is_entry":false,"ft_order_tag":"roi","cost":334.6121657757757}],"funding_fees":0.0,"weekday":4},{"pair":"DOGE/USDT","stake_amount":333.6798,"max_stake_amount":333.6798,"amount":1812.0,"open_date":"2025-10-30 13:00:00+00:00","close_date":"2025-10-31 00:00:00+00:00","open_rate":0.18415,"close_rate":0.18451866866866865,"fee_open":0.001,"fee_close":0.001,"trade_duration":660,"profit_ratio":0.0,"profit_abs":0.0,"exit_reason":"roi","initial_stop_loss_abs":0.17495,"initial_stop_loss_ratio":-0.05,"stop_loss_abs":0.17495,"stop_loss_ratio":-0.05,"min_rate":0.17642,"max_rate":0.185,"is_open":false,"enter_tag":"","leverage":1.0,"is_short":false,"open_timestamp":1761829200000,"close_timestamp":1761868800000,"orders":[{"amount":1812.0,"safe_price":0.18415,"ft_order_side":"buy","order_filled_timestamp":1761829200000,"ft_is_entry":true,"ft_order_tag":"","cost":334.01347979999997},{"amount":1812.0,"safe_price":0.18451866866866865,"ft_order_side":"sell","order_filled_timestamp":1761868800000,"ft_is_entry":false,"ft_order_tag":"roi","cost":334.68217545525516}],"funding_fees":0.0,"weekday":4},{"pair":"DOGE/USDT","stake_amount":333.67932,"max_stake_amount":333.67932,"amount":1927.0,"open_date":"2025-11-03 07:00:00+00:00","close_date":"2025-11-03 09:00:00+00:00","open_rate":0.17316,"close_rate":0.1738,"fee_open":0.001,"fee_close":0.001,"trade_duration":120,"profit_ratio":0.00169061707523246,"profit_abs":0.56468808,"exit_reason":"roi","initial_stop_loss_abs":0.16451,"initial_stop_loss_ratio":-0.05,"stop_loss_abs":0.16451,"stop_loss_ratio":-0.05,"min_rate":0.17236,"max_rate":0.17534,"is_open":false,"enter_tag":"","leverage":1.0,"is_short":false,"open_timestamp":1762153200000,"close_timestamp":1762160400000,"orders":[{"amount":1927.0,"safe_price":0.17316,"ft_order_side":"buy","order_filled_timestamp":1762153200000,"ft_is_entry":true,"ft_order_tag":"","cost":334.01299932},{"amount":1927.0,"safe_price":0.1738,"ft_order_side":"sell","order_filled_timestamp":1762160400000,"ft_is_entry":false,"ft_order_tag":"roi","cost":335.24751259999994}],"funding_fees":0.0,"weekday":0},{"pair":"DOGE/USDT","stake_amount":333.86776,"max_stake_amount":333.86776,"amount":1933.0,"open_date":"2025-11-03 10:00:00+00:00","close_date":"2025-11-03 12:00:00+00:00","open_rate":0.17272,"close_rate":0.17423,"fee_open":0.001,"fee_close":0.001,"trade_duration":120,"profit_ratio":0.006727003890042333,"profit_abs":2.24817565,"exit_reason":"roi","initial_stop_loss_abs":0.16409,"initial_stop_loss_ratio":-0.05,"stop_loss_abs":0.16409,"stop_loss_ratio":-0.05,"min_rate":0.1714,"max_rate":0.17564,"is_open":false,"enter_tag":"","leverage":1.0,"is_short":false,"open_timestamp":1762164000000,"close_timestamp":1762171200000,"orders":[{"amount":1933.0,"safe_price":0.17272,"ft_order_side":"buy","order_filled_timestamp":1762164000000,"ft_is_entry":true,"ft_order_tag":"","cost":334.20162776},{"amount":1933.0,"safe_price":0.17423,"ft_order_side":"sell","order_filled_timestamp":1762171200000,"ft_is_entry":false,"ft_order_tag":"roi","cost":337.12337658999996}],"funding_fees":0.0,"weekday":0},{"pair":"DOGE/USDT","stake_amount":334.58393,"max_stake_amount":334.58393,"amount":2077.0,"open_date":"2025-11-04 06:00:00+00:00","close_date":"2025-11-04 08:00:00+00:00","open_rate":0.16109,"close_rate":0.16201,"fee_open":0.001,"fee_close":0.001,"trade_duration":120,"profit_ratio":0.003701680404144865,"profit_abs":1.2397613,"exit_reason":"roi","initial_stop_loss_abs":0.15304,"initial_stop_loss_ratio":-0.05,"stop_loss_abs":0.15304,"stop_loss_ratio":-0.05,"min_rate":0.16062,"max_rate":0.16735,"is_open":false,"enter_tag":"","leverage":1.0,"is_short":false,"open_timestamp":1762236000000,"close_timestamp":1762243200000,"orders":[{"amount":2077.0,"safe_price":0.16109,"ft_order_side":"buy","order_filled_timestamp":1762236000000,"ft_is_entry":true,"ft_order_tag":"","cost":334.91851392999996},{"amount":2077.0,"safe_price":0.16201,"ft_order_side":"sell","order_filled_timestamp":1762243200000,"ft_is_entry":false,"ft_order_tag":"roi","cost":336.8312647699999}],"funding_fees":0.0,"weekday":1},{"pair":"DOGE/USDT","stake_amount":335.01075,"max_stake_amount":335.01075,"amount":2105.0,"open_date":"2025-11-06 16:00:00+00:00","close_date":"2025-11-06 18:00:00+00:00","open_rate":0.15915,"close_rate":0.16035,"fee_open":0.001,"fee_close":0.001,"trade_duration":120,"profit_ratio":0.005526989504369334,"profit_abs":1.8534525,"exit_reason":"roi","initial_stop_loss_abs":0.1512,"initial_stop_loss_ratio":-0.05,"stop_loss_abs":0.1512,"stop_loss_ratio":-0.05,"min_rate":0.15693,"max_rate":0.16212,"is_open":false,"enter_tag":"","leverage":1.0,"is_short":false,"open_timestamp":1762444800000,"close_timestamp":1762452000000,"orders":[{"amount":2105.0,"safe_price":0.15915,"ft_order_side":"buy","order_filled_timestamp":1762444800000,"ft_is_entry":true,"ft_order_tag":"","cost":335.34576075},{"amount":2105.0,"safe_price":0.16035,"ft_order_side":"sell","order_filled_timestamp":1762452000000,"ft_is_entry":false,"ft_order_tag":"roi","cost":337.87428674999995}],"funding_fees":0.0,"weekday":3},{"pair":"DOGE/USDT","stake_amount":335.55093,"max_stake_amount":335.55093,"amount":2431.0,"open_date":"2025-11-21 10:00:00+00:00","close_date":"2025-11-21 12:00:00+00:00","open_rate":0.13803,"close_rate":0.13830633633633632,"fee_open":0.001,"fee_close":0.001,"trade_duration":120,"profit_ratio":0.0,"profit_abs":0.0,"exit_reason":"roi","initial_stop_loss_abs":0.13113,"initial_stop_loss_ratio":-0.05,"stop_loss_abs":0.13113,"stop_loss_ratio":-0.05,"min_rate":0.13321,"max_rate":0.13982,"is_open":false,"enter_tag":"","leverage":1.0,"is_short":false,"open_timestamp":1763719200000,"close_timestamp":1763726400000,"orders":[{"amount":2431.0,"safe_price":0.13803,"ft_order_side":"buy","order_filled_timestamp":1763719200000,"ft_is_entry":true,"ft_order_tag":"","cost":335.88648093},{"amount":2431.0,"safe_price":0.13830633633633632,"ft_order_side":"sell","order_filled_timestamp":1763726400000,"ft_is_entry":false,"ft_order_tag":"roi","cost":336.5589263372672}],"funding_fees":0.0,"weekday":4},{"pair":"DOGE/USDT","stake_amount":335.50716,"max_stake_amount":335.50716,"amount":2452.0,"open_date":"2025-12-01 05:00:00+00:00","close_date":"2025-12-01 07:00:00+00:00","open_rate":0.13683,"close_rate":0.1371039339339339,"fee_open":0.001,"fee_close":0.001,"trade_duration":120,"profit_ratio":0.0,"profit_abs":0.0,"exit_reason":"roi","initial_stop_loss_abs":0.12999,"initial_stop_loss_ratio":-0.05,"stop_loss_abs":0.12999,"stop_loss_ratio":-0.05,"min_rate":0.13655,"max_rate":0.13778,"is_open":false,"enter_tag":"","leverage":1.0,"is_short":false,"open_timestamp":1764565200000,"close_timestamp":1764572400000,"orders":[{"amount":2452.0,"safe_price":0.13683,"ft_order_side":"buy","order_filled_timestamp":1764565200000,"ft_is_entry":true,"ft_order_tag":"","cost":335.84266715999996},{"amount":2452.0,"safe_price":0.1371039339339339,"ft_order_side":"sell","order_filled_timestamp":1764572400000,"ft_is_entry":false,"ft_order_tag":"roi","cost":336.51502485201195}],"funding_fees":0.0,"weekday":0},{"pair":"DOGE/USDT","stake_amount":335.53464,"max_stake_amount":335.53464,"amount":2436.0,"open_date":"2025-12-01 08:00:00+00:00","close_date":"2025-12-02 13:00:00+00:00","open_rate":0.13774,"close_rate":0.13801575575575575,"fee_open":0.001,"fee_close":0.001,"trade_duration":1740,"profit_ratio":0.0,"profit_abs":0.0,"exit_reason":"roi","initial_stop_loss_abs":0.13086,"initial_stop_loss_ratio":-0.05,"stop_loss_abs":0.13086,"stop_loss_ratio":-0.05,"min_rate":0.13177,"max_rate":0.13848,"is_open":false,"enter_tag":"","leverage":1.0,"is_short":false,"open_timestamp":1764576000000,"close_timestamp":1764680400000,"orders":[{"amount":2436.0,"safe_price":0.13774,"ft_order_side":"buy","order_filled_timestamp":1764576000000,"ft_is_entry":true,"ft_order_tag":"","cost":335.87017463999996},{"amount":2436.0,"safe_price":0.13801575575575575,"ft_order_side":"sell","order_filled_timestamp":1764680400000,"ft_is_entry":false,"ft_order_tag":"roi","cost":336.542587402042}],"funding_fees":0.0,"weekday":1},{"pair":"DOGE/USDT","stake_amount":335.544,"max_stake_amount":335.544,"amount":2325.0,"open_date":"2025-12-05 10:00:00+00:00","close_date":"2025-12-05 13:00:00+00:00","open_rate":0.14432,"close_rate":0.1446089289289289,"fee_open":0.001,"fee_close":0.001,"trade_duration":180,"profit_ratio":0.0,"profit_abs":0.0,"exit_reason":"roi","initial_stop_loss_abs":0.13711,"initial_stop_loss_ratio":-0.05,"stop_loss_abs":0.13711,"stop_loss_ratio":-0.05,"min_rate":0.14295,"max_rate":0.14528,"is_open":false,"enter_tag":"","leverage":1.0,"is_short":false,"open_timestamp":1764928800000,"close_timestamp":1764939600000,"orders":[{"amount":2325.0,"safe_price":0.14432,"ft_order_side":"buy","order_filled_timestamp":1764928800000,"ft_is_entry":true,"ft_order_tag":"","cost":335.87954399999995},{"amount":2325.0,"safe_price":0.1446089289289289,"ft_order_side":"sell","order_filled_timestamp":1764939600000,"ft_is_entry":false,"ft_order_tag":"roi","cost":336.55197551951943}],"funding_fees":0.0,"weekday":4},{"pair":"DOGE/USDT","stake_amount":335.52016,"max_stake_amount":335.52016,"amount":2344.0,"open_date":"2025-12-05 14:00:00+00:00","close_date":"2025-12-07 14:00:00+00:00","open_rate":0.14314,"close_rate":0.13599,"fee_open":0.001,"fee_close":0.001,"trade_duration":2880,"profit_ratio":-0.05184929643501671,"profit_abs":-17.41388072,"exit_reason":"stop_loss","initial_stop_loss_abs":0.13599,"initial_stop_loss_ratio":-0.05,"stop_loss_abs":0.13599,"stop_loss_ratio":-0.05,"min_rate":0.13486,"max_rate":0.14466,"is_open":false,"enter_tag":"","leverage":1.0,"is_short":false,"open_timestamp":1764943200000,"close_timestamp":1765116000000,"orders":[{"amount":2344.0,"safe_price":0.14314,"ft_order_side":"buy","order_filled_timestamp":1764943200000,"ft_is_entry":true,"ft_order_tag":"","cost":335.85568015999996},{"amount":2344.0,"safe_price":0.13599,"ft_order_side":"sell","order_filled_timestamp":1765116000000,"ft_is_entry":false,"ft_order_tag":"stop_loss","cost":319.07932056}],"funding_fees":0.0,"weekday":6},{"pair":"DOGE/USDT","stake_amount":329.7736,"max_stake_amount":329.7736,"amount":2405.0,"open_date":"2025-12-11 16:00:00+00:00","close_date":"2025-12-11 18:00:00+00:00","open_rate":0.13712,"close_rate":0.1373945145145145,"fee_open":0.001,"fee_close":0.001,"trade_duration":120,"profit_ratio":0.0,"profit_abs":0.0,"exit_reason":"roi","initial_stop_loss_abs":0.13027,"initial_stop_loss_ratio":-0.05,"stop_loss_abs":0.13027,"stop_loss_ratio":-0.05,"min_rate":0.13623,"max_rate":0.13925,"is_open":false,"enter_tag":"","leverage":1.0,"is_short":false,"open_timestamp":1765468800000,"close_timestamp":1765476000000,"orders":[{"amount":2405.0,"safe_price":0.13712,"ft_order_side":"buy","order_filled_timestamp":1765468800000,"ft_is_entry":true,"ft_order_tag":"","cost":330.10337359999994},{"amount":2405.0,"safe_price":0.1373945145145145,"ft_order_side":"sell","order_filled_timestamp":1765476000000,"ft_is_entry":false,"ft_order_tag":"roi","cost":330.7642412148148}],"funding_fees":0.0,"weekday":3},{"pair":"DOGE/USDT","stake_amount":329.86945,"max_stake_amount":329.86945,"amount":2435.0,"open_date":"2025-12-14 16:00:00+00:00","close_date":"2025-12-15 01:00:00+00:00","open_rate":0.13547,"close_rate":0.13574121121121122,"fee_open":0.001,"fee_close":0.001,"trade_duration":540,"profit_ratio":0.0,"profit_abs":0.0,"exit_reason":"roi","initial_stop_loss_abs":0.1287,"initial_stop_loss_ratio":-0.05,"stop_loss_abs":0.1287,"stop_loss_ratio":-0.05,"min_rate":0.13261,"max_rate":0.13683,"is_open":false,"enter_tag":"","leverage":1.0,"is_short":false,"open_timestamp":1765728000000,"close_timestamp":1765760400000,"orders":[{"amount":2435.0,"safe_price":0.13547,"ft_order_side":"buy","order_filled_timestamp":1765728000000,"ft_is_entry":true,"ft_order_tag":"","cost":330.19931945},{"amount":2435.0,"safe_price":0.13574121121121122,"ft_order_side":"sell","order_filled_timestamp":1765760400000,"ft_is_entry":false,"ft_order_tag":"roi","cost":330.86037914859855}],"funding_fees":0.0,"weekday":0},{"pair":"DOGE/USDT","stake_amount":329.8596,"max_stake_amount":329.8596,"amount":2569.0,"open_date":"2025-12-15 19:00:00+00:00","close_date":"2025-12-15 21:00:00+00:00","open_rate":0.1284,"close_rate":0.12865705705705702,"fee_open":0.001,"fee_close":0.001,"trade_duration":120,"profit_ratio":0.0,"profit_abs":0.0,"exit_reason":"roi","initial_stop_loss_abs":0.12198,"initial_stop_loss_ratio":-0.05,"stop_loss_abs":0.12198,"stop_loss_ratio":-0.05,"min_rate":0.12752,"max_rate":0.12942,"is_open":false,"enter_tag":"","leverage":1.0,"is_short":false,"open_timestamp":1765825200000,"close_timestamp":1765832400000,"orders":[{"amount":2569.0,"safe_price":0.1284,"ft_order_side":"buy","order_filled_timestamp":1765825200000,"ft_is_entry":true,"ft_order_tag":"","cost":330.1894595999999},{"amount":2569.0,"safe_price":0.12865705705705702,"ft_order_side":"sell","order_filled_timestamp":1765832400000,"ft_is_entry":false,"ft_order_tag":"roi","cost":330.850499559159}],"funding_fees":0.0,"weekday":0},{"pair":"DOGE/USDT","stake_amount":329.83355,"max_stake_amount":329.83355,"amount":2815.0,"open_date":"2025-12-31 21:00:00+00:00","close_date":"2025-12-31 23:00:00+00:00","open_rate":0.11717,"close_rate":0.11768,"fee_open":0.001,"fee_close":0.001,"trade_duration":120,"profit_ratio":0.002345951394342621,"profit_abs":0.77454725,"exit_reason":"roi","initial_stop_loss_abs":0.11132,"initial_stop_loss_ratio":-0.05,"stop_loss_abs":0.11132,"stop_loss_ratio":-0.05,"min_rate":0.11707,"max_rate":0.11782,"is_open":false,"enter_tag":"","leverage":1.0,"is_short":false,"open_timestamp":1767214800000,"close_timestamp":1767222000000,"orders":[{"amount":2815.0,"safe_price":0.11717,"ft_order_side":"buy","order_filled_timestamp":1767214800000,"ft_is_entry":true,"ft_order_tag":"","cost":330.16338355},{"amount":2815.0,"safe_price":0.11768,"ft_order_side":"sell","order_filled_timestamp":1767222000000,"ft_is_entry":false,"ft_order_tag":"roi","cost":331.60046919999996}],"funding_fees":0.0,"weekday":2},{"pair":"DOGE/USDT","stake_amount":330.0907,"max_stake_amount":330.0907,"amount":2810.0,"open_date":"2026-01-01 00:00:00+00:00","close_date":"2026-01-01 02:00:00+00:00","open_rate":0.11747,"close_rate":0.11854,"fee_open":0.001,"fee_close":0.001,"trade_duration":120,"profit_ratio":0.007092507390455804,"profit_abs":2.3435119,"exit_reason":"roi","initial_stop_loss_abs":0.1116,"initial_stop_loss_ratio":-0.05,"stop_loss_abs":0.1116,"stop_loss_ratio":-0.05,"min_rate":0.11742,"max_rate":0.1188,"is_open":false,"enter_tag":"","leverage":1.0,"is_short":false,"open_timestamp":1767225600000,"close_timestamp":1767232800000,"orders":[{"amount":2810.0,"safe_price":0.11747,"ft_order_side":"buy","order_filled_timestamp":1767225600000,"ft_is_entry":true,"ft_order_tag":"","cost":330.4207907},{"amount":2810.0,"safe_price":0.11854,"ft_order_side":"sell","order_filled_timestamp":1767232800000,"ft_is_entry":false,"ft_order_tag":"roi","cost":333.4304974}],"funding_fees":0.0,"weekday":3}],"locks":[],"best_pair":{"key":"DOGE/USDT","trades":22,"profit_mean":0.00040616946494287186,"profit_mean_pct":0.04,"profit_total_abs":2.785573169999999,"profit_total":0.002785573169999999,"profit_total_pct":0.28,"duration_avg":"6:11:00","wins":10,"draws":11,"losses":1,"winrate":0.45454545454545453,"cagr":0.010522197126291877,"expectancy":0.12661696227272723,"expectancy_ratio":-0.49272896350281614,"sortino":-100,"sharpe":0.1365698527895114,"calmar":3.2044198498028926,"sqn":0.1444,"profit_factor":1.159962802938046,"max_drawdown_account":0.01712142293631428,"max_drawdown_abs":17.41388072},"worst_pair":{"key":"DOGE/USDT","trades":22,"profit_mean":0.00040616946494287186,"profit_mean_pct":0.04,"profit_total_abs":2.785573169999999,"profit_total":0.002785573169999999,"profit_total_pct":0.28,"duration_avg":"6:11:00","wins":10,"draws":11,"losses":1,"winrate":0.45454545454545453,"cagr":0.010522197126291877,"expectancy":0.12661696227272723,"expectancy_ratio":-0.49272896350281614,"sortino":-100,"sharpe":0.1365698527895114,"calmar":3.2044198498028926,"sqn":0.1444,"profit_factor":1.159962802938046,"max_drawdown_account":0.01712142293631428,"max_drawdown_abs":17.41388072},"results_per_pair":[{"key":"DOGE/USDT","trades":22,"profit_mean":0.00040616946494287186,"profit_mean_pct":0.04,"profit_total_abs":2.785573169999999,"profit_total":0.002785573169999999,"profit_total_pct":0.28,"duration_avg":"6:11:00","wins":10,"draws":11,"losses":1,"winrate":0.45454545454545453,"cagr":0.010522197126291877,"expectancy":0.12661696227272723,"expectancy_ratio":-0.49272896350281614,"sortino":-100,"sharpe":0.1365698527895114,"calmar":3.2044198498028926,"sqn":0.1444,"profit_factor":1.159962802938046,"max_drawdown_account":0.01712142293631428,"max_drawdown_abs":17.41388072},{"key":"TOTAL","trades":22,"profit_mean":0.00040616946494287186,"profit_mean_pct":0.04,"profit_total_abs":2.785573169999999,"profit_total":0.002785573169999999,"profit_total_pct":0.28,"duration_avg":"6:11:00","wins":10,"draws":11,"losses":1,"winrate":0.45454545454545453,"cagr":0.010522197126291877,"expectancy":0.12661696227272723,"expectancy_ratio":-0.49272896350281614,"sortino":-100,"sharpe":0.1365698527895114,"calmar":3.2044198498028926,"sqn":0.1444,"profit_factor":1.159962802938046,"max_drawdown_account":0.01712142293631428,"max_drawdown_abs":17.41388072}],"results_per_enter_tag":[{"key":"","trades":22,"profit_mean":0.00040616946494287186,"profit_mean_pct":0.04,"profit_total_abs":2.785573169999999,"profit_total":0.002785573169999999,"profit_total_pct":0.28,"duration_avg":"6:11:00","wins":10,"draws":11,"losses":1,"winrate":0.45454545454545453,"cagr":0.010522197126291877,"expectancy":0.12661696227272723,"expectancy_ratio":-0.49272896350281614,"sortino":-100,"sharpe":0.1365698527895114,"calmar":3.2044198498028926,"sqn":0.1444,"profit_factor":1.159962802938046,"max_drawdown_account":0.01712142293631428,"max_drawdown_abs":17.41388072},{"key":"TOTAL","trades":22,"profit_mean":0.00040616946494287186,"profit_mean_pct":0.04,"profit_total_abs":2.785573169999999,"profit_total":0.002785573169999999,"profit_total_pct":0.28,"duration_avg":"6:11:00","wins":10,"draws":11,"losses":1,"winrate":0.45454545454545453,"cagr":0.010522197126291877,"expectancy":0.12661696227272723,"expectancy_ratio":-0.49272896350281614,"sortino":-100,"sharpe":0.1365698527895114,"calmar":3.2044198498028926,"sqn":0.1444,"profit_factor":1.159962802938046,"max_drawdown_account":0.01712142293631428,"max_drawdown_abs":17.41388072}],"exit_reason_summary":[{"key":"roi","trades":21,"profit_mean":0.0028945249839885663,"profit_mean_pct":0.29,"profit_total_abs":20.19945389,"profit_total":0.02019945389,"profit_total_pct":2.02,"duration_avg":"4:11:00","wins":10,"draws":11,"losses":0,"winrate":0.47619047619047616,"cagr":0.07815449136166586,"expectancy":0.9618787566666667,"expectancy_ratio":100.0,"sortino":-100,"sharpe":3.1866898663133902,"calmar":-100,"sqn":3.4456,"profit_factor":0.0,"max_drawdown_account":0.0,"max_drawdown_abs":0.0},{"key":"stop_loss","trades":1,"profit_mean":-0.05184929643501671,"profit_mean_pct":-5.18,"profit_total_abs":-17.41388072,"profit_total":-0.01741388072,"profit_total_pct":-1.74,"duration_avg":"2 days, 0:00:00","wins":0,"draws":0,"losses":1,"winrate":0.0,"cagr":-0.06396621171221006,"expectancy":-17.41388072,"expectancy_ratio":-1.0,"sortino":-100,"sharpe":-100,"calmar":-19.695848633549332,"sqn":-100.0,"profit_factor":0.0,"max_drawdown_account":0.01741388071999995,"max_drawdown_abs":17.41388072},{"key":"TOTAL","trades":22,"profit_mean":0.00040616946494287186,"profit_mean_pct":0.04,"profit_total_abs":2.785573169999999,"profit_total":0.002785573169999999,"profit_total_pct":0.28,"duration_avg":"6:11:00","wins":10,"draws":11,"losses":1,"winrate":0.45454545454545453,"cagr":0.010522197126291877,"expectancy":0.12661696227272723,"expectancy_ratio":-0.49272896350281614,"sortino":-100,"sharpe":0.1365698527895114,"calmar":3.2044198498028926,"sqn":0.1444,"profit_factor":1.159962802938046,"max_drawdown_account":0.01712142293631428,"max_drawdown_abs":17.41388072}],"mix_tag_stats":[{"key":["","roi"],"trades":21,"profit_mean":0.0028945249839885663,"profit_mean_pct":0.29,"profit_total_abs":20.19945389,"profit_total":0.02019945389,"profit_total_pct":2.02,"duration_avg":"4:11:00","wins":10,"draws":11,"losses":0,"winrate":0.47619047619047616,"cagr":0.07815449136166586,"expectancy":0.9618787566666667,"expectancy_ratio":100.0,"sortino":-100,"sharpe":3.1866898663133902,"calmar":-100,"sqn":3.4456,"profit_factor":0.0,"max_drawdown_account":0.0,"max_drawdown_abs":0.0},{"key":["","stop_loss"],"trades":1,"profit_mean":-0.05184929643501671,"profit_mean_pct":-5.18,"profit_total_abs":-17.41388072,"profit_total":-0.01741388072,"profit_total_pct":-1.74,"duration_avg":"2 days, 0:00:00","wins":0,"draws":0,"losses":1,"winrate":0.0,"cagr":-0.06396621171221006,"expectancy":-17.41388072,"expectancy_ratio":-1.0,"sortino":-100,"sharpe":-100,"calmar":-19.695848633549332,"sqn":-100.0,"profit_factor":0.0,"max_drawdown_account":0.01741388071999995,"max_drawdown_abs":17.41388072},{"key":"TOTAL","trades":22,"profit_mean":0.00040616946494287186,"profit_mean_pct":0.04,"profit_total_abs":2.785573169999999,"profit_total":0.002785573169999999,"profit_total_pct":0.28,"duration_avg":"6:11:00","wins":10,"draws":11,"losses":1,"winrate":0.45454545454545453,"cagr":0.010522197126291877,"expectancy":0.12661696227272723,"expectancy_ratio":-0.49272896350281614,"sortino":-100,"sharpe":0.1365698527895114,"calmar":3.2044198498028926,"sqn":0.1444,"profit_factor":1.159962802938046,"max_drawdown_account":0.01712142293631428,"max_drawdown_abs":17.41388072}],"left_open_trades":[{"key":"TOTAL","trades":0,"profit_mean":0.0,"profit_mean_pct":0.0,"profit_total_abs":0.0,"profit_total":0.0,"profit_total_pct":0.0,"duration_avg":"0:00","wins":0,"draws":0,"losses":0,"winrate":0.0,"cagr":0.0,"expectancy":0.0,"expectancy_ratio":100.0,"sortino":0,"sharpe":0,"calmar":0,"sqn":0.0,"profit_factor":0.0,"max_drawdown_account":0.0,"max_drawdown_abs":0.0}],"total_trades":22,"trade_count_long":22,"trade_count_short":0,"total_volume":14669.027339102271,"avg_stake_amount":332.65756863636364,"profit_mean":0.00040616946494287186,"profit_median":0.0,"profit_total":0.002785573169999999,"profit_total_long":0.002785573169999999,"profit_total_short":0.0,"profit_total_abs":2.785573169999999,"profit_total_long_abs":2.785573169999999,"profit_total_short_abs":0.0,"cagr":0.010522197126291877,"expectancy":0.12661696227272723,"expectancy_ratio":-0.49272896350281614,"sortino":-100,"sharpe":0.1365698527895114,"calmar":3.2044198498028926,"sqn":0.1444,"profit_factor":1.159962802938046,"backtest_start":"2025-10-01 00:00:00","backtest_start_ts":1759276800000,"backtest_end":"2026-01-06 20:00:00","backtest_end_ts":1767729600000,"backtest_days":97,"backtest_run_start_ts":1767740957,"backtest_run_end_ts":1767740957,"trades_per_day":0.23,"market_change":-0.36632086436227446,"pairlist":["DOGE/USDT"],"stake_amount":"unlimited","stake_currency":"USDT","stake_currency_decimals":3,"starting_balance":1000,"dry_run_wallet":1000,"final_balance":1002.78557317,"rejected_signals":0,"timedout_entry_orders":0,"timedout_exit_orders":0,"canceled_trade_entries":0,"canceled_entry_orders":0,"replaced_entry_orders":0,"max_open_trades":1,"max_open_trades_setting":3,"timeframe":"1h","timeframe_detail":"","timerange":"20251001-","enable_protections":false,"strategy_name":"ACO_11_24","freqaimodel":null,"freqai_identifier":null,"stoploss":-0.05,"trailing_stop":false,"trailing_stop_positive":null,"trailing_stop_positive_offset":0.0,"trailing_only_offset_is_reached":false,"use_custom_stoploss":false,"minimal_roi":{"0":0.1,"60":0.05,"120":0.0},"use_exit_signal":true,"exit_profit_only":false,"exit_profit_offset":0.0,"ignore_roi_if_entry_signal":false,"trading_mode":"spot","margin_mode":"","periodic_breakdown":{"day":[{"date":"07/10/2025","date_ts":1759795200000,"profit_abs":0.0,"wins":0,"draws":1,"losses":0,"trades":1,"profit_factor":0.0},{"date":"08/10/2025","date_ts":1759881600000,"profit_abs":3.29359254,"wins":1,"draws":0,"losses":0,"trades":1,"profit_factor":0.0},{"date":"09/10/2025","date_ts":1759968000000,"profit_abs":0.0,"wins":0,"draws":0,"losses":0,"trades":0,"profit_factor":0.0},{"date":"10/10/2025","date_ts":1760054400000,"profit_abs":0.0,"wins":0,"draws":0,"losses":0,"trades":0,"profit_factor":0.0},{"date":"11/10/2025","date_ts":1760140800000,"profit_abs":0.0,"wins":0,"draws":1,"losses":0,"trades":1,"profit_factor":0.0},{"date":"12/10/2025","date_ts":1760227200000,"profit_abs":0.0,"wins":0,"draws":0,"losses":0,"trades":0,"profit_factor":0.0},{"date":"13/10/2025","date_ts":1760313600000,"profit_abs":0.0,"wins":0,"draws":0,"losses":0,"trades":0,"profit_factor":0.0},{"date":"14/10/2025","date_ts":1760400000000,"profit_abs":4.09326496,"wins":1,"draws":0,"losses":0,"trades":1,"profit_factor":0.0},{"date":"15/10/2025","date_ts":1760486400000,"profit_abs":0.0,"wins":0,"draws":0,"losses":0,"trades":0,"profit_factor":0.0},{"date":"16/10/2025","date_ts":1760572800000,"profit_abs":3.78845971,"wins":2,"draws":0,"losses":0,"trades":2,"profit_factor":0.0},{"date":"17/10/2025","date_ts":1760659200000,"profit_abs":0.0,"wins":0,"draws":1,"losses":0,"trades":1,"profit_factor":0.0},{"date":"18/10/2025","date_ts":1760745600000,"profit_abs":0.0,"wins":0,"draws":0,"losses":0,"trades":0,"profit_factor":0.0},{"date":"19/10/2025","date_ts":1760832000000,"profit_abs":0.0,"wins":0,"draws":0,"losses":0,"trades":0,"profit_factor":0.0},{"date":"20/10/2025","date_ts":1760918400000,"profit_abs":0.0,"wins":0,"draws":0,"losses":0,"trades":0,"profit_factor":0.0},{"date":"21/10/2025","date_ts":1761004800000,"profit_abs":0.0,"wins":0,"draws":0,"losses":0,"trades":0,"profit_factor":0.0},{"date":"22/10/2025","date_ts":1761091200000,"profit_abs":0.0,"wins":0,"draws":0,"losses":0,"trades":0,"profit_factor":0.0},{"date":"23/10/2025","date_ts":1761177600000,"profit_abs":0.0,"wins":0,"draws":0,"losses":0,"trades":0,"profit_factor":0.0},{"date":"24/10/2025","date_ts":1761264000000,"profit_abs":0.0,"wins":0,"draws":0,"losses":0,"trades":0,"profit_factor":0.0},{"date":"25/10/2025","date_ts":1761350400000,"profit_abs":0.0,"wins":0,"draws":0,"losses":0,"trades":0,"profit_factor":0.0},{"date":"26/10/2025","date_ts":1761436800000,"profit_abs":0.0,"wins":0,"draws":0,"losses":0,"trades":0,"profit_factor":0.0},{"date":"27/10/2025","date_ts":1761523200000,"profit_abs":0.0,"wins":0,"draws":0,"losses":0,"trades":0,"profit_factor":0.0},{"date":"28/10/2025","date_ts":1761609600000,"profit_abs":0.0,"wins":0,"draws":0,"losses":0,"trades":0,"profit_factor":0.0},{"date":"29/10/2025","date_ts":1761696000000,"profit_abs":0.0,"wins":0,"draws":0,"losses":0,"trades":0,"profit_factor":0.0},{"date":"30/10/2025","date_ts":1761782400000,"profit_abs":0.0,"wins":0,"draws":0,"losses":0,"trades":0,"profit_factor":0.0},{"date":"31/10/2025","date_ts":1761868800000,"profit_abs":0.0,"wins":0,"draws":1,"losses":0,"trades":1,"profit_factor":0.0},{"date":"01/11/2025","date_ts":1761955200000,"profit_abs":0.0,"wins":0,"draws":0,"losses":0,"trades":0,"profit_factor":0.0},{"date":"02/11/2025","date_ts":1762041600000,"profit_abs":0.0,"wins":0,"draws":0,"losses":0,"trades":0,"profit_factor":0.0},{"date":"03/11/2025","date_ts":1762128000000,"profit_abs":2.81286373,"wins":2,"draws":0,"losses":0,"trades":2,"profit_factor":0.0},{"date":"04/11/2025","date_ts":1762214400000,"profit_abs":1.2397613,"wins":1,"draws":0,"losses":0,"trades":1,"profit_factor":0.0},{"date":"05/11/2025","date_ts":1762300800000,"profit_abs":0.0,"wins":0,"draws":0,"losses":0,"trades":0,"profit_factor":0.0},{"date":"06/11/2025","date_ts":1762387200000,"profit_abs":1.8534525,"wins":1,"draws":0,"losses":0,"trades":1,"profit_factor":0.0},{"date":"07/11/2025","date_ts":1762473600000,"profit_abs":0.0,"wins":0,"draws":0,"losses":0,"trades":0,"profit_factor":0.0},{"date":"08/11/2025","date_ts":1762560000000,"profit_abs":0.0,"wins":0,"draws":0,"losses":0,"trades":0,"profit_factor":0.0},{"date":"09/11/2025","date_ts":1762646400000,"profit_abs":0.0,"wins":0,"draws":0,"losses":0,"trades":0,"profit_factor":0.0},{"date":"10/11/2025","date_ts":1762732800000,"profit_abs":0.0,"wins":0,"draws":0,"losses":0,"trades":0,"profit_factor":0.0},{"date":"11/11/2025","date_ts":1762819200000,"profit_abs":0.0,"wins":0,"draws":0,"losses":0,"trades":0,"profit_factor":0.0},{"date":"12/11/2025","date_ts":1762905600000,"profit_abs":0.0,"wins":0,"draws":0,"losses":0,"trades":0,"profit_factor":0.0},{"date":"13/11/2025","date_ts":1762992000000,"profit_abs":0.0,"wins":0,"draws":0,"losses":0,"trades":0,"profit_factor":0.0},{"date":"14/11/2025","date_ts":1763078400000,"profit_abs":0.0,"wins":0,"draws":0,"losses":0,"trades":0,"profit_factor":0.0},{"date":"15/11/2025","date_ts":1763164800000,"profit_abs":0.0,"wins":0,"draws":0,"losses":0,"trades":0,"profit_factor":0.0},{"date":"16/11/2025","date_ts":1763251200000,"profit_abs":0.0,"wins":0,"draws":0,"losses":0,"trades":0,"profit_factor":0.0},{"date":"17/11/2025","date_ts":1763337600000,"profit_abs":0.0,"wins":0,"draws":0,"losses":0,"trades":0,"profit_factor":0.0},{"date":"18/11/2025","date_ts":1763424000000,"profit_abs":0.0,"wins":0,"draws":0,"losses":0,"trades":0,"profit_factor":0.0},{"date":"19/11/2025","date_ts":1763510400000,"profit_abs":0.0,"wins":0,"draws":0,"losses":0,"trades":0,"profit_factor":0.0},{"date":"20/11/2025","date_ts":1763596800000,"profit_abs":0.0,"wins":0,"draws":0,"losses":0,"trades":0,"profit_factor":0.0},{"date":"21/11/2025","date_ts":1763683200000,"profit_abs":0.0,"wins":0,"draws":1,"losses":0,"trades":1,"profit_factor":0.0},{"date":"22/11/2025","date_ts":1763769600000,"profit_abs":0.0,"wins":0,"draws":0,"losses":0,"trades":0,"profit_factor":0.0},{"date":"23/11/2025","date_ts":1763856000000,"profit_abs":0.0,"wins":0,"draws":0,"losses":0,"trades":0,"profit_factor":0.0},{"date":"24/11/2025","date_ts":1763942400000,"profit_abs":0.0,"wins":0,"draws":0,"losses":0,"trades":0,"profit_factor":0.0},{"date":"25/11/2025","date_ts":1764028800000,"profit_abs":0.0,"wins":0,"draws":0,"losses":0,"trades":0,"profit_factor":0.0},{"date":"26/11/2025","date_ts":1764115200000,"profit_abs":0.0,"wins":0,"draws":0,"losses":0,"trades":0,"profit_factor":0.0},{"date":"27/11/2025","date_ts":1764201600000,"profit_abs":0.0,"wins":0,"draws":0,"losses":0,"trades":0,"profit_factor":0.0},{"date":"28/11/2025","date_ts":1764288000000,"profit_abs":0.0,"wins":0,"draws":0,"losses":0,"trades":0,"profit_factor":0.0},{"date":"29/11/2025","date_ts":1764374400000,"profit_abs":0.0,"wins":0,"draws":0,"losses":0,"trades":0,"profit_factor":0.0},{"date":"30/11/2025","date_ts":1764460800000,"profit_abs":0.0,"wins":0,"draws":0,"losses":0,"trades":0,"profit_factor":0.0},{"date":"01/12/2025","date_ts":1764547200000,"profit_abs":0.0,"wins":0,"draws":1,"losses":0,"trades":1,"profit_factor":0.0},{"date":"02/12/2025","date_ts":1764633600000,"profit_abs":0.0,"wins":0,"draws":1,"losses":0,"trades":1,"profit_factor":0.0},{"date":"03/12/2025","date_ts":1764720000000,"profit_abs":0.0,"wins":0,"draws":0,"losses":0,"trades":0,"profit_factor":0.0},{"date":"04/12/2025","date_ts":1764806400000,"profit_abs":0.0,"wins":0,"draws":0,"losses":0,"trades":0,"profit_factor":0.0},{"date":"05/12/2025","date_ts":1764892800000,"profit_abs":0.0,"wins":0,"draws":1,"losses":0,"trades":1,"profit_factor":0.0},{"date":"06/12/2025","date_ts":1764979200000,"profit_abs":0.0,"wins":0,"draws":0,"losses":0,"trades":0,"profit_factor":0.0},{"date":"07/12/2025","date_ts":1765065600000,"profit_abs":-17.41388072,"wins":0,"draws":0,"losses":1,"trades":1,"profit_factor":0.0},{"date":"08/12/2025","date_ts":1765152000000,"profit_abs":0.0,"wins":0,"draws":0,"losses":0,"trades":0,"profit_factor":0.0},{"date":"09/12/2025","date_ts":1765238400000,"profit_abs":0.0,"wins":0,"draws":0,"losses":0,"trades":0,"profit_factor":0.0},{"date":"10/12/2025","date_ts":1765324800000,"profit_abs":0.0,"wins":0,"draws":0,"losses":0,"trades":0,"profit_factor":0.0},{"date":"11/12/2025","date_ts":1765411200000,"profit_abs":0.0,"wins":0,"draws":1,"losses":0,"trades":1,"profit_factor":0.0},{"date":"12/12/2025","date_ts":1765497600000,"profit_abs":0.0,"wins":0,"draws":0,"losses":0,"trades":0,"profit_factor":0.0},{"date":"13/12/2025","date_ts":1765584000000,"profit_abs":0.0,"wins":0,"draws":0,"losses":0,"trades":0,"profit_factor":0.0},{"date":"14/12/2025","date_ts":1765670400000,"profit_abs":0.0,"wins":0,"draws":0,"losses":0,"trades":0,"profit_factor":0.0},{"date":"15/12/2025","date_ts":1765756800000,"profit_abs":0.0,"wins":0,"draws":2,"losses":0,"trades":2,"profit_factor":0.0},{"date":"16/12/2025","date_ts":1765843200000,"profit_abs":0.0,"wins":0,"draws":0,"losses":0,"trades":0,"profit_factor":0.0},{"date":"17/12/2025","date_ts":1765929600000,"profit_abs":0.0,"wins":0,"draws":0,"losses":0,"trades":0,"profit_factor":0.0},{"date":"18/12/2025","date_ts":1766016000000,"profit_abs":0.0,"wins":0,"draws":0,"losses":0,"trades":0,"profit_factor":0.0},{"date":"19/12/2025","date_ts":1766102400000,"profit_abs":0.0,"wins":0,"draws":0,"losses":0,"trades":0,"profit_factor":0.0},{"date":"20/12/2025","date_ts":1766188800000,"profit_abs":0.0,"wins":0,"draws":0,"losses":0,"trades":0,"profit_factor":0.0},{"date":"21/12/2025","date_ts":1766275200000,"profit_abs":0.0,"wins":0,"draws":0,"losses":0,"trades":0,"profit_factor":0.0},{"date":"22/12/2025","date_ts":1766361600000,"profit_abs":0.0,"wins":0,"draws":0,"losses":0,"trades":0,"profit_factor":0.0},{"date":"23/12/2025","date_ts":1766448000000,"profit_abs":0.0,"wins":0,"draws":0,"losses":0,"trades":0,"profit_factor":0.0},{"date":"24/12/2025","date_ts":1766534400000,"profit_abs":0.0,"wins":0,"draws":0,"losses":0,"trades":0,"profit_factor":0.0},{"date":"25/12/2025","date_ts":1766620800000,"profit_abs":0.0,"wins":0,"draws":0,"losses":0,"trades":0,"profit_factor":0.0},{"date":"26/12/2025","date_ts":1766707200000,"profit_abs":0.0,"wins":0,"draws":0,"losses":0,"trades":0,"profit_factor":0.0},{"date":"27/12/2025","date_ts":1766793600000,"profit_abs":0.0,"wins":0,"draws":0,"losses":0,"trades":0,"profit_factor":0.0},{"date":"28/12/2025","date_ts":1766880000000,"profit_abs":0.0,"wins":0,"draws":0,"losses":0,"trades":0,"profit_factor":0.0},{"date":"29/12/2025","date_ts":1766966400000,"profit_abs":0.0,"wins":0,"draws":0,"losses":0,"trades":0,"profit_factor":0.0},{"date":"30/12/2025","date_ts":1767052800000,"profit_abs":0.0,"wins":0,"draws":0,"losses":0,"trades":0,"profit_factor":0.0},{"date":"31/12/2025","date_ts":1767139200000,"profit_abs":0.77454725,"wins":1,"draws":0,"losses":0,"trades":1,"profit_factor":0.0},{"date":"01/01/2026","date_ts":1767225600000,"profit_abs":2.3435119,"wins":1,"draws":0,"losses":0,"trades":1,"profit_factor":0.0}],"week":[{"date":"13/10/2025","date_ts":1760313600000,"profit_abs":3.29359254,"wins":1,"draws":2,"losses":0,"trades":3,"profit_factor":0.0},{"date":"20/10/2025","date_ts":1760918400000,"profit_abs":7.88172467,"wins":3,"draws":1,"losses":0,"trades":4,"profit_factor":0.0},{"date":"27/10/2025","date_ts":1761523200000,"profit_abs":0.0,"wins":0,"draws":0,"losses":0,"trades":0,"profit_factor":0.0},{"date":"03/11/2025","date_ts":1762128000000,"profit_abs":2.81286373,"wins":2,"draws":1,"losses":0,"trades":3,"profit_factor":0.0},{"date":"10/11/2025","date_ts":1762732800000,"profit_abs":3.0932138,"wins":2,"draws":0,"losses":0,"trades":2,"profit_factor":0.0},{"date":"17/11/2025","date_ts":1763337600000,"profit_abs":0.0,"wins":0,"draws":0,"losses":0,"trades":0,"profit_factor":0.0},{"date":"24/11/2025","date_ts":1763942400000,"profit_abs":0.0,"wins":0,"draws":1,"losses":0,"trades":1,"profit_factor":0.0},{"date":"01/12/2025","date_ts":1764547200000,"profit_abs":0.0,"wins":0,"draws":1,"losses":0,"trades":1,"profit_factor":0.0},{"date":"08/12/2025","date_ts":1765152000000,"profit_abs":-17.41388072,"wins":0,"draws":2,"losses":1,"trades":3,"profit_factor":0.0},{"date":"15/12/2025","date_ts":1765756800000,"profit_abs":0.0,"wins":0,"draws":3,"losses":0,"trades":3,"profit_factor":0.0},{"date":"22/12/2025","date_ts":1766361600000,"profit_abs":0.0,"wins":0,"draws":0,"losses":0,"trades":0,"profit_factor":0.0},{"date":"29/12/2025","date_ts":1766966400000,"profit_abs":0.0,"wins":0,"draws":0,"losses":0,"trades":0,"profit_factor":0.0},{"date":"05/01/2026","date_ts":1767571200000,"profit_abs":3.11805915,"wins":2,"draws":0,"losses":0,"trades":2,"profit_factor":0.0}],"month":[{"date":"31/10/2025","date_ts":1761868800000,"profit_abs":11.17531721,"wins":4,"draws":4,"losses":0,"trades":8,"profit_factor":0.0},{"date":"30/11/2025","date_ts":1764460800000,"profit_abs":5.90607753,"wins":4,"draws":1,"losses":0,"trades":5,"profit_factor":0.0},{"date":"31/12/2025","date_ts":1767139200000,"profit_abs":-16.63933347,"wins":1,"draws":6,"losses":1,"trades":8,"profit_factor":0.04447873},{"date":"31/01/2026","date_ts":1769817600000,"profit_abs":2.3435119,"wins":1,"draws":0,"losses":0,"trades":1,"profit_factor":0.0}],"year":[{"date":"31/12/2025","date_ts":1767139200000,"profit_abs":0.44206127,"wins":9,"draws":11,"losses":1,"trades":21,"profit_factor":1.02538557},{"date":"31/12/2026","date_ts":1798675200000,"profit_abs":2.3435119,"wins":1,"draws":0,"losses":0,"trades":1,"profit_factor":0.0}],"weekday":[{"date":"Monday","date_ts":0,"profit_abs":2.81286373,"wins":2,"draws":3,"losses":0,"trades":5,"profit_factor":0.0},{"date":"Tuesday","date_ts":1,"profit_abs":5.33302626,"wins":2,"draws":2,"losses":0,"trades":4,"profit_factor":0.0},{"date":"Wednesday","date_ts":2,"profit_abs":4.06813979,"wins":2,"draws":0,"losses":0,"trades":2,"profit_factor":0.0},{"date":"Thursday","date_ts":3,"profit_abs":7.98542411,"wins":4,"draws":1,"losses":0,"trades":5,"profit_factor":0.0},{"date":"Friday","date_ts":4,"profit_abs":0.0,"wins":0,"draws":4,"losses":0,"trades":4,"profit_factor":0.0},{"date":"Saturday","date_ts":5,"profit_abs":0.0,"wins":0,"draws":1,"losses":0,"trades":1,"profit_factor":0.0},{"date":"Sunday","date_ts":6,"profit_abs":-17.41388072,"wins":0,"draws":0,"losses":1,"trades":1,"profit_factor":0.0}]},"backtest_best_day":0.012351488821177294,"backtest_worst_day":-0.05184929643501671,"backtest_best_day_abs":4.09326496,"backtest_worst_day_abs":-17.41388072,"winning_days":8,"draw_days":78,"losing_days":1,"daily_profit":[["2025-10-07",0.0],["2025-10-08",3.29359254],["2025-10-09",0.0],["2025-10-10",0.0],["2025-10-11",0.0],["2025-10-12",0.0],["2025-10-13",0.0],["2025-10-14",4.09326496],["2025-10-15",0.0],["2025-10-16",3.78845971],["2025-10-17",0.0],["2025-10-18",0.0],["2025-10-19",0.0],["2025-10-20",0.0],["2025-10-21",0.0],["2025-10-22",0.0],["2025-10-23",0.0],["2025-10-24",0.0],["2025-10-25",0.0],["2025-10-26",0.0],["2025-10-27",0.0],["2025-10-28",0.0],["2025-10-29",0.0],["2025-10-30",0.0],["2025-10-31",0.0],["2025-11-01",0.0],["2025-11-02",0.0],["2025-11-03",2.81286373],["2025-11-04",1.2397613],["2025-11-05",0.0],["2025-11-06",1.8534525],["2025-11-07",0.0],["2025-11-08",0.0],["2025-11-09",0.0],["2025-11-10",0.0],["2025-11-11",0.0],["2025-11-12",0.0],["2025-11-13",0.0],["2025-11-14",0.0],["2025-11-15",0.0],["2025-11-16",0.0],["2025-11-17",0.0],["2025-11-18",0.0],["2025-11-19",0.0],["2025-11-20",0.0],["2025-11-21",0.0],["2025-11-22",0.0],["2025-11-23",0.0],["2025-11-24",0.0],["2025-11-25",0.0],["2025-11-26",0.0],["2025-11-27",0.0],["2025-11-28",0.0],["2025-11-29",0.0],["2025-11-30",0.0],["2025-12-01",0.0],["2025-12-02",0.0],["2025-12-03",0.0],["2025-12-04",0.0],["2025-12-05",0.0],["2025-12-06",0.0],["2025-12-07",-17.41388072],["2025-12-08",0.0],["2025-12-09",0.0],["2025-12-10",0.0],["2025-12-11",0.0],["2025-12-12",0.0],["2025-12-13",0.0],["2025-12-14",0.0],["2025-12-15",0.0],["2025-12-16",0.0],["2025-12-17",0.0],["2025-12-18",0.0],["2025-12-19",0.0],["2025-12-20",0.0],["2025-12-21",0.0],["2025-12-22",0.0],["2025-12-23",0.0],["2025-12-24",0.0],["2025-12-25",0.0],["2025-12-26",0.0],["2025-12-27",0.0],["2025-12-28",0.0],["2025-12-29",0.0],["2025-12-30",0.0],["2025-12-31",0.77454725],["2026-01-01",2.3435119]],"wins":10,"losses":1,"draws":11,"winrate":0.45454545454545453,"holding_avg":"6:11:00","holding_avg_s":22260.0,"winner_holding_min":"0d 02:00","winner_holding_min_s":7200.0,"winner_holding_max":"0d 02:00","winner_holding_max_s":7200.0,"winner_holding_avg":"0d 02:00","winner_holding_avg_s":7200.0,"loser_holding_min":"2d 00:00","loser_holding_min_s":172800.0,"loser_holding_max":"2d 00:00","loser_holding_max_s":172800.0,"loser_holding_avg":"2d 00:00","loser_holding_avg_s":172800.0,"max_consecutive_wins":4,"max_consecutive_losses":8,"max_drawdown_account":0.01712142293631428,"max_relative_drawdown":0.01712142293631428,"max_drawdown_abs":17.41388072,"drawdown_start":"2025-11-06 18:00:00","drawdown_start_ts":1762452000000.0,"drawdown_end":"2025-12-07 14:00:00","drawdown_end_ts":1765116000000.0,"drawdown_duration":"30 days 20:00:00","drawdown_duration_s":2664000.0,"max_drawdown_low":-0.3324859800000013,"max_drawdown_high":17.08139474,"csum_min":999.66751402,"csum_max":1017.08139474}},"strategy_comparison":[{"key":"ACO_11_24","trades":22,"profit_mean":0.00040616946494287186,"profit_mean_pct":0.04,"profit_total_abs":2.785573169999999,"profit_total":0.002785573169999999,"profit_total_pct":0.28,"duration_avg":"6:11:00","wins":10,"draws":11,"losses":1,"winrate":0.45454545454545453,"cagr":0.010522197126291877,"expectancy":0.12661696227272723,"expectancy_ratio":-0.49272896350281614,"sortino":-100,"sharpe":0.1365698527895114,"calmar":3.2044198498028926,"sqn":0.1444,"profit_factor":1.159962802938046,"max_drawdown_account":0.01712142293631428,"max_drawdown_abs":"17.414"}]}