{"strategy":{"ACO_9_7":{"trades":[{"pair":"DOGE/USDT","stake_amount":329.91824,"max_stake_amount":329.91824,"amount":1294.0,"open_date":"2025-10-02 16:00:00+00:00","close_date":"2025-10-02 18:00:00+00:00","open_rate":0.25496,"close_rate":0.25622,"fee_open":0.001,"fee_close":0.001,"trade_duration":120,"profit_ratio":0.002934075651364638,"profit_abs":0.96897308,"exit_reason":"roi","initial_stop_loss_abs":0.24222,"initial_stop_loss_ratio":-0.05,"stop_loss_abs":0.24222,"stop_loss_ratio":-0.05,"min_rate":0.25421,"max_rate":0.2595,"is_open":false,"enter_tag":"","leverage":1.0,"is_short":false,"open_timestamp":1759420800000,"close_timestamp":1759428000000,"orders":[{"amount":1294.0,"safe_price":0.25496,"ft_order_side":"buy","order_filled_timestamp":1759420800000,"ft_is_entry":true,"ft_order_tag":"","cost":330.24815824},{"amount":1294.0,"safe_price":0.25622,"ft_order_side":"sell","order_filled_timestamp":1759428000000,"ft_is_entry":false,"ft_order_tag":"roi","cost":331.88022867999996}],"funding_fees":0.0,"weekday":3},{"pair":"DOGE/USDT","stake_amount":330.0934,"max_stake_amount":330.0934,"amount":1274.0,"open_date":"2025-10-03 03:00:00+00:00","close_date":"2025-10-03 05:00:00+00:00","open_rate":0.2591,"close_rate":0.26029,"fee_open":0.001,"fee_close":0.001,"trade_duration":120,"profit_ratio":0.0025856428403707448,"profit_abs":0.85435714,"exit_reason":"roi","initial_stop_loss_abs":0.24615,"initial_stop_loss_ratio":-0.05,"stop_loss_abs":0.24615,"stop_loss_ratio":-0.05,"min_rate":0.25686,"max_rate":0.26155,"is_open":false,"enter_tag":"","leverage":1.0,"is_short":false,"open_timestamp":1759460400000,"close_timestamp":1759467600000,"orders":[{"amount":1274.0,"safe_price":0.2591,"ft_order_side":"buy","order_filled_timestamp":1759460400000,"ft_is_entry":true,"ft_order_tag":"","cost":330.4234933999999},{"amount":1274.0,"safe_price":0.26029,"ft_order_side":"sell","order_filled_timestamp":1759467600000,"ft_is_entry":false,"ft_order_tag":"roi","cost":331.94106946}],"funding_fees":0.0,"weekday":4},{"pair":"DOGE/USDT","stake_amount":330.49752,"max_stake_amount":330.49752,"amount":1668.0,"open_date":"2025-10-16 10:00:00+00:00","close_date":"2025-10-16 12:00:00+00:00","open_rate":0.19814,"close_rate":0.20034,"fee_open":0.001,"fee_close":0.001,"trade_duration":120,"profit_ratio":0.009083073986677499,"profit_abs":3.00493536,"exit_reason":"roi","initial_stop_loss_abs":0.18824,"initial_stop_loss_ratio":-0.05,"stop_loss_abs":0.18824,"stop_loss_ratio":-0.05,"min_rate":0.19777,"max_rate":0.2015,"is_open":false,"enter_tag":"","leverage":1.0,"is_short":false,"open_timestamp":1760608800000,"close_timestamp":1760616000000,"orders":[{"amount":1668.0,"safe_price":0.19814,"ft_order_side":"buy","order_filled_timestamp":1760608800000,"ft_is_entry":true,"ft_order_tag":"","cost":330.82801751999995},{"amount":1668.0,"safe_price":0.20034,"ft_order_side":"sell","order_filled_timestamp":1760616000000,"ft_is_entry":false,"ft_order_tag":"roi","cost":334.50128712}],"funding_fees":0.0,"weekday":3},{"pair":"DOGE/USDT","stake_amount":331.51072,"max_stake_amount":331.51072,"amount":2372.0,"open_date":"2025-12-07 00:00:00+00:00","close_date":"2025-12-07 02:00:00+00:00","open_rate":0.13976,"close_rate":0.14003979979979977,"fee_open":0.001,"fee_close":0.001,"trade_duration":120,"profit_ratio":0.0,"profit_abs":0.0,"exit_reason":"roi","initial_stop_loss_abs":0.13278,"initial_stop_loss_ratio":-0.05,"stop_loss_abs":0.13278,"stop_loss_ratio":-0.05,"min_rate":0.13957,"max_rate":0.14043,"is_open":false,"enter_tag":"","leverage":1.0,"is_short":false,"open_timestamp":1765065600000,"close_timestamp":1765072800000,"orders":[{"amount":2372.0,"safe_price":0.13976,"ft_order_side":"buy","order_filled_timestamp":1765065600000,"ft_is_entry":true,"ft_order_tag":"","cost":331.84223072},{"amount":2372.0,"safe_price":0.14003979979979977,"ft_order_side":"sell","order_filled_timestamp":1765072800000,"ft_is_entry":false,"ft_order_tag":"roi","cost":332.5065795302502}],"funding_fees":0.0,"weekday":6}],"locks":[],"best_pair":{"key":"DOGE/USDT","trades":4,"profit_mean":0.0036506981196032205,"profit_mean_pct":0.37,"profit_total_abs":4.82826558,"profit_total":0.00482826558,"profit_total_pct":0.48,"duration_avg":"2:00:00","wins":3,"draws":1,"losses":0,"winrate":0.75,"cagr":0.018289741526356984,"expectancy":1.207066395,"expectancy_ratio":100.0,"sortino":-100,"sharpe":0.8618109297747467,"calmar":-100,"sqn":1.8947,"profit_factor":0.0,"max_drawdown_account":0.0,"max_drawdown_abs":0.0},"worst_pair":{"key":"DOGE/USDT","trades":4,"profit_mean":0.0036506981196032205,"profit_mean_pct":0.37,"profit_total_abs":4.82826558,"profit_total":0.00482826558,"profit_total_pct":0.48,"duration_avg":"2:00:00","wins":3,"draws":1,"losses":0,"winrate":0.75,"cagr":0.018289741526356984,"expectancy":1.207066395,"expectancy_ratio":100.0,"sortino":-100,"sharpe":0.8618109297747467,"calmar":-100,"sqn":1.8947,"profit_factor":0.0,"max_drawdown_account":0.0,"max_drawdown_abs":0.0},"results_per_pair":[{"key":"DOGE/USDT","trades":4,"profit_mean":0.0036506981196032205,"profit_mean_pct":0.37,"profit_total_abs":4.82826558,"profit_total":0.00482826558,"profit_total_pct":0.48,"duration_avg":"2:00:00","wins":3,"draws":1,"losses":0,"winrate":0.75,"cagr":0.018289741526356984,"expectancy":1.207066395,"expectancy_ratio":100.0,"sortino":-100,"sharpe":0.8618109297747467,"calmar":-100,"sqn":1.8947,"profit_factor":0.0,"max_drawdown_account":0.0,"max_drawdown_abs":0.0},{"key":"TOTAL","trades":4,"profit_mean":0.0036506981196032205,"profit_mean_pct":0.37,"profit_total_abs":4.82826558,"profit_total":0.00482826558,"profit_total_pct":0.48,"duration_avg":"2:00:00","wins":3,"draws":1,"losses":0,"winrate":0.75,"cagr":0.018289741526356984,"expectancy":1.207066395,"expectancy_ratio":100.0,"sortino":-100,"sharpe":0.8618109297747467,"calmar":-100,"sqn":1.8947,"profit_factor":0.0,"max_drawdown_account":0.0,"max_drawdown_abs":0.0}],"results_per_enter_tag":[{"key":"","trades":4,"profit_mean":0.0036506981196032205,"profit_mean_pct":0.37,"profit_total_abs":4.82826558,"profit_total":0.00482826558,"profit_total_pct":0.48,"duration_avg":"2:00:00","wins":3,"draws":1,"losses":0,"winrate":0.75,"cagr":0.018289741526356984,"expectancy":1.207066395,"expectancy_ratio":100.0,"sortino":-100,"sharpe":0.8618109297747467,"calmar":-100,"sqn":1.8947,"profit_factor":0.0,"max_drawdown_account":0.0,"max_drawdown_abs":0.0},{"key":"TOTAL","trades":4,"profit_mean":0.0036506981196032205,"profit_mean_pct":0.37,"profit_total_abs":4.82826558,"profit_total":0.00482826558,"profit_total_pct":0.48,"duration_avg":"2:00:00","wins":3,"draws":1,"losses":0,"winrate":0.75,"cagr":0.018289741526356984,"expectancy":1.207066395,"expectancy_ratio":100.0,"sortino":-100,"sharpe":0.8618109297747467,"calmar":-100,"sqn":1.8947,"profit_factor":0.0,"max_drawdown_account":0.0,"max_drawdown_abs":0.0}],"exit_reason_summary":[{"key":"roi","trades":4,"profit_mean":0.0036506981196032205,"profit_mean_pct":0.37,"profit_total_abs":4.82826558,"profit_total":0.00482826558,"profit_total_pct":0.48,"duration_avg":"2:00:00","wins":3,"draws":1,"losses":0,"winrate":0.75,"cagr":0.018289741526356984,"expectancy":1.207066395,"expectancy_ratio":100.0,"sortino":-100,"sharpe":0.8618109297747467,"calmar":-100,"sqn":1.8947,"profit_factor":0.0,"max_drawdown_account":0.0,"max_drawdown_abs":0.0},{"key":"TOTAL","trades":4,"profit_mean":0.0036506981196032205,"profit_mean_pct":0.37,"profit_total_abs":4.82826558,"profit_total":0.00482826558,"profit_total_pct":0.48,"duration_avg":"2:00:00","wins":3,"draws":1,"losses":0,"winrate":0.75,"cagr":0.018289741526356984,"expectancy":1.207066395,"expectancy_ratio":100.0,"sortino":-100,"sharpe":0.8618109297747467,"calmar":-100,"sqn":1.8947,"profit_factor":0.0,"max_drawdown_account":0.0,"max_drawdown_abs":0.0}],"mix_tag_stats":[{"key":["","roi"],"trades":4,"profit_mean":0.0036506981196032205,"profit_mean_pct":0.37,"profit_total_abs":4.82826558,"profit_total":0.00482826558,"profit_total_pct":0.48,"duration_avg":"2:00:00","wins":3,"draws":1,"losses":0,"winrate":0.75,"cagr":0.018289741526356984,"expectancy":1.207066395,"expectancy_ratio":100.0,"sortino":-100,"sharpe":0.8618109297747467,"calmar":-100,"sqn":1.8947,"profit_factor":0.0,"max_drawdown_account":0.0,"max_drawdown_abs":0.0},{"key":"TOTAL","trades":4,"profit_mean":0.0036506981196032205,"profit_mean_pct":0.37,"profit_total_abs":4.82826558,"profit_total":0.00482826558,"profit_total_pct":0.48,"duration_avg":"2:00:00","wins":3,"draws":1,"losses":0,"winrate":0.75,"cagr":0.018289741526356984,"expectancy":1.207066395,"expectancy_ratio":100.0,"sortino":-100,"sharpe":0.8618109297747467,"calmar":-100,"sqn":1.8947,"profit_factor":0.0,"max_drawdown_account":0.0,"max_drawdown_abs":0.0}],"left_open_trades":[{"key":"TOTAL","trades":0,"profit_mean":0.0,"profit_mean_pct":0.0,"profit_total_abs":0.0,"profit_total":0.0,"profit_total_pct":0.0,"duration_avg":"0:00","wins":0,"draws":0,"losses":0,"winrate":0.0,"cagr":0.0,"expectancy":0.0,"expectancy_ratio":100.0,"sortino":0,"sharpe":0,"calmar":0,"sqn":0.0,"profit_factor":0.0,"max_drawdown_account":0.0,"max_drawdown_abs":0.0}],"total_trades":4,"trade_count_long":4,"trade_count_short":0,"total_volume":2654.17106467025,"avg_stake_amount":330.50496999999996,"profit_mean":0.0036506981196032205,"profit_median":0.0027598592458676916,"profit_total":0.00482826558,"profit_total_long":0.00482826558,"profit_total_short":0.0,"profit_total_abs":4.82826558,"profit_total_long_abs":4.82826558,"profit_total_short_abs":0.0,"cagr":0.018289741526356984,"expectancy":1.207066395,"expectancy_ratio":100.0,"sortino":-100,"sharpe":0.8618109297747467,"calmar":-100,"sqn":1.8947,"profit_factor":0.0,"backtest_start":"2025-10-01 00:00:00","backtest_start_ts":1759276800000,"backtest_end":"2026-01-06 20:00:00","backtest_end_ts":1767729600000,"backtest_days":97,"backtest_run_start_ts":1767743887,"backtest_run_end_ts":1767743888,"trades_per_day":0.04,"market_change":-0.36632086436227446,"pairlist":["DOGE/USDT"],"stake_amount":"unlimited","stake_currency":"USDT","stake_currency_decimals":3,"starting_balance":1000,"dry_run_wallet":1000,"final_balance":1004.82826558,"rejected_signals":0,"timedout_entry_orders":0,"timedout_exit_orders":0,"canceled_trade_entries":0,"canceled_entry_orders":0,"replaced_entry_orders":0,"max_open_trades":1,"max_open_trades_setting":3,"timeframe":"1h","timeframe_detail":"","timerange":"20251001-","enable_protections":false,"strategy_name":"ACO_9_7","freqaimodel":null,"freqai_identifier":null,"stoploss":-0.05,"trailing_stop":false,"trailing_stop_positive":null,"trailing_stop_positive_offset":0.0,"trailing_only_offset_is_reached":false,"use_custom_stoploss":false,"minimal_roi":{"0":0.1,"60":0.05,"120":0.0},"use_exit_signal":true,"exit_profit_only":false,"exit_profit_offset":0.0,"ignore_roi_if_entry_signal":false,"trading_mode":"spot","margin_mode":"","periodic_breakdown":{"day":[{"date":"02/10/2025","date_ts":1759363200000,"profit_abs":0.96897308,"wins":1,"draws":0,"losses":0,"trades":1,"profit_factor":0.0},{"date":"03/10/2025","date_ts":1759449600000,"profit_abs":0.85435714,"wins":1,"draws":0,"losses":0,"trades":1,"profit_factor":0.0},{"date":"04/10/2025","date_ts":1759536000000,"profit_abs":0.0,"wins":0,"draws":0,"losses":0,"trades":0,"profit_factor":0.0},{"date":"05/10/2025","date_ts":1759622400000,"profit_abs":0.0,"wins":0,"draws":0,"losses":0,"trades":0,"profit_factor":0.0},{"date":"06/10/2025","date_ts":1759708800000,"profit_abs":0.0,"wins":0,"draws":0,"losses":0,"trades":0,"profit_factor":0.0},{"date":"07/10/2025","date_ts":1759795200000,"profit_abs":0.0,"wins":0,"draws":0,"losses":0,"trades":0,"profit_factor":0.0},{"date":"08/10/2025","date_ts":1759881600000,"profit_abs":0.0,"wins":0,"draws":0,"losses":0,"trades":0,"profit_factor":0.0},{"date":"09/10/2025","date_ts":1759968000000,"profit_abs":0.0,"wins":0,"draws":0,"losses":0,"trades":0,"profit_factor":0.0},{"date":"10/10/2025","date_ts":1760054400000,"profit_abs":0.0,"wins":0,"draws":0,"losses":0,"trades":0,"profit_factor":0.0},{"date":"11/10/2025","date_ts":1760140800000,"profit_abs":0.0,"wins":0,"draws":0,"losses":0,"trades":0,"profit_factor":0.0},{"date":"12/10/2025","date_ts":1760227200000,"profit_abs":0.0,"wins":0,"draws":0,"losses":0,"trades":0,"profit_factor":0.0},{"date":"13/10/2025","date_ts":1760313600000,"profit_abs":0.0,"wins":0,"draws":0,"losses":0,"trades":0,"profit_factor":0.0},{"date":"14/10/2025","date_ts":1760400000000,"profit_abs":0.0,"wins":0,"draws":0,"losses":0,"trades":0,"profit_factor":0.0},{"date":"15/10/2025","date_ts":1760486400000,"profit_abs":0.0,"wins":0,"draws":0,"losses":0,"trades":0,"profit_factor":0.0},{"date":"16/10/2025","date_ts":1760572800000,"profit_abs":3.00493536,"wins":1,"draws":0,"losses":0,"trades":1,"profit_factor":0.0},{"date":"17/10/2025","date_ts":1760659200000,"profit_abs":0.0,"wins":0,"draws":0,"losses":0,"trades":0,"profit_factor":0.0},{"date":"18/10/2025","date_ts":1760745600000,"profit_abs":0.0,"wins":0,"draws":0,"losses":0,"trades":0,"profit_factor":0.0},{"date":"19/10/2025","date_ts":1760832000000,"profit_abs":0.0,"wins":0,"draws":0,"losses":0,"trades":0,"profit_factor":0.0},{"date":"20/10/2025","date_ts":1760918400000,"profit_abs":0.0,"wins":0,"draws":0,"losses":0,"trades":0,"profit_factor":0.0},{"date":"21/10/2025","date_ts":1761004800000,"profit_abs":0.0,"wins":0,"draws":0,"losses":0,"trades":0,"profit_factor":0.0},{"date":"22/10/2025","date_ts":1761091200000,"profit_abs":0.0,"wins":0,"draws":0,"losses":0,"trades":0,"profit_factor":0.0},{"date":"23/10/2025","date_ts":1761177600000,"profit_abs":0.0,"wins":0,"draws":0,"losses":0,"trades":0,"profit_factor":0.0},{"date":"24/10/2025","date_ts":1761264000000,"profit_abs":0.0,"wins":0,"draws":0,"losses":0,"trades":0,"profit_factor":0.0},{"date":"25/10/2025","date_ts":1761350400000,"profit_abs":0.0,"wins":0,"draws":0,"losses":0,"trades":0,"profit_factor":0.0},{"date":"26/10/2025","date_ts":1761436800000,"profit_abs":0.0,"wins":0,"draws":0,"losses":0,"trades":0,"profit_factor":0.0},{"date":"27/10/2025","date_ts":1761523200000,"profit_abs":0.0,"wins":0,"draws":0,"losses":0,"trades":0,"profit_factor":0.0},{"date":"28/10/2025","date_ts":1761609600000,"profit_abs":0.0,"wins":0,"draws":0,"losses":0,"trades":0,"profit_factor":0.0},{"date":"29/10/2025","date_ts":1761696000000,"profit_abs":0.0,"wins":0,"draws":0,"losses":0,"trades":0,"profit_factor":0.0},{"date":"30/10/2025","date_ts":1761782400000,"profit_abs":0.0,"wins":0,"draws":0,"losses":0,"trades":0,"profit_factor":0.0},{"date":"31/10/2025","date_ts":1761868800000,"profit_abs":0.0,"wins":0,"draws":0,"losses":0,"trades":0,"profit_factor":0.0},{"date":"01/11/2025","date_ts":1761955200000,"profit_abs":0.0,"wins":0,"draws":0,"losses":0,"trades":0,"profit_factor":0.0},{"date":"02/11/2025","date_ts":1762041600000,"profit_abs":0.0,"wins":0,"draws":0,"losses":0,"trades":0,"profit_factor":0.0},{"date":"03/11/2025","date_ts":1762128000000,"profit_abs":0.0,"wins":0,"draws":0,"losses":0,"trades":0,"profit_factor":0.0},{"date":"04/11/2025","date_ts":1762214400000,"profit_abs":0.0,"wins":0,"draws":0,"losses":0,"trades":0,"profit_factor":0.0},{"date":"05/11/2025","date_ts":1762300800000,"profit_abs":0.0,"wins":0,"draws":0,"losses":0,"trades":0,"profit_factor":0.0},{"date":"06/11/2025","date_ts":1762387200000,"profit_abs":0.0,"wins":0,"draws":0,"losses":0,"trades":0,"profit_factor":0.0},{"date":"07/11/2025","date_ts":1762473600000,"profit_abs":0.0,"wins":0,"draws":0,"losses":0,"trades":0,"profit_factor":0.0},{"date":"08/11/2025","date_ts":1762560000000,"profit_abs":0.0,"wins":0,"draws":0,"losses":0,"trades":0,"profit_factor":0.0},{"date":"09/11/2025","date_ts":1762646400000,"profit_abs":0.0,"wins":0,"draws":0,"losses":0,"trades":0,"profit_factor":0.0},{"date":"10/11/2025","date_ts":1762732800000,"profit_abs":0.0,"wins":0,"draws":0,"losses":0,"trades":0,"profit_factor":0.0},{"date":"11/11/2025","date_ts":1762819200000,"profit_abs":0.0,"wins":0,"draws":0,"losses":0,"trades":0,"profit_factor":0.0},{"date":"12/11/2025","date_ts":1762905600000,"profit_abs":0.0,"wins":0,"draws":0,"losses":0,"trades":0,"profit_factor":0.0},{"date":"13/11/2025","date_ts":1762992000000,"profit_abs":0.0,"wins":0,"draws":0,"losses":0,"trades":0,"profit_factor":0.0},{"date":"14/11/2025","date_ts":1763078400000,"profit_abs":0.0,"wins":0,"draws":0,"losses":0,"trades":0,"profit_factor":0.0},{"date":"15/11/2025","date_ts":1763164800000,"profit_abs":0.0,"wins":0,"draws":0,"losses":0,"trades":0,"profit_factor":0.0},{"date":"16/11/2025","date_ts":1763251200000,"profit_abs":0.0,"wins":0,"draws":0,"losses":0,"trades":0,"profit_factor":0.0},{"date":"17/11/2025","date_ts":1763337600000,"profit_abs":0.0,"wins":0,"draws":0,"losses":0,"trades":0,"profit_factor":0.0},{"date":"18/11/2025","date_ts":1763424000000,"profit_abs":0.0,"wins":0,"draws":0,"losses":0,"trades":0,"profit_factor":0.0},{"date":"19/11/2025","date_ts":1763510400000,"profit_abs":0.0,"wins":0,"draws":0,"losses":0,"trades":0,"profit_factor":0.0},{"date":"20/11/2025","date_ts":1763596800000,"profit_abs":0.0,"wins":0,"draws":0,"losses":0,"trades":0,"profit_factor":0.0},{"date":"21/11/2025","date_ts":1763683200000,"profit_abs":0.0,"wins":0,"draws":0,"losses":0,"trades":0,"profit_factor":0.0},{"date":"22/11/2025","date_ts":1763769600000,"profit_abs":0.0,"wins":0,"draws":0,"losses":0,"trades":0,"profit_factor":0.0},{"date":"23/11/2025","date_ts":1763856000000,"profit_abs":0.0,"wins":0,"draws":0,"losses":0,"trades":0,"profit_factor":0.0},{"date":"24/11/2025","date_ts":1763942400000,"profit_abs":0.0,"wins":0,"draws":0,"losses":0,"trades":0,"profit_factor":0.0},{"date":"25/11/2025","date_ts":1764028800000,"profit_abs":0.0,"wins":0,"draws":0,"losses":0,"trades":0,"profit_factor":0.0},{"date":"26/11/2025","date_ts":1764115200000,"profit_abs":0.0,"wins":0,"draws":0,"losses":0,"trades":0,"profit_factor":0.0},{"date":"27/11/2025","date_ts":1764201600000,"profit_abs":0.0,"wins":0,"draws":0,"losses":0,"trades":0,"profit_factor":0.0},{"date":"28/11/2025","date_ts":1764288000000,"profit_abs":0.0,"wins":0,"draws":0,"losses":0,"trades":0,"profit_factor":0.0},{"date":"29/11/2025","date_ts":1764374400000,"profit_abs":0.0,"wins":0,"draws":0,"losses":0,"trades":0,"profit_factor":0.0},{"date":"30/11/2025","date_ts":1764460800000,"profit_abs":0.0,"wins":0,"draws":0,"losses":0,"trades":0,"profit_factor":0.0},{"date":"01/12/2025","date_ts":1764547200000,"profit_abs":0.0,"wins":0,"draws":0,"losses":0,"trades":0,"profit_factor":0.0},{"date":"02/12/2025","date_ts":1764633600000,"profit_abs":0.0,"wins":0,"draws":0,"losses":0,"trades":0,"profit_factor":0.0},{"date":"03/12/2025","date_ts":1764720000000,"profit_abs":0.0,"wins":0,"draws":0,"losses":0,"trades":0,"profit_factor":0.0},{"date":"04/12/2025","date_ts":1764806400000,"profit_abs":0.0,"wins":0,"draws":0,"losses":0,"trades":0,"profit_factor":0.0},{"date":"05/12/2025","date_ts":1764892800000,"profit_abs":0.0,"wins":0,"draws":0,"losses":0,"trades":0,"profit_factor":0.0},{"date":"06/12/2025","date_ts":1764979200000,"profit_abs":0.0,"wins":0,"draws":0,"losses":0,"trades":0,"profit_factor":0.0},{"date":"07/12/2025","date_ts":1765065600000,"profit_abs":0.0,"wins":0,"draws":1,"losses":0,"trades":1,"profit_factor":0.0}],"week":[{"date":"06/10/2025","date_ts":1759708800000,"profit_abs":1.82333022,"wins":2,"draws":0,"losses":0,"trades":2,"profit_factor":0.0},{"date":"13/10/2025","date_ts":1760313600000,"profit_abs":0.0,"wins":0,"draws":0,"losses":0,"trades":0,"profit_factor":0.0},{"date":"20/10/2025","date_ts":1760918400000,"profit_abs":3.00493536,"wins":1,"draws":0,"losses":0,"trades":1,"profit_factor":0.0},{"date":"27/10/2025","date_ts":1761523200000,"profit_abs":0.0,"wins":0,"draws":0,"losses":0,"trades":0,"profit_factor":0.0},{"date":"03/11/2025","date_ts":1762128000000,"profit_abs":0.0,"wins":0,"draws":0,"losses":0,"trades":0,"profit_factor":0.0},{"date":"10/11/2025","date_ts":1762732800000,"profit_abs":0.0,"wins":0,"draws":0,"losses":0,"trades":0,"profit_factor":0.0},{"date":"17/11/2025","date_ts":1763337600000,"profit_abs":0.0,"wins":0,"draws":0,"losses":0,"trades":0,"profit_factor":0.0},{"date":"24/11/2025","date_ts":1763942400000,"profit_abs":0.0,"wins":0,"draws":0,"losses":0,"trades":0,"profit_factor":0.0},{"date":"01/12/2025","date_ts":1764547200000,"profit_abs":0.0,"wins":0,"draws":0,"losses":0,"trades":0,"profit_factor":0.0},{"date":"08/12/2025","date_ts":1765152000000,"profit_abs":0.0,"wins":0,"draws":1,"losses":0,"trades":1,"profit_factor":0.0}],"month":[{"date":"31/10/2025","date_ts":1761868800000,"profit_abs":4.82826558,"wins":3,"draws":0,"losses":0,"trades":3,"profit_factor":0.0},{"date":"30/11/2025","date_ts":1764460800000,"profit_abs":0.0,"wins":0,"draws":0,"losses":0,"trades":0,"profit_factor":0.0},{"date":"31/12/2025","date_ts":1767139200000,"profit_abs":0.0,"wins":0,"draws":1,"losses":0,"trades":1,"profit_factor":0.0}],"year":[{"date":"31/12/2025","date_ts":1767139200000,"profit_abs":4.82826558,"wins":3,"draws":1,"losses":0,"trades":4,"profit_factor":0.0}],"weekday":[{"date":"Thursday","date_ts":3,"profit_abs":3.97390844,"wins":2,"draws":0,"losses":0,"trades":2,"profit_factor":0.0},{"date":"Friday","date_ts":4,"profit_abs":0.85435714,"wins":1,"draws":0,"losses":0,"trades":1,"profit_factor":0.0},{"date":"Sunday","date_ts":6,"profit_abs":0.0,"wins":0,"draws":1,"losses":0,"trades":1,"profit_factor":0.0}]},"backtest_best_day":0.009083073986677499,"backtest_worst_day":0.0,"backtest_best_day_abs":3.00493536,"backtest_worst_day_abs":0.0,"winning_days":3,"draw_days":64,"losing_days":0,"daily_profit":[["2025-10-02",0.96897308],["2025-10-03",0.85435714],["2025-10-04",0.0],["2025-10-05",0.0],["2025-10-06",0.0],["2025-10-07",0.0],["2025-10-08",0.0],["2025-10-09",0.0],["2025-10-10",0.0],["2025-10-11",0.0],["2025-10-12",0.0],["2025-10-13",0.0],["2025-10-14",0.0],["2025-10-15",0.0],["2025-10-16",3.00493536],["2025-10-17",0.0],["2025-10-18",0.0],["2025-10-19",0.0],["2025-10-20",0.0],["2025-10-21",0.0],["2025-10-22",0.0],["2025-10-23",0.0],["2025-10-24",0.0],["2025-10-25",0.0],["2025-10-26",0.0],["2025-10-27",0.0],["2025-10-28",0.0],["2025-10-29",0.0],["2025-10-30",0.0],["2025-10-31",0.0],["2025-11-01",0.0],["2025-11-02",0.0],["2025-11-03",0.0],["2025-11-04",0.0],["2025-11-05",0.0],["2025-11-06",0.0],["2025-11-07",0.0],["2025-11-08",0.0],["2025-11-09",0.0],["2025-11-10",0.0],["2025-11-11",0.0],["2025-11-12",0.0],["2025-11-13",0.0],["2025-11-14",0.0],["2025-11-15",0.0],["2025-11-16",0.0],["2025-11-17",0.0],["2025-11-18",0.0],["2025-11-19",0.0],["2025-11-20",0.0],["2025-11-21",0.0],["2025-11-22",0.0],["2025-11-23",0.0],["2025-11-24",0.0],["2025-11-25",0.0],["2025-11-26",0.0],["2025-11-27",0.0],["2025-11-28",0.0],["2025-11-29",0.0],["2025-11-30",0.0],["2025-12-01",0.0],["2025-12-02",0.0],["2025-12-03",0.0],["2025-12-04",0.0],["2025-12-05",0.0],["2025-12-06",0.0],["2025-12-07",0.0]],"wins":3,"losses":0,"draws":1,"winrate":0.75,"holding_avg":"2:00:00","holding_avg_s":7200.0,"winner_holding_min":"0d 02:00","winner_holding_min_s":7200.0,"winner_holding_max":"0d 02:00","winner_holding_max_s":7200.0,"winner_holding_avg":"0d 02:00","winner_holding_avg_s":7200.0,"loser_holding_min":"0d 00:00","loser_holding_min_s":0.0,"loser_holding_max":"0d 00:00","loser_holding_max_s":0.0,"loser_holding_avg":"0d 00:00","loser_holding_avg_s":0.0,"max_consecutive_wins":3,"max_consecutive_losses":1,"max_drawdown_account":0.0,"max_relative_drawdown":0.0,"max_drawdown_abs":0.0,"drawdown_start":"2025-10-02 18:00:00","drawdown_start_ts":1759428000000.0,"drawdown_end":"2025-10-02 18:00:00","drawdown_end_ts":1759428000000.0,"drawdown_duration":"0 days 00:00:00","drawdown_duration_s":0.0,"max_drawdown_low":0.0,"max_drawdown_high":0.0,"csum_min":1000.96897308,"csum_max":1004.82826558}},"strategy_comparison":[{"key":"ACO_9_7","trades":4,"profit_mean":0.0036506981196032205,"profit_mean_pct":0.37,"profit_total_abs":4.82826558,"profit_total":0.00482826558,"profit_total_pct":0.48,"duration_avg":"2:00:00","wins":3,"draws":1,"losses":0,"winrate":0.75,"cagr":0.018289741526356984,"expectancy":1.207066395,"expectancy_ratio":100.0,"sortino":-100,"sharpe":0.8618109297747467,"calmar":-100,"sqn":1.8947,"profit_factor":0.0,"max_drawdown_account":0.0,"max_drawdown_abs":"0"}]}