{"strategy":{"ACO_4_1":{"trades":[{"pair":"DOGE/USDT","stake_amount":329.9104,"max_stake_amount":329.9104,"amount":1310.0,"open_date":"2025-10-05 02:00:00+00:00","close_date":"2025-10-05 04:00:00+00:00","open_rate":0.25184,"close_rate":0.25833,"fee_open":0.001,"fee_close":0.001,"trade_duration":120,"profit_ratio":0.02372083919892052,"profit_abs":7.8335773,"exit_reason":"roi","initial_stop_loss_abs":0.23925,"initial_stop_loss_ratio":-0.05,"stop_loss_abs":0.23925,"stop_loss_ratio":-0.05,"min_rate":0.25133,"max_rate":0.26398,"is_open":false,"enter_tag":"","leverage":1.0,"is_short":false,"open_timestamp":1759629600000,"close_timestamp":1759636800000,"orders":[{"amount":1310.0,"safe_price":0.25184,"ft_order_side":"buy","order_filled_timestamp":1759629600000,"ft_is_entry":true,"ft_order_tag":"","cost":330.2403104},{"amount":1310.0,"safe_price":0.25833,"ft_order_side":"sell","order_filled_timestamp":1759636800000,"ft_is_entry":false,"ft_order_tag":"roi","cost":338.7507123}],"funding_fees":0.0,"weekday":6},{"pair":"DOGE/USDT","stake_amount":332.43019,"max_stake_amount":332.43019,"amount":1711.0,"open_date":"2025-10-19 11:00:00+00:00","close_date":"2025-10-19 13:00:00+00:00","open_rate":0.19429,"close_rate":0.19467896896896894,"fee_open":0.001,"fee_close":0.001,"trade_duration":120,"profit_ratio":0.0,"profit_abs":0.0,"exit_reason":"roi","initial_stop_loss_abs":0.18458,"initial_stop_loss_ratio":-0.05,"stop_loss_abs":0.18458,"stop_loss_ratio":-0.05,"min_rate":0.19259,"max_rate":0.19805,"is_open":false,"enter_tag":"","leverage":1.0,"is_short":false,"open_timestamp":1760871600000,"close_timestamp":1760878800000,"orders":[{"amount":1711.0,"safe_price":0.19429,"ft_order_side":"buy","order_filled_timestamp":1760871600000,"ft_is_entry":true,"ft_order_tag":"","cost":332.76262018999995},{"amount":1711.0,"safe_price":0.19467896896896894,"ft_order_side":"sell","order_filled_timestamp":1760878800000,"ft_is_entry":false,"ft_order_tag":"roi","cost":333.42881162181175}],"funding_fees":0.0,"weekday":6},{"pair":"DOGE/USDT","stake_amount":332.57744,"max_stake_amount":332.57744,"amount":1651.0,"open_date":"2025-10-28 17:00:00+00:00","close_date":"2025-10-28 21:00:00+00:00","open_rate":0.20144,"close_rate":0.19137,"fee_open":0.001,"fee_close":0.001,"trade_duration":240,"profit_ratio":-0.0518881932205999,"profit_abs":-17.27409931,"exit_reason":"stop_loss","initial_stop_loss_abs":0.19137,"initial_stop_loss_ratio":-0.05,"stop_loss_abs":0.19137,"stop_loss_ratio":-0.05,"min_rate":0.19006,"max_rate":0.2025,"is_open":false,"enter_tag":"","leverage":1.0,"is_short":false,"open_timestamp":1761670800000,"close_timestamp":1761685200000,"orders":[{"amount":1651.0,"safe_price":0.20144,"ft_order_side":"buy","order_filled_timestamp":1761670800000,"ft_is_entry":true,"ft_order_tag":"","cost":332.91001744},{"amount":1651.0,"safe_price":0.19137,"ft_order_side":"sell","order_filled_timestamp":1761685200000,"ft_is_entry":false,"ft_order_tag":"stop_loss","cost":316.26782187000003}],"funding_fees":0.0,"weekday":1},{"pair":"DOGE/USDT","stake_amount":326.75678,"max_stake_amount":326.75678,"amount":1994.0,"open_date":"2025-11-16 04:00:00+00:00","close_date":"2025-11-16 08:00:00+00:00","open_rate":0.16387,"close_rate":0.16419806806806803,"fee_open":0.001,"fee_close":0.001,"trade_duration":240,"profit_ratio":0.0,"profit_abs":0.0,"exit_reason":"roi","initial_stop_loss_abs":0.15568,"initial_stop_loss_ratio":-0.05,"stop_loss_abs":0.15568,"stop_loss_ratio":-0.05,"min_rate":0.16271,"max_rate":0.16445,"is_open":false,"enter_tag":"","leverage":1.0,"is_short":false,"open_timestamp":1763265600000,"close_timestamp":1763280000000,"orders":[{"amount":1994.0,"safe_price":0.16387,"ft_order_side":"buy","order_filled_timestamp":1763265600000,"ft_is_entry":true,"ft_order_tag":"","cost":327.08353678},{"amount":1994.0,"safe_price":0.16419806806806803,"ft_order_side":"sell","order_filled_timestamp":1763280000000,"ft_is_entry":false,"ft_order_tag":"roi","cost":327.73835867545534}],"funding_fees":0.0,"weekday":6},{"pair":"DOGE/USDT","stake_amount":326.79988,"max_stake_amount":326.79988,"amount":2066.0,"open_date":"2025-11-20 03:00:00+00:00","close_date":"2025-11-20 05:00:00+00:00","open_rate":0.15818,"close_rate":0.15849667667667663,"fee_open":0.001,"fee_close":0.001,"trade_duration":120,"profit_ratio":0.0,"profit_abs":0.0,"exit_reason":"roi","initial_stop_loss_abs":0.15028,"initial_stop_loss_ratio":-0.05,"stop_loss_abs":0.15028,"stop_loss_ratio":-0.05,"min_rate":0.15682,"max_rate":0.15882,"is_open":false,"enter_tag":"","leverage":1.0,"is_short":false,"open_timestamp":1763607600000,"close_timestamp":1763614800000,"orders":[{"amount":2066.0,"safe_price":0.15818,"ft_order_side":"buy","order_filled_timestamp":1763607600000,"ft_is_entry":true,"ft_order_tag":"","cost":327.1266798799999},{"amount":2066.0,"safe_price":0.15849667667667663,"ft_order_side":"sell","order_filled_timestamp":1763614800000,"ft_is_entry":false,"ft_order_tag":"roi","cost":327.7815881480279}],"funding_fees":0.0,"weekday":3},{"pair":"DOGE/USDT","stake_amount":326.87727,"max_stake_amount":326.87727,"amount":2099.0,"open_date":"2025-11-26 18:00:00+00:00","close_date":"2025-11-26 20:00:00+00:00","open_rate":0.15573,"close_rate":0.15604177177177178,"fee_open":0.001,"fee_close":0.001,"trade_duration":120,"profit_ratio":0.0,"profit_abs":0.0,"exit_reason":"roi","initial_stop_loss_abs":0.14795,"initial_stop_loss_ratio":-0.05,"stop_loss_abs":0.14795,"stop_loss_ratio":-0.05,"min_rate":0.15507,"max_rate":0.15681,"is_open":false,"enter_tag":"","leverage":1.0,"is_short":false,"open_timestamp":1764180000000,"close_timestamp":1764187200000,"orders":[{"amount":2099.0,"safe_price":0.15573,"ft_order_side":"buy","order_filled_timestamp":1764180000000,"ft_is_entry":true,"ft_order_tag":"","cost":327.20414726999996},{"amount":2099.0,"safe_price":0.15604177177177178,"ft_order_side":"sell","order_filled_timestamp":1764187200000,"ft_is_entry":false,"ft_order_tag":"roi","cost":327.8592106278979}],"funding_fees":0.0,"weekday":2},{"pair":"DOGE/USDT","stake_amount":326.8074,"max_stake_amount":326.8074,"amount":2118.0,"open_date":"2025-11-27 21:00:00+00:00","close_date":"2025-11-28 15:00:00+00:00","open_rate":0.1543,"close_rate":0.1546089089089089,"fee_open":0.001,"fee_close":0.001,"trade_duration":1080,"profit_ratio":0.0,"profit_abs":0.0,"exit_reason":"roi","initial_stop_loss_abs":0.14659,"initial_stop_loss_ratio":-0.05,"stop_loss_abs":0.14659,"stop_loss_ratio":-0.05,"min_rate":0.14961,"max_rate":0.15554,"is_open":false,"enter_tag":"","leverage":1.0,"is_short":false,"open_timestamp":1764277200000,"close_timestamp":1764342000000,"orders":[{"amount":2118.0,"safe_price":0.1543,"ft_order_side":"buy","order_filled_timestamp":1764277200000,"ft_is_entry":true,"ft_order_tag":"","cost":327.1342073999999},{"amount":2118.0,"safe_price":0.1546089089089089,"ft_order_side":"sell","order_filled_timestamp":1764342000000,"ft_is_entry":false,"ft_order_tag":"roi","cost":327.78913073813806}],"funding_fees":0.0,"weekday":4},{"pair":"DOGE/USDT","stake_amount":326.8512,"max_stake_amount":326.8512,"amount":2340.0,"open_date":"2025-12-06 12:00:00+00:00","close_date":"2025-12-06 14:00:00+00:00","open_rate":0.13968,"close_rate":0.13995963963963962,"fee_open":0.001,"fee_close":0.001,"trade_duration":120,"profit_ratio":0.0,"profit_abs":0.0,"exit_reason":"roi","initial_stop_loss_abs":0.1327,"initial_stop_loss_ratio":-0.05,"stop_loss_abs":0.1327,"stop_loss_ratio":-0.05,"min_rate":0.13926,"max_rate":0.14076,"is_open":false,"enter_tag":"","leverage":1.0,"is_short":false,"open_timestamp":1765022400000,"close_timestamp":1765029600000,"orders":[{"amount":2340.0,"safe_price":0.13968,"ft_order_side":"buy","order_filled_timestamp":1765022400000,"ft_is_entry":true,"ft_order_tag":"","cost":327.17805119999997},{"amount":2340.0,"safe_price":0.13995963963963962,"ft_order_side":"sell","order_filled_timestamp":1765029600000,"ft_is_entry":false,"ft_order_tag":"roi","cost":327.8330623135134}],"funding_fees":0.0,"weekday":5},{"pair":"DOGE/USDT","stake_amount":326.8342,"max_stake_amount":326.8342,"amount":2234.0,"open_date":"2025-12-09 16:00:00+00:00","close_date":"2025-12-09 18:00:00+00:00","open_rate":0.1463,"close_rate":0.15095,"fee_open":0.001,"fee_close":0.001,"trade_duration":120,"profit_ratio":0.029722498963783994,"profit_abs":9.7240435,"exit_reason":"roi","initial_stop_loss_abs":0.13899,"initial_stop_loss_ratio":-0.05,"stop_loss_abs":0.13899,"stop_loss_ratio":-0.05,"min_rate":0.1463,"max_rate":0.15319,"is_open":false,"enter_tag":"","leverage":1.0,"is_short":false,"open_timestamp":1765296000000,"close_timestamp":1765303200000,"orders":[{"amount":2234.0,"safe_price":0.1463,"ft_order_side":"buy","order_filled_timestamp":1765296000000,"ft_is_entry":true,"ft_order_tag":"","cost":327.16103419999996},{"amount":2234.0,"safe_price":0.15095,"ft_order_side":"sell","order_filled_timestamp":1765303200000,"ft_is_entry":false,"ft_order_tag":"roi","cost":337.55952229999997}],"funding_fees":0.0,"weekday":1},{"pair":"DOGE/USDT","stake_amount":330.01728,"max_stake_amount":330.01728,"amount":2328.0,"open_date":"2025-12-11 22:00:00+00:00","close_date":"2025-12-12 16:00:00+00:00","open_rate":0.14176,"close_rate":0.13468,"fee_open":0.001,"fee_close":0.001,"trade_duration":1080,"profit_ratio":-0.051841781243587105,"profit_abs":-17.12579232,"exit_reason":"stop_loss","initial_stop_loss_abs":0.13468,"initial_stop_loss_ratio":-0.05,"stop_loss_abs":0.13468,"stop_loss_ratio":-0.05,"min_rate":0.13428,"max_rate":0.14225,"is_open":false,"enter_tag":"","leverage":1.0,"is_short":false,"open_timestamp":1765490400000,"close_timestamp":1765555200000,"orders":[{"amount":2328.0,"safe_price":0.14176,"ft_order_side":"buy","order_filled_timestamp":1765490400000,"ft_is_entry":true,"ft_order_tag":"","cost":330.3472972799999},{"amount":2328.0,"safe_price":0.13468,"ft_order_side":"sell","order_filled_timestamp":1765555200000,"ft_is_entry":false,"ft_order_tag":"stop_loss","cost":313.84857503999996}],"funding_fees":0.0,"weekday":4},{"pair":"DOGE/USDT","stake_amount":324.36762,"max_stake_amount":324.36762,"amount":2622.0,"open_date":"2025-12-30 08:00:00+00:00","close_date":"2025-12-30 10:00:00+00:00","open_rate":0.12371,"close_rate":0.12459,"fee_open":0.001,"fee_close":0.001,"trade_duration":120,"profit_ratio":0.005101195789094908,"profit_abs":1.6563174,"exit_reason":"roi","initial_stop_loss_abs":0.11753,"initial_stop_loss_ratio":-0.05,"stop_loss_abs":0.11753,"stop_loss_ratio":-0.05,"min_rate":0.12371,"max_rate":0.12525,"is_open":false,"enter_tag":"","leverage":1.0,"is_short":false,"open_timestamp":1767081600000,"close_timestamp":1767088800000,"orders":[{"amount":2622.0,"safe_price":0.12371,"ft_order_side":"buy","order_filled_timestamp":1767081600000,"ft_is_entry":true,"ft_order_tag":"","cost":324.69198761999996},{"amount":2622.0,"safe_price":0.12459,"ft_order_side":"sell","order_filled_timestamp":1767088800000,"ft_is_entry":false,"ft_order_tag":"roi","cost":327.00165497999996}],"funding_fees":0.0,"weekday":1}],"locks":[],"best_pair":{"key":"DOGE/USDT","trades":11,"profit_mean":-0.004107767319307961,"profit_mean_pct":-0.41,"profit_total_abs":-15.185953429999996,"profit_total":-0.015185953429999996,"profit_total_pct":-1.52,"duration_avg":"5:16:00","wins":3,"draws":6,"losses":2,"winrate":0.2727272727272727,"cagr":-0.05595491038425249,"expectancy":-1.3805412209090906,"expectancy_ratio":-0.6257188227818105,"sortino":-40.33528562792752,"sharpe":-0.36731093994759856,"calmar":-12.216125799473618,"sqn":-0.5361,"profit_factor":0.5585464747000426,"max_drawdown_account":0.024484050428352368,"max_drawdown_abs":24.67584813},"worst_pair":{"key":"DOGE/USDT","trades":11,"profit_mean":-0.004107767319307961,"profit_mean_pct":-0.41,"profit_total_abs":-15.185953429999996,"profit_total":-0.015185953429999996,"profit_total_pct":-1.52,"duration_avg":"5:16:00","wins":3,"draws":6,"losses":2,"winrate":0.2727272727272727,"cagr":-0.05595491038425249,"expectancy":-1.3805412209090906,"expectancy_ratio":-0.6257188227818105,"sortino":-40.33528562792752,"sharpe":-0.36731093994759856,"calmar":-12.216125799473618,"sqn":-0.5361,"profit_factor":0.5585464747000426,"max_drawdown_account":0.024484050428352368,"max_drawdown_abs":24.67584813},"results_per_pair":[{"key":"DOGE/USDT","trades":11,"profit_mean":-0.004107767319307961,"profit_mean_pct":-0.41,"profit_total_abs":-15.185953429999996,"profit_total":-0.015185953429999996,"profit_total_pct":-1.52,"duration_avg":"5:16:00","wins":3,"draws":6,"losses":2,"winrate":0.2727272727272727,"cagr":-0.05595491038425249,"expectancy":-1.3805412209090906,"expectancy_ratio":-0.6257188227818105,"sortino":-40.33528562792752,"sharpe":-0.36731093994759856,"calmar":-12.216125799473618,"sqn":-0.5361,"profit_factor":0.5585464747000426,"max_drawdown_account":0.024484050428352368,"max_drawdown_abs":24.67584813},{"key":"TOTAL","trades":11,"profit_mean":-0.004107767319307961,"profit_mean_pct":-0.41,"profit_total_abs":-15.185953429999996,"profit_total":-0.015185953429999996,"profit_total_pct":-1.52,"duration_avg":"5:16:00","wins":3,"draws":6,"losses":2,"winrate":0.2727272727272727,"cagr":-0.05595491038425249,"expectancy":-1.3805412209090906,"expectancy_ratio":-0.6257188227818105,"sortino":-40.33528562792752,"sharpe":-0.36731093994759856,"calmar":-12.216125799473618,"sqn":-0.5361,"profit_factor":0.5585464747000426,"max_drawdown_account":0.024484050428352368,"max_drawdown_abs":24.67584813}],"results_per_enter_tag":[{"key":"","trades":11,"profit_mean":-0.004107767319307961,"profit_mean_pct":-0.41,"profit_total_abs":-15.185953429999996,"profit_total":-0.015185953429999996,"profit_total_pct":-1.52,"duration_avg":"5:16:00","wins":3,"draws":6,"losses":2,"winrate":0.2727272727272727,"cagr":-0.05595491038425249,"expectancy":-1.3805412209090906,"expectancy_ratio":-0.6257188227818105,"sortino":-40.33528562792752,"sharpe":-0.36731093994759856,"calmar":-12.216125799473618,"sqn":-0.5361,"profit_factor":0.5585464747000426,"max_drawdown_account":0.024484050428352368,"max_drawdown_abs":24.67584813},{"key":"TOTAL","trades":11,"profit_mean":-0.004107767319307961,"profit_mean_pct":-0.41,"profit_total_abs":-15.185953429999996,"profit_total":-0.015185953429999996,"profit_total_pct":-1.52,"duration_avg":"5:16:00","wins":3,"draws":6,"losses":2,"winrate":0.2727272727272727,"cagr":-0.05595491038425249,"expectancy":-1.3805412209090906,"expectancy_ratio":-0.6257188227818105,"sortino":-40.33528562792752,"sharpe":-0.36731093994759856,"calmar":-12.216125799473618,"sqn":-0.5361,"profit_factor":0.5585464747000426,"max_drawdown_account":0.024484050428352368,"max_drawdown_abs":24.67584813}],"exit_reason_summary":[{"key":"roi","trades":9,"profit_mean":0.006504948216866602,"profit_mean_pct":0.65,"profit_total_abs":19.2139382,"profit_total":0.019213938200000003,"profit_total_pct":1.92,"duration_avg":"4:00:00","wins":3,"draws":6,"losses":0,"winrate":0.3333333333333333,"cagr":0.07424067027720094,"expectancy":2.1348820222222225,"expectancy_ratio":100.0,"sortino":-100,"sharpe":1.0467043610935998,"calmar":-100,"sqn":1.6701,"profit_factor":0.0,"max_drawdown_account":0.0,"max_drawdown_abs":0.0},{"key":"stop_loss","trades":2,"profit_mean":-0.0518649872320935,"profit_mean_pct":-5.19,"profit_total_abs":-34.39989163,"profit_total":-0.03439989163,"profit_total_pct":-3.44,"duration_avg":"11:00:00","wins":0,"draws":0,"losses":2,"winrate":0.0,"cagr":-0.12341509877720003,"expectancy":-17.199945815,"expectancy_ratio":-1.0,"sortino":-91.36926837433369,"sharpe":-91.36926837433369,"calmar":-19.6958486335493,"sqn":-231.9506,"profit_factor":0.0,"max_drawdown_account":0.03439989162999996,"max_drawdown_abs":34.39989163},{"key":"TOTAL","trades":11,"profit_mean":-0.004107767319307961,"profit_mean_pct":-0.41,"profit_total_abs":-15.185953429999996,"profit_total":-0.015185953429999996,"profit_total_pct":-1.52,"duration_avg":"5:16:00","wins":3,"draws":6,"losses":2,"winrate":0.2727272727272727,"cagr":-0.05595491038425249,"expectancy":-1.3805412209090906,"expectancy_ratio":-0.6257188227818105,"sortino":-40.33528562792752,"sharpe":-0.36731093994759856,"calmar":-12.216125799473618,"sqn":-0.5361,"profit_factor":0.5585464747000426,"max_drawdown_account":0.024484050428352368,"max_drawdown_abs":24.67584813}],"mix_tag_stats":[{"key":["","roi"],"trades":9,"profit_mean":0.006504948216866602,"profit_mean_pct":0.65,"profit_total_abs":19.2139382,"profit_total":0.019213938200000003,"profit_total_pct":1.92,"duration_avg":"4:00:00","wins":3,"draws":6,"losses":0,"winrate":0.3333333333333333,"cagr":0.07424067027720094,"expectancy":2.1348820222222225,"expectancy_ratio":100.0,"sortino":-100,"sharpe":1.0467043610935998,"calmar":-100,"sqn":1.6701,"profit_factor":0.0,"max_drawdown_account":0.0,"max_drawdown_abs":0.0},{"key":["","stop_loss"],"trades":2,"profit_mean":-0.0518649872320935,"profit_mean_pct":-5.19,"profit_total_abs":-34.39989163,"profit_total":-0.03439989163,"profit_total_pct":-3.44,"duration_avg":"11:00:00","wins":0,"draws":0,"losses":2,"winrate":0.0,"cagr":-0.12341509877720003,"expectancy":-17.199945815,"expectancy_ratio":-1.0,"sortino":-91.36926837433369,"sharpe":-91.36926837433369,"calmar":-19.6958486335493,"sqn":-231.9506,"profit_factor":0.0,"max_drawdown_account":0.03439989162999996,"max_drawdown_abs":34.39989163},{"key":"TOTAL","trades":11,"profit_mean":-0.004107767319307961,"profit_mean_pct":-0.41,"profit_total_abs":-15.185953429999996,"profit_total":-0.015185953429999996,"profit_total_pct":-1.52,"duration_avg":"5:16:00","wins":3,"draws":6,"losses":2,"winrate":0.2727272727272727,"cagr":-0.05595491038425249,"expectancy":-1.3805412209090906,"expectancy_ratio":-0.6257188227818105,"sortino":-40.33528562792752,"sharpe":-0.36731093994759856,"calmar":-12.216125799473618,"sqn":-0.5361,"profit_factor":0.5585464747000426,"max_drawdown_account":0.024484050428352368,"max_drawdown_abs":24.67584813}],"left_open_trades":[{"key":"TOTAL","trades":0,"profit_mean":0.0,"profit_mean_pct":0.0,"profit_total_abs":0.0,"profit_total":0.0,"profit_total_pct":0.0,"duration_avg":"0:00","wins":0,"draws":0,"losses":0,"winrate":0.0,"cagr":0.0,"expectancy":0.0,"expectancy_ratio":100.0,"sortino":0,"sharpe":0,"calmar":0,"sqn":0.0,"profit_factor":0.0,"max_drawdown_account":0.0,"max_drawdown_abs":0.0}],"total_trades":11,"trade_count_long":11,"trade_count_short":0,"total_volume":7219.698338274844,"avg_stake_amount":328.20269636363633,"profit_mean":-0.004107767319307961,"profit_median":0.0,"profit_total":-0.015185953429999996,"profit_total_long":-0.015185953429999996,"profit_total_short":0.0,"profit_total_abs":-15.185953429999996,"profit_total_long_abs":-15.185953429999996,"profit_total_short_abs":0.0,"cagr":-0.05595491038425249,"expectancy":-1.3805412209090906,"expectancy_ratio":-0.6257188227818105,"sortino":-40.33528562792752,"sharpe":-0.36731093994759856,"calmar":-12.216125799473618,"sqn":-0.5361,"profit_factor":0.5585464747000426,"backtest_start":"2025-10-01 00:00:00","backtest_start_ts":1759276800000,"backtest_end":"2026-01-06 20:00:00","backtest_end_ts":1767729600000,"backtest_days":97,"backtest_run_start_ts":1767743743,"backtest_run_end_ts":1767743743,"trades_per_day":0.11,"market_change":-0.36632086436227446,"pairlist":["DOGE/USDT"],"stake_amount":"unlimited","stake_currency":"USDT","stake_currency_decimals":3,"starting_balance":1000,"dry_run_wallet":1000,"final_balance":984.81404657,"rejected_signals":0,"timedout_entry_orders":0,"timedout_exit_orders":0,"canceled_trade_entries":0,"canceled_entry_orders":0,"replaced_entry_orders":0,"max_open_trades":1,"max_open_trades_setting":3,"timeframe":"1h","timeframe_detail":"","timerange":"20251001-","enable_protections":false,"strategy_name":"ACO_4_1","freqaimodel":null,"freqai_identifier":null,"stoploss":-0.05,"trailing_stop":false,"trailing_stop_positive":null,"trailing_stop_positive_offset":0.0,"trailing_only_offset_is_reached":false,"use_custom_stoploss":false,"minimal_roi":{"0":0.1,"60":0.05,"120":0.0},"use_exit_signal":true,"exit_profit_only":false,"exit_profit_offset":0.0,"ignore_roi_if_entry_signal":false,"trading_mode":"spot","margin_mode":"","periodic_breakdown":{"day":[{"date":"05/10/2025","date_ts":1759622400000,"profit_abs":7.8335773,"wins":1,"draws":0,"losses":0,"trades":1,"profit_factor":0.0},{"date":"06/10/2025","date_ts":1759708800000,"profit_abs":0.0,"wins":0,"draws":0,"losses":0,"trades":0,"profit_factor":0.0},{"date":"07/10/2025","date_ts":1759795200000,"profit_abs":0.0,"wins":0,"draws":0,"losses":0,"trades":0,"profit_factor":0.0},{"date":"08/10/2025","date_ts":1759881600000,"profit_abs":0.0,"wins":0,"draws":0,"losses":0,"trades":0,"profit_factor":0.0},{"date":"09/10/2025","date_ts":1759968000000,"profit_abs":0.0,"wins":0,"draws":0,"losses":0,"trades":0,"profit_factor":0.0},{"date":"10/10/2025","date_ts":1760054400000,"profit_abs":0.0,"wins":0,"draws":0,"losses":0,"trades":0,"profit_factor":0.0},{"date":"11/10/2025","date_ts":1760140800000,"profit_abs":0.0,"wins":0,"draws":0,"losses":0,"trades":0,"profit_factor":0.0},{"date":"12/10/2025","date_ts":1760227200000,"profit_abs":0.0,"wins":0,"draws":0,"losses":0,"trades":0,"profit_factor":0.0},{"date":"13/10/2025","date_ts":1760313600000,"profit_abs":0.0,"wins":0,"draws":0,"losses":0,"trades":0,"profit_factor":0.0},{"date":"14/10/2025","date_ts":1760400000000,"profit_abs":0.0,"wins":0,"draws":0,"losses":0,"trades":0,"profit_factor":0.0},{"date":"15/10/2025","date_ts":1760486400000,"profit_abs":0.0,"wins":0,"draws":0,"losses":0,"trades":0,"profit_factor":0.0},{"date":"16/10/2025","date_ts":1760572800000,"profit_abs":0.0,"wins":0,"draws":0,"losses":0,"trades":0,"profit_factor":0.0},{"date":"17/10/2025","date_ts":1760659200000,"profit_abs":0.0,"wins":0,"draws":0,"losses":0,"trades":0,"profit_factor":0.0},{"date":"18/10/2025","date_ts":1760745600000,"profit_abs":0.0,"wins":0,"draws":0,"losses":0,"trades":0,"profit_factor":0.0},{"date":"19/10/2025","date_ts":1760832000000,"profit_abs":0.0,"wins":0,"draws":1,"losses":0,"trades":1,"profit_factor":0.0},{"date":"20/10/2025","date_ts":1760918400000,"profit_abs":0.0,"wins":0,"draws":0,"losses":0,"trades":0,"profit_factor":0.0},{"date":"21/10/2025","date_ts":1761004800000,"profit_abs":0.0,"wins":0,"draws":0,"losses":0,"trades":0,"profit_factor":0.0},{"date":"22/10/2025","date_ts":1761091200000,"profit_abs":0.0,"wins":0,"draws":0,"losses":0,"trades":0,"profit_factor":0.0},{"date":"23/10/2025","date_ts":1761177600000,"profit_abs":0.0,"wins":0,"draws":0,"losses":0,"trades":0,"profit_factor":0.0},{"date":"24/10/2025","date_ts":1761264000000,"profit_abs":0.0,"wins":0,"draws":0,"losses":0,"trades":0,"profit_factor":0.0},{"date":"25/10/2025","date_ts":1761350400000,"profit_abs":0.0,"wins":0,"draws":0,"losses":0,"trades":0,"profit_factor":0.0},{"date":"26/10/2025","date_ts":1761436800000,"profit_abs":0.0,"wins":0,"draws":0,"losses":0,"trades":0,"profit_factor":0.0},{"date":"27/10/2025","date_ts":1761523200000,"profit_abs":0.0,"wins":0,"draws":0,"losses":0,"trades":0,"profit_factor":0.0},{"date":"28/10/2025","date_ts":1761609600000,"profit_abs":-17.27409931,"wins":0,"draws":0,"losses":1,"trades":1,"profit_factor":0.0},{"date":"29/10/2025","date_ts":1761696000000,"profit_abs":0.0,"wins":0,"draws":0,"losses":0,"trades":0,"profit_factor":0.0},{"date":"30/10/2025","date_ts":1761782400000,"profit_abs":0.0,"wins":0,"draws":0,"losses":0,"trades":0,"profit_factor":0.0},{"date":"31/10/2025","date_ts":1761868800000,"profit_abs":0.0,"wins":0,"draws":0,"losses":0,"trades":0,"profit_factor":0.0},{"date":"01/11/2025","date_ts":1761955200000,"profit_abs":0.0,"wins":0,"draws":0,"losses":0,"trades":0,"profit_factor":0.0},{"date":"02/11/2025","date_ts":1762041600000,"profit_abs":0.0,"wins":0,"draws":0,"losses":0,"trades":0,"profit_factor":0.0},{"date":"03/11/2025","date_ts":1762128000000,"profit_abs":0.0,"wins":0,"draws":0,"losses":0,"trades":0,"profit_factor":0.0},{"date":"04/11/2025","date_ts":1762214400000,"profit_abs":0.0,"wins":0,"draws":0,"losses":0,"trades":0,"profit_factor":0.0},{"date":"05/11/2025","date_ts":1762300800000,"profit_abs":0.0,"wins":0,"draws":0,"losses":0,"trades":0,"profit_factor":0.0},{"date":"06/11/2025","date_ts":1762387200000,"profit_abs":0.0,"wins":0,"draws":0,"losses":0,"trades":0,"profit_factor":0.0},{"date":"07/11/2025","date_ts":1762473600000,"profit_abs":0.0,"wins":0,"draws":0,"losses":0,"trades":0,"profit_factor":0.0},{"date":"08/11/2025","date_ts":1762560000000,"profit_abs":0.0,"wins":0,"draws":0,"losses":0,"trades":0,"profit_factor":0.0},{"date":"09/11/2025","date_ts":1762646400000,"profit_abs":0.0,"wins":0,"draws":0,"losses":0,"trades":0,"profit_factor":0.0},{"date":"10/11/2025","date_ts":1762732800000,"profit_abs":0.0,"wins":0,"draws":0,"losses":0,"trades":0,"profit_factor":0.0},{"date":"11/11/2025","date_ts":1762819200000,"profit_abs":0.0,"wins":0,"draws":0,"losses":0,"trades":0,"profit_factor":0.0},{"date":"12/11/2025","date_ts":1762905600000,"profit_abs":0.0,"wins":0,"draws":0,"losses":0,"trades":0,"profit_factor":0.0},{"date":"13/11/2025","date_ts":1762992000000,"profit_abs":0.0,"wins":0,"draws":0,"losses":0,"trades":0,"profit_factor":0.0},{"date":"14/11/2025","date_ts":1763078400000,"profit_abs":0.0,"wins":0,"draws":0,"losses":0,"trades":0,"profit_factor":0.0},{"date":"15/11/2025","date_ts":1763164800000,"profit_abs":0.0,"wins":0,"draws":0,"losses":0,"trades":0,"profit_factor":0.0},{"date":"16/11/2025","date_ts":1763251200000,"profit_abs":0.0,"wins":0,"draws":1,"losses":0,"trades":1,"profit_factor":0.0},{"date":"17/11/2025","date_ts":1763337600000,"profit_abs":0.0,"wins":0,"draws":0,"losses":0,"trades":0,"profit_factor":0.0},{"date":"18/11/2025","date_ts":1763424000000,"profit_abs":0.0,"wins":0,"draws":0,"losses":0,"trades":0,"profit_factor":0.0},{"date":"19/11/2025","date_ts":1763510400000,"profit_abs":0.0,"wins":0,"draws":0,"losses":0,"trades":0,"profit_factor":0.0},{"date":"20/11/2025","date_ts":1763596800000,"profit_abs":0.0,"wins":0,"draws":1,"losses":0,"trades":1,"profit_factor":0.0},{"date":"21/11/2025","date_ts":1763683200000,"profit_abs":0.0,"wins":0,"draws":0,"losses":0,"trades":0,"profit_factor":0.0},{"date":"22/11/2025","date_ts":1763769600000,"profit_abs":0.0,"wins":0,"draws":0,"losses":0,"trades":0,"profit_factor":0.0},{"date":"23/11/2025","date_ts":1763856000000,"profit_abs":0.0,"wins":0,"draws":0,"losses":0,"trades":0,"profit_factor":0.0},{"date":"24/11/2025","date_ts":1763942400000,"profit_abs":0.0,"wins":0,"draws":0,"losses":0,"trades":0,"profit_factor":0.0},{"date":"25/11/2025","date_ts":1764028800000,"profit_abs":0.0,"wins":0,"draws":0,"losses":0,"trades":0,"profit_factor":0.0},{"date":"26/11/2025","date_ts":1764115200000,"profit_abs":0.0,"wins":0,"draws":1,"losses":0,"trades":1,"profit_factor":0.0},{"date":"27/11/2025","date_ts":1764201600000,"profit_abs":0.0,"wins":0,"draws":0,"losses":0,"trades":0,"profit_factor":0.0},{"date":"28/11/2025","date_ts":1764288000000,"profit_abs":0.0,"wins":0,"draws":1,"losses":0,"trades":1,"profit_factor":0.0},{"date":"29/11/2025","date_ts":1764374400000,"profit_abs":0.0,"wins":0,"draws":0,"losses":0,"trades":0,"profit_factor":0.0},{"date":"30/11/2025","date_ts":1764460800000,"profit_abs":0.0,"wins":0,"draws":0,"losses":0,"trades":0,"profit_factor":0.0},{"date":"01/12/2025","date_ts":1764547200000,"profit_abs":0.0,"wins":0,"draws":0,"losses":0,"trades":0,"profit_factor":0.0},{"date":"02/12/2025","date_ts":1764633600000,"profit_abs":0.0,"wins":0,"draws":0,"losses":0,"trades":0,"profit_factor":0.0},{"date":"03/12/2025","date_ts":1764720000000,"profit_abs":0.0,"wins":0,"draws":0,"losses":0,"trades":0,"profit_factor":0.0},{"date":"04/12/2025","date_ts":1764806400000,"profit_abs":0.0,"wins":0,"draws":0,"losses":0,"trades":0,"profit_factor":0.0},{"date":"05/12/2025","date_ts":1764892800000,"profit_abs":0.0,"wins":0,"draws":0,"losses":0,"trades":0,"profit_factor":0.0},{"date":"06/12/2025","date_ts":1764979200000,"profit_abs":0.0,"wins":0,"draws":1,"losses":0,"trades":1,"profit_factor":0.0},{"date":"07/12/2025","date_ts":1765065600000,"profit_abs":0.0,"wins":0,"draws":0,"losses":0,"trades":0,"profit_factor":0.0},{"date":"08/12/2025","date_ts":1765152000000,"profit_abs":0.0,"wins":0,"draws":0,"losses":0,"trades":0,"profit_factor":0.0},{"date":"09/12/2025","date_ts":1765238400000,"profit_abs":9.7240435,"wins":1,"draws":0,"losses":0,"trades":1,"profit_factor":0.0},{"date":"10/12/2025","date_ts":1765324800000,"profit_abs":0.0,"wins":0,"draws":0,"losses":0,"trades":0,"profit_factor":0.0},{"date":"11/12/2025","date_ts":1765411200000,"profit_abs":0.0,"wins":0,"draws":0,"losses":0,"trades":0,"profit_factor":0.0},{"date":"12/12/2025","date_ts":1765497600000,"profit_abs":-17.12579232,"wins":0,"draws":0,"losses":1,"trades":1,"profit_factor":0.0},{"date":"13/12/2025","date_ts":1765584000000,"profit_abs":0.0,"wins":0,"draws":0,"losses":0,"trades":0,"profit_factor":0.0},{"date":"14/12/2025","date_ts":1765670400000,"profit_abs":0.0,"wins":0,"draws":0,"losses":0,"trades":0,"profit_factor":0.0},{"date":"15/12/2025","date_ts":1765756800000,"profit_abs":0.0,"wins":0,"draws":0,"losses":0,"trades":0,"profit_factor":0.0},{"date":"16/12/2025","date_ts":1765843200000,"profit_abs":0.0,"wins":0,"draws":0,"losses":0,"trades":0,"profit_factor":0.0},{"date":"17/12/2025","date_ts":1765929600000,"profit_abs":0.0,"wins":0,"draws":0,"losses":0,"trades":0,"profit_factor":0.0},{"date":"18/12/2025","date_ts":1766016000000,"profit_abs":0.0,"wins":0,"draws":0,"losses":0,"trades":0,"profit_factor":0.0},{"date":"19/12/2025","date_ts":1766102400000,"profit_abs":0.0,"wins":0,"draws":0,"losses":0,"trades":0,"profit_factor":0.0},{"date":"20/12/2025","date_ts":1766188800000,"profit_abs":0.0,"wins":0,"draws":0,"losses":0,"trades":0,"profit_factor":0.0},{"date":"21/12/2025","date_ts":1766275200000,"profit_abs":0.0,"wins":0,"draws":0,"losses":0,"trades":0,"profit_factor":0.0},{"date":"22/12/2025","date_ts":1766361600000,"profit_abs":0.0,"wins":0,"draws":0,"losses":0,"trades":0,"profit_factor":0.0},{"date":"23/12/2025","date_ts":1766448000000,"profit_abs":0.0,"wins":0,"draws":0,"losses":0,"trades":0,"profit_factor":0.0},{"date":"24/12/2025","date_ts":1766534400000,"profit_abs":0.0,"wins":0,"draws":0,"losses":0,"trades":0,"profit_factor":0.0},{"date":"25/12/2025","date_ts":1766620800000,"profit_abs":0.0,"wins":0,"draws":0,"losses":0,"trades":0,"profit_factor":0.0},{"date":"26/12/2025","date_ts":1766707200000,"profit_abs":0.0,"wins":0,"draws":0,"losses":0,"trades":0,"profit_factor":0.0},{"date":"27/12/2025","date_ts":1766793600000,"profit_abs":0.0,"wins":0,"draws":0,"losses":0,"trades":0,"profit_factor":0.0},{"date":"28/12/2025","date_ts":1766880000000,"profit_abs":0.0,"wins":0,"draws":0,"losses":0,"trades":0,"profit_factor":0.0},{"date":"29/12/2025","date_ts":1766966400000,"profit_abs":0.0,"wins":0,"draws":0,"losses":0,"trades":0,"profit_factor":0.0},{"date":"30/12/2025","date_ts":1767052800000,"profit_abs":1.6563174,"wins":1,"draws":0,"losses":0,"trades":1,"profit_factor":0.0}],"week":[{"date":"06/10/2025","date_ts":1759708800000,"profit_abs":7.8335773,"wins":1,"draws":0,"losses":0,"trades":1,"profit_factor":0.0},{"date":"13/10/2025","date_ts":1760313600000,"profit_abs":0.0,"wins":0,"draws":0,"losses":0,"trades":0,"profit_factor":0.0},{"date":"20/10/2025","date_ts":1760918400000,"profit_abs":0.0,"wins":0,"draws":1,"losses":0,"trades":1,"profit_factor":0.0},{"date":"27/10/2025","date_ts":1761523200000,"profit_abs":0.0,"wins":0,"draws":0,"losses":0,"trades":0,"profit_factor":0.0},{"date":"03/11/2025","date_ts":1762128000000,"profit_abs":-17.27409931,"wins":0,"draws":0,"losses":1,"trades":1,"profit_factor":0.0},{"date":"10/11/2025","date_ts":1762732800000,"profit_abs":0.0,"wins":0,"draws":0,"losses":0,"trades":0,"profit_factor":0.0},{"date":"17/11/2025","date_ts":1763337600000,"profit_abs":0.0,"wins":0,"draws":1,"losses":0,"trades":1,"profit_factor":0.0},{"date":"24/11/2025","date_ts":1763942400000,"profit_abs":0.0,"wins":0,"draws":1,"losses":0,"trades":1,"profit_factor":0.0},{"date":"01/12/2025","date_ts":1764547200000,"profit_abs":0.0,"wins":0,"draws":2,"losses":0,"trades":2,"profit_factor":0.0},{"date":"08/12/2025","date_ts":1765152000000,"profit_abs":0.0,"wins":0,"draws":1,"losses":0,"trades":1,"profit_factor":0.0},{"date":"15/12/2025","date_ts":1765756800000,"profit_abs":-7.40174882,"wins":1,"draws":0,"losses":1,"trades":2,"profit_factor":0.56780109},{"date":"22/12/2025","date_ts":1766361600000,"profit_abs":0.0,"wins":0,"draws":0,"losses":0,"trades":0,"profit_factor":0.0},{"date":"29/12/2025","date_ts":1766966400000,"profit_abs":0.0,"wins":0,"draws":0,"losses":0,"trades":0,"profit_factor":0.0},{"date":"05/01/2026","date_ts":1767571200000,"profit_abs":1.6563174,"wins":1,"draws":0,"losses":0,"trades":1,"profit_factor":0.0}],"month":[{"date":"31/10/2025","date_ts":1761868800000,"profit_abs":-9.44052201,"wins":1,"draws":1,"losses":1,"trades":3,"profit_factor":0.45348687},{"date":"30/11/2025","date_ts":1764460800000,"profit_abs":0.0,"wins":0,"draws":4,"losses":0,"trades":4,"profit_factor":0.0},{"date":"31/12/2025","date_ts":1767139200000,"profit_abs":-5.74543142,"wins":2,"draws":1,"losses":1,"trades":4,"profit_factor":0.66451588}],"year":[{"date":"31/12/2025","date_ts":1767139200000,"profit_abs":-15.18595343,"wins":3,"draws":6,"losses":2,"trades":11,"profit_factor":0.55854647}],"weekday":[{"date":"Tuesday","date_ts":1,"profit_abs":-5.89373841,"wins":2,"draws":0,"losses":1,"trades":3,"profit_factor":0.65881067},{"date":"Wednesday","date_ts":2,"profit_abs":0.0,"wins":0,"draws":1,"losses":0,"trades":1,"profit_factor":0.0},{"date":"Thursday","date_ts":3,"profit_abs":0.0,"wins":0,"draws":1,"losses":0,"trades":1,"profit_factor":0.0},{"date":"Friday","date_ts":4,"profit_abs":-17.12579232,"wins":0,"draws":1,"losses":1,"trades":2,"profit_factor":0.0},{"date":"Saturday","date_ts":5,"profit_abs":0.0,"wins":0,"draws":1,"losses":0,"trades":1,"profit_factor":0.0},{"date":"Sunday","date_ts":6,"profit_abs":7.8335773,"wins":1,"draws":2,"losses":0,"trades":3,"profit_factor":0.0}]},"backtest_best_day":0.029722498963783994,"backtest_worst_day":-0.0518881932205999,"backtest_best_day_abs":9.7240435,"backtest_worst_day_abs":-17.27409931,"winning_days":3,"draw_days":82,"losing_days":2,"daily_profit":[["2025-10-05",7.8335773],["2025-10-06",0.0],["2025-10-07",0.0],["2025-10-08",0.0],["2025-10-09",0.0],["2025-10-10",0.0],["2025-10-11",0.0],["2025-10-12",0.0],["2025-10-13",0.0],["2025-10-14",0.0],["2025-10-15",0.0],["2025-10-16",0.0],["2025-10-17",0.0],["2025-10-18",0.0],["2025-10-19",0.0],["2025-10-20",0.0],["2025-10-21",0.0],["2025-10-22",0.0],["2025-10-23",0.0],["2025-10-24",0.0],["2025-10-25",0.0],["2025-10-26",0.0],["2025-10-27",0.0],["2025-10-28",-17.27409931],["2025-10-29",0.0],["2025-10-30",0.0],["2025-10-31",0.0],["2025-11-01",0.0],["2025-11-02",0.0],["2025-11-03",0.0],["2025-11-04",0.0],["2025-11-05",0.0],["2025-11-06",0.0],["2025-11-07",0.0],["2025-11-08",0.0],["2025-11-09",0.0],["2025-11-10",0.0],["2025-11-11",0.0],["2025-11-12",0.0],["2025-11-13",0.0],["2025-11-14",0.0],["2025-11-15",0.0],["2025-11-16",0.0],["2025-11-17",0.0],["2025-11-18",0.0],["2025-11-19",0.0],["2025-11-20",0.0],["2025-11-21",0.0],["2025-11-22",0.0],["2025-11-23",0.0],["2025-11-24",0.0],["2025-11-25",0.0],["2025-11-26",0.0],["2025-11-27",0.0],["2025-11-28",0.0],["2025-11-29",0.0],["2025-11-30",0.0],["2025-12-01",0.0],["2025-12-02",0.0],["2025-12-03",0.0],["2025-12-04",0.0],["2025-12-05",0.0],["2025-12-06",0.0],["2025-12-07",0.0],["2025-12-08",0.0],["2025-12-09",9.7240435],["2025-12-10",0.0],["2025-12-11",0.0],["2025-12-12",-17.12579232],["2025-12-13",0.0],["2025-12-14",0.0],["2025-12-15",0.0],["2025-12-16",0.0],["2025-12-17",0.0],["2025-12-18",0.0],["2025-12-19",0.0],["2025-12-20",0.0],["2025-12-21",0.0],["2025-12-22",0.0],["2025-12-23",0.0],["2025-12-24",0.0],["2025-12-25",0.0],["2025-12-26",0.0],["2025-12-27",0.0],["2025-12-28",0.0],["2025-12-29",0.0],["2025-12-30",1.6563174]],"wins":3,"losses":2,"draws":6,"winrate":0.2727272727272727,"holding_avg":"5:16:00","holding_avg_s":18960.0,"winner_holding_min":"0d 02:00","winner_holding_min_s":7200.0,"winner_holding_max":"0d 02:00","winner_holding_max_s":7200.0,"winner_holding_avg":"0d 02:00","winner_holding_avg_s":7200.0,"loser_holding_min":"0d 04:00","loser_holding_min_s":14400.0,"loser_holding_max":"0d 18:00","loser_holding_max_s":64800.0,"loser_holding_avg":"0d 11:00","loser_holding_avg_s":39600.0,"max_consecutive_wins":1,"max_consecutive_losses":7,"max_drawdown_account":0.024484050428352368,"max_relative_drawdown":0.024484050428352368,"max_drawdown_abs":24.67584813,"drawdown_start":"2025-10-05 04:00:00","drawdown_start_ts":1759636800000.0,"drawdown_end":"2025-12-12 16:00:00","drawdown_end_ts":1765555200000.0,"drawdown_duration":"68 days 12:00:00","drawdown_duration_s":5918400.0,"max_drawdown_low":-16.842270829999997,"max_drawdown_high":7.8335773,"csum_min":983.15772917,"csum_max":1007.8335773}},"strategy_comparison":[{"key":"ACO_4_1","trades":11,"profit_mean":-0.004107767319307961,"profit_mean_pct":-0.41,"profit_total_abs":-15.185953429999996,"profit_total":-0.015185953429999996,"profit_total_pct":-1.52,"duration_avg":"5:16:00","wins":3,"draws":6,"losses":2,"winrate":0.2727272727272727,"cagr":-0.05595491038425249,"expectancy":-1.3805412209090906,"expectancy_ratio":-0.6257188227818105,"sortino":-40.33528562792752,"sharpe":-0.36731093994759856,"calmar":-12.216125799473618,"sqn":-0.5361,"profit_factor":0.5585464747000426,"max_drawdown_account":0.024484050428352368,"max_drawdown_abs":"24.676"}]}