{"strategy":{"ACO_51_2":{"trades":[{"pair":"DOGE/USDT","stake_amount":329.90442,"max_stake_amount":329.90442,"amount":1698.0,"open_date":"2025-10-19 11:00:00+00:00","close_date":"2025-10-19 13:00:00+00:00","open_rate":0.19429,"close_rate":0.19467896896896894,"fee_open":0.001,"fee_close":0.001,"trade_duration":120,"profit_ratio":0.0,"profit_abs":0.0,"exit_reason":"roi","initial_stop_loss_abs":0.18458,"initial_stop_loss_ratio":-0.05,"stop_loss_abs":0.18458,"stop_loss_ratio":-0.05,"min_rate":0.19259,"max_rate":0.19805,"is_open":false,"enter_tag":"","leverage":1.0,"is_short":false,"open_timestamp":1760871600000,"close_timestamp":1760878800000,"orders":[{"amount":1698.0,"safe_price":0.19429,"ft_order_side":"buy","order_filled_timestamp":1760871600000,"ft_is_entry":true,"ft_order_tag":"","cost":330.23432441999995},{"amount":1698.0,"safe_price":0.19467896896896894,"ft_order_side":"sell","order_filled_timestamp":1760878800000,"ft_is_entry":false,"ft_order_tag":"roi","cost":330.89545419861855}],"funding_fees":0.0,"weekday":6},{"pair":"DOGE/USDT","stake_amount":329.8353,"max_stake_amount":329.8353,"amount":1873.0,"open_date":"2025-11-09 14:00:00+00:00","close_date":"2025-11-09 16:00:00+00:00","open_rate":0.1761,"close_rate":0.17807,"fee_open":0.001,"fee_close":0.001,"trade_duration":120,"profit_ratio":0.009166472369198094,"profit_abs":3.02644959,"exit_reason":"roi","initial_stop_loss_abs":0.1673,"initial_stop_loss_ratio":-0.05,"stop_loss_abs":0.1673,"stop_loss_ratio":-0.05,"min_rate":0.17501,"max_rate":0.17961,"is_open":false,"enter_tag":"","leverage":1.0,"is_short":false,"open_timestamp":1762696800000,"close_timestamp":1762704000000,"orders":[{"amount":1873.0,"safe_price":0.1761,"ft_order_side":"buy","order_filled_timestamp":1762696800000,"ft_is_entry":true,"ft_order_tag":"","cost":330.1651353},{"amount":1873.0,"safe_price":0.17807,"ft_order_side":"sell","order_filled_timestamp":1762704000000,"ft_is_entry":false,"ft_order_tag":"roi","cost":333.85863510999997}],"funding_fees":0.0,"weekday":6},{"pair":"DOGE/USDT","stake_amount":330.9306,"max_stake_amount":330.9306,"amount":2262.0,"open_date":"2025-12-09 16:00:00+00:00","close_date":"2025-12-09 18:00:00+00:00","open_rate":0.1463,"close_rate":0.15095,"fee_open":0.001,"fee_close":0.001,"trade_duration":120,"profit_ratio":0.029722498963783994,"profit_abs":9.8459205,"exit_reason":"roi","initial_stop_loss_abs":0.13899,"initial_stop_loss_ratio":-0.05,"stop_loss_abs":0.13899,"stop_loss_ratio":-0.05,"min_rate":0.1463,"max_rate":0.15319,"is_open":false,"enter_tag":"","leverage":1.0,"is_short":false,"open_timestamp":1765296000000,"close_timestamp":1765303200000,"orders":[{"amount":2262.0,"safe_price":0.1463,"ft_order_side":"buy","order_filled_timestamp":1765296000000,"ft_is_entry":true,"ft_order_tag":"","cost":331.2615306},{"amount":2262.0,"safe_price":0.15095,"ft_order_side":"sell","order_filled_timestamp":1765303200000,"ft_is_entry":false,"ft_order_tag":"roi","cost":341.79034889999997}],"funding_fees":0.0,"weekday":1},{"pair":"DOGE/USDT","stake_amount":334.12832,"max_stake_amount":334.12832,"amount":2357.0,"open_date":"2025-12-11 22:00:00+00:00","close_date":"2025-12-12 16:00:00+00:00","open_rate":0.14176,"close_rate":0.13468,"fee_open":0.001,"fee_close":0.001,"trade_duration":1080,"profit_ratio":-0.051841781243587105,"profit_abs":-17.33912908,"exit_reason":"stop_loss","initial_stop_loss_abs":0.13468,"initial_stop_loss_ratio":-0.05,"stop_loss_abs":0.13468,"stop_loss_ratio":-0.05,"min_rate":0.13428,"max_rate":0.14225,"is_open":false,"enter_tag":"","leverage":1.0,"is_short":false,"open_timestamp":1765490400000,"close_timestamp":1765555200000,"orders":[{"amount":2357.0,"safe_price":0.14176,"ft_order_side":"buy","order_filled_timestamp":1765490400000,"ft_is_entry":true,"ft_order_tag":"","cost":334.46244831999996},{"amount":2357.0,"safe_price":0.13468,"ft_order_side":"sell","order_filled_timestamp":1765555200000,"ft_is_entry":false,"ft_order_tag":"stop_loss","cost":317.75820075999997}],"funding_fees":0.0,"weekday":4},{"pair":"DOGE/USDT","stake_amount":328.406,"max_stake_amount":328.406,"amount":2600.0,"open_date":"2025-12-18 13:00:00+00:00","close_date":"2025-12-18 15:00:00+00:00","open_rate":0.12631,"close_rate":0.12863,"fee_open":0.001,"fee_close":0.001,"trade_duration":120,"profit_ratio":0.01633280819410184,"profit_abs":5.369156,"exit_reason":"roi","initial_stop_loss_abs":0.12,"initial_stop_loss_ratio":-0.05,"stop_loss_abs":0.12,"stop_loss_ratio":-0.05,"min_rate":0.12631,"max_rate":0.13072,"is_open":false,"enter_tag":"","leverage":1.0,"is_short":false,"open_timestamp":1766062800000,"close_timestamp":1766070000000,"orders":[{"amount":2600.0,"safe_price":0.12631,"ft_order_side":"buy","order_filled_timestamp":1766062800000,"ft_is_entry":true,"ft_order_tag":"","cost":328.734406},{"amount":2600.0,"safe_price":0.12863,"ft_order_side":"sell","order_filled_timestamp":1766070000000,"ft_is_entry":false,"ft_order_tag":"roi","cost":334.77243799999997}],"funding_fees":0.0,"weekday":3}],"locks":[],"best_pair":{"key":"DOGE/USDT","trades":5,"profit_mean":0.0006759996566993644,"profit_mean_pct":0.07,"profit_total_abs":0.9023970100000014,"profit_total":0.0009023970100000014,"profit_total_pct":0.09,"duration_avg":"5:12:00","wins":3,"draws":1,"losses":1,"winrate":0.6,"cagr":0.003399852871895037,"expectancy":0.180479402,"expectancy_ratio":-0.1895912071957423,"sortino":-100,"sharpe":0.019046149641528076,"calmar":1.0382448610986268,"sqn":0.0387,"profit_factor":1.0520439640212886,"max_drawdown_account":0.01711876993787414,"max_drawdown_abs":17.33912908},"worst_pair":{"key":"DOGE/USDT","trades":5,"profit_mean":0.0006759996566993644,"profit_mean_pct":0.07,"profit_total_abs":0.9023970100000014,"profit_total":0.0009023970100000014,"profit_total_pct":0.09,"duration_avg":"5:12:00","wins":3,"draws":1,"losses":1,"winrate":0.6,"cagr":0.003399852871895037,"expectancy":0.180479402,"expectancy_ratio":-0.1895912071957423,"sortino":-100,"sharpe":0.019046149641528076,"calmar":1.0382448610986268,"sqn":0.0387,"profit_factor":1.0520439640212886,"max_drawdown_account":0.01711876993787414,"max_drawdown_abs":17.33912908},"results_per_pair":[{"key":"DOGE/USDT","trades":5,"profit_mean":0.0006759996566993644,"profit_mean_pct":0.07,"profit_total_abs":0.9023970100000014,"profit_total":0.0009023970100000014,"profit_total_pct":0.09,"duration_avg":"5:12:00","wins":3,"draws":1,"losses":1,"winrate":0.6,"cagr":0.003399852871895037,"expectancy":0.180479402,"expectancy_ratio":-0.1895912071957423,"sortino":-100,"sharpe":0.019046149641528076,"calmar":1.0382448610986268,"sqn":0.0387,"profit_factor":1.0520439640212886,"max_drawdown_account":0.01711876993787414,"max_drawdown_abs":17.33912908},{"key":"TOTAL","trades":5,"profit_mean":0.0006759996566993644,"profit_mean_pct":0.07,"profit_total_abs":0.9023970100000014,"profit_total":0.0009023970100000014,"profit_total_pct":0.09,"duration_avg":"5:12:00","wins":3,"draws":1,"losses":1,"winrate":0.6,"cagr":0.003399852871895037,"expectancy":0.180479402,"expectancy_ratio":-0.1895912071957423,"sortino":-100,"sharpe":0.019046149641528076,"calmar":1.0382448610986268,"sqn":0.0387,"profit_factor":1.0520439640212886,"max_drawdown_account":0.01711876993787414,"max_drawdown_abs":17.33912908}],"results_per_enter_tag":[{"key":"","trades":5,"profit_mean":0.0006759996566993644,"profit_mean_pct":0.07,"profit_total_abs":0.9023970100000014,"profit_total":0.0009023970100000014,"profit_total_pct":0.09,"duration_avg":"5:12:00","wins":3,"draws":1,"losses":1,"winrate":0.6,"cagr":0.003399852871895037,"expectancy":0.180479402,"expectancy_ratio":-0.1895912071957423,"sortino":-100,"sharpe":0.019046149641528076,"calmar":1.0382448610986268,"sqn":0.0387,"profit_factor":1.0520439640212886,"max_drawdown_account":0.01711876993787414,"max_drawdown_abs":17.33912908},{"key":"TOTAL","trades":5,"profit_mean":0.0006759996566993644,"profit_mean_pct":0.07,"profit_total_abs":0.9023970100000014,"profit_total":0.0009023970100000014,"profit_total_pct":0.09,"duration_avg":"5:12:00","wins":3,"draws":1,"losses":1,"winrate":0.6,"cagr":0.003399852871895037,"expectancy":0.180479402,"expectancy_ratio":-0.1895912071957423,"sortino":-100,"sharpe":0.019046149641528076,"calmar":1.0382448610986268,"sqn":0.0387,"profit_factor":1.0520439640212886,"max_drawdown_account":0.01711876993787414,"max_drawdown_abs":17.33912908}],"exit_reason_summary":[{"key":"roi","trades":4,"profit_mean":0.013805444881770983,"profit_mean_pct":1.38,"profit_total_abs":18.24152609,"profit_total":0.01824152609,"profit_total_pct":1.82,"duration_avg":"2:00:00","wins":3,"draws":1,"losses":0,"winrate":0.75,"cagr":0.07038912271420106,"expectancy":4.5603815225,"expectancy_ratio":100.0,"sortino":-100,"sharpe":0.9989601857313262,"calmar":-100,"sqn":2.1962,"profit_factor":0.0,"max_drawdown_account":0.0,"max_drawdown_abs":0.0},{"key":"stop_loss","trades":1,"profit_mean":-0.051841781243587105,"profit_mean_pct":-5.18,"profit_total_abs":-17.33912908,"profit_total":-0.017339129079999998,"profit_total_pct":-1.73,"duration_avg":"18:00:00","wins":0,"draws":0,"losses":1,"winrate":0.0,"cagr":-0.06369822800017833,"expectancy":-17.33912908,"expectancy_ratio":-1.0,"sortino":-100,"sharpe":-100,"calmar":-19.69584863354925,"sqn":-100.0,"profit_factor":0.0,"max_drawdown_account":0.017339129080000022,"max_drawdown_abs":17.33912908},{"key":"TOTAL","trades":5,"profit_mean":0.0006759996566993644,"profit_mean_pct":0.07,"profit_total_abs":0.9023970100000014,"profit_total":0.0009023970100000014,"profit_total_pct":0.09,"duration_avg":"5:12:00","wins":3,"draws":1,"losses":1,"winrate":0.6,"cagr":0.003399852871895037,"expectancy":0.180479402,"expectancy_ratio":-0.1895912071957423,"sortino":-100,"sharpe":0.019046149641528076,"calmar":1.0382448610986268,"sqn":0.0387,"profit_factor":1.0520439640212886,"max_drawdown_account":0.01711876993787414,"max_drawdown_abs":17.33912908}],"mix_tag_stats":[{"key":["","roi"],"trades":4,"profit_mean":0.013805444881770983,"profit_mean_pct":1.38,"profit_total_abs":18.24152609,"profit_total":0.01824152609,"profit_total_pct":1.82,"duration_avg":"2:00:00","wins":3,"draws":1,"losses":0,"winrate":0.75,"cagr":0.07038912271420106,"expectancy":4.5603815225,"expectancy_ratio":100.0,"sortino":-100,"sharpe":0.9989601857313262,"calmar":-100,"sqn":2.1962,"profit_factor":0.0,"max_drawdown_account":0.0,"max_drawdown_abs":0.0},{"key":["","stop_loss"],"trades":1,"profit_mean":-0.051841781243587105,"profit_mean_pct":-5.18,"profit_total_abs":-17.33912908,"profit_total":-0.017339129079999998,"profit_total_pct":-1.73,"duration_avg":"18:00:00","wins":0,"draws":0,"losses":1,"winrate":0.0,"cagr":-0.06369822800017833,"expectancy":-17.33912908,"expectancy_ratio":-1.0,"sortino":-100,"sharpe":-100,"calmar":-19.69584863354925,"sqn":-100.0,"profit_factor":0.0,"max_drawdown_account":0.017339129080000022,"max_drawdown_abs":17.33912908},{"key":"TOTAL","trades":5,"profit_mean":0.0006759996566993644,"profit_mean_pct":0.07,"profit_total_abs":0.9023970100000014,"profit_total":0.0009023970100000014,"profit_total_pct":0.09,"duration_avg":"5:12:00","wins":3,"draws":1,"losses":1,"winrate":0.6,"cagr":0.003399852871895037,"expectancy":0.180479402,"expectancy_ratio":-0.1895912071957423,"sortino":-100,"sharpe":0.019046149641528076,"calmar":1.0382448610986268,"sqn":0.0387,"profit_factor":1.0520439640212886,"max_drawdown_account":0.01711876993787414,"max_drawdown_abs":17.33912908}],"left_open_trades":[{"key":"TOTAL","trades":0,"profit_mean":0.0,"profit_mean_pct":0.0,"profit_total_abs":0.0,"profit_total":0.0,"profit_total_pct":0.0,"duration_avg":"0:00","wins":0,"draws":0,"losses":0,"winrate":0.0,"cagr":0.0,"expectancy":0.0,"expectancy_ratio":100.0,"sortino":0,"sharpe":0,"calmar":0,"sqn":0.0,"profit_factor":0.0,"max_drawdown_account":0.0,"max_drawdown_abs":0.0}],"total_trades":5,"trade_count_long":5,"trade_count_short":0,"total_volume":3313.9329216086185,"avg_stake_amount":330.640928,"profit_mean":0.0006759996566993644,"profit_median":0.009166472369198094,"profit_total":0.0009023970100000014,"profit_total_long":0.0009023970100000014,"profit_total_short":0.0,"profit_total_abs":0.9023970100000014,"profit_total_long_abs":0.9023970100000014,"profit_total_short_abs":0.0,"cagr":0.003399852871895037,"expectancy":0.180479402,"expectancy_ratio":-0.1895912071957423,"sortino":-100,"sharpe":0.019046149641528076,"calmar":1.0382448610986268,"sqn":0.0387,"profit_factor":1.0520439640212886,"backtest_start":"2025-10-01 00:00:00","backtest_start_ts":1759276800000,"backtest_end":"2026-01-06 20:00:00","backtest_end_ts":1767729600000,"backtest_days":97,"backtest_run_start_ts":1767745309,"backtest_run_end_ts":1767745310,"trades_per_day":0.05,"market_change":-0.36632086436227446,"pairlist":["DOGE/USDT"],"stake_amount":"unlimited","stake_currency":"USDT","stake_currency_decimals":3,"starting_balance":1000,"dry_run_wallet":1000,"final_balance":1000.90239701,"rejected_signals":0,"timedout_entry_orders":0,"timedout_exit_orders":0,"canceled_trade_entries":0,"canceled_entry_orders":0,"replaced_entry_orders":0,"max_open_trades":1,"max_open_trades_setting":3,"timeframe":"1h","timeframe_detail":"","timerange":"20251001-","enable_protections":false,"strategy_name":"ACO_51_2","freqaimodel":null,"freqai_identifier":null,"stoploss":-0.05,"trailing_stop":false,"trailing_stop_positive":null,"trailing_stop_positive_offset":0.0,"trailing_only_offset_is_reached":false,"use_custom_stoploss":false,"minimal_roi":{"0":0.1,"60":0.05,"120":0.0},"use_exit_signal":true,"exit_profit_only":false,"exit_profit_offset":0.0,"ignore_roi_if_entry_signal":false,"trading_mode":"spot","margin_mode":"","periodic_breakdown":{"day":[{"date":"19/10/2025","date_ts":1760832000000,"profit_abs":0.0,"wins":0,"draws":1,"losses":0,"trades":1,"profit_factor":0.0},{"date":"20/10/2025","date_ts":1760918400000,"profit_abs":0.0,"wins":0,"draws":0,"losses":0,"trades":0,"profit_factor":0.0},{"date":"21/10/2025","date_ts":1761004800000,"profit_abs":0.0,"wins":0,"draws":0,"losses":0,"trades":0,"profit_factor":0.0},{"date":"22/10/2025","date_ts":1761091200000,"profit_abs":0.0,"wins":0,"draws":0,"losses":0,"trades":0,"profit_factor":0.0},{"date":"23/10/2025","date_ts":1761177600000,"profit_abs":0.0,"wins":0,"draws":0,"losses":0,"trades":0,"profit_factor":0.0},{"date":"24/10/2025","date_ts":1761264000000,"profit_abs":0.0,"wins":0,"draws":0,"losses":0,"trades":0,"profit_factor":0.0},{"date":"25/10/2025","date_ts":1761350400000,"profit_abs":0.0,"wins":0,"draws":0,"losses":0,"trades":0,"profit_factor":0.0},{"date":"26/10/2025","date_ts":1761436800000,"profit_abs":0.0,"wins":0,"draws":0,"losses":0,"trades":0,"profit_factor":0.0},{"date":"27/10/2025","date_ts":1761523200000,"profit_abs":0.0,"wins":0,"draws":0,"losses":0,"trades":0,"profit_factor":0.0},{"date":"28/10/2025","date_ts":1761609600000,"profit_abs":0.0,"wins":0,"draws":0,"losses":0,"trades":0,"profit_factor":0.0},{"date":"29/10/2025","date_ts":1761696000000,"profit_abs":0.0,"wins":0,"draws":0,"losses":0,"trades":0,"profit_factor":0.0},{"date":"30/10/2025","date_ts":1761782400000,"profit_abs":0.0,"wins":0,"draws":0,"losses":0,"trades":0,"profit_factor":0.0},{"date":"31/10/2025","date_ts":1761868800000,"profit_abs":0.0,"wins":0,"draws":0,"losses":0,"trades":0,"profit_factor":0.0},{"date":"01/11/2025","date_ts":1761955200000,"profit_abs":0.0,"wins":0,"draws":0,"losses":0,"trades":0,"profit_factor":0.0},{"date":"02/11/2025","date_ts":1762041600000,"profit_abs":0.0,"wins":0,"draws":0,"losses":0,"trades":0,"profit_factor":0.0},{"date":"03/11/2025","date_ts":1762128000000,"profit_abs":0.0,"wins":0,"draws":0,"losses":0,"trades":0,"profit_factor":0.0},{"date":"04/11/2025","date_ts":1762214400000,"profit_abs":0.0,"wins":0,"draws":0,"losses":0,"trades":0,"profit_factor":0.0},{"date":"05/11/2025","date_ts":1762300800000,"profit_abs":0.0,"wins":0,"draws":0,"losses":0,"trades":0,"profit_factor":0.0},{"date":"06/11/2025","date_ts":1762387200000,"profit_abs":0.0,"wins":0,"draws":0,"losses":0,"trades":0,"profit_factor":0.0},{"date":"07/11/2025","date_ts":1762473600000,"profit_abs":0.0,"wins":0,"draws":0,"losses":0,"trades":0,"profit_factor":0.0},{"date":"08/11/2025","date_ts":1762560000000,"profit_abs":0.0,"wins":0,"draws":0,"losses":0,"trades":0,"profit_factor":0.0},{"date":"09/11/2025","date_ts":1762646400000,"profit_abs":3.02644959,"wins":1,"draws":0,"losses":0,"trades":1,"profit_factor":0.0},{"date":"10/11/2025","date_ts":1762732800000,"profit_abs":0.0,"wins":0,"draws":0,"losses":0,"trades":0,"profit_factor":0.0},{"date":"11/11/2025","date_ts":1762819200000,"profit_abs":0.0,"wins":0,"draws":0,"losses":0,"trades":0,"profit_factor":0.0},{"date":"12/11/2025","date_ts":1762905600000,"profit_abs":0.0,"wins":0,"draws":0,"losses":0,"trades":0,"profit_factor":0.0},{"date":"13/11/2025","date_ts":1762992000000,"profit_abs":0.0,"wins":0,"draws":0,"losses":0,"trades":0,"profit_factor":0.0},{"date":"14/11/2025","date_ts":1763078400000,"profit_abs":0.0,"wins":0,"draws":0,"losses":0,"trades":0,"profit_factor":0.0},{"date":"15/11/2025","date_ts":1763164800000,"profit_abs":0.0,"wins":0,"draws":0,"losses":0,"trades":0,"profit_factor":0.0},{"date":"16/11/2025","date_ts":1763251200000,"profit_abs":0.0,"wins":0,"draws":0,"losses":0,"trades":0,"profit_factor":0.0},{"date":"17/11/2025","date_ts":1763337600000,"profit_abs":0.0,"wins":0,"draws":0,"losses":0,"trades":0,"profit_factor":0.0},{"date":"18/11/2025","date_ts":1763424000000,"profit_abs":0.0,"wins":0,"draws":0,"losses":0,"trades":0,"profit_factor":0.0},{"date":"19/11/2025","date_ts":1763510400000,"profit_abs":0.0,"wins":0,"draws":0,"losses":0,"trades":0,"profit_factor":0.0},{"date":"20/11/2025","date_ts":1763596800000,"profit_abs":0.0,"wins":0,"draws":0,"losses":0,"trades":0,"profit_factor":0.0},{"date":"21/11/2025","date_ts":1763683200000,"profit_abs":0.0,"wins":0,"draws":0,"losses":0,"trades":0,"profit_factor":0.0},{"date":"22/11/2025","date_ts":1763769600000,"profit_abs":0.0,"wins":0,"draws":0,"losses":0,"trades":0,"profit_factor":0.0},{"date":"23/11/2025","date_ts":1763856000000,"profit_abs":0.0,"wins":0,"draws":0,"losses":0,"trades":0,"profit_factor":0.0},{"date":"24/11/2025","date_ts":1763942400000,"profit_abs":0.0,"wins":0,"draws":0,"losses":0,"trades":0,"profit_factor":0.0},{"date":"25/11/2025","date_ts":1764028800000,"profit_abs":0.0,"wins":0,"draws":0,"losses":0,"trades":0,"profit_factor":0.0},{"date":"26/11/2025","date_ts":1764115200000,"profit_abs":0.0,"wins":0,"draws":0,"losses":0,"trades":0,"profit_factor":0.0},{"date":"27/11/2025","date_ts":1764201600000,"profit_abs":0.0,"wins":0,"draws":0,"losses":0,"trades":0,"profit_factor":0.0},{"date":"28/11/2025","date_ts":1764288000000,"profit_abs":0.0,"wins":0,"draws":0,"losses":0,"trades":0,"profit_factor":0.0},{"date":"29/11/2025","date_ts":1764374400000,"profit_abs":0.0,"wins":0,"draws":0,"losses":0,"trades":0,"profit_factor":0.0},{"date":"30/11/2025","date_ts":1764460800000,"profit_abs":0.0,"wins":0,"draws":0,"losses":0,"trades":0,"profit_factor":0.0},{"date":"01/12/2025","date_ts":1764547200000,"profit_abs":0.0,"wins":0,"draws":0,"losses":0,"trades":0,"profit_factor":0.0},{"date":"02/12/2025","date_ts":1764633600000,"profit_abs":0.0,"wins":0,"draws":0,"losses":0,"trades":0,"profit_factor":0.0},{"date":"03/12/2025","date_ts":1764720000000,"profit_abs":0.0,"wins":0,"draws":0,"losses":0,"trades":0,"profit_factor":0.0},{"date":"04/12/2025","date_ts":1764806400000,"profit_abs":0.0,"wins":0,"draws":0,"losses":0,"trades":0,"profit_factor":0.0},{"date":"05/12/2025","date_ts":1764892800000,"profit_abs":0.0,"wins":0,"draws":0,"losses":0,"trades":0,"profit_factor":0.0},{"date":"06/12/2025","date_ts":1764979200000,"profit_abs":0.0,"wins":0,"draws":0,"losses":0,"trades":0,"profit_factor":0.0},{"date":"07/12/2025","date_ts":1765065600000,"profit_abs":0.0,"wins":0,"draws":0,"losses":0,"trades":0,"profit_factor":0.0},{"date":"08/12/2025","date_ts":1765152000000,"profit_abs":0.0,"wins":0,"draws":0,"losses":0,"trades":0,"profit_factor":0.0},{"date":"09/12/2025","date_ts":1765238400000,"profit_abs":9.8459205,"wins":1,"draws":0,"losses":0,"trades":1,"profit_factor":0.0},{"date":"10/12/2025","date_ts":1765324800000,"profit_abs":0.0,"wins":0,"draws":0,"losses":0,"trades":0,"profit_factor":0.0},{"date":"11/12/2025","date_ts":1765411200000,"profit_abs":0.0,"wins":0,"draws":0,"losses":0,"trades":0,"profit_factor":0.0},{"date":"12/12/2025","date_ts":1765497600000,"profit_abs":-17.33912908,"wins":0,"draws":0,"losses":1,"trades":1,"profit_factor":0.0},{"date":"13/12/2025","date_ts":1765584000000,"profit_abs":0.0,"wins":0,"draws":0,"losses":0,"trades":0,"profit_factor":0.0},{"date":"14/12/2025","date_ts":1765670400000,"profit_abs":0.0,"wins":0,"draws":0,"losses":0,"trades":0,"profit_factor":0.0},{"date":"15/12/2025","date_ts":1765756800000,"profit_abs":0.0,"wins":0,"draws":0,"losses":0,"trades":0,"profit_factor":0.0},{"date":"16/12/2025","date_ts":1765843200000,"profit_abs":0.0,"wins":0,"draws":0,"losses":0,"trades":0,"profit_factor":0.0},{"date":"17/12/2025","date_ts":1765929600000,"profit_abs":0.0,"wins":0,"draws":0,"losses":0,"trades":0,"profit_factor":0.0},{"date":"18/12/2025","date_ts":1766016000000,"profit_abs":5.369156,"wins":1,"draws":0,"losses":0,"trades":1,"profit_factor":0.0}],"week":[{"date":"20/10/2025","date_ts":1760918400000,"profit_abs":0.0,"wins":0,"draws":1,"losses":0,"trades":1,"profit_factor":0.0},{"date":"27/10/2025","date_ts":1761523200000,"profit_abs":0.0,"wins":0,"draws":0,"losses":0,"trades":0,"profit_factor":0.0},{"date":"03/11/2025","date_ts":1762128000000,"profit_abs":0.0,"wins":0,"draws":0,"losses":0,"trades":0,"profit_factor":0.0},{"date":"10/11/2025","date_ts":1762732800000,"profit_abs":3.02644959,"wins":1,"draws":0,"losses":0,"trades":1,"profit_factor":0.0},{"date":"17/11/2025","date_ts":1763337600000,"profit_abs":0.0,"wins":0,"draws":0,"losses":0,"trades":0,"profit_factor":0.0},{"date":"24/11/2025","date_ts":1763942400000,"profit_abs":0.0,"wins":0,"draws":0,"losses":0,"trades":0,"profit_factor":0.0},{"date":"01/12/2025","date_ts":1764547200000,"profit_abs":0.0,"wins":0,"draws":0,"losses":0,"trades":0,"profit_factor":0.0},{"date":"08/12/2025","date_ts":1765152000000,"profit_abs":0.0,"wins":0,"draws":0,"losses":0,"trades":0,"profit_factor":0.0},{"date":"15/12/2025","date_ts":1765756800000,"profit_abs":-7.49320858,"wins":1,"draws":0,"losses":1,"trades":2,"profit_factor":0.56784401},{"date":"22/12/2025","date_ts":1766361600000,"profit_abs":5.369156,"wins":1,"draws":0,"losses":0,"trades":1,"profit_factor":0.0}],"month":[{"date":"31/10/2025","date_ts":1761868800000,"profit_abs":0.0,"wins":0,"draws":1,"losses":0,"trades":1,"profit_factor":0.0},{"date":"30/11/2025","date_ts":1764460800000,"profit_abs":3.02644959,"wins":1,"draws":0,"losses":0,"trades":1,"profit_factor":0.0},{"date":"31/12/2025","date_ts":1767139200000,"profit_abs":-2.12405258,"wins":2,"draws":0,"losses":1,"trades":3,"profit_factor":0.87749947}],"year":[{"date":"31/12/2025","date_ts":1767139200000,"profit_abs":0.90239701,"wins":3,"draws":1,"losses":1,"trades":5,"profit_factor":1.05204396}],"weekday":[{"date":"Tuesday","date_ts":1,"profit_abs":9.8459205,"wins":1,"draws":0,"losses":0,"trades":1,"profit_factor":0.0},{"date":"Thursday","date_ts":3,"profit_abs":5.369156,"wins":1,"draws":0,"losses":0,"trades":1,"profit_factor":0.0},{"date":"Friday","date_ts":4,"profit_abs":-17.33912908,"wins":0,"draws":0,"losses":1,"trades":1,"profit_factor":0.0},{"date":"Sunday","date_ts":6,"profit_abs":3.02644959,"wins":1,"draws":1,"losses":0,"trades":2,"profit_factor":0.0}]},"backtest_best_day":0.029722498963783994,"backtest_worst_day":-0.051841781243587105,"backtest_best_day_abs":9.8459205,"backtest_worst_day_abs":-17.33912908,"winning_days":3,"draw_days":57,"losing_days":1,"daily_profit":[["2025-10-19",0.0],["2025-10-20",0.0],["2025-10-21",0.0],["2025-10-22",0.0],["2025-10-23",0.0],["2025-10-24",0.0],["2025-10-25",0.0],["2025-10-26",0.0],["2025-10-27",0.0],["2025-10-28",0.0],["2025-10-29",0.0],["2025-10-30",0.0],["2025-10-31",0.0],["2025-11-01",0.0],["2025-11-02",0.0],["2025-11-03",0.0],["2025-11-04",0.0],["2025-11-05",0.0],["2025-11-06",0.0],["2025-11-07",0.0],["2025-11-08",0.0],["2025-11-09",3.02644959],["2025-11-10",0.0],["2025-11-11",0.0],["2025-11-12",0.0],["2025-11-13",0.0],["2025-11-14",0.0],["2025-11-15",0.0],["2025-11-16",0.0],["2025-11-17",0.0],["2025-11-18",0.0],["2025-11-19",0.0],["2025-11-20",0.0],["2025-11-21",0.0],["2025-11-22",0.0],["2025-11-23",0.0],["2025-11-24",0.0],["2025-11-25",0.0],["2025-11-26",0.0],["2025-11-27",0.0],["2025-11-28",0.0],["2025-11-29",0.0],["2025-11-30",0.0],["2025-12-01",0.0],["2025-12-02",0.0],["2025-12-03",0.0],["2025-12-04",0.0],["2025-12-05",0.0],["2025-12-06",0.0],["2025-12-07",0.0],["2025-12-08",0.0],["2025-12-09",9.8459205],["2025-12-10",0.0],["2025-12-11",0.0],["2025-12-12",-17.33912908],["2025-12-13",0.0],["2025-12-14",0.0],["2025-12-15",0.0],["2025-12-16",0.0],["2025-12-17",0.0],["2025-12-18",5.369156]],"wins":3,"losses":1,"draws":1,"winrate":0.6,"holding_avg":"5:12:00","holding_avg_s":18720.0,"winner_holding_min":"0d 02:00","winner_holding_min_s":7200.0,"winner_holding_max":"0d 02:00","winner_holding_max_s":7200.0,"winner_holding_avg":"0d 02:00","winner_holding_avg_s":7200.0,"loser_holding_min":"0d 18:00","loser_holding_min_s":64800.0,"loser_holding_max":"0d 18:00","loser_holding_max_s":64800.0,"loser_holding_avg":"0d 18:00","loser_holding_avg_s":64800.0,"max_consecutive_wins":2,"max_consecutive_losses":1,"max_drawdown_account":0.01711876993787414,"max_relative_drawdown":0.01711876993787414,"max_drawdown_abs":17.33912908,"drawdown_start":"2025-12-09 18:00:00","drawdown_start_ts":1765303200000.0,"drawdown_end":"2025-12-12 16:00:00","drawdown_end_ts":1765555200000.0,"drawdown_duration":"2 days 22:00:00","drawdown_duration_s":252000.0,"max_drawdown_low":-4.466758989999999,"max_drawdown_high":12.87237009,"csum_min":995.53324101,"csum_max":1012.87237009}},"strategy_comparison":[{"key":"ACO_51_2","trades":5,"profit_mean":0.0006759996566993644,"profit_mean_pct":0.07,"profit_total_abs":0.9023970100000014,"profit_total":0.0009023970100000014,"profit_total_pct":0.09,"duration_avg":"5:12:00","wins":3,"draws":1,"losses":1,"winrate":0.6,"cagr":0.003399852871895037,"expectancy":0.180479402,"expectancy_ratio":-0.1895912071957423,"sortino":-100,"sharpe":0.019046149641528076,"calmar":1.0382448610986268,"sqn":0.0387,"profit_factor":1.0520439640212886,"max_drawdown_account":0.01711876993787414,"max_drawdown_abs":"17.339"}]}