{"strategy":{"ACO_29_9":{"trades":[{"pair":"DOGE/USDT","stake_amount":329.82157,"max_stake_amount":329.82157,"amount":1273.0,"open_date":"2025-10-02 20:00:00+00:00","close_date":"2025-10-02 22:00:00+00:00","open_rate":0.25909,"close_rate":0.2618,"fee_open":0.001,"fee_close":0.001,"trade_duration":120,"profit_ratio":0.008440785352283287,"profit_abs":2.78673703,"exit_reason":"roi","initial_stop_loss_abs":0.24614,"initial_stop_loss_ratio":-0.05,"stop_loss_abs":0.24614,"stop_loss_ratio":-0.05,"min_rate":0.25834,"max_rate":0.26414,"is_open":false,"enter_tag":"","leverage":1.0,"is_short":false,"open_timestamp":1759435200000,"close_timestamp":1759442400000,"orders":[{"amount":1273.0,"safe_price":0.25909,"ft_order_side":"buy","order_filled_timestamp":1759435200000,"ft_is_entry":true,"ft_order_tag":"","cost":330.15139157},{"amount":1273.0,"safe_price":0.2618,"ft_order_side":"sell","order_filled_timestamp":1759442400000,"ft_is_entry":false,"ft_order_tag":"roi","cost":333.6046713999999}],"funding_fees":0.0,"weekday":3},{"pair":"DOGE/USDT","stake_amount":330.84922,"max_stake_amount":330.84922,"amount":1286.0,"open_date":"2025-10-06 07:00:00+00:00","close_date":"2025-10-06 09:00:00+00:00","open_rate":0.25727,"close_rate":0.25778505505505506,"fee_open":0.001,"fee_close":0.001,"trade_duration":120,"profit_ratio":0.0,"profit_abs":0.0,"exit_reason":"roi","initial_stop_loss_abs":0.24441,"initial_stop_loss_ratio":-0.05,"stop_loss_abs":0.24441,"stop_loss_ratio":-0.05,"min_rate":0.25406,"max_rate":0.25916,"is_open":false,"enter_tag":"","leverage":1.0,"is_short":false,"open_timestamp":1759734000000,"close_timestamp":1759741200000,"orders":[{"amount":1286.0,"safe_price":0.25727,"ft_order_side":"buy","order_filled_timestamp":1759734000000,"ft_is_entry":true,"ft_order_tag":"","cost":331.18006921999995},{"amount":1286.0,"safe_price":0.25778505505505506,"ft_order_side":"sell","order_filled_timestamp":1759741200000,"ft_is_entry":false,"ft_order_tag":"roi","cost":331.84309238160154}],"funding_fees":0.0,"weekday":0},{"pair":"DOGE/USDT","stake_amount":330.67905,"max_stake_amount":330.67905,"amount":1313.0,"open_date":"2025-10-10 14:00:00+00:00","close_date":"2025-10-10 15:00:00+00:00","open_rate":0.25185,"close_rate":0.24702,"fee_open":0.001,"fee_close":0.001,"trade_duration":60,"profit_ratio":-0.0211377663432458,"profit_abs":-6.99680631,"exit_reason":"exit_signal","initial_stop_loss_abs":0.23926,"initial_stop_loss_ratio":-0.05,"stop_loss_abs":0.23926,"stop_loss_ratio":-0.05,"min_rate":0.23602,"max_rate":0.25304,"is_open":false,"enter_tag":"","leverage":1.0,"is_short":false,"open_timestamp":1760104800000,"close_timestamp":1760108400000,"orders":[{"amount":1313.0,"safe_price":0.25185,"ft_order_side":"buy","order_filled_timestamp":1760104800000,"ft_is_entry":true,"ft_order_tag":"","cost":331.00972905},{"amount":1313.0,"safe_price":0.24702,"ft_order_side":"sell","order_filled_timestamp":1760108400000,"ft_is_entry":false,"ft_order_tag":"exit_signal","cost":324.6615972599999}],"funding_fees":0.0,"weekday":4},{"pair":"DOGE/USDT","stake_amount":328.4782,"max_stake_amount":328.4782,"amount":1555.0,"open_date":"2025-10-13 14:00:00+00:00","close_date":"2025-10-13 16:00:00+00:00","open_rate":0.21124,"close_rate":0.21166290290290288,"fee_open":0.001,"fee_close":0.001,"trade_duration":120,"profit_ratio":0.0,"profit_abs":0.0,"exit_reason":"roi","initial_stop_loss_abs":0.20068,"initial_stop_loss_ratio":-0.05,"stop_loss_abs":0.20068,"stop_loss_ratio":-0.05,"min_rate":0.20517,"max_rate":0.21192,"is_open":false,"enter_tag":"","leverage":1.0,"is_short":false,"open_timestamp":1760364000000,"close_timestamp":1760371200000,"orders":[{"amount":1555.0,"safe_price":0.21124,"ft_order_side":"buy","order_filled_timestamp":1760364000000,"ft_is_entry":true,"ft_order_tag":"","cost":328.80667819999996},{"amount":1555.0,"safe_price":0.21166290290290288,"ft_order_side":"sell","order_filled_timestamp":1760371200000,"ft_is_entry":false,"ft_order_tag":"roi","cost":329.46494982802795}],"funding_fees":0.0,"weekday":0},{"pair":"DOGE/USDT","stake_amount":328.59932,"max_stake_amount":328.59932,"amount":1652.0,"open_date":"2025-10-16 07:00:00+00:00","close_date":"2025-10-16 10:00:00+00:00","open_rate":0.19891,"close_rate":0.19814,"fee_open":0.001,"fee_close":0.001,"trade_duration":180,"profit_ratio":-0.0058613650187728916,"profit_abs":-1.9279666,"exit_reason":"exit_signal","initial_stop_loss_abs":0.18897,"initial_stop_loss_ratio":-0.05,"stop_loss_abs":0.18897,"stop_loss_ratio":-0.05,"min_rate":0.19015,"max_rate":0.20062,"is_open":false,"enter_tag":"","leverage":1.0,"is_short":false,"open_timestamp":1760598000000,"close_timestamp":1760608800000,"orders":[{"amount":1652.0,"safe_price":0.19891,"ft_order_side":"buy","order_filled_timestamp":1760598000000,"ft_is_entry":true,"ft_order_tag":"","cost":328.92791931999994},{"amount":1652.0,"safe_price":0.19814,"ft_order_side":"sell","order_filled_timestamp":1760608800000,"ft_is_entry":false,"ft_order_tag":"exit_signal","cost":327.65460728}],"funding_fees":0.0,"weekday":3},{"pair":"DOGE/USDT","stake_amount":327.84917,"max_stake_amount":327.84917,"amount":1639.0,"open_date":"2025-10-16 13:00:00+00:00","close_date":"2025-10-16 15:00:00+00:00","open_rate":0.20003,"close_rate":0.19003,"fee_open":0.001,"fee_close":0.001,"trade_duration":120,"profit_ratio":-0.051890618005700745,"profit_abs":-17.02930834,"exit_reason":"stop_loss","initial_stop_loss_abs":0.19003,"initial_stop_loss_ratio":-0.05,"stop_loss_abs":0.19003,"stop_loss_ratio":-0.05,"min_rate":0.18784,"max_rate":0.20035,"is_open":false,"enter_tag":"","leverage":1.0,"is_short":false,"open_timestamp":1760619600000,"close_timestamp":1760626800000,"orders":[{"amount":1639.0,"safe_price":0.20003,"ft_order_side":"buy","order_filled_timestamp":1760619600000,"ft_is_entry":true,"ft_order_tag":"","cost":328.17701917},{"amount":1639.0,"safe_price":0.19003,"ft_order_side":"sell","order_filled_timestamp":1760626800000,"ft_is_entry":false,"ft_order_tag":"stop_loss","cost":311.77062917}],"funding_fees":0.0,"weekday":3},{"pair":"DOGE/USDT","stake_amount":322.32711,"max_stake_amount":322.32711,"amount":1659.0,"open_date":"2025-10-19 11:00:00+00:00","close_date":"2025-10-19 13:00:00+00:00","open_rate":0.19429,"close_rate":0.19467896896896894,"fee_open":0.001,"fee_close":0.001,"trade_duration":120,"profit_ratio":0.0,"profit_abs":0.0,"exit_reason":"roi","initial_stop_loss_abs":0.18458,"initial_stop_loss_ratio":-0.05,"stop_loss_abs":0.18458,"stop_loss_ratio":-0.05,"min_rate":0.19259,"max_rate":0.19805,"is_open":false,"enter_tag":"","leverage":1.0,"is_short":false,"open_timestamp":1760871600000,"close_timestamp":1760878800000,"orders":[{"amount":1659.0,"safe_price":0.19429,"ft_order_side":"buy","order_filled_timestamp":1760871600000,"ft_is_entry":true,"ft_order_tag":"","cost":322.64943710999995},{"amount":1659.0,"safe_price":0.19467896896896894,"ft_order_side":"sell","order_filled_timestamp":1760878800000,"ft_is_entry":false,"ft_order_tag":"roi","cost":323.29538192903897}],"funding_fees":0.0,"weekday":6},{"pair":"DOGE/USDT","stake_amount":322.3056,"max_stake_amount":322.3056,"amount":1618.0,"open_date":"2025-10-20 04:00:00+00:00","close_date":"2025-10-20 06:00:00+00:00","open_rate":0.1992,"close_rate":0.20135,"fee_open":0.001,"fee_close":0.001,"trade_duration":120,"profit_ratio":0.008773605912160129,"profit_abs":2.8306101,"exit_reason":"roi","initial_stop_loss_abs":0.18924,"initial_stop_loss_ratio":-0.05,"stop_loss_abs":0.18924,"stop_loss_ratio":-0.05,"min_rate":0.1992,"max_rate":0.20249,"is_open":false,"enter_tag":"","leverage":1.0,"is_short":false,"open_timestamp":1760932800000,"close_timestamp":1760940000000,"orders":[{"amount":1618.0,"safe_price":0.1992,"ft_order_side":"buy","order_filled_timestamp":1760932800000,"ft_is_entry":true,"ft_order_tag":"","cost":322.62790559999996},{"amount":1618.0,"safe_price":0.20135,"ft_order_side":"sell","order_filled_timestamp":1760940000000,"ft_is_entry":false,"ft_order_tag":"roi","cost":326.1100843}],"funding_fees":0.0,"weekday":0},{"pair":"DOGE/USDT","stake_amount":323.2556,"max_stake_amount":323.2556,"amount":1592.0,"open_date":"2025-10-21 15:00:00+00:00","close_date":"2025-10-22 00:00:00+00:00","open_rate":0.20305,"close_rate":0.19427,"fee_open":0.001,"fee_close":0.001,"trade_duration":540,"profit_ratio":-0.04515218836814503,"profit_abs":-14.61029344,"exit_reason":"exit_signal","initial_stop_loss_abs":0.1929,"initial_stop_loss_ratio":-0.05,"stop_loss_abs":0.1929,"stop_loss_ratio":-0.05,"min_rate":0.19251,"max_rate":0.20563,"is_open":false,"enter_tag":"","leverage":1.0,"is_short":false,"open_timestamp":1761058800000,"close_timestamp":1761091200000,"orders":[{"amount":1592.0,"safe_price":0.20305,"ft_order_side":"buy","order_filled_timestamp":1761058800000,"ft_is_entry":true,"ft_order_tag":"","cost":323.5788556},{"amount":1592.0,"safe_price":0.19427,"ft_order_side":"sell","order_filled_timestamp":1761091200000,"ft_is_entry":false,"ft_order_tag":"exit_signal","cost":309.58711783999996}],"funding_fees":0.0,"weekday":2},{"pair":"DOGE/USDT","stake_amount":318.38193,"max_stake_amount":318.38193,"amount":1611.0,"open_date":"2025-10-24 05:00:00+00:00","close_date":"2025-10-24 07:00:00+00:00","open_rate":0.19763,"close_rate":0.19837,"fee_open":0.001,"fee_close":0.001,"trade_duration":120,"profit_ratio":0.0017388875355783214,"profit_abs":0.554184,"exit_reason":"roi","initial_stop_loss_abs":0.18775,"initial_stop_loss_ratio":-0.05,"stop_loss_abs":0.18775,"stop_loss_ratio":-0.05,"min_rate":0.19608,"max_rate":0.19849,"is_open":false,"enter_tag":"","leverage":1.0,"is_short":false,"open_timestamp":1761282000000,"close_timestamp":1761289200000,"orders":[{"amount":1611.0,"safe_price":0.19763,"ft_order_side":"buy","order_filled_timestamp":1761282000000,"ft_is_entry":true,"ft_order_tag":"","cost":318.70031193},{"amount":1611.0,"safe_price":0.19837,"ft_order_side":"sell","order_filled_timestamp":1761289200000,"ft_is_entry":false,"ft_order_tag":"roi","cost":319.89364407}],"funding_fees":0.0,"weekday":4},{"pair":"DOGE/USDT","stake_amount":318.52968,"max_stake_amount":318.52968,"amount":1596.0,"open_date":"2025-10-26 10:00:00+00:00","close_date":"2025-10-26 12:00:00+00:00","open_rate":0.19958,"close_rate":0.20183,"fee_open":0.001,"fee_close":0.001,"trade_duration":120,"profit_ratio":0.009253147894294302,"profit_abs":2.95034964,"exit_reason":"roi","initial_stop_loss_abs":0.18961,"initial_stop_loss_ratio":-0.05,"stop_loss_abs":0.18961,"stop_loss_ratio":-0.05,"min_rate":0.19833,"max_rate":0.20286,"is_open":false,"enter_tag":"","leverage":1.0,"is_short":false,"open_timestamp":1761472800000,"close_timestamp":1761480000000,"orders":[{"amount":1596.0,"safe_price":0.19958,"ft_order_side":"buy","order_filled_timestamp":1761472800000,"ft_is_entry":true,"ft_order_tag":"","cost":318.84820967999997},{"amount":1596.0,"safe_price":0.20183,"ft_order_side":"sell","order_filled_timestamp":1761480000000,"ft_is_entry":false,"ft_order_tag":"roi","cost":322.44280067999995}],"funding_fees":0.0,"weekday":6},{"pair":"DOGE/USDT","stake_amount":319.46592,"max_stake_amount":319.46592,"amount":1704.0,"open_date":"2025-10-31 20:00:00+00:00","close_date":"2025-11-01 07:00:00+00:00","open_rate":0.18748,"close_rate":0.18609,"fee_open":0.001,"fee_close":0.001,"trade_duration":660,"profit_ratio":-0.009397312736335565,"profit_abs":-3.00512328,"exit_reason":"exit_signal","initial_stop_loss_abs":0.17811,"initial_stop_loss_ratio":-0.05,"stop_loss_abs":0.17811,"stop_loss_ratio":-0.05,"min_rate":0.18512,"max_rate":0.1876,"is_open":false,"enter_tag":"","leverage":1.0,"is_short":false,"open_timestamp":1761940800000,"close_timestamp":1761980400000,"orders":[{"amount":1704.0,"safe_price":0.18748,"ft_order_side":"buy","order_filled_timestamp":1761940800000,"ft_is_entry":true,"ft_order_tag":"","cost":319.78538592},{"amount":1704.0,"safe_price":0.18609,"ft_order_side":"sell","order_filled_timestamp":1761980400000,"ft_is_entry":false,"ft_order_tag":"exit_signal","cost":317.41445736000003}],"funding_fees":0.0,"weekday":5},{"pair":"DOGE/USDT","stake_amount":318.45792,"max_stake_amount":318.45792,"amount":1696.0,"open_date":"2025-11-01 21:00:00+00:00","close_date":"2025-11-02 03:00:00+00:00","open_rate":0.18777,"close_rate":0.18645,"fee_open":0.001,"fee_close":0.001,"trade_duration":360,"profit_ratio":-0.009013833266908838,"profit_abs":-2.87339712,"exit_reason":"exit_signal","initial_stop_loss_abs":0.17839,"initial_stop_loss_ratio":-0.05,"stop_loss_abs":0.17839,"stop_loss_ratio":-0.05,"min_rate":0.18588,"max_rate":0.188,"is_open":false,"enter_tag":"","leverage":1.0,"is_short":false,"open_timestamp":1762030800000,"close_timestamp":1762052400000,"orders":[{"amount":1696.0,"safe_price":0.18777,"ft_order_side":"buy","order_filled_timestamp":1762030800000,"ft_is_entry":true,"ft_order_tag":"","cost":318.77637791999996},{"amount":1696.0,"safe_price":0.18645,"ft_order_side":"sell","order_filled_timestamp":1762052400000,"ft_is_entry":false,"ft_order_tag":"exit_signal","cost":316.5354192}],"funding_fees":0.0,"weekday":6},{"pair":"DOGE/USDT","stake_amount":317.52714,"max_stake_amount":317.52714,"amount":1687.0,"open_date":"2025-11-02 08:00:00+00:00","close_date":"2025-11-02 11:00:00+00:00","open_rate":0.18822,"close_rate":0.1855,"fee_open":0.001,"fee_close":0.001,"trade_duration":180,"profit_ratio":-0.016420302681061368,"profit_abs":-5.21910564,"exit_reason":"exit_signal","initial_stop_loss_abs":0.17881,"initial_stop_loss_ratio":-0.05,"stop_loss_abs":0.17881,"stop_loss_ratio":-0.05,"min_rate":0.18484,"max_rate":0.1884,"is_open":false,"enter_tag":"","leverage":1.0,"is_short":false,"open_timestamp":1762070400000,"close_timestamp":1762081200000,"orders":[{"amount":1687.0,"safe_price":0.18822,"ft_order_side":"buy","order_filled_timestamp":1762070400000,"ft_is_entry":true,"ft_order_tag":"","cost":317.84466713999996},{"amount":1687.0,"safe_price":0.1855,"ft_order_side":"sell","order_filled_timestamp":1762081200000,"ft_is_entry":false,"ft_order_tag":"exit_signal","cost":313.25143849999995}],"funding_fees":0.0,"weekday":6},{"pair":"DOGE/USDT","stake_amount":315.89838,"max_stake_amount":315.89838,"amount":1869.0,"open_date":"2025-11-07 16:00:00+00:00","close_date":"2025-11-07 17:00:00+00:00","open_rate":0.16902,"close_rate":0.17781783783783786,"fee_open":0.001,"fee_close":0.001,"trade_duration":60,"profit_ratio":0.04995004995004995,"profit_abs":15.794919,"exit_reason":"roi","initial_stop_loss_abs":0.16057,"initial_stop_loss_ratio":-0.05,"stop_loss_abs":0.16057,"stop_loss_ratio":-0.05,"min_rate":0.16834,"max_rate":0.17978,"is_open":false,"enter_tag":"","leverage":1.0,"is_short":false,"open_timestamp":1762531200000,"close_timestamp":1762534800000,"orders":[{"amount":1869.0,"safe_price":0.16902,"ft_order_side":"buy","order_filled_timestamp":1762531200000,"ft_is_entry":true,"ft_order_tag":"","cost":316.21427838},{"amount":1869.0,"safe_price":0.17781783783783786,"ft_order_side":"sell","order_filled_timestamp":1762534800000,"ft_is_entry":false,"ft_order_tag":"roi","cost":332.6738804578378}],"funding_fees":0.0,"weekday":4},{"pair":"DOGE/USDT","stake_amount":321.15132,"max_stake_amount":321.15132,"amount":1953.0,"open_date":"2025-11-15 18:00:00+00:00","close_date":"2025-11-16 00:00:00+00:00","open_rate":0.16444,"close_rate":0.16316,"fee_open":0.001,"fee_close":0.001,"trade_duration":360,"profit_ratio":-0.009766443724118255,"profit_abs":-3.1396428,"exit_reason":"exit_signal","initial_stop_loss_abs":0.15622,"initial_stop_loss_ratio":-0.05,"stop_loss_abs":0.15622,"stop_loss_ratio":-0.05,"min_rate":0.16158,"max_rate":0.16447,"is_open":false,"enter_tag":"","leverage":1.0,"is_short":false,"open_timestamp":1763229600000,"close_timestamp":1763251200000,"orders":[{"amount":1953.0,"safe_price":0.16444,"ft_order_side":"buy","order_filled_timestamp":1763229600000,"ft_is_entry":true,"ft_order_tag":"","cost":321.47247131999995},{"amount":1953.0,"safe_price":0.16316,"ft_order_side":"sell","order_filled_timestamp":1763251200000,"ft_is_entry":false,"ft_order_tag":"exit_signal","cost":318.97013147999996}],"funding_fees":0.0,"weekday":6},{"pair":"DOGE/USDT","stake_amount":320.13144,"max_stake_amount":320.13144,"amount":2286.0,"open_date":"2025-12-06 15:00:00+00:00","close_date":"2025-12-06 18:00:00+00:00","open_rate":0.14004,"close_rate":0.14032036036036033,"fee_open":0.001,"fee_close":0.001,"trade_duration":180,"profit_ratio":0.0,"profit_abs":0.0,"exit_reason":"roi","initial_stop_loss_abs":0.13304,"initial_stop_loss_ratio":-0.05,"stop_loss_abs":0.13304,"stop_loss_ratio":-0.05,"min_rate":0.13902,"max_rate":0.14058,"is_open":false,"enter_tag":"","leverage":1.0,"is_short":false,"open_timestamp":1765033200000,"close_timestamp":1765044000000,"orders":[{"amount":2286.0,"safe_price":0.14004,"ft_order_side":"buy","order_filled_timestamp":1765033200000,"ft_is_entry":true,"ft_order_tag":"","cost":320.45157143999995},{"amount":2286.0,"safe_price":0.14032036036036033,"ft_order_side":"sell","order_filled_timestamp":1765044000000,"ft_is_entry":false,"ft_order_tag":"roi","cost":321.09311612756744}],"funding_fees":0.0,"weekday":5},{"pair":"DOGE/USDT","stake_amount":320.10135,"max_stake_amount":320.10135,"amount":2263.0,"open_date":"2025-12-07 18:00:00+00:00","close_date":"2025-12-07 20:00:00+00:00","open_rate":0.14145,"close_rate":0.1421,"fee_open":0.001,"fee_close":0.001,"trade_duration":120,"profit_ratio":0.0025880800005932563,"profit_abs":0.82927635,"exit_reason":"roi","initial_stop_loss_abs":0.13438,"initial_stop_loss_ratio":-0.05,"stop_loss_abs":0.13438,"stop_loss_ratio":-0.05,"min_rate":0.14126,"max_rate":0.14291,"is_open":false,"enter_tag":"","leverage":1.0,"is_short":false,"open_timestamp":1765130400000,"close_timestamp":1765137600000,"orders":[{"amount":2263.0,"safe_price":0.14145,"ft_order_side":"buy","order_filled_timestamp":1765130400000,"ft_is_entry":true,"ft_order_tag":"","cost":320.4214513499999},{"amount":2263.0,"safe_price":0.1421,"ft_order_side":"sell","order_filled_timestamp":1765137600000,"ft_is_entry":false,"ft_order_tag":"roi","cost":321.89387229999994}],"funding_fees":0.0,"weekday":6},{"pair":"DOGE/USDT","stake_amount":320.3292,"max_stake_amount":320.3292,"amount":2180.0,"open_date":"2025-12-10 19:00:00+00:00","close_date":"2025-12-10 22:00:00+00:00","open_rate":0.14694,"close_rate":0.14455,"fee_open":0.001,"fee_close":0.001,"trade_duration":180,"profit_ratio":-0.01823064644624465,"profit_abs":-5.8456482,"exit_reason":"exit_signal","initial_stop_loss_abs":0.1396,"initial_stop_loss_ratio":-0.05,"stop_loss_abs":0.1396,"stop_loss_ratio":-0.05,"min_rate":0.14235,"max_rate":0.15031,"is_open":false,"enter_tag":"","leverage":1.0,"is_short":false,"open_timestamp":1765393200000,"close_timestamp":1765404000000,"orders":[{"amount":2180.0,"safe_price":0.14694,"ft_order_side":"buy","order_filled_timestamp":1765393200000,"ft_is_entry":true,"ft_order_tag":"","cost":320.6495291999999},{"amount":2180.0,"safe_price":0.14455,"ft_order_side":"sell","order_filled_timestamp":1765404000000,"ft_is_entry":false,"ft_order_tag":"exit_signal","cost":315.434119}],"funding_fees":0.0,"weekday":2},{"pair":"DOGE/USDT","stake_amount":318.36636,"max_stake_amount":318.36636,"amount":2306.0,"open_date":"2025-12-11 19:00:00+00:00","close_date":"2025-12-11 21:00:00+00:00","open_rate":0.13806,"close_rate":0.14006,"fee_open":0.001,"fee_close":0.001,"trade_duration":120,"profit_ratio":0.012459509200056788,"profit_abs":3.97065528,"exit_reason":"roi","initial_stop_loss_abs":0.13116,"initial_stop_loss_ratio":-0.05,"stop_loss_abs":0.13116,"stop_loss_ratio":-0.05,"min_rate":0.13787,"max_rate":0.14281,"is_open":false,"enter_tag":"","leverage":1.0,"is_short":false,"open_timestamp":1765479600000,"close_timestamp":1765486800000,"orders":[{"amount":2306.0,"safe_price":0.13806,"ft_order_side":"buy","order_filled_timestamp":1765479600000,"ft_is_entry":true,"ft_order_tag":"","cost":318.68472635999996},{"amount":2306.0,"safe_price":0.14006,"ft_order_side":"sell","order_filled_timestamp":1765486800000,"ft_is_entry":false,"ft_order_tag":"roi","cost":323.30133835999993}],"funding_fees":0.0,"weekday":3},{"pair":"DOGE/USDT","stake_amount":319.65896,"max_stake_amount":319.65896,"amount":2377.0,"open_date":"2025-12-17 15:00:00+00:00","close_date":"2025-12-17 16:00:00+00:00","open_rate":0.13448,"close_rate":0.12776,"fee_open":0.001,"fee_close":0.001,"trade_duration":60,"profit_ratio":-0.05186841712719167,"profit_abs":-16.59678448,"exit_reason":"stop_loss","initial_stop_loss_abs":0.12776,"initial_stop_loss_ratio":-0.05,"stop_loss_abs":0.12776,"stop_loss_ratio":-0.05,"min_rate":0.12583,"max_rate":0.13631,"is_open":false,"enter_tag":"","leverage":1.0,"is_short":false,"open_timestamp":1765983600000,"close_timestamp":1765987200000,"orders":[{"amount":2377.0,"safe_price":0.13448,"ft_order_side":"buy","order_filled_timestamp":1765983600000,"ft_is_entry":true,"ft_order_tag":"","cost":319.97861895999995},{"amount":2377.0,"safe_price":0.12776,"ft_order_side":"sell","order_filled_timestamp":1765987200000,"ft_is_entry":false,"ft_order_tag":"stop_loss","cost":303.98920552000004}],"funding_fees":0.0,"weekday":2},{"pair":"DOGE/USDT","stake_amount":314.22846,"max_stake_amount":314.22846,"amount":2366.0,"open_date":"2025-12-21 09:00:00+00:00","close_date":"2025-12-21 14:00:00+00:00","open_rate":0.13281,"close_rate":0.12896,"fee_open":0.001,"fee_close":0.001,"trade_duration":300,"profit_ratio":-0.030928863321002465,"profit_abs":-9.72844782,"exit_reason":"exit_signal","initial_stop_loss_abs":0.12617,"initial_stop_loss_ratio":-0.05,"stop_loss_abs":0.12617,"stop_loss_ratio":-0.05,"min_rate":0.12871,"max_rate":0.13342,"is_open":false,"enter_tag":"","leverage":1.0,"is_short":false,"open_timestamp":1766307600000,"close_timestamp":1766325600000,"orders":[{"amount":2366.0,"safe_price":0.13281,"ft_order_side":"buy","order_filled_timestamp":1766307600000,"ft_is_entry":true,"ft_order_tag":"","cost":314.54268846},{"amount":2366.0,"safe_price":0.12896,"ft_order_side":"sell","order_filled_timestamp":1766325600000,"ft_is_entry":false,"ft_order_tag":"exit_signal","cost":305.42447935999996}],"funding_fees":0.0,"weekday":6},{"pair":"DOGE/USDT","stake_amount":311.08895,"max_stake_amount":311.08895,"amount":2363.0,"open_date":"2025-12-22 01:00:00+00:00","close_date":"2025-12-22 03:00:00+00:00","open_rate":0.13165,"close_rate":0.13191356356356354,"fee_open":0.001,"fee_close":0.001,"trade_duration":120,"profit_ratio":0.0,"profit_abs":0.0,"exit_reason":"roi","initial_stop_loss_abs":0.12507,"initial_stop_loss_ratio":-0.05,"stop_loss_abs":0.12507,"stop_loss_ratio":-0.05,"min_rate":0.12952,"max_rate":0.13301,"is_open":false,"enter_tag":"","leverage":1.0,"is_short":false,"open_timestamp":1766365200000,"close_timestamp":1766372400000,"orders":[{"amount":2363.0,"safe_price":0.13165,"ft_order_side":"buy","order_filled_timestamp":1766365200000,"ft_is_entry":true,"ft_order_tag":"","cost":311.4000389499999},{"amount":2363.0,"safe_price":0.13191356356356354,"ft_order_side":"sell","order_filled_timestamp":1766372400000,"ft_is_entry":false,"ft_order_tag":"roi","cost":312.0234624514013}],"funding_fees":0.0,"weekday":0},{"pair":"DOGE/USDT","stake_amount":311.10051,"max_stake_amount":311.10051,"amount":2499.0,"open_date":"2025-12-28 15:00:00+00:00","close_date":"2025-12-28 19:00:00+00:00","open_rate":0.12449,"close_rate":0.12337,"fee_open":0.001,"fee_close":0.001,"trade_duration":240,"profit_ratio":-0.010976733123090261,"profit_abs":-3.41828214,"exit_reason":"exit_signal","initial_stop_loss_abs":0.11827,"initial_stop_loss_ratio":-0.05,"stop_loss_abs":0.11827,"stop_loss_ratio":-0.05,"min_rate":0.12314,"max_rate":0.1249,"is_open":false,"enter_tag":"","leverage":1.0,"is_short":false,"open_timestamp":1766934000000,"close_timestamp":1766948400000,"orders":[{"amount":2499.0,"safe_price":0.12449,"ft_order_side":"buy","order_filled_timestamp":1766934000000,"ft_is_entry":true,"ft_order_tag":"","cost":311.41161050999995},{"amount":2499.0,"safe_price":0.12337,"ft_order_side":"sell","order_filled_timestamp":1766948400000,"ft_is_entry":false,"ft_order_tag":"exit_signal","cost":308.60993162999995}],"funding_fees":0.0,"weekday":6},{"pair":"DOGE/USDT","stake_amount":309.97178,"max_stake_amount":309.97178,"amount":2477.0,"open_date":"2025-12-29 01:00:00+00:00","close_date":"2025-12-29 03:00:00+00:00","open_rate":0.12514,"close_rate":0.12639,"fee_open":0.001,"fee_close":0.001,"trade_duration":120,"profit_ratio":0.0079708528645719,"profit_abs":2.47321019,"exit_reason":"roi","initial_stop_loss_abs":0.11889,"initial_stop_loss_ratio":-0.05,"stop_loss_abs":0.11889,"stop_loss_ratio":-0.05,"min_rate":0.12437,"max_rate":0.12777,"is_open":false,"enter_tag":"","leverage":1.0,"is_short":false,"open_timestamp":1766970000000,"close_timestamp":1766977200000,"orders":[{"amount":2477.0,"safe_price":0.12514,"ft_order_side":"buy","order_filled_timestamp":1766970000000,"ft_is_entry":true,"ft_order_tag":"","cost":310.28175178},{"amount":2477.0,"safe_price":0.12639,"ft_order_side":"sell","order_filled_timestamp":1766977200000,"ft_is_entry":false,"ft_order_tag":"roi","cost":313.38109803}],"funding_fees":0.0,"weekday":0},{"pair":"DOGE/USDT","stake_amount":310.75468,"max_stake_amount":310.75468,"amount":2036.0,"open_date":"2026-01-06 15:00:00+00:00","close_date":"2026-01-06 16:00:00+00:00","open_rate":0.15263,"close_rate":0.14998,"fee_open":0.001,"fee_close":0.001,"trade_duration":60,"profit_ratio":-0.01932556076564463,"profit_abs":-6.01151396,"exit_reason":"exit_signal","initial_stop_loss_abs":0.145,"initial_stop_loss_ratio":-0.05,"stop_loss_abs":0.145,"stop_loss_ratio":-0.05,"min_rate":0.14417,"max_rate":0.15353,"is_open":false,"enter_tag":"","leverage":1.0,"is_short":false,"open_timestamp":1767711600000,"close_timestamp":1767715200000,"orders":[{"amount":2036.0,"safe_price":0.15263,"ft_order_side":"buy","order_filled_timestamp":1767711600000,"ft_is_entry":true,"ft_order_tag":"","cost":311.0654346799999},{"amount":2036.0,"safe_price":0.14998,"ft_order_side":"sell","order_filled_timestamp":1767715200000,"ft_is_entry":false,"ft_order_tag":"exit_signal","cost":305.66463927999996}],"funding_fees":0.0,"weekday":1}],"locks":[],"best_pair":{"key":"DOGE/USDT","trades":26,"profit_mean":-0.007645966623764392,"profit_mean_pct":-0.76,"profit_total_abs":-64.21237854,"profit_total":-0.06421237854,"profit_total_pct":-6.42,"duration_avg":"3:07:00","wins":8,"draws":5,"losses":13,"winrate":0.3076923076923077,"cagr":-0.22098928067857782,"expectancy":-2.469706866923077,"expectancy_ratio":-0.525351432610875,"sortino":-2.4453776081334024,"sharpe":-1.860947728732524,"calmar":-18.929230808998618,"sqn":-1.817,"profit_factor":0.33391251939363464,"max_drawdown_account":0.06681292551638093,"max_drawdown_abs":66.99911557},"worst_pair":{"key":"DOGE/USDT","trades":26,"profit_mean":-0.007645966623764392,"profit_mean_pct":-0.76,"profit_total_abs":-64.21237854,"profit_total":-0.06421237854,"profit_total_pct":-6.42,"duration_avg":"3:07:00","wins":8,"draws":5,"losses":13,"winrate":0.3076923076923077,"cagr":-0.22098928067857782,"expectancy":-2.469706866923077,"expectancy_ratio":-0.525351432610875,"sortino":-2.4453776081334024,"sharpe":-1.860947728732524,"calmar":-18.929230808998618,"sqn":-1.817,"profit_factor":0.33391251939363464,"max_drawdown_account":0.06681292551638093,"max_drawdown_abs":66.99911557},"results_per_pair":[{"key":"DOGE/USDT","trades":26,"profit_mean":-0.007645966623764392,"profit_mean_pct":-0.76,"profit_total_abs":-64.21237854,"profit_total":-0.06421237854,"profit_total_pct":-6.42,"duration_avg":"3:07:00","wins":8,"draws":5,"losses":13,"winrate":0.3076923076923077,"cagr":-0.22098928067857782,"expectancy":-2.469706866923077,"expectancy_ratio":-0.525351432610875,"sortino":-2.4453776081334024,"sharpe":-1.860947728732524,"calmar":-18.929230808998618,"sqn":-1.817,"profit_factor":0.33391251939363464,"max_drawdown_account":0.06681292551638093,"max_drawdown_abs":66.99911557},{"key":"TOTAL","trades":26,"profit_mean":-0.007645966623764392,"profit_mean_pct":-0.76,"profit_total_abs":-64.21237854,"profit_total":-0.06421237854,"profit_total_pct":-6.42,"duration_avg":"3:07:00","wins":8,"draws":5,"losses":13,"winrate":0.3076923076923077,"cagr":-0.22098928067857782,"expectancy":-2.469706866923077,"expectancy_ratio":-0.525351432610875,"sortino":-2.4453776081334024,"sharpe":-1.860947728732524,"calmar":-18.929230808998618,"sqn":-1.817,"profit_factor":0.33391251939363464,"max_drawdown_account":0.06681292551638093,"max_drawdown_abs":66.99911557}],"results_per_enter_tag":[{"key":"","trades":26,"profit_mean":-0.007645966623764392,"profit_mean_pct":-0.76,"profit_total_abs":-64.21237854,"profit_total":-0.06421237854,"profit_total_pct":-6.42,"duration_avg":"3:07:00","wins":8,"draws":5,"losses":13,"winrate":0.3076923076923077,"cagr":-0.22098928067857782,"expectancy":-2.469706866923077,"expectancy_ratio":-0.525351432610875,"sortino":-2.4453776081334024,"sharpe":-1.860947728732524,"calmar":-18.929230808998618,"sqn":-1.817,"profit_factor":0.33391251939363464,"max_drawdown_account":0.06681292551638093,"max_drawdown_abs":66.99911557},{"key":"TOTAL","trades":26,"profit_mean":-0.007645966623764392,"profit_mean_pct":-0.76,"profit_total_abs":-64.21237854,"profit_total":-0.06421237854,"profit_total_pct":-6.42,"duration_avg":"3:07:00","wins":8,"draws":5,"losses":13,"winrate":0.3076923076923077,"cagr":-0.22098928067857782,"expectancy":-2.469706866923077,"expectancy_ratio":-0.525351432610875,"sortino":-2.4453776081334024,"sharpe":-1.860947728732524,"calmar":-18.929230808998618,"sqn":-1.817,"profit_factor":0.33391251939363464,"max_drawdown_account":0.06681292551638093,"max_drawdown_abs":66.99911557}],"exit_reason_summary":[{"key":"roi","trades":13,"profit_mean":0.007782686054583687,"profit_mean_pct":0.78,"profit_total_abs":32.189941590000004,"profit_total":0.03218994159000001,"profit_total_pct":3.22,"duration_avg":"2:00:00","wins":8,"draws":5,"losses":0,"winrate":0.6153846153846154,"cagr":0.12661596117368812,"expectancy":2.4761493530769236,"expectancy_ratio":100.0,"sortino":-100,"sharpe":1.5513285038319446,"calmar":-100,"sqn":2.0988,"profit_factor":0.0,"max_drawdown_account":0.0,"max_drawdown_abs":0.0},{"key":"stop_loss","trades":2,"profit_mean":-0.05187951756644621,"profit_mean_pct":-5.19,"profit_total_abs":-33.62609282,"profit_total":-0.033626092819999995,"profit_total_pct":-3.36,"duration_avg":"1:30:00","wins":0,"draws":0,"losses":2,"winrate":0.0,"cagr":-0.12076887474107123,"expectancy":-16.81304641,"expectancy_ratio":-1.0,"sortino":-30.624642733947663,"sharpe":-30.624642733947663,"calmar":-19.69584863354931,"sqn":-77.7439,"profit_factor":0.0,"max_drawdown_account":0.03362609281999994,"max_drawdown_abs":33.62609282},{"key":"exit_signal","trades":11,"profit_mean":-0.017837365072233616,"profit_mean_pct":-1.78,"profit_total_abs":-62.77622731,"profit_total":-0.06277622731,"profit_total_pct":-6.28,"duration_avg":"4:44:00","wins":0,"draws":0,"losses":11,"winrate":0.0,"cagr":-0.21648103013867126,"expectancy":-5.706929755454546,"expectancy_ratio":-1.0,"sortino":-3.479556950115473,"sharpe":-3.479556950115473,"calmar":-19.69584863354929,"sqn":-5.0787,"profit_factor":0.0,"max_drawdown_account":0.06277622730999997,"max_drawdown_abs":62.77622731},{"key":"TOTAL","trades":26,"profit_mean":-0.007645966623764392,"profit_mean_pct":-0.76,"profit_total_abs":-64.21237854,"profit_total":-0.06421237854,"profit_total_pct":-6.42,"duration_avg":"3:07:00","wins":8,"draws":5,"losses":13,"winrate":0.3076923076923077,"cagr":-0.22098928067857782,"expectancy":-2.469706866923077,"expectancy_ratio":-0.525351432610875,"sortino":-2.4453776081334024,"sharpe":-1.860947728732524,"calmar":-18.929230808998618,"sqn":-1.817,"profit_factor":0.33391251939363464,"max_drawdown_account":0.06681292551638093,"max_drawdown_abs":66.99911557}],"mix_tag_stats":[{"key":["","roi"],"trades":13,"profit_mean":0.007782686054583687,"profit_mean_pct":0.78,"profit_total_abs":32.189941590000004,"profit_total":0.03218994159000001,"profit_total_pct":3.22,"duration_avg":"2:00:00","wins":8,"draws":5,"losses":0,"winrate":0.6153846153846154,"cagr":0.12661596117368812,"expectancy":2.4761493530769236,"expectancy_ratio":100.0,"sortino":-100,"sharpe":1.5513285038319446,"calmar":-100,"sqn":2.0988,"profit_factor":0.0,"max_drawdown_account":0.0,"max_drawdown_abs":0.0},{"key":["","stop_loss"],"trades":2,"profit_mean":-0.05187951756644621,"profit_mean_pct":-5.19,"profit_total_abs":-33.62609282,"profit_total":-0.033626092819999995,"profit_total_pct":-3.36,"duration_avg":"1:30:00","wins":0,"draws":0,"losses":2,"winrate":0.0,"cagr":-0.12076887474107123,"expectancy":-16.81304641,"expectancy_ratio":-1.0,"sortino":-30.624642733947663,"sharpe":-30.624642733947663,"calmar":-19.69584863354931,"sqn":-77.7439,"profit_factor":0.0,"max_drawdown_account":0.03362609281999994,"max_drawdown_abs":33.62609282},{"key":["","exit_signal"],"trades":11,"profit_mean":-0.017837365072233616,"profit_mean_pct":-1.78,"profit_total_abs":-62.77622731,"profit_total":-0.06277622731,"profit_total_pct":-6.28,"duration_avg":"4:44:00","wins":0,"draws":0,"losses":11,"winrate":0.0,"cagr":-0.21648103013867126,"expectancy":-5.706929755454546,"expectancy_ratio":-1.0,"sortino":-3.479556950115473,"sharpe":-3.479556950115473,"calmar":-19.69584863354929,"sqn":-5.0787,"profit_factor":0.0,"max_drawdown_account":0.06277622730999997,"max_drawdown_abs":62.77622731},{"key":"TOTAL","trades":26,"profit_mean":-0.007645966623764392,"profit_mean_pct":-0.76,"profit_total_abs":-64.21237854,"profit_total":-0.06421237854,"profit_total_pct":-6.42,"duration_avg":"3:07:00","wins":8,"draws":5,"losses":13,"winrate":0.3076923076923077,"cagr":-0.22098928067857782,"expectancy":-2.469706866923077,"expectancy_ratio":-0.525351432610875,"sortino":-2.4453776081334024,"sharpe":-1.860947728732524,"calmar":-18.929230808998618,"sqn":-1.817,"profit_factor":0.33391251939363464,"max_drawdown_account":0.06681292551638093,"max_drawdown_abs":66.99911557}],"left_open_trades":[{"key":"TOTAL","trades":0,"profit_mean":0.0,"profit_mean_pct":0.0,"profit_total_abs":0.0,"profit_total":0.0,"profit_total_pct":0.0,"duration_avg":"0:00","wins":0,"draws":0,"losses":0,"winrate":0.0,"cagr":0.0,"expectancy":0.0,"expectancy_ratio":100.0,"sortino":0,"sharpe":0,"calmar":0,"sqn":0.0,"profit_factor":0.0,"max_drawdown_account":0.0,"max_drawdown_abs":0.0}],"total_trades":26,"trade_count_long":26,"trade_count_short":0,"total_volume":16627.627294015474,"avg_stake_amount":320.35803153846155,"profit_mean":-0.007645966623764392,"profit_median":-0.0029306825093864458,"profit_total":-0.06421237854,"profit_total_long":-0.06421237854,"profit_total_short":0.0,"profit_total_abs":-64.21237854,"profit_total_long_abs":-64.21237854,"profit_total_short_abs":0.0,"cagr":-0.22098928067857782,"expectancy":-2.469706866923077,"expectancy_ratio":-0.525351432610875,"sortino":-2.4453776081334024,"sharpe":-1.860947728732524,"calmar":-18.929230808998618,"sqn":-1.817,"profit_factor":0.33391251939363464,"backtest_start":"2025-10-01 00:00:00","backtest_start_ts":1759276800000,"backtest_end":"2026-01-06 20:00:00","backtest_end_ts":1767729600000,"backtest_days":97,"backtest_run_start_ts":1767743390,"backtest_run_end_ts":1767743390,"trades_per_day":0.27,"market_change":-0.36632086436227446,"pairlist":["DOGE/USDT"],"stake_amount":"unlimited","stake_currency":"USDT","stake_currency_decimals":3,"starting_balance":1000,"dry_run_wallet":1000,"final_balance":935.78762146,"rejected_signals":0,"timedout_entry_orders":0,"timedout_exit_orders":0,"canceled_trade_entries":0,"canceled_entry_orders":0,"replaced_entry_orders":0,"max_open_trades":1,"max_open_trades_setting":3,"timeframe":"1h","timeframe_detail":"","timerange":"20251001-","enable_protections":false,"strategy_name":"ACO_29_9","freqaimodel":null,"freqai_identifier":null,"stoploss":-0.05,"trailing_stop":false,"trailing_stop_positive":null,"trailing_stop_positive_offset":0.0,"trailing_only_offset_is_reached":false,"use_custom_stoploss":false,"minimal_roi":{"0":0.1,"60":0.05,"120":0.0},"use_exit_signal":true,"exit_profit_only":false,"exit_profit_offset":0.0,"ignore_roi_if_entry_signal":false,"trading_mode":"spot","margin_mode":"","periodic_breakdown":{"day":[{"date":"02/10/2025","date_ts":1759363200000,"profit_abs":2.78673703,"wins":1,"draws":0,"losses":0,"trades":1,"profit_factor":0.0},{"date":"03/10/2025","date_ts":1759449600000,"profit_abs":0.0,"wins":0,"draws":0,"losses":0,"trades":0,"profit_factor":0.0},{"date":"04/10/2025","date_ts":1759536000000,"profit_abs":0.0,"wins":0,"draws":0,"losses":0,"trades":0,"profit_factor":0.0},{"date":"05/10/2025","date_ts":1759622400000,"profit_abs":0.0,"wins":0,"draws":0,"losses":0,"trades":0,"profit_factor":0.0},{"date":"06/10/2025","date_ts":1759708800000,"profit_abs":0.0,"wins":0,"draws":1,"losses":0,"trades":1,"profit_factor":0.0},{"date":"07/10/2025","date_ts":1759795200000,"profit_abs":0.0,"wins":0,"draws":0,"losses":0,"trades":0,"profit_factor":0.0},{"date":"08/10/2025","date_ts":1759881600000,"profit_abs":0.0,"wins":0,"draws":0,"losses":0,"trades":0,"profit_factor":0.0},{"date":"09/10/2025","date_ts":1759968000000,"profit_abs":0.0,"wins":0,"draws":0,"losses":0,"trades":0,"profit_factor":0.0},{"date":"10/10/2025","date_ts":1760054400000,"profit_abs":-6.99680631,"wins":0,"draws":0,"losses":1,"trades":1,"profit_factor":0.0},{"date":"11/10/2025","date_ts":1760140800000,"profit_abs":0.0,"wins":0,"draws":0,"losses":0,"trades":0,"profit_factor":0.0},{"date":"12/10/2025","date_ts":1760227200000,"profit_abs":0.0,"wins":0,"draws":0,"losses":0,"trades":0,"profit_factor":0.0},{"date":"13/10/2025","date_ts":1760313600000,"profit_abs":0.0,"wins":0,"draws":1,"losses":0,"trades":1,"profit_factor":0.0},{"date":"14/10/2025","date_ts":1760400000000,"profit_abs":0.0,"wins":0,"draws":0,"losses":0,"trades":0,"profit_factor":0.0},{"date":"15/10/2025","date_ts":1760486400000,"profit_abs":0.0,"wins":0,"draws":0,"losses":0,"trades":0,"profit_factor":0.0},{"date":"16/10/2025","date_ts":1760572800000,"profit_abs":-18.95727494,"wins":0,"draws":0,"losses":2,"trades":2,"profit_factor":0.0},{"date":"17/10/2025","date_ts":1760659200000,"profit_abs":0.0,"wins":0,"draws":0,"losses":0,"trades":0,"profit_factor":0.0},{"date":"18/10/2025","date_ts":1760745600000,"profit_abs":0.0,"wins":0,"draws":0,"losses":0,"trades":0,"profit_factor":0.0},{"date":"19/10/2025","date_ts":1760832000000,"profit_abs":0.0,"wins":0,"draws":1,"losses":0,"trades":1,"profit_factor":0.0},{"date":"20/10/2025","date_ts":1760918400000,"profit_abs":2.8306101,"wins":1,"draws":0,"losses":0,"trades":1,"profit_factor":0.0},{"date":"21/10/2025","date_ts":1761004800000,"profit_abs":0.0,"wins":0,"draws":0,"losses":0,"trades":0,"profit_factor":0.0},{"date":"22/10/2025","date_ts":1761091200000,"profit_abs":-14.61029344,"wins":0,"draws":0,"losses":1,"trades":1,"profit_factor":0.0},{"date":"23/10/2025","date_ts":1761177600000,"profit_abs":0.0,"wins":0,"draws":0,"losses":0,"trades":0,"profit_factor":0.0},{"date":"24/10/2025","date_ts":1761264000000,"profit_abs":0.554184,"wins":1,"draws":0,"losses":0,"trades":1,"profit_factor":0.0},{"date":"25/10/2025","date_ts":1761350400000,"profit_abs":0.0,"wins":0,"draws":0,"losses":0,"trades":0,"profit_factor":0.0},{"date":"26/10/2025","date_ts":1761436800000,"profit_abs":2.95034964,"wins":1,"draws":0,"losses":0,"trades":1,"profit_factor":0.0},{"date":"27/10/2025","date_ts":1761523200000,"profit_abs":0.0,"wins":0,"draws":0,"losses":0,"trades":0,"profit_factor":0.0},{"date":"28/10/2025","date_ts":1761609600000,"profit_abs":0.0,"wins":0,"draws":0,"losses":0,"trades":0,"profit_factor":0.0},{"date":"29/10/2025","date_ts":1761696000000,"profit_abs":0.0,"wins":0,"draws":0,"losses":0,"trades":0,"profit_factor":0.0},{"date":"30/10/2025","date_ts":1761782400000,"profit_abs":0.0,"wins":0,"draws":0,"losses":0,"trades":0,"profit_factor":0.0},{"date":"31/10/2025","date_ts":1761868800000,"profit_abs":0.0,"wins":0,"draws":0,"losses":0,"trades":0,"profit_factor":0.0},{"date":"01/11/2025","date_ts":1761955200000,"profit_abs":-3.00512328,"wins":0,"draws":0,"losses":1,"trades":1,"profit_factor":0.0},{"date":"02/11/2025","date_ts":1762041600000,"profit_abs":-8.09250276,"wins":0,"draws":0,"losses":2,"trades":2,"profit_factor":0.0},{"date":"03/11/2025","date_ts":1762128000000,"profit_abs":0.0,"wins":0,"draws":0,"losses":0,"trades":0,"profit_factor":0.0},{"date":"04/11/2025","date_ts":1762214400000,"profit_abs":0.0,"wins":0,"draws":0,"losses":0,"trades":0,"profit_factor":0.0},{"date":"05/11/2025","date_ts":1762300800000,"profit_abs":0.0,"wins":0,"draws":0,"losses":0,"trades":0,"profit_factor":0.0},{"date":"06/11/2025","date_ts":1762387200000,"profit_abs":0.0,"wins":0,"draws":0,"losses":0,"trades":0,"profit_factor":0.0},{"date":"07/11/2025","date_ts":1762473600000,"profit_abs":15.794919,"wins":1,"draws":0,"losses":0,"trades":1,"profit_factor":0.0},{"date":"08/11/2025","date_ts":1762560000000,"profit_abs":0.0,"wins":0,"draws":0,"losses":0,"trades":0,"profit_factor":0.0},{"date":"09/11/2025","date_ts":1762646400000,"profit_abs":0.0,"wins":0,"draws":0,"losses":0,"trades":0,"profit_factor":0.0},{"date":"10/11/2025","date_ts":1762732800000,"profit_abs":0.0,"wins":0,"draws":0,"losses":0,"trades":0,"profit_factor":0.0},{"date":"11/11/2025","date_ts":1762819200000,"profit_abs":0.0,"wins":0,"draws":0,"losses":0,"trades":0,"profit_factor":0.0},{"date":"12/11/2025","date_ts":1762905600000,"profit_abs":0.0,"wins":0,"draws":0,"losses":0,"trades":0,"profit_factor":0.0},{"date":"13/11/2025","date_ts":1762992000000,"profit_abs":0.0,"wins":0,"draws":0,"losses":0,"trades":0,"profit_factor":0.0},{"date":"14/11/2025","date_ts":1763078400000,"profit_abs":0.0,"wins":0,"draws":0,"losses":0,"trades":0,"profit_factor":0.0},{"date":"15/11/2025","date_ts":1763164800000,"profit_abs":0.0,"wins":0,"draws":0,"losses":0,"trades":0,"profit_factor":0.0},{"date":"16/11/2025","date_ts":1763251200000,"profit_abs":-3.1396428,"wins":0,"draws":0,"losses":1,"trades":1,"profit_factor":0.0},{"date":"17/11/2025","date_ts":1763337600000,"profit_abs":0.0,"wins":0,"draws":0,"losses":0,"trades":0,"profit_factor":0.0},{"date":"18/11/2025","date_ts":1763424000000,"profit_abs":0.0,"wins":0,"draws":0,"losses":0,"trades":0,"profit_factor":0.0},{"date":"19/11/2025","date_ts":1763510400000,"profit_abs":0.0,"wins":0,"draws":0,"losses":0,"trades":0,"profit_factor":0.0},{"date":"20/11/2025","date_ts":1763596800000,"profit_abs":0.0,"wins":0,"draws":0,"losses":0,"trades":0,"profit_factor":0.0},{"date":"21/11/2025","date_ts":1763683200000,"profit_abs":0.0,"wins":0,"draws":0,"losses":0,"trades":0,"profit_factor":0.0},{"date":"22/11/2025","date_ts":1763769600000,"profit_abs":0.0,"wins":0,"draws":0,"losses":0,"trades":0,"profit_factor":0.0},{"date":"23/11/2025","date_ts":1763856000000,"profit_abs":0.0,"wins":0,"draws":0,"losses":0,"trades":0,"profit_factor":0.0},{"date":"24/11/2025","date_ts":1763942400000,"profit_abs":0.0,"wins":0,"draws":0,"losses":0,"trades":0,"profit_factor":0.0},{"date":"25/11/2025","date_ts":1764028800000,"profit_abs":0.0,"wins":0,"draws":0,"losses":0,"trades":0,"profit_factor":0.0},{"date":"26/11/2025","date_ts":1764115200000,"profit_abs":0.0,"wins":0,"draws":0,"losses":0,"trades":0,"profit_factor":0.0},{"date":"27/11/2025","date_ts":1764201600000,"profit_abs":0.0,"wins":0,"draws":0,"losses":0,"trades":0,"profit_factor":0.0},{"date":"28/11/2025","date_ts":1764288000000,"profit_abs":0.0,"wins":0,"draws":0,"losses":0,"trades":0,"profit_factor":0.0},{"date":"29/11/2025","date_ts":1764374400000,"profit_abs":0.0,"wins":0,"draws":0,"losses":0,"trades":0,"profit_factor":0.0},{"date":"30/11/2025","date_ts":1764460800000,"profit_abs":0.0,"wins":0,"draws":0,"losses":0,"trades":0,"profit_factor":0.0},{"date":"01/12/2025","date_ts":1764547200000,"profit_abs":0.0,"wins":0,"draws":0,"losses":0,"trades":0,"profit_factor":0.0},{"date":"02/12/2025","date_ts":1764633600000,"profit_abs":0.0,"wins":0,"draws":0,"losses":0,"trades":0,"profit_factor":0.0},{"date":"03/12/2025","date_ts":1764720000000,"profit_abs":0.0,"wins":0,"draws":0,"losses":0,"trades":0,"profit_factor":0.0},{"date":"04/12/2025","date_ts":1764806400000,"profit_abs":0.0,"wins":0,"draws":0,"losses":0,"trades":0,"profit_factor":0.0},{"date":"05/12/2025","date_ts":1764892800000,"profit_abs":0.0,"wins":0,"draws":0,"losses":0,"trades":0,"profit_factor":0.0},{"date":"06/12/2025","date_ts":1764979200000,"profit_abs":0.0,"wins":0,"draws":1,"losses":0,"trades":1,"profit_factor":0.0},{"date":"07/12/2025","date_ts":1765065600000,"profit_abs":0.82927635,"wins":1,"draws":0,"losses":0,"trades":1,"profit_factor":0.0},{"date":"08/12/2025","date_ts":1765152000000,"profit_abs":0.0,"wins":0,"draws":0,"losses":0,"trades":0,"profit_factor":0.0},{"date":"09/12/2025","date_ts":1765238400000,"profit_abs":0.0,"wins":0,"draws":0,"losses":0,"trades":0,"profit_factor":0.0},{"date":"10/12/2025","date_ts":1765324800000,"profit_abs":-5.8456482,"wins":0,"draws":0,"losses":1,"trades":1,"profit_factor":0.0},{"date":"11/12/2025","date_ts":1765411200000,"profit_abs":3.97065528,"wins":1,"draws":0,"losses":0,"trades":1,"profit_factor":0.0},{"date":"12/12/2025","date_ts":1765497600000,"profit_abs":0.0,"wins":0,"draws":0,"losses":0,"trades":0,"profit_factor":0.0},{"date":"13/12/2025","date_ts":1765584000000,"profit_abs":0.0,"wins":0,"draws":0,"losses":0,"trades":0,"profit_factor":0.0},{"date":"14/12/2025","date_ts":1765670400000,"profit_abs":0.0,"wins":0,"draws":0,"losses":0,"trades":0,"profit_factor":0.0},{"date":"15/12/2025","date_ts":1765756800000,"profit_abs":0.0,"wins":0,"draws":0,"losses":0,"trades":0,"profit_factor":0.0},{"date":"16/12/2025","date_ts":1765843200000,"profit_abs":0.0,"wins":0,"draws":0,"losses":0,"trades":0,"profit_factor":0.0},{"date":"17/12/2025","date_ts":1765929600000,"profit_abs":-16.59678448,"wins":0,"draws":0,"losses":1,"trades":1,"profit_factor":0.0},{"date":"18/12/2025","date_ts":1766016000000,"profit_abs":0.0,"wins":0,"draws":0,"losses":0,"trades":0,"profit_factor":0.0},{"date":"19/12/2025","date_ts":1766102400000,"profit_abs":0.0,"wins":0,"draws":0,"losses":0,"trades":0,"profit_factor":0.0},{"date":"20/12/2025","date_ts":1766188800000,"profit_abs":0.0,"wins":0,"draws":0,"losses":0,"trades":0,"profit_factor":0.0},{"date":"21/12/2025","date_ts":1766275200000,"profit_abs":-9.72844782,"wins":0,"draws":0,"losses":1,"trades":1,"profit_factor":0.0},{"date":"22/12/2025","date_ts":1766361600000,"profit_abs":0.0,"wins":0,"draws":1,"losses":0,"trades":1,"profit_factor":0.0},{"date":"23/12/2025","date_ts":1766448000000,"profit_abs":0.0,"wins":0,"draws":0,"losses":0,"trades":0,"profit_factor":0.0},{"date":"24/12/2025","date_ts":1766534400000,"profit_abs":0.0,"wins":0,"draws":0,"losses":0,"trades":0,"profit_factor":0.0},{"date":"25/12/2025","date_ts":1766620800000,"profit_abs":0.0,"wins":0,"draws":0,"losses":0,"trades":0,"profit_factor":0.0},{"date":"26/12/2025","date_ts":1766707200000,"profit_abs":0.0,"wins":0,"draws":0,"losses":0,"trades":0,"profit_factor":0.0},{"date":"27/12/2025","date_ts":1766793600000,"profit_abs":0.0,"wins":0,"draws":0,"losses":0,"trades":0,"profit_factor":0.0},{"date":"28/12/2025","date_ts":1766880000000,"profit_abs":-3.41828214,"wins":0,"draws":0,"losses":1,"trades":1,"profit_factor":0.0},{"date":"29/12/2025","date_ts":1766966400000,"profit_abs":2.47321019,"wins":1,"draws":0,"losses":0,"trades":1,"profit_factor":0.0},{"date":"30/12/2025","date_ts":1767052800000,"profit_abs":0.0,"wins":0,"draws":0,"losses":0,"trades":0,"profit_factor":0.0},{"date":"31/12/2025","date_ts":1767139200000,"profit_abs":0.0,"wins":0,"draws":0,"losses":0,"trades":0,"profit_factor":0.0},{"date":"01/01/2026","date_ts":1767225600000,"profit_abs":0.0,"wins":0,"draws":0,"losses":0,"trades":0,"profit_factor":0.0},{"date":"02/01/2026","date_ts":1767312000000,"profit_abs":0.0,"wins":0,"draws":0,"losses":0,"trades":0,"profit_factor":0.0},{"date":"03/01/2026","date_ts":1767398400000,"profit_abs":0.0,"wins":0,"draws":0,"losses":0,"trades":0,"profit_factor":0.0},{"date":"04/01/2026","date_ts":1767484800000,"profit_abs":0.0,"wins":0,"draws":0,"losses":0,"trades":0,"profit_factor":0.0},{"date":"05/01/2026","date_ts":1767571200000,"profit_abs":0.0,"wins":0,"draws":0,"losses":0,"trades":0,"profit_factor":0.0},{"date":"06/01/2026","date_ts":1767657600000,"profit_abs":-6.01151396,"wins":0,"draws":0,"losses":1,"trades":1,"profit_factor":0.0}],"week":[{"date":"06/10/2025","date_ts":1759708800000,"profit_abs":2.78673703,"wins":1,"draws":1,"losses":0,"trades":2,"profit_factor":0.0},{"date":"13/10/2025","date_ts":1760313600000,"profit_abs":-6.99680631,"wins":0,"draws":1,"losses":1,"trades":2,"profit_factor":0.0},{"date":"20/10/2025","date_ts":1760918400000,"profit_abs":-16.12666484,"wins":1,"draws":1,"losses":2,"trades":4,"profit_factor":0.14931524},{"date":"27/10/2025","date_ts":1761523200000,"profit_abs":-11.1057598,"wins":2,"draws":0,"losses":1,"trades":3,"profit_factor":0.23986744},{"date":"03/11/2025","date_ts":1762128000000,"profit_abs":-11.09762604,"wins":0,"draws":0,"losses":3,"trades":3,"profit_factor":0.0},{"date":"10/11/2025","date_ts":1762732800000,"profit_abs":15.794919,"wins":1,"draws":0,"losses":0,"trades":1,"profit_factor":0.0},{"date":"17/11/2025","date_ts":1763337600000,"profit_abs":-3.1396428,"wins":0,"draws":0,"losses":1,"trades":1,"profit_factor":0.0},{"date":"24/11/2025","date_ts":1763942400000,"profit_abs":0.0,"wins":0,"draws":0,"losses":0,"trades":0,"profit_factor":0.0},{"date":"01/12/2025","date_ts":1764547200000,"profit_abs":0.0,"wins":0,"draws":0,"losses":0,"trades":0,"profit_factor":0.0},{"date":"08/12/2025","date_ts":1765152000000,"profit_abs":0.82927635,"wins":1,"draws":1,"losses":0,"trades":2,"profit_factor":0.0},{"date":"15/12/2025","date_ts":1765756800000,"profit_abs":-1.87499292,"wins":1,"draws":0,"losses":1,"trades":2,"profit_factor":0.67924978},{"date":"22/12/2025","date_ts":1766361600000,"profit_abs":-26.3252323,"wins":0,"draws":1,"losses":2,"trades":3,"profit_factor":0.0},{"date":"29/12/2025","date_ts":1766966400000,"profit_abs":-0.94507195,"wins":1,"draws":0,"losses":1,"trades":2,"profit_factor":0.7235243},{"date":"05/01/2026","date_ts":1767571200000,"profit_abs":0.0,"wins":0,"draws":0,"losses":0,"trades":0,"profit_factor":0.0},{"date":"12/01/2026","date_ts":1768176000000,"profit_abs":-6.01151396,"wins":0,"draws":0,"losses":1,"trades":1,"profit_factor":0.0}],"month":[{"date":"31/10/2025","date_ts":1761868800000,"profit_abs":-31.44249392,"wins":4,"draws":3,"losses":4,"trades":11,"profit_factor":0.22487419},{"date":"30/11/2025","date_ts":1764460800000,"profit_abs":1.55765016,"wins":1,"draws":0,"losses":4,"trades":5,"profit_factor":1.10940653},{"date":"31/12/2025","date_ts":1767139200000,"profit_abs":-28.31602082,"wins":3,"draws":2,"losses":4,"trades":9,"profit_factor":0.20436395},{"date":"31/01/2026","date_ts":1769817600000,"profit_abs":-6.01151396,"wins":0,"draws":0,"losses":1,"trades":1,"profit_factor":0.0}],"year":[{"date":"31/12/2025","date_ts":1767139200000,"profit_abs":-58.20086458,"wins":8,"draws":5,"losses":12,"trades":25,"profit_factor":0.35611964},{"date":"31/12/2026","date_ts":1798675200000,"profit_abs":-6.01151396,"wins":0,"draws":0,"losses":1,"trades":1,"profit_factor":0.0}],"weekday":[{"date":"Monday","date_ts":0,"profit_abs":5.30382029,"wins":2,"draws":3,"losses":0,"trades":5,"profit_factor":0.0},{"date":"Tuesday","date_ts":1,"profit_abs":-6.01151396,"wins":0,"draws":0,"losses":1,"trades":1,"profit_factor":0.0},{"date":"Wednesday","date_ts":2,"profit_abs":-37.05272612,"wins":0,"draws":0,"losses":3,"trades":3,"profit_factor":0.0},{"date":"Thursday","date_ts":3,"profit_abs":-12.19988263,"wins":2,"draws":0,"losses":2,"trades":4,"profit_factor":0.35645378},{"date":"Friday","date_ts":4,"profit_abs":9.35229669,"wins":2,"draws":0,"losses":1,"trades":3,"profit_factor":2.33665222},{"date":"Saturday","date_ts":5,"profit_abs":-3.00512328,"wins":0,"draws":1,"losses":1,"trades":2,"profit_factor":0.0},{"date":"Sunday","date_ts":6,"profit_abs":-20.59924953,"wins":2,"draws":1,"losses":5,"trades":8,"profit_factor":0.15503693}]},"backtest_best_day":0.04995004995004995,"backtest_worst_day":-0.05775198302447364,"backtest_best_day_abs":15.794919,"backtest_worst_day_abs":-18.95727494,"winning_days":8,"draw_days":78,"losing_days":11,"daily_profit":[["2025-10-02",2.78673703],["2025-10-03",0.0],["2025-10-04",0.0],["2025-10-05",0.0],["2025-10-06",0.0],["2025-10-07",0.0],["2025-10-08",0.0],["2025-10-09",0.0],["2025-10-10",-6.99680631],["2025-10-11",0.0],["2025-10-12",0.0],["2025-10-13",0.0],["2025-10-14",0.0],["2025-10-15",0.0],["2025-10-16",-18.95727494],["2025-10-17",0.0],["2025-10-18",0.0],["2025-10-19",0.0],["2025-10-20",2.8306101],["2025-10-21",0.0],["2025-10-22",-14.61029344],["2025-10-23",0.0],["2025-10-24",0.554184],["2025-10-25",0.0],["2025-10-26",2.95034964],["2025-10-27",0.0],["2025-10-28",0.0],["2025-10-29",0.0],["2025-10-30",0.0],["2025-10-31",0.0],["2025-11-01",-3.00512328],["2025-11-02",-8.09250276],["2025-11-03",0.0],["2025-11-04",0.0],["2025-11-05",0.0],["2025-11-06",0.0],["2025-11-07",15.794919],["2025-11-08",0.0],["2025-11-09",0.0],["2025-11-10",0.0],["2025-11-11",0.0],["2025-11-12",0.0],["2025-11-13",0.0],["2025-11-14",0.0],["2025-11-15",0.0],["2025-11-16",-3.1396428],["2025-11-17",0.0],["2025-11-18",0.0],["2025-11-19",0.0],["2025-11-20",0.0],["2025-11-21",0.0],["2025-11-22",0.0],["2025-11-23",0.0],["2025-11-24",0.0],["2025-11-25",0.0],["2025-11-26",0.0],["2025-11-27",0.0],["2025-11-28",0.0],["2025-11-29",0.0],["2025-11-30",0.0],["2025-12-01",0.0],["2025-12-02",0.0],["2025-12-03",0.0],["2025-12-04",0.0],["2025-12-05",0.0],["2025-12-06",0.0],["2025-12-07",0.82927635],["2025-12-08",0.0],["2025-12-09",0.0],["2025-12-10",-5.8456482],["2025-12-11",3.97065528],["2025-12-12",0.0],["2025-12-13",0.0],["2025-12-14",0.0],["2025-12-15",0.0],["2025-12-16",0.0],["2025-12-17",-16.59678448],["2025-12-18",0.0],["2025-12-19",0.0],["2025-12-20",0.0],["2025-12-21",-9.72844782],["2025-12-22",0.0],["2025-12-23",0.0],["2025-12-24",0.0],["2025-12-25",0.0],["2025-12-26",0.0],["2025-12-27",0.0],["2025-12-28",-3.41828214],["2025-12-29",2.47321019],["2025-12-30",0.0],["2025-12-31",0.0],["2026-01-01",0.0],["2026-01-02",0.0],["2026-01-03",0.0],["2026-01-04",0.0],["2026-01-05",0.0],["2026-01-06",-6.01151396]],"wins":8,"losses":13,"draws":5,"winrate":0.3076923076923077,"holding_avg":"3:07:00","holding_avg_s":11220.0,"winner_holding_min":"0d 01:00","winner_holding_min_s":3600.0,"winner_holding_max":"0d 02:00","winner_holding_max_s":7200.0,"winner_holding_avg":"0d 01:52","winner_holding_avg_s":6720.0,"loser_holding_min":"0d 01:00","loser_holding_min_s":3600.0,"loser_holding_max":"0d 11:00","loser_holding_max_s":39600.0,"loser_holding_avg":"0d 04:14","loser_holding_avg_s":15240.0,"max_consecutive_wins":2,"max_consecutive_losses":6,"max_drawdown_account":0.06681292551638093,"max_relative_drawdown":0.06681292551638093,"max_drawdown_abs":66.99911557,"drawdown_start":"2025-10-02 22:00:00","drawdown_start_ts":1759442400000.0,"drawdown_end":"2026-01-06 16:00:00","drawdown_end_ts":1767715200000.0,"drawdown_duration":"95 days 18:00:00","drawdown_duration_s":8272800.0,"max_drawdown_low":-64.21237854,"max_drawdown_high":2.78673703,"csum_min":935.78762146,"csum_max":1002.78673703}},"strategy_comparison":[{"key":"ACO_29_9","trades":26,"profit_mean":-0.007645966623764392,"profit_mean_pct":-0.76,"profit_total_abs":-64.21237854,"profit_total":-0.06421237854,"profit_total_pct":-6.42,"duration_avg":"3:07:00","wins":8,"draws":5,"losses":13,"winrate":0.3076923076923077,"cagr":-0.22098928067857782,"expectancy":-2.469706866923077,"expectancy_ratio":-0.525351432610875,"sortino":-2.4453776081334024,"sharpe":-1.860947728732524,"calmar":-18.929230808998618,"sqn":-1.817,"profit_factor":0.33391251939363464,"max_drawdown_account":0.06681292551638093,"max_drawdown_abs":"66.999"}]}