{"strategy":{"ACO_36_11":{"trades":[{"pair":"DOGE/USDT","stake_amount":329.94527,"max_stake_amount":329.94527,"amount":1789.0,"open_date":"2025-10-11 20:00:00+00:00","close_date":"2025-10-11 22:00:00+00:00","open_rate":0.18443,"close_rate":0.18479922922922923,"fee_open":0.001,"fee_close":0.001,"trade_duration":120,"profit_ratio":0.0,"profit_abs":0.0,"exit_reason":"roi","initial_stop_loss_abs":0.17521,"initial_stop_loss_ratio":-0.05,"stop_loss_abs":0.17521,"stop_loss_ratio":-0.05,"min_rate":0.17816,"max_rate":0.18622,"is_open":false,"enter_tag":"","leverage":1.0,"is_short":false,"open_timestamp":1760212800000,"close_timestamp":1760220000000,"orders":[{"amount":1789.0,"safe_price":0.18443,"ft_order_side":"buy","order_filled_timestamp":1760212800000,"ft_is_entry":true,"ft_order_tag":"","cost":330.27521526999993},{"amount":1789.0,"safe_price":0.18479922922922923,"ft_order_side":"sell","order_filled_timestamp":1760220000000,"ft_is_entry":false,"ft_order_tag":"roi","cost":330.9364269121822}],"funding_fees":0.0,"weekday":5},{"pair":"DOGE/USDT","stake_amount":329.9138,"max_stake_amount":329.9138,"amount":1765.0,"open_date":"2025-10-12 14:00:00+00:00","close_date":"2025-10-12 15:00:00+00:00","open_rate":0.18692,"close_rate":0.19664956956956955,"fee_open":0.001,"fee_close":0.001,"trade_duration":60,"profit_ratio":0.049950049950049945,"profit_abs":16.49569,"exit_reason":"roi","initial_stop_loss_abs":0.17758,"initial_stop_loss_ratio":-0.05,"stop_loss_abs":0.17758,"stop_loss_ratio":-0.05,"min_rate":0.18682,"max_rate":0.20676,"is_open":false,"enter_tag":"","leverage":1.0,"is_short":false,"open_timestamp":1760277600000,"close_timestamp":1760281200000,"orders":[{"amount":1765.0,"safe_price":0.18692,"ft_order_side":"buy","order_filled_timestamp":1760277600000,"ft_is_entry":true,"ft_order_tag":"","cost":330.24371379999997},{"amount":1765.0,"safe_price":0.19664956956956955,"ft_order_side":"sell","order_filled_timestamp":1760281200000,"ft_is_entry":false,"ft_order_tag":"roi","cost":347.43357678058055}],"funding_fees":0.0,"weekday":6},{"pair":"DOGE/USDT","stake_amount":335.3823,"max_stake_amount":335.3823,"amount":1710.0,"open_date":"2025-10-14 13:00:00+00:00","close_date":"2025-10-14 15:00:00+00:00","open_rate":0.19613,"close_rate":0.19895,"fee_open":0.001,"fee_close":0.001,"trade_duration":120,"profit_ratio":0.012351488821177294,"profit_abs":4.1466132,"exit_reason":"roi","initial_stop_loss_abs":0.18633,"initial_stop_loss_ratio":-0.05,"stop_loss_abs":0.18633,"stop_loss_ratio":-0.05,"min_rate":0.1933,"max_rate":0.20388,"is_open":false,"enter_tag":"","leverage":1.0,"is_short":false,"open_timestamp":1760446800000,"close_timestamp":1760454000000,"orders":[{"amount":1710.0,"safe_price":0.19613,"ft_order_side":"buy","order_filled_timestamp":1760446800000,"ft_is_entry":true,"ft_order_tag":"","cost":335.7176822999999},{"amount":1710.0,"safe_price":0.19895,"ft_order_side":"sell","order_filled_timestamp":1760454000000,"ft_is_entry":false,"ft_order_tag":"roi","cost":340.54470449999997}],"funding_fees":0.0,"weekday":1},{"pair":"DOGE/USDT","stake_amount":336.67161,"max_stake_amount":336.67161,"amount":1793.0,"open_date":"2025-10-16 20:00:00+00:00","close_date":"2025-10-16 22:00:00+00:00","open_rate":0.18777,"close_rate":0.18816,"fee_open":0.001,"fee_close":0.001,"trade_duration":120,"profit_ratio":7.485724053865931e-05,"profit_abs":0.02522751,"exit_reason":"roi","initial_stop_loss_abs":0.17839,"initial_stop_loss_ratio":-0.05,"stop_loss_abs":0.17839,"stop_loss_ratio":-0.05,"min_rate":0.18469,"max_rate":0.18864,"is_open":false,"enter_tag":"","leverage":1.0,"is_short":false,"open_timestamp":1760644800000,"close_timestamp":1760652000000,"orders":[{"amount":1793.0,"safe_price":0.18777,"ft_order_side":"buy","order_filled_timestamp":1760644800000,"ft_is_entry":true,"ft_order_tag":"","cost":337.0082816099999},{"amount":1793.0,"safe_price":0.18816,"ft_order_side":"sell","order_filled_timestamp":1760652000000,"ft_is_entry":false,"ft_order_tag":"roi","cost":337.70825088}],"funding_fees":0.0,"weekday":3},{"pair":"DOGE/USDT","stake_amount":336.81879,"max_stake_amount":336.81879,"amount":2079.0,"open_date":"2025-11-04 08:00:00+00:00","close_date":"2025-11-04 10:00:00+00:00","open_rate":0.16201,"close_rate":0.16534,"fee_open":0.001,"fee_close":0.001,"trade_duration":120,"profit_ratio":0.018515217268380655,"profit_abs":6.24250935,"exit_reason":"roi","initial_stop_loss_abs":0.15391,"initial_stop_loss_ratio":-0.05,"stop_loss_abs":0.15391,"stop_loss_ratio":-0.05,"min_rate":0.16091,"max_rate":0.16603,"is_open":false,"enter_tag":"","leverage":1.0,"is_short":false,"open_timestamp":1762243200000,"close_timestamp":1762250400000,"orders":[{"amount":2079.0,"safe_price":0.16201,"ft_order_side":"buy","order_filled_timestamp":1762243200000,"ft_is_entry":true,"ft_order_tag":"","cost":337.1556087899999},{"amount":2079.0,"safe_price":0.16534,"ft_order_side":"sell","order_filled_timestamp":1762250400000,"ft_is_entry":false,"ft_order_tag":"roi","cost":344.08560185999994}],"funding_fees":0.0,"weekday":1},{"pair":"DOGE/USDT","stake_amount":338.7384,"max_stake_amount":338.7384,"amount":2115.0,"open_date":"2025-11-04 17:00:00+00:00","close_date":"2025-11-04 19:00:00+00:00","open_rate":0.16016,"close_rate":0.16048064064064063,"fee_open":0.001,"fee_close":0.001,"trade_duration":120,"profit_ratio":0.0,"profit_abs":0.0,"exit_reason":"roi","initial_stop_loss_abs":0.15216,"initial_stop_loss_ratio":-0.05,"stop_loss_abs":0.15216,"stop_loss_ratio":-0.05,"min_rate":0.15419,"max_rate":0.16152,"is_open":false,"enter_tag":"","leverage":1.0,"is_short":false,"open_timestamp":1762275600000,"close_timestamp":1762282800000,"orders":[{"amount":2115.0,"safe_price":0.16016,"ft_order_side":"buy","order_filled_timestamp":1762275600000,"ft_is_entry":true,"ft_order_tag":"","cost":339.07713839999997},{"amount":2115.0,"safe_price":0.16048064064064063,"ft_order_side":"sell","order_filled_timestamp":1762282800000,"ft_is_entry":false,"ft_order_tag":"roi","cost":339.7559715099099}],"funding_fees":0.0,"weekday":1},{"pair":"DOGE/USDT","stake_amount":338.74308,"max_stake_amount":338.74308,"amount":2098.0,"open_date":"2025-11-05 11:00:00+00:00","close_date":"2025-11-05 13:00:00+00:00","open_rate":0.16146,"close_rate":0.16427,"fee_open":0.001,"fee_close":0.001,"trade_duration":120,"profit_ratio":0.015370916708709352,"profit_abs":5.21199846,"exit_reason":"roi","initial_stop_loss_abs":0.15339,"initial_stop_loss_ratio":-0.05,"stop_loss_abs":0.15339,"stop_loss_ratio":-0.05,"min_rate":0.16138,"max_rate":0.16617,"is_open":false,"enter_tag":"","leverage":1.0,"is_short":false,"open_timestamp":1762340400000,"close_timestamp":1762347600000,"orders":[{"amount":2098.0,"safe_price":0.16146,"ft_order_side":"buy","order_filled_timestamp":1762340400000,"ft_is_entry":true,"ft_order_tag":"","cost":339.08182307999994},{"amount":2098.0,"safe_price":0.16427,"ft_order_side":"sell","order_filled_timestamp":1762347600000,"ft_is_entry":false,"ft_order_tag":"roi","cost":344.98309845999995}],"funding_fees":0.0,"weekday":2},{"pair":"DOGE/USDT","stake_amount":340.5038,"max_stake_amount":340.5038,"amount":2471.0,"open_date":"2025-11-21 11:00:00+00:00","close_date":"2025-11-21 13:00:00+00:00","open_rate":0.1378,"close_rate":0.13891,"fee_open":0.001,"fee_close":0.001,"trade_duration":120,"profit_ratio":0.0060410561861940675,"profit_abs":2.05905959,"exit_reason":"roi","initial_stop_loss_abs":0.13091,"initial_stop_loss_ratio":-0.05,"stop_loss_abs":0.13091,"stop_loss_ratio":-0.05,"min_rate":0.13321,"max_rate":0.14094,"is_open":false,"enter_tag":"","leverage":1.0,"is_short":false,"open_timestamp":1763722800000,"close_timestamp":1763730000000,"orders":[{"amount":2471.0,"safe_price":0.1378,"ft_order_side":"buy","order_filled_timestamp":1763722800000,"ft_is_entry":true,"ft_order_tag":"","cost":340.8443038},{"amount":2471.0,"safe_price":0.13891,"ft_order_side":"sell","order_filled_timestamp":1763730000000,"ft_is_entry":false,"ft_order_tag":"roi","cost":343.58985660999997}],"funding_fees":0.0,"weekday":4},{"pair":"DOGE/USDT","stake_amount":341.15186,"max_stake_amount":341.15186,"amount":2498.0,"open_date":"2025-11-21 23:00:00+00:00","close_date":"2025-11-22 01:00:00+00:00","open_rate":0.13657,"close_rate":0.14012,"fee_open":0.001,"fee_close":0.001,"trade_duration":120,"profit_ratio":0.023944057699640916,"profit_abs":8.17672838,"exit_reason":"roi","initial_stop_loss_abs":0.12975,"initial_stop_loss_ratio":-0.05,"stop_loss_abs":0.12975,"stop_loss_ratio":-0.05,"min_rate":0.13574,"max_rate":0.14148,"is_open":false,"enter_tag":"","leverage":1.0,"is_short":false,"open_timestamp":1763766000000,"close_timestamp":1763773200000,"orders":[{"amount":2498.0,"safe_price":0.13657,"ft_order_side":"buy","order_filled_timestamp":1763766000000,"ft_is_entry":true,"ft_order_tag":"","cost":341.49301185999997},{"amount":2498.0,"safe_price":0.14012,"ft_order_side":"sell","order_filled_timestamp":1763773200000,"ft_is_entry":false,"ft_order_tag":"roi","cost":350.3697797599999}],"funding_fees":0.0,"weekday":5},{"pair":"DOGE/USDT","stake_amount":343.9704,"max_stake_amount":343.9704,"amount":2510.0,"open_date":"2025-11-22 06:00:00+00:00","close_date":"2025-11-22 08:00:00+00:00","open_rate":0.13704,"close_rate":0.13969,"fee_open":0.001,"fee_close":0.001,"trade_duration":120,"profit_ratio":0.017300781530203597,"profit_abs":5.9569077,"exit_reason":"roi","initial_stop_loss_abs":0.13019,"initial_stop_loss_ratio":-0.05,"stop_loss_abs":0.13019,"stop_loss_ratio":-0.05,"min_rate":0.13549,"max_rate":0.14016,"is_open":false,"enter_tag":"","leverage":1.0,"is_short":false,"open_timestamp":1763791200000,"close_timestamp":1763798400000,"orders":[{"amount":2510.0,"safe_price":0.13704,"ft_order_side":"buy","order_filled_timestamp":1763791200000,"ft_is_entry":true,"ft_order_tag":"","cost":344.3143704},{"amount":2510.0,"safe_price":0.13969,"ft_order_side":"sell","order_filled_timestamp":1763798400000,"ft_is_entry":false,"ft_order_tag":"roi","cost":350.9725219}],"funding_fees":0.0,"weekday":5},{"pair":"DOGE/USDT","stake_amount":345.9104,"max_stake_amount":345.9104,"amount":2536.0,"open_date":"2025-11-22 14:00:00+00:00","close_date":"2025-11-22 16:00:00+00:00","open_rate":0.1364,"close_rate":0.13816,"fee_open":0.001,"fee_close":0.001,"trade_duration":120,"profit_ratio":0.010879443137507654,"profit_abs":3.76707584,"exit_reason":"roi","initial_stop_loss_abs":0.12958,"initial_stop_loss_ratio":-0.05,"stop_loss_abs":0.12958,"stop_loss_ratio":-0.05,"min_rate":0.13632,"max_rate":0.13977,"is_open":false,"enter_tag":"","leverage":1.0,"is_short":false,"open_timestamp":1763820000000,"close_timestamp":1763827200000,"orders":[{"amount":2536.0,"safe_price":0.1364,"ft_order_side":"buy","order_filled_timestamp":1763820000000,"ft_is_entry":true,"ft_order_tag":"","cost":346.25631039999996},{"amount":2536.0,"safe_price":0.13816,"ft_order_side":"sell","order_filled_timestamp":1763827200000,"ft_is_entry":false,"ft_order_tag":"roi","cost":350.72413376}],"funding_fees":0.0,"weekday":5}],"locks":[],"best_pair":{"key":"DOGE/USDT","trades":11,"profit_mean":0.014038897140218377,"profit_mean_pct":1.4,"profit_total_abs":52.08181003,"profit_total":0.05208181003,"profit_total_pct":5.21,"duration_avg":"1:55:00","wins":9,"draws":2,"losses":0,"winrate":0.8181818181818182,"cagr":0.21051398987708692,"expectancy":4.734710002727273,"expectancy_ratio":100.0,"sortino":-100,"sharpe":2.2451923093800525,"calmar":-100,"sqn":3.2771,"profit_factor":0.0,"max_drawdown_account":0.0,"max_drawdown_abs":0.0},"worst_pair":{"key":"DOGE/USDT","trades":11,"profit_mean":0.014038897140218377,"profit_mean_pct":1.4,"profit_total_abs":52.08181003,"profit_total":0.05208181003,"profit_total_pct":5.21,"duration_avg":"1:55:00","wins":9,"draws":2,"losses":0,"winrate":0.8181818181818182,"cagr":0.21051398987708692,"expectancy":4.734710002727273,"expectancy_ratio":100.0,"sortino":-100,"sharpe":2.2451923093800525,"calmar":-100,"sqn":3.2771,"profit_factor":0.0,"max_drawdown_account":0.0,"max_drawdown_abs":0.0},"results_per_pair":[{"key":"DOGE/USDT","trades":11,"profit_mean":0.014038897140218377,"profit_mean_pct":1.4,"profit_total_abs":52.08181003,"profit_total":0.05208181003,"profit_total_pct":5.21,"duration_avg":"1:55:00","wins":9,"draws":2,"losses":0,"winrate":0.8181818181818182,"cagr":0.21051398987708692,"expectancy":4.734710002727273,"expectancy_ratio":100.0,"sortino":-100,"sharpe":2.2451923093800525,"calmar":-100,"sqn":3.2771,"profit_factor":0.0,"max_drawdown_account":0.0,"max_drawdown_abs":0.0},{"key":"TOTAL","trades":11,"profit_mean":0.014038897140218377,"profit_mean_pct":1.4,"profit_total_abs":52.08181003,"profit_total":0.05208181003,"profit_total_pct":5.21,"duration_avg":"1:55:00","wins":9,"draws":2,"losses":0,"winrate":0.8181818181818182,"cagr":0.21051398987708692,"expectancy":4.734710002727273,"expectancy_ratio":100.0,"sortino":-100,"sharpe":2.2451923093800525,"calmar":-100,"sqn":3.2771,"profit_factor":0.0,"max_drawdown_account":0.0,"max_drawdown_abs":0.0}],"results_per_enter_tag":[{"key":"","trades":11,"profit_mean":0.014038897140218377,"profit_mean_pct":1.4,"profit_total_abs":52.08181003,"profit_total":0.05208181003,"profit_total_pct":5.21,"duration_avg":"1:55:00","wins":9,"draws":2,"losses":0,"winrate":0.8181818181818182,"cagr":0.21051398987708692,"expectancy":4.734710002727273,"expectancy_ratio":100.0,"sortino":-100,"sharpe":2.2451923093800525,"calmar":-100,"sqn":3.2771,"profit_factor":0.0,"max_drawdown_account":0.0,"max_drawdown_abs":0.0},{"key":"TOTAL","trades":11,"profit_mean":0.014038897140218377,"profit_mean_pct":1.4,"profit_total_abs":52.08181003,"profit_total":0.05208181003,"profit_total_pct":5.21,"duration_avg":"1:55:00","wins":9,"draws":2,"losses":0,"winrate":0.8181818181818182,"cagr":0.21051398987708692,"expectancy":4.734710002727273,"expectancy_ratio":100.0,"sortino":-100,"sharpe":2.2451923093800525,"calmar":-100,"sqn":3.2771,"profit_factor":0.0,"max_drawdown_account":0.0,"max_drawdown_abs":0.0}],"exit_reason_summary":[{"key":"roi","trades":11,"profit_mean":0.014038897140218377,"profit_mean_pct":1.4,"profit_total_abs":52.08181003,"profit_total":0.05208181003,"profit_total_pct":5.21,"duration_avg":"1:55:00","wins":9,"draws":2,"losses":0,"winrate":0.8181818181818182,"cagr":0.21051398987708692,"expectancy":4.734710002727273,"expectancy_ratio":100.0,"sortino":-100,"sharpe":2.2451923093800525,"calmar":-100,"sqn":3.2771,"profit_factor":0.0,"max_drawdown_account":0.0,"max_drawdown_abs":0.0},{"key":"TOTAL","trades":11,"profit_mean":0.014038897140218377,"profit_mean_pct":1.4,"profit_total_abs":52.08181003,"profit_total":0.05208181003,"profit_total_pct":5.21,"duration_avg":"1:55:00","wins":9,"draws":2,"losses":0,"winrate":0.8181818181818182,"cagr":0.21051398987708692,"expectancy":4.734710002727273,"expectancy_ratio":100.0,"sortino":-100,"sharpe":2.2451923093800525,"calmar":-100,"sqn":3.2771,"profit_factor":0.0,"max_drawdown_account":0.0,"max_drawdown_abs":0.0}],"mix_tag_stats":[{"key":["","roi"],"trades":11,"profit_mean":0.014038897140218377,"profit_mean_pct":1.4,"profit_total_abs":52.08181003,"profit_total":0.05208181003,"profit_total_pct":5.21,"duration_avg":"1:55:00","wins":9,"draws":2,"losses":0,"winrate":0.8181818181818182,"cagr":0.21051398987708692,"expectancy":4.734710002727273,"expectancy_ratio":100.0,"sortino":-100,"sharpe":2.2451923093800525,"calmar":-100,"sqn":3.2771,"profit_factor":0.0,"max_drawdown_account":0.0,"max_drawdown_abs":0.0},{"key":"TOTAL","trades":11,"profit_mean":0.014038897140218377,"profit_mean_pct":1.4,"profit_total_abs":52.08181003,"profit_total":0.05208181003,"profit_total_pct":5.21,"duration_avg":"1:55:00","wins":9,"draws":2,"losses":0,"winrate":0.8181818181818182,"cagr":0.21051398987708692,"expectancy":4.734710002727273,"expectancy_ratio":100.0,"sortino":-100,"sharpe":2.2451923093800525,"calmar":-100,"sqn":3.2771,"profit_factor":0.0,"max_drawdown_account":0.0,"max_drawdown_abs":0.0}],"left_open_trades":[{"key":"TOTAL","trades":0,"profit_mean":0.0,"profit_mean_pct":0.0,"profit_total_abs":0.0,"profit_total":0.0,"profit_total_pct":0.0,"duration_avg":"0:00","wins":0,"draws":0,"losses":0,"winrate":0.0,"cagr":0.0,"expectancy":0.0,"expectancy_ratio":100.0,"sortino":0,"sharpe":0,"calmar":0,"sqn":0.0,"profit_factor":0.0,"max_drawdown_account":0.0,"max_drawdown_abs":0.0}],"total_trades":11,"trade_count_long":11,"trade_count_short":0,"total_volume":7502.571382642672,"avg_stake_amount":337.97724636363637,"profit_mean":0.014038897140218377,"profit_median":0.012351488821177294,"profit_total":0.05208181003,"profit_total_long":0.05208181003,"profit_total_short":0.0,"profit_total_abs":52.08181003,"profit_total_long_abs":52.08181003,"profit_total_short_abs":0.0,"cagr":0.21051398987708692,"expectancy":4.734710002727273,"expectancy_ratio":100.0,"sortino":-100,"sharpe":2.2451923093800525,"calmar":-100,"sqn":3.2771,"profit_factor":0.0,"backtest_start":"2025-10-01 00:00:00","backtest_start_ts":1759276800000,"backtest_end":"2026-01-06 20:00:00","backtest_end_ts":1767729600000,"backtest_days":97,"backtest_run_start_ts":1767741726,"backtest_run_end_ts":1767741727,"trades_per_day":0.11,"market_change":-0.36632086436227446,"pairlist":["DOGE/USDT"],"stake_amount":"unlimited","stake_currency":"USDT","stake_currency_decimals":3,"starting_balance":1000,"dry_run_wallet":1000,"final_balance":1052.08181003,"rejected_signals":0,"timedout_entry_orders":0,"timedout_exit_orders":0,"canceled_trade_entries":0,"canceled_entry_orders":0,"replaced_entry_orders":0,"max_open_trades":1,"max_open_trades_setting":3,"timeframe":"1h","timeframe_detail":"","timerange":"20251001-","enable_protections":false,"strategy_name":"ACO_36_11","freqaimodel":null,"freqai_identifier":null,"stoploss":-0.05,"trailing_stop":false,"trailing_stop_positive":null,"trailing_stop_positive_offset":0.0,"trailing_only_offset_is_reached":false,"use_custom_stoploss":false,"minimal_roi":{"0":0.1,"60":0.05,"120":0.0},"use_exit_signal":true,"exit_profit_only":false,"exit_profit_offset":0.0,"ignore_roi_if_entry_signal":false,"trading_mode":"spot","margin_mode":"","periodic_breakdown":{"day":[{"date":"11/10/2025","date_ts":1760140800000,"profit_abs":0.0,"wins":0,"draws":1,"losses":0,"trades":1,"profit_factor":0.0},{"date":"12/10/2025","date_ts":1760227200000,"profit_abs":16.49569,"wins":1,"draws":0,"losses":0,"trades":1,"profit_factor":0.0},{"date":"13/10/2025","date_ts":1760313600000,"profit_abs":0.0,"wins":0,"draws":0,"losses":0,"trades":0,"profit_factor":0.0},{"date":"14/10/2025","date_ts":1760400000000,"profit_abs":4.1466132,"wins":1,"draws":0,"losses":0,"trades":1,"profit_factor":0.0},{"date":"15/10/2025","date_ts":1760486400000,"profit_abs":0.0,"wins":0,"draws":0,"losses":0,"trades":0,"profit_factor":0.0},{"date":"16/10/2025","date_ts":1760572800000,"profit_abs":0.02522751,"wins":1,"draws":0,"losses":0,"trades":1,"profit_factor":0.0},{"date":"17/10/2025","date_ts":1760659200000,"profit_abs":0.0,"wins":0,"draws":0,"losses":0,"trades":0,"profit_factor":0.0},{"date":"18/10/2025","date_ts":1760745600000,"profit_abs":0.0,"wins":0,"draws":0,"losses":0,"trades":0,"profit_factor":0.0},{"date":"19/10/2025","date_ts":1760832000000,"profit_abs":0.0,"wins":0,"draws":0,"losses":0,"trades":0,"profit_factor":0.0},{"date":"20/10/2025","date_ts":1760918400000,"profit_abs":0.0,"wins":0,"draws":0,"losses":0,"trades":0,"profit_factor":0.0},{"date":"21/10/2025","date_ts":1761004800000,"profit_abs":0.0,"wins":0,"draws":0,"losses":0,"trades":0,"profit_factor":0.0},{"date":"22/10/2025","date_ts":1761091200000,"profit_abs":0.0,"wins":0,"draws":0,"losses":0,"trades":0,"profit_factor":0.0},{"date":"23/10/2025","date_ts":1761177600000,"profit_abs":0.0,"wins":0,"draws":0,"losses":0,"trades":0,"profit_factor":0.0},{"date":"24/10/2025","date_ts":1761264000000,"profit_abs":0.0,"wins":0,"draws":0,"losses":0,"trades":0,"profit_factor":0.0},{"date":"25/10/2025","date_ts":1761350400000,"profit_abs":0.0,"wins":0,"draws":0,"losses":0,"trades":0,"profit_factor":0.0},{"date":"26/10/2025","date_ts":1761436800000,"profit_abs":0.0,"wins":0,"draws":0,"losses":0,"trades":0,"profit_factor":0.0},{"date":"27/10/2025","date_ts":1761523200000,"profit_abs":0.0,"wins":0,"draws":0,"losses":0,"trades":0,"profit_factor":0.0},{"date":"28/10/2025","date_ts":1761609600000,"profit_abs":0.0,"wins":0,"draws":0,"losses":0,"trades":0,"profit_factor":0.0},{"date":"29/10/2025","date_ts":1761696000000,"profit_abs":0.0,"wins":0,"draws":0,"losses":0,"trades":0,"profit_factor":0.0},{"date":"30/10/2025","date_ts":1761782400000,"profit_abs":0.0,"wins":0,"draws":0,"losses":0,"trades":0,"profit_factor":0.0},{"date":"31/10/2025","date_ts":1761868800000,"profit_abs":0.0,"wins":0,"draws":0,"losses":0,"trades":0,"profit_factor":0.0},{"date":"01/11/2025","date_ts":1761955200000,"profit_abs":0.0,"wins":0,"draws":0,"losses":0,"trades":0,"profit_factor":0.0},{"date":"02/11/2025","date_ts":1762041600000,"profit_abs":0.0,"wins":0,"draws":0,"losses":0,"trades":0,"profit_factor":0.0},{"date":"03/11/2025","date_ts":1762128000000,"profit_abs":0.0,"wins":0,"draws":0,"losses":0,"trades":0,"profit_factor":0.0},{"date":"04/11/2025","date_ts":1762214400000,"profit_abs":6.24250935,"wins":1,"draws":1,"losses":0,"trades":2,"profit_factor":0.0},{"date":"05/11/2025","date_ts":1762300800000,"profit_abs":5.21199846,"wins":1,"draws":0,"losses":0,"trades":1,"profit_factor":0.0},{"date":"06/11/2025","date_ts":1762387200000,"profit_abs":0.0,"wins":0,"draws":0,"losses":0,"trades":0,"profit_factor":0.0},{"date":"07/11/2025","date_ts":1762473600000,"profit_abs":0.0,"wins":0,"draws":0,"losses":0,"trades":0,"profit_factor":0.0},{"date":"08/11/2025","date_ts":1762560000000,"profit_abs":0.0,"wins":0,"draws":0,"losses":0,"trades":0,"profit_factor":0.0},{"date":"09/11/2025","date_ts":1762646400000,"profit_abs":0.0,"wins":0,"draws":0,"losses":0,"trades":0,"profit_factor":0.0},{"date":"10/11/2025","date_ts":1762732800000,"profit_abs":0.0,"wins":0,"draws":0,"losses":0,"trades":0,"profit_factor":0.0},{"date":"11/11/2025","date_ts":1762819200000,"profit_abs":0.0,"wins":0,"draws":0,"losses":0,"trades":0,"profit_factor":0.0},{"date":"12/11/2025","date_ts":1762905600000,"profit_abs":0.0,"wins":0,"draws":0,"losses":0,"trades":0,"profit_factor":0.0},{"date":"13/11/2025","date_ts":1762992000000,"profit_abs":0.0,"wins":0,"draws":0,"losses":0,"trades":0,"profit_factor":0.0},{"date":"14/11/2025","date_ts":1763078400000,"profit_abs":0.0,"wins":0,"draws":0,"losses":0,"trades":0,"profit_factor":0.0},{"date":"15/11/2025","date_ts":1763164800000,"profit_abs":0.0,"wins":0,"draws":0,"losses":0,"trades":0,"profit_factor":0.0},{"date":"16/11/2025","date_ts":1763251200000,"profit_abs":0.0,"wins":0,"draws":0,"losses":0,"trades":0,"profit_factor":0.0},{"date":"17/11/2025","date_ts":1763337600000,"profit_abs":0.0,"wins":0,"draws":0,"losses":0,"trades":0,"profit_factor":0.0},{"date":"18/11/2025","date_ts":1763424000000,"profit_abs":0.0,"wins":0,"draws":0,"losses":0,"trades":0,"profit_factor":0.0},{"date":"19/11/2025","date_ts":1763510400000,"profit_abs":0.0,"wins":0,"draws":0,"losses":0,"trades":0,"profit_factor":0.0},{"date":"20/11/2025","date_ts":1763596800000,"profit_abs":0.0,"wins":0,"draws":0,"losses":0,"trades":0,"profit_factor":0.0},{"date":"21/11/2025","date_ts":1763683200000,"profit_abs":2.05905959,"wins":1,"draws":0,"losses":0,"trades":1,"profit_factor":0.0},{"date":"22/11/2025","date_ts":1763769600000,"profit_abs":17.90071192,"wins":3,"draws":0,"losses":0,"trades":3,"profit_factor":0.0}],"week":[{"date":"13/10/2025","date_ts":1760313600000,"profit_abs":16.49569,"wins":1,"draws":1,"losses":0,"trades":2,"profit_factor":0.0},{"date":"20/10/2025","date_ts":1760918400000,"profit_abs":4.17184071,"wins":2,"draws":0,"losses":0,"trades":2,"profit_factor":0.0},{"date":"27/10/2025","date_ts":1761523200000,"profit_abs":0.0,"wins":0,"draws":0,"losses":0,"trades":0,"profit_factor":0.0},{"date":"03/11/2025","date_ts":1762128000000,"profit_abs":0.0,"wins":0,"draws":0,"losses":0,"trades":0,"profit_factor":0.0},{"date":"10/11/2025","date_ts":1762732800000,"profit_abs":11.45450781,"wins":2,"draws":1,"losses":0,"trades":3,"profit_factor":0.0},{"date":"17/11/2025","date_ts":1763337600000,"profit_abs":0.0,"wins":0,"draws":0,"losses":0,"trades":0,"profit_factor":0.0},{"date":"24/11/2025","date_ts":1763942400000,"profit_abs":19.95977151,"wins":4,"draws":0,"losses":0,"trades":4,"profit_factor":0.0}],"month":[{"date":"31/10/2025","date_ts":1761868800000,"profit_abs":20.66753071,"wins":3,"draws":1,"losses":0,"trades":4,"profit_factor":0.0},{"date":"30/11/2025","date_ts":1764460800000,"profit_abs":31.41427932,"wins":6,"draws":1,"losses":0,"trades":7,"profit_factor":0.0}],"year":[{"date":"31/12/2025","date_ts":1767139200000,"profit_abs":52.08181003,"wins":9,"draws":2,"losses":0,"trades":11,"profit_factor":0.0}],"weekday":[{"date":"Tuesday","date_ts":1,"profit_abs":10.38912255,"wins":2,"draws":1,"losses":0,"trades":3,"profit_factor":0.0},{"date":"Wednesday","date_ts":2,"profit_abs":5.21199846,"wins":1,"draws":0,"losses":0,"trades":1,"profit_factor":0.0},{"date":"Thursday","date_ts":3,"profit_abs":0.02522751,"wins":1,"draws":0,"losses":0,"trades":1,"profit_factor":0.0},{"date":"Friday","date_ts":4,"profit_abs":2.05905959,"wins":1,"draws":0,"losses":0,"trades":1,"profit_factor":0.0},{"date":"Saturday","date_ts":5,"profit_abs":17.90071192,"wins":3,"draws":1,"losses":0,"trades":4,"profit_factor":0.0},{"date":"Sunday","date_ts":6,"profit_abs":16.49569,"wins":1,"draws":0,"losses":0,"trades":1,"profit_factor":0.0}]},"backtest_best_day":0.05212428236735217,"backtest_worst_day":0.0,"backtest_best_day_abs":17.90071192,"backtest_worst_day_abs":0.0,"winning_days":7,"draw_days":36,"losing_days":0,"daily_profit":[["2025-10-11",0.0],["2025-10-12",16.49569],["2025-10-13",0.0],["2025-10-14",4.1466132],["2025-10-15",0.0],["2025-10-16",0.02522751],["2025-10-17",0.0],["2025-10-18",0.0],["2025-10-19",0.0],["2025-10-20",0.0],["2025-10-21",0.0],["2025-10-22",0.0],["2025-10-23",0.0],["2025-10-24",0.0],["2025-10-25",0.0],["2025-10-26",0.0],["2025-10-27",0.0],["2025-10-28",0.0],["2025-10-29",0.0],["2025-10-30",0.0],["2025-10-31",0.0],["2025-11-01",0.0],["2025-11-02",0.0],["2025-11-03",0.0],["2025-11-04",6.24250935],["2025-11-05",5.21199846],["2025-11-06",0.0],["2025-11-07",0.0],["2025-11-08",0.0],["2025-11-09",0.0],["2025-11-10",0.0],["2025-11-11",0.0],["2025-11-12",0.0],["2025-11-13",0.0],["2025-11-14",0.0],["2025-11-15",0.0],["2025-11-16",0.0],["2025-11-17",0.0],["2025-11-18",0.0],["2025-11-19",0.0],["2025-11-20",0.0],["2025-11-21",2.05905959],["2025-11-22",17.90071192]],"wins":9,"losses":0,"draws":2,"winrate":0.8181818181818182,"holding_avg":"1:55:00","holding_avg_s":6900.0,"winner_holding_min":"0d 01:00","winner_holding_min_s":3600.0,"winner_holding_max":"0d 02:00","winner_holding_max_s":7200.0,"winner_holding_avg":"0d 01:53","winner_holding_avg_s":6780.0,"loser_holding_min":"0d 00:00","loser_holding_min_s":0.0,"loser_holding_max":"0d 00:00","loser_holding_max_s":0.0,"loser_holding_avg":"0d 00:00","loser_holding_avg_s":0.0,"max_consecutive_wins":5,"max_consecutive_losses":1,"max_drawdown_account":0.0,"max_relative_drawdown":0.0,"max_drawdown_abs":0.0,"drawdown_start":"2025-10-11 22:00:00","drawdown_start_ts":1760220000000.0,"drawdown_end":"2025-10-11 22:00:00","drawdown_end_ts":1760220000000.0,"drawdown_duration":"0 days 00:00:00","drawdown_duration_s":0.0,"max_drawdown_low":0.0,"max_drawdown_high":0.0,"csum_min":1000.0,"csum_max":1052.08181003}},"strategy_comparison":[{"key":"ACO_36_11","trades":11,"profit_mean":0.014038897140218377,"profit_mean_pct":1.4,"profit_total_abs":52.08181003,"profit_total":0.05208181003,"profit_total_pct":5.21,"duration_avg":"1:55:00","wins":9,"draws":2,"losses":0,"winrate":0.8181818181818182,"cagr":0.21051398987708692,"expectancy":4.734710002727273,"expectancy_ratio":100.0,"sortino":-100,"sharpe":2.2451923093800525,"calmar":-100,"sqn":3.2771,"profit_factor":0.0,"max_drawdown_account":0.0,"max_drawdown_abs":"0"}]}