{"strategy":{"ACO_18_12":{"trades":[{"pair":"DOGE/USDT","stake_amount":329.9031,"max_stake_amount":329.9031,"amount":1665.0,"open_date":"2025-10-16 10:00:00+00:00","close_date":"2025-10-16 12:00:00+00:00","open_rate":0.19814,"close_rate":0.20034,"fee_open":0.001,"fee_close":0.001,"trade_duration":120,"profit_ratio":0.009083073986677499,"profit_abs":2.9995308,"exit_reason":"roi","initial_stop_loss_abs":0.18824,"initial_stop_loss_ratio":-0.05,"stop_loss_abs":0.18824,"stop_loss_ratio":-0.05,"min_rate":0.19777,"max_rate":0.2015,"is_open":false,"enter_tag":"","leverage":1.0,"is_short":false,"open_timestamp":1760608800000,"close_timestamp":1760616000000,"orders":[{"amount":1665.0,"safe_price":0.19814,"ft_order_side":"buy","order_filled_timestamp":1760608800000,"ft_is_entry":true,"ft_order_tag":"","cost":330.23300309999996},{"amount":1665.0,"safe_price":0.20034,"ft_order_side":"sell","order_filled_timestamp":1760616000000,"ft_is_entry":false,"ft_order_tag":"roi","cost":333.8996661}],"funding_fees":0.0,"weekday":3},{"pair":"DOGE/USDT","stake_amount":330.9283,"max_stake_amount":330.9283,"amount":1646.0,"open_date":"2025-10-28 13:00:00+00:00","close_date":"2025-10-28 16:00:00+00:00","open_rate":0.20105,"close_rate":0.2014525025025025,"fee_open":0.001,"fee_close":0.001,"trade_duration":180,"profit_ratio":0.0,"profit_abs":0.0,"exit_reason":"roi","initial_stop_loss_abs":0.191,"initial_stop_loss_ratio":-0.05,"stop_loss_abs":0.191,"stop_loss_ratio":-0.05,"min_rate":0.19617,"max_rate":0.20311,"is_open":false,"enter_tag":"","leverage":1.0,"is_short":false,"open_timestamp":1761656400000,"close_timestamp":1761667200000,"orders":[{"amount":1646.0,"safe_price":0.20105,"ft_order_side":"buy","order_filled_timestamp":1761656400000,"ft_is_entry":true,"ft_order_tag":"","cost":331.2592283},{"amount":1646.0,"safe_price":0.2014525025025025,"ft_order_side":"sell","order_filled_timestamp":1761667200000,"ft_is_entry":false,"ft_order_tag":"roi","cost":331.92240993823816}],"funding_fees":0.0,"weekday":1},{"pair":"DOGE/USDT","stake_amount":330.96592,"max_stake_amount":330.96592,"amount":1643.0,"open_date":"2025-10-28 17:00:00+00:00","close_date":"2025-10-28 21:00:00+00:00","open_rate":0.20144,"close_rate":0.19137,"fee_open":0.001,"fee_close":0.001,"trade_duration":240,"profit_ratio":-0.05188819322059989,"profit_abs":-17.19039683,"exit_reason":"stop_loss","initial_stop_loss_abs":0.19137,"initial_stop_loss_ratio":-0.05,"stop_loss_abs":0.19137,"stop_loss_ratio":-0.05,"min_rate":0.19006,"max_rate":0.2025,"is_open":false,"enter_tag":"","leverage":1.0,"is_short":false,"open_timestamp":1761670800000,"close_timestamp":1761685200000,"orders":[{"amount":1643.0,"safe_price":0.20144,"ft_order_side":"buy","order_filled_timestamp":1761670800000,"ft_is_entry":true,"ft_order_tag":"","cost":331.29688592},{"amount":1643.0,"safe_price":0.19137,"ft_order_side":"sell","order_filled_timestamp":1761685200000,"ft_is_entry":false,"ft_order_tag":"stop_loss","cost":314.73533090999996}],"funding_fees":0.0,"weekday":1},{"pair":"DOGE/USDT","stake_amount":325.2747,"max_stake_amount":325.2747,"amount":1966.0,"open_date":"2025-11-07 15:00:00+00:00","close_date":"2025-11-07 16:00:00+00:00","open_rate":0.16545,"close_rate":0.174062012012012,"fee_open":0.001,"fee_close":0.001,"trade_duration":60,"profit_ratio":0.04995004995004995,"profit_abs":16.263735,"exit_reason":"roi","initial_stop_loss_abs":0.15718,"initial_stop_loss_ratio":-0.05,"stop_loss_abs":0.15718,"stop_loss_ratio":-0.05,"min_rate":0.16408,"max_rate":0.17555,"is_open":false,"enter_tag":"","leverage":1.0,"is_short":false,"open_timestamp":1762527600000,"close_timestamp":1762531200000,"orders":[{"amount":1966.0,"safe_price":0.16545,"ft_order_side":"buy","order_filled_timestamp":1762527600000,"ft_is_entry":true,"ft_order_tag":"","cost":325.5999747},{"amount":1966.0,"safe_price":0.174062012012012,"ft_order_side":"sell","order_filled_timestamp":1762531200000,"ft_is_entry":false,"ft_order_tag":"roi","cost":342.5481215312312}],"funding_fees":0.0,"weekday":4},{"pair":"DOGE/USDT","stake_amount":330.62547,"max_stake_amount":330.62547,"amount":2037.0,"open_date":"2025-11-17 15:00:00+00:00","close_date":"2025-11-17 18:00:00+00:00","open_rate":0.16231,"close_rate":0.1542,"fee_open":0.001,"fee_close":0.001,"trade_duration":180,"profit_ratio":-0.051864283827810415,"profit_abs":-17.16480087,"exit_reason":"stop_loss","initial_stop_loss_abs":0.1542,"initial_stop_loss_ratio":-0.05,"stop_loss_abs":0.1542,"stop_loss_ratio":-0.05,"min_rate":0.15372,"max_rate":0.16367,"is_open":false,"enter_tag":"","leverage":1.0,"is_short":false,"open_timestamp":1763391600000,"close_timestamp":1763402400000,"orders":[{"amount":2037.0,"safe_price":0.16231,"ft_order_side":"buy","order_filled_timestamp":1763391600000,"ft_is_entry":true,"ft_order_tag":"","cost":330.95609547},{"amount":2037.0,"safe_price":0.1542,"ft_order_side":"sell","order_filled_timestamp":1763402400000,"ft_is_entry":false,"ft_order_tag":"stop_loss","cost":314.4195054}],"funding_fees":0.0,"weekday":0},{"pair":"DOGE/USDT","stake_amount":324.94103,"max_stake_amount":324.94103,"amount":2293.0,"open_date":"2025-11-23 02:00:00+00:00","close_date":"2025-11-23 04:00:00+00:00","open_rate":0.14171,"close_rate":0.14289,"fee_open":0.001,"fee_close":0.001,"trade_duration":120,"profit_ratio":0.006312225633374458,"profit_abs":2.0531522,"exit_reason":"exit_signal","initial_stop_loss_abs":0.13463,"initial_stop_loss_ratio":-0.05,"stop_loss_abs":0.13463,"stop_loss_ratio":-0.05,"min_rate":0.14124,"max_rate":0.1447,"is_open":false,"enter_tag":"","leverage":1.0,"is_short":false,"open_timestamp":1763863200000,"close_timestamp":1763870400000,"orders":[{"amount":2293.0,"safe_price":0.14171,"ft_order_side":"buy","order_filled_timestamp":1763863200000,"ft_is_entry":true,"ft_order_tag":"","cost":325.26597103},{"amount":2293.0,"safe_price":0.14289,"ft_order_side":"sell","order_filled_timestamp":1763870400000,"ft_is_entry":false,"ft_order_tag":"exit_signal","cost":327.97441676999995}],"funding_fees":0.0,"weekday":6},{"pair":"DOGE/USDT","stake_amount":325.64676,"max_stake_amount":325.64676,"amount":2218.0,"open_date":"2025-11-24 16:00:00+00:00","close_date":"2025-11-24 18:00:00+00:00","open_rate":0.14682,"close_rate":0.15211,"fee_open":0.001,"fee_close":0.001,"trade_duration":120,"profit_ratio":0.03396052251793976,"profit_abs":11.07019326,"exit_reason":"roi","initial_stop_loss_abs":0.13948,"initial_stop_loss_ratio":-0.05,"stop_loss_abs":0.13948,"stop_loss_ratio":-0.05,"min_rate":0.14673,"max_rate":0.153,"is_open":false,"enter_tag":"","leverage":1.0,"is_short":false,"open_timestamp":1764000000000,"close_timestamp":1764007200000,"orders":[{"amount":2218.0,"safe_price":0.14682,"ft_order_side":"buy","order_filled_timestamp":1764000000000,"ft_is_entry":true,"ft_order_tag":"","cost":325.97240676},{"amount":2218.0,"safe_price":0.15211,"ft_order_side":"sell","order_filled_timestamp":1764007200000,"ft_is_entry":false,"ft_order_tag":"roi","cost":337.71735997999997}],"funding_fees":0.0,"weekday":0},{"pair":"DOGE/USDT","stake_amount":329.31227,"max_stake_amount":329.31227,"amount":2159.0,"open_date":"2025-11-28 14:00:00+00:00","close_date":"2025-11-28 16:00:00+00:00","open_rate":0.15253,"close_rate":0.15376,"fee_open":0.001,"fee_close":0.001,"trade_duration":120,"profit_ratio":0.006049873551348671,"profit_abs":1.99428989,"exit_reason":"roi","initial_stop_loss_abs":0.14491,"initial_stop_loss_ratio":-0.05,"stop_loss_abs":0.14491,"stop_loss_ratio":-0.05,"min_rate":0.15034,"max_rate":0.15554,"is_open":false,"enter_tag":"","leverage":1.0,"is_short":false,"open_timestamp":1764338400000,"close_timestamp":1764345600000,"orders":[{"amount":2159.0,"safe_price":0.15253,"ft_order_side":"buy","order_filled_timestamp":1764338400000,"ft_is_entry":true,"ft_order_tag":"","cost":329.64158226999996},{"amount":2159.0,"safe_price":0.15376,"ft_order_side":"sell","order_filled_timestamp":1764345600000,"ft_is_entry":false,"ft_order_tag":"roi","cost":332.29980783999997}],"funding_fees":0.0,"weekday":4},{"pair":"DOGE/USDT","stake_amount":329.9148,"max_stake_amount":329.9148,"amount":2433.0,"open_date":"2025-12-02 10:00:00+00:00","close_date":"2025-12-02 12:00:00+00:00","open_rate":0.1356,"close_rate":0.137,"fee_open":0.001,"fee_close":0.001,"trade_duration":120,"profit_ratio":0.008305853438596801,"profit_abs":2.7429642,"exit_reason":"roi","initial_stop_loss_abs":0.12882,"initial_stop_loss_ratio":-0.05,"stop_loss_abs":0.12882,"stop_loss_ratio":-0.05,"min_rate":0.1355,"max_rate":0.13758,"is_open":false,"enter_tag":"","leverage":1.0,"is_short":false,"open_timestamp":1764669600000,"close_timestamp":1764676800000,"orders":[{"amount":2433.0,"safe_price":0.1356,"ft_order_side":"buy","order_filled_timestamp":1764669600000,"ft_is_entry":true,"ft_order_tag":"","cost":330.2447148},{"amount":2433.0,"safe_price":0.137,"ft_order_side":"sell","order_filled_timestamp":1764676800000,"ft_is_entry":false,"ft_order_tag":"roi","cost":333.654321}],"funding_fees":0.0,"weekday":1},{"pair":"DOGE/USDT","stake_amount":330.85209,"max_stake_amount":330.85209,"amount":2357.0,"open_date":"2025-12-12 02:00:00+00:00","close_date":"2025-12-12 04:00:00+00:00","open_rate":0.14037,"close_rate":0.14065102102102098,"fee_open":0.001,"fee_close":0.001,"trade_duration":120,"profit_ratio":0.0,"profit_abs":0.0,"exit_reason":"roi","initial_stop_loss_abs":0.13336,"initial_stop_loss_ratio":-0.05,"stop_loss_abs":0.13336,"stop_loss_ratio":-0.05,"min_rate":0.1401,"max_rate":0.14133,"is_open":false,"enter_tag":"","leverage":1.0,"is_short":false,"open_timestamp":1765504800000,"close_timestamp":1765512000000,"orders":[{"amount":2357.0,"safe_price":0.14037,"ft_order_side":"buy","order_filled_timestamp":1765504800000,"ft_is_entry":true,"ft_order_tag":"","cost":331.1829420899999},{"amount":2357.0,"safe_price":0.14065102102102098,"ft_order_side":"sell","order_filled_timestamp":1765512000000,"ft_is_entry":false,"ft_order_tag":"roi","cost":331.845971003093}],"funding_fees":0.0,"weekday":4},{"pair":"DOGE/USDT","stake_amount":330.82884,"max_stake_amount":330.82884,"amount":2516.0,"open_date":"2025-12-21 06:00:00+00:00","close_date":"2025-12-21 08:00:00+00:00","open_rate":0.13149,"close_rate":0.13175324324324322,"fee_open":0.001,"fee_close":0.001,"trade_duration":120,"profit_ratio":0.0,"profit_abs":0.0,"exit_reason":"roi","initial_stop_loss_abs":0.12492,"initial_stop_loss_ratio":-0.05,"stop_loss_abs":0.12492,"stop_loss_ratio":-0.05,"min_rate":0.13122,"max_rate":0.13307,"is_open":false,"enter_tag":"","leverage":1.0,"is_short":false,"open_timestamp":1766296800000,"close_timestamp":1766304000000,"orders":[{"amount":2516.0,"safe_price":0.13149,"ft_order_side":"buy","order_filled_timestamp":1766296800000,"ft_is_entry":true,"ft_order_tag":"","cost":331.15966884},{"amount":2516.0,"safe_price":0.13175324324324322,"ft_order_side":"sell","order_filled_timestamp":1766304000000,"ft_is_entry":false,"ft_order_tag":"roi","cost":331.8226511599999}],"funding_fees":0.0,"weekday":6},{"pair":"DOGE/USDT","stake_amount":330.8798,"max_stake_amount":330.8798,"amount":2620.0,"open_date":"2025-12-26 03:00:00+00:00","close_date":"2025-12-26 07:00:00+00:00","open_rate":0.12629,"close_rate":0.12654283283283282,"fee_open":0.001,"fee_close":0.001,"trade_duration":240,"profit_ratio":0.0,"profit_abs":0.0,"exit_reason":"roi","initial_stop_loss_abs":0.11998,"initial_stop_loss_ratio":-0.05,"stop_loss_abs":0.11998,"stop_loss_ratio":-0.05,"min_rate":0.12522,"max_rate":0.12669,"is_open":false,"enter_tag":"","leverage":1.0,"is_short":false,"open_timestamp":1766718000000,"close_timestamp":1766732400000,"orders":[{"amount":2620.0,"safe_price":0.12629,"ft_order_side":"buy","order_filled_timestamp":1766718000000,"ft_is_entry":true,"ft_order_tag":"","cost":331.21067980000004},{"amount":2620.0,"safe_price":0.12654283283283282,"ft_order_side":"sell","order_filled_timestamp":1766732400000,"ft_is_entry":false,"ft_order_tag":"roi","cost":331.87376424404397}],"funding_fees":0.0,"weekday":4},{"pair":"DOGE/USDT","stake_amount":330.84924,"max_stake_amount":330.84924,"amount":2669.0,"open_date":"2025-12-28 23:00:00+00:00","close_date":"2025-12-29 01:00:00+00:00","open_rate":0.12396,"close_rate":0.12514,"fee_open":0.001,"fee_close":0.001,"trade_duration":120,"profit_ratio":0.007502178363746612,"profit_abs":2.4845721,"exit_reason":"roi","initial_stop_loss_abs":0.11777,"initial_stop_loss_ratio":-0.05,"stop_loss_abs":0.11777,"stop_loss_ratio":-0.05,"min_rate":0.12324,"max_rate":0.12604,"is_open":false,"enter_tag":"","leverage":1.0,"is_short":false,"open_timestamp":1766962800000,"close_timestamp":1766970000000,"orders":[{"amount":2669.0,"safe_price":0.12396,"ft_order_side":"buy","order_filled_timestamp":1766962800000,"ft_is_entry":true,"ft_order_tag":"","cost":331.18008924},{"amount":2669.0,"safe_price":0.12514,"ft_order_side":"sell","order_filled_timestamp":1766970000000,"ft_is_entry":false,"ft_order_tag":"roi","cost":334.33265866}],"funding_fees":0.0,"weekday":0}],"locks":[],"best_pair":{"key":"DOGE/USDT","trades":13,"profit_mean":0.0013393307994864188,"profit_mean_pct":0.13,"profit_total_abs":5.253239749999997,"profit_total":0.005253239749999997,"profit_total_pct":0.53,"duration_avg":"2:23:00","wins":7,"draws":4,"losses":2,"winrate":0.5384615384615384,"cagr":0.01991124139723377,"expectancy":0.40409536538461444,"expectancy_ratio":-0.2841677528978165,"sortino":80.84636399787048,"sharpe":0.11762042242857716,"calmar":5.736261858466325,"sqn":0.1591,"profit_factor":1.152909606164193,"max_drawdown_account":0.018037359085871237,"max_drawdown_abs":18.0914627},"worst_pair":{"key":"DOGE/USDT","trades":13,"profit_mean":0.0013393307994864188,"profit_mean_pct":0.13,"profit_total_abs":5.253239749999997,"profit_total":0.005253239749999997,"profit_total_pct":0.53,"duration_avg":"2:23:00","wins":7,"draws":4,"losses":2,"winrate":0.5384615384615384,"cagr":0.01991124139723377,"expectancy":0.40409536538461444,"expectancy_ratio":-0.2841677528978165,"sortino":80.84636399787048,"sharpe":0.11762042242857716,"calmar":5.736261858466325,"sqn":0.1591,"profit_factor":1.152909606164193,"max_drawdown_account":0.018037359085871237,"max_drawdown_abs":18.0914627},"results_per_pair":[{"key":"DOGE/USDT","trades":13,"profit_mean":0.0013393307994864188,"profit_mean_pct":0.13,"profit_total_abs":5.253239749999997,"profit_total":0.005253239749999997,"profit_total_pct":0.53,"duration_avg":"2:23:00","wins":7,"draws":4,"losses":2,"winrate":0.5384615384615384,"cagr":0.01991124139723377,"expectancy":0.40409536538461444,"expectancy_ratio":-0.2841677528978165,"sortino":80.84636399787048,"sharpe":0.11762042242857716,"calmar":5.736261858466325,"sqn":0.1591,"profit_factor":1.152909606164193,"max_drawdown_account":0.018037359085871237,"max_drawdown_abs":18.0914627},{"key":"TOTAL","trades":13,"profit_mean":0.0013393307994864188,"profit_mean_pct":0.13,"profit_total_abs":5.253239749999997,"profit_total":0.005253239749999997,"profit_total_pct":0.53,"duration_avg":"2:23:00","wins":7,"draws":4,"losses":2,"winrate":0.5384615384615384,"cagr":0.01991124139723377,"expectancy":0.40409536538461444,"expectancy_ratio":-0.2841677528978165,"sortino":80.84636399787048,"sharpe":0.11762042242857716,"calmar":5.736261858466325,"sqn":0.1591,"profit_factor":1.152909606164193,"max_drawdown_account":0.018037359085871237,"max_drawdown_abs":18.0914627}],"results_per_enter_tag":[{"key":"","trades":13,"profit_mean":0.0013393307994864188,"profit_mean_pct":0.13,"profit_total_abs":5.253239749999997,"profit_total":0.005253239749999997,"profit_total_pct":0.53,"duration_avg":"2:23:00","wins":7,"draws":4,"losses":2,"winrate":0.5384615384615384,"cagr":0.01991124139723377,"expectancy":0.40409536538461444,"expectancy_ratio":-0.2841677528978165,"sortino":80.84636399787048,"sharpe":0.11762042242857716,"calmar":5.736261858466325,"sqn":0.1591,"profit_factor":1.152909606164193,"max_drawdown_account":0.018037359085871237,"max_drawdown_abs":18.0914627},{"key":"TOTAL","trades":13,"profit_mean":0.0013393307994864188,"profit_mean_pct":0.13,"profit_total_abs":5.253239749999997,"profit_total":0.005253239749999997,"profit_total_pct":0.53,"duration_avg":"2:23:00","wins":7,"draws":4,"losses":2,"winrate":0.5384615384615384,"cagr":0.01991124139723377,"expectancy":0.40409536538461444,"expectancy_ratio":-0.2841677528978165,"sortino":80.84636399787048,"sharpe":0.11762042242857716,"calmar":5.736261858466325,"sqn":0.1591,"profit_factor":1.152909606164193,"max_drawdown_account":0.018037359085871237,"max_drawdown_abs":18.0914627}],"exit_reason_summary":[{"key":"roi","trades":10,"profit_mean":0.01148515518083593,"profit_mean_pct":1.15,"profit_total_abs":37.55528525,"profit_total":0.03755528525,"profit_total_pct":3.76,"duration_avg":"2:12:00","wins":6,"draws":4,"losses":0,"winrate":0.6,"cagr":0.1488107922445161,"expectancy":3.755528525,"expectancy_ratio":100.0,"sortino":-100,"sharpe":1.4164832556619311,"calmar":-100,"sqn":2.1575,"profit_factor":0.0,"max_drawdown_account":0.0,"max_drawdown_abs":0.0},{"key":"exit_signal","trades":1,"profit_mean":0.006312225633374458,"profit_mean_pct":0.63,"profit_total_abs":2.0531522,"profit_total":0.0020531522,"profit_total_pct":0.21,"duration_avg":"2:00:00","wins":1,"draws":0,"losses":0,"winrate":1.0,"cagr":0.007747718074593513,"expectancy":2.0531522,"expectancy_ratio":100.0,"sortino":-100,"sharpe":-100,"calmar":-100,"sqn":-100.0,"profit_factor":0.0,"max_drawdown_account":0.0,"max_drawdown_abs":0.0},{"key":"stop_loss","trades":2,"profit_mean":-0.05187623852420516,"profit_mean_pct":-5.19,"profit_total_abs":-34.355197700000005,"profit_total":-0.034355197700000006,"profit_total_pct":-3.44,"duration_avg":"3:30:00","wins":0,"draws":0,"losses":2,"winrate":0.0,"cagr":-0.12326241456799836,"expectancy":-17.177598850000003,"expectancy_ratio":-1.0,"sortino":-528.719980555428,"sharpe":-528.719980555428,"calmar":-19.6958486335493,"sqn":-1342.2117,"profit_factor":0.0,"max_drawdown_account":0.034355197699999965,"max_drawdown_abs":34.355197700000005},{"key":"TOTAL","trades":13,"profit_mean":0.0013393307994864188,"profit_mean_pct":0.13,"profit_total_abs":5.253239749999997,"profit_total":0.005253239749999997,"profit_total_pct":0.53,"duration_avg":"2:23:00","wins":7,"draws":4,"losses":2,"winrate":0.5384615384615384,"cagr":0.01991124139723377,"expectancy":0.40409536538461444,"expectancy_ratio":-0.2841677528978165,"sortino":80.84636399787048,"sharpe":0.11762042242857716,"calmar":5.736261858466325,"sqn":0.1591,"profit_factor":1.152909606164193,"max_drawdown_account":0.018037359085871237,"max_drawdown_abs":18.0914627}],"mix_tag_stats":[{"key":["","roi"],"trades":10,"profit_mean":0.01148515518083593,"profit_mean_pct":1.15,"profit_total_abs":37.55528525,"profit_total":0.03755528525,"profit_total_pct":3.76,"duration_avg":"2:12:00","wins":6,"draws":4,"losses":0,"winrate":0.6,"cagr":0.1488107922445161,"expectancy":3.755528525,"expectancy_ratio":100.0,"sortino":-100,"sharpe":1.4164832556619311,"calmar":-100,"sqn":2.1575,"profit_factor":0.0,"max_drawdown_account":0.0,"max_drawdown_abs":0.0},{"key":["","exit_signal"],"trades":1,"profit_mean":0.006312225633374458,"profit_mean_pct":0.63,"profit_total_abs":2.0531522,"profit_total":0.0020531522,"profit_total_pct":0.21,"duration_avg":"2:00:00","wins":1,"draws":0,"losses":0,"winrate":1.0,"cagr":0.007747718074593513,"expectancy":2.0531522,"expectancy_ratio":100.0,"sortino":-100,"sharpe":-100,"calmar":-100,"sqn":-100.0,"profit_factor":0.0,"max_drawdown_account":0.0,"max_drawdown_abs":0.0},{"key":["","stop_loss"],"trades":2,"profit_mean":-0.05187623852420516,"profit_mean_pct":-5.19,"profit_total_abs":-34.355197700000005,"profit_total":-0.034355197700000006,"profit_total_pct":-3.44,"duration_avg":"3:30:00","wins":0,"draws":0,"losses":2,"winrate":0.0,"cagr":-0.12326241456799836,"expectancy":-17.177598850000003,"expectancy_ratio":-1.0,"sortino":-528.719980555428,"sharpe":-528.719980555428,"calmar":-19.6958486335493,"sqn":-1342.2117,"profit_factor":0.0,"max_drawdown_account":0.034355197699999965,"max_drawdown_abs":34.355197700000005},{"key":"TOTAL","trades":13,"profit_mean":0.0013393307994864188,"profit_mean_pct":0.13,"profit_total_abs":5.253239749999997,"profit_total":0.005253239749999997,"profit_total_pct":0.53,"duration_avg":"2:23:00","wins":7,"draws":4,"losses":2,"winrate":0.5384615384615384,"cagr":0.01991124139723377,"expectancy":0.40409536538461444,"expectancy_ratio":-0.2841677528978165,"sortino":80.84636399787048,"sharpe":0.11762042242857716,"calmar":5.736261858466325,"sqn":0.1591,"profit_factor":1.152909606164193,"max_drawdown_account":0.018037359085871237,"max_drawdown_abs":18.0914627}],"left_open_trades":[{"key":"TOTAL","trades":0,"profit_mean":0.0,"profit_mean_pct":0.0,"profit_total_abs":0.0,"profit_total":0.0,"profit_total_pct":0.0,"duration_avg":"0:00","wins":0,"draws":0,"losses":0,"winrate":0.0,"cagr":0.0,"expectancy":0.0,"expectancy_ratio":100.0,"sortino":0,"sharpe":0,"calmar":0,"sqn":0.0,"profit_factor":0.0,"max_drawdown_account":0.0,"max_drawdown_abs":0.0}],"total_trades":13,"trade_count_long":13,"trade_count_short":0,"total_volume":8584.249226856606,"avg_stake_amount":329.3017169230769,"profit_mean":0.0013393307994864188,"profit_median":0.006049873551348671,"profit_total":0.005253239749999997,"profit_total_long":0.005253239749999997,"profit_total_short":0.0,"profit_total_abs":5.253239749999997,"profit_total_long_abs":5.253239749999997,"profit_total_short_abs":0.0,"cagr":0.01991124139723377,"expectancy":0.40409536538461444,"expectancy_ratio":-0.2841677528978165,"sortino":80.84636399787048,"sharpe":0.11762042242857716,"calmar":5.736261858466325,"sqn":0.1591,"profit_factor":1.152909606164193,"backtest_start":"2025-10-01 00:00:00","backtest_start_ts":1759276800000,"backtest_end":"2026-01-06 20:00:00","backtest_end_ts":1767729600000,"backtest_days":97,"backtest_run_start_ts":1767748215,"backtest_run_end_ts":1767748215,"trades_per_day":0.13,"market_change":-0.36632086436227446,"pairlist":["DOGE/USDT"],"stake_amount":"unlimited","stake_currency":"USDT","stake_currency_decimals":3,"starting_balance":1000,"dry_run_wallet":1000,"final_balance":1005.25323975,"rejected_signals":0,"timedout_entry_orders":0,"timedout_exit_orders":0,"canceled_trade_entries":0,"canceled_entry_orders":0,"replaced_entry_orders":0,"max_open_trades":1,"max_open_trades_setting":3,"timeframe":"1h","timeframe_detail":"","timerange":"20251001-","enable_protections":false,"strategy_name":"ACO_18_12","freqaimodel":null,"freqai_identifier":null,"stoploss":-0.05,"trailing_stop":false,"trailing_stop_positive":null,"trailing_stop_positive_offset":0.0,"trailing_only_offset_is_reached":false,"use_custom_stoploss":false,"minimal_roi":{"0":0.1,"60":0.05,"120":0.0},"use_exit_signal":true,"exit_profit_only":false,"exit_profit_offset":0.0,"ignore_roi_if_entry_signal":false,"trading_mode":"spot","margin_mode":"","periodic_breakdown":{"day":[{"date":"16/10/2025","date_ts":1760572800000,"profit_abs":2.9995308,"wins":1,"draws":0,"losses":0,"trades":1,"profit_factor":0.0},{"date":"17/10/2025","date_ts":1760659200000,"profit_abs":0.0,"wins":0,"draws":0,"losses":0,"trades":0,"profit_factor":0.0},{"date":"18/10/2025","date_ts":1760745600000,"profit_abs":0.0,"wins":0,"draws":0,"losses":0,"trades":0,"profit_factor":0.0},{"date":"19/10/2025","date_ts":1760832000000,"profit_abs":0.0,"wins":0,"draws":0,"losses":0,"trades":0,"profit_factor":0.0},{"date":"20/10/2025","date_ts":1760918400000,"profit_abs":0.0,"wins":0,"draws":0,"losses":0,"trades":0,"profit_factor":0.0},{"date":"21/10/2025","date_ts":1761004800000,"profit_abs":0.0,"wins":0,"draws":0,"losses":0,"trades":0,"profit_factor":0.0},{"date":"22/10/2025","date_ts":1761091200000,"profit_abs":0.0,"wins":0,"draws":0,"losses":0,"trades":0,"profit_factor":0.0},{"date":"23/10/2025","date_ts":1761177600000,"profit_abs":0.0,"wins":0,"draws":0,"losses":0,"trades":0,"profit_factor":0.0},{"date":"24/10/2025","date_ts":1761264000000,"profit_abs":0.0,"wins":0,"draws":0,"losses":0,"trades":0,"profit_factor":0.0},{"date":"25/10/2025","date_ts":1761350400000,"profit_abs":0.0,"wins":0,"draws":0,"losses":0,"trades":0,"profit_factor":0.0},{"date":"26/10/2025","date_ts":1761436800000,"profit_abs":0.0,"wins":0,"draws":0,"losses":0,"trades":0,"profit_factor":0.0},{"date":"27/10/2025","date_ts":1761523200000,"profit_abs":0.0,"wins":0,"draws":0,"losses":0,"trades":0,"profit_factor":0.0},{"date":"28/10/2025","date_ts":1761609600000,"profit_abs":-17.19039683,"wins":0,"draws":1,"losses":1,"trades":2,"profit_factor":0.0},{"date":"29/10/2025","date_ts":1761696000000,"profit_abs":0.0,"wins":0,"draws":0,"losses":0,"trades":0,"profit_factor":0.0},{"date":"30/10/2025","date_ts":1761782400000,"profit_abs":0.0,"wins":0,"draws":0,"losses":0,"trades":0,"profit_factor":0.0},{"date":"31/10/2025","date_ts":1761868800000,"profit_abs":0.0,"wins":0,"draws":0,"losses":0,"trades":0,"profit_factor":0.0},{"date":"01/11/2025","date_ts":1761955200000,"profit_abs":0.0,"wins":0,"draws":0,"losses":0,"trades":0,"profit_factor":0.0},{"date":"02/11/2025","date_ts":1762041600000,"profit_abs":0.0,"wins":0,"draws":0,"losses":0,"trades":0,"profit_factor":0.0},{"date":"03/11/2025","date_ts":1762128000000,"profit_abs":0.0,"wins":0,"draws":0,"losses":0,"trades":0,"profit_factor":0.0},{"date":"04/11/2025","date_ts":1762214400000,"profit_abs":0.0,"wins":0,"draws":0,"losses":0,"trades":0,"profit_factor":0.0},{"date":"05/11/2025","date_ts":1762300800000,"profit_abs":0.0,"wins":0,"draws":0,"losses":0,"trades":0,"profit_factor":0.0},{"date":"06/11/2025","date_ts":1762387200000,"profit_abs":0.0,"wins":0,"draws":0,"losses":0,"trades":0,"profit_factor":0.0},{"date":"07/11/2025","date_ts":1762473600000,"profit_abs":16.263735,"wins":1,"draws":0,"losses":0,"trades":1,"profit_factor":0.0},{"date":"08/11/2025","date_ts":1762560000000,"profit_abs":0.0,"wins":0,"draws":0,"losses":0,"trades":0,"profit_factor":0.0},{"date":"09/11/2025","date_ts":1762646400000,"profit_abs":0.0,"wins":0,"draws":0,"losses":0,"trades":0,"profit_factor":0.0},{"date":"10/11/2025","date_ts":1762732800000,"profit_abs":0.0,"wins":0,"draws":0,"losses":0,"trades":0,"profit_factor":0.0},{"date":"11/11/2025","date_ts":1762819200000,"profit_abs":0.0,"wins":0,"draws":0,"losses":0,"trades":0,"profit_factor":0.0},{"date":"12/11/2025","date_ts":1762905600000,"profit_abs":0.0,"wins":0,"draws":0,"losses":0,"trades":0,"profit_factor":0.0},{"date":"13/11/2025","date_ts":1762992000000,"profit_abs":0.0,"wins":0,"draws":0,"losses":0,"trades":0,"profit_factor":0.0},{"date":"14/11/2025","date_ts":1763078400000,"profit_abs":0.0,"wins":0,"draws":0,"losses":0,"trades":0,"profit_factor":0.0},{"date":"15/11/2025","date_ts":1763164800000,"profit_abs":0.0,"wins":0,"draws":0,"losses":0,"trades":0,"profit_factor":0.0},{"date":"16/11/2025","date_ts":1763251200000,"profit_abs":0.0,"wins":0,"draws":0,"losses":0,"trades":0,"profit_factor":0.0},{"date":"17/11/2025","date_ts":1763337600000,"profit_abs":-17.16480087,"wins":0,"draws":0,"losses":1,"trades":1,"profit_factor":0.0},{"date":"18/11/2025","date_ts":1763424000000,"profit_abs":0.0,"wins":0,"draws":0,"losses":0,"trades":0,"profit_factor":0.0},{"date":"19/11/2025","date_ts":1763510400000,"profit_abs":0.0,"wins":0,"draws":0,"losses":0,"trades":0,"profit_factor":0.0},{"date":"20/11/2025","date_ts":1763596800000,"profit_abs":0.0,"wins":0,"draws":0,"losses":0,"trades":0,"profit_factor":0.0},{"date":"21/11/2025","date_ts":1763683200000,"profit_abs":0.0,"wins":0,"draws":0,"losses":0,"trades":0,"profit_factor":0.0},{"date":"22/11/2025","date_ts":1763769600000,"profit_abs":0.0,"wins":0,"draws":0,"losses":0,"trades":0,"profit_factor":0.0},{"date":"23/11/2025","date_ts":1763856000000,"profit_abs":2.0531522,"wins":1,"draws":0,"losses":0,"trades":1,"profit_factor":0.0},{"date":"24/11/2025","date_ts":1763942400000,"profit_abs":11.07019326,"wins":1,"draws":0,"losses":0,"trades":1,"profit_factor":0.0},{"date":"25/11/2025","date_ts":1764028800000,"profit_abs":0.0,"wins":0,"draws":0,"losses":0,"trades":0,"profit_factor":0.0},{"date":"26/11/2025","date_ts":1764115200000,"profit_abs":0.0,"wins":0,"draws":0,"losses":0,"trades":0,"profit_factor":0.0},{"date":"27/11/2025","date_ts":1764201600000,"profit_abs":0.0,"wins":0,"draws":0,"losses":0,"trades":0,"profit_factor":0.0},{"date":"28/11/2025","date_ts":1764288000000,"profit_abs":1.99428989,"wins":1,"draws":0,"losses":0,"trades":1,"profit_factor":0.0},{"date":"29/11/2025","date_ts":1764374400000,"profit_abs":0.0,"wins":0,"draws":0,"losses":0,"trades":0,"profit_factor":0.0},{"date":"30/11/2025","date_ts":1764460800000,"profit_abs":0.0,"wins":0,"draws":0,"losses":0,"trades":0,"profit_factor":0.0},{"date":"01/12/2025","date_ts":1764547200000,"profit_abs":0.0,"wins":0,"draws":0,"losses":0,"trades":0,"profit_factor":0.0},{"date":"02/12/2025","date_ts":1764633600000,"profit_abs":2.7429642,"wins":1,"draws":0,"losses":0,"trades":1,"profit_factor":0.0},{"date":"03/12/2025","date_ts":1764720000000,"profit_abs":0.0,"wins":0,"draws":0,"losses":0,"trades":0,"profit_factor":0.0},{"date":"04/12/2025","date_ts":1764806400000,"profit_abs":0.0,"wins":0,"draws":0,"losses":0,"trades":0,"profit_factor":0.0},{"date":"05/12/2025","date_ts":1764892800000,"profit_abs":0.0,"wins":0,"draws":0,"losses":0,"trades":0,"profit_factor":0.0},{"date":"06/12/2025","date_ts":1764979200000,"profit_abs":0.0,"wins":0,"draws":0,"losses":0,"trades":0,"profit_factor":0.0},{"date":"07/12/2025","date_ts":1765065600000,"profit_abs":0.0,"wins":0,"draws":0,"losses":0,"trades":0,"profit_factor":0.0},{"date":"08/12/2025","date_ts":1765152000000,"profit_abs":0.0,"wins":0,"draws":0,"losses":0,"trades":0,"profit_factor":0.0},{"date":"09/12/2025","date_ts":1765238400000,"profit_abs":0.0,"wins":0,"draws":0,"losses":0,"trades":0,"profit_factor":0.0},{"date":"10/12/2025","date_ts":1765324800000,"profit_abs":0.0,"wins":0,"draws":0,"losses":0,"trades":0,"profit_factor":0.0},{"date":"11/12/2025","date_ts":1765411200000,"profit_abs":0.0,"wins":0,"draws":0,"losses":0,"trades":0,"profit_factor":0.0},{"date":"12/12/2025","date_ts":1765497600000,"profit_abs":0.0,"wins":0,"draws":1,"losses":0,"trades":1,"profit_factor":0.0},{"date":"13/12/2025","date_ts":1765584000000,"profit_abs":0.0,"wins":0,"draws":0,"losses":0,"trades":0,"profit_factor":0.0},{"date":"14/12/2025","date_ts":1765670400000,"profit_abs":0.0,"wins":0,"draws":0,"losses":0,"trades":0,"profit_factor":0.0},{"date":"15/12/2025","date_ts":1765756800000,"profit_abs":0.0,"wins":0,"draws":0,"losses":0,"trades":0,"profit_factor":0.0},{"date":"16/12/2025","date_ts":1765843200000,"profit_abs":0.0,"wins":0,"draws":0,"losses":0,"trades":0,"profit_factor":0.0},{"date":"17/12/2025","date_ts":1765929600000,"profit_abs":0.0,"wins":0,"draws":0,"losses":0,"trades":0,"profit_factor":0.0},{"date":"18/12/2025","date_ts":1766016000000,"profit_abs":0.0,"wins":0,"draws":0,"losses":0,"trades":0,"profit_factor":0.0},{"date":"19/12/2025","date_ts":1766102400000,"profit_abs":0.0,"wins":0,"draws":0,"losses":0,"trades":0,"profit_factor":0.0},{"date":"20/12/2025","date_ts":1766188800000,"profit_abs":0.0,"wins":0,"draws":0,"losses":0,"trades":0,"profit_factor":0.0},{"date":"21/12/2025","date_ts":1766275200000,"profit_abs":0.0,"wins":0,"draws":1,"losses":0,"trades":1,"profit_factor":0.0},{"date":"22/12/2025","date_ts":1766361600000,"profit_abs":0.0,"wins":0,"draws":0,"losses":0,"trades":0,"profit_factor":0.0},{"date":"23/12/2025","date_ts":1766448000000,"profit_abs":0.0,"wins":0,"draws":0,"losses":0,"trades":0,"profit_factor":0.0},{"date":"24/12/2025","date_ts":1766534400000,"profit_abs":0.0,"wins":0,"draws":0,"losses":0,"trades":0,"profit_factor":0.0},{"date":"25/12/2025","date_ts":1766620800000,"profit_abs":0.0,"wins":0,"draws":0,"losses":0,"trades":0,"profit_factor":0.0},{"date":"26/12/2025","date_ts":1766707200000,"profit_abs":0.0,"wins":0,"draws":1,"losses":0,"trades":1,"profit_factor":0.0},{"date":"27/12/2025","date_ts":1766793600000,"profit_abs":0.0,"wins":0,"draws":0,"losses":0,"trades":0,"profit_factor":0.0},{"date":"28/12/2025","date_ts":1766880000000,"profit_abs":0.0,"wins":0,"draws":0,"losses":0,"trades":0,"profit_factor":0.0},{"date":"29/12/2025","date_ts":1766966400000,"profit_abs":2.4845721,"wins":1,"draws":0,"losses":0,"trades":1,"profit_factor":0.0}],"week":[{"date":"20/10/2025","date_ts":1760918400000,"profit_abs":2.9995308,"wins":1,"draws":0,"losses":0,"trades":1,"profit_factor":0.0},{"date":"27/10/2025","date_ts":1761523200000,"profit_abs":0.0,"wins":0,"draws":0,"losses":0,"trades":0,"profit_factor":0.0},{"date":"03/11/2025","date_ts":1762128000000,"profit_abs":-17.19039683,"wins":0,"draws":1,"losses":1,"trades":2,"profit_factor":0.0},{"date":"10/11/2025","date_ts":1762732800000,"profit_abs":16.263735,"wins":1,"draws":0,"losses":0,"trades":1,"profit_factor":0.0},{"date":"17/11/2025","date_ts":1763337600000,"profit_abs":-17.16480087,"wins":0,"draws":0,"losses":1,"trades":1,"profit_factor":0.0},{"date":"24/11/2025","date_ts":1763942400000,"profit_abs":13.12334546,"wins":2,"draws":0,"losses":0,"trades":2,"profit_factor":0.0},{"date":"01/12/2025","date_ts":1764547200000,"profit_abs":1.99428989,"wins":1,"draws":0,"losses":0,"trades":1,"profit_factor":0.0},{"date":"08/12/2025","date_ts":1765152000000,"profit_abs":2.7429642,"wins":1,"draws":0,"losses":0,"trades":1,"profit_factor":0.0},{"date":"15/12/2025","date_ts":1765756800000,"profit_abs":0.0,"wins":0,"draws":1,"losses":0,"trades":1,"profit_factor":0.0},{"date":"22/12/2025","date_ts":1766361600000,"profit_abs":0.0,"wins":0,"draws":1,"losses":0,"trades":1,"profit_factor":0.0},{"date":"29/12/2025","date_ts":1766966400000,"profit_abs":2.4845721,"wins":1,"draws":1,"losses":0,"trades":2,"profit_factor":0.0}],"month":[{"date":"31/10/2025","date_ts":1761868800000,"profit_abs":-14.19086603,"wins":1,"draws":1,"losses":1,"trades":3,"profit_factor":0.17448875},{"date":"30/11/2025","date_ts":1764460800000,"profit_abs":14.21656948,"wins":4,"draws":0,"losses":1,"trades":5,"profit_factor":1.8282397},{"date":"31/12/2025","date_ts":1767139200000,"profit_abs":5.2275363,"wins":2,"draws":3,"losses":0,"trades":5,"profit_factor":0.0}],"year":[{"date":"31/12/2025","date_ts":1767139200000,"profit_abs":5.25323975,"wins":7,"draws":4,"losses":2,"trades":13,"profit_factor":1.15290961}],"weekday":[{"date":"Monday","date_ts":0,"profit_abs":-3.61003551,"wins":2,"draws":0,"losses":1,"trades":3,"profit_factor":0.78968381},{"date":"Tuesday","date_ts":1,"profit_abs":-14.44743263,"wins":1,"draws":1,"losses":1,"trades":3,"profit_factor":0.15956375},{"date":"Thursday","date_ts":3,"profit_abs":2.9995308,"wins":1,"draws":0,"losses":0,"trades":1,"profit_factor":0.0},{"date":"Friday","date_ts":4,"profit_abs":18.25802489,"wins":2,"draws":2,"losses":0,"trades":4,"profit_factor":0.0},{"date":"Sunday","date_ts":6,"profit_abs":2.0531522,"wins":1,"draws":1,"losses":0,"trades":2,"profit_factor":0.0}]},"backtest_best_day":0.04995004995004995,"backtest_worst_day":-0.05188819322059989,"backtest_best_day_abs":16.263735,"backtest_worst_day_abs":-17.19039683,"winning_days":7,"draw_days":66,"losing_days":2,"daily_profit":[["2025-10-16",2.9995308],["2025-10-17",0.0],["2025-10-18",0.0],["2025-10-19",0.0],["2025-10-20",0.0],["2025-10-21",0.0],["2025-10-22",0.0],["2025-10-23",0.0],["2025-10-24",0.0],["2025-10-25",0.0],["2025-10-26",0.0],["2025-10-27",0.0],["2025-10-28",-17.19039683],["2025-10-29",0.0],["2025-10-30",0.0],["2025-10-31",0.0],["2025-11-01",0.0],["2025-11-02",0.0],["2025-11-03",0.0],["2025-11-04",0.0],["2025-11-05",0.0],["2025-11-06",0.0],["2025-11-07",16.263735],["2025-11-08",0.0],["2025-11-09",0.0],["2025-11-10",0.0],["2025-11-11",0.0],["2025-11-12",0.0],["2025-11-13",0.0],["2025-11-14",0.0],["2025-11-15",0.0],["2025-11-16",0.0],["2025-11-17",-17.16480087],["2025-11-18",0.0],["2025-11-19",0.0],["2025-11-20",0.0],["2025-11-21",0.0],["2025-11-22",0.0],["2025-11-23",2.0531522],["2025-11-24",11.07019326],["2025-11-25",0.0],["2025-11-26",0.0],["2025-11-27",0.0],["2025-11-28",1.99428989],["2025-11-29",0.0],["2025-11-30",0.0],["2025-12-01",0.0],["2025-12-02",2.7429642],["2025-12-03",0.0],["2025-12-04",0.0],["2025-12-05",0.0],["2025-12-06",0.0],["2025-12-07",0.0],["2025-12-08",0.0],["2025-12-09",0.0],["2025-12-10",0.0],["2025-12-11",0.0],["2025-12-12",0.0],["2025-12-13",0.0],["2025-12-14",0.0],["2025-12-15",0.0],["2025-12-16",0.0],["2025-12-17",0.0],["2025-12-18",0.0],["2025-12-19",0.0],["2025-12-20",0.0],["2025-12-21",0.0],["2025-12-22",0.0],["2025-12-23",0.0],["2025-12-24",0.0],["2025-12-25",0.0],["2025-12-26",0.0],["2025-12-27",0.0],["2025-12-28",0.0],["2025-12-29",2.4845721]],"wins":7,"losses":2,"draws":4,"winrate":0.5384615384615384,"holding_avg":"2:23:00","holding_avg_s":8580.0,"winner_holding_min":"0d 01:00","winner_holding_min_s":3600.0,"winner_holding_max":"0d 02:00","winner_holding_max_s":7200.0,"winner_holding_avg":"0d 01:51","winner_holding_avg_s":6660.0,"loser_holding_min":"0d 03:00","loser_holding_min_s":10800.0,"loser_holding_max":"0d 04:00","loser_holding_max_s":14400.0,"loser_holding_avg":"0d 03:30","loser_holding_avg_s":12600.0,"max_consecutive_wins":4,"max_consecutive_losses":3,"max_drawdown_account":0.018037359085871237,"max_relative_drawdown":0.018037359085871237,"max_drawdown_abs":18.0914627,"drawdown_start":"2025-10-16 12:00:00","drawdown_start_ts":1760616000000.0,"drawdown_end":"2025-11-17 18:00:00","drawdown_end_ts":1763402400000.0,"drawdown_duration":"32 days 06:00:00","drawdown_duration_s":2786400.0,"max_drawdown_low":-15.0919319,"max_drawdown_high":2.9995308,"csum_min":984.9080681,"csum_max":1005.25323975}},"strategy_comparison":[{"key":"ACO_18_12","trades":13,"profit_mean":0.0013393307994864188,"profit_mean_pct":0.13,"profit_total_abs":5.253239749999997,"profit_total":0.005253239749999997,"profit_total_pct":0.53,"duration_avg":"2:23:00","wins":7,"draws":4,"losses":2,"winrate":0.5384615384615384,"cagr":0.01991124139723377,"expectancy":0.40409536538461444,"expectancy_ratio":-0.2841677528978165,"sortino":80.84636399787048,"sharpe":0.11762042242857716,"calmar":5.736261858466325,"sqn":0.1591,"profit_factor":1.152909606164193,"max_drawdown_account":0.018037359085871237,"max_drawdown_abs":"18.091"}]}