{"strategy":{"ACO_7_23":{"trades":[{"pair":"DOGE/USDT","stake_amount":329.88524,"max_stake_amount":329.88524,"amount":2206.0,"open_date":"2025-11-30 13:00:00+00:00","close_date":"2025-11-30 16:00:00+00:00","open_rate":0.14954,"close_rate":0.14983937937937936,"fee_open":0.001,"fee_close":0.001,"trade_duration":180,"profit_ratio":0.0,"profit_abs":0.0,"exit_reason":"roi","initial_stop_loss_abs":0.14207,"initial_stop_loss_ratio":-0.05,"stop_loss_abs":0.14207,"stop_loss_ratio":-0.05,"min_rate":0.14894,"max_rate":0.15059,"is_open":false,"enter_tag":"","leverage":1.0,"is_short":false,"open_timestamp":1764507600000,"close_timestamp":1764518400000,"orders":[{"amount":2206.0,"safe_price":0.14954,"ft_order_side":"buy","order_filled_timestamp":1764507600000,"ft_is_entry":true,"ft_order_tag":"","cost":330.21512523999996},{"amount":2206.0,"safe_price":0.14983937937937936,"ft_order_side":"sell","order_filled_timestamp":1764518400000,"ft_is_entry":false,"ft_order_tag":"roi","cost":330.8762165818217}],"funding_fees":0.0,"weekday":6},{"pair":"DOGE/USDT","stake_amount":329.8614,"max_stake_amount":329.8614,"amount":2332.0,"open_date":"2025-12-07 18:00:00+00:00","close_date":"2025-12-07 20:00:00+00:00","open_rate":0.14145,"close_rate":0.1421,"fee_open":0.001,"fee_close":0.001,"trade_duration":120,"profit_ratio":0.0025880800005932563,"profit_abs":0.8545614,"exit_reason":"roi","initial_stop_loss_abs":0.13438,"initial_stop_loss_ratio":-0.05,"stop_loss_abs":0.13438,"stop_loss_ratio":-0.05,"min_rate":0.14126,"max_rate":0.14291,"is_open":false,"enter_tag":"","leverage":1.0,"is_short":false,"open_timestamp":1765130400000,"close_timestamp":1765137600000,"orders":[{"amount":2332.0,"safe_price":0.14145,"ft_order_side":"buy","order_filled_timestamp":1765130400000,"ft_is_entry":true,"ft_order_tag":"","cost":330.1912614},{"amount":2332.0,"safe_price":0.1421,"ft_order_side":"sell","order_filled_timestamp":1765137600000,"ft_is_entry":false,"ft_order_tag":"roi","cost":331.7085772}],"funding_fees":0.0,"weekday":6},{"pair":"DOGE/USDT","stake_amount":330.16566,"max_stake_amount":330.16566,"amount":2486.0,"open_date":"2025-12-21 09:00:00+00:00","close_date":"2025-12-22 00:00:00+00:00","open_rate":0.13281,"close_rate":0.13307588588588587,"fee_open":0.001,"fee_close":0.001,"trade_duration":900,"profit_ratio":0.0,"profit_abs":0.0,"exit_reason":"roi","initial_stop_loss_abs":0.12617,"initial_stop_loss_ratio":-0.05,"stop_loss_abs":0.12617,"stop_loss_ratio":-0.05,"min_rate":0.12871,"max_rate":0.13424,"is_open":false,"enter_tag":"","leverage":1.0,"is_short":false,"open_timestamp":1766307600000,"close_timestamp":1766361600000,"orders":[{"amount":2486.0,"safe_price":0.13281,"ft_order_side":"buy","order_filled_timestamp":1766307600000,"ft_is_entry":true,"ft_order_tag":"","cost":330.49582566},{"amount":2486.0,"safe_price":0.13307588588588587,"ft_order_side":"sell","order_filled_timestamp":1766361600000,"ft_is_entry":false,"ft_order_tag":"roi","cost":331.15747896462454}],"funding_fees":0.0,"weekday":0},{"pair":"DOGE/USDT","stake_amount":330.1782,"max_stake_amount":330.1782,"amount":2508.0,"open_date":"2025-12-22 01:00:00+00:00","close_date":"2025-12-22 03:00:00+00:00","open_rate":0.13165,"close_rate":0.13191356356356354,"fee_open":0.001,"fee_close":0.001,"trade_duration":120,"profit_ratio":0.0,"profit_abs":0.0,"exit_reason":"roi","initial_stop_loss_abs":0.12507,"initial_stop_loss_ratio":-0.05,"stop_loss_abs":0.12507,"stop_loss_ratio":-0.05,"min_rate":0.12952,"max_rate":0.13301,"is_open":false,"enter_tag":"","leverage":1.0,"is_short":false,"open_timestamp":1766365200000,"close_timestamp":1766372400000,"orders":[{"amount":2508.0,"safe_price":0.13165,"ft_order_side":"buy","order_filled_timestamp":1766365200000,"ft_is_entry":true,"ft_order_tag":"","cost":330.5083781999999},{"amount":2508.0,"safe_price":0.13191356356356354,"ft_order_side":"sell","order_filled_timestamp":1766372400000,"ft_is_entry":false,"ft_order_tag":"roi","cost":331.1700566348348}],"funding_fees":0.0,"weekday":0},{"pair":"DOGE/USDT","stake_amount":330.24446,"max_stake_amount":330.24446,"amount":2639.0,"open_date":"2025-12-29 01:00:00+00:00","close_date":"2025-12-29 03:00:00+00:00","open_rate":0.12514,"close_rate":0.12639,"fee_open":0.001,"fee_close":0.001,"trade_duration":120,"profit_ratio":0.007970852864571899,"profit_abs":2.63496233,"exit_reason":"roi","initial_stop_loss_abs":0.11889,"initial_stop_loss_ratio":-0.05,"stop_loss_abs":0.11889,"stop_loss_ratio":-0.05,"min_rate":0.12437,"max_rate":0.12777,"is_open":false,"enter_tag":"","leverage":1.0,"is_short":false,"open_timestamp":1766970000000,"close_timestamp":1766977200000,"orders":[{"amount":2639.0,"safe_price":0.12514,"ft_order_side":"buy","order_filled_timestamp":1766970000000,"ft_is_entry":true,"ft_order_tag":"","cost":330.57470445999996},{"amount":2639.0,"safe_price":0.12639,"ft_order_side":"sell","order_filled_timestamp":1766977200000,"ft_is_entry":false,"ft_order_tag":"roi","cost":333.87675320999995}],"funding_fees":0.0,"weekday":0}],"locks":[],"best_pair":{"key":"DOGE/USDT","trades":5,"profit_mean":0.002111786573033031,"profit_mean_pct":0.21,"profit_total_abs":3.48952373,"profit_total":0.00348952373,"profit_total_pct":0.35,"duration_avg":"4:48:00","wins":2,"draws":3,"losses":0,"winrate":0.4,"cagr":0.013194109450072045,"expectancy":0.6979047460000001,"expectancy_ratio":100.0,"sortino":-100,"sharpe":0.6714989335257421,"calmar":-100,"sqn":1.3637,"profit_factor":0.0,"max_drawdown_account":0.0,"max_drawdown_abs":0.0},"worst_pair":{"key":"DOGE/USDT","trades":5,"profit_mean":0.002111786573033031,"profit_mean_pct":0.21,"profit_total_abs":3.48952373,"profit_total":0.00348952373,"profit_total_pct":0.35,"duration_avg":"4:48:00","wins":2,"draws":3,"losses":0,"winrate":0.4,"cagr":0.013194109450072045,"expectancy":0.6979047460000001,"expectancy_ratio":100.0,"sortino":-100,"sharpe":0.6714989335257421,"calmar":-100,"sqn":1.3637,"profit_factor":0.0,"max_drawdown_account":0.0,"max_drawdown_abs":0.0},"results_per_pair":[{"key":"DOGE/USDT","trades":5,"profit_mean":0.002111786573033031,"profit_mean_pct":0.21,"profit_total_abs":3.48952373,"profit_total":0.00348952373,"profit_total_pct":0.35,"duration_avg":"4:48:00","wins":2,"draws":3,"losses":0,"winrate":0.4,"cagr":0.013194109450072045,"expectancy":0.6979047460000001,"expectancy_ratio":100.0,"sortino":-100,"sharpe":0.6714989335257421,"calmar":-100,"sqn":1.3637,"profit_factor":0.0,"max_drawdown_account":0.0,"max_drawdown_abs":0.0},{"key":"TOTAL","trades":5,"profit_mean":0.002111786573033031,"profit_mean_pct":0.21,"profit_total_abs":3.48952373,"profit_total":0.00348952373,"profit_total_pct":0.35,"duration_avg":"4:48:00","wins":2,"draws":3,"losses":0,"winrate":0.4,"cagr":0.013194109450072045,"expectancy":0.6979047460000001,"expectancy_ratio":100.0,"sortino":-100,"sharpe":0.6714989335257421,"calmar":-100,"sqn":1.3637,"profit_factor":0.0,"max_drawdown_account":0.0,"max_drawdown_abs":0.0}],"results_per_enter_tag":[{"key":"","trades":5,"profit_mean":0.002111786573033031,"profit_mean_pct":0.21,"profit_total_abs":3.48952373,"profit_total":0.00348952373,"profit_total_pct":0.35,"duration_avg":"4:48:00","wins":2,"draws":3,"losses":0,"winrate":0.4,"cagr":0.013194109450072045,"expectancy":0.6979047460000001,"expectancy_ratio":100.0,"sortino":-100,"sharpe":0.6714989335257421,"calmar":-100,"sqn":1.3637,"profit_factor":0.0,"max_drawdown_account":0.0,"max_drawdown_abs":0.0},{"key":"TOTAL","trades":5,"profit_mean":0.002111786573033031,"profit_mean_pct":0.21,"profit_total_abs":3.48952373,"profit_total":0.00348952373,"profit_total_pct":0.35,"duration_avg":"4:48:00","wins":2,"draws":3,"losses":0,"winrate":0.4,"cagr":0.013194109450072045,"expectancy":0.6979047460000001,"expectancy_ratio":100.0,"sortino":-100,"sharpe":0.6714989335257421,"calmar":-100,"sqn":1.3637,"profit_factor":0.0,"max_drawdown_account":0.0,"max_drawdown_abs":0.0}],"exit_reason_summary":[{"key":"roi","trades":5,"profit_mean":0.002111786573033031,"profit_mean_pct":0.21,"profit_total_abs":3.48952373,"profit_total":0.00348952373,"profit_total_pct":0.35,"duration_avg":"4:48:00","wins":2,"draws":3,"losses":0,"winrate":0.4,"cagr":0.013194109450072045,"expectancy":0.6979047460000001,"expectancy_ratio":100.0,"sortino":-100,"sharpe":0.6714989335257421,"calmar":-100,"sqn":1.3637,"profit_factor":0.0,"max_drawdown_account":0.0,"max_drawdown_abs":0.0},{"key":"TOTAL","trades":5,"profit_mean":0.002111786573033031,"profit_mean_pct":0.21,"profit_total_abs":3.48952373,"profit_total":0.00348952373,"profit_total_pct":0.35,"duration_avg":"4:48:00","wins":2,"draws":3,"losses":0,"winrate":0.4,"cagr":0.013194109450072045,"expectancy":0.6979047460000001,"expectancy_ratio":100.0,"sortino":-100,"sharpe":0.6714989335257421,"calmar":-100,"sqn":1.3637,"profit_factor":0.0,"max_drawdown_account":0.0,"max_drawdown_abs":0.0}],"mix_tag_stats":[{"key":["","roi"],"trades":5,"profit_mean":0.002111786573033031,"profit_mean_pct":0.21,"profit_total_abs":3.48952373,"profit_total":0.00348952373,"profit_total_pct":0.35,"duration_avg":"4:48:00","wins":2,"draws":3,"losses":0,"winrate":0.4,"cagr":0.013194109450072045,"expectancy":0.6979047460000001,"expectancy_ratio":100.0,"sortino":-100,"sharpe":0.6714989335257421,"calmar":-100,"sqn":1.3637,"profit_factor":0.0,"max_drawdown_account":0.0,"max_drawdown_abs":0.0},{"key":"TOTAL","trades":5,"profit_mean":0.002111786573033031,"profit_mean_pct":0.21,"profit_total_abs":3.48952373,"profit_total":0.00348952373,"profit_total_pct":0.35,"duration_avg":"4:48:00","wins":2,"draws":3,"losses":0,"winrate":0.4,"cagr":0.013194109450072045,"expectancy":0.6979047460000001,"expectancy_ratio":100.0,"sortino":-100,"sharpe":0.6714989335257421,"calmar":-100,"sqn":1.3637,"profit_factor":0.0,"max_drawdown_account":0.0,"max_drawdown_abs":0.0}],"left_open_trades":[{"key":"TOTAL","trades":0,"profit_mean":0.0,"profit_mean_pct":0.0,"profit_total_abs":0.0,"profit_total":0.0,"profit_total_pct":0.0,"duration_avg":"0:00","wins":0,"draws":0,"losses":0,"winrate":0.0,"cagr":0.0,"expectancy":0.0,"expectancy_ratio":100.0,"sortino":0,"sharpe":0,"calmar":0,"sqn":0.0,"profit_factor":0.0,"max_drawdown_account":0.0,"max_drawdown_abs":0.0}],"total_trades":5,"trade_count_long":5,"trade_count_short":0,"total_volume":3310.774377551281,"avg_stake_amount":330.066992,"profit_mean":0.002111786573033031,"profit_median":0.0,"profit_total":0.00348952373,"profit_total_long":0.00348952373,"profit_total_short":0.0,"profit_total_abs":3.48952373,"profit_total_long_abs":3.48952373,"profit_total_short_abs":0.0,"cagr":0.013194109450072045,"expectancy":0.6979047460000001,"expectancy_ratio":100.0,"sortino":-100,"sharpe":0.6714989335257421,"calmar":-100,"sqn":1.3637,"profit_factor":0.0,"backtest_start":"2025-10-01 00:00:00","backtest_start_ts":1759276800000,"backtest_end":"2026-01-06 20:00:00","backtest_end_ts":1767729600000,"backtest_days":97,"backtest_run_start_ts":1767739846,"backtest_run_end_ts":1767739846,"trades_per_day":0.05,"market_change":-0.36632086436227446,"pairlist":["DOGE/USDT"],"stake_amount":"unlimited","stake_currency":"USDT","stake_currency_decimals":3,"starting_balance":1000,"dry_run_wallet":1000,"final_balance":1003.48952373,"rejected_signals":0,"timedout_entry_orders":0,"timedout_exit_orders":0,"canceled_trade_entries":0,"canceled_entry_orders":0,"replaced_entry_orders":0,"max_open_trades":1,"max_open_trades_setting":3,"timeframe":"1h","timeframe_detail":"","timerange":"20251001-","enable_protections":false,"strategy_name":"ACO_7_23","freqaimodel":null,"freqai_identifier":null,"stoploss":-0.05,"trailing_stop":false,"trailing_stop_positive":null,"trailing_stop_positive_offset":0.0,"trailing_only_offset_is_reached":false,"use_custom_stoploss":false,"minimal_roi":{"0":0.1,"60":0.05,"120":0.0},"use_exit_signal":true,"exit_profit_only":false,"exit_profit_offset":0.0,"ignore_roi_if_entry_signal":false,"trading_mode":"spot","margin_mode":"","periodic_breakdown":{"day":[{"date":"30/11/2025","date_ts":1764460800000,"profit_abs":0.0,"wins":0,"draws":1,"losses":0,"trades":1,"profit_factor":0.0},{"date":"01/12/2025","date_ts":1764547200000,"profit_abs":0.0,"wins":0,"draws":0,"losses":0,"trades":0,"profit_factor":0.0},{"date":"02/12/2025","date_ts":1764633600000,"profit_abs":0.0,"wins":0,"draws":0,"losses":0,"trades":0,"profit_factor":0.0},{"date":"03/12/2025","date_ts":1764720000000,"profit_abs":0.0,"wins":0,"draws":0,"losses":0,"trades":0,"profit_factor":0.0},{"date":"04/12/2025","date_ts":1764806400000,"profit_abs":0.0,"wins":0,"draws":0,"losses":0,"trades":0,"profit_factor":0.0},{"date":"05/12/2025","date_ts":1764892800000,"profit_abs":0.0,"wins":0,"draws":0,"losses":0,"trades":0,"profit_factor":0.0},{"date":"06/12/2025","date_ts":1764979200000,"profit_abs":0.0,"wins":0,"draws":0,"losses":0,"trades":0,"profit_factor":0.0},{"date":"07/12/2025","date_ts":1765065600000,"profit_abs":0.8545614,"wins":1,"draws":0,"losses":0,"trades":1,"profit_factor":0.0},{"date":"08/12/2025","date_ts":1765152000000,"profit_abs":0.0,"wins":0,"draws":0,"losses":0,"trades":0,"profit_factor":0.0},{"date":"09/12/2025","date_ts":1765238400000,"profit_abs":0.0,"wins":0,"draws":0,"losses":0,"trades":0,"profit_factor":0.0},{"date":"10/12/2025","date_ts":1765324800000,"profit_abs":0.0,"wins":0,"draws":0,"losses":0,"trades":0,"profit_factor":0.0},{"date":"11/12/2025","date_ts":1765411200000,"profit_abs":0.0,"wins":0,"draws":0,"losses":0,"trades":0,"profit_factor":0.0},{"date":"12/12/2025","date_ts":1765497600000,"profit_abs":0.0,"wins":0,"draws":0,"losses":0,"trades":0,"profit_factor":0.0},{"date":"13/12/2025","date_ts":1765584000000,"profit_abs":0.0,"wins":0,"draws":0,"losses":0,"trades":0,"profit_factor":0.0},{"date":"14/12/2025","date_ts":1765670400000,"profit_abs":0.0,"wins":0,"draws":0,"losses":0,"trades":0,"profit_factor":0.0},{"date":"15/12/2025","date_ts":1765756800000,"profit_abs":0.0,"wins":0,"draws":0,"losses":0,"trades":0,"profit_factor":0.0},{"date":"16/12/2025","date_ts":1765843200000,"profit_abs":0.0,"wins":0,"draws":0,"losses":0,"trades":0,"profit_factor":0.0},{"date":"17/12/2025","date_ts":1765929600000,"profit_abs":0.0,"wins":0,"draws":0,"losses":0,"trades":0,"profit_factor":0.0},{"date":"18/12/2025","date_ts":1766016000000,"profit_abs":0.0,"wins":0,"draws":0,"losses":0,"trades":0,"profit_factor":0.0},{"date":"19/12/2025","date_ts":1766102400000,"profit_abs":0.0,"wins":0,"draws":0,"losses":0,"trades":0,"profit_factor":0.0},{"date":"20/12/2025","date_ts":1766188800000,"profit_abs":0.0,"wins":0,"draws":0,"losses":0,"trades":0,"profit_factor":0.0},{"date":"21/12/2025","date_ts":1766275200000,"profit_abs":0.0,"wins":0,"draws":0,"losses":0,"trades":0,"profit_factor":0.0},{"date":"22/12/2025","date_ts":1766361600000,"profit_abs":0.0,"wins":0,"draws":2,"losses":0,"trades":2,"profit_factor":0.0},{"date":"23/12/2025","date_ts":1766448000000,"profit_abs":0.0,"wins":0,"draws":0,"losses":0,"trades":0,"profit_factor":0.0},{"date":"24/12/2025","date_ts":1766534400000,"profit_abs":0.0,"wins":0,"draws":0,"losses":0,"trades":0,"profit_factor":0.0},{"date":"25/12/2025","date_ts":1766620800000,"profit_abs":0.0,"wins":0,"draws":0,"losses":0,"trades":0,"profit_factor":0.0},{"date":"26/12/2025","date_ts":1766707200000,"profit_abs":0.0,"wins":0,"draws":0,"losses":0,"trades":0,"profit_factor":0.0},{"date":"27/12/2025","date_ts":1766793600000,"profit_abs":0.0,"wins":0,"draws":0,"losses":0,"trades":0,"profit_factor":0.0},{"date":"28/12/2025","date_ts":1766880000000,"profit_abs":0.0,"wins":0,"draws":0,"losses":0,"trades":0,"profit_factor":0.0},{"date":"29/12/2025","date_ts":1766966400000,"profit_abs":2.63496233,"wins":1,"draws":0,"losses":0,"trades":1,"profit_factor":0.0}],"week":[{"date":"01/12/2025","date_ts":1764547200000,"profit_abs":0.0,"wins":0,"draws":1,"losses":0,"trades":1,"profit_factor":0.0},{"date":"08/12/2025","date_ts":1765152000000,"profit_abs":0.8545614,"wins":1,"draws":0,"losses":0,"trades":1,"profit_factor":0.0},{"date":"15/12/2025","date_ts":1765756800000,"profit_abs":0.0,"wins":0,"draws":0,"losses":0,"trades":0,"profit_factor":0.0},{"date":"22/12/2025","date_ts":1766361600000,"profit_abs":0.0,"wins":0,"draws":2,"losses":0,"trades":2,"profit_factor":0.0},{"date":"29/12/2025","date_ts":1766966400000,"profit_abs":2.63496233,"wins":1,"draws":0,"losses":0,"trades":1,"profit_factor":0.0}],"month":[{"date":"30/11/2025","date_ts":1764460800000,"profit_abs":0.0,"wins":0,"draws":1,"losses":0,"trades":1,"profit_factor":0.0},{"date":"31/12/2025","date_ts":1767139200000,"profit_abs":3.48952373,"wins":2,"draws":2,"losses":0,"trades":4,"profit_factor":0.0}],"year":[{"date":"31/12/2025","date_ts":1767139200000,"profit_abs":3.48952373,"wins":2,"draws":3,"losses":0,"trades":5,"profit_factor":0.0}],"weekday":[{"date":"Monday","date_ts":0,"profit_abs":2.63496233,"wins":1,"draws":2,"losses":0,"trades":3,"profit_factor":0.0},{"date":"Sunday","date_ts":6,"profit_abs":0.8545614,"wins":1,"draws":1,"losses":0,"trades":2,"profit_factor":0.0}]},"backtest_best_day":0.007970852864571899,"backtest_worst_day":0.0,"backtest_best_day_abs":2.63496233,"backtest_worst_day_abs":0.0,"winning_days":2,"draw_days":28,"losing_days":0,"daily_profit":[["2025-11-30",0.0],["2025-12-01",0.0],["2025-12-02",0.0],["2025-12-03",0.0],["2025-12-04",0.0],["2025-12-05",0.0],["2025-12-06",0.0],["2025-12-07",0.8545614],["2025-12-08",0.0],["2025-12-09",0.0],["2025-12-10",0.0],["2025-12-11",0.0],["2025-12-12",0.0],["2025-12-13",0.0],["2025-12-14",0.0],["2025-12-15",0.0],["2025-12-16",0.0],["2025-12-17",0.0],["2025-12-18",0.0],["2025-12-19",0.0],["2025-12-20",0.0],["2025-12-21",0.0],["2025-12-22",0.0],["2025-12-23",0.0],["2025-12-24",0.0],["2025-12-25",0.0],["2025-12-26",0.0],["2025-12-27",0.0],["2025-12-28",0.0],["2025-12-29",2.63496233]],"wins":2,"losses":0,"draws":3,"winrate":0.4,"holding_avg":"4:48:00","holding_avg_s":17280.0,"winner_holding_min":"0d 02:00","winner_holding_min_s":7200.0,"winner_holding_max":"0d 02:00","winner_holding_max_s":7200.0,"winner_holding_avg":"0d 02:00","winner_holding_avg_s":7200.0,"loser_holding_min":"0d 00:00","loser_holding_min_s":0.0,"loser_holding_max":"0d 00:00","loser_holding_max_s":0.0,"loser_holding_avg":"0d 00:00","loser_holding_avg_s":0.0,"max_consecutive_wins":1,"max_consecutive_losses":2,"max_drawdown_account":0.0,"max_relative_drawdown":0.0,"max_drawdown_abs":0.0,"drawdown_start":"2025-11-30 16:00:00","drawdown_start_ts":1764518400000.0,"drawdown_end":"2025-11-30 16:00:00","drawdown_end_ts":1764518400000.0,"drawdown_duration":"0 days 00:00:00","drawdown_duration_s":0.0,"max_drawdown_low":0.0,"max_drawdown_high":0.0,"csum_min":1000.0,"csum_max":1003.48952373}},"strategy_comparison":[{"key":"ACO_7_23","trades":5,"profit_mean":0.002111786573033031,"profit_mean_pct":0.21,"profit_total_abs":3.48952373,"profit_total":0.00348952373,"profit_total_pct":0.35,"duration_avg":"4:48:00","wins":2,"draws":3,"losses":0,"winrate":0.4,"cagr":0.013194109450072045,"expectancy":0.6979047460000001,"expectancy_ratio":100.0,"sortino":-100,"sharpe":0.6714989335257421,"calmar":-100,"sqn":1.3637,"profit_factor":0.0,"max_drawdown_account":0.0,"max_drawdown_abs":"0"}]}