{"strategy":{"ACO_11_13":{"trades":[{"pair":"DOGE/USDT","stake_amount":329.90054,"max_stake_amount":329.90054,"amount":2362.0,"open_date":"2025-11-22 19:00:00+00:00","close_date":"2025-11-22 21:00:00+00:00","open_rate":0.13967,"close_rate":0.13994961961961958,"fee_open":0.001,"fee_close":0.001,"trade_duration":120,"profit_ratio":0.0,"profit_abs":0.0,"exit_reason":"roi","initial_stop_loss_abs":0.13269,"initial_stop_loss_ratio":-0.05,"stop_loss_abs":0.13269,"stop_loss_ratio":-0.05,"min_rate":0.13874,"max_rate":0.14018,"is_open":false,"enter_tag":"","leverage":1.0,"is_short":false,"open_timestamp":1763838000000,"close_timestamp":1763845200000,"orders":[{"amount":2362.0,"safe_price":0.13967,"ft_order_side":"buy","order_filled_timestamp":1763838000000,"ft_is_entry":true,"ft_order_tag":"","cost":330.23044053999996},{"amount":2362.0,"safe_price":0.13994961961961958,"ft_order_side":"sell","order_filled_timestamp":1763845200000,"ft_is_entry":false,"ft_order_tag":"roi","cost":330.89156254308296}],"funding_fees":0.0,"weekday":5},{"pair":"DOGE/USDT","stake_amount":329.9065,"max_stake_amount":329.9065,"amount":2255.0,"open_date":"2025-12-09 16:00:00+00:00","close_date":"2025-12-09 18:00:00+00:00","open_rate":0.1463,"close_rate":0.15095,"fee_open":0.001,"fee_close":0.001,"trade_duration":120,"profit_ratio":0.029722498963783997,"profit_abs":9.81545125,"exit_reason":"roi","initial_stop_loss_abs":0.13899,"initial_stop_loss_ratio":-0.05,"stop_loss_abs":0.13899,"stop_loss_ratio":-0.05,"min_rate":0.1463,"max_rate":0.15319,"is_open":false,"enter_tag":"","leverage":1.0,"is_short":false,"open_timestamp":1765296000000,"close_timestamp":1765303200000,"orders":[{"amount":2255.0,"safe_price":0.1463,"ft_order_side":"buy","order_filled_timestamp":1765296000000,"ft_is_entry":true,"ft_order_tag":"","cost":330.2364065},{"amount":2255.0,"safe_price":0.15095,"ft_order_side":"sell","order_filled_timestamp":1765303200000,"ft_is_entry":false,"ft_order_tag":"roi","cost":340.73264224999997}],"funding_fees":0.0,"weekday":1},{"pair":"DOGE/USDT","stake_amount":333.17466,"max_stake_amount":333.17466,"amount":2634.0,"open_date":"2025-12-19 07:00:00+00:00","close_date":"2025-12-19 09:00:00+00:00","open_rate":0.12649,"close_rate":0.12819,"fee_open":0.001,"fee_close":0.001,"trade_duration":120,"profit_ratio":0.011414942871975049,"profit_abs":3.80697288,"exit_reason":"roi","initial_stop_loss_abs":0.12017,"initial_stop_loss_ratio":-0.05,"stop_loss_abs":0.12017,"stop_loss_ratio":-0.05,"min_rate":0.12649,"max_rate":0.12885,"is_open":false,"enter_tag":"","leverage":1.0,"is_short":false,"open_timestamp":1766127600000,"close_timestamp":1766134800000,"orders":[{"amount":2634.0,"safe_price":0.12649,"ft_order_side":"buy","order_filled_timestamp":1766127600000,"ft_is_entry":true,"ft_order_tag":"","cost":333.5078346599999},{"amount":2634.0,"safe_price":0.12819,"ft_order_side":"sell","order_filled_timestamp":1766134800000,"ft_is_entry":false,"ft_order_tag":"roi","cost":337.99011246}],"funding_fees":0.0,"weekday":4}],"locks":[],"best_pair":{"key":"DOGE/USDT","trades":3,"profit_mean":0.01371248061191968,"profit_mean_pct":1.37,"profit_total_abs":13.62242413,"profit_total":0.013622424130000001,"profit_total_pct":1.36,"duration_avg":"2:00:00","wins":2,"draws":1,"losses":0,"winrate":0.6666666666666666,"cagr":0.05223201401732336,"expectancy":4.5408080433333335,"expectancy_ratio":100.0,"sortino":-100,"sharpe":0.6640233935525729,"calmar":-100,"sqn":1.5893,"profit_factor":0.0,"max_drawdown_account":0.0,"max_drawdown_abs":0.0},"worst_pair":{"key":"DOGE/USDT","trades":3,"profit_mean":0.01371248061191968,"profit_mean_pct":1.37,"profit_total_abs":13.62242413,"profit_total":0.013622424130000001,"profit_total_pct":1.36,"duration_avg":"2:00:00","wins":2,"draws":1,"losses":0,"winrate":0.6666666666666666,"cagr":0.05223201401732336,"expectancy":4.5408080433333335,"expectancy_ratio":100.0,"sortino":-100,"sharpe":0.6640233935525729,"calmar":-100,"sqn":1.5893,"profit_factor":0.0,"max_drawdown_account":0.0,"max_drawdown_abs":0.0},"results_per_pair":[{"key":"DOGE/USDT","trades":3,"profit_mean":0.01371248061191968,"profit_mean_pct":1.37,"profit_total_abs":13.62242413,"profit_total":0.013622424130000001,"profit_total_pct":1.36,"duration_avg":"2:00:00","wins":2,"draws":1,"losses":0,"winrate":0.6666666666666666,"cagr":0.05223201401732336,"expectancy":4.5408080433333335,"expectancy_ratio":100.0,"sortino":-100,"sharpe":0.6640233935525729,"calmar":-100,"sqn":1.5893,"profit_factor":0.0,"max_drawdown_account":0.0,"max_drawdown_abs":0.0},{"key":"TOTAL","trades":3,"profit_mean":0.01371248061191968,"profit_mean_pct":1.37,"profit_total_abs":13.62242413,"profit_total":0.013622424130000001,"profit_total_pct":1.36,"duration_avg":"2:00:00","wins":2,"draws":1,"losses":0,"winrate":0.6666666666666666,"cagr":0.05223201401732336,"expectancy":4.5408080433333335,"expectancy_ratio":100.0,"sortino":-100,"sharpe":0.6640233935525729,"calmar":-100,"sqn":1.5893,"profit_factor":0.0,"max_drawdown_account":0.0,"max_drawdown_abs":0.0}],"results_per_enter_tag":[{"key":"","trades":3,"profit_mean":0.01371248061191968,"profit_mean_pct":1.37,"profit_total_abs":13.62242413,"profit_total":0.013622424130000001,"profit_total_pct":1.36,"duration_avg":"2:00:00","wins":2,"draws":1,"losses":0,"winrate":0.6666666666666666,"cagr":0.05223201401732336,"expectancy":4.5408080433333335,"expectancy_ratio":100.0,"sortino":-100,"sharpe":0.6640233935525729,"calmar":-100,"sqn":1.5893,"profit_factor":0.0,"max_drawdown_account":0.0,"max_drawdown_abs":0.0},{"key":"TOTAL","trades":3,"profit_mean":0.01371248061191968,"profit_mean_pct":1.37,"profit_total_abs":13.62242413,"profit_total":0.013622424130000001,"profit_total_pct":1.36,"duration_avg":"2:00:00","wins":2,"draws":1,"losses":0,"winrate":0.6666666666666666,"cagr":0.05223201401732336,"expectancy":4.5408080433333335,"expectancy_ratio":100.0,"sortino":-100,"sharpe":0.6640233935525729,"calmar":-100,"sqn":1.5893,"profit_factor":0.0,"max_drawdown_account":0.0,"max_drawdown_abs":0.0}],"exit_reason_summary":[{"key":"roi","trades":3,"profit_mean":0.01371248061191968,"profit_mean_pct":1.37,"profit_total_abs":13.62242413,"profit_total":0.013622424130000001,"profit_total_pct":1.36,"duration_avg":"2:00:00","wins":2,"draws":1,"losses":0,"winrate":0.6666666666666666,"cagr":0.05223201401732336,"expectancy":4.5408080433333335,"expectancy_ratio":100.0,"sortino":-100,"sharpe":0.6640233935525729,"calmar":-100,"sqn":1.5893,"profit_factor":0.0,"max_drawdown_account":0.0,"max_drawdown_abs":0.0},{"key":"TOTAL","trades":3,"profit_mean":0.01371248061191968,"profit_mean_pct":1.37,"profit_total_abs":13.62242413,"profit_total":0.013622424130000001,"profit_total_pct":1.36,"duration_avg":"2:00:00","wins":2,"draws":1,"losses":0,"winrate":0.6666666666666666,"cagr":0.05223201401732336,"expectancy":4.5408080433333335,"expectancy_ratio":100.0,"sortino":-100,"sharpe":0.6640233935525729,"calmar":-100,"sqn":1.5893,"profit_factor":0.0,"max_drawdown_account":0.0,"max_drawdown_abs":0.0}],"mix_tag_stats":[{"key":["","roi"],"trades":3,"profit_mean":0.01371248061191968,"profit_mean_pct":1.37,"profit_total_abs":13.62242413,"profit_total":0.013622424130000001,"profit_total_pct":1.36,"duration_avg":"2:00:00","wins":2,"draws":1,"losses":0,"winrate":0.6666666666666666,"cagr":0.05223201401732336,"expectancy":4.5408080433333335,"expectancy_ratio":100.0,"sortino":-100,"sharpe":0.6640233935525729,"calmar":-100,"sqn":1.5893,"profit_factor":0.0,"max_drawdown_account":0.0,"max_drawdown_abs":0.0},{"key":"TOTAL","trades":3,"profit_mean":0.01371248061191968,"profit_mean_pct":1.37,"profit_total_abs":13.62242413,"profit_total":0.013622424130000001,"profit_total_pct":1.36,"duration_avg":"2:00:00","wins":2,"draws":1,"losses":0,"winrate":0.6666666666666666,"cagr":0.05223201401732336,"expectancy":4.5408080433333335,"expectancy_ratio":100.0,"sortino":-100,"sharpe":0.6640233935525729,"calmar":-100,"sqn":1.5893,"profit_factor":0.0,"max_drawdown_account":0.0,"max_drawdown_abs":0.0}],"left_open_trades":[{"key":"TOTAL","trades":0,"profit_mean":0.0,"profit_mean_pct":0.0,"profit_total_abs":0.0,"profit_total":0.0,"profit_total_pct":0.0,"duration_avg":"0:00","wins":0,"draws":0,"losses":0,"winrate":0.0,"cagr":0.0,"expectancy":0.0,"expectancy_ratio":100.0,"sortino":0,"sharpe":0,"calmar":0,"sqn":0.0,"profit_factor":0.0,"max_drawdown_account":0.0,"max_drawdown_abs":0.0}],"total_trades":3,"trade_count_long":3,"trade_count_short":0,"total_volume":2003.5889989530829,"avg_stake_amount":330.9939,"profit_mean":0.01371248061191968,"profit_median":0.011414942871975049,"profit_total":0.013622424130000001,"profit_total_long":0.013622424130000001,"profit_total_short":0.0,"profit_total_abs":13.62242413,"profit_total_long_abs":13.62242413,"profit_total_short_abs":0.0,"cagr":0.05223201401732336,"expectancy":4.5408080433333335,"expectancy_ratio":100.0,"sortino":-100,"sharpe":0.6640233935525729,"calmar":-100,"sqn":1.5893,"profit_factor":0.0,"backtest_start":"2025-10-01 00:00:00","backtest_start_ts":1759276800000,"backtest_end":"2026-01-06 20:00:00","backtest_end_ts":1767729600000,"backtest_days":97,"backtest_run_start_ts":1767743948,"backtest_run_end_ts":1767743949,"trades_per_day":0.03,"market_change":-0.36632086436227446,"pairlist":["DOGE/USDT"],"stake_amount":"unlimited","stake_currency":"USDT","stake_currency_decimals":3,"starting_balance":1000,"dry_run_wallet":1000,"final_balance":1013.62242413,"rejected_signals":0,"timedout_entry_orders":0,"timedout_exit_orders":0,"canceled_trade_entries":0,"canceled_entry_orders":0,"replaced_entry_orders":0,"max_open_trades":1,"max_open_trades_setting":3,"timeframe":"1h","timeframe_detail":"","timerange":"20251001-","enable_protections":false,"strategy_name":"ACO_11_13","freqaimodel":null,"freqai_identifier":null,"stoploss":-0.05,"trailing_stop":false,"trailing_stop_positive":null,"trailing_stop_positive_offset":0.0,"trailing_only_offset_is_reached":false,"use_custom_stoploss":false,"minimal_roi":{"0":0.1,"60":0.05,"120":0.0},"use_exit_signal":true,"exit_profit_only":false,"exit_profit_offset":0.0,"ignore_roi_if_entry_signal":false,"trading_mode":"spot","margin_mode":"","periodic_breakdown":{"day":[{"date":"22/11/2025","date_ts":1763769600000,"profit_abs":0.0,"wins":0,"draws":1,"losses":0,"trades":1,"profit_factor":0.0},{"date":"23/11/2025","date_ts":1763856000000,"profit_abs":0.0,"wins":0,"draws":0,"losses":0,"trades":0,"profit_factor":0.0},{"date":"24/11/2025","date_ts":1763942400000,"profit_abs":0.0,"wins":0,"draws":0,"losses":0,"trades":0,"profit_factor":0.0},{"date":"25/11/2025","date_ts":1764028800000,"profit_abs":0.0,"wins":0,"draws":0,"losses":0,"trades":0,"profit_factor":0.0},{"date":"26/11/2025","date_ts":1764115200000,"profit_abs":0.0,"wins":0,"draws":0,"losses":0,"trades":0,"profit_factor":0.0},{"date":"27/11/2025","date_ts":1764201600000,"profit_abs":0.0,"wins":0,"draws":0,"losses":0,"trades":0,"profit_factor":0.0},{"date":"28/11/2025","date_ts":1764288000000,"profit_abs":0.0,"wins":0,"draws":0,"losses":0,"trades":0,"profit_factor":0.0},{"date":"29/11/2025","date_ts":1764374400000,"profit_abs":0.0,"wins":0,"draws":0,"losses":0,"trades":0,"profit_factor":0.0},{"date":"30/11/2025","date_ts":1764460800000,"profit_abs":0.0,"wins":0,"draws":0,"losses":0,"trades":0,"profit_factor":0.0},{"date":"01/12/2025","date_ts":1764547200000,"profit_abs":0.0,"wins":0,"draws":0,"losses":0,"trades":0,"profit_factor":0.0},{"date":"02/12/2025","date_ts":1764633600000,"profit_abs":0.0,"wins":0,"draws":0,"losses":0,"trades":0,"profit_factor":0.0},{"date":"03/12/2025","date_ts":1764720000000,"profit_abs":0.0,"wins":0,"draws":0,"losses":0,"trades":0,"profit_factor":0.0},{"date":"04/12/2025","date_ts":1764806400000,"profit_abs":0.0,"wins":0,"draws":0,"losses":0,"trades":0,"profit_factor":0.0},{"date":"05/12/2025","date_ts":1764892800000,"profit_abs":0.0,"wins":0,"draws":0,"losses":0,"trades":0,"profit_factor":0.0},{"date":"06/12/2025","date_ts":1764979200000,"profit_abs":0.0,"wins":0,"draws":0,"losses":0,"trades":0,"profit_factor":0.0},{"date":"07/12/2025","date_ts":1765065600000,"profit_abs":0.0,"wins":0,"draws":0,"losses":0,"trades":0,"profit_factor":0.0},{"date":"08/12/2025","date_ts":1765152000000,"profit_abs":0.0,"wins":0,"draws":0,"losses":0,"trades":0,"profit_factor":0.0},{"date":"09/12/2025","date_ts":1765238400000,"profit_abs":9.81545125,"wins":1,"draws":0,"losses":0,"trades":1,"profit_factor":0.0},{"date":"10/12/2025","date_ts":1765324800000,"profit_abs":0.0,"wins":0,"draws":0,"losses":0,"trades":0,"profit_factor":0.0},{"date":"11/12/2025","date_ts":1765411200000,"profit_abs":0.0,"wins":0,"draws":0,"losses":0,"trades":0,"profit_factor":0.0},{"date":"12/12/2025","date_ts":1765497600000,"profit_abs":0.0,"wins":0,"draws":0,"losses":0,"trades":0,"profit_factor":0.0},{"date":"13/12/2025","date_ts":1765584000000,"profit_abs":0.0,"wins":0,"draws":0,"losses":0,"trades":0,"profit_factor":0.0},{"date":"14/12/2025","date_ts":1765670400000,"profit_abs":0.0,"wins":0,"draws":0,"losses":0,"trades":0,"profit_factor":0.0},{"date":"15/12/2025","date_ts":1765756800000,"profit_abs":0.0,"wins":0,"draws":0,"losses":0,"trades":0,"profit_factor":0.0},{"date":"16/12/2025","date_ts":1765843200000,"profit_abs":0.0,"wins":0,"draws":0,"losses":0,"trades":0,"profit_factor":0.0},{"date":"17/12/2025","date_ts":1765929600000,"profit_abs":0.0,"wins":0,"draws":0,"losses":0,"trades":0,"profit_factor":0.0},{"date":"18/12/2025","date_ts":1766016000000,"profit_abs":0.0,"wins":0,"draws":0,"losses":0,"trades":0,"profit_factor":0.0},{"date":"19/12/2025","date_ts":1766102400000,"profit_abs":3.80697288,"wins":1,"draws":0,"losses":0,"trades":1,"profit_factor":0.0}],"week":[{"date":"24/11/2025","date_ts":1763942400000,"profit_abs":0.0,"wins":0,"draws":1,"losses":0,"trades":1,"profit_factor":0.0},{"date":"01/12/2025","date_ts":1764547200000,"profit_abs":0.0,"wins":0,"draws":0,"losses":0,"trades":0,"profit_factor":0.0},{"date":"08/12/2025","date_ts":1765152000000,"profit_abs":0.0,"wins":0,"draws":0,"losses":0,"trades":0,"profit_factor":0.0},{"date":"15/12/2025","date_ts":1765756800000,"profit_abs":9.81545125,"wins":1,"draws":0,"losses":0,"trades":1,"profit_factor":0.0},{"date":"22/12/2025","date_ts":1766361600000,"profit_abs":3.80697288,"wins":1,"draws":0,"losses":0,"trades":1,"profit_factor":0.0}],"month":[{"date":"30/11/2025","date_ts":1764460800000,"profit_abs":0.0,"wins":0,"draws":1,"losses":0,"trades":1,"profit_factor":0.0},{"date":"31/12/2025","date_ts":1767139200000,"profit_abs":13.62242413,"wins":2,"draws":0,"losses":0,"trades":2,"profit_factor":0.0}],"year":[{"date":"31/12/2025","date_ts":1767139200000,"profit_abs":13.62242413,"wins":2,"draws":1,"losses":0,"trades":3,"profit_factor":0.0}],"weekday":[{"date":"Tuesday","date_ts":1,"profit_abs":9.81545125,"wins":1,"draws":0,"losses":0,"trades":1,"profit_factor":0.0},{"date":"Friday","date_ts":4,"profit_abs":3.80697288,"wins":1,"draws":0,"losses":0,"trades":1,"profit_factor":0.0},{"date":"Saturday","date_ts":5,"profit_abs":0.0,"wins":0,"draws":1,"losses":0,"trades":1,"profit_factor":0.0}]},"backtest_best_day":0.029722498963783997,"backtest_worst_day":0.0,"backtest_best_day_abs":9.81545125,"backtest_worst_day_abs":0.0,"winning_days":2,"draw_days":26,"losing_days":0,"daily_profit":[["2025-11-22",0.0],["2025-11-23",0.0],["2025-11-24",0.0],["2025-11-25",0.0],["2025-11-26",0.0],["2025-11-27",0.0],["2025-11-28",0.0],["2025-11-29",0.0],["2025-11-30",0.0],["2025-12-01",0.0],["2025-12-02",0.0],["2025-12-03",0.0],["2025-12-04",0.0],["2025-12-05",0.0],["2025-12-06",0.0],["2025-12-07",0.0],["2025-12-08",0.0],["2025-12-09",9.81545125],["2025-12-10",0.0],["2025-12-11",0.0],["2025-12-12",0.0],["2025-12-13",0.0],["2025-12-14",0.0],["2025-12-15",0.0],["2025-12-16",0.0],["2025-12-17",0.0],["2025-12-18",0.0],["2025-12-19",3.80697288]],"wins":2,"losses":0,"draws":1,"winrate":0.6666666666666666,"holding_avg":"2:00:00","holding_avg_s":7200.0,"winner_holding_min":"0d 02:00","winner_holding_min_s":7200.0,"winner_holding_max":"0d 02:00","winner_holding_max_s":7200.0,"winner_holding_avg":"0d 02:00","winner_holding_avg_s":7200.0,"loser_holding_min":"0d 00:00","loser_holding_min_s":0.0,"loser_holding_max":"0d 00:00","loser_holding_max_s":0.0,"loser_holding_avg":"0d 00:00","loser_holding_avg_s":0.0,"max_consecutive_wins":2,"max_consecutive_losses":1,"max_drawdown_account":0.0,"max_relative_drawdown":0.0,"max_drawdown_abs":0.0,"drawdown_start":"2025-11-22 21:00:00","drawdown_start_ts":1763845200000.0,"drawdown_end":"2025-11-22 21:00:00","drawdown_end_ts":1763845200000.0,"drawdown_duration":"0 days 00:00:00","drawdown_duration_s":0.0,"max_drawdown_low":0.0,"max_drawdown_high":0.0,"csum_min":1000.0,"csum_max":1013.62242413}},"strategy_comparison":[{"key":"ACO_11_13","trades":3,"profit_mean":0.01371248061191968,"profit_mean_pct":1.37,"profit_total_abs":13.62242413,"profit_total":0.013622424130000001,"profit_total_pct":1.36,"duration_avg":"2:00:00","wins":2,"draws":1,"losses":0,"winrate":0.6666666666666666,"cagr":0.05223201401732336,"expectancy":4.5408080433333335,"expectancy_ratio":100.0,"sortino":-100,"sharpe":0.6640233935525729,"calmar":-100,"sqn":1.5893,"profit_factor":0.0,"max_drawdown_account":0.0,"max_drawdown_abs":"0"}]}