{"strategy":{"ACO_35_4":{"trades":[{"pair":"DOGE/USDT","stake_amount":329.79525,"max_stake_amount":329.79525,"amount":1285.0,"open_date":"2025-10-08 17:00:00+00:00","close_date":"2025-10-08 19:00:00+00:00","open_rate":0.25665,"close_rate":0.25855,"fee_open":0.001,"fee_close":0.001,"trade_duration":120,"profit_ratio":0.00539028475907494,"profit_abs":1.779468,"exit_reason":"roi","initial_stop_loss_abs":0.24382,"initial_stop_loss_ratio":-0.05,"stop_loss_abs":0.24382,"stop_loss_ratio":-0.05,"min_rate":0.25663,"max_rate":0.2611,"is_open":false,"enter_tag":"","leverage":1.0,"is_short":false,"open_timestamp":1759942800000,"close_timestamp":1759950000000,"orders":[{"amount":1285.0,"safe_price":0.25665,"ft_order_side":"buy","order_filled_timestamp":1759942800000,"ft_is_entry":true,"ft_order_tag":"","cost":330.12504524999997},{"amount":1285.0,"safe_price":0.25855,"ft_order_side":"sell","order_filled_timestamp":1759950000000,"ft_is_entry":false,"ft_order_tag":"roi","cost":332.56898674999997}],"funding_fees":0.0,"weekday":2},{"pair":"DOGE/USDT","stake_amount":330.40552,"max_stake_amount":330.40552,"amount":1619.0,"open_date":"2025-10-15 05:00:00+00:00","close_date":"2025-10-15 07:00:00+00:00","open_rate":0.20408,"close_rate":0.20452,"fee_open":0.001,"fee_close":0.001,"trade_duration":120,"profit_ratio":0.00015370752336648063,"profit_abs":0.0508366,"exit_reason":"roi","initial_stop_loss_abs":0.19388,"initial_stop_loss_ratio":-0.05,"stop_loss_abs":0.19388,"stop_loss_ratio":-0.05,"min_rate":0.2018,"max_rate":0.20509,"is_open":false,"enter_tag":"","leverage":1.0,"is_short":false,"open_timestamp":1760504400000,"close_timestamp":1760511600000,"orders":[{"amount":1619.0,"safe_price":0.20408,"ft_order_side":"buy","order_filled_timestamp":1760504400000,"ft_is_entry":true,"ft_order_tag":"","cost":330.73592551999997},{"amount":1619.0,"safe_price":0.20452,"ft_order_side":"sell","order_filled_timestamp":1760511600000,"ft_is_entry":false,"ft_order_tag":"roi","cost":331.44899788}],"funding_fees":0.0,"weekday":2},{"pair":"DOGE/USDT","stake_amount":330.53916,"max_stake_amount":330.53916,"amount":1758.0,"open_date":"2025-11-02 05:00:00+00:00","close_date":"2025-11-02 07:00:00+00:00","open_rate":0.18802,"close_rate":0.18839641641641638,"fee_open":0.001,"fee_close":0.001,"trade_duration":120,"profit_ratio":0.0,"profit_abs":0.0,"exit_reason":"roi","initial_stop_loss_abs":0.17862,"initial_stop_loss_ratio":-0.05,"stop_loss_abs":0.17862,"stop_loss_ratio":-0.05,"min_rate":0.18701,"max_rate":0.18884,"is_open":false,"enter_tag":"","leverage":1.0,"is_short":false,"open_timestamp":1762059600000,"close_timestamp":1762066800000,"orders":[{"amount":1758.0,"safe_price":0.18802,"ft_order_side":"buy","order_filled_timestamp":1762059600000,"ft_is_entry":true,"ft_order_tag":"","cost":330.8696991599999},{"amount":1758.0,"safe_price":0.18839641641641638,"ft_order_side":"sell","order_filled_timestamp":1762066800000,"ft_is_entry":false,"ft_order_tag":"roi","cost":331.53210096012003}],"funding_fees":0.0,"weekday":6},{"pair":"DOGE/USDT","stake_amount":330.5691,"max_stake_amount":330.5691,"amount":1998.0,"open_date":"2025-11-07 15:00:00+00:00","close_date":"2025-11-07 16:00:00+00:00","open_rate":0.16545,"close_rate":0.174062012012012,"fee_open":0.001,"fee_close":0.001,"trade_duration":60,"profit_ratio":0.04995004995004996,"profit_abs":16.528455,"exit_reason":"roi","initial_stop_loss_abs":0.15718,"initial_stop_loss_ratio":-0.05,"stop_loss_abs":0.15718,"stop_loss_ratio":-0.05,"min_rate":0.16408,"max_rate":0.17555,"is_open":false,"enter_tag":"","leverage":1.0,"is_short":false,"open_timestamp":1762527600000,"close_timestamp":1762531200000,"orders":[{"amount":1998.0,"safe_price":0.16545,"ft_order_side":"buy","order_filled_timestamp":1762527600000,"ft_is_entry":true,"ft_order_tag":"","cost":330.89966910000004},{"amount":1998.0,"safe_price":0.174062012012012,"ft_order_side":"sell","order_filled_timestamp":1762531200000,"ft_is_entry":false,"ft_order_tag":"roi","cost":348.12367589999997}],"funding_fees":0.0,"weekday":4},{"pair":"DOGE/USDT","stake_amount":336.02556,"max_stake_amount":336.02556,"amount":1833.0,"open_date":"2025-11-10 23:00:00+00:00","close_date":"2025-11-11 01:00:00+00:00","open_rate":0.18332,"close_rate":0.183687007007007,"fee_open":0.001,"fee_close":0.001,"trade_duration":120,"profit_ratio":0.0,"profit_abs":0.0,"exit_reason":"roi","initial_stop_loss_abs":0.17416,"initial_stop_loss_ratio":-0.05,"stop_loss_abs":0.17416,"stop_loss_ratio":-0.05,"min_rate":0.17933,"max_rate":0.1864,"is_open":false,"enter_tag":"","leverage":1.0,"is_short":false,"open_timestamp":1762815600000,"close_timestamp":1762822800000,"orders":[{"amount":1833.0,"safe_price":0.18332,"ft_order_side":"buy","order_filled_timestamp":1762815600000,"ft_is_entry":true,"ft_order_tag":"","cost":336.36158556},{"amount":1833.0,"safe_price":0.183687007007007,"ft_order_side":"sell","order_filled_timestamp":1762822800000,"ft_is_entry":false,"ft_order_tag":"roi","cost":337.0349821276876}],"funding_fees":0.0,"weekday":1},{"pair":"DOGE/USDT","stake_amount":335.90961,"max_stake_amount":335.90961,"amount":2157.0,"open_date":"2025-11-26 18:00:00+00:00","close_date":"2025-11-26 20:00:00+00:00","open_rate":0.15573,"close_rate":0.15604177177177178,"fee_open":0.001,"fee_close":0.001,"trade_duration":120,"profit_ratio":0.0,"profit_abs":0.0,"exit_reason":"roi","initial_stop_loss_abs":0.14795,"initial_stop_loss_ratio":-0.05,"stop_loss_abs":0.14795,"stop_loss_ratio":-0.05,"min_rate":0.15507,"max_rate":0.15681,"is_open":false,"enter_tag":"","leverage":1.0,"is_short":false,"open_timestamp":1764180000000,"close_timestamp":1764187200000,"orders":[{"amount":2157.0,"safe_price":0.15573,"ft_order_side":"buy","order_filled_timestamp":1764180000000,"ft_is_entry":true,"ft_order_tag":"","cost":336.24551961000003},{"amount":2157.0,"safe_price":0.15604177177177178,"ft_order_side":"sell","order_filled_timestamp":1764187200000,"ft_is_entry":false,"ft_order_tag":"roi","cost":336.9186838134234}],"funding_fees":0.0,"weekday":2},{"pair":"DOGE/USDT","stake_amount":336.0511,"max_stake_amount":336.0511,"amount":2297.0,"open_date":"2025-12-09 16:00:00+00:00","close_date":"2025-12-09 18:00:00+00:00","open_rate":0.1463,"close_rate":0.15095,"fee_open":0.001,"fee_close":0.001,"trade_duration":120,"profit_ratio":0.029722498963783997,"profit_abs":9.99826675,"exit_reason":"roi","initial_stop_loss_abs":0.13899,"initial_stop_loss_ratio":-0.05,"stop_loss_abs":0.13899,"stop_loss_ratio":-0.05,"min_rate":0.1463,"max_rate":0.15319,"is_open":false,"enter_tag":"","leverage":1.0,"is_short":false,"open_timestamp":1765296000000,"close_timestamp":1765303200000,"orders":[{"amount":2297.0,"safe_price":0.1463,"ft_order_side":"buy","order_filled_timestamp":1765296000000,"ft_is_entry":true,"ft_order_tag":"","cost":336.3871511},{"amount":2297.0,"safe_price":0.15095,"ft_order_side":"sell","order_filled_timestamp":1765303200000,"ft_is_entry":false,"ft_order_tag":"roi","cost":347.07888214999997}],"funding_fees":0.0,"weekday":1},{"pair":"DOGE/USDT","stake_amount":339.25554,"max_stake_amount":339.25554,"amount":2403.0,"open_date":"2025-12-12 03:00:00+00:00","close_date":"2025-12-12 06:00:00+00:00","open_rate":0.14118,"close_rate":0.14146264264264263,"fee_open":0.001,"fee_close":0.001,"trade_duration":180,"profit_ratio":0.0,"profit_abs":0.0,"exit_reason":"roi","initial_stop_loss_abs":0.13413,"initial_stop_loss_ratio":-0.05,"stop_loss_abs":0.13413,"stop_loss_ratio":-0.05,"min_rate":0.13976,"max_rate":0.14155,"is_open":false,"enter_tag":"","leverage":1.0,"is_short":false,"open_timestamp":1765508400000,"close_timestamp":1765519200000,"orders":[{"amount":2403.0,"safe_price":0.14118,"ft_order_side":"buy","order_filled_timestamp":1765508400000,"ft_is_entry":true,"ft_order_tag":"","cost":339.59479553999995},{"amount":2403.0,"safe_price":0.14146264264264263,"ft_order_side":"sell","order_filled_timestamp":1765519200000,"ft_is_entry":false,"ft_order_tag":"roi","cost":340.27466500054044}],"funding_fees":0.0,"weekday":4},{"pair":"DOGE/USDT","stake_amount":339.28833,"max_stake_amount":339.28833,"amount":2557.0,"open_date":"2025-12-16 16:00:00+00:00","close_date":"2025-12-16 18:00:00+00:00","open_rate":0.13269,"close_rate":0.13295564564564563,"fee_open":0.001,"fee_close":0.001,"trade_duration":120,"profit_ratio":0.0,"profit_abs":0.0,"exit_reason":"roi","initial_stop_loss_abs":0.12606,"initial_stop_loss_ratio":-0.05,"stop_loss_abs":0.12606,"stop_loss_ratio":-0.05,"min_rate":0.13095,"max_rate":0.133,"is_open":false,"enter_tag":"","leverage":1.0,"is_short":false,"open_timestamp":1765900800000,"close_timestamp":1765908000000,"orders":[{"amount":2557.0,"safe_price":0.13269,"ft_order_side":"buy","order_filled_timestamp":1765900800000,"ft_is_entry":true,"ft_order_tag":"","cost":339.62761833},{"amount":2557.0,"safe_price":0.13295564564564563,"ft_order_side":"sell","order_filled_timestamp":1765908000000,"ft_is_entry":false,"ft_order_tag":"roi","cost":340.30755350183176}],"funding_fees":0.0,"weekday":1},{"pair":"DOGE/USDT","stake_amount":339.32955,"max_stake_amount":339.32955,"amount":2555.0,"open_date":"2025-12-21 09:00:00+00:00","close_date":"2025-12-22 00:00:00+00:00","open_rate":0.13281,"close_rate":0.13307588588588587,"fee_open":0.001,"fee_close":0.001,"trade_duration":900,"profit_ratio":0.0,"profit_abs":0.0,"exit_reason":"roi","initial_stop_loss_abs":0.12617,"initial_stop_loss_ratio":-0.05,"stop_loss_abs":0.12617,"stop_loss_ratio":-0.05,"min_rate":0.12871,"max_rate":0.13424,"is_open":false,"enter_tag":"","leverage":1.0,"is_short":false,"open_timestamp":1766307600000,"close_timestamp":1766361600000,"orders":[{"amount":2555.0,"safe_price":0.13281,"ft_order_side":"buy","order_filled_timestamp":1766307600000,"ft_is_entry":true,"ft_order_tag":"","cost":339.66887955},{"amount":2555.0,"safe_price":0.13307588588588587,"ft_order_side":"sell","order_filled_timestamp":1766361600000,"ft_is_entry":false,"ft_order_tag":"roi","cost":340.3488973268768}],"funding_fees":0.0,"weekday":0},{"pair":"DOGE/USDT","stake_amount":339.2826,"max_stake_amount":339.2826,"amount":2635.0,"open_date":"2025-12-25 03:00:00+00:00","close_date":"2025-12-26 15:00:00+00:00","open_rate":0.12876,"close_rate":0.12233,"fee_open":0.001,"fee_close":0.001,"trade_duration":2160,"profit_ratio":-0.05183609493954321,"profit_abs":-17.60467215,"exit_reason":"stop_loss","initial_stop_loss_abs":0.12233,"initial_stop_loss_ratio":-0.05,"stop_loss_abs":0.12233,"stop_loss_ratio":-0.05,"min_rate":0.12129,"max_rate":0.12909,"is_open":false,"enter_tag":"","leverage":1.0,"is_short":false,"open_timestamp":1766631600000,"close_timestamp":1766761200000,"orders":[{"amount":2635.0,"safe_price":0.12876,"ft_order_side":"buy","order_filled_timestamp":1766631600000,"ft_is_entry":true,"ft_order_tag":"","cost":339.62188260000005},{"amount":2635.0,"safe_price":0.12233,"ft_order_side":"sell","order_filled_timestamp":1766761200000,"ft_is_entry":false,"ft_order_tag":"stop_loss","cost":322.66188954999996}],"funding_fees":0.0,"weekday":4},{"pair":"DOGE/USDT","stake_amount":333.4728,"max_stake_amount":333.4728,"amount":2698.0,"open_date":"2025-12-27 22:00:00+00:00","close_date":"2025-12-28 00:00:00+00:00","open_rate":0.1236,"close_rate":0.12435,"fee_open":0.001,"fee_close":0.001,"trade_duration":120,"profit_ratio":0.004057835368514981,"profit_abs":1.3545309,"exit_reason":"roi","initial_stop_loss_abs":0.11742,"initial_stop_loss_ratio":-0.05,"stop_loss_abs":0.11742,"stop_loss_ratio":-0.05,"min_rate":0.12316,"max_rate":0.12492,"is_open":false,"enter_tag":"","leverage":1.0,"is_short":false,"open_timestamp":1766872800000,"close_timestamp":1766880000000,"orders":[{"amount":2698.0,"safe_price":0.1236,"ft_order_side":"buy","order_filled_timestamp":1766872800000,"ft_is_entry":true,"ft_order_tag":"","cost":333.8062728},{"amount":2698.0,"safe_price":0.12435,"ft_order_side":"sell","order_filled_timestamp":1766880000000,"ft_is_entry":false,"ft_order_tag":"roi","cost":335.8317963}],"funding_fees":0.0,"weekday":6}],"locks":[],"best_pair":{"key":"DOGE/USDT","trades":12,"profit_mean":0.0031198568021039287,"profit_mean_pct":0.31,"profit_total_abs":12.106885100000007,"profit_total":0.012106885100000006,"profit_total_pct":1.21,"duration_avg":"5:55:00","wins":5,"draws":6,"losses":1,"winrate":0.4166666666666667,"cagr":0.04632420583635688,"expectancy":1.0089070916666671,"expectancy_ratio":-0.44269094686511,"sortino":-100,"sharpe":0.31773609457568297,"calmar":13.929101300754656,"sqn":0.4459,"profit_factor":1.6877086376186794,"max_drawdown_account":0.01711922192284251,"max_drawdown_abs":17.60467215},"worst_pair":{"key":"DOGE/USDT","trades":12,"profit_mean":0.0031198568021039287,"profit_mean_pct":0.31,"profit_total_abs":12.106885100000007,"profit_total":0.012106885100000006,"profit_total_pct":1.21,"duration_avg":"5:55:00","wins":5,"draws":6,"losses":1,"winrate":0.4166666666666667,"cagr":0.04632420583635688,"expectancy":1.0089070916666671,"expectancy_ratio":-0.44269094686511,"sortino":-100,"sharpe":0.31773609457568297,"calmar":13.929101300754656,"sqn":0.4459,"profit_factor":1.6877086376186794,"max_drawdown_account":0.01711922192284251,"max_drawdown_abs":17.60467215},"results_per_pair":[{"key":"DOGE/USDT","trades":12,"profit_mean":0.0031198568021039287,"profit_mean_pct":0.31,"profit_total_abs":12.106885100000007,"profit_total":0.012106885100000006,"profit_total_pct":1.21,"duration_avg":"5:55:00","wins":5,"draws":6,"losses":1,"winrate":0.4166666666666667,"cagr":0.04632420583635688,"expectancy":1.0089070916666671,"expectancy_ratio":-0.44269094686511,"sortino":-100,"sharpe":0.31773609457568297,"calmar":13.929101300754656,"sqn":0.4459,"profit_factor":1.6877086376186794,"max_drawdown_account":0.01711922192284251,"max_drawdown_abs":17.60467215},{"key":"TOTAL","trades":12,"profit_mean":0.0031198568021039287,"profit_mean_pct":0.31,"profit_total_abs":12.106885100000007,"profit_total":0.012106885100000006,"profit_total_pct":1.21,"duration_avg":"5:55:00","wins":5,"draws":6,"losses":1,"winrate":0.4166666666666667,"cagr":0.04632420583635688,"expectancy":1.0089070916666671,"expectancy_ratio":-0.44269094686511,"sortino":-100,"sharpe":0.31773609457568297,"calmar":13.929101300754656,"sqn":0.4459,"profit_factor":1.6877086376186794,"max_drawdown_account":0.01711922192284251,"max_drawdown_abs":17.60467215}],"results_per_enter_tag":[{"key":"","trades":12,"profit_mean":0.0031198568021039287,"profit_mean_pct":0.31,"profit_total_abs":12.106885100000007,"profit_total":0.012106885100000006,"profit_total_pct":1.21,"duration_avg":"5:55:00","wins":5,"draws":6,"losses":1,"winrate":0.4166666666666667,"cagr":0.04632420583635688,"expectancy":1.0089070916666671,"expectancy_ratio":-0.44269094686511,"sortino":-100,"sharpe":0.31773609457568297,"calmar":13.929101300754656,"sqn":0.4459,"profit_factor":1.6877086376186794,"max_drawdown_account":0.01711922192284251,"max_drawdown_abs":17.60467215},{"key":"TOTAL","trades":12,"profit_mean":0.0031198568021039287,"profit_mean_pct":0.31,"profit_total_abs":12.106885100000007,"profit_total":0.012106885100000006,"profit_total_pct":1.21,"duration_avg":"5:55:00","wins":5,"draws":6,"losses":1,"winrate":0.4166666666666667,"cagr":0.04632420583635688,"expectancy":1.0089070916666671,"expectancy_ratio":-0.44269094686511,"sortino":-100,"sharpe":0.31773609457568297,"calmar":13.929101300754656,"sqn":0.4459,"profit_factor":1.6877086376186794,"max_drawdown_account":0.01711922192284251,"max_drawdown_abs":17.60467215}],"exit_reason_summary":[{"key":"roi","trades":11,"profit_mean":0.008115852414980942,"profit_mean_pct":0.81,"profit_total_abs":29.711557250000006,"profit_total":0.029711557250000006,"profit_total_pct":2.97,"duration_avg":"3:11:00","wins":5,"draws":6,"losses":0,"winrate":0.45454545454545453,"cagr":0.1164706548643879,"expectancy":2.7010506590909094,"expectancy_ratio":100.0,"sortino":-100,"sharpe":1.1244920851953513,"calmar":-100,"sqn":1.6413,"profit_factor":0.0,"max_drawdown_account":0.0,"max_drawdown_abs":0.0},{"key":"stop_loss","trades":1,"profit_mean":-0.05183609493954321,"profit_mean_pct":-5.18,"profit_total_abs":-17.60467215,"profit_total":-0.01760467215,"profit_total_pct":-1.76,"duration_avg":"1 day, 12:00:00","wins":0,"draws":0,"losses":1,"winrate":0.0,"cagr":-0.06464994133712598,"expectancy":-17.60467215,"expectancy_ratio":-1.0,"sortino":-100,"sharpe":-100,"calmar":-19.695848633549343,"sqn":-100.0,"profit_factor":0.0,"max_drawdown_account":0.01760467214999994,"max_drawdown_abs":17.60467215},{"key":"TOTAL","trades":12,"profit_mean":0.0031198568021039287,"profit_mean_pct":0.31,"profit_total_abs":12.106885100000007,"profit_total":0.012106885100000006,"profit_total_pct":1.21,"duration_avg":"5:55:00","wins":5,"draws":6,"losses":1,"winrate":0.4166666666666667,"cagr":0.04632420583635688,"expectancy":1.0089070916666671,"expectancy_ratio":-0.44269094686511,"sortino":-100,"sharpe":0.31773609457568297,"calmar":13.929101300754656,"sqn":0.4459,"profit_factor":1.6877086376186794,"max_drawdown_account":0.01711922192284251,"max_drawdown_abs":17.60467215}],"mix_tag_stats":[{"key":["","roi"],"trades":11,"profit_mean":0.008115852414980942,"profit_mean_pct":0.81,"profit_total_abs":29.711557250000006,"profit_total":0.029711557250000006,"profit_total_pct":2.97,"duration_avg":"3:11:00","wins":5,"draws":6,"losses":0,"winrate":0.45454545454545453,"cagr":0.1164706548643879,"expectancy":2.7010506590909094,"expectancy_ratio":100.0,"sortino":-100,"sharpe":1.1244920851953513,"calmar":-100,"sqn":1.6413,"profit_factor":0.0,"max_drawdown_account":0.0,"max_drawdown_abs":0.0},{"key":["","stop_loss"],"trades":1,"profit_mean":-0.05183609493954321,"profit_mean_pct":-5.18,"profit_total_abs":-17.60467215,"profit_total":-0.01760467215,"profit_total_pct":-1.76,"duration_avg":"1 day, 12:00:00","wins":0,"draws":0,"losses":1,"winrate":0.0,"cagr":-0.06464994133712598,"expectancy":-17.60467215,"expectancy_ratio":-1.0,"sortino":-100,"sharpe":-100,"calmar":-19.695848633549343,"sqn":-100.0,"profit_factor":0.0,"max_drawdown_account":0.01760467214999994,"max_drawdown_abs":17.60467215},{"key":"TOTAL","trades":12,"profit_mean":0.0031198568021039287,"profit_mean_pct":0.31,"profit_total_abs":12.106885100000007,"profit_total":0.012106885100000006,"profit_total_pct":1.21,"duration_avg":"5:55:00","wins":5,"draws":6,"losses":1,"winrate":0.4166666666666667,"cagr":0.04632420583635688,"expectancy":1.0089070916666671,"expectancy_ratio":-0.44269094686511,"sortino":-100,"sharpe":0.31773609457568297,"calmar":13.929101300754656,"sqn":0.4459,"profit_factor":1.6877086376186794,"max_drawdown_account":0.01711922192284251,"max_drawdown_abs":17.60467215}],"left_open_trades":[{"key":"TOTAL","trades":0,"profit_mean":0.0,"profit_mean_pct":0.0,"profit_total_abs":0.0,"profit_total":0.0,"profit_total_pct":0.0,"duration_avg":"0:00","wins":0,"draws":0,"losses":0,"winrate":0.0,"cagr":0.0,"expectancy":0.0,"expectancy_ratio":100.0,"sortino":0,"sharpe":0,"calmar":0,"sqn":0.0,"profit_factor":0.0,"max_drawdown_account":0.0,"max_drawdown_abs":0.0}],"total_trades":12,"trade_count_long":12,"trade_count_short":0,"total_volume":8068.075155380479,"avg_stake_amount":334.99367666666666,"profit_mean":0.0031198568021039287,"profit_median":0.0,"profit_total":0.012106885100000006,"profit_total_long":0.012106885100000006,"profit_total_short":0.0,"profit_total_abs":12.106885100000007,"profit_total_long_abs":12.106885100000007,"profit_total_short_abs":0.0,"cagr":0.04632420583635688,"expectancy":1.0089070916666671,"expectancy_ratio":-0.44269094686511,"sortino":-100,"sharpe":0.31773609457568297,"calmar":13.929101300754656,"sqn":0.4459,"profit_factor":1.6877086376186794,"backtest_start":"2025-10-01 00:00:00","backtest_start_ts":1759276800000,"backtest_end":"2026-01-06 20:00:00","backtest_end_ts":1767729600000,"backtest_days":97,"backtest_run_start_ts":1767739077,"backtest_run_end_ts":1767739077,"trades_per_day":0.12,"market_change":-0.36632086436227446,"pairlist":["DOGE/USDT"],"stake_amount":"unlimited","stake_currency":"USDT","stake_currency_decimals":3,"starting_balance":1000,"dry_run_wallet":1000,"final_balance":1012.1068851,"rejected_signals":0,"timedout_entry_orders":0,"timedout_exit_orders":0,"canceled_trade_entries":0,"canceled_entry_orders":0,"replaced_entry_orders":0,"max_open_trades":1,"max_open_trades_setting":3,"timeframe":"1h","timeframe_detail":"","timerange":"20251001-","enable_protections":false,"strategy_name":"ACO_35_4","freqaimodel":null,"freqai_identifier":null,"stoploss":-0.05,"trailing_stop":false,"trailing_stop_positive":null,"trailing_stop_positive_offset":0.0,"trailing_only_offset_is_reached":false,"use_custom_stoploss":false,"minimal_roi":{"0":0.1,"60":0.05,"120":0.0},"use_exit_signal":true,"exit_profit_only":false,"exit_profit_offset":0.0,"ignore_roi_if_entry_signal":false,"trading_mode":"spot","margin_mode":"","periodic_breakdown":{"day":[{"date":"08/10/2025","date_ts":1759881600000,"profit_abs":1.779468,"wins":1,"draws":0,"losses":0,"trades":1,"profit_factor":0.0},{"date":"09/10/2025","date_ts":1759968000000,"profit_abs":0.0,"wins":0,"draws":0,"losses":0,"trades":0,"profit_factor":0.0},{"date":"10/10/2025","date_ts":1760054400000,"profit_abs":0.0,"wins":0,"draws":0,"losses":0,"trades":0,"profit_factor":0.0},{"date":"11/10/2025","date_ts":1760140800000,"profit_abs":0.0,"wins":0,"draws":0,"losses":0,"trades":0,"profit_factor":0.0},{"date":"12/10/2025","date_ts":1760227200000,"profit_abs":0.0,"wins":0,"draws":0,"losses":0,"trades":0,"profit_factor":0.0},{"date":"13/10/2025","date_ts":1760313600000,"profit_abs":0.0,"wins":0,"draws":0,"losses":0,"trades":0,"profit_factor":0.0},{"date":"14/10/2025","date_ts":1760400000000,"profit_abs":0.0,"wins":0,"draws":0,"losses":0,"trades":0,"profit_factor":0.0},{"date":"15/10/2025","date_ts":1760486400000,"profit_abs":0.0508366,"wins":1,"draws":0,"losses":0,"trades":1,"profit_factor":0.0},{"date":"16/10/2025","date_ts":1760572800000,"profit_abs":0.0,"wins":0,"draws":0,"losses":0,"trades":0,"profit_factor":0.0},{"date":"17/10/2025","date_ts":1760659200000,"profit_abs":0.0,"wins":0,"draws":0,"losses":0,"trades":0,"profit_factor":0.0},{"date":"18/10/2025","date_ts":1760745600000,"profit_abs":0.0,"wins":0,"draws":0,"losses":0,"trades":0,"profit_factor":0.0},{"date":"19/10/2025","date_ts":1760832000000,"profit_abs":0.0,"wins":0,"draws":0,"losses":0,"trades":0,"profit_factor":0.0},{"date":"20/10/2025","date_ts":1760918400000,"profit_abs":0.0,"wins":0,"draws":0,"losses":0,"trades":0,"profit_factor":0.0},{"date":"21/10/2025","date_ts":1761004800000,"profit_abs":0.0,"wins":0,"draws":0,"losses":0,"trades":0,"profit_factor":0.0},{"date":"22/10/2025","date_ts":1761091200000,"profit_abs":0.0,"wins":0,"draws":0,"losses":0,"trades":0,"profit_factor":0.0},{"date":"23/10/2025","date_ts":1761177600000,"profit_abs":0.0,"wins":0,"draws":0,"losses":0,"trades":0,"profit_factor":0.0},{"date":"24/10/2025","date_ts":1761264000000,"profit_abs":0.0,"wins":0,"draws":0,"losses":0,"trades":0,"profit_factor":0.0},{"date":"25/10/2025","date_ts":1761350400000,"profit_abs":0.0,"wins":0,"draws":0,"losses":0,"trades":0,"profit_factor":0.0},{"date":"26/10/2025","date_ts":1761436800000,"profit_abs":0.0,"wins":0,"draws":0,"losses":0,"trades":0,"profit_factor":0.0},{"date":"27/10/2025","date_ts":1761523200000,"profit_abs":0.0,"wins":0,"draws":0,"losses":0,"trades":0,"profit_factor":0.0},{"date":"28/10/2025","date_ts":1761609600000,"profit_abs":0.0,"wins":0,"draws":0,"losses":0,"trades":0,"profit_factor":0.0},{"date":"29/10/2025","date_ts":1761696000000,"profit_abs":0.0,"wins":0,"draws":0,"losses":0,"trades":0,"profit_factor":0.0},{"date":"30/10/2025","date_ts":1761782400000,"profit_abs":0.0,"wins":0,"draws":0,"losses":0,"trades":0,"profit_factor":0.0},{"date":"31/10/2025","date_ts":1761868800000,"profit_abs":0.0,"wins":0,"draws":0,"losses":0,"trades":0,"profit_factor":0.0},{"date":"01/11/2025","date_ts":1761955200000,"profit_abs":0.0,"wins":0,"draws":0,"losses":0,"trades":0,"profit_factor":0.0},{"date":"02/11/2025","date_ts":1762041600000,"profit_abs":0.0,"wins":0,"draws":1,"losses":0,"trades":1,"profit_factor":0.0},{"date":"03/11/2025","date_ts":1762128000000,"profit_abs":0.0,"wins":0,"draws":0,"losses":0,"trades":0,"profit_factor":0.0},{"date":"04/11/2025","date_ts":1762214400000,"profit_abs":0.0,"wins":0,"draws":0,"losses":0,"trades":0,"profit_factor":0.0},{"date":"05/11/2025","date_ts":1762300800000,"profit_abs":0.0,"wins":0,"draws":0,"losses":0,"trades":0,"profit_factor":0.0},{"date":"06/11/2025","date_ts":1762387200000,"profit_abs":0.0,"wins":0,"draws":0,"losses":0,"trades":0,"profit_factor":0.0},{"date":"07/11/2025","date_ts":1762473600000,"profit_abs":16.528455,"wins":1,"draws":0,"losses":0,"trades":1,"profit_factor":0.0},{"date":"08/11/2025","date_ts":1762560000000,"profit_abs":0.0,"wins":0,"draws":0,"losses":0,"trades":0,"profit_factor":0.0},{"date":"09/11/2025","date_ts":1762646400000,"profit_abs":0.0,"wins":0,"draws":0,"losses":0,"trades":0,"profit_factor":0.0},{"date":"10/11/2025","date_ts":1762732800000,"profit_abs":0.0,"wins":0,"draws":0,"losses":0,"trades":0,"profit_factor":0.0},{"date":"11/11/2025","date_ts":1762819200000,"profit_abs":0.0,"wins":0,"draws":1,"losses":0,"trades":1,"profit_factor":0.0},{"date":"12/11/2025","date_ts":1762905600000,"profit_abs":0.0,"wins":0,"draws":0,"losses":0,"trades":0,"profit_factor":0.0},{"date":"13/11/2025","date_ts":1762992000000,"profit_abs":0.0,"wins":0,"draws":0,"losses":0,"trades":0,"profit_factor":0.0},{"date":"14/11/2025","date_ts":1763078400000,"profit_abs":0.0,"wins":0,"draws":0,"losses":0,"trades":0,"profit_factor":0.0},{"date":"15/11/2025","date_ts":1763164800000,"profit_abs":0.0,"wins":0,"draws":0,"losses":0,"trades":0,"profit_factor":0.0},{"date":"16/11/2025","date_ts":1763251200000,"profit_abs":0.0,"wins":0,"draws":0,"losses":0,"trades":0,"profit_factor":0.0},{"date":"17/11/2025","date_ts":1763337600000,"profit_abs":0.0,"wins":0,"draws":0,"losses":0,"trades":0,"profit_factor":0.0},{"date":"18/11/2025","date_ts":1763424000000,"profit_abs":0.0,"wins":0,"draws":0,"losses":0,"trades":0,"profit_factor":0.0},{"date":"19/11/2025","date_ts":1763510400000,"profit_abs":0.0,"wins":0,"draws":0,"losses":0,"trades":0,"profit_factor":0.0},{"date":"20/11/2025","date_ts":1763596800000,"profit_abs":0.0,"wins":0,"draws":0,"losses":0,"trades":0,"profit_factor":0.0},{"date":"21/11/2025","date_ts":1763683200000,"profit_abs":0.0,"wins":0,"draws":0,"losses":0,"trades":0,"profit_factor":0.0},{"date":"22/11/2025","date_ts":1763769600000,"profit_abs":0.0,"wins":0,"draws":0,"losses":0,"trades":0,"profit_factor":0.0},{"date":"23/11/2025","date_ts":1763856000000,"profit_abs":0.0,"wins":0,"draws":0,"losses":0,"trades":0,"profit_factor":0.0},{"date":"24/11/2025","date_ts":1763942400000,"profit_abs":0.0,"wins":0,"draws":0,"losses":0,"trades":0,"profit_factor":0.0},{"date":"25/11/2025","date_ts":1764028800000,"profit_abs":0.0,"wins":0,"draws":0,"losses":0,"trades":0,"profit_factor":0.0},{"date":"26/11/2025","date_ts":1764115200000,"profit_abs":0.0,"wins":0,"draws":1,"losses":0,"trades":1,"profit_factor":0.0},{"date":"27/11/2025","date_ts":1764201600000,"profit_abs":0.0,"wins":0,"draws":0,"losses":0,"trades":0,"profit_factor":0.0},{"date":"28/11/2025","date_ts":1764288000000,"profit_abs":0.0,"wins":0,"draws":0,"losses":0,"trades":0,"profit_factor":0.0},{"date":"29/11/2025","date_ts":1764374400000,"profit_abs":0.0,"wins":0,"draws":0,"losses":0,"trades":0,"profit_factor":0.0},{"date":"30/11/2025","date_ts":1764460800000,"profit_abs":0.0,"wins":0,"draws":0,"losses":0,"trades":0,"profit_factor":0.0},{"date":"01/12/2025","date_ts":1764547200000,"profit_abs":0.0,"wins":0,"draws":0,"losses":0,"trades":0,"profit_factor":0.0},{"date":"02/12/2025","date_ts":1764633600000,"profit_abs":0.0,"wins":0,"draws":0,"losses":0,"trades":0,"profit_factor":0.0},{"date":"03/12/2025","date_ts":1764720000000,"profit_abs":0.0,"wins":0,"draws":0,"losses":0,"trades":0,"profit_factor":0.0},{"date":"04/12/2025","date_ts":1764806400000,"profit_abs":0.0,"wins":0,"draws":0,"losses":0,"trades":0,"profit_factor":0.0},{"date":"05/12/2025","date_ts":1764892800000,"profit_abs":0.0,"wins":0,"draws":0,"losses":0,"trades":0,"profit_factor":0.0},{"date":"06/12/2025","date_ts":1764979200000,"profit_abs":0.0,"wins":0,"draws":0,"losses":0,"trades":0,"profit_factor":0.0},{"date":"07/12/2025","date_ts":1765065600000,"profit_abs":0.0,"wins":0,"draws":0,"losses":0,"trades":0,"profit_factor":0.0},{"date":"08/12/2025","date_ts":1765152000000,"profit_abs":0.0,"wins":0,"draws":0,"losses":0,"trades":0,"profit_factor":0.0},{"date":"09/12/2025","date_ts":1765238400000,"profit_abs":9.99826675,"wins":1,"draws":0,"losses":0,"trades":1,"profit_factor":0.0},{"date":"10/12/2025","date_ts":1765324800000,"profit_abs":0.0,"wins":0,"draws":0,"losses":0,"trades":0,"profit_factor":0.0},{"date":"11/12/2025","date_ts":1765411200000,"profit_abs":0.0,"wins":0,"draws":0,"losses":0,"trades":0,"profit_factor":0.0},{"date":"12/12/2025","date_ts":1765497600000,"profit_abs":0.0,"wins":0,"draws":1,"losses":0,"trades":1,"profit_factor":0.0},{"date":"13/12/2025","date_ts":1765584000000,"profit_abs":0.0,"wins":0,"draws":0,"losses":0,"trades":0,"profit_factor":0.0},{"date":"14/12/2025","date_ts":1765670400000,"profit_abs":0.0,"wins":0,"draws":0,"losses":0,"trades":0,"profit_factor":0.0},{"date":"15/12/2025","date_ts":1765756800000,"profit_abs":0.0,"wins":0,"draws":0,"losses":0,"trades":0,"profit_factor":0.0},{"date":"16/12/2025","date_ts":1765843200000,"profit_abs":0.0,"wins":0,"draws":1,"losses":0,"trades":1,"profit_factor":0.0},{"date":"17/12/2025","date_ts":1765929600000,"profit_abs":0.0,"wins":0,"draws":0,"losses":0,"trades":0,"profit_factor":0.0},{"date":"18/12/2025","date_ts":1766016000000,"profit_abs":0.0,"wins":0,"draws":0,"losses":0,"trades":0,"profit_factor":0.0},{"date":"19/12/2025","date_ts":1766102400000,"profit_abs":0.0,"wins":0,"draws":0,"losses":0,"trades":0,"profit_factor":0.0},{"date":"20/12/2025","date_ts":1766188800000,"profit_abs":0.0,"wins":0,"draws":0,"losses":0,"trades":0,"profit_factor":0.0},{"date":"21/12/2025","date_ts":1766275200000,"profit_abs":0.0,"wins":0,"draws":0,"losses":0,"trades":0,"profit_factor":0.0},{"date":"22/12/2025","date_ts":1766361600000,"profit_abs":0.0,"wins":0,"draws":1,"losses":0,"trades":1,"profit_factor":0.0},{"date":"23/12/2025","date_ts":1766448000000,"profit_abs":0.0,"wins":0,"draws":0,"losses":0,"trades":0,"profit_factor":0.0},{"date":"24/12/2025","date_ts":1766534400000,"profit_abs":0.0,"wins":0,"draws":0,"losses":0,"trades":0,"profit_factor":0.0},{"date":"25/12/2025","date_ts":1766620800000,"profit_abs":0.0,"wins":0,"draws":0,"losses":0,"trades":0,"profit_factor":0.0},{"date":"26/12/2025","date_ts":1766707200000,"profit_abs":-17.60467215,"wins":0,"draws":0,"losses":1,"trades":1,"profit_factor":0.0},{"date":"27/12/2025","date_ts":1766793600000,"profit_abs":0.0,"wins":0,"draws":0,"losses":0,"trades":0,"profit_factor":0.0},{"date":"28/12/2025","date_ts":1766880000000,"profit_abs":1.3545309,"wins":1,"draws":0,"losses":0,"trades":1,"profit_factor":0.0}],"week":[{"date":"13/10/2025","date_ts":1760313600000,"profit_abs":1.779468,"wins":1,"draws":0,"losses":0,"trades":1,"profit_factor":0.0},{"date":"20/10/2025","date_ts":1760918400000,"profit_abs":0.0508366,"wins":1,"draws":0,"losses":0,"trades":1,"profit_factor":0.0},{"date":"27/10/2025","date_ts":1761523200000,"profit_abs":0.0,"wins":0,"draws":0,"losses":0,"trades":0,"profit_factor":0.0},{"date":"03/11/2025","date_ts":1762128000000,"profit_abs":0.0,"wins":0,"draws":1,"losses":0,"trades":1,"profit_factor":0.0},{"date":"10/11/2025","date_ts":1762732800000,"profit_abs":16.528455,"wins":1,"draws":0,"losses":0,"trades":1,"profit_factor":0.0},{"date":"17/11/2025","date_ts":1763337600000,"profit_abs":0.0,"wins":0,"draws":1,"losses":0,"trades":1,"profit_factor":0.0},{"date":"24/11/2025","date_ts":1763942400000,"profit_abs":0.0,"wins":0,"draws":0,"losses":0,"trades":0,"profit_factor":0.0},{"date":"01/12/2025","date_ts":1764547200000,"profit_abs":0.0,"wins":0,"draws":1,"losses":0,"trades":1,"profit_factor":0.0},{"date":"08/12/2025","date_ts":1765152000000,"profit_abs":0.0,"wins":0,"draws":0,"losses":0,"trades":0,"profit_factor":0.0},{"date":"15/12/2025","date_ts":1765756800000,"profit_abs":9.99826675,"wins":1,"draws":1,"losses":0,"trades":2,"profit_factor":0.0},{"date":"22/12/2025","date_ts":1766361600000,"profit_abs":0.0,"wins":0,"draws":2,"losses":0,"trades":2,"profit_factor":0.0},{"date":"29/12/2025","date_ts":1766966400000,"profit_abs":-16.25014125,"wins":1,"draws":0,"losses":1,"trades":2,"profit_factor":0.07694156}],"month":[{"date":"31/10/2025","date_ts":1761868800000,"profit_abs":1.8303046,"wins":2,"draws":0,"losses":0,"trades":2,"profit_factor":0.0},{"date":"30/11/2025","date_ts":1764460800000,"profit_abs":16.528455,"wins":1,"draws":3,"losses":0,"trades":4,"profit_factor":0.0},{"date":"31/12/2025","date_ts":1767139200000,"profit_abs":-6.2518745,"wins":2,"draws":3,"losses":1,"trades":6,"profit_factor":0.64487413}],"year":[{"date":"31/12/2025","date_ts":1767139200000,"profit_abs":12.1068851,"wins":5,"draws":6,"losses":1,"trades":12,"profit_factor":1.68770864}],"weekday":[{"date":"Monday","date_ts":0,"profit_abs":0.0,"wins":0,"draws":1,"losses":0,"trades":1,"profit_factor":0.0},{"date":"Tuesday","date_ts":1,"profit_abs":9.99826675,"wins":1,"draws":2,"losses":0,"trades":3,"profit_factor":0.0},{"date":"Wednesday","date_ts":2,"profit_abs":1.8303046,"wins":2,"draws":1,"losses":0,"trades":3,"profit_factor":0.0},{"date":"Friday","date_ts":4,"profit_abs":-1.07621715,"wins":1,"draws":1,"losses":1,"trades":3,"profit_factor":0.93886753},{"date":"Sunday","date_ts":6,"profit_abs":1.3545309,"wins":1,"draws":1,"losses":0,"trades":2,"profit_factor":0.0}]},"backtest_best_day":0.04995004995004996,"backtest_worst_day":-0.05183609493954321,"backtest_best_day_abs":16.528455,"backtest_worst_day_abs":-17.60467215,"winning_days":5,"draw_days":76,"losing_days":1,"daily_profit":[["2025-10-08",1.779468],["2025-10-09",0.0],["2025-10-10",0.0],["2025-10-11",0.0],["2025-10-12",0.0],["2025-10-13",0.0],["2025-10-14",0.0],["2025-10-15",0.0508366],["2025-10-16",0.0],["2025-10-17",0.0],["2025-10-18",0.0],["2025-10-19",0.0],["2025-10-20",0.0],["2025-10-21",0.0],["2025-10-22",0.0],["2025-10-23",0.0],["2025-10-24",0.0],["2025-10-25",0.0],["2025-10-26",0.0],["2025-10-27",0.0],["2025-10-28",0.0],["2025-10-29",0.0],["2025-10-30",0.0],["2025-10-31",0.0],["2025-11-01",0.0],["2025-11-02",0.0],["2025-11-03",0.0],["2025-11-04",0.0],["2025-11-05",0.0],["2025-11-06",0.0],["2025-11-07",16.528455],["2025-11-08",0.0],["2025-11-09",0.0],["2025-11-10",0.0],["2025-11-11",0.0],["2025-11-12",0.0],["2025-11-13",0.0],["2025-11-14",0.0],["2025-11-15",0.0],["2025-11-16",0.0],["2025-11-17",0.0],["2025-11-18",0.0],["2025-11-19",0.0],["2025-11-20",0.0],["2025-11-21",0.0],["2025-11-22",0.0],["2025-11-23",0.0],["2025-11-24",0.0],["2025-11-25",0.0],["2025-11-26",0.0],["2025-11-27",0.0],["2025-11-28",0.0],["2025-11-29",0.0],["2025-11-30",0.0],["2025-12-01",0.0],["2025-12-02",0.0],["2025-12-03",0.0],["2025-12-04",0.0],["2025-12-05",0.0],["2025-12-06",0.0],["2025-12-07",0.0],["2025-12-08",0.0],["2025-12-09",9.99826675],["2025-12-10",0.0],["2025-12-11",0.0],["2025-12-12",0.0],["2025-12-13",0.0],["2025-12-14",0.0],["2025-12-15",0.0],["2025-12-16",0.0],["2025-12-17",0.0],["2025-12-18",0.0],["2025-12-19",0.0],["2025-12-20",0.0],["2025-12-21",0.0],["2025-12-22",0.0],["2025-12-23",0.0],["2025-12-24",0.0],["2025-12-25",0.0],["2025-12-26",-17.60467215],["2025-12-27",0.0],["2025-12-28",1.3545309]],"wins":5,"losses":1,"draws":6,"winrate":0.4166666666666667,"holding_avg":"5:55:00","holding_avg_s":21300.0,"winner_holding_min":"0d 01:00","winner_holding_min_s":3600.0,"winner_holding_max":"0d 02:00","winner_holding_max_s":7200.0,"winner_holding_avg":"0d 01:48","winner_holding_avg_s":6480.0,"loser_holding_min":"1d 12:00","loser_holding_min_s":129600.0,"loser_holding_max":"1d 12:00","loser_holding_max_s":129600.0,"loser_holding_avg":"1d 12:00","loser_holding_avg_s":129600.0,"max_consecutive_wins":2,"max_consecutive_losses":4,"max_drawdown_account":0.01711922192284251,"max_relative_drawdown":0.01711922192284251,"max_drawdown_abs":17.60467215,"drawdown_start":"2025-12-09 18:00:00","drawdown_start_ts":1765303200000.0,"drawdown_end":"2025-12-26 15:00:00","drawdown_end_ts":1766761200000.0,"drawdown_duration":"16 days 21:00:00","drawdown_duration_s":1458000.0,"max_drawdown_low":10.752354200000006,"max_drawdown_high":28.357026350000005,"csum_min":1001.779468,"csum_max":1028.35702635}},"strategy_comparison":[{"key":"ACO_35_4","trades":12,"profit_mean":0.0031198568021039287,"profit_mean_pct":0.31,"profit_total_abs":12.106885100000007,"profit_total":0.012106885100000006,"profit_total_pct":1.21,"duration_avg":"5:55:00","wins":5,"draws":6,"losses":1,"winrate":0.4166666666666667,"cagr":0.04632420583635688,"expectancy":1.0089070916666671,"expectancy_ratio":-0.44269094686511,"sortino":-100,"sharpe":0.31773609457568297,"calmar":13.929101300754656,"sqn":0.4459,"profit_factor":1.6877086376186794,"max_drawdown_account":0.01711922192284251,"max_drawdown_abs":"17.605"}]}