{"strategy":{"ACO_10_8":{"trades":[{"pair":"DOGE/USDT","stake_amount":329.9829,"max_stake_amount":329.9829,"amount":1266.0,"open_date":"2025-10-03 16:00:00+00:00","close_date":"2025-10-03 19:00:00+00:00","open_rate":0.26065,"close_rate":0.2611718218218218,"fee_open":0.001,"fee_close":0.001,"trade_duration":180,"profit_ratio":0.0,"profit_abs":0.0,"exit_reason":"roi","initial_stop_loss_abs":0.24762,"initial_stop_loss_ratio":-0.05,"stop_loss_abs":0.24762,"stop_loss_ratio":-0.05,"min_rate":0.25505,"max_rate":0.26534,"is_open":false,"enter_tag":"","leverage":1.0,"is_short":false,"open_timestamp":1759507200000,"close_timestamp":1759518000000,"orders":[{"amount":1266.0,"safe_price":0.26065,"ft_order_side":"buy","order_filled_timestamp":1759507200000,"ft_is_entry":true,"ft_order_tag":"","cost":330.3128828999999},{"amount":1266.0,"safe_price":0.2611718218218218,"ft_order_side":"sell","order_filled_timestamp":1759518000000,"ft_is_entry":false,"ft_order_tag":"roi","cost":330.9741699528528}],"funding_fees":0.0,"weekday":4},{"pair":"DOGE/USDT","stake_amount":329.7595,"max_stake_amount":329.7595,"amount":1327.0,"open_date":"2025-10-10 00:00:00+00:00","close_date":"2025-10-10 02:00:00+00:00","open_rate":0.2485,"close_rate":0.24899749749749747,"fee_open":0.001,"fee_close":0.001,"trade_duration":120,"profit_ratio":0.0,"profit_abs":0.0,"exit_reason":"roi","initial_stop_loss_abs":0.23608,"initial_stop_loss_ratio":-0.05,"stop_loss_abs":0.23608,"stop_loss_ratio":-0.05,"min_rate":0.24736,"max_rate":0.25007,"is_open":false,"enter_tag":"","leverage":1.0,"is_short":false,"open_timestamp":1760054400000,"close_timestamp":1760061600000,"orders":[{"amount":1327.0,"safe_price":0.2485,"ft_order_side":"buy","order_filled_timestamp":1760054400000,"ft_is_entry":true,"ft_order_tag":"","cost":330.08925949999997},{"amount":1327.0,"safe_price":0.24899749749749747,"ft_order_side":"sell","order_filled_timestamp":1760061600000,"ft_is_entry":false,"ft_order_tag":"roi","cost":330.7500988583583}],"funding_fees":0.0,"weekday":4},{"pair":"DOGE/USDT","stake_amount":329.97852,"max_stake_amount":329.97852,"amount":1572.0,"open_date":"2025-10-13 08:00:00+00:00","close_date":"2025-10-13 10:00:00+00:00","open_rate":0.20991,"close_rate":0.21146,"fee_open":0.001,"fee_close":0.001,"trade_duration":120,"profit_ratio":0.005371361523998368,"profit_abs":1.77420636,"exit_reason":"roi","initial_stop_loss_abs":0.19942,"initial_stop_loss_ratio":-0.05,"stop_loss_abs":0.19942,"stop_loss_ratio":-0.05,"min_rate":0.2088,"max_rate":0.21277,"is_open":false,"enter_tag":"","leverage":1.0,"is_short":false,"open_timestamp":1760342400000,"close_timestamp":1760349600000,"orders":[{"amount":1572.0,"safe_price":0.20991,"ft_order_side":"buy","order_filled_timestamp":1760342400000,"ft_is_entry":true,"ft_order_tag":"","cost":330.30849851999994},{"amount":1572.0,"safe_price":0.21146,"ft_order_side":"sell","order_filled_timestamp":1760349600000,"ft_is_entry":false,"ft_order_tag":"roi","cost":332.74753511999995}],"funding_fees":0.0,"weekday":0},{"pair":"DOGE/USDT","stake_amount":330.37936,"max_stake_amount":330.37936,"amount":1564.0,"open_date":"2025-10-13 14:00:00+00:00","close_date":"2025-10-13 16:00:00+00:00","open_rate":0.21124,"close_rate":0.21166290290290288,"fee_open":0.001,"fee_close":0.001,"trade_duration":120,"profit_ratio":0.0,"profit_abs":0.0,"exit_reason":"roi","initial_stop_loss_abs":0.20068,"initial_stop_loss_ratio":-0.05,"stop_loss_abs":0.20068,"stop_loss_ratio":-0.05,"min_rate":0.20517,"max_rate":0.21192,"is_open":false,"enter_tag":"","leverage":1.0,"is_short":false,"open_timestamp":1760364000000,"close_timestamp":1760371200000,"orders":[{"amount":1564.0,"safe_price":0.21124,"ft_order_side":"buy","order_filled_timestamp":1760364000000,"ft_is_entry":true,"ft_order_tag":"","cost":330.70973935999996},{"amount":1564.0,"safe_price":0.21166290290290288,"ft_order_side":"sell","order_filled_timestamp":1760371200000,"ft_is_entry":false,"ft_order_tag":"roi","cost":331.3718209202802}],"funding_fees":0.0,"weekday":0},{"pair":"DOGE/USDT","stake_amount":330.38951,"max_stake_amount":330.38951,"amount":1661.0,"open_date":"2025-10-16 07:00:00+00:00","close_date":"2025-10-16 10:00:00+00:00","open_rate":0.19891,"close_rate":0.1993082182182182,"fee_open":0.001,"fee_close":0.001,"trade_duration":180,"profit_ratio":0.0,"profit_abs":0.0,"exit_reason":"roi","initial_stop_loss_abs":0.18897,"initial_stop_loss_ratio":-0.05,"stop_loss_abs":0.18897,"stop_loss_ratio":-0.05,"min_rate":0.19015,"max_rate":0.20062,"is_open":false,"enter_tag":"","leverage":1.0,"is_short":false,"open_timestamp":1760598000000,"close_timestamp":1760608800000,"orders":[{"amount":1661.0,"safe_price":0.19891,"ft_order_side":"buy","order_filled_timestamp":1760598000000,"ft_is_entry":true,"ft_order_tag":"","cost":330.71989951},{"amount":1661.0,"safe_price":0.1993082182182182,"ft_order_side":"sell","order_filled_timestamp":1760608800000,"ft_is_entry":false,"ft_order_tag":"roi","cost":331.3820014109209}],"funding_fees":0.0,"weekday":3},{"pair":"DOGE/USDT","stake_amount":330.54944,"max_stake_amount":330.54944,"amount":1756.0,"open_date":"2025-10-17 06:00:00+00:00","close_date":"2025-10-17 07:00:00+00:00","open_rate":0.18824,"close_rate":0.17883,"fee_open":0.001,"fee_close":0.001,"trade_duration":60,"profit_ratio":-0.05188749839196078,"profit_abs":-17.16853492,"exit_reason":"stop_loss","initial_stop_loss_abs":0.17883,"initial_stop_loss_ratio":-0.05,"stop_loss_abs":0.17883,"stop_loss_ratio":-0.05,"min_rate":0.17831,"max_rate":0.189,"is_open":false,"enter_tag":"","leverage":1.0,"is_short":false,"open_timestamp":1760680800000,"close_timestamp":1760684400000,"orders":[{"amount":1756.0,"safe_price":0.18824,"ft_order_side":"buy","order_filled_timestamp":1760680800000,"ft_is_entry":true,"ft_order_tag":"","cost":330.87998944},{"amount":1756.0,"safe_price":0.17883,"ft_order_side":"sell","order_filled_timestamp":1760684400000,"ft_is_entry":false,"ft_order_tag":"stop_loss","cost":314.3395054799999}],"funding_fees":0.0,"weekday":4},{"pair":"DOGE/USDT","stake_amount":324.9,"max_stake_amount":324.9,"amount":1710.0,"open_date":"2025-10-18 18:00:00+00:00","close_date":"2025-10-19 03:00:00+00:00","open_rate":0.19,"close_rate":0.19038038038038035,"fee_open":0.001,"fee_close":0.001,"trade_duration":540,"profit_ratio":0.0,"profit_abs":0.0,"exit_reason":"roi","initial_stop_loss_abs":0.1805,"initial_stop_loss_ratio":-0.05,"stop_loss_abs":0.1805,"stop_loss_ratio":-0.05,"min_rate":0.18777,"max_rate":0.19078,"is_open":false,"enter_tag":"","leverage":1.0,"is_short":false,"open_timestamp":1760810400000,"close_timestamp":1760842800000,"orders":[{"amount":1710.0,"safe_price":0.19,"ft_order_side":"buy","order_filled_timestamp":1760810400000,"ft_is_entry":true,"ft_order_tag":"","cost":325.22489999999993},{"amount":1710.0,"safe_price":0.19038038038038035,"ft_order_side":"sell","order_filled_timestamp":1760842800000,"ft_is_entry":false,"ft_order_tag":"roi","cost":325.8760009009008}],"funding_fees":0.0,"weekday":6},{"pair":"DOGE/USDT","stake_amount":324.8952,"max_stake_amount":324.8952,"amount":1631.0,"open_date":"2025-10-20 04:00:00+00:00","close_date":"2025-10-20 06:00:00+00:00","open_rate":0.1992,"close_rate":0.20135,"fee_open":0.001,"fee_close":0.001,"trade_duration":120,"profit_ratio":0.008773605912160129,"profit_abs":2.85335295,"exit_reason":"roi","initial_stop_loss_abs":0.18924,"initial_stop_loss_ratio":-0.05,"stop_loss_abs":0.18924,"stop_loss_ratio":-0.05,"min_rate":0.1992,"max_rate":0.20249,"is_open":false,"enter_tag":"","leverage":1.0,"is_short":false,"open_timestamp":1760932800000,"close_timestamp":1760940000000,"orders":[{"amount":1631.0,"safe_price":0.1992,"ft_order_side":"buy","order_filled_timestamp":1760932800000,"ft_is_entry":true,"ft_order_tag":"","cost":325.22009519999995},{"amount":1631.0,"safe_price":0.20135,"ft_order_side":"sell","order_filled_timestamp":1760940000000,"ft_is_entry":false,"ft_order_tag":"roi","cost":328.73025185}],"funding_fees":0.0,"weekday":0},{"pair":"DOGE/USDT","stake_amount":325.6922,"max_stake_amount":325.6922,"amount":1604.0,"open_date":"2025-10-21 15:00:00+00:00","close_date":"2025-10-22 00:00:00+00:00","open_rate":0.20305,"close_rate":0.1929,"fee_open":0.001,"fee_close":0.001,"trade_duration":540,"profit_ratio":-0.05188581425961381,"profit_abs":-16.9157038,"exit_reason":"stop_loss","initial_stop_loss_abs":0.1929,"initial_stop_loss_ratio":-0.05,"stop_loss_abs":0.1929,"stop_loss_ratio":-0.05,"min_rate":0.19251,"max_rate":0.20563,"is_open":false,"enter_tag":"","leverage":1.0,"is_short":false,"open_timestamp":1761058800000,"close_timestamp":1761091200000,"orders":[{"amount":1604.0,"safe_price":0.20305,"ft_order_side":"buy","order_filled_timestamp":1761058800000,"ft_is_entry":true,"ft_order_tag":"","cost":326.0178922},{"amount":1604.0,"safe_price":0.1929,"ft_order_side":"sell","order_filled_timestamp":1761091200000,"ft_is_entry":false,"ft_order_tag":"stop_loss","cost":309.72101159999994}],"funding_fees":0.0,"weekday":2},{"pair":"DOGE/USDT","stake_amount":320.1606,"max_stake_amount":320.1606,"amount":1620.0,"open_date":"2025-10-24 05:00:00+00:00","close_date":"2025-10-24 07:00:00+00:00","open_rate":0.19763,"close_rate":0.19837,"fee_open":0.001,"fee_close":0.001,"trade_duration":120,"profit_ratio":0.0017388875355783214,"profit_abs":0.55728,"exit_reason":"roi","initial_stop_loss_abs":0.18775,"initial_stop_loss_ratio":-0.05,"stop_loss_abs":0.18775,"stop_loss_ratio":-0.05,"min_rate":0.19608,"max_rate":0.19849,"is_open":false,"enter_tag":"","leverage":1.0,"is_short":false,"open_timestamp":1761282000000,"close_timestamp":1761289200000,"orders":[{"amount":1620.0,"safe_price":0.19763,"ft_order_side":"buy","order_filled_timestamp":1761282000000,"ft_is_entry":true,"ft_order_tag":"","cost":320.48076059999994},{"amount":1620.0,"safe_price":0.19837,"ft_order_side":"sell","order_filled_timestamp":1761289200000,"ft_is_entry":false,"ft_order_tag":"roi","cost":321.68075939999994}],"funding_fees":0.0,"weekday":4},{"pair":"DOGE/USDT","stake_amount":320.3388,"max_stake_amount":320.3388,"amount":1620.0,"open_date":"2025-10-25 00:00:00+00:00","close_date":"2025-10-25 02:00:00+00:00","open_rate":0.19774,"close_rate":0.19954,"fee_open":0.001,"fee_close":0.001,"trade_duration":120,"profit_ratio":0.007086672809338937,"profit_abs":2.2724064,"exit_reason":"roi","initial_stop_loss_abs":0.18786,"initial_stop_loss_ratio":-0.05,"stop_loss_abs":0.18786,"stop_loss_ratio":-0.05,"min_rate":0.19737,"max_rate":0.19985,"is_open":false,"enter_tag":"","leverage":1.0,"is_short":false,"open_timestamp":1761350400000,"close_timestamp":1761357600000,"orders":[{"amount":1620.0,"safe_price":0.19774,"ft_order_side":"buy","order_filled_timestamp":1761350400000,"ft_is_entry":true,"ft_order_tag":"","cost":320.65913879999994},{"amount":1620.0,"safe_price":0.19954,"ft_order_side":"sell","order_filled_timestamp":1761357600000,"ft_is_entry":false,"ft_order_tag":"roi","cost":323.57805479999996}],"funding_fees":0.0,"weekday":5},{"pair":"DOGE/USDT","stake_amount":321.12422,"max_stake_amount":321.12422,"amount":1609.0,"open_date":"2025-10-26 10:00:00+00:00","close_date":"2025-10-26 12:00:00+00:00","open_rate":0.19958,"close_rate":0.20183,"fee_open":0.001,"fee_close":0.001,"trade_duration":120,"profit_ratio":0.009253147894294303,"profit_abs":2.97438131,"exit_reason":"roi","initial_stop_loss_abs":0.18961,"initial_stop_loss_ratio":-0.05,"stop_loss_abs":0.18961,"stop_loss_ratio":-0.05,"min_rate":0.19833,"max_rate":0.20286,"is_open":false,"enter_tag":"","leverage":1.0,"is_short":false,"open_timestamp":1761472800000,"close_timestamp":1761480000000,"orders":[{"amount":1609.0,"safe_price":0.19958,"ft_order_side":"buy","order_filled_timestamp":1761472800000,"ft_is_entry":true,"ft_order_tag":"","cost":321.44534422},{"amount":1609.0,"safe_price":0.20183,"ft_order_side":"sell","order_filled_timestamp":1761480000000,"ft_is_entry":false,"ft_order_tag":"roi","cost":325.06921447}],"funding_fees":0.0,"weekday":6},{"pair":"DOGE/USDT","stake_amount":322.05887,"max_stake_amount":322.05887,"amount":1607.0,"open_date":"2025-10-28 10:00:00+00:00","close_date":"2025-10-28 12:00:00+00:00","open_rate":0.20041,"close_rate":0.20081122122122122,"fee_open":0.001,"fee_close":0.001,"trade_duration":120,"profit_ratio":0.0,"profit_abs":0.0,"exit_reason":"roi","initial_stop_loss_abs":0.19039,"initial_stop_loss_ratio":-0.05,"stop_loss_abs":0.19039,"stop_loss_ratio":-0.05,"min_rate":0.19932,"max_rate":0.20127,"is_open":false,"enter_tag":"","leverage":1.0,"is_short":false,"open_timestamp":1761645600000,"close_timestamp":1761652800000,"orders":[{"amount":1607.0,"safe_price":0.20041,"ft_order_side":"buy","order_filled_timestamp":1761645600000,"ft_is_entry":true,"ft_order_tag":"","cost":322.38092887},{"amount":1607.0,"safe_price":0.20081122122122122,"ft_order_side":"sell","order_filled_timestamp":1761652800000,"ft_is_entry":false,"ft_order_tag":"roi","cost":323.02633613500495}],"funding_fees":0.0,"weekday":1},{"pair":"DOGE/USDT","stake_amount":322.0234,"max_stake_amount":322.0234,"amount":1660.0,"open_date":"2025-10-29 11:00:00+00:00","close_date":"2025-10-29 13:00:00+00:00","open_rate":0.19399,"close_rate":0.19611,"fee_open":0.001,"fee_close":0.001,"trade_duration":120,"profit_ratio":0.008908561411267736,"profit_abs":2.871634,"exit_reason":"roi","initial_stop_loss_abs":0.1843,"initial_stop_loss_ratio":-0.05,"stop_loss_abs":0.1843,"stop_loss_ratio":-0.05,"min_rate":0.19301,"max_rate":0.19728,"is_open":false,"enter_tag":"","leverage":1.0,"is_short":false,"open_timestamp":1761735600000,"close_timestamp":1761742800000,"orders":[{"amount":1660.0,"safe_price":0.19399,"ft_order_side":"buy","order_filled_timestamp":1761735600000,"ft_is_entry":true,"ft_order_tag":"","cost":322.34542339999996},{"amount":1660.0,"safe_price":0.19611,"ft_order_side":"sell","order_filled_timestamp":1761742800000,"ft_is_entry":false,"ft_order_tag":"roi","cost":325.86814259999994}],"funding_fees":0.0,"weekday":2},{"pair":"DOGE/USDT","stake_amount":323.02804,"max_stake_amount":323.02804,"amount":1723.0,"open_date":"2025-10-31 20:00:00+00:00","close_date":"2025-11-01 09:00:00+00:00","open_rate":0.18748,"close_rate":0.18785533533533533,"fee_open":0.001,"fee_close":0.001,"trade_duration":780,"profit_ratio":0.0,"profit_abs":0.0,"exit_reason":"roi","initial_stop_loss_abs":0.17811,"initial_stop_loss_ratio":-0.05,"stop_loss_abs":0.17811,"stop_loss_ratio":-0.05,"min_rate":0.18512,"max_rate":0.188,"is_open":false,"enter_tag":"","leverage":1.0,"is_short":false,"open_timestamp":1761940800000,"close_timestamp":1761987600000,"orders":[{"amount":1723.0,"safe_price":0.18748,"ft_order_side":"buy","order_filled_timestamp":1761940800000,"ft_is_entry":true,"ft_order_tag":"","cost":323.35106804},{"amount":1723.0,"safe_price":0.18785533533533533,"ft_order_side":"sell","order_filled_timestamp":1761987600000,"ft_is_entry":false,"ft_order_tag":"roi","cost":323.9984175255655}],"funding_fees":0.0,"weekday":5},{"pair":"DOGE/USDT","stake_amount":323.01387,"max_stake_amount":323.01387,"amount":1733.0,"open_date":"2025-11-03 00:00:00+00:00","close_date":"2025-11-03 01:00:00+00:00","open_rate":0.18639,"close_rate":0.18372,"fee_open":0.001,"fee_close":0.001,"trade_duration":60,"profit_ratio":-0.016294183846091135,"profit_abs":-5.26851063,"exit_reason":"exit_signal","initial_stop_loss_abs":0.17708,"initial_stop_loss_ratio":-0.05,"stop_loss_abs":0.17708,"stop_loss_ratio":-0.05,"min_rate":0.18248,"max_rate":0.18666,"is_open":false,"enter_tag":"","leverage":1.0,"is_short":false,"open_timestamp":1762128000000,"close_timestamp":1762131600000,"orders":[{"amount":1733.0,"safe_price":0.18639,"ft_order_side":"buy","order_filled_timestamp":1762128000000,"ft_is_entry":true,"ft_order_tag":"","cost":323.33688386999995},{"amount":1733.0,"safe_price":0.18372,"ft_order_side":"sell","order_filled_timestamp":1762131600000,"ft_is_entry":false,"ft_order_tag":"exit_signal","cost":318.70514675999993}],"funding_fees":0.0,"weekday":0},{"pair":"DOGE/USDT","stake_amount":321.26726,"max_stake_amount":321.26726,"amount":1831.0,"open_date":"2025-11-09 13:00:00+00:00","close_date":"2025-11-09 15:00:00+00:00","open_rate":0.17546,"close_rate":0.17693,"fee_open":0.001,"fee_close":0.001,"trade_duration":120,"profit_ratio":0.006363236672138986,"profit_abs":2.04634391,"exit_reason":"roi","initial_stop_loss_abs":0.16669,"initial_stop_loss_ratio":-0.05,"stop_loss_abs":0.16669,"stop_loss_ratio":-0.05,"min_rate":0.17501,"max_rate":0.17961,"is_open":false,"enter_tag":"","leverage":1.0,"is_short":false,"open_timestamp":1762693200000,"close_timestamp":1762700400000,"orders":[{"amount":1831.0,"safe_price":0.17546,"ft_order_side":"buy","order_filled_timestamp":1762693200000,"ft_is_entry":true,"ft_order_tag":"","cost":321.58852726},{"amount":1831.0,"safe_price":0.17693,"ft_order_side":"sell","order_filled_timestamp":1762700400000,"ft_is_entry":false,"ft_order_tag":"roi","cost":324.28278883}],"funding_fees":0.0,"weekday":6},{"pair":"DOGE/USDT","stake_amount":321.90992,"max_stake_amount":321.90992,"amount":1756.0,"open_date":"2025-11-10 23:00:00+00:00","close_date":"2025-11-11 01:00:00+00:00","open_rate":0.18332,"close_rate":0.183687007007007,"fee_open":0.001,"fee_close":0.001,"trade_duration":120,"profit_ratio":0.0,"profit_abs":0.0,"exit_reason":"roi","initial_stop_loss_abs":0.17416,"initial_stop_loss_ratio":-0.05,"stop_loss_abs":0.17416,"stop_loss_ratio":-0.05,"min_rate":0.17933,"max_rate":0.1864,"is_open":false,"enter_tag":"","leverage":1.0,"is_short":false,"open_timestamp":1762815600000,"close_timestamp":1762822800000,"orders":[{"amount":1756.0,"safe_price":0.18332,"ft_order_side":"buy","order_filled_timestamp":1762815600000,"ft_is_entry":true,"ft_order_tag":"","cost":322.23182991999994},{"amount":1756.0,"safe_price":0.183687007007007,"ft_order_side":"sell","order_filled_timestamp":1762822800000,"ft_is_entry":false,"ft_order_tag":"roi","cost":322.87693868860856}],"funding_fees":0.0,"weekday":1},{"pair":"DOGE/USDT","stake_amount":321.9109,"max_stake_amount":321.9109,"amount":1849.0,"open_date":"2025-11-12 09:00:00+00:00","close_date":"2025-11-12 11:00:00+00:00","open_rate":0.1741,"close_rate":0.1764,"fee_open":0.001,"fee_close":0.001,"trade_duration":120,"profit_ratio":0.011186401192145017,"profit_abs":3.6046255,"exit_reason":"roi","initial_stop_loss_abs":0.1654,"initial_stop_loss_ratio":-0.05,"stop_loss_abs":0.1654,"stop_loss_ratio":-0.05,"min_rate":0.17404,"max_rate":0.17713,"is_open":false,"enter_tag":"","leverage":1.0,"is_short":false,"open_timestamp":1762938000000,"close_timestamp":1762945200000,"orders":[{"amount":1849.0,"safe_price":0.1741,"ft_order_side":"buy","order_filled_timestamp":1762938000000,"ft_is_entry":true,"ft_order_tag":"","cost":322.2328109},{"amount":1849.0,"safe_price":0.1764,"ft_order_side":"sell","order_filled_timestamp":1762945200000,"ft_is_entry":false,"ft_order_tag":"roi","cost":326.48976359999995}],"funding_fees":0.0,"weekday":2},{"pair":"DOGE/USDT","stake_amount":323.14875,"max_stake_amount":323.14875,"amount":1887.0,"open_date":"2025-11-13 03:00:00+00:00","close_date":"2025-11-13 05:00:00+00:00","open_rate":0.17125,"close_rate":0.17473,"fee_open":0.001,"fee_close":0.001,"trade_duration":120,"profit_ratio":0.01828256415117729,"profit_abs":5.91389574,"exit_reason":"roi","initial_stop_loss_abs":0.16269,"initial_stop_loss_ratio":-0.05,"stop_loss_abs":0.16269,"stop_loss_ratio":-0.05,"min_rate":0.16922,"max_rate":0.17659,"is_open":false,"enter_tag":"","leverage":1.0,"is_short":false,"open_timestamp":1763002800000,"close_timestamp":1763010000000,"orders":[{"amount":1887.0,"safe_price":0.17125,"ft_order_side":"buy","order_filled_timestamp":1763002800000,"ft_is_entry":true,"ft_order_tag":"","cost":323.47189875},{"amount":1887.0,"safe_price":0.17473,"ft_order_side":"sell","order_filled_timestamp":1763010000000,"ft_is_entry":false,"ft_order_tag":"roi","cost":330.04522550999997}],"funding_fees":0.0,"weekday":3},{"pair":"DOGE/USDT","stake_amount":325.15021,"max_stake_amount":325.15021,"amount":1991.0,"open_date":"2025-11-14 20:00:00+00:00","close_date":"2025-11-14 23:00:00+00:00","open_rate":0.16331,"close_rate":0.15515,"fee_open":0.001,"fee_close":0.001,"trade_duration":180,"profit_ratio":-0.05186449090680307,"profit_abs":-16.88061386,"exit_reason":"stop_loss","initial_stop_loss_abs":0.15515,"initial_stop_loss_ratio":-0.05,"stop_loss_abs":0.15515,"stop_loss_ratio":-0.05,"min_rate":0.15472,"max_rate":0.1634,"is_open":false,"enter_tag":"","leverage":1.0,"is_short":false,"open_timestamp":1763150400000,"close_timestamp":1763161200000,"orders":[{"amount":1991.0,"safe_price":0.16331,"ft_order_side":"buy","order_filled_timestamp":1763150400000,"ft_is_entry":true,"ft_order_tag":"","cost":325.47536020999996},{"amount":1991.0,"safe_price":0.15515,"ft_order_side":"sell","order_filled_timestamp":1763161200000,"ft_is_entry":false,"ft_order_tag":"stop_loss","cost":309.21255365}],"funding_fees":0.0,"weekday":4},{"pair":"DOGE/USDT","stake_amount":319.55853,"max_stake_amount":319.55853,"amount":1957.0,"open_date":"2025-11-15 07:00:00+00:00","close_date":"2025-11-15 13:00:00+00:00","open_rate":0.16329,"close_rate":0.1636169069069069,"fee_open":0.001,"fee_close":0.001,"trade_duration":360,"profit_ratio":0.0,"profit_abs":0.0,"exit_reason":"roi","initial_stop_loss_abs":0.15513,"initial_stop_loss_ratio":-0.05,"stop_loss_abs":0.15513,"stop_loss_ratio":-0.05,"min_rate":0.16077,"max_rate":0.16385,"is_open":false,"enter_tag":"","leverage":1.0,"is_short":false,"open_timestamp":1763190000000,"close_timestamp":1763211600000,"orders":[{"amount":1957.0,"safe_price":0.16329,"ft_order_side":"buy","order_filled_timestamp":1763190000000,"ft_is_entry":true,"ft_order_tag":"","cost":319.8780885299999},{"amount":1957.0,"safe_price":0.1636169069069069,"ft_order_side":"sell","order_filled_timestamp":1763211600000,"ft_is_entry":false,"ft_order_tag":"roi","cost":320.51848510363357}],"funding_fees":0.0,"weekday":5},{"pair":"DOGE/USDT","stake_amount":319.50692,"max_stake_amount":319.50692,"amount":1943.0,"open_date":"2025-11-15 18:00:00+00:00","close_date":"2025-11-16 09:00:00+00:00","open_rate":0.16444,"close_rate":0.1647692092092092,"fee_open":0.001,"fee_close":0.001,"trade_duration":900,"profit_ratio":0.0,"profit_abs":0.0,"exit_reason":"roi","initial_stop_loss_abs":0.15622,"initial_stop_loss_ratio":-0.05,"stop_loss_abs":0.15622,"stop_loss_ratio":-0.05,"min_rate":0.15998,"max_rate":0.16563,"is_open":false,"enter_tag":"","leverage":1.0,"is_short":false,"open_timestamp":1763229600000,"close_timestamp":1763283600000,"orders":[{"amount":1943.0,"safe_price":0.16444,"ft_order_side":"buy","order_filled_timestamp":1763229600000,"ft_is_entry":true,"ft_order_tag":"","cost":319.82642691999996},{"amount":1943.0,"safe_price":0.1647692092092092,"ft_order_side":"sell","order_filled_timestamp":1763283600000,"ft_is_entry":false,"ft_order_tag":"roi","cost":320.4667200669869}],"funding_fees":0.0,"weekday":6},{"pair":"DOGE/USDT","stake_amount":319.58839,"max_stake_amount":319.58839,"amount":1969.0,"open_date":"2025-11-17 15:00:00+00:00","close_date":"2025-11-17 18:00:00+00:00","open_rate":0.16231,"close_rate":0.1542,"fee_open":0.001,"fee_close":0.001,"trade_duration":180,"profit_ratio":-0.051864283827810415,"profit_abs":-16.59179819,"exit_reason":"stop_loss","initial_stop_loss_abs":0.1542,"initial_stop_loss_ratio":-0.05,"stop_loss_abs":0.1542,"stop_loss_ratio":-0.05,"min_rate":0.15372,"max_rate":0.16367,"is_open":false,"enter_tag":"","leverage":1.0,"is_short":false,"open_timestamp":1763391600000,"close_timestamp":1763402400000,"orders":[{"amount":1969.0,"safe_price":0.16231,"ft_order_side":"buy","order_filled_timestamp":1763391600000,"ft_is_entry":true,"ft_order_tag":"","cost":319.90797839},{"amount":1969.0,"safe_price":0.1542,"ft_order_side":"sell","order_filled_timestamp":1763402400000,"ft_is_entry":false,"ft_order_tag":"stop_loss","cost":303.9234198}],"funding_fees":0.0,"weekday":0},{"pair":"DOGE/USDT","stake_amount":314.11783,"max_stake_amount":314.11783,"amount":2249.0,"open_date":"2025-11-22 19:00:00+00:00","close_date":"2025-11-22 21:00:00+00:00","open_rate":0.13967,"close_rate":0.13994961961961958,"fee_open":0.001,"fee_close":0.001,"trade_duration":120,"profit_ratio":0.0,"profit_abs":0.0,"exit_reason":"roi","initial_stop_loss_abs":0.13269,"initial_stop_loss_ratio":-0.05,"stop_loss_abs":0.13269,"stop_loss_ratio":-0.05,"min_rate":0.13874,"max_rate":0.14018,"is_open":false,"enter_tag":"","leverage":1.0,"is_short":false,"open_timestamp":1763838000000,"close_timestamp":1763845200000,"orders":[{"amount":2249.0,"safe_price":0.13967,"ft_order_side":"buy","order_filled_timestamp":1763838000000,"ft_is_entry":true,"ft_order_tag":"","cost":314.43194782999996},{"amount":2249.0,"safe_price":0.13994961961961958,"ft_order_side":"sell","order_filled_timestamp":1763845200000,"ft_is_entry":false,"ft_order_tag":"roi","cost":315.0614412190489}],"funding_fees":0.0,"weekday":5},{"pair":"DOGE/USDT","stake_amount":314.08212,"max_stake_amount":314.08212,"amount":2134.0,"open_date":"2025-11-24 03:00:00+00:00","close_date":"2025-11-24 05:00:00+00:00","open_rate":0.14718,"close_rate":0.14747465465465465,"fee_open":0.001,"fee_close":0.001,"trade_duration":120,"profit_ratio":0.0,"profit_abs":0.0,"exit_reason":"roi","initial_stop_loss_abs":0.13983,"initial_stop_loss_ratio":-0.05,"stop_loss_abs":0.13983,"stop_loss_ratio":-0.05,"min_rate":0.14453,"max_rate":0.1489,"is_open":false,"enter_tag":"","leverage":1.0,"is_short":false,"open_timestamp":1763953200000,"close_timestamp":1763960400000,"orders":[{"amount":2134.0,"safe_price":0.14718,"ft_order_side":"buy","order_filled_timestamp":1763953200000,"ft_is_entry":true,"ft_order_tag":"","cost":314.39620212},{"amount":2134.0,"safe_price":0.14747465465465465,"ft_order_side":"sell","order_filled_timestamp":1763960400000,"ft_is_entry":false,"ft_order_tag":"roi","cost":315.02562394606605}],"funding_fees":0.0,"weekday":0},{"pair":"DOGE/USDT","stake_amount":314.15524,"max_stake_amount":314.15524,"amount":2129.0,"open_date":"2025-11-24 17:00:00+00:00","close_date":"2025-11-24 19:00:00+00:00","open_rate":0.14756,"close_rate":0.15254,"fee_open":0.001,"fee_close":0.001,"trade_duration":120,"profit_ratio":0.03168355092995917,"profit_abs":9.9635071,"exit_reason":"roi","initial_stop_loss_abs":0.14019,"initial_stop_loss_ratio":-0.05,"stop_loss_abs":0.14019,"stop_loss_ratio":-0.05,"min_rate":0.14755,"max_rate":0.15331,"is_open":false,"enter_tag":"","leverage":1.0,"is_short":false,"open_timestamp":1764003600000,"close_timestamp":1764010800000,"orders":[{"amount":2129.0,"safe_price":0.14756,"ft_order_side":"buy","order_filled_timestamp":1764003600000,"ft_is_entry":true,"ft_order_tag":"","cost":314.46939524},{"amount":2129.0,"safe_price":0.15254,"ft_order_side":"sell","order_filled_timestamp":1764010800000,"ft_is_entry":false,"ft_order_tag":"roi","cost":325.08241766000003}],"funding_fees":0.0,"weekday":0},{"pair":"DOGE/USDT","stake_amount":317.37706,"max_stake_amount":317.37706,"amount":2101.0,"open_date":"2025-11-25 18:00:00+00:00","close_date":"2025-11-25 20:00:00+00:00","open_rate":0.15106,"close_rate":0.1513624224224224,"fee_open":0.001,"fee_close":0.001,"trade_duration":120,"profit_ratio":0.0,"profit_abs":0.0,"exit_reason":"roi","initial_stop_loss_abs":0.14351,"initial_stop_loss_ratio":-0.05,"stop_loss_abs":0.14351,"stop_loss_ratio":-0.05,"min_rate":0.14842,"max_rate":0.15362,"is_open":false,"enter_tag":"","leverage":1.0,"is_short":false,"open_timestamp":1764093600000,"close_timestamp":1764100800000,"orders":[{"amount":2101.0,"safe_price":0.15106,"ft_order_side":"buy","order_filled_timestamp":1764093600000,"ft_is_entry":true,"ft_order_tag":"","cost":317.6944370599999},{"amount":2101.0,"safe_price":0.1513624224224224,"ft_order_side":"sell","order_filled_timestamp":1764100800000,"ft_is_entry":false,"ft_order_tag":"roi","cost":318.3304619590189}],"funding_fees":0.0,"weekday":1},{"pair":"DOGE/USDT","stake_amount":317.31713,"max_stake_amount":317.31713,"amount":2117.0,"open_date":"2025-11-29 04:00:00+00:00","close_date":"2025-11-30 13:00:00+00:00","open_rate":0.14989,"close_rate":0.15019008008008006,"fee_open":0.001,"fee_close":0.001,"trade_duration":1980,"profit_ratio":0.0,"profit_abs":0.0,"exit_reason":"roi","initial_stop_loss_abs":0.1424,"initial_stop_loss_ratio":-0.05,"stop_loss_abs":0.1424,"stop_loss_ratio":-0.05,"min_rate":0.14725,"max_rate":0.15072,"is_open":false,"enter_tag":"","leverage":1.0,"is_short":false,"open_timestamp":1764388800000,"close_timestamp":1764507600000,"orders":[{"amount":2117.0,"safe_price":0.14989,"ft_order_side":"buy","order_filled_timestamp":1764388800000,"ft_is_entry":true,"ft_order_tag":"","cost":317.63444712999996},{"amount":2117.0,"safe_price":0.15019008008008006,"ft_order_side":"sell","order_filled_timestamp":1764507600000,"ft_is_entry":false,"ft_order_tag":"roi","cost":318.27035192905896}],"funding_fees":0.0,"weekday":6},{"pair":"DOGE/USDT","stake_amount":317.3884,"max_stake_amount":317.3884,"amount":2155.0,"open_date":"2025-12-03 03:00:00+00:00","close_date":"2025-12-03 05:00:00+00:00","open_rate":0.14728,"close_rate":0.1493,"fee_open":0.001,"fee_close":0.001,"trade_duration":120,"profit_ratio":0.01168996674156913,"profit_abs":3.7139701,"exit_reason":"roi","initial_stop_loss_abs":0.13992,"initial_stop_loss_ratio":-0.05,"stop_loss_abs":0.13992,"stop_loss_ratio":-0.05,"min_rate":0.14705,"max_rate":0.1509,"is_open":false,"enter_tag":"","leverage":1.0,"is_short":false,"open_timestamp":1764730800000,"close_timestamp":1764738000000,"orders":[{"amount":2155.0,"safe_price":0.14728,"ft_order_side":"buy","order_filled_timestamp":1764730800000,"ft_is_entry":true,"ft_order_tag":"","cost":317.70578839999996},{"amount":2155.0,"safe_price":0.1493,"ft_order_side":"sell","order_filled_timestamp":1764738000000,"ft_is_entry":false,"ft_order_tag":"roi","cost":322.06324149999995}],"funding_fees":0.0,"weekday":2},{"pair":"DOGE/USDT","stake_amount":318.6128,"max_stake_amount":318.6128,"amount":2105.0,"open_date":"2025-12-03 18:00:00+00:00","close_date":"2025-12-03 21:00:00+00:00","open_rate":0.15136,"close_rate":0.151663023023023,"fee_open":0.001,"fee_close":0.001,"trade_duration":180,"profit_ratio":0.0,"profit_abs":0.0,"exit_reason":"roi","initial_stop_loss_abs":0.1438,"initial_stop_loss_ratio":-0.05,"stop_loss_abs":0.1438,"stop_loss_ratio":-0.05,"min_rate":0.15014,"max_rate":0.15242,"is_open":false,"enter_tag":"","leverage":1.0,"is_short":false,"open_timestamp":1764784800000,"close_timestamp":1764795600000,"orders":[{"amount":2105.0,"safe_price":0.15136,"ft_order_side":"buy","order_filled_timestamp":1764784800000,"ft_is_entry":true,"ft_order_tag":"","cost":318.9314128},{"amount":2105.0,"safe_price":0.151663023023023,"ft_order_side":"sell","order_filled_timestamp":1764795600000,"ft_is_entry":false,"ft_order_tag":"roi","cost":319.56991412692685}],"funding_fees":0.0,"weekday":2},{"pair":"DOGE/USDT","stake_amount":318.591,"max_stake_amount":318.591,"amount":2275.0,"open_date":"2025-12-06 15:00:00+00:00","close_date":"2025-12-06 18:00:00+00:00","open_rate":0.14004,"close_rate":0.14032036036036033,"fee_open":0.001,"fee_close":0.001,"trade_duration":180,"profit_ratio":0.0,"profit_abs":0.0,"exit_reason":"roi","initial_stop_loss_abs":0.13304,"initial_stop_loss_ratio":-0.05,"stop_loss_abs":0.13304,"stop_loss_ratio":-0.05,"min_rate":0.13902,"max_rate":0.14058,"is_open":false,"enter_tag":"","leverage":1.0,"is_short":false,"open_timestamp":1765033200000,"close_timestamp":1765044000000,"orders":[{"amount":2275.0,"safe_price":0.14004,"ft_order_side":"buy","order_filled_timestamp":1765033200000,"ft_is_entry":true,"ft_order_tag":"","cost":318.909591},{"amount":2275.0,"safe_price":0.14032036036036033,"ft_order_side":"sell","order_filled_timestamp":1765044000000,"ft_is_entry":false,"ft_order_tag":"roi","cost":319.54804863963955}],"funding_fees":0.0,"weekday":5},{"pair":"DOGE/USDT","stake_amount":318.68685,"max_stake_amount":318.68685,"amount":2253.0,"open_date":"2025-12-07 18:00:00+00:00","close_date":"2025-12-07 20:00:00+00:00","open_rate":0.14145,"close_rate":0.1421,"fee_open":0.001,"fee_close":0.001,"trade_duration":120,"profit_ratio":0.0025880800005932563,"profit_abs":0.82561185,"exit_reason":"roi","initial_stop_loss_abs":0.13438,"initial_stop_loss_ratio":-0.05,"stop_loss_abs":0.13438,"stop_loss_ratio":-0.05,"min_rate":0.14126,"max_rate":0.14291,"is_open":false,"enter_tag":"","leverage":1.0,"is_short":false,"open_timestamp":1765130400000,"close_timestamp":1765137600000,"orders":[{"amount":2253.0,"safe_price":0.14145,"ft_order_side":"buy","order_filled_timestamp":1765130400000,"ft_is_entry":true,"ft_order_tag":"","cost":319.00553684999994},{"amount":2253.0,"safe_price":0.1421,"ft_order_side":"sell","order_filled_timestamp":1765137600000,"ft_is_entry":false,"ft_order_tag":"roi","cost":320.47145129999996}],"funding_fees":0.0,"weekday":6},{"pair":"DOGE/USDT","stake_amount":318.83482,"max_stake_amount":318.83482,"amount":2242.0,"open_date":"2025-12-08 08:00:00+00:00","close_date":"2025-12-08 10:00:00+00:00","open_rate":0.14221,"close_rate":0.14387,"fee_open":0.001,"fee_close":0.001,"trade_duration":120,"profit_ratio":0.009651553706120895,"profit_abs":3.08032864,"exit_reason":"roi","initial_stop_loss_abs":0.1351,"initial_stop_loss_ratio":-0.05,"stop_loss_abs":0.1351,"stop_loss_ratio":-0.05,"min_rate":0.14195,"max_rate":0.14483,"is_open":false,"enter_tag":"","leverage":1.0,"is_short":false,"open_timestamp":1765180800000,"close_timestamp":1765188000000,"orders":[{"amount":2242.0,"safe_price":0.14221,"ft_order_side":"buy","order_filled_timestamp":1765180800000,"ft_is_entry":true,"ft_order_tag":"","cost":319.15365481999993},{"amount":2242.0,"safe_price":0.14387,"ft_order_side":"sell","order_filled_timestamp":1765188000000,"ft_is_entry":false,"ft_order_tag":"roi","cost":322.8790965399999}],"funding_fees":0.0,"weekday":0},{"pair":"DOGE/USDT","stake_amount":319.88838,"max_stake_amount":319.88838,"amount":2177.0,"open_date":"2025-12-10 19:00:00+00:00","close_date":"2025-12-11 01:00:00+00:00","open_rate":0.14694,"close_rate":0.1396,"fee_open":0.001,"fee_close":0.001,"trade_duration":360,"profit_ratio":-0.05185055858800245,"profit_abs":-16.60297758,"exit_reason":"stop_loss","initial_stop_loss_abs":0.1396,"initial_stop_loss_ratio":-0.05,"stop_loss_abs":0.1396,"stop_loss_ratio":-0.05,"min_rate":0.13944,"max_rate":0.15031,"is_open":false,"enter_tag":"","leverage":1.0,"is_short":false,"open_timestamp":1765393200000,"close_timestamp":1765414800000,"orders":[{"amount":2177.0,"safe_price":0.14694,"ft_order_side":"buy","order_filled_timestamp":1765393200000,"ft_is_entry":true,"ft_order_tag":"","cost":320.20826837999994},{"amount":2177.0,"safe_price":0.1396,"ft_order_side":"sell","order_filled_timestamp":1765414800000,"ft_is_entry":false,"ft_order_tag":"stop_loss","cost":304.21310919999996}],"funding_fees":0.0,"weekday":3},{"pair":"DOGE/USDT","stake_amount":314.36262,"max_stake_amount":314.36262,"amount":2277.0,"open_date":"2025-12-11 19:00:00+00:00","close_date":"2025-12-11 21:00:00+00:00","open_rate":0.13806,"close_rate":0.14006,"fee_open":0.001,"fee_close":0.001,"trade_duration":120,"profit_ratio":0.01245950920005679,"profit_abs":3.92072076,"exit_reason":"roi","initial_stop_loss_abs":0.13116,"initial_stop_loss_ratio":-0.05,"stop_loss_abs":0.13116,"stop_loss_ratio":-0.05,"min_rate":0.13787,"max_rate":0.14281,"is_open":false,"enter_tag":"","leverage":1.0,"is_short":false,"open_timestamp":1765479600000,"close_timestamp":1765486800000,"orders":[{"amount":2277.0,"safe_price":0.13806,"ft_order_side":"buy","order_filled_timestamp":1765479600000,"ft_is_entry":true,"ft_order_tag":"","cost":314.67698261999993},{"amount":2277.0,"safe_price":0.14006,"ft_order_side":"sell","order_filled_timestamp":1765486800000,"ft_is_entry":false,"ft_order_tag":"roi","cost":319.23553661999995}],"funding_fees":0.0,"weekday":3},{"pair":"DOGE/USDT","stake_amount":315.6832,"max_stake_amount":315.6832,"amount":2240.0,"open_date":"2025-12-12 10:00:00+00:00","close_date":"2025-12-12 12:00:00+00:00","open_rate":0.14093,"close_rate":0.14121214214214212,"fee_open":0.001,"fee_close":0.001,"trade_duration":120,"profit_ratio":0.0,"profit_abs":0.0,"exit_reason":"roi","initial_stop_loss_abs":0.13389,"initial_stop_loss_ratio":-0.05,"stop_loss_abs":0.13389,"stop_loss_ratio":-0.05,"min_rate":0.14068,"max_rate":0.1414,"is_open":false,"enter_tag":"","leverage":1.0,"is_short":false,"open_timestamp":1765533600000,"close_timestamp":1765540800000,"orders":[{"amount":2240.0,"safe_price":0.14093,"ft_order_side":"buy","order_filled_timestamp":1765533600000,"ft_is_entry":true,"ft_order_tag":"","cost":315.99888319999997},{"amount":2240.0,"safe_price":0.14121214214214212,"ft_order_side":"sell","order_filled_timestamp":1765540800000,"ft_is_entry":false,"ft_order_tag":"roi","cost":316.6315135967967}],"funding_fees":0.0,"weekday":4},{"pair":"DOGE/USDT","stake_amount":315.766,"max_stake_amount":315.766,"amount":2315.0,"open_date":"2025-12-15 02:00:00+00:00","close_date":"2025-12-15 04:00:00+00:00","open_rate":0.1364,"close_rate":0.13667307307307305,"fee_open":0.001,"fee_close":0.001,"trade_duration":120,"profit_ratio":0.0,"profit_abs":0.0,"exit_reason":"roi","initial_stop_loss_abs":0.12958,"initial_stop_loss_ratio":-0.05,"stop_loss_abs":0.12958,"stop_loss_ratio":-0.05,"min_rate":0.13601,"max_rate":0.13845,"is_open":false,"enter_tag":"","leverage":1.0,"is_short":false,"open_timestamp":1765764000000,"close_timestamp":1765771200000,"orders":[{"amount":2315.0,"safe_price":0.1364,"ft_order_side":"buy","order_filled_timestamp":1765764000000,"ft_is_entry":true,"ft_order_tag":"","cost":316.0817659999999},{"amount":2315.0,"safe_price":0.13667307307307305,"ft_order_side":"sell","order_filled_timestamp":1765771200000,"ft_is_entry":false,"ft_order_tag":"roi","cost":316.71456232832827}],"funding_fees":0.0,"weekday":0},{"pair":"DOGE/USDT","stake_amount":315.75775,"max_stake_amount":315.75775,"amount":2443.0,"open_date":"2025-12-16 04:00:00+00:00","close_date":"2025-12-16 06:00:00+00:00","open_rate":0.12925,"close_rate":0.12950875875875875,"fee_open":0.001,"fee_close":0.001,"trade_duration":120,"profit_ratio":0.0,"profit_abs":0.0,"exit_reason":"roi","initial_stop_loss_abs":0.12279,"initial_stop_loss_ratio":-0.05,"stop_loss_abs":0.12279,"stop_loss_ratio":-0.05,"min_rate":0.12716,"max_rate":0.1302,"is_open":false,"enter_tag":"","leverage":1.0,"is_short":false,"open_timestamp":1765857600000,"close_timestamp":1765864800000,"orders":[{"amount":2443.0,"safe_price":0.12925,"ft_order_side":"buy","order_filled_timestamp":1765857600000,"ft_is_entry":true,"ft_order_tag":"","cost":316.07350775},{"amount":2443.0,"safe_price":0.12950875875875875,"ft_order_side":"sell","order_filled_timestamp":1765864800000,"ft_is_entry":false,"ft_order_tag":"roi","cost":316.70628754529525}],"funding_fees":0.0,"weekday":1},{"pair":"DOGE/USDT","stake_amount":315.75904,"max_stake_amount":315.75904,"amount":2348.0,"open_date":"2025-12-17 15:00:00+00:00","close_date":"2025-12-17 16:00:00+00:00","open_rate":0.13448,"close_rate":0.12776,"fee_open":0.001,"fee_close":0.001,"trade_duration":60,"profit_ratio":-0.05186841712719167,"profit_abs":-16.39429952,"exit_reason":"stop_loss","initial_stop_loss_abs":0.12776,"initial_stop_loss_ratio":-0.05,"stop_loss_abs":0.12776,"stop_loss_ratio":-0.05,"min_rate":0.12583,"max_rate":0.13631,"is_open":false,"enter_tag":"","leverage":1.0,"is_short":false,"open_timestamp":1765983600000,"close_timestamp":1765987200000,"orders":[{"amount":2348.0,"safe_price":0.13448,"ft_order_side":"buy","order_filled_timestamp":1765983600000,"ft_is_entry":true,"ft_order_tag":"","cost":316.07479903999996},{"amount":2348.0,"safe_price":0.12776,"ft_order_side":"sell","order_filled_timestamp":1765987200000,"ft_is_entry":false,"ft_order_tag":"stop_loss","cost":300.28046048000004}],"funding_fees":0.0,"weekday":2},{"pair":"DOGE/USDT","stake_amount":310.28196,"max_stake_amount":310.28196,"amount":2346.0,"open_date":"2025-12-20 10:00:00+00:00","close_date":"2025-12-21 08:00:00+00:00","open_rate":0.13226,"close_rate":0.13252478478478477,"fee_open":0.001,"fee_close":0.001,"trade_duration":1320,"profit_ratio":0.0,"profit_abs":0.0,"exit_reason":"roi","initial_stop_loss_abs":0.12565,"initial_stop_loss_ratio":-0.05,"stop_loss_abs":0.12565,"stop_loss_ratio":-0.05,"min_rate":0.13049,"max_rate":0.13307,"is_open":false,"enter_tag":"","leverage":1.0,"is_short":false,"open_timestamp":1766224800000,"close_timestamp":1766304000000,"orders":[{"amount":2346.0,"safe_price":0.13226,"ft_order_side":"buy","order_filled_timestamp":1766224800000,"ft_is_entry":true,"ft_order_tag":"","cost":310.5922419599999},{"amount":2346.0,"safe_price":0.13252478478478477,"ft_order_side":"sell","order_filled_timestamp":1766304000000,"ft_is_entry":false,"ft_order_tag":"roi","cost":311.2140482502101}],"funding_fees":0.0,"weekday":6},{"pair":"DOGE/USDT","stake_amount":310.37697,"max_stake_amount":310.37697,"amount":2337.0,"open_date":"2025-12-21 09:00:00+00:00","close_date":"2025-12-21 14:00:00+00:00","open_rate":0.13281,"close_rate":0.12896,"fee_open":0.001,"fee_close":0.001,"trade_duration":300,"profit_ratio":-0.030928863321002465,"profit_abs":-9.60920649,"exit_reason":"exit_signal","initial_stop_loss_abs":0.12617,"initial_stop_loss_ratio":-0.05,"stop_loss_abs":0.12617,"stop_loss_ratio":-0.05,"min_rate":0.12871,"max_rate":0.13342,"is_open":false,"enter_tag":"","leverage":1.0,"is_short":false,"open_timestamp":1766307600000,"close_timestamp":1766325600000,"orders":[{"amount":2337.0,"safe_price":0.13281,"ft_order_side":"buy","order_filled_timestamp":1766307600000,"ft_is_entry":true,"ft_order_tag":"","cost":310.68734697},{"amount":2337.0,"safe_price":0.12896,"ft_order_side":"sell","order_filled_timestamp":1766325600000,"ft_is_entry":false,"ft_order_tag":"exit_signal","cost":301.6808995199999}],"funding_fees":0.0,"weekday":6},{"pair":"DOGE/USDT","stake_amount":307.16548,"max_stake_amount":307.16548,"amount":2393.0,"open_date":"2025-12-24 16:00:00+00:00","close_date":"2025-12-24 20:00:00+00:00","open_rate":0.12836,"close_rate":0.12861697697697697,"fee_open":0.001,"fee_close":0.001,"trade_duration":240,"profit_ratio":0.0,"profit_abs":0.0,"exit_reason":"roi","initial_stop_loss_abs":0.12195,"initial_stop_loss_ratio":-0.05,"stop_loss_abs":0.12195,"stop_loss_ratio":-0.05,"min_rate":0.12762,"max_rate":0.12946,"is_open":false,"enter_tag":"","leverage":1.0,"is_short":false,"open_timestamp":1766592000000,"close_timestamp":1766606400000,"orders":[{"amount":2393.0,"safe_price":0.12836,"ft_order_side":"buy","order_filled_timestamp":1766592000000,"ft_is_entry":true,"ft_order_tag":"","cost":307.47264548},{"amount":2393.0,"safe_price":0.12861697697697697,"ft_order_side":"sell","order_filled_timestamp":1766606400000,"ft_is_entry":false,"ft_order_tag":"roi","cost":308.08820633181176}],"funding_fees":0.0,"weekday":2},{"pair":"DOGE/USDT","stake_amount":307.19072,"max_stake_amount":307.19072,"amount":2504.0,"open_date":"2025-12-27 02:00:00+00:00","close_date":"2025-12-27 04:00:00+00:00","open_rate":0.12268,"close_rate":0.1233,"fee_open":0.001,"fee_close":0.001,"trade_duration":120,"profit_ratio":0.0030456990026602026,"profit_abs":0.93654608,"exit_reason":"roi","initial_stop_loss_abs":0.11655,"initial_stop_loss_ratio":-0.05,"stop_loss_abs":0.11655,"stop_loss_ratio":-0.05,"min_rate":0.12231,"max_rate":0.12342,"is_open":false,"enter_tag":"","leverage":1.0,"is_short":false,"open_timestamp":1766800800000,"close_timestamp":1766808000000,"orders":[{"amount":2504.0,"safe_price":0.12268,"ft_order_side":"buy","order_filled_timestamp":1766800800000,"ft_is_entry":true,"ft_order_tag":"","cost":307.49791072},{"amount":2504.0,"safe_price":0.1233,"ft_order_side":"sell","order_filled_timestamp":1766808000000,"ft_is_entry":false,"ft_order_tag":"roi","cost":309.0519432}],"funding_fees":0.0,"weekday":5},{"pair":"DOGE/USDT","stake_amount":307.46898,"max_stake_amount":307.46898,"amount":2457.0,"open_date":"2025-12-29 01:00:00+00:00","close_date":"2025-12-29 03:00:00+00:00","open_rate":0.12514,"close_rate":0.12639,"fee_open":0.001,"fee_close":0.001,"trade_duration":120,"profit_ratio":0.0079708528645719,"profit_abs":2.45324079,"exit_reason":"roi","initial_stop_loss_abs":0.11889,"initial_stop_loss_ratio":-0.05,"stop_loss_abs":0.11889,"stop_loss_ratio":-0.05,"min_rate":0.12437,"max_rate":0.12777,"is_open":false,"enter_tag":"","leverage":1.0,"is_short":false,"open_timestamp":1766970000000,"close_timestamp":1766977200000,"orders":[{"amount":2457.0,"safe_price":0.12514,"ft_order_side":"buy","order_filled_timestamp":1766970000000,"ft_is_entry":true,"ft_order_tag":"","cost":307.77644897999994},{"amount":2457.0,"safe_price":0.12639,"ft_order_side":"sell","order_filled_timestamp":1766977200000,"ft_is_entry":false,"ft_order_tag":"roi","cost":310.85077022999997}],"funding_fees":0.0,"weekday":0},{"pair":"DOGE/USDT","stake_amount":308.21966,"max_stake_amount":308.21966,"amount":2177.0,"open_date":"2026-01-03 18:00:00+00:00","close_date":"2026-01-03 20:00:00+00:00","open_rate":0.14158,"close_rate":0.14186344344344343,"fee_open":0.001,"fee_close":0.001,"trade_duration":120,"profit_ratio":0.0,"profit_abs":0.0,"exit_reason":"roi","initial_stop_loss_abs":0.13451,"initial_stop_loss_ratio":-0.05,"stop_loss_abs":0.13451,"stop_loss_ratio":-0.05,"min_rate":0.14127,"max_rate":0.14261,"is_open":false,"enter_tag":"","leverage":1.0,"is_short":false,"open_timestamp":1767463200000,"close_timestamp":1767470400000,"orders":[{"amount":2177.0,"safe_price":0.14158,"ft_order_side":"buy","order_filled_timestamp":1767463200000,"ft_is_entry":true,"ft_order_tag":"","cost":308.52787966},{"amount":2177.0,"safe_price":0.14186344344344343,"ft_order_side":"sell","order_filled_timestamp":1767470400000,"ft_is_entry":false,"ft_order_tag":"roi","cost":309.14555309275266}],"funding_fees":0.0,"weekday":5},{"pair":"DOGE/USDT","stake_amount":308.3126,"max_stake_amount":308.3126,"amount":2020.0,"open_date":"2026-01-06 15:00:00+00:00","close_date":"2026-01-06 16:00:00+00:00","open_rate":0.15263,"close_rate":0.145,"fee_open":0.001,"fee_close":0.001,"trade_duration":60,"profit_ratio":-0.051888293845969276,"profit_abs":-16.0138126,"exit_reason":"stop_loss","initial_stop_loss_abs":0.145,"initial_stop_loss_ratio":-0.05,"stop_loss_abs":0.145,"stop_loss_ratio":-0.05,"min_rate":0.14417,"max_rate":0.15353,"is_open":false,"enter_tag":"","leverage":1.0,"is_short":false,"open_timestamp":1767711600000,"close_timestamp":1767715200000,"orders":[{"amount":2020.0,"safe_price":0.15263,"ft_order_side":"buy","order_filled_timestamp":1767711600000,"ft_is_entry":true,"ft_order_tag":"","cost":308.62091259999994},{"amount":2020.0,"safe_price":0.145,"ft_order_side":"sell","order_filled_timestamp":1767715200000,"ft_is_entry":false,"ft_order_tag":"stop_loss","cost":293.19289999999995}],"funding_fees":0.0,"weekday":1}],"locks":[],"best_pair":{"key":"DOGE/USDT","trades":47,"profit_mean":-0.005410186224825844,"profit_mean_pct":-0.54,"profit_total_abs":-81.68340610000001,"profit_total":-0.08168340610000001,"profit_total_pct":-8.17,"duration_avg":"4:13:00","wins":16,"draws":22,"losses":9,"winrate":0.3404255319148936,"cagr":-0.2743207275155123,"expectancy":-1.7379448106382978,"expectancy_ratio":-0.5870812556796179,"sortino":-4.045401104380091,"sharpe":-2.377772077209698,"calmar":-19.311340699663578,"sqn":-1.7421,"profit_factor":0.3785756647842181,"max_drawdown_account":0.08330980367646681,"max_drawdown_abs":83.45761246},"worst_pair":{"key":"DOGE/USDT","trades":47,"profit_mean":-0.005410186224825844,"profit_mean_pct":-0.54,"profit_total_abs":-81.68340610000001,"profit_total":-0.08168340610000001,"profit_total_pct":-8.17,"duration_avg":"4:13:00","wins":16,"draws":22,"losses":9,"winrate":0.3404255319148936,"cagr":-0.2743207275155123,"expectancy":-1.7379448106382978,"expectancy_ratio":-0.5870812556796179,"sortino":-4.045401104380091,"sharpe":-2.377772077209698,"calmar":-19.311340699663578,"sqn":-1.7421,"profit_factor":0.3785756647842181,"max_drawdown_account":0.08330980367646681,"max_drawdown_abs":83.45761246},"results_per_pair":[{"key":"DOGE/USDT","trades":47,"profit_mean":-0.005410186224825844,"profit_mean_pct":-0.54,"profit_total_abs":-81.68340610000001,"profit_total":-0.08168340610000001,"profit_total_pct":-8.17,"duration_avg":"4:13:00","wins":16,"draws":22,"losses":9,"winrate":0.3404255319148936,"cagr":-0.2743207275155123,"expectancy":-1.7379448106382978,"expectancy_ratio":-0.5870812556796179,"sortino":-4.045401104380091,"sharpe":-2.377772077209698,"calmar":-19.311340699663578,"sqn":-1.7421,"profit_factor":0.3785756647842181,"max_drawdown_account":0.08330980367646681,"max_drawdown_abs":83.45761246},{"key":"TOTAL","trades":47,"profit_mean":-0.005410186224825844,"profit_mean_pct":-0.54,"profit_total_abs":-81.68340610000001,"profit_total":-0.08168340610000001,"profit_total_pct":-8.17,"duration_avg":"4:13:00","wins":16,"draws":22,"losses":9,"winrate":0.3404255319148936,"cagr":-0.2743207275155123,"expectancy":-1.7379448106382978,"expectancy_ratio":-0.5870812556796179,"sortino":-4.045401104380091,"sharpe":-2.377772077209698,"calmar":-19.311340699663578,"sqn":-1.7421,"profit_factor":0.3785756647842181,"max_drawdown_account":0.08330980367646681,"max_drawdown_abs":83.45761246}],"results_per_enter_tag":[{"key":"","trades":47,"profit_mean":-0.005410186224825844,"profit_mean_pct":-0.54,"profit_total_abs":-81.68340610000001,"profit_total":-0.08168340610000001,"profit_total_pct":-8.17,"duration_avg":"4:13:00","wins":16,"draws":22,"losses":9,"winrate":0.3404255319148936,"cagr":-0.2743207275155123,"expectancy":-1.7379448106382978,"expectancy_ratio":-0.5870812556796179,"sortino":-4.045401104380091,"sharpe":-2.377772077209698,"calmar":-19.311340699663578,"sqn":-1.7421,"profit_factor":0.3785756647842181,"max_drawdown_account":0.08330980367646681,"max_drawdown_abs":83.45761246},{"key":"TOTAL","trades":47,"profit_mean":-0.005410186224825844,"profit_mean_pct":-0.54,"profit_total_abs":-81.68340610000001,"profit_total":-0.08168340610000001,"profit_total_pct":-8.17,"duration_avg":"4:13:00","wins":16,"draws":22,"losses":9,"winrate":0.3404255319148936,"cagr":-0.2743207275155123,"expectancy":-1.7379448106382978,"expectancy_ratio":-0.5870812556796179,"sortino":-4.045401104380091,"sharpe":-2.377772077209698,"calmar":-19.311340699663578,"sqn":-1.7421,"profit_factor":0.3785756647842181,"max_drawdown_account":0.08330980367646681,"max_drawdown_abs":83.45761246}],"exit_reason_summary":[{"key":"roi","trades":38,"profit_mean":0.004106675040727116,"profit_mean_pct":0.41,"profit_total_abs":49.76205149,"profit_total":0.04976205149,"profit_total_pct":4.98,"duration_avg":"4:25:00","wins":16,"draws":22,"losses":0,"winrate":0.42105263157894735,"cagr":0.20050106257577394,"expectancy":1.3095276707894736,"expectancy_ratio":100.0,"sortino":-100,"sharpe":4.684394287628771,"calmar":-100,"sqn":3.8071,"profit_factor":0.0,"max_drawdown_account":0.0,"max_drawdown_abs":0.0},{"key":"exit_signal","trades":2,"profit_mean":-0.0236115235835468,"profit_mean_pct":-2.36,"profit_total_abs":-14.87771712,"profit_total":-0.01487771712,"profit_total_pct":-1.49,"duration_avg":"3:00:00","wins":0,"draws":0,"losses":2,"winrate":0.0,"cagr":-0.054842586652065206,"expectancy":-7.43885856,"expectancy_ratio":-1.0,"sortino":-1.3501487957660532,"sharpe":-1.3501487957660532,"calmar":-19.695848633549353,"sqn":-3.4275,"profit_factor":0.0,"max_drawdown_account":0.014877717119999943,"max_drawdown_abs":14.87771712},{"key":"stop_loss","trades":7,"profit_mean":-0.05187276527819307,"profit_mean_pct":-5.19,"profit_total_abs":-116.56774047000002,"profit_total":-0.11656774047000001,"profit_total_pct":-11.66,"duration_avg":"3:26:00","wins":0,"draws":0,"losses":7,"winrate":0.0,"cagr":-0.3727277736807526,"expectancy":-16.652534352857145,"expectancy_ratio":-1.0,"sortino":-65.18678716933482,"sharpe":-65.18678716933482,"calmar":-19.69584863354928,"sqn":-115.8144,"profit_factor":0.0,"max_drawdown_account":0.11656774046999999,"max_drawdown_abs":116.56774047000002},{"key":"TOTAL","trades":47,"profit_mean":-0.005410186224825844,"profit_mean_pct":-0.54,"profit_total_abs":-81.68340610000001,"profit_total":-0.08168340610000001,"profit_total_pct":-8.17,"duration_avg":"4:13:00","wins":16,"draws":22,"losses":9,"winrate":0.3404255319148936,"cagr":-0.2743207275155123,"expectancy":-1.7379448106382978,"expectancy_ratio":-0.5870812556796179,"sortino":-4.045401104380091,"sharpe":-2.377772077209698,"calmar":-19.311340699663578,"sqn":-1.7421,"profit_factor":0.3785756647842181,"max_drawdown_account":0.08330980367646681,"max_drawdown_abs":83.45761246}],"mix_tag_stats":[{"key":["","roi"],"trades":38,"profit_mean":0.004106675040727116,"profit_mean_pct":0.41,"profit_total_abs":49.76205149,"profit_total":0.04976205149,"profit_total_pct":4.98,"duration_avg":"4:25:00","wins":16,"draws":22,"losses":0,"winrate":0.42105263157894735,"cagr":0.20050106257577394,"expectancy":1.3095276707894736,"expectancy_ratio":100.0,"sortino":-100,"sharpe":4.684394287628771,"calmar":-100,"sqn":3.8071,"profit_factor":0.0,"max_drawdown_account":0.0,"max_drawdown_abs":0.0},{"key":["","exit_signal"],"trades":2,"profit_mean":-0.0236115235835468,"profit_mean_pct":-2.36,"profit_total_abs":-14.87771712,"profit_total":-0.01487771712,"profit_total_pct":-1.49,"duration_avg":"3:00:00","wins":0,"draws":0,"losses":2,"winrate":0.0,"cagr":-0.054842586652065206,"expectancy":-7.43885856,"expectancy_ratio":-1.0,"sortino":-1.3501487957660532,"sharpe":-1.3501487957660532,"calmar":-19.695848633549353,"sqn":-3.4275,"profit_factor":0.0,"max_drawdown_account":0.014877717119999943,"max_drawdown_abs":14.87771712},{"key":["","stop_loss"],"trades":7,"profit_mean":-0.05187276527819307,"profit_mean_pct":-5.19,"profit_total_abs":-116.56774047000002,"profit_total":-0.11656774047000001,"profit_total_pct":-11.66,"duration_avg":"3:26:00","wins":0,"draws":0,"losses":7,"winrate":0.0,"cagr":-0.3727277736807526,"expectancy":-16.652534352857145,"expectancy_ratio":-1.0,"sortino":-65.18678716933482,"sharpe":-65.18678716933482,"calmar":-19.69584863354928,"sqn":-115.8144,"profit_factor":0.0,"max_drawdown_account":0.11656774046999999,"max_drawdown_abs":116.56774047000002},{"key":"TOTAL","trades":47,"profit_mean":-0.005410186224825844,"profit_mean_pct":-0.54,"profit_total_abs":-81.68340610000001,"profit_total":-0.08168340610000001,"profit_total_pct":-8.17,"duration_avg":"4:13:00","wins":16,"draws":22,"losses":9,"winrate":0.3404255319148936,"cagr":-0.2743207275155123,"expectancy":-1.7379448106382978,"expectancy_ratio":-0.5870812556796179,"sortino":-4.045401104380091,"sharpe":-2.377772077209698,"calmar":-19.311340699663578,"sqn":-1.7421,"profit_factor":0.3785756647842181,"max_drawdown_account":0.08330980367646681,"max_drawdown_abs":83.45761246}],"left_open_trades":[{"key":"TOTAL","trades":0,"profit_mean":0.0,"profit_mean_pct":0.0,"profit_total_abs":0.0,"profit_total":0.0,"profit_total_pct":0.0,"duration_avg":"0:00","wins":0,"draws":0,"losses":0,"winrate":0.0,"cagr":0.0,"expectancy":0.0,"expectancy_ratio":100.0,"sortino":0,"sharpe":0,"calmar":0,"sqn":0.0,"profit_factor":0.0,"max_drawdown_account":0.0,"max_drawdown_abs":0.0}],"total_trades":47,"trade_count_long":47,"trade_count_short":0,"total_volume":29989.659834168062,"avg_stake_amount":319.2704663829787,"profit_mean":-0.005410186224825844,"profit_median":0.0,"profit_total":-0.08168340610000001,"profit_total_long":-0.08168340610000001,"profit_total_short":0.0,"profit_total_abs":-81.68340610000001,"profit_total_long_abs":-81.68340610000001,"profit_total_short_abs":0.0,"cagr":-0.2743207275155123,"expectancy":-1.7379448106382978,"expectancy_ratio":-0.5870812556796179,"sortino":-4.045401104380091,"sharpe":-2.377772077209698,"calmar":-19.311340699663578,"sqn":-1.7421,"profit_factor":0.3785756647842181,"backtest_start":"2025-10-01 00:00:00","backtest_start_ts":1759276800000,"backtest_end":"2026-01-06 20:00:00","backtest_end_ts":1767729600000,"backtest_days":97,"backtest_run_start_ts":1767739921,"backtest_run_end_ts":1767739921,"trades_per_day":0.48,"market_change":-0.36632086436227446,"pairlist":["DOGE/USDT"],"stake_amount":"unlimited","stake_currency":"USDT","stake_currency_decimals":3,"starting_balance":1000,"dry_run_wallet":1000,"final_balance":918.3165939,"rejected_signals":0,"timedout_entry_orders":0,"timedout_exit_orders":0,"canceled_trade_entries":0,"canceled_entry_orders":0,"replaced_entry_orders":0,"max_open_trades":1,"max_open_trades_setting":3,"timeframe":"1h","timeframe_detail":"","timerange":"20251001-","enable_protections":false,"strategy_name":"ACO_10_8","freqaimodel":null,"freqai_identifier":null,"stoploss":-0.05,"trailing_stop":false,"trailing_stop_positive":null,"trailing_stop_positive_offset":0.0,"trailing_only_offset_is_reached":false,"use_custom_stoploss":false,"minimal_roi":{"0":0.1,"60":0.05,"120":0.0},"use_exit_signal":true,"exit_profit_only":false,"exit_profit_offset":0.0,"ignore_roi_if_entry_signal":false,"trading_mode":"spot","margin_mode":"","periodic_breakdown":{"day":[{"date":"03/10/2025","date_ts":1759449600000,"profit_abs":0.0,"wins":0,"draws":1,"losses":0,"trades":1,"profit_factor":0.0},{"date":"04/10/2025","date_ts":1759536000000,"profit_abs":0.0,"wins":0,"draws":0,"losses":0,"trades":0,"profit_factor":0.0},{"date":"05/10/2025","date_ts":1759622400000,"profit_abs":0.0,"wins":0,"draws":0,"losses":0,"trades":0,"profit_factor":0.0},{"date":"06/10/2025","date_ts":1759708800000,"profit_abs":0.0,"wins":0,"draws":0,"losses":0,"trades":0,"profit_factor":0.0},{"date":"07/10/2025","date_ts":1759795200000,"profit_abs":0.0,"wins":0,"draws":0,"losses":0,"trades":0,"profit_factor":0.0},{"date":"08/10/2025","date_ts":1759881600000,"profit_abs":0.0,"wins":0,"draws":0,"losses":0,"trades":0,"profit_factor":0.0},{"date":"09/10/2025","date_ts":1759968000000,"profit_abs":0.0,"wins":0,"draws":0,"losses":0,"trades":0,"profit_factor":0.0},{"date":"10/10/2025","date_ts":1760054400000,"profit_abs":0.0,"wins":0,"draws":1,"losses":0,"trades":1,"profit_factor":0.0},{"date":"11/10/2025","date_ts":1760140800000,"profit_abs":0.0,"wins":0,"draws":0,"losses":0,"trades":0,"profit_factor":0.0},{"date":"12/10/2025","date_ts":1760227200000,"profit_abs":0.0,"wins":0,"draws":0,"losses":0,"trades":0,"profit_factor":0.0},{"date":"13/10/2025","date_ts":1760313600000,"profit_abs":1.77420636,"wins":1,"draws":1,"losses":0,"trades":2,"profit_factor":0.0},{"date":"14/10/2025","date_ts":1760400000000,"profit_abs":0.0,"wins":0,"draws":0,"losses":0,"trades":0,"profit_factor":0.0},{"date":"15/10/2025","date_ts":1760486400000,"profit_abs":0.0,"wins":0,"draws":0,"losses":0,"trades":0,"profit_factor":0.0},{"date":"16/10/2025","date_ts":1760572800000,"profit_abs":0.0,"wins":0,"draws":1,"losses":0,"trades":1,"profit_factor":0.0},{"date":"17/10/2025","date_ts":1760659200000,"profit_abs":-17.16853492,"wins":0,"draws":0,"losses":1,"trades":1,"profit_factor":0.0},{"date":"18/10/2025","date_ts":1760745600000,"profit_abs":0.0,"wins":0,"draws":0,"losses":0,"trades":0,"profit_factor":0.0},{"date":"19/10/2025","date_ts":1760832000000,"profit_abs":0.0,"wins":0,"draws":1,"losses":0,"trades":1,"profit_factor":0.0},{"date":"20/10/2025","date_ts":1760918400000,"profit_abs":2.85335295,"wins":1,"draws":0,"losses":0,"trades":1,"profit_factor":0.0},{"date":"21/10/2025","date_ts":1761004800000,"profit_abs":0.0,"wins":0,"draws":0,"losses":0,"trades":0,"profit_factor":0.0},{"date":"22/10/2025","date_ts":1761091200000,"profit_abs":-16.9157038,"wins":0,"draws":0,"losses":1,"trades":1,"profit_factor":0.0},{"date":"23/10/2025","date_ts":1761177600000,"profit_abs":0.0,"wins":0,"draws":0,"losses":0,"trades":0,"profit_factor":0.0},{"date":"24/10/2025","date_ts":1761264000000,"profit_abs":0.55728,"wins":1,"draws":0,"losses":0,"trades":1,"profit_factor":0.0},{"date":"25/10/2025","date_ts":1761350400000,"profit_abs":2.2724064,"wins":1,"draws":0,"losses":0,"trades":1,"profit_factor":0.0},{"date":"26/10/2025","date_ts":1761436800000,"profit_abs":2.97438131,"wins":1,"draws":0,"losses":0,"trades":1,"profit_factor":0.0},{"date":"27/10/2025","date_ts":1761523200000,"profit_abs":0.0,"wins":0,"draws":0,"losses":0,"trades":0,"profit_factor":0.0},{"date":"28/10/2025","date_ts":1761609600000,"profit_abs":0.0,"wins":0,"draws":1,"losses":0,"trades":1,"profit_factor":0.0},{"date":"29/10/2025","date_ts":1761696000000,"profit_abs":2.871634,"wins":1,"draws":0,"losses":0,"trades":1,"profit_factor":0.0},{"date":"30/10/2025","date_ts":1761782400000,"profit_abs":0.0,"wins":0,"draws":0,"losses":0,"trades":0,"profit_factor":0.0},{"date":"31/10/2025","date_ts":1761868800000,"profit_abs":0.0,"wins":0,"draws":0,"losses":0,"trades":0,"profit_factor":0.0},{"date":"01/11/2025","date_ts":1761955200000,"profit_abs":0.0,"wins":0,"draws":1,"losses":0,"trades":1,"profit_factor":0.0},{"date":"02/11/2025","date_ts":1762041600000,"profit_abs":0.0,"wins":0,"draws":0,"losses":0,"trades":0,"profit_factor":0.0},{"date":"03/11/2025","date_ts":1762128000000,"profit_abs":-5.26851063,"wins":0,"draws":0,"losses":1,"trades":1,"profit_factor":0.0},{"date":"04/11/2025","date_ts":1762214400000,"profit_abs":0.0,"wins":0,"draws":0,"losses":0,"trades":0,"profit_factor":0.0},{"date":"05/11/2025","date_ts":1762300800000,"profit_abs":0.0,"wins":0,"draws":0,"losses":0,"trades":0,"profit_factor":0.0},{"date":"06/11/2025","date_ts":1762387200000,"profit_abs":0.0,"wins":0,"draws":0,"losses":0,"trades":0,"profit_factor":0.0},{"date":"07/11/2025","date_ts":1762473600000,"profit_abs":0.0,"wins":0,"draws":0,"losses":0,"trades":0,"profit_factor":0.0},{"date":"08/11/2025","date_ts":1762560000000,"profit_abs":0.0,"wins":0,"draws":0,"losses":0,"trades":0,"profit_factor":0.0},{"date":"09/11/2025","date_ts":1762646400000,"profit_abs":2.04634391,"wins":1,"draws":0,"losses":0,"trades":1,"profit_factor":0.0},{"date":"10/11/2025","date_ts":1762732800000,"profit_abs":0.0,"wins":0,"draws":0,"losses":0,"trades":0,"profit_factor":0.0},{"date":"11/11/2025","date_ts":1762819200000,"profit_abs":0.0,"wins":0,"draws":1,"losses":0,"trades":1,"profit_factor":0.0},{"date":"12/11/2025","date_ts":1762905600000,"profit_abs":3.6046255,"wins":1,"draws":0,"losses":0,"trades":1,"profit_factor":0.0},{"date":"13/11/2025","date_ts":1762992000000,"profit_abs":5.91389574,"wins":1,"draws":0,"losses":0,"trades":1,"profit_factor":0.0},{"date":"14/11/2025","date_ts":1763078400000,"profit_abs":-16.88061386,"wins":0,"draws":0,"losses":1,"trades":1,"profit_factor":0.0},{"date":"15/11/2025","date_ts":1763164800000,"profit_abs":0.0,"wins":0,"draws":1,"losses":0,"trades":1,"profit_factor":0.0},{"date":"16/11/2025","date_ts":1763251200000,"profit_abs":0.0,"wins":0,"draws":1,"losses":0,"trades":1,"profit_factor":0.0},{"date":"17/11/2025","date_ts":1763337600000,"profit_abs":-16.59179819,"wins":0,"draws":0,"losses":1,"trades":1,"profit_factor":0.0},{"date":"18/11/2025","date_ts":1763424000000,"profit_abs":0.0,"wins":0,"draws":0,"losses":0,"trades":0,"profit_factor":0.0},{"date":"19/11/2025","date_ts":1763510400000,"profit_abs":0.0,"wins":0,"draws":0,"losses":0,"trades":0,"profit_factor":0.0},{"date":"20/11/2025","date_ts":1763596800000,"profit_abs":0.0,"wins":0,"draws":0,"losses":0,"trades":0,"profit_factor":0.0},{"date":"21/11/2025","date_ts":1763683200000,"profit_abs":0.0,"wins":0,"draws":0,"losses":0,"trades":0,"profit_factor":0.0},{"date":"22/11/2025","date_ts":1763769600000,"profit_abs":0.0,"wins":0,"draws":1,"losses":0,"trades":1,"profit_factor":0.0},{"date":"23/11/2025","date_ts":1763856000000,"profit_abs":0.0,"wins":0,"draws":0,"losses":0,"trades":0,"profit_factor":0.0},{"date":"24/11/2025","date_ts":1763942400000,"profit_abs":9.9635071,"wins":1,"draws":1,"losses":0,"trades":2,"profit_factor":0.0},{"date":"25/11/2025","date_ts":1764028800000,"profit_abs":0.0,"wins":0,"draws":1,"losses":0,"trades":1,"profit_factor":0.0},{"date":"26/11/2025","date_ts":1764115200000,"profit_abs":0.0,"wins":0,"draws":0,"losses":0,"trades":0,"profit_factor":0.0},{"date":"27/11/2025","date_ts":1764201600000,"profit_abs":0.0,"wins":0,"draws":0,"losses":0,"trades":0,"profit_factor":0.0},{"date":"28/11/2025","date_ts":1764288000000,"profit_abs":0.0,"wins":0,"draws":0,"losses":0,"trades":0,"profit_factor":0.0},{"date":"29/11/2025","date_ts":1764374400000,"profit_abs":0.0,"wins":0,"draws":0,"losses":0,"trades":0,"profit_factor":0.0},{"date":"30/11/2025","date_ts":1764460800000,"profit_abs":0.0,"wins":0,"draws":1,"losses":0,"trades":1,"profit_factor":0.0},{"date":"01/12/2025","date_ts":1764547200000,"profit_abs":0.0,"wins":0,"draws":0,"losses":0,"trades":0,"profit_factor":0.0},{"date":"02/12/2025","date_ts":1764633600000,"profit_abs":0.0,"wins":0,"draws":0,"losses":0,"trades":0,"profit_factor":0.0},{"date":"03/12/2025","date_ts":1764720000000,"profit_abs":3.7139701,"wins":1,"draws":1,"losses":0,"trades":2,"profit_factor":0.0},{"date":"04/12/2025","date_ts":1764806400000,"profit_abs":0.0,"wins":0,"draws":0,"losses":0,"trades":0,"profit_factor":0.0},{"date":"05/12/2025","date_ts":1764892800000,"profit_abs":0.0,"wins":0,"draws":0,"losses":0,"trades":0,"profit_factor":0.0},{"date":"06/12/2025","date_ts":1764979200000,"profit_abs":0.0,"wins":0,"draws":1,"losses":0,"trades":1,"profit_factor":0.0},{"date":"07/12/2025","date_ts":1765065600000,"profit_abs":0.82561185,"wins":1,"draws":0,"losses":0,"trades":1,"profit_factor":0.0},{"date":"08/12/2025","date_ts":1765152000000,"profit_abs":3.08032864,"wins":1,"draws":0,"losses":0,"trades":1,"profit_factor":0.0},{"date":"09/12/2025","date_ts":1765238400000,"profit_abs":0.0,"wins":0,"draws":0,"losses":0,"trades":0,"profit_factor":0.0},{"date":"10/12/2025","date_ts":1765324800000,"profit_abs":0.0,"wins":0,"draws":0,"losses":0,"trades":0,"profit_factor":0.0},{"date":"11/12/2025","date_ts":1765411200000,"profit_abs":-12.68225682,"wins":1,"draws":0,"losses":1,"trades":2,"profit_factor":0.23614564},{"date":"12/12/2025","date_ts":1765497600000,"profit_abs":0.0,"wins":0,"draws":1,"losses":0,"trades":1,"profit_factor":0.0},{"date":"13/12/2025","date_ts":1765584000000,"profit_abs":0.0,"wins":0,"draws":0,"losses":0,"trades":0,"profit_factor":0.0},{"date":"14/12/2025","date_ts":1765670400000,"profit_abs":0.0,"wins":0,"draws":0,"losses":0,"trades":0,"profit_factor":0.0},{"date":"15/12/2025","date_ts":1765756800000,"profit_abs":0.0,"wins":0,"draws":1,"losses":0,"trades":1,"profit_factor":0.0},{"date":"16/12/2025","date_ts":1765843200000,"profit_abs":0.0,"wins":0,"draws":1,"losses":0,"trades":1,"profit_factor":0.0},{"date":"17/12/2025","date_ts":1765929600000,"profit_abs":-16.39429952,"wins":0,"draws":0,"losses":1,"trades":1,"profit_factor":0.0},{"date":"18/12/2025","date_ts":1766016000000,"profit_abs":0.0,"wins":0,"draws":0,"losses":0,"trades":0,"profit_factor":0.0},{"date":"19/12/2025","date_ts":1766102400000,"profit_abs":0.0,"wins":0,"draws":0,"losses":0,"trades":0,"profit_factor":0.0},{"date":"20/12/2025","date_ts":1766188800000,"profit_abs":0.0,"wins":0,"draws":0,"losses":0,"trades":0,"profit_factor":0.0},{"date":"21/12/2025","date_ts":1766275200000,"profit_abs":-9.60920649,"wins":0,"draws":1,"losses":1,"trades":2,"profit_factor":0.0},{"date":"22/12/2025","date_ts":1766361600000,"profit_abs":0.0,"wins":0,"draws":0,"losses":0,"trades":0,"profit_factor":0.0},{"date":"23/12/2025","date_ts":1766448000000,"profit_abs":0.0,"wins":0,"draws":0,"losses":0,"trades":0,"profit_factor":0.0},{"date":"24/12/2025","date_ts":1766534400000,"profit_abs":0.0,"wins":0,"draws":1,"losses":0,"trades":1,"profit_factor":0.0},{"date":"25/12/2025","date_ts":1766620800000,"profit_abs":0.0,"wins":0,"draws":0,"losses":0,"trades":0,"profit_factor":0.0},{"date":"26/12/2025","date_ts":1766707200000,"profit_abs":0.0,"wins":0,"draws":0,"losses":0,"trades":0,"profit_factor":0.0},{"date":"27/12/2025","date_ts":1766793600000,"profit_abs":0.93654608,"wins":1,"draws":0,"losses":0,"trades":1,"profit_factor":0.0},{"date":"28/12/2025","date_ts":1766880000000,"profit_abs":0.0,"wins":0,"draws":0,"losses":0,"trades":0,"profit_factor":0.0},{"date":"29/12/2025","date_ts":1766966400000,"profit_abs":2.45324079,"wins":1,"draws":0,"losses":0,"trades":1,"profit_factor":0.0},{"date":"30/12/2025","date_ts":1767052800000,"profit_abs":0.0,"wins":0,"draws":0,"losses":0,"trades":0,"profit_factor":0.0},{"date":"31/12/2025","date_ts":1767139200000,"profit_abs":0.0,"wins":0,"draws":0,"losses":0,"trades":0,"profit_factor":0.0},{"date":"01/01/2026","date_ts":1767225600000,"profit_abs":0.0,"wins":0,"draws":0,"losses":0,"trades":0,"profit_factor":0.0},{"date":"02/01/2026","date_ts":1767312000000,"profit_abs":0.0,"wins":0,"draws":0,"losses":0,"trades":0,"profit_factor":0.0},{"date":"03/01/2026","date_ts":1767398400000,"profit_abs":0.0,"wins":0,"draws":1,"losses":0,"trades":1,"profit_factor":0.0},{"date":"04/01/2026","date_ts":1767484800000,"profit_abs":0.0,"wins":0,"draws":0,"losses":0,"trades":0,"profit_factor":0.0},{"date":"05/01/2026","date_ts":1767571200000,"profit_abs":0.0,"wins":0,"draws":0,"losses":0,"trades":0,"profit_factor":0.0},{"date":"06/01/2026","date_ts":1767657600000,"profit_abs":-16.0138126,"wins":0,"draws":0,"losses":1,"trades":1,"profit_factor":0.0}],"week":[{"date":"06/10/2025","date_ts":1759708800000,"profit_abs":0.0,"wins":0,"draws":1,"losses":0,"trades":1,"profit_factor":0.0},{"date":"13/10/2025","date_ts":1760313600000,"profit_abs":1.77420636,"wins":1,"draws":2,"losses":0,"trades":3,"profit_factor":0.0},{"date":"20/10/2025","date_ts":1760918400000,"profit_abs":-14.31518197,"wins":1,"draws":2,"losses":1,"trades":4,"profit_factor":0.16619665},{"date":"27/10/2025","date_ts":1761523200000,"profit_abs":-11.11163609,"wins":3,"draws":0,"losses":1,"trades":4,"profit_factor":0.34311713},{"date":"03/11/2025","date_ts":1762128000000,"profit_abs":-2.39687663,"wins":1,"draws":2,"losses":1,"trades":4,"profit_factor":0.54505613},{"date":"10/11/2025","date_ts":1762732800000,"profit_abs":2.04634391,"wins":1,"draws":0,"losses":0,"trades":1,"profit_factor":0.0},{"date":"17/11/2025","date_ts":1763337600000,"profit_abs":-23.95389081,"wins":2,"draws":3,"losses":2,"trades":7,"profit_factor":0.28436915},{"date":"24/11/2025","date_ts":1763942400000,"profit_abs":9.9635071,"wins":1,"draws":2,"losses":0,"trades":3,"profit_factor":0.0},{"date":"01/12/2025","date_ts":1764547200000,"profit_abs":0.0,"wins":0,"draws":2,"losses":0,"trades":2,"profit_factor":0.0},{"date":"08/12/2025","date_ts":1765152000000,"profit_abs":7.61991059,"wins":3,"draws":2,"losses":0,"trades":5,"profit_factor":0.0},{"date":"15/12/2025","date_ts":1765756800000,"profit_abs":-12.68225682,"wins":1,"draws":2,"losses":1,"trades":4,"profit_factor":0.23614564},{"date":"22/12/2025","date_ts":1766361600000,"profit_abs":-26.00350601,"wins":0,"draws":2,"losses":2,"trades":4,"profit_factor":0.0},{"date":"29/12/2025","date_ts":1766966400000,"profit_abs":3.38978687,"wins":2,"draws":1,"losses":0,"trades":3,"profit_factor":0.0},{"date":"05/01/2026","date_ts":1767571200000,"profit_abs":0.0,"wins":0,"draws":1,"losses":0,"trades":1,"profit_factor":0.0},{"date":"12/01/2026","date_ts":1768176000000,"profit_abs":-16.0138126,"wins":0,"draws":0,"losses":1,"trades":1,"profit_factor":0.0}],"month":[{"date":"31/10/2025","date_ts":1761868800000,"profit_abs":-20.7809777,"wins":6,"draws":6,"losses":2,"trades":14,"profit_factor":0.39030536},{"date":"30/11/2025","date_ts":1764460800000,"profit_abs":-17.21255043,"wins":4,"draws":8,"losses":3,"trades":15,"profit_factor":0.55570107},{"date":"31/12/2025","date_ts":1767139200000,"profit_abs":-27.67606537,"wins":6,"draws":7,"losses":3,"trades":16,"profit_factor":0.35042597},{"date":"31/01/2026","date_ts":1769817600000,"profit_abs":-16.0138126,"wins":0,"draws":1,"losses":1,"trades":2,"profit_factor":0.0}],"year":[{"date":"31/12/2025","date_ts":1767139200000,"profit_abs":-65.6695935,"wins":16,"draws":21,"losses":8,"trades":45,"profit_factor":0.4310954},{"date":"31/12/2026","date_ts":1798675200000,"profit_abs":-16.0138126,"wins":0,"draws":1,"losses":1,"trades":2,"profit_factor":0.0}],"weekday":[{"date":"Monday","date_ts":0,"profit_abs":-1.73567298,"wins":5,"draws":3,"losses":2,"trades":10,"profit_factor":0.92060163},{"date":"Tuesday","date_ts":1,"profit_abs":-16.0138126,"wins":0,"draws":4,"losses":1,"trades":5,"profit_factor":0.0},{"date":"Wednesday","date_ts":2,"profit_abs":-23.11977372,"wins":3,"draws":2,"losses":2,"trades":7,"profit_factor":0.305921},{"date":"Thursday","date_ts":3,"profit_abs":-6.76836108,"wins":2,"draws":1,"losses":1,"trades":4,"profit_factor":0.59234053},{"date":"Friday","date_ts":4,"profit_abs":-33.49186878,"wins":1,"draws":3,"losses":2,"trades":6,"profit_factor":0.01636693},{"date":"Saturday","date_ts":5,"profit_abs":3.20895248,"wins":2,"draws":5,"losses":0,"trades":7,"profit_factor":0.0},{"date":"Sunday","date_ts":6,"profit_abs":-3.76286942,"wins":3,"draws":4,"losses":1,"trades":8,"profit_factor":0.60840997}]},"backtest_best_day":0.03168355092995917,"backtest_worst_day":-0.051888293845969276,"backtest_best_day_abs":9.9635071,"backtest_worst_day_abs":-17.16853492,"winning_days":15,"draw_days":72,"losing_days":9,"daily_profit":[["2025-10-03",0.0],["2025-10-04",0.0],["2025-10-05",0.0],["2025-10-06",0.0],["2025-10-07",0.0],["2025-10-08",0.0],["2025-10-09",0.0],["2025-10-10",0.0],["2025-10-11",0.0],["2025-10-12",0.0],["2025-10-13",1.77420636],["2025-10-14",0.0],["2025-10-15",0.0],["2025-10-16",0.0],["2025-10-17",-17.16853492],["2025-10-18",0.0],["2025-10-19",0.0],["2025-10-20",2.85335295],["2025-10-21",0.0],["2025-10-22",-16.9157038],["2025-10-23",0.0],["2025-10-24",0.55728],["2025-10-25",2.2724064],["2025-10-26",2.97438131],["2025-10-27",0.0],["2025-10-28",0.0],["2025-10-29",2.871634],["2025-10-30",0.0],["2025-10-31",0.0],["2025-11-01",0.0],["2025-11-02",0.0],["2025-11-03",-5.26851063],["2025-11-04",0.0],["2025-11-05",0.0],["2025-11-06",0.0],["2025-11-07",0.0],["2025-11-08",0.0],["2025-11-09",2.04634391],["2025-11-10",0.0],["2025-11-11",0.0],["2025-11-12",3.6046255],["2025-11-13",5.91389574],["2025-11-14",-16.88061386],["2025-11-15",0.0],["2025-11-16",0.0],["2025-11-17",-16.59179819],["2025-11-18",0.0],["2025-11-19",0.0],["2025-11-20",0.0],["2025-11-21",0.0],["2025-11-22",0.0],["2025-11-23",0.0],["2025-11-24",9.9635071],["2025-11-25",0.0],["2025-11-26",0.0],["2025-11-27",0.0],["2025-11-28",0.0],["2025-11-29",0.0],["2025-11-30",0.0],["2025-12-01",0.0],["2025-12-02",0.0],["2025-12-03",3.7139701],["2025-12-04",0.0],["2025-12-05",0.0],["2025-12-06",0.0],["2025-12-07",0.82561185],["2025-12-08",3.08032864],["2025-12-09",0.0],["2025-12-10",0.0],["2025-12-11",-12.68225682],["2025-12-12",0.0],["2025-12-13",0.0],["2025-12-14",0.0],["2025-12-15",0.0],["2025-12-16",0.0],["2025-12-17",-16.39429952],["2025-12-18",0.0],["2025-12-19",0.0],["2025-12-20",0.0],["2025-12-21",-9.60920649],["2025-12-22",0.0],["2025-12-23",0.0],["2025-12-24",0.0],["2025-12-25",0.0],["2025-12-26",0.0],["2025-12-27",0.93654608],["2025-12-28",0.0],["2025-12-29",2.45324079],["2025-12-30",0.0],["2025-12-31",0.0],["2026-01-01",0.0],["2026-01-02",0.0],["2026-01-03",0.0],["2026-01-04",0.0],["2026-01-05",0.0],["2026-01-06",-16.0138126]],"wins":16,"losses":9,"draws":22,"winrate":0.3404255319148936,"holding_avg":"4:13:00","holding_avg_s":15180.0,"winner_holding_min":"0d 02:00","winner_holding_min_s":7200.0,"winner_holding_max":"0d 02:00","winner_holding_max_s":7200.0,"winner_holding_avg":"0d 02:00","winner_holding_avg_s":7200.0,"loser_holding_min":"0d 01:00","loser_holding_min_s":3600.0,"loser_holding_max":"0d 09:00","loser_holding_max_s":32400.0,"loser_holding_avg":"0d 03:20","loser_holding_avg_s":12000.0,"max_consecutive_wins":3,"max_consecutive_losses":7,"max_drawdown_account":0.08330980367646681,"max_relative_drawdown":0.08330980367646681,"max_drawdown_abs":83.45761246,"drawdown_start":"2025-10-13 10:00:00","drawdown_start_ts":1760349600000.0,"drawdown_end":"2026-01-06 16:00:00","drawdown_end_ts":1767715200000.0,"drawdown_duration":"85 days 06:00:00","drawdown_duration_s":7365600.0,"max_drawdown_low":-81.68340610000001,"max_drawdown_high":1.77420636,"csum_min":918.3165939,"csum_max":1001.77420636}},"strategy_comparison":[{"key":"ACO_10_8","trades":47,"profit_mean":-0.005410186224825844,"profit_mean_pct":-0.54,"profit_total_abs":-81.68340610000001,"profit_total":-0.08168340610000001,"profit_total_pct":-8.17,"duration_avg":"4:13:00","wins":16,"draws":22,"losses":9,"winrate":0.3404255319148936,"cagr":-0.2743207275155123,"expectancy":-1.7379448106382978,"expectancy_ratio":-0.5870812556796179,"sortino":-4.045401104380091,"sharpe":-2.377772077209698,"calmar":-19.311340699663578,"sqn":-1.7421,"profit_factor":0.3785756647842181,"max_drawdown_account":0.08330980367646681,"max_drawdown_abs":"83.458"}]}