{"strategy":{"ACO_36_17":{"trades":[{"pair":"DOGE/USDT","stake_amount":329.75688,"max_stake_amount":329.75688,"amount":1284.0,"open_date":"2025-10-03 10:00:00+00:00","close_date":"2025-10-03 13:00:00+00:00","open_rate":0.25682,"close_rate":0.2573341541541541,"fee_open":0.001,"fee_close":0.001,"trade_duration":180,"profit_ratio":0.0,"profit_abs":0.0,"exit_reason":"roi","initial_stop_loss_abs":0.24398,"initial_stop_loss_ratio":-0.05,"stop_loss_abs":0.24398,"stop_loss_ratio":-0.05,"min_rate":0.25386,"max_rate":0.25793,"is_open":false,"enter_tag":"","leverage":1.0,"is_short":false,"open_timestamp":1759485600000,"close_timestamp":1759496400000,"orders":[{"amount":1284.0,"safe_price":0.25682,"ft_order_side":"buy","order_filled_timestamp":1759485600000,"ft_is_entry":true,"ft_order_tag":"","cost":330.08663687999996},{"amount":1284.0,"safe_price":0.2573341541541541,"ft_order_side":"sell","order_filled_timestamp":1759496400000,"ft_is_entry":false,"ft_order_tag":"roi","cost":330.74747098786776}],"funding_fees":0.0,"weekday":4},{"pair":"DOGE/USDT","stake_amount":329.75552,"max_stake_amount":329.75552,"amount":1304.0,"open_date":"2025-10-08 14:00:00+00:00","close_date":"2025-10-08 16:00:00+00:00","open_rate":0.25288,"close_rate":0.2533862662662662,"fee_open":0.001,"fee_close":0.001,"trade_duration":120,"profit_ratio":0.0,"profit_abs":0.0,"exit_reason":"roi","initial_stop_loss_abs":0.24024,"initial_stop_loss_ratio":-0.05,"stop_loss_abs":0.24024,"stop_loss_ratio":-0.05,"min_rate":0.25147,"max_rate":0.25678,"is_open":false,"enter_tag":"","leverage":1.0,"is_short":false,"open_timestamp":1759932000000,"close_timestamp":1759939200000,"orders":[{"amount":1304.0,"safe_price":0.25288,"ft_order_side":"buy","order_filled_timestamp":1759932000000,"ft_is_entry":true,"ft_order_tag":"","cost":330.08527552},{"amount":1304.0,"safe_price":0.2533862662662662,"ft_order_side":"sell","order_filled_timestamp":1759939200000,"ft_is_entry":false,"ft_order_tag":"roi","cost":330.7461069024223}],"funding_fees":0.0,"weekday":2},{"pair":"DOGE/USDT","stake_amount":329.87736,"max_stake_amount":329.87736,"amount":1704.0,"open_date":"2025-10-11 18:00:00+00:00","close_date":"2025-10-11 19:00:00+00:00","open_rate":0.19359,"close_rate":0.18392,"fee_open":0.001,"fee_close":0.001,"trade_duration":60,"profit_ratio":-0.051849127162934695,"profit_abs":-17.12095704,"exit_reason":"stop_loss","initial_stop_loss_abs":0.18392,"initial_stop_loss_ratio":-0.05,"stop_loss_abs":0.18392,"stop_loss_ratio":-0.05,"min_rate":0.18286,"max_rate":0.19359,"is_open":false,"enter_tag":"","leverage":1.0,"is_short":false,"open_timestamp":1760205600000,"close_timestamp":1760209200000,"orders":[{"amount":1704.0,"safe_price":0.19359,"ft_order_side":"buy","order_filled_timestamp":1760205600000,"ft_is_entry":true,"ft_order_tag":"","cost":330.20723735999997},{"amount":1704.0,"safe_price":0.18392,"ft_order_side":"sell","order_filled_timestamp":1760209200000,"ft_is_entry":false,"ft_order_tag":"stop_loss","cost":313.71307967999996}],"funding_fees":0.0,"weekday":5},{"pair":"DOGE/USDT","stake_amount":324.21942,"max_stake_amount":324.21942,"amount":1653.0,"open_date":"2025-10-12 15:00:00+00:00","close_date":"2025-10-12 16:00:00+00:00","open_rate":0.19614,"close_rate":0.2063494894894895,"fee_open":0.001,"fee_close":0.001,"trade_duration":60,"profit_ratio":0.04995004995004996,"profit_abs":16.210971,"exit_reason":"roi","initial_stop_loss_abs":0.18634,"initial_stop_loss_ratio":-0.05,"stop_loss_abs":0.18634,"stop_loss_ratio":-0.05,"min_rate":0.19562,"max_rate":0.2095,"is_open":false,"enter_tag":"","leverage":1.0,"is_short":false,"open_timestamp":1760281200000,"close_timestamp":1760284800000,"orders":[{"amount":1653.0,"safe_price":0.19614,"ft_order_side":"buy","order_filled_timestamp":1760281200000,"ft_is_entry":true,"ft_order_tag":"","cost":324.54363942},{"amount":1653.0,"safe_price":0.2063494894894895,"ft_order_side":"sell","order_filled_timestamp":1760284800000,"ft_is_entry":false,"ft_order_tag":"roi","cost":341.4368018322523}],"funding_fees":0.0,"weekday":6},{"pair":"DOGE/USDT","stake_amount":329.65755,"max_stake_amount":329.65755,"amount":1721.0,"open_date":"2025-10-23 05:00:00+00:00","close_date":"2025-10-23 07:00:00+00:00","open_rate":0.19155,"close_rate":0.19477,"fee_open":0.001,"fee_close":0.001,"trade_duration":120,"profit_ratio":0.014778643439567479,"profit_abs":4.87676328,"exit_reason":"roi","initial_stop_loss_abs":0.18198,"initial_stop_loss_ratio":-0.05,"stop_loss_abs":0.18198,"stop_loss_ratio":-0.05,"min_rate":0.1913,"max_rate":0.19498,"is_open":false,"enter_tag":"","leverage":1.0,"is_short":false,"open_timestamp":1761195600000,"close_timestamp":1761202800000,"orders":[{"amount":1721.0,"safe_price":0.19155,"ft_order_side":"buy","order_filled_timestamp":1761195600000,"ft_is_entry":true,"ft_order_tag":"","cost":329.98720755},{"amount":1721.0,"safe_price":0.19477,"ft_order_side":"sell","order_filled_timestamp":1761202800000,"ft_is_entry":false,"ft_order_tag":"roi","cost":335.53436916999993}],"funding_fees":0.0,"weekday":3},{"pair":"DOGE/USDT","stake_amount":331.2975,"max_stake_amount":331.2975,"amount":1630.0,"open_date":"2025-10-27 14:00:00+00:00","close_date":"2025-10-27 16:00:00+00:00","open_rate":0.20325,"close_rate":0.20365690690690688,"fee_open":0.001,"fee_close":0.001,"trade_duration":120,"profit_ratio":0.0,"profit_abs":0.0,"exit_reason":"roi","initial_stop_loss_abs":0.19309,"initial_stop_loss_ratio":-0.05,"stop_loss_abs":0.19309,"stop_loss_ratio":-0.05,"min_rate":0.20114,"max_rate":0.20535,"is_open":false,"enter_tag":"","leverage":1.0,"is_short":false,"open_timestamp":1761573600000,"close_timestamp":1761580800000,"orders":[{"amount":1630.0,"safe_price":0.20325,"ft_order_side":"buy","order_filled_timestamp":1761573600000,"ft_is_entry":true,"ft_order_tag":"","cost":331.6287974999999},{"amount":1630.0,"safe_price":0.20365690690690688,"ft_order_side":"sell","order_filled_timestamp":1761580800000,"ft_is_entry":false,"ft_order_tag":"roi","cost":332.29271901651646}],"funding_fees":0.0,"weekday":0},{"pair":"DOGE/USDT","stake_amount":331.3076,"max_stake_amount":331.3076,"amount":1690.0,"open_date":"2025-10-29 18:00:00+00:00","close_date":"2025-10-29 20:00:00+00:00","open_rate":0.19604,"close_rate":0.19643247247247245,"fee_open":0.001,"fee_close":0.001,"trade_duration":120,"profit_ratio":0.0,"profit_abs":0.0,"exit_reason":"roi","initial_stop_loss_abs":0.18624,"initial_stop_loss_ratio":-0.05,"stop_loss_abs":0.18624,"stop_loss_ratio":-0.05,"min_rate":0.1871,"max_rate":0.197,"is_open":false,"enter_tag":"","leverage":1.0,"is_short":false,"open_timestamp":1761760800000,"close_timestamp":1761768000000,"orders":[{"amount":1690.0,"safe_price":0.19604,"ft_order_side":"buy","order_filled_timestamp":1761760800000,"ft_is_entry":true,"ft_order_tag":"","cost":331.6389075999999},{"amount":1690.0,"safe_price":0.19643247247247245,"ft_order_side":"sell","order_filled_timestamp":1761768000000,"ft_is_entry":false,"ft_order_tag":"roi","cost":332.30284935695687}],"funding_fees":0.0,"weekday":2},{"pair":"DOGE/USDT","stake_amount":331.16538,"max_stake_amount":331.16538,"amount":1703.0,"open_date":"2025-10-30 03:00:00+00:00","close_date":"2025-10-30 12:00:00+00:00","open_rate":0.19446,"close_rate":0.18474,"fee_open":0.001,"fee_close":0.001,"trade_duration":540,"profit_ratio":-0.051882705384710945,"profit_abs":-17.1989376,"exit_reason":"stop_loss","initial_stop_loss_abs":0.18474,"initial_stop_loss_ratio":-0.05,"stop_loss_abs":0.18474,"stop_loss_ratio":-0.05,"min_rate":0.18275,"max_rate":0.19451,"is_open":false,"enter_tag":"","leverage":1.0,"is_short":false,"open_timestamp":1761793200000,"close_timestamp":1761825600000,"orders":[{"amount":1703.0,"safe_price":0.19446,"ft_order_side":"buy","order_filled_timestamp":1761793200000,"ft_is_entry":true,"ft_order_tag":"","cost":331.49654537999993},{"amount":1703.0,"safe_price":0.18474,"ft_order_side":"sell","order_filled_timestamp":1761825600000,"ft_is_entry":false,"ft_order_tag":"stop_loss","cost":314.92683221999994}],"funding_fees":0.0,"weekday":3},{"pair":"DOGE/USDT","stake_amount":325.53495,"max_stake_amount":325.53495,"amount":1755.0,"open_date":"2025-10-31 09:00:00+00:00","close_date":"2025-10-31 11:00:00+00:00","open_rate":0.18549,"close_rate":0.18586135135135132,"fee_open":0.001,"fee_close":0.001,"trade_duration":120,"profit_ratio":0.0,"profit_abs":0.0,"exit_reason":"roi","initial_stop_loss_abs":0.17622,"initial_stop_loss_ratio":-0.05,"stop_loss_abs":0.17622,"stop_loss_ratio":-0.05,"min_rate":0.18498,"max_rate":0.18734,"is_open":false,"enter_tag":"","leverage":1.0,"is_short":false,"open_timestamp":1761901200000,"close_timestamp":1761908400000,"orders":[{"amount":1755.0,"safe_price":0.18549,"ft_order_side":"buy","order_filled_timestamp":1761901200000,"ft_is_entry":true,"ft_order_tag":"","cost":325.86048494999994},{"amount":1755.0,"safe_price":0.18586135135135132,"ft_order_side":"sell","order_filled_timestamp":1761908400000,"ft_is_entry":false,"ft_order_tag":"roi","cost":326.51285829324314}],"funding_fees":0.0,"weekday":4},{"pair":"DOGE/USDT","stake_amount":325.5912,"max_stake_amount":325.5912,"amount":1980.0,"open_date":"2025-11-05 04:00:00+00:00","close_date":"2025-11-05 06:00:00+00:00","open_rate":0.16444,"close_rate":0.16498,"fee_open":0.001,"fee_close":0.001,"trade_duration":120,"profit_ratio":0.0012793093552032984,"profit_abs":0.4169484,"exit_reason":"roi","initial_stop_loss_abs":0.15622,"initial_stop_loss_ratio":-0.05,"stop_loss_abs":0.15622,"stop_loss_ratio":-0.05,"min_rate":0.16363,"max_rate":0.16619,"is_open":false,"enter_tag":"","leverage":1.0,"is_short":false,"open_timestamp":1762315200000,"close_timestamp":1762322400000,"orders":[{"amount":1980.0,"safe_price":0.16444,"ft_order_side":"buy","order_filled_timestamp":1762315200000,"ft_is_entry":true,"ft_order_tag":"","cost":325.9167912},{"amount":1980.0,"safe_price":0.16498,"ft_order_side":"sell","order_filled_timestamp":1762322400000,"ft_is_entry":false,"ft_order_tag":"roi","cost":326.98706039999996}],"funding_fees":0.0,"weekday":2},{"pair":"DOGE/USDT","stake_amount":325.61353,"max_stake_amount":325.61353,"amount":1969.0,"open_date":"2025-11-05 07:00:00+00:00","close_date":"2025-11-05 13:00:00+00:00","open_rate":0.16537,"close_rate":0.16570107107107104,"fee_open":0.001,"fee_close":0.001,"trade_duration":360,"profit_ratio":0.0,"profit_abs":0.0,"exit_reason":"roi","initial_stop_loss_abs":0.15711,"initial_stop_loss_ratio":-0.05,"stop_loss_abs":0.15711,"stop_loss_ratio":-0.05,"min_rate":0.161,"max_rate":0.16617,"is_open":false,"enter_tag":"","leverage":1.0,"is_short":false,"open_timestamp":1762326000000,"close_timestamp":1762347600000,"orders":[{"amount":1969.0,"safe_price":0.16537,"ft_order_side":"buy","order_filled_timestamp":1762326000000,"ft_is_entry":true,"ft_order_tag":"","cost":325.9391435299999},{"amount":1969.0,"safe_price":0.16570107107107104,"ft_order_side":"sell","order_filled_timestamp":1762347600000,"ft_is_entry":false,"ft_order_tag":"roi","cost":326.5916743478778}],"funding_fees":0.0,"weekday":2},{"pair":"DOGE/USDT","stake_amount":325.76,"max_stake_amount":325.76,"amount":2000.0,"open_date":"2025-11-14 16:00:00+00:00","close_date":"2025-11-14 18:00:00+00:00","open_rate":0.16288,"close_rate":0.16320608608608606,"fee_open":0.001,"fee_close":0.001,"trade_duration":120,"profit_ratio":0.0,"profit_abs":0.0,"exit_reason":"roi","initial_stop_loss_abs":0.15474,"initial_stop_loss_ratio":-0.05,"stop_loss_abs":0.15474,"stop_loss_ratio":-0.05,"min_rate":0.1609,"max_rate":0.16477,"is_open":false,"enter_tag":"","leverage":1.0,"is_short":false,"open_timestamp":1763136000000,"close_timestamp":1763143200000,"orders":[{"amount":2000.0,"safe_price":0.16288,"ft_order_side":"buy","order_filled_timestamp":1763136000000,"ft_is_entry":true,"ft_order_tag":"","cost":326.08575999999994},{"amount":2000.0,"safe_price":0.16320608608608606,"ft_order_side":"sell","order_filled_timestamp":1763143200000,"ft_is_entry":false,"ft_order_tag":"roi","cost":326.73858434434425}],"funding_fees":0.0,"weekday":4},{"pair":"DOGE/USDT","stake_amount":325.72365,"max_stake_amount":325.72365,"amount":1995.0,"open_date":"2025-11-15 06:00:00+00:00","close_date":"2025-11-15 13:00:00+00:00","open_rate":0.16327,"close_rate":0.16359686686686686,"fee_open":0.001,"fee_close":0.001,"trade_duration":420,"profit_ratio":0.0,"profit_abs":0.0,"exit_reason":"roi","initial_stop_loss_abs":0.15511,"initial_stop_loss_ratio":-0.05,"stop_loss_abs":0.15511,"stop_loss_ratio":-0.05,"min_rate":0.16077,"max_rate":0.1642,"is_open":false,"enter_tag":"","leverage":1.0,"is_short":false,"open_timestamp":1763186400000,"close_timestamp":1763211600000,"orders":[{"amount":1995.0,"safe_price":0.16327,"ft_order_side":"buy","order_filled_timestamp":1763186400000,"ft_is_entry":true,"ft_order_tag":"","cost":326.04937365},{"amount":1995.0,"safe_price":0.16359686686686686,"ft_order_side":"sell","order_filled_timestamp":1763211600000,"ft_is_entry":false,"ft_order_tag":"roi","cost":326.70212514879876}],"funding_fees":0.0,"weekday":5},{"pair":"DOGE/USDT","stake_amount":325.67852,"max_stake_amount":325.67852,"amount":2342.0,"open_date":"2025-11-22 07:00:00+00:00","close_date":"2025-11-22 09:00:00+00:00","open_rate":0.13906,"close_rate":0.13933839839839837,"fee_open":0.001,"fee_close":0.001,"trade_duration":120,"profit_ratio":0.0,"profit_abs":0.0,"exit_reason":"roi","initial_stop_loss_abs":0.13211,"initial_stop_loss_ratio":-0.05,"stop_loss_abs":0.13211,"stop_loss_ratio":-0.05,"min_rate":0.13549,"max_rate":0.14016,"is_open":false,"enter_tag":"","leverage":1.0,"is_short":false,"open_timestamp":1763794800000,"close_timestamp":1763802000000,"orders":[{"amount":2342.0,"safe_price":0.13906,"ft_order_side":"buy","order_filled_timestamp":1763794800000,"ft_is_entry":true,"ft_order_tag":"","cost":326.00419851999993},{"amount":2342.0,"safe_price":0.13933839839839837,"ft_order_side":"sell","order_filled_timestamp":1763802000000,"ft_is_entry":false,"ft_order_tag":"roi","cost":326.656859578098}],"funding_fees":0.0,"weekday":5},{"pair":"DOGE/USDT","stake_amount":325.69026,"max_stake_amount":325.69026,"amount":2357.0,"open_date":"2025-11-22 12:00:00+00:00","close_date":"2025-11-22 14:00:00+00:00","open_rate":0.13818,"close_rate":0.13845663663663663,"fee_open":0.001,"fee_close":0.001,"trade_duration":120,"profit_ratio":0.0,"profit_abs":0.0,"exit_reason":"roi","initial_stop_loss_abs":0.13128,"initial_stop_loss_ratio":-0.05,"stop_loss_abs":0.13128,"stop_loss_ratio":-0.05,"min_rate":0.13563,"max_rate":0.13943,"is_open":false,"enter_tag":"","leverage":1.0,"is_short":false,"open_timestamp":1763812800000,"close_timestamp":1763820000000,"orders":[{"amount":2357.0,"safe_price":0.13818,"ft_order_side":"buy","order_filled_timestamp":1763812800000,"ft_is_entry":true,"ft_order_tag":"","cost":326.01595025999995},{"amount":2357.0,"safe_price":0.13845663663663663,"ft_order_side":"sell","order_filled_timestamp":1763820000000,"ft_is_entry":false,"ft_order_tag":"roi","cost":326.66863484510503}],"funding_fees":0.0,"weekday":5},{"pair":"DOGE/USDT","stake_amount":325.66302,"max_stake_amount":325.66302,"amount":2334.0,"open_date":"2025-11-22 17:00:00+00:00","close_date":"2025-11-22 19:00:00+00:00","open_rate":0.13953,"close_rate":0.1398093393393393,"fee_open":0.001,"fee_close":0.001,"trade_duration":120,"profit_ratio":0.0,"profit_abs":0.0,"exit_reason":"roi","initial_stop_loss_abs":0.13256,"initial_stop_loss_ratio":-0.05,"stop_loss_abs":0.13256,"stop_loss_ratio":-0.05,"min_rate":0.13865,"max_rate":0.14018,"is_open":false,"enter_tag":"","leverage":1.0,"is_short":false,"open_timestamp":1763830800000,"close_timestamp":1763838000000,"orders":[{"amount":2334.0,"safe_price":0.13953,"ft_order_side":"buy","order_filled_timestamp":1763830800000,"ft_is_entry":true,"ft_order_tag":"","cost":325.98868301999994},{"amount":2334.0,"safe_price":0.1398093393393393,"ft_order_side":"sell","order_filled_timestamp":1763838000000,"ft_is_entry":false,"ft_order_tag":"roi","cost":326.64131301603595}],"funding_fees":0.0,"weekday":5},{"pair":"DOGE/USDT","stake_amount":325.75935,"max_stake_amount":325.75935,"amount":2303.0,"open_date":"2025-11-22 23:00:00+00:00","close_date":"2025-11-23 01:00:00+00:00","open_rate":0.14145,"close_rate":0.14173318318318318,"fee_open":0.001,"fee_close":0.001,"trade_duration":120,"profit_ratio":0.0,"profit_abs":0.0,"exit_reason":"roi","initial_stop_loss_abs":0.13438,"initial_stop_loss_ratio":-0.05,"stop_loss_abs":0.13438,"stop_loss_ratio":-0.05,"min_rate":0.13966,"max_rate":0.14227,"is_open":false,"enter_tag":"","leverage":1.0,"is_short":false,"open_timestamp":1763852400000,"close_timestamp":1763859600000,"orders":[{"amount":2303.0,"safe_price":0.14145,"ft_order_side":"buy","order_filled_timestamp":1763852400000,"ft_is_entry":true,"ft_order_tag":"","cost":326.0851093499999},{"amount":2303.0,"safe_price":0.14173318318318318,"ft_order_side":"sell","order_filled_timestamp":1763859600000,"ft_is_entry":false,"ft_order_tag":"roi","cost":326.7379323917417}],"funding_fees":0.0,"weekday":6},{"pair":"DOGE/USDT","stake_amount":325.7112,"max_stake_amount":325.7112,"amount":2402.0,"open_date":"2025-12-02 10:00:00+00:00","close_date":"2025-12-02 12:00:00+00:00","open_rate":0.1356,"close_rate":0.137,"fee_open":0.001,"fee_close":0.001,"trade_duration":120,"profit_ratio":0.008305853438596801,"profit_abs":2.7080148,"exit_reason":"roi","initial_stop_loss_abs":0.12882,"initial_stop_loss_ratio":-0.05,"stop_loss_abs":0.12882,"stop_loss_ratio":-0.05,"min_rate":0.1355,"max_rate":0.13758,"is_open":false,"enter_tag":"","leverage":1.0,"is_short":false,"open_timestamp":1764669600000,"close_timestamp":1764676800000,"orders":[{"amount":2402.0,"safe_price":0.1356,"ft_order_side":"buy","order_filled_timestamp":1764669600000,"ft_is_entry":true,"ft_order_tag":"","cost":326.03691119999996},{"amount":2402.0,"safe_price":0.137,"ft_order_side":"sell","order_filled_timestamp":1764676800000,"ft_is_entry":false,"ft_order_tag":"roi","cost":329.403074}],"funding_fees":0.0,"weekday":1},{"pair":"DOGE/USDT","stake_amount":326.59354,"max_stake_amount":326.59354,"amount":2177.0,"open_date":"2025-12-04 10:00:00+00:00","close_date":"2025-12-04 15:00:00+00:00","open_rate":0.15002,"close_rate":0.1503203403403403,"fee_open":0.001,"fee_close":0.001,"trade_duration":300,"profit_ratio":0.0,"profit_abs":0.0,"exit_reason":"roi","initial_stop_loss_abs":0.14252,"initial_stop_loss_ratio":-0.05,"stop_loss_abs":0.14252,"stop_loss_ratio":-0.05,"min_rate":0.14781,"max_rate":0.15103,"is_open":false,"enter_tag":"","leverage":1.0,"is_short":false,"open_timestamp":1764842400000,"close_timestamp":1764860400000,"orders":[{"amount":2177.0,"safe_price":0.15002,"ft_order_side":"buy","order_filled_timestamp":1764842400000,"ft_is_entry":true,"ft_order_tag":"","cost":326.92013353999994},{"amount":2177.0,"safe_price":0.1503203403403403,"ft_order_side":"sell","order_filled_timestamp":1764860400000,"ft_is_entry":false,"ft_order_tag":"roi","cost":327.57462830184176}],"funding_fees":0.0,"weekday":3},{"pair":"DOGE/USDT","stake_amount":326.54609,"max_stake_amount":326.54609,"amount":2341.0,"open_date":"2025-12-06 13:00:00+00:00","close_date":"2025-12-06 15:00:00+00:00","open_rate":0.13949,"close_rate":0.14004,"fee_open":0.001,"fee_close":0.001,"trade_duration":120,"profit_ratio":0.0019370549874528655,"profit_abs":0.63317027,"exit_reason":"roi","initial_stop_loss_abs":0.13252,"initial_stop_loss_ratio":-0.05,"stop_loss_abs":0.13252,"stop_loss_ratio":-0.05,"min_rate":0.13902,"max_rate":0.14076,"is_open":false,"enter_tag":"","leverage":1.0,"is_short":false,"open_timestamp":1765026000000,"close_timestamp":1765033200000,"orders":[{"amount":2341.0,"safe_price":0.13949,"ft_order_side":"buy","order_filled_timestamp":1765026000000,"ft_is_entry":true,"ft_order_tag":"","cost":326.87263608999996},{"amount":2341.0,"safe_price":0.14004,"ft_order_side":"sell","order_filled_timestamp":1765033200000,"ft_is_entry":false,"ft_order_tag":"roi","cost":328.16147363999994}],"funding_fees":0.0,"weekday":5},{"pair":"DOGE/USDT","stake_amount":326.85312,"max_stake_amount":326.85312,"amount":2336.0,"open_date":"2025-12-06 22:00:00+00:00","close_date":"2025-12-07 00:00:00+00:00","open_rate":0.13992,"close_rate":0.1402001201201201,"fee_open":0.001,"fee_close":0.001,"trade_duration":120,"profit_ratio":0.0,"profit_abs":0.0,"exit_reason":"roi","initial_stop_loss_abs":0.13293,"initial_stop_loss_ratio":-0.05,"stop_loss_abs":0.13293,"stop_loss_ratio":-0.05,"min_rate":0.13906,"max_rate":0.14039,"is_open":false,"enter_tag":"","leverage":1.0,"is_short":false,"open_timestamp":1765058400000,"close_timestamp":1765065600000,"orders":[{"amount":2336.0,"safe_price":0.13992,"ft_order_side":"buy","order_filled_timestamp":1765058400000,"ft_is_entry":true,"ft_order_tag":"","cost":327.17997311999994},{"amount":2336.0,"safe_price":0.1402001201201201,"ft_order_side":"sell","order_filled_timestamp":1765065600000,"ft_is_entry":false,"ft_order_tag":"roi","cost":327.8349880812011}],"funding_fees":0.0,"weekday":6},{"pair":"DOGE/USDT","stake_amount":326.78012,"max_stake_amount":326.78012,"amount":2482.0,"open_date":"2025-12-16 12:00:00+00:00","close_date":"2025-12-16 14:00:00+00:00","open_rate":0.13166,"close_rate":0.13192358358358355,"fee_open":0.001,"fee_close":0.001,"trade_duration":120,"profit_ratio":0.0,"profit_abs":0.0,"exit_reason":"roi","initial_stop_loss_abs":0.12508,"initial_stop_loss_ratio":-0.05,"stop_loss_abs":0.12508,"stop_loss_ratio":-0.05,"min_rate":0.12888,"max_rate":0.13263,"is_open":false,"enter_tag":"","leverage":1.0,"is_short":false,"open_timestamp":1765886400000,"close_timestamp":1765893600000,"orders":[{"amount":2482.0,"safe_price":0.13166,"ft_order_side":"buy","order_filled_timestamp":1765886400000,"ft_is_entry":true,"ft_order_tag":"","cost":327.10690012},{"amount":2482.0,"safe_price":0.13192358358358355,"ft_order_side":"sell","order_filled_timestamp":1765893600000,"ft_is_entry":false,"ft_order_tag":"roi","cost":327.7617687889088}],"funding_fees":0.0,"weekday":1},{"pair":"DOGE/USDT","stake_amount":326.74376,"max_stake_amount":326.74376,"amount":2296.0,"open_date":"2026-01-03 21:00:00+00:00","close_date":"2026-01-03 23:00:00+00:00","open_rate":0.14231,"close_rate":0.14275,"fee_open":0.001,"fee_close":0.001,"trade_duration":120,"profit_ratio":0.0010876622499136727,"profit_abs":0.35574224,"exit_reason":"roi","initial_stop_loss_abs":0.1352,"initial_stop_loss_ratio":-0.05,"stop_loss_abs":0.1352,"stop_loss_ratio":-0.05,"min_rate":0.14207,"max_rate":0.14372,"is_open":false,"enter_tag":"","leverage":1.0,"is_short":false,"open_timestamp":1767474000000,"close_timestamp":1767481200000,"orders":[{"amount":2296.0,"safe_price":0.14231,"ft_order_side":"buy","order_filled_timestamp":1767474000000,"ft_is_entry":true,"ft_order_tag":"","cost":327.07050375999995},{"amount":2296.0,"safe_price":0.14275,"ft_order_side":"sell","order_filled_timestamp":1767481200000,"ft_is_entry":false,"ft_order_tag":"roi","cost":328.08175399999993}],"funding_fees":0.0,"weekday":5},{"pair":"DOGE/USDT","stake_amount":326.92356,"max_stake_amount":326.92356,"amount":2234.0,"open_date":"2026-01-04 01:00:00+00:00","close_date":"2026-01-04 03:00:00+00:00","open_rate":0.14634,"close_rate":0.14716,"fee_open":0.001,"fee_close":0.001,"trade_duration":120,"profit_ratio":0.003594191786073705,"profit_abs":1.176201,"exit_reason":"roi","initial_stop_loss_abs":0.13903,"initial_stop_loss_ratio":-0.05,"stop_loss_abs":0.13903,"stop_loss_ratio":-0.05,"min_rate":0.14503,"max_rate":0.15196,"is_open":false,"enter_tag":"","leverage":1.0,"is_short":false,"open_timestamp":1767488400000,"close_timestamp":1767495600000,"orders":[{"amount":2234.0,"safe_price":0.14634,"ft_order_side":"buy","order_filled_timestamp":1767488400000,"ft_is_entry":true,"ft_order_tag":"","cost":327.25048355999996},{"amount":2234.0,"safe_price":0.14716,"ft_order_side":"sell","order_filled_timestamp":1767495600000,"ft_is_entry":false,"ft_order_tag":"roi","cost":329.08419544}],"funding_fees":0.0,"weekday":6}],"locks":[],"best_pair":{"key":"DOGE/USDT","trades":24,"profit_mean":-0.0009499611391994941,"profit_mean_pct":-0.09,"profit_total_abs":-7.942083650000001,"profit_total":-0.00794208365,"profit_total_pct":-0.79,"duration_avg":"2:45:00","wins":7,"draws":15,"losses":2,"winrate":0.2916666666666667,"cagr":-0.02955880187443738,"expectancy":-0.33092015208333314,"expectancy_ratio":-0.6442844503489613,"sortino":-40.119249568195066,"sharpe":-0.2579923928178327,"calmar":-9.131179405464007,"sqn":-0.2617,"profit_factor":0.7685865958124631,"max_drawdown_account":0.017130982807301187,"max_drawdown_abs":17.1989376},"worst_pair":{"key":"DOGE/USDT","trades":24,"profit_mean":-0.0009499611391994941,"profit_mean_pct":-0.09,"profit_total_abs":-7.942083650000001,"profit_total":-0.00794208365,"profit_total_pct":-0.79,"duration_avg":"2:45:00","wins":7,"draws":15,"losses":2,"winrate":0.2916666666666667,"cagr":-0.02955880187443738,"expectancy":-0.33092015208333314,"expectancy_ratio":-0.6442844503489613,"sortino":-40.119249568195066,"sharpe":-0.2579923928178327,"calmar":-9.131179405464007,"sqn":-0.2617,"profit_factor":0.7685865958124631,"max_drawdown_account":0.017130982807301187,"max_drawdown_abs":17.1989376},"results_per_pair":[{"key":"DOGE/USDT","trades":24,"profit_mean":-0.0009499611391994941,"profit_mean_pct":-0.09,"profit_total_abs":-7.942083650000001,"profit_total":-0.00794208365,"profit_total_pct":-0.79,"duration_avg":"2:45:00","wins":7,"draws":15,"losses":2,"winrate":0.2916666666666667,"cagr":-0.02955880187443738,"expectancy":-0.33092015208333314,"expectancy_ratio":-0.6442844503489613,"sortino":-40.119249568195066,"sharpe":-0.2579923928178327,"calmar":-9.131179405464007,"sqn":-0.2617,"profit_factor":0.7685865958124631,"max_drawdown_account":0.017130982807301187,"max_drawdown_abs":17.1989376},{"key":"TOTAL","trades":24,"profit_mean":-0.0009499611391994941,"profit_mean_pct":-0.09,"profit_total_abs":-7.942083650000001,"profit_total":-0.00794208365,"profit_total_pct":-0.79,"duration_avg":"2:45:00","wins":7,"draws":15,"losses":2,"winrate":0.2916666666666667,"cagr":-0.02955880187443738,"expectancy":-0.33092015208333314,"expectancy_ratio":-0.6442844503489613,"sortino":-40.119249568195066,"sharpe":-0.2579923928178327,"calmar":-9.131179405464007,"sqn":-0.2617,"profit_factor":0.7685865958124631,"max_drawdown_account":0.017130982807301187,"max_drawdown_abs":17.1989376}],"results_per_enter_tag":[{"key":"","trades":24,"profit_mean":-0.0009499611391994941,"profit_mean_pct":-0.09,"profit_total_abs":-7.942083650000001,"profit_total":-0.00794208365,"profit_total_pct":-0.79,"duration_avg":"2:45:00","wins":7,"draws":15,"losses":2,"winrate":0.2916666666666667,"cagr":-0.02955880187443738,"expectancy":-0.33092015208333314,"expectancy_ratio":-0.6442844503489613,"sortino":-40.119249568195066,"sharpe":-0.2579923928178327,"calmar":-9.131179405464007,"sqn":-0.2617,"profit_factor":0.7685865958124631,"max_drawdown_account":0.017130982807301187,"max_drawdown_abs":17.1989376},{"key":"TOTAL","trades":24,"profit_mean":-0.0009499611391994941,"profit_mean_pct":-0.09,"profit_total_abs":-7.942083650000001,"profit_total":-0.00794208365,"profit_total_pct":-0.79,"duration_avg":"2:45:00","wins":7,"draws":15,"losses":2,"winrate":0.2916666666666667,"cagr":-0.02955880187443738,"expectancy":-0.33092015208333314,"expectancy_ratio":-0.6442844503489613,"sortino":-40.119249568195066,"sharpe":-0.2579923928178327,"calmar":-9.131179405464007,"sqn":-0.2617,"profit_factor":0.7685865958124631,"max_drawdown_account":0.017130982807301187,"max_drawdown_abs":17.1989376}],"exit_reason_summary":[{"key":"roi","trades":22,"profit_mean":0.003678762054857172,"profit_mean_pct":0.37,"profit_total_abs":26.37781099,"profit_total":0.02637781099,"profit_total_pct":2.64,"duration_avg":"2:33:00","wins":7,"draws":15,"losses":0,"winrate":0.3181818181818182,"cagr":0.10292991578831234,"expectancy":1.1989914086363636,"expectancy_ratio":100.0,"sortino":-100,"sharpe":1.4987145657016963,"calmar":-100,"sqn":1.585,"profit_factor":0.0,"max_drawdown_account":0.0,"max_drawdown_abs":0.0},{"key":"stop_loss","trades":2,"profit_mean":-0.051865916273822824,"profit_mean_pct":-5.19,"profit_total_abs":-34.31989464,"profit_total":-0.03431989464,"profit_total_pct":-3.43,"duration_avg":"5:00:00","wins":0,"draws":0,"losses":2,"winrate":0.0,"cagr":-0.12314179781517698,"expectancy":-17.15994732,"expectancy_ratio":-1.0,"sortino":-173.36614406174385,"sharpe":-173.36614406174385,"calmar":-19.69584863354926,"sqn":-440.1083,"profit_factor":0.0,"max_drawdown_account":0.03431989464000003,"max_drawdown_abs":34.31989464},{"key":"TOTAL","trades":24,"profit_mean":-0.0009499611391994941,"profit_mean_pct":-0.09,"profit_total_abs":-7.942083650000001,"profit_total":-0.00794208365,"profit_total_pct":-0.79,"duration_avg":"2:45:00","wins":7,"draws":15,"losses":2,"winrate":0.2916666666666667,"cagr":-0.02955880187443738,"expectancy":-0.33092015208333314,"expectancy_ratio":-0.6442844503489613,"sortino":-40.119249568195066,"sharpe":-0.2579923928178327,"calmar":-9.131179405464007,"sqn":-0.2617,"profit_factor":0.7685865958124631,"max_drawdown_account":0.017130982807301187,"max_drawdown_abs":17.1989376}],"mix_tag_stats":[{"key":["","roi"],"trades":22,"profit_mean":0.003678762054857172,"profit_mean_pct":0.37,"profit_total_abs":26.37781099,"profit_total":0.02637781099,"profit_total_pct":2.64,"duration_avg":"2:33:00","wins":7,"draws":15,"losses":0,"winrate":0.3181818181818182,"cagr":0.10292991578831234,"expectancy":1.1989914086363636,"expectancy_ratio":100.0,"sortino":-100,"sharpe":1.4987145657016963,"calmar":-100,"sqn":1.585,"profit_factor":0.0,"max_drawdown_account":0.0,"max_drawdown_abs":0.0},{"key":["","stop_loss"],"trades":2,"profit_mean":-0.051865916273822824,"profit_mean_pct":-5.19,"profit_total_abs":-34.31989464,"profit_total":-0.03431989464,"profit_total_pct":-3.43,"duration_avg":"5:00:00","wins":0,"draws":0,"losses":2,"winrate":0.0,"cagr":-0.12314179781517698,"expectancy":-17.15994732,"expectancy_ratio":-1.0,"sortino":-173.36614406174385,"sharpe":-173.36614406174385,"calmar":-19.69584863354926,"sqn":-440.1083,"profit_factor":0.0,"max_drawdown_account":0.03431989464000003,"max_drawdown_abs":34.31989464},{"key":"TOTAL","trades":24,"profit_mean":-0.0009499611391994941,"profit_mean_pct":-0.09,"profit_total_abs":-7.942083650000001,"profit_total":-0.00794208365,"profit_total_pct":-0.79,"duration_avg":"2:45:00","wins":7,"draws":15,"losses":2,"winrate":0.2916666666666667,"cagr":-0.02955880187443738,"expectancy":-0.33092015208333314,"expectancy_ratio":-0.6442844503489613,"sortino":-40.119249568195066,"sharpe":-0.2579923928178327,"calmar":-9.131179405464007,"sqn":-0.2617,"profit_factor":0.7685865958124631,"max_drawdown_account":0.017130982807301187,"max_drawdown_abs":17.1989376}],"left_open_trades":[{"key":"TOTAL","trades":0,"profit_mean":0.0,"profit_mean_pct":0.0,"profit_total_abs":0.0,"profit_total":0.0,"profit_total_pct":0.0,"duration_avg":"0:00","wins":0,"draws":0,"losses":0,"winrate":0.0,"cagr":0.0,"expectancy":0.0,"expectancy_ratio":100.0,"sortino":0,"sharpe":0,"calmar":0,"sqn":0.0,"profit_factor":0.0,"max_drawdown_account":0.0,"max_drawdown_abs":0.0}],"total_trades":24,"trade_count_long":24,"trade_count_short":0,"total_volume":15731.896436863211,"avg_stake_amount":327.2584616666667,"profit_mean":-0.0009499611391994941,"profit_median":0.0,"profit_total":-0.00794208365,"profit_total_long":-0.00794208365,"profit_total_short":0.0,"profit_total_abs":-7.942083650000001,"profit_total_long_abs":-7.942083650000001,"profit_total_short_abs":0.0,"cagr":-0.02955880187443738,"expectancy":-0.33092015208333314,"expectancy_ratio":-0.6442844503489613,"sortino":-40.119249568195066,"sharpe":-0.2579923928178327,"calmar":-9.131179405464007,"sqn":-0.2617,"profit_factor":0.7685865958124631,"backtest_start":"2025-10-01 00:00:00","backtest_start_ts":1759276800000,"backtest_end":"2026-01-06 20:00:00","backtest_end_ts":1767729600000,"backtest_days":97,"backtest_run_start_ts":1767751789,"backtest_run_end_ts":1767751790,"trades_per_day":0.25,"market_change":-0.36632086436227446,"pairlist":["DOGE/USDT"],"stake_amount":"unlimited","stake_currency":"USDT","stake_currency_decimals":3,"starting_balance":1000,"dry_run_wallet":1000,"final_balance":992.05791635,"rejected_signals":0,"timedout_entry_orders":0,"timedout_exit_orders":0,"canceled_trade_entries":0,"canceled_entry_orders":0,"replaced_entry_orders":0,"max_open_trades":1,"max_open_trades_setting":3,"timeframe":"1h","timeframe_detail":"","timerange":"20251001-","enable_protections":false,"strategy_name":"ACO_36_17","freqaimodel":null,"freqai_identifier":null,"stoploss":-0.05,"trailing_stop":false,"trailing_stop_positive":null,"trailing_stop_positive_offset":0.0,"trailing_only_offset_is_reached":false,"use_custom_stoploss":false,"minimal_roi":{"0":0.1,"60":0.05,"120":0.0},"use_exit_signal":true,"exit_profit_only":false,"exit_profit_offset":0.0,"ignore_roi_if_entry_signal":false,"trading_mode":"spot","margin_mode":"","periodic_breakdown":{"day":[{"date":"03/10/2025","date_ts":1759449600000,"profit_abs":0.0,"wins":0,"draws":1,"losses":0,"trades":1,"profit_factor":0.0},{"date":"04/10/2025","date_ts":1759536000000,"profit_abs":0.0,"wins":0,"draws":0,"losses":0,"trades":0,"profit_factor":0.0},{"date":"05/10/2025","date_ts":1759622400000,"profit_abs":0.0,"wins":0,"draws":0,"losses":0,"trades":0,"profit_factor":0.0},{"date":"06/10/2025","date_ts":1759708800000,"profit_abs":0.0,"wins":0,"draws":0,"losses":0,"trades":0,"profit_factor":0.0},{"date":"07/10/2025","date_ts":1759795200000,"profit_abs":0.0,"wins":0,"draws":0,"losses":0,"trades":0,"profit_factor":0.0},{"date":"08/10/2025","date_ts":1759881600000,"profit_abs":0.0,"wins":0,"draws":1,"losses":0,"trades":1,"profit_factor":0.0},{"date":"09/10/2025","date_ts":1759968000000,"profit_abs":0.0,"wins":0,"draws":0,"losses":0,"trades":0,"profit_factor":0.0},{"date":"10/10/2025","date_ts":1760054400000,"profit_abs":0.0,"wins":0,"draws":0,"losses":0,"trades":0,"profit_factor":0.0},{"date":"11/10/2025","date_ts":1760140800000,"profit_abs":-17.12095704,"wins":0,"draws":0,"losses":1,"trades":1,"profit_factor":0.0},{"date":"12/10/2025","date_ts":1760227200000,"profit_abs":16.210971,"wins":1,"draws":0,"losses":0,"trades":1,"profit_factor":0.0},{"date":"13/10/2025","date_ts":1760313600000,"profit_abs":0.0,"wins":0,"draws":0,"losses":0,"trades":0,"profit_factor":0.0},{"date":"14/10/2025","date_ts":1760400000000,"profit_abs":0.0,"wins":0,"draws":0,"losses":0,"trades":0,"profit_factor":0.0},{"date":"15/10/2025","date_ts":1760486400000,"profit_abs":0.0,"wins":0,"draws":0,"losses":0,"trades":0,"profit_factor":0.0},{"date":"16/10/2025","date_ts":1760572800000,"profit_abs":0.0,"wins":0,"draws":0,"losses":0,"trades":0,"profit_factor":0.0},{"date":"17/10/2025","date_ts":1760659200000,"profit_abs":0.0,"wins":0,"draws":0,"losses":0,"trades":0,"profit_factor":0.0},{"date":"18/10/2025","date_ts":1760745600000,"profit_abs":0.0,"wins":0,"draws":0,"losses":0,"trades":0,"profit_factor":0.0},{"date":"19/10/2025","date_ts":1760832000000,"profit_abs":0.0,"wins":0,"draws":0,"losses":0,"trades":0,"profit_factor":0.0},{"date":"20/10/2025","date_ts":1760918400000,"profit_abs":0.0,"wins":0,"draws":0,"losses":0,"trades":0,"profit_factor":0.0},{"date":"21/10/2025","date_ts":1761004800000,"profit_abs":0.0,"wins":0,"draws":0,"losses":0,"trades":0,"profit_factor":0.0},{"date":"22/10/2025","date_ts":1761091200000,"profit_abs":0.0,"wins":0,"draws":0,"losses":0,"trades":0,"profit_factor":0.0},{"date":"23/10/2025","date_ts":1761177600000,"profit_abs":4.87676328,"wins":1,"draws":0,"losses":0,"trades":1,"profit_factor":0.0},{"date":"24/10/2025","date_ts":1761264000000,"profit_abs":0.0,"wins":0,"draws":0,"losses":0,"trades":0,"profit_factor":0.0},{"date":"25/10/2025","date_ts":1761350400000,"profit_abs":0.0,"wins":0,"draws":0,"losses":0,"trades":0,"profit_factor":0.0},{"date":"26/10/2025","date_ts":1761436800000,"profit_abs":0.0,"wins":0,"draws":0,"losses":0,"trades":0,"profit_factor":0.0},{"date":"27/10/2025","date_ts":1761523200000,"profit_abs":0.0,"wins":0,"draws":1,"losses":0,"trades":1,"profit_factor":0.0},{"date":"28/10/2025","date_ts":1761609600000,"profit_abs":0.0,"wins":0,"draws":0,"losses":0,"trades":0,"profit_factor":0.0},{"date":"29/10/2025","date_ts":1761696000000,"profit_abs":0.0,"wins":0,"draws":1,"losses":0,"trades":1,"profit_factor":0.0},{"date":"30/10/2025","date_ts":1761782400000,"profit_abs":-17.1989376,"wins":0,"draws":0,"losses":1,"trades":1,"profit_factor":0.0},{"date":"31/10/2025","date_ts":1761868800000,"profit_abs":0.0,"wins":0,"draws":1,"losses":0,"trades":1,"profit_factor":0.0},{"date":"01/11/2025","date_ts":1761955200000,"profit_abs":0.0,"wins":0,"draws":0,"losses":0,"trades":0,"profit_factor":0.0},{"date":"02/11/2025","date_ts":1762041600000,"profit_abs":0.0,"wins":0,"draws":0,"losses":0,"trades":0,"profit_factor":0.0},{"date":"03/11/2025","date_ts":1762128000000,"profit_abs":0.0,"wins":0,"draws":0,"losses":0,"trades":0,"profit_factor":0.0},{"date":"04/11/2025","date_ts":1762214400000,"profit_abs":0.0,"wins":0,"draws":0,"losses":0,"trades":0,"profit_factor":0.0},{"date":"05/11/2025","date_ts":1762300800000,"profit_abs":0.4169484,"wins":1,"draws":1,"losses":0,"trades":2,"profit_factor":0.0},{"date":"06/11/2025","date_ts":1762387200000,"profit_abs":0.0,"wins":0,"draws":0,"losses":0,"trades":0,"profit_factor":0.0},{"date":"07/11/2025","date_ts":1762473600000,"profit_abs":0.0,"wins":0,"draws":0,"losses":0,"trades":0,"profit_factor":0.0},{"date":"08/11/2025","date_ts":1762560000000,"profit_abs":0.0,"wins":0,"draws":0,"losses":0,"trades":0,"profit_factor":0.0},{"date":"09/11/2025","date_ts":1762646400000,"profit_abs":0.0,"wins":0,"draws":0,"losses":0,"trades":0,"profit_factor":0.0},{"date":"10/11/2025","date_ts":1762732800000,"profit_abs":0.0,"wins":0,"draws":0,"losses":0,"trades":0,"profit_factor":0.0},{"date":"11/11/2025","date_ts":1762819200000,"profit_abs":0.0,"wins":0,"draws":0,"losses":0,"trades":0,"profit_factor":0.0},{"date":"12/11/2025","date_ts":1762905600000,"profit_abs":0.0,"wins":0,"draws":0,"losses":0,"trades":0,"profit_factor":0.0},{"date":"13/11/2025","date_ts":1762992000000,"profit_abs":0.0,"wins":0,"draws":0,"losses":0,"trades":0,"profit_factor":0.0},{"date":"14/11/2025","date_ts":1763078400000,"profit_abs":0.0,"wins":0,"draws":1,"losses":0,"trades":1,"profit_factor":0.0},{"date":"15/11/2025","date_ts":1763164800000,"profit_abs":0.0,"wins":0,"draws":1,"losses":0,"trades":1,"profit_factor":0.0},{"date":"16/11/2025","date_ts":1763251200000,"profit_abs":0.0,"wins":0,"draws":0,"losses":0,"trades":0,"profit_factor":0.0},{"date":"17/11/2025","date_ts":1763337600000,"profit_abs":0.0,"wins":0,"draws":0,"losses":0,"trades":0,"profit_factor":0.0},{"date":"18/11/2025","date_ts":1763424000000,"profit_abs":0.0,"wins":0,"draws":0,"losses":0,"trades":0,"profit_factor":0.0},{"date":"19/11/2025","date_ts":1763510400000,"profit_abs":0.0,"wins":0,"draws":0,"losses":0,"trades":0,"profit_factor":0.0},{"date":"20/11/2025","date_ts":1763596800000,"profit_abs":0.0,"wins":0,"draws":0,"losses":0,"trades":0,"profit_factor":0.0},{"date":"21/11/2025","date_ts":1763683200000,"profit_abs":0.0,"wins":0,"draws":0,"losses":0,"trades":0,"profit_factor":0.0},{"date":"22/11/2025","date_ts":1763769600000,"profit_abs":0.0,"wins":0,"draws":3,"losses":0,"trades":3,"profit_factor":0.0},{"date":"23/11/2025","date_ts":1763856000000,"profit_abs":0.0,"wins":0,"draws":1,"losses":0,"trades":1,"profit_factor":0.0},{"date":"24/11/2025","date_ts":1763942400000,"profit_abs":0.0,"wins":0,"draws":0,"losses":0,"trades":0,"profit_factor":0.0},{"date":"25/11/2025","date_ts":1764028800000,"profit_abs":0.0,"wins":0,"draws":0,"losses":0,"trades":0,"profit_factor":0.0},{"date":"26/11/2025","date_ts":1764115200000,"profit_abs":0.0,"wins":0,"draws":0,"losses":0,"trades":0,"profit_factor":0.0},{"date":"27/11/2025","date_ts":1764201600000,"profit_abs":0.0,"wins":0,"draws":0,"losses":0,"trades":0,"profit_factor":0.0},{"date":"28/11/2025","date_ts":1764288000000,"profit_abs":0.0,"wins":0,"draws":0,"losses":0,"trades":0,"profit_factor":0.0},{"date":"29/11/2025","date_ts":1764374400000,"profit_abs":0.0,"wins":0,"draws":0,"losses":0,"trades":0,"profit_factor":0.0},{"date":"30/11/2025","date_ts":1764460800000,"profit_abs":0.0,"wins":0,"draws":0,"losses":0,"trades":0,"profit_factor":0.0},{"date":"01/12/2025","date_ts":1764547200000,"profit_abs":0.0,"wins":0,"draws":0,"losses":0,"trades":0,"profit_factor":0.0},{"date":"02/12/2025","date_ts":1764633600000,"profit_abs":2.7080148,"wins":1,"draws":0,"losses":0,"trades":1,"profit_factor":0.0},{"date":"03/12/2025","date_ts":1764720000000,"profit_abs":0.0,"wins":0,"draws":0,"losses":0,"trades":0,"profit_factor":0.0},{"date":"04/12/2025","date_ts":1764806400000,"profit_abs":0.0,"wins":0,"draws":1,"losses":0,"trades":1,"profit_factor":0.0},{"date":"05/12/2025","date_ts":1764892800000,"profit_abs":0.0,"wins":0,"draws":0,"losses":0,"trades":0,"profit_factor":0.0},{"date":"06/12/2025","date_ts":1764979200000,"profit_abs":0.63317027,"wins":1,"draws":0,"losses":0,"trades":1,"profit_factor":0.0},{"date":"07/12/2025","date_ts":1765065600000,"profit_abs":0.0,"wins":0,"draws":1,"losses":0,"trades":1,"profit_factor":0.0},{"date":"08/12/2025","date_ts":1765152000000,"profit_abs":0.0,"wins":0,"draws":0,"losses":0,"trades":0,"profit_factor":0.0},{"date":"09/12/2025","date_ts":1765238400000,"profit_abs":0.0,"wins":0,"draws":0,"losses":0,"trades":0,"profit_factor":0.0},{"date":"10/12/2025","date_ts":1765324800000,"profit_abs":0.0,"wins":0,"draws":0,"losses":0,"trades":0,"profit_factor":0.0},{"date":"11/12/2025","date_ts":1765411200000,"profit_abs":0.0,"wins":0,"draws":0,"losses":0,"trades":0,"profit_factor":0.0},{"date":"12/12/2025","date_ts":1765497600000,"profit_abs":0.0,"wins":0,"draws":0,"losses":0,"trades":0,"profit_factor":0.0},{"date":"13/12/2025","date_ts":1765584000000,"profit_abs":0.0,"wins":0,"draws":0,"losses":0,"trades":0,"profit_factor":0.0},{"date":"14/12/2025","date_ts":1765670400000,"profit_abs":0.0,"wins":0,"draws":0,"losses":0,"trades":0,"profit_factor":0.0},{"date":"15/12/2025","date_ts":1765756800000,"profit_abs":0.0,"wins":0,"draws":0,"losses":0,"trades":0,"profit_factor":0.0},{"date":"16/12/2025","date_ts":1765843200000,"profit_abs":0.0,"wins":0,"draws":1,"losses":0,"trades":1,"profit_factor":0.0},{"date":"17/12/2025","date_ts":1765929600000,"profit_abs":0.0,"wins":0,"draws":0,"losses":0,"trades":0,"profit_factor":0.0},{"date":"18/12/2025","date_ts":1766016000000,"profit_abs":0.0,"wins":0,"draws":0,"losses":0,"trades":0,"profit_factor":0.0},{"date":"19/12/2025","date_ts":1766102400000,"profit_abs":0.0,"wins":0,"draws":0,"losses":0,"trades":0,"profit_factor":0.0},{"date":"20/12/2025","date_ts":1766188800000,"profit_abs":0.0,"wins":0,"draws":0,"losses":0,"trades":0,"profit_factor":0.0},{"date":"21/12/2025","date_ts":1766275200000,"profit_abs":0.0,"wins":0,"draws":0,"losses":0,"trades":0,"profit_factor":0.0},{"date":"22/12/2025","date_ts":1766361600000,"profit_abs":0.0,"wins":0,"draws":0,"losses":0,"trades":0,"profit_factor":0.0},{"date":"23/12/2025","date_ts":1766448000000,"profit_abs":0.0,"wins":0,"draws":0,"losses":0,"trades":0,"profit_factor":0.0},{"date":"24/12/2025","date_ts":1766534400000,"profit_abs":0.0,"wins":0,"draws":0,"losses":0,"trades":0,"profit_factor":0.0},{"date":"25/12/2025","date_ts":1766620800000,"profit_abs":0.0,"wins":0,"draws":0,"losses":0,"trades":0,"profit_factor":0.0},{"date":"26/12/2025","date_ts":1766707200000,"profit_abs":0.0,"wins":0,"draws":0,"losses":0,"trades":0,"profit_factor":0.0},{"date":"27/12/2025","date_ts":1766793600000,"profit_abs":0.0,"wins":0,"draws":0,"losses":0,"trades":0,"profit_factor":0.0},{"date":"28/12/2025","date_ts":1766880000000,"profit_abs":0.0,"wins":0,"draws":0,"losses":0,"trades":0,"profit_factor":0.0},{"date":"29/12/2025","date_ts":1766966400000,"profit_abs":0.0,"wins":0,"draws":0,"losses":0,"trades":0,"profit_factor":0.0},{"date":"30/12/2025","date_ts":1767052800000,"profit_abs":0.0,"wins":0,"draws":0,"losses":0,"trades":0,"profit_factor":0.0},{"date":"31/12/2025","date_ts":1767139200000,"profit_abs":0.0,"wins":0,"draws":0,"losses":0,"trades":0,"profit_factor":0.0},{"date":"01/01/2026","date_ts":1767225600000,"profit_abs":0.0,"wins":0,"draws":0,"losses":0,"trades":0,"profit_factor":0.0},{"date":"02/01/2026","date_ts":1767312000000,"profit_abs":0.0,"wins":0,"draws":0,"losses":0,"trades":0,"profit_factor":0.0},{"date":"03/01/2026","date_ts":1767398400000,"profit_abs":0.35574224,"wins":1,"draws":0,"losses":0,"trades":1,"profit_factor":0.0},{"date":"04/01/2026","date_ts":1767484800000,"profit_abs":1.176201,"wins":1,"draws":0,"losses":0,"trades":1,"profit_factor":0.0}],"week":[{"date":"06/10/2025","date_ts":1759708800000,"profit_abs":0.0,"wins":0,"draws":1,"losses":0,"trades":1,"profit_factor":0.0},{"date":"13/10/2025","date_ts":1760313600000,"profit_abs":-0.90998604,"wins":1,"draws":1,"losses":1,"trades":3,"profit_factor":0.94684958},{"date":"20/10/2025","date_ts":1760918400000,"profit_abs":0.0,"wins":0,"draws":0,"losses":0,"trades":0,"profit_factor":0.0},{"date":"27/10/2025","date_ts":1761523200000,"profit_abs":4.87676328,"wins":1,"draws":1,"losses":0,"trades":2,"profit_factor":0.0},{"date":"03/11/2025","date_ts":1762128000000,"profit_abs":-17.1989376,"wins":0,"draws":2,"losses":1,"trades":3,"profit_factor":0.0},{"date":"10/11/2025","date_ts":1762732800000,"profit_abs":0.4169484,"wins":1,"draws":1,"losses":0,"trades":2,"profit_factor":0.0},{"date":"17/11/2025","date_ts":1763337600000,"profit_abs":0.0,"wins":0,"draws":2,"losses":0,"trades":2,"profit_factor":0.0},{"date":"24/11/2025","date_ts":1763942400000,"profit_abs":0.0,"wins":0,"draws":4,"losses":0,"trades":4,"profit_factor":0.0},{"date":"01/12/2025","date_ts":1764547200000,"profit_abs":0.0,"wins":0,"draws":0,"losses":0,"trades":0,"profit_factor":0.0},{"date":"08/12/2025","date_ts":1765152000000,"profit_abs":3.34118507,"wins":2,"draws":2,"losses":0,"trades":4,"profit_factor":0.0},{"date":"15/12/2025","date_ts":1765756800000,"profit_abs":0.0,"wins":0,"draws":0,"losses":0,"trades":0,"profit_factor":0.0},{"date":"22/12/2025","date_ts":1766361600000,"profit_abs":0.0,"wins":0,"draws":1,"losses":0,"trades":1,"profit_factor":0.0},{"date":"29/12/2025","date_ts":1766966400000,"profit_abs":0.0,"wins":0,"draws":0,"losses":0,"trades":0,"profit_factor":0.0},{"date":"05/01/2026","date_ts":1767571200000,"profit_abs":1.53194324,"wins":2,"draws":0,"losses":0,"trades":2,"profit_factor":0.0}],"month":[{"date":"31/10/2025","date_ts":1761868800000,"profit_abs":-13.23216036,"wins":2,"draws":5,"losses":2,"trades":9,"profit_factor":0.61444636},{"date":"30/11/2025","date_ts":1764460800000,"profit_abs":0.4169484,"wins":1,"draws":7,"losses":0,"trades":8,"profit_factor":0.0},{"date":"31/12/2025","date_ts":1767139200000,"profit_abs":3.34118507,"wins":2,"draws":3,"losses":0,"trades":5,"profit_factor":0.0},{"date":"31/01/2026","date_ts":1769817600000,"profit_abs":1.53194324,"wins":2,"draws":0,"losses":0,"trades":2,"profit_factor":0.0}],"year":[{"date":"31/12/2025","date_ts":1767139200000,"profit_abs":-9.47402689,"wins":5,"draws":15,"losses":2,"trades":22,"profit_factor":0.72394942},{"date":"31/12/2026","date_ts":1798675200000,"profit_abs":1.53194324,"wins":2,"draws":0,"losses":0,"trades":2,"profit_factor":0.0}],"weekday":[{"date":"Monday","date_ts":0,"profit_abs":0.0,"wins":0,"draws":1,"losses":0,"trades":1,"profit_factor":0.0},{"date":"Tuesday","date_ts":1,"profit_abs":2.7080148,"wins":1,"draws":1,"losses":0,"trades":2,"profit_factor":0.0},{"date":"Wednesday","date_ts":2,"profit_abs":0.4169484,"wins":1,"draws":3,"losses":0,"trades":4,"profit_factor":0.0},{"date":"Thursday","date_ts":3,"profit_abs":-12.32217432,"wins":1,"draws":1,"losses":1,"trades":3,"profit_factor":0.28355026},{"date":"Friday","date_ts":4,"profit_abs":0.0,"wins":0,"draws":3,"losses":0,"trades":3,"profit_factor":0.0},{"date":"Saturday","date_ts":5,"profit_abs":-16.13204453,"wins":2,"draws":4,"losses":1,"trades":7,"profit_factor":0.05776035},{"date":"Sunday","date_ts":6,"profit_abs":17.387172,"wins":2,"draws":2,"losses":0,"trades":4,"profit_factor":0.0}]},"backtest_best_day":0.04995004995004996,"backtest_worst_day":-0.051882705384710945,"backtest_best_day_abs":16.210971,"backtest_worst_day_abs":-17.1989376,"winning_days":7,"draw_days":85,"losing_days":2,"daily_profit":[["2025-10-03",0.0],["2025-10-04",0.0],["2025-10-05",0.0],["2025-10-06",0.0],["2025-10-07",0.0],["2025-10-08",0.0],["2025-10-09",0.0],["2025-10-10",0.0],["2025-10-11",-17.12095704],["2025-10-12",16.210971],["2025-10-13",0.0],["2025-10-14",0.0],["2025-10-15",0.0],["2025-10-16",0.0],["2025-10-17",0.0],["2025-10-18",0.0],["2025-10-19",0.0],["2025-10-20",0.0],["2025-10-21",0.0],["2025-10-22",0.0],["2025-10-23",4.87676328],["2025-10-24",0.0],["2025-10-25",0.0],["2025-10-26",0.0],["2025-10-27",0.0],["2025-10-28",0.0],["2025-10-29",0.0],["2025-10-30",-17.1989376],["2025-10-31",0.0],["2025-11-01",0.0],["2025-11-02",0.0],["2025-11-03",0.0],["2025-11-04",0.0],["2025-11-05",0.4169484],["2025-11-06",0.0],["2025-11-07",0.0],["2025-11-08",0.0],["2025-11-09",0.0],["2025-11-10",0.0],["2025-11-11",0.0],["2025-11-12",0.0],["2025-11-13",0.0],["2025-11-14",0.0],["2025-11-15",0.0],["2025-11-16",0.0],["2025-11-17",0.0],["2025-11-18",0.0],["2025-11-19",0.0],["2025-11-20",0.0],["2025-11-21",0.0],["2025-11-22",0.0],["2025-11-23",0.0],["2025-11-24",0.0],["2025-11-25",0.0],["2025-11-26",0.0],["2025-11-27",0.0],["2025-11-28",0.0],["2025-11-29",0.0],["2025-11-30",0.0],["2025-12-01",0.0],["2025-12-02",2.7080148],["2025-12-03",0.0],["2025-12-04",0.0],["2025-12-05",0.0],["2025-12-06",0.63317027],["2025-12-07",0.0],["2025-12-08",0.0],["2025-12-09",0.0],["2025-12-10",0.0],["2025-12-11",0.0],["2025-12-12",0.0],["2025-12-13",0.0],["2025-12-14",0.0],["2025-12-15",0.0],["2025-12-16",0.0],["2025-12-17",0.0],["2025-12-18",0.0],["2025-12-19",0.0],["2025-12-20",0.0],["2025-12-21",0.0],["2025-12-22",0.0],["2025-12-23",0.0],["2025-12-24",0.0],["2025-12-25",0.0],["2025-12-26",0.0],["2025-12-27",0.0],["2025-12-28",0.0],["2025-12-29",0.0],["2025-12-30",0.0],["2025-12-31",0.0],["2026-01-01",0.0],["2026-01-02",0.0],["2026-01-03",0.35574224],["2026-01-04",1.176201]],"wins":7,"losses":2,"draws":15,"winrate":0.2916666666666667,"holding_avg":"2:45:00","holding_avg_s":9900.0,"winner_holding_min":"0d 01:00","winner_holding_min_s":3600.0,"winner_holding_max":"0d 02:00","winner_holding_max_s":7200.0,"winner_holding_avg":"0d 01:51","winner_holding_avg_s":6660.0,"loser_holding_min":"0d 01:00","loser_holding_min_s":3600.0,"loser_holding_max":"0d 09:00","loser_holding_max_s":32400.0,"loser_holding_avg":"0d 05:00","loser_holding_avg_s":18000.0,"max_consecutive_wins":2,"max_consecutive_losses":7,"max_drawdown_account":0.017130982807301187,"max_relative_drawdown":0.017130982807301187,"max_drawdown_abs":17.1989376,"drawdown_start":"2025-10-23 07:00:00","drawdown_start_ts":1761202800000.0,"drawdown_end":"2025-10-30 12:00:00","drawdown_end_ts":1761825600000.0,"drawdown_duration":"7 days 05:00:00","drawdown_duration_s":622800.0,"max_drawdown_low":-13.232160360000002,"max_drawdown_high":3.96677724,"csum_min":982.87904296,"csum_max":1003.96677724}},"strategy_comparison":[{"key":"ACO_36_17","trades":24,"profit_mean":-0.0009499611391994941,"profit_mean_pct":-0.09,"profit_total_abs":-7.942083650000001,"profit_total":-0.00794208365,"profit_total_pct":-0.79,"duration_avg":"2:45:00","wins":7,"draws":15,"losses":2,"winrate":0.2916666666666667,"cagr":-0.02955880187443738,"expectancy":-0.33092015208333314,"expectancy_ratio":-0.6442844503489613,"sortino":-40.119249568195066,"sharpe":-0.2579923928178327,"calmar":-9.131179405464007,"sqn":-0.2617,"profit_factor":0.7685865958124631,"max_drawdown_account":0.017130982807301187,"max_drawdown_abs":"17.199"}]}