{"strategy":{"ACO_32_5":{"trades":[{"pair":"DOGE/USDT","stake_amount":329.8578,"max_stake_amount":329.8578,"amount":1772.0,"open_date":"2025-10-10 22:00:00+00:00","close_date":"2025-10-10 22:00:00+00:00","open_rate":0.18615,"close_rate":0.17685,"fee_open":0.001,"fee_close":0.001,"trade_duration":0,"profit_ratio":-0.0518578923091413,"profit_abs":-17.122836,"exit_reason":"stop_loss","initial_stop_loss_abs":0.17685,"initial_stop_loss_ratio":-0.05,"stop_loss_abs":0.17685,"stop_loss_ratio":-0.05,"min_rate":0.16923,"max_rate":0.19509,"is_open":false,"enter_tag":"","leverage":1.0,"is_short":false,"open_timestamp":1760133600000,"close_timestamp":1760133600000,"orders":[{"amount":1772.0,"safe_price":0.18615,"ft_order_side":"buy","order_filled_timestamp":1760133600000,"ft_is_entry":true,"ft_order_tag":"","cost":330.18765779999995},{"amount":1772.0,"safe_price":0.17685,"ft_order_side":"sell","order_filled_timestamp":1760133600000,"ft_is_entry":false,"ft_order_tag":"stop_loss","cost":313.6915782}],"funding_fees":0.0,"weekday":4},{"pair":"DOGE/USDT","stake_amount":324.1971,"max_stake_amount":324.1971,"amount":1670.0,"open_date":"2025-10-10 23:00:00+00:00","close_date":"2025-10-11 01:00:00+00:00","open_rate":0.19413,"close_rate":0.19537,"fee_open":0.001,"fee_close":0.001,"trade_duration":120,"profit_ratio":0.004376708131923708,"profit_abs":1.420335,"exit_reason":"roi","initial_stop_loss_abs":0.18443,"initial_stop_loss_ratio":-0.05,"stop_loss_abs":0.18443,"stop_loss_ratio":-0.05,"min_rate":0.18495,"max_rate":0.2,"is_open":false,"enter_tag":"","leverage":1.0,"is_short":false,"open_timestamp":1760137200000,"close_timestamp":1760144400000,"orders":[{"amount":1670.0,"safe_price":0.19413,"ft_order_side":"buy","order_filled_timestamp":1760137200000,"ft_is_entry":true,"ft_order_tag":"","cost":324.52129709999997},{"amount":1670.0,"safe_price":0.19537,"ft_order_side":"sell","order_filled_timestamp":1760144400000,"ft_is_entry":false,"ft_order_tag":"roi","cost":326.59416789999995}],"funding_fees":0.0,"weekday":5},{"pair":"DOGE/USDT","stake_amount":324.6576,"max_stake_amount":324.6576,"amount":1698.0,"open_date":"2025-10-11 08:00:00+00:00","close_date":"2025-10-11 10:00:00+00:00","open_rate":0.1912,"close_rate":0.19409,"fee_open":0.001,"fee_close":0.001,"trade_duration":120,"profit_ratio":0.01308686083790686,"profit_abs":4.25299758,"exit_reason":"roi","initial_stop_loss_abs":0.18164,"initial_stop_loss_ratio":-0.05,"stop_loss_abs":0.18164,"stop_loss_ratio":-0.05,"min_rate":0.1904,"max_rate":0.19776,"is_open":false,"enter_tag":"","leverage":1.0,"is_short":false,"open_timestamp":1760169600000,"close_timestamp":1760176800000,"orders":[{"amount":1698.0,"safe_price":0.1912,"ft_order_side":"buy","order_filled_timestamp":1760169600000,"ft_is_entry":true,"ft_order_tag":"","cost":324.98225759999997},{"amount":1698.0,"safe_price":0.19409,"ft_order_side":"sell","order_filled_timestamp":1760176800000,"ft_is_entry":false,"ft_order_tag":"roi","cost":329.89438481999997}],"funding_fees":0.0,"weekday":5},{"pair":"DOGE/USDT","stake_amount":326.2077,"max_stake_amount":326.2077,"amount":1707.0,"open_date":"2025-10-11 13:00:00+00:00","close_date":"2025-10-11 15:00:00+00:00","open_rate":0.1911,"close_rate":0.19148258258258255,"fee_open":0.001,"fee_close":0.001,"trade_duration":120,"profit_ratio":0.0,"profit_abs":0.0,"exit_reason":"roi","initial_stop_loss_abs":0.18155,"initial_stop_loss_ratio":-0.05,"stop_loss_abs":0.18155,"stop_loss_ratio":-0.05,"min_rate":0.18584,"max_rate":0.19316,"is_open":false,"enter_tag":"","leverage":1.0,"is_short":false,"open_timestamp":1760187600000,"close_timestamp":1760194800000,"orders":[{"amount":1707.0,"safe_price":0.1911,"ft_order_side":"buy","order_filled_timestamp":1760187600000,"ft_is_entry":true,"ft_order_tag":"","cost":326.53390769999993},{"amount":1707.0,"safe_price":0.19148258258258255,"ft_order_side":"sell","order_filled_timestamp":1760194800000,"ft_is_entry":false,"ft_order_tag":"roi","cost":327.1876292369368}],"funding_fees":0.0,"weekday":5},{"pair":"DOGE/USDT","stake_amount":326.07224,"max_stake_amount":326.07224,"amount":1768.0,"open_date":"2025-10-11 20:00:00+00:00","close_date":"2025-10-11 22:00:00+00:00","open_rate":0.18443,"close_rate":0.18479922922922923,"fee_open":0.001,"fee_close":0.001,"trade_duration":120,"profit_ratio":0.0,"profit_abs":0.0,"exit_reason":"roi","initial_stop_loss_abs":0.17521,"initial_stop_loss_ratio":-0.05,"stop_loss_abs":0.17521,"stop_loss_ratio":-0.05,"min_rate":0.17816,"max_rate":0.18622,"is_open":false,"enter_tag":"","leverage":1.0,"is_short":false,"open_timestamp":1760212800000,"close_timestamp":1760220000000,"orders":[{"amount":1768.0,"safe_price":0.18443,"ft_order_side":"buy","order_filled_timestamp":1760212800000,"ft_is_entry":true,"ft_order_tag":"","cost":326.39831224},{"amount":1768.0,"safe_price":0.18479922922922923,"ft_order_side":"sell","order_filled_timestamp":1760220000000,"ft_is_entry":false,"ft_order_tag":"roi","cost":327.05176231455454}],"funding_fees":0.0,"weekday":5},{"pair":"DOGE/USDT","stake_amount":326.1754,"max_stake_amount":326.1754,"amount":1745.0,"open_date":"2025-10-12 14:00:00+00:00","close_date":"2025-10-12 15:00:00+00:00","open_rate":0.18692,"close_rate":0.19664956956956955,"fee_open":0.001,"fee_close":0.001,"trade_duration":60,"profit_ratio":0.04995004995004995,"profit_abs":16.30877,"exit_reason":"roi","initial_stop_loss_abs":0.17758,"initial_stop_loss_ratio":-0.05,"stop_loss_abs":0.17758,"stop_loss_ratio":-0.05,"min_rate":0.18682,"max_rate":0.20676,"is_open":false,"enter_tag":"","leverage":1.0,"is_short":false,"open_timestamp":1760277600000,"close_timestamp":1760281200000,"orders":[{"amount":1745.0,"safe_price":0.18692,"ft_order_side":"buy","order_filled_timestamp":1760277600000,"ft_is_entry":true,"ft_order_tag":"","cost":326.5015754},{"amount":1745.0,"safe_price":0.19664956956956955,"ft_order_side":"sell","order_filled_timestamp":1760281200000,"ft_is_entry":false,"ft_order_tag":"roi","cost":343.49665239779773}],"funding_fees":0.0,"weekday":6},{"pair":"DOGE/USDT","stake_amount":331.4597,"max_stake_amount":331.4597,"amount":1690.0,"open_date":"2025-10-14 13:00:00+00:00","close_date":"2025-10-14 15:00:00+00:00","open_rate":0.19613,"close_rate":0.19895,"fee_open":0.001,"fee_close":0.001,"trade_duration":120,"profit_ratio":0.012351488821177295,"profit_abs":4.0981148,"exit_reason":"roi","initial_stop_loss_abs":0.18633,"initial_stop_loss_ratio":-0.05,"stop_loss_abs":0.18633,"stop_loss_ratio":-0.05,"min_rate":0.1933,"max_rate":0.20388,"is_open":false,"enter_tag":"","leverage":1.0,"is_short":false,"open_timestamp":1760446800000,"close_timestamp":1760454000000,"orders":[{"amount":1690.0,"safe_price":0.19613,"ft_order_side":"buy","order_filled_timestamp":1760446800000,"ft_is_entry":true,"ft_order_tag":"","cost":331.7911597},{"amount":1690.0,"safe_price":0.19895,"ft_order_side":"sell","order_filled_timestamp":1760454000000,"ft_is_entry":false,"ft_order_tag":"roi","cost":336.5617254999999}],"funding_fees":0.0,"weekday":1},{"pair":"DOGE/USDT","stake_amount":332.91621,"max_stake_amount":332.91621,"amount":1773.0,"open_date":"2025-10-16 20:00:00+00:00","close_date":"2025-10-16 22:00:00+00:00","open_rate":0.18777,"close_rate":0.18816,"fee_open":0.001,"fee_close":0.001,"trade_duration":120,"profit_ratio":7.48572405386593e-05,"profit_abs":0.02494611,"exit_reason":"roi","initial_stop_loss_abs":0.17839,"initial_stop_loss_ratio":-0.05,"stop_loss_abs":0.17839,"stop_loss_ratio":-0.05,"min_rate":0.18469,"max_rate":0.18864,"is_open":false,"enter_tag":"","leverage":1.0,"is_short":false,"open_timestamp":1760644800000,"close_timestamp":1760652000000,"orders":[{"amount":1773.0,"safe_price":0.18777,"ft_order_side":"buy","order_filled_timestamp":1760644800000,"ft_is_entry":true,"ft_order_tag":"","cost":333.24912620999993},{"amount":1773.0,"safe_price":0.18816,"ft_order_side":"sell","order_filled_timestamp":1760652000000,"ft_is_entry":false,"ft_order_tag":"roi","cost":333.94128767999996}],"funding_fees":0.0,"weekday":3},{"pair":"DOGE/USDT","stake_amount":332.81194,"max_stake_amount":332.81194,"amount":2066.0,"open_date":"2025-11-04 06:00:00+00:00","close_date":"2025-11-04 08:00:00+00:00","open_rate":0.16109,"close_rate":0.16201,"fee_open":0.001,"fee_close":0.001,"trade_duration":120,"profit_ratio":0.0037016804041448653,"profit_abs":1.2331954,"exit_reason":"roi","initial_stop_loss_abs":0.15304,"initial_stop_loss_ratio":-0.05,"stop_loss_abs":0.15304,"stop_loss_ratio":-0.05,"min_rate":0.16062,"max_rate":0.16735,"is_open":false,"enter_tag":"","leverage":1.0,"is_short":false,"open_timestamp":1762236000000,"close_timestamp":1762243200000,"orders":[{"amount":2066.0,"safe_price":0.16109,"ft_order_side":"buy","order_filled_timestamp":1762236000000,"ft_is_entry":true,"ft_order_tag":"","cost":333.14475194},{"amount":2066.0,"safe_price":0.16201,"ft_order_side":"sell","order_filled_timestamp":1762243200000,"ft_is_entry":false,"ft_order_tag":"roi","cost":335.04737265999995}],"funding_fees":0.0,"weekday":1},{"pair":"DOGE/USDT","stake_amount":333.29296,"max_stake_amount":333.29296,"amount":2081.0,"open_date":"2025-11-04 17:00:00+00:00","close_date":"2025-11-04 19:00:00+00:00","open_rate":0.16016,"close_rate":0.16048064064064063,"fee_open":0.001,"fee_close":0.001,"trade_duration":120,"profit_ratio":0.0,"profit_abs":0.0,"exit_reason":"roi","initial_stop_loss_abs":0.15216,"initial_stop_loss_ratio":-0.05,"stop_loss_abs":0.15216,"stop_loss_ratio":-0.05,"min_rate":0.15419,"max_rate":0.16152,"is_open":false,"enter_tag":"","leverage":1.0,"is_short":false,"open_timestamp":1762275600000,"close_timestamp":1762282800000,"orders":[{"amount":2081.0,"safe_price":0.16016,"ft_order_side":"buy","order_filled_timestamp":1762275600000,"ft_is_entry":true,"ft_order_tag":"","cost":333.62625295999993},{"amount":2081.0,"safe_price":0.16048064064064063,"ft_order_side":"sell","order_filled_timestamp":1762282800000,"ft_is_entry":false,"ft_order_tag":"roi","cost":334.2941733863463}],"funding_fees":0.0,"weekday":1},{"pair":"DOGE/USDT","stake_amount":333.35122,"max_stake_amount":333.35122,"amount":2098.0,"open_date":"2025-11-04 21:00:00+00:00","close_date":"2025-11-04 23:00:00+00:00","open_rate":0.15889,"close_rate":0.16344,"fee_open":0.001,"fee_close":0.001,"trade_duration":120,"profit_ratio":0.026580946273815555,"profit_abs":8.86965166,"exit_reason":"roi","initial_stop_loss_abs":0.15095,"initial_stop_loss_ratio":-0.05,"stop_loss_abs":0.15095,"stop_loss_ratio":-0.05,"min_rate":0.15159,"max_rate":0.16436,"is_open":false,"enter_tag":"","leverage":1.0,"is_short":false,"open_timestamp":1762290000000,"close_timestamp":1762297200000,"orders":[{"amount":2098.0,"safe_price":0.15889,"ft_order_side":"buy","order_filled_timestamp":1762290000000,"ft_is_entry":true,"ft_order_tag":"","cost":333.68457121999995},{"amount":2098.0,"safe_price":0.16344,"ft_order_side":"sell","order_filled_timestamp":1762297200000,"ft_is_entry":false,"ft_order_tag":"roi","cost":343.24001712}],"funding_fees":0.0,"weekday":1},{"pair":"DOGE/USDT","stake_amount":336.2646,"max_stake_amount":336.2646,"amount":2065.0,"open_date":"2025-11-05 09:00:00+00:00","close_date":"2025-11-05 11:00:00+00:00","open_rate":0.16284,"close_rate":0.16316600600600598,"fee_open":0.001,"fee_close":0.001,"trade_duration":120,"profit_ratio":0.0,"profit_abs":0.0,"exit_reason":"roi","initial_stop_loss_abs":0.1547,"initial_stop_loss_ratio":-0.05,"stop_loss_abs":0.1547,"stop_loss_ratio":-0.05,"min_rate":0.161,"max_rate":0.1642,"is_open":false,"enter_tag":"","leverage":1.0,"is_short":false,"open_timestamp":1762333200000,"close_timestamp":1762340400000,"orders":[{"amount":2065.0,"safe_price":0.16284,"ft_order_side":"buy","order_filled_timestamp":1762333200000,"ft_is_entry":true,"ft_order_tag":"","cost":336.60086459999997},{"amount":2065.0,"safe_price":0.16316600600600598,"ft_order_side":"sell","order_filled_timestamp":1762340400000,"ft_is_entry":false,"ft_order_tag":"roi","cost":337.2747402048047}],"funding_fees":0.0,"weekday":2},{"pair":"DOGE/USDT","stake_amount":336.25356,"max_stake_amount":336.25356,"amount":2116.0,"open_date":"2025-11-14 21:00:00+00:00","close_date":"2025-11-14 23:00:00+00:00","open_rate":0.15891,"close_rate":0.15933,"fee_open":0.001,"fee_close":0.001,"trade_duration":120,"profit_ratio":0.0006397227465756821,"profit_abs":0.21532416,"exit_reason":"roi","initial_stop_loss_abs":0.15097,"initial_stop_loss_ratio":-0.05,"stop_loss_abs":0.15097,"stop_loss_ratio":-0.05,"min_rate":0.15472,"max_rate":0.16111,"is_open":false,"enter_tag":"","leverage":1.0,"is_short":false,"open_timestamp":1763154000000,"close_timestamp":1763161200000,"orders":[{"amount":2116.0,"safe_price":0.15891,"ft_order_side":"buy","order_filled_timestamp":1763154000000,"ft_is_entry":true,"ft_order_tag":"","cost":336.58981356},{"amount":2116.0,"safe_price":0.15933,"ft_order_side":"sell","order_filled_timestamp":1763161200000,"ft_is_entry":false,"ft_order_tag":"roi","cost":337.47942227999994}],"funding_fees":0.0,"weekday":4},{"pair":"DOGE/USDT","stake_amount":336.26745,"max_stake_amount":336.26745,"amount":2133.0,"open_date":"2025-11-15 00:00:00+00:00","close_date":"2025-11-15 02:00:00+00:00","open_rate":0.15765,"close_rate":0.16137,"fee_open":0.001,"fee_close":0.001,"trade_duration":120,"profit_ratio":0.021551426689390533,"profit_abs":7.25429034,"exit_reason":"roi","initial_stop_loss_abs":0.14977,"initial_stop_loss_ratio":-0.05,"stop_loss_abs":0.14977,"stop_loss_ratio":-0.05,"min_rate":0.15721,"max_rate":0.16243,"is_open":false,"enter_tag":"","leverage":1.0,"is_short":false,"open_timestamp":1763164800000,"close_timestamp":1763172000000,"orders":[{"amount":2133.0,"safe_price":0.15765,"ft_order_side":"buy","order_filled_timestamp":1763164800000,"ft_is_entry":true,"ft_order_tag":"","cost":336.60371745000003},{"amount":2133.0,"safe_price":0.16137,"ft_order_side":"sell","order_filled_timestamp":1763172000000,"ft_is_entry":false,"ft_order_tag":"roi","cost":344.54641220999997}],"funding_fees":0.0,"weekday":5},{"pair":"DOGE/USDT","stake_amount":338.66455,"max_stake_amount":338.66455,"amount":2413.0,"open_date":"2025-11-21 08:00:00+00:00","close_date":"2025-11-21 12:00:00+00:00","open_rate":0.14035,"close_rate":0.13334,"fee_open":0.001,"fee_close":0.001,"trade_duration":240,"profit_ratio":-0.0518447708330145,"profit_abs":-17.57554397,"exit_reason":"stop_loss","initial_stop_loss_abs":0.13334,"initial_stop_loss_ratio":-0.05,"stop_loss_abs":0.13334,"stop_loss_ratio":-0.05,"min_rate":0.13321,"max_rate":0.14234,"is_open":false,"enter_tag":"","leverage":1.0,"is_short":false,"open_timestamp":1763712000000,"close_timestamp":1763726400000,"orders":[{"amount":2413.0,"safe_price":0.14035,"ft_order_side":"buy","order_filled_timestamp":1763712000000,"ft_is_entry":true,"ft_order_tag":"","cost":339.00321455},{"amount":2413.0,"safe_price":0.13334,"ft_order_side":"sell","order_filled_timestamp":1763726400000,"ft_is_entry":false,"ft_order_tag":"stop_loss","cost":322.07116941999993}],"funding_fees":0.0,"weekday":4},{"pair":"DOGE/USDT","stake_amount":332.94816,"max_stake_amount":332.94816,"amount":2396.0,"open_date":"2025-11-21 21:00:00+00:00","close_date":"2025-11-21 23:00:00+00:00","open_rate":0.13896,"close_rate":0.1392381981981982,"fee_open":0.001,"fee_close":0.001,"trade_duration":120,"profit_ratio":0.0,"profit_abs":0.0,"exit_reason":"roi","initial_stop_loss_abs":0.13202,"initial_stop_loss_ratio":-0.05,"stop_loss_abs":0.13202,"stop_loss_ratio":-0.05,"min_rate":0.13574,"max_rate":0.14167,"is_open":false,"enter_tag":"","leverage":1.0,"is_short":false,"open_timestamp":1763758800000,"close_timestamp":1763766000000,"orders":[{"amount":2396.0,"safe_price":0.13896,"ft_order_side":"buy","order_filled_timestamp":1763758800000,"ft_is_entry":true,"ft_order_tag":"","cost":333.2811081599999},{"amount":2396.0,"safe_price":0.1392381981981982,"ft_order_side":"sell","order_filled_timestamp":1763766000000,"ft_is_entry":false,"ft_order_tag":"roi","cost":333.9483376057657}],"funding_fees":0.0,"weekday":4},{"pair":"DOGE/USDT","stake_amount":332.92697,"max_stake_amount":332.92697,"amount":2419.0,"open_date":"2025-11-22 05:00:00+00:00","close_date":"2025-11-22 07:00:00+00:00","open_rate":0.13763,"close_rate":0.13906,"fee_open":0.001,"fee_close":0.001,"trade_duration":120,"profit_ratio":0.008371414968813792,"profit_abs":2.78985689,"exit_reason":"roi","initial_stop_loss_abs":0.13075,"initial_stop_loss_ratio":-0.05,"stop_loss_abs":0.13075,"stop_loss_ratio":-0.05,"min_rate":0.13579,"max_rate":0.14016,"is_open":false,"enter_tag":"","leverage":1.0,"is_short":false,"open_timestamp":1763787600000,"close_timestamp":1763794800000,"orders":[{"amount":2419.0,"safe_price":0.13763,"ft_order_side":"buy","order_filled_timestamp":1763787600000,"ft_is_entry":true,"ft_order_tag":"","cost":333.25989696999994},{"amount":2419.0,"safe_price":0.13906,"ft_order_side":"sell","order_filled_timestamp":1763794800000,"ft_is_entry":false,"ft_order_tag":"roi","cost":336.7225261399999}],"funding_fees":0.0,"weekday":5},{"pair":"DOGE/USDT","stake_amount":333.7708,"max_stake_amount":333.7708,"amount":2447.0,"open_date":"2025-11-22 14:00:00+00:00","close_date":"2025-11-22 16:00:00+00:00","open_rate":0.1364,"close_rate":0.13816,"fee_open":0.001,"fee_close":0.001,"trade_duration":120,"profit_ratio":0.010879443137507654,"profit_abs":3.63487168,"exit_reason":"roi","initial_stop_loss_abs":0.12958,"initial_stop_loss_ratio":-0.05,"stop_loss_abs":0.12958,"stop_loss_ratio":-0.05,"min_rate":0.13632,"max_rate":0.13977,"is_open":false,"enter_tag":"","leverage":1.0,"is_short":false,"open_timestamp":1763820000000,"close_timestamp":1763827200000,"orders":[{"amount":2447.0,"safe_price":0.1364,"ft_order_side":"buy","order_filled_timestamp":1763820000000,"ft_is_entry":true,"ft_order_tag":"","cost":334.1045708},{"amount":2447.0,"safe_price":0.13816,"ft_order_side":"sell","order_filled_timestamp":1763827200000,"ft_is_entry":false,"ft_order_tag":"roi","cost":338.41559751999995}],"funding_fees":0.0,"weekday":5}],"locks":[],"best_pair":{"key":"DOGE/USDT","trades":18,"profit_mean":0.002658996447760486,"profit_mean_pct":0.27,"profit_total_abs":15.403973650000005,"profit_total":0.015403973650000005,"profit_total_pct":1.54,"duration_avg":"1:57:00","wins":11,"draws":5,"losses":2,"winrate":0.6111111111111112,"cagr":0.0592080485281683,"expectancy":0.8557763138888894,"expectancy_ratio":-0.22845119165884153,"sortino":13.403533998554574,"sharpe":0.3980630650014173,"calmar":17.72069794361374,"sqn":0.4629,"profit_factor":1.4439392750704265,"max_drawdown_account":0.017120902028292865,"max_drawdown_abs":17.57554397},"worst_pair":{"key":"DOGE/USDT","trades":18,"profit_mean":0.002658996447760486,"profit_mean_pct":0.27,"profit_total_abs":15.403973650000005,"profit_total":0.015403973650000005,"profit_total_pct":1.54,"duration_avg":"1:57:00","wins":11,"draws":5,"losses":2,"winrate":0.6111111111111112,"cagr":0.0592080485281683,"expectancy":0.8557763138888894,"expectancy_ratio":-0.22845119165884153,"sortino":13.403533998554574,"sharpe":0.3980630650014173,"calmar":17.72069794361374,"sqn":0.4629,"profit_factor":1.4439392750704265,"max_drawdown_account":0.017120902028292865,"max_drawdown_abs":17.57554397},"results_per_pair":[{"key":"DOGE/USDT","trades":18,"profit_mean":0.002658996447760486,"profit_mean_pct":0.27,"profit_total_abs":15.403973650000005,"profit_total":0.015403973650000005,"profit_total_pct":1.54,"duration_avg":"1:57:00","wins":11,"draws":5,"losses":2,"winrate":0.6111111111111112,"cagr":0.0592080485281683,"expectancy":0.8557763138888894,"expectancy_ratio":-0.22845119165884153,"sortino":13.403533998554574,"sharpe":0.3980630650014173,"calmar":17.72069794361374,"sqn":0.4629,"profit_factor":1.4439392750704265,"max_drawdown_account":0.017120902028292865,"max_drawdown_abs":17.57554397},{"key":"TOTAL","trades":18,"profit_mean":0.002658996447760486,"profit_mean_pct":0.27,"profit_total_abs":15.403973650000005,"profit_total":0.015403973650000005,"profit_total_pct":1.54,"duration_avg":"1:57:00","wins":11,"draws":5,"losses":2,"winrate":0.6111111111111112,"cagr":0.0592080485281683,"expectancy":0.8557763138888894,"expectancy_ratio":-0.22845119165884153,"sortino":13.403533998554574,"sharpe":0.3980630650014173,"calmar":17.72069794361374,"sqn":0.4629,"profit_factor":1.4439392750704265,"max_drawdown_account":0.017120902028292865,"max_drawdown_abs":17.57554397}],"results_per_enter_tag":[{"key":"","trades":18,"profit_mean":0.002658996447760486,"profit_mean_pct":0.27,"profit_total_abs":15.403973650000005,"profit_total":0.015403973650000005,"profit_total_pct":1.54,"duration_avg":"1:57:00","wins":11,"draws":5,"losses":2,"winrate":0.6111111111111112,"cagr":0.0592080485281683,"expectancy":0.8557763138888894,"expectancy_ratio":-0.22845119165884153,"sortino":13.403533998554574,"sharpe":0.3980630650014173,"calmar":17.72069794361374,"sqn":0.4629,"profit_factor":1.4439392750704265,"max_drawdown_account":0.017120902028292865,"max_drawdown_abs":17.57554397},{"key":"TOTAL","trades":18,"profit_mean":0.002658996447760486,"profit_mean_pct":0.27,"profit_total_abs":15.403973650000005,"profit_total":0.015403973650000005,"profit_total_pct":1.54,"duration_avg":"1:57:00","wins":11,"draws":5,"losses":2,"winrate":0.6111111111111112,"cagr":0.0592080485281683,"expectancy":0.8557763138888894,"expectancy_ratio":-0.22845119165884153,"sortino":13.403533998554574,"sharpe":0.3980630650014173,"calmar":17.72069794361374,"sqn":0.4629,"profit_factor":1.4439392750704265,"max_drawdown_account":0.017120902028292865,"max_drawdown_abs":17.57554397}],"exit_reason_summary":[{"key":"roi","trades":16,"profit_mean":0.009472787450115285,"profit_mean_pct":0.95,"profit_total_abs":50.10235362,"profit_total":0.050102353620000005,"profit_total_pct":5.01,"duration_avg":"1:56:00","wins":11,"draws":5,"losses":0,"winrate":0.6875,"cagr":0.20196611092705408,"expectancy":3.13139710125,"expectancy_ratio":100.0,"sortino":-100,"sharpe":2.2795279371852226,"calmar":-100,"sqn":2.8015,"profit_factor":0.0,"max_drawdown_account":0.0,"max_drawdown_abs":0.0},{"key":"stop_loss","trades":2,"profit_mean":-0.0518513315710779,"profit_mean_pct":-5.19,"profit_total_abs":-34.69837997,"profit_total":-0.03469837997,"profit_total_pct":-3.47,"duration_avg":"2:00:00","wins":0,"draws":0,"losses":2,"winrate":0.0,"cagr":-0.1244342994841765,"expectancy":-17.349189985,"expectancy_ratio":-1.0,"sortino":-30.192268968381413,"sharpe":-30.192268968381413,"calmar":-19.69584863354926,"sqn":-76.6463,"profit_factor":0.0,"max_drawdown_account":0.03469837997000002,"max_drawdown_abs":34.69837997},{"key":"TOTAL","trades":18,"profit_mean":0.002658996447760486,"profit_mean_pct":0.27,"profit_total_abs":15.403973650000005,"profit_total":0.015403973650000005,"profit_total_pct":1.54,"duration_avg":"1:57:00","wins":11,"draws":5,"losses":2,"winrate":0.6111111111111112,"cagr":0.0592080485281683,"expectancy":0.8557763138888894,"expectancy_ratio":-0.22845119165884153,"sortino":13.403533998554574,"sharpe":0.3980630650014173,"calmar":17.72069794361374,"sqn":0.4629,"profit_factor":1.4439392750704265,"max_drawdown_account":0.017120902028292865,"max_drawdown_abs":17.57554397}],"mix_tag_stats":[{"key":["","roi"],"trades":16,"profit_mean":0.009472787450115285,"profit_mean_pct":0.95,"profit_total_abs":50.10235362,"profit_total":0.050102353620000005,"profit_total_pct":5.01,"duration_avg":"1:56:00","wins":11,"draws":5,"losses":0,"winrate":0.6875,"cagr":0.20196611092705408,"expectancy":3.13139710125,"expectancy_ratio":100.0,"sortino":-100,"sharpe":2.2795279371852226,"calmar":-100,"sqn":2.8015,"profit_factor":0.0,"max_drawdown_account":0.0,"max_drawdown_abs":0.0},{"key":["","stop_loss"],"trades":2,"profit_mean":-0.0518513315710779,"profit_mean_pct":-5.19,"profit_total_abs":-34.69837997,"profit_total":-0.03469837997,"profit_total_pct":-3.47,"duration_avg":"2:00:00","wins":0,"draws":0,"losses":2,"winrate":0.0,"cagr":-0.1244342994841765,"expectancy":-17.349189985,"expectancy_ratio":-1.0,"sortino":-30.192268968381413,"sharpe":-30.192268968381413,"calmar":-19.69584863354926,"sqn":-76.6463,"profit_factor":0.0,"max_drawdown_account":0.03469837997000002,"max_drawdown_abs":34.69837997},{"key":"TOTAL","trades":18,"profit_mean":0.002658996447760486,"profit_mean_pct":0.27,"profit_total_abs":15.403973650000005,"profit_total":0.015403973650000005,"profit_total_pct":1.54,"duration_avg":"1:57:00","wins":11,"draws":5,"losses":2,"winrate":0.6111111111111112,"cagr":0.0592080485281683,"expectancy":0.8557763138888894,"expectancy_ratio":-0.22845119165884153,"sortino":13.403533998554574,"sharpe":0.3980630650014173,"calmar":17.72069794361374,"sqn":0.4629,"profit_factor":1.4439392750704265,"max_drawdown_account":0.017120902028292865,"max_drawdown_abs":17.57554397}],"left_open_trades":[{"key":"TOTAL","trades":0,"profit_mean":0.0,"profit_mean_pct":0.0,"profit_total_abs":0.0,"profit_total":0.0,"profit_total_pct":0.0,"duration_avg":"0:00","wins":0,"draws":0,"losses":0,"winrate":0.0,"cagr":0.0,"expectancy":0.0,"expectancy_ratio":100.0,"sortino":0,"sharpe":0,"calmar":0,"sqn":0.0,"profit_factor":0.0,"max_drawdown_account":0.0,"max_drawdown_abs":0.0}],"total_trades":18,"trade_count_long":18,"trade_count_short":0,"total_volume":11975.523012556205,"avg_stake_amount":331.5608866666667,"profit_mean":0.002658996447760486,"profit_median":0.002170701575360274,"profit_total":0.015403973650000005,"profit_total_long":0.015403973650000005,"profit_total_short":0.0,"profit_total_abs":15.403973650000005,"profit_total_long_abs":15.403973650000005,"profit_total_short_abs":0.0,"cagr":0.0592080485281683,"expectancy":0.8557763138888894,"expectancy_ratio":-0.22845119165884153,"sortino":13.403533998554574,"sharpe":0.3980630650014173,"calmar":17.72069794361374,"sqn":0.4629,"profit_factor":1.4439392750704265,"backtest_start":"2025-10-01 00:00:00","backtest_start_ts":1759276800000,"backtest_end":"2026-01-06 20:00:00","backtest_end_ts":1767729600000,"backtest_days":97,"backtest_run_start_ts":1767747132,"backtest_run_end_ts":1767747133,"trades_per_day":0.19,"market_change":-0.36632086436227446,"pairlist":["DOGE/USDT"],"stake_amount":"unlimited","stake_currency":"USDT","stake_currency_decimals":3,"starting_balance":1000,"dry_run_wallet":1000,"final_balance":1015.40397365,"rejected_signals":0,"timedout_entry_orders":0,"timedout_exit_orders":0,"canceled_trade_entries":0,"canceled_entry_orders":0,"replaced_entry_orders":0,"max_open_trades":1,"max_open_trades_setting":3,"timeframe":"1h","timeframe_detail":"","timerange":"20251001-","enable_protections":false,"strategy_name":"ACO_32_5","freqaimodel":null,"freqai_identifier":null,"stoploss":-0.05,"trailing_stop":false,"trailing_stop_positive":null,"trailing_stop_positive_offset":0.0,"trailing_only_offset_is_reached":false,"use_custom_stoploss":false,"minimal_roi":{"0":0.1,"60":0.05,"120":0.0},"use_exit_signal":true,"exit_profit_only":false,"exit_profit_offset":0.0,"ignore_roi_if_entry_signal":false,"trading_mode":"spot","margin_mode":"","periodic_breakdown":{"day":[{"date":"10/10/2025","date_ts":1760054400000,"profit_abs":-17.122836,"wins":0,"draws":0,"losses":1,"trades":1,"profit_factor":0.0},{"date":"11/10/2025","date_ts":1760140800000,"profit_abs":5.67333258,"wins":2,"draws":2,"losses":0,"trades":4,"profit_factor":0.0},{"date":"12/10/2025","date_ts":1760227200000,"profit_abs":16.30877,"wins":1,"draws":0,"losses":0,"trades":1,"profit_factor":0.0},{"date":"13/10/2025","date_ts":1760313600000,"profit_abs":0.0,"wins":0,"draws":0,"losses":0,"trades":0,"profit_factor":0.0},{"date":"14/10/2025","date_ts":1760400000000,"profit_abs":4.0981148,"wins":1,"draws":0,"losses":0,"trades":1,"profit_factor":0.0},{"date":"15/10/2025","date_ts":1760486400000,"profit_abs":0.0,"wins":0,"draws":0,"losses":0,"trades":0,"profit_factor":0.0},{"date":"16/10/2025","date_ts":1760572800000,"profit_abs":0.02494611,"wins":1,"draws":0,"losses":0,"trades":1,"profit_factor":0.0},{"date":"17/10/2025","date_ts":1760659200000,"profit_abs":0.0,"wins":0,"draws":0,"losses":0,"trades":0,"profit_factor":0.0},{"date":"18/10/2025","date_ts":1760745600000,"profit_abs":0.0,"wins":0,"draws":0,"losses":0,"trades":0,"profit_factor":0.0},{"date":"19/10/2025","date_ts":1760832000000,"profit_abs":0.0,"wins":0,"draws":0,"losses":0,"trades":0,"profit_factor":0.0},{"date":"20/10/2025","date_ts":1760918400000,"profit_abs":0.0,"wins":0,"draws":0,"losses":0,"trades":0,"profit_factor":0.0},{"date":"21/10/2025","date_ts":1761004800000,"profit_abs":0.0,"wins":0,"draws":0,"losses":0,"trades":0,"profit_factor":0.0},{"date":"22/10/2025","date_ts":1761091200000,"profit_abs":0.0,"wins":0,"draws":0,"losses":0,"trades":0,"profit_factor":0.0},{"date":"23/10/2025","date_ts":1761177600000,"profit_abs":0.0,"wins":0,"draws":0,"losses":0,"trades":0,"profit_factor":0.0},{"date":"24/10/2025","date_ts":1761264000000,"profit_abs":0.0,"wins":0,"draws":0,"losses":0,"trades":0,"profit_factor":0.0},{"date":"25/10/2025","date_ts":1761350400000,"profit_abs":0.0,"wins":0,"draws":0,"losses":0,"trades":0,"profit_factor":0.0},{"date":"26/10/2025","date_ts":1761436800000,"profit_abs":0.0,"wins":0,"draws":0,"losses":0,"trades":0,"profit_factor":0.0},{"date":"27/10/2025","date_ts":1761523200000,"profit_abs":0.0,"wins":0,"draws":0,"losses":0,"trades":0,"profit_factor":0.0},{"date":"28/10/2025","date_ts":1761609600000,"profit_abs":0.0,"wins":0,"draws":0,"losses":0,"trades":0,"profit_factor":0.0},{"date":"29/10/2025","date_ts":1761696000000,"profit_abs":0.0,"wins":0,"draws":0,"losses":0,"trades":0,"profit_factor":0.0},{"date":"30/10/2025","date_ts":1761782400000,"profit_abs":0.0,"wins":0,"draws":0,"losses":0,"trades":0,"profit_factor":0.0},{"date":"31/10/2025","date_ts":1761868800000,"profit_abs":0.0,"wins":0,"draws":0,"losses":0,"trades":0,"profit_factor":0.0},{"date":"01/11/2025","date_ts":1761955200000,"profit_abs":0.0,"wins":0,"draws":0,"losses":0,"trades":0,"profit_factor":0.0},{"date":"02/11/2025","date_ts":1762041600000,"profit_abs":0.0,"wins":0,"draws":0,"losses":0,"trades":0,"profit_factor":0.0},{"date":"03/11/2025","date_ts":1762128000000,"profit_abs":0.0,"wins":0,"draws":0,"losses":0,"trades":0,"profit_factor":0.0},{"date":"04/11/2025","date_ts":1762214400000,"profit_abs":10.10284706,"wins":2,"draws":1,"losses":0,"trades":3,"profit_factor":0.0},{"date":"05/11/2025","date_ts":1762300800000,"profit_abs":0.0,"wins":0,"draws":1,"losses":0,"trades":1,"profit_factor":0.0},{"date":"06/11/2025","date_ts":1762387200000,"profit_abs":0.0,"wins":0,"draws":0,"losses":0,"trades":0,"profit_factor":0.0},{"date":"07/11/2025","date_ts":1762473600000,"profit_abs":0.0,"wins":0,"draws":0,"losses":0,"trades":0,"profit_factor":0.0},{"date":"08/11/2025","date_ts":1762560000000,"profit_abs":0.0,"wins":0,"draws":0,"losses":0,"trades":0,"profit_factor":0.0},{"date":"09/11/2025","date_ts":1762646400000,"profit_abs":0.0,"wins":0,"draws":0,"losses":0,"trades":0,"profit_factor":0.0},{"date":"10/11/2025","date_ts":1762732800000,"profit_abs":0.0,"wins":0,"draws":0,"losses":0,"trades":0,"profit_factor":0.0},{"date":"11/11/2025","date_ts":1762819200000,"profit_abs":0.0,"wins":0,"draws":0,"losses":0,"trades":0,"profit_factor":0.0},{"date":"12/11/2025","date_ts":1762905600000,"profit_abs":0.0,"wins":0,"draws":0,"losses":0,"trades":0,"profit_factor":0.0},{"date":"13/11/2025","date_ts":1762992000000,"profit_abs":0.0,"wins":0,"draws":0,"losses":0,"trades":0,"profit_factor":0.0},{"date":"14/11/2025","date_ts":1763078400000,"profit_abs":0.21532416,"wins":1,"draws":0,"losses":0,"trades":1,"profit_factor":0.0},{"date":"15/11/2025","date_ts":1763164800000,"profit_abs":7.25429034,"wins":1,"draws":0,"losses":0,"trades":1,"profit_factor":0.0},{"date":"16/11/2025","date_ts":1763251200000,"profit_abs":0.0,"wins":0,"draws":0,"losses":0,"trades":0,"profit_factor":0.0},{"date":"17/11/2025","date_ts":1763337600000,"profit_abs":0.0,"wins":0,"draws":0,"losses":0,"trades":0,"profit_factor":0.0},{"date":"18/11/2025","date_ts":1763424000000,"profit_abs":0.0,"wins":0,"draws":0,"losses":0,"trades":0,"profit_factor":0.0},{"date":"19/11/2025","date_ts":1763510400000,"profit_abs":0.0,"wins":0,"draws":0,"losses":0,"trades":0,"profit_factor":0.0},{"date":"20/11/2025","date_ts":1763596800000,"profit_abs":0.0,"wins":0,"draws":0,"losses":0,"trades":0,"profit_factor":0.0},{"date":"21/11/2025","date_ts":1763683200000,"profit_abs":-17.57554397,"wins":0,"draws":1,"losses":1,"trades":2,"profit_factor":0.0},{"date":"22/11/2025","date_ts":1763769600000,"profit_abs":6.42472857,"wins":2,"draws":0,"losses":0,"trades":2,"profit_factor":0.0}],"week":[{"date":"13/10/2025","date_ts":1760313600000,"profit_abs":4.85926658,"wins":3,"draws":2,"losses":1,"trades":6,"profit_factor":1.28378865},{"date":"20/10/2025","date_ts":1760918400000,"profit_abs":4.12306091,"wins":2,"draws":0,"losses":0,"trades":2,"profit_factor":0.0},{"date":"27/10/2025","date_ts":1761523200000,"profit_abs":0.0,"wins":0,"draws":0,"losses":0,"trades":0,"profit_factor":0.0},{"date":"03/11/2025","date_ts":1762128000000,"profit_abs":0.0,"wins":0,"draws":0,"losses":0,"trades":0,"profit_factor":0.0},{"date":"10/11/2025","date_ts":1762732800000,"profit_abs":10.10284706,"wins":2,"draws":2,"losses":0,"trades":4,"profit_factor":0.0},{"date":"17/11/2025","date_ts":1763337600000,"profit_abs":7.4696145,"wins":2,"draws":0,"losses":0,"trades":2,"profit_factor":0.0},{"date":"24/11/2025","date_ts":1763942400000,"profit_abs":-11.1508154,"wins":2,"draws":1,"losses":1,"trades":4,"profit_factor":0.36554934}],"month":[{"date":"31/10/2025","date_ts":1761868800000,"profit_abs":8.98232749,"wins":5,"draws":2,"losses":1,"trades":8,"profit_factor":1.52458176},{"date":"30/11/2025","date_ts":1764460800000,"profit_abs":6.42164616,"wins":6,"draws":3,"losses":1,"trades":10,"profit_factor":1.36537396}],"year":[{"date":"31/12/2025","date_ts":1767139200000,"profit_abs":15.40397365,"wins":11,"draws":5,"losses":2,"trades":18,"profit_factor":1.44393928}],"weekday":[{"date":"Tuesday","date_ts":1,"profit_abs":14.20096186,"wins":3,"draws":1,"losses":0,"trades":4,"profit_factor":0.0},{"date":"Wednesday","date_ts":2,"profit_abs":0.0,"wins":0,"draws":1,"losses":0,"trades":1,"profit_factor":0.0},{"date":"Thursday","date_ts":3,"profit_abs":0.02494611,"wins":1,"draws":0,"losses":0,"trades":1,"profit_factor":0.0},{"date":"Friday","date_ts":4,"profit_abs":-34.48305581,"wins":1,"draws":1,"losses":2,"trades":4,"profit_factor":0.0062056},{"date":"Saturday","date_ts":5,"profit_abs":19.35235149,"wins":5,"draws":2,"losses":0,"trades":7,"profit_factor":0.0},{"date":"Sunday","date_ts":6,"profit_abs":16.30877,"wins":1,"draws":0,"losses":0,"trades":1,"profit_factor":0.0}]},"backtest_best_day":0.04995004995004995,"backtest_worst_day":-0.0518578923091413,"backtest_best_day_abs":16.30877,"backtest_worst_day_abs":-17.57554397,"winning_days":8,"draw_days":34,"losing_days":2,"daily_profit":[["2025-10-10",-17.122836],["2025-10-11",5.67333258],["2025-10-12",16.30877],["2025-10-13",0.0],["2025-10-14",4.0981148],["2025-10-15",0.0],["2025-10-16",0.02494611],["2025-10-17",0.0],["2025-10-18",0.0],["2025-10-19",0.0],["2025-10-20",0.0],["2025-10-21",0.0],["2025-10-22",0.0],["2025-10-23",0.0],["2025-10-24",0.0],["2025-10-25",0.0],["2025-10-26",0.0],["2025-10-27",0.0],["2025-10-28",0.0],["2025-10-29",0.0],["2025-10-30",0.0],["2025-10-31",0.0],["2025-11-01",0.0],["2025-11-02",0.0],["2025-11-03",0.0],["2025-11-04",10.10284706],["2025-11-05",0.0],["2025-11-06",0.0],["2025-11-07",0.0],["2025-11-08",0.0],["2025-11-09",0.0],["2025-11-10",0.0],["2025-11-11",0.0],["2025-11-12",0.0],["2025-11-13",0.0],["2025-11-14",0.21532416],["2025-11-15",7.25429034],["2025-11-16",0.0],["2025-11-17",0.0],["2025-11-18",0.0],["2025-11-19",0.0],["2025-11-20",0.0],["2025-11-21",-17.57554397],["2025-11-22",6.42472857]],"wins":11,"losses":2,"draws":5,"winrate":0.6111111111111112,"holding_avg":"1:57:00","holding_avg_s":7020.0,"winner_holding_min":"0d 01:00","winner_holding_min_s":3600.0,"winner_holding_max":"0d 02:00","winner_holding_max_s":7200.0,"winner_holding_avg":"0d 01:55","winner_holding_avg_s":6900.0,"loser_holding_min":"0d 00:00","loser_holding_min_s":0.0,"loser_holding_max":"0d 04:00","loser_holding_max_s":14400.0,"loser_holding_avg":"0d 02:00","loser_holding_avg_s":7200.0,"max_consecutive_wins":4,"max_consecutive_losses":2,"max_drawdown_account":0.017120902028292865,"max_relative_drawdown":0.017122836000000006,"max_drawdown_abs":17.57554397,"drawdown_start":"2025-11-15 02:00:00","drawdown_start_ts":1763172000000.0,"drawdown_end":"2025-11-21 12:00:00","drawdown_end_ts":1763726400000.0,"drawdown_duration":"6 days 10:00:00","drawdown_duration_s":554400.0,"max_drawdown_low":8.979245080000005,"max_drawdown_high":26.554789050000004,"csum_min":982.877164,"csum_max":1026.55478905}},"strategy_comparison":[{"key":"ACO_32_5","trades":18,"profit_mean":0.002658996447760486,"profit_mean_pct":0.27,"profit_total_abs":15.403973650000005,"profit_total":0.015403973650000005,"profit_total_pct":1.54,"duration_avg":"1:57:00","wins":11,"draws":5,"losses":2,"winrate":0.6111111111111112,"cagr":0.0592080485281683,"expectancy":0.8557763138888894,"expectancy_ratio":-0.22845119165884153,"sortino":13.403533998554574,"sharpe":0.3980630650014173,"calmar":17.72069794361374,"sqn":0.4629,"profit_factor":1.4439392750704265,"max_drawdown_account":0.017120902028292865,"max_drawdown_abs":"17.576"}]}