{"strategy":{"ACO_43_11":{"trades":[{"pair":"DOGE/USDT","stake_amount":329.96816,"max_stake_amount":329.96816,"amount":1328.0,"open_date":"2025-10-07 19:00:00+00:00","close_date":"2025-10-07 21:00:00+00:00","open_rate":0.24847,"close_rate":0.25136,"fee_open":0.001,"fee_close":0.001,"trade_duration":120,"profit_ratio":0.009609941714421128,"profit_abs":3.17414576,"exit_reason":"roi","initial_stop_loss_abs":0.23605,"initial_stop_loss_ratio":-0.05,"stop_loss_abs":0.23605,"stop_loss_ratio":-0.05,"min_rate":0.2482,"max_rate":0.25214,"is_open":false,"enter_tag":"","leverage":1.0,"is_short":false,"open_timestamp":1759863600000,"close_timestamp":1759870800000,"orders":[{"amount":1328.0,"safe_price":0.24847,"ft_order_side":"buy","order_filled_timestamp":1759863600000,"ft_is_entry":true,"ft_order_tag":"","cost":330.29812816},{"amount":1328.0,"safe_price":0.25136,"ft_order_side":"sell","order_filled_timestamp":1759870800000,"ft_is_entry":false,"ft_order_tag":"roi","cost":334.13988607999994}],"funding_fees":0.0,"weekday":1},{"pair":"DOGE/USDT","stake_amount":330.90547,"max_stake_amount":330.90547,"amount":1399.0,"open_date":"2025-10-10 17:00:00+00:00","close_date":"2025-10-10 20:00:00+00:00","open_rate":0.23653,"close_rate":0.22471,"fee_open":0.001,"fee_close":0.001,"trade_duration":180,"profit_ratio":-0.05187067614666651,"profit_abs":-17.18145476,"exit_reason":"stop_loss","initial_stop_loss_abs":0.22471,"initial_stop_loss_ratio":-0.05,"stop_loss_abs":0.22471,"stop_loss_ratio":-0.05,"min_rate":0.21607,"max_rate":0.23714,"is_open":false,"enter_tag":"","leverage":1.0,"is_short":false,"open_timestamp":1760115600000,"close_timestamp":1760126400000,"orders":[{"amount":1399.0,"safe_price":0.23653,"ft_order_side":"buy","order_filled_timestamp":1760115600000,"ft_is_entry":true,"ft_order_tag":"","cost":331.2363754699999},{"amount":1399.0,"safe_price":0.22471,"ft_order_side":"sell","order_filled_timestamp":1760126400000,"ft_is_entry":false,"ft_order_tag":"stop_loss","cost":314.6836592899999}],"funding_fees":0.0,"weekday":4},{"pair":"DOGE/USDT","stake_amount":325.2744,"max_stake_amount":325.2744,"amount":1485.0,"open_date":"2025-10-10 21:00:00+00:00","close_date":"2025-10-10 21:00:00+00:00","open_rate":0.21904,"close_rate":0.20809,"fee_open":0.001,"fee_close":0.001,"trade_duration":0,"profit_ratio":-0.051888989388989386,"profit_abs":-16.89503805,"exit_reason":"stop_loss","initial_stop_loss_abs":0.20809,"initial_stop_loss_ratio":-0.05,"stop_loss_abs":0.20809,"stop_loss_ratio":-0.05,"min_rate":0.095,"max_rate":0.22132,"is_open":false,"enter_tag":"","leverage":1.0,"is_short":false,"open_timestamp":1760130000000,"close_timestamp":1760130000000,"orders":[{"amount":1485.0,"safe_price":0.21904,"ft_order_side":"buy","order_filled_timestamp":1760130000000,"ft_is_entry":true,"ft_order_tag":"","cost":325.59967439999997},{"amount":1485.0,"safe_price":0.20809,"ft_order_side":"sell","order_filled_timestamp":1760130000000,"ft_is_entry":false,"ft_order_tag":"stop_loss","cost":309.3226636499999}],"funding_fees":0.0,"weekday":4},{"pair":"DOGE/USDT","stake_amount":319.61955,"max_stake_amount":319.61955,"amount":1717.0,"open_date":"2025-10-10 22:00:00+00:00","close_date":"2025-10-10 22:00:00+00:00","open_rate":0.18615,"close_rate":0.17685,"fee_open":0.001,"fee_close":0.001,"trade_duration":0,"profit_ratio":-0.051857892309141305,"profit_abs":-16.591371,"exit_reason":"stop_loss","initial_stop_loss_abs":0.17685,"initial_stop_loss_ratio":-0.05,"stop_loss_abs":0.17685,"stop_loss_ratio":-0.05,"min_rate":0.16923,"max_rate":0.19509,"is_open":false,"enter_tag":"","leverage":1.0,"is_short":false,"open_timestamp":1760133600000,"close_timestamp":1760133600000,"orders":[{"amount":1717.0,"safe_price":0.18615,"ft_order_side":"buy","order_filled_timestamp":1760133600000,"ft_is_entry":true,"ft_order_tag":"","cost":319.93916955},{"amount":1717.0,"safe_price":0.17685,"ft_order_side":"sell","order_filled_timestamp":1760133600000,"ft_is_entry":false,"ft_order_tag":"stop_loss","cost":303.95510145}],"funding_fees":0.0,"weekday":4},{"pair":"DOGE/USDT","stake_amount":314.29647,"max_stake_amount":314.29647,"amount":1619.0,"open_date":"2025-10-10 23:00:00+00:00","close_date":"2025-10-11 01:00:00+00:00","open_rate":0.19413,"close_rate":0.19537,"fee_open":0.001,"fee_close":0.001,"trade_duration":120,"profit_ratio":0.004376708131923709,"profit_abs":1.3769595,"exit_reason":"roi","initial_stop_loss_abs":0.18443,"initial_stop_loss_ratio":-0.05,"stop_loss_abs":0.18443,"stop_loss_ratio":-0.05,"min_rate":0.18495,"max_rate":0.2,"is_open":false,"enter_tag":"","leverage":1.0,"is_short":false,"open_timestamp":1760137200000,"close_timestamp":1760144400000,"orders":[{"amount":1619.0,"safe_price":0.19413,"ft_order_side":"buy","order_filled_timestamp":1760137200000,"ft_is_entry":true,"ft_order_tag":"","cost":314.61076647},{"amount":1619.0,"safe_price":0.19537,"ft_order_side":"sell","order_filled_timestamp":1760144400000,"ft_is_entry":false,"ft_order_tag":"roi","cost":316.6203340299999}],"funding_fees":0.0,"weekday":5},{"pair":"DOGE/USDT","stake_amount":314.75601,"max_stake_amount":314.75601,"amount":1663.0,"open_date":"2025-10-11 02:00:00+00:00","close_date":"2025-10-11 03:00:00+00:00","open_rate":0.18927,"close_rate":0.19912189189189186,"fee_open":0.001,"fee_close":0.001,"trade_duration":60,"profit_ratio":0.04995004995004995,"profit_abs":15.7378005,"exit_reason":"roi","initial_stop_loss_abs":0.17981,"initial_stop_loss_ratio":-0.05,"stop_loss_abs":0.17981,"stop_loss_ratio":-0.05,"min_rate":0.189,"max_rate":0.20048,"is_open":false,"enter_tag":"","leverage":1.0,"is_short":false,"open_timestamp":1760148000000,"close_timestamp":1760151600000,"orders":[{"amount":1663.0,"safe_price":0.18927,"ft_order_side":"buy","order_filled_timestamp":1760148000000,"ft_is_entry":true,"ft_order_tag":"","cost":315.07076600999994},{"amount":1663.0,"safe_price":0.19912189189189186,"ft_order_side":"sell","order_filled_timestamp":1760151600000,"ft_is_entry":false,"ft_order_tag":"roi","cost":331.4708459224323}],"funding_fees":0.0,"weekday":5},{"pair":"DOGE/USDT","stake_amount":319.80162,"max_stake_amount":319.80162,"amount":1734.0,"open_date":"2025-10-11 20:00:00+00:00","close_date":"2025-10-11 22:00:00+00:00","open_rate":0.18443,"close_rate":0.18479922922922923,"fee_open":0.001,"fee_close":0.001,"trade_duration":120,"profit_ratio":0.0,"profit_abs":0.0,"exit_reason":"roi","initial_stop_loss_abs":0.17521,"initial_stop_loss_ratio":-0.05,"stop_loss_abs":0.17521,"stop_loss_ratio":-0.05,"min_rate":0.17816,"max_rate":0.18622,"is_open":false,"enter_tag":"","leverage":1.0,"is_short":false,"open_timestamp":1760212800000,"close_timestamp":1760220000000,"orders":[{"amount":1734.0,"safe_price":0.18443,"ft_order_side":"buy","order_filled_timestamp":1760212800000,"ft_is_entry":true,"ft_order_tag":"","cost":320.12142162},{"amount":1734.0,"safe_price":0.18479922922922923,"ft_order_side":"sell","order_filled_timestamp":1760220000000,"ft_is_entry":false,"ft_order_tag":"roi","cost":320.7623053469669}],"funding_fees":0.0,"weekday":5},{"pair":"DOGE/USDT","stake_amount":319.83897,"max_stake_amount":319.83897,"amount":1759.0,"open_date":"2025-10-12 02:00:00+00:00","close_date":"2025-10-12 04:00:00+00:00","open_rate":0.18183,"close_rate":0.18523,"fee_open":0.001,"fee_close":0.001,"trade_duration":120,"profit_ratio":0.01666342237205131,"profit_abs":5.33494146,"exit_reason":"roi","initial_stop_loss_abs":0.17274,"initial_stop_loss_ratio":-0.05,"stop_loss_abs":0.17274,"stop_loss_ratio":-0.05,"min_rate":0.18072,"max_rate":0.18894,"is_open":false,"enter_tag":"","leverage":1.0,"is_short":false,"open_timestamp":1760234400000,"close_timestamp":1760241600000,"orders":[{"amount":1759.0,"safe_price":0.18183,"ft_order_side":"buy","order_filled_timestamp":1760234400000,"ft_is_entry":true,"ft_order_tag":"","cost":320.15880896999994},{"amount":1759.0,"safe_price":0.18523,"ft_order_side":"sell","order_filled_timestamp":1760241600000,"ft_is_entry":false,"ft_order_tag":"roi","cost":326.14538956999996}],"funding_fees":0.0,"weekday":6},{"pair":"DOGE/USDT","stake_amount":321.54128,"max_stake_amount":321.54128,"amount":1648.0,"open_date":"2025-10-15 22:00:00+00:00","close_date":"2025-10-16 00:00:00+00:00","open_rate":0.19511,"close_rate":0.19621,"fee_open":0.001,"fee_close":0.001,"trade_duration":120,"profit_ratio":0.003628578893813889,"profit_abs":1.16790464,"exit_reason":"roi","initial_stop_loss_abs":0.18536,"initial_stop_loss_ratio":-0.05,"stop_loss_abs":0.18536,"stop_loss_ratio":-0.05,"min_rate":0.1946,"max_rate":0.19684,"is_open":false,"enter_tag":"","leverage":1.0,"is_short":false,"open_timestamp":1760565600000,"close_timestamp":1760572800000,"orders":[{"amount":1648.0,"safe_price":0.19511,"ft_order_side":"buy","order_filled_timestamp":1760565600000,"ft_is_entry":true,"ft_order_tag":"","cost":321.86282128},{"amount":1648.0,"safe_price":0.19621,"ft_order_side":"sell","order_filled_timestamp":1760572800000,"ft_is_entry":false,"ft_order_tag":"roi","cost":323.67743407999995}],"funding_fees":0.0,"weekday":3},{"pair":"DOGE/USDT","stake_amount":322.014,"max_stake_amount":322.014,"amount":1700.0,"open_date":"2025-10-16 16:00:00+00:00","close_date":"2025-10-16 18:00:00+00:00","open_rate":0.18942,"close_rate":0.19127,"fee_open":0.001,"fee_close":0.001,"trade_duration":120,"profit_ratio":0.007749140311699704,"profit_abs":2.497827,"exit_reason":"roi","initial_stop_loss_abs":0.17995,"initial_stop_loss_ratio":-0.05,"stop_loss_abs":0.17995,"stop_loss_ratio":-0.05,"min_rate":0.1875,"max_rate":0.19484,"is_open":false,"enter_tag":"","leverage":1.0,"is_short":false,"open_timestamp":1760630400000,"close_timestamp":1760637600000,"orders":[{"amount":1700.0,"safe_price":0.18942,"ft_order_side":"buy","order_filled_timestamp":1760630400000,"ft_is_entry":true,"ft_order_tag":"","cost":322.336014},{"amount":1700.0,"safe_price":0.19127,"ft_order_side":"sell","order_filled_timestamp":1760637600000,"ft_is_entry":false,"ft_order_tag":"roi","cost":325.484159}],"funding_fees":0.0,"weekday":3},{"pair":"DOGE/USDT","stake_amount":322.89072,"max_stake_amount":322.89072,"amount":1808.0,"open_date":"2025-10-17 08:00:00+00:00","close_date":"2025-10-17 10:00:00+00:00","open_rate":0.17859,"close_rate":0.1789475375375375,"fee_open":0.001,"fee_close":0.001,"trade_duration":120,"profit_ratio":0.0,"profit_abs":0.0,"exit_reason":"roi","initial_stop_loss_abs":0.16967,"initial_stop_loss_ratio":-0.05,"stop_loss_abs":0.16967,"stop_loss_ratio":-0.05,"min_rate":0.17555,"max_rate":0.18194,"is_open":false,"enter_tag":"","leverage":1.0,"is_short":false,"open_timestamp":1760688000000,"close_timestamp":1760695200000,"orders":[{"amount":1808.0,"safe_price":0.17859,"ft_order_side":"buy","order_filled_timestamp":1760688000000,"ft_is_entry":true,"ft_order_tag":"","cost":323.21361071999996},{"amount":1808.0,"safe_price":0.1789475375375375,"ft_order_side":"sell","order_filled_timestamp":1760695200000,"ft_is_entry":false,"ft_order_tag":"roi","cost":323.86068501573567}],"funding_fees":0.0,"weekday":4},{"pair":"DOGE/USDT","stake_amount":322.89402,"max_stake_amount":322.89402,"amount":1721.0,"open_date":"2025-10-22 22:00:00+00:00","close_date":"2025-10-23 00:00:00+00:00","open_rate":0.18762,"close_rate":0.18993,"fee_open":0.001,"fee_close":0.001,"trade_duration":120,"profit_ratio":0.01028951860419721,"profit_abs":3.32574645,"exit_reason":"roi","initial_stop_loss_abs":0.17824,"initial_stop_loss_ratio":-0.05,"stop_loss_abs":0.17824,"stop_loss_ratio":-0.05,"min_rate":0.18671,"max_rate":0.19094,"is_open":false,"enter_tag":"","leverage":1.0,"is_short":false,"open_timestamp":1761170400000,"close_timestamp":1761177600000,"orders":[{"amount":1721.0,"safe_price":0.18762,"ft_order_side":"buy","order_filled_timestamp":1761170400000,"ft_is_entry":true,"ft_order_tag":"","cost":323.21691402},{"amount":1721.0,"safe_price":0.18993,"ft_order_side":"sell","order_filled_timestamp":1761177600000,"ft_is_entry":false,"ft_order_tag":"roi","cost":327.19639952999995}],"funding_fees":0.0,"weekday":3},{"pair":"DOGE/USDT","stake_amount":323.96305,"max_stake_amount":323.96305,"amount":1679.0,"open_date":"2025-10-28 21:00:00+00:00","close_date":"2025-10-28 23:00:00+00:00","open_rate":0.19295,"close_rate":0.19408,"fee_open":0.001,"fee_close":0.001,"trade_duration":120,"profit_ratio":0.003846736316288014,"profit_abs":1.24744663,"exit_reason":"roi","initial_stop_loss_abs":0.18331,"initial_stop_loss_ratio":-0.05,"stop_loss_abs":0.18331,"stop_loss_ratio":-0.05,"min_rate":0.19006,"max_rate":0.1942,"is_open":false,"enter_tag":"","leverage":1.0,"is_short":false,"open_timestamp":1761685200000,"close_timestamp":1761692400000,"orders":[{"amount":1679.0,"safe_price":0.19295,"ft_order_side":"buy","order_filled_timestamp":1761685200000,"ft_is_entry":true,"ft_order_tag":"","cost":324.28701305},{"amount":1679.0,"safe_price":0.19408,"ft_order_side":"sell","order_filled_timestamp":1761692400000,"ft_is_entry":false,"ft_order_tag":"roi","cost":326.18618031999995}],"funding_fees":0.0,"weekday":1},{"pair":"DOGE/USDT","stake_amount":324.43623,"max_stake_amount":324.43623,"amount":1779.0,"open_date":"2025-10-30 14:00:00+00:00","close_date":"2025-10-30 23:00:00+00:00","open_rate":0.18237,"close_rate":0.1827351051051051,"fee_open":0.001,"fee_close":0.001,"trade_duration":540,"profit_ratio":0.0,"profit_abs":0.0,"exit_reason":"roi","initial_stop_loss_abs":0.17326,"initial_stop_loss_ratio":-0.05,"stop_loss_abs":0.17326,"stop_loss_ratio":-0.05,"min_rate":0.17642,"max_rate":0.18361,"is_open":false,"enter_tag":"","leverage":1.0,"is_short":false,"open_timestamp":1761832800000,"close_timestamp":1761865200000,"orders":[{"amount":1779.0,"safe_price":0.18237,"ft_order_side":"buy","order_filled_timestamp":1761832800000,"ft_is_entry":true,"ft_order_tag":"","cost":324.76066622999997},{"amount":1779.0,"safe_price":0.1827351051051051,"ft_order_side":"sell","order_filled_timestamp":1761865200000,"ft_is_entry":false,"ft_order_tag":"roi","cost":325.4108377339639}],"funding_fees":0.0,"weekday":3},{"pair":"DOGE/USDT","stake_amount":324.34076,"max_stake_amount":324.34076,"amount":1852.0,"open_date":"2025-11-03 04:00:00+00:00","close_date":"2025-11-03 12:00:00+00:00","open_rate":0.17513,"close_rate":0.1754806106106106,"fee_open":0.001,"fee_close":0.001,"trade_duration":480,"profit_ratio":0.0,"profit_abs":0.0,"exit_reason":"roi","initial_stop_loss_abs":0.16638,"initial_stop_loss_ratio":-0.05,"stop_loss_abs":0.16638,"stop_loss_ratio":-0.05,"min_rate":0.17111,"max_rate":0.17672,"is_open":false,"enter_tag":"","leverage":1.0,"is_short":false,"open_timestamp":1762142400000,"close_timestamp":1762171200000,"orders":[{"amount":1852.0,"safe_price":0.17513,"ft_order_side":"buy","order_filled_timestamp":1762142400000,"ft_is_entry":true,"ft_order_tag":"","cost":324.66510076},{"amount":1852.0,"safe_price":0.1754806106106106,"ft_order_side":"sell","order_filled_timestamp":1762171200000,"ft_is_entry":false,"ft_order_tag":"roi","cost":325.31508094170164}],"funding_fees":0.0,"weekday":0},{"pair":"DOGE/USDT","stake_amount":324.35284,"max_stake_amount":324.35284,"amount":1942.0,"open_date":"2025-11-03 16:00:00+00:00","close_date":"2025-11-03 18:00:00+00:00","open_rate":0.16702,"close_rate":0.17137,"fee_open":0.001,"fee_close":0.001,"trade_duration":120,"profit_ratio":0.023994745525101172,"profit_abs":7.79054662,"exit_reason":"roi","initial_stop_loss_abs":0.15867,"initial_stop_loss_ratio":-0.05,"stop_loss_abs":0.15867,"stop_loss_ratio":-0.05,"min_rate":0.16553,"max_rate":0.1717,"is_open":false,"enter_tag":"","leverage":1.0,"is_short":false,"open_timestamp":1762185600000,"close_timestamp":1762192800000,"orders":[{"amount":1942.0,"safe_price":0.16702,"ft_order_side":"buy","order_filled_timestamp":1762185600000,"ft_is_entry":true,"ft_order_tag":"","cost":324.67719284},{"amount":1942.0,"safe_price":0.17137,"ft_order_side":"sell","order_filled_timestamp":1762192800000,"ft_is_entry":false,"ft_order_tag":"roi","cost":333.13334053999995}],"funding_fees":0.0,"weekday":0},{"pair":"DOGE/USDT","stake_amount":326.99183,"max_stake_amount":326.99183,"amount":1969.0,"open_date":"2025-11-03 21:00:00+00:00","close_date":"2025-11-03 23:00:00+00:00","open_rate":0.16607,"close_rate":0.16640247247247245,"fee_open":0.001,"fee_close":0.001,"trade_duration":120,"profit_ratio":0.0,"profit_abs":0.0,"exit_reason":"roi","initial_stop_loss_abs":0.15777,"initial_stop_loss_ratio":-0.05,"stop_loss_abs":0.15777,"stop_loss_ratio":-0.05,"min_rate":0.16433,"max_rate":0.1679,"is_open":false,"enter_tag":"","leverage":1.0,"is_short":false,"open_timestamp":1762203600000,"close_timestamp":1762210800000,"orders":[{"amount":1969.0,"safe_price":0.16607,"ft_order_side":"buy","order_filled_timestamp":1762203600000,"ft_is_entry":true,"ft_order_tag":"","cost":327.31882182999993},{"amount":1969.0,"safe_price":0.16640247247247245,"ft_order_side":"sell","order_filled_timestamp":1762210800000,"ft_is_entry":false,"ft_order_tag":"roi","cost":327.97411476659653}],"funding_fees":0.0,"weekday":0},{"pair":"DOGE/USDT","stake_amount":327.0127,"max_stake_amount":327.0127,"amount":2030.0,"open_date":"2025-11-04 06:00:00+00:00","close_date":"2025-11-04 08:00:00+00:00","open_rate":0.16109,"close_rate":0.16201,"fee_open":0.001,"fee_close":0.001,"trade_duration":120,"profit_ratio":0.0037016804041448653,"profit_abs":1.211707,"exit_reason":"roi","initial_stop_loss_abs":0.15304,"initial_stop_loss_ratio":-0.05,"stop_loss_abs":0.15304,"stop_loss_ratio":-0.05,"min_rate":0.16062,"max_rate":0.16735,"is_open":false,"enter_tag":"","leverage":1.0,"is_short":false,"open_timestamp":1762236000000,"close_timestamp":1762243200000,"orders":[{"amount":2030.0,"safe_price":0.16109,"ft_order_side":"buy","order_filled_timestamp":1762236000000,"ft_is_entry":true,"ft_order_tag":"","cost":327.33971269999995},{"amount":2030.0,"safe_price":0.16201,"ft_order_side":"sell","order_filled_timestamp":1762243200000,"ft_is_entry":false,"ft_order_tag":"roi","cost":329.20918029999996}],"funding_fees":0.0,"weekday":1},{"pair":"DOGE/USDT","stake_amount":327.40344,"max_stake_amount":327.40344,"amount":1976.0,"open_date":"2025-11-13 18:00:00+00:00","close_date":"2025-11-14 07:00:00+00:00","open_rate":0.16569,"close_rate":0.16602171171171168,"fee_open":0.001,"fee_close":0.001,"trade_duration":780,"profit_ratio":0.0,"profit_abs":0.0,"exit_reason":"roi","initial_stop_loss_abs":0.15741,"initial_stop_loss_ratio":-0.05,"stop_loss_abs":0.15741,"stop_loss_ratio":-0.05,"min_rate":0.1591,"max_rate":0.16628,"is_open":false,"enter_tag":"","leverage":1.0,"is_short":false,"open_timestamp":1763056800000,"close_timestamp":1763103600000,"orders":[{"amount":1976.0,"safe_price":0.16569,"ft_order_side":"buy","order_filled_timestamp":1763056800000,"ft_is_entry":true,"ft_order_tag":"","cost":327.73084343999994},{"amount":1976.0,"safe_price":0.16602171171171168,"ft_order_side":"sell","order_filled_timestamp":1763103600000,"ft_is_entry":false,"ft_order_tag":"roi","cost":328.3869612446846}],"funding_fees":0.0,"weekday":4},{"pair":"DOGE/USDT","stake_amount":327.31314,"max_stake_amount":327.31314,"amount":2094.0,"open_date":"2025-11-16 17:00:00+00:00","close_date":"2025-11-16 19:00:00+00:00","open_rate":0.15631,"close_rate":0.15662293293293292,"fee_open":0.001,"fee_close":0.001,"trade_duration":120,"profit_ratio":0.0,"profit_abs":0.0,"exit_reason":"roi","initial_stop_loss_abs":0.1485,"initial_stop_loss_ratio":-0.05,"stop_loss_abs":0.1485,"stop_loss_ratio":-0.05,"min_rate":0.1536,"max_rate":0.15794,"is_open":false,"enter_tag":"","leverage":1.0,"is_short":false,"open_timestamp":1763312400000,"close_timestamp":1763319600000,"orders":[{"amount":2094.0,"safe_price":0.15631,"ft_order_side":"buy","order_filled_timestamp":1763312400000,"ft_is_entry":true,"ft_order_tag":"","cost":327.64045314},{"amount":2094.0,"safe_price":0.15662293293293292,"ft_order_side":"sell","order_filled_timestamp":1763319600000,"ft_is_entry":false,"ft_order_tag":"roi","cost":328.29638998312305}],"funding_fees":0.0,"weekday":6},{"pair":"DOGE/USDT","stake_amount":327.31349,"max_stake_amount":327.31349,"amount":2191.0,"open_date":"2025-11-19 18:00:00+00:00","close_date":"2025-11-19 20:00:00+00:00","open_rate":0.14939,"close_rate":0.14968907907907905,"fee_open":0.001,"fee_close":0.001,"trade_duration":120,"profit_ratio":0.0,"profit_abs":0.0,"exit_reason":"roi","initial_stop_loss_abs":0.14193,"initial_stop_loss_ratio":-0.05,"stop_loss_abs":0.14193,"stop_loss_ratio":-0.05,"min_rate":0.14712,"max_rate":0.15089,"is_open":false,"enter_tag":"","leverage":1.0,"is_short":false,"open_timestamp":1763575200000,"close_timestamp":1763582400000,"orders":[{"amount":2191.0,"safe_price":0.14939,"ft_order_side":"buy","order_filled_timestamp":1763575200000,"ft_is_entry":true,"ft_order_tag":"","cost":327.64080348999994},{"amount":2191.0,"safe_price":0.14968907907907905,"ft_order_side":"sell","order_filled_timestamp":1763582400000,"ft_is_entry":false,"ft_order_tag":"roi","cost":328.2967410345244}],"funding_fees":0.0,"weekday":2},{"pair":"DOGE/USDT","stake_amount":327.36726,"max_stake_amount":327.36726,"amount":2222.0,"open_date":"2025-11-20 19:00:00+00:00","close_date":"2025-11-20 21:00:00+00:00","open_rate":0.14733,"close_rate":0.14931,"fee_open":0.001,"fee_close":0.001,"trade_duration":120,"profit_ratio":0.011414364499275922,"profit_abs":3.74042592,"exit_reason":"roi","initial_stop_loss_abs":0.13997,"initial_stop_loss_ratio":-0.05,"stop_loss_abs":0.13997,"stop_loss_ratio":-0.05,"min_rate":0.14623,"max_rate":0.1523,"is_open":false,"enter_tag":"","leverage":1.0,"is_short":false,"open_timestamp":1763665200000,"close_timestamp":1763672400000,"orders":[{"amount":2222.0,"safe_price":0.14733,"ft_order_side":"buy","order_filled_timestamp":1763665200000,"ft_is_entry":true,"ft_order_tag":"","cost":327.69462725999995},{"amount":2222.0,"safe_price":0.14931,"ft_order_side":"sell","order_filled_timestamp":1763672400000,"ft_is_entry":false,"ft_order_tag":"roi","cost":332.09858682}],"funding_fees":0.0,"weekday":3},{"pair":"DOGE/USDT","stake_amount":328.55935,"max_stake_amount":328.55935,"amount":2341.0,"open_date":"2025-11-21 08:00:00+00:00","close_date":"2025-11-21 12:00:00+00:00","open_rate":0.14035,"close_rate":0.13334,"fee_open":0.001,"fee_close":0.001,"trade_duration":240,"profit_ratio":-0.05184477083301452,"profit_abs":-17.05111829,"exit_reason":"stop_loss","initial_stop_loss_abs":0.13334,"initial_stop_loss_ratio":-0.05,"stop_loss_abs":0.13334,"stop_loss_ratio":-0.05,"min_rate":0.13321,"max_rate":0.14234,"is_open":false,"enter_tag":"","leverage":1.0,"is_short":false,"open_timestamp":1763712000000,"close_timestamp":1763726400000,"orders":[{"amount":2341.0,"safe_price":0.14035,"ft_order_side":"buy","order_filled_timestamp":1763712000000,"ft_is_entry":true,"ft_order_tag":"","cost":328.88790935},{"amount":2341.0,"safe_price":0.13334,"ft_order_side":"sell","order_filled_timestamp":1763726400000,"ft_is_entry":false,"ft_order_tag":"stop_loss","cost":312.46108893999997}],"funding_fees":0.0,"weekday":4},{"pair":"DOGE/USDT","stake_amount":322.96575,"max_stake_amount":322.96575,"amount":2325.0,"open_date":"2025-12-01 01:00:00+00:00","close_date":"2025-12-01 15:00:00+00:00","open_rate":0.13891,"close_rate":0.13197,"fee_open":0.001,"fee_close":0.001,"trade_duration":840,"profit_ratio":-0.051858587025241695,"profit_abs":-16.765296,"exit_reason":"stop_loss","initial_stop_loss_abs":0.13197,"initial_stop_loss_ratio":-0.05,"stop_loss_abs":0.13197,"stop_loss_ratio":-0.05,"min_rate":0.13177,"max_rate":0.14064,"is_open":false,"enter_tag":"","leverage":1.0,"is_short":false,"open_timestamp":1764550800000,"close_timestamp":1764601200000,"orders":[{"amount":2325.0,"safe_price":0.13891,"ft_order_side":"buy","order_filled_timestamp":1764550800000,"ft_is_entry":true,"ft_order_tag":"","cost":323.28871575},{"amount":2325.0,"safe_price":0.13197,"ft_order_side":"sell","order_filled_timestamp":1764601200000,"ft_is_entry":false,"ft_order_tag":"stop_loss","cost":307.13708025}],"funding_fees":0.0,"weekday":0},{"pair":"DOGE/USDT","stake_amount":317.48452,"max_stake_amount":317.48452,"amount":2218.0,"open_date":"2025-12-05 14:00:00+00:00","close_date":"2025-12-07 14:00:00+00:00","open_rate":0.14314,"close_rate":0.13599,"fee_open":0.001,"fee_close":0.001,"trade_duration":2880,"profit_ratio":-0.051849296435016706,"profit_abs":-16.47781034,"exit_reason":"stop_loss","initial_stop_loss_abs":0.13599,"initial_stop_loss_ratio":-0.05,"stop_loss_abs":0.13599,"stop_loss_ratio":-0.05,"min_rate":0.13486,"max_rate":0.14466,"is_open":false,"enter_tag":"","leverage":1.0,"is_short":false,"open_timestamp":1764943200000,"close_timestamp":1765116000000,"orders":[{"amount":2218.0,"safe_price":0.14314,"ft_order_side":"buy","order_filled_timestamp":1764943200000,"ft_is_entry":true,"ft_order_tag":"","cost":317.8020045199999},{"amount":2218.0,"safe_price":0.13599,"ft_order_side":"sell","order_filled_timestamp":1765116000000,"ft_is_entry":false,"ft_order_tag":"stop_loss","cost":301.92744581999995}],"funding_fees":0.0,"weekday":6},{"pair":"DOGE/USDT","stake_amount":312.03826,"max_stake_amount":312.03826,"amount":2309.0,"open_date":"2025-12-07 15:00:00+00:00","close_date":"2025-12-07 17:00:00+00:00","open_rate":0.13514,"close_rate":0.13923,"fee_open":0.001,"fee_close":0.001,"trade_duration":120,"profit_ratio":0.028206439113646453,"profit_abs":8.81028967,"exit_reason":"roi","initial_stop_loss_abs":0.12839,"initial_stop_loss_ratio":-0.05,"stop_loss_abs":0.12839,"stop_loss_ratio":-0.05,"min_rate":0.13504,"max_rate":0.1421,"is_open":false,"enter_tag":"","leverage":1.0,"is_short":false,"open_timestamp":1765119600000,"close_timestamp":1765126800000,"orders":[{"amount":2309.0,"safe_price":0.13514,"ft_order_side":"buy","order_filled_timestamp":1765119600000,"ft_is_entry":true,"ft_order_tag":"","cost":312.35029826},{"amount":2309.0,"safe_price":0.13923,"ft_order_side":"sell","order_filled_timestamp":1765126800000,"ft_is_entry":false,"ft_order_tag":"roi","cost":321.8035520699999}],"funding_fees":0.0,"weekday":6},{"pair":"DOGE/USDT","stake_amount":314.92888,"max_stake_amount":314.92888,"amount":2254.0,"open_date":"2025-12-11 02:00:00+00:00","close_date":"2025-12-11 20:00:00+00:00","open_rate":0.13972,"close_rate":0.13999971971971972,"fee_open":0.001,"fee_close":0.001,"trade_duration":1080,"profit_ratio":0.0,"profit_abs":0.0,"exit_reason":"roi","initial_stop_loss_abs":0.13274,"initial_stop_loss_ratio":-0.05,"stop_loss_abs":0.13274,"stop_loss_ratio":-0.05,"min_rate":0.13623,"max_rate":0.14023,"is_open":false,"enter_tag":"","leverage":1.0,"is_short":false,"open_timestamp":1765418400000,"close_timestamp":1765483200000,"orders":[{"amount":2254.0,"safe_price":0.13972,"ft_order_side":"buy","order_filled_timestamp":1765418400000,"ft_is_entry":true,"ft_order_tag":"","cost":315.24380888},{"amount":2254.0,"safe_price":0.13999971971971972,"ft_order_side":"sell","order_filled_timestamp":1765483200000,"ft_is_entry":false,"ft_order_tag":"roi","cost":315.87492761649645}],"funding_fees":0.0,"weekday":3},{"pair":"DOGE/USDT","stake_amount":314.88642,"max_stake_amount":314.88642,"amount":2322.0,"open_date":"2025-12-12 16:00:00+00:00","close_date":"2025-12-12 18:00:00+00:00","open_rate":0.13561,"close_rate":0.13588149149149148,"fee_open":0.001,"fee_close":0.001,"trade_duration":120,"profit_ratio":0.0,"profit_abs":0.0,"exit_reason":"roi","initial_stop_loss_abs":0.12883,"initial_stop_loss_ratio":-0.05,"stop_loss_abs":0.12883,"stop_loss_ratio":-0.05,"min_rate":0.13428,"max_rate":0.13728,"is_open":false,"enter_tag":"","leverage":1.0,"is_short":false,"open_timestamp":1765555200000,"close_timestamp":1765562400000,"orders":[{"amount":2322.0,"safe_price":0.13561,"ft_order_side":"buy","order_filled_timestamp":1765555200000,"ft_is_entry":true,"ft_order_tag":"","cost":315.20130642000004},{"amount":2322.0,"safe_price":0.13588149149149148,"ft_order_side":"sell","order_filled_timestamp":1765562400000,"ft_is_entry":false,"ft_order_tag":"roi","cost":315.83234006648644}],"funding_fees":0.0,"weekday":4},{"pair":"DOGE/USDT","stake_amount":314.92911,"max_stake_amount":314.92911,"amount":2323.0,"open_date":"2025-12-14 15:00:00+00:00","close_date":"2025-12-15 01:00:00+00:00","open_rate":0.13557,"close_rate":0.13584141141141137,"fee_open":0.001,"fee_close":0.001,"trade_duration":600,"profit_ratio":0.0,"profit_abs":0.0,"exit_reason":"roi","initial_stop_loss_abs":0.1288,"initial_stop_loss_ratio":-0.05,"stop_loss_abs":0.1288,"stop_loss_ratio":-0.05,"min_rate":0.13261,"max_rate":0.13683,"is_open":false,"enter_tag":"","leverage":1.0,"is_short":false,"open_timestamp":1765724400000,"close_timestamp":1765760400000,"orders":[{"amount":2323.0,"safe_price":0.13557,"ft_order_side":"buy","order_filled_timestamp":1765724400000,"ft_is_entry":true,"ft_order_tag":"","cost":315.24403910999996},{"amount":2323.0,"safe_price":0.13584141141141137,"ft_order_side":"sell","order_filled_timestamp":1765760400000,"ft_is_entry":false,"ft_order_tag":"roi","cost":315.8751583074173}],"funding_fees":0.0,"weekday":0},{"pair":"DOGE/USDT","stake_amount":314.87008,"max_stake_amount":314.87008,"amount":2408.0,"open_date":"2025-12-15 16:00:00+00:00","close_date":"2025-12-16 10:00:00+00:00","open_rate":0.13076,"close_rate":0.13102178178178175,"fee_open":0.001,"fee_close":0.001,"trade_duration":1080,"profit_ratio":0.0,"profit_abs":0.0,"exit_reason":"roi","initial_stop_loss_abs":0.12423,"initial_stop_loss_ratio":-0.05,"stop_loss_abs":0.12423,"stop_loss_ratio":-0.05,"min_rate":0.12661,"max_rate":0.13149,"is_open":false,"enter_tag":"","leverage":1.0,"is_short":false,"open_timestamp":1765814400000,"close_timestamp":1765879200000,"orders":[{"amount":2408.0,"safe_price":0.13076,"ft_order_side":"buy","order_filled_timestamp":1765814400000,"ft_is_entry":true,"ft_order_tag":"","cost":315.18495007999996},{"amount":2408.0,"safe_price":0.13102178178178175,"ft_order_side":"sell","order_filled_timestamp":1765879200000,"ft_is_entry":false,"ft_order_tag":"roi","cost":315.815950981061}],"funding_fees":0.0,"weekday":1},{"pair":"DOGE/USDT","stake_amount":314.88678,"max_stake_amount":314.88678,"amount":2539.0,"open_date":"2025-12-25 23:00:00+00:00","close_date":"2025-12-26 02:00:00+00:00","open_rate":0.12402,"close_rate":0.12426828828828829,"fee_open":0.001,"fee_close":0.001,"trade_duration":180,"profit_ratio":0.0,"profit_abs":0.0,"exit_reason":"roi","initial_stop_loss_abs":0.11782,"initial_stop_loss_ratio":-0.05,"stop_loss_abs":0.11782,"stop_loss_ratio":-0.05,"min_rate":0.123,"max_rate":0.12752,"is_open":false,"enter_tag":"","leverage":1.0,"is_short":false,"open_timestamp":1766703600000,"close_timestamp":1766714400000,"orders":[{"amount":2539.0,"safe_price":0.12402,"ft_order_side":"buy","order_filled_timestamp":1766703600000,"ft_is_entry":true,"ft_order_tag":"","cost":315.2016667799999},{"amount":2539.0,"safe_price":0.12426828828828829,"ft_order_side":"sell","order_filled_timestamp":1766714400000,"ft_is_entry":false,"ft_order_tag":"roi","cost":315.83270114792793}],"funding_fees":0.0,"weekday":4},{"pair":"DOGE/USDT","stake_amount":314.87692,"max_stake_amount":314.87692,"amount":2578.0,"open_date":"2025-12-26 16:00:00+00:00","close_date":"2025-12-26 19:00:00+00:00","open_rate":0.12214,"close_rate":0.12238452452452452,"fee_open":0.001,"fee_close":0.001,"trade_duration":180,"profit_ratio":0.0,"profit_abs":0.0,"exit_reason":"roi","initial_stop_loss_abs":0.11604,"initial_stop_loss_ratio":-0.05,"stop_loss_abs":0.11604,"stop_loss_ratio":-0.05,"min_rate":0.12064,"max_rate":0.12247,"is_open":false,"enter_tag":"","leverage":1.0,"is_short":false,"open_timestamp":1766764800000,"close_timestamp":1766775600000,"orders":[{"amount":2578.0,"safe_price":0.12214,"ft_order_side":"buy","order_filled_timestamp":1766764800000,"ft_is_entry":true,"ft_order_tag":"","cost":315.19179691999994},{"amount":2578.0,"safe_price":0.12238452452452452,"ft_order_side":"sell","order_filled_timestamp":1766775600000,"ft_is_entry":false,"ft_order_tag":"roi","cost":315.82281152844837}],"funding_fees":0.0,"weekday":4},{"pair":"DOGE/USDT","stake_amount":314.96653,"max_stake_amount":314.96653,"amount":2647.0,"open_date":"2025-12-31 17:00:00+00:00","close_date":"2026-01-01 08:00:00+00:00","open_rate":0.11899,"close_rate":0.1192282182182182,"fee_open":0.001,"fee_close":0.001,"trade_duration":900,"profit_ratio":0.0,"profit_abs":0.0,"exit_reason":"roi","initial_stop_loss_abs":0.11305,"initial_stop_loss_ratio":-0.05,"stop_loss_abs":0.11305,"stop_loss_ratio":-0.05,"min_rate":0.11612,"max_rate":0.12042,"is_open":false,"enter_tag":"","leverage":1.0,"is_short":false,"open_timestamp":1767200400000,"close_timestamp":1767254400000,"orders":[{"amount":2647.0,"safe_price":0.11899,"ft_order_side":"buy","order_filled_timestamp":1767200400000,"ft_is_entry":true,"ft_order_tag":"","cost":315.28149652999997},{"amount":2647.0,"safe_price":0.1192282182182182,"ft_order_side":"sell","order_filled_timestamp":1767254400000,"ft_is_entry":false,"ft_order_tag":"roi","cost":315.9126907172472}],"funding_fees":0.0,"weekday":3},{"pair":"DOGE/USDT","stake_amount":314.86728,"max_stake_amount":314.86728,"amount":2184.0,"open_date":"2026-01-06 18:00:00+00:00","close_date":"2026-01-06 20:00:00+00:00","open_rate":0.14417,"close_rate":0.14588,"fee_open":0.001,"fee_close":0.001,"trade_duration":120,"profit_ratio":0.009839297139012753,"profit_abs":3.1011708,"exit_reason":"roi","initial_stop_loss_abs":0.13697,"initial_stop_loss_ratio":-0.05,"stop_loss_abs":0.13697,"stop_loss_ratio":-0.05,"min_rate":0.14366,"max_rate":0.14743,"is_open":false,"enter_tag":"","leverage":1.0,"is_short":false,"open_timestamp":1767722400000,"close_timestamp":1767729600000,"orders":[{"amount":2184.0,"safe_price":0.14417,"ft_order_side":"buy","order_filled_timestamp":1767722400000,"ft_is_entry":true,"ft_order_tag":"","cost":315.18214728},{"amount":2184.0,"safe_price":0.14588,"ft_order_side":"sell","order_filled_timestamp":1767729600000,"ft_is_entry":false,"ft_order_tag":"roi","cost":318.92052192}],"funding_fees":0.0,"weekday":1}],"locks":[],"best_pair":{"key":"DOGE/USDT","trades":34,"profit_mean":-0.0037617526224248245,"profit_mean_pct":-0.38,"profit_total_abs":-42.44517649,"profit_total":-0.04244517649,"profit_total_pct":-4.24,"duration_avg":"5:58:00","wins":13,"draws":15,"losses":6,"winrate":0.38235294117647056,"cagr":-0.15058300776253342,"expectancy":-1.24838754382353,"expectancy_ratio":-0.5153659547666708,"sortino":-34.04626555694257,"sharpe":-1.0592074273486105,"calmar":-14.577367068648641,"sqn":-0.9086,"profit_factor":0.5795929229888659,"max_drawdown_account":0.05734874943015502,"max_drawdown_abs":57.530782720000005},"worst_pair":{"key":"DOGE/USDT","trades":34,"profit_mean":-0.0037617526224248245,"profit_mean_pct":-0.38,"profit_total_abs":-42.44517649,"profit_total":-0.04244517649,"profit_total_pct":-4.24,"duration_avg":"5:58:00","wins":13,"draws":15,"losses":6,"winrate":0.38235294117647056,"cagr":-0.15058300776253342,"expectancy":-1.24838754382353,"expectancy_ratio":-0.5153659547666708,"sortino":-34.04626555694257,"sharpe":-1.0592074273486105,"calmar":-14.577367068648641,"sqn":-0.9086,"profit_factor":0.5795929229888659,"max_drawdown_account":0.05734874943015502,"max_drawdown_abs":57.530782720000005},"results_per_pair":[{"key":"DOGE/USDT","trades":34,"profit_mean":-0.0037617526224248245,"profit_mean_pct":-0.38,"profit_total_abs":-42.44517649,"profit_total":-0.04244517649,"profit_total_pct":-4.24,"duration_avg":"5:58:00","wins":13,"draws":15,"losses":6,"winrate":0.38235294117647056,"cagr":-0.15058300776253342,"expectancy":-1.24838754382353,"expectancy_ratio":-0.5153659547666708,"sortino":-34.04626555694257,"sharpe":-1.0592074273486105,"calmar":-14.577367068648641,"sqn":-0.9086,"profit_factor":0.5795929229888659,"max_drawdown_account":0.05734874943015502,"max_drawdown_abs":57.530782720000005},{"key":"TOTAL","trades":34,"profit_mean":-0.0037617526224248245,"profit_mean_pct":-0.38,"profit_total_abs":-42.44517649,"profit_total":-0.04244517649,"profit_total_pct":-4.24,"duration_avg":"5:58:00","wins":13,"draws":15,"losses":6,"winrate":0.38235294117647056,"cagr":-0.15058300776253342,"expectancy":-1.24838754382353,"expectancy_ratio":-0.5153659547666708,"sortino":-34.04626555694257,"sharpe":-1.0592074273486105,"calmar":-14.577367068648641,"sqn":-0.9086,"profit_factor":0.5795929229888659,"max_drawdown_account":0.05734874943015502,"max_drawdown_abs":57.530782720000005}],"results_per_enter_tag":[{"key":"","trades":34,"profit_mean":-0.0037617526224248245,"profit_mean_pct":-0.38,"profit_total_abs":-42.44517649,"profit_total":-0.04244517649,"profit_total_pct":-4.24,"duration_avg":"5:58:00","wins":13,"draws":15,"losses":6,"winrate":0.38235294117647056,"cagr":-0.15058300776253342,"expectancy":-1.24838754382353,"expectancy_ratio":-0.5153659547666708,"sortino":-34.04626555694257,"sharpe":-1.0592074273486105,"calmar":-14.577367068648641,"sqn":-0.9086,"profit_factor":0.5795929229888659,"max_drawdown_account":0.05734874943015502,"max_drawdown_abs":57.530782720000005},{"key":"TOTAL","trades":34,"profit_mean":-0.0037617526224248245,"profit_mean_pct":-0.38,"profit_total_abs":-42.44517649,"profit_total":-0.04244517649,"profit_total_pct":-4.24,"duration_avg":"5:58:00","wins":13,"draws":15,"losses":6,"winrate":0.38235294117647056,"cagr":-0.15058300776253342,"expectancy":-1.24838754382353,"expectancy_ratio":-0.5153659547666708,"sortino":-34.04626555694257,"sharpe":-1.0592074273486105,"calmar":-14.577367068648641,"sqn":-0.9086,"profit_factor":0.5795929229888659,"max_drawdown_account":0.05734874943015502,"max_drawdown_abs":57.530782720000005}],"exit_reason_summary":[{"key":"roi","trades":28,"profit_mean":0.006545379391986646,"profit_mean_pct":0.65,"profit_total_abs":58.51691195,"profit_total":0.05851691195,"profit_total_pct":5.85,"duration_avg":"4:47:00","wins":13,"draws":15,"losses":0,"winrate":0.4642857142857143,"cagr":0.23861126324190396,"expectancy":2.0898897125,"expectancy_ratio":100.0,"sortino":-100,"sharpe":3.26254665229779,"calmar":-100,"sqn":3.074,"profit_factor":0.0,"max_drawdown_account":0.0,"max_drawdown_abs":0.0},{"key":"stop_loss","trades":6,"profit_mean":-0.05186170202301169,"profit_mean_pct":-5.19,"profit_total_abs":-100.96208844000002,"profit_total":-0.10096208844000001,"profit_total_pct":-10.1,"duration_avg":"11:30:00","wins":0,"draws":0,"losses":6,"winrate":0.0,"cagr":-0.33000451222466987,"expectancy":-16.827014740000003,"expectancy_ratio":-1.0,"sortino":-80.98404479532796,"sharpe":-80.98404479532796,"calmar":-19.69584863354928,"sqn":-153.2352,"profit_factor":0.0,"max_drawdown_account":0.10096208844,"max_drawdown_abs":100.96208844000002},{"key":"TOTAL","trades":34,"profit_mean":-0.0037617526224248245,"profit_mean_pct":-0.38,"profit_total_abs":-42.44517649,"profit_total":-0.04244517649,"profit_total_pct":-4.24,"duration_avg":"5:58:00","wins":13,"draws":15,"losses":6,"winrate":0.38235294117647056,"cagr":-0.15058300776253342,"expectancy":-1.24838754382353,"expectancy_ratio":-0.5153659547666708,"sortino":-34.04626555694257,"sharpe":-1.0592074273486105,"calmar":-14.577367068648641,"sqn":-0.9086,"profit_factor":0.5795929229888659,"max_drawdown_account":0.05734874943015502,"max_drawdown_abs":57.530782720000005}],"mix_tag_stats":[{"key":["","roi"],"trades":28,"profit_mean":0.006545379391986646,"profit_mean_pct":0.65,"profit_total_abs":58.51691195,"profit_total":0.05851691195,"profit_total_pct":5.85,"duration_avg":"4:47:00","wins":13,"draws":15,"losses":0,"winrate":0.4642857142857143,"cagr":0.23861126324190396,"expectancy":2.0898897125,"expectancy_ratio":100.0,"sortino":-100,"sharpe":3.26254665229779,"calmar":-100,"sqn":3.074,"profit_factor":0.0,"max_drawdown_account":0.0,"max_drawdown_abs":0.0},{"key":["","stop_loss"],"trades":6,"profit_mean":-0.05186170202301169,"profit_mean_pct":-5.19,"profit_total_abs":-100.96208844000002,"profit_total":-0.10096208844000001,"profit_total_pct":-10.1,"duration_avg":"11:30:00","wins":0,"draws":0,"losses":6,"winrate":0.0,"cagr":-0.33000451222466987,"expectancy":-16.827014740000003,"expectancy_ratio":-1.0,"sortino":-80.98404479532796,"sharpe":-80.98404479532796,"calmar":-19.69584863354928,"sqn":-153.2352,"profit_factor":0.0,"max_drawdown_account":0.10096208844,"max_drawdown_abs":100.96208844000002},{"key":"TOTAL","trades":34,"profit_mean":-0.0037617526224248245,"profit_mean_pct":-0.38,"profit_total_abs":-42.44517649,"profit_total":-0.04244517649,"profit_total_pct":-4.24,"duration_avg":"5:58:00","wins":13,"draws":15,"losses":6,"winrate":0.38235294117647056,"cagr":-0.15058300776253342,"expectancy":-1.24838754382353,"expectancy_ratio":-0.5153659547666708,"sortino":-34.04626555694257,"sharpe":-1.0592074273486105,"calmar":-14.577367068648641,"sqn":-0.9086,"profit_factor":0.5795929229888659,"max_drawdown_account":0.05734874943015502,"max_drawdown_abs":57.530782720000005}],"left_open_trades":[{"key":"TOTAL","trades":0,"profit_mean":0.0,"profit_mean_pct":0.0,"profit_total_abs":0.0,"profit_total":0.0,"profit_total_pct":0.0,"duration_avg":"0:00","wins":0,"draws":0,"losses":0,"winrate":0.0,"cagr":0.0,"expectancy":0.0,"expectancy_ratio":100.0,"sortino":0,"sharpe":0,"calmar":0,"sqn":0.0,"profit_factor":0.0,"max_drawdown_account":0.0,"max_drawdown_abs":0.0}],"total_trades":34,"trade_count_long":34,"trade_count_short":0,"total_volume":21850.322391304813,"avg_stake_amount":321.3104497058824,"profit_mean":-0.0037617526224248245,"profit_median":0.0,"profit_total":-0.04244517649,"profit_total_long":-0.04244517649,"profit_total_short":0.0,"profit_total_abs":-42.44517649,"profit_total_long_abs":-42.44517649,"profit_total_short_abs":0.0,"cagr":-0.15058300776253342,"expectancy":-1.24838754382353,"expectancy_ratio":-0.5153659547666708,"sortino":-34.04626555694257,"sharpe":-1.0592074273486105,"calmar":-14.577367068648641,"sqn":-0.9086,"profit_factor":0.5795929229888659,"backtest_start":"2025-10-01 00:00:00","backtest_start_ts":1759276800000,"backtest_end":"2026-01-06 20:00:00","backtest_end_ts":1767729600000,"backtest_days":97,"backtest_run_start_ts":1767745042,"backtest_run_end_ts":1767745042,"trades_per_day":0.35,"market_change":-0.36632086436227446,"pairlist":["DOGE/USDT"],"stake_amount":"unlimited","stake_currency":"USDT","stake_currency_decimals":3,"starting_balance":1000,"dry_run_wallet":1000,"final_balance":957.55482351,"rejected_signals":0,"timedout_entry_orders":0,"timedout_exit_orders":0,"canceled_trade_entries":0,"canceled_entry_orders":0,"replaced_entry_orders":0,"max_open_trades":1,"max_open_trades_setting":3,"timeframe":"1h","timeframe_detail":"","timerange":"20251001-","enable_protections":false,"strategy_name":"ACO_43_11","freqaimodel":null,"freqai_identifier":null,"stoploss":-0.05,"trailing_stop":false,"trailing_stop_positive":null,"trailing_stop_positive_offset":0.0,"trailing_only_offset_is_reached":false,"use_custom_stoploss":false,"minimal_roi":{"0":0.1,"60":0.05,"120":0.0},"use_exit_signal":true,"exit_profit_only":false,"exit_profit_offset":0.0,"ignore_roi_if_entry_signal":false,"trading_mode":"spot","margin_mode":"","periodic_breakdown":{"day":[{"date":"07/10/2025","date_ts":1759795200000,"profit_abs":3.17414576,"wins":1,"draws":0,"losses":0,"trades":1,"profit_factor":0.0},{"date":"08/10/2025","date_ts":1759881600000,"profit_abs":0.0,"wins":0,"draws":0,"losses":0,"trades":0,"profit_factor":0.0},{"date":"09/10/2025","date_ts":1759968000000,"profit_abs":0.0,"wins":0,"draws":0,"losses":0,"trades":0,"profit_factor":0.0},{"date":"10/10/2025","date_ts":1760054400000,"profit_abs":-50.66786381,"wins":0,"draws":0,"losses":3,"trades":3,"profit_factor":0.0},{"date":"11/10/2025","date_ts":1760140800000,"profit_abs":17.11476,"wins":2,"draws":1,"losses":0,"trades":3,"profit_factor":0.0},{"date":"12/10/2025","date_ts":1760227200000,"profit_abs":5.33494146,"wins":1,"draws":0,"losses":0,"trades":1,"profit_factor":0.0},{"date":"13/10/2025","date_ts":1760313600000,"profit_abs":0.0,"wins":0,"draws":0,"losses":0,"trades":0,"profit_factor":0.0},{"date":"14/10/2025","date_ts":1760400000000,"profit_abs":0.0,"wins":0,"draws":0,"losses":0,"trades":0,"profit_factor":0.0},{"date":"15/10/2025","date_ts":1760486400000,"profit_abs":0.0,"wins":0,"draws":0,"losses":0,"trades":0,"profit_factor":0.0},{"date":"16/10/2025","date_ts":1760572800000,"profit_abs":3.66573164,"wins":2,"draws":0,"losses":0,"trades":2,"profit_factor":0.0},{"date":"17/10/2025","date_ts":1760659200000,"profit_abs":0.0,"wins":0,"draws":1,"losses":0,"trades":1,"profit_factor":0.0},{"date":"18/10/2025","date_ts":1760745600000,"profit_abs":0.0,"wins":0,"draws":0,"losses":0,"trades":0,"profit_factor":0.0},{"date":"19/10/2025","date_ts":1760832000000,"profit_abs":0.0,"wins":0,"draws":0,"losses":0,"trades":0,"profit_factor":0.0},{"date":"20/10/2025","date_ts":1760918400000,"profit_abs":0.0,"wins":0,"draws":0,"losses":0,"trades":0,"profit_factor":0.0},{"date":"21/10/2025","date_ts":1761004800000,"profit_abs":0.0,"wins":0,"draws":0,"losses":0,"trades":0,"profit_factor":0.0},{"date":"22/10/2025","date_ts":1761091200000,"profit_abs":0.0,"wins":0,"draws":0,"losses":0,"trades":0,"profit_factor":0.0},{"date":"23/10/2025","date_ts":1761177600000,"profit_abs":3.32574645,"wins":1,"draws":0,"losses":0,"trades":1,"profit_factor":0.0},{"date":"24/10/2025","date_ts":1761264000000,"profit_abs":0.0,"wins":0,"draws":0,"losses":0,"trades":0,"profit_factor":0.0},{"date":"25/10/2025","date_ts":1761350400000,"profit_abs":0.0,"wins":0,"draws":0,"losses":0,"trades":0,"profit_factor":0.0},{"date":"26/10/2025","date_ts":1761436800000,"profit_abs":0.0,"wins":0,"draws":0,"losses":0,"trades":0,"profit_factor":0.0},{"date":"27/10/2025","date_ts":1761523200000,"profit_abs":0.0,"wins":0,"draws":0,"losses":0,"trades":0,"profit_factor":0.0},{"date":"28/10/2025","date_ts":1761609600000,"profit_abs":1.24744663,"wins":1,"draws":0,"losses":0,"trades":1,"profit_factor":0.0},{"date":"29/10/2025","date_ts":1761696000000,"profit_abs":0.0,"wins":0,"draws":0,"losses":0,"trades":0,"profit_factor":0.0},{"date":"30/10/2025","date_ts":1761782400000,"profit_abs":0.0,"wins":0,"draws":1,"losses":0,"trades":1,"profit_factor":0.0},{"date":"31/10/2025","date_ts":1761868800000,"profit_abs":0.0,"wins":0,"draws":0,"losses":0,"trades":0,"profit_factor":0.0},{"date":"01/11/2025","date_ts":1761955200000,"profit_abs":0.0,"wins":0,"draws":0,"losses":0,"trades":0,"profit_factor":0.0},{"date":"02/11/2025","date_ts":1762041600000,"profit_abs":0.0,"wins":0,"draws":0,"losses":0,"trades":0,"profit_factor":0.0},{"date":"03/11/2025","date_ts":1762128000000,"profit_abs":7.79054662,"wins":1,"draws":2,"losses":0,"trades":3,"profit_factor":0.0},{"date":"04/11/2025","date_ts":1762214400000,"profit_abs":1.211707,"wins":1,"draws":0,"losses":0,"trades":1,"profit_factor":0.0},{"date":"05/11/2025","date_ts":1762300800000,"profit_abs":0.0,"wins":0,"draws":0,"losses":0,"trades":0,"profit_factor":0.0},{"date":"06/11/2025","date_ts":1762387200000,"profit_abs":0.0,"wins":0,"draws":0,"losses":0,"trades":0,"profit_factor":0.0},{"date":"07/11/2025","date_ts":1762473600000,"profit_abs":0.0,"wins":0,"draws":0,"losses":0,"trades":0,"profit_factor":0.0},{"date":"08/11/2025","date_ts":1762560000000,"profit_abs":0.0,"wins":0,"draws":0,"losses":0,"trades":0,"profit_factor":0.0},{"date":"09/11/2025","date_ts":1762646400000,"profit_abs":0.0,"wins":0,"draws":0,"losses":0,"trades":0,"profit_factor":0.0},{"date":"10/11/2025","date_ts":1762732800000,"profit_abs":0.0,"wins":0,"draws":0,"losses":0,"trades":0,"profit_factor":0.0},{"date":"11/11/2025","date_ts":1762819200000,"profit_abs":0.0,"wins":0,"draws":0,"losses":0,"trades":0,"profit_factor":0.0},{"date":"12/11/2025","date_ts":1762905600000,"profit_abs":0.0,"wins":0,"draws":0,"losses":0,"trades":0,"profit_factor":0.0},{"date":"13/11/2025","date_ts":1762992000000,"profit_abs":0.0,"wins":0,"draws":0,"losses":0,"trades":0,"profit_factor":0.0},{"date":"14/11/2025","date_ts":1763078400000,"profit_abs":0.0,"wins":0,"draws":1,"losses":0,"trades":1,"profit_factor":0.0},{"date":"15/11/2025","date_ts":1763164800000,"profit_abs":0.0,"wins":0,"draws":0,"losses":0,"trades":0,"profit_factor":0.0},{"date":"16/11/2025","date_ts":1763251200000,"profit_abs":0.0,"wins":0,"draws":1,"losses":0,"trades":1,"profit_factor":0.0},{"date":"17/11/2025","date_ts":1763337600000,"profit_abs":0.0,"wins":0,"draws":0,"losses":0,"trades":0,"profit_factor":0.0},{"date":"18/11/2025","date_ts":1763424000000,"profit_abs":0.0,"wins":0,"draws":0,"losses":0,"trades":0,"profit_factor":0.0},{"date":"19/11/2025","date_ts":1763510400000,"profit_abs":0.0,"wins":0,"draws":1,"losses":0,"trades":1,"profit_factor":0.0},{"date":"20/11/2025","date_ts":1763596800000,"profit_abs":3.74042592,"wins":1,"draws":0,"losses":0,"trades":1,"profit_factor":0.0},{"date":"21/11/2025","date_ts":1763683200000,"profit_abs":-17.05111829,"wins":0,"draws":0,"losses":1,"trades":1,"profit_factor":0.0},{"date":"22/11/2025","date_ts":1763769600000,"profit_abs":0.0,"wins":0,"draws":0,"losses":0,"trades":0,"profit_factor":0.0},{"date":"23/11/2025","date_ts":1763856000000,"profit_abs":0.0,"wins":0,"draws":0,"losses":0,"trades":0,"profit_factor":0.0},{"date":"24/11/2025","date_ts":1763942400000,"profit_abs":0.0,"wins":0,"draws":0,"losses":0,"trades":0,"profit_factor":0.0},{"date":"25/11/2025","date_ts":1764028800000,"profit_abs":0.0,"wins":0,"draws":0,"losses":0,"trades":0,"profit_factor":0.0},{"date":"26/11/2025","date_ts":1764115200000,"profit_abs":0.0,"wins":0,"draws":0,"losses":0,"trades":0,"profit_factor":0.0},{"date":"27/11/2025","date_ts":1764201600000,"profit_abs":0.0,"wins":0,"draws":0,"losses":0,"trades":0,"profit_factor":0.0},{"date":"28/11/2025","date_ts":1764288000000,"profit_abs":0.0,"wins":0,"draws":0,"losses":0,"trades":0,"profit_factor":0.0},{"date":"29/11/2025","date_ts":1764374400000,"profit_abs":0.0,"wins":0,"draws":0,"losses":0,"trades":0,"profit_factor":0.0},{"date":"30/11/2025","date_ts":1764460800000,"profit_abs":0.0,"wins":0,"draws":0,"losses":0,"trades":0,"profit_factor":0.0},{"date":"01/12/2025","date_ts":1764547200000,"profit_abs":-16.765296,"wins":0,"draws":0,"losses":1,"trades":1,"profit_factor":0.0},{"date":"02/12/2025","date_ts":1764633600000,"profit_abs":0.0,"wins":0,"draws":0,"losses":0,"trades":0,"profit_factor":0.0},{"date":"03/12/2025","date_ts":1764720000000,"profit_abs":0.0,"wins":0,"draws":0,"losses":0,"trades":0,"profit_factor":0.0},{"date":"04/12/2025","date_ts":1764806400000,"profit_abs":0.0,"wins":0,"draws":0,"losses":0,"trades":0,"profit_factor":0.0},{"date":"05/12/2025","date_ts":1764892800000,"profit_abs":0.0,"wins":0,"draws":0,"losses":0,"trades":0,"profit_factor":0.0},{"date":"06/12/2025","date_ts":1764979200000,"profit_abs":0.0,"wins":0,"draws":0,"losses":0,"trades":0,"profit_factor":0.0},{"date":"07/12/2025","date_ts":1765065600000,"profit_abs":-7.66752067,"wins":1,"draws":0,"losses":1,"trades":2,"profit_factor":0.534676},{"date":"08/12/2025","date_ts":1765152000000,"profit_abs":0.0,"wins":0,"draws":0,"losses":0,"trades":0,"profit_factor":0.0},{"date":"09/12/2025","date_ts":1765238400000,"profit_abs":0.0,"wins":0,"draws":0,"losses":0,"trades":0,"profit_factor":0.0},{"date":"10/12/2025","date_ts":1765324800000,"profit_abs":0.0,"wins":0,"draws":0,"losses":0,"trades":0,"profit_factor":0.0},{"date":"11/12/2025","date_ts":1765411200000,"profit_abs":0.0,"wins":0,"draws":1,"losses":0,"trades":1,"profit_factor":0.0},{"date":"12/12/2025","date_ts":1765497600000,"profit_abs":0.0,"wins":0,"draws":1,"losses":0,"trades":1,"profit_factor":0.0},{"date":"13/12/2025","date_ts":1765584000000,"profit_abs":0.0,"wins":0,"draws":0,"losses":0,"trades":0,"profit_factor":0.0},{"date":"14/12/2025","date_ts":1765670400000,"profit_abs":0.0,"wins":0,"draws":0,"losses":0,"trades":0,"profit_factor":0.0},{"date":"15/12/2025","date_ts":1765756800000,"profit_abs":0.0,"wins":0,"draws":1,"losses":0,"trades":1,"profit_factor":0.0},{"date":"16/12/2025","date_ts":1765843200000,"profit_abs":0.0,"wins":0,"draws":1,"losses":0,"trades":1,"profit_factor":0.0},{"date":"17/12/2025","date_ts":1765929600000,"profit_abs":0.0,"wins":0,"draws":0,"losses":0,"trades":0,"profit_factor":0.0},{"date":"18/12/2025","date_ts":1766016000000,"profit_abs":0.0,"wins":0,"draws":0,"losses":0,"trades":0,"profit_factor":0.0},{"date":"19/12/2025","date_ts":1766102400000,"profit_abs":0.0,"wins":0,"draws":0,"losses":0,"trades":0,"profit_factor":0.0},{"date":"20/12/2025","date_ts":1766188800000,"profit_abs":0.0,"wins":0,"draws":0,"losses":0,"trades":0,"profit_factor":0.0},{"date":"21/12/2025","date_ts":1766275200000,"profit_abs":0.0,"wins":0,"draws":0,"losses":0,"trades":0,"profit_factor":0.0},{"date":"22/12/2025","date_ts":1766361600000,"profit_abs":0.0,"wins":0,"draws":0,"losses":0,"trades":0,"profit_factor":0.0},{"date":"23/12/2025","date_ts":1766448000000,"profit_abs":0.0,"wins":0,"draws":0,"losses":0,"trades":0,"profit_factor":0.0},{"date":"24/12/2025","date_ts":1766534400000,"profit_abs":0.0,"wins":0,"draws":0,"losses":0,"trades":0,"profit_factor":0.0},{"date":"25/12/2025","date_ts":1766620800000,"profit_abs":0.0,"wins":0,"draws":0,"losses":0,"trades":0,"profit_factor":0.0},{"date":"26/12/2025","date_ts":1766707200000,"profit_abs":0.0,"wins":0,"draws":2,"losses":0,"trades":2,"profit_factor":0.0},{"date":"27/12/2025","date_ts":1766793600000,"profit_abs":0.0,"wins":0,"draws":0,"losses":0,"trades":0,"profit_factor":0.0},{"date":"28/12/2025","date_ts":1766880000000,"profit_abs":0.0,"wins":0,"draws":0,"losses":0,"trades":0,"profit_factor":0.0},{"date":"29/12/2025","date_ts":1766966400000,"profit_abs":0.0,"wins":0,"draws":0,"losses":0,"trades":0,"profit_factor":0.0},{"date":"30/12/2025","date_ts":1767052800000,"profit_abs":0.0,"wins":0,"draws":0,"losses":0,"trades":0,"profit_factor":0.0},{"date":"31/12/2025","date_ts":1767139200000,"profit_abs":0.0,"wins":0,"draws":0,"losses":0,"trades":0,"profit_factor":0.0},{"date":"01/01/2026","date_ts":1767225600000,"profit_abs":0.0,"wins":0,"draws":1,"losses":0,"trades":1,"profit_factor":0.0},{"date":"02/01/2026","date_ts":1767312000000,"profit_abs":0.0,"wins":0,"draws":0,"losses":0,"trades":0,"profit_factor":0.0},{"date":"03/01/2026","date_ts":1767398400000,"profit_abs":0.0,"wins":0,"draws":0,"losses":0,"trades":0,"profit_factor":0.0},{"date":"04/01/2026","date_ts":1767484800000,"profit_abs":0.0,"wins":0,"draws":0,"losses":0,"trades":0,"profit_factor":0.0},{"date":"05/01/2026","date_ts":1767571200000,"profit_abs":0.0,"wins":0,"draws":0,"losses":0,"trades":0,"profit_factor":0.0},{"date":"06/01/2026","date_ts":1767657600000,"profit_abs":3.1011708,"wins":1,"draws":0,"losses":0,"trades":1,"profit_factor":0.0}],"week":[{"date":"13/10/2025","date_ts":1760313600000,"profit_abs":-25.04401659,"wins":4,"draws":1,"losses":3,"trades":8,"profit_factor":0.50572188},{"date":"20/10/2025","date_ts":1760918400000,"profit_abs":3.66573164,"wins":2,"draws":1,"losses":0,"trades":3,"profit_factor":0.0},{"date":"27/10/2025","date_ts":1761523200000,"profit_abs":3.32574645,"wins":1,"draws":0,"losses":0,"trades":1,"profit_factor":0.0},{"date":"03/11/2025","date_ts":1762128000000,"profit_abs":9.03799325,"wins":2,"draws":3,"losses":0,"trades":5,"profit_factor":0.0},{"date":"10/11/2025","date_ts":1762732800000,"profit_abs":1.211707,"wins":1,"draws":0,"losses":0,"trades":1,"profit_factor":0.0},{"date":"17/11/2025","date_ts":1763337600000,"profit_abs":0.0,"wins":0,"draws":2,"losses":0,"trades":2,"profit_factor":0.0},{"date":"24/11/2025","date_ts":1763942400000,"profit_abs":-13.31069237,"wins":1,"draws":1,"losses":1,"trades":3,"profit_factor":0.21936543},{"date":"01/12/2025","date_ts":1764547200000,"profit_abs":-16.765296,"wins":0,"draws":0,"losses":1,"trades":1,"profit_factor":0.0},{"date":"08/12/2025","date_ts":1765152000000,"profit_abs":-7.66752067,"wins":1,"draws":0,"losses":1,"trades":2,"profit_factor":0.534676},{"date":"15/12/2025","date_ts":1765756800000,"profit_abs":0.0,"wins":0,"draws":3,"losses":0,"trades":3,"profit_factor":0.0},{"date":"22/12/2025","date_ts":1766361600000,"profit_abs":0.0,"wins":0,"draws":1,"losses":0,"trades":1,"profit_factor":0.0},{"date":"29/12/2025","date_ts":1766966400000,"profit_abs":0.0,"wins":0,"draws":2,"losses":0,"trades":2,"profit_factor":0.0},{"date":"05/01/2026","date_ts":1767571200000,"profit_abs":0.0,"wins":0,"draws":1,"losses":0,"trades":1,"profit_factor":0.0},{"date":"12/01/2026","date_ts":1768176000000,"profit_abs":3.1011708,"wins":1,"draws":0,"losses":0,"trades":1,"profit_factor":0.0}],"month":[{"date":"31/10/2025","date_ts":1761868800000,"profit_abs":-16.80509187,"wins":8,"draws":3,"losses":3,"trades":14,"profit_factor":0.66832839},{"date":"30/11/2025","date_ts":1764460800000,"profit_abs":-4.30843875,"wins":3,"draws":5,"losses":1,"trades":9,"profit_factor":0.74732222},{"date":"31/12/2025","date_ts":1767139200000,"profit_abs":-24.43281667,"wins":1,"draws":6,"losses":2,"trades":9,"profit_factor":0.26502607},{"date":"31/01/2026","date_ts":1769817600000,"profit_abs":3.1011708,"wins":1,"draws":1,"losses":0,"trades":2,"profit_factor":0.0}],"year":[{"date":"31/12/2025","date_ts":1767139200000,"profit_abs":-45.54634729,"wins":12,"draws":14,"losses":6,"trades":32,"profit_factor":0.54887673},{"date":"31/12/2026","date_ts":1798675200000,"profit_abs":3.1011708,"wins":1,"draws":1,"losses":0,"trades":2,"profit_factor":0.0}],"weekday":[{"date":"Monday","date_ts":0,"profit_abs":-8.97474938,"wins":1,"draws":3,"losses":1,"trades":5,"profit_factor":0.46468292},{"date":"Tuesday","date_ts":1,"profit_abs":8.73447019,"wins":4,"draws":1,"losses":0,"trades":5,"profit_factor":0.0},{"date":"Wednesday","date_ts":2,"profit_abs":0.0,"wins":0,"draws":1,"losses":0,"trades":1,"profit_factor":0.0},{"date":"Thursday","date_ts":3,"profit_abs":10.73190401,"wins":4,"draws":3,"losses":0,"trades":7,"profit_factor":0.0},{"date":"Friday","date_ts":4,"profit_abs":-67.7189821,"wins":0,"draws":5,"losses":4,"trades":9,"profit_factor":0.0},{"date":"Saturday","date_ts":5,"profit_abs":17.11476,"wins":2,"draws":1,"losses":0,"trades":3,"profit_factor":0.0},{"date":"Sunday","date_ts":6,"profit_abs":-2.33257921,"wins":2,"draws":1,"losses":1,"trades":4,"profit_factor":0.85844119}]},"backtest_best_day":0.05432675808197366,"backtest_worst_day":-0.1556175578447972,"backtest_best_day_abs":17.11476,"backtest_worst_day_abs":-50.66786381,"winning_days":10,"draw_days":78,"losing_days":4,"daily_profit":[["2025-10-07",3.17414576],["2025-10-08",0.0],["2025-10-09",0.0],["2025-10-10",-50.66786381],["2025-10-11",17.11476],["2025-10-12",5.33494146],["2025-10-13",0.0],["2025-10-14",0.0],["2025-10-15",0.0],["2025-10-16",3.66573164],["2025-10-17",0.0],["2025-10-18",0.0],["2025-10-19",0.0],["2025-10-20",0.0],["2025-10-21",0.0],["2025-10-22",0.0],["2025-10-23",3.32574645],["2025-10-24",0.0],["2025-10-25",0.0],["2025-10-26",0.0],["2025-10-27",0.0],["2025-10-28",1.24744663],["2025-10-29",0.0],["2025-10-30",0.0],["2025-10-31",0.0],["2025-11-01",0.0],["2025-11-02",0.0],["2025-11-03",7.79054662],["2025-11-04",1.211707],["2025-11-05",0.0],["2025-11-06",0.0],["2025-11-07",0.0],["2025-11-08",0.0],["2025-11-09",0.0],["2025-11-10",0.0],["2025-11-11",0.0],["2025-11-12",0.0],["2025-11-13",0.0],["2025-11-14",0.0],["2025-11-15",0.0],["2025-11-16",0.0],["2025-11-17",0.0],["2025-11-18",0.0],["2025-11-19",0.0],["2025-11-20",3.74042592],["2025-11-21",-17.05111829],["2025-11-22",0.0],["2025-11-23",0.0],["2025-11-24",0.0],["2025-11-25",0.0],["2025-11-26",0.0],["2025-11-27",0.0],["2025-11-28",0.0],["2025-11-29",0.0],["2025-11-30",0.0],["2025-12-01",-16.765296],["2025-12-02",0.0],["2025-12-03",0.0],["2025-12-04",0.0],["2025-12-05",0.0],["2025-12-06",0.0],["2025-12-07",-7.66752067],["2025-12-08",0.0],["2025-12-09",0.0],["2025-12-10",0.0],["2025-12-11",0.0],["2025-12-12",0.0],["2025-12-13",0.0],["2025-12-14",0.0],["2025-12-15",0.0],["2025-12-16",0.0],["2025-12-17",0.0],["2025-12-18",0.0],["2025-12-19",0.0],["2025-12-20",0.0],["2025-12-21",0.0],["2025-12-22",0.0],["2025-12-23",0.0],["2025-12-24",0.0],["2025-12-25",0.0],["2025-12-26",0.0],["2025-12-27",0.0],["2025-12-28",0.0],["2025-12-29",0.0],["2025-12-30",0.0],["2025-12-31",0.0],["2026-01-01",0.0],["2026-01-02",0.0],["2026-01-03",0.0],["2026-01-04",0.0],["2026-01-05",0.0],["2026-01-06",3.1011708]],"wins":13,"losses":6,"draws":15,"winrate":0.38235294117647056,"holding_avg":"5:58:00","holding_avg_s":21480.0,"winner_holding_min":"0d 01:00","winner_holding_min_s":3600.0,"winner_holding_max":"0d 02:00","winner_holding_max_s":7200.0,"winner_holding_avg":"0d 01:55","winner_holding_avg_s":6900.0,"loser_holding_min":"0d 00:00","loser_holding_min_s":0.0,"loser_holding_max":"2d 00:00","loser_holding_max_s":172800.0,"loser_holding_avg":"0d 11:30","loser_holding_avg_s":41400.0,"max_consecutive_wins":3,"max_consecutive_losses":7,"max_drawdown_account":0.05734874943015502,"max_relative_drawdown":0.05734874943015502,"max_drawdown_abs":57.530782720000005,"drawdown_start":"2025-10-07 21:00:00","drawdown_start_ts":1759870800000.0,"drawdown_end":"2025-12-07 14:00:00","drawdown_end_ts":1765116000000.0,"drawdown_duration":"60 days 17:00:00","drawdown_duration_s":5245200.0,"max_drawdown_low":-54.35663696,"max_drawdown_high":3.17414576,"csum_min":945.6433630399999,"csum_max":1003.17414576}},"strategy_comparison":[{"key":"ACO_43_11","trades":34,"profit_mean":-0.0037617526224248245,"profit_mean_pct":-0.38,"profit_total_abs":-42.44517649,"profit_total":-0.04244517649,"profit_total_pct":-4.24,"duration_avg":"5:58:00","wins":13,"draws":15,"losses":6,"winrate":0.38235294117647056,"cagr":-0.15058300776253342,"expectancy":-1.24838754382353,"expectancy_ratio":-0.5153659547666708,"sortino":-34.04626555694257,"sharpe":-1.0592074273486105,"calmar":-14.577367068648641,"sqn":-0.9086,"profit_factor":0.5795929229888659,"max_drawdown_account":0.05734874943015502,"max_drawdown_abs":"57.531"}]}