{"strategy":{"ACO_56_19":{"trades":[{"pair":"DOGE/USDT","stake_amount":329.90748,"max_stake_amount":329.90748,"amount":1682.0,"open_date":"2025-10-12 15:00:00+00:00","close_date":"2025-10-12 16:00:00+00:00","open_rate":0.19614,"close_rate":0.2063494894894895,"fee_open":0.001,"fee_close":0.001,"trade_duration":60,"profit_ratio":0.04995004995004996,"profit_abs":16.495374,"exit_reason":"roi","initial_stop_loss_abs":0.18634,"initial_stop_loss_ratio":-0.05,"stop_loss_abs":0.18634,"stop_loss_ratio":-0.05,"min_rate":0.19562,"max_rate":0.2095,"is_open":false,"enter_tag":"","leverage":1.0,"is_short":false,"open_timestamp":1760281200000,"close_timestamp":1760284800000,"orders":[{"amount":1682.0,"safe_price":0.19614,"ft_order_side":"buy","order_filled_timestamp":1760281200000,"ft_is_entry":true,"ft_order_tag":"","cost":330.23738748},{"amount":1682.0,"safe_price":0.2063494894894895,"ft_order_side":"sell","order_filled_timestamp":1760284800000,"ft_is_entry":false,"ft_order_tag":"roi","cost":347.4269211626426}],"funding_fees":0.0,"weekday":6},{"pair":"DOGE/USDT","stake_amount":335.24786,"max_stake_amount":335.24786,"amount":1693.0,"open_date":"2025-10-14 14:00:00+00:00","close_date":"2025-10-14 16:00:00+00:00","open_rate":0.19802,"close_rate":0.2035,"fee_open":0.001,"fee_close":0.001,"trade_duration":120,"profit_ratio":0.02562067767602562,"profit_abs":8.59786664,"exit_reason":"roi","initial_stop_loss_abs":0.18812,"initial_stop_loss_ratio":-0.05,"stop_loss_abs":0.18812,"stop_loss_ratio":-0.05,"min_rate":0.19749,"max_rate":0.2071,"is_open":false,"enter_tag":"","leverage":1.0,"is_short":false,"open_timestamp":1760450400000,"close_timestamp":1760457600000,"orders":[{"amount":1693.0,"safe_price":0.19802,"ft_order_side":"buy","order_filled_timestamp":1760450400000,"ft_is_entry":true,"ft_order_tag":"","cost":335.58310786},{"amount":1693.0,"safe_price":0.2035,"ft_order_side":"sell","order_filled_timestamp":1760457600000,"ft_is_entry":false,"ft_order_tag":"roi","cost":344.87002549999994}],"funding_fees":0.0,"weekday":1},{"pair":"DOGE/USDT","stake_amount":338.20018,"max_stake_amount":338.20018,"amount":2026.0,"open_date":"2025-11-04 15:00:00+00:00","close_date":"2025-11-04 17:00:00+00:00","open_rate":0.16693,"close_rate":0.15859,"fee_open":0.001,"fee_close":0.001,"trade_duration":120,"profit_ratio":-0.05185924122005114,"profit_abs":-17.55634352,"exit_reason":"stop_loss","initial_stop_loss_abs":0.15859,"initial_stop_loss_ratio":-0.05,"stop_loss_abs":0.15859,"stop_loss_ratio":-0.05,"min_rate":0.1562,"max_rate":0.16853,"is_open":false,"enter_tag":"","leverage":1.0,"is_short":false,"open_timestamp":1762268400000,"close_timestamp":1762275600000,"orders":[{"amount":2026.0,"safe_price":0.16693,"ft_order_side":"buy","order_filled_timestamp":1762268400000,"ft_is_entry":true,"ft_order_tag":"","cost":338.53838017999993},{"amount":2026.0,"safe_price":0.15859,"ft_order_side":"sell","order_filled_timestamp":1762275600000,"ft_is_entry":false,"ft_order_tag":"stop_loss","cost":321.62464334}],"funding_fees":0.0,"weekday":1},{"pair":"DOGE/USDT","stake_amount":332.34864,"max_stake_amount":332.34864,"amount":2028.0,"open_date":"2025-11-05 12:00:00+00:00","close_date":"2025-11-05 14:00:00+00:00","open_rate":0.16388,"close_rate":0.16553,"fee_open":0.001,"fee_close":0.001,"trade_duration":120,"profit_ratio":0.00805022412296027,"profit_abs":2.67815652,"exit_reason":"roi","initial_stop_loss_abs":0.15569,"initial_stop_loss_ratio":-0.05,"stop_loss_abs":0.15569,"stop_loss_ratio":-0.05,"min_rate":0.163,"max_rate":0.16709,"is_open":false,"enter_tag":"","leverage":1.0,"is_short":false,"open_timestamp":1762344000000,"close_timestamp":1762351200000,"orders":[{"amount":2028.0,"safe_price":0.16388,"ft_order_side":"buy","order_filled_timestamp":1762344000000,"ft_is_entry":true,"ft_order_tag":"","cost":332.68098863999995},{"amount":2028.0,"safe_price":0.16553,"ft_order_side":"sell","order_filled_timestamp":1762351200000,"ft_is_entry":false,"ft_order_tag":"roi","cost":336.03053484}],"funding_fees":0.0,"weekday":2},{"pair":"DOGE/USDT","stake_amount":333.24509,"max_stake_amount":333.24509,"amount":2399.0,"open_date":"2025-11-21 13:00:00+00:00","close_date":"2025-11-21 15:00:00+00:00","open_rate":0.13891,"close_rate":0.14133,"fee_open":0.001,"fee_close":0.001,"trade_duration":120,"profit_ratio":0.015388542060487925,"profit_abs":5.13328424,"exit_reason":"roi","initial_stop_loss_abs":0.13197,"initial_stop_loss_ratio":-0.05,"stop_loss_abs":0.13197,"stop_loss_ratio":-0.05,"min_rate":0.13746,"max_rate":0.14209,"is_open":false,"enter_tag":"","leverage":1.0,"is_short":false,"open_timestamp":1763730000000,"close_timestamp":1763737200000,"orders":[{"amount":2399.0,"safe_price":0.13891,"ft_order_side":"buy","order_filled_timestamp":1763730000000,"ft_is_entry":true,"ft_order_tag":"","cost":333.57833509},{"amount":2399.0,"safe_price":0.14133,"ft_order_side":"sell","order_filled_timestamp":1763737200000,"ft_is_entry":false,"ft_order_tag":"roi","cost":339.38972067}],"funding_fees":0.0,"weekday":4},{"pair":"DOGE/USDT","stake_amount":334.92872,"max_stake_amount":334.92872,"amount":2408.0,"open_date":"2025-11-22 15:00:00+00:00","close_date":"2025-11-22 17:00:00+00:00","open_rate":0.13909,"close_rate":0.13953,"fee_open":0.001,"fee_close":0.001,"trade_duration":120,"profit_ratio":0.0011590968525327574,"profit_abs":0.38860304,"exit_reason":"roi","initial_stop_loss_abs":0.13214,"initial_stop_loss_ratio":-0.05,"stop_loss_abs":0.13214,"stop_loss_ratio":-0.05,"min_rate":0.13729,"max_rate":0.13977,"is_open":false,"enter_tag":"","leverage":1.0,"is_short":false,"open_timestamp":1763823600000,"close_timestamp":1763830800000,"orders":[{"amount":2408.0,"safe_price":0.13909,"ft_order_side":"buy","order_filled_timestamp":1763823600000,"ft_is_entry":true,"ft_order_tag":"","cost":335.26364871999994},{"amount":2408.0,"safe_price":0.13953,"ft_order_side":"sell","order_filled_timestamp":1763830800000,"ft_is_entry":false,"ft_order_tag":"roi","cost":336.3242282399999}],"funding_fees":0.0,"weekday":5}],"locks":[],"best_pair":{"key":"DOGE/USDT","trades":6,"profit_mean":0.008051558240334234,"profit_mean_pct":0.81,"profit_total_abs":15.736940920000002,"profit_total":0.01573694092,"profit_total_pct":1.57,"duration_avg":"1:50:00","wins":5,"draws":0,"losses":1,"winrate":0.8333333333333334,"cagr":0.06051560910091869,"expectancy":2.6228234866666673,"expectancy_ratio":0.14939463241185602,"sortino":-100,"sharpe":0.29856420881472817,"calmar":18.097738647691322,"sqn":0.5649,"profit_factor":1.896367794471135,"max_drawdown_account":0.01712658207465978,"max_drawdown_abs":17.55634352},"worst_pair":{"key":"DOGE/USDT","trades":6,"profit_mean":0.008051558240334234,"profit_mean_pct":0.81,"profit_total_abs":15.736940920000002,"profit_total":0.01573694092,"profit_total_pct":1.57,"duration_avg":"1:50:00","wins":5,"draws":0,"losses":1,"winrate":0.8333333333333334,"cagr":0.06051560910091869,"expectancy":2.6228234866666673,"expectancy_ratio":0.14939463241185602,"sortino":-100,"sharpe":0.29856420881472817,"calmar":18.097738647691322,"sqn":0.5649,"profit_factor":1.896367794471135,"max_drawdown_account":0.01712658207465978,"max_drawdown_abs":17.55634352},"results_per_pair":[{"key":"DOGE/USDT","trades":6,"profit_mean":0.008051558240334234,"profit_mean_pct":0.81,"profit_total_abs":15.736940920000002,"profit_total":0.01573694092,"profit_total_pct":1.57,"duration_avg":"1:50:00","wins":5,"draws":0,"losses":1,"winrate":0.8333333333333334,"cagr":0.06051560910091869,"expectancy":2.6228234866666673,"expectancy_ratio":0.14939463241185602,"sortino":-100,"sharpe":0.29856420881472817,"calmar":18.097738647691322,"sqn":0.5649,"profit_factor":1.896367794471135,"max_drawdown_account":0.01712658207465978,"max_drawdown_abs":17.55634352},{"key":"TOTAL","trades":6,"profit_mean":0.008051558240334234,"profit_mean_pct":0.81,"profit_total_abs":15.736940920000002,"profit_total":0.01573694092,"profit_total_pct":1.57,"duration_avg":"1:50:00","wins":5,"draws":0,"losses":1,"winrate":0.8333333333333334,"cagr":0.06051560910091869,"expectancy":2.6228234866666673,"expectancy_ratio":0.14939463241185602,"sortino":-100,"sharpe":0.29856420881472817,"calmar":18.097738647691322,"sqn":0.5649,"profit_factor":1.896367794471135,"max_drawdown_account":0.01712658207465978,"max_drawdown_abs":17.55634352}],"results_per_enter_tag":[{"key":"","trades":6,"profit_mean":0.008051558240334234,"profit_mean_pct":0.81,"profit_total_abs":15.736940920000002,"profit_total":0.01573694092,"profit_total_pct":1.57,"duration_avg":"1:50:00","wins":5,"draws":0,"losses":1,"winrate":0.8333333333333334,"cagr":0.06051560910091869,"expectancy":2.6228234866666673,"expectancy_ratio":0.14939463241185602,"sortino":-100,"sharpe":0.29856420881472817,"calmar":18.097738647691322,"sqn":0.5649,"profit_factor":1.896367794471135,"max_drawdown_account":0.01712658207465978,"max_drawdown_abs":17.55634352},{"key":"TOTAL","trades":6,"profit_mean":0.008051558240334234,"profit_mean_pct":0.81,"profit_total_abs":15.736940920000002,"profit_total":0.01573694092,"profit_total_pct":1.57,"duration_avg":"1:50:00","wins":5,"draws":0,"losses":1,"winrate":0.8333333333333334,"cagr":0.06051560910091869,"expectancy":2.6228234866666673,"expectancy_ratio":0.14939463241185602,"sortino":-100,"sharpe":0.29856420881472817,"calmar":18.097738647691322,"sqn":0.5649,"profit_factor":1.896367794471135,"max_drawdown_account":0.01712658207465978,"max_drawdown_abs":17.55634352}],"exit_reason_summary":[{"key":"roi","trades":5,"profit_mean":0.020033718132411307,"profit_mean_pct":2.0,"profit_total_abs":33.29328444,"profit_total":0.03329328444,"profit_total_pct":3.33,"duration_avg":"1:48:00","wins":5,"draws":0,"losses":0,"winrate":1.0,"cagr":0.13115421865099064,"expectancy":6.658656888,"expectancy_ratio":100.0,"sortino":-100,"sharpe":1.1664851036507897,"calmar":-100,"sqn":2.369,"profit_factor":0.0,"max_drawdown_account":0.0,"max_drawdown_abs":0.0},{"key":"stop_loss","trades":1,"profit_mean":-0.05185924122005114,"profit_mean_pct":-5.19,"profit_total_abs":-17.55634352,"profit_total":-0.01755634352,"profit_total_pct":-1.76,"duration_avg":"2:00:00","wins":0,"draws":0,"losses":1,"winrate":0.0,"cagr":-0.06447678315486605,"expectancy":-17.55634352,"expectancy_ratio":-1.0,"sortino":-100,"sharpe":-100,"calmar":-19.695848633549232,"sqn":-100.0,"profit_factor":0.0,"max_drawdown_account":0.01755634352000004,"max_drawdown_abs":17.55634352},{"key":"TOTAL","trades":6,"profit_mean":0.008051558240334234,"profit_mean_pct":0.81,"profit_total_abs":15.736940920000002,"profit_total":0.01573694092,"profit_total_pct":1.57,"duration_avg":"1:50:00","wins":5,"draws":0,"losses":1,"winrate":0.8333333333333334,"cagr":0.06051560910091869,"expectancy":2.6228234866666673,"expectancy_ratio":0.14939463241185602,"sortino":-100,"sharpe":0.29856420881472817,"calmar":18.097738647691322,"sqn":0.5649,"profit_factor":1.896367794471135,"max_drawdown_account":0.01712658207465978,"max_drawdown_abs":17.55634352}],"mix_tag_stats":[{"key":["","roi"],"trades":5,"profit_mean":0.020033718132411307,"profit_mean_pct":2.0,"profit_total_abs":33.29328444,"profit_total":0.03329328444,"profit_total_pct":3.33,"duration_avg":"1:48:00","wins":5,"draws":0,"losses":0,"winrate":1.0,"cagr":0.13115421865099064,"expectancy":6.658656888,"expectancy_ratio":100.0,"sortino":-100,"sharpe":1.1664851036507897,"calmar":-100,"sqn":2.369,"profit_factor":0.0,"max_drawdown_account":0.0,"max_drawdown_abs":0.0},{"key":["","stop_loss"],"trades":1,"profit_mean":-0.05185924122005114,"profit_mean_pct":-5.19,"profit_total_abs":-17.55634352,"profit_total":-0.01755634352,"profit_total_pct":-1.76,"duration_avg":"2:00:00","wins":0,"draws":0,"losses":1,"winrate":0.0,"cagr":-0.06447678315486605,"expectancy":-17.55634352,"expectancy_ratio":-1.0,"sortino":-100,"sharpe":-100,"calmar":-19.695848633549232,"sqn":-100.0,"profit_factor":0.0,"max_drawdown_account":0.01755634352000004,"max_drawdown_abs":17.55634352},{"key":"TOTAL","trades":6,"profit_mean":0.008051558240334234,"profit_mean_pct":0.81,"profit_total_abs":15.736940920000002,"profit_total":0.01573694092,"profit_total_pct":1.57,"duration_avg":"1:50:00","wins":5,"draws":0,"losses":1,"winrate":0.8333333333333334,"cagr":0.06051560910091869,"expectancy":2.6228234866666673,"expectancy_ratio":0.14939463241185602,"sortino":-100,"sharpe":0.29856420881472817,"calmar":18.097738647691322,"sqn":0.5649,"profit_factor":1.896367794471135,"max_drawdown_account":0.01712658207465978,"max_drawdown_abs":17.55634352}],"left_open_trades":[{"key":"TOTAL","trades":0,"profit_mean":0.0,"profit_mean_pct":0.0,"profit_total_abs":0.0,"profit_total":0.0,"profit_total_pct":0.0,"duration_avg":"0:00","wins":0,"draws":0,"losses":0,"winrate":0.0,"cagr":0.0,"expectancy":0.0,"expectancy_ratio":100.0,"sortino":0,"sharpe":0,"calmar":0,"sqn":0.0,"profit_factor":0.0,"max_drawdown_account":0.0,"max_drawdown_abs":0.0}],"total_trades":6,"trade_count_long":6,"trade_count_short":0,"total_volume":4031.547921722642,"avg_stake_amount":333.9796616666667,"profit_mean":0.008051558240334234,"profit_median":0.011719383091724097,"profit_total":0.01573694092,"profit_total_long":0.01573694092,"profit_total_short":0.0,"profit_total_abs":15.736940920000002,"profit_total_long_abs":15.736940920000002,"profit_total_short_abs":0.0,"cagr":0.06051560910091869,"expectancy":2.6228234866666673,"expectancy_ratio":0.14939463241185602,"sortino":-100,"sharpe":0.29856420881472817,"calmar":18.097738647691322,"sqn":0.5649,"profit_factor":1.896367794471135,"backtest_start":"2025-10-01 00:00:00","backtest_start_ts":1759276800000,"backtest_end":"2026-01-06 20:00:00","backtest_end_ts":1767729600000,"backtest_days":97,"backtest_run_start_ts":1767752291,"backtest_run_end_ts":1767752292,"trades_per_day":0.06,"market_change":-0.36632086436227446,"pairlist":["DOGE/USDT"],"stake_amount":"unlimited","stake_currency":"USDT","stake_currency_decimals":3,"starting_balance":1000,"dry_run_wallet":1000,"final_balance":1015.73694092,"rejected_signals":0,"timedout_entry_orders":0,"timedout_exit_orders":0,"canceled_trade_entries":0,"canceled_entry_orders":0,"replaced_entry_orders":0,"max_open_trades":1,"max_open_trades_setting":3,"timeframe":"1h","timeframe_detail":"","timerange":"20251001-","enable_protections":false,"strategy_name":"ACO_56_19","freqaimodel":null,"freqai_identifier":null,"stoploss":-0.05,"trailing_stop":false,"trailing_stop_positive":null,"trailing_stop_positive_offset":0.0,"trailing_only_offset_is_reached":false,"use_custom_stoploss":false,"minimal_roi":{"0":0.1,"60":0.05,"120":0.0},"use_exit_signal":true,"exit_profit_only":false,"exit_profit_offset":0.0,"ignore_roi_if_entry_signal":false,"trading_mode":"spot","margin_mode":"","periodic_breakdown":{"day":[{"date":"12/10/2025","date_ts":1760227200000,"profit_abs":16.495374,"wins":1,"draws":0,"losses":0,"trades":1,"profit_factor":0.0},{"date":"13/10/2025","date_ts":1760313600000,"profit_abs":0.0,"wins":0,"draws":0,"losses":0,"trades":0,"profit_factor":0.0},{"date":"14/10/2025","date_ts":1760400000000,"profit_abs":8.59786664,"wins":1,"draws":0,"losses":0,"trades":1,"profit_factor":0.0},{"date":"15/10/2025","date_ts":1760486400000,"profit_abs":0.0,"wins":0,"draws":0,"losses":0,"trades":0,"profit_factor":0.0},{"date":"16/10/2025","date_ts":1760572800000,"profit_abs":0.0,"wins":0,"draws":0,"losses":0,"trades":0,"profit_factor":0.0},{"date":"17/10/2025","date_ts":1760659200000,"profit_abs":0.0,"wins":0,"draws":0,"losses":0,"trades":0,"profit_factor":0.0},{"date":"18/10/2025","date_ts":1760745600000,"profit_abs":0.0,"wins":0,"draws":0,"losses":0,"trades":0,"profit_factor":0.0},{"date":"19/10/2025","date_ts":1760832000000,"profit_abs":0.0,"wins":0,"draws":0,"losses":0,"trades":0,"profit_factor":0.0},{"date":"20/10/2025","date_ts":1760918400000,"profit_abs":0.0,"wins":0,"draws":0,"losses":0,"trades":0,"profit_factor":0.0},{"date":"21/10/2025","date_ts":1761004800000,"profit_abs":0.0,"wins":0,"draws":0,"losses":0,"trades":0,"profit_factor":0.0},{"date":"22/10/2025","date_ts":1761091200000,"profit_abs":0.0,"wins":0,"draws":0,"losses":0,"trades":0,"profit_factor":0.0},{"date":"23/10/2025","date_ts":1761177600000,"profit_abs":0.0,"wins":0,"draws":0,"losses":0,"trades":0,"profit_factor":0.0},{"date":"24/10/2025","date_ts":1761264000000,"profit_abs":0.0,"wins":0,"draws":0,"losses":0,"trades":0,"profit_factor":0.0},{"date":"25/10/2025","date_ts":1761350400000,"profit_abs":0.0,"wins":0,"draws":0,"losses":0,"trades":0,"profit_factor":0.0},{"date":"26/10/2025","date_ts":1761436800000,"profit_abs":0.0,"wins":0,"draws":0,"losses":0,"trades":0,"profit_factor":0.0},{"date":"27/10/2025","date_ts":1761523200000,"profit_abs":0.0,"wins":0,"draws":0,"losses":0,"trades":0,"profit_factor":0.0},{"date":"28/10/2025","date_ts":1761609600000,"profit_abs":0.0,"wins":0,"draws":0,"losses":0,"trades":0,"profit_factor":0.0},{"date":"29/10/2025","date_ts":1761696000000,"profit_abs":0.0,"wins":0,"draws":0,"losses":0,"trades":0,"profit_factor":0.0},{"date":"30/10/2025","date_ts":1761782400000,"profit_abs":0.0,"wins":0,"draws":0,"losses":0,"trades":0,"profit_factor":0.0},{"date":"31/10/2025","date_ts":1761868800000,"profit_abs":0.0,"wins":0,"draws":0,"losses":0,"trades":0,"profit_factor":0.0},{"date":"01/11/2025","date_ts":1761955200000,"profit_abs":0.0,"wins":0,"draws":0,"losses":0,"trades":0,"profit_factor":0.0},{"date":"02/11/2025","date_ts":1762041600000,"profit_abs":0.0,"wins":0,"draws":0,"losses":0,"trades":0,"profit_factor":0.0},{"date":"03/11/2025","date_ts":1762128000000,"profit_abs":0.0,"wins":0,"draws":0,"losses":0,"trades":0,"profit_factor":0.0},{"date":"04/11/2025","date_ts":1762214400000,"profit_abs":-17.55634352,"wins":0,"draws":0,"losses":1,"trades":1,"profit_factor":0.0},{"date":"05/11/2025","date_ts":1762300800000,"profit_abs":2.67815652,"wins":1,"draws":0,"losses":0,"trades":1,"profit_factor":0.0},{"date":"06/11/2025","date_ts":1762387200000,"profit_abs":0.0,"wins":0,"draws":0,"losses":0,"trades":0,"profit_factor":0.0},{"date":"07/11/2025","date_ts":1762473600000,"profit_abs":0.0,"wins":0,"draws":0,"losses":0,"trades":0,"profit_factor":0.0},{"date":"08/11/2025","date_ts":1762560000000,"profit_abs":0.0,"wins":0,"draws":0,"losses":0,"trades":0,"profit_factor":0.0},{"date":"09/11/2025","date_ts":1762646400000,"profit_abs":0.0,"wins":0,"draws":0,"losses":0,"trades":0,"profit_factor":0.0},{"date":"10/11/2025","date_ts":1762732800000,"profit_abs":0.0,"wins":0,"draws":0,"losses":0,"trades":0,"profit_factor":0.0},{"date":"11/11/2025","date_ts":1762819200000,"profit_abs":0.0,"wins":0,"draws":0,"losses":0,"trades":0,"profit_factor":0.0},{"date":"12/11/2025","date_ts":1762905600000,"profit_abs":0.0,"wins":0,"draws":0,"losses":0,"trades":0,"profit_factor":0.0},{"date":"13/11/2025","date_ts":1762992000000,"profit_abs":0.0,"wins":0,"draws":0,"losses":0,"trades":0,"profit_factor":0.0},{"date":"14/11/2025","date_ts":1763078400000,"profit_abs":0.0,"wins":0,"draws":0,"losses":0,"trades":0,"profit_factor":0.0},{"date":"15/11/2025","date_ts":1763164800000,"profit_abs":0.0,"wins":0,"draws":0,"losses":0,"trades":0,"profit_factor":0.0},{"date":"16/11/2025","date_ts":1763251200000,"profit_abs":0.0,"wins":0,"draws":0,"losses":0,"trades":0,"profit_factor":0.0},{"date":"17/11/2025","date_ts":1763337600000,"profit_abs":0.0,"wins":0,"draws":0,"losses":0,"trades":0,"profit_factor":0.0},{"date":"18/11/2025","date_ts":1763424000000,"profit_abs":0.0,"wins":0,"draws":0,"losses":0,"trades":0,"profit_factor":0.0},{"date":"19/11/2025","date_ts":1763510400000,"profit_abs":0.0,"wins":0,"draws":0,"losses":0,"trades":0,"profit_factor":0.0},{"date":"20/11/2025","date_ts":1763596800000,"profit_abs":0.0,"wins":0,"draws":0,"losses":0,"trades":0,"profit_factor":0.0},{"date":"21/11/2025","date_ts":1763683200000,"profit_abs":5.13328424,"wins":1,"draws":0,"losses":0,"trades":1,"profit_factor":0.0},{"date":"22/11/2025","date_ts":1763769600000,"profit_abs":0.38860304,"wins":1,"draws":0,"losses":0,"trades":1,"profit_factor":0.0}],"week":[{"date":"13/10/2025","date_ts":1760313600000,"profit_abs":16.495374,"wins":1,"draws":0,"losses":0,"trades":1,"profit_factor":0.0},{"date":"20/10/2025","date_ts":1760918400000,"profit_abs":8.59786664,"wins":1,"draws":0,"losses":0,"trades":1,"profit_factor":0.0},{"date":"27/10/2025","date_ts":1761523200000,"profit_abs":0.0,"wins":0,"draws":0,"losses":0,"trades":0,"profit_factor":0.0},{"date":"03/11/2025","date_ts":1762128000000,"profit_abs":0.0,"wins":0,"draws":0,"losses":0,"trades":0,"profit_factor":0.0},{"date":"10/11/2025","date_ts":1762732800000,"profit_abs":-14.878187,"wins":1,"draws":0,"losses":1,"trades":2,"profit_factor":0.15254637},{"date":"17/11/2025","date_ts":1763337600000,"profit_abs":0.0,"wins":0,"draws":0,"losses":0,"trades":0,"profit_factor":0.0},{"date":"24/11/2025","date_ts":1763942400000,"profit_abs":5.52188728,"wins":2,"draws":0,"losses":0,"trades":2,"profit_factor":0.0}],"month":[{"date":"31/10/2025","date_ts":1761868800000,"profit_abs":25.09324064,"wins":2,"draws":0,"losses":0,"trades":2,"profit_factor":0.0},{"date":"30/11/2025","date_ts":1764460800000,"profit_abs":-9.35629972,"wins":3,"draws":0,"losses":1,"trades":4,"profit_factor":0.46707014}],"year":[{"date":"31/12/2025","date_ts":1767139200000,"profit_abs":15.73694092,"wins":5,"draws":0,"losses":1,"trades":6,"profit_factor":1.89636779}],"weekday":[{"date":"Tuesday","date_ts":1,"profit_abs":-8.95847688,"wins":1,"draws":0,"losses":1,"trades":2,"profit_factor":0.48972992},{"date":"Wednesday","date_ts":2,"profit_abs":2.67815652,"wins":1,"draws":0,"losses":0,"trades":1,"profit_factor":0.0},{"date":"Friday","date_ts":4,"profit_abs":5.13328424,"wins":1,"draws":0,"losses":0,"trades":1,"profit_factor":0.0},{"date":"Saturday","date_ts":5,"profit_abs":0.38860304,"wins":1,"draws":0,"losses":0,"trades":1,"profit_factor":0.0},{"date":"Sunday","date_ts":6,"profit_abs":16.495374,"wins":1,"draws":0,"losses":0,"trades":1,"profit_factor":0.0}]},"backtest_best_day":0.04995004995004996,"backtest_worst_day":-0.05185924122005114,"backtest_best_day_abs":16.495374,"backtest_worst_day_abs":-17.55634352,"winning_days":5,"draw_days":36,"losing_days":1,"daily_profit":[["2025-10-12",16.495374],["2025-10-13",0.0],["2025-10-14",8.59786664],["2025-10-15",0.0],["2025-10-16",0.0],["2025-10-17",0.0],["2025-10-18",0.0],["2025-10-19",0.0],["2025-10-20",0.0],["2025-10-21",0.0],["2025-10-22",0.0],["2025-10-23",0.0],["2025-10-24",0.0],["2025-10-25",0.0],["2025-10-26",0.0],["2025-10-27",0.0],["2025-10-28",0.0],["2025-10-29",0.0],["2025-10-30",0.0],["2025-10-31",0.0],["2025-11-01",0.0],["2025-11-02",0.0],["2025-11-03",0.0],["2025-11-04",-17.55634352],["2025-11-05",2.67815652],["2025-11-06",0.0],["2025-11-07",0.0],["2025-11-08",0.0],["2025-11-09",0.0],["2025-11-10",0.0],["2025-11-11",0.0],["2025-11-12",0.0],["2025-11-13",0.0],["2025-11-14",0.0],["2025-11-15",0.0],["2025-11-16",0.0],["2025-11-17",0.0],["2025-11-18",0.0],["2025-11-19",0.0],["2025-11-20",0.0],["2025-11-21",5.13328424],["2025-11-22",0.38860304]],"wins":5,"losses":1,"draws":0,"winrate":0.8333333333333334,"holding_avg":"1:50:00","holding_avg_s":6600.0,"winner_holding_min":"0d 01:00","winner_holding_min_s":3600.0,"winner_holding_max":"0d 02:00","winner_holding_max_s":7200.0,"winner_holding_avg":"0d 01:48","winner_holding_avg_s":6480.0,"loser_holding_min":"0d 02:00","loser_holding_min_s":7200.0,"loser_holding_max":"0d 02:00","loser_holding_max_s":7200.0,"loser_holding_avg":"0d 02:00","loser_holding_avg_s":7200.0,"max_consecutive_wins":3,"max_consecutive_losses":1,"max_drawdown_account":0.01712658207465978,"max_relative_drawdown":0.01712658207465978,"max_drawdown_abs":17.55634352,"drawdown_start":"2025-10-14 16:00:00","drawdown_start_ts":1760457600000.0,"drawdown_end":"2025-11-04 17:00:00","drawdown_end_ts":1762275600000.0,"drawdown_duration":"21 days 01:00:00","drawdown_duration_s":1818000.0,"max_drawdown_low":7.536897120000003,"max_drawdown_high":25.09324064,"csum_min":1007.53689712,"csum_max":1025.09324064}},"strategy_comparison":[{"key":"ACO_56_19","trades":6,"profit_mean":0.008051558240334234,"profit_mean_pct":0.81,"profit_total_abs":15.736940920000002,"profit_total":0.01573694092,"profit_total_pct":1.57,"duration_avg":"1:50:00","wins":5,"draws":0,"losses":1,"winrate":0.8333333333333334,"cagr":0.06051560910091869,"expectancy":2.6228234866666673,"expectancy_ratio":0.14939463241185602,"sortino":-100,"sharpe":0.29856420881472817,"calmar":18.097738647691322,"sqn":0.5649,"profit_factor":1.896367794471135,"max_drawdown_account":0.01712658207465978,"max_drawdown_abs":"17.556"}]}