{"strategy":{"ACO_11_11":{"trades":[{"pair":"DOGE/USDT","stake_amount":329.84268,"max_stake_amount":329.84268,"amount":1318.0,"open_date":"2025-10-04 23:00:00+00:00","close_date":"2025-10-05 01:00:00+00:00","open_rate":0.25026,"close_rate":0.25076102102102094,"fee_open":0.001,"fee_close":0.001,"trade_duration":120,"profit_ratio":0.0,"profit_abs":0.0,"exit_reason":"roi","initial_stop_loss_abs":0.23775,"initial_stop_loss_ratio":-0.05,"stop_loss_abs":0.23775,"stop_loss_ratio":-0.05,"min_rate":0.24953,"max_rate":0.25191,"is_open":false,"enter_tag":"","leverage":1.0,"is_short":false,"open_timestamp":1759618800000,"close_timestamp":1759626000000,"orders":[{"amount":1318.0,"safe_price":0.25026,"ft_order_side":"buy","order_filled_timestamp":1759618800000,"ft_is_entry":true,"ft_order_tag":"","cost":330.17252267999993},{"amount":1318.0,"safe_price":0.25076102102102094,"ft_order_side":"sell","order_filled_timestamp":1759626000000,"ft_is_entry":false,"ft_order_tag":"roi","cost":330.83352873141126}],"funding_fees":0.0,"weekday":6},{"pair":"DOGE/USDT","stake_amount":329.8819,"max_stake_amount":329.8819,"amount":1319.0,"open_date":"2025-10-08 11:00:00+00:00","close_date":"2025-10-08 13:00:00+00:00","open_rate":0.2501,"close_rate":0.2523,"fee_open":0.001,"fee_close":0.001,"trade_duration":120,"profit_ratio":0.0067809040220075814,"profit_abs":2.2391344,"exit_reason":"roi","initial_stop_loss_abs":0.2376,"initial_stop_loss_ratio":-0.05,"stop_loss_abs":0.2376,"stop_loss_ratio":-0.05,"min_rate":0.2487,"max_rate":0.2535,"is_open":false,"enter_tag":"","leverage":1.0,"is_short":false,"open_timestamp":1759921200000,"close_timestamp":1759928400000,"orders":[{"amount":1319.0,"safe_price":0.2501,"ft_order_side":"buy","order_filled_timestamp":1759921200000,"ft_is_entry":true,"ft_order_tag":"","cost":330.21178189999995},{"amount":1319.0,"safe_price":0.2523,"ft_order_side":"sell","order_filled_timestamp":1759928400000,"ft_is_entry":false,"ft_order_tag":"roi","cost":333.11648369999995}],"funding_fees":0.0,"weekday":2},{"pair":"DOGE/USDT","stake_amount":330.58842,"max_stake_amount":330.58842,"amount":1662.0,"open_date":"2025-10-16 07:00:00+00:00","close_date":"2025-10-16 10:00:00+00:00","open_rate":0.19891,"close_rate":0.1993082182182182,"fee_open":0.001,"fee_close":0.001,"trade_duration":180,"profit_ratio":0.0,"profit_abs":0.0,"exit_reason":"roi","initial_stop_loss_abs":0.18897,"initial_stop_loss_ratio":-0.05,"stop_loss_abs":0.18897,"stop_loss_ratio":-0.05,"min_rate":0.19015,"max_rate":0.20062,"is_open":false,"enter_tag":"","leverage":1.0,"is_short":false,"open_timestamp":1760598000000,"close_timestamp":1760608800000,"orders":[{"amount":1662.0,"safe_price":0.19891,"ft_order_side":"buy","order_filled_timestamp":1760598000000,"ft_is_entry":true,"ft_order_tag":"","cost":330.91900841999995},{"amount":1662.0,"safe_price":0.1993082182182182,"ft_order_side":"sell","order_filled_timestamp":1760608800000,"ft_is_entry":false,"ft_order_tag":"roi","cost":331.58150893735734}],"funding_fees":0.0,"weekday":3},{"pair":"DOGE/USDT","stake_amount":330.58353,"max_stake_amount":330.58353,"amount":1887.0,"open_date":"2025-11-09 08:00:00+00:00","close_date":"2025-11-09 12:00:00+00:00","open_rate":0.17519,"close_rate":0.17554073073073073,"fee_open":0.001,"fee_close":0.001,"trade_duration":240,"profit_ratio":0.0,"profit_abs":0.0,"exit_reason":"roi","initial_stop_loss_abs":0.16644,"initial_stop_loss_ratio":-0.05,"stop_loss_abs":0.16644,"stop_loss_ratio":-0.05,"min_rate":0.17243,"max_rate":0.17601,"is_open":false,"enter_tag":"","leverage":1.0,"is_short":false,"open_timestamp":1762675200000,"close_timestamp":1762689600000,"orders":[{"amount":1887.0,"safe_price":0.17519,"ft_order_side":"buy","order_filled_timestamp":1762675200000,"ft_is_entry":true,"ft_order_tag":"","cost":330.91411352999995},{"amount":1887.0,"safe_price":0.17554073073073073,"ft_order_side":"sell","order_filled_timestamp":1762689600000,"ft_is_entry":false,"ft_order_tag":"roi","cost":331.57660424777777}],"funding_fees":0.0,"weekday":6},{"pair":"DOGE/USDT","stake_amount":330.6159,"max_stake_amount":330.6159,"amount":1899.0,"open_date":"2025-11-12 09:00:00+00:00","close_date":"2025-11-12 11:00:00+00:00","open_rate":0.1741,"close_rate":0.1764,"fee_open":0.001,"fee_close":0.001,"trade_duration":120,"profit_ratio":0.011186401192145017,"profit_abs":3.7021005,"exit_reason":"roi","initial_stop_loss_abs":0.1654,"initial_stop_loss_ratio":-0.05,"stop_loss_abs":0.1654,"stop_loss_ratio":-0.05,"min_rate":0.17404,"max_rate":0.17713,"is_open":false,"enter_tag":"","leverage":1.0,"is_short":false,"open_timestamp":1762938000000,"close_timestamp":1762945200000,"orders":[{"amount":1899.0,"safe_price":0.1741,"ft_order_side":"buy","order_filled_timestamp":1762938000000,"ft_is_entry":true,"ft_order_tag":"","cost":330.94651589999995},{"amount":1899.0,"safe_price":0.1764,"ft_order_side":"sell","order_filled_timestamp":1762945200000,"ft_is_entry":false,"ft_order_tag":"roi","cost":335.3185836}],"funding_fees":0.0,"weekday":2},{"pair":"DOGE/USDT","stake_amount":331.80954,"max_stake_amount":331.80954,"amount":2166.0,"open_date":"2025-11-28 09:00:00+00:00","close_date":"2025-11-28 14:00:00+00:00","open_rate":0.15319,"close_rate":0.15349668668668665,"fee_open":0.001,"fee_close":0.001,"trade_duration":300,"profit_ratio":0.0,"profit_abs":0.0,"exit_reason":"roi","initial_stop_loss_abs":0.14554,"initial_stop_loss_ratio":-0.05,"stop_loss_abs":0.14554,"stop_loss_ratio":-0.05,"min_rate":0.14975,"max_rate":0.15395,"is_open":false,"enter_tag":"","leverage":1.0,"is_short":false,"open_timestamp":1764320400000,"close_timestamp":1764338400000,"orders":[{"amount":2166.0,"safe_price":0.15319,"ft_order_side":"buy","order_filled_timestamp":1764320400000,"ft_is_entry":true,"ft_order_tag":"","cost":332.1413495399999},{"amount":2166.0,"safe_price":0.15349668668668665,"ft_order_side":"sell","order_filled_timestamp":1764338400000,"ft_is_entry":false,"ft_order_tag":"roi","cost":332.8062971867266}],"funding_fees":0.0,"weekday":4},{"pair":"DOGE/USDT","stake_amount":331.85712,"max_stake_amount":331.85712,"amount":2443.0,"open_date":"2025-12-01 23:00:00+00:00","close_date":"2025-12-02 01:00:00+00:00","open_rate":0.13584,"close_rate":0.13611195195195194,"fee_open":0.001,"fee_close":0.001,"trade_duration":120,"profit_ratio":0.0,"profit_abs":0.0,"exit_reason":"roi","initial_stop_loss_abs":0.12905,"initial_stop_loss_ratio":-0.05,"stop_loss_abs":0.12905,"stop_loss_ratio":-0.05,"min_rate":0.13493,"max_rate":0.13732,"is_open":false,"enter_tag":"","leverage":1.0,"is_short":false,"open_timestamp":1764630000000,"close_timestamp":1764637200000,"orders":[{"amount":2443.0,"safe_price":0.13584,"ft_order_side":"buy","order_filled_timestamp":1764630000000,"ft_is_entry":true,"ft_order_tag":"","cost":332.1889771199999},{"amount":2443.0,"safe_price":0.13611195195195194,"ft_order_side":"sell","order_filled_timestamp":1764637200000,"ft_is_entry":false,"ft_order_tag":"roi","cost":332.85402011723716}],"funding_fees":0.0,"weekday":1},{"pair":"DOGE/USDT","stake_amount":331.93746,"max_stake_amount":331.93746,"amount":2259.0,"open_date":"2025-12-10 19:00:00+00:00","close_date":"2025-12-11 01:00:00+00:00","open_rate":0.14694,"close_rate":0.1396,"fee_open":0.001,"fee_close":0.001,"trade_duration":360,"profit_ratio":-0.051850558588002436,"profit_abs":-17.22835386,"exit_reason":"stop_loss","initial_stop_loss_abs":0.1396,"initial_stop_loss_ratio":-0.05,"stop_loss_abs":0.1396,"stop_loss_ratio":-0.05,"min_rate":0.13944,"max_rate":0.15031,"is_open":false,"enter_tag":"","leverage":1.0,"is_short":false,"open_timestamp":1765393200000,"close_timestamp":1765414800000,"orders":[{"amount":2259.0,"safe_price":0.14694,"ft_order_side":"buy","order_filled_timestamp":1765393200000,"ft_is_entry":true,"ft_order_tag":"","cost":332.26939745999994},{"amount":2259.0,"safe_price":0.1396,"ft_order_side":"sell","order_filled_timestamp":1765414800000,"ft_is_entry":false,"ft_order_tag":"stop_loss","cost":315.6717564}],"funding_fees":0.0,"weekday":3},{"pair":"DOGE/USDT","stake_amount":326.18523,"max_stake_amount":326.18523,"amount":2357.0,"open_date":"2025-12-11 20:00:00+00:00","close_date":"2025-12-11 22:00:00+00:00","open_rate":0.13839,"close_rate":0.14176,"fee_open":0.001,"fee_close":0.001,"trade_duration":120,"profit_ratio":0.022304814197291977,"profit_abs":7.28277645,"exit_reason":"roi","initial_stop_loss_abs":0.13148,"initial_stop_loss_ratio":-0.05,"stop_loss_abs":0.13148,"stop_loss_ratio":-0.05,"min_rate":0.13835,"max_rate":0.14281,"is_open":false,"enter_tag":"","leverage":1.0,"is_short":false,"open_timestamp":1765483200000,"close_timestamp":1765490400000,"orders":[{"amount":2357.0,"safe_price":0.13839,"ft_order_side":"buy","order_filled_timestamp":1765483200000,"ft_is_entry":true,"ft_order_tag":"","cost":326.51141523},{"amount":2357.0,"safe_price":0.14176,"ft_order_side":"sell","order_filled_timestamp":1765490400000,"ft_is_entry":false,"ft_order_tag":"roi","cost":334.46244831999996}],"funding_fees":0.0,"weekday":3},{"pair":"DOGE/USDT","stake_amount":328.61826,"max_stake_amount":328.61826,"amount":2529.0,"open_date":"2025-12-16 07:00:00+00:00","close_date":"2025-12-16 10:00:00+00:00","open_rate":0.12994,"close_rate":0.13020014014014014,"fee_open":0.001,"fee_close":0.001,"trade_duration":180,"profit_ratio":0.0,"profit_abs":0.0,"exit_reason":"roi","initial_stop_loss_abs":0.12345,"initial_stop_loss_ratio":-0.05,"stop_loss_abs":0.12345,"stop_loss_ratio":-0.05,"min_rate":0.12831,"max_rate":0.13149,"is_open":false,"enter_tag":"","leverage":1.0,"is_short":false,"open_timestamp":1765868400000,"close_timestamp":1765879200000,"orders":[{"amount":2529.0,"safe_price":0.12994,"ft_order_side":"buy","order_filled_timestamp":1765868400000,"ft_is_entry":true,"ft_order_tag":"","cost":328.94687826},{"amount":2529.0,"safe_price":0.13020014014014014,"ft_order_side":"sell","order_filled_timestamp":1765879200000,"ft_is_entry":false,"ft_order_tag":"roi","cost":329.6054305688288}],"funding_fees":0.0,"weekday":1},{"pair":"DOGE/USDT","stake_amount":328.63635,"max_stake_amount":328.63635,"amount":2601.0,"open_date":"2025-12-18 11:00:00+00:00","close_date":"2025-12-18 13:00:00+00:00","open_rate":0.12635,"close_rate":0.12660295295295293,"fee_open":0.001,"fee_close":0.001,"trade_duration":120,"profit_ratio":0.0,"profit_abs":0.0,"exit_reason":"roi","initial_stop_loss_abs":0.12004,"initial_stop_loss_ratio":-0.05,"stop_loss_abs":0.12004,"stop_loss_ratio":-0.05,"min_rate":0.1257,"max_rate":0.12972,"is_open":false,"enter_tag":"","leverage":1.0,"is_short":false,"open_timestamp":1766055600000,"close_timestamp":1766062800000,"orders":[{"amount":2601.0,"safe_price":0.12635,"ft_order_side":"buy","order_filled_timestamp":1766055600000,"ft_is_entry":true,"ft_order_tag":"","cost":328.96498634999995},{"amount":2601.0,"safe_price":0.12660295295295293,"ft_order_side":"sell","order_filled_timestamp":1766062800000,"ft_is_entry":false,"ft_order_tag":"roi","cost":329.6235749112612}],"funding_fees":0.0,"weekday":3},{"pair":"DOGE/USDT","stake_amount":328.58518,"max_stake_amount":328.58518,"amount":2618.0,"open_date":"2025-12-19 04:00:00+00:00","close_date":"2025-12-19 06:00:00+00:00","open_rate":0.12551,"close_rate":0.1257612712712713,"fee_open":0.001,"fee_close":0.001,"trade_duration":120,"profit_ratio":0.0,"profit_abs":0.0,"exit_reason":"roi","initial_stop_loss_abs":0.11924,"initial_stop_loss_ratio":-0.05,"stop_loss_abs":0.11924,"stop_loss_ratio":-0.05,"min_rate":0.12539,"max_rate":0.12673,"is_open":false,"enter_tag":"","leverage":1.0,"is_short":false,"open_timestamp":1766116800000,"close_timestamp":1766124000000,"orders":[{"amount":2618.0,"safe_price":0.12551,"ft_order_side":"buy","order_filled_timestamp":1766116800000,"ft_is_entry":true,"ft_order_tag":"","cost":328.91376518},{"amount":2618.0,"safe_price":0.1257612712712713,"ft_order_side":"sell","order_filled_timestamp":1766124000000,"ft_is_entry":false,"ft_order_tag":"roi","cost":329.5722511963764}],"funding_fees":0.0,"weekday":4},{"pair":"DOGE/USDT","stake_amount":328.58028,"max_stake_amount":328.58028,"amount":2661.0,"open_date":"2025-12-30 04:00:00+00:00","close_date":"2025-12-30 07:00:00+00:00","open_rate":0.12348,"close_rate":0.1237272072072072,"fee_open":0.001,"fee_close":0.001,"trade_duration":180,"profit_ratio":0.0,"profit_abs":0.0,"exit_reason":"roi","initial_stop_loss_abs":0.11731,"initial_stop_loss_ratio":-0.05,"stop_loss_abs":0.11731,"stop_loss_ratio":-0.05,"min_rate":0.12288,"max_rate":0.12384,"is_open":false,"enter_tag":"","leverage":1.0,"is_short":false,"open_timestamp":1767067200000,"close_timestamp":1767078000000,"orders":[{"amount":2661.0,"safe_price":0.12348,"ft_order_side":"buy","order_filled_timestamp":1767067200000,"ft_is_entry":true,"ft_order_tag":"","cost":328.90886028},{"amount":2661.0,"safe_price":0.1237272072072072,"ft_order_side":"sell","order_filled_timestamp":1767078000000,"ft_is_entry":false,"ft_order_tag":"roi","cost":329.56733647675674}],"funding_fees":0.0,"weekday":1},{"pair":"DOGE/USDT","stake_amount":328.56094,"max_stake_amount":328.56094,"amount":2663.0,"open_date":"2025-12-31 08:00:00+00:00","close_date":"2025-12-31 14:00:00+00:00","open_rate":0.12338,"close_rate":0.123627007007007,"fee_open":0.001,"fee_close":0.001,"trade_duration":360,"profit_ratio":0.0,"profit_abs":0.0,"exit_reason":"roi","initial_stop_loss_abs":0.11722,"initial_stop_loss_ratio":-0.05,"stop_loss_abs":0.11722,"stop_loss_ratio":-0.05,"min_rate":0.12276,"max_rate":0.12381,"is_open":false,"enter_tag":"","leverage":1.0,"is_short":false,"open_timestamp":1767168000000,"close_timestamp":1767189600000,"orders":[{"amount":2663.0,"safe_price":0.12338,"ft_order_side":"buy","order_filled_timestamp":1767168000000,"ft_is_entry":true,"ft_order_tag":"","cost":328.88950094},{"amount":2663.0,"safe_price":0.123627007007007,"ft_order_side":"sell","order_filled_timestamp":1767189600000,"ft_is_entry":false,"ft_order_tag":"roi","cost":329.5479383793193}],"funding_fees":0.0,"weekday":2}],"locks":[],"best_pair":{"key":"DOGE/USDT","trades":14,"profit_mean":-0.0008270313697541332,"profit_mean_pct":-0.08,"profit_total_abs":-4.004342509999997,"profit_total":-0.004004342509999997,"profit_total_pct":-0.4,"duration_avg":"3:09:00","wins":3,"draws":10,"losses":1,"winrate":0.21428571428571427,"cagr":-0.01498473063172956,"expectancy":-0.286024465,"expectancy_ratio":-0.7308876756410634,"sortino":-100,"sharpe":-0.15395126192461836,"calmar":-4.60505416838277,"sqn":-0.2013,"profit_factor":0.7675725410251122,"max_drawdown_account":0.017126600702189868,"max_drawdown_abs":17.22835386},"worst_pair":{"key":"DOGE/USDT","trades":14,"profit_mean":-0.0008270313697541332,"profit_mean_pct":-0.08,"profit_total_abs":-4.004342509999997,"profit_total":-0.004004342509999997,"profit_total_pct":-0.4,"duration_avg":"3:09:00","wins":3,"draws":10,"losses":1,"winrate":0.21428571428571427,"cagr":-0.01498473063172956,"expectancy":-0.286024465,"expectancy_ratio":-0.7308876756410634,"sortino":-100,"sharpe":-0.15395126192461836,"calmar":-4.60505416838277,"sqn":-0.2013,"profit_factor":0.7675725410251122,"max_drawdown_account":0.017126600702189868,"max_drawdown_abs":17.22835386},"results_per_pair":[{"key":"DOGE/USDT","trades":14,"profit_mean":-0.0008270313697541332,"profit_mean_pct":-0.08,"profit_total_abs":-4.004342509999997,"profit_total":-0.004004342509999997,"profit_total_pct":-0.4,"duration_avg":"3:09:00","wins":3,"draws":10,"losses":1,"winrate":0.21428571428571427,"cagr":-0.01498473063172956,"expectancy":-0.286024465,"expectancy_ratio":-0.7308876756410634,"sortino":-100,"sharpe":-0.15395126192461836,"calmar":-4.60505416838277,"sqn":-0.2013,"profit_factor":0.7675725410251122,"max_drawdown_account":0.017126600702189868,"max_drawdown_abs":17.22835386},{"key":"TOTAL","trades":14,"profit_mean":-0.0008270313697541332,"profit_mean_pct":-0.08,"profit_total_abs":-4.004342509999997,"profit_total":-0.004004342509999997,"profit_total_pct":-0.4,"duration_avg":"3:09:00","wins":3,"draws":10,"losses":1,"winrate":0.21428571428571427,"cagr":-0.01498473063172956,"expectancy":-0.286024465,"expectancy_ratio":-0.7308876756410634,"sortino":-100,"sharpe":-0.15395126192461836,"calmar":-4.60505416838277,"sqn":-0.2013,"profit_factor":0.7675725410251122,"max_drawdown_account":0.017126600702189868,"max_drawdown_abs":17.22835386}],"results_per_enter_tag":[{"key":"","trades":14,"profit_mean":-0.0008270313697541332,"profit_mean_pct":-0.08,"profit_total_abs":-4.004342509999997,"profit_total":-0.004004342509999997,"profit_total_pct":-0.4,"duration_avg":"3:09:00","wins":3,"draws":10,"losses":1,"winrate":0.21428571428571427,"cagr":-0.01498473063172956,"expectancy":-0.286024465,"expectancy_ratio":-0.7308876756410634,"sortino":-100,"sharpe":-0.15395126192461836,"calmar":-4.60505416838277,"sqn":-0.2013,"profit_factor":0.7675725410251122,"max_drawdown_account":0.017126600702189868,"max_drawdown_abs":17.22835386},{"key":"TOTAL","trades":14,"profit_mean":-0.0008270313697541332,"profit_mean_pct":-0.08,"profit_total_abs":-4.004342509999997,"profit_total":-0.004004342509999997,"profit_total_pct":-0.4,"duration_avg":"3:09:00","wins":3,"draws":10,"losses":1,"winrate":0.21428571428571427,"cagr":-0.01498473063172956,"expectancy":-0.286024465,"expectancy_ratio":-0.7308876756410634,"sortino":-100,"sharpe":-0.15395126192461836,"calmar":-4.60505416838277,"sqn":-0.2013,"profit_factor":0.7675725410251122,"max_drawdown_account":0.017126600702189868,"max_drawdown_abs":17.22835386}],"exit_reason_summary":[{"key":"roi","trades":13,"profit_mean":0.0030978553393418906,"profit_mean_pct":0.31,"profit_total_abs":13.224011350000001,"profit_total":0.013224011350000002,"profit_total_pct":1.32,"duration_avg":"2:55:00","wins":3,"draws":10,"losses":0,"winrate":0.23076923076923078,"cagr":0.05067657185750285,"expectancy":1.0172316423076924,"expectancy_ratio":100.0,"sortino":-100,"sharpe":1.2298499850320208,"calmar":-100,"sqn":1.6639,"profit_factor":0.0,"max_drawdown_account":0.0,"max_drawdown_abs":0.0},{"key":"stop_loss","trades":1,"profit_mean":-0.051850558588002436,"profit_mean_pct":-5.19,"profit_total_abs":-17.22835386,"profit_total":-0.01722835386,"profit_total_pct":-1.72,"duration_avg":"6:00:00","wins":0,"draws":0,"losses":1,"winrate":0.0,"cagr":-0.06330099660506427,"expectancy":-17.22835386,"expectancy_ratio":-1.0,"sortino":-100,"sharpe":-100,"calmar":-19.695848633549314,"sqn":-100.0,"profit_factor":0.0,"max_drawdown_account":0.01722835385999997,"max_drawdown_abs":17.22835386},{"key":"TOTAL","trades":14,"profit_mean":-0.0008270313697541332,"profit_mean_pct":-0.08,"profit_total_abs":-4.004342509999997,"profit_total":-0.004004342509999997,"profit_total_pct":-0.4,"duration_avg":"3:09:00","wins":3,"draws":10,"losses":1,"winrate":0.21428571428571427,"cagr":-0.01498473063172956,"expectancy":-0.286024465,"expectancy_ratio":-0.7308876756410634,"sortino":-100,"sharpe":-0.15395126192461836,"calmar":-4.60505416838277,"sqn":-0.2013,"profit_factor":0.7675725410251122,"max_drawdown_account":0.017126600702189868,"max_drawdown_abs":17.22835386}],"mix_tag_stats":[{"key":["","roi"],"trades":13,"profit_mean":0.0030978553393418906,"profit_mean_pct":0.31,"profit_total_abs":13.224011350000001,"profit_total":0.013224011350000002,"profit_total_pct":1.32,"duration_avg":"2:55:00","wins":3,"draws":10,"losses":0,"winrate":0.23076923076923078,"cagr":0.05067657185750285,"expectancy":1.0172316423076924,"expectancy_ratio":100.0,"sortino":-100,"sharpe":1.2298499850320208,"calmar":-100,"sqn":1.6639,"profit_factor":0.0,"max_drawdown_account":0.0,"max_drawdown_abs":0.0},{"key":["","stop_loss"],"trades":1,"profit_mean":-0.051850558588002436,"profit_mean_pct":-5.19,"profit_total_abs":-17.22835386,"profit_total":-0.01722835386,"profit_total_pct":-1.72,"duration_avg":"6:00:00","wins":0,"draws":0,"losses":1,"winrate":0.0,"cagr":-0.06330099660506427,"expectancy":-17.22835386,"expectancy_ratio":-1.0,"sortino":-100,"sharpe":-100,"calmar":-19.695848633549314,"sqn":-100.0,"profit_factor":0.0,"max_drawdown_account":0.01722835385999997,"max_drawdown_abs":17.22835386},{"key":"TOTAL","trades":14,"profit_mean":-0.0008270313697541332,"profit_mean_pct":-0.08,"profit_total_abs":-4.004342509999997,"profit_total":-0.004004342509999997,"profit_total_pct":-0.4,"duration_avg":"3:09:00","wins":3,"draws":10,"losses":1,"winrate":0.21428571428571427,"cagr":-0.01498473063172956,"expectancy":-0.286024465,"expectancy_ratio":-0.7308876756410634,"sortino":-100,"sharpe":-0.15395126192461836,"calmar":-4.60505416838277,"sqn":-0.2013,"profit_factor":0.7675725410251122,"max_drawdown_account":0.017126600702189868,"max_drawdown_abs":17.22835386}],"left_open_trades":[{"key":"TOTAL","trades":0,"profit_mean":0.0,"profit_mean_pct":0.0,"profit_total_abs":0.0,"profit_total":0.0,"profit_total_pct":0.0,"duration_avg":"0:00","wins":0,"draws":0,"losses":0,"winrate":0.0,"cagr":0.0,"expectancy":0.0,"expectancy_ratio":100.0,"sortino":0,"sharpe":0,"calmar":0,"sqn":0.0,"profit_factor":0.0,"max_drawdown_account":0.0,"max_drawdown_abs":0.0}],"total_trades":14,"trade_count_long":14,"trade_count_short":0,"total_volume":9247.036835563053,"avg_stake_amount":329.734485,"profit_mean":-0.0008270313697541332,"profit_median":0.0,"profit_total":-0.004004342509999997,"profit_total_long":-0.004004342509999997,"profit_total_short":0.0,"profit_total_abs":-4.004342509999997,"profit_total_long_abs":-4.004342509999997,"profit_total_short_abs":0.0,"cagr":-0.01498473063172956,"expectancy":-0.286024465,"expectancy_ratio":-0.7308876756410634,"sortino":-100,"sharpe":-0.15395126192461836,"calmar":-4.60505416838277,"sqn":-0.2013,"profit_factor":0.7675725410251122,"backtest_start":"2025-10-01 00:00:00","backtest_start_ts":1759276800000,"backtest_end":"2026-01-06 20:00:00","backtest_end_ts":1767729600000,"backtest_days":97,"backtest_run_start_ts":1767750618,"backtest_run_end_ts":1767750618,"trades_per_day":0.14,"market_change":-0.36632086436227446,"pairlist":["DOGE/USDT"],"stake_amount":"unlimited","stake_currency":"USDT","stake_currency_decimals":3,"starting_balance":1000,"dry_run_wallet":1000,"final_balance":995.99565749,"rejected_signals":0,"timedout_entry_orders":0,"timedout_exit_orders":0,"canceled_trade_entries":0,"canceled_entry_orders":0,"replaced_entry_orders":0,"max_open_trades":1,"max_open_trades_setting":3,"timeframe":"1h","timeframe_detail":"","timerange":"20251001-","enable_protections":false,"strategy_name":"ACO_11_11","freqaimodel":null,"freqai_identifier":null,"stoploss":-0.05,"trailing_stop":false,"trailing_stop_positive":null,"trailing_stop_positive_offset":0.0,"trailing_only_offset_is_reached":false,"use_custom_stoploss":false,"minimal_roi":{"0":0.1,"60":0.05,"120":0.0},"use_exit_signal":true,"exit_profit_only":false,"exit_profit_offset":0.0,"ignore_roi_if_entry_signal":false,"trading_mode":"spot","margin_mode":"","periodic_breakdown":{"day":[{"date":"05/10/2025","date_ts":1759622400000,"profit_abs":0.0,"wins":0,"draws":1,"losses":0,"trades":1,"profit_factor":0.0},{"date":"06/10/2025","date_ts":1759708800000,"profit_abs":0.0,"wins":0,"draws":0,"losses":0,"trades":0,"profit_factor":0.0},{"date":"07/10/2025","date_ts":1759795200000,"profit_abs":0.0,"wins":0,"draws":0,"losses":0,"trades":0,"profit_factor":0.0},{"date":"08/10/2025","date_ts":1759881600000,"profit_abs":2.2391344,"wins":1,"draws":0,"losses":0,"trades":1,"profit_factor":0.0},{"date":"09/10/2025","date_ts":1759968000000,"profit_abs":0.0,"wins":0,"draws":0,"losses":0,"trades":0,"profit_factor":0.0},{"date":"10/10/2025","date_ts":1760054400000,"profit_abs":0.0,"wins":0,"draws":0,"losses":0,"trades":0,"profit_factor":0.0},{"date":"11/10/2025","date_ts":1760140800000,"profit_abs":0.0,"wins":0,"draws":0,"losses":0,"trades":0,"profit_factor":0.0},{"date":"12/10/2025","date_ts":1760227200000,"profit_abs":0.0,"wins":0,"draws":0,"losses":0,"trades":0,"profit_factor":0.0},{"date":"13/10/2025","date_ts":1760313600000,"profit_abs":0.0,"wins":0,"draws":0,"losses":0,"trades":0,"profit_factor":0.0},{"date":"14/10/2025","date_ts":1760400000000,"profit_abs":0.0,"wins":0,"draws":0,"losses":0,"trades":0,"profit_factor":0.0},{"date":"15/10/2025","date_ts":1760486400000,"profit_abs":0.0,"wins":0,"draws":0,"losses":0,"trades":0,"profit_factor":0.0},{"date":"16/10/2025","date_ts":1760572800000,"profit_abs":0.0,"wins":0,"draws":1,"losses":0,"trades":1,"profit_factor":0.0},{"date":"17/10/2025","date_ts":1760659200000,"profit_abs":0.0,"wins":0,"draws":0,"losses":0,"trades":0,"profit_factor":0.0},{"date":"18/10/2025","date_ts":1760745600000,"profit_abs":0.0,"wins":0,"draws":0,"losses":0,"trades":0,"profit_factor":0.0},{"date":"19/10/2025","date_ts":1760832000000,"profit_abs":0.0,"wins":0,"draws":0,"losses":0,"trades":0,"profit_factor":0.0},{"date":"20/10/2025","date_ts":1760918400000,"profit_abs":0.0,"wins":0,"draws":0,"losses":0,"trades":0,"profit_factor":0.0},{"date":"21/10/2025","date_ts":1761004800000,"profit_abs":0.0,"wins":0,"draws":0,"losses":0,"trades":0,"profit_factor":0.0},{"date":"22/10/2025","date_ts":1761091200000,"profit_abs":0.0,"wins":0,"draws":0,"losses":0,"trades":0,"profit_factor":0.0},{"date":"23/10/2025","date_ts":1761177600000,"profit_abs":0.0,"wins":0,"draws":0,"losses":0,"trades":0,"profit_factor":0.0},{"date":"24/10/2025","date_ts":1761264000000,"profit_abs":0.0,"wins":0,"draws":0,"losses":0,"trades":0,"profit_factor":0.0},{"date":"25/10/2025","date_ts":1761350400000,"profit_abs":0.0,"wins":0,"draws":0,"losses":0,"trades":0,"profit_factor":0.0},{"date":"26/10/2025","date_ts":1761436800000,"profit_abs":0.0,"wins":0,"draws":0,"losses":0,"trades":0,"profit_factor":0.0},{"date":"27/10/2025","date_ts":1761523200000,"profit_abs":0.0,"wins":0,"draws":0,"losses":0,"trades":0,"profit_factor":0.0},{"date":"28/10/2025","date_ts":1761609600000,"profit_abs":0.0,"wins":0,"draws":0,"losses":0,"trades":0,"profit_factor":0.0},{"date":"29/10/2025","date_ts":1761696000000,"profit_abs":0.0,"wins":0,"draws":0,"losses":0,"trades":0,"profit_factor":0.0},{"date":"30/10/2025","date_ts":1761782400000,"profit_abs":0.0,"wins":0,"draws":0,"losses":0,"trades":0,"profit_factor":0.0},{"date":"31/10/2025","date_ts":1761868800000,"profit_abs":0.0,"wins":0,"draws":0,"losses":0,"trades":0,"profit_factor":0.0},{"date":"01/11/2025","date_ts":1761955200000,"profit_abs":0.0,"wins":0,"draws":0,"losses":0,"trades":0,"profit_factor":0.0},{"date":"02/11/2025","date_ts":1762041600000,"profit_abs":0.0,"wins":0,"draws":0,"losses":0,"trades":0,"profit_factor":0.0},{"date":"03/11/2025","date_ts":1762128000000,"profit_abs":0.0,"wins":0,"draws":0,"losses":0,"trades":0,"profit_factor":0.0},{"date":"04/11/2025","date_ts":1762214400000,"profit_abs":0.0,"wins":0,"draws":0,"losses":0,"trades":0,"profit_factor":0.0},{"date":"05/11/2025","date_ts":1762300800000,"profit_abs":0.0,"wins":0,"draws":0,"losses":0,"trades":0,"profit_factor":0.0},{"date":"06/11/2025","date_ts":1762387200000,"profit_abs":0.0,"wins":0,"draws":0,"losses":0,"trades":0,"profit_factor":0.0},{"date":"07/11/2025","date_ts":1762473600000,"profit_abs":0.0,"wins":0,"draws":0,"losses":0,"trades":0,"profit_factor":0.0},{"date":"08/11/2025","date_ts":1762560000000,"profit_abs":0.0,"wins":0,"draws":0,"losses":0,"trades":0,"profit_factor":0.0},{"date":"09/11/2025","date_ts":1762646400000,"profit_abs":0.0,"wins":0,"draws":1,"losses":0,"trades":1,"profit_factor":0.0},{"date":"10/11/2025","date_ts":1762732800000,"profit_abs":0.0,"wins":0,"draws":0,"losses":0,"trades":0,"profit_factor":0.0},{"date":"11/11/2025","date_ts":1762819200000,"profit_abs":0.0,"wins":0,"draws":0,"losses":0,"trades":0,"profit_factor":0.0},{"date":"12/11/2025","date_ts":1762905600000,"profit_abs":3.7021005,"wins":1,"draws":0,"losses":0,"trades":1,"profit_factor":0.0},{"date":"13/11/2025","date_ts":1762992000000,"profit_abs":0.0,"wins":0,"draws":0,"losses":0,"trades":0,"profit_factor":0.0},{"date":"14/11/2025","date_ts":1763078400000,"profit_abs":0.0,"wins":0,"draws":0,"losses":0,"trades":0,"profit_factor":0.0},{"date":"15/11/2025","date_ts":1763164800000,"profit_abs":0.0,"wins":0,"draws":0,"losses":0,"trades":0,"profit_factor":0.0},{"date":"16/11/2025","date_ts":1763251200000,"profit_abs":0.0,"wins":0,"draws":0,"losses":0,"trades":0,"profit_factor":0.0},{"date":"17/11/2025","date_ts":1763337600000,"profit_abs":0.0,"wins":0,"draws":0,"losses":0,"trades":0,"profit_factor":0.0},{"date":"18/11/2025","date_ts":1763424000000,"profit_abs":0.0,"wins":0,"draws":0,"losses":0,"trades":0,"profit_factor":0.0},{"date":"19/11/2025","date_ts":1763510400000,"profit_abs":0.0,"wins":0,"draws":0,"losses":0,"trades":0,"profit_factor":0.0},{"date":"20/11/2025","date_ts":1763596800000,"profit_abs":0.0,"wins":0,"draws":0,"losses":0,"trades":0,"profit_factor":0.0},{"date":"21/11/2025","date_ts":1763683200000,"profit_abs":0.0,"wins":0,"draws":0,"losses":0,"trades":0,"profit_factor":0.0},{"date":"22/11/2025","date_ts":1763769600000,"profit_abs":0.0,"wins":0,"draws":0,"losses":0,"trades":0,"profit_factor":0.0},{"date":"23/11/2025","date_ts":1763856000000,"profit_abs":0.0,"wins":0,"draws":0,"losses":0,"trades":0,"profit_factor":0.0},{"date":"24/11/2025","date_ts":1763942400000,"profit_abs":0.0,"wins":0,"draws":0,"losses":0,"trades":0,"profit_factor":0.0},{"date":"25/11/2025","date_ts":1764028800000,"profit_abs":0.0,"wins":0,"draws":0,"losses":0,"trades":0,"profit_factor":0.0},{"date":"26/11/2025","date_ts":1764115200000,"profit_abs":0.0,"wins":0,"draws":0,"losses":0,"trades":0,"profit_factor":0.0},{"date":"27/11/2025","date_ts":1764201600000,"profit_abs":0.0,"wins":0,"draws":0,"losses":0,"trades":0,"profit_factor":0.0},{"date":"28/11/2025","date_ts":1764288000000,"profit_abs":0.0,"wins":0,"draws":1,"losses":0,"trades":1,"profit_factor":0.0},{"date":"29/11/2025","date_ts":1764374400000,"profit_abs":0.0,"wins":0,"draws":0,"losses":0,"trades":0,"profit_factor":0.0},{"date":"30/11/2025","date_ts":1764460800000,"profit_abs":0.0,"wins":0,"draws":0,"losses":0,"trades":0,"profit_factor":0.0},{"date":"01/12/2025","date_ts":1764547200000,"profit_abs":0.0,"wins":0,"draws":0,"losses":0,"trades":0,"profit_factor":0.0},{"date":"02/12/2025","date_ts":1764633600000,"profit_abs":0.0,"wins":0,"draws":1,"losses":0,"trades":1,"profit_factor":0.0},{"date":"03/12/2025","date_ts":1764720000000,"profit_abs":0.0,"wins":0,"draws":0,"losses":0,"trades":0,"profit_factor":0.0},{"date":"04/12/2025","date_ts":1764806400000,"profit_abs":0.0,"wins":0,"draws":0,"losses":0,"trades":0,"profit_factor":0.0},{"date":"05/12/2025","date_ts":1764892800000,"profit_abs":0.0,"wins":0,"draws":0,"losses":0,"trades":0,"profit_factor":0.0},{"date":"06/12/2025","date_ts":1764979200000,"profit_abs":0.0,"wins":0,"draws":0,"losses":0,"trades":0,"profit_factor":0.0},{"date":"07/12/2025","date_ts":1765065600000,"profit_abs":0.0,"wins":0,"draws":0,"losses":0,"trades":0,"profit_factor":0.0},{"date":"08/12/2025","date_ts":1765152000000,"profit_abs":0.0,"wins":0,"draws":0,"losses":0,"trades":0,"profit_factor":0.0},{"date":"09/12/2025","date_ts":1765238400000,"profit_abs":0.0,"wins":0,"draws":0,"losses":0,"trades":0,"profit_factor":0.0},{"date":"10/12/2025","date_ts":1765324800000,"profit_abs":0.0,"wins":0,"draws":0,"losses":0,"trades":0,"profit_factor":0.0},{"date":"11/12/2025","date_ts":1765411200000,"profit_abs":-9.94557741,"wins":1,"draws":0,"losses":1,"trades":2,"profit_factor":0.42272039},{"date":"12/12/2025","date_ts":1765497600000,"profit_abs":0.0,"wins":0,"draws":0,"losses":0,"trades":0,"profit_factor":0.0},{"date":"13/12/2025","date_ts":1765584000000,"profit_abs":0.0,"wins":0,"draws":0,"losses":0,"trades":0,"profit_factor":0.0},{"date":"14/12/2025","date_ts":1765670400000,"profit_abs":0.0,"wins":0,"draws":0,"losses":0,"trades":0,"profit_factor":0.0},{"date":"15/12/2025","date_ts":1765756800000,"profit_abs":0.0,"wins":0,"draws":0,"losses":0,"trades":0,"profit_factor":0.0},{"date":"16/12/2025","date_ts":1765843200000,"profit_abs":0.0,"wins":0,"draws":1,"losses":0,"trades":1,"profit_factor":0.0},{"date":"17/12/2025","date_ts":1765929600000,"profit_abs":0.0,"wins":0,"draws":0,"losses":0,"trades":0,"profit_factor":0.0},{"date":"18/12/2025","date_ts":1766016000000,"profit_abs":0.0,"wins":0,"draws":1,"losses":0,"trades":1,"profit_factor":0.0},{"date":"19/12/2025","date_ts":1766102400000,"profit_abs":0.0,"wins":0,"draws":1,"losses":0,"trades":1,"profit_factor":0.0},{"date":"20/12/2025","date_ts":1766188800000,"profit_abs":0.0,"wins":0,"draws":0,"losses":0,"trades":0,"profit_factor":0.0},{"date":"21/12/2025","date_ts":1766275200000,"profit_abs":0.0,"wins":0,"draws":0,"losses":0,"trades":0,"profit_factor":0.0},{"date":"22/12/2025","date_ts":1766361600000,"profit_abs":0.0,"wins":0,"draws":0,"losses":0,"trades":0,"profit_factor":0.0},{"date":"23/12/2025","date_ts":1766448000000,"profit_abs":0.0,"wins":0,"draws":0,"losses":0,"trades":0,"profit_factor":0.0},{"date":"24/12/2025","date_ts":1766534400000,"profit_abs":0.0,"wins":0,"draws":0,"losses":0,"trades":0,"profit_factor":0.0},{"date":"25/12/2025","date_ts":1766620800000,"profit_abs":0.0,"wins":0,"draws":0,"losses":0,"trades":0,"profit_factor":0.0},{"date":"26/12/2025","date_ts":1766707200000,"profit_abs":0.0,"wins":0,"draws":0,"losses":0,"trades":0,"profit_factor":0.0},{"date":"27/12/2025","date_ts":1766793600000,"profit_abs":0.0,"wins":0,"draws":0,"losses":0,"trades":0,"profit_factor":0.0},{"date":"28/12/2025","date_ts":1766880000000,"profit_abs":0.0,"wins":0,"draws":0,"losses":0,"trades":0,"profit_factor":0.0},{"date":"29/12/2025","date_ts":1766966400000,"profit_abs":0.0,"wins":0,"draws":0,"losses":0,"trades":0,"profit_factor":0.0},{"date":"30/12/2025","date_ts":1767052800000,"profit_abs":0.0,"wins":0,"draws":1,"losses":0,"trades":1,"profit_factor":0.0},{"date":"31/12/2025","date_ts":1767139200000,"profit_abs":0.0,"wins":0,"draws":1,"losses":0,"trades":1,"profit_factor":0.0}],"week":[{"date":"06/10/2025","date_ts":1759708800000,"profit_abs":0.0,"wins":0,"draws":1,"losses":0,"trades":1,"profit_factor":0.0},{"date":"13/10/2025","date_ts":1760313600000,"profit_abs":2.2391344,"wins":1,"draws":0,"losses":0,"trades":1,"profit_factor":0.0},{"date":"20/10/2025","date_ts":1760918400000,"profit_abs":0.0,"wins":0,"draws":1,"losses":0,"trades":1,"profit_factor":0.0},{"date":"27/10/2025","date_ts":1761523200000,"profit_abs":0.0,"wins":0,"draws":0,"losses":0,"trades":0,"profit_factor":0.0},{"date":"03/11/2025","date_ts":1762128000000,"profit_abs":0.0,"wins":0,"draws":0,"losses":0,"trades":0,"profit_factor":0.0},{"date":"10/11/2025","date_ts":1762732800000,"profit_abs":0.0,"wins":0,"draws":1,"losses":0,"trades":1,"profit_factor":0.0},{"date":"17/11/2025","date_ts":1763337600000,"profit_abs":3.7021005,"wins":1,"draws":0,"losses":0,"trades":1,"profit_factor":0.0},{"date":"24/11/2025","date_ts":1763942400000,"profit_abs":0.0,"wins":0,"draws":0,"losses":0,"trades":0,"profit_factor":0.0},{"date":"01/12/2025","date_ts":1764547200000,"profit_abs":0.0,"wins":0,"draws":1,"losses":0,"trades":1,"profit_factor":0.0},{"date":"08/12/2025","date_ts":1765152000000,"profit_abs":0.0,"wins":0,"draws":1,"losses":0,"trades":1,"profit_factor":0.0},{"date":"15/12/2025","date_ts":1765756800000,"profit_abs":-9.94557741,"wins":1,"draws":0,"losses":1,"trades":2,"profit_factor":0.42272039},{"date":"22/12/2025","date_ts":1766361600000,"profit_abs":0.0,"wins":0,"draws":3,"losses":0,"trades":3,"profit_factor":0.0},{"date":"29/12/2025","date_ts":1766966400000,"profit_abs":0.0,"wins":0,"draws":0,"losses":0,"trades":0,"profit_factor":0.0},{"date":"05/01/2026","date_ts":1767571200000,"profit_abs":0.0,"wins":0,"draws":2,"losses":0,"trades":2,"profit_factor":0.0}],"month":[{"date":"31/10/2025","date_ts":1761868800000,"profit_abs":2.2391344,"wins":1,"draws":2,"losses":0,"trades":3,"profit_factor":0.0},{"date":"30/11/2025","date_ts":1764460800000,"profit_abs":3.7021005,"wins":1,"draws":2,"losses":0,"trades":3,"profit_factor":0.0},{"date":"31/12/2025","date_ts":1767139200000,"profit_abs":-9.94557741,"wins":1,"draws":6,"losses":1,"trades":8,"profit_factor":0.42272039}],"year":[{"date":"31/12/2025","date_ts":1767139200000,"profit_abs":-4.00434251,"wins":3,"draws":10,"losses":1,"trades":14,"profit_factor":0.76757254}],"weekday":[{"date":"Tuesday","date_ts":1,"profit_abs":0.0,"wins":0,"draws":3,"losses":0,"trades":3,"profit_factor":0.0},{"date":"Wednesday","date_ts":2,"profit_abs":5.9412349,"wins":2,"draws":1,"losses":0,"trades":3,"profit_factor":0.0},{"date":"Thursday","date_ts":3,"profit_abs":-9.94557741,"wins":1,"draws":2,"losses":1,"trades":4,"profit_factor":0.42272039},{"date":"Friday","date_ts":4,"profit_abs":0.0,"wins":0,"draws":2,"losses":0,"trades":2,"profit_factor":0.0},{"date":"Sunday","date_ts":6,"profit_abs":0.0,"wins":0,"draws":2,"losses":0,"trades":2,"profit_factor":0.0}]},"backtest_best_day":0.011186401192145017,"backtest_worst_day":-0.02954574439071046,"backtest_best_day_abs":3.7021005,"backtest_worst_day_abs":-9.94557741,"winning_days":2,"draw_days":85,"losing_days":1,"daily_profit":[["2025-10-05",0.0],["2025-10-06",0.0],["2025-10-07",0.0],["2025-10-08",2.2391344],["2025-10-09",0.0],["2025-10-10",0.0],["2025-10-11",0.0],["2025-10-12",0.0],["2025-10-13",0.0],["2025-10-14",0.0],["2025-10-15",0.0],["2025-10-16",0.0],["2025-10-17",0.0],["2025-10-18",0.0],["2025-10-19",0.0],["2025-10-20",0.0],["2025-10-21",0.0],["2025-10-22",0.0],["2025-10-23",0.0],["2025-10-24",0.0],["2025-10-25",0.0],["2025-10-26",0.0],["2025-10-27",0.0],["2025-10-28",0.0],["2025-10-29",0.0],["2025-10-30",0.0],["2025-10-31",0.0],["2025-11-01",0.0],["2025-11-02",0.0],["2025-11-03",0.0],["2025-11-04",0.0],["2025-11-05",0.0],["2025-11-06",0.0],["2025-11-07",0.0],["2025-11-08",0.0],["2025-11-09",0.0],["2025-11-10",0.0],["2025-11-11",0.0],["2025-11-12",3.7021005],["2025-11-13",0.0],["2025-11-14",0.0],["2025-11-15",0.0],["2025-11-16",0.0],["2025-11-17",0.0],["2025-11-18",0.0],["2025-11-19",0.0],["2025-11-20",0.0],["2025-11-21",0.0],["2025-11-22",0.0],["2025-11-23",0.0],["2025-11-24",0.0],["2025-11-25",0.0],["2025-11-26",0.0],["2025-11-27",0.0],["2025-11-28",0.0],["2025-11-29",0.0],["2025-11-30",0.0],["2025-12-01",0.0],["2025-12-02",0.0],["2025-12-03",0.0],["2025-12-04",0.0],["2025-12-05",0.0],["2025-12-06",0.0],["2025-12-07",0.0],["2025-12-08",0.0],["2025-12-09",0.0],["2025-12-10",0.0],["2025-12-11",-9.94557741],["2025-12-12",0.0],["2025-12-13",0.0],["2025-12-14",0.0],["2025-12-15",0.0],["2025-12-16",0.0],["2025-12-17",0.0],["2025-12-18",0.0],["2025-12-19",0.0],["2025-12-20",0.0],["2025-12-21",0.0],["2025-12-22",0.0],["2025-12-23",0.0],["2025-12-24",0.0],["2025-12-25",0.0],["2025-12-26",0.0],["2025-12-27",0.0],["2025-12-28",0.0],["2025-12-29",0.0],["2025-12-30",0.0],["2025-12-31",0.0]],"wins":3,"losses":1,"draws":10,"winrate":0.21428571428571427,"holding_avg":"3:09:00","holding_avg_s":11340.0,"winner_holding_min":"0d 02:00","winner_holding_min_s":7200.0,"winner_holding_max":"0d 02:00","winner_holding_max_s":7200.0,"winner_holding_avg":"0d 02:00","winner_holding_avg_s":7200.0,"loser_holding_min":"0d 06:00","loser_holding_min_s":21600.0,"loser_holding_max":"0d 06:00","loser_holding_max_s":21600.0,"loser_holding_avg":"0d 06:00","loser_holding_avg_s":21600.0,"max_consecutive_wins":1,"max_consecutive_losses":5,"max_drawdown_account":0.017126600702189868,"max_relative_drawdown":0.017126600702189868,"max_drawdown_abs":17.22835386,"drawdown_start":"2025-11-12 11:00:00","drawdown_start_ts":1762945200000.0,"drawdown_end":"2025-12-11 01:00:00","drawdown_end_ts":1765414800000.0,"drawdown_duration":"28 days 14:00:00","drawdown_duration_s":2469600.0,"max_drawdown_low":-11.287118959999999,"max_drawdown_high":5.9412348999999995,"csum_min":988.71288104,"csum_max":1005.9412349}},"strategy_comparison":[{"key":"ACO_11_11","trades":14,"profit_mean":-0.0008270313697541332,"profit_mean_pct":-0.08,"profit_total_abs":-4.004342509999997,"profit_total":-0.004004342509999997,"profit_total_pct":-0.4,"duration_avg":"3:09:00","wins":3,"draws":10,"losses":1,"winrate":0.21428571428571427,"cagr":-0.01498473063172956,"expectancy":-0.286024465,"expectancy_ratio":-0.7308876756410634,"sortino":-100,"sharpe":-0.15395126192461836,"calmar":-4.60505416838277,"sqn":-0.2013,"profit_factor":0.7675725410251122,"max_drawdown_account":0.017126600702189868,"max_drawdown_abs":"17.228"}]}