{"strategy":{"ACO_23_12":{"trades":[{"pair":"DOGE/USDT","stake_amount":329.92974,"max_stake_amount":329.92974,"amount":1323.0,"open_date":"2025-10-04 21:00:00+00:00","close_date":"2025-10-04 23:00:00+00:00","open_rate":0.24938,"close_rate":0.25026,"fee_open":0.001,"fee_close":0.001,"trade_duration":120,"profit_ratio":0.0015236988530757075,"profit_abs":0.50321628,"exit_reason":"roi","initial_stop_loss_abs":0.23692,"initial_stop_loss_ratio":-0.05,"stop_loss_abs":0.23692,"stop_loss_ratio":-0.05,"min_rate":0.24929,"max_rate":0.25126,"is_open":false,"enter_tag":"","leverage":1.0,"is_short":false,"open_timestamp":1759611600000,"close_timestamp":1759618800000,"orders":[{"amount":1323.0,"safe_price":0.24938,"ft_order_side":"buy","order_filled_timestamp":1759611600000,"ft_is_entry":true,"ft_order_tag":"","cost":330.25966973999994},{"amount":1323.0,"safe_price":0.25026,"ft_order_side":"sell","order_filled_timestamp":1759618800000,"ft_is_entry":false,"ft_order_tag":"roi","cost":331.42507398}],"funding_fees":0.0,"weekday":5},{"pair":"DOGE/USDT","stake_amount":330.14913,"max_stake_amount":330.14913,"amount":1311.0,"open_date":"2025-10-06 01:00:00+00:00","close_date":"2025-10-06 03:00:00+00:00","open_rate":0.25183,"close_rate":0.25414,"fee_open":0.001,"fee_close":0.001,"trade_duration":120,"profit_ratio":0.0071565253235427555,"profit_abs":2.36508333,"exit_reason":"roi","initial_stop_loss_abs":0.23924,"initial_stop_loss_ratio":-0.05,"stop_loss_abs":0.23924,"stop_loss_ratio":-0.05,"min_rate":0.25057,"max_rate":0.25508,"is_open":false,"enter_tag":"","leverage":1.0,"is_short":false,"open_timestamp":1759712400000,"close_timestamp":1759719600000,"orders":[{"amount":1311.0,"safe_price":0.25183,"ft_order_side":"buy","order_filled_timestamp":1759712400000,"ft_is_entry":true,"ft_order_tag":"","cost":330.47927912999995},{"amount":1311.0,"safe_price":0.25414,"ft_order_side":"sell","order_filled_timestamp":1759719600000,"ft_is_entry":false,"ft_order_tag":"roi","cost":333.5107175399999}],"funding_fees":0.0,"weekday":0},{"pair":"DOGE/USDT","stake_amount":330.8022,"max_stake_amount":330.8022,"amount":1332.0,"open_date":"2025-10-08 09:00:00+00:00","close_date":"2025-10-08 11:00:00+00:00","open_rate":0.24835,"close_rate":0.2501,"fee_open":0.001,"fee_close":0.001,"trade_duration":120,"profit_ratio":0.0050344260128838345,"profit_abs":1.6670646,"exit_reason":"roi","initial_stop_loss_abs":0.23594,"initial_stop_loss_ratio":-0.05,"stop_loss_abs":0.23594,"stop_loss_ratio":-0.05,"min_rate":0.24742,"max_rate":0.25065,"is_open":false,"enter_tag":"","leverage":1.0,"is_short":false,"open_timestamp":1759914000000,"close_timestamp":1759921200000,"orders":[{"amount":1332.0,"safe_price":0.24835,"ft_order_side":"buy","order_filled_timestamp":1759914000000,"ft_is_entry":true,"ft_order_tag":"","cost":331.1330021999999},{"amount":1332.0,"safe_price":0.2501,"ft_order_side":"sell","order_filled_timestamp":1759921200000,"ft_is_entry":false,"ft_order_tag":"roi","cost":333.46633319999995}],"funding_fees":0.0,"weekday":2},{"pair":"DOGE/USDT","stake_amount":331.45552,"max_stake_amount":331.45552,"amount":1328.0,"open_date":"2025-10-09 13:00:00+00:00","close_date":"2025-10-09 22:00:00+00:00","open_rate":0.24959,"close_rate":0.25008967967967966,"fee_open":0.001,"fee_close":0.001,"trade_duration":540,"profit_ratio":0.0,"profit_abs":0.0,"exit_reason":"roi","initial_stop_loss_abs":0.23712,"initial_stop_loss_ratio":-0.05,"stop_loss_abs":0.23712,"stop_loss_ratio":-0.05,"min_rate":0.24099,"max_rate":0.25037,"is_open":false,"enter_tag":"","leverage":1.0,"is_short":false,"open_timestamp":1760014800000,"close_timestamp":1760047200000,"orders":[{"amount":1328.0,"safe_price":0.24959,"ft_order_side":"buy","order_filled_timestamp":1760014800000,"ft_is_entry":true,"ft_order_tag":"","cost":331.78697552},{"amount":1328.0,"safe_price":0.25008967967967966,"ft_order_side":"sell","order_filled_timestamp":1760047200000,"ft_is_entry":false,"ft_order_tag":"roi","cost":332.4512137092292}],"funding_fees":0.0,"weekday":3},{"pair":"DOGE/USDT","stake_amount":331.298,"max_stake_amount":331.298,"amount":1628.0,"open_date":"2025-10-14 16:00:00+00:00","close_date":"2025-10-14 18:00:00+00:00","open_rate":0.2035,"close_rate":0.20390740740740737,"fee_open":0.001,"fee_close":0.001,"trade_duration":120,"profit_ratio":0.0,"profit_abs":0.0,"exit_reason":"roi","initial_stop_loss_abs":0.19333,"initial_stop_loss_ratio":-0.05,"stop_loss_abs":0.19333,"stop_loss_ratio":-0.05,"min_rate":0.19991,"max_rate":0.2071,"is_open":false,"enter_tag":"","leverage":1.0,"is_short":false,"open_timestamp":1760457600000,"close_timestamp":1760464800000,"orders":[{"amount":1628.0,"safe_price":0.2035,"ft_order_side":"buy","order_filled_timestamp":1760457600000,"ft_is_entry":true,"ft_order_tag":"","cost":331.62929799999995},{"amount":1628.0,"safe_price":0.20390740740740737,"ft_order_side":"sell","order_filled_timestamp":1760464800000,"ft_is_entry":false,"ft_order_tag":"roi","cost":332.2932205185184}],"funding_fees":0.0,"weekday":1},{"pair":"DOGE/USDT","stake_amount":331.38406,"max_stake_amount":331.38406,"amount":1666.0,"open_date":"2025-10-16 07:00:00+00:00","close_date":"2025-10-16 10:00:00+00:00","open_rate":0.19891,"close_rate":0.1993082182182182,"fee_open":0.001,"fee_close":0.001,"trade_duration":180,"profit_ratio":0.0,"profit_abs":0.0,"exit_reason":"roi","initial_stop_loss_abs":0.18897,"initial_stop_loss_ratio":-0.05,"stop_loss_abs":0.18897,"stop_loss_ratio":-0.05,"min_rate":0.19015,"max_rate":0.20062,"is_open":false,"enter_tag":"","leverage":1.0,"is_short":false,"open_timestamp":1760598000000,"close_timestamp":1760608800000,"orders":[{"amount":1666.0,"safe_price":0.19891,"ft_order_side":"buy","order_filled_timestamp":1760598000000,"ft_is_entry":true,"ft_order_tag":"","cost":331.71544406},{"amount":1666.0,"safe_price":0.1993082182182182,"ft_order_side":"sell","order_filled_timestamp":1760608800000,"ft_is_entry":false,"ft_order_tag":"roi","cost":332.379539043103}],"funding_fees":0.0,"weekday":3},{"pair":"DOGE/USDT","stake_amount":331.45408,"max_stake_amount":331.45408,"amount":1814.0,"open_date":"2025-10-17 12:00:00+00:00","close_date":"2025-10-17 14:00:00+00:00","open_rate":0.18272,"close_rate":0.1833,"fee_open":0.001,"fee_close":0.001,"trade_duration":120,"profit_ratio":0.0011699115245525052,"profit_abs":0.38815972,"exit_reason":"roi","initial_stop_loss_abs":0.17359,"initial_stop_loss_ratio":-0.05,"stop_loss_abs":0.17359,"stop_loss_ratio":-0.05,"min_rate":0.17968,"max_rate":0.18463,"is_open":false,"enter_tag":"","leverage":1.0,"is_short":false,"open_timestamp":1760702400000,"close_timestamp":1760709600000,"orders":[{"amount":1814.0,"safe_price":0.18272,"ft_order_side":"buy","order_filled_timestamp":1760702400000,"ft_is_entry":true,"ft_order_tag":"","cost":331.78553407999993},{"amount":1814.0,"safe_price":0.1833,"ft_order_side":"sell","order_filled_timestamp":1760709600000,"ft_is_entry":false,"ft_order_tag":"roi","cost":332.83870619999993}],"funding_fees":0.0,"weekday":4},{"pair":"DOGE/USDT","stake_amount":331.5627,"max_stake_amount":331.5627,"amount":1655.0,"open_date":"2025-10-28 08:00:00+00:00","close_date":"2025-10-28 11:00:00+00:00","open_rate":0.20034,"close_rate":0.20074108108108105,"fee_open":0.001,"fee_close":0.001,"trade_duration":180,"profit_ratio":0.0,"profit_abs":0.0,"exit_reason":"roi","initial_stop_loss_abs":0.19033,"initial_stop_loss_ratio":-0.05,"stop_loss_abs":0.19033,"stop_loss_ratio":-0.05,"min_rate":0.1995,"max_rate":0.20119,"is_open":false,"enter_tag":"","leverage":1.0,"is_short":false,"open_timestamp":1761638400000,"close_timestamp":1761649200000,"orders":[{"amount":1655.0,"safe_price":0.20034,"ft_order_side":"buy","order_filled_timestamp":1761638400000,"ft_is_entry":true,"ft_order_tag":"","cost":331.89426269999996},{"amount":1655.0,"safe_price":0.20074108108108105,"ft_order_side":"sell","order_filled_timestamp":1761649200000,"ft_is_entry":false,"ft_order_tag":"roi","cost":332.5587156783783}],"funding_fees":0.0,"weekday":1},{"pair":"DOGE/USDT","stake_amount":331.5642,"max_stake_amount":331.5642,"amount":1815.0,"open_date":"2025-10-31 00:00:00+00:00","close_date":"2025-10-31 02:00:00+00:00","open_rate":0.18268,"close_rate":0.18548,"fee_open":0.001,"fee_close":0.001,"trade_duration":120,"profit_ratio":0.013298722298065413,"profit_abs":4.4137896,"exit_reason":"roi","initial_stop_loss_abs":0.17355,"initial_stop_loss_ratio":-0.05,"stop_loss_abs":0.17355,"stop_loss_ratio":-0.05,"min_rate":0.18228,"max_rate":0.18585,"is_open":false,"enter_tag":"","leverage":1.0,"is_short":false,"open_timestamp":1761868800000,"close_timestamp":1761876000000,"orders":[{"amount":1815.0,"safe_price":0.18268,"ft_order_side":"buy","order_filled_timestamp":1761868800000,"ft_is_entry":true,"ft_order_tag":"","cost":331.8957642},{"amount":1815.0,"safe_price":0.18548,"ft_order_side":"sell","order_filled_timestamp":1761876000000,"ft_is_entry":false,"ft_order_tag":"roi","cost":336.9828462}],"funding_fees":0.0,"weekday":4},{"pair":"DOGE/USDT","stake_amount":333.03072,"max_stake_amount":333.03072,"amount":2068.0,"open_date":"2025-11-06 19:00:00+00:00","close_date":"2025-11-06 21:00:00+00:00","open_rate":0.16104,"close_rate":0.16136240240240238,"fee_open":0.001,"fee_close":0.001,"trade_duration":120,"profit_ratio":0.0,"profit_abs":0.0,"exit_reason":"roi","initial_stop_loss_abs":0.15299,"initial_stop_loss_ratio":-0.05,"stop_loss_abs":0.15299,"stop_loss_ratio":-0.05,"min_rate":0.15954,"max_rate":0.16291,"is_open":false,"enter_tag":"","leverage":1.0,"is_short":false,"open_timestamp":1762455600000,"close_timestamp":1762462800000,"orders":[{"amount":2068.0,"safe_price":0.16104,"ft_order_side":"buy","order_filled_timestamp":1762455600000,"ft_is_entry":true,"ft_order_tag":"","cost":333.3637507199999},{"amount":2068.0,"safe_price":0.16136240240240238,"ft_order_side":"sell","order_filled_timestamp":1762462800000,"ft_is_entry":false,"ft_order_tag":"roi","cost":334.0311456163363}],"funding_fees":0.0,"weekday":3},{"pair":"DOGE/USDT","stake_amount":333.07348,"max_stake_amount":333.07348,"amount":1934.0,"open_date":"2025-11-12 07:00:00+00:00","close_date":"2025-11-12 09:00:00+00:00","open_rate":0.17222,"close_rate":0.1741,"fee_open":0.001,"fee_close":0.001,"trade_duration":120,"profit_ratio":0.008896457160305725,"profit_abs":2.96613712,"exit_reason":"roi","initial_stop_loss_abs":0.16361,"initial_stop_loss_ratio":-0.05,"stop_loss_abs":0.16361,"stop_loss_ratio":-0.05,"min_rate":0.17118,"max_rate":0.17554,"is_open":false,"enter_tag":"","leverage":1.0,"is_short":false,"open_timestamp":1762930800000,"close_timestamp":1762938000000,"orders":[{"amount":1934.0,"safe_price":0.17222,"ft_order_side":"buy","order_filled_timestamp":1762930800000,"ft_is_entry":true,"ft_order_tag":"","cost":333.40655347999996},{"amount":1934.0,"safe_price":0.1741,"ft_order_side":"sell","order_filled_timestamp":1762938000000,"ft_is_entry":false,"ft_order_tag":"roi","cost":337.0461094}],"funding_fees":0.0,"weekday":2},{"pair":"DOGE/USDT","stake_amount":333.96888,"max_stake_amount":333.96888,"amount":2152.0,"open_date":"2025-11-18 05:00:00+00:00","close_date":"2025-11-18 07:00:00+00:00","open_rate":0.15519,"close_rate":0.15550069069069067,"fee_open":0.001,"fee_close":0.001,"trade_duration":120,"profit_ratio":0.0,"profit_abs":0.0,"exit_reason":"roi","initial_stop_loss_abs":0.14744,"initial_stop_loss_ratio":-0.05,"stop_loss_abs":0.14744,"stop_loss_ratio":-0.05,"min_rate":0.15295,"max_rate":0.15623,"is_open":false,"enter_tag":"","leverage":1.0,"is_short":false,"open_timestamp":1763442000000,"close_timestamp":1763449200000,"orders":[{"amount":2152.0,"safe_price":0.15519,"ft_order_side":"buy","order_filled_timestamp":1763442000000,"ft_is_entry":true,"ft_order_tag":"","cost":334.30284888},{"amount":2152.0,"safe_price":0.15550069069069067,"ft_order_side":"sell","order_filled_timestamp":1763449200000,"ft_is_entry":false,"ft_order_tag":"roi","cost":334.97212385273264}],"funding_fees":0.0,"weekday":1},{"pair":"DOGE/USDT","stake_amount":334.02224,"max_stake_amount":334.02224,"amount":2384.0,"open_date":"2025-11-21 14:00:00+00:00","close_date":"2025-11-21 16:00:00+00:00","open_rate":0.14011,"close_rate":0.14039050050050048,"fee_open":0.001,"fee_close":0.001,"trade_duration":120,"profit_ratio":0.0,"profit_abs":0.0,"exit_reason":"roi","initial_stop_loss_abs":0.13311,"initial_stop_loss_ratio":-0.05,"stop_loss_abs":0.13311,"stop_loss_ratio":-0.05,"min_rate":0.13575,"max_rate":0.14209,"is_open":false,"enter_tag":"","leverage":1.0,"is_short":false,"open_timestamp":1763733600000,"close_timestamp":1763740800000,"orders":[{"amount":2384.0,"safe_price":0.14011,"ft_order_side":"buy","order_filled_timestamp":1763733600000,"ft_is_entry":true,"ft_order_tag":"","cost":334.35626224},{"amount":2384.0,"safe_price":0.14039050050050048,"ft_order_side":"sell","order_filled_timestamp":1763740800000,"ft_is_entry":false,"ft_order_tag":"roi","cost":335.0256441463863}],"funding_fees":0.0,"weekday":4},{"pair":"DOGE/USDT","stake_amount":333.9542,"max_stake_amount":333.9542,"amount":2180.0,"open_date":"2025-11-28 09:00:00+00:00","close_date":"2025-11-28 14:00:00+00:00","open_rate":0.15319,"close_rate":0.15349668668668665,"fee_open":0.001,"fee_close":0.001,"trade_duration":300,"profit_ratio":0.0,"profit_abs":0.0,"exit_reason":"roi","initial_stop_loss_abs":0.14554,"initial_stop_loss_ratio":-0.05,"stop_loss_abs":0.14554,"stop_loss_ratio":-0.05,"min_rate":0.14975,"max_rate":0.15395,"is_open":false,"enter_tag":"","leverage":1.0,"is_short":false,"open_timestamp":1764320400000,"close_timestamp":1764338400000,"orders":[{"amount":2180.0,"safe_price":0.15319,"ft_order_side":"buy","order_filled_timestamp":1764320400000,"ft_is_entry":true,"ft_order_tag":"","cost":334.2881541999999},{"amount":2180.0,"safe_price":0.15349668668668665,"ft_order_side":"sell","order_filled_timestamp":1764338400000,"ft_is_entry":false,"ft_order_tag":"roi","cost":334.9573997539538}],"funding_fees":0.0,"weekday":4},{"pair":"DOGE/USDT","stake_amount":333.9648,"max_stake_amount":333.9648,"amount":2496.0,"open_date":"2025-12-01 21:00:00+00:00","close_date":"2025-12-01 23:00:00+00:00","open_rate":0.1338,"close_rate":0.13584,"fee_open":0.001,"fee_close":0.001,"trade_duration":120,"profit_ratio":0.013218171962566581,"profit_abs":4.41881856,"exit_reason":"roi","initial_stop_loss_abs":0.12711,"initial_stop_loss_ratio":-0.05,"stop_loss_abs":0.12711,"stop_loss_ratio":-0.05,"min_rate":0.13376,"max_rate":0.13663,"is_open":false,"enter_tag":"","leverage":1.0,"is_short":false,"open_timestamp":1764622800000,"close_timestamp":1764630000000,"orders":[{"amount":2496.0,"safe_price":0.1338,"ft_order_side":"buy","order_filled_timestamp":1764622800000,"ft_is_entry":true,"ft_order_tag":"","cost":334.2987648},{"amount":2496.0,"safe_price":0.13584,"ft_order_side":"sell","order_filled_timestamp":1764630000000,"ft_is_entry":false,"ft_order_tag":"roi","cost":339.3956966399999}],"funding_fees":0.0,"weekday":0},{"pair":"DOGE/USDT","stake_amount":335.50418,"max_stake_amount":335.50418,"amount":2398.0,"open_date":"2025-12-06 02:00:00+00:00","close_date":"2025-12-06 14:00:00+00:00","open_rate":0.13991,"close_rate":0.1401901001001001,"fee_open":0.001,"fee_close":0.001,"trade_duration":720,"profit_ratio":0.0,"profit_abs":0.0,"exit_reason":"roi","initial_stop_loss_abs":0.13292,"initial_stop_loss_ratio":-0.05,"stop_loss_abs":0.13292,"stop_loss_ratio":-0.05,"min_rate":0.13836,"max_rate":0.14076,"is_open":false,"enter_tag":"","leverage":1.0,"is_short":false,"open_timestamp":1764986400000,"close_timestamp":1765029600000,"orders":[{"amount":2398.0,"safe_price":0.13991,"ft_order_side":"buy","order_filled_timestamp":1764986400000,"ft_is_entry":true,"ft_order_tag":"","cost":335.83968418},{"amount":2398.0,"safe_price":0.1401901001001001,"ft_order_side":"sell","order_filled_timestamp":1765029600000,"ft_is_entry":false,"ft_order_tag":"roi","cost":336.51203590008004}],"funding_fees":0.0,"weekday":5},{"pair":"DOGE/USDT","stake_amount":335.49152,"max_stake_amount":335.49152,"amount":2296.0,"open_date":"2025-12-10 18:00:00+00:00","close_date":"2025-12-10 20:00:00+00:00","open_rate":0.14612,"close_rate":0.14753,"fee_open":0.001,"fee_close":0.001,"trade_duration":120,"profit_ratio":0.0076323211417654345,"profit_abs":2.5631396,"exit_reason":"roi","initial_stop_loss_abs":0.13882,"initial_stop_loss_ratio":-0.05,"stop_loss_abs":0.13882,"stop_loss_ratio":-0.05,"min_rate":0.14541,"max_rate":0.15031,"is_open":false,"enter_tag":"","leverage":1.0,"is_short":false,"open_timestamp":1765389600000,"close_timestamp":1765396800000,"orders":[{"amount":2296.0,"safe_price":0.14612,"ft_order_side":"buy","order_filled_timestamp":1765389600000,"ft_is_entry":true,"ft_order_tag":"","cost":335.8270115199999},{"amount":2296.0,"safe_price":0.14753,"ft_order_side":"sell","order_filled_timestamp":1765396800000,"ft_is_entry":false,"ft_order_tag":"roi","cost":339.06760887999997}],"funding_fees":0.0,"weekday":2},{"pair":"DOGE/USDT","stake_amount":336.31416,"max_stake_amount":336.31416,"amount":2436.0,"open_date":"2025-12-11 19:00:00+00:00","close_date":"2025-12-11 21:00:00+00:00","open_rate":0.13806,"close_rate":0.14006,"fee_open":0.001,"fee_close":0.001,"trade_duration":120,"profit_ratio":0.012459509200056788,"profit_abs":4.19449968,"exit_reason":"roi","initial_stop_loss_abs":0.13116,"initial_stop_loss_ratio":-0.05,"stop_loss_abs":0.13116,"stop_loss_ratio":-0.05,"min_rate":0.13787,"max_rate":0.14281,"is_open":false,"enter_tag":"","leverage":1.0,"is_short":false,"open_timestamp":1765479600000,"close_timestamp":1765486800000,"orders":[{"amount":2436.0,"safe_price":0.13806,"ft_order_side":"buy","order_filled_timestamp":1765479600000,"ft_is_entry":true,"ft_order_tag":"","cost":336.65047415999993},{"amount":2436.0,"safe_price":0.14006,"ft_order_side":"sell","order_filled_timestamp":1765486800000,"ft_is_entry":false,"ft_order_tag":"roi","cost":341.5273461599999}],"funding_fees":0.0,"weekday":3},{"pair":"DOGE/USDT","stake_amount":337.72233,"max_stake_amount":337.72233,"amount":2519.0,"open_date":"2025-12-15 00:00:00+00:00","close_date":"2025-12-15 02:00:00+00:00","open_rate":0.13407,"close_rate":0.1364,"fee_open":0.001,"fee_close":0.001,"trade_duration":120,"profit_ratio":0.015346255892239334,"profit_abs":5.18795607,"exit_reason":"roi","initial_stop_loss_abs":0.12737,"initial_stop_loss_ratio":-0.05,"stop_loss_abs":0.12737,"stop_loss_ratio":-0.05,"min_rate":0.13404,"max_rate":0.13845,"is_open":false,"enter_tag":"","leverage":1.0,"is_short":false,"open_timestamp":1765756800000,"close_timestamp":1765764000000,"orders":[{"amount":2519.0,"safe_price":0.13407,"ft_order_side":"buy","order_filled_timestamp":1765756800000,"ft_is_entry":true,"ft_order_tag":"","cost":338.06005232999996},{"amount":2519.0,"safe_price":0.1364,"ft_order_side":"sell","order_filled_timestamp":1765764000000,"ft_is_entry":false,"ft_order_tag":"roi","cost":343.93519159999994}],"funding_fees":0.0,"weekday":0},{"pair":"DOGE/USDT","stake_amount":339.40328,"max_stake_amount":339.40328,"amount":2612.0,"open_date":"2025-12-16 07:00:00+00:00","close_date":"2025-12-16 10:00:00+00:00","open_rate":0.12994,"close_rate":0.13020014014014014,"fee_open":0.001,"fee_close":0.001,"trade_duration":180,"profit_ratio":0.0,"profit_abs":0.0,"exit_reason":"roi","initial_stop_loss_abs":0.12345,"initial_stop_loss_ratio":-0.05,"stop_loss_abs":0.12345,"stop_loss_ratio":-0.05,"min_rate":0.12831,"max_rate":0.13149,"is_open":false,"enter_tag":"","leverage":1.0,"is_short":false,"open_timestamp":1765868400000,"close_timestamp":1765879200000,"orders":[{"amount":2612.0,"safe_price":0.12994,"ft_order_side":"buy","order_filled_timestamp":1765868400000,"ft_is_entry":true,"ft_order_tag":"","cost":339.74268327999994},{"amount":2612.0,"safe_price":0.13020014014014014,"ft_order_side":"sell","order_filled_timestamp":1765879200000,"ft_is_entry":false,"ft_order_tag":"roi","cost":340.42284881209207}],"funding_fees":0.0,"weekday":1},{"pair":"DOGE/USDT","stake_amount":339.42706,"max_stake_amount":339.42706,"amount":2758.0,"open_date":"2025-12-31 09:00:00+00:00","close_date":"2025-12-31 11:00:00+00:00","open_rate":0.12307,"close_rate":0.12331638638638638,"fee_open":0.001,"fee_close":0.001,"trade_duration":120,"profit_ratio":0.0,"profit_abs":0.0,"exit_reason":"roi","initial_stop_loss_abs":0.11692,"initial_stop_loss_ratio":-0.05,"stop_loss_abs":0.11692,"stop_loss_ratio":-0.05,"min_rate":0.12282,"max_rate":0.12361,"is_open":false,"enter_tag":"","leverage":1.0,"is_short":false,"open_timestamp":1767171600000,"close_timestamp":1767178800000,"orders":[{"amount":2758.0,"safe_price":0.12307,"ft_order_side":"buy","order_filled_timestamp":1767171600000,"ft_is_entry":true,"ft_order_tag":"","cost":339.7664870599999},{"amount":2758.0,"safe_price":0.12331638638638638,"ft_order_side":"sell","order_filled_timestamp":1767178800000,"ft_is_entry":false,"ft_order_tag":"roi","cost":340.44670024730726}],"funding_fees":0.0,"weekday":2}],"locks":[],"best_pair":{"key":"DOGE/USDT","trades":21,"profit_mean":0.004082666636621622,"profit_mean_pct":0.41,"profit_total_abs":28.667864559999998,"profit_total":0.02866786456,"profit_total_pct":2.87,"duration_avg":"3:06:00","wins":10,"draws":11,"losses":0,"winrate":0.47619047619047616,"cagr":0.11221841911246666,"expectancy":1.3651364076190475,"expectancy_ratio":100.0,"sortino":-100,"sharpe":3.125758080332913,"calmar":-100,"sqn":3.3797,"profit_factor":0.0,"max_drawdown_account":0.0,"max_drawdown_abs":0.0},"worst_pair":{"key":"DOGE/USDT","trades":21,"profit_mean":0.004082666636621622,"profit_mean_pct":0.41,"profit_total_abs":28.667864559999998,"profit_total":0.02866786456,"profit_total_pct":2.87,"duration_avg":"3:06:00","wins":10,"draws":11,"losses":0,"winrate":0.47619047619047616,"cagr":0.11221841911246666,"expectancy":1.3651364076190475,"expectancy_ratio":100.0,"sortino":-100,"sharpe":3.125758080332913,"calmar":-100,"sqn":3.3797,"profit_factor":0.0,"max_drawdown_account":0.0,"max_drawdown_abs":0.0},"results_per_pair":[{"key":"DOGE/USDT","trades":21,"profit_mean":0.004082666636621622,"profit_mean_pct":0.41,"profit_total_abs":28.667864559999998,"profit_total":0.02866786456,"profit_total_pct":2.87,"duration_avg":"3:06:00","wins":10,"draws":11,"losses":0,"winrate":0.47619047619047616,"cagr":0.11221841911246666,"expectancy":1.3651364076190475,"expectancy_ratio":100.0,"sortino":-100,"sharpe":3.125758080332913,"calmar":-100,"sqn":3.3797,"profit_factor":0.0,"max_drawdown_account":0.0,"max_drawdown_abs":0.0},{"key":"TOTAL","trades":21,"profit_mean":0.004082666636621622,"profit_mean_pct":0.41,"profit_total_abs":28.667864559999998,"profit_total":0.02866786456,"profit_total_pct":2.87,"duration_avg":"3:06:00","wins":10,"draws":11,"losses":0,"winrate":0.47619047619047616,"cagr":0.11221841911246666,"expectancy":1.3651364076190475,"expectancy_ratio":100.0,"sortino":-100,"sharpe":3.125758080332913,"calmar":-100,"sqn":3.3797,"profit_factor":0.0,"max_drawdown_account":0.0,"max_drawdown_abs":0.0}],"results_per_enter_tag":[{"key":"","trades":21,"profit_mean":0.004082666636621622,"profit_mean_pct":0.41,"profit_total_abs":28.667864559999998,"profit_total":0.02866786456,"profit_total_pct":2.87,"duration_avg":"3:06:00","wins":10,"draws":11,"losses":0,"winrate":0.47619047619047616,"cagr":0.11221841911246666,"expectancy":1.3651364076190475,"expectancy_ratio":100.0,"sortino":-100,"sharpe":3.125758080332913,"calmar":-100,"sqn":3.3797,"profit_factor":0.0,"max_drawdown_account":0.0,"max_drawdown_abs":0.0},{"key":"TOTAL","trades":21,"profit_mean":0.004082666636621622,"profit_mean_pct":0.41,"profit_total_abs":28.667864559999998,"profit_total":0.02866786456,"profit_total_pct":2.87,"duration_avg":"3:06:00","wins":10,"draws":11,"losses":0,"winrate":0.47619047619047616,"cagr":0.11221841911246666,"expectancy":1.3651364076190475,"expectancy_ratio":100.0,"sortino":-100,"sharpe":3.125758080332913,"calmar":-100,"sqn":3.3797,"profit_factor":0.0,"max_drawdown_account":0.0,"max_drawdown_abs":0.0}],"exit_reason_summary":[{"key":"roi","trades":21,"profit_mean":0.004082666636621622,"profit_mean_pct":0.41,"profit_total_abs":28.667864559999998,"profit_total":0.02866786456,"profit_total_pct":2.87,"duration_avg":"3:06:00","wins":10,"draws":11,"losses":0,"winrate":0.47619047619047616,"cagr":0.11221841911246666,"expectancy":1.3651364076190475,"expectancy_ratio":100.0,"sortino":-100,"sharpe":3.125758080332913,"calmar":-100,"sqn":3.3797,"profit_factor":0.0,"max_drawdown_account":0.0,"max_drawdown_abs":0.0},{"key":"TOTAL","trades":21,"profit_mean":0.004082666636621622,"profit_mean_pct":0.41,"profit_total_abs":28.667864559999998,"profit_total":0.02866786456,"profit_total_pct":2.87,"duration_avg":"3:06:00","wins":10,"draws":11,"losses":0,"winrate":0.47619047619047616,"cagr":0.11221841911246666,"expectancy":1.3651364076190475,"expectancy_ratio":100.0,"sortino":-100,"sharpe":3.125758080332913,"calmar":-100,"sqn":3.3797,"profit_factor":0.0,"max_drawdown_account":0.0,"max_drawdown_abs":0.0}],"mix_tag_stats":[{"key":["","roi"],"trades":21,"profit_mean":0.004082666636621622,"profit_mean_pct":0.41,"profit_total_abs":28.667864559999998,"profit_total":0.02866786456,"profit_total_pct":2.87,"duration_avg":"3:06:00","wins":10,"draws":11,"losses":0,"winrate":0.47619047619047616,"cagr":0.11221841911246666,"expectancy":1.3651364076190475,"expectancy_ratio":100.0,"sortino":-100,"sharpe":3.125758080332913,"calmar":-100,"sqn":3.3797,"profit_factor":0.0,"max_drawdown_account":0.0,"max_drawdown_abs":0.0},{"key":"TOTAL","trades":21,"profit_mean":0.004082666636621622,"profit_mean_pct":0.41,"profit_total_abs":28.667864559999998,"profit_total":0.02866786456,"profit_total_pct":2.87,"duration_avg":"3:06:00","wins":10,"draws":11,"losses":0,"winrate":0.47619047619047616,"cagr":0.11221841911246666,"expectancy":1.3651364076190475,"expectancy_ratio":100.0,"sortino":-100,"sharpe":3.125758080332913,"calmar":-100,"sqn":3.3797,"profit_factor":0.0,"max_drawdown_account":0.0,"max_drawdown_abs":0.0}],"left_open_trades":[{"key":"TOTAL","trades":0,"profit_mean":0.0,"profit_mean_pct":0.0,"profit_total_abs":0.0,"profit_total":0.0,"profit_total_pct":0.0,"duration_avg":"0:00","wins":0,"draws":0,"losses":0,"winrate":0.0,"cagr":0.0,"expectancy":0.0,"expectancy_ratio":100.0,"sortino":0,"sharpe":0,"calmar":0,"sqn":0.0,"profit_factor":0.0,"max_drawdown_account":0.0,"max_drawdown_abs":0.0}],"total_trades":21,"trade_count_long":21,"trade_count_short":0,"total_volume":14067.728173558116,"avg_stake_amount":333.59411809523806,"profit_mean":0.004082666636621622,"profit_median":0.0,"profit_total":0.02866786456,"profit_total_long":0.02866786456,"profit_total_short":0.0,"profit_total_abs":28.667864559999998,"profit_total_long_abs":28.667864559999998,"profit_total_short_abs":0.0,"cagr":0.11221841911246666,"expectancy":1.3651364076190475,"expectancy_ratio":100.0,"sortino":-100,"sharpe":3.125758080332913,"calmar":-100,"sqn":3.3797,"profit_factor":0.0,"backtest_start":"2025-10-01 00:00:00","backtest_start_ts":1759276800000,"backtest_end":"2026-01-06 20:00:00","backtest_end_ts":1767729600000,"backtest_days":97,"backtest_run_start_ts":1767740357,"backtest_run_end_ts":1767740357,"trades_per_day":0.22,"market_change":-0.36632086436227446,"pairlist":["DOGE/USDT"],"stake_amount":"unlimited","stake_currency":"USDT","stake_currency_decimals":3,"starting_balance":1000,"dry_run_wallet":1000,"final_balance":1028.66786456,"rejected_signals":0,"timedout_entry_orders":0,"timedout_exit_orders":0,"canceled_trade_entries":0,"canceled_entry_orders":0,"replaced_entry_orders":0,"max_open_trades":1,"max_open_trades_setting":3,"timeframe":"1h","timeframe_detail":"","timerange":"20251001-","enable_protections":false,"strategy_name":"ACO_23_12","freqaimodel":null,"freqai_identifier":null,"stoploss":-0.05,"trailing_stop":false,"trailing_stop_positive":null,"trailing_stop_positive_offset":0.0,"trailing_only_offset_is_reached":false,"use_custom_stoploss":false,"minimal_roi":{"0":0.1,"60":0.05,"120":0.0},"use_exit_signal":true,"exit_profit_only":false,"exit_profit_offset":0.0,"ignore_roi_if_entry_signal":false,"trading_mode":"spot","margin_mode":"","periodic_breakdown":{"day":[{"date":"04/10/2025","date_ts":1759536000000,"profit_abs":0.50321628,"wins":1,"draws":0,"losses":0,"trades":1,"profit_factor":0.0},{"date":"05/10/2025","date_ts":1759622400000,"profit_abs":0.0,"wins":0,"draws":0,"losses":0,"trades":0,"profit_factor":0.0},{"date":"06/10/2025","date_ts":1759708800000,"profit_abs":2.36508333,"wins":1,"draws":0,"losses":0,"trades":1,"profit_factor":0.0},{"date":"07/10/2025","date_ts":1759795200000,"profit_abs":0.0,"wins":0,"draws":0,"losses":0,"trades":0,"profit_factor":0.0},{"date":"08/10/2025","date_ts":1759881600000,"profit_abs":1.6670646,"wins":1,"draws":0,"losses":0,"trades":1,"profit_factor":0.0},{"date":"09/10/2025","date_ts":1759968000000,"profit_abs":0.0,"wins":0,"draws":1,"losses":0,"trades":1,"profit_factor":0.0},{"date":"10/10/2025","date_ts":1760054400000,"profit_abs":0.0,"wins":0,"draws":0,"losses":0,"trades":0,"profit_factor":0.0},{"date":"11/10/2025","date_ts":1760140800000,"profit_abs":0.0,"wins":0,"draws":0,"losses":0,"trades":0,"profit_factor":0.0},{"date":"12/10/2025","date_ts":1760227200000,"profit_abs":0.0,"wins":0,"draws":0,"losses":0,"trades":0,"profit_factor":0.0},{"date":"13/10/2025","date_ts":1760313600000,"profit_abs":0.0,"wins":0,"draws":0,"losses":0,"trades":0,"profit_factor":0.0},{"date":"14/10/2025","date_ts":1760400000000,"profit_abs":0.0,"wins":0,"draws":1,"losses":0,"trades":1,"profit_factor":0.0},{"date":"15/10/2025","date_ts":1760486400000,"profit_abs":0.0,"wins":0,"draws":0,"losses":0,"trades":0,"profit_factor":0.0},{"date":"16/10/2025","date_ts":1760572800000,"profit_abs":0.0,"wins":0,"draws":1,"losses":0,"trades":1,"profit_factor":0.0},{"date":"17/10/2025","date_ts":1760659200000,"profit_abs":0.38815972,"wins":1,"draws":0,"losses":0,"trades":1,"profit_factor":0.0},{"date":"18/10/2025","date_ts":1760745600000,"profit_abs":0.0,"wins":0,"draws":0,"losses":0,"trades":0,"profit_factor":0.0},{"date":"19/10/2025","date_ts":1760832000000,"profit_abs":0.0,"wins":0,"draws":0,"losses":0,"trades":0,"profit_factor":0.0},{"date":"20/10/2025","date_ts":1760918400000,"profit_abs":0.0,"wins":0,"draws":0,"losses":0,"trades":0,"profit_factor":0.0},{"date":"21/10/2025","date_ts":1761004800000,"profit_abs":0.0,"wins":0,"draws":0,"losses":0,"trades":0,"profit_factor":0.0},{"date":"22/10/2025","date_ts":1761091200000,"profit_abs":0.0,"wins":0,"draws":0,"losses":0,"trades":0,"profit_factor":0.0},{"date":"23/10/2025","date_ts":1761177600000,"profit_abs":0.0,"wins":0,"draws":0,"losses":0,"trades":0,"profit_factor":0.0},{"date":"24/10/2025","date_ts":1761264000000,"profit_abs":0.0,"wins":0,"draws":0,"losses":0,"trades":0,"profit_factor":0.0},{"date":"25/10/2025","date_ts":1761350400000,"profit_abs":0.0,"wins":0,"draws":0,"losses":0,"trades":0,"profit_factor":0.0},{"date":"26/10/2025","date_ts":1761436800000,"profit_abs":0.0,"wins":0,"draws":0,"losses":0,"trades":0,"profit_factor":0.0},{"date":"27/10/2025","date_ts":1761523200000,"profit_abs":0.0,"wins":0,"draws":0,"losses":0,"trades":0,"profit_factor":0.0},{"date":"28/10/2025","date_ts":1761609600000,"profit_abs":0.0,"wins":0,"draws":1,"losses":0,"trades":1,"profit_factor":0.0},{"date":"29/10/2025","date_ts":1761696000000,"profit_abs":0.0,"wins":0,"draws":0,"losses":0,"trades":0,"profit_factor":0.0},{"date":"30/10/2025","date_ts":1761782400000,"profit_abs":0.0,"wins":0,"draws":0,"losses":0,"trades":0,"profit_factor":0.0},{"date":"31/10/2025","date_ts":1761868800000,"profit_abs":4.4137896,"wins":1,"draws":0,"losses":0,"trades":1,"profit_factor":0.0},{"date":"01/11/2025","date_ts":1761955200000,"profit_abs":0.0,"wins":0,"draws":0,"losses":0,"trades":0,"profit_factor":0.0},{"date":"02/11/2025","date_ts":1762041600000,"profit_abs":0.0,"wins":0,"draws":0,"losses":0,"trades":0,"profit_factor":0.0},{"date":"03/11/2025","date_ts":1762128000000,"profit_abs":0.0,"wins":0,"draws":0,"losses":0,"trades":0,"profit_factor":0.0},{"date":"04/11/2025","date_ts":1762214400000,"profit_abs":0.0,"wins":0,"draws":0,"losses":0,"trades":0,"profit_factor":0.0},{"date":"05/11/2025","date_ts":1762300800000,"profit_abs":0.0,"wins":0,"draws":0,"losses":0,"trades":0,"profit_factor":0.0},{"date":"06/11/2025","date_ts":1762387200000,"profit_abs":0.0,"wins":0,"draws":1,"losses":0,"trades":1,"profit_factor":0.0},{"date":"07/11/2025","date_ts":1762473600000,"profit_abs":0.0,"wins":0,"draws":0,"losses":0,"trades":0,"profit_factor":0.0},{"date":"08/11/2025","date_ts":1762560000000,"profit_abs":0.0,"wins":0,"draws":0,"losses":0,"trades":0,"profit_factor":0.0},{"date":"09/11/2025","date_ts":1762646400000,"profit_abs":0.0,"wins":0,"draws":0,"losses":0,"trades":0,"profit_factor":0.0},{"date":"10/11/2025","date_ts":1762732800000,"profit_abs":0.0,"wins":0,"draws":0,"losses":0,"trades":0,"profit_factor":0.0},{"date":"11/11/2025","date_ts":1762819200000,"profit_abs":0.0,"wins":0,"draws":0,"losses":0,"trades":0,"profit_factor":0.0},{"date":"12/11/2025","date_ts":1762905600000,"profit_abs":2.96613712,"wins":1,"draws":0,"losses":0,"trades":1,"profit_factor":0.0},{"date":"13/11/2025","date_ts":1762992000000,"profit_abs":0.0,"wins":0,"draws":0,"losses":0,"trades":0,"profit_factor":0.0},{"date":"14/11/2025","date_ts":1763078400000,"profit_abs":0.0,"wins":0,"draws":0,"losses":0,"trades":0,"profit_factor":0.0},{"date":"15/11/2025","date_ts":1763164800000,"profit_abs":0.0,"wins":0,"draws":0,"losses":0,"trades":0,"profit_factor":0.0},{"date":"16/11/2025","date_ts":1763251200000,"profit_abs":0.0,"wins":0,"draws":0,"losses":0,"trades":0,"profit_factor":0.0},{"date":"17/11/2025","date_ts":1763337600000,"profit_abs":0.0,"wins":0,"draws":0,"losses":0,"trades":0,"profit_factor":0.0},{"date":"18/11/2025","date_ts":1763424000000,"profit_abs":0.0,"wins":0,"draws":1,"losses":0,"trades":1,"profit_factor":0.0},{"date":"19/11/2025","date_ts":1763510400000,"profit_abs":0.0,"wins":0,"draws":0,"losses":0,"trades":0,"profit_factor":0.0},{"date":"20/11/2025","date_ts":1763596800000,"profit_abs":0.0,"wins":0,"draws":0,"losses":0,"trades":0,"profit_factor":0.0},{"date":"21/11/2025","date_ts":1763683200000,"profit_abs":0.0,"wins":0,"draws":1,"losses":0,"trades":1,"profit_factor":0.0},{"date":"22/11/2025","date_ts":1763769600000,"profit_abs":0.0,"wins":0,"draws":0,"losses":0,"trades":0,"profit_factor":0.0},{"date":"23/11/2025","date_ts":1763856000000,"profit_abs":0.0,"wins":0,"draws":0,"losses":0,"trades":0,"profit_factor":0.0},{"date":"24/11/2025","date_ts":1763942400000,"profit_abs":0.0,"wins":0,"draws":0,"losses":0,"trades":0,"profit_factor":0.0},{"date":"25/11/2025","date_ts":1764028800000,"profit_abs":0.0,"wins":0,"draws":0,"losses":0,"trades":0,"profit_factor":0.0},{"date":"26/11/2025","date_ts":1764115200000,"profit_abs":0.0,"wins":0,"draws":0,"losses":0,"trades":0,"profit_factor":0.0},{"date":"27/11/2025","date_ts":1764201600000,"profit_abs":0.0,"wins":0,"draws":0,"losses":0,"trades":0,"profit_factor":0.0},{"date":"28/11/2025","date_ts":1764288000000,"profit_abs":0.0,"wins":0,"draws":1,"losses":0,"trades":1,"profit_factor":0.0},{"date":"29/11/2025","date_ts":1764374400000,"profit_abs":0.0,"wins":0,"draws":0,"losses":0,"trades":0,"profit_factor":0.0},{"date":"30/11/2025","date_ts":1764460800000,"profit_abs":0.0,"wins":0,"draws":0,"losses":0,"trades":0,"profit_factor":0.0},{"date":"01/12/2025","date_ts":1764547200000,"profit_abs":4.41881856,"wins":1,"draws":0,"losses":0,"trades":1,"profit_factor":0.0},{"date":"02/12/2025","date_ts":1764633600000,"profit_abs":0.0,"wins":0,"draws":0,"losses":0,"trades":0,"profit_factor":0.0},{"date":"03/12/2025","date_ts":1764720000000,"profit_abs":0.0,"wins":0,"draws":0,"losses":0,"trades":0,"profit_factor":0.0},{"date":"04/12/2025","date_ts":1764806400000,"profit_abs":0.0,"wins":0,"draws":0,"losses":0,"trades":0,"profit_factor":0.0},{"date":"05/12/2025","date_ts":1764892800000,"profit_abs":0.0,"wins":0,"draws":0,"losses":0,"trades":0,"profit_factor":0.0},{"date":"06/12/2025","date_ts":1764979200000,"profit_abs":0.0,"wins":0,"draws":1,"losses":0,"trades":1,"profit_factor":0.0},{"date":"07/12/2025","date_ts":1765065600000,"profit_abs":0.0,"wins":0,"draws":0,"losses":0,"trades":0,"profit_factor":0.0},{"date":"08/12/2025","date_ts":1765152000000,"profit_abs":0.0,"wins":0,"draws":0,"losses":0,"trades":0,"profit_factor":0.0},{"date":"09/12/2025","date_ts":1765238400000,"profit_abs":0.0,"wins":0,"draws":0,"losses":0,"trades":0,"profit_factor":0.0},{"date":"10/12/2025","date_ts":1765324800000,"profit_abs":2.5631396,"wins":1,"draws":0,"losses":0,"trades":1,"profit_factor":0.0},{"date":"11/12/2025","date_ts":1765411200000,"profit_abs":4.19449968,"wins":1,"draws":0,"losses":0,"trades":1,"profit_factor":0.0},{"date":"12/12/2025","date_ts":1765497600000,"profit_abs":0.0,"wins":0,"draws":0,"losses":0,"trades":0,"profit_factor":0.0},{"date":"13/12/2025","date_ts":1765584000000,"profit_abs":0.0,"wins":0,"draws":0,"losses":0,"trades":0,"profit_factor":0.0},{"date":"14/12/2025","date_ts":1765670400000,"profit_abs":0.0,"wins":0,"draws":0,"losses":0,"trades":0,"profit_factor":0.0},{"date":"15/12/2025","date_ts":1765756800000,"profit_abs":5.18795607,"wins":1,"draws":0,"losses":0,"trades":1,"profit_factor":0.0},{"date":"16/12/2025","date_ts":1765843200000,"profit_abs":0.0,"wins":0,"draws":1,"losses":0,"trades":1,"profit_factor":0.0},{"date":"17/12/2025","date_ts":1765929600000,"profit_abs":0.0,"wins":0,"draws":0,"losses":0,"trades":0,"profit_factor":0.0},{"date":"18/12/2025","date_ts":1766016000000,"profit_abs":0.0,"wins":0,"draws":0,"losses":0,"trades":0,"profit_factor":0.0},{"date":"19/12/2025","date_ts":1766102400000,"profit_abs":0.0,"wins":0,"draws":0,"losses":0,"trades":0,"profit_factor":0.0},{"date":"20/12/2025","date_ts":1766188800000,"profit_abs":0.0,"wins":0,"draws":0,"losses":0,"trades":0,"profit_factor":0.0},{"date":"21/12/2025","date_ts":1766275200000,"profit_abs":0.0,"wins":0,"draws":0,"losses":0,"trades":0,"profit_factor":0.0},{"date":"22/12/2025","date_ts":1766361600000,"profit_abs":0.0,"wins":0,"draws":0,"losses":0,"trades":0,"profit_factor":0.0},{"date":"23/12/2025","date_ts":1766448000000,"profit_abs":0.0,"wins":0,"draws":0,"losses":0,"trades":0,"profit_factor":0.0},{"date":"24/12/2025","date_ts":1766534400000,"profit_abs":0.0,"wins":0,"draws":0,"losses":0,"trades":0,"profit_factor":0.0},{"date":"25/12/2025","date_ts":1766620800000,"profit_abs":0.0,"wins":0,"draws":0,"losses":0,"trades":0,"profit_factor":0.0},{"date":"26/12/2025","date_ts":1766707200000,"profit_abs":0.0,"wins":0,"draws":0,"losses":0,"trades":0,"profit_factor":0.0},{"date":"27/12/2025","date_ts":1766793600000,"profit_abs":0.0,"wins":0,"draws":0,"losses":0,"trades":0,"profit_factor":0.0},{"date":"28/12/2025","date_ts":1766880000000,"profit_abs":0.0,"wins":0,"draws":0,"losses":0,"trades":0,"profit_factor":0.0},{"date":"29/12/2025","date_ts":1766966400000,"profit_abs":0.0,"wins":0,"draws":0,"losses":0,"trades":0,"profit_factor":0.0},{"date":"30/12/2025","date_ts":1767052800000,"profit_abs":0.0,"wins":0,"draws":0,"losses":0,"trades":0,"profit_factor":0.0},{"date":"31/12/2025","date_ts":1767139200000,"profit_abs":0.0,"wins":0,"draws":1,"losses":0,"trades":1,"profit_factor":0.0}],"week":[{"date":"06/10/2025","date_ts":1759708800000,"profit_abs":2.86829961,"wins":2,"draws":0,"losses":0,"trades":2,"profit_factor":0.0},{"date":"13/10/2025","date_ts":1760313600000,"profit_abs":1.6670646,"wins":1,"draws":1,"losses":0,"trades":2,"profit_factor":0.0},{"date":"20/10/2025","date_ts":1760918400000,"profit_abs":0.38815972,"wins":1,"draws":2,"losses":0,"trades":3,"profit_factor":0.0},{"date":"27/10/2025","date_ts":1761523200000,"profit_abs":0.0,"wins":0,"draws":0,"losses":0,"trades":0,"profit_factor":0.0},{"date":"03/11/2025","date_ts":1762128000000,"profit_abs":4.4137896,"wins":1,"draws":1,"losses":0,"trades":2,"profit_factor":0.0},{"date":"10/11/2025","date_ts":1762732800000,"profit_abs":0.0,"wins":0,"draws":1,"losses":0,"trades":1,"profit_factor":0.0},{"date":"17/11/2025","date_ts":1763337600000,"profit_abs":2.96613712,"wins":1,"draws":0,"losses":0,"trades":1,"profit_factor":0.0},{"date":"24/11/2025","date_ts":1763942400000,"profit_abs":0.0,"wins":0,"draws":2,"losses":0,"trades":2,"profit_factor":0.0},{"date":"01/12/2025","date_ts":1764547200000,"profit_abs":4.41881856,"wins":1,"draws":1,"losses":0,"trades":2,"profit_factor":0.0},{"date":"08/12/2025","date_ts":1765152000000,"profit_abs":0.0,"wins":0,"draws":1,"losses":0,"trades":1,"profit_factor":0.0},{"date":"15/12/2025","date_ts":1765756800000,"profit_abs":11.94559535,"wins":3,"draws":0,"losses":0,"trades":3,"profit_factor":0.0},{"date":"22/12/2025","date_ts":1766361600000,"profit_abs":0.0,"wins":0,"draws":1,"losses":0,"trades":1,"profit_factor":0.0},{"date":"29/12/2025","date_ts":1766966400000,"profit_abs":0.0,"wins":0,"draws":0,"losses":0,"trades":0,"profit_factor":0.0},{"date":"05/01/2026","date_ts":1767571200000,"profit_abs":0.0,"wins":0,"draws":1,"losses":0,"trades":1,"profit_factor":0.0}],"month":[{"date":"31/10/2025","date_ts":1761868800000,"profit_abs":9.33731353,"wins":5,"draws":4,"losses":0,"trades":9,"profit_factor":0.0},{"date":"30/11/2025","date_ts":1764460800000,"profit_abs":2.96613712,"wins":1,"draws":4,"losses":0,"trades":5,"profit_factor":0.0},{"date":"31/12/2025","date_ts":1767139200000,"profit_abs":16.36441391,"wins":4,"draws":3,"losses":0,"trades":7,"profit_factor":0.0}],"year":[{"date":"31/12/2025","date_ts":1767139200000,"profit_abs":28.66786456,"wins":10,"draws":11,"losses":0,"trades":21,"profit_factor":0.0}],"weekday":[{"date":"Monday","date_ts":0,"profit_abs":11.97185796,"wins":3,"draws":0,"losses":0,"trades":3,"profit_factor":0.0},{"date":"Tuesday","date_ts":1,"profit_abs":0.0,"wins":0,"draws":4,"losses":0,"trades":4,"profit_factor":0.0},{"date":"Wednesday","date_ts":2,"profit_abs":7.19634132,"wins":3,"draws":1,"losses":0,"trades":4,"profit_factor":0.0},{"date":"Thursday","date_ts":3,"profit_abs":4.19449968,"wins":1,"draws":3,"losses":0,"trades":4,"profit_factor":0.0},{"date":"Friday","date_ts":4,"profit_abs":4.80194932,"wins":2,"draws":2,"losses":0,"trades":4,"profit_factor":0.0},{"date":"Saturday","date_ts":5,"profit_abs":0.50321628,"wins":1,"draws":1,"losses":0,"trades":2,"profit_factor":0.0}]},"backtest_best_day":0.015346255892239334,"backtest_worst_day":0.0,"backtest_best_day_abs":5.18795607,"backtest_worst_day_abs":0.0,"winning_days":10,"draw_days":79,"losing_days":0,"daily_profit":[["2025-10-04",0.50321628],["2025-10-05",0.0],["2025-10-06",2.36508333],["2025-10-07",0.0],["2025-10-08",1.6670646],["2025-10-09",0.0],["2025-10-10",0.0],["2025-10-11",0.0],["2025-10-12",0.0],["2025-10-13",0.0],["2025-10-14",0.0],["2025-10-15",0.0],["2025-10-16",0.0],["2025-10-17",0.38815972],["2025-10-18",0.0],["2025-10-19",0.0],["2025-10-20",0.0],["2025-10-21",0.0],["2025-10-22",0.0],["2025-10-23",0.0],["2025-10-24",0.0],["2025-10-25",0.0],["2025-10-26",0.0],["2025-10-27",0.0],["2025-10-28",0.0],["2025-10-29",0.0],["2025-10-30",0.0],["2025-10-31",4.4137896],["2025-11-01",0.0],["2025-11-02",0.0],["2025-11-03",0.0],["2025-11-04",0.0],["2025-11-05",0.0],["2025-11-06",0.0],["2025-11-07",0.0],["2025-11-08",0.0],["2025-11-09",0.0],["2025-11-10",0.0],["2025-11-11",0.0],["2025-11-12",2.96613712],["2025-11-13",0.0],["2025-11-14",0.0],["2025-11-15",0.0],["2025-11-16",0.0],["2025-11-17",0.0],["2025-11-18",0.0],["2025-11-19",0.0],["2025-11-20",0.0],["2025-11-21",0.0],["2025-11-22",0.0],["2025-11-23",0.0],["2025-11-24",0.0],["2025-11-25",0.0],["2025-11-26",0.0],["2025-11-27",0.0],["2025-11-28",0.0],["2025-11-29",0.0],["2025-11-30",0.0],["2025-12-01",4.41881856],["2025-12-02",0.0],["2025-12-03",0.0],["2025-12-04",0.0],["2025-12-05",0.0],["2025-12-06",0.0],["2025-12-07",0.0],["2025-12-08",0.0],["2025-12-09",0.0],["2025-12-10",2.5631396],["2025-12-11",4.19449968],["2025-12-12",0.0],["2025-12-13",0.0],["2025-12-14",0.0],["2025-12-15",5.18795607],["2025-12-16",0.0],["2025-12-17",0.0],["2025-12-18",0.0],["2025-12-19",0.0],["2025-12-20",0.0],["2025-12-21",0.0],["2025-12-22",0.0],["2025-12-23",0.0],["2025-12-24",0.0],["2025-12-25",0.0],["2025-12-26",0.0],["2025-12-27",0.0],["2025-12-28",0.0],["2025-12-29",0.0],["2025-12-30",0.0],["2025-12-31",0.0]],"wins":10,"losses":0,"draws":11,"winrate":0.47619047619047616,"holding_avg":"3:06:00","holding_avg_s":11160.0,"winner_holding_min":"0d 02:00","winner_holding_min_s":7200.0,"winner_holding_max":"0d 02:00","winner_holding_max_s":7200.0,"winner_holding_avg":"0d 02:00","winner_holding_avg_s":7200.0,"loser_holding_min":"0d 00:00","loser_holding_min_s":0.0,"loser_holding_max":"0d 00:00","loser_holding_max_s":0.0,"loser_holding_avg":"0d 00:00","loser_holding_avg_s":0.0,"max_consecutive_wins":3,"max_consecutive_losses":3,"max_drawdown_account":0.0,"max_relative_drawdown":0.0,"max_drawdown_abs":0.0,"drawdown_start":"2025-10-04 23:00:00","drawdown_start_ts":1759618800000.0,"drawdown_end":"2025-10-04 23:00:00","drawdown_end_ts":1759618800000.0,"drawdown_duration":"0 days 00:00:00","drawdown_duration_s":0.0,"max_drawdown_low":0.0,"max_drawdown_high":0.0,"csum_min":1000.50321628,"csum_max":1028.66786456}},"strategy_comparison":[{"key":"ACO_23_12","trades":21,"profit_mean":0.004082666636621622,"profit_mean_pct":0.41,"profit_total_abs":28.667864559999998,"profit_total":0.02866786456,"profit_total_pct":2.87,"duration_avg":"3:06:00","wins":10,"draws":11,"losses":0,"winrate":0.47619047619047616,"cagr":0.11221841911246666,"expectancy":1.3651364076190475,"expectancy_ratio":100.0,"sortino":-100,"sharpe":3.125758080332913,"calmar":-100,"sqn":3.3797,"profit_factor":0.0,"max_drawdown_account":0.0,"max_drawdown_abs":"0"}]}