{"strategy":{"ACO_29_16":{"trades":[{"pair":"DOGE/USDT","stake_amount":329.8386,"max_stake_amount":329.8386,"amount":1726.0,"open_date":"2025-10-11 13:00:00+00:00","close_date":"2025-10-11 15:00:00+00:00","open_rate":0.1911,"close_rate":0.19148258258258255,"fee_open":0.001,"fee_close":0.001,"trade_duration":120,"profit_ratio":0.0,"profit_abs":0.0,"exit_reason":"roi","initial_stop_loss_abs":0.18155,"initial_stop_loss_ratio":-0.05,"stop_loss_abs":0.18155,"stop_loss_ratio":-0.05,"min_rate":0.18584,"max_rate":0.19316,"is_open":false,"enter_tag":"","leverage":1.0,"is_short":false,"open_timestamp":1760187600000,"close_timestamp":1760194800000,"orders":[{"amount":1726.0,"safe_price":0.1911,"ft_order_side":"buy","order_filled_timestamp":1760187600000,"ft_is_entry":true,"ft_order_tag":"","cost":330.16843859999994},{"amount":1726.0,"safe_price":0.19148258258258255,"ft_order_side":"sell","order_filled_timestamp":1760194800000,"ft_is_entry":false,"ft_order_tag":"roi","cost":330.829436475075}],"funding_fees":0.0,"weekday":5},{"pair":"DOGE/USDT","stake_amount":329.93842,"max_stake_amount":329.93842,"amount":1747.0,"open_date":"2025-10-12 11:00:00+00:00","close_date":"2025-10-12 13:00:00+00:00","open_rate":0.18886,"close_rate":0.18984,"fee_open":0.001,"fee_close":0.001,"trade_duration":120,"profit_ratio":0.0031806592221714533,"profit_abs":1.0504711,"exit_reason":"roi","initial_stop_loss_abs":0.17942,"initial_stop_loss_ratio":-0.05,"stop_loss_abs":0.17942,"stop_loss_ratio":-0.05,"min_rate":0.18624,"max_rate":0.19067,"is_open":false,"enter_tag":"","leverage":1.0,"is_short":false,"open_timestamp":1760266800000,"close_timestamp":1760274000000,"orders":[{"amount":1747.0,"safe_price":0.18886,"ft_order_side":"buy","order_filled_timestamp":1760266800000,"ft_is_entry":true,"ft_order_tag":"","cost":330.26835841999997},{"amount":1747.0,"safe_price":0.18984,"ft_order_side":"sell","order_filled_timestamp":1760274000000,"ft_is_entry":false,"ft_order_tag":"roi","cost":331.98213047999997}],"funding_fees":0.0,"weekday":6},{"pair":"DOGE/USDT","stake_amount":330.16812,"max_stake_amount":330.16812,"amount":1563.0,"open_date":"2025-10-13 14:00:00+00:00","close_date":"2025-10-13 16:00:00+00:00","open_rate":0.21124,"close_rate":0.21166290290290288,"fee_open":0.001,"fee_close":0.001,"trade_duration":120,"profit_ratio":0.0,"profit_abs":0.0,"exit_reason":"roi","initial_stop_loss_abs":0.20068,"initial_stop_loss_ratio":-0.05,"stop_loss_abs":0.20068,"stop_loss_ratio":-0.05,"min_rate":0.20517,"max_rate":0.21192,"is_open":false,"enter_tag":"","leverage":1.0,"is_short":false,"open_timestamp":1760364000000,"close_timestamp":1760371200000,"orders":[{"amount":1563.0,"safe_price":0.21124,"ft_order_side":"buy","order_filled_timestamp":1760364000000,"ft_is_entry":true,"ft_order_tag":"","cost":330.49828812},{"amount":1563.0,"safe_price":0.21166290290290288,"ft_order_side":"sell","order_filled_timestamp":1760371200000,"ft_is_entry":false,"ft_order_tag":"roi","cost":331.1599463544744}],"funding_fees":0.0,"weekday":0},{"pair":"DOGE/USDT","stake_amount":330.22434,"max_stake_amount":330.22434,"amount":1626.0,"open_date":"2025-10-14 20:00:00+00:00","close_date":"2025-10-14 22:00:00+00:00","open_rate":0.20309,"close_rate":0.20359,"fee_open":0.001,"fee_close":0.001,"trade_duration":120,"profit_ratio":0.00045904167229687934,"profit_abs":0.15173832,"exit_reason":"roi","initial_stop_loss_abs":0.19294,"initial_stop_loss_ratio":-0.05,"stop_loss_abs":0.19294,"stop_loss_ratio":-0.05,"min_rate":0.20198,"max_rate":0.20516,"is_open":false,"enter_tag":"","leverage":1.0,"is_short":false,"open_timestamp":1760472000000,"close_timestamp":1760479200000,"orders":[{"amount":1626.0,"safe_price":0.20309,"ft_order_side":"buy","order_filled_timestamp":1760472000000,"ft_is_entry":true,"ft_order_tag":"","cost":330.55456433999996},{"amount":1626.0,"safe_price":0.20359,"ft_order_side":"sell","order_filled_timestamp":1760479200000,"ft_is_entry":false,"ft_order_tag":"roi","cost":331.36837733999994}],"funding_fees":0.0,"weekday":1},{"pair":"DOGE/USDT","stake_amount":330.24389,"max_stake_amount":330.24389,"amount":1997.0,"open_date":"2025-11-05 07:00:00+00:00","close_date":"2025-11-05 13:00:00+00:00","open_rate":0.16537,"close_rate":0.16570107107107104,"fee_open":0.001,"fee_close":0.001,"trade_duration":360,"profit_ratio":0.0,"profit_abs":0.0,"exit_reason":"roi","initial_stop_loss_abs":0.15711,"initial_stop_loss_ratio":-0.05,"stop_loss_abs":0.15711,"stop_loss_ratio":-0.05,"min_rate":0.161,"max_rate":0.16617,"is_open":false,"enter_tag":"","leverage":1.0,"is_short":false,"open_timestamp":1762326000000,"close_timestamp":1762347600000,"orders":[{"amount":1997.0,"safe_price":0.16537,"ft_order_side":"buy","order_filled_timestamp":1762326000000,"ft_is_entry":true,"ft_order_tag":"","cost":330.5741338899999},{"amount":1997.0,"safe_price":0.16570107107107104,"ft_order_side":"sell","order_filled_timestamp":1762347600000,"ft_is_entry":false,"ft_order_tag":"roi","cost":331.2359439678578}],"funding_fees":0.0,"weekday":2},{"pair":"DOGE/USDT","stake_amount":330.36283,"max_stake_amount":330.36283,"amount":2419.0,"open_date":"2025-11-21 23:00:00+00:00","close_date":"2025-11-22 01:00:00+00:00","open_rate":0.13657,"close_rate":0.14012,"fee_open":0.001,"fee_close":0.001,"trade_duration":120,"profit_ratio":0.02394405769964092,"profit_abs":7.91813689,"exit_reason":"roi","initial_stop_loss_abs":0.12975,"initial_stop_loss_ratio":-0.05,"stop_loss_abs":0.12975,"stop_loss_ratio":-0.05,"min_rate":0.13574,"max_rate":0.14148,"is_open":false,"enter_tag":"","leverage":1.0,"is_short":false,"open_timestamp":1763766000000,"close_timestamp":1763773200000,"orders":[{"amount":2419.0,"safe_price":0.13657,"ft_order_side":"buy","order_filled_timestamp":1763766000000,"ft_is_entry":true,"ft_order_tag":"","cost":330.69319282999993},{"amount":2419.0,"safe_price":0.14012,"ft_order_side":"sell","order_filled_timestamp":1763773200000,"ft_is_entry":false,"ft_order_tag":"roi","cost":339.2892302799999}],"funding_fees":0.0,"weekday":5}],"locks":[],"best_pair":{"key":"DOGE/USDT","trades":6,"profit_mean":0.004597293099018208,"profit_mean_pct":0.46,"profit_total_abs":9.12034631,"profit_total":0.009120346310000001,"profit_total_pct":0.91,"duration_avg":"2:40:00","wins":3,"draws":3,"losses":0,"winrate":0.5,"cagr":0.03475354148209253,"expectancy":1.5200577183333335,"expectancy_ratio":100.0,"sortino":-100,"sharpe":0.6225161769214465,"calmar":-100,"sqn":1.1779,"profit_factor":0.0,"max_drawdown_account":0.0,"max_drawdown_abs":0.0},"worst_pair":{"key":"DOGE/USDT","trades":6,"profit_mean":0.004597293099018208,"profit_mean_pct":0.46,"profit_total_abs":9.12034631,"profit_total":0.009120346310000001,"profit_total_pct":0.91,"duration_avg":"2:40:00","wins":3,"draws":3,"losses":0,"winrate":0.5,"cagr":0.03475354148209253,"expectancy":1.5200577183333335,"expectancy_ratio":100.0,"sortino":-100,"sharpe":0.6225161769214465,"calmar":-100,"sqn":1.1779,"profit_factor":0.0,"max_drawdown_account":0.0,"max_drawdown_abs":0.0},"results_per_pair":[{"key":"DOGE/USDT","trades":6,"profit_mean":0.004597293099018208,"profit_mean_pct":0.46,"profit_total_abs":9.12034631,"profit_total":0.009120346310000001,"profit_total_pct":0.91,"duration_avg":"2:40:00","wins":3,"draws":3,"losses":0,"winrate":0.5,"cagr":0.03475354148209253,"expectancy":1.5200577183333335,"expectancy_ratio":100.0,"sortino":-100,"sharpe":0.6225161769214465,"calmar":-100,"sqn":1.1779,"profit_factor":0.0,"max_drawdown_account":0.0,"max_drawdown_abs":0.0},{"key":"TOTAL","trades":6,"profit_mean":0.004597293099018208,"profit_mean_pct":0.46,"profit_total_abs":9.12034631,"profit_total":0.009120346310000001,"profit_total_pct":0.91,"duration_avg":"2:40:00","wins":3,"draws":3,"losses":0,"winrate":0.5,"cagr":0.03475354148209253,"expectancy":1.5200577183333335,"expectancy_ratio":100.0,"sortino":-100,"sharpe":0.6225161769214465,"calmar":-100,"sqn":1.1779,"profit_factor":0.0,"max_drawdown_account":0.0,"max_drawdown_abs":0.0}],"results_per_enter_tag":[{"key":"","trades":6,"profit_mean":0.004597293099018208,"profit_mean_pct":0.46,"profit_total_abs":9.12034631,"profit_total":0.009120346310000001,"profit_total_pct":0.91,"duration_avg":"2:40:00","wins":3,"draws":3,"losses":0,"winrate":0.5,"cagr":0.03475354148209253,"expectancy":1.5200577183333335,"expectancy_ratio":100.0,"sortino":-100,"sharpe":0.6225161769214465,"calmar":-100,"sqn":1.1779,"profit_factor":0.0,"max_drawdown_account":0.0,"max_drawdown_abs":0.0},{"key":"TOTAL","trades":6,"profit_mean":0.004597293099018208,"profit_mean_pct":0.46,"profit_total_abs":9.12034631,"profit_total":0.009120346310000001,"profit_total_pct":0.91,"duration_avg":"2:40:00","wins":3,"draws":3,"losses":0,"winrate":0.5,"cagr":0.03475354148209253,"expectancy":1.5200577183333335,"expectancy_ratio":100.0,"sortino":-100,"sharpe":0.6225161769214465,"calmar":-100,"sqn":1.1779,"profit_factor":0.0,"max_drawdown_account":0.0,"max_drawdown_abs":0.0}],"exit_reason_summary":[{"key":"roi","trades":6,"profit_mean":0.004597293099018208,"profit_mean_pct":0.46,"profit_total_abs":9.12034631,"profit_total":0.009120346310000001,"profit_total_pct":0.91,"duration_avg":"2:40:00","wins":3,"draws":3,"losses":0,"winrate":0.5,"cagr":0.03475354148209253,"expectancy":1.5200577183333335,"expectancy_ratio":100.0,"sortino":-100,"sharpe":0.6225161769214465,"calmar":-100,"sqn":1.1779,"profit_factor":0.0,"max_drawdown_account":0.0,"max_drawdown_abs":0.0},{"key":"TOTAL","trades":6,"profit_mean":0.004597293099018208,"profit_mean_pct":0.46,"profit_total_abs":9.12034631,"profit_total":0.009120346310000001,"profit_total_pct":0.91,"duration_avg":"2:40:00","wins":3,"draws":3,"losses":0,"winrate":0.5,"cagr":0.03475354148209253,"expectancy":1.5200577183333335,"expectancy_ratio":100.0,"sortino":-100,"sharpe":0.6225161769214465,"calmar":-100,"sqn":1.1779,"profit_factor":0.0,"max_drawdown_account":0.0,"max_drawdown_abs":0.0}],"mix_tag_stats":[{"key":["","roi"],"trades":6,"profit_mean":0.004597293099018208,"profit_mean_pct":0.46,"profit_total_abs":9.12034631,"profit_total":0.009120346310000001,"profit_total_pct":0.91,"duration_avg":"2:40:00","wins":3,"draws":3,"losses":0,"winrate":0.5,"cagr":0.03475354148209253,"expectancy":1.5200577183333335,"expectancy_ratio":100.0,"sortino":-100,"sharpe":0.6225161769214465,"calmar":-100,"sqn":1.1779,"profit_factor":0.0,"max_drawdown_account":0.0,"max_drawdown_abs":0.0},{"key":"TOTAL","trades":6,"profit_mean":0.004597293099018208,"profit_mean_pct":0.46,"profit_total_abs":9.12034631,"profit_total":0.009120346310000001,"profit_total_pct":0.91,"duration_avg":"2:40:00","wins":3,"draws":3,"losses":0,"winrate":0.5,"cagr":0.03475354148209253,"expectancy":1.5200577183333335,"expectancy_ratio":100.0,"sortino":-100,"sharpe":0.6225161769214465,"calmar":-100,"sqn":1.1779,"profit_factor":0.0,"max_drawdown_account":0.0,"max_drawdown_abs":0.0}],"left_open_trades":[{"key":"TOTAL","trades":0,"profit_mean":0.0,"profit_mean_pct":0.0,"profit_total_abs":0.0,"profit_total":0.0,"profit_total_pct":0.0,"duration_avg":"0:00","wins":0,"draws":0,"losses":0,"winrate":0.0,"cagr":0.0,"expectancy":0.0,"expectancy_ratio":100.0,"sortino":0,"sharpe":0,"calmar":0,"sqn":0.0,"profit_factor":0.0,"max_drawdown_account":0.0,"max_drawdown_abs":0.0}],"total_trades":6,"trade_count_long":6,"trade_count_short":0,"total_volume":3978.622041097407,"avg_stake_amount":330.12936666666667,"profit_mean":0.004597293099018208,"profit_median":0.00022952083614843967,"profit_total":0.009120346310000001,"profit_total_long":0.009120346310000001,"profit_total_short":0.0,"profit_total_abs":9.12034631,"profit_total_long_abs":9.12034631,"profit_total_short_abs":0.0,"cagr":0.03475354148209253,"expectancy":1.5200577183333335,"expectancy_ratio":100.0,"sortino":-100,"sharpe":0.6225161769214465,"calmar":-100,"sqn":1.1779,"profit_factor":0.0,"backtest_start":"2025-10-01 00:00:00","backtest_start_ts":1759276800000,"backtest_end":"2026-01-06 20:00:00","backtest_end_ts":1767729600000,"backtest_days":97,"backtest_run_start_ts":1767751610,"backtest_run_end_ts":1767751610,"trades_per_day":0.06,"market_change":-0.36632086436227446,"pairlist":["DOGE/USDT"],"stake_amount":"unlimited","stake_currency":"USDT","stake_currency_decimals":3,"starting_balance":1000,"dry_run_wallet":1000,"final_balance":1009.12034631,"rejected_signals":0,"timedout_entry_orders":0,"timedout_exit_orders":0,"canceled_trade_entries":0,"canceled_entry_orders":0,"replaced_entry_orders":0,"max_open_trades":1,"max_open_trades_setting":3,"timeframe":"1h","timeframe_detail":"","timerange":"20251001-","enable_protections":false,"strategy_name":"ACO_29_16","freqaimodel":null,"freqai_identifier":null,"stoploss":-0.05,"trailing_stop":false,"trailing_stop_positive":null,"trailing_stop_positive_offset":0.0,"trailing_only_offset_is_reached":false,"use_custom_stoploss":false,"minimal_roi":{"0":0.1,"60":0.05,"120":0.0},"use_exit_signal":true,"exit_profit_only":false,"exit_profit_offset":0.0,"ignore_roi_if_entry_signal":false,"trading_mode":"spot","margin_mode":"","periodic_breakdown":{"day":[{"date":"11/10/2025","date_ts":1760140800000,"profit_abs":0.0,"wins":0,"draws":1,"losses":0,"trades":1,"profit_factor":0.0},{"date":"12/10/2025","date_ts":1760227200000,"profit_abs":1.0504711,"wins":1,"draws":0,"losses":0,"trades":1,"profit_factor":0.0},{"date":"13/10/2025","date_ts":1760313600000,"profit_abs":0.0,"wins":0,"draws":1,"losses":0,"trades":1,"profit_factor":0.0},{"date":"14/10/2025","date_ts":1760400000000,"profit_abs":0.15173832,"wins":1,"draws":0,"losses":0,"trades":1,"profit_factor":0.0},{"date":"15/10/2025","date_ts":1760486400000,"profit_abs":0.0,"wins":0,"draws":0,"losses":0,"trades":0,"profit_factor":0.0},{"date":"16/10/2025","date_ts":1760572800000,"profit_abs":0.0,"wins":0,"draws":0,"losses":0,"trades":0,"profit_factor":0.0},{"date":"17/10/2025","date_ts":1760659200000,"profit_abs":0.0,"wins":0,"draws":0,"losses":0,"trades":0,"profit_factor":0.0},{"date":"18/10/2025","date_ts":1760745600000,"profit_abs":0.0,"wins":0,"draws":0,"losses":0,"trades":0,"profit_factor":0.0},{"date":"19/10/2025","date_ts":1760832000000,"profit_abs":0.0,"wins":0,"draws":0,"losses":0,"trades":0,"profit_factor":0.0},{"date":"20/10/2025","date_ts":1760918400000,"profit_abs":0.0,"wins":0,"draws":0,"losses":0,"trades":0,"profit_factor":0.0},{"date":"21/10/2025","date_ts":1761004800000,"profit_abs":0.0,"wins":0,"draws":0,"losses":0,"trades":0,"profit_factor":0.0},{"date":"22/10/2025","date_ts":1761091200000,"profit_abs":0.0,"wins":0,"draws":0,"losses":0,"trades":0,"profit_factor":0.0},{"date":"23/10/2025","date_ts":1761177600000,"profit_abs":0.0,"wins":0,"draws":0,"losses":0,"trades":0,"profit_factor":0.0},{"date":"24/10/2025","date_ts":1761264000000,"profit_abs":0.0,"wins":0,"draws":0,"losses":0,"trades":0,"profit_factor":0.0},{"date":"25/10/2025","date_ts":1761350400000,"profit_abs":0.0,"wins":0,"draws":0,"losses":0,"trades":0,"profit_factor":0.0},{"date":"26/10/2025","date_ts":1761436800000,"profit_abs":0.0,"wins":0,"draws":0,"losses":0,"trades":0,"profit_factor":0.0},{"date":"27/10/2025","date_ts":1761523200000,"profit_abs":0.0,"wins":0,"draws":0,"losses":0,"trades":0,"profit_factor":0.0},{"date":"28/10/2025","date_ts":1761609600000,"profit_abs":0.0,"wins":0,"draws":0,"losses":0,"trades":0,"profit_factor":0.0},{"date":"29/10/2025","date_ts":1761696000000,"profit_abs":0.0,"wins":0,"draws":0,"losses":0,"trades":0,"profit_factor":0.0},{"date":"30/10/2025","date_ts":1761782400000,"profit_abs":0.0,"wins":0,"draws":0,"losses":0,"trades":0,"profit_factor":0.0},{"date":"31/10/2025","date_ts":1761868800000,"profit_abs":0.0,"wins":0,"draws":0,"losses":0,"trades":0,"profit_factor":0.0},{"date":"01/11/2025","date_ts":1761955200000,"profit_abs":0.0,"wins":0,"draws":0,"losses":0,"trades":0,"profit_factor":0.0},{"date":"02/11/2025","date_ts":1762041600000,"profit_abs":0.0,"wins":0,"draws":0,"losses":0,"trades":0,"profit_factor":0.0},{"date":"03/11/2025","date_ts":1762128000000,"profit_abs":0.0,"wins":0,"draws":0,"losses":0,"trades":0,"profit_factor":0.0},{"date":"04/11/2025","date_ts":1762214400000,"profit_abs":0.0,"wins":0,"draws":0,"losses":0,"trades":0,"profit_factor":0.0},{"date":"05/11/2025","date_ts":1762300800000,"profit_abs":0.0,"wins":0,"draws":1,"losses":0,"trades":1,"profit_factor":0.0},{"date":"06/11/2025","date_ts":1762387200000,"profit_abs":0.0,"wins":0,"draws":0,"losses":0,"trades":0,"profit_factor":0.0},{"date":"07/11/2025","date_ts":1762473600000,"profit_abs":0.0,"wins":0,"draws":0,"losses":0,"trades":0,"profit_factor":0.0},{"date":"08/11/2025","date_ts":1762560000000,"profit_abs":0.0,"wins":0,"draws":0,"losses":0,"trades":0,"profit_factor":0.0},{"date":"09/11/2025","date_ts":1762646400000,"profit_abs":0.0,"wins":0,"draws":0,"losses":0,"trades":0,"profit_factor":0.0},{"date":"10/11/2025","date_ts":1762732800000,"profit_abs":0.0,"wins":0,"draws":0,"losses":0,"trades":0,"profit_factor":0.0},{"date":"11/11/2025","date_ts":1762819200000,"profit_abs":0.0,"wins":0,"draws":0,"losses":0,"trades":0,"profit_factor":0.0},{"date":"12/11/2025","date_ts":1762905600000,"profit_abs":0.0,"wins":0,"draws":0,"losses":0,"trades":0,"profit_factor":0.0},{"date":"13/11/2025","date_ts":1762992000000,"profit_abs":0.0,"wins":0,"draws":0,"losses":0,"trades":0,"profit_factor":0.0},{"date":"14/11/2025","date_ts":1763078400000,"profit_abs":0.0,"wins":0,"draws":0,"losses":0,"trades":0,"profit_factor":0.0},{"date":"15/11/2025","date_ts":1763164800000,"profit_abs":0.0,"wins":0,"draws":0,"losses":0,"trades":0,"profit_factor":0.0},{"date":"16/11/2025","date_ts":1763251200000,"profit_abs":0.0,"wins":0,"draws":0,"losses":0,"trades":0,"profit_factor":0.0},{"date":"17/11/2025","date_ts":1763337600000,"profit_abs":0.0,"wins":0,"draws":0,"losses":0,"trades":0,"profit_factor":0.0},{"date":"18/11/2025","date_ts":1763424000000,"profit_abs":0.0,"wins":0,"draws":0,"losses":0,"trades":0,"profit_factor":0.0},{"date":"19/11/2025","date_ts":1763510400000,"profit_abs":0.0,"wins":0,"draws":0,"losses":0,"trades":0,"profit_factor":0.0},{"date":"20/11/2025","date_ts":1763596800000,"profit_abs":0.0,"wins":0,"draws":0,"losses":0,"trades":0,"profit_factor":0.0},{"date":"21/11/2025","date_ts":1763683200000,"profit_abs":0.0,"wins":0,"draws":0,"losses":0,"trades":0,"profit_factor":0.0},{"date":"22/11/2025","date_ts":1763769600000,"profit_abs":7.91813689,"wins":1,"draws":0,"losses":0,"trades":1,"profit_factor":0.0}],"week":[{"date":"13/10/2025","date_ts":1760313600000,"profit_abs":1.0504711,"wins":1,"draws":2,"losses":0,"trades":3,"profit_factor":0.0},{"date":"20/10/2025","date_ts":1760918400000,"profit_abs":0.15173832,"wins":1,"draws":0,"losses":0,"trades":1,"profit_factor":0.0},{"date":"27/10/2025","date_ts":1761523200000,"profit_abs":0.0,"wins":0,"draws":0,"losses":0,"trades":0,"profit_factor":0.0},{"date":"03/11/2025","date_ts":1762128000000,"profit_abs":0.0,"wins":0,"draws":0,"losses":0,"trades":0,"profit_factor":0.0},{"date":"10/11/2025","date_ts":1762732800000,"profit_abs":0.0,"wins":0,"draws":1,"losses":0,"trades":1,"profit_factor":0.0},{"date":"17/11/2025","date_ts":1763337600000,"profit_abs":0.0,"wins":0,"draws":0,"losses":0,"trades":0,"profit_factor":0.0},{"date":"24/11/2025","date_ts":1763942400000,"profit_abs":7.91813689,"wins":1,"draws":0,"losses":0,"trades":1,"profit_factor":0.0}],"month":[{"date":"31/10/2025","date_ts":1761868800000,"profit_abs":1.20220942,"wins":2,"draws":2,"losses":0,"trades":4,"profit_factor":0.0},{"date":"30/11/2025","date_ts":1764460800000,"profit_abs":7.91813689,"wins":1,"draws":1,"losses":0,"trades":2,"profit_factor":0.0}],"year":[{"date":"31/12/2025","date_ts":1767139200000,"profit_abs":9.12034631,"wins":3,"draws":3,"losses":0,"trades":6,"profit_factor":0.0}],"weekday":[{"date":"Monday","date_ts":0,"profit_abs":0.0,"wins":0,"draws":1,"losses":0,"trades":1,"profit_factor":0.0},{"date":"Tuesday","date_ts":1,"profit_abs":0.15173832,"wins":1,"draws":0,"losses":0,"trades":1,"profit_factor":0.0},{"date":"Wednesday","date_ts":2,"profit_abs":0.0,"wins":0,"draws":1,"losses":0,"trades":1,"profit_factor":0.0},{"date":"Saturday","date_ts":5,"profit_abs":7.91813689,"wins":1,"draws":1,"losses":0,"trades":2,"profit_factor":0.0},{"date":"Sunday","date_ts":6,"profit_abs":1.0504711,"wins":1,"draws":0,"losses":0,"trades":1,"profit_factor":0.0}]},"backtest_best_day":0.02394405769964092,"backtest_worst_day":0.0,"backtest_best_day_abs":7.91813689,"backtest_worst_day_abs":0.0,"winning_days":3,"draw_days":40,"losing_days":0,"daily_profit":[["2025-10-11",0.0],["2025-10-12",1.0504711],["2025-10-13",0.0],["2025-10-14",0.15173832],["2025-10-15",0.0],["2025-10-16",0.0],["2025-10-17",0.0],["2025-10-18",0.0],["2025-10-19",0.0],["2025-10-20",0.0],["2025-10-21",0.0],["2025-10-22",0.0],["2025-10-23",0.0],["2025-10-24",0.0],["2025-10-25",0.0],["2025-10-26",0.0],["2025-10-27",0.0],["2025-10-28",0.0],["2025-10-29",0.0],["2025-10-30",0.0],["2025-10-31",0.0],["2025-11-01",0.0],["2025-11-02",0.0],["2025-11-03",0.0],["2025-11-04",0.0],["2025-11-05",0.0],["2025-11-06",0.0],["2025-11-07",0.0],["2025-11-08",0.0],["2025-11-09",0.0],["2025-11-10",0.0],["2025-11-11",0.0],["2025-11-12",0.0],["2025-11-13",0.0],["2025-11-14",0.0],["2025-11-15",0.0],["2025-11-16",0.0],["2025-11-17",0.0],["2025-11-18",0.0],["2025-11-19",0.0],["2025-11-20",0.0],["2025-11-21",0.0],["2025-11-22",7.91813689]],"wins":3,"losses":0,"draws":3,"winrate":0.5,"holding_avg":"2:40:00","holding_avg_s":9600.0,"winner_holding_min":"0d 02:00","winner_holding_min_s":7200.0,"winner_holding_max":"0d 02:00","winner_holding_max_s":7200.0,"winner_holding_avg":"0d 02:00","winner_holding_avg_s":7200.0,"loser_holding_min":"0d 00:00","loser_holding_min_s":0.0,"loser_holding_max":"0d 00:00","loser_holding_max_s":0.0,"loser_holding_avg":"0d 00:00","loser_holding_avg_s":0.0,"max_consecutive_wins":1,"max_consecutive_losses":1,"max_drawdown_account":0.0,"max_relative_drawdown":0.0,"max_drawdown_abs":0.0,"drawdown_start":"2025-10-11 15:00:00","drawdown_start_ts":1760194800000.0,"drawdown_end":"2025-10-11 15:00:00","drawdown_end_ts":1760194800000.0,"drawdown_duration":"0 days 00:00:00","drawdown_duration_s":0.0,"max_drawdown_low":0.0,"max_drawdown_high":0.0,"csum_min":1000.0,"csum_max":1009.12034631}},"strategy_comparison":[{"key":"ACO_29_16","trades":6,"profit_mean":0.004597293099018208,"profit_mean_pct":0.46,"profit_total_abs":9.12034631,"profit_total":0.009120346310000001,"profit_total_pct":0.91,"duration_avg":"2:40:00","wins":3,"draws":3,"losses":0,"winrate":0.5,"cagr":0.03475354148209253,"expectancy":1.5200577183333335,"expectancy_ratio":100.0,"sortino":-100,"sharpe":0.6225161769214465,"calmar":-100,"sqn":1.1779,"profit_factor":0.0,"max_drawdown_account":0.0,"max_drawdown_abs":"0"}]}