{"strategy":{"ACO_62_6":{"trades":[{"pair":"DOGE/USDT","stake_amount":329.7561,"max_stake_amount":329.7561,"amount":1307.0,"open_date":"2025-10-08 13:00:00+00:00","close_date":"2025-10-08 15:00:00+00:00","open_rate":0.2523,"close_rate":0.2528051051051051,"fee_open":0.001,"fee_close":0.001,"trade_duration":120,"profit_ratio":0.0,"profit_abs":0.0,"exit_reason":"roi","initial_stop_loss_abs":0.23969,"initial_stop_loss_ratio":-0.05,"stop_loss_abs":0.23969,"stop_loss_ratio":-0.05,"min_rate":0.24914,"max_rate":0.25678,"is_open":false,"enter_tag":"","leverage":1.0,"is_short":false,"open_timestamp":1759928400000,"close_timestamp":1759935600000,"orders":[{"amount":1307.0,"safe_price":0.2523,"ft_order_side":"buy","order_filled_timestamp":1759928400000,"ft_is_entry":true,"ft_order_tag":"","cost":330.08585609999994},{"amount":1307.0,"safe_price":0.2528051051051051,"ft_order_side":"sell","order_filled_timestamp":1759935600000,"ft_is_entry":false,"ft_order_tag":"roi","cost":330.7466886447448}],"funding_fees":0.0,"weekday":2},{"pair":"DOGE/USDT","stake_amount":329.93064,"max_stake_amount":329.93064,"amount":1313.0,"open_date":"2025-10-10 04:00:00+00:00","close_date":"2025-10-10 06:00:00+00:00","open_rate":0.25128,"close_rate":0.25199,"fee_open":0.001,"fee_close":0.001,"trade_duration":120,"profit_ratio":0.0008218858505391456,"profit_abs":0.27143649,"exit_reason":"roi","initial_stop_loss_abs":0.23872,"initial_stop_loss_ratio":-0.05,"stop_loss_abs":0.23872,"stop_loss_ratio":-0.05,"min_rate":0.24856,"max_rate":0.25296,"is_open":false,"enter_tag":"","leverage":1.0,"is_short":false,"open_timestamp":1760068800000,"close_timestamp":1760076000000,"orders":[{"amount":1313.0,"safe_price":0.25128,"ft_order_side":"buy","order_filled_timestamp":1760068800000,"ft_is_entry":true,"ft_order_tag":"","cost":330.26057063999997},{"amount":1313.0,"safe_price":0.25199,"ft_order_side":"sell","order_filled_timestamp":1760076000000,"ft_is_entry":false,"ft_order_tag":"roi","cost":331.19373286999996}],"funding_fees":0.0,"weekday":4},{"pair":"DOGE/USDT","stake_amount":329.95688,"max_stake_amount":329.95688,"amount":1562.0,"open_date":"2025-10-13 14:00:00+00:00","close_date":"2025-10-13 16:00:00+00:00","open_rate":0.21124,"close_rate":0.21166290290290288,"fee_open":0.001,"fee_close":0.001,"trade_duration":120,"profit_ratio":0.0,"profit_abs":0.0,"exit_reason":"roi","initial_stop_loss_abs":0.20068,"initial_stop_loss_ratio":-0.05,"stop_loss_abs":0.20068,"stop_loss_ratio":-0.05,"min_rate":0.20517,"max_rate":0.21192,"is_open":false,"enter_tag":"","leverage":1.0,"is_short":false,"open_timestamp":1760364000000,"close_timestamp":1760371200000,"orders":[{"amount":1562.0,"safe_price":0.21124,"ft_order_side":"buy","order_filled_timestamp":1760364000000,"ft_is_entry":true,"ft_order_tag":"","cost":330.28683687999995},{"amount":1562.0,"safe_price":0.21166290290290288,"ft_order_side":"sell","order_filled_timestamp":1760371200000,"ft_is_entry":false,"ft_order_tag":"roi","cost":330.9480717886686}],"funding_fees":0.0,"weekday":0},{"pair":"DOGE/USDT","stake_amount":330.0421,"max_stake_amount":330.0421,"amount":1670.0,"open_date":"2025-10-24 05:00:00+00:00","close_date":"2025-10-24 07:00:00+00:00","open_rate":0.19763,"close_rate":0.19837,"fee_open":0.001,"fee_close":0.001,"trade_duration":120,"profit_ratio":0.0017388875355783212,"profit_abs":0.57448,"exit_reason":"roi","initial_stop_loss_abs":0.18775,"initial_stop_loss_ratio":-0.05,"stop_loss_abs":0.18775,"stop_loss_ratio":-0.05,"min_rate":0.19608,"max_rate":0.19849,"is_open":false,"enter_tag":"","leverage":1.0,"is_short":false,"open_timestamp":1761282000000,"close_timestamp":1761289200000,"orders":[{"amount":1670.0,"safe_price":0.19763,"ft_order_side":"buy","order_filled_timestamp":1761282000000,"ft_is_entry":true,"ft_order_tag":"","cost":330.37214209999996},{"amount":1670.0,"safe_price":0.19837,"ft_order_side":"sell","order_filled_timestamp":1761289200000,"ft_is_entry":false,"ft_order_tag":"roi","cost":331.60917789999996}],"funding_fees":0.0,"weekday":4},{"pair":"DOGE/USDT","stake_amount":330.12417,"max_stake_amount":330.12417,"amount":1789.0,"open_date":"2025-10-31 04:00:00+00:00","close_date":"2025-10-31 06:00:00+00:00","open_rate":0.18453,"close_rate":0.18506,"fee_open":0.001,"fee_close":0.001,"trade_duration":120,"profit_ratio":0.0008684211252899271,"profit_abs":0.28697349,"exit_reason":"roi","initial_stop_loss_abs":0.17531,"initial_stop_loss_ratio":-0.05,"stop_loss_abs":0.17531,"stop_loss_ratio":-0.05,"min_rate":0.1842,"max_rate":0.18608,"is_open":false,"enter_tag":"","leverage":1.0,"is_short":false,"open_timestamp":1761883200000,"close_timestamp":1761890400000,"orders":[{"amount":1789.0,"safe_price":0.18453,"ft_order_side":"buy","order_filled_timestamp":1761883200000,"ft_is_entry":true,"ft_order_tag":"","cost":330.45429416999997},{"amount":1789.0,"safe_price":0.18506,"ft_order_side":"sell","order_filled_timestamp":1761890400000,"ft_is_entry":false,"ft_order_tag":"roi","cost":331.40341234}],"funding_fees":0.0,"weekday":4},{"pair":"DOGE/USDT","stake_amount":330.3374,"max_stake_amount":330.3374,"amount":1765.0,"open_date":"2025-11-01 11:00:00+00:00","close_date":"2025-11-01 15:00:00+00:00","open_rate":0.18716,"close_rate":0.1875346946946947,"fee_open":0.001,"fee_close":0.001,"trade_duration":240,"profit_ratio":0.0,"profit_abs":0.0,"exit_reason":"roi","initial_stop_loss_abs":0.17781,"initial_stop_loss_ratio":-0.05,"stop_loss_abs":0.17781,"stop_loss_ratio":-0.05,"min_rate":0.18544,"max_rate":0.18773,"is_open":false,"enter_tag":"","leverage":1.0,"is_short":false,"open_timestamp":1761994800000,"close_timestamp":1762009200000,"orders":[{"amount":1765.0,"safe_price":0.18716,"ft_order_side":"buy","order_filled_timestamp":1761994800000,"ft_is_entry":true,"ft_order_tag":"","cost":330.66773739999996},{"amount":1765.0,"safe_price":0.1875346946946947,"ft_order_side":"sell","order_filled_timestamp":1762009200000,"ft_is_entry":false,"ft_order_tag":"roi","cost":331.32973487227224}],"funding_fees":0.0,"weekday":5},{"pair":"DOGE/USDT","stake_amount":330.21824,"max_stake_amount":330.21824,"amount":1996.0,"open_date":"2025-11-16 10:00:00+00:00","close_date":"2025-11-16 16:00:00+00:00","open_rate":0.16544,"close_rate":0.15717,"fee_open":0.001,"fee_close":0.001,"trade_duration":360,"profit_ratio":-0.05188603707704288,"profit_abs":-17.15084956,"exit_reason":"stop_loss","initial_stop_loss_abs":0.15717,"initial_stop_loss_ratio":-0.05,"stop_loss_abs":0.15717,"stop_loss_ratio":-0.05,"min_rate":0.15567,"max_rate":0.16555,"is_open":false,"enter_tag":"","leverage":1.0,"is_short":false,"open_timestamp":1763287200000,"close_timestamp":1763308800000,"orders":[{"amount":1996.0,"safe_price":0.16544,"ft_order_side":"buy","order_filled_timestamp":1763287200000,"ft_is_entry":true,"ft_order_tag":"","cost":330.54845823999995},{"amount":1996.0,"safe_price":0.15717,"ft_order_side":"sell","order_filled_timestamp":1763308800000,"ft_is_entry":false,"ft_order_tag":"stop_loss","cost":314.02503132}],"funding_fees":0.0,"weekday":6},{"pair":"DOGE/USDT","stake_amount":324.602,"max_stake_amount":324.602,"amount":2180.0,"open_date":"2025-11-30 07:00:00+00:00","close_date":"2025-11-30 09:00:00+00:00","open_rate":0.1489,"close_rate":0.14923,"fee_open":0.001,"fee_close":0.001,"trade_duration":120,"profit_ratio":0.00021382244350679543,"profit_abs":0.0694766,"exit_reason":"roi","initial_stop_loss_abs":0.14146,"initial_stop_loss_ratio":-0.05,"stop_loss_abs":0.14146,"stop_loss_ratio":-0.05,"min_rate":0.14872,"max_rate":0.14988,"is_open":false,"enter_tag":"","leverage":1.0,"is_short":false,"open_timestamp":1764486000000,"close_timestamp":1764493200000,"orders":[{"amount":2180.0,"safe_price":0.1489,"ft_order_side":"buy","order_filled_timestamp":1764486000000,"ft_is_entry":true,"ft_order_tag":"","cost":324.926602},{"amount":2180.0,"safe_price":0.14923,"ft_order_side":"sell","order_filled_timestamp":1764493200000,"ft_is_entry":false,"ft_order_tag":"roi","cost":325.64672139999993}],"funding_fees":0.0,"weekday":6},{"pair":"DOGE/USDT","stake_amount":324.66168,"max_stake_amount":324.66168,"amount":2331.0,"open_date":"2025-12-06 08:00:00+00:00","close_date":"2025-12-06 11:00:00+00:00","open_rate":0.13928,"close_rate":0.13955883883883882,"fee_open":0.001,"fee_close":0.001,"trade_duration":180,"profit_ratio":0.0,"profit_abs":0.0,"exit_reason":"roi","initial_stop_loss_abs":0.13232,"initial_stop_loss_ratio":-0.05,"stop_loss_abs":0.13232,"stop_loss_ratio":-0.05,"min_rate":0.13836,"max_rate":0.13987,"is_open":false,"enter_tag":"","leverage":1.0,"is_short":false,"open_timestamp":1765008000000,"close_timestamp":1765018800000,"orders":[{"amount":2331.0,"safe_price":0.13928,"ft_order_side":"buy","order_filled_timestamp":1765008000000,"ft_is_entry":true,"ft_order_tag":"","cost":324.98634167999995},{"amount":2331.0,"safe_price":0.13955883883883882,"ft_order_side":"sell","order_filled_timestamp":1765018800000,"ft_is_entry":false,"ft_order_tag":"roi","cost":325.6369649866666}],"funding_fees":0.0,"weekday":5},{"pair":"DOGE/USDT","stake_amount":324.70438,"max_stake_amount":324.70438,"amount":2317.0,"open_date":"2025-12-07 06:00:00+00:00","close_date":"2025-12-07 17:00:00+00:00","open_rate":0.14014,"close_rate":0.14042056056056054,"fee_open":0.001,"fee_close":0.001,"trade_duration":660,"profit_ratio":0.0,"profit_abs":0.0,"exit_reason":"roi","initial_stop_loss_abs":0.13314,"initial_stop_loss_ratio":-0.05,"stop_loss_abs":0.13314,"stop_loss_ratio":-0.05,"min_rate":0.13486,"max_rate":0.1421,"is_open":false,"enter_tag":"","leverage":1.0,"is_short":false,"open_timestamp":1765087200000,"close_timestamp":1765126800000,"orders":[{"amount":2317.0,"safe_price":0.14014,"ft_order_side":"buy","order_filled_timestamp":1765087200000,"ft_is_entry":true,"ft_order_tag":"","cost":325.0290843799999},{"amount":2317.0,"safe_price":0.14042056056056054,"ft_order_side":"sell","order_filled_timestamp":1765126800000,"ft_is_entry":false,"ft_order_tag":"roi","cost":325.6797932576376}],"funding_fees":0.0,"weekday":6},{"pair":"DOGE/USDT","stake_amount":324.62775,"max_stake_amount":324.62775,"amount":2295.0,"open_date":"2025-12-07 18:00:00+00:00","close_date":"2025-12-07 20:00:00+00:00","open_rate":0.14145,"close_rate":0.1421,"fee_open":0.001,"fee_close":0.001,"trade_duration":120,"profit_ratio":0.0025880800005932563,"profit_abs":0.84100275,"exit_reason":"roi","initial_stop_loss_abs":0.13438,"initial_stop_loss_ratio":-0.05,"stop_loss_abs":0.13438,"stop_loss_ratio":-0.05,"min_rate":0.14126,"max_rate":0.14291,"is_open":false,"enter_tag":"","leverage":1.0,"is_short":false,"open_timestamp":1765130400000,"close_timestamp":1765137600000,"orders":[{"amount":2295.0,"safe_price":0.14145,"ft_order_side":"buy","order_filled_timestamp":1765130400000,"ft_is_entry":true,"ft_order_tag":"","cost":324.95237775},{"amount":2295.0,"safe_price":0.1421,"ft_order_side":"sell","order_filled_timestamp":1765137600000,"ft_is_entry":false,"ft_order_tag":"roi","cost":326.44561949999996}],"funding_fees":0.0,"weekday":6},{"pair":"DOGE/USDT","stake_amount":324.9323,"max_stake_amount":324.9323,"amount":2221.0,"open_date":"2025-12-09 16:00:00+00:00","close_date":"2025-12-09 18:00:00+00:00","open_rate":0.1463,"close_rate":0.15095,"fee_open":0.001,"fee_close":0.001,"trade_duration":120,"profit_ratio":0.029722498963783997,"profit_abs":9.66745775,"exit_reason":"roi","initial_stop_loss_abs":0.13899,"initial_stop_loss_ratio":-0.05,"stop_loss_abs":0.13899,"stop_loss_ratio":-0.05,"min_rate":0.1463,"max_rate":0.15319,"is_open":false,"enter_tag":"","leverage":1.0,"is_short":false,"open_timestamp":1765296000000,"close_timestamp":1765303200000,"orders":[{"amount":2221.0,"safe_price":0.1463,"ft_order_side":"buy","order_filled_timestamp":1765296000000,"ft_is_entry":true,"ft_order_tag":"","cost":325.2572323},{"amount":2221.0,"safe_price":0.15095,"ft_order_side":"sell","order_filled_timestamp":1765303200000,"ft_is_entry":false,"ft_order_tag":"roi","cost":335.59520994999997}],"funding_fees":0.0,"weekday":1},{"pair":"DOGE/USDT","stake_amount":328.13508,"max_stake_amount":328.13508,"amount":2388.0,"open_date":"2025-12-13 07:00:00+00:00","close_date":"2025-12-13 09:00:00+00:00","open_rate":0.13741,"close_rate":0.1384,"fee_open":0.001,"fee_close":0.001,"trade_duration":120,"profit_ratio":0.005192318779393956,"profit_abs":1.70548572,"exit_reason":"roi","initial_stop_loss_abs":0.13054,"initial_stop_loss_ratio":-0.05,"stop_loss_abs":0.13054,"stop_loss_ratio":-0.05,"min_rate":0.1374,"max_rate":0.13873,"is_open":false,"enter_tag":"","leverage":1.0,"is_short":false,"open_timestamp":1765609200000,"close_timestamp":1765616400000,"orders":[{"amount":2388.0,"safe_price":0.13741,"ft_order_side":"buy","order_filled_timestamp":1765609200000,"ft_is_entry":true,"ft_order_tag":"","cost":328.46321508},{"amount":2388.0,"safe_price":0.1384,"ft_order_side":"sell","order_filled_timestamp":1765616400000,"ft_is_entry":false,"ft_order_tag":"roi","cost":330.82969919999994}],"funding_fees":0.0,"weekday":5},{"pair":"DOGE/USDT","stake_amount":328.72223,"max_stake_amount":328.72223,"amount":2489.0,"open_date":"2025-12-20 14:00:00+00:00","close_date":"2025-12-20 18:00:00+00:00","open_rate":0.13207,"close_rate":0.1323344044044044,"fee_open":0.001,"fee_close":0.001,"trade_duration":240,"profit_ratio":0.0,"profit_abs":0.0,"exit_reason":"roi","initial_stop_loss_abs":0.12547,"initial_stop_loss_ratio":-0.05,"stop_loss_abs":0.12547,"stop_loss_ratio":-0.05,"min_rate":0.13122,"max_rate":0.13238,"is_open":false,"enter_tag":"","leverage":1.0,"is_short":false,"open_timestamp":1766239200000,"close_timestamp":1766253600000,"orders":[{"amount":2489.0,"safe_price":0.13207,"ft_order_side":"buy","order_filled_timestamp":1766239200000,"ft_is_entry":true,"ft_order_tag":"","cost":329.05095222999995},{"amount":2489.0,"safe_price":0.1323344044044044,"ft_order_side":"sell","order_filled_timestamp":1766253600000,"ft_is_entry":false,"ft_order_tag":"roi","cost":329.70971289512505}],"funding_fees":0.0,"weekday":5},{"pair":"DOGE/USDT","stake_amount":328.66254,"max_stake_amount":328.66254,"amount":2491.0,"open_date":"2025-12-21 01:00:00+00:00","close_date":"2025-12-21 08:00:00+00:00","open_rate":0.13194,"close_rate":0.13220414414414414,"fee_open":0.001,"fee_close":0.001,"trade_duration":420,"profit_ratio":0.0,"profit_abs":0.0,"exit_reason":"roi","initial_stop_loss_abs":0.12535,"initial_stop_loss_ratio":-0.05,"stop_loss_abs":0.12535,"stop_loss_ratio":-0.05,"min_rate":0.13049,"max_rate":0.13307,"is_open":false,"enter_tag":"","leverage":1.0,"is_short":false,"open_timestamp":1766278800000,"close_timestamp":1766304000000,"orders":[{"amount":2491.0,"safe_price":0.13194,"ft_order_side":"buy","order_filled_timestamp":1766278800000,"ft_is_entry":true,"ft_order_tag":"","cost":328.99120253999996},{"amount":2491.0,"safe_price":0.13220414414414414,"ft_order_side":"sell","order_filled_timestamp":1766304000000,"ft_is_entry":false,"ft_order_tag":"roi","cost":329.64984358612605}],"funding_fees":0.0,"weekday":6},{"pair":"DOGE/USDT","stake_amount":328.70475,"max_stake_amount":328.70475,"amount":2475.0,"open_date":"2025-12-21 09:00:00+00:00","close_date":"2025-12-22 00:00:00+00:00","open_rate":0.13281,"close_rate":0.13307588588588587,"fee_open":0.001,"fee_close":0.001,"trade_duration":900,"profit_ratio":0.0,"profit_abs":0.0,"exit_reason":"roi","initial_stop_loss_abs":0.12617,"initial_stop_loss_ratio":-0.05,"stop_loss_abs":0.12617,"stop_loss_ratio":-0.05,"min_rate":0.12871,"max_rate":0.13424,"is_open":false,"enter_tag":"","leverage":1.0,"is_short":false,"open_timestamp":1766307600000,"close_timestamp":1766361600000,"orders":[{"amount":2475.0,"safe_price":0.13281,"ft_order_side":"buy","order_filled_timestamp":1766307600000,"ft_is_entry":true,"ft_order_tag":"","cost":329.03345475000003},{"amount":2475.0,"safe_price":0.13307588588588587,"ft_order_side":"sell","order_filled_timestamp":1766361600000,"ft_is_entry":false,"ft_order_tag":"roi","cost":329.69218038513503}],"funding_fees":0.0,"weekday":0},{"pair":"DOGE/USDT","stake_amount":328.76416,"max_stake_amount":328.76416,"amount":2452.0,"open_date":"2025-12-22 15:00:00+00:00","close_date":"2025-12-22 18:00:00+00:00","open_rate":0.13408,"close_rate":0.13434842842842842,"fee_open":0.001,"fee_close":0.001,"trade_duration":180,"profit_ratio":0.0,"profit_abs":0.0,"exit_reason":"roi","initial_stop_loss_abs":0.12738,"initial_stop_loss_ratio":-0.05,"stop_loss_abs":0.12738,"stop_loss_ratio":-0.05,"min_rate":0.13267,"max_rate":0.1354,"is_open":false,"enter_tag":"","leverage":1.0,"is_short":false,"open_timestamp":1766415600000,"close_timestamp":1766426400000,"orders":[{"amount":2452.0,"safe_price":0.13408,"ft_order_side":"buy","order_filled_timestamp":1766415600000,"ft_is_entry":true,"ft_order_tag":"","cost":329.09292416},{"amount":2452.0,"safe_price":0.13434842842842842,"ft_order_side":"sell","order_filled_timestamp":1766426400000,"ft_is_entry":false,"ft_order_tag":"roi","cost":329.75176885301295}],"funding_fees":0.0,"weekday":0},{"pair":"DOGE/USDT","stake_amount":328.69308,"max_stake_amount":328.69308,"amount":2676.0,"open_date":"2025-12-27 06:00:00+00:00","close_date":"2025-12-27 11:00:00+00:00","open_rate":0.12283,"close_rate":0.12307590590590589,"fee_open":0.001,"fee_close":0.001,"trade_duration":300,"profit_ratio":0.0,"profit_abs":0.0,"exit_reason":"roi","initial_stop_loss_abs":0.11669,"initial_stop_loss_ratio":-0.05,"stop_loss_abs":0.11669,"stop_loss_ratio":-0.05,"min_rate":0.12204,"max_rate":0.12323,"is_open":false,"enter_tag":"","leverage":1.0,"is_short":false,"open_timestamp":1766815200000,"close_timestamp":1766833200000,"orders":[{"amount":2676.0,"safe_price":0.12283,"ft_order_side":"buy","order_filled_timestamp":1766815200000,"ft_is_entry":true,"ft_order_tag":"","cost":329.02177307999995},{"amount":2676.0,"safe_price":0.12307590590590589,"ft_order_side":"sell","order_filled_timestamp":1766833200000,"ft_is_entry":false,"ft_order_tag":"roi","cost":329.6804753284083}],"funding_fees":0.0,"weekday":5},{"pair":"DOGE/USDT","stake_amount":328.74278,"max_stake_amount":328.74278,"amount":2627.0,"open_date":"2025-12-29 01:00:00+00:00","close_date":"2025-12-29 03:00:00+00:00","open_rate":0.12514,"close_rate":0.12639,"fee_open":0.001,"fee_close":0.001,"trade_duration":120,"profit_ratio":0.007970852864571899,"profit_abs":2.62298069,"exit_reason":"roi","initial_stop_loss_abs":0.11889,"initial_stop_loss_ratio":-0.05,"stop_loss_abs":0.11889,"stop_loss_ratio":-0.05,"min_rate":0.12437,"max_rate":0.12777,"is_open":false,"enter_tag":"","leverage":1.0,"is_short":false,"open_timestamp":1766970000000,"close_timestamp":1766977200000,"orders":[{"amount":2627.0,"safe_price":0.12514,"ft_order_side":"buy","order_filled_timestamp":1766970000000,"ft_is_entry":true,"ft_order_tag":"","cost":329.07152277999995},{"amount":2627.0,"safe_price":0.12639,"ft_order_side":"sell","order_filled_timestamp":1766977200000,"ft_is_entry":false,"ft_order_tag":"roi","cost":332.35855652999993}],"funding_fees":0.0,"weekday":0},{"pair":"DOGE/USDT","stake_amount":329.52264,"max_stake_amount":329.52264,"amount":2676.0,"open_date":"2025-12-31 10:00:00+00:00","close_date":"2025-12-31 12:00:00+00:00","open_rate":0.12314,"close_rate":0.12342,"fee_open":0.001,"fee_close":0.001,"trade_duration":120,"profit_ratio":0.00027128953554160637,"profit_abs":0.08948544,"exit_reason":"roi","initial_stop_loss_abs":0.11699,"initial_stop_loss_ratio":-0.05,"stop_loss_abs":0.11699,"stop_loss_ratio":-0.05,"min_rate":0.12282,"max_rate":0.12361,"is_open":false,"enter_tag":"","leverage":1.0,"is_short":false,"open_timestamp":1767175200000,"close_timestamp":1767182400000,"orders":[{"amount":2676.0,"safe_price":0.12314,"ft_order_side":"buy","order_filled_timestamp":1767175200000,"ft_is_entry":true,"ft_order_tag":"","cost":329.85216263999996},{"amount":2676.0,"safe_price":0.12342,"ft_order_side":"sell","order_filled_timestamp":1767182400000,"ft_is_entry":false,"ft_order_tag":"roi","cost":330.60219192}],"funding_fees":0.0,"weekday":2},{"pair":"DOGE/USDT","stake_amount":329.62782,"max_stake_amount":329.62782,"amount":2738.0,"open_date":"2026-01-01 09:00:00+00:00","close_date":"2026-01-01 11:00:00+00:00","open_rate":0.12039,"close_rate":0.120631021021021,"fee_open":0.001,"fee_close":0.001,"trade_duration":120,"profit_ratio":0.0,"profit_abs":0.0,"exit_reason":"roi","initial_stop_loss_abs":0.11438,"initial_stop_loss_ratio":-0.05,"stop_loss_abs":0.11438,"stop_loss_ratio":-0.05,"min_rate":0.12021,"max_rate":0.12126,"is_open":false,"enter_tag":"","leverage":1.0,"is_short":false,"open_timestamp":1767258000000,"close_timestamp":1767265200000,"orders":[{"amount":2738.0,"safe_price":0.12039,"ft_order_side":"buy","order_filled_timestamp":1767258000000,"ft_is_entry":true,"ft_order_tag":"","cost":329.95744781999997},{"amount":2738.0,"safe_price":0.120631021021021,"ft_order_side":"sell","order_filled_timestamp":1767265200000,"ft_is_entry":false,"ft_order_tag":"roi","cost":330.618023291111}],"funding_fees":0.0,"weekday":3},{"pair":"DOGE/USDT","stake_amount":329.52817,"max_stake_amount":329.52817,"amount":2159.0,"open_date":"2026-01-06 15:00:00+00:00","close_date":"2026-01-06 16:00:00+00:00","open_rate":0.15263,"close_rate":0.145,"fee_open":0.001,"fee_close":0.001,"trade_duration":60,"profit_ratio":-0.051888293845969276,"profit_abs":-17.11575317,"exit_reason":"stop_loss","initial_stop_loss_abs":0.145,"initial_stop_loss_ratio":-0.05,"stop_loss_abs":0.145,"stop_loss_ratio":-0.05,"min_rate":0.14417,"max_rate":0.15353,"is_open":false,"enter_tag":"","leverage":1.0,"is_short":false,"open_timestamp":1767711600000,"close_timestamp":1767715200000,"orders":[{"amount":2159.0,"safe_price":0.15263,"ft_order_side":"buy","order_filled_timestamp":1767711600000,"ft_is_entry":true,"ft_order_tag":"","cost":329.85769816999994},{"amount":2159.0,"safe_price":0.145,"ft_order_side":"sell","order_filled_timestamp":1767715200000,"ft_is_entry":false,"ft_order_tag":"stop_loss","cost":313.36805499999997}],"funding_fees":0.0,"weekday":1}],"locks":[],"best_pair":{"key":"DOGE/USDT","trades":22,"profit_mean":-0.002472103355646057,"profit_mean_pct":-0.25,"profit_total_abs":-18.137823800000003,"profit_total":-0.018137823800000005,"profit_total_pct":-1.81,"duration_avg":"3:46:00","wins":9,"draws":11,"losses":2,"winrate":0.4090909090909091,"cagr":-0.0665586258997507,"expectancy":-0.8244465363636364,"expectancy_ratio":-0.5481195374318122,"sortino":-203.57639751939942,"sharpe":-0.644176242667218,"calmar":-18.558967229549058,"sqn":-0.6813,"profit_factor":0.4706850882500659,"max_drawdown_account":0.01924890688626254,"max_drawdown_abs":19.27071378},"worst_pair":{"key":"DOGE/USDT","trades":22,"profit_mean":-0.002472103355646057,"profit_mean_pct":-0.25,"profit_total_abs":-18.137823800000003,"profit_total":-0.018137823800000005,"profit_total_pct":-1.81,"duration_avg":"3:46:00","wins":9,"draws":11,"losses":2,"winrate":0.4090909090909091,"cagr":-0.0665586258997507,"expectancy":-0.8244465363636364,"expectancy_ratio":-0.5481195374318122,"sortino":-203.57639751939942,"sharpe":-0.644176242667218,"calmar":-18.558967229549058,"sqn":-0.6813,"profit_factor":0.4706850882500659,"max_drawdown_account":0.01924890688626254,"max_drawdown_abs":19.27071378},"results_per_pair":[{"key":"DOGE/USDT","trades":22,"profit_mean":-0.002472103355646057,"profit_mean_pct":-0.25,"profit_total_abs":-18.137823800000003,"profit_total":-0.018137823800000005,"profit_total_pct":-1.81,"duration_avg":"3:46:00","wins":9,"draws":11,"losses":2,"winrate":0.4090909090909091,"cagr":-0.0665586258997507,"expectancy":-0.8244465363636364,"expectancy_ratio":-0.5481195374318122,"sortino":-203.57639751939942,"sharpe":-0.644176242667218,"calmar":-18.558967229549058,"sqn":-0.6813,"profit_factor":0.4706850882500659,"max_drawdown_account":0.01924890688626254,"max_drawdown_abs":19.27071378},{"key":"TOTAL","trades":22,"profit_mean":-0.002472103355646057,"profit_mean_pct":-0.25,"profit_total_abs":-18.137823800000003,"profit_total":-0.018137823800000005,"profit_total_pct":-1.81,"duration_avg":"3:46:00","wins":9,"draws":11,"losses":2,"winrate":0.4090909090909091,"cagr":-0.0665586258997507,"expectancy":-0.8244465363636364,"expectancy_ratio":-0.5481195374318122,"sortino":-203.57639751939942,"sharpe":-0.644176242667218,"calmar":-18.558967229549058,"sqn":-0.6813,"profit_factor":0.4706850882500659,"max_drawdown_account":0.01924890688626254,"max_drawdown_abs":19.27071378}],"results_per_enter_tag":[{"key":"","trades":22,"profit_mean":-0.002472103355646057,"profit_mean_pct":-0.25,"profit_total_abs":-18.137823800000003,"profit_total":-0.018137823800000005,"profit_total_pct":-1.81,"duration_avg":"3:46:00","wins":9,"draws":11,"losses":2,"winrate":0.4090909090909091,"cagr":-0.0665586258997507,"expectancy":-0.8244465363636364,"expectancy_ratio":-0.5481195374318122,"sortino":-203.57639751939942,"sharpe":-0.644176242667218,"calmar":-18.558967229549058,"sqn":-0.6813,"profit_factor":0.4706850882500659,"max_drawdown_account":0.01924890688626254,"max_drawdown_abs":19.27071378},{"key":"TOTAL","trades":22,"profit_mean":-0.002472103355646057,"profit_mean_pct":-0.25,"profit_total_abs":-18.137823800000003,"profit_total":-0.018137823800000005,"profit_total_pct":-1.81,"duration_avg":"3:46:00","wins":9,"draws":11,"losses":2,"winrate":0.4090909090909091,"cagr":-0.0665586258997507,"expectancy":-0.8244465363636364,"expectancy_ratio":-0.5481195374318122,"sortino":-203.57639751939942,"sharpe":-0.644176242667218,"calmar":-18.558967229549058,"sqn":-0.6813,"profit_factor":0.4706850882500659,"max_drawdown_account":0.01924890688626254,"max_drawdown_abs":19.27071378}],"exit_reason_summary":[{"key":"roi","trades":20,"profit_mean":0.002469402854939945,"profit_mean_pct":0.25,"profit_total_abs":16.12877893,"profit_total":0.01612877893,"profit_total_pct":1.61,"duration_avg":"3:48:00","wins":9,"draws":11,"losses":0,"winrate":0.45,"cagr":0.06205587231390153,"expectancy":0.8064389464999999,"expectancy_ratio":100.0,"sortino":-100,"sharpe":1.4856094990198225,"calmar":-100,"sqn":1.6439,"profit_factor":0.0,"max_drawdown_account":0.0,"max_drawdown_abs":0.0},{"key":"stop_loss","trades":2,"profit_mean":-0.05188716546150608,"profit_mean_pct":-5.19,"profit_total_abs":-34.26660273,"profit_total":-0.034266602730000005,"profit_total_pct":-3.43,"duration_avg":"3:30:00","wins":0,"draws":0,"losses":2,"winrate":0.0,"cagr":-0.12295969711771593,"expectancy":-17.133301365,"expectancy_ratio":-1.0,"sortino":-384.60355640911104,"sharpe":-384.60355640911104,"calmar":-19.69584863354925,"sqn":-976.3569,"profit_factor":0.0,"max_drawdown_account":0.03426660273000005,"max_drawdown_abs":34.26660273},{"key":"TOTAL","trades":22,"profit_mean":-0.002472103355646057,"profit_mean_pct":-0.25,"profit_total_abs":-18.137823800000003,"profit_total":-0.018137823800000005,"profit_total_pct":-1.81,"duration_avg":"3:46:00","wins":9,"draws":11,"losses":2,"winrate":0.4090909090909091,"cagr":-0.0665586258997507,"expectancy":-0.8244465363636364,"expectancy_ratio":-0.5481195374318122,"sortino":-203.57639751939942,"sharpe":-0.644176242667218,"calmar":-18.558967229549058,"sqn":-0.6813,"profit_factor":0.4706850882500659,"max_drawdown_account":0.01924890688626254,"max_drawdown_abs":19.27071378}],"mix_tag_stats":[{"key":["","roi"],"trades":20,"profit_mean":0.002469402854939945,"profit_mean_pct":0.25,"profit_total_abs":16.12877893,"profit_total":0.01612877893,"profit_total_pct":1.61,"duration_avg":"3:48:00","wins":9,"draws":11,"losses":0,"winrate":0.45,"cagr":0.06205587231390153,"expectancy":0.8064389464999999,"expectancy_ratio":100.0,"sortino":-100,"sharpe":1.4856094990198225,"calmar":-100,"sqn":1.6439,"profit_factor":0.0,"max_drawdown_account":0.0,"max_drawdown_abs":0.0},{"key":["","stop_loss"],"trades":2,"profit_mean":-0.05188716546150608,"profit_mean_pct":-5.19,"profit_total_abs":-34.26660273,"profit_total":-0.034266602730000005,"profit_total_pct":-3.43,"duration_avg":"3:30:00","wins":0,"draws":0,"losses":2,"winrate":0.0,"cagr":-0.12295969711771593,"expectancy":-17.133301365,"expectancy_ratio":-1.0,"sortino":-384.60355640911104,"sharpe":-384.60355640911104,"calmar":-19.69584863354925,"sqn":-976.3569,"profit_factor":0.0,"max_drawdown_account":0.03426660273000005,"max_drawdown_abs":34.26660273},{"key":"TOTAL","trades":22,"profit_mean":-0.002472103355646057,"profit_mean_pct":-0.25,"profit_total_abs":-18.137823800000003,"profit_total":-0.018137823800000005,"profit_total_pct":-1.81,"duration_avg":"3:46:00","wins":9,"draws":11,"losses":2,"winrate":0.4090909090909091,"cagr":-0.0665586258997507,"expectancy":-0.8244465363636364,"expectancy_ratio":-0.5481195374318122,"sortino":-203.57639751939942,"sharpe":-0.644176242667218,"calmar":-18.558967229549058,"sqn":-0.6813,"profit_factor":0.4706850882500659,"max_drawdown_account":0.01924890688626254,"max_drawdown_abs":19.27071378}],"left_open_trades":[{"key":"TOTAL","trades":0,"profit_mean":0.0,"profit_mean_pct":0.0,"profit_total_abs":0.0,"profit_total":0.0,"profit_total_pct":0.0,"duration_avg":"0:00","wins":0,"draws":0,"losses":0,"winrate":0.0,"cagr":0.0,"expectancy":0.0,"expectancy_ratio":100.0,"sortino":0,"sharpe":0,"calmar":0,"sqn":0.0,"profit_factor":0.0,"max_drawdown_account":0.0,"max_drawdown_abs":0.0}],"total_trades":22,"trade_count_long":22,"trade_count_short":0,"total_volume":14456.740552708907,"avg_stake_amount":328.3180404545454,"profit_mean":-0.002472103355646057,"profit_median":0.0,"profit_total":-0.018137823800000005,"profit_total_long":-0.018137823800000005,"profit_total_short":0.0,"profit_total_abs":-18.137823800000003,"profit_total_long_abs":-18.137823800000003,"profit_total_short_abs":0.0,"cagr":-0.0665586258997507,"expectancy":-0.8244465363636364,"expectancy_ratio":-0.5481195374318122,"sortino":-203.57639751939942,"sharpe":-0.644176242667218,"calmar":-18.558967229549058,"sqn":-0.6813,"profit_factor":0.4706850882500659,"backtest_start":"2025-10-01 00:00:00","backtest_start_ts":1759276800000,"backtest_end":"2026-01-06 20:00:00","backtest_end_ts":1767729600000,"backtest_days":97,"backtest_run_start_ts":1767745678,"backtest_run_end_ts":1767745678,"trades_per_day":0.23,"market_change":-0.36632086436227446,"pairlist":["DOGE/USDT"],"stake_amount":"unlimited","stake_currency":"USDT","stake_currency_decimals":3,"starting_balance":1000,"dry_run_wallet":1000,"final_balance":981.8621762,"rejected_signals":0,"timedout_entry_orders":0,"timedout_exit_orders":0,"canceled_trade_entries":0,"canceled_entry_orders":0,"replaced_entry_orders":0,"max_open_trades":1,"max_open_trades_setting":3,"timeframe":"1h","timeframe_detail":"","timerange":"20251001-","enable_protections":false,"strategy_name":"ACO_62_6","freqaimodel":null,"freqai_identifier":null,"stoploss":-0.05,"trailing_stop":false,"trailing_stop_positive":null,"trailing_stop_positive_offset":0.0,"trailing_only_offset_is_reached":false,"use_custom_stoploss":false,"minimal_roi":{"0":0.1,"60":0.05,"120":0.0},"use_exit_signal":true,"exit_profit_only":false,"exit_profit_offset":0.0,"ignore_roi_if_entry_signal":false,"trading_mode":"spot","margin_mode":"","periodic_breakdown":{"day":[{"date":"08/10/2025","date_ts":1759881600000,"profit_abs":0.0,"wins":0,"draws":1,"losses":0,"trades":1,"profit_factor":0.0},{"date":"09/10/2025","date_ts":1759968000000,"profit_abs":0.0,"wins":0,"draws":0,"losses":0,"trades":0,"profit_factor":0.0},{"date":"10/10/2025","date_ts":1760054400000,"profit_abs":0.27143649,"wins":1,"draws":0,"losses":0,"trades":1,"profit_factor":0.0},{"date":"11/10/2025","date_ts":1760140800000,"profit_abs":0.0,"wins":0,"draws":0,"losses":0,"trades":0,"profit_factor":0.0},{"date":"12/10/2025","date_ts":1760227200000,"profit_abs":0.0,"wins":0,"draws":0,"losses":0,"trades":0,"profit_factor":0.0},{"date":"13/10/2025","date_ts":1760313600000,"profit_abs":0.0,"wins":0,"draws":1,"losses":0,"trades":1,"profit_factor":0.0},{"date":"14/10/2025","date_ts":1760400000000,"profit_abs":0.0,"wins":0,"draws":0,"losses":0,"trades":0,"profit_factor":0.0},{"date":"15/10/2025","date_ts":1760486400000,"profit_abs":0.0,"wins":0,"draws":0,"losses":0,"trades":0,"profit_factor":0.0},{"date":"16/10/2025","date_ts":1760572800000,"profit_abs":0.0,"wins":0,"draws":0,"losses":0,"trades":0,"profit_factor":0.0},{"date":"17/10/2025","date_ts":1760659200000,"profit_abs":0.0,"wins":0,"draws":0,"losses":0,"trades":0,"profit_factor":0.0},{"date":"18/10/2025","date_ts":1760745600000,"profit_abs":0.0,"wins":0,"draws":0,"losses":0,"trades":0,"profit_factor":0.0},{"date":"19/10/2025","date_ts":1760832000000,"profit_abs":0.0,"wins":0,"draws":0,"losses":0,"trades":0,"profit_factor":0.0},{"date":"20/10/2025","date_ts":1760918400000,"profit_abs":0.0,"wins":0,"draws":0,"losses":0,"trades":0,"profit_factor":0.0},{"date":"21/10/2025","date_ts":1761004800000,"profit_abs":0.0,"wins":0,"draws":0,"losses":0,"trades":0,"profit_factor":0.0},{"date":"22/10/2025","date_ts":1761091200000,"profit_abs":0.0,"wins":0,"draws":0,"losses":0,"trades":0,"profit_factor":0.0},{"date":"23/10/2025","date_ts":1761177600000,"profit_abs":0.0,"wins":0,"draws":0,"losses":0,"trades":0,"profit_factor":0.0},{"date":"24/10/2025","date_ts":1761264000000,"profit_abs":0.57448,"wins":1,"draws":0,"losses":0,"trades":1,"profit_factor":0.0},{"date":"25/10/2025","date_ts":1761350400000,"profit_abs":0.0,"wins":0,"draws":0,"losses":0,"trades":0,"profit_factor":0.0},{"date":"26/10/2025","date_ts":1761436800000,"profit_abs":0.0,"wins":0,"draws":0,"losses":0,"trades":0,"profit_factor":0.0},{"date":"27/10/2025","date_ts":1761523200000,"profit_abs":0.0,"wins":0,"draws":0,"losses":0,"trades":0,"profit_factor":0.0},{"date":"28/10/2025","date_ts":1761609600000,"profit_abs":0.0,"wins":0,"draws":0,"losses":0,"trades":0,"profit_factor":0.0},{"date":"29/10/2025","date_ts":1761696000000,"profit_abs":0.0,"wins":0,"draws":0,"losses":0,"trades":0,"profit_factor":0.0},{"date":"30/10/2025","date_ts":1761782400000,"profit_abs":0.0,"wins":0,"draws":0,"losses":0,"trades":0,"profit_factor":0.0},{"date":"31/10/2025","date_ts":1761868800000,"profit_abs":0.28697349,"wins":1,"draws":0,"losses":0,"trades":1,"profit_factor":0.0},{"date":"01/11/2025","date_ts":1761955200000,"profit_abs":0.0,"wins":0,"draws":1,"losses":0,"trades":1,"profit_factor":0.0},{"date":"02/11/2025","date_ts":1762041600000,"profit_abs":0.0,"wins":0,"draws":0,"losses":0,"trades":0,"profit_factor":0.0},{"date":"03/11/2025","date_ts":1762128000000,"profit_abs":0.0,"wins":0,"draws":0,"losses":0,"trades":0,"profit_factor":0.0},{"date":"04/11/2025","date_ts":1762214400000,"profit_abs":0.0,"wins":0,"draws":0,"losses":0,"trades":0,"profit_factor":0.0},{"date":"05/11/2025","date_ts":1762300800000,"profit_abs":0.0,"wins":0,"draws":0,"losses":0,"trades":0,"profit_factor":0.0},{"date":"06/11/2025","date_ts":1762387200000,"profit_abs":0.0,"wins":0,"draws":0,"losses":0,"trades":0,"profit_factor":0.0},{"date":"07/11/2025","date_ts":1762473600000,"profit_abs":0.0,"wins":0,"draws":0,"losses":0,"trades":0,"profit_factor":0.0},{"date":"08/11/2025","date_ts":1762560000000,"profit_abs":0.0,"wins":0,"draws":0,"losses":0,"trades":0,"profit_factor":0.0},{"date":"09/11/2025","date_ts":1762646400000,"profit_abs":0.0,"wins":0,"draws":0,"losses":0,"trades":0,"profit_factor":0.0},{"date":"10/11/2025","date_ts":1762732800000,"profit_abs":0.0,"wins":0,"draws":0,"losses":0,"trades":0,"profit_factor":0.0},{"date":"11/11/2025","date_ts":1762819200000,"profit_abs":0.0,"wins":0,"draws":0,"losses":0,"trades":0,"profit_factor":0.0},{"date":"12/11/2025","date_ts":1762905600000,"profit_abs":0.0,"wins":0,"draws":0,"losses":0,"trades":0,"profit_factor":0.0},{"date":"13/11/2025","date_ts":1762992000000,"profit_abs":0.0,"wins":0,"draws":0,"losses":0,"trades":0,"profit_factor":0.0},{"date":"14/11/2025","date_ts":1763078400000,"profit_abs":0.0,"wins":0,"draws":0,"losses":0,"trades":0,"profit_factor":0.0},{"date":"15/11/2025","date_ts":1763164800000,"profit_abs":0.0,"wins":0,"draws":0,"losses":0,"trades":0,"profit_factor":0.0},{"date":"16/11/2025","date_ts":1763251200000,"profit_abs":-17.15084956,"wins":0,"draws":0,"losses":1,"trades":1,"profit_factor":0.0},{"date":"17/11/2025","date_ts":1763337600000,"profit_abs":0.0,"wins":0,"draws":0,"losses":0,"trades":0,"profit_factor":0.0},{"date":"18/11/2025","date_ts":1763424000000,"profit_abs":0.0,"wins":0,"draws":0,"losses":0,"trades":0,"profit_factor":0.0},{"date":"19/11/2025","date_ts":1763510400000,"profit_abs":0.0,"wins":0,"draws":0,"losses":0,"trades":0,"profit_factor":0.0},{"date":"20/11/2025","date_ts":1763596800000,"profit_abs":0.0,"wins":0,"draws":0,"losses":0,"trades":0,"profit_factor":0.0},{"date":"21/11/2025","date_ts":1763683200000,"profit_abs":0.0,"wins":0,"draws":0,"losses":0,"trades":0,"profit_factor":0.0},{"date":"22/11/2025","date_ts":1763769600000,"profit_abs":0.0,"wins":0,"draws":0,"losses":0,"trades":0,"profit_factor":0.0},{"date":"23/11/2025","date_ts":1763856000000,"profit_abs":0.0,"wins":0,"draws":0,"losses":0,"trades":0,"profit_factor":0.0},{"date":"24/11/2025","date_ts":1763942400000,"profit_abs":0.0,"wins":0,"draws":0,"losses":0,"trades":0,"profit_factor":0.0},{"date":"25/11/2025","date_ts":1764028800000,"profit_abs":0.0,"wins":0,"draws":0,"losses":0,"trades":0,"profit_factor":0.0},{"date":"26/11/2025","date_ts":1764115200000,"profit_abs":0.0,"wins":0,"draws":0,"losses":0,"trades":0,"profit_factor":0.0},{"date":"27/11/2025","date_ts":1764201600000,"profit_abs":0.0,"wins":0,"draws":0,"losses":0,"trades":0,"profit_factor":0.0},{"date":"28/11/2025","date_ts":1764288000000,"profit_abs":0.0,"wins":0,"draws":0,"losses":0,"trades":0,"profit_factor":0.0},{"date":"29/11/2025","date_ts":1764374400000,"profit_abs":0.0,"wins":0,"draws":0,"losses":0,"trades":0,"profit_factor":0.0},{"date":"30/11/2025","date_ts":1764460800000,"profit_abs":0.0694766,"wins":1,"draws":0,"losses":0,"trades":1,"profit_factor":0.0},{"date":"01/12/2025","date_ts":1764547200000,"profit_abs":0.0,"wins":0,"draws":0,"losses":0,"trades":0,"profit_factor":0.0},{"date":"02/12/2025","date_ts":1764633600000,"profit_abs":0.0,"wins":0,"draws":0,"losses":0,"trades":0,"profit_factor":0.0},{"date":"03/12/2025","date_ts":1764720000000,"profit_abs":0.0,"wins":0,"draws":0,"losses":0,"trades":0,"profit_factor":0.0},{"date":"04/12/2025","date_ts":1764806400000,"profit_abs":0.0,"wins":0,"draws":0,"losses":0,"trades":0,"profit_factor":0.0},{"date":"05/12/2025","date_ts":1764892800000,"profit_abs":0.0,"wins":0,"draws":0,"losses":0,"trades":0,"profit_factor":0.0},{"date":"06/12/2025","date_ts":1764979200000,"profit_abs":0.0,"wins":0,"draws":1,"losses":0,"trades":1,"profit_factor":0.0},{"date":"07/12/2025","date_ts":1765065600000,"profit_abs":0.84100275,"wins":1,"draws":1,"losses":0,"trades":2,"profit_factor":0.0},{"date":"08/12/2025","date_ts":1765152000000,"profit_abs":0.0,"wins":0,"draws":0,"losses":0,"trades":0,"profit_factor":0.0},{"date":"09/12/2025","date_ts":1765238400000,"profit_abs":9.66745775,"wins":1,"draws":0,"losses":0,"trades":1,"profit_factor":0.0},{"date":"10/12/2025","date_ts":1765324800000,"profit_abs":0.0,"wins":0,"draws":0,"losses":0,"trades":0,"profit_factor":0.0},{"date":"11/12/2025","date_ts":1765411200000,"profit_abs":0.0,"wins":0,"draws":0,"losses":0,"trades":0,"profit_factor":0.0},{"date":"12/12/2025","date_ts":1765497600000,"profit_abs":0.0,"wins":0,"draws":0,"losses":0,"trades":0,"profit_factor":0.0},{"date":"13/12/2025","date_ts":1765584000000,"profit_abs":1.70548572,"wins":1,"draws":0,"losses":0,"trades":1,"profit_factor":0.0},{"date":"14/12/2025","date_ts":1765670400000,"profit_abs":0.0,"wins":0,"draws":0,"losses":0,"trades":0,"profit_factor":0.0},{"date":"15/12/2025","date_ts":1765756800000,"profit_abs":0.0,"wins":0,"draws":0,"losses":0,"trades":0,"profit_factor":0.0},{"date":"16/12/2025","date_ts":1765843200000,"profit_abs":0.0,"wins":0,"draws":0,"losses":0,"trades":0,"profit_factor":0.0},{"date":"17/12/2025","date_ts":1765929600000,"profit_abs":0.0,"wins":0,"draws":0,"losses":0,"trades":0,"profit_factor":0.0},{"date":"18/12/2025","date_ts":1766016000000,"profit_abs":0.0,"wins":0,"draws":0,"losses":0,"trades":0,"profit_factor":0.0},{"date":"19/12/2025","date_ts":1766102400000,"profit_abs":0.0,"wins":0,"draws":0,"losses":0,"trades":0,"profit_factor":0.0},{"date":"20/12/2025","date_ts":1766188800000,"profit_abs":0.0,"wins":0,"draws":1,"losses":0,"trades":1,"profit_factor":0.0},{"date":"21/12/2025","date_ts":1766275200000,"profit_abs":0.0,"wins":0,"draws":1,"losses":0,"trades":1,"profit_factor":0.0},{"date":"22/12/2025","date_ts":1766361600000,"profit_abs":0.0,"wins":0,"draws":2,"losses":0,"trades":2,"profit_factor":0.0},{"date":"23/12/2025","date_ts":1766448000000,"profit_abs":0.0,"wins":0,"draws":0,"losses":0,"trades":0,"profit_factor":0.0},{"date":"24/12/2025","date_ts":1766534400000,"profit_abs":0.0,"wins":0,"draws":0,"losses":0,"trades":0,"profit_factor":0.0},{"date":"25/12/2025","date_ts":1766620800000,"profit_abs":0.0,"wins":0,"draws":0,"losses":0,"trades":0,"profit_factor":0.0},{"date":"26/12/2025","date_ts":1766707200000,"profit_abs":0.0,"wins":0,"draws":0,"losses":0,"trades":0,"profit_factor":0.0},{"date":"27/12/2025","date_ts":1766793600000,"profit_abs":0.0,"wins":0,"draws":1,"losses":0,"trades":1,"profit_factor":0.0},{"date":"28/12/2025","date_ts":1766880000000,"profit_abs":0.0,"wins":0,"draws":0,"losses":0,"trades":0,"profit_factor":0.0},{"date":"29/12/2025","date_ts":1766966400000,"profit_abs":2.62298069,"wins":1,"draws":0,"losses":0,"trades":1,"profit_factor":0.0},{"date":"30/12/2025","date_ts":1767052800000,"profit_abs":0.0,"wins":0,"draws":0,"losses":0,"trades":0,"profit_factor":0.0},{"date":"31/12/2025","date_ts":1767139200000,"profit_abs":0.08948544,"wins":1,"draws":0,"losses":0,"trades":1,"profit_factor":0.0},{"date":"01/01/2026","date_ts":1767225600000,"profit_abs":0.0,"wins":0,"draws":1,"losses":0,"trades":1,"profit_factor":0.0},{"date":"02/01/2026","date_ts":1767312000000,"profit_abs":0.0,"wins":0,"draws":0,"losses":0,"trades":0,"profit_factor":0.0},{"date":"03/01/2026","date_ts":1767398400000,"profit_abs":0.0,"wins":0,"draws":0,"losses":0,"trades":0,"profit_factor":0.0},{"date":"04/01/2026","date_ts":1767484800000,"profit_abs":0.0,"wins":0,"draws":0,"losses":0,"trades":0,"profit_factor":0.0},{"date":"05/01/2026","date_ts":1767571200000,"profit_abs":0.0,"wins":0,"draws":0,"losses":0,"trades":0,"profit_factor":0.0},{"date":"06/01/2026","date_ts":1767657600000,"profit_abs":-17.11575317,"wins":0,"draws":0,"losses":1,"trades":1,"profit_factor":0.0}],"week":[{"date":"13/10/2025","date_ts":1760313600000,"profit_abs":0.27143649,"wins":1,"draws":2,"losses":0,"trades":3,"profit_factor":0.0},{"date":"20/10/2025","date_ts":1760918400000,"profit_abs":0.0,"wins":0,"draws":0,"losses":0,"trades":0,"profit_factor":0.0},{"date":"27/10/2025","date_ts":1761523200000,"profit_abs":0.57448,"wins":1,"draws":0,"losses":0,"trades":1,"profit_factor":0.0},{"date":"03/11/2025","date_ts":1762128000000,"profit_abs":0.28697349,"wins":1,"draws":1,"losses":0,"trades":2,"profit_factor":0.0},{"date":"10/11/2025","date_ts":1762732800000,"profit_abs":0.0,"wins":0,"draws":0,"losses":0,"trades":0,"profit_factor":0.0},{"date":"17/11/2025","date_ts":1763337600000,"profit_abs":-17.15084956,"wins":0,"draws":0,"losses":1,"trades":1,"profit_factor":0.0},{"date":"24/11/2025","date_ts":1763942400000,"profit_abs":0.0,"wins":0,"draws":0,"losses":0,"trades":0,"profit_factor":0.0},{"date":"01/12/2025","date_ts":1764547200000,"profit_abs":0.0694766,"wins":1,"draws":0,"losses":0,"trades":1,"profit_factor":0.0},{"date":"08/12/2025","date_ts":1765152000000,"profit_abs":0.84100275,"wins":1,"draws":2,"losses":0,"trades":3,"profit_factor":0.0},{"date":"15/12/2025","date_ts":1765756800000,"profit_abs":11.37294347,"wins":2,"draws":0,"losses":0,"trades":2,"profit_factor":0.0},{"date":"22/12/2025","date_ts":1766361600000,"profit_abs":0.0,"wins":0,"draws":4,"losses":0,"trades":4,"profit_factor":0.0},{"date":"29/12/2025","date_ts":1766966400000,"profit_abs":2.62298069,"wins":1,"draws":1,"losses":0,"trades":2,"profit_factor":0.0},{"date":"05/01/2026","date_ts":1767571200000,"profit_abs":0.08948544,"wins":1,"draws":1,"losses":0,"trades":2,"profit_factor":0.0},{"date":"12/01/2026","date_ts":1768176000000,"profit_abs":-17.11575317,"wins":0,"draws":0,"losses":1,"trades":1,"profit_factor":0.0}],"month":[{"date":"31/10/2025","date_ts":1761868800000,"profit_abs":1.13288998,"wins":3,"draws":2,"losses":0,"trades":5,"profit_factor":0.0},{"date":"30/11/2025","date_ts":1764460800000,"profit_abs":-17.08137296,"wins":1,"draws":1,"losses":1,"trades":3,"profit_factor":0.00405091},{"date":"31/12/2025","date_ts":1767139200000,"profit_abs":14.92641235,"wins":5,"draws":7,"losses":0,"trades":12,"profit_factor":0.0},{"date":"31/01/2026","date_ts":1769817600000,"profit_abs":-17.11575317,"wins":0,"draws":1,"losses":1,"trades":2,"profit_factor":0.0}],"year":[{"date":"31/12/2025","date_ts":1767139200000,"profit_abs":-1.02207063,"wins":9,"draws":10,"losses":1,"trades":20,"profit_factor":0.940407},{"date":"31/12/2026","date_ts":1798675200000,"profit_abs":-17.11575317,"wins":0,"draws":1,"losses":1,"trades":2,"profit_factor":0.0}],"weekday":[{"date":"Monday","date_ts":0,"profit_abs":2.62298069,"wins":1,"draws":3,"losses":0,"trades":4,"profit_factor":0.0},{"date":"Tuesday","date_ts":1,"profit_abs":-7.44829542,"wins":1,"draws":0,"losses":1,"trades":2,"profit_factor":0.56482807},{"date":"Wednesday","date_ts":2,"profit_abs":0.08948544,"wins":1,"draws":1,"losses":0,"trades":2,"profit_factor":0.0},{"date":"Thursday","date_ts":3,"profit_abs":0.0,"wins":0,"draws":1,"losses":0,"trades":1,"profit_factor":0.0},{"date":"Friday","date_ts":4,"profit_abs":1.13288998,"wins":3,"draws":0,"losses":0,"trades":3,"profit_factor":0.0},{"date":"Saturday","date_ts":5,"profit_abs":1.70548572,"wins":1,"draws":4,"losses":0,"trades":5,"profit_factor":0.0},{"date":"Sunday","date_ts":6,"profit_abs":-16.24037021,"wins":2,"draws":2,"losses":1,"trades":5,"profit_factor":0.05308655}]},"backtest_best_day":0.029722498963783997,"backtest_worst_day":-0.051888293845969276,"backtest_best_day_abs":9.66745775,"backtest_worst_day_abs":-17.15084956,"winning_days":9,"draw_days":80,"losing_days":2,"daily_profit":[["2025-10-08",0.0],["2025-10-09",0.0],["2025-10-10",0.27143649],["2025-10-11",0.0],["2025-10-12",0.0],["2025-10-13",0.0],["2025-10-14",0.0],["2025-10-15",0.0],["2025-10-16",0.0],["2025-10-17",0.0],["2025-10-18",0.0],["2025-10-19",0.0],["2025-10-20",0.0],["2025-10-21",0.0],["2025-10-22",0.0],["2025-10-23",0.0],["2025-10-24",0.57448],["2025-10-25",0.0],["2025-10-26",0.0],["2025-10-27",0.0],["2025-10-28",0.0],["2025-10-29",0.0],["2025-10-30",0.0],["2025-10-31",0.28697349],["2025-11-01",0.0],["2025-11-02",0.0],["2025-11-03",0.0],["2025-11-04",0.0],["2025-11-05",0.0],["2025-11-06",0.0],["2025-11-07",0.0],["2025-11-08",0.0],["2025-11-09",0.0],["2025-11-10",0.0],["2025-11-11",0.0],["2025-11-12",0.0],["2025-11-13",0.0],["2025-11-14",0.0],["2025-11-15",0.0],["2025-11-16",-17.15084956],["2025-11-17",0.0],["2025-11-18",0.0],["2025-11-19",0.0],["2025-11-20",0.0],["2025-11-21",0.0],["2025-11-22",0.0],["2025-11-23",0.0],["2025-11-24",0.0],["2025-11-25",0.0],["2025-11-26",0.0],["2025-11-27",0.0],["2025-11-28",0.0],["2025-11-29",0.0],["2025-11-30",0.0694766],["2025-12-01",0.0],["2025-12-02",0.0],["2025-12-03",0.0],["2025-12-04",0.0],["2025-12-05",0.0],["2025-12-06",0.0],["2025-12-07",0.84100275],["2025-12-08",0.0],["2025-12-09",9.66745775],["2025-12-10",0.0],["2025-12-11",0.0],["2025-12-12",0.0],["2025-12-13",1.70548572],["2025-12-14",0.0],["2025-12-15",0.0],["2025-12-16",0.0],["2025-12-17",0.0],["2025-12-18",0.0],["2025-12-19",0.0],["2025-12-20",0.0],["2025-12-21",0.0],["2025-12-22",0.0],["2025-12-23",0.0],["2025-12-24",0.0],["2025-12-25",0.0],["2025-12-26",0.0],["2025-12-27",0.0],["2025-12-28",0.0],["2025-12-29",2.62298069],["2025-12-30",0.0],["2025-12-31",0.08948544],["2026-01-01",0.0],["2026-01-02",0.0],["2026-01-03",0.0],["2026-01-04",0.0],["2026-01-05",0.0],["2026-01-06",-17.11575317]],"wins":9,"losses":2,"draws":11,"winrate":0.4090909090909091,"holding_avg":"3:46:00","holding_avg_s":13560.0,"winner_holding_min":"0d 02:00","winner_holding_min_s":7200.0,"winner_holding_max":"0d 02:00","winner_holding_max_s":7200.0,"winner_holding_avg":"0d 02:00","winner_holding_avg_s":7200.0,"loser_holding_min":"0d 01:00","loser_holding_min_s":3600.0,"loser_holding_max":"0d 06:00","loser_holding_max_s":21600.0,"loser_holding_avg":"0d 03:30","loser_holding_avg_s":12600.0,"max_consecutive_wins":3,"max_consecutive_losses":5,"max_drawdown_account":0.01924890688626254,"max_relative_drawdown":0.01924890688626254,"max_drawdown_abs":19.27071378,"drawdown_start":"2025-10-31 06:00:00","drawdown_start_ts":1761890400000.0,"drawdown_end":"2026-01-06 16:00:00","drawdown_end_ts":1767715200000.0,"drawdown_duration":"67 days 10:00:00","drawdown_duration_s":5824800.0,"max_drawdown_low":-18.1378238,"max_drawdown_high":1.13288998,"csum_min":981.8621762,"csum_max":1001.13288998}},"strategy_comparison":[{"key":"ACO_62_6","trades":22,"profit_mean":-0.002472103355646057,"profit_mean_pct":-0.25,"profit_total_abs":-18.137823800000003,"profit_total":-0.018137823800000005,"profit_total_pct":-1.81,"duration_avg":"3:46:00","wins":9,"draws":11,"losses":2,"winrate":0.4090909090909091,"cagr":-0.0665586258997507,"expectancy":-0.8244465363636364,"expectancy_ratio":-0.5481195374318122,"sortino":-203.57639751939942,"sharpe":-0.644176242667218,"calmar":-18.558967229549058,"sqn":-0.6813,"profit_factor":0.4706850882500659,"max_drawdown_account":0.01924890688626254,"max_drawdown_abs":"19.271"}]}