{"strategy":{"ACO_29_18":{"trades":[{"pair":"DOGE/USDT","stake_amount":329.95688,"max_stake_amount":329.95688,"amount":1562.0,"open_date":"2025-10-13 14:00:00+00:00","close_date":"2025-10-13 15:00:00+00:00","open_rate":0.21124,"close_rate":0.20609,"fee_open":0.001,"fee_close":0.001,"trade_duration":60,"profit_ratio":-0.02632914330509483,"profit_abs":-8.69616946,"exit_reason":"exit_signal","initial_stop_loss_abs":0.20068,"initial_stop_loss_ratio":-0.05,"stop_loss_abs":0.20068,"stop_loss_ratio":-0.05,"min_rate":0.20517,"max_rate":0.21192,"is_open":false,"enter_tag":"","leverage":1.0,"is_short":false,"open_timestamp":1760364000000,"close_timestamp":1760367600000,"orders":[{"amount":1562.0,"safe_price":0.21124,"ft_order_side":"buy","order_filled_timestamp":1760364000000,"ft_is_entry":true,"ft_order_tag":"","cost":330.28683687999995},{"amount":1562.0,"safe_price":0.20609,"ft_order_side":"sell","order_filled_timestamp":1760367600000,"ft_is_entry":false,"ft_order_tag":"exit_signal","cost":322.23449257999994}],"funding_fees":0.0,"weekday":0},{"pair":"DOGE/USDT","stake_amount":327.11355,"max_stake_amount":327.11355,"amount":1611.0,"open_date":"2025-10-21 15:00:00+00:00","close_date":"2025-10-22 00:00:00+00:00","open_rate":0.20305,"close_rate":0.1929,"fee_open":0.001,"fee_close":0.001,"trade_duration":540,"profit_ratio":-0.05188581425961381,"profit_abs":-16.98952545,"exit_reason":"stop_loss","initial_stop_loss_abs":0.1929,"initial_stop_loss_ratio":-0.05,"stop_loss_abs":0.1929,"stop_loss_ratio":-0.05,"min_rate":0.19251,"max_rate":0.20563,"is_open":false,"enter_tag":"","leverage":1.0,"is_short":false,"open_timestamp":1761058800000,"close_timestamp":1761091200000,"orders":[{"amount":1611.0,"safe_price":0.20305,"ft_order_side":"buy","order_filled_timestamp":1761058800000,"ft_is_entry":true,"ft_order_tag":"","cost":327.44066355},{"amount":1611.0,"safe_price":0.1929,"ft_order_side":"sell","order_filled_timestamp":1761091200000,"ft_is_entry":false,"ft_order_tag":"stop_loss","cost":311.07266189999996}],"funding_fees":0.0,"weekday":2},{"pair":"DOGE/USDT","stake_amount":321.52275,"max_stake_amount":321.52275,"amount":1725.0,"open_date":"2025-11-03 00:00:00+00:00","close_date":"2025-11-03 01:00:00+00:00","open_rate":0.18639,"close_rate":0.18372,"fee_open":0.001,"fee_close":0.001,"trade_duration":60,"profit_ratio":-0.01629418384609114,"profit_abs":-5.24418975,"exit_reason":"exit_signal","initial_stop_loss_abs":0.17708,"initial_stop_loss_ratio":-0.05,"stop_loss_abs":0.17708,"stop_loss_ratio":-0.05,"min_rate":0.18248,"max_rate":0.18666,"is_open":false,"enter_tag":"","leverage":1.0,"is_short":false,"open_timestamp":1762128000000,"close_timestamp":1762131600000,"orders":[{"amount":1725.0,"safe_price":0.18639,"ft_order_side":"buy","order_filled_timestamp":1762128000000,"ft_is_entry":true,"ft_order_tag":"","cost":321.84427274999996},{"amount":1725.0,"safe_price":0.18372,"ft_order_side":"sell","order_filled_timestamp":1762131600000,"ft_is_entry":false,"ft_order_tag":"exit_signal","cost":317.23391699999996}],"funding_fees":0.0,"weekday":0},{"pair":"DOGE/USDT","stake_amount":319.71008,"max_stake_amount":319.71008,"amount":1744.0,"open_date":"2025-11-10 23:00:00+00:00","close_date":"2025-11-11 01:00:00+00:00","open_rate":0.18332,"close_rate":0.18105,"fee_open":0.001,"fee_close":0.001,"trade_duration":120,"profit_ratio":-0.014355980044393748,"profit_abs":-4.59434128,"exit_reason":"exit_signal","initial_stop_loss_abs":0.17416,"initial_stop_loss_ratio":-0.05,"stop_loss_abs":0.17416,"stop_loss_ratio":-0.05,"min_rate":0.17933,"max_rate":0.1864,"is_open":false,"enter_tag":"","leverage":1.0,"is_short":false,"open_timestamp":1762815600000,"close_timestamp":1762822800000,"orders":[{"amount":1744.0,"safe_price":0.18332,"ft_order_side":"buy","order_filled_timestamp":1762815600000,"ft_is_entry":true,"ft_order_tag":"","cost":320.02979008},{"amount":1744.0,"safe_price":0.18105,"ft_order_side":"sell","order_filled_timestamp":1762822800000,"ft_is_entry":false,"ft_order_tag":"exit_signal","cost":316.06695119999995}],"funding_fees":0.0,"weekday":1},{"pair":"DOGE/USDT","stake_amount":318.18168,"max_stake_amount":318.18168,"amount":1828.0,"open_date":"2025-11-13 04:00:00+00:00","close_date":"2025-11-13 06:00:00+00:00","open_rate":0.17406,"close_rate":0.17603,"fee_open":0.001,"fee_close":0.001,"trade_duration":120,"profit_ratio":0.009297321086359351,"profit_abs":2.96119548,"exit_reason":"roi","initial_stop_loss_abs":0.16536,"initial_stop_loss_ratio":-0.05,"stop_loss_abs":0.16536,"stop_loss_ratio":-0.05,"min_rate":0.17325,"max_rate":0.17684,"is_open":false,"enter_tag":"","leverage":1.0,"is_short":false,"open_timestamp":1763006400000,"close_timestamp":1763013600000,"orders":[{"amount":1828.0,"safe_price":0.17406,"ft_order_side":"buy","order_filled_timestamp":1763006400000,"ft_is_entry":true,"ft_order_tag":"","cost":318.4998616799999},{"amount":1828.0,"safe_price":0.17603,"ft_order_side":"sell","order_filled_timestamp":1763013600000,"ft_is_entry":false,"ft_order_tag":"roi","cost":322.10462283999993}],"funding_fees":0.0,"weekday":3},{"pair":"DOGE/USDT","stake_amount":319.2363,"max_stake_amount":319.2363,"amount":2190.0,"open_date":"2025-11-24 14:00:00+00:00","close_date":"2025-11-24 16:00:00+00:00","open_rate":0.14577,"close_rate":0.14682,"fee_open":0.001,"fee_close":0.001,"trade_duration":120,"profit_ratio":0.005190734353113443,"profit_abs":1.6587279,"exit_reason":"roi","initial_stop_loss_abs":0.13849,"initial_stop_loss_ratio":-0.05,"stop_loss_abs":0.13849,"stop_loss_ratio":-0.05,"min_rate":0.14279,"max_rate":0.14854,"is_open":false,"enter_tag":"","leverage":1.0,"is_short":false,"open_timestamp":1763992800000,"close_timestamp":1764000000000,"orders":[{"amount":2190.0,"safe_price":0.14577,"ft_order_side":"buy","order_filled_timestamp":1763992800000,"ft_is_entry":true,"ft_order_tag":"","cost":319.55553629999997},{"amount":2190.0,"safe_price":0.14682,"ft_order_side":"sell","order_filled_timestamp":1764000000000,"ft_is_entry":false,"ft_order_tag":"roi","cost":321.8573358}],"funding_fees":0.0,"weekday":0},{"pair":"DOGE/USDT","stake_amount":319.70753,"max_stake_amount":319.70753,"amount":2087.0,"open_date":"2025-11-28 09:00:00+00:00","close_date":"2025-11-28 14:00:00+00:00","open_rate":0.15319,"close_rate":0.15349668668668665,"fee_open":0.001,"fee_close":0.001,"trade_duration":300,"profit_ratio":0.0,"profit_abs":0.0,"exit_reason":"roi","initial_stop_loss_abs":0.14554,"initial_stop_loss_ratio":-0.05,"stop_loss_abs":0.14554,"stop_loss_ratio":-0.05,"min_rate":0.14975,"max_rate":0.15395,"is_open":false,"enter_tag":"","leverage":1.0,"is_short":false,"open_timestamp":1764320400000,"close_timestamp":1764338400000,"orders":[{"amount":2087.0,"safe_price":0.15319,"ft_order_side":"buy","order_filled_timestamp":1764320400000,"ft_is_entry":true,"ft_order_tag":"","cost":320.0272375299999},{"amount":2087.0,"safe_price":0.15349668668668665,"ft_order_side":"sell","order_filled_timestamp":1764338400000,"ft_is_entry":false,"ft_order_tag":"roi","cost":320.6679327002301}],"funding_fees":0.0,"weekday":4},{"pair":"DOGE/USDT","stake_amount":319.677,"max_stake_amount":319.677,"amount":2260.0,"open_date":"2025-12-07 18:00:00+00:00","close_date":"2025-12-07 20:00:00+00:00","open_rate":0.14145,"close_rate":0.1421,"fee_open":0.001,"fee_close":0.001,"trade_duration":120,"profit_ratio":0.0025880800005932563,"profit_abs":0.828177,"exit_reason":"roi","initial_stop_loss_abs":0.13438,"initial_stop_loss_ratio":-0.05,"stop_loss_abs":0.13438,"stop_loss_ratio":-0.05,"min_rate":0.14126,"max_rate":0.14291,"is_open":false,"enter_tag":"","leverage":1.0,"is_short":false,"open_timestamp":1765130400000,"close_timestamp":1765137600000,"orders":[{"amount":2260.0,"safe_price":0.14145,"ft_order_side":"buy","order_filled_timestamp":1765130400000,"ft_is_entry":true,"ft_order_tag":"","cost":319.9966769999999},{"amount":2260.0,"safe_price":0.1421,"ft_order_side":"sell","order_filled_timestamp":1765137600000,"ft_is_entry":false,"ft_order_tag":"roi","cost":321.46714599999996}],"funding_fees":0.0,"weekday":6},{"pair":"DOGE/USDT","stake_amount":319.9581,"max_stake_amount":319.9581,"amount":2187.0,"open_date":"2025-12-09 16:00:00+00:00","close_date":"2025-12-09 18:00:00+00:00","open_rate":0.1463,"close_rate":0.15095,"fee_open":0.001,"fee_close":0.001,"trade_duration":120,"profit_ratio":0.029722498963783994,"profit_abs":9.51946425,"exit_reason":"roi","initial_stop_loss_abs":0.13899,"initial_stop_loss_ratio":-0.05,"stop_loss_abs":0.13899,"stop_loss_ratio":-0.05,"min_rate":0.1463,"max_rate":0.15319,"is_open":false,"enter_tag":"","leverage":1.0,"is_short":false,"open_timestamp":1765296000000,"close_timestamp":1765303200000,"orders":[{"amount":2187.0,"safe_price":0.1463,"ft_order_side":"buy","order_filled_timestamp":1765296000000,"ft_is_entry":true,"ft_order_tag":"","cost":320.27805809999995},{"amount":2187.0,"safe_price":0.15095,"ft_order_side":"sell","order_filled_timestamp":1765303200000,"ft_is_entry":false,"ft_order_tag":"roi","cost":330.45777764999997}],"funding_fees":0.0,"weekday":1},{"pair":"DOGE/USDT","stake_amount":323.12673,"max_stake_amount":323.12673,"amount":2433.0,"open_date":"2025-12-21 09:00:00+00:00","close_date":"2025-12-21 11:00:00+00:00","open_rate":0.13281,"close_rate":0.13193,"fee_open":0.001,"fee_close":0.001,"trade_duration":120,"profit_ratio":-0.008610770300402104,"profit_abs":-2.78515242,"exit_reason":"exit_signal","initial_stop_loss_abs":0.12617,"initial_stop_loss_ratio":-0.05,"stop_loss_abs":0.12617,"stop_loss_ratio":-0.05,"min_rate":0.13138,"max_rate":0.13342,"is_open":false,"enter_tag":"","leverage":1.0,"is_short":false,"open_timestamp":1766307600000,"close_timestamp":1766314800000,"orders":[{"amount":2433.0,"safe_price":0.13281,"ft_order_side":"buy","order_filled_timestamp":1766307600000,"ft_is_entry":true,"ft_order_tag":"","cost":323.44985672999996},{"amount":2433.0,"safe_price":0.13193,"ft_order_side":"sell","order_filled_timestamp":1766314800000,"ft_is_entry":false,"ft_order_tag":"exit_signal","cost":321.30667568999996}],"funding_fees":0.0,"weekday":6},{"pair":"DOGE/USDT","stake_amount":322.25776,"max_stake_amount":322.25776,"amount":2588.0,"open_date":"2025-12-30 09:00:00+00:00","close_date":"2025-12-30 11:00:00+00:00","open_rate":0.12452,"close_rate":0.12476928928928928,"fee_open":0.001,"fee_close":0.001,"trade_duration":120,"profit_ratio":0.0,"profit_abs":0.0,"exit_reason":"roi","initial_stop_loss_abs":0.1183,"initial_stop_loss_ratio":-0.05,"stop_loss_abs":0.1183,"stop_loss_ratio":-0.05,"min_rate":0.1243,"max_rate":0.12525,"is_open":false,"enter_tag":"","leverage":1.0,"is_short":false,"open_timestamp":1767085200000,"close_timestamp":1767092400000,"orders":[{"amount":2588.0,"safe_price":0.12452,"ft_order_side":"buy","order_filled_timestamp":1767085200000,"ft_is_entry":true,"ft_order_tag":"","cost":322.58001776},{"amount":2588.0,"safe_price":0.12476928928928928,"ft_order_side":"sell","order_filled_timestamp":1767092400000,"ft_is_entry":false,"ft_order_tag":"roi","cost":323.2258236013613}],"funding_fees":0.0,"weekday":1}],"locks":[],"best_pair":{"key":"DOGE/USDT","trades":11,"profit_mean":-0.0064252052137950535,"profit_mean_pct":-0.64,"profit_total_abs":-23.341813730000002,"profit_total":-0.02334181373,"profit_total_pct":-2.33,"duration_avg":"2:44:00","wins":4,"draws":2,"losses":5,"winrate":0.36363636363636365,"cagr":-0.08503907567914659,"expectancy":-2.1219830663636365,"expectancy_ratio":-0.4587716534228352,"sortino":-0.9118022380703774,"sharpe":-0.7004045308752448,"calmar":-12.941501690566685,"sqn":-1.0223,"profit_factor":0.39070236246976264,"max_drawdown_account":0.03552422593999995,"max_drawdown_abs":35.52422594},"worst_pair":{"key":"DOGE/USDT","trades":11,"profit_mean":-0.0064252052137950535,"profit_mean_pct":-0.64,"profit_total_abs":-23.341813730000002,"profit_total":-0.02334181373,"profit_total_pct":-2.33,"duration_avg":"2:44:00","wins":4,"draws":2,"losses":5,"winrate":0.36363636363636365,"cagr":-0.08503907567914659,"expectancy":-2.1219830663636365,"expectancy_ratio":-0.4587716534228352,"sortino":-0.9118022380703774,"sharpe":-0.7004045308752448,"calmar":-12.941501690566685,"sqn":-1.0223,"profit_factor":0.39070236246976264,"max_drawdown_account":0.03552422593999995,"max_drawdown_abs":35.52422594},"results_per_pair":[{"key":"DOGE/USDT","trades":11,"profit_mean":-0.0064252052137950535,"profit_mean_pct":-0.64,"profit_total_abs":-23.341813730000002,"profit_total":-0.02334181373,"profit_total_pct":-2.33,"duration_avg":"2:44:00","wins":4,"draws":2,"losses":5,"winrate":0.36363636363636365,"cagr":-0.08503907567914659,"expectancy":-2.1219830663636365,"expectancy_ratio":-0.4587716534228352,"sortino":-0.9118022380703774,"sharpe":-0.7004045308752448,"calmar":-12.941501690566685,"sqn":-1.0223,"profit_factor":0.39070236246976264,"max_drawdown_account":0.03552422593999995,"max_drawdown_abs":35.52422594},{"key":"TOTAL","trades":11,"profit_mean":-0.0064252052137950535,"profit_mean_pct":-0.64,"profit_total_abs":-23.341813730000002,"profit_total":-0.02334181373,"profit_total_pct":-2.33,"duration_avg":"2:44:00","wins":4,"draws":2,"losses":5,"winrate":0.36363636363636365,"cagr":-0.08503907567914659,"expectancy":-2.1219830663636365,"expectancy_ratio":-0.4587716534228352,"sortino":-0.9118022380703774,"sharpe":-0.7004045308752448,"calmar":-12.941501690566685,"sqn":-1.0223,"profit_factor":0.39070236246976264,"max_drawdown_account":0.03552422593999995,"max_drawdown_abs":35.52422594}],"results_per_enter_tag":[{"key":"","trades":11,"profit_mean":-0.0064252052137950535,"profit_mean_pct":-0.64,"profit_total_abs":-23.341813730000002,"profit_total":-0.02334181373,"profit_total_pct":-2.33,"duration_avg":"2:44:00","wins":4,"draws":2,"losses":5,"winrate":0.36363636363636365,"cagr":-0.08503907567914659,"expectancy":-2.1219830663636365,"expectancy_ratio":-0.4587716534228352,"sortino":-0.9118022380703774,"sharpe":-0.7004045308752448,"calmar":-12.941501690566685,"sqn":-1.0223,"profit_factor":0.39070236246976264,"max_drawdown_account":0.03552422593999995,"max_drawdown_abs":35.52422594},{"key":"TOTAL","trades":11,"profit_mean":-0.0064252052137950535,"profit_mean_pct":-0.64,"profit_total_abs":-23.341813730000002,"profit_total":-0.02334181373,"profit_total_pct":-2.33,"duration_avg":"2:44:00","wins":4,"draws":2,"losses":5,"winrate":0.36363636363636365,"cagr":-0.08503907567914659,"expectancy":-2.1219830663636365,"expectancy_ratio":-0.4587716534228352,"sortino":-0.9118022380703774,"sharpe":-0.7004045308752448,"calmar":-12.941501690566685,"sqn":-1.0223,"profit_factor":0.39070236246976264,"max_drawdown_account":0.03552422593999995,"max_drawdown_abs":35.52422594}],"exit_reason_summary":[{"key":"roi","trades":6,"profit_mean":0.0077997724006416734,"profit_mean_pct":0.78,"profit_total_abs":14.967564630000002,"profit_total":0.014967564630000001,"profit_total_pct":1.5,"duration_avg":"2:30:00","wins":4,"draws":2,"losses":0,"winrate":0.6666666666666666,"cagr":0.057496065726240886,"expectancy":2.494594105,"expectancy_ratio":100.0,"sortino":-100,"sharpe":0.8923190266031742,"calmar":-100,"sqn":1.6884,"profit_factor":0.0,"max_drawdown_account":0.0,"max_drawdown_abs":0.0},{"key":"stop_loss","trades":1,"profit_mean":-0.05188581425961381,"profit_mean_pct":-5.19,"profit_total_abs":-16.98952545,"profit_total":-0.016989525449999997,"profit_total_pct":-1.7,"duration_avg":"9:00:00","wins":0,"draws":0,"losses":1,"winrate":0.0,"cagr":-0.06244415538376502,"expectancy":-16.98952545,"expectancy_ratio":-1.0,"sortino":-100,"sharpe":-100,"calmar":-19.69584863354931,"sqn":-100.0,"profit_factor":0.0,"max_drawdown_account":0.016989525449999973,"max_drawdown_abs":16.98952545},{"key":"exit_signal","trades":4,"profit_mean":-0.016397519373995455,"profit_mean_pct":-1.64,"profit_total_abs":-21.319852909999998,"profit_total":-0.02131985291,"profit_total_pct":-2.13,"duration_avg":"1:30:00","wins":0,"draws":0,"losses":4,"winrate":0.0,"cagr":-0.0778908932603849,"expectancy":-5.3299632274999995,"expectancy_ratio":-1.0,"sortino":-1.9602028599502452,"sharpe":-1.9602028599502452,"calmar":-19.695848633549268,"sqn":-4.3095,"profit_factor":0.0,"max_drawdown_account":0.02131985291000001,"max_drawdown_abs":21.319852909999998},{"key":"TOTAL","trades":11,"profit_mean":-0.0064252052137950535,"profit_mean_pct":-0.64,"profit_total_abs":-23.341813730000002,"profit_total":-0.02334181373,"profit_total_pct":-2.33,"duration_avg":"2:44:00","wins":4,"draws":2,"losses":5,"winrate":0.36363636363636365,"cagr":-0.08503907567914659,"expectancy":-2.1219830663636365,"expectancy_ratio":-0.4587716534228352,"sortino":-0.9118022380703774,"sharpe":-0.7004045308752448,"calmar":-12.941501690566685,"sqn":-1.0223,"profit_factor":0.39070236246976264,"max_drawdown_account":0.03552422593999995,"max_drawdown_abs":35.52422594}],"mix_tag_stats":[{"key":["","roi"],"trades":6,"profit_mean":0.0077997724006416734,"profit_mean_pct":0.78,"profit_total_abs":14.967564630000002,"profit_total":0.014967564630000001,"profit_total_pct":1.5,"duration_avg":"2:30:00","wins":4,"draws":2,"losses":0,"winrate":0.6666666666666666,"cagr":0.057496065726240886,"expectancy":2.494594105,"expectancy_ratio":100.0,"sortino":-100,"sharpe":0.8923190266031742,"calmar":-100,"sqn":1.6884,"profit_factor":0.0,"max_drawdown_account":0.0,"max_drawdown_abs":0.0},{"key":["","stop_loss"],"trades":1,"profit_mean":-0.05188581425961381,"profit_mean_pct":-5.19,"profit_total_abs":-16.98952545,"profit_total":-0.016989525449999997,"profit_total_pct":-1.7,"duration_avg":"9:00:00","wins":0,"draws":0,"losses":1,"winrate":0.0,"cagr":-0.06244415538376502,"expectancy":-16.98952545,"expectancy_ratio":-1.0,"sortino":-100,"sharpe":-100,"calmar":-19.69584863354931,"sqn":-100.0,"profit_factor":0.0,"max_drawdown_account":0.016989525449999973,"max_drawdown_abs":16.98952545},{"key":["","exit_signal"],"trades":4,"profit_mean":-0.016397519373995455,"profit_mean_pct":-1.64,"profit_total_abs":-21.319852909999998,"profit_total":-0.02131985291,"profit_total_pct":-2.13,"duration_avg":"1:30:00","wins":0,"draws":0,"losses":4,"winrate":0.0,"cagr":-0.0778908932603849,"expectancy":-5.3299632274999995,"expectancy_ratio":-1.0,"sortino":-1.9602028599502452,"sharpe":-1.9602028599502452,"calmar":-19.695848633549268,"sqn":-4.3095,"profit_factor":0.0,"max_drawdown_account":0.02131985291000001,"max_drawdown_abs":21.319852909999998},{"key":"TOTAL","trades":11,"profit_mean":-0.0064252052137950535,"profit_mean_pct":-0.64,"profit_total_abs":-23.341813730000002,"profit_total":-0.02334181373,"profit_total_pct":-2.33,"duration_avg":"2:44:00","wins":4,"draws":2,"losses":5,"winrate":0.36363636363636365,"cagr":-0.08503907567914659,"expectancy":-2.1219830663636365,"expectancy_ratio":-0.4587716534228352,"sortino":-0.9118022380703774,"sharpe":-0.7004045308752448,"calmar":-12.941501690566685,"sqn":-1.0223,"profit_factor":0.39070236246976264,"max_drawdown_account":0.03552422593999995,"max_drawdown_abs":35.52422594}],"left_open_trades":[{"key":"TOTAL","trades":0,"profit_mean":0.0,"profit_mean_pct":0.0,"profit_total_abs":0.0,"profit_total":0.0,"profit_total_pct":0.0,"duration_avg":"0:00","wins":0,"draws":0,"losses":0,"winrate":0.0,"cagr":0.0,"expectancy":0.0,"expectancy_ratio":100.0,"sortino":0,"sharpe":0,"calmar":0,"sqn":0.0,"profit_factor":0.0,"max_drawdown_account":0.0,"max_drawdown_abs":0.0}],"total_trades":11,"trade_count_long":11,"trade_count_short":0,"total_volume":7071.68414532159,"avg_stake_amount":321.8589418181818,"profit_mean":-0.0064252052137950535,"profit_median":0.0,"profit_total":-0.02334181373,"profit_total_long":-0.02334181373,"profit_total_short":0.0,"profit_total_abs":-23.341813730000002,"profit_total_long_abs":-23.341813730000002,"profit_total_short_abs":0.0,"cagr":-0.08503907567914659,"expectancy":-2.1219830663636365,"expectancy_ratio":-0.4587716534228352,"sortino":-0.9118022380703774,"sharpe":-0.7004045308752448,"calmar":-12.941501690566685,"sqn":-1.0223,"profit_factor":0.39070236246976264,"backtest_start":"2025-10-01 00:00:00","backtest_start_ts":1759276800000,"backtest_end":"2026-01-06 20:00:00","backtest_end_ts":1767729600000,"backtest_days":97,"backtest_run_start_ts":1767738882,"backtest_run_end_ts":1767738883,"trades_per_day":0.11,"market_change":-0.36632086436227446,"pairlist":["DOGE/USDT"],"stake_amount":"unlimited","stake_currency":"USDT","stake_currency_decimals":3,"starting_balance":1000,"dry_run_wallet":1000,"final_balance":976.65818627,"rejected_signals":0,"timedout_entry_orders":0,"timedout_exit_orders":0,"canceled_trade_entries":0,"canceled_entry_orders":0,"replaced_entry_orders":0,"max_open_trades":1,"max_open_trades_setting":3,"timeframe":"1h","timeframe_detail":"","timerange":"20251001-","enable_protections":false,"strategy_name":"ACO_29_18","freqaimodel":null,"freqai_identifier":null,"stoploss":-0.05,"trailing_stop":false,"trailing_stop_positive":null,"trailing_stop_positive_offset":0.0,"trailing_only_offset_is_reached":false,"use_custom_stoploss":false,"minimal_roi":{"0":0.1,"60":0.05,"120":0.0},"use_exit_signal":true,"exit_profit_only":false,"exit_profit_offset":0.0,"ignore_roi_if_entry_signal":false,"trading_mode":"spot","margin_mode":"","periodic_breakdown":{"day":[{"date":"13/10/2025","date_ts":1760313600000,"profit_abs":-8.69616946,"wins":0,"draws":0,"losses":1,"trades":1,"profit_factor":0.0},{"date":"14/10/2025","date_ts":1760400000000,"profit_abs":0.0,"wins":0,"draws":0,"losses":0,"trades":0,"profit_factor":0.0},{"date":"15/10/2025","date_ts":1760486400000,"profit_abs":0.0,"wins":0,"draws":0,"losses":0,"trades":0,"profit_factor":0.0},{"date":"16/10/2025","date_ts":1760572800000,"profit_abs":0.0,"wins":0,"draws":0,"losses":0,"trades":0,"profit_factor":0.0},{"date":"17/10/2025","date_ts":1760659200000,"profit_abs":0.0,"wins":0,"draws":0,"losses":0,"trades":0,"profit_factor":0.0},{"date":"18/10/2025","date_ts":1760745600000,"profit_abs":0.0,"wins":0,"draws":0,"losses":0,"trades":0,"profit_factor":0.0},{"date":"19/10/2025","date_ts":1760832000000,"profit_abs":0.0,"wins":0,"draws":0,"losses":0,"trades":0,"profit_factor":0.0},{"date":"20/10/2025","date_ts":1760918400000,"profit_abs":0.0,"wins":0,"draws":0,"losses":0,"trades":0,"profit_factor":0.0},{"date":"21/10/2025","date_ts":1761004800000,"profit_abs":0.0,"wins":0,"draws":0,"losses":0,"trades":0,"profit_factor":0.0},{"date":"22/10/2025","date_ts":1761091200000,"profit_abs":-16.98952545,"wins":0,"draws":0,"losses":1,"trades":1,"profit_factor":0.0},{"date":"23/10/2025","date_ts":1761177600000,"profit_abs":0.0,"wins":0,"draws":0,"losses":0,"trades":0,"profit_factor":0.0},{"date":"24/10/2025","date_ts":1761264000000,"profit_abs":0.0,"wins":0,"draws":0,"losses":0,"trades":0,"profit_factor":0.0},{"date":"25/10/2025","date_ts":1761350400000,"profit_abs":0.0,"wins":0,"draws":0,"losses":0,"trades":0,"profit_factor":0.0},{"date":"26/10/2025","date_ts":1761436800000,"profit_abs":0.0,"wins":0,"draws":0,"losses":0,"trades":0,"profit_factor":0.0},{"date":"27/10/2025","date_ts":1761523200000,"profit_abs":0.0,"wins":0,"draws":0,"losses":0,"trades":0,"profit_factor":0.0},{"date":"28/10/2025","date_ts":1761609600000,"profit_abs":0.0,"wins":0,"draws":0,"losses":0,"trades":0,"profit_factor":0.0},{"date":"29/10/2025","date_ts":1761696000000,"profit_abs":0.0,"wins":0,"draws":0,"losses":0,"trades":0,"profit_factor":0.0},{"date":"30/10/2025","date_ts":1761782400000,"profit_abs":0.0,"wins":0,"draws":0,"losses":0,"trades":0,"profit_factor":0.0},{"date":"31/10/2025","date_ts":1761868800000,"profit_abs":0.0,"wins":0,"draws":0,"losses":0,"trades":0,"profit_factor":0.0},{"date":"01/11/2025","date_ts":1761955200000,"profit_abs":0.0,"wins":0,"draws":0,"losses":0,"trades":0,"profit_factor":0.0},{"date":"02/11/2025","date_ts":1762041600000,"profit_abs":0.0,"wins":0,"draws":0,"losses":0,"trades":0,"profit_factor":0.0},{"date":"03/11/2025","date_ts":1762128000000,"profit_abs":-5.24418975,"wins":0,"draws":0,"losses":1,"trades":1,"profit_factor":0.0},{"date":"04/11/2025","date_ts":1762214400000,"profit_abs":0.0,"wins":0,"draws":0,"losses":0,"trades":0,"profit_factor":0.0},{"date":"05/11/2025","date_ts":1762300800000,"profit_abs":0.0,"wins":0,"draws":0,"losses":0,"trades":0,"profit_factor":0.0},{"date":"06/11/2025","date_ts":1762387200000,"profit_abs":0.0,"wins":0,"draws":0,"losses":0,"trades":0,"profit_factor":0.0},{"date":"07/11/2025","date_ts":1762473600000,"profit_abs":0.0,"wins":0,"draws":0,"losses":0,"trades":0,"profit_factor":0.0},{"date":"08/11/2025","date_ts":1762560000000,"profit_abs":0.0,"wins":0,"draws":0,"losses":0,"trades":0,"profit_factor":0.0},{"date":"09/11/2025","date_ts":1762646400000,"profit_abs":0.0,"wins":0,"draws":0,"losses":0,"trades":0,"profit_factor":0.0},{"date":"10/11/2025","date_ts":1762732800000,"profit_abs":0.0,"wins":0,"draws":0,"losses":0,"trades":0,"profit_factor":0.0},{"date":"11/11/2025","date_ts":1762819200000,"profit_abs":-4.59434128,"wins":0,"draws":0,"losses":1,"trades":1,"profit_factor":0.0},{"date":"12/11/2025","date_ts":1762905600000,"profit_abs":0.0,"wins":0,"draws":0,"losses":0,"trades":0,"profit_factor":0.0},{"date":"13/11/2025","date_ts":1762992000000,"profit_abs":2.96119548,"wins":1,"draws":0,"losses":0,"trades":1,"profit_factor":0.0},{"date":"14/11/2025","date_ts":1763078400000,"profit_abs":0.0,"wins":0,"draws":0,"losses":0,"trades":0,"profit_factor":0.0},{"date":"15/11/2025","date_ts":1763164800000,"profit_abs":0.0,"wins":0,"draws":0,"losses":0,"trades":0,"profit_factor":0.0},{"date":"16/11/2025","date_ts":1763251200000,"profit_abs":0.0,"wins":0,"draws":0,"losses":0,"trades":0,"profit_factor":0.0},{"date":"17/11/2025","date_ts":1763337600000,"profit_abs":0.0,"wins":0,"draws":0,"losses":0,"trades":0,"profit_factor":0.0},{"date":"18/11/2025","date_ts":1763424000000,"profit_abs":0.0,"wins":0,"draws":0,"losses":0,"trades":0,"profit_factor":0.0},{"date":"19/11/2025","date_ts":1763510400000,"profit_abs":0.0,"wins":0,"draws":0,"losses":0,"trades":0,"profit_factor":0.0},{"date":"20/11/2025","date_ts":1763596800000,"profit_abs":0.0,"wins":0,"draws":0,"losses":0,"trades":0,"profit_factor":0.0},{"date":"21/11/2025","date_ts":1763683200000,"profit_abs":0.0,"wins":0,"draws":0,"losses":0,"trades":0,"profit_factor":0.0},{"date":"22/11/2025","date_ts":1763769600000,"profit_abs":0.0,"wins":0,"draws":0,"losses":0,"trades":0,"profit_factor":0.0},{"date":"23/11/2025","date_ts":1763856000000,"profit_abs":0.0,"wins":0,"draws":0,"losses":0,"trades":0,"profit_factor":0.0},{"date":"24/11/2025","date_ts":1763942400000,"profit_abs":1.6587279,"wins":1,"draws":0,"losses":0,"trades":1,"profit_factor":0.0},{"date":"25/11/2025","date_ts":1764028800000,"profit_abs":0.0,"wins":0,"draws":0,"losses":0,"trades":0,"profit_factor":0.0},{"date":"26/11/2025","date_ts":1764115200000,"profit_abs":0.0,"wins":0,"draws":0,"losses":0,"trades":0,"profit_factor":0.0},{"date":"27/11/2025","date_ts":1764201600000,"profit_abs":0.0,"wins":0,"draws":0,"losses":0,"trades":0,"profit_factor":0.0},{"date":"28/11/2025","date_ts":1764288000000,"profit_abs":0.0,"wins":0,"draws":1,"losses":0,"trades":1,"profit_factor":0.0},{"date":"29/11/2025","date_ts":1764374400000,"profit_abs":0.0,"wins":0,"draws":0,"losses":0,"trades":0,"profit_factor":0.0},{"date":"30/11/2025","date_ts":1764460800000,"profit_abs":0.0,"wins":0,"draws":0,"losses":0,"trades":0,"profit_factor":0.0},{"date":"01/12/2025","date_ts":1764547200000,"profit_abs":0.0,"wins":0,"draws":0,"losses":0,"trades":0,"profit_factor":0.0},{"date":"02/12/2025","date_ts":1764633600000,"profit_abs":0.0,"wins":0,"draws":0,"losses":0,"trades":0,"profit_factor":0.0},{"date":"03/12/2025","date_ts":1764720000000,"profit_abs":0.0,"wins":0,"draws":0,"losses":0,"trades":0,"profit_factor":0.0},{"date":"04/12/2025","date_ts":1764806400000,"profit_abs":0.0,"wins":0,"draws":0,"losses":0,"trades":0,"profit_factor":0.0},{"date":"05/12/2025","date_ts":1764892800000,"profit_abs":0.0,"wins":0,"draws":0,"losses":0,"trades":0,"profit_factor":0.0},{"date":"06/12/2025","date_ts":1764979200000,"profit_abs":0.0,"wins":0,"draws":0,"losses":0,"trades":0,"profit_factor":0.0},{"date":"07/12/2025","date_ts":1765065600000,"profit_abs":0.828177,"wins":1,"draws":0,"losses":0,"trades":1,"profit_factor":0.0},{"date":"08/12/2025","date_ts":1765152000000,"profit_abs":0.0,"wins":0,"draws":0,"losses":0,"trades":0,"profit_factor":0.0},{"date":"09/12/2025","date_ts":1765238400000,"profit_abs":9.51946425,"wins":1,"draws":0,"losses":0,"trades":1,"profit_factor":0.0},{"date":"10/12/2025","date_ts":1765324800000,"profit_abs":0.0,"wins":0,"draws":0,"losses":0,"trades":0,"profit_factor":0.0},{"date":"11/12/2025","date_ts":1765411200000,"profit_abs":0.0,"wins":0,"draws":0,"losses":0,"trades":0,"profit_factor":0.0},{"date":"12/12/2025","date_ts":1765497600000,"profit_abs":0.0,"wins":0,"draws":0,"losses":0,"trades":0,"profit_factor":0.0},{"date":"13/12/2025","date_ts":1765584000000,"profit_abs":0.0,"wins":0,"draws":0,"losses":0,"trades":0,"profit_factor":0.0},{"date":"14/12/2025","date_ts":1765670400000,"profit_abs":0.0,"wins":0,"draws":0,"losses":0,"trades":0,"profit_factor":0.0},{"date":"15/12/2025","date_ts":1765756800000,"profit_abs":0.0,"wins":0,"draws":0,"losses":0,"trades":0,"profit_factor":0.0},{"date":"16/12/2025","date_ts":1765843200000,"profit_abs":0.0,"wins":0,"draws":0,"losses":0,"trades":0,"profit_factor":0.0},{"date":"17/12/2025","date_ts":1765929600000,"profit_abs":0.0,"wins":0,"draws":0,"losses":0,"trades":0,"profit_factor":0.0},{"date":"18/12/2025","date_ts":1766016000000,"profit_abs":0.0,"wins":0,"draws":0,"losses":0,"trades":0,"profit_factor":0.0},{"date":"19/12/2025","date_ts":1766102400000,"profit_abs":0.0,"wins":0,"draws":0,"losses":0,"trades":0,"profit_factor":0.0},{"date":"20/12/2025","date_ts":1766188800000,"profit_abs":0.0,"wins":0,"draws":0,"losses":0,"trades":0,"profit_factor":0.0},{"date":"21/12/2025","date_ts":1766275200000,"profit_abs":-2.78515242,"wins":0,"draws":0,"losses":1,"trades":1,"profit_factor":0.0},{"date":"22/12/2025","date_ts":1766361600000,"profit_abs":0.0,"wins":0,"draws":0,"losses":0,"trades":0,"profit_factor":0.0},{"date":"23/12/2025","date_ts":1766448000000,"profit_abs":0.0,"wins":0,"draws":0,"losses":0,"trades":0,"profit_factor":0.0},{"date":"24/12/2025","date_ts":1766534400000,"profit_abs":0.0,"wins":0,"draws":0,"losses":0,"trades":0,"profit_factor":0.0},{"date":"25/12/2025","date_ts":1766620800000,"profit_abs":0.0,"wins":0,"draws":0,"losses":0,"trades":0,"profit_factor":0.0},{"date":"26/12/2025","date_ts":1766707200000,"profit_abs":0.0,"wins":0,"draws":0,"losses":0,"trades":0,"profit_factor":0.0},{"date":"27/12/2025","date_ts":1766793600000,"profit_abs":0.0,"wins":0,"draws":0,"losses":0,"trades":0,"profit_factor":0.0},{"date":"28/12/2025","date_ts":1766880000000,"profit_abs":0.0,"wins":0,"draws":0,"losses":0,"trades":0,"profit_factor":0.0},{"date":"29/12/2025","date_ts":1766966400000,"profit_abs":0.0,"wins":0,"draws":0,"losses":0,"trades":0,"profit_factor":0.0},{"date":"30/12/2025","date_ts":1767052800000,"profit_abs":0.0,"wins":0,"draws":1,"losses":0,"trades":1,"profit_factor":0.0}],"week":[{"date":"13/10/2025","date_ts":1760313600000,"profit_abs":-8.69616946,"wins":0,"draws":0,"losses":1,"trades":1,"profit_factor":0.0},{"date":"20/10/2025","date_ts":1760918400000,"profit_abs":0.0,"wins":0,"draws":0,"losses":0,"trades":0,"profit_factor":0.0},{"date":"27/10/2025","date_ts":1761523200000,"profit_abs":-16.98952545,"wins":0,"draws":0,"losses":1,"trades":1,"profit_factor":0.0},{"date":"03/11/2025","date_ts":1762128000000,"profit_abs":-5.24418975,"wins":0,"draws":0,"losses":1,"trades":1,"profit_factor":0.0},{"date":"10/11/2025","date_ts":1762732800000,"profit_abs":0.0,"wins":0,"draws":0,"losses":0,"trades":0,"profit_factor":0.0},{"date":"17/11/2025","date_ts":1763337600000,"profit_abs":-1.6331458,"wins":1,"draws":0,"losses":1,"trades":2,"profit_factor":0.64453102},{"date":"24/11/2025","date_ts":1763942400000,"profit_abs":1.6587279,"wins":1,"draws":0,"losses":0,"trades":1,"profit_factor":0.0},{"date":"01/12/2025","date_ts":1764547200000,"profit_abs":0.0,"wins":0,"draws":1,"losses":0,"trades":1,"profit_factor":0.0},{"date":"08/12/2025","date_ts":1765152000000,"profit_abs":0.828177,"wins":1,"draws":0,"losses":0,"trades":1,"profit_factor":0.0},{"date":"15/12/2025","date_ts":1765756800000,"profit_abs":9.51946425,"wins":1,"draws":0,"losses":0,"trades":1,"profit_factor":0.0},{"date":"22/12/2025","date_ts":1766361600000,"profit_abs":-2.78515242,"wins":0,"draws":0,"losses":1,"trades":1,"profit_factor":0.0},{"date":"29/12/2025","date_ts":1766966400000,"profit_abs":0.0,"wins":0,"draws":0,"losses":0,"trades":0,"profit_factor":0.0},{"date":"05/01/2026","date_ts":1767571200000,"profit_abs":0.0,"wins":0,"draws":1,"losses":0,"trades":1,"profit_factor":0.0}],"month":[{"date":"31/10/2025","date_ts":1761868800000,"profit_abs":-25.68569491,"wins":0,"draws":0,"losses":2,"trades":2,"profit_factor":0.0},{"date":"30/11/2025","date_ts":1764460800000,"profit_abs":-5.21860765,"wins":2,"draws":1,"losses":2,"trades":5,"profit_factor":0.46957451},{"date":"31/12/2025","date_ts":1767139200000,"profit_abs":7.56248883,"wins":2,"draws":1,"losses":1,"trades":4,"profit_factor":3.71528724}],"year":[{"date":"31/12/2025","date_ts":1767139200000,"profit_abs":-23.34181373,"wins":4,"draws":2,"losses":5,"trades":11,"profit_factor":0.39070236}],"weekday":[{"date":"Monday","date_ts":0,"profit_abs":-12.28163131,"wins":1,"draws":0,"losses":2,"trades":3,"profit_factor":0.11898746},{"date":"Tuesday","date_ts":1,"profit_abs":4.92512297,"wins":1,"draws":1,"losses":1,"trades":3,"profit_factor":2.07199763},{"date":"Wednesday","date_ts":2,"profit_abs":-16.98952545,"wins":0,"draws":0,"losses":1,"trades":1,"profit_factor":0.0},{"date":"Thursday","date_ts":3,"profit_abs":2.96119548,"wins":1,"draws":0,"losses":0,"trades":1,"profit_factor":0.0},{"date":"Friday","date_ts":4,"profit_abs":0.0,"wins":0,"draws":1,"losses":0,"trades":1,"profit_factor":0.0},{"date":"Sunday","date_ts":6,"profit_abs":-1.95697542,"wins":1,"draws":0,"losses":1,"trades":2,"profit_factor":0.29735428}]},"backtest_best_day":0.029722498963783994,"backtest_worst_day":-0.05188581425961381,"backtest_best_day_abs":9.51946425,"backtest_worst_day_abs":-16.98952545,"winning_days":4,"draw_days":70,"losing_days":5,"daily_profit":[["2025-10-13",-8.69616946],["2025-10-14",0.0],["2025-10-15",0.0],["2025-10-16",0.0],["2025-10-17",0.0],["2025-10-18",0.0],["2025-10-19",0.0],["2025-10-20",0.0],["2025-10-21",0.0],["2025-10-22",-16.98952545],["2025-10-23",0.0],["2025-10-24",0.0],["2025-10-25",0.0],["2025-10-26",0.0],["2025-10-27",0.0],["2025-10-28",0.0],["2025-10-29",0.0],["2025-10-30",0.0],["2025-10-31",0.0],["2025-11-01",0.0],["2025-11-02",0.0],["2025-11-03",-5.24418975],["2025-11-04",0.0],["2025-11-05",0.0],["2025-11-06",0.0],["2025-11-07",0.0],["2025-11-08",0.0],["2025-11-09",0.0],["2025-11-10",0.0],["2025-11-11",-4.59434128],["2025-11-12",0.0],["2025-11-13",2.96119548],["2025-11-14",0.0],["2025-11-15",0.0],["2025-11-16",0.0],["2025-11-17",0.0],["2025-11-18",0.0],["2025-11-19",0.0],["2025-11-20",0.0],["2025-11-21",0.0],["2025-11-22",0.0],["2025-11-23",0.0],["2025-11-24",1.6587279],["2025-11-25",0.0],["2025-11-26",0.0],["2025-11-27",0.0],["2025-11-28",0.0],["2025-11-29",0.0],["2025-11-30",0.0],["2025-12-01",0.0],["2025-12-02",0.0],["2025-12-03",0.0],["2025-12-04",0.0],["2025-12-05",0.0],["2025-12-06",0.0],["2025-12-07",0.828177],["2025-12-08",0.0],["2025-12-09",9.51946425],["2025-12-10",0.0],["2025-12-11",0.0],["2025-12-12",0.0],["2025-12-13",0.0],["2025-12-14",0.0],["2025-12-15",0.0],["2025-12-16",0.0],["2025-12-17",0.0],["2025-12-18",0.0],["2025-12-19",0.0],["2025-12-20",0.0],["2025-12-21",-2.78515242],["2025-12-22",0.0],["2025-12-23",0.0],["2025-12-24",0.0],["2025-12-25",0.0],["2025-12-26",0.0],["2025-12-27",0.0],["2025-12-28",0.0],["2025-12-29",0.0],["2025-12-30",0.0]],"wins":4,"losses":5,"draws":2,"winrate":0.36363636363636365,"holding_avg":"2:44:00","holding_avg_s":9840.0,"winner_holding_min":"0d 02:00","winner_holding_min_s":7200.0,"winner_holding_max":"0d 02:00","winner_holding_max_s":7200.0,"winner_holding_avg":"0d 02:00","winner_holding_avg_s":7200.0,"loser_holding_min":"0d 01:00","loser_holding_min_s":3600.0,"loser_holding_max":"0d 09:00","loser_holding_max_s":32400.0,"loser_holding_avg":"0d 03:00","loser_holding_avg_s":10800.0,"max_consecutive_wins":2,"max_consecutive_losses":4,"max_drawdown_account":0.03552422593999995,"max_relative_drawdown":0.03552422593999995,"max_drawdown_abs":35.52422594,"drawdown_start":"2025-10-13 15:00:00","drawdown_start_ts":1760367600000.0,"drawdown_end":"2025-11-11 01:00:00","drawdown_end_ts":1762822800000.0,"drawdown_duration":"28 days 10:00:00","drawdown_duration_s":2455200.0,"max_drawdown_low":-35.52422594,"max_drawdown_high":0.0,"csum_min":964.47577406,"csum_max":991.30383054}},"strategy_comparison":[{"key":"ACO_29_18","trades":11,"profit_mean":-0.0064252052137950535,"profit_mean_pct":-0.64,"profit_total_abs":-23.341813730000002,"profit_total":-0.02334181373,"profit_total_pct":-2.33,"duration_avg":"2:44:00","wins":4,"draws":2,"losses":5,"winrate":0.36363636363636365,"cagr":-0.08503907567914659,"expectancy":-2.1219830663636365,"expectancy_ratio":-0.4587716534228352,"sortino":-0.9118022380703774,"sharpe":-0.7004045308752448,"calmar":-12.941501690566685,"sqn":-1.0223,"profit_factor":0.39070236246976264,"max_drawdown_account":0.03552422593999995,"max_drawdown_abs":"35.524"}]}