{"strategy":{"ACO_8_1":{"trades":[{"pair":"DOGE/USDT","stake_amount":329.95269,"max_stake_amount":329.95269,"amount":1269.0,"open_date":"2025-10-03 21:00:00+00:00","close_date":"2025-10-04 16:00:00+00:00","open_rate":0.26001,"close_rate":0.24701,"fee_open":0.001,"fee_close":0.001,"trade_duration":1140,"profit_ratio":-0.05189618273730424,"profit_abs":-17.14040838,"exit_reason":"stop_loss","initial_stop_loss_abs":0.24701,"initial_stop_loss_ratio":-0.05,"stop_loss_abs":0.24701,"stop_loss_ratio":-0.05,"min_rate":0.2467,"max_rate":0.26041,"is_open":false,"enter_tag":"","leverage":1.0,"is_short":false,"open_timestamp":1759525200000,"close_timestamp":1759593600000,"orders":[{"amount":1269.0,"safe_price":0.26001,"ft_order_side":"buy","order_filled_timestamp":1759525200000,"ft_is_entry":true,"ft_order_tag":"","cost":330.28264269},{"amount":1269.0,"safe_price":0.24701,"ft_order_side":"sell","order_filled_timestamp":1759593600000,"ft_is_entry":false,"ft_order_tag":"stop_loss","cost":313.76914568999996}],"funding_fees":0.0,"weekday":5},{"pair":"DOGE/USDT","stake_amount":324.11664,"max_stake_amount":324.11664,"amount":1296.0,"open_date":"2025-10-04 22:00:00+00:00","close_date":"2025-10-05 00:00:00+00:00","open_rate":0.25009,"close_rate":0.25085,"fee_open":0.001,"fee_close":0.001,"trade_duration":120,"profit_ratio":0.0010348322555927818,"profit_abs":0.33574176,"exit_reason":"roi","initial_stop_loss_abs":0.23759,"initial_stop_loss_ratio":-0.05,"stop_loss_abs":0.23759,"stop_loss_ratio":-0.05,"min_rate":0.24951,"max_rate":0.2516,"is_open":false,"enter_tag":"","leverage":1.0,"is_short":false,"open_timestamp":1759615200000,"close_timestamp":1759622400000,"orders":[{"amount":1296.0,"safe_price":0.25009,"ft_order_side":"buy","order_filled_timestamp":1759615200000,"ft_is_entry":true,"ft_order_tag":"","cost":324.4407566399999},{"amount":1296.0,"safe_price":0.25085,"ft_order_side":"sell","order_filled_timestamp":1759622400000,"ft_is_entry":false,"ft_order_tag":"roi","cost":325.4267016}],"funding_fees":0.0,"weekday":6},{"pair":"DOGE/USDT","stake_amount":324.21325,"max_stake_amount":324.21325,"amount":1315.0,"open_date":"2025-10-09 20:00:00+00:00","close_date":"2025-10-09 22:00:00+00:00","open_rate":0.24655,"close_rate":0.24883,"fee_open":0.001,"fee_close":0.001,"trade_duration":120,"profit_ratio":0.00723113836072668,"profit_abs":2.3467753,"exit_reason":"roi","initial_stop_loss_abs":0.23423,"initial_stop_loss_ratio":-0.05,"stop_loss_abs":0.23423,"stop_loss_ratio":-0.05,"min_rate":0.24586,"max_rate":0.25037,"is_open":false,"enter_tag":"","leverage":1.0,"is_short":false,"open_timestamp":1760040000000,"close_timestamp":1760047200000,"orders":[{"amount":1315.0,"safe_price":0.24655,"ft_order_side":"buy","order_filled_timestamp":1760040000000,"ft_is_entry":true,"ft_order_tag":"","cost":324.53746325},{"amount":1315.0,"safe_price":0.24883,"ft_order_side":"sell","order_filled_timestamp":1760047200000,"ft_is_entry":false,"ft_order_tag":"roi","cost":327.53866144999995}],"funding_fees":0.0,"weekday":3},{"pair":"DOGE/USDT","stake_amount":325.18863,"max_stake_amount":325.18863,"amount":1599.0,"open_date":"2025-10-14 18:00:00+00:00","close_date":"2025-10-14 20:00:00+00:00","open_rate":0.20337,"close_rate":0.20377714714714712,"fee_open":0.001,"fee_close":0.001,"trade_duration":120,"profit_ratio":0.0,"profit_abs":0.0,"exit_reason":"roi","initial_stop_loss_abs":0.19321,"initial_stop_loss_ratio":-0.05,"stop_loss_abs":0.19321,"stop_loss_ratio":-0.05,"min_rate":0.20036,"max_rate":0.20574,"is_open":false,"enter_tag":"","leverage":1.0,"is_short":false,"open_timestamp":1760464800000,"close_timestamp":1760472000000,"orders":[{"amount":1599.0,"safe_price":0.20337,"ft_order_side":"buy","order_filled_timestamp":1760464800000,"ft_is_entry":true,"ft_order_tag":"","cost":325.51381862999995},{"amount":1599.0,"safe_price":0.20377714714714712,"ft_order_side":"sell","order_filled_timestamp":1760472000000,"ft_is_entry":false,"ft_order_tag":"roi","cost":326.1654979465765}],"funding_fees":0.0,"weekday":1},{"pair":"DOGE/USDT","stake_amount":325.1742,"max_stake_amount":325.1742,"amount":1774.0,"open_date":"2025-10-17 14:00:00+00:00","close_date":"2025-10-17 16:00:00+00:00","open_rate":0.1833,"close_rate":0.18488,"fee_open":0.001,"fee_close":0.001,"trade_duration":120,"profit_ratio":0.006604524771464216,"profit_abs":2.14976868,"exit_reason":"roi","initial_stop_loss_abs":0.17414,"initial_stop_loss_ratio":-0.05,"stop_loss_abs":0.17414,"stop_loss_ratio":-0.05,"min_rate":0.17968,"max_rate":0.18726,"is_open":false,"enter_tag":"","leverage":1.0,"is_short":false,"open_timestamp":1760709600000,"close_timestamp":1760716800000,"orders":[{"amount":1774.0,"safe_price":0.1833,"ft_order_side":"buy","order_filled_timestamp":1760709600000,"ft_is_entry":true,"ft_order_tag":"","cost":325.4993742},{"amount":1774.0,"safe_price":0.18488,"ft_order_side":"sell","order_filled_timestamp":1760716800000,"ft_is_entry":false,"ft_order_tag":"roi","cost":328.3050971199999}],"funding_fees":0.0,"weekday":4},{"pair":"DOGE/USDT","stake_amount":325.9089,"max_stake_amount":325.9089,"amount":1710.0,"open_date":"2025-10-19 04:00:00+00:00","close_date":"2025-10-19 09:00:00+00:00","open_rate":0.19059,"close_rate":0.19097156156156156,"fee_open":0.001,"fee_close":0.001,"trade_duration":300,"profit_ratio":0.0,"profit_abs":0.0,"exit_reason":"roi","initial_stop_loss_abs":0.18107,"initial_stop_loss_ratio":-0.05,"stop_loss_abs":0.18107,"stop_loss_ratio":-0.05,"min_rate":0.186,"max_rate":0.19184,"is_open":false,"enter_tag":"","leverage":1.0,"is_short":false,"open_timestamp":1760846400000,"close_timestamp":1760864400000,"orders":[{"amount":1710.0,"safe_price":0.19059,"ft_order_side":"buy","order_filled_timestamp":1760846400000,"ft_is_entry":true,"ft_order_tag":"","cost":326.23480889999996},{"amount":1710.0,"safe_price":0.19097156156156156,"ft_order_side":"sell","order_filled_timestamp":1760864400000,"ft_is_entry":false,"ft_order_tag":"roi","cost":326.8879316405405}],"funding_fees":0.0,"weekday":6},{"pair":"DOGE/USDT","stake_amount":325.89187,"max_stake_amount":325.89187,"amount":1649.0,"open_date":"2025-10-24 05:00:00+00:00","close_date":"2025-10-24 07:00:00+00:00","open_rate":0.19763,"close_rate":0.19837,"fee_open":0.001,"fee_close":0.001,"trade_duration":120,"profit_ratio":0.0017388875355783212,"profit_abs":0.567256,"exit_reason":"roi","initial_stop_loss_abs":0.18775,"initial_stop_loss_ratio":-0.05,"stop_loss_abs":0.18775,"stop_loss_ratio":-0.05,"min_rate":0.19608,"max_rate":0.19849,"is_open":false,"enter_tag":"","leverage":1.0,"is_short":false,"open_timestamp":1761282000000,"close_timestamp":1761289200000,"orders":[{"amount":1649.0,"safe_price":0.19763,"ft_order_side":"buy","order_filled_timestamp":1761282000000,"ft_is_entry":true,"ft_order_tag":"","cost":326.21776186999995},{"amount":1649.0,"safe_price":0.19837,"ft_order_side":"sell","order_filled_timestamp":1761289200000,"ft_is_entry":false,"ft_order_tag":"roi","cost":327.43924212999997}],"funding_fees":0.0,"weekday":4},{"pair":"DOGE/USDT","stake_amount":326.1031,"max_stake_amount":326.1031,"amount":1622.0,"open_date":"2025-10-28 13:00:00+00:00","close_date":"2025-10-28 16:00:00+00:00","open_rate":0.20105,"close_rate":0.2014525025025025,"fee_open":0.001,"fee_close":0.001,"trade_duration":180,"profit_ratio":0.0,"profit_abs":0.0,"exit_reason":"roi","initial_stop_loss_abs":0.191,"initial_stop_loss_ratio":-0.05,"stop_loss_abs":0.191,"stop_loss_ratio":-0.05,"min_rate":0.19617,"max_rate":0.20311,"is_open":false,"enter_tag":"","leverage":1.0,"is_short":false,"open_timestamp":1761656400000,"close_timestamp":1761667200000,"orders":[{"amount":1622.0,"safe_price":0.20105,"ft_order_side":"buy","order_filled_timestamp":1761656400000,"ft_is_entry":true,"ft_order_tag":"","cost":326.42920309999994},{"amount":1622.0,"safe_price":0.2014525025025025,"ft_order_side":"sell","order_filled_timestamp":1761667200000,"ft_is_entry":false,"ft_order_tag":"roi","cost":327.08271501811805}],"funding_fees":0.0,"weekday":1},{"pair":"DOGE/USDT","stake_amount":326.06208,"max_stake_amount":326.06208,"amount":1769.0,"open_date":"2025-11-10 10:00:00+00:00","close_date":"2025-11-11 01:00:00+00:00","open_rate":0.18432,"close_rate":0.184689009009009,"fee_open":0.001,"fee_close":0.001,"trade_duration":900,"profit_ratio":0.0,"profit_abs":0.0,"exit_reason":"roi","initial_stop_loss_abs":0.17511,"initial_stop_loss_ratio":-0.05,"stop_loss_abs":0.17511,"stop_loss_ratio":-0.05,"min_rate":0.17722,"max_rate":0.1864,"is_open":false,"enter_tag":"","leverage":1.0,"is_short":false,"open_timestamp":1762768800000,"close_timestamp":1762822800000,"orders":[{"amount":1769.0,"safe_price":0.18432,"ft_order_side":"buy","order_filled_timestamp":1762768800000,"ft_is_entry":true,"ft_order_tag":"","cost":326.38814208},{"amount":1769.0,"safe_price":0.184689009009009,"ft_order_side":"sell","order_filled_timestamp":1762822800000,"ft_is_entry":false,"ft_order_tag":"roi","cost":327.04157179387386}],"funding_fees":0.0,"weekday":1},{"pair":"DOGE/USDT","stake_amount":325.99908,"max_stake_amount":325.99908,"amount":1782.0,"open_date":"2025-11-11 03:00:00+00:00","close_date":"2025-11-11 19:00:00+00:00","open_rate":0.18294,"close_rate":0.1738,"fee_open":0.001,"fee_close":0.001,"trade_duration":960,"profit_ratio":-0.05185991443780883,"profit_abs":-16.92319068,"exit_reason":"stop_loss","initial_stop_loss_abs":0.1738,"initial_stop_loss_ratio":-0.05,"stop_loss_abs":0.1738,"stop_loss_ratio":-0.05,"min_rate":0.17344,"max_rate":0.18394,"is_open":false,"enter_tag":"","leverage":1.0,"is_short":false,"open_timestamp":1762830000000,"close_timestamp":1762887600000,"orders":[{"amount":1782.0,"safe_price":0.18294,"ft_order_side":"buy","order_filled_timestamp":1762830000000,"ft_is_entry":true,"ft_order_tag":"","cost":326.32507907999997},{"amount":1782.0,"safe_price":0.1738,"ft_order_side":"sell","order_filled_timestamp":1762887600000,"ft_is_entry":false,"ft_order_tag":"stop_loss","cost":310.0213116}],"funding_fees":0.0,"weekday":1},{"pair":"DOGE/USDT","stake_amount":320.4205,"max_stake_amount":320.4205,"amount":1970.0,"open_date":"2025-11-14 15:00:00+00:00","close_date":"2025-11-14 17:00:00+00:00","open_rate":0.16265,"close_rate":0.16401,"fee_open":0.001,"fee_close":0.001,"trade_duration":120,"profit_ratio":0.006346804133462602,"profit_abs":2.0356798,"exit_reason":"roi","initial_stop_loss_abs":0.15452,"initial_stop_loss_ratio":-0.05,"stop_loss_abs":0.15452,"stop_loss_ratio":-0.05,"min_rate":0.1609,"max_rate":0.16477,"is_open":false,"enter_tag":"","leverage":1.0,"is_short":false,"open_timestamp":1763132400000,"close_timestamp":1763139600000,"orders":[{"amount":1970.0,"safe_price":0.16265,"ft_order_side":"buy","order_filled_timestamp":1763132400000,"ft_is_entry":true,"ft_order_tag":"","cost":320.74092049999996},{"amount":1970.0,"safe_price":0.16401,"ft_order_side":"sell","order_filled_timestamp":1763139600000,"ft_is_entry":false,"ft_order_tag":"roi","cost":323.4227996999999}],"funding_fees":0.0,"weekday":4},{"pair":"DOGE/USDT","stake_amount":321.0915,"max_stake_amount":321.0915,"amount":2270.0,"open_date":"2025-11-21 17:00:00+00:00","close_date":"2025-11-22 22:00:00+00:00","open_rate":0.14145,"close_rate":0.14173318318318318,"fee_open":0.001,"fee_close":0.001,"trade_duration":1740,"profit_ratio":0.0,"profit_abs":0.0,"exit_reason":"roi","initial_stop_loss_abs":0.13438,"initial_stop_loss_ratio":-0.05,"stop_loss_abs":0.13438,"stop_loss_ratio":-0.05,"min_rate":0.13549,"max_rate":0.1435,"is_open":false,"enter_tag":"","leverage":1.0,"is_short":false,"open_timestamp":1763744400000,"close_timestamp":1763848800000,"orders":[{"amount":2270.0,"safe_price":0.14145,"ft_order_side":"buy","order_filled_timestamp":1763744400000,"ft_is_entry":true,"ft_order_tag":"","cost":321.41259149999996},{"amount":2270.0,"safe_price":0.14173318318318318,"ft_order_side":"sell","order_filled_timestamp":1763848800000,"ft_is_entry":false,"ft_order_tag":"roi","cost":322.0560601516516}],"funding_fees":0.0,"weekday":5},{"pair":"DOGE/USDT","stake_amount":321.19608,"max_stake_amount":321.19608,"amount":2126.0,"open_date":"2025-11-25 20:00:00+00:00","close_date":"2025-11-25 22:00:00+00:00","open_rate":0.15108,"close_rate":0.15269,"fee_open":0.001,"fee_close":0.001,"trade_duration":120,"profit_ratio":0.008637311854150615,"profit_abs":2.77704498,"exit_reason":"roi","initial_stop_loss_abs":0.14353,"initial_stop_loss_ratio":-0.05,"stop_loss_abs":0.14353,"stop_loss_ratio":-0.05,"min_rate":0.15083,"max_rate":0.15377,"is_open":false,"enter_tag":"","leverage":1.0,"is_short":false,"open_timestamp":1764100800000,"close_timestamp":1764108000000,"orders":[{"amount":2126.0,"safe_price":0.15108,"ft_order_side":"buy","order_filled_timestamp":1764100800000,"ft_is_entry":true,"ft_order_tag":"","cost":321.51727608},{"amount":2126.0,"safe_price":0.15269,"ft_order_side":"sell","order_filled_timestamp":1764108000000,"ft_is_entry":false,"ft_order_tag":"roi","cost":324.94355893999995}],"funding_fees":0.0,"weekday":1},{"pair":"DOGE/USDT","stake_amount":321.9828,"max_stake_amount":321.9828,"amount":2138.0,"open_date":"2025-11-29 05:00:00+00:00","close_date":"2025-12-01 00:00:00+00:00","open_rate":0.1506,"close_rate":0.14307,"fee_open":0.001,"fee_close":0.001,"trade_duration":2580,"profit_ratio":-0.051898101898101894,"profit_abs":-16.72700646,"exit_reason":"stop_loss","initial_stop_loss_abs":0.14307,"initial_stop_loss_ratio":-0.05,"stop_loss_abs":0.14307,"stop_loss_ratio":-0.05,"min_rate":0.13876,"max_rate":0.15062,"is_open":false,"enter_tag":"","leverage":1.0,"is_short":false,"open_timestamp":1764392400000,"close_timestamp":1764547200000,"orders":[{"amount":2138.0,"safe_price":0.1506,"ft_order_side":"buy","order_filled_timestamp":1764392400000,"ft_is_entry":true,"ft_order_tag":"","cost":322.30478279999994},{"amount":2138.0,"safe_price":0.14307,"ft_order_side":"sell","order_filled_timestamp":1764547200000,"ft_is_entry":false,"ft_order_tag":"stop_loss","cost":306.18954365999997}],"funding_fees":0.0,"weekday":0},{"pair":"DOGE/USDT","stake_amount":316.5708,"max_stake_amount":316.5708,"amount":2366.0,"open_date":"2025-12-01 21:00:00+00:00","close_date":"2025-12-01 23:00:00+00:00","open_rate":0.1338,"close_rate":0.13584,"fee_open":0.001,"fee_close":0.001,"trade_duration":120,"profit_ratio":0.013218171962566583,"profit_abs":4.18867176,"exit_reason":"roi","initial_stop_loss_abs":0.12711,"initial_stop_loss_ratio":-0.05,"stop_loss_abs":0.12711,"stop_loss_ratio":-0.05,"min_rate":0.13376,"max_rate":0.13663,"is_open":false,"enter_tag":"","leverage":1.0,"is_short":false,"open_timestamp":1764622800000,"close_timestamp":1764630000000,"orders":[{"amount":2366.0,"safe_price":0.1338,"ft_order_side":"buy","order_filled_timestamp":1764622800000,"ft_is_entry":true,"ft_order_tag":"","cost":316.8873708},{"amount":2366.0,"safe_price":0.13584,"ft_order_side":"sell","order_filled_timestamp":1764630000000,"ft_is_entry":false,"ft_order_tag":"roi","cost":321.7188374399999}],"funding_fees":0.0,"weekday":0},{"pair":"DOGE/USDT","stake_amount":317.9796,"max_stake_amount":317.9796,"amount":2248.0,"open_date":"2025-12-07 18:00:00+00:00","close_date":"2025-12-07 20:00:00+00:00","open_rate":0.14145,"close_rate":0.1421,"fee_open":0.001,"fee_close":0.001,"trade_duration":120,"profit_ratio":0.002588080000593256,"profit_abs":0.8237796,"exit_reason":"roi","initial_stop_loss_abs":0.13438,"initial_stop_loss_ratio":-0.05,"stop_loss_abs":0.13438,"stop_loss_ratio":-0.05,"min_rate":0.14126,"max_rate":0.14291,"is_open":false,"enter_tag":"","leverage":1.0,"is_short":false,"open_timestamp":1765130400000,"close_timestamp":1765137600000,"orders":[{"amount":2248.0,"safe_price":0.14145,"ft_order_side":"buy","order_filled_timestamp":1765130400000,"ft_is_entry":true,"ft_order_tag":"","cost":318.29757959999995},{"amount":2248.0,"safe_price":0.1421,"ft_order_side":"sell","order_filled_timestamp":1765137600000,"ft_is_entry":false,"ft_order_tag":"roi","cost":319.76024079999996}],"funding_fees":0.0,"weekday":6},{"pair":"DOGE/USDT","stake_amount":318.15894,"max_stake_amount":318.15894,"amount":2447.0,"open_date":"2025-12-24 01:00:00+00:00","close_date":"2025-12-25 22:00:00+00:00","open_rate":0.13002,"close_rate":0.12352,"fee_open":0.001,"fee_close":0.001,"trade_duration":2700,"profit_ratio":-0.051890426140541505,"profit_abs":-16.52591238,"exit_reason":"stop_loss","initial_stop_loss_abs":0.12352,"initial_stop_loss_ratio":-0.05,"stop_loss_abs":0.12352,"stop_loss_ratio":-0.05,"min_rate":0.12319,"max_rate":0.13038,"is_open":false,"enter_tag":"","leverage":1.0,"is_short":false,"open_timestamp":1766538000000,"close_timestamp":1766700000000,"orders":[{"amount":2447.0,"safe_price":0.13002,"ft_order_side":"buy","order_filled_timestamp":1766538000000,"ft_is_entry":true,"ft_order_tag":"","cost":318.47709893999996},{"amount":2447.0,"safe_price":0.12352,"ft_order_side":"sell","order_filled_timestamp":1766700000000,"ft_is_entry":false,"ft_order_tag":"stop_loss","cost":302.55569343999997}],"funding_fees":0.0,"weekday":3},{"pair":"DOGE/USDT","stake_amount":312.80942,"max_stake_amount":312.80942,"amount":2519.0,"open_date":"2025-12-28 14:00:00+00:00","close_date":"2025-12-28 16:00:00+00:00","open_rate":0.12418,"close_rate":0.12442860860860859,"fee_open":0.001,"fee_close":0.001,"trade_duration":120,"profit_ratio":0.0,"profit_abs":0.0,"exit_reason":"roi","initial_stop_loss_abs":0.11798,"initial_stop_loss_ratio":-0.05,"stop_loss_abs":0.11798,"stop_loss_ratio":-0.05,"min_rate":0.12398,"max_rate":0.1249,"is_open":false,"enter_tag":"","leverage":1.0,"is_short":false,"open_timestamp":1766930400000,"close_timestamp":1766937600000,"orders":[{"amount":2519.0,"safe_price":0.12418,"ft_order_side":"buy","order_filled_timestamp":1766930400000,"ft_is_entry":true,"ft_order_tag":"","cost":313.12222941999994},{"amount":2519.0,"safe_price":0.12442860860860859,"ft_order_side":"sell","order_filled_timestamp":1766937600000,"ft_is_entry":false,"ft_order_tag":"roi","cost":313.74910075017004}],"funding_fees":0.0,"weekday":6},{"pair":"DOGE/USDT","stake_amount":312.72486,"max_stake_amount":312.72486,"amount":2499.0,"open_date":"2025-12-29 01:00:00+00:00","close_date":"2025-12-29 03:00:00+00:00","open_rate":0.12514,"close_rate":0.12639,"fee_open":0.001,"fee_close":0.001,"trade_duration":120,"profit_ratio":0.0079708528645719,"profit_abs":2.49517653,"exit_reason":"roi","initial_stop_loss_abs":0.11889,"initial_stop_loss_ratio":-0.05,"stop_loss_abs":0.11889,"stop_loss_ratio":-0.05,"min_rate":0.12437,"max_rate":0.12777,"is_open":false,"enter_tag":"","leverage":1.0,"is_short":false,"open_timestamp":1766970000000,"close_timestamp":1766977200000,"orders":[{"amount":2499.0,"safe_price":0.12514,"ft_order_side":"buy","order_filled_timestamp":1766970000000,"ft_is_entry":true,"ft_order_tag":"","cost":313.0375848599999},{"amount":2499.0,"safe_price":0.12639,"ft_order_side":"sell","order_filled_timestamp":1766977200000,"ft_is_entry":false,"ft_order_tag":"roi","cost":316.16445861}],"funding_fees":0.0,"weekday":0},{"pair":"DOGE/USDT","stake_amount":313.51444,"max_stake_amount":313.51444,"amount":2546.0,"open_date":"2025-12-31 10:00:00+00:00","close_date":"2025-12-31 12:00:00+00:00","open_rate":0.12314,"close_rate":0.12342,"fee_open":0.001,"fee_close":0.001,"trade_duration":120,"profit_ratio":0.00027128953554160637,"profit_abs":0.08513824,"exit_reason":"roi","initial_stop_loss_abs":0.11699,"initial_stop_loss_ratio":-0.05,"stop_loss_abs":0.11699,"stop_loss_ratio":-0.05,"min_rate":0.12282,"max_rate":0.12361,"is_open":false,"enter_tag":"","leverage":1.0,"is_short":false,"open_timestamp":1767175200000,"close_timestamp":1767182400000,"orders":[{"amount":2546.0,"safe_price":0.12314,"ft_order_side":"buy","order_filled_timestamp":1767175200000,"ft_is_entry":true,"ft_order_tag":"","cost":313.8279544399999},{"amount":2546.0,"safe_price":0.12342,"ft_order_side":"sell","order_filled_timestamp":1767182400000,"ft_is_entry":false,"ft_order_tag":"roi","cost":314.54154732}],"funding_fees":0.0,"weekday":2},{"pair":"DOGE/USDT","stake_amount":313.65465,"max_stake_amount":313.65465,"amount":2055.0,"open_date":"2026-01-06 15:00:00+00:00","close_date":"2026-01-06 16:00:00+00:00","open_rate":0.15263,"close_rate":0.145,"fee_open":0.001,"fee_close":0.001,"trade_duration":60,"profit_ratio":-0.05188829384596927,"profit_abs":-16.29127965,"exit_reason":"stop_loss","initial_stop_loss_abs":0.145,"initial_stop_loss_ratio":-0.05,"stop_loss_abs":0.145,"stop_loss_ratio":-0.05,"min_rate":0.14417,"max_rate":0.15353,"is_open":false,"enter_tag":"","leverage":1.0,"is_short":false,"open_timestamp":1767711600000,"close_timestamp":1767715200000,"orders":[{"amount":2055.0,"safe_price":0.15263,"ft_order_side":"buy","order_filled_timestamp":1767711600000,"ft_is_entry":true,"ft_order_tag":"","cost":313.96830464999994},{"amount":2055.0,"safe_price":0.145,"ft_order_side":"sell","order_filled_timestamp":1767715200000,"ft_is_entry":false,"ft_order_tag":"stop_loss","cost":298.2729749999999}],"funding_fees":0.0,"weekday":1}],"locks":[],"best_pair":{"key":"DOGE/USDT","trades":21,"profit_mean":-0.009704334561213198,"profit_mean_pct":-0.97,"profit_total_abs":-65.8027649,"profit_total":-0.0658027649,"profit_total_pct":-6.58,"duration_avg":"9:31:00","wins":10,"draws":6,"losses":5,"winrate":0.47619047619047616,"cagr":-0.22595943760663106,"expectancy":-3.1334649952380955,"expectancy_ratio":-0.473105000878394,"sortino":-43.71251166510007,"sharpe":-1.6871810581966653,"calmar":-19.69584863354926,"sqn":-1.8242,"profit_factor":0.21295899631074539,"max_drawdown_account":0.06580276490000006,"max_drawdown_abs":65.8027649},"worst_pair":{"key":"DOGE/USDT","trades":21,"profit_mean":-0.009704334561213198,"profit_mean_pct":-0.97,"profit_total_abs":-65.8027649,"profit_total":-0.0658027649,"profit_total_pct":-6.58,"duration_avg":"9:31:00","wins":10,"draws":6,"losses":5,"winrate":0.47619047619047616,"cagr":-0.22595943760663106,"expectancy":-3.1334649952380955,"expectancy_ratio":-0.473105000878394,"sortino":-43.71251166510007,"sharpe":-1.6871810581966653,"calmar":-19.69584863354926,"sqn":-1.8242,"profit_factor":0.21295899631074539,"max_drawdown_account":0.06580276490000006,"max_drawdown_abs":65.8027649},"results_per_pair":[{"key":"DOGE/USDT","trades":21,"profit_mean":-0.009704334561213198,"profit_mean_pct":-0.97,"profit_total_abs":-65.8027649,"profit_total":-0.0658027649,"profit_total_pct":-6.58,"duration_avg":"9:31:00","wins":10,"draws":6,"losses":5,"winrate":0.47619047619047616,"cagr":-0.22595943760663106,"expectancy":-3.1334649952380955,"expectancy_ratio":-0.473105000878394,"sortino":-43.71251166510007,"sharpe":-1.6871810581966653,"calmar":-19.69584863354926,"sqn":-1.8242,"profit_factor":0.21295899631074539,"max_drawdown_account":0.06580276490000006,"max_drawdown_abs":65.8027649},{"key":"TOTAL","trades":21,"profit_mean":-0.009704334561213198,"profit_mean_pct":-0.97,"profit_total_abs":-65.8027649,"profit_total":-0.0658027649,"profit_total_pct":-6.58,"duration_avg":"9:31:00","wins":10,"draws":6,"losses":5,"winrate":0.47619047619047616,"cagr":-0.22595943760663106,"expectancy":-3.1334649952380955,"expectancy_ratio":-0.473105000878394,"sortino":-43.71251166510007,"sharpe":-1.6871810581966653,"calmar":-19.69584863354926,"sqn":-1.8242,"profit_factor":0.21295899631074539,"max_drawdown_account":0.06580276490000006,"max_drawdown_abs":65.8027649}],"results_per_enter_tag":[{"key":"","trades":21,"profit_mean":-0.009704334561213198,"profit_mean_pct":-0.97,"profit_total_abs":-65.8027649,"profit_total":-0.0658027649,"profit_total_pct":-6.58,"duration_avg":"9:31:00","wins":10,"draws":6,"losses":5,"winrate":0.47619047619047616,"cagr":-0.22595943760663106,"expectancy":-3.1334649952380955,"expectancy_ratio":-0.473105000878394,"sortino":-43.71251166510007,"sharpe":-1.6871810581966653,"calmar":-19.69584863354926,"sqn":-1.8242,"profit_factor":0.21295899631074539,"max_drawdown_account":0.06580276490000006,"max_drawdown_abs":65.8027649},{"key":"TOTAL","trades":21,"profit_mean":-0.009704334561213198,"profit_mean_pct":-0.97,"profit_total_abs":-65.8027649,"profit_total":-0.0658027649,"profit_total_pct":-6.58,"duration_avg":"9:31:00","wins":10,"draws":6,"losses":5,"winrate":0.47619047619047616,"cagr":-0.22595943760663106,"expectancy":-3.1334649952380955,"expectancy_ratio":-0.473105000878394,"sortino":-43.71251166510007,"sharpe":-1.6871810581966653,"calmar":-19.69584863354926,"sqn":-1.8242,"profit_factor":0.21295899631074539,"max_drawdown_account":0.06580276490000006,"max_drawdown_abs":65.8027649}],"exit_reason_summary":[{"key":"roi","trades":16,"profit_mean":0.0034776183296405354,"profit_mean_pct":0.35,"profit_total_abs":17.80503265,"profit_total":0.01780503265,"profit_total_pct":1.78,"duration_avg":"4:45:00","wins":10,"draws":6,"losses":0,"winrate":0.625,"cagr":0.06866355288635195,"expectancy":1.112814540625,"expectancy_ratio":100.0,"sortino":-100,"sharpe":2.6964634350399637,"calmar":-100,"sqn":3.3139,"profit_factor":0.0,"max_drawdown_account":0.0,"max_drawdown_abs":0.0},{"key":"stop_loss","trades":5,"profit_mean":-0.05188658381194515,"profit_mean_pct":-5.19,"profit_total_abs":-83.60779755000002,"profit_total":-0.08360779755000002,"profit_total_pct":-8.36,"duration_avg":"1 day, 0:48:00","wins":0,"draws":0,"losses":5,"winrate":0.0,"cagr":-0.2800264326452271,"expectancy":-16.721559510000002,"expectancy_ratio":-1.0,"sortino":-55.54032313462408,"sharpe":-55.54032313462408,"calmar":-19.695848633549282,"sqn":-112.796,"profit_factor":0.0,"max_drawdown_account":0.08360779754999999,"max_drawdown_abs":83.60779755000002},{"key":"TOTAL","trades":21,"profit_mean":-0.009704334561213198,"profit_mean_pct":-0.97,"profit_total_abs":-65.8027649,"profit_total":-0.0658027649,"profit_total_pct":-6.58,"duration_avg":"9:31:00","wins":10,"draws":6,"losses":5,"winrate":0.47619047619047616,"cagr":-0.22595943760663106,"expectancy":-3.1334649952380955,"expectancy_ratio":-0.473105000878394,"sortino":-43.71251166510007,"sharpe":-1.6871810581966653,"calmar":-19.69584863354926,"sqn":-1.8242,"profit_factor":0.21295899631074539,"max_drawdown_account":0.06580276490000006,"max_drawdown_abs":65.8027649}],"mix_tag_stats":[{"key":["","roi"],"trades":16,"profit_mean":0.0034776183296405354,"profit_mean_pct":0.35,"profit_total_abs":17.80503265,"profit_total":0.01780503265,"profit_total_pct":1.78,"duration_avg":"4:45:00","wins":10,"draws":6,"losses":0,"winrate":0.625,"cagr":0.06866355288635195,"expectancy":1.112814540625,"expectancy_ratio":100.0,"sortino":-100,"sharpe":2.6964634350399637,"calmar":-100,"sqn":3.3139,"profit_factor":0.0,"max_drawdown_account":0.0,"max_drawdown_abs":0.0},{"key":["","stop_loss"],"trades":5,"profit_mean":-0.05188658381194515,"profit_mean_pct":-5.19,"profit_total_abs":-83.60779755000002,"profit_total":-0.08360779755000002,"profit_total_pct":-8.36,"duration_avg":"1 day, 0:48:00","wins":0,"draws":0,"losses":5,"winrate":0.0,"cagr":-0.2800264326452271,"expectancy":-16.721559510000002,"expectancy_ratio":-1.0,"sortino":-55.54032313462408,"sharpe":-55.54032313462408,"calmar":-19.695848633549282,"sqn":-112.796,"profit_factor":0.0,"max_drawdown_account":0.08360779754999999,"max_drawdown_abs":83.60779755000002},{"key":"TOTAL","trades":21,"profit_mean":-0.009704334561213198,"profit_mean_pct":-0.97,"profit_total_abs":-65.8027649,"profit_total":-0.0658027649,"profit_total_pct":-6.58,"duration_avg":"9:31:00","wins":10,"draws":6,"losses":5,"winrate":0.47619047619047616,"cagr":-0.22595943760663106,"expectancy":-3.1334649952380955,"expectancy_ratio":-0.473105000878394,"sortino":-43.71251166510007,"sharpe":-1.6871810581966653,"calmar":-19.69584863354926,"sqn":-1.8242,"profit_factor":0.21295899631074539,"max_drawdown_account":0.06580276490000006,"max_drawdown_abs":65.8027649}],"left_open_trades":[{"key":"TOTAL","trades":0,"profit_mean":0.0,"profit_mean_pct":0.0,"profit_total_abs":0.0,"profit_total":0.0,"profit_total_pct":0.0,"duration_avg":"0:00","wins":0,"draws":0,"losses":0,"winrate":0.0,"cagr":0.0,"expectancy":0.0,"expectancy_ratio":100.0,"sortino":0,"sharpe":0,"calmar":0,"sqn":0.0,"profit_factor":0.0,"max_drawdown_account":0.0,"max_drawdown_abs":0.0}],"total_trades":21,"trade_count_long":21,"trade_count_short":0,"total_volume":13458.515435830928,"avg_stake_amount":321.36733476190483,"profit_mean":-0.009704334561213198,"profit_median":0.0,"profit_total":-0.0658027649,"profit_total_long":-0.0658027649,"profit_total_short":0.0,"profit_total_abs":-65.8027649,"profit_total_long_abs":-65.8027649,"profit_total_short_abs":0.0,"cagr":-0.22595943760663106,"expectancy":-3.1334649952380955,"expectancy_ratio":-0.473105000878394,"sortino":-43.71251166510007,"sharpe":-1.6871810581966653,"calmar":-19.69584863354926,"sqn":-1.8242,"profit_factor":0.21295899631074539,"backtest_start":"2025-10-01 00:00:00","backtest_start_ts":1759276800000,"backtest_end":"2026-01-06 20:00:00","backtest_end_ts":1767729600000,"backtest_days":97,"backtest_run_start_ts":1767740847,"backtest_run_end_ts":1767740848,"trades_per_day":0.22,"market_change":-0.36632086436227446,"pairlist":["DOGE/USDT"],"stake_amount":"unlimited","stake_currency":"USDT","stake_currency_decimals":3,"starting_balance":1000,"dry_run_wallet":1000,"final_balance":934.1972351,"rejected_signals":0,"timedout_entry_orders":0,"timedout_exit_orders":0,"canceled_trade_entries":0,"canceled_entry_orders":0,"replaced_entry_orders":0,"max_open_trades":1,"max_open_trades_setting":3,"timeframe":"1h","timeframe_detail":"","timerange":"20251001-","enable_protections":false,"strategy_name":"ACO_8_1","freqaimodel":null,"freqai_identifier":null,"stoploss":-0.05,"trailing_stop":false,"trailing_stop_positive":null,"trailing_stop_positive_offset":0.0,"trailing_only_offset_is_reached":false,"use_custom_stoploss":false,"minimal_roi":{"0":0.1,"60":0.05,"120":0.0},"use_exit_signal":true,"exit_profit_only":false,"exit_profit_offset":0.0,"ignore_roi_if_entry_signal":false,"trading_mode":"spot","margin_mode":"","periodic_breakdown":{"day":[{"date":"04/10/2025","date_ts":1759536000000,"profit_abs":-17.14040838,"wins":0,"draws":0,"losses":1,"trades":1,"profit_factor":0.0},{"date":"05/10/2025","date_ts":1759622400000,"profit_abs":0.33574176,"wins":1,"draws":0,"losses":0,"trades":1,"profit_factor":0.0},{"date":"06/10/2025","date_ts":1759708800000,"profit_abs":0.0,"wins":0,"draws":0,"losses":0,"trades":0,"profit_factor":0.0},{"date":"07/10/2025","date_ts":1759795200000,"profit_abs":0.0,"wins":0,"draws":0,"losses":0,"trades":0,"profit_factor":0.0},{"date":"08/10/2025","date_ts":1759881600000,"profit_abs":0.0,"wins":0,"draws":0,"losses":0,"trades":0,"profit_factor":0.0},{"date":"09/10/2025","date_ts":1759968000000,"profit_abs":2.3467753,"wins":1,"draws":0,"losses":0,"trades":1,"profit_factor":0.0},{"date":"10/10/2025","date_ts":1760054400000,"profit_abs":0.0,"wins":0,"draws":0,"losses":0,"trades":0,"profit_factor":0.0},{"date":"11/10/2025","date_ts":1760140800000,"profit_abs":0.0,"wins":0,"draws":0,"losses":0,"trades":0,"profit_factor":0.0},{"date":"12/10/2025","date_ts":1760227200000,"profit_abs":0.0,"wins":0,"draws":0,"losses":0,"trades":0,"profit_factor":0.0},{"date":"13/10/2025","date_ts":1760313600000,"profit_abs":0.0,"wins":0,"draws":0,"losses":0,"trades":0,"profit_factor":0.0},{"date":"14/10/2025","date_ts":1760400000000,"profit_abs":0.0,"wins":0,"draws":1,"losses":0,"trades":1,"profit_factor":0.0},{"date":"15/10/2025","date_ts":1760486400000,"profit_abs":0.0,"wins":0,"draws":0,"losses":0,"trades":0,"profit_factor":0.0},{"date":"16/10/2025","date_ts":1760572800000,"profit_abs":0.0,"wins":0,"draws":0,"losses":0,"trades":0,"profit_factor":0.0},{"date":"17/10/2025","date_ts":1760659200000,"profit_abs":2.14976868,"wins":1,"draws":0,"losses":0,"trades":1,"profit_factor":0.0},{"date":"18/10/2025","date_ts":1760745600000,"profit_abs":0.0,"wins":0,"draws":0,"losses":0,"trades":0,"profit_factor":0.0},{"date":"19/10/2025","date_ts":1760832000000,"profit_abs":0.0,"wins":0,"draws":1,"losses":0,"trades":1,"profit_factor":0.0},{"date":"20/10/2025","date_ts":1760918400000,"profit_abs":0.0,"wins":0,"draws":0,"losses":0,"trades":0,"profit_factor":0.0},{"date":"21/10/2025","date_ts":1761004800000,"profit_abs":0.0,"wins":0,"draws":0,"losses":0,"trades":0,"profit_factor":0.0},{"date":"22/10/2025","date_ts":1761091200000,"profit_abs":0.0,"wins":0,"draws":0,"losses":0,"trades":0,"profit_factor":0.0},{"date":"23/10/2025","date_ts":1761177600000,"profit_abs":0.0,"wins":0,"draws":0,"losses":0,"trades":0,"profit_factor":0.0},{"date":"24/10/2025","date_ts":1761264000000,"profit_abs":0.567256,"wins":1,"draws":0,"losses":0,"trades":1,"profit_factor":0.0},{"date":"25/10/2025","date_ts":1761350400000,"profit_abs":0.0,"wins":0,"draws":0,"losses":0,"trades":0,"profit_factor":0.0},{"date":"26/10/2025","date_ts":1761436800000,"profit_abs":0.0,"wins":0,"draws":0,"losses":0,"trades":0,"profit_factor":0.0},{"date":"27/10/2025","date_ts":1761523200000,"profit_abs":0.0,"wins":0,"draws":0,"losses":0,"trades":0,"profit_factor":0.0},{"date":"28/10/2025","date_ts":1761609600000,"profit_abs":0.0,"wins":0,"draws":1,"losses":0,"trades":1,"profit_factor":0.0},{"date":"29/10/2025","date_ts":1761696000000,"profit_abs":0.0,"wins":0,"draws":0,"losses":0,"trades":0,"profit_factor":0.0},{"date":"30/10/2025","date_ts":1761782400000,"profit_abs":0.0,"wins":0,"draws":0,"losses":0,"trades":0,"profit_factor":0.0},{"date":"31/10/2025","date_ts":1761868800000,"profit_abs":0.0,"wins":0,"draws":0,"losses":0,"trades":0,"profit_factor":0.0},{"date":"01/11/2025","date_ts":1761955200000,"profit_abs":0.0,"wins":0,"draws":0,"losses":0,"trades":0,"profit_factor":0.0},{"date":"02/11/2025","date_ts":1762041600000,"profit_abs":0.0,"wins":0,"draws":0,"losses":0,"trades":0,"profit_factor":0.0},{"date":"03/11/2025","date_ts":1762128000000,"profit_abs":0.0,"wins":0,"draws":0,"losses":0,"trades":0,"profit_factor":0.0},{"date":"04/11/2025","date_ts":1762214400000,"profit_abs":0.0,"wins":0,"draws":0,"losses":0,"trades":0,"profit_factor":0.0},{"date":"05/11/2025","date_ts":1762300800000,"profit_abs":0.0,"wins":0,"draws":0,"losses":0,"trades":0,"profit_factor":0.0},{"date":"06/11/2025","date_ts":1762387200000,"profit_abs":0.0,"wins":0,"draws":0,"losses":0,"trades":0,"profit_factor":0.0},{"date":"07/11/2025","date_ts":1762473600000,"profit_abs":0.0,"wins":0,"draws":0,"losses":0,"trades":0,"profit_factor":0.0},{"date":"08/11/2025","date_ts":1762560000000,"profit_abs":0.0,"wins":0,"draws":0,"losses":0,"trades":0,"profit_factor":0.0},{"date":"09/11/2025","date_ts":1762646400000,"profit_abs":0.0,"wins":0,"draws":0,"losses":0,"trades":0,"profit_factor":0.0},{"date":"10/11/2025","date_ts":1762732800000,"profit_abs":0.0,"wins":0,"draws":0,"losses":0,"trades":0,"profit_factor":0.0},{"date":"11/11/2025","date_ts":1762819200000,"profit_abs":-16.92319068,"wins":0,"draws":1,"losses":1,"trades":2,"profit_factor":0.0},{"date":"12/11/2025","date_ts":1762905600000,"profit_abs":0.0,"wins":0,"draws":0,"losses":0,"trades":0,"profit_factor":0.0},{"date":"13/11/2025","date_ts":1762992000000,"profit_abs":0.0,"wins":0,"draws":0,"losses":0,"trades":0,"profit_factor":0.0},{"date":"14/11/2025","date_ts":1763078400000,"profit_abs":2.0356798,"wins":1,"draws":0,"losses":0,"trades":1,"profit_factor":0.0},{"date":"15/11/2025","date_ts":1763164800000,"profit_abs":0.0,"wins":0,"draws":0,"losses":0,"trades":0,"profit_factor":0.0},{"date":"16/11/2025","date_ts":1763251200000,"profit_abs":0.0,"wins":0,"draws":0,"losses":0,"trades":0,"profit_factor":0.0},{"date":"17/11/2025","date_ts":1763337600000,"profit_abs":0.0,"wins":0,"draws":0,"losses":0,"trades":0,"profit_factor":0.0},{"date":"18/11/2025","date_ts":1763424000000,"profit_abs":0.0,"wins":0,"draws":0,"losses":0,"trades":0,"profit_factor":0.0},{"date":"19/11/2025","date_ts":1763510400000,"profit_abs":0.0,"wins":0,"draws":0,"losses":0,"trades":0,"profit_factor":0.0},{"date":"20/11/2025","date_ts":1763596800000,"profit_abs":0.0,"wins":0,"draws":0,"losses":0,"trades":0,"profit_factor":0.0},{"date":"21/11/2025","date_ts":1763683200000,"profit_abs":0.0,"wins":0,"draws":0,"losses":0,"trades":0,"profit_factor":0.0},{"date":"22/11/2025","date_ts":1763769600000,"profit_abs":0.0,"wins":0,"draws":1,"losses":0,"trades":1,"profit_factor":0.0},{"date":"23/11/2025","date_ts":1763856000000,"profit_abs":0.0,"wins":0,"draws":0,"losses":0,"trades":0,"profit_factor":0.0},{"date":"24/11/2025","date_ts":1763942400000,"profit_abs":0.0,"wins":0,"draws":0,"losses":0,"trades":0,"profit_factor":0.0},{"date":"25/11/2025","date_ts":1764028800000,"profit_abs":2.77704498,"wins":1,"draws":0,"losses":0,"trades":1,"profit_factor":0.0},{"date":"26/11/2025","date_ts":1764115200000,"profit_abs":0.0,"wins":0,"draws":0,"losses":0,"trades":0,"profit_factor":0.0},{"date":"27/11/2025","date_ts":1764201600000,"profit_abs":0.0,"wins":0,"draws":0,"losses":0,"trades":0,"profit_factor":0.0},{"date":"28/11/2025","date_ts":1764288000000,"profit_abs":0.0,"wins":0,"draws":0,"losses":0,"trades":0,"profit_factor":0.0},{"date":"29/11/2025","date_ts":1764374400000,"profit_abs":0.0,"wins":0,"draws":0,"losses":0,"trades":0,"profit_factor":0.0},{"date":"30/11/2025","date_ts":1764460800000,"profit_abs":0.0,"wins":0,"draws":0,"losses":0,"trades":0,"profit_factor":0.0},{"date":"01/12/2025","date_ts":1764547200000,"profit_abs":-12.5383347,"wins":1,"draws":0,"losses":1,"trades":2,"profit_factor":0.25041371},{"date":"02/12/2025","date_ts":1764633600000,"profit_abs":0.0,"wins":0,"draws":0,"losses":0,"trades":0,"profit_factor":0.0},{"date":"03/12/2025","date_ts":1764720000000,"profit_abs":0.0,"wins":0,"draws":0,"losses":0,"trades":0,"profit_factor":0.0},{"date":"04/12/2025","date_ts":1764806400000,"profit_abs":0.0,"wins":0,"draws":0,"losses":0,"trades":0,"profit_factor":0.0},{"date":"05/12/2025","date_ts":1764892800000,"profit_abs":0.0,"wins":0,"draws":0,"losses":0,"trades":0,"profit_factor":0.0},{"date":"06/12/2025","date_ts":1764979200000,"profit_abs":0.0,"wins":0,"draws":0,"losses":0,"trades":0,"profit_factor":0.0},{"date":"07/12/2025","date_ts":1765065600000,"profit_abs":0.8237796,"wins":1,"draws":0,"losses":0,"trades":1,"profit_factor":0.0},{"date":"08/12/2025","date_ts":1765152000000,"profit_abs":0.0,"wins":0,"draws":0,"losses":0,"trades":0,"profit_factor":0.0},{"date":"09/12/2025","date_ts":1765238400000,"profit_abs":0.0,"wins":0,"draws":0,"losses":0,"trades":0,"profit_factor":0.0},{"date":"10/12/2025","date_ts":1765324800000,"profit_abs":0.0,"wins":0,"draws":0,"losses":0,"trades":0,"profit_factor":0.0},{"date":"11/12/2025","date_ts":1765411200000,"profit_abs":0.0,"wins":0,"draws":0,"losses":0,"trades":0,"profit_factor":0.0},{"date":"12/12/2025","date_ts":1765497600000,"profit_abs":0.0,"wins":0,"draws":0,"losses":0,"trades":0,"profit_factor":0.0},{"date":"13/12/2025","date_ts":1765584000000,"profit_abs":0.0,"wins":0,"draws":0,"losses":0,"trades":0,"profit_factor":0.0},{"date":"14/12/2025","date_ts":1765670400000,"profit_abs":0.0,"wins":0,"draws":0,"losses":0,"trades":0,"profit_factor":0.0},{"date":"15/12/2025","date_ts":1765756800000,"profit_abs":0.0,"wins":0,"draws":0,"losses":0,"trades":0,"profit_factor":0.0},{"date":"16/12/2025","date_ts":1765843200000,"profit_abs":0.0,"wins":0,"draws":0,"losses":0,"trades":0,"profit_factor":0.0},{"date":"17/12/2025","date_ts":1765929600000,"profit_abs":0.0,"wins":0,"draws":0,"losses":0,"trades":0,"profit_factor":0.0},{"date":"18/12/2025","date_ts":1766016000000,"profit_abs":0.0,"wins":0,"draws":0,"losses":0,"trades":0,"profit_factor":0.0},{"date":"19/12/2025","date_ts":1766102400000,"profit_abs":0.0,"wins":0,"draws":0,"losses":0,"trades":0,"profit_factor":0.0},{"date":"20/12/2025","date_ts":1766188800000,"profit_abs":0.0,"wins":0,"draws":0,"losses":0,"trades":0,"profit_factor":0.0},{"date":"21/12/2025","date_ts":1766275200000,"profit_abs":0.0,"wins":0,"draws":0,"losses":0,"trades":0,"profit_factor":0.0},{"date":"22/12/2025","date_ts":1766361600000,"profit_abs":0.0,"wins":0,"draws":0,"losses":0,"trades":0,"profit_factor":0.0},{"date":"23/12/2025","date_ts":1766448000000,"profit_abs":0.0,"wins":0,"draws":0,"losses":0,"trades":0,"profit_factor":0.0},{"date":"24/12/2025","date_ts":1766534400000,"profit_abs":0.0,"wins":0,"draws":0,"losses":0,"trades":0,"profit_factor":0.0},{"date":"25/12/2025","date_ts":1766620800000,"profit_abs":-16.52591238,"wins":0,"draws":0,"losses":1,"trades":1,"profit_factor":0.0},{"date":"26/12/2025","date_ts":1766707200000,"profit_abs":0.0,"wins":0,"draws":0,"losses":0,"trades":0,"profit_factor":0.0},{"date":"27/12/2025","date_ts":1766793600000,"profit_abs":0.0,"wins":0,"draws":0,"losses":0,"trades":0,"profit_factor":0.0},{"date":"28/12/2025","date_ts":1766880000000,"profit_abs":0.0,"wins":0,"draws":1,"losses":0,"trades":1,"profit_factor":0.0},{"date":"29/12/2025","date_ts":1766966400000,"profit_abs":2.49517653,"wins":1,"draws":0,"losses":0,"trades":1,"profit_factor":0.0},{"date":"30/12/2025","date_ts":1767052800000,"profit_abs":0.0,"wins":0,"draws":0,"losses":0,"trades":0,"profit_factor":0.0},{"date":"31/12/2025","date_ts":1767139200000,"profit_abs":0.08513824,"wins":1,"draws":0,"losses":0,"trades":1,"profit_factor":0.0},{"date":"01/01/2026","date_ts":1767225600000,"profit_abs":0.0,"wins":0,"draws":0,"losses":0,"trades":0,"profit_factor":0.0},{"date":"02/01/2026","date_ts":1767312000000,"profit_abs":0.0,"wins":0,"draws":0,"losses":0,"trades":0,"profit_factor":0.0},{"date":"03/01/2026","date_ts":1767398400000,"profit_abs":0.0,"wins":0,"draws":0,"losses":0,"trades":0,"profit_factor":0.0},{"date":"04/01/2026","date_ts":1767484800000,"profit_abs":0.0,"wins":0,"draws":0,"losses":0,"trades":0,"profit_factor":0.0},{"date":"05/01/2026","date_ts":1767571200000,"profit_abs":0.0,"wins":0,"draws":0,"losses":0,"trades":0,"profit_factor":0.0},{"date":"06/01/2026","date_ts":1767657600000,"profit_abs":-16.29127965,"wins":0,"draws":0,"losses":1,"trades":1,"profit_factor":0.0}],"week":[{"date":"06/10/2025","date_ts":1759708800000,"profit_abs":-16.80466662,"wins":1,"draws":0,"losses":1,"trades":2,"profit_factor":0.01958773},{"date":"13/10/2025","date_ts":1760313600000,"profit_abs":2.3467753,"wins":1,"draws":0,"losses":0,"trades":1,"profit_factor":0.0},{"date":"20/10/2025","date_ts":1760918400000,"profit_abs":2.14976868,"wins":1,"draws":2,"losses":0,"trades":3,"profit_factor":0.0},{"date":"27/10/2025","date_ts":1761523200000,"profit_abs":0.567256,"wins":1,"draws":0,"losses":0,"trades":1,"profit_factor":0.0},{"date":"03/11/2025","date_ts":1762128000000,"profit_abs":0.0,"wins":0,"draws":1,"losses":0,"trades":1,"profit_factor":0.0},{"date":"10/11/2025","date_ts":1762732800000,"profit_abs":0.0,"wins":0,"draws":0,"losses":0,"trades":0,"profit_factor":0.0},{"date":"17/11/2025","date_ts":1763337600000,"profit_abs":-14.88751088,"wins":1,"draws":1,"losses":1,"trades":3,"profit_factor":0.12028936},{"date":"24/11/2025","date_ts":1763942400000,"profit_abs":0.0,"wins":0,"draws":1,"losses":0,"trades":1,"profit_factor":0.0},{"date":"01/12/2025","date_ts":1764547200000,"profit_abs":-9.76128972,"wins":2,"draws":0,"losses":1,"trades":3,"profit_factor":0.41643535},{"date":"08/12/2025","date_ts":1765152000000,"profit_abs":0.8237796,"wins":1,"draws":0,"losses":0,"trades":1,"profit_factor":0.0},{"date":"15/12/2025","date_ts":1765756800000,"profit_abs":0.0,"wins":0,"draws":0,"losses":0,"trades":0,"profit_factor":0.0},{"date":"22/12/2025","date_ts":1766361600000,"profit_abs":0.0,"wins":0,"draws":0,"losses":0,"trades":0,"profit_factor":0.0},{"date":"29/12/2025","date_ts":1766966400000,"profit_abs":-14.03073585,"wins":1,"draws":1,"losses":1,"trades":3,"profit_factor":0.1509857},{"date":"05/01/2026","date_ts":1767571200000,"profit_abs":0.08513824,"wins":1,"draws":0,"losses":0,"trades":1,"profit_factor":0.0},{"date":"12/01/2026","date_ts":1768176000000,"profit_abs":-16.29127965,"wins":0,"draws":0,"losses":1,"trades":1,"profit_factor":0.0}],"month":[{"date":"31/10/2025","date_ts":1761868800000,"profit_abs":-11.74086664,"wins":4,"draws":3,"losses":1,"trades":8,"profit_factor":0.31501827},{"date":"30/11/2025","date_ts":1764460800000,"profit_abs":-12.1104659,"wins":2,"draws":2,"losses":1,"trades":5,"profit_factor":0.28438637},{"date":"31/12/2025","date_ts":1767139200000,"profit_abs":-25.66015271,"wins":4,"draws":1,"losses":2,"trades":7,"profit_factor":0.22833382},{"date":"31/01/2026","date_ts":1769817600000,"profit_abs":-16.29127965,"wins":0,"draws":0,"losses":1,"trades":1,"profit_factor":0.0}],"year":[{"date":"31/12/2025","date_ts":1767139200000,"profit_abs":-49.51148525,"wins":10,"draws":6,"losses":4,"trades":20,"profit_factor":0.26449723},{"date":"31/12/2026","date_ts":1798675200000,"profit_abs":-16.29127965,"wins":0,"draws":0,"losses":1,"trades":1,"profit_factor":0.0}],"weekday":[{"date":"Monday","date_ts":0,"profit_abs":-10.04315817,"wins":2,"draws":0,"losses":1,"trades":3,"profit_factor":0.39958425},{"date":"Tuesday","date_ts":1,"profit_abs":-30.43742535,"wins":1,"draws":3,"losses":2,"trades":6,"profit_factor":0.08360949},{"date":"Wednesday","date_ts":2,"profit_abs":0.08513824,"wins":1,"draws":0,"losses":0,"trades":1,"profit_factor":0.0},{"date":"Thursday","date_ts":3,"profit_abs":-14.17913708,"wins":1,"draws":0,"losses":1,"trades":2,"profit_factor":0.14200579},{"date":"Friday","date_ts":4,"profit_abs":4.75270448,"wins":3,"draws":0,"losses":0,"trades":3,"profit_factor":0.0},{"date":"Saturday","date_ts":5,"profit_abs":-17.14040838,"wins":0,"draws":1,"losses":1,"trades":2,"profit_factor":0.0},{"date":"Sunday","date_ts":6,"profit_abs":1.15952136,"wins":2,"draws":2,"losses":0,"trades":4,"profit_factor":0.0}]},"backtest_best_day":0.008637311854150615,"backtest_worst_day":-0.05189618273730424,"backtest_best_day_abs":2.77704498,"backtest_worst_day_abs":-17.14040838,"winning_days":9,"draw_days":81,"losing_days":5,"daily_profit":[["2025-10-04",-17.14040838],["2025-10-05",0.33574176],["2025-10-06",0.0],["2025-10-07",0.0],["2025-10-08",0.0],["2025-10-09",2.3467753],["2025-10-10",0.0],["2025-10-11",0.0],["2025-10-12",0.0],["2025-10-13",0.0],["2025-10-14",0.0],["2025-10-15",0.0],["2025-10-16",0.0],["2025-10-17",2.14976868],["2025-10-18",0.0],["2025-10-19",0.0],["2025-10-20",0.0],["2025-10-21",0.0],["2025-10-22",0.0],["2025-10-23",0.0],["2025-10-24",0.567256],["2025-10-25",0.0],["2025-10-26",0.0],["2025-10-27",0.0],["2025-10-28",0.0],["2025-10-29",0.0],["2025-10-30",0.0],["2025-10-31",0.0],["2025-11-01",0.0],["2025-11-02",0.0],["2025-11-03",0.0],["2025-11-04",0.0],["2025-11-05",0.0],["2025-11-06",0.0],["2025-11-07",0.0],["2025-11-08",0.0],["2025-11-09",0.0],["2025-11-10",0.0],["2025-11-11",-16.92319068],["2025-11-12",0.0],["2025-11-13",0.0],["2025-11-14",2.0356798],["2025-11-15",0.0],["2025-11-16",0.0],["2025-11-17",0.0],["2025-11-18",0.0],["2025-11-19",0.0],["2025-11-20",0.0],["2025-11-21",0.0],["2025-11-22",0.0],["2025-11-23",0.0],["2025-11-24",0.0],["2025-11-25",2.77704498],["2025-11-26",0.0],["2025-11-27",0.0],["2025-11-28",0.0],["2025-11-29",0.0],["2025-11-30",0.0],["2025-12-01",-12.5383347],["2025-12-02",0.0],["2025-12-03",0.0],["2025-12-04",0.0],["2025-12-05",0.0],["2025-12-06",0.0],["2025-12-07",0.8237796],["2025-12-08",0.0],["2025-12-09",0.0],["2025-12-10",0.0],["2025-12-11",0.0],["2025-12-12",0.0],["2025-12-13",0.0],["2025-12-14",0.0],["2025-12-15",0.0],["2025-12-16",0.0],["2025-12-17",0.0],["2025-12-18",0.0],["2025-12-19",0.0],["2025-12-20",0.0],["2025-12-21",0.0],["2025-12-22",0.0],["2025-12-23",0.0],["2025-12-24",0.0],["2025-12-25",-16.52591238],["2025-12-26",0.0],["2025-12-27",0.0],["2025-12-28",0.0],["2025-12-29",2.49517653],["2025-12-30",0.0],["2025-12-31",0.08513824],["2026-01-01",0.0],["2026-01-02",0.0],["2026-01-03",0.0],["2026-01-04",0.0],["2026-01-05",0.0],["2026-01-06",-16.29127965]],"wins":10,"losses":5,"draws":6,"winrate":0.47619047619047616,"holding_avg":"9:31:00","holding_avg_s":34260.0,"winner_holding_min":"0d 02:00","winner_holding_min_s":7200.0,"winner_holding_max":"0d 02:00","winner_holding_max_s":7200.0,"winner_holding_avg":"0d 02:00","winner_holding_avg_s":7200.0,"loser_holding_min":"0d 01:00","loser_holding_min_s":3600.0,"loser_holding_max":"1d 21:00","loser_holding_max_s":162000.0,"loser_holding_avg":"1d 00:48","loser_holding_avg_s":89280.0,"max_consecutive_wins":2,"max_consecutive_losses":3,"max_drawdown_account":0.06580276490000006,"max_relative_drawdown":0.06580276490000006,"max_drawdown_abs":65.8027649,"drawdown_start":"2025-10-04 16:00:00","drawdown_start_ts":1759593600000.0,"drawdown_end":"2026-01-06 16:00:00","drawdown_end_ts":1767715200000.0,"drawdown_duration":"94 days 00:00:00","drawdown_duration_s":8121600.0,"max_drawdown_low":-65.8027649,"max_drawdown_high":0.0,"csum_min":934.1972351,"csum_max":988.25913336}},"strategy_comparison":[{"key":"ACO_8_1","trades":21,"profit_mean":-0.009704334561213198,"profit_mean_pct":-0.97,"profit_total_abs":-65.8027649,"profit_total":-0.0658027649,"profit_total_pct":-6.58,"duration_avg":"9:31:00","wins":10,"draws":6,"losses":5,"winrate":0.47619047619047616,"cagr":-0.22595943760663106,"expectancy":-3.1334649952380955,"expectancy_ratio":-0.473105000878394,"sortino":-43.71251166510007,"sharpe":-1.6871810581966653,"calmar":-19.69584863354926,"sqn":-1.8242,"profit_factor":0.21295899631074539,"max_drawdown_account":0.06580276490000006,"max_drawdown_abs":"65.803"}]}