{"strategy":{"ACO_14_19":{"trades":[{"pair":"DOGE/USDT","stake_amount":329.95495,"max_stake_amount":329.95495,"amount":1235.0,"open_date":"2025-10-07 03:00:00+00:00","close_date":"2025-10-07 15:00:00+00:00","open_rate":0.26717,"close_rate":0.25382,"fee_open":0.001,"fee_close":0.001,"trade_duration":720,"profit_ratio":-0.05186635051515091,"profit_abs":-17.13067265,"exit_reason":"stop_loss","initial_stop_loss_abs":0.25382,"initial_stop_loss_ratio":-0.05,"stop_loss_abs":0.25382,"stop_loss_ratio":-0.05,"min_rate":0.25026,"max_rate":0.26831,"is_open":false,"enter_tag":"","leverage":1.0,"is_short":false,"open_timestamp":1759806000000,"close_timestamp":1759849200000,"orders":[{"amount":1235.0,"safe_price":0.26717,"ft_order_side":"buy","order_filled_timestamp":1759806000000,"ft_is_entry":true,"ft_order_tag":"","cost":330.28490494999994},{"amount":1235.0,"safe_price":0.25382,"ft_order_side":"sell","order_filled_timestamp":1759849200000,"ft_is_entry":false,"ft_order_tag":"stop_loss","cost":313.78116769999997}],"funding_fees":0.0,"weekday":1},{"pair":"DOGE/USDT","stake_amount":324.2534,"max_stake_amount":324.2534,"amount":1535.0,"open_date":"2025-10-13 14:00:00+00:00","close_date":"2025-10-13 16:00:00+00:00","open_rate":0.21124,"close_rate":0.21166290290290288,"fee_open":0.001,"fee_close":0.001,"trade_duration":120,"profit_ratio":0.0,"profit_abs":0.0,"exit_reason":"roi","initial_stop_loss_abs":0.20068,"initial_stop_loss_ratio":-0.05,"stop_loss_abs":0.20068,"stop_loss_ratio":-0.05,"min_rate":0.20517,"max_rate":0.21192,"is_open":false,"enter_tag":"","leverage":1.0,"is_short":false,"open_timestamp":1760364000000,"close_timestamp":1760371200000,"orders":[{"amount":1535.0,"safe_price":0.21124,"ft_order_side":"buy","order_filled_timestamp":1760364000000,"ft_is_entry":true,"ft_order_tag":"","cost":324.5776534},{"amount":1535.0,"safe_price":0.21166290290290288,"ft_order_side":"sell","order_filled_timestamp":1760371200000,"ft_is_entry":false,"ft_order_tag":"roi","cost":325.22745851191183}],"funding_fees":0.0,"weekday":0},{"pair":"DOGE/USDT","stake_amount":324.2233,"max_stake_amount":324.2233,"amount":1630.0,"open_date":"2025-10-16 07:00:00+00:00","close_date":"2025-10-16 10:00:00+00:00","open_rate":0.19891,"close_rate":0.1993082182182182,"fee_open":0.001,"fee_close":0.001,"trade_duration":180,"profit_ratio":0.0,"profit_abs":0.0,"exit_reason":"roi","initial_stop_loss_abs":0.18897,"initial_stop_loss_ratio":-0.05,"stop_loss_abs":0.18897,"stop_loss_ratio":-0.05,"min_rate":0.19015,"max_rate":0.20062,"is_open":false,"enter_tag":"","leverage":1.0,"is_short":false,"open_timestamp":1760598000000,"close_timestamp":1760608800000,"orders":[{"amount":1630.0,"safe_price":0.19891,"ft_order_side":"buy","order_filled_timestamp":1760598000000,"ft_is_entry":true,"ft_order_tag":"","cost":324.54752329999997},{"amount":1630.0,"safe_price":0.1993082182182182,"ft_order_side":"sell","order_filled_timestamp":1760608800000,"ft_is_entry":false,"ft_order_tag":"roi","cost":325.1972680913913}],"funding_fees":0.0,"weekday":3},{"pair":"DOGE/USDT","stake_amount":324.28088,"max_stake_amount":324.28088,"amount":1708.0,"open_date":"2025-10-19 10:00:00+00:00","close_date":"2025-10-19 12:00:00+00:00","open_rate":0.18986,"close_rate":0.1933,"fee_open":0.001,"fee_close":0.001,"trade_duration":120,"profit_ratio":0.016084410690962885,"profit_abs":5.22108272,"exit_reason":"roi","initial_stop_loss_abs":0.18037,"initial_stop_loss_ratio":-0.05,"stop_loss_abs":0.18037,"stop_loss_ratio":-0.05,"min_rate":0.18895,"max_rate":0.1968,"is_open":false,"enter_tag":"","leverage":1.0,"is_short":false,"open_timestamp":1760868000000,"close_timestamp":1760875200000,"orders":[{"amount":1708.0,"safe_price":0.18986,"ft_order_side":"buy","order_filled_timestamp":1760868000000,"ft_is_entry":true,"ft_order_tag":"","cost":324.60516087999997},{"amount":1708.0,"safe_price":0.1933,"ft_order_side":"sell","order_filled_timestamp":1760875200000,"ft_is_entry":false,"ft_order_tag":"roi","cost":330.4865564}],"funding_fees":0.0,"weekday":6},{"pair":"DOGE/USDT","stake_amount":326.01452,"max_stake_amount":326.01452,"amount":1663.0,"open_date":"2025-10-29 18:00:00+00:00","close_date":"2025-10-29 20:00:00+00:00","open_rate":0.19604,"close_rate":0.19643247247247245,"fee_open":0.001,"fee_close":0.001,"trade_duration":120,"profit_ratio":0.0,"profit_abs":0.0,"exit_reason":"roi","initial_stop_loss_abs":0.18624,"initial_stop_loss_ratio":-0.05,"stop_loss_abs":0.18624,"stop_loss_ratio":-0.05,"min_rate":0.1871,"max_rate":0.197,"is_open":false,"enter_tag":"","leverage":1.0,"is_short":false,"open_timestamp":1761760800000,"close_timestamp":1761768000000,"orders":[{"amount":1663.0,"safe_price":0.19604,"ft_order_side":"buy","order_filled_timestamp":1761760800000,"ft_is_entry":true,"ft_order_tag":"","cost":326.34053451999995},{"amount":1663.0,"safe_price":0.19643247247247245,"ft_order_side":"sell","order_filled_timestamp":1761768000000,"ft_is_entry":false,"ft_order_tag":"roi","cost":326.99386892344336}],"funding_fees":0.0,"weekday":2},{"pair":"DOGE/USDT","stake_amount":325.88871,"max_stake_amount":325.88871,"amount":1743.0,"open_date":"2025-11-02 12:00:00+00:00","close_date":"2025-11-03 03:00:00+00:00","open_rate":0.18697,"close_rate":0.17763,"fee_open":0.001,"fee_close":0.001,"trade_duration":900,"profit_ratio":-0.05185273089214898,"profit_abs":-16.9151178,"exit_reason":"stop_loss","initial_stop_loss_abs":0.17763,"initial_stop_loss_ratio":-0.05,"stop_loss_abs":0.17763,"stop_loss_ratio":-0.05,"min_rate":0.17456,"max_rate":0.18704,"is_open":false,"enter_tag":"","leverage":1.0,"is_short":false,"open_timestamp":1762084800000,"close_timestamp":1762138800000,"orders":[{"amount":1743.0,"safe_price":0.18697,"ft_order_side":"buy","order_filled_timestamp":1762084800000,"ft_is_entry":true,"ft_order_tag":"","cost":326.21459870999996},{"amount":1743.0,"safe_price":0.17763,"ft_order_side":"sell","order_filled_timestamp":1762138800000,"ft_is_entry":false,"ft_order_tag":"stop_loss","cost":309.91869909}],"funding_fees":0.0,"weekday":0},{"pair":"DOGE/USDT","stake_amount":320.47665,"max_stake_amount":320.47665,"amount":1937.0,"open_date":"2025-11-07 15:00:00+00:00","close_date":"2025-11-07 16:00:00+00:00","open_rate":0.16545,"close_rate":0.174062012012012,"fee_open":0.001,"fee_close":0.001,"trade_duration":60,"profit_ratio":0.04995004995004995,"profit_abs":16.0238325,"exit_reason":"roi","initial_stop_loss_abs":0.15718,"initial_stop_loss_ratio":-0.05,"stop_loss_abs":0.15718,"stop_loss_ratio":-0.05,"min_rate":0.16408,"max_rate":0.17555,"is_open":false,"enter_tag":"","leverage":1.0,"is_short":false,"open_timestamp":1762527600000,"close_timestamp":1762531200000,"orders":[{"amount":1937.0,"safe_price":0.16545,"ft_order_side":"buy","order_filled_timestamp":1762527600000,"ft_is_entry":true,"ft_order_tag":"","cost":320.79712665},{"amount":1937.0,"safe_price":0.174062012012012,"ft_order_side":"sell","order_filled_timestamp":1762531200000,"ft_is_entry":false,"ft_order_tag":"roi","cost":337.49527538453447}],"funding_fees":0.0,"weekday":4},{"pair":"DOGE/USDT","stake_amount":325.75964,"max_stake_amount":325.75964,"amount":1777.0,"open_date":"2025-11-10 23:00:00+00:00","close_date":"2025-11-11 01:00:00+00:00","open_rate":0.18332,"close_rate":0.183687007007007,"fee_open":0.001,"fee_close":0.001,"trade_duration":120,"profit_ratio":0.0,"profit_abs":0.0,"exit_reason":"roi","initial_stop_loss_abs":0.17416,"initial_stop_loss_ratio":-0.05,"stop_loss_abs":0.17416,"stop_loss_ratio":-0.05,"min_rate":0.17933,"max_rate":0.1864,"is_open":false,"enter_tag":"","leverage":1.0,"is_short":false,"open_timestamp":1762815600000,"close_timestamp":1762822800000,"orders":[{"amount":1777.0,"safe_price":0.18332,"ft_order_side":"buy","order_filled_timestamp":1762815600000,"ft_is_entry":true,"ft_order_tag":"","cost":326.08539964},{"amount":1777.0,"safe_price":0.183687007007007,"ft_order_side":"sell","order_filled_timestamp":1762822800000,"ft_is_entry":false,"ft_order_tag":"roi","cost":326.7382232629028}],"funding_fees":0.0,"weekday":1},{"pair":"DOGE/USDT","stake_amount":325.7411,"max_stake_amount":325.7411,"amount":1871.0,"open_date":"2025-11-12 09:00:00+00:00","close_date":"2025-11-12 11:00:00+00:00","open_rate":0.1741,"close_rate":0.1764,"fee_open":0.001,"fee_close":0.001,"trade_duration":120,"profit_ratio":0.011186401192145019,"profit_abs":3.6475145,"exit_reason":"roi","initial_stop_loss_abs":0.1654,"initial_stop_loss_ratio":-0.05,"stop_loss_abs":0.1654,"stop_loss_ratio":-0.05,"min_rate":0.17404,"max_rate":0.17713,"is_open":false,"enter_tag":"","leverage":1.0,"is_short":false,"open_timestamp":1762938000000,"close_timestamp":1762945200000,"orders":[{"amount":1871.0,"safe_price":0.1741,"ft_order_side":"buy","order_filled_timestamp":1762938000000,"ft_is_entry":true,"ft_order_tag":"","cost":326.0668411},{"amount":1871.0,"safe_price":0.1764,"ft_order_side":"sell","order_filled_timestamp":1762945200000,"ft_is_entry":false,"ft_order_tag":"roi","cost":330.37444439999996}],"funding_fees":0.0,"weekday":2},{"pair":"DOGE/USDT","stake_amount":326.96881,"max_stake_amount":326.96881,"amount":1997.0,"open_date":"2025-11-16 03:00:00+00:00","close_date":"2025-11-16 05:00:00+00:00","open_rate":0.16373,"close_rate":0.16405778778778773,"fee_open":0.001,"fee_close":0.001,"trade_duration":120,"profit_ratio":0.0,"profit_abs":0.0,"exit_reason":"roi","initial_stop_loss_abs":0.15555,"initial_stop_loss_ratio":-0.05,"stop_loss_abs":0.15555,"stop_loss_ratio":-0.05,"min_rate":0.16271,"max_rate":0.16445,"is_open":false,"enter_tag":"","leverage":1.0,"is_short":false,"open_timestamp":1763262000000,"close_timestamp":1763269200000,"orders":[{"amount":1997.0,"safe_price":0.16373,"ft_order_side":"buy","order_filled_timestamp":1763262000000,"ft_is_entry":true,"ft_order_tag":"","cost":327.29577880999994},{"amount":1997.0,"safe_price":0.16405778778778773,"ft_order_side":"sell","order_filled_timestamp":1763269200000,"ft_is_entry":false,"ft_order_tag":"roi","cost":327.9510256144243}],"funding_fees":0.0,"weekday":6},{"pair":"DOGE/USDT","stake_amount":326.89234,"max_stake_amount":326.89234,"amount":2014.0,"open_date":"2025-11-17 15:00:00+00:00","close_date":"2025-11-17 18:00:00+00:00","open_rate":0.16231,"close_rate":0.1542,"fee_open":0.001,"fee_close":0.001,"trade_duration":180,"profit_ratio":-0.05186428382781041,"profit_abs":-16.97099114,"exit_reason":"stop_loss","initial_stop_loss_abs":0.1542,"initial_stop_loss_ratio":-0.05,"stop_loss_abs":0.1542,"stop_loss_ratio":-0.05,"min_rate":0.15372,"max_rate":0.16367,"is_open":false,"enter_tag":"","leverage":1.0,"is_short":false,"open_timestamp":1763391600000,"close_timestamp":1763402400000,"orders":[{"amount":2014.0,"safe_price":0.16231,"ft_order_side":"buy","order_filled_timestamp":1763391600000,"ft_is_entry":true,"ft_order_tag":"","cost":327.21923234},{"amount":2014.0,"safe_price":0.1542,"ft_order_side":"sell","order_filled_timestamp":1763402400000,"ft_is_entry":false,"ft_order_tag":"stop_loss","cost":310.8693588}],"funding_fees":0.0,"weekday":0},{"pair":"DOGE/USDT","stake_amount":321.30396,"max_stake_amount":321.30396,"amount":2172.0,"open_date":"2025-11-24 06:00:00+00:00","close_date":"2025-11-24 16:00:00+00:00","open_rate":0.14793,"close_rate":0.14822615615615614,"fee_open":0.001,"fee_close":0.001,"trade_duration":600,"profit_ratio":0.0,"profit_abs":0.0,"exit_reason":"roi","initial_stop_loss_abs":0.14054,"initial_stop_loss_ratio":-0.05,"stop_loss_abs":0.14054,"stop_loss_ratio":-0.05,"min_rate":0.14279,"max_rate":0.14854,"is_open":false,"enter_tag":"","leverage":1.0,"is_short":false,"open_timestamp":1763964000000,"close_timestamp":1764000000000,"orders":[{"amount":2172.0,"safe_price":0.14793,"ft_order_side":"buy","order_filled_timestamp":1763964000000,"ft_is_entry":true,"ft_order_tag":"","cost":321.62526396},{"amount":2172.0,"safe_price":0.14822615615615614,"ft_order_side":"sell","order_filled_timestamp":1764000000000,"ft_is_entry":false,"ft_order_tag":"roi","cost":322.2691583823423}],"funding_fees":0.0,"weekday":0},{"pair":"DOGE/USDT","stake_amount":321.24825,"max_stake_amount":321.24825,"amount":2131.0,"open_date":"2025-11-26 14:00:00+00:00","close_date":"2025-11-26 16:00:00+00:00","open_rate":0.15075,"close_rate":0.15105180180180178,"fee_open":0.001,"fee_close":0.001,"trade_duration":120,"profit_ratio":0.0,"profit_abs":0.0,"exit_reason":"roi","initial_stop_loss_abs":0.14322,"initial_stop_loss_ratio":-0.05,"stop_loss_abs":0.14322,"stop_loss_ratio":-0.05,"min_rate":0.14971,"max_rate":0.15277,"is_open":false,"enter_tag":"","leverage":1.0,"is_short":false,"open_timestamp":1764165600000,"close_timestamp":1764172800000,"orders":[{"amount":2131.0,"safe_price":0.15075,"ft_order_side":"buy","order_filled_timestamp":1764165600000,"ft_is_entry":true,"ft_order_tag":"","cost":321.5694982499999},{"amount":2131.0,"safe_price":0.15105180180180178,"ft_order_side":"sell","order_filled_timestamp":1764172800000,"ft_is_entry":false,"ft_order_tag":"roi","cost":322.21328102927924}],"funding_fees":0.0,"weekday":2},{"pair":"DOGE/USDT","stake_amount":321.23943,"max_stake_amount":321.23943,"amount":2097.0,"open_date":"2025-11-28 09:00:00+00:00","close_date":"2025-11-28 14:00:00+00:00","open_rate":0.15319,"close_rate":0.15349668668668665,"fee_open":0.001,"fee_close":0.001,"trade_duration":300,"profit_ratio":0.0,"profit_abs":0.0,"exit_reason":"roi","initial_stop_loss_abs":0.14554,"initial_stop_loss_ratio":-0.05,"stop_loss_abs":0.14554,"stop_loss_ratio":-0.05,"min_rate":0.14975,"max_rate":0.15395,"is_open":false,"enter_tag":"","leverage":1.0,"is_short":false,"open_timestamp":1764320400000,"close_timestamp":1764338400000,"orders":[{"amount":2097.0,"safe_price":0.15319,"ft_order_side":"buy","order_filled_timestamp":1764320400000,"ft_is_entry":true,"ft_order_tag":"","cost":321.56066942999996},{"amount":2097.0,"safe_price":0.15349668668668665,"ft_order_side":"sell","order_filled_timestamp":1764338400000,"ft_is_entry":false,"ft_order_tag":"roi","cost":322.2044345339639}],"funding_fees":0.0,"weekday":4},{"pair":"DOGE/USDT","stake_amount":321.31275,"max_stake_amount":321.31275,"amount":2291.0,"open_date":"2025-12-07 03:00:00+00:00","close_date":"2025-12-07 06:00:00+00:00","open_rate":0.14025,"close_rate":0.14053078078078077,"fee_open":0.001,"fee_close":0.001,"trade_duration":180,"profit_ratio":0.0,"profit_abs":0.0,"exit_reason":"roi","initial_stop_loss_abs":0.13324,"initial_stop_loss_ratio":-0.05,"stop_loss_abs":0.13324,"stop_loss_ratio":-0.05,"min_rate":0.13979,"max_rate":0.1409,"is_open":false,"enter_tag":"","leverage":1.0,"is_short":false,"open_timestamp":1765076400000,"close_timestamp":1765087200000,"orders":[{"amount":2291.0,"safe_price":0.14025,"ft_order_side":"buy","order_filled_timestamp":1765076400000,"ft_is_entry":true,"ft_order_tag":"","cost":321.63406275},{"amount":2291.0,"safe_price":0.14053078078078077,"ft_order_side":"sell","order_filled_timestamp":1765087200000,"ft_is_entry":false,"ft_order_tag":"roi","cost":322.27797478753746}],"funding_fees":0.0,"weekday":6},{"pair":"DOGE/USDT","stake_amount":321.26562,"max_stake_amount":321.26562,"amount":2327.0,"open_date":"2025-12-11 19:00:00+00:00","close_date":"2025-12-11 21:00:00+00:00","open_rate":0.13806,"close_rate":0.14006,"fee_open":0.001,"fee_close":0.001,"trade_duration":120,"profit_ratio":0.01245950920005679,"profit_abs":4.00681476,"exit_reason":"roi","initial_stop_loss_abs":0.13116,"initial_stop_loss_ratio":-0.05,"stop_loss_abs":0.13116,"stop_loss_ratio":-0.05,"min_rate":0.13787,"max_rate":0.14281,"is_open":false,"enter_tag":"","leverage":1.0,"is_short":false,"open_timestamp":1765479600000,"close_timestamp":1765486800000,"orders":[{"amount":2327.0,"safe_price":0.13806,"ft_order_side":"buy","order_filled_timestamp":1765479600000,"ft_is_entry":true,"ft_order_tag":"","cost":321.5868856199999},{"amount":2327.0,"safe_price":0.14006,"ft_order_side":"sell","order_filled_timestamp":1765486800000,"ft_is_entry":false,"ft_order_tag":"roi","cost":326.24553961999993}],"funding_fees":0.0,"weekday":3},{"pair":"DOGE/USDT","stake_amount":322.59455,"max_stake_amount":322.59455,"amount":2465.0,"open_date":"2025-12-16 11:00:00+00:00","close_date":"2025-12-16 13:00:00+00:00","open_rate":0.13087,"close_rate":0.13139,"fee_open":0.001,"fee_close":0.001,"trade_duration":120,"profit_ratio":0.0019674678496409987,"profit_abs":0.6353291,"exit_reason":"roi","initial_stop_loss_abs":0.12433,"initial_stop_loss_ratio":-0.05,"stop_loss_abs":0.12433,"stop_loss_ratio":-0.05,"min_rate":0.12975,"max_rate":0.13263,"is_open":false,"enter_tag":"","leverage":1.0,"is_short":false,"open_timestamp":1765882800000,"close_timestamp":1765890000000,"orders":[{"amount":2465.0,"safe_price":0.13087,"ft_order_side":"buy","order_filled_timestamp":1765882800000,"ft_is_entry":true,"ft_order_tag":"","cost":322.91714454999993},{"amount":2465.0,"safe_price":0.13139,"ft_order_side":"sell","order_filled_timestamp":1765890000000,"ft_is_entry":false,"ft_order_tag":"roi","cost":324.20022635}],"funding_fees":0.0,"weekday":1},{"pair":"DOGE/USDT","stake_amount":322.79184,"max_stake_amount":322.79184,"amount":2604.0,"open_date":"2025-12-28 23:00:00+00:00","close_date":"2025-12-29 01:00:00+00:00","open_rate":0.12396,"close_rate":0.12514,"fee_open":0.001,"fee_close":0.001,"trade_duration":120,"profit_ratio":0.007502178363746612,"profit_abs":2.4240636,"exit_reason":"roi","initial_stop_loss_abs":0.11777,"initial_stop_loss_ratio":-0.05,"stop_loss_abs":0.11777,"stop_loss_ratio":-0.05,"min_rate":0.12324,"max_rate":0.12604,"is_open":false,"enter_tag":"","leverage":1.0,"is_short":false,"open_timestamp":1766962800000,"close_timestamp":1766970000000,"orders":[{"amount":2604.0,"safe_price":0.12396,"ft_order_side":"buy","order_filled_timestamp":1766962800000,"ft_is_entry":true,"ft_order_tag":"","cost":323.11463183999996},{"amount":2604.0,"safe_price":0.12514,"ft_order_side":"sell","order_filled_timestamp":1766970000000,"ft_is_entry":false,"ft_order_tag":"roi","cost":326.19042455999994}],"funding_fees":0.0,"weekday":0},{"pair":"DOGE/USDT","stake_amount":323.60478,"max_stake_amount":323.60478,"amount":2269.0,"open_date":"2026-01-03 10:00:00+00:00","close_date":"2026-01-03 12:00:00+00:00","open_rate":0.14262,"close_rate":0.14290552552552552,"fee_open":0.001,"fee_close":0.001,"trade_duration":120,"profit_ratio":0.0,"profit_abs":0.0,"exit_reason":"roi","initial_stop_loss_abs":0.13549,"initial_stop_loss_ratio":-0.05,"stop_loss_abs":0.13549,"stop_loss_ratio":-0.05,"min_rate":0.14221,"max_rate":0.14329,"is_open":false,"enter_tag":"","leverage":1.0,"is_short":false,"open_timestamp":1767434400000,"close_timestamp":1767441600000,"orders":[{"amount":2269.0,"safe_price":0.14262,"ft_order_side":"buy","order_filled_timestamp":1767434400000,"ft_is_entry":true,"ft_order_tag":"","cost":323.92838478},{"amount":2269.0,"safe_price":0.14290552552552552,"ft_order_side":"sell","order_filled_timestamp":1767441600000,"ft_is_entry":false,"ft_order_tag":"roi","cost":324.5768900548348}],"funding_fees":0.0,"weekday":5}],"locks":[],"best_pair":{"key":"DOGE/USDT","trades":19,"profit_mean":-0.002970176209921476,"profit_mean_pct":-0.3,"profit_total_abs":-19.058144409999997,"profit_total":-0.01905814441,"profit_total_pct":-1.91,"duration_avg":"3:54:00","wins":6,"draws":10,"losses":3,"winrate":0.3157894736842105,"cagr":-0.06984664545043495,"expectancy":-1.0030602321052626,"expectancy_ratio":-0.5852999237630497,"sortino":-41.09633863407593,"sharpe":-0.4787232455121799,"calmar":-13.022381043781124,"sqn":-0.5427,"profit_factor":0.6264338161673519,"max_drawdown_account":0.02882470773,"max_drawdown_abs":28.82470773},"worst_pair":{"key":"DOGE/USDT","trades":19,"profit_mean":-0.002970176209921476,"profit_mean_pct":-0.3,"profit_total_abs":-19.058144409999997,"profit_total":-0.01905814441,"profit_total_pct":-1.91,"duration_avg":"3:54:00","wins":6,"draws":10,"losses":3,"winrate":0.3157894736842105,"cagr":-0.06984664545043495,"expectancy":-1.0030602321052626,"expectancy_ratio":-0.5852999237630497,"sortino":-41.09633863407593,"sharpe":-0.4787232455121799,"calmar":-13.022381043781124,"sqn":-0.5427,"profit_factor":0.6264338161673519,"max_drawdown_account":0.02882470773,"max_drawdown_abs":28.82470773},"results_per_pair":[{"key":"DOGE/USDT","trades":19,"profit_mean":-0.002970176209921476,"profit_mean_pct":-0.3,"profit_total_abs":-19.058144409999997,"profit_total":-0.01905814441,"profit_total_pct":-1.91,"duration_avg":"3:54:00","wins":6,"draws":10,"losses":3,"winrate":0.3157894736842105,"cagr":-0.06984664545043495,"expectancy":-1.0030602321052626,"expectancy_ratio":-0.5852999237630497,"sortino":-41.09633863407593,"sharpe":-0.4787232455121799,"calmar":-13.022381043781124,"sqn":-0.5427,"profit_factor":0.6264338161673519,"max_drawdown_account":0.02882470773,"max_drawdown_abs":28.82470773},{"key":"TOTAL","trades":19,"profit_mean":-0.002970176209921476,"profit_mean_pct":-0.3,"profit_total_abs":-19.058144409999997,"profit_total":-0.01905814441,"profit_total_pct":-1.91,"duration_avg":"3:54:00","wins":6,"draws":10,"losses":3,"winrate":0.3157894736842105,"cagr":-0.06984664545043495,"expectancy":-1.0030602321052626,"expectancy_ratio":-0.5852999237630497,"sortino":-41.09633863407593,"sharpe":-0.4787232455121799,"calmar":-13.022381043781124,"sqn":-0.5427,"profit_factor":0.6264338161673519,"max_drawdown_account":0.02882470773,"max_drawdown_abs":28.82470773}],"results_per_enter_tag":[{"key":"","trades":19,"profit_mean":-0.002970176209921476,"profit_mean_pct":-0.3,"profit_total_abs":-19.058144409999997,"profit_total":-0.01905814441,"profit_total_pct":-1.91,"duration_avg":"3:54:00","wins":6,"draws":10,"losses":3,"winrate":0.3157894736842105,"cagr":-0.06984664545043495,"expectancy":-1.0030602321052626,"expectancy_ratio":-0.5852999237630497,"sortino":-41.09633863407593,"sharpe":-0.4787232455121799,"calmar":-13.022381043781124,"sqn":-0.5427,"profit_factor":0.6264338161673519,"max_drawdown_account":0.02882470773,"max_drawdown_abs":28.82470773},{"key":"TOTAL","trades":19,"profit_mean":-0.002970176209921476,"profit_mean_pct":-0.3,"profit_total_abs":-19.058144409999997,"profit_total":-0.01905814441,"profit_total_pct":-1.91,"duration_avg":"3:54:00","wins":6,"draws":10,"losses":3,"winrate":0.3157894736842105,"cagr":-0.06984664545043495,"expectancy":-1.0030602321052626,"expectancy_ratio":-0.5852999237630497,"sortino":-41.09633863407593,"sharpe":-0.4787232455121799,"calmar":-13.022381043781124,"sqn":-0.5427,"profit_factor":0.6264338161673519,"max_drawdown_account":0.02882470773,"max_drawdown_abs":28.82470773}],"exit_reason_summary":[{"key":"roi","trades":16,"profit_mean":0.006196876077912642,"profit_mean_pct":0.62,"profit_total_abs":31.958637180000004,"profit_total":0.031958637180000006,"profit_total_pct":3.2,"duration_avg":"2:45:00","wins":6,"draws":10,"losses":0,"winrate":0.375,"cagr":0.12566626022223293,"expectancy":1.9974148237500002,"expectancy_ratio":100.0,"sortino":-100,"sharpe":1.5741634595949912,"calmar":-100,"sqn":1.9346,"profit_factor":0.0,"max_drawdown_account":0.0,"max_drawdown_abs":0.0},{"key":"stop_loss","trades":3,"profit_mean":-0.051861121745036765,"profit_mean_pct":-5.19,"profit_total_abs":-51.016781589999994,"profit_total":-0.05101678158999999,"profit_total_pct":-5.1,"duration_avg":"10:00:00","wins":0,"draws":0,"losses":3,"winrate":0.0,"cagr":-0.17884255101282764,"expectancy":-17.00559386333333,"expectancy_ratio":-1.0,"sortino":-110.01086397179479,"sharpe":-110.01086397179479,"calmar":-19.695848633549296,"sqn":-263.3023,"profit_factor":0.0,"max_drawdown_account":0.051016781589999935,"max_drawdown_abs":51.016781589999994},{"key":"TOTAL","trades":19,"profit_mean":-0.002970176209921476,"profit_mean_pct":-0.3,"profit_total_abs":-19.058144409999997,"profit_total":-0.01905814441,"profit_total_pct":-1.91,"duration_avg":"3:54:00","wins":6,"draws":10,"losses":3,"winrate":0.3157894736842105,"cagr":-0.06984664545043495,"expectancy":-1.0030602321052626,"expectancy_ratio":-0.5852999237630497,"sortino":-41.09633863407593,"sharpe":-0.4787232455121799,"calmar":-13.022381043781124,"sqn":-0.5427,"profit_factor":0.6264338161673519,"max_drawdown_account":0.02882470773,"max_drawdown_abs":28.82470773}],"mix_tag_stats":[{"key":["","roi"],"trades":16,"profit_mean":0.006196876077912642,"profit_mean_pct":0.62,"profit_total_abs":31.958637180000004,"profit_total":0.031958637180000006,"profit_total_pct":3.2,"duration_avg":"2:45:00","wins":6,"draws":10,"losses":0,"winrate":0.375,"cagr":0.12566626022223293,"expectancy":1.9974148237500002,"expectancy_ratio":100.0,"sortino":-100,"sharpe":1.5741634595949912,"calmar":-100,"sqn":1.9346,"profit_factor":0.0,"max_drawdown_account":0.0,"max_drawdown_abs":0.0},{"key":["","stop_loss"],"trades":3,"profit_mean":-0.051861121745036765,"profit_mean_pct":-5.19,"profit_total_abs":-51.016781589999994,"profit_total":-0.05101678158999999,"profit_total_pct":-5.1,"duration_avg":"10:00:00","wins":0,"draws":0,"losses":3,"winrate":0.0,"cagr":-0.17884255101282764,"expectancy":-17.00559386333333,"expectancy_ratio":-1.0,"sortino":-110.01086397179479,"sharpe":-110.01086397179479,"calmar":-19.695848633549296,"sqn":-263.3023,"profit_factor":0.0,"max_drawdown_account":0.051016781589999935,"max_drawdown_abs":51.016781589999994},{"key":"TOTAL","trades":19,"profit_mean":-0.002970176209921476,"profit_mean_pct":-0.3,"profit_total_abs":-19.058144409999997,"profit_total":-0.01905814441,"profit_total_pct":-1.91,"duration_avg":"3:54:00","wins":6,"draws":10,"losses":3,"winrate":0.3157894736842105,"cagr":-0.06984664545043495,"expectancy":-1.0030602321052626,"expectancy_ratio":-0.5852999237630497,"sortino":-41.09633863407593,"sharpe":-0.4787232455121799,"calmar":-13.022381043781124,"sqn":-0.5427,"profit_factor":0.6264338161673519,"max_drawdown_account":0.02882470773,"max_drawdown_abs":28.82470773}],"left_open_trades":[{"key":"TOTAL","trades":0,"profit_mean":0.0,"profit_mean_pct":0.0,"profit_total_abs":0.0,"profit_total":0.0,"profit_total_pct":0.0,"duration_avg":"0:00","wins":0,"draws":0,"losses":0,"winrate":0.0,"cagr":0.0,"expectancy":0.0,"expectancy_ratio":100.0,"sortino":0,"sharpe":0,"calmar":0,"sqn":0.0,"profit_factor":0.0,"max_drawdown_account":0.0,"max_drawdown_abs":0.0}],"total_trades":19,"trade_count_long":19,"trade_count_short":0,"total_volume":12317.182570976565,"avg_stake_amount":323.9902884210526,"profit_mean":-0.002970176209921476,"profit_median":0.0,"profit_total":-0.01905814441,"profit_total_long":-0.01905814441,"profit_total_short":0.0,"profit_total_abs":-19.058144409999997,"profit_total_long_abs":-19.058144409999997,"profit_total_short_abs":0.0,"cagr":-0.06984664545043495,"expectancy":-1.0030602321052626,"expectancy_ratio":-0.5852999237630497,"sortino":-41.09633863407593,"sharpe":-0.4787232455121799,"calmar":-13.022381043781124,"sqn":-0.5427,"profit_factor":0.6264338161673519,"backtest_start":"2025-10-01 00:00:00","backtest_start_ts":1759276800000,"backtest_end":"2026-01-06 20:00:00","backtest_end_ts":1767729600000,"backtest_days":97,"backtest_run_start_ts":1767738244,"backtest_run_end_ts":1767738245,"trades_per_day":0.2,"market_change":-0.36632086436227446,"pairlist":["DOGE/USDT"],"stake_amount":"unlimited","stake_currency":"USDT","stake_currency_decimals":3,"starting_balance":1000,"dry_run_wallet":1000,"final_balance":980.94185559,"rejected_signals":0,"timedout_entry_orders":0,"timedout_exit_orders":0,"canceled_trade_entries":0,"canceled_entry_orders":0,"replaced_entry_orders":0,"max_open_trades":1,"max_open_trades_setting":3,"timeframe":"1h","timeframe_detail":"","timerange":"20251001-","enable_protections":false,"strategy_name":"ACO_14_19","freqaimodel":null,"freqai_identifier":null,"stoploss":-0.05,"trailing_stop":false,"trailing_stop_positive":null,"trailing_stop_positive_offset":0.0,"trailing_only_offset_is_reached":false,"use_custom_stoploss":false,"minimal_roi":{"0":0.1,"60":0.05,"120":0.0},"use_exit_signal":true,"exit_profit_only":false,"exit_profit_offset":0.0,"ignore_roi_if_entry_signal":false,"trading_mode":"spot","margin_mode":"","periodic_breakdown":{"day":[{"date":"07/10/2025","date_ts":1759795200000,"profit_abs":-17.13067265,"wins":0,"draws":0,"losses":1,"trades":1,"profit_factor":0.0},{"date":"08/10/2025","date_ts":1759881600000,"profit_abs":0.0,"wins":0,"draws":0,"losses":0,"trades":0,"profit_factor":0.0},{"date":"09/10/2025","date_ts":1759968000000,"profit_abs":0.0,"wins":0,"draws":0,"losses":0,"trades":0,"profit_factor":0.0},{"date":"10/10/2025","date_ts":1760054400000,"profit_abs":0.0,"wins":0,"draws":0,"losses":0,"trades":0,"profit_factor":0.0},{"date":"11/10/2025","date_ts":1760140800000,"profit_abs":0.0,"wins":0,"draws":0,"losses":0,"trades":0,"profit_factor":0.0},{"date":"12/10/2025","date_ts":1760227200000,"profit_abs":0.0,"wins":0,"draws":0,"losses":0,"trades":0,"profit_factor":0.0},{"date":"13/10/2025","date_ts":1760313600000,"profit_abs":0.0,"wins":0,"draws":1,"losses":0,"trades":1,"profit_factor":0.0},{"date":"14/10/2025","date_ts":1760400000000,"profit_abs":0.0,"wins":0,"draws":0,"losses":0,"trades":0,"profit_factor":0.0},{"date":"15/10/2025","date_ts":1760486400000,"profit_abs":0.0,"wins":0,"draws":0,"losses":0,"trades":0,"profit_factor":0.0},{"date":"16/10/2025","date_ts":1760572800000,"profit_abs":0.0,"wins":0,"draws":1,"losses":0,"trades":1,"profit_factor":0.0},{"date":"17/10/2025","date_ts":1760659200000,"profit_abs":0.0,"wins":0,"draws":0,"losses":0,"trades":0,"profit_factor":0.0},{"date":"18/10/2025","date_ts":1760745600000,"profit_abs":0.0,"wins":0,"draws":0,"losses":0,"trades":0,"profit_factor":0.0},{"date":"19/10/2025","date_ts":1760832000000,"profit_abs":5.22108272,"wins":1,"draws":0,"losses":0,"trades":1,"profit_factor":0.0},{"date":"20/10/2025","date_ts":1760918400000,"profit_abs":0.0,"wins":0,"draws":0,"losses":0,"trades":0,"profit_factor":0.0},{"date":"21/10/2025","date_ts":1761004800000,"profit_abs":0.0,"wins":0,"draws":0,"losses":0,"trades":0,"profit_factor":0.0},{"date":"22/10/2025","date_ts":1761091200000,"profit_abs":0.0,"wins":0,"draws":0,"losses":0,"trades":0,"profit_factor":0.0},{"date":"23/10/2025","date_ts":1761177600000,"profit_abs":0.0,"wins":0,"draws":0,"losses":0,"trades":0,"profit_factor":0.0},{"date":"24/10/2025","date_ts":1761264000000,"profit_abs":0.0,"wins":0,"draws":0,"losses":0,"trades":0,"profit_factor":0.0},{"date":"25/10/2025","date_ts":1761350400000,"profit_abs":0.0,"wins":0,"draws":0,"losses":0,"trades":0,"profit_factor":0.0},{"date":"26/10/2025","date_ts":1761436800000,"profit_abs":0.0,"wins":0,"draws":0,"losses":0,"trades":0,"profit_factor":0.0},{"date":"27/10/2025","date_ts":1761523200000,"profit_abs":0.0,"wins":0,"draws":0,"losses":0,"trades":0,"profit_factor":0.0},{"date":"28/10/2025","date_ts":1761609600000,"profit_abs":0.0,"wins":0,"draws":0,"losses":0,"trades":0,"profit_factor":0.0},{"date":"29/10/2025","date_ts":1761696000000,"profit_abs":0.0,"wins":0,"draws":1,"losses":0,"trades":1,"profit_factor":0.0},{"date":"30/10/2025","date_ts":1761782400000,"profit_abs":0.0,"wins":0,"draws":0,"losses":0,"trades":0,"profit_factor":0.0},{"date":"31/10/2025","date_ts":1761868800000,"profit_abs":0.0,"wins":0,"draws":0,"losses":0,"trades":0,"profit_factor":0.0},{"date":"01/11/2025","date_ts":1761955200000,"profit_abs":0.0,"wins":0,"draws":0,"losses":0,"trades":0,"profit_factor":0.0},{"date":"02/11/2025","date_ts":1762041600000,"profit_abs":0.0,"wins":0,"draws":0,"losses":0,"trades":0,"profit_factor":0.0},{"date":"03/11/2025","date_ts":1762128000000,"profit_abs":-16.9151178,"wins":0,"draws":0,"losses":1,"trades":1,"profit_factor":0.0},{"date":"04/11/2025","date_ts":1762214400000,"profit_abs":0.0,"wins":0,"draws":0,"losses":0,"trades":0,"profit_factor":0.0},{"date":"05/11/2025","date_ts":1762300800000,"profit_abs":0.0,"wins":0,"draws":0,"losses":0,"trades":0,"profit_factor":0.0},{"date":"06/11/2025","date_ts":1762387200000,"profit_abs":0.0,"wins":0,"draws":0,"losses":0,"trades":0,"profit_factor":0.0},{"date":"07/11/2025","date_ts":1762473600000,"profit_abs":16.0238325,"wins":1,"draws":0,"losses":0,"trades":1,"profit_factor":0.0},{"date":"08/11/2025","date_ts":1762560000000,"profit_abs":0.0,"wins":0,"draws":0,"losses":0,"trades":0,"profit_factor":0.0},{"date":"09/11/2025","date_ts":1762646400000,"profit_abs":0.0,"wins":0,"draws":0,"losses":0,"trades":0,"profit_factor":0.0},{"date":"10/11/2025","date_ts":1762732800000,"profit_abs":0.0,"wins":0,"draws":0,"losses":0,"trades":0,"profit_factor":0.0},{"date":"11/11/2025","date_ts":1762819200000,"profit_abs":0.0,"wins":0,"draws":1,"losses":0,"trades":1,"profit_factor":0.0},{"date":"12/11/2025","date_ts":1762905600000,"profit_abs":3.6475145,"wins":1,"draws":0,"losses":0,"trades":1,"profit_factor":0.0},{"date":"13/11/2025","date_ts":1762992000000,"profit_abs":0.0,"wins":0,"draws":0,"losses":0,"trades":0,"profit_factor":0.0},{"date":"14/11/2025","date_ts":1763078400000,"profit_abs":0.0,"wins":0,"draws":0,"losses":0,"trades":0,"profit_factor":0.0},{"date":"15/11/2025","date_ts":1763164800000,"profit_abs":0.0,"wins":0,"draws":0,"losses":0,"trades":0,"profit_factor":0.0},{"date":"16/11/2025","date_ts":1763251200000,"profit_abs":0.0,"wins":0,"draws":1,"losses":0,"trades":1,"profit_factor":0.0},{"date":"17/11/2025","date_ts":1763337600000,"profit_abs":-16.97099114,"wins":0,"draws":0,"losses":1,"trades":1,"profit_factor":0.0},{"date":"18/11/2025","date_ts":1763424000000,"profit_abs":0.0,"wins":0,"draws":0,"losses":0,"trades":0,"profit_factor":0.0},{"date":"19/11/2025","date_ts":1763510400000,"profit_abs":0.0,"wins":0,"draws":0,"losses":0,"trades":0,"profit_factor":0.0},{"date":"20/11/2025","date_ts":1763596800000,"profit_abs":0.0,"wins":0,"draws":0,"losses":0,"trades":0,"profit_factor":0.0},{"date":"21/11/2025","date_ts":1763683200000,"profit_abs":0.0,"wins":0,"draws":0,"losses":0,"trades":0,"profit_factor":0.0},{"date":"22/11/2025","date_ts":1763769600000,"profit_abs":0.0,"wins":0,"draws":0,"losses":0,"trades":0,"profit_factor":0.0},{"date":"23/11/2025","date_ts":1763856000000,"profit_abs":0.0,"wins":0,"draws":0,"losses":0,"trades":0,"profit_factor":0.0},{"date":"24/11/2025","date_ts":1763942400000,"profit_abs":0.0,"wins":0,"draws":1,"losses":0,"trades":1,"profit_factor":0.0},{"date":"25/11/2025","date_ts":1764028800000,"profit_abs":0.0,"wins":0,"draws":0,"losses":0,"trades":0,"profit_factor":0.0},{"date":"26/11/2025","date_ts":1764115200000,"profit_abs":0.0,"wins":0,"draws":1,"losses":0,"trades":1,"profit_factor":0.0},{"date":"27/11/2025","date_ts":1764201600000,"profit_abs":0.0,"wins":0,"draws":0,"losses":0,"trades":0,"profit_factor":0.0},{"date":"28/11/2025","date_ts":1764288000000,"profit_abs":0.0,"wins":0,"draws":1,"losses":0,"trades":1,"profit_factor":0.0},{"date":"29/11/2025","date_ts":1764374400000,"profit_abs":0.0,"wins":0,"draws":0,"losses":0,"trades":0,"profit_factor":0.0},{"date":"30/11/2025","date_ts":1764460800000,"profit_abs":0.0,"wins":0,"draws":0,"losses":0,"trades":0,"profit_factor":0.0},{"date":"01/12/2025","date_ts":1764547200000,"profit_abs":0.0,"wins":0,"draws":0,"losses":0,"trades":0,"profit_factor":0.0},{"date":"02/12/2025","date_ts":1764633600000,"profit_abs":0.0,"wins":0,"draws":0,"losses":0,"trades":0,"profit_factor":0.0},{"date":"03/12/2025","date_ts":1764720000000,"profit_abs":0.0,"wins":0,"draws":0,"losses":0,"trades":0,"profit_factor":0.0},{"date":"04/12/2025","date_ts":1764806400000,"profit_abs":0.0,"wins":0,"draws":0,"losses":0,"trades":0,"profit_factor":0.0},{"date":"05/12/2025","date_ts":1764892800000,"profit_abs":0.0,"wins":0,"draws":0,"losses":0,"trades":0,"profit_factor":0.0},{"date":"06/12/2025","date_ts":1764979200000,"profit_abs":0.0,"wins":0,"draws":0,"losses":0,"trades":0,"profit_factor":0.0},{"date":"07/12/2025","date_ts":1765065600000,"profit_abs":0.0,"wins":0,"draws":1,"losses":0,"trades":1,"profit_factor":0.0},{"date":"08/12/2025","date_ts":1765152000000,"profit_abs":0.0,"wins":0,"draws":0,"losses":0,"trades":0,"profit_factor":0.0},{"date":"09/12/2025","date_ts":1765238400000,"profit_abs":0.0,"wins":0,"draws":0,"losses":0,"trades":0,"profit_factor":0.0},{"date":"10/12/2025","date_ts":1765324800000,"profit_abs":0.0,"wins":0,"draws":0,"losses":0,"trades":0,"profit_factor":0.0},{"date":"11/12/2025","date_ts":1765411200000,"profit_abs":4.00681476,"wins":1,"draws":0,"losses":0,"trades":1,"profit_factor":0.0},{"date":"12/12/2025","date_ts":1765497600000,"profit_abs":0.0,"wins":0,"draws":0,"losses":0,"trades":0,"profit_factor":0.0},{"date":"13/12/2025","date_ts":1765584000000,"profit_abs":0.0,"wins":0,"draws":0,"losses":0,"trades":0,"profit_factor":0.0},{"date":"14/12/2025","date_ts":1765670400000,"profit_abs":0.0,"wins":0,"draws":0,"losses":0,"trades":0,"profit_factor":0.0},{"date":"15/12/2025","date_ts":1765756800000,"profit_abs":0.0,"wins":0,"draws":0,"losses":0,"trades":0,"profit_factor":0.0},{"date":"16/12/2025","date_ts":1765843200000,"profit_abs":0.6353291,"wins":1,"draws":0,"losses":0,"trades":1,"profit_factor":0.0},{"date":"17/12/2025","date_ts":1765929600000,"profit_abs":0.0,"wins":0,"draws":0,"losses":0,"trades":0,"profit_factor":0.0},{"date":"18/12/2025","date_ts":1766016000000,"profit_abs":0.0,"wins":0,"draws":0,"losses":0,"trades":0,"profit_factor":0.0},{"date":"19/12/2025","date_ts":1766102400000,"profit_abs":0.0,"wins":0,"draws":0,"losses":0,"trades":0,"profit_factor":0.0},{"date":"20/12/2025","date_ts":1766188800000,"profit_abs":0.0,"wins":0,"draws":0,"losses":0,"trades":0,"profit_factor":0.0},{"date":"21/12/2025","date_ts":1766275200000,"profit_abs":0.0,"wins":0,"draws":0,"losses":0,"trades":0,"profit_factor":0.0},{"date":"22/12/2025","date_ts":1766361600000,"profit_abs":0.0,"wins":0,"draws":0,"losses":0,"trades":0,"profit_factor":0.0},{"date":"23/12/2025","date_ts":1766448000000,"profit_abs":0.0,"wins":0,"draws":0,"losses":0,"trades":0,"profit_factor":0.0},{"date":"24/12/2025","date_ts":1766534400000,"profit_abs":0.0,"wins":0,"draws":0,"losses":0,"trades":0,"profit_factor":0.0},{"date":"25/12/2025","date_ts":1766620800000,"profit_abs":0.0,"wins":0,"draws":0,"losses":0,"trades":0,"profit_factor":0.0},{"date":"26/12/2025","date_ts":1766707200000,"profit_abs":0.0,"wins":0,"draws":0,"losses":0,"trades":0,"profit_factor":0.0},{"date":"27/12/2025","date_ts":1766793600000,"profit_abs":0.0,"wins":0,"draws":0,"losses":0,"trades":0,"profit_factor":0.0},{"date":"28/12/2025","date_ts":1766880000000,"profit_abs":0.0,"wins":0,"draws":0,"losses":0,"trades":0,"profit_factor":0.0},{"date":"29/12/2025","date_ts":1766966400000,"profit_abs":2.4240636,"wins":1,"draws":0,"losses":0,"trades":1,"profit_factor":0.0},{"date":"30/12/2025","date_ts":1767052800000,"profit_abs":0.0,"wins":0,"draws":0,"losses":0,"trades":0,"profit_factor":0.0},{"date":"31/12/2025","date_ts":1767139200000,"profit_abs":0.0,"wins":0,"draws":0,"losses":0,"trades":0,"profit_factor":0.0},{"date":"01/01/2026","date_ts":1767225600000,"profit_abs":0.0,"wins":0,"draws":0,"losses":0,"trades":0,"profit_factor":0.0},{"date":"02/01/2026","date_ts":1767312000000,"profit_abs":0.0,"wins":0,"draws":0,"losses":0,"trades":0,"profit_factor":0.0},{"date":"03/01/2026","date_ts":1767398400000,"profit_abs":0.0,"wins":0,"draws":1,"losses":0,"trades":1,"profit_factor":0.0}],"week":[{"date":"13/10/2025","date_ts":1760313600000,"profit_abs":-17.13067265,"wins":0,"draws":1,"losses":1,"trades":2,"profit_factor":0.0},{"date":"20/10/2025","date_ts":1760918400000,"profit_abs":5.22108272,"wins":1,"draws":1,"losses":0,"trades":2,"profit_factor":0.0},{"date":"27/10/2025","date_ts":1761523200000,"profit_abs":0.0,"wins":0,"draws":0,"losses":0,"trades":0,"profit_factor":0.0},{"date":"03/11/2025","date_ts":1762128000000,"profit_abs":-16.9151178,"wins":0,"draws":1,"losses":1,"trades":2,"profit_factor":0.0},{"date":"10/11/2025","date_ts":1762732800000,"profit_abs":16.0238325,"wins":1,"draws":0,"losses":0,"trades":1,"profit_factor":0.0},{"date":"17/11/2025","date_ts":1763337600000,"profit_abs":-13.32347664,"wins":1,"draws":2,"losses":1,"trades":4,"profit_factor":0.21492643},{"date":"24/11/2025","date_ts":1763942400000,"profit_abs":0.0,"wins":0,"draws":1,"losses":0,"trades":1,"profit_factor":0.0},{"date":"01/12/2025","date_ts":1764547200000,"profit_abs":0.0,"wins":0,"draws":2,"losses":0,"trades":2,"profit_factor":0.0},{"date":"08/12/2025","date_ts":1765152000000,"profit_abs":0.0,"wins":0,"draws":1,"losses":0,"trades":1,"profit_factor":0.0},{"date":"15/12/2025","date_ts":1765756800000,"profit_abs":4.00681476,"wins":1,"draws":0,"losses":0,"trades":1,"profit_factor":0.0},{"date":"22/12/2025","date_ts":1766361600000,"profit_abs":0.6353291,"wins":1,"draws":0,"losses":0,"trades":1,"profit_factor":0.0},{"date":"29/12/2025","date_ts":1766966400000,"profit_abs":2.4240636,"wins":1,"draws":0,"losses":0,"trades":1,"profit_factor":0.0},{"date":"05/01/2026","date_ts":1767571200000,"profit_abs":0.0,"wins":0,"draws":1,"losses":0,"trades":1,"profit_factor":0.0}],"month":[{"date":"31/10/2025","date_ts":1761868800000,"profit_abs":-11.90958993,"wins":1,"draws":3,"losses":1,"trades":5,"profit_factor":0.30477978},{"date":"30/11/2025","date_ts":1764460800000,"profit_abs":-14.21476194,"wins":2,"draws":5,"losses":2,"trades":9,"profit_factor":0.5805136},{"date":"31/12/2025","date_ts":1767139200000,"profit_abs":7.06620746,"wins":3,"draws":1,"losses":0,"trades":4,"profit_factor":0.0},{"date":"31/01/2026","date_ts":1769817600000,"profit_abs":0.0,"wins":0,"draws":1,"losses":0,"trades":1,"profit_factor":0.0}],"year":[{"date":"31/12/2025","date_ts":1767139200000,"profit_abs":-19.05814441,"wins":6,"draws":9,"losses":3,"trades":18,"profit_factor":0.62643382},{"date":"31/12/2026","date_ts":1798675200000,"profit_abs":0.0,"wins":0,"draws":1,"losses":0,"trades":1,"profit_factor":0.0}],"weekday":[{"date":"Monday","date_ts":0,"profit_abs":-31.46204534,"wins":1,"draws":2,"losses":2,"trades":5,"profit_factor":0.07153561},{"date":"Tuesday","date_ts":1,"profit_abs":-16.49534355,"wins":1,"draws":1,"losses":1,"trades":3,"profit_factor":0.03708722},{"date":"Wednesday","date_ts":2,"profit_abs":3.6475145,"wins":1,"draws":2,"losses":0,"trades":3,"profit_factor":0.0},{"date":"Thursday","date_ts":3,"profit_abs":4.00681476,"wins":1,"draws":1,"losses":0,"trades":2,"profit_factor":0.0},{"date":"Friday","date_ts":4,"profit_abs":16.0238325,"wins":1,"draws":1,"losses":0,"trades":2,"profit_factor":0.0},{"date":"Saturday","date_ts":5,"profit_abs":0.0,"wins":0,"draws":1,"losses":0,"trades":1,"profit_factor":0.0},{"date":"Sunday","date_ts":6,"profit_abs":5.22108272,"wins":1,"draws":2,"losses":0,"trades":3,"profit_factor":0.0}]},"backtest_best_day":0.04995004995004995,"backtest_worst_day":-0.05186635051515091,"backtest_best_day_abs":16.0238325,"backtest_worst_day_abs":-17.13067265,"winning_days":6,"draw_days":80,"losing_days":3,"daily_profit":[["2025-10-07",-17.13067265],["2025-10-08",0.0],["2025-10-09",0.0],["2025-10-10",0.0],["2025-10-11",0.0],["2025-10-12",0.0],["2025-10-13",0.0],["2025-10-14",0.0],["2025-10-15",0.0],["2025-10-16",0.0],["2025-10-17",0.0],["2025-10-18",0.0],["2025-10-19",5.22108272],["2025-10-20",0.0],["2025-10-21",0.0],["2025-10-22",0.0],["2025-10-23",0.0],["2025-10-24",0.0],["2025-10-25",0.0],["2025-10-26",0.0],["2025-10-27",0.0],["2025-10-28",0.0],["2025-10-29",0.0],["2025-10-30",0.0],["2025-10-31",0.0],["2025-11-01",0.0],["2025-11-02",0.0],["2025-11-03",-16.9151178],["2025-11-04",0.0],["2025-11-05",0.0],["2025-11-06",0.0],["2025-11-07",16.0238325],["2025-11-08",0.0],["2025-11-09",0.0],["2025-11-10",0.0],["2025-11-11",0.0],["2025-11-12",3.6475145],["2025-11-13",0.0],["2025-11-14",0.0],["2025-11-15",0.0],["2025-11-16",0.0],["2025-11-17",-16.97099114],["2025-11-18",0.0],["2025-11-19",0.0],["2025-11-20",0.0],["2025-11-21",0.0],["2025-11-22",0.0],["2025-11-23",0.0],["2025-11-24",0.0],["2025-11-25",0.0],["2025-11-26",0.0],["2025-11-27",0.0],["2025-11-28",0.0],["2025-11-29",0.0],["2025-11-30",0.0],["2025-12-01",0.0],["2025-12-02",0.0],["2025-12-03",0.0],["2025-12-04",0.0],["2025-12-05",0.0],["2025-12-06",0.0],["2025-12-07",0.0],["2025-12-08",0.0],["2025-12-09",0.0],["2025-12-10",0.0],["2025-12-11",4.00681476],["2025-12-12",0.0],["2025-12-13",0.0],["2025-12-14",0.0],["2025-12-15",0.0],["2025-12-16",0.6353291],["2025-12-17",0.0],["2025-12-18",0.0],["2025-12-19",0.0],["2025-12-20",0.0],["2025-12-21",0.0],["2025-12-22",0.0],["2025-12-23",0.0],["2025-12-24",0.0],["2025-12-25",0.0],["2025-12-26",0.0],["2025-12-27",0.0],["2025-12-28",0.0],["2025-12-29",2.4240636],["2025-12-30",0.0],["2025-12-31",0.0],["2026-01-01",0.0],["2026-01-02",0.0],["2026-01-03",0.0]],"wins":6,"losses":3,"draws":10,"winrate":0.3157894736842105,"holding_avg":"3:54:00","holding_avg_s":14040.0,"winner_holding_min":"0d 01:00","winner_holding_min_s":3600.0,"winner_holding_max":"0d 02:00","winner_holding_max_s":7200.0,"winner_holding_avg":"0d 01:50","winner_holding_avg_s":6600.0,"loser_holding_min":"0d 03:00","loser_holding_min_s":10800.0,"loser_holding_max":"0d 15:00","loser_holding_max_s":54000.0,"loser_holding_avg":"0d 10:00","loser_holding_avg_s":36000.0,"max_consecutive_wins":3,"max_consecutive_losses":6,"max_drawdown_account":0.02882470773,"max_relative_drawdown":0.02882470773,"max_drawdown_abs":28.82470773,"drawdown_start":"2025-10-07 15:00:00","drawdown_start_ts":1759849200000.0,"drawdown_end":"2025-11-03 03:00:00","drawdown_end_ts":1762138800000.0,"drawdown_duration":"26 days 12:00:00","drawdown_duration_s":2289600.0,"max_drawdown_low":-28.82470773,"max_drawdown_high":0.0,"csum_min":971.17529227,"csum_max":990.84663927}},"strategy_comparison":[{"key":"ACO_14_19","trades":19,"profit_mean":-0.002970176209921476,"profit_mean_pct":-0.3,"profit_total_abs":-19.058144409999997,"profit_total":-0.01905814441,"profit_total_pct":-1.91,"duration_avg":"3:54:00","wins":6,"draws":10,"losses":3,"winrate":0.3157894736842105,"cagr":-0.06984664545043495,"expectancy":-1.0030602321052626,"expectancy_ratio":-0.5852999237630497,"sortino":-41.09633863407593,"sharpe":-0.4787232455121799,"calmar":-13.022381043781124,"sqn":-0.5427,"profit_factor":0.6264338161673519,"max_drawdown_account":0.02882470773,"max_drawdown_abs":"28.825"}]}