{"strategy":{"ACO_27_4":{"trades":[{"pair":"DOGE/USDT","stake_amount":329.91849,"max_stake_amount":329.91849,"amount":1683.0,"open_date":"2025-10-29 21:00:00+00:00","close_date":"2025-10-30 04:00:00+00:00","open_rate":0.19603,"close_rate":0.18623,"fee_open":0.001,"fee_close":0.001,"trade_duration":420,"profit_ratio":-0.051890465296576614,"profit_abs":-17.13674358,"exit_reason":"stop_loss","initial_stop_loss_abs":0.18623,"initial_stop_loss_ratio":-0.05,"stop_loss_abs":0.18623,"stop_loss_ratio":-0.05,"min_rate":0.1858,"max_rate":0.19691,"is_open":false,"enter_tag":"","leverage":1.0,"is_short":false,"open_timestamp":1761771600000,"close_timestamp":1761796800000,"orders":[{"amount":1683.0,"safe_price":0.19603,"ft_order_side":"buy","order_filled_timestamp":1761771600000,"ft_is_entry":true,"ft_order_tag":"","cost":330.24840849},{"amount":1683.0,"safe_price":0.18623,"ft_order_side":"sell","order_filled_timestamp":1761796800000,"ft_is_entry":false,"ft_order_tag":"stop_loss","cost":313.73851508999996}],"funding_fees":0.0,"weekday":3},{"pair":"DOGE/USDT","stake_amount":324.29852,"max_stake_amount":324.29852,"amount":2132.0,"open_date":"2025-11-24 18:00:00+00:00","close_date":"2025-11-24 20:00:00+00:00","open_rate":0.15211,"close_rate":0.15249,"fee_open":0.001,"fee_close":0.001,"trade_duration":120,"profit_ratio":0.0004951987070191001,"profit_abs":0.1607528,"exit_reason":"roi","initial_stop_loss_abs":0.14451,"initial_stop_loss_ratio":-0.05,"stop_loss_abs":0.14451,"stop_loss_ratio":-0.05,"min_rate":0.15174,"max_rate":0.15397,"is_open":false,"enter_tag":"","leverage":1.0,"is_short":false,"open_timestamp":1764007200000,"close_timestamp":1764014400000,"orders":[{"amount":2132.0,"safe_price":0.15211,"ft_order_side":"buy","order_filled_timestamp":1764007200000,"ft_is_entry":true,"ft_order_tag":"","cost":324.62281851999995},{"amount":2132.0,"safe_price":0.15249,"ft_order_side":"sell","order_filled_timestamp":1764014400000,"ft_is_entry":false,"ft_order_tag":"roi","cost":325.43378867999996}],"funding_fees":0.0,"weekday":0},{"pair":"DOGE/USDT","stake_amount":324.33504,"max_stake_amount":324.33504,"amount":2579.0,"open_date":"2025-12-29 02:00:00+00:00","close_date":"2025-12-29 04:00:00+00:00","open_rate":0.12576,"close_rate":0.12749,"fee_open":0.001,"fee_close":0.001,"trade_duration":120,"profit_ratio":0.011730874087744316,"profit_abs":3.80853825,"exit_reason":"roi","initial_stop_loss_abs":0.11948,"initial_stop_loss_ratio":-0.05,"stop_loss_abs":0.11948,"stop_loss_ratio":-0.05,"min_rate":0.12576,"max_rate":0.12805,"is_open":false,"enter_tag":"","leverage":1.0,"is_short":false,"open_timestamp":1766973600000,"close_timestamp":1766980800000,"orders":[{"amount":2579.0,"safe_price":0.12576,"ft_order_side":"buy","order_filled_timestamp":1766973600000,"ft_is_entry":true,"ft_order_tag":"","cost":324.65937504},{"amount":2579.0,"safe_price":0.12749,"ft_order_side":"sell","order_filled_timestamp":1766980800000,"ft_is_entry":false,"ft_order_tag":"roi","cost":329.1255067099999}],"funding_fees":0.0,"weekday":0}],"locks":[],"best_pair":{"key":"DOGE/USDT","trades":3,"profit_mean":-0.013221464167271067,"profit_mean_pct":-1.32,"profit_total_abs":-13.16745253,"profit_total":-0.01316745253,"profit_total_pct":-1.32,"duration_avg":"3:40:00","wins":2,"draws":0,"losses":1,"winrate":0.6666666666666666,"cagr":-0.04865331100497994,"expectancy":-4.389150843333333,"expectancy_ratio":-0.2561251396943254,"sortino":-100,"sharpe":-0.28386752964569495,"calmar":-15.133805947998262,"sqn":-0.6794,"profit_factor":0.2316245809170239,"max_drawdown_account":0.01713674358000003,"max_drawdown_abs":17.13674358},"worst_pair":{"key":"DOGE/USDT","trades":3,"profit_mean":-0.013221464167271067,"profit_mean_pct":-1.32,"profit_total_abs":-13.16745253,"profit_total":-0.01316745253,"profit_total_pct":-1.32,"duration_avg":"3:40:00","wins":2,"draws":0,"losses":1,"winrate":0.6666666666666666,"cagr":-0.04865331100497994,"expectancy":-4.389150843333333,"expectancy_ratio":-0.2561251396943254,"sortino":-100,"sharpe":-0.28386752964569495,"calmar":-15.133805947998262,"sqn":-0.6794,"profit_factor":0.2316245809170239,"max_drawdown_account":0.01713674358000003,"max_drawdown_abs":17.13674358},"results_per_pair":[{"key":"DOGE/USDT","trades":3,"profit_mean":-0.013221464167271067,"profit_mean_pct":-1.32,"profit_total_abs":-13.16745253,"profit_total":-0.01316745253,"profit_total_pct":-1.32,"duration_avg":"3:40:00","wins":2,"draws":0,"losses":1,"winrate":0.6666666666666666,"cagr":-0.04865331100497994,"expectancy":-4.389150843333333,"expectancy_ratio":-0.2561251396943254,"sortino":-100,"sharpe":-0.28386752964569495,"calmar":-15.133805947998262,"sqn":-0.6794,"profit_factor":0.2316245809170239,"max_drawdown_account":0.01713674358000003,"max_drawdown_abs":17.13674358},{"key":"TOTAL","trades":3,"profit_mean":-0.013221464167271067,"profit_mean_pct":-1.32,"profit_total_abs":-13.16745253,"profit_total":-0.01316745253,"profit_total_pct":-1.32,"duration_avg":"3:40:00","wins":2,"draws":0,"losses":1,"winrate":0.6666666666666666,"cagr":-0.04865331100497994,"expectancy":-4.389150843333333,"expectancy_ratio":-0.2561251396943254,"sortino":-100,"sharpe":-0.28386752964569495,"calmar":-15.133805947998262,"sqn":-0.6794,"profit_factor":0.2316245809170239,"max_drawdown_account":0.01713674358000003,"max_drawdown_abs":17.13674358}],"results_per_enter_tag":[{"key":"","trades":3,"profit_mean":-0.013221464167271067,"profit_mean_pct":-1.32,"profit_total_abs":-13.16745253,"profit_total":-0.01316745253,"profit_total_pct":-1.32,"duration_avg":"3:40:00","wins":2,"draws":0,"losses":1,"winrate":0.6666666666666666,"cagr":-0.04865331100497994,"expectancy":-4.389150843333333,"expectancy_ratio":-0.2561251396943254,"sortino":-100,"sharpe":-0.28386752964569495,"calmar":-15.133805947998262,"sqn":-0.6794,"profit_factor":0.2316245809170239,"max_drawdown_account":0.01713674358000003,"max_drawdown_abs":17.13674358},{"key":"TOTAL","trades":3,"profit_mean":-0.013221464167271067,"profit_mean_pct":-1.32,"profit_total_abs":-13.16745253,"profit_total":-0.01316745253,"profit_total_pct":-1.32,"duration_avg":"3:40:00","wins":2,"draws":0,"losses":1,"winrate":0.6666666666666666,"cagr":-0.04865331100497994,"expectancy":-4.389150843333333,"expectancy_ratio":-0.2561251396943254,"sortino":-100,"sharpe":-0.28386752964569495,"calmar":-15.133805947998262,"sqn":-0.6794,"profit_factor":0.2316245809170239,"max_drawdown_account":0.01713674358000003,"max_drawdown_abs":17.13674358}],"exit_reason_summary":[{"key":"roi","trades":2,"profit_mean":0.006113036397381708,"profit_mean_pct":0.61,"profit_total_abs":3.96929105,"profit_total":0.00396929105,"profit_total_pct":0.4,"duration_avg":"2:00:00","wins":2,"draws":0,"losses":0,"winrate":1.0,"cagr":0.015018082547623601,"expectancy":1.984645525,"expectancy_ratio":100.0,"sortino":-100,"sharpe":0.42863571213214785,"calmar":-100,"sqn":1.0881,"profit_factor":0.0,"max_drawdown_account":0.0,"max_drawdown_abs":0.0},{"key":"stop_loss","trades":1,"profit_mean":-0.051890465296576614,"profit_mean_pct":-5.19,"profit_total_abs":-17.13674358,"profit_total":-0.017136743580000002,"profit_total_pct":-1.71,"duration_avg":"7:00:00","wins":0,"draws":0,"losses":1,"winrate":0.0,"cagr":-0.06297239573763791,"expectancy":-17.13674358,"expectancy_ratio":-1.0,"sortino":-100,"sharpe":-100,"calmar":-19.695848633549247,"sqn":-100.0,"profit_factor":0.0,"max_drawdown_account":0.01713674358000003,"max_drawdown_abs":17.13674358},{"key":"TOTAL","trades":3,"profit_mean":-0.013221464167271067,"profit_mean_pct":-1.32,"profit_total_abs":-13.16745253,"profit_total":-0.01316745253,"profit_total_pct":-1.32,"duration_avg":"3:40:00","wins":2,"draws":0,"losses":1,"winrate":0.6666666666666666,"cagr":-0.04865331100497994,"expectancy":-4.389150843333333,"expectancy_ratio":-0.2561251396943254,"sortino":-100,"sharpe":-0.28386752964569495,"calmar":-15.133805947998262,"sqn":-0.6794,"profit_factor":0.2316245809170239,"max_drawdown_account":0.01713674358000003,"max_drawdown_abs":17.13674358}],"mix_tag_stats":[{"key":["","roi"],"trades":2,"profit_mean":0.006113036397381708,"profit_mean_pct":0.61,"profit_total_abs":3.96929105,"profit_total":0.00396929105,"profit_total_pct":0.4,"duration_avg":"2:00:00","wins":2,"draws":0,"losses":0,"winrate":1.0,"cagr":0.015018082547623601,"expectancy":1.984645525,"expectancy_ratio":100.0,"sortino":-100,"sharpe":0.42863571213214785,"calmar":-100,"sqn":1.0881,"profit_factor":0.0,"max_drawdown_account":0.0,"max_drawdown_abs":0.0},{"key":["","stop_loss"],"trades":1,"profit_mean":-0.051890465296576614,"profit_mean_pct":-5.19,"profit_total_abs":-17.13674358,"profit_total":-0.017136743580000002,"profit_total_pct":-1.71,"duration_avg":"7:00:00","wins":0,"draws":0,"losses":1,"winrate":0.0,"cagr":-0.06297239573763791,"expectancy":-17.13674358,"expectancy_ratio":-1.0,"sortino":-100,"sharpe":-100,"calmar":-19.695848633549247,"sqn":-100.0,"profit_factor":0.0,"max_drawdown_account":0.01713674358000003,"max_drawdown_abs":17.13674358},{"key":"TOTAL","trades":3,"profit_mean":-0.013221464167271067,"profit_mean_pct":-1.32,"profit_total_abs":-13.16745253,"profit_total":-0.01316745253,"profit_total_pct":-1.32,"duration_avg":"3:40:00","wins":2,"draws":0,"losses":1,"winrate":0.6666666666666666,"cagr":-0.04865331100497994,"expectancy":-4.389150843333333,"expectancy_ratio":-0.2561251396943254,"sortino":-100,"sharpe":-0.28386752964569495,"calmar":-15.133805947998262,"sqn":-0.6794,"profit_factor":0.2316245809170239,"max_drawdown_account":0.01713674358000003,"max_drawdown_abs":17.13674358}],"left_open_trades":[{"key":"TOTAL","trades":0,"profit_mean":0.0,"profit_mean_pct":0.0,"profit_total_abs":0.0,"profit_total":0.0,"profit_total_pct":0.0,"duration_avg":"0:00","wins":0,"draws":0,"losses":0,"winrate":0.0,"cagr":0.0,"expectancy":0.0,"expectancy_ratio":100.0,"sortino":0,"sharpe":0,"calmar":0,"sqn":0.0,"profit_factor":0.0,"max_drawdown_account":0.0,"max_drawdown_abs":0.0}],"total_trades":3,"trade_count_long":3,"trade_count_short":0,"total_volume":1947.8284125299997,"avg_stake_amount":326.18401666666665,"profit_mean":-0.013221464167271067,"profit_median":0.0004951987070191001,"profit_total":-0.01316745253,"profit_total_long":-0.01316745253,"profit_total_short":0.0,"profit_total_abs":-13.16745253,"profit_total_long_abs":-13.16745253,"profit_total_short_abs":0.0,"cagr":-0.04865331100497994,"expectancy":-4.389150843333333,"expectancy_ratio":-0.2561251396943254,"sortino":-100,"sharpe":-0.28386752964569495,"calmar":-15.133805947998262,"sqn":-0.6794,"profit_factor":0.2316245809170239,"backtest_start":"2025-10-01 00:00:00","backtest_start_ts":1759276800000,"backtest_end":"2026-01-06 20:00:00","backtest_end_ts":1767729600000,"backtest_days":97,"backtest_run_start_ts":1767744454,"backtest_run_end_ts":1767744454,"trades_per_day":0.03,"market_change":-0.36632086436227446,"pairlist":["DOGE/USDT"],"stake_amount":"unlimited","stake_currency":"USDT","stake_currency_decimals":3,"starting_balance":1000,"dry_run_wallet":1000,"final_balance":986.83254747,"rejected_signals":0,"timedout_entry_orders":0,"timedout_exit_orders":0,"canceled_trade_entries":0,"canceled_entry_orders":0,"replaced_entry_orders":0,"max_open_trades":1,"max_open_trades_setting":3,"timeframe":"1h","timeframe_detail":"","timerange":"20251001-","enable_protections":false,"strategy_name":"ACO_27_4","freqaimodel":null,"freqai_identifier":null,"stoploss":-0.05,"trailing_stop":false,"trailing_stop_positive":null,"trailing_stop_positive_offset":0.0,"trailing_only_offset_is_reached":false,"use_custom_stoploss":false,"minimal_roi":{"0":0.1,"60":0.05,"120":0.0},"use_exit_signal":true,"exit_profit_only":false,"exit_profit_offset":0.0,"ignore_roi_if_entry_signal":false,"trading_mode":"spot","margin_mode":"","periodic_breakdown":{"day":[{"date":"30/10/2025","date_ts":1761782400000,"profit_abs":-17.13674358,"wins":0,"draws":0,"losses":1,"trades":1,"profit_factor":0.0},{"date":"31/10/2025","date_ts":1761868800000,"profit_abs":0.0,"wins":0,"draws":0,"losses":0,"trades":0,"profit_factor":0.0},{"date":"01/11/2025","date_ts":1761955200000,"profit_abs":0.0,"wins":0,"draws":0,"losses":0,"trades":0,"profit_factor":0.0},{"date":"02/11/2025","date_ts":1762041600000,"profit_abs":0.0,"wins":0,"draws":0,"losses":0,"trades":0,"profit_factor":0.0},{"date":"03/11/2025","date_ts":1762128000000,"profit_abs":0.0,"wins":0,"draws":0,"losses":0,"trades":0,"profit_factor":0.0},{"date":"04/11/2025","date_ts":1762214400000,"profit_abs":0.0,"wins":0,"draws":0,"losses":0,"trades":0,"profit_factor":0.0},{"date":"05/11/2025","date_ts":1762300800000,"profit_abs":0.0,"wins":0,"draws":0,"losses":0,"trades":0,"profit_factor":0.0},{"date":"06/11/2025","date_ts":1762387200000,"profit_abs":0.0,"wins":0,"draws":0,"losses":0,"trades":0,"profit_factor":0.0},{"date":"07/11/2025","date_ts":1762473600000,"profit_abs":0.0,"wins":0,"draws":0,"losses":0,"trades":0,"profit_factor":0.0},{"date":"08/11/2025","date_ts":1762560000000,"profit_abs":0.0,"wins":0,"draws":0,"losses":0,"trades":0,"profit_factor":0.0},{"date":"09/11/2025","date_ts":1762646400000,"profit_abs":0.0,"wins":0,"draws":0,"losses":0,"trades":0,"profit_factor":0.0},{"date":"10/11/2025","date_ts":1762732800000,"profit_abs":0.0,"wins":0,"draws":0,"losses":0,"trades":0,"profit_factor":0.0},{"date":"11/11/2025","date_ts":1762819200000,"profit_abs":0.0,"wins":0,"draws":0,"losses":0,"trades":0,"profit_factor":0.0},{"date":"12/11/2025","date_ts":1762905600000,"profit_abs":0.0,"wins":0,"draws":0,"losses":0,"trades":0,"profit_factor":0.0},{"date":"13/11/2025","date_ts":1762992000000,"profit_abs":0.0,"wins":0,"draws":0,"losses":0,"trades":0,"profit_factor":0.0},{"date":"14/11/2025","date_ts":1763078400000,"profit_abs":0.0,"wins":0,"draws":0,"losses":0,"trades":0,"profit_factor":0.0},{"date":"15/11/2025","date_ts":1763164800000,"profit_abs":0.0,"wins":0,"draws":0,"losses":0,"trades":0,"profit_factor":0.0},{"date":"16/11/2025","date_ts":1763251200000,"profit_abs":0.0,"wins":0,"draws":0,"losses":0,"trades":0,"profit_factor":0.0},{"date":"17/11/2025","date_ts":1763337600000,"profit_abs":0.0,"wins":0,"draws":0,"losses":0,"trades":0,"profit_factor":0.0},{"date":"18/11/2025","date_ts":1763424000000,"profit_abs":0.0,"wins":0,"draws":0,"losses":0,"trades":0,"profit_factor":0.0},{"date":"19/11/2025","date_ts":1763510400000,"profit_abs":0.0,"wins":0,"draws":0,"losses":0,"trades":0,"profit_factor":0.0},{"date":"20/11/2025","date_ts":1763596800000,"profit_abs":0.0,"wins":0,"draws":0,"losses":0,"trades":0,"profit_factor":0.0},{"date":"21/11/2025","date_ts":1763683200000,"profit_abs":0.0,"wins":0,"draws":0,"losses":0,"trades":0,"profit_factor":0.0},{"date":"22/11/2025","date_ts":1763769600000,"profit_abs":0.0,"wins":0,"draws":0,"losses":0,"trades":0,"profit_factor":0.0},{"date":"23/11/2025","date_ts":1763856000000,"profit_abs":0.0,"wins":0,"draws":0,"losses":0,"trades":0,"profit_factor":0.0},{"date":"24/11/2025","date_ts":1763942400000,"profit_abs":0.1607528,"wins":1,"draws":0,"losses":0,"trades":1,"profit_factor":0.0},{"date":"25/11/2025","date_ts":1764028800000,"profit_abs":0.0,"wins":0,"draws":0,"losses":0,"trades":0,"profit_factor":0.0},{"date":"26/11/2025","date_ts":1764115200000,"profit_abs":0.0,"wins":0,"draws":0,"losses":0,"trades":0,"profit_factor":0.0},{"date":"27/11/2025","date_ts":1764201600000,"profit_abs":0.0,"wins":0,"draws":0,"losses":0,"trades":0,"profit_factor":0.0},{"date":"28/11/2025","date_ts":1764288000000,"profit_abs":0.0,"wins":0,"draws":0,"losses":0,"trades":0,"profit_factor":0.0},{"date":"29/11/2025","date_ts":1764374400000,"profit_abs":0.0,"wins":0,"draws":0,"losses":0,"trades":0,"profit_factor":0.0},{"date":"30/11/2025","date_ts":1764460800000,"profit_abs":0.0,"wins":0,"draws":0,"losses":0,"trades":0,"profit_factor":0.0},{"date":"01/12/2025","date_ts":1764547200000,"profit_abs":0.0,"wins":0,"draws":0,"losses":0,"trades":0,"profit_factor":0.0},{"date":"02/12/2025","date_ts":1764633600000,"profit_abs":0.0,"wins":0,"draws":0,"losses":0,"trades":0,"profit_factor":0.0},{"date":"03/12/2025","date_ts":1764720000000,"profit_abs":0.0,"wins":0,"draws":0,"losses":0,"trades":0,"profit_factor":0.0},{"date":"04/12/2025","date_ts":1764806400000,"profit_abs":0.0,"wins":0,"draws":0,"losses":0,"trades":0,"profit_factor":0.0},{"date":"05/12/2025","date_ts":1764892800000,"profit_abs":0.0,"wins":0,"draws":0,"losses":0,"trades":0,"profit_factor":0.0},{"date":"06/12/2025","date_ts":1764979200000,"profit_abs":0.0,"wins":0,"draws":0,"losses":0,"trades":0,"profit_factor":0.0},{"date":"07/12/2025","date_ts":1765065600000,"profit_abs":0.0,"wins":0,"draws":0,"losses":0,"trades":0,"profit_factor":0.0},{"date":"08/12/2025","date_ts":1765152000000,"profit_abs":0.0,"wins":0,"draws":0,"losses":0,"trades":0,"profit_factor":0.0},{"date":"09/12/2025","date_ts":1765238400000,"profit_abs":0.0,"wins":0,"draws":0,"losses":0,"trades":0,"profit_factor":0.0},{"date":"10/12/2025","date_ts":1765324800000,"profit_abs":0.0,"wins":0,"draws":0,"losses":0,"trades":0,"profit_factor":0.0},{"date":"11/12/2025","date_ts":1765411200000,"profit_abs":0.0,"wins":0,"draws":0,"losses":0,"trades":0,"profit_factor":0.0},{"date":"12/12/2025","date_ts":1765497600000,"profit_abs":0.0,"wins":0,"draws":0,"losses":0,"trades":0,"profit_factor":0.0},{"date":"13/12/2025","date_ts":1765584000000,"profit_abs":0.0,"wins":0,"draws":0,"losses":0,"trades":0,"profit_factor":0.0},{"date":"14/12/2025","date_ts":1765670400000,"profit_abs":0.0,"wins":0,"draws":0,"losses":0,"trades":0,"profit_factor":0.0},{"date":"15/12/2025","date_ts":1765756800000,"profit_abs":0.0,"wins":0,"draws":0,"losses":0,"trades":0,"profit_factor":0.0},{"date":"16/12/2025","date_ts":1765843200000,"profit_abs":0.0,"wins":0,"draws":0,"losses":0,"trades":0,"profit_factor":0.0},{"date":"17/12/2025","date_ts":1765929600000,"profit_abs":0.0,"wins":0,"draws":0,"losses":0,"trades":0,"profit_factor":0.0},{"date":"18/12/2025","date_ts":1766016000000,"profit_abs":0.0,"wins":0,"draws":0,"losses":0,"trades":0,"profit_factor":0.0},{"date":"19/12/2025","date_ts":1766102400000,"profit_abs":0.0,"wins":0,"draws":0,"losses":0,"trades":0,"profit_factor":0.0},{"date":"20/12/2025","date_ts":1766188800000,"profit_abs":0.0,"wins":0,"draws":0,"losses":0,"trades":0,"profit_factor":0.0},{"date":"21/12/2025","date_ts":1766275200000,"profit_abs":0.0,"wins":0,"draws":0,"losses":0,"trades":0,"profit_factor":0.0},{"date":"22/12/2025","date_ts":1766361600000,"profit_abs":0.0,"wins":0,"draws":0,"losses":0,"trades":0,"profit_factor":0.0},{"date":"23/12/2025","date_ts":1766448000000,"profit_abs":0.0,"wins":0,"draws":0,"losses":0,"trades":0,"profit_factor":0.0},{"date":"24/12/2025","date_ts":1766534400000,"profit_abs":0.0,"wins":0,"draws":0,"losses":0,"trades":0,"profit_factor":0.0},{"date":"25/12/2025","date_ts":1766620800000,"profit_abs":0.0,"wins":0,"draws":0,"losses":0,"trades":0,"profit_factor":0.0},{"date":"26/12/2025","date_ts":1766707200000,"profit_abs":0.0,"wins":0,"draws":0,"losses":0,"trades":0,"profit_factor":0.0},{"date":"27/12/2025","date_ts":1766793600000,"profit_abs":0.0,"wins":0,"draws":0,"losses":0,"trades":0,"profit_factor":0.0},{"date":"28/12/2025","date_ts":1766880000000,"profit_abs":0.0,"wins":0,"draws":0,"losses":0,"trades":0,"profit_factor":0.0},{"date":"29/12/2025","date_ts":1766966400000,"profit_abs":3.80853825,"wins":1,"draws":0,"losses":0,"trades":1,"profit_factor":0.0}],"week":[{"date":"03/11/2025","date_ts":1762128000000,"profit_abs":-17.13674358,"wins":0,"draws":0,"losses":1,"trades":1,"profit_factor":0.0},{"date":"10/11/2025","date_ts":1762732800000,"profit_abs":0.0,"wins":0,"draws":0,"losses":0,"trades":0,"profit_factor":0.0},{"date":"17/11/2025","date_ts":1763337600000,"profit_abs":0.0,"wins":0,"draws":0,"losses":0,"trades":0,"profit_factor":0.0},{"date":"24/11/2025","date_ts":1763942400000,"profit_abs":0.1607528,"wins":1,"draws":0,"losses":0,"trades":1,"profit_factor":0.0},{"date":"01/12/2025","date_ts":1764547200000,"profit_abs":0.0,"wins":0,"draws":0,"losses":0,"trades":0,"profit_factor":0.0},{"date":"08/12/2025","date_ts":1765152000000,"profit_abs":0.0,"wins":0,"draws":0,"losses":0,"trades":0,"profit_factor":0.0},{"date":"15/12/2025","date_ts":1765756800000,"profit_abs":0.0,"wins":0,"draws":0,"losses":0,"trades":0,"profit_factor":0.0},{"date":"22/12/2025","date_ts":1766361600000,"profit_abs":0.0,"wins":0,"draws":0,"losses":0,"trades":0,"profit_factor":0.0},{"date":"29/12/2025","date_ts":1766966400000,"profit_abs":3.80853825,"wins":1,"draws":0,"losses":0,"trades":1,"profit_factor":0.0}],"month":[{"date":"31/10/2025","date_ts":1761868800000,"profit_abs":-17.13674358,"wins":0,"draws":0,"losses":1,"trades":1,"profit_factor":0.0},{"date":"30/11/2025","date_ts":1764460800000,"profit_abs":0.1607528,"wins":1,"draws":0,"losses":0,"trades":1,"profit_factor":0.0},{"date":"31/12/2025","date_ts":1767139200000,"profit_abs":3.80853825,"wins":1,"draws":0,"losses":0,"trades":1,"profit_factor":0.0}],"year":[{"date":"31/12/2025","date_ts":1767139200000,"profit_abs":-13.16745253,"wins":2,"draws":0,"losses":1,"trades":3,"profit_factor":0.23162458}],"weekday":[{"date":"Monday","date_ts":0,"profit_abs":3.96929105,"wins":2,"draws":0,"losses":0,"trades":2,"profit_factor":0.0},{"date":"Thursday","date_ts":3,"profit_abs":-17.13674358,"wins":0,"draws":0,"losses":1,"trades":1,"profit_factor":0.0}]},"backtest_best_day":0.011730874087744316,"backtest_worst_day":-0.051890465296576614,"backtest_best_day_abs":3.80853825,"backtest_worst_day_abs":-17.13674358,"winning_days":2,"draw_days":58,"losing_days":1,"daily_profit":[["2025-10-30",-17.13674358],["2025-10-31",0.0],["2025-11-01",0.0],["2025-11-02",0.0],["2025-11-03",0.0],["2025-11-04",0.0],["2025-11-05",0.0],["2025-11-06",0.0],["2025-11-07",0.0],["2025-11-08",0.0],["2025-11-09",0.0],["2025-11-10",0.0],["2025-11-11",0.0],["2025-11-12",0.0],["2025-11-13",0.0],["2025-11-14",0.0],["2025-11-15",0.0],["2025-11-16",0.0],["2025-11-17",0.0],["2025-11-18",0.0],["2025-11-19",0.0],["2025-11-20",0.0],["2025-11-21",0.0],["2025-11-22",0.0],["2025-11-23",0.0],["2025-11-24",0.1607528],["2025-11-25",0.0],["2025-11-26",0.0],["2025-11-27",0.0],["2025-11-28",0.0],["2025-11-29",0.0],["2025-11-30",0.0],["2025-12-01",0.0],["2025-12-02",0.0],["2025-12-03",0.0],["2025-12-04",0.0],["2025-12-05",0.0],["2025-12-06",0.0],["2025-12-07",0.0],["2025-12-08",0.0],["2025-12-09",0.0],["2025-12-10",0.0],["2025-12-11",0.0],["2025-12-12",0.0],["2025-12-13",0.0],["2025-12-14",0.0],["2025-12-15",0.0],["2025-12-16",0.0],["2025-12-17",0.0],["2025-12-18",0.0],["2025-12-19",0.0],["2025-12-20",0.0],["2025-12-21",0.0],["2025-12-22",0.0],["2025-12-23",0.0],["2025-12-24",0.0],["2025-12-25",0.0],["2025-12-26",0.0],["2025-12-27",0.0],["2025-12-28",0.0],["2025-12-29",3.80853825]],"wins":2,"losses":1,"draws":0,"winrate":0.6666666666666666,"holding_avg":"3:40:00","holding_avg_s":13200.0,"winner_holding_min":"0d 02:00","winner_holding_min_s":7200.0,"winner_holding_max":"0d 02:00","winner_holding_max_s":7200.0,"winner_holding_avg":"0d 02:00","winner_holding_avg_s":7200.0,"loser_holding_min":"0d 07:00","loser_holding_min_s":25200.0,"loser_holding_max":"0d 07:00","loser_holding_max_s":25200.0,"loser_holding_avg":"0d 07:00","loser_holding_avg_s":25200.0,"max_consecutive_wins":2,"max_consecutive_losses":1,"max_drawdown_account":0.01713674358000003,"max_relative_drawdown":0.01713674358000003,"max_drawdown_abs":17.13674358,"drawdown_start":"2025-10-30 04:00:00","drawdown_start_ts":1761796800000.0,"drawdown_end":"2025-10-30 04:00:00","drawdown_end_ts":1761796800000.0,"drawdown_duration":"0 days 00:00:00","drawdown_duration_s":0.0,"max_drawdown_low":-17.13674358,"max_drawdown_high":0.0,"csum_min":982.86325642,"csum_max":986.83254747}},"strategy_comparison":[{"key":"ACO_27_4","trades":3,"profit_mean":-0.013221464167271067,"profit_mean_pct":-1.32,"profit_total_abs":-13.16745253,"profit_total":-0.01316745253,"profit_total_pct":-1.32,"duration_avg":"3:40:00","wins":2,"draws":0,"losses":1,"winrate":0.6666666666666666,"cagr":-0.04865331100497994,"expectancy":-4.389150843333333,"expectancy_ratio":-0.2561251396943254,"sortino":-100,"sharpe":-0.28386752964569495,"calmar":-15.133805947998262,"sqn":-0.6794,"profit_factor":0.2316245809170239,"max_drawdown_account":0.01713674358000003,"max_drawdown_abs":"17.137"}]}