{"strategy":{"ACO_31_0":{"trades":[{"pair":"DOGE/USDT","stake_amount":329.91824,"max_stake_amount":329.91824,"amount":1294.0,"open_date":"2025-10-02 16:00:00+00:00","close_date":"2025-10-02 17:00:00+00:00","open_rate":0.25496,"close_rate":0.25588,"fee_open":0.001,"fee_close":0.001,"trade_duration":60,"profit_ratio":0.0016031975555037996,"profit_abs":0.52945304,"exit_reason":"exit_signal","initial_stop_loss_abs":0.24222,"initial_stop_loss_ratio":-0.05,"stop_loss_abs":0.24222,"stop_loss_ratio":-0.05,"min_rate":0.25421,"max_rate":0.2578,"is_open":false,"enter_tag":"","leverage":1.0,"is_short":false,"open_timestamp":1759420800000,"close_timestamp":1759424400000,"orders":[{"amount":1294.0,"safe_price":0.25496,"ft_order_side":"buy","order_filled_timestamp":1759420800000,"ft_is_entry":true,"ft_order_tag":"","cost":330.24815824},{"amount":1294.0,"safe_price":0.25588,"ft_order_side":"sell","order_filled_timestamp":1759424400000,"ft_is_entry":false,"ft_order_tag":"exit_signal","cost":331.43982872}],"funding_fees":0.0,"weekday":3},{"pair":"DOGE/USDT","stake_amount":330.0137,"max_stake_amount":330.0137,"amount":1285.0,"open_date":"2025-10-03 10:00:00+00:00","close_date":"2025-10-03 13:00:00+00:00","open_rate":0.25682,"close_rate":0.2573341541541541,"fee_open":0.001,"fee_close":0.001,"trade_duration":180,"profit_ratio":0.0,"profit_abs":0.0,"exit_reason":"roi","initial_stop_loss_abs":0.24398,"initial_stop_loss_ratio":-0.05,"stop_loss_abs":0.24398,"stop_loss_ratio":-0.05,"min_rate":0.25386,"max_rate":0.25793,"is_open":false,"enter_tag":"","leverage":1.0,"is_short":false,"open_timestamp":1759485600000,"close_timestamp":1759496400000,"orders":[{"amount":1285.0,"safe_price":0.25682,"ft_order_side":"buy","order_filled_timestamp":1759485600000,"ft_is_entry":true,"ft_order_tag":"","cost":330.3437136999999},{"amount":1285.0,"safe_price":0.2573341541541541,"ft_order_side":"sell","order_filled_timestamp":1759496400000,"ft_is_entry":false,"ft_order_tag":"roi","cost":331.0050624761761}],"funding_fees":0.0,"weekday":4},{"pair":"DOGE/USDT","stake_amount":329.95495,"max_stake_amount":329.95495,"amount":1235.0,"open_date":"2025-10-07 03:00:00+00:00","close_date":"2025-10-07 04:00:00+00:00","open_rate":0.26717,"close_rate":0.26656,"fee_open":0.001,"fee_close":0.001,"trade_duration":60,"profit_ratio":-0.004276630656838015,"profit_abs":-1.41250655,"exit_reason":"exit_signal","initial_stop_loss_abs":0.25382,"initial_stop_loss_ratio":-0.05,"stop_loss_abs":0.25382,"stop_loss_ratio":-0.05,"min_rate":0.26453,"max_rate":0.26831,"is_open":false,"enter_tag":"","leverage":1.0,"is_short":false,"open_timestamp":1759806000000,"close_timestamp":1759809600000,"orders":[{"amount":1235.0,"safe_price":0.26717,"ft_order_side":"buy","order_filled_timestamp":1759806000000,"ft_is_entry":true,"ft_order_tag":"","cost":330.28490494999994},{"amount":1235.0,"safe_price":0.26656,"ft_order_side":"sell","order_filled_timestamp":1759809600000,"ft_is_entry":false,"ft_order_tag":"exit_signal","cost":329.5308016}],"funding_fees":0.0,"weekday":1},{"pair":"DOGE/USDT","stake_amount":329.6318,"max_stake_amount":329.6318,"amount":1318.0,"open_date":"2025-10-08 11:00:00+00:00","close_date":"2025-10-08 12:00:00+00:00","open_rate":0.2501,"close_rate":0.2493,"fee_open":0.001,"fee_close":0.001,"trade_duration":60,"profit_ratio":-0.005190331459823663,"profit_abs":-1.7126092,"exit_reason":"exit_signal","initial_stop_loss_abs":0.2376,"initial_stop_loss_ratio":-0.05,"stop_loss_abs":0.2376,"stop_loss_ratio":-0.05,"min_rate":0.2487,"max_rate":0.2526,"is_open":false,"enter_tag":"","leverage":1.0,"is_short":false,"open_timestamp":1759921200000,"close_timestamp":1759924800000,"orders":[{"amount":1318.0,"safe_price":0.2501,"ft_order_side":"buy","order_filled_timestamp":1759921200000,"ft_is_entry":true,"ft_order_tag":"","cost":329.96143179999996},{"amount":1318.0,"safe_price":0.2493,"ft_order_side":"sell","order_filled_timestamp":1759924800000,"ft_is_entry":false,"ft_order_tag":"exit_signal","cost":328.9059774}],"funding_fees":0.0,"weekday":2},{"pair":"DOGE/USDT","stake_amount":328.9992,"max_stake_amount":328.9992,"amount":1304.0,"open_date":"2025-10-08 13:00:00+00:00","close_date":"2025-10-08 15:00:00+00:00","open_rate":0.2523,"close_rate":0.2528051051051051,"fee_open":0.001,"fee_close":0.001,"trade_duration":120,"profit_ratio":0.0,"profit_abs":0.0,"exit_reason":"roi","initial_stop_loss_abs":0.23969,"initial_stop_loss_ratio":-0.05,"stop_loss_abs":0.23969,"stop_loss_ratio":-0.05,"min_rate":0.24914,"max_rate":0.25678,"is_open":false,"enter_tag":"","leverage":1.0,"is_short":false,"open_timestamp":1759928400000,"close_timestamp":1759935600000,"orders":[{"amount":1304.0,"safe_price":0.2523,"ft_order_side":"buy","order_filled_timestamp":1759928400000,"ft_is_entry":true,"ft_order_tag":"","cost":329.3281992},{"amount":1304.0,"safe_price":0.2528051051051051,"ft_order_side":"sell","order_filled_timestamp":1759935600000,"ft_is_entry":false,"ft_order_tag":"roi","cost":329.9875149141141}],"funding_fees":0.0,"weekday":2},{"pair":"DOGE/USDT","stake_amount":328.95644,"max_stake_amount":328.95644,"amount":1724.0,"open_date":"2025-10-12 07:00:00+00:00","close_date":"2025-10-12 14:00:00+00:00","open_rate":0.19081,"close_rate":0.19119200200200198,"fee_open":0.001,"fee_close":0.001,"trade_duration":420,"profit_ratio":0.0,"profit_abs":0.0,"exit_reason":"roi","initial_stop_loss_abs":0.18127,"initial_stop_loss_ratio":-0.05,"stop_loss_abs":0.18127,"stop_loss_ratio":-0.05,"min_rate":0.18624,"max_rate":0.19986,"is_open":false,"enter_tag":"","leverage":1.0,"is_short":false,"open_timestamp":1760252400000,"close_timestamp":1760277600000,"orders":[{"amount":1724.0,"safe_price":0.19081,"ft_order_side":"buy","order_filled_timestamp":1760252400000,"ft_is_entry":true,"ft_order_tag":"","cost":329.28539643999994},{"amount":1724.0,"safe_price":0.19119200200200198,"ft_order_side":"sell","order_filled_timestamp":1760277600000,"ft_is_entry":false,"ft_order_tag":"roi","cost":329.9446264629029}],"funding_fees":0.0,"weekday":6},{"pair":"DOGE/USDT","stake_amount":329.12292,"max_stake_amount":329.12292,"amount":1678.0,"open_date":"2025-10-12 15:00:00+00:00","close_date":"2025-10-12 16:00:00+00:00","open_rate":0.19614,"close_rate":0.2063494894894895,"fee_open":0.001,"fee_close":0.001,"trade_duration":60,"profit_ratio":0.04995004995004995,"profit_abs":16.456146,"exit_reason":"roi","initial_stop_loss_abs":0.18634,"initial_stop_loss_ratio":-0.05,"stop_loss_abs":0.18634,"stop_loss_ratio":-0.05,"min_rate":0.19562,"max_rate":0.2095,"is_open":false,"enter_tag":"","leverage":1.0,"is_short":false,"open_timestamp":1760281200000,"close_timestamp":1760284800000,"orders":[{"amount":1678.0,"safe_price":0.19614,"ft_order_side":"buy","order_filled_timestamp":1760281200000,"ft_is_entry":true,"ft_order_tag":"","cost":329.45204292},{"amount":1678.0,"safe_price":0.2063494894894895,"ft_order_side":"sell","order_filled_timestamp":1760284800000,"ft_is_entry":false,"ft_order_tag":"roi","cost":346.6006978067267}],"funding_fees":0.0,"weekday":6},{"pair":"DOGE/USDT","stake_amount":334.56662,"max_stake_amount":334.56662,"amount":1682.0,"open_date":"2025-10-16 07:00:00+00:00","close_date":"2025-10-16 10:00:00+00:00","open_rate":0.19891,"close_rate":0.1993082182182182,"fee_open":0.001,"fee_close":0.001,"trade_duration":180,"profit_ratio":0.0,"profit_abs":0.0,"exit_reason":"roi","initial_stop_loss_abs":0.18897,"initial_stop_loss_ratio":-0.05,"stop_loss_abs":0.18897,"stop_loss_ratio":-0.05,"min_rate":0.19015,"max_rate":0.20062,"is_open":false,"enter_tag":"","leverage":1.0,"is_short":false,"open_timestamp":1760598000000,"close_timestamp":1760608800000,"orders":[{"amount":1682.0,"safe_price":0.19891,"ft_order_side":"buy","order_filled_timestamp":1760598000000,"ft_is_entry":true,"ft_order_tag":"","cost":334.90118662},{"amount":1682.0,"safe_price":0.1993082182182182,"ft_order_side":"sell","order_filled_timestamp":1760608800000,"ft_is_entry":false,"ft_order_tag":"roi","cost":335.57165946608603}],"funding_fees":0.0,"weekday":3},{"pair":"DOGE/USDT","stake_amount":334.41975,"max_stake_amount":334.41975,"amount":1785.0,"open_date":"2025-10-17 22:00:00+00:00","close_date":"2025-10-18 01:00:00+00:00","open_rate":0.18735,"close_rate":0.18772507507507505,"fee_open":0.001,"fee_close":0.001,"trade_duration":180,"profit_ratio":0.0,"profit_abs":0.0,"exit_reason":"roi","initial_stop_loss_abs":0.17799,"initial_stop_loss_ratio":-0.05,"stop_loss_abs":0.17799,"stop_loss_ratio":-0.05,"min_rate":0.18426,"max_rate":0.18791,"is_open":false,"enter_tag":"","leverage":1.0,"is_short":false,"open_timestamp":1760738400000,"close_timestamp":1760749200000,"orders":[{"amount":1785.0,"safe_price":0.18735,"ft_order_side":"buy","order_filled_timestamp":1760738400000,"ft_is_entry":true,"ft_order_tag":"","cost":334.7541697499999},{"amount":1785.0,"safe_price":0.18772507507507505,"ft_order_side":"sell","order_filled_timestamp":1760749200000,"ft_is_entry":false,"ft_order_tag":"roi","cost":335.4243482680179}],"funding_fees":0.0,"weekday":5},{"pair":"DOGE/USDT","stake_amount":334.4463,"max_stake_amount":334.4463,"amount":1746.0,"open_date":"2025-10-23 05:00:00+00:00","close_date":"2025-10-23 07:00:00+00:00","open_rate":0.19155,"close_rate":0.19477,"fee_open":0.001,"fee_close":0.001,"trade_duration":120,"profit_ratio":0.014778643439567482,"profit_abs":4.94760528,"exit_reason":"roi","initial_stop_loss_abs":0.18198,"initial_stop_loss_ratio":-0.05,"stop_loss_abs":0.18198,"stop_loss_ratio":-0.05,"min_rate":0.1913,"max_rate":0.19498,"is_open":false,"enter_tag":"","leverage":1.0,"is_short":false,"open_timestamp":1761195600000,"close_timestamp":1761202800000,"orders":[{"amount":1746.0,"safe_price":0.19155,"ft_order_side":"buy","order_filled_timestamp":1761195600000,"ft_is_entry":true,"ft_order_tag":"","cost":334.7807463},{"amount":1746.0,"safe_price":0.19477,"ft_order_side":"sell","order_filled_timestamp":1761202800000,"ft_is_entry":false,"ft_order_tag":"roi","cost":340.40848841999997}],"funding_fees":0.0,"weekday":3},{"pair":"DOGE/USDT","stake_amount":336.01256,"max_stake_amount":336.01256,"amount":1714.0,"open_date":"2025-10-29 18:00:00+00:00","close_date":"2025-10-29 19:00:00+00:00","open_rate":0.19604,"close_rate":0.19288,"fee_open":0.001,"fee_close":0.001,"trade_duration":60,"profit_ratio":-0.018084955240637756,"profit_abs":-6.08284888,"exit_reason":"exit_signal","initial_stop_loss_abs":0.18624,"initial_stop_loss_ratio":-0.05,"stop_loss_abs":0.18624,"stop_loss_ratio":-0.05,"min_rate":0.1871,"max_rate":0.197,"is_open":false,"enter_tag":"","leverage":1.0,"is_short":false,"open_timestamp":1761760800000,"close_timestamp":1761764400000,"orders":[{"amount":1714.0,"safe_price":0.19604,"ft_order_side":"buy","order_filled_timestamp":1761760800000,"ft_is_entry":true,"ft_order_tag":"","cost":336.34857256},{"amount":1714.0,"safe_price":0.19288,"ft_order_side":"sell","order_filled_timestamp":1761764400000,"ft_is_entry":false,"ft_order_tag":"exit_signal","cost":330.92691632}],"funding_fees":0.0,"weekday":2},{"pair":"DOGE/USDT","stake_amount":334.03512,"max_stake_amount":334.03512,"amount":1704.0,"open_date":"2025-10-29 21:00:00+00:00","close_date":"2025-10-29 23:00:00+00:00","open_rate":0.19603,"close_rate":0.19485,"fee_open":0.001,"fee_close":0.001,"trade_duration":120,"profit_ratio":-0.008005461864565064,"profit_abs":-2.67677952,"exit_reason":"exit_signal","initial_stop_loss_abs":0.18623,"initial_stop_loss_ratio":-0.05,"stop_loss_abs":0.18623,"stop_loss_ratio":-0.05,"min_rate":0.19147,"max_rate":0.19691,"is_open":false,"enter_tag":"","leverage":1.0,"is_short":false,"open_timestamp":1761771600000,"close_timestamp":1761778800000,"orders":[{"amount":1704.0,"safe_price":0.19603,"ft_order_side":"buy","order_filled_timestamp":1761771600000,"ft_is_entry":true,"ft_order_tag":"","cost":334.36915511999996},{"amount":1704.0,"safe_price":0.19485,"ft_order_side":"sell","order_filled_timestamp":1761778800000,"ft_is_entry":false,"ft_order_tag":"exit_signal","cost":332.3564244}],"funding_fees":0.0,"weekday":2},{"pair":"DOGE/USDT","stake_amount":333.30756,"max_stake_amount":333.30756,"amount":1797.0,"open_date":"2025-10-31 02:00:00+00:00","close_date":"2025-10-31 04:00:00+00:00","open_rate":0.18548,"close_rate":0.18585133133133133,"fee_open":0.001,"fee_close":0.001,"trade_duration":120,"profit_ratio":0.0,"profit_abs":0.0,"exit_reason":"roi","initial_stop_loss_abs":0.17621,"initial_stop_loss_ratio":-0.05,"stop_loss_abs":0.17621,"stop_loss_ratio":-0.05,"min_rate":0.18335,"max_rate":0.18608,"is_open":false,"enter_tag":"","leverage":1.0,"is_short":false,"open_timestamp":1761876000000,"close_timestamp":1761883200000,"orders":[{"amount":1797.0,"safe_price":0.18548,"ft_order_side":"buy","order_filled_timestamp":1761876000000,"ft_is_entry":true,"ft_order_tag":"","cost":333.64086756},{"amount":1797.0,"safe_price":0.18585133133133133,"ft_order_side":"sell","order_filled_timestamp":1761883200000,"ft_is_entry":false,"ft_order_tag":"roi","cost":334.3088172448048}],"funding_fees":0.0,"weekday":4},{"pair":"DOGE/USDT","stake_amount":333.24698,"max_stake_amount":333.24698,"amount":1793.0,"open_date":"2025-10-31 05:00:00+00:00","close_date":"2025-10-31 11:00:00+00:00","open_rate":0.18586,"close_rate":0.18623209209209207,"fee_open":0.001,"fee_close":0.001,"trade_duration":360,"profit_ratio":0.0,"profit_abs":0.0,"exit_reason":"roi","initial_stop_loss_abs":0.17657,"initial_stop_loss_ratio":-0.05,"stop_loss_abs":0.17657,"stop_loss_ratio":-0.05,"min_rate":0.18368,"max_rate":0.18734,"is_open":false,"enter_tag":"","leverage":1.0,"is_short":false,"open_timestamp":1761886800000,"close_timestamp":1761908400000,"orders":[{"amount":1793.0,"safe_price":0.18586,"ft_order_side":"buy","order_filled_timestamp":1761886800000,"ft_is_entry":true,"ft_order_tag":"","cost":333.58022697999996},{"amount":1793.0,"safe_price":0.18623209209209207,"ft_order_side":"sell","order_filled_timestamp":1761908400000,"ft_is_entry":false,"ft_order_tag":"roi","cost":334.24805526224213}],"funding_fees":0.0,"weekday":4},{"pair":"DOGE/USDT","stake_amount":333.17394,"max_stake_amount":333.17394,"amount":1991.0,"open_date":"2025-11-05 16:00:00+00:00","close_date":"2025-11-05 18:00:00+00:00","open_rate":0.16734,"close_rate":0.167675015015015,"fee_open":0.001,"fee_close":0.001,"trade_duration":120,"profit_ratio":0.0,"profit_abs":0.0,"exit_reason":"roi","initial_stop_loss_abs":0.15898,"initial_stop_loss_ratio":-0.05,"stop_loss_abs":0.15898,"stop_loss_ratio":-0.05,"min_rate":0.16573,"max_rate":0.16886,"is_open":false,"enter_tag":"","leverage":1.0,"is_short":false,"open_timestamp":1762358400000,"close_timestamp":1762365600000,"orders":[{"amount":1991.0,"safe_price":0.16734,"ft_order_side":"buy","order_filled_timestamp":1762358400000,"ft_is_entry":true,"ft_order_tag":"","cost":333.5071139399999},{"amount":1991.0,"safe_price":0.167675015015015,"ft_order_side":"sell","order_filled_timestamp":1762365600000,"ft_is_entry":false,"ft_order_tag":"roi","cost":334.17479584978975}],"funding_fees":0.0,"weekday":2},{"pair":"DOGE/USDT","stake_amount":333.23332,"max_stake_amount":333.23332,"amount":2044.0,"open_date":"2025-11-07 01:00:00+00:00","close_date":"2025-11-07 03:00:00+00:00","open_rate":0.16303,"close_rate":0.16414,"fee_open":0.001,"fee_close":0.001,"trade_duration":120,"profit_ratio":0.004796957321032644,"profit_abs":1.60010452,"exit_reason":"roi","initial_stop_loss_abs":0.15488,"initial_stop_loss_ratio":-0.05,"stop_loss_abs":0.15488,"stop_loss_ratio":-0.05,"min_rate":0.16095,"max_rate":0.16509,"is_open":false,"enter_tag":"","leverage":1.0,"is_short":false,"open_timestamp":1762477200000,"close_timestamp":1762484400000,"orders":[{"amount":2044.0,"safe_price":0.16303,"ft_order_side":"buy","order_filled_timestamp":1762477200000,"ft_is_entry":true,"ft_order_tag":"","cost":333.56655331999997},{"amount":2044.0,"safe_price":0.16414,"ft_order_side":"sell","order_filled_timestamp":1762484400000,"ft_is_entry":false,"ft_order_tag":"roi","cost":335.83766216}],"funding_fees":0.0,"weekday":4},{"pair":"DOGE/USDT","stake_amount":333.7497,"max_stake_amount":333.7497,"amount":1917.0,"open_date":"2025-11-12 09:00:00+00:00","close_date":"2025-11-12 11:00:00+00:00","open_rate":0.1741,"close_rate":0.1764,"fee_open":0.001,"fee_close":0.001,"trade_duration":120,"profit_ratio":0.011186401192145017,"profit_abs":3.7371915,"exit_reason":"roi","initial_stop_loss_abs":0.1654,"initial_stop_loss_ratio":-0.05,"stop_loss_abs":0.1654,"stop_loss_ratio":-0.05,"min_rate":0.17404,"max_rate":0.17713,"is_open":false,"enter_tag":"","leverage":1.0,"is_short":false,"open_timestamp":1762938000000,"close_timestamp":1762945200000,"orders":[{"amount":1917.0,"safe_price":0.1741,"ft_order_side":"buy","order_filled_timestamp":1762938000000,"ft_is_entry":true,"ft_order_tag":"","cost":334.08344969999996},{"amount":1917.0,"safe_price":0.1764,"ft_order_side":"sell","order_filled_timestamp":1762945200000,"ft_is_entry":false,"ft_order_tag":"roi","cost":338.49695879999996}],"funding_fees":0.0,"weekday":2},{"pair":"DOGE/USDT","stake_amount":335.049,"max_stake_amount":335.049,"amount":2130.0,"open_date":"2025-11-18 09:00:00+00:00","close_date":"2025-11-18 12:00:00+00:00","open_rate":0.1573,"close_rate":0.1576149149149149,"fee_open":0.001,"fee_close":0.001,"trade_duration":180,"profit_ratio":0.0,"profit_abs":0.0,"exit_reason":"roi","initial_stop_loss_abs":0.14944,"initial_stop_loss_ratio":-0.05,"stop_loss_abs":0.14944,"stop_loss_ratio":-0.05,"min_rate":0.15629,"max_rate":0.15787,"is_open":false,"enter_tag":"","leverage":1.0,"is_short":false,"open_timestamp":1763456400000,"close_timestamp":1763467200000,"orders":[{"amount":2130.0,"safe_price":0.1573,"ft_order_side":"buy","order_filled_timestamp":1763456400000,"ft_is_entry":true,"ft_order_tag":"","cost":335.38404899999995},{"amount":2130.0,"safe_price":0.1576149149149149,"ft_order_side":"sell","order_filled_timestamp":1763467200000,"ft_is_entry":false,"ft_order_tag":"roi","cost":336.0554885375374}],"funding_fees":0.0,"weekday":1},{"pair":"DOGE/USDT","stake_amount":335.00244,"max_stake_amount":335.00244,"amount":2364.0,"open_date":"2025-11-23 02:00:00+00:00","close_date":"2025-11-23 04:00:00+00:00","open_rate":0.14171,"close_rate":0.14289,"fee_open":0.001,"fee_close":0.001,"trade_duration":120,"profit_ratio":0.006312225633374458,"profit_abs":2.1167256,"exit_reason":"roi","initial_stop_loss_abs":0.13463,"initial_stop_loss_ratio":-0.05,"stop_loss_abs":0.13463,"stop_loss_ratio":-0.05,"min_rate":0.14124,"max_rate":0.1447,"is_open":false,"enter_tag":"","leverage":1.0,"is_short":false,"open_timestamp":1763863200000,"close_timestamp":1763870400000,"orders":[{"amount":2364.0,"safe_price":0.14171,"ft_order_side":"buy","order_filled_timestamp":1763863200000,"ft_is_entry":true,"ft_order_tag":"","cost":335.33744243999996},{"amount":2364.0,"safe_price":0.14289,"ft_order_side":"sell","order_filled_timestamp":1763870400000,"ft_is_entry":false,"ft_order_tag":"roi","cost":338.1297519599999}],"funding_fees":0.0,"weekday":6},{"pair":"DOGE/USDT","stake_amount":335.75916,"max_stake_amount":335.75916,"amount":2486.0,"open_date":"2025-12-01 22:00:00+00:00","close_date":"2025-12-02 00:00:00+00:00","open_rate":0.13506,"close_rate":0.13546,"fee_open":0.001,"fee_close":0.001,"trade_duration":120,"profit_ratio":0.0009577273015744806,"profit_abs":0.32188728,"exit_reason":"roi","initial_stop_loss_abs":0.12831,"initial_stop_loss_ratio":-0.05,"stop_loss_abs":0.12831,"stop_loss_ratio":-0.05,"min_rate":0.13493,"max_rate":0.13663,"is_open":false,"enter_tag":"","leverage":1.0,"is_short":false,"open_timestamp":1764626400000,"close_timestamp":1764633600000,"orders":[{"amount":2486.0,"safe_price":0.13506,"ft_order_side":"buy","order_filled_timestamp":1764626400000,"ft_is_entry":true,"ft_order_tag":"","cost":336.09491915999996},{"amount":2486.0,"safe_price":0.13546,"ft_order_side":"sell","order_filled_timestamp":1764633600000,"ft_is_entry":false,"ft_order_tag":"roi","cost":337.09031355999997}],"funding_fees":0.0,"weekday":1},{"pair":"DOGE/USDT","stake_amount":335.76714,"max_stake_amount":335.76714,"amount":2238.0,"open_date":"2025-12-03 12:00:00+00:00","close_date":"2025-12-03 14:00:00+00:00","open_rate":0.15003,"close_rate":0.15033036036036035,"fee_open":0.001,"fee_close":0.001,"trade_duration":120,"profit_ratio":0.0,"profit_abs":0.0,"exit_reason":"roi","initial_stop_loss_abs":0.14253,"initial_stop_loss_ratio":-0.05,"stop_loss_abs":0.14253,"stop_loss_ratio":-0.05,"min_rate":0.14651,"max_rate":0.15093,"is_open":false,"enter_tag":"","leverage":1.0,"is_short":false,"open_timestamp":1764763200000,"close_timestamp":1764770400000,"orders":[{"amount":2238.0,"safe_price":0.15003,"ft_order_side":"buy","order_filled_timestamp":1764763200000,"ft_is_entry":true,"ft_order_tag":"","cost":336.10290713999996},{"amount":2238.0,"safe_price":0.15033036036036035,"ft_order_side":"sell","order_filled_timestamp":1764770400000,"ft_is_entry":false,"ft_order_tag":"roi","cost":336.7757858329729}],"funding_fees":0.0,"weekday":2},{"pair":"DOGE/USDT","stake_amount":335.7536,"max_stake_amount":335.7536,"amount":2240.0,"open_date":"2025-12-03 17:00:00+00:00","close_date":"2025-12-03 19:00:00+00:00","open_rate":0.14989,"close_rate":0.15054,"fee_open":0.001,"fee_close":0.001,"trade_duration":120,"profit_ratio":0.0023298470826658164,"profit_abs":0.7830368,"exit_reason":"exit_signal","initial_stop_loss_abs":0.1424,"initial_stop_loss_ratio":-0.05,"stop_loss_abs":0.1424,"stop_loss_ratio":-0.05,"min_rate":0.14988,"max_rate":0.15195,"is_open":false,"enter_tag":"","leverage":1.0,"is_short":false,"open_timestamp":1764781200000,"close_timestamp":1764788400000,"orders":[{"amount":2240.0,"safe_price":0.14989,"ft_order_side":"buy","order_filled_timestamp":1764781200000,"ft_is_entry":true,"ft_order_tag":"","cost":336.0893536},{"amount":2240.0,"safe_price":0.15054,"ft_order_side":"sell","order_filled_timestamp":1764788400000,"ft_is_entry":false,"ft_order_tag":"exit_signal","cost":337.54680959999996}],"funding_fees":0.0,"weekday":2},{"pair":"DOGE/USDT","stake_amount":336.07008,"max_stake_amount":336.07008,"amount":2406.0,"open_date":"2025-12-06 12:00:00+00:00","close_date":"2025-12-06 14:00:00+00:00","open_rate":0.13968,"close_rate":0.13995963963963962,"fee_open":0.001,"fee_close":0.001,"trade_duration":120,"profit_ratio":0.0,"profit_abs":0.0,"exit_reason":"roi","initial_stop_loss_abs":0.1327,"initial_stop_loss_ratio":-0.05,"stop_loss_abs":0.1327,"stop_loss_ratio":-0.05,"min_rate":0.13926,"max_rate":0.14076,"is_open":false,"enter_tag":"","leverage":1.0,"is_short":false,"open_timestamp":1765022400000,"close_timestamp":1765029600000,"orders":[{"amount":2406.0,"safe_price":0.13968,"ft_order_side":"buy","order_filled_timestamp":1765022400000,"ft_is_entry":true,"ft_order_tag":"","cost":336.40615008},{"amount":2406.0,"safe_price":0.13995963963963962,"ft_order_side":"sell","order_filled_timestamp":1765029600000,"ft_is_entry":false,"ft_order_tag":"roi","cost":337.0796358659459}],"funding_fees":0.0,"weekday":5},{"pair":"DOGE/USDT","stake_amount":336.0747,"max_stake_amount":336.0747,"amount":2405.0,"open_date":"2025-12-06 17:00:00+00:00","close_date":"2025-12-06 19:00:00+00:00","open_rate":0.13974,"close_rate":0.14001975975975972,"fee_open":0.001,"fee_close":0.001,"trade_duration":120,"profit_ratio":0.0,"profit_abs":0.0,"exit_reason":"roi","initial_stop_loss_abs":0.13276,"initial_stop_loss_ratio":-0.05,"stop_loss_abs":0.13276,"stop_loss_ratio":-0.05,"min_rate":0.13907,"max_rate":0.14058,"is_open":false,"enter_tag":"","leverage":1.0,"is_short":false,"open_timestamp":1765040400000,"close_timestamp":1765047600000,"orders":[{"amount":2405.0,"safe_price":0.13974,"ft_order_side":"buy","order_filled_timestamp":1765040400000,"ft_is_entry":true,"ft_order_tag":"","cost":336.4107747},{"amount":2405.0,"safe_price":0.14001975975975972,"ft_order_side":"sell","order_filled_timestamp":1765047600000,"ft_is_entry":false,"ft_order_tag":"roi","cost":337.0842697444443}],"funding_fees":0.0,"weekday":5},{"pair":"DOGE/USDT","stake_amount":336.05065,"max_stake_amount":336.05065,"amount":2405.0,"open_date":"2025-12-06 21:00:00+00:00","close_date":"2025-12-07 00:00:00+00:00","open_rate":0.13973,"close_rate":0.13976,"fee_open":0.001,"fee_close":0.001,"trade_duration":180,"profit_ratio":-0.0017837311904441368,"profit_abs":-0.60002345,"exit_reason":"exit_signal","initial_stop_loss_abs":0.13275,"initial_stop_loss_ratio":-0.05,"stop_loss_abs":0.13275,"stop_loss_ratio":-0.05,"min_rate":0.13906,"max_rate":0.1405,"is_open":false,"enter_tag":"","leverage":1.0,"is_short":false,"open_timestamp":1765054800000,"close_timestamp":1765065600000,"orders":[{"amount":2405.0,"safe_price":0.13973,"ft_order_side":"buy","order_filled_timestamp":1765054800000,"ft_is_entry":true,"ft_order_tag":"","cost":336.3867006499999},{"amount":2405.0,"safe_price":0.13976,"ft_order_side":"sell","order_filled_timestamp":1765065600000,"ft_is_entry":false,"ft_order_tag":"exit_signal","cost":336.4589227999999}],"funding_fees":0.0,"weekday":6},{"pair":"DOGE/USDT","stake_amount":335.89998,"max_stake_amount":335.89998,"amount":2433.0,"open_date":"2025-12-11 19:00:00+00:00","close_date":"2025-12-11 21:00:00+00:00","open_rate":0.13806,"close_rate":0.14006,"fee_open":0.001,"fee_close":0.001,"trade_duration":120,"profit_ratio":0.01245950920005679,"profit_abs":4.18933404,"exit_reason":"roi","initial_stop_loss_abs":0.13116,"initial_stop_loss_ratio":-0.05,"stop_loss_abs":0.13116,"stop_loss_ratio":-0.05,"min_rate":0.13787,"max_rate":0.14281,"is_open":false,"enter_tag":"","leverage":1.0,"is_short":false,"open_timestamp":1765479600000,"close_timestamp":1765486800000,"orders":[{"amount":2433.0,"safe_price":0.13806,"ft_order_side":"buy","order_filled_timestamp":1765479600000,"ft_is_entry":true,"ft_order_tag":"","cost":336.23587997999994},{"amount":2433.0,"safe_price":0.14006,"ft_order_side":"sell","order_filled_timestamp":1765486800000,"ft_is_entry":false,"ft_order_tag":"roi","cost":341.1067459799999}],"funding_fees":0.0,"weekday":3},{"pair":"DOGE/USDT","stake_amount":337.19488,"max_stake_amount":337.19488,"amount":2497.0,"open_date":"2025-12-15 01:00:00+00:00","close_date":"2025-12-15 03:00:00+00:00","open_rate":0.13504,"close_rate":0.13662,"fee_open":0.001,"fee_close":0.001,"trade_duration":120,"profit_ratio":0.009678857871985835,"profit_abs":3.26692498,"exit_reason":"roi","initial_stop_loss_abs":0.12829,"initial_stop_loss_ratio":-0.05,"stop_loss_abs":0.12829,"stop_loss_ratio":-0.05,"min_rate":0.13485,"max_rate":0.13845,"is_open":false,"enter_tag":"","leverage":1.0,"is_short":false,"open_timestamp":1765760400000,"close_timestamp":1765767600000,"orders":[{"amount":2497.0,"safe_price":0.13504,"ft_order_side":"buy","order_filled_timestamp":1765760400000,"ft_is_entry":true,"ft_order_tag":"","cost":337.5320748799999},{"amount":2497.0,"safe_price":0.13662,"ft_order_side":"sell","order_filled_timestamp":1765767600000,"ft_is_entry":false,"ft_order_tag":"roi","cost":341.4812801399999}],"funding_fees":0.0,"weekday":0},{"pair":"DOGE/USDT","stake_amount":338.29895,"max_stake_amount":338.29895,"amount":2585.0,"open_date":"2025-12-16 11:00:00+00:00","close_date":"2025-12-16 13:00:00+00:00","open_rate":0.13087,"close_rate":0.13139,"fee_open":0.001,"fee_close":0.001,"trade_duration":120,"profit_ratio":0.0019674678496409983,"profit_abs":0.6662579,"exit_reason":"roi","initial_stop_loss_abs":0.12433,"initial_stop_loss_ratio":-0.05,"stop_loss_abs":0.12433,"stop_loss_ratio":-0.05,"min_rate":0.12975,"max_rate":0.13263,"is_open":false,"enter_tag":"","leverage":1.0,"is_short":false,"open_timestamp":1765882800000,"close_timestamp":1765890000000,"orders":[{"amount":2585.0,"safe_price":0.13087,"ft_order_side":"buy","order_filled_timestamp":1765882800000,"ft_is_entry":true,"ft_order_tag":"","cost":338.63724894999996},{"amount":2585.0,"safe_price":0.13139,"ft_order_side":"sell","order_filled_timestamp":1765890000000,"ft_is_entry":false,"ft_order_tag":"roi","cost":339.98279314999996}],"funding_fees":0.0,"weekday":1},{"pair":"DOGE/USDT","stake_amount":338.60547,"max_stake_amount":338.60547,"amount":2583.0,"open_date":"2025-12-20 03:00:00+00:00","close_date":"2025-12-20 05:00:00+00:00","open_rate":0.13109,"close_rate":0.13087,"fee_open":0.001,"fee_close":0.001,"trade_duration":120,"profit_ratio":-0.00367288520465727,"profit_abs":-1.24490268,"exit_reason":"exit_signal","initial_stop_loss_abs":0.12454,"initial_stop_loss_ratio":-0.05,"stop_loss_abs":0.12454,"stop_loss_ratio":-0.05,"min_rate":0.13069,"max_rate":0.13182,"is_open":false,"enter_tag":"","leverage":1.0,"is_short":false,"open_timestamp":1766199600000,"close_timestamp":1766206800000,"orders":[{"amount":2583.0,"safe_price":0.13109,"ft_order_side":"buy","order_filled_timestamp":1766199600000,"ft_is_entry":true,"ft_order_tag":"","cost":338.94407547},{"amount":2583.0,"safe_price":0.13087,"ft_order_side":"sell","order_filled_timestamp":1766206800000,"ft_is_entry":false,"ft_order_tag":"exit_signal","cost":338.37524720999994}],"funding_fees":0.0,"weekday":5},{"pair":"DOGE/USDT","stake_amount":338.15394,"max_stake_amount":338.15394,"amount":2577.0,"open_date":"2025-12-20 07:00:00+00:00","close_date":"2025-12-20 09:00:00+00:00","open_rate":0.13122,"close_rate":0.13193,"fee_open":0.001,"fee_close":0.001,"trade_duration":120,"profit_ratio":0.0034019478463922902,"profit_abs":1.15153245,"exit_reason":"roi","initial_stop_loss_abs":0.12466,"initial_stop_loss_ratio":-0.05,"stop_loss_abs":0.12466,"stop_loss_ratio":-0.05,"min_rate":0.13094,"max_rate":0.13261,"is_open":false,"enter_tag":"","leverage":1.0,"is_short":false,"open_timestamp":1766214000000,"close_timestamp":1766221200000,"orders":[{"amount":2577.0,"safe_price":0.13122,"ft_order_side":"buy","order_filled_timestamp":1766214000000,"ft_is_entry":true,"ft_order_tag":"","cost":338.49209394},{"amount":2577.0,"safe_price":0.13193,"ft_order_side":"sell","order_filled_timestamp":1766221200000,"ft_is_entry":false,"ft_order_tag":"roi","cost":340.32359361}],"funding_fees":0.0,"weekday":5},{"pair":"DOGE/USDT","stake_amount":338.5788,"max_stake_amount":338.5788,"amount":2856.0,"open_date":"2026-01-01 06:00:00+00:00","close_date":"2026-01-01 08:00:00+00:00","open_rate":0.11855,"close_rate":0.11878733733733732,"fee_open":0.001,"fee_close":0.001,"trade_duration":120,"profit_ratio":0.0,"profit_abs":0.0,"exit_reason":"roi","initial_stop_loss_abs":0.11263,"initial_stop_loss_ratio":-0.05,"stop_loss_abs":0.11263,"stop_loss_ratio":-0.05,"min_rate":0.11831,"max_rate":0.12042,"is_open":false,"enter_tag":"","leverage":1.0,"is_short":false,"open_timestamp":1767247200000,"close_timestamp":1767254400000,"orders":[{"amount":2856.0,"safe_price":0.11855,"ft_order_side":"buy","order_filled_timestamp":1767247200000,"ft_is_entry":true,"ft_order_tag":"","cost":338.91737879999994},{"amount":2856.0,"safe_price":0.11878733733733732,"ft_order_side":"sell","order_filled_timestamp":1767254400000,"ft_is_entry":false,"ft_order_tag":"roi","cost":339.5958920708708}],"funding_fees":0.0,"weekday":3},{"pair":"DOGE/USDT","stake_amount":338.53668,"max_stake_amount":338.53668,"amount":2812.0,"open_date":"2026-01-01 09:00:00+00:00","close_date":"2026-01-01 11:00:00+00:00","open_rate":0.12039,"close_rate":0.120631021021021,"fee_open":0.001,"fee_close":0.001,"trade_duration":120,"profit_ratio":0.0,"profit_abs":0.0,"exit_reason":"roi","initial_stop_loss_abs":0.11438,"initial_stop_loss_ratio":-0.05,"stop_loss_abs":0.11438,"stop_loss_ratio":-0.05,"min_rate":0.12021,"max_rate":0.12126,"is_open":false,"enter_tag":"","leverage":1.0,"is_short":false,"open_timestamp":1767258000000,"close_timestamp":1767265200000,"orders":[{"amount":2812.0,"safe_price":0.12039,"ft_order_side":"buy","order_filled_timestamp":1767258000000,"ft_is_entry":true,"ft_order_tag":"","cost":338.87521667999994},{"amount":2812.0,"safe_price":0.120631021021021,"ft_order_side":"sell","order_filled_timestamp":1767265200000,"ft_is_entry":false,"ft_order_tag":"roi","cost":339.5536455422221}],"funding_fees":0.0,"weekday":3},{"pair":"DOGE/USDT","stake_amount":338.4864,"max_stake_amount":338.4864,"amount":2576.0,"open_date":"2026-01-02 13:00:00+00:00","close_date":"2026-01-02 15:00:00+00:00","open_rate":0.1314,"close_rate":0.13403,"fee_open":0.001,"fee_close":0.001,"trade_duration":120,"profit_ratio":0.017977228251200853,"profit_abs":6.09113232,"exit_reason":"roi","initial_stop_loss_abs":0.12483,"initial_stop_loss_ratio":-0.05,"stop_loss_abs":0.12483,"stop_loss_ratio":-0.05,"min_rate":0.12955,"max_rate":0.13623,"is_open":false,"enter_tag":"","leverage":1.0,"is_short":false,"open_timestamp":1767358800000,"close_timestamp":1767366000000,"orders":[{"amount":2576.0,"safe_price":0.1314,"ft_order_side":"buy","order_filled_timestamp":1767358800000,"ft_is_entry":true,"ft_order_tag":"","cost":338.8248863999999},{"amount":2576.0,"safe_price":0.13403,"ft_order_side":"sell","order_filled_timestamp":1767366000000,"ft_is_entry":false,"ft_order_tag":"roi","cost":345.60654128}],"funding_fees":0.0,"weekday":4},{"pair":"DOGE/USDT","stake_amount":340.57656,"max_stake_amount":340.57656,"amount":2388.0,"open_date":"2026-01-03 10:00:00+00:00","close_date":"2026-01-03 12:00:00+00:00","open_rate":0.14262,"close_rate":0.14290552552552552,"fee_open":0.001,"fee_close":0.001,"trade_duration":120,"profit_ratio":0.0,"profit_abs":0.0,"exit_reason":"roi","initial_stop_loss_abs":0.13549,"initial_stop_loss_ratio":-0.05,"stop_loss_abs":0.13549,"stop_loss_ratio":-0.05,"min_rate":0.14221,"max_rate":0.14329,"is_open":false,"enter_tag":"","leverage":1.0,"is_short":false,"open_timestamp":1767434400000,"close_timestamp":1767441600000,"orders":[{"amount":2388.0,"safe_price":0.14262,"ft_order_side":"buy","order_filled_timestamp":1767434400000,"ft_is_entry":true,"ft_order_tag":"","cost":340.91713655999996},{"amount":2388.0,"safe_price":0.14290552552552552,"ft_order_side":"sell","order_filled_timestamp":1767441600000,"ft_is_entry":false,"ft_order_tag":"roi","cost":341.5996533499099}],"funding_fees":0.0,"weekday":5},{"pair":"DOGE/USDT","stake_amount":340.4999,"max_stake_amount":340.4999,"amount":2405.0,"open_date":"2026-01-03 18:00:00+00:00","close_date":"2026-01-03 20:00:00+00:00","open_rate":0.14158,"close_rate":0.14167,"fee_open":0.001,"fee_close":0.001,"trade_duration":120,"profit_ratio":-0.001363589087843926,"profit_abs":-0.46476625,"exit_reason":"exit_signal","initial_stop_loss_abs":0.13451,"initial_stop_loss_ratio":-0.05,"stop_loss_abs":0.13451,"stop_loss_ratio":-0.05,"min_rate":0.14127,"max_rate":0.14261,"is_open":false,"enter_tag":"","leverage":1.0,"is_short":false,"open_timestamp":1767463200000,"close_timestamp":1767470400000,"orders":[{"amount":2405.0,"safe_price":0.14158,"ft_order_side":"buy","order_filled_timestamp":1767463200000,"ft_is_entry":true,"ft_order_tag":"","cost":340.84039989999997},{"amount":2405.0,"safe_price":0.14167,"ft_order_side":"sell","order_filled_timestamp":1767470400000,"ft_is_entry":false,"ft_order_tag":"exit_signal","cost":341.05706634999996}],"funding_fees":0.0,"weekday":5},{"pair":"DOGE/USDT","stake_amount":340.37525,"max_stake_amount":340.37525,"amount":2243.0,"open_date":"2026-01-05 02:00:00+00:00","close_date":"2026-01-05 03:00:00+00:00","open_rate":0.15175,"close_rate":0.1519,"fee_open":0.001,"fee_close":0.001,"trade_duration":60,"profit_ratio":-0.001011509083996728,"profit_abs":-0.34463695,"exit_reason":"exit_signal","initial_stop_loss_abs":0.14417,"initial_stop_loss_ratio":-0.05,"stop_loss_abs":0.14417,"stop_loss_ratio":-0.05,"min_rate":0.15051,"max_rate":0.15224,"is_open":false,"enter_tag":"","leverage":1.0,"is_short":false,"open_timestamp":1767578400000,"close_timestamp":1767582000000,"orders":[{"amount":2243.0,"safe_price":0.15175,"ft_order_side":"buy","order_filled_timestamp":1767578400000,"ft_is_entry":true,"ft_order_tag":"","cost":340.71562524999996},{"amount":2243.0,"safe_price":0.1519,"ft_order_side":"sell","order_filled_timestamp":1767582000000,"ft_is_entry":false,"ft_order_tag":"exit_signal","cost":341.0524117}],"funding_fees":0.0,"weekday":0}],"locks":[],"best_pair":{"key":"DOGE/USDT","trades":36,"profit_mean":0.002611415741843996,"profit_mean_pct":0.26,"profit_total_abs":31.318258229999994,"profit_total":0.03131825822999999,"profit_total_pct":3.13,"duration_avg":"2:13:00","wins":13,"draws":15,"losses":8,"winrate":0.3611111111111111,"cagr":0.12304002746714615,"expectancy":0.8699516174999999,"expectancy_ratio":0.06201672052259721,"sortino":3.4952550476603412,"sharpe":1.831217066298178,"calmar":71.74291192288244,"sqn":1.5279,"profit_factor":3.1540752423516882,"max_drawdown_account":0.008597917996798612,"max_drawdown_abs":8.7596284},"worst_pair":{"key":"DOGE/USDT","trades":36,"profit_mean":0.002611415741843996,"profit_mean_pct":0.26,"profit_total_abs":31.318258229999994,"profit_total":0.03131825822999999,"profit_total_pct":3.13,"duration_avg":"2:13:00","wins":13,"draws":15,"losses":8,"winrate":0.3611111111111111,"cagr":0.12304002746714615,"expectancy":0.8699516174999999,"expectancy_ratio":0.06201672052259721,"sortino":3.4952550476603412,"sharpe":1.831217066298178,"calmar":71.74291192288244,"sqn":1.5279,"profit_factor":3.1540752423516882,"max_drawdown_account":0.008597917996798612,"max_drawdown_abs":8.7596284},"results_per_pair":[{"key":"DOGE/USDT","trades":36,"profit_mean":0.002611415741843996,"profit_mean_pct":0.26,"profit_total_abs":31.318258229999994,"profit_total":0.03131825822999999,"profit_total_pct":3.13,"duration_avg":"2:13:00","wins":13,"draws":15,"losses":8,"winrate":0.3611111111111111,"cagr":0.12304002746714615,"expectancy":0.8699516174999999,"expectancy_ratio":0.06201672052259721,"sortino":3.4952550476603412,"sharpe":1.831217066298178,"calmar":71.74291192288244,"sqn":1.5279,"profit_factor":3.1540752423516882,"max_drawdown_account":0.008597917996798612,"max_drawdown_abs":8.7596284},{"key":"TOTAL","trades":36,"profit_mean":0.002611415741843996,"profit_mean_pct":0.26,"profit_total_abs":31.318258229999994,"profit_total":0.03131825822999999,"profit_total_pct":3.13,"duration_avg":"2:13:00","wins":13,"draws":15,"losses":8,"winrate":0.3611111111111111,"cagr":0.12304002746714615,"expectancy":0.8699516174999999,"expectancy_ratio":0.06201672052259721,"sortino":3.4952550476603412,"sharpe":1.831217066298178,"calmar":71.74291192288244,"sqn":1.5279,"profit_factor":3.1540752423516882,"max_drawdown_account":0.008597917996798612,"max_drawdown_abs":8.7596284}],"results_per_enter_tag":[{"key":"","trades":36,"profit_mean":0.002611415741843996,"profit_mean_pct":0.26,"profit_total_abs":31.318258229999994,"profit_total":0.03131825822999999,"profit_total_pct":3.13,"duration_avg":"2:13:00","wins":13,"draws":15,"losses":8,"winrate":0.3611111111111111,"cagr":0.12304002746714615,"expectancy":0.8699516174999999,"expectancy_ratio":0.06201672052259721,"sortino":3.4952550476603412,"sharpe":1.831217066298178,"calmar":71.74291192288244,"sqn":1.5279,"profit_factor":3.1540752423516882,"max_drawdown_account":0.008597917996798612,"max_drawdown_abs":8.7596284},{"key":"TOTAL","trades":36,"profit_mean":0.002611415741843996,"profit_mean_pct":0.26,"profit_total_abs":31.318258229999994,"profit_total":0.03131825822999999,"profit_total_pct":3.13,"duration_avg":"2:13:00","wins":13,"draws":15,"losses":8,"winrate":0.3611111111111111,"cagr":0.12304002746714615,"expectancy":0.8699516174999999,"expectancy_ratio":0.06201672052259721,"sortino":3.4952550476603412,"sharpe":1.831217066298178,"calmar":71.74291192288244,"sqn":1.5279,"profit_factor":3.1540752423516882,"max_drawdown_account":0.008597917996798612,"max_drawdown_abs":8.7596284}],"exit_reason_summary":[{"key":"roi","trades":26,"profit_mean":0.00513334676373157,"profit_mean_pct":0.51,"profit_total_abs":44.54484187,"profit_total":0.04454484187,"profit_total_pct":4.45,"duration_avg":"2:28:00","wins":11,"draws":15,"losses":0,"winrate":0.4230769230769231,"cagr":0.17820398897451684,"expectancy":1.7132631488461538,"expectancy_ratio":100.0,"sortino":-100,"sharpe":2.5525101375768724,"calmar":-100,"sqn":2.4922,"profit_factor":0.0,"max_drawdown_account":0.0,"max_drawdown_abs":0.0},{"key":"exit_signal","trades":10,"profit_mean":-0.003945604915063694,"profit_mean_pct":-0.39,"profit_total_abs":-13.226583640000001,"profit_total":-0.013226583640000001,"profit_total_pct":-1.32,"duration_avg":"1:36:00","wins":2,"draws":0,"losses":8,"winrate":0.2,"cagr":-0.0488677958238567,"expectancy":-1.322658364,"expectancy_ratio":-0.7277813766163042,"sortino":-1.4761447744474927,"sharpe":-1.3977150588153366,"calmar":-18.94780615566577,"sqn":-2.1289,"profit_factor":0.09027327922961981,"max_drawdown_account":0.01374875735862022,"max_drawdown_abs":13.75603668},{"key":"TOTAL","trades":36,"profit_mean":0.002611415741843996,"profit_mean_pct":0.26,"profit_total_abs":31.318258229999994,"profit_total":0.03131825822999999,"profit_total_pct":3.13,"duration_avg":"2:13:00","wins":13,"draws":15,"losses":8,"winrate":0.3611111111111111,"cagr":0.12304002746714615,"expectancy":0.8699516174999999,"expectancy_ratio":0.06201672052259721,"sortino":3.4952550476603412,"sharpe":1.831217066298178,"calmar":71.74291192288244,"sqn":1.5279,"profit_factor":3.1540752423516882,"max_drawdown_account":0.008597917996798612,"max_drawdown_abs":8.7596284}],"mix_tag_stats":[{"key":["","roi"],"trades":26,"profit_mean":0.00513334676373157,"profit_mean_pct":0.51,"profit_total_abs":44.54484187,"profit_total":0.04454484187,"profit_total_pct":4.45,"duration_avg":"2:28:00","wins":11,"draws":15,"losses":0,"winrate":0.4230769230769231,"cagr":0.17820398897451684,"expectancy":1.7132631488461538,"expectancy_ratio":100.0,"sortino":-100,"sharpe":2.5525101375768724,"calmar":-100,"sqn":2.4922,"profit_factor":0.0,"max_drawdown_account":0.0,"max_drawdown_abs":0.0},{"key":["","exit_signal"],"trades":10,"profit_mean":-0.003945604915063694,"profit_mean_pct":-0.39,"profit_total_abs":-13.226583640000001,"profit_total":-0.013226583640000001,"profit_total_pct":-1.32,"duration_avg":"1:36:00","wins":2,"draws":0,"losses":8,"winrate":0.2,"cagr":-0.0488677958238567,"expectancy":-1.322658364,"expectancy_ratio":-0.7277813766163042,"sortino":-1.4761447744474927,"sharpe":-1.3977150588153366,"calmar":-18.94780615566577,"sqn":-2.1289,"profit_factor":0.09027327922961981,"max_drawdown_account":0.01374875735862022,"max_drawdown_abs":13.75603668},{"key":"TOTAL","trades":36,"profit_mean":0.002611415741843996,"profit_mean_pct":0.26,"profit_total_abs":31.318258229999994,"profit_total":0.03131825822999999,"profit_total_pct":3.13,"duration_avg":"2:13:00","wins":13,"draws":15,"losses":8,"winrate":0.3611111111111111,"cagr":0.12304002746714615,"expectancy":0.8699516174999999,"expectancy_ratio":0.06201672052259721,"sortino":3.4952550476603412,"sharpe":1.831217066298178,"calmar":71.74291192288244,"sqn":1.5279,"profit_factor":3.1540752423516882,"max_drawdown_account":0.008597917996798612,"max_drawdown_abs":8.7596284}],"left_open_trades":[{"key":"TOTAL","trades":0,"profit_mean":0.0,"profit_mean_pct":0.0,"profit_total_abs":0.0,"profit_total":0.0,"profit_total_pct":0.0,"duration_avg":"0:00","wins":0,"draws":0,"losses":0,"winrate":0.0,"cagr":0.0,"expectancy":0.0,"expectancy_ratio":100.0,"sortino":0,"sharpe":0,"calmar":0,"sqn":0.0,"profit_factor":0.0,"max_drawdown_account":0.0,"max_drawdown_abs":0.0}],"total_trades":36,"trade_count_long":36,"trade_count_short":0,"total_volume":24194.704686534762,"avg_stake_amount":334.93118555555554,"profit_mean":0.002611415741843996,"profit_median":0.0,"profit_total":0.03131825822999999,"profit_total_long":0.03131825822999999,"profit_total_short":0.0,"profit_total_abs":31.318258229999994,"profit_total_long_abs":31.318258229999994,"profit_total_short_abs":0.0,"cagr":0.12304002746714615,"expectancy":0.8699516174999999,"expectancy_ratio":0.06201672052259721,"sortino":3.4952550476603412,"sharpe":1.831217066298178,"calmar":71.74291192288244,"sqn":1.5279,"profit_factor":3.1540752423516882,"backtest_start":"2025-10-01 00:00:00","backtest_start_ts":1759276800000,"backtest_end":"2026-01-06 20:00:00","backtest_end_ts":1767729600000,"backtest_days":97,"backtest_run_start_ts":1767747115,"backtest_run_end_ts":1767747116,"trades_per_day":0.37,"market_change":-0.36632086436227446,"pairlist":["DOGE/USDT"],"stake_amount":"unlimited","stake_currency":"USDT","stake_currency_decimals":3,"starting_balance":1000,"dry_run_wallet":1000,"final_balance":1031.31825823,"rejected_signals":0,"timedout_entry_orders":0,"timedout_exit_orders":0,"canceled_trade_entries":0,"canceled_entry_orders":0,"replaced_entry_orders":0,"max_open_trades":1,"max_open_trades_setting":3,"timeframe":"1h","timeframe_detail":"","timerange":"20251001-","enable_protections":false,"strategy_name":"ACO_31_0","freqaimodel":null,"freqai_identifier":null,"stoploss":-0.05,"trailing_stop":false,"trailing_stop_positive":null,"trailing_stop_positive_offset":0.0,"trailing_only_offset_is_reached":false,"use_custom_stoploss":false,"minimal_roi":{"0":0.1,"60":0.05,"120":0.0},"use_exit_signal":true,"exit_profit_only":false,"exit_profit_offset":0.0,"ignore_roi_if_entry_signal":false,"trading_mode":"spot","margin_mode":"","periodic_breakdown":{"day":[{"date":"02/10/2025","date_ts":1759363200000,"profit_abs":0.52945304,"wins":1,"draws":0,"losses":0,"trades":1,"profit_factor":0.0},{"date":"03/10/2025","date_ts":1759449600000,"profit_abs":0.0,"wins":0,"draws":1,"losses":0,"trades":1,"profit_factor":0.0},{"date":"04/10/2025","date_ts":1759536000000,"profit_abs":0.0,"wins":0,"draws":0,"losses":0,"trades":0,"profit_factor":0.0},{"date":"05/10/2025","date_ts":1759622400000,"profit_abs":0.0,"wins":0,"draws":0,"losses":0,"trades":0,"profit_factor":0.0},{"date":"06/10/2025","date_ts":1759708800000,"profit_abs":0.0,"wins":0,"draws":0,"losses":0,"trades":0,"profit_factor":0.0},{"date":"07/10/2025","date_ts":1759795200000,"profit_abs":-1.41250655,"wins":0,"draws":0,"losses":1,"trades":1,"profit_factor":0.0},{"date":"08/10/2025","date_ts":1759881600000,"profit_abs":-1.7126092,"wins":0,"draws":1,"losses":1,"trades":2,"profit_factor":0.0},{"date":"09/10/2025","date_ts":1759968000000,"profit_abs":0.0,"wins":0,"draws":0,"losses":0,"trades":0,"profit_factor":0.0},{"date":"10/10/2025","date_ts":1760054400000,"profit_abs":0.0,"wins":0,"draws":0,"losses":0,"trades":0,"profit_factor":0.0},{"date":"11/10/2025","date_ts":1760140800000,"profit_abs":0.0,"wins":0,"draws":0,"losses":0,"trades":0,"profit_factor":0.0},{"date":"12/10/2025","date_ts":1760227200000,"profit_abs":16.456146,"wins":1,"draws":1,"losses":0,"trades":2,"profit_factor":0.0},{"date":"13/10/2025","date_ts":1760313600000,"profit_abs":0.0,"wins":0,"draws":0,"losses":0,"trades":0,"profit_factor":0.0},{"date":"14/10/2025","date_ts":1760400000000,"profit_abs":0.0,"wins":0,"draws":0,"losses":0,"trades":0,"profit_factor":0.0},{"date":"15/10/2025","date_ts":1760486400000,"profit_abs":0.0,"wins":0,"draws":0,"losses":0,"trades":0,"profit_factor":0.0},{"date":"16/10/2025","date_ts":1760572800000,"profit_abs":0.0,"wins":0,"draws":1,"losses":0,"trades":1,"profit_factor":0.0},{"date":"17/10/2025","date_ts":1760659200000,"profit_abs":0.0,"wins":0,"draws":0,"losses":0,"trades":0,"profit_factor":0.0},{"date":"18/10/2025","date_ts":1760745600000,"profit_abs":0.0,"wins":0,"draws":1,"losses":0,"trades":1,"profit_factor":0.0},{"date":"19/10/2025","date_ts":1760832000000,"profit_abs":0.0,"wins":0,"draws":0,"losses":0,"trades":0,"profit_factor":0.0},{"date":"20/10/2025","date_ts":1760918400000,"profit_abs":0.0,"wins":0,"draws":0,"losses":0,"trades":0,"profit_factor":0.0},{"date":"21/10/2025","date_ts":1761004800000,"profit_abs":0.0,"wins":0,"draws":0,"losses":0,"trades":0,"profit_factor":0.0},{"date":"22/10/2025","date_ts":1761091200000,"profit_abs":0.0,"wins":0,"draws":0,"losses":0,"trades":0,"profit_factor":0.0},{"date":"23/10/2025","date_ts":1761177600000,"profit_abs":4.94760528,"wins":1,"draws":0,"losses":0,"trades":1,"profit_factor":0.0},{"date":"24/10/2025","date_ts":1761264000000,"profit_abs":0.0,"wins":0,"draws":0,"losses":0,"trades":0,"profit_factor":0.0},{"date":"25/10/2025","date_ts":1761350400000,"profit_abs":0.0,"wins":0,"draws":0,"losses":0,"trades":0,"profit_factor":0.0},{"date":"26/10/2025","date_ts":1761436800000,"profit_abs":0.0,"wins":0,"draws":0,"losses":0,"trades":0,"profit_factor":0.0},{"date":"27/10/2025","date_ts":1761523200000,"profit_abs":0.0,"wins":0,"draws":0,"losses":0,"trades":0,"profit_factor":0.0},{"date":"28/10/2025","date_ts":1761609600000,"profit_abs":0.0,"wins":0,"draws":0,"losses":0,"trades":0,"profit_factor":0.0},{"date":"29/10/2025","date_ts":1761696000000,"profit_abs":-8.7596284,"wins":0,"draws":0,"losses":2,"trades":2,"profit_factor":0.0},{"date":"30/10/2025","date_ts":1761782400000,"profit_abs":0.0,"wins":0,"draws":0,"losses":0,"trades":0,"profit_factor":0.0},{"date":"31/10/2025","date_ts":1761868800000,"profit_abs":0.0,"wins":0,"draws":2,"losses":0,"trades":2,"profit_factor":0.0},{"date":"01/11/2025","date_ts":1761955200000,"profit_abs":0.0,"wins":0,"draws":0,"losses":0,"trades":0,"profit_factor":0.0},{"date":"02/11/2025","date_ts":1762041600000,"profit_abs":0.0,"wins":0,"draws":0,"losses":0,"trades":0,"profit_factor":0.0},{"date":"03/11/2025","date_ts":1762128000000,"profit_abs":0.0,"wins":0,"draws":0,"losses":0,"trades":0,"profit_factor":0.0},{"date":"04/11/2025","date_ts":1762214400000,"profit_abs":0.0,"wins":0,"draws":0,"losses":0,"trades":0,"profit_factor":0.0},{"date":"05/11/2025","date_ts":1762300800000,"profit_abs":0.0,"wins":0,"draws":1,"losses":0,"trades":1,"profit_factor":0.0},{"date":"06/11/2025","date_ts":1762387200000,"profit_abs":0.0,"wins":0,"draws":0,"losses":0,"trades":0,"profit_factor":0.0},{"date":"07/11/2025","date_ts":1762473600000,"profit_abs":1.60010452,"wins":1,"draws":0,"losses":0,"trades":1,"profit_factor":0.0},{"date":"08/11/2025","date_ts":1762560000000,"profit_abs":0.0,"wins":0,"draws":0,"losses":0,"trades":0,"profit_factor":0.0},{"date":"09/11/2025","date_ts":1762646400000,"profit_abs":0.0,"wins":0,"draws":0,"losses":0,"trades":0,"profit_factor":0.0},{"date":"10/11/2025","date_ts":1762732800000,"profit_abs":0.0,"wins":0,"draws":0,"losses":0,"trades":0,"profit_factor":0.0},{"date":"11/11/2025","date_ts":1762819200000,"profit_abs":0.0,"wins":0,"draws":0,"losses":0,"trades":0,"profit_factor":0.0},{"date":"12/11/2025","date_ts":1762905600000,"profit_abs":3.7371915,"wins":1,"draws":0,"losses":0,"trades":1,"profit_factor":0.0},{"date":"13/11/2025","date_ts":1762992000000,"profit_abs":0.0,"wins":0,"draws":0,"losses":0,"trades":0,"profit_factor":0.0},{"date":"14/11/2025","date_ts":1763078400000,"profit_abs":0.0,"wins":0,"draws":0,"losses":0,"trades":0,"profit_factor":0.0},{"date":"15/11/2025","date_ts":1763164800000,"profit_abs":0.0,"wins":0,"draws":0,"losses":0,"trades":0,"profit_factor":0.0},{"date":"16/11/2025","date_ts":1763251200000,"profit_abs":0.0,"wins":0,"draws":0,"losses":0,"trades":0,"profit_factor":0.0},{"date":"17/11/2025","date_ts":1763337600000,"profit_abs":0.0,"wins":0,"draws":0,"losses":0,"trades":0,"profit_factor":0.0},{"date":"18/11/2025","date_ts":1763424000000,"profit_abs":0.0,"wins":0,"draws":1,"losses":0,"trades":1,"profit_factor":0.0},{"date":"19/11/2025","date_ts":1763510400000,"profit_abs":0.0,"wins":0,"draws":0,"losses":0,"trades":0,"profit_factor":0.0},{"date":"20/11/2025","date_ts":1763596800000,"profit_abs":0.0,"wins":0,"draws":0,"losses":0,"trades":0,"profit_factor":0.0},{"date":"21/11/2025","date_ts":1763683200000,"profit_abs":0.0,"wins":0,"draws":0,"losses":0,"trades":0,"profit_factor":0.0},{"date":"22/11/2025","date_ts":1763769600000,"profit_abs":0.0,"wins":0,"draws":0,"losses":0,"trades":0,"profit_factor":0.0},{"date":"23/11/2025","date_ts":1763856000000,"profit_abs":2.1167256,"wins":1,"draws":0,"losses":0,"trades":1,"profit_factor":0.0},{"date":"24/11/2025","date_ts":1763942400000,"profit_abs":0.0,"wins":0,"draws":0,"losses":0,"trades":0,"profit_factor":0.0},{"date":"25/11/2025","date_ts":1764028800000,"profit_abs":0.0,"wins":0,"draws":0,"losses":0,"trades":0,"profit_factor":0.0},{"date":"26/11/2025","date_ts":1764115200000,"profit_abs":0.0,"wins":0,"draws":0,"losses":0,"trades":0,"profit_factor":0.0},{"date":"27/11/2025","date_ts":1764201600000,"profit_abs":0.0,"wins":0,"draws":0,"losses":0,"trades":0,"profit_factor":0.0},{"date":"28/11/2025","date_ts":1764288000000,"profit_abs":0.0,"wins":0,"draws":0,"losses":0,"trades":0,"profit_factor":0.0},{"date":"29/11/2025","date_ts":1764374400000,"profit_abs":0.0,"wins":0,"draws":0,"losses":0,"trades":0,"profit_factor":0.0},{"date":"30/11/2025","date_ts":1764460800000,"profit_abs":0.0,"wins":0,"draws":0,"losses":0,"trades":0,"profit_factor":0.0},{"date":"01/12/2025","date_ts":1764547200000,"profit_abs":0.0,"wins":0,"draws":0,"losses":0,"trades":0,"profit_factor":0.0},{"date":"02/12/2025","date_ts":1764633600000,"profit_abs":0.32188728,"wins":1,"draws":0,"losses":0,"trades":1,"profit_factor":0.0},{"date":"03/12/2025","date_ts":1764720000000,"profit_abs":0.7830368,"wins":1,"draws":1,"losses":0,"trades":2,"profit_factor":0.0},{"date":"04/12/2025","date_ts":1764806400000,"profit_abs":0.0,"wins":0,"draws":0,"losses":0,"trades":0,"profit_factor":0.0},{"date":"05/12/2025","date_ts":1764892800000,"profit_abs":0.0,"wins":0,"draws":0,"losses":0,"trades":0,"profit_factor":0.0},{"date":"06/12/2025","date_ts":1764979200000,"profit_abs":0.0,"wins":0,"draws":2,"losses":0,"trades":2,"profit_factor":0.0},{"date":"07/12/2025","date_ts":1765065600000,"profit_abs":-0.60002345,"wins":0,"draws":0,"losses":1,"trades":1,"profit_factor":0.0},{"date":"08/12/2025","date_ts":1765152000000,"profit_abs":0.0,"wins":0,"draws":0,"losses":0,"trades":0,"profit_factor":0.0},{"date":"09/12/2025","date_ts":1765238400000,"profit_abs":0.0,"wins":0,"draws":0,"losses":0,"trades":0,"profit_factor":0.0},{"date":"10/12/2025","date_ts":1765324800000,"profit_abs":0.0,"wins":0,"draws":0,"losses":0,"trades":0,"profit_factor":0.0},{"date":"11/12/2025","date_ts":1765411200000,"profit_abs":4.18933404,"wins":1,"draws":0,"losses":0,"trades":1,"profit_factor":0.0},{"date":"12/12/2025","date_ts":1765497600000,"profit_abs":0.0,"wins":0,"draws":0,"losses":0,"trades":0,"profit_factor":0.0},{"date":"13/12/2025","date_ts":1765584000000,"profit_abs":0.0,"wins":0,"draws":0,"losses":0,"trades":0,"profit_factor":0.0},{"date":"14/12/2025","date_ts":1765670400000,"profit_abs":0.0,"wins":0,"draws":0,"losses":0,"trades":0,"profit_factor":0.0},{"date":"15/12/2025","date_ts":1765756800000,"profit_abs":3.26692498,"wins":1,"draws":0,"losses":0,"trades":1,"profit_factor":0.0},{"date":"16/12/2025","date_ts":1765843200000,"profit_abs":0.6662579,"wins":1,"draws":0,"losses":0,"trades":1,"profit_factor":0.0},{"date":"17/12/2025","date_ts":1765929600000,"profit_abs":0.0,"wins":0,"draws":0,"losses":0,"trades":0,"profit_factor":0.0},{"date":"18/12/2025","date_ts":1766016000000,"profit_abs":0.0,"wins":0,"draws":0,"losses":0,"trades":0,"profit_factor":0.0},{"date":"19/12/2025","date_ts":1766102400000,"profit_abs":0.0,"wins":0,"draws":0,"losses":0,"trades":0,"profit_factor":0.0},{"date":"20/12/2025","date_ts":1766188800000,"profit_abs":-0.09337023,"wins":1,"draws":0,"losses":1,"trades":2,"profit_factor":0.92499797},{"date":"21/12/2025","date_ts":1766275200000,"profit_abs":0.0,"wins":0,"draws":0,"losses":0,"trades":0,"profit_factor":0.0},{"date":"22/12/2025","date_ts":1766361600000,"profit_abs":0.0,"wins":0,"draws":0,"losses":0,"trades":0,"profit_factor":0.0},{"date":"23/12/2025","date_ts":1766448000000,"profit_abs":0.0,"wins":0,"draws":0,"losses":0,"trades":0,"profit_factor":0.0},{"date":"24/12/2025","date_ts":1766534400000,"profit_abs":0.0,"wins":0,"draws":0,"losses":0,"trades":0,"profit_factor":0.0},{"date":"25/12/2025","date_ts":1766620800000,"profit_abs":0.0,"wins":0,"draws":0,"losses":0,"trades":0,"profit_factor":0.0},{"date":"26/12/2025","date_ts":1766707200000,"profit_abs":0.0,"wins":0,"draws":0,"losses":0,"trades":0,"profit_factor":0.0},{"date":"27/12/2025","date_ts":1766793600000,"profit_abs":0.0,"wins":0,"draws":0,"losses":0,"trades":0,"profit_factor":0.0},{"date":"28/12/2025","date_ts":1766880000000,"profit_abs":0.0,"wins":0,"draws":0,"losses":0,"trades":0,"profit_factor":0.0},{"date":"29/12/2025","date_ts":1766966400000,"profit_abs":0.0,"wins":0,"draws":0,"losses":0,"trades":0,"profit_factor":0.0},{"date":"30/12/2025","date_ts":1767052800000,"profit_abs":0.0,"wins":0,"draws":0,"losses":0,"trades":0,"profit_factor":0.0},{"date":"31/12/2025","date_ts":1767139200000,"profit_abs":0.0,"wins":0,"draws":0,"losses":0,"trades":0,"profit_factor":0.0},{"date":"01/01/2026","date_ts":1767225600000,"profit_abs":0.0,"wins":0,"draws":2,"losses":0,"trades":2,"profit_factor":0.0},{"date":"02/01/2026","date_ts":1767312000000,"profit_abs":6.09113232,"wins":1,"draws":0,"losses":0,"trades":1,"profit_factor":0.0},{"date":"03/01/2026","date_ts":1767398400000,"profit_abs":-0.46476625,"wins":0,"draws":1,"losses":1,"trades":2,"profit_factor":0.0},{"date":"04/01/2026","date_ts":1767484800000,"profit_abs":0.0,"wins":0,"draws":0,"losses":0,"trades":0,"profit_factor":0.0},{"date":"05/01/2026","date_ts":1767571200000,"profit_abs":-0.34463695,"wins":0,"draws":0,"losses":1,"trades":1,"profit_factor":0.0}],"week":[{"date":"06/10/2025","date_ts":1759708800000,"profit_abs":0.52945304,"wins":1,"draws":1,"losses":0,"trades":2,"profit_factor":0.0},{"date":"13/10/2025","date_ts":1760313600000,"profit_abs":13.33103025,"wins":1,"draws":2,"losses":2,"trades":5,"profit_factor":5.26577168},{"date":"20/10/2025","date_ts":1760918400000,"profit_abs":0.0,"wins":0,"draws":2,"losses":0,"trades":2,"profit_factor":0.0},{"date":"27/10/2025","date_ts":1761523200000,"profit_abs":4.94760528,"wins":1,"draws":0,"losses":0,"trades":1,"profit_factor":0.0},{"date":"03/11/2025","date_ts":1762128000000,"profit_abs":-8.7596284,"wins":0,"draws":2,"losses":2,"trades":4,"profit_factor":0.0},{"date":"10/11/2025","date_ts":1762732800000,"profit_abs":1.60010452,"wins":1,"draws":1,"losses":0,"trades":2,"profit_factor":0.0},{"date":"17/11/2025","date_ts":1763337600000,"profit_abs":3.7371915,"wins":1,"draws":0,"losses":0,"trades":1,"profit_factor":0.0},{"date":"24/11/2025","date_ts":1763942400000,"profit_abs":2.1167256,"wins":1,"draws":1,"losses":0,"trades":2,"profit_factor":0.0},{"date":"01/12/2025","date_ts":1764547200000,"profit_abs":0.0,"wins":0,"draws":0,"losses":0,"trades":0,"profit_factor":0.0},{"date":"08/12/2025","date_ts":1765152000000,"profit_abs":0.50490063,"wins":2,"draws":3,"losses":1,"trades":6,"profit_factor":1.84146816},{"date":"15/12/2025","date_ts":1765756800000,"profit_abs":7.45625902,"wins":2,"draws":0,"losses":0,"trades":2,"profit_factor":0.0},{"date":"22/12/2025","date_ts":1766361600000,"profit_abs":0.57288767,"wins":2,"draws":0,"losses":1,"trades":3,"profit_factor":1.46018671},{"date":"29/12/2025","date_ts":1766966400000,"profit_abs":0.0,"wins":0,"draws":0,"losses":0,"trades":0,"profit_factor":0.0},{"date":"05/01/2026","date_ts":1767571200000,"profit_abs":5.28172912,"wins":1,"draws":3,"losses":2,"trades":6,"profit_factor":7.52546113}],"month":[{"date":"31/10/2025","date_ts":1761868800000,"profit_abs":10.04846017,"wins":3,"draws":7,"losses":4,"trades":14,"profit_factor":1.84549234},{"date":"30/11/2025","date_ts":1764460800000,"profit_abs":7.45402162,"wins":3,"draws":2,"losses":0,"trades":5,"profit_factor":0.0},{"date":"31/12/2025","date_ts":1767139200000,"profit_abs":8.53404732,"wins":6,"draws":3,"losses":2,"trades":11,"profit_factor":5.62568511},{"date":"31/01/2026","date_ts":1769817600000,"profit_abs":5.28172912,"wins":1,"draws":3,"losses":2,"trades":6,"profit_factor":7.52546113}],"year":[{"date":"31/12/2025","date_ts":1767139200000,"profit_abs":26.03652911,"wins":12,"draws":12,"losses":6,"trades":30,"profit_factor":2.89636958},{"date":"31/12/2026","date_ts":1798675200000,"profit_abs":5.28172912,"wins":1,"draws":3,"losses":2,"trades":6,"profit_factor":7.52546113}],"weekday":[{"date":"Monday","date_ts":0,"profit_abs":2.92228803,"wins":1,"draws":0,"losses":1,"trades":2,"profit_factor":9.47932304},{"date":"Tuesday","date_ts":1,"profit_abs":-0.42436137,"wins":2,"draws":1,"losses":1,"trades":4,"profit_factor":0.69956856},{"date":"Wednesday","date_ts":2,"profit_abs":-5.9520093,"wins":2,"draws":3,"losses":3,"trades":8,"profit_factor":0.4316392},{"date":"Thursday","date_ts":3,"profit_abs":9.66639236,"wins":3,"draws":3,"losses":0,"trades":6,"profit_factor":0.0},{"date":"Friday","date_ts":4,"profit_abs":7.69123684,"wins":2,"draws":3,"losses":0,"trades":5,"profit_factor":0.0},{"date":"Saturday","date_ts":5,"profit_abs":-0.55813648,"wins":1,"draws":4,"losses":2,"trades":7,"profit_factor":0.67354119},{"date":"Sunday","date_ts":6,"profit_abs":17.97284815,"wins":2,"draws":1,"losses":1,"trades":4,"profit_factor":30.95357623}]},"backtest_best_day":0.04995004995004995,"backtest_worst_day":-0.02609041710520282,"backtest_best_day_abs":16.456146,"backtest_worst_day_abs":-8.7596284,"winning_days":12,"draw_days":77,"losing_days":7,"daily_profit":[["2025-10-02",0.52945304],["2025-10-03",0.0],["2025-10-04",0.0],["2025-10-05",0.0],["2025-10-06",0.0],["2025-10-07",-1.41250655],["2025-10-08",-1.7126092],["2025-10-09",0.0],["2025-10-10",0.0],["2025-10-11",0.0],["2025-10-12",16.456146],["2025-10-13",0.0],["2025-10-14",0.0],["2025-10-15",0.0],["2025-10-16",0.0],["2025-10-17",0.0],["2025-10-18",0.0],["2025-10-19",0.0],["2025-10-20",0.0],["2025-10-21",0.0],["2025-10-22",0.0],["2025-10-23",4.94760528],["2025-10-24",0.0],["2025-10-25",0.0],["2025-10-26",0.0],["2025-10-27",0.0],["2025-10-28",0.0],["2025-10-29",-8.7596284],["2025-10-30",0.0],["2025-10-31",0.0],["2025-11-01",0.0],["2025-11-02",0.0],["2025-11-03",0.0],["2025-11-04",0.0],["2025-11-05",0.0],["2025-11-06",0.0],["2025-11-07",1.60010452],["2025-11-08",0.0],["2025-11-09",0.0],["2025-11-10",0.0],["2025-11-11",0.0],["2025-11-12",3.7371915],["2025-11-13",0.0],["2025-11-14",0.0],["2025-11-15",0.0],["2025-11-16",0.0],["2025-11-17",0.0],["2025-11-18",0.0],["2025-11-19",0.0],["2025-11-20",0.0],["2025-11-21",0.0],["2025-11-22",0.0],["2025-11-23",2.1167256],["2025-11-24",0.0],["2025-11-25",0.0],["2025-11-26",0.0],["2025-11-27",0.0],["2025-11-28",0.0],["2025-11-29",0.0],["2025-11-30",0.0],["2025-12-01",0.0],["2025-12-02",0.32188728],["2025-12-03",0.7830368],["2025-12-04",0.0],["2025-12-05",0.0],["2025-12-06",0.0],["2025-12-07",-0.60002345],["2025-12-08",0.0],["2025-12-09",0.0],["2025-12-10",0.0],["2025-12-11",4.18933404],["2025-12-12",0.0],["2025-12-13",0.0],["2025-12-14",0.0],["2025-12-15",3.26692498],["2025-12-16",0.6662579],["2025-12-17",0.0],["2025-12-18",0.0],["2025-12-19",0.0],["2025-12-20",-0.09337023],["2025-12-21",0.0],["2025-12-22",0.0],["2025-12-23",0.0],["2025-12-24",0.0],["2025-12-25",0.0],["2025-12-26",0.0],["2025-12-27",0.0],["2025-12-28",0.0],["2025-12-29",0.0],["2025-12-30",0.0],["2025-12-31",0.0],["2026-01-01",0.0],["2026-01-02",6.09113232],["2026-01-03",-0.46476625],["2026-01-04",0.0],["2026-01-05",-0.34463695]],"wins":13,"losses":8,"draws":15,"winrate":0.3611111111111111,"holding_avg":"2:13:00","holding_avg_s":7980.0,"winner_holding_min":"0d 01:00","winner_holding_min_s":3600.0,"winner_holding_max":"0d 02:00","winner_holding_max_s":7200.0,"winner_holding_avg":"0d 01:51","winner_holding_avg_s":6660.0,"loser_holding_min":"0d 01:00","loser_holding_min_s":3600.0,"loser_holding_max":"0d 03:00","loser_holding_max_s":10800.0,"loser_holding_avg":"0d 01:38","loser_holding_avg_s":5880.0,"max_consecutive_wins":3,"max_consecutive_losses":5,"max_drawdown_account":0.008597917996798612,"max_relative_drawdown":0.008597917996798612,"max_drawdown_abs":8.7596284,"drawdown_start":"2025-10-23 07:00:00","drawdown_start_ts":1761202800000.0,"drawdown_end":"2025-10-29 23:00:00","drawdown_end_ts":1761778800000.0,"drawdown_duration":"6 days 16:00:00","drawdown_duration_s":576000.0,"max_drawdown_low":10.048460170000002,"max_drawdown_high":18.808088570000002,"csum_min":997.40433729,"csum_max":1032.12766143}},"strategy_comparison":[{"key":"ACO_31_0","trades":36,"profit_mean":0.002611415741843996,"profit_mean_pct":0.26,"profit_total_abs":31.318258229999994,"profit_total":0.03131825822999999,"profit_total_pct":3.13,"duration_avg":"2:13:00","wins":13,"draws":15,"losses":8,"winrate":0.3611111111111111,"cagr":0.12304002746714615,"expectancy":0.8699516174999999,"expectancy_ratio":0.06201672052259721,"sortino":3.4952550476603412,"sharpe":1.831217066298178,"calmar":71.74291192288244,"sqn":1.5279,"profit_factor":3.1540752423516882,"max_drawdown_account":0.008597917996798612,"max_drawdown_abs":"8.76"}]}