{"strategy":{"ACO_12_11":{"trades":[{"pair":"DOGE/USDT","stake_amount":329.91595,"max_stake_amount":329.91595,"amount":2015.0,"open_date":"2025-11-16 03:00:00+00:00","close_date":"2025-11-16 05:00:00+00:00","open_rate":0.16373,"close_rate":0.16405778778778773,"fee_open":0.001,"fee_close":0.001,"trade_duration":120,"profit_ratio":0.0,"profit_abs":0.0,"exit_reason":"roi","initial_stop_loss_abs":0.15555,"initial_stop_loss_ratio":-0.05,"stop_loss_abs":0.15555,"stop_loss_ratio":-0.05,"min_rate":0.16271,"max_rate":0.16445,"is_open":false,"enter_tag":"","leverage":1.0,"is_short":false,"open_timestamp":1763262000000,"close_timestamp":1763269200000,"orders":[{"amount":2015.0,"safe_price":0.16373,"ft_order_side":"buy","order_filled_timestamp":1763262000000,"ft_is_entry":true,"ft_order_tag":"","cost":330.24586594999994},{"amount":2015.0,"safe_price":0.16405778778778773,"ft_order_side":"sell","order_filled_timestamp":1763269200000,"ft_is_entry":false,"ft_order_tag":"roi","cost":330.9070188347846}],"funding_fees":0.0,"weekday":6},{"pair":"DOGE/USDT","stake_amount":329.91504,"max_stake_amount":329.91504,"amount":2184.0,"open_date":"2025-11-25 18:00:00+00:00","close_date":"2025-11-25 20:00:00+00:00","open_rate":0.15106,"close_rate":0.1513624224224224,"fee_open":0.001,"fee_close":0.001,"trade_duration":120,"profit_ratio":0.0,"profit_abs":0.0,"exit_reason":"roi","initial_stop_loss_abs":0.14351,"initial_stop_loss_ratio":-0.05,"stop_loss_abs":0.14351,"stop_loss_ratio":-0.05,"min_rate":0.14842,"max_rate":0.15362,"is_open":false,"enter_tag":"","leverage":1.0,"is_short":false,"open_timestamp":1764093600000,"close_timestamp":1764100800000,"orders":[{"amount":2184.0,"safe_price":0.15106,"ft_order_side":"buy","order_filled_timestamp":1764093600000,"ft_is_entry":true,"ft_order_tag":"","cost":330.2449550399999},{"amount":2184.0,"safe_price":0.1513624224224224,"ft_order_side":"sell","order_filled_timestamp":1764100800000,"ft_is_entry":false,"ft_order_tag":"roi","cost":330.906106101141}],"funding_fees":0.0,"weekday":1},{"pair":"DOGE/USDT","stake_amount":329.9049,"max_stake_amount":329.9049,"amount":2169.0,"open_date":"2025-11-26 17:00:00+00:00","close_date":"2025-11-26 19:00:00+00:00","open_rate":0.1521,"close_rate":0.15666,"fee_open":0.001,"fee_close":0.001,"trade_duration":120,"profit_ratio":0.027922373484503663,"profit_abs":9.22093956,"exit_reason":"roi","initial_stop_loss_abs":0.1445,"initial_stop_loss_ratio":-0.05,"stop_loss_abs":0.1445,"stop_loss_ratio":-0.05,"min_rate":0.152,"max_rate":0.15681,"is_open":false,"enter_tag":"","leverage":1.0,"is_short":false,"open_timestamp":1764176400000,"close_timestamp":1764183600000,"orders":[{"amount":2169.0,"safe_price":0.1521,"ft_order_side":"buy","order_filled_timestamp":1764176400000,"ft_is_entry":true,"ft_order_tag":"","cost":330.23480490000003},{"amount":2169.0,"safe_price":0.15666,"ft_order_side":"sell","order_filled_timestamp":1764183600000,"ft_is_entry":false,"ft_order_tag":"roi","cost":340.1353355399999}],"funding_fees":0.0,"weekday":2},{"pair":"DOGE/USDT","stake_amount":332.9788,"max_stake_amount":332.9788,"amount":2276.0,"open_date":"2025-12-09 16:00:00+00:00","close_date":"2025-12-09 18:00:00+00:00","open_rate":0.1463,"close_rate":0.15095,"fee_open":0.001,"fee_close":0.001,"trade_duration":120,"profit_ratio":0.029722498963783997,"profit_abs":9.906859,"exit_reason":"roi","initial_stop_loss_abs":0.13899,"initial_stop_loss_ratio":-0.05,"stop_loss_abs":0.13899,"stop_loss_ratio":-0.05,"min_rate":0.1463,"max_rate":0.15319,"is_open":false,"enter_tag":"","leverage":1.0,"is_short":false,"open_timestamp":1765296000000,"close_timestamp":1765303200000,"orders":[{"amount":2276.0,"safe_price":0.1463,"ft_order_side":"buy","order_filled_timestamp":1765296000000,"ft_is_entry":true,"ft_order_tag":"","cost":333.3117788},{"amount":2276.0,"safe_price":0.15095,"ft_order_side":"sell","order_filled_timestamp":1765303200000,"ft_is_entry":false,"ft_order_tag":"roi","cost":343.90576219999997}],"funding_fees":0.0,"weekday":1},{"pair":"DOGE/USDT","stake_amount":336.2,"max_stake_amount":336.2,"amount":2500.0,"open_date":"2025-12-17 15:00:00+00:00","close_date":"2025-12-17 16:00:00+00:00","open_rate":0.13448,"close_rate":0.12994,"fee_open":0.001,"fee_close":0.001,"trade_duration":60,"profit_ratio":-0.035690216981115255,"profit_abs":-12.01105,"exit_reason":"exit_signal","initial_stop_loss_abs":0.12776,"initial_stop_loss_ratio":-0.05,"stop_loss_abs":0.12776,"stop_loss_ratio":-0.05,"min_rate":0.12583,"max_rate":0.13631,"is_open":false,"enter_tag":"","leverage":1.0,"is_short":false,"open_timestamp":1765983600000,"close_timestamp":1765987200000,"orders":[{"amount":2500.0,"safe_price":0.13448,"ft_order_side":"buy","order_filled_timestamp":1765983600000,"ft_is_entry":true,"ft_order_tag":"","cost":336.53619999999995},{"amount":2500.0,"safe_price":0.12994,"ft_order_side":"sell","order_filled_timestamp":1765987200000,"ft_is_entry":false,"ft_order_tag":"exit_signal","cost":325.17485}],"funding_fees":0.0,"weekday":2}],"locks":[],"best_pair":{"key":"DOGE/USDT","trades":5,"profit_mean":0.0043909310934344805,"profit_mean_pct":0.44,"profit_total_abs":7.116748560000003,"profit_total":0.007116748560000003,"profit_total_pct":0.71,"duration_avg":"1:48:00","wins":2,"draws":2,"losses":1,"winrate":0.4,"cagr":0.027043900047858838,"expectancy":1.4233497120000003,"expectancy_ratio":-0.28149664583862355,"sortino":-100,"sharpe":0.1759548746352247,"calmar":11.893344347245813,"sqn":0.3573,"profit_factor":1.5925167708068824,"max_drawdown_account":0.011785617090389687,"max_drawdown_abs":12.01105},"worst_pair":{"key":"DOGE/USDT","trades":5,"profit_mean":0.0043909310934344805,"profit_mean_pct":0.44,"profit_total_abs":7.116748560000003,"profit_total":0.007116748560000003,"profit_total_pct":0.71,"duration_avg":"1:48:00","wins":2,"draws":2,"losses":1,"winrate":0.4,"cagr":0.027043900047858838,"expectancy":1.4233497120000003,"expectancy_ratio":-0.28149664583862355,"sortino":-100,"sharpe":0.1759548746352247,"calmar":11.893344347245813,"sqn":0.3573,"profit_factor":1.5925167708068824,"max_drawdown_account":0.011785617090389687,"max_drawdown_abs":12.01105},"results_per_pair":[{"key":"DOGE/USDT","trades":5,"profit_mean":0.0043909310934344805,"profit_mean_pct":0.44,"profit_total_abs":7.116748560000003,"profit_total":0.007116748560000003,"profit_total_pct":0.71,"duration_avg":"1:48:00","wins":2,"draws":2,"losses":1,"winrate":0.4,"cagr":0.027043900047858838,"expectancy":1.4233497120000003,"expectancy_ratio":-0.28149664583862355,"sortino":-100,"sharpe":0.1759548746352247,"calmar":11.893344347245813,"sqn":0.3573,"profit_factor":1.5925167708068824,"max_drawdown_account":0.011785617090389687,"max_drawdown_abs":12.01105},{"key":"TOTAL","trades":5,"profit_mean":0.0043909310934344805,"profit_mean_pct":0.44,"profit_total_abs":7.116748560000003,"profit_total":0.007116748560000003,"profit_total_pct":0.71,"duration_avg":"1:48:00","wins":2,"draws":2,"losses":1,"winrate":0.4,"cagr":0.027043900047858838,"expectancy":1.4233497120000003,"expectancy_ratio":-0.28149664583862355,"sortino":-100,"sharpe":0.1759548746352247,"calmar":11.893344347245813,"sqn":0.3573,"profit_factor":1.5925167708068824,"max_drawdown_account":0.011785617090389687,"max_drawdown_abs":12.01105}],"results_per_enter_tag":[{"key":"","trades":5,"profit_mean":0.0043909310934344805,"profit_mean_pct":0.44,"profit_total_abs":7.116748560000003,"profit_total":0.007116748560000003,"profit_total_pct":0.71,"duration_avg":"1:48:00","wins":2,"draws":2,"losses":1,"winrate":0.4,"cagr":0.027043900047858838,"expectancy":1.4233497120000003,"expectancy_ratio":-0.28149664583862355,"sortino":-100,"sharpe":0.1759548746352247,"calmar":11.893344347245813,"sqn":0.3573,"profit_factor":1.5925167708068824,"max_drawdown_account":0.011785617090389687,"max_drawdown_abs":12.01105},{"key":"TOTAL","trades":5,"profit_mean":0.0043909310934344805,"profit_mean_pct":0.44,"profit_total_abs":7.116748560000003,"profit_total":0.007116748560000003,"profit_total_pct":0.71,"duration_avg":"1:48:00","wins":2,"draws":2,"losses":1,"winrate":0.4,"cagr":0.027043900047858838,"expectancy":1.4233497120000003,"expectancy_ratio":-0.28149664583862355,"sortino":-100,"sharpe":0.1759548746352247,"calmar":11.893344347245813,"sqn":0.3573,"profit_factor":1.5925167708068824,"max_drawdown_account":0.011785617090389687,"max_drawdown_abs":12.01105}],"exit_reason_summary":[{"key":"roi","trades":4,"profit_mean":0.014411218112071914,"profit_mean_pct":1.44,"profit_total_abs":19.127798560000002,"profit_total":0.019127798560000003,"profit_total_pct":1.91,"duration_avg":"2:00:00","wins":2,"draws":2,"losses":0,"winrate":0.5,"cagr":0.07389907668685947,"expectancy":4.781949640000001,"expectancy_ratio":100.0,"sortino":-100,"sharpe":0.7868227985389976,"calmar":-100,"sqn":1.7298,"profit_factor":0.0,"max_drawdown_account":0.0,"max_drawdown_abs":0.0},{"key":"exit_signal","trades":1,"profit_mean":-0.035690216981115255,"profit_mean_pct":-3.57,"profit_total_abs":-12.01105,"profit_total":-0.012011049999999999,"profit_total_pct":-1.2,"duration_avg":"1:00:00","wins":0,"draws":0,"losses":1,"winrate":0.0,"cagr":-0.04445157783443554,"expectancy":-12.01105,"expectancy_ratio":-1.0,"sortino":-100,"sharpe":-100,"calmar":-19.695848633549346,"sqn":-100.0,"profit_factor":0.0,"max_drawdown_account":0.012011049999999955,"max_drawdown_abs":12.01105},{"key":"TOTAL","trades":5,"profit_mean":0.0043909310934344805,"profit_mean_pct":0.44,"profit_total_abs":7.116748560000003,"profit_total":0.007116748560000003,"profit_total_pct":0.71,"duration_avg":"1:48:00","wins":2,"draws":2,"losses":1,"winrate":0.4,"cagr":0.027043900047858838,"expectancy":1.4233497120000003,"expectancy_ratio":-0.28149664583862355,"sortino":-100,"sharpe":0.1759548746352247,"calmar":11.893344347245813,"sqn":0.3573,"profit_factor":1.5925167708068824,"max_drawdown_account":0.011785617090389687,"max_drawdown_abs":12.01105}],"mix_tag_stats":[{"key":["","roi"],"trades":4,"profit_mean":0.014411218112071914,"profit_mean_pct":1.44,"profit_total_abs":19.127798560000002,"profit_total":0.019127798560000003,"profit_total_pct":1.91,"duration_avg":"2:00:00","wins":2,"draws":2,"losses":0,"winrate":0.5,"cagr":0.07389907668685947,"expectancy":4.781949640000001,"expectancy_ratio":100.0,"sortino":-100,"sharpe":0.7868227985389976,"calmar":-100,"sqn":1.7298,"profit_factor":0.0,"max_drawdown_account":0.0,"max_drawdown_abs":0.0},{"key":["","exit_signal"],"trades":1,"profit_mean":-0.035690216981115255,"profit_mean_pct":-3.57,"profit_total_abs":-12.01105,"profit_total":-0.012011049999999999,"profit_total_pct":-1.2,"duration_avg":"1:00:00","wins":0,"draws":0,"losses":1,"winrate":0.0,"cagr":-0.04445157783443554,"expectancy":-12.01105,"expectancy_ratio":-1.0,"sortino":-100,"sharpe":-100,"calmar":-19.695848633549346,"sqn":-100.0,"profit_factor":0.0,"max_drawdown_account":0.012011049999999955,"max_drawdown_abs":12.01105},{"key":"TOTAL","trades":5,"profit_mean":0.0043909310934344805,"profit_mean_pct":0.44,"profit_total_abs":7.116748560000003,"profit_total":0.007116748560000003,"profit_total_pct":0.71,"duration_avg":"1:48:00","wins":2,"draws":2,"losses":1,"winrate":0.4,"cagr":0.027043900047858838,"expectancy":1.4233497120000003,"expectancy_ratio":-0.28149664583862355,"sortino":-100,"sharpe":0.1759548746352247,"calmar":11.893344347245813,"sqn":0.3573,"profit_factor":1.5925167708068824,"max_drawdown_account":0.011785617090389687,"max_drawdown_abs":12.01105}],"left_open_trades":[{"key":"TOTAL","trades":0,"profit_mean":0.0,"profit_mean_pct":0.0,"profit_total_abs":0.0,"profit_total":0.0,"profit_total_pct":0.0,"duration_avg":"0:00","wins":0,"draws":0,"losses":0,"winrate":0.0,"cagr":0.0,"expectancy":0.0,"expectancy_ratio":100.0,"sortino":0,"sharpe":0,"calmar":0,"sqn":0.0,"profit_factor":0.0,"max_drawdown_account":0.0,"max_drawdown_abs":0.0}],"total_trades":5,"trade_count_long":5,"trade_count_short":0,"total_volume":3331.602677365925,"avg_stake_amount":331.78293799999994,"profit_mean":0.0043909310934344805,"profit_median":0.0,"profit_total":0.007116748560000003,"profit_total_long":0.007116748560000003,"profit_total_short":0.0,"profit_total_abs":7.116748560000003,"profit_total_long_abs":7.116748560000003,"profit_total_short_abs":0.0,"cagr":0.027043900047858838,"expectancy":1.4233497120000003,"expectancy_ratio":-0.28149664583862355,"sortino":-100,"sharpe":0.1759548746352247,"calmar":11.893344347245813,"sqn":0.3573,"profit_factor":1.5925167708068824,"backtest_start":"2025-10-01 00:00:00","backtest_start_ts":1759276800000,"backtest_end":"2026-01-06 20:00:00","backtest_end_ts":1767729600000,"backtest_days":97,"backtest_run_start_ts":1767738172,"backtest_run_end_ts":1767738172,"trades_per_day":0.05,"market_change":-0.36632086436227446,"pairlist":["DOGE/USDT"],"stake_amount":"unlimited","stake_currency":"USDT","stake_currency_decimals":3,"starting_balance":1000,"dry_run_wallet":1000,"final_balance":1007.11674856,"rejected_signals":0,"timedout_entry_orders":0,"timedout_exit_orders":0,"canceled_trade_entries":0,"canceled_entry_orders":0,"replaced_entry_orders":0,"max_open_trades":1,"max_open_trades_setting":3,"timeframe":"1h","timeframe_detail":"","timerange":"20251001-","enable_protections":false,"strategy_name":"ACO_12_11","freqaimodel":null,"freqai_identifier":null,"stoploss":-0.05,"trailing_stop":false,"trailing_stop_positive":null,"trailing_stop_positive_offset":0.0,"trailing_only_offset_is_reached":false,"use_custom_stoploss":false,"minimal_roi":{"0":0.1,"60":0.05,"120":0.0},"use_exit_signal":true,"exit_profit_only":false,"exit_profit_offset":0.0,"ignore_roi_if_entry_signal":false,"trading_mode":"spot","margin_mode":"","periodic_breakdown":{"day":[{"date":"16/11/2025","date_ts":1763251200000,"profit_abs":0.0,"wins":0,"draws":1,"losses":0,"trades":1,"profit_factor":0.0},{"date":"17/11/2025","date_ts":1763337600000,"profit_abs":0.0,"wins":0,"draws":0,"losses":0,"trades":0,"profit_factor":0.0},{"date":"18/11/2025","date_ts":1763424000000,"profit_abs":0.0,"wins":0,"draws":0,"losses":0,"trades":0,"profit_factor":0.0},{"date":"19/11/2025","date_ts":1763510400000,"profit_abs":0.0,"wins":0,"draws":0,"losses":0,"trades":0,"profit_factor":0.0},{"date":"20/11/2025","date_ts":1763596800000,"profit_abs":0.0,"wins":0,"draws":0,"losses":0,"trades":0,"profit_factor":0.0},{"date":"21/11/2025","date_ts":1763683200000,"profit_abs":0.0,"wins":0,"draws":0,"losses":0,"trades":0,"profit_factor":0.0},{"date":"22/11/2025","date_ts":1763769600000,"profit_abs":0.0,"wins":0,"draws":0,"losses":0,"trades":0,"profit_factor":0.0},{"date":"23/11/2025","date_ts":1763856000000,"profit_abs":0.0,"wins":0,"draws":0,"losses":0,"trades":0,"profit_factor":0.0},{"date":"24/11/2025","date_ts":1763942400000,"profit_abs":0.0,"wins":0,"draws":0,"losses":0,"trades":0,"profit_factor":0.0},{"date":"25/11/2025","date_ts":1764028800000,"profit_abs":0.0,"wins":0,"draws":1,"losses":0,"trades":1,"profit_factor":0.0},{"date":"26/11/2025","date_ts":1764115200000,"profit_abs":9.22093956,"wins":1,"draws":0,"losses":0,"trades":1,"profit_factor":0.0},{"date":"27/11/2025","date_ts":1764201600000,"profit_abs":0.0,"wins":0,"draws":0,"losses":0,"trades":0,"profit_factor":0.0},{"date":"28/11/2025","date_ts":1764288000000,"profit_abs":0.0,"wins":0,"draws":0,"losses":0,"trades":0,"profit_factor":0.0},{"date":"29/11/2025","date_ts":1764374400000,"profit_abs":0.0,"wins":0,"draws":0,"losses":0,"trades":0,"profit_factor":0.0},{"date":"30/11/2025","date_ts":1764460800000,"profit_abs":0.0,"wins":0,"draws":0,"losses":0,"trades":0,"profit_factor":0.0},{"date":"01/12/2025","date_ts":1764547200000,"profit_abs":0.0,"wins":0,"draws":0,"losses":0,"trades":0,"profit_factor":0.0},{"date":"02/12/2025","date_ts":1764633600000,"profit_abs":0.0,"wins":0,"draws":0,"losses":0,"trades":0,"profit_factor":0.0},{"date":"03/12/2025","date_ts":1764720000000,"profit_abs":0.0,"wins":0,"draws":0,"losses":0,"trades":0,"profit_factor":0.0},{"date":"04/12/2025","date_ts":1764806400000,"profit_abs":0.0,"wins":0,"draws":0,"losses":0,"trades":0,"profit_factor":0.0},{"date":"05/12/2025","date_ts":1764892800000,"profit_abs":0.0,"wins":0,"draws":0,"losses":0,"trades":0,"profit_factor":0.0},{"date":"06/12/2025","date_ts":1764979200000,"profit_abs":0.0,"wins":0,"draws":0,"losses":0,"trades":0,"profit_factor":0.0},{"date":"07/12/2025","date_ts":1765065600000,"profit_abs":0.0,"wins":0,"draws":0,"losses":0,"trades":0,"profit_factor":0.0},{"date":"08/12/2025","date_ts":1765152000000,"profit_abs":0.0,"wins":0,"draws":0,"losses":0,"trades":0,"profit_factor":0.0},{"date":"09/12/2025","date_ts":1765238400000,"profit_abs":9.906859,"wins":1,"draws":0,"losses":0,"trades":1,"profit_factor":0.0},{"date":"10/12/2025","date_ts":1765324800000,"profit_abs":0.0,"wins":0,"draws":0,"losses":0,"trades":0,"profit_factor":0.0},{"date":"11/12/2025","date_ts":1765411200000,"profit_abs":0.0,"wins":0,"draws":0,"losses":0,"trades":0,"profit_factor":0.0},{"date":"12/12/2025","date_ts":1765497600000,"profit_abs":0.0,"wins":0,"draws":0,"losses":0,"trades":0,"profit_factor":0.0},{"date":"13/12/2025","date_ts":1765584000000,"profit_abs":0.0,"wins":0,"draws":0,"losses":0,"trades":0,"profit_factor":0.0},{"date":"14/12/2025","date_ts":1765670400000,"profit_abs":0.0,"wins":0,"draws":0,"losses":0,"trades":0,"profit_factor":0.0},{"date":"15/12/2025","date_ts":1765756800000,"profit_abs":0.0,"wins":0,"draws":0,"losses":0,"trades":0,"profit_factor":0.0},{"date":"16/12/2025","date_ts":1765843200000,"profit_abs":0.0,"wins":0,"draws":0,"losses":0,"trades":0,"profit_factor":0.0},{"date":"17/12/2025","date_ts":1765929600000,"profit_abs":-12.01105,"wins":0,"draws":0,"losses":1,"trades":1,"profit_factor":0.0}],"week":[{"date":"17/11/2025","date_ts":1763337600000,"profit_abs":0.0,"wins":0,"draws":1,"losses":0,"trades":1,"profit_factor":0.0},{"date":"24/11/2025","date_ts":1763942400000,"profit_abs":0.0,"wins":0,"draws":0,"losses":0,"trades":0,"profit_factor":0.0},{"date":"01/12/2025","date_ts":1764547200000,"profit_abs":9.22093956,"wins":1,"draws":1,"losses":0,"trades":2,"profit_factor":0.0},{"date":"08/12/2025","date_ts":1765152000000,"profit_abs":0.0,"wins":0,"draws":0,"losses":0,"trades":0,"profit_factor":0.0},{"date":"15/12/2025","date_ts":1765756800000,"profit_abs":9.906859,"wins":1,"draws":0,"losses":0,"trades":1,"profit_factor":0.0},{"date":"22/12/2025","date_ts":1766361600000,"profit_abs":-12.01105,"wins":0,"draws":0,"losses":1,"trades":1,"profit_factor":0.0}],"month":[{"date":"30/11/2025","date_ts":1764460800000,"profit_abs":9.22093956,"wins":1,"draws":2,"losses":0,"trades":3,"profit_factor":0.0},{"date":"31/12/2025","date_ts":1767139200000,"profit_abs":-2.104191,"wins":1,"draws":0,"losses":1,"trades":2,"profit_factor":0.82481207}],"year":[{"date":"31/12/2025","date_ts":1767139200000,"profit_abs":7.11674856,"wins":2,"draws":2,"losses":1,"trades":5,"profit_factor":1.59251677}],"weekday":[{"date":"Tuesday","date_ts":1,"profit_abs":9.906859,"wins":1,"draws":1,"losses":0,"trades":2,"profit_factor":0.0},{"date":"Wednesday","date_ts":2,"profit_abs":-2.79011044,"wins":1,"draws":0,"losses":1,"trades":2,"profit_factor":0.7677047},{"date":"Sunday","date_ts":6,"profit_abs":0.0,"wins":0,"draws":1,"losses":0,"trades":1,"profit_factor":0.0}]},"backtest_best_day":0.029722498963783997,"backtest_worst_day":-0.035690216981115255,"backtest_best_day_abs":9.906859,"backtest_worst_day_abs":-12.01105,"winning_days":2,"draw_days":29,"losing_days":1,"daily_profit":[["2025-11-16",0.0],["2025-11-17",0.0],["2025-11-18",0.0],["2025-11-19",0.0],["2025-11-20",0.0],["2025-11-21",0.0],["2025-11-22",0.0],["2025-11-23",0.0],["2025-11-24",0.0],["2025-11-25",0.0],["2025-11-26",9.22093956],["2025-11-27",0.0],["2025-11-28",0.0],["2025-11-29",0.0],["2025-11-30",0.0],["2025-12-01",0.0],["2025-12-02",0.0],["2025-12-03",0.0],["2025-12-04",0.0],["2025-12-05",0.0],["2025-12-06",0.0],["2025-12-07",0.0],["2025-12-08",0.0],["2025-12-09",9.906859],["2025-12-10",0.0],["2025-12-11",0.0],["2025-12-12",0.0],["2025-12-13",0.0],["2025-12-14",0.0],["2025-12-15",0.0],["2025-12-16",0.0],["2025-12-17",-12.01105]],"wins":2,"losses":1,"draws":2,"winrate":0.4,"holding_avg":"1:48:00","holding_avg_s":6480.0,"winner_holding_min":"0d 02:00","winner_holding_min_s":7200.0,"winner_holding_max":"0d 02:00","winner_holding_max_s":7200.0,"winner_holding_avg":"0d 02:00","winner_holding_avg_s":7200.0,"loser_holding_min":"0d 01:00","loser_holding_min_s":3600.0,"loser_holding_max":"0d 01:00","loser_holding_max_s":3600.0,"loser_holding_avg":"0d 01:00","loser_holding_avg_s":3600.0,"max_consecutive_wins":2,"max_consecutive_losses":2,"max_drawdown_account":0.011785617090389687,"max_relative_drawdown":0.011785617090389687,"max_drawdown_abs":12.01105,"drawdown_start":"2025-12-09 18:00:00","drawdown_start_ts":1765303200000.0,"drawdown_end":"2025-12-17 16:00:00","drawdown_end_ts":1765987200000.0,"drawdown_duration":"7 days 22:00:00","drawdown_duration_s":684000.0,"max_drawdown_low":7.116748560000003,"max_drawdown_high":19.127798560000002,"csum_min":1000.0,"csum_max":1019.12779856}},"strategy_comparison":[{"key":"ACO_12_11","trades":5,"profit_mean":0.0043909310934344805,"profit_mean_pct":0.44,"profit_total_abs":7.116748560000003,"profit_total":0.007116748560000003,"profit_total_pct":0.71,"duration_avg":"1:48:00","wins":2,"draws":2,"losses":1,"winrate":0.4,"cagr":0.027043900047858838,"expectancy":1.4233497120000003,"expectancy_ratio":-0.28149664583862355,"sortino":-100,"sharpe":0.1759548746352247,"calmar":11.893344347245813,"sqn":0.3573,"profit_factor":1.5925167708068824,"max_drawdown_account":0.011785617090389687,"max_drawdown_abs":"12.011"}]}