{"strategy":{"ACO_36_4":{"trades":[{"pair":"DOGE/USDT","stake_amount":329.89409,"max_stake_amount":329.89409,"amount":1423.0,"open_date":"2025-10-10 20:00:00+00:00","close_date":"2025-10-10 20:00:00+00:00","open_rate":0.23183,"close_rate":0.22024,"fee_open":0.001,"fee_close":0.001,"trade_duration":0,"profit_ratio":-0.05189164456731209,"profit_abs":-17.13586561,"exit_reason":"stop_loss","initial_stop_loss_abs":0.22024,"initial_stop_loss_ratio":-0.05,"stop_loss_abs":0.22024,"stop_loss_ratio":-0.05,"min_rate":0.21607,"max_rate":0.23455,"is_open":false,"enter_tag":"","leverage":1.0,"is_short":false,"open_timestamp":1760126400000,"close_timestamp":1760126400000,"orders":[{"amount":1423.0,"safe_price":0.23183,"ft_order_side":"buy","order_filled_timestamp":1760126400000,"ft_is_entry":true,"ft_order_tag":"","cost":330.22398409},{"amount":1423.0,"safe_price":0.22024,"ft_order_side":"sell","order_filled_timestamp":1760126400000,"ft_is_entry":false,"ft_order_tag":"stop_loss","cost":313.71492151999996}],"funding_fees":0.0,"weekday":4},{"pair":"DOGE/USDT","stake_amount":324.1792,"max_stake_amount":324.1792,"amount":1480.0,"open_date":"2025-10-10 21:00:00+00:00","close_date":"2025-10-10 21:00:00+00:00","open_rate":0.21904,"close_rate":0.20809,"fee_open":0.001,"fee_close":0.001,"trade_duration":0,"profit_ratio":-0.051888989388989386,"profit_abs":-16.8381524,"exit_reason":"stop_loss","initial_stop_loss_abs":0.20809,"initial_stop_loss_ratio":-0.05,"stop_loss_abs":0.20809,"stop_loss_ratio":-0.05,"min_rate":0.095,"max_rate":0.22132,"is_open":false,"enter_tag":"","leverage":1.0,"is_short":false,"open_timestamp":1760130000000,"close_timestamp":1760130000000,"orders":[{"amount":1480.0,"safe_price":0.21904,"ft_order_side":"buy","order_filled_timestamp":1760130000000,"ft_is_entry":true,"ft_order_tag":"","cost":324.5033792},{"amount":1480.0,"safe_price":0.20809,"ft_order_side":"sell","order_filled_timestamp":1760130000000,"ft_is_entry":false,"ft_order_tag":"stop_loss","cost":308.2811732}],"funding_fees":0.0,"weekday":4},{"pair":"DOGE/USDT","stake_amount":318.6888,"max_stake_amount":318.6888,"amount":1712.0,"open_date":"2025-10-10 22:00:00+00:00","close_date":"2025-10-10 22:00:00+00:00","open_rate":0.18615,"close_rate":0.17685,"fee_open":0.001,"fee_close":0.001,"trade_duration":0,"profit_ratio":-0.051857892309141305,"profit_abs":-16.543056,"exit_reason":"stop_loss","initial_stop_loss_abs":0.17685,"initial_stop_loss_ratio":-0.05,"stop_loss_abs":0.17685,"stop_loss_ratio":-0.05,"min_rate":0.16923,"max_rate":0.19509,"is_open":false,"enter_tag":"","leverage":1.0,"is_short":false,"open_timestamp":1760133600000,"close_timestamp":1760133600000,"orders":[{"amount":1712.0,"safe_price":0.18615,"ft_order_side":"buy","order_filled_timestamp":1760133600000,"ft_is_entry":true,"ft_order_tag":"","cost":319.0074888},{"amount":1712.0,"safe_price":0.17685,"ft_order_side":"sell","order_filled_timestamp":1760133600000,"ft_is_entry":false,"ft_order_tag":"stop_loss","cost":303.06996719999995}],"funding_fees":0.0,"weekday":4},{"pair":"DOGE/USDT","stake_amount":313.32582,"max_stake_amount":313.32582,"amount":1614.0,"open_date":"2025-10-10 23:00:00+00:00","close_date":"2025-10-11 01:00:00+00:00","open_rate":0.19413,"close_rate":0.19537,"fee_open":0.001,"fee_close":0.001,"trade_duration":120,"profit_ratio":0.004376708131923709,"profit_abs":1.372707,"exit_reason":"roi","initial_stop_loss_abs":0.18443,"initial_stop_loss_ratio":-0.05,"stop_loss_abs":0.18443,"stop_loss_ratio":-0.05,"min_rate":0.18495,"max_rate":0.2,"is_open":false,"enter_tag":"","leverage":1.0,"is_short":false,"open_timestamp":1760137200000,"close_timestamp":1760144400000,"orders":[{"amount":1614.0,"safe_price":0.19413,"ft_order_side":"buy","order_filled_timestamp":1760137200000,"ft_is_entry":true,"ft_order_tag":"","cost":313.63914582},{"amount":1614.0,"safe_price":0.19537,"ft_order_side":"sell","order_filled_timestamp":1760144400000,"ft_is_entry":false,"ft_order_tag":"roi","cost":315.64250717999994}],"funding_fees":0.0,"weekday":5},{"pair":"DOGE/USDT","stake_amount":313.62039,"max_stake_amount":313.62039,"amount":1657.0,"open_date":"2025-10-11 02:00:00+00:00","close_date":"2025-10-11 03:00:00+00:00","open_rate":0.18927,"close_rate":0.19912189189189186,"fee_open":0.001,"fee_close":0.001,"trade_duration":60,"profit_ratio":0.049950049950049945,"profit_abs":15.6810195,"exit_reason":"roi","initial_stop_loss_abs":0.17981,"initial_stop_loss_ratio":-0.05,"stop_loss_abs":0.17981,"stop_loss_ratio":-0.05,"min_rate":0.189,"max_rate":0.20048,"is_open":false,"enter_tag":"","leverage":1.0,"is_short":false,"open_timestamp":1760148000000,"close_timestamp":1760151600000,"orders":[{"amount":1657.0,"safe_price":0.18927,"ft_order_side":"buy","order_filled_timestamp":1760148000000,"ft_is_entry":true,"ft_order_tag":"","cost":313.93401038999997},{"amount":1657.0,"safe_price":0.19912189189189186,"ft_order_side":"sell","order_filled_timestamp":1760151600000,"ft_is_entry":false,"ft_order_tag":"roi","cost":330.27491983972965}],"funding_fees":0.0,"weekday":5},{"pair":"DOGE/USDT","stake_amount":318.82786,"max_stake_amount":318.82786,"amount":1802.0,"open_date":"2025-10-30 20:00:00+00:00","close_date":"2025-10-30 22:00:00+00:00","open_rate":0.17693,"close_rate":0.17988,"fee_open":0.001,"fee_close":0.001,"trade_duration":120,"profit_ratio":0.014641945405524224,"profit_abs":4.67292838,"exit_reason":"roi","initial_stop_loss_abs":0.16809,"initial_stop_loss_ratio":-0.05,"stop_loss_abs":0.16809,"stop_loss_ratio":-0.05,"min_rate":0.17642,"max_rate":0.18062,"is_open":false,"enter_tag":"","leverage":1.0,"is_short":false,"open_timestamp":1761854400000,"close_timestamp":1761861600000,"orders":[{"amount":1802.0,"safe_price":0.17693,"ft_order_side":"buy","order_filled_timestamp":1761854400000,"ft_is_entry":true,"ft_order_tag":"","cost":319.14668785999993},{"amount":1802.0,"safe_price":0.17988,"ft_order_side":"sell","order_filled_timestamp":1761861600000,"ft_is_entry":false,"ft_order_tag":"roi","cost":324.46790376}],"funding_fees":0.0,"weekday":3},{"pair":"DOGE/USDT","stake_amount":320.4879,"max_stake_amount":320.4879,"amount":1830.0,"open_date":"2025-11-03 04:00:00+00:00","close_date":"2025-11-03 12:00:00+00:00","open_rate":0.17513,"close_rate":0.1754806106106106,"fee_open":0.001,"fee_close":0.001,"trade_duration":480,"profit_ratio":0.0,"profit_abs":0.0,"exit_reason":"roi","initial_stop_loss_abs":0.16638,"initial_stop_loss_ratio":-0.05,"stop_loss_abs":0.16638,"stop_loss_ratio":-0.05,"min_rate":0.17111,"max_rate":0.17672,"is_open":false,"enter_tag":"","leverage":1.0,"is_short":false,"open_timestamp":1762142400000,"close_timestamp":1762171200000,"orders":[{"amount":1830.0,"safe_price":0.17513,"ft_order_side":"buy","order_filled_timestamp":1762142400000,"ft_is_entry":true,"ft_order_tag":"","cost":320.8083879},{"amount":1830.0,"safe_price":0.1754806106106106,"ft_order_side":"sell","order_filled_timestamp":1762171200000,"ft_is_entry":false,"ft_order_tag":"roi","cost":321.45064693483477}],"funding_fees":0.0,"weekday":0},{"pair":"DOGE/USDT","stake_amount":320.34436,"max_stake_amount":320.34436,"amount":1918.0,"open_date":"2025-11-03 16:00:00+00:00","close_date":"2025-11-03 18:00:00+00:00","open_rate":0.16702,"close_rate":0.17137,"fee_open":0.001,"fee_close":0.001,"trade_duration":120,"profit_ratio":0.023994745525101172,"profit_abs":7.69426798,"exit_reason":"roi","initial_stop_loss_abs":0.15867,"initial_stop_loss_ratio":-0.05,"stop_loss_abs":0.15867,"stop_loss_ratio":-0.05,"min_rate":0.16553,"max_rate":0.1717,"is_open":false,"enter_tag":"","leverage":1.0,"is_short":false,"open_timestamp":1762185600000,"close_timestamp":1762192800000,"orders":[{"amount":1918.0,"safe_price":0.16702,"ft_order_side":"buy","order_filled_timestamp":1762185600000,"ft_is_entry":true,"ft_order_tag":"","cost":320.66470436},{"amount":1918.0,"safe_price":0.17137,"ft_order_side":"sell","order_filled_timestamp":1762192800000,"ft_is_entry":false,"ft_order_tag":"roi","cost":329.01634765999995}],"funding_fees":0.0,"weekday":0},{"pair":"DOGE/USDT","stake_amount":323.02381,"max_stake_amount":323.02381,"amount":2003.0,"open_date":"2025-11-13 20:00:00+00:00","close_date":"2025-11-13 22:00:00+00:00","open_rate":0.16127,"close_rate":0.16159286286286284,"fee_open":0.001,"fee_close":0.001,"trade_duration":120,"profit_ratio":0.0,"profit_abs":0.0,"exit_reason":"roi","initial_stop_loss_abs":0.15321,"initial_stop_loss_ratio":-0.05,"stop_loss_abs":0.15321,"stop_loss_ratio":-0.05,"min_rate":0.16,"max_rate":0.16384,"is_open":false,"enter_tag":"","leverage":1.0,"is_short":false,"open_timestamp":1763064000000,"close_timestamp":1763071200000,"orders":[{"amount":2003.0,"safe_price":0.16127,"ft_order_side":"buy","order_filled_timestamp":1763064000000,"ft_is_entry":true,"ft_order_tag":"","cost":323.3468338099999},{"amount":2003.0,"safe_price":0.16159286286286284,"ft_order_side":"sell","order_filled_timestamp":1763071200000,"ft_is_entry":false,"ft_order_tag":"roi","cost":323.99417481862855}],"funding_fees":0.0,"weekday":3},{"pair":"DOGE/USDT","stake_amount":322.936,"max_stake_amount":322.936,"amount":2182.0,"open_date":"2025-11-19 19:00:00+00:00","close_date":"2025-11-19 21:00:00+00:00","open_rate":0.148,"close_rate":0.1504,"fee_open":0.001,"fee_close":0.001,"trade_duration":120,"profit_ratio":0.014185814185814187,"profit_abs":4.5856912,"exit_reason":"roi","initial_stop_loss_abs":0.1406,"initial_stop_loss_ratio":-0.05,"stop_loss_abs":0.1406,"stop_loss_ratio":-0.05,"min_rate":0.14726,"max_rate":0.15449,"is_open":false,"enter_tag":"","leverage":1.0,"is_short":false,"open_timestamp":1763578800000,"close_timestamp":1763586000000,"orders":[{"amount":2182.0,"safe_price":0.148,"ft_order_side":"buy","order_filled_timestamp":1763578800000,"ft_is_entry":true,"ft_order_tag":"","cost":323.25893599999995},{"amount":2182.0,"safe_price":0.1504,"ft_order_side":"sell","order_filled_timestamp":1763586000000,"ft_is_entry":false,"ft_order_tag":"roi","cost":328.50097279999994}],"funding_fees":0.0,"weekday":2},{"pair":"DOGE/USDT","stake_amount":324.49376,"max_stake_amount":324.49376,"amount":2336.0,"open_date":"2025-12-01 01:00:00+00:00","close_date":"2025-12-01 15:00:00+00:00","open_rate":0.13891,"close_rate":0.13197,"fee_open":0.001,"fee_close":0.001,"trade_duration":840,"profit_ratio":-0.051858587025241695,"profit_abs":-16.84461568,"exit_reason":"stop_loss","initial_stop_loss_abs":0.13197,"initial_stop_loss_ratio":-0.05,"stop_loss_abs":0.13197,"stop_loss_ratio":-0.05,"min_rate":0.13177,"max_rate":0.14064,"is_open":false,"enter_tag":"","leverage":1.0,"is_short":false,"open_timestamp":1764550800000,"close_timestamp":1764601200000,"orders":[{"amount":2336.0,"safe_price":0.13891,"ft_order_side":"buy","order_filled_timestamp":1764550800000,"ft_is_entry":true,"ft_order_tag":"","cost":324.81825375999995},{"amount":2336.0,"safe_price":0.13197,"ft_order_side":"sell","order_filled_timestamp":1764601200000,"ft_is_entry":false,"ft_order_tag":"stop_loss","cost":308.59020191999997}],"funding_fees":0.0,"weekday":0},{"pair":"DOGE/USDT","stake_amount":318.89346,"max_stake_amount":318.89346,"amount":2298.0,"open_date":"2025-12-05 17:00:00+00:00","close_date":"2025-12-05 19:00:00+00:00","open_rate":0.13877,"close_rate":0.1390478178178178,"fee_open":0.001,"fee_close":0.001,"trade_duration":120,"profit_ratio":0.0,"profit_abs":0.0,"exit_reason":"roi","initial_stop_loss_abs":0.13184,"initial_stop_loss_ratio":-0.05,"stop_loss_abs":0.13184,"stop_loss_ratio":-0.05,"min_rate":0.13722,"max_rate":0.13942,"is_open":false,"enter_tag":"","leverage":1.0,"is_short":false,"open_timestamp":1764954000000,"close_timestamp":1764961200000,"orders":[{"amount":2298.0,"safe_price":0.13877,"ft_order_side":"buy","order_filled_timestamp":1764954000000,"ft_is_entry":true,"ft_order_tag":"","cost":319.21235346},{"amount":2298.0,"safe_price":0.1390478178178178,"ft_order_side":"sell","order_filled_timestamp":1764961200000,"ft_is_entry":false,"ft_order_tag":"roi","cost":319.85141723069063}],"funding_fees":0.0,"weekday":4},{"pair":"DOGE/USDT","stake_amount":318.87368,"max_stake_amount":318.87368,"amount":2306.0,"open_date":"2025-12-05 21:00:00+00:00","close_date":"2025-12-05 23:00:00+00:00","open_rate":0.13828,"close_rate":0.13918,"fee_open":0.001,"fee_close":0.001,"trade_duration":120,"profit_ratio":0.004497527349711324,"profit_abs":1.43557724,"exit_reason":"roi","initial_stop_loss_abs":0.13137,"initial_stop_loss_ratio":-0.05,"stop_loss_abs":0.13137,"stop_loss_ratio":-0.05,"min_rate":0.13815,"max_rate":0.13966,"is_open":false,"enter_tag":"","leverage":1.0,"is_short":false,"open_timestamp":1764968400000,"close_timestamp":1764975600000,"orders":[{"amount":2306.0,"safe_price":0.13828,"ft_order_side":"buy","order_filled_timestamp":1764968400000,"ft_is_entry":true,"ft_order_tag":"","cost":319.19255367999995},{"amount":2306.0,"safe_price":0.13918,"ft_order_side":"sell","order_filled_timestamp":1764975600000,"ft_is_entry":false,"ft_order_tag":"roi","cost":321.27002908}],"funding_fees":0.0,"weekday":4},{"pair":"DOGE/USDT","stake_amount":319.3347,"max_stake_amount":319.3347,"amount":2305.0,"open_date":"2025-12-11 03:00:00+00:00","close_date":"2025-12-11 05:00:00+00:00","open_rate":0.13854,"close_rate":0.13887,"fee_open":0.001,"fee_close":0.001,"trade_duration":120,"profit_ratio":0.00037922233677972094,"profit_abs":0.12121995,"exit_reason":"roi","initial_stop_loss_abs":0.13162,"initial_stop_loss_ratio":-0.05,"stop_loss_abs":0.13162,"stop_loss_ratio":-0.05,"min_rate":0.13719,"max_rate":0.13908,"is_open":false,"enter_tag":"","leverage":1.0,"is_short":false,"open_timestamp":1765422000000,"close_timestamp":1765429200000,"orders":[{"amount":2305.0,"safe_price":0.13854,"ft_order_side":"buy","order_filled_timestamp":1765422000000,"ft_is_entry":true,"ft_order_tag":"","cost":319.65403469999995},{"amount":2305.0,"safe_price":0.13887,"ft_order_side":"sell","order_filled_timestamp":1765429200000,"ft_is_entry":false,"ft_order_tag":"roi","cost":320.41544534999997}],"funding_fees":0.0,"weekday":3},{"pair":"DOGE/USDT","stake_amount":319.40292,"max_stake_amount":319.40292,"amount":2356.0,"open_date":"2025-12-14 15:00:00+00:00","close_date":"2025-12-15 01:00:00+00:00","open_rate":0.13557,"close_rate":0.13584141141141137,"fee_open":0.001,"fee_close":0.001,"trade_duration":600,"profit_ratio":0.0,"profit_abs":0.0,"exit_reason":"roi","initial_stop_loss_abs":0.1288,"initial_stop_loss_ratio":-0.05,"stop_loss_abs":0.1288,"stop_loss_ratio":-0.05,"min_rate":0.13261,"max_rate":0.13683,"is_open":false,"enter_tag":"","leverage":1.0,"is_short":false,"open_timestamp":1765724400000,"close_timestamp":1765760400000,"orders":[{"amount":2356.0,"safe_price":0.13557,"ft_order_side":"buy","order_filled_timestamp":1765724400000,"ft_is_entry":true,"ft_order_tag":"","cost":319.72232291999995},{"amount":2356.0,"safe_price":0.13584141141141137,"ft_order_side":"sell","order_filled_timestamp":1765760400000,"ft_is_entry":false,"ft_order_tag":"roi","cost":320.36240765057045}],"funding_fees":0.0,"weekday":0},{"pair":"DOGE/USDT","stake_amount":319.44668,"max_stake_amount":319.44668,"amount":2443.0,"open_date":"2025-12-15 16:00:00+00:00","close_date":"2025-12-16 10:00:00+00:00","open_rate":0.13076,"close_rate":0.13102178178178175,"fee_open":0.001,"fee_close":0.001,"trade_duration":1080,"profit_ratio":0.0,"profit_abs":0.0,"exit_reason":"roi","initial_stop_loss_abs":0.12423,"initial_stop_loss_ratio":-0.05,"stop_loss_abs":0.12423,"stop_loss_ratio":-0.05,"min_rate":0.12661,"max_rate":0.13149,"is_open":false,"enter_tag":"","leverage":1.0,"is_short":false,"open_timestamp":1765814400000,"close_timestamp":1765879200000,"orders":[{"amount":2443.0,"safe_price":0.13076,"ft_order_side":"buy","order_filled_timestamp":1765814400000,"ft_is_entry":true,"ft_order_tag":"","cost":319.7661266799999},{"amount":2443.0,"safe_price":0.13102178178178175,"ft_order_side":"sell","order_filled_timestamp":1765879200000,"ft_is_entry":false,"ft_order_tag":"roi","cost":320.4062991057857}],"funding_fees":0.0,"weekday":1},{"pair":"DOGE/USDT","stake_amount":319.48815,"max_stake_amount":319.48815,"amount":2685.0,"open_date":"2025-12-31 17:00:00+00:00","close_date":"2026-01-01 08:00:00+00:00","open_rate":0.11899,"close_rate":0.1192282182182182,"fee_open":0.001,"fee_close":0.001,"trade_duration":900,"profit_ratio":0.0,"profit_abs":0.0,"exit_reason":"roi","initial_stop_loss_abs":0.11305,"initial_stop_loss_ratio":-0.05,"stop_loss_abs":0.11305,"stop_loss_ratio":-0.05,"min_rate":0.11612,"max_rate":0.12042,"is_open":false,"enter_tag":"","leverage":1.0,"is_short":false,"open_timestamp":1767200400000,"close_timestamp":1767254400000,"orders":[{"amount":2685.0,"safe_price":0.11899,"ft_order_side":"buy","order_filled_timestamp":1767200400000,"ft_is_entry":true,"ft_order_tag":"","cost":319.80763815},{"amount":2685.0,"safe_price":0.1192282182182182,"ft_order_side":"sell","order_filled_timestamp":1767254400000,"ft_is_entry":false,"ft_order_tag":"roi","cost":320.4478936818317}],"funding_fees":0.0,"weekday":3}],"locks":[],"best_pair":{"key":"DOGE/USDT","trades":17,"profit_mean":-0.005615947082692953,"profit_mean_pct":-0.56,"profit_total_abs":-31.798278440000004,"profit_total":-0.03179827844,"profit_total_pct":-3.18,"duration_avg":"4:49:00","wins":7,"draws":6,"losses":4,"winrate":0.4117647058823529,"cagr":-0.11449485879963017,"expectancy":-1.8704869670588238,"expectancy_ratio":-0.46401243823179683,"sortino":-29.879799749945278,"sharpe":-0.6835780300571199,"calmar":-12.397671306887588,"sqn":-0.8166,"profit_factor":0.5279471375148636,"max_drawdown_account":0.05051707400999999,"max_drawdown_abs":50.517074009999995},"worst_pair":{"key":"DOGE/USDT","trades":17,"profit_mean":-0.005615947082692953,"profit_mean_pct":-0.56,"profit_total_abs":-31.798278440000004,"profit_total":-0.03179827844,"profit_total_pct":-3.18,"duration_avg":"4:49:00","wins":7,"draws":6,"losses":4,"winrate":0.4117647058823529,"cagr":-0.11449485879963017,"expectancy":-1.8704869670588238,"expectancy_ratio":-0.46401243823179683,"sortino":-29.879799749945278,"sharpe":-0.6835780300571199,"calmar":-12.397671306887588,"sqn":-0.8166,"profit_factor":0.5279471375148636,"max_drawdown_account":0.05051707400999999,"max_drawdown_abs":50.517074009999995},"results_per_pair":[{"key":"DOGE/USDT","trades":17,"profit_mean":-0.005615947082692953,"profit_mean_pct":-0.56,"profit_total_abs":-31.798278440000004,"profit_total":-0.03179827844,"profit_total_pct":-3.18,"duration_avg":"4:49:00","wins":7,"draws":6,"losses":4,"winrate":0.4117647058823529,"cagr":-0.11449485879963017,"expectancy":-1.8704869670588238,"expectancy_ratio":-0.46401243823179683,"sortino":-29.879799749945278,"sharpe":-0.6835780300571199,"calmar":-12.397671306887588,"sqn":-0.8166,"profit_factor":0.5279471375148636,"max_drawdown_account":0.05051707400999999,"max_drawdown_abs":50.517074009999995},{"key":"TOTAL","trades":17,"profit_mean":-0.005615947082692953,"profit_mean_pct":-0.56,"profit_total_abs":-31.798278440000004,"profit_total":-0.03179827844,"profit_total_pct":-3.18,"duration_avg":"4:49:00","wins":7,"draws":6,"losses":4,"winrate":0.4117647058823529,"cagr":-0.11449485879963017,"expectancy":-1.8704869670588238,"expectancy_ratio":-0.46401243823179683,"sortino":-29.879799749945278,"sharpe":-0.6835780300571199,"calmar":-12.397671306887588,"sqn":-0.8166,"profit_factor":0.5279471375148636,"max_drawdown_account":0.05051707400999999,"max_drawdown_abs":50.517074009999995}],"results_per_enter_tag":[{"key":"","trades":17,"profit_mean":-0.005615947082692953,"profit_mean_pct":-0.56,"profit_total_abs":-31.798278440000004,"profit_total":-0.03179827844,"profit_total_pct":-3.18,"duration_avg":"4:49:00","wins":7,"draws":6,"losses":4,"winrate":0.4117647058823529,"cagr":-0.11449485879963017,"expectancy":-1.8704869670588238,"expectancy_ratio":-0.46401243823179683,"sortino":-29.879799749945278,"sharpe":-0.6835780300571199,"calmar":-12.397671306887588,"sqn":-0.8166,"profit_factor":0.5279471375148636,"max_drawdown_account":0.05051707400999999,"max_drawdown_abs":50.517074009999995},{"key":"TOTAL","trades":17,"profit_mean":-0.005615947082692953,"profit_mean_pct":-0.56,"profit_total_abs":-31.798278440000004,"profit_total":-0.03179827844,"profit_total_pct":-3.18,"duration_avg":"4:49:00","wins":7,"draws":6,"losses":4,"winrate":0.4117647058823529,"cagr":-0.11449485879963017,"expectancy":-1.8704869670588238,"expectancy_ratio":-0.46401243823179683,"sortino":-29.879799749945278,"sharpe":-0.6835780300571199,"calmar":-12.397671306887588,"sqn":-0.8166,"profit_factor":0.5279471375148636,"max_drawdown_account":0.05051707400999999,"max_drawdown_abs":50.517074009999995}],"exit_reason_summary":[{"key":"roi","trades":13,"profit_mean":0.0086173856065311,"profit_mean_pct":0.86,"profit_total_abs":35.563411249999994,"profit_total":0.035563411249999996,"profit_total_pct":3.56,"duration_avg":"5:14:00","wins":7,"draws":6,"losses":0,"winrate":0.5384615384615384,"cagr":0.1405338819339157,"expectancy":2.7356470192307687,"expectancy_ratio":100.0,"sortino":-100,"sharpe":1.582680919393933,"calmar":-100,"sqn":2.1412,"profit_factor":0.0,"max_drawdown_account":0.0,"max_drawdown_abs":0.0},{"key":"stop_loss","trades":4,"profit_mean":-0.05187427832267112,"profit_mean_pct":-5.19,"profit_total_abs":-67.36168968999999,"profit_total":-0.06736168968999999,"profit_total_pct":-6.74,"duration_avg":"3:30:00","wins":0,"draws":0,"losses":4,"winrate":0.0,"cagr":-0.23080863767383875,"expectancy":-16.840422422499998,"expectancy_ratio":-1.0,"sortino":-63.29757136233045,"sharpe":-63.29757136233045,"calmar":-19.69584863354926,"sqn":-139.1595,"profit_factor":0.0,"max_drawdown_account":0.06736168969000005,"max_drawdown_abs":67.36168968999999},{"key":"TOTAL","trades":17,"profit_mean":-0.005615947082692953,"profit_mean_pct":-0.56,"profit_total_abs":-31.798278440000004,"profit_total":-0.03179827844,"profit_total_pct":-3.18,"duration_avg":"4:49:00","wins":7,"draws":6,"losses":4,"winrate":0.4117647058823529,"cagr":-0.11449485879963017,"expectancy":-1.8704869670588238,"expectancy_ratio":-0.46401243823179683,"sortino":-29.879799749945278,"sharpe":-0.6835780300571199,"calmar":-12.397671306887588,"sqn":-0.8166,"profit_factor":0.5279471375148636,"max_drawdown_account":0.05051707400999999,"max_drawdown_abs":50.517074009999995}],"mix_tag_stats":[{"key":["","roi"],"trades":13,"profit_mean":0.0086173856065311,"profit_mean_pct":0.86,"profit_total_abs":35.563411249999994,"profit_total":0.035563411249999996,"profit_total_pct":3.56,"duration_avg":"5:14:00","wins":7,"draws":6,"losses":0,"winrate":0.5384615384615384,"cagr":0.1405338819339157,"expectancy":2.7356470192307687,"expectancy_ratio":100.0,"sortino":-100,"sharpe":1.582680919393933,"calmar":-100,"sqn":2.1412,"profit_factor":0.0,"max_drawdown_account":0.0,"max_drawdown_abs":0.0},{"key":["","stop_loss"],"trades":4,"profit_mean":-0.05187427832267112,"profit_mean_pct":-5.19,"profit_total_abs":-67.36168968999999,"profit_total":-0.06736168968999999,"profit_total_pct":-6.74,"duration_avg":"3:30:00","wins":0,"draws":0,"losses":4,"winrate":0.0,"cagr":-0.23080863767383875,"expectancy":-16.840422422499998,"expectancy_ratio":-1.0,"sortino":-63.29757136233045,"sharpe":-63.29757136233045,"calmar":-19.69584863354926,"sqn":-139.1595,"profit_factor":0.0,"max_drawdown_account":0.06736168969000005,"max_drawdown_abs":67.36168968999999},{"key":"TOTAL","trades":17,"profit_mean":-0.005615947082692953,"profit_mean_pct":-0.56,"profit_total_abs":-31.798278440000004,"profit_total":-0.03179827844,"profit_total_pct":-3.18,"duration_avg":"4:49:00","wins":7,"draws":6,"losses":4,"winrate":0.4117647058823529,"cagr":-0.11449485879963017,"expectancy":-1.8704869670588238,"expectancy_ratio":-0.46401243823179683,"sortino":-29.879799749945278,"sharpe":-0.6835780300571199,"calmar":-12.397671306887588,"sqn":-0.8166,"profit_factor":0.5279471375148636,"max_drawdown_account":0.05051707400999999,"max_drawdown_abs":50.517074009999995}],"left_open_trades":[{"key":"TOTAL","trades":0,"profit_mean":0.0,"profit_mean_pct":0.0,"profit_total_abs":0.0,"profit_total":0.0,"profit_total_pct":0.0,"duration_avg":"0:00","wins":0,"draws":0,"losses":0,"winrate":0.0,"cagr":0.0,"expectancy":0.0,"expectancy_ratio":100.0,"sortino":0,"sharpe":0,"calmar":0,"sqn":0.0,"profit_factor":0.0,"max_drawdown_account":0.0,"max_drawdown_abs":0.0}],"total_trades":17,"trade_count_long":17,"trade_count_short":0,"total_volume":10880.464070512071,"avg_stake_amount":320.3095047058824,"profit_mean":-0.005615947082692953,"profit_median":0.0,"profit_total":-0.03179827844,"profit_total_long":-0.03179827844,"profit_total_short":0.0,"profit_total_abs":-31.798278440000004,"profit_total_long_abs":-31.798278440000004,"profit_total_short_abs":0.0,"cagr":-0.11449485879963017,"expectancy":-1.8704869670588238,"expectancy_ratio":-0.46401243823179683,"sortino":-29.879799749945278,"sharpe":-0.6835780300571199,"calmar":-12.397671306887588,"sqn":-0.8166,"profit_factor":0.5279471375148636,"backtest_start":"2025-10-01 00:00:00","backtest_start_ts":1759276800000,"backtest_end":"2026-01-06 20:00:00","backtest_end_ts":1767729600000,"backtest_days":97,"backtest_run_start_ts":1767749509,"backtest_run_end_ts":1767749509,"trades_per_day":0.18,"market_change":-0.36632086436227446,"pairlist":["DOGE/USDT"],"stake_amount":"unlimited","stake_currency":"USDT","stake_currency_decimals":3,"starting_balance":1000,"dry_run_wallet":1000,"final_balance":968.20172156,"rejected_signals":0,"timedout_entry_orders":0,"timedout_exit_orders":0,"canceled_trade_entries":0,"canceled_entry_orders":0,"replaced_entry_orders":0,"max_open_trades":1,"max_open_trades_setting":3,"timeframe":"1h","timeframe_detail":"","timerange":"20251001-","enable_protections":false,"strategy_name":"ACO_36_4","freqaimodel":null,"freqai_identifier":null,"stoploss":-0.05,"trailing_stop":false,"trailing_stop_positive":null,"trailing_stop_positive_offset":0.0,"trailing_only_offset_is_reached":false,"use_custom_stoploss":false,"minimal_roi":{"0":0.1,"60":0.05,"120":0.0},"use_exit_signal":true,"exit_profit_only":false,"exit_profit_offset":0.0,"ignore_roi_if_entry_signal":false,"trading_mode":"spot","margin_mode":"","periodic_breakdown":{"day":[{"date":"10/10/2025","date_ts":1760054400000,"profit_abs":-50.51707401,"wins":0,"draws":0,"losses":3,"trades":3,"profit_factor":0.0},{"date":"11/10/2025","date_ts":1760140800000,"profit_abs":17.0537265,"wins":2,"draws":0,"losses":0,"trades":2,"profit_factor":0.0},{"date":"12/10/2025","date_ts":1760227200000,"profit_abs":0.0,"wins":0,"draws":0,"losses":0,"trades":0,"profit_factor":0.0},{"date":"13/10/2025","date_ts":1760313600000,"profit_abs":0.0,"wins":0,"draws":0,"losses":0,"trades":0,"profit_factor":0.0},{"date":"14/10/2025","date_ts":1760400000000,"profit_abs":0.0,"wins":0,"draws":0,"losses":0,"trades":0,"profit_factor":0.0},{"date":"15/10/2025","date_ts":1760486400000,"profit_abs":0.0,"wins":0,"draws":0,"losses":0,"trades":0,"profit_factor":0.0},{"date":"16/10/2025","date_ts":1760572800000,"profit_abs":0.0,"wins":0,"draws":0,"losses":0,"trades":0,"profit_factor":0.0},{"date":"17/10/2025","date_ts":1760659200000,"profit_abs":0.0,"wins":0,"draws":0,"losses":0,"trades":0,"profit_factor":0.0},{"date":"18/10/2025","date_ts":1760745600000,"profit_abs":0.0,"wins":0,"draws":0,"losses":0,"trades":0,"profit_factor":0.0},{"date":"19/10/2025","date_ts":1760832000000,"profit_abs":0.0,"wins":0,"draws":0,"losses":0,"trades":0,"profit_factor":0.0},{"date":"20/10/2025","date_ts":1760918400000,"profit_abs":0.0,"wins":0,"draws":0,"losses":0,"trades":0,"profit_factor":0.0},{"date":"21/10/2025","date_ts":1761004800000,"profit_abs":0.0,"wins":0,"draws":0,"losses":0,"trades":0,"profit_factor":0.0},{"date":"22/10/2025","date_ts":1761091200000,"profit_abs":0.0,"wins":0,"draws":0,"losses":0,"trades":0,"profit_factor":0.0},{"date":"23/10/2025","date_ts":1761177600000,"profit_abs":0.0,"wins":0,"draws":0,"losses":0,"trades":0,"profit_factor":0.0},{"date":"24/10/2025","date_ts":1761264000000,"profit_abs":0.0,"wins":0,"draws":0,"losses":0,"trades":0,"profit_factor":0.0},{"date":"25/10/2025","date_ts":1761350400000,"profit_abs":0.0,"wins":0,"draws":0,"losses":0,"trades":0,"profit_factor":0.0},{"date":"26/10/2025","date_ts":1761436800000,"profit_abs":0.0,"wins":0,"draws":0,"losses":0,"trades":0,"profit_factor":0.0},{"date":"27/10/2025","date_ts":1761523200000,"profit_abs":0.0,"wins":0,"draws":0,"losses":0,"trades":0,"profit_factor":0.0},{"date":"28/10/2025","date_ts":1761609600000,"profit_abs":0.0,"wins":0,"draws":0,"losses":0,"trades":0,"profit_factor":0.0},{"date":"29/10/2025","date_ts":1761696000000,"profit_abs":0.0,"wins":0,"draws":0,"losses":0,"trades":0,"profit_factor":0.0},{"date":"30/10/2025","date_ts":1761782400000,"profit_abs":4.67292838,"wins":1,"draws":0,"losses":0,"trades":1,"profit_factor":0.0},{"date":"31/10/2025","date_ts":1761868800000,"profit_abs":0.0,"wins":0,"draws":0,"losses":0,"trades":0,"profit_factor":0.0},{"date":"01/11/2025","date_ts":1761955200000,"profit_abs":0.0,"wins":0,"draws":0,"losses":0,"trades":0,"profit_factor":0.0},{"date":"02/11/2025","date_ts":1762041600000,"profit_abs":0.0,"wins":0,"draws":0,"losses":0,"trades":0,"profit_factor":0.0},{"date":"03/11/2025","date_ts":1762128000000,"profit_abs":7.69426798,"wins":1,"draws":1,"losses":0,"trades":2,"profit_factor":0.0},{"date":"04/11/2025","date_ts":1762214400000,"profit_abs":0.0,"wins":0,"draws":0,"losses":0,"trades":0,"profit_factor":0.0},{"date":"05/11/2025","date_ts":1762300800000,"profit_abs":0.0,"wins":0,"draws":0,"losses":0,"trades":0,"profit_factor":0.0},{"date":"06/11/2025","date_ts":1762387200000,"profit_abs":0.0,"wins":0,"draws":0,"losses":0,"trades":0,"profit_factor":0.0},{"date":"07/11/2025","date_ts":1762473600000,"profit_abs":0.0,"wins":0,"draws":0,"losses":0,"trades":0,"profit_factor":0.0},{"date":"08/11/2025","date_ts":1762560000000,"profit_abs":0.0,"wins":0,"draws":0,"losses":0,"trades":0,"profit_factor":0.0},{"date":"09/11/2025","date_ts":1762646400000,"profit_abs":0.0,"wins":0,"draws":0,"losses":0,"trades":0,"profit_factor":0.0},{"date":"10/11/2025","date_ts":1762732800000,"profit_abs":0.0,"wins":0,"draws":0,"losses":0,"trades":0,"profit_factor":0.0},{"date":"11/11/2025","date_ts":1762819200000,"profit_abs":0.0,"wins":0,"draws":0,"losses":0,"trades":0,"profit_factor":0.0},{"date":"12/11/2025","date_ts":1762905600000,"profit_abs":0.0,"wins":0,"draws":0,"losses":0,"trades":0,"profit_factor":0.0},{"date":"13/11/2025","date_ts":1762992000000,"profit_abs":0.0,"wins":0,"draws":1,"losses":0,"trades":1,"profit_factor":0.0},{"date":"14/11/2025","date_ts":1763078400000,"profit_abs":0.0,"wins":0,"draws":0,"losses":0,"trades":0,"profit_factor":0.0},{"date":"15/11/2025","date_ts":1763164800000,"profit_abs":0.0,"wins":0,"draws":0,"losses":0,"trades":0,"profit_factor":0.0},{"date":"16/11/2025","date_ts":1763251200000,"profit_abs":0.0,"wins":0,"draws":0,"losses":0,"trades":0,"profit_factor":0.0},{"date":"17/11/2025","date_ts":1763337600000,"profit_abs":0.0,"wins":0,"draws":0,"losses":0,"trades":0,"profit_factor":0.0},{"date":"18/11/2025","date_ts":1763424000000,"profit_abs":0.0,"wins":0,"draws":0,"losses":0,"trades":0,"profit_factor":0.0},{"date":"19/11/2025","date_ts":1763510400000,"profit_abs":4.5856912,"wins":1,"draws":0,"losses":0,"trades":1,"profit_factor":0.0},{"date":"20/11/2025","date_ts":1763596800000,"profit_abs":0.0,"wins":0,"draws":0,"losses":0,"trades":0,"profit_factor":0.0},{"date":"21/11/2025","date_ts":1763683200000,"profit_abs":0.0,"wins":0,"draws":0,"losses":0,"trades":0,"profit_factor":0.0},{"date":"22/11/2025","date_ts":1763769600000,"profit_abs":0.0,"wins":0,"draws":0,"losses":0,"trades":0,"profit_factor":0.0},{"date":"23/11/2025","date_ts":1763856000000,"profit_abs":0.0,"wins":0,"draws":0,"losses":0,"trades":0,"profit_factor":0.0},{"date":"24/11/2025","date_ts":1763942400000,"profit_abs":0.0,"wins":0,"draws":0,"losses":0,"trades":0,"profit_factor":0.0},{"date":"25/11/2025","date_ts":1764028800000,"profit_abs":0.0,"wins":0,"draws":0,"losses":0,"trades":0,"profit_factor":0.0},{"date":"26/11/2025","date_ts":1764115200000,"profit_abs":0.0,"wins":0,"draws":0,"losses":0,"trades":0,"profit_factor":0.0},{"date":"27/11/2025","date_ts":1764201600000,"profit_abs":0.0,"wins":0,"draws":0,"losses":0,"trades":0,"profit_factor":0.0},{"date":"28/11/2025","date_ts":1764288000000,"profit_abs":0.0,"wins":0,"draws":0,"losses":0,"trades":0,"profit_factor":0.0},{"date":"29/11/2025","date_ts":1764374400000,"profit_abs":0.0,"wins":0,"draws":0,"losses":0,"trades":0,"profit_factor":0.0},{"date":"30/11/2025","date_ts":1764460800000,"profit_abs":0.0,"wins":0,"draws":0,"losses":0,"trades":0,"profit_factor":0.0},{"date":"01/12/2025","date_ts":1764547200000,"profit_abs":-16.84461568,"wins":0,"draws":0,"losses":1,"trades":1,"profit_factor":0.0},{"date":"02/12/2025","date_ts":1764633600000,"profit_abs":0.0,"wins":0,"draws":0,"losses":0,"trades":0,"profit_factor":0.0},{"date":"03/12/2025","date_ts":1764720000000,"profit_abs":0.0,"wins":0,"draws":0,"losses":0,"trades":0,"profit_factor":0.0},{"date":"04/12/2025","date_ts":1764806400000,"profit_abs":0.0,"wins":0,"draws":0,"losses":0,"trades":0,"profit_factor":0.0},{"date":"05/12/2025","date_ts":1764892800000,"profit_abs":1.43557724,"wins":1,"draws":1,"losses":0,"trades":2,"profit_factor":0.0},{"date":"06/12/2025","date_ts":1764979200000,"profit_abs":0.0,"wins":0,"draws":0,"losses":0,"trades":0,"profit_factor":0.0},{"date":"07/12/2025","date_ts":1765065600000,"profit_abs":0.0,"wins":0,"draws":0,"losses":0,"trades":0,"profit_factor":0.0},{"date":"08/12/2025","date_ts":1765152000000,"profit_abs":0.0,"wins":0,"draws":0,"losses":0,"trades":0,"profit_factor":0.0},{"date":"09/12/2025","date_ts":1765238400000,"profit_abs":0.0,"wins":0,"draws":0,"losses":0,"trades":0,"profit_factor":0.0},{"date":"10/12/2025","date_ts":1765324800000,"profit_abs":0.0,"wins":0,"draws":0,"losses":0,"trades":0,"profit_factor":0.0},{"date":"11/12/2025","date_ts":1765411200000,"profit_abs":0.12121995,"wins":1,"draws":0,"losses":0,"trades":1,"profit_factor":0.0},{"date":"12/12/2025","date_ts":1765497600000,"profit_abs":0.0,"wins":0,"draws":0,"losses":0,"trades":0,"profit_factor":0.0},{"date":"13/12/2025","date_ts":1765584000000,"profit_abs":0.0,"wins":0,"draws":0,"losses":0,"trades":0,"profit_factor":0.0},{"date":"14/12/2025","date_ts":1765670400000,"profit_abs":0.0,"wins":0,"draws":0,"losses":0,"trades":0,"profit_factor":0.0},{"date":"15/12/2025","date_ts":1765756800000,"profit_abs":0.0,"wins":0,"draws":1,"losses":0,"trades":1,"profit_factor":0.0},{"date":"16/12/2025","date_ts":1765843200000,"profit_abs":0.0,"wins":0,"draws":1,"losses":0,"trades":1,"profit_factor":0.0},{"date":"17/12/2025","date_ts":1765929600000,"profit_abs":0.0,"wins":0,"draws":0,"losses":0,"trades":0,"profit_factor":0.0},{"date":"18/12/2025","date_ts":1766016000000,"profit_abs":0.0,"wins":0,"draws":0,"losses":0,"trades":0,"profit_factor":0.0},{"date":"19/12/2025","date_ts":1766102400000,"profit_abs":0.0,"wins":0,"draws":0,"losses":0,"trades":0,"profit_factor":0.0},{"date":"20/12/2025","date_ts":1766188800000,"profit_abs":0.0,"wins":0,"draws":0,"losses":0,"trades":0,"profit_factor":0.0},{"date":"21/12/2025","date_ts":1766275200000,"profit_abs":0.0,"wins":0,"draws":0,"losses":0,"trades":0,"profit_factor":0.0},{"date":"22/12/2025","date_ts":1766361600000,"profit_abs":0.0,"wins":0,"draws":0,"losses":0,"trades":0,"profit_factor":0.0},{"date":"23/12/2025","date_ts":1766448000000,"profit_abs":0.0,"wins":0,"draws":0,"losses":0,"trades":0,"profit_factor":0.0},{"date":"24/12/2025","date_ts":1766534400000,"profit_abs":0.0,"wins":0,"draws":0,"losses":0,"trades":0,"profit_factor":0.0},{"date":"25/12/2025","date_ts":1766620800000,"profit_abs":0.0,"wins":0,"draws":0,"losses":0,"trades":0,"profit_factor":0.0},{"date":"26/12/2025","date_ts":1766707200000,"profit_abs":0.0,"wins":0,"draws":0,"losses":0,"trades":0,"profit_factor":0.0},{"date":"27/12/2025","date_ts":1766793600000,"profit_abs":0.0,"wins":0,"draws":0,"losses":0,"trades":0,"profit_factor":0.0},{"date":"28/12/2025","date_ts":1766880000000,"profit_abs":0.0,"wins":0,"draws":0,"losses":0,"trades":0,"profit_factor":0.0},{"date":"29/12/2025","date_ts":1766966400000,"profit_abs":0.0,"wins":0,"draws":0,"losses":0,"trades":0,"profit_factor":0.0},{"date":"30/12/2025","date_ts":1767052800000,"profit_abs":0.0,"wins":0,"draws":0,"losses":0,"trades":0,"profit_factor":0.0},{"date":"31/12/2025","date_ts":1767139200000,"profit_abs":0.0,"wins":0,"draws":0,"losses":0,"trades":0,"profit_factor":0.0},{"date":"01/01/2026","date_ts":1767225600000,"profit_abs":0.0,"wins":0,"draws":1,"losses":0,"trades":1,"profit_factor":0.0}],"week":[{"date":"13/10/2025","date_ts":1760313600000,"profit_abs":-33.46334751,"wins":2,"draws":0,"losses":3,"trades":5,"profit_factor":0.33758342},{"date":"20/10/2025","date_ts":1760918400000,"profit_abs":0.0,"wins":0,"draws":0,"losses":0,"trades":0,"profit_factor":0.0},{"date":"27/10/2025","date_ts":1761523200000,"profit_abs":0.0,"wins":0,"draws":0,"losses":0,"trades":0,"profit_factor":0.0},{"date":"03/11/2025","date_ts":1762128000000,"profit_abs":12.36719636,"wins":2,"draws":1,"losses":0,"trades":3,"profit_factor":0.0},{"date":"10/11/2025","date_ts":1762732800000,"profit_abs":0.0,"wins":0,"draws":0,"losses":0,"trades":0,"profit_factor":0.0},{"date":"17/11/2025","date_ts":1763337600000,"profit_abs":0.0,"wins":0,"draws":1,"losses":0,"trades":1,"profit_factor":0.0},{"date":"24/11/2025","date_ts":1763942400000,"profit_abs":4.5856912,"wins":1,"draws":0,"losses":0,"trades":1,"profit_factor":0.0},{"date":"01/12/2025","date_ts":1764547200000,"profit_abs":-16.84461568,"wins":0,"draws":0,"losses":1,"trades":1,"profit_factor":0.0},{"date":"08/12/2025","date_ts":1765152000000,"profit_abs":1.43557724,"wins":1,"draws":1,"losses":0,"trades":2,"profit_factor":0.0},{"date":"15/12/2025","date_ts":1765756800000,"profit_abs":0.12121995,"wins":1,"draws":1,"losses":0,"trades":2,"profit_factor":0.0},{"date":"22/12/2025","date_ts":1766361600000,"profit_abs":0.0,"wins":0,"draws":1,"losses":0,"trades":1,"profit_factor":0.0},{"date":"29/12/2025","date_ts":1766966400000,"profit_abs":0.0,"wins":0,"draws":0,"losses":0,"trades":0,"profit_factor":0.0},{"date":"05/01/2026","date_ts":1767571200000,"profit_abs":0.0,"wins":0,"draws":1,"losses":0,"trades":1,"profit_factor":0.0}],"month":[{"date":"31/10/2025","date_ts":1761868800000,"profit_abs":-28.79041913,"wins":3,"draws":0,"losses":3,"trades":6,"profit_factor":0.43008538},{"date":"30/11/2025","date_ts":1764460800000,"profit_abs":12.27995918,"wins":2,"draws":2,"losses":0,"trades":4,"profit_factor":0.0},{"date":"31/12/2025","date_ts":1767139200000,"profit_abs":-15.28781849,"wins":2,"draws":3,"losses":1,"trades":6,"profit_factor":0.09242106},{"date":"31/01/2026","date_ts":1769817600000,"profit_abs":0.0,"wins":0,"draws":1,"losses":0,"trades":1,"profit_factor":0.0}],"year":[{"date":"31/12/2025","date_ts":1767139200000,"profit_abs":-31.79827844,"wins":7,"draws":5,"losses":4,"trades":16,"profit_factor":0.52794714},{"date":"31/12/2026","date_ts":1798675200000,"profit_abs":0.0,"wins":0,"draws":1,"losses":0,"trades":1,"profit_factor":0.0}],"weekday":[{"date":"Monday","date_ts":0,"profit_abs":-9.1503477,"wins":1,"draws":2,"losses":1,"trades":4,"profit_factor":0.45677908},{"date":"Tuesday","date_ts":1,"profit_abs":0.0,"wins":0,"draws":1,"losses":0,"trades":1,"profit_factor":0.0},{"date":"Wednesday","date_ts":2,"profit_abs":4.5856912,"wins":1,"draws":0,"losses":0,"trades":1,"profit_factor":0.0},{"date":"Thursday","date_ts":3,"profit_abs":4.79414833,"wins":2,"draws":2,"losses":0,"trades":4,"profit_factor":0.0},{"date":"Friday","date_ts":4,"profit_abs":-49.08149677,"wins":1,"draws":1,"losses":3,"trades":5,"profit_factor":0.02841766},{"date":"Saturday","date_ts":5,"profit_abs":17.0537265,"wins":2,"draws":0,"losses":0,"trades":2,"profit_factor":0.0}]},"backtest_best_day":0.05432675808197365,"backtest_worst_day":-0.15563852626544278,"backtest_best_day_abs":17.0537265,"backtest_worst_day_abs":-50.51707401,"winning_days":6,"draw_days":76,"losing_days":2,"daily_profit":[["2025-10-10",-50.51707401],["2025-10-11",17.0537265],["2025-10-12",0.0],["2025-10-13",0.0],["2025-10-14",0.0],["2025-10-15",0.0],["2025-10-16",0.0],["2025-10-17",0.0],["2025-10-18",0.0],["2025-10-19",0.0],["2025-10-20",0.0],["2025-10-21",0.0],["2025-10-22",0.0],["2025-10-23",0.0],["2025-10-24",0.0],["2025-10-25",0.0],["2025-10-26",0.0],["2025-10-27",0.0],["2025-10-28",0.0],["2025-10-29",0.0],["2025-10-30",4.67292838],["2025-10-31",0.0],["2025-11-01",0.0],["2025-11-02",0.0],["2025-11-03",7.69426798],["2025-11-04",0.0],["2025-11-05",0.0],["2025-11-06",0.0],["2025-11-07",0.0],["2025-11-08",0.0],["2025-11-09",0.0],["2025-11-10",0.0],["2025-11-11",0.0],["2025-11-12",0.0],["2025-11-13",0.0],["2025-11-14",0.0],["2025-11-15",0.0],["2025-11-16",0.0],["2025-11-17",0.0],["2025-11-18",0.0],["2025-11-19",4.5856912],["2025-11-20",0.0],["2025-11-21",0.0],["2025-11-22",0.0],["2025-11-23",0.0],["2025-11-24",0.0],["2025-11-25",0.0],["2025-11-26",0.0],["2025-11-27",0.0],["2025-11-28",0.0],["2025-11-29",0.0],["2025-11-30",0.0],["2025-12-01",-16.84461568],["2025-12-02",0.0],["2025-12-03",0.0],["2025-12-04",0.0],["2025-12-05",1.43557724],["2025-12-06",0.0],["2025-12-07",0.0],["2025-12-08",0.0],["2025-12-09",0.0],["2025-12-10",0.0],["2025-12-11",0.12121995],["2025-12-12",0.0],["2025-12-13",0.0],["2025-12-14",0.0],["2025-12-15",0.0],["2025-12-16",0.0],["2025-12-17",0.0],["2025-12-18",0.0],["2025-12-19",0.0],["2025-12-20",0.0],["2025-12-21",0.0],["2025-12-22",0.0],["2025-12-23",0.0],["2025-12-24",0.0],["2025-12-25",0.0],["2025-12-26",0.0],["2025-12-27",0.0],["2025-12-28",0.0],["2025-12-29",0.0],["2025-12-30",0.0],["2025-12-31",0.0],["2026-01-01",0.0]],"wins":7,"losses":4,"draws":6,"winrate":0.4117647058823529,"holding_avg":"4:49:00","holding_avg_s":17340.0,"winner_holding_min":"0d 01:00","winner_holding_min_s":3600.0,"winner_holding_max":"0d 02:00","winner_holding_max_s":7200.0,"winner_holding_avg":"0d 01:51","winner_holding_avg_s":6660.0,"loser_holding_min":"0d 00:00","loser_holding_min_s":0.0,"loser_holding_max":"0d 14:00","loser_holding_max_s":50400.0,"loser_holding_avg":"0d 03:30","loser_holding_avg_s":12600.0,"max_consecutive_wins":3,"max_consecutive_losses":3,"max_drawdown_account":0.05051707400999999,"max_relative_drawdown":0.05051707400999999,"max_drawdown_abs":50.517074009999995,"drawdown_start":"2025-10-10 20:00:00","drawdown_start_ts":1760126400000.0,"drawdown_end":"2025-10-10 22:00:00","drawdown_end_ts":1760133600000.0,"drawdown_duration":"0 days 02:00:00","drawdown_duration_s":7200.0,"max_drawdown_low":-50.517074009999995,"max_drawdown_high":0.0,"csum_min":949.48292599,"csum_max":983.48954005}},"strategy_comparison":[{"key":"ACO_36_4","trades":17,"profit_mean":-0.005615947082692953,"profit_mean_pct":-0.56,"profit_total_abs":-31.798278440000004,"profit_total":-0.03179827844,"profit_total_pct":-3.18,"duration_avg":"4:49:00","wins":7,"draws":6,"losses":4,"winrate":0.4117647058823529,"cagr":-0.11449485879963017,"expectancy":-1.8704869670588238,"expectancy_ratio":-0.46401243823179683,"sortino":-29.879799749945278,"sharpe":-0.6835780300571199,"calmar":-12.397671306887588,"sqn":-0.8166,"profit_factor":0.5279471375148636,"max_drawdown_account":0.05051707400999999,"max_drawdown_abs":"50.517"}]}