{"strategy":{"ACO_73_8":{"trades":[{"pair":"DOGE/USDT","stake_amount":329.90442,"max_stake_amount":329.90442,"amount":1698.0,"open_date":"2025-10-19 11:00:00+00:00","close_date":"2025-10-19 13:00:00+00:00","open_rate":0.19429,"close_rate":0.19467896896896894,"fee_open":0.001,"fee_close":0.001,"trade_duration":120,"profit_ratio":0.0,"profit_abs":0.0,"exit_reason":"roi","initial_stop_loss_abs":0.18458,"initial_stop_loss_ratio":-0.05,"stop_loss_abs":0.18458,"stop_loss_ratio":-0.05,"min_rate":0.19259,"max_rate":0.19805,"is_open":false,"enter_tag":"","leverage":1.0,"is_short":false,"open_timestamp":1760871600000,"close_timestamp":1760878800000,"orders":[{"amount":1698.0,"safe_price":0.19429,"ft_order_side":"buy","order_filled_timestamp":1760871600000,"ft_is_entry":true,"ft_order_tag":"","cost":330.23432441999995},{"amount":1698.0,"safe_price":0.19467896896896894,"ft_order_side":"sell","order_filled_timestamp":1760878800000,"ft_is_entry":false,"ft_order_tag":"roi","cost":330.89545419861855}],"funding_fees":0.0,"weekday":6},{"pair":"DOGE/USDT","stake_amount":329.90574,"max_stake_amount":329.90574,"amount":1653.0,"open_date":"2025-10-26 10:00:00+00:00","close_date":"2025-10-26 12:00:00+00:00","open_rate":0.19958,"close_rate":0.20183,"fee_open":0.001,"fee_close":0.001,"trade_duration":120,"profit_ratio":0.009253147894294302,"profit_abs":3.05571927,"exit_reason":"roi","initial_stop_loss_abs":0.18961,"initial_stop_loss_ratio":-0.05,"stop_loss_abs":0.18961,"stop_loss_ratio":-0.05,"min_rate":0.19833,"max_rate":0.20286,"is_open":false,"enter_tag":"","leverage":1.0,"is_short":false,"open_timestamp":1761472800000,"close_timestamp":1761480000000,"orders":[{"amount":1653.0,"safe_price":0.19958,"ft_order_side":"buy","order_filled_timestamp":1761472800000,"ft_is_entry":true,"ft_order_tag":"","cost":330.23564574},{"amount":1653.0,"safe_price":0.20183,"ft_order_side":"sell","order_filled_timestamp":1761480000000,"ft_is_entry":false,"ft_order_tag":"roi","cost":333.95861499}],"funding_fees":0.0,"weekday":6},{"pair":"DOGE/USDT","stake_amount":330.94116,"max_stake_amount":330.94116,"amount":1958.0,"open_date":"2025-11-07 16:00:00+00:00","close_date":"2025-11-07 17:00:00+00:00","open_rate":0.16902,"close_rate":0.17781783783783786,"fee_open":0.001,"fee_close":0.001,"trade_duration":60,"profit_ratio":0.04995004995004995,"profit_abs":16.547058,"exit_reason":"roi","initial_stop_loss_abs":0.16057,"initial_stop_loss_ratio":-0.05,"stop_loss_abs":0.16057,"stop_loss_ratio":-0.05,"min_rate":0.16834,"max_rate":0.17978,"is_open":false,"enter_tag":"","leverage":1.0,"is_short":false,"open_timestamp":1762531200000,"close_timestamp":1762534800000,"orders":[{"amount":1958.0,"safe_price":0.16902,"ft_order_side":"buy","order_filled_timestamp":1762531200000,"ft_is_entry":true,"ft_order_tag":"","cost":331.27210116},{"amount":1958.0,"safe_price":0.17781783783783786,"ft_order_side":"sell","order_filled_timestamp":1762534800000,"ft_is_entry":false,"ft_order_tag":"roi","cost":348.51549381297303}],"funding_fees":0.0,"weekday":4}],"locks":[],"best_pair":{"key":"DOGE/USDT","trades":3,"profit_mean":0.019734399281448083,"profit_mean_pct":1.97,"profit_total_abs":19.60277727,"profit_total":0.01960277727,"profit_total_pct":1.96,"duration_avg":"1:40:00","wins":2,"draws":1,"losses":0,"winrate":0.6666666666666666,"cagr":0.07578363551125666,"expectancy":6.53425909,"expectancy_ratio":100.0,"sortino":-100,"sharpe":0.5370478120940932,"calmar":-100,"sqn":1.2854,"profit_factor":0.0,"max_drawdown_account":0.0,"max_drawdown_abs":0.0},"worst_pair":{"key":"DOGE/USDT","trades":3,"profit_mean":0.019734399281448083,"profit_mean_pct":1.97,"profit_total_abs":19.60277727,"profit_total":0.01960277727,"profit_total_pct":1.96,"duration_avg":"1:40:00","wins":2,"draws":1,"losses":0,"winrate":0.6666666666666666,"cagr":0.07578363551125666,"expectancy":6.53425909,"expectancy_ratio":100.0,"sortino":-100,"sharpe":0.5370478120940932,"calmar":-100,"sqn":1.2854,"profit_factor":0.0,"max_drawdown_account":0.0,"max_drawdown_abs":0.0},"results_per_pair":[{"key":"DOGE/USDT","trades":3,"profit_mean":0.019734399281448083,"profit_mean_pct":1.97,"profit_total_abs":19.60277727,"profit_total":0.01960277727,"profit_total_pct":1.96,"duration_avg":"1:40:00","wins":2,"draws":1,"losses":0,"winrate":0.6666666666666666,"cagr":0.07578363551125666,"expectancy":6.53425909,"expectancy_ratio":100.0,"sortino":-100,"sharpe":0.5370478120940932,"calmar":-100,"sqn":1.2854,"profit_factor":0.0,"max_drawdown_account":0.0,"max_drawdown_abs":0.0},{"key":"TOTAL","trades":3,"profit_mean":0.019734399281448083,"profit_mean_pct":1.97,"profit_total_abs":19.60277727,"profit_total":0.01960277727,"profit_total_pct":1.96,"duration_avg":"1:40:00","wins":2,"draws":1,"losses":0,"winrate":0.6666666666666666,"cagr":0.07578363551125666,"expectancy":6.53425909,"expectancy_ratio":100.0,"sortino":-100,"sharpe":0.5370478120940932,"calmar":-100,"sqn":1.2854,"profit_factor":0.0,"max_drawdown_account":0.0,"max_drawdown_abs":0.0}],"results_per_enter_tag":[{"key":"","trades":3,"profit_mean":0.019734399281448083,"profit_mean_pct":1.97,"profit_total_abs":19.60277727,"profit_total":0.01960277727,"profit_total_pct":1.96,"duration_avg":"1:40:00","wins":2,"draws":1,"losses":0,"winrate":0.6666666666666666,"cagr":0.07578363551125666,"expectancy":6.53425909,"expectancy_ratio":100.0,"sortino":-100,"sharpe":0.5370478120940932,"calmar":-100,"sqn":1.2854,"profit_factor":0.0,"max_drawdown_account":0.0,"max_drawdown_abs":0.0},{"key":"TOTAL","trades":3,"profit_mean":0.019734399281448083,"profit_mean_pct":1.97,"profit_total_abs":19.60277727,"profit_total":0.01960277727,"profit_total_pct":1.96,"duration_avg":"1:40:00","wins":2,"draws":1,"losses":0,"winrate":0.6666666666666666,"cagr":0.07578363551125666,"expectancy":6.53425909,"expectancy_ratio":100.0,"sortino":-100,"sharpe":0.5370478120940932,"calmar":-100,"sqn":1.2854,"profit_factor":0.0,"max_drawdown_account":0.0,"max_drawdown_abs":0.0}],"exit_reason_summary":[{"key":"roi","trades":3,"profit_mean":0.019734399281448083,"profit_mean_pct":1.97,"profit_total_abs":19.60277727,"profit_total":0.01960277727,"profit_total_pct":1.96,"duration_avg":"1:40:00","wins":2,"draws":1,"losses":0,"winrate":0.6666666666666666,"cagr":0.07578363551125666,"expectancy":6.53425909,"expectancy_ratio":100.0,"sortino":-100,"sharpe":0.5370478120940932,"calmar":-100,"sqn":1.2854,"profit_factor":0.0,"max_drawdown_account":0.0,"max_drawdown_abs":0.0},{"key":"TOTAL","trades":3,"profit_mean":0.019734399281448083,"profit_mean_pct":1.97,"profit_total_abs":19.60277727,"profit_total":0.01960277727,"profit_total_pct":1.96,"duration_avg":"1:40:00","wins":2,"draws":1,"losses":0,"winrate":0.6666666666666666,"cagr":0.07578363551125666,"expectancy":6.53425909,"expectancy_ratio":100.0,"sortino":-100,"sharpe":0.5370478120940932,"calmar":-100,"sqn":1.2854,"profit_factor":0.0,"max_drawdown_account":0.0,"max_drawdown_abs":0.0}],"mix_tag_stats":[{"key":["","roi"],"trades":3,"profit_mean":0.019734399281448083,"profit_mean_pct":1.97,"profit_total_abs":19.60277727,"profit_total":0.01960277727,"profit_total_pct":1.96,"duration_avg":"1:40:00","wins":2,"draws":1,"losses":0,"winrate":0.6666666666666666,"cagr":0.07578363551125666,"expectancy":6.53425909,"expectancy_ratio":100.0,"sortino":-100,"sharpe":0.5370478120940932,"calmar":-100,"sqn":1.2854,"profit_factor":0.0,"max_drawdown_account":0.0,"max_drawdown_abs":0.0},{"key":"TOTAL","trades":3,"profit_mean":0.019734399281448083,"profit_mean_pct":1.97,"profit_total_abs":19.60277727,"profit_total":0.01960277727,"profit_total_pct":1.96,"duration_avg":"1:40:00","wins":2,"draws":1,"losses":0,"winrate":0.6666666666666666,"cagr":0.07578363551125666,"expectancy":6.53425909,"expectancy_ratio":100.0,"sortino":-100,"sharpe":0.5370478120940932,"calmar":-100,"sqn":1.2854,"profit_factor":0.0,"max_drawdown_account":0.0,"max_drawdown_abs":0.0}],"left_open_trades":[{"key":"TOTAL","trades":0,"profit_mean":0.0,"profit_mean_pct":0.0,"profit_total_abs":0.0,"profit_total":0.0,"profit_total_pct":0.0,"duration_avg":"0:00","wins":0,"draws":0,"losses":0,"winrate":0.0,"cagr":0.0,"expectancy":0.0,"expectancy_ratio":100.0,"sortino":0,"sharpe":0,"calmar":0,"sqn":0.0,"profit_factor":0.0,"max_drawdown_account":0.0,"max_drawdown_abs":0.0}],"total_trades":3,"trade_count_long":3,"trade_count_short":0,"total_volume":2005.1116343215915,"avg_stake_amount":330.25044,"profit_mean":0.019734399281448083,"profit_median":0.009253147894294302,"profit_total":0.01960277727,"profit_total_long":0.01960277727,"profit_total_short":0.0,"profit_total_abs":19.60277727,"profit_total_long_abs":19.60277727,"profit_total_short_abs":0.0,"cagr":0.07578363551125666,"expectancy":6.53425909,"expectancy_ratio":100.0,"sortino":-100,"sharpe":0.5370478120940932,"calmar":-100,"sqn":1.2854,"profit_factor":0.0,"backtest_start":"2025-10-01 00:00:00","backtest_start_ts":1759276800000,"backtest_end":"2026-01-06 20:00:00","backtest_end_ts":1767729600000,"backtest_days":97,"backtest_run_start_ts":1767746069,"backtest_run_end_ts":1767746069,"trades_per_day":0.03,"market_change":-0.36632086436227446,"pairlist":["DOGE/USDT"],"stake_amount":"unlimited","stake_currency":"USDT","stake_currency_decimals":3,"starting_balance":1000,"dry_run_wallet":1000,"final_balance":1019.60277727,"rejected_signals":0,"timedout_entry_orders":0,"timedout_exit_orders":0,"canceled_trade_entries":0,"canceled_entry_orders":0,"replaced_entry_orders":0,"max_open_trades":1,"max_open_trades_setting":3,"timeframe":"1h","timeframe_detail":"","timerange":"20251001-","enable_protections":false,"strategy_name":"ACO_73_8","freqaimodel":null,"freqai_identifier":null,"stoploss":-0.05,"trailing_stop":false,"trailing_stop_positive":null,"trailing_stop_positive_offset":0.0,"trailing_only_offset_is_reached":false,"use_custom_stoploss":false,"minimal_roi":{"0":0.1,"60":0.05,"120":0.0},"use_exit_signal":true,"exit_profit_only":false,"exit_profit_offset":0.0,"ignore_roi_if_entry_signal":false,"trading_mode":"spot","margin_mode":"","periodic_breakdown":{"day":[{"date":"19/10/2025","date_ts":1760832000000,"profit_abs":0.0,"wins":0,"draws":1,"losses":0,"trades":1,"profit_factor":0.0},{"date":"20/10/2025","date_ts":1760918400000,"profit_abs":0.0,"wins":0,"draws":0,"losses":0,"trades":0,"profit_factor":0.0},{"date":"21/10/2025","date_ts":1761004800000,"profit_abs":0.0,"wins":0,"draws":0,"losses":0,"trades":0,"profit_factor":0.0},{"date":"22/10/2025","date_ts":1761091200000,"profit_abs":0.0,"wins":0,"draws":0,"losses":0,"trades":0,"profit_factor":0.0},{"date":"23/10/2025","date_ts":1761177600000,"profit_abs":0.0,"wins":0,"draws":0,"losses":0,"trades":0,"profit_factor":0.0},{"date":"24/10/2025","date_ts":1761264000000,"profit_abs":0.0,"wins":0,"draws":0,"losses":0,"trades":0,"profit_factor":0.0},{"date":"25/10/2025","date_ts":1761350400000,"profit_abs":0.0,"wins":0,"draws":0,"losses":0,"trades":0,"profit_factor":0.0},{"date":"26/10/2025","date_ts":1761436800000,"profit_abs":3.05571927,"wins":1,"draws":0,"losses":0,"trades":1,"profit_factor":0.0},{"date":"27/10/2025","date_ts":1761523200000,"profit_abs":0.0,"wins":0,"draws":0,"losses":0,"trades":0,"profit_factor":0.0},{"date":"28/10/2025","date_ts":1761609600000,"profit_abs":0.0,"wins":0,"draws":0,"losses":0,"trades":0,"profit_factor":0.0},{"date":"29/10/2025","date_ts":1761696000000,"profit_abs":0.0,"wins":0,"draws":0,"losses":0,"trades":0,"profit_factor":0.0},{"date":"30/10/2025","date_ts":1761782400000,"profit_abs":0.0,"wins":0,"draws":0,"losses":0,"trades":0,"profit_factor":0.0},{"date":"31/10/2025","date_ts":1761868800000,"profit_abs":0.0,"wins":0,"draws":0,"losses":0,"trades":0,"profit_factor":0.0},{"date":"01/11/2025","date_ts":1761955200000,"profit_abs":0.0,"wins":0,"draws":0,"losses":0,"trades":0,"profit_factor":0.0},{"date":"02/11/2025","date_ts":1762041600000,"profit_abs":0.0,"wins":0,"draws":0,"losses":0,"trades":0,"profit_factor":0.0},{"date":"03/11/2025","date_ts":1762128000000,"profit_abs":0.0,"wins":0,"draws":0,"losses":0,"trades":0,"profit_factor":0.0},{"date":"04/11/2025","date_ts":1762214400000,"profit_abs":0.0,"wins":0,"draws":0,"losses":0,"trades":0,"profit_factor":0.0},{"date":"05/11/2025","date_ts":1762300800000,"profit_abs":0.0,"wins":0,"draws":0,"losses":0,"trades":0,"profit_factor":0.0},{"date":"06/11/2025","date_ts":1762387200000,"profit_abs":0.0,"wins":0,"draws":0,"losses":0,"trades":0,"profit_factor":0.0},{"date":"07/11/2025","date_ts":1762473600000,"profit_abs":16.547058,"wins":1,"draws":0,"losses":0,"trades":1,"profit_factor":0.0}],"week":[{"date":"20/10/2025","date_ts":1760918400000,"profit_abs":0.0,"wins":0,"draws":1,"losses":0,"trades":1,"profit_factor":0.0},{"date":"27/10/2025","date_ts":1761523200000,"profit_abs":3.05571927,"wins":1,"draws":0,"losses":0,"trades":1,"profit_factor":0.0},{"date":"03/11/2025","date_ts":1762128000000,"profit_abs":0.0,"wins":0,"draws":0,"losses":0,"trades":0,"profit_factor":0.0},{"date":"10/11/2025","date_ts":1762732800000,"profit_abs":16.547058,"wins":1,"draws":0,"losses":0,"trades":1,"profit_factor":0.0}],"month":[{"date":"31/10/2025","date_ts":1761868800000,"profit_abs":3.05571927,"wins":1,"draws":1,"losses":0,"trades":2,"profit_factor":0.0},{"date":"30/11/2025","date_ts":1764460800000,"profit_abs":16.547058,"wins":1,"draws":0,"losses":0,"trades":1,"profit_factor":0.0}],"year":[{"date":"31/12/2025","date_ts":1767139200000,"profit_abs":19.60277727,"wins":2,"draws":1,"losses":0,"trades":3,"profit_factor":0.0}],"weekday":[{"date":"Friday","date_ts":4,"profit_abs":16.547058,"wins":1,"draws":0,"losses":0,"trades":1,"profit_factor":0.0},{"date":"Sunday","date_ts":6,"profit_abs":3.05571927,"wins":1,"draws":1,"losses":0,"trades":2,"profit_factor":0.0}]},"backtest_best_day":0.04995004995004995,"backtest_worst_day":0.0,"backtest_best_day_abs":16.547058,"backtest_worst_day_abs":0.0,"winning_days":2,"draw_days":18,"losing_days":0,"daily_profit":[["2025-10-19",0.0],["2025-10-20",0.0],["2025-10-21",0.0],["2025-10-22",0.0],["2025-10-23",0.0],["2025-10-24",0.0],["2025-10-25",0.0],["2025-10-26",3.05571927],["2025-10-27",0.0],["2025-10-28",0.0],["2025-10-29",0.0],["2025-10-30",0.0],["2025-10-31",0.0],["2025-11-01",0.0],["2025-11-02",0.0],["2025-11-03",0.0],["2025-11-04",0.0],["2025-11-05",0.0],["2025-11-06",0.0],["2025-11-07",16.547058]],"wins":2,"losses":0,"draws":1,"winrate":0.6666666666666666,"holding_avg":"1:40:00","holding_avg_s":6000.0,"winner_holding_min":"0d 01:00","winner_holding_min_s":3600.0,"winner_holding_max":"0d 02:00","winner_holding_max_s":7200.0,"winner_holding_avg":"0d 01:30","winner_holding_avg_s":5400.0,"loser_holding_min":"0d 00:00","loser_holding_min_s":0.0,"loser_holding_max":"0d 00:00","loser_holding_max_s":0.0,"loser_holding_avg":"0d 00:00","loser_holding_avg_s":0.0,"max_consecutive_wins":2,"max_consecutive_losses":1,"max_drawdown_account":0.0,"max_relative_drawdown":0.0,"max_drawdown_abs":0.0,"drawdown_start":"2025-10-19 13:00:00","drawdown_start_ts":1760878800000.0,"drawdown_end":"2025-10-19 13:00:00","drawdown_end_ts":1760878800000.0,"drawdown_duration":"0 days 00:00:00","drawdown_duration_s":0.0,"max_drawdown_low":0.0,"max_drawdown_high":0.0,"csum_min":1000.0,"csum_max":1019.60277727}},"strategy_comparison":[{"key":"ACO_73_8","trades":3,"profit_mean":0.019734399281448083,"profit_mean_pct":1.97,"profit_total_abs":19.60277727,"profit_total":0.01960277727,"profit_total_pct":1.96,"duration_avg":"1:40:00","wins":2,"draws":1,"losses":0,"winrate":0.6666666666666666,"cagr":0.07578363551125666,"expectancy":6.53425909,"expectancy_ratio":100.0,"sortino":-100,"sharpe":0.5370478120940932,"calmar":-100,"sqn":1.2854,"profit_factor":0.0,"max_drawdown_account":0.0,"max_drawdown_abs":"0"}]}