{"strategy":{"ACO_38_5":{"trades":[{"pair":"DOGE/USDT","stake_amount":329.8752,"max_stake_amount":329.8752,"amount":1656.0,"open_date":"2025-10-20 04:00:00+00:00","close_date":"2025-10-20 06:00:00+00:00","open_rate":0.1992,"close_rate":0.20135,"fee_open":0.001,"fee_close":0.001,"trade_duration":120,"profit_ratio":0.008773605912160129,"profit_abs":2.8970892,"exit_reason":"roi","initial_stop_loss_abs":0.18924,"initial_stop_loss_ratio":-0.05,"stop_loss_abs":0.18924,"stop_loss_ratio":-0.05,"min_rate":0.1992,"max_rate":0.20249,"is_open":false,"enter_tag":"","leverage":1.0,"is_short":false,"open_timestamp":1760932800000,"close_timestamp":1760940000000,"orders":[{"amount":1656.0,"safe_price":0.1992,"ft_order_side":"buy","order_filled_timestamp":1760932800000,"ft_is_entry":true,"ft_order_tag":"","cost":330.20507519999995},{"amount":1656.0,"safe_price":0.20135,"ft_order_side":"sell","order_filled_timestamp":1760940000000,"ft_is_entry":false,"ft_order_tag":"roi","cost":333.7690356}],"funding_fees":0.0,"weekday":0},{"pair":"DOGE/USDT","stake_amount":330.90364,"max_stake_amount":330.90364,"amount":1658.0,"open_date":"2025-10-26 10:00:00+00:00","close_date":"2025-10-26 12:00:00+00:00","open_rate":0.19958,"close_rate":0.20183,"fee_open":0.001,"fee_close":0.001,"trade_duration":120,"profit_ratio":0.009253147894294302,"profit_abs":3.06496222,"exit_reason":"roi","initial_stop_loss_abs":0.18961,"initial_stop_loss_ratio":-0.05,"stop_loss_abs":0.18961,"stop_loss_ratio":-0.05,"min_rate":0.19833,"max_rate":0.20286,"is_open":false,"enter_tag":"","leverage":1.0,"is_short":false,"open_timestamp":1761472800000,"close_timestamp":1761480000000,"orders":[{"amount":1658.0,"safe_price":0.19958,"ft_order_side":"buy","order_filled_timestamp":1761472800000,"ft_is_entry":true,"ft_order_tag":"","cost":331.23454363999997},{"amount":1658.0,"safe_price":0.20183,"ft_order_side":"sell","order_filled_timestamp":1761480000000,"ft_is_entry":false,"ft_order_tag":"roi","cost":334.96877414}],"funding_fees":0.0,"weekday":6},{"pair":"DOGE/USDT","stake_amount":331.80618,"max_stake_amount":331.80618,"amount":1698.0,"open_date":"2025-10-29 12:00:00+00:00","close_date":"2025-10-29 17:00:00+00:00","open_rate":0.19541,"close_rate":0.1958012112112112,"fee_open":0.001,"fee_close":0.001,"trade_duration":300,"profit_ratio":0.0,"profit_abs":0.0,"exit_reason":"roi","initial_stop_loss_abs":0.18564,"initial_stop_loss_ratio":-0.05,"stop_loss_abs":0.18564,"stop_loss_ratio":-0.05,"min_rate":0.19022,"max_rate":0.19728,"is_open":false,"enter_tag":"","leverage":1.0,"is_short":false,"open_timestamp":1761739200000,"close_timestamp":1761757200000,"orders":[{"amount":1698.0,"safe_price":0.19541,"ft_order_side":"buy","order_filled_timestamp":1761739200000,"ft_is_entry":true,"ft_order_tag":"","cost":332.1379861799999},{"amount":1698.0,"safe_price":0.1958012112112112,"ft_order_side":"sell","order_filled_timestamp":1761757200000,"ft_is_entry":false,"ft_order_tag":"roi","cost":332.8029270932732}],"funding_fees":0.0,"weekday":2},{"pair":"DOGE/USDT","stake_amount":331.8903,"max_stake_amount":331.8903,"amount":1895.0,"open_date":"2025-11-12 10:00:00+00:00","close_date":"2025-11-12 12:00:00+00:00","open_rate":0.17514,"close_rate":0.17623,"fee_open":0.001,"fee_close":0.001,"trade_duration":120,"profit_ratio":0.004213155806167111,"profit_abs":1.39970385,"exit_reason":"roi","initial_stop_loss_abs":0.16639,"initial_stop_loss_ratio":-0.05,"stop_loss_abs":0.16639,"stop_loss_ratio":-0.05,"min_rate":0.1751,"max_rate":0.17713,"is_open":false,"enter_tag":"","leverage":1.0,"is_short":false,"open_timestamp":1762941600000,"close_timestamp":1762948800000,"orders":[{"amount":1895.0,"safe_price":0.17514,"ft_order_side":"buy","order_filled_timestamp":1762941600000,"ft_is_entry":true,"ft_order_tag":"","cost":332.2221902999999},{"amount":1895.0,"safe_price":0.17623,"ft_order_side":"sell","order_filled_timestamp":1762948800000,"ft_is_entry":false,"ft_order_tag":"roi","cost":334.28980584999994}],"funding_fees":0.0,"weekday":2},{"pair":"DOGE/USDT","stake_amount":332.36035,"max_stake_amount":332.36035,"amount":2185.0,"open_date":"2025-11-24 18:00:00+00:00","close_date":"2025-11-24 20:00:00+00:00","open_rate":0.15211,"close_rate":0.15249,"fee_open":0.001,"fee_close":0.001,"trade_duration":120,"profit_ratio":0.0004951987070191001,"profit_abs":0.164749,"exit_reason":"roi","initial_stop_loss_abs":0.14451,"initial_stop_loss_ratio":-0.05,"stop_loss_abs":0.14451,"stop_loss_ratio":-0.05,"min_rate":0.15174,"max_rate":0.15397,"is_open":false,"enter_tag":"","leverage":1.0,"is_short":false,"open_timestamp":1764007200000,"close_timestamp":1764014400000,"orders":[{"amount":2185.0,"safe_price":0.15211,"ft_order_side":"buy","order_filled_timestamp":1764007200000,"ft_is_entry":true,"ft_order_tag":"","cost":332.69271034999997},{"amount":2185.0,"safe_price":0.15249,"ft_order_side":"sell","order_filled_timestamp":1764014400000,"ft_is_entry":false,"ft_order_tag":"roi","cost":333.5238406499999}],"funding_fees":0.0,"weekday":0},{"pair":"DOGE/USDT","stake_amount":332.48355,"max_stake_amount":332.48355,"amount":2135.0,"open_date":"2025-11-26 18:00:00+00:00","close_date":"2025-11-26 20:00:00+00:00","open_rate":0.15573,"close_rate":0.15604177177177178,"fee_open":0.001,"fee_close":0.001,"trade_duration":120,"profit_ratio":0.0,"profit_abs":0.0,"exit_reason":"roi","initial_stop_loss_abs":0.14795,"initial_stop_loss_ratio":-0.05,"stop_loss_abs":0.14795,"stop_loss_ratio":-0.05,"min_rate":0.15507,"max_rate":0.15681,"is_open":false,"enter_tag":"","leverage":1.0,"is_short":false,"open_timestamp":1764180000000,"close_timestamp":1764187200000,"orders":[{"amount":2135.0,"safe_price":0.15573,"ft_order_side":"buy","order_filled_timestamp":1764180000000,"ft_is_entry":true,"ft_order_tag":"","cost":332.81603355},{"amount":2135.0,"safe_price":0.15604177177177178,"ft_order_side":"sell","order_filled_timestamp":1764187200000,"ft_is_entry":false,"ft_order_tag":"roi","cost":333.48233191546547}],"funding_fees":0.0,"weekday":2},{"pair":"DOGE/USDT","stake_amount":332.3936,"max_stake_amount":332.3936,"amount":2272.0,"open_date":"2025-12-09 16:00:00+00:00","close_date":"2025-12-09 18:00:00+00:00","open_rate":0.1463,"close_rate":0.15095,"fee_open":0.001,"fee_close":0.001,"trade_duration":120,"profit_ratio":0.029722498963783997,"profit_abs":9.889448,"exit_reason":"roi","initial_stop_loss_abs":0.13899,"initial_stop_loss_ratio":-0.05,"stop_loss_abs":0.13899,"stop_loss_ratio":-0.05,"min_rate":0.1463,"max_rate":0.15319,"is_open":false,"enter_tag":"","leverage":1.0,"is_short":false,"open_timestamp":1765296000000,"close_timestamp":1765303200000,"orders":[{"amount":2272.0,"safe_price":0.1463,"ft_order_side":"buy","order_filled_timestamp":1765296000000,"ft_is_entry":true,"ft_order_tag":"","cost":332.72599360000004},{"amount":2272.0,"safe_price":0.15095,"ft_order_side":"sell","order_filled_timestamp":1765303200000,"ft_is_entry":false,"ft_order_tag":"roi","cost":343.30135839999997}],"funding_fees":0.0,"weekday":1},{"pair":"DOGE/USDT","stake_amount":335.67534,"max_stake_amount":335.67534,"amount":2457.0,"open_date":"2025-12-15 03:00:00+00:00","close_date":"2025-12-15 05:00:00+00:00","open_rate":0.13662,"close_rate":0.13689351351351348,"fee_open":0.001,"fee_close":0.001,"trade_duration":120,"profit_ratio":0.0,"profit_abs":0.0,"exit_reason":"roi","initial_stop_loss_abs":0.12979,"initial_stop_loss_ratio":-0.05,"stop_loss_abs":0.12979,"stop_loss_ratio":-0.05,"min_rate":0.13601,"max_rate":0.13725,"is_open":false,"enter_tag":"","leverage":1.0,"is_short":false,"open_timestamp":1765767600000,"close_timestamp":1765774800000,"orders":[{"amount":2457.0,"safe_price":0.13662,"ft_order_side":"buy","order_filled_timestamp":1765767600000,"ft_is_entry":true,"ft_order_tag":"","cost":336.01101534},{"amount":2457.0,"safe_price":0.13689351351351348,"ft_order_side":"sell","order_filled_timestamp":1765774800000,"ft_is_entry":false,"ft_order_tag":"roi","cost":336.68371006540525}],"funding_fees":0.0,"weekday":0},{"pair":"DOGE/USDT","stake_amount":335.66208,"max_stake_amount":335.66208,"amount":2496.0,"open_date":"2025-12-17 15:00:00+00:00","close_date":"2025-12-17 16:00:00+00:00","open_rate":0.13448,"close_rate":0.12776,"fee_open":0.001,"fee_close":0.001,"trade_duration":60,"profit_ratio":-0.05186841712719166,"profit_abs":-17.42767104,"exit_reason":"stop_loss","initial_stop_loss_abs":0.12776,"initial_stop_loss_ratio":-0.05,"stop_loss_abs":0.12776,"stop_loss_ratio":-0.05,"min_rate":0.12583,"max_rate":0.13631,"is_open":false,"enter_tag":"","leverage":1.0,"is_short":false,"open_timestamp":1765983600000,"close_timestamp":1765987200000,"orders":[{"amount":2496.0,"safe_price":0.13448,"ft_order_side":"buy","order_filled_timestamp":1765983600000,"ft_is_entry":true,"ft_order_tag":"","cost":335.9977420799999},{"amount":2496.0,"safe_price":0.12776,"ft_order_side":"sell","order_filled_timestamp":1765987200000,"ft_is_entry":false,"ft_order_tag":"stop_loss","cost":319.20784896000004}],"funding_fees":0.0,"weekday":2},{"pair":"DOGE/USDT","stake_amount":329.99418,"max_stake_amount":329.99418,"amount":2637.0,"open_date":"2025-12-29 01:00:00+00:00","close_date":"2025-12-29 03:00:00+00:00","open_rate":0.12514,"close_rate":0.12639,"fee_open":0.001,"fee_close":0.001,"trade_duration":120,"profit_ratio":0.007970852864571899,"profit_abs":2.63296539,"exit_reason":"roi","initial_stop_loss_abs":0.11889,"initial_stop_loss_ratio":-0.05,"stop_loss_abs":0.11889,"stop_loss_ratio":-0.05,"min_rate":0.12437,"max_rate":0.12777,"is_open":false,"enter_tag":"","leverage":1.0,"is_short":false,"open_timestamp":1766970000000,"close_timestamp":1766977200000,"orders":[{"amount":2637.0,"safe_price":0.12514,"ft_order_side":"buy","order_filled_timestamp":1766970000000,"ft_is_entry":true,"ft_order_tag":"","cost":330.32417418},{"amount":2637.0,"safe_price":0.12639,"ft_order_side":"sell","order_filled_timestamp":1766977200000,"ft_is_entry":false,"ft_order_tag":"roi","cost":333.62372043}],"funding_fees":0.0,"weekday":0},{"pair":"DOGE/USDT","stake_amount":330.84964,"max_stake_amount":330.84964,"amount":2657.0,"open_date":"2025-12-30 09:00:00+00:00","close_date":"2025-12-30 11:00:00+00:00","open_rate":0.12452,"close_rate":0.12476928928928928,"fee_open":0.001,"fee_close":0.001,"trade_duration":120,"profit_ratio":0.0,"profit_abs":0.0,"exit_reason":"roi","initial_stop_loss_abs":0.1183,"initial_stop_loss_ratio":-0.05,"stop_loss_abs":0.1183,"stop_loss_ratio":-0.05,"min_rate":0.1243,"max_rate":0.12525,"is_open":false,"enter_tag":"","leverage":1.0,"is_short":false,"open_timestamp":1767085200000,"close_timestamp":1767092400000,"orders":[{"amount":2657.0,"safe_price":0.12452,"ft_order_side":"buy","order_filled_timestamp":1767085200000,"ft_is_entry":true,"ft_order_tag":"","cost":331.18048963999996},{"amount":2657.0,"safe_price":0.12476928928928928,"ft_order_side":"sell","order_filled_timestamp":1767092400000,"ft_is_entry":false,"ft_order_tag":"roi","cost":331.84351364328325}],"funding_fees":0.0,"weekday":1}],"locks":[],"best_pair":{"key":"DOGE/USDT","trades":11,"profit_mean":0.0007781857291640801,"profit_mean_pct":0.08,"profit_total_abs":2.621246619999998,"profit_total":0.002621246619999998,"profit_total_pct":0.26,"duration_avg":"2:11:00","wins":6,"draws":4,"losses":1,"winrate":0.5454545454545454,"cagr":0.009899225406531764,"expectancy":0.23829514727272683,"expectancy_ratio":-0.34996298486270017,"sortino":-100,"sharpe":0.08280506892134384,"calmar":3.0139897460000338,"sqn":0.1209,"profit_factor":1.150407166510299,"max_drawdown_account":0.017129347147660155,"max_drawdown_abs":17.42767104},"worst_pair":{"key":"DOGE/USDT","trades":11,"profit_mean":0.0007781857291640801,"profit_mean_pct":0.08,"profit_total_abs":2.621246619999998,"profit_total":0.002621246619999998,"profit_total_pct":0.26,"duration_avg":"2:11:00","wins":6,"draws":4,"losses":1,"winrate":0.5454545454545454,"cagr":0.009899225406531764,"expectancy":0.23829514727272683,"expectancy_ratio":-0.34996298486270017,"sortino":-100,"sharpe":0.08280506892134384,"calmar":3.0139897460000338,"sqn":0.1209,"profit_factor":1.150407166510299,"max_drawdown_account":0.017129347147660155,"max_drawdown_abs":17.42767104},"results_per_pair":[{"key":"DOGE/USDT","trades":11,"profit_mean":0.0007781857291640801,"profit_mean_pct":0.08,"profit_total_abs":2.621246619999998,"profit_total":0.002621246619999998,"profit_total_pct":0.26,"duration_avg":"2:11:00","wins":6,"draws":4,"losses":1,"winrate":0.5454545454545454,"cagr":0.009899225406531764,"expectancy":0.23829514727272683,"expectancy_ratio":-0.34996298486270017,"sortino":-100,"sharpe":0.08280506892134384,"calmar":3.0139897460000338,"sqn":0.1209,"profit_factor":1.150407166510299,"max_drawdown_account":0.017129347147660155,"max_drawdown_abs":17.42767104},{"key":"TOTAL","trades":11,"profit_mean":0.0007781857291640801,"profit_mean_pct":0.08,"profit_total_abs":2.621246619999998,"profit_total":0.002621246619999998,"profit_total_pct":0.26,"duration_avg":"2:11:00","wins":6,"draws":4,"losses":1,"winrate":0.5454545454545454,"cagr":0.009899225406531764,"expectancy":0.23829514727272683,"expectancy_ratio":-0.34996298486270017,"sortino":-100,"sharpe":0.08280506892134384,"calmar":3.0139897460000338,"sqn":0.1209,"profit_factor":1.150407166510299,"max_drawdown_account":0.017129347147660155,"max_drawdown_abs":17.42767104}],"results_per_enter_tag":[{"key":"","trades":11,"profit_mean":0.0007781857291640801,"profit_mean_pct":0.08,"profit_total_abs":2.621246619999998,"profit_total":0.002621246619999998,"profit_total_pct":0.26,"duration_avg":"2:11:00","wins":6,"draws":4,"losses":1,"winrate":0.5454545454545454,"cagr":0.009899225406531764,"expectancy":0.23829514727272683,"expectancy_ratio":-0.34996298486270017,"sortino":-100,"sharpe":0.08280506892134384,"calmar":3.0139897460000338,"sqn":0.1209,"profit_factor":1.150407166510299,"max_drawdown_account":0.017129347147660155,"max_drawdown_abs":17.42767104},{"key":"TOTAL","trades":11,"profit_mean":0.0007781857291640801,"profit_mean_pct":0.08,"profit_total_abs":2.621246619999998,"profit_total":0.002621246619999998,"profit_total_pct":0.26,"duration_avg":"2:11:00","wins":6,"draws":4,"losses":1,"winrate":0.5454545454545454,"cagr":0.009899225406531764,"expectancy":0.23829514727272683,"expectancy_ratio":-0.34996298486270017,"sortino":-100,"sharpe":0.08280506892134384,"calmar":3.0139897460000338,"sqn":0.1209,"profit_factor":1.150407166510299,"max_drawdown_account":0.017129347147660155,"max_drawdown_abs":17.42767104}],"exit_reason_summary":[{"key":"roi","trades":10,"profit_mean":0.006042846014799654,"profit_mean_pct":0.6,"profit_total_abs":20.048917659999997,"profit_total":0.02004891766,"profit_total_pct":2.0,"duration_avg":"2:18:00","wins":6,"draws":4,"losses":0,"winrate":0.6,"cagr":0.07755598392990071,"expectancy":2.0048917659999996,"expectancy_ratio":100.0,"sortino":-100,"sharpe":1.359950079585988,"calmar":-100,"sqn":2.0714,"profit_factor":0.0,"max_drawdown_account":0.0,"max_drawdown_abs":0.0},{"key":"stop_loss","trades":1,"profit_mean":-0.05186841712719166,"profit_mean_pct":-5.19,"profit_total_abs":-17.42767104,"profit_total":-0.01742767104,"profit_total_pct":-1.74,"duration_avg":"1:00:00","wins":0,"draws":0,"losses":1,"winrate":0.0,"cagr":-0.0640156436863667,"expectancy":-17.42767104,"expectancy_ratio":-1.0,"sortino":-100,"sharpe":-100,"calmar":-19.695848633549332,"sqn":-100.0,"profit_factor":0.0,"max_drawdown_account":0.01742767103999995,"max_drawdown_abs":17.42767104},{"key":"TOTAL","trades":11,"profit_mean":0.0007781857291640801,"profit_mean_pct":0.08,"profit_total_abs":2.621246619999998,"profit_total":0.002621246619999998,"profit_total_pct":0.26,"duration_avg":"2:11:00","wins":6,"draws":4,"losses":1,"winrate":0.5454545454545454,"cagr":0.009899225406531764,"expectancy":0.23829514727272683,"expectancy_ratio":-0.34996298486270017,"sortino":-100,"sharpe":0.08280506892134384,"calmar":3.0139897460000338,"sqn":0.1209,"profit_factor":1.150407166510299,"max_drawdown_account":0.017129347147660155,"max_drawdown_abs":17.42767104}],"mix_tag_stats":[{"key":["","roi"],"trades":10,"profit_mean":0.006042846014799654,"profit_mean_pct":0.6,"profit_total_abs":20.048917659999997,"profit_total":0.02004891766,"profit_total_pct":2.0,"duration_avg":"2:18:00","wins":6,"draws":4,"losses":0,"winrate":0.6,"cagr":0.07755598392990071,"expectancy":2.0048917659999996,"expectancy_ratio":100.0,"sortino":-100,"sharpe":1.359950079585988,"calmar":-100,"sqn":2.0714,"profit_factor":0.0,"max_drawdown_account":0.0,"max_drawdown_abs":0.0},{"key":["","stop_loss"],"trades":1,"profit_mean":-0.05186841712719166,"profit_mean_pct":-5.19,"profit_total_abs":-17.42767104,"profit_total":-0.01742767104,"profit_total_pct":-1.74,"duration_avg":"1:00:00","wins":0,"draws":0,"losses":1,"winrate":0.0,"cagr":-0.0640156436863667,"expectancy":-17.42767104,"expectancy_ratio":-1.0,"sortino":-100,"sharpe":-100,"calmar":-19.695848633549332,"sqn":-100.0,"profit_factor":0.0,"max_drawdown_account":0.01742767103999995,"max_drawdown_abs":17.42767104},{"key":"TOTAL","trades":11,"profit_mean":0.0007781857291640801,"profit_mean_pct":0.08,"profit_total_abs":2.621246619999998,"profit_total":0.002621246619999998,"profit_total_pct":0.26,"duration_avg":"2:11:00","wins":6,"draws":4,"losses":1,"winrate":0.5454545454545454,"cagr":0.009899225406531764,"expectancy":0.23829514727272683,"expectancy_ratio":-0.34996298486270017,"sortino":-100,"sharpe":0.08280506892134384,"calmar":3.0139897460000338,"sqn":0.1209,"profit_factor":1.150407166510299,"max_drawdown_account":0.017129347147660155,"max_drawdown_abs":17.42767104}],"left_open_trades":[{"key":"TOTAL","trades":0,"profit_mean":0.0,"profit_mean_pct":0.0,"profit_total_abs":0.0,"profit_total":0.0,"profit_total_pct":0.0,"duration_avg":"0:00","wins":0,"draws":0,"losses":0,"winrate":0.0,"cagr":0.0,"expectancy":0.0,"expectancy_ratio":100.0,"sortino":0,"sharpe":0,"calmar":0,"sqn":0.0,"profit_factor":0.0,"max_drawdown_account":0.0,"max_drawdown_abs":0.0}],"total_trades":11,"trade_count_long":11,"trade_count_short":0,"total_volume":7325.044820807427,"avg_stake_amount":332.1721872727273,"profit_mean":0.0007781857291640801,"profit_median":0.0004951987070191001,"profit_total":0.002621246619999998,"profit_total_long":0.002621246619999998,"profit_total_short":0.0,"profit_total_abs":2.621246619999998,"profit_total_long_abs":2.621246619999998,"profit_total_short_abs":0.0,"cagr":0.009899225406531764,"expectancy":0.23829514727272683,"expectancy_ratio":-0.34996298486270017,"sortino":-100,"sharpe":0.08280506892134384,"calmar":3.0139897460000338,"sqn":0.1209,"profit_factor":1.150407166510299,"backtest_start":"2025-10-01 00:00:00","backtest_start_ts":1759276800000,"backtest_end":"2026-01-06 20:00:00","backtest_end_ts":1767729600000,"backtest_days":97,"backtest_run_start_ts":1767749547,"backtest_run_end_ts":1767749547,"trades_per_day":0.11,"market_change":-0.36632086436227446,"pairlist":["DOGE/USDT"],"stake_amount":"unlimited","stake_currency":"USDT","stake_currency_decimals":3,"starting_balance":1000,"dry_run_wallet":1000,"final_balance":1002.62124662,"rejected_signals":0,"timedout_entry_orders":0,"timedout_exit_orders":0,"canceled_trade_entries":0,"canceled_entry_orders":0,"replaced_entry_orders":0,"max_open_trades":1,"max_open_trades_setting":3,"timeframe":"1h","timeframe_detail":"","timerange":"20251001-","enable_protections":false,"strategy_name":"ACO_38_5","freqaimodel":null,"freqai_identifier":null,"stoploss":-0.05,"trailing_stop":false,"trailing_stop_positive":null,"trailing_stop_positive_offset":0.0,"trailing_only_offset_is_reached":false,"use_custom_stoploss":false,"minimal_roi":{"0":0.1,"60":0.05,"120":0.0},"use_exit_signal":true,"exit_profit_only":false,"exit_profit_offset":0.0,"ignore_roi_if_entry_signal":false,"trading_mode":"spot","margin_mode":"","periodic_breakdown":{"day":[{"date":"20/10/2025","date_ts":1760918400000,"profit_abs":2.8970892,"wins":1,"draws":0,"losses":0,"trades":1,"profit_factor":0.0},{"date":"21/10/2025","date_ts":1761004800000,"profit_abs":0.0,"wins":0,"draws":0,"losses":0,"trades":0,"profit_factor":0.0},{"date":"22/10/2025","date_ts":1761091200000,"profit_abs":0.0,"wins":0,"draws":0,"losses":0,"trades":0,"profit_factor":0.0},{"date":"23/10/2025","date_ts":1761177600000,"profit_abs":0.0,"wins":0,"draws":0,"losses":0,"trades":0,"profit_factor":0.0},{"date":"24/10/2025","date_ts":1761264000000,"profit_abs":0.0,"wins":0,"draws":0,"losses":0,"trades":0,"profit_factor":0.0},{"date":"25/10/2025","date_ts":1761350400000,"profit_abs":0.0,"wins":0,"draws":0,"losses":0,"trades":0,"profit_factor":0.0},{"date":"26/10/2025","date_ts":1761436800000,"profit_abs":3.06496222,"wins":1,"draws":0,"losses":0,"trades":1,"profit_factor":0.0},{"date":"27/10/2025","date_ts":1761523200000,"profit_abs":0.0,"wins":0,"draws":0,"losses":0,"trades":0,"profit_factor":0.0},{"date":"28/10/2025","date_ts":1761609600000,"profit_abs":0.0,"wins":0,"draws":0,"losses":0,"trades":0,"profit_factor":0.0},{"date":"29/10/2025","date_ts":1761696000000,"profit_abs":0.0,"wins":0,"draws":1,"losses":0,"trades":1,"profit_factor":0.0},{"date":"30/10/2025","date_ts":1761782400000,"profit_abs":0.0,"wins":0,"draws":0,"losses":0,"trades":0,"profit_factor":0.0},{"date":"31/10/2025","date_ts":1761868800000,"profit_abs":0.0,"wins":0,"draws":0,"losses":0,"trades":0,"profit_factor":0.0},{"date":"01/11/2025","date_ts":1761955200000,"profit_abs":0.0,"wins":0,"draws":0,"losses":0,"trades":0,"profit_factor":0.0},{"date":"02/11/2025","date_ts":1762041600000,"profit_abs":0.0,"wins":0,"draws":0,"losses":0,"trades":0,"profit_factor":0.0},{"date":"03/11/2025","date_ts":1762128000000,"profit_abs":0.0,"wins":0,"draws":0,"losses":0,"trades":0,"profit_factor":0.0},{"date":"04/11/2025","date_ts":1762214400000,"profit_abs":0.0,"wins":0,"draws":0,"losses":0,"trades":0,"profit_factor":0.0},{"date":"05/11/2025","date_ts":1762300800000,"profit_abs":0.0,"wins":0,"draws":0,"losses":0,"trades":0,"profit_factor":0.0},{"date":"06/11/2025","date_ts":1762387200000,"profit_abs":0.0,"wins":0,"draws":0,"losses":0,"trades":0,"profit_factor":0.0},{"date":"07/11/2025","date_ts":1762473600000,"profit_abs":0.0,"wins":0,"draws":0,"losses":0,"trades":0,"profit_factor":0.0},{"date":"08/11/2025","date_ts":1762560000000,"profit_abs":0.0,"wins":0,"draws":0,"losses":0,"trades":0,"profit_factor":0.0},{"date":"09/11/2025","date_ts":1762646400000,"profit_abs":0.0,"wins":0,"draws":0,"losses":0,"trades":0,"profit_factor":0.0},{"date":"10/11/2025","date_ts":1762732800000,"profit_abs":0.0,"wins":0,"draws":0,"losses":0,"trades":0,"profit_factor":0.0},{"date":"11/11/2025","date_ts":1762819200000,"profit_abs":0.0,"wins":0,"draws":0,"losses":0,"trades":0,"profit_factor":0.0},{"date":"12/11/2025","date_ts":1762905600000,"profit_abs":1.39970385,"wins":1,"draws":0,"losses":0,"trades":1,"profit_factor":0.0},{"date":"13/11/2025","date_ts":1762992000000,"profit_abs":0.0,"wins":0,"draws":0,"losses":0,"trades":0,"profit_factor":0.0},{"date":"14/11/2025","date_ts":1763078400000,"profit_abs":0.0,"wins":0,"draws":0,"losses":0,"trades":0,"profit_factor":0.0},{"date":"15/11/2025","date_ts":1763164800000,"profit_abs":0.0,"wins":0,"draws":0,"losses":0,"trades":0,"profit_factor":0.0},{"date":"16/11/2025","date_ts":1763251200000,"profit_abs":0.0,"wins":0,"draws":0,"losses":0,"trades":0,"profit_factor":0.0},{"date":"17/11/2025","date_ts":1763337600000,"profit_abs":0.0,"wins":0,"draws":0,"losses":0,"trades":0,"profit_factor":0.0},{"date":"18/11/2025","date_ts":1763424000000,"profit_abs":0.0,"wins":0,"draws":0,"losses":0,"trades":0,"profit_factor":0.0},{"date":"19/11/2025","date_ts":1763510400000,"profit_abs":0.0,"wins":0,"draws":0,"losses":0,"trades":0,"profit_factor":0.0},{"date":"20/11/2025","date_ts":1763596800000,"profit_abs":0.0,"wins":0,"draws":0,"losses":0,"trades":0,"profit_factor":0.0},{"date":"21/11/2025","date_ts":1763683200000,"profit_abs":0.0,"wins":0,"draws":0,"losses":0,"trades":0,"profit_factor":0.0},{"date":"22/11/2025","date_ts":1763769600000,"profit_abs":0.0,"wins":0,"draws":0,"losses":0,"trades":0,"profit_factor":0.0},{"date":"23/11/2025","date_ts":1763856000000,"profit_abs":0.0,"wins":0,"draws":0,"losses":0,"trades":0,"profit_factor":0.0},{"date":"24/11/2025","date_ts":1763942400000,"profit_abs":0.164749,"wins":1,"draws":0,"losses":0,"trades":1,"profit_factor":0.0},{"date":"25/11/2025","date_ts":1764028800000,"profit_abs":0.0,"wins":0,"draws":0,"losses":0,"trades":0,"profit_factor":0.0},{"date":"26/11/2025","date_ts":1764115200000,"profit_abs":0.0,"wins":0,"draws":1,"losses":0,"trades":1,"profit_factor":0.0},{"date":"27/11/2025","date_ts":1764201600000,"profit_abs":0.0,"wins":0,"draws":0,"losses":0,"trades":0,"profit_factor":0.0},{"date":"28/11/2025","date_ts":1764288000000,"profit_abs":0.0,"wins":0,"draws":0,"losses":0,"trades":0,"profit_factor":0.0},{"date":"29/11/2025","date_ts":1764374400000,"profit_abs":0.0,"wins":0,"draws":0,"losses":0,"trades":0,"profit_factor":0.0},{"date":"30/11/2025","date_ts":1764460800000,"profit_abs":0.0,"wins":0,"draws":0,"losses":0,"trades":0,"profit_factor":0.0},{"date":"01/12/2025","date_ts":1764547200000,"profit_abs":0.0,"wins":0,"draws":0,"losses":0,"trades":0,"profit_factor":0.0},{"date":"02/12/2025","date_ts":1764633600000,"profit_abs":0.0,"wins":0,"draws":0,"losses":0,"trades":0,"profit_factor":0.0},{"date":"03/12/2025","date_ts":1764720000000,"profit_abs":0.0,"wins":0,"draws":0,"losses":0,"trades":0,"profit_factor":0.0},{"date":"04/12/2025","date_ts":1764806400000,"profit_abs":0.0,"wins":0,"draws":0,"losses":0,"trades":0,"profit_factor":0.0},{"date":"05/12/2025","date_ts":1764892800000,"profit_abs":0.0,"wins":0,"draws":0,"losses":0,"trades":0,"profit_factor":0.0},{"date":"06/12/2025","date_ts":1764979200000,"profit_abs":0.0,"wins":0,"draws":0,"losses":0,"trades":0,"profit_factor":0.0},{"date":"07/12/2025","date_ts":1765065600000,"profit_abs":0.0,"wins":0,"draws":0,"losses":0,"trades":0,"profit_factor":0.0},{"date":"08/12/2025","date_ts":1765152000000,"profit_abs":0.0,"wins":0,"draws":0,"losses":0,"trades":0,"profit_factor":0.0},{"date":"09/12/2025","date_ts":1765238400000,"profit_abs":9.889448,"wins":1,"draws":0,"losses":0,"trades":1,"profit_factor":0.0},{"date":"10/12/2025","date_ts":1765324800000,"profit_abs":0.0,"wins":0,"draws":0,"losses":0,"trades":0,"profit_factor":0.0},{"date":"11/12/2025","date_ts":1765411200000,"profit_abs":0.0,"wins":0,"draws":0,"losses":0,"trades":0,"profit_factor":0.0},{"date":"12/12/2025","date_ts":1765497600000,"profit_abs":0.0,"wins":0,"draws":0,"losses":0,"trades":0,"profit_factor":0.0},{"date":"13/12/2025","date_ts":1765584000000,"profit_abs":0.0,"wins":0,"draws":0,"losses":0,"trades":0,"profit_factor":0.0},{"date":"14/12/2025","date_ts":1765670400000,"profit_abs":0.0,"wins":0,"draws":0,"losses":0,"trades":0,"profit_factor":0.0},{"date":"15/12/2025","date_ts":1765756800000,"profit_abs":0.0,"wins":0,"draws":1,"losses":0,"trades":1,"profit_factor":0.0},{"date":"16/12/2025","date_ts":1765843200000,"profit_abs":0.0,"wins":0,"draws":0,"losses":0,"trades":0,"profit_factor":0.0},{"date":"17/12/2025","date_ts":1765929600000,"profit_abs":-17.42767104,"wins":0,"draws":0,"losses":1,"trades":1,"profit_factor":0.0},{"date":"18/12/2025","date_ts":1766016000000,"profit_abs":0.0,"wins":0,"draws":0,"losses":0,"trades":0,"profit_factor":0.0},{"date":"19/12/2025","date_ts":1766102400000,"profit_abs":0.0,"wins":0,"draws":0,"losses":0,"trades":0,"profit_factor":0.0},{"date":"20/12/2025","date_ts":1766188800000,"profit_abs":0.0,"wins":0,"draws":0,"losses":0,"trades":0,"profit_factor":0.0},{"date":"21/12/2025","date_ts":1766275200000,"profit_abs":0.0,"wins":0,"draws":0,"losses":0,"trades":0,"profit_factor":0.0},{"date":"22/12/2025","date_ts":1766361600000,"profit_abs":0.0,"wins":0,"draws":0,"losses":0,"trades":0,"profit_factor":0.0},{"date":"23/12/2025","date_ts":1766448000000,"profit_abs":0.0,"wins":0,"draws":0,"losses":0,"trades":0,"profit_factor":0.0},{"date":"24/12/2025","date_ts":1766534400000,"profit_abs":0.0,"wins":0,"draws":0,"losses":0,"trades":0,"profit_factor":0.0},{"date":"25/12/2025","date_ts":1766620800000,"profit_abs":0.0,"wins":0,"draws":0,"losses":0,"trades":0,"profit_factor":0.0},{"date":"26/12/2025","date_ts":1766707200000,"profit_abs":0.0,"wins":0,"draws":0,"losses":0,"trades":0,"profit_factor":0.0},{"date":"27/12/2025","date_ts":1766793600000,"profit_abs":0.0,"wins":0,"draws":0,"losses":0,"trades":0,"profit_factor":0.0},{"date":"28/12/2025","date_ts":1766880000000,"profit_abs":0.0,"wins":0,"draws":0,"losses":0,"trades":0,"profit_factor":0.0},{"date":"29/12/2025","date_ts":1766966400000,"profit_abs":2.63296539,"wins":1,"draws":0,"losses":0,"trades":1,"profit_factor":0.0},{"date":"30/12/2025","date_ts":1767052800000,"profit_abs":0.0,"wins":0,"draws":1,"losses":0,"trades":1,"profit_factor":0.0}],"week":[{"date":"20/10/2025","date_ts":1760918400000,"profit_abs":2.8970892,"wins":1,"draws":0,"losses":0,"trades":1,"profit_factor":0.0},{"date":"27/10/2025","date_ts":1761523200000,"profit_abs":3.06496222,"wins":1,"draws":0,"losses":0,"trades":1,"profit_factor":0.0},{"date":"03/11/2025","date_ts":1762128000000,"profit_abs":0.0,"wins":0,"draws":1,"losses":0,"trades":1,"profit_factor":0.0},{"date":"10/11/2025","date_ts":1762732800000,"profit_abs":0.0,"wins":0,"draws":0,"losses":0,"trades":0,"profit_factor":0.0},{"date":"17/11/2025","date_ts":1763337600000,"profit_abs":1.39970385,"wins":1,"draws":0,"losses":0,"trades":1,"profit_factor":0.0},{"date":"24/11/2025","date_ts":1763942400000,"profit_abs":0.164749,"wins":1,"draws":0,"losses":0,"trades":1,"profit_factor":0.0},{"date":"01/12/2025","date_ts":1764547200000,"profit_abs":0.0,"wins":0,"draws":1,"losses":0,"trades":1,"profit_factor":0.0},{"date":"08/12/2025","date_ts":1765152000000,"profit_abs":0.0,"wins":0,"draws":0,"losses":0,"trades":0,"profit_factor":0.0},{"date":"15/12/2025","date_ts":1765756800000,"profit_abs":9.889448,"wins":1,"draws":1,"losses":0,"trades":2,"profit_factor":0.0},{"date":"22/12/2025","date_ts":1766361600000,"profit_abs":-17.42767104,"wins":0,"draws":0,"losses":1,"trades":1,"profit_factor":0.0},{"date":"29/12/2025","date_ts":1766966400000,"profit_abs":2.63296539,"wins":1,"draws":0,"losses":0,"trades":1,"profit_factor":0.0},{"date":"05/01/2026","date_ts":1767571200000,"profit_abs":0.0,"wins":0,"draws":1,"losses":0,"trades":1,"profit_factor":0.0}],"month":[{"date":"31/10/2025","date_ts":1761868800000,"profit_abs":5.96205142,"wins":2,"draws":1,"losses":0,"trades":3,"profit_factor":0.0},{"date":"30/11/2025","date_ts":1764460800000,"profit_abs":1.56445285,"wins":2,"draws":1,"losses":0,"trades":3,"profit_factor":0.0},{"date":"31/12/2025","date_ts":1767139200000,"profit_abs":-4.90525765,"wins":2,"draws":2,"losses":1,"trades":5,"profit_factor":0.71853625}],"year":[{"date":"31/12/2025","date_ts":1767139200000,"profit_abs":2.62124662,"wins":6,"draws":4,"losses":1,"trades":11,"profit_factor":1.15040717}],"weekday":[{"date":"Monday","date_ts":0,"profit_abs":5.69480359,"wins":3,"draws":1,"losses":0,"trades":4,"profit_factor":0.0},{"date":"Tuesday","date_ts":1,"profit_abs":9.889448,"wins":1,"draws":1,"losses":0,"trades":2,"profit_factor":0.0},{"date":"Wednesday","date_ts":2,"profit_abs":-16.02796719,"wins":1,"draws":2,"losses":1,"trades":4,"profit_factor":0.08031503},{"date":"Sunday","date_ts":6,"profit_abs":3.06496222,"wins":1,"draws":0,"losses":0,"trades":1,"profit_factor":0.0}]},"backtest_best_day":0.029722498963783997,"backtest_worst_day":-0.05186841712719166,"backtest_best_day_abs":9.889448,"backtest_worst_day_abs":-17.42767104,"winning_days":6,"draw_days":65,"losing_days":1,"daily_profit":[["2025-10-20",2.8970892],["2025-10-21",0.0],["2025-10-22",0.0],["2025-10-23",0.0],["2025-10-24",0.0],["2025-10-25",0.0],["2025-10-26",3.06496222],["2025-10-27",0.0],["2025-10-28",0.0],["2025-10-29",0.0],["2025-10-30",0.0],["2025-10-31",0.0],["2025-11-01",0.0],["2025-11-02",0.0],["2025-11-03",0.0],["2025-11-04",0.0],["2025-11-05",0.0],["2025-11-06",0.0],["2025-11-07",0.0],["2025-11-08",0.0],["2025-11-09",0.0],["2025-11-10",0.0],["2025-11-11",0.0],["2025-11-12",1.39970385],["2025-11-13",0.0],["2025-11-14",0.0],["2025-11-15",0.0],["2025-11-16",0.0],["2025-11-17",0.0],["2025-11-18",0.0],["2025-11-19",0.0],["2025-11-20",0.0],["2025-11-21",0.0],["2025-11-22",0.0],["2025-11-23",0.0],["2025-11-24",0.164749],["2025-11-25",0.0],["2025-11-26",0.0],["2025-11-27",0.0],["2025-11-28",0.0],["2025-11-29",0.0],["2025-11-30",0.0],["2025-12-01",0.0],["2025-12-02",0.0],["2025-12-03",0.0],["2025-12-04",0.0],["2025-12-05",0.0],["2025-12-06",0.0],["2025-12-07",0.0],["2025-12-08",0.0],["2025-12-09",9.889448],["2025-12-10",0.0],["2025-12-11",0.0],["2025-12-12",0.0],["2025-12-13",0.0],["2025-12-14",0.0],["2025-12-15",0.0],["2025-12-16",0.0],["2025-12-17",-17.42767104],["2025-12-18",0.0],["2025-12-19",0.0],["2025-12-20",0.0],["2025-12-21",0.0],["2025-12-22",0.0],["2025-12-23",0.0],["2025-12-24",0.0],["2025-12-25",0.0],["2025-12-26",0.0],["2025-12-27",0.0],["2025-12-28",0.0],["2025-12-29",2.63296539],["2025-12-30",0.0]],"wins":6,"losses":1,"draws":4,"winrate":0.5454545454545454,"holding_avg":"2:11:00","holding_avg_s":7860.0,"winner_holding_min":"0d 02:00","winner_holding_min_s":7200.0,"winner_holding_max":"0d 02:00","winner_holding_max_s":7200.0,"winner_holding_avg":"0d 02:00","winner_holding_avg_s":7200.0,"loser_holding_min":"0d 01:00","loser_holding_min_s":3600.0,"loser_holding_max":"0d 01:00","loser_holding_max_s":3600.0,"loser_holding_avg":"0d 01:00","loser_holding_avg_s":3600.0,"max_consecutive_wins":2,"max_consecutive_losses":2,"max_drawdown_account":0.017129347147660155,"max_relative_drawdown":0.017129347147660155,"max_drawdown_abs":17.42767104,"drawdown_start":"2025-12-09 18:00:00","drawdown_start_ts":1765303200000.0,"drawdown_end":"2025-12-17 16:00:00","drawdown_end_ts":1765987200000.0,"drawdown_duration":"7 days 22:00:00","drawdown_duration_s":684000.0,"max_drawdown_low":-0.011718770000001655,"max_drawdown_high":17.41595227,"csum_min":999.98828123,"csum_max":1017.41595227}},"strategy_comparison":[{"key":"ACO_38_5","trades":11,"profit_mean":0.0007781857291640801,"profit_mean_pct":0.08,"profit_total_abs":2.621246619999998,"profit_total":0.002621246619999998,"profit_total_pct":0.26,"duration_avg":"2:11:00","wins":6,"draws":4,"losses":1,"winrate":0.5454545454545454,"cagr":0.009899225406531764,"expectancy":0.23829514727272683,"expectancy_ratio":-0.34996298486270017,"sortino":-100,"sharpe":0.08280506892134384,"calmar":3.0139897460000338,"sqn":0.1209,"profit_factor":1.150407166510299,"max_drawdown_account":0.017129347147660155,"max_drawdown_abs":"17.428"}]}