{"strategy":{"ACO_81_3":{"trades":[{"pair":"DOGE/USDT","stake_amount":329.82157,"max_stake_amount":329.82157,"amount":1273.0,"open_date":"2025-10-02 20:00:00+00:00","close_date":"2025-10-02 22:00:00+00:00","open_rate":0.25909,"close_rate":0.2618,"fee_open":0.001,"fee_close":0.001,"trade_duration":120,"profit_ratio":0.008440785352283287,"profit_abs":2.78673703,"exit_reason":"roi","initial_stop_loss_abs":0.24614,"initial_stop_loss_ratio":-0.05,"stop_loss_abs":0.24614,"stop_loss_ratio":-0.05,"min_rate":0.25834,"max_rate":0.26414,"is_open":false,"enter_tag":"","leverage":1.0,"is_short":false,"open_timestamp":1759435200000,"close_timestamp":1759442400000,"orders":[{"amount":1273.0,"safe_price":0.25909,"ft_order_side":"buy","order_filled_timestamp":1759435200000,"ft_is_entry":true,"ft_order_tag":"","cost":330.15139157},{"amount":1273.0,"safe_price":0.2618,"ft_order_side":"sell","order_filled_timestamp":1759442400000,"ft_is_entry":false,"ft_order_tag":"roi","cost":333.6046713999999}],"funding_fees":0.0,"weekday":3},{"pair":"DOGE/USDT","stake_amount":330.84922,"max_stake_amount":330.84922,"amount":1286.0,"open_date":"2025-10-06 07:00:00+00:00","close_date":"2025-10-06 09:00:00+00:00","open_rate":0.25727,"close_rate":0.25778505505505506,"fee_open":0.001,"fee_close":0.001,"trade_duration":120,"profit_ratio":0.0,"profit_abs":0.0,"exit_reason":"roi","initial_stop_loss_abs":0.24441,"initial_stop_loss_ratio":-0.05,"stop_loss_abs":0.24441,"stop_loss_ratio":-0.05,"min_rate":0.25406,"max_rate":0.25916,"is_open":false,"enter_tag":"","leverage":1.0,"is_short":false,"open_timestamp":1759734000000,"close_timestamp":1759741200000,"orders":[{"amount":1286.0,"safe_price":0.25727,"ft_order_side":"buy","order_filled_timestamp":1759734000000,"ft_is_entry":true,"ft_order_tag":"","cost":331.18006921999995},{"amount":1286.0,"safe_price":0.25778505505505506,"ft_order_side":"sell","order_filled_timestamp":1759741200000,"ft_is_entry":false,"ft_order_tag":"roi","cost":331.84309238160154}],"funding_fees":0.0,"weekday":0},{"pair":"DOGE/USDT","stake_amount":330.67905,"max_stake_amount":330.67905,"amount":1313.0,"open_date":"2025-10-10 14:00:00+00:00","close_date":"2025-10-10 15:00:00+00:00","open_rate":0.25185,"close_rate":0.23926,"fee_open":0.001,"fee_close":0.001,"trade_duration":60,"profit_ratio":-0.05188819518777828,"profit_abs":-17.17549743,"exit_reason":"stop_loss","initial_stop_loss_abs":0.23926,"initial_stop_loss_ratio":-0.05,"stop_loss_abs":0.23926,"stop_loss_ratio":-0.05,"min_rate":0.23602,"max_rate":0.25304,"is_open":false,"enter_tag":"","leverage":1.0,"is_short":false,"open_timestamp":1760104800000,"close_timestamp":1760108400000,"orders":[{"amount":1313.0,"safe_price":0.25185,"ft_order_side":"buy","order_filled_timestamp":1760104800000,"ft_is_entry":true,"ft_order_tag":"","cost":331.00972905},{"amount":1313.0,"safe_price":0.23926,"ft_order_side":"sell","order_filled_timestamp":1760108400000,"ft_is_entry":false,"ft_order_tag":"stop_loss","cost":314.4625283799999}],"funding_fees":0.0,"weekday":4},{"pair":"DOGE/USDT","stake_amount":325.09836,"max_stake_amount":325.09836,"amount":1539.0,"open_date":"2025-10-13 14:00:00+00:00","close_date":"2025-10-13 15:00:00+00:00","open_rate":0.21124,"close_rate":0.20609,"fee_open":0.001,"fee_close":0.001,"trade_duration":60,"profit_ratio":-0.02632914330509483,"profit_abs":-8.56812087,"exit_reason":"exit_signal","initial_stop_loss_abs":0.20068,"initial_stop_loss_ratio":-0.05,"stop_loss_abs":0.20068,"stop_loss_ratio":-0.05,"min_rate":0.20517,"max_rate":0.21192,"is_open":false,"enter_tag":"","leverage":1.0,"is_short":false,"open_timestamp":1760364000000,"close_timestamp":1760367600000,"orders":[{"amount":1539.0,"safe_price":0.21124,"ft_order_side":"buy","order_filled_timestamp":1760364000000,"ft_is_entry":true,"ft_order_tag":"","cost":325.42345836},{"amount":1539.0,"safe_price":0.20609,"ft_order_side":"sell","order_filled_timestamp":1760367600000,"ft_is_entry":false,"ft_order_tag":"exit_signal","cost":317.48968250999997}],"funding_fees":0.0,"weekday":0},{"pair":"DOGE/USDT","stake_amount":322.2342,"max_stake_amount":322.2342,"amount":1620.0,"open_date":"2025-10-16 07:00:00+00:00","close_date":"2025-10-16 10:00:00+00:00","open_rate":0.19891,"close_rate":0.1993082182182182,"fee_open":0.001,"fee_close":0.001,"trade_duration":180,"profit_ratio":0.0,"profit_abs":0.0,"exit_reason":"roi","initial_stop_loss_abs":0.18897,"initial_stop_loss_ratio":-0.05,"stop_loss_abs":0.18897,"stop_loss_ratio":-0.05,"min_rate":0.19015,"max_rate":0.20062,"is_open":false,"enter_tag":"","leverage":1.0,"is_short":false,"open_timestamp":1760598000000,"close_timestamp":1760608800000,"orders":[{"amount":1620.0,"safe_price":0.19891,"ft_order_side":"buy","order_filled_timestamp":1760598000000,"ft_is_entry":true,"ft_order_tag":"","cost":322.55643419999996},{"amount":1620.0,"safe_price":0.1993082182182182,"ft_order_side":"sell","order_filled_timestamp":1760608800000,"ft_is_entry":false,"ft_order_tag":"roi","cost":323.2021928270269}],"funding_fees":0.0,"weekday":3},{"pair":"DOGE/USDT","stake_amount":322.24833,"max_stake_amount":322.24833,"amount":1611.0,"open_date":"2025-10-16 13:00:00+00:00","close_date":"2025-10-16 15:00:00+00:00","open_rate":0.20003,"close_rate":0.19003,"fee_open":0.001,"fee_close":0.001,"trade_duration":120,"profit_ratio":-0.051890618005700745,"profit_abs":-16.73838666,"exit_reason":"stop_loss","initial_stop_loss_abs":0.19003,"initial_stop_loss_ratio":-0.05,"stop_loss_abs":0.19003,"stop_loss_ratio":-0.05,"min_rate":0.18784,"max_rate":0.20035,"is_open":false,"enter_tag":"","leverage":1.0,"is_short":false,"open_timestamp":1760619600000,"close_timestamp":1760626800000,"orders":[{"amount":1611.0,"safe_price":0.20003,"ft_order_side":"buy","order_filled_timestamp":1760619600000,"ft_is_entry":true,"ft_order_tag":"","cost":322.57057833},{"amount":1611.0,"safe_price":0.19003,"ft_order_side":"sell","order_filled_timestamp":1760626800000,"ft_is_entry":false,"ft_order_tag":"stop_loss","cost":306.44446832999995}],"funding_fees":0.0,"weekday":3},{"pair":"DOGE/USDT","stake_amount":316.88699,"max_stake_amount":316.88699,"amount":1631.0,"open_date":"2025-10-19 11:00:00+00:00","close_date":"2025-10-19 13:00:00+00:00","open_rate":0.19429,"close_rate":0.19467896896896894,"fee_open":0.001,"fee_close":0.001,"trade_duration":120,"profit_ratio":0.0,"profit_abs":0.0,"exit_reason":"roi","initial_stop_loss_abs":0.18458,"initial_stop_loss_ratio":-0.05,"stop_loss_abs":0.18458,"stop_loss_ratio":-0.05,"min_rate":0.19259,"max_rate":0.19805,"is_open":false,"enter_tag":"","leverage":1.0,"is_short":false,"open_timestamp":1760871600000,"close_timestamp":1760878800000,"orders":[{"amount":1631.0,"safe_price":0.19429,"ft_order_side":"buy","order_filled_timestamp":1760871600000,"ft_is_entry":true,"ft_order_tag":"","cost":317.2038769899999},{"amount":1631.0,"safe_price":0.19467896896896894,"ft_order_side":"sell","order_filled_timestamp":1760878800000,"ft_is_entry":false,"ft_order_tag":"roi","cost":317.83891978677667}],"funding_fees":0.0,"weekday":6},{"pair":"DOGE/USDT","stake_amount":316.728,"max_stake_amount":316.728,"amount":1590.0,"open_date":"2025-10-20 04:00:00+00:00","close_date":"2025-10-20 06:00:00+00:00","open_rate":0.1992,"close_rate":0.20135,"fee_open":0.001,"fee_close":0.001,"trade_duration":120,"profit_ratio":0.008773605912160129,"profit_abs":2.7816255,"exit_reason":"roi","initial_stop_loss_abs":0.18924,"initial_stop_loss_ratio":-0.05,"stop_loss_abs":0.18924,"stop_loss_ratio":-0.05,"min_rate":0.1992,"max_rate":0.20249,"is_open":false,"enter_tag":"","leverage":1.0,"is_short":false,"open_timestamp":1760932800000,"close_timestamp":1760940000000,"orders":[{"amount":1590.0,"safe_price":0.1992,"ft_order_side":"buy","order_filled_timestamp":1760932800000,"ft_is_entry":true,"ft_order_tag":"","cost":317.04472799999996},{"amount":1590.0,"safe_price":0.20135,"ft_order_side":"sell","order_filled_timestamp":1760940000000,"ft_is_entry":false,"ft_order_tag":"roi","cost":320.46664649999997}],"funding_fees":0.0,"weekday":0},{"pair":"DOGE/USDT","stake_amount":317.77325,"max_stake_amount":317.77325,"amount":1565.0,"open_date":"2025-10-21 15:00:00+00:00","close_date":"2025-10-22 00:00:00+00:00","open_rate":0.20305,"close_rate":0.1929,"fee_open":0.001,"fee_close":0.001,"trade_duration":540,"profit_ratio":-0.05188581425961382,"profit_abs":-16.50441175,"exit_reason":"stop_loss","initial_stop_loss_abs":0.1929,"initial_stop_loss_ratio":-0.05,"stop_loss_abs":0.1929,"stop_loss_ratio":-0.05,"min_rate":0.19251,"max_rate":0.20563,"is_open":false,"enter_tag":"","leverage":1.0,"is_short":false,"open_timestamp":1761058800000,"close_timestamp":1761091200000,"orders":[{"amount":1565.0,"safe_price":0.20305,"ft_order_side":"buy","order_filled_timestamp":1761058800000,"ft_is_entry":true,"ft_order_tag":"","cost":318.09102325},{"amount":1565.0,"safe_price":0.1929,"ft_order_side":"sell","order_filled_timestamp":1761091200000,"ft_is_entry":false,"ft_order_tag":"stop_loss","cost":302.1903884999999}],"funding_fees":0.0,"weekday":2},{"pair":"DOGE/USDT","stake_amount":312.2554,"max_stake_amount":312.2554,"amount":1580.0,"open_date":"2025-10-24 05:00:00+00:00","close_date":"2025-10-24 07:00:00+00:00","open_rate":0.19763,"close_rate":0.19837,"fee_open":0.001,"fee_close":0.001,"trade_duration":120,"profit_ratio":0.0017388875355783214,"profit_abs":0.54352,"exit_reason":"roi","initial_stop_loss_abs":0.18775,"initial_stop_loss_ratio":-0.05,"stop_loss_abs":0.18775,"stop_loss_ratio":-0.05,"min_rate":0.19608,"max_rate":0.19849,"is_open":false,"enter_tag":"","leverage":1.0,"is_short":false,"open_timestamp":1761282000000,"close_timestamp":1761289200000,"orders":[{"amount":1580.0,"safe_price":0.19763,"ft_order_side":"buy","order_filled_timestamp":1761282000000,"ft_is_entry":true,"ft_order_tag":"","cost":312.5676554},{"amount":1580.0,"safe_price":0.19837,"ft_order_side":"sell","order_filled_timestamp":1761289200000,"ft_is_entry":false,"ft_order_tag":"roi","cost":313.73802459999996}],"funding_fees":0.0,"weekday":4},{"pair":"DOGE/USDT","stake_amount":312.54228,"max_stake_amount":312.54228,"amount":1566.0,"open_date":"2025-10-26 10:00:00+00:00","close_date":"2025-10-26 12:00:00+00:00","open_rate":0.19958,"close_rate":0.20183,"fee_open":0.001,"fee_close":0.001,"trade_duration":120,"profit_ratio":0.009253147894294302,"profit_abs":2.89489194,"exit_reason":"roi","initial_stop_loss_abs":0.18961,"initial_stop_loss_ratio":-0.05,"stop_loss_abs":0.18961,"stop_loss_ratio":-0.05,"min_rate":0.19833,"max_rate":0.20286,"is_open":false,"enter_tag":"","leverage":1.0,"is_short":false,"open_timestamp":1761472800000,"close_timestamp":1761480000000,"orders":[{"amount":1566.0,"safe_price":0.19958,"ft_order_side":"buy","order_filled_timestamp":1761472800000,"ft_is_entry":true,"ft_order_tag":"","cost":312.85482227999995},{"amount":1566.0,"safe_price":0.20183,"ft_order_side":"sell","order_filled_timestamp":1761480000000,"ft_is_entry":false,"ft_order_tag":"roi","cost":316.38184578}],"funding_fees":0.0,"weekday":6},{"pair":"DOGE/USDT","stake_amount":313.46656,"max_stake_amount":313.46656,"amount":1672.0,"open_date":"2025-10-31 20:00:00+00:00","close_date":"2025-11-01 09:00:00+00:00","open_rate":0.18748,"close_rate":0.18785533533533533,"fee_open":0.001,"fee_close":0.001,"trade_duration":780,"profit_ratio":0.0,"profit_abs":0.0,"exit_reason":"roi","initial_stop_loss_abs":0.17811,"initial_stop_loss_ratio":-0.05,"stop_loss_abs":0.17811,"stop_loss_ratio":-0.05,"min_rate":0.18512,"max_rate":0.188,"is_open":false,"enter_tag":"","leverage":1.0,"is_short":false,"open_timestamp":1761940800000,"close_timestamp":1761987600000,"orders":[{"amount":1672.0,"safe_price":0.18748,"ft_order_side":"buy","order_filled_timestamp":1761940800000,"ft_is_entry":true,"ft_order_tag":"","cost":313.78002655999995},{"amount":1672.0,"safe_price":0.18785533533533533,"ft_order_side":"sell","order_filled_timestamp":1761987600000,"ft_is_entry":false,"ft_order_tag":"roi","cost":314.4082148013613}],"funding_fees":0.0,"weekday":5},{"pair":"DOGE/USDT","stake_amount":313.38813,"max_stake_amount":313.38813,"amount":1669.0,"open_date":"2025-11-01 21:00:00+00:00","close_date":"2025-11-02 04:00:00+00:00","open_rate":0.18777,"close_rate":0.1881459159159159,"fee_open":0.001,"fee_close":0.001,"trade_duration":420,"profit_ratio":0.0,"profit_abs":0.0,"exit_reason":"roi","initial_stop_loss_abs":0.17839,"initial_stop_loss_ratio":-0.05,"stop_loss_abs":0.17839,"stop_loss_ratio":-0.05,"min_rate":0.18588,"max_rate":0.18823,"is_open":false,"enter_tag":"","leverage":1.0,"is_short":false,"open_timestamp":1762030800000,"close_timestamp":1762056000000,"orders":[{"amount":1669.0,"safe_price":0.18777,"ft_order_side":"buy","order_filled_timestamp":1762030800000,"ft_is_entry":true,"ft_order_tag":"","cost":313.70151812999995},{"amount":1669.0,"safe_price":0.1881459159159159,"ft_order_side":"sell","order_filled_timestamp":1762056000000,"ft_is_entry":false,"ft_order_tag":"roi","cost":314.32954919732725}],"funding_fees":0.0,"weekday":6},{"pair":"DOGE/USDT","stake_amount":313.3863,"max_stake_amount":313.3863,"amount":1665.0,"open_date":"2025-11-02 08:00:00+00:00","close_date":"2025-11-03 03:00:00+00:00","open_rate":0.18822,"close_rate":0.17881,"fee_open":0.001,"fee_close":0.001,"trade_duration":1140,"profit_ratio":-0.0518927995816743,"profit_abs":-16.27875495,"exit_reason":"stop_loss","initial_stop_loss_abs":0.17881,"initial_stop_loss_ratio":-0.05,"stop_loss_abs":0.17881,"stop_loss_ratio":-0.05,"min_rate":0.17456,"max_rate":0.1884,"is_open":false,"enter_tag":"","leverage":1.0,"is_short":false,"open_timestamp":1762070400000,"close_timestamp":1762138800000,"orders":[{"amount":1665.0,"safe_price":0.18822,"ft_order_side":"buy","order_filled_timestamp":1762070400000,"ft_is_entry":true,"ft_order_tag":"","cost":313.6996863},{"amount":1665.0,"safe_price":0.17881,"ft_order_side":"sell","order_filled_timestamp":1762138800000,"ft_is_entry":false,"ft_order_tag":"stop_loss","cost":298.01636864999995}],"funding_fees":0.0,"weekday":0},{"pair":"DOGE/USDT","stake_amount":308.12346,"max_stake_amount":308.12346,"amount":1823.0,"open_date":"2025-11-07 16:00:00+00:00","close_date":"2025-11-07 17:00:00+00:00","open_rate":0.16902,"close_rate":0.17781783783783786,"fee_open":0.001,"fee_close":0.001,"trade_duration":60,"profit_ratio":0.04995004995004995,"profit_abs":15.406173,"exit_reason":"roi","initial_stop_loss_abs":0.16057,"initial_stop_loss_ratio":-0.05,"stop_loss_abs":0.16057,"stop_loss_ratio":-0.05,"min_rate":0.16834,"max_rate":0.17978,"is_open":false,"enter_tag":"","leverage":1.0,"is_short":false,"open_timestamp":1762531200000,"close_timestamp":1762534800000,"orders":[{"amount":1823.0,"safe_price":0.16902,"ft_order_side":"buy","order_filled_timestamp":1762531200000,"ft_is_entry":true,"ft_order_tag":"","cost":308.43158346},{"amount":1823.0,"safe_price":0.17781783783783786,"ft_order_side":"sell","order_filled_timestamp":1762534800000,"ft_is_entry":false,"ft_order_tag":"roi","cost":324.48608029675677}],"funding_fees":0.0,"weekday":4},{"pair":"DOGE/USDT","stake_amount":313.09376,"max_stake_amount":313.09376,"amount":1904.0,"open_date":"2025-11-15 18:00:00+00:00","close_date":"2025-11-16 01:00:00+00:00","open_rate":0.16444,"close_rate":0.16208,"fee_open":0.001,"fee_close":0.001,"trade_duration":420,"profit_ratio":-0.016321066430528847,"profit_abs":-5.11513408,"exit_reason":"exit_signal","initial_stop_loss_abs":0.15622,"initial_stop_loss_ratio":-0.05,"stop_loss_abs":0.15622,"stop_loss_ratio":-0.05,"min_rate":0.15998,"max_rate":0.16447,"is_open":false,"enter_tag":"","leverage":1.0,"is_short":false,"open_timestamp":1763229600000,"close_timestamp":1763254800000,"orders":[{"amount":1904.0,"safe_price":0.16444,"ft_order_side":"buy","order_filled_timestamp":1763229600000,"ft_is_entry":true,"ft_order_tag":"","cost":313.40685376},{"amount":1904.0,"safe_price":0.16208,"ft_order_side":"sell","order_filled_timestamp":1763254800000,"ft_is_entry":false,"ft_order_tag":"exit_signal","cost":308.90892032}],"funding_fees":0.0,"weekday":6},{"pair":"DOGE/USDT","stake_amount":311.44896,"max_stake_amount":311.44896,"amount":2224.0,"open_date":"2025-12-06 15:00:00+00:00","close_date":"2025-12-06 18:00:00+00:00","open_rate":0.14004,"close_rate":0.14032036036036033,"fee_open":0.001,"fee_close":0.001,"trade_duration":180,"profit_ratio":0.0,"profit_abs":0.0,"exit_reason":"roi","initial_stop_loss_abs":0.13304,"initial_stop_loss_ratio":-0.05,"stop_loss_abs":0.13304,"stop_loss_ratio":-0.05,"min_rate":0.13902,"max_rate":0.14058,"is_open":false,"enter_tag":"","leverage":1.0,"is_short":false,"open_timestamp":1765033200000,"close_timestamp":1765044000000,"orders":[{"amount":2224.0,"safe_price":0.14004,"ft_order_side":"buy","order_filled_timestamp":1765033200000,"ft_is_entry":true,"ft_order_tag":"","cost":311.76040895999995},{"amount":2224.0,"safe_price":0.14032036036036033,"ft_order_side":"sell","order_filled_timestamp":1765044000000,"ft_is_entry":false,"ft_order_tag":"roi","cost":312.3845539228828}],"funding_fees":0.0,"weekday":5},{"pair":"DOGE/USDT","stake_amount":311.4729,"max_stake_amount":311.4729,"amount":2202.0,"open_date":"2025-12-07 18:00:00+00:00","close_date":"2025-12-07 20:00:00+00:00","open_rate":0.14145,"close_rate":0.1421,"fee_open":0.001,"fee_close":0.001,"trade_duration":120,"profit_ratio":0.0025880800005932563,"profit_abs":0.8069229,"exit_reason":"roi","initial_stop_loss_abs":0.13438,"initial_stop_loss_ratio":-0.05,"stop_loss_abs":0.13438,"stop_loss_ratio":-0.05,"min_rate":0.14126,"max_rate":0.14291,"is_open":false,"enter_tag":"","leverage":1.0,"is_short":false,"open_timestamp":1765130400000,"close_timestamp":1765137600000,"orders":[{"amount":2202.0,"safe_price":0.14145,"ft_order_side":"buy","order_filled_timestamp":1765130400000,"ft_is_entry":true,"ft_order_tag":"","cost":311.78437289999994},{"amount":2202.0,"safe_price":0.1421,"ft_order_side":"sell","order_filled_timestamp":1765137600000,"ft_is_entry":false,"ft_order_tag":"roi","cost":313.2171042}],"funding_fees":0.0,"weekday":6},{"pair":"DOGE/USDT","stake_amount":311.65974,"max_stake_amount":311.65974,"amount":2121.0,"open_date":"2025-12-10 19:00:00+00:00","close_date":"2025-12-11 01:00:00+00:00","open_rate":0.14694,"close_rate":0.1396,"fee_open":0.001,"fee_close":0.001,"trade_duration":360,"profit_ratio":-0.05185055858800244,"profit_abs":-16.17589134,"exit_reason":"stop_loss","initial_stop_loss_abs":0.1396,"initial_stop_loss_ratio":-0.05,"stop_loss_abs":0.1396,"stop_loss_ratio":-0.05,"min_rate":0.13944,"max_rate":0.15031,"is_open":false,"enter_tag":"","leverage":1.0,"is_short":false,"open_timestamp":1765393200000,"close_timestamp":1765414800000,"orders":[{"amount":2121.0,"safe_price":0.14694,"ft_order_side":"buy","order_filled_timestamp":1765393200000,"ft_is_entry":true,"ft_order_tag":"","cost":311.97139974},{"amount":2121.0,"safe_price":0.1396,"ft_order_side":"sell","order_filled_timestamp":1765414800000,"ft_is_entry":false,"ft_order_tag":"stop_loss","cost":296.3876916}],"funding_fees":0.0,"weekday":3},{"pair":"DOGE/USDT","stake_amount":306.35514,"max_stake_amount":306.35514,"amount":2219.0,"open_date":"2025-12-11 19:00:00+00:00","close_date":"2025-12-11 21:00:00+00:00","open_rate":0.13806,"close_rate":0.14006,"fee_open":0.001,"fee_close":0.001,"trade_duration":120,"profit_ratio":0.012459509200056788,"profit_abs":3.82085172,"exit_reason":"roi","initial_stop_loss_abs":0.13116,"initial_stop_loss_ratio":-0.05,"stop_loss_abs":0.13116,"stop_loss_ratio":-0.05,"min_rate":0.13787,"max_rate":0.14281,"is_open":false,"enter_tag":"","leverage":1.0,"is_short":false,"open_timestamp":1765479600000,"close_timestamp":1765486800000,"orders":[{"amount":2219.0,"safe_price":0.13806,"ft_order_side":"buy","order_filled_timestamp":1765479600000,"ft_is_entry":true,"ft_order_tag":"","cost":306.66149513999994},{"amount":2219.0,"safe_price":0.14006,"ft_order_side":"sell","order_filled_timestamp":1765486800000,"ft_is_entry":false,"ft_order_tag":"roi","cost":311.10393314}],"funding_fees":0.0,"weekday":3},{"pair":"DOGE/USDT","stake_amount":307.69024,"max_stake_amount":307.69024,"amount":2288.0,"open_date":"2025-12-17 15:00:00+00:00","close_date":"2025-12-17 16:00:00+00:00","open_rate":0.13448,"close_rate":0.12776,"fee_open":0.001,"fee_close":0.001,"trade_duration":60,"profit_ratio":-0.05186841712719166,"profit_abs":-15.97536512,"exit_reason":"stop_loss","initial_stop_loss_abs":0.12776,"initial_stop_loss_ratio":-0.05,"stop_loss_abs":0.12776,"stop_loss_ratio":-0.05,"min_rate":0.12583,"max_rate":0.13631,"is_open":false,"enter_tag":"","leverage":1.0,"is_short":false,"open_timestamp":1765983600000,"close_timestamp":1765987200000,"orders":[{"amount":2288.0,"safe_price":0.13448,"ft_order_side":"buy","order_filled_timestamp":1765983600000,"ft_is_entry":true,"ft_order_tag":"","cost":307.9979302399999},{"amount":2288.0,"safe_price":0.12776,"ft_order_side":"sell","order_filled_timestamp":1765987200000,"ft_is_entry":false,"ft_order_tag":"stop_loss","cost":292.60719488}],"funding_fees":0.0,"weekday":2},{"pair":"DOGE/USDT","stake_amount":302.40837,"max_stake_amount":302.40837,"amount":2277.0,"open_date":"2025-12-21 09:00:00+00:00","close_date":"2025-12-22 00:00:00+00:00","open_rate":0.13281,"close_rate":0.13307588588588587,"fee_open":0.001,"fee_close":0.001,"trade_duration":900,"profit_ratio":0.0,"profit_abs":0.0,"exit_reason":"roi","initial_stop_loss_abs":0.12617,"initial_stop_loss_ratio":-0.05,"stop_loss_abs":0.12617,"stop_loss_ratio":-0.05,"min_rate":0.12871,"max_rate":0.13424,"is_open":false,"enter_tag":"","leverage":1.0,"is_short":false,"open_timestamp":1766307600000,"close_timestamp":1766361600000,"orders":[{"amount":2277.0,"safe_price":0.13281,"ft_order_side":"buy","order_filled_timestamp":1766307600000,"ft_is_entry":true,"ft_order_tag":"","cost":302.71077837},{"amount":2277.0,"safe_price":0.13307588588588587,"ft_order_side":"sell","order_filled_timestamp":1766361600000,"ft_is_entry":false,"ft_order_tag":"roi","cost":303.31680595432425}],"funding_fees":0.0,"weekday":0},{"pair":"DOGE/USDT","stake_amount":302.40005,"max_stake_amount":302.40005,"amount":2297.0,"open_date":"2025-12-22 01:00:00+00:00","close_date":"2025-12-22 03:00:00+00:00","open_rate":0.13165,"close_rate":0.13191356356356354,"fee_open":0.001,"fee_close":0.001,"trade_duration":120,"profit_ratio":0.0,"profit_abs":0.0,"exit_reason":"roi","initial_stop_loss_abs":0.12507,"initial_stop_loss_ratio":-0.05,"stop_loss_abs":0.12507,"stop_loss_ratio":-0.05,"min_rate":0.12952,"max_rate":0.13301,"is_open":false,"enter_tag":"","leverage":1.0,"is_short":false,"open_timestamp":1766365200000,"close_timestamp":1766372400000,"orders":[{"amount":2297.0,"safe_price":0.13165,"ft_order_side":"buy","order_filled_timestamp":1766365200000,"ft_is_entry":true,"ft_order_tag":"","cost":302.7024500499999},{"amount":2297.0,"safe_price":0.13191356356356354,"ft_order_side":"sell","order_filled_timestamp":1766372400000,"ft_is_entry":false,"ft_order_tag":"roi","cost":303.3084609610109}],"funding_fees":0.0,"weekday":0},{"pair":"DOGE/USDT","stake_amount":302.38621,"max_stake_amount":302.38621,"amount":2429.0,"open_date":"2025-12-28 15:00:00+00:00","close_date":"2025-12-29 00:00:00+00:00","open_rate":0.12449,"close_rate":0.12473922922922923,"fee_open":0.001,"fee_close":0.001,"trade_duration":540,"profit_ratio":0.0,"profit_abs":0.0,"exit_reason":"roi","initial_stop_loss_abs":0.11827,"initial_stop_loss_ratio":-0.05,"stop_loss_abs":0.11827,"stop_loss_ratio":-0.05,"min_rate":0.12277,"max_rate":0.1257,"is_open":false,"enter_tag":"","leverage":1.0,"is_short":false,"open_timestamp":1766934000000,"close_timestamp":1766966400000,"orders":[{"amount":2429.0,"safe_price":0.12449,"ft_order_side":"buy","order_filled_timestamp":1766934000000,"ft_is_entry":true,"ft_order_tag":"","cost":302.68859620999996},{"amount":2429.0,"safe_price":0.12473922922922923,"ft_order_side":"sell","order_filled_timestamp":1766966400000,"ft_is_entry":false,"ft_order_tag":"roi","cost":303.2945793855955}],"funding_fees":0.0,"weekday":0},{"pair":"DOGE/USDT","stake_amount":302.33824,"max_stake_amount":302.33824,"amount":2416.0,"open_date":"2025-12-29 01:00:00+00:00","close_date":"2025-12-29 03:00:00+00:00","open_rate":0.12514,"close_rate":0.12639,"fee_open":0.001,"fee_close":0.001,"trade_duration":120,"profit_ratio":0.007970852864571899,"profit_abs":2.41230352,"exit_reason":"roi","initial_stop_loss_abs":0.11889,"initial_stop_loss_ratio":-0.05,"stop_loss_abs":0.11889,"stop_loss_ratio":-0.05,"min_rate":0.12437,"max_rate":0.12777,"is_open":false,"enter_tag":"","leverage":1.0,"is_short":false,"open_timestamp":1766970000000,"close_timestamp":1766977200000,"orders":[{"amount":2416.0,"safe_price":0.12514,"ft_order_side":"buy","order_filled_timestamp":1766970000000,"ft_is_entry":true,"ft_order_tag":"","cost":302.64057823999997},{"amount":2416.0,"safe_price":0.12639,"ft_order_side":"sell","order_filled_timestamp":1766977200000,"ft_is_entry":false,"ft_order_tag":"roi","cost":305.66359824}],"funding_fees":0.0,"weekday":0},{"pair":"DOGE/USDT","stake_amount":303.12318,"max_stake_amount":303.12318,"amount":1986.0,"open_date":"2026-01-06 15:00:00+00:00","close_date":"2026-01-06 16:00:00+00:00","open_rate":0.15263,"close_rate":0.145,"fee_open":0.001,"fee_close":0.001,"trade_duration":60,"profit_ratio":-0.051888293845969276,"profit_abs":-15.74427318,"exit_reason":"stop_loss","initial_stop_loss_abs":0.145,"initial_stop_loss_ratio":-0.05,"stop_loss_abs":0.145,"stop_loss_ratio":-0.05,"min_rate":0.14417,"max_rate":0.15353,"is_open":false,"enter_tag":"","leverage":1.0,"is_short":false,"open_timestamp":1767711600000,"close_timestamp":1767715200000,"orders":[{"amount":1986.0,"safe_price":0.15263,"ft_order_side":"buy","order_filled_timestamp":1767711600000,"ft_is_entry":true,"ft_order_tag":"","cost":303.42630317999993},{"amount":1986.0,"safe_price":0.145,"ft_order_side":"sell","order_filled_timestamp":1767715200000,"ft_is_entry":false,"ft_order_tag":"stop_loss","cost":288.25796999999994}],"funding_fees":0.0,"weekday":1}],"locks":[],"best_pair":{"key":"DOGE/USDT","trades":26,"profit_mean":-0.011716922600844858,"profit_mean_pct":-1.17,"profit_total_abs":-96.82280976999999,"profit_total":-0.09682280976999999,"profit_total_pct":-9.68,"duration_avg":"4:32:00","wins":8,"draws":9,"losses":9,"winrate":0.3076923076923077,"cagr":-0.3183229585299847,"expectancy":-3.7239542219230763,"expectancy_ratio":-0.6074313338273604,"sortino":-4.693194069314957,"sharpe":-2.2314362487619435,"calmar":-19.198177233934153,"sqn":-2.1787,"profit_factor":0.2451983689431811,"max_drawdown_account":0.09933273259578433,"max_drawdown_abs":99.60954679999999},"worst_pair":{"key":"DOGE/USDT","trades":26,"profit_mean":-0.011716922600844858,"profit_mean_pct":-1.17,"profit_total_abs":-96.82280976999999,"profit_total":-0.09682280976999999,"profit_total_pct":-9.68,"duration_avg":"4:32:00","wins":8,"draws":9,"losses":9,"winrate":0.3076923076923077,"cagr":-0.3183229585299847,"expectancy":-3.7239542219230763,"expectancy_ratio":-0.6074313338273604,"sortino":-4.693194069314957,"sharpe":-2.2314362487619435,"calmar":-19.198177233934153,"sqn":-2.1787,"profit_factor":0.2451983689431811,"max_drawdown_account":0.09933273259578433,"max_drawdown_abs":99.60954679999999},"results_per_pair":[{"key":"DOGE/USDT","trades":26,"profit_mean":-0.011716922600844858,"profit_mean_pct":-1.17,"profit_total_abs":-96.82280976999999,"profit_total":-0.09682280976999999,"profit_total_pct":-9.68,"duration_avg":"4:32:00","wins":8,"draws":9,"losses":9,"winrate":0.3076923076923077,"cagr":-0.3183229585299847,"expectancy":-3.7239542219230763,"expectancy_ratio":-0.6074313338273604,"sortino":-4.693194069314957,"sharpe":-2.2314362487619435,"calmar":-19.198177233934153,"sqn":-2.1787,"profit_factor":0.2451983689431811,"max_drawdown_account":0.09933273259578433,"max_drawdown_abs":99.60954679999999},{"key":"TOTAL","trades":26,"profit_mean":-0.011716922600844858,"profit_mean_pct":-1.17,"profit_total_abs":-96.82280976999999,"profit_total":-0.09682280976999999,"profit_total_pct":-9.68,"duration_avg":"4:32:00","wins":8,"draws":9,"losses":9,"winrate":0.3076923076923077,"cagr":-0.3183229585299847,"expectancy":-3.7239542219230763,"expectancy_ratio":-0.6074313338273604,"sortino":-4.693194069314957,"sharpe":-2.2314362487619435,"calmar":-19.198177233934153,"sqn":-2.1787,"profit_factor":0.2451983689431811,"max_drawdown_account":0.09933273259578433,"max_drawdown_abs":99.60954679999999}],"results_per_enter_tag":[{"key":"","trades":26,"profit_mean":-0.011716922600844858,"profit_mean_pct":-1.17,"profit_total_abs":-96.82280976999999,"profit_total":-0.09682280976999999,"profit_total_pct":-9.68,"duration_avg":"4:32:00","wins":8,"draws":9,"losses":9,"winrate":0.3076923076923077,"cagr":-0.3183229585299847,"expectancy":-3.7239542219230763,"expectancy_ratio":-0.6074313338273604,"sortino":-4.693194069314957,"sharpe":-2.2314362487619435,"calmar":-19.198177233934153,"sqn":-2.1787,"profit_factor":0.2451983689431811,"max_drawdown_account":0.09933273259578433,"max_drawdown_abs":99.60954679999999},{"key":"TOTAL","trades":26,"profit_mean":-0.011716922600844858,"profit_mean_pct":-1.17,"profit_total_abs":-96.82280976999999,"profit_total":-0.09682280976999999,"profit_total_pct":-9.68,"duration_avg":"4:32:00","wins":8,"draws":9,"losses":9,"winrate":0.3076923076923077,"cagr":-0.3183229585299847,"expectancy":-3.7239542219230763,"expectancy_ratio":-0.6074313338273604,"sortino":-4.693194069314957,"sharpe":-2.2314362487619435,"calmar":-19.198177233934153,"sqn":-2.1787,"profit_factor":0.2451983689431811,"max_drawdown_account":0.09933273259578433,"max_drawdown_abs":99.60954679999999}],"exit_reason_summary":[{"key":"roi","trades":17,"profit_mean":0.005951465806446349,"profit_mean_pct":0.6,"profit_total_abs":31.453025609999997,"profit_total":0.03145302561,"profit_total_pct":3.15,"duration_avg":"4:11:00","wins":8,"draws":9,"losses":0,"winrate":0.47058823529411764,"cagr":0.12359234247273876,"expectancy":1.8501779770588236,"expectancy_ratio":100.0,"sortino":-100,"sharpe":1.7050827054110478,"calmar":-100,"sqn":2.037,"profit_factor":0.0,"max_drawdown_account":0.0,"max_drawdown_abs":0.0},{"key":"exit_signal","trades":2,"profit_mean":-0.02132510486781184,"profit_mean_pct":-2.13,"profit_total_abs":-13.683254949999998,"profit_total":-0.013683254949999998,"profit_total_pct":-1.37,"duration_avg":"4:00:00","wins":0,"draws":0,"losses":2,"winrate":0.0,"cagr":-0.050523072657319146,"expectancy":-6.841627474999999,"expectancy_ratio":-1.0,"sortino":-1.5609866744347662,"sharpe":-1.5609866744347662,"calmar":-19.69584863354929,"sqn":-3.9627,"profit_factor":0.0,"max_drawdown_account":0.01368325494999999,"max_drawdown_abs":13.683254949999998},{"key":"stop_loss","trades":7,"profit_mean":-0.05188067094227578,"profit_mean_pct":-5.19,"profit_total_abs":-114.59258042999997,"profit_total":-0.11459258042999997,"profit_total_pct":-11.46,"duration_avg":"5:34:00","wins":0,"draws":0,"losses":7,"winrate":0.0,"cagr":-0.3674342205143365,"expectancy":-16.37036863285714,"expectancy_ratio":-1.0,"sortino":-50.5425274278541,"sharpe":-50.5425274278541,"calmar":-19.69584863354927,"sqn":-89.7966,"profit_factor":0.0,"max_drawdown_account":0.11459258043,"max_drawdown_abs":114.59258042999997},{"key":"TOTAL","trades":26,"profit_mean":-0.011716922600844858,"profit_mean_pct":-1.17,"profit_total_abs":-96.82280976999999,"profit_total":-0.09682280976999999,"profit_total_pct":-9.68,"duration_avg":"4:32:00","wins":8,"draws":9,"losses":9,"winrate":0.3076923076923077,"cagr":-0.3183229585299847,"expectancy":-3.7239542219230763,"expectancy_ratio":-0.6074313338273604,"sortino":-4.693194069314957,"sharpe":-2.2314362487619435,"calmar":-19.198177233934153,"sqn":-2.1787,"profit_factor":0.2451983689431811,"max_drawdown_account":0.09933273259578433,"max_drawdown_abs":99.60954679999999}],"mix_tag_stats":[{"key":["","roi"],"trades":17,"profit_mean":0.005951465806446349,"profit_mean_pct":0.6,"profit_total_abs":31.453025609999997,"profit_total":0.03145302561,"profit_total_pct":3.15,"duration_avg":"4:11:00","wins":8,"draws":9,"losses":0,"winrate":0.47058823529411764,"cagr":0.12359234247273876,"expectancy":1.8501779770588236,"expectancy_ratio":100.0,"sortino":-100,"sharpe":1.7050827054110478,"calmar":-100,"sqn":2.037,"profit_factor":0.0,"max_drawdown_account":0.0,"max_drawdown_abs":0.0},{"key":["","exit_signal"],"trades":2,"profit_mean":-0.02132510486781184,"profit_mean_pct":-2.13,"profit_total_abs":-13.683254949999998,"profit_total":-0.013683254949999998,"profit_total_pct":-1.37,"duration_avg":"4:00:00","wins":0,"draws":0,"losses":2,"winrate":0.0,"cagr":-0.050523072657319146,"expectancy":-6.841627474999999,"expectancy_ratio":-1.0,"sortino":-1.5609866744347662,"sharpe":-1.5609866744347662,"calmar":-19.69584863354929,"sqn":-3.9627,"profit_factor":0.0,"max_drawdown_account":0.01368325494999999,"max_drawdown_abs":13.683254949999998},{"key":["","stop_loss"],"trades":7,"profit_mean":-0.05188067094227578,"profit_mean_pct":-5.19,"profit_total_abs":-114.59258042999997,"profit_total":-0.11459258042999997,"profit_total_pct":-11.46,"duration_avg":"5:34:00","wins":0,"draws":0,"losses":7,"winrate":0.0,"cagr":-0.3674342205143365,"expectancy":-16.37036863285714,"expectancy_ratio":-1.0,"sortino":-50.5425274278541,"sharpe":-50.5425274278541,"calmar":-19.69584863354927,"sqn":-89.7966,"profit_factor":0.0,"max_drawdown_account":0.11459258043,"max_drawdown_abs":114.59258042999997},{"key":"TOTAL","trades":26,"profit_mean":-0.011716922600844858,"profit_mean_pct":-1.17,"profit_total_abs":-96.82280976999999,"profit_total":-0.09682280976999999,"profit_total_pct":-9.68,"duration_avg":"4:32:00","wins":8,"draws":9,"losses":9,"winrate":0.3076923076923077,"cagr":-0.3183229585299847,"expectancy":-3.7239542219230763,"expectancy_ratio":-0.6074313338273604,"sortino":-4.693194069314957,"sharpe":-2.2314362487619435,"calmar":-19.198177233934153,"sqn":-2.1787,"profit_factor":0.2451983689431811,"max_drawdown_account":0.09933273259578433,"max_drawdown_abs":99.60954679999999}],"left_open_trades":[{"key":"TOTAL","trades":0,"profit_mean":0.0,"profit_mean_pct":0.0,"profit_total_abs":0.0,"profit_total":0.0,"profit_total_pct":0.0,"duration_avg":"0:00","wins":0,"draws":0,"losses":0,"winrate":0.0,"cagr":0.0,"expectancy":0.0,"expectancy_ratio":100.0,"sortino":0,"sharpe":0,"calmar":0,"sqn":0.0,"profit_factor":0.0,"max_drawdown_account":0.0,"max_drawdown_abs":0.0}],"total_trades":26,"trade_count_long":26,"trade_count_short":0,"total_volume":16255.371234434662,"avg_stake_amount":313.8406880769231,"profit_mean":-0.011716922600844858,"profit_median":0.0,"profit_total":-0.09682280976999999,"profit_total_long":-0.09682280976999999,"profit_total_short":0.0,"profit_total_abs":-96.82280976999999,"profit_total_long_abs":-96.82280976999999,"profit_total_short_abs":0.0,"cagr":-0.3183229585299847,"expectancy":-3.7239542219230763,"expectancy_ratio":-0.6074313338273604,"sortino":-4.693194069314957,"sharpe":-2.2314362487619435,"calmar":-19.198177233934153,"sqn":-2.1787,"profit_factor":0.2451983689431811,"backtest_start":"2025-10-01 00:00:00","backtest_start_ts":1759276800000,"backtest_end":"2026-01-06 20:00:00","backtest_end_ts":1767729600000,"backtest_days":97,"backtest_run_start_ts":1767746364,"backtest_run_end_ts":1767746365,"trades_per_day":0.27,"market_change":-0.36632086436227446,"pairlist":["DOGE/USDT"],"stake_amount":"unlimited","stake_currency":"USDT","stake_currency_decimals":3,"starting_balance":1000,"dry_run_wallet":1000,"final_balance":903.17719023,"rejected_signals":0,"timedout_entry_orders":0,"timedout_exit_orders":0,"canceled_trade_entries":0,"canceled_entry_orders":0,"replaced_entry_orders":0,"max_open_trades":1,"max_open_trades_setting":3,"timeframe":"1h","timeframe_detail":"","timerange":"20251001-","enable_protections":false,"strategy_name":"ACO_81_3","freqaimodel":null,"freqai_identifier":null,"stoploss":-0.05,"trailing_stop":false,"trailing_stop_positive":null,"trailing_stop_positive_offset":0.0,"trailing_only_offset_is_reached":false,"use_custom_stoploss":false,"minimal_roi":{"0":0.1,"60":0.05,"120":0.0},"use_exit_signal":true,"exit_profit_only":false,"exit_profit_offset":0.0,"ignore_roi_if_entry_signal":false,"trading_mode":"spot","margin_mode":"","periodic_breakdown":{"day":[{"date":"02/10/2025","date_ts":1759363200000,"profit_abs":2.78673703,"wins":1,"draws":0,"losses":0,"trades":1,"profit_factor":0.0},{"date":"03/10/2025","date_ts":1759449600000,"profit_abs":0.0,"wins":0,"draws":0,"losses":0,"trades":0,"profit_factor":0.0},{"date":"04/10/2025","date_ts":1759536000000,"profit_abs":0.0,"wins":0,"draws":0,"losses":0,"trades":0,"profit_factor":0.0},{"date":"05/10/2025","date_ts":1759622400000,"profit_abs":0.0,"wins":0,"draws":0,"losses":0,"trades":0,"profit_factor":0.0},{"date":"06/10/2025","date_ts":1759708800000,"profit_abs":0.0,"wins":0,"draws":1,"losses":0,"trades":1,"profit_factor":0.0},{"date":"07/10/2025","date_ts":1759795200000,"profit_abs":0.0,"wins":0,"draws":0,"losses":0,"trades":0,"profit_factor":0.0},{"date":"08/10/2025","date_ts":1759881600000,"profit_abs":0.0,"wins":0,"draws":0,"losses":0,"trades":0,"profit_factor":0.0},{"date":"09/10/2025","date_ts":1759968000000,"profit_abs":0.0,"wins":0,"draws":0,"losses":0,"trades":0,"profit_factor":0.0},{"date":"10/10/2025","date_ts":1760054400000,"profit_abs":-17.17549743,"wins":0,"draws":0,"losses":1,"trades":1,"profit_factor":0.0},{"date":"11/10/2025","date_ts":1760140800000,"profit_abs":0.0,"wins":0,"draws":0,"losses":0,"trades":0,"profit_factor":0.0},{"date":"12/10/2025","date_ts":1760227200000,"profit_abs":0.0,"wins":0,"draws":0,"losses":0,"trades":0,"profit_factor":0.0},{"date":"13/10/2025","date_ts":1760313600000,"profit_abs":-8.56812087,"wins":0,"draws":0,"losses":1,"trades":1,"profit_factor":0.0},{"date":"14/10/2025","date_ts":1760400000000,"profit_abs":0.0,"wins":0,"draws":0,"losses":0,"trades":0,"profit_factor":0.0},{"date":"15/10/2025","date_ts":1760486400000,"profit_abs":0.0,"wins":0,"draws":0,"losses":0,"trades":0,"profit_factor":0.0},{"date":"16/10/2025","date_ts":1760572800000,"profit_abs":-16.73838666,"wins":0,"draws":1,"losses":1,"trades":2,"profit_factor":0.0},{"date":"17/10/2025","date_ts":1760659200000,"profit_abs":0.0,"wins":0,"draws":0,"losses":0,"trades":0,"profit_factor":0.0},{"date":"18/10/2025","date_ts":1760745600000,"profit_abs":0.0,"wins":0,"draws":0,"losses":0,"trades":0,"profit_factor":0.0},{"date":"19/10/2025","date_ts":1760832000000,"profit_abs":0.0,"wins":0,"draws":1,"losses":0,"trades":1,"profit_factor":0.0},{"date":"20/10/2025","date_ts":1760918400000,"profit_abs":2.7816255,"wins":1,"draws":0,"losses":0,"trades":1,"profit_factor":0.0},{"date":"21/10/2025","date_ts":1761004800000,"profit_abs":0.0,"wins":0,"draws":0,"losses":0,"trades":0,"profit_factor":0.0},{"date":"22/10/2025","date_ts":1761091200000,"profit_abs":-16.50441175,"wins":0,"draws":0,"losses":1,"trades":1,"profit_factor":0.0},{"date":"23/10/2025","date_ts":1761177600000,"profit_abs":0.0,"wins":0,"draws":0,"losses":0,"trades":0,"profit_factor":0.0},{"date":"24/10/2025","date_ts":1761264000000,"profit_abs":0.54352,"wins":1,"draws":0,"losses":0,"trades":1,"profit_factor":0.0},{"date":"25/10/2025","date_ts":1761350400000,"profit_abs":0.0,"wins":0,"draws":0,"losses":0,"trades":0,"profit_factor":0.0},{"date":"26/10/2025","date_ts":1761436800000,"profit_abs":2.89489194,"wins":1,"draws":0,"losses":0,"trades":1,"profit_factor":0.0},{"date":"27/10/2025","date_ts":1761523200000,"profit_abs":0.0,"wins":0,"draws":0,"losses":0,"trades":0,"profit_factor":0.0},{"date":"28/10/2025","date_ts":1761609600000,"profit_abs":0.0,"wins":0,"draws":0,"losses":0,"trades":0,"profit_factor":0.0},{"date":"29/10/2025","date_ts":1761696000000,"profit_abs":0.0,"wins":0,"draws":0,"losses":0,"trades":0,"profit_factor":0.0},{"date":"30/10/2025","date_ts":1761782400000,"profit_abs":0.0,"wins":0,"draws":0,"losses":0,"trades":0,"profit_factor":0.0},{"date":"31/10/2025","date_ts":1761868800000,"profit_abs":0.0,"wins":0,"draws":0,"losses":0,"trades":0,"profit_factor":0.0},{"date":"01/11/2025","date_ts":1761955200000,"profit_abs":0.0,"wins":0,"draws":1,"losses":0,"trades":1,"profit_factor":0.0},{"date":"02/11/2025","date_ts":1762041600000,"profit_abs":0.0,"wins":0,"draws":1,"losses":0,"trades":1,"profit_factor":0.0},{"date":"03/11/2025","date_ts":1762128000000,"profit_abs":-16.27875495,"wins":0,"draws":0,"losses":1,"trades":1,"profit_factor":0.0},{"date":"04/11/2025","date_ts":1762214400000,"profit_abs":0.0,"wins":0,"draws":0,"losses":0,"trades":0,"profit_factor":0.0},{"date":"05/11/2025","date_ts":1762300800000,"profit_abs":0.0,"wins":0,"draws":0,"losses":0,"trades":0,"profit_factor":0.0},{"date":"06/11/2025","date_ts":1762387200000,"profit_abs":0.0,"wins":0,"draws":0,"losses":0,"trades":0,"profit_factor":0.0},{"date":"07/11/2025","date_ts":1762473600000,"profit_abs":15.406173,"wins":1,"draws":0,"losses":0,"trades":1,"profit_factor":0.0},{"date":"08/11/2025","date_ts":1762560000000,"profit_abs":0.0,"wins":0,"draws":0,"losses":0,"trades":0,"profit_factor":0.0},{"date":"09/11/2025","date_ts":1762646400000,"profit_abs":0.0,"wins":0,"draws":0,"losses":0,"trades":0,"profit_factor":0.0},{"date":"10/11/2025","date_ts":1762732800000,"profit_abs":0.0,"wins":0,"draws":0,"losses":0,"trades":0,"profit_factor":0.0},{"date":"11/11/2025","date_ts":1762819200000,"profit_abs":0.0,"wins":0,"draws":0,"losses":0,"trades":0,"profit_factor":0.0},{"date":"12/11/2025","date_ts":1762905600000,"profit_abs":0.0,"wins":0,"draws":0,"losses":0,"trades":0,"profit_factor":0.0},{"date":"13/11/2025","date_ts":1762992000000,"profit_abs":0.0,"wins":0,"draws":0,"losses":0,"trades":0,"profit_factor":0.0},{"date":"14/11/2025","date_ts":1763078400000,"profit_abs":0.0,"wins":0,"draws":0,"losses":0,"trades":0,"profit_factor":0.0},{"date":"15/11/2025","date_ts":1763164800000,"profit_abs":0.0,"wins":0,"draws":0,"losses":0,"trades":0,"profit_factor":0.0},{"date":"16/11/2025","date_ts":1763251200000,"profit_abs":-5.11513408,"wins":0,"draws":0,"losses":1,"trades":1,"profit_factor":0.0},{"date":"17/11/2025","date_ts":1763337600000,"profit_abs":0.0,"wins":0,"draws":0,"losses":0,"trades":0,"profit_factor":0.0},{"date":"18/11/2025","date_ts":1763424000000,"profit_abs":0.0,"wins":0,"draws":0,"losses":0,"trades":0,"profit_factor":0.0},{"date":"19/11/2025","date_ts":1763510400000,"profit_abs":0.0,"wins":0,"draws":0,"losses":0,"trades":0,"profit_factor":0.0},{"date":"20/11/2025","date_ts":1763596800000,"profit_abs":0.0,"wins":0,"draws":0,"losses":0,"trades":0,"profit_factor":0.0},{"date":"21/11/2025","date_ts":1763683200000,"profit_abs":0.0,"wins":0,"draws":0,"losses":0,"trades":0,"profit_factor":0.0},{"date":"22/11/2025","date_ts":1763769600000,"profit_abs":0.0,"wins":0,"draws":0,"losses":0,"trades":0,"profit_factor":0.0},{"date":"23/11/2025","date_ts":1763856000000,"profit_abs":0.0,"wins":0,"draws":0,"losses":0,"trades":0,"profit_factor":0.0},{"date":"24/11/2025","date_ts":1763942400000,"profit_abs":0.0,"wins":0,"draws":0,"losses":0,"trades":0,"profit_factor":0.0},{"date":"25/11/2025","date_ts":1764028800000,"profit_abs":0.0,"wins":0,"draws":0,"losses":0,"trades":0,"profit_factor":0.0},{"date":"26/11/2025","date_ts":1764115200000,"profit_abs":0.0,"wins":0,"draws":0,"losses":0,"trades":0,"profit_factor":0.0},{"date":"27/11/2025","date_ts":1764201600000,"profit_abs":0.0,"wins":0,"draws":0,"losses":0,"trades":0,"profit_factor":0.0},{"date":"28/11/2025","date_ts":1764288000000,"profit_abs":0.0,"wins":0,"draws":0,"losses":0,"trades":0,"profit_factor":0.0},{"date":"29/11/2025","date_ts":1764374400000,"profit_abs":0.0,"wins":0,"draws":0,"losses":0,"trades":0,"profit_factor":0.0},{"date":"30/11/2025","date_ts":1764460800000,"profit_abs":0.0,"wins":0,"draws":0,"losses":0,"trades":0,"profit_factor":0.0},{"date":"01/12/2025","date_ts":1764547200000,"profit_abs":0.0,"wins":0,"draws":0,"losses":0,"trades":0,"profit_factor":0.0},{"date":"02/12/2025","date_ts":1764633600000,"profit_abs":0.0,"wins":0,"draws":0,"losses":0,"trades":0,"profit_factor":0.0},{"date":"03/12/2025","date_ts":1764720000000,"profit_abs":0.0,"wins":0,"draws":0,"losses":0,"trades":0,"profit_factor":0.0},{"date":"04/12/2025","date_ts":1764806400000,"profit_abs":0.0,"wins":0,"draws":0,"losses":0,"trades":0,"profit_factor":0.0},{"date":"05/12/2025","date_ts":1764892800000,"profit_abs":0.0,"wins":0,"draws":0,"losses":0,"trades":0,"profit_factor":0.0},{"date":"06/12/2025","date_ts":1764979200000,"profit_abs":0.0,"wins":0,"draws":1,"losses":0,"trades":1,"profit_factor":0.0},{"date":"07/12/2025","date_ts":1765065600000,"profit_abs":0.8069229,"wins":1,"draws":0,"losses":0,"trades":1,"profit_factor":0.0},{"date":"08/12/2025","date_ts":1765152000000,"profit_abs":0.0,"wins":0,"draws":0,"losses":0,"trades":0,"profit_factor":0.0},{"date":"09/12/2025","date_ts":1765238400000,"profit_abs":0.0,"wins":0,"draws":0,"losses":0,"trades":0,"profit_factor":0.0},{"date":"10/12/2025","date_ts":1765324800000,"profit_abs":0.0,"wins":0,"draws":0,"losses":0,"trades":0,"profit_factor":0.0},{"date":"11/12/2025","date_ts":1765411200000,"profit_abs":-12.35503962,"wins":1,"draws":0,"losses":1,"trades":2,"profit_factor":0.23620656},{"date":"12/12/2025","date_ts":1765497600000,"profit_abs":0.0,"wins":0,"draws":0,"losses":0,"trades":0,"profit_factor":0.0},{"date":"13/12/2025","date_ts":1765584000000,"profit_abs":0.0,"wins":0,"draws":0,"losses":0,"trades":0,"profit_factor":0.0},{"date":"14/12/2025","date_ts":1765670400000,"profit_abs":0.0,"wins":0,"draws":0,"losses":0,"trades":0,"profit_factor":0.0},{"date":"15/12/2025","date_ts":1765756800000,"profit_abs":0.0,"wins":0,"draws":0,"losses":0,"trades":0,"profit_factor":0.0},{"date":"16/12/2025","date_ts":1765843200000,"profit_abs":0.0,"wins":0,"draws":0,"losses":0,"trades":0,"profit_factor":0.0},{"date":"17/12/2025","date_ts":1765929600000,"profit_abs":-15.97536512,"wins":0,"draws":0,"losses":1,"trades":1,"profit_factor":0.0},{"date":"18/12/2025","date_ts":1766016000000,"profit_abs":0.0,"wins":0,"draws":0,"losses":0,"trades":0,"profit_factor":0.0},{"date":"19/12/2025","date_ts":1766102400000,"profit_abs":0.0,"wins":0,"draws":0,"losses":0,"trades":0,"profit_factor":0.0},{"date":"20/12/2025","date_ts":1766188800000,"profit_abs":0.0,"wins":0,"draws":0,"losses":0,"trades":0,"profit_factor":0.0},{"date":"21/12/2025","date_ts":1766275200000,"profit_abs":0.0,"wins":0,"draws":0,"losses":0,"trades":0,"profit_factor":0.0},{"date":"22/12/2025","date_ts":1766361600000,"profit_abs":0.0,"wins":0,"draws":2,"losses":0,"trades":2,"profit_factor":0.0},{"date":"23/12/2025","date_ts":1766448000000,"profit_abs":0.0,"wins":0,"draws":0,"losses":0,"trades":0,"profit_factor":0.0},{"date":"24/12/2025","date_ts":1766534400000,"profit_abs":0.0,"wins":0,"draws":0,"losses":0,"trades":0,"profit_factor":0.0},{"date":"25/12/2025","date_ts":1766620800000,"profit_abs":0.0,"wins":0,"draws":0,"losses":0,"trades":0,"profit_factor":0.0},{"date":"26/12/2025","date_ts":1766707200000,"profit_abs":0.0,"wins":0,"draws":0,"losses":0,"trades":0,"profit_factor":0.0},{"date":"27/12/2025","date_ts":1766793600000,"profit_abs":0.0,"wins":0,"draws":0,"losses":0,"trades":0,"profit_factor":0.0},{"date":"28/12/2025","date_ts":1766880000000,"profit_abs":0.0,"wins":0,"draws":0,"losses":0,"trades":0,"profit_factor":0.0},{"date":"29/12/2025","date_ts":1766966400000,"profit_abs":2.41230352,"wins":1,"draws":1,"losses":0,"trades":2,"profit_factor":0.0},{"date":"30/12/2025","date_ts":1767052800000,"profit_abs":0.0,"wins":0,"draws":0,"losses":0,"trades":0,"profit_factor":0.0},{"date":"31/12/2025","date_ts":1767139200000,"profit_abs":0.0,"wins":0,"draws":0,"losses":0,"trades":0,"profit_factor":0.0},{"date":"01/01/2026","date_ts":1767225600000,"profit_abs":0.0,"wins":0,"draws":0,"losses":0,"trades":0,"profit_factor":0.0},{"date":"02/01/2026","date_ts":1767312000000,"profit_abs":0.0,"wins":0,"draws":0,"losses":0,"trades":0,"profit_factor":0.0},{"date":"03/01/2026","date_ts":1767398400000,"profit_abs":0.0,"wins":0,"draws":0,"losses":0,"trades":0,"profit_factor":0.0},{"date":"04/01/2026","date_ts":1767484800000,"profit_abs":0.0,"wins":0,"draws":0,"losses":0,"trades":0,"profit_factor":0.0},{"date":"05/01/2026","date_ts":1767571200000,"profit_abs":0.0,"wins":0,"draws":0,"losses":0,"trades":0,"profit_factor":0.0},{"date":"06/01/2026","date_ts":1767657600000,"profit_abs":-15.74427318,"wins":0,"draws":0,"losses":1,"trades":1,"profit_factor":0.0}],"week":[{"date":"06/10/2025","date_ts":1759708800000,"profit_abs":2.78673703,"wins":1,"draws":1,"losses":0,"trades":2,"profit_factor":0.0},{"date":"13/10/2025","date_ts":1760313600000,"profit_abs":-25.7436183,"wins":0,"draws":0,"losses":2,"trades":2,"profit_factor":0.0},{"date":"20/10/2025","date_ts":1760918400000,"profit_abs":-13.95676116,"wins":1,"draws":2,"losses":1,"trades":4,"profit_factor":0.16618241},{"date":"27/10/2025","date_ts":1761523200000,"profit_abs":-13.06599981,"wins":2,"draws":0,"losses":1,"trades":3,"profit_factor":0.2083329},{"date":"03/11/2025","date_ts":1762128000000,"profit_abs":-16.27875495,"wins":0,"draws":2,"losses":1,"trades":3,"profit_factor":0.0},{"date":"10/11/2025","date_ts":1762732800000,"profit_abs":15.406173,"wins":1,"draws":0,"losses":0,"trades":1,"profit_factor":0.0},{"date":"17/11/2025","date_ts":1763337600000,"profit_abs":-5.11513408,"wins":0,"draws":0,"losses":1,"trades":1,"profit_factor":0.0},{"date":"24/11/2025","date_ts":1763942400000,"profit_abs":0.0,"wins":0,"draws":0,"losses":0,"trades":0,"profit_factor":0.0},{"date":"01/12/2025","date_ts":1764547200000,"profit_abs":0.0,"wins":0,"draws":0,"losses":0,"trades":0,"profit_factor":0.0},{"date":"08/12/2025","date_ts":1765152000000,"profit_abs":0.8069229,"wins":1,"draws":1,"losses":0,"trades":2,"profit_factor":0.0},{"date":"15/12/2025","date_ts":1765756800000,"profit_abs":-12.35503962,"wins":1,"draws":0,"losses":1,"trades":2,"profit_factor":0.23620656},{"date":"22/12/2025","date_ts":1766361600000,"profit_abs":-15.97536512,"wins":0,"draws":2,"losses":1,"trades":3,"profit_factor":0.0},{"date":"29/12/2025","date_ts":1766966400000,"profit_abs":2.41230352,"wins":1,"draws":1,"losses":0,"trades":2,"profit_factor":0.0},{"date":"05/01/2026","date_ts":1767571200000,"profit_abs":0.0,"wins":0,"draws":0,"losses":0,"trades":0,"profit_factor":0.0},{"date":"12/01/2026","date_ts":1768176000000,"profit_abs":-15.74427318,"wins":0,"draws":0,"losses":1,"trades":1,"profit_factor":0.0}],"month":[{"date":"31/10/2025","date_ts":1761868800000,"profit_abs":-49.97964224,"wins":4,"draws":3,"losses":4,"trades":11,"profit_factor":0.15269235},{"date":"30/11/2025","date_ts":1764460800000,"profit_abs":-5.98771603,"wins":1,"draws":2,"losses":2,"trades":5,"profit_factor":0.72012026},{"date":"31/12/2025","date_ts":1767139200000,"profit_abs":-25.11117832,"wins":3,"draws":4,"losses":2,"trades":9,"profit_factor":0.21896743},{"date":"31/01/2026","date_ts":1769817600000,"profit_abs":-15.74427318,"wins":0,"draws":0,"losses":1,"trades":1,"profit_factor":0.0}],"year":[{"date":"31/12/2025","date_ts":1767139200000,"profit_abs":-81.07853659,"wins":8,"draws":9,"losses":8,"trades":25,"profit_factor":0.27950403},{"date":"31/12/2026","date_ts":1798675200000,"profit_abs":-15.74427318,"wins":0,"draws":0,"losses":1,"trades":1,"profit_factor":0.0}],"weekday":[{"date":"Monday","date_ts":0,"profit_abs":-19.6529468,"wins":2,"draws":4,"losses":2,"trades":8,"profit_factor":0.20903751},{"date":"Tuesday","date_ts":1,"profit_abs":-15.74427318,"wins":0,"draws":0,"losses":1,"trades":1,"profit_factor":0.0},{"date":"Wednesday","date_ts":2,"profit_abs":-32.47977687,"wins":0,"draws":0,"losses":2,"trades":2,"profit_factor":0.0},{"date":"Thursday","date_ts":3,"profit_abs":-26.30668925,"wins":2,"draws":1,"losses":2,"trades":5,"profit_factor":0.20075144},{"date":"Friday","date_ts":4,"profit_abs":-1.22580443,"wins":2,"draws":0,"losses":1,"trades":3,"profit_factor":0.92863063},{"date":"Saturday","date_ts":5,"profit_abs":0.0,"wins":0,"draws":2,"losses":0,"trades":2,"profit_factor":0.0},{"date":"Sunday","date_ts":6,"profit_abs":-1.41331924,"wins":2,"draws":2,"losses":1,"trades":5,"profit_factor":0.7236985}]},"backtest_best_day":0.04995004995004995,"backtest_worst_day":-0.0518927995816743,"backtest_best_day_abs":15.406173,"backtest_worst_day_abs":-17.17549743,"winning_days":7,"draw_days":81,"losing_days":9,"daily_profit":[["2025-10-02",2.78673703],["2025-10-03",0.0],["2025-10-04",0.0],["2025-10-05",0.0],["2025-10-06",0.0],["2025-10-07",0.0],["2025-10-08",0.0],["2025-10-09",0.0],["2025-10-10",-17.17549743],["2025-10-11",0.0],["2025-10-12",0.0],["2025-10-13",-8.56812087],["2025-10-14",0.0],["2025-10-15",0.0],["2025-10-16",-16.73838666],["2025-10-17",0.0],["2025-10-18",0.0],["2025-10-19",0.0],["2025-10-20",2.7816255],["2025-10-21",0.0],["2025-10-22",-16.50441175],["2025-10-23",0.0],["2025-10-24",0.54352],["2025-10-25",0.0],["2025-10-26",2.89489194],["2025-10-27",0.0],["2025-10-28",0.0],["2025-10-29",0.0],["2025-10-30",0.0],["2025-10-31",0.0],["2025-11-01",0.0],["2025-11-02",0.0],["2025-11-03",-16.27875495],["2025-11-04",0.0],["2025-11-05",0.0],["2025-11-06",0.0],["2025-11-07",15.406173],["2025-11-08",0.0],["2025-11-09",0.0],["2025-11-10",0.0],["2025-11-11",0.0],["2025-11-12",0.0],["2025-11-13",0.0],["2025-11-14",0.0],["2025-11-15",0.0],["2025-11-16",-5.11513408],["2025-11-17",0.0],["2025-11-18",0.0],["2025-11-19",0.0],["2025-11-20",0.0],["2025-11-21",0.0],["2025-11-22",0.0],["2025-11-23",0.0],["2025-11-24",0.0],["2025-11-25",0.0],["2025-11-26",0.0],["2025-11-27",0.0],["2025-11-28",0.0],["2025-11-29",0.0],["2025-11-30",0.0],["2025-12-01",0.0],["2025-12-02",0.0],["2025-12-03",0.0],["2025-12-04",0.0],["2025-12-05",0.0],["2025-12-06",0.0],["2025-12-07",0.8069229],["2025-12-08",0.0],["2025-12-09",0.0],["2025-12-10",0.0],["2025-12-11",-12.35503962],["2025-12-12",0.0],["2025-12-13",0.0],["2025-12-14",0.0],["2025-12-15",0.0],["2025-12-16",0.0],["2025-12-17",-15.97536512],["2025-12-18",0.0],["2025-12-19",0.0],["2025-12-20",0.0],["2025-12-21",0.0],["2025-12-22",0.0],["2025-12-23",0.0],["2025-12-24",0.0],["2025-12-25",0.0],["2025-12-26",0.0],["2025-12-27",0.0],["2025-12-28",0.0],["2025-12-29",2.41230352],["2025-12-30",0.0],["2025-12-31",0.0],["2026-01-01",0.0],["2026-01-02",0.0],["2026-01-03",0.0],["2026-01-04",0.0],["2026-01-05",0.0],["2026-01-06",-15.74427318]],"wins":8,"losses":9,"draws":9,"winrate":0.3076923076923077,"holding_avg":"4:32:00","holding_avg_s":16320.0,"winner_holding_min":"0d 01:00","winner_holding_min_s":3600.0,"winner_holding_max":"0d 02:00","winner_holding_max_s":7200.0,"winner_holding_avg":"0d 01:52","winner_holding_avg_s":6720.0,"loser_holding_min":"0d 01:00","loser_holding_min_s":3600.0,"loser_holding_max":"0d 19:00","loser_holding_max_s":68400.0,"loser_holding_avg":"0d 05:13","loser_holding_avg_s":18780.0,"max_consecutive_wins":2,"max_consecutive_losses":6,"max_drawdown_account":0.09933273259578433,"max_relative_drawdown":0.09933273259578433,"max_drawdown_abs":99.60954679999999,"drawdown_start":"2025-10-02 22:00:00","drawdown_start_ts":1759442400000.0,"drawdown_end":"2026-01-06 16:00:00","drawdown_end_ts":1767715200000.0,"drawdown_duration":"95 days 18:00:00","drawdown_duration_s":8272800.0,"max_drawdown_low":-96.82280976999999,"max_drawdown_high":2.78673703,"csum_min":903.17719023,"csum_max":1002.78673703}},"strategy_comparison":[{"key":"ACO_81_3","trades":26,"profit_mean":-0.011716922600844858,"profit_mean_pct":-1.17,"profit_total_abs":-96.82280976999999,"profit_total":-0.09682280976999999,"profit_total_pct":-9.68,"duration_avg":"4:32:00","wins":8,"draws":9,"losses":9,"winrate":0.3076923076923077,"cagr":-0.3183229585299847,"expectancy":-3.7239542219230763,"expectancy_ratio":-0.6074313338273604,"sortino":-4.693194069314957,"sharpe":-2.2314362487619435,"calmar":-19.198177233934153,"sqn":-2.1787,"profit_factor":0.2451983689431811,"max_drawdown_account":0.09933273259578433,"max_drawdown_abs":"99.61"}]}