{"strategy":{"ACO_20_18":{"trades":[{"pair":"DOGE/USDT","stake_amount":329.86544,"max_stake_amount":329.86544,"amount":1322.0,"open_date":"2025-10-04 12:00:00+00:00","close_date":"2025-10-04 14:00:00+00:00","open_rate":0.24952,"close_rate":0.25119,"fee_open":0.001,"fee_close":0.001,"trade_duration":120,"profit_ratio":0.004681475946304416,"profit_abs":1.54580138,"exit_reason":"roi","initial_stop_loss_abs":0.23705,"initial_stop_loss_ratio":-0.05,"stop_loss_abs":0.23705,"stop_loss_ratio":-0.05,"min_rate":0.24872,"max_rate":0.25268,"is_open":false,"enter_tag":"","leverage":1.0,"is_short":false,"open_timestamp":1759579200000,"close_timestamp":1759586400000,"orders":[{"amount":1322.0,"safe_price":0.24952,"ft_order_side":"buy","order_filled_timestamp":1759579200000,"ft_is_entry":true,"ft_order_tag":"","cost":330.19530543999997},{"amount":1322.0,"safe_price":0.25119,"ft_order_side":"sell","order_filled_timestamp":1759586400000,"ft_is_entry":false,"ft_order_tag":"roi","cost":332.40525318}],"funding_fees":0.0,"weekday":5},{"pair":"DOGE/USDT","stake_amount":330.30925,"max_stake_amount":330.30925,"amount":1325.0,"open_date":"2025-10-07 20:00:00+00:00","close_date":"2025-10-07 22:00:00+00:00","open_rate":0.24929,"close_rate":0.24978907907907907,"fee_open":0.001,"fee_close":0.001,"trade_duration":120,"profit_ratio":0.0,"profit_abs":0.0,"exit_reason":"roi","initial_stop_loss_abs":0.23683,"initial_stop_loss_ratio":-0.05,"stop_loss_abs":0.23683,"stop_loss_ratio":-0.05,"min_rate":0.24879,"max_rate":0.25214,"is_open":false,"enter_tag":"","leverage":1.0,"is_short":false,"open_timestamp":1759867200000,"close_timestamp":1759874400000,"orders":[{"amount":1325.0,"safe_price":0.24929,"ft_order_side":"buy","order_filled_timestamp":1759867200000,"ft_is_entry":true,"ft_order_tag":"","cost":330.63955925},{"amount":1325.0,"safe_price":0.24978907907907907,"ft_order_side":"sell","order_filled_timestamp":1759874400000,"ft_is_entry":false,"ft_order_tag":"roi","cost":331.3015003095595}],"funding_fees":0.0,"weekday":1},{"pair":"DOGE/USDT","stake_amount":330.31344,"max_stake_amount":330.31344,"amount":1328.0,"open_date":"2025-10-08 01:00:00+00:00","close_date":"2025-10-08 08:00:00+00:00","open_rate":0.24873,"close_rate":0.24922795795795794,"fee_open":0.001,"fee_close":0.001,"trade_duration":420,"profit_ratio":0.0,"profit_abs":0.0,"exit_reason":"roi","initial_stop_loss_abs":0.2363,"initial_stop_loss_ratio":-0.05,"stop_loss_abs":0.2363,"stop_loss_ratio":-0.05,"min_rate":0.24291,"max_rate":0.25061,"is_open":false,"enter_tag":"","leverage":1.0,"is_short":false,"open_timestamp":1759885200000,"close_timestamp":1759910400000,"orders":[{"amount":1328.0,"safe_price":0.24873,"ft_order_side":"buy","order_filled_timestamp":1759885200000,"ft_is_entry":true,"ft_order_tag":"","cost":330.64375343999995},{"amount":1328.0,"safe_price":0.24922795795795794,"ft_order_side":"sell","order_filled_timestamp":1759910400000,"ft_is_entry":false,"ft_order_tag":"roi","cost":331.3057028963363}],"funding_fees":0.0,"weekday":2},{"pair":"DOGE/USDT","stake_amount":330.41952,"max_stake_amount":330.41952,"amount":1336.0,"open_date":"2025-10-09 08:00:00+00:00","close_date":"2025-10-09 11:00:00+00:00","open_rate":0.24732,"close_rate":0.24781513513513512,"fee_open":0.001,"fee_close":0.001,"trade_duration":180,"profit_ratio":0.0,"profit_abs":0.0,"exit_reason":"roi","initial_stop_loss_abs":0.23496,"initial_stop_loss_ratio":-0.05,"stop_loss_abs":0.23496,"stop_loss_ratio":-0.05,"min_rate":0.24305,"max_rate":0.24806,"is_open":false,"enter_tag":"","leverage":1.0,"is_short":false,"open_timestamp":1759996800000,"close_timestamp":1760007600000,"orders":[{"amount":1336.0,"safe_price":0.24732,"ft_order_side":"buy","order_filled_timestamp":1759996800000,"ft_is_entry":true,"ft_order_tag":"","cost":330.74993952},{"amount":1336.0,"safe_price":0.24781513513513512,"ft_order_side":"sell","order_filled_timestamp":1760007600000,"ft_is_entry":false,"ft_order_tag":"roi","cost":331.41210156108104}],"funding_fees":0.0,"weekday":3},{"pair":"DOGE/USDT","stake_amount":330.35775,"max_stake_amount":330.35775,"amount":1425.0,"open_date":"2025-10-10 20:00:00+00:00","close_date":"2025-10-10 20:00:00+00:00","open_rate":0.23183,"close_rate":0.22024,"fee_open":0.001,"fee_close":0.001,"trade_duration":0,"profit_ratio":-0.05189164456731209,"profit_abs":-17.15994975,"exit_reason":"stop_loss","initial_stop_loss_abs":0.22024,"initial_stop_loss_ratio":-0.05,"stop_loss_abs":0.22024,"stop_loss_ratio":-0.05,"min_rate":0.21607,"max_rate":0.23455,"is_open":false,"enter_tag":"","leverage":1.0,"is_short":false,"open_timestamp":1760126400000,"close_timestamp":1760126400000,"orders":[{"amount":1425.0,"safe_price":0.23183,"ft_order_side":"buy","order_filled_timestamp":1760126400000,"ft_is_entry":true,"ft_order_tag":"","cost":330.68810775},{"amount":1425.0,"safe_price":0.22024,"ft_order_side":"sell","order_filled_timestamp":1760126400000,"ft_is_entry":false,"ft_order_tag":"stop_loss","cost":314.15584199999995}],"funding_fees":0.0,"weekday":4},{"pair":"DOGE/USDT","stake_amount":324.76098,"max_stake_amount":324.76098,"amount":1626.0,"open_date":"2025-10-14 09:00:00+00:00","close_date":"2025-10-14 11:00:00+00:00","open_rate":0.19973,"close_rate":0.20012985985985984,"fee_open":0.001,"fee_close":0.001,"trade_duration":120,"profit_ratio":0.0,"profit_abs":0.0,"exit_reason":"roi","initial_stop_loss_abs":0.18975,"initial_stop_loss_ratio":-0.05,"stop_loss_abs":0.18975,"stop_loss_ratio":-0.05,"min_rate":0.19436,"max_rate":0.20113,"is_open":false,"enter_tag":"","leverage":1.0,"is_short":false,"open_timestamp":1760432400000,"close_timestamp":1760439600000,"orders":[{"amount":1626.0,"safe_price":0.19973,"ft_order_side":"buy","order_filled_timestamp":1760432400000,"ft_is_entry":true,"ft_order_tag":"","cost":325.0857409799999},{"amount":1626.0,"safe_price":0.20012985985985984,"ft_order_side":"sell","order_filled_timestamp":1760439600000,"ft_is_entry":false,"ft_order_tag":"roi","cost":325.7365632842642}],"funding_fees":0.0,"weekday":1},{"pair":"DOGE/USDT","stake_amount":324.74624,"max_stake_amount":324.74624,"amount":1664.0,"open_date":"2025-10-15 23:00:00+00:00","close_date":"2025-10-16 01:00:00+00:00","open_rate":0.19516,"close_rate":0.19584,"fee_open":0.001,"fee_close":0.001,"trade_duration":120,"profit_ratio":0.001479356880053744,"profit_abs":0.480896,"exit_reason":"roi","initial_stop_loss_abs":0.18541,"initial_stop_loss_ratio":-0.05,"stop_loss_abs":0.18541,"stop_loss_ratio":-0.05,"min_rate":0.19482,"max_rate":0.19844,"is_open":false,"enter_tag":"","leverage":1.0,"is_short":false,"open_timestamp":1760569200000,"close_timestamp":1760576400000,"orders":[{"amount":1664.0,"safe_price":0.19516,"ft_order_side":"buy","order_filled_timestamp":1760569200000,"ft_is_entry":true,"ft_order_tag":"","cost":325.07098623999997},{"amount":1664.0,"safe_price":0.19584,"ft_order_side":"sell","order_filled_timestamp":1760576400000,"ft_is_entry":false,"ft_order_tag":"roi","cost":326.20363775999994}],"funding_fees":0.0,"weekday":3},{"pair":"DOGE/USDT","stake_amount":324.93749,"max_stake_amount":324.93749,"amount":1693.0,"open_date":"2025-10-22 08:00:00+00:00","close_date":"2025-10-22 12:00:00+00:00","open_rate":0.19193,"close_rate":0.1923142442442442,"fee_open":0.001,"fee_close":0.001,"trade_duration":240,"profit_ratio":0.0,"profit_abs":0.0,"exit_reason":"roi","initial_stop_loss_abs":0.18234,"initial_stop_loss_ratio":-0.05,"stop_loss_abs":0.18234,"stop_loss_ratio":-0.05,"min_rate":0.18663,"max_rate":0.19233,"is_open":false,"enter_tag":"","leverage":1.0,"is_short":false,"open_timestamp":1761120000000,"close_timestamp":1761134400000,"orders":[{"amount":1693.0,"safe_price":0.19193,"ft_order_side":"buy","order_filled_timestamp":1761120000000,"ft_is_entry":true,"ft_order_tag":"","cost":325.26242748999994},{"amount":1693.0,"safe_price":0.1923142442442442,"ft_order_side":"sell","order_filled_timestamp":1761134400000,"ft_is_entry":false,"ft_order_tag":"roi","cost":325.9136035210109}],"funding_fees":0.0,"weekday":2},{"pair":"DOGE/USDT","stake_amount":324.98382,"max_stake_amount":324.98382,"amount":1787.0,"open_date":"2025-10-30 17:00:00+00:00","close_date":"2025-10-30 23:00:00+00:00","open_rate":0.18186,"close_rate":0.18222408408408405,"fee_open":0.001,"fee_close":0.001,"trade_duration":360,"profit_ratio":0.0,"profit_abs":0.0,"exit_reason":"roi","initial_stop_loss_abs":0.17277,"initial_stop_loss_ratio":-0.05,"stop_loss_abs":0.17277,"stop_loss_ratio":-0.05,"min_rate":0.17642,"max_rate":0.18287,"is_open":false,"enter_tag":"","leverage":1.0,"is_short":false,"open_timestamp":1761843600000,"close_timestamp":1761865200000,"orders":[{"amount":1787.0,"safe_price":0.18186,"ft_order_side":"buy","order_filled_timestamp":1761843600000,"ft_is_entry":true,"ft_order_tag":"","cost":325.3088038199999},{"amount":1787.0,"safe_price":0.18222408408408405,"ft_order_side":"sell","order_filled_timestamp":1761865200000,"ft_is_entry":false,"ft_order_tag":"roi","cost":325.9600726965165}],"funding_fees":0.0,"weekday":3},{"pair":"DOGE/USDT","stake_amount":324.86688,"max_stake_amount":324.86688,"amount":1872.0,"open_date":"2025-11-03 08:00:00+00:00","close_date":"2025-11-03 11:00:00+00:00","open_rate":0.17354,"close_rate":0.1738874274274274,"fee_open":0.001,"fee_close":0.001,"trade_duration":180,"profit_ratio":0.0,"profit_abs":0.0,"exit_reason":"roi","initial_stop_loss_abs":0.16487,"initial_stop_loss_ratio":-0.05,"stop_loss_abs":0.16487,"stop_loss_ratio":-0.05,"min_rate":0.1714,"max_rate":0.17534,"is_open":false,"enter_tag":"","leverage":1.0,"is_short":false,"open_timestamp":1762156800000,"close_timestamp":1762167600000,"orders":[{"amount":1872.0,"safe_price":0.17354,"ft_order_side":"buy","order_filled_timestamp":1762156800000,"ft_is_entry":true,"ft_order_tag":"","cost":325.1917468799999},{"amount":1872.0,"safe_price":0.1738874274274274,"ft_order_side":"sell","order_filled_timestamp":1762167600000,"ft_is_entry":false,"ft_order_tag":"roi","cost":325.8427814082882}],"funding_fees":0.0,"weekday":0},{"pair":"DOGE/USDT","stake_amount":324.8691,"max_stake_amount":324.8691,"amount":2026.0,"open_date":"2025-11-06 18:00:00+00:00","close_date":"2025-11-06 20:00:00+00:00","open_rate":0.16035,"close_rate":0.16077,"fee_open":0.001,"fee_close":0.001,"trade_duration":120,"profit_ratio":0.0006160350407310182,"profit_abs":0.20033088,"exit_reason":"roi","initial_stop_loss_abs":0.15234,"initial_stop_loss_ratio":-0.05,"stop_loss_abs":0.15234,"stop_loss_ratio":-0.05,"min_rate":0.15869,"max_rate":0.16212,"is_open":false,"enter_tag":"","leverage":1.0,"is_short":false,"open_timestamp":1762452000000,"close_timestamp":1762459200000,"orders":[{"amount":2026.0,"safe_price":0.16035,"ft_order_side":"buy","order_filled_timestamp":1762452000000,"ft_is_entry":true,"ft_order_tag":"","cost":325.19396909999995},{"amount":2026.0,"safe_price":0.16077,"ft_order_side":"sell","order_filled_timestamp":1762459200000,"ft_is_entry":false,"ft_order_tag":"roi","cost":326.0457400199999}],"funding_fees":0.0,"weekday":3},{"pair":"DOGE/USDT","stake_amount":324.9792,"max_stake_amount":324.9792,"amount":2016.0,"open_date":"2025-11-13 21:00:00+00:00","close_date":"2025-11-13 23:00:00+00:00","open_rate":0.1612,"close_rate":0.16382,"fee_open":0.001,"fee_close":0.001,"trade_duration":120,"profit_ratio":0.014222626009226504,"profit_abs":4.62667968,"exit_reason":"roi","initial_stop_loss_abs":0.15314,"initial_stop_loss_ratio":-0.05,"stop_loss_abs":0.15314,"stop_loss_ratio":-0.05,"min_rate":0.16015,"max_rate":0.16535,"is_open":false,"enter_tag":"","leverage":1.0,"is_short":false,"open_timestamp":1763067600000,"close_timestamp":1763074800000,"orders":[{"amount":2016.0,"safe_price":0.1612,"ft_order_side":"buy","order_filled_timestamp":1763067600000,"ft_is_entry":true,"ft_order_tag":"","cost":325.30417919999996},{"amount":2016.0,"safe_price":0.16382,"ft_order_side":"sell","order_filled_timestamp":1763074800000,"ft_is_entry":false,"ft_order_tag":"roi","cost":330.59138112}],"funding_fees":0.0,"weekday":3},{"pair":"DOGE/USDT","stake_amount":326.56876,"max_stake_amount":326.56876,"amount":1988.0,"open_date":"2025-11-14 06:00:00+00:00","close_date":"2025-11-14 08:00:00+00:00","open_rate":0.16427,"close_rate":0.1651,"fee_open":0.001,"fee_close":0.001,"trade_duration":120,"profit_ratio":0.003044559993485543,"profit_abs":0.99525244,"exit_reason":"roi","initial_stop_loss_abs":0.15606,"initial_stop_loss_ratio":-0.05,"stop_loss_abs":0.15606,"stop_loss_ratio":-0.05,"min_rate":0.16123,"max_rate":0.16628,"is_open":false,"enter_tag":"","leverage":1.0,"is_short":false,"open_timestamp":1763100000000,"close_timestamp":1763107200000,"orders":[{"amount":1988.0,"safe_price":0.16427,"ft_order_side":"buy","order_filled_timestamp":1763100000000,"ft_is_entry":true,"ft_order_tag":"","cost":326.89532876},{"amount":1988.0,"safe_price":0.1651,"ft_order_side":"sell","order_filled_timestamp":1763107200000,"ft_is_entry":false,"ft_order_tag":"roi","cost":328.54701879999993}],"funding_fees":0.0,"weekday":4},{"pair":"DOGE/USDT","stake_amount":326.90588,"max_stake_amount":326.90588,"amount":2149.0,"open_date":"2025-11-17 22:00:00+00:00","close_date":"2025-11-18 00:00:00+00:00","open_rate":0.15212,"close_rate":0.15242454454454452,"fee_open":0.001,"fee_close":0.001,"trade_duration":120,"profit_ratio":0.0,"profit_abs":0.0,"exit_reason":"roi","initial_stop_loss_abs":0.14452,"initial_stop_loss_ratio":-0.05,"stop_loss_abs":0.14452,"stop_loss_ratio":-0.05,"min_rate":0.14943,"max_rate":0.15298,"is_open":false,"enter_tag":"","leverage":1.0,"is_short":false,"open_timestamp":1763416800000,"close_timestamp":1763424000000,"orders":[{"amount":2149.0,"safe_price":0.15212,"ft_order_side":"buy","order_filled_timestamp":1763416800000,"ft_is_entry":true,"ft_order_tag":"","cost":327.23278588},{"amount":2149.0,"safe_price":0.15242454454454452,"ft_order_side":"sell","order_filled_timestamp":1763424000000,"ft_is_entry":false,"ft_order_tag":"roi","cost":327.8879065724523}],"funding_fees":0.0,"weekday":1},{"pair":"DOGE/USDT","stake_amount":326.78676,"max_stake_amount":326.78676,"amount":2196.0,"open_date":"2025-11-19 20:00:00+00:00","close_date":"2025-11-19 22:00:00+00:00","open_rate":0.14881,"close_rate":0.15416,"fee_open":0.001,"fee_close":0.001,"trade_duration":120,"profit_ratio":0.033882051017996184,"profit_abs":11.08327788,"exit_reason":"roi","initial_stop_loss_abs":0.14137,"initial_stop_loss_ratio":-0.05,"stop_loss_abs":0.14137,"stop_loss_ratio":-0.05,"min_rate":0.148,"max_rate":0.15449,"is_open":false,"enter_tag":"","leverage":1.0,"is_short":false,"open_timestamp":1763582400000,"close_timestamp":1763589600000,"orders":[{"amount":2196.0,"safe_price":0.14881,"ft_order_side":"buy","order_filled_timestamp":1763582400000,"ft_is_entry":true,"ft_order_tag":"","cost":327.11354675999996},{"amount":2196.0,"safe_price":0.15416,"ft_order_side":"sell","order_filled_timestamp":1763589600000,"ft_is_entry":false,"ft_order_tag":"roi","cost":338.87389535999995}],"funding_fees":0.0,"weekday":2},{"pair":"DOGE/USDT","stake_amount":330.5475,"max_stake_amount":330.5475,"amount":2250.0,"open_date":"2025-11-21 04:00:00+00:00","close_date":"2025-11-21 07:00:00+00:00","open_rate":0.14691,"close_rate":0.13957,"fee_open":0.001,"fee_close":0.001,"trade_duration":180,"profit_ratio":-0.05186073881193342,"profit_abs":-17.15958,"exit_reason":"stop_loss","initial_stop_loss_abs":0.13957,"initial_stop_loss_ratio":-0.05,"stop_loss_abs":0.13957,"stop_loss_ratio":-0.05,"min_rate":0.13441,"max_rate":0.14824,"is_open":false,"enter_tag":"","leverage":1.0,"is_short":false,"open_timestamp":1763697600000,"close_timestamp":1763708400000,"orders":[{"amount":2250.0,"safe_price":0.14691,"ft_order_side":"buy","order_filled_timestamp":1763697600000,"ft_is_entry":true,"ft_order_tag":"","cost":330.8780475},{"amount":2250.0,"safe_price":0.13957,"ft_order_side":"sell","order_filled_timestamp":1763708400000,"ft_is_entry":false,"ft_order_tag":"stop_loss","cost":314.34653249999997}],"funding_fees":0.0,"weekday":4},{"pair":"DOGE/USDT","stake_amount":324.82875,"max_stake_amount":324.82875,"amount":2375.0,"open_date":"2025-11-21 12:00:00+00:00","close_date":"2025-11-21 14:00:00+00:00","open_rate":0.13677,"close_rate":0.14011,"fee_open":0.001,"fee_close":0.001,"trade_duration":120,"profit_ratio":0.022373765738538717,"profit_abs":7.27491,"exit_reason":"roi","initial_stop_loss_abs":0.12994,"initial_stop_loss_ratio":-0.05,"stop_loss_abs":0.12994,"stop_loss_ratio":-0.05,"min_rate":0.13321,"max_rate":0.14209,"is_open":false,"enter_tag":"","leverage":1.0,"is_short":false,"open_timestamp":1763726400000,"close_timestamp":1763733600000,"orders":[{"amount":2375.0,"safe_price":0.13677,"ft_order_side":"buy","order_filled_timestamp":1763726400000,"ft_is_entry":true,"ft_order_tag":"","cost":325.15357874999995},{"amount":2375.0,"safe_price":0.14011,"ft_order_side":"sell","order_filled_timestamp":1763733600000,"ft_is_entry":false,"ft_order_tag":"roi","cost":333.09401125}],"funding_fees":0.0,"weekday":4},{"pair":"DOGE/USDT","stake_amount":327.29736,"max_stake_amount":327.29736,"amount":2392.0,"open_date":"2025-12-01 05:00:00+00:00","close_date":"2025-12-01 07:00:00+00:00","open_rate":0.13683,"close_rate":0.1371039339339339,"fee_open":0.001,"fee_close":0.001,"trade_duration":120,"profit_ratio":0.0,"profit_abs":0.0,"exit_reason":"roi","initial_stop_loss_abs":0.12999,"initial_stop_loss_ratio":-0.05,"stop_loss_abs":0.12999,"stop_loss_ratio":-0.05,"min_rate":0.13655,"max_rate":0.13778,"is_open":false,"enter_tag":"","leverage":1.0,"is_short":false,"open_timestamp":1764565200000,"close_timestamp":1764572400000,"orders":[{"amount":2392.0,"safe_price":0.13683,"ft_order_side":"buy","order_filled_timestamp":1764565200000,"ft_is_entry":true,"ft_order_tag":"","cost":327.62465736},{"amount":2392.0,"safe_price":0.1371039339339339,"ft_order_side":"sell","order_filled_timestamp":1764572400000,"ft_is_entry":false,"ft_order_tag":"roi","cost":328.28056257993984}],"funding_fees":0.0,"weekday":0},{"pair":"DOGE/USDT","stake_amount":327.27366,"max_stake_amount":327.27366,"amount":2462.0,"open_date":"2025-12-01 18:00:00+00:00","close_date":"2025-12-01 20:00:00+00:00","open_rate":0.13293,"close_rate":0.13327,"fee_open":0.001,"fee_close":0.001,"trade_duration":120,"profit_ratio":0.0005546247929457137,"profit_abs":0.1816956,"exit_reason":"roi","initial_stop_loss_abs":0.12629,"initial_stop_loss_ratio":-0.05,"stop_loss_abs":0.12629,"stop_loss_ratio":-0.05,"min_rate":0.13262,"max_rate":0.13493,"is_open":false,"enter_tag":"","leverage":1.0,"is_short":false,"open_timestamp":1764612000000,"close_timestamp":1764619200000,"orders":[{"amount":2462.0,"safe_price":0.13293,"ft_order_side":"buy","order_filled_timestamp":1764612000000,"ft_is_entry":true,"ft_order_tag":"","cost":327.60093365999995},{"amount":2462.0,"safe_price":0.13327,"ft_order_side":"sell","order_filled_timestamp":1764619200000,"ft_is_entry":false,"ft_order_tag":"roi","cost":328.43885073999996}],"funding_fees":0.0,"weekday":0},{"pair":"DOGE/USDT","stake_amount":327.26985,"max_stake_amount":327.26985,"amount":2265.0,"open_date":"2025-12-05 13:00:00+00:00","close_date":"2025-12-05 19:00:00+00:00","open_rate":0.14449,"close_rate":0.13727,"fee_open":0.001,"fee_close":0.001,"trade_duration":360,"profit_ratio":-0.05186702010011581,"profit_abs":-16.9914864,"exit_reason":"stop_loss","initial_stop_loss_abs":0.13727,"initial_stop_loss_ratio":-0.05,"stop_loss_abs":0.13727,"stop_loss_ratio":-0.05,"min_rate":0.13722,"max_rate":0.14492,"is_open":false,"enter_tag":"","leverage":1.0,"is_short":false,"open_timestamp":1764939600000,"close_timestamp":1764961200000,"orders":[{"amount":2265.0,"safe_price":0.14449,"ft_order_side":"buy","order_filled_timestamp":1764939600000,"ft_is_entry":true,"ft_order_tag":"","cost":327.59711984999996},{"amount":2265.0,"safe_price":0.13727,"ft_order_side":"sell","order_filled_timestamp":1764961200000,"ft_is_entry":false,"ft_order_tag":"stop_loss","cost":311.22746655}],"funding_fees":0.0,"weekday":4},{"pair":"DOGE/USDT","stake_amount":321.69228,"max_stake_amount":321.69228,"amount":2314.0,"open_date":"2025-12-05 20:00:00+00:00","close_date":"2025-12-05 22:00:00+00:00","open_rate":0.13902,"close_rate":0.13929831831831832,"fee_open":0.001,"fee_close":0.001,"trade_duration":120,"profit_ratio":0.0,"profit_abs":0.0,"exit_reason":"roi","initial_stop_loss_abs":0.13207,"initial_stop_loss_ratio":-0.05,"stop_loss_abs":0.13207,"stop_loss_ratio":-0.05,"min_rate":0.13803,"max_rate":0.13944,"is_open":false,"enter_tag":"","leverage":1.0,"is_short":false,"open_timestamp":1764964800000,"close_timestamp":1764972000000,"orders":[{"amount":2314.0,"safe_price":0.13902,"ft_order_side":"buy","order_filled_timestamp":1764964800000,"ft_is_entry":true,"ft_order_tag":"","cost":322.01397227999996},{"amount":2314.0,"safe_price":0.13929831831831832,"ft_order_side":"sell","order_filled_timestamp":1764972000000,"ft_is_entry":false,"ft_order_tag":"roi","cost":322.6586448971771}],"funding_fees":0.0,"weekday":4},{"pair":"DOGE/USDT","stake_amount":321.7152,"max_stake_amount":321.7152,"amount":2272.0,"open_date":"2025-12-09 04:00:00+00:00","close_date":"2025-12-09 13:00:00+00:00","open_rate":0.1416,"close_rate":0.14188348348348348,"fee_open":0.001,"fee_close":0.001,"trade_duration":540,"profit_ratio":0.0,"profit_abs":0.0,"exit_reason":"roi","initial_stop_loss_abs":0.13452,"initial_stop_loss_ratio":-0.05,"stop_loss_abs":0.13452,"stop_loss_ratio":-0.05,"min_rate":0.13942,"max_rate":0.14244,"is_open":false,"enter_tag":"","leverage":1.0,"is_short":false,"open_timestamp":1765252800000,"close_timestamp":1765285200000,"orders":[{"amount":2272.0,"safe_price":0.1416,"ft_order_side":"buy","order_filled_timestamp":1765252800000,"ft_is_entry":true,"ft_order_tag":"","cost":322.03691519999995},{"amount":2272.0,"safe_price":0.14188348348348348,"ft_order_side":"sell","order_filled_timestamp":1765285200000,"ft_is_entry":false,"ft_order_tag":"roi","cost":322.6816337489489}],"funding_fees":0.0,"weekday":1},{"pair":"DOGE/USDT","stake_amount":321.67206,"max_stake_amount":321.67206,"amount":2349.0,"open_date":"2025-12-14 13:00:00+00:00","close_date":"2025-12-15 02:00:00+00:00","open_rate":0.13694,"close_rate":0.13721415415415414,"fee_open":0.001,"fee_close":0.001,"trade_duration":780,"profit_ratio":0.0,"profit_abs":0.0,"exit_reason":"roi","initial_stop_loss_abs":0.1301,"initial_stop_loss_ratio":-0.05,"stop_loss_abs":0.1301,"stop_loss_ratio":-0.05,"min_rate":0.13261,"max_rate":0.13845,"is_open":false,"enter_tag":"","leverage":1.0,"is_short":false,"open_timestamp":1765717200000,"close_timestamp":1765764000000,"orders":[{"amount":2349.0,"safe_price":0.13694,"ft_order_side":"buy","order_filled_timestamp":1765717200000,"ft_is_entry":true,"ft_order_tag":"","cost":321.99373205999996},{"amount":2349.0,"safe_price":0.13721415415415414,"ft_order_side":"sell","order_filled_timestamp":1765764000000,"ft_is_entry":false,"ft_order_tag":"roi","cost":322.63836415621614}],"funding_fees":0.0,"weekday":0},{"pair":"DOGE/USDT","stake_amount":321.7704,"max_stake_amount":321.7704,"amount":2506.0,"open_date":"2025-12-15 19:00:00+00:00","close_date":"2025-12-15 21:00:00+00:00","open_rate":0.1284,"close_rate":0.12865705705705702,"fee_open":0.001,"fee_close":0.001,"trade_duration":120,"profit_ratio":0.0,"profit_abs":0.0,"exit_reason":"roi","initial_stop_loss_abs":0.12198,"initial_stop_loss_ratio":-0.05,"stop_loss_abs":0.12198,"stop_loss_ratio":-0.05,"min_rate":0.12752,"max_rate":0.12942,"is_open":false,"enter_tag":"","leverage":1.0,"is_short":false,"open_timestamp":1765825200000,"close_timestamp":1765832400000,"orders":[{"amount":2506.0,"safe_price":0.1284,"ft_order_side":"buy","order_filled_timestamp":1765825200000,"ft_is_entry":true,"ft_order_tag":"","cost":322.09217039999993},{"amount":2506.0,"safe_price":0.12865705705705702,"ft_order_side":"sell","order_filled_timestamp":1765832400000,"ft_is_entry":false,"ft_order_tag":"roi","cost":322.73699956996984}],"funding_fees":0.0,"weekday":0},{"pair":"DOGE/USDT","stake_amount":321.71424,"max_stake_amount":321.71424,"amount":2544.0,"open_date":"2025-12-17 20:00:00+00:00","close_date":"2025-12-17 22:00:00+00:00","open_rate":0.12646,"close_rate":0.12671317317317315,"fee_open":0.001,"fee_close":0.001,"trade_duration":120,"profit_ratio":0.0,"profit_abs":0.0,"exit_reason":"roi","initial_stop_loss_abs":0.12014,"initial_stop_loss_ratio":-0.05,"stop_loss_abs":0.12014,"stop_loss_ratio":-0.05,"min_rate":0.12533,"max_rate":0.12782,"is_open":false,"enter_tag":"","leverage":1.0,"is_short":false,"open_timestamp":1766001600000,"close_timestamp":1766008800000,"orders":[{"amount":2544.0,"safe_price":0.12646,"ft_order_side":"buy","order_filled_timestamp":1766001600000,"ft_is_entry":true,"ft_order_tag":"","cost":322.0359542399999},{"amount":2544.0,"safe_price":0.12671317317317315,"ft_order_side":"sell","order_filled_timestamp":1766008800000,"ft_is_entry":false,"ft_order_tag":"roi","cost":322.680670865105}],"funding_fees":0.0,"weekday":2},{"pair":"DOGE/USDT","stake_amount":321.73072,"max_stake_amount":321.73072,"amount":2564.0,"open_date":"2025-12-18 05:00:00+00:00","close_date":"2025-12-18 09:00:00+00:00","open_rate":0.12548,"close_rate":0.1257312112112112,"fee_open":0.001,"fee_close":0.001,"trade_duration":240,"profit_ratio":0.0,"profit_abs":0.0,"exit_reason":"roi","initial_stop_loss_abs":0.11921,"initial_stop_loss_ratio":-0.05,"stop_loss_abs":0.11921,"stop_loss_ratio":-0.05,"min_rate":0.12385,"max_rate":0.12594,"is_open":false,"enter_tag":"","leverage":1.0,"is_short":false,"open_timestamp":1766034000000,"close_timestamp":1766048400000,"orders":[{"amount":2564.0,"safe_price":0.12548,"ft_order_side":"buy","order_filled_timestamp":1766034000000,"ft_is_entry":true,"ft_order_tag":"","cost":322.05245071999997},{"amount":2564.0,"safe_price":0.1257312112112112,"ft_order_side":"sell","order_filled_timestamp":1766048400000,"ft_is_entry":false,"ft_order_tag":"roi","cost":322.697200371091}],"funding_fees":0.0,"weekday":3},{"pair":"DOGE/USDT","stake_amount":321.70284,"max_stake_amount":321.70284,"amount":2484.0,"open_date":"2025-12-23 16:00:00+00:00","close_date":"2025-12-23 18:00:00+00:00","open_rate":0.12951,"close_rate":0.12976927927927925,"fee_open":0.001,"fee_close":0.001,"trade_duration":120,"profit_ratio":0.0,"profit_abs":0.0,"exit_reason":"roi","initial_stop_loss_abs":0.12304,"initial_stop_loss_ratio":-0.05,"stop_loss_abs":0.12304,"stop_loss_ratio":-0.05,"min_rate":0.12825,"max_rate":0.13095,"is_open":false,"enter_tag":"","leverage":1.0,"is_short":false,"open_timestamp":1766505600000,"close_timestamp":1766512800000,"orders":[{"amount":2484.0,"safe_price":0.12951,"ft_order_side":"buy","order_filled_timestamp":1766505600000,"ft_is_entry":true,"ft_order_tag":"","cost":322.0245428399999},{"amount":2484.0,"safe_price":0.12976927927927925,"ft_order_side":"sell","order_filled_timestamp":1766512800000,"ft_is_entry":false,"ft_order_tag":"roi","cost":322.66923661945935}],"funding_fees":0.0,"weekday":1},{"pair":"DOGE/USDT","stake_amount":321.7672,"max_stake_amount":321.7672,"amount":2540.0,"open_date":"2025-12-25 13:00:00+00:00","close_date":"2025-12-25 15:00:00+00:00","open_rate":0.12668,"close_rate":0.12693361361361358,"fee_open":0.001,"fee_close":0.001,"trade_duration":120,"profit_ratio":0.0,"profit_abs":0.0,"exit_reason":"roi","initial_stop_loss_abs":0.12035,"initial_stop_loss_ratio":-0.05,"stop_loss_abs":0.12035,"stop_loss_ratio":-0.05,"min_rate":0.1259,"max_rate":0.12826,"is_open":false,"enter_tag":"","leverage":1.0,"is_short":false,"open_timestamp":1766667600000,"close_timestamp":1766674800000,"orders":[{"amount":2540.0,"safe_price":0.12668,"ft_order_side":"buy","order_filled_timestamp":1766667600000,"ft_is_entry":true,"ft_order_tag":"","cost":322.0889671999999},{"amount":2540.0,"safe_price":0.12693361361361358,"ft_order_side":"sell","order_filled_timestamp":1766674800000,"ft_is_entry":false,"ft_order_tag":"roi","cost":322.733789957157}],"funding_fees":0.0,"weekday":3},{"pair":"DOGE/USDT","stake_amount":321.71135,"max_stake_amount":321.71135,"amount":2645.0,"open_date":"2025-12-26 18:00:00+00:00","close_date":"2025-12-26 20:00:00+00:00","open_rate":0.12163,"close_rate":0.12212,"fee_open":0.001,"fee_close":0.001,"trade_duration":120,"profit_ratio":0.0020225601907752693,"profit_abs":0.65133125,"exit_reason":"roi","initial_stop_loss_abs":0.11555,"initial_stop_loss_ratio":-0.05,"stop_loss_abs":0.11555,"stop_loss_ratio":-0.05,"min_rate":0.12156,"max_rate":0.12262,"is_open":false,"enter_tag":"","leverage":1.0,"is_short":false,"open_timestamp":1766772000000,"close_timestamp":1766779200000,"orders":[{"amount":2645.0,"safe_price":0.12163,"ft_order_side":"buy","order_filled_timestamp":1766772000000,"ft_is_entry":true,"ft_order_tag":"","cost":322.03306134999997},{"amount":2645.0,"safe_price":0.12212,"ft_order_side":"sell","order_filled_timestamp":1766779200000,"ft_is_entry":false,"ft_order_tag":"roi","cost":323.33040739999996}],"funding_fees":0.0,"weekday":4},{"pair":"DOGE/USDT","stake_amount":321.90615,"max_stake_amount":321.90615,"amount":2745.0,"open_date":"2025-12-31 20:00:00+00:00","close_date":"2025-12-31 22:00:00+00:00","open_rate":0.11727,"close_rate":0.11750477477477476,"fee_open":0.001,"fee_close":0.001,"trade_duration":120,"profit_ratio":0.0,"profit_abs":0.0,"exit_reason":"roi","initial_stop_loss_abs":0.11141,"initial_stop_loss_ratio":-0.05,"stop_loss_abs":0.11141,"stop_loss_ratio":-0.05,"min_rate":0.11612,"max_rate":0.11782,"is_open":false,"enter_tag":"","leverage":1.0,"is_short":false,"open_timestamp":1767211200000,"close_timestamp":1767218400000,"orders":[{"amount":2745.0,"safe_price":0.11727,"ft_order_side":"buy","order_filled_timestamp":1767211200000,"ft_is_entry":true,"ft_order_tag":"","cost":322.22805615},{"amount":2745.0,"safe_price":0.11750477477477476,"ft_order_side":"sell","order_filled_timestamp":1767218400000,"ft_is_entry":false,"ft_order_tag":"roi","cost":322.8731573635135}],"funding_fees":0.0,"weekday":2}],"locks":[],"best_pair":{"key":"DOGE/USDT","trades":30,"profit_mean":-0.002424744928976807,"profit_mean_pct":-0.24,"profit_total_abs":-24.270841039999993,"profit_total":-0.024270841039999994,"profit_total_pct":-2.43,"duration_avg":"3:12:00","wins":9,"draws":18,"losses":3,"winrate":0.3,"cagr":-0.08830976138834523,"expectancy":-0.8090280346666668,"expectancy_ratio":-0.6473014234780459,"sortino":-60.26101284101963,"sharpe":-0.8044836256095549,"calmar":-17.93937815504708,"sqn":-0.7332,"profit_factor":0.5269857652195414,"max_drawdown_account":0.02664723421298106,"max_drawdown_abs":26.694460799999995},"worst_pair":{"key":"DOGE/USDT","trades":30,"profit_mean":-0.002424744928976807,"profit_mean_pct":-0.24,"profit_total_abs":-24.270841039999993,"profit_total":-0.024270841039999994,"profit_total_pct":-2.43,"duration_avg":"3:12:00","wins":9,"draws":18,"losses":3,"winrate":0.3,"cagr":-0.08830976138834523,"expectancy":-0.8090280346666668,"expectancy_ratio":-0.6473014234780459,"sortino":-60.26101284101963,"sharpe":-0.8044836256095549,"calmar":-17.93937815504708,"sqn":-0.7332,"profit_factor":0.5269857652195414,"max_drawdown_account":0.02664723421298106,"max_drawdown_abs":26.694460799999995},"results_per_pair":[{"key":"DOGE/USDT","trades":30,"profit_mean":-0.002424744928976807,"profit_mean_pct":-0.24,"profit_total_abs":-24.270841039999993,"profit_total":-0.024270841039999994,"profit_total_pct":-2.43,"duration_avg":"3:12:00","wins":9,"draws":18,"losses":3,"winrate":0.3,"cagr":-0.08830976138834523,"expectancy":-0.8090280346666668,"expectancy_ratio":-0.6473014234780459,"sortino":-60.26101284101963,"sharpe":-0.8044836256095549,"calmar":-17.93937815504708,"sqn":-0.7332,"profit_factor":0.5269857652195414,"max_drawdown_account":0.02664723421298106,"max_drawdown_abs":26.694460799999995},{"key":"TOTAL","trades":30,"profit_mean":-0.002424744928976807,"profit_mean_pct":-0.24,"profit_total_abs":-24.270841039999993,"profit_total":-0.024270841039999994,"profit_total_pct":-2.43,"duration_avg":"3:12:00","wins":9,"draws":18,"losses":3,"winrate":0.3,"cagr":-0.08830976138834523,"expectancy":-0.8090280346666668,"expectancy_ratio":-0.6473014234780459,"sortino":-60.26101284101963,"sharpe":-0.8044836256095549,"calmar":-17.93937815504708,"sqn":-0.7332,"profit_factor":0.5269857652195414,"max_drawdown_account":0.02664723421298106,"max_drawdown_abs":26.694460799999995}],"results_per_enter_tag":[{"key":"","trades":30,"profit_mean":-0.002424744928976807,"profit_mean_pct":-0.24,"profit_total_abs":-24.270841039999993,"profit_total":-0.024270841039999994,"profit_total_pct":-2.43,"duration_avg":"3:12:00","wins":9,"draws":18,"losses":3,"winrate":0.3,"cagr":-0.08830976138834523,"expectancy":-0.8090280346666668,"expectancy_ratio":-0.6473014234780459,"sortino":-60.26101284101963,"sharpe":-0.8044836256095549,"calmar":-17.93937815504708,"sqn":-0.7332,"profit_factor":0.5269857652195414,"max_drawdown_account":0.02664723421298106,"max_drawdown_abs":26.694460799999995},{"key":"TOTAL","trades":30,"profit_mean":-0.002424744928976807,"profit_mean_pct":-0.24,"profit_total_abs":-24.270841039999993,"profit_total":-0.024270841039999994,"profit_total_pct":-2.43,"duration_avg":"3:12:00","wins":9,"draws":18,"losses":3,"winrate":0.3,"cagr":-0.08830976138834523,"expectancy":-0.8090280346666668,"expectancy_ratio":-0.6473014234780459,"sortino":-60.26101284101963,"sharpe":-0.8044836256095549,"calmar":-17.93937815504708,"sqn":-0.7332,"profit_factor":0.5269857652195414,"max_drawdown_account":0.02664723421298106,"max_drawdown_abs":26.694460799999995}],"exit_reason_summary":[{"key":"roi","trades":27,"profit_mean":0.0030695205781502625,"profit_mean_pct":0.31,"profit_total_abs":27.04017511,"profit_total":0.02704017511,"profit_total_pct":2.7,"duration_avg":"3:13:00","wins":9,"draws":18,"losses":0,"winrate":0.3333333333333333,"cagr":0.10561060051550841,"expectancy":1.001487967037037,"expectancy_ratio":100.0,"sortino":-100,"sharpe":2.096740879525466,"calmar":-100,"sqn":2.0104,"profit_factor":0.0,"max_drawdown_account":0.0,"max_drawdown_abs":0.0},{"key":"stop_loss","trades":3,"profit_mean":-0.05187313449312044,"profit_mean_pct":-5.19,"profit_total_abs":-51.31101615,"profit_total":-0.05131101615,"profit_total_pct":-5.13,"duration_avg":"3:00:00","wins":0,"draws":0,"losses":3,"winrate":0.0,"cagr":-0.17980017870012976,"expectancy":-17.10367205,"expectancy_ratio":-1.0,"sortino":-127.39788448224765,"sharpe":-127.39788448224765,"calmar":-19.69584863354928,"sqn":-304.9167,"profit_factor":0.0,"max_drawdown_account":0.05131101615,"max_drawdown_abs":51.31101615},{"key":"TOTAL","trades":30,"profit_mean":-0.002424744928976807,"profit_mean_pct":-0.24,"profit_total_abs":-24.270841039999993,"profit_total":-0.024270841039999994,"profit_total_pct":-2.43,"duration_avg":"3:12:00","wins":9,"draws":18,"losses":3,"winrate":0.3,"cagr":-0.08830976138834523,"expectancy":-0.8090280346666668,"expectancy_ratio":-0.6473014234780459,"sortino":-60.26101284101963,"sharpe":-0.8044836256095549,"calmar":-17.93937815504708,"sqn":-0.7332,"profit_factor":0.5269857652195414,"max_drawdown_account":0.02664723421298106,"max_drawdown_abs":26.694460799999995}],"mix_tag_stats":[{"key":["","roi"],"trades":27,"profit_mean":0.0030695205781502625,"profit_mean_pct":0.31,"profit_total_abs":27.04017511,"profit_total":0.02704017511,"profit_total_pct":2.7,"duration_avg":"3:13:00","wins":9,"draws":18,"losses":0,"winrate":0.3333333333333333,"cagr":0.10561060051550841,"expectancy":1.001487967037037,"expectancy_ratio":100.0,"sortino":-100,"sharpe":2.096740879525466,"calmar":-100,"sqn":2.0104,"profit_factor":0.0,"max_drawdown_account":0.0,"max_drawdown_abs":0.0},{"key":["","stop_loss"],"trades":3,"profit_mean":-0.05187313449312044,"profit_mean_pct":-5.19,"profit_total_abs":-51.31101615,"profit_total":-0.05131101615,"profit_total_pct":-5.13,"duration_avg":"3:00:00","wins":0,"draws":0,"losses":3,"winrate":0.0,"cagr":-0.17980017870012976,"expectancy":-17.10367205,"expectancy_ratio":-1.0,"sortino":-127.39788448224765,"sharpe":-127.39788448224765,"calmar":-19.69584863354928,"sqn":-304.9167,"profit_factor":0.0,"max_drawdown_account":0.05131101615,"max_drawdown_abs":51.31101615},{"key":"TOTAL","trades":30,"profit_mean":-0.002424744928976807,"profit_mean_pct":-0.24,"profit_total_abs":-24.270841039999993,"profit_total":-0.024270841039999994,"profit_total_pct":-2.43,"duration_avg":"3:12:00","wins":9,"draws":18,"losses":3,"winrate":0.3,"cagr":-0.08830976138834523,"expectancy":-0.8090280346666668,"expectancy_ratio":-0.6473014234780459,"sortino":-60.26101284101963,"sharpe":-0.8044836256095549,"calmar":-17.93937815504708,"sqn":-0.7332,"profit_factor":0.5269857652195414,"max_drawdown_account":0.02664723421298106,"max_drawdown_abs":26.694460799999995}],"left_open_trades":[{"key":"TOTAL","trades":0,"profit_mean":0.0,"profit_mean_pct":0.0,"profit_total_abs":0.0,"profit_total":0.0,"profit_total_pct":0.0,"duration_avg":"0:00","wins":0,"draws":0,"losses":0,"winrate":0.0,"cagr":0.0,"expectancy":0.0,"expectancy_ratio":100.0,"sortino":0,"sharpe":0,"calmar":0,"sqn":0.0,"profit_factor":0.0,"max_drawdown_account":0.0,"max_drawdown_abs":0.0}],"total_trades":30,"trade_count_long":30,"trade_count_short":0,"total_volume":19535.300869128085,"avg_stake_amount":325.34233566666666,"profit_mean":-0.002424744928976807,"profit_median":0.0,"profit_total":-0.024270841039999994,"profit_total_long":-0.024270841039999994,"profit_total_short":0.0,"profit_total_abs":-24.270841039999993,"profit_total_long_abs":-24.270841039999993,"profit_total_short_abs":0.0,"cagr":-0.08830976138834523,"expectancy":-0.8090280346666668,"expectancy_ratio":-0.6473014234780459,"sortino":-60.26101284101963,"sharpe":-0.8044836256095549,"calmar":-17.93937815504708,"sqn":-0.7332,"profit_factor":0.5269857652195414,"backtest_start":"2025-10-01 00:00:00","backtest_start_ts":1759276800000,"backtest_end":"2026-01-06 20:00:00","backtest_end_ts":1767729600000,"backtest_days":97,"backtest_run_start_ts":1767740260,"backtest_run_end_ts":1767740261,"trades_per_day":0.31,"market_change":-0.36632086436227446,"pairlist":["DOGE/USDT"],"stake_amount":"unlimited","stake_currency":"USDT","stake_currency_decimals":3,"starting_balance":1000,"dry_run_wallet":1000,"final_balance":975.72915896,"rejected_signals":0,"timedout_entry_orders":0,"timedout_exit_orders":0,"canceled_trade_entries":0,"canceled_entry_orders":0,"replaced_entry_orders":0,"max_open_trades":1,"max_open_trades_setting":3,"timeframe":"1h","timeframe_detail":"","timerange":"20251001-","enable_protections":false,"strategy_name":"ACO_20_18","freqaimodel":null,"freqai_identifier":null,"stoploss":-0.05,"trailing_stop":false,"trailing_stop_positive":null,"trailing_stop_positive_offset":0.0,"trailing_only_offset_is_reached":false,"use_custom_stoploss":false,"minimal_roi":{"0":0.1,"60":0.05,"120":0.0},"use_exit_signal":true,"exit_profit_only":false,"exit_profit_offset":0.0,"ignore_roi_if_entry_signal":false,"trading_mode":"spot","margin_mode":"","periodic_breakdown":{"day":[{"date":"04/10/2025","date_ts":1759536000000,"profit_abs":1.54580138,"wins":1,"draws":0,"losses":0,"trades":1,"profit_factor":0.0},{"date":"05/10/2025","date_ts":1759622400000,"profit_abs":0.0,"wins":0,"draws":0,"losses":0,"trades":0,"profit_factor":0.0},{"date":"06/10/2025","date_ts":1759708800000,"profit_abs":0.0,"wins":0,"draws":0,"losses":0,"trades":0,"profit_factor":0.0},{"date":"07/10/2025","date_ts":1759795200000,"profit_abs":0.0,"wins":0,"draws":1,"losses":0,"trades":1,"profit_factor":0.0},{"date":"08/10/2025","date_ts":1759881600000,"profit_abs":0.0,"wins":0,"draws":1,"losses":0,"trades":1,"profit_factor":0.0},{"date":"09/10/2025","date_ts":1759968000000,"profit_abs":0.0,"wins":0,"draws":1,"losses":0,"trades":1,"profit_factor":0.0},{"date":"10/10/2025","date_ts":1760054400000,"profit_abs":-17.15994975,"wins":0,"draws":0,"losses":1,"trades":1,"profit_factor":0.0},{"date":"11/10/2025","date_ts":1760140800000,"profit_abs":0.0,"wins":0,"draws":0,"losses":0,"trades":0,"profit_factor":0.0},{"date":"12/10/2025","date_ts":1760227200000,"profit_abs":0.0,"wins":0,"draws":0,"losses":0,"trades":0,"profit_factor":0.0},{"date":"13/10/2025","date_ts":1760313600000,"profit_abs":0.0,"wins":0,"draws":0,"losses":0,"trades":0,"profit_factor":0.0},{"date":"14/10/2025","date_ts":1760400000000,"profit_abs":0.0,"wins":0,"draws":1,"losses":0,"trades":1,"profit_factor":0.0},{"date":"15/10/2025","date_ts":1760486400000,"profit_abs":0.0,"wins":0,"draws":0,"losses":0,"trades":0,"profit_factor":0.0},{"date":"16/10/2025","date_ts":1760572800000,"profit_abs":0.480896,"wins":1,"draws":0,"losses":0,"trades":1,"profit_factor":0.0},{"date":"17/10/2025","date_ts":1760659200000,"profit_abs":0.0,"wins":0,"draws":0,"losses":0,"trades":0,"profit_factor":0.0},{"date":"18/10/2025","date_ts":1760745600000,"profit_abs":0.0,"wins":0,"draws":0,"losses":0,"trades":0,"profit_factor":0.0},{"date":"19/10/2025","date_ts":1760832000000,"profit_abs":0.0,"wins":0,"draws":0,"losses":0,"trades":0,"profit_factor":0.0},{"date":"20/10/2025","date_ts":1760918400000,"profit_abs":0.0,"wins":0,"draws":0,"losses":0,"trades":0,"profit_factor":0.0},{"date":"21/10/2025","date_ts":1761004800000,"profit_abs":0.0,"wins":0,"draws":0,"losses":0,"trades":0,"profit_factor":0.0},{"date":"22/10/2025","date_ts":1761091200000,"profit_abs":0.0,"wins":0,"draws":1,"losses":0,"trades":1,"profit_factor":0.0},{"date":"23/10/2025","date_ts":1761177600000,"profit_abs":0.0,"wins":0,"draws":0,"losses":0,"trades":0,"profit_factor":0.0},{"date":"24/10/2025","date_ts":1761264000000,"profit_abs":0.0,"wins":0,"draws":0,"losses":0,"trades":0,"profit_factor":0.0},{"date":"25/10/2025","date_ts":1761350400000,"profit_abs":0.0,"wins":0,"draws":0,"losses":0,"trades":0,"profit_factor":0.0},{"date":"26/10/2025","date_ts":1761436800000,"profit_abs":0.0,"wins":0,"draws":0,"losses":0,"trades":0,"profit_factor":0.0},{"date":"27/10/2025","date_ts":1761523200000,"profit_abs":0.0,"wins":0,"draws":0,"losses":0,"trades":0,"profit_factor":0.0},{"date":"28/10/2025","date_ts":1761609600000,"profit_abs":0.0,"wins":0,"draws":0,"losses":0,"trades":0,"profit_factor":0.0},{"date":"29/10/2025","date_ts":1761696000000,"profit_abs":0.0,"wins":0,"draws":0,"losses":0,"trades":0,"profit_factor":0.0},{"date":"30/10/2025","date_ts":1761782400000,"profit_abs":0.0,"wins":0,"draws":1,"losses":0,"trades":1,"profit_factor":0.0},{"date":"31/10/2025","date_ts":1761868800000,"profit_abs":0.0,"wins":0,"draws":0,"losses":0,"trades":0,"profit_factor":0.0},{"date":"01/11/2025","date_ts":1761955200000,"profit_abs":0.0,"wins":0,"draws":0,"losses":0,"trades":0,"profit_factor":0.0},{"date":"02/11/2025","date_ts":1762041600000,"profit_abs":0.0,"wins":0,"draws":0,"losses":0,"trades":0,"profit_factor":0.0},{"date":"03/11/2025","date_ts":1762128000000,"profit_abs":0.0,"wins":0,"draws":1,"losses":0,"trades":1,"profit_factor":0.0},{"date":"04/11/2025","date_ts":1762214400000,"profit_abs":0.0,"wins":0,"draws":0,"losses":0,"trades":0,"profit_factor":0.0},{"date":"05/11/2025","date_ts":1762300800000,"profit_abs":0.0,"wins":0,"draws":0,"losses":0,"trades":0,"profit_factor":0.0},{"date":"06/11/2025","date_ts":1762387200000,"profit_abs":0.20033088,"wins":1,"draws":0,"losses":0,"trades":1,"profit_factor":0.0},{"date":"07/11/2025","date_ts":1762473600000,"profit_abs":0.0,"wins":0,"draws":0,"losses":0,"trades":0,"profit_factor":0.0},{"date":"08/11/2025","date_ts":1762560000000,"profit_abs":0.0,"wins":0,"draws":0,"losses":0,"trades":0,"profit_factor":0.0},{"date":"09/11/2025","date_ts":1762646400000,"profit_abs":0.0,"wins":0,"draws":0,"losses":0,"trades":0,"profit_factor":0.0},{"date":"10/11/2025","date_ts":1762732800000,"profit_abs":0.0,"wins":0,"draws":0,"losses":0,"trades":0,"profit_factor":0.0},{"date":"11/11/2025","date_ts":1762819200000,"profit_abs":0.0,"wins":0,"draws":0,"losses":0,"trades":0,"profit_factor":0.0},{"date":"12/11/2025","date_ts":1762905600000,"profit_abs":0.0,"wins":0,"draws":0,"losses":0,"trades":0,"profit_factor":0.0},{"date":"13/11/2025","date_ts":1762992000000,"profit_abs":4.62667968,"wins":1,"draws":0,"losses":0,"trades":1,"profit_factor":0.0},{"date":"14/11/2025","date_ts":1763078400000,"profit_abs":0.99525244,"wins":1,"draws":0,"losses":0,"trades":1,"profit_factor":0.0},{"date":"15/11/2025","date_ts":1763164800000,"profit_abs":0.0,"wins":0,"draws":0,"losses":0,"trades":0,"profit_factor":0.0},{"date":"16/11/2025","date_ts":1763251200000,"profit_abs":0.0,"wins":0,"draws":0,"losses":0,"trades":0,"profit_factor":0.0},{"date":"17/11/2025","date_ts":1763337600000,"profit_abs":0.0,"wins":0,"draws":0,"losses":0,"trades":0,"profit_factor":0.0},{"date":"18/11/2025","date_ts":1763424000000,"profit_abs":0.0,"wins":0,"draws":1,"losses":0,"trades":1,"profit_factor":0.0},{"date":"19/11/2025","date_ts":1763510400000,"profit_abs":11.08327788,"wins":1,"draws":0,"losses":0,"trades":1,"profit_factor":0.0},{"date":"20/11/2025","date_ts":1763596800000,"profit_abs":0.0,"wins":0,"draws":0,"losses":0,"trades":0,"profit_factor":0.0},{"date":"21/11/2025","date_ts":1763683200000,"profit_abs":-9.88467,"wins":1,"draws":0,"losses":1,"trades":2,"profit_factor":0.42395618},{"date":"22/11/2025","date_ts":1763769600000,"profit_abs":0.0,"wins":0,"draws":0,"losses":0,"trades":0,"profit_factor":0.0},{"date":"23/11/2025","date_ts":1763856000000,"profit_abs":0.0,"wins":0,"draws":0,"losses":0,"trades":0,"profit_factor":0.0},{"date":"24/11/2025","date_ts":1763942400000,"profit_abs":0.0,"wins":0,"draws":0,"losses":0,"trades":0,"profit_factor":0.0},{"date":"25/11/2025","date_ts":1764028800000,"profit_abs":0.0,"wins":0,"draws":0,"losses":0,"trades":0,"profit_factor":0.0},{"date":"26/11/2025","date_ts":1764115200000,"profit_abs":0.0,"wins":0,"draws":0,"losses":0,"trades":0,"profit_factor":0.0},{"date":"27/11/2025","date_ts":1764201600000,"profit_abs":0.0,"wins":0,"draws":0,"losses":0,"trades":0,"profit_factor":0.0},{"date":"28/11/2025","date_ts":1764288000000,"profit_abs":0.0,"wins":0,"draws":0,"losses":0,"trades":0,"profit_factor":0.0},{"date":"29/11/2025","date_ts":1764374400000,"profit_abs":0.0,"wins":0,"draws":0,"losses":0,"trades":0,"profit_factor":0.0},{"date":"30/11/2025","date_ts":1764460800000,"profit_abs":0.0,"wins":0,"draws":0,"losses":0,"trades":0,"profit_factor":0.0},{"date":"01/12/2025","date_ts":1764547200000,"profit_abs":0.1816956,"wins":1,"draws":1,"losses":0,"trades":2,"profit_factor":0.0},{"date":"02/12/2025","date_ts":1764633600000,"profit_abs":0.0,"wins":0,"draws":0,"losses":0,"trades":0,"profit_factor":0.0},{"date":"03/12/2025","date_ts":1764720000000,"profit_abs":0.0,"wins":0,"draws":0,"losses":0,"trades":0,"profit_factor":0.0},{"date":"04/12/2025","date_ts":1764806400000,"profit_abs":0.0,"wins":0,"draws":0,"losses":0,"trades":0,"profit_factor":0.0},{"date":"05/12/2025","date_ts":1764892800000,"profit_abs":-16.9914864,"wins":0,"draws":1,"losses":1,"trades":2,"profit_factor":0.0},{"date":"06/12/2025","date_ts":1764979200000,"profit_abs":0.0,"wins":0,"draws":0,"losses":0,"trades":0,"profit_factor":0.0},{"date":"07/12/2025","date_ts":1765065600000,"profit_abs":0.0,"wins":0,"draws":0,"losses":0,"trades":0,"profit_factor":0.0},{"date":"08/12/2025","date_ts":1765152000000,"profit_abs":0.0,"wins":0,"draws":0,"losses":0,"trades":0,"profit_factor":0.0},{"date":"09/12/2025","date_ts":1765238400000,"profit_abs":0.0,"wins":0,"draws":1,"losses":0,"trades":1,"profit_factor":0.0},{"date":"10/12/2025","date_ts":1765324800000,"profit_abs":0.0,"wins":0,"draws":0,"losses":0,"trades":0,"profit_factor":0.0},{"date":"11/12/2025","date_ts":1765411200000,"profit_abs":0.0,"wins":0,"draws":0,"losses":0,"trades":0,"profit_factor":0.0},{"date":"12/12/2025","date_ts":1765497600000,"profit_abs":0.0,"wins":0,"draws":0,"losses":0,"trades":0,"profit_factor":0.0},{"date":"13/12/2025","date_ts":1765584000000,"profit_abs":0.0,"wins":0,"draws":0,"losses":0,"trades":0,"profit_factor":0.0},{"date":"14/12/2025","date_ts":1765670400000,"profit_abs":0.0,"wins":0,"draws":0,"losses":0,"trades":0,"profit_factor":0.0},{"date":"15/12/2025","date_ts":1765756800000,"profit_abs":0.0,"wins":0,"draws":2,"losses":0,"trades":2,"profit_factor":0.0},{"date":"16/12/2025","date_ts":1765843200000,"profit_abs":0.0,"wins":0,"draws":0,"losses":0,"trades":0,"profit_factor":0.0},{"date":"17/12/2025","date_ts":1765929600000,"profit_abs":0.0,"wins":0,"draws":1,"losses":0,"trades":1,"profit_factor":0.0},{"date":"18/12/2025","date_ts":1766016000000,"profit_abs":0.0,"wins":0,"draws":1,"losses":0,"trades":1,"profit_factor":0.0},{"date":"19/12/2025","date_ts":1766102400000,"profit_abs":0.0,"wins":0,"draws":0,"losses":0,"trades":0,"profit_factor":0.0},{"date":"20/12/2025","date_ts":1766188800000,"profit_abs":0.0,"wins":0,"draws":0,"losses":0,"trades":0,"profit_factor":0.0},{"date":"21/12/2025","date_ts":1766275200000,"profit_abs":0.0,"wins":0,"draws":0,"losses":0,"trades":0,"profit_factor":0.0},{"date":"22/12/2025","date_ts":1766361600000,"profit_abs":0.0,"wins":0,"draws":0,"losses":0,"trades":0,"profit_factor":0.0},{"date":"23/12/2025","date_ts":1766448000000,"profit_abs":0.0,"wins":0,"draws":1,"losses":0,"trades":1,"profit_factor":0.0},{"date":"24/12/2025","date_ts":1766534400000,"profit_abs":0.0,"wins":0,"draws":0,"losses":0,"trades":0,"profit_factor":0.0},{"date":"25/12/2025","date_ts":1766620800000,"profit_abs":0.0,"wins":0,"draws":1,"losses":0,"trades":1,"profit_factor":0.0},{"date":"26/12/2025","date_ts":1766707200000,"profit_abs":0.65133125,"wins":1,"draws":0,"losses":0,"trades":1,"profit_factor":0.0},{"date":"27/12/2025","date_ts":1766793600000,"profit_abs":0.0,"wins":0,"draws":0,"losses":0,"trades":0,"profit_factor":0.0},{"date":"28/12/2025","date_ts":1766880000000,"profit_abs":0.0,"wins":0,"draws":0,"losses":0,"trades":0,"profit_factor":0.0},{"date":"29/12/2025","date_ts":1766966400000,"profit_abs":0.0,"wins":0,"draws":0,"losses":0,"trades":0,"profit_factor":0.0},{"date":"30/12/2025","date_ts":1767052800000,"profit_abs":0.0,"wins":0,"draws":0,"losses":0,"trades":0,"profit_factor":0.0},{"date":"31/12/2025","date_ts":1767139200000,"profit_abs":0.0,"wins":0,"draws":1,"losses":0,"trades":1,"profit_factor":0.0}],"week":[{"date":"06/10/2025","date_ts":1759708800000,"profit_abs":1.54580138,"wins":1,"draws":0,"losses":0,"trades":1,"profit_factor":0.0},{"date":"13/10/2025","date_ts":1760313600000,"profit_abs":-17.15994975,"wins":0,"draws":3,"losses":1,"trades":4,"profit_factor":0.0},{"date":"20/10/2025","date_ts":1760918400000,"profit_abs":0.480896,"wins":1,"draws":1,"losses":0,"trades":2,"profit_factor":0.0},{"date":"27/10/2025","date_ts":1761523200000,"profit_abs":0.0,"wins":0,"draws":1,"losses":0,"trades":1,"profit_factor":0.0},{"date":"03/11/2025","date_ts":1762128000000,"profit_abs":0.0,"wins":0,"draws":2,"losses":0,"trades":2,"profit_factor":0.0},{"date":"10/11/2025","date_ts":1762732800000,"profit_abs":0.20033088,"wins":1,"draws":0,"losses":0,"trades":1,"profit_factor":0.0},{"date":"17/11/2025","date_ts":1763337600000,"profit_abs":5.62193212,"wins":2,"draws":0,"losses":0,"trades":2,"profit_factor":0.0},{"date":"24/11/2025","date_ts":1763942400000,"profit_abs":1.19860788,"wins":2,"draws":1,"losses":1,"trades":4,"profit_factor":1.06985065},{"date":"01/12/2025","date_ts":1764547200000,"profit_abs":0.1816956,"wins":1,"draws":1,"losses":0,"trades":2,"profit_factor":0.0},{"date":"08/12/2025","date_ts":1765152000000,"profit_abs":-16.9914864,"wins":0,"draws":1,"losses":1,"trades":2,"profit_factor":0.0},{"date":"15/12/2025","date_ts":1765756800000,"profit_abs":0.0,"wins":0,"draws":3,"losses":0,"trades":3,"profit_factor":0.0},{"date":"22/12/2025","date_ts":1766361600000,"profit_abs":0.0,"wins":0,"draws":2,"losses":0,"trades":2,"profit_factor":0.0},{"date":"29/12/2025","date_ts":1766966400000,"profit_abs":0.65133125,"wins":1,"draws":2,"losses":0,"trades":3,"profit_factor":0.0},{"date":"05/01/2026","date_ts":1767571200000,"profit_abs":0.0,"wins":0,"draws":1,"losses":0,"trades":1,"profit_factor":0.0}],"month":[{"date":"31/10/2025","date_ts":1761868800000,"profit_abs":-15.13325237,"wins":2,"draws":6,"losses":1,"trades":9,"profit_factor":0.11810625},{"date":"30/11/2025","date_ts":1764460800000,"profit_abs":7.02087088,"wins":5,"draws":2,"losses":1,"trades":8,"profit_factor":1.40915167},{"date":"31/12/2025","date_ts":1767139200000,"profit_abs":-16.15845955,"wins":2,"draws":10,"losses":1,"trades":13,"profit_factor":0.04902613}],"year":[{"date":"31/12/2025","date_ts":1767139200000,"profit_abs":-24.27084104,"wins":9,"draws":18,"losses":3,"trades":30,"profit_factor":0.52698577}],"weekday":[{"date":"Monday","date_ts":0,"profit_abs":0.1816956,"wins":1,"draws":4,"losses":0,"trades":5,"profit_factor":0.0},{"date":"Tuesday","date_ts":1,"profit_abs":0.0,"wins":0,"draws":5,"losses":0,"trades":5,"profit_factor":0.0},{"date":"Wednesday","date_ts":2,"profit_abs":11.08327788,"wins":1,"draws":4,"losses":0,"trades":5,"profit_factor":0.0},{"date":"Thursday","date_ts":3,"profit_abs":5.30790656,"wins":3,"draws":4,"losses":0,"trades":7,"profit_factor":0.0},{"date":"Friday","date_ts":4,"profit_abs":-42.38952246,"wins":3,"draws":1,"losses":3,"trades":7,"profit_factor":0.17387092},{"date":"Saturday","date_ts":5,"profit_abs":1.54580138,"wins":1,"draws":0,"losses":0,"trades":1,"profit_factor":0.0}]},"backtest_best_day":0.033882051017996184,"backtest_worst_day":-0.05189164456731209,"backtest_best_day_abs":11.08327788,"backtest_worst_day_abs":-17.15994975,"winning_days":8,"draw_days":78,"losing_days":3,"daily_profit":[["2025-10-04",1.54580138],["2025-10-05",0.0],["2025-10-06",0.0],["2025-10-07",0.0],["2025-10-08",0.0],["2025-10-09",0.0],["2025-10-10",-17.15994975],["2025-10-11",0.0],["2025-10-12",0.0],["2025-10-13",0.0],["2025-10-14",0.0],["2025-10-15",0.0],["2025-10-16",0.480896],["2025-10-17",0.0],["2025-10-18",0.0],["2025-10-19",0.0],["2025-10-20",0.0],["2025-10-21",0.0],["2025-10-22",0.0],["2025-10-23",0.0],["2025-10-24",0.0],["2025-10-25",0.0],["2025-10-26",0.0],["2025-10-27",0.0],["2025-10-28",0.0],["2025-10-29",0.0],["2025-10-30",0.0],["2025-10-31",0.0],["2025-11-01",0.0],["2025-11-02",0.0],["2025-11-03",0.0],["2025-11-04",0.0],["2025-11-05",0.0],["2025-11-06",0.20033088],["2025-11-07",0.0],["2025-11-08",0.0],["2025-11-09",0.0],["2025-11-10",0.0],["2025-11-11",0.0],["2025-11-12",0.0],["2025-11-13",4.62667968],["2025-11-14",0.99525244],["2025-11-15",0.0],["2025-11-16",0.0],["2025-11-17",0.0],["2025-11-18",0.0],["2025-11-19",11.08327788],["2025-11-20",0.0],["2025-11-21",-9.88467],["2025-11-22",0.0],["2025-11-23",0.0],["2025-11-24",0.0],["2025-11-25",0.0],["2025-11-26",0.0],["2025-11-27",0.0],["2025-11-28",0.0],["2025-11-29",0.0],["2025-11-30",0.0],["2025-12-01",0.1816956],["2025-12-02",0.0],["2025-12-03",0.0],["2025-12-04",0.0],["2025-12-05",-16.9914864],["2025-12-06",0.0],["2025-12-07",0.0],["2025-12-08",0.0],["2025-12-09",0.0],["2025-12-10",0.0],["2025-12-11",0.0],["2025-12-12",0.0],["2025-12-13",0.0],["2025-12-14",0.0],["2025-12-15",0.0],["2025-12-16",0.0],["2025-12-17",0.0],["2025-12-18",0.0],["2025-12-19",0.0],["2025-12-20",0.0],["2025-12-21",0.0],["2025-12-22",0.0],["2025-12-23",0.0],["2025-12-24",0.0],["2025-12-25",0.0],["2025-12-26",0.65133125],["2025-12-27",0.0],["2025-12-28",0.0],["2025-12-29",0.0],["2025-12-30",0.0],["2025-12-31",0.0]],"wins":9,"losses":3,"draws":18,"winrate":0.3,"holding_avg":"3:12:00","holding_avg_s":11520.0,"winner_holding_min":"0d 02:00","winner_holding_min_s":7200.0,"winner_holding_max":"0d 02:00","winner_holding_max_s":7200.0,"winner_holding_avg":"0d 02:00","winner_holding_avg_s":7200.0,"loser_holding_min":"0d 00:00","loser_holding_min_s":0.0,"loser_holding_max":"0d 06:00","loser_holding_max_s":21600.0,"loser_holding_avg":"0d 03:00","loser_holding_avg_s":10800.0,"max_consecutive_wins":3,"max_consecutive_losses":9,"max_drawdown_account":0.02664723421298106,"max_relative_drawdown":0.02664723421298106,"max_drawdown_abs":26.694460799999995,"drawdown_start":"2025-11-19 22:00:00","drawdown_start_ts":1763589600000.0,"drawdown_end":"2025-12-05 19:00:00","drawdown_end_ts":1764961200000.0,"drawdown_duration":"15 days 21:00:00","drawdown_duration_s":1371600.0,"max_drawdown_low":-24.922172289999995,"max_drawdown_high":1.772288510000001,"csum_min":975.07782771,"csum_max":1001.77228851}},"strategy_comparison":[{"key":"ACO_20_18","trades":30,"profit_mean":-0.002424744928976807,"profit_mean_pct":-0.24,"profit_total_abs":-24.270841039999993,"profit_total":-0.024270841039999994,"profit_total_pct":-2.43,"duration_avg":"3:12:00","wins":9,"draws":18,"losses":3,"winrate":0.3,"cagr":-0.08830976138834523,"expectancy":-0.8090280346666668,"expectancy_ratio":-0.6473014234780459,"sortino":-60.26101284101963,"sharpe":-0.8044836256095549,"calmar":-17.93937815504708,"sqn":-0.7332,"profit_factor":0.5269857652195414,"max_drawdown_account":0.02664723421298106,"max_drawdown_abs":"26.694"}]}