{"strategy":{"ACO_26_8":{"trades":[{"pair":"DOGE/USDT","stake_amount":329.8578,"max_stake_amount":329.8578,"amount":1772.0,"open_date":"2025-10-10 22:00:00+00:00","close_date":"2025-10-10 22:00:00+00:00","open_rate":0.18615,"close_rate":0.17685,"fee_open":0.001,"fee_close":0.001,"trade_duration":0,"profit_ratio":-0.0518578923091413,"profit_abs":-17.122836,"exit_reason":"stop_loss","initial_stop_loss_abs":0.17685,"initial_stop_loss_ratio":-0.05,"stop_loss_abs":0.17685,"stop_loss_ratio":-0.05,"min_rate":0.16923,"max_rate":0.19509,"is_open":false,"enter_tag":"","leverage":1.0,"is_short":false,"open_timestamp":1760133600000,"close_timestamp":1760133600000,"orders":[{"amount":1772.0,"safe_price":0.18615,"ft_order_side":"buy","order_filled_timestamp":1760133600000,"ft_is_entry":true,"ft_order_tag":"","cost":330.18765779999995},{"amount":1772.0,"safe_price":0.17685,"ft_order_side":"sell","order_filled_timestamp":1760133600000,"ft_is_entry":false,"ft_order_tag":"stop_loss","cost":313.6915782}],"funding_fees":0.0,"weekday":4},{"pair":"DOGE/USDT","stake_amount":324.1971,"max_stake_amount":324.1971,"amount":1670.0,"open_date":"2025-10-10 23:00:00+00:00","close_date":"2025-10-11 01:00:00+00:00","open_rate":0.19413,"close_rate":0.19537,"fee_open":0.001,"fee_close":0.001,"trade_duration":120,"profit_ratio":0.004376708131923708,"profit_abs":1.420335,"exit_reason":"roi","initial_stop_loss_abs":0.18443,"initial_stop_loss_ratio":-0.05,"stop_loss_abs":0.18443,"stop_loss_ratio":-0.05,"min_rate":0.18495,"max_rate":0.2,"is_open":false,"enter_tag":"","leverage":1.0,"is_short":false,"open_timestamp":1760137200000,"close_timestamp":1760144400000,"orders":[{"amount":1670.0,"safe_price":0.19413,"ft_order_side":"buy","order_filled_timestamp":1760137200000,"ft_is_entry":true,"ft_order_tag":"","cost":324.52129709999997},{"amount":1670.0,"safe_price":0.19537,"ft_order_side":"sell","order_filled_timestamp":1760144400000,"ft_is_entry":false,"ft_order_tag":"roi","cost":326.59416789999995}],"funding_fees":0.0,"weekday":5},{"pair":"DOGE/USDT","stake_amount":324.78732,"max_stake_amount":324.78732,"amount":1716.0,"open_date":"2025-10-11 02:00:00+00:00","close_date":"2025-10-11 03:00:00+00:00","open_rate":0.18927,"close_rate":0.19912189189189186,"fee_open":0.001,"fee_close":0.001,"trade_duration":60,"profit_ratio":0.04995004995004995,"profit_abs":16.239366,"exit_reason":"roi","initial_stop_loss_abs":0.17981,"initial_stop_loss_ratio":-0.05,"stop_loss_abs":0.17981,"stop_loss_ratio":-0.05,"min_rate":0.189,"max_rate":0.20048,"is_open":false,"enter_tag":"","leverage":1.0,"is_short":false,"open_timestamp":1760148000000,"close_timestamp":1760151600000,"orders":[{"amount":1716.0,"safe_price":0.18927,"ft_order_side":"buy","order_filled_timestamp":1760148000000,"ft_is_entry":true,"ft_order_tag":"","cost":325.11210731999995},{"amount":1716.0,"safe_price":0.19912189189189186,"ft_order_side":"sell","order_filled_timestamp":1760151600000,"ft_is_entry":false,"ft_order_tag":"roi","cost":342.0348596529729}],"funding_fees":0.0,"weekday":5},{"pair":"DOGE/USDT","stake_amount":330.12224,"max_stake_amount":330.12224,"amount":1708.0,"open_date":"2025-10-11 04:00:00+00:00","close_date":"2025-10-11 06:00:00+00:00","open_rate":0.19328,"close_rate":0.19366694694694694,"fee_open":0.001,"fee_close":0.001,"trade_duration":120,"profit_ratio":0.0,"profit_abs":0.0,"exit_reason":"roi","initial_stop_loss_abs":0.18362,"initial_stop_loss_ratio":-0.05,"stop_loss_abs":0.18362,"stop_loss_ratio":-0.05,"min_rate":0.18994,"max_rate":0.1971,"is_open":false,"enter_tag":"","leverage":1.0,"is_short":false,"open_timestamp":1760155200000,"close_timestamp":1760162400000,"orders":[{"amount":1708.0,"safe_price":0.19328,"ft_order_side":"buy","order_filled_timestamp":1760155200000,"ft_is_entry":true,"ft_order_tag":"","cost":330.45236224},{"amount":1708.0,"safe_price":0.19366694694694694,"ft_order_side":"sell","order_filled_timestamp":1760162400000,"ft_is_entry":false,"ft_order_tag":"roi","cost":331.1139285307707}],"funding_fees":0.0,"weekday":5},{"pair":"DOGE/USDT","stake_amount":330.0278,"max_stake_amount":330.0278,"amount":1718.0,"open_date":"2025-10-11 07:00:00+00:00","close_date":"2025-10-11 09:00:00+00:00","open_rate":0.1921,"close_rate":0.19534,"fee_open":0.001,"fee_close":0.001,"trade_duration":120,"profit_ratio":0.014834514782458562,"profit_abs":4.90069808,"exit_reason":"roi","initial_stop_loss_abs":0.1825,"initial_stop_loss_ratio":-0.05,"stop_loss_abs":0.1825,"stop_loss_ratio":-0.05,"min_rate":0.1881,"max_rate":0.19776,"is_open":false,"enter_tag":"","leverage":1.0,"is_short":false,"open_timestamp":1760166000000,"close_timestamp":1760173200000,"orders":[{"amount":1718.0,"safe_price":0.1921,"ft_order_side":"buy","order_filled_timestamp":1760166000000,"ft_is_entry":true,"ft_order_tag":"","cost":330.3578278},{"amount":1718.0,"safe_price":0.19534,"ft_order_side":"sell","order_filled_timestamp":1760173200000,"ft_is_entry":false,"ft_order_tag":"roi","cost":335.92971411999997}],"funding_fees":0.0,"weekday":5},{"pair":"DOGE/USDT","stake_amount":331.69981,"max_stake_amount":331.69981,"amount":1709.0,"open_date":"2025-10-11 10:00:00+00:00","close_date":"2025-10-11 19:00:00+00:00","open_rate":0.19409,"close_rate":0.18439,"fee_open":0.001,"fee_close":0.001,"trade_duration":540,"profit_ratio":-0.05187496310171358,"profit_abs":-17.22412232,"exit_reason":"stop_loss","initial_stop_loss_abs":0.18439,"initial_stop_loss_ratio":-0.05,"stop_loss_abs":0.18439,"stop_loss_ratio":-0.05,"min_rate":0.18286,"max_rate":0.19664,"is_open":false,"enter_tag":"","leverage":1.0,"is_short":false,"open_timestamp":1760176800000,"close_timestamp":1760209200000,"orders":[{"amount":1709.0,"safe_price":0.19409,"ft_order_side":"buy","order_filled_timestamp":1760176800000,"ft_is_entry":true,"ft_order_tag":"","cost":332.03150981},{"amount":1709.0,"safe_price":0.18439,"ft_order_side":"sell","order_filled_timestamp":1760209200000,"ft_is_entry":false,"ft_order_tag":"stop_loss","cost":315.43763250999996}],"funding_fees":0.0,"weekday":5},{"pair":"DOGE/USDT","stake_amount":326.07224,"max_stake_amount":326.07224,"amount":1768.0,"open_date":"2025-10-11 20:00:00+00:00","close_date":"2025-10-11 22:00:00+00:00","open_rate":0.18443,"close_rate":0.18479922922922923,"fee_open":0.001,"fee_close":0.001,"trade_duration":120,"profit_ratio":0.0,"profit_abs":0.0,"exit_reason":"roi","initial_stop_loss_abs":0.17521,"initial_stop_loss_ratio":-0.05,"stop_loss_abs":0.17521,"stop_loss_ratio":-0.05,"min_rate":0.17816,"max_rate":0.18622,"is_open":false,"enter_tag":"","leverage":1.0,"is_short":false,"open_timestamp":1760212800000,"close_timestamp":1760220000000,"orders":[{"amount":1768.0,"safe_price":0.18443,"ft_order_side":"buy","order_filled_timestamp":1760212800000,"ft_is_entry":true,"ft_order_tag":"","cost":326.39831224},{"amount":1768.0,"safe_price":0.18479922922922923,"ft_order_side":"sell","order_filled_timestamp":1760220000000,"ft_is_entry":false,"ft_order_tag":"roi","cost":327.05176231455454}],"funding_fees":0.0,"weekday":5},{"pair":"DOGE/USDT","stake_amount":326.02286,"max_stake_amount":326.02286,"amount":1762.0,"open_date":"2025-10-11 23:00:00+00:00","close_date":"2025-10-12 03:00:00+00:00","open_rate":0.18503,"close_rate":0.18540043043043042,"fee_open":0.001,"fee_close":0.001,"trade_duration":240,"profit_ratio":0.0,"profit_abs":0.0,"exit_reason":"roi","initial_stop_loss_abs":0.17578,"initial_stop_loss_ratio":-0.05,"stop_loss_abs":0.17578,"stop_loss_ratio":-0.05,"min_rate":0.18072,"max_rate":0.18675,"is_open":false,"enter_tag":"","leverage":1.0,"is_short":false,"open_timestamp":1760223600000,"close_timestamp":1760238000000,"orders":[{"amount":1762.0,"safe_price":0.18503,"ft_order_side":"buy","order_filled_timestamp":1760223600000,"ft_is_entry":true,"ft_order_tag":"","cost":326.34888285999995},{"amount":1762.0,"safe_price":0.18540043043043042,"ft_order_side":"sell","order_filled_timestamp":1760238000000,"ft_is_entry":false,"ft_order_tag":"roi","cost":327.0022339768368}],"funding_fees":0.0,"weekday":6},{"pair":"DOGE/USDT","stake_amount":326.0048,"max_stake_amount":326.0048,"amount":1760.0,"open_date":"2025-10-12 04:00:00+00:00","close_date":"2025-10-12 06:00:00+00:00","open_rate":0.18523,"close_rate":0.18862,"fee_open":0.001,"fee_close":0.001,"trade_duration":120,"profit_ratio":0.016267002446347042,"profit_abs":5.308424,"exit_reason":"roi","initial_stop_loss_abs":0.17597,"initial_stop_loss_ratio":-0.05,"stop_loss_abs":0.17597,"stop_loss_ratio":-0.05,"min_rate":0.1848,"max_rate":0.19118,"is_open":false,"enter_tag":"","leverage":1.0,"is_short":false,"open_timestamp":1760241600000,"close_timestamp":1760248800000,"orders":[{"amount":1760.0,"safe_price":0.18523,"ft_order_side":"buy","order_filled_timestamp":1760241600000,"ft_is_entry":true,"ft_order_tag":"","cost":326.33080479999995},{"amount":1760.0,"safe_price":0.18862,"ft_order_side":"sell","order_filled_timestamp":1760248800000,"ft_is_entry":false,"ft_order_tag":"roi","cost":332.30317119999995}],"funding_fees":0.0,"weekday":6},{"pair":"DOGE/USDT","stake_amount":327.83641,"max_stake_amount":327.83641,"amount":1727.0,"open_date":"2025-10-12 08:00:00+00:00","close_date":"2025-10-12 10:00:00+00:00","open_rate":0.18983,"close_rate":0.19021004004004002,"fee_open":0.001,"fee_close":0.001,"trade_duration":120,"profit_ratio":0.0,"profit_abs":0.0,"exit_reason":"roi","initial_stop_loss_abs":0.18034,"initial_stop_loss_ratio":-0.05,"stop_loss_abs":0.18034,"stop_loss_ratio":-0.05,"min_rate":0.18695,"max_rate":0.19075,"is_open":false,"enter_tag":"","leverage":1.0,"is_short":false,"open_timestamp":1760256000000,"close_timestamp":1760263200000,"orders":[{"amount":1727.0,"safe_price":0.18983,"ft_order_side":"buy","order_filled_timestamp":1760256000000,"ft_is_entry":true,"ft_order_tag":"","cost":328.16424641},{"amount":1727.0,"safe_price":0.19021004004004002,"ft_order_side":"sell","order_filled_timestamp":1760263200000,"ft_is_entry":false,"ft_order_tag":"roi","cost":328.82123188829826}],"funding_fees":0.0,"weekday":6},{"pair":"DOGE/USDT","stake_amount":327.68736,"max_stake_amount":327.68736,"amount":1736.0,"open_date":"2025-10-12 12:00:00+00:00","close_date":"2025-10-12 14:00:00+00:00","open_rate":0.18876,"close_rate":0.1891378978978979,"fee_open":0.001,"fee_close":0.001,"trade_duration":120,"profit_ratio":0.0,"profit_abs":0.0,"exit_reason":"roi","initial_stop_loss_abs":0.17933,"initial_stop_loss_ratio":-0.05,"stop_loss_abs":0.17933,"stop_loss_ratio":-0.05,"min_rate":0.18624,"max_rate":0.19986,"is_open":false,"enter_tag":"","leverage":1.0,"is_short":false,"open_timestamp":1760270400000,"close_timestamp":1760277600000,"orders":[{"amount":1736.0,"safe_price":0.18876,"ft_order_side":"buy","order_filled_timestamp":1760270400000,"ft_is_entry":true,"ft_order_tag":"","cost":328.01504736},{"amount":1736.0,"safe_price":0.1891378978978979,"ft_order_side":"sell","order_filled_timestamp":1760277600000,"ft_is_entry":false,"ft_order_tag":"roi","cost":328.6717341415015}],"funding_fees":0.0,"weekday":6},{"pair":"DOGE/USDT","stake_amount":327.8097,"max_stake_amount":327.8097,"amount":1585.0,"open_date":"2025-10-12 22:00:00+00:00","close_date":"2025-10-13 00:00:00+00:00","open_rate":0.20682,"close_rate":0.20723405405405404,"fee_open":0.001,"fee_close":0.001,"trade_duration":120,"profit_ratio":0.0,"profit_abs":0.0,"exit_reason":"roi","initial_stop_loss_abs":0.19648,"initial_stop_loss_ratio":-0.05,"stop_loss_abs":0.19648,"stop_loss_ratio":-0.05,"min_rate":0.20465,"max_rate":0.20882,"is_open":false,"enter_tag":"","leverage":1.0,"is_short":false,"open_timestamp":1760306400000,"close_timestamp":1760313600000,"orders":[{"amount":1585.0,"safe_price":0.20682,"ft_order_side":"buy","order_filled_timestamp":1760306400000,"ft_is_entry":true,"ft_order_tag":"","cost":328.1375097},{"amount":1585.0,"safe_price":0.20723405405405404,"ft_order_side":"sell","order_filled_timestamp":1760313600000,"ft_is_entry":false,"ft_order_tag":"roi","cost":328.7944416513513}],"funding_fees":0.0,"weekday":0},{"pair":"DOGE/USDT","stake_amount":327.73137,"max_stake_amount":327.73137,"amount":1587.0,"open_date":"2025-10-13 01:00:00+00:00","close_date":"2025-10-13 03:00:00+00:00","open_rate":0.20651,"close_rate":0.20886,"fee_open":0.001,"fee_close":0.001,"trade_duration":120,"profit_ratio":0.009358855758545847,"profit_abs":3.07025781,"exit_reason":"roi","initial_stop_loss_abs":0.19619,"initial_stop_loss_ratio":-0.05,"stop_loss_abs":0.19619,"stop_loss_ratio":-0.05,"min_rate":0.20548,"max_rate":0.20999,"is_open":false,"enter_tag":"","leverage":1.0,"is_short":false,"open_timestamp":1760317200000,"close_timestamp":1760324400000,"orders":[{"amount":1587.0,"safe_price":0.20651,"ft_order_side":"buy","order_filled_timestamp":1760317200000,"ft_is_entry":true,"ft_order_tag":"","cost":328.05910137},{"amount":1587.0,"safe_price":0.20886,"ft_order_side":"sell","order_filled_timestamp":1760324400000,"ft_is_entry":false,"ft_order_tag":"roi","cost":331.79228082}],"funding_fees":0.0,"weekday":0},{"pair":"DOGE/USDT","stake_amount":328.68264,"max_stake_amount":328.68264,"amount":1586.0,"open_date":"2025-10-13 04:00:00+00:00","close_date":"2025-10-13 06:00:00+00:00","open_rate":0.20724,"close_rate":0.2078,"fee_open":0.001,"fee_close":0.001,"trade_duration":120,"profit_ratio":0.0006987800849989617,"profit_abs":0.22990656,"exit_reason":"roi","initial_stop_loss_abs":0.19688,"initial_stop_loss_ratio":-0.05,"stop_loss_abs":0.19688,"stop_loss_ratio":-0.05,"min_rate":0.20634,"max_rate":0.21138,"is_open":false,"enter_tag":"","leverage":1.0,"is_short":false,"open_timestamp":1760328000000,"close_timestamp":1760335200000,"orders":[{"amount":1586.0,"safe_price":0.20724,"ft_order_side":"buy","order_filled_timestamp":1760328000000,"ft_is_entry":true,"ft_order_tag":"","cost":329.01132263999995},{"amount":1586.0,"safe_price":0.2078,"ft_order_side":"sell","order_filled_timestamp":1760335200000,"ft_is_entry":false,"ft_order_tag":"roi","cost":329.90037079999996}],"funding_fees":0.0,"weekday":0},{"pair":"DOGE/USDT","stake_amount":328.84712,"max_stake_amount":328.84712,"amount":1652.0,"open_date":"2025-10-14 12:00:00+00:00","close_date":"2025-10-14 14:00:00+00:00","open_rate":0.19906,"close_rate":0.19945851851851848,"fee_open":0.001,"fee_close":0.001,"trade_duration":120,"profit_ratio":0.0,"profit_abs":0.0,"exit_reason":"roi","initial_stop_loss_abs":0.18911,"initial_stop_loss_ratio":-0.05,"stop_loss_abs":0.18911,"stop_loss_ratio":-0.05,"min_rate":0.1933,"max_rate":0.20175,"is_open":false,"enter_tag":"","leverage":1.0,"is_short":false,"open_timestamp":1760443200000,"close_timestamp":1760450400000,"orders":[{"amount":1652.0,"safe_price":0.19906,"ft_order_side":"buy","order_filled_timestamp":1760443200000,"ft_is_entry":true,"ft_order_tag":"","cost":329.17596711999994},{"amount":1652.0,"safe_price":0.19945851851851848,"ft_order_side":"sell","order_filled_timestamp":1760450400000,"ft_is_entry":false,"ft_order_tag":"roi","cost":329.83497806518506}],"funding_fees":0.0,"weekday":1},{"pair":"DOGE/USDT","stake_amount":328.86435,"max_stake_amount":328.86435,"amount":1653.0,"open_date":"2025-10-14 15:00:00+00:00","close_date":"2025-10-14 17:00:00+00:00","open_rate":0.19895,"close_rate":0.20294,"fee_open":0.001,"fee_close":0.001,"trade_duration":120,"profit_ratio":0.01801721776589834,"profit_abs":5.93114583,"exit_reason":"roi","initial_stop_loss_abs":0.18901,"initial_stop_loss_ratio":-0.05,"stop_loss_abs":0.18901,"stop_loss_ratio":-0.05,"min_rate":0.19781,"max_rate":0.2071,"is_open":false,"enter_tag":"","leverage":1.0,"is_short":false,"open_timestamp":1760454000000,"close_timestamp":1760461200000,"orders":[{"amount":1653.0,"safe_price":0.19895,"ft_order_side":"buy","order_filled_timestamp":1760454000000,"ft_is_entry":true,"ft_order_tag":"","cost":329.19321434999995},{"amount":1653.0,"safe_price":0.20294,"ft_order_side":"sell","order_filled_timestamp":1760461200000,"ft_is_entry":false,"ft_order_tag":"roi","cost":335.79527982}],"funding_fees":0.0,"weekday":1},{"pair":"DOGE/USDT","stake_amount":330.88299,"max_stake_amount":330.88299,"amount":1627.0,"open_date":"2025-10-14 18:00:00+00:00","close_date":"2025-10-14 20:00:00+00:00","open_rate":0.20337,"close_rate":0.20377714714714712,"fee_open":0.001,"fee_close":0.001,"trade_duration":120,"profit_ratio":0.0,"profit_abs":0.0,"exit_reason":"roi","initial_stop_loss_abs":0.19321,"initial_stop_loss_ratio":-0.05,"stop_loss_abs":0.19321,"stop_loss_ratio":-0.05,"min_rate":0.20036,"max_rate":0.20574,"is_open":false,"enter_tag":"","leverage":1.0,"is_short":false,"open_timestamp":1760464800000,"close_timestamp":1760472000000,"orders":[{"amount":1627.0,"safe_price":0.20337,"ft_order_side":"buy","order_filled_timestamp":1760464800000,"ft_is_entry":true,"ft_order_tag":"","cost":331.21387298999997},{"amount":1627.0,"safe_price":0.20377714714714712,"ft_order_side":"sell","order_filled_timestamp":1760472000000,"ft_is_entry":false,"ft_order_tag":"roi","cost":331.87696382681673}],"funding_fees":0.0,"weekday":1},{"pair":"DOGE/USDT","stake_amount":330.85556,"max_stake_amount":330.85556,"amount":1622.0,"open_date":"2025-10-14 21:00:00+00:00","close_date":"2025-10-14 23:00:00+00:00","open_rate":0.20398,"close_rate":0.20438836836836832,"fee_open":0.001,"fee_close":0.001,"trade_duration":120,"profit_ratio":0.0,"profit_abs":0.0,"exit_reason":"roi","initial_stop_loss_abs":0.19379,"initial_stop_loss_ratio":-0.05,"stop_loss_abs":0.19379,"stop_loss_ratio":-0.05,"min_rate":0.20215,"max_rate":0.20518,"is_open":false,"enter_tag":"","leverage":1.0,"is_short":false,"open_timestamp":1760475600000,"close_timestamp":1760482800000,"orders":[{"amount":1622.0,"safe_price":0.20398,"ft_order_side":"buy","order_filled_timestamp":1760475600000,"ft_is_entry":true,"ft_order_tag":"","cost":331.18641555999994},{"amount":1622.0,"safe_price":0.20438836836836832,"ft_order_side":"sell","order_filled_timestamp":1760482800000,"ft_is_entry":false,"ft_order_tag":"roi","cost":331.8494514269869}],"funding_fees":0.0,"weekday":1},{"pair":"DOGE/USDT","stake_amount":330.90656,"max_stake_amount":330.90656,"amount":1696.0,"open_date":"2025-10-15 22:00:00+00:00","close_date":"2025-10-16 00:00:00+00:00","open_rate":0.19511,"close_rate":0.19621,"fee_open":0.001,"fee_close":0.001,"trade_duration":120,"profit_ratio":0.00362857889381389,"profit_abs":1.20192128,"exit_reason":"roi","initial_stop_loss_abs":0.18536,"initial_stop_loss_ratio":-0.05,"stop_loss_abs":0.18536,"stop_loss_ratio":-0.05,"min_rate":0.1946,"max_rate":0.19684,"is_open":false,"enter_tag":"","leverage":1.0,"is_short":false,"open_timestamp":1760565600000,"close_timestamp":1760572800000,"orders":[{"amount":1696.0,"safe_price":0.19511,"ft_order_side":"buy","order_filled_timestamp":1760565600000,"ft_is_entry":true,"ft_order_tag":"","cost":331.23746656},{"amount":1696.0,"safe_price":0.19621,"ft_order_side":"sell","order_filled_timestamp":1760572800000,"ft_is_entry":false,"ft_order_tag":"roi","cost":333.10493216}],"funding_fees":0.0,"weekday":3},{"pair":"DOGE/USDT","stake_amount":331.16544,"max_stake_amount":331.16544,"amount":1691.0,"open_date":"2025-10-16 01:00:00+00:00","close_date":"2025-10-16 03:00:00+00:00","open_rate":0.19584,"close_rate":0.19799,"fee_open":0.001,"fee_close":0.001,"trade_duration":120,"profit_ratio":0.008958412910618793,"profit_abs":2.96968347,"exit_reason":"roi","initial_stop_loss_abs":0.18605,"initial_stop_loss_ratio":-0.05,"stop_loss_abs":0.18605,"stop_loss_ratio":-0.05,"min_rate":0.19574,"max_rate":0.1991,"is_open":false,"enter_tag":"","leverage":1.0,"is_short":false,"open_timestamp":1760576400000,"close_timestamp":1760583600000,"orders":[{"amount":1691.0,"safe_price":0.19584,"ft_order_side":"buy","order_filled_timestamp":1760576400000,"ft_is_entry":true,"ft_order_tag":"","cost":331.49660543999994},{"amount":1691.0,"safe_price":0.19799,"ft_order_side":"sell","order_filled_timestamp":1760583600000,"ft_is_entry":false,"ft_order_tag":"roi","cost":335.13589109}],"funding_fees":0.0,"weekday":3},{"pair":"DOGE/USDT","stake_amount":332.24268,"max_stake_amount":332.24268,"amount":1754.0,"open_date":"2025-10-16 16:00:00+00:00","close_date":"2025-10-16 18:00:00+00:00","open_rate":0.18942,"close_rate":0.19127,"fee_open":0.001,"fee_close":0.001,"trade_duration":120,"profit_ratio":0.007749140311699704,"profit_abs":2.57716974,"exit_reason":"roi","initial_stop_loss_abs":0.17995,"initial_stop_loss_ratio":-0.05,"stop_loss_abs":0.17995,"stop_loss_ratio":-0.05,"min_rate":0.1875,"max_rate":0.19484,"is_open":false,"enter_tag":"","leverage":1.0,"is_short":false,"open_timestamp":1760630400000,"close_timestamp":1760637600000,"orders":[{"amount":1754.0,"safe_price":0.18942,"ft_order_side":"buy","order_filled_timestamp":1760630400000,"ft_is_entry":true,"ft_order_tag":"","cost":332.57492268},{"amount":1754.0,"safe_price":0.19127,"ft_order_side":"sell","order_filled_timestamp":1760637600000,"ft_is_entry":false,"ft_order_tag":"roi","cost":335.82306757999993}],"funding_fees":0.0,"weekday":3},{"pair":"DOGE/USDT","stake_amount":333.01148,"max_stake_amount":333.01148,"amount":1748.0,"open_date":"2025-10-16 19:00:00+00:00","close_date":"2025-10-17 01:00:00+00:00","open_rate":0.19051,"close_rate":0.1908914014014014,"fee_open":0.001,"fee_close":0.001,"trade_duration":360,"profit_ratio":0.0,"profit_abs":0.0,"exit_reason":"roi","initial_stop_loss_abs":0.18099,"initial_stop_loss_ratio":-0.05,"stop_loss_abs":0.18099,"stop_loss_ratio":-0.05,"min_rate":0.18469,"max_rate":0.19114,"is_open":false,"enter_tag":"","leverage":1.0,"is_short":false,"open_timestamp":1760641200000,"close_timestamp":1760662800000,"orders":[{"amount":1748.0,"safe_price":0.19051,"ft_order_side":"buy","order_filled_timestamp":1760641200000,"ft_is_entry":true,"ft_order_tag":"","cost":333.34449148},{"amount":1748.0,"safe_price":0.1908914014014014,"ft_order_side":"sell","order_filled_timestamp":1760662800000,"ft_is_entry":false,"ft_order_tag":"roi","cost":334.01184781929925}],"funding_fees":0.0,"weekday":4},{"pair":"DOGE/USDT","stake_amount":333.04296,"max_stake_amount":333.04296,"amount":1756.0,"open_date":"2025-10-17 02:00:00+00:00","close_date":"2025-10-17 04:00:00+00:00","open_rate":0.18966,"close_rate":0.19033,"fee_open":0.001,"fee_close":0.001,"trade_duration":120,"profit_ratio":0.001527577136561635,"profit_abs":0.50925756,"exit_reason":"roi","initial_stop_loss_abs":0.18018,"initial_stop_loss_ratio":-0.05,"stop_loss_abs":0.18018,"stop_loss_ratio":-0.05,"min_rate":0.18819,"max_rate":0.19051,"is_open":false,"enter_tag":"","leverage":1.0,"is_short":false,"open_timestamp":1760666400000,"close_timestamp":1760673600000,"orders":[{"amount":1756.0,"safe_price":0.18966,"ft_order_side":"buy","order_filled_timestamp":1760666400000,"ft_is_entry":true,"ft_order_tag":"","cost":333.37600295999994},{"amount":1756.0,"safe_price":0.19033,"ft_order_side":"sell","order_filled_timestamp":1760673600000,"ft_is_entry":false,"ft_order_tag":"roi","cost":334.5536994799999}],"funding_fees":0.0,"weekday":4},{"pair":"DOGE/USDT","stake_amount":333.2032,"max_stake_amount":333.2032,"amount":1760.0,"open_date":"2025-10-17 05:00:00+00:00","close_date":"2025-10-17 07:00:00+00:00","open_rate":0.18932,"close_rate":0.17986,"fee_open":0.001,"fee_close":0.001,"trade_duration":120,"profit_ratio":-0.05186647284682358,"profit_abs":-17.2993568,"exit_reason":"stop_loss","initial_stop_loss_abs":0.17986,"initial_stop_loss_ratio":-0.05,"stop_loss_abs":0.17986,"stop_loss_ratio":-0.05,"min_rate":0.17831,"max_rate":0.18987,"is_open":false,"enter_tag":"","leverage":1.0,"is_short":false,"open_timestamp":1760677200000,"close_timestamp":1760684400000,"orders":[{"amount":1760.0,"safe_price":0.18932,"ft_order_side":"buy","order_filled_timestamp":1760677200000,"ft_is_entry":true,"ft_order_tag":"","cost":333.53640319999994},{"amount":1760.0,"safe_price":0.17986,"ft_order_side":"sell","order_filled_timestamp":1760684400000,"ft_is_entry":false,"ft_order_tag":"stop_loss","cost":316.8701535999999}],"funding_fees":0.0,"weekday":4},{"pair":"DOGE/USDT","stake_amount":327.53406,"max_stake_amount":327.53406,"amount":1834.0,"open_date":"2025-10-17 08:00:00+00:00","close_date":"2025-10-17 10:00:00+00:00","open_rate":0.17859,"close_rate":0.1789475375375375,"fee_open":0.001,"fee_close":0.001,"trade_duration":120,"profit_ratio":0.0,"profit_abs":0.0,"exit_reason":"roi","initial_stop_loss_abs":0.16967,"initial_stop_loss_ratio":-0.05,"stop_loss_abs":0.16967,"stop_loss_ratio":-0.05,"min_rate":0.17555,"max_rate":0.18194,"is_open":false,"enter_tag":"","leverage":1.0,"is_short":false,"open_timestamp":1760688000000,"close_timestamp":1760695200000,"orders":[{"amount":1834.0,"safe_price":0.17859,"ft_order_side":"buy","order_filled_timestamp":1760688000000,"ft_is_entry":true,"ft_order_tag":"","cost":327.86159405999996},{"amount":1834.0,"safe_price":0.1789475375375375,"ft_order_side":"sell","order_filled_timestamp":1760695200000,"ft_is_entry":false,"ft_order_tag":"roi","cost":328.5179736276876}],"funding_fees":0.0,"weekday":4},{"pair":"DOGE/USDT","stake_amount":327.5883,"max_stake_amount":327.5883,"amount":1830.0,"open_date":"2025-10-17 11:00:00+00:00","close_date":"2025-10-17 13:00:00+00:00","open_rate":0.17901,"close_rate":0.18228,"fee_open":0.001,"fee_close":0.001,"trade_duration":120,"profit_ratio":0.016232636142138403,"profit_abs":5.3229393,"exit_reason":"roi","initial_stop_loss_abs":0.17006,"initial_stop_loss_ratio":-0.05,"stop_loss_abs":0.17006,"stop_loss_ratio":-0.05,"min_rate":0.17882,"max_rate":0.18463,"is_open":false,"enter_tag":"","leverage":1.0,"is_short":false,"open_timestamp":1760698800000,"close_timestamp":1760706000000,"orders":[{"amount":1830.0,"safe_price":0.17901,"ft_order_side":"buy","order_filled_timestamp":1760698800000,"ft_is_entry":true,"ft_order_tag":"","cost":327.91588829999995},{"amount":1830.0,"safe_price":0.18228,"ft_order_side":"sell","order_filled_timestamp":1760706000000,"ft_is_entry":false,"ft_order_tag":"roi","cost":333.9059724}],"funding_fees":0.0,"weekday":4},{"pair":"DOGE/USDT","stake_amount":329.2068,"max_stake_amount":329.2068,"amount":1796.0,"open_date":"2025-10-17 14:00:00+00:00","close_date":"2025-10-17 16:00:00+00:00","open_rate":0.1833,"close_rate":0.18488,"fee_open":0.001,"fee_close":0.001,"trade_duration":120,"profit_ratio":0.006604524771464215,"profit_abs":2.17642872,"exit_reason":"roi","initial_stop_loss_abs":0.17414,"initial_stop_loss_ratio":-0.05,"stop_loss_abs":0.17414,"stop_loss_ratio":-0.05,"min_rate":0.17968,"max_rate":0.18726,"is_open":false,"enter_tag":"","leverage":1.0,"is_short":false,"open_timestamp":1760709600000,"close_timestamp":1760716800000,"orders":[{"amount":1796.0,"safe_price":0.1833,"ft_order_side":"buy","order_filled_timestamp":1760709600000,"ft_is_entry":true,"ft_order_tag":"","cost":329.53600679999994},{"amount":1796.0,"safe_price":0.18488,"ft_order_side":"sell","order_filled_timestamp":1760716800000,"ft_is_entry":false,"ft_order_tag":"roi","cost":332.37652447999994}],"funding_fees":0.0,"weekday":4},{"pair":"DOGE/USDT","stake_amount":329.93895,"max_stake_amount":329.93895,"amount":1795.0,"open_date":"2025-10-17 17:00:00+00:00","close_date":"2025-10-17 19:00:00+00:00","open_rate":0.18381,"close_rate":0.18491,"fee_open":0.001,"fee_close":0.001,"trade_duration":120,"profit_ratio":0.003974481532829827,"profit_abs":1.3126476,"exit_reason":"roi","initial_stop_loss_abs":0.17462,"initial_stop_loss_ratio":-0.05,"stop_loss_abs":0.17462,"stop_loss_ratio":-0.05,"min_rate":0.18336,"max_rate":0.18615,"is_open":false,"enter_tag":"","leverage":1.0,"is_short":false,"open_timestamp":1760720400000,"close_timestamp":1760727600000,"orders":[{"amount":1795.0,"safe_price":0.18381,"ft_order_side":"buy","order_filled_timestamp":1760720400000,"ft_is_entry":true,"ft_order_tag":"","cost":330.26888894999996},{"amount":1795.0,"safe_price":0.18491,"ft_order_side":"sell","order_filled_timestamp":1760727600000,"ft_is_entry":false,"ft_order_tag":"roi","cost":332.24536344999996}],"funding_fees":0.0,"weekday":4},{"pair":"DOGE/USDT","stake_amount":330.33204,"max_stake_amount":330.33204,"amount":1791.0,"open_date":"2025-10-17 20:00:00+00:00","close_date":"2025-10-17 22:00:00+00:00","open_rate":0.18444,"close_rate":0.18735,"fee_open":0.001,"fee_close":0.001,"trade_duration":120,"profit_ratio":0.013747963162406885,"profit_abs":4.54593411,"exit_reason":"roi","initial_stop_loss_abs":0.17522,"initial_stop_loss_ratio":-0.05,"stop_loss_abs":0.17522,"stop_loss_ratio":-0.05,"min_rate":0.18399,"max_rate":0.18776,"is_open":false,"enter_tag":"","leverage":1.0,"is_short":false,"open_timestamp":1760731200000,"close_timestamp":1760738400000,"orders":[{"amount":1791.0,"safe_price":0.18444,"ft_order_side":"buy","order_filled_timestamp":1760731200000,"ft_is_entry":true,"ft_order_tag":"","cost":330.66237204},{"amount":1791.0,"safe_price":0.18735,"ft_order_side":"sell","order_filled_timestamp":1760738400000,"ft_is_entry":false,"ft_order_tag":"roi","cost":335.87939384999993}],"funding_fees":0.0,"weekday":4},{"pair":"DOGE/USDT","stake_amount":331.92387,"max_stake_amount":331.92387,"amount":1797.0,"open_date":"2025-10-18 00:00:00+00:00","close_date":"2025-10-18 01:00:00+00:00","open_rate":0.18471,"close_rate":0.18601,"fee_open":0.001,"fee_close":0.001,"trade_duration":60,"profit_ratio":0.0050259956058234445,"profit_abs":1.66991616,"exit_reason":"exit_signal","initial_stop_loss_abs":0.17548,"initial_stop_loss_ratio":-0.05,"stop_loss_abs":0.17548,"stop_loss_ratio":-0.05,"min_rate":0.18426,"max_rate":0.18791,"is_open":false,"enter_tag":"","leverage":1.0,"is_short":false,"open_timestamp":1760745600000,"close_timestamp":1760749200000,"orders":[{"amount":1797.0,"safe_price":0.18471,"ft_order_side":"buy","order_filled_timestamp":1760745600000,"ft_is_entry":true,"ft_order_tag":"","cost":332.25579387},{"amount":1797.0,"safe_price":0.18601,"ft_order_side":"sell","order_filled_timestamp":1760749200000,"ft_is_entry":false,"ft_order_tag":"exit_signal","cost":334.59422996999996}],"funding_fees":0.0,"weekday":5},{"pair":"DOGE/USDT","stake_amount":332.46264,"max_stake_amount":332.46264,"amount":1772.0,"open_date":"2025-10-22 22:00:00+00:00","close_date":"2025-10-23 00:00:00+00:00","open_rate":0.18762,"close_rate":0.18993,"fee_open":0.001,"fee_close":0.001,"trade_duration":120,"profit_ratio":0.01028951860419721,"profit_abs":3.4243014,"exit_reason":"roi","initial_stop_loss_abs":0.17824,"initial_stop_loss_ratio":-0.05,"stop_loss_abs":0.17824,"stop_loss_ratio":-0.05,"min_rate":0.18671,"max_rate":0.19094,"is_open":false,"enter_tag":"","leverage":1.0,"is_short":false,"open_timestamp":1761170400000,"close_timestamp":1761177600000,"orders":[{"amount":1772.0,"safe_price":0.18762,"ft_order_side":"buy","order_filled_timestamp":1761170400000,"ft_is_entry":true,"ft_order_tag":"","cost":332.79510264},{"amount":1772.0,"safe_price":0.18993,"ft_order_side":"sell","order_filled_timestamp":1761177600000,"ft_is_entry":false,"ft_order_tag":"roi","cost":336.8925159599999}],"funding_fees":0.0,"weekday":3},{"pair":"DOGE/USDT","stake_amount":333.63366,"max_stake_amount":333.63366,"amount":1779.0,"open_date":"2025-10-30 05:00:00+00:00","close_date":"2025-10-30 07:00:00+00:00","open_rate":0.18754,"close_rate":0.1913,"fee_open":0.001,"fee_close":0.001,"trade_duration":120,"profit_ratio":0.018010996148993378,"profit_abs":6.01508364,"exit_reason":"roi","initial_stop_loss_abs":0.17817,"initial_stop_loss_ratio":-0.05,"stop_loss_abs":0.17817,"stop_loss_ratio":-0.05,"min_rate":0.18712,"max_rate":0.19346,"is_open":false,"enter_tag":"","leverage":1.0,"is_short":false,"open_timestamp":1761800400000,"close_timestamp":1761807600000,"orders":[{"amount":1779.0,"safe_price":0.18754,"ft_order_side":"buy","order_filled_timestamp":1761800400000,"ft_is_entry":true,"ft_order_tag":"","cost":333.96729366},{"amount":1779.0,"safe_price":0.1913,"ft_order_side":"sell","order_filled_timestamp":1761807600000,"ft_is_entry":false,"ft_order_tag":"roi","cost":340.66302269999994}],"funding_fees":0.0,"weekday":3},{"pair":"DOGE/USDT","stake_amount":335.57888,"max_stake_amount":335.57888,"amount":1742.0,"open_date":"2025-10-30 08:00:00+00:00","close_date":"2025-10-30 12:00:00+00:00","open_rate":0.19264,"close_rate":0.18301,"fee_open":0.001,"fee_close":0.001,"trade_duration":240,"profit_ratio":-0.051887740581677465,"profit_abs":-17.4298423,"exit_reason":"stop_loss","initial_stop_loss_abs":0.18301,"initial_stop_loss_ratio":-0.05,"stop_loss_abs":0.18301,"stop_loss_ratio":-0.05,"min_rate":0.18275,"max_rate":0.19266,"is_open":false,"enter_tag":"","leverage":1.0,"is_short":false,"open_timestamp":1761811200000,"close_timestamp":1761825600000,"orders":[{"amount":1742.0,"safe_price":0.19264,"ft_order_side":"buy","order_filled_timestamp":1761811200000,"ft_is_entry":true,"ft_order_tag":"","cost":335.91445888},{"amount":1742.0,"safe_price":0.18301,"ft_order_side":"sell","order_filled_timestamp":1761825600000,"ft_is_entry":false,"ft_order_tag":"stop_loss","cost":319.12222341999995}],"funding_fees":0.0,"weekday":3},{"pair":"DOGE/USDT","stake_amount":329.81265,"max_stake_amount":329.81265,"amount":1791.0,"open_date":"2025-10-30 13:00:00+00:00","close_date":"2025-10-31 00:00:00+00:00","open_rate":0.18415,"close_rate":0.18451866866866865,"fee_open":0.001,"fee_close":0.001,"trade_duration":660,"profit_ratio":0.0,"profit_abs":0.0,"exit_reason":"roi","initial_stop_loss_abs":0.17495,"initial_stop_loss_ratio":-0.05,"stop_loss_abs":0.17495,"stop_loss_ratio":-0.05,"min_rate":0.17642,"max_rate":0.185,"is_open":false,"enter_tag":"","leverage":1.0,"is_short":false,"open_timestamp":1761829200000,"close_timestamp":1761868800000,"orders":[{"amount":1791.0,"safe_price":0.18415,"ft_order_side":"buy","order_filled_timestamp":1761829200000,"ft_is_entry":true,"ft_order_tag":"","cost":330.14246264999997},{"amount":1791.0,"safe_price":0.18451866866866865,"ft_order_side":"sell","order_filled_timestamp":1761868800000,"ft_is_entry":false,"ft_order_tag":"roi","cost":330.8034085211711}],"funding_fees":0.0,"weekday":4},{"pair":"DOGE/USDT","stake_amount":329.8645,"max_stake_amount":329.8645,"amount":1975.0,"open_date":"2025-11-03 16:00:00+00:00","close_date":"2025-11-03 18:00:00+00:00","open_rate":0.16702,"close_rate":0.17137,"fee_open":0.001,"fee_close":0.001,"trade_duration":120,"profit_ratio":0.02399474552510117,"profit_abs":7.92292975,"exit_reason":"roi","initial_stop_loss_abs":0.15867,"initial_stop_loss_ratio":-0.05,"stop_loss_abs":0.15867,"stop_loss_ratio":-0.05,"min_rate":0.16553,"max_rate":0.1717,"is_open":false,"enter_tag":"","leverage":1.0,"is_short":false,"open_timestamp":1762185600000,"close_timestamp":1762192800000,"orders":[{"amount":1975.0,"safe_price":0.16702,"ft_order_side":"buy","order_filled_timestamp":1762185600000,"ft_is_entry":true,"ft_order_tag":"","cost":330.1943645},{"amount":1975.0,"safe_price":0.17137,"ft_order_side":"sell","order_filled_timestamp":1762192800000,"ft_is_entry":false,"ft_order_tag":"roi","cost":338.79420574999995}],"funding_fees":0.0,"weekday":0},{"pair":"DOGE/USDT","stake_amount":332.407,"max_stake_amount":332.407,"amount":1964.0,"open_date":"2025-11-03 19:00:00+00:00","close_date":"2025-11-04 01:00:00+00:00","open_rate":0.16925,"close_rate":0.16958883883883882,"fee_open":0.001,"fee_close":0.001,"trade_duration":360,"profit_ratio":0.0,"profit_abs":0.0,"exit_reason":"roi","initial_stop_loss_abs":0.16079,"initial_stop_loss_ratio":-0.05,"stop_loss_abs":0.16079,"stop_loss_ratio":-0.05,"min_rate":0.16433,"max_rate":0.17033,"is_open":false,"enter_tag":"","leverage":1.0,"is_short":false,"open_timestamp":1762196400000,"close_timestamp":1762218000000,"orders":[{"amount":1964.0,"safe_price":0.16925,"ft_order_side":"buy","order_filled_timestamp":1762196400000,"ft_is_entry":true,"ft_order_tag":"","cost":332.739407},{"amount":1964.0,"safe_price":0.16958883883883882,"ft_order_side":"sell","order_filled_timestamp":1762218000000,"ft_is_entry":false,"ft_order_tag":"roi","cost":333.4055519589589}],"funding_fees":0.0,"weekday":1},{"pair":"DOGE/USDT","stake_amount":332.40865,"max_stake_amount":332.40865,"amount":1955.0,"open_date":"2025-11-04 02:00:00+00:00","close_date":"2025-11-04 04:00:00+00:00","open_rate":0.17003,"close_rate":0.17041,"fee_open":0.001,"fee_close":0.001,"trade_duration":120,"profit_ratio":0.00023243239146315074,"profit_abs":0.0773398,"exit_reason":"roi","initial_stop_loss_abs":0.16153,"initial_stop_loss_ratio":-0.05,"stop_loss_abs":0.16153,"stop_loss_ratio":-0.05,"min_rate":0.168,"max_rate":0.1711,"is_open":false,"enter_tag":"","leverage":1.0,"is_short":false,"open_timestamp":1762221600000,"close_timestamp":1762228800000,"orders":[{"amount":1955.0,"safe_price":0.17003,"ft_order_side":"buy","order_filled_timestamp":1762221600000,"ft_is_entry":true,"ft_order_tag":"","cost":332.74105864999996},{"amount":1955.0,"safe_price":0.17041,"ft_order_side":"sell","order_filled_timestamp":1762228800000,"ft_is_entry":false,"ft_order_tag":"roi","cost":333.48470154999995}],"funding_fees":0.0,"weekday":1},{"pair":"DOGE/USDT","stake_amount":332.40911,"max_stake_amount":332.40911,"amount":1961.0,"open_date":"2025-11-04 05:00:00+00:00","close_date":"2025-11-04 05:00:00+00:00","open_rate":0.16951,"close_rate":0.16104,"fee_open":0.001,"fee_close":0.001,"trade_duration":0,"profit_ratio":-0.05186572026286498,"profit_abs":-17.25787855,"exit_reason":"stop_loss","initial_stop_loss_abs":0.16104,"initial_stop_loss_ratio":-0.05,"stop_loss_abs":0.16104,"stop_loss_ratio":-0.05,"min_rate":0.16073,"max_rate":0.16983,"is_open":false,"enter_tag":"","leverage":1.0,"is_short":false,"open_timestamp":1762232400000,"close_timestamp":1762232400000,"orders":[{"amount":1961.0,"safe_price":0.16951,"ft_order_side":"buy","order_filled_timestamp":1762232400000,"ft_is_entry":true,"ft_order_tag":"","cost":332.74151910999996},{"amount":1961.0,"safe_price":0.16104,"ft_order_side":"sell","order_filled_timestamp":1762232400000,"ft_is_entry":false,"ft_order_tag":"stop_loss","cost":316.11523944}],"funding_fees":0.0,"weekday":1},{"pair":"DOGE/USDT","stake_amount":326.85161,"max_stake_amount":326.85161,"amount":2029.0,"open_date":"2025-11-04 06:00:00+00:00","close_date":"2025-11-04 08:00:00+00:00","open_rate":0.16109,"close_rate":0.16201,"fee_open":0.001,"fee_close":0.001,"trade_duration":120,"profit_ratio":0.003701680404144865,"profit_abs":1.2111101,"exit_reason":"roi","initial_stop_loss_abs":0.15304,"initial_stop_loss_ratio":-0.05,"stop_loss_abs":0.15304,"stop_loss_ratio":-0.05,"min_rate":0.16062,"max_rate":0.16735,"is_open":false,"enter_tag":"","leverage":1.0,"is_short":false,"open_timestamp":1762236000000,"close_timestamp":1762243200000,"orders":[{"amount":2029.0,"safe_price":0.16109,"ft_order_side":"buy","order_filled_timestamp":1762236000000,"ft_is_entry":true,"ft_order_tag":"","cost":327.17846161},{"amount":2029.0,"safe_price":0.16201,"ft_order_side":"sell","order_filled_timestamp":1762243200000,"ft_is_entry":false,"ft_order_tag":"roi","cost":329.04700828999995}],"funding_fees":0.0,"weekday":1},{"pair":"DOGE/USDT","stake_amount":327.1905,"max_stake_amount":327.1905,"amount":1989.0,"open_date":"2025-11-04 09:00:00+00:00","close_date":"2025-11-04 11:00:00+00:00","open_rate":0.1645,"close_rate":0.16536,"fee_open":0.001,"fee_close":0.001,"trade_duration":120,"profit_ratio":0.003219516046263766,"profit_abs":1.05444846,"exit_reason":"roi","initial_stop_loss_abs":0.15628,"initial_stop_loss_ratio":-0.05,"stop_loss_abs":0.15628,"stop_loss_ratio":-0.05,"min_rate":0.16364,"max_rate":0.16702,"is_open":false,"enter_tag":"","leverage":1.0,"is_short":false,"open_timestamp":1762246800000,"close_timestamp":1762254000000,"orders":[{"amount":1989.0,"safe_price":0.1645,"ft_order_side":"buy","order_filled_timestamp":1762246800000,"ft_is_entry":true,"ft_order_tag":"","cost":327.5176905},{"amount":1989.0,"safe_price":0.16536,"ft_order_side":"sell","order_filled_timestamp":1762254000000,"ft_is_entry":false,"ft_order_tag":"roi","cost":329.22994103999997}],"funding_fees":0.0,"weekday":1},{"pair":"DOGE/USDT","stake_amount":327.60836,"max_stake_amount":327.60836,"amount":1972.0,"open_date":"2025-11-04 12:00:00+00:00","close_date":"2025-11-04 14:00:00+00:00","open_rate":0.16613,"close_rate":0.16646259259259258,"fee_open":0.001,"fee_close":0.001,"trade_duration":120,"profit_ratio":0.0,"profit_abs":0.0,"exit_reason":"roi","initial_stop_loss_abs":0.15783,"initial_stop_loss_ratio":-0.05,"stop_loss_abs":0.15783,"stop_loss_ratio":-0.05,"min_rate":0.1608,"max_rate":0.1678,"is_open":false,"enter_tag":"","leverage":1.0,"is_short":false,"open_timestamp":1762257600000,"close_timestamp":1762264800000,"orders":[{"amount":1972.0,"safe_price":0.16613,"ft_order_side":"buy","order_filled_timestamp":1762257600000,"ft_is_entry":true,"ft_order_tag":"","cost":327.93596835999995},{"amount":1972.0,"safe_price":0.16646259259259258,"ft_order_side":"sell","order_filled_timestamp":1762264800000,"ft_is_entry":false,"ft_order_tag":"roi","cost":328.59249682518515}],"funding_fees":0.0,"weekday":1},{"pair":"DOGE/USDT","stake_amount":327.51666,"max_stake_amount":327.51666,"amount":1962.0,"open_date":"2025-11-04 15:00:00+00:00","close_date":"2025-11-04 17:00:00+00:00","open_rate":0.16693,"close_rate":0.15859,"fee_open":0.001,"fee_close":0.001,"trade_duration":120,"profit_ratio":-0.05185924122005114,"profit_abs":-17.00175024,"exit_reason":"stop_loss","initial_stop_loss_abs":0.15859,"initial_stop_loss_ratio":-0.05,"stop_loss_abs":0.15859,"stop_loss_ratio":-0.05,"min_rate":0.1562,"max_rate":0.16853,"is_open":false,"enter_tag":"","leverage":1.0,"is_short":false,"open_timestamp":1762268400000,"close_timestamp":1762275600000,"orders":[{"amount":1962.0,"safe_price":0.16693,"ft_order_side":"buy","order_filled_timestamp":1762268400000,"ft_is_entry":true,"ft_order_tag":"","cost":327.84417665999996},{"amount":1962.0,"safe_price":0.15859,"ft_order_side":"sell","order_filled_timestamp":1762275600000,"ft_is_entry":false,"ft_order_tag":"stop_loss","cost":311.46473358}],"funding_fees":0.0,"weekday":1},{"pair":"DOGE/USDT","stake_amount":321.96306,"max_stake_amount":321.96306,"amount":2022.0,"open_date":"2025-11-04 18:00:00+00:00","close_date":"2025-11-04 20:00:00+00:00","open_rate":0.15923,"close_rate":0.15954877877877877,"fee_open":0.001,"fee_close":0.001,"trade_duration":120,"profit_ratio":0.0,"profit_abs":0.0,"exit_reason":"roi","initial_stop_loss_abs":0.15127,"initial_stop_loss_ratio":-0.05,"stop_loss_abs":0.15127,"stop_loss_ratio":-0.05,"min_rate":0.15159,"max_rate":0.16152,"is_open":false,"enter_tag":"","leverage":1.0,"is_short":false,"open_timestamp":1762279200000,"close_timestamp":1762286400000,"orders":[{"amount":2022.0,"safe_price":0.15923,"ft_order_side":"buy","order_filled_timestamp":1762279200000,"ft_is_entry":true,"ft_order_tag":"","cost":322.28502306},{"amount":2022.0,"safe_price":0.15954877877877877,"ft_order_side":"sell","order_filled_timestamp":1762286400000,"ft_is_entry":false,"ft_order_tag":"roi","cost":322.9302383213813}],"funding_fees":0.0,"weekday":1},{"pair":"DOGE/USDT","stake_amount":321.91114,"max_stake_amount":321.91114,"amount":2026.0,"open_date":"2025-11-04 21:00:00+00:00","close_date":"2025-11-04 23:00:00+00:00","open_rate":0.15889,"close_rate":0.16344,"fee_open":0.001,"fee_close":0.001,"trade_duration":120,"profit_ratio":0.026580946273815558,"profit_abs":8.56525942,"exit_reason":"roi","initial_stop_loss_abs":0.15095,"initial_stop_loss_ratio":-0.05,"stop_loss_abs":0.15095,"stop_loss_ratio":-0.05,"min_rate":0.15159,"max_rate":0.16436,"is_open":false,"enter_tag":"","leverage":1.0,"is_short":false,"open_timestamp":1762290000000,"close_timestamp":1762297200000,"orders":[{"amount":2026.0,"safe_price":0.15889,"ft_order_side":"buy","order_filled_timestamp":1762290000000,"ft_is_entry":true,"ft_order_tag":"","cost":322.23305113999993},{"amount":2026.0,"safe_price":0.16344,"ft_order_side":"sell","order_filled_timestamp":1762297200000,"ft_is_entry":false,"ft_order_tag":"roi","cost":331.46056944}],"funding_fees":0.0,"weekday":1},{"pair":"DOGE/USDT","stake_amount":324.80448,"max_stake_amount":324.80448,"amount":2002.0,"open_date":"2025-11-05 00:00:00+00:00","close_date":"2025-11-05 02:00:00+00:00","open_rate":0.16224,"close_rate":0.16256480480480479,"fee_open":0.001,"fee_close":0.001,"trade_duration":120,"profit_ratio":0.0,"profit_abs":0.0,"exit_reason":"roi","initial_stop_loss_abs":0.15413,"initial_stop_loss_ratio":-0.05,"stop_loss_abs":0.15413,"stop_loss_ratio":-0.05,"min_rate":0.15456,"max_rate":0.16467,"is_open":false,"enter_tag":"","leverage":1.0,"is_short":false,"open_timestamp":1762300800000,"close_timestamp":1762308000000,"orders":[{"amount":2002.0,"safe_price":0.16224,"ft_order_side":"buy","order_filled_timestamp":1762300800000,"ft_is_entry":true,"ft_order_tag":"","cost":325.12928447999997},{"amount":2002.0,"safe_price":0.16256480480480479,"ft_order_side":"sell","order_filled_timestamp":1762308000000,"ft_is_entry":false,"ft_order_tag":"roi","cost":325.78019395843836}],"funding_fees":0.0,"weekday":2},{"pair":"DOGE/USDT","stake_amount":324.67656,"max_stake_amount":324.67656,"amount":1976.0,"open_date":"2025-11-05 03:00:00+00:00","close_date":"2025-11-05 05:00:00+00:00","open_rate":0.16431,"close_rate":0.16476,"fee_open":0.001,"fee_close":0.001,"trade_duration":120,"profit_ratio":0.0007352516025147028,"profit_abs":0.23895768,"exit_reason":"roi","initial_stop_loss_abs":0.1561,"initial_stop_loss_ratio":-0.05,"stop_loss_abs":0.1561,"stop_loss_ratio":-0.05,"min_rate":0.16313,"max_rate":0.16619,"is_open":false,"enter_tag":"","leverage":1.0,"is_short":false,"open_timestamp":1762311600000,"close_timestamp":1762318800000,"orders":[{"amount":1976.0,"safe_price":0.16431,"ft_order_side":"buy","order_filled_timestamp":1762311600000,"ft_is_entry":true,"ft_order_tag":"","cost":325.00123655999994},{"amount":1976.0,"safe_price":0.16476,"ft_order_side":"sell","order_filled_timestamp":1762318800000,"ft_is_entry":false,"ft_order_tag":"roi","cost":325.8913257599999}],"funding_fees":0.0,"weekday":2},{"pair":"DOGE/USDT","stake_amount":324.8658,"max_stake_amount":324.8658,"amount":1995.0,"open_date":"2025-11-05 09:00:00+00:00","close_date":"2025-11-05 11:00:00+00:00","open_rate":0.16284,"close_rate":0.16316600600600598,"fee_open":0.001,"fee_close":0.001,"trade_duration":120,"profit_ratio":0.0,"profit_abs":0.0,"exit_reason":"roi","initial_stop_loss_abs":0.1547,"initial_stop_loss_ratio":-0.05,"stop_loss_abs":0.1547,"stop_loss_ratio":-0.05,"min_rate":0.161,"max_rate":0.1642,"is_open":false,"enter_tag":"","leverage":1.0,"is_short":false,"open_timestamp":1762333200000,"close_timestamp":1762340400000,"orders":[{"amount":1995.0,"safe_price":0.16284,"ft_order_side":"buy","order_filled_timestamp":1762333200000,"ft_is_entry":true,"ft_order_tag":"","cost":325.1906658},{"amount":1995.0,"safe_price":0.16316600600600598,"ft_order_side":"sell","order_filled_timestamp":1762340400000,"ft_is_entry":false,"ft_order_tag":"roi","cost":325.8416981639638}],"funding_fees":0.0,"weekday":2},{"pair":"DOGE/USDT","stake_amount":324.75241,"max_stake_amount":324.75241,"amount":1817.0,"open_date":"2025-11-08 06:00:00+00:00","close_date":"2025-11-08 08:00:00+00:00","open_rate":0.17873,"close_rate":0.18022,"fee_open":0.001,"fee_close":0.001,"trade_duration":120,"profit_ratio":0.006321938566105745,"profit_abs":2.05511785,"exit_reason":"roi","initial_stop_loss_abs":0.1698,"initial_stop_loss_ratio":-0.05,"stop_loss_abs":0.1698,"stop_loss_ratio":-0.05,"min_rate":0.17762,"max_rate":0.1822,"is_open":false,"enter_tag":"","leverage":1.0,"is_short":false,"open_timestamp":1762581600000,"close_timestamp":1762588800000,"orders":[{"amount":1817.0,"safe_price":0.17873,"ft_order_side":"buy","order_filled_timestamp":1762581600000,"ft_is_entry":true,"ft_order_tag":"","cost":325.07716240999997},{"amount":1817.0,"safe_price":0.18022,"ft_order_side":"sell","order_filled_timestamp":1762588800000,"ft_is_entry":false,"ft_order_tag":"roi","cost":327.78719973999995}],"funding_fees":0.0,"weekday":5},{"pair":"DOGE/USDT","stake_amount":325.41366,"max_stake_amount":325.41366,"amount":1794.0,"open_date":"2025-11-08 09:00:00+00:00","close_date":"2025-11-09 02:00:00+00:00","open_rate":0.18139,"close_rate":0.17233,"fee_open":0.001,"fee_close":0.001,"trade_duration":1020,"profit_ratio":-0.051845833200924445,"profit_abs":-16.88821368,"exit_reason":"stop_loss","initial_stop_loss_abs":0.17233,"initial_stop_loss_ratio":-0.05,"stop_loss_abs":0.17233,"stop_loss_ratio":-0.05,"min_rate":0.17182,"max_rate":0.18187,"is_open":false,"enter_tag":"","leverage":1.0,"is_short":false,"open_timestamp":1762592400000,"close_timestamp":1762653600000,"orders":[{"amount":1794.0,"safe_price":0.18139,"ft_order_side":"buy","order_filled_timestamp":1762592400000,"ft_is_entry":true,"ft_order_tag":"","cost":325.73907366},{"amount":1794.0,"safe_price":0.17233,"ft_order_side":"sell","order_filled_timestamp":1762653600000,"ft_is_entry":false,"ft_order_tag":"stop_loss","cost":309.46918002}],"funding_fees":0.0,"weekday":6},{"pair":"DOGE/USDT","stake_amount":319.92618,"max_stake_amount":319.92618,"amount":1974.0,"open_date":"2025-11-14 12:00:00+00:00","close_date":"2025-11-14 14:00:00+00:00","open_rate":0.16207,"close_rate":0.16239446446446446,"fee_open":0.001,"fee_close":0.001,"trade_duration":120,"profit_ratio":0.0,"profit_abs":0.0,"exit_reason":"roi","initial_stop_loss_abs":0.15397,"initial_stop_loss_ratio":-0.05,"stop_loss_abs":0.15397,"stop_loss_ratio":-0.05,"min_rate":0.15767,"max_rate":0.16407,"is_open":false,"enter_tag":"","leverage":1.0,"is_short":false,"open_timestamp":1763121600000,"close_timestamp":1763128800000,"orders":[{"amount":1974.0,"safe_price":0.16207,"ft_order_side":"buy","order_filled_timestamp":1763121600000,"ft_is_entry":true,"ft_order_tag":"","cost":320.24610617999997},{"amount":1974.0,"safe_price":0.16239446446446446,"ft_order_side":"sell","order_filled_timestamp":1763128800000,"ft_is_entry":false,"ft_order_tag":"roi","cost":320.88723952570564}],"funding_fees":0.0,"weekday":4},{"pair":"DOGE/USDT","stake_amount":319.93255,"max_stake_amount":319.93255,"amount":1967.0,"open_date":"2025-11-14 15:00:00+00:00","close_date":"2025-11-14 17:00:00+00:00","open_rate":0.16265,"close_rate":0.16401,"fee_open":0.001,"fee_close":0.001,"trade_duration":120,"profit_ratio":0.006346804133462601,"profit_abs":2.03257978,"exit_reason":"roi","initial_stop_loss_abs":0.15452,"initial_stop_loss_ratio":-0.05,"stop_loss_abs":0.15452,"stop_loss_ratio":-0.05,"min_rate":0.1609,"max_rate":0.16477,"is_open":false,"enter_tag":"","leverage":1.0,"is_short":false,"open_timestamp":1763132400000,"close_timestamp":1763139600000,"orders":[{"amount":1967.0,"safe_price":0.16265,"ft_order_side":"buy","order_filled_timestamp":1763132400000,"ft_is_entry":true,"ft_order_tag":"","cost":320.25248254999997},{"amount":1967.0,"safe_price":0.16401,"ft_order_side":"sell","order_filled_timestamp":1763139600000,"ft_is_entry":false,"ft_order_tag":"roi","cost":322.93027766999995}],"funding_fees":0.0,"weekday":4},{"pair":"DOGE/USDT","stake_amount":320.55195,"max_stake_amount":320.55195,"amount":1983.0,"open_date":"2025-11-14 18:00:00+00:00","close_date":"2025-11-14 20:00:00+00:00","open_rate":0.16165,"close_rate":0.16331,"fee_open":0.001,"fee_close":0.001,"trade_duration":120,"profit_ratio":0.00825058022707265,"profit_abs":2.64738432,"exit_reason":"roi","initial_stop_loss_abs":0.15357,"initial_stop_loss_ratio":-0.05,"stop_loss_abs":0.15357,"stop_loss_ratio":-0.05,"min_rate":0.15771,"max_rate":0.16383,"is_open":false,"enter_tag":"","leverage":1.0,"is_short":false,"open_timestamp":1763143200000,"close_timestamp":1763150400000,"orders":[{"amount":1983.0,"safe_price":0.16165,"ft_order_side":"buy","order_filled_timestamp":1763143200000,"ft_is_entry":true,"ft_order_tag":"","cost":320.87250194999996},{"amount":1983.0,"safe_price":0.16331,"ft_order_side":"sell","order_filled_timestamp":1763150400000,"ft_is_entry":false,"ft_order_tag":"roi","cost":324.16757372999996}],"funding_fees":0.0,"weekday":4},{"pair":"DOGE/USDT","stake_amount":321.47493,"max_stake_amount":321.47493,"amount":2023.0,"open_date":"2025-11-14 21:00:00+00:00","close_date":"2025-11-14 23:00:00+00:00","open_rate":0.15891,"close_rate":0.15933,"fee_open":0.001,"fee_close":0.001,"trade_duration":120,"profit_ratio":0.0006397227465756823,"profit_abs":0.20586048,"exit_reason":"roi","initial_stop_loss_abs":0.15097,"initial_stop_loss_ratio":-0.05,"stop_loss_abs":0.15097,"stop_loss_ratio":-0.05,"min_rate":0.15472,"max_rate":0.16111,"is_open":false,"enter_tag":"","leverage":1.0,"is_short":false,"open_timestamp":1763154000000,"close_timestamp":1763161200000,"orders":[{"amount":2023.0,"safe_price":0.15891,"ft_order_side":"buy","order_filled_timestamp":1763154000000,"ft_is_entry":true,"ft_order_tag":"","cost":321.79640492999994},{"amount":2023.0,"safe_price":0.15933,"ft_order_side":"sell","order_filled_timestamp":1763161200000,"ft_is_entry":false,"ft_order_tag":"roi","cost":322.64691458999994}],"funding_fees":0.0,"weekday":4},{"pair":"DOGE/USDT","stake_amount":321.606,"max_stake_amount":321.606,"amount":2040.0,"open_date":"2025-11-15 00:00:00+00:00","close_date":"2025-11-15 02:00:00+00:00","open_rate":0.15765,"close_rate":0.16137,"fee_open":0.001,"fee_close":0.001,"trade_duration":120,"profit_ratio":0.021551426689390533,"profit_abs":6.9379992,"exit_reason":"roi","initial_stop_loss_abs":0.14977,"initial_stop_loss_ratio":-0.05,"stop_loss_abs":0.14977,"stop_loss_ratio":-0.05,"min_rate":0.15721,"max_rate":0.16243,"is_open":false,"enter_tag":"","leverage":1.0,"is_short":false,"open_timestamp":1763164800000,"close_timestamp":1763172000000,"orders":[{"amount":2040.0,"safe_price":0.15765,"ft_order_side":"buy","order_filled_timestamp":1763164800000,"ft_is_entry":true,"ft_order_tag":"","cost":321.927606},{"amount":2040.0,"safe_price":0.16137,"ft_order_side":"sell","order_filled_timestamp":1763172000000,"ft_is_entry":false,"ft_order_tag":"roi","cost":329.5239948}],"funding_fees":0.0,"weekday":5},{"pair":"DOGE/USDT","stake_amount":323.8256,"max_stake_amount":323.8256,"amount":1994.0,"open_date":"2025-11-15 03:00:00+00:00","close_date":"2025-11-15 05:00:00+00:00","open_rate":0.1624,"close_rate":0.1627251251251251,"fee_open":0.001,"fee_close":0.001,"trade_duration":120,"profit_ratio":0.0,"profit_abs":0.0,"exit_reason":"roi","initial_stop_loss_abs":0.15428,"initial_stop_loss_ratio":-0.05,"stop_loss_abs":0.15428,"stop_loss_ratio":-0.05,"min_rate":0.16188,"max_rate":0.16339,"is_open":false,"enter_tag":"","leverage":1.0,"is_short":false,"open_timestamp":1763175600000,"close_timestamp":1763182800000,"orders":[{"amount":1994.0,"safe_price":0.1624,"ft_order_side":"buy","order_filled_timestamp":1763175600000,"ft_is_entry":true,"ft_order_tag":"","cost":324.1494255999999},{"amount":1994.0,"safe_price":0.1627251251251251,"ft_order_side":"sell","order_filled_timestamp":1763182800000,"ft_is_entry":false,"ft_order_tag":"roi","cost":324.79837339899893}],"funding_fees":0.0,"weekday":5},{"pair":"DOGE/USDT","stake_amount":323.811,"max_stake_amount":323.811,"amount":2010.0,"open_date":"2025-11-15 09:00:00+00:00","close_date":"2025-11-15 11:00:00+00:00","open_rate":0.1611,"close_rate":0.16195,"fee_open":0.001,"fee_close":0.001,"trade_duration":120,"profit_ratio":0.0032676820386317593,"profit_abs":1.0591695,"exit_reason":"roi","initial_stop_loss_abs":0.15305,"initial_stop_loss_ratio":-0.05,"stop_loss_abs":0.15305,"stop_loss_ratio":-0.05,"min_rate":0.16082,"max_rate":0.16266,"is_open":false,"enter_tag":"","leverage":1.0,"is_short":false,"open_timestamp":1763197200000,"close_timestamp":1763204400000,"orders":[{"amount":2010.0,"safe_price":0.1611,"ft_order_side":"buy","order_filled_timestamp":1763197200000,"ft_is_entry":true,"ft_order_tag":"","cost":324.13481099999996},{"amount":2010.0,"safe_price":0.16195,"ft_order_side":"sell","order_filled_timestamp":1763204400000,"ft_is_entry":false,"ft_order_tag":"roi","cost":325.8450195}],"funding_fees":0.0,"weekday":5},{"pair":"DOGE/USDT","stake_amount":324.2552,"max_stake_amount":324.2552,"amount":2045.0,"open_date":"2025-11-17 00:00:00+00:00","close_date":"2025-11-17 02:00:00+00:00","open_rate":0.15856,"close_rate":0.15904,"fee_open":0.001,"fee_close":0.001,"trade_duration":120,"profit_ratio":0.001023194766888006,"profit_abs":0.332108,"exit_reason":"roi","initial_stop_loss_abs":0.15064,"initial_stop_loss_ratio":-0.05,"stop_loss_abs":0.15064,"stop_loss_ratio":-0.05,"min_rate":0.157,"max_rate":0.16069,"is_open":false,"enter_tag":"","leverage":1.0,"is_short":false,"open_timestamp":1763337600000,"close_timestamp":1763344800000,"orders":[{"amount":2045.0,"safe_price":0.15856,"ft_order_side":"buy","order_filled_timestamp":1763337600000,"ft_is_entry":true,"ft_order_tag":"","cost":324.5794552},{"amount":2045.0,"safe_price":0.15904,"ft_order_side":"sell","order_filled_timestamp":1763344800000,"ft_is_entry":false,"ft_order_tag":"roi","cost":325.56203679999993}],"funding_fees":0.0,"weekday":0},{"pair":"DOGE/USDT","stake_amount":324.32982,"max_stake_amount":324.32982,"amount":2098.0,"open_date":"2025-11-18 04:00:00+00:00","close_date":"2025-11-18 06:00:00+00:00","open_rate":0.15459,"close_rate":0.15489948948948948,"fee_open":0.001,"fee_close":0.001,"trade_duration":120,"profit_ratio":0.0,"profit_abs":0.0,"exit_reason":"roi","initial_stop_loss_abs":0.14687,"initial_stop_loss_ratio":-0.05,"stop_loss_abs":0.14687,"stop_loss_ratio":-0.05,"min_rate":0.1522,"max_rate":0.15623,"is_open":false,"enter_tag":"","leverage":1.0,"is_short":false,"open_timestamp":1763438400000,"close_timestamp":1763445600000,"orders":[{"amount":2098.0,"safe_price":0.15459,"ft_order_side":"buy","order_filled_timestamp":1763438400000,"ft_is_entry":true,"ft_order_tag":"","cost":324.65414981999993},{"amount":2098.0,"safe_price":0.15489948948948948,"ft_order_side":"sell","order_filled_timestamp":1763445600000,"ft_is_entry":false,"ft_order_tag":"roi","cost":325.30410807789787}],"funding_fees":0.0,"weekday":1},{"pair":"DOGE/USDT","stake_amount":324.2496,"max_stake_amount":324.2496,"amount":2111.0,"open_date":"2025-11-18 07:00:00+00:00","close_date":"2025-11-18 09:00:00+00:00","open_rate":0.1536,"close_rate":0.1573,"fee_open":0.001,"fee_close":0.001,"trade_duration":120,"profit_ratio":0.022042410714285712,"profit_abs":7.1543901,"exit_reason":"roi","initial_stop_loss_abs":0.14592,"initial_stop_loss_ratio":-0.05,"stop_loss_abs":0.14592,"stop_loss_ratio":-0.05,"min_rate":0.15295,"max_rate":0.15756,"is_open":false,"enter_tag":"","leverage":1.0,"is_short":false,"open_timestamp":1763449200000,"close_timestamp":1763456400000,"orders":[{"amount":2111.0,"safe_price":0.1536,"ft_order_side":"buy","order_filled_timestamp":1763449200000,"ft_is_entry":true,"ft_order_tag":"","cost":324.57384959999996},{"amount":2111.0,"safe_price":0.1573,"ft_order_side":"sell","order_filled_timestamp":1763456400000,"ft_is_entry":false,"ft_order_tag":"roi","cost":332.39236029999995}],"funding_fees":0.0,"weekday":1},{"pair":"DOGE/USDT","stake_amount":326.72682,"max_stake_amount":326.72682,"amount":2229.0,"open_date":"2025-11-21 06:00:00+00:00","close_date":"2025-11-21 07:00:00+00:00","open_rate":0.14658,"close_rate":0.13926,"fee_open":0.001,"fee_close":0.001,"trade_duration":60,"profit_ratio":-0.05183682465712756,"profit_abs":-16.95341736,"exit_reason":"stop_loss","initial_stop_loss_abs":0.13926,"initial_stop_loss_ratio":-0.05,"stop_loss_abs":0.13926,"stop_loss_ratio":-0.05,"min_rate":0.13441,"max_rate":0.14689,"is_open":false,"enter_tag":"","leverage":1.0,"is_short":false,"open_timestamp":1763704800000,"close_timestamp":1763708400000,"orders":[{"amount":2229.0,"safe_price":0.14658,"ft_order_side":"buy","order_filled_timestamp":1763704800000,"ft_is_entry":true,"ft_order_tag":"","cost":327.05354681999995},{"amount":2229.0,"safe_price":0.13926,"ft_order_side":"sell","order_filled_timestamp":1763708400000,"ft_is_entry":false,"ft_order_tag":"stop_loss","cost":310.72095053999993}],"funding_fees":0.0,"weekday":4},{"pair":"DOGE/USDT","stake_amount":321.1208,"max_stake_amount":321.1208,"amount":2288.0,"open_date":"2025-11-21 08:00:00+00:00","close_date":"2025-11-21 12:00:00+00:00","open_rate":0.14035,"close_rate":0.13334,"fee_open":0.001,"fee_close":0.001,"trade_duration":240,"profit_ratio":-0.05184477083301452,"profit_abs":-16.66508272,"exit_reason":"stop_loss","initial_stop_loss_abs":0.13334,"initial_stop_loss_ratio":-0.05,"stop_loss_abs":0.13334,"stop_loss_ratio":-0.05,"min_rate":0.13321,"max_rate":0.14234,"is_open":false,"enter_tag":"","leverage":1.0,"is_short":false,"open_timestamp":1763712000000,"close_timestamp":1763726400000,"orders":[{"amount":2288.0,"safe_price":0.14035,"ft_order_side":"buy","order_filled_timestamp":1763712000000,"ft_is_entry":true,"ft_order_tag":"","cost":321.4419208},{"amount":2288.0,"safe_price":0.13334,"ft_order_side":"sell","order_filled_timestamp":1763726400000,"ft_is_entry":false,"ft_order_tag":"stop_loss","cost":305.38700191999993}],"funding_fees":0.0,"weekday":4},{"pair":"DOGE/USDT","stake_amount":315.60352,"max_stake_amount":315.60352,"amount":2272.0,"open_date":"2025-11-21 13:00:00+00:00","close_date":"2025-11-21 15:00:00+00:00","open_rate":0.13891,"close_rate":0.14133,"fee_open":0.001,"fee_close":0.001,"trade_duration":120,"profit_ratio":0.015388542060487924,"profit_abs":4.86153472,"exit_reason":"roi","initial_stop_loss_abs":0.13197,"initial_stop_loss_ratio":-0.05,"stop_loss_abs":0.13197,"stop_loss_ratio":-0.05,"min_rate":0.13746,"max_rate":0.14209,"is_open":false,"enter_tag":"","leverage":1.0,"is_short":false,"open_timestamp":1763730000000,"close_timestamp":1763737200000,"orders":[{"amount":2272.0,"safe_price":0.13891,"ft_order_side":"buy","order_filled_timestamp":1763730000000,"ft_is_entry":true,"ft_order_tag":"","cost":315.91912351999997},{"amount":2272.0,"safe_price":0.14133,"ft_order_side":"sell","order_filled_timestamp":1763737200000,"ft_is_entry":false,"ft_order_tag":"roi","cost":321.42286176}],"funding_fees":0.0,"weekday":4},{"pair":"DOGE/USDT","stake_amount":317.21602,"max_stake_amount":317.21602,"amount":2299.0,"open_date":"2025-11-21 16:00:00+00:00","close_date":"2025-11-21 18:00:00+00:00","open_rate":0.13798,"close_rate":0.14163,"fee_open":0.001,"fee_close":0.001,"trade_duration":120,"profit_ratio":0.024402253783323502,"profit_abs":7.74852661,"exit_reason":"roi","initial_stop_loss_abs":0.13109,"initial_stop_loss_ratio":-0.05,"stop_loss_abs":0.13109,"stop_loss_ratio":-0.05,"min_rate":0.13575,"max_rate":0.1435,"is_open":false,"enter_tag":"","leverage":1.0,"is_short":false,"open_timestamp":1763740800000,"close_timestamp":1763748000000,"orders":[{"amount":2299.0,"safe_price":0.13798,"ft_order_side":"buy","order_filled_timestamp":1763740800000,"ft_is_entry":true,"ft_order_tag":"","cost":317.53323601999995},{"amount":2299.0,"safe_price":0.14163,"ft_order_side":"sell","order_filled_timestamp":1763748000000,"ft_is_entry":false,"ft_order_tag":"roi","cost":325.93297736999995}],"funding_fees":0.0,"weekday":4},{"pair":"DOGE/USDT","stake_amount":319.68728,"max_stake_amount":319.68728,"amount":2266.0,"open_date":"2025-11-21 19:00:00+00:00","close_date":"2025-11-21 21:00:00+00:00","open_rate":0.14108,"close_rate":0.14136244244244245,"fee_open":0.001,"fee_close":0.001,"trade_duration":120,"profit_ratio":0.0,"profit_abs":0.0,"exit_reason":"roi","initial_stop_loss_abs":0.13403,"initial_stop_loss_ratio":-0.05,"stop_loss_abs":0.13403,"stop_loss_ratio":-0.05,"min_rate":0.13756,"max_rate":0.14171,"is_open":false,"enter_tag":"","leverage":1.0,"is_short":false,"open_timestamp":1763751600000,"close_timestamp":1763758800000,"orders":[{"amount":2266.0,"safe_price":0.14108,"ft_order_side":"buy","order_filled_timestamp":1763751600000,"ft_is_entry":true,"ft_order_tag":"","cost":320.00696728},{"amount":2266.0,"safe_price":0.14136244244244245,"ft_order_side":"sell","order_filled_timestamp":1763758800000,"ft_is_entry":false,"ft_order_tag":"roi","cost":320.64762186914913}],"funding_fees":0.0,"weekday":4},{"pair":"DOGE/USDT","stake_amount":319.71996,"max_stake_amount":319.71996,"amount":2268.0,"open_date":"2025-11-21 22:00:00+00:00","close_date":"2025-11-22 01:00:00+00:00","open_rate":0.14097,"close_rate":0.14125222222222222,"fee_open":0.001,"fee_close":0.001,"trade_duration":180,"profit_ratio":0.0,"profit_abs":0.0,"exit_reason":"roi","initial_stop_loss_abs":0.13393,"initial_stop_loss_ratio":-0.05,"stop_loss_abs":0.13393,"stop_loss_ratio":-0.05,"min_rate":0.13574,"max_rate":0.14156,"is_open":false,"enter_tag":"","leverage":1.0,"is_short":false,"open_timestamp":1763762400000,"close_timestamp":1763773200000,"orders":[{"amount":2268.0,"safe_price":0.14097,"ft_order_side":"buy","order_filled_timestamp":1763762400000,"ft_is_entry":true,"ft_order_tag":"","cost":320.03967996},{"amount":2268.0,"safe_price":0.14125222222222222,"ft_order_side":"sell","order_filled_timestamp":1763773200000,"ft_is_entry":false,"ft_order_tag":"roi","cost":320.68040004}],"funding_fees":0.0,"weekday":5},{"pair":"DOGE/USDT","stake_amount":319.75632,"max_stake_amount":319.75632,"amount":2262.0,"open_date":"2025-11-22 02:00:00+00:00","close_date":"2025-11-22 22:00:00+00:00","open_rate":0.14136,"close_rate":0.141643003003003,"fee_open":0.001,"fee_close":0.001,"trade_duration":1200,"profit_ratio":0.0,"profit_abs":0.0,"exit_reason":"roi","initial_stop_loss_abs":0.1343,"initial_stop_loss_ratio":-0.05,"stop_loss_abs":0.1343,"stop_loss_ratio":-0.05,"min_rate":0.13549,"max_rate":0.1424,"is_open":false,"enter_tag":"","leverage":1.0,"is_short":false,"open_timestamp":1763776800000,"close_timestamp":1763848800000,"orders":[{"amount":2262.0,"safe_price":0.14136,"ft_order_side":"buy","order_filled_timestamp":1763776800000,"ft_is_entry":true,"ft_order_tag":"","cost":320.07607631999997},{"amount":2262.0,"safe_price":0.141643003003003,"ft_order_side":"sell","order_filled_timestamp":1763848800000,"ft_is_entry":false,"ft_order_tag":"roi","cost":320.71686926558556}],"funding_fees":0.0,"weekday":5},{"pair":"DOGE/USDT","stake_amount":319.67533,"max_stake_amount":319.67533,"amount":2279.0,"open_date":"2025-11-23 00:00:00+00:00","close_date":"2025-11-23 02:00:00+00:00","open_rate":0.14027,"close_rate":0.14171,"fee_open":0.001,"fee_close":0.001,"trade_duration":120,"profit_ratio":0.008247402415791949,"profit_abs":2.63912758,"exit_reason":"roi","initial_stop_loss_abs":0.13326,"initial_stop_loss_ratio":-0.05,"stop_loss_abs":0.13326,"stop_loss_ratio":-0.05,"min_rate":0.13966,"max_rate":0.14345,"is_open":false,"enter_tag":"","leverage":1.0,"is_short":false,"open_timestamp":1763856000000,"close_timestamp":1763863200000,"orders":[{"amount":2279.0,"safe_price":0.14027,"ft_order_side":"buy","order_filled_timestamp":1763856000000,"ft_is_entry":true,"ft_order_tag":"","cost":319.99500532999997},{"amount":2279.0,"safe_price":0.14171,"ft_order_side":"sell","order_filled_timestamp":1763863200000,"ft_is_entry":false,"ft_order_tag":"roi","cost":323.28004709}],"funding_fees":0.0,"weekday":6},{"pair":"DOGE/USDT","stake_amount":320.6229,"max_stake_amount":320.6229,"amount":2290.0,"open_date":"2026-01-03 08:00:00+00:00","close_date":"2026-01-03 10:00:00+00:00","open_rate":0.14001,"close_rate":0.14262,"fee_open":0.001,"fee_close":0.001,"trade_duration":120,"profit_ratio":0.016606277801906686,"profit_abs":5.3296773,"exit_reason":"roi","initial_stop_loss_abs":0.13301,"initial_stop_loss_ratio":-0.05,"stop_loss_abs":0.13301,"stop_loss_ratio":-0.05,"min_rate":0.13938,"max_rate":0.14329,"is_open":false,"enter_tag":"","leverage":1.0,"is_short":false,"open_timestamp":1767427200000,"close_timestamp":1767434400000,"orders":[{"amount":2290.0,"safe_price":0.14001,"ft_order_side":"buy","order_filled_timestamp":1767427200000,"ft_is_entry":true,"ft_order_tag":"","cost":320.9435229},{"amount":2290.0,"safe_price":0.14262,"ft_order_side":"sell","order_filled_timestamp":1767434400000,"ft_is_entry":false,"ft_order_tag":"roi","cost":326.92639979999996}],"funding_fees":0.0,"weekday":5}],"locks":[],"best_pair":{"key":"DOGE/USDT","trades":68,"profit_mean":-0.0009549073041962178,"profit_mean_pct":-0.1,"profit_total_abs":-22.94356306000001,"profit_total":-0.02294356306000001,"profit_total_pct":-2.29,"duration_avg":"2:50:00","wins":36,"draws":23,"losses":9,"winrate":0.5294117647058824,"cagr":-0.08363438005550361,"expectancy":-0.3374053391176479,"expectancy_ratio":-0.35797397525355545,"sortino":-20.11625078705252,"sharpe":-0.6314918211542045,"calmar":-7.572396554888355,"sqn":-0.3859,"profit_factor":0.8508632980842477,"max_drawdown_account":0.059676344452976864,"max_drawdown_abs":60.701530410000004},"worst_pair":{"key":"DOGE/USDT","trades":68,"profit_mean":-0.0009549073041962178,"profit_mean_pct":-0.1,"profit_total_abs":-22.94356306000001,"profit_total":-0.02294356306000001,"profit_total_pct":-2.29,"duration_avg":"2:50:00","wins":36,"draws":23,"losses":9,"winrate":0.5294117647058824,"cagr":-0.08363438005550361,"expectancy":-0.3374053391176479,"expectancy_ratio":-0.35797397525355545,"sortino":-20.11625078705252,"sharpe":-0.6314918211542045,"calmar":-7.572396554888355,"sqn":-0.3859,"profit_factor":0.8508632980842477,"max_drawdown_account":0.059676344452976864,"max_drawdown_abs":60.701530410000004},"results_per_pair":[{"key":"DOGE/USDT","trades":68,"profit_mean":-0.0009549073041962178,"profit_mean_pct":-0.1,"profit_total_abs":-22.94356306000001,"profit_total":-0.02294356306000001,"profit_total_pct":-2.29,"duration_avg":"2:50:00","wins":36,"draws":23,"losses":9,"winrate":0.5294117647058824,"cagr":-0.08363438005550361,"expectancy":-0.3374053391176479,"expectancy_ratio":-0.35797397525355545,"sortino":-20.11625078705252,"sharpe":-0.6314918211542045,"calmar":-7.572396554888355,"sqn":-0.3859,"profit_factor":0.8508632980842477,"max_drawdown_account":0.059676344452976864,"max_drawdown_abs":60.701530410000004},{"key":"TOTAL","trades":68,"profit_mean":-0.0009549073041962178,"profit_mean_pct":-0.1,"profit_total_abs":-22.94356306000001,"profit_total":-0.02294356306000001,"profit_total_pct":-2.29,"duration_avg":"2:50:00","wins":36,"draws":23,"losses":9,"winrate":0.5294117647058824,"cagr":-0.08363438005550361,"expectancy":-0.3374053391176479,"expectancy_ratio":-0.35797397525355545,"sortino":-20.11625078705252,"sharpe":-0.6314918211542045,"calmar":-7.572396554888355,"sqn":-0.3859,"profit_factor":0.8508632980842477,"max_drawdown_account":0.059676344452976864,"max_drawdown_abs":60.701530410000004}],"results_per_enter_tag":[{"key":"","trades":68,"profit_mean":-0.0009549073041962178,"profit_mean_pct":-0.1,"profit_total_abs":-22.94356306000001,"profit_total":-0.02294356306000001,"profit_total_pct":-2.29,"duration_avg":"2:50:00","wins":36,"draws":23,"losses":9,"winrate":0.5294117647058824,"cagr":-0.08363438005550361,"expectancy":-0.3374053391176479,"expectancy_ratio":-0.35797397525355545,"sortino":-20.11625078705252,"sharpe":-0.6314918211542045,"calmar":-7.572396554888355,"sqn":-0.3859,"profit_factor":0.8508632980842477,"max_drawdown_account":0.059676344452976864,"max_drawdown_abs":60.701530410000004},{"key":"TOTAL","trades":68,"profit_mean":-0.0009549073041962178,"profit_mean_pct":-0.1,"profit_total_abs":-22.94356306000001,"profit_total":-0.02294356306000001,"profit_total_pct":-2.29,"duration_avg":"2:50:00","wins":36,"draws":23,"losses":9,"winrate":0.5294117647058824,"cagr":-0.08363438005550361,"expectancy":-0.3374053391176479,"expectancy_ratio":-0.35797397525355545,"sortino":-20.11625078705252,"sharpe":-0.6314918211542045,"calmar":-7.572396554888355,"sqn":-0.3859,"profit_factor":0.8508632980842477,"max_drawdown_account":0.059676344452976864,"max_drawdown_abs":60.701530410000004}],"exit_reason_summary":[{"key":"roi","trades":58,"profit_mean":0.00684103046072711,"profit_mean_pct":0.68,"profit_total_abs":129.22902075,"profit_total":0.12922902074999998,"profit_total_pct":12.92,"duration_avg":"2:38:00","wins":35,"draws":23,"losses":0,"winrate":0.603448275862069,"cagr":0.5798388753671868,"expectancy":2.228086564655172,"expectancy_ratio":100.0,"sortino":-100,"sharpe":8.12652463300109,"calmar":-100,"sqn":5.3708,"profit_factor":0.0,"max_drawdown_account":0.0,"max_drawdown_abs":0.0},{"key":"exit_signal","trades":1,"profit_mean":0.0050259956058234445,"profit_mean_pct":0.5,"profit_total_abs":1.66991616,"profit_total":0.00166991616,"profit_total_pct":0.17,"duration_avg":"1:00:00","wins":1,"draws":0,"losses":0,"winrate":1.0,"cagr":0.0062982152120696355,"expectancy":1.66991616,"expectancy_ratio":100.0,"sortino":-100,"sharpe":-100,"calmar":-100,"sqn":-100.0,"profit_factor":0.0,"max_drawdown_account":0.0,"max_drawdown_abs":0.0},{"key":"stop_loss","trades":9,"profit_mean":-0.05185993989037095,"profit_mean_pct":-5.19,"profit_total_abs":-153.84249997,"profit_total":-0.15384249997000002,"profit_total_pct":-15.38,"duration_avg":"4:20:00","wins":0,"draws":0,"losses":9,"winrate":0.0,"cagr":-0.4666563561460235,"expectancy":-17.09361110777778,"expectancy_ratio":-1.0,"sortino":-134.88464293930977,"sharpe":-134.88464293930977,"calmar":-19.695848633549268,"sqn":-215.2238,"profit_factor":0.0,"max_drawdown_account":0.15384249997000007,"max_drawdown_abs":153.84249997},{"key":"TOTAL","trades":68,"profit_mean":-0.0009549073041962178,"profit_mean_pct":-0.1,"profit_total_abs":-22.94356306000001,"profit_total":-0.02294356306000001,"profit_total_pct":-2.29,"duration_avg":"2:50:00","wins":36,"draws":23,"losses":9,"winrate":0.5294117647058824,"cagr":-0.08363438005550361,"expectancy":-0.3374053391176479,"expectancy_ratio":-0.35797397525355545,"sortino":-20.11625078705252,"sharpe":-0.6314918211542045,"calmar":-7.572396554888355,"sqn":-0.3859,"profit_factor":0.8508632980842477,"max_drawdown_account":0.059676344452976864,"max_drawdown_abs":60.701530410000004}],"mix_tag_stats":[{"key":["","roi"],"trades":58,"profit_mean":0.00684103046072711,"profit_mean_pct":0.68,"profit_total_abs":129.22902075,"profit_total":0.12922902074999998,"profit_total_pct":12.92,"duration_avg":"2:38:00","wins":35,"draws":23,"losses":0,"winrate":0.603448275862069,"cagr":0.5798388753671868,"expectancy":2.228086564655172,"expectancy_ratio":100.0,"sortino":-100,"sharpe":8.12652463300109,"calmar":-100,"sqn":5.3708,"profit_factor":0.0,"max_drawdown_account":0.0,"max_drawdown_abs":0.0},{"key":["","exit_signal"],"trades":1,"profit_mean":0.0050259956058234445,"profit_mean_pct":0.5,"profit_total_abs":1.66991616,"profit_total":0.00166991616,"profit_total_pct":0.17,"duration_avg":"1:00:00","wins":1,"draws":0,"losses":0,"winrate":1.0,"cagr":0.0062982152120696355,"expectancy":1.66991616,"expectancy_ratio":100.0,"sortino":-100,"sharpe":-100,"calmar":-100,"sqn":-100.0,"profit_factor":0.0,"max_drawdown_account":0.0,"max_drawdown_abs":0.0},{"key":["","stop_loss"],"trades":9,"profit_mean":-0.05185993989037095,"profit_mean_pct":-5.19,"profit_total_abs":-153.84249997,"profit_total":-0.15384249997000002,"profit_total_pct":-15.38,"duration_avg":"4:20:00","wins":0,"draws":0,"losses":9,"winrate":0.0,"cagr":-0.4666563561460235,"expectancy":-17.09361110777778,"expectancy_ratio":-1.0,"sortino":-134.88464293930977,"sharpe":-134.88464293930977,"calmar":-19.695848633549268,"sqn":-215.2238,"profit_factor":0.0,"max_drawdown_account":0.15384249997000007,"max_drawdown_abs":153.84249997},{"key":"TOTAL","trades":68,"profit_mean":-0.0009549073041962178,"profit_mean_pct":-0.1,"profit_total_abs":-22.94356306000001,"profit_total":-0.02294356306000001,"profit_total_pct":-2.29,"duration_avg":"2:50:00","wins":36,"draws":23,"losses":9,"winrate":0.5294117647058824,"cagr":-0.08363438005550361,"expectancy":-0.3374053391176479,"expectancy_ratio":-0.35797397525355545,"sortino":-20.11625078705252,"sharpe":-0.6314918211542045,"calmar":-7.572396554888355,"sqn":-0.3859,"profit_factor":0.8508632980842477,"max_drawdown_account":0.059676344452976864,"max_drawdown_abs":60.701530410000004}],"left_open_trades":[{"key":"TOTAL","trades":0,"profit_mean":0.0,"profit_mean_pct":0.0,"profit_total_abs":0.0,"profit_total":0.0,"profit_total_pct":0.0,"duration_avg":"0:00","wins":0,"draws":0,"losses":0,"winrate":0.0,"cagr":0.0,"expectancy":0.0,"expectancy_ratio":100.0,"sortino":0,"sharpe":0,"calmar":0,"sqn":0.0,"profit_factor":0.0,"max_drawdown_account":0.0,"max_drawdown_abs":0.0}],"total_trades":68,"trade_count_long":68,"trade_count_short":0,"total_volume":44502.59054175869,"avg_stake_amount":326.73983705882347,"profit_mean":-0.0009549073041962178,"profit_median":0.0006692514157873219,"profit_total":-0.02294356306000001,"profit_total_long":-0.02294356306000001,"profit_total_short":0.0,"profit_total_abs":-22.94356306000001,"profit_total_long_abs":-22.94356306000001,"profit_total_short_abs":0.0,"cagr":-0.08363438005550361,"expectancy":-0.3374053391176479,"expectancy_ratio":-0.35797397525355545,"sortino":-20.11625078705252,"sharpe":-0.6314918211542045,"calmar":-7.572396554888355,"sqn":-0.3859,"profit_factor":0.8508632980842477,"backtest_start":"2025-10-01 00:00:00","backtest_start_ts":1759276800000,"backtest_end":"2026-01-06 20:00:00","backtest_end_ts":1767729600000,"backtest_days":97,"backtest_run_start_ts":1767737479,"backtest_run_end_ts":1767737480,"trades_per_day":0.7,"market_change":-0.36632086436227446,"pairlist":["DOGE/USDT"],"stake_amount":"unlimited","stake_currency":"USDT","stake_currency_decimals":3,"starting_balance":1000,"dry_run_wallet":1000,"final_balance":977.05643694,"rejected_signals":0,"timedout_entry_orders":0,"timedout_exit_orders":0,"canceled_trade_entries":0,"canceled_entry_orders":0,"replaced_entry_orders":0,"max_open_trades":1,"max_open_trades_setting":3,"timeframe":"1h","timeframe_detail":"","timerange":"20251001-","enable_protections":false,"strategy_name":"ACO_26_8","freqaimodel":null,"freqai_identifier":null,"stoploss":-0.05,"trailing_stop":false,"trailing_stop_positive":null,"trailing_stop_positive_offset":0.0,"trailing_only_offset_is_reached":false,"use_custom_stoploss":false,"minimal_roi":{"0":0.1,"60":0.05,"120":0.0},"use_exit_signal":true,"exit_profit_only":false,"exit_profit_offset":0.0,"ignore_roi_if_entry_signal":false,"trading_mode":"spot","margin_mode":"","periodic_breakdown":{"day":[{"date":"10/10/2025","date_ts":1760054400000,"profit_abs":-17.122836,"wins":0,"draws":0,"losses":1,"trades":1,"profit_factor":0.0},{"date":"11/10/2025","date_ts":1760140800000,"profit_abs":5.33627676,"wins":3,"draws":2,"losses":1,"trades":6,"profit_factor":1.30981415},{"date":"12/10/2025","date_ts":1760227200000,"profit_abs":5.308424,"wins":1,"draws":3,"losses":0,"trades":4,"profit_factor":0.0},{"date":"13/10/2025","date_ts":1760313600000,"profit_abs":3.30016437,"wins":2,"draws":1,"losses":0,"trades":3,"profit_factor":0.0},{"date":"14/10/2025","date_ts":1760400000000,"profit_abs":5.93114583,"wins":1,"draws":3,"losses":0,"trades":4,"profit_factor":0.0},{"date":"15/10/2025","date_ts":1760486400000,"profit_abs":0.0,"wins":0,"draws":0,"losses":0,"trades":0,"profit_factor":0.0},{"date":"16/10/2025","date_ts":1760572800000,"profit_abs":6.74877449,"wins":3,"draws":0,"losses":0,"trades":3,"profit_factor":0.0},{"date":"17/10/2025","date_ts":1760659200000,"profit_abs":-3.43214951,"wins":5,"draws":2,"losses":1,"trades":8,"profit_factor":0.80160248},{"date":"18/10/2025","date_ts":1760745600000,"profit_abs":1.66991616,"wins":1,"draws":0,"losses":0,"trades":1,"profit_factor":0.0},{"date":"19/10/2025","date_ts":1760832000000,"profit_abs":0.0,"wins":0,"draws":0,"losses":0,"trades":0,"profit_factor":0.0},{"date":"20/10/2025","date_ts":1760918400000,"profit_abs":0.0,"wins":0,"draws":0,"losses":0,"trades":0,"profit_factor":0.0},{"date":"21/10/2025","date_ts":1761004800000,"profit_abs":0.0,"wins":0,"draws":0,"losses":0,"trades":0,"profit_factor":0.0},{"date":"22/10/2025","date_ts":1761091200000,"profit_abs":0.0,"wins":0,"draws":0,"losses":0,"trades":0,"profit_factor":0.0},{"date":"23/10/2025","date_ts":1761177600000,"profit_abs":3.4243014,"wins":1,"draws":0,"losses":0,"trades":1,"profit_factor":0.0},{"date":"24/10/2025","date_ts":1761264000000,"profit_abs":0.0,"wins":0,"draws":0,"losses":0,"trades":0,"profit_factor":0.0},{"date":"25/10/2025","date_ts":1761350400000,"profit_abs":0.0,"wins":0,"draws":0,"losses":0,"trades":0,"profit_factor":0.0},{"date":"26/10/2025","date_ts":1761436800000,"profit_abs":0.0,"wins":0,"draws":0,"losses":0,"trades":0,"profit_factor":0.0},{"date":"27/10/2025","date_ts":1761523200000,"profit_abs":0.0,"wins":0,"draws":0,"losses":0,"trades":0,"profit_factor":0.0},{"date":"28/10/2025","date_ts":1761609600000,"profit_abs":0.0,"wins":0,"draws":0,"losses":0,"trades":0,"profit_factor":0.0},{"date":"29/10/2025","date_ts":1761696000000,"profit_abs":0.0,"wins":0,"draws":0,"losses":0,"trades":0,"profit_factor":0.0},{"date":"30/10/2025","date_ts":1761782400000,"profit_abs":-11.41475866,"wins":1,"draws":0,"losses":1,"trades":2,"profit_factor":0.34510259},{"date":"31/10/2025","date_ts":1761868800000,"profit_abs":0.0,"wins":0,"draws":1,"losses":0,"trades":1,"profit_factor":0.0},{"date":"01/11/2025","date_ts":1761955200000,"profit_abs":0.0,"wins":0,"draws":0,"losses":0,"trades":0,"profit_factor":0.0},{"date":"02/11/2025","date_ts":1762041600000,"profit_abs":0.0,"wins":0,"draws":0,"losses":0,"trades":0,"profit_factor":0.0},{"date":"03/11/2025","date_ts":1762128000000,"profit_abs":7.92292975,"wins":1,"draws":0,"losses":0,"trades":1,"profit_factor":0.0},{"date":"04/11/2025","date_ts":1762214400000,"profit_abs":-23.35147101,"wins":4,"draws":3,"losses":2,"trades":9,"profit_factor":0.31839685},{"date":"05/11/2025","date_ts":1762300800000,"profit_abs":0.23895768,"wins":1,"draws":2,"losses":0,"trades":3,"profit_factor":0.0},{"date":"06/11/2025","date_ts":1762387200000,"profit_abs":0.0,"wins":0,"draws":0,"losses":0,"trades":0,"profit_factor":0.0},{"date":"07/11/2025","date_ts":1762473600000,"profit_abs":0.0,"wins":0,"draws":0,"losses":0,"trades":0,"profit_factor":0.0},{"date":"08/11/2025","date_ts":1762560000000,"profit_abs":2.05511785,"wins":1,"draws":0,"losses":0,"trades":1,"profit_factor":0.0},{"date":"09/11/2025","date_ts":1762646400000,"profit_abs":-16.88821368,"wins":0,"draws":0,"losses":1,"trades":1,"profit_factor":0.0},{"date":"10/11/2025","date_ts":1762732800000,"profit_abs":0.0,"wins":0,"draws":0,"losses":0,"trades":0,"profit_factor":0.0},{"date":"11/11/2025","date_ts":1762819200000,"profit_abs":0.0,"wins":0,"draws":0,"losses":0,"trades":0,"profit_factor":0.0},{"date":"12/11/2025","date_ts":1762905600000,"profit_abs":0.0,"wins":0,"draws":0,"losses":0,"trades":0,"profit_factor":0.0},{"date":"13/11/2025","date_ts":1762992000000,"profit_abs":0.0,"wins":0,"draws":0,"losses":0,"trades":0,"profit_factor":0.0},{"date":"14/11/2025","date_ts":1763078400000,"profit_abs":4.88582458,"wins":3,"draws":1,"losses":0,"trades":4,"profit_factor":0.0},{"date":"15/11/2025","date_ts":1763164800000,"profit_abs":7.9971687,"wins":2,"draws":1,"losses":0,"trades":3,"profit_factor":0.0},{"date":"16/11/2025","date_ts":1763251200000,"profit_abs":0.0,"wins":0,"draws":0,"losses":0,"trades":0,"profit_factor":0.0},{"date":"17/11/2025","date_ts":1763337600000,"profit_abs":0.332108,"wins":1,"draws":0,"losses":0,"trades":1,"profit_factor":0.0},{"date":"18/11/2025","date_ts":1763424000000,"profit_abs":7.1543901,"wins":1,"draws":1,"losses":0,"trades":2,"profit_factor":0.0},{"date":"19/11/2025","date_ts":1763510400000,"profit_abs":0.0,"wins":0,"draws":0,"losses":0,"trades":0,"profit_factor":0.0},{"date":"20/11/2025","date_ts":1763596800000,"profit_abs":0.0,"wins":0,"draws":0,"losses":0,"trades":0,"profit_factor":0.0},{"date":"21/11/2025","date_ts":1763683200000,"profit_abs":-21.00843875,"wins":2,"draws":1,"losses":2,"trades":5,"profit_factor":0.37509292},{"date":"22/11/2025","date_ts":1763769600000,"profit_abs":0.0,"wins":0,"draws":2,"losses":0,"trades":2,"profit_factor":0.0},{"date":"23/11/2025","date_ts":1763856000000,"profit_abs":2.63912758,"wins":1,"draws":0,"losses":0,"trades":1,"profit_factor":0.0},{"date":"24/11/2025","date_ts":1763942400000,"profit_abs":0.0,"wins":0,"draws":0,"losses":0,"trades":0,"profit_factor":0.0},{"date":"25/11/2025","date_ts":1764028800000,"profit_abs":0.0,"wins":0,"draws":0,"losses":0,"trades":0,"profit_factor":0.0},{"date":"26/11/2025","date_ts":1764115200000,"profit_abs":0.0,"wins":0,"draws":0,"losses":0,"trades":0,"profit_factor":0.0},{"date":"27/11/2025","date_ts":1764201600000,"profit_abs":0.0,"wins":0,"draws":0,"losses":0,"trades":0,"profit_factor":0.0},{"date":"28/11/2025","date_ts":1764288000000,"profit_abs":0.0,"wins":0,"draws":0,"losses":0,"trades":0,"profit_factor":0.0},{"date":"29/11/2025","date_ts":1764374400000,"profit_abs":0.0,"wins":0,"draws":0,"losses":0,"trades":0,"profit_factor":0.0},{"date":"30/11/2025","date_ts":1764460800000,"profit_abs":0.0,"wins":0,"draws":0,"losses":0,"trades":0,"profit_factor":0.0},{"date":"01/12/2025","date_ts":1764547200000,"profit_abs":0.0,"wins":0,"draws":0,"losses":0,"trades":0,"profit_factor":0.0},{"date":"02/12/2025","date_ts":1764633600000,"profit_abs":0.0,"wins":0,"draws":0,"losses":0,"trades":0,"profit_factor":0.0},{"date":"03/12/2025","date_ts":1764720000000,"profit_abs":0.0,"wins":0,"draws":0,"losses":0,"trades":0,"profit_factor":0.0},{"date":"04/12/2025","date_ts":1764806400000,"profit_abs":0.0,"wins":0,"draws":0,"losses":0,"trades":0,"profit_factor":0.0},{"date":"05/12/2025","date_ts":1764892800000,"profit_abs":0.0,"wins":0,"draws":0,"losses":0,"trades":0,"profit_factor":0.0},{"date":"06/12/2025","date_ts":1764979200000,"profit_abs":0.0,"wins":0,"draws":0,"losses":0,"trades":0,"profit_factor":0.0},{"date":"07/12/2025","date_ts":1765065600000,"profit_abs":0.0,"wins":0,"draws":0,"losses":0,"trades":0,"profit_factor":0.0},{"date":"08/12/2025","date_ts":1765152000000,"profit_abs":0.0,"wins":0,"draws":0,"losses":0,"trades":0,"profit_factor":0.0},{"date":"09/12/2025","date_ts":1765238400000,"profit_abs":0.0,"wins":0,"draws":0,"losses":0,"trades":0,"profit_factor":0.0},{"date":"10/12/2025","date_ts":1765324800000,"profit_abs":0.0,"wins":0,"draws":0,"losses":0,"trades":0,"profit_factor":0.0},{"date":"11/12/2025","date_ts":1765411200000,"profit_abs":0.0,"wins":0,"draws":0,"losses":0,"trades":0,"profit_factor":0.0},{"date":"12/12/2025","date_ts":1765497600000,"profit_abs":0.0,"wins":0,"draws":0,"losses":0,"trades":0,"profit_factor":0.0},{"date":"13/12/2025","date_ts":1765584000000,"profit_abs":0.0,"wins":0,"draws":0,"losses":0,"trades":0,"profit_factor":0.0},{"date":"14/12/2025","date_ts":1765670400000,"profit_abs":0.0,"wins":0,"draws":0,"losses":0,"trades":0,"profit_factor":0.0},{"date":"15/12/2025","date_ts":1765756800000,"profit_abs":0.0,"wins":0,"draws":0,"losses":0,"trades":0,"profit_factor":0.0},{"date":"16/12/2025","date_ts":1765843200000,"profit_abs":0.0,"wins":0,"draws":0,"losses":0,"trades":0,"profit_factor":0.0},{"date":"17/12/2025","date_ts":1765929600000,"profit_abs":0.0,"wins":0,"draws":0,"losses":0,"trades":0,"profit_factor":0.0},{"date":"18/12/2025","date_ts":1766016000000,"profit_abs":0.0,"wins":0,"draws":0,"losses":0,"trades":0,"profit_factor":0.0},{"date":"19/12/2025","date_ts":1766102400000,"profit_abs":0.0,"wins":0,"draws":0,"losses":0,"trades":0,"profit_factor":0.0},{"date":"20/12/2025","date_ts":1766188800000,"profit_abs":0.0,"wins":0,"draws":0,"losses":0,"trades":0,"profit_factor":0.0},{"date":"21/12/2025","date_ts":1766275200000,"profit_abs":0.0,"wins":0,"draws":0,"losses":0,"trades":0,"profit_factor":0.0},{"date":"22/12/2025","date_ts":1766361600000,"profit_abs":0.0,"wins":0,"draws":0,"losses":0,"trades":0,"profit_factor":0.0},{"date":"23/12/2025","date_ts":1766448000000,"profit_abs":0.0,"wins":0,"draws":0,"losses":0,"trades":0,"profit_factor":0.0},{"date":"24/12/2025","date_ts":1766534400000,"profit_abs":0.0,"wins":0,"draws":0,"losses":0,"trades":0,"profit_factor":0.0},{"date":"25/12/2025","date_ts":1766620800000,"profit_abs":0.0,"wins":0,"draws":0,"losses":0,"trades":0,"profit_factor":0.0},{"date":"26/12/2025","date_ts":1766707200000,"profit_abs":0.0,"wins":0,"draws":0,"losses":0,"trades":0,"profit_factor":0.0},{"date":"27/12/2025","date_ts":1766793600000,"profit_abs":0.0,"wins":0,"draws":0,"losses":0,"trades":0,"profit_factor":0.0},{"date":"28/12/2025","date_ts":1766880000000,"profit_abs":0.0,"wins":0,"draws":0,"losses":0,"trades":0,"profit_factor":0.0},{"date":"29/12/2025","date_ts":1766966400000,"profit_abs":0.0,"wins":0,"draws":0,"losses":0,"trades":0,"profit_factor":0.0},{"date":"30/12/2025","date_ts":1767052800000,"profit_abs":0.0,"wins":0,"draws":0,"losses":0,"trades":0,"profit_factor":0.0},{"date":"31/12/2025","date_ts":1767139200000,"profit_abs":0.0,"wins":0,"draws":0,"losses":0,"trades":0,"profit_factor":0.0},{"date":"01/01/2026","date_ts":1767225600000,"profit_abs":0.0,"wins":0,"draws":0,"losses":0,"trades":0,"profit_factor":0.0},{"date":"02/01/2026","date_ts":1767312000000,"profit_abs":0.0,"wins":0,"draws":0,"losses":0,"trades":0,"profit_factor":0.0},{"date":"03/01/2026","date_ts":1767398400000,"profit_abs":5.3296773,"wins":1,"draws":0,"losses":0,"trades":1,"profit_factor":0.0}],"week":[{"date":"13/10/2025","date_ts":1760313600000,"profit_abs":-3.17797087,"wins":6,"draws":6,"losses":2,"trades":14,"profit_factor":0.90747446},{"date":"20/10/2025","date_ts":1760918400000,"profit_abs":10.91768697,"wins":10,"draws":5,"losses":1,"trades":16,"profit_factor":1.63110364},{"date":"27/10/2025","date_ts":1761523200000,"profit_abs":3.4243014,"wins":1,"draws":0,"losses":0,"trades":1,"profit_factor":0.0},{"date":"03/11/2025","date_ts":1762128000000,"profit_abs":-3.49182891,"wins":2,"draws":1,"losses":1,"trades":4,"profit_factor":0.79966377},{"date":"10/11/2025","date_ts":1762732800000,"profit_abs":-37.94560916,"wins":6,"draws":5,"losses":3,"trades":14,"profit_factor":0.25811907},{"date":"17/11/2025","date_ts":1763337600000,"profit_abs":13.21510128,"wins":6,"draws":2,"losses":0,"trades":8,"profit_factor":0.0},{"date":"24/11/2025","date_ts":1763942400000,"profit_abs":-11.21492107,"wins":4,"draws":4,"losses":2,"trades":10,"profit_factor":0.66640626},{"date":"01/12/2025","date_ts":1764547200000,"profit_abs":0.0,"wins":0,"draws":0,"losses":0,"trades":0,"profit_factor":0.0},{"date":"08/12/2025","date_ts":1765152000000,"profit_abs":0.0,"wins":0,"draws":0,"losses":0,"trades":0,"profit_factor":0.0},{"date":"15/12/2025","date_ts":1765756800000,"profit_abs":0.0,"wins":0,"draws":0,"losses":0,"trades":0,"profit_factor":0.0},{"date":"22/12/2025","date_ts":1766361600000,"profit_abs":0.0,"wins":0,"draws":0,"losses":0,"trades":0,"profit_factor":0.0},{"date":"29/12/2025","date_ts":1766966400000,"profit_abs":0.0,"wins":0,"draws":0,"losses":0,"trades":0,"profit_factor":0.0},{"date":"05/01/2026","date_ts":1767571200000,"profit_abs":5.3296773,"wins":1,"draws":0,"losses":0,"trades":1,"profit_factor":0.0}],"month":[{"date":"31/10/2025","date_ts":1761868800000,"profit_abs":-0.25074116,"wins":18,"draws":12,"losses":4,"trades":34,"profit_factor":0.99637008},{"date":"30/11/2025","date_ts":1764460800000,"profit_abs":-28.0224992,"wins":17,"draws":11,"losses":5,"trades":33,"profit_factor":0.66941479},{"date":"31/12/2025","date_ts":1767139200000,"profit_abs":0.0,"wins":0,"draws":0,"losses":0,"trades":0,"profit_factor":0.0},{"date":"31/01/2026","date_ts":1769817600000,"profit_abs":5.3296773,"wins":1,"draws":0,"losses":0,"trades":1,"profit_factor":0.0}],"year":[{"date":"31/12/2025","date_ts":1767139200000,"profit_abs":-28.27324036,"wins":35,"draws":23,"losses":9,"trades":67,"profit_factor":0.81621957},{"date":"31/12/2026","date_ts":1798675200000,"profit_abs":5.3296773,"wins":1,"draws":0,"losses":0,"trades":1,"profit_factor":0.0}],"weekday":[{"date":"Monday","date_ts":0,"profit_abs":11.55520212,"wins":4,"draws":1,"losses":0,"trades":5,"profit_factor":0.0},{"date":"Tuesday","date_ts":1,"profit_abs":-10.26593508,"wins":6,"draws":7,"losses":2,"trades":15,"profit_factor":0.70034891},{"date":"Wednesday","date_ts":2,"profit_abs":0.23895768,"wins":1,"draws":2,"losses":0,"trades":3,"profit_factor":0.0},{"date":"Thursday","date_ts":3,"profit_abs":-1.24168277,"wins":5,"draws":0,"losses":1,"trades":6,"profit_factor":0.9287611},{"date":"Friday","date_ts":4,"profit_abs":-36.67759968,"wins":10,"draws":5,"losses":4,"trades":19,"profit_factor":0.46094612},{"date":"Saturday","date_ts":5,"profit_abs":22.38815677,"wins":8,"draws":5,"losses":1,"trades":14,"profit_factor":2.29981408},{"date":"Sunday","date_ts":6,"profit_abs":-8.9406621,"wins":2,"draws":3,"losses":1,"trades":6,"profit_factor":0.47059753}]},"backtest_best_day":0.02481910872802229,"backtest_worst_day":-0.06999038636722878,"backtest_best_day_abs":7.9971687,"backtest_worst_day_abs":-23.35147101,"winning_days":16,"draw_days":64,"losing_days":6,"daily_profit":[["2025-10-10",-17.122836],["2025-10-11",5.33627676],["2025-10-12",5.308424],["2025-10-13",3.30016437],["2025-10-14",5.93114583],["2025-10-15",0.0],["2025-10-16",6.74877449],["2025-10-17",-3.43214951],["2025-10-18",1.66991616],["2025-10-19",0.0],["2025-10-20",0.0],["2025-10-21",0.0],["2025-10-22",0.0],["2025-10-23",3.4243014],["2025-10-24",0.0],["2025-10-25",0.0],["2025-10-26",0.0],["2025-10-27",0.0],["2025-10-28",0.0],["2025-10-29",0.0],["2025-10-30",-11.41475866],["2025-10-31",0.0],["2025-11-01",0.0],["2025-11-02",0.0],["2025-11-03",7.92292975],["2025-11-04",-23.35147101],["2025-11-05",0.23895768],["2025-11-06",0.0],["2025-11-07",0.0],["2025-11-08",2.05511785],["2025-11-09",-16.88821368],["2025-11-10",0.0],["2025-11-11",0.0],["2025-11-12",0.0],["2025-11-13",0.0],["2025-11-14",4.88582458],["2025-11-15",7.9971687],["2025-11-16",0.0],["2025-11-17",0.332108],["2025-11-18",7.1543901],["2025-11-19",0.0],["2025-11-20",0.0],["2025-11-21",-21.00843875],["2025-11-22",0.0],["2025-11-23",2.63912758],["2025-11-24",0.0],["2025-11-25",0.0],["2025-11-26",0.0],["2025-11-27",0.0],["2025-11-28",0.0],["2025-11-29",0.0],["2025-11-30",0.0],["2025-12-01",0.0],["2025-12-02",0.0],["2025-12-03",0.0],["2025-12-04",0.0],["2025-12-05",0.0],["2025-12-06",0.0],["2025-12-07",0.0],["2025-12-08",0.0],["2025-12-09",0.0],["2025-12-10",0.0],["2025-12-11",0.0],["2025-12-12",0.0],["2025-12-13",0.0],["2025-12-14",0.0],["2025-12-15",0.0],["2025-12-16",0.0],["2025-12-17",0.0],["2025-12-18",0.0],["2025-12-19",0.0],["2025-12-20",0.0],["2025-12-21",0.0],["2025-12-22",0.0],["2025-12-23",0.0],["2025-12-24",0.0],["2025-12-25",0.0],["2025-12-26",0.0],["2025-12-27",0.0],["2025-12-28",0.0],["2025-12-29",0.0],["2025-12-30",0.0],["2025-12-31",0.0],["2026-01-01",0.0],["2026-01-02",0.0],["2026-01-03",5.3296773]],"wins":36,"losses":9,"draws":23,"winrate":0.5294117647058824,"holding_avg":"2:50:00","holding_avg_s":10200.0,"winner_holding_min":"0d 01:00","winner_holding_min_s":3600.0,"winner_holding_max":"0d 02:00","winner_holding_max_s":7200.0,"winner_holding_avg":"0d 01:57","winner_holding_avg_s":7020.0,"loser_holding_min":"0d 00:00","loser_holding_min_s":0.0,"loser_holding_max":"0d 17:00","loser_holding_max_s":61200.0,"loser_holding_avg":"0d 04:20","loser_holding_avg_s":15600.0,"max_consecutive_wins":7,"max_consecutive_losses":3,"max_drawdown_account":0.059676344452976864,"max_relative_drawdown":0.059676344452976864,"max_drawdown_abs":60.701530410000004,"drawdown_start":"2025-10-30 07:00:00","drawdown_start_ts":1761807600000.0,"drawdown_end":"2025-11-21 12:00:00","drawdown_end_ts":1763726400000.0,"drawdown_duration":"22 days 05:00:00","drawdown_duration_s":1918800.0,"max_drawdown_low":-43.52242927,"max_drawdown_high":17.17910114,"csum_min":956.47757073,"csum_max":1017.1791011400001}},"strategy_comparison":[{"key":"ACO_26_8","trades":68,"profit_mean":-0.0009549073041962178,"profit_mean_pct":-0.1,"profit_total_abs":-22.94356306000001,"profit_total":-0.02294356306000001,"profit_total_pct":-2.29,"duration_avg":"2:50:00","wins":36,"draws":23,"losses":9,"winrate":0.5294117647058824,"cagr":-0.08363438005550361,"expectancy":-0.3374053391176479,"expectancy_ratio":-0.35797397525355545,"sortino":-20.11625078705252,"sharpe":-0.6314918211542045,"calmar":-7.572396554888355,"sqn":-0.3859,"profit_factor":0.8508632980842477,"max_drawdown_account":0.059676344452976864,"max_drawdown_abs":"60.702"}]}