{"strategy":{"ACO_15_17":{"trades":[{"pair":"DOGE/USDT","stake_amount":329.92475,"max_stake_amount":329.92475,"amount":1675.0,"open_date":"2025-10-25 15:00:00+00:00","close_date":"2025-10-25 18:00:00+00:00","open_rate":0.19697,"close_rate":0.19736433433433434,"fee_open":0.001,"fee_close":0.001,"trade_duration":180,"profit_ratio":0.0,"profit_abs":0.0,"exit_reason":"roi","initial_stop_loss_abs":0.18713,"initial_stop_loss_ratio":-0.05,"stop_loss_abs":0.18713,"stop_loss_ratio":-0.05,"min_rate":0.19595,"max_rate":0.19816,"is_open":false,"enter_tag":"","leverage":1.0,"is_short":false,"open_timestamp":1761404400000,"close_timestamp":1761415200000,"orders":[{"amount":1675.0,"safe_price":0.19697,"ft_order_side":"buy","order_filled_timestamp":1761404400000,"ft_is_entry":true,"ft_order_tag":"","cost":330.25467475},{"amount":1675.0,"safe_price":0.19736433433433434,"ft_order_side":"sell","order_filled_timestamp":1761415200000,"ft_is_entry":false,"ft_order_tag":"roi","cost":330.91584527002}],"funding_fees":0.0,"weekday":5},{"pair":"DOGE/USDT","stake_amount":329.84368,"max_stake_amount":329.84368,"amount":1943.0,"open_date":"2025-11-13 17:00:00+00:00","close_date":"2025-11-13 19:00:00+00:00","open_rate":0.16976,"close_rate":0.16128,"fee_open":0.001,"fee_close":0.001,"trade_duration":120,"profit_ratio":-0.051851070701212074,"profit_abs":-17.11985072,"exit_reason":"stop_loss","initial_stop_loss_abs":0.16128,"initial_stop_loss_ratio":-0.05,"stop_loss_abs":0.16128,"stop_loss_ratio":-0.05,"min_rate":0.1602,"max_rate":0.16997,"is_open":false,"enter_tag":"","leverage":1.0,"is_short":false,"open_timestamp":1763053200000,"close_timestamp":1763060400000,"orders":[{"amount":1943.0,"safe_price":0.16976,"ft_order_side":"buy","order_filled_timestamp":1763053200000,"ft_is_entry":true,"ft_order_tag":"","cost":330.17352367999996},{"amount":1943.0,"safe_price":0.16128,"ft_order_side":"sell","order_filled_timestamp":1763060400000,"ft_is_entry":false,"ft_order_tag":"stop_loss","cost":313.68040704}],"funding_fees":0.0,"weekday":3},{"pair":"DOGE/USDT","stake_amount":324.23326,"max_stake_amount":324.23326,"amount":2041.0,"open_date":"2025-11-17 14:00:00+00:00","close_date":"2025-11-17 16:00:00+00:00","open_rate":0.15886,"close_rate":0.159178038038038,"fee_open":0.001,"fee_close":0.001,"trade_duration":120,"profit_ratio":0.0,"profit_abs":0.0,"exit_reason":"roi","initial_stop_loss_abs":0.15092,"initial_stop_loss_ratio":-0.05,"stop_loss_abs":0.15092,"stop_loss_ratio":-0.05,"min_rate":0.15562,"max_rate":0.1651,"is_open":false,"enter_tag":"","leverage":1.0,"is_short":false,"open_timestamp":1763388000000,"close_timestamp":1763395200000,"orders":[{"amount":2041.0,"safe_price":0.15886,"ft_order_side":"buy","order_filled_timestamp":1763388000000,"ft_is_entry":true,"ft_order_tag":"","cost":324.55749326},{"amount":2041.0,"safe_price":0.159178038038038,"ft_order_side":"sell","order_filled_timestamp":1763395200000,"ft_is_entry":false,"ft_order_tag":"roi","cost":325.20725801127116}],"funding_fees":0.0,"weekday":0},{"pair":"DOGE/USDT","stake_amount":324.2977,"max_stake_amount":324.2977,"amount":2185.0,"open_date":"2025-11-20 18:00:00+00:00","close_date":"2025-11-20 20:00:00+00:00","open_rate":0.14842,"close_rate":0.14965,"fee_open":0.001,"fee_close":0.001,"trade_duration":120,"profit_ratio":0.006272732792069809,"profit_abs":2.03626705,"exit_reason":"roi","initial_stop_loss_abs":0.141,"initial_stop_loss_ratio":-0.05,"stop_loss_abs":0.141,"stop_loss_ratio":-0.05,"min_rate":0.14623,"max_rate":0.15017,"is_open":false,"enter_tag":"","leverage":1.0,"is_short":false,"open_timestamp":1763661600000,"close_timestamp":1763668800000,"orders":[{"amount":2185.0,"safe_price":0.14842,"ft_order_side":"buy","order_filled_timestamp":1763661600000,"ft_is_entry":true,"ft_order_tag":"","cost":324.6219977},{"amount":2185.0,"safe_price":0.14965,"ft_order_side":"sell","order_filled_timestamp":1763668800000,"ft_is_entry":false,"ft_order_tag":"roi","cost":327.31223524999996}],"funding_fees":0.0,"weekday":3}],"locks":[],"best_pair":{"key":"DOGE/USDT","trades":4,"profit_mean":-0.011394584477285566,"profit_mean_pct":-1.14,"profit_total_abs":-15.08358367,"profit_total":-0.01508358367,"profit_total_pct":-1.51,"duration_avg":"2:15:00","wins":1,"draws":2,"losses":1,"winrate":0.25,"cagr":-0.05558559816089881,"expectancy":-3.7708959175,"expectancy_ratio":-0.7202645326278874,"sortino":-100,"sharpe":-0.38324879630081476,"calmar":-17.35318757591333,"sqn":-0.8426,"profit_factor":0.1189418694884508,"max_drawdown_account":0.017119850720000045,"max_drawdown_abs":17.11985072},"worst_pair":{"key":"DOGE/USDT","trades":4,"profit_mean":-0.011394584477285566,"profit_mean_pct":-1.14,"profit_total_abs":-15.08358367,"profit_total":-0.01508358367,"profit_total_pct":-1.51,"duration_avg":"2:15:00","wins":1,"draws":2,"losses":1,"winrate":0.25,"cagr":-0.05558559816089881,"expectancy":-3.7708959175,"expectancy_ratio":-0.7202645326278874,"sortino":-100,"sharpe":-0.38324879630081476,"calmar":-17.35318757591333,"sqn":-0.8426,"profit_factor":0.1189418694884508,"max_drawdown_account":0.017119850720000045,"max_drawdown_abs":17.11985072},"results_per_pair":[{"key":"DOGE/USDT","trades":4,"profit_mean":-0.011394584477285566,"profit_mean_pct":-1.14,"profit_total_abs":-15.08358367,"profit_total":-0.01508358367,"profit_total_pct":-1.51,"duration_avg":"2:15:00","wins":1,"draws":2,"losses":1,"winrate":0.25,"cagr":-0.05558559816089881,"expectancy":-3.7708959175,"expectancy_ratio":-0.7202645326278874,"sortino":-100,"sharpe":-0.38324879630081476,"calmar":-17.35318757591333,"sqn":-0.8426,"profit_factor":0.1189418694884508,"max_drawdown_account":0.017119850720000045,"max_drawdown_abs":17.11985072},{"key":"TOTAL","trades":4,"profit_mean":-0.011394584477285566,"profit_mean_pct":-1.14,"profit_total_abs":-15.08358367,"profit_total":-0.01508358367,"profit_total_pct":-1.51,"duration_avg":"2:15:00","wins":1,"draws":2,"losses":1,"winrate":0.25,"cagr":-0.05558559816089881,"expectancy":-3.7708959175,"expectancy_ratio":-0.7202645326278874,"sortino":-100,"sharpe":-0.38324879630081476,"calmar":-17.35318757591333,"sqn":-0.8426,"profit_factor":0.1189418694884508,"max_drawdown_account":0.017119850720000045,"max_drawdown_abs":17.11985072}],"results_per_enter_tag":[{"key":"","trades":4,"profit_mean":-0.011394584477285566,"profit_mean_pct":-1.14,"profit_total_abs":-15.08358367,"profit_total":-0.01508358367,"profit_total_pct":-1.51,"duration_avg":"2:15:00","wins":1,"draws":2,"losses":1,"winrate":0.25,"cagr":-0.05558559816089881,"expectancy":-3.7708959175,"expectancy_ratio":-0.7202645326278874,"sortino":-100,"sharpe":-0.38324879630081476,"calmar":-17.35318757591333,"sqn":-0.8426,"profit_factor":0.1189418694884508,"max_drawdown_account":0.017119850720000045,"max_drawdown_abs":17.11985072},{"key":"TOTAL","trades":4,"profit_mean":-0.011394584477285566,"profit_mean_pct":-1.14,"profit_total_abs":-15.08358367,"profit_total":-0.01508358367,"profit_total_pct":-1.51,"duration_avg":"2:15:00","wins":1,"draws":2,"losses":1,"winrate":0.25,"cagr":-0.05558559816089881,"expectancy":-3.7708959175,"expectancy_ratio":-0.7202645326278874,"sortino":-100,"sharpe":-0.38324879630081476,"calmar":-17.35318757591333,"sqn":-0.8426,"profit_factor":0.1189418694884508,"max_drawdown_account":0.017119850720000045,"max_drawdown_abs":17.11985072}],"exit_reason_summary":[{"key":"roi","trades":3,"profit_mean":0.0020909109306899362,"profit_mean_pct":0.21,"profit_total_abs":2.03626705,"profit_total":0.0020362670500000003,"profit_total_pct":0.2,"duration_avg":"2:20:00","wins":1,"draws":2,"losses":0,"winrate":0.3333333333333333,"cagr":0.007683821583612582,"expectancy":0.6787556833333334,"expectancy_ratio":100.0,"sortino":-100,"sharpe":0.4178120439001947,"calmar":-100,"sqn":1.0,"profit_factor":0.0,"max_drawdown_account":0.0,"max_drawdown_abs":0.0},{"key":"stop_loss","trades":1,"profit_mean":-0.051851070701212074,"profit_mean_pct":-5.19,"profit_total_abs":-17.11985072,"profit_total":-0.01711985072,"profit_total_pct":-1.71,"duration_avg":"2:00:00","wins":0,"draws":0,"losses":1,"winrate":0.0,"cagr":-0.06291179276738679,"expectancy":-17.11985072,"expectancy_ratio":-1.0,"sortino":-100,"sharpe":-100,"calmar":-19.69584863354923,"sqn":-100.0,"profit_factor":0.0,"max_drawdown_account":0.017119850720000045,"max_drawdown_abs":17.11985072},{"key":"TOTAL","trades":4,"profit_mean":-0.011394584477285566,"profit_mean_pct":-1.14,"profit_total_abs":-15.08358367,"profit_total":-0.01508358367,"profit_total_pct":-1.51,"duration_avg":"2:15:00","wins":1,"draws":2,"losses":1,"winrate":0.25,"cagr":-0.05558559816089881,"expectancy":-3.7708959175,"expectancy_ratio":-0.7202645326278874,"sortino":-100,"sharpe":-0.38324879630081476,"calmar":-17.35318757591333,"sqn":-0.8426,"profit_factor":0.1189418694884508,"max_drawdown_account":0.017119850720000045,"max_drawdown_abs":17.11985072}],"mix_tag_stats":[{"key":["","roi"],"trades":3,"profit_mean":0.0020909109306899362,"profit_mean_pct":0.21,"profit_total_abs":2.03626705,"profit_total":0.0020362670500000003,"profit_total_pct":0.2,"duration_avg":"2:20:00","wins":1,"draws":2,"losses":0,"winrate":0.3333333333333333,"cagr":0.007683821583612582,"expectancy":0.6787556833333334,"expectancy_ratio":100.0,"sortino":-100,"sharpe":0.4178120439001947,"calmar":-100,"sqn":1.0,"profit_factor":0.0,"max_drawdown_account":0.0,"max_drawdown_abs":0.0},{"key":["","stop_loss"],"trades":1,"profit_mean":-0.051851070701212074,"profit_mean_pct":-5.19,"profit_total_abs":-17.11985072,"profit_total":-0.01711985072,"profit_total_pct":-1.71,"duration_avg":"2:00:00","wins":0,"draws":0,"losses":1,"winrate":0.0,"cagr":-0.06291179276738679,"expectancy":-17.11985072,"expectancy_ratio":-1.0,"sortino":-100,"sharpe":-100,"calmar":-19.69584863354923,"sqn":-100.0,"profit_factor":0.0,"max_drawdown_account":0.017119850720000045,"max_drawdown_abs":17.11985072},{"key":"TOTAL","trades":4,"profit_mean":-0.011394584477285566,"profit_mean_pct":-1.14,"profit_total_abs":-15.08358367,"profit_total":-0.01508358367,"profit_total_pct":-1.51,"duration_avg":"2:15:00","wins":1,"draws":2,"losses":1,"winrate":0.25,"cagr":-0.05558559816089881,"expectancy":-3.7708959175,"expectancy_ratio":-0.7202645326278874,"sortino":-100,"sharpe":-0.38324879630081476,"calmar":-17.35318757591333,"sqn":-0.8426,"profit_factor":0.1189418694884508,"max_drawdown_account":0.017119850720000045,"max_drawdown_abs":17.11985072}],"left_open_trades":[{"key":"TOTAL","trades":0,"profit_mean":0.0,"profit_mean_pct":0.0,"profit_total_abs":0.0,"profit_total":0.0,"profit_total_pct":0.0,"duration_avg":"0:00","wins":0,"draws":0,"losses":0,"winrate":0.0,"cagr":0.0,"expectancy":0.0,"expectancy_ratio":100.0,"sortino":0,"sharpe":0,"calmar":0,"sqn":0.0,"profit_factor":0.0,"max_drawdown_account":0.0,"max_drawdown_abs":0.0}],"total_trades":4,"trade_count_long":4,"trade_count_short":0,"total_volume":2606.723434961291,"avg_stake_amount":327.07484750000003,"profit_mean":-0.011394584477285566,"profit_median":0.0,"profit_total":-0.01508358367,"profit_total_long":-0.01508358367,"profit_total_short":0.0,"profit_total_abs":-15.08358367,"profit_total_long_abs":-15.08358367,"profit_total_short_abs":0.0,"cagr":-0.05558559816089881,"expectancy":-3.7708959175,"expectancy_ratio":-0.7202645326278874,"sortino":-100,"sharpe":-0.38324879630081476,"calmar":-17.35318757591333,"sqn":-0.8426,"profit_factor":0.1189418694884508,"backtest_start":"2025-10-01 00:00:00","backtest_start_ts":1759276800000,"backtest_end":"2026-01-06 20:00:00","backtest_end_ts":1767729600000,"backtest_days":97,"backtest_run_start_ts":1767741082,"backtest_run_end_ts":1767741083,"trades_per_day":0.04,"market_change":-0.36632086436227446,"pairlist":["DOGE/USDT"],"stake_amount":"unlimited","stake_currency":"USDT","stake_currency_decimals":3,"starting_balance":1000,"dry_run_wallet":1000,"final_balance":984.91641633,"rejected_signals":0,"timedout_entry_orders":0,"timedout_exit_orders":0,"canceled_trade_entries":0,"canceled_entry_orders":0,"replaced_entry_orders":0,"max_open_trades":1,"max_open_trades_setting":3,"timeframe":"1h","timeframe_detail":"","timerange":"20251001-","enable_protections":false,"strategy_name":"ACO_15_17","freqaimodel":null,"freqai_identifier":null,"stoploss":-0.05,"trailing_stop":false,"trailing_stop_positive":null,"trailing_stop_positive_offset":0.0,"trailing_only_offset_is_reached":false,"use_custom_stoploss":false,"minimal_roi":{"0":0.1,"60":0.05,"120":0.0},"use_exit_signal":true,"exit_profit_only":false,"exit_profit_offset":0.0,"ignore_roi_if_entry_signal":false,"trading_mode":"spot","margin_mode":"","periodic_breakdown":{"day":[{"date":"25/10/2025","date_ts":1761350400000,"profit_abs":0.0,"wins":0,"draws":1,"losses":0,"trades":1,"profit_factor":0.0},{"date":"26/10/2025","date_ts":1761436800000,"profit_abs":0.0,"wins":0,"draws":0,"losses":0,"trades":0,"profit_factor":0.0},{"date":"27/10/2025","date_ts":1761523200000,"profit_abs":0.0,"wins":0,"draws":0,"losses":0,"trades":0,"profit_factor":0.0},{"date":"28/10/2025","date_ts":1761609600000,"profit_abs":0.0,"wins":0,"draws":0,"losses":0,"trades":0,"profit_factor":0.0},{"date":"29/10/2025","date_ts":1761696000000,"profit_abs":0.0,"wins":0,"draws":0,"losses":0,"trades":0,"profit_factor":0.0},{"date":"30/10/2025","date_ts":1761782400000,"profit_abs":0.0,"wins":0,"draws":0,"losses":0,"trades":0,"profit_factor":0.0},{"date":"31/10/2025","date_ts":1761868800000,"profit_abs":0.0,"wins":0,"draws":0,"losses":0,"trades":0,"profit_factor":0.0},{"date":"01/11/2025","date_ts":1761955200000,"profit_abs":0.0,"wins":0,"draws":0,"losses":0,"trades":0,"profit_factor":0.0},{"date":"02/11/2025","date_ts":1762041600000,"profit_abs":0.0,"wins":0,"draws":0,"losses":0,"trades":0,"profit_factor":0.0},{"date":"03/11/2025","date_ts":1762128000000,"profit_abs":0.0,"wins":0,"draws":0,"losses":0,"trades":0,"profit_factor":0.0},{"date":"04/11/2025","date_ts":1762214400000,"profit_abs":0.0,"wins":0,"draws":0,"losses":0,"trades":0,"profit_factor":0.0},{"date":"05/11/2025","date_ts":1762300800000,"profit_abs":0.0,"wins":0,"draws":0,"losses":0,"trades":0,"profit_factor":0.0},{"date":"06/11/2025","date_ts":1762387200000,"profit_abs":0.0,"wins":0,"draws":0,"losses":0,"trades":0,"profit_factor":0.0},{"date":"07/11/2025","date_ts":1762473600000,"profit_abs":0.0,"wins":0,"draws":0,"losses":0,"trades":0,"profit_factor":0.0},{"date":"08/11/2025","date_ts":1762560000000,"profit_abs":0.0,"wins":0,"draws":0,"losses":0,"trades":0,"profit_factor":0.0},{"date":"09/11/2025","date_ts":1762646400000,"profit_abs":0.0,"wins":0,"draws":0,"losses":0,"trades":0,"profit_factor":0.0},{"date":"10/11/2025","date_ts":1762732800000,"profit_abs":0.0,"wins":0,"draws":0,"losses":0,"trades":0,"profit_factor":0.0},{"date":"11/11/2025","date_ts":1762819200000,"profit_abs":0.0,"wins":0,"draws":0,"losses":0,"trades":0,"profit_factor":0.0},{"date":"12/11/2025","date_ts":1762905600000,"profit_abs":0.0,"wins":0,"draws":0,"losses":0,"trades":0,"profit_factor":0.0},{"date":"13/11/2025","date_ts":1762992000000,"profit_abs":-17.11985072,"wins":0,"draws":0,"losses":1,"trades":1,"profit_factor":0.0},{"date":"14/11/2025","date_ts":1763078400000,"profit_abs":0.0,"wins":0,"draws":0,"losses":0,"trades":0,"profit_factor":0.0},{"date":"15/11/2025","date_ts":1763164800000,"profit_abs":0.0,"wins":0,"draws":0,"losses":0,"trades":0,"profit_factor":0.0},{"date":"16/11/2025","date_ts":1763251200000,"profit_abs":0.0,"wins":0,"draws":0,"losses":0,"trades":0,"profit_factor":0.0},{"date":"17/11/2025","date_ts":1763337600000,"profit_abs":0.0,"wins":0,"draws":1,"losses":0,"trades":1,"profit_factor":0.0},{"date":"18/11/2025","date_ts":1763424000000,"profit_abs":0.0,"wins":0,"draws":0,"losses":0,"trades":0,"profit_factor":0.0},{"date":"19/11/2025","date_ts":1763510400000,"profit_abs":0.0,"wins":0,"draws":0,"losses":0,"trades":0,"profit_factor":0.0},{"date":"20/11/2025","date_ts":1763596800000,"profit_abs":2.03626705,"wins":1,"draws":0,"losses":0,"trades":1,"profit_factor":0.0}],"week":[{"date":"27/10/2025","date_ts":1761523200000,"profit_abs":0.0,"wins":0,"draws":1,"losses":0,"trades":1,"profit_factor":0.0},{"date":"03/11/2025","date_ts":1762128000000,"profit_abs":0.0,"wins":0,"draws":0,"losses":0,"trades":0,"profit_factor":0.0},{"date":"10/11/2025","date_ts":1762732800000,"profit_abs":0.0,"wins":0,"draws":0,"losses":0,"trades":0,"profit_factor":0.0},{"date":"17/11/2025","date_ts":1763337600000,"profit_abs":-17.11985072,"wins":0,"draws":1,"losses":1,"trades":2,"profit_factor":0.0},{"date":"24/11/2025","date_ts":1763942400000,"profit_abs":2.03626705,"wins":1,"draws":0,"losses":0,"trades":1,"profit_factor":0.0}],"month":[{"date":"31/10/2025","date_ts":1761868800000,"profit_abs":0.0,"wins":0,"draws":1,"losses":0,"trades":1,"profit_factor":0.0},{"date":"30/11/2025","date_ts":1764460800000,"profit_abs":-15.08358367,"wins":1,"draws":1,"losses":1,"trades":3,"profit_factor":0.11894187}],"year":[{"date":"31/12/2025","date_ts":1767139200000,"profit_abs":-15.08358367,"wins":1,"draws":2,"losses":1,"trades":4,"profit_factor":0.11894187}],"weekday":[{"date":"Monday","date_ts":0,"profit_abs":0.0,"wins":0,"draws":1,"losses":0,"trades":1,"profit_factor":0.0},{"date":"Thursday","date_ts":3,"profit_abs":-15.08358367,"wins":1,"draws":0,"losses":1,"trades":2,"profit_factor":0.11894187},{"date":"Saturday","date_ts":5,"profit_abs":0.0,"wins":0,"draws":1,"losses":0,"trades":1,"profit_factor":0.0}]},"backtest_best_day":0.006272732792069809,"backtest_worst_day":-0.051851070701212074,"backtest_best_day_abs":2.03626705,"backtest_worst_day_abs":-17.11985072,"winning_days":1,"draw_days":25,"losing_days":1,"daily_profit":[["2025-10-25",0.0],["2025-10-26",0.0],["2025-10-27",0.0],["2025-10-28",0.0],["2025-10-29",0.0],["2025-10-30",0.0],["2025-10-31",0.0],["2025-11-01",0.0],["2025-11-02",0.0],["2025-11-03",0.0],["2025-11-04",0.0],["2025-11-05",0.0],["2025-11-06",0.0],["2025-11-07",0.0],["2025-11-08",0.0],["2025-11-09",0.0],["2025-11-10",0.0],["2025-11-11",0.0],["2025-11-12",0.0],["2025-11-13",-17.11985072],["2025-11-14",0.0],["2025-11-15",0.0],["2025-11-16",0.0],["2025-11-17",0.0],["2025-11-18",0.0],["2025-11-19",0.0],["2025-11-20",2.03626705]],"wins":1,"losses":1,"draws":2,"winrate":0.25,"holding_avg":"2:15:00","holding_avg_s":8100.0,"winner_holding_min":"0d 02:00","winner_holding_min_s":7200.0,"winner_holding_max":"0d 02:00","winner_holding_max_s":7200.0,"winner_holding_avg":"0d 02:00","winner_holding_avg_s":7200.0,"loser_holding_min":"0d 02:00","loser_holding_min_s":7200.0,"loser_holding_max":"0d 02:00","loser_holding_max_s":7200.0,"loser_holding_avg":"0d 02:00","loser_holding_avg_s":7200.0,"max_consecutive_wins":1,"max_consecutive_losses":3,"max_drawdown_account":0.017119850720000045,"max_relative_drawdown":0.017119850720000045,"max_drawdown_abs":17.11985072,"drawdown_start":"2025-10-25 18:00:00","drawdown_start_ts":1761415200000.0,"drawdown_end":"2025-11-13 19:00:00","drawdown_end_ts":1763060400000.0,"drawdown_duration":"19 days 01:00:00","drawdown_duration_s":1645200.0,"max_drawdown_low":-17.11985072,"max_drawdown_high":0.0,"csum_min":982.88014928,"csum_max":1000.0}},"strategy_comparison":[{"key":"ACO_15_17","trades":4,"profit_mean":-0.011394584477285566,"profit_mean_pct":-1.14,"profit_total_abs":-15.08358367,"profit_total":-0.01508358367,"profit_total_pct":-1.51,"duration_avg":"2:15:00","wins":1,"draws":2,"losses":1,"winrate":0.25,"cagr":-0.05558559816089881,"expectancy":-3.7708959175,"expectancy_ratio":-0.7202645326278874,"sortino":-100,"sharpe":-0.38324879630081476,"calmar":-17.35318757591333,"sqn":-0.8426,"profit_factor":0.1189418694884508,"max_drawdown_account":0.017119850720000045,"max_drawdown_abs":"17.12"}]}