{"strategy":{"ACO_48_19":{"trades":[{"pair":"DOGE/USDT","stake_amount":329.97516,"max_stake_amount":329.97516,"amount":1284.0,"open_date":"2025-10-02 07:00:00+00:00","close_date":"2025-10-02 08:00:00+00:00","open_rate":0.25699,"close_rate":0.2559,"fee_open":0.001,"fee_close":0.001,"trade_duration":60,"profit_ratio":-0.006230937823606799,"profit_abs":-2.05811076,"exit_reason":"exit_signal","initial_stop_loss_abs":0.24415,"initial_stop_loss_ratio":-0.05,"stop_loss_abs":0.24415,"stop_loss_ratio":-0.05,"min_rate":0.25525,"max_rate":0.25798,"is_open":false,"enter_tag":"","leverage":1.0,"is_short":false,"open_timestamp":1759388400000,"close_timestamp":1759392000000,"orders":[{"amount":1284.0,"safe_price":0.25699,"ft_order_side":"buy","order_filled_timestamp":1759388400000,"ft_is_entry":true,"ft_order_tag":"","cost":330.30513515999996},{"amount":1284.0,"safe_price":0.2559,"ft_order_side":"sell","order_filled_timestamp":1759392000000,"ft_is_entry":false,"ft_order_tag":"exit_signal","cost":328.9041756}],"funding_fees":0.0,"weekday":3},{"pair":"DOGE/USDT","stake_amount":329.25114,"max_stake_amount":329.25114,"amount":1278.0,"open_date":"2025-10-02 09:00:00+00:00","close_date":"2025-10-02 11:00:00+00:00","open_rate":0.25763,"close_rate":0.25786,"fee_open":0.001,"fee_close":0.001,"trade_duration":120,"profit_ratio":-0.0011070325474703845,"profit_abs":-0.36485622,"exit_reason":"exit_signal","initial_stop_loss_abs":0.24475,"initial_stop_loss_ratio":-0.05,"stop_loss_abs":0.24475,"stop_loss_ratio":-0.05,"min_rate":0.25557,"max_rate":0.2597,"is_open":false,"enter_tag":"","leverage":1.0,"is_short":false,"open_timestamp":1759395600000,"close_timestamp":1759402800000,"orders":[{"amount":1278.0,"safe_price":0.25763,"ft_order_side":"buy","order_filled_timestamp":1759395600000,"ft_is_entry":true,"ft_order_tag":"","cost":329.58039113999996},{"amount":1278.0,"safe_price":0.25786,"ft_order_side":"sell","order_filled_timestamp":1759402800000,"ft_is_entry":false,"ft_order_tag":"exit_signal","cost":329.87462507999993}],"funding_fees":0.0,"weekday":3},{"pair":"DOGE/USDT","stake_amount":328.96022,"max_stake_amount":328.96022,"amount":1271.0,"open_date":"2025-10-02 19:00:00+00:00","close_date":"2025-10-02 21:00:00+00:00","open_rate":0.25882,"close_rate":0.26074,"fee_open":0.001,"fee_close":0.001,"trade_duration":120,"profit_ratio":0.005405459234375083,"profit_abs":1.77995924,"exit_reason":"roi","initial_stop_loss_abs":0.24588,"initial_stop_loss_ratio":-0.05,"stop_loss_abs":0.24588,"stop_loss_ratio":-0.05,"min_rate":0.25834,"max_rate":0.26414,"is_open":false,"enter_tag":"","leverage":1.0,"is_short":false,"open_timestamp":1759431600000,"close_timestamp":1759438800000,"orders":[{"amount":1271.0,"safe_price":0.25882,"ft_order_side":"buy","order_filled_timestamp":1759431600000,"ft_is_entry":true,"ft_order_tag":"","cost":329.28918021999993},{"amount":1271.0,"safe_price":0.26074,"ft_order_side":"sell","order_filled_timestamp":1759438800000,"ft_is_entry":false,"ft_order_tag":"roi","cost":331.73194054}],"funding_fees":0.0,"weekday":3},{"pair":"DOGE/USDT","stake_amount":329.60858,"max_stake_amount":329.60858,"amount":1258.0,"open_date":"2025-10-03 00:00:00+00:00","close_date":"2025-10-03 16:00:00+00:00","open_rate":0.26201,"close_rate":0.26253454454454456,"fee_open":0.001,"fee_close":0.001,"trade_duration":960,"profit_ratio":0.0,"profit_abs":0.0,"exit_reason":"roi","initial_stop_loss_abs":0.24891,"initial_stop_loss_ratio":-0.05,"stop_loss_abs":0.24891,"stop_loss_ratio":-0.05,"min_rate":0.25274,"max_rate":0.26534,"is_open":false,"enter_tag":"","leverage":1.0,"is_short":false,"open_timestamp":1759449600000,"close_timestamp":1759507200000,"orders":[{"amount":1258.0,"safe_price":0.26201,"ft_order_side":"buy","order_filled_timestamp":1759449600000,"ft_is_entry":true,"ft_order_tag":"","cost":329.93818858},{"amount":1258.0,"safe_price":0.26253454454454456,"ft_order_side":"sell","order_filled_timestamp":1759507200000,"ft_is_entry":false,"ft_order_tag":"roi","cost":330.5987254940741}],"funding_fees":0.0,"weekday":4},{"pair":"DOGE/USDT","stake_amount":329.78432,"max_stake_amount":329.78432,"amount":1312.0,"open_date":"2025-10-07 21:00:00+00:00","close_date":"2025-10-08 12:00:00+00:00","open_rate":0.25136,"close_rate":0.2518632232232232,"fee_open":0.001,"fee_close":0.001,"trade_duration":900,"profit_ratio":0.0,"profit_abs":0.0,"exit_reason":"roi","initial_stop_loss_abs":0.2388,"initial_stop_loss_ratio":-0.05,"stop_loss_abs":0.2388,"stop_loss_ratio":-0.05,"min_rate":0.24291,"max_rate":0.2526,"is_open":false,"enter_tag":"","leverage":1.0,"is_short":false,"open_timestamp":1759870800000,"close_timestamp":1759924800000,"orders":[{"amount":1312.0,"safe_price":0.25136,"ft_order_side":"buy","order_filled_timestamp":1759870800000,"ft_is_entry":true,"ft_order_tag":"","cost":330.11410431999997},{"amount":1312.0,"safe_price":0.2518632232232232,"ft_order_side":"sell","order_filled_timestamp":1759924800000,"ft_is_entry":false,"ft_order_tag":"roi","cost":330.7749934177377}],"funding_fees":0.0,"weekday":2},{"pair":"DOGE/USDT","stake_amount":329.78456,"max_stake_amount":329.78456,"amount":1688.0,"open_date":"2025-10-11 01:00:00+00:00","close_date":"2025-10-11 03:00:00+00:00","open_rate":0.19537,"close_rate":0.19889,"fee_open":0.001,"fee_close":0.001,"trade_duration":120,"profit_ratio":0.015983095575663523,"profit_abs":5.27624912,"exit_reason":"roi","initial_stop_loss_abs":0.18561,"initial_stop_loss_ratio":-0.05,"stop_loss_abs":0.18561,"stop_loss_ratio":-0.05,"min_rate":0.18627,"max_rate":0.20048,"is_open":false,"enter_tag":"","leverage":1.0,"is_short":false,"open_timestamp":1760144400000,"close_timestamp":1760151600000,"orders":[{"amount":1688.0,"safe_price":0.19537,"ft_order_side":"buy","order_filled_timestamp":1760144400000,"ft_is_entry":true,"ft_order_tag":"","cost":330.11434455999995},{"amount":1688.0,"safe_price":0.19889,"ft_order_side":"sell","order_filled_timestamp":1760151600000,"ft_is_entry":false,"ft_order_tag":"roi","cost":336.06204632}],"funding_fees":0.0,"weekday":5},{"pair":"DOGE/USDT","stake_amount":331.38873,"max_stake_amount":331.38873,"amount":1791.0,"open_date":"2025-10-11 23:00:00+00:00","close_date":"2025-10-12 03:00:00+00:00","open_rate":0.18503,"close_rate":0.18540043043043042,"fee_open":0.001,"fee_close":0.001,"trade_duration":240,"profit_ratio":0.0,"profit_abs":0.0,"exit_reason":"roi","initial_stop_loss_abs":0.17578,"initial_stop_loss_ratio":-0.05,"stop_loss_abs":0.17578,"stop_loss_ratio":-0.05,"min_rate":0.18072,"max_rate":0.18675,"is_open":false,"enter_tag":"","leverage":1.0,"is_short":false,"open_timestamp":1760223600000,"close_timestamp":1760238000000,"orders":[{"amount":1791.0,"safe_price":0.18503,"ft_order_side":"buy","order_filled_timestamp":1760223600000,"ft_is_entry":true,"ft_order_tag":"","cost":331.72011872999997},{"amount":1791.0,"safe_price":0.18540043043043042,"ft_order_side":"sell","order_filled_timestamp":1760238000000,"ft_is_entry":false,"ft_order_tag":"roi","cost":332.3842230718017}],"funding_fees":0.0,"weekday":6},{"pair":"DOGE/USDT","stake_amount":331.46064,"max_stake_amount":331.46064,"amount":1746.0,"open_date":"2025-10-12 13:00:00+00:00","close_date":"2025-10-12 14:00:00+00:00","open_rate":0.18984,"close_rate":0.19972156156156154,"fee_open":0.001,"fee_close":0.001,"trade_duration":60,"profit_ratio":0.04995004995004995,"profit_abs":16.573032,"exit_reason":"roi","initial_stop_loss_abs":0.18035,"initial_stop_loss_ratio":-0.05,"stop_loss_abs":0.18035,"stop_loss_ratio":-0.05,"min_rate":0.18624,"max_rate":0.19986,"is_open":false,"enter_tag":"","leverage":1.0,"is_short":false,"open_timestamp":1760274000000,"close_timestamp":1760277600000,"orders":[{"amount":1746.0,"safe_price":0.18984,"ft_order_side":"buy","order_filled_timestamp":1760274000000,"ft_is_entry":true,"ft_order_tag":"","cost":331.79210064},{"amount":1746.0,"safe_price":0.19972156156156154,"ft_order_side":"sell","order_filled_timestamp":1760277600000,"ft_is_entry":false,"ft_order_tag":"roi","cost":349.0625603329729}],"funding_fees":0.0,"weekday":6},{"pair":"DOGE/USDT","stake_amount":336.96852,"max_stake_amount":336.96852,"amount":1718.0,"open_date":"2025-10-12 15:00:00+00:00","close_date":"2025-10-12 16:00:00+00:00","open_rate":0.19614,"close_rate":0.2063494894894895,"fee_open":0.001,"fee_close":0.001,"trade_duration":60,"profit_ratio":0.04995004995004995,"profit_abs":16.848426,"exit_reason":"roi","initial_stop_loss_abs":0.18634,"initial_stop_loss_ratio":-0.05,"stop_loss_abs":0.18634,"stop_loss_ratio":-0.05,"min_rate":0.19562,"max_rate":0.2095,"is_open":false,"enter_tag":"","leverage":1.0,"is_short":false,"open_timestamp":1760281200000,"close_timestamp":1760284800000,"orders":[{"amount":1718.0,"safe_price":0.19614,"ft_order_side":"buy","order_filled_timestamp":1760281200000,"ft_is_entry":true,"ft_order_tag":"","cost":337.30548852},{"amount":1718.0,"safe_price":0.2063494894894895,"ft_order_side":"sell","order_filled_timestamp":1760284800000,"ft_is_entry":false,"ft_order_tag":"roi","cost":354.86293136588586}],"funding_fees":0.0,"weekday":6},{"pair":"DOGE/USDT","stake_amount":342.3832,"max_stake_amount":342.3832,"amount":1720.0,"open_date":"2025-10-14 12:00:00+00:00","close_date":"2025-10-14 14:00:00+00:00","open_rate":0.19906,"close_rate":0.19945851851851848,"fee_open":0.001,"fee_close":0.001,"trade_duration":120,"profit_ratio":0.0,"profit_abs":0.0,"exit_reason":"roi","initial_stop_loss_abs":0.18911,"initial_stop_loss_ratio":-0.05,"stop_loss_abs":0.18911,"stop_loss_ratio":-0.05,"min_rate":0.1933,"max_rate":0.20175,"is_open":false,"enter_tag":"","leverage":1.0,"is_short":false,"open_timestamp":1760443200000,"close_timestamp":1760450400000,"orders":[{"amount":1720.0,"safe_price":0.19906,"ft_order_side":"buy","order_filled_timestamp":1760443200000,"ft_is_entry":true,"ft_order_tag":"","cost":342.72558319999996},{"amount":1720.0,"safe_price":0.19945851851851848,"ft_order_side":"sell","order_filled_timestamp":1760450400000,"ft_is_entry":false,"ft_order_tag":"roi","cost":343.4117205037036}],"funding_fees":0.0,"weekday":1},{"pair":"DOGE/USDT","stake_amount":342.38645,"max_stake_amount":342.38645,"amount":1745.0,"open_date":"2025-10-16 00:00:00+00:00","close_date":"2025-10-16 02:00:00+00:00","open_rate":0.19621,"close_rate":0.19808,"fee_open":0.001,"fee_close":0.001,"trade_duration":120,"profit_ratio":0.007513560798306733,"profit_abs":2.57511395,"exit_reason":"roi","initial_stop_loss_abs":0.1864,"initial_stop_loss_ratio":-0.05,"stop_loss_abs":0.1864,"stop_loss_ratio":-0.05,"min_rate":0.1954,"max_rate":0.1991,"is_open":false,"enter_tag":"","leverage":1.0,"is_short":false,"open_timestamp":1760572800000,"close_timestamp":1760580000000,"orders":[{"amount":1745.0,"safe_price":0.19621,"ft_order_side":"buy","order_filled_timestamp":1760572800000,"ft_is_entry":true,"ft_order_tag":"","cost":342.7288364499999},{"amount":1745.0,"safe_price":0.19808,"ft_order_side":"sell","order_filled_timestamp":1760580000000,"ft_is_entry":false,"ft_order_tag":"roi","cost":345.99524959999997}],"funding_fees":0.0,"weekday":3},{"pair":"DOGE/USDT","stake_amount":343.35696,"max_stake_amount":343.35696,"amount":1752.0,"open_date":"2025-10-16 06:00:00+00:00","close_date":"2025-10-16 08:00:00+00:00","open_rate":0.19598,"close_rate":0.19743,"fee_open":0.001,"fee_close":0.001,"trade_duration":120,"profit_ratio":0.005385929510840216,"profit_abs":1.85114568,"exit_reason":"roi","initial_stop_loss_abs":0.18619,"initial_stop_loss_ratio":-0.05,"stop_loss_abs":0.18619,"stop_loss_ratio":-0.05,"min_rate":0.19552,"max_rate":0.20077,"is_open":false,"enter_tag":"","leverage":1.0,"is_short":false,"open_timestamp":1760594400000,"close_timestamp":1760601600000,"orders":[{"amount":1752.0,"safe_price":0.19598,"ft_order_side":"buy","order_filled_timestamp":1760594400000,"ft_is_entry":true,"ft_order_tag":"","cost":343.7003169599999},{"amount":1752.0,"safe_price":0.19743,"ft_order_side":"sell","order_filled_timestamp":1760601600000,"ft_is_entry":false,"ft_order_tag":"roi","cost":346.24325736}],"funding_fees":0.0,"weekday":3},{"pair":"DOGE/USDT","stake_amount":344.0168,"max_stake_amount":344.0168,"amount":1766.0,"open_date":"2025-10-16 17:00:00+00:00","close_date":"2025-10-16 20:00:00+00:00","open_rate":0.1948,"close_rate":0.18506,"fee_open":0.001,"fee_close":0.001,"trade_duration":180,"profit_ratio":-0.051898101898101894,"profit_abs":-17.87167276,"exit_reason":"stop_loss","initial_stop_loss_abs":0.18506,"initial_stop_loss_ratio":-0.05,"stop_loss_abs":0.18506,"stop_loss_ratio":-0.05,"min_rate":0.18469,"max_rate":0.1948,"is_open":false,"enter_tag":"","leverage":1.0,"is_short":false,"open_timestamp":1760634000000,"close_timestamp":1760644800000,"orders":[{"amount":1766.0,"safe_price":0.1948,"ft_order_side":"buy","order_filled_timestamp":1760634000000,"ft_is_entry":true,"ft_order_tag":"","cost":344.36081679999995},{"amount":1766.0,"safe_price":0.18506,"ft_order_side":"sell","order_filled_timestamp":1760644800000,"ft_is_entry":false,"ft_order_tag":"stop_loss","cost":327.14277596}],"funding_fees":0.0,"weekday":3},{"pair":"DOGE/USDT","stake_amount":337.93536,"max_stake_amount":337.93536,"amount":1796.0,"open_date":"2025-10-16 22:00:00+00:00","close_date":"2025-10-17 00:00:00+00:00","open_rate":0.18816,"close_rate":0.18853669669669668,"fee_open":0.001,"fee_close":0.001,"trade_duration":120,"profit_ratio":0.0,"profit_abs":0.0,"exit_reason":"roi","initial_stop_loss_abs":0.17876,"initial_stop_loss_ratio":-0.05,"stop_loss_abs":0.17876,"stop_loss_ratio":-0.05,"min_rate":0.18616,"max_rate":0.19011,"is_open":false,"enter_tag":"","leverage":1.0,"is_short":false,"open_timestamp":1760652000000,"close_timestamp":1760659200000,"orders":[{"amount":1796.0,"safe_price":0.18816,"ft_order_side":"buy","order_filled_timestamp":1760652000000,"ft_is_entry":true,"ft_order_tag":"","cost":338.27329535999996},{"amount":1796.0,"safe_price":0.18853669669669668,"ft_order_side":"sell","order_filled_timestamp":1760659200000,"ft_is_entry":false,"ft_order_tag":"roi","cost":338.95051917453446}],"funding_fees":0.0,"weekday":4},{"pair":"DOGE/USDT","stake_amount":337.97088,"max_stake_amount":337.97088,"amount":1888.0,"open_date":"2025-10-17 11:00:00+00:00","close_date":"2025-10-17 13:00:00+00:00","open_rate":0.17901,"close_rate":0.18228,"fee_open":0.001,"fee_close":0.001,"trade_duration":120,"profit_ratio":0.016232636142138403,"profit_abs":5.49164448,"exit_reason":"roi","initial_stop_loss_abs":0.17006,"initial_stop_loss_ratio":-0.05,"stop_loss_abs":0.17006,"stop_loss_ratio":-0.05,"min_rate":0.17882,"max_rate":0.18463,"is_open":false,"enter_tag":"","leverage":1.0,"is_short":false,"open_timestamp":1760698800000,"close_timestamp":1760706000000,"orders":[{"amount":1888.0,"safe_price":0.17901,"ft_order_side":"buy","order_filled_timestamp":1760698800000,"ft_is_entry":true,"ft_order_tag":"","cost":338.30885087999997},{"amount":1888.0,"safe_price":0.18228,"ft_order_side":"sell","order_filled_timestamp":1760706000000,"ft_is_entry":false,"ft_order_tag":"roi","cost":344.48878463999995}],"funding_fees":0.0,"weekday":4},{"pair":"DOGE/USDT","stake_amount":339.789,"max_stake_amount":339.789,"amount":1779.0,"open_date":"2025-10-22 12:00:00+00:00","close_date":"2025-10-22 14:00:00+00:00","open_rate":0.191,"close_rate":0.19236,"fee_open":0.001,"fee_close":0.001,"trade_duration":120,"profit_ratio":0.005108190239080292,"profit_abs":1.73744256,"exit_reason":"roi","initial_stop_loss_abs":0.18145,"initial_stop_loss_ratio":-0.05,"stop_loss_abs":0.18145,"stop_loss_ratio":-0.05,"min_rate":0.18814,"max_rate":0.19275,"is_open":false,"enter_tag":"","leverage":1.0,"is_short":false,"open_timestamp":1761134400000,"close_timestamp":1761141600000,"orders":[{"amount":1779.0,"safe_price":0.191,"ft_order_side":"buy","order_filled_timestamp":1761134400000,"ft_is_entry":true,"ft_order_tag":"","cost":340.1287889999999},{"amount":1779.0,"safe_price":0.19236,"ft_order_side":"sell","order_filled_timestamp":1761141600000,"ft_is_entry":false,"ft_order_tag":"roi","cost":342.55064844}],"funding_fees":0.0,"weekday":2},{"pair":"DOGE/USDT","stake_amount":340.36936,"max_stake_amount":340.36936,"amount":1784.0,"open_date":"2025-10-22 19:00:00+00:00","close_date":"2025-10-23 01:00:00+00:00","open_rate":0.19079,"close_rate":0.19117196196196193,"fee_open":0.001,"fee_close":0.001,"trade_duration":360,"profit_ratio":0.0,"profit_abs":0.0,"exit_reason":"roi","initial_stop_loss_abs":0.18126,"initial_stop_loss_ratio":-0.05,"stop_loss_abs":0.18126,"stop_loss_ratio":-0.05,"min_rate":0.18467,"max_rate":0.19228,"is_open":false,"enter_tag":"","leverage":1.0,"is_short":false,"open_timestamp":1761159600000,"close_timestamp":1761181200000,"orders":[{"amount":1784.0,"safe_price":0.19079,"ft_order_side":"buy","order_filled_timestamp":1761159600000,"ft_is_entry":true,"ft_order_tag":"","cost":340.7097293599999},{"amount":1784.0,"safe_price":0.19117196196196193,"ft_order_side":"sell","order_filled_timestamp":1761181200000,"ft_is_entry":false,"ft_order_tag":"roi","cost":341.3918309202802}],"funding_fees":0.0,"weekday":3},{"pair":"DOGE/USDT","stake_amount":340.37424,"max_stake_amount":340.37424,"amount":1656.0,"open_date":"2025-10-26 23:00:00+00:00","close_date":"2025-10-27 01:00:00+00:00","open_rate":0.20554,"close_rate":0.20754,"fee_open":0.001,"fee_close":0.001,"trade_duration":120,"profit_ratio":0.007713022600635717,"profit_abs":2.62793952,"exit_reason":"roi","initial_stop_loss_abs":0.19527,"initial_stop_loss_ratio":-0.05,"stop_loss_abs":0.19527,"stop_loss_ratio":-0.05,"min_rate":0.20527,"max_rate":0.2093,"is_open":false,"enter_tag":"","leverage":1.0,"is_short":false,"open_timestamp":1761519600000,"close_timestamp":1761526800000,"orders":[{"amount":1656.0,"safe_price":0.20554,"ft_order_side":"buy","order_filled_timestamp":1761519600000,"ft_is_entry":true,"ft_order_tag":"","cost":340.71461423999995},{"amount":1656.0,"safe_price":0.20754,"ft_order_side":"sell","order_filled_timestamp":1761526800000,"ft_is_entry":false,"ft_order_tag":"roi","cost":344.02992623999995}],"funding_fees":0.0,"weekday":0},{"pair":"DOGE/USDT","stake_amount":341.31702,"max_stake_amount":341.31702,"amount":1761.0,"open_date":"2025-10-29 02:00:00+00:00","close_date":"2025-10-29 05:00:00+00:00","open_rate":0.19382,"close_rate":0.194208028028028,"fee_open":0.001,"fee_close":0.001,"trade_duration":180,"profit_ratio":0.0,"profit_abs":0.0,"exit_reason":"roi","initial_stop_loss_abs":0.18413,"initial_stop_loss_ratio":-0.05,"stop_loss_abs":0.18413,"stop_loss_ratio":-0.05,"min_rate":0.19263,"max_rate":0.19486,"is_open":false,"enter_tag":"","leverage":1.0,"is_short":false,"open_timestamp":1761703200000,"close_timestamp":1761714000000,"orders":[{"amount":1761.0,"safe_price":0.19382,"ft_order_side":"buy","order_filled_timestamp":1761703200000,"ft_is_entry":true,"ft_order_tag":"","cost":341.65833702},{"amount":1761.0,"safe_price":0.194208028028028,"ft_order_side":"sell","order_filled_timestamp":1761714000000,"ft_is_entry":false,"ft_order_tag":"roi","cost":342.3423376947146}],"funding_fees":0.0,"weekday":2},{"pair":"DOGE/USDT","stake_amount":341.30564,"max_stake_amount":341.30564,"amount":1741.0,"open_date":"2025-10-29 18:00:00+00:00","close_date":"2025-10-29 20:00:00+00:00","open_rate":0.19604,"close_rate":0.19643247247247245,"fee_open":0.001,"fee_close":0.001,"trade_duration":120,"profit_ratio":0.0,"profit_abs":0.0,"exit_reason":"roi","initial_stop_loss_abs":0.18624,"initial_stop_loss_ratio":-0.05,"stop_loss_abs":0.18624,"stop_loss_ratio":-0.05,"min_rate":0.1871,"max_rate":0.197,"is_open":false,"enter_tag":"","leverage":1.0,"is_short":false,"open_timestamp":1761760800000,"close_timestamp":1761768000000,"orders":[{"amount":1741.0,"safe_price":0.19604,"ft_order_side":"buy","order_filled_timestamp":1761760800000,"ft_is_entry":true,"ft_order_tag":"","cost":341.64694563999996},{"amount":1741.0,"safe_price":0.19643247247247245,"ft_order_side":"sell","order_filled_timestamp":1761768000000,"ft_is_entry":false,"ft_order_tag":"roi","cost":342.3309235091491}],"funding_fees":0.0,"weekday":2},{"pair":"DOGE/USDT","stake_amount":341.2773,"max_stake_amount":341.2773,"amount":1755.0,"open_date":"2025-10-30 03:00:00+00:00","close_date":"2025-10-30 12:00:00+00:00","open_rate":0.19446,"close_rate":0.18474,"fee_open":0.001,"fee_close":0.001,"trade_duration":540,"profit_ratio":-0.05188270538471093,"profit_abs":-17.724096,"exit_reason":"stop_loss","initial_stop_loss_abs":0.18474,"initial_stop_loss_ratio":-0.05,"stop_loss_abs":0.18474,"stop_loss_ratio":-0.05,"min_rate":0.18275,"max_rate":0.19451,"is_open":false,"enter_tag":"","leverage":1.0,"is_short":false,"open_timestamp":1761793200000,"close_timestamp":1761825600000,"orders":[{"amount":1755.0,"safe_price":0.19446,"ft_order_side":"buy","order_filled_timestamp":1761793200000,"ft_is_entry":true,"ft_order_tag":"","cost":341.6185772999999},{"amount":1755.0,"safe_price":0.18474,"ft_order_side":"sell","order_filled_timestamp":1761825600000,"ft_is_entry":false,"ft_order_tag":"stop_loss","cost":324.5429186999999}],"funding_fees":0.0,"weekday":3},{"pair":"DOGE/USDT","stake_amount":335.34984,"max_stake_amount":335.34984,"amount":1844.0,"open_date":"2025-10-30 17:00:00+00:00","close_date":"2025-10-30 23:00:00+00:00","open_rate":0.18186,"close_rate":0.18222408408408405,"fee_open":0.001,"fee_close":0.001,"trade_duration":360,"profit_ratio":0.0,"profit_abs":0.0,"exit_reason":"roi","initial_stop_loss_abs":0.17277,"initial_stop_loss_ratio":-0.05,"stop_loss_abs":0.17277,"stop_loss_ratio":-0.05,"min_rate":0.17642,"max_rate":0.18287,"is_open":false,"enter_tag":"","leverage":1.0,"is_short":false,"open_timestamp":1761843600000,"close_timestamp":1761865200000,"orders":[{"amount":1844.0,"safe_price":0.18186,"ft_order_side":"buy","order_filled_timestamp":1761843600000,"ft_is_entry":true,"ft_order_tag":"","cost":335.6851898399999},{"amount":1844.0,"safe_price":0.18222408408408405,"ft_order_side":"sell","order_filled_timestamp":1761865200000,"ft_is_entry":false,"ft_order_tag":"roi","cost":336.357232262102}],"funding_fees":0.0,"weekday":3},{"pair":"DOGE/USDT","stake_amount":335.36592,"max_stake_amount":335.36592,"amount":1808.0,"open_date":"2025-10-31 09:00:00+00:00","close_date":"2025-10-31 11:00:00+00:00","open_rate":0.18549,"close_rate":0.18586135135135132,"fee_open":0.001,"fee_close":0.001,"trade_duration":120,"profit_ratio":0.0,"profit_abs":0.0,"exit_reason":"roi","initial_stop_loss_abs":0.17622,"initial_stop_loss_ratio":-0.05,"stop_loss_abs":0.17622,"stop_loss_ratio":-0.05,"min_rate":0.18498,"max_rate":0.18734,"is_open":false,"enter_tag":"","leverage":1.0,"is_short":false,"open_timestamp":1761901200000,"close_timestamp":1761908400000,"orders":[{"amount":1808.0,"safe_price":0.18549,"ft_order_side":"buy","order_filled_timestamp":1761901200000,"ft_is_entry":true,"ft_order_tag":"","cost":335.7012859199999},{"amount":1808.0,"safe_price":0.18586135135135132,"ft_order_side":"sell","order_filled_timestamp":1761908400000,"ft_is_entry":false,"ft_order_tag":"roi","cost":336.3733605664864}],"funding_fees":0.0,"weekday":4},{"pair":"DOGE/USDT","stake_amount":335.434,"max_stake_amount":335.434,"amount":1930.0,"open_date":"2025-11-03 09:00:00+00:00","close_date":"2025-11-03 11:00:00+00:00","open_rate":0.1738,"close_rate":0.17414794794794794,"fee_open":0.001,"fee_close":0.001,"trade_duration":120,"profit_ratio":0.0,"profit_abs":0.0,"exit_reason":"roi","initial_stop_loss_abs":0.16511,"initial_stop_loss_ratio":-0.05,"stop_loss_abs":0.16511,"stop_loss_ratio":-0.05,"min_rate":0.1714,"max_rate":0.17534,"is_open":false,"enter_tag":"","leverage":1.0,"is_short":false,"open_timestamp":1762160400000,"close_timestamp":1762167600000,"orders":[{"amount":1930.0,"safe_price":0.1738,"ft_order_side":"buy","order_filled_timestamp":1762160400000,"ft_is_entry":true,"ft_order_tag":"","cost":335.769434},{"amount":1930.0,"safe_price":0.17414794794794794,"ft_order_side":"sell","order_filled_timestamp":1762167600000,"ft_is_entry":false,"ft_order_tag":"roi","cost":336.441645079079}],"funding_fees":0.0,"weekday":0},{"pair":"DOGE/USDT","stake_amount":335.37109,"max_stake_amount":335.37109,"amount":1957.0,"open_date":"2025-11-03 18:00:00+00:00","close_date":"2025-11-04 05:00:00+00:00","open_rate":0.17137,"close_rate":0.16281,"fee_open":0.001,"fee_close":0.001,"trade_duration":660,"profit_ratio":-0.05184860071946493,"profit_abs":-17.40591026,"exit_reason":"stop_loss","initial_stop_loss_abs":0.16281,"initial_stop_loss_ratio":-0.05,"stop_loss_abs":0.16281,"stop_loss_ratio":-0.05,"min_rate":0.16073,"max_rate":0.1717,"is_open":false,"enter_tag":"","leverage":1.0,"is_short":false,"open_timestamp":1762192800000,"close_timestamp":1762232400000,"orders":[{"amount":1957.0,"safe_price":0.17137,"ft_order_side":"buy","order_filled_timestamp":1762192800000,"ft_is_entry":true,"ft_order_tag":"","cost":335.70646108999995},{"amount":1957.0,"safe_price":0.16281,"ft_order_side":"sell","order_filled_timestamp":1762232400000,"ft_is_entry":false,"ft_order_tag":"stop_loss","cost":318.93778917}],"funding_fees":0.0,"weekday":1},{"pair":"DOGE/USDT","stake_amount":329.658,"max_stake_amount":329.658,"amount":2004.0,"open_date":"2025-11-04 09:00:00+00:00","close_date":"2025-11-04 11:00:00+00:00","open_rate":0.1645,"close_rate":0.16536,"fee_open":0.001,"fee_close":0.001,"trade_duration":120,"profit_ratio":0.003219516046263766,"profit_abs":1.06240056,"exit_reason":"roi","initial_stop_loss_abs":0.15628,"initial_stop_loss_ratio":-0.05,"stop_loss_abs":0.15628,"stop_loss_ratio":-0.05,"min_rate":0.16364,"max_rate":0.16702,"is_open":false,"enter_tag":"","leverage":1.0,"is_short":false,"open_timestamp":1762246800000,"close_timestamp":1762254000000,"orders":[{"amount":2004.0,"safe_price":0.1645,"ft_order_side":"buy","order_filled_timestamp":1762246800000,"ft_is_entry":true,"ft_order_tag":"","cost":329.98765799999995},{"amount":2004.0,"safe_price":0.16536,"ft_order_side":"sell","order_filled_timestamp":1762254000000,"ft_is_entry":false,"ft_order_tag":"roi","cost":331.71282143999997}],"funding_fees":0.0,"weekday":1},{"pair":"DOGE/USDT","stake_amount":330.02061,"max_stake_amount":330.02061,"amount":1977.0,"open_date":"2025-11-04 15:00:00+00:00","close_date":"2025-11-04 17:00:00+00:00","open_rate":0.16693,"close_rate":0.15859,"fee_open":0.001,"fee_close":0.001,"trade_duration":120,"profit_ratio":-0.051859241220051144,"profit_abs":-17.13173304,"exit_reason":"stop_loss","initial_stop_loss_abs":0.15859,"initial_stop_loss_ratio":-0.05,"stop_loss_abs":0.15859,"stop_loss_ratio":-0.05,"min_rate":0.1562,"max_rate":0.16853,"is_open":false,"enter_tag":"","leverage":1.0,"is_short":false,"open_timestamp":1762268400000,"close_timestamp":1762275600000,"orders":[{"amount":1977.0,"safe_price":0.16693,"ft_order_side":"buy","order_filled_timestamp":1762268400000,"ft_is_entry":true,"ft_order_tag":"","cost":330.35063060999994},{"amount":1977.0,"safe_price":0.15859,"ft_order_side":"sell","order_filled_timestamp":1762275600000,"ft_is_entry":false,"ft_order_tag":"stop_loss","cost":313.84596243}],"funding_fees":0.0,"weekday":1},{"pair":"DOGE/USDT","stake_amount":324.45338,"max_stake_amount":324.45338,"amount":2042.0,"open_date":"2025-11-04 21:00:00+00:00","close_date":"2025-11-04 23:00:00+00:00","open_rate":0.15889,"close_rate":0.16344,"fee_open":0.001,"fee_close":0.001,"trade_duration":120,"profit_ratio":0.026580946273815555,"profit_abs":8.63290214,"exit_reason":"roi","initial_stop_loss_abs":0.15095,"initial_stop_loss_ratio":-0.05,"stop_loss_abs":0.15095,"stop_loss_ratio":-0.05,"min_rate":0.15159,"max_rate":0.16436,"is_open":false,"enter_tag":"","leverage":1.0,"is_short":false,"open_timestamp":1762290000000,"close_timestamp":1762297200000,"orders":[{"amount":2042.0,"safe_price":0.15889,"ft_order_side":"buy","order_filled_timestamp":1762290000000,"ft_is_entry":true,"ft_order_tag":"","cost":324.77783337999995},{"amount":2042.0,"safe_price":0.16344,"ft_order_side":"sell","order_filled_timestamp":1762297200000,"ft_is_entry":false,"ft_order_tag":"roi","cost":334.07822447999996}],"funding_fees":0.0,"weekday":1},{"pair":"DOGE/USDT","stake_amount":327.30552,"max_stake_amount":327.30552,"amount":1992.0,"open_date":"2025-11-05 03:00:00+00:00","close_date":"2025-11-05 05:00:00+00:00","open_rate":0.16431,"close_rate":0.16476,"fee_open":0.001,"fee_close":0.001,"trade_duration":120,"profit_ratio":0.0007352516025147028,"profit_abs":0.24089256,"exit_reason":"roi","initial_stop_loss_abs":0.1561,"initial_stop_loss_ratio":-0.05,"stop_loss_abs":0.1561,"stop_loss_ratio":-0.05,"min_rate":0.16313,"max_rate":0.16619,"is_open":false,"enter_tag":"","leverage":1.0,"is_short":false,"open_timestamp":1762311600000,"close_timestamp":1762318800000,"orders":[{"amount":1992.0,"safe_price":0.16431,"ft_order_side":"buy","order_filled_timestamp":1762311600000,"ft_is_entry":true,"ft_order_tag":"","cost":327.63282552},{"amount":1992.0,"safe_price":0.16476,"ft_order_side":"sell","order_filled_timestamp":1762318800000,"ft_is_entry":false,"ft_order_tag":"roi","cost":328.53012191999994}],"funding_fees":0.0,"weekday":2},{"pair":"DOGE/USDT","stake_amount":327.26836,"max_stake_amount":327.26836,"amount":1997.0,"open_date":"2025-11-05 12:00:00+00:00","close_date":"2025-11-05 14:00:00+00:00","open_rate":0.16388,"close_rate":0.16553,"fee_open":0.001,"fee_close":0.001,"trade_duration":120,"profit_ratio":0.008050224122960272,"profit_abs":2.63721823,"exit_reason":"roi","initial_stop_loss_abs":0.15569,"initial_stop_loss_ratio":-0.05,"stop_loss_abs":0.15569,"stop_loss_ratio":-0.05,"min_rate":0.163,"max_rate":0.16709,"is_open":false,"enter_tag":"","leverage":1.0,"is_short":false,"open_timestamp":1762344000000,"close_timestamp":1762351200000,"orders":[{"amount":1997.0,"safe_price":0.16388,"ft_order_side":"buy","order_filled_timestamp":1762344000000,"ft_is_entry":true,"ft_order_tag":"","cost":327.5956283599999},{"amount":1997.0,"safe_price":0.16553,"ft_order_side":"sell","order_filled_timestamp":1762351200000,"ft_is_entry":false,"ft_order_tag":"roi","cost":330.89397341}],"funding_fees":0.0,"weekday":2},{"pair":"DOGE/USDT","stake_amount":328.23645,"max_stake_amount":328.23645,"amount":2047.0,"open_date":"2025-11-06 18:00:00+00:00","close_date":"2025-11-06 20:00:00+00:00","open_rate":0.16035,"close_rate":0.16077,"fee_open":0.001,"fee_close":0.001,"trade_duration":120,"profit_ratio":0.0006160350407310183,"profit_abs":0.20240736,"exit_reason":"roi","initial_stop_loss_abs":0.15234,"initial_stop_loss_ratio":-0.05,"stop_loss_abs":0.15234,"stop_loss_ratio":-0.05,"min_rate":0.15869,"max_rate":0.16212,"is_open":false,"enter_tag":"","leverage":1.0,"is_short":false,"open_timestamp":1762452000000,"close_timestamp":1762459200000,"orders":[{"amount":2047.0,"safe_price":0.16035,"ft_order_side":"buy","order_filled_timestamp":1762452000000,"ft_is_entry":true,"ft_order_tag":"","cost":328.56468644999995},{"amount":2047.0,"safe_price":0.16077,"ft_order_side":"sell","order_filled_timestamp":1762459200000,"ft_is_entry":false,"ft_order_tag":"roi","cost":329.42528618999995}],"funding_fees":0.0,"weekday":3},{"pair":"DOGE/USDT","stake_amount":328.2277,"max_stake_amount":328.2277,"amount":2018.0,"open_date":"2025-11-14 15:00:00+00:00","close_date":"2025-11-14 17:00:00+00:00","open_rate":0.16265,"close_rate":0.16401,"fee_open":0.001,"fee_close":0.001,"trade_duration":120,"profit_ratio":0.006346804133462603,"profit_abs":2.08528012,"exit_reason":"roi","initial_stop_loss_abs":0.15452,"initial_stop_loss_ratio":-0.05,"stop_loss_abs":0.15452,"stop_loss_ratio":-0.05,"min_rate":0.1609,"max_rate":0.16477,"is_open":false,"enter_tag":"","leverage":1.0,"is_short":false,"open_timestamp":1763132400000,"close_timestamp":1763139600000,"orders":[{"amount":2018.0,"safe_price":0.16265,"ft_order_side":"buy","order_filled_timestamp":1763132400000,"ft_is_entry":true,"ft_order_tag":"","cost":328.5559276999999},{"amount":2018.0,"safe_price":0.16401,"ft_order_side":"sell","order_filled_timestamp":1763139600000,"ft_is_entry":false,"ft_order_tag":"roi","cost":331.3031521799999}],"funding_fees":0.0,"weekday":4},{"pair":"DOGE/USDT","stake_amount":328.90634,"max_stake_amount":328.90634,"amount":2014.0,"open_date":"2025-11-14 20:00:00+00:00","close_date":"2025-11-14 23:00:00+00:00","open_rate":0.16331,"close_rate":0.15515,"fee_open":0.001,"fee_close":0.001,"trade_duration":180,"profit_ratio":-0.05186449090680307,"profit_abs":-17.07561844,"exit_reason":"stop_loss","initial_stop_loss_abs":0.15515,"initial_stop_loss_ratio":-0.05,"stop_loss_abs":0.15515,"stop_loss_ratio":-0.05,"min_rate":0.15472,"max_rate":0.1634,"is_open":false,"enter_tag":"","leverage":1.0,"is_short":false,"open_timestamp":1763150400000,"close_timestamp":1763161200000,"orders":[{"amount":2014.0,"safe_price":0.16331,"ft_order_side":"buy","order_filled_timestamp":1763150400000,"ft_is_entry":true,"ft_order_tag":"","cost":329.23524633999995},{"amount":2014.0,"safe_price":0.15515,"ft_order_side":"sell","order_filled_timestamp":1763161200000,"ft_is_entry":false,"ft_order_tag":"stop_loss","cost":312.7845721}],"funding_fees":0.0,"weekday":4},{"pair":"DOGE/USDT","stake_amount":323.30247,"max_stake_amount":323.30247,"amount":2019.0,"open_date":"2025-11-15 01:00:00+00:00","close_date":"2025-11-15 03:00:00+00:00","open_rate":0.16013,"close_rate":0.1624,"fee_open":0.001,"fee_close":0.001,"trade_duration":120,"profit_ratio":0.01214965637622229,"profit_abs":3.93194193,"exit_reason":"roi","initial_stop_loss_abs":0.15213,"initial_stop_loss_ratio":-0.05,"stop_loss_abs":0.15213,"stop_loss_ratio":-0.05,"min_rate":0.15942,"max_rate":0.16307,"is_open":false,"enter_tag":"","leverage":1.0,"is_short":false,"open_timestamp":1763168400000,"close_timestamp":1763175600000,"orders":[{"amount":2019.0,"safe_price":0.16013,"ft_order_side":"buy","order_filled_timestamp":1763168400000,"ft_is_entry":true,"ft_order_tag":"","cost":323.62577246999996},{"amount":2019.0,"safe_price":0.1624,"ft_order_side":"sell","order_filled_timestamp":1763175600000,"ft_is_entry":false,"ft_order_tag":"roi","cost":328.2134855999999}],"funding_fees":0.0,"weekday":5},{"pair":"DOGE/USDT","stake_amount":324.63267,"max_stake_amount":324.63267,"amount":2337.0,"open_date":"2025-11-21 13:00:00+00:00","close_date":"2025-11-21 15:00:00+00:00","open_rate":0.13891,"close_rate":0.14133,"fee_open":0.001,"fee_close":0.001,"trade_duration":120,"profit_ratio":0.015388542060487924,"profit_abs":5.00061912,"exit_reason":"roi","initial_stop_loss_abs":0.13197,"initial_stop_loss_ratio":-0.05,"stop_loss_abs":0.13197,"stop_loss_ratio":-0.05,"min_rate":0.13746,"max_rate":0.14209,"is_open":false,"enter_tag":"","leverage":1.0,"is_short":false,"open_timestamp":1763730000000,"close_timestamp":1763737200000,"orders":[{"amount":2337.0,"safe_price":0.13891,"ft_order_side":"buy","order_filled_timestamp":1763730000000,"ft_is_entry":true,"ft_order_tag":"","cost":324.95730267},{"amount":2337.0,"safe_price":0.14133,"ft_order_side":"sell","order_filled_timestamp":1763737200000,"ft_is_entry":false,"ft_order_tag":"roi","cost":330.61849821000004}],"funding_fees":0.0,"weekday":4},{"pair":"DOGE/USDT","stake_amount":326.20458,"max_stake_amount":326.20458,"amount":2314.0,"open_date":"2025-11-21 22:00:00+00:00","close_date":"2025-11-22 01:00:00+00:00","open_rate":0.14097,"close_rate":0.14125222222222222,"fee_open":0.001,"fee_close":0.001,"trade_duration":180,"profit_ratio":0.0,"profit_abs":0.0,"exit_reason":"roi","initial_stop_loss_abs":0.13393,"initial_stop_loss_ratio":-0.05,"stop_loss_abs":0.13393,"stop_loss_ratio":-0.05,"min_rate":0.13574,"max_rate":0.14156,"is_open":false,"enter_tag":"","leverage":1.0,"is_short":false,"open_timestamp":1763762400000,"close_timestamp":1763773200000,"orders":[{"amount":2314.0,"safe_price":0.14097,"ft_order_side":"buy","order_filled_timestamp":1763762400000,"ft_is_entry":true,"ft_order_tag":"","cost":326.53078458},{"amount":2314.0,"safe_price":0.14125222222222222,"ft_order_side":"sell","order_filled_timestamp":1763773200000,"ft_is_entry":false,"ft_order_tag":"roi","cost":327.18449986444443}],"funding_fees":0.0,"weekday":5},{"pair":"DOGE/USDT","stake_amount":326.23476,"max_stake_amount":326.23476,"amount":2346.0,"open_date":"2025-11-22 07:00:00+00:00","close_date":"2025-11-22 09:00:00+00:00","open_rate":0.13906,"close_rate":0.13933839839839837,"fee_open":0.001,"fee_close":0.001,"trade_duration":120,"profit_ratio":0.0,"profit_abs":0.0,"exit_reason":"roi","initial_stop_loss_abs":0.13211,"initial_stop_loss_ratio":-0.05,"stop_loss_abs":0.13211,"stop_loss_ratio":-0.05,"min_rate":0.13549,"max_rate":0.14016,"is_open":false,"enter_tag":"","leverage":1.0,"is_short":false,"open_timestamp":1763794800000,"close_timestamp":1763802000000,"orders":[{"amount":2346.0,"safe_price":0.13906,"ft_order_side":"buy","order_filled_timestamp":1763794800000,"ft_is_entry":true,"ft_order_tag":"","cost":326.56099475999997},{"amount":2346.0,"safe_price":0.13933839839839837,"ft_order_side":"sell","order_filled_timestamp":1763802000000,"ft_is_entry":false,"ft_order_tag":"roi","cost":327.2147705252852}],"funding_fees":0.0,"weekday":5},{"pair":"DOGE/USDT","stake_amount":326.23578,"max_stake_amount":326.23578,"amount":2363.0,"open_date":"2025-11-22 10:00:00+00:00","close_date":"2025-11-22 14:00:00+00:00","open_rate":0.13806,"close_rate":0.1383363963963964,"fee_open":0.001,"fee_close":0.001,"trade_duration":240,"profit_ratio":0.0,"profit_abs":0.0,"exit_reason":"roi","initial_stop_loss_abs":0.13116,"initial_stop_loss_ratio":-0.05,"stop_loss_abs":0.13116,"stop_loss_ratio":-0.05,"min_rate":0.13563,"max_rate":0.13943,"is_open":false,"enter_tag":"","leverage":1.0,"is_short":false,"open_timestamp":1763805600000,"close_timestamp":1763820000000,"orders":[{"amount":2363.0,"safe_price":0.13806,"ft_order_side":"buy","order_filled_timestamp":1763805600000,"ft_is_entry":true,"ft_order_tag":"","cost":326.56201577999997},{"amount":2363.0,"safe_price":0.1383363963963964,"ft_order_side":"sell","order_filled_timestamp":1763820000000,"ft_is_entry":false,"ft_order_tag":"roi","cost":327.21579358936935}],"funding_fees":0.0,"weekday":5},{"pair":"DOGE/USDT","stake_amount":326.30514,"max_stake_amount":326.30514,"amount":2346.0,"open_date":"2025-11-22 15:00:00+00:00","close_date":"2025-11-22 17:00:00+00:00","open_rate":0.13909,"close_rate":0.13953,"fee_open":0.001,"fee_close":0.001,"trade_duration":120,"profit_ratio":0.0011590968525327574,"profit_abs":0.37859748,"exit_reason":"roi","initial_stop_loss_abs":0.13214,"initial_stop_loss_ratio":-0.05,"stop_loss_abs":0.13214,"stop_loss_ratio":-0.05,"min_rate":0.13729,"max_rate":0.13977,"is_open":false,"enter_tag":"","leverage":1.0,"is_short":false,"open_timestamp":1763823600000,"close_timestamp":1763830800000,"orders":[{"amount":2346.0,"safe_price":0.13909,"ft_order_side":"buy","order_filled_timestamp":1763823600000,"ft_is_entry":true,"ft_order_tag":"","cost":326.63144514},{"amount":2346.0,"safe_price":0.13953,"ft_order_side":"sell","order_filled_timestamp":1763830800000,"ft_is_entry":false,"ft_order_tag":"roi","cost":327.66471737999996}],"funding_fees":0.0,"weekday":5},{"pair":"DOGE/USDT","stake_amount":326.35813,"max_stake_amount":326.35813,"amount":2303.0,"open_date":"2025-11-23 02:00:00+00:00","close_date":"2025-11-23 04:00:00+00:00","open_rate":0.14171,"close_rate":0.14289,"fee_open":0.001,"fee_close":0.001,"trade_duration":120,"profit_ratio":0.006312225633374459,"profit_abs":2.0621062,"exit_reason":"roi","initial_stop_loss_abs":0.13463,"initial_stop_loss_ratio":-0.05,"stop_loss_abs":0.13463,"stop_loss_ratio":-0.05,"min_rate":0.14124,"max_rate":0.1447,"is_open":false,"enter_tag":"","leverage":1.0,"is_short":false,"open_timestamp":1763863200000,"close_timestamp":1763870400000,"orders":[{"amount":2303.0,"safe_price":0.14171,"ft_order_side":"buy","order_filled_timestamp":1763863200000,"ft_is_entry":true,"ft_order_tag":"","cost":326.68448813},{"amount":2303.0,"safe_price":0.14289,"ft_order_side":"sell","order_filled_timestamp":1763870400000,"ft_is_entry":false,"ft_order_tag":"roi","cost":329.40474566999995}],"funding_fees":0.0,"weekday":6},{"pair":"DOGE/USDT","stake_amount":327.04229,"max_stake_amount":327.04229,"amount":2231.0,"open_date":"2025-11-23 20:00:00+00:00","close_date":"2025-11-23 22:00:00+00:00","open_rate":0.14659,"close_rate":0.14705,"fee_open":0.001,"fee_close":0.001,"trade_duration":120,"profit_ratio":0.0011337322204366341,"profit_abs":0.37114916,"exit_reason":"roi","initial_stop_loss_abs":0.13927,"initial_stop_loss_ratio":-0.05,"stop_loss_abs":0.13927,"stop_loss_ratio":-0.05,"min_rate":0.14579,"max_rate":0.14754,"is_open":false,"enter_tag":"","leverage":1.0,"is_short":false,"open_timestamp":1763928000000,"close_timestamp":1763935200000,"orders":[{"amount":2231.0,"safe_price":0.14659,"ft_order_side":"buy","order_filled_timestamp":1763928000000,"ft_is_entry":true,"ft_order_tag":"","cost":327.36933228999993},{"amount":2231.0,"safe_price":0.14705,"ft_order_side":"sell","order_filled_timestamp":1763935200000,"ft_is_entry":false,"ft_order_tag":"roi","cost":328.3966185499999}],"funding_fees":0.0,"weekday":6},{"pair":"DOGE/USDT","stake_amount":327.16832,"max_stake_amount":327.16832,"amount":2386.0,"open_date":"2025-12-01 06:00:00+00:00","close_date":"2025-12-01 08:00:00+00:00","open_rate":0.13712,"close_rate":0.13774,"fee_open":0.001,"fee_close":0.001,"trade_duration":120,"profit_ratio":0.0025145507934306068,"profit_abs":0.82350404,"exit_reason":"roi","initial_stop_loss_abs":0.13027,"initial_stop_loss_ratio":-0.05,"stop_loss_abs":0.13027,"stop_loss_ratio":-0.05,"min_rate":0.13655,"max_rate":0.13824,"is_open":false,"enter_tag":"","leverage":1.0,"is_short":false,"open_timestamp":1764568800000,"close_timestamp":1764576000000,"orders":[{"amount":2386.0,"safe_price":0.13712,"ft_order_side":"buy","order_filled_timestamp":1764568800000,"ft_is_entry":true,"ft_order_tag":"","cost":327.49548831999994},{"amount":2386.0,"safe_price":0.13774,"ft_order_side":"sell","order_filled_timestamp":1764576000000,"ft_is_entry":false,"ft_order_tag":"roi","cost":328.97628764}],"funding_fees":0.0,"weekday":0},{"pair":"DOGE/USDT","stake_amount":327.53952,"max_stake_amount":327.53952,"amount":2464.0,"open_date":"2025-12-01 18:00:00+00:00","close_date":"2025-12-01 20:00:00+00:00","open_rate":0.13293,"close_rate":0.13327,"fee_open":0.001,"fee_close":0.001,"trade_duration":120,"profit_ratio":0.0005546247929457137,"profit_abs":0.1818432,"exit_reason":"roi","initial_stop_loss_abs":0.12629,"initial_stop_loss_ratio":-0.05,"stop_loss_abs":0.12629,"stop_loss_ratio":-0.05,"min_rate":0.13262,"max_rate":0.13493,"is_open":false,"enter_tag":"","leverage":1.0,"is_short":false,"open_timestamp":1764612000000,"close_timestamp":1764619200000,"orders":[{"amount":2464.0,"safe_price":0.13293,"ft_order_side":"buy","order_filled_timestamp":1764612000000,"ft_is_entry":true,"ft_order_tag":"","cost":327.86705951999994},{"amount":2464.0,"safe_price":0.13327,"ft_order_side":"sell","order_filled_timestamp":1764619200000,"ft_is_entry":false,"ft_order_tag":"roi","cost":328.70565727999997}],"funding_fees":0.0,"weekday":0},{"pair":"DOGE/USDT","stake_amount":327.474,"max_stake_amount":327.474,"amount":2415.0,"open_date":"2025-12-02 10:00:00+00:00","close_date":"2025-12-02 12:00:00+00:00","open_rate":0.1356,"close_rate":0.137,"fee_open":0.001,"fee_close":0.001,"trade_duration":120,"profit_ratio":0.008305853438596801,"profit_abs":2.722671,"exit_reason":"roi","initial_stop_loss_abs":0.12882,"initial_stop_loss_ratio":-0.05,"stop_loss_abs":0.12882,"stop_loss_ratio":-0.05,"min_rate":0.1355,"max_rate":0.13758,"is_open":false,"enter_tag":"","leverage":1.0,"is_short":false,"open_timestamp":1764669600000,"close_timestamp":1764676800000,"orders":[{"amount":2415.0,"safe_price":0.1356,"ft_order_side":"buy","order_filled_timestamp":1764669600000,"ft_is_entry":true,"ft_order_tag":"","cost":327.8014739999999},{"amount":2415.0,"safe_price":0.137,"ft_order_side":"sell","order_filled_timestamp":1764676800000,"ft_is_entry":false,"ft_order_tag":"roi","cost":331.185855}],"funding_fees":0.0,"weekday":1},{"pair":"DOGE/USDT","stake_amount":328.46,"max_stake_amount":328.46,"amount":2200.0,"open_date":"2025-12-03 05:00:00+00:00","close_date":"2025-12-03 07:00:00+00:00","open_rate":0.1493,"close_rate":0.15053,"fee_open":0.001,"fee_close":0.001,"trade_duration":120,"profit_ratio":0.006223983651980973,"profit_abs":2.046374,"exit_reason":"roi","initial_stop_loss_abs":0.14184,"initial_stop_loss_ratio":-0.05,"stop_loss_abs":0.14184,"stop_loss_ratio":-0.05,"min_rate":0.1493,"max_rate":0.15206,"is_open":false,"enter_tag":"","leverage":1.0,"is_short":false,"open_timestamp":1764738000000,"close_timestamp":1764745200000,"orders":[{"amount":2200.0,"safe_price":0.1493,"ft_order_side":"buy","order_filled_timestamp":1764738000000,"ft_is_entry":true,"ft_order_tag":"","cost":328.78845999999993},{"amount":2200.0,"safe_price":0.15053,"ft_order_side":"sell","order_filled_timestamp":1764745200000,"ft_is_entry":false,"ft_order_tag":"roi","cost":331.49716599999994}],"funding_fees":0.0,"weekday":2},{"pair":"DOGE/USDT","stake_amount":329.05664,"max_stake_amount":329.05664,"amount":2174.0,"open_date":"2025-12-03 18:00:00+00:00","close_date":"2025-12-03 21:00:00+00:00","open_rate":0.15136,"close_rate":0.151663023023023,"fee_open":0.001,"fee_close":0.001,"trade_duration":180,"profit_ratio":0.0,"profit_abs":0.0,"exit_reason":"roi","initial_stop_loss_abs":0.1438,"initial_stop_loss_ratio":-0.05,"stop_loss_abs":0.1438,"stop_loss_ratio":-0.05,"min_rate":0.15014,"max_rate":0.15242,"is_open":false,"enter_tag":"","leverage":1.0,"is_short":false,"open_timestamp":1764784800000,"close_timestamp":1764795600000,"orders":[{"amount":2174.0,"safe_price":0.15136,"ft_order_side":"buy","order_filled_timestamp":1764784800000,"ft_is_entry":true,"ft_order_tag":"","cost":329.38569664},{"amount":2174.0,"safe_price":0.151663023023023,"ft_order_side":"sell","order_filled_timestamp":1764795600000,"ft_is_entry":false,"ft_order_tag":"roi","cost":330.04512746410404}],"funding_fees":0.0,"weekday":2},{"pair":"DOGE/USDT","stake_amount":329.09964,"max_stake_amount":329.09964,"amount":2162.0,"open_date":"2025-12-03 22:00:00+00:00","close_date":"2025-12-04 01:00:00+00:00","open_rate":0.15222,"close_rate":0.15252474474474473,"fee_open":0.001,"fee_close":0.001,"trade_duration":180,"profit_ratio":0.0,"profit_abs":0.0,"exit_reason":"roi","initial_stop_loss_abs":0.14461,"initial_stop_loss_ratio":-0.05,"stop_loss_abs":0.14461,"stop_loss_ratio":-0.05,"min_rate":0.15068,"max_rate":0.1534,"is_open":false,"enter_tag":"","leverage":1.0,"is_short":false,"open_timestamp":1764799200000,"close_timestamp":1764810000000,"orders":[{"amount":2162.0,"safe_price":0.15222,"ft_order_side":"buy","order_filled_timestamp":1764799200000,"ft_is_entry":true,"ft_order_tag":"","cost":329.42873963999995},{"amount":2162.0,"safe_price":0.15252474474474473,"ft_order_side":"sell","order_filled_timestamp":1764810000000,"ft_is_entry":false,"ft_order_tag":"roi","cost":330.08825663627624}],"funding_fees":0.0,"weekday":3},{"pair":"DOGE/USDT","stake_amount":329.05784,"max_stake_amount":329.05784,"amount":2164.0,"open_date":"2025-12-04 03:00:00+00:00","close_date":"2025-12-05 09:00:00+00:00","open_rate":0.15206,"close_rate":0.14446,"fee_open":0.001,"fee_close":0.001,"trade_duration":1800,"profit_ratio":-0.05187841226247118,"profit_abs":-17.08806928,"exit_reason":"stop_loss","initial_stop_loss_abs":0.14446,"initial_stop_loss_ratio":-0.05,"stop_loss_abs":0.14446,"stop_loss_ratio":-0.05,"min_rate":0.14409,"max_rate":0.15229,"is_open":false,"enter_tag":"","leverage":1.0,"is_short":false,"open_timestamp":1764817200000,"close_timestamp":1764925200000,"orders":[{"amount":2164.0,"safe_price":0.15206,"ft_order_side":"buy","order_filled_timestamp":1764817200000,"ft_is_entry":true,"ft_order_tag":"","cost":329.38689783999996},{"amount":2164.0,"safe_price":0.14446,"ft_order_side":"sell","order_filled_timestamp":1764925200000,"ft_is_entry":false,"ft_order_tag":"stop_loss","cost":312.92405143999997}],"funding_fees":0.0,"weekday":4},{"pair":"DOGE/USDT","stake_amount":323.49954,"max_stake_amount":323.49954,"amount":2327.0,"open_date":"2025-12-05 20:00:00+00:00","close_date":"2025-12-05 22:00:00+00:00","open_rate":0.13902,"close_rate":0.13929831831831832,"fee_open":0.001,"fee_close":0.001,"trade_duration":120,"profit_ratio":0.0,"profit_abs":0.0,"exit_reason":"roi","initial_stop_loss_abs":0.13207,"initial_stop_loss_ratio":-0.05,"stop_loss_abs":0.13207,"stop_loss_ratio":-0.05,"min_rate":0.13803,"max_rate":0.13944,"is_open":false,"enter_tag":"","leverage":1.0,"is_short":false,"open_timestamp":1764964800000,"close_timestamp":1764972000000,"orders":[{"amount":2327.0,"safe_price":0.13902,"ft_order_side":"buy","order_filled_timestamp":1764964800000,"ft_is_entry":true,"ft_order_tag":"","cost":323.82303953999997},{"amount":2327.0,"safe_price":0.13929831831831832,"ft_order_side":"sell","order_filled_timestamp":1764972000000,"ft_is_entry":false,"ft_order_tag":"roi","cost":324.4713339134534}],"funding_fees":0.0,"weekday":4},{"pair":"DOGE/USDT","stake_amount":323.5008,"max_stake_amount":323.5008,"amount":2324.0,"open_date":"2025-12-06 10:00:00+00:00","close_date":"2025-12-06 12:00:00+00:00","open_rate":0.1392,"close_rate":0.13968,"fee_open":0.001,"fee_close":0.001,"trade_duration":120,"profit_ratio":0.0014433842020048918,"profit_abs":0.46740288,"exit_reason":"roi","initial_stop_loss_abs":0.13224,"initial_stop_loss_ratio":-0.05,"stop_loss_abs":0.13224,"stop_loss_ratio":-0.05,"min_rate":0.13897,"max_rate":0.13992,"is_open":false,"enter_tag":"","leverage":1.0,"is_short":false,"open_timestamp":1765015200000,"close_timestamp":1765022400000,"orders":[{"amount":2324.0,"safe_price":0.1392,"ft_order_side":"buy","order_filled_timestamp":1765015200000,"ft_is_entry":true,"ft_order_tag":"","cost":323.82430079999995},{"amount":2324.0,"safe_price":0.13968,"ft_order_side":"sell","order_filled_timestamp":1765022400000,"ft_is_entry":false,"ft_order_tag":"roi","cost":324.94093631999993}],"funding_fees":0.0,"weekday":5},{"pair":"DOGE/USDT","stake_amount":323.61468,"max_stake_amount":323.61468,"amount":2316.0,"open_date":"2025-12-06 21:00:00+00:00","close_date":"2025-12-07 00:00:00+00:00","open_rate":0.13973,"close_rate":0.1400097397397397,"fee_open":0.001,"fee_close":0.001,"trade_duration":180,"profit_ratio":0.0,"profit_abs":0.0,"exit_reason":"roi","initial_stop_loss_abs":0.13275,"initial_stop_loss_ratio":-0.05,"stop_loss_abs":0.13275,"stop_loss_ratio":-0.05,"min_rate":0.13906,"max_rate":0.1405,"is_open":false,"enter_tag":"","leverage":1.0,"is_short":false,"open_timestamp":1765054800000,"close_timestamp":1765065600000,"orders":[{"amount":2316.0,"safe_price":0.13973,"ft_order_side":"buy","order_filled_timestamp":1765054800000,"ft_is_entry":true,"ft_order_tag":"","cost":323.93829467999996},{"amount":2316.0,"safe_price":0.1400097397397397,"ft_order_side":"sell","order_filled_timestamp":1765065600000,"ft_is_entry":false,"ft_order_tag":"roi","cost":324.58681979447437}],"funding_fees":0.0,"weekday":6},{"pair":"DOGE/USDT","stake_amount":323.64,"max_stake_amount":323.64,"amount":2400.0,"open_date":"2025-12-14 19:00:00+00:00","close_date":"2025-12-15 00:00:00+00:00","open_rate":0.13485,"close_rate":0.13511996996996997,"fee_open":0.001,"fee_close":0.001,"trade_duration":300,"profit_ratio":0.0,"profit_abs":0.0,"exit_reason":"roi","initial_stop_loss_abs":0.12811,"initial_stop_loss_ratio":-0.05,"stop_loss_abs":0.12811,"stop_loss_ratio":-0.05,"min_rate":0.13261,"max_rate":0.1353,"is_open":false,"enter_tag":"","leverage":1.0,"is_short":false,"open_timestamp":1765738800000,"close_timestamp":1765756800000,"orders":[{"amount":2400.0,"safe_price":0.13485,"ft_order_side":"buy","order_filled_timestamp":1765738800000,"ft_is_entry":true,"ft_order_tag":"","cost":323.96363999999994},{"amount":2400.0,"safe_price":0.13511996996996997,"ft_order_side":"sell","order_filled_timestamp":1765756800000,"ft_is_entry":false,"ft_order_tag":"roi","cost":324.6122158558558}],"funding_fees":0.0,"weekday":0},{"pair":"DOGE/USDT","stake_amount":323.6712,"max_stake_amount":323.6712,"amount":2512.0,"open_date":"2025-12-15 22:00:00+00:00","close_date":"2025-12-16 00:00:00+00:00","open_rate":0.12885,"close_rate":0.12975,"fee_open":0.001,"fee_close":0.001,"trade_duration":120,"profit_ratio":0.004972908348926976,"profit_abs":1.6111968,"exit_reason":"roi","initial_stop_loss_abs":0.12241,"initial_stop_loss_ratio":-0.05,"stop_loss_abs":0.12241,"stop_loss_ratio":-0.05,"min_rate":0.12824,"max_rate":0.13014,"is_open":false,"enter_tag":"","leverage":1.0,"is_short":false,"open_timestamp":1765836000000,"close_timestamp":1765843200000,"orders":[{"amount":2512.0,"safe_price":0.12885,"ft_order_side":"buy","order_filled_timestamp":1765836000000,"ft_is_entry":true,"ft_order_tag":"","cost":323.9948712},{"amount":2512.0,"safe_price":0.12975,"ft_order_side":"sell","order_filled_timestamp":1765843200000,"ft_is_entry":false,"ft_order_tag":"roi","cost":326.257932}],"funding_fees":0.0,"weekday":1},{"pair":"DOGE/USDT","stake_amount":324.14492,"max_stake_amount":324.14492,"amount":2519.0,"open_date":"2025-12-16 09:00:00+00:00","close_date":"2025-12-16 11:00:00+00:00","open_rate":0.12868,"close_rate":0.13087,"fee_open":0.001,"fee_close":0.001,"trade_duration":120,"profit_ratio":0.014986955848006515,"profit_abs":4.86280355,"exit_reason":"roi","initial_stop_loss_abs":0.12225,"initial_stop_loss_ratio":-0.05,"stop_loss_abs":0.12225,"stop_loss_ratio":-0.05,"min_rate":0.12867,"max_rate":0.13205,"is_open":false,"enter_tag":"","leverage":1.0,"is_short":false,"open_timestamp":1765875600000,"close_timestamp":1765882800000,"orders":[{"amount":2519.0,"safe_price":0.12868,"ft_order_side":"buy","order_filled_timestamp":1765875600000,"ft_is_entry":true,"ft_order_tag":"","cost":324.46906491999994},{"amount":2519.0,"safe_price":0.13087,"ft_order_side":"sell","order_filled_timestamp":1765882800000,"ft_is_entry":false,"ft_order_tag":"roi","cost":329.9911915299999}],"funding_fees":0.0,"weekday":1},{"pair":"DOGE/USDT","stake_amount":325.73517,"max_stake_amount":325.73517,"amount":2469.0,"open_date":"2025-12-20 09:00:00+00:00","close_date":"2025-12-20 14:00:00+00:00","open_rate":0.13193,"close_rate":0.1321941241241241,"fee_open":0.001,"fee_close":0.001,"trade_duration":300,"profit_ratio":0.0,"profit_abs":0.0,"exit_reason":"roi","initial_stop_loss_abs":0.12534,"initial_stop_loss_ratio":-0.05,"stop_loss_abs":0.12534,"stop_loss_ratio":-0.05,"min_rate":0.13122,"max_rate":0.13251,"is_open":false,"enter_tag":"","leverage":1.0,"is_short":false,"open_timestamp":1766221200000,"close_timestamp":1766239200000,"orders":[{"amount":2469.0,"safe_price":0.13193,"ft_order_side":"buy","order_filled_timestamp":1766221200000,"ft_is_entry":true,"ft_order_tag":"","cost":326.06090516999996},{"amount":2469.0,"safe_price":0.1321941241241241,"ft_order_side":"sell","order_filled_timestamp":1766239200000,"ft_is_entry":false,"ft_order_tag":"roi","cost":326.7136797549248}],"funding_fees":0.0,"weekday":5},{"pair":"DOGE/USDT","stake_amount":325.80564,"max_stake_amount":325.80564,"amount":2463.0,"open_date":"2025-12-20 15:00:00+00:00","close_date":"2025-12-21 08:00:00+00:00","open_rate":0.13228,"close_rate":0.13254482482482483,"fee_open":0.001,"fee_close":0.001,"trade_duration":1020,"profit_ratio":0.0,"profit_abs":0.0,"exit_reason":"roi","initial_stop_loss_abs":0.12567,"initial_stop_loss_ratio":-0.05,"stop_loss_abs":0.12567,"stop_loss_ratio":-0.05,"min_rate":0.13049,"max_rate":0.13307,"is_open":false,"enter_tag":"","leverage":1.0,"is_short":false,"open_timestamp":1766242800000,"close_timestamp":1766304000000,"orders":[{"amount":2463.0,"safe_price":0.13228,"ft_order_side":"buy","order_filled_timestamp":1766242800000,"ft_is_entry":true,"ft_order_tag":"","cost":326.13144564},{"amount":2463.0,"safe_price":0.13254482482482483,"ft_order_side":"sell","order_filled_timestamp":1766304000000,"ft_is_entry":false,"ft_order_tag":"roi","cost":326.784361447087}],"funding_fees":0.0,"weekday":6},{"pair":"DOGE/USDT","stake_amount":325.8118,"max_stake_amount":325.8118,"amount":2426.0,"open_date":"2025-12-22 19:00:00+00:00","close_date":"2025-12-24 03:00:00+00:00","open_rate":0.1343,"close_rate":0.12759,"fee_open":0.001,"fee_close":0.001,"trade_duration":1920,"profit_ratio":-0.051860946201973755,"profit_abs":-16.91380514,"exit_reason":"stop_loss","initial_stop_loss_abs":0.12759,"initial_stop_loss_ratio":-0.05,"stop_loss_abs":0.12759,"stop_loss_ratio":-0.05,"min_rate":0.12751,"max_rate":0.13439,"is_open":false,"enter_tag":"","leverage":1.0,"is_short":false,"open_timestamp":1766430000000,"close_timestamp":1766545200000,"orders":[{"amount":2426.0,"safe_price":0.1343,"ft_order_side":"buy","order_filled_timestamp":1766430000000,"ft_is_entry":true,"ft_order_tag":"","cost":326.13761179999995},{"amount":2426.0,"safe_price":0.12759,"ft_order_side":"sell","order_filled_timestamp":1766545200000,"ft_is_entry":false,"ft_order_tag":"stop_loss","cost":309.84287334}],"funding_fees":0.0,"weekday":2},{"pair":"DOGE/USDT","stake_amount":320.1875,"max_stake_amount":320.1875,"amount":2725.0,"open_date":"2025-12-31 22:00:00+00:00","close_date":"2026-01-01 00:00:00+00:00","open_rate":0.1175,"close_rate":0.11773523523523523,"fee_open":0.001,"fee_close":0.001,"trade_duration":120,"profit_ratio":0.0,"profit_abs":0.0,"exit_reason":"roi","initial_stop_loss_abs":0.11163,"initial_stop_loss_ratio":-0.05,"stop_loss_abs":0.11163,"stop_loss_ratio":-0.05,"min_rate":0.11707,"max_rate":0.11798,"is_open":false,"enter_tag":"","leverage":1.0,"is_short":false,"open_timestamp":1767218400000,"close_timestamp":1767225600000,"orders":[{"amount":2725.0,"safe_price":0.1175,"ft_order_side":"buy","order_filled_timestamp":1767218400000,"ft_is_entry":true,"ft_order_tag":"","cost":320.5076875},{"amount":2725.0,"safe_price":0.11773523523523523,"ft_order_side":"sell","order_filled_timestamp":1767225600000,"ft_is_entry":false,"ft_order_tag":"roi","cost":321.149344532032}],"funding_fees":0.0,"weekday":3},{"pair":"DOGE/USDT","stake_amount":320.13096,"max_stake_amount":320.13096,"amount":2488.0,"open_date":"2026-01-02 04:00:00+00:00","close_date":"2026-01-02 08:00:00+00:00","open_rate":0.12867,"close_rate":0.12892759759759762,"fee_open":0.001,"fee_close":0.001,"trade_duration":240,"profit_ratio":0.0,"profit_abs":0.0,"exit_reason":"roi","initial_stop_loss_abs":0.12224,"initial_stop_loss_ratio":-0.05,"stop_loss_abs":0.12224,"stop_loss_ratio":-0.05,"min_rate":0.1275,"max_rate":0.1291,"is_open":false,"enter_tag":"","leverage":1.0,"is_short":false,"open_timestamp":1767326400000,"close_timestamp":1767340800000,"orders":[{"amount":2488.0,"safe_price":0.12867,"ft_order_side":"buy","order_filled_timestamp":1767326400000,"ft_is_entry":true,"ft_order_tag":"","cost":320.45109096},{"amount":2488.0,"safe_price":0.12892759759759762,"ft_order_side":"sell","order_filled_timestamp":1767340800000,"ft_is_entry":false,"ft_order_tag":"roi","cost":321.09263468564563}],"funding_fees":0.0,"weekday":4},{"pair":"DOGE/USDT","stake_amount":320.24124,"max_stake_amount":320.24124,"amount":2412.0,"open_date":"2026-01-02 10:00:00+00:00","close_date":"2026-01-02 14:00:00+00:00","open_rate":0.13277,"close_rate":0.1330358058058058,"fee_open":0.001,"fee_close":0.001,"trade_duration":240,"profit_ratio":0.0,"profit_abs":0.0,"exit_reason":"roi","initial_stop_loss_abs":0.12614,"initial_stop_loss_ratio":-0.05,"stop_loss_abs":0.12614,"stop_loss_ratio":-0.05,"min_rate":0.12852,"max_rate":0.13542,"is_open":false,"enter_tag":"","leverage":1.0,"is_short":false,"open_timestamp":1767348000000,"close_timestamp":1767362400000,"orders":[{"amount":2412.0,"safe_price":0.13277,"ft_order_side":"buy","order_filled_timestamp":1767348000000,"ft_is_entry":true,"ft_order_tag":"","cost":320.56148124},{"amount":2412.0,"safe_price":0.1330358058058058,"ft_order_side":"sell","order_filled_timestamp":1767362400000,"ft_is_entry":false,"ft_order_tag":"roi","cost":321.2032459672071}],"funding_fees":0.0,"weekday":4},{"pair":"DOGE/USDT","stake_amount":320.19767,"max_stake_amount":320.19767,"amount":2389.0,"open_date":"2026-01-02 15:00:00+00:00","close_date":"2026-01-02 17:00:00+00:00","open_rate":0.13403,"close_rate":0.13837,"fee_open":0.001,"fee_close":0.001,"trade_duration":120,"profit_ratio":0.030318111344747174,"profit_abs":9.7174964,"exit_reason":"roi","initial_stop_loss_abs":0.12733,"initial_stop_loss_ratio":-0.05,"stop_loss_abs":0.12733,"stop_loss_ratio":-0.05,"min_rate":0.13309,"max_rate":0.13982,"is_open":false,"enter_tag":"","leverage":1.0,"is_short":false,"open_timestamp":1767366000000,"close_timestamp":1767373200000,"orders":[{"amount":2389.0,"safe_price":0.13403,"ft_order_side":"buy","order_filled_timestamp":1767366000000,"ft_is_entry":true,"ft_order_tag":"","cost":320.51786767},{"amount":2389.0,"safe_price":0.13837,"ft_order_side":"sell","order_filled_timestamp":1767373200000,"ft_is_entry":false,"ft_order_tag":"roi","cost":330.89649592999996}],"funding_fees":0.0,"weekday":4},{"pair":"DOGE/USDT","stake_amount":323.43168,"max_stake_amount":323.43168,"amount":2288.0,"open_date":"2026-01-02 22:00:00+00:00","close_date":"2026-01-03 00:00:00+00:00","open_rate":0.14136,"close_rate":0.14187,"fee_open":0.001,"fee_close":0.001,"trade_duration":120,"profit_ratio":0.0016025994379135296,"profit_abs":0.51884976,"exit_reason":"roi","initial_stop_loss_abs":0.1343,"initial_stop_loss_ratio":-0.05,"stop_loss_abs":0.1343,"stop_loss_ratio":-0.05,"min_rate":0.14125,"max_rate":0.14498,"is_open":false,"enter_tag":"","leverage":1.0,"is_short":false,"open_timestamp":1767391200000,"close_timestamp":1767398400000,"orders":[{"amount":2288.0,"safe_price":0.14136,"ft_order_side":"buy","order_filled_timestamp":1767391200000,"ft_is_entry":true,"ft_order_tag":"","cost":323.75511167999997},{"amount":2288.0,"safe_price":0.14187,"ft_order_side":"sell","order_filled_timestamp":1767398400000,"ft_is_entry":false,"ft_order_tag":"roi","cost":324.92315855999993}],"funding_fees":0.0,"weekday":5},{"pair":"DOGE/USDT","stake_amount":323.61294,"max_stake_amount":323.61294,"amount":2274.0,"open_date":"2026-01-03 21:00:00+00:00","close_date":"2026-01-03 23:00:00+00:00","open_rate":0.14231,"close_rate":0.14275,"fee_open":0.001,"fee_close":0.001,"trade_duration":120,"profit_ratio":0.0010876622499136727,"profit_abs":0.35233356,"exit_reason":"roi","initial_stop_loss_abs":0.1352,"initial_stop_loss_ratio":-0.05,"stop_loss_abs":0.1352,"stop_loss_ratio":-0.05,"min_rate":0.14207,"max_rate":0.14372,"is_open":false,"enter_tag":"","leverage":1.0,"is_short":false,"open_timestamp":1767474000000,"close_timestamp":1767481200000,"orders":[{"amount":2274.0,"safe_price":0.14231,"ft_order_side":"buy","order_filled_timestamp":1767474000000,"ft_is_entry":true,"ft_order_tag":"","cost":323.93655293999996},{"amount":2274.0,"safe_price":0.14275,"ft_order_side":"sell","order_filled_timestamp":1767481200000,"ft_is_entry":false,"ft_order_tag":"roi","cost":324.93811349999993}],"funding_fees":0.0,"weekday":5},{"pair":"DOGE/USDT","stake_amount":323.66097,"max_stake_amount":323.66097,"amount":2151.0,"open_date":"2026-01-05 01:00:00+00:00","close_date":"2026-01-05 03:00:00+00:00","open_rate":0.15047,"close_rate":0.1519,"fee_open":0.001,"fee_close":0.001,"trade_duration":120,"profit_ratio":0.00748656540508737,"profit_abs":2.42553213,"exit_reason":"roi","initial_stop_loss_abs":0.14295,"initial_stop_loss_ratio":-0.05,"stop_loss_abs":0.14295,"stop_loss_ratio":-0.05,"min_rate":0.15004,"max_rate":0.15248,"is_open":false,"enter_tag":"","leverage":1.0,"is_short":false,"open_timestamp":1767574800000,"close_timestamp":1767582000000,"orders":[{"amount":2151.0,"safe_price":0.15047,"ft_order_side":"buy","order_filled_timestamp":1767574800000,"ft_is_entry":true,"ft_order_tag":"","cost":323.98463096999996},{"amount":2151.0,"safe_price":0.1519,"ft_order_side":"sell","order_filled_timestamp":1767582000000,"ft_is_entry":false,"ft_order_tag":"roi","cost":327.06363689999995}],"funding_fees":0.0,"weekday":0},{"pair":"DOGE/USDT","stake_amount":324.47547,"max_stake_amount":324.47547,"amount":2189.0,"open_date":"2026-01-05 15:00:00+00:00","close_date":"2026-01-05 17:00:00+00:00","open_rate":0.14823,"close_rate":0.15047,"fee_open":0.001,"fee_close":0.001,"trade_duration":120,"profit_ratio":0.013083455706406526,"profit_abs":4.2495057,"exit_reason":"roi","initial_stop_loss_abs":0.14082,"initial_stop_loss_ratio":-0.05,"stop_loss_abs":0.14082,"stop_loss_ratio":-0.05,"min_rate":0.14648,"max_rate":0.15386,"is_open":false,"enter_tag":"","leverage":1.0,"is_short":false,"open_timestamp":1767625200000,"close_timestamp":1767632400000,"orders":[{"amount":2189.0,"safe_price":0.14823,"ft_order_side":"buy","order_filled_timestamp":1767625200000,"ft_is_entry":true,"ft_order_tag":"","cost":324.79994547},{"amount":2189.0,"safe_price":0.15047,"ft_order_side":"sell","order_filled_timestamp":1767632400000,"ft_is_entry":false,"ft_order_tag":"roi","cost":329.70820882999993}],"funding_fees":0.0,"weekday":0}],"locks":[],"best_pair":{"key":"DOGE/USDT","trades":65,"profit_mean":-0.0005063967597038695,"profit_mean_pct":-0.05,"profit_total_abs":-12.287891469999998,"profit_total":-0.012287891469999998,"profit_total_pct":-1.23,"duration_avg":"4:11:00","wins":32,"draws":24,"losses":9,"winrate":0.49230769230769234,"cagr":-0.045458706073115196,"expectancy":-0.18904448415384612,"expectancy_ratio":-0.3829923729987138,"sortino":-0.3604907818916053,"sharpe":-0.35441905031266135,"calmar":-3.5026060871151654,"sqn":-0.2215,"profit_factor":0.9006106394537338,"max_drawdown_account":0.06909725056120582,"max_drawdown_abs":72.03256803},"worst_pair":{"key":"DOGE/USDT","trades":65,"profit_mean":-0.0005063967597038695,"profit_mean_pct":-0.05,"profit_total_abs":-12.287891469999998,"profit_total":-0.012287891469999998,"profit_total_pct":-1.23,"duration_avg":"4:11:00","wins":32,"draws":24,"losses":9,"winrate":0.49230769230769234,"cagr":-0.045458706073115196,"expectancy":-0.18904448415384612,"expectancy_ratio":-0.3829923729987138,"sortino":-0.3604907818916053,"sharpe":-0.35441905031266135,"calmar":-3.5026060871151654,"sqn":-0.2215,"profit_factor":0.9006106394537338,"max_drawdown_account":0.06909725056120582,"max_drawdown_abs":72.03256803},"results_per_pair":[{"key":"DOGE/USDT","trades":65,"profit_mean":-0.0005063967597038695,"profit_mean_pct":-0.05,"profit_total_abs":-12.287891469999998,"profit_total":-0.012287891469999998,"profit_total_pct":-1.23,"duration_avg":"4:11:00","wins":32,"draws":24,"losses":9,"winrate":0.49230769230769234,"cagr":-0.045458706073115196,"expectancy":-0.18904448415384612,"expectancy_ratio":-0.3829923729987138,"sortino":-0.3604907818916053,"sharpe":-0.35441905031266135,"calmar":-3.5026060871151654,"sqn":-0.2215,"profit_factor":0.9006106394537338,"max_drawdown_account":0.06909725056120582,"max_drawdown_abs":72.03256803},{"key":"TOTAL","trades":65,"profit_mean":-0.0005063967597038695,"profit_mean_pct":-0.05,"profit_total_abs":-12.287891469999998,"profit_total":-0.012287891469999998,"profit_total_pct":-1.23,"duration_avg":"4:11:00","wins":32,"draws":24,"losses":9,"winrate":0.49230769230769234,"cagr":-0.045458706073115196,"expectancy":-0.18904448415384612,"expectancy_ratio":-0.3829923729987138,"sortino":-0.3604907818916053,"sharpe":-0.35441905031266135,"calmar":-3.5026060871151654,"sqn":-0.2215,"profit_factor":0.9006106394537338,"max_drawdown_account":0.06909725056120582,"max_drawdown_abs":72.03256803}],"results_per_enter_tag":[{"key":"","trades":65,"profit_mean":-0.0005063967597038695,"profit_mean_pct":-0.05,"profit_total_abs":-12.287891469999998,"profit_total":-0.012287891469999998,"profit_total_pct":-1.23,"duration_avg":"4:11:00","wins":32,"draws":24,"losses":9,"winrate":0.49230769230769234,"cagr":-0.045458706073115196,"expectancy":-0.18904448415384612,"expectancy_ratio":-0.3829923729987138,"sortino":-0.3604907818916053,"sharpe":-0.35441905031266135,"calmar":-3.5026060871151654,"sqn":-0.2215,"profit_factor":0.9006106394537338,"max_drawdown_account":0.06909725056120582,"max_drawdown_abs":72.03256803},{"key":"TOTAL","trades":65,"profit_mean":-0.0005063967597038695,"profit_mean_pct":-0.05,"profit_total_abs":-12.287891469999998,"profit_total":-0.012287891469999998,"profit_total_pct":-1.23,"duration_avg":"4:11:00","wins":32,"draws":24,"losses":9,"winrate":0.49230769230769234,"cagr":-0.045458706073115196,"expectancy":-0.18904448415384612,"expectancy_ratio":-0.3829923729987138,"sortino":-0.3604907818916053,"sharpe":-0.35441905031266135,"calmar":-3.5026060871151654,"sqn":-0.2215,"profit_factor":0.9006106394537338,"max_drawdown_account":0.06909725056120582,"max_drawdown_abs":72.03256803}],"exit_reason_summary":[{"key":"roi","trades":56,"profit_mean":0.006027047849712546,"profit_mean_pct":0.6,"profit_total_abs":111.34598043,"profit_total":0.11134598042999999,"profit_total_pct":11.13,"duration_avg":"3:12:00","wins":32,"draws":24,"losses":0,"winrate":0.5714285714285714,"cagr":0.4877352485456481,"expectancy":1.988321079107143,"expectancy_ratio":100.0,"sortino":-100,"sharpe":6.168241901146201,"calmar":-100,"sqn":4.1474,"profit_factor":0.0,"max_drawdown_account":0.0,"max_drawdown_abs":0.0},{"key":"exit_signal","trades":2,"profit_mean":-0.003668985185538592,"profit_mean_pct":-0.37,"profit_total_abs":-2.42296698,"profit_total":-0.00242296698,"profit_total_pct":-0.24,"duration_avg":"1:30:00","wins":0,"draws":0,"losses":2,"winrate":0.0,"cagr":-0.009086875890883528,"expectancy":-1.21148349,"expectancy_ratio":-1.0,"sortino":-0.5636765147213841,"sharpe":-0.5636765147213841,"calmar":-19.695848633549637,"sqn":-1.431,"profit_factor":0.0,"max_drawdown_account":0.0024229669799999557,"max_drawdown_abs":2.42296698},{"key":"stop_loss","trades":7,"profit_mean":-0.051870356941939554,"profit_mean_pct":-5.19,"profit_total_abs":-121.21090491999999,"profit_total":-0.12121090491999999,"profit_total_pct":-12.12,"duration_avg":"12:51:00","wins":0,"draws":0,"losses":7,"winrate":0.0,"cagr":-0.38504358563496865,"expectancy":-17.315843559999998,"expectancy_ratio":-1.0,"sortino":-71.11618974163376,"sharpe":-71.11618974163376,"calmar":-19.69584863354928,"sqn":-126.3489,"profit_factor":0.0,"max_drawdown_account":0.12121090491999996,"max_drawdown_abs":121.21090491999999},{"key":"TOTAL","trades":65,"profit_mean":-0.0005063967597038695,"profit_mean_pct":-0.05,"profit_total_abs":-12.287891469999998,"profit_total":-0.012287891469999998,"profit_total_pct":-1.23,"duration_avg":"4:11:00","wins":32,"draws":24,"losses":9,"winrate":0.49230769230769234,"cagr":-0.045458706073115196,"expectancy":-0.18904448415384612,"expectancy_ratio":-0.3829923729987138,"sortino":-0.3604907818916053,"sharpe":-0.35441905031266135,"calmar":-3.5026060871151654,"sqn":-0.2215,"profit_factor":0.9006106394537338,"max_drawdown_account":0.06909725056120582,"max_drawdown_abs":72.03256803}],"mix_tag_stats":[{"key":["","roi"],"trades":56,"profit_mean":0.006027047849712546,"profit_mean_pct":0.6,"profit_total_abs":111.34598043,"profit_total":0.11134598042999999,"profit_total_pct":11.13,"duration_avg":"3:12:00","wins":32,"draws":24,"losses":0,"winrate":0.5714285714285714,"cagr":0.4877352485456481,"expectancy":1.988321079107143,"expectancy_ratio":100.0,"sortino":-100,"sharpe":6.168241901146201,"calmar":-100,"sqn":4.1474,"profit_factor":0.0,"max_drawdown_account":0.0,"max_drawdown_abs":0.0},{"key":["","exit_signal"],"trades":2,"profit_mean":-0.003668985185538592,"profit_mean_pct":-0.37,"profit_total_abs":-2.42296698,"profit_total":-0.00242296698,"profit_total_pct":-0.24,"duration_avg":"1:30:00","wins":0,"draws":0,"losses":2,"winrate":0.0,"cagr":-0.009086875890883528,"expectancy":-1.21148349,"expectancy_ratio":-1.0,"sortino":-0.5636765147213841,"sharpe":-0.5636765147213841,"calmar":-19.695848633549637,"sqn":-1.431,"profit_factor":0.0,"max_drawdown_account":0.0024229669799999557,"max_drawdown_abs":2.42296698},{"key":["","stop_loss"],"trades":7,"profit_mean":-0.051870356941939554,"profit_mean_pct":-5.19,"profit_total_abs":-121.21090491999999,"profit_total":-0.12121090491999999,"profit_total_pct":-12.12,"duration_avg":"12:51:00","wins":0,"draws":0,"losses":7,"winrate":0.0,"cagr":-0.38504358563496865,"expectancy":-17.315843559999998,"expectancy_ratio":-1.0,"sortino":-71.11618974163376,"sharpe":-71.11618974163376,"calmar":-19.69584863354928,"sqn":-126.3489,"profit_factor":0.0,"max_drawdown_account":0.12121090491999996,"max_drawdown_abs":121.21090491999999},{"key":"TOTAL","trades":65,"profit_mean":-0.0005063967597038695,"profit_mean_pct":-0.05,"profit_total_abs":-12.287891469999998,"profit_total":-0.012287891469999998,"profit_total_pct":-1.23,"duration_avg":"4:11:00","wins":32,"draws":24,"losses":9,"winrate":0.49230769230769234,"cagr":-0.045458706073115196,"expectancy":-0.18904448415384612,"expectancy_ratio":-0.3829923729987138,"sortino":-0.3604907818916053,"sharpe":-0.35441905031266135,"calmar":-3.5026060871151654,"sqn":-0.2215,"profit_factor":0.9006106394537338,"max_drawdown_account":0.06909725056120582,"max_drawdown_abs":72.03256803}],"left_open_trades":[{"key":"TOTAL","trades":0,"profit_mean":0.0,"profit_mean_pct":0.0,"profit_total_abs":0.0,"profit_total":0.0,"profit_total_pct":0.0,"duration_avg":"0:00","wins":0,"draws":0,"losses":0,"winrate":0.0,"cagr":0.0,"expectancy":0.0,"expectancy_ratio":100.0,"sortino":0,"sharpe":0,"calmar":0,"sqn":0.0,"profit_factor":0.0,"max_drawdown_account":0.0,"max_drawdown_abs":0.0}],"total_trades":65,"trade_count_long":65,"trade_count_short":0,"total_volume":42943.10301415268,"avg_stake_amount":329.7660807692308,"profit_mean":-0.0005063967597038695,"profit_median":0.0,"profit_total":-0.012287891469999998,"profit_total_long":-0.012287891469999998,"profit_total_short":0.0,"profit_total_abs":-12.287891469999998,"profit_total_long_abs":-12.287891469999998,"profit_total_short_abs":0.0,"cagr":-0.045458706073115196,"expectancy":-0.18904448415384612,"expectancy_ratio":-0.3829923729987138,"sortino":-0.3604907818916053,"sharpe":-0.35441905031266135,"calmar":-3.5026060871151654,"sqn":-0.2215,"profit_factor":0.9006106394537338,"backtest_start":"2025-10-01 00:00:00","backtest_start_ts":1759276800000,"backtest_end":"2026-01-06 20:00:00","backtest_end_ts":1767729600000,"backtest_days":97,"backtest_run_start_ts":1767752088,"backtest_run_end_ts":1767752089,"trades_per_day":0.67,"market_change":-0.36632086436227446,"pairlist":["DOGE/USDT"],"stake_amount":"unlimited","stake_currency":"USDT","stake_currency_decimals":3,"starting_balance":1000,"dry_run_wallet":1000,"final_balance":987.71210853,"rejected_signals":0,"timedout_entry_orders":0,"timedout_exit_orders":0,"canceled_trade_entries":0,"canceled_entry_orders":0,"replaced_entry_orders":0,"max_open_trades":1,"max_open_trades_setting":3,"timeframe":"1h","timeframe_detail":"","timerange":"20251001-","enable_protections":false,"strategy_name":"ACO_48_19","freqaimodel":null,"freqai_identifier":null,"stoploss":-0.05,"trailing_stop":false,"trailing_stop_positive":null,"trailing_stop_positive_offset":0.0,"trailing_only_offset_is_reached":false,"use_custom_stoploss":false,"minimal_roi":{"0":0.1,"60":0.05,"120":0.0},"use_exit_signal":true,"exit_profit_only":false,"exit_profit_offset":0.0,"ignore_roi_if_entry_signal":false,"trading_mode":"spot","margin_mode":"","periodic_breakdown":{"day":[{"date":"02/10/2025","date_ts":1759363200000,"profit_abs":-0.64300774,"wins":1,"draws":0,"losses":2,"trades":3,"profit_factor":0.73461969},{"date":"03/10/2025","date_ts":1759449600000,"profit_abs":0.0,"wins":0,"draws":1,"losses":0,"trades":1,"profit_factor":0.0},{"date":"04/10/2025","date_ts":1759536000000,"profit_abs":0.0,"wins":0,"draws":0,"losses":0,"trades":0,"profit_factor":0.0},{"date":"05/10/2025","date_ts":1759622400000,"profit_abs":0.0,"wins":0,"draws":0,"losses":0,"trades":0,"profit_factor":0.0},{"date":"06/10/2025","date_ts":1759708800000,"profit_abs":0.0,"wins":0,"draws":0,"losses":0,"trades":0,"profit_factor":0.0},{"date":"07/10/2025","date_ts":1759795200000,"profit_abs":0.0,"wins":0,"draws":0,"losses":0,"trades":0,"profit_factor":0.0},{"date":"08/10/2025","date_ts":1759881600000,"profit_abs":0.0,"wins":0,"draws":1,"losses":0,"trades":1,"profit_factor":0.0},{"date":"09/10/2025","date_ts":1759968000000,"profit_abs":0.0,"wins":0,"draws":0,"losses":0,"trades":0,"profit_factor":0.0},{"date":"10/10/2025","date_ts":1760054400000,"profit_abs":0.0,"wins":0,"draws":0,"losses":0,"trades":0,"profit_factor":0.0},{"date":"11/10/2025","date_ts":1760140800000,"profit_abs":5.27624912,"wins":1,"draws":0,"losses":0,"trades":1,"profit_factor":0.0},{"date":"12/10/2025","date_ts":1760227200000,"profit_abs":33.421458,"wins":2,"draws":1,"losses":0,"trades":3,"profit_factor":0.0},{"date":"13/10/2025","date_ts":1760313600000,"profit_abs":0.0,"wins":0,"draws":0,"losses":0,"trades":0,"profit_factor":0.0},{"date":"14/10/2025","date_ts":1760400000000,"profit_abs":0.0,"wins":0,"draws":1,"losses":0,"trades":1,"profit_factor":0.0},{"date":"15/10/2025","date_ts":1760486400000,"profit_abs":0.0,"wins":0,"draws":0,"losses":0,"trades":0,"profit_factor":0.0},{"date":"16/10/2025","date_ts":1760572800000,"profit_abs":-13.44541313,"wins":2,"draws":0,"losses":1,"trades":3,"profit_factor":0.24766902},{"date":"17/10/2025","date_ts":1760659200000,"profit_abs":5.49164448,"wins":1,"draws":1,"losses":0,"trades":2,"profit_factor":0.0},{"date":"18/10/2025","date_ts":1760745600000,"profit_abs":0.0,"wins":0,"draws":0,"losses":0,"trades":0,"profit_factor":0.0},{"date":"19/10/2025","date_ts":1760832000000,"profit_abs":0.0,"wins":0,"draws":0,"losses":0,"trades":0,"profit_factor":0.0},{"date":"20/10/2025","date_ts":1760918400000,"profit_abs":0.0,"wins":0,"draws":0,"losses":0,"trades":0,"profit_factor":0.0},{"date":"21/10/2025","date_ts":1761004800000,"profit_abs":0.0,"wins":0,"draws":0,"losses":0,"trades":0,"profit_factor":0.0},{"date":"22/10/2025","date_ts":1761091200000,"profit_abs":1.73744256,"wins":1,"draws":0,"losses":0,"trades":1,"profit_factor":0.0},{"date":"23/10/2025","date_ts":1761177600000,"profit_abs":0.0,"wins":0,"draws":1,"losses":0,"trades":1,"profit_factor":0.0},{"date":"24/10/2025","date_ts":1761264000000,"profit_abs":0.0,"wins":0,"draws":0,"losses":0,"trades":0,"profit_factor":0.0},{"date":"25/10/2025","date_ts":1761350400000,"profit_abs":0.0,"wins":0,"draws":0,"losses":0,"trades":0,"profit_factor":0.0},{"date":"26/10/2025","date_ts":1761436800000,"profit_abs":0.0,"wins":0,"draws":0,"losses":0,"trades":0,"profit_factor":0.0},{"date":"27/10/2025","date_ts":1761523200000,"profit_abs":2.62793952,"wins":1,"draws":0,"losses":0,"trades":1,"profit_factor":0.0},{"date":"28/10/2025","date_ts":1761609600000,"profit_abs":0.0,"wins":0,"draws":0,"losses":0,"trades":0,"profit_factor":0.0},{"date":"29/10/2025","date_ts":1761696000000,"profit_abs":0.0,"wins":0,"draws":2,"losses":0,"trades":2,"profit_factor":0.0},{"date":"30/10/2025","date_ts":1761782400000,"profit_abs":-17.724096,"wins":0,"draws":1,"losses":1,"trades":2,"profit_factor":0.0},{"date":"31/10/2025","date_ts":1761868800000,"profit_abs":0.0,"wins":0,"draws":1,"losses":0,"trades":1,"profit_factor":0.0},{"date":"01/11/2025","date_ts":1761955200000,"profit_abs":0.0,"wins":0,"draws":0,"losses":0,"trades":0,"profit_factor":0.0},{"date":"02/11/2025","date_ts":1762041600000,"profit_abs":0.0,"wins":0,"draws":0,"losses":0,"trades":0,"profit_factor":0.0},{"date":"03/11/2025","date_ts":1762128000000,"profit_abs":0.0,"wins":0,"draws":1,"losses":0,"trades":1,"profit_factor":0.0},{"date":"04/11/2025","date_ts":1762214400000,"profit_abs":-24.8423406,"wins":2,"draws":0,"losses":2,"trades":4,"profit_factor":0.28071697},{"date":"05/11/2025","date_ts":1762300800000,"profit_abs":2.87811079,"wins":2,"draws":0,"losses":0,"trades":2,"profit_factor":0.0},{"date":"06/11/2025","date_ts":1762387200000,"profit_abs":0.20240736,"wins":1,"draws":0,"losses":0,"trades":1,"profit_factor":0.0},{"date":"07/11/2025","date_ts":1762473600000,"profit_abs":0.0,"wins":0,"draws":0,"losses":0,"trades":0,"profit_factor":0.0},{"date":"08/11/2025","date_ts":1762560000000,"profit_abs":0.0,"wins":0,"draws":0,"losses":0,"trades":0,"profit_factor":0.0},{"date":"09/11/2025","date_ts":1762646400000,"profit_abs":0.0,"wins":0,"draws":0,"losses":0,"trades":0,"profit_factor":0.0},{"date":"10/11/2025","date_ts":1762732800000,"profit_abs":0.0,"wins":0,"draws":0,"losses":0,"trades":0,"profit_factor":0.0},{"date":"11/11/2025","date_ts":1762819200000,"profit_abs":0.0,"wins":0,"draws":0,"losses":0,"trades":0,"profit_factor":0.0},{"date":"12/11/2025","date_ts":1762905600000,"profit_abs":0.0,"wins":0,"draws":0,"losses":0,"trades":0,"profit_factor":0.0},{"date":"13/11/2025","date_ts":1762992000000,"profit_abs":0.0,"wins":0,"draws":0,"losses":0,"trades":0,"profit_factor":0.0},{"date":"14/11/2025","date_ts":1763078400000,"profit_abs":-14.99033832,"wins":1,"draws":0,"losses":1,"trades":2,"profit_factor":0.12212033},{"date":"15/11/2025","date_ts":1763164800000,"profit_abs":3.93194193,"wins":1,"draws":0,"losses":0,"trades":1,"profit_factor":0.0},{"date":"16/11/2025","date_ts":1763251200000,"profit_abs":0.0,"wins":0,"draws":0,"losses":0,"trades":0,"profit_factor":0.0},{"date":"17/11/2025","date_ts":1763337600000,"profit_abs":0.0,"wins":0,"draws":0,"losses":0,"trades":0,"profit_factor":0.0},{"date":"18/11/2025","date_ts":1763424000000,"profit_abs":0.0,"wins":0,"draws":0,"losses":0,"trades":0,"profit_factor":0.0},{"date":"19/11/2025","date_ts":1763510400000,"profit_abs":0.0,"wins":0,"draws":0,"losses":0,"trades":0,"profit_factor":0.0},{"date":"20/11/2025","date_ts":1763596800000,"profit_abs":0.0,"wins":0,"draws":0,"losses":0,"trades":0,"profit_factor":0.0},{"date":"21/11/2025","date_ts":1763683200000,"profit_abs":5.00061912,"wins":1,"draws":0,"losses":0,"trades":1,"profit_factor":0.0},{"date":"22/11/2025","date_ts":1763769600000,"profit_abs":0.37859748,"wins":1,"draws":3,"losses":0,"trades":4,"profit_factor":0.0},{"date":"23/11/2025","date_ts":1763856000000,"profit_abs":2.43325536,"wins":2,"draws":0,"losses":0,"trades":2,"profit_factor":0.0},{"date":"24/11/2025","date_ts":1763942400000,"profit_abs":0.0,"wins":0,"draws":0,"losses":0,"trades":0,"profit_factor":0.0},{"date":"25/11/2025","date_ts":1764028800000,"profit_abs":0.0,"wins":0,"draws":0,"losses":0,"trades":0,"profit_factor":0.0},{"date":"26/11/2025","date_ts":1764115200000,"profit_abs":0.0,"wins":0,"draws":0,"losses":0,"trades":0,"profit_factor":0.0},{"date":"27/11/2025","date_ts":1764201600000,"profit_abs":0.0,"wins":0,"draws":0,"losses":0,"trades":0,"profit_factor":0.0},{"date":"28/11/2025","date_ts":1764288000000,"profit_abs":0.0,"wins":0,"draws":0,"losses":0,"trades":0,"profit_factor":0.0},{"date":"29/11/2025","date_ts":1764374400000,"profit_abs":0.0,"wins":0,"draws":0,"losses":0,"trades":0,"profit_factor":0.0},{"date":"30/11/2025","date_ts":1764460800000,"profit_abs":0.0,"wins":0,"draws":0,"losses":0,"trades":0,"profit_factor":0.0},{"date":"01/12/2025","date_ts":1764547200000,"profit_abs":1.00534724,"wins":2,"draws":0,"losses":0,"trades":2,"profit_factor":0.0},{"date":"02/12/2025","date_ts":1764633600000,"profit_abs":2.722671,"wins":1,"draws":0,"losses":0,"trades":1,"profit_factor":0.0},{"date":"03/12/2025","date_ts":1764720000000,"profit_abs":2.046374,"wins":1,"draws":1,"losses":0,"trades":2,"profit_factor":0.0},{"date":"04/12/2025","date_ts":1764806400000,"profit_abs":0.0,"wins":0,"draws":1,"losses":0,"trades":1,"profit_factor":0.0},{"date":"05/12/2025","date_ts":1764892800000,"profit_abs":-17.08806928,"wins":0,"draws":1,"losses":1,"trades":2,"profit_factor":0.0},{"date":"06/12/2025","date_ts":1764979200000,"profit_abs":0.46740288,"wins":1,"draws":0,"losses":0,"trades":1,"profit_factor":0.0},{"date":"07/12/2025","date_ts":1765065600000,"profit_abs":0.0,"wins":0,"draws":1,"losses":0,"trades":1,"profit_factor":0.0},{"date":"08/12/2025","date_ts":1765152000000,"profit_abs":0.0,"wins":0,"draws":0,"losses":0,"trades":0,"profit_factor":0.0},{"date":"09/12/2025","date_ts":1765238400000,"profit_abs":0.0,"wins":0,"draws":0,"losses":0,"trades":0,"profit_factor":0.0},{"date":"10/12/2025","date_ts":1765324800000,"profit_abs":0.0,"wins":0,"draws":0,"losses":0,"trades":0,"profit_factor":0.0},{"date":"11/12/2025","date_ts":1765411200000,"profit_abs":0.0,"wins":0,"draws":0,"losses":0,"trades":0,"profit_factor":0.0},{"date":"12/12/2025","date_ts":1765497600000,"profit_abs":0.0,"wins":0,"draws":0,"losses":0,"trades":0,"profit_factor":0.0},{"date":"13/12/2025","date_ts":1765584000000,"profit_abs":0.0,"wins":0,"draws":0,"losses":0,"trades":0,"profit_factor":0.0},{"date":"14/12/2025","date_ts":1765670400000,"profit_abs":0.0,"wins":0,"draws":0,"losses":0,"trades":0,"profit_factor":0.0},{"date":"15/12/2025","date_ts":1765756800000,"profit_abs":0.0,"wins":0,"draws":1,"losses":0,"trades":1,"profit_factor":0.0},{"date":"16/12/2025","date_ts":1765843200000,"profit_abs":6.47400035,"wins":2,"draws":0,"losses":0,"trades":2,"profit_factor":0.0},{"date":"17/12/2025","date_ts":1765929600000,"profit_abs":0.0,"wins":0,"draws":0,"losses":0,"trades":0,"profit_factor":0.0},{"date":"18/12/2025","date_ts":1766016000000,"profit_abs":0.0,"wins":0,"draws":0,"losses":0,"trades":0,"profit_factor":0.0},{"date":"19/12/2025","date_ts":1766102400000,"profit_abs":0.0,"wins":0,"draws":0,"losses":0,"trades":0,"profit_factor":0.0},{"date":"20/12/2025","date_ts":1766188800000,"profit_abs":0.0,"wins":0,"draws":1,"losses":0,"trades":1,"profit_factor":0.0},{"date":"21/12/2025","date_ts":1766275200000,"profit_abs":0.0,"wins":0,"draws":1,"losses":0,"trades":1,"profit_factor":0.0},{"date":"22/12/2025","date_ts":1766361600000,"profit_abs":0.0,"wins":0,"draws":0,"losses":0,"trades":0,"profit_factor":0.0},{"date":"23/12/2025","date_ts":1766448000000,"profit_abs":0.0,"wins":0,"draws":0,"losses":0,"trades":0,"profit_factor":0.0},{"date":"24/12/2025","date_ts":1766534400000,"profit_abs":-16.91380514,"wins":0,"draws":0,"losses":1,"trades":1,"profit_factor":0.0},{"date":"25/12/2025","date_ts":1766620800000,"profit_abs":0.0,"wins":0,"draws":0,"losses":0,"trades":0,"profit_factor":0.0},{"date":"26/12/2025","date_ts":1766707200000,"profit_abs":0.0,"wins":0,"draws":0,"losses":0,"trades":0,"profit_factor":0.0},{"date":"27/12/2025","date_ts":1766793600000,"profit_abs":0.0,"wins":0,"draws":0,"losses":0,"trades":0,"profit_factor":0.0},{"date":"28/12/2025","date_ts":1766880000000,"profit_abs":0.0,"wins":0,"draws":0,"losses":0,"trades":0,"profit_factor":0.0},{"date":"29/12/2025","date_ts":1766966400000,"profit_abs":0.0,"wins":0,"draws":0,"losses":0,"trades":0,"profit_factor":0.0},{"date":"30/12/2025","date_ts":1767052800000,"profit_abs":0.0,"wins":0,"draws":0,"losses":0,"trades":0,"profit_factor":0.0},{"date":"31/12/2025","date_ts":1767139200000,"profit_abs":0.0,"wins":0,"draws":0,"losses":0,"trades":0,"profit_factor":0.0},{"date":"01/01/2026","date_ts":1767225600000,"profit_abs":0.0,"wins":0,"draws":1,"losses":0,"trades":1,"profit_factor":0.0},{"date":"02/01/2026","date_ts":1767312000000,"profit_abs":9.7174964,"wins":1,"draws":2,"losses":0,"trades":3,"profit_factor":0.0},{"date":"03/01/2026","date_ts":1767398400000,"profit_abs":0.87118332,"wins":2,"draws":0,"losses":0,"trades":2,"profit_factor":0.0},{"date":"04/01/2026","date_ts":1767484800000,"profit_abs":0.0,"wins":0,"draws":0,"losses":0,"trades":0,"profit_factor":0.0},{"date":"05/01/2026","date_ts":1767571200000,"profit_abs":6.67503783,"wins":2,"draws":0,"losses":0,"trades":2,"profit_factor":0.0}],"week":[{"date":"06/10/2025","date_ts":1759708800000,"profit_abs":-0.64300774,"wins":1,"draws":1,"losses":2,"trades":4,"profit_factor":0.73461969},{"date":"13/10/2025","date_ts":1760313600000,"profit_abs":38.69770712,"wins":3,"draws":2,"losses":0,"trades":5,"profit_factor":0.0},{"date":"20/10/2025","date_ts":1760918400000,"profit_abs":-7.95376865,"wins":3,"draws":2,"losses":1,"trades":6,"profit_factor":0.55495108},{"date":"27/10/2025","date_ts":1761523200000,"profit_abs":4.36538208,"wins":2,"draws":1,"losses":0,"trades":3,"profit_factor":0.0},{"date":"03/11/2025","date_ts":1762128000000,"profit_abs":-17.724096,"wins":0,"draws":5,"losses":1,"trades":6,"profit_factor":0.0},{"date":"10/11/2025","date_ts":1762732800000,"profit_abs":-21.76182245,"wins":5,"draws":0,"losses":2,"trades":7,"profit_factor":0.36991004},{"date":"17/11/2025","date_ts":1763337600000,"profit_abs":-11.05839639,"wins":2,"draws":0,"losses":1,"trades":3,"profit_factor":0.35238677},{"date":"24/11/2025","date_ts":1763942400000,"profit_abs":7.81247196,"wins":4,"draws":3,"losses":0,"trades":7,"profit_factor":0.0},{"date":"01/12/2025","date_ts":1764547200000,"profit_abs":1.00534724,"wins":2,"draws":0,"losses":0,"trades":2,"profit_factor":0.0},{"date":"08/12/2025","date_ts":1765152000000,"profit_abs":-11.8516214,"wins":3,"draws":4,"losses":1,"trades":8,"profit_factor":0.30643883},{"date":"15/12/2025","date_ts":1765756800000,"profit_abs":0.0,"wins":0,"draws":1,"losses":0,"trades":1,"profit_factor":0.0},{"date":"22/12/2025","date_ts":1766361600000,"profit_abs":6.47400035,"wins":2,"draws":2,"losses":0,"trades":4,"profit_factor":0.0},{"date":"29/12/2025","date_ts":1766966400000,"profit_abs":-16.91380514,"wins":0,"draws":0,"losses":1,"trades":1,"profit_factor":0.0},{"date":"05/01/2026","date_ts":1767571200000,"profit_abs":17.26371755,"wins":5,"draws":3,"losses":0,"trades":8,"profit_factor":0.0}],"month":[{"date":"31/10/2025","date_ts":1761868800000,"profit_abs":16.74221681,"wins":9,"draws":10,"losses":4,"trades":23,"profit_factor":1.44036753},{"date":"30/11/2025","date_ts":1764460800000,"profit_abs":-25.00774688,"wins":11,"draws":4,"losses":3,"trades":18,"profit_factor":0.51547827},{"date":"31/12/2025","date_ts":1767139200000,"profit_abs":-21.28607895,"wins":7,"draws":7,"losses":2,"trades":16,"profit_factor":0.37397337},{"date":"31/01/2026","date_ts":1769817600000,"profit_abs":17.26371755,"wins":5,"draws":3,"losses":0,"trades":8,"profit_factor":0.0}],"year":[{"date":"31/12/2025","date_ts":1767139200000,"profit_abs":-29.55160902,"wins":27,"draws":21,"losses":9,"trades":57,"profit_factor":0.76097482},{"date":"31/12/2026","date_ts":1798675200000,"profit_abs":17.26371755,"wins":5,"draws":3,"losses":0,"trades":8,"profit_factor":0.0}],"weekday":[{"date":"Monday","date_ts":0,"profit_abs":10.30832459,"wins":5,"draws":2,"losses":0,"trades":7,"profit_factor":0.0},{"date":"Tuesday","date_ts":1,"profit_abs":-15.64566925,"wins":5,"draws":1,"losses":2,"trades":8,"profit_factor":0.54699662},{"date":"Wednesday","date_ts":2,"profit_abs":-10.25187779,"wins":4,"draws":4,"losses":1,"trades":9,"profit_factor":0.39387514},{"date":"Thursday","date_ts":3,"profit_abs":-31.61010951,"wins":4,"draws":4,"losses":4,"trades":12,"profit_factor":0.16856495},{"date":"Friday","date_ts":4,"profit_abs":-11.8686476,"wins":4,"draws":6,"losses":2,"trades":12,"profit_factor":0.65259466},{"date":"Saturday","date_ts":5,"profit_abs":10.92537473,"wins":6,"draws":4,"losses":0,"trades":10,"profit_factor":0.0},{"date":"Sunday","date_ts":6,"profit_abs":35.85471336,"wins":4,"draws":3,"losses":0,"trades":7,"profit_factor":0.0}]},"backtest_best_day":0.0999000999000999,"backtest_worst_day":-0.07390737961943675,"backtest_best_day_abs":33.421458,"backtest_worst_day_abs":-24.8423406,"winning_days":19,"draw_days":70,"losing_days":7,"daily_profit":[["2025-10-02",-0.64300774],["2025-10-03",0.0],["2025-10-04",0.0],["2025-10-05",0.0],["2025-10-06",0.0],["2025-10-07",0.0],["2025-10-08",0.0],["2025-10-09",0.0],["2025-10-10",0.0],["2025-10-11",5.27624912],["2025-10-12",33.421458],["2025-10-13",0.0],["2025-10-14",0.0],["2025-10-15",0.0],["2025-10-16",-13.44541313],["2025-10-17",5.49164448],["2025-10-18",0.0],["2025-10-19",0.0],["2025-10-20",0.0],["2025-10-21",0.0],["2025-10-22",1.73744256],["2025-10-23",0.0],["2025-10-24",0.0],["2025-10-25",0.0],["2025-10-26",0.0],["2025-10-27",2.62793952],["2025-10-28",0.0],["2025-10-29",0.0],["2025-10-30",-17.724096],["2025-10-31",0.0],["2025-11-01",0.0],["2025-11-02",0.0],["2025-11-03",0.0],["2025-11-04",-24.8423406],["2025-11-05",2.87811079],["2025-11-06",0.20240736],["2025-11-07",0.0],["2025-11-08",0.0],["2025-11-09",0.0],["2025-11-10",0.0],["2025-11-11",0.0],["2025-11-12",0.0],["2025-11-13",0.0],["2025-11-14",-14.99033832],["2025-11-15",3.93194193],["2025-11-16",0.0],["2025-11-17",0.0],["2025-11-18",0.0],["2025-11-19",0.0],["2025-11-20",0.0],["2025-11-21",5.00061912],["2025-11-22",0.37859748],["2025-11-23",2.43325536],["2025-11-24",0.0],["2025-11-25",0.0],["2025-11-26",0.0],["2025-11-27",0.0],["2025-11-28",0.0],["2025-11-29",0.0],["2025-11-30",0.0],["2025-12-01",1.00534724],["2025-12-02",2.722671],["2025-12-03",2.046374],["2025-12-04",0.0],["2025-12-05",-17.08806928],["2025-12-06",0.46740288],["2025-12-07",0.0],["2025-12-08",0.0],["2025-12-09",0.0],["2025-12-10",0.0],["2025-12-11",0.0],["2025-12-12",0.0],["2025-12-13",0.0],["2025-12-14",0.0],["2025-12-15",0.0],["2025-12-16",6.47400035],["2025-12-17",0.0],["2025-12-18",0.0],["2025-12-19",0.0],["2025-12-20",0.0],["2025-12-21",0.0],["2025-12-22",0.0],["2025-12-23",0.0],["2025-12-24",-16.91380514],["2025-12-25",0.0],["2025-12-26",0.0],["2025-12-27",0.0],["2025-12-28",0.0],["2025-12-29",0.0],["2025-12-30",0.0],["2025-12-31",0.0],["2026-01-01",0.0],["2026-01-02",9.7174964],["2026-01-03",0.87118332],["2026-01-04",0.0],["2026-01-05",6.67503783]],"wins":32,"losses":9,"draws":24,"winrate":0.49230769230769234,"holding_avg":"4:11:00","holding_avg_s":15060.0,"winner_holding_min":"0d 01:00","winner_holding_min_s":3600.0,"winner_holding_max":"0d 02:00","winner_holding_max_s":7200.0,"winner_holding_avg":"0d 01:56","winner_holding_avg_s":6960.0,"loser_holding_min":"0d 01:00","loser_holding_min_s":3600.0,"loser_holding_max":"1d 08:00","loser_holding_max_s":115200.0,"loser_holding_avg":"0d 10:20","loser_holding_avg_s":37200.0,"max_consecutive_wins":7,"max_consecutive_losses":7,"max_drawdown_account":0.06909725056120582,"max_relative_drawdown":0.06909725056120582,"max_drawdown_abs":72.03256803,"drawdown_start":"2025-10-16 08:00:00","drawdown_start_ts":1760601600000.0,"drawdown_end":"2025-12-24 03:00:00","drawdown_end_ts":1766545200000.0,"drawdown_duration":"68 days 19:00:00","drawdown_duration_s":5943600.0,"max_drawdown_low":-29.551609019999983,"max_drawdown_high":42.48095901000001,"csum_min":970.44839098,"csum_max":1042.48095901}},"strategy_comparison":[{"key":"ACO_48_19","trades":65,"profit_mean":-0.0005063967597038695,"profit_mean_pct":-0.05,"profit_total_abs":-12.287891469999998,"profit_total":-0.012287891469999998,"profit_total_pct":-1.23,"duration_avg":"4:11:00","wins":32,"draws":24,"losses":9,"winrate":0.49230769230769234,"cagr":-0.045458706073115196,"expectancy":-0.18904448415384612,"expectancy_ratio":-0.3829923729987138,"sortino":-0.3604907818916053,"sharpe":-0.35441905031266135,"calmar":-3.5026060871151654,"sqn":-0.2215,"profit_factor":0.9006106394537338,"max_drawdown_account":0.06909725056120582,"max_drawdown_abs":"72.033"}]}