{"strategy":{"ACO_61_11":{"trades":[{"pair":"DOGE/USDT","stake_amount":329.8578,"max_stake_amount":329.8578,"amount":1772.0,"open_date":"2025-10-10 22:00:00+00:00","close_date":"2025-10-10 22:00:00+00:00","open_rate":0.18615,"close_rate":0.17685,"fee_open":0.001,"fee_close":0.001,"trade_duration":0,"profit_ratio":-0.0518578923091413,"profit_abs":-17.122836,"exit_reason":"stop_loss","initial_stop_loss_abs":0.17685,"initial_stop_loss_ratio":-0.05,"stop_loss_abs":0.17685,"stop_loss_ratio":-0.05,"min_rate":0.16923,"max_rate":0.19509,"is_open":false,"enter_tag":"","leverage":1.0,"is_short":false,"open_timestamp":1760133600000,"close_timestamp":1760133600000,"orders":[{"amount":1772.0,"safe_price":0.18615,"ft_order_side":"buy","order_filled_timestamp":1760133600000,"ft_is_entry":true,"ft_order_tag":"","cost":330.18765779999995},{"amount":1772.0,"safe_price":0.17685,"ft_order_side":"sell","order_filled_timestamp":1760133600000,"ft_is_entry":false,"ft_order_tag":"stop_loss","cost":313.6915782}],"funding_fees":0.0,"weekday":4},{"pair":"DOGE/USDT","stake_amount":324.1971,"max_stake_amount":324.1971,"amount":1670.0,"open_date":"2025-10-10 23:00:00+00:00","close_date":"2025-10-11 01:00:00+00:00","open_rate":0.19413,"close_rate":0.19537,"fee_open":0.001,"fee_close":0.001,"trade_duration":120,"profit_ratio":0.004376708131923708,"profit_abs":1.420335,"exit_reason":"roi","initial_stop_loss_abs":0.18443,"initial_stop_loss_ratio":-0.05,"stop_loss_abs":0.18443,"stop_loss_ratio":-0.05,"min_rate":0.18495,"max_rate":0.2,"is_open":false,"enter_tag":"","leverage":1.0,"is_short":false,"open_timestamp":1760137200000,"close_timestamp":1760144400000,"orders":[{"amount":1670.0,"safe_price":0.19413,"ft_order_side":"buy","order_filled_timestamp":1760137200000,"ft_is_entry":true,"ft_order_tag":"","cost":324.52129709999997},{"amount":1670.0,"safe_price":0.19537,"ft_order_side":"sell","order_filled_timestamp":1760144400000,"ft_is_entry":false,"ft_order_tag":"roi","cost":326.59416789999995}],"funding_fees":0.0,"weekday":5},{"pair":"DOGE/USDT","stake_amount":324.6576,"max_stake_amount":324.6576,"amount":1698.0,"open_date":"2025-10-11 08:00:00+00:00","close_date":"2025-10-11 10:00:00+00:00","open_rate":0.1912,"close_rate":0.19409,"fee_open":0.001,"fee_close":0.001,"trade_duration":120,"profit_ratio":0.01308686083790686,"profit_abs":4.25299758,"exit_reason":"roi","initial_stop_loss_abs":0.18164,"initial_stop_loss_ratio":-0.05,"stop_loss_abs":0.18164,"stop_loss_ratio":-0.05,"min_rate":0.1904,"max_rate":0.19776,"is_open":false,"enter_tag":"","leverage":1.0,"is_short":false,"open_timestamp":1760169600000,"close_timestamp":1760176800000,"orders":[{"amount":1698.0,"safe_price":0.1912,"ft_order_side":"buy","order_filled_timestamp":1760169600000,"ft_is_entry":true,"ft_order_tag":"","cost":324.98225759999997},{"amount":1698.0,"safe_price":0.19409,"ft_order_side":"sell","order_filled_timestamp":1760176800000,"ft_is_entry":false,"ft_order_tag":"roi","cost":329.89438481999997}],"funding_fees":0.0,"weekday":5},{"pair":"DOGE/USDT","stake_amount":326.2077,"max_stake_amount":326.2077,"amount":1707.0,"open_date":"2025-10-11 13:00:00+00:00","close_date":"2025-10-11 15:00:00+00:00","open_rate":0.1911,"close_rate":0.19148258258258255,"fee_open":0.001,"fee_close":0.001,"trade_duration":120,"profit_ratio":0.0,"profit_abs":0.0,"exit_reason":"roi","initial_stop_loss_abs":0.18155,"initial_stop_loss_ratio":-0.05,"stop_loss_abs":0.18155,"stop_loss_ratio":-0.05,"min_rate":0.18584,"max_rate":0.19316,"is_open":false,"enter_tag":"","leverage":1.0,"is_short":false,"open_timestamp":1760187600000,"close_timestamp":1760194800000,"orders":[{"amount":1707.0,"safe_price":0.1911,"ft_order_side":"buy","order_filled_timestamp":1760187600000,"ft_is_entry":true,"ft_order_tag":"","cost":326.53390769999993},{"amount":1707.0,"safe_price":0.19148258258258255,"ft_order_side":"sell","order_filled_timestamp":1760194800000,"ft_is_entry":false,"ft_order_tag":"roi","cost":327.1876292369368}],"funding_fees":0.0,"weekday":5},{"pair":"DOGE/USDT","stake_amount":326.07224,"max_stake_amount":326.07224,"amount":1768.0,"open_date":"2025-10-11 20:00:00+00:00","close_date":"2025-10-11 22:00:00+00:00","open_rate":0.18443,"close_rate":0.18479922922922923,"fee_open":0.001,"fee_close":0.001,"trade_duration":120,"profit_ratio":0.0,"profit_abs":0.0,"exit_reason":"roi","initial_stop_loss_abs":0.17521,"initial_stop_loss_ratio":-0.05,"stop_loss_abs":0.17521,"stop_loss_ratio":-0.05,"min_rate":0.17816,"max_rate":0.18622,"is_open":false,"enter_tag":"","leverage":1.0,"is_short":false,"open_timestamp":1760212800000,"close_timestamp":1760220000000,"orders":[{"amount":1768.0,"safe_price":0.18443,"ft_order_side":"buy","order_filled_timestamp":1760212800000,"ft_is_entry":true,"ft_order_tag":"","cost":326.39831224},{"amount":1768.0,"safe_price":0.18479922922922923,"ft_order_side":"sell","order_filled_timestamp":1760220000000,"ft_is_entry":false,"ft_order_tag":"roi","cost":327.05176231455454}],"funding_fees":0.0,"weekday":5},{"pair":"DOGE/USDT","stake_amount":326.1754,"max_stake_amount":326.1754,"amount":1745.0,"open_date":"2025-10-12 14:00:00+00:00","close_date":"2025-10-12 15:00:00+00:00","open_rate":0.18692,"close_rate":0.19664956956956955,"fee_open":0.001,"fee_close":0.001,"trade_duration":60,"profit_ratio":0.04995004995004995,"profit_abs":16.30877,"exit_reason":"roi","initial_stop_loss_abs":0.17758,"initial_stop_loss_ratio":-0.05,"stop_loss_abs":0.17758,"stop_loss_ratio":-0.05,"min_rate":0.18682,"max_rate":0.20676,"is_open":false,"enter_tag":"","leverage":1.0,"is_short":false,"open_timestamp":1760277600000,"close_timestamp":1760281200000,"orders":[{"amount":1745.0,"safe_price":0.18692,"ft_order_side":"buy","order_filled_timestamp":1760277600000,"ft_is_entry":true,"ft_order_tag":"","cost":326.5015754},{"amount":1745.0,"safe_price":0.19664956956956955,"ft_order_side":"sell","order_filled_timestamp":1760281200000,"ft_is_entry":false,"ft_order_tag":"roi","cost":343.49665239779773}],"funding_fees":0.0,"weekday":6},{"pair":"DOGE/USDT","stake_amount":331.4597,"max_stake_amount":331.4597,"amount":1690.0,"open_date":"2025-10-14 13:00:00+00:00","close_date":"2025-10-14 15:00:00+00:00","open_rate":0.19613,"close_rate":0.19895,"fee_open":0.001,"fee_close":0.001,"trade_duration":120,"profit_ratio":0.012351488821177295,"profit_abs":4.0981148,"exit_reason":"roi","initial_stop_loss_abs":0.18633,"initial_stop_loss_ratio":-0.05,"stop_loss_abs":0.18633,"stop_loss_ratio":-0.05,"min_rate":0.1933,"max_rate":0.20388,"is_open":false,"enter_tag":"","leverage":1.0,"is_short":false,"open_timestamp":1760446800000,"close_timestamp":1760454000000,"orders":[{"amount":1690.0,"safe_price":0.19613,"ft_order_side":"buy","order_filled_timestamp":1760446800000,"ft_is_entry":true,"ft_order_tag":"","cost":331.7911597},{"amount":1690.0,"safe_price":0.19895,"ft_order_side":"sell","order_filled_timestamp":1760454000000,"ft_is_entry":false,"ft_order_tag":"roi","cost":336.5617254999999}],"funding_fees":0.0,"weekday":1},{"pair":"DOGE/USDT","stake_amount":332.91621,"max_stake_amount":332.91621,"amount":1773.0,"open_date":"2025-10-16 20:00:00+00:00","close_date":"2025-10-16 22:00:00+00:00","open_rate":0.18777,"close_rate":0.18816,"fee_open":0.001,"fee_close":0.001,"trade_duration":120,"profit_ratio":7.48572405386593e-05,"profit_abs":0.02494611,"exit_reason":"roi","initial_stop_loss_abs":0.17839,"initial_stop_loss_ratio":-0.05,"stop_loss_abs":0.17839,"stop_loss_ratio":-0.05,"min_rate":0.18469,"max_rate":0.18864,"is_open":false,"enter_tag":"","leverage":1.0,"is_short":false,"open_timestamp":1760644800000,"close_timestamp":1760652000000,"orders":[{"amount":1773.0,"safe_price":0.18777,"ft_order_side":"buy","order_filled_timestamp":1760644800000,"ft_is_entry":true,"ft_order_tag":"","cost":333.24912620999993},{"amount":1773.0,"safe_price":0.18816,"ft_order_side":"sell","order_filled_timestamp":1760652000000,"ft_is_entry":false,"ft_order_tag":"roi","cost":333.94128767999996}],"funding_fees":0.0,"weekday":3},{"pair":"DOGE/USDT","stake_amount":332.82656,"max_stake_amount":332.82656,"amount":2024.0,"open_date":"2025-11-04 07:00:00+00:00","close_date":"2025-11-04 09:00:00+00:00","open_rate":0.16444,"close_rate":0.1647692092092092,"fee_open":0.001,"fee_close":0.001,"trade_duration":120,"profit_ratio":0.0,"profit_abs":0.0,"exit_reason":"roi","initial_stop_loss_abs":0.15622,"initial_stop_loss_ratio":-0.05,"stop_loss_abs":0.15622,"stop_loss_ratio":-0.05,"min_rate":0.16062,"max_rate":0.16586,"is_open":false,"enter_tag":"","leverage":1.0,"is_short":false,"open_timestamp":1762239600000,"close_timestamp":1762246800000,"orders":[{"amount":2024.0,"safe_price":0.16444,"ft_order_side":"buy","order_filled_timestamp":1762239600000,"ft_is_entry":true,"ft_order_tag":"","cost":333.15938656},{"amount":2024.0,"safe_price":0.1647692092092092,"ft_order_side":"sell","order_filled_timestamp":1762246800000,"ft_is_entry":false,"ft_order_tag":"roi","cost":333.82637231887884}],"funding_fees":0.0,"weekday":1},{"pair":"DOGE/USDT","stake_amount":332.94993,"max_stake_amount":332.94993,"amount":2091.0,"open_date":"2025-11-04 18:00:00+00:00","close_date":"2025-11-04 20:00:00+00:00","open_rate":0.15923,"close_rate":0.15954877877877877,"fee_open":0.001,"fee_close":0.001,"trade_duration":120,"profit_ratio":0.0,"profit_abs":0.0,"exit_reason":"roi","initial_stop_loss_abs":0.15127,"initial_stop_loss_ratio":-0.05,"stop_loss_abs":0.15127,"stop_loss_ratio":-0.05,"min_rate":0.15159,"max_rate":0.16152,"is_open":false,"enter_tag":"","leverage":1.0,"is_short":false,"open_timestamp":1762279200000,"close_timestamp":1762286400000,"orders":[{"amount":2091.0,"safe_price":0.15923,"ft_order_side":"buy","order_filled_timestamp":1762279200000,"ft_is_entry":true,"ft_order_tag":"","cost":333.28287993},{"amount":2091.0,"safe_price":0.15954877877877877,"ft_order_side":"sell","order_filled_timestamp":1762286400000,"ft_is_entry":false,"ft_order_tag":"roi","cost":333.9501129228528}],"funding_fees":0.0,"weekday":1},{"pair":"DOGE/USDT","stake_amount":332.87455,"max_stake_amount":332.87455,"amount":2095.0,"open_date":"2025-11-04 21:00:00+00:00","close_date":"2025-11-04 23:00:00+00:00","open_rate":0.15889,"close_rate":0.16344,"fee_open":0.001,"fee_close":0.001,"trade_duration":120,"profit_ratio":0.026580946273815558,"profit_abs":8.85696865,"exit_reason":"roi","initial_stop_loss_abs":0.15095,"initial_stop_loss_ratio":-0.05,"stop_loss_abs":0.15095,"stop_loss_ratio":-0.05,"min_rate":0.15159,"max_rate":0.16436,"is_open":false,"enter_tag":"","leverage":1.0,"is_short":false,"open_timestamp":1762290000000,"close_timestamp":1762297200000,"orders":[{"amount":2095.0,"safe_price":0.15889,"ft_order_side":"buy","order_filled_timestamp":1762290000000,"ft_is_entry":true,"ft_order_tag":"","cost":333.20742455},{"amount":2095.0,"safe_price":0.16344,"ft_order_side":"sell","order_filled_timestamp":1762297200000,"ft_is_entry":false,"ft_order_tag":"roi","cost":342.74920679999997}],"funding_fees":0.0,"weekday":1},{"pair":"DOGE/USDT","stake_amount":335.77608,"max_stake_amount":335.77608,"amount":2062.0,"open_date":"2025-11-05 09:00:00+00:00","close_date":"2025-11-05 11:00:00+00:00","open_rate":0.16284,"close_rate":0.16316600600600598,"fee_open":0.001,"fee_close":0.001,"trade_duration":120,"profit_ratio":0.0,"profit_abs":0.0,"exit_reason":"roi","initial_stop_loss_abs":0.1547,"initial_stop_loss_ratio":-0.05,"stop_loss_abs":0.1547,"stop_loss_ratio":-0.05,"min_rate":0.161,"max_rate":0.1642,"is_open":false,"enter_tag":"","leverage":1.0,"is_short":false,"open_timestamp":1762333200000,"close_timestamp":1762340400000,"orders":[{"amount":2062.0,"safe_price":0.16284,"ft_order_side":"buy","order_filled_timestamp":1762333200000,"ft_is_entry":true,"ft_order_tag":"","cost":336.11185608},{"amount":2062.0,"safe_price":0.16316600600600598,"ft_order_side":"sell","order_filled_timestamp":1762340400000,"ft_is_entry":false,"ft_order_tag":"roi","cost":336.78475268876866}],"funding_fees":0.0,"weekday":2},{"pair":"DOGE/USDT","stake_amount":335.77683,"max_stake_amount":335.77683,"amount":2113.0,"open_date":"2025-11-14 21:00:00+00:00","close_date":"2025-11-14 22:00:00+00:00","open_rate":0.15891,"close_rate":0.16016,"fee_open":0.001,"fee_close":0.001,"trade_duration":60,"profit_ratio":0.00585236926562205,"profit_abs":1.96705509,"exit_reason":"exit_signal","initial_stop_loss_abs":0.15097,"initial_stop_loss_ratio":-0.05,"stop_loss_abs":0.15097,"stop_loss_ratio":-0.05,"min_rate":0.15808,"max_rate":0.16111,"is_open":false,"enter_tag":"","leverage":1.0,"is_short":false,"open_timestamp":1763154000000,"close_timestamp":1763157600000,"orders":[{"amount":2113.0,"safe_price":0.15891,"ft_order_side":"buy","order_filled_timestamp":1763154000000,"ft_is_entry":true,"ft_order_tag":"","cost":336.11260683},{"amount":2113.0,"safe_price":0.16016,"ft_order_side":"sell","order_filled_timestamp":1763157600000,"ft_is_entry":false,"ft_order_tag":"exit_signal","cost":338.7564980799999}],"funding_fees":0.0,"weekday":4},{"pair":"DOGE/USDT","stake_amount":336.4251,"max_stake_amount":336.4251,"amount":2134.0,"open_date":"2025-11-15 00:00:00+00:00","close_date":"2025-11-15 02:00:00+00:00","open_rate":0.15765,"close_rate":0.16137,"fee_open":0.001,"fee_close":0.001,"trade_duration":120,"profit_ratio":0.021551426689390536,"profit_abs":7.25769132,"exit_reason":"roi","initial_stop_loss_abs":0.14977,"initial_stop_loss_ratio":-0.05,"stop_loss_abs":0.14977,"stop_loss_ratio":-0.05,"min_rate":0.15721,"max_rate":0.16243,"is_open":false,"enter_tag":"","leverage":1.0,"is_short":false,"open_timestamp":1763164800000,"close_timestamp":1763172000000,"orders":[{"amount":2134.0,"safe_price":0.15765,"ft_order_side":"buy","order_filled_timestamp":1763164800000,"ft_is_entry":true,"ft_order_tag":"","cost":336.76152510000003},{"amount":2134.0,"safe_price":0.16137,"ft_order_side":"sell","order_filled_timestamp":1763172000000,"ft_is_entry":false,"ft_order_tag":"roi","cost":344.70794357999995}],"funding_fees":0.0,"weekday":5},{"pair":"DOGE/USDT","stake_amount":338.8049,"max_stake_amount":338.8049,"amount":2414.0,"open_date":"2025-11-21 08:00:00+00:00","close_date":"2025-11-21 12:00:00+00:00","open_rate":0.14035,"close_rate":0.13334,"fee_open":0.001,"fee_close":0.001,"trade_duration":240,"profit_ratio":-0.05184477083301451,"profit_abs":-17.58282766,"exit_reason":"stop_loss","initial_stop_loss_abs":0.13334,"initial_stop_loss_ratio":-0.05,"stop_loss_abs":0.13334,"stop_loss_ratio":-0.05,"min_rate":0.13321,"max_rate":0.14234,"is_open":false,"enter_tag":"","leverage":1.0,"is_short":false,"open_timestamp":1763712000000,"close_timestamp":1763726400000,"orders":[{"amount":2414.0,"safe_price":0.14035,"ft_order_side":"buy","order_filled_timestamp":1763712000000,"ft_is_entry":true,"ft_order_tag":"","cost":339.1437049},{"amount":2414.0,"safe_price":0.13334,"ft_order_side":"sell","order_filled_timestamp":1763726400000,"ft_is_entry":false,"ft_order_tag":"stop_loss","cost":322.2046427599999}],"funding_fees":0.0,"weekday":4},{"pair":"DOGE/USDT","stake_amount":333.08712,"max_stake_amount":333.08712,"amount":2397.0,"open_date":"2025-11-21 21:00:00+00:00","close_date":"2025-11-21 23:00:00+00:00","open_rate":0.13896,"close_rate":0.1392381981981982,"fee_open":0.001,"fee_close":0.001,"trade_duration":120,"profit_ratio":0.0,"profit_abs":0.0,"exit_reason":"roi","initial_stop_loss_abs":0.13202,"initial_stop_loss_ratio":-0.05,"stop_loss_abs":0.13202,"stop_loss_ratio":-0.05,"min_rate":0.13574,"max_rate":0.14167,"is_open":false,"enter_tag":"","leverage":1.0,"is_short":false,"open_timestamp":1763758800000,"close_timestamp":1763766000000,"orders":[{"amount":2397.0,"safe_price":0.13896,"ft_order_side":"buy","order_filled_timestamp":1763758800000,"ft_is_entry":true,"ft_order_tag":"","cost":333.42020712},{"amount":2397.0,"safe_price":0.1392381981981982,"ft_order_side":"sell","order_filled_timestamp":1763766000000,"ft_is_entry":false,"ft_order_tag":"roi","cost":334.08771504216213}],"funding_fees":0.0,"weekday":4},{"pair":"DOGE/USDT","stake_amount":333.0646,"max_stake_amount":333.0646,"amount":2420.0,"open_date":"2025-11-22 05:00:00+00:00","close_date":"2025-11-22 07:00:00+00:00","open_rate":0.13763,"close_rate":0.13906,"fee_open":0.001,"fee_close":0.001,"trade_duration":120,"profit_ratio":0.008371414968813792,"profit_abs":2.7910102,"exit_reason":"roi","initial_stop_loss_abs":0.13075,"initial_stop_loss_ratio":-0.05,"stop_loss_abs":0.13075,"stop_loss_ratio":-0.05,"min_rate":0.13579,"max_rate":0.14016,"is_open":false,"enter_tag":"","leverage":1.0,"is_short":false,"open_timestamp":1763787600000,"close_timestamp":1763794800000,"orders":[{"amount":2420.0,"safe_price":0.13763,"ft_order_side":"buy","order_filled_timestamp":1763787600000,"ft_is_entry":true,"ft_order_tag":"","cost":333.3976645999999},{"amount":2420.0,"safe_price":0.13906,"ft_order_side":"sell","order_filled_timestamp":1763794800000,"ft_is_entry":false,"ft_order_tag":"roi","cost":336.86172519999997}],"funding_fees":0.0,"weekday":5},{"pair":"DOGE/USDT","stake_amount":334.0436,"max_stake_amount":334.0436,"amount":2449.0,"open_date":"2025-11-22 14:00:00+00:00","close_date":"2025-11-22 16:00:00+00:00","open_rate":0.1364,"close_rate":0.13816,"fee_open":0.001,"fee_close":0.001,"trade_duration":120,"profit_ratio":0.010879443137507654,"profit_abs":3.63784256,"exit_reason":"roi","initial_stop_loss_abs":0.12958,"initial_stop_loss_ratio":-0.05,"stop_loss_abs":0.12958,"stop_loss_ratio":-0.05,"min_rate":0.13632,"max_rate":0.13977,"is_open":false,"enter_tag":"","leverage":1.0,"is_short":false,"open_timestamp":1763820000000,"close_timestamp":1763827200000,"orders":[{"amount":2449.0,"safe_price":0.1364,"ft_order_side":"buy","order_filled_timestamp":1763820000000,"ft_is_entry":true,"ft_order_tag":"","cost":334.37764359999994},{"amount":2449.0,"safe_price":0.13816,"ft_order_side":"sell","order_filled_timestamp":1763827200000,"ft_is_entry":false,"ft_order_tag":"roi","cost":338.69219383999996}],"funding_fees":0.0,"weekday":5}],"locks":[],"best_pair":{"key":"DOGE/USDT","trades":18,"profit_mean":0.002742939009699458,"profit_mean_pct":0.27,"profit_total_abs":15.910067650000002,"profit_total":0.01591006765,"profit_total_pct":1.59,"duration_avg":"1:53:00","wins":10,"draws":6,"losses":2,"winrate":0.5555555555555556,"cagr":0.06119594491076863,"expectancy":0.883892647222223,"expectancy_ratio":-0.28239682591590254,"sortino":13.624694160060637,"sharpe":0.4108407949379546,"calmar":18.304401351144662,"sqn":0.4778,"profit_factor":1.4584285667568764,"max_drawdown_account":0.017119504657514134,"max_drawdown_abs":17.58282766},"worst_pair":{"key":"DOGE/USDT","trades":18,"profit_mean":0.002742939009699458,"profit_mean_pct":0.27,"profit_total_abs":15.910067650000002,"profit_total":0.01591006765,"profit_total_pct":1.59,"duration_avg":"1:53:00","wins":10,"draws":6,"losses":2,"winrate":0.5555555555555556,"cagr":0.06119594491076863,"expectancy":0.883892647222223,"expectancy_ratio":-0.28239682591590254,"sortino":13.624694160060637,"sharpe":0.4108407949379546,"calmar":18.304401351144662,"sqn":0.4778,"profit_factor":1.4584285667568764,"max_drawdown_account":0.017119504657514134,"max_drawdown_abs":17.58282766},"results_per_pair":[{"key":"DOGE/USDT","trades":18,"profit_mean":0.002742939009699458,"profit_mean_pct":0.27,"profit_total_abs":15.910067650000002,"profit_total":0.01591006765,"profit_total_pct":1.59,"duration_avg":"1:53:00","wins":10,"draws":6,"losses":2,"winrate":0.5555555555555556,"cagr":0.06119594491076863,"expectancy":0.883892647222223,"expectancy_ratio":-0.28239682591590254,"sortino":13.624694160060637,"sharpe":0.4108407949379546,"calmar":18.304401351144662,"sqn":0.4778,"profit_factor":1.4584285667568764,"max_drawdown_account":0.017119504657514134,"max_drawdown_abs":17.58282766},{"key":"TOTAL","trades":18,"profit_mean":0.002742939009699458,"profit_mean_pct":0.27,"profit_total_abs":15.910067650000002,"profit_total":0.01591006765,"profit_total_pct":1.59,"duration_avg":"1:53:00","wins":10,"draws":6,"losses":2,"winrate":0.5555555555555556,"cagr":0.06119594491076863,"expectancy":0.883892647222223,"expectancy_ratio":-0.28239682591590254,"sortino":13.624694160060637,"sharpe":0.4108407949379546,"calmar":18.304401351144662,"sqn":0.4778,"profit_factor":1.4584285667568764,"max_drawdown_account":0.017119504657514134,"max_drawdown_abs":17.58282766}],"results_per_enter_tag":[{"key":"","trades":18,"profit_mean":0.002742939009699458,"profit_mean_pct":0.27,"profit_total_abs":15.910067650000002,"profit_total":0.01591006765,"profit_total_pct":1.59,"duration_avg":"1:53:00","wins":10,"draws":6,"losses":2,"winrate":0.5555555555555556,"cagr":0.06119594491076863,"expectancy":0.883892647222223,"expectancy_ratio":-0.28239682591590254,"sortino":13.624694160060637,"sharpe":0.4108407949379546,"calmar":18.304401351144662,"sqn":0.4778,"profit_factor":1.4584285667568764,"max_drawdown_account":0.017119504657514134,"max_drawdown_abs":17.58282766},{"key":"TOTAL","trades":18,"profit_mean":0.002742939009699458,"profit_mean_pct":0.27,"profit_total_abs":15.910067650000002,"profit_total":0.01591006765,"profit_total_pct":1.59,"duration_avg":"1:53:00","wins":10,"draws":6,"losses":2,"winrate":0.5555555555555556,"cagr":0.06119594491076863,"expectancy":0.883892647222223,"expectancy_ratio":-0.28239682591590254,"sortino":13.624694160060637,"sharpe":0.4108407949379546,"calmar":18.304401351144662,"sqn":0.4778,"profit_factor":1.4584285667568764,"max_drawdown_account":0.017119504657514134,"max_drawdown_abs":17.58282766}],"exit_reason_summary":[{"key":"roi","trades":15,"profit_mean":0.009814879736741602,"profit_mean_pct":0.98,"profit_total_abs":48.648676220000006,"profit_total":0.048648676220000006,"profit_total_pct":4.86,"duration_avg":"1:56:00","wins":9,"draws":6,"losses":0,"winrate":0.6,"cagr":0.19571698732818676,"expectancy":3.243245081333334,"expectancy_ratio":100.0,"sortino":-100,"sharpe":2.1524711972341177,"calmar":-100,"sqn":2.7261,"profit_factor":0.0,"max_drawdown_account":0.0,"max_drawdown_abs":0.0},{"key":"exit_signal","trades":1,"profit_mean":0.00585236926562205,"profit_mean_pct":0.59,"profit_total_abs":1.96705509,"profit_total":0.0019670550899999997,"profit_total_pct":0.2,"duration_avg":"1:00:00","wins":1,"draws":0,"losses":0,"winrate":1.0,"cagr":0.007421941974468549,"expectancy":1.96705509,"expectancy_ratio":100.0,"sortino":-100,"sharpe":-100,"calmar":-100,"sqn":-100.0,"profit_factor":0.0,"max_drawdown_account":0.0,"max_drawdown_abs":0.0},{"key":"stop_loss","trades":2,"profit_mean":-0.05185133157107791,"profit_mean_pct":-5.19,"profit_total_abs":-34.70566366,"profit_total":-0.03470566366,"profit_total_pct":-3.47,"duration_avg":"2:00:00","wins":0,"draws":0,"losses":2,"winrate":0.0,"cagr":-0.12445915906273952,"expectancy":-17.35283183,"expectancy_ratio":-1.0,"sortino":-29.720430069285747,"sharpe":-29.720430069285747,"calmar":-19.695848633549257,"sqn":-75.4485,"profit_factor":0.0,"max_drawdown_account":0.034705663660000025,"max_drawdown_abs":34.70566366},{"key":"TOTAL","trades":18,"profit_mean":0.002742939009699458,"profit_mean_pct":0.27,"profit_total_abs":15.910067650000002,"profit_total":0.01591006765,"profit_total_pct":1.59,"duration_avg":"1:53:00","wins":10,"draws":6,"losses":2,"winrate":0.5555555555555556,"cagr":0.06119594491076863,"expectancy":0.883892647222223,"expectancy_ratio":-0.28239682591590254,"sortino":13.624694160060637,"sharpe":0.4108407949379546,"calmar":18.304401351144662,"sqn":0.4778,"profit_factor":1.4584285667568764,"max_drawdown_account":0.017119504657514134,"max_drawdown_abs":17.58282766}],"mix_tag_stats":[{"key":["","roi"],"trades":15,"profit_mean":0.009814879736741602,"profit_mean_pct":0.98,"profit_total_abs":48.648676220000006,"profit_total":0.048648676220000006,"profit_total_pct":4.86,"duration_avg":"1:56:00","wins":9,"draws":6,"losses":0,"winrate":0.6,"cagr":0.19571698732818676,"expectancy":3.243245081333334,"expectancy_ratio":100.0,"sortino":-100,"sharpe":2.1524711972341177,"calmar":-100,"sqn":2.7261,"profit_factor":0.0,"max_drawdown_account":0.0,"max_drawdown_abs":0.0},{"key":["","exit_signal"],"trades":1,"profit_mean":0.00585236926562205,"profit_mean_pct":0.59,"profit_total_abs":1.96705509,"profit_total":0.0019670550899999997,"profit_total_pct":0.2,"duration_avg":"1:00:00","wins":1,"draws":0,"losses":0,"winrate":1.0,"cagr":0.007421941974468549,"expectancy":1.96705509,"expectancy_ratio":100.0,"sortino":-100,"sharpe":-100,"calmar":-100,"sqn":-100.0,"profit_factor":0.0,"max_drawdown_account":0.0,"max_drawdown_abs":0.0},{"key":["","stop_loss"],"trades":2,"profit_mean":-0.05185133157107791,"profit_mean_pct":-5.19,"profit_total_abs":-34.70566366,"profit_total":-0.03470566366,"profit_total_pct":-3.47,"duration_avg":"2:00:00","wins":0,"draws":0,"losses":2,"winrate":0.0,"cagr":-0.12445915906273952,"expectancy":-17.35283183,"expectancy_ratio":-1.0,"sortino":-29.720430069285747,"sharpe":-29.720430069285747,"calmar":-19.695848633549257,"sqn":-75.4485,"profit_factor":0.0,"max_drawdown_account":0.034705663660000025,"max_drawdown_abs":34.70566366},{"key":"TOTAL","trades":18,"profit_mean":0.002742939009699458,"profit_mean_pct":0.27,"profit_total_abs":15.910067650000002,"profit_total":0.01591006765,"profit_total_pct":1.59,"duration_avg":"1:53:00","wins":10,"draws":6,"losses":2,"winrate":0.5555555555555556,"cagr":0.06119594491076863,"expectancy":0.883892647222223,"expectancy_ratio":-0.28239682591590254,"sortino":13.624694160060637,"sharpe":0.4108407949379546,"calmar":18.304401351144662,"sqn":0.4778,"profit_factor":1.4584285667568764,"max_drawdown_account":0.017119504657514134,"max_drawdown_abs":17.58282766}],"left_open_trades":[{"key":"TOTAL","trades":0,"profit_mean":0.0,"profit_mean_pct":0.0,"profit_total_abs":0.0,"profit_total":0.0,"profit_total_pct":0.0,"duration_avg":"0:00","wins":0,"draws":0,"losses":0,"winrate":0.0,"cagr":0.0,"expectancy":0.0,"expectancy_ratio":100.0,"sortino":0,"sharpe":0,"calmar":0,"sqn":0.0,"profit_factor":0.0,"max_drawdown_account":0.0,"max_drawdown_abs":0.0}],"total_trades":18,"trade_count_long":18,"trade_count_short":0,"total_volume":11974.180544301951,"avg_stake_amount":331.5096122222222,"profit_mean":0.002742939009699458,"profit_median":0.002225782686231184,"profit_total":0.01591006765,"profit_total_long":0.01591006765,"profit_total_short":0.0,"profit_total_abs":15.910067650000002,"profit_total_long_abs":15.910067650000002,"profit_total_short_abs":0.0,"cagr":0.06119594491076863,"expectancy":0.883892647222223,"expectancy_ratio":-0.28239682591590254,"sortino":13.624694160060637,"sharpe":0.4108407949379546,"calmar":18.304401351144662,"sqn":0.4778,"profit_factor":1.4584285667568764,"backtest_start":"2025-10-01 00:00:00","backtest_start_ts":1759276800000,"backtest_end":"2026-01-06 20:00:00","backtest_end_ts":1767729600000,"backtest_days":97,"backtest_run_start_ts":1767747684,"backtest_run_end_ts":1767747685,"trades_per_day":0.19,"market_change":-0.36632086436227446,"pairlist":["DOGE/USDT"],"stake_amount":"unlimited","stake_currency":"USDT","stake_currency_decimals":3,"starting_balance":1000,"dry_run_wallet":1000,"final_balance":1015.91006765,"rejected_signals":0,"timedout_entry_orders":0,"timedout_exit_orders":0,"canceled_trade_entries":0,"canceled_entry_orders":0,"replaced_entry_orders":0,"max_open_trades":1,"max_open_trades_setting":3,"timeframe":"1h","timeframe_detail":"","timerange":"20251001-","enable_protections":false,"strategy_name":"ACO_61_11","freqaimodel":null,"freqai_identifier":null,"stoploss":-0.05,"trailing_stop":false,"trailing_stop_positive":null,"trailing_stop_positive_offset":0.0,"trailing_only_offset_is_reached":false,"use_custom_stoploss":false,"minimal_roi":{"0":0.1,"60":0.05,"120":0.0},"use_exit_signal":true,"exit_profit_only":false,"exit_profit_offset":0.0,"ignore_roi_if_entry_signal":false,"trading_mode":"spot","margin_mode":"","periodic_breakdown":{"day":[{"date":"10/10/2025","date_ts":1760054400000,"profit_abs":-17.122836,"wins":0,"draws":0,"losses":1,"trades":1,"profit_factor":0.0},{"date":"11/10/2025","date_ts":1760140800000,"profit_abs":5.67333258,"wins":2,"draws":2,"losses":0,"trades":4,"profit_factor":0.0},{"date":"12/10/2025","date_ts":1760227200000,"profit_abs":16.30877,"wins":1,"draws":0,"losses":0,"trades":1,"profit_factor":0.0},{"date":"13/10/2025","date_ts":1760313600000,"profit_abs":0.0,"wins":0,"draws":0,"losses":0,"trades":0,"profit_factor":0.0},{"date":"14/10/2025","date_ts":1760400000000,"profit_abs":4.0981148,"wins":1,"draws":0,"losses":0,"trades":1,"profit_factor":0.0},{"date":"15/10/2025","date_ts":1760486400000,"profit_abs":0.0,"wins":0,"draws":0,"losses":0,"trades":0,"profit_factor":0.0},{"date":"16/10/2025","date_ts":1760572800000,"profit_abs":0.02494611,"wins":1,"draws":0,"losses":0,"trades":1,"profit_factor":0.0},{"date":"17/10/2025","date_ts":1760659200000,"profit_abs":0.0,"wins":0,"draws":0,"losses":0,"trades":0,"profit_factor":0.0},{"date":"18/10/2025","date_ts":1760745600000,"profit_abs":0.0,"wins":0,"draws":0,"losses":0,"trades":0,"profit_factor":0.0},{"date":"19/10/2025","date_ts":1760832000000,"profit_abs":0.0,"wins":0,"draws":0,"losses":0,"trades":0,"profit_factor":0.0},{"date":"20/10/2025","date_ts":1760918400000,"profit_abs":0.0,"wins":0,"draws":0,"losses":0,"trades":0,"profit_factor":0.0},{"date":"21/10/2025","date_ts":1761004800000,"profit_abs":0.0,"wins":0,"draws":0,"losses":0,"trades":0,"profit_factor":0.0},{"date":"22/10/2025","date_ts":1761091200000,"profit_abs":0.0,"wins":0,"draws":0,"losses":0,"trades":0,"profit_factor":0.0},{"date":"23/10/2025","date_ts":1761177600000,"profit_abs":0.0,"wins":0,"draws":0,"losses":0,"trades":0,"profit_factor":0.0},{"date":"24/10/2025","date_ts":1761264000000,"profit_abs":0.0,"wins":0,"draws":0,"losses":0,"trades":0,"profit_factor":0.0},{"date":"25/10/2025","date_ts":1761350400000,"profit_abs":0.0,"wins":0,"draws":0,"losses":0,"trades":0,"profit_factor":0.0},{"date":"26/10/2025","date_ts":1761436800000,"profit_abs":0.0,"wins":0,"draws":0,"losses":0,"trades":0,"profit_factor":0.0},{"date":"27/10/2025","date_ts":1761523200000,"profit_abs":0.0,"wins":0,"draws":0,"losses":0,"trades":0,"profit_factor":0.0},{"date":"28/10/2025","date_ts":1761609600000,"profit_abs":0.0,"wins":0,"draws":0,"losses":0,"trades":0,"profit_factor":0.0},{"date":"29/10/2025","date_ts":1761696000000,"profit_abs":0.0,"wins":0,"draws":0,"losses":0,"trades":0,"profit_factor":0.0},{"date":"30/10/2025","date_ts":1761782400000,"profit_abs":0.0,"wins":0,"draws":0,"losses":0,"trades":0,"profit_factor":0.0},{"date":"31/10/2025","date_ts":1761868800000,"profit_abs":0.0,"wins":0,"draws":0,"losses":0,"trades":0,"profit_factor":0.0},{"date":"01/11/2025","date_ts":1761955200000,"profit_abs":0.0,"wins":0,"draws":0,"losses":0,"trades":0,"profit_factor":0.0},{"date":"02/11/2025","date_ts":1762041600000,"profit_abs":0.0,"wins":0,"draws":0,"losses":0,"trades":0,"profit_factor":0.0},{"date":"03/11/2025","date_ts":1762128000000,"profit_abs":0.0,"wins":0,"draws":0,"losses":0,"trades":0,"profit_factor":0.0},{"date":"04/11/2025","date_ts":1762214400000,"profit_abs":8.85696865,"wins":1,"draws":2,"losses":0,"trades":3,"profit_factor":0.0},{"date":"05/11/2025","date_ts":1762300800000,"profit_abs":0.0,"wins":0,"draws":1,"losses":0,"trades":1,"profit_factor":0.0},{"date":"06/11/2025","date_ts":1762387200000,"profit_abs":0.0,"wins":0,"draws":0,"losses":0,"trades":0,"profit_factor":0.0},{"date":"07/11/2025","date_ts":1762473600000,"profit_abs":0.0,"wins":0,"draws":0,"losses":0,"trades":0,"profit_factor":0.0},{"date":"08/11/2025","date_ts":1762560000000,"profit_abs":0.0,"wins":0,"draws":0,"losses":0,"trades":0,"profit_factor":0.0},{"date":"09/11/2025","date_ts":1762646400000,"profit_abs":0.0,"wins":0,"draws":0,"losses":0,"trades":0,"profit_factor":0.0},{"date":"10/11/2025","date_ts":1762732800000,"profit_abs":0.0,"wins":0,"draws":0,"losses":0,"trades":0,"profit_factor":0.0},{"date":"11/11/2025","date_ts":1762819200000,"profit_abs":0.0,"wins":0,"draws":0,"losses":0,"trades":0,"profit_factor":0.0},{"date":"12/11/2025","date_ts":1762905600000,"profit_abs":0.0,"wins":0,"draws":0,"losses":0,"trades":0,"profit_factor":0.0},{"date":"13/11/2025","date_ts":1762992000000,"profit_abs":0.0,"wins":0,"draws":0,"losses":0,"trades":0,"profit_factor":0.0},{"date":"14/11/2025","date_ts":1763078400000,"profit_abs":1.96705509,"wins":1,"draws":0,"losses":0,"trades":1,"profit_factor":0.0},{"date":"15/11/2025","date_ts":1763164800000,"profit_abs":7.25769132,"wins":1,"draws":0,"losses":0,"trades":1,"profit_factor":0.0},{"date":"16/11/2025","date_ts":1763251200000,"profit_abs":0.0,"wins":0,"draws":0,"losses":0,"trades":0,"profit_factor":0.0},{"date":"17/11/2025","date_ts":1763337600000,"profit_abs":0.0,"wins":0,"draws":0,"losses":0,"trades":0,"profit_factor":0.0},{"date":"18/11/2025","date_ts":1763424000000,"profit_abs":0.0,"wins":0,"draws":0,"losses":0,"trades":0,"profit_factor":0.0},{"date":"19/11/2025","date_ts":1763510400000,"profit_abs":0.0,"wins":0,"draws":0,"losses":0,"trades":0,"profit_factor":0.0},{"date":"20/11/2025","date_ts":1763596800000,"profit_abs":0.0,"wins":0,"draws":0,"losses":0,"trades":0,"profit_factor":0.0},{"date":"21/11/2025","date_ts":1763683200000,"profit_abs":-17.58282766,"wins":0,"draws":1,"losses":1,"trades":2,"profit_factor":0.0},{"date":"22/11/2025","date_ts":1763769600000,"profit_abs":6.42885276,"wins":2,"draws":0,"losses":0,"trades":2,"profit_factor":0.0}],"week":[{"date":"13/10/2025","date_ts":1760313600000,"profit_abs":4.85926658,"wins":3,"draws":2,"losses":1,"trades":6,"profit_factor":1.28378865},{"date":"20/10/2025","date_ts":1760918400000,"profit_abs":4.12306091,"wins":2,"draws":0,"losses":0,"trades":2,"profit_factor":0.0},{"date":"27/10/2025","date_ts":1761523200000,"profit_abs":0.0,"wins":0,"draws":0,"losses":0,"trades":0,"profit_factor":0.0},{"date":"03/11/2025","date_ts":1762128000000,"profit_abs":0.0,"wins":0,"draws":0,"losses":0,"trades":0,"profit_factor":0.0},{"date":"10/11/2025","date_ts":1762732800000,"profit_abs":8.85696865,"wins":1,"draws":3,"losses":0,"trades":4,"profit_factor":0.0},{"date":"17/11/2025","date_ts":1763337600000,"profit_abs":9.22474641,"wins":2,"draws":0,"losses":0,"trades":2,"profit_factor":0.0},{"date":"24/11/2025","date_ts":1763942400000,"profit_abs":-11.1539749,"wins":2,"draws":1,"losses":1,"trades":4,"profit_factor":0.36563247}],"month":[{"date":"31/10/2025","date_ts":1761868800000,"profit_abs":8.98232749,"wins":5,"draws":2,"losses":1,"trades":8,"profit_factor":1.52458176},{"date":"30/11/2025","date_ts":1764460800000,"profit_abs":6.92774016,"wins":5,"draws":4,"losses":1,"trades":10,"profit_factor":1.39400603}],"year":[{"date":"31/12/2025","date_ts":1767139200000,"profit_abs":15.91006765,"wins":10,"draws":6,"losses":2,"trades":18,"profit_factor":1.45842857}],"weekday":[{"date":"Tuesday","date_ts":1,"profit_abs":12.95508345,"wins":2,"draws":2,"losses":0,"trades":4,"profit_factor":0.0},{"date":"Wednesday","date_ts":2,"profit_abs":0.0,"wins":0,"draws":1,"losses":0,"trades":1,"profit_factor":0.0},{"date":"Thursday","date_ts":3,"profit_abs":0.02494611,"wins":1,"draws":0,"losses":0,"trades":1,"profit_factor":0.0},{"date":"Friday","date_ts":4,"profit_abs":-32.73860857,"wins":1,"draws":1,"losses":2,"trades":4,"profit_factor":0.05667822},{"date":"Saturday","date_ts":5,"profit_abs":19.35987666,"wins":5,"draws":2,"losses":0,"trades":7,"profit_factor":0.0},{"date":"Sunday","date_ts":6,"profit_abs":16.30877,"wins":1,"draws":0,"losses":0,"trades":1,"profit_factor":0.0}]},"backtest_best_day":0.04995004995004995,"backtest_worst_day":-0.0518578923091413,"backtest_best_day_abs":16.30877,"backtest_worst_day_abs":-17.58282766,"winning_days":8,"draw_days":34,"losing_days":2,"daily_profit":[["2025-10-10",-17.122836],["2025-10-11",5.67333258],["2025-10-12",16.30877],["2025-10-13",0.0],["2025-10-14",4.0981148],["2025-10-15",0.0],["2025-10-16",0.02494611],["2025-10-17",0.0],["2025-10-18",0.0],["2025-10-19",0.0],["2025-10-20",0.0],["2025-10-21",0.0],["2025-10-22",0.0],["2025-10-23",0.0],["2025-10-24",0.0],["2025-10-25",0.0],["2025-10-26",0.0],["2025-10-27",0.0],["2025-10-28",0.0],["2025-10-29",0.0],["2025-10-30",0.0],["2025-10-31",0.0],["2025-11-01",0.0],["2025-11-02",0.0],["2025-11-03",0.0],["2025-11-04",8.85696865],["2025-11-05",0.0],["2025-11-06",0.0],["2025-11-07",0.0],["2025-11-08",0.0],["2025-11-09",0.0],["2025-11-10",0.0],["2025-11-11",0.0],["2025-11-12",0.0],["2025-11-13",0.0],["2025-11-14",1.96705509],["2025-11-15",7.25769132],["2025-11-16",0.0],["2025-11-17",0.0],["2025-11-18",0.0],["2025-11-19",0.0],["2025-11-20",0.0],["2025-11-21",-17.58282766],["2025-11-22",6.42885276]],"wins":10,"losses":2,"draws":6,"winrate":0.5555555555555556,"holding_avg":"1:53:00","holding_avg_s":6780.0,"winner_holding_min":"0d 01:00","winner_holding_min_s":3600.0,"winner_holding_max":"0d 02:00","winner_holding_max_s":7200.0,"winner_holding_avg":"0d 01:48","winner_holding_avg_s":6480.0,"loser_holding_min":"0d 00:00","loser_holding_min_s":0.0,"loser_holding_max":"0d 04:00","loser_holding_max_s":14400.0,"loser_holding_avg":"0d 02:00","loser_holding_avg_s":7200.0,"max_consecutive_wins":3,"max_consecutive_losses":2,"max_drawdown_account":0.017119504657514134,"max_relative_drawdown":0.017122836000000006,"max_drawdown_abs":17.58282766,"drawdown_start":"2025-11-15 02:00:00","drawdown_start_ts":1763172000000.0,"drawdown_end":"2025-11-21 12:00:00","drawdown_end_ts":1763726400000.0,"drawdown_duration":"6 days 10:00:00","drawdown_duration_s":554400.0,"max_drawdown_low":9.48121489,"max_drawdown_high":27.06404255,"csum_min":982.877164,"csum_max":1027.06404255}},"strategy_comparison":[{"key":"ACO_61_11","trades":18,"profit_mean":0.002742939009699458,"profit_mean_pct":0.27,"profit_total_abs":15.910067650000002,"profit_total":0.01591006765,"profit_total_pct":1.59,"duration_avg":"1:53:00","wins":10,"draws":6,"losses":2,"winrate":0.5555555555555556,"cagr":0.06119594491076863,"expectancy":0.883892647222223,"expectancy_ratio":-0.28239682591590254,"sortino":13.624694160060637,"sharpe":0.4108407949379546,"calmar":18.304401351144662,"sqn":0.4778,"profit_factor":1.4584285667568764,"max_drawdown_account":0.017119504657514134,"max_drawdown_abs":"17.583"}]}