{"strategy":{"ACO_23_1":{"trades":[{"pair":"DOGE/USDT","stake_amount":329.7561,"max_stake_amount":329.7561,"amount":1307.0,"open_date":"2025-10-08 13:00:00+00:00","close_date":"2025-10-08 15:00:00+00:00","open_rate":0.2523,"close_rate":0.2528051051051051,"fee_open":0.001,"fee_close":0.001,"trade_duration":120,"profit_ratio":0.0,"profit_abs":0.0,"exit_reason":"roi","initial_stop_loss_abs":0.23969,"initial_stop_loss_ratio":-0.05,"stop_loss_abs":0.23969,"stop_loss_ratio":-0.05,"min_rate":0.24914,"max_rate":0.25678,"is_open":false,"enter_tag":"","leverage":1.0,"is_short":false,"open_timestamp":1759928400000,"close_timestamp":1759935600000,"orders":[{"amount":1307.0,"safe_price":0.2523,"ft_order_side":"buy","order_filled_timestamp":1759928400000,"ft_is_entry":true,"ft_order_tag":"","cost":330.08585609999994},{"amount":1307.0,"safe_price":0.2528051051051051,"ft_order_side":"sell","order_filled_timestamp":1759935600000,"ft_is_entry":false,"ft_order_tag":"roi","cost":330.7466886447448}],"funding_fees":0.0,"weekday":2},{"pair":"DOGE/USDT","stake_amount":329.97789,"max_stake_amount":329.97789,"amount":1727.0,"open_date":"2025-10-23 04:00:00+00:00","close_date":"2025-10-23 06:00:00+00:00","open_rate":0.19107,"close_rate":0.1921,"fee_open":0.001,"fee_close":0.001,"trade_duration":120,"profit_ratio":0.0033819218934621666,"profit_abs":1.11707541,"exit_reason":"roi","initial_stop_loss_abs":0.18152,"initial_stop_loss_ratio":-0.05,"stop_loss_abs":0.18152,"stop_loss_ratio":-0.05,"min_rate":0.1908,"max_rate":0.19498,"is_open":false,"enter_tag":"","leverage":1.0,"is_short":false,"open_timestamp":1761192000000,"close_timestamp":1761199200000,"orders":[{"amount":1727.0,"safe_price":0.19107,"ft_order_side":"buy","order_filled_timestamp":1761192000000,"ft_is_entry":true,"ft_order_tag":"","cost":330.30786788999995},{"amount":1727.0,"safe_price":0.1921,"ft_order_side":"sell","order_filled_timestamp":1761199200000,"ft_is_entry":false,"ft_order_tag":"roi","cost":332.08845669999994}],"funding_fees":0.0,"weekday":3},{"pair":"DOGE/USDT","stake_amount":330.3049,"max_stake_amount":330.3049,"amount":1655.0,"open_date":"2025-10-26 10:00:00+00:00","close_date":"2025-10-26 12:00:00+00:00","open_rate":0.19958,"close_rate":0.20183,"fee_open":0.001,"fee_close":0.001,"trade_duration":120,"profit_ratio":0.009253147894294302,"profit_abs":3.05941645,"exit_reason":"exit_signal","initial_stop_loss_abs":0.18961,"initial_stop_loss_ratio":-0.05,"stop_loss_abs":0.18961,"stop_loss_ratio":-0.05,"min_rate":0.19833,"max_rate":0.20286,"is_open":false,"enter_tag":"","leverage":1.0,"is_short":false,"open_timestamp":1761472800000,"close_timestamp":1761480000000,"orders":[{"amount":1655.0,"safe_price":0.19958,"ft_order_side":"buy","order_filled_timestamp":1761472800000,"ft_is_entry":true,"ft_order_tag":"","cost":330.6352049},{"amount":1655.0,"safe_price":0.20183,"ft_order_side":"sell","order_filled_timestamp":1761480000000,"ft_is_entry":false,"ft_order_tag":"exit_signal","cost":334.36267864999996}],"funding_fees":0.0,"weekday":6},{"pair":"DOGE/USDT","stake_amount":331.27696,"max_stake_amount":331.27696,"amount":2032.0,"open_date":"2025-11-07 01:00:00+00:00","close_date":"2025-11-07 03:00:00+00:00","open_rate":0.16303,"close_rate":0.16414,"fee_open":0.001,"fee_close":0.001,"trade_duration":120,"profit_ratio":0.004796957321032644,"profit_abs":1.59071056,"exit_reason":"roi","initial_stop_loss_abs":0.15488,"initial_stop_loss_ratio":-0.05,"stop_loss_abs":0.15488,"stop_loss_ratio":-0.05,"min_rate":0.16095,"max_rate":0.16509,"is_open":false,"enter_tag":"","leverage":1.0,"is_short":false,"open_timestamp":1762477200000,"close_timestamp":1762484400000,"orders":[{"amount":2032.0,"safe_price":0.16303,"ft_order_side":"buy","order_filled_timestamp":1762477200000,"ft_is_entry":true,"ft_order_tag":"","cost":331.60823696},{"amount":2032.0,"safe_price":0.16414,"ft_order_side":"sell","order_filled_timestamp":1762484400000,"ft_is_entry":false,"ft_order_tag":"roi","cost":333.86601248}],"funding_fees":0.0,"weekday":4},{"pair":"DOGE/USDT","stake_amount":331.86465,"max_stake_amount":331.86465,"amount":1833.0,"open_date":"2025-11-11 01:00:00+00:00","close_date":"2025-11-11 03:00:00+00:00","open_rate":0.18105,"close_rate":0.18294,"fee_open":0.001,"fee_close":0.001,"trade_duration":120,"profit_ratio":0.008420245868464593,"profit_abs":2.79717633,"exit_reason":"roi","initial_stop_loss_abs":0.172,"initial_stop_loss_ratio":-0.05,"stop_loss_abs":0.172,"stop_loss_ratio":-0.05,"min_rate":0.17973,"max_rate":0.1864,"is_open":false,"enter_tag":"","leverage":1.0,"is_short":false,"open_timestamp":1762822800000,"close_timestamp":1762830000000,"orders":[{"amount":1833.0,"safe_price":0.18105,"ft_order_side":"buy","order_filled_timestamp":1762822800000,"ft_is_entry":true,"ft_order_tag":"","cost":332.1965146499999},{"amount":1833.0,"safe_price":0.18294,"ft_order_side":"sell","order_filled_timestamp":1762830000000,"ft_is_entry":false,"ft_order_tag":"roi","cost":335.6643490199999}],"funding_fees":0.0,"weekday":1},{"pair":"DOGE/USDT","stake_amount":332.69394,"max_stake_amount":332.69394,"amount":2382.0,"open_date":"2025-11-22 19:00:00+00:00","close_date":"2025-11-22 21:00:00+00:00","open_rate":0.13967,"close_rate":0.13994961961961958,"fee_open":0.001,"fee_close":0.001,"trade_duration":120,"profit_ratio":0.0,"profit_abs":0.0,"exit_reason":"roi","initial_stop_loss_abs":0.13269,"initial_stop_loss_ratio":-0.05,"stop_loss_abs":0.13269,"stop_loss_ratio":-0.05,"min_rate":0.13874,"max_rate":0.14018,"is_open":false,"enter_tag":"","leverage":1.0,"is_short":false,"open_timestamp":1763838000000,"close_timestamp":1763845200000,"orders":[{"amount":2382.0,"safe_price":0.13967,"ft_order_side":"buy","order_filled_timestamp":1763838000000,"ft_is_entry":true,"ft_order_tag":"","cost":333.02663393999995},{"amount":2382.0,"safe_price":0.13994961961961958,"ft_order_side":"sell","order_filled_timestamp":1763845200000,"ft_is_entry":false,"ft_order_tag":"roi","cost":333.69335392786775}],"funding_fees":0.0,"weekday":5},{"pair":"DOGE/USDT","stake_amount":332.79501,"max_stake_amount":332.79501,"amount":2137.0,"open_date":"2025-11-26 18:00:00+00:00","close_date":"2025-11-26 19:00:00+00:00","open_rate":0.15573,"close_rate":0.15666,"fee_open":0.001,"fee_close":0.001,"trade_duration":60,"profit_ratio":0.003961940583015521,"profit_abs":1.31983257,"exit_reason":"exit_signal","initial_stop_loss_abs":0.14795,"initial_stop_loss_ratio":-0.05,"stop_loss_abs":0.14795,"stop_loss_ratio":-0.05,"min_rate":0.15539,"max_rate":0.15681,"is_open":false,"enter_tag":"","leverage":1.0,"is_short":false,"open_timestamp":1764180000000,"close_timestamp":1764183600000,"orders":[{"amount":2137.0,"safe_price":0.15573,"ft_order_side":"buy","order_filled_timestamp":1764180000000,"ft_is_entry":true,"ft_order_tag":"","cost":333.12780501},{"amount":2137.0,"safe_price":0.15666,"ft_order_side":"sell","order_filled_timestamp":1764183600000,"ft_is_entry":false,"ft_order_tag":"exit_signal","cost":335.11720241999996}],"funding_fees":0.0,"weekday":2},{"pair":"DOGE/USDT","stake_amount":333.19502,"max_stake_amount":333.19502,"amount":2546.0,"open_date":"2025-12-16 11:00:00+00:00","close_date":"2025-12-16 13:00:00+00:00","open_rate":0.13087,"close_rate":0.13139,"fee_open":0.001,"fee_close":0.001,"trade_duration":120,"profit_ratio":0.0019674678496409987,"profit_abs":0.65620604,"exit_reason":"roi","initial_stop_loss_abs":0.12433,"initial_stop_loss_ratio":-0.05,"stop_loss_abs":0.12433,"stop_loss_ratio":-0.05,"min_rate":0.12975,"max_rate":0.13263,"is_open":false,"enter_tag":"","leverage":1.0,"is_short":false,"open_timestamp":1765882800000,"close_timestamp":1765890000000,"orders":[{"amount":2546.0,"safe_price":0.13087,"ft_order_side":"buy","order_filled_timestamp":1765882800000,"ft_is_entry":true,"ft_order_tag":"","cost":333.5282150199999},{"amount":2546.0,"safe_price":0.13139,"ft_order_side":"sell","order_filled_timestamp":1765890000000,"ft_is_entry":false,"ft_order_tag":"roi","cost":334.85345894}],"funding_fees":0.0,"weekday":1},{"pair":"DOGE/USDT","stake_amount":333.44682,"max_stake_amount":333.44682,"amount":2642.0,"open_date":"2025-12-26 14:00:00+00:00","close_date":"2025-12-29 02:00:00+00:00","open_rate":0.12621,"close_rate":0.12646267267267264,"fee_open":0.001,"fee_close":0.001,"trade_duration":3600,"profit_ratio":0.0,"profit_abs":0.0,"exit_reason":"roi","initial_stop_loss_abs":0.1199,"initial_stop_loss_ratio":-0.05,"stop_loss_abs":0.1199,"stop_loss_ratio":-0.05,"min_rate":0.12064,"max_rate":0.12709,"is_open":false,"enter_tag":"","leverage":1.0,"is_short":false,"open_timestamp":1766757600000,"close_timestamp":1766973600000,"orders":[{"amount":2642.0,"safe_price":0.12621,"ft_order_side":"buy","order_filled_timestamp":1766757600000,"ft_is_entry":true,"ft_order_tag":"","cost":333.7802668199999},{"amount":2642.0,"safe_price":0.12646267267267264,"ft_order_side":"sell","order_filled_timestamp":1766973600000,"ft_is_entry":false,"ft_order_tag":"roi","cost":334.4484955824023}],"funding_fees":0.0,"weekday":0}],"locks":[],"best_pair":{"key":"DOGE/USDT","trades":9,"profit_mean":0.003531297934434469,"profit_mean_pct":0.35,"profit_total_abs":10.54041736,"profit_total":0.01054041736,"profit_total_pct":1.05,"duration_avg":"8:20:00","wins":6,"draws":3,"losses":0,"winrate":0.6666666666666666,"cagr":0.04024350320295289,"expectancy":1.1711574844444443,"expectancy_ratio":100.0,"sortino":-100,"sharpe":1.8959750576445238,"calmar":-100,"sqn":3.0252,"profit_factor":0.0,"max_drawdown_account":0.0,"max_drawdown_abs":0.0},"worst_pair":{"key":"DOGE/USDT","trades":9,"profit_mean":0.003531297934434469,"profit_mean_pct":0.35,"profit_total_abs":10.54041736,"profit_total":0.01054041736,"profit_total_pct":1.05,"duration_avg":"8:20:00","wins":6,"draws":3,"losses":0,"winrate":0.6666666666666666,"cagr":0.04024350320295289,"expectancy":1.1711574844444443,"expectancy_ratio":100.0,"sortino":-100,"sharpe":1.8959750576445238,"calmar":-100,"sqn":3.0252,"profit_factor":0.0,"max_drawdown_account":0.0,"max_drawdown_abs":0.0},"results_per_pair":[{"key":"DOGE/USDT","trades":9,"profit_mean":0.003531297934434469,"profit_mean_pct":0.35,"profit_total_abs":10.54041736,"profit_total":0.01054041736,"profit_total_pct":1.05,"duration_avg":"8:20:00","wins":6,"draws":3,"losses":0,"winrate":0.6666666666666666,"cagr":0.04024350320295289,"expectancy":1.1711574844444443,"expectancy_ratio":100.0,"sortino":-100,"sharpe":1.8959750576445238,"calmar":-100,"sqn":3.0252,"profit_factor":0.0,"max_drawdown_account":0.0,"max_drawdown_abs":0.0},{"key":"TOTAL","trades":9,"profit_mean":0.003531297934434469,"profit_mean_pct":0.35,"profit_total_abs":10.54041736,"profit_total":0.01054041736,"profit_total_pct":1.05,"duration_avg":"8:20:00","wins":6,"draws":3,"losses":0,"winrate":0.6666666666666666,"cagr":0.04024350320295289,"expectancy":1.1711574844444443,"expectancy_ratio":100.0,"sortino":-100,"sharpe":1.8959750576445238,"calmar":-100,"sqn":3.0252,"profit_factor":0.0,"max_drawdown_account":0.0,"max_drawdown_abs":0.0}],"results_per_enter_tag":[{"key":"","trades":9,"profit_mean":0.003531297934434469,"profit_mean_pct":0.35,"profit_total_abs":10.54041736,"profit_total":0.01054041736,"profit_total_pct":1.05,"duration_avg":"8:20:00","wins":6,"draws":3,"losses":0,"winrate":0.6666666666666666,"cagr":0.04024350320295289,"expectancy":1.1711574844444443,"expectancy_ratio":100.0,"sortino":-100,"sharpe":1.8959750576445238,"calmar":-100,"sqn":3.0252,"profit_factor":0.0,"max_drawdown_account":0.0,"max_drawdown_abs":0.0},{"key":"TOTAL","trades":9,"profit_mean":0.003531297934434469,"profit_mean_pct":0.35,"profit_total_abs":10.54041736,"profit_total":0.01054041736,"profit_total_pct":1.05,"duration_avg":"8:20:00","wins":6,"draws":3,"losses":0,"winrate":0.6666666666666666,"cagr":0.04024350320295289,"expectancy":1.1711574844444443,"expectancy_ratio":100.0,"sortino":-100,"sharpe":1.8959750576445238,"calmar":-100,"sqn":3.0252,"profit_factor":0.0,"max_drawdown_account":0.0,"max_drawdown_abs":0.0}],"exit_reason_summary":[{"key":"roi","trades":7,"profit_mean":0.002652370418942914,"profit_mean_pct":0.27,"profit_total_abs":6.16116834,"profit_total":0.006161168339999999,"profit_total_pct":0.62,"duration_avg":"10:17:00","wins":4,"draws":3,"losses":0,"winrate":0.5714285714285714,"cagr":0.023381817218971923,"expectancy":0.8801669057142856,"expectancy_ratio":100.0,"sortino":-100,"sharpe":1.2487649851924973,"calmar":-100,"sqn":2.2186,"profit_factor":0.0,"max_drawdown_account":0.0,"max_drawdown_abs":0.0},{"key":"exit_signal","trades":2,"profit_mean":0.006607544238654912,"profit_mean_pct":0.66,"profit_total_abs":4.37924902,"profit_total":0.00437924902,"profit_total_pct":0.44,"duration_avg":"1:30:00","wins":2,"draws":0,"losses":0,"winrate":1.0,"cagr":0.0165785646331138,"expectancy":2.18962451,"expectancy_ratio":100.0,"sortino":-100,"sharpe":0.991651242785016,"calmar":-100,"sqn":2.5174,"profit_factor":0.0,"max_drawdown_account":0.0,"max_drawdown_abs":0.0},{"key":"TOTAL","trades":9,"profit_mean":0.003531297934434469,"profit_mean_pct":0.35,"profit_total_abs":10.54041736,"profit_total":0.01054041736,"profit_total_pct":1.05,"duration_avg":"8:20:00","wins":6,"draws":3,"losses":0,"winrate":0.6666666666666666,"cagr":0.04024350320295289,"expectancy":1.1711574844444443,"expectancy_ratio":100.0,"sortino":-100,"sharpe":1.8959750576445238,"calmar":-100,"sqn":3.0252,"profit_factor":0.0,"max_drawdown_account":0.0,"max_drawdown_abs":0.0}],"mix_tag_stats":[{"key":["","roi"],"trades":7,"profit_mean":0.002652370418942914,"profit_mean_pct":0.27,"profit_total_abs":6.16116834,"profit_total":0.006161168339999999,"profit_total_pct":0.62,"duration_avg":"10:17:00","wins":4,"draws":3,"losses":0,"winrate":0.5714285714285714,"cagr":0.023381817218971923,"expectancy":0.8801669057142856,"expectancy_ratio":100.0,"sortino":-100,"sharpe":1.2487649851924973,"calmar":-100,"sqn":2.2186,"profit_factor":0.0,"max_drawdown_account":0.0,"max_drawdown_abs":0.0},{"key":["","exit_signal"],"trades":2,"profit_mean":0.006607544238654912,"profit_mean_pct":0.66,"profit_total_abs":4.37924902,"profit_total":0.00437924902,"profit_total_pct":0.44,"duration_avg":"1:30:00","wins":2,"draws":0,"losses":0,"winrate":1.0,"cagr":0.0165785646331138,"expectancy":2.18962451,"expectancy_ratio":100.0,"sortino":-100,"sharpe":0.991651242785016,"calmar":-100,"sqn":2.5174,"profit_factor":0.0,"max_drawdown_account":0.0,"max_drawdown_abs":0.0},{"key":"TOTAL","trades":9,"profit_mean":0.003531297934434469,"profit_mean_pct":0.35,"profit_total_abs":10.54041736,"profit_total":0.01054041736,"profit_total_pct":1.05,"duration_avg":"8:20:00","wins":6,"draws":3,"losses":0,"winrate":0.6666666666666666,"cagr":0.04024350320295289,"expectancy":1.1711574844444443,"expectancy_ratio":100.0,"sortino":-100,"sharpe":1.8959750576445238,"calmar":-100,"sqn":3.0252,"profit_factor":0.0,"max_drawdown_account":0.0,"max_drawdown_abs":0.0}],"left_open_trades":[{"key":"TOTAL","trades":0,"profit_mean":0.0,"profit_mean_pct":0.0,"profit_total_abs":0.0,"profit_total":0.0,"profit_total_pct":0.0,"duration_avg":"0:00","wins":0,"draws":0,"losses":0,"winrate":0.0,"cagr":0.0,"expectancy":0.0,"expectancy_ratio":100.0,"sortino":0,"sharpe":0,"calmar":0,"sqn":0.0,"profit_factor":0.0,"max_drawdown_account":0.0,"max_drawdown_abs":0.0}],"total_trades":9,"trade_count_long":9,"trade_count_short":0,"total_volume":5993.137297655015,"avg_stake_amount":331.70125444444443,"profit_mean":0.003531297934434469,"profit_median":0.0033819218934621666,"profit_total":0.01054041736,"profit_total_long":0.01054041736,"profit_total_short":0.0,"profit_total_abs":10.54041736,"profit_total_long_abs":10.54041736,"profit_total_short_abs":0.0,"cagr":0.04024350320295289,"expectancy":1.1711574844444443,"expectancy_ratio":100.0,"sortino":-100,"sharpe":1.8959750576445238,"calmar":-100,"sqn":3.0252,"profit_factor":0.0,"backtest_start":"2025-10-01 00:00:00","backtest_start_ts":1759276800000,"backtest_end":"2026-01-06 20:00:00","backtest_end_ts":1767729600000,"backtest_days":97,"backtest_run_start_ts":1767748306,"backtest_run_end_ts":1767748306,"trades_per_day":0.09,"market_change":-0.36632086436227446,"pairlist":["DOGE/USDT"],"stake_amount":"unlimited","stake_currency":"USDT","stake_currency_decimals":3,"starting_balance":1000,"dry_run_wallet":1000,"final_balance":1010.54041736,"rejected_signals":0,"timedout_entry_orders":0,"timedout_exit_orders":0,"canceled_trade_entries":0,"canceled_entry_orders":0,"replaced_entry_orders":0,"max_open_trades":1,"max_open_trades_setting":3,"timeframe":"1h","timeframe_detail":"","timerange":"20251001-","enable_protections":false,"strategy_name":"ACO_23_1","freqaimodel":null,"freqai_identifier":null,"stoploss":-0.05,"trailing_stop":false,"trailing_stop_positive":null,"trailing_stop_positive_offset":0.0,"trailing_only_offset_is_reached":false,"use_custom_stoploss":false,"minimal_roi":{"0":0.1,"60":0.05,"120":0.0},"use_exit_signal":true,"exit_profit_only":false,"exit_profit_offset":0.0,"ignore_roi_if_entry_signal":false,"trading_mode":"spot","margin_mode":"","periodic_breakdown":{"day":[{"date":"08/10/2025","date_ts":1759881600000,"profit_abs":0.0,"wins":0,"draws":1,"losses":0,"trades":1,"profit_factor":0.0},{"date":"09/10/2025","date_ts":1759968000000,"profit_abs":0.0,"wins":0,"draws":0,"losses":0,"trades":0,"profit_factor":0.0},{"date":"10/10/2025","date_ts":1760054400000,"profit_abs":0.0,"wins":0,"draws":0,"losses":0,"trades":0,"profit_factor":0.0},{"date":"11/10/2025","date_ts":1760140800000,"profit_abs":0.0,"wins":0,"draws":0,"losses":0,"trades":0,"profit_factor":0.0},{"date":"12/10/2025","date_ts":1760227200000,"profit_abs":0.0,"wins":0,"draws":0,"losses":0,"trades":0,"profit_factor":0.0},{"date":"13/10/2025","date_ts":1760313600000,"profit_abs":0.0,"wins":0,"draws":0,"losses":0,"trades":0,"profit_factor":0.0},{"date":"14/10/2025","date_ts":1760400000000,"profit_abs":0.0,"wins":0,"draws":0,"losses":0,"trades":0,"profit_factor":0.0},{"date":"15/10/2025","date_ts":1760486400000,"profit_abs":0.0,"wins":0,"draws":0,"losses":0,"trades":0,"profit_factor":0.0},{"date":"16/10/2025","date_ts":1760572800000,"profit_abs":0.0,"wins":0,"draws":0,"losses":0,"trades":0,"profit_factor":0.0},{"date":"17/10/2025","date_ts":1760659200000,"profit_abs":0.0,"wins":0,"draws":0,"losses":0,"trades":0,"profit_factor":0.0},{"date":"18/10/2025","date_ts":1760745600000,"profit_abs":0.0,"wins":0,"draws":0,"losses":0,"trades":0,"profit_factor":0.0},{"date":"19/10/2025","date_ts":1760832000000,"profit_abs":0.0,"wins":0,"draws":0,"losses":0,"trades":0,"profit_factor":0.0},{"date":"20/10/2025","date_ts":1760918400000,"profit_abs":0.0,"wins":0,"draws":0,"losses":0,"trades":0,"profit_factor":0.0},{"date":"21/10/2025","date_ts":1761004800000,"profit_abs":0.0,"wins":0,"draws":0,"losses":0,"trades":0,"profit_factor":0.0},{"date":"22/10/2025","date_ts":1761091200000,"profit_abs":0.0,"wins":0,"draws":0,"losses":0,"trades":0,"profit_factor":0.0},{"date":"23/10/2025","date_ts":1761177600000,"profit_abs":1.11707541,"wins":1,"draws":0,"losses":0,"trades":1,"profit_factor":0.0},{"date":"24/10/2025","date_ts":1761264000000,"profit_abs":0.0,"wins":0,"draws":0,"losses":0,"trades":0,"profit_factor":0.0},{"date":"25/10/2025","date_ts":1761350400000,"profit_abs":0.0,"wins":0,"draws":0,"losses":0,"trades":0,"profit_factor":0.0},{"date":"26/10/2025","date_ts":1761436800000,"profit_abs":3.05941645,"wins":1,"draws":0,"losses":0,"trades":1,"profit_factor":0.0},{"date":"27/10/2025","date_ts":1761523200000,"profit_abs":0.0,"wins":0,"draws":0,"losses":0,"trades":0,"profit_factor":0.0},{"date":"28/10/2025","date_ts":1761609600000,"profit_abs":0.0,"wins":0,"draws":0,"losses":0,"trades":0,"profit_factor":0.0},{"date":"29/10/2025","date_ts":1761696000000,"profit_abs":0.0,"wins":0,"draws":0,"losses":0,"trades":0,"profit_factor":0.0},{"date":"30/10/2025","date_ts":1761782400000,"profit_abs":0.0,"wins":0,"draws":0,"losses":0,"trades":0,"profit_factor":0.0},{"date":"31/10/2025","date_ts":1761868800000,"profit_abs":0.0,"wins":0,"draws":0,"losses":0,"trades":0,"profit_factor":0.0},{"date":"01/11/2025","date_ts":1761955200000,"profit_abs":0.0,"wins":0,"draws":0,"losses":0,"trades":0,"profit_factor":0.0},{"date":"02/11/2025","date_ts":1762041600000,"profit_abs":0.0,"wins":0,"draws":0,"losses":0,"trades":0,"profit_factor":0.0},{"date":"03/11/2025","date_ts":1762128000000,"profit_abs":0.0,"wins":0,"draws":0,"losses":0,"trades":0,"profit_factor":0.0},{"date":"04/11/2025","date_ts":1762214400000,"profit_abs":0.0,"wins":0,"draws":0,"losses":0,"trades":0,"profit_factor":0.0},{"date":"05/11/2025","date_ts":1762300800000,"profit_abs":0.0,"wins":0,"draws":0,"losses":0,"trades":0,"profit_factor":0.0},{"date":"06/11/2025","date_ts":1762387200000,"profit_abs":0.0,"wins":0,"draws":0,"losses":0,"trades":0,"profit_factor":0.0},{"date":"07/11/2025","date_ts":1762473600000,"profit_abs":1.59071056,"wins":1,"draws":0,"losses":0,"trades":1,"profit_factor":0.0},{"date":"08/11/2025","date_ts":1762560000000,"profit_abs":0.0,"wins":0,"draws":0,"losses":0,"trades":0,"profit_factor":0.0},{"date":"09/11/2025","date_ts":1762646400000,"profit_abs":0.0,"wins":0,"draws":0,"losses":0,"trades":0,"profit_factor":0.0},{"date":"10/11/2025","date_ts":1762732800000,"profit_abs":0.0,"wins":0,"draws":0,"losses":0,"trades":0,"profit_factor":0.0},{"date":"11/11/2025","date_ts":1762819200000,"profit_abs":2.79717633,"wins":1,"draws":0,"losses":0,"trades":1,"profit_factor":0.0},{"date":"12/11/2025","date_ts":1762905600000,"profit_abs":0.0,"wins":0,"draws":0,"losses":0,"trades":0,"profit_factor":0.0},{"date":"13/11/2025","date_ts":1762992000000,"profit_abs":0.0,"wins":0,"draws":0,"losses":0,"trades":0,"profit_factor":0.0},{"date":"14/11/2025","date_ts":1763078400000,"profit_abs":0.0,"wins":0,"draws":0,"losses":0,"trades":0,"profit_factor":0.0},{"date":"15/11/2025","date_ts":1763164800000,"profit_abs":0.0,"wins":0,"draws":0,"losses":0,"trades":0,"profit_factor":0.0},{"date":"16/11/2025","date_ts":1763251200000,"profit_abs":0.0,"wins":0,"draws":0,"losses":0,"trades":0,"profit_factor":0.0},{"date":"17/11/2025","date_ts":1763337600000,"profit_abs":0.0,"wins":0,"draws":0,"losses":0,"trades":0,"profit_factor":0.0},{"date":"18/11/2025","date_ts":1763424000000,"profit_abs":0.0,"wins":0,"draws":0,"losses":0,"trades":0,"profit_factor":0.0},{"date":"19/11/2025","date_ts":1763510400000,"profit_abs":0.0,"wins":0,"draws":0,"losses":0,"trades":0,"profit_factor":0.0},{"date":"20/11/2025","date_ts":1763596800000,"profit_abs":0.0,"wins":0,"draws":0,"losses":0,"trades":0,"profit_factor":0.0},{"date":"21/11/2025","date_ts":1763683200000,"profit_abs":0.0,"wins":0,"draws":0,"losses":0,"trades":0,"profit_factor":0.0},{"date":"22/11/2025","date_ts":1763769600000,"profit_abs":0.0,"wins":0,"draws":1,"losses":0,"trades":1,"profit_factor":0.0},{"date":"23/11/2025","date_ts":1763856000000,"profit_abs":0.0,"wins":0,"draws":0,"losses":0,"trades":0,"profit_factor":0.0},{"date":"24/11/2025","date_ts":1763942400000,"profit_abs":0.0,"wins":0,"draws":0,"losses":0,"trades":0,"profit_factor":0.0},{"date":"25/11/2025","date_ts":1764028800000,"profit_abs":0.0,"wins":0,"draws":0,"losses":0,"trades":0,"profit_factor":0.0},{"date":"26/11/2025","date_ts":1764115200000,"profit_abs":1.31983257,"wins":1,"draws":0,"losses":0,"trades":1,"profit_factor":0.0},{"date":"27/11/2025","date_ts":1764201600000,"profit_abs":0.0,"wins":0,"draws":0,"losses":0,"trades":0,"profit_factor":0.0},{"date":"28/11/2025","date_ts":1764288000000,"profit_abs":0.0,"wins":0,"draws":0,"losses":0,"trades":0,"profit_factor":0.0},{"date":"29/11/2025","date_ts":1764374400000,"profit_abs":0.0,"wins":0,"draws":0,"losses":0,"trades":0,"profit_factor":0.0},{"date":"30/11/2025","date_ts":1764460800000,"profit_abs":0.0,"wins":0,"draws":0,"losses":0,"trades":0,"profit_factor":0.0},{"date":"01/12/2025","date_ts":1764547200000,"profit_abs":0.0,"wins":0,"draws":0,"losses":0,"trades":0,"profit_factor":0.0},{"date":"02/12/2025","date_ts":1764633600000,"profit_abs":0.0,"wins":0,"draws":0,"losses":0,"trades":0,"profit_factor":0.0},{"date":"03/12/2025","date_ts":1764720000000,"profit_abs":0.0,"wins":0,"draws":0,"losses":0,"trades":0,"profit_factor":0.0},{"date":"04/12/2025","date_ts":1764806400000,"profit_abs":0.0,"wins":0,"draws":0,"losses":0,"trades":0,"profit_factor":0.0},{"date":"05/12/2025","date_ts":1764892800000,"profit_abs":0.0,"wins":0,"draws":0,"losses":0,"trades":0,"profit_factor":0.0},{"date":"06/12/2025","date_ts":1764979200000,"profit_abs":0.0,"wins":0,"draws":0,"losses":0,"trades":0,"profit_factor":0.0},{"date":"07/12/2025","date_ts":1765065600000,"profit_abs":0.0,"wins":0,"draws":0,"losses":0,"trades":0,"profit_factor":0.0},{"date":"08/12/2025","date_ts":1765152000000,"profit_abs":0.0,"wins":0,"draws":0,"losses":0,"trades":0,"profit_factor":0.0},{"date":"09/12/2025","date_ts":1765238400000,"profit_abs":0.0,"wins":0,"draws":0,"losses":0,"trades":0,"profit_factor":0.0},{"date":"10/12/2025","date_ts":1765324800000,"profit_abs":0.0,"wins":0,"draws":0,"losses":0,"trades":0,"profit_factor":0.0},{"date":"11/12/2025","date_ts":1765411200000,"profit_abs":0.0,"wins":0,"draws":0,"losses":0,"trades":0,"profit_factor":0.0},{"date":"12/12/2025","date_ts":1765497600000,"profit_abs":0.0,"wins":0,"draws":0,"losses":0,"trades":0,"profit_factor":0.0},{"date":"13/12/2025","date_ts":1765584000000,"profit_abs":0.0,"wins":0,"draws":0,"losses":0,"trades":0,"profit_factor":0.0},{"date":"14/12/2025","date_ts":1765670400000,"profit_abs":0.0,"wins":0,"draws":0,"losses":0,"trades":0,"profit_factor":0.0},{"date":"15/12/2025","date_ts":1765756800000,"profit_abs":0.0,"wins":0,"draws":0,"losses":0,"trades":0,"profit_factor":0.0},{"date":"16/12/2025","date_ts":1765843200000,"profit_abs":0.65620604,"wins":1,"draws":0,"losses":0,"trades":1,"profit_factor":0.0},{"date":"17/12/2025","date_ts":1765929600000,"profit_abs":0.0,"wins":0,"draws":0,"losses":0,"trades":0,"profit_factor":0.0},{"date":"18/12/2025","date_ts":1766016000000,"profit_abs":0.0,"wins":0,"draws":0,"losses":0,"trades":0,"profit_factor":0.0},{"date":"19/12/2025","date_ts":1766102400000,"profit_abs":0.0,"wins":0,"draws":0,"losses":0,"trades":0,"profit_factor":0.0},{"date":"20/12/2025","date_ts":1766188800000,"profit_abs":0.0,"wins":0,"draws":0,"losses":0,"trades":0,"profit_factor":0.0},{"date":"21/12/2025","date_ts":1766275200000,"profit_abs":0.0,"wins":0,"draws":0,"losses":0,"trades":0,"profit_factor":0.0},{"date":"22/12/2025","date_ts":1766361600000,"profit_abs":0.0,"wins":0,"draws":0,"losses":0,"trades":0,"profit_factor":0.0},{"date":"23/12/2025","date_ts":1766448000000,"profit_abs":0.0,"wins":0,"draws":0,"losses":0,"trades":0,"profit_factor":0.0},{"date":"24/12/2025","date_ts":1766534400000,"profit_abs":0.0,"wins":0,"draws":0,"losses":0,"trades":0,"profit_factor":0.0},{"date":"25/12/2025","date_ts":1766620800000,"profit_abs":0.0,"wins":0,"draws":0,"losses":0,"trades":0,"profit_factor":0.0},{"date":"26/12/2025","date_ts":1766707200000,"profit_abs":0.0,"wins":0,"draws":0,"losses":0,"trades":0,"profit_factor":0.0},{"date":"27/12/2025","date_ts":1766793600000,"profit_abs":0.0,"wins":0,"draws":0,"losses":0,"trades":0,"profit_factor":0.0},{"date":"28/12/2025","date_ts":1766880000000,"profit_abs":0.0,"wins":0,"draws":0,"losses":0,"trades":0,"profit_factor":0.0},{"date":"29/12/2025","date_ts":1766966400000,"profit_abs":0.0,"wins":0,"draws":1,"losses":0,"trades":1,"profit_factor":0.0}],"week":[{"date":"13/10/2025","date_ts":1760313600000,"profit_abs":0.0,"wins":0,"draws":1,"losses":0,"trades":1,"profit_factor":0.0},{"date":"20/10/2025","date_ts":1760918400000,"profit_abs":0.0,"wins":0,"draws":0,"losses":0,"trades":0,"profit_factor":0.0},{"date":"27/10/2025","date_ts":1761523200000,"profit_abs":4.17649186,"wins":2,"draws":0,"losses":0,"trades":2,"profit_factor":0.0},{"date":"03/11/2025","date_ts":1762128000000,"profit_abs":0.0,"wins":0,"draws":0,"losses":0,"trades":0,"profit_factor":0.0},{"date":"10/11/2025","date_ts":1762732800000,"profit_abs":1.59071056,"wins":1,"draws":0,"losses":0,"trades":1,"profit_factor":0.0},{"date":"17/11/2025","date_ts":1763337600000,"profit_abs":2.79717633,"wins":1,"draws":0,"losses":0,"trades":1,"profit_factor":0.0},{"date":"24/11/2025","date_ts":1763942400000,"profit_abs":0.0,"wins":0,"draws":1,"losses":0,"trades":1,"profit_factor":0.0},{"date":"01/12/2025","date_ts":1764547200000,"profit_abs":1.31983257,"wins":1,"draws":0,"losses":0,"trades":1,"profit_factor":0.0},{"date":"08/12/2025","date_ts":1765152000000,"profit_abs":0.0,"wins":0,"draws":0,"losses":0,"trades":0,"profit_factor":0.0},{"date":"15/12/2025","date_ts":1765756800000,"profit_abs":0.0,"wins":0,"draws":0,"losses":0,"trades":0,"profit_factor":0.0},{"date":"22/12/2025","date_ts":1766361600000,"profit_abs":0.65620604,"wins":1,"draws":0,"losses":0,"trades":1,"profit_factor":0.0},{"date":"29/12/2025","date_ts":1766966400000,"profit_abs":0.0,"wins":0,"draws":1,"losses":0,"trades":1,"profit_factor":0.0}],"month":[{"date":"31/10/2025","date_ts":1761868800000,"profit_abs":4.17649186,"wins":2,"draws":1,"losses":0,"trades":3,"profit_factor":0.0},{"date":"30/11/2025","date_ts":1764460800000,"profit_abs":5.70771946,"wins":3,"draws":1,"losses":0,"trades":4,"profit_factor":0.0},{"date":"31/12/2025","date_ts":1767139200000,"profit_abs":0.65620604,"wins":1,"draws":1,"losses":0,"trades":2,"profit_factor":0.0}],"year":[{"date":"31/12/2025","date_ts":1767139200000,"profit_abs":10.54041736,"wins":6,"draws":3,"losses":0,"trades":9,"profit_factor":0.0}],"weekday":[{"date":"Monday","date_ts":0,"profit_abs":0.0,"wins":0,"draws":1,"losses":0,"trades":1,"profit_factor":0.0},{"date":"Tuesday","date_ts":1,"profit_abs":3.45338237,"wins":2,"draws":0,"losses":0,"trades":2,"profit_factor":0.0},{"date":"Wednesday","date_ts":2,"profit_abs":1.31983257,"wins":1,"draws":1,"losses":0,"trades":2,"profit_factor":0.0},{"date":"Thursday","date_ts":3,"profit_abs":1.11707541,"wins":1,"draws":0,"losses":0,"trades":1,"profit_factor":0.0},{"date":"Friday","date_ts":4,"profit_abs":1.59071056,"wins":1,"draws":0,"losses":0,"trades":1,"profit_factor":0.0},{"date":"Saturday","date_ts":5,"profit_abs":0.0,"wins":0,"draws":1,"losses":0,"trades":1,"profit_factor":0.0},{"date":"Sunday","date_ts":6,"profit_abs":3.05941645,"wins":1,"draws":0,"losses":0,"trades":1,"profit_factor":0.0}]},"backtest_best_day":0.009253147894294302,"backtest_worst_day":0.0,"backtest_best_day_abs":3.05941645,"backtest_worst_day_abs":0.0,"winning_days":6,"draw_days":77,"losing_days":0,"daily_profit":[["2025-10-08",0.0],["2025-10-09",0.0],["2025-10-10",0.0],["2025-10-11",0.0],["2025-10-12",0.0],["2025-10-13",0.0],["2025-10-14",0.0],["2025-10-15",0.0],["2025-10-16",0.0],["2025-10-17",0.0],["2025-10-18",0.0],["2025-10-19",0.0],["2025-10-20",0.0],["2025-10-21",0.0],["2025-10-22",0.0],["2025-10-23",1.11707541],["2025-10-24",0.0],["2025-10-25",0.0],["2025-10-26",3.05941645],["2025-10-27",0.0],["2025-10-28",0.0],["2025-10-29",0.0],["2025-10-30",0.0],["2025-10-31",0.0],["2025-11-01",0.0],["2025-11-02",0.0],["2025-11-03",0.0],["2025-11-04",0.0],["2025-11-05",0.0],["2025-11-06",0.0],["2025-11-07",1.59071056],["2025-11-08",0.0],["2025-11-09",0.0],["2025-11-10",0.0],["2025-11-11",2.79717633],["2025-11-12",0.0],["2025-11-13",0.0],["2025-11-14",0.0],["2025-11-15",0.0],["2025-11-16",0.0],["2025-11-17",0.0],["2025-11-18",0.0],["2025-11-19",0.0],["2025-11-20",0.0],["2025-11-21",0.0],["2025-11-22",0.0],["2025-11-23",0.0],["2025-11-24",0.0],["2025-11-25",0.0],["2025-11-26",1.31983257],["2025-11-27",0.0],["2025-11-28",0.0],["2025-11-29",0.0],["2025-11-30",0.0],["2025-12-01",0.0],["2025-12-02",0.0],["2025-12-03",0.0],["2025-12-04",0.0],["2025-12-05",0.0],["2025-12-06",0.0],["2025-12-07",0.0],["2025-12-08",0.0],["2025-12-09",0.0],["2025-12-10",0.0],["2025-12-11",0.0],["2025-12-12",0.0],["2025-12-13",0.0],["2025-12-14",0.0],["2025-12-15",0.0],["2025-12-16",0.65620604],["2025-12-17",0.0],["2025-12-18",0.0],["2025-12-19",0.0],["2025-12-20",0.0],["2025-12-21",0.0],["2025-12-22",0.0],["2025-12-23",0.0],["2025-12-24",0.0],["2025-12-25",0.0],["2025-12-26",0.0],["2025-12-27",0.0],["2025-12-28",0.0],["2025-12-29",0.0]],"wins":6,"losses":0,"draws":3,"winrate":0.6666666666666666,"holding_avg":"8:20:00","holding_avg_s":30000.0,"winner_holding_min":"0d 01:00","winner_holding_min_s":3600.0,"winner_holding_max":"0d 02:00","winner_holding_max_s":7200.0,"winner_holding_avg":"0d 01:50","winner_holding_avg_s":6600.0,"loser_holding_min":"0d 00:00","loser_holding_min_s":0.0,"loser_holding_max":"0d 00:00","loser_holding_max_s":0.0,"loser_holding_avg":"0d 00:00","loser_holding_avg_s":0.0,"max_consecutive_wins":4,"max_consecutive_losses":1,"max_drawdown_account":0.0,"max_relative_drawdown":0.0,"max_drawdown_abs":0.0,"drawdown_start":"2025-10-08 15:00:00","drawdown_start_ts":1759935600000.0,"drawdown_end":"2025-10-08 15:00:00","drawdown_end_ts":1759935600000.0,"drawdown_duration":"0 days 00:00:00","drawdown_duration_s":0.0,"max_drawdown_low":0.0,"max_drawdown_high":0.0,"csum_min":1000.0,"csum_max":1010.54041736}},"strategy_comparison":[{"key":"ACO_23_1","trades":9,"profit_mean":0.003531297934434469,"profit_mean_pct":0.35,"profit_total_abs":10.54041736,"profit_total":0.01054041736,"profit_total_pct":1.05,"duration_avg":"8:20:00","wins":6,"draws":3,"losses":0,"winrate":0.6666666666666666,"cagr":0.04024350320295289,"expectancy":1.1711574844444443,"expectancy_ratio":100.0,"sortino":-100,"sharpe":1.8959750576445238,"calmar":-100,"sqn":3.0252,"profit_factor":0.0,"max_drawdown_account":0.0,"max_drawdown_abs":"0"}]}