{"strategy":{"ACO_7_22":{"trades":[{"pair":"DOGE/USDT","stake_amount":329.93889,"max_stake_amount":329.93889,"amount":1271.0,"open_date":"2025-10-07 09:00:00+00:00","close_date":"2025-10-07 11:00:00+00:00","open_rate":0.25959,"close_rate":0.26151,"fee_open":0.001,"fee_close":0.001,"trade_duration":120,"profit_ratio":0.005383498969538493,"profit_abs":1.7780019,"exit_reason":"roi","initial_stop_loss_abs":0.24662,"initial_stop_loss_ratio":-0.05,"stop_loss_abs":0.24662,"stop_loss_ratio":-0.05,"min_rate":0.2593,"max_rate":0.26221,"is_open":false,"enter_tag":"","leverage":1.0,"is_short":false,"open_timestamp":1759827600000,"close_timestamp":1759834800000,"orders":[{"amount":1271.0,"safe_price":0.25959,"ft_order_side":"buy","order_filled_timestamp":1759827600000,"ft_is_entry":true,"ft_order_tag":"","cost":330.2688288899999},{"amount":1271.0,"safe_price":0.26151,"ft_order_side":"sell","order_filled_timestamp":1759834800000,"ft_is_entry":false,"ft_order_tag":"roi","cost":332.71158920999994}],"funding_fees":0.0,"weekday":1},{"pair":"DOGE/USDT","stake_amount":330.48323,"max_stake_amount":330.48323,"amount":1309.0,"open_date":"2025-10-07 17:00:00+00:00","close_date":"2025-10-08 13:00:00+00:00","open_rate":0.25247,"close_rate":0.2529754454454454,"fee_open":0.001,"fee_close":0.001,"trade_duration":1200,"profit_ratio":0.0,"profit_abs":0.0,"exit_reason":"roi","initial_stop_loss_abs":0.23985,"initial_stop_loss_ratio":-0.05,"stop_loss_abs":0.23985,"stop_loss_ratio":-0.05,"min_rate":0.24291,"max_rate":0.2535,"is_open":false,"enter_tag":"","leverage":1.0,"is_short":false,"open_timestamp":1759856400000,"close_timestamp":1759928400000,"orders":[{"amount":1309.0,"safe_price":0.25247,"ft_order_side":"buy","order_filled_timestamp":1759856400000,"ft_is_entry":true,"ft_order_tag":"","cost":330.81371323},{"amount":1309.0,"safe_price":0.2529754454454454,"ft_order_side":"sell","order_filled_timestamp":1759928400000,"ft_is_entry":false,"ft_order_tag":"roi","cost":331.47600294617615}],"funding_fees":0.0,"weekday":2},{"pair":"DOGE/USDT","stake_amount":330.53598,"max_stake_amount":330.53598,"amount":1359.0,"open_date":"2025-10-09 09:00:00+00:00","close_date":"2025-10-09 11:00:00+00:00","open_rate":0.24322,"close_rate":0.2458,"fee_open":0.001,"fee_close":0.001,"trade_duration":120,"profit_ratio":0.008588484125035396,"profit_abs":2.84164182,"exit_reason":"roi","initial_stop_loss_abs":0.23106,"initial_stop_loss_ratio":-0.05,"stop_loss_abs":0.23106,"stop_loss_ratio":-0.05,"min_rate":0.24315,"max_rate":0.24806,"is_open":false,"enter_tag":"","leverage":1.0,"is_short":false,"open_timestamp":1760000400000,"close_timestamp":1760007600000,"orders":[{"amount":1359.0,"safe_price":0.24322,"ft_order_side":"buy","order_filled_timestamp":1760000400000,"ft_is_entry":true,"ft_order_tag":"","cost":330.86651598},{"amount":1359.0,"safe_price":0.2458,"ft_order_side":"sell","order_filled_timestamp":1760007600000,"ft_is_entry":false,"ft_order_tag":"roi","cost":334.3762421999999}],"funding_fees":0.0,"weekday":3},{"pair":"DOGE/USDT","stake_amount":331.4148,"max_stake_amount":331.4148,"amount":1416.0,"open_date":"2025-10-10 19:00:00+00:00","close_date":"2025-10-10 20:00:00+00:00","open_rate":0.23405,"close_rate":0.22235,"fee_open":0.001,"fee_close":0.001,"trade_duration":60,"profit_ratio":-0.05188744176140032,"profit_abs":-17.2134624,"exit_reason":"stop_loss","initial_stop_loss_abs":0.22235,"initial_stop_loss_ratio":-0.05,"stop_loss_abs":0.22235,"stop_loss_ratio":-0.05,"min_rate":0.21607,"max_rate":0.23468,"is_open":false,"enter_tag":"","leverage":1.0,"is_short":false,"open_timestamp":1760122800000,"close_timestamp":1760126400000,"orders":[{"amount":1416.0,"safe_price":0.23405,"ft_order_side":"buy","order_filled_timestamp":1760122800000,"ft_is_entry":true,"ft_order_tag":"","cost":331.74621479999996},{"amount":1416.0,"safe_price":0.22235,"ft_order_side":"sell","order_filled_timestamp":1760126400000,"ft_is_entry":false,"ft_order_tag":"stop_loss","cost":315.16244759999995}],"funding_fees":0.0,"weekday":4},{"pair":"DOGE/USDT","stake_amount":325.71248,"max_stake_amount":325.71248,"amount":1487.0,"open_date":"2025-10-10 21:00:00+00:00","close_date":"2025-10-10 21:00:00+00:00","open_rate":0.21904,"close_rate":0.20809,"fee_open":0.001,"fee_close":0.001,"trade_duration":0,"profit_ratio":-0.051888989388989386,"profit_abs":-16.91779231,"exit_reason":"stop_loss","initial_stop_loss_abs":0.20809,"initial_stop_loss_ratio":-0.05,"stop_loss_abs":0.20809,"stop_loss_ratio":-0.05,"min_rate":0.095,"max_rate":0.22132,"is_open":false,"enter_tag":"","leverage":1.0,"is_short":false,"open_timestamp":1760130000000,"close_timestamp":1760130000000,"orders":[{"amount":1487.0,"safe_price":0.21904,"ft_order_side":"buy","order_filled_timestamp":1760130000000,"ft_is_entry":true,"ft_order_tag":"","cost":326.03819247999996},{"amount":1487.0,"safe_price":0.20809,"ft_order_side":"sell","order_filled_timestamp":1760130000000,"ft_is_entry":false,"ft_order_tag":"stop_loss","cost":309.7392598299999}],"funding_fees":0.0,"weekday":4},{"pair":"DOGE/USDT","stake_amount":320.178,"max_stake_amount":320.178,"amount":1720.0,"open_date":"2025-10-10 22:00:00+00:00","close_date":"2025-10-10 22:00:00+00:00","open_rate":0.18615,"close_rate":0.17685,"fee_open":0.001,"fee_close":0.001,"trade_duration":0,"profit_ratio":-0.051857892309141305,"profit_abs":-16.62036,"exit_reason":"stop_loss","initial_stop_loss_abs":0.17685,"initial_stop_loss_ratio":-0.05,"stop_loss_abs":0.17685,"stop_loss_ratio":-0.05,"min_rate":0.16923,"max_rate":0.19509,"is_open":false,"enter_tag":"","leverage":1.0,"is_short":false,"open_timestamp":1760133600000,"close_timestamp":1760133600000,"orders":[{"amount":1720.0,"safe_price":0.18615,"ft_order_side":"buy","order_filled_timestamp":1760133600000,"ft_is_entry":true,"ft_order_tag":"","cost":320.49817799999994},{"amount":1720.0,"safe_price":0.17685,"ft_order_side":"sell","order_filled_timestamp":1760133600000,"ft_is_entry":false,"ft_order_tag":"stop_loss","cost":304.486182}],"funding_fees":0.0,"weekday":4},{"pair":"DOGE/USDT","stake_amount":314.67558,"max_stake_amount":314.67558,"amount":1762.0,"open_date":"2025-10-17 08:00:00+00:00","close_date":"2025-10-17 10:00:00+00:00","open_rate":0.17859,"close_rate":0.1789475375375375,"fee_open":0.001,"fee_close":0.001,"trade_duration":120,"profit_ratio":0.0,"profit_abs":0.0,"exit_reason":"roi","initial_stop_loss_abs":0.16967,"initial_stop_loss_ratio":-0.05,"stop_loss_abs":0.16967,"stop_loss_ratio":-0.05,"min_rate":0.17555,"max_rate":0.18194,"is_open":false,"enter_tag":"","leverage":1.0,"is_short":false,"open_timestamp":1760688000000,"close_timestamp":1760695200000,"orders":[{"amount":1762.0,"safe_price":0.17859,"ft_order_side":"buy","order_filled_timestamp":1760688000000,"ft_is_entry":true,"ft_order_tag":"","cost":314.99025558},{"amount":1762.0,"safe_price":0.1789475375375375,"ft_order_side":"sell","order_filled_timestamp":1760695200000,"ft_is_entry":false,"ft_order_tag":"roi","cost":315.62086670228217}],"funding_fees":0.0,"weekday":4},{"pair":"DOGE/USDT","stake_amount":314.74059,"max_stake_amount":314.74059,"amount":1601.0,"open_date":"2025-10-21 04:00:00+00:00","close_date":"2025-10-21 14:00:00+00:00","open_rate":0.19659,"close_rate":0.19698357357357352,"fee_open":0.001,"fee_close":0.001,"trade_duration":600,"profit_ratio":0.0,"profit_abs":0.0,"exit_reason":"roi","initial_stop_loss_abs":0.18677,"initial_stop_loss_ratio":-0.05,"stop_loss_abs":0.18677,"stop_loss_ratio":-0.05,"min_rate":0.19201,"max_rate":0.20355,"is_open":false,"enter_tag":"","leverage":1.0,"is_short":false,"open_timestamp":1761019200000,"close_timestamp":1761055200000,"orders":[{"amount":1601.0,"safe_price":0.19659,"ft_order_side":"buy","order_filled_timestamp":1761019200000,"ft_is_entry":true,"ft_order_tag":"","cost":315.05533059},{"amount":1601.0,"safe_price":0.19698357357357352,"ft_order_side":"sell","order_filled_timestamp":1761055200000,"ft_is_entry":false,"ft_order_tag":"roi","cost":315.68607199258247}],"funding_fees":0.0,"weekday":1},{"pair":"DOGE/USDT","stake_amount":314.72714,"max_stake_amount":314.72714,"amount":1742.0,"open_date":"2025-10-30 16:00:00+00:00","close_date":"2025-10-30 23:00:00+00:00","open_rate":0.18067,"close_rate":0.18103170170170169,"fee_open":0.001,"fee_close":0.001,"trade_duration":420,"profit_ratio":0.0,"profit_abs":0.0,"exit_reason":"roi","initial_stop_loss_abs":0.17164,"initial_stop_loss_ratio":-0.05,"stop_loss_abs":0.17164,"stop_loss_ratio":-0.05,"min_rate":0.17642,"max_rate":0.18287,"is_open":false,"enter_tag":"","leverage":1.0,"is_short":false,"open_timestamp":1761840000000,"close_timestamp":1761865200000,"orders":[{"amount":1742.0,"safe_price":0.18067,"ft_order_side":"buy","order_filled_timestamp":1761840000000,"ft_is_entry":true,"ft_order_tag":"","cost":315.04186713999997},{"amount":1742.0,"safe_price":0.18103170170170169,"ft_order_side":"sell","order_filled_timestamp":1761865200000,"ft_is_entry":false,"ft_order_tag":"roi","cost":315.6725815887287}],"funding_fees":0.0,"weekday":3},{"pair":"DOGE/USDT","stake_amount":314.70861,"max_stake_amount":314.70861,"amount":1797.0,"open_date":"2025-11-03 04:00:00+00:00","close_date":"2025-11-03 12:00:00+00:00","open_rate":0.17513,"close_rate":0.1754806106106106,"fee_open":0.001,"fee_close":0.001,"trade_duration":480,"profit_ratio":0.0,"profit_abs":0.0,"exit_reason":"roi","initial_stop_loss_abs":0.16638,"initial_stop_loss_ratio":-0.05,"stop_loss_abs":0.16638,"stop_loss_ratio":-0.05,"min_rate":0.17111,"max_rate":0.17672,"is_open":false,"enter_tag":"","leverage":1.0,"is_short":false,"open_timestamp":1762142400000,"close_timestamp":1762171200000,"orders":[{"amount":1797.0,"safe_price":0.17513,"ft_order_side":"buy","order_filled_timestamp":1762142400000,"ft_is_entry":true,"ft_order_tag":"","cost":315.02331861},{"amount":1797.0,"safe_price":0.1754806106106106,"ft_order_side":"sell","order_filled_timestamp":1762171200000,"ft_is_entry":false,"ft_order_tag":"roi","cost":315.65399592453446}],"funding_fees":0.0,"weekday":0},{"pair":"DOGE/USDT","stake_amount":314.6235,"max_stake_amount":314.6235,"amount":1803.0,"open_date":"2025-11-08 17:00:00+00:00","close_date":"2025-11-08 19:00:00+00:00","open_rate":0.1745,"close_rate":0.17567,"fee_open":0.001,"fee_close":0.001,"trade_duration":120,"profit_ratio":0.0046934727163953525,"profit_abs":1.47815349,"exit_reason":"roi","initial_stop_loss_abs":0.16578,"initial_stop_loss_ratio":-0.05,"stop_loss_abs":0.16578,"stop_loss_ratio":-0.05,"min_rate":0.17357,"max_rate":0.17599,"is_open":false,"enter_tag":"","leverage":1.0,"is_short":false,"open_timestamp":1762621200000,"close_timestamp":1762628400000,"orders":[{"amount":1803.0,"safe_price":0.1745,"ft_order_side":"buy","order_filled_timestamp":1762621200000,"ft_is_entry":true,"ft_order_tag":"","cost":314.93812349999996},{"amount":1803.0,"safe_price":0.17567,"ft_order_side":"sell","order_filled_timestamp":1762628400000,"ft_is_entry":false,"ft_order_tag":"roi","cost":317.04974300999993}],"funding_fees":0.0,"weekday":5},{"pair":"DOGE/USDT","stake_amount":315.12158,"max_stake_amount":315.12158,"amount":1954.0,"open_date":"2025-11-13 20:00:00+00:00","close_date":"2025-11-13 22:00:00+00:00","open_rate":0.16127,"close_rate":0.16159286286286284,"fee_open":0.001,"fee_close":0.001,"trade_duration":120,"profit_ratio":0.0,"profit_abs":0.0,"exit_reason":"roi","initial_stop_loss_abs":0.15321,"initial_stop_loss_ratio":-0.05,"stop_loss_abs":0.15321,"stop_loss_ratio":-0.05,"min_rate":0.16,"max_rate":0.16384,"is_open":false,"enter_tag":"","leverage":1.0,"is_short":false,"open_timestamp":1763064000000,"close_timestamp":1763071200000,"orders":[{"amount":1954.0,"safe_price":0.16127,"ft_order_side":"buy","order_filled_timestamp":1763064000000,"ft_is_entry":true,"ft_order_tag":"","cost":315.43670158},{"amount":1954.0,"safe_price":0.16159286286286284,"ft_order_side":"sell","order_filled_timestamp":1763071200000,"ft_is_entry":false,"ft_order_tag":"roi","cost":316.068206488068}],"funding_fees":0.0,"weekday":3},{"pair":"DOGE/USDT","stake_amount":315.1782,"max_stake_amount":315.1782,"amount":2070.0,"open_date":"2025-11-19 17:00:00+00:00","close_date":"2025-11-19 21:00:00+00:00","open_rate":0.15226,"close_rate":0.1525648248248248,"fee_open":0.001,"fee_close":0.001,"trade_duration":240,"profit_ratio":0.0,"profit_abs":0.0,"exit_reason":"roi","initial_stop_loss_abs":0.14465,"initial_stop_loss_ratio":-0.05,"stop_loss_abs":0.14465,"stop_loss_ratio":-0.05,"min_rate":0.14712,"max_rate":0.15449,"is_open":false,"enter_tag":"","leverage":1.0,"is_short":false,"open_timestamp":1763571600000,"close_timestamp":1763586000000,"orders":[{"amount":2070.0,"safe_price":0.15226,"ft_order_side":"buy","order_filled_timestamp":1763571600000,"ft_is_entry":true,"ft_order_tag":"","cost":315.4933782},{"amount":2070.0,"safe_price":0.1525648248248248,"ft_order_side":"sell","order_filled_timestamp":1763586000000,"ft_is_entry":false,"ft_order_tag":"roi","cost":316.1249965747747}],"funding_fees":0.0,"weekday":2},{"pair":"DOGE/USDT","stake_amount":315.13887,"max_stake_amount":315.13887,"amount":2139.0,"open_date":"2025-11-20 19:00:00+00:00","close_date":"2025-11-20 21:00:00+00:00","open_rate":0.14733,"close_rate":0.14931,"fee_open":0.001,"fee_close":0.001,"trade_duration":120,"profit_ratio":0.011414364499275922,"profit_abs":3.60070704,"exit_reason":"roi","initial_stop_loss_abs":0.13997,"initial_stop_loss_ratio":-0.05,"stop_loss_abs":0.13997,"stop_loss_ratio":-0.05,"min_rate":0.14623,"max_rate":0.1523,"is_open":false,"enter_tag":"","leverage":1.0,"is_short":false,"open_timestamp":1763665200000,"close_timestamp":1763672400000,"orders":[{"amount":2139.0,"safe_price":0.14733,"ft_order_side":"buy","order_filled_timestamp":1763665200000,"ft_is_entry":true,"ft_order_tag":"","cost":315.45400886999994},{"amount":2139.0,"safe_price":0.14931,"ft_order_side":"sell","order_filled_timestamp":1763672400000,"ft_is_entry":false,"ft_order_tag":"roi","cost":319.69346408999996}],"funding_fees":0.0,"weekday":3},{"pair":"DOGE/USDT","stake_amount":316.34901,"max_stake_amount":316.34901,"amount":2313.0,"open_date":"2025-11-21 12:00:00+00:00","close_date":"2025-11-21 14:00:00+00:00","open_rate":0.13677,"close_rate":0.14011,"fee_open":0.001,"fee_close":0.001,"trade_duration":120,"profit_ratio":0.022373765738538717,"profit_abs":7.08499656,"exit_reason":"roi","initial_stop_loss_abs":0.12994,"initial_stop_loss_ratio":-0.05,"stop_loss_abs":0.12994,"stop_loss_ratio":-0.05,"min_rate":0.13321,"max_rate":0.14209,"is_open":false,"enter_tag":"","leverage":1.0,"is_short":false,"open_timestamp":1763726400000,"close_timestamp":1763733600000,"orders":[{"amount":2313.0,"safe_price":0.13677,"ft_order_side":"buy","order_filled_timestamp":1763726400000,"ft_is_entry":true,"ft_order_tag":"","cost":316.66535901},{"amount":2313.0,"safe_price":0.14011,"ft_order_side":"sell","order_filled_timestamp":1763733600000,"ft_is_entry":false,"ft_order_tag":"roi","cost":324.39850442999995}],"funding_fees":0.0,"weekday":4},{"pair":"DOGE/USDT","stake_amount":318.768,"max_stake_amount":318.768,"amount":2290.0,"open_date":"2025-12-01 02:00:00+00:00","close_date":"2025-12-01 15:00:00+00:00","open_rate":0.1392,"close_rate":0.13224,"fee_open":0.001,"fee_close":0.001,"trade_duration":780,"profit_ratio":-0.051898101898101894,"profit_abs":-16.5599976,"exit_reason":"stop_loss","initial_stop_loss_abs":0.13224,"initial_stop_loss_ratio":-0.05,"stop_loss_abs":0.13224,"stop_loss_ratio":-0.05,"min_rate":0.13177,"max_rate":0.1398,"is_open":false,"enter_tag":"","leverage":1.0,"is_short":false,"open_timestamp":1764554400000,"close_timestamp":1764601200000,"orders":[{"amount":2290.0,"safe_price":0.1392,"ft_order_side":"buy","order_filled_timestamp":1764554400000,"ft_is_entry":true,"ft_order_tag":"","cost":319.08676799999995},{"amount":2290.0,"safe_price":0.13224,"ft_order_side":"sell","order_filled_timestamp":1764601200000,"ft_is_entry":false,"ft_order_tag":"stop_loss","cost":303.1324295999999}],"funding_fees":0.0,"weekday":0},{"pair":"DOGE/USDT","stake_amount":313.25432,"max_stake_amount":313.25432,"amount":2168.0,"open_date":"2025-12-05 13:00:00+00:00","close_date":"2025-12-05 19:00:00+00:00","open_rate":0.14449,"close_rate":0.13727,"fee_open":0.001,"fee_close":0.001,"trade_duration":360,"profit_ratio":-0.05186702010011582,"profit_abs":-16.26381568,"exit_reason":"stop_loss","initial_stop_loss_abs":0.13727,"initial_stop_loss_ratio":-0.05,"stop_loss_abs":0.13727,"stop_loss_ratio":-0.05,"min_rate":0.13722,"max_rate":0.14492,"is_open":false,"enter_tag":"","leverage":1.0,"is_short":false,"open_timestamp":1764939600000,"close_timestamp":1764961200000,"orders":[{"amount":2168.0,"safe_price":0.14449,"ft_order_side":"buy","order_filled_timestamp":1764939600000,"ft_is_entry":true,"ft_order_tag":"","cost":313.56757431999995},{"amount":2168.0,"safe_price":0.13727,"ft_order_side":"sell","order_filled_timestamp":1764961200000,"ft_is_entry":false,"ft_order_tag":"stop_loss","cost":297.89896136}],"funding_fees":0.0,"weekday":4},{"pair":"DOGE/USDT","stake_amount":307.84892,"max_stake_amount":307.84892,"amount":2278.0,"open_date":"2025-12-07 15:00:00+00:00","close_date":"2025-12-07 17:00:00+00:00","open_rate":0.13514,"close_rate":0.13923,"fee_open":0.001,"fee_close":0.001,"trade_duration":120,"profit_ratio":0.028206439113646453,"profit_abs":8.69200514,"exit_reason":"roi","initial_stop_loss_abs":0.12839,"initial_stop_loss_ratio":-0.05,"stop_loss_abs":0.12839,"stop_loss_ratio":-0.05,"min_rate":0.13504,"max_rate":0.1421,"is_open":false,"enter_tag":"","leverage":1.0,"is_short":false,"open_timestamp":1765119600000,"close_timestamp":1765126800000,"orders":[{"amount":2278.0,"safe_price":0.13514,"ft_order_side":"buy","order_filled_timestamp":1765119600000,"ft_is_entry":true,"ft_order_tag":"","cost":308.15676892},{"amount":2278.0,"safe_price":0.13923,"ft_order_side":"sell","order_filled_timestamp":1765126800000,"ft_is_entry":false,"ft_order_tag":"roi","cost":317.4831059399999}],"funding_fees":0.0,"weekday":6},{"pair":"DOGE/USDT","stake_amount":310.70553,"max_stake_amount":310.70553,"amount":2251.0,"open_date":"2025-12-14 06:00:00+00:00","close_date":"2025-12-14 08:00:00+00:00","open_rate":0.13803,"close_rate":0.13830633633633632,"fee_open":0.001,"fee_close":0.001,"trade_duration":120,"profit_ratio":0.0,"profit_abs":0.0,"exit_reason":"roi","initial_stop_loss_abs":0.13113,"initial_stop_loss_ratio":-0.05,"stop_loss_abs":0.13113,"stop_loss_ratio":-0.05,"min_rate":0.13753,"max_rate":0.13844,"is_open":false,"enter_tag":"","leverage":1.0,"is_short":false,"open_timestamp":1765692000000,"close_timestamp":1765699200000,"orders":[{"amount":2251.0,"safe_price":0.13803,"ft_order_side":"buy","order_filled_timestamp":1765692000000,"ft_is_entry":true,"ft_order_tag":"","cost":311.01623552999996},{"amount":2251.0,"safe_price":0.13830633633633632,"ft_order_side":"sell","order_filled_timestamp":1765699200000,"ft_is_entry":false,"ft_order_tag":"roi","cost":311.6388906561861}],"funding_fees":0.0,"weekday":6},{"pair":"DOGE/USDT","stake_amount":310.7048,"max_stake_amount":310.7048,"amount":2260.0,"open_date":"2025-12-14 11:00:00+00:00","close_date":"2025-12-15 02:00:00+00:00","open_rate":0.13748,"close_rate":0.13775523523523522,"fee_open":0.001,"fee_close":0.001,"trade_duration":900,"profit_ratio":0.0,"profit_abs":0.0,"exit_reason":"roi","initial_stop_loss_abs":0.13061,"initial_stop_loss_ratio":-0.05,"stop_loss_abs":0.13061,"stop_loss_ratio":-0.05,"min_rate":0.13261,"max_rate":0.13845,"is_open":false,"enter_tag":"","leverage":1.0,"is_short":false,"open_timestamp":1765710000000,"close_timestamp":1765764000000,"orders":[{"amount":2260.0,"safe_price":0.13748,"ft_order_side":"buy","order_filled_timestamp":1765710000000,"ft_is_entry":true,"ft_order_tag":"","cost":311.0155047999999},{"amount":2260.0,"safe_price":0.13775523523523522,"ft_order_side":"sell","order_filled_timestamp":1765764000000,"ft_is_entry":false,"ft_order_tag":"roi","cost":311.6381584632632}],"funding_fees":0.0,"weekday":0},{"pair":"DOGE/USDT","stake_amount":310.81652,"max_stake_amount":310.81652,"amount":2377.0,"open_date":"2025-12-15 16:00:00+00:00","close_date":"2025-12-16 10:00:00+00:00","open_rate":0.13076,"close_rate":0.13102178178178175,"fee_open":0.001,"fee_close":0.001,"trade_duration":1080,"profit_ratio":0.0,"profit_abs":0.0,"exit_reason":"roi","initial_stop_loss_abs":0.12423,"initial_stop_loss_ratio":-0.05,"stop_loss_abs":0.12423,"stop_loss_ratio":-0.05,"min_rate":0.12661,"max_rate":0.13149,"is_open":false,"enter_tag":"","leverage":1.0,"is_short":false,"open_timestamp":1765814400000,"close_timestamp":1765879200000,"orders":[{"amount":2377.0,"safe_price":0.13076,"ft_order_side":"buy","order_filled_timestamp":1765814400000,"ft_is_entry":true,"ft_order_tag":"","cost":311.1273365199999},{"amount":2377.0,"safe_price":0.13102178178178175,"ft_order_side":"sell","order_filled_timestamp":1765879200000,"ft_is_entry":false,"ft_order_tag":"roi","cost":311.75021407059046}],"funding_fees":0.0,"weekday":1},{"pair":"DOGE/USDT","stake_amount":310.71726,"max_stake_amount":310.71726,"amount":2394.0,"open_date":"2025-12-17 11:00:00+00:00","close_date":"2025-12-17 13:00:00+00:00","open_rate":0.12979,"close_rate":0.13015,"fee_open":0.001,"fee_close":0.001,"trade_duration":120,"profit_ratio":0.0007701675010404497,"profit_abs":0.23954364,"exit_reason":"roi","initial_stop_loss_abs":0.12331,"initial_stop_loss_ratio":-0.05,"stop_loss_abs":0.12331,"stop_loss_ratio":-0.05,"min_rate":0.12956,"max_rate":0.13136,"is_open":false,"enter_tag":"","leverage":1.0,"is_short":false,"open_timestamp":1765969200000,"close_timestamp":1765976400000,"orders":[{"amount":2394.0,"safe_price":0.12979,"ft_order_side":"buy","order_filled_timestamp":1765969200000,"ft_is_entry":true,"ft_order_tag":"","cost":311.02797725999994},{"amount":2394.0,"safe_price":0.13015,"ft_order_side":"sell","order_filled_timestamp":1765976400000,"ft_is_entry":false,"ft_order_tag":"roi","cost":311.89067909999994}],"funding_fees":0.0,"weekday":2},{"pair":"DOGE/USDT","stake_amount":310.7779,"max_stake_amount":310.7779,"amount":2411.0,"open_date":"2025-12-23 15:00:00+00:00","close_date":"2025-12-23 17:00:00+00:00","open_rate":0.1289,"close_rate":0.1305,"fee_open":0.001,"fee_close":0.001,"trade_duration":120,"profit_ratio":0.010389920397678349,"profit_abs":3.2321866,"exit_reason":"roi","initial_stop_loss_abs":0.12246,"initial_stop_loss_ratio":-0.05,"stop_loss_abs":0.12246,"stop_loss_ratio":-0.05,"min_rate":0.12825,"max_rate":0.13095,"is_open":false,"enter_tag":"","leverage":1.0,"is_short":false,"open_timestamp":1766502000000,"close_timestamp":1766509200000,"orders":[{"amount":2411.0,"safe_price":0.1289,"ft_order_side":"buy","order_filled_timestamp":1766502000000,"ft_is_entry":true,"ft_order_tag":"","cost":311.08867789999994},{"amount":2411.0,"safe_price":0.1305,"ft_order_side":"sell","order_filled_timestamp":1766509200000,"ft_is_entry":false,"ft_order_tag":"roi","cost":314.9501355}],"funding_fees":0.0,"weekday":1},{"pair":"DOGE/USDT","stake_amount":311.93904,"max_stake_amount":311.93904,"amount":2471.0,"open_date":"2025-12-25 12:00:00+00:00","close_date":"2025-12-25 14:00:00+00:00","open_rate":0.12624,"close_rate":0.12649273273273273,"fee_open":0.001,"fee_close":0.001,"trade_duration":120,"profit_ratio":0.0,"profit_abs":0.0,"exit_reason":"roi","initial_stop_loss_abs":0.11993,"initial_stop_loss_ratio":-0.05,"stop_loss_abs":0.11993,"stop_loss_ratio":-0.05,"min_rate":0.1259,"max_rate":0.1267,"is_open":false,"enter_tag":"","leverage":1.0,"is_short":false,"open_timestamp":1766664000000,"close_timestamp":1766671200000,"orders":[{"amount":2471.0,"safe_price":0.12624,"ft_order_side":"buy","order_filled_timestamp":1766664000000,"ft_is_entry":true,"ft_order_tag":"","cost":312.25097903999995},{"amount":2471.0,"safe_price":0.12649273273273273,"ft_order_side":"sell","order_filled_timestamp":1766671200000,"ft_is_entry":false,"ft_order_tag":"roi","cost":312.8761061251651}],"funding_fees":0.0,"weekday":3},{"pair":"DOGE/USDT","stake_amount":311.87279,"max_stake_amount":311.87279,"amount":2621.0,"open_date":"2025-12-31 17:00:00+00:00","close_date":"2026-01-01 08:00:00+00:00","open_rate":0.11899,"close_rate":0.1192282182182182,"fee_open":0.001,"fee_close":0.001,"trade_duration":900,"profit_ratio":0.0,"profit_abs":0.0,"exit_reason":"roi","initial_stop_loss_abs":0.11305,"initial_stop_loss_ratio":-0.05,"stop_loss_abs":0.11305,"stop_loss_ratio":-0.05,"min_rate":0.11612,"max_rate":0.12042,"is_open":false,"enter_tag":"","leverage":1.0,"is_short":false,"open_timestamp":1767200400000,"close_timestamp":1767254400000,"orders":[{"amount":2621.0,"safe_price":0.11899,"ft_order_side":"buy","order_filled_timestamp":1767200400000,"ft_is_entry":true,"ft_order_tag":"","cost":312.18466278999995},{"amount":2621.0,"safe_price":0.1192282182182182,"ft_order_side":"sell","order_filled_timestamp":1767254400000,"ft_is_entry":false,"ft_order_tag":"roi","cost":312.80965710989983}],"funding_fees":0.0,"weekday":3}],"locks":[],"best_pair":{"key":"DOGE/USDT","trades":25,"profit_mean":-0.006703173295863983,"profit_mean_pct":-0.67,"profit_total_abs":-54.6281918,"profit_total":-0.0546281918,"profit_total_pct":-5.46,"duration_avg":"5:38:00","wins":8,"draws":12,"losses":5,"winrate":0.32,"cagr":-0.19053974806135554,"expectancy":-2.185127672000001,"expectancy_ratio":-0.6107278780709,"sortino":-33.16852739925963,"sharpe":-1.4173099443668704,"calmar":-15.136469935793384,"sqn":-1.4101,"profit_factor":0.34636060964550014,"max_drawdown_account":0.07108319187903846,"max_drawdown_abs":71.41157089999999},"worst_pair":{"key":"DOGE/USDT","trades":25,"profit_mean":-0.006703173295863983,"profit_mean_pct":-0.67,"profit_total_abs":-54.6281918,"profit_total":-0.0546281918,"profit_total_pct":-5.46,"duration_avg":"5:38:00","wins":8,"draws":12,"losses":5,"winrate":0.32,"cagr":-0.19053974806135554,"expectancy":-2.185127672000001,"expectancy_ratio":-0.6107278780709,"sortino":-33.16852739925963,"sharpe":-1.4173099443668704,"calmar":-15.136469935793384,"sqn":-1.4101,"profit_factor":0.34636060964550014,"max_drawdown_account":0.07108319187903846,"max_drawdown_abs":71.41157089999999},"results_per_pair":[{"key":"DOGE/USDT","trades":25,"profit_mean":-0.006703173295863983,"profit_mean_pct":-0.67,"profit_total_abs":-54.6281918,"profit_total":-0.0546281918,"profit_total_pct":-5.46,"duration_avg":"5:38:00","wins":8,"draws":12,"losses":5,"winrate":0.32,"cagr":-0.19053974806135554,"expectancy":-2.185127672000001,"expectancy_ratio":-0.6107278780709,"sortino":-33.16852739925963,"sharpe":-1.4173099443668704,"calmar":-15.136469935793384,"sqn":-1.4101,"profit_factor":0.34636060964550014,"max_drawdown_account":0.07108319187903846,"max_drawdown_abs":71.41157089999999},{"key":"TOTAL","trades":25,"profit_mean":-0.006703173295863983,"profit_mean_pct":-0.67,"profit_total_abs":-54.6281918,"profit_total":-0.0546281918,"profit_total_pct":-5.46,"duration_avg":"5:38:00","wins":8,"draws":12,"losses":5,"winrate":0.32,"cagr":-0.19053974806135554,"expectancy":-2.185127672000001,"expectancy_ratio":-0.6107278780709,"sortino":-33.16852739925963,"sharpe":-1.4173099443668704,"calmar":-15.136469935793384,"sqn":-1.4101,"profit_factor":0.34636060964550014,"max_drawdown_account":0.07108319187903846,"max_drawdown_abs":71.41157089999999}],"results_per_enter_tag":[{"key":"","trades":25,"profit_mean":-0.006703173295863983,"profit_mean_pct":-0.67,"profit_total_abs":-54.6281918,"profit_total":-0.0546281918,"profit_total_pct":-5.46,"duration_avg":"5:38:00","wins":8,"draws":12,"losses":5,"winrate":0.32,"cagr":-0.19053974806135554,"expectancy":-2.185127672000001,"expectancy_ratio":-0.6107278780709,"sortino":-33.16852739925963,"sharpe":-1.4173099443668704,"calmar":-15.136469935793384,"sqn":-1.4101,"profit_factor":0.34636060964550014,"max_drawdown_account":0.07108319187903846,"max_drawdown_abs":71.41157089999999},{"key":"TOTAL","trades":25,"profit_mean":-0.006703173295863983,"profit_mean_pct":-0.67,"profit_total_abs":-54.6281918,"profit_total":-0.0546281918,"profit_total_pct":-5.46,"duration_avg":"5:38:00","wins":8,"draws":12,"losses":5,"winrate":0.32,"cagr":-0.19053974806135554,"expectancy":-2.185127672000001,"expectancy_ratio":-0.6107278780709,"sortino":-33.16852739925963,"sharpe":-1.4173099443668704,"calmar":-15.136469935793384,"sqn":-1.4101,"profit_factor":0.34636060964550014,"max_drawdown_account":0.07108319187903846,"max_drawdown_abs":71.41157089999999}],"exit_reason_summary":[{"key":"roi","trades":20,"profit_mean":0.004591005653057456,"profit_mean_pct":0.46,"profit_total_abs":28.947236189999998,"profit_total":0.02894723619,"profit_total_pct":2.89,"duration_avg":"6:03:00","wins":8,"draws":12,"losses":0,"winrate":0.4,"cagr":0.1133554735996587,"expectancy":1.4473618095,"expectancy_ratio":100.0,"sortino":-100,"sharpe":2.3204286593267045,"calmar":-100,"sqn":2.5677,"profit_factor":0.0,"max_drawdown_account":0.0,"max_drawdown_abs":0.0},{"key":"stop_loss","trades":5,"profit_mean":-0.051879889091549745,"profit_mean_pct":-5.19,"profit_total_abs":-83.57542799000001,"profit_total":-0.08357542799,"profit_total_pct":-8.36,"duration_avg":"4:00:00","wins":0,"draws":0,"losses":5,"winrate":0.0,"cagr":-0.2799307321279083,"expectancy":-16.715085598,"expectancy_ratio":-1.0,"sortino":-50.744382741790936,"sharpe":-50.744382741790936,"calmar":-19.695848633549282,"sqn":-103.056,"profit_factor":0.0,"max_drawdown_account":0.08357542798999998,"max_drawdown_abs":83.57542799000001},{"key":"TOTAL","trades":25,"profit_mean":-0.006703173295863983,"profit_mean_pct":-0.67,"profit_total_abs":-54.6281918,"profit_total":-0.0546281918,"profit_total_pct":-5.46,"duration_avg":"5:38:00","wins":8,"draws":12,"losses":5,"winrate":0.32,"cagr":-0.19053974806135554,"expectancy":-2.185127672000001,"expectancy_ratio":-0.6107278780709,"sortino":-33.16852739925963,"sharpe":-1.4173099443668704,"calmar":-15.136469935793384,"sqn":-1.4101,"profit_factor":0.34636060964550014,"max_drawdown_account":0.07108319187903846,"max_drawdown_abs":71.41157089999999}],"mix_tag_stats":[{"key":["","roi"],"trades":20,"profit_mean":0.004591005653057456,"profit_mean_pct":0.46,"profit_total_abs":28.947236189999998,"profit_total":0.02894723619,"profit_total_pct":2.89,"duration_avg":"6:03:00","wins":8,"draws":12,"losses":0,"winrate":0.4,"cagr":0.1133554735996587,"expectancy":1.4473618095,"expectancy_ratio":100.0,"sortino":-100,"sharpe":2.3204286593267045,"calmar":-100,"sqn":2.5677,"profit_factor":0.0,"max_drawdown_account":0.0,"max_drawdown_abs":0.0},{"key":["","stop_loss"],"trades":5,"profit_mean":-0.051879889091549745,"profit_mean_pct":-5.19,"profit_total_abs":-83.57542799000001,"profit_total":-0.08357542799,"profit_total_pct":-8.36,"duration_avg":"4:00:00","wins":0,"draws":0,"losses":5,"winrate":0.0,"cagr":-0.2799307321279083,"expectancy":-16.715085598,"expectancy_ratio":-1.0,"sortino":-50.744382741790936,"sharpe":-50.744382741790936,"calmar":-19.695848633549282,"sqn":-103.056,"profit_factor":0.0,"max_drawdown_account":0.08357542798999998,"max_drawdown_abs":83.57542799000001},{"key":"TOTAL","trades":25,"profit_mean":-0.006703173295863983,"profit_mean_pct":-0.67,"profit_total_abs":-54.6281918,"profit_total":-0.0546281918,"profit_total_pct":-5.46,"duration_avg":"5:38:00","wins":8,"draws":12,"losses":5,"winrate":0.32,"cagr":-0.19053974806135554,"expectancy":-2.185127672000001,"expectancy_ratio":-0.6107278780709,"sortino":-33.16852739925963,"sharpe":-1.4173099443668704,"calmar":-15.136469935793384,"sqn":-1.4101,"profit_factor":0.34636060964550014,"max_drawdown_account":0.07108319187903846,"max_drawdown_abs":71.41157089999999}],"left_open_trades":[{"key":"TOTAL","trades":0,"profit_mean":0.0,"profit_mean_pct":0.0,"profit_total_abs":0.0,"profit_total":0.0,"profit_total_pct":0.0,"duration_avg":"0:00","wins":0,"draws":0,"losses":0,"winrate":0.0,"cagr":0.0,"expectancy":0.0,"expectancy_ratio":100.0,"sortino":0,"sharpe":0,"calmar":0,"sqn":0.0,"profit_factor":0.0,"max_drawdown_account":0.0,"max_drawdown_abs":0.0}],"total_trades":25,"trade_count_long":25,"trade_count_short":0,"total_volume":15818.84096405225,"avg_stake_amount":316.83726160000003,"profit_mean":-0.006703173295863983,"profit_median":0.0,"profit_total":-0.0546281918,"profit_total_long":-0.0546281918,"profit_total_short":0.0,"profit_total_abs":-54.6281918,"profit_total_long_abs":-54.6281918,"profit_total_short_abs":0.0,"cagr":-0.19053974806135554,"expectancy":-2.185127672000001,"expectancy_ratio":-0.6107278780709,"sortino":-33.16852739925963,"sharpe":-1.4173099443668704,"calmar":-15.136469935793384,"sqn":-1.4101,"profit_factor":0.34636060964550014,"backtest_start":"2025-10-01 00:00:00","backtest_start_ts":1759276800000,"backtest_end":"2026-01-06 20:00:00","backtest_end_ts":1767729600000,"backtest_days":97,"backtest_run_start_ts":1767742138,"backtest_run_end_ts":1767742138,"trades_per_day":0.26,"market_change":-0.36632086436227446,"pairlist":["DOGE/USDT"],"stake_amount":"unlimited","stake_currency":"USDT","stake_currency_decimals":3,"starting_balance":1000,"dry_run_wallet":1000,"final_balance":945.3718082,"rejected_signals":0,"timedout_entry_orders":0,"timedout_exit_orders":0,"canceled_trade_entries":0,"canceled_entry_orders":0,"replaced_entry_orders":0,"max_open_trades":1,"max_open_trades_setting":3,"timeframe":"1h","timeframe_detail":"","timerange":"20251001-","enable_protections":false,"strategy_name":"ACO_7_22","freqaimodel":null,"freqai_identifier":null,"stoploss":-0.05,"trailing_stop":false,"trailing_stop_positive":null,"trailing_stop_positive_offset":0.0,"trailing_only_offset_is_reached":false,"use_custom_stoploss":false,"minimal_roi":{"0":0.1,"60":0.05,"120":0.0},"use_exit_signal":true,"exit_profit_only":false,"exit_profit_offset":0.0,"ignore_roi_if_entry_signal":false,"trading_mode":"spot","margin_mode":"","periodic_breakdown":{"day":[{"date":"07/10/2025","date_ts":1759795200000,"profit_abs":1.7780019,"wins":1,"draws":0,"losses":0,"trades":1,"profit_factor":0.0},{"date":"08/10/2025","date_ts":1759881600000,"profit_abs":0.0,"wins":0,"draws":1,"losses":0,"trades":1,"profit_factor":0.0},{"date":"09/10/2025","date_ts":1759968000000,"profit_abs":2.84164182,"wins":1,"draws":0,"losses":0,"trades":1,"profit_factor":0.0},{"date":"10/10/2025","date_ts":1760054400000,"profit_abs":-50.75161471,"wins":0,"draws":0,"losses":3,"trades":3,"profit_factor":0.0},{"date":"11/10/2025","date_ts":1760140800000,"profit_abs":0.0,"wins":0,"draws":0,"losses":0,"trades":0,"profit_factor":0.0},{"date":"12/10/2025","date_ts":1760227200000,"profit_abs":0.0,"wins":0,"draws":0,"losses":0,"trades":0,"profit_factor":0.0},{"date":"13/10/2025","date_ts":1760313600000,"profit_abs":0.0,"wins":0,"draws":0,"losses":0,"trades":0,"profit_factor":0.0},{"date":"14/10/2025","date_ts":1760400000000,"profit_abs":0.0,"wins":0,"draws":0,"losses":0,"trades":0,"profit_factor":0.0},{"date":"15/10/2025","date_ts":1760486400000,"profit_abs":0.0,"wins":0,"draws":0,"losses":0,"trades":0,"profit_factor":0.0},{"date":"16/10/2025","date_ts":1760572800000,"profit_abs":0.0,"wins":0,"draws":0,"losses":0,"trades":0,"profit_factor":0.0},{"date":"17/10/2025","date_ts":1760659200000,"profit_abs":0.0,"wins":0,"draws":1,"losses":0,"trades":1,"profit_factor":0.0},{"date":"18/10/2025","date_ts":1760745600000,"profit_abs":0.0,"wins":0,"draws":0,"losses":0,"trades":0,"profit_factor":0.0},{"date":"19/10/2025","date_ts":1760832000000,"profit_abs":0.0,"wins":0,"draws":0,"losses":0,"trades":0,"profit_factor":0.0},{"date":"20/10/2025","date_ts":1760918400000,"profit_abs":0.0,"wins":0,"draws":0,"losses":0,"trades":0,"profit_factor":0.0},{"date":"21/10/2025","date_ts":1761004800000,"profit_abs":0.0,"wins":0,"draws":1,"losses":0,"trades":1,"profit_factor":0.0},{"date":"22/10/2025","date_ts":1761091200000,"profit_abs":0.0,"wins":0,"draws":0,"losses":0,"trades":0,"profit_factor":0.0},{"date":"23/10/2025","date_ts":1761177600000,"profit_abs":0.0,"wins":0,"draws":0,"losses":0,"trades":0,"profit_factor":0.0},{"date":"24/10/2025","date_ts":1761264000000,"profit_abs":0.0,"wins":0,"draws":0,"losses":0,"trades":0,"profit_factor":0.0},{"date":"25/10/2025","date_ts":1761350400000,"profit_abs":0.0,"wins":0,"draws":0,"losses":0,"trades":0,"profit_factor":0.0},{"date":"26/10/2025","date_ts":1761436800000,"profit_abs":0.0,"wins":0,"draws":0,"losses":0,"trades":0,"profit_factor":0.0},{"date":"27/10/2025","date_ts":1761523200000,"profit_abs":0.0,"wins":0,"draws":0,"losses":0,"trades":0,"profit_factor":0.0},{"date":"28/10/2025","date_ts":1761609600000,"profit_abs":0.0,"wins":0,"draws":0,"losses":0,"trades":0,"profit_factor":0.0},{"date":"29/10/2025","date_ts":1761696000000,"profit_abs":0.0,"wins":0,"draws":0,"losses":0,"trades":0,"profit_factor":0.0},{"date":"30/10/2025","date_ts":1761782400000,"profit_abs":0.0,"wins":0,"draws":1,"losses":0,"trades":1,"profit_factor":0.0},{"date":"31/10/2025","date_ts":1761868800000,"profit_abs":0.0,"wins":0,"draws":0,"losses":0,"trades":0,"profit_factor":0.0},{"date":"01/11/2025","date_ts":1761955200000,"profit_abs":0.0,"wins":0,"draws":0,"losses":0,"trades":0,"profit_factor":0.0},{"date":"02/11/2025","date_ts":1762041600000,"profit_abs":0.0,"wins":0,"draws":0,"losses":0,"trades":0,"profit_factor":0.0},{"date":"03/11/2025","date_ts":1762128000000,"profit_abs":0.0,"wins":0,"draws":1,"losses":0,"trades":1,"profit_factor":0.0},{"date":"04/11/2025","date_ts":1762214400000,"profit_abs":0.0,"wins":0,"draws":0,"losses":0,"trades":0,"profit_factor":0.0},{"date":"05/11/2025","date_ts":1762300800000,"profit_abs":0.0,"wins":0,"draws":0,"losses":0,"trades":0,"profit_factor":0.0},{"date":"06/11/2025","date_ts":1762387200000,"profit_abs":0.0,"wins":0,"draws":0,"losses":0,"trades":0,"profit_factor":0.0},{"date":"07/11/2025","date_ts":1762473600000,"profit_abs":0.0,"wins":0,"draws":0,"losses":0,"trades":0,"profit_factor":0.0},{"date":"08/11/2025","date_ts":1762560000000,"profit_abs":1.47815349,"wins":1,"draws":0,"losses":0,"trades":1,"profit_factor":0.0},{"date":"09/11/2025","date_ts":1762646400000,"profit_abs":0.0,"wins":0,"draws":0,"losses":0,"trades":0,"profit_factor":0.0},{"date":"10/11/2025","date_ts":1762732800000,"profit_abs":0.0,"wins":0,"draws":0,"losses":0,"trades":0,"profit_factor":0.0},{"date":"11/11/2025","date_ts":1762819200000,"profit_abs":0.0,"wins":0,"draws":0,"losses":0,"trades":0,"profit_factor":0.0},{"date":"12/11/2025","date_ts":1762905600000,"profit_abs":0.0,"wins":0,"draws":0,"losses":0,"trades":0,"profit_factor":0.0},{"date":"13/11/2025","date_ts":1762992000000,"profit_abs":0.0,"wins":0,"draws":1,"losses":0,"trades":1,"profit_factor":0.0},{"date":"14/11/2025","date_ts":1763078400000,"profit_abs":0.0,"wins":0,"draws":0,"losses":0,"trades":0,"profit_factor":0.0},{"date":"15/11/2025","date_ts":1763164800000,"profit_abs":0.0,"wins":0,"draws":0,"losses":0,"trades":0,"profit_factor":0.0},{"date":"16/11/2025","date_ts":1763251200000,"profit_abs":0.0,"wins":0,"draws":0,"losses":0,"trades":0,"profit_factor":0.0},{"date":"17/11/2025","date_ts":1763337600000,"profit_abs":0.0,"wins":0,"draws":0,"losses":0,"trades":0,"profit_factor":0.0},{"date":"18/11/2025","date_ts":1763424000000,"profit_abs":0.0,"wins":0,"draws":0,"losses":0,"trades":0,"profit_factor":0.0},{"date":"19/11/2025","date_ts":1763510400000,"profit_abs":0.0,"wins":0,"draws":1,"losses":0,"trades":1,"profit_factor":0.0},{"date":"20/11/2025","date_ts":1763596800000,"profit_abs":3.60070704,"wins":1,"draws":0,"losses":0,"trades":1,"profit_factor":0.0},{"date":"21/11/2025","date_ts":1763683200000,"profit_abs":7.08499656,"wins":1,"draws":0,"losses":0,"trades":1,"profit_factor":0.0},{"date":"22/11/2025","date_ts":1763769600000,"profit_abs":0.0,"wins":0,"draws":0,"losses":0,"trades":0,"profit_factor":0.0},{"date":"23/11/2025","date_ts":1763856000000,"profit_abs":0.0,"wins":0,"draws":0,"losses":0,"trades":0,"profit_factor":0.0},{"date":"24/11/2025","date_ts":1763942400000,"profit_abs":0.0,"wins":0,"draws":0,"losses":0,"trades":0,"profit_factor":0.0},{"date":"25/11/2025","date_ts":1764028800000,"profit_abs":0.0,"wins":0,"draws":0,"losses":0,"trades":0,"profit_factor":0.0},{"date":"26/11/2025","date_ts":1764115200000,"profit_abs":0.0,"wins":0,"draws":0,"losses":0,"trades":0,"profit_factor":0.0},{"date":"27/11/2025","date_ts":1764201600000,"profit_abs":0.0,"wins":0,"draws":0,"losses":0,"trades":0,"profit_factor":0.0},{"date":"28/11/2025","date_ts":1764288000000,"profit_abs":0.0,"wins":0,"draws":0,"losses":0,"trades":0,"profit_factor":0.0},{"date":"29/11/2025","date_ts":1764374400000,"profit_abs":0.0,"wins":0,"draws":0,"losses":0,"trades":0,"profit_factor":0.0},{"date":"30/11/2025","date_ts":1764460800000,"profit_abs":0.0,"wins":0,"draws":0,"losses":0,"trades":0,"profit_factor":0.0},{"date":"01/12/2025","date_ts":1764547200000,"profit_abs":-16.5599976,"wins":0,"draws":0,"losses":1,"trades":1,"profit_factor":0.0},{"date":"02/12/2025","date_ts":1764633600000,"profit_abs":0.0,"wins":0,"draws":0,"losses":0,"trades":0,"profit_factor":0.0},{"date":"03/12/2025","date_ts":1764720000000,"profit_abs":0.0,"wins":0,"draws":0,"losses":0,"trades":0,"profit_factor":0.0},{"date":"04/12/2025","date_ts":1764806400000,"profit_abs":0.0,"wins":0,"draws":0,"losses":0,"trades":0,"profit_factor":0.0},{"date":"05/12/2025","date_ts":1764892800000,"profit_abs":-16.26381568,"wins":0,"draws":0,"losses":1,"trades":1,"profit_factor":0.0},{"date":"06/12/2025","date_ts":1764979200000,"profit_abs":0.0,"wins":0,"draws":0,"losses":0,"trades":0,"profit_factor":0.0},{"date":"07/12/2025","date_ts":1765065600000,"profit_abs":8.69200514,"wins":1,"draws":0,"losses":0,"trades":1,"profit_factor":0.0},{"date":"08/12/2025","date_ts":1765152000000,"profit_abs":0.0,"wins":0,"draws":0,"losses":0,"trades":0,"profit_factor":0.0},{"date":"09/12/2025","date_ts":1765238400000,"profit_abs":0.0,"wins":0,"draws":0,"losses":0,"trades":0,"profit_factor":0.0},{"date":"10/12/2025","date_ts":1765324800000,"profit_abs":0.0,"wins":0,"draws":0,"losses":0,"trades":0,"profit_factor":0.0},{"date":"11/12/2025","date_ts":1765411200000,"profit_abs":0.0,"wins":0,"draws":0,"losses":0,"trades":0,"profit_factor":0.0},{"date":"12/12/2025","date_ts":1765497600000,"profit_abs":0.0,"wins":0,"draws":0,"losses":0,"trades":0,"profit_factor":0.0},{"date":"13/12/2025","date_ts":1765584000000,"profit_abs":0.0,"wins":0,"draws":0,"losses":0,"trades":0,"profit_factor":0.0},{"date":"14/12/2025","date_ts":1765670400000,"profit_abs":0.0,"wins":0,"draws":1,"losses":0,"trades":1,"profit_factor":0.0},{"date":"15/12/2025","date_ts":1765756800000,"profit_abs":0.0,"wins":0,"draws":1,"losses":0,"trades":1,"profit_factor":0.0},{"date":"16/12/2025","date_ts":1765843200000,"profit_abs":0.0,"wins":0,"draws":1,"losses":0,"trades":1,"profit_factor":0.0},{"date":"17/12/2025","date_ts":1765929600000,"profit_abs":0.23954364,"wins":1,"draws":0,"losses":0,"trades":1,"profit_factor":0.0},{"date":"18/12/2025","date_ts":1766016000000,"profit_abs":0.0,"wins":0,"draws":0,"losses":0,"trades":0,"profit_factor":0.0},{"date":"19/12/2025","date_ts":1766102400000,"profit_abs":0.0,"wins":0,"draws":0,"losses":0,"trades":0,"profit_factor":0.0},{"date":"20/12/2025","date_ts":1766188800000,"profit_abs":0.0,"wins":0,"draws":0,"losses":0,"trades":0,"profit_factor":0.0},{"date":"21/12/2025","date_ts":1766275200000,"profit_abs":0.0,"wins":0,"draws":0,"losses":0,"trades":0,"profit_factor":0.0},{"date":"22/12/2025","date_ts":1766361600000,"profit_abs":0.0,"wins":0,"draws":0,"losses":0,"trades":0,"profit_factor":0.0},{"date":"23/12/2025","date_ts":1766448000000,"profit_abs":3.2321866,"wins":1,"draws":0,"losses":0,"trades":1,"profit_factor":0.0},{"date":"24/12/2025","date_ts":1766534400000,"profit_abs":0.0,"wins":0,"draws":0,"losses":0,"trades":0,"profit_factor":0.0},{"date":"25/12/2025","date_ts":1766620800000,"profit_abs":0.0,"wins":0,"draws":1,"losses":0,"trades":1,"profit_factor":0.0},{"date":"26/12/2025","date_ts":1766707200000,"profit_abs":0.0,"wins":0,"draws":0,"losses":0,"trades":0,"profit_factor":0.0},{"date":"27/12/2025","date_ts":1766793600000,"profit_abs":0.0,"wins":0,"draws":0,"losses":0,"trades":0,"profit_factor":0.0},{"date":"28/12/2025","date_ts":1766880000000,"profit_abs":0.0,"wins":0,"draws":0,"losses":0,"trades":0,"profit_factor":0.0},{"date":"29/12/2025","date_ts":1766966400000,"profit_abs":0.0,"wins":0,"draws":0,"losses":0,"trades":0,"profit_factor":0.0},{"date":"30/12/2025","date_ts":1767052800000,"profit_abs":0.0,"wins":0,"draws":0,"losses":0,"trades":0,"profit_factor":0.0},{"date":"31/12/2025","date_ts":1767139200000,"profit_abs":0.0,"wins":0,"draws":0,"losses":0,"trades":0,"profit_factor":0.0},{"date":"01/01/2026","date_ts":1767225600000,"profit_abs":0.0,"wins":0,"draws":1,"losses":0,"trades":1,"profit_factor":0.0}],"week":[{"date":"13/10/2025","date_ts":1760313600000,"profit_abs":-46.13197099,"wins":2,"draws":1,"losses":3,"trades":6,"profit_factor":0.09102457},{"date":"20/10/2025","date_ts":1760918400000,"profit_abs":0.0,"wins":0,"draws":1,"losses":0,"trades":1,"profit_factor":0.0},{"date":"27/10/2025","date_ts":1761523200000,"profit_abs":0.0,"wins":0,"draws":1,"losses":0,"trades":1,"profit_factor":0.0},{"date":"03/11/2025","date_ts":1762128000000,"profit_abs":0.0,"wins":0,"draws":2,"losses":0,"trades":2,"profit_factor":0.0},{"date":"10/11/2025","date_ts":1762732800000,"profit_abs":1.47815349,"wins":1,"draws":0,"losses":0,"trades":1,"profit_factor":0.0},{"date":"17/11/2025","date_ts":1763337600000,"profit_abs":0.0,"wins":0,"draws":1,"losses":0,"trades":1,"profit_factor":0.0},{"date":"24/11/2025","date_ts":1763942400000,"profit_abs":10.6857036,"wins":2,"draws":1,"losses":0,"trades":3,"profit_factor":0.0},{"date":"01/12/2025","date_ts":1764547200000,"profit_abs":-16.5599976,"wins":0,"draws":0,"losses":1,"trades":1,"profit_factor":0.0},{"date":"08/12/2025","date_ts":1765152000000,"profit_abs":-7.57181054,"wins":1,"draws":0,"losses":1,"trades":2,"profit_factor":0.53443825},{"date":"15/12/2025","date_ts":1765756800000,"profit_abs":0.0,"wins":0,"draws":2,"losses":0,"trades":2,"profit_factor":0.0},{"date":"22/12/2025","date_ts":1766361600000,"profit_abs":0.23954364,"wins":1,"draws":1,"losses":0,"trades":2,"profit_factor":0.0},{"date":"29/12/2025","date_ts":1766966400000,"profit_abs":3.2321866,"wins":1,"draws":1,"losses":0,"trades":2,"profit_factor":0.0},{"date":"05/01/2026","date_ts":1767571200000,"profit_abs":0.0,"wins":0,"draws":1,"losses":0,"trades":1,"profit_factor":0.0}],"month":[{"date":"31/10/2025","date_ts":1761868800000,"profit_abs":-46.13197099,"wins":2,"draws":4,"losses":3,"trades":9,"profit_factor":0.09102457},{"date":"30/11/2025","date_ts":1764460800000,"profit_abs":12.16385709,"wins":3,"draws":3,"losses":0,"trades":6,"profit_factor":0.0},{"date":"31/12/2025","date_ts":1767139200000,"profit_abs":-20.6600779,"wins":3,"draws":4,"losses":2,"trades":9,"profit_factor":0.37057655},{"date":"31/01/2026","date_ts":1769817600000,"profit_abs":0.0,"wins":0,"draws":1,"losses":0,"trades":1,"profit_factor":0.0}],"year":[{"date":"31/12/2025","date_ts":1767139200000,"profit_abs":-54.6281918,"wins":8,"draws":11,"losses":5,"trades":24,"profit_factor":0.34636061},{"date":"31/12/2026","date_ts":1798675200000,"profit_abs":0.0,"wins":0,"draws":1,"losses":0,"trades":1,"profit_factor":0.0}],"weekday":[{"date":"Monday","date_ts":0,"profit_abs":-16.5599976,"wins":0,"draws":2,"losses":1,"trades":3,"profit_factor":0.0},{"date":"Tuesday","date_ts":1,"profit_abs":5.0101885,"wins":2,"draws":2,"losses":0,"trades":4,"profit_factor":0.0},{"date":"Wednesday","date_ts":2,"profit_abs":0.23954364,"wins":1,"draws":2,"losses":0,"trades":3,"profit_factor":0.0},{"date":"Thursday","date_ts":3,"profit_abs":6.44234886,"wins":2,"draws":4,"losses":0,"trades":6,"profit_factor":0.0},{"date":"Friday","date_ts":4,"profit_abs":-59.93043383,"wins":1,"draws":1,"losses":4,"trades":6,"profit_factor":0.10572187},{"date":"Saturday","date_ts":5,"profit_abs":1.47815349,"wins":1,"draws":0,"losses":0,"trades":1,"profit_factor":0.0},{"date":"Sunday","date_ts":6,"profit_abs":8.69200514,"wins":1,"draws":1,"losses":0,"trades":2,"profit_factor":0.0}]},"backtest_best_day":0.028206439113646453,"backtest_worst_day":-0.15563432345953102,"backtest_best_day_abs":8.69200514,"backtest_worst_day_abs":-50.75161471,"winning_days":8,"draw_days":76,"losing_days":3,"daily_profit":[["2025-10-07",1.7780019],["2025-10-08",0.0],["2025-10-09",2.84164182],["2025-10-10",-50.75161471],["2025-10-11",0.0],["2025-10-12",0.0],["2025-10-13",0.0],["2025-10-14",0.0],["2025-10-15",0.0],["2025-10-16",0.0],["2025-10-17",0.0],["2025-10-18",0.0],["2025-10-19",0.0],["2025-10-20",0.0],["2025-10-21",0.0],["2025-10-22",0.0],["2025-10-23",0.0],["2025-10-24",0.0],["2025-10-25",0.0],["2025-10-26",0.0],["2025-10-27",0.0],["2025-10-28",0.0],["2025-10-29",0.0],["2025-10-30",0.0],["2025-10-31",0.0],["2025-11-01",0.0],["2025-11-02",0.0],["2025-11-03",0.0],["2025-11-04",0.0],["2025-11-05",0.0],["2025-11-06",0.0],["2025-11-07",0.0],["2025-11-08",1.47815349],["2025-11-09",0.0],["2025-11-10",0.0],["2025-11-11",0.0],["2025-11-12",0.0],["2025-11-13",0.0],["2025-11-14",0.0],["2025-11-15",0.0],["2025-11-16",0.0],["2025-11-17",0.0],["2025-11-18",0.0],["2025-11-19",0.0],["2025-11-20",3.60070704],["2025-11-21",7.08499656],["2025-11-22",0.0],["2025-11-23",0.0],["2025-11-24",0.0],["2025-11-25",0.0],["2025-11-26",0.0],["2025-11-27",0.0],["2025-11-28",0.0],["2025-11-29",0.0],["2025-11-30",0.0],["2025-12-01",-16.5599976],["2025-12-02",0.0],["2025-12-03",0.0],["2025-12-04",0.0],["2025-12-05",-16.26381568],["2025-12-06",0.0],["2025-12-07",8.69200514],["2025-12-08",0.0],["2025-12-09",0.0],["2025-12-10",0.0],["2025-12-11",0.0],["2025-12-12",0.0],["2025-12-13",0.0],["2025-12-14",0.0],["2025-12-15",0.0],["2025-12-16",0.0],["2025-12-17",0.23954364],["2025-12-18",0.0],["2025-12-19",0.0],["2025-12-20",0.0],["2025-12-21",0.0],["2025-12-22",0.0],["2025-12-23",3.2321866],["2025-12-24",0.0],["2025-12-25",0.0],["2025-12-26",0.0],["2025-12-27",0.0],["2025-12-28",0.0],["2025-12-29",0.0],["2025-12-30",0.0],["2025-12-31",0.0],["2026-01-01",0.0]],"wins":8,"losses":5,"draws":12,"winrate":0.32,"holding_avg":"5:38:00","holding_avg_s":20280.0,"winner_holding_min":"0d 02:00","winner_holding_min_s":7200.0,"winner_holding_max":"0d 02:00","winner_holding_max_s":7200.0,"winner_holding_avg":"0d 02:00","winner_holding_avg_s":7200.0,"loser_holding_min":"0d 00:00","loser_holding_min_s":0.0,"loser_holding_max":"0d 13:00","loser_holding_max_s":46800.0,"loser_holding_avg":"0d 04:00","loser_holding_avg_s":14400.0,"max_consecutive_wins":2,"max_consecutive_losses":7,"max_drawdown_account":0.07108319187903846,"max_relative_drawdown":0.07108319187903846,"max_drawdown_abs":71.41157089999999,"drawdown_start":"2025-10-09 11:00:00","drawdown_start_ts":1760007600000.0,"drawdown_end":"2025-12-05 19:00:00","drawdown_end_ts":1764961200000.0,"drawdown_duration":"57 days 08:00:00","drawdown_duration_s":4953600.0,"max_drawdown_low":-66.79192717999999,"max_drawdown_high":4.61964372,"csum_min":933.20807282,"csum_max":1004.61964372}},"strategy_comparison":[{"key":"ACO_7_22","trades":25,"profit_mean":-0.006703173295863983,"profit_mean_pct":-0.67,"profit_total_abs":-54.6281918,"profit_total":-0.0546281918,"profit_total_pct":-5.46,"duration_avg":"5:38:00","wins":8,"draws":12,"losses":5,"winrate":0.32,"cagr":-0.19053974806135554,"expectancy":-2.185127672000001,"expectancy_ratio":-0.6107278780709,"sortino":-33.16852739925963,"sharpe":-1.4173099443668704,"calmar":-15.136469935793384,"sqn":-1.4101,"profit_factor":0.34636060964550014,"max_drawdown_account":0.07108319187903846,"max_drawdown_abs":"71.412"}]}