{"strategy":{"ACO_18_12":{"trades":[{"pair":"DOGE/USDT","stake_amount":329.81907,"max_stake_amount":329.81907,"amount":1281.0,"open_date":"2025-10-06 09:00:00+00:00","close_date":"2025-10-06 11:00:00+00:00","open_rate":0.25747,"close_rate":0.25909,"fee_open":0.001,"fee_close":0.001,"trade_duration":120,"profit_ratio":0.004281421766954062,"profit_abs":1.41350664,"exit_reason":"roi","initial_stop_loss_abs":0.2446,"initial_stop_loss_ratio":-0.05,"stop_loss_abs":0.2446,"stop_loss_ratio":-0.05,"min_rate":0.25731,"max_rate":0.26191,"is_open":false,"enter_tag":"","leverage":1.0,"is_short":false,"open_timestamp":1759741200000,"close_timestamp":1759748400000,"orders":[{"amount":1281.0,"safe_price":0.25747,"ft_order_side":"buy","order_filled_timestamp":1759741200000,"ft_is_entry":true,"ft_order_tag":"","cost":330.14888906999994},{"amount":1281.0,"safe_price":0.25909,"ft_order_side":"sell","order_filled_timestamp":1759748400000,"ft_is_entry":false,"ft_order_tag":"roi","cost":332.22618428999994}],"funding_fees":0.0,"weekday":0},{"pair":"DOGE/USDT","stake_amount":330.31492,"max_stake_amount":330.31492,"amount":1612.0,"open_date":"2025-10-15 03:00:00+00:00","close_date":"2025-10-15 08:00:00+00:00","open_rate":0.20491,"close_rate":0.20532023023023022,"fee_open":0.001,"fee_close":0.001,"trade_duration":300,"profit_ratio":0.0,"profit_abs":0.0,"exit_reason":"roi","initial_stop_loss_abs":0.19467,"initial_stop_loss_ratio":-0.05,"stop_loss_abs":0.19467,"stop_loss_ratio":-0.05,"min_rate":0.2015,"max_rate":0.20853,"is_open":false,"enter_tag":"","leverage":1.0,"is_short":false,"open_timestamp":1760497200000,"close_timestamp":1760515200000,"orders":[{"amount":1612.0,"safe_price":0.20491,"ft_order_side":"buy","order_filled_timestamp":1760497200000,"ft_is_entry":true,"ft_order_tag":"","cost":330.64523492},{"amount":1612.0,"safe_price":0.20532023023023022,"ft_order_side":"sell","order_filled_timestamp":1760515200000,"ft_is_entry":false,"ft_order_tag":"roi","cost":331.3071873422622}],"funding_fees":0.0,"weekday":2},{"pair":"DOGE/USDT","stake_amount":330.2968,"max_stake_amount":330.2968,"amount":1780.0,"open_date":"2025-10-31 11:00:00+00:00","close_date":"2025-10-31 13:00:00+00:00","open_rate":0.18556,"close_rate":0.18593149149149146,"fee_open":0.001,"fee_close":0.001,"trade_duration":120,"profit_ratio":0.0,"profit_abs":0.0,"exit_reason":"roi","initial_stop_loss_abs":0.17629,"initial_stop_loss_ratio":-0.05,"stop_loss_abs":0.17629,"stop_loss_ratio":-0.05,"min_rate":0.18458,"max_rate":0.18734,"is_open":false,"enter_tag":"","leverage":1.0,"is_short":false,"open_timestamp":1761908400000,"close_timestamp":1761915600000,"orders":[{"amount":1780.0,"safe_price":0.18556,"ft_order_side":"buy","order_filled_timestamp":1761908400000,"ft_is_entry":true,"ft_order_tag":"","cost":330.6270968},{"amount":1780.0,"safe_price":0.18593149149149146,"ft_order_side":"sell","order_filled_timestamp":1761915600000,"ft_is_entry":false,"ft_order_tag":"roi","cost":331.28901290970964}],"funding_fees":0.0,"weekday":4},{"pair":"DOGE/USDT","stake_amount":330.35114,"max_stake_amount":330.35114,"amount":1757.0,"open_date":"2025-11-02 05:00:00+00:00","close_date":"2025-11-02 07:00:00+00:00","open_rate":0.18802,"close_rate":0.18839641641641638,"fee_open":0.001,"fee_close":0.001,"trade_duration":120,"profit_ratio":0.0,"profit_abs":0.0,"exit_reason":"roi","initial_stop_loss_abs":0.17862,"initial_stop_loss_ratio":-0.05,"stop_loss_abs":0.17862,"stop_loss_ratio":-0.05,"min_rate":0.18701,"max_rate":0.18884,"is_open":false,"enter_tag":"","leverage":1.0,"is_short":false,"open_timestamp":1762059600000,"close_timestamp":1762066800000,"orders":[{"amount":1757.0,"safe_price":0.18802,"ft_order_side":"buy","order_filled_timestamp":1762059600000,"ft_is_entry":true,"ft_order_tag":"","cost":330.68149113999993},{"amount":1757.0,"safe_price":0.18839641641641638,"ft_order_side":"sell","order_filled_timestamp":1762066800000,"ft_is_entry":false,"ft_order_tag":"roi","cost":331.3435161472872}],"funding_fees":0.0,"weekday":6},{"pair":"DOGE/USDT","stake_amount":330.34264,"max_stake_amount":330.34264,"amount":1802.0,"open_date":"2025-11-10 23:00:00+00:00","close_date":"2025-11-11 01:00:00+00:00","open_rate":0.18332,"close_rate":0.183687007007007,"fee_open":0.001,"fee_close":0.001,"trade_duration":120,"profit_ratio":0.0,"profit_abs":0.0,"exit_reason":"roi","initial_stop_loss_abs":0.17416,"initial_stop_loss_ratio":-0.05,"stop_loss_abs":0.17416,"stop_loss_ratio":-0.05,"min_rate":0.17933,"max_rate":0.1864,"is_open":false,"enter_tag":"","leverage":1.0,"is_short":false,"open_timestamp":1762815600000,"close_timestamp":1762822800000,"orders":[{"amount":1802.0,"safe_price":0.18332,"ft_order_side":"buy","order_filled_timestamp":1762815600000,"ft_is_entry":true,"ft_order_tag":"","cost":330.67298264},{"amount":1802.0,"safe_price":0.183687007007007,"ft_order_side":"sell","order_filled_timestamp":1762822800000,"ft_is_entry":false,"ft_order_tag":"roi","cost":331.3349906132532}],"funding_fees":0.0,"weekday":1},{"pair":"DOGE/USDT","stake_amount":330.3144,"max_stake_amount":330.3144,"amount":1872.0,"open_date":"2025-11-12 13:00:00+00:00","close_date":"2025-11-12 19:00:00+00:00","open_rate":0.17645,"close_rate":0.16763,"fee_open":0.001,"fee_close":0.001,"trade_duration":360,"profit_ratio":-0.05188396188679555,"profit_abs":-17.15515776,"exit_reason":"stop_loss","initial_stop_loss_abs":0.16763,"initial_stop_loss_ratio":-0.05,"stop_loss_abs":0.16763,"stop_loss_ratio":-0.05,"min_rate":0.16721,"max_rate":0.17855,"is_open":false,"enter_tag":"","leverage":1.0,"is_short":false,"open_timestamp":1762952400000,"close_timestamp":1762974000000,"orders":[{"amount":1872.0,"safe_price":0.17645,"ft_order_side":"buy","order_filled_timestamp":1762952400000,"ft_is_entry":true,"ft_order_tag":"","cost":330.64471439999994},{"amount":1872.0,"safe_price":0.16763,"ft_order_side":"sell","order_filled_timestamp":1762974000000,"ft_is_entry":false,"ft_order_tag":"stop_loss","cost":314.11716335999995}],"funding_fees":0.0,"weekday":2},{"pair":"DOGE/USDT","stake_amount":324.67659,"max_stake_amount":324.67659,"amount":1983.0,"open_date":"2025-11-16 03:00:00+00:00","close_date":"2025-11-16 05:00:00+00:00","open_rate":0.16373,"close_rate":0.16405778778778773,"fee_open":0.001,"fee_close":0.001,"trade_duration":120,"profit_ratio":0.0,"profit_abs":0.0,"exit_reason":"roi","initial_stop_loss_abs":0.15555,"initial_stop_loss_ratio":-0.05,"stop_loss_abs":0.15555,"stop_loss_ratio":-0.05,"min_rate":0.16271,"max_rate":0.16445,"is_open":false,"enter_tag":"","leverage":1.0,"is_short":false,"open_timestamp":1763262000000,"close_timestamp":1763269200000,"orders":[{"amount":1983.0,"safe_price":0.16373,"ft_order_side":"buy","order_filled_timestamp":1763262000000,"ft_is_entry":true,"ft_order_tag":"","cost":325.00126658999994},{"amount":1983.0,"safe_price":0.16405778778778773,"ft_order_side":"sell","order_filled_timestamp":1763269200000,"ft_is_entry":false,"ft_order_tag":"roi","cost":325.65191977636624}],"funding_fees":0.0,"weekday":6},{"pair":"DOGE/USDT","stake_amount":324.73736,"max_stake_amount":324.73736,"amount":2014.0,"open_date":"2025-11-17 06:00:00+00:00","close_date":"2025-11-17 08:00:00+00:00","open_rate":0.16124,"close_rate":0.16186,"fee_open":0.001,"fee_close":0.001,"trade_duration":120,"profit_ratio":0.0018395149876171955,"profit_abs":0.5979566,"exit_reason":"roi","initial_stop_loss_abs":0.15318,"initial_stop_loss_ratio":-0.05,"stop_loss_abs":0.15318,"stop_loss_ratio":-0.05,"min_rate":0.16069,"max_rate":0.16239,"is_open":false,"enter_tag":"","leverage":1.0,"is_short":false,"open_timestamp":1763359200000,"close_timestamp":1763366400000,"orders":[{"amount":2014.0,"safe_price":0.16124,"ft_order_side":"buy","order_filled_timestamp":1763359200000,"ft_is_entry":true,"ft_order_tag":"","cost":325.06209735999994},{"amount":2014.0,"safe_price":0.16186,"ft_order_side":"sell","order_filled_timestamp":1763366400000,"ft_is_entry":false,"ft_order_tag":"roi","cost":326.31202604}],"funding_fees":0.0,"weekday":0},{"pair":"DOGE/USDT","stake_amount":324.96044,"max_stake_amount":324.96044,"amount":2051.0,"open_date":"2025-11-20 05:00:00+00:00","close_date":"2025-11-20 08:00:00+00:00","open_rate":0.15844,"close_rate":0.15822,"fee_open":0.001,"fee_close":0.001,"trade_duration":180,"profit_ratio":-0.00338376594372555,"profit_abs":-1.10068966,"exit_reason":"exit_signal","initial_stop_loss_abs":0.15052,"initial_stop_loss_ratio":-0.05,"stop_loss_abs":0.15052,"stop_loss_ratio":-0.05,"min_rate":0.15638,"max_rate":0.15882,"is_open":false,"enter_tag":"","leverage":1.0,"is_short":false,"open_timestamp":1763614800000,"close_timestamp":1763625600000,"orders":[{"amount":2051.0,"safe_price":0.15844,"ft_order_side":"buy","order_filled_timestamp":1763614800000,"ft_is_entry":true,"ft_order_tag":"","cost":325.28540044},{"amount":2051.0,"safe_price":0.15822,"ft_order_side":"sell","order_filled_timestamp":1763625600000,"ft_is_entry":false,"ft_order_tag":"exit_signal","cost":324.83372921999995}],"funding_fees":0.0,"weekday":3},{"pair":"DOGE/USDT","stake_amount":324.50409,"max_stake_amount":324.50409,"amount":2169.0,"open_date":"2025-11-30 10:00:00+00:00","close_date":"2025-11-30 12:00:00+00:00","open_rate":0.14961,"close_rate":0.1499095195195195,"fee_open":0.001,"fee_close":0.001,"trade_duration":120,"profit_ratio":0.0,"profit_abs":0.0,"exit_reason":"roi","initial_stop_loss_abs":0.14213,"initial_stop_loss_ratio":-0.05,"stop_loss_abs":0.14213,"stop_loss_ratio":-0.05,"min_rate":0.14854,"max_rate":0.15015,"is_open":false,"enter_tag":"","leverage":1.0,"is_short":false,"open_timestamp":1764496800000,"close_timestamp":1764504000000,"orders":[{"amount":2169.0,"safe_price":0.14961,"ft_order_side":"buy","order_filled_timestamp":1764496800000,"ft_is_entry":true,"ft_order_tag":"","cost":324.8285940899999},{"amount":2169.0,"safe_price":0.1499095195195195,"ft_order_side":"sell","order_filled_timestamp":1764504000000,"ft_is_entry":false,"ft_order_tag":"roi","cost":325.4789015856756}],"funding_fees":0.0,"weekday":6},{"pair":"DOGE/USDT","stake_amount":324.5018,"max_stake_amount":324.5018,"amount":2170.0,"open_date":"2025-11-30 13:00:00+00:00","close_date":"2025-11-30 16:00:00+00:00","open_rate":0.14954,"close_rate":0.14983937937937936,"fee_open":0.001,"fee_close":0.001,"trade_duration":180,"profit_ratio":0.0,"profit_abs":0.0,"exit_reason":"roi","initial_stop_loss_abs":0.14207,"initial_stop_loss_ratio":-0.05,"stop_loss_abs":0.14207,"stop_loss_ratio":-0.05,"min_rate":0.14894,"max_rate":0.15059,"is_open":false,"enter_tag":"","leverage":1.0,"is_short":false,"open_timestamp":1764507600000,"close_timestamp":1764518400000,"orders":[{"amount":2170.0,"safe_price":0.14954,"ft_order_side":"buy","order_filled_timestamp":1764507600000,"ft_is_entry":true,"ft_order_tag":"","cost":324.82630179999995},{"amount":2170.0,"safe_price":0.14983937937937936,"ft_order_side":"sell","order_filled_timestamp":1764518400000,"ft_is_entry":false,"ft_order_tag":"roi","cost":325.4766047065064}],"funding_fees":0.0,"weekday":6},{"pair":"DOGE/USDT","stake_amount":324.4934,"max_stake_amount":324.4934,"amount":2218.0,"open_date":"2025-12-09 16:00:00+00:00","close_date":"2025-12-09 18:00:00+00:00","open_rate":0.1463,"close_rate":0.15095,"fee_open":0.001,"fee_close":0.001,"trade_duration":120,"profit_ratio":0.029722498963783994,"profit_abs":9.6543995,"exit_reason":"exit_signal","initial_stop_loss_abs":0.13899,"initial_stop_loss_ratio":-0.05,"stop_loss_abs":0.13899,"stop_loss_ratio":-0.05,"min_rate":0.1463,"max_rate":0.15319,"is_open":false,"enter_tag":"","leverage":1.0,"is_short":false,"open_timestamp":1765296000000,"close_timestamp":1765303200000,"orders":[{"amount":2218.0,"safe_price":0.1463,"ft_order_side":"buy","order_filled_timestamp":1765296000000,"ft_is_entry":true,"ft_order_tag":"","cost":324.81789339999995},{"amount":2218.0,"safe_price":0.15095,"ft_order_side":"sell","order_filled_timestamp":1765303200000,"ft_is_entry":false,"ft_order_tag":"exit_signal","cost":335.14190709999997}],"funding_fees":0.0,"weekday":1},{"pair":"DOGE/USDT","stake_amount":327.825,"max_stake_amount":327.825,"amount":2350.0,"open_date":"2025-12-13 11:00:00+00:00","close_date":"2025-12-13 15:00:00+00:00","open_rate":0.1395,"close_rate":0.13977927927927927,"fee_open":0.001,"fee_close":0.001,"trade_duration":240,"profit_ratio":0.0,"profit_abs":0.0,"exit_reason":"roi","initial_stop_loss_abs":0.13253,"initial_stop_loss_ratio":-0.05,"stop_loss_abs":0.13253,"stop_loss_ratio":-0.05,"min_rate":0.13854,"max_rate":0.14002,"is_open":false,"enter_tag":"","leverage":1.0,"is_short":false,"open_timestamp":1765623600000,"close_timestamp":1765638000000,"orders":[{"amount":2350.0,"safe_price":0.1395,"ft_order_side":"buy","order_filled_timestamp":1765623600000,"ft_is_entry":true,"ft_order_tag":"","cost":328.152825},{"amount":2350.0,"safe_price":0.13977927927927927,"ft_order_side":"sell","order_filled_timestamp":1765638000000,"ft_is_entry":false,"ft_order_tag":"roi","cost":328.8097876126126}],"funding_fees":0.0,"weekday":5},{"pair":"DOGE/USDT","stake_amount":327.77508,"max_stake_amount":327.77508,"amount":2468.0,"open_date":"2025-12-21 09:00:00+00:00","close_date":"2025-12-22 00:00:00+00:00","open_rate":0.13281,"close_rate":0.13307588588588587,"fee_open":0.001,"fee_close":0.001,"trade_duration":900,"profit_ratio":0.0,"profit_abs":0.0,"exit_reason":"roi","initial_stop_loss_abs":0.12617,"initial_stop_loss_ratio":-0.05,"stop_loss_abs":0.12617,"stop_loss_ratio":-0.05,"min_rate":0.12871,"max_rate":0.13424,"is_open":false,"enter_tag":"","leverage":1.0,"is_short":false,"open_timestamp":1766307600000,"close_timestamp":1766361600000,"orders":[{"amount":2468.0,"safe_price":0.13281,"ft_order_side":"buy","order_filled_timestamp":1766307600000,"ft_is_entry":true,"ft_order_tag":"","cost":328.10285508},{"amount":2468.0,"safe_price":0.13307588588588587,"ft_order_side":"sell","order_filled_timestamp":1766361600000,"ft_is_entry":false,"ft_order_tag":"roi","cost":328.75971765273266}],"funding_fees":0.0,"weekday":0},{"pair":"DOGE/USDT","stake_amount":327.7481,"max_stake_amount":327.7481,"amount":2482.0,"open_date":"2025-12-22 04:00:00+00:00","close_date":"2025-12-22 07:00:00+00:00","open_rate":0.13205,"close_rate":0.13231436436436436,"fee_open":0.001,"fee_close":0.001,"trade_duration":180,"profit_ratio":0.0,"profit_abs":0.0,"exit_reason":"roi","initial_stop_loss_abs":0.12545,"initial_stop_loss_ratio":-0.05,"stop_loss_abs":0.12545,"stop_loss_ratio":-0.05,"min_rate":0.13151,"max_rate":0.13274,"is_open":false,"enter_tag":"","leverage":1.0,"is_short":false,"open_timestamp":1766376000000,"close_timestamp":1766386800000,"orders":[{"amount":2482.0,"safe_price":0.13205,"ft_order_side":"buy","order_filled_timestamp":1766376000000,"ft_is_entry":true,"ft_order_tag":"","cost":328.0758481},{"amount":2482.0,"safe_price":0.13231436436436436,"ft_order_side":"sell","order_filled_timestamp":1766386800000,"ft_is_entry":false,"ft_order_tag":"roi","cost":328.73265660470463}],"funding_fees":0.0,"weekday":0},{"pair":"DOGE/USDT","stake_amount":327.74166,"max_stake_amount":327.74166,"amount":2619.0,"open_date":"2025-12-29 01:00:00+00:00","close_date":"2025-12-29 03:00:00+00:00","open_rate":0.12514,"close_rate":0.12639,"fee_open":0.001,"fee_close":0.001,"trade_duration":120,"profit_ratio":0.0079708528645719,"profit_abs":2.61499293,"exit_reason":"exit_signal","initial_stop_loss_abs":0.11889,"initial_stop_loss_ratio":-0.05,"stop_loss_abs":0.11889,"stop_loss_ratio":-0.05,"min_rate":0.12437,"max_rate":0.12777,"is_open":false,"enter_tag":"","leverage":1.0,"is_short":false,"open_timestamp":1766970000000,"close_timestamp":1766977200000,"orders":[{"amount":2619.0,"safe_price":0.12514,"ft_order_side":"buy","order_filled_timestamp":1766970000000,"ft_is_entry":true,"ft_order_tag":"","cost":328.06940166},{"amount":2619.0,"safe_price":0.12639,"ft_order_side":"sell","order_filled_timestamp":1766977200000,"ft_is_entry":false,"ft_order_tag":"exit_signal","cost":331.34642541}],"funding_fees":0.0,"weekday":0},{"pair":"DOGE/USDT","stake_amount":328.56012,"max_stake_amount":328.56012,"amount":2164.0,"open_date":"2026-01-06 13:00:00+00:00","close_date":"2026-01-06 15:00:00+00:00","open_rate":0.15183,"close_rate":0.15263,"fee_open":0.001,"fee_close":0.001,"trade_duration":120,"profit_ratio":0.0032605213399522826,"profit_abs":1.07234856,"exit_reason":"roi","initial_stop_loss_abs":0.14424,"initial_stop_loss_ratio":-0.05,"stop_loss_abs":0.14424,"stop_loss_ratio":-0.05,"min_rate":0.14913,"max_rate":0.15656,"is_open":false,"enter_tag":"","leverage":1.0,"is_short":false,"open_timestamp":1767704400000,"close_timestamp":1767711600000,"orders":[{"amount":2164.0,"safe_price":0.15183,"ft_order_side":"buy","order_filled_timestamp":1767704400000,"ft_is_entry":true,"ft_order_tag":"","cost":328.88868011999995},{"amount":2164.0,"safe_price":0.15263,"ft_order_side":"sell","order_filled_timestamp":1767711600000,"ft_is_entry":false,"ft_order_tag":"roi","cost":330.62161131999994}],"funding_fees":0.0,"weekday":1}],"locks":[],"best_pair":{"key":"DOGE/USDT","trades":17,"profit_mean":-0.0004819363475083333,"profit_mean_pct":-0.05,"profit_total_abs":-2.902643190000001,"profit_total":-0.002902643190000001,"profit_total_pct":-0.29,"duration_avg":"3:28:00","wins":5,"draws":10,"losses":2,"winrate":0.29411764705882354,"cagr":-0.01087859510863276,"expectancy":-0.17074371705882374,"expectancy_ratio":-0.6069409409310365,"sortino":-0.0712200747497111,"sharpe":-0.11807078282460928,"calmar":-3.2422236435372933,"sqn":-0.1411,"profit_factor":0.8410020020861895,"max_drawdown_account":0.017632966504762655,"max_drawdown_abs":17.657890820000002},"worst_pair":{"key":"DOGE/USDT","trades":17,"profit_mean":-0.0004819363475083333,"profit_mean_pct":-0.05,"profit_total_abs":-2.902643190000001,"profit_total":-0.002902643190000001,"profit_total_pct":-0.29,"duration_avg":"3:28:00","wins":5,"draws":10,"losses":2,"winrate":0.29411764705882354,"cagr":-0.01087859510863276,"expectancy":-0.17074371705882374,"expectancy_ratio":-0.6069409409310365,"sortino":-0.0712200747497111,"sharpe":-0.11807078282460928,"calmar":-3.2422236435372933,"sqn":-0.1411,"profit_factor":0.8410020020861895,"max_drawdown_account":0.017632966504762655,"max_drawdown_abs":17.657890820000002},"results_per_pair":[{"key":"DOGE/USDT","trades":17,"profit_mean":-0.0004819363475083333,"profit_mean_pct":-0.05,"profit_total_abs":-2.902643190000001,"profit_total":-0.002902643190000001,"profit_total_pct":-0.29,"duration_avg":"3:28:00","wins":5,"draws":10,"losses":2,"winrate":0.29411764705882354,"cagr":-0.01087859510863276,"expectancy":-0.17074371705882374,"expectancy_ratio":-0.6069409409310365,"sortino":-0.0712200747497111,"sharpe":-0.11807078282460928,"calmar":-3.2422236435372933,"sqn":-0.1411,"profit_factor":0.8410020020861895,"max_drawdown_account":0.017632966504762655,"max_drawdown_abs":17.657890820000002},{"key":"TOTAL","trades":17,"profit_mean":-0.0004819363475083333,"profit_mean_pct":-0.05,"profit_total_abs":-2.902643190000001,"profit_total":-0.002902643190000001,"profit_total_pct":-0.29,"duration_avg":"3:28:00","wins":5,"draws":10,"losses":2,"winrate":0.29411764705882354,"cagr":-0.01087859510863276,"expectancy":-0.17074371705882374,"expectancy_ratio":-0.6069409409310365,"sortino":-0.0712200747497111,"sharpe":-0.11807078282460928,"calmar":-3.2422236435372933,"sqn":-0.1411,"profit_factor":0.8410020020861895,"max_drawdown_account":0.017632966504762655,"max_drawdown_abs":17.657890820000002}],"results_per_enter_tag":[{"key":"","trades":17,"profit_mean":-0.0004819363475083333,"profit_mean_pct":-0.05,"profit_total_abs":-2.902643190000001,"profit_total":-0.002902643190000001,"profit_total_pct":-0.29,"duration_avg":"3:28:00","wins":5,"draws":10,"losses":2,"winrate":0.29411764705882354,"cagr":-0.01087859510863276,"expectancy":-0.17074371705882374,"expectancy_ratio":-0.6069409409310365,"sortino":-0.0712200747497111,"sharpe":-0.11807078282460928,"calmar":-3.2422236435372933,"sqn":-0.1411,"profit_factor":0.8410020020861895,"max_drawdown_account":0.017632966504762655,"max_drawdown_abs":17.657890820000002},{"key":"TOTAL","trades":17,"profit_mean":-0.0004819363475083333,"profit_mean_pct":-0.05,"profit_total_abs":-2.902643190000001,"profit_total":-0.002902643190000001,"profit_total_pct":-0.29,"duration_avg":"3:28:00","wins":5,"draws":10,"losses":2,"winrate":0.29411764705882354,"cagr":-0.01087859510863276,"expectancy":-0.17074371705882374,"expectancy_ratio":-0.6069409409310365,"sortino":-0.0712200747497111,"sharpe":-0.11807078282460928,"calmar":-3.2422236435372933,"sqn":-0.1411,"profit_factor":0.8410020020861895,"max_drawdown_account":0.017632966504762655,"max_drawdown_abs":17.657890820000002}],"exit_reason_summary":[{"key":"exit_signal","trades":3,"profit_mean":0.011436528628210115,"profit_mean_pct":1.14,"profit_total_abs":11.16870277,"profit_total":0.011168702769999999,"profit_total_pct":1.12,"duration_avg":"2:20:00","wins":2,"draws":0,"losses":1,"winrate":0.6666666666666666,"cagr":0.04267925154196295,"expectancy":3.7229009233333326,"expectancy_ratio":3.3823347839329507,"sortino":-100,"sharpe":0.49321239142416107,"calmar":199.85386179700623,"sqn":1.1805,"profit_factor":11.147004351798852,"max_drawdown_account":0.0011006896599999436,"max_drawdown_abs":1.10068966},{"key":"roi","trades":13,"profit_mean":0.000721650622655657,"profit_mean_pct":0.07,"profit_total_abs":3.0838118,"profit_total":0.0030838118,"profit_total_pct":0.31,"duration_avg":"3:32:00","wins":3,"draws":10,"losses":0,"winrate":0.23076923076923078,"cagr":0.011653558202478376,"expectancy":0.2372162923076923,"expectancy_ratio":100.0,"sortino":-100,"sharpe":1.3148754017938862,"calmar":-100,"sqn":1.7789,"profit_factor":0.0,"max_drawdown_account":0.0,"max_drawdown_abs":0.0},{"key":"stop_loss","trades":1,"profit_mean":-0.05188396188679555,"profit_mean_pct":-5.19,"profit_total_abs":-17.15515776,"profit_total":-0.01715515776,"profit_total_pct":-1.72,"duration_avg":"6:00:00","wins":0,"draws":0,"losses":1,"winrate":0.0,"cagr":-0.06303845315034262,"expectancy":-17.15515776,"expectancy_ratio":-1.0,"sortino":-100,"sharpe":-100,"calmar":-19.695848633549332,"sqn":-100.0,"profit_factor":0.0,"max_drawdown_account":0.017155157759999953,"max_drawdown_abs":17.15515776},{"key":"TOTAL","trades":17,"profit_mean":-0.0004819363475083333,"profit_mean_pct":-0.05,"profit_total_abs":-2.902643190000001,"profit_total":-0.002902643190000001,"profit_total_pct":-0.29,"duration_avg":"3:28:00","wins":5,"draws":10,"losses":2,"winrate":0.29411764705882354,"cagr":-0.01087859510863276,"expectancy":-0.17074371705882374,"expectancy_ratio":-0.6069409409310365,"sortino":-0.0712200747497111,"sharpe":-0.11807078282460928,"calmar":-3.2422236435372933,"sqn":-0.1411,"profit_factor":0.8410020020861895,"max_drawdown_account":0.017632966504762655,"max_drawdown_abs":17.657890820000002}],"mix_tag_stats":[{"key":["","exit_signal"],"trades":3,"profit_mean":0.011436528628210115,"profit_mean_pct":1.14,"profit_total_abs":11.16870277,"profit_total":0.011168702769999999,"profit_total_pct":1.12,"duration_avg":"2:20:00","wins":2,"draws":0,"losses":1,"winrate":0.6666666666666666,"cagr":0.04267925154196295,"expectancy":3.7229009233333326,"expectancy_ratio":3.3823347839329507,"sortino":-100,"sharpe":0.49321239142416107,"calmar":199.85386179700623,"sqn":1.1805,"profit_factor":11.147004351798852,"max_drawdown_account":0.0011006896599999436,"max_drawdown_abs":1.10068966},{"key":["","roi"],"trades":13,"profit_mean":0.000721650622655657,"profit_mean_pct":0.07,"profit_total_abs":3.0838118,"profit_total":0.0030838118,"profit_total_pct":0.31,"duration_avg":"3:32:00","wins":3,"draws":10,"losses":0,"winrate":0.23076923076923078,"cagr":0.011653558202478376,"expectancy":0.2372162923076923,"expectancy_ratio":100.0,"sortino":-100,"sharpe":1.3148754017938862,"calmar":-100,"sqn":1.7789,"profit_factor":0.0,"max_drawdown_account":0.0,"max_drawdown_abs":0.0},{"key":["","stop_loss"],"trades":1,"profit_mean":-0.05188396188679555,"profit_mean_pct":-5.19,"profit_total_abs":-17.15515776,"profit_total":-0.01715515776,"profit_total_pct":-1.72,"duration_avg":"6:00:00","wins":0,"draws":0,"losses":1,"winrate":0.0,"cagr":-0.06303845315034262,"expectancy":-17.15515776,"expectancy_ratio":-1.0,"sortino":-100,"sharpe":-100,"calmar":-19.695848633549332,"sqn":-100.0,"profit_factor":0.0,"max_drawdown_account":0.017155157759999953,"max_drawdown_abs":17.15515776},{"key":"TOTAL","trades":17,"profit_mean":-0.0004819363475083333,"profit_mean_pct":-0.05,"profit_total_abs":-2.902643190000001,"profit_total":-0.002902643190000001,"profit_total_pct":-0.29,"duration_avg":"3:28:00","wins":5,"draws":10,"losses":2,"winrate":0.29411764705882354,"cagr":-0.01087859510863276,"expectancy":-0.17074371705882374,"expectancy_ratio":-0.6069409409310365,"sortino":-0.0712200747497111,"sharpe":-0.11807078282460928,"calmar":-3.2422236435372933,"sqn":-0.1411,"profit_factor":0.8410020020861895,"max_drawdown_account":0.017632966504762655,"max_drawdown_abs":17.657890820000002}],"left_open_trades":[{"key":"TOTAL","trades":0,"profit_mean":0.0,"profit_mean_pct":0.0,"profit_total_abs":0.0,"profit_total":0.0,"profit_total_pct":0.0,"duration_avg":"0:00","wins":0,"draws":0,"losses":0,"winrate":0.0,"cagr":0.0,"expectancy":0.0,"expectancy_ratio":100.0,"sortino":0,"sharpe":0,"calmar":0,"sqn":0.0,"profit_factor":0.0,"max_drawdown_account":0.0,"max_drawdown_abs":0.0}],"total_trades":17,"trade_count_long":17,"trade_count_short":0,"total_volume":11157.314914301109,"avg_stake_amount":327.586035882353,"profit_mean":-0.0004819363475083333,"profit_median":0.0,"profit_total":-0.002902643190000001,"profit_total_long":-0.002902643190000001,"profit_total_short":0.0,"profit_total_abs":-2.902643190000001,"profit_total_long_abs":-2.902643190000001,"profit_total_short_abs":0.0,"cagr":-0.01087859510863276,"expectancy":-0.17074371705882374,"expectancy_ratio":-0.6069409409310365,"sortino":-0.0712200747497111,"sharpe":-0.11807078282460928,"calmar":-3.2422236435372933,"sqn":-0.1411,"profit_factor":0.8410020020861895,"backtest_start":"2025-10-01 00:00:00","backtest_start_ts":1759276800000,"backtest_end":"2026-01-06 20:00:00","backtest_end_ts":1767729600000,"backtest_days":97,"backtest_run_start_ts":1767749182,"backtest_run_end_ts":1767749182,"trades_per_day":0.18,"market_change":-0.36632086436227446,"pairlist":["DOGE/USDT"],"stake_amount":"unlimited","stake_currency":"USDT","stake_currency_decimals":3,"starting_balance":1000,"dry_run_wallet":1000,"final_balance":997.09735681,"rejected_signals":0,"timedout_entry_orders":0,"timedout_exit_orders":0,"canceled_trade_entries":0,"canceled_entry_orders":0,"replaced_entry_orders":0,"max_open_trades":1,"max_open_trades_setting":3,"timeframe":"1h","timeframe_detail":"","timerange":"20251001-","enable_protections":false,"strategy_name":"ACO_18_12","freqaimodel":null,"freqai_identifier":null,"stoploss":-0.05,"trailing_stop":false,"trailing_stop_positive":null,"trailing_stop_positive_offset":0.0,"trailing_only_offset_is_reached":false,"use_custom_stoploss":false,"minimal_roi":{"0":0.1,"60":0.05,"120":0.0},"use_exit_signal":true,"exit_profit_only":false,"exit_profit_offset":0.0,"ignore_roi_if_entry_signal":false,"trading_mode":"spot","margin_mode":"","periodic_breakdown":{"day":[{"date":"06/10/2025","date_ts":1759708800000,"profit_abs":1.41350664,"wins":1,"draws":0,"losses":0,"trades":1,"profit_factor":0.0},{"date":"07/10/2025","date_ts":1759795200000,"profit_abs":0.0,"wins":0,"draws":0,"losses":0,"trades":0,"profit_factor":0.0},{"date":"08/10/2025","date_ts":1759881600000,"profit_abs":0.0,"wins":0,"draws":0,"losses":0,"trades":0,"profit_factor":0.0},{"date":"09/10/2025","date_ts":1759968000000,"profit_abs":0.0,"wins":0,"draws":0,"losses":0,"trades":0,"profit_factor":0.0},{"date":"10/10/2025","date_ts":1760054400000,"profit_abs":0.0,"wins":0,"draws":0,"losses":0,"trades":0,"profit_factor":0.0},{"date":"11/10/2025","date_ts":1760140800000,"profit_abs":0.0,"wins":0,"draws":0,"losses":0,"trades":0,"profit_factor":0.0},{"date":"12/10/2025","date_ts":1760227200000,"profit_abs":0.0,"wins":0,"draws":0,"losses":0,"trades":0,"profit_factor":0.0},{"date":"13/10/2025","date_ts":1760313600000,"profit_abs":0.0,"wins":0,"draws":0,"losses":0,"trades":0,"profit_factor":0.0},{"date":"14/10/2025","date_ts":1760400000000,"profit_abs":0.0,"wins":0,"draws":0,"losses":0,"trades":0,"profit_factor":0.0},{"date":"15/10/2025","date_ts":1760486400000,"profit_abs":0.0,"wins":0,"draws":1,"losses":0,"trades":1,"profit_factor":0.0},{"date":"16/10/2025","date_ts":1760572800000,"profit_abs":0.0,"wins":0,"draws":0,"losses":0,"trades":0,"profit_factor":0.0},{"date":"17/10/2025","date_ts":1760659200000,"profit_abs":0.0,"wins":0,"draws":0,"losses":0,"trades":0,"profit_factor":0.0},{"date":"18/10/2025","date_ts":1760745600000,"profit_abs":0.0,"wins":0,"draws":0,"losses":0,"trades":0,"profit_factor":0.0},{"date":"19/10/2025","date_ts":1760832000000,"profit_abs":0.0,"wins":0,"draws":0,"losses":0,"trades":0,"profit_factor":0.0},{"date":"20/10/2025","date_ts":1760918400000,"profit_abs":0.0,"wins":0,"draws":0,"losses":0,"trades":0,"profit_factor":0.0},{"date":"21/10/2025","date_ts":1761004800000,"profit_abs":0.0,"wins":0,"draws":0,"losses":0,"trades":0,"profit_factor":0.0},{"date":"22/10/2025","date_ts":1761091200000,"profit_abs":0.0,"wins":0,"draws":0,"losses":0,"trades":0,"profit_factor":0.0},{"date":"23/10/2025","date_ts":1761177600000,"profit_abs":0.0,"wins":0,"draws":0,"losses":0,"trades":0,"profit_factor":0.0},{"date":"24/10/2025","date_ts":1761264000000,"profit_abs":0.0,"wins":0,"draws":0,"losses":0,"trades":0,"profit_factor":0.0},{"date":"25/10/2025","date_ts":1761350400000,"profit_abs":0.0,"wins":0,"draws":0,"losses":0,"trades":0,"profit_factor":0.0},{"date":"26/10/2025","date_ts":1761436800000,"profit_abs":0.0,"wins":0,"draws":0,"losses":0,"trades":0,"profit_factor":0.0},{"date":"27/10/2025","date_ts":1761523200000,"profit_abs":0.0,"wins":0,"draws":0,"losses":0,"trades":0,"profit_factor":0.0},{"date":"28/10/2025","date_ts":1761609600000,"profit_abs":0.0,"wins":0,"draws":0,"losses":0,"trades":0,"profit_factor":0.0},{"date":"29/10/2025","date_ts":1761696000000,"profit_abs":0.0,"wins":0,"draws":0,"losses":0,"trades":0,"profit_factor":0.0},{"date":"30/10/2025","date_ts":1761782400000,"profit_abs":0.0,"wins":0,"draws":0,"losses":0,"trades":0,"profit_factor":0.0},{"date":"31/10/2025","date_ts":1761868800000,"profit_abs":0.0,"wins":0,"draws":1,"losses":0,"trades":1,"profit_factor":0.0},{"date":"01/11/2025","date_ts":1761955200000,"profit_abs":0.0,"wins":0,"draws":0,"losses":0,"trades":0,"profit_factor":0.0},{"date":"02/11/2025","date_ts":1762041600000,"profit_abs":0.0,"wins":0,"draws":1,"losses":0,"trades":1,"profit_factor":0.0},{"date":"03/11/2025","date_ts":1762128000000,"profit_abs":0.0,"wins":0,"draws":0,"losses":0,"trades":0,"profit_factor":0.0},{"date":"04/11/2025","date_ts":1762214400000,"profit_abs":0.0,"wins":0,"draws":0,"losses":0,"trades":0,"profit_factor":0.0},{"date":"05/11/2025","date_ts":1762300800000,"profit_abs":0.0,"wins":0,"draws":0,"losses":0,"trades":0,"profit_factor":0.0},{"date":"06/11/2025","date_ts":1762387200000,"profit_abs":0.0,"wins":0,"draws":0,"losses":0,"trades":0,"profit_factor":0.0},{"date":"07/11/2025","date_ts":1762473600000,"profit_abs":0.0,"wins":0,"draws":0,"losses":0,"trades":0,"profit_factor":0.0},{"date":"08/11/2025","date_ts":1762560000000,"profit_abs":0.0,"wins":0,"draws":0,"losses":0,"trades":0,"profit_factor":0.0},{"date":"09/11/2025","date_ts":1762646400000,"profit_abs":0.0,"wins":0,"draws":0,"losses":0,"trades":0,"profit_factor":0.0},{"date":"10/11/2025","date_ts":1762732800000,"profit_abs":0.0,"wins":0,"draws":0,"losses":0,"trades":0,"profit_factor":0.0},{"date":"11/11/2025","date_ts":1762819200000,"profit_abs":0.0,"wins":0,"draws":1,"losses":0,"trades":1,"profit_factor":0.0},{"date":"12/11/2025","date_ts":1762905600000,"profit_abs":-17.15515776,"wins":0,"draws":0,"losses":1,"trades":1,"profit_factor":0.0},{"date":"13/11/2025","date_ts":1762992000000,"profit_abs":0.0,"wins":0,"draws":0,"losses":0,"trades":0,"profit_factor":0.0},{"date":"14/11/2025","date_ts":1763078400000,"profit_abs":0.0,"wins":0,"draws":0,"losses":0,"trades":0,"profit_factor":0.0},{"date":"15/11/2025","date_ts":1763164800000,"profit_abs":0.0,"wins":0,"draws":0,"losses":0,"trades":0,"profit_factor":0.0},{"date":"16/11/2025","date_ts":1763251200000,"profit_abs":0.0,"wins":0,"draws":1,"losses":0,"trades":1,"profit_factor":0.0},{"date":"17/11/2025","date_ts":1763337600000,"profit_abs":0.5979566,"wins":1,"draws":0,"losses":0,"trades":1,"profit_factor":0.0},{"date":"18/11/2025","date_ts":1763424000000,"profit_abs":0.0,"wins":0,"draws":0,"losses":0,"trades":0,"profit_factor":0.0},{"date":"19/11/2025","date_ts":1763510400000,"profit_abs":0.0,"wins":0,"draws":0,"losses":0,"trades":0,"profit_factor":0.0},{"date":"20/11/2025","date_ts":1763596800000,"profit_abs":-1.10068966,"wins":0,"draws":0,"losses":1,"trades":1,"profit_factor":0.0},{"date":"21/11/2025","date_ts":1763683200000,"profit_abs":0.0,"wins":0,"draws":0,"losses":0,"trades":0,"profit_factor":0.0},{"date":"22/11/2025","date_ts":1763769600000,"profit_abs":0.0,"wins":0,"draws":0,"losses":0,"trades":0,"profit_factor":0.0},{"date":"23/11/2025","date_ts":1763856000000,"profit_abs":0.0,"wins":0,"draws":0,"losses":0,"trades":0,"profit_factor":0.0},{"date":"24/11/2025","date_ts":1763942400000,"profit_abs":0.0,"wins":0,"draws":0,"losses":0,"trades":0,"profit_factor":0.0},{"date":"25/11/2025","date_ts":1764028800000,"profit_abs":0.0,"wins":0,"draws":0,"losses":0,"trades":0,"profit_factor":0.0},{"date":"26/11/2025","date_ts":1764115200000,"profit_abs":0.0,"wins":0,"draws":0,"losses":0,"trades":0,"profit_factor":0.0},{"date":"27/11/2025","date_ts":1764201600000,"profit_abs":0.0,"wins":0,"draws":0,"losses":0,"trades":0,"profit_factor":0.0},{"date":"28/11/2025","date_ts":1764288000000,"profit_abs":0.0,"wins":0,"draws":0,"losses":0,"trades":0,"profit_factor":0.0},{"date":"29/11/2025","date_ts":1764374400000,"profit_abs":0.0,"wins":0,"draws":0,"losses":0,"trades":0,"profit_factor":0.0},{"date":"30/11/2025","date_ts":1764460800000,"profit_abs":0.0,"wins":0,"draws":2,"losses":0,"trades":2,"profit_factor":0.0},{"date":"01/12/2025","date_ts":1764547200000,"profit_abs":0.0,"wins":0,"draws":0,"losses":0,"trades":0,"profit_factor":0.0},{"date":"02/12/2025","date_ts":1764633600000,"profit_abs":0.0,"wins":0,"draws":0,"losses":0,"trades":0,"profit_factor":0.0},{"date":"03/12/2025","date_ts":1764720000000,"profit_abs":0.0,"wins":0,"draws":0,"losses":0,"trades":0,"profit_factor":0.0},{"date":"04/12/2025","date_ts":1764806400000,"profit_abs":0.0,"wins":0,"draws":0,"losses":0,"trades":0,"profit_factor":0.0},{"date":"05/12/2025","date_ts":1764892800000,"profit_abs":0.0,"wins":0,"draws":0,"losses":0,"trades":0,"profit_factor":0.0},{"date":"06/12/2025","date_ts":1764979200000,"profit_abs":0.0,"wins":0,"draws":0,"losses":0,"trades":0,"profit_factor":0.0},{"date":"07/12/2025","date_ts":1765065600000,"profit_abs":0.0,"wins":0,"draws":0,"losses":0,"trades":0,"profit_factor":0.0},{"date":"08/12/2025","date_ts":1765152000000,"profit_abs":0.0,"wins":0,"draws":0,"losses":0,"trades":0,"profit_factor":0.0},{"date":"09/12/2025","date_ts":1765238400000,"profit_abs":9.6543995,"wins":1,"draws":0,"losses":0,"trades":1,"profit_factor":0.0},{"date":"10/12/2025","date_ts":1765324800000,"profit_abs":0.0,"wins":0,"draws":0,"losses":0,"trades":0,"profit_factor":0.0},{"date":"11/12/2025","date_ts":1765411200000,"profit_abs":0.0,"wins":0,"draws":0,"losses":0,"trades":0,"profit_factor":0.0},{"date":"12/12/2025","date_ts":1765497600000,"profit_abs":0.0,"wins":0,"draws":0,"losses":0,"trades":0,"profit_factor":0.0},{"date":"13/12/2025","date_ts":1765584000000,"profit_abs":0.0,"wins":0,"draws":1,"losses":0,"trades":1,"profit_factor":0.0},{"date":"14/12/2025","date_ts":1765670400000,"profit_abs":0.0,"wins":0,"draws":0,"losses":0,"trades":0,"profit_factor":0.0},{"date":"15/12/2025","date_ts":1765756800000,"profit_abs":0.0,"wins":0,"draws":0,"losses":0,"trades":0,"profit_factor":0.0},{"date":"16/12/2025","date_ts":1765843200000,"profit_abs":0.0,"wins":0,"draws":0,"losses":0,"trades":0,"profit_factor":0.0},{"date":"17/12/2025","date_ts":1765929600000,"profit_abs":0.0,"wins":0,"draws":0,"losses":0,"trades":0,"profit_factor":0.0},{"date":"18/12/2025","date_ts":1766016000000,"profit_abs":0.0,"wins":0,"draws":0,"losses":0,"trades":0,"profit_factor":0.0},{"date":"19/12/2025","date_ts":1766102400000,"profit_abs":0.0,"wins":0,"draws":0,"losses":0,"trades":0,"profit_factor":0.0},{"date":"20/12/2025","date_ts":1766188800000,"profit_abs":0.0,"wins":0,"draws":0,"losses":0,"trades":0,"profit_factor":0.0},{"date":"21/12/2025","date_ts":1766275200000,"profit_abs":0.0,"wins":0,"draws":0,"losses":0,"trades":0,"profit_factor":0.0},{"date":"22/12/2025","date_ts":1766361600000,"profit_abs":0.0,"wins":0,"draws":2,"losses":0,"trades":2,"profit_factor":0.0},{"date":"23/12/2025","date_ts":1766448000000,"profit_abs":0.0,"wins":0,"draws":0,"losses":0,"trades":0,"profit_factor":0.0},{"date":"24/12/2025","date_ts":1766534400000,"profit_abs":0.0,"wins":0,"draws":0,"losses":0,"trades":0,"profit_factor":0.0},{"date":"25/12/2025","date_ts":1766620800000,"profit_abs":0.0,"wins":0,"draws":0,"losses":0,"trades":0,"profit_factor":0.0},{"date":"26/12/2025","date_ts":1766707200000,"profit_abs":0.0,"wins":0,"draws":0,"losses":0,"trades":0,"profit_factor":0.0},{"date":"27/12/2025","date_ts":1766793600000,"profit_abs":0.0,"wins":0,"draws":0,"losses":0,"trades":0,"profit_factor":0.0},{"date":"28/12/2025","date_ts":1766880000000,"profit_abs":0.0,"wins":0,"draws":0,"losses":0,"trades":0,"profit_factor":0.0},{"date":"29/12/2025","date_ts":1766966400000,"profit_abs":2.61499293,"wins":1,"draws":0,"losses":0,"trades":1,"profit_factor":0.0},{"date":"30/12/2025","date_ts":1767052800000,"profit_abs":0.0,"wins":0,"draws":0,"losses":0,"trades":0,"profit_factor":0.0},{"date":"31/12/2025","date_ts":1767139200000,"profit_abs":0.0,"wins":0,"draws":0,"losses":0,"trades":0,"profit_factor":0.0},{"date":"01/01/2026","date_ts":1767225600000,"profit_abs":0.0,"wins":0,"draws":0,"losses":0,"trades":0,"profit_factor":0.0},{"date":"02/01/2026","date_ts":1767312000000,"profit_abs":0.0,"wins":0,"draws":0,"losses":0,"trades":0,"profit_factor":0.0},{"date":"03/01/2026","date_ts":1767398400000,"profit_abs":0.0,"wins":0,"draws":0,"losses":0,"trades":0,"profit_factor":0.0},{"date":"04/01/2026","date_ts":1767484800000,"profit_abs":0.0,"wins":0,"draws":0,"losses":0,"trades":0,"profit_factor":0.0},{"date":"05/01/2026","date_ts":1767571200000,"profit_abs":0.0,"wins":0,"draws":0,"losses":0,"trades":0,"profit_factor":0.0},{"date":"06/01/2026","date_ts":1767657600000,"profit_abs":1.07234856,"wins":1,"draws":0,"losses":0,"trades":1,"profit_factor":0.0}],"week":[{"date":"06/10/2025","date_ts":1759708800000,"profit_abs":1.41350664,"wins":1,"draws":0,"losses":0,"trades":1,"profit_factor":0.0},{"date":"13/10/2025","date_ts":1760313600000,"profit_abs":0.0,"wins":0,"draws":0,"losses":0,"trades":0,"profit_factor":0.0},{"date":"20/10/2025","date_ts":1760918400000,"profit_abs":0.0,"wins":0,"draws":1,"losses":0,"trades":1,"profit_factor":0.0},{"date":"27/10/2025","date_ts":1761523200000,"profit_abs":0.0,"wins":0,"draws":0,"losses":0,"trades":0,"profit_factor":0.0},{"date":"03/11/2025","date_ts":1762128000000,"profit_abs":0.0,"wins":0,"draws":2,"losses":0,"trades":2,"profit_factor":0.0},{"date":"10/11/2025","date_ts":1762732800000,"profit_abs":0.0,"wins":0,"draws":0,"losses":0,"trades":0,"profit_factor":0.0},{"date":"17/11/2025","date_ts":1763337600000,"profit_abs":-16.55720116,"wins":1,"draws":2,"losses":1,"trades":4,"profit_factor":0.03485579},{"date":"24/11/2025","date_ts":1763942400000,"profit_abs":-1.10068966,"wins":0,"draws":0,"losses":1,"trades":1,"profit_factor":0.0},{"date":"01/12/2025","date_ts":1764547200000,"profit_abs":0.0,"wins":0,"draws":2,"losses":0,"trades":2,"profit_factor":0.0},{"date":"08/12/2025","date_ts":1765152000000,"profit_abs":0.0,"wins":0,"draws":0,"losses":0,"trades":0,"profit_factor":0.0},{"date":"15/12/2025","date_ts":1765756800000,"profit_abs":9.6543995,"wins":1,"draws":1,"losses":0,"trades":2,"profit_factor":0.0},{"date":"22/12/2025","date_ts":1766361600000,"profit_abs":0.0,"wins":0,"draws":2,"losses":0,"trades":2,"profit_factor":0.0},{"date":"29/12/2025","date_ts":1766966400000,"profit_abs":2.61499293,"wins":1,"draws":0,"losses":0,"trades":1,"profit_factor":0.0},{"date":"05/01/2026","date_ts":1767571200000,"profit_abs":0.0,"wins":0,"draws":0,"losses":0,"trades":0,"profit_factor":0.0},{"date":"12/01/2026","date_ts":1768176000000,"profit_abs":1.07234856,"wins":1,"draws":0,"losses":0,"trades":1,"profit_factor":0.0}],"month":[{"date":"31/10/2025","date_ts":1761868800000,"profit_abs":1.41350664,"wins":1,"draws":2,"losses":0,"trades":3,"profit_factor":0.0},{"date":"30/11/2025","date_ts":1764460800000,"profit_abs":-17.65789082,"wins":1,"draws":5,"losses":2,"trades":8,"profit_factor":0.03275425},{"date":"31/12/2025","date_ts":1767139200000,"profit_abs":12.26939243,"wins":2,"draws":3,"losses":0,"trades":5,"profit_factor":0.0},{"date":"31/01/2026","date_ts":1769817600000,"profit_abs":1.07234856,"wins":1,"draws":0,"losses":0,"trades":1,"profit_factor":0.0}],"year":[{"date":"31/12/2025","date_ts":1767139200000,"profit_abs":-3.97499175,"wins":4,"draws":10,"losses":2,"trades":16,"profit_factor":0.782262},{"date":"31/12/2026","date_ts":1798675200000,"profit_abs":1.07234856,"wins":1,"draws":0,"losses":0,"trades":1,"profit_factor":0.0}],"weekday":[{"date":"Monday","date_ts":0,"profit_abs":4.62645617,"wins":3,"draws":2,"losses":0,"trades":5,"profit_factor":0.0},{"date":"Tuesday","date_ts":1,"profit_abs":10.72674806,"wins":2,"draws":1,"losses":0,"trades":3,"profit_factor":0.0},{"date":"Wednesday","date_ts":2,"profit_abs":-17.15515776,"wins":0,"draws":1,"losses":1,"trades":2,"profit_factor":0.0},{"date":"Thursday","date_ts":3,"profit_abs":-1.10068966,"wins":0,"draws":0,"losses":1,"trades":1,"profit_factor":0.0},{"date":"Friday","date_ts":4,"profit_abs":0.0,"wins":0,"draws":1,"losses":0,"trades":1,"profit_factor":0.0},{"date":"Saturday","date_ts":5,"profit_abs":0.0,"wins":0,"draws":1,"losses":0,"trades":1,"profit_factor":0.0},{"date":"Sunday","date_ts":6,"profit_abs":0.0,"wins":0,"draws":4,"losses":0,"trades":4,"profit_factor":0.0}]},"backtest_best_day":0.029722498963783994,"backtest_worst_day":-0.05188396188679555,"backtest_best_day_abs":9.6543995,"backtest_worst_day_abs":-17.15515776,"winning_days":5,"draw_days":86,"losing_days":2,"daily_profit":[["2025-10-06",1.41350664],["2025-10-07",0.0],["2025-10-08",0.0],["2025-10-09",0.0],["2025-10-10",0.0],["2025-10-11",0.0],["2025-10-12",0.0],["2025-10-13",0.0],["2025-10-14",0.0],["2025-10-15",0.0],["2025-10-16",0.0],["2025-10-17",0.0],["2025-10-18",0.0],["2025-10-19",0.0],["2025-10-20",0.0],["2025-10-21",0.0],["2025-10-22",0.0],["2025-10-23",0.0],["2025-10-24",0.0],["2025-10-25",0.0],["2025-10-26",0.0],["2025-10-27",0.0],["2025-10-28",0.0],["2025-10-29",0.0],["2025-10-30",0.0],["2025-10-31",0.0],["2025-11-01",0.0],["2025-11-02",0.0],["2025-11-03",0.0],["2025-11-04",0.0],["2025-11-05",0.0],["2025-11-06",0.0],["2025-11-07",0.0],["2025-11-08",0.0],["2025-11-09",0.0],["2025-11-10",0.0],["2025-11-11",0.0],["2025-11-12",-17.15515776],["2025-11-13",0.0],["2025-11-14",0.0],["2025-11-15",0.0],["2025-11-16",0.0],["2025-11-17",0.5979566],["2025-11-18",0.0],["2025-11-19",0.0],["2025-11-20",-1.10068966],["2025-11-21",0.0],["2025-11-22",0.0],["2025-11-23",0.0],["2025-11-24",0.0],["2025-11-25",0.0],["2025-11-26",0.0],["2025-11-27",0.0],["2025-11-28",0.0],["2025-11-29",0.0],["2025-11-30",0.0],["2025-12-01",0.0],["2025-12-02",0.0],["2025-12-03",0.0],["2025-12-04",0.0],["2025-12-05",0.0],["2025-12-06",0.0],["2025-12-07",0.0],["2025-12-08",0.0],["2025-12-09",9.6543995],["2025-12-10",0.0],["2025-12-11",0.0],["2025-12-12",0.0],["2025-12-13",0.0],["2025-12-14",0.0],["2025-12-15",0.0],["2025-12-16",0.0],["2025-12-17",0.0],["2025-12-18",0.0],["2025-12-19",0.0],["2025-12-20",0.0],["2025-12-21",0.0],["2025-12-22",0.0],["2025-12-23",0.0],["2025-12-24",0.0],["2025-12-25",0.0],["2025-12-26",0.0],["2025-12-27",0.0],["2025-12-28",0.0],["2025-12-29",2.61499293],["2025-12-30",0.0],["2025-12-31",0.0],["2026-01-01",0.0],["2026-01-02",0.0],["2026-01-03",0.0],["2026-01-04",0.0],["2026-01-05",0.0],["2026-01-06",1.07234856]],"wins":5,"losses":2,"draws":10,"winrate":0.29411764705882354,"holding_avg":"3:28:00","holding_avg_s":12480.0,"winner_holding_min":"0d 02:00","winner_holding_min_s":7200.0,"winner_holding_max":"0d 02:00","winner_holding_max_s":7200.0,"winner_holding_avg":"0d 02:00","winner_holding_avg_s":7200.0,"loser_holding_min":"0d 03:00","loser_holding_min_s":10800.0,"loser_holding_max":"0d 06:00","loser_holding_max_s":21600.0,"loser_holding_avg":"0d 04:30","loser_holding_avg_s":16200.0,"max_consecutive_wins":2,"max_consecutive_losses":6,"max_drawdown_account":0.017632966504762655,"max_relative_drawdown":0.017632966504762655,"max_drawdown_abs":17.657890820000002,"drawdown_start":"2025-10-06 11:00:00","drawdown_start_ts":1759748400000.0,"drawdown_end":"2025-11-20 08:00:00","drawdown_end_ts":1763625600000.0,"drawdown_duration":"44 days 21:00:00","drawdown_duration_s":3877200.0,"max_drawdown_low":-16.24438418,"max_drawdown_high":1.41350664,"csum_min":983.75561582,"csum_max":1001.41350664}},"strategy_comparison":[{"key":"ACO_18_12","trades":17,"profit_mean":-0.0004819363475083333,"profit_mean_pct":-0.05,"profit_total_abs":-2.902643190000001,"profit_total":-0.002902643190000001,"profit_total_pct":-0.29,"duration_avg":"3:28:00","wins":5,"draws":10,"losses":2,"winrate":0.29411764705882354,"cagr":-0.01087859510863276,"expectancy":-0.17074371705882374,"expectancy_ratio":-0.6069409409310365,"sortino":-0.0712200747497111,"sharpe":-0.11807078282460928,"calmar":-3.2422236435372933,"sqn":-0.1411,"profit_factor":0.8410020020861895,"max_drawdown_account":0.017632966504762655,"max_drawdown_abs":"17.658"}]}