{"strategy":{"MyStrategy":{"trades":[{"pair":"BTC/USDT","stake_amount":329.7641007,"max_stake_amount":329.7641007,"amount":0.00271,"open_date":"2025-10-07 17:00:00+00:00","close_date":"2025-10-08 11:00:00+00:00","open_rate":121684.17,"close_rate":123145.8417117117,"fee_open":0.001,"fee_close":0.001,"trade_duration":1080,"profit_ratio":0.009990009999098316,"profit_abs":3.29764101,"exit_reason":"roi","initial_stop_loss_abs":109515.753,"initial_stop_loss_ratio":-0.1,"stop_loss_abs":109515.753,"stop_loss_ratio":-0.1,"min_rate":120574.94,"max_rate":123200.0,"is_open":false,"enter_tag":"","leverage":1.0,"is_short":false,"open_timestamp":1759856400000,"close_timestamp":1759921200000,"orders":[{"amount":0.00271,"safe_price":121684.17,"ft_order_side":"buy","order_filled_timestamp":1759856400000,"ft_is_entry":true,"ft_order_tag":"","cost":330.0938648007},{"amount":0.00271,"safe_price":123145.8417117117,"ft_order_side":"sell","order_filled_timestamp":1759921200000,"ft_is_entry":false,"ft_order_tag":"roi","cost":334.05895626977747}],"funding_fees":0.0,"weekday":2},{"pair":"ETH/USDT","stake_amount":329.797957,"max_stake_amount":329.797957,"amount":0.0733,"open_date":"2025-10-07 17:00:00+00:00","close_date":"2025-10-08 17:00:00+00:00","open_rate":4499.29,"close_rate":4553.335525525526,"fee_open":0.001,"fee_close":0.001,"trade_duration":1440,"profit_ratio":0.00999000999000999,"profit_abs":3.29797957,"exit_reason":"roi","initial_stop_loss_abs":4049.361,"initial_stop_loss_ratio":-0.1,"stop_loss_abs":4049.361,"stop_loss_ratio":-0.1,"min_rate":4410.08,"max_rate":4558.0,"is_open":false,"enter_tag":"","leverage":1.0,"is_short":false,"open_timestamp":1759856400000,"close_timestamp":1759942800000,"orders":[{"amount":0.0733,"safe_price":4499.29,"ft_order_side":"buy","order_filled_timestamp":1759856400000,"ft_is_entry":true,"ft_order_tag":"","cost":330.127754957},{"amount":0.0733,"safe_price":4553.335525525526,"ft_order_side":"sell","order_filled_timestamp":1759942800000,"ft_is_entry":false,"ft_order_tag":"roi","cost":334.093253515042}],"funding_fees":0.0,"weekday":2},{"pair":"ETH/USDT","stake_amount":331.958367,"max_stake_amount":331.958367,"amount":0.0767,"open_date":"2025-10-09 09:00:00+00:00","close_date":"2025-10-09 11:00:00+00:00","open_rate":4328.01,"close_rate":4379.998108108108,"fee_open":0.001,"fee_close":0.001,"trade_duration":120,"profit_ratio":0.009990009990009992,"profit_abs":3.31958367,"exit_reason":"roi","initial_stop_loss_abs":3895.2090000000003,"initial_stop_loss_ratio":-0.1,"stop_loss_abs":3895.2090000000003,"stop_loss_ratio":-0.1,"min_rate":4324.28,"max_rate":4387.15,"is_open":false,"enter_tag":"","leverage":1.0,"is_short":false,"open_timestamp":1760000400000,"close_timestamp":1760007600000,"orders":[{"amount":0.0767,"safe_price":4328.01,"ft_order_side":"buy","order_filled_timestamp":1760000400000,"ft_is_entry":true,"ft_order_tag":"","cost":332.290325367},{"amount":0.0767,"safe_price":4379.998108108108,"ft_order_side":"sell","order_filled_timestamp":1760007600000,"ft_is_entry":false,"ft_order_tag":"roi","cost":336.28180074678374}],"funding_fees":0.0,"weekday":3},{"pair":"ETH/USDT","stake_amount":333.204786,"max_stake_amount":333.204786,"amount":0.0779,"open_date":"2025-10-09 17:00:00+00:00","close_date":"2025-10-09 17:00:00+00:00","open_rate":4277.34,"close_rate":4328.719459459459,"fee_open":0.001,"fee_close":0.001,"trade_duration":0,"profit_ratio":0.009990009990009988,"profit_abs":3.33204786,"exit_reason":"roi","initial_stop_loss_abs":3849.606,"initial_stop_loss_ratio":-0.1,"stop_loss_abs":3849.606,"stop_loss_ratio":-0.1,"min_rate":4269.11,"max_rate":4335.9,"is_open":false,"enter_tag":"","leverage":1.0,"is_short":false,"open_timestamp":1760029200000,"close_timestamp":1760029200000,"orders":[{"amount":0.0779,"safe_price":4277.34,"ft_order_side":"buy","order_filled_timestamp":1760029200000,"ft_is_entry":true,"ft_order_tag":"","cost":333.53799078599997},{"amount":0.0779,"safe_price":4328.719459459459,"ft_order_side":"sell","order_filled_timestamp":1760029200000,"ft_is_entry":false,"ft_order_tag":"roi","cost":337.54445313778376}],"funding_fees":0.0,"weekday":3},{"pair":"ETH/USDT","stake_amount":333.99234,"max_stake_amount":333.99234,"amount":0.0814,"open_date":"2025-10-10 16:00:00+00:00","close_date":"2025-10-10 21:00:00+00:00","open_rate":4103.1,"close_rate":3692.7900000000004,"fee_open":0.001,"fee_close":0.001,"trade_duration":300,"profit_ratio":-0.10179820181016616,"profit_abs":-34.03381945,"exit_reason":"stop_loss","initial_stop_loss_abs":3692.7900000000004,"initial_stop_loss_ratio":-0.1,"stop_loss_abs":3692.7900000000004,"stop_loss_ratio":-0.1,"min_rate":3435.0,"max_rate":4380.0,"is_open":false,"enter_tag":"","leverage":1.0,"is_short":false,"open_timestamp":1760112000000,"close_timestamp":1760130000000,"orders":[{"amount":0.0814,"safe_price":4103.1,"ft_order_side":"buy","order_filled_timestamp":1760112000000,"ft_is_entry":true,"ft_order_tag":"","cost":334.32633233999996},{"amount":0.0814,"safe_price":3692.7900000000004,"ft_order_side":"sell","order_filled_timestamp":1760130000000,"ft_is_entry":false,"ft_order_tag":"stop_loss","cost":300.893699106}],"funding_fees":0.0,"weekday":4},{"pair":"BTC/USDT","stake_amount":333.3398202,"max_stake_amount":333.3398202,"amount":0.00282,"open_date":"2025-10-10 17:00:00+00:00","close_date":"2025-10-10 21:00:00+00:00","open_rate":118205.61,"close_rate":106385.049,"fee_open":0.001,"fee_close":0.001,"trade_duration":240,"profit_ratio":-0.10179820180305685,"profit_abs":-33.96732768,"exit_reason":"stop_loss","initial_stop_loss_abs":106385.049,"initial_stop_loss_ratio":-0.1,"stop_loss_abs":106385.049,"stop_loss_ratio":-0.1,"min_rate":102000.0,"max_rate":118427.51,"is_open":false,"enter_tag":"","leverage":1.0,"is_short":false,"open_timestamp":1760115600000,"close_timestamp":1760130000000,"orders":[{"amount":0.00282,"safe_price":118205.61,"ft_order_side":"buy","order_filled_timestamp":1760115600000,"ft_is_entry":true,"ft_order_tag":"","cost":333.6731600202},{"amount":0.00282,"safe_price":106385.049,"ft_order_side":"sell","order_filled_timestamp":1760130000000,"ft_is_entry":false,"ft_order_tag":"stop_loss","cost":300.30584401818}],"funding_fees":0.0,"weekday":4},{"pair":"ETH/USDT","stake_amount":311.655,"max_stake_amount":311.655,"amount":0.0789,"open_date":"2025-10-10 22:00:00+00:00","close_date":"2025-10-10 22:00:00+00:00","open_rate":3950.0,"close_rate":3997.447447447447,"fee_open":0.001,"fee_close":0.001,"trade_duration":0,"profit_ratio":0.00999000999000999,"profit_abs":3.11655,"exit_reason":"roi","initial_stop_loss_abs":3555.0,"initial_stop_loss_ratio":-0.1,"stop_loss_abs":3555.0,"stop_loss_ratio":-0.1,"min_rate":3833.54,"max_rate":4200.0,"is_open":false,"enter_tag":"","leverage":1.0,"is_short":false,"open_timestamp":1760133600000,"close_timestamp":1760133600000,"orders":[{"amount":0.0789,"safe_price":3950.0,"ft_order_side":"buy","order_filled_timestamp":1760133600000,"ft_is_entry":true,"ft_order_tag":"","cost":311.96665499999995},{"amount":0.0789,"safe_price":3997.447447447447,"ft_order_side":"sell","order_filled_timestamp":1760133600000,"ft_is_entry":false,"ft_order_tag":"roi","cost":315.7140022072071}],"funding_fees":0.0,"weekday":4},{"pair":"ETH/USDT","stake_amount":312.646988,"max_stake_amount":312.646988,"amount":0.0811,"open_date":"2025-10-10 23:00:00+00:00","close_date":"2025-10-10 23:00:00+00:00","open_rate":3855.08,"close_rate":3901.3872672672665,"fee_open":0.001,"fee_close":0.001,"trade_duration":0,"profit_ratio":0.00999000999000999,"profit_abs":3.12646988,"exit_reason":"roi","initial_stop_loss_abs":3469.572,"initial_stop_loss_ratio":-0.1,"stop_loss_abs":3469.572,"stop_loss_ratio":-0.1,"min_rate":3791.81,"max_rate":3917.91,"is_open":false,"enter_tag":"","leverage":1.0,"is_short":false,"open_timestamp":1760137200000,"close_timestamp":1760137200000,"orders":[{"amount":0.0811,"safe_price":3855.08,"ft_order_side":"buy","order_filled_timestamp":1760137200000,"ft_is_entry":true,"ft_order_tag":"","cost":312.959634988},{"amount":0.0811,"safe_price":3901.3872672672665,"ft_order_side":"sell","order_filled_timestamp":1760137200000,"ft_is_entry":false,"ft_order_tag":"roi","cost":316.71890988275067}],"funding_fees":0.0,"weekday":4},{"pair":"ETH/USDT","stake_amount":313.654068,"max_stake_amount":313.654068,"amount":0.0819,"open_date":"2025-10-11 00:00:00+00:00","close_date":"2025-10-11 00:00:00+00:00","open_rate":3829.72,"close_rate":3875.7226426426423,"fee_open":0.001,"fee_close":0.001,"trade_duration":0,"profit_ratio":0.00999000999000999,"profit_abs":3.13654068,"exit_reason":"roi","initial_stop_loss_abs":3446.748,"initial_stop_loss_ratio":-0.1,"stop_loss_abs":3446.748,"stop_loss_ratio":-0.1,"min_rate":3806.35,"max_rate":3878.3,"is_open":false,"enter_tag":"","leverage":1.0,"is_short":false,"open_timestamp":1760140800000,"close_timestamp":1760140800000,"orders":[{"amount":0.0819,"safe_price":3829.72,"ft_order_side":"buy","order_filled_timestamp":1760140800000,"ft_is_entry":true,"ft_order_tag":"","cost":313.96772206799994},{"amount":0.0819,"safe_price":3875.7226426426423,"ft_order_side":"sell","order_filled_timestamp":1760140800000,"ft_is_entry":false,"ft_order_tag":"roi","cost":317.73910611686483}],"funding_fees":0.0,"weekday":5},{"pair":"ETH/USDT","stake_amount":314.75454,"max_stake_amount":314.75454,"amount":0.082,"open_date":"2025-10-11 01:00:00+00:00","close_date":"2025-10-12 14:00:00+00:00","open_rate":3838.47,"close_rate":3884.5777477477473,"fee_open":0.001,"fee_close":0.001,"trade_duration":2220,"profit_ratio":0.00999000999000999,"profit_abs":3.1475454,"exit_reason":"roi","initial_stop_loss_abs":3454.623,"initial_stop_loss_ratio":-0.1,"stop_loss_abs":3454.623,"stop_loss_ratio":-0.1,"min_rate":3643.33,"max_rate":4027.29,"is_open":false,"enter_tag":"","leverage":1.0,"is_short":false,"open_timestamp":1760144400000,"close_timestamp":1760277600000,"orders":[{"amount":0.082,"safe_price":3838.47,"ft_order_side":"buy","order_filled_timestamp":1760144400000,"ft_is_entry":true,"ft_order_tag":"","cost":315.06929454},{"amount":0.082,"safe_price":3884.5777477477473,"ft_order_side":"sell","order_filled_timestamp":1760277600000,"ft_is_entry":false,"ft_order_tag":"roi","cost":318.8539106906305}],"funding_fees":0.0,"weekday":6},{"pair":"BTC/USDT","stake_amount":310.8581238,"max_stake_amount":310.8581238,"amount":0.00274,"open_date":"2025-10-10 22:00:00+00:00","close_date":"2025-10-12 20:00:00+00:00","open_rate":113451.87,"close_rate":114814.65522522521,"fee_open":0.001,"fee_close":0.001,"trade_duration":2760,"profit_ratio":0.009990009996437366,"profit_abs":3.10858124,"exit_reason":"roi","initial_stop_loss_abs":102106.683,"initial_stop_loss_ratio":-0.1,"stop_loss_abs":102106.683,"stop_loss_ratio":-0.1,"min_rate":109561.59,"max_rate":115468.65,"is_open":false,"enter_tag":"","leverage":1.0,"is_short":false,"open_timestamp":1760133600000,"close_timestamp":1760299200000,"orders":[{"amount":0.00274,"safe_price":113451.87,"ft_order_side":"buy","order_filled_timestamp":1760133600000,"ft_is_entry":true,"ft_order_tag":"","cost":311.16898192379995},{"amount":0.00274,"safe_price":114814.65522522521,"ft_order_side":"sell","order_filled_timestamp":1760299200000,"ft_is_entry":false,"ft_order_tag":"roi","cost":314.9067474724342}],"funding_fees":0.0,"weekday":6},{"pair":"ETH/USDT","stake_amount":316.966548,"max_stake_amount":316.966548,"amount":0.0804,"open_date":"2025-10-14 11:00:00+00:00","close_date":"2025-10-14 14:00:00+00:00","open_rate":3942.37,"close_rate":3989.7257957957954,"fee_open":0.001,"fee_close":0.001,"trade_duration":180,"profit_ratio":0.009990009990009988,"profit_abs":3.16966548,"exit_reason":"roi","initial_stop_loss_abs":3548.133,"initial_stop_loss_ratio":-0.1,"stop_loss_abs":3548.133,"stop_loss_ratio":-0.1,"min_rate":3893.77,"max_rate":4017.56,"is_open":false,"enter_tag":"","leverage":1.0,"is_short":false,"open_timestamp":1760439600000,"close_timestamp":1760450400000,"orders":[{"amount":0.0804,"safe_price":3942.37,"ft_order_side":"buy","order_filled_timestamp":1760439600000,"ft_is_entry":true,"ft_order_tag":"","cost":317.28351454799997},{"amount":0.0804,"safe_price":3989.7257957957954,"ft_order_side":"sell","order_filled_timestamp":1760450400000,"ft_is_entry":false,"ft_order_tag":"roi","cost":321.0947279359639}],"funding_fees":0.0,"weekday":1},{"pair":"BTC/USDT","stake_amount":316.9243137,"max_stake_amount":316.9243137,"amount":0.00283,"open_date":"2025-10-14 07:00:00+00:00","close_date":"2025-10-14 18:00:00+00:00","open_rate":111987.39,"close_rate":113332.58387387387,"fee_open":0.001,"fee_close":0.001,"trade_duration":660,"profit_ratio":0.009990009999466516,"profit_abs":3.16924314,"exit_reason":"roi","initial_stop_loss_abs":100788.651,"initial_stop_loss_ratio":-0.1,"stop_loss_abs":100788.651,"stop_loss_ratio":-0.1,"min_rate":109866.0,"max_rate":113450.0,"is_open":false,"enter_tag":"","leverage":1.0,"is_short":false,"open_timestamp":1760425200000,"close_timestamp":1760464800000,"orders":[{"amount":0.00283,"safe_price":111987.39,"ft_order_side":"buy","order_filled_timestamp":1760425200000,"ft_is_entry":true,"ft_order_tag":"","cost":317.2412380137},{"amount":0.00283,"safe_price":113332.58387387387,"ft_order_side":"sell","order_filled_timestamp":1760464800000,"ft_is_entry":false,"ft_order_tag":"roi","cost":321.05194357542604}],"funding_fees":0.0,"weekday":1},{"pair":"ETH/USDT","stake_amount":318.926001,"max_stake_amount":318.926001,"amount":0.0849,"open_date":"2025-10-17 08:00:00+00:00","close_date":"2025-10-17 11:00:00+00:00","open_rate":3756.49,"close_rate":3801.613003003002,"fee_open":0.001,"fee_close":0.001,"trade_duration":180,"profit_ratio":0.00999000999000999,"profit_abs":3.18926001,"exit_reason":"roi","initial_stop_loss_abs":3380.841,"initial_stop_loss_ratio":-0.1,"stop_loss_abs":3380.841,"stop_loss_ratio":-0.1,"min_rate":3674.5,"max_rate":3817.7,"is_open":false,"enter_tag":"","leverage":1.0,"is_short":false,"open_timestamp":1760688000000,"close_timestamp":1760698800000,"orders":[{"amount":0.0849,"safe_price":3756.49,"ft_order_side":"buy","order_filled_timestamp":1760688000000,"ft_is_entry":true,"ft_order_tag":"","cost":319.24492700099995},{"amount":0.0849,"safe_price":3801.613003003002,"ft_order_side":"sell","order_filled_timestamp":1760698800000,"ft_is_entry":false,"ft_order_tag":"roi","cost":323.07970089890983}],"funding_fees":0.0,"weekday":4},{"pair":"BTC/USDT","stake_amount":319.1346774,"max_stake_amount":319.1346774,"amount":0.00294,"open_date":"2025-10-16 16:00:00+00:00","close_date":"2025-10-19 18:00:00+00:00","open_rate":108549.21,"close_rate":109113.53,"fee_open":0.001,"fee_close":0.001,"trade_duration":4440,"profit_ratio":0.003190358986084242,"profit_abs":1.01917234,"exit_reason":"exit_signal","initial_stop_loss_abs":97694.289,"initial_stop_loss_ratio":-0.1,"stop_loss_abs":97694.289,"stop_loss_ratio":-0.1,"min_rate":103528.23,"max_rate":109450.07,"is_open":false,"enter_tag":"","leverage":1.0,"is_short":false,"open_timestamp":1760630400000,"close_timestamp":1760896800000,"orders":[{"amount":0.00294,"safe_price":108549.21,"ft_order_side":"buy","order_filled_timestamp":1760630400000,"ft_is_entry":true,"ft_order_tag":"","cost":319.45381207739996},{"amount":0.00294,"safe_price":109113.53,"ft_order_side":"sell","order_filled_timestamp":1760896800000,"ft_is_entry":false,"ft_order_tag":"exit_signal","cost":321.11457197819993}],"funding_fees":0.0,"weekday":6},{"pair":"ETH/USDT","stake_amount":320.4032,"max_stake_amount":320.4032,"amount":0.0832,"open_date":"2025-10-21 05:00:00+00:00","close_date":"2025-10-21 10:00:00+00:00","open_rate":3851.0,"close_rate":3897.258258258258,"fee_open":0.001,"fee_close":0.001,"trade_duration":300,"profit_ratio":0.00999000999000999,"profit_abs":3.204032,"exit_reason":"roi","initial_stop_loss_abs":3465.9,"initial_stop_loss_ratio":-0.1,"stop_loss_abs":3465.9,"stop_loss_ratio":-0.1,"min_rate":3840.24,"max_rate":3897.77,"is_open":false,"enter_tag":"","leverage":1.0,"is_short":false,"open_timestamp":1761022800000,"close_timestamp":1761040800000,"orders":[{"amount":0.0832,"safe_price":3851.0,"ft_order_side":"buy","order_filled_timestamp":1761022800000,"ft_is_entry":true,"ft_order_tag":"","cost":320.72360319999996},{"amount":0.0832,"safe_price":3897.258258258258,"ft_order_side":"sell","order_filled_timestamp":1761040800000,"ft_is_entry":false,"ft_order_tag":"roi","cost":324.5761389741741}],"funding_fees":0.0,"weekday":1},{"pair":"BTC/USDT","stake_amount":320.1057387,"max_stake_amount":320.1057387,"amount":0.00297,"open_date":"2025-10-21 05:00:00+00:00","close_date":"2025-10-21 12:00:00+00:00","open_rate":107779.71,"close_rate":109074.36117117116,"fee_open":0.001,"fee_close":0.001,"trade_duration":420,"profit_ratio":0.00999000999937253,"profit_abs":3.20105739,"exit_reason":"roi","initial_stop_loss_abs":97001.739,"initial_stop_loss_ratio":-0.1,"stop_loss_abs":97001.739,"stop_loss_ratio":-0.1,"min_rate":107473.72,"max_rate":109485.78,"is_open":false,"enter_tag":"","leverage":1.0,"is_short":false,"open_timestamp":1761022800000,"close_timestamp":1761048000000,"orders":[{"amount":0.00297,"safe_price":107779.71,"ft_order_side":"buy","order_filled_timestamp":1761022800000,"ft_is_entry":true,"ft_order_tag":"","cost":320.4258444387},{"amount":0.00297,"safe_price":109074.36117117116,"ft_order_side":"sell","order_filled_timestamp":1761048000000,"ft_is_entry":false,"ft_order_tag":"roi","cost":324.2748035310567}],"funding_fees":0.0,"weekday":1},{"pair":"ETH/USDT","stake_amount":322.416948,"max_stake_amount":322.416948,"amount":0.0861,"open_date":"2025-10-22 22:00:00+00:00","close_date":"2025-10-22 23:00:00+00:00","open_rate":3744.68,"close_rate":3789.661141141141,"fee_open":0.001,"fee_close":0.001,"trade_duration":60,"profit_ratio":0.00999000999000999,"profit_abs":3.22416948,"exit_reason":"roi","initial_stop_loss_abs":3370.212,"initial_stop_loss_ratio":-0.1,"stop_loss_abs":3370.212,"stop_loss_ratio":-0.1,"min_rate":3734.47,"max_rate":3816.5,"is_open":false,"enter_tag":"","leverage":1.0,"is_short":false,"open_timestamp":1761170400000,"close_timestamp":1761174000000,"orders":[{"amount":0.0861,"safe_price":3744.68,"ft_order_side":"buy","order_filled_timestamp":1761170400000,"ft_is_entry":true,"ft_order_tag":"","cost":322.73936494799995},{"amount":0.0861,"safe_price":3789.661141141141,"ft_order_side":"sell","order_filled_timestamp":1761174000000,"ft_is_entry":false,"ft_order_tag":"roi","cost":326.61611407650446}],"funding_fees":0.0,"weekday":2},{"pair":"ETH/USDT","stake_amount":323.557812,"max_stake_amount":323.557812,"amount":0.0859,"open_date":"2025-10-30 14:00:00+00:00","close_date":"2025-10-31 00:00:00+00:00","open_rate":3766.68,"close_rate":3811.925405405405,"fee_open":0.001,"fee_close":0.001,"trade_duration":600,"profit_ratio":0.00999000999000999,"profit_abs":3.23557812,"exit_reason":"roi","initial_stop_loss_abs":3390.0119999999997,"initial_stop_loss_ratio":-0.1,"stop_loss_abs":3390.0119999999997,"stop_loss_ratio":-0.1,"min_rate":3680.0,"max_rate":3840.0,"is_open":false,"enter_tag":"","leverage":1.0,"is_short":false,"open_timestamp":1761832800000,"close_timestamp":1761868800000,"orders":[{"amount":0.0859,"safe_price":3766.68,"ft_order_side":"buy","order_filled_timestamp":1761832800000,"ft_is_entry":true,"ft_order_tag":"","cost":323.881369812},{"amount":0.0859,"safe_price":3811.925405405405,"ft_order_side":"sell","order_filled_timestamp":1761868800000,"ft_is_entry":false,"ft_order_tag":"roi","cost":327.77183671664864}],"funding_fees":0.0,"weekday":4},{"pair":"ETH/USDT","stake_amount":324.678387,"max_stake_amount":324.678387,"amount":0.0869,"open_date":"2025-11-03 04:00:00+00:00","close_date":"2025-11-04 18:00:00+00:00","open_rate":3736.23,"close_rate":3362.607,"fee_open":0.001,"fee_close":0.001,"trade_duration":2280,"profit_ratio":-0.10179820181266319,"profit_abs":-33.08472764,"exit_reason":"stop_loss","initial_stop_loss_abs":3362.607,"initial_stop_loss_ratio":-0.1,"stop_loss_abs":3362.607,"stop_loss_ratio":-0.1,"min_rate":3256.0,"max_rate":3765.46,"is_open":false,"enter_tag":"","leverage":1.0,"is_short":false,"open_timestamp":1762142400000,"close_timestamp":1762279200000,"orders":[{"amount":0.0869,"safe_price":3736.23,"ft_order_side":"buy","order_filled_timestamp":1762142400000,"ft_is_entry":true,"ft_order_tag":"","cost":325.003065387},{"amount":0.0869,"safe_price":3362.607,"ft_order_side":"sell","order_filled_timestamp":1762279200000,"ft_is_entry":false,"ft_order_tag":"stop_loss","cost":292.5027588483}],"funding_fees":0.0,"weekday":1},{"pair":"BTC/USDT","stake_amount":323.3194785,"max_stake_amount":323.3194785,"amount":0.00291,"open_date":"2025-10-29 17:00:00+00:00","close_date":"2025-11-04 20:00:00+00:00","open_rate":111106.35,"close_rate":99995.71500000001,"fee_open":0.001,"fee_close":0.001,"trade_duration":8820,"profit_ratio":-0.10179820180082816,"profit_abs":-32.94625486,"exit_reason":"stop_loss","initial_stop_loss_abs":99995.71500000001,"initial_stop_loss_ratio":-0.1,"stop_loss_abs":99995.71500000001,"stop_loss_ratio":-0.1,"min_rate":99600.0,"max_rate":112030.23,"is_open":false,"enter_tag":"","leverage":1.0,"is_short":false,"open_timestamp":1761757200000,"close_timestamp":1762286400000,"orders":[{"amount":0.00291,"safe_price":111106.35,"ft_order_side":"buy","order_filled_timestamp":1761757200000,"ft_is_entry":true,"ft_order_tag":"","cost":323.64279797849997},{"amount":0.00291,"safe_price":99995.71500000001,"ft_order_side":"sell","order_filled_timestamp":1762286400000,"ft_is_entry":false,"ft_order_tag":"stop_loss","cost":291.27851818064994}],"funding_fees":0.0,"weekday":1},{"pair":"ETH/USDT","stake_amount":313.81255,"max_stake_amount":313.81255,"amount":0.095,"open_date":"2025-11-04 19:00:00+00:00","close_date":"2025-11-05 03:00:00+00:00","open_rate":3303.29,"close_rate":3342.969159159159,"fee_open":0.001,"fee_close":0.001,"trade_duration":480,"profit_ratio":0.00999000999000999,"profit_abs":3.1381255,"exit_reason":"roi","initial_stop_loss_abs":2972.9610000000002,"initial_stop_loss_ratio":-0.1,"stop_loss_abs":2972.9610000000002,"stop_loss_ratio":-0.1,"min_rate":3057.0,"max_rate":3349.12,"is_open":false,"enter_tag":"","leverage":1.0,"is_short":false,"open_timestamp":1762282800000,"close_timestamp":1762311600000,"orders":[{"amount":0.095,"safe_price":3303.29,"ft_order_side":"buy","order_filled_timestamp":1762282800000,"ft_is_entry":true,"ft_order_tag":"","cost":314.12636254999995},{"amount":0.095,"safe_price":3342.969159159159,"ft_order_side":"sell","order_filled_timestamp":1762311600000,"ft_is_entry":false,"ft_order_tag":"roi","cost":317.8996521902402}],"funding_fees":0.0,"weekday":2},{"pair":"BTC/USDT","stake_amount":302.26626,"max_stake_amount":302.26626,"amount":0.003,"open_date":"2025-11-04 21:00:00+00:00","close_date":"2025-11-05 03:00:00+00:00","open_rate":100755.42,"close_rate":101965.6953153153,"fee_open":0.001,"fee_close":0.001,"trade_duration":360,"profit_ratio":0.00999000999000999,"profit_abs":3.0226626,"exit_reason":"roi","initial_stop_loss_abs":90679.878,"initial_stop_loss_ratio":-0.1,"stop_loss_abs":90679.878,"stop_loss_ratio":-0.1,"min_rate":98944.36,"max_rate":102272.23,"is_open":false,"enter_tag":"","leverage":1.0,"is_short":false,"open_timestamp":1762290000000,"close_timestamp":1762311600000,"orders":[{"amount":0.003,"safe_price":100755.42,"ft_order_side":"buy","order_filled_timestamp":1762290000000,"ft_is_entry":true,"ft_order_tag":"","cost":302.56852625999994},{"amount":0.003,"safe_price":101965.6953153153,"ft_order_side":"sell","order_filled_timestamp":1762311600000,"ft_is_entry":false,"ft_order_tag":"roi","cost":306.2029830318918}],"funding_fees":0.0,"weekday":2},{"pair":"BTC/USDT","stake_amount":304.8931674,"max_stake_amount":304.8931674,"amount":0.00306,"open_date":"2025-11-07 13:00:00+00:00","close_date":"2025-11-07 14:00:00+00:00","open_rate":99638.29,"close_rate":100835.14633633631,"fee_open":0.001,"fee_close":0.001,"trade_duration":60,"profit_ratio":0.009990009976903748,"profit_abs":3.04893167,"exit_reason":"roi","initial_stop_loss_abs":89674.461,"initial_stop_loss_ratio":-0.1,"stop_loss_abs":89674.461,"stop_loss_ratio":-0.1,"min_rate":99455.1,"max_rate":100922.78,"is_open":false,"enter_tag":"","leverage":1.0,"is_short":false,"open_timestamp":1762520400000,"close_timestamp":1762524000000,"orders":[{"amount":0.00306,"safe_price":99638.29,"ft_order_side":"buy","order_filled_timestamp":1762520400000,"ft_is_entry":true,"ft_order_tag":"","cost":305.1980605673999},{"amount":0.00306,"safe_price":100835.14633633631,"ft_order_side":"sell","order_filled_timestamp":1762524000000,"ft_is_entry":false,"ft_order_tag":"roi","cost":308.8641033369783}],"funding_fees":0.0,"weekday":4},{"pair":"ETH/USDT","stake_amount":304.899584,"max_stake_amount":304.899584,"amount":0.0946,"open_date":"2025-11-07 13:00:00+00:00","close_date":"2025-11-07 14:00:00+00:00","open_rate":3223.04,"close_rate":3261.755195195195,"fee_open":0.001,"fee_close":0.001,"trade_duration":60,"profit_ratio":0.00999000999000999,"profit_abs":3.04899584,"exit_reason":"roi","initial_stop_loss_abs":2900.736,"initial_stop_loss_ratio":-0.1,"stop_loss_abs":2900.736,"stop_loss_ratio":-0.1,"min_rate":3194.2,"max_rate":3299.29,"is_open":false,"enter_tag":"","leverage":1.0,"is_short":false,"open_timestamp":1762520400000,"close_timestamp":1762524000000,"orders":[{"amount":0.0946,"safe_price":3223.04,"ft_order_side":"buy","order_filled_timestamp":1762520400000,"ft_is_entry":true,"ft_order_tag":"","cost":305.20448358399995},{"amount":0.0946,"safe_price":3261.755195195195,"ft_order_side":"sell","order_filled_timestamp":1762524000000,"ft_is_entry":false,"ft_order_tag":"roi","cost":308.87060350693093}],"funding_fees":0.0,"weekday":4},{"pair":"BTC/USDT","stake_amount":306.3716246,"max_stake_amount":306.3716246,"amount":0.00298,"open_date":"2025-11-11 21:00:00+00:00","close_date":"2025-11-12 08:00:00+00:00","open_rate":102809.27,"close_rate":104044.21618618617,"fee_open":0.001,"fee_close":0.001,"trade_duration":660,"profit_ratio":0.009990010003052987,"profit_abs":3.06371625,"exit_reason":"roi","initial_stop_loss_abs":92528.34300000001,"initial_stop_loss_ratio":-0.1,"stop_loss_abs":92528.34300000001,"stop_loss_ratio":-0.1,"min_rate":102476.09,"max_rate":104228.9,"is_open":false,"enter_tag":"","leverage":1.0,"is_short":false,"open_timestamp":1762894800000,"close_timestamp":1762934400000,"orders":[{"amount":0.00298,"safe_price":102809.27,"ft_order_side":"buy","order_filled_timestamp":1762894800000,"ft_is_entry":true,"ft_order_tag":"","cost":306.6779962246},{"amount":0.00298,"safe_price":104044.21618618617,"ft_order_side":"sell","order_filled_timestamp":1762934400000,"ft_is_entry":false,"ft_order_tag":"roi","cost":310.36181599906956}],"funding_fees":0.0,"weekday":2},{"pair":"ETH/USDT","stake_amount":307.036618,"max_stake_amount":307.036618,"amount":0.0893,"open_date":"2025-11-11 21:00:00+00:00","close_date":"2025-11-12 08:00:00+00:00","open_rate":3438.26,"close_rate":3479.56042042042,"fee_open":0.001,"fee_close":0.001,"trade_duration":660,"profit_ratio":0.00999000999000999,"profit_abs":3.07036618,"exit_reason":"roi","initial_stop_loss_abs":3094.434,"initial_stop_loss_ratio":-0.1,"stop_loss_abs":3094.434,"stop_loss_ratio":-0.1,"min_rate":3405.24,"max_rate":3480.83,"is_open":false,"enter_tag":"","leverage":1.0,"is_short":false,"open_timestamp":1762894800000,"close_timestamp":1762934400000,"orders":[{"amount":0.0893,"safe_price":3438.26,"ft_order_side":"buy","order_filled_timestamp":1762894800000,"ft_is_entry":true,"ft_order_tag":"","cost":307.343654618},{"amount":0.0893,"safe_price":3479.56042042042,"ft_order_side":"sell","order_filled_timestamp":1762934400000,"ft_is_entry":false,"ft_order_tag":"roi","cost":311.035470289087}],"funding_fees":0.0,"weekday":2},{"pair":"BTC/USDT","stake_amount":308.3855648,"max_stake_amount":308.3855648,"amount":0.00304,"open_date":"2025-11-12 17:00:00+00:00","close_date":"2025-11-13 05:00:00+00:00","open_rate":101442.62,"close_rate":102661.14996996995,"fee_open":0.001,"fee_close":0.001,"trade_duration":720,"profit_ratio":0.009990009996488898,"profit_abs":3.08385565,"exit_reason":"roi","initial_stop_loss_abs":91298.358,"initial_stop_loss_ratio":-0.1,"stop_loss_abs":91298.358,"stop_loss_ratio":-0.1,"min_rate":100813.59,"max_rate":103400.0,"is_open":false,"enter_tag":"","leverage":1.0,"is_short":false,"open_timestamp":1762966800000,"close_timestamp":1763010000000,"orders":[{"amount":0.00304,"safe_price":101442.62,"ft_order_side":"buy","order_filled_timestamp":1762966800000,"ft_is_entry":true,"ft_order_tag":"","cost":308.69395036479995},{"amount":0.00304,"safe_price":102661.14996996995,"ft_order_side":"sell","order_filled_timestamp":1763010000000,"ft_is_entry":false,"ft_order_tag":"roi","cost":312.40198580461737}],"funding_fees":0.0,"weekday":3},{"pair":"ETH/USDT","stake_amount":309.797698,"max_stake_amount":309.797698,"amount":0.0931,"open_date":"2025-11-13 17:00:00+00:00","close_date":"2025-11-17 19:00:00+00:00","open_rate":3327.58,"close_rate":2994.822,"fee_open":0.001,"fee_close":0.001,"trade_duration":5880,"profit_ratio":-0.10179820181045562,"profit_abs":-31.56838543,"exit_reason":"stop_loss","initial_stop_loss_abs":2994.822,"initial_stop_loss_ratio":-0.1,"stop_loss_abs":2994.822,"stop_loss_ratio":-0.1,"min_rate":2972.88,"max_rate":3328.98,"is_open":false,"enter_tag":"","leverage":1.0,"is_short":false,"open_timestamp":1763053200000,"close_timestamp":1763406000000,"orders":[{"amount":0.0931,"safe_price":3327.58,"ft_order_side":"buy","order_filled_timestamp":1763053200000,"ft_is_entry":true,"ft_order_tag":"","cost":310.107495698},{"amount":0.0931,"safe_price":2994.822,"ft_order_side":"sell","order_filled_timestamp":1763406000000,"ft_is_entry":false,"ft_order_tag":"stop_loss","cost":279.0967461282}],"funding_fees":0.0,"weekday":0},{"pair":"ETH/USDT","stake_amount":299.419908,"max_stake_amount":299.419908,"amount":0.1004,"open_date":"2025-11-17 20:00:00+00:00","close_date":"2025-11-17 20:00:00+00:00","open_rate":2982.27,"close_rate":3018.093063063063,"fee_open":0.001,"fee_close":0.001,"trade_duration":0,"profit_ratio":0.00999000999000999,"profit_abs":2.99419908,"exit_reason":"roi","initial_stop_loss_abs":2684.043,"initial_stop_loss_ratio":-0.1,"stop_loss_abs":2684.043,"stop_loss_ratio":-0.1,"min_rate":2959.46,"max_rate":3022.08,"is_open":false,"enter_tag":"","leverage":1.0,"is_short":false,"open_timestamp":1763409600000,"close_timestamp":1763409600000,"orders":[{"amount":0.1004,"safe_price":2982.27,"ft_order_side":"buy","order_filled_timestamp":1763409600000,"ft_is_entry":true,"ft_order_tag":"","cost":299.71932790799997},{"amount":0.1004,"safe_price":3018.093063063063,"ft_order_side":"sell","order_filled_timestamp":1763409600000,"ft_is_entry":false,"ft_order_tag":"roi","cost":303.319560075063}],"funding_fees":0.0,"weekday":0},{"pair":"BTC/USDT","stake_amount":309.9425689,"max_stake_amount":309.9425689,"amount":0.00311,"open_date":"2025-11-13 18:00:00+00:00","close_date":"2025-11-18 04:00:00+00:00","open_rate":99659.99,"close_rate":89693.99100000001,"fee_open":0.001,"fee_close":0.001,"trade_duration":6360,"profit_ratio":-0.10179820179526869,"profit_abs":-31.58314777,"exit_reason":"stop_loss","initial_stop_loss_abs":89693.99100000001,"initial_stop_loss_ratio":-0.1,"stop_loss_abs":89693.99100000001,"stop_loss_ratio":-0.1,"min_rate":89253.78,"max_rate":100501.31,"is_open":false,"enter_tag":"","leverage":1.0,"is_short":false,"open_timestamp":1763056800000,"close_timestamp":1763438400000,"orders":[{"amount":0.00311,"safe_price":99659.99,"ft_order_side":"buy","order_filled_timestamp":1763056800000,"ft_is_entry":true,"ft_order_tag":"","cost":310.25251146889997},{"amount":0.00311,"safe_price":89693.99100000001,"ft_order_side":"sell","order_filled_timestamp":1763438400000,"ft_is_entry":false,"ft_order_tag":"stop_loss","cost":279.22726032200995}],"funding_fees":0.0,"weekday":1},{"pair":"BTC/USDT","stake_amount":290.063718,"max_stake_amount":290.063718,"amount":0.00322,"open_date":"2025-11-18 05:00:00+00:00","close_date":"2025-11-18 08:00:00+00:00","open_rate":90081.9,"close_rate":91163.96486486486,"fee_open":0.001,"fee_close":0.001,"trade_duration":180,"profit_ratio":0.00999000999000999,"profit_abs":2.90063718,"exit_reason":"roi","initial_stop_loss_abs":81073.70999999999,"initial_stop_loss_ratio":-0.1,"stop_loss_abs":81073.70999999999,"stop_loss_ratio":-0.1,"min_rate":89337.39,"max_rate":91440.0,"is_open":false,"enter_tag":"","leverage":1.0,"is_short":false,"open_timestamp":1763442000000,"close_timestamp":1763452800000,"orders":[{"amount":0.00322,"safe_price":90081.9,"ft_order_side":"buy","order_filled_timestamp":1763442000000,"ft_is_entry":true,"ft_order_tag":"","cost":290.35378171799994},{"amount":0.00322,"safe_price":91163.96486486486,"ft_order_side":"sell","order_filled_timestamp":1763452800000,"ft_is_entry":false,"ft_order_tag":"roi","cost":293.8415148317297}],"funding_fees":0.0,"weekday":1},{"pair":"ETH/USDT","stake_amount":291.114864,"max_stake_amount":291.114864,"amount":0.0996,"open_date":"2025-11-19 18:00:00+00:00","close_date":"2025-11-19 21:00:00+00:00","open_rate":2922.84,"close_rate":2957.949189189189,"fee_open":0.001,"fee_close":0.001,"trade_duration":180,"profit_ratio":0.00999000999000999,"profit_abs":2.91114864,"exit_reason":"roi","initial_stop_loss_abs":2630.556,"initial_stop_loss_ratio":-0.1,"stop_loss_abs":2630.556,"stop_loss_ratio":-0.1,"min_rate":2873.64,"max_rate":3002.0,"is_open":false,"enter_tag":"","leverage":1.0,"is_short":false,"open_timestamp":1763575200000,"close_timestamp":1763586000000,"orders":[{"amount":0.0996,"safe_price":2922.84,"ft_order_side":"buy","order_filled_timestamp":1763575200000,"ft_is_entry":true,"ft_order_tag":"","cost":291.40597886399996},{"amount":0.0996,"safe_price":2957.949189189189,"ft_order_side":"sell","order_filled_timestamp":1763586000000,"ft_is_entry":false,"ft_order_tag":"roi","cost":294.90635098248646}],"funding_fees":0.0,"weekday":2},{"pair":"BTC/USDT","stake_amount":290.6525112,"max_stake_amount":290.6525112,"amount":0.00327,"open_date":"2025-11-19 20:00:00+00:00","close_date":"2025-11-19 21:00:00+00:00","open_rate":88884.56,"close_rate":89952.2424024024,"fee_open":0.001,"fee_close":0.001,"trade_duration":60,"profit_ratio":0.009990009983135796,"profit_abs":2.90652511,"exit_reason":"roi","initial_stop_loss_abs":79996.104,"initial_stop_loss_ratio":-0.1,"stop_loss_abs":79996.104,"stop_loss_ratio":-0.1,"min_rate":88608.0,"max_rate":90850.0,"is_open":false,"enter_tag":"","leverage":1.0,"is_short":false,"open_timestamp":1763582400000,"close_timestamp":1763586000000,"orders":[{"amount":0.00327,"safe_price":88884.56,"ft_order_side":"buy","order_filled_timestamp":1763582400000,"ft_is_entry":true,"ft_order_tag":"","cost":290.9431637112},{"amount":0.00327,"safe_price":89952.2424024024,"ft_order_side":"sell","order_filled_timestamp":1763586000000,"ft_is_entry":false,"ft_order_tag":"roi","cost":294.43797648851165}],"funding_fees":0.0,"weekday":2},{"pair":"ETH/USDT","stake_amount":293.13536,"max_stake_amount":293.13536,"amount":0.1024,"open_date":"2025-11-20 17:00:00+00:00","close_date":"2025-11-20 21:00:00+00:00","open_rate":2862.65,"close_rate":2897.0361861861857,"fee_open":0.001,"fee_close":0.001,"trade_duration":240,"profit_ratio":0.00999000999000999,"profit_abs":2.9313536,"exit_reason":"roi","initial_stop_loss_abs":2576.385,"initial_stop_loss_ratio":-0.1,"stop_loss_abs":2576.385,"stop_loss_ratio":-0.1,"min_rate":2790.01,"max_rate":2897.63,"is_open":false,"enter_tag":"","leverage":1.0,"is_short":false,"open_timestamp":1763658000000,"close_timestamp":1763672400000,"orders":[{"amount":0.1024,"safe_price":2862.65,"ft_order_side":"buy","order_filled_timestamp":1763658000000,"ft_is_entry":true,"ft_order_tag":"","cost":293.42849536},{"amount":0.1024,"safe_price":2897.0361861861857,"ft_order_side":"sell","order_filled_timestamp":1763672400000,"ft_is_entry":false,"ft_order_tag":"roi","cost":296.95316197093086}],"funding_fees":0.0,"weekday":3},{"pair":"ETH/USDT","stake_amount":294.050377,"max_stake_amount":294.050377,"amount":0.1081,"open_date":"2025-11-21 08:00:00+00:00","close_date":"2025-11-21 08:00:00+00:00","open_rate":2720.17,"close_rate":2752.8447147147144,"fee_open":0.001,"fee_close":0.001,"trade_duration":0,"profit_ratio":0.00999000999000999,"profit_abs":2.94050377,"exit_reason":"roi","initial_stop_loss_abs":2448.1530000000002,"initial_stop_loss_ratio":-0.1,"stop_loss_abs":2448.1530000000002,"stop_loss_ratio":-0.1,"min_rate":2706.35,"max_rate":2754.48,"is_open":false,"enter_tag":"","leverage":1.0,"is_short":false,"open_timestamp":1763712000000,"close_timestamp":1763712000000,"orders":[{"amount":0.1081,"safe_price":2720.17,"ft_order_side":"buy","order_filled_timestamp":1763712000000,"ft_is_entry":true,"ft_order_tag":"","cost":294.344427377},{"amount":0.1081,"safe_price":2752.8447147147144,"ft_order_side":"sell","order_filled_timestamp":1763712000000,"ft_is_entry":false,"ft_order_tag":"roi","cost":297.8800961743213}],"funding_fees":0.0,"weekday":4},{"pair":"ETH/USDT","stake_amount":294.9551,"max_stake_amount":294.9551,"amount":0.11,"open_date":"2025-11-21 10:00:00+00:00","close_date":"2025-11-21 10:00:00+00:00","open_rate":2681.41,"close_rate":2713.619129129129,"fee_open":0.001,"fee_close":0.001,"trade_duration":0,"profit_ratio":0.00999000999000999,"profit_abs":2.949551,"exit_reason":"roi","initial_stop_loss_abs":2413.269,"initial_stop_loss_ratio":-0.1,"stop_loss_abs":2413.269,"stop_loss_ratio":-0.1,"min_rate":2663.01,"max_rate":2717.14,"is_open":false,"enter_tag":"","leverage":1.0,"is_short":false,"open_timestamp":1763719200000,"close_timestamp":1763719200000,"orders":[{"amount":0.11,"safe_price":2681.41,"ft_order_side":"buy","order_filled_timestamp":1763719200000,"ft_is_entry":true,"ft_order_tag":"","cost":295.25005509999994},{"amount":0.11,"safe_price":2713.619129129129,"ft_order_side":"sell","order_filled_timestamp":1763719200000,"ft_is_entry":false,"ft_order_tag":"roi","cost":298.79660230840835}],"funding_fees":0.0,"weekday":4},{"pair":"ETH/USDT","stake_amount":295.995042,"max_stake_amount":295.995042,"amount":0.1101,"open_date":"2025-11-21 12:00:00+00:00","close_date":"2025-11-21 12:00:00+00:00","open_rate":2688.42,"close_rate":2720.7133333333327,"fee_open":0.001,"fee_close":0.001,"trade_duration":0,"profit_ratio":0.00999000999000999,"profit_abs":2.95995042,"exit_reason":"roi","initial_stop_loss_abs":2419.578,"initial_stop_loss_ratio":-0.1,"stop_loss_abs":2419.578,"stop_loss_ratio":-0.1,"min_rate":2623.57,"max_rate":2743.17,"is_open":false,"enter_tag":"","leverage":1.0,"is_short":false,"open_timestamp":1763726400000,"close_timestamp":1763726400000,"orders":[{"amount":0.1101,"safe_price":2688.42,"ft_order_side":"buy","order_filled_timestamp":1763726400000,"ft_is_entry":true,"ft_order_tag":"","cost":296.29103704199997},{"amount":0.1101,"safe_price":2720.7133333333327,"ft_order_side":"sell","order_filled_timestamp":1763726400000,"ft_is_entry":false,"ft_order_tag":"roi","cost":299.8500885379999}],"funding_fees":0.0,"weekday":4},{"pair":"BTC/USDT","stake_amount":292.634073,"max_stake_amount":292.634073,"amount":0.00333,"open_date":"2025-11-20 17:00:00+00:00","close_date":"2025-11-24 20:00:00+00:00","open_rate":87878.1,"close_rate":88933.69279279279,"fee_open":0.001,"fee_close":0.001,"trade_duration":5940,"profit_ratio":0.009990009990009992,"profit_abs":2.92634073,"exit_reason":"roi","initial_stop_loss_abs":79090.29000000001,"initial_stop_loss_ratio":-0.1,"stop_loss_abs":79090.29000000001,"stop_loss_ratio":-0.1,"min_rate":80600.0,"max_rate":89228.0,"is_open":false,"enter_tag":"","leverage":1.0,"is_short":false,"open_timestamp":1763658000000,"close_timestamp":1764014400000,"orders":[{"amount":0.00333,"safe_price":87878.1,"ft_order_side":"buy","order_filled_timestamp":1763658000000,"ft_is_entry":true,"ft_order_tag":"","cost":292.926707073},{"amount":0.00333,"safe_price":88933.69279279279,"ft_order_side":"sell","order_filled_timestamp":1764014400000,"ft_is_entry":false,"ft_order_tag":"roi","cost":296.445346197}],"funding_fees":0.0,"weekday":0},{"pair":"ETH/USDT","stake_amount":297.822,"max_stake_amount":297.822,"amount":0.105,"open_date":"2025-12-01 01:00:00+00:00","close_date":"2025-12-01 02:00:00+00:00","open_rate":2836.4,"close_rate":2870.470870870871,"fee_open":0.001,"fee_close":0.001,"trade_duration":60,"profit_ratio":0.00999000999000999,"profit_abs":2.97822,"exit_reason":"roi","initial_stop_loss_abs":2552.76,"initial_stop_loss_ratio":-0.1,"stop_loss_abs":2552.76,"stop_loss_ratio":-0.1,"min_rate":2827.47,"max_rate":2873.82,"is_open":false,"enter_tag":"","leverage":1.0,"is_short":false,"open_timestamp":1764550800000,"close_timestamp":1764554400000,"orders":[{"amount":0.105,"safe_price":2836.4,"ft_order_side":"buy","order_filled_timestamp":1764550800000,"ft_is_entry":true,"ft_order_tag":"","cost":298.11982199999994},{"amount":0.105,"safe_price":2870.470870870871,"ft_order_side":"sell","order_filled_timestamp":1764554400000,"ft_is_entry":false,"ft_order_tag":"roi","cost":301.7008408828828}],"funding_fees":0.0,"weekday":0},{"pair":"BTC/USDT","stake_amount":297.54,"max_stake_amount":297.54,"amount":0.00342,"open_date":"2025-12-01 01:00:00+00:00","close_date":"2025-12-02 14:00:00+00:00","open_rate":87000.0,"close_rate":88045.04504504503,"fee_open":0.001,"fee_close":0.001,"trade_duration":2220,"profit_ratio":0.00999000999000999,"profit_abs":2.9754,"exit_reason":"roi","initial_stop_loss_abs":78300.0,"initial_stop_loss_ratio":-0.1,"stop_loss_abs":78300.0,"stop_loss_ratio":-0.1,"min_rate":83822.76,"max_rate":89275.54,"is_open":false,"enter_tag":"","leverage":1.0,"is_short":false,"open_timestamp":1764550800000,"close_timestamp":1764684000000,"orders":[{"amount":0.00342,"safe_price":87000.0,"ft_order_side":"buy","order_filled_timestamp":1764550800000,"ft_is_entry":true,"ft_order_tag":"","cost":297.83753999999993},{"amount":0.00342,"safe_price":88045.04504504503,"ft_order_side":"sell","order_filled_timestamp":1764684000000,"ft_is_entry":false,"ft_order_tag":"roi","cost":301.41516810810805}],"funding_fees":0.0,"weekday":1},{"pair":"ETH/USDT","stake_amount":298.832976,"max_stake_amount":298.832976,"amount":0.1053,"open_date":"2025-12-01 03:00:00+00:00","close_date":"2025-12-02 14:00:00+00:00","open_rate":2837.92,"close_rate":2872.0091291291287,"fee_open":0.001,"fee_close":0.001,"trade_duration":2100,"profit_ratio":0.00999000999000999,"profit_abs":2.98832976,"exit_reason":"roi","initial_stop_loss_abs":2554.128,"initial_stop_loss_ratio":-0.1,"stop_loss_abs":2554.128,"stop_loss_ratio":-0.1,"min_rate":2716.04,"max_rate":2910.05,"is_open":false,"enter_tag":"","leverage":1.0,"is_short":false,"open_timestamp":1764558000000,"close_timestamp":1764684000000,"orders":[{"amount":0.1053,"safe_price":2837.92,"ft_order_side":"buy","order_filled_timestamp":1764558000000,"ft_is_entry":true,"ft_order_tag":"","cost":299.131808976},{"amount":0.1053,"safe_price":2872.0091291291287,"ft_order_side":"sell","order_filled_timestamp":1764684000000,"ft_is_entry":false,"ft_order_tag":"roi","cost":302.7249838585945}],"funding_fees":0.0,"weekday":1},{"pair":"BTC/USDT","stake_amount":300.6579411,"max_stake_amount":300.6579411,"amount":0.00333,"open_date":"2025-12-05 15:00:00+00:00","close_date":"2025-12-05 15:00:00+00:00","open_rate":90287.67,"close_rate":91372.20657657656,"fee_open":0.001,"fee_close":0.001,"trade_duration":0,"profit_ratio":0.009990009986687275,"profit_abs":3.00657941,"exit_reason":"roi","initial_stop_loss_abs":81258.903,"initial_stop_loss_ratio":-0.1,"stop_loss_abs":81258.903,"stop_loss_ratio":-0.1,"min_rate":90258.24,"max_rate":91478.67,"is_open":false,"enter_tag":"","leverage":1.0,"is_short":false,"open_timestamp":1764946800000,"close_timestamp":1764946800000,"orders":[{"amount":0.00333,"safe_price":90287.67,"ft_order_side":"buy","order_filled_timestamp":1764946800000,"ft_is_entry":true,"ft_order_tag":"","cost":300.9585990411},{"amount":0.00333,"safe_price":91372.20657657656,"ft_order_side":"sell","order_filled_timestamp":1764946800000,"ft_is_entry":false,"ft_order_tag":"roi","cost":304.5737173478999}],"funding_fees":0.0,"weekday":4},{"pair":"BTC/USDT","stake_amount":301.0688832,"max_stake_amount":301.0688832,"amount":0.00339,"open_date":"2025-12-05 17:00:00+00:00","close_date":"2025-12-06 14:00:00+00:00","open_rate":88810.88,"close_rate":89877.67735735736,"fee_open":0.001,"fee_close":0.001,"trade_duration":1260,"profit_ratio":0.009990009983373627,"profit_abs":3.01068883,"exit_reason":"roi","initial_stop_loss_abs":79929.792,"initial_stop_loss_ratio":-0.1,"stop_loss_abs":79929.792,"stop_loss_ratio":-0.1,"min_rate":88607.25,"max_rate":90289.97,"is_open":false,"enter_tag":"","leverage":1.0,"is_short":false,"open_timestamp":1764954000000,"close_timestamp":1765029600000,"orders":[{"amount":0.00339,"safe_price":88810.88,"ft_order_side":"buy","order_filled_timestamp":1764954000000,"ft_is_entry":true,"ft_order_tag":"","cost":301.36995208319996},{"amount":0.00339,"safe_price":89877.67735735736,"ft_order_side":"sell","order_filled_timestamp":1765029600000,"ft_is_entry":false,"ft_order_tag":"roi","cost":304.9900115676828}],"funding_fees":0.0,"weekday":5},{"pair":"ETH/USDT","stake_amount":301.760615,"max_stake_amount":301.760615,"amount":0.0995,"open_date":"2025-12-05 17:00:00+00:00","close_date":"2025-12-07 17:00:00+00:00","open_rate":3032.77,"close_rate":3069.199669669669,"fee_open":0.001,"fee_close":0.001,"trade_duration":2880,"profit_ratio":0.00999000999000999,"profit_abs":3.01760615,"exit_reason":"roi","initial_stop_loss_abs":2729.493,"initial_stop_loss_ratio":-0.1,"stop_loss_abs":2729.493,"stop_loss_ratio":-0.1,"min_rate":2907.52,"max_rate":3134.57,"is_open":false,"enter_tag":"","leverage":1.0,"is_short":false,"open_timestamp":1764954000000,"close_timestamp":1765126800000,"orders":[{"amount":0.0995,"safe_price":3032.77,"ft_order_side":"buy","order_filled_timestamp":1764954000000,"ft_is_entry":true,"ft_order_tag":"","cost":302.062375615},{"amount":0.0995,"safe_price":3069.199669669669,"ft_order_side":"sell","order_filled_timestamp":1765126800000,"ft_is_entry":false,"ft_order_tag":"roi","cost":305.6907524992642}],"funding_fees":0.0,"weekday":6},{"pair":"BTC/USDT","stake_amount":303.5493463,"max_stake_amount":303.5493463,"amount":0.00337,"open_date":"2025-12-11 03:00:00+00:00","close_date":"2025-12-11 18:00:00+00:00","open_rate":90073.99,"close_rate":91155.95984984985,"fee_open":0.001,"fee_close":0.001,"trade_duration":900,"profit_ratio":0.009990009980136792,"profit_abs":3.03549346,"exit_reason":"roi","initial_stop_loss_abs":81066.591,"initial_stop_loss_ratio":-0.1,"stop_loss_abs":81066.591,"stop_loss_ratio":-0.1,"min_rate":89260.63,"max_rate":91197.7,"is_open":false,"enter_tag":"","leverage":1.0,"is_short":false,"open_timestamp":1765422000000,"close_timestamp":1765476000000,"orders":[{"amount":0.00337,"safe_price":90073.99,"ft_order_side":"buy","order_filled_timestamp":1765422000000,"ft_is_entry":true,"ft_order_tag":"","cost":303.8528956463},{"amount":0.00337,"safe_price":91155.95984984985,"ft_order_side":"sell","order_filled_timestamp":1765476000000,"ft_is_entry":false,"ft_order_tag":"roi","cost":307.50278027868796}],"funding_fees":0.0,"weekday":3},{"pair":"ETH/USDT","stake_amount":303.823184,"max_stake_amount":303.823184,"amount":0.0952,"open_date":"2025-12-11 04:00:00+00:00","close_date":"2025-12-11 18:00:00+00:00","open_rate":3191.42,"close_rate":3229.7553753753755,"fee_open":0.001,"fee_close":0.001,"trade_duration":840,"profit_ratio":0.00999000999000999,"profit_abs":3.03823184,"exit_reason":"roi","initial_stop_loss_abs":2872.2780000000002,"initial_stop_loss_ratio":-0.1,"stop_loss_abs":2872.2780000000002,"stop_loss_ratio":-0.1,"min_rate":3145.28,"max_rate":3234.25,"is_open":false,"enter_tag":"","leverage":1.0,"is_short":false,"open_timestamp":1765425600000,"close_timestamp":1765476000000,"orders":[{"amount":0.0952,"safe_price":3191.42,"ft_order_side":"buy","order_filled_timestamp":1765425600000,"ft_is_entry":true,"ft_order_tag":"","cost":304.127007184},{"amount":0.0952,"safe_price":3229.7553753753755,"ft_order_side":"sell","order_filled_timestamp":1765476000000,"ft_is_entry":false,"ft_order_tag":"roi","cost":307.78018444747147}],"funding_fees":0.0,"weekday":3},{"pair":"ETH/USDT","stake_amount":305.91144,"max_stake_amount":305.91144,"amount":0.0996,"open_date":"2025-12-12 16:00:00+00:00","close_date":"2025-12-13 08:00:00+00:00","open_rate":3071.4,"close_rate":3108.2936936936935,"fee_open":0.001,"fee_close":0.001,"trade_duration":960,"profit_ratio":0.00999000999000999,"profit_abs":3.0591144,"exit_reason":"roi","initial_stop_loss_abs":2764.26,"initial_stop_loss_ratio":-0.1,"stop_loss_abs":2764.26,"stop_loss_ratio":-0.1,"min_rate":3045.31,"max_rate":3132.64,"is_open":false,"enter_tag":"","leverage":1.0,"is_short":false,"open_timestamp":1765555200000,"close_timestamp":1765612800000,"orders":[{"amount":0.0996,"safe_price":3071.4,"ft_order_side":"buy","order_filled_timestamp":1765555200000,"ft_is_entry":true,"ft_order_tag":"","cost":306.21735143999996},{"amount":0.0996,"safe_price":3108.2936936936935,"ft_order_side":"sell","order_filled_timestamp":1765612800000,"ft_is_entry":false,"ft_order_tag":"roi","cost":309.8956379437837}],"funding_fees":0.0,"weekday":5},{"pair":"BTC/USDT","stake_amount":306.5048343,"max_stake_amount":306.5048343,"amount":0.00343,"open_date":"2025-12-14 12:00:00+00:00","close_date":"2025-12-17 15:00:00+00:00","open_rate":89360.01,"close_rate":89675.85,"fee_open":0.001,"fee_close":0.001,"trade_duration":4500,"profit_ratio":0.0015294030570187015,"profit_abs":0.4692382,"exit_reason":"exit_signal","initial_stop_loss_abs":80424.00899999999,"initial_stop_loss_ratio":-0.1,"stop_loss_abs":80424.00899999999,"stop_loss_ratio":-0.1,"min_rate":85146.64,"max_rate":90365.85,"is_open":false,"enter_tag":"","leverage":1.0,"is_short":false,"open_timestamp":1765713600000,"close_timestamp":1765983600000,"orders":[{"amount":0.00343,"safe_price":89360.01,"ft_order_side":"buy","order_filled_timestamp":1765713600000,"ft_is_entry":true,"ft_order_tag":"","cost":306.81133913429994},{"amount":0.00343,"safe_price":89675.85,"ft_order_side":"sell","order_filled_timestamp":1765983600000,"ft_is_entry":false,"ft_order_tag":"exit_signal","cost":307.89575366549997}],"funding_fees":0.0,"weekday":2},{"pair":"ETH/USDT","stake_amount":306.817843,"max_stake_amount":306.817843,"amount":0.1019,"open_date":"2025-12-15 16:00:00+00:00","close_date":"2025-12-18 14:00:00+00:00","open_rate":3010.97,"close_rate":2964.12,"fee_open":0.001,"fee_close":0.001,"trade_duration":4200,"profit_ratio":-0.01752668331883544,"profit_abs":-5.38287667,"exit_reason":"exit_signal","initial_stop_loss_abs":2709.873,"initial_stop_loss_ratio":-0.1,"stop_loss_abs":2709.873,"stop_loss_ratio":-0.1,"min_rate":2791.02,"max_rate":3030.92,"is_open":false,"enter_tag":"","leverage":1.0,"is_short":false,"open_timestamp":1765814400000,"close_timestamp":1766066400000,"orders":[{"amount":0.1019,"safe_price":3010.97,"ft_order_side":"buy","order_filled_timestamp":1765814400000,"ft_is_entry":true,"ft_order_tag":"","cost":307.12466084299996},{"amount":0.1019,"safe_price":2964.12,"ft_order_side":"sell","order_filled_timestamp":1766066400000,"ft_is_entry":false,"ft_order_tag":"exit_signal","cost":302.345871828}],"funding_fees":0.0,"weekday":3},{"pair":"BTC/USDT","stake_amount":304.9277049,"max_stake_amount":304.9277049,"amount":0.00351,"open_date":"2025-12-23 15:00:00+00:00","close_date":"2025-12-23 16:00:00+00:00","open_rate":86873.99,"close_rate":87917.5214114114,"fee_open":0.001,"fee_close":0.001,"trade_duration":60,"profit_ratio":0.00999000999328618,"profit_abs":3.04927705,"exit_reason":"roi","initial_stop_loss_abs":78186.591,"initial_stop_loss_ratio":-0.1,"stop_loss_abs":78186.591,"stop_loss_ratio":-0.1,"min_rate":86720.0,"max_rate":88189.64,"is_open":false,"enter_tag":"","leverage":1.0,"is_short":false,"open_timestamp":1766502000000,"close_timestamp":1766505600000,"orders":[{"amount":0.00351,"safe_price":86873.99,"ft_order_side":"buy","order_filled_timestamp":1766502000000,"ft_is_entry":true,"ft_order_tag":"","cost":305.2326326049},{"amount":0.00351,"safe_price":87917.5214114114,"ft_order_side":"sell","order_filled_timestamp":1766505600000,"ft_is_entry":false,"ft_order_tag":"roi","cost":308.89909065420807}],"funding_fees":0.0,"weekday":1},{"pair":"ETH/USDT","stake_amount":305.13912,"max_stake_amount":305.13912,"amount":0.1046,"open_date":"2025-12-23 15:00:00+00:00","close_date":"2025-12-23 16:00:00+00:00","open_rate":2917.2,"close_rate":2952.241441441441,"fee_open":0.001,"fee_close":0.001,"trade_duration":60,"profit_ratio":0.009990009990009988,"profit_abs":3.0513912,"exit_reason":"roi","initial_stop_loss_abs":2625.48,"initial_stop_loss_ratio":-0.1,"stop_loss_abs":2625.48,"stop_loss_ratio":-0.1,"min_rate":2906.62,"max_rate":2965.92,"is_open":false,"enter_tag":"","leverage":1.0,"is_short":false,"open_timestamp":1766502000000,"close_timestamp":1766505600000,"orders":[{"amount":0.1046,"safe_price":2917.2,"ft_order_side":"buy","order_filled_timestamp":1766502000000,"ft_is_entry":true,"ft_order_tag":"","cost":305.44425911999997},{"amount":0.1046,"safe_price":2952.241441441441,"ft_order_side":"sell","order_filled_timestamp":1766505600000,"ft_is_entry":false,"ft_order_tag":"roi","cost":309.1132592295495}],"funding_fees":0.0,"weekday":1}],"locks":[],"best_pair":{"key":"ETH/USDT","trades":31,"profit_mean":-0.0017158393232855071,"profit_mean_pct":-0.17,"profit_total_abs":-20.493299659999995,"profit_total":-0.020493299659999995,"profit_total_pct":-2.05,"duration_avg":"14:08:00","wins":27,"draws":0,"losses":4,"winrate":0.8709677419354839,"cagr":-0.07570750269240345,"expectancy":-0.6610741825806454,"expectancy_ratio":-0.025408874590083008,"sortino":-0.3414069869407056,"sharpe":-0.3825169711896633,"calmar":-6.765731574687851,"sqn":-0.3396,"profit_factor":0.8030812219268563,"max_drawdown_account":0.06027987265987668,"max_drawdown_abs":60.87963395},"worst_pair":{"key":"BTC/USDT","trades":21,"profit_mean":-0.006706413499931941,"profit_mean_pct":-0.67,"profit_total_abs":-48.201689050000006,"profit_total":-0.04820168905,"profit_total_pct":-4.82,"duration_avg":"1 day, 9:06:00","wins":18,"draws":0,"losses":3,"winrate":0.8571428571428571,"cagr":-0.17124524143800712,"expectancy":-2.2953185261904765,"expectancy_ratio":-0.06991049912925207,"sortino":-9.821763199979346,"sharpe":-0.7679774496775018,"calmar":-12.700343116178638,"sqn":-0.8218,"profit_factor":0.5106265060952357,"max_drawdown_account":0.07553043776093626,"max_drawdown_abs":75.77951003000001},"results_per_pair":[{"key":"ETH/USDT","trades":31,"profit_mean":-0.0017158393232855071,"profit_mean_pct":-0.17,"profit_total_abs":-20.493299659999995,"profit_total":-0.020493299659999995,"profit_total_pct":-2.05,"duration_avg":"14:08:00","wins":27,"draws":0,"losses":4,"winrate":0.8709677419354839,"cagr":-0.07570750269240345,"expectancy":-0.6610741825806454,"expectancy_ratio":-0.025408874590083008,"sortino":-0.3414069869407056,"sharpe":-0.3825169711896633,"calmar":-6.765731574687851,"sqn":-0.3396,"profit_factor":0.8030812219268563,"max_drawdown_account":0.06027987265987668,"max_drawdown_abs":60.87963395},{"key":"BTC/USDT","trades":21,"profit_mean":-0.006706413499931941,"profit_mean_pct":-0.67,"profit_total_abs":-48.201689050000006,"profit_total":-0.04820168905,"profit_total_pct":-4.82,"duration_avg":"1 day, 9:06:00","wins":18,"draws":0,"losses":3,"winrate":0.8571428571428571,"cagr":-0.17124524143800712,"expectancy":-2.2953185261904765,"expectancy_ratio":-0.06991049912925207,"sortino":-9.821763199979346,"sharpe":-0.7679774496775018,"calmar":-12.700343116178638,"sqn":-0.8218,"profit_factor":0.5106265060952357,"max_drawdown_account":0.07553043776093626,"max_drawdown_abs":75.77951003000001},{"key":"TOTAL","trades":52,"profit_mean":-0.0037312635100081055,"profit_mean_pct":-0.37,"profit_total_abs":-68.69498870999999,"profit_total":-0.06869498870999999,"profit_total_pct":-6.87,"duration_avg":"21:47:00","wins":45,"draws":0,"losses":7,"winrate":0.8653846153846154,"cagr":-0.23706949561221013,"expectancy":-1.3210574751923079,"expectancy_ratio":-0.045651183799514716,"sortino":-1.4151378610668273,"sharpe":-1.1925317356065084,"calmar":-10.36330229512493,"sqn":-0.823,"profit_factor":0.6608769203464622,"max_drawdown_account":0.13191740182038916,"max_drawdown_abs":133.6649449}],"results_per_enter_tag":[{"key":"","trades":52,"profit_mean":-0.0037312635100081055,"profit_mean_pct":-0.37,"profit_total_abs":-68.69498870999999,"profit_total":-0.06869498870999999,"profit_total_pct":-6.87,"duration_avg":"21:47:00","wins":45,"draws":0,"losses":7,"winrate":0.8653846153846154,"cagr":-0.23706949561221013,"expectancy":-1.3210574751923079,"expectancy_ratio":-0.045651183799514716,"sortino":-1.4151378610668273,"sharpe":-1.1925317356065084,"calmar":-10.36330229512493,"sqn":-0.823,"profit_factor":0.6608769203464622,"max_drawdown_account":0.13191740182038916,"max_drawdown_abs":133.6649449},{"key":"TOTAL","trades":52,"profit_mean":-0.0037312635100081055,"profit_mean_pct":-0.37,"profit_total_abs":-68.69498870999999,"profit_total":-0.06869498870999999,"profit_total_pct":-6.87,"duration_avg":"21:47:00","wins":45,"draws":0,"losses":7,"winrate":0.8653846153846154,"cagr":-0.23706949561221013,"expectancy":-1.3210574751923079,"expectancy_ratio":-0.045651183799514716,"sortino":-1.4151378610668273,"sharpe":-1.1925317356065084,"calmar":-10.36330229512493,"sqn":-0.823,"profit_factor":0.6608769203464622,"max_drawdown_account":0.13191740182038916,"max_drawdown_abs":133.6649449}],"exit_reason_summary":[{"key":"roi","trades":43,"profit_mean":0.009990009990412786,"profit_mean_pct":1.0,"profit_total_abs":132.38314025,"profit_total":0.13238314025,"profit_total_pct":13.24,"duration_avg":"12:00:00","wins":43,"draws":0,"losses":0,"winrate":1.0,"cagr":0.6043066581310617,"expectancy":3.078677680232558,"expectancy_ratio":100.0,"sortino":-100,"sharpe":226.0293440231178,"calmar":-100,"sqn":171.1772,"profit_factor":0.0,"max_drawdown_account":0.0,"max_drawdown_abs":0.0},{"key":"exit_signal","trades":3,"profit_mean":-0.004268973758577498,"profit_mean_pct":-0.43,"profit_total_abs":-3.89446613,"profit_total":-0.00389446613,"profit_total_pct":-0.39,"duration_avg":"3 days, 1:00:00","wins":2,"draws":0,"losses":1,"winrate":0.6666666666666666,"cagr":-0.014726481586521345,"expectancy":-1.2981553766666667,"expectancy_ratio":-0.2411638713369717,"sortino":-100,"sharpe":-0.26752702454813715,"calmar":-14.419646996509726,"sqn":-0.6337,"profit_factor":0.2765083859890849,"max_drawdown_account":0.005374876646947456,"max_drawdown_abs":5.38287667},{"key":"stop_loss","trades":6,"profit_mean":-0.10179820180540644,"profit_mean_pct":-10.18,"profit_total_abs":-197.18366283,"profit_total":-0.19718366283,"profit_total_pct":-19.72,"duration_avg":"2 days, 18:20:00","wins":0,"draws":0,"losses":6,"winrate":0.0,"cagr":-0.5661467548069589,"expectancy":-32.863943805,"expectancy_ratio":-1.0,"sortino":-39.37137372925864,"sharpe":-39.37137372925864,"calmar":-19.90101372348208,"sqn":-73.7291,"profit_factor":0.0,"max_drawdown_account":0.19718366283,"max_drawdown_abs":197.18366283},{"key":"TOTAL","trades":52,"profit_mean":-0.0037312635100081055,"profit_mean_pct":-0.37,"profit_total_abs":-68.69498870999999,"profit_total":-0.06869498870999999,"profit_total_pct":-6.87,"duration_avg":"21:47:00","wins":45,"draws":0,"losses":7,"winrate":0.8653846153846154,"cagr":-0.23706949561221013,"expectancy":-1.3210574751923079,"expectancy_ratio":-0.045651183799514716,"sortino":-1.4151378610668273,"sharpe":-1.1925317356065084,"calmar":-10.36330229512493,"sqn":-0.823,"profit_factor":0.6608769203464622,"max_drawdown_account":0.13191740182038916,"max_drawdown_abs":133.6649449}],"mix_tag_stats":[{"key":["","roi"],"trades":43,"profit_mean":0.009990009990412786,"profit_mean_pct":1.0,"profit_total_abs":132.38314025,"profit_total":0.13238314025,"profit_total_pct":13.24,"duration_avg":"12:00:00","wins":43,"draws":0,"losses":0,"winrate":1.0,"cagr":0.6043066581310617,"expectancy":3.078677680232558,"expectancy_ratio":100.0,"sortino":-100,"sharpe":226.0293440231178,"calmar":-100,"sqn":171.1772,"profit_factor":0.0,"max_drawdown_account":0.0,"max_drawdown_abs":0.0},{"key":["","exit_signal"],"trades":3,"profit_mean":-0.004268973758577498,"profit_mean_pct":-0.43,"profit_total_abs":-3.89446613,"profit_total":-0.00389446613,"profit_total_pct":-0.39,"duration_avg":"3 days, 1:00:00","wins":2,"draws":0,"losses":1,"winrate":0.6666666666666666,"cagr":-0.014726481586521345,"expectancy":-1.2981553766666667,"expectancy_ratio":-0.2411638713369717,"sortino":-100,"sharpe":-0.26752702454813715,"calmar":-14.419646996509726,"sqn":-0.6337,"profit_factor":0.2765083859890849,"max_drawdown_account":0.005374876646947456,"max_drawdown_abs":5.38287667},{"key":["","stop_loss"],"trades":6,"profit_mean":-0.10179820180540644,"profit_mean_pct":-10.18,"profit_total_abs":-197.18366283,"profit_total":-0.19718366283,"profit_total_pct":-19.72,"duration_avg":"2 days, 18:20:00","wins":0,"draws":0,"losses":6,"winrate":0.0,"cagr":-0.5661467548069589,"expectancy":-32.863943805,"expectancy_ratio":-1.0,"sortino":-39.37137372925864,"sharpe":-39.37137372925864,"calmar":-19.90101372348208,"sqn":-73.7291,"profit_factor":0.0,"max_drawdown_account":0.19718366283,"max_drawdown_abs":197.18366283},{"key":"TOTAL","trades":52,"profit_mean":-0.0037312635100081055,"profit_mean_pct":-0.37,"profit_total_abs":-68.69498870999999,"profit_total":-0.06869498870999999,"profit_total_pct":-6.87,"duration_avg":"21:47:00","wins":45,"draws":0,"losses":7,"winrate":0.8653846153846154,"cagr":-0.23706949561221013,"expectancy":-1.3210574751923079,"expectancy_ratio":-0.045651183799514716,"sortino":-1.4151378610668273,"sharpe":-1.1925317356065084,"calmar":-10.36330229512493,"sqn":-0.823,"profit_factor":0.6608769203464622,"max_drawdown_account":0.13191740182038916,"max_drawdown_abs":133.6649449}],"left_open_trades":[{"key":"TOTAL","trades":0,"profit_mean":0.0,"profit_mean_pct":0.0,"profit_total_abs":0.0,"profit_total":0.0,"profit_total_pct":0.0,"duration_avg":"0:00","wins":0,"draws":0,"losses":0,"winrate":0.0,"cagr":0.0,"expectancy":0.0,"expectancy_ratio":100.0,"sortino":0,"sharpe":0,"calmar":0,"sqn":0.0,"profit_factor":0.0,"max_drawdown_account":0.0,"max_drawdown_abs":0.0}],"total_trades":52,"trade_count_long":52,"trade_count_short":0,"total_volume":32207.338681738096,"avg_stake_amount":309.72772445576925,"profit_mean":-0.0037312635100081055,"profit_median":0.00999000999000999,"profit_total":-0.06869498870999999,"profit_total_long":-0.06869498870999999,"profit_total_short":0.0,"profit_total_abs":-68.69498870999999,"profit_total_long_abs":-68.69498870999999,"profit_total_short_abs":0.0,"cagr":-0.23706949561221013,"expectancy":-1.3210574751923079,"expectancy_ratio":-0.045651183799514716,"sortino":-1.4151378610668273,"sharpe":-1.1925317356065084,"calmar":-10.36330229512493,"sqn":-0.823,"profit_factor":0.6608769203464622,"backtest_start":"2025-10-01 00:00:00","backtest_start_ts":1759276800000,"backtest_end":"2026-01-05 12:00:00","backtest_end_ts":1767614400000,"backtest_days":96,"backtest_run_start_ts":1767619784,"backtest_run_end_ts":1767619784,"trades_per_day":0.54,"market_change":-0.21138008230357097,"pairlist":["BTC/USDT","ETH/USDT"],"stake_amount":"unlimited","stake_currency":"USDT","stake_currency_decimals":3,"starting_balance":1000,"dry_run_wallet":1000,"final_balance":931.30501129,"rejected_signals":0,"timedout_entry_orders":0,"timedout_exit_orders":0,"canceled_trade_entries":0,"canceled_entry_orders":0,"replaced_entry_orders":0,"max_open_trades":2,"max_open_trades_setting":3,"timeframe":"1h","timeframe_detail":"","timerange":"","enable_protections":false,"strategy_name":"MyStrategy","freqaimodel":null,"freqai_identifier":null,"stoploss":-0.1,"trailing_stop":false,"trailing_stop_positive":null,"trailing_stop_positive_offset":0.0,"trailing_only_offset_is_reached":false,"use_custom_stoploss":false,"minimal_roi":{"0":0.01},"use_exit_signal":true,"exit_profit_only":false,"exit_profit_offset":0.0,"ignore_roi_if_entry_signal":false,"trading_mode":"spot","margin_mode":"","periodic_breakdown":{"day":[{"date":"08/10/2025","date_ts":1759881600000,"profit_abs":6.59562058,"wins":2,"draws":0,"losses":0,"trades":2,"profit_factor":0.0},{"date":"09/10/2025","date_ts":1759968000000,"profit_abs":6.65163153,"wins":2,"draws":0,"losses":0,"trades":2,"profit_factor":0.0},{"date":"10/10/2025","date_ts":1760054400000,"profit_abs":-61.75812725,"wins":2,"draws":0,"losses":2,"trades":4,"profit_factor":0.09180757},{"date":"11/10/2025","date_ts":1760140800000,"profit_abs":3.13654068,"wins":1,"draws":0,"losses":0,"trades":1,"profit_factor":0.0},{"date":"12/10/2025","date_ts":1760227200000,"profit_abs":6.25612664,"wins":2,"draws":0,"losses":0,"trades":2,"profit_factor":0.0},{"date":"13/10/2025","date_ts":1760313600000,"profit_abs":0.0,"wins":0,"draws":0,"losses":0,"trades":0,"profit_factor":0.0},{"date":"14/10/2025","date_ts":1760400000000,"profit_abs":6.33890862,"wins":2,"draws":0,"losses":0,"trades":2,"profit_factor":0.0},{"date":"15/10/2025","date_ts":1760486400000,"profit_abs":0.0,"wins":0,"draws":0,"losses":0,"trades":0,"profit_factor":0.0},{"date":"16/10/2025","date_ts":1760572800000,"profit_abs":0.0,"wins":0,"draws":0,"losses":0,"trades":0,"profit_factor":0.0},{"date":"17/10/2025","date_ts":1760659200000,"profit_abs":3.18926001,"wins":1,"draws":0,"losses":0,"trades":1,"profit_factor":0.0},{"date":"18/10/2025","date_ts":1760745600000,"profit_abs":0.0,"wins":0,"draws":0,"losses":0,"trades":0,"profit_factor":0.0},{"date":"19/10/2025","date_ts":1760832000000,"profit_abs":1.01917234,"wins":1,"draws":0,"losses":0,"trades":1,"profit_factor":0.0},{"date":"20/10/2025","date_ts":1760918400000,"profit_abs":0.0,"wins":0,"draws":0,"losses":0,"trades":0,"profit_factor":0.0},{"date":"21/10/2025","date_ts":1761004800000,"profit_abs":6.40508939,"wins":2,"draws":0,"losses":0,"trades":2,"profit_factor":0.0},{"date":"22/10/2025","date_ts":1761091200000,"profit_abs":3.22416948,"wins":1,"draws":0,"losses":0,"trades":1,"profit_factor":0.0},{"date":"23/10/2025","date_ts":1761177600000,"profit_abs":0.0,"wins":0,"draws":0,"losses":0,"trades":0,"profit_factor":0.0},{"date":"24/10/2025","date_ts":1761264000000,"profit_abs":0.0,"wins":0,"draws":0,"losses":0,"trades":0,"profit_factor":0.0},{"date":"25/10/2025","date_ts":1761350400000,"profit_abs":0.0,"wins":0,"draws":0,"losses":0,"trades":0,"profit_factor":0.0},{"date":"26/10/2025","date_ts":1761436800000,"profit_abs":0.0,"wins":0,"draws":0,"losses":0,"trades":0,"profit_factor":0.0},{"date":"27/10/2025","date_ts":1761523200000,"profit_abs":0.0,"wins":0,"draws":0,"losses":0,"trades":0,"profit_factor":0.0},{"date":"28/10/2025","date_ts":1761609600000,"profit_abs":0.0,"wins":0,"draws":0,"losses":0,"trades":0,"profit_factor":0.0},{"date":"29/10/2025","date_ts":1761696000000,"profit_abs":0.0,"wins":0,"draws":0,"losses":0,"trades":0,"profit_factor":0.0},{"date":"30/10/2025","date_ts":1761782400000,"profit_abs":0.0,"wins":0,"draws":0,"losses":0,"trades":0,"profit_factor":0.0},{"date":"31/10/2025","date_ts":1761868800000,"profit_abs":3.23557812,"wins":1,"draws":0,"losses":0,"trades":1,"profit_factor":0.0},{"date":"01/11/2025","date_ts":1761955200000,"profit_abs":0.0,"wins":0,"draws":0,"losses":0,"trades":0,"profit_factor":0.0},{"date":"02/11/2025","date_ts":1762041600000,"profit_abs":0.0,"wins":0,"draws":0,"losses":0,"trades":0,"profit_factor":0.0},{"date":"03/11/2025","date_ts":1762128000000,"profit_abs":0.0,"wins":0,"draws":0,"losses":0,"trades":0,"profit_factor":0.0},{"date":"04/11/2025","date_ts":1762214400000,"profit_abs":-66.0309825,"wins":0,"draws":0,"losses":2,"trades":2,"profit_factor":0.0},{"date":"05/11/2025","date_ts":1762300800000,"profit_abs":6.1607881,"wins":2,"draws":0,"losses":0,"trades":2,"profit_factor":0.0},{"date":"06/11/2025","date_ts":1762387200000,"profit_abs":0.0,"wins":0,"draws":0,"losses":0,"trades":0,"profit_factor":0.0},{"date":"07/11/2025","date_ts":1762473600000,"profit_abs":6.09792751,"wins":2,"draws":0,"losses":0,"trades":2,"profit_factor":0.0},{"date":"08/11/2025","date_ts":1762560000000,"profit_abs":0.0,"wins":0,"draws":0,"losses":0,"trades":0,"profit_factor":0.0},{"date":"09/11/2025","date_ts":1762646400000,"profit_abs":0.0,"wins":0,"draws":0,"losses":0,"trades":0,"profit_factor":0.0},{"date":"10/11/2025","date_ts":1762732800000,"profit_abs":0.0,"wins":0,"draws":0,"losses":0,"trades":0,"profit_factor":0.0},{"date":"11/11/2025","date_ts":1762819200000,"profit_abs":0.0,"wins":0,"draws":0,"losses":0,"trades":0,"profit_factor":0.0},{"date":"12/11/2025","date_ts":1762905600000,"profit_abs":6.13408243,"wins":2,"draws":0,"losses":0,"trades":2,"profit_factor":0.0},{"date":"13/11/2025","date_ts":1762992000000,"profit_abs":3.08385565,"wins":1,"draws":0,"losses":0,"trades":1,"profit_factor":0.0},{"date":"14/11/2025","date_ts":1763078400000,"profit_abs":0.0,"wins":0,"draws":0,"losses":0,"trades":0,"profit_factor":0.0},{"date":"15/11/2025","date_ts":1763164800000,"profit_abs":0.0,"wins":0,"draws":0,"losses":0,"trades":0,"profit_factor":0.0},{"date":"16/11/2025","date_ts":1763251200000,"profit_abs":0.0,"wins":0,"draws":0,"losses":0,"trades":0,"profit_factor":0.0},{"date":"17/11/2025","date_ts":1763337600000,"profit_abs":-28.57418635,"wins":1,"draws":0,"losses":1,"trades":2,"profit_factor":0.09484803},{"date":"18/11/2025","date_ts":1763424000000,"profit_abs":-28.68251059,"wins":1,"draws":0,"losses":1,"trades":2,"profit_factor":0.09184129},{"date":"19/11/2025","date_ts":1763510400000,"profit_abs":5.81767375,"wins":2,"draws":0,"losses":0,"trades":2,"profit_factor":0.0},{"date":"20/11/2025","date_ts":1763596800000,"profit_abs":2.9313536,"wins":1,"draws":0,"losses":0,"trades":1,"profit_factor":0.0},{"date":"21/11/2025","date_ts":1763683200000,"profit_abs":8.85000519,"wins":3,"draws":0,"losses":0,"trades":3,"profit_factor":0.0},{"date":"22/11/2025","date_ts":1763769600000,"profit_abs":0.0,"wins":0,"draws":0,"losses":0,"trades":0,"profit_factor":0.0},{"date":"23/11/2025","date_ts":1763856000000,"profit_abs":0.0,"wins":0,"draws":0,"losses":0,"trades":0,"profit_factor":0.0},{"date":"24/11/2025","date_ts":1763942400000,"profit_abs":2.92634073,"wins":1,"draws":0,"losses":0,"trades":1,"profit_factor":0.0},{"date":"25/11/2025","date_ts":1764028800000,"profit_abs":0.0,"wins":0,"draws":0,"losses":0,"trades":0,"profit_factor":0.0},{"date":"26/11/2025","date_ts":1764115200000,"profit_abs":0.0,"wins":0,"draws":0,"losses":0,"trades":0,"profit_factor":0.0},{"date":"27/11/2025","date_ts":1764201600000,"profit_abs":0.0,"wins":0,"draws":0,"losses":0,"trades":0,"profit_factor":0.0},{"date":"28/11/2025","date_ts":1764288000000,"profit_abs":0.0,"wins":0,"draws":0,"losses":0,"trades":0,"profit_factor":0.0},{"date":"29/11/2025","date_ts":1764374400000,"profit_abs":0.0,"wins":0,"draws":0,"losses":0,"trades":0,"profit_factor":0.0},{"date":"30/11/2025","date_ts":1764460800000,"profit_abs":0.0,"wins":0,"draws":0,"losses":0,"trades":0,"profit_factor":0.0},{"date":"01/12/2025","date_ts":1764547200000,"profit_abs":2.97822,"wins":1,"draws":0,"losses":0,"trades":1,"profit_factor":0.0},{"date":"02/12/2025","date_ts":1764633600000,"profit_abs":5.96372976,"wins":2,"draws":0,"losses":0,"trades":2,"profit_factor":0.0},{"date":"03/12/2025","date_ts":1764720000000,"profit_abs":0.0,"wins":0,"draws":0,"losses":0,"trades":0,"profit_factor":0.0},{"date":"04/12/2025","date_ts":1764806400000,"profit_abs":0.0,"wins":0,"draws":0,"losses":0,"trades":0,"profit_factor":0.0},{"date":"05/12/2025","date_ts":1764892800000,"profit_abs":3.00657941,"wins":1,"draws":0,"losses":0,"trades":1,"profit_factor":0.0},{"date":"06/12/2025","date_ts":1764979200000,"profit_abs":3.01068883,"wins":1,"draws":0,"losses":0,"trades":1,"profit_factor":0.0},{"date":"07/12/2025","date_ts":1765065600000,"profit_abs":3.01760615,"wins":1,"draws":0,"losses":0,"trades":1,"profit_factor":0.0},{"date":"08/12/2025","date_ts":1765152000000,"profit_abs":0.0,"wins":0,"draws":0,"losses":0,"trades":0,"profit_factor":0.0},{"date":"09/12/2025","date_ts":1765238400000,"profit_abs":0.0,"wins":0,"draws":0,"losses":0,"trades":0,"profit_factor":0.0},{"date":"10/12/2025","date_ts":1765324800000,"profit_abs":0.0,"wins":0,"draws":0,"losses":0,"trades":0,"profit_factor":0.0},{"date":"11/12/2025","date_ts":1765411200000,"profit_abs":6.0737253,"wins":2,"draws":0,"losses":0,"trades":2,"profit_factor":0.0},{"date":"12/12/2025","date_ts":1765497600000,"profit_abs":0.0,"wins":0,"draws":0,"losses":0,"trades":0,"profit_factor":0.0},{"date":"13/12/2025","date_ts":1765584000000,"profit_abs":3.0591144,"wins":1,"draws":0,"losses":0,"trades":1,"profit_factor":0.0},{"date":"14/12/2025","date_ts":1765670400000,"profit_abs":0.0,"wins":0,"draws":0,"losses":0,"trades":0,"profit_factor":0.0},{"date":"15/12/2025","date_ts":1765756800000,"profit_abs":0.0,"wins":0,"draws":0,"losses":0,"trades":0,"profit_factor":0.0},{"date":"16/12/2025","date_ts":1765843200000,"profit_abs":0.0,"wins":0,"draws":0,"losses":0,"trades":0,"profit_factor":0.0},{"date":"17/12/2025","date_ts":1765929600000,"profit_abs":0.4692382,"wins":1,"draws":0,"losses":0,"trades":1,"profit_factor":0.0},{"date":"18/12/2025","date_ts":1766016000000,"profit_abs":-5.38287667,"wins":0,"draws":0,"losses":1,"trades":1,"profit_factor":0.0},{"date":"19/12/2025","date_ts":1766102400000,"profit_abs":0.0,"wins":0,"draws":0,"losses":0,"trades":0,"profit_factor":0.0},{"date":"20/12/2025","date_ts":1766188800000,"profit_abs":0.0,"wins":0,"draws":0,"losses":0,"trades":0,"profit_factor":0.0},{"date":"21/12/2025","date_ts":1766275200000,"profit_abs":0.0,"wins":0,"draws":0,"losses":0,"trades":0,"profit_factor":0.0},{"date":"22/12/2025","date_ts":1766361600000,"profit_abs":0.0,"wins":0,"draws":0,"losses":0,"trades":0,"profit_factor":0.0},{"date":"23/12/2025","date_ts":1766448000000,"profit_abs":6.10066825,"wins":2,"draws":0,"losses":0,"trades":2,"profit_factor":0.0}],"week":[{"date":"13/10/2025","date_ts":1760313600000,"profit_abs":-39.11820782,"wins":9,"draws":0,"losses":2,"trades":11,"profit_factor":0.42474194},{"date":"20/10/2025","date_ts":1760918400000,"profit_abs":10.54734097,"wins":4,"draws":0,"losses":0,"trades":4,"profit_factor":0.0},{"date":"27/10/2025","date_ts":1761523200000,"profit_abs":9.62925887,"wins":3,"draws":0,"losses":0,"trades":3,"profit_factor":0.0},{"date":"03/11/2025","date_ts":1762128000000,"profit_abs":3.23557812,"wins":1,"draws":0,"losses":0,"trades":1,"profit_factor":0.0},{"date":"10/11/2025","date_ts":1762732800000,"profit_abs":-53.77226689,"wins":4,"draws":0,"losses":2,"trades":6,"profit_factor":0.18565096},{"date":"17/11/2025","date_ts":1763337600000,"profit_abs":-19.35624827,"wins":4,"draws":0,"losses":1,"trades":5,"profit_factor":0.38684706},{"date":"24/11/2025","date_ts":1763942400000,"profit_abs":-8.15713732,"wins":8,"draws":0,"losses":1,"trades":9,"profit_factor":0.74172501},{"date":"01/12/2025","date_ts":1764547200000,"profit_abs":2.97822,"wins":1,"draws":0,"losses":0,"trades":1,"profit_factor":0.0},{"date":"08/12/2025","date_ts":1765152000000,"profit_abs":14.99860415,"wins":5,"draws":0,"losses":0,"trades":5,"profit_factor":0.0},{"date":"15/12/2025","date_ts":1765756800000,"profit_abs":9.1328397,"wins":3,"draws":0,"losses":0,"trades":3,"profit_factor":0.0},{"date":"22/12/2025","date_ts":1766361600000,"profit_abs":-4.91363847,"wins":1,"draws":0,"losses":1,"trades":2,"profit_factor":0.08717239},{"date":"29/12/2025","date_ts":1766966400000,"profit_abs":6.10066825,"wins":2,"draws":0,"losses":0,"trades":2,"profit_factor":0.0}],"month":[{"date":"31/10/2025","date_ts":1761868800000,"profit_abs":-15.70602986,"wins":17,"draws":0,"losses":2,"trades":19,"profit_factor":0.76903287},{"date":"30/11/2025","date_ts":1764460800000,"profit_abs":-81.28565248,"wins":16,"draws":0,"losses":4,"trades":20,"profit_factor":0.37076893},{"date":"31/12/2025","date_ts":1767139200000,"profit_abs":28.29669363,"wins":12,"draws":0,"losses":1,"trades":13,"profit_factor":6.25679769}],"year":[{"date":"31/12/2025","date_ts":1767139200000,"profit_abs":-68.69498871,"wins":45,"draws":0,"losses":7,"trades":52,"profit_factor":0.66087692}],"weekday":[{"date":"Monday","date_ts":0,"profit_abs":-22.66962562,"wins":3,"draws":0,"losses":1,"trades":4,"profit_factor":0.28188834},{"date":"Tuesday","date_ts":1,"profit_abs":-69.90509707,"wins":9,"draws":0,"losses":3,"trades":12,"profit_factor":0.28386293},{"date":"Wednesday","date_ts":2,"profit_abs":28.40157254,"wins":10,"draws":0,"losses":0,"trades":10,"profit_factor":0.0},{"date":"Thursday","date_ts":3,"profit_abs":13.35768941,"wins":6,"draws":0,"losses":1,"trades":7,"profit_factor":3.48151504},{"date":"Friday","date_ts":4,"profit_abs":-37.37877701,"wins":10,"draws":0,"losses":2,"trades":12,"profit_factor":0.45032138},{"date":"Saturday","date_ts":5,"profit_abs":9.20634391,"wins":3,"draws":0,"losses":0,"trades":3,"profit_factor":0.0},{"date":"Sunday","date_ts":6,"profit_abs":10.29290513,"wins":4,"draws":0,"losses":0,"trades":4,"profit_factor":0.0}]},"backtest_best_day":0.02997002997002997,"backtest_worst_day":-0.20359640361349135,"backtest_best_day_abs":8.85000519,"backtest_worst_day_abs":-66.0309825,"winning_days":27,"draw_days":45,"losing_days":5,"daily_profit":[["2025-10-08",6.59562058],["2025-10-09",6.65163153],["2025-10-10",-61.75812725],["2025-10-11",3.13654068],["2025-10-12",6.25612664],["2025-10-13",0.0],["2025-10-14",6.33890862],["2025-10-15",0.0],["2025-10-16",0.0],["2025-10-17",3.18926001],["2025-10-18",0.0],["2025-10-19",1.01917234],["2025-10-20",0.0],["2025-10-21",6.40508939],["2025-10-22",3.22416948],["2025-10-23",0.0],["2025-10-24",0.0],["2025-10-25",0.0],["2025-10-26",0.0],["2025-10-27",0.0],["2025-10-28",0.0],["2025-10-29",0.0],["2025-10-30",0.0],["2025-10-31",3.23557812],["2025-11-01",0.0],["2025-11-02",0.0],["2025-11-03",0.0],["2025-11-04",-66.0309825],["2025-11-05",6.1607881],["2025-11-06",0.0],["2025-11-07",6.09792751],["2025-11-08",0.0],["2025-11-09",0.0],["2025-11-10",0.0],["2025-11-11",0.0],["2025-11-12",6.13408243],["2025-11-13",3.08385565],["2025-11-14",0.0],["2025-11-15",0.0],["2025-11-16",0.0],["2025-11-17",-28.57418635],["2025-11-18",-28.68251059],["2025-11-19",5.81767375],["2025-11-20",2.9313536],["2025-11-21",8.85000519],["2025-11-22",0.0],["2025-11-23",0.0],["2025-11-24",2.92634073],["2025-11-25",0.0],["2025-11-26",0.0],["2025-11-27",0.0],["2025-11-28",0.0],["2025-11-29",0.0],["2025-11-30",0.0],["2025-12-01",2.97822],["2025-12-02",5.96372976],["2025-12-03",0.0],["2025-12-04",0.0],["2025-12-05",3.00657941],["2025-12-06",3.01068883],["2025-12-07",3.01760615],["2025-12-08",0.0],["2025-12-09",0.0],["2025-12-10",0.0],["2025-12-11",6.0737253],["2025-12-12",0.0],["2025-12-13",3.0591144],["2025-12-14",0.0],["2025-12-15",0.0],["2025-12-16",0.0],["2025-12-17",0.4692382],["2025-12-18",-5.38287667],["2025-12-19",0.0],["2025-12-20",0.0],["2025-12-21",0.0],["2025-12-22",0.0],["2025-12-23",6.10066825]],"wins":45,"losses":7,"draws":0,"winrate":0.8653846153846154,"holding_avg":"21:47:00","holding_avg_s":78420.0,"winner_holding_min":"0d 00:00","winner_holding_min_s":0.0,"winner_holding_max":"4d 03:00","winner_holding_max_s":356400.0,"winner_holding_avg":"0d 14:47","winner_holding_avg_s":53220.0,"loser_holding_min":"0d 04:00","loser_holding_min_s":14400.0,"loser_holding_max":"6d 03:00","loser_holding_max_s":529200.0,"loser_holding_avg":"2d 18:51","loser_holding_avg_s":240660.0,"max_consecutive_wins":18,"max_consecutive_losses":2,"max_drawdown_account":0.13191740182038916,"max_relative_drawdown":0.13191740182038916,"max_drawdown_abs":133.6649449,"drawdown_start":"2025-10-09 17:00:00","drawdown_start_ts":1760029200000.0,"drawdown_end":"2025-11-18 04:00:00","drawdown_end_ts":1763438400000.0,"drawdown_duration":"39 days 11:00:00","drawdown_duration_s":3409200.0,"max_drawdown_low":-120.41769278999999,"max_drawdown_high":13.24725211,"csum_min":879.58230721,"csum_max":1013.24725211}},"strategy_comparison":[{"key":"MyStrategy","trades":52,"profit_mean":-0.0037312635100081055,"profit_mean_pct":-0.37,"profit_total_abs":-68.69498870999999,"profit_total":-0.06869498870999999,"profit_total_pct":-6.87,"duration_avg":"21:47:00","wins":45,"draws":0,"losses":7,"winrate":0.8653846153846154,"cagr":-0.23706949561221013,"expectancy":-1.3210574751923079,"expectancy_ratio":-0.045651183799514716,"sortino":-1.4151378610668273,"sharpe":-1.1925317356065084,"calmar":-10.36330229512493,"sqn":-0.823,"profit_factor":0.6608769203464622,"max_drawdown_account":0.13191740182038916,"max_drawdown_abs":"133.665"}]}