{"strategy":{"ACO_4_22":{"trades":[{"pair":"DOGE/USDT","stake_amount":329.96682,"max_stake_amount":329.96682,"amount":1278.0,"open_date":"2025-10-04 00:00:00+00:00","close_date":"2025-10-05 03:00:00+00:00","open_rate":0.25819,"close_rate":0.25870689689689685,"fee_open":0.001,"fee_close":0.001,"trade_duration":1620,"profit_ratio":0.0,"profit_abs":0.0,"exit_reason":"roi","initial_stop_loss_abs":0.24529,"initial_stop_loss_ratio":-0.05,"stop_loss_abs":0.24529,"stop_loss_ratio":-0.05,"min_rate":0.2467,"max_rate":0.25979,"is_open":false,"enter_tag":"","leverage":1.0,"is_short":false,"open_timestamp":1759536000000,"close_timestamp":1759633200000,"orders":[{"amount":1278.0,"safe_price":0.25819,"ft_order_side":"buy","order_filled_timestamp":1759536000000,"ft_is_entry":true,"ft_order_tag":"","cost":330.29678681999997},{"amount":1278.0,"safe_price":0.25870689689689685,"ft_order_side":"sell","order_filled_timestamp":1759633200000,"ft_is_entry":false,"ft_order_tag":"roi","cost":330.95804164846834}],"funding_fees":0.0,"weekday":6},{"pair":"DOGE/USDT","stake_amount":329.9625,"max_stake_amount":329.9625,"amount":1257.0,"open_date":"2025-10-05 05:00:00+00:00","close_date":"2025-10-05 07:00:00+00:00","open_rate":0.2625,"close_rate":0.26302552552552555,"fee_open":0.001,"fee_close":0.001,"trade_duration":120,"profit_ratio":0.0,"profit_abs":0.0,"exit_reason":"roi","initial_stop_loss_abs":0.24938,"initial_stop_loss_ratio":-0.05,"stop_loss_abs":0.24938,"stop_loss_ratio":-0.05,"min_rate":0.26035,"max_rate":0.26422,"is_open":false,"enter_tag":"","leverage":1.0,"is_short":false,"open_timestamp":1759640400000,"close_timestamp":1759647600000,"orders":[{"amount":1257.0,"safe_price":0.2625,"ft_order_side":"buy","order_filled_timestamp":1759640400000,"ft_is_entry":true,"ft_order_tag":"","cost":330.2924625},{"amount":1257.0,"safe_price":0.26302552552552555,"ft_order_side":"sell","order_filled_timestamp":1759647600000,"ft_is_entry":false,"ft_order_tag":"roi","cost":330.95370867117117}],"funding_fees":0.0,"weekday":6},{"pair":"DOGE/USDT","stake_amount":329.80041,"max_stake_amount":329.80041,"amount":1269.0,"open_date":"2025-10-06 12:00:00+00:00","close_date":"2025-10-06 14:00:00+00:00","open_rate":0.25989,"close_rate":0.26213,"fee_open":0.001,"fee_close":0.001,"trade_duration":120,"profit_ratio":0.006603808289136697,"profit_abs":2.18011662,"exit_reason":"roi","initial_stop_loss_abs":0.2469,"initial_stop_loss_ratio":-0.05,"stop_loss_abs":0.2469,"stop_loss_ratio":-0.05,"min_rate":0.25928,"max_rate":0.26522,"is_open":false,"enter_tag":"","leverage":1.0,"is_short":false,"open_timestamp":1759752000000,"close_timestamp":1759759200000,"orders":[{"amount":1269.0,"safe_price":0.25989,"ft_order_side":"buy","order_filled_timestamp":1759752000000,"ft_is_entry":true,"ft_order_tag":"","cost":330.13021040999996},{"amount":1269.0,"safe_price":0.26213,"ft_order_side":"sell","order_filled_timestamp":1759759200000,"ft_is_entry":false,"ft_order_tag":"roi","cost":332.97561296999993}],"funding_fees":0.0,"weekday":0},{"pair":"DOGE/USDT","stake_amount":330.5652,"max_stake_amount":330.5652,"amount":1288.0,"open_date":"2025-10-08 17:00:00+00:00","close_date":"2025-10-08 19:00:00+00:00","open_rate":0.25665,"close_rate":0.25855,"fee_open":0.001,"fee_close":0.001,"trade_duration":120,"profit_ratio":0.00539028475907494,"profit_abs":1.7836224,"exit_reason":"roi","initial_stop_loss_abs":0.24382,"initial_stop_loss_ratio":-0.05,"stop_loss_abs":0.24382,"stop_loss_ratio":-0.05,"min_rate":0.25663,"max_rate":0.2611,"is_open":false,"enter_tag":"","leverage":1.0,"is_short":false,"open_timestamp":1759942800000,"close_timestamp":1759950000000,"orders":[{"amount":1288.0,"safe_price":0.25665,"ft_order_side":"buy","order_filled_timestamp":1759942800000,"ft_is_entry":true,"ft_order_tag":"","cost":330.89576519999997},{"amount":1288.0,"safe_price":0.25855,"ft_order_side":"sell","order_filled_timestamp":1759950000000,"ft_is_entry":false,"ft_order_tag":"roi","cost":333.3454124}],"funding_fees":0.0,"weekday":2},{"pair":"DOGE/USDT","stake_amount":331.18704,"max_stake_amount":331.18704,"amount":1318.0,"open_date":"2025-10-10 04:00:00+00:00","close_date":"2025-10-10 06:00:00+00:00","open_rate":0.25128,"close_rate":0.25199,"fee_open":0.001,"fee_close":0.001,"trade_duration":120,"profit_ratio":0.0008218858505391458,"profit_abs":0.27247014,"exit_reason":"roi","initial_stop_loss_abs":0.23872,"initial_stop_loss_ratio":-0.05,"stop_loss_abs":0.23872,"stop_loss_ratio":-0.05,"min_rate":0.24856,"max_rate":0.25296,"is_open":false,"enter_tag":"","leverage":1.0,"is_short":false,"open_timestamp":1760068800000,"close_timestamp":1760076000000,"orders":[{"amount":1318.0,"safe_price":0.25128,"ft_order_side":"buy","order_filled_timestamp":1760068800000,"ft_is_entry":true,"ft_order_tag":"","cost":331.51822704},{"amount":1318.0,"safe_price":0.25199,"ft_order_side":"sell","order_filled_timestamp":1760076000000,"ft_is_entry":false,"ft_order_tag":"roi","cost":332.4549428199999}],"funding_fees":0.0,"weekday":4},{"pair":"DOGE/USDT","stake_amount":331.22224,"max_stake_amount":331.22224,"amount":1772.0,"open_date":"2025-10-12 14:00:00+00:00","close_date":"2025-10-12 15:00:00+00:00","open_rate":0.18692,"close_rate":0.19664956956956955,"fee_open":0.001,"fee_close":0.001,"trade_duration":60,"profit_ratio":0.04995004995004996,"profit_abs":16.561112,"exit_reason":"roi","initial_stop_loss_abs":0.17758,"initial_stop_loss_ratio":-0.05,"stop_loss_abs":0.17758,"stop_loss_ratio":-0.05,"min_rate":0.18682,"max_rate":0.20676,"is_open":false,"enter_tag":"","leverage":1.0,"is_short":false,"open_timestamp":1760277600000,"close_timestamp":1760281200000,"orders":[{"amount":1772.0,"safe_price":0.18692,"ft_order_side":"buy","order_filled_timestamp":1760277600000,"ft_is_entry":true,"ft_order_tag":"","cost":331.55346224},{"amount":1772.0,"safe_price":0.19664956956956955,"ft_order_side":"sell","order_filled_timestamp":1760281200000,"ft_is_entry":false,"ft_order_tag":"roi","cost":348.81150031455445}],"funding_fees":0.0,"weekday":6},{"pair":"DOGE/USDT","stake_amount":336.7485,"max_stake_amount":336.7485,"amount":1650.0,"open_date":"2025-10-15 02:00:00+00:00","close_date":"2025-10-15 05:00:00+00:00","open_rate":0.20409,"close_rate":0.20449858858858858,"fee_open":0.001,"fee_close":0.001,"trade_duration":180,"profit_ratio":0.0,"profit_abs":0.0,"exit_reason":"roi","initial_stop_loss_abs":0.19389,"initial_stop_loss_ratio":-0.05,"stop_loss_abs":0.19389,"stop_loss_ratio":-0.05,"min_rate":0.2015,"max_rate":0.20682,"is_open":false,"enter_tag":"","leverage":1.0,"is_short":false,"open_timestamp":1760493600000,"close_timestamp":1760504400000,"orders":[{"amount":1650.0,"safe_price":0.20409,"ft_order_side":"buy","order_filled_timestamp":1760493600000,"ft_is_entry":true,"ft_order_tag":"","cost":337.0852484999999},{"amount":1650.0,"safe_price":0.20449858858858858,"ft_order_side":"sell","order_filled_timestamp":1760504400000,"ft_is_entry":false,"ft_order_tag":"roi","cost":337.76009384234226}],"funding_fees":0.0,"weekday":2},{"pair":"DOGE/USDT","stake_amount":336.6781,"max_stake_amount":336.6781,"amount":1810.0,"open_date":"2025-10-18 01:00:00+00:00","close_date":"2025-10-18 03:00:00+00:00","open_rate":0.18601,"close_rate":0.18638239239239238,"fee_open":0.001,"fee_close":0.001,"trade_duration":120,"profit_ratio":0.0,"profit_abs":0.0,"exit_reason":"roi","initial_stop_loss_abs":0.17671,"initial_stop_loss_ratio":-0.05,"stop_loss_abs":0.17671,"stop_loss_ratio":-0.05,"min_rate":0.18568,"max_rate":0.18854,"is_open":false,"enter_tag":"","leverage":1.0,"is_short":false,"open_timestamp":1760749200000,"close_timestamp":1760756400000,"orders":[{"amount":1810.0,"safe_price":0.18601,"ft_order_side":"buy","order_filled_timestamp":1760749200000,"ft_is_entry":true,"ft_order_tag":"","cost":337.0147781},{"amount":1810.0,"safe_price":0.18638239239239238,"ft_order_side":"sell","order_filled_timestamp":1760756400000,"ft_is_entry":false,"ft_order_tag":"roi","cost":337.68948236046043}],"funding_fees":0.0,"weekday":5},{"pair":"DOGE/USDT","stake_amount":336.67308,"max_stake_amount":336.67308,"amount":1671.0,"open_date":"2025-10-21 20:00:00+00:00","close_date":"2025-10-22 04:00:00+00:00","open_rate":0.20148,"close_rate":0.1938,"fee_open":0.001,"fee_close":0.001,"trade_duration":480,"profit_ratio":-0.04003976964072259,"profit_abs":-13.49379288,"exit_reason":"exit_signal","initial_stop_loss_abs":0.19141,"initial_stop_loss_ratio":-0.05,"stop_loss_abs":0.19141,"stop_loss_ratio":-0.05,"min_rate":0.19251,"max_rate":0.20177,"is_open":false,"enter_tag":"","leverage":1.0,"is_short":false,"open_timestamp":1761076800000,"close_timestamp":1761105600000,"orders":[{"amount":1671.0,"safe_price":0.20148,"ft_order_side":"buy","order_filled_timestamp":1761076800000,"ft_is_entry":true,"ft_order_tag":"","cost":337.00975307999994},{"amount":1671.0,"safe_price":0.1938,"ft_order_side":"sell","order_filled_timestamp":1761105600000,"ft_is_entry":false,"ft_order_tag":"exit_signal","cost":324.1636398}],"funding_fees":0.0,"weekday":2},{"pair":"DOGE/USDT","stake_amount":332.34464,"max_stake_amount":332.34464,"amount":1711.0,"open_date":"2025-10-23 09:00:00+00:00","close_date":"2025-10-23 11:00:00+00:00","open_rate":0.19424,"close_rate":0.1948,"fee_open":0.001,"fee_close":0.001,"trade_duration":120,"profit_ratio":0.000879269001180039,"profit_abs":0.29251256,"exit_reason":"roi","initial_stop_loss_abs":0.18453,"initial_stop_loss_ratio":-0.05,"stop_loss_abs":0.18453,"stop_loss_ratio":-0.05,"min_rate":0.19316,"max_rate":0.19598,"is_open":false,"enter_tag":"","leverage":1.0,"is_short":false,"open_timestamp":1761210000000,"close_timestamp":1761217200000,"orders":[{"amount":1711.0,"safe_price":0.19424,"ft_order_side":"buy","order_filled_timestamp":1761210000000,"ft_is_entry":true,"ft_order_tag":"","cost":332.67698463999994},{"amount":1711.0,"safe_price":0.1948,"ft_order_side":"sell","order_filled_timestamp":1761217200000,"ft_is_entry":false,"ft_order_tag":"roi","cost":333.63610279999995}],"funding_fees":0.0,"weekday":3},{"pair":"DOGE/USDT","stake_amount":332.44545,"max_stake_amount":332.44545,"amount":1671.0,"open_date":"2025-10-25 03:00:00+00:00","close_date":"2025-10-25 06:00:00+00:00","open_rate":0.19895,"close_rate":0.19934829829829825,"fee_open":0.001,"fee_close":0.001,"trade_duration":180,"profit_ratio":0.0,"profit_abs":0.0,"exit_reason":"roi","initial_stop_loss_abs":0.18901,"initial_stop_loss_ratio":-0.05,"stop_loss_abs":0.18901,"stop_loss_ratio":-0.05,"min_rate":0.19778,"max_rate":0.1994,"is_open":false,"enter_tag":"","leverage":1.0,"is_short":false,"open_timestamp":1761361200000,"close_timestamp":1761372000000,"orders":[{"amount":1671.0,"safe_price":0.19895,"ft_order_side":"buy","order_filled_timestamp":1761361200000,"ft_is_entry":true,"ft_order_tag":"","cost":332.77789544999996},{"amount":1671.0,"safe_price":0.19934829829829825,"ft_order_side":"sell","order_filled_timestamp":1761372000000,"ft_is_entry":false,"ft_order_tag":"roi","cost":333.4441174629128}],"funding_fees":0.0,"weekday":5},{"pair":"DOGE/USDT","stake_amount":332.38455,"max_stake_amount":332.38455,"amount":1641.0,"open_date":"2025-10-26 13:00:00+00:00","close_date":"2025-10-26 15:00:00+00:00","open_rate":0.20255,"close_rate":0.20295550550550548,"fee_open":0.001,"fee_close":0.001,"trade_duration":120,"profit_ratio":0.0,"profit_abs":0.0,"exit_reason":"roi","initial_stop_loss_abs":0.19243,"initial_stop_loss_ratio":-0.05,"stop_loss_abs":0.19243,"stop_loss_ratio":-0.05,"min_rate":0.20163,"max_rate":0.20389,"is_open":false,"enter_tag":"","leverage":1.0,"is_short":false,"open_timestamp":1761483600000,"close_timestamp":1761490800000,"orders":[{"amount":1641.0,"safe_price":0.20255,"ft_order_side":"buy","order_filled_timestamp":1761483600000,"ft_is_entry":true,"ft_order_tag":"","cost":332.71693454999996},{"amount":1641.0,"safe_price":0.20295550550550548,"ft_order_side":"sell","order_filled_timestamp":1761490800000,"ft_is_entry":false,"ft_order_tag":"roi","cost":333.383034519069}],"funding_fees":0.0,"weekday":6},{"pair":"DOGE/USDT","stake_amount":332.46688,"max_stake_amount":332.46688,"amount":1696.0,"open_date":"2025-10-29 21:00:00+00:00","close_date":"2025-10-30 04:00:00+00:00","open_rate":0.19603,"close_rate":0.18623,"fee_open":0.001,"fee_close":0.001,"trade_duration":420,"profit_ratio":-0.051890465296576614,"profit_abs":-17.26911296,"exit_reason":"stop_loss","initial_stop_loss_abs":0.18623,"initial_stop_loss_ratio":-0.05,"stop_loss_abs":0.18623,"stop_loss_ratio":-0.05,"min_rate":0.1858,"max_rate":0.19691,"is_open":false,"enter_tag":"","leverage":1.0,"is_short":false,"open_timestamp":1761771600000,"close_timestamp":1761796800000,"orders":[{"amount":1696.0,"safe_price":0.19603,"ft_order_side":"buy","order_filled_timestamp":1761771600000,"ft_is_entry":true,"ft_order_tag":"","cost":332.79934688},{"amount":1696.0,"safe_price":0.18623,"ft_order_side":"sell","order_filled_timestamp":1761796800000,"ft_is_entry":false,"ft_order_tag":"stop_loss","cost":316.16192608}],"funding_fees":0.0,"weekday":3},{"pair":"DOGE/USDT","stake_amount":326.67516,"max_stake_amount":326.67516,"amount":1764.0,"open_date":"2025-10-31 10:00:00+00:00","close_date":"2025-10-31 12:00:00+00:00","open_rate":0.18519,"close_rate":0.18673,"fee_open":0.001,"fee_close":0.001,"trade_duration":120,"profit_ratio":0.006301166838992856,"profit_abs":2.06049312,"exit_reason":"roi","initial_stop_loss_abs":0.17594,"initial_stop_loss_ratio":-0.05,"stop_loss_abs":0.17594,"stop_loss_ratio":-0.05,"min_rate":0.18485,"max_rate":0.18734,"is_open":false,"enter_tag":"","leverage":1.0,"is_short":false,"open_timestamp":1761904800000,"close_timestamp":1761912000000,"orders":[{"amount":1764.0,"safe_price":0.18519,"ft_order_side":"buy","order_filled_timestamp":1761904800000,"ft_is_entry":true,"ft_order_tag":"","cost":327.00183516},{"amount":1764.0,"safe_price":0.18673,"ft_order_side":"sell","order_filled_timestamp":1761912000000,"ft_is_entry":false,"ft_order_tag":"roi","cost":329.72111172}],"funding_fees":0.0,"weekday":4},{"pair":"DOGE/USDT","stake_amount":327.47124,"max_stake_amount":327.47124,"amount":2011.0,"open_date":"2025-11-05 09:00:00+00:00","close_date":"2025-11-05 11:00:00+00:00","open_rate":0.16284,"close_rate":0.16316600600600598,"fee_open":0.001,"fee_close":0.001,"trade_duration":120,"profit_ratio":0.0,"profit_abs":0.0,"exit_reason":"roi","initial_stop_loss_abs":0.1547,"initial_stop_loss_ratio":-0.05,"stop_loss_abs":0.1547,"stop_loss_ratio":-0.05,"min_rate":0.161,"max_rate":0.1642,"is_open":false,"enter_tag":"","leverage":1.0,"is_short":false,"open_timestamp":1762333200000,"close_timestamp":1762340400000,"orders":[{"amount":2011.0,"safe_price":0.16284,"ft_order_side":"buy","order_filled_timestamp":1762333200000,"ft_is_entry":true,"ft_order_tag":"","cost":327.79871124},{"amount":2011.0,"safe_price":0.16316600600600598,"ft_order_side":"sell","order_filled_timestamp":1762340400000,"ft_is_entry":false,"ft_order_tag":"roi","cost":328.4549649161561}],"funding_fees":0.0,"weekday":2},{"pair":"DOGE/USDT","stake_amount":327.4731,"max_stake_amount":327.4731,"amount":1970.0,"open_date":"2025-11-07 06:00:00+00:00","close_date":"2025-11-07 08:00:00+00:00","open_rate":0.16623,"close_rate":0.16701,"fee_open":0.001,"fee_close":0.001,"trade_duration":120,"profit_ratio":0.002684916599372474,"profit_abs":0.8801172,"exit_reason":"roi","initial_stop_loss_abs":0.15792,"initial_stop_loss_ratio":-0.05,"stop_loss_abs":0.15792,"stop_loss_ratio":-0.05,"min_rate":0.16535,"max_rate":0.16735,"is_open":false,"enter_tag":"","leverage":1.0,"is_short":false,"open_timestamp":1762495200000,"close_timestamp":1762502400000,"orders":[{"amount":1970.0,"safe_price":0.16623,"ft_order_side":"buy","order_filled_timestamp":1762495200000,"ft_is_entry":true,"ft_order_tag":"","cost":327.80057309999995},{"amount":1970.0,"safe_price":0.16701,"ft_order_side":"sell","order_filled_timestamp":1762502400000,"ft_is_entry":false,"ft_order_tag":"roi","cost":329.3387097}],"funding_fees":0.0,"weekday":4},{"pair":"DOGE/USDT","stake_amount":327.6488,"max_stake_amount":327.6488,"amount":1840.0,"open_date":"2025-11-09 16:00:00+00:00","close_date":"2025-11-09 18:00:00+00:00","open_rate":0.17807,"close_rate":0.17842649649649647,"fee_open":0.001,"fee_close":0.001,"trade_duration":120,"profit_ratio":0.0,"profit_abs":0.0,"exit_reason":"roi","initial_stop_loss_abs":0.16917,"initial_stop_loss_ratio":-0.05,"stop_loss_abs":0.16917,"stop_loss_ratio":-0.05,"min_rate":0.17654,"max_rate":0.17918,"is_open":false,"enter_tag":"","leverage":1.0,"is_short":false,"open_timestamp":1762704000000,"close_timestamp":1762711200000,"orders":[{"amount":1840.0,"safe_price":0.17807,"ft_order_side":"buy","order_filled_timestamp":1762704000000,"ft_is_entry":true,"ft_order_tag":"","cost":327.97644879999996},{"amount":1840.0,"safe_price":0.17842649649649647,"ft_order_side":"sell","order_filled_timestamp":1762711200000,"ft_is_entry":false,"ft_order_tag":"roi","cost":328.63305830710704}],"funding_fees":0.0,"weekday":6},{"pair":"DOGE/USDT","stake_amount":327.64032,"max_stake_amount":327.64032,"amount":1912.0,"open_date":"2025-11-12 16:00:00+00:00","close_date":"2025-11-13 00:00:00+00:00","open_rate":0.17136,"close_rate":0.17170306306306304,"fee_open":0.001,"fee_close":0.001,"trade_duration":480,"profit_ratio":0.0,"profit_abs":0.0,"exit_reason":"roi","initial_stop_loss_abs":0.1628,"initial_stop_loss_ratio":-0.05,"stop_loss_abs":0.1628,"stop_loss_ratio":-0.05,"min_rate":0.16721,"max_rate":0.17181,"is_open":false,"enter_tag":"","leverage":1.0,"is_short":false,"open_timestamp":1762963200000,"close_timestamp":1762992000000,"orders":[{"amount":1912.0,"safe_price":0.17136,"ft_order_side":"buy","order_filled_timestamp":1762963200000,"ft_is_entry":true,"ft_order_tag":"","cost":327.96796032},{"amount":1912.0,"safe_price":0.17170306306306304,"ft_order_side":"sell","order_filled_timestamp":1762992000000,"ft_is_entry":false,"ft_order_tag":"roi","cost":328.6245528331531}],"funding_fees":0.0,"weekday":3},{"pair":"DOGE/USDT","stake_amount":327.69584,"max_stake_amount":327.69584,"amount":1867.0,"open_date":"2025-11-13 09:00:00+00:00","close_date":"2025-11-13 11:00:00+00:00","open_rate":0.17552,"close_rate":0.17597,"fee_open":0.001,"fee_close":0.001,"trade_duration":120,"profit_ratio":0.0005606858956904536,"profit_abs":0.18391817,"exit_reason":"roi","initial_stop_loss_abs":0.16675,"initial_stop_loss_ratio":-0.05,"stop_loss_abs":0.16675,"stop_loss_ratio":-0.05,"min_rate":0.17421,"max_rate":0.17687,"is_open":false,"enter_tag":"","leverage":1.0,"is_short":false,"open_timestamp":1763024400000,"close_timestamp":1763031600000,"orders":[{"amount":1867.0,"safe_price":0.17552,"ft_order_side":"buy","order_filled_timestamp":1763024400000,"ft_is_entry":true,"ft_order_tag":"","cost":328.02353584},{"amount":1867.0,"safe_price":0.17597,"ft_order_side":"sell","order_filled_timestamp":1763031600000,"ft_is_entry":false,"ft_order_tag":"roi","cost":328.86452598999995}],"funding_fees":0.0,"weekday":3},{"pair":"DOGE/USDT","stake_amount":327.7868,"max_stake_amount":327.7868,"amount":2024.0,"open_date":"2025-11-15 11:00:00+00:00","close_date":"2025-11-15 13:00:00+00:00","open_rate":0.16195,"close_rate":0.16306,"fee_open":0.001,"fee_close":0.001,"trade_duration":120,"profit_ratio":0.004842271035540563,"profit_abs":1.58881976,"exit_reason":"roi","initial_stop_loss_abs":0.15386,"initial_stop_loss_ratio":-0.05,"stop_loss_abs":0.15386,"stop_loss_ratio":-0.05,"min_rate":0.16134,"max_rate":0.16385,"is_open":false,"enter_tag":"","leverage":1.0,"is_short":false,"open_timestamp":1763204400000,"close_timestamp":1763211600000,"orders":[{"amount":2024.0,"safe_price":0.16195,"ft_order_side":"buy","order_filled_timestamp":1763204400000,"ft_is_entry":true,"ft_order_tag":"","cost":328.1145868},{"amount":2024.0,"safe_price":0.16306,"ft_order_side":"sell","order_filled_timestamp":1763211600000,"ft_is_entry":false,"ft_order_tag":"roi","cost":330.36347344}],"funding_fees":0.0,"weekday":5},{"pair":"DOGE/USDT","stake_amount":328.33056,"max_stake_amount":328.33056,"amount":2032.0,"open_date":"2025-11-17 09:00:00+00:00","close_date":"2025-11-17 11:00:00+00:00","open_rate":0.16158,"close_rate":0.16241,"fee_open":0.001,"fee_close":0.001,"trade_duration":120,"profit_ratio":0.0031285090698384426,"profit_abs":1.02821232,"exit_reason":"roi","initial_stop_loss_abs":0.15351,"initial_stop_loss_ratio":-0.05,"stop_loss_abs":0.15351,"stop_loss_ratio":-0.05,"min_rate":0.16114,"max_rate":0.16303,"is_open":false,"enter_tag":"","leverage":1.0,"is_short":false,"open_timestamp":1763370000000,"close_timestamp":1763377200000,"orders":[{"amount":2032.0,"safe_price":0.16158,"ft_order_side":"buy","order_filled_timestamp":1763370000000,"ft_is_entry":true,"ft_order_tag":"","cost":328.65889056},{"amount":2032.0,"safe_price":0.16241,"ft_order_side":"sell","order_filled_timestamp":1763377200000,"ft_is_entry":false,"ft_order_tag":"roi","cost":330.34713711999996}],"funding_fees":0.0,"weekday":0},{"pair":"DOGE/USDT","stake_amount":328.70145,"max_stake_amount":328.70145,"amount":2101.0,"open_date":"2025-11-18 14:00:00+00:00","close_date":"2025-11-18 16:00:00+00:00","open_rate":0.15645,"close_rate":0.15922,"fee_open":0.001,"fee_close":0.001,"trade_duration":120,"profit_ratio":0.01567195987138461,"profit_abs":5.15654733,"exit_reason":"roi","initial_stop_loss_abs":0.14863,"initial_stop_loss_ratio":-0.05,"stop_loss_abs":0.14863,"stop_loss_ratio":-0.05,"min_rate":0.15608,"max_rate":0.16142,"is_open":false,"enter_tag":"","leverage":1.0,"is_short":false,"open_timestamp":1763474400000,"close_timestamp":1763481600000,"orders":[{"amount":2101.0,"safe_price":0.15645,"ft_order_side":"buy","order_filled_timestamp":1763474400000,"ft_is_entry":true,"ft_order_tag":"","cost":329.03015145},{"amount":2101.0,"safe_price":0.15922,"ft_order_side":"sell","order_filled_timestamp":1763481600000,"ft_is_entry":false,"ft_order_tag":"roi","cost":334.85574121999997}],"funding_fees":0.0,"weekday":1},{"pair":"DOGE/USDT","stake_amount":330.36336,"max_stake_amount":330.36336,"amount":2088.0,"open_date":"2025-11-20 08:00:00+00:00","close_date":"2025-11-20 12:00:00+00:00","open_rate":0.15822,"close_rate":0.15853675675675674,"fee_open":0.001,"fee_close":0.001,"trade_duration":240,"profit_ratio":0.0,"profit_abs":0.0,"exit_reason":"roi","initial_stop_loss_abs":0.15031,"initial_stop_loss_ratio":-0.05,"stop_loss_abs":0.15031,"stop_loss_ratio":-0.05,"min_rate":0.15644,"max_rate":0.15925,"is_open":false,"enter_tag":"","leverage":1.0,"is_short":false,"open_timestamp":1763625600000,"close_timestamp":1763640000000,"orders":[{"amount":2088.0,"safe_price":0.15822,"ft_order_side":"buy","order_filled_timestamp":1763625600000,"ft_is_entry":true,"ft_order_tag":"","cost":330.69372336},{"amount":2088.0,"safe_price":0.15853675675675674,"ft_order_side":"sell","order_filled_timestamp":1763640000000,"ft_is_entry":false,"ft_order_tag":"roi","cost":331.35577285621616}],"funding_fees":0.0,"weekday":3},{"pair":"DOGE/USDT","stake_amount":330.28575,"max_stake_amount":330.28575,"amount":2335.0,"open_date":"2025-11-22 23:00:00+00:00","close_date":"2025-11-23 01:00:00+00:00","open_rate":0.14145,"close_rate":0.14173318318318318,"fee_open":0.001,"fee_close":0.001,"trade_duration":120,"profit_ratio":0.0,"profit_abs":0.0,"exit_reason":"roi","initial_stop_loss_abs":0.13438,"initial_stop_loss_ratio":-0.05,"stop_loss_abs":0.13438,"stop_loss_ratio":-0.05,"min_rate":0.13966,"max_rate":0.14227,"is_open":false,"enter_tag":"","leverage":1.0,"is_short":false,"open_timestamp":1763852400000,"close_timestamp":1763859600000,"orders":[{"amount":2335.0,"safe_price":0.14145,"ft_order_side":"buy","order_filled_timestamp":1763852400000,"ft_is_entry":true,"ft_order_tag":"","cost":330.61603575},{"amount":2335.0,"safe_price":0.14173318318318318,"ft_order_side":"sell","order_filled_timestamp":1763859600000,"ft_is_entry":false,"ft_order_tag":"roi","cost":331.2779297154654}],"funding_fees":0.0,"weekday":6},{"pair":"DOGE/USDT","stake_amount":330.38292,"max_stake_amount":330.38292,"amount":2172.0,"open_date":"2025-11-24 18:00:00+00:00","close_date":"2025-11-24 20:00:00+00:00","open_rate":0.15211,"close_rate":0.15249,"fee_open":0.001,"fee_close":0.001,"trade_duration":120,"profit_ratio":0.0004951987070191001,"profit_abs":0.1637688,"exit_reason":"roi","initial_stop_loss_abs":0.14451,"initial_stop_loss_ratio":-0.05,"stop_loss_abs":0.14451,"stop_loss_ratio":-0.05,"min_rate":0.15174,"max_rate":0.15397,"is_open":false,"enter_tag":"","leverage":1.0,"is_short":false,"open_timestamp":1764007200000,"close_timestamp":1764014400000,"orders":[{"amount":2172.0,"safe_price":0.15211,"ft_order_side":"buy","order_filled_timestamp":1764007200000,"ft_is_entry":true,"ft_order_tag":"","cost":330.71330292},{"amount":2172.0,"safe_price":0.15249,"ft_order_side":"sell","order_filled_timestamp":1764014400000,"ft_is_entry":false,"ft_order_tag":"roi","cost":331.5394882799999}],"funding_fees":0.0,"weekday":0},{"pair":"DOGE/USDT","stake_amount":330.34859,"max_stake_amount":330.34859,"amount":2159.0,"open_date":"2025-11-26 00:00:00+00:00","close_date":"2025-11-26 17:00:00+00:00","open_rate":0.15301,"close_rate":0.1533163263263263,"fee_open":0.001,"fee_close":0.001,"trade_duration":1020,"profit_ratio":0.0,"profit_abs":0.0,"exit_reason":"roi","initial_stop_loss_abs":0.14536,"initial_stop_loss_ratio":-0.05,"stop_loss_abs":0.14536,"stop_loss_ratio":-0.05,"min_rate":0.14862,"max_rate":0.15606,"is_open":false,"enter_tag":"","leverage":1.0,"is_short":false,"open_timestamp":1764115200000,"close_timestamp":1764176400000,"orders":[{"amount":2159.0,"safe_price":0.15301,"ft_order_side":"buy","order_filled_timestamp":1764115200000,"ft_is_entry":true,"ft_order_tag":"","cost":330.67893859},{"amount":2159.0,"safe_price":0.1533163263263263,"ft_order_side":"sell","order_filled_timestamp":1764176400000,"ft_is_entry":false,"ft_order_tag":"roi","cost":331.340958487077}],"funding_fees":0.0,"weekday":2},{"pair":"DOGE/USDT","stake_amount":330.31662,"max_stake_amount":330.31662,"amount":2126.0,"open_date":"2025-11-26 21:00:00+00:00","close_date":"2025-11-26 23:00:00+00:00","open_rate":0.15537,"close_rate":0.15568105105105104,"fee_open":0.001,"fee_close":0.001,"trade_duration":120,"profit_ratio":0.0,"profit_abs":0.0,"exit_reason":"roi","initial_stop_loss_abs":0.14761,"initial_stop_loss_ratio":-0.05,"stop_loss_abs":0.14761,"stop_loss_ratio":-0.05,"min_rate":0.15428,"max_rate":0.15623,"is_open":false,"enter_tag":"","leverage":1.0,"is_short":false,"open_timestamp":1764190800000,"close_timestamp":1764198000000,"orders":[{"amount":2126.0,"safe_price":0.15537,"ft_order_side":"buy","order_filled_timestamp":1764190800000,"ft_is_entry":true,"ft_order_tag":"","cost":330.64693661999996},{"amount":2126.0,"safe_price":0.15568105105105104,"ft_order_side":"sell","order_filled_timestamp":1764198000000,"ft_is_entry":false,"ft_order_tag":"roi","cost":331.30889244906905}],"funding_fees":0.0,"weekday":2},{"pair":"DOGE/USDT","stake_amount":330.33888,"max_stake_amount":330.33888,"amount":2208.0,"open_date":"2025-11-30 10:00:00+00:00","close_date":"2025-11-30 12:00:00+00:00","open_rate":0.14961,"close_rate":0.1499095195195195,"fee_open":0.001,"fee_close":0.001,"trade_duration":120,"profit_ratio":0.0,"profit_abs":0.0,"exit_reason":"roi","initial_stop_loss_abs":0.14213,"initial_stop_loss_ratio":-0.05,"stop_loss_abs":0.14213,"stop_loss_ratio":-0.05,"min_rate":0.14854,"max_rate":0.15015,"is_open":false,"enter_tag":"","leverage":1.0,"is_short":false,"open_timestamp":1764496800000,"close_timestamp":1764504000000,"orders":[{"amount":2208.0,"safe_price":0.14961,"ft_order_side":"buy","order_filled_timestamp":1764496800000,"ft_is_entry":true,"ft_order_tag":"","cost":330.6692188799999},{"amount":2208.0,"safe_price":0.1499095195195195,"ft_order_side":"sell","order_filled_timestamp":1764504000000,"ft_is_entry":false,"ft_order_tag":"roi","cost":331.3312193181981}],"funding_fees":0.0,"weekday":6},{"pair":"DOGE/USDT","stake_amount":330.34596,"max_stake_amount":330.34596,"amount":2436.0,"open_date":"2025-12-02 08:00:00+00:00","close_date":"2025-12-02 10:00:00+00:00","open_rate":0.13561,"close_rate":0.13588149149149148,"fee_open":0.001,"fee_close":0.001,"trade_duration":120,"profit_ratio":0.0,"profit_abs":0.0,"exit_reason":"roi","initial_stop_loss_abs":0.12883,"initial_stop_loss_ratio":-0.05,"stop_loss_abs":0.12883,"stop_loss_ratio":-0.05,"min_rate":0.13443,"max_rate":0.13727,"is_open":false,"enter_tag":"","leverage":1.0,"is_short":false,"open_timestamp":1764662400000,"close_timestamp":1764669600000,"orders":[{"amount":2436.0,"safe_price":0.13561,"ft_order_side":"buy","order_filled_timestamp":1764662400000,"ft_is_entry":true,"ft_order_tag":"","cost":330.67630596000004},{"amount":2436.0,"safe_price":0.13588149149149148,"ft_order_side":"sell","order_filled_timestamp":1764669600000,"ft_is_entry":false,"ft_order_tag":"roi","cost":331.3383205865465}],"funding_fees":0.0,"weekday":1},{"pair":"DOGE/USDT","stake_amount":330.34536,"max_stake_amount":330.34536,"amount":2364.0,"open_date":"2025-12-06 17:00:00+00:00","close_date":"2025-12-06 19:00:00+00:00","open_rate":0.13974,"close_rate":0.14001975975975972,"fee_open":0.001,"fee_close":0.001,"trade_duration":120,"profit_ratio":0.0,"profit_abs":0.0,"exit_reason":"roi","initial_stop_loss_abs":0.13276,"initial_stop_loss_ratio":-0.05,"stop_loss_abs":0.13276,"stop_loss_ratio":-0.05,"min_rate":0.13907,"max_rate":0.14058,"is_open":false,"enter_tag":"","leverage":1.0,"is_short":false,"open_timestamp":1765040400000,"close_timestamp":1765047600000,"orders":[{"amount":2364.0,"safe_price":0.13974,"ft_order_side":"buy","order_filled_timestamp":1765040400000,"ft_is_entry":true,"ft_order_tag":"","cost":330.67570536},{"amount":2364.0,"safe_price":0.14001975975975972,"ft_order_side":"sell","order_filled_timestamp":1765047600000,"ft_is_entry":false,"ft_order_tag":"roi","cost":331.33771878414404}],"funding_fees":0.0,"weekday":5},{"pair":"DOGE/USDT","stake_amount":330.3764,"max_stake_amount":330.3764,"amount":2360.0,"open_date":"2025-12-08 02:00:00+00:00","close_date":"2025-12-08 04:00:00+00:00","open_rate":0.13999,"close_rate":0.14031,"fee_open":0.001,"fee_close":0.001,"trade_duration":120,"profit_ratio":0.0002833083767436221,"profit_abs":0.093692,"exit_reason":"roi","initial_stop_loss_abs":0.133,"initial_stop_loss_ratio":-0.05,"stop_loss_abs":0.133,"stop_loss_ratio":-0.05,"min_rate":0.1396,"max_rate":0.14144,"is_open":false,"enter_tag":"","leverage":1.0,"is_short":false,"open_timestamp":1765159200000,"close_timestamp":1765166400000,"orders":[{"amount":2360.0,"safe_price":0.13999,"ft_order_side":"buy","order_filled_timestamp":1765159200000,"ft_is_entry":true,"ft_order_tag":"","cost":330.70677639999997},{"amount":2360.0,"safe_price":0.14031,"ft_order_side":"sell","order_filled_timestamp":1765166400000,"ft_is_entry":false,"ft_order_tag":"roi","cost":331.4627315999999}],"funding_fees":0.0,"weekday":0},{"pair":"DOGE/USDT","stake_amount":330.42955,"max_stake_amount":330.42955,"amount":2189.0,"open_date":"2025-12-09 18:00:00+00:00","close_date":"2025-12-09 20:00:00+00:00","open_rate":0.15095,"close_rate":0.15125220220220217,"fee_open":0.001,"fee_close":0.001,"trade_duration":120,"profit_ratio":0.0,"profit_abs":0.0,"exit_reason":"roi","initial_stop_loss_abs":0.14341,"initial_stop_loss_ratio":-0.05,"stop_loss_abs":0.14341,"stop_loss_ratio":-0.05,"min_rate":0.14876,"max_rate":0.15201,"is_open":false,"enter_tag":"","leverage":1.0,"is_short":false,"open_timestamp":1765303200000,"close_timestamp":1765310400000,"orders":[{"amount":2189.0,"safe_price":0.15095,"ft_order_side":"buy","order_filled_timestamp":1765303200000,"ft_is_entry":true,"ft_order_tag":"","cost":330.75997954999997},{"amount":2189.0,"safe_price":0.15125220220220217,"ft_order_side":"sell","order_filled_timestamp":1765310400000,"ft_is_entry":false,"ft_order_tag":"roi","cost":331.4221616912411}],"funding_fees":0.0,"weekday":1},{"pair":"DOGE/USDT","stake_amount":330.43098,"max_stake_amount":330.43098,"amount":2354.0,"open_date":"2025-12-12 02:00:00+00:00","close_date":"2025-12-12 04:00:00+00:00","open_rate":0.14037,"close_rate":0.14065102102102098,"fee_open":0.001,"fee_close":0.001,"trade_duration":120,"profit_ratio":0.0,"profit_abs":0.0,"exit_reason":"roi","initial_stop_loss_abs":0.13336,"initial_stop_loss_ratio":-0.05,"stop_loss_abs":0.13336,"stop_loss_ratio":-0.05,"min_rate":0.1401,"max_rate":0.14133,"is_open":false,"enter_tag":"","leverage":1.0,"is_short":false,"open_timestamp":1765504800000,"close_timestamp":1765512000000,"orders":[{"amount":2354.0,"safe_price":0.14037,"ft_order_side":"buy","order_filled_timestamp":1765504800000,"ft_is_entry":true,"ft_order_tag":"","cost":330.76141097999994},{"amount":2354.0,"safe_price":0.14065102102102098,"ft_order_side":"sell","order_filled_timestamp":1765512000000,"ft_is_entry":false,"ft_order_tag":"roi","cost":331.4235959869668}],"funding_fees":0.0,"weekday":4},{"pair":"DOGE/USDT","stake_amount":330.4728,"max_stake_amount":330.4728,"amount":2370.0,"open_date":"2025-12-13 13:00:00+00:00","close_date":"2025-12-13 15:00:00+00:00","open_rate":0.13944,"close_rate":0.13971915915915917,"fee_open":0.001,"fee_close":0.001,"trade_duration":120,"profit_ratio":0.0,"profit_abs":0.0,"exit_reason":"roi","initial_stop_loss_abs":0.13247,"initial_stop_loss_ratio":-0.05,"stop_loss_abs":0.13247,"stop_loss_ratio":-0.05,"min_rate":0.13854,"max_rate":0.13999,"is_open":false,"enter_tag":"","leverage":1.0,"is_short":false,"open_timestamp":1765630800000,"close_timestamp":1765638000000,"orders":[{"amount":2370.0,"safe_price":0.13944,"ft_order_side":"buy","order_filled_timestamp":1765630800000,"ft_is_entry":true,"ft_order_tag":"","cost":330.80327279999995},{"amount":2370.0,"safe_price":0.13971915915915917,"ft_order_side":"sell","order_filled_timestamp":1765638000000,"ft_is_entry":false,"ft_order_tag":"roi","cost":331.4655416144144}],"funding_fees":0.0,"weekday":5},{"pair":"DOGE/USDT","stake_amount":330.4351,"max_stake_amount":330.4351,"amount":2410.0,"open_date":"2025-12-15 10:00:00+00:00","close_date":"2025-12-15 14:00:00+00:00","open_rate":0.13711,"close_rate":0.1373844944944945,"fee_open":0.001,"fee_close":0.001,"trade_duration":240,"profit_ratio":0.0,"profit_abs":0.0,"exit_reason":"roi","initial_stop_loss_abs":0.13026,"initial_stop_loss_ratio":-0.05,"stop_loss_abs":0.13026,"stop_loss_ratio":-0.05,"min_rate":0.13272,"max_rate":0.13774,"is_open":false,"enter_tag":"","leverage":1.0,"is_short":false,"open_timestamp":1765792800000,"close_timestamp":1765807200000,"orders":[{"amount":2410.0,"safe_price":0.13711,"ft_order_side":"buy","order_filled_timestamp":1765792800000,"ft_is_entry":true,"ft_order_tag":"","cost":330.7655351},{"amount":2410.0,"safe_price":0.1373844944944945,"ft_order_side":"sell","order_filled_timestamp":1765807200000,"ft_is_entry":false,"ft_order_tag":"roi","cost":331.4277283634634}],"funding_fees":0.0,"weekday":0},{"pair":"DOGE/USDT","stake_amount":330.3981,"max_stake_amount":330.3981,"amount":2490.0,"open_date":"2025-12-16 16:00:00+00:00","close_date":"2025-12-16 18:00:00+00:00","open_rate":0.13269,"close_rate":0.13295564564564563,"fee_open":0.001,"fee_close":0.001,"trade_duration":120,"profit_ratio":0.0,"profit_abs":0.0,"exit_reason":"roi","initial_stop_loss_abs":0.12606,"initial_stop_loss_ratio":-0.05,"stop_loss_abs":0.12606,"stop_loss_ratio":-0.05,"min_rate":0.13095,"max_rate":0.133,"is_open":false,"enter_tag":"","leverage":1.0,"is_short":false,"open_timestamp":1765900800000,"close_timestamp":1765908000000,"orders":[{"amount":2490.0,"safe_price":0.13269,"ft_order_side":"buy","order_filled_timestamp":1765900800000,"ft_is_entry":true,"ft_order_tag":"","cost":330.72849809999997},{"amount":2490.0,"safe_price":0.13295564564564563,"ft_order_side":"sell","order_filled_timestamp":1765908000000,"ft_is_entry":false,"ft_order_tag":"roi","cost":331.3906172153153}],"funding_fees":0.0,"weekday":1},{"pair":"DOGE/USDT","stake_amount":330.3732,"max_stake_amount":330.3732,"amount":2568.0,"open_date":"2025-12-18 17:00:00+00:00","close_date":"2025-12-18 17:00:00+00:00","open_rate":0.12865,"close_rate":0.12222,"fee_open":0.001,"fee_close":0.001,"trade_duration":0,"profit_ratio":-0.05187870815542794,"profit_abs":-17.15647416,"exit_reason":"stop_loss","initial_stop_loss_abs":0.12222,"initial_stop_loss_ratio":-0.05,"stop_loss_abs":0.12222,"stop_loss_ratio":-0.05,"min_rate":0.12137,"max_rate":0.12869,"is_open":false,"enter_tag":"","leverage":1.0,"is_short":false,"open_timestamp":1766077200000,"close_timestamp":1766077200000,"orders":[{"amount":2568.0,"safe_price":0.12865,"ft_order_side":"buy","order_filled_timestamp":1766077200000,"ft_is_entry":true,"ft_order_tag":"","cost":330.7035731999999},{"amount":2568.0,"safe_price":0.12222,"ft_order_side":"sell","order_filled_timestamp":1766077200000,"ft_is_entry":false,"ft_order_tag":"stop_loss","cost":314.1748209599999}],"funding_fees":0.0,"weekday":3},{"pair":"DOGE/USDT","stake_amount":324.78126,"max_stake_amount":324.78126,"amount":2533.0,"open_date":"2025-12-19 12:00:00+00:00","close_date":"2025-12-19 14:00:00+00:00","open_rate":0.12822,"close_rate":0.12857,"fee_open":0.001,"fee_close":0.001,"trade_duration":120,"profit_ratio":0.0007262274459279607,"profit_abs":0.23610093,"exit_reason":"roi","initial_stop_loss_abs":0.12181,"initial_stop_loss_ratio":-0.05,"stop_loss_abs":0.12181,"stop_loss_ratio":-0.05,"min_rate":0.12792,"max_rate":0.13048,"is_open":false,"enter_tag":"","leverage":1.0,"is_short":false,"open_timestamp":1766145600000,"close_timestamp":1766152800000,"orders":[{"amount":2533.0,"safe_price":0.12822,"ft_order_side":"buy","order_filled_timestamp":1766145600000,"ft_is_entry":true,"ft_order_tag":"","cost":325.1060412599999},{"amount":2533.0,"safe_price":0.12857,"ft_order_side":"sell","order_filled_timestamp":1766152800000,"ft_is_entry":false,"ft_order_tag":"roi","cost":325.99347780999994}],"funding_fees":0.0,"weekday":4},{"pair":"DOGE/USDT","stake_amount":324.88752,"max_stake_amount":324.88752,"amount":2468.0,"open_date":"2025-12-22 07:00:00+00:00","close_date":"2025-12-22 09:00:00+00:00","open_rate":0.13164,"close_rate":0.13228,"fee_open":0.001,"fee_close":0.001,"trade_duration":120,"profit_ratio":0.0028540283781851696,"profit_abs":0.92816544,"exit_reason":"roi","initial_stop_loss_abs":0.12506,"initial_stop_loss_ratio":-0.05,"stop_loss_abs":0.12506,"stop_loss_ratio":-0.05,"min_rate":0.13152,"max_rate":0.1333,"is_open":false,"enter_tag":"","leverage":1.0,"is_short":false,"open_timestamp":1766386800000,"close_timestamp":1766394000000,"orders":[{"amount":2468.0,"safe_price":0.13164,"ft_order_side":"buy","order_filled_timestamp":1766386800000,"ft_is_entry":true,"ft_order_tag":"","cost":325.21240751999994},{"amount":2468.0,"safe_price":0.13228,"ft_order_side":"sell","order_filled_timestamp":1766394000000,"ft_is_entry":false,"ft_order_tag":"roi","cost":326.79350703999995}],"funding_fees":0.0,"weekday":0},{"pair":"DOGE/USDT","stake_amount":325.10295,"max_stake_amount":325.10295,"amount":2529.0,"open_date":"2025-12-25 00:00:00+00:00","close_date":"2025-12-25 02:00:00+00:00","open_rate":0.12855,"close_rate":0.12880735735735732,"fee_open":0.001,"fee_close":0.001,"trade_duration":120,"profit_ratio":0.0,"profit_abs":0.0,"exit_reason":"roi","initial_stop_loss_abs":0.12213,"initial_stop_loss_ratio":-0.05,"stop_loss_abs":0.12213,"stop_loss_ratio":-0.05,"min_rate":0.12791,"max_rate":0.12903,"is_open":false,"enter_tag":"","leverage":1.0,"is_short":false,"open_timestamp":1766620800000,"close_timestamp":1766628000000,"orders":[{"amount":2529.0,"safe_price":0.12855,"ft_order_side":"buy","order_filled_timestamp":1766620800000,"ft_is_entry":true,"ft_order_tag":"","cost":325.42805295},{"amount":2529.0,"safe_price":0.12880735735735732,"ft_order_side":"sell","order_filled_timestamp":1766628000000,"ft_is_entry":false,"ft_order_tag":"roi","cost":326.0795605635134}],"funding_fees":0.0,"weekday":3},{"pair":"DOGE/USDT","stake_amount":325.155,"max_stake_amount":325.155,"amount":2650.0,"open_date":"2025-12-27 14:00:00+00:00","close_date":"2025-12-27 16:00:00+00:00","open_rate":0.1227,"close_rate":0.12304,"fee_open":0.001,"fee_close":0.001,"trade_duration":120,"profit_ratio":0.0007674477112129923,"profit_abs":0.249789,"exit_reason":"roi","initial_stop_loss_abs":0.11657,"initial_stop_loss_ratio":-0.05,"stop_loss_abs":0.11657,"stop_loss_ratio":-0.05,"min_rate":0.12242,"max_rate":0.1233,"is_open":false,"enter_tag":"","leverage":1.0,"is_short":false,"open_timestamp":1766844000000,"close_timestamp":1766851200000,"orders":[{"amount":2650.0,"safe_price":0.1227,"ft_order_side":"buy","order_filled_timestamp":1766844000000,"ft_is_entry":true,"ft_order_tag":"","cost":325.48015499999997},{"amount":2650.0,"safe_price":0.12304,"ft_order_side":"sell","order_filled_timestamp":1766851200000,"ft_is_entry":false,"ft_order_tag":"roi","cost":326.3820559999999}],"funding_fees":0.0,"weekday":5},{"pair":"DOGE/USDT","stake_amount":325.21536,"max_stake_amount":325.21536,"amount":2586.0,"open_date":"2025-12-29 02:00:00+00:00","close_date":"2025-12-29 04:00:00+00:00","open_rate":0.12576,"close_rate":0.12749,"fee_open":0.001,"fee_close":0.001,"trade_duration":120,"profit_ratio":0.011730874087744316,"profit_abs":3.8188755,"exit_reason":"roi","initial_stop_loss_abs":0.11948,"initial_stop_loss_ratio":-0.05,"stop_loss_abs":0.11948,"stop_loss_ratio":-0.05,"min_rate":0.12576,"max_rate":0.12805,"is_open":false,"enter_tag":"","leverage":1.0,"is_short":false,"open_timestamp":1766973600000,"close_timestamp":1766980800000,"orders":[{"amount":2586.0,"safe_price":0.12576,"ft_order_side":"buy","order_filled_timestamp":1766973600000,"ft_is_entry":true,"ft_order_tag":"","cost":325.54057536},{"amount":2586.0,"safe_price":0.12749,"ft_order_side":"sell","order_filled_timestamp":1766980800000,"ft_is_entry":false,"ft_order_tag":"roi","cost":330.0188291399999}],"funding_fees":0.0,"weekday":0},{"pair":"DOGE/USDT","stake_amount":326.52418,"max_stake_amount":326.52418,"amount":2621.0,"open_date":"2025-12-30 12:00:00+00:00","close_date":"2025-12-30 14:00:00+00:00","open_rate":0.12458,"close_rate":0.1248294094094094,"fee_open":0.001,"fee_close":0.001,"trade_duration":120,"profit_ratio":0.0,"profit_abs":0.0,"exit_reason":"roi","initial_stop_loss_abs":0.11836,"initial_stop_loss_ratio":-0.05,"stop_loss_abs":0.11836,"stop_loss_ratio":-0.05,"min_rate":0.12317,"max_rate":0.12537,"is_open":false,"enter_tag":"","leverage":1.0,"is_short":false,"open_timestamp":1767096000000,"close_timestamp":1767103200000,"orders":[{"amount":2621.0,"safe_price":0.12458,"ft_order_side":"buy","order_filled_timestamp":1767096000000,"ft_is_entry":true,"ft_order_tag":"","cost":326.85070418},{"amount":2621.0,"safe_price":0.1248294094094094,"ft_order_side":"sell","order_filled_timestamp":1767103200000,"ft_is_entry":false,"ft_order_tag":"roi","cost":327.50505994412407}],"funding_fees":0.0,"weekday":1},{"pair":"DOGE/USDT","stake_amount":326.45564,"max_stake_amount":326.45564,"amount":2702.0,"open_date":"2026-01-01 14:00:00+00:00","close_date":"2026-01-01 15:00:00+00:00","open_rate":0.12082,"close_rate":0.1271089289289289,"fee_open":0.001,"fee_close":0.001,"trade_duration":60,"profit_ratio":0.049950049950049945,"profit_abs":16.322782,"exit_reason":"roi","initial_stop_loss_abs":0.11478,"initial_stop_loss_ratio":-0.05,"stop_loss_abs":0.11478,"stop_loss_ratio":-0.05,"min_rate":0.12029,"max_rate":0.1275,"is_open":false,"enter_tag":"","leverage":1.0,"is_short":false,"open_timestamp":1767276000000,"close_timestamp":1767279600000,"orders":[{"amount":2702.0,"safe_price":0.12082,"ft_order_side":"buy","order_filled_timestamp":1767276000000,"ft_is_entry":true,"ft_order_tag":"","cost":326.78209563999997},{"amount":2702.0,"safe_price":0.1271089289289289,"ft_order_side":"sell","order_filled_timestamp":1767279600000,"ft_is_entry":false,"ft_order_tag":"roi","cost":343.7917742919318}],"funding_fees":0.0,"weekday":3},{"pair":"DOGE/USDT","stake_amount":331.89912,"max_stake_amount":331.89912,"amount":2268.0,"open_date":"2026-01-04 01:00:00+00:00","close_date":"2026-01-04 03:00:00+00:00","open_rate":0.14634,"close_rate":0.14716,"fee_open":0.001,"fee_close":0.001,"trade_duration":120,"profit_ratio":0.003594191786073705,"profit_abs":1.194102,"exit_reason":"roi","initial_stop_loss_abs":0.13903,"initial_stop_loss_ratio":-0.05,"stop_loss_abs":0.13903,"stop_loss_ratio":-0.05,"min_rate":0.14503,"max_rate":0.15196,"is_open":false,"enter_tag":"","leverage":1.0,"is_short":false,"open_timestamp":1767488400000,"close_timestamp":1767495600000,"orders":[{"amount":2268.0,"safe_price":0.14634,"ft_order_side":"buy","order_filled_timestamp":1767488400000,"ft_is_entry":true,"ft_order_tag":"","cost":332.2310191199999},{"amount":2268.0,"safe_price":0.14716,"ft_order_side":"sell","order_filled_timestamp":1767495600000,"ft_is_entry":false,"ft_order_tag":"roi","cost":334.09263888}],"funding_fees":0.0,"weekday":6},{"pair":"DOGE/USDT","stake_amount":332.18816,"max_stake_amount":332.18816,"amount":2176.0,"open_date":"2026-01-05 23:00:00+00:00","close_date":"2026-01-06 01:00:00+00:00","open_rate":0.15266,"close_rate":0.1529656256256256,"fee_open":0.001,"fee_close":0.001,"trade_duration":120,"profit_ratio":0.0,"profit_abs":0.0,"exit_reason":"roi","initial_stop_loss_abs":0.14503,"initial_stop_loss_ratio":-0.05,"stop_loss_abs":0.14503,"stop_loss_ratio":-0.05,"min_rate":0.1492,"max_rate":0.15451,"is_open":false,"enter_tag":"","leverage":1.0,"is_short":false,"open_timestamp":1767654000000,"close_timestamp":1767661200000,"orders":[{"amount":2176.0,"safe_price":0.15266,"ft_order_side":"buy","order_filled_timestamp":1767654000000,"ft_is_entry":true,"ft_order_tag":"","cost":332.52034815999997},{"amount":2176.0,"safe_price":0.1529656256256256,"ft_order_side":"sell","order_filled_timestamp":1767661200000,"ft_is_entry":false,"ft_order_tag":"roi","cost":333.18605456272263}],"funding_fees":0.0,"weekday":1}],"locks":[],"best_pair":{"key":"DOGE/USDT","trades":46,"profit_mean":0.0005092867502397793,"profit_mean_pct":0.05,"profit_total_abs":7.075837290000002,"profit_total":0.007075837290000002,"profit_total_pct":0.71,"duration_avg":"3:17:00","wins":19,"draws":24,"losses":3,"winrate":0.41304347826086957,"cagr":0.02688691839075985,"expectancy":0.15382254978260845,"expectancy_ratio":-0.5121090465449697,"sortino":0.7946633616037495,"sharpe":0.2549422688450495,"calmar":3.9006845354942503,"sqn":0.1888,"profit_factor":1.1476612863104656,"max_drawdown_account":0.03572824691443675,"max_drawdown_abs":36.47129874},"worst_pair":{"key":"DOGE/USDT","trades":46,"profit_mean":0.0005092867502397793,"profit_mean_pct":0.05,"profit_total_abs":7.075837290000002,"profit_total":0.007075837290000002,"profit_total_pct":0.71,"duration_avg":"3:17:00","wins":19,"draws":24,"losses":3,"winrate":0.41304347826086957,"cagr":0.02688691839075985,"expectancy":0.15382254978260845,"expectancy_ratio":-0.5121090465449697,"sortino":0.7946633616037495,"sharpe":0.2549422688450495,"calmar":3.9006845354942503,"sqn":0.1888,"profit_factor":1.1476612863104656,"max_drawdown_account":0.03572824691443675,"max_drawdown_abs":36.47129874},"results_per_pair":[{"key":"DOGE/USDT","trades":46,"profit_mean":0.0005092867502397793,"profit_mean_pct":0.05,"profit_total_abs":7.075837290000002,"profit_total":0.007075837290000002,"profit_total_pct":0.71,"duration_avg":"3:17:00","wins":19,"draws":24,"losses":3,"winrate":0.41304347826086957,"cagr":0.02688691839075985,"expectancy":0.15382254978260845,"expectancy_ratio":-0.5121090465449697,"sortino":0.7946633616037495,"sharpe":0.2549422688450495,"calmar":3.9006845354942503,"sqn":0.1888,"profit_factor":1.1476612863104656,"max_drawdown_account":0.03572824691443675,"max_drawdown_abs":36.47129874},{"key":"TOTAL","trades":46,"profit_mean":0.0005092867502397793,"profit_mean_pct":0.05,"profit_total_abs":7.075837290000002,"profit_total":0.007075837290000002,"profit_total_pct":0.71,"duration_avg":"3:17:00","wins":19,"draws":24,"losses":3,"winrate":0.41304347826086957,"cagr":0.02688691839075985,"expectancy":0.15382254978260845,"expectancy_ratio":-0.5121090465449697,"sortino":0.7946633616037495,"sharpe":0.2549422688450495,"calmar":3.9006845354942503,"sqn":0.1888,"profit_factor":1.1476612863104656,"max_drawdown_account":0.03572824691443675,"max_drawdown_abs":36.47129874}],"results_per_enter_tag":[{"key":"","trades":46,"profit_mean":0.0005092867502397793,"profit_mean_pct":0.05,"profit_total_abs":7.075837290000002,"profit_total":0.007075837290000002,"profit_total_pct":0.71,"duration_avg":"3:17:00","wins":19,"draws":24,"losses":3,"winrate":0.41304347826086957,"cagr":0.02688691839075985,"expectancy":0.15382254978260845,"expectancy_ratio":-0.5121090465449697,"sortino":0.7946633616037495,"sharpe":0.2549422688450495,"calmar":3.9006845354942503,"sqn":0.1888,"profit_factor":1.1476612863104656,"max_drawdown_account":0.03572824691443675,"max_drawdown_abs":36.47129874},{"key":"TOTAL","trades":46,"profit_mean":0.0005092867502397793,"profit_mean_pct":0.05,"profit_total_abs":7.075837290000002,"profit_total":0.007075837290000002,"profit_total_pct":0.71,"duration_avg":"3:17:00","wins":19,"draws":24,"losses":3,"winrate":0.41304347826086957,"cagr":0.02688691839075985,"expectancy":0.15382254978260845,"expectancy_ratio":-0.5121090465449697,"sortino":0.7946633616037495,"sharpe":0.2549422688450495,"calmar":3.9006845354942503,"sqn":0.1888,"profit_factor":1.1476612863104656,"max_drawdown_account":0.03572824691443675,"max_drawdown_abs":36.47129874}],"exit_reason_summary":[{"key":"roi","trades":43,"profit_mean":0.003889212409389697,"profit_mean_pct":0.39,"profit_total_abs":54.995217290000014,"profit_total":0.054995217290000016,"profit_total_pct":5.5,"duration_avg":"3:10:00","wins":19,"draws":24,"losses":0,"winrate":0.4418604651162791,"cagr":0.22317602560256655,"expectancy":1.278958541627907,"expectancy_ratio":100.0,"sortino":-100,"sharpe":3.083220333078478,"calmar":-100,"sqn":2.3593,"profit_factor":0.0,"max_drawdown_account":0.0,"max_drawdown_abs":0.0},{"key":"exit_signal","trades":1,"profit_mean":-0.04003976964072259,"profit_mean_pct":-4.0,"profit_total_abs":-13.49379288,"profit_total":-0.013493792880000001,"profit_total_pct":-1.35,"duration_avg":"8:00:00","wins":0,"draws":0,"losses":1,"winrate":0.0,"cagr":-0.049836594599144024,"expectancy":-13.49379288,"expectancy_ratio":-1.0,"sortino":-100,"sharpe":-100,"calmar":-19.695848633549275,"sqn":-100.0,"profit_factor":0.0,"max_drawdown_account":0.013493792880000001,"max_drawdown_abs":13.49379288},{"key":"stop_loss","trades":2,"profit_mean":-0.051884586726002276,"profit_mean_pct":-5.19,"profit_total_abs":-34.42558712,"profit_total":-0.034425587120000004,"profit_total_pct":-3.44,"duration_avg":"3:30:00","wins":0,"draws":0,"losses":2,"winrate":0.0,"cagr":-0.12350287133385651,"expectancy":-17.21279356,"expectancy_ratio":-1.0,"sortino":-120.39211231592505,"sharpe":-120.39211231592505,"calmar":-19.695848633549254,"sqn":-305.6281,"profit_factor":0.0,"max_drawdown_account":0.034425587120000045,"max_drawdown_abs":34.42558712},{"key":"TOTAL","trades":46,"profit_mean":0.0005092867502397793,"profit_mean_pct":0.05,"profit_total_abs":7.075837290000002,"profit_total":0.007075837290000002,"profit_total_pct":0.71,"duration_avg":"3:17:00","wins":19,"draws":24,"losses":3,"winrate":0.41304347826086957,"cagr":0.02688691839075985,"expectancy":0.15382254978260845,"expectancy_ratio":-0.5121090465449697,"sortino":0.7946633616037495,"sharpe":0.2549422688450495,"calmar":3.9006845354942503,"sqn":0.1888,"profit_factor":1.1476612863104656,"max_drawdown_account":0.03572824691443675,"max_drawdown_abs":36.47129874}],"mix_tag_stats":[{"key":["","roi"],"trades":43,"profit_mean":0.003889212409389697,"profit_mean_pct":0.39,"profit_total_abs":54.995217290000014,"profit_total":0.054995217290000016,"profit_total_pct":5.5,"duration_avg":"3:10:00","wins":19,"draws":24,"losses":0,"winrate":0.4418604651162791,"cagr":0.22317602560256655,"expectancy":1.278958541627907,"expectancy_ratio":100.0,"sortino":-100,"sharpe":3.083220333078478,"calmar":-100,"sqn":2.3593,"profit_factor":0.0,"max_drawdown_account":0.0,"max_drawdown_abs":0.0},{"key":["","exit_signal"],"trades":1,"profit_mean":-0.04003976964072259,"profit_mean_pct":-4.0,"profit_total_abs":-13.49379288,"profit_total":-0.013493792880000001,"profit_total_pct":-1.35,"duration_avg":"8:00:00","wins":0,"draws":0,"losses":1,"winrate":0.0,"cagr":-0.049836594599144024,"expectancy":-13.49379288,"expectancy_ratio":-1.0,"sortino":-100,"sharpe":-100,"calmar":-19.695848633549275,"sqn":-100.0,"profit_factor":0.0,"max_drawdown_account":0.013493792880000001,"max_drawdown_abs":13.49379288},{"key":["","stop_loss"],"trades":2,"profit_mean":-0.051884586726002276,"profit_mean_pct":-5.19,"profit_total_abs":-34.42558712,"profit_total":-0.034425587120000004,"profit_total_pct":-3.44,"duration_avg":"3:30:00","wins":0,"draws":0,"losses":2,"winrate":0.0,"cagr":-0.12350287133385651,"expectancy":-17.21279356,"expectancy_ratio":-1.0,"sortino":-120.39211231592505,"sharpe":-120.39211231592505,"calmar":-19.695848633549254,"sqn":-305.6281,"profit_factor":0.0,"max_drawdown_account":0.034425587120000045,"max_drawdown_abs":34.42558712},{"key":"TOTAL","trades":46,"profit_mean":0.0005092867502397793,"profit_mean_pct":0.05,"profit_total_abs":7.075837290000002,"profit_total":0.007075837290000002,"profit_total_pct":0.71,"duration_avg":"3:17:00","wins":19,"draws":24,"losses":3,"winrate":0.41304347826086957,"cagr":0.02688691839075985,"expectancy":0.15382254978260845,"expectancy_ratio":-0.5121090465449697,"sortino":0.7946633616037495,"sharpe":0.2549422688450495,"calmar":3.9006845354942503,"sqn":0.1888,"profit_factor":1.1476612863104656,"max_drawdown_account":0.03572824691443675,"max_drawdown_abs":36.47129874}],"left_open_trades":[{"key":"TOTAL","trades":0,"profit_mean":0.0,"profit_mean_pct":0.0,"profit_total_abs":0.0,"profit_total":0.0,"profit_total_pct":0.0,"duration_avg":"0:00","wins":0,"draws":0,"losses":0,"winrate":0.0,"cagr":0.0,"expectancy":0.0,"expectancy_ratio":100.0,"sortino":0,"sharpe":0,"calmar":0,"sqn":0.0,"profit_factor":0.0,"max_drawdown_account":0.0,"max_drawdown_abs":0.0}],"total_trades":46,"trade_count_long":46,"trade_count_short":0,"total_volume":30407.2725085158,"avg_stake_amount":329.77655304347826,"profit_mean":0.0005092867502397793,"profit_median":0.0,"profit_total":0.007075837290000002,"profit_total_long":0.007075837290000002,"profit_total_short":0.0,"profit_total_abs":7.075837290000002,"profit_total_long_abs":7.075837290000002,"profit_total_short_abs":0.0,"cagr":0.02688691839075985,"expectancy":0.15382254978260845,"expectancy_ratio":-0.5121090465449697,"sortino":0.7946633616037495,"sharpe":0.2549422688450495,"calmar":3.9006845354942503,"sqn":0.1888,"profit_factor":1.1476612863104656,"backtest_start":"2025-10-01 00:00:00","backtest_start_ts":1759276800000,"backtest_end":"2026-01-06 20:00:00","backtest_end_ts":1767729600000,"backtest_days":97,"backtest_run_start_ts":1767737926,"backtest_run_end_ts":1767737926,"trades_per_day":0.47,"market_change":-0.36632086436227446,"pairlist":["DOGE/USDT"],"stake_amount":"unlimited","stake_currency":"USDT","stake_currency_decimals":3,"starting_balance":1000,"dry_run_wallet":1000,"final_balance":1007.07583729,"rejected_signals":0,"timedout_entry_orders":0,"timedout_exit_orders":0,"canceled_trade_entries":0,"canceled_entry_orders":0,"replaced_entry_orders":0,"max_open_trades":1,"max_open_trades_setting":3,"timeframe":"1h","timeframe_detail":"","timerange":"20251001-","enable_protections":false,"strategy_name":"ACO_4_22","freqaimodel":null,"freqai_identifier":null,"stoploss":-0.05,"trailing_stop":false,"trailing_stop_positive":null,"trailing_stop_positive_offset":0.0,"trailing_only_offset_is_reached":false,"use_custom_stoploss":false,"minimal_roi":{"0":0.1,"60":0.05,"120":0.0},"use_exit_signal":true,"exit_profit_only":false,"exit_profit_offset":0.0,"ignore_roi_if_entry_signal":false,"trading_mode":"spot","margin_mode":"","periodic_breakdown":{"day":[{"date":"05/10/2025","date_ts":1759622400000,"profit_abs":0.0,"wins":0,"draws":2,"losses":0,"trades":2,"profit_factor":0.0},{"date":"06/10/2025","date_ts":1759708800000,"profit_abs":2.18011662,"wins":1,"draws":0,"losses":0,"trades":1,"profit_factor":0.0},{"date":"07/10/2025","date_ts":1759795200000,"profit_abs":0.0,"wins":0,"draws":0,"losses":0,"trades":0,"profit_factor":0.0},{"date":"08/10/2025","date_ts":1759881600000,"profit_abs":1.7836224,"wins":1,"draws":0,"losses":0,"trades":1,"profit_factor":0.0},{"date":"09/10/2025","date_ts":1759968000000,"profit_abs":0.0,"wins":0,"draws":0,"losses":0,"trades":0,"profit_factor":0.0},{"date":"10/10/2025","date_ts":1760054400000,"profit_abs":0.27247014,"wins":1,"draws":0,"losses":0,"trades":1,"profit_factor":0.0},{"date":"11/10/2025","date_ts":1760140800000,"profit_abs":0.0,"wins":0,"draws":0,"losses":0,"trades":0,"profit_factor":0.0},{"date":"12/10/2025","date_ts":1760227200000,"profit_abs":16.561112,"wins":1,"draws":0,"losses":0,"trades":1,"profit_factor":0.0},{"date":"13/10/2025","date_ts":1760313600000,"profit_abs":0.0,"wins":0,"draws":0,"losses":0,"trades":0,"profit_factor":0.0},{"date":"14/10/2025","date_ts":1760400000000,"profit_abs":0.0,"wins":0,"draws":0,"losses":0,"trades":0,"profit_factor":0.0},{"date":"15/10/2025","date_ts":1760486400000,"profit_abs":0.0,"wins":0,"draws":1,"losses":0,"trades":1,"profit_factor":0.0},{"date":"16/10/2025","date_ts":1760572800000,"profit_abs":0.0,"wins":0,"draws":0,"losses":0,"trades":0,"profit_factor":0.0},{"date":"17/10/2025","date_ts":1760659200000,"profit_abs":0.0,"wins":0,"draws":0,"losses":0,"trades":0,"profit_factor":0.0},{"date":"18/10/2025","date_ts":1760745600000,"profit_abs":0.0,"wins":0,"draws":1,"losses":0,"trades":1,"profit_factor":0.0},{"date":"19/10/2025","date_ts":1760832000000,"profit_abs":0.0,"wins":0,"draws":0,"losses":0,"trades":0,"profit_factor":0.0},{"date":"20/10/2025","date_ts":1760918400000,"profit_abs":0.0,"wins":0,"draws":0,"losses":0,"trades":0,"profit_factor":0.0},{"date":"21/10/2025","date_ts":1761004800000,"profit_abs":0.0,"wins":0,"draws":0,"losses":0,"trades":0,"profit_factor":0.0},{"date":"22/10/2025","date_ts":1761091200000,"profit_abs":-13.49379288,"wins":0,"draws":0,"losses":1,"trades":1,"profit_factor":0.0},{"date":"23/10/2025","date_ts":1761177600000,"profit_abs":0.29251256,"wins":1,"draws":0,"losses":0,"trades":1,"profit_factor":0.0},{"date":"24/10/2025","date_ts":1761264000000,"profit_abs":0.0,"wins":0,"draws":0,"losses":0,"trades":0,"profit_factor":0.0},{"date":"25/10/2025","date_ts":1761350400000,"profit_abs":0.0,"wins":0,"draws":1,"losses":0,"trades":1,"profit_factor":0.0},{"date":"26/10/2025","date_ts":1761436800000,"profit_abs":0.0,"wins":0,"draws":1,"losses":0,"trades":1,"profit_factor":0.0},{"date":"27/10/2025","date_ts":1761523200000,"profit_abs":0.0,"wins":0,"draws":0,"losses":0,"trades":0,"profit_factor":0.0},{"date":"28/10/2025","date_ts":1761609600000,"profit_abs":0.0,"wins":0,"draws":0,"losses":0,"trades":0,"profit_factor":0.0},{"date":"29/10/2025","date_ts":1761696000000,"profit_abs":0.0,"wins":0,"draws":0,"losses":0,"trades":0,"profit_factor":0.0},{"date":"30/10/2025","date_ts":1761782400000,"profit_abs":-17.26911296,"wins":0,"draws":0,"losses":1,"trades":1,"profit_factor":0.0},{"date":"31/10/2025","date_ts":1761868800000,"profit_abs":2.06049312,"wins":1,"draws":0,"losses":0,"trades":1,"profit_factor":0.0},{"date":"01/11/2025","date_ts":1761955200000,"profit_abs":0.0,"wins":0,"draws":0,"losses":0,"trades":0,"profit_factor":0.0},{"date":"02/11/2025","date_ts":1762041600000,"profit_abs":0.0,"wins":0,"draws":0,"losses":0,"trades":0,"profit_factor":0.0},{"date":"03/11/2025","date_ts":1762128000000,"profit_abs":0.0,"wins":0,"draws":0,"losses":0,"trades":0,"profit_factor":0.0},{"date":"04/11/2025","date_ts":1762214400000,"profit_abs":0.0,"wins":0,"draws":0,"losses":0,"trades":0,"profit_factor":0.0},{"date":"05/11/2025","date_ts":1762300800000,"profit_abs":0.0,"wins":0,"draws":1,"losses":0,"trades":1,"profit_factor":0.0},{"date":"06/11/2025","date_ts":1762387200000,"profit_abs":0.0,"wins":0,"draws":0,"losses":0,"trades":0,"profit_factor":0.0},{"date":"07/11/2025","date_ts":1762473600000,"profit_abs":0.8801172,"wins":1,"draws":0,"losses":0,"trades":1,"profit_factor":0.0},{"date":"08/11/2025","date_ts":1762560000000,"profit_abs":0.0,"wins":0,"draws":0,"losses":0,"trades":0,"profit_factor":0.0},{"date":"09/11/2025","date_ts":1762646400000,"profit_abs":0.0,"wins":0,"draws":1,"losses":0,"trades":1,"profit_factor":0.0},{"date":"10/11/2025","date_ts":1762732800000,"profit_abs":0.0,"wins":0,"draws":0,"losses":0,"trades":0,"profit_factor":0.0},{"date":"11/11/2025","date_ts":1762819200000,"profit_abs":0.0,"wins":0,"draws":0,"losses":0,"trades":0,"profit_factor":0.0},{"date":"12/11/2025","date_ts":1762905600000,"profit_abs":0.0,"wins":0,"draws":0,"losses":0,"trades":0,"profit_factor":0.0},{"date":"13/11/2025","date_ts":1762992000000,"profit_abs":0.18391817,"wins":1,"draws":1,"losses":0,"trades":2,"profit_factor":0.0},{"date":"14/11/2025","date_ts":1763078400000,"profit_abs":0.0,"wins":0,"draws":0,"losses":0,"trades":0,"profit_factor":0.0},{"date":"15/11/2025","date_ts":1763164800000,"profit_abs":1.58881976,"wins":1,"draws":0,"losses":0,"trades":1,"profit_factor":0.0},{"date":"16/11/2025","date_ts":1763251200000,"profit_abs":0.0,"wins":0,"draws":0,"losses":0,"trades":0,"profit_factor":0.0},{"date":"17/11/2025","date_ts":1763337600000,"profit_abs":1.02821232,"wins":1,"draws":0,"losses":0,"trades":1,"profit_factor":0.0},{"date":"18/11/2025","date_ts":1763424000000,"profit_abs":5.15654733,"wins":1,"draws":0,"losses":0,"trades":1,"profit_factor":0.0},{"date":"19/11/2025","date_ts":1763510400000,"profit_abs":0.0,"wins":0,"draws":0,"losses":0,"trades":0,"profit_factor":0.0},{"date":"20/11/2025","date_ts":1763596800000,"profit_abs":0.0,"wins":0,"draws":1,"losses":0,"trades":1,"profit_factor":0.0},{"date":"21/11/2025","date_ts":1763683200000,"profit_abs":0.0,"wins":0,"draws":0,"losses":0,"trades":0,"profit_factor":0.0},{"date":"22/11/2025","date_ts":1763769600000,"profit_abs":0.0,"wins":0,"draws":0,"losses":0,"trades":0,"profit_factor":0.0},{"date":"23/11/2025","date_ts":1763856000000,"profit_abs":0.0,"wins":0,"draws":1,"losses":0,"trades":1,"profit_factor":0.0},{"date":"24/11/2025","date_ts":1763942400000,"profit_abs":0.1637688,"wins":1,"draws":0,"losses":0,"trades":1,"profit_factor":0.0},{"date":"25/11/2025","date_ts":1764028800000,"profit_abs":0.0,"wins":0,"draws":0,"losses":0,"trades":0,"profit_factor":0.0},{"date":"26/11/2025","date_ts":1764115200000,"profit_abs":0.0,"wins":0,"draws":2,"losses":0,"trades":2,"profit_factor":0.0},{"date":"27/11/2025","date_ts":1764201600000,"profit_abs":0.0,"wins":0,"draws":0,"losses":0,"trades":0,"profit_factor":0.0},{"date":"28/11/2025","date_ts":1764288000000,"profit_abs":0.0,"wins":0,"draws":0,"losses":0,"trades":0,"profit_factor":0.0},{"date":"29/11/2025","date_ts":1764374400000,"profit_abs":0.0,"wins":0,"draws":0,"losses":0,"trades":0,"profit_factor":0.0},{"date":"30/11/2025","date_ts":1764460800000,"profit_abs":0.0,"wins":0,"draws":1,"losses":0,"trades":1,"profit_factor":0.0},{"date":"01/12/2025","date_ts":1764547200000,"profit_abs":0.0,"wins":0,"draws":0,"losses":0,"trades":0,"profit_factor":0.0},{"date":"02/12/2025","date_ts":1764633600000,"profit_abs":0.0,"wins":0,"draws":1,"losses":0,"trades":1,"profit_factor":0.0},{"date":"03/12/2025","date_ts":1764720000000,"profit_abs":0.0,"wins":0,"draws":0,"losses":0,"trades":0,"profit_factor":0.0},{"date":"04/12/2025","date_ts":1764806400000,"profit_abs":0.0,"wins":0,"draws":0,"losses":0,"trades":0,"profit_factor":0.0},{"date":"05/12/2025","date_ts":1764892800000,"profit_abs":0.0,"wins":0,"draws":0,"losses":0,"trades":0,"profit_factor":0.0},{"date":"06/12/2025","date_ts":1764979200000,"profit_abs":0.0,"wins":0,"draws":1,"losses":0,"trades":1,"profit_factor":0.0},{"date":"07/12/2025","date_ts":1765065600000,"profit_abs":0.0,"wins":0,"draws":0,"losses":0,"trades":0,"profit_factor":0.0},{"date":"08/12/2025","date_ts":1765152000000,"profit_abs":0.093692,"wins":1,"draws":0,"losses":0,"trades":1,"profit_factor":0.0},{"date":"09/12/2025","date_ts":1765238400000,"profit_abs":0.0,"wins":0,"draws":1,"losses":0,"trades":1,"profit_factor":0.0},{"date":"10/12/2025","date_ts":1765324800000,"profit_abs":0.0,"wins":0,"draws":0,"losses":0,"trades":0,"profit_factor":0.0},{"date":"11/12/2025","date_ts":1765411200000,"profit_abs":0.0,"wins":0,"draws":0,"losses":0,"trades":0,"profit_factor":0.0},{"date":"12/12/2025","date_ts":1765497600000,"profit_abs":0.0,"wins":0,"draws":1,"losses":0,"trades":1,"profit_factor":0.0},{"date":"13/12/2025","date_ts":1765584000000,"profit_abs":0.0,"wins":0,"draws":1,"losses":0,"trades":1,"profit_factor":0.0},{"date":"14/12/2025","date_ts":1765670400000,"profit_abs":0.0,"wins":0,"draws":0,"losses":0,"trades":0,"profit_factor":0.0},{"date":"15/12/2025","date_ts":1765756800000,"profit_abs":0.0,"wins":0,"draws":1,"losses":0,"trades":1,"profit_factor":0.0},{"date":"16/12/2025","date_ts":1765843200000,"profit_abs":0.0,"wins":0,"draws":1,"losses":0,"trades":1,"profit_factor":0.0},{"date":"17/12/2025","date_ts":1765929600000,"profit_abs":0.0,"wins":0,"draws":0,"losses":0,"trades":0,"profit_factor":0.0},{"date":"18/12/2025","date_ts":1766016000000,"profit_abs":-17.15647416,"wins":0,"draws":0,"losses":1,"trades":1,"profit_factor":0.0},{"date":"19/12/2025","date_ts":1766102400000,"profit_abs":0.23610093,"wins":1,"draws":0,"losses":0,"trades":1,"profit_factor":0.0},{"date":"20/12/2025","date_ts":1766188800000,"profit_abs":0.0,"wins":0,"draws":0,"losses":0,"trades":0,"profit_factor":0.0},{"date":"21/12/2025","date_ts":1766275200000,"profit_abs":0.0,"wins":0,"draws":0,"losses":0,"trades":0,"profit_factor":0.0},{"date":"22/12/2025","date_ts":1766361600000,"profit_abs":0.92816544,"wins":1,"draws":0,"losses":0,"trades":1,"profit_factor":0.0},{"date":"23/12/2025","date_ts":1766448000000,"profit_abs":0.0,"wins":0,"draws":0,"losses":0,"trades":0,"profit_factor":0.0},{"date":"24/12/2025","date_ts":1766534400000,"profit_abs":0.0,"wins":0,"draws":0,"losses":0,"trades":0,"profit_factor":0.0},{"date":"25/12/2025","date_ts":1766620800000,"profit_abs":0.0,"wins":0,"draws":1,"losses":0,"trades":1,"profit_factor":0.0},{"date":"26/12/2025","date_ts":1766707200000,"profit_abs":0.0,"wins":0,"draws":0,"losses":0,"trades":0,"profit_factor":0.0},{"date":"27/12/2025","date_ts":1766793600000,"profit_abs":0.249789,"wins":1,"draws":0,"losses":0,"trades":1,"profit_factor":0.0},{"date":"28/12/2025","date_ts":1766880000000,"profit_abs":0.0,"wins":0,"draws":0,"losses":0,"trades":0,"profit_factor":0.0},{"date":"29/12/2025","date_ts":1766966400000,"profit_abs":3.8188755,"wins":1,"draws":0,"losses":0,"trades":1,"profit_factor":0.0},{"date":"30/12/2025","date_ts":1767052800000,"profit_abs":0.0,"wins":0,"draws":1,"losses":0,"trades":1,"profit_factor":0.0},{"date":"31/12/2025","date_ts":1767139200000,"profit_abs":0.0,"wins":0,"draws":0,"losses":0,"trades":0,"profit_factor":0.0},{"date":"01/01/2026","date_ts":1767225600000,"profit_abs":16.322782,"wins":1,"draws":0,"losses":0,"trades":1,"profit_factor":0.0},{"date":"02/01/2026","date_ts":1767312000000,"profit_abs":0.0,"wins":0,"draws":0,"losses":0,"trades":0,"profit_factor":0.0},{"date":"03/01/2026","date_ts":1767398400000,"profit_abs":0.0,"wins":0,"draws":0,"losses":0,"trades":0,"profit_factor":0.0},{"date":"04/01/2026","date_ts":1767484800000,"profit_abs":1.194102,"wins":1,"draws":0,"losses":0,"trades":1,"profit_factor":0.0},{"date":"05/01/2026","date_ts":1767571200000,"profit_abs":0.0,"wins":0,"draws":0,"losses":0,"trades":0,"profit_factor":0.0},{"date":"06/01/2026","date_ts":1767657600000,"profit_abs":0.0,"wins":0,"draws":1,"losses":0,"trades":1,"profit_factor":0.0}],"week":[{"date":"06/10/2025","date_ts":1759708800000,"profit_abs":2.18011662,"wins":1,"draws":2,"losses":0,"trades":3,"profit_factor":0.0},{"date":"13/10/2025","date_ts":1760313600000,"profit_abs":18.61720454,"wins":3,"draws":0,"losses":0,"trades":3,"profit_factor":0.0},{"date":"20/10/2025","date_ts":1760918400000,"profit_abs":0.0,"wins":0,"draws":2,"losses":0,"trades":2,"profit_factor":0.0},{"date":"27/10/2025","date_ts":1761523200000,"profit_abs":-13.20128032,"wins":1,"draws":2,"losses":1,"trades":4,"profit_factor":0.02167756},{"date":"03/11/2025","date_ts":1762128000000,"profit_abs":-15.20861984,"wins":1,"draws":0,"losses":1,"trades":2,"profit_factor":0.11931667},{"date":"10/11/2025","date_ts":1762732800000,"profit_abs":0.8801172,"wins":1,"draws":2,"losses":0,"trades":3,"profit_factor":0.0},{"date":"17/11/2025","date_ts":1763337600000,"profit_abs":2.80095025,"wins":3,"draws":1,"losses":0,"trades":4,"profit_factor":0.0},{"date":"24/11/2025","date_ts":1763942400000,"profit_abs":5.32031613,"wins":2,"draws":2,"losses":0,"trades":4,"profit_factor":0.0},{"date":"01/12/2025","date_ts":1764547200000,"profit_abs":0.0,"wins":0,"draws":3,"losses":0,"trades":3,"profit_factor":0.0},{"date":"08/12/2025","date_ts":1765152000000,"profit_abs":0.093692,"wins":1,"draws":2,"losses":0,"trades":3,"profit_factor":0.0},{"date":"15/12/2025","date_ts":1765756800000,"profit_abs":0.0,"wins":0,"draws":4,"losses":0,"trades":4,"profit_factor":0.0},{"date":"22/12/2025","date_ts":1766361600000,"profit_abs":-15.99220779,"wins":2,"draws":1,"losses":1,"trades":4,"profit_factor":0.06786163},{"date":"29/12/2025","date_ts":1766966400000,"profit_abs":4.0686645,"wins":2,"draws":1,"losses":0,"trades":3,"profit_factor":0.0},{"date":"05/01/2026","date_ts":1767571200000,"profit_abs":17.516884,"wins":2,"draws":1,"losses":0,"trades":3,"profit_factor":0.0},{"date":"12/01/2026","date_ts":1768176000000,"profit_abs":0.0,"wins":0,"draws":1,"losses":0,"trades":1,"profit_factor":0.0}],"month":[{"date":"31/10/2025","date_ts":1761868800000,"profit_abs":-7.612579,"wins":6,"draws":6,"losses":2,"trades":14,"profit_factor":0.75254031},{"date":"30/11/2025","date_ts":1764460800000,"profit_abs":9.00138358,"wins":6,"draws":8,"losses":0,"trades":14,"profit_factor":0.0},{"date":"31/12/2025","date_ts":1767139200000,"profit_abs":-11.82985129,"wins":5,"draws":9,"losses":1,"trades":15,"profit_factor":0.31047305},{"date":"31/01/2026","date_ts":1769817600000,"profit_abs":17.516884,"wins":2,"draws":1,"losses":0,"trades":3,"profit_factor":0.0}],"year":[{"date":"31/12/2025","date_ts":1767139200000,"profit_abs":-10.44104671,"wins":17,"draws":23,"losses":3,"trades":43,"profit_factor":0.78211223},{"date":"31/12/2026","date_ts":1798675200000,"profit_abs":17.516884,"wins":2,"draws":1,"losses":0,"trades":3,"profit_factor":0.0}],"weekday":[{"date":"Monday","date_ts":0,"profit_abs":8.21283068,"wins":6,"draws":1,"losses":0,"trades":7,"profit_factor":0.0},{"date":"Tuesday","date_ts":1,"profit_abs":5.15654733,"wins":1,"draws":5,"losses":0,"trades":6,"profit_factor":0.0},{"date":"Wednesday","date_ts":2,"profit_abs":-11.71017048,"wins":1,"draws":4,"losses":1,"trades":6,"profit_factor":0.13218095},{"date":"Thursday","date_ts":3,"profit_abs":-17.62637439,"wins":3,"draws":3,"losses":2,"trades":8,"profit_factor":0.48798624},{"date":"Friday","date_ts":4,"profit_abs":3.44918139,"wins":4,"draws":1,"losses":0,"trades":5,"profit_factor":0.0},{"date":"Saturday","date_ts":5,"profit_abs":1.83860876,"wins":2,"draws":4,"losses":0,"trades":6,"profit_factor":0.0},{"date":"Sunday","date_ts":6,"profit_abs":17.755214,"wins":2,"draws":6,"losses":0,"trades":8,"profit_factor":0.0}]},"backtest_best_day":0.04995004995004996,"backtest_worst_day":-0.051890465296576614,"backtest_best_day_abs":16.561112,"backtest_worst_day_abs":-17.26911296,"winning_days":19,"draw_days":72,"losing_days":3,"daily_profit":[["2025-10-05",0.0],["2025-10-06",2.18011662],["2025-10-07",0.0],["2025-10-08",1.7836224],["2025-10-09",0.0],["2025-10-10",0.27247014],["2025-10-11",0.0],["2025-10-12",16.561112],["2025-10-13",0.0],["2025-10-14",0.0],["2025-10-15",0.0],["2025-10-16",0.0],["2025-10-17",0.0],["2025-10-18",0.0],["2025-10-19",0.0],["2025-10-20",0.0],["2025-10-21",0.0],["2025-10-22",-13.49379288],["2025-10-23",0.29251256],["2025-10-24",0.0],["2025-10-25",0.0],["2025-10-26",0.0],["2025-10-27",0.0],["2025-10-28",0.0],["2025-10-29",0.0],["2025-10-30",-17.26911296],["2025-10-31",2.06049312],["2025-11-01",0.0],["2025-11-02",0.0],["2025-11-03",0.0],["2025-11-04",0.0],["2025-11-05",0.0],["2025-11-06",0.0],["2025-11-07",0.8801172],["2025-11-08",0.0],["2025-11-09",0.0],["2025-11-10",0.0],["2025-11-11",0.0],["2025-11-12",0.0],["2025-11-13",0.18391817],["2025-11-14",0.0],["2025-11-15",1.58881976],["2025-11-16",0.0],["2025-11-17",1.02821232],["2025-11-18",5.15654733],["2025-11-19",0.0],["2025-11-20",0.0],["2025-11-21",0.0],["2025-11-22",0.0],["2025-11-23",0.0],["2025-11-24",0.1637688],["2025-11-25",0.0],["2025-11-26",0.0],["2025-11-27",0.0],["2025-11-28",0.0],["2025-11-29",0.0],["2025-11-30",0.0],["2025-12-01",0.0],["2025-12-02",0.0],["2025-12-03",0.0],["2025-12-04",0.0],["2025-12-05",0.0],["2025-12-06",0.0],["2025-12-07",0.0],["2025-12-08",0.093692],["2025-12-09",0.0],["2025-12-10",0.0],["2025-12-11",0.0],["2025-12-12",0.0],["2025-12-13",0.0],["2025-12-14",0.0],["2025-12-15",0.0],["2025-12-16",0.0],["2025-12-17",0.0],["2025-12-18",-17.15647416],["2025-12-19",0.23610093],["2025-12-20",0.0],["2025-12-21",0.0],["2025-12-22",0.92816544],["2025-12-23",0.0],["2025-12-24",0.0],["2025-12-25",0.0],["2025-12-26",0.0],["2025-12-27",0.249789],["2025-12-28",0.0],["2025-12-29",3.8188755],["2025-12-30",0.0],["2025-12-31",0.0],["2026-01-01",16.322782],["2026-01-02",0.0],["2026-01-03",0.0],["2026-01-04",1.194102],["2026-01-05",0.0],["2026-01-06",0.0]],"wins":19,"losses":3,"draws":24,"winrate":0.41304347826086957,"holding_avg":"3:17:00","holding_avg_s":11820.0,"winner_holding_min":"0d 01:00","winner_holding_min_s":3600.0,"winner_holding_max":"0d 02:00","winner_holding_max_s":7200.0,"winner_holding_avg":"0d 01:54","winner_holding_avg_s":6840.0,"loser_holding_min":"0d 00:00","loser_holding_min_s":0.0,"loser_holding_max":"0d 08:00","loser_holding_max_s":28800.0,"loser_holding_avg":"0d 05:00","loser_holding_avg_s":18000.0,"max_consecutive_wins":4,"max_consecutive_losses":6,"max_drawdown_account":0.03572824691443675,"max_relative_drawdown":0.03572824691443675,"max_drawdown_abs":36.47129874,"drawdown_start":"2025-10-12 15:00:00","drawdown_start_ts":1760281200000.0,"drawdown_end":"2025-12-18 17:00:00","drawdown_end_ts":1766077200000.0,"drawdown_duration":"67 days 02:00:00","drawdown_duration_s":5796000.0,"max_drawdown_low":-15.673977579999999,"max_drawdown_high":20.797321160000003,"csum_min":984.32602242,"csum_max":1020.79732116}},"strategy_comparison":[{"key":"ACO_4_22","trades":46,"profit_mean":0.0005092867502397793,"profit_mean_pct":0.05,"profit_total_abs":7.075837290000002,"profit_total":0.007075837290000002,"profit_total_pct":0.71,"duration_avg":"3:17:00","wins":19,"draws":24,"losses":3,"winrate":0.41304347826086957,"cagr":0.02688691839075985,"expectancy":0.15382254978260845,"expectancy_ratio":-0.5121090465449697,"sortino":0.7946633616037495,"sharpe":0.2549422688450495,"calmar":3.9006845354942503,"sqn":0.1888,"profit_factor":1.1476612863104656,"max_drawdown_account":0.03572824691443675,"max_drawdown_abs":"36.471"}]}