{"strategy":{"ACO_19_20":{"trades":[{"pair":"DOGE/USDT","stake_amount":329.93064,"max_stake_amount":329.93064,"amount":1313.0,"open_date":"2025-10-10 04:00:00+00:00","close_date":"2025-10-10 06:00:00+00:00","open_rate":0.25128,"close_rate":0.25199,"fee_open":0.001,"fee_close":0.001,"trade_duration":120,"profit_ratio":0.0008218858505391456,"profit_abs":0.27143649,"exit_reason":"roi","initial_stop_loss_abs":0.23872,"initial_stop_loss_ratio":-0.05,"stop_loss_abs":0.23872,"stop_loss_ratio":-0.05,"min_rate":0.24856,"max_rate":0.25296,"is_open":false,"enter_tag":"","leverage":1.0,"is_short":false,"open_timestamp":1760068800000,"close_timestamp":1760076000000,"orders":[{"amount":1313.0,"safe_price":0.25128,"ft_order_side":"buy","order_filled_timestamp":1760068800000,"ft_is_entry":true,"ft_order_tag":"","cost":330.26057063999997},{"amount":1313.0,"safe_price":0.25199,"ft_order_side":"sell","order_filled_timestamp":1760076000000,"ft_is_entry":false,"ft_order_tag":"roi","cost":331.19373286999996}],"funding_fees":0.0,"weekday":4},{"pair":"DOGE/USDT","stake_amount":330.03,"max_stake_amount":330.03,"amount":1737.0,"open_date":"2025-10-18 18:00:00+00:00","close_date":"2025-10-19 03:00:00+00:00","open_rate":0.19,"close_rate":0.19038038038038035,"fee_open":0.001,"fee_close":0.001,"trade_duration":540,"profit_ratio":0.0,"profit_abs":0.0,"exit_reason":"roi","initial_stop_loss_abs":0.1805,"initial_stop_loss_ratio":-0.05,"stop_loss_abs":0.1805,"stop_loss_ratio":-0.05,"min_rate":0.18777,"max_rate":0.19078,"is_open":false,"enter_tag":"","leverage":1.0,"is_short":false,"open_timestamp":1760810400000,"close_timestamp":1760842800000,"orders":[{"amount":1737.0,"safe_price":0.19,"ft_order_side":"buy","order_filled_timestamp":1760810400000,"ft_is_entry":true,"ft_order_tag":"","cost":330.36003},{"amount":1737.0,"safe_price":0.19038038038038035,"ft_order_side":"sell","order_filled_timestamp":1760842800000,"ft_is_entry":false,"ft_order_tag":"roi","cost":331.02141144144133}],"funding_fees":0.0,"weekday":6},{"pair":"DOGE/USDT","stake_amount":329.90442,"max_stake_amount":329.90442,"amount":1698.0,"open_date":"2025-10-19 11:00:00+00:00","close_date":"2025-10-19 13:00:00+00:00","open_rate":0.19429,"close_rate":0.19467896896896894,"fee_open":0.001,"fee_close":0.001,"trade_duration":120,"profit_ratio":0.0,"profit_abs":0.0,"exit_reason":"roi","initial_stop_loss_abs":0.18458,"initial_stop_loss_ratio":-0.05,"stop_loss_abs":0.18458,"stop_loss_ratio":-0.05,"min_rate":0.19259,"max_rate":0.19805,"is_open":false,"enter_tag":"","leverage":1.0,"is_short":false,"open_timestamp":1760871600000,"close_timestamp":1760878800000,"orders":[{"amount":1698.0,"safe_price":0.19429,"ft_order_side":"buy","order_filled_timestamp":1760871600000,"ft_is_entry":true,"ft_order_tag":"","cost":330.23432441999995},{"amount":1698.0,"safe_price":0.19467896896896894,"ft_order_side":"sell","order_filled_timestamp":1760878800000,"ft_is_entry":false,"ft_order_tag":"roi","cost":330.89545419861855}],"funding_fees":0.0,"weekday":6},{"pair":"DOGE/USDT","stake_amount":330.0744,"max_stake_amount":330.0744,"amount":1657.0,"open_date":"2025-10-20 04:00:00+00:00","close_date":"2025-10-20 06:00:00+00:00","open_rate":0.1992,"close_rate":0.20135,"fee_open":0.001,"fee_close":0.001,"trade_duration":120,"profit_ratio":0.008773605912160129,"profit_abs":2.89883865,"exit_reason":"roi","initial_stop_loss_abs":0.18924,"initial_stop_loss_ratio":-0.05,"stop_loss_abs":0.18924,"stop_loss_ratio":-0.05,"min_rate":0.1992,"max_rate":0.20249,"is_open":false,"enter_tag":"","leverage":1.0,"is_short":false,"open_timestamp":1760932800000,"close_timestamp":1760940000000,"orders":[{"amount":1657.0,"safe_price":0.1992,"ft_order_side":"buy","order_filled_timestamp":1760932800000,"ft_is_entry":true,"ft_order_tag":"","cost":330.4044743999999},{"amount":1657.0,"safe_price":0.20135,"ft_order_side":"sell","order_filled_timestamp":1760940000000,"ft_is_entry":false,"ft_order_tag":"roi","cost":333.97058695}],"funding_fees":0.0,"weekday":0},{"pair":"DOGE/USDT","stake_amount":330.95568,"max_stake_amount":330.95568,"amount":1672.0,"open_date":"2025-10-25 19:00:00+00:00","close_date":"2025-10-26 09:00:00+00:00","open_rate":0.19794,"close_rate":0.19833627627627626,"fee_open":0.001,"fee_close":0.001,"trade_duration":840,"profit_ratio":0.0,"profit_abs":0.0,"exit_reason":"roi","initial_stop_loss_abs":0.18805,"initial_stop_loss_ratio":-0.05,"stop_loss_abs":0.18805,"stop_loss_ratio":-0.05,"min_rate":0.19465,"max_rate":0.20094,"is_open":false,"enter_tag":"","leverage":1.0,"is_short":false,"open_timestamp":1761418800000,"close_timestamp":1761469200000,"orders":[{"amount":1672.0,"safe_price":0.19794,"ft_order_side":"buy","order_filled_timestamp":1761418800000,"ft_is_entry":true,"ft_order_tag":"","cost":331.28663568},{"amount":1672.0,"safe_price":0.19833627627627626,"ft_order_side":"sell","order_filled_timestamp":1761469200000,"ft_is_entry":false,"ft_order_tag":"roi","cost":331.9498721878678}],"funding_fees":0.0,"weekday":6},{"pair":"DOGE/USDT","stake_amount":330.99425,"max_stake_amount":330.99425,"amount":1615.0,"open_date":"2025-10-27 17:00:00+00:00","close_date":"2025-10-28 20:00:00+00:00","open_rate":0.20495,"close_rate":0.19471,"fee_open":0.001,"fee_close":0.001,"trade_duration":1620,"profit_ratio":-0.05186158072227846,"profit_abs":-17.1830509,"exit_reason":"stop_loss","initial_stop_loss_abs":0.19471,"initial_stop_loss_ratio":-0.05,"stop_loss_abs":0.19471,"stop_loss_ratio":-0.05,"min_rate":0.19189,"max_rate":0.20569,"is_open":false,"enter_tag":"","leverage":1.0,"is_short":false,"open_timestamp":1761584400000,"close_timestamp":1761681600000,"orders":[{"amount":1615.0,"safe_price":0.20495,"ft_order_side":"buy","order_filled_timestamp":1761584400000,"ft_is_entry":true,"ft_order_tag":"","cost":331.3252442499999},{"amount":1615.0,"safe_price":0.19471,"ft_order_side":"sell","order_filled_timestamp":1761681600000,"ft_is_entry":false,"ft_order_tag":"stop_loss","cost":314.7711066499999}],"funding_fees":0.0,"weekday":1},{"pair":"DOGE/USDT","stake_amount":325.28366,"max_stake_amount":325.28366,"amount":1742.0,"open_date":"2025-10-31 12:00:00+00:00","close_date":"2025-10-31 15:00:00+00:00","open_rate":0.18673,"close_rate":0.1871038338338338,"fee_open":0.001,"fee_close":0.001,"trade_duration":180,"profit_ratio":0.0,"profit_abs":0.0,"exit_reason":"roi","initial_stop_loss_abs":0.1774,"initial_stop_loss_ratio":-0.05,"stop_loss_abs":0.1774,"stop_loss_ratio":-0.05,"min_rate":0.18458,"max_rate":0.18735,"is_open":false,"enter_tag":"","leverage":1.0,"is_short":false,"open_timestamp":1761912000000,"close_timestamp":1761922800000,"orders":[{"amount":1742.0,"safe_price":0.18673,"ft_order_side":"buy","order_filled_timestamp":1761912000000,"ft_is_entry":true,"ft_order_tag":"","cost":325.60894365999997},{"amount":1742.0,"safe_price":0.1871038338338338,"ft_order_side":"sell","order_filled_timestamp":1761922800000,"ft_is_entry":false,"ft_order_tag":"roi","cost":326.260813417077}],"funding_fees":0.0,"weekday":4},{"pair":"DOGE/USDT","stake_amount":325.3626,"max_stake_amount":325.3626,"amount":1740.0,"open_date":"2025-11-01 04:00:00+00:00","close_date":"2025-11-01 08:00:00+00:00","open_rate":0.18699,"close_rate":0.1873643543543543,"fee_open":0.001,"fee_close":0.001,"trade_duration":240,"profit_ratio":0.0,"profit_abs":0.0,"exit_reason":"roi","initial_stop_loss_abs":0.17765,"initial_stop_loss_ratio":-0.05,"stop_loss_abs":0.17765,"stop_loss_ratio":-0.05,"min_rate":0.18556,"max_rate":0.18785,"is_open":false,"enter_tag":"","leverage":1.0,"is_short":false,"open_timestamp":1761969600000,"close_timestamp":1761984000000,"orders":[{"amount":1740.0,"safe_price":0.18699,"ft_order_side":"buy","order_filled_timestamp":1761969600000,"ft_is_entry":true,"ft_order_tag":"","cost":325.68796259999993},{"amount":1740.0,"safe_price":0.1873643543543543,"ft_order_side":"sell","order_filled_timestamp":1761984000000,"ft_is_entry":false,"ft_order_tag":"roi","cost":326.33999055315303}],"funding_fees":0.0,"weekday":5},{"pair":"DOGE/USDT","stake_amount":325.2746,"max_stake_amount":325.2746,"amount":1730.0,"open_date":"2025-11-02 05:00:00+00:00","close_date":"2025-11-02 07:00:00+00:00","open_rate":0.18802,"close_rate":0.18839641641641638,"fee_open":0.001,"fee_close":0.001,"trade_duration":120,"profit_ratio":0.0,"profit_abs":0.0,"exit_reason":"roi","initial_stop_loss_abs":0.17862,"initial_stop_loss_ratio":-0.05,"stop_loss_abs":0.17862,"stop_loss_ratio":-0.05,"min_rate":0.18701,"max_rate":0.18884,"is_open":false,"enter_tag":"","leverage":1.0,"is_short":false,"open_timestamp":1762059600000,"close_timestamp":1762066800000,"orders":[{"amount":1730.0,"safe_price":0.18802,"ft_order_side":"buy","order_filled_timestamp":1762059600000,"ft_is_entry":true,"ft_order_tag":"","cost":325.5998745999999},{"amount":1730.0,"safe_price":0.18839641641641638,"ft_order_side":"sell","order_filled_timestamp":1762066800000,"ft_is_entry":false,"ft_order_tag":"roi","cost":326.2517262008007}],"funding_fees":0.0,"weekday":6},{"pair":"DOGE/USDT","stake_amount":325.2747,"max_stake_amount":325.2747,"amount":1966.0,"open_date":"2025-11-07 15:00:00+00:00","close_date":"2025-11-07 16:00:00+00:00","open_rate":0.16545,"close_rate":0.174062012012012,"fee_open":0.001,"fee_close":0.001,"trade_duration":60,"profit_ratio":0.04995004995004995,"profit_abs":16.263735,"exit_reason":"roi","initial_stop_loss_abs":0.15718,"initial_stop_loss_ratio":-0.05,"stop_loss_abs":0.15718,"stop_loss_ratio":-0.05,"min_rate":0.16408,"max_rate":0.17555,"is_open":false,"enter_tag":"","leverage":1.0,"is_short":false,"open_timestamp":1762527600000,"close_timestamp":1762531200000,"orders":[{"amount":1966.0,"safe_price":0.16545,"ft_order_side":"buy","order_filled_timestamp":1762527600000,"ft_is_entry":true,"ft_order_tag":"","cost":325.5999747},{"amount":1966.0,"safe_price":0.174062012012012,"ft_order_side":"sell","order_filled_timestamp":1762531200000,"ft_is_entry":false,"ft_order_tag":"roi","cost":342.5481215312312}],"funding_fees":0.0,"weekday":4},{"pair":"DOGE/USDT","stake_amount":330.70928,"max_stake_amount":330.70928,"amount":1804.0,"open_date":"2025-11-10 23:00:00+00:00","close_date":"2025-11-11 01:00:00+00:00","open_rate":0.18332,"close_rate":0.183687007007007,"fee_open":0.001,"fee_close":0.001,"trade_duration":120,"profit_ratio":0.0,"profit_abs":0.0,"exit_reason":"roi","initial_stop_loss_abs":0.17416,"initial_stop_loss_ratio":-0.05,"stop_loss_abs":0.17416,"stop_loss_ratio":-0.05,"min_rate":0.17933,"max_rate":0.1864,"is_open":false,"enter_tag":"","leverage":1.0,"is_short":false,"open_timestamp":1762815600000,"close_timestamp":1762822800000,"orders":[{"amount":1804.0,"safe_price":0.18332,"ft_order_side":"buy","order_filled_timestamp":1762815600000,"ft_is_entry":true,"ft_order_tag":"","cost":331.03998928},{"amount":1804.0,"safe_price":0.183687007007007,"ft_order_side":"sell","order_filled_timestamp":1762822800000,"ft_is_entry":false,"ft_order_tag":"roi","cost":331.7027320012812}],"funding_fees":0.0,"weekday":1},{"pair":"DOGE/USDT","stake_amount":330.66801,"max_stake_amount":330.66801,"amount":2139.0,"open_date":"2025-11-20 00:00:00+00:00","close_date":"2025-11-20 02:00:00+00:00","open_rate":0.15459,"close_rate":0.15629,"fee_open":0.001,"fee_close":0.001,"trade_duration":120,"profit_ratio":0.008976856638413013,"profit_abs":2.97132768,"exit_reason":"roi","initial_stop_loss_abs":0.14687,"initial_stop_loss_ratio":-0.05,"stop_loss_abs":0.14687,"stop_loss_ratio":-0.05,"min_rate":0.15375,"max_rate":0.15833,"is_open":false,"enter_tag":"","leverage":1.0,"is_short":false,"open_timestamp":1763596800000,"close_timestamp":1763604000000,"orders":[{"amount":2139.0,"safe_price":0.15459,"ft_order_side":"buy","order_filled_timestamp":1763596800000,"ft_is_entry":true,"ft_order_tag":"","cost":330.99867801},{"amount":2139.0,"safe_price":0.15629,"ft_order_side":"sell","order_filled_timestamp":1763604000000,"ft_is_entry":false,"ft_order_tag":"roi","cost":334.63861431}],"funding_fees":0.0,"weekday":3},{"pair":"DOGE/USDT","stake_amount":331.6014,"max_stake_amount":331.6014,"amount":2340.0,"open_date":"2025-11-23 02:00:00+00:00","close_date":"2025-11-23 04:00:00+00:00","open_rate":0.14171,"close_rate":0.14289,"fee_open":0.001,"fee_close":0.001,"trade_duration":120,"profit_ratio":0.006312225633374457,"profit_abs":2.095236,"exit_reason":"roi","initial_stop_loss_abs":0.13463,"initial_stop_loss_ratio":-0.05,"stop_loss_abs":0.13463,"stop_loss_ratio":-0.05,"min_rate":0.14124,"max_rate":0.1447,"is_open":false,"enter_tag":"","leverage":1.0,"is_short":false,"open_timestamp":1763863200000,"close_timestamp":1763870400000,"orders":[{"amount":2340.0,"safe_price":0.14171,"ft_order_side":"buy","order_filled_timestamp":1763863200000,"ft_is_entry":true,"ft_order_tag":"","cost":331.93300139999997},{"amount":2340.0,"safe_price":0.14289,"ft_order_side":"sell","order_filled_timestamp":1763870400000,"ft_is_entry":false,"ft_order_tag":"roi","cost":334.69696259999995}],"funding_fees":0.0,"weekday":6},{"pair":"DOGE/USDT","stake_amount":332.3556,"max_stake_amount":332.3556,"amount":2280.0,"open_date":"2025-11-24 14:00:00+00:00","close_date":"2025-11-24 16:00:00+00:00","open_rate":0.14577,"close_rate":0.14682,"fee_open":0.001,"fee_close":0.001,"trade_duration":120,"profit_ratio":0.005190734353113443,"profit_abs":1.7268948,"exit_reason":"roi","initial_stop_loss_abs":0.13849,"initial_stop_loss_ratio":-0.05,"stop_loss_abs":0.13849,"stop_loss_ratio":-0.05,"min_rate":0.14279,"max_rate":0.14854,"is_open":false,"enter_tag":"","leverage":1.0,"is_short":false,"open_timestamp":1763992800000,"close_timestamp":1764000000000,"orders":[{"amount":2280.0,"safe_price":0.14577,"ft_order_side":"buy","order_filled_timestamp":1763992800000,"ft_is_entry":true,"ft_order_tag":"","cost":332.6879556},{"amount":2280.0,"safe_price":0.14682,"ft_order_side":"sell","order_filled_timestamp":1764000000000,"ft_is_entry":false,"ft_order_tag":"roi","cost":335.08434959999994}],"funding_fees":0.0,"weekday":0},{"pair":"DOGE/USDT","stake_amount":332.89536,"max_stake_amount":332.89536,"amount":2256.0,"open_date":"2025-11-24 17:00:00+00:00","close_date":"2025-11-24 19:00:00+00:00","open_rate":0.14756,"close_rate":0.15254,"fee_open":0.001,"fee_close":0.001,"trade_duration":120,"profit_ratio":0.03168355092995917,"profit_abs":10.5578544,"exit_reason":"roi","initial_stop_loss_abs":0.14019,"initial_stop_loss_ratio":-0.05,"stop_loss_abs":0.14019,"stop_loss_ratio":-0.05,"min_rate":0.14755,"max_rate":0.15331,"is_open":false,"enter_tag":"","leverage":1.0,"is_short":false,"open_timestamp":1764003600000,"close_timestamp":1764010800000,"orders":[{"amount":2256.0,"safe_price":0.14756,"ft_order_side":"buy","order_filled_timestamp":1764003600000,"ft_is_entry":true,"ft_order_tag":"","cost":333.22825535999993},{"amount":2256.0,"safe_price":0.15254,"ft_order_side":"sell","order_filled_timestamp":1764010800000,"ft_is_entry":false,"ft_order_tag":"roi","cost":344.47437024}],"funding_fees":0.0,"weekday":0},{"pair":"DOGE/USDT","stake_amount":336.4452,"max_stake_amount":336.4452,"amount":2212.0,"open_date":"2025-11-26 17:00:00+00:00","close_date":"2025-11-26 19:00:00+00:00","open_rate":0.1521,"close_rate":0.15666,"fee_open":0.001,"fee_close":0.001,"trade_duration":120,"profit_ratio":0.02792237348450366,"profit_abs":9.40374288,"exit_reason":"roi","initial_stop_loss_abs":0.1445,"initial_stop_loss_ratio":-0.05,"stop_loss_abs":0.1445,"stop_loss_ratio":-0.05,"min_rate":0.152,"max_rate":0.15681,"is_open":false,"enter_tag":"","leverage":1.0,"is_short":false,"open_timestamp":1764176400000,"close_timestamp":1764183600000,"orders":[{"amount":2212.0,"safe_price":0.1521,"ft_order_side":"buy","order_filled_timestamp":1764176400000,"ft_is_entry":true,"ft_order_tag":"","cost":336.7816452},{"amount":2212.0,"safe_price":0.15666,"ft_order_side":"sell","order_filled_timestamp":1764183600000,"ft_is_entry":false,"ft_order_tag":"roi","cost":346.87845192}],"funding_fees":0.0,"weekday":2},{"pair":"DOGE/USDT","stake_amount":339.52636,"max_stake_amount":339.52636,"amount":2203.0,"open_date":"2025-11-27 19:00:00+00:00","close_date":"2025-11-27 21:00:00+00:00","open_rate":0.15412,"close_rate":0.15442854854854854,"fee_open":0.001,"fee_close":0.001,"trade_duration":120,"profit_ratio":0.0,"profit_abs":0.0,"exit_reason":"roi","initial_stop_loss_abs":0.14642,"initial_stop_loss_ratio":-0.05,"stop_loss_abs":0.14642,"stop_loss_ratio":-0.05,"min_rate":0.1537,"max_rate":0.1548,"is_open":false,"enter_tag":"","leverage":1.0,"is_short":false,"open_timestamp":1764270000000,"close_timestamp":1764277200000,"orders":[{"amount":2203.0,"safe_price":0.15412,"ft_order_side":"buy","order_filled_timestamp":1764270000000,"ft_is_entry":true,"ft_order_tag":"","cost":339.86588636},{"amount":2203.0,"safe_price":0.15442854854854854,"ft_order_side":"sell","order_filled_timestamp":1764277200000,"ft_is_entry":false,"ft_order_tag":"roi","cost":340.54629854490486}],"funding_fees":0.0,"weekday":3},{"pair":"DOGE/USDT","stake_amount":339.53178,"max_stake_amount":339.53178,"amount":2226.0,"open_date":"2025-11-28 14:00:00+00:00","close_date":"2025-11-28 16:00:00+00:00","open_rate":0.15253,"close_rate":0.15376,"fee_open":0.001,"fee_close":0.001,"trade_duration":120,"profit_ratio":0.0060498735513486715,"profit_abs":2.05617846,"exit_reason":"roi","initial_stop_loss_abs":0.14491,"initial_stop_loss_ratio":-0.05,"stop_loss_abs":0.14491,"stop_loss_ratio":-0.05,"min_rate":0.15034,"max_rate":0.15554,"is_open":false,"enter_tag":"","leverage":1.0,"is_short":false,"open_timestamp":1764338400000,"close_timestamp":1764345600000,"orders":[{"amount":2226.0,"safe_price":0.15253,"ft_order_side":"buy","order_filled_timestamp":1764338400000,"ft_is_entry":true,"ft_order_tag":"","cost":339.8713117799999},{"amount":2226.0,"safe_price":0.15376,"ft_order_side":"sell","order_filled_timestamp":1764345600000,"ft_is_entry":false,"ft_order_tag":"roi","cost":342.61202976}],"funding_fees":0.0,"weekday":4},{"pair":"DOGE/USDT","stake_amount":340.2035,"max_stake_amount":340.2035,"amount":2275.0,"open_date":"2025-11-30 13:00:00+00:00","close_date":"2025-11-30 16:00:00+00:00","open_rate":0.14954,"close_rate":0.14983937937937936,"fee_open":0.001,"fee_close":0.001,"trade_duration":180,"profit_ratio":0.0,"profit_abs":0.0,"exit_reason":"roi","initial_stop_loss_abs":0.14207,"initial_stop_loss_ratio":-0.05,"stop_loss_abs":0.14207,"stop_loss_ratio":-0.05,"min_rate":0.14894,"max_rate":0.15059,"is_open":false,"enter_tag":"","leverage":1.0,"is_short":false,"open_timestamp":1764507600000,"close_timestamp":1764518400000,"orders":[{"amount":2275.0,"safe_price":0.14954,"ft_order_side":"buy","order_filled_timestamp":1764507600000,"ft_is_entry":true,"ft_order_tag":"","cost":340.5437035},{"amount":2275.0,"safe_price":0.14983937937937936,"ft_order_side":"sell","order_filled_timestamp":1764518400000,"ft_is_entry":false,"ft_order_tag":"roi","cost":341.2254726761761}],"funding_fees":0.0,"weekday":6},{"pair":"DOGE/USDT","stake_amount":340.18725,"max_stake_amount":340.18725,"amount":2405.0,"open_date":"2025-12-07 18:00:00+00:00","close_date":"2025-12-07 20:00:00+00:00","open_rate":0.14145,"close_rate":0.1421,"fee_open":0.001,"fee_close":0.001,"trade_duration":120,"profit_ratio":0.0025880800005932563,"profit_abs":0.88131225,"exit_reason":"roi","initial_stop_loss_abs":0.13438,"initial_stop_loss_ratio":-0.05,"stop_loss_abs":0.13438,"stop_loss_ratio":-0.05,"min_rate":0.14126,"max_rate":0.14291,"is_open":false,"enter_tag":"","leverage":1.0,"is_short":false,"open_timestamp":1765130400000,"close_timestamp":1765137600000,"orders":[{"amount":2405.0,"safe_price":0.14145,"ft_order_side":"buy","order_filled_timestamp":1765130400000,"ft_is_entry":true,"ft_order_tag":"","cost":340.52743725},{"amount":2405.0,"safe_price":0.1421,"ft_order_side":"sell","order_filled_timestamp":1765137600000,"ft_is_entry":false,"ft_order_tag":"roi","cost":342.0922505}],"funding_fees":0.0,"weekday":6},{"pair":"DOGE/USDT","stake_amount":340.4401,"max_stake_amount":340.4401,"amount":2327.0,"open_date":"2025-12-09 16:00:00+00:00","close_date":"2025-12-09 18:00:00+00:00","open_rate":0.1463,"close_rate":0.15095,"fee_open":0.001,"fee_close":0.001,"trade_duration":120,"profit_ratio":0.029722498963783994,"profit_abs":10.12884925,"exit_reason":"roi","initial_stop_loss_abs":0.13899,"initial_stop_loss_ratio":-0.05,"stop_loss_abs":0.13899,"stop_loss_ratio":-0.05,"min_rate":0.1463,"max_rate":0.15319,"is_open":false,"enter_tag":"","leverage":1.0,"is_short":false,"open_timestamp":1765296000000,"close_timestamp":1765303200000,"orders":[{"amount":2327.0,"safe_price":0.1463,"ft_order_side":"buy","order_filled_timestamp":1765296000000,"ft_is_entry":true,"ft_order_tag":"","cost":340.7805401},{"amount":2327.0,"safe_price":0.15095,"ft_order_side":"sell","order_filled_timestamp":1765303200000,"ft_is_entry":false,"ft_order_tag":"roi","cost":351.61191064999997}],"funding_fees":0.0,"weekday":1},{"pair":"DOGE/USDT","stake_amount":343.80645,"max_stake_amount":343.80645,"amount":2355.0,"open_date":"2025-12-10 14:00:00+00:00","close_date":"2025-12-10 17:00:00+00:00","open_rate":0.14599,"close_rate":0.14628227227227228,"fee_open":0.001,"fee_close":0.001,"trade_duration":180,"profit_ratio":0.0,"profit_abs":0.0,"exit_reason":"roi","initial_stop_loss_abs":0.1387,"initial_stop_loss_ratio":-0.05,"stop_loss_abs":0.1387,"stop_loss_ratio":-0.05,"min_rate":0.14456,"max_rate":0.14681,"is_open":false,"enter_tag":"","leverage":1.0,"is_short":false,"open_timestamp":1765375200000,"close_timestamp":1765386000000,"orders":[{"amount":2355.0,"safe_price":0.14599,"ft_order_side":"buy","order_filled_timestamp":1765375200000,"ft_is_entry":true,"ft_order_tag":"","cost":344.15025645000003},{"amount":2355.0,"safe_price":0.14628227227227228,"ft_order_side":"sell","order_filled_timestamp":1765386000000,"ft_is_entry":false,"ft_order_tag":"roi","cost":344.8392459524024}],"funding_fees":0.0,"weekday":2},{"pair":"DOGE/USDT","stake_amount":343.8734,"max_stake_amount":343.8734,"amount":2470.0,"open_date":"2025-12-13 23:00:00+00:00","close_date":"2025-12-15 15:00:00+00:00","open_rate":0.13922,"close_rate":0.13226,"fee_open":0.001,"fee_close":0.001,"trade_duration":2400,"profit_ratio":-0.05189093337347898,"profit_abs":-17.8617556,"exit_reason":"stop_loss","initial_stop_loss_abs":0.13226,"initial_stop_loss_ratio":-0.05,"stop_loss_abs":0.13226,"stop_loss_ratio":-0.05,"min_rate":0.12977,"max_rate":0.13925,"is_open":false,"enter_tag":"","leverage":1.0,"is_short":false,"open_timestamp":1765666800000,"close_timestamp":1765810800000,"orders":[{"amount":2470.0,"safe_price":0.13922,"ft_order_side":"buy","order_filled_timestamp":1765666800000,"ft_is_entry":true,"ft_order_tag":"","cost":344.21727339999995},{"amount":2470.0,"safe_price":0.13226,"ft_order_side":"sell","order_filled_timestamp":1765810800000,"ft_is_entry":false,"ft_order_tag":"stop_loss","cost":327.0088821999999}],"funding_fees":0.0,"weekday":0},{"pair":"DOGE/USDT","stake_amount":337.95204,"max_stake_amount":337.95204,"amount":2676.0,"open_date":"2025-12-26 03:00:00+00:00","close_date":"2025-12-26 07:00:00+00:00","open_rate":0.12629,"close_rate":0.12654283283283282,"fee_open":0.001,"fee_close":0.001,"trade_duration":240,"profit_ratio":0.0,"profit_abs":0.0,"exit_reason":"roi","initial_stop_loss_abs":0.11998,"initial_stop_loss_ratio":-0.05,"stop_loss_abs":0.11998,"stop_loss_ratio":-0.05,"min_rate":0.12522,"max_rate":0.12669,"is_open":false,"enter_tag":"","leverage":1.0,"is_short":false,"open_timestamp":1766718000000,"close_timestamp":1766732400000,"orders":[{"amount":2676.0,"safe_price":0.12629,"ft_order_side":"buy","order_filled_timestamp":1766718000000,"ft_is_entry":true,"ft_order_tag":"","cost":338.28999203999996},{"amount":2676.0,"safe_price":0.12654283283283282,"ft_order_side":"sell","order_filled_timestamp":1766732400000,"ft_is_entry":false,"ft_order_tag":"roi","cost":338.9672492813213}],"funding_fees":0.0,"weekday":4},{"pair":"DOGE/USDT","stake_amount":337.9158,"max_stake_amount":337.9158,"amount":2754.0,"open_date":"2025-12-27 08:00:00+00:00","close_date":"2025-12-27 11:00:00+00:00","open_rate":0.1227,"close_rate":0.12294564564564564,"fee_open":0.001,"fee_close":0.001,"trade_duration":180,"profit_ratio":0.0,"profit_abs":0.0,"exit_reason":"roi","initial_stop_loss_abs":0.11657,"initial_stop_loss_ratio":-0.05,"stop_loss_abs":0.11657,"stop_loss_ratio":-0.05,"min_rate":0.12204,"max_rate":0.12312,"is_open":false,"enter_tag":"","leverage":1.0,"is_short":false,"open_timestamp":1766822400000,"close_timestamp":1766833200000,"orders":[{"amount":2754.0,"safe_price":0.1227,"ft_order_side":"buy","order_filled_timestamp":1766822400000,"ft_is_entry":true,"ft_order_tag":"","cost":338.25371579999995},{"amount":2754.0,"safe_price":0.12294564564564564,"ft_order_side":"sell","order_filled_timestamp":1766833200000,"ft_is_entry":false,"ft_order_tag":"roi","cost":338.93090041621616}],"funding_fees":0.0,"weekday":5},{"pair":"DOGE/USDT","stake_amount":337.90847,"max_stake_amount":337.90847,"amount":2747.0,"open_date":"2025-12-27 21:00:00+00:00","close_date":"2025-12-27 23:00:00+00:00","open_rate":0.12301,"close_rate":0.12327,"fee_open":0.001,"fee_close":0.001,"trade_duration":120,"profit_ratio":0.0001114242232850476,"profit_abs":0.03768884,"exit_reason":"roi","initial_stop_loss_abs":0.11686,"initial_stop_loss_ratio":-0.05,"stop_loss_abs":0.11686,"stop_loss_ratio":-0.05,"min_rate":0.12301,"max_rate":0.12492,"is_open":false,"enter_tag":"","leverage":1.0,"is_short":false,"open_timestamp":1766869200000,"close_timestamp":1766876400000,"orders":[{"amount":2747.0,"safe_price":0.12301,"ft_order_side":"buy","order_filled_timestamp":1766869200000,"ft_is_entry":true,"ft_order_tag":"","cost":338.2463784699999},{"amount":2747.0,"safe_price":0.12327,"ft_order_side":"sell","order_filled_timestamp":1766876400000,"ft_is_entry":false,"ft_order_tag":"roi","cost":338.96131269}],"funding_fees":0.0,"weekday":5},{"pair":"DOGE/USDT","stake_amount":337.92528,"max_stake_amount":337.92528,"amount":2706.0,"open_date":"2025-12-30 15:00:00+00:00","close_date":"2025-12-31 16:00:00+00:00","open_rate":0.12488,"close_rate":0.11864,"fee_open":0.001,"fee_close":0.001,"trade_duration":1500,"profit_ratio":-0.051866135146083896,"profit_abs":-17.54440512,"exit_reason":"stop_loss","initial_stop_loss_abs":0.11864,"initial_stop_loss_ratio":-0.05,"stop_loss_abs":0.11864,"stop_loss_ratio":-0.05,"min_rate":0.11626,"max_rate":0.12508,"is_open":false,"enter_tag":"","leverage":1.0,"is_short":false,"open_timestamp":1767106800000,"close_timestamp":1767196800000,"orders":[{"amount":2706.0,"safe_price":0.12488,"ft_order_side":"buy","order_filled_timestamp":1767106800000,"ft_is_entry":true,"ft_order_tag":"","cost":338.26320527999997},{"amount":2706.0,"safe_price":0.11864,"ft_order_side":"sell","order_filled_timestamp":1767196800000,"ft_is_entry":false,"ft_order_tag":"stop_loss","cost":321.36087983999994}],"funding_fees":0.0,"weekday":2},{"pair":"DOGE/USDT","stake_amount":332.15601,"max_stake_amount":332.15601,"amount":2759.0,"open_date":"2026-01-01 09:00:00+00:00","close_date":"2026-01-01 11:00:00+00:00","open_rate":0.12039,"close_rate":0.120631021021021,"fee_open":0.001,"fee_close":0.001,"trade_duration":120,"profit_ratio":0.0,"profit_abs":0.0,"exit_reason":"roi","initial_stop_loss_abs":0.11438,"initial_stop_loss_ratio":-0.05,"stop_loss_abs":0.11438,"stop_loss_ratio":-0.05,"min_rate":0.12021,"max_rate":0.12126,"is_open":false,"enter_tag":"","leverage":1.0,"is_short":false,"open_timestamp":1767258000000,"close_timestamp":1767265200000,"orders":[{"amount":2759.0,"safe_price":0.12039,"ft_order_side":"buy","order_filled_timestamp":1767258000000,"ft_is_entry":true,"ft_order_tag":"","cost":332.48816600999993},{"amount":2759.0,"safe_price":0.120631021021021,"ft_order_side":"sell","order_filled_timestamp":1767265200000,"ft_is_entry":false,"ft_order_tag":"roi","cost":333.1538079839939}],"funding_fees":0.0,"weekday":3},{"pair":"DOGE/USDT","stake_amount":332.08729,"max_stake_amount":332.08729,"amount":2207.0,"open_date":"2026-01-05 01:00:00+00:00","close_date":"2026-01-05 03:00:00+00:00","open_rate":0.15047,"close_rate":0.1519,"fee_open":0.001,"fee_close":0.001,"trade_duration":120,"profit_ratio":0.00748656540508737,"profit_abs":2.48867941,"exit_reason":"roi","initial_stop_loss_abs":0.14295,"initial_stop_loss_ratio":-0.05,"stop_loss_abs":0.14295,"stop_loss_ratio":-0.05,"min_rate":0.15004,"max_rate":0.15248,"is_open":false,"enter_tag":"","leverage":1.0,"is_short":false,"open_timestamp":1767574800000,"close_timestamp":1767582000000,"orders":[{"amount":2207.0,"safe_price":0.15047,"ft_order_side":"buy","order_filled_timestamp":1767574800000,"ft_is_entry":true,"ft_order_tag":"","cost":332.41937728999994},{"amount":2207.0,"safe_price":0.1519,"ft_order_side":"sell","order_filled_timestamp":1767582000000,"ft_is_entry":false,"ft_order_tag":"roi","cost":335.5785433}],"funding_fees":0.0,"weekday":0}],"locks":[],"best_pair":{"key":"DOGE/USDT","trades":29,"profit_mean":0.0010334853673920684,"profit_mean_pct":0.1,"profit_total_abs":9.192562490000004,"profit_total":0.009192562490000004,"profit_total_pct":0.92,"duration_avg":"5:52:00","wins":13,"draws":13,"losses":3,"winrate":0.4482758620689655,"cagr":0.03503221296929837,"expectancy":0.3169849134482763,"expectancy_ratio":-0.43019316580768185,"sortino":6.529831976783074,"sharpe":0.24991532801201735,"calmar":5.334489532401223,"sqn":0.2315,"profit_factor":1.1747993971924084,"max_drawdown_account":0.033940514506171346,"max_drawdown_abs":35.36847188},"worst_pair":{"key":"DOGE/USDT","trades":29,"profit_mean":0.0010334853673920684,"profit_mean_pct":0.1,"profit_total_abs":9.192562490000004,"profit_total":0.009192562490000004,"profit_total_pct":0.92,"duration_avg":"5:52:00","wins":13,"draws":13,"losses":3,"winrate":0.4482758620689655,"cagr":0.03503221296929837,"expectancy":0.3169849134482763,"expectancy_ratio":-0.43019316580768185,"sortino":6.529831976783074,"sharpe":0.24991532801201735,"calmar":5.334489532401223,"sqn":0.2315,"profit_factor":1.1747993971924084,"max_drawdown_account":0.033940514506171346,"max_drawdown_abs":35.36847188},"results_per_pair":[{"key":"DOGE/USDT","trades":29,"profit_mean":0.0010334853673920684,"profit_mean_pct":0.1,"profit_total_abs":9.192562490000004,"profit_total":0.009192562490000004,"profit_total_pct":0.92,"duration_avg":"5:52:00","wins":13,"draws":13,"losses":3,"winrate":0.4482758620689655,"cagr":0.03503221296929837,"expectancy":0.3169849134482763,"expectancy_ratio":-0.43019316580768185,"sortino":6.529831976783074,"sharpe":0.24991532801201735,"calmar":5.334489532401223,"sqn":0.2315,"profit_factor":1.1747993971924084,"max_drawdown_account":0.033940514506171346,"max_drawdown_abs":35.36847188},{"key":"TOTAL","trades":29,"profit_mean":0.0010334853673920684,"profit_mean_pct":0.1,"profit_total_abs":9.192562490000004,"profit_total":0.009192562490000004,"profit_total_pct":0.92,"duration_avg":"5:52:00","wins":13,"draws":13,"losses":3,"winrate":0.4482758620689655,"cagr":0.03503221296929837,"expectancy":0.3169849134482763,"expectancy_ratio":-0.43019316580768185,"sortino":6.529831976783074,"sharpe":0.24991532801201735,"calmar":5.334489532401223,"sqn":0.2315,"profit_factor":1.1747993971924084,"max_drawdown_account":0.033940514506171346,"max_drawdown_abs":35.36847188}],"results_per_enter_tag":[{"key":"","trades":29,"profit_mean":0.0010334853673920684,"profit_mean_pct":0.1,"profit_total_abs":9.192562490000004,"profit_total":0.009192562490000004,"profit_total_pct":0.92,"duration_avg":"5:52:00","wins":13,"draws":13,"losses":3,"winrate":0.4482758620689655,"cagr":0.03503221296929837,"expectancy":0.3169849134482763,"expectancy_ratio":-0.43019316580768185,"sortino":6.529831976783074,"sharpe":0.24991532801201735,"calmar":5.334489532401223,"sqn":0.2315,"profit_factor":1.1747993971924084,"max_drawdown_account":0.033940514506171346,"max_drawdown_abs":35.36847188},{"key":"TOTAL","trades":29,"profit_mean":0.0010334853673920684,"profit_mean_pct":0.1,"profit_total_abs":9.192562490000004,"profit_total":0.009192562490000004,"profit_total_pct":0.92,"duration_avg":"5:52:00","wins":13,"draws":13,"losses":3,"winrate":0.4482758620689655,"cagr":0.03503221296929837,"expectancy":0.3169849134482763,"expectancy_ratio":-0.43019316580768185,"sortino":6.529831976783074,"sharpe":0.24991532801201735,"calmar":5.334489532401223,"sqn":0.2315,"profit_factor":1.1747993971924084,"max_drawdown_account":0.033940514506171346,"max_drawdown_abs":35.36847188}],"exit_reason_summary":[{"key":"roi","trades":26,"profit_mean":0.0071380663421619734,"profit_mean_pct":0.71,"profit_total_abs":61.78177411,"profit_total":0.06178177411,"profit_total_pct":6.18,"duration_avg":"3:00:00","wins":13,"draws":13,"losses":0,"winrate":0.5,"cagr":0.2530481348771787,"expectancy":2.3762220811538466,"expectancy_ratio":100.0,"sortino":-100,"sharpe":2.9053954633641172,"calmar":-100,"sqn":2.8368,"profit_factor":0.0,"max_drawdown_account":0.0,"max_drawdown_abs":0.0},{"key":"stop_loss","trades":3,"profit_mean":-0.051872883080613774,"profit_mean_pct":-5.19,"profit_total_abs":-52.58921162,"profit_total":-0.05258921162,"profit_total_pct":-5.26,"duration_avg":"1 day, 6:40:00","wins":0,"draws":0,"losses":3,"winrate":0.0,"cagr":-0.1839507298555212,"expectancy":-17.529737206666667,"expectancy_ratio":-1.0,"sortino":-37.35614699858167,"sharpe":-37.35614699858167,"calmar":-19.695848633549275,"sqn":-89.409,"profit_factor":0.0,"max_drawdown_account":0.05258921162000001,"max_drawdown_abs":52.58921162},{"key":"TOTAL","trades":29,"profit_mean":0.0010334853673920684,"profit_mean_pct":0.1,"profit_total_abs":9.192562490000004,"profit_total":0.009192562490000004,"profit_total_pct":0.92,"duration_avg":"5:52:00","wins":13,"draws":13,"losses":3,"winrate":0.4482758620689655,"cagr":0.03503221296929837,"expectancy":0.3169849134482763,"expectancy_ratio":-0.43019316580768185,"sortino":6.529831976783074,"sharpe":0.24991532801201735,"calmar":5.334489532401223,"sqn":0.2315,"profit_factor":1.1747993971924084,"max_drawdown_account":0.033940514506171346,"max_drawdown_abs":35.36847188}],"mix_tag_stats":[{"key":["","roi"],"trades":26,"profit_mean":0.0071380663421619734,"profit_mean_pct":0.71,"profit_total_abs":61.78177411,"profit_total":0.06178177411,"profit_total_pct":6.18,"duration_avg":"3:00:00","wins":13,"draws":13,"losses":0,"winrate":0.5,"cagr":0.2530481348771787,"expectancy":2.3762220811538466,"expectancy_ratio":100.0,"sortino":-100,"sharpe":2.9053954633641172,"calmar":-100,"sqn":2.8368,"profit_factor":0.0,"max_drawdown_account":0.0,"max_drawdown_abs":0.0},{"key":["","stop_loss"],"trades":3,"profit_mean":-0.051872883080613774,"profit_mean_pct":-5.19,"profit_total_abs":-52.58921162,"profit_total":-0.05258921162,"profit_total_pct":-5.26,"duration_avg":"1 day, 6:40:00","wins":0,"draws":0,"losses":3,"winrate":0.0,"cagr":-0.1839507298555212,"expectancy":-17.529737206666667,"expectancy_ratio":-1.0,"sortino":-37.35614699858167,"sharpe":-37.35614699858167,"calmar":-19.695848633549275,"sqn":-89.409,"profit_factor":0.0,"max_drawdown_account":0.05258921162000001,"max_drawdown_abs":52.58921162},{"key":"TOTAL","trades":29,"profit_mean":0.0010334853673920684,"profit_mean_pct":0.1,"profit_total_abs":9.192562490000004,"profit_total":0.009192562490000004,"profit_total_pct":0.92,"duration_avg":"5:52:00","wins":13,"draws":13,"losses":3,"winrate":0.4482758620689655,"cagr":0.03503221296929837,"expectancy":0.3169849134482763,"expectancy_ratio":-0.43019316580768185,"sortino":6.529831976783074,"sharpe":0.24991532801201735,"calmar":5.334489532401223,"sqn":0.2315,"profit_factor":1.1747993971924084,"max_drawdown_account":0.033940514506171346,"max_drawdown_abs":35.36847188}],"left_open_trades":[{"key":"TOTAL","trades":0,"profit_mean":0.0,"profit_mean_pct":0.0,"profit_total_abs":0.0,"profit_total":0.0,"profit_total_pct":0.0,"duration_avg":"0:00","wins":0,"draws":0,"losses":0,"winrate":0.0,"cagr":0.0,"expectancy":0.0,"expectancy_ratio":100.0,"sortino":0,"sharpe":0,"calmar":0,"sqn":0.0,"profit_factor":0.0,"max_drawdown_account":0.0,"max_drawdown_abs":0.0}],"total_trades":29,"trade_count_long":29,"trade_count_short":0,"total_volume":19410.521883996484,"avg_stake_amount":333.8370182758621,"profit_mean":0.0010334853673920684,"profit_median":0.0,"profit_total":0.009192562490000004,"profit_total_long":0.009192562490000004,"profit_total_short":0.0,"profit_total_abs":9.192562490000004,"profit_total_long_abs":9.192562490000004,"profit_total_short_abs":0.0,"cagr":0.03503221296929837,"expectancy":0.3169849134482763,"expectancy_ratio":-0.43019316580768185,"sortino":6.529831976783074,"sharpe":0.24991532801201735,"calmar":5.334489532401223,"sqn":0.2315,"profit_factor":1.1747993971924084,"backtest_start":"2025-10-01 00:00:00","backtest_start_ts":1759276800000,"backtest_end":"2026-01-06 20:00:00","backtest_end_ts":1767729600000,"backtest_days":97,"backtest_run_start_ts":1767744202,"backtest_run_end_ts":1767744202,"trades_per_day":0.3,"market_change":-0.36632086436227446,"pairlist":["DOGE/USDT"],"stake_amount":"unlimited","stake_currency":"USDT","stake_currency_decimals":3,"starting_balance":1000,"dry_run_wallet":1000,"final_balance":1009.19256249,"rejected_signals":0,"timedout_entry_orders":0,"timedout_exit_orders":0,"canceled_trade_entries":0,"canceled_entry_orders":0,"replaced_entry_orders":0,"max_open_trades":1,"max_open_trades_setting":3,"timeframe":"1h","timeframe_detail":"","timerange":"20251001-","enable_protections":false,"strategy_name":"ACO_19_20","freqaimodel":null,"freqai_identifier":null,"stoploss":-0.05,"trailing_stop":false,"trailing_stop_positive":null,"trailing_stop_positive_offset":0.0,"trailing_only_offset_is_reached":false,"use_custom_stoploss":false,"minimal_roi":{"0":0.1,"60":0.05,"120":0.0},"use_exit_signal":true,"exit_profit_only":false,"exit_profit_offset":0.0,"ignore_roi_if_entry_signal":false,"trading_mode":"spot","margin_mode":"","periodic_breakdown":{"day":[{"date":"10/10/2025","date_ts":1760054400000,"profit_abs":0.27143649,"wins":1,"draws":0,"losses":0,"trades":1,"profit_factor":0.0},{"date":"11/10/2025","date_ts":1760140800000,"profit_abs":0.0,"wins":0,"draws":0,"losses":0,"trades":0,"profit_factor":0.0},{"date":"12/10/2025","date_ts":1760227200000,"profit_abs":0.0,"wins":0,"draws":0,"losses":0,"trades":0,"profit_factor":0.0},{"date":"13/10/2025","date_ts":1760313600000,"profit_abs":0.0,"wins":0,"draws":0,"losses":0,"trades":0,"profit_factor":0.0},{"date":"14/10/2025","date_ts":1760400000000,"profit_abs":0.0,"wins":0,"draws":0,"losses":0,"trades":0,"profit_factor":0.0},{"date":"15/10/2025","date_ts":1760486400000,"profit_abs":0.0,"wins":0,"draws":0,"losses":0,"trades":0,"profit_factor":0.0},{"date":"16/10/2025","date_ts":1760572800000,"profit_abs":0.0,"wins":0,"draws":0,"losses":0,"trades":0,"profit_factor":0.0},{"date":"17/10/2025","date_ts":1760659200000,"profit_abs":0.0,"wins":0,"draws":0,"losses":0,"trades":0,"profit_factor":0.0},{"date":"18/10/2025","date_ts":1760745600000,"profit_abs":0.0,"wins":0,"draws":0,"losses":0,"trades":0,"profit_factor":0.0},{"date":"19/10/2025","date_ts":1760832000000,"profit_abs":0.0,"wins":0,"draws":2,"losses":0,"trades":2,"profit_factor":0.0},{"date":"20/10/2025","date_ts":1760918400000,"profit_abs":2.89883865,"wins":1,"draws":0,"losses":0,"trades":1,"profit_factor":0.0},{"date":"21/10/2025","date_ts":1761004800000,"profit_abs":0.0,"wins":0,"draws":0,"losses":0,"trades":0,"profit_factor":0.0},{"date":"22/10/2025","date_ts":1761091200000,"profit_abs":0.0,"wins":0,"draws":0,"losses":0,"trades":0,"profit_factor":0.0},{"date":"23/10/2025","date_ts":1761177600000,"profit_abs":0.0,"wins":0,"draws":0,"losses":0,"trades":0,"profit_factor":0.0},{"date":"24/10/2025","date_ts":1761264000000,"profit_abs":0.0,"wins":0,"draws":0,"losses":0,"trades":0,"profit_factor":0.0},{"date":"25/10/2025","date_ts":1761350400000,"profit_abs":0.0,"wins":0,"draws":0,"losses":0,"trades":0,"profit_factor":0.0},{"date":"26/10/2025","date_ts":1761436800000,"profit_abs":0.0,"wins":0,"draws":1,"losses":0,"trades":1,"profit_factor":0.0},{"date":"27/10/2025","date_ts":1761523200000,"profit_abs":0.0,"wins":0,"draws":0,"losses":0,"trades":0,"profit_factor":0.0},{"date":"28/10/2025","date_ts":1761609600000,"profit_abs":-17.1830509,"wins":0,"draws":0,"losses":1,"trades":1,"profit_factor":0.0},{"date":"29/10/2025","date_ts":1761696000000,"profit_abs":0.0,"wins":0,"draws":0,"losses":0,"trades":0,"profit_factor":0.0},{"date":"30/10/2025","date_ts":1761782400000,"profit_abs":0.0,"wins":0,"draws":0,"losses":0,"trades":0,"profit_factor":0.0},{"date":"31/10/2025","date_ts":1761868800000,"profit_abs":0.0,"wins":0,"draws":1,"losses":0,"trades":1,"profit_factor":0.0},{"date":"01/11/2025","date_ts":1761955200000,"profit_abs":0.0,"wins":0,"draws":1,"losses":0,"trades":1,"profit_factor":0.0},{"date":"02/11/2025","date_ts":1762041600000,"profit_abs":0.0,"wins":0,"draws":1,"losses":0,"trades":1,"profit_factor":0.0},{"date":"03/11/2025","date_ts":1762128000000,"profit_abs":0.0,"wins":0,"draws":0,"losses":0,"trades":0,"profit_factor":0.0},{"date":"04/11/2025","date_ts":1762214400000,"profit_abs":0.0,"wins":0,"draws":0,"losses":0,"trades":0,"profit_factor":0.0},{"date":"05/11/2025","date_ts":1762300800000,"profit_abs":0.0,"wins":0,"draws":0,"losses":0,"trades":0,"profit_factor":0.0},{"date":"06/11/2025","date_ts":1762387200000,"profit_abs":0.0,"wins":0,"draws":0,"losses":0,"trades":0,"profit_factor":0.0},{"date":"07/11/2025","date_ts":1762473600000,"profit_abs":16.263735,"wins":1,"draws":0,"losses":0,"trades":1,"profit_factor":0.0},{"date":"08/11/2025","date_ts":1762560000000,"profit_abs":0.0,"wins":0,"draws":0,"losses":0,"trades":0,"profit_factor":0.0},{"date":"09/11/2025","date_ts":1762646400000,"profit_abs":0.0,"wins":0,"draws":0,"losses":0,"trades":0,"profit_factor":0.0},{"date":"10/11/2025","date_ts":1762732800000,"profit_abs":0.0,"wins":0,"draws":0,"losses":0,"trades":0,"profit_factor":0.0},{"date":"11/11/2025","date_ts":1762819200000,"profit_abs":0.0,"wins":0,"draws":1,"losses":0,"trades":1,"profit_factor":0.0},{"date":"12/11/2025","date_ts":1762905600000,"profit_abs":0.0,"wins":0,"draws":0,"losses":0,"trades":0,"profit_factor":0.0},{"date":"13/11/2025","date_ts":1762992000000,"profit_abs":0.0,"wins":0,"draws":0,"losses":0,"trades":0,"profit_factor":0.0},{"date":"14/11/2025","date_ts":1763078400000,"profit_abs":0.0,"wins":0,"draws":0,"losses":0,"trades":0,"profit_factor":0.0},{"date":"15/11/2025","date_ts":1763164800000,"profit_abs":0.0,"wins":0,"draws":0,"losses":0,"trades":0,"profit_factor":0.0},{"date":"16/11/2025","date_ts":1763251200000,"profit_abs":0.0,"wins":0,"draws":0,"losses":0,"trades":0,"profit_factor":0.0},{"date":"17/11/2025","date_ts":1763337600000,"profit_abs":0.0,"wins":0,"draws":0,"losses":0,"trades":0,"profit_factor":0.0},{"date":"18/11/2025","date_ts":1763424000000,"profit_abs":0.0,"wins":0,"draws":0,"losses":0,"trades":0,"profit_factor":0.0},{"date":"19/11/2025","date_ts":1763510400000,"profit_abs":0.0,"wins":0,"draws":0,"losses":0,"trades":0,"profit_factor":0.0},{"date":"20/11/2025","date_ts":1763596800000,"profit_abs":2.97132768,"wins":1,"draws":0,"losses":0,"trades":1,"profit_factor":0.0},{"date":"21/11/2025","date_ts":1763683200000,"profit_abs":0.0,"wins":0,"draws":0,"losses":0,"trades":0,"profit_factor":0.0},{"date":"22/11/2025","date_ts":1763769600000,"profit_abs":0.0,"wins":0,"draws":0,"losses":0,"trades":0,"profit_factor":0.0},{"date":"23/11/2025","date_ts":1763856000000,"profit_abs":2.095236,"wins":1,"draws":0,"losses":0,"trades":1,"profit_factor":0.0},{"date":"24/11/2025","date_ts":1763942400000,"profit_abs":12.2847492,"wins":2,"draws":0,"losses":0,"trades":2,"profit_factor":0.0},{"date":"25/11/2025","date_ts":1764028800000,"profit_abs":0.0,"wins":0,"draws":0,"losses":0,"trades":0,"profit_factor":0.0},{"date":"26/11/2025","date_ts":1764115200000,"profit_abs":9.40374288,"wins":1,"draws":0,"losses":0,"trades":1,"profit_factor":0.0},{"date":"27/11/2025","date_ts":1764201600000,"profit_abs":0.0,"wins":0,"draws":1,"losses":0,"trades":1,"profit_factor":0.0},{"date":"28/11/2025","date_ts":1764288000000,"profit_abs":2.05617846,"wins":1,"draws":0,"losses":0,"trades":1,"profit_factor":0.0},{"date":"29/11/2025","date_ts":1764374400000,"profit_abs":0.0,"wins":0,"draws":0,"losses":0,"trades":0,"profit_factor":0.0},{"date":"30/11/2025","date_ts":1764460800000,"profit_abs":0.0,"wins":0,"draws":1,"losses":0,"trades":1,"profit_factor":0.0},{"date":"01/12/2025","date_ts":1764547200000,"profit_abs":0.0,"wins":0,"draws":0,"losses":0,"trades":0,"profit_factor":0.0},{"date":"02/12/2025","date_ts":1764633600000,"profit_abs":0.0,"wins":0,"draws":0,"losses":0,"trades":0,"profit_factor":0.0},{"date":"03/12/2025","date_ts":1764720000000,"profit_abs":0.0,"wins":0,"draws":0,"losses":0,"trades":0,"profit_factor":0.0},{"date":"04/12/2025","date_ts":1764806400000,"profit_abs":0.0,"wins":0,"draws":0,"losses":0,"trades":0,"profit_factor":0.0},{"date":"05/12/2025","date_ts":1764892800000,"profit_abs":0.0,"wins":0,"draws":0,"losses":0,"trades":0,"profit_factor":0.0},{"date":"06/12/2025","date_ts":1764979200000,"profit_abs":0.0,"wins":0,"draws":0,"losses":0,"trades":0,"profit_factor":0.0},{"date":"07/12/2025","date_ts":1765065600000,"profit_abs":0.88131225,"wins":1,"draws":0,"losses":0,"trades":1,"profit_factor":0.0},{"date":"08/12/2025","date_ts":1765152000000,"profit_abs":0.0,"wins":0,"draws":0,"losses":0,"trades":0,"profit_factor":0.0},{"date":"09/12/2025","date_ts":1765238400000,"profit_abs":10.12884925,"wins":1,"draws":0,"losses":0,"trades":1,"profit_factor":0.0},{"date":"10/12/2025","date_ts":1765324800000,"profit_abs":0.0,"wins":0,"draws":1,"losses":0,"trades":1,"profit_factor":0.0},{"date":"11/12/2025","date_ts":1765411200000,"profit_abs":0.0,"wins":0,"draws":0,"losses":0,"trades":0,"profit_factor":0.0},{"date":"12/12/2025","date_ts":1765497600000,"profit_abs":0.0,"wins":0,"draws":0,"losses":0,"trades":0,"profit_factor":0.0},{"date":"13/12/2025","date_ts":1765584000000,"profit_abs":0.0,"wins":0,"draws":0,"losses":0,"trades":0,"profit_factor":0.0},{"date":"14/12/2025","date_ts":1765670400000,"profit_abs":0.0,"wins":0,"draws":0,"losses":0,"trades":0,"profit_factor":0.0},{"date":"15/12/2025","date_ts":1765756800000,"profit_abs":-17.8617556,"wins":0,"draws":0,"losses":1,"trades":1,"profit_factor":0.0},{"date":"16/12/2025","date_ts":1765843200000,"profit_abs":0.0,"wins":0,"draws":0,"losses":0,"trades":0,"profit_factor":0.0},{"date":"17/12/2025","date_ts":1765929600000,"profit_abs":0.0,"wins":0,"draws":0,"losses":0,"trades":0,"profit_factor":0.0},{"date":"18/12/2025","date_ts":1766016000000,"profit_abs":0.0,"wins":0,"draws":0,"losses":0,"trades":0,"profit_factor":0.0},{"date":"19/12/2025","date_ts":1766102400000,"profit_abs":0.0,"wins":0,"draws":0,"losses":0,"trades":0,"profit_factor":0.0},{"date":"20/12/2025","date_ts":1766188800000,"profit_abs":0.0,"wins":0,"draws":0,"losses":0,"trades":0,"profit_factor":0.0},{"date":"21/12/2025","date_ts":1766275200000,"profit_abs":0.0,"wins":0,"draws":0,"losses":0,"trades":0,"profit_factor":0.0},{"date":"22/12/2025","date_ts":1766361600000,"profit_abs":0.0,"wins":0,"draws":0,"losses":0,"trades":0,"profit_factor":0.0},{"date":"23/12/2025","date_ts":1766448000000,"profit_abs":0.0,"wins":0,"draws":0,"losses":0,"trades":0,"profit_factor":0.0},{"date":"24/12/2025","date_ts":1766534400000,"profit_abs":0.0,"wins":0,"draws":0,"losses":0,"trades":0,"profit_factor":0.0},{"date":"25/12/2025","date_ts":1766620800000,"profit_abs":0.0,"wins":0,"draws":0,"losses":0,"trades":0,"profit_factor":0.0},{"date":"26/12/2025","date_ts":1766707200000,"profit_abs":0.0,"wins":0,"draws":1,"losses":0,"trades":1,"profit_factor":0.0},{"date":"27/12/2025","date_ts":1766793600000,"profit_abs":0.03768884,"wins":1,"draws":1,"losses":0,"trades":2,"profit_factor":0.0},{"date":"28/12/2025","date_ts":1766880000000,"profit_abs":0.0,"wins":0,"draws":0,"losses":0,"trades":0,"profit_factor":0.0},{"date":"29/12/2025","date_ts":1766966400000,"profit_abs":0.0,"wins":0,"draws":0,"losses":0,"trades":0,"profit_factor":0.0},{"date":"30/12/2025","date_ts":1767052800000,"profit_abs":0.0,"wins":0,"draws":0,"losses":0,"trades":0,"profit_factor":0.0},{"date":"31/12/2025","date_ts":1767139200000,"profit_abs":-17.54440512,"wins":0,"draws":0,"losses":1,"trades":1,"profit_factor":0.0},{"date":"01/01/2026","date_ts":1767225600000,"profit_abs":0.0,"wins":0,"draws":1,"losses":0,"trades":1,"profit_factor":0.0},{"date":"02/01/2026","date_ts":1767312000000,"profit_abs":0.0,"wins":0,"draws":0,"losses":0,"trades":0,"profit_factor":0.0},{"date":"03/01/2026","date_ts":1767398400000,"profit_abs":0.0,"wins":0,"draws":0,"losses":0,"trades":0,"profit_factor":0.0},{"date":"04/01/2026","date_ts":1767484800000,"profit_abs":0.0,"wins":0,"draws":0,"losses":0,"trades":0,"profit_factor":0.0},{"date":"05/01/2026","date_ts":1767571200000,"profit_abs":2.48867941,"wins":1,"draws":0,"losses":0,"trades":1,"profit_factor":0.0}],"week":[{"date":"13/10/2025","date_ts":1760313600000,"profit_abs":0.27143649,"wins":1,"draws":0,"losses":0,"trades":1,"profit_factor":0.0},{"date":"20/10/2025","date_ts":1760918400000,"profit_abs":2.89883865,"wins":1,"draws":2,"losses":0,"trades":3,"profit_factor":0.0},{"date":"27/10/2025","date_ts":1761523200000,"profit_abs":0.0,"wins":0,"draws":1,"losses":0,"trades":1,"profit_factor":0.0},{"date":"03/11/2025","date_ts":1762128000000,"profit_abs":-17.1830509,"wins":0,"draws":3,"losses":1,"trades":4,"profit_factor":0.0},{"date":"10/11/2025","date_ts":1762732800000,"profit_abs":16.263735,"wins":1,"draws":0,"losses":0,"trades":1,"profit_factor":0.0},{"date":"17/11/2025","date_ts":1763337600000,"profit_abs":0.0,"wins":0,"draws":1,"losses":0,"trades":1,"profit_factor":0.0},{"date":"24/11/2025","date_ts":1763942400000,"profit_abs":17.35131288,"wins":4,"draws":0,"losses":0,"trades":4,"profit_factor":0.0},{"date":"01/12/2025","date_ts":1764547200000,"profit_abs":11.45992134,"wins":2,"draws":2,"losses":0,"trades":4,"profit_factor":0.0},{"date":"08/12/2025","date_ts":1765152000000,"profit_abs":0.88131225,"wins":1,"draws":0,"losses":0,"trades":1,"profit_factor":0.0},{"date":"15/12/2025","date_ts":1765756800000,"profit_abs":-7.73290635,"wins":1,"draws":1,"losses":1,"trades":3,"profit_factor":0.56706908},{"date":"22/12/2025","date_ts":1766361600000,"profit_abs":0.0,"wins":0,"draws":0,"losses":0,"trades":0,"profit_factor":0.0},{"date":"29/12/2025","date_ts":1766966400000,"profit_abs":0.03768884,"wins":1,"draws":2,"losses":0,"trades":3,"profit_factor":0.0},{"date":"05/01/2026","date_ts":1767571200000,"profit_abs":-15.05572571,"wins":1,"draws":1,"losses":1,"trades":3,"profit_factor":0.14185032}],"month":[{"date":"31/10/2025","date_ts":1761868800000,"profit_abs":-14.01277576,"wins":2,"draws":4,"losses":1,"trades":7,"profit_factor":0.18450013},{"date":"30/11/2025","date_ts":1764460800000,"profit_abs":45.07496922,"wins":7,"draws":5,"losses":0,"trades":12,"profit_factor":0.0},{"date":"31/12/2025","date_ts":1767139200000,"profit_abs":-24.35831038,"wins":3,"draws":3,"losses":2,"trades":8,"profit_factor":0.31203186},{"date":"31/01/2026","date_ts":1769817600000,"profit_abs":2.48867941,"wins":1,"draws":1,"losses":0,"trades":2,"profit_factor":0.0}],"year":[{"date":"31/12/2025","date_ts":1767139200000,"profit_abs":6.70388308,"wins":12,"draws":12,"losses":3,"trades":27,"profit_factor":1.12747639},{"date":"31/12/2026","date_ts":1798675200000,"profit_abs":2.48867941,"wins":1,"draws":1,"losses":0,"trades":2,"profit_factor":0.0}],"weekday":[{"date":"Monday","date_ts":0,"profit_abs":-0.18948834,"wins":4,"draws":0,"losses":1,"trades":5,"profit_factor":0.98939139},{"date":"Tuesday","date_ts":1,"profit_abs":-7.05420165,"wins":1,"draws":1,"losses":1,"trades":3,"profit_factor":0.58946745},{"date":"Wednesday","date_ts":2,"profit_abs":-8.14066224,"wins":1,"draws":1,"losses":1,"trades":3,"profit_factor":0.53599668},{"date":"Thursday","date_ts":3,"profit_abs":2.97132768,"wins":1,"draws":2,"losses":0,"trades":3,"profit_factor":0.0},{"date":"Friday","date_ts":4,"profit_abs":18.59134995,"wins":3,"draws":2,"losses":0,"trades":5,"profit_factor":0.0},{"date":"Saturday","date_ts":5,"profit_abs":0.03768884,"wins":1,"draws":2,"losses":0,"trades":3,"profit_factor":0.0},{"date":"Sunday","date_ts":6,"profit_abs":2.97654825,"wins":2,"draws":5,"losses":0,"trades":7,"profit_factor":0.0}]},"backtest_best_day":0.04995004995004995,"backtest_worst_day":-0.05189093337347898,"backtest_best_day_abs":16.263735,"backtest_worst_day_abs":-17.8617556,"winning_days":12,"draw_days":73,"losing_days":3,"daily_profit":[["2025-10-10",0.27143649],["2025-10-11",0.0],["2025-10-12",0.0],["2025-10-13",0.0],["2025-10-14",0.0],["2025-10-15",0.0],["2025-10-16",0.0],["2025-10-17",0.0],["2025-10-18",0.0],["2025-10-19",0.0],["2025-10-20",2.89883865],["2025-10-21",0.0],["2025-10-22",0.0],["2025-10-23",0.0],["2025-10-24",0.0],["2025-10-25",0.0],["2025-10-26",0.0],["2025-10-27",0.0],["2025-10-28",-17.1830509],["2025-10-29",0.0],["2025-10-30",0.0],["2025-10-31",0.0],["2025-11-01",0.0],["2025-11-02",0.0],["2025-11-03",0.0],["2025-11-04",0.0],["2025-11-05",0.0],["2025-11-06",0.0],["2025-11-07",16.263735],["2025-11-08",0.0],["2025-11-09",0.0],["2025-11-10",0.0],["2025-11-11",0.0],["2025-11-12",0.0],["2025-11-13",0.0],["2025-11-14",0.0],["2025-11-15",0.0],["2025-11-16",0.0],["2025-11-17",0.0],["2025-11-18",0.0],["2025-11-19",0.0],["2025-11-20",2.97132768],["2025-11-21",0.0],["2025-11-22",0.0],["2025-11-23",2.095236],["2025-11-24",12.2847492],["2025-11-25",0.0],["2025-11-26",9.40374288],["2025-11-27",0.0],["2025-11-28",2.05617846],["2025-11-29",0.0],["2025-11-30",0.0],["2025-12-01",0.0],["2025-12-02",0.0],["2025-12-03",0.0],["2025-12-04",0.0],["2025-12-05",0.0],["2025-12-06",0.0],["2025-12-07",0.88131225],["2025-12-08",0.0],["2025-12-09",10.12884925],["2025-12-10",0.0],["2025-12-11",0.0],["2025-12-12",0.0],["2025-12-13",0.0],["2025-12-14",0.0],["2025-12-15",-17.8617556],["2025-12-16",0.0],["2025-12-17",0.0],["2025-12-18",0.0],["2025-12-19",0.0],["2025-12-20",0.0],["2025-12-21",0.0],["2025-12-22",0.0],["2025-12-23",0.0],["2025-12-24",0.0],["2025-12-25",0.0],["2025-12-26",0.0],["2025-12-27",0.03768884],["2025-12-28",0.0],["2025-12-29",0.0],["2025-12-30",0.0],["2025-12-31",-17.54440512],["2026-01-01",0.0],["2026-01-02",0.0],["2026-01-03",0.0],["2026-01-04",0.0],["2026-01-05",2.48867941]],"wins":13,"losses":3,"draws":13,"winrate":0.4482758620689655,"holding_avg":"5:52:00","holding_avg_s":21120.0,"winner_holding_min":"0d 01:00","winner_holding_min_s":3600.0,"winner_holding_max":"0d 02:00","winner_holding_max_s":7200.0,"winner_holding_avg":"0d 01:55","winner_holding_avg_s":6900.0,"loser_holding_min":"1d 01:00","loser_holding_min_s":90000.0,"loser_holding_max":"1d 16:00","loser_holding_max_s":144000.0,"loser_holding_avg":"1d 06:40","loser_holding_avg_s":110400.0,"max_consecutive_wins":5,"max_consecutive_losses":5,"max_drawdown_account":0.033940514506171346,"max_relative_drawdown":0.033940514506171346,"max_drawdown_abs":35.36847188,"drawdown_start":"2025-12-09 18:00:00","drawdown_start_ts":1765303200000.0,"drawdown_end":"2025-12-31 16:00:00","drawdown_end_ts":1767196800000.0,"drawdown_duration":"21 days 22:00:00","drawdown_duration_s":1893600.0,"max_drawdown_low":6.703883080000008,"max_drawdown_high":42.072354960000006,"csum_min":985.98722424,"csum_max":1042.07235496}},"strategy_comparison":[{"key":"ACO_19_20","trades":29,"profit_mean":0.0010334853673920684,"profit_mean_pct":0.1,"profit_total_abs":9.192562490000004,"profit_total":0.009192562490000004,"profit_total_pct":0.92,"duration_avg":"5:52:00","wins":13,"draws":13,"losses":3,"winrate":0.4482758620689655,"cagr":0.03503221296929837,"expectancy":0.3169849134482763,"expectancy_ratio":-0.43019316580768185,"sortino":6.529831976783074,"sharpe":0.24991532801201735,"calmar":5.334489532401223,"sqn":0.2315,"profit_factor":1.1747993971924084,"max_drawdown_account":0.033940514506171346,"max_drawdown_abs":"35.368"}]}