{"strategy":{"ACO_27_22":{"trades":[{"pair":"DOGE/USDT","stake_amount":329.90748,"max_stake_amount":329.90748,"amount":1682.0,"open_date":"2025-10-12 15:00:00+00:00","close_date":"2025-10-12 16:00:00+00:00","open_rate":0.19614,"close_rate":0.2063494894894895,"fee_open":0.001,"fee_close":0.001,"trade_duration":60,"profit_ratio":0.04995004995004996,"profit_abs":16.495374,"exit_reason":"roi","initial_stop_loss_abs":0.18634,"initial_stop_loss_ratio":-0.05,"stop_loss_abs":0.18634,"stop_loss_ratio":-0.05,"min_rate":0.19562,"max_rate":0.2095,"is_open":false,"enter_tag":"","leverage":1.0,"is_short":false,"open_timestamp":1760281200000,"close_timestamp":1760284800000,"orders":[{"amount":1682.0,"safe_price":0.19614,"ft_order_side":"buy","order_filled_timestamp":1760281200000,"ft_is_entry":true,"ft_order_tag":"","cost":330.23738748},{"amount":1682.0,"safe_price":0.2063494894894895,"ft_order_side":"sell","order_filled_timestamp":1760284800000,"ft_is_entry":false,"ft_order_tag":"roi","cost":347.4269211626426}],"funding_fees":0.0,"weekday":6},{"pair":"DOGE/USDT","stake_amount":335.23788,"max_stake_amount":335.23788,"amount":1587.0,"open_date":"2025-10-13 14:00:00+00:00","close_date":"2025-10-13 16:00:00+00:00","open_rate":0.21124,"close_rate":0.21166290290290288,"fee_open":0.001,"fee_close":0.001,"trade_duration":120,"profit_ratio":0.0,"profit_abs":0.0,"exit_reason":"roi","initial_stop_loss_abs":0.20068,"initial_stop_loss_ratio":-0.05,"stop_loss_abs":0.20068,"stop_loss_ratio":-0.05,"min_rate":0.20517,"max_rate":0.21192,"is_open":false,"enter_tag":"","leverage":1.0,"is_short":false,"open_timestamp":1760364000000,"close_timestamp":1760371200000,"orders":[{"amount":1587.0,"safe_price":0.21124,"ft_order_side":"buy","order_filled_timestamp":1760364000000,"ft_is_entry":true,"ft_order_tag":"","cost":335.57311788},{"amount":1587.0,"safe_price":0.21166290290290288,"ft_order_side":"sell","order_filled_timestamp":1760371200000,"ft_is_entry":false,"ft_order_tag":"roi","cost":336.24493593381374}],"funding_fees":0.0,"weekday":0},{"pair":"DOGE/USDT","stake_amount":335.4386,"max_stake_amount":335.4386,"amount":1652.0,"open_date":"2025-10-21 15:00:00+00:00","close_date":"2025-10-22 00:00:00+00:00","open_rate":0.20305,"close_rate":0.1929,"fee_open":0.001,"fee_close":0.001,"trade_duration":540,"profit_ratio":-0.05188581425961382,"profit_abs":-17.4219094,"exit_reason":"stop_loss","initial_stop_loss_abs":0.1929,"initial_stop_loss_ratio":-0.05,"stop_loss_abs":0.1929,"stop_loss_ratio":-0.05,"min_rate":0.19251,"max_rate":0.20563,"is_open":false,"enter_tag":"","leverage":1.0,"is_short":false,"open_timestamp":1761058800000,"close_timestamp":1761091200000,"orders":[{"amount":1652.0,"safe_price":0.20305,"ft_order_side":"buy","order_filled_timestamp":1761058800000,"ft_is_entry":true,"ft_order_tag":"","cost":335.7740386},{"amount":1652.0,"safe_price":0.1929,"ft_order_side":"sell","order_filled_timestamp":1761091200000,"ft_is_entry":false,"ft_order_tag":"stop_loss","cost":318.98947079999994}],"funding_fees":0.0,"weekday":2},{"pair":"DOGE/USDT","stake_amount":329.66928,"max_stake_amount":329.66928,"amount":1692.0,"open_date":"2025-10-22 05:00:00+00:00","close_date":"2025-10-22 21:00:00+00:00","open_rate":0.19484,"close_rate":0.1851,"fee_open":0.001,"fee_close":0.001,"trade_duration":960,"profit_ratio":-0.05188785757457488,"profit_abs":-17.12293848,"exit_reason":"stop_loss","initial_stop_loss_abs":0.1851,"initial_stop_loss_ratio":-0.05,"stop_loss_abs":0.1851,"stop_loss_ratio":-0.05,"min_rate":0.18467,"max_rate":0.19484,"is_open":false,"enter_tag":"","leverage":1.0,"is_short":false,"open_timestamp":1761109200000,"close_timestamp":1761166800000,"orders":[{"amount":1692.0,"safe_price":0.19484,"ft_order_side":"buy","order_filled_timestamp":1761109200000,"ft_is_entry":true,"ft_order_tag":"","cost":329.99894928},{"amount":1692.0,"safe_price":0.1851,"ft_order_side":"sell","order_filled_timestamp":1761166800000,"ft_is_entry":false,"ft_order_tag":"stop_loss","cost":313.5023891999999}],"funding_fees":0.0,"weekday":2},{"pair":"DOGE/USDT","stake_amount":323.9805,"max_stake_amount":323.9805,"amount":1594.0,"open_date":"2025-10-27 14:00:00+00:00","close_date":"2025-10-27 16:00:00+00:00","open_rate":0.20325,"close_rate":0.20365690690690688,"fee_open":0.001,"fee_close":0.001,"trade_duration":120,"profit_ratio":0.0,"profit_abs":0.0,"exit_reason":"roi","initial_stop_loss_abs":0.19309,"initial_stop_loss_ratio":-0.05,"stop_loss_abs":0.19309,"stop_loss_ratio":-0.05,"min_rate":0.20114,"max_rate":0.20535,"is_open":false,"enter_tag":"","leverage":1.0,"is_short":false,"open_timestamp":1761573600000,"close_timestamp":1761580800000,"orders":[{"amount":1594.0,"safe_price":0.20325,"ft_order_side":"buy","order_filled_timestamp":1761573600000,"ft_is_entry":true,"ft_order_tag":"","cost":324.30448049999995},{"amount":1594.0,"safe_price":0.20365690690690688,"ft_order_side":"sell","order_filled_timestamp":1761580800000,"ft_is_entry":false,"ft_order_tag":"roi","cost":324.95373871921913}],"funding_fees":0.0,"weekday":0},{"pair":"DOGE/USDT","stake_amount":323.85808,"max_stake_amount":323.85808,"amount":1652.0,"open_date":"2025-10-29 18:00:00+00:00","close_date":"2025-10-29 20:00:00+00:00","open_rate":0.19604,"close_rate":0.19643247247247245,"fee_open":0.001,"fee_close":0.001,"trade_duration":120,"profit_ratio":0.0,"profit_abs":0.0,"exit_reason":"roi","initial_stop_loss_abs":0.18624,"initial_stop_loss_ratio":-0.05,"stop_loss_abs":0.18624,"stop_loss_ratio":-0.05,"min_rate":0.1871,"max_rate":0.197,"is_open":false,"enter_tag":"","leverage":1.0,"is_short":false,"open_timestamp":1761760800000,"close_timestamp":1761768000000,"orders":[{"amount":1652.0,"safe_price":0.19604,"ft_order_side":"buy","order_filled_timestamp":1761760800000,"ft_is_entry":true,"ft_order_tag":"","cost":324.18193807999995},{"amount":1652.0,"safe_price":0.19643247247247245,"ft_order_side":"sell","order_filled_timestamp":1761768000000,"ft_is_entry":false,"ft_order_tag":"roi","cost":324.83095096904896}],"funding_fees":0.0,"weekday":2},{"pair":"DOGE/USDT","stake_amount":323.95846,"max_stake_amount":323.95846,"amount":1723.0,"open_date":"2025-11-02 05:00:00+00:00","close_date":"2025-11-02 07:00:00+00:00","open_rate":0.18802,"close_rate":0.18839641641641638,"fee_open":0.001,"fee_close":0.001,"trade_duration":120,"profit_ratio":0.0,"profit_abs":0.0,"exit_reason":"roi","initial_stop_loss_abs":0.17862,"initial_stop_loss_ratio":-0.05,"stop_loss_abs":0.17862,"stop_loss_ratio":-0.05,"min_rate":0.18701,"max_rate":0.18884,"is_open":false,"enter_tag":"","leverage":1.0,"is_short":false,"open_timestamp":1762059600000,"close_timestamp":1762066800000,"orders":[{"amount":1723.0,"safe_price":0.18802,"ft_order_side":"buy","order_filled_timestamp":1762059600000,"ft_is_entry":true,"ft_order_tag":"","cost":324.28241846},{"amount":1723.0,"safe_price":0.18839641641641638,"ft_order_side":"sell","order_filled_timestamp":1762066800000,"ft_is_entry":false,"ft_order_tag":"roi","cost":324.9316325109709}],"funding_fees":0.0,"weekday":6},{"pair":"DOGE/USDT","stake_amount":323.92644,"max_stake_amount":323.92644,"amount":1767.0,"open_date":"2025-11-10 23:00:00+00:00","close_date":"2025-11-11 01:00:00+00:00","open_rate":0.18332,"close_rate":0.183687007007007,"fee_open":0.001,"fee_close":0.001,"trade_duration":120,"profit_ratio":0.0,"profit_abs":0.0,"exit_reason":"roi","initial_stop_loss_abs":0.17416,"initial_stop_loss_ratio":-0.05,"stop_loss_abs":0.17416,"stop_loss_ratio":-0.05,"min_rate":0.17933,"max_rate":0.1864,"is_open":false,"enter_tag":"","leverage":1.0,"is_short":false,"open_timestamp":1762815600000,"close_timestamp":1762822800000,"orders":[{"amount":1767.0,"safe_price":0.18332,"ft_order_side":"buy","order_filled_timestamp":1762815600000,"ft_is_entry":true,"ft_order_tag":"","cost":324.25036644},{"amount":1767.0,"safe_price":0.183687007007007,"ft_order_side":"sell","order_filled_timestamp":1762822800000,"ft_is_entry":false,"ft_order_tag":"roi","cost":324.8995163227627}],"funding_fees":0.0,"weekday":1},{"pair":"DOGE/USDT","stake_amount":323.9831,"max_stake_amount":323.9831,"amount":1813.0,"open_date":"2025-11-11 15:00:00+00:00","close_date":"2025-11-12 16:00:00+00:00","open_rate":0.1787,"close_rate":0.16977,"fee_open":0.001,"fee_close":0.001,"trade_duration":1500,"profit_ratio":-0.05187017794740234,"profit_abs":-16.82186611,"exit_reason":"stop_loss","initial_stop_loss_abs":0.16977,"initial_stop_loss_ratio":-0.05,"stop_loss_abs":0.16977,"stop_loss_ratio":-0.05,"min_rate":0.1679,"max_rate":0.1787,"is_open":false,"enter_tag":"","leverage":1.0,"is_short":false,"open_timestamp":1762873200000,"close_timestamp":1762963200000,"orders":[{"amount":1813.0,"safe_price":0.1787,"ft_order_side":"buy","order_filled_timestamp":1762873200000,"ft_is_entry":true,"ft_order_tag":"","cost":324.30708309999994},{"amount":1813.0,"safe_price":0.16977,"ft_order_side":"sell","order_filled_timestamp":1762963200000,"ft_is_entry":false,"ft_order_tag":"stop_loss","cost":308.10080300999994}],"funding_fees":0.0,"weekday":2},{"pair":"DOGE/USDT","stake_amount":318.35574,"max_stake_amount":318.35574,"amount":1829.0,"open_date":"2025-11-13 04:00:00+00:00","close_date":"2025-11-13 06:00:00+00:00","open_rate":0.17406,"close_rate":0.17603,"fee_open":0.001,"fee_close":0.001,"trade_duration":120,"profit_ratio":0.00929732108635935,"profit_abs":2.96281539,"exit_reason":"roi","initial_stop_loss_abs":0.16536,"initial_stop_loss_ratio":-0.05,"stop_loss_abs":0.16536,"stop_loss_ratio":-0.05,"min_rate":0.17325,"max_rate":0.17684,"is_open":false,"enter_tag":"","leverage":1.0,"is_short":false,"open_timestamp":1763006400000,"close_timestamp":1763013600000,"orders":[{"amount":1829.0,"safe_price":0.17406,"ft_order_side":"buy","order_filled_timestamp":1763006400000,"ft_is_entry":true,"ft_order_tag":"","cost":318.6740957399999},{"amount":1829.0,"safe_price":0.17603,"ft_order_side":"sell","order_filled_timestamp":1763013600000,"ft_is_entry":false,"ft_order_tag":"roi","cost":322.28082886999994}],"funding_fees":0.0,"weekday":3},{"pair":"DOGE/USDT","stake_amount":319.4694,"max_stake_amount":319.4694,"amount":2010.0,"open_date":"2025-11-19 08:00:00+00:00","close_date":"2025-11-19 15:00:00+00:00","open_rate":0.15894,"close_rate":0.1592581981981982,"fee_open":0.001,"fee_close":0.001,"trade_duration":420,"profit_ratio":0.0,"profit_abs":0.0,"exit_reason":"roi","initial_stop_loss_abs":0.151,"initial_stop_loss_ratio":-0.05,"stop_loss_abs":0.151,"stop_loss_ratio":-0.05,"min_rate":0.1542,"max_rate":0.15973,"is_open":false,"enter_tag":"","leverage":1.0,"is_short":false,"open_timestamp":1763539200000,"close_timestamp":1763564400000,"orders":[{"amount":2010.0,"safe_price":0.15894,"ft_order_side":"buy","order_filled_timestamp":1763539200000,"ft_is_entry":true,"ft_order_tag":"","cost":319.78886939999995},{"amount":2010.0,"safe_price":0.1592581981981982,"ft_order_side":"sell","order_filled_timestamp":1763564400000,"ft_is_entry":false,"ft_order_tag":"roi","cost":320.4290873567567}],"funding_fees":0.0,"weekday":2},{"pair":"DOGE/USDT","stake_amount":319.40223,"max_stake_amount":319.40223,"amount":2051.0,"open_date":"2025-11-26 18:00:00+00:00","close_date":"2025-11-26 20:00:00+00:00","open_rate":0.15573,"close_rate":0.15604177177177178,"fee_open":0.001,"fee_close":0.001,"trade_duration":120,"profit_ratio":0.0,"profit_abs":0.0,"exit_reason":"roi","initial_stop_loss_abs":0.14795,"initial_stop_loss_ratio":-0.05,"stop_loss_abs":0.14795,"stop_loss_ratio":-0.05,"min_rate":0.15507,"max_rate":0.15681,"is_open":false,"enter_tag":"","leverage":1.0,"is_short":false,"open_timestamp":1764180000000,"close_timestamp":1764187200000,"orders":[{"amount":2051.0,"safe_price":0.15573,"ft_order_side":"buy","order_filled_timestamp":1764180000000,"ft_is_entry":true,"ft_order_tag":"","cost":319.72163223},{"amount":2051.0,"safe_price":0.15604177177177178,"ft_order_side":"sell","order_filled_timestamp":1764187200000,"ft_is_entry":false,"ft_order_tag":"roi","cost":320.3617155778078}],"funding_fees":0.0,"weekday":2},{"pair":"DOGE/USDT","stake_amount":319.40115,"max_stake_amount":319.40115,"amount":2085.0,"open_date":"2025-11-28 09:00:00+00:00","close_date":"2025-11-28 14:00:00+00:00","open_rate":0.15319,"close_rate":0.15349668668668665,"fee_open":0.001,"fee_close":0.001,"trade_duration":300,"profit_ratio":0.0,"profit_abs":0.0,"exit_reason":"roi","initial_stop_loss_abs":0.14554,"initial_stop_loss_ratio":-0.05,"stop_loss_abs":0.14554,"stop_loss_ratio":-0.05,"min_rate":0.14975,"max_rate":0.15395,"is_open":false,"enter_tag":"","leverage":1.0,"is_short":false,"open_timestamp":1764320400000,"close_timestamp":1764338400000,"orders":[{"amount":2085.0,"safe_price":0.15319,"ft_order_side":"buy","order_filled_timestamp":1764320400000,"ft_is_entry":true,"ft_order_tag":"","cost":319.72055114999995},{"amount":2085.0,"safe_price":0.15349668668668665,"ft_order_side":"sell","order_filled_timestamp":1764338400000,"ft_is_entry":false,"ft_order_tag":"roi","cost":320.36063233348335}],"funding_fees":0.0,"weekday":4},{"pair":"DOGE/USDT","stake_amount":319.43516,"max_stake_amount":319.43516,"amount":2129.0,"open_date":"2025-11-29 03:00:00+00:00","close_date":"2025-11-29 05:00:00+00:00","open_rate":0.15004,"close_rate":0.1506,"fee_open":0.001,"fee_close":0.001,"trade_duration":120,"profit_ratio":0.0017268788263189755,"profit_abs":0.55217744,"exit_reason":"roi","initial_stop_loss_abs":0.14254,"initial_stop_loss_ratio":-0.05,"stop_loss_abs":0.14254,"stop_loss_ratio":-0.05,"min_rate":0.14955,"max_rate":0.15072,"is_open":false,"enter_tag":"","leverage":1.0,"is_short":false,"open_timestamp":1764385200000,"close_timestamp":1764392400000,"orders":[{"amount":2129.0,"safe_price":0.15004,"ft_order_side":"buy","order_filled_timestamp":1764385200000,"ft_is_entry":true,"ft_order_tag":"","cost":319.75459515999995},{"amount":2129.0,"safe_price":0.1506,"ft_order_side":"sell","order_filled_timestamp":1764392400000,"ft_is_entry":false,"ft_order_tag":"roi","cost":320.9480274}],"funding_fees":0.0,"weekday":5},{"pair":"DOGE/USDT","stake_amount":319.6518,"max_stake_amount":319.6518,"amount":2140.0,"open_date":"2025-11-30 04:00:00+00:00","close_date":"2025-11-30 08:00:00+00:00","open_rate":0.14937,"close_rate":0.14966903903903903,"fee_open":0.001,"fee_close":0.001,"trade_duration":240,"profit_ratio":0.0,"profit_abs":0.0,"exit_reason":"roi","initial_stop_loss_abs":0.14191,"initial_stop_loss_ratio":-0.05,"stop_loss_abs":0.14191,"stop_loss_ratio":-0.05,"min_rate":0.14839,"max_rate":0.14988,"is_open":false,"enter_tag":"","leverage":1.0,"is_short":false,"open_timestamp":1764475200000,"close_timestamp":1764489600000,"orders":[{"amount":2140.0,"safe_price":0.14937,"ft_order_side":"buy","order_filled_timestamp":1764475200000,"ft_is_entry":true,"ft_order_tag":"","cost":319.97145179999995},{"amount":2140.0,"safe_price":0.14966903903903903,"ft_order_side":"sell","order_filled_timestamp":1764489600000,"ft_is_entry":false,"ft_order_tag":"roi","cost":320.61203528708705}],"funding_fees":0.0,"weekday":6},{"pair":"DOGE/USDT","stake_amount":319.65216,"max_stake_amount":319.65216,"amount":2139.0,"open_date":"2025-11-30 23:00:00+00:00","close_date":"2025-12-01 00:00:00+00:00","open_rate":0.14944,"close_rate":0.14197,"fee_open":0.001,"fee_close":0.001,"trade_duration":60,"profit_ratio":-0.051884745340312795,"profit_abs":-16.60165599,"exit_reason":"stop_loss","initial_stop_loss_abs":0.14197,"initial_stop_loss_ratio":-0.05,"stop_loss_abs":0.14197,"stop_loss_ratio":-0.05,"min_rate":0.13876,"max_rate":0.14949,"is_open":false,"enter_tag":"","leverage":1.0,"is_short":false,"open_timestamp":1764543600000,"close_timestamp":1764547200000,"orders":[{"amount":2139.0,"safe_price":0.14944,"ft_order_side":"buy","order_filled_timestamp":1764543600000,"ft_is_entry":true,"ft_order_tag":"","cost":319.97181215999996},{"amount":2139.0,"safe_price":0.14197,"ft_order_side":"sell","order_filled_timestamp":1764547200000,"ft_is_entry":false,"ft_order_tag":"stop_loss","cost":303.97750383}],"funding_fees":0.0,"weekday":0},{"pair":"DOGE/USDT","stake_amount":314.12097,"max_stake_amount":314.12097,"amount":2241.0,"open_date":"2025-12-07 01:00:00+00:00","close_date":"2025-12-07 06:00:00+00:00","open_rate":0.14017,"close_rate":0.1404506206206206,"fee_open":0.001,"fee_close":0.001,"trade_duration":300,"profit_ratio":0.0,"profit_abs":0.0,"exit_reason":"roi","initial_stop_loss_abs":0.13317,"initial_stop_loss_ratio":-0.05,"stop_loss_abs":0.13317,"stop_loss_ratio":-0.05,"min_rate":0.13957,"max_rate":0.1409,"is_open":false,"enter_tag":"","leverage":1.0,"is_short":false,"open_timestamp":1765069200000,"close_timestamp":1765087200000,"orders":[{"amount":2241.0,"safe_price":0.14017,"ft_order_side":"buy","order_filled_timestamp":1765069200000,"ft_is_entry":true,"ft_order_tag":"","cost":314.43509097},{"amount":2241.0,"safe_price":0.1404506206206206,"ft_order_side":"sell","order_filled_timestamp":1765087200000,"ft_is_entry":false,"ft_order_tag":"roi","cost":315.06459065162153}],"funding_fees":0.0,"weekday":6},{"pair":"DOGE/USDT","stake_amount":314.1061,"max_stake_amount":314.1061,"amount":2147.0,"open_date":"2025-12-09 16:00:00+00:00","close_date":"2025-12-09 18:00:00+00:00","open_rate":0.1463,"close_rate":0.15095,"fee_open":0.001,"fee_close":0.001,"trade_duration":120,"profit_ratio":0.029722498963783997,"profit_abs":9.34535425,"exit_reason":"roi","initial_stop_loss_abs":0.13899,"initial_stop_loss_ratio":-0.05,"stop_loss_abs":0.13899,"stop_loss_ratio":-0.05,"min_rate":0.1463,"max_rate":0.15319,"is_open":false,"enter_tag":"","leverage":1.0,"is_short":false,"open_timestamp":1765296000000,"close_timestamp":1765303200000,"orders":[{"amount":2147.0,"safe_price":0.1463,"ft_order_side":"buy","order_filled_timestamp":1765296000000,"ft_is_entry":true,"ft_order_tag":"","cost":314.4202061},{"amount":2147.0,"safe_price":0.15095,"ft_order_side":"sell","order_filled_timestamp":1765303200000,"ft_is_entry":false,"ft_order_tag":"roi","cost":324.41373964999997}],"funding_fees":0.0,"weekday":1},{"pair":"DOGE/USDT","stake_amount":317.11712,"max_stake_amount":317.11712,"amount":2237.0,"open_date":"2025-12-11 22:00:00+00:00","close_date":"2025-12-12 16:00:00+00:00","open_rate":0.14176,"close_rate":0.13468,"fee_open":0.001,"fee_close":0.001,"trade_duration":1080,"profit_ratio":-0.05184178124358712,"profit_abs":-16.45635628,"exit_reason":"stop_loss","initial_stop_loss_abs":0.13468,"initial_stop_loss_ratio":-0.05,"stop_loss_abs":0.13468,"stop_loss_ratio":-0.05,"min_rate":0.13428,"max_rate":0.14225,"is_open":false,"enter_tag":"","leverage":1.0,"is_short":false,"open_timestamp":1765490400000,"close_timestamp":1765555200000,"orders":[{"amount":2237.0,"safe_price":0.14176,"ft_order_side":"buy","order_filled_timestamp":1765490400000,"ft_is_entry":true,"ft_order_tag":"","cost":317.43423712},{"amount":2237.0,"safe_price":0.13468,"ft_order_side":"sell","order_filled_timestamp":1765555200000,"ft_is_entry":false,"ft_order_tag":"stop_loss","cost":301.58043915999997}],"funding_fees":0.0,"weekday":4},{"pair":"DOGE/USDT","stake_amount":311.70507,"max_stake_amount":311.70507,"amount":2347.0,"open_date":"2025-12-21 09:00:00+00:00","close_date":"2025-12-22 00:00:00+00:00","open_rate":0.13281,"close_rate":0.13307588588588587,"fee_open":0.001,"fee_close":0.001,"trade_duration":900,"profit_ratio":0.0,"profit_abs":0.0,"exit_reason":"roi","initial_stop_loss_abs":0.12617,"initial_stop_loss_ratio":-0.05,"stop_loss_abs":0.12617,"stop_loss_ratio":-0.05,"min_rate":0.12871,"max_rate":0.13424,"is_open":false,"enter_tag":"","leverage":1.0,"is_short":false,"open_timestamp":1766307600000,"close_timestamp":1766361600000,"orders":[{"amount":2347.0,"safe_price":0.13281,"ft_order_side":"buy","order_filled_timestamp":1766307600000,"ft_is_entry":true,"ft_order_tag":"","cost":312.01677507},{"amount":2347.0,"safe_price":0.13307588588588587,"ft_order_side":"sell","order_filled_timestamp":1766361600000,"ft_is_entry":false,"ft_order_tag":"roi","cost":312.64143327834825}],"funding_fees":0.0,"weekday":0},{"pair":"DOGE/USDT","stake_amount":311.8087,"max_stake_amount":311.8087,"amount":2534.0,"open_date":"2025-12-27 12:00:00+00:00","close_date":"2025-12-27 16:00:00+00:00","open_rate":0.12305,"close_rate":0.12329634634634634,"fee_open":0.001,"fee_close":0.001,"trade_duration":240,"profit_ratio":0.0,"profit_abs":0.0,"exit_reason":"roi","initial_stop_loss_abs":0.1169,"initial_stop_loss_ratio":-0.05,"stop_loss_abs":0.1169,"stop_loss_ratio":-0.05,"min_rate":0.12242,"max_rate":0.1234,"is_open":false,"enter_tag":"","leverage":1.0,"is_short":false,"open_timestamp":1766836800000,"close_timestamp":1766851200000,"orders":[{"amount":2534.0,"safe_price":0.12305,"ft_order_side":"buy","order_filled_timestamp":1766836800000,"ft_is_entry":true,"ft_order_tag":"","cost":312.1205087},{"amount":2534.0,"safe_price":0.12329634634634634,"ft_order_side":"sell","order_filled_timestamp":1766851200000,"ft_is_entry":false,"ft_order_tag":"roi","cost":312.7453745832832}],"funding_fees":0.0,"weekday":5},{"pair":"DOGE/USDT","stake_amount":311.72454,"max_stake_amount":311.72454,"amount":2529.0,"open_date":"2025-12-30 23:00:00+00:00","close_date":"2025-12-31 01:00:00+00:00","open_rate":0.12326,"close_rate":0.12350676676676675,"fee_open":0.001,"fee_close":0.001,"trade_duration":120,"profit_ratio":0.0,"profit_abs":0.0,"exit_reason":"roi","initial_stop_loss_abs":0.1171,"initial_stop_loss_ratio":-0.05,"stop_loss_abs":0.1171,"stop_loss_ratio":-0.05,"min_rate":0.12291,"max_rate":0.12376,"is_open":false,"enter_tag":"","leverage":1.0,"is_short":false,"open_timestamp":1767135600000,"close_timestamp":1767142800000,"orders":[{"amount":2529.0,"safe_price":0.12326,"ft_order_side":"buy","order_filled_timestamp":1767135600000,"ft_is_entry":true,"ft_order_tag":"","cost":312.03626453999993},{"amount":2529.0,"safe_price":0.12350676676676675,"ft_order_side":"sell","order_filled_timestamp":1767142800000,"ft_is_entry":false,"ft_order_tag":"roi","cost":312.66096176630623}],"funding_fees":0.0,"weekday":2},{"pair":"DOGE/USDT","stake_amount":311.7042,"max_stake_amount":311.7042,"amount":2130.0,"open_date":"2026-01-04 01:00:00+00:00","close_date":"2026-01-04 03:00:00+00:00","open_rate":0.14634,"close_rate":0.14716,"fee_open":0.001,"fee_close":0.001,"trade_duration":120,"profit_ratio":0.003594191786073705,"profit_abs":1.121445,"exit_reason":"roi","initial_stop_loss_abs":0.13903,"initial_stop_loss_ratio":-0.05,"stop_loss_abs":0.13903,"stop_loss_ratio":-0.05,"min_rate":0.14503,"max_rate":0.15196,"is_open":false,"enter_tag":"","leverage":1.0,"is_short":false,"open_timestamp":1767488400000,"close_timestamp":1767495600000,"orders":[{"amount":2130.0,"safe_price":0.14634,"ft_order_side":"buy","order_filled_timestamp":1767488400000,"ft_is_entry":true,"ft_order_tag":"","cost":312.01590419999997},{"amount":2130.0,"safe_price":0.14716,"ft_order_side":"sell","order_filled_timestamp":1767495600000,"ft_is_entry":false,"ft_order_tag":"roi","cost":313.76425079999996}],"funding_fees":0.0,"weekday":6}],"locks":[],"best_pair":{"key":"DOGE/USDT","trades":23,"profit_mean":-0.007177366771865433,"profit_mean_pct":-0.72,"profit_total_abs":-53.947560179999996,"profit_total":-0.05394756018,"profit_total_pct":-5.39,"duration_avg":"5:44:00","wins":5,"draws":13,"losses":5,"winrate":0.21739130434782608,"cagr":-0.18834462918980466,"expectancy":-2.345546094782609,"expectancy_ratio":-0.7041308470352619,"sortino":-30.348671621877017,"sharpe":-1.2471991292800115,"calmar":-15.092285235579801,"sqn":-1.2914,"profit_factor":0.3609981036377956,"max_drawdown_account":0.0704030544658435,"max_drawdown_abs":71.56437918},"worst_pair":{"key":"DOGE/USDT","trades":23,"profit_mean":-0.007177366771865433,"profit_mean_pct":-0.72,"profit_total_abs":-53.947560179999996,"profit_total":-0.05394756018,"profit_total_pct":-5.39,"duration_avg":"5:44:00","wins":5,"draws":13,"losses":5,"winrate":0.21739130434782608,"cagr":-0.18834462918980466,"expectancy":-2.345546094782609,"expectancy_ratio":-0.7041308470352619,"sortino":-30.348671621877017,"sharpe":-1.2471991292800115,"calmar":-15.092285235579801,"sqn":-1.2914,"profit_factor":0.3609981036377956,"max_drawdown_account":0.0704030544658435,"max_drawdown_abs":71.56437918},"results_per_pair":[{"key":"DOGE/USDT","trades":23,"profit_mean":-0.007177366771865433,"profit_mean_pct":-0.72,"profit_total_abs":-53.947560179999996,"profit_total":-0.05394756018,"profit_total_pct":-5.39,"duration_avg":"5:44:00","wins":5,"draws":13,"losses":5,"winrate":0.21739130434782608,"cagr":-0.18834462918980466,"expectancy":-2.345546094782609,"expectancy_ratio":-0.7041308470352619,"sortino":-30.348671621877017,"sharpe":-1.2471991292800115,"calmar":-15.092285235579801,"sqn":-1.2914,"profit_factor":0.3609981036377956,"max_drawdown_account":0.0704030544658435,"max_drawdown_abs":71.56437918},{"key":"TOTAL","trades":23,"profit_mean":-0.007177366771865433,"profit_mean_pct":-0.72,"profit_total_abs":-53.947560179999996,"profit_total":-0.05394756018,"profit_total_pct":-5.39,"duration_avg":"5:44:00","wins":5,"draws":13,"losses":5,"winrate":0.21739130434782608,"cagr":-0.18834462918980466,"expectancy":-2.345546094782609,"expectancy_ratio":-0.7041308470352619,"sortino":-30.348671621877017,"sharpe":-1.2471991292800115,"calmar":-15.092285235579801,"sqn":-1.2914,"profit_factor":0.3609981036377956,"max_drawdown_account":0.0704030544658435,"max_drawdown_abs":71.56437918}],"results_per_enter_tag":[{"key":"","trades":23,"profit_mean":-0.007177366771865433,"profit_mean_pct":-0.72,"profit_total_abs":-53.947560179999996,"profit_total":-0.05394756018,"profit_total_pct":-5.39,"duration_avg":"5:44:00","wins":5,"draws":13,"losses":5,"winrate":0.21739130434782608,"cagr":-0.18834462918980466,"expectancy":-2.345546094782609,"expectancy_ratio":-0.7041308470352619,"sortino":-30.348671621877017,"sharpe":-1.2471991292800115,"calmar":-15.092285235579801,"sqn":-1.2914,"profit_factor":0.3609981036377956,"max_drawdown_account":0.0704030544658435,"max_drawdown_abs":71.56437918},{"key":"TOTAL","trades":23,"profit_mean":-0.007177366771865433,"profit_mean_pct":-0.72,"profit_total_abs":-53.947560179999996,"profit_total":-0.05394756018,"profit_total_pct":-5.39,"duration_avg":"5:44:00","wins":5,"draws":13,"losses":5,"winrate":0.21739130434782608,"cagr":-0.18834462918980466,"expectancy":-2.345546094782609,"expectancy_ratio":-0.7041308470352619,"sortino":-30.348671621877017,"sharpe":-1.2471991292800115,"calmar":-15.092285235579801,"sqn":-1.2914,"profit_factor":0.3609981036377956,"max_drawdown_account":0.0704030544658435,"max_drawdown_abs":71.56437918}],"exit_reason_summary":[{"key":"roi","trades":18,"profit_mean":0.005238385589588109,"profit_mean_pct":0.52,"profit_total_abs":30.477166080000003,"profit_total":0.030477166080000003,"profit_total_pct":3.05,"duration_avg":"3:30:00","wins":5,"draws":13,"losses":0,"winrate":0.2777777777777778,"cagr":0.1195974961021149,"expectancy":1.6931758933333336,"expectancy_ratio":100.0,"sortino":-100,"sharpe":1.4277609341387576,"calmar":-100,"sqn":1.6605,"profit_factor":0.0,"max_drawdown_account":0.0,"max_drawdown_abs":0.0},{"key":"stop_loss","trades":5,"profit_mean":-0.05187407527309819,"profit_mean_pct":-5.19,"profit_total_abs":-84.42472626,"profit_total":-0.08442472626,"profit_total_pct":-8.44,"duration_avg":"13:48:00","wins":0,"draws":0,"losses":5,"winrate":0.0,"cagr":-0.282438589648751,"expectancy":-16.884945252,"expectancy_ratio":-1.0,"sortino":-47.49386785023643,"sharpe":-47.49386785023643,"calmar":-19.695848633549293,"sqn":-96.4546,"profit_factor":0.0,"max_drawdown_account":0.08442472625999994,"max_drawdown_abs":84.42472626},{"key":"TOTAL","trades":23,"profit_mean":-0.007177366771865433,"profit_mean_pct":-0.72,"profit_total_abs":-53.947560179999996,"profit_total":-0.05394756018,"profit_total_pct":-5.39,"duration_avg":"5:44:00","wins":5,"draws":13,"losses":5,"winrate":0.21739130434782608,"cagr":-0.18834462918980466,"expectancy":-2.345546094782609,"expectancy_ratio":-0.7041308470352619,"sortino":-30.348671621877017,"sharpe":-1.2471991292800115,"calmar":-15.092285235579801,"sqn":-1.2914,"profit_factor":0.3609981036377956,"max_drawdown_account":0.0704030544658435,"max_drawdown_abs":71.56437918}],"mix_tag_stats":[{"key":["","roi"],"trades":18,"profit_mean":0.005238385589588109,"profit_mean_pct":0.52,"profit_total_abs":30.477166080000003,"profit_total":0.030477166080000003,"profit_total_pct":3.05,"duration_avg":"3:30:00","wins":5,"draws":13,"losses":0,"winrate":0.2777777777777778,"cagr":0.1195974961021149,"expectancy":1.6931758933333336,"expectancy_ratio":100.0,"sortino":-100,"sharpe":1.4277609341387576,"calmar":-100,"sqn":1.6605,"profit_factor":0.0,"max_drawdown_account":0.0,"max_drawdown_abs":0.0},{"key":["","stop_loss"],"trades":5,"profit_mean":-0.05187407527309819,"profit_mean_pct":-5.19,"profit_total_abs":-84.42472626,"profit_total":-0.08442472626,"profit_total_pct":-8.44,"duration_avg":"13:48:00","wins":0,"draws":0,"losses":5,"winrate":0.0,"cagr":-0.282438589648751,"expectancy":-16.884945252,"expectancy_ratio":-1.0,"sortino":-47.49386785023643,"sharpe":-47.49386785023643,"calmar":-19.695848633549293,"sqn":-96.4546,"profit_factor":0.0,"max_drawdown_account":0.08442472625999994,"max_drawdown_abs":84.42472626},{"key":"TOTAL","trades":23,"profit_mean":-0.007177366771865433,"profit_mean_pct":-0.72,"profit_total_abs":-53.947560179999996,"profit_total":-0.05394756018,"profit_total_pct":-5.39,"duration_avg":"5:44:00","wins":5,"draws":13,"losses":5,"winrate":0.21739130434782608,"cagr":-0.18834462918980466,"expectancy":-2.345546094782609,"expectancy_ratio":-0.7041308470352619,"sortino":-30.348671621877017,"sharpe":-1.2471991292800115,"calmar":-15.092285235579801,"sqn":-1.2914,"profit_factor":0.3609981036377956,"max_drawdown_account":0.0704030544658435,"max_drawdown_abs":71.56437918}],"left_open_trades":[{"key":"TOTAL","trades":0,"profit_mean":0.0,"profit_mean_pct":0.0,"profit_total_abs":0.0,"profit_total":0.0,"profit_total_pct":0.0,"duration_avg":"0:00","wins":0,"draws":0,"losses":0,"winrate":0.0,"cagr":0.0,"expectancy":0.0,"expectancy_ratio":100.0,"sortino":0,"sharpe":0,"calmar":0,"sqn":0.0,"profit_factor":0.0,"max_drawdown_account":0.0,"max_drawdown_abs":0.0}],"total_trades":23,"trade_count_long":23,"trade_count_short":0,"total_volume":14730.712753333151,"avg_stake_amount":320.76583304347827,"profit_mean":-0.007177366771865433,"profit_median":0.0,"profit_total":-0.05394756018,"profit_total_long":-0.05394756018,"profit_total_short":0.0,"profit_total_abs":-53.947560179999996,"profit_total_long_abs":-53.947560179999996,"profit_total_short_abs":0.0,"cagr":-0.18834462918980466,"expectancy":-2.345546094782609,"expectancy_ratio":-0.7041308470352619,"sortino":-30.348671621877017,"sharpe":-1.2471991292800115,"calmar":-15.092285235579801,"sqn":-1.2914,"profit_factor":0.3609981036377956,"backtest_start":"2025-10-01 00:00:00","backtest_start_ts":1759276800000,"backtest_end":"2026-01-06 20:00:00","backtest_end_ts":1767729600000,"backtest_days":97,"backtest_run_start_ts":1767738825,"backtest_run_end_ts":1767738825,"trades_per_day":0.24,"market_change":-0.36632086436227446,"pairlist":["DOGE/USDT"],"stake_amount":"unlimited","stake_currency":"USDT","stake_currency_decimals":3,"starting_balance":1000,"dry_run_wallet":1000,"final_balance":946.05243982,"rejected_signals":0,"timedout_entry_orders":0,"timedout_exit_orders":0,"canceled_trade_entries":0,"canceled_entry_orders":0,"replaced_entry_orders":0,"max_open_trades":1,"max_open_trades_setting":3,"timeframe":"1h","timeframe_detail":"","timerange":"20251001-","enable_protections":false,"strategy_name":"ACO_27_22","freqaimodel":null,"freqai_identifier":null,"stoploss":-0.05,"trailing_stop":false,"trailing_stop_positive":null,"trailing_stop_positive_offset":0.0,"trailing_only_offset_is_reached":false,"use_custom_stoploss":false,"minimal_roi":{"0":0.1,"60":0.05,"120":0.0},"use_exit_signal":true,"exit_profit_only":false,"exit_profit_offset":0.0,"ignore_roi_if_entry_signal":false,"trading_mode":"spot","margin_mode":"","periodic_breakdown":{"day":[{"date":"12/10/2025","date_ts":1760227200000,"profit_abs":16.495374,"wins":1,"draws":0,"losses":0,"trades":1,"profit_factor":0.0},{"date":"13/10/2025","date_ts":1760313600000,"profit_abs":0.0,"wins":0,"draws":1,"losses":0,"trades":1,"profit_factor":0.0},{"date":"14/10/2025","date_ts":1760400000000,"profit_abs":0.0,"wins":0,"draws":0,"losses":0,"trades":0,"profit_factor":0.0},{"date":"15/10/2025","date_ts":1760486400000,"profit_abs":0.0,"wins":0,"draws":0,"losses":0,"trades":0,"profit_factor":0.0},{"date":"16/10/2025","date_ts":1760572800000,"profit_abs":0.0,"wins":0,"draws":0,"losses":0,"trades":0,"profit_factor":0.0},{"date":"17/10/2025","date_ts":1760659200000,"profit_abs":0.0,"wins":0,"draws":0,"losses":0,"trades":0,"profit_factor":0.0},{"date":"18/10/2025","date_ts":1760745600000,"profit_abs":0.0,"wins":0,"draws":0,"losses":0,"trades":0,"profit_factor":0.0},{"date":"19/10/2025","date_ts":1760832000000,"profit_abs":0.0,"wins":0,"draws":0,"losses":0,"trades":0,"profit_factor":0.0},{"date":"20/10/2025","date_ts":1760918400000,"profit_abs":0.0,"wins":0,"draws":0,"losses":0,"trades":0,"profit_factor":0.0},{"date":"21/10/2025","date_ts":1761004800000,"profit_abs":0.0,"wins":0,"draws":0,"losses":0,"trades":0,"profit_factor":0.0},{"date":"22/10/2025","date_ts":1761091200000,"profit_abs":-34.54484788,"wins":0,"draws":0,"losses":2,"trades":2,"profit_factor":0.0},{"date":"23/10/2025","date_ts":1761177600000,"profit_abs":0.0,"wins":0,"draws":0,"losses":0,"trades":0,"profit_factor":0.0},{"date":"24/10/2025","date_ts":1761264000000,"profit_abs":0.0,"wins":0,"draws":0,"losses":0,"trades":0,"profit_factor":0.0},{"date":"25/10/2025","date_ts":1761350400000,"profit_abs":0.0,"wins":0,"draws":0,"losses":0,"trades":0,"profit_factor":0.0},{"date":"26/10/2025","date_ts":1761436800000,"profit_abs":0.0,"wins":0,"draws":0,"losses":0,"trades":0,"profit_factor":0.0},{"date":"27/10/2025","date_ts":1761523200000,"profit_abs":0.0,"wins":0,"draws":1,"losses":0,"trades":1,"profit_factor":0.0},{"date":"28/10/2025","date_ts":1761609600000,"profit_abs":0.0,"wins":0,"draws":0,"losses":0,"trades":0,"profit_factor":0.0},{"date":"29/10/2025","date_ts":1761696000000,"profit_abs":0.0,"wins":0,"draws":1,"losses":0,"trades":1,"profit_factor":0.0},{"date":"30/10/2025","date_ts":1761782400000,"profit_abs":0.0,"wins":0,"draws":0,"losses":0,"trades":0,"profit_factor":0.0},{"date":"31/10/2025","date_ts":1761868800000,"profit_abs":0.0,"wins":0,"draws":0,"losses":0,"trades":0,"profit_factor":0.0},{"date":"01/11/2025","date_ts":1761955200000,"profit_abs":0.0,"wins":0,"draws":0,"losses":0,"trades":0,"profit_factor":0.0},{"date":"02/11/2025","date_ts":1762041600000,"profit_abs":0.0,"wins":0,"draws":1,"losses":0,"trades":1,"profit_factor":0.0},{"date":"03/11/2025","date_ts":1762128000000,"profit_abs":0.0,"wins":0,"draws":0,"losses":0,"trades":0,"profit_factor":0.0},{"date":"04/11/2025","date_ts":1762214400000,"profit_abs":0.0,"wins":0,"draws":0,"losses":0,"trades":0,"profit_factor":0.0},{"date":"05/11/2025","date_ts":1762300800000,"profit_abs":0.0,"wins":0,"draws":0,"losses":0,"trades":0,"profit_factor":0.0},{"date":"06/11/2025","date_ts":1762387200000,"profit_abs":0.0,"wins":0,"draws":0,"losses":0,"trades":0,"profit_factor":0.0},{"date":"07/11/2025","date_ts":1762473600000,"profit_abs":0.0,"wins":0,"draws":0,"losses":0,"trades":0,"profit_factor":0.0},{"date":"08/11/2025","date_ts":1762560000000,"profit_abs":0.0,"wins":0,"draws":0,"losses":0,"trades":0,"profit_factor":0.0},{"date":"09/11/2025","date_ts":1762646400000,"profit_abs":0.0,"wins":0,"draws":0,"losses":0,"trades":0,"profit_factor":0.0},{"date":"10/11/2025","date_ts":1762732800000,"profit_abs":0.0,"wins":0,"draws":0,"losses":0,"trades":0,"profit_factor":0.0},{"date":"11/11/2025","date_ts":1762819200000,"profit_abs":0.0,"wins":0,"draws":1,"losses":0,"trades":1,"profit_factor":0.0},{"date":"12/11/2025","date_ts":1762905600000,"profit_abs":-16.82186611,"wins":0,"draws":0,"losses":1,"trades":1,"profit_factor":0.0},{"date":"13/11/2025","date_ts":1762992000000,"profit_abs":2.96281539,"wins":1,"draws":0,"losses":0,"trades":1,"profit_factor":0.0},{"date":"14/11/2025","date_ts":1763078400000,"profit_abs":0.0,"wins":0,"draws":0,"losses":0,"trades":0,"profit_factor":0.0},{"date":"15/11/2025","date_ts":1763164800000,"profit_abs":0.0,"wins":0,"draws":0,"losses":0,"trades":0,"profit_factor":0.0},{"date":"16/11/2025","date_ts":1763251200000,"profit_abs":0.0,"wins":0,"draws":0,"losses":0,"trades":0,"profit_factor":0.0},{"date":"17/11/2025","date_ts":1763337600000,"profit_abs":0.0,"wins":0,"draws":0,"losses":0,"trades":0,"profit_factor":0.0},{"date":"18/11/2025","date_ts":1763424000000,"profit_abs":0.0,"wins":0,"draws":0,"losses":0,"trades":0,"profit_factor":0.0},{"date":"19/11/2025","date_ts":1763510400000,"profit_abs":0.0,"wins":0,"draws":1,"losses":0,"trades":1,"profit_factor":0.0},{"date":"20/11/2025","date_ts":1763596800000,"profit_abs":0.0,"wins":0,"draws":0,"losses":0,"trades":0,"profit_factor":0.0},{"date":"21/11/2025","date_ts":1763683200000,"profit_abs":0.0,"wins":0,"draws":0,"losses":0,"trades":0,"profit_factor":0.0},{"date":"22/11/2025","date_ts":1763769600000,"profit_abs":0.0,"wins":0,"draws":0,"losses":0,"trades":0,"profit_factor":0.0},{"date":"23/11/2025","date_ts":1763856000000,"profit_abs":0.0,"wins":0,"draws":0,"losses":0,"trades":0,"profit_factor":0.0},{"date":"24/11/2025","date_ts":1763942400000,"profit_abs":0.0,"wins":0,"draws":0,"losses":0,"trades":0,"profit_factor":0.0},{"date":"25/11/2025","date_ts":1764028800000,"profit_abs":0.0,"wins":0,"draws":0,"losses":0,"trades":0,"profit_factor":0.0},{"date":"26/11/2025","date_ts":1764115200000,"profit_abs":0.0,"wins":0,"draws":1,"losses":0,"trades":1,"profit_factor":0.0},{"date":"27/11/2025","date_ts":1764201600000,"profit_abs":0.0,"wins":0,"draws":0,"losses":0,"trades":0,"profit_factor":0.0},{"date":"28/11/2025","date_ts":1764288000000,"profit_abs":0.0,"wins":0,"draws":1,"losses":0,"trades":1,"profit_factor":0.0},{"date":"29/11/2025","date_ts":1764374400000,"profit_abs":0.55217744,"wins":1,"draws":0,"losses":0,"trades":1,"profit_factor":0.0},{"date":"30/11/2025","date_ts":1764460800000,"profit_abs":0.0,"wins":0,"draws":1,"losses":0,"trades":1,"profit_factor":0.0},{"date":"01/12/2025","date_ts":1764547200000,"profit_abs":-16.60165599,"wins":0,"draws":0,"losses":1,"trades":1,"profit_factor":0.0},{"date":"02/12/2025","date_ts":1764633600000,"profit_abs":0.0,"wins":0,"draws":0,"losses":0,"trades":0,"profit_factor":0.0},{"date":"03/12/2025","date_ts":1764720000000,"profit_abs":0.0,"wins":0,"draws":0,"losses":0,"trades":0,"profit_factor":0.0},{"date":"04/12/2025","date_ts":1764806400000,"profit_abs":0.0,"wins":0,"draws":0,"losses":0,"trades":0,"profit_factor":0.0},{"date":"05/12/2025","date_ts":1764892800000,"profit_abs":0.0,"wins":0,"draws":0,"losses":0,"trades":0,"profit_factor":0.0},{"date":"06/12/2025","date_ts":1764979200000,"profit_abs":0.0,"wins":0,"draws":0,"losses":0,"trades":0,"profit_factor":0.0},{"date":"07/12/2025","date_ts":1765065600000,"profit_abs":0.0,"wins":0,"draws":1,"losses":0,"trades":1,"profit_factor":0.0},{"date":"08/12/2025","date_ts":1765152000000,"profit_abs":0.0,"wins":0,"draws":0,"losses":0,"trades":0,"profit_factor":0.0},{"date":"09/12/2025","date_ts":1765238400000,"profit_abs":9.34535425,"wins":1,"draws":0,"losses":0,"trades":1,"profit_factor":0.0},{"date":"10/12/2025","date_ts":1765324800000,"profit_abs":0.0,"wins":0,"draws":0,"losses":0,"trades":0,"profit_factor":0.0},{"date":"11/12/2025","date_ts":1765411200000,"profit_abs":0.0,"wins":0,"draws":0,"losses":0,"trades":0,"profit_factor":0.0},{"date":"12/12/2025","date_ts":1765497600000,"profit_abs":-16.45635628,"wins":0,"draws":0,"losses":1,"trades":1,"profit_factor":0.0},{"date":"13/12/2025","date_ts":1765584000000,"profit_abs":0.0,"wins":0,"draws":0,"losses":0,"trades":0,"profit_factor":0.0},{"date":"14/12/2025","date_ts":1765670400000,"profit_abs":0.0,"wins":0,"draws":0,"losses":0,"trades":0,"profit_factor":0.0},{"date":"15/12/2025","date_ts":1765756800000,"profit_abs":0.0,"wins":0,"draws":0,"losses":0,"trades":0,"profit_factor":0.0},{"date":"16/12/2025","date_ts":1765843200000,"profit_abs":0.0,"wins":0,"draws":0,"losses":0,"trades":0,"profit_factor":0.0},{"date":"17/12/2025","date_ts":1765929600000,"profit_abs":0.0,"wins":0,"draws":0,"losses":0,"trades":0,"profit_factor":0.0},{"date":"18/12/2025","date_ts":1766016000000,"profit_abs":0.0,"wins":0,"draws":0,"losses":0,"trades":0,"profit_factor":0.0},{"date":"19/12/2025","date_ts":1766102400000,"profit_abs":0.0,"wins":0,"draws":0,"losses":0,"trades":0,"profit_factor":0.0},{"date":"20/12/2025","date_ts":1766188800000,"profit_abs":0.0,"wins":0,"draws":0,"losses":0,"trades":0,"profit_factor":0.0},{"date":"21/12/2025","date_ts":1766275200000,"profit_abs":0.0,"wins":0,"draws":0,"losses":0,"trades":0,"profit_factor":0.0},{"date":"22/12/2025","date_ts":1766361600000,"profit_abs":0.0,"wins":0,"draws":1,"losses":0,"trades":1,"profit_factor":0.0},{"date":"23/12/2025","date_ts":1766448000000,"profit_abs":0.0,"wins":0,"draws":0,"losses":0,"trades":0,"profit_factor":0.0},{"date":"24/12/2025","date_ts":1766534400000,"profit_abs":0.0,"wins":0,"draws":0,"losses":0,"trades":0,"profit_factor":0.0},{"date":"25/12/2025","date_ts":1766620800000,"profit_abs":0.0,"wins":0,"draws":0,"losses":0,"trades":0,"profit_factor":0.0},{"date":"26/12/2025","date_ts":1766707200000,"profit_abs":0.0,"wins":0,"draws":0,"losses":0,"trades":0,"profit_factor":0.0},{"date":"27/12/2025","date_ts":1766793600000,"profit_abs":0.0,"wins":0,"draws":1,"losses":0,"trades":1,"profit_factor":0.0},{"date":"28/12/2025","date_ts":1766880000000,"profit_abs":0.0,"wins":0,"draws":0,"losses":0,"trades":0,"profit_factor":0.0},{"date":"29/12/2025","date_ts":1766966400000,"profit_abs":0.0,"wins":0,"draws":0,"losses":0,"trades":0,"profit_factor":0.0},{"date":"30/12/2025","date_ts":1767052800000,"profit_abs":0.0,"wins":0,"draws":0,"losses":0,"trades":0,"profit_factor":0.0},{"date":"31/12/2025","date_ts":1767139200000,"profit_abs":0.0,"wins":0,"draws":1,"losses":0,"trades":1,"profit_factor":0.0},{"date":"01/01/2026","date_ts":1767225600000,"profit_abs":0.0,"wins":0,"draws":0,"losses":0,"trades":0,"profit_factor":0.0},{"date":"02/01/2026","date_ts":1767312000000,"profit_abs":0.0,"wins":0,"draws":0,"losses":0,"trades":0,"profit_factor":0.0},{"date":"03/01/2026","date_ts":1767398400000,"profit_abs":0.0,"wins":0,"draws":0,"losses":0,"trades":0,"profit_factor":0.0},{"date":"04/01/2026","date_ts":1767484800000,"profit_abs":1.121445,"wins":1,"draws":0,"losses":0,"trades":1,"profit_factor":0.0}],"week":[{"date":"13/10/2025","date_ts":1760313600000,"profit_abs":16.495374,"wins":1,"draws":1,"losses":0,"trades":2,"profit_factor":0.0},{"date":"20/10/2025","date_ts":1760918400000,"profit_abs":0.0,"wins":0,"draws":0,"losses":0,"trades":0,"profit_factor":0.0},{"date":"27/10/2025","date_ts":1761523200000,"profit_abs":-34.54484788,"wins":0,"draws":1,"losses":2,"trades":3,"profit_factor":0.0},{"date":"03/11/2025","date_ts":1762128000000,"profit_abs":0.0,"wins":0,"draws":2,"losses":0,"trades":2,"profit_factor":0.0},{"date":"10/11/2025","date_ts":1762732800000,"profit_abs":0.0,"wins":0,"draws":0,"losses":0,"trades":0,"profit_factor":0.0},{"date":"17/11/2025","date_ts":1763337600000,"profit_abs":-13.85905072,"wins":1,"draws":1,"losses":1,"trades":3,"profit_factor":0.17612882},{"date":"24/11/2025","date_ts":1763942400000,"profit_abs":0.0,"wins":0,"draws":1,"losses":0,"trades":1,"profit_factor":0.0},{"date":"01/12/2025","date_ts":1764547200000,"profit_abs":-16.04947855,"wins":1,"draws":3,"losses":1,"trades":5,"profit_factor":0.03326038},{"date":"08/12/2025","date_ts":1765152000000,"profit_abs":0.0,"wins":0,"draws":1,"losses":0,"trades":1,"profit_factor":0.0},{"date":"15/12/2025","date_ts":1765756800000,"profit_abs":-7.11100203,"wins":1,"draws":0,"losses":1,"trades":2,"profit_factor":0.56788721},{"date":"22/12/2025","date_ts":1766361600000,"profit_abs":0.0,"wins":0,"draws":1,"losses":0,"trades":1,"profit_factor":0.0},{"date":"29/12/2025","date_ts":1766966400000,"profit_abs":0.0,"wins":0,"draws":1,"losses":0,"trades":1,"profit_factor":0.0},{"date":"05/01/2026","date_ts":1767571200000,"profit_abs":1.121445,"wins":1,"draws":1,"losses":0,"trades":2,"profit_factor":0.0}],"month":[{"date":"31/10/2025","date_ts":1761868800000,"profit_abs":-18.04947388,"wins":1,"draws":3,"losses":2,"trades":6,"profit_factor":0.47750605},{"date":"30/11/2025","date_ts":1764460800000,"profit_abs":-13.30687328,"wins":2,"draws":6,"losses":1,"trades":9,"profit_factor":0.2089538},{"date":"31/12/2025","date_ts":1767139200000,"profit_abs":-23.71265802,"wins":1,"draws":4,"losses":2,"trades":7,"profit_factor":0.28269559},{"date":"31/01/2026","date_ts":1769817600000,"profit_abs":1.121445,"wins":1,"draws":0,"losses":0,"trades":1,"profit_factor":0.0}],"year":[{"date":"31/12/2025","date_ts":1767139200000,"profit_abs":-55.06900518,"wins":4,"draws":13,"losses":5,"trades":22,"profit_factor":0.34771473},{"date":"31/12/2026","date_ts":1798675200000,"profit_abs":1.121445,"wins":1,"draws":0,"losses":0,"trades":1,"profit_factor":0.0}],"weekday":[{"date":"Monday","date_ts":0,"profit_abs":-16.60165599,"wins":0,"draws":3,"losses":1,"trades":4,"profit_factor":0.0},{"date":"Tuesday","date_ts":1,"profit_abs":9.34535425,"wins":1,"draws":1,"losses":0,"trades":2,"profit_factor":0.0},{"date":"Wednesday","date_ts":2,"profit_abs":-51.36671399,"wins":0,"draws":4,"losses":3,"trades":7,"profit_factor":0.0},{"date":"Thursday","date_ts":3,"profit_abs":2.96281539,"wins":1,"draws":0,"losses":0,"trades":1,"profit_factor":0.0},{"date":"Friday","date_ts":4,"profit_abs":-16.45635628,"wins":0,"draws":1,"losses":1,"trades":2,"profit_factor":0.0},{"date":"Saturday","date_ts":5,"profit_abs":0.55217744,"wins":1,"draws":1,"losses":0,"trades":2,"profit_factor":0.0},{"date":"Sunday","date_ts":6,"profit_abs":17.616819,"wins":2,"draws":3,"losses":0,"trades":5,"profit_factor":0.0}]},"backtest_best_day":0.04995004995004996,"backtest_worst_day":-0.1037736718341887,"backtest_best_day_abs":16.495374,"backtest_worst_day_abs":-34.54484788,"winning_days":5,"draw_days":76,"losing_days":4,"daily_profit":[["2025-10-12",16.495374],["2025-10-13",0.0],["2025-10-14",0.0],["2025-10-15",0.0],["2025-10-16",0.0],["2025-10-17",0.0],["2025-10-18",0.0],["2025-10-19",0.0],["2025-10-20",0.0],["2025-10-21",0.0],["2025-10-22",-34.54484788],["2025-10-23",0.0],["2025-10-24",0.0],["2025-10-25",0.0],["2025-10-26",0.0],["2025-10-27",0.0],["2025-10-28",0.0],["2025-10-29",0.0],["2025-10-30",0.0],["2025-10-31",0.0],["2025-11-01",0.0],["2025-11-02",0.0],["2025-11-03",0.0],["2025-11-04",0.0],["2025-11-05",0.0],["2025-11-06",0.0],["2025-11-07",0.0],["2025-11-08",0.0],["2025-11-09",0.0],["2025-11-10",0.0],["2025-11-11",0.0],["2025-11-12",-16.82186611],["2025-11-13",2.96281539],["2025-11-14",0.0],["2025-11-15",0.0],["2025-11-16",0.0],["2025-11-17",0.0],["2025-11-18",0.0],["2025-11-19",0.0],["2025-11-20",0.0],["2025-11-21",0.0],["2025-11-22",0.0],["2025-11-23",0.0],["2025-11-24",0.0],["2025-11-25",0.0],["2025-11-26",0.0],["2025-11-27",0.0],["2025-11-28",0.0],["2025-11-29",0.55217744],["2025-11-30",0.0],["2025-12-01",-16.60165599],["2025-12-02",0.0],["2025-12-03",0.0],["2025-12-04",0.0],["2025-12-05",0.0],["2025-12-06",0.0],["2025-12-07",0.0],["2025-12-08",0.0],["2025-12-09",9.34535425],["2025-12-10",0.0],["2025-12-11",0.0],["2025-12-12",-16.45635628],["2025-12-13",0.0],["2025-12-14",0.0],["2025-12-15",0.0],["2025-12-16",0.0],["2025-12-17",0.0],["2025-12-18",0.0],["2025-12-19",0.0],["2025-12-20",0.0],["2025-12-21",0.0],["2025-12-22",0.0],["2025-12-23",0.0],["2025-12-24",0.0],["2025-12-25",0.0],["2025-12-26",0.0],["2025-12-27",0.0],["2025-12-28",0.0],["2025-12-29",0.0],["2025-12-30",0.0],["2025-12-31",0.0],["2026-01-01",0.0],["2026-01-02",0.0],["2026-01-03",0.0],["2026-01-04",1.121445]],"wins":5,"losses":5,"draws":13,"winrate":0.21739130434782608,"holding_avg":"5:44:00","holding_avg_s":20640.0,"winner_holding_min":"0d 01:00","winner_holding_min_s":3600.0,"winner_holding_max":"0d 02:00","winner_holding_max_s":7200.0,"winner_holding_avg":"0d 01:48","winner_holding_avg_s":6480.0,"loser_holding_min":"0d 01:00","loser_holding_min_s":3600.0,"loser_holding_max":"1d 01:00","loser_holding_max_s":90000.0,"loser_holding_avg":"0d 13:48","loser_holding_avg_s":49680.0,"max_consecutive_wins":1,"max_consecutive_losses":8,"max_drawdown_account":0.0704030544658435,"max_relative_drawdown":0.0704030544658435,"max_drawdown_abs":71.56437918,"drawdown_start":"2025-10-12 16:00:00","drawdown_start_ts":1760284800000.0,"drawdown_end":"2025-12-12 16:00:00","drawdown_end_ts":1765555200000.0,"drawdown_duration":"61 days 00:00:00","drawdown_duration_s":5270400.0,"max_drawdown_low":-55.06900518,"max_drawdown_high":16.495374,"csum_min":944.93099482,"csum_max":1016.495374}},"strategy_comparison":[{"key":"ACO_27_22","trades":23,"profit_mean":-0.007177366771865433,"profit_mean_pct":-0.72,"profit_total_abs":-53.947560179999996,"profit_total":-0.05394756018,"profit_total_pct":-5.39,"duration_avg":"5:44:00","wins":5,"draws":13,"losses":5,"winrate":0.21739130434782608,"cagr":-0.18834462918980466,"expectancy":-2.345546094782609,"expectancy_ratio":-0.7041308470352619,"sortino":-30.348671621877017,"sharpe":-1.2471991292800115,"calmar":-15.092285235579801,"sqn":-1.2914,"profit_factor":0.3609981036377956,"max_drawdown_account":0.0704030544658435,"max_drawdown_abs":"71.564"}]}