run_id,iteration,individual_idx,feat_0,feat_1,feat_2,feat_3,feat_4,feat_5,feat_6,feat_7,feat_8,feat_9,feat_10,feat_11,feat_12,feat_13,feat_14,feat_15,feat_16,feat_17,feat_18,feat_19,feat_20,feat_21,feat_22,feat_23,feat_24,feat_25,feat_26,feat_27,feat_28,feat_29,feat_30,feat_31,feat_32,feat_33,feat_34,feat_35,feat_36,feat_37,feat_38,feat_39,feat_40,feat_41,feat_42,feat_43,feat_44,feat_45,feat_46,feat_47,feat_48,feat_49,feat_50,feat_51,feat_52,feat_53,feat_54,feat_55,feat_56,feat_57,feat_58,feat_59,feat_60,feat_61,feat_62,feat_63,feat_64,feat_65,feat_66,feat_67,feat_68,feat_69,feat_70,class_weight_power,focal_gamma,learning_rate,dropout,hidden_size,num_layers,weight_decay,label_smoothing,batch_size,scheduler_patience,input_seq_length,class_weight_power_lower,focal_gamma_lower,learning_rate_lower,dropout_lower,hidden_size_lower,num_layers_lower,weight_decay_lower,label_smoothing_lower,batch_size_lower,scheduler_patience_lower,input_seq_length_lower,class_weight_power_upper,focal_gamma_upper,learning_rate_upper,dropout_upper,hidden_size_upper,num_layers_upper,weight_decay_upper,label_smoothing_upper,batch_size_upper,scheduler_patience_upper,input_seq_length_upper,pop_size,iterations,n_workers,min_features,epochs_per_eval,np_neighbors,pf_max,elitist_selection,elitist_constant,fitness
72074f99,-1,0,1,0,1,0,0,1,0,0,1,0,0,0,1,0,1,1,1,0,0,1,1,1,0,0,0,1,1,1,1,1,1,1,1,0,1,0,0,0,0,1,1,0,1,0,1,0,1,0,0,0,1,0,1,0,1,0,0,0,0,0,1,1,0,1,1,1,1,0,1,1,0,0.30870681340522055,1.869624994630313,0.0008362743902868519,0.23345156411200688,70.84727421958885,2.4440723338324464,0.005783357354455279,0.0791477932633335,104.37034219919101,11.920745816727804,8.881653337874955,0.3,1.0,5e-05,0.15,64,2,0.0005,0.0,32,5,8,0.8,3.0,0.002,0.4,256,4,0.015,0.15,128,15,16,15,50,15,5,100,2,0.2,True,0.25,-0.021371981741961133
72074f99,-1,1,1,1,1,1,1,0,0,1,1,0,1,1,1,1,0,1,0,0,0,1,1,1,0,1,1,0,0,1,0,1,1,1,1,1,0,1,0,1,0,0,1,0,1,0,1,1,1,1,1,1,1,0,0,0,1,1,1,1,0,1,1,0,1,1,1,1,0,0,0,1,0,0.7276195427566106,2.580812447436198,0.00010864880284170987,0.25652028788199477,209.17933055990676,3.727115519102008,0.003161534540990544,0.023908884045508866,59.420184710885074,6.374083719958815,9.247085914240953,0.3,1.0,5e-05,0.15,64,2,0.0005,0.0,32,5,8,0.8,3.0,0.002,0.4,256,4,0.015,0.15,128,15,16,15,50,15,5,100,2,0.2,True,0.25,-0.19179673632563146
72074f99,-1,2,0,1,0,0,0,0,0,0,0,0,1,0,1,0,0,1,0,0,1,1,0,1,0,1,0,1,0,0,1,0,1,1,0,0,1,0,0,0,0,0,1,0,0,1,1,1,0,0,0,1,0,0,1,0,0,1,1,1,0,1,1,1,1,0,0,0,0,0,1,1,0,0.3708407744615161,1.0411128136075753,0.0002010552815970541,0.23881397123324447,236.78885923404428,2.6557034345739168,0.0025284209686392456,0.04861295366762875,66.73850991138028,7.406840206204254,11.291300579094516,0.3,1.0,5e-05,0.15,64,2,0.0005,0.0,32,5,8,0.8,3.0,0.002,0.4,256,4,0.015,0.15,128,15,16,15,50,15,5,100,2,0.2,True,0.25,-0.01863601290878549
72074f99,-1,3,0,1,1,1,0,1,1,1,0,0,1,1,1,1,0,0,0,1,1,0,1,0,0,0,0,1,0,1,1,0,1,1,1,1,1,0,1,0,1,1,1,0,1,0,0,1,0,0,0,0,1,1,1,1,0,1,1,0,1,1,1,1,1,0,1,1,1,1,1,0,0,0.6917331732770294,1.875858275594754,0.0012643119269887448,0.2438793572193833,113.0634590127718,2.4240373942292432,0.0014497472773991628,0.12690914132334655,55.6371270682035,9.959359138932562,10.594705011835808,0.3,1.0,5e-05,0.15,64,2,0.0005,0.0,32,5,8,0.8,3.0,0.002,0.4,256,4,0.015,0.15,128,15,16,15,50,15,5,100,2,0.2,True,0.25,-0.0
72074f99,-1,4,1,1,1,1,0,1,0,1,1,1,0,1,0,1,0,1,0,0,1,0,1,1,1,0,0,1,1,0,0,0,1,0,1,0,0,1,1,0,0,0,0,1,1,0,1,1,0,1,1,0,0,1,0,0,0,1,1,1,0,1,0,1,1,1,1,0,1,1,0,0,0,0.45386186598043365,2.9007451517172553,0.0010954060719924517,0.36873732235833134,80.89575445183979,2.528829430505197,0.006004744321381523,0.03193630746466475,122.31910401744213,8.981982877821336,9.819581534044936,0.3,1.0,5e-05,0.15,64,2,0.0005,0.0,32,5,8,0.8,3.0,0.002,0.4,256,4,0.015,0.15,128,15,16,15,50,15,5,100,2,0.2,True,0.25,-0.2147403905912906
72074f99,-1,5,0,1,1,0,0,0,1,1,0,1,0,1,1,0,1,1,0,1,0,0,0,1,0,0,1,1,1,0,1,1,1,0,1,1,0,1,1,0,1,1,1,0,0,0,0,0,1,0,0,0,0,1,0,0,0,1,0,0,0,0,1,0,1,0,1,0,1,1,0,1,1,0.6923961262278899,1.403799462353918,0.0005198502147126387,0.18441540446702506,144.11073079949205,2.6437365554494274,0.007095143575092541,0.08015587626605435,120.61285463223605,14.716886538255162,8.27777145017276,0.3,1.0,5e-05,0.15,64,2,0.0005,0.0,32,5,8,0.8,3.0,0.002,0.4,256,4,0.015,0.15,128,15,16,15,50,15,5,100,2,0.2,True,0.25,-0.014551985980233013
72074f99,-1,6,0,0,1,0,1,1,1,0,0,1,0,0,1,1,1,1,0,1,1,0,0,1,0,0,0,0,1,0,0,1,1,0,1,1,0,1,0,1,0,1,1,0,1,0,1,1,0,0,1,0,1,1,1,1,0,0,1,1,1,1,0,1,1,1,1,1,1,1,1,1,1,0.6392996285147681,1.7188572267396702,0.0010699371615209797,0.18735928653525988,132.02291110425102,2.5692753913792026,0.007481023881210998,0.148940041638129,69.25331200803905,9.095331631141445,8.321356046390735,0.3,1.0,5e-05,0.15,64,2,0.0005,0.0,32,5,8,0.8,3.0,0.002,0.4,256,4,0.015,0.15,128,15,16,15,50,15,5,100,2,0.2,True,0.25,-0.006329292747470377
72074f99,-1,7,0,1,1,1,1,0,1,1,1,0,1,1,0,1,0,1,0,0,0,0,0,1,1,1,0,0,0,0,0,1,1,0,0,1,1,1,0,1,0,0,0,0,1,0,0,0,1,0,0,1,1,0,1,1,1,1,1,1,1,1,0,1,0,1,1,1,1,1,0,0,1,0.5983251737191715,1.8669880115242605,0.0018122472171420182,0.2037797607866746,217.81749757783663,3.2306674696537305,0.013648201644306605,0.040938469811022074,73.68201745854581,10.973461594446697,15.36462650242255,0.3,1.0,5e-05,0.15,64,2,0.0005,0.0,32,5,8,0.8,3.0,0.002,0.4,256,4,0.015,0.15,128,15,16,15,50,15,5,100,2,0.2,True,0.25,-0.41634330330292246
72074f99,-1,8,1,1,1,0,1,1,1,1,0,1,1,1,0,0,1,0,1,1,0,0,0,1,1,1,0,0,1,1,1,1,1,0,1,0,0,0,0,1,0,0,1,0,1,0,0,1,0,1,0,1,0,0,0,0,0,1,0,0,0,0,0,1,0,1,1,0,1,0,0,0,0,0.4181481883522678,2.5557899138919655,0.00010847840641792408,0.3655599281220936,151.29416677786404,2.4822177287165887,0.01411065261894395,0.14122402419796506,123.47345954708771,9.525987351371501,9.824607356817435,0.3,1.0,5e-05,0.15,64,2,0.0005,0.0,32,5,8,0.8,3.0,0.002,0.4,256,4,0.015,0.15,128,15,16,15,50,15,5,100,2,0.2,True,0.25,-0.006214363521904032
72074f99,-1,9,1,0,0,1,0,1,0,0,0,0,0,0,0,0,0,0,1,1,1,1,0,1,0,0,1,1,0,1,1,0,1,1,0,0,0,0,1,1,1,0,1,1,1,0,0,0,0,1,1,1,0,1,1,0,1,0,0,1,0,0,0,0,0,1,1,0,1,1,0,1,0,0.4584040979858475,2.879152497950047,0.0004939412577212802,0.1617177170802626,219.71463635939983,3.821796785628497,0.006620534441009863,0.010002114355608759,78.76276334353763,14.332291005823024,8.557242375540401,0.3,1.0,5e-05,0.15,64,2,0.0005,0.0,32,5,8,0.8,3.0,0.002,0.4,256,4,0.015,0.15,128,15,16,15,50,15,5,100,2,0.2,True,0.25,-0.31244423731061327
72074f99,-1,10,1,1,1,0,0,0,0,0,0,1,1,1,1,1,1,0,1,0,0,0,0,0,1,1,1,1,1,0,1,0,0,0,1,1,1,1,1,0,0,0,0,1,0,0,1,1,0,1,1,1,0,1,1,1,1,0,0,1,0,1,0,1,1,1,1,0,1,1,0,1,1,0.7968986896571228,1.790890238434232,0.0013194736200580243,0.394845797059435,195.63041927024602,2.3622232716605347,0.012934874894554355,0.0021192004280347954,102.9873748237674,7.546017189340192,13.673511709217802,0.3,1.0,5e-05,0.15,64,2,0.0005,0.0,32,5,8,0.8,3.0,0.002,0.4,256,4,0.015,0.15,128,15,16,15,50,15,5,100,2,0.2,True,0.25,-0.18896273399720556
72074f99,-1,11,1,0,0,1,0,1,0,1,1,0,0,0,1,1,1,1,0,1,1,1,1,0,0,0,0,1,1,1,1,0,1,0,1,1,1,1,0,1,1,0,1,1,0,0,0,1,0,0,0,0,1,1,0,0,1,1,1,0,0,1,0,0,1,1,0,1,1,1,0,0,1,0.5336846464447215,2.3551177176306277,0.000716212804328004,0.19388711846231999,230.1487495724287,3.7238301622319057,0.012477664272620313,0.09819965179551148,46.06313637750864,12.371167506604834,8.01197062175122,0.3,1.0,5e-05,0.15,64,2,0.0005,0.0,32,5,8,0.8,3.0,0.002,0.4,256,4,0.015,0.15,128,15,16,15,50,15,5,100,2,0.2,True,0.25,-0.015665129153978444
72074f99,-1,12,1,0,0,0,0,0,0,1,0,1,1,1,1,0,1,0,1,0,1,0,1,1,1,0,1,0,0,0,0,0,1,0,1,0,1,1,1,1,0,0,0,1,1,1,0,1,0,0,0,1,0,0,1,1,0,1,1,1,0,0,0,0,0,1,1,1,1,1,1,1,1,0.46345213096251153,1.4399633249218744,0.0015690498414343277,0.16182824234451332,92.26965594870663,3.822427774437724,0.007392571232429982,0.03493740225405861,82.37190683359081,8.53252278522255,14.824291176048435,0.3,1.0,5e-05,0.15,64,2,0.0005,0.0,32,5,8,0.8,3.0,0.002,0.4,256,4,0.015,0.15,128,15,16,15,50,15,5,100,2,0.2,True,0.25,-0.0
72074f99,-1,13,1,0,1,1,0,0,0,0,0,0,0,0,1,0,0,1,1,1,1,0,0,1,0,1,0,0,1,0,1,1,0,0,1,1,0,0,0,0,1,1,0,0,1,0,1,1,1,1,0,1,1,1,0,0,0,0,0,1,1,1,1,1,0,1,1,1,0,1,0,0,1,0.7087349230878441,1.8077533876784533,0.000990397425089247,0.32974204777962113,239.1000640636919,3.897474454629683,0.012847740250004997,0.07356955035679713,68.66572392330059,6.609358420734722,10.508146911878704,0.3,1.0,5e-05,0.15,64,2,0.0005,0.0,32,5,8,0.8,3.0,0.002,0.4,256,4,0.015,0.15,128,15,16,15,50,15,5,100,2,0.2,True,0.25,-0.10798895191083911
72074f99,-1,14,1,1,0,0,0,1,1,0,0,1,1,0,0,1,1,0,1,1,0,1,1,0,0,0,1,1,0,1,1,0,0,1,1,0,0,1,0,0,0,0,1,1,1,1,0,1,0,1,1,0,0,0,1,1,1,0,0,1,1,0,1,0,1,0,0,1,0,0,1,1,0,0.46826500477859323,2.299330886591301,0.00023845272854988787,0.2771771771685825,64.4590015963663,3.577390943021941,0.013698751088137773,0.102481092220644,73.16417489405458,7.94896003353638,12.386294195153832,0.3,1.0,5e-05,0.15,64,2,0.0005,0.0,32,5,8,0.8,3.0,0.002,0.4,256,4,0.015,0.15,128,15,16,15,50,15,5,100,2,0.2,True,0.25,-0.1883884315131642
72074f99,0,0,0,1,1,1,1,0,1,1,1,0,1,1,0,1,0,1,0,0,0,0,0,1,1,1,0,0,0,0,0,1,1,0,0,1,1,1,0,1,0,0,0,0,1,0,0,0,1,0,0,1,1,0,1,1,1,1,1,1,1,1,0,1,0,1,1,1,1,1,0,0,1,0.5983251737191715,1.8669880115242605,0.0018122472171420182,0.2037797607866746,217.81749757783663,3.2306674696537305,0.013648201644306605,0.040938469811022074,73.68201745854581,10.973461594446697,15.36462650242255,0.3,1.0,5e-05,0.15,64,2,0.0005,0.0,32,5,8,0.8,3.0,0.002,0.4,256,4,0.015,0.15,128,15,16,15,50,15,5,100,2,0.2,True,0.25,-0.41634330330292246
72074f99,0,1,1,0,0,1,0,1,0,0,0,0,0,0,0,0,0,0,1,1,1,1,0,1,0,0,1,1,0,1,1,0,1,1,0,0,0,0,1,1,1,0,1,1,1,0,0,0,0,1,1,1,0,1,1,0,1,0,0,1,0,0,0,0,0,1,1,0,1,1,0,1,0,0.4584040979858475,2.879152497950047,0.0004939412577212802,0.1617177170802626,219.71463635939983,3.821796785628497,0.006620534441009863,0.010002114355608759,78.76276334353763,14.332291005823024,8.557242375540401,0.3,1.0,5e-05,0.15,64,2,0.0005,0.0,32,5,8,0.8,3.0,0.002,0.4,256,4,0.015,0.15,128,15,16,15,50,15,5,100,2,0.2,True,0.25,-0.31244423731061327
72074f99,0,2,1,1,1,1,0,1,0,1,1,1,0,1,0,1,0,1,0,0,1,0,1,1,1,0,0,1,1,0,0,0,1,0,1,0,0,1,1,0,0,0,0,1,1,0,1,1,0,1,1,0,0,1,0,0,0,1,1,1,0,1,0,1,1,1,1,0,1,1,0,0,0,0.45386186598043365,2.9007451517172553,0.0010954060719924517,0.36873732235833134,80.89575445183979,2.528829430505197,0.006004744321381523,0.03193630746466475,122.31910401744213,8.981982877821336,9.819581534044936,0.3,1.0,5e-05,0.15,64,2,0.0005,0.0,32,5,8,0.8,3.0,0.002,0.4,256,4,0.015,0.15,128,15,16,15,50,15,5,100,2,0.2,True,0.25,-0.2147403905912906
72074f99,0,3,1,1,1,1,1,0,1,1,1,0,1,0,1,1,0,1,0,0,0,1,1,1,0,1,1,0,0,1,0,1,1,1,1,1,0,1,0,1,0,0,1,0,1,0,1,1,1,1,1,1,1,0,0,0,1,1,1,1,0,1,1,0,1,1,1,1,0,0,0,1,0,0.8,2.580812447436198,0.00010864880284170987,0.34096686170709745,209.17933055990676,3.727115519102008,0.003161534540990544,0.023908884045508866,59.420184710885074,6.374083719958815,9.247085914240953,0.3,1.0,5e-05,0.15,64,2,0.0005,0.0,32,5,8,0.8,3.0,0.002,0.4,256,4,0.015,0.15,128,15,16,15,50,15,5,100,2,0.2,True,0.25,-0.22067827307275975
72074f99,0,4,1,0,1,0,0,1,0,0,0,1,0,1,1,1,1,0,1,1,0,0,0,1,1,1,0,1,1,0,1,0,0,1,1,1,1,1,1,0,1,0,0,0,0,0,1,1,0,1,1,1,0,1,0,1,0,0,0,1,0,1,1,1,1,1,1,1,1,1,0,1,1,0.7968986896571228,1.790890238434232,0.0013194736200580243,0.394845797059435,256.0,4.0,0.012810325268864043,0.0021192004280347954,48.72949790496811,6.136113920362336,8.743118419893445,0.3,1.0,5e-05,0.15,64,2,0.0005,0.0,32,5,8,0.8,3.0,0.002,0.4,256,4,0.015,0.15,128,15,16,15,50,15,5,100,2,0.2,True,0.25,-0.3561146842986473
72074f99,0,5,1,1,0,0,0,1,1,1,0,1,1,0,0,1,0,0,1,0,0,1,1,0,1,0,1,1,0,1,1,1,1,1,1,0,0,1,0,1,0,0,1,1,1,1,0,1,1,1,1,0,0,0,1,1,1,0,0,1,1,0,1,0,1,0,0,1,0,1,1,0,0,0.790724015717358,3.0,0.00023845272854988787,0.4,181.0066417763211,4.0,0.015,0.13956792187372544,73.16417489405458,15.0,12.386294195153832,0.3,1.0,5e-05,0.15,64,2,0.0005,0.0,32,5,8,0.8,3.0,0.002,0.4,256,4,0.015,0.15,128,15,16,15,50,15,5,100,2,0.2,True,0.25,-0.21241423739765386
72074f99,0,6,1,0,1,1,0,0,0,0,0,0,0,0,1,0,0,1,1,1,1,0,0,1,0,1,0,0,1,0,1,1,0,0,1,1,1,0,0,0,1,1,0,0,1,0,1,1,1,1,0,1,1,1,0,0,0,0,0,1,1,1,1,1,0,1,1,1,0,1,0,0,1,0.6931459718501894,1.8077533876784533,0.000990397425089247,0.31195722666174236,236.09512967431107,3.8033267202167114,0.012847740250004997,0.06896230600871357,69.37398914454482,6.609358420734722,11.193841872464054,0.3,1.0,5e-05,0.15,64,2,0.0005,0.0,32,5,8,0.8,3.0,0.002,0.4,256,4,0.015,0.15,128,15,16,15,50,15,5,100,2,0.2,True,0.25,-0.3172514774814387
72074f99,0,7,1,0,1,0,0,1,0,0,1,0,0,0,1,0,1,1,1,0,0,1,1,1,0,0,0,1,1,1,1,1,1,1,1,0,1,0,0,0,0,1,1,0,1,0,1,0,1,0,0,0,1,0,1,0,1,0,0,0,0,0,1,1,0,1,1,1,1,0,1,1,0,0.30870681340522055,1.8696254866167001,0.000836273478829716,0.23345243574476035,70.84727421958885,2.444070981570901,0.005783375745444769,0.0791477932633335,104.3704504045413,11.920745816727804,8.881687592215739,0.3,1.0,5e-05,0.15,64,2,0.0005,0.0,32,5,8,0.8,3.0,0.002,0.4,256,4,0.015,0.15,128,15,16,15,50,15,5,100,2,0.2,True,0.25,-0.053537713017685284
72074f99,0,8,0,1,1,0,1,0,1,1,0,0,1,1,0,0,0,1,0,0,0,0,0,1,1,1,0,0,0,0,1,1,1,0,0,0,1,1,0,0,0,0,0,0,1,1,1,0,1,0,0,1,0,0,1,1,0,1,1,1,1,1,1,1,1,0,0,1,0,1,1,1,0,0.5506835963256754,1.0411128136075753,0.0014748186921815097,0.2111169015042695,236.78885923404428,3.110253965848174,0.0025284209686392456,0.04254572076010799,72.22785333445641,10.226511608180699,11.291300579094516,0.3,1.0,5e-05,0.15,64,2,0.0005,0.0,32,5,8,0.8,3.0,0.002,0.4,256,4,0.015,0.15,128,15,16,15,50,15,5,100,2,0.2,True,0.25,-0.19854058180684073
72074f99,0,9,0,1,1,1,0,0,0,1,0,1,0,0,1,1,1,1,0,1,1,1,0,1,0,0,0,1,1,0,1,1,1,0,1,1,1,1,0,1,1,1,1,1,0,0,0,0,1,0,0,0,0,1,0,0,1,1,0,0,0,1,0,0,1,0,1,1,0,1,0,1,1,0.5336846464447215,1.2662927523268552,0.00046991390665878616,0.18476716078077085,136.5843233018617,2.512922396024499,0.012477664272620313,0.07496154741746504,46.06313637750864,14.95661266784234,8.398402406181456,0.3,1.0,5e-05,0.15,64,2,0.0005,0.0,32,5,8,0.8,3.0,0.002,0.4,256,4,0.015,0.15,128,15,16,15,50,15,5,100,2,0.2,True,0.25,-0.023740559444493912
72074f99,0,10,0,1,1,0,0,0,1,1,0,1,0,1,1,0,1,1,0,1,0,0,0,0,0,0,1,1,1,0,1,0,1,0,1,1,0,1,1,0,1,1,1,0,0,0,0,0,1,0,0,0,0,1,0,0,0,1,0,0,1,0,1,0,1,0,1,0,1,1,1,1,1,0.6923072737535314,1.4670672908538085,0.0005198502147126387,0.18441540446702506,144.11073079949205,2.614291307391847,0.006338517589605202,0.0864219970808461,111.90446264193716,14.079257456579082,8.27777145017276,0.3,1.0,5e-05,0.15,64,2,0.0005,0.0,32,5,8,0.8,3.0,0.002,0.4,256,4,0.015,0.15,128,15,16,15,50,15,5,100,2,0.2,True,0.25,-0.1330755459906038
72074f99,0,11,0,0,1,0,1,1,1,0,0,1,0,0,1,1,1,1,0,1,1,0,0,1,0,0,0,0,1,0,0,1,1,0,1,1,0,1,0,1,0,1,1,0,1,0,1,1,0,0,1,0,1,1,1,1,0,0,1,1,1,1,0,1,1,1,1,1,1,1,1,1,1,0.6392996285147681,1.7234299317419843,0.0010928518102858692,0.187866176341177,134.6713365163605,2.5896921526163403,0.007671400815002824,0.145606100428881,69.39002338506143,9.095331631141445,8.53877741558001,0.3,1.0,5e-05,0.15,64,2,0.0005,0.0,32,5,8,0.8,3.0,0.002,0.4,256,4,0.015,0.15,128,15,16,15,50,15,5,100,2,0.2,True,0.25,-0.024548940717173208
72074f99,0,12,0,1,0,0,1,1,1,1,0,1,0,0,1,0,0,1,1,0,0,1,1,1,0,0,1,1,1,1,1,0,0,0,0,0,0,1,0,0,0,0,1,0,1,0,1,1,0,1,1,0,0,1,1,0,1,0,0,1,1,1,1,0,0,1,0,0,1,1,1,0,0,0.49313460006268955,1.4654343460039685,0.0004355851102005063,0.35041566046066275,125.07190066527815,2.771716542431942,0.00845163088171609,0.14563075161698483,59.14187503233209,6.464662002371818,14.290382219688743,0.3,1.0,5e-05,0.15,64,2,0.0005,0.0,32,5,8,0.8,3.0,0.002,0.4,256,4,0.015,0.15,128,15,16,15,50,15,5,100,2,0.2,True,0.25,-0.33401147033274103
72074f99,0,13,0,1,1,1,0,1,1,1,0,0,1,1,1,1,1,0,0,1,1,0,1,0,0,0,0,1,0,1,1,0,1,0,1,1,1,1,1,0,1,1,1,0,1,0,0,1,0,0,0,0,1,1,1,1,0,1,1,0,1,1,1,1,1,0,1,1,1,1,1,0,0,0.6368851585074594,2.0421769973322226,0.0012643119269887448,0.22653041316613973,153.69588928356572,2.87510805186613,0.005276795629917165,0.11694600824511008,52.31463875824214,10.796335627247544,9.698411596057646,0.3,1.0,5e-05,0.15,64,2,0.0005,0.0,32,5,8,0.8,3.0,0.002,0.4,256,4,0.015,0.15,128,15,16,15,50,15,5,100,2,0.2,True,0.25,-0.15387394414895217
72074f99,0,14,1,1,0,0,0,1,1,0,0,1,1,0,0,1,0,0,0,1,0,1,1,0,0,0,1,1,1,1,1,0,0,1,1,1,0,1,0,0,0,0,1,0,1,1,0,1,0,1,0,0,0,1,1,1,1,0,0,0,1,1,1,0,1,0,0,1,0,0,1,0,0,0.5764294841616728,2.4631556555809277,0.00016058578269581374,0.3103467125195502,75.73074418966254,2.9256325663553167,0.010559805328574905,0.14276340541428922,60.93092558042218,8.65585446682285,10.500226519427553,0.3,1.0,5e-05,0.15,64,2,0.0005,0.0,32,5,8,0.8,3.0,0.002,0.4,256,4,0.015,0.15,128,15,16,15,50,15,5,100,2,0.2,True,0.25,-0.04143314187333348
72074f99,1,0,0,1,1,1,1,0,1,1,1,0,1,1,0,1,0,1,0,0,0,0,0,1,1,1,0,0,0,0,0,1,1,0,0,1,1,1,0,1,0,0,0,0,1,0,0,0,1,0,0,1,1,0,1,1,1,1,1,1,1,1,0,1,0,1,1,1,1,1,0,0,1,0.5983251737191715,1.8669880115242605,0.0018122472171420182,0.2037797607866746,217.81749757783663,3.2306674696537305,0.013648201644306605,0.040938469811022074,73.68201745854581,10.973461594446697,15.36462650242255,0.3,1.0,5e-05,0.15,64,2,0.0005,0.0,32,5,8,0.8,3.0,0.002,0.4,256,4,0.015,0.15,128,15,16,15,50,15,5,100,2,0.2,True,0.25,-0.41634330330292246
72074f99,1,1,1,0,1,0,0,1,0,0,0,1,0,1,1,1,1,0,1,1,0,0,0,1,1,1,0,1,1,0,1,0,0,1,1,1,1,1,1,0,1,0,0,0,0,0,1,1,0,1,1,1,0,1,0,1,0,0,0,1,0,1,1,1,1,1,1,1,1,1,0,1,1,0.7968986896571228,1.790890238434232,0.0013194736200580243,0.394845797059435,256.0,4.0,0.012810325268864043,0.0021192004280347954,48.72949790496811,6.136113920362336,8.743118419893445,0.3,1.0,5e-05,0.15,64,2,0.0005,0.0,32,5,8,0.8,3.0,0.002,0.4,256,4,0.015,0.15,128,15,16,15,50,15,5,100,2,0.2,True,0.25,-0.3561146842986473
72074f99,1,2,0,1,0,0,1,1,1,1,0,1,0,0,1,0,0,1,1,0,0,1,1,1,0,0,1,1,1,1,1,0,0,0,0,0,0,1,0,0,0,0,1,0,1,0,1,1,0,1,1,0,0,1,1,0,1,0,0,1,1,1,1,0,0,1,0,0,1,1,1,0,0,0.49313460006268955,1.4654343460039685,0.0004355851102005063,0.35041566046066275,125.07190066527815,2.771716542431942,0.00845163088171609,0.14563075161698483,59.14187503233209,6.464662002371818,14.290382219688743,0.3,1.0,5e-05,0.15,64,2,0.0005,0.0,32,5,8,0.8,3.0,0.002,0.4,256,4,0.015,0.15,128,15,16,15,50,15,5,100,2,0.2,True,0.25,-0.33401147033274103
72074f99,1,3,1,0,1,1,0,0,0,0,0,0,0,0,1,0,0,1,1,1,1,0,0,1,0,1,0,0,1,0,1,1,0,0,1,1,1,0,0,0,1,1,0,0,1,0,1,1,1,1,0,1,1,1,0,0,0,0,0,1,1,1,1,1,0,1,1,1,0,1,0,0,1,0.6931459718501894,1.8077533876784533,0.000990397425089247,0.31195722666174236,236.09512967431107,3.8033267202167114,0.012847740250004997,0.06896230600871357,69.37398914454482,6.609358420734722,11.193841872464054,0.3,1.0,5e-05,0.15,64,2,0.0005,0.0,32,5,8,0.8,3.0,0.002,0.4,256,4,0.015,0.15,128,15,16,15,50,15,5,100,2,0.2,True,0.25,-0.3172514774814387
72074f99,1,4,1,0,0,1,0,1,0,0,0,0,0,0,0,0,0,0,1,1,1,1,0,1,0,0,1,1,0,1,1,0,1,1,0,0,0,0,1,1,1,0,1,1,1,0,0,0,0,1,1,1,0,1,1,0,1,0,0,1,0,0,0,0,0,1,1,0,1,1,0,1,0,0.4584040979858475,2.879152497950047,0.0004939412577212802,0.1617177170802626,219.71463635939983,3.821796785628497,0.006620534441009863,0.010002114355608759,78.76276334353763,14.332291005823024,8.557242375540401,0.3,1.0,5e-05,0.15,64,2,0.0005,0.0,32,5,8,0.8,3.0,0.002,0.4,256,4,0.015,0.15,128,15,16,15,50,15,5,100,2,0.2,True,0.25,-0.31244423731061327
72074f99,1,5,1,1,1,1,1,0,1,1,1,0,1,0,1,1,0,1,0,0,0,1,1,1,0,1,1,0,0,1,0,1,1,1,1,1,0,1,0,1,0,0,1,0,1,0,1,1,1,1,0,1,1,1,0,0,1,1,1,1,0,1,1,0,1,1,1,1,0,0,0,1,0,0.4201115219057724,2.580812447436198,0.00010864880284170987,0.34096686170709745,209.17933055990676,3.727115519102008,0.0005,0.023908884045508866,59.420184710885074,6.374083719958815,9.247085914240953,0.3,1.0,5e-05,0.15,64,2,0.0005,0.0,32,5,8,0.8,3.0,0.002,0.4,256,4,0.015,0.15,128,15,16,15,50,15,5,100,2,0.2,True,0.25,-0.23605086701514616
72074f99,1,6,1,1,1,1,0,1,0,1,1,1,0,1,0,1,0,1,0,0,1,0,1,1,1,0,0,1,1,0,0,0,1,0,1,0,0,1,1,0,0,0,0,1,1,0,1,1,0,1,1,0,0,1,0,0,0,1,1,1,0,1,0,1,1,1,1,0,1,1,0,0,0,0.45386186598043365,2.9007451517172553,0.0010954060719924517,0.36873732235833134,80.89575445183979,2.528829430505197,0.006004744321381523,0.03193630746466475,122.31910401744213,8.981982877821336,9.819581534044936,0.3,1.0,5e-05,0.15,64,2,0.0005,0.0,32,5,8,0.8,3.0,0.002,0.4,256,4,0.015,0.15,128,15,16,15,50,15,5,100,2,0.2,True,0.25,-0.2147403905912906
72074f99,1,7,1,1,0,0,0,1,1,1,0,1,1,0,0,1,0,0,1,0,0,1,1,0,1,0,1,1,0,1,1,1,1,1,1,0,0,1,0,1,0,0,1,1,1,1,0,1,1,1,1,0,0,0,1,1,1,0,0,1,1,0,1,0,1,0,0,1,0,1,1,0,0,0.790724015717358,3.0,0.00023845272854988787,0.4,181.0066417763211,4.0,0.015,0.13956792187372544,73.16417489405458,15.0,12.386294195153832,0.3,1.0,5e-05,0.15,64,2,0.0005,0.0,32,5,8,0.8,3.0,0.002,0.4,256,4,0.015,0.15,128,15,16,15,50,15,5,100,2,0.2,True,0.25,-0.21241423739765386
72074f99,1,8,0,1,1,0,1,0,1,1,0,0,1,1,0,0,0,1,0,0,0,0,0,1,1,1,0,0,0,0,1,1,1,0,0,0,1,1,0,0,0,0,0,0,1,1,1,0,1,0,0,1,0,0,1,1,0,1,1,1,1,1,1,1,1,0,0,1,0,1,1,1,0,0.5506835963256754,1.0411128136075753,0.0014748186921815097,0.2111169015042695,236.78885923404428,3.110253965848174,0.0025284209686392456,0.04254572076010799,72.22785333445641,10.226511608180699,11.291300579094516,0.3,1.0,5e-05,0.15,64,2,0.0005,0.0,32,5,8,0.8,3.0,0.002,0.4,256,4,0.015,0.15,128,15,16,15,50,15,5,100,2,0.2,True,0.25,-0.19854058180684073
72074f99,1,9,0,1,1,1,0,1,1,1,0,0,1,1,1,1,0,0,0,1,1,1,1,0,0,0,0,1,0,1,1,0,1,0,1,1,1,1,1,0,1,1,1,0,1,0,0,1,0,0,0,0,1,1,1,1,0,1,1,0,0,1,1,0,1,0,1,1,1,1,1,0,0,0.6368851585074594,2.141350383639913,0.0012643119269887448,0.22653041316613973,153.69588928356572,2.87510805186613,0.005296602503638846,0.11157892380608357,49.98707680776586,10.796335627247544,9.698411596057646,0.3,1.0,5e-05,0.15,64,2,0.0005,0.0,32,5,8,0.8,3.0,0.002,0.4,256,4,0.015,0.15,128,15,16,15,50,15,5,100,2,0.2,True,0.25,-0.2776532635318813
72074f99,1,10,0,1,1,0,0,0,1,1,0,1,0,1,1,0,1,1,0,1,0,0,0,0,0,0,1,1,1,0,1,0,1,0,1,1,0,1,1,0,1,1,1,0,0,0,0,0,1,0,0,0,0,1,0,0,0,1,0,0,1,0,1,0,1,0,1,0,1,1,1,1,1,0.6923072737535314,1.4670672908538085,0.0005198502147126387,0.18441540446702506,144.11073079949205,2.614291307391847,0.006338517589605202,0.0864219970808461,111.90446264193716,14.079257456579082,8.27777145017276,0.3,1.0,5e-05,0.15,64,2,0.0005,0.0,32,5,8,0.8,3.0,0.002,0.4,256,4,0.015,0.15,128,15,16,15,50,15,5,100,2,0.2,True,0.25,-0.1330755459906038
72074f99,1,11,0,0,1,0,1,1,1,1,1,0,0,0,0,0,0,1,1,0,0,1,1,1,0,1,1,1,1,1,1,1,0,0,0,0,0,1,0,0,0,0,1,0,1,0,1,1,0,1,1,0,0,0,1,0,1,0,0,1,1,1,0,0,0,1,0,0,1,0,1,0,0,0.5913312004020348,1.2223938627166757,0.00026349213722262426,0.4,156.0910805432248,2.9275629566107786,0.009580088851004007,0.0791477932633335,37.58487499033596,5.0,16.0,0.3,1.0,5e-05,0.15,64,2,0.0005,0.0,32,5,8,0.8,3.0,0.002,0.4,256,4,0.015,0.15,128,15,16,15,50,15,5,100,2,0.2,True,0.25,-0.3381345575772603
72074f99,1,12,1,0,1,1,1,0,0,1,0,0,1,1,0,1,1,1,0,1,1,1,1,0,0,1,1,0,1,0,0,0,0,0,1,1,0,0,0,0,0,0,1,1,0,0,0,1,0,0,1,1,1,1,1,1,1,1,0,1,0,0,1,1,0,0,0,0,0,0,1,0,0,0.6092168547836943,2.6536470812986357,0.00018050191360452793,0.22917096553016303,125.41400659019087,2.8882073376209805,0.006357141016189619,0.019938605055133483,57.40908976916671,13.561953023370979,9.7744530748438,0.3,1.0,5e-05,0.15,64,2,0.0005,0.0,32,5,8,0.8,3.0,0.002,0.4,256,4,0.015,0.15,128,15,16,15,50,15,5,100,2,0.2,True,0.25,-0.21449098178257228
72074f99,1,13,0,1,1,1,0,0,0,0,0,1,0,0,1,1,1,1,0,1,1,1,0,1,0,0,0,1,1,0,1,1,1,0,1,1,0,1,0,1,1,1,1,1,0,0,0,1,1,0,0,0,0,1,0,0,0,1,1,0,1,1,0,1,1,1,1,1,1,1,1,1,1,0.5660431086437536,1.4063510021020182,0.000660770404377415,0.1857166629990256,135.99823366488386,2.5364433617722426,0.011005116061966472,0.0966056948365378,53.210054050892055,13.160826003175739,8.44141075012796,0.3,1.0,5e-05,0.15,64,2,0.0005,0.0,32,5,8,0.8,3.0,0.002,0.4,256,4,0.015,0.15,128,15,16,15,50,15,5,100,2,0.2,True,0.25,-0.1019164740276077
72074f99,1,14,0,0,0,1,0,1,1,1,0,0,1,1,1,1,0,0,0,1,1,0,1,0,0,0,0,1,0,1,1,0,1,0,1,1,1,1,1,0,1,1,1,0,1,0,0,1,0,0,0,0,1,1,1,1,0,1,1,0,1,1,1,1,1,1,1,1,1,1,1,0,0,0.6642291943071535,2.183610845496664,0.0014387457166691443,0.230056046179864,154.5460364132911,2.915222778093106,0.003855423751411912,0.1333314636490245,57.19521606125687,9.38839823768118,9.816770878229613,0.3,1.0,5e-05,0.15,64,2,0.0005,0.0,32,5,8,0.8,3.0,0.002,0.4,256,4,0.015,0.15,128,15,16,15,50,15,5,100,2,0.2,True,0.25,-0.08839838798619465
72074f99,2,0,0,1,1,1,1,0,1,1,1,0,1,1,0,1,0,1,0,0,0,0,0,1,1,1,0,0,0,0,0,1,1,0,0,1,1,1,0,1,0,0,0,0,1,0,0,0,1,0,0,1,1,0,1,1,1,1,1,1,1,1,0,1,0,1,1,1,1,1,0,0,1,0.5983251737191715,1.8669880115242605,0.0018122472171420182,0.2037797607866746,217.81749757783663,3.2306674696537305,0.013648201644306605,0.040938469811022074,73.68201745854581,10.973461594446697,15.36462650242255,0.3,1.0,5e-05,0.15,64,2,0.0005,0.0,32,5,8,0.8,3.0,0.002,0.4,256,4,0.015,0.15,128,15,16,15,50,15,5,100,2,0.2,True,0.25,-0.41634330330292246
72074f99,2,1,1,0,1,0,0,1,0,0,0,1,0,1,1,1,1,0,1,1,0,0,0,1,1,1,0,1,1,0,1,0,0,1,1,1,1,1,1,0,1,0,0,0,0,0,1,1,0,1,1,1,0,1,0,1,0,0,0,1,0,1,1,1,1,1,1,1,1,1,0,1,1,0.7968986896571228,1.790890238434232,0.0013194736200580243,0.394845797059435,256.0,4.0,0.012810325268864043,0.0021192004280347954,48.72949790496811,6.136113920362336,8.743118419893445,0.3,1.0,5e-05,0.15,64,2,0.0005,0.0,32,5,8,0.8,3.0,0.002,0.4,256,4,0.015,0.15,128,15,16,15,50,15,5,100,2,0.2,True,0.25,-0.3561146842986473
72074f99,2,2,0,0,1,0,1,1,1,1,1,0,0,0,0,0,0,1,1,0,0,1,1,1,0,1,1,1,1,1,1,1,0,0,0,0,0,1,0,0,0,0,1,0,1,0,1,1,0,1,1,0,0,0,1,0,1,0,0,1,1,1,0,0,0,1,0,0,1,0,1,0,0,0.5913312004020348,1.2223938627166757,0.00026349213722262426,0.4,156.0910805432248,2.9275629566107786,0.009580088851004007,0.0791477932633335,37.58487499033596,5.0,16.0,0.3,1.0,5e-05,0.15,64,2,0.0005,0.0,32,5,8,0.8,3.0,0.002,0.4,256,4,0.015,0.15,128,15,16,15,50,15,5,100,2,0.2,True,0.25,-0.3381345575772603
72074f99,2,3,0,1,0,0,1,1,1,1,0,1,0,0,1,0,0,1,1,0,0,1,1,1,0,0,1,1,1,1,1,0,0,0,0,0,0,1,0,0,0,0,1,0,1,0,1,1,0,1,1,0,0,1,1,0,1,0,0,1,1,1,1,0,0,1,0,0,1,1,1,0,0,0.49313460006268955,1.4654343460039685,0.0004355851102005063,0.35041566046066275,125.07190066527815,2.771716542431942,0.00845163088171609,0.14563075161698483,59.14187503233209,6.464662002371818,14.290382219688743,0.3,1.0,5e-05,0.15,64,2,0.0005,0.0,32,5,8,0.8,3.0,0.002,0.4,256,4,0.015,0.15,128,15,16,15,50,15,5,100,2,0.2,True,0.25,-0.33401147033274103
72074f99,2,4,1,0,1,1,0,0,0,0,0,0,0,0,1,0,0,1,1,1,1,0,0,1,0,1,0,0,1,0,1,1,0,0,1,1,1,0,0,0,1,1,0,0,1,0,1,1,1,1,0,1,1,1,0,0,0,0,0,1,1,1,1,1,0,1,1,1,0,1,0,0,1,0.6931459718501894,1.8077533876784533,0.000990397425089247,0.31195722666174236,236.09512967431107,3.8033267202167114,0.012847740250004997,0.06896230600871357,69.37398914454482,6.609358420734722,11.193841872464054,0.3,1.0,5e-05,0.15,64,2,0.0005,0.0,32,5,8,0.8,3.0,0.002,0.4,256,4,0.015,0.15,128,15,16,15,50,15,5,100,2,0.2,True,0.25,-0.3172514774814387
72074f99,2,5,1,0,0,1,0,1,0,0,0,0,0,0,0,0,0,0,1,1,1,0,0,1,0,0,1,1,0,1,1,0,1,1,0,0,0,0,1,1,1,0,1,1,1,0,0,0,0,1,1,1,0,1,1,0,1,0,0,1,0,0,0,0,0,1,1,0,1,1,0,1,0,0.3,2.879152497950047,0.0004939412577212802,0.1617177170802626,219.71463635939983,3.821796785628497,0.001489705456270831,0.010002114355608759,78.76276334353763,14.332291005823024,8.557242375540401,0.3,1.0,5e-05,0.15,64,2,0.0005,0.0,32,5,8,0.8,3.0,0.002,0.4,256,4,0.015,0.15,128,15,16,15,50,15,5,100,2,0.2,True,0.25,-0.32682424098626023
72074f99,2,6,0,1,1,1,0,1,1,1,0,0,1,1,1,1,0,0,0,1,1,1,1,0,0,0,0,1,0,1,1,0,1,0,1,1,1,1,1,0,1,1,1,0,1,0,0,1,0,0,0,0,1,1,1,1,0,1,1,0,0,1,1,0,1,0,1,1,1,1,1,0,0,0.6368851585074594,2.141350383639913,0.0012643119269887448,0.22653041316613973,153.69588928356572,2.87510805186613,0.005296602503638846,0.11157892380608357,49.98707680776586,10.796335627247544,9.698411596057646,0.3,1.0,5e-05,0.15,64,2,0.0005,0.0,32,5,8,0.8,3.0,0.002,0.4,256,4,0.015,0.15,128,15,16,15,50,15,5,100,2,0.2,True,0.25,-0.2776532635318813
72074f99,2,7,1,1,1,1,1,0,1,1,1,0,1,0,1,1,0,1,0,0,0,1,1,1,0,1,1,0,0,1,0,1,1,1,1,1,0,1,0,1,0,0,1,0,1,0,1,1,1,1,0,1,1,1,0,0,1,1,1,1,0,1,1,0,1,1,1,1,0,0,0,1,0,0.4201115219057724,2.580812447436198,0.00010864880284170987,0.34096686170709745,209.17933055990676,3.727115519102008,0.0005,0.023908884045508866,59.420184710885074,6.374083719958815,9.247085914240953,0.3,1.0,5e-05,0.15,64,2,0.0005,0.0,32,5,8,0.8,3.0,0.002,0.4,256,4,0.015,0.15,128,15,16,15,50,15,5,100,2,0.2,True,0.25,-0.23605086701514616
72074f99,2,8,1,1,1,1,0,1,0,1,1,1,0,1,0,1,0,1,0,0,1,0,1,1,1,0,0,1,1,0,0,0,1,0,1,0,0,1,1,0,0,0,0,1,1,0,1,1,0,1,1,0,0,1,0,0,0,1,1,1,0,1,0,1,1,1,1,0,1,1,0,0,0,0.45386186598043365,2.9007451517172553,0.0010954060719924517,0.36873732235833134,80.89575445183979,2.528829430505197,0.006004744321381523,0.03193630746466475,122.31910401744213,8.981982877821336,9.819581534044936,0.3,1.0,5e-05,0.15,64,2,0.0005,0.0,32,5,8,0.8,3.0,0.002,0.4,256,4,0.015,0.15,128,15,16,15,50,15,5,100,2,0.2,True,0.25,-0.2147403905912906
72074f99,2,9,1,0,1,1,1,0,0,1,0,0,1,1,0,1,1,1,0,1,1,1,1,0,0,1,1,0,1,0,0,0,0,0,1,1,0,0,0,0,0,0,1,1,0,0,0,1,0,0,1,1,1,1,1,1,1,1,0,1,0,0,1,1,0,0,0,0,0,0,1,0,0,0.6092168547836943,2.6536470812986357,0.00018050191360452793,0.22917096553016303,125.41400659019087,2.8882073376209805,0.006357141016189619,0.019938605055133483,57.40908976916671,13.561953023370979,9.7744530748438,0.3,1.0,5e-05,0.15,64,2,0.0005,0.0,32,5,8,0.8,3.0,0.002,0.4,256,4,0.015,0.15,128,15,16,15,50,15,5,100,2,0.2,True,0.25,-0.21449098178257228
72074f99,2,10,1,1,0,0,0,1,1,1,0,1,1,0,0,1,0,0,1,0,0,1,1,0,1,0,1,1,0,1,1,0,1,1,1,0,0,1,0,1,0,0,1,1,1,1,0,1,1,1,1,0,0,0,1,1,1,0,0,1,1,0,1,0,1,0,0,1,0,1,1,0,0,0.7904135379789069,2.9344356013154846,0.0003011531889548031,0.39989770055169155,181.0066417763211,4.0,0.014869701769368134,0.13956792187372544,71.3708222941621,14.46342919329317,12.173189968578452,0.3,1.0,5e-05,0.15,64,2,0.0005,0.0,32,5,8,0.8,3.0,0.002,0.4,256,4,0.015,0.15,128,15,16,15,50,15,5,100,2,0.2,True,0.25,-0.2630942850308008
72074f99,2,11,0,1,1,0,1,1,1,1,0,0,1,0,0,0,0,1,1,0,0,1,1,1,1,1,1,1,1,1,1,1,0,0,0,0,0,1,0,0,0,0,1,0,1,1,0,1,0,1,1,0,0,0,1,0,1,1,0,1,1,1,1,0,0,1,0,0,1,1,1,0,0,0.6141760710120453,1.7235633489872422,5e-05,0.4,118.56010517234633,3.087837105494375,0.014424486847487985,0.04254572076010799,32.0,5.0,16.0,0.3,1.0,5e-05,0.15,64,2,0.0005,0.0,32,5,8,0.8,3.0,0.002,0.4,256,4,0.015,0.15,128,15,16,15,50,15,5,100,2,0.2,True,0.25,-0.42486264402735324
72074f99,2,12,1,0,1,1,1,0,0,1,0,0,1,1,0,1,1,1,0,1,1,1,1,0,0,1,1,0,1,0,0,0,0,0,1,1,0,0,0,0,0,0,1,1,0,0,0,1,0,0,1,1,1,1,1,1,1,1,0,1,0,0,1,1,0,0,0,0,0,0,1,0,0,0.6092168547836943,2.6536470812986357,0.00018050191360452793,0.22917096553016303,125.41400659019087,2.8882073376209805,0.006357141016189619,0.019938605055133483,57.40908976916671,13.561953023370979,9.7744530748438,0.3,1.0,5e-05,0.15,64,2,0.0005,0.0,32,5,8,0.8,3.0,0.002,0.4,256,4,0.015,0.15,128,15,16,15,50,15,5,100,2,0.2,True,0.25,-0.2009485862886268
72074f99,2,13,0,1,1,1,0,0,0,0,0,1,0,0,1,1,1,1,0,1,1,1,0,1,0,0,0,1,1,0,1,1,1,0,1,1,0,1,0,1,1,1,1,1,0,0,0,1,1,0,0,0,0,1,0,0,0,1,1,0,1,1,0,1,1,1,1,1,1,1,1,1,1,0.5660431086437536,1.4063510021020182,0.000660770404377415,0.1857166629990256,135.99823366488386,2.5364433617722426,0.011005116061966472,0.0966056948365378,53.210054050892055,13.160826003175739,8.44141075012796,0.3,1.0,5e-05,0.15,64,2,0.0005,0.0,32,5,8,0.8,3.0,0.002,0.4,256,4,0.015,0.15,128,15,16,15,50,15,5,100,2,0.2,True,0.25,-0.1019164740276077
72074f99,2,14,1,0,1,1,1,0,0,1,0,0,1,1,0,1,1,1,0,1,1,1,1,0,0,1,1,0,1,0,0,0,0,0,1,1,0,0,0,0,0,0,1,1,0,0,0,1,1,1,1,1,1,1,0,0,1,0,0,1,0,0,1,1,0,0,0,0,0,0,0,0,0,0.579269385336949,2.5871517512901225,5e-05,0.22816563506208515,116.94890902087025,2.804650166465277,0.007822360455225611,0.0016439379422010791,59.8081982743209,14.448103431699913,9.540627663363939,0.3,1.0,5e-05,0.15,64,2,0.0005,0.0,32,5,8,0.8,3.0,0.002,0.4,256,4,0.015,0.15,128,15,16,15,50,15,5,100,2,0.2,True,0.25,-0.3279440412412969
72074f99,3,0,0,1,1,0,1,1,1,1,0,0,1,0,0,0,0,1,1,0,0,1,1,1,1,1,1,1,1,1,1,1,0,0,0,0,0,1,0,0,0,0,1,0,1,1,0,1,0,1,1,0,0,0,1,0,1,1,0,1,1,1,1,0,0,1,0,0,1,1,1,0,0,0.6141760710120453,1.7235633489872422,5e-05,0.4,118.56010517234633,3.087837105494375,0.014424486847487985,0.04254572076010799,32.0,5.0,16.0,0.3,1.0,5e-05,0.15,64,2,0.0005,0.0,32,5,8,0.8,3.0,0.002,0.4,256,4,0.015,0.15,128,15,16,15,50,15,5,100,2,0.2,True,0.25,-0.42486264402735324
72074f99,3,1,0,1,1,1,1,0,1,1,1,0,1,1,0,1,0,1,0,0,0,0,0,1,1,1,0,0,0,0,0,1,1,0,0,1,1,1,0,1,0,0,0,0,1,0,0,0,1,0,0,1,1,0,1,1,1,1,1,1,1,1,0,1,0,1,1,1,1,1,0,0,1,0.5983251737191715,1.8669880115242605,0.0018122472171420182,0.2037797607866746,217.81749757783663,3.2306674696537305,0.013648201644306605,0.040938469811022074,73.68201745854581,10.973461594446697,15.36462650242255,0.3,1.0,5e-05,0.15,64,2,0.0005,0.0,32,5,8,0.8,3.0,0.002,0.4,256,4,0.015,0.15,128,15,16,15,50,15,5,100,2,0.2,True,0.25,-0.41634330330292246
72074f99,3,2,1,0,1,0,0,1,0,0,0,1,0,1,1,1,1,0,1,1,0,0,0,1,1,1,0,1,1,0,1,0,0,1,1,1,1,1,1,0,1,0,0,0,0,0,1,1,0,1,1,1,0,1,0,1,0,0,0,1,0,1,1,1,1,1,1,1,1,1,0,1,1,0.7968986896571228,1.790890238434232,0.0013194736200580243,0.394845797059435,256.0,4.0,0.012810325268864043,0.0021192004280347954,48.72949790496811,6.136113920362336,8.743118419893445,0.3,1.0,5e-05,0.15,64,2,0.0005,0.0,32,5,8,0.8,3.0,0.002,0.4,256,4,0.015,0.15,128,15,16,15,50,15,5,100,2,0.2,True,0.25,-0.3561146842986473
72074f99,3,3,0,0,1,0,1,1,1,1,1,0,0,0,0,0,0,1,1,0,0,1,1,1,0,1,1,1,1,1,1,1,0,0,0,0,0,1,0,0,0,0,1,0,1,0,1,1,0,1,1,0,0,0,1,0,1,0,0,1,1,1,0,0,0,1,0,0,1,0,1,0,0,0.5913312004020348,1.2223938627166757,0.00026349213722262426,0.4,156.0910805432248,2.9275629566107786,0.009580088851004007,0.0791477932633335,37.58487499033596,5.0,16.0,0.3,1.0,5e-05,0.15,64,2,0.0005,0.0,32,5,8,0.8,3.0,0.002,0.4,256,4,0.015,0.15,128,15,16,15,50,15,5,100,2,0.2,True,0.25,-0.3381345575772603
72074f99,3,4,0,1,0,0,1,1,1,1,0,1,0,0,1,0,0,1,1,0,0,1,1,1,0,0,1,1,1,1,1,0,0,0,0,0,0,1,0,0,0,0,1,0,1,0,1,1,0,1,1,0,0,1,1,0,1,0,0,1,1,1,1,0,0,1,0,0,1,1,1,0,0,0.49313460006268955,1.4654343460039685,0.0004355851102005063,0.35041566046066275,125.07190066527815,2.771716542431942,0.00845163088171609,0.14563075161698483,59.14187503233209,6.464662002371818,14.290382219688743,0.3,1.0,5e-05,0.15,64,2,0.0005,0.0,32,5,8,0.8,3.0,0.002,0.4,256,4,0.015,0.15,128,15,16,15,50,15,5,100,2,0.2,True,0.25,-0.33401147033274103
72074f99,3,5,1,0,1,1,1,0,0,1,0,0,1,1,0,1,1,1,0,1,1,1,1,0,0,1,1,0,1,0,0,0,0,0,1,1,0,0,0,0,0,0,1,1,0,0,0,1,1,1,1,1,1,1,0,0,1,0,0,1,0,0,1,1,0,0,0,0,0,0,0,0,0,0.579269385336949,2.5871517512901225,5e-05,0.22816563506208515,116.94890902087025,2.804650166465277,0.007822360455225611,0.0016439379422010791,59.8081982743209,14.448103431699913,9.540627663363939,0.3,1.0,5e-05,0.15,64,2,0.0005,0.0,32,5,8,0.8,3.0,0.002,0.4,256,4,0.015,0.15,128,15,16,15,50,15,5,100,2,0.2,True,0.25,-0.3279440412412969
72074f99,3,6,1,0,0,1,0,1,0,0,0,0,0,0,0,0,0,0,1,1,1,0,0,1,0,0,1,1,0,1,1,0,1,1,0,0,0,0,1,1,1,0,1,1,1,0,0,0,0,1,1,1,0,1,1,0,1,0,0,1,0,0,0,0,0,1,1,0,1,1,0,1,0,0.3,2.879152497950047,0.0004939412577212802,0.1617177170802626,219.71463635939983,3.821796785628497,0.001489705456270831,0.010002114355608759,78.76276334353763,14.332291005823024,8.557242375540401,0.3,1.0,5e-05,0.15,64,2,0.0005,0.0,32,5,8,0.8,3.0,0.002,0.4,256,4,0.015,0.15,128,15,16,15,50,15,5,100,2,0.2,True,0.25,-0.32682424098626023
72074f99,3,7,1,0,1,1,0,0,0,0,0,0,0,0,1,0,0,1,1,1,1,0,0,1,0,1,0,0,1,0,1,1,0,0,1,1,1,0,0,0,1,1,0,0,1,0,1,1,1,1,0,1,1,1,0,0,0,0,0,1,1,1,1,1,0,1,1,1,0,1,0,0,1,0.6931459718501894,1.8077533876784533,0.000990397425089247,0.31195722666174236,236.09512967431107,3.8033267202167114,0.012847740250004997,0.06896230600871357,69.37398914454482,6.609358420734722,11.193841872464054,0.3,1.0,5e-05,0.15,64,2,0.0005,0.0,32,5,8,0.8,3.0,0.002,0.4,256,4,0.015,0.15,128,15,16,15,50,15,5,100,2,0.2,True,0.25,-0.3172514774814387
72074f99,3,8,0,1,1,1,0,1,1,1,0,0,1,1,1,1,0,0,0,1,1,1,1,0,0,0,0,1,0,1,1,0,1,0,1,1,1,1,1,0,1,1,1,0,1,0,0,1,0,0,0,0,1,1,1,1,0,1,1,0,0,1,1,0,1,0,1,1,1,1,1,0,0,0.6368851585074594,2.141350383639913,0.0012643119269887448,0.22653041316613973,153.69588928356572,2.87510805186613,0.005296602503638846,0.11157892380608357,49.98707680776586,10.796335627247544,9.698411596057646,0.3,1.0,5e-05,0.15,64,2,0.0005,0.0,32,5,8,0.8,3.0,0.002,0.4,256,4,0.015,0.15,128,15,16,15,50,15,5,100,2,0.2,True,0.25,-0.2776532635318813
72074f99,3,9,1,1,0,0,0,1,1,1,0,1,1,0,0,1,0,0,1,0,0,1,1,0,1,0,1,1,0,1,1,0,1,1,1,0,0,1,0,1,0,0,1,1,0,1,0,1,1,1,1,0,0,0,1,1,1,0,0,1,1,0,1,0,1,0,0,1,0,1,1,0,0,0.7904135379789069,2.7328362574508924,0.0003011531889548031,0.39989770055169155,181.0066417763211,4.0,0.015,0.15,70.91059808349227,14.46342919329317,12.173189968578452,0.3,1.0,5e-05,0.15,64,2,0.0005,0.0,32,5,8,0.8,3.0,0.002,0.4,256,4,0.015,0.15,128,15,16,15,50,15,5,100,2,0.2,True,0.25,-0.3038879653789206
72074f99,3,10,1,1,1,1,1,0,1,1,1,0,1,0,1,1,0,1,0,0,0,1,1,1,0,1,1,0,0,1,0,1,1,1,1,1,0,1,0,1,0,0,1,0,1,0,1,1,1,1,0,1,1,1,0,0,1,1,1,1,0,1,1,0,1,1,1,1,0,0,0,1,0,0.4201115219057724,2.580812447436198,0.00010864880284170987,0.34096686170709745,209.17933055990676,3.727115519102008,0.0005,0.023908884045508866,59.420184710885074,6.374083719958815,9.247085914240953,0.3,1.0,5e-05,0.15,64,2,0.0005,0.0,32,5,8,0.8,3.0,0.002,0.4,256,4,0.015,0.15,128,15,16,15,50,15,5,100,2,0.2,True,0.25,-0.23605086701514616
72074f99,3,11,1,1,1,1,0,1,0,1,1,1,0,1,0,1,0,1,0,0,1,0,1,1,1,0,0,1,1,0,0,0,1,0,1,0,0,1,1,0,0,0,0,1,1,0,1,1,0,1,1,0,0,1,0,0,0,1,1,1,0,1,0,1,1,1,1,0,1,1,0,0,0,0.45386186598043365,2.9007451517172553,0.0010954060719924517,0.36873732235833134,80.89575445183979,2.528829430505197,0.006004744321381523,0.03193630746466475,122.31910401744213,8.981982877821336,9.819581534044936,0.3,1.0,5e-05,0.15,64,2,0.0005,0.0,32,5,8,0.8,3.0,0.002,0.4,256,4,0.015,0.15,128,15,16,15,50,15,5,100,2,0.2,True,0.25,-0.2147403905912906
72074f99,3,12,1,0,1,1,1,0,0,1,0,0,1,1,0,1,1,1,0,1,1,1,1,0,0,1,1,0,1,0,0,0,0,0,1,1,0,0,0,0,0,0,1,1,0,0,0,1,0,0,1,1,1,1,1,1,1,1,0,1,0,0,1,1,0,0,0,0,0,0,1,0,0,0.6092168547836943,2.6536470812986357,0.00018050191360452793,0.22917096553016303,125.41400659019087,2.8882073376209805,0.006357141016189619,0.019938605055133483,57.40908976916671,13.561953023370979,9.7744530748438,0.3,1.0,5e-05,0.15,64,2,0.0005,0.0,32,5,8,0.8,3.0,0.002,0.4,256,4,0.015,0.15,128,15,16,15,50,15,5,100,2,0.2,True,0.25,-0.21449098178257228
72074f99,3,13,1,0,1,1,1,0,0,1,0,0,1,1,0,1,1,1,0,1,1,1,1,0,0,1,1,0,1,0,0,0,0,0,1,1,0,0,0,0,0,0,1,1,0,0,0,1,0,0,1,1,1,1,1,1,1,1,0,1,0,0,1,1,0,0,0,0,0,0,1,0,0,0.6092168547836943,2.6536470812986357,0.00018050191360452793,0.22917096553016303,125.41400659019087,2.8882073376209805,0.006357141016189619,0.019938605055133483,57.40908976916671,13.561953023370979,9.7744530748438,0.3,1.0,5e-05,0.15,64,2,0.0005,0.0,32,5,8,0.8,3.0,0.002,0.4,256,4,0.015,0.15,128,15,16,15,50,15,5,100,2,0.2,True,0.25,-0.2009485862886268
72074f99,3,14,1,1,0,0,0,1,1,1,1,1,1,0,0,1,0,0,1,0,0,1,1,0,1,0,1,1,0,1,1,0,0,1,1,0,0,1,0,1,0,0,1,1,1,1,0,1,0,1,1,0,0,0,1,1,1,0,0,1,1,0,1,0,1,0,0,1,0,0,1,0,0,0.8,3.0,0.0002660228496532359,0.4,183.4328679128717,4.0,0.014552057649125736,0.136916930614703,72.61386582603603,14.485954472697308,12.52980065831846,0.3,1.0,5e-05,0.15,64,2,0.0005,0.0,32,5,8,0.8,3.0,0.002,0.4,256,4,0.015,0.15,128,15,16,15,50,15,5,100,2,0.2,True,0.25,-0.40240668628172854
72074f99,4,0,0,1,1,0,1,1,1,1,0,0,1,0,0,0,0,1,1,0,0,1,1,1,1,1,1,1,1,1,1,1,0,0,0,0,0,1,0,0,0,0,1,0,1,1,0,1,0,1,1,0,0,0,1,0,1,0,0,1,1,1,1,0,0,1,0,0,1,1,1,0,0,0.5932753403291521,1.7235633489872422,5e-05,0.4,118.56010517234633,3.087837105494375,0.014424486847487985,0.04254572076010799,32.0,5.0,16.0,0.3,1.0,5e-05,0.15,64,2,0.0005,0.0,32,5,8,0.8,3.0,0.002,0.4,256,4,0.015,0.15,128,15,16,15,50,15,5,100,2,0.2,True,0.25,-0.4283474009059159
72074f99,4,1,0,1,1,1,1,0,1,1,1,0,1,1,0,1,0,1,0,0,0,0,0,1,1,1,0,0,0,0,0,1,1,0,0,1,1,1,0,1,0,0,0,0,1,0,0,0,1,0,0,1,1,0,1,1,1,1,1,1,1,1,0,1,0,1,1,1,1,1,0,0,1,0.5983251737191715,1.8669880115242605,0.0018122472171420182,0.2037797607866746,217.81749757783663,3.2306674696537305,0.013648201644306605,0.040938469811022074,73.68201745854581,10.973461594446697,15.36462650242255,0.3,1.0,5e-05,0.15,64,2,0.0005,0.0,32,5,8,0.8,3.0,0.002,0.4,256,4,0.015,0.15,128,15,16,15,50,15,5,100,2,0.2,True,0.25,-0.41634330330292246
72074f99,4,2,1,1,0,0,0,1,1,1,1,1,1,0,0,1,0,0,1,0,0,1,1,0,1,0,1,1,0,1,1,0,0,1,1,0,0,1,0,1,0,0,1,1,1,1,0,1,0,1,1,0,0,0,1,1,1,0,0,1,1,0,1,0,1,0,0,1,0,0,1,0,0,0.8,3.0,0.0002660228496532359,0.4,183.4328679128717,4.0,0.014552057649125736,0.136916930614703,72.61386582603603,14.485954472697308,12.52980065831846,0.3,1.0,5e-05,0.15,64,2,0.0005,0.0,32,5,8,0.8,3.0,0.002,0.4,256,4,0.015,0.15,128,15,16,15,50,15,5,100,2,0.2,True,0.25,-0.40240668628172854
72074f99,4,3,1,0,1,0,0,1,0,0,0,1,0,1,1,1,1,0,1,1,0,0,0,1,1,1,0,1,1,0,1,0,0,1,1,1,1,1,1,0,1,0,0,0,0,0,1,1,0,1,1,1,0,1,0,1,0,0,0,1,0,1,1,1,1,1,1,1,1,1,0,1,1,0.7968986896571228,1.790890238434232,0.0013194736200580243,0.394845797059435,256.0,4.0,0.012810325268864043,0.0021192004280347954,48.72949790496811,6.136113920362336,8.743118419893445,0.3,1.0,5e-05,0.15,64,2,0.0005,0.0,32,5,8,0.8,3.0,0.002,0.4,256,4,0.015,0.15,128,15,16,15,50,15,5,100,2,0.2,True,0.25,-0.3561146842986473
72074f99,4,4,0,0,1,0,1,1,1,1,1,0,0,0,0,0,0,1,1,0,0,1,1,1,0,1,1,1,1,1,1,1,0,0,0,0,0,1,0,0,0,0,1,0,1,0,1,1,0,1,1,0,0,0,1,0,1,0,0,1,1,1,0,0,0,1,0,0,1,0,1,0,0,0.5913312004020348,1.2223938627166757,0.00026349213722262426,0.4,156.0910805432248,2.9275629566107786,0.009580088851004007,0.0791477932633335,37.58487499033596,5.0,16.0,0.3,1.0,5e-05,0.15,64,2,0.0005,0.0,32,5,8,0.8,3.0,0.002,0.4,256,4,0.015,0.15,128,15,16,15,50,15,5,100,2,0.2,True,0.25,-0.3381345575772603
72074f99,4,5,0,1,0,0,1,1,1,1,0,1,0,0,1,0,0,1,1,0,0,1,1,1,0,0,1,1,1,1,1,0,0,0,0,0,0,1,0,0,0,0,1,0,1,0,1,1,0,1,1,0,0,1,1,0,1,0,0,1,1,1,1,0,0,1,0,0,1,1,1,0,0,0.49313460006268955,1.4654343460039685,0.0004355851102005063,0.35041566046066275,125.07190066527815,2.771716542431942,0.00845163088171609,0.14563075161698483,59.14187503233209,6.464662002371818,14.290382219688743,0.3,1.0,5e-05,0.15,64,2,0.0005,0.0,32,5,8,0.8,3.0,0.002,0.4,256,4,0.015,0.15,128,15,16,15,50,15,5,100,2,0.2,True,0.25,-0.33401147033274103
72074f99,4,6,1,0,1,1,1,0,0,1,0,0,1,1,0,1,1,1,0,1,1,1,1,0,0,1,1,0,1,0,0,0,0,0,1,1,0,0,0,0,0,0,1,1,0,0,0,1,1,1,1,1,1,1,0,0,1,0,0,1,0,0,1,1,0,0,0,0,0,0,0,0,0,0.579269385336949,2.5871517512901225,5e-05,0.22816563506208515,116.94890902087025,2.804650166465277,0.007822360455225611,0.0016439379422010791,59.8081982743209,14.448103431699913,9.540627663363939,0.3,1.0,5e-05,0.15,64,2,0.0005,0.0,32,5,8,0.8,3.0,0.002,0.4,256,4,0.015,0.15,128,15,16,15,50,15,5,100,2,0.2,True,0.25,-0.3279440412412969
72074f99,4,7,1,0,0,1,0,1,0,0,0,0,0,0,0,0,0,0,1,1,1,0,0,1,0,0,1,1,0,1,1,0,1,1,0,0,0,0,1,1,1,0,1,1,1,0,0,0,0,1,1,1,0,1,1,0,1,0,0,1,0,0,0,0,0,1,1,0,1,1,0,1,0,0.3,2.879152497950047,0.0004939412577212802,0.1617177170802626,219.71463635939983,3.821796785628497,0.001489705456270831,0.010002114355608759,78.76276334353763,14.332291005823024,8.557242375540401,0.3,1.0,5e-05,0.15,64,2,0.0005,0.0,32,5,8,0.8,3.0,0.002,0.4,256,4,0.015,0.15,128,15,16,15,50,15,5,100,2,0.2,True,0.25,-0.32682424098626023
72074f99,4,8,1,0,1,1,0,0,0,0,0,0,0,0,1,0,0,1,1,1,1,0,0,1,0,1,0,0,1,0,1,1,0,0,1,1,1,0,0,0,1,1,0,0,1,0,1,1,1,1,0,1,1,1,0,0,0,0,0,1,1,1,1,1,0,1,1,1,0,1,0,0,1,0.6931459718501894,1.8077533876784533,0.000990397425089247,0.31195722666174236,236.09512967431107,3.8033267202167114,0.012847740250004997,0.06896230600871357,69.37398914454482,6.609358420734722,11.193841872464054,0.3,1.0,5e-05,0.15,64,2,0.0005,0.0,32,5,8,0.8,3.0,0.002,0.4,256,4,0.015,0.15,128,15,16,15,50,15,5,100,2,0.2,True,0.25,-0.3172514774814387
72074f99,4,9,1,1,0,0,0,1,1,1,0,1,1,0,0,1,0,0,1,0,0,1,1,0,1,0,1,1,0,1,1,0,1,1,1,0,0,1,0,1,0,0,1,1,0,1,0,1,1,1,1,0,0,0,1,1,1,0,0,1,1,0,1,0,1,0,0,1,0,1,1,0,0,0.7904135379789069,2.7328362574508924,0.0003011531889548031,0.39989770055169155,181.0066417763211,4.0,0.015,0.15,70.91059808349227,14.46342919329317,12.173189968578452,0.3,1.0,5e-05,0.15,64,2,0.0005,0.0,32,5,8,0.8,3.0,0.002,0.4,256,4,0.015,0.15,128,15,16,15,50,15,5,100,2,0.2,True,0.25,-0.3038879653789206
72074f99,4,10,0,1,1,1,0,1,1,1,0,0,1,1,1,1,0,0,0,1,1,1,1,0,0,0,0,1,0,1,1,0,1,0,1,1,1,1,1,0,1,1,1,0,1,0,0,1,0,0,0,0,1,1,1,1,0,1,1,0,0,1,1,0,1,0,1,1,1,1,1,0,0,0.6368851585074594,2.141350383639913,0.0012643119269887448,0.22653041316613973,153.69588928356572,2.87510805186613,0.005296602503638846,0.11157892380608357,49.98707680776586,10.796335627247544,9.698411596057646,0.3,1.0,5e-05,0.15,64,2,0.0005,0.0,32,5,8,0.8,3.0,0.002,0.4,256,4,0.015,0.15,128,15,16,15,50,15,5,100,2,0.2,True,0.25,-0.2776532635318813
72074f99,4,11,1,1,1,1,0,1,1,1,1,0,1,0,0,1,0,1,1,1,0,1,1,1,0,0,1,1,0,1,1,1,0,1,1,0,0,1,0,1,0,0,1,1,0,0,0,1,0,1,1,0,0,1,1,1,1,1,0,1,1,0,1,0,1,0,0,1,0,0,1,0,1,0.8,3.0,0.00023279433088446773,0.4,203.8672787100148,4.0,0.015,0.023908884045508866,55.02744124390729,15.0,14.490690884501259,0.3,1.0,5e-05,0.15,64,2,0.0005,0.0,32,5,8,0.8,3.0,0.002,0.4,256,4,0.015,0.15,128,15,16,15,50,15,5,100,2,0.2,True,0.25,-0.2586738204778767
72074f99,4,12,1,0,1,1,1,0,0,1,0,0,1,1,0,1,1,1,0,1,1,1,1,0,0,1,1,0,1,0,0,0,0,0,1,1,0,0,0,0,0,0,1,1,0,0,0,1,0,0,1,1,1,1,1,1,1,1,0,1,0,0,1,1,0,0,0,0,0,0,1,0,0,0.6092168547836943,2.6536470812986357,0.00018050191360452793,0.22917096553016303,125.41400659019087,2.8882073376209805,0.006357141016189619,0.019938605055133483,57.40908976916671,13.561953023370979,9.7744530748438,0.3,1.0,5e-05,0.15,64,2,0.0005,0.0,32,5,8,0.8,3.0,0.002,0.4,256,4,0.015,0.15,128,15,16,15,50,15,5,100,2,0.2,True,0.25,-0.24467127996150748
72074f99,4,13,1,0,1,1,1,0,0,1,0,0,1,1,0,1,1,1,0,1,1,1,1,0,0,1,1,0,1,0,0,0,0,0,1,1,0,0,0,0,0,0,1,1,0,0,0,1,0,0,1,1,1,1,1,1,1,1,0,1,0,0,1,1,0,0,0,0,0,0,1,0,0,0.6092168547836943,2.6536470812986357,0.00018050191360452793,0.22917096553016303,125.41400659019087,2.8882073376209805,0.006357141016189619,0.019938605055133483,57.40908976916671,13.561953023370979,9.7744530748438,0.3,1.0,5e-05,0.15,64,2,0.0005,0.0,32,5,8,0.8,3.0,0.002,0.4,256,4,0.015,0.15,128,15,16,15,50,15,5,100,2,0.2,True,0.25,-0.21449098178257228
72074f99,4,14,1,0,1,1,1,0,0,1,0,0,1,1,0,1,1,1,0,1,1,1,1,0,0,1,1,0,1,0,0,0,0,0,1,1,0,0,0,0,0,0,1,1,0,0,0,1,0,0,1,1,1,1,1,1,1,1,0,1,0,0,1,1,0,0,0,0,0,0,1,0,0,0.6092168547836943,2.6536470812986357,0.00018050191360452793,0.22917096553016303,125.41400659019087,2.8882073376209805,0.006357141016189619,0.019938605055133483,57.40908976916671,13.561953023370979,9.7744530748438,0.3,1.0,5e-05,0.15,64,2,0.0005,0.0,32,5,8,0.8,3.0,0.002,0.4,256,4,0.015,0.15,128,15,16,15,50,15,5,100,2,0.2,True,0.25,-0.2009485862886268
72074f99,5,0,0,1,1,0,1,1,1,1,0,0,1,0,0,0,0,1,1,0,0,1,1,1,1,1,1,1,1,1,1,1,0,0,0,0,0,1,0,0,0,0,1,0,1,1,0,1,0,1,1,0,0,0,1,0,1,0,0,1,1,1,1,0,0,1,0,0,1,1,1,0,0,0.5932753403291521,1.7235633489872422,5e-05,0.4,118.56010517234633,3.087837105494375,0.014424486847487985,0.04254572076010799,32.0,5.0,16.0,0.3,1.0,5e-05,0.15,64,2,0.0005,0.0,32,5,8,0.8,3.0,0.002,0.4,256,4,0.015,0.15,128,15,16,15,50,15,5,100,2,0.2,True,0.25,-0.4283474009059159
72074f99,5,1,0,1,1,1,1,0,1,1,1,0,1,1,0,1,0,1,0,0,0,0,0,1,1,1,0,0,0,0,0,1,1,0,0,1,1,1,0,1,0,0,0,0,1,0,0,0,1,0,0,1,1,0,1,1,1,1,1,1,1,1,0,1,0,1,1,1,1,1,0,0,1,0.5983251737191715,1.8669880115242605,0.0018122472171420182,0.2037797607866746,217.81749757783663,3.2306674696537305,0.013648201644306605,0.040938469811022074,73.68201745854581,10.973461594446697,15.36462650242255,0.3,1.0,5e-05,0.15,64,2,0.0005,0.0,32,5,8,0.8,3.0,0.002,0.4,256,4,0.015,0.15,128,15,16,15,50,15,5,100,2,0.2,True,0.25,-0.41634330330292246
72074f99,5,2,1,1,0,0,0,1,1,1,1,1,1,0,0,1,0,0,1,0,0,1,1,0,1,0,1,1,0,1,1,0,0,1,1,0,0,1,0,1,0,0,1,1,1,1,0,1,0,1,1,0,0,0,1,1,1,0,0,1,1,0,1,0,1,0,0,1,0,0,1,0,0,0.8,3.0,0.0002660228496532359,0.4,183.4328679128717,4.0,0.014552057649125736,0.136916930614703,72.61386582603603,14.485954472697308,12.52980065831846,0.3,1.0,5e-05,0.15,64,2,0.0005,0.0,32,5,8,0.8,3.0,0.002,0.4,256,4,0.015,0.15,128,15,16,15,50,15,5,100,2,0.2,True,0.25,-0.40240668628172854
72074f99,5,3,1,0,1,0,0,1,0,0,0,1,0,1,1,1,1,0,1,1,0,0,0,1,1,1,0,1,1,0,1,0,0,1,1,1,1,1,1,0,1,0,0,0,0,0,1,1,0,1,1,1,0,1,0,1,0,0,0,1,0,1,1,1,1,1,1,1,1,1,0,1,1,0.7968986896571228,1.790890238434232,0.0013194736200580243,0.394845797059435,256.0,4.0,0.012810325268864043,0.0021192004280347954,48.72949790496811,6.136113920362336,8.743118419893445,0.3,1.0,5e-05,0.15,64,2,0.0005,0.0,32,5,8,0.8,3.0,0.002,0.4,256,4,0.015,0.15,128,15,16,15,50,15,5,100,2,0.2,True,0.25,-0.3561146842986473
72074f99,5,4,0,0,1,0,1,1,1,1,1,0,0,0,0,0,0,1,1,0,0,1,1,1,0,1,1,1,1,1,1,1,0,0,0,0,0,1,0,0,0,0,1,0,1,0,1,1,0,1,1,0,0,0,1,0,1,0,0,1,1,1,0,0,0,1,0,0,1,0,1,0,0,0.5913312004020348,1.2223938627166757,0.00026349213722262426,0.4,156.0910805432248,2.9275629566107786,0.009580088851004007,0.0791477932633335,37.58487499033596,5.0,16.0,0.3,1.0,5e-05,0.15,64,2,0.0005,0.0,32,5,8,0.8,3.0,0.002,0.4,256,4,0.015,0.15,128,15,16,15,50,15,5,100,2,0.2,True,0.25,-0.3381345575772603
72074f99,5,5,0,1,0,0,1,1,1,1,0,1,0,0,1,0,0,1,1,0,0,1,1,1,0,0,1,1,1,1,1,0,0,0,0,0,0,1,0,0,0,0,1,0,1,0,1,1,0,1,1,0,0,1,1,0,1,0,0,1,1,1,1,0,0,1,0,0,1,1,1,0,0,0.49313460006268955,1.4654343460039685,0.0004355851102005063,0.35041566046066275,125.07190066527815,2.771716542431942,0.00845163088171609,0.14563075161698483,59.14187503233209,6.464662002371818,14.290382219688743,0.3,1.0,5e-05,0.15,64,2,0.0005,0.0,32,5,8,0.8,3.0,0.002,0.4,256,4,0.015,0.15,128,15,16,15,50,15,5,100,2,0.2,True,0.25,-0.33401147033274103
72074f99,5,6,1,0,1,1,1,0,0,1,0,0,1,1,0,1,1,1,0,1,1,1,1,0,0,1,1,0,1,0,0,0,0,0,1,1,0,0,0,0,0,0,1,1,0,0,0,1,1,1,1,1,1,1,0,0,1,0,0,1,0,0,1,1,0,0,0,0,0,0,0,0,0,0.579269385336949,2.5871517512901225,5e-05,0.22816563506208515,116.94890902087025,2.804650166465277,0.007822360455225611,0.0016439379422010791,59.8081982743209,14.448103431699913,9.540627663363939,0.3,1.0,5e-05,0.15,64,2,0.0005,0.0,32,5,8,0.8,3.0,0.002,0.4,256,4,0.015,0.15,128,15,16,15,50,15,5,100,2,0.2,True,0.25,-0.3279440412412969
72074f99,5,7,1,0,0,1,0,1,0,0,0,0,0,0,0,0,0,0,1,1,1,0,0,1,0,0,1,1,0,1,1,0,1,1,0,0,0,0,1,1,1,0,1,1,1,0,0,0,0,1,1,1,0,1,1,0,1,0,0,1,0,0,0,0,0,1,1,0,1,1,0,1,0,0.3,2.879152497950047,0.0004939412577212802,0.1617177170802626,219.71463635939983,3.821796785628497,0.001489705456270831,0.010002114355608759,78.76276334353763,14.332291005823024,8.557242375540401,0.3,1.0,5e-05,0.15,64,2,0.0005,0.0,32,5,8,0.8,3.0,0.002,0.4,256,4,0.015,0.15,128,15,16,15,50,15,5,100,2,0.2,True,0.25,-0.32682424098626023
72074f99,5,8,1,0,1,1,0,0,0,0,0,0,0,0,1,0,0,1,1,1,1,0,0,1,0,1,0,0,1,0,1,1,0,0,1,1,1,0,0,0,1,1,0,0,1,0,1,1,1,1,0,1,1,1,0,0,0,0,0,1,1,1,1,1,0,1,1,1,0,1,0,0,1,0.6931459718501894,1.8077533876784533,0.000990397425089247,0.31195722666174236,236.09512967431107,3.8033267202167114,0.012847740250004997,0.06896230600871357,69.37398914454482,6.609358420734722,11.193841872464054,0.3,1.0,5e-05,0.15,64,2,0.0005,0.0,32,5,8,0.8,3.0,0.002,0.4,256,4,0.015,0.15,128,15,16,15,50,15,5,100,2,0.2,True,0.25,-0.3172514774814387
72074f99,5,9,1,1,0,0,0,1,1,1,0,1,1,0,0,1,0,0,1,0,0,1,1,0,1,0,1,1,0,1,1,0,1,1,1,0,0,1,0,1,0,0,1,1,0,1,0,1,1,1,1,0,0,0,1,1,1,0,0,1,1,0,1,0,1,0,0,1,0,1,1,0,0,0.7904135379789069,2.7328362574508924,0.0003011531889548031,0.39989770055169155,181.0066417763211,4.0,0.015,0.15,70.91059808349227,14.46342919329317,12.173189968578452,0.3,1.0,5e-05,0.15,64,2,0.0005,0.0,32,5,8,0.8,3.0,0.002,0.4,256,4,0.015,0.15,128,15,16,15,50,15,5,100,2,0.2,True,0.25,-0.3038879653789206
72074f99,5,10,0,1,1,1,0,1,1,1,0,0,1,1,1,1,0,0,0,1,1,1,1,0,0,0,0,1,0,1,1,0,1,0,1,1,1,1,1,0,1,1,1,0,1,0,0,1,0,0,0,0,1,1,1,1,0,1,1,0,0,1,1,0,1,0,1,1,1,1,1,0,0,0.6368851585074594,2.141350383639913,0.0012643119269887448,0.22653041316613973,153.69588928356572,2.87510805186613,0.005296602503638846,0.11157892380608357,49.98707680776586,10.796335627247544,9.698411596057646,0.3,1.0,5e-05,0.15,64,2,0.0005,0.0,32,5,8,0.8,3.0,0.002,0.4,256,4,0.015,0.15,128,15,16,15,50,15,5,100,2,0.2,True,0.25,-0.2776532635318813
72074f99,5,11,1,1,1,1,0,1,1,1,1,0,1,0,0,1,0,1,1,1,0,1,1,1,0,0,1,1,0,1,1,1,0,1,1,0,0,1,0,1,0,0,1,1,0,0,0,1,0,1,1,0,0,1,1,1,1,1,0,1,1,0,1,0,1,0,0,1,0,0,1,0,1,0.8,3.0,0.00023279433088446773,0.4,203.8672787100148,4.0,0.015,0.023908884045508866,55.02744124390729,15.0,14.490690884501259,0.3,1.0,5e-05,0.15,64,2,0.0005,0.0,32,5,8,0.8,3.0,0.002,0.4,256,4,0.015,0.15,128,15,16,15,50,15,5,100,2,0.2,True,0.25,-0.2586738204778767
72074f99,5,12,1,0,1,1,1,0,0,1,0,0,1,1,0,1,1,1,0,1,1,1,1,0,0,1,1,0,1,0,0,0,0,0,1,1,0,0,0,0,0,0,1,1,0,0,0,1,0,0,1,1,1,1,1,1,1,1,0,1,0,0,1,1,0,0,0,0,0,0,1,0,0,0.6092168547836943,2.6536470812986357,0.00018050191360452793,0.22917096553016303,125.41400659019087,2.8882073376209805,0.006357141016189619,0.019938605055133483,57.40908976916671,13.561953023370979,9.7744530748438,0.3,1.0,5e-05,0.15,64,2,0.0005,0.0,32,5,8,0.8,3.0,0.002,0.4,256,4,0.015,0.15,128,15,16,15,50,15,5,100,2,0.2,True,0.25,-0.24467127996150748
72074f99,5,13,1,0,1,1,1,0,0,1,0,0,1,1,0,1,1,1,0,1,1,1,1,0,0,1,1,0,1,0,0,0,0,0,1,1,0,0,0,0,0,0,1,1,0,0,0,1,0,0,1,1,1,1,1,1,1,1,0,1,0,0,1,1,0,0,0,0,0,0,1,0,0,0.6092168547836943,2.6536470812986357,0.00018050191360452793,0.22917096553016303,125.41400659019087,2.8882073376209805,0.006357141016189619,0.019938605055133483,57.40908976916671,13.561953023370979,9.7744530748438,0.3,1.0,5e-05,0.15,64,2,0.0005,0.0,32,5,8,0.8,3.0,0.002,0.4,256,4,0.015,0.15,128,15,16,15,50,15,5,100,2,0.2,True,0.25,-0.21449098178257228
72074f99,5,14,1,0,1,1,1,0,0,1,0,0,1,1,0,1,1,1,0,1,1,1,1,0,0,1,1,0,1,0,0,0,0,0,1,1,0,0,0,0,0,0,1,1,0,0,0,1,0,0,1,1,1,1,1,1,1,1,0,1,0,0,1,1,0,0,0,0,0,0,1,0,0,0.6092168547836943,2.6536470812986357,0.00018050191360452793,0.22917096553016303,125.41400659019087,2.8882073376209805,0.006357141016189619,0.019938605055133483,57.40908976916671,13.561953023370979,9.7744530748438,0.3,1.0,5e-05,0.15,64,2,0.0005,0.0,32,5,8,0.8,3.0,0.002,0.4,256,4,0.015,0.15,128,15,16,15,50,15,5,100,2,0.2,True,0.25,-0.2009485862886268
72074f99,6,0,0,1,1,0,1,1,1,1,0,0,1,0,0,0,0,1,1,0,0,1,1,1,1,1,1,1,1,1,1,1,0,0,0,0,0,1,0,0,0,0,1,0,1,1,0,1,0,1,1,0,0,0,1,0,1,0,0,1,1,1,1,0,0,1,0,0,1,1,1,0,0,0.5932753403291521,1.7235633489872422,5e-05,0.4,118.56010517234633,3.087837105494375,0.014424486847487985,0.04254572076010799,32.0,5.0,16.0,0.3,1.0,5e-05,0.15,64,2,0.0005,0.0,32,5,8,0.8,3.0,0.002,0.4,256,4,0.015,0.15,128,15,16,15,50,15,5,100,2,0.2,True,0.25,-0.4283474009059159
72074f99,6,1,0,1,0,1,1,0,1,1,1,0,1,1,0,1,0,1,0,0,0,0,0,1,1,0,1,0,0,0,0,1,1,0,0,1,1,1,0,1,0,0,0,0,1,0,0,0,1,1,0,1,1,0,1,1,1,1,1,1,1,1,0,1,0,1,1,1,1,1,0,0,1,0.5983251737191715,1.8669880115242605,0.0018122472171420182,0.2037797607866746,217.81749757783663,3.2306674696537305,0.015,0.040938469811022074,73.68201745854581,10.973461594446697,15.36462650242255,0.3,1.0,5e-05,0.15,64,2,0.0005,0.0,32,5,8,0.8,3.0,0.002,0.4,256,4,0.015,0.15,128,15,16,15,50,15,5,100,2,0.2,True,0.25,-0.43278440661195866
72074f99,6,2,1,1,0,0,0,1,1,1,1,1,1,0,0,1,0,0,1,0,0,1,1,0,1,0,1,1,0,1,1,0,0,1,1,0,0,1,0,1,0,0,1,1,1,1,0,1,0,1,1,0,0,0,1,1,1,0,0,1,1,0,1,0,1,0,0,1,0,0,1,0,0,0.8,3.0,0.0002660228496532359,0.4,183.4328679128717,4.0,0.014552057649125736,0.136916930614703,72.61386582603603,14.485954472697308,12.52980065831846,0.3,1.0,5e-05,0.15,64,2,0.0005,0.0,32,5,8,0.8,3.0,0.002,0.4,256,4,0.015,0.15,128,15,16,15,50,15,5,100,2,0.2,True,0.25,-0.40240668628172854
72074f99,6,3,1,0,1,0,0,1,0,0,0,1,0,1,1,1,1,0,1,1,0,0,0,1,1,1,0,1,1,0,1,0,0,1,1,1,1,1,1,0,1,0,0,0,0,0,1,1,0,1,1,1,0,1,0,1,0,0,0,1,0,1,1,1,1,1,1,1,1,1,0,1,1,0.7968986896571228,1.790890238434232,0.0013194736200580243,0.394845797059435,256.0,4.0,0.012810325268864043,0.0021192004280347954,48.72949790496811,6.136113920362336,8.743118419893445,0.3,1.0,5e-05,0.15,64,2,0.0005,0.0,32,5,8,0.8,3.0,0.002,0.4,256,4,0.015,0.15,128,15,16,15,50,15,5,100,2,0.2,True,0.25,-0.3561146842986473
72074f99,6,4,0,0,1,0,1,1,1,1,1,0,0,0,0,0,0,1,1,0,0,1,1,1,0,1,1,1,1,1,1,1,0,0,0,0,0,1,0,0,0,0,1,0,1,0,1,1,0,1,1,0,0,0,1,0,1,0,0,1,1,1,0,0,0,1,0,0,1,0,1,0,0,0.5913312004020348,1.2223938627166757,0.00026349213722262426,0.4,156.0910805432248,2.9275629566107786,0.009580088851004007,0.0791477932633335,37.58487499033596,5.0,16.0,0.3,1.0,5e-05,0.15,64,2,0.0005,0.0,32,5,8,0.8,3.0,0.002,0.4,256,4,0.015,0.15,128,15,16,15,50,15,5,100,2,0.2,True,0.25,-0.3381345575772603
72074f99,6,5,0,1,0,0,1,1,1,1,0,1,0,0,1,0,0,1,1,0,0,1,1,1,0,0,1,1,1,1,1,0,0,0,0,0,0,1,0,0,0,0,1,0,1,0,1,1,0,1,1,0,0,1,1,0,1,0,0,1,1,1,1,0,0,1,0,0,1,1,1,0,0,0.3,1.4654343460039685,0.0004355851102005063,0.35041566046066275,125.07190066527815,2.771716542431942,0.0033208018969770586,0.14563075161698483,59.14187503233209,6.464662002371818,14.290382219688743,0.3,1.0,5e-05,0.15,64,2,0.0005,0.0,32,5,8,0.8,3.0,0.002,0.4,256,4,0.015,0.15,128,15,16,15,50,15,5,100,2,0.2,True,0.25,-0.33436136798970423
72074f99,6,6,1,0,1,1,1,0,0,1,0,0,1,1,0,1,1,1,0,1,1,1,1,0,0,1,1,0,1,0,0,0,0,0,1,1,0,0,0,0,0,0,1,1,0,0,0,1,1,1,1,1,1,1,0,0,1,0,0,1,0,0,1,1,0,0,0,0,0,0,0,0,0,0.579269385336949,2.5871517512901225,5e-05,0.22816563506208515,116.94890902087025,2.804650166465277,0.007822360455225611,0.0016439379422010791,59.8081982743209,14.448103431699913,9.540627663363939,0.3,1.0,5e-05,0.15,64,2,0.0005,0.0,32,5,8,0.8,3.0,0.002,0.4,256,4,0.015,0.15,128,15,16,15,50,15,5,100,2,0.2,True,0.25,-0.3279440412412969
72074f99,6,7,1,0,0,1,0,1,0,0,0,0,0,0,0,0,0,0,1,1,1,0,0,1,0,0,1,1,0,1,1,0,1,1,0,0,0,0,1,1,1,0,1,1,1,0,0,0,0,1,1,1,0,1,1,0,1,0,0,1,0,0,0,0,0,1,1,0,1,1,0,1,0,0.3,2.879152497950047,0.0004939412577212802,0.1617177170802626,219.71463635939983,3.821796785628497,0.001489705456270831,0.010002114355608759,78.76276334353763,14.332291005823024,8.557242375540401,0.3,1.0,5e-05,0.15,64,2,0.0005,0.0,32,5,8,0.8,3.0,0.002,0.4,256,4,0.015,0.15,128,15,16,15,50,15,5,100,2,0.2,True,0.25,-0.32682424098626023
72074f99,6,8,1,0,1,1,0,0,0,1,0,0,0,0,1,0,0,1,1,1,1,0,0,1,0,1,0,0,1,0,1,0,0,0,1,1,0,0,0,0,1,0,0,0,0,0,0,1,1,1,0,1,1,1,0,0,1,0,0,1,1,1,1,1,0,1,1,1,0,1,0,0,1,0.6157195340959378,2.152009441776838,0.000990397425089247,0.25285295823372905,236.09512967431107,3.8033267202167114,0.008442264024517386,0.03171165683104344,63.30161029502237,6.609358420734722,11.193841872464054,0.3,1.0,5e-05,0.15,64,2,0.0005,0.0,32,5,8,0.8,3.0,0.002,0.4,256,4,0.015,0.15,128,15,16,15,50,15,5,100,2,0.2,True,0.25,-0.361507427537974
72074f99,6,9,1,1,0,0,0,1,1,1,0,1,1,0,0,1,0,0,1,0,0,1,1,0,1,0,1,1,0,1,1,0,1,1,1,0,0,1,0,1,0,0,1,1,0,1,0,1,1,1,1,0,0,0,1,1,1,0,0,1,1,0,1,0,1,0,0,1,0,1,1,0,0,0.7904135379789069,2.7328362574508924,0.0003011531889548031,0.39989770055169155,181.0066417763211,4.0,0.015,0.15,70.91059808349227,14.46342919329317,12.173189968578452,0.3,1.0,5e-05,0.15,64,2,0.0005,0.0,32,5,8,0.8,3.0,0.002,0.4,256,4,0.015,0.15,128,15,16,15,50,15,5,100,2,0.2,True,0.25,-0.3038879653789206
72074f99,6,10,0,1,1,1,0,1,1,1,0,0,1,1,1,1,0,0,0,1,1,1,1,0,0,0,0,1,0,1,1,0,1,0,1,1,1,1,1,0,1,1,1,0,1,0,0,1,0,0,0,0,1,1,1,1,0,1,1,0,0,1,1,0,1,0,1,1,1,1,1,0,0,0.6368851585074594,2.141350383639913,0.0012643119269887448,0.22653041316613973,153.69588928356572,2.87510805186613,0.005296602503638846,0.11157892380608357,49.98707680776586,10.796335627247544,9.698411596057646,0.3,1.0,5e-05,0.15,64,2,0.0005,0.0,32,5,8,0.8,3.0,0.002,0.4,256,4,0.015,0.15,128,15,16,15,50,15,5,100,2,0.2,True,0.25,-0.2776532635318813
72074f99,6,11,1,1,1,1,0,1,1,1,1,0,1,0,0,1,0,1,1,1,0,1,1,1,0,0,1,1,0,1,1,1,0,1,1,0,0,1,0,1,0,0,1,1,0,0,0,1,0,1,1,0,0,1,1,1,1,1,0,1,1,0,1,0,1,0,0,1,0,0,1,0,1,0.8,3.0,0.00023279433088446773,0.4,203.8672787100148,4.0,0.015,0.023908884045508866,55.02744124390729,15.0,14.490690884501259,0.3,1.0,5e-05,0.15,64,2,0.0005,0.0,32,5,8,0.8,3.0,0.002,0.4,256,4,0.015,0.15,128,15,16,15,50,15,5,100,2,0.2,True,0.25,-0.2586738204778767
72074f99,6,12,1,0,1,1,1,0,0,1,0,0,1,1,0,1,1,1,0,1,1,1,1,0,0,1,1,0,1,0,0,0,0,0,1,1,0,0,0,0,0,0,1,1,0,0,0,1,0,0,1,1,1,1,1,1,1,1,0,1,0,0,1,1,0,0,0,0,0,0,1,0,0,0.6092168547836943,2.6536470812986357,0.00018050191360452793,0.22917096553016303,125.41400659019087,2.8882073376209805,0.006357141016189619,0.019938605055133483,57.40908976916671,13.561953023370979,9.7744530748438,0.3,1.0,5e-05,0.15,64,2,0.0005,0.0,32,5,8,0.8,3.0,0.002,0.4,256,4,0.015,0.15,128,15,16,15,50,15,5,100,2,0.2,True,0.25,-0.24467127996150748
72074f99,6,13,1,0,1,1,1,0,0,1,0,0,1,1,0,1,1,1,0,1,1,1,1,0,0,1,1,0,1,0,0,0,0,0,1,1,0,0,0,0,0,0,1,1,0,0,0,1,0,0,1,1,1,1,1,1,1,1,0,1,0,0,1,1,0,0,0,0,0,0,1,0,0,0.6092168547836943,2.6536470812986357,0.00018050191360452793,0.22917096553016303,125.41400659019087,2.8882073376209805,0.006357141016189619,0.019938605055133483,57.40908976916671,13.561953023370979,9.7744530748438,0.3,1.0,5e-05,0.15,64,2,0.0005,0.0,32,5,8,0.8,3.0,0.002,0.4,256,4,0.015,0.15,128,15,16,15,50,15,5,100,2,0.2,True,0.25,-0.21449098178257228
72074f99,6,14,1,0,1,1,1,0,0,1,0,0,1,1,0,1,1,1,0,1,1,1,1,0,0,1,1,0,1,0,0,0,0,0,1,1,0,0,0,0,0,0,1,1,0,0,0,1,0,0,1,1,1,1,1,1,1,1,0,1,0,0,1,1,0,0,0,0,0,0,1,0,0,0.6092168547836943,2.6536470812986357,0.00018050191360452793,0.22917096553016303,125.41400659019087,2.8882073376209805,0.006357141016189619,0.019938605055133483,57.40908976916671,13.561953023370979,9.7744530748438,0.3,1.0,5e-05,0.15,64,2,0.0005,0.0,32,5,8,0.8,3.0,0.002,0.4,256,4,0.015,0.15,128,15,16,15,50,15,5,100,2,0.2,True,0.25,-0.2009485862886268
72074f99,7,0,0,1,0,1,1,0,1,1,1,0,1,1,0,1,0,1,0,0,0,0,0,1,1,0,1,0,0,0,0,1,1,0,0,1,1,1,0,1,0,0,0,0,1,0,0,0,1,1,0,1,1,0,1,1,1,1,1,1,1,1,0,1,0,1,1,1,1,1,0,0,1,0.5983251737191715,1.8669880115242605,0.0018122472171420182,0.2037797607866746,217.81749757783663,3.2306674696537305,0.015,0.040938469811022074,73.68201745854581,10.973461594446697,15.36462650242255,0.3,1.0,5e-05,0.15,64,2,0.0005,0.0,32,5,8,0.8,3.0,0.002,0.4,256,4,0.015,0.15,128,15,16,15,50,15,5,100,2,0.2,True,0.25,-0.43278440661195866
72074f99,7,1,0,1,1,0,1,1,1,1,0,0,1,0,0,0,0,1,1,0,0,1,1,1,1,1,1,1,1,1,1,1,0,0,0,0,0,1,0,0,0,0,1,0,1,1,0,1,0,1,1,0,0,0,1,0,1,0,0,1,1,1,1,0,0,1,0,0,1,1,1,0,0,0.5932753403291521,1.7235633489872422,5e-05,0.4,118.56010517234633,3.087837105494375,0.014424486847487985,0.04254572076010799,32.0,5.0,16.0,0.3,1.0,5e-05,0.15,64,2,0.0005,0.0,32,5,8,0.8,3.0,0.002,0.4,256,4,0.015,0.15,128,15,16,15,50,15,5,100,2,0.2,True,0.25,-0.4283474009059159
72074f99,7,2,1,1,0,0,0,1,1,1,1,1,1,0,0,1,0,0,1,0,0,1,1,0,1,0,1,1,0,1,1,0,0,1,1,0,0,1,0,1,0,0,1,1,1,1,0,1,0,1,1,0,0,0,1,1,1,0,0,1,1,0,1,0,1,0,0,1,0,0,1,0,0,0.8,3.0,0.0002660228496532359,0.4,183.4328679128717,4.0,0.014552057649125736,0.136916930614703,72.61386582603603,14.485954472697308,12.52980065831846,0.3,1.0,5e-05,0.15,64,2,0.0005,0.0,32,5,8,0.8,3.0,0.002,0.4,256,4,0.015,0.15,128,15,16,15,50,15,5,100,2,0.2,True,0.25,-0.40240668628172854
72074f99,7,3,1,0,1,1,0,0,0,1,0,0,0,0,1,0,0,1,1,1,1,0,0,1,0,1,0,0,1,0,1,0,0,0,1,1,0,0,0,0,1,0,0,0,0,0,0,1,1,1,0,1,1,1,0,0,1,0,0,1,1,1,1,1,0,1,1,1,0,1,0,0,1,0.6157195340959378,2.152009441776838,0.000990397425089247,0.25285295823372905,236.09512967431107,3.8033267202167114,0.008442264024517386,0.03171165683104344,63.30161029502237,6.609358420734722,11.193841872464054,0.3,1.0,5e-05,0.15,64,2,0.0005,0.0,32,5,8,0.8,3.0,0.002,0.4,256,4,0.015,0.15,128,15,16,15,50,15,5,100,2,0.2,True,0.25,-0.361507427537974
72074f99,7,4,1,0,1,0,0,1,0,0,0,1,0,1,1,1,1,0,1,1,0,0,0,1,1,1,0,1,1,0,1,0,0,1,1,1,1,1,1,0,1,0,0,0,0,0,1,1,0,1,1,1,0,1,0,1,0,0,0,1,0,1,1,1,1,1,1,1,1,1,0,1,1,0.7968986896571228,1.790890238434232,0.0013194736200580243,0.394845797059435,256.0,4.0,0.012810325268864043,0.0021192004280347954,48.72949790496811,6.136113920362336,8.743118419893445,0.3,1.0,5e-05,0.15,64,2,0.0005,0.0,32,5,8,0.8,3.0,0.002,0.4,256,4,0.015,0.15,128,15,16,15,50,15,5,100,2,0.2,True,0.25,-0.3561146842986473
72074f99,7,5,0,0,1,0,1,1,1,1,1,0,0,0,0,0,0,0,1,0,0,1,1,1,0,1,1,1,1,1,1,1,0,0,0,0,0,1,0,0,1,0,1,0,1,0,1,1,0,1,1,0,0,1,1,0,1,0,0,1,1,1,0,0,0,1,0,0,1,0,1,0,0,0.3,1.2223938627166757,0.00026349213722262426,0.4,156.0910805432248,2.9275629566107786,0.004449259866264975,0.0791477932633335,37.58487499033596,5.0,16.0,0.3,1.0,5e-05,0.15,64,2,0.0005,0.0,32,5,8,0.8,3.0,0.002,0.4,256,4,0.015,0.15,128,15,16,15,50,15,5,100,2,0.2,True,0.25,-0.39218446187145745
72074f99,7,6,0,1,0,0,1,1,1,1,0,1,0,0,1,0,0,1,1,0,0,1,1,1,0,0,1,1,1,1,1,0,0,0,0,0,0,1,0,0,0,0,1,0,1,0,1,1,0,1,1,0,0,1,1,0,1,0,0,1,1,1,1,0,0,1,0,0,1,1,1,0,0,0.3,1.4654343460039685,0.0004355851102005063,0.35041566046066275,125.07190066527815,2.771716542431942,0.0033208018969770586,0.14563075161698483,59.14187503233209,6.464662002371818,14.290382219688743,0.3,1.0,5e-05,0.15,64,2,0.0005,0.0,32,5,8,0.8,3.0,0.002,0.4,256,4,0.015,0.15,128,15,16,15,50,15,5,100,2,0.2,True,0.25,-0.33436136798970423
72074f99,7,7,1,0,1,1,1,0,0,1,0,0,1,1,0,1,1,1,0,1,1,1,1,0,0,1,1,0,1,0,0,0,0,0,1,1,0,0,0,0,0,0,1,1,0,0,0,1,1,1,1,1,1,1,0,0,1,0,0,1,0,0,1,1,0,0,0,0,0,0,0,0,0,0.579269385336949,2.5871517512901225,5e-05,0.22816563506208515,116.94890902087025,2.804650166465277,0.007822360455225611,0.0016439379422010791,59.8081982743209,14.448103431699913,9.540627663363939,0.3,1.0,5e-05,0.15,64,2,0.0005,0.0,32,5,8,0.8,3.0,0.002,0.4,256,4,0.015,0.15,128,15,16,15,50,15,5,100,2,0.2,True,0.25,-0.3279440412412969
72074f99,7,8,1,0,0,1,0,1,0,0,0,0,0,0,0,0,0,0,1,1,1,0,0,1,0,0,1,1,0,1,1,0,1,1,0,0,0,0,1,1,1,0,1,1,1,0,0,0,0,1,1,1,0,1,1,0,1,0,0,1,0,0,0,0,0,1,1,0,1,1,0,1,0,0.3,2.879152497950047,0.0004939412577212802,0.1617177170802626,219.71463635939983,3.821796785628497,0.001489705456270831,0.010002114355608759,78.76276334353763,14.332291005823024,8.557242375540401,0.3,1.0,5e-05,0.15,64,2,0.0005,0.0,32,5,8,0.8,3.0,0.002,0.4,256,4,0.015,0.15,128,15,16,15,50,15,5,100,2,0.2,True,0.25,-0.32682424098626023
72074f99,7,9,1,1,0,0,0,1,1,1,0,1,1,0,0,1,0,0,1,0,0,1,1,0,1,0,1,1,0,1,1,0,1,1,1,0,0,1,0,1,0,0,1,1,0,1,0,1,1,1,1,0,0,0,1,1,1,0,0,1,1,0,1,0,1,0,0,1,0,1,1,0,0,0.7904135379789069,2.7328362574508924,0.0003011531889548031,0.39989770055169155,181.0066417763211,4.0,0.015,0.15,70.91059808349227,14.46342919329317,12.173189968578452,0.3,1.0,5e-05,0.15,64,2,0.0005,0.0,32,5,8,0.8,3.0,0.002,0.4,256,4,0.015,0.15,128,15,16,15,50,15,5,100,2,0.2,True,0.25,-0.3038879653789206
72074f99,7,10,0,1,1,1,0,1,1,1,0,0,1,1,1,1,0,0,0,1,1,1,1,0,0,0,0,1,0,1,1,0,1,0,1,1,1,1,1,0,1,1,1,0,1,0,0,1,0,0,0,0,1,1,1,1,0,1,1,0,0,1,1,0,1,0,1,1,1,1,1,0,0,0.6368851585074594,2.141350383639913,0.0012643119269887448,0.22653041316613973,153.69588928356572,2.87510805186613,0.005296602503638846,0.11157892380608357,49.98707680776586,10.796335627247544,9.698411596057646,0.3,1.0,5e-05,0.15,64,2,0.0005,0.0,32,5,8,0.8,3.0,0.002,0.4,256,4,0.015,0.15,128,15,16,15,50,15,5,100,2,0.2,True,0.25,-0.2776532635318813
72074f99,7,11,1,1,1,1,0,1,1,1,1,0,1,0,0,1,0,1,1,1,0,1,1,1,0,0,1,1,0,1,1,1,0,1,1,0,0,1,0,1,0,0,1,1,0,0,0,1,0,1,1,0,0,1,1,1,1,1,0,1,1,0,1,0,1,0,0,1,0,0,1,0,1,0.8,3.0,0.00023279433088446773,0.4,203.8672787100148,4.0,0.015,0.023908884045508866,55.02744124390729,15.0,14.490690884501259,0.3,1.0,5e-05,0.15,64,2,0.0005,0.0,32,5,8,0.8,3.0,0.002,0.4,256,4,0.015,0.15,128,15,16,15,50,15,5,100,2,0.2,True,0.25,-0.2586738204778767
72074f99,7,12,1,0,1,1,1,0,0,1,0,0,1,1,0,1,1,1,0,1,1,1,1,0,0,1,1,0,1,0,0,0,0,0,1,1,0,0,0,0,0,0,1,1,0,0,0,1,0,0,1,1,1,1,1,1,1,1,0,1,0,0,1,1,0,0,0,0,0,0,1,0,0,0.6092168547836943,2.6536470812986357,0.00018050191360452793,0.22917096553016303,125.41400659019087,2.8882073376209805,0.006357141016189619,0.019938605055133483,57.40908976916671,13.561953023370979,9.7744530748438,0.3,1.0,5e-05,0.15,64,2,0.0005,0.0,32,5,8,0.8,3.0,0.002,0.4,256,4,0.015,0.15,128,15,16,15,50,15,5,100,2,0.2,True,0.25,-0.24467127996150748
72074f99,7,13,1,0,1,1,1,0,0,1,0,0,1,1,0,1,1,1,0,1,1,1,1,0,0,1,1,0,1,0,0,0,0,0,1,1,0,0,0,0,0,0,1,1,0,0,0,1,0,0,1,1,1,1,1,1,1,1,0,1,0,0,1,1,0,0,0,0,0,0,1,0,0,0.6092168547836943,2.6536470812986357,0.00018050191360452793,0.22917096553016303,125.41400659019087,2.8882073376209805,0.006357141016189619,0.019938605055133483,57.40908976916671,13.561953023370979,9.7744530748438,0.3,1.0,5e-05,0.15,64,2,0.0005,0.0,32,5,8,0.8,3.0,0.002,0.4,256,4,0.015,0.15,128,15,16,15,50,15,5,100,2,0.2,True,0.25,-0.21449098178257228
72074f99,7,14,1,0,1,1,1,0,0,1,0,0,1,1,0,1,1,1,0,1,1,1,1,0,0,1,1,0,1,0,0,0,0,0,1,1,0,0,0,0,0,0,1,1,0,0,0,1,0,0,1,1,1,1,1,1,1,1,0,1,0,0,1,1,0,0,0,0,0,0,1,0,0,0.6092168547836943,2.6536470812986357,0.00018050191360452793,0.22917096553016303,125.41400659019087,2.8882073376209805,0.006357141016189619,0.019938605055133483,57.40908976916671,13.561953023370979,9.7744530748438,0.3,1.0,5e-05,0.15,64,2,0.0005,0.0,32,5,8,0.8,3.0,0.002,0.4,256,4,0.015,0.15,128,15,16,15,50,15,5,100,2,0.2,True,0.25,-0.2009485862886268
72074f99,8,0,0,1,0,1,1,0,1,1,1,0,1,1,0,1,0,1,0,0,0,0,0,1,1,0,1,0,0,0,0,1,1,0,0,1,1,1,0,1,0,0,0,0,1,0,0,0,1,1,0,1,1,0,1,1,1,1,1,1,1,1,0,1,0,1,1,1,1,1,0,0,1,0.5983251737191715,1.8669880115242605,0.0018122472171420182,0.2037797607866746,217.81749757783663,3.2306674696537305,0.015,0.040938469811022074,73.68201745854581,10.973461594446697,15.36462650242255,0.3,1.0,5e-05,0.15,64,2,0.0005,0.0,32,5,8,0.8,3.0,0.002,0.4,256,4,0.015,0.15,128,15,16,15,50,15,5,100,2,0.2,True,0.25,-0.43278440661195866
72074f99,8,1,0,1,1,0,1,1,1,1,0,0,1,0,0,0,0,1,1,0,0,1,1,1,1,1,1,1,1,1,1,1,0,0,0,0,0,1,0,0,0,0,1,0,1,1,0,1,0,1,1,0,0,0,1,0,1,0,0,1,1,1,1,0,0,1,0,0,1,1,1,0,0,0.5932753403291521,1.7235633489872422,5e-05,0.4,118.56010517234633,3.087837105494375,0.014424486847487985,0.04254572076010799,32.0,5.0,16.0,0.3,1.0,5e-05,0.15,64,2,0.0005,0.0,32,5,8,0.8,3.0,0.002,0.4,256,4,0.015,0.15,128,15,16,15,50,15,5,100,2,0.2,True,0.25,-0.4283474009059159
72074f99,8,2,1,1,0,0,0,1,1,1,1,1,1,0,0,1,0,0,1,0,0,1,1,0,1,0,1,1,0,1,1,0,0,1,1,0,0,1,0,1,0,0,1,1,1,1,0,1,0,1,1,0,0,0,1,1,1,0,0,1,1,0,1,0,1,0,0,1,0,0,1,0,0,0.8,3.0,0.0002660228496532359,0.4,183.4328679128717,4.0,0.014552057649125736,0.136916930614703,72.61386582603603,14.485954472697308,12.52980065831846,0.3,1.0,5e-05,0.15,64,2,0.0005,0.0,32,5,8,0.8,3.0,0.002,0.4,256,4,0.015,0.15,128,15,16,15,50,15,5,100,2,0.2,True,0.25,-0.40240668628172854
72074f99,8,3,0,0,1,0,1,1,1,1,1,0,0,0,0,0,0,0,1,0,0,1,1,1,0,1,1,1,1,1,1,1,0,0,0,0,0,1,0,0,1,0,1,0,1,0,1,1,0,1,1,0,0,1,1,0,1,0,0,1,1,1,0,0,0,1,0,0,1,0,1,0,0,0.3,1.2223938627166757,0.00026349213722262426,0.4,156.0910805432248,2.9275629566107786,0.004449259866264975,0.0791477932633335,37.58487499033596,5.0,16.0,0.3,1.0,5e-05,0.15,64,2,0.0005,0.0,32,5,8,0.8,3.0,0.002,0.4,256,4,0.015,0.15,128,15,16,15,50,15,5,100,2,0.2,True,0.25,-0.39218446187145745
72074f99,8,4,1,0,1,1,0,0,0,1,0,0,0,0,1,0,0,1,1,1,1,0,0,1,0,1,0,0,1,0,1,0,0,0,1,1,0,0,0,0,1,0,0,0,0,0,0,1,1,1,0,1,1,1,0,0,1,0,0,1,1,1,1,1,0,1,1,1,0,1,0,0,1,0.6157195340959378,2.152009441776838,0.000990397425089247,0.25285295823372905,236.09512967431107,3.8033267202167114,0.008442264024517386,0.03171165683104344,63.30161029502237,6.609358420734722,11.193841872464054,0.3,1.0,5e-05,0.15,64,2,0.0005,0.0,32,5,8,0.8,3.0,0.002,0.4,256,4,0.015,0.15,128,15,16,15,50,15,5,100,2,0.2,True,0.25,-0.361507427537974
72074f99,8,5,1,0,1,0,0,1,0,0,0,1,0,1,1,1,1,0,1,1,0,0,0,1,1,1,0,1,1,0,1,0,0,1,1,1,1,1,1,0,1,0,0,0,0,0,1,1,0,1,1,1,0,1,0,1,0,0,0,1,0,1,1,1,1,1,1,1,1,1,0,1,1,0.7968986896571228,1.790890238434232,0.0013194736200580243,0.394845797059435,256.0,4.0,0.012810325268864043,0.0021192004280347954,48.72949790496811,6.136113920362336,8.743118419893445,0.3,1.0,5e-05,0.15,64,2,0.0005,0.0,32,5,8,0.8,3.0,0.002,0.4,256,4,0.015,0.15,128,15,16,15,50,15,5,100,2,0.2,True,0.25,-0.3561146842986473
72074f99,8,6,0,1,0,0,1,1,1,1,0,0,0,0,1,0,0,1,1,0,0,1,1,1,1,1,1,1,1,1,1,1,0,0,0,0,0,1,0,0,0,0,1,0,1,1,0,1,0,1,1,0,0,1,1,0,1,0,0,1,1,1,1,0,0,1,0,0,1,1,1,0,0,0.3,1.4654343460039685,0.0004355851102005063,0.35041566046066275,132.56803536446395,3.0582737243890303,0.010988541696672283,0.14563075161698483,59.14187503233209,6.464662002371818,14.290382219688743,0.3,1.0,5e-05,0.15,64,2,0.0005,0.0,32,5,8,0.8,3.0,0.002,0.4,256,4,0.015,0.15,128,15,16,15,50,15,5,100,2,0.2,True,0.25,-0.41127957358967293
72074f99,8,7,1,0,1,1,1,0,0,1,0,0,1,1,0,1,1,1,0,1,1,1,1,0,0,1,1,0,1,0,0,0,0,0,1,1,0,0,0,0,0,0,1,1,0,0,0,1,1,1,1,1,1,1,0,0,1,0,0,1,0,0,1,1,0,0,0,0,0,0,0,0,0,0.579269385336949,2.5871517512901225,5e-05,0.22816563506208515,116.94890902087025,2.804650166465277,0.007822360455225611,0.0016439379422010791,59.8081982743209,14.448103431699913,9.540627663363939,0.3,1.0,5e-05,0.15,64,2,0.0005,0.0,32,5,8,0.8,3.0,0.002,0.4,256,4,0.015,0.15,128,15,16,15,50,15,5,100,2,0.2,True,0.25,-0.3279440412412969
72074f99,8,8,1,0,0,1,0,1,0,0,0,0,0,0,0,0,0,0,1,1,1,0,0,1,0,0,1,1,0,1,1,0,1,1,0,0,0,0,1,1,1,0,1,1,1,0,0,0,0,1,1,1,0,1,1,0,1,0,0,1,0,0,0,0,0,1,1,0,1,1,0,1,0,0.3,2.879152497950047,0.0004939412577212802,0.1617177170802626,219.71463635939983,3.821796785628497,0.001489705456270831,0.010002114355608759,78.76276334353763,14.332291005823024,8.557242375540401,0.3,1.0,5e-05,0.15,64,2,0.0005,0.0,32,5,8,0.8,3.0,0.002,0.4,256,4,0.015,0.15,128,15,16,15,50,15,5,100,2,0.2,True,0.25,-0.32682424098626023
72074f99,8,9,1,1,0,0,0,1,1,1,0,1,1,0,0,1,0,0,1,0,0,1,1,0,1,0,1,1,0,1,1,0,1,1,1,0,0,1,0,1,0,0,1,1,0,1,0,1,1,1,1,0,0,0,1,1,1,0,0,1,1,0,1,0,1,0,0,1,0,1,1,0,0,0.7904135379789069,2.7328362574508924,0.0003011531889548031,0.39989770055169155,181.0066417763211,4.0,0.015,0.15,70.91059808349227,14.46342919329317,12.173189968578452,0.3,1.0,5e-05,0.15,64,2,0.0005,0.0,32,5,8,0.8,3.0,0.002,0.4,256,4,0.015,0.15,128,15,16,15,50,15,5,100,2,0.2,True,0.25,-0.3038879653789206
72074f99,8,10,0,1,1,1,0,1,1,1,0,0,1,1,1,1,0,0,0,1,1,1,1,0,0,0,0,1,0,1,1,0,1,0,1,1,1,1,1,0,1,1,1,0,1,0,0,1,0,0,0,0,1,1,1,1,0,1,1,0,0,1,1,0,1,0,1,1,1,1,1,0,0,0.6368851585074594,2.141350383639913,0.0012643119269887448,0.22653041316613973,153.69588928356572,2.87510805186613,0.005296602503638846,0.11157892380608357,49.98707680776586,10.796335627247544,9.698411596057646,0.3,1.0,5e-05,0.15,64,2,0.0005,0.0,32,5,8,0.8,3.0,0.002,0.4,256,4,0.015,0.15,128,15,16,15,50,15,5,100,2,0.2,True,0.25,-0.2776532635318813
72074f99,8,11,1,1,1,1,0,1,1,1,1,0,1,0,0,1,0,1,1,1,0,1,1,1,0,0,1,1,0,1,1,1,0,1,1,0,0,1,0,1,0,0,1,1,0,0,0,1,0,1,1,0,0,1,1,1,1,1,0,1,1,0,1,0,1,0,0,1,0,0,1,0,1,0.8,3.0,0.00023279433088446773,0.4,203.8672787100148,4.0,0.015,0.023908884045508866,55.02744124390729,15.0,14.490690884501259,0.3,1.0,5e-05,0.15,64,2,0.0005,0.0,32,5,8,0.8,3.0,0.002,0.4,256,4,0.015,0.15,128,15,16,15,50,15,5,100,2,0.2,True,0.25,-0.2586738204778767
72074f99,8,12,1,0,1,1,1,0,0,1,0,0,1,1,0,1,1,1,0,1,1,1,1,0,0,1,1,0,1,0,0,0,0,0,1,1,0,0,0,0,0,0,1,1,0,0,0,1,0,0,1,1,1,1,1,1,1,1,0,1,0,0,1,1,0,0,0,0,0,0,1,0,0,0.6092168547836943,2.6536470812986357,0.00018050191360452793,0.22917096553016303,125.41400659019087,2.8882073376209805,0.006357141016189619,0.019938605055133483,57.40908976916671,13.561953023370979,9.7744530748438,0.3,1.0,5e-05,0.15,64,2,0.0005,0.0,32,5,8,0.8,3.0,0.002,0.4,256,4,0.015,0.15,128,15,16,15,50,15,5,100,2,0.2,True,0.25,-0.26203753292148085
72074f99,8,13,1,0,1,1,1,0,0,1,0,0,1,1,0,1,1,1,0,1,1,1,1,0,0,1,1,0,1,0,0,0,0,0,1,1,0,0,0,0,0,0,1,1,0,0,0,1,0,0,1,1,1,1,1,1,1,1,0,1,0,0,1,1,0,0,0,0,0,0,1,0,0,0.6092168547836943,2.6536470812986357,0.00018050191360452793,0.22917096553016303,125.41400659019087,2.8882073376209805,0.006357141016189619,0.019938605055133483,57.40908976916671,13.561953023370979,9.7744530748438,0.3,1.0,5e-05,0.15,64,2,0.0005,0.0,32,5,8,0.8,3.0,0.002,0.4,256,4,0.015,0.15,128,15,16,15,50,15,5,100,2,0.2,True,0.25,-0.21449098178257228
72074f99,8,14,1,1,0,0,0,1,1,1,0,1,0,0,0,1,0,0,1,0,0,1,1,0,1,0,1,1,0,1,1,1,1,1,1,0,0,1,0,1,0,0,1,1,1,1,0,1,0,1,1,0,0,0,1,1,1,0,0,1,1,0,1,0,1,1,0,1,0,1,1,0,0,0.7586288670369663,2.7540775586392816,0.0003305802758420541,0.3917605939013813,189.6830203048692,4.0,0.014446553451632455,0.14783894911202247,72.8669243328577,14.530202602368732,12.032610628540356,0.3,1.0,5e-05,0.15,64,2,0.0005,0.0,32,5,8,0.8,3.0,0.002,0.4,256,4,0.015,0.15,128,15,16,15,50,15,5,100,2,0.2,True,0.25,-0.31912159832110865
72074f99,9,0,0,1,0,1,1,0,1,1,1,0,1,1,0,1,0,1,0,0,0,0,0,1,1,0,1,0,0,0,0,1,1,0,0,1,1,1,0,1,0,0,0,0,1,0,0,0,1,1,0,1,1,0,1,1,1,1,1,1,1,1,0,1,0,1,1,1,1,1,0,0,1,0.5983251737191715,1.8669880115242605,0.0018122472171420182,0.2037797607866746,217.81749757783663,3.2306674696537305,0.015,0.040938469811022074,73.68201745854581,10.973461594446697,15.36462650242255,0.3,1.0,5e-05,0.15,64,2,0.0005,0.0,32,5,8,0.8,3.0,0.002,0.4,256,4,0.015,0.15,128,15,16,15,50,15,5,100,2,0.2,True,0.25,-0.43278440661195866
72074f99,9,1,0,1,1,0,1,1,1,1,0,0,1,0,0,0,0,1,1,0,0,1,1,1,1,1,1,1,1,1,1,1,0,0,0,0,0,1,0,0,0,0,1,0,1,1,0,1,0,1,1,0,0,0,1,0,1,0,0,1,1,1,1,0,0,1,0,0,1,1,1,0,0,0.5932753403291521,1.7235633489872422,5e-05,0.4,118.56010517234633,3.087837105494375,0.014424486847487985,0.04254572076010799,32.0,5.0,16.0,0.3,1.0,5e-05,0.15,64,2,0.0005,0.0,32,5,8,0.8,3.0,0.002,0.4,256,4,0.015,0.15,128,15,16,15,50,15,5,100,2,0.2,True,0.25,-0.4283474009059159
72074f99,9,2,0,1,0,0,1,1,1,1,0,0,0,0,1,0,0,1,1,0,0,1,1,1,1,1,1,1,1,1,1,1,0,0,0,0,0,1,0,0,0,0,1,0,1,1,0,1,0,1,1,0,0,1,1,0,1,0,0,1,1,1,1,0,0,1,0,0,1,1,1,0,0,0.3,1.4654343460039685,0.0004355851102005063,0.35041566046066275,132.56803536446395,3.0582737243890303,0.010988541696672283,0.14563075161698483,59.14187503233209,6.464662002371818,14.290382219688743,0.3,1.0,5e-05,0.15,64,2,0.0005,0.0,32,5,8,0.8,3.0,0.002,0.4,256,4,0.015,0.15,128,15,16,15,50,15,5,100,2,0.2,True,0.25,-0.41127957358967293
72074f99,9,3,1,1,0,0,0,1,1,1,1,1,1,0,0,1,0,0,1,0,0,1,1,0,1,0,1,1,0,1,1,0,0,1,1,0,0,1,0,1,0,0,1,1,1,1,0,1,0,1,1,0,0,0,1,1,1,0,0,1,1,0,1,0,1,0,0,1,0,0,1,0,0,0.8,3.0,0.0002660228496532359,0.4,183.4328679128717,4.0,0.014552057649125736,0.136916930614703,72.61386582603603,14.485954472697308,12.52980065831846,0.3,1.0,5e-05,0.15,64,2,0.0005,0.0,32,5,8,0.8,3.0,0.002,0.4,256,4,0.015,0.15,128,15,16,15,50,15,5,100,2,0.2,True,0.25,-0.40240668628172854
72074f99,9,4,0,0,1,0,1,1,1,1,1,0,0,0,0,0,0,0,1,0,0,1,1,1,0,1,1,1,1,1,1,1,0,0,0,0,0,1,0,0,1,0,1,0,1,0,1,1,0,1,1,0,0,1,1,0,1,0,0,1,1,1,0,0,0,1,0,0,1,0,1,0,0,0.3,1.2223938627166757,0.00026349213722262426,0.4,156.0910805432248,2.9275629566107786,0.004449259866264975,0.0791477932633335,37.58487499033596,5.0,16.0,0.3,1.0,5e-05,0.15,64,2,0.0005,0.0,32,5,8,0.8,3.0,0.002,0.4,256,4,0.015,0.15,128,15,16,15,50,15,5,100,2,0.2,True,0.25,-0.39218446187145745
72074f99,9,5,1,0,1,1,0,0,0,1,0,0,0,0,1,0,0,1,1,1,1,0,0,1,0,1,0,0,1,0,1,0,0,0,1,1,0,0,0,0,1,0,0,0,0,0,0,1,1,1,0,1,1,1,0,0,1,0,0,1,1,1,1,1,0,1,1,1,0,1,0,0,1,0.6157195340959378,2.152009441776838,0.000990397425089247,0.25285295823372905,236.09512967431107,3.8033267202167114,0.008442264024517386,0.03171165683104344,63.30161029502237,6.609358420734722,11.193841872464054,0.3,1.0,5e-05,0.15,64,2,0.0005,0.0,32,5,8,0.8,3.0,0.002,0.4,256,4,0.015,0.15,128,15,16,15,50,15,5,100,2,0.2,True,0.25,-0.361507427537974
72074f99,9,6,1,0,1,0,0,1,0,0,0,1,0,1,1,1,1,0,1,1,0,0,0,1,1,1,0,1,1,0,1,0,0,1,1,1,1,1,1,0,1,0,0,0,0,0,1,1,0,1,1,1,0,1,0,1,0,0,0,1,0,1,1,1,1,1,1,1,1,1,0,1,1,0.7968986896571228,1.790890238434232,0.0013194736200580243,0.394845797059435,256.0,4.0,0.012810325268864043,0.0021192004280347954,48.72949790496811,6.136113920362336,8.743118419893445,0.3,1.0,5e-05,0.15,64,2,0.0005,0.0,32,5,8,0.8,3.0,0.002,0.4,256,4,0.015,0.15,128,15,16,15,50,15,5,100,2,0.2,True,0.25,-0.3561146842986473
72074f99,9,7,1,0,1,1,1,0,0,1,0,0,1,1,0,1,1,1,0,1,1,1,1,0,0,1,1,0,1,0,0,0,0,0,1,1,0,0,0,0,0,0,1,1,0,0,0,1,1,1,1,1,1,1,0,0,1,0,0,1,0,0,1,1,0,0,0,0,0,0,0,0,0,0.579269385336949,2.5871517512901225,5e-05,0.22816563506208515,116.94890902087025,2.804650166465277,0.007822360455225611,0.0016439379422010791,59.8081982743209,14.448103431699913,9.540627663363939,0.3,1.0,5e-05,0.15,64,2,0.0005,0.0,32,5,8,0.8,3.0,0.002,0.4,256,4,0.015,0.15,128,15,16,15,50,15,5,100,2,0.2,True,0.25,-0.3279440412412969
72074f99,9,8,1,0,0,1,0,1,0,0,0,0,0,0,0,0,0,0,1,1,1,0,0,1,0,0,1,1,0,1,1,0,1,1,0,0,0,0,1,1,1,0,1,1,1,0,0,0,0,1,1,1,0,1,1,0,1,0,0,1,0,0,0,0,0,1,1,0,1,1,0,1,0,0.3,2.879152497950047,0.0004939412577212802,0.1617177170802626,219.71463635939983,3.821796785628497,0.001489705456270831,0.010002114355608759,78.76276334353763,14.332291005823024,8.557242375540401,0.3,1.0,5e-05,0.15,64,2,0.0005,0.0,32,5,8,0.8,3.0,0.002,0.4,256,4,0.015,0.15,128,15,16,15,50,15,5,100,2,0.2,True,0.25,-0.32682424098626023
72074f99,9,9,1,1,0,0,0,1,1,1,0,1,0,0,0,1,0,0,1,0,0,1,1,0,1,0,1,1,0,1,1,1,1,1,1,0,0,1,0,1,0,0,1,1,1,1,0,1,0,1,1,0,0,0,1,1,1,0,0,1,1,0,1,0,1,1,0,1,0,1,1,0,0,0.7586288670369663,2.7540775586392816,0.0003305802758420541,0.3917605939013813,189.6830203048692,4.0,0.014446553451632455,0.14783894911202247,72.8669243328577,14.530202602368732,12.032610628540356,0.3,1.0,5e-05,0.15,64,2,0.0005,0.0,32,5,8,0.8,3.0,0.002,0.4,256,4,0.015,0.15,128,15,16,15,50,15,5,100,2,0.2,True,0.25,-0.31912159832110865
72074f99,9,10,1,1,0,0,0,1,1,1,0,1,1,0,0,1,0,0,1,0,0,1,1,0,1,0,1,1,0,1,1,0,1,1,1,0,0,1,0,1,0,0,1,1,0,1,0,1,1,1,1,0,0,0,1,1,1,0,0,1,1,0,1,0,1,0,0,1,0,1,1,0,0,0.7904135379789069,2.7328362574508924,0.0003011531889548031,0.39989770055169155,181.0066417763211,4.0,0.015,0.15,70.91059808349227,14.46342919329317,12.173189968578452,0.3,1.0,5e-05,0.15,64,2,0.0005,0.0,32,5,8,0.8,3.0,0.002,0.4,256,4,0.015,0.15,128,15,16,15,50,15,5,100,2,0.2,True,0.25,-0.3038879653789206
72074f99,9,11,0,1,1,1,0,1,1,1,0,0,1,1,1,1,0,0,0,1,1,1,1,0,0,0,0,1,0,1,1,0,1,0,1,1,1,1,1,0,1,1,1,0,1,0,0,1,0,0,0,0,1,1,1,1,0,1,1,0,0,1,1,0,1,0,1,1,1,1,1,0,0,0.6368851585074594,2.141350383639913,0.0012643119269887448,0.22653041316613973,153.69588928356572,2.87510805186613,0.005296602503638846,0.11157892380608357,49.98707680776586,10.796335627247544,9.698411596057646,0.3,1.0,5e-05,0.15,64,2,0.0005,0.0,32,5,8,0.8,3.0,0.002,0.4,256,4,0.015,0.15,128,15,16,15,50,15,5,100,2,0.2,True,0.25,-0.2776532635318813
72074f99,9,12,0,0,0,1,0,0,1,0,1,1,1,1,1,0,1,1,1,0,0,1,0,1,0,1,1,1,1,1,0,1,0,0,0,1,0,1,0,1,0,1,0,0,1,0,1,1,0,0,0,0,1,0,1,0,1,0,1,1,1,0,0,1,0,0,0,0,0,1,1,0,1,0.5942656776138304,1.1045037739082852,0.0014110876286155588,0.24793479632434476,80.0882439820708,3.7211943514300003,0.003184595884569515,0.12559034820672066,74.49620867984044,10.0686051576767,15.382979804108809,0.3,1.0,5e-05,0.15,64,2,0.0005,0.0,32,5,8,0.8,3.0,0.002,0.4,256,4,0.015,0.15,128,15,16,15,50,15,5,100,2,0.2,True,0.25,-0.4174187843736159
72074f99,9,13,1,1,0,1,0,1,1,1,1,0,1,0,0,1,0,1,1,1,0,1,1,1,0,0,1,1,0,1,1,1,0,1,1,0,0,1,0,1,0,0,1,1,0,0,0,1,0,1,1,0,0,0,1,1,1,1,0,1,1,0,1,0,1,0,0,1,0,0,1,0,0,0.7892928773305952,3.0,0.00025420839226612135,0.39766432458506135,200.63809781720875,4.0,0.014689091761167583,0.023908884045508866,61.356184863948386,14.863299594938745,13.825330516830686,0.3,1.0,5e-05,0.15,64,2,0.0005,0.0,32,5,8,0.8,3.0,0.002,0.4,256,4,0.015,0.15,128,15,16,15,50,15,5,100,2,0.2,True,0.25,-0.30996642718476414
72074f99,9,14,1,0,1,1,1,0,0,1,0,0,1,1,0,1,1,1,0,1,1,1,1,0,0,1,1,0,1,0,0,0,0,0,1,1,0,0,0,0,0,0,1,1,0,0,0,1,0,0,1,1,1,1,1,1,1,1,0,1,0,0,1,1,0,0,0,0,0,0,1,0,0,0.6092168547836943,2.6536470812986357,0.00018050191360452793,0.22917096553016303,125.41400659019087,2.8882073376209805,0.006357141016189619,0.019938605055133483,57.40908976916671,13.561953023370979,9.7744530748438,0.3,1.0,5e-05,0.15,64,2,0.0005,0.0,32,5,8,0.8,3.0,0.002,0.4,256,4,0.015,0.15,128,15,16,15,50,15,5,100,2,0.2,True,0.25,-0.21449098178257228
