{"strategy":{"ACO_10_10":{"trades":[{"pair":"DOGE/USDT","stake_amount":329.76363,"max_stake_amount":329.76363,"amount":1317.0,"open_date":"2025-10-07 18:00:00+00:00","close_date":"2025-10-07 20:00:00+00:00","open_rate":0.25039,"close_rate":0.2508912812812813,"fee_open":0.001,"fee_close":0.001,"trade_duration":120,"profit_ratio":0.0,"profit_abs":0.0,"exit_reason":"roi","initial_stop_loss_abs":0.23788,"initial_stop_loss_ratio":-0.05,"stop_loss_abs":0.23788,"stop_loss_ratio":-0.05,"min_rate":0.24791,"max_rate":0.25214,"is_open":false,"enter_tag":"","leverage":1.0,"is_short":false,"open_timestamp":1759860000000,"close_timestamp":1759867200000,"orders":[{"amount":1317.0,"safe_price":0.25039,"ft_order_side":"buy","order_filled_timestamp":1759860000000,"ft_is_entry":true,"ft_order_tag":"","cost":330.0933936299999},{"amount":1317.0,"safe_price":0.2508912812812813,"ft_order_side":"sell","order_filled_timestamp":1759867200000,"ft_is_entry":false,"ft_order_tag":"roi","cost":330.75424126489486}],"funding_fees":0.0,"weekday":1},{"pair":"DOGE/USDT","stake_amount":329.85573,"max_stake_amount":329.85573,"amount":1847.0,"open_date":"2025-10-17 08:00:00+00:00","close_date":"2025-10-17 10:00:00+00:00","open_rate":0.17859,"close_rate":0.1789475375375375,"fee_open":0.001,"fee_close":0.001,"trade_duration":120,"profit_ratio":0.0,"profit_abs":0.0,"exit_reason":"roi","initial_stop_loss_abs":0.16967,"initial_stop_loss_ratio":-0.05,"stop_loss_abs":0.16967,"stop_loss_ratio":-0.05,"min_rate":0.17555,"max_rate":0.18194,"is_open":false,"enter_tag":"","leverage":1.0,"is_short":false,"open_timestamp":1760688000000,"close_timestamp":1760695200000,"orders":[{"amount":1847.0,"safe_price":0.17859,"ft_order_side":"buy","order_filled_timestamp":1760688000000,"ft_is_entry":true,"ft_order_tag":"","cost":330.18558572999996},{"amount":1847.0,"safe_price":0.1789475375375375,"ft_order_side":"sell","order_filled_timestamp":1760695200000,"ft_is_entry":false,"ft_order_tag":"roi","cost":330.84661793366354}],"funding_fees":0.0,"weekday":4},{"pair":"DOGE/USDT","stake_amount":329.84658,"max_stake_amount":329.84658,"amount":1711.0,"open_date":"2025-10-28 22:00:00+00:00","close_date":"2025-10-29 00:00:00+00:00","open_rate":0.19278,"close_rate":0.19362,"fee_open":0.001,"fee_close":0.001,"trade_duration":120,"profit_ratio":0.0023505905858847032,"profit_abs":0.7761096,"exit_reason":"roi","initial_stop_loss_abs":0.18315,"initial_stop_loss_ratio":-0.05,"stop_loss_abs":0.18315,"stop_loss_ratio":-0.05,"min_rate":0.19202,"max_rate":0.1942,"is_open":false,"enter_tag":"","leverage":1.0,"is_short":false,"open_timestamp":1761688800000,"close_timestamp":1761696000000,"orders":[{"amount":1711.0,"safe_price":0.19278,"ft_order_side":"buy","order_filled_timestamp":1761688800000,"ft_is_entry":true,"ft_order_tag":"","cost":330.17642658},{"amount":1711.0,"safe_price":0.19362,"ft_order_side":"sell","order_filled_timestamp":1761696000000,"ft_is_entry":false,"ft_order_tag":"roi","cost":331.61510381999994}],"funding_fees":0.0,"weekday":2},{"pair":"DOGE/USDT","stake_amount":330.24572,"max_stake_amount":330.24572,"amount":1757.0,"open_date":"2025-10-30 12:00:00+00:00","close_date":"2025-10-30 17:00:00+00:00","open_rate":0.18796,"close_rate":0.17857,"fee_open":0.001,"fee_close":0.001,"trade_duration":300,"profit_ratio":-0.051855624690270365,"profit_abs":-17.14222321,"exit_reason":"stop_loss","initial_stop_loss_abs":0.17857,"initial_stop_loss_ratio":-0.05,"stop_loss_abs":0.17857,"stop_loss_ratio":-0.05,"min_rate":0.17822,"max_rate":0.18833,"is_open":false,"enter_tag":"","leverage":1.0,"is_short":false,"open_timestamp":1761825600000,"close_timestamp":1761843600000,"orders":[{"amount":1757.0,"safe_price":0.18796,"ft_order_side":"buy","order_filled_timestamp":1761825600000,"ft_is_entry":true,"ft_order_tag":"","cost":330.57596571999994},{"amount":1757.0,"safe_price":0.17857,"ft_order_side":"sell","order_filled_timestamp":1761843600000,"ft_is_entry":false,"ft_order_tag":"stop_loss","cost":314.06123749}],"funding_fees":0.0,"weekday":3},{"pair":"DOGE/USDT","stake_amount":324.50184,"max_stake_amount":324.50184,"amount":1874.0,"open_date":"2025-11-03 07:00:00+00:00","close_date":"2025-11-03 09:00:00+00:00","open_rate":0.17316,"close_rate":0.1738,"fee_open":0.001,"fee_close":0.001,"trade_duration":120,"profit_ratio":0.00169061707523246,"profit_abs":0.54915696,"exit_reason":"roi","initial_stop_loss_abs":0.16451,"initial_stop_loss_ratio":-0.05,"stop_loss_abs":0.16451,"stop_loss_ratio":-0.05,"min_rate":0.17236,"max_rate":0.17534,"is_open":false,"enter_tag":"","leverage":1.0,"is_short":false,"open_timestamp":1762153200000,"close_timestamp":1762160400000,"orders":[{"amount":1874.0,"safe_price":0.17316,"ft_order_side":"buy","order_filled_timestamp":1762153200000,"ft_is_entry":true,"ft_order_tag":"","cost":324.82634184},{"amount":1874.0,"safe_price":0.1738,"ft_order_side":"sell","order_filled_timestamp":1762160400000,"ft_is_entry":false,"ft_order_tag":"roi","cost":326.0269012}],"funding_fees":0.0,"weekday":0},{"pair":"DOGE/USDT","stake_amount":324.69759,"max_stake_amount":324.69759,"amount":2373.0,"open_date":"2025-12-01 05:00:00+00:00","close_date":"2025-12-01 07:00:00+00:00","open_rate":0.13683,"close_rate":0.1371039339339339,"fee_open":0.001,"fee_close":0.001,"trade_duration":120,"profit_ratio":0.0,"profit_abs":0.0,"exit_reason":"roi","initial_stop_loss_abs":0.12999,"initial_stop_loss_ratio":-0.05,"stop_loss_abs":0.12999,"stop_loss_ratio":-0.05,"min_rate":0.13655,"max_rate":0.13778,"is_open":false,"enter_tag":"","leverage":1.0,"is_short":false,"open_timestamp":1764565200000,"close_timestamp":1764572400000,"orders":[{"amount":2373.0,"safe_price":0.13683,"ft_order_side":"buy","order_filled_timestamp":1764565200000,"ft_is_entry":true,"ft_order_tag":"","cost":325.02228758999996},{"amount":2373.0,"safe_price":0.1371039339339339,"ft_order_side":"sell","order_filled_timestamp":1764572400000,"ft_is_entry":false,"ft_order_tag":"roi","cost":325.67298286045036}],"funding_fees":0.0,"weekday":0},{"pair":"DOGE/USDT","stake_amount":324.65367,"max_stake_amount":324.65367,"amount":2241.0,"open_date":"2025-12-05 11:00:00+00:00","close_date":"2025-12-05 16:00:00+00:00","open_rate":0.14487,"close_rate":0.13763,"fee_open":0.001,"fee_close":0.001,"trade_duration":300,"profit_ratio":-0.05187399057765593,"profit_abs":-16.8579225,"exit_reason":"stop_loss","initial_stop_loss_abs":0.13763,"initial_stop_loss_ratio":-0.05,"stop_loss_abs":0.13763,"stop_loss_ratio":-0.05,"min_rate":0.13756,"max_rate":0.145,"is_open":false,"enter_tag":"","leverage":1.0,"is_short":false,"open_timestamp":1764932400000,"close_timestamp":1764950400000,"orders":[{"amount":2241.0,"safe_price":0.14487,"ft_order_side":"buy","order_filled_timestamp":1764932400000,"ft_is_entry":true,"ft_order_tag":"","cost":324.97832366999995},{"amount":2241.0,"safe_price":0.13763,"ft_order_side":"sell","order_filled_timestamp":1764950400000,"ft_is_entry":false,"ft_order_tag":"stop_loss","cost":308.73725883}],"funding_fees":0.0,"weekday":4},{"pair":"DOGE/USDT","stake_amount":319.18992,"max_stake_amount":319.18992,"amount":2317.0,"open_date":"2025-12-05 19:00:00+00:00","close_date":"2025-12-05 21:00:00+00:00","open_rate":0.13776,"close_rate":0.13828,"fee_open":0.001,"fee_close":0.001,"trade_duration":120,"profit_ratio":0.0017691367865583893,"profit_abs":0.56525532,"exit_reason":"roi","initial_stop_loss_abs":0.13088,"initial_stop_loss_ratio":-0.05,"stop_loss_abs":0.13088,"stop_loss_ratio":-0.05,"min_rate":0.13722,"max_rate":0.13942,"is_open":false,"enter_tag":"","leverage":1.0,"is_short":false,"open_timestamp":1764961200000,"close_timestamp":1764968400000,"orders":[{"amount":2317.0,"safe_price":0.13776,"ft_order_side":"buy","order_filled_timestamp":1764961200000,"ft_is_entry":true,"ft_order_tag":"","cost":319.50910991999996},{"amount":2317.0,"safe_price":0.13828,"ft_order_side":"sell","order_filled_timestamp":1764968400000,"ft_is_entry":false,"ft_order_tag":"roi","cost":320.7151547599999}],"funding_fees":0.0,"weekday":4},{"pair":"DOGE/USDT","stake_amount":319.3308,"max_stake_amount":319.3308,"amount":2487.0,"open_date":"2025-12-15 19:00:00+00:00","close_date":"2025-12-15 21:00:00+00:00","open_rate":0.1284,"close_rate":0.12865705705705702,"fee_open":0.001,"fee_close":0.001,"trade_duration":120,"profit_ratio":0.0,"profit_abs":0.0,"exit_reason":"roi","initial_stop_loss_abs":0.12198,"initial_stop_loss_ratio":-0.05,"stop_loss_abs":0.12198,"stop_loss_ratio":-0.05,"min_rate":0.12752,"max_rate":0.12942,"is_open":false,"enter_tag":"","leverage":1.0,"is_short":false,"open_timestamp":1765825200000,"close_timestamp":1765832400000,"orders":[{"amount":2487.0,"safe_price":0.1284,"ft_order_side":"buy","order_filled_timestamp":1765825200000,"ft_is_entry":true,"ft_order_tag":"","cost":319.65013079999994},{"amount":2487.0,"safe_price":0.12865705705705702,"ft_order_side":"sell","order_filled_timestamp":1765832400000,"ft_is_entry":false,"ft_order_tag":"roi","cost":320.29007100180166}],"funding_fees":0.0,"weekday":0}],"locks":[],"best_pair":{"key":"DOGE/USDT","trades":9,"profit_mean":-0.01087991898002786,"profit_mean_pct":-1.09,"profit_total_abs":-32.109623830000004,"profit_total":-0.03210962383,"profit_total_pct":-3.21,"duration_avg":"2:40:00","wins":3,"draws":4,"losses":2,"winrate":0.3333333333333333,"cagr":-0.1155658745867183,"expectancy":-3.567735981111111,"expectancy_ratio":-0.6543103674638144,"sortino":-44.48995506454308,"sharpe":-0.880116363812376,"calmar":-18.92072989176861,"sqn":-1.4043,"profit_factor":0.05560334641283513,"max_drawdown_account":0.033425047249948936,"max_drawdown_abs":33.45098875},"worst_pair":{"key":"DOGE/USDT","trades":9,"profit_mean":-0.01087991898002786,"profit_mean_pct":-1.09,"profit_total_abs":-32.109623830000004,"profit_total":-0.03210962383,"profit_total_pct":-3.21,"duration_avg":"2:40:00","wins":3,"draws":4,"losses":2,"winrate":0.3333333333333333,"cagr":-0.1155658745867183,"expectancy":-3.567735981111111,"expectancy_ratio":-0.6543103674638144,"sortino":-44.48995506454308,"sharpe":-0.880116363812376,"calmar":-18.92072989176861,"sqn":-1.4043,"profit_factor":0.05560334641283513,"max_drawdown_account":0.033425047249948936,"max_drawdown_abs":33.45098875},"results_per_pair":[{"key":"DOGE/USDT","trades":9,"profit_mean":-0.01087991898002786,"profit_mean_pct":-1.09,"profit_total_abs":-32.109623830000004,"profit_total":-0.03210962383,"profit_total_pct":-3.21,"duration_avg":"2:40:00","wins":3,"draws":4,"losses":2,"winrate":0.3333333333333333,"cagr":-0.1155658745867183,"expectancy":-3.567735981111111,"expectancy_ratio":-0.6543103674638144,"sortino":-44.48995506454308,"sharpe":-0.880116363812376,"calmar":-18.92072989176861,"sqn":-1.4043,"profit_factor":0.05560334641283513,"max_drawdown_account":0.033425047249948936,"max_drawdown_abs":33.45098875},{"key":"TOTAL","trades":9,"profit_mean":-0.01087991898002786,"profit_mean_pct":-1.09,"profit_total_abs":-32.109623830000004,"profit_total":-0.03210962383,"profit_total_pct":-3.21,"duration_avg":"2:40:00","wins":3,"draws":4,"losses":2,"winrate":0.3333333333333333,"cagr":-0.1155658745867183,"expectancy":-3.567735981111111,"expectancy_ratio":-0.6543103674638144,"sortino":-44.48995506454308,"sharpe":-0.880116363812376,"calmar":-18.92072989176861,"sqn":-1.4043,"profit_factor":0.05560334641283513,"max_drawdown_account":0.033425047249948936,"max_drawdown_abs":33.45098875}],"results_per_enter_tag":[{"key":"","trades":9,"profit_mean":-0.01087991898002786,"profit_mean_pct":-1.09,"profit_total_abs":-32.109623830000004,"profit_total":-0.03210962383,"profit_total_pct":-3.21,"duration_avg":"2:40:00","wins":3,"draws":4,"losses":2,"winrate":0.3333333333333333,"cagr":-0.1155658745867183,"expectancy":-3.567735981111111,"expectancy_ratio":-0.6543103674638144,"sortino":-44.48995506454308,"sharpe":-0.880116363812376,"calmar":-18.92072989176861,"sqn":-1.4043,"profit_factor":0.05560334641283513,"max_drawdown_account":0.033425047249948936,"max_drawdown_abs":33.45098875},{"key":"TOTAL","trades":9,"profit_mean":-0.01087991898002786,"profit_mean_pct":-1.09,"profit_total_abs":-32.109623830000004,"profit_total":-0.03210962383,"profit_total_pct":-3.21,"duration_avg":"2:40:00","wins":3,"draws":4,"losses":2,"winrate":0.3333333333333333,"cagr":-0.1155658745867183,"expectancy":-3.567735981111111,"expectancy_ratio":-0.6543103674638144,"sortino":-44.48995506454308,"sharpe":-0.880116363812376,"calmar":-18.92072989176861,"sqn":-1.4043,"profit_factor":0.05560334641283513,"max_drawdown_account":0.033425047249948936,"max_drawdown_abs":33.45098875}],"exit_reason_summary":[{"key":"roi","trades":7,"profit_mean":0.0008300492068107933,"profit_mean_pct":0.08,"profit_total_abs":1.89052188,"profit_total":0.00189052188,"profit_total_pct":0.19,"duration_avg":"2:00:00","wins":3,"draws":4,"losses":0,"winrate":0.42857142857142855,"cagr":0.007132418890352321,"expectancy":0.2700745542857143,"expectancy_ratio":100.0,"sortino":-100,"sharpe":1.1668256924218272,"calmar":-100,"sqn":2.073,"profit_factor":0.0,"max_drawdown_account":0.0,"max_drawdown_abs":0.0},{"key":"stop_loss","trades":2,"profit_mean":-0.051864807633963145,"profit_mean_pct":-5.19,"profit_total_abs":-34.00014571,"profit_total":-0.03400014571,"profit_total_pct":-3.4,"duration_avg":"5:00:00","wins":0,"draws":0,"losses":2,"winrate":0.0,"cagr":-0.12204878574020006,"expectancy":-17.000072855,"expectancy_ratio":-1.0,"sortino":-47.10939507838566,"sharpe":-47.10939507838566,"calmar":-19.695848633549293,"sqn":-119.5922,"profit_factor":0.0,"max_drawdown_account":0.03400014570999997,"max_drawdown_abs":34.00014571},{"key":"TOTAL","trades":9,"profit_mean":-0.01087991898002786,"profit_mean_pct":-1.09,"profit_total_abs":-32.109623830000004,"profit_total":-0.03210962383,"profit_total_pct":-3.21,"duration_avg":"2:40:00","wins":3,"draws":4,"losses":2,"winrate":0.3333333333333333,"cagr":-0.1155658745867183,"expectancy":-3.567735981111111,"expectancy_ratio":-0.6543103674638144,"sortino":-44.48995506454308,"sharpe":-0.880116363812376,"calmar":-18.92072989176861,"sqn":-1.4043,"profit_factor":0.05560334641283513,"max_drawdown_account":0.033425047249948936,"max_drawdown_abs":33.45098875}],"mix_tag_stats":[{"key":["","roi"],"trades":7,"profit_mean":0.0008300492068107933,"profit_mean_pct":0.08,"profit_total_abs":1.89052188,"profit_total":0.00189052188,"profit_total_pct":0.19,"duration_avg":"2:00:00","wins":3,"draws":4,"losses":0,"winrate":0.42857142857142855,"cagr":0.007132418890352321,"expectancy":0.2700745542857143,"expectancy_ratio":100.0,"sortino":-100,"sharpe":1.1668256924218272,"calmar":-100,"sqn":2.073,"profit_factor":0.0,"max_drawdown_account":0.0,"max_drawdown_abs":0.0},{"key":["","stop_loss"],"trades":2,"profit_mean":-0.051864807633963145,"profit_mean_pct":-5.19,"profit_total_abs":-34.00014571,"profit_total":-0.03400014571,"profit_total_pct":-3.4,"duration_avg":"5:00:00","wins":0,"draws":0,"losses":2,"winrate":0.0,"cagr":-0.12204878574020006,"expectancy":-17.000072855,"expectancy_ratio":-1.0,"sortino":-47.10939507838566,"sharpe":-47.10939507838566,"calmar":-19.695848633549293,"sqn":-119.5922,"profit_factor":0.0,"max_drawdown_account":0.03400014570999997,"max_drawdown_abs":34.00014571},{"key":"TOTAL","trades":9,"profit_mean":-0.01087991898002786,"profit_mean_pct":-1.09,"profit_total_abs":-32.109623830000004,"profit_total":-0.03210962383,"profit_total_pct":-3.21,"duration_avg":"2:40:00","wins":3,"draws":4,"losses":2,"winrate":0.3333333333333333,"cagr":-0.1155658745867183,"expectancy":-3.567735981111111,"expectancy_ratio":-0.6543103674638144,"sortino":-44.48995506454308,"sharpe":-0.880116363812376,"calmar":-18.92072989176861,"sqn":-1.4043,"profit_factor":0.05560334641283513,"max_drawdown_account":0.033425047249948936,"max_drawdown_abs":33.45098875}],"left_open_trades":[{"key":"TOTAL","trades":0,"profit_mean":0.0,"profit_mean_pct":0.0,"profit_total_abs":0.0,"profit_total":0.0,"profit_total_pct":0.0,"duration_avg":"0:00","wins":0,"draws":0,"losses":0,"winrate":0.0,"cagr":0.0,"expectancy":0.0,"expectancy_ratio":100.0,"sortino":0,"sharpe":0,"calmar":0,"sqn":0.0,"profit_factor":0.0,"max_drawdown_account":0.0,"max_drawdown_abs":0.0}],"total_trades":9,"trade_count_long":9,"trade_count_short":0,"total_volume":5843.73713464081,"avg_stake_amount":325.7872755555556,"profit_mean":-0.01087991898002786,"profit_median":0.0,"profit_total":-0.03210962383,"profit_total_long":-0.03210962383,"profit_total_short":0.0,"profit_total_abs":-32.109623830000004,"profit_total_long_abs":-32.109623830000004,"profit_total_short_abs":0.0,"cagr":-0.1155658745867183,"expectancy":-3.567735981111111,"expectancy_ratio":-0.6543103674638144,"sortino":-44.48995506454308,"sharpe":-0.880116363812376,"calmar":-18.92072989176861,"sqn":-1.4043,"profit_factor":0.05560334641283513,"backtest_start":"2025-10-01 00:00:00","backtest_start_ts":1759276800000,"backtest_end":"2026-01-06 20:00:00","backtest_end_ts":1767729600000,"backtest_days":97,"backtest_run_start_ts":1767739933,"backtest_run_end_ts":1767739933,"trades_per_day":0.09,"market_change":-0.36632086436227446,"pairlist":["DOGE/USDT"],"stake_amount":"unlimited","stake_currency":"USDT","stake_currency_decimals":3,"starting_balance":1000,"dry_run_wallet":1000,"final_balance":967.89037617,"rejected_signals":0,"timedout_entry_orders":0,"timedout_exit_orders":0,"canceled_trade_entries":0,"canceled_entry_orders":0,"replaced_entry_orders":0,"max_open_trades":1,"max_open_trades_setting":3,"timeframe":"1h","timeframe_detail":"","timerange":"20251001-","enable_protections":false,"strategy_name":"ACO_10_10","freqaimodel":null,"freqai_identifier":null,"stoploss":-0.05,"trailing_stop":false,"trailing_stop_positive":null,"trailing_stop_positive_offset":0.0,"trailing_only_offset_is_reached":false,"use_custom_stoploss":false,"minimal_roi":{"0":0.1,"60":0.05,"120":0.0},"use_exit_signal":true,"exit_profit_only":false,"exit_profit_offset":0.0,"ignore_roi_if_entry_signal":false,"trading_mode":"spot","margin_mode":"","periodic_breakdown":{"day":[{"date":"07/10/2025","date_ts":1759795200000,"profit_abs":0.0,"wins":0,"draws":1,"losses":0,"trades":1,"profit_factor":0.0},{"date":"08/10/2025","date_ts":1759881600000,"profit_abs":0.0,"wins":0,"draws":0,"losses":0,"trades":0,"profit_factor":0.0},{"date":"09/10/2025","date_ts":1759968000000,"profit_abs":0.0,"wins":0,"draws":0,"losses":0,"trades":0,"profit_factor":0.0},{"date":"10/10/2025","date_ts":1760054400000,"profit_abs":0.0,"wins":0,"draws":0,"losses":0,"trades":0,"profit_factor":0.0},{"date":"11/10/2025","date_ts":1760140800000,"profit_abs":0.0,"wins":0,"draws":0,"losses":0,"trades":0,"profit_factor":0.0},{"date":"12/10/2025","date_ts":1760227200000,"profit_abs":0.0,"wins":0,"draws":0,"losses":0,"trades":0,"profit_factor":0.0},{"date":"13/10/2025","date_ts":1760313600000,"profit_abs":0.0,"wins":0,"draws":0,"losses":0,"trades":0,"profit_factor":0.0},{"date":"14/10/2025","date_ts":1760400000000,"profit_abs":0.0,"wins":0,"draws":0,"losses":0,"trades":0,"profit_factor":0.0},{"date":"15/10/2025","date_ts":1760486400000,"profit_abs":0.0,"wins":0,"draws":0,"losses":0,"trades":0,"profit_factor":0.0},{"date":"16/10/2025","date_ts":1760572800000,"profit_abs":0.0,"wins":0,"draws":0,"losses":0,"trades":0,"profit_factor":0.0},{"date":"17/10/2025","date_ts":1760659200000,"profit_abs":0.0,"wins":0,"draws":1,"losses":0,"trades":1,"profit_factor":0.0},{"date":"18/10/2025","date_ts":1760745600000,"profit_abs":0.0,"wins":0,"draws":0,"losses":0,"trades":0,"profit_factor":0.0},{"date":"19/10/2025","date_ts":1760832000000,"profit_abs":0.0,"wins":0,"draws":0,"losses":0,"trades":0,"profit_factor":0.0},{"date":"20/10/2025","date_ts":1760918400000,"profit_abs":0.0,"wins":0,"draws":0,"losses":0,"trades":0,"profit_factor":0.0},{"date":"21/10/2025","date_ts":1761004800000,"profit_abs":0.0,"wins":0,"draws":0,"losses":0,"trades":0,"profit_factor":0.0},{"date":"22/10/2025","date_ts":1761091200000,"profit_abs":0.0,"wins":0,"draws":0,"losses":0,"trades":0,"profit_factor":0.0},{"date":"23/10/2025","date_ts":1761177600000,"profit_abs":0.0,"wins":0,"draws":0,"losses":0,"trades":0,"profit_factor":0.0},{"date":"24/10/2025","date_ts":1761264000000,"profit_abs":0.0,"wins":0,"draws":0,"losses":0,"trades":0,"profit_factor":0.0},{"date":"25/10/2025","date_ts":1761350400000,"profit_abs":0.0,"wins":0,"draws":0,"losses":0,"trades":0,"profit_factor":0.0},{"date":"26/10/2025","date_ts":1761436800000,"profit_abs":0.0,"wins":0,"draws":0,"losses":0,"trades":0,"profit_factor":0.0},{"date":"27/10/2025","date_ts":1761523200000,"profit_abs":0.0,"wins":0,"draws":0,"losses":0,"trades":0,"profit_factor":0.0},{"date":"28/10/2025","date_ts":1761609600000,"profit_abs":0.0,"wins":0,"draws":0,"losses":0,"trades":0,"profit_factor":0.0},{"date":"29/10/2025","date_ts":1761696000000,"profit_abs":0.7761096,"wins":1,"draws":0,"losses":0,"trades":1,"profit_factor":0.0},{"date":"30/10/2025","date_ts":1761782400000,"profit_abs":-17.14222321,"wins":0,"draws":0,"losses":1,"trades":1,"profit_factor":0.0},{"date":"31/10/2025","date_ts":1761868800000,"profit_abs":0.0,"wins":0,"draws":0,"losses":0,"trades":0,"profit_factor":0.0},{"date":"01/11/2025","date_ts":1761955200000,"profit_abs":0.0,"wins":0,"draws":0,"losses":0,"trades":0,"profit_factor":0.0},{"date":"02/11/2025","date_ts":1762041600000,"profit_abs":0.0,"wins":0,"draws":0,"losses":0,"trades":0,"profit_factor":0.0},{"date":"03/11/2025","date_ts":1762128000000,"profit_abs":0.54915696,"wins":1,"draws":0,"losses":0,"trades":1,"profit_factor":0.0},{"date":"04/11/2025","date_ts":1762214400000,"profit_abs":0.0,"wins":0,"draws":0,"losses":0,"trades":0,"profit_factor":0.0},{"date":"05/11/2025","date_ts":1762300800000,"profit_abs":0.0,"wins":0,"draws":0,"losses":0,"trades":0,"profit_factor":0.0},{"date":"06/11/2025","date_ts":1762387200000,"profit_abs":0.0,"wins":0,"draws":0,"losses":0,"trades":0,"profit_factor":0.0},{"date":"07/11/2025","date_ts":1762473600000,"profit_abs":0.0,"wins":0,"draws":0,"losses":0,"trades":0,"profit_factor":0.0},{"date":"08/11/2025","date_ts":1762560000000,"profit_abs":0.0,"wins":0,"draws":0,"losses":0,"trades":0,"profit_factor":0.0},{"date":"09/11/2025","date_ts":1762646400000,"profit_abs":0.0,"wins":0,"draws":0,"losses":0,"trades":0,"profit_factor":0.0},{"date":"10/11/2025","date_ts":1762732800000,"profit_abs":0.0,"wins":0,"draws":0,"losses":0,"trades":0,"profit_factor":0.0},{"date":"11/11/2025","date_ts":1762819200000,"profit_abs":0.0,"wins":0,"draws":0,"losses":0,"trades":0,"profit_factor":0.0},{"date":"12/11/2025","date_ts":1762905600000,"profit_abs":0.0,"wins":0,"draws":0,"losses":0,"trades":0,"profit_factor":0.0},{"date":"13/11/2025","date_ts":1762992000000,"profit_abs":0.0,"wins":0,"draws":0,"losses":0,"trades":0,"profit_factor":0.0},{"date":"14/11/2025","date_ts":1763078400000,"profit_abs":0.0,"wins":0,"draws":0,"losses":0,"trades":0,"profit_factor":0.0},{"date":"15/11/2025","date_ts":1763164800000,"profit_abs":0.0,"wins":0,"draws":0,"losses":0,"trades":0,"profit_factor":0.0},{"date":"16/11/2025","date_ts":1763251200000,"profit_abs":0.0,"wins":0,"draws":0,"losses":0,"trades":0,"profit_factor":0.0},{"date":"17/11/2025","date_ts":1763337600000,"profit_abs":0.0,"wins":0,"draws":0,"losses":0,"trades":0,"profit_factor":0.0},{"date":"18/11/2025","date_ts":1763424000000,"profit_abs":0.0,"wins":0,"draws":0,"losses":0,"trades":0,"profit_factor":0.0},{"date":"19/11/2025","date_ts":1763510400000,"profit_abs":0.0,"wins":0,"draws":0,"losses":0,"trades":0,"profit_factor":0.0},{"date":"20/11/2025","date_ts":1763596800000,"profit_abs":0.0,"wins":0,"draws":0,"losses":0,"trades":0,"profit_factor":0.0},{"date":"21/11/2025","date_ts":1763683200000,"profit_abs":0.0,"wins":0,"draws":0,"losses":0,"trades":0,"profit_factor":0.0},{"date":"22/11/2025","date_ts":1763769600000,"profit_abs":0.0,"wins":0,"draws":0,"losses":0,"trades":0,"profit_factor":0.0},{"date":"23/11/2025","date_ts":1763856000000,"profit_abs":0.0,"wins":0,"draws":0,"losses":0,"trades":0,"profit_factor":0.0},{"date":"24/11/2025","date_ts":1763942400000,"profit_abs":0.0,"wins":0,"draws":0,"losses":0,"trades":0,"profit_factor":0.0},{"date":"25/11/2025","date_ts":1764028800000,"profit_abs":0.0,"wins":0,"draws":0,"losses":0,"trades":0,"profit_factor":0.0},{"date":"26/11/2025","date_ts":1764115200000,"profit_abs":0.0,"wins":0,"draws":0,"losses":0,"trades":0,"profit_factor":0.0},{"date":"27/11/2025","date_ts":1764201600000,"profit_abs":0.0,"wins":0,"draws":0,"losses":0,"trades":0,"profit_factor":0.0},{"date":"28/11/2025","date_ts":1764288000000,"profit_abs":0.0,"wins":0,"draws":0,"losses":0,"trades":0,"profit_factor":0.0},{"date":"29/11/2025","date_ts":1764374400000,"profit_abs":0.0,"wins":0,"draws":0,"losses":0,"trades":0,"profit_factor":0.0},{"date":"30/11/2025","date_ts":1764460800000,"profit_abs":0.0,"wins":0,"draws":0,"losses":0,"trades":0,"profit_factor":0.0},{"date":"01/12/2025","date_ts":1764547200000,"profit_abs":0.0,"wins":0,"draws":1,"losses":0,"trades":1,"profit_factor":0.0},{"date":"02/12/2025","date_ts":1764633600000,"profit_abs":0.0,"wins":0,"draws":0,"losses":0,"trades":0,"profit_factor":0.0},{"date":"03/12/2025","date_ts":1764720000000,"profit_abs":0.0,"wins":0,"draws":0,"losses":0,"trades":0,"profit_factor":0.0},{"date":"04/12/2025","date_ts":1764806400000,"profit_abs":0.0,"wins":0,"draws":0,"losses":0,"trades":0,"profit_factor":0.0},{"date":"05/12/2025","date_ts":1764892800000,"profit_abs":-16.29266718,"wins":1,"draws":0,"losses":1,"trades":2,"profit_factor":0.03353054},{"date":"06/12/2025","date_ts":1764979200000,"profit_abs":0.0,"wins":0,"draws":0,"losses":0,"trades":0,"profit_factor":0.0},{"date":"07/12/2025","date_ts":1765065600000,"profit_abs":0.0,"wins":0,"draws":0,"losses":0,"trades":0,"profit_factor":0.0},{"date":"08/12/2025","date_ts":1765152000000,"profit_abs":0.0,"wins":0,"draws":0,"losses":0,"trades":0,"profit_factor":0.0},{"date":"09/12/2025","date_ts":1765238400000,"profit_abs":0.0,"wins":0,"draws":0,"losses":0,"trades":0,"profit_factor":0.0},{"date":"10/12/2025","date_ts":1765324800000,"profit_abs":0.0,"wins":0,"draws":0,"losses":0,"trades":0,"profit_factor":0.0},{"date":"11/12/2025","date_ts":1765411200000,"profit_abs":0.0,"wins":0,"draws":0,"losses":0,"trades":0,"profit_factor":0.0},{"date":"12/12/2025","date_ts":1765497600000,"profit_abs":0.0,"wins":0,"draws":0,"losses":0,"trades":0,"profit_factor":0.0},{"date":"13/12/2025","date_ts":1765584000000,"profit_abs":0.0,"wins":0,"draws":0,"losses":0,"trades":0,"profit_factor":0.0},{"date":"14/12/2025","date_ts":1765670400000,"profit_abs":0.0,"wins":0,"draws":0,"losses":0,"trades":0,"profit_factor":0.0},{"date":"15/12/2025","date_ts":1765756800000,"profit_abs":0.0,"wins":0,"draws":1,"losses":0,"trades":1,"profit_factor":0.0}],"week":[{"date":"13/10/2025","date_ts":1760313600000,"profit_abs":0.0,"wins":0,"draws":1,"losses":0,"trades":1,"profit_factor":0.0},{"date":"20/10/2025","date_ts":1760918400000,"profit_abs":0.0,"wins":0,"draws":1,"losses":0,"trades":1,"profit_factor":0.0},{"date":"27/10/2025","date_ts":1761523200000,"profit_abs":0.0,"wins":0,"draws":0,"losses":0,"trades":0,"profit_factor":0.0},{"date":"03/11/2025","date_ts":1762128000000,"profit_abs":-15.81695665,"wins":2,"draws":0,"losses":1,"trades":3,"profit_factor":0.07731007},{"date":"10/11/2025","date_ts":1762732800000,"profit_abs":0.0,"wins":0,"draws":0,"losses":0,"trades":0,"profit_factor":0.0},{"date":"17/11/2025","date_ts":1763337600000,"profit_abs":0.0,"wins":0,"draws":0,"losses":0,"trades":0,"profit_factor":0.0},{"date":"24/11/2025","date_ts":1763942400000,"profit_abs":0.0,"wins":0,"draws":0,"losses":0,"trades":0,"profit_factor":0.0},{"date":"01/12/2025","date_ts":1764547200000,"profit_abs":0.0,"wins":0,"draws":1,"losses":0,"trades":1,"profit_factor":0.0},{"date":"08/12/2025","date_ts":1765152000000,"profit_abs":-16.29266718,"wins":1,"draws":0,"losses":1,"trades":2,"profit_factor":0.03353054},{"date":"15/12/2025","date_ts":1765756800000,"profit_abs":0.0,"wins":0,"draws":1,"losses":0,"trades":1,"profit_factor":0.0}],"month":[{"date":"31/10/2025","date_ts":1761868800000,"profit_abs":-16.36611361,"wins":1,"draws":2,"losses":1,"trades":4,"profit_factor":0.04527473},{"date":"30/11/2025","date_ts":1764460800000,"profit_abs":0.54915696,"wins":1,"draws":0,"losses":0,"trades":1,"profit_factor":0.0},{"date":"31/12/2025","date_ts":1767139200000,"profit_abs":-16.29266718,"wins":1,"draws":2,"losses":1,"trades":4,"profit_factor":0.03353054}],"year":[{"date":"31/12/2025","date_ts":1767139200000,"profit_abs":-32.10962383,"wins":3,"draws":4,"losses":2,"trades":9,"profit_factor":0.05560335}],"weekday":[{"date":"Monday","date_ts":0,"profit_abs":0.54915696,"wins":1,"draws":2,"losses":0,"trades":3,"profit_factor":0.0},{"date":"Tuesday","date_ts":1,"profit_abs":0.0,"wins":0,"draws":1,"losses":0,"trades":1,"profit_factor":0.0},{"date":"Wednesday","date_ts":2,"profit_abs":0.7761096,"wins":1,"draws":0,"losses":0,"trades":1,"profit_factor":0.0},{"date":"Thursday","date_ts":3,"profit_abs":-17.14222321,"wins":0,"draws":0,"losses":1,"trades":1,"profit_factor":0.0},{"date":"Friday","date_ts":4,"profit_abs":-16.29266718,"wins":1,"draws":1,"losses":1,"trades":3,"profit_factor":0.03353054}]},"backtest_best_day":0.0023505905858847032,"backtest_worst_day":-0.051855624690270365,"backtest_best_day_abs":0.7761096,"backtest_worst_day_abs":-17.14222321,"winning_days":2,"draw_days":66,"losing_days":2,"daily_profit":[["2025-10-07",0.0],["2025-10-08",0.0],["2025-10-09",0.0],["2025-10-10",0.0],["2025-10-11",0.0],["2025-10-12",0.0],["2025-10-13",0.0],["2025-10-14",0.0],["2025-10-15",0.0],["2025-10-16",0.0],["2025-10-17",0.0],["2025-10-18",0.0],["2025-10-19",0.0],["2025-10-20",0.0],["2025-10-21",0.0],["2025-10-22",0.0],["2025-10-23",0.0],["2025-10-24",0.0],["2025-10-25",0.0],["2025-10-26",0.0],["2025-10-27",0.0],["2025-10-28",0.0],["2025-10-29",0.7761096],["2025-10-30",-17.14222321],["2025-10-31",0.0],["2025-11-01",0.0],["2025-11-02",0.0],["2025-11-03",0.54915696],["2025-11-04",0.0],["2025-11-05",0.0],["2025-11-06",0.0],["2025-11-07",0.0],["2025-11-08",0.0],["2025-11-09",0.0],["2025-11-10",0.0],["2025-11-11",0.0],["2025-11-12",0.0],["2025-11-13",0.0],["2025-11-14",0.0],["2025-11-15",0.0],["2025-11-16",0.0],["2025-11-17",0.0],["2025-11-18",0.0],["2025-11-19",0.0],["2025-11-20",0.0],["2025-11-21",0.0],["2025-11-22",0.0],["2025-11-23",0.0],["2025-11-24",0.0],["2025-11-25",0.0],["2025-11-26",0.0],["2025-11-27",0.0],["2025-11-28",0.0],["2025-11-29",0.0],["2025-11-30",0.0],["2025-12-01",0.0],["2025-12-02",0.0],["2025-12-03",0.0],["2025-12-04",0.0],["2025-12-05",-16.29266718],["2025-12-06",0.0],["2025-12-07",0.0],["2025-12-08",0.0],["2025-12-09",0.0],["2025-12-10",0.0],["2025-12-11",0.0],["2025-12-12",0.0],["2025-12-13",0.0],["2025-12-14",0.0],["2025-12-15",0.0]],"wins":3,"losses":2,"draws":4,"winrate":0.3333333333333333,"holding_avg":"2:40:00","holding_avg_s":9600.0,"winner_holding_min":"0d 02:00","winner_holding_min_s":7200.0,"winner_holding_max":"0d 02:00","winner_holding_max_s":7200.0,"winner_holding_avg":"0d 02:00","winner_holding_avg_s":7200.0,"loser_holding_min":"0d 05:00","loser_holding_min_s":18000.0,"loser_holding_max":"0d 05:00","loser_holding_max_s":18000.0,"loser_holding_avg":"0d 05:00","loser_holding_avg_s":18000.0,"max_consecutive_wins":1,"max_consecutive_losses":2,"max_drawdown_account":0.033425047249948936,"max_relative_drawdown":0.033425047249948936,"max_drawdown_abs":33.45098875,"drawdown_start":"2025-10-29 00:00:00","drawdown_start_ts":1761696000000.0,"drawdown_end":"2025-12-05 16:00:00","drawdown_end_ts":1764950400000.0,"drawdown_duration":"37 days 16:00:00","drawdown_duration_s":3254400.0,"max_drawdown_low":-32.67487915,"max_drawdown_high":0.7761096,"csum_min":967.32512085,"csum_max":1000.7761096}},"strategy_comparison":[{"key":"ACO_10_10","trades":9,"profit_mean":-0.01087991898002786,"profit_mean_pct":-1.09,"profit_total_abs":-32.109623830000004,"profit_total":-0.03210962383,"profit_total_pct":-3.21,"duration_avg":"2:40:00","wins":3,"draws":4,"losses":2,"winrate":0.3333333333333333,"cagr":-0.1155658745867183,"expectancy":-3.567735981111111,"expectancy_ratio":-0.6543103674638144,"sortino":-44.48995506454308,"sharpe":-0.880116363812376,"calmar":-18.92072989176861,"sqn":-1.4043,"profit_factor":0.05560334641283513,"max_drawdown_account":0.033425047249948936,"max_drawdown_abs":"33.451"}]}