{"strategy":{"ACO_31_15":{"trades":[{"pair":"DOGE/USDT","stake_amount":329.94858,"max_stake_amount":329.94858,"amount":1326.0,"open_date":"2025-10-09 22:00:00+00:00","close_date":"2025-10-10 00:00:00+00:00","open_rate":0.24883,"close_rate":0.24932815815815812,"fee_open":0.001,"fee_close":0.001,"trade_duration":120,"profit_ratio":0.0,"profit_abs":0.0,"exit_reason":"roi","initial_stop_loss_abs":0.23639,"initial_stop_loss_ratio":-0.05,"stop_loss_abs":0.23639,"stop_loss_ratio":-0.05,"min_rate":0.24779,"max_rate":0.25037,"is_open":false,"enter_tag":"","leverage":1.0,"is_short":false,"open_timestamp":1760047200000,"close_timestamp":1760054400000,"orders":[{"amount":1326.0,"safe_price":0.24883,"ft_order_side":"buy","order_filled_timestamp":1760047200000,"ft_is_entry":true,"ft_order_tag":"","cost":330.27852857999994},{"amount":1326.0,"safe_price":0.24932815815815812,"ft_order_side":"sell","order_filled_timestamp":1760054400000,"ft_is_entry":false,"ft_order_tag":"roi","cost":330.9397468554353}],"funding_fees":0.0,"weekday":4},{"pair":"DOGE/USDT","stake_amount":329.902,"max_stake_amount":329.902,"amount":1565.0,"open_date":"2025-10-13 17:00:00+00:00","close_date":"2025-10-13 19:00:00+00:00","open_rate":0.2108,"close_rate":0.21418,"fee_open":0.001,"fee_close":0.001,"trade_duration":120,"profit_ratio":0.014004117324800437,"profit_abs":4.6246063,"exit_reason":"roi","initial_stop_loss_abs":0.20026,"initial_stop_loss_ratio":-0.05,"stop_loss_abs":0.20026,"stop_loss_ratio":-0.05,"min_rate":0.21016,"max_rate":0.21714,"is_open":false,"enter_tag":"","leverage":1.0,"is_short":false,"open_timestamp":1760374800000,"close_timestamp":1760382000000,"orders":[{"amount":1565.0,"safe_price":0.2108,"ft_order_side":"buy","order_filled_timestamp":1760374800000,"ft_is_entry":true,"ft_order_tag":"","cost":330.23190199999993},{"amount":1565.0,"safe_price":0.21418,"ft_order_side":"sell","order_filled_timestamp":1760382000000,"ft_is_entry":false,"ft_order_tag":"roi","cost":335.52689169999996}],"funding_fees":0.0,"weekday":0},{"pair":"DOGE/USDT","stake_amount":331.45874,"max_stake_amount":331.45874,"amount":1706.0,"open_date":"2025-10-19 11:00:00+00:00","close_date":"2025-10-19 13:00:00+00:00","open_rate":0.19429,"close_rate":0.19467896896896894,"fee_open":0.001,"fee_close":0.001,"trade_duration":120,"profit_ratio":0.0,"profit_abs":0.0,"exit_reason":"roi","initial_stop_loss_abs":0.18458,"initial_stop_loss_ratio":-0.05,"stop_loss_abs":0.18458,"stop_loss_ratio":-0.05,"min_rate":0.19259,"max_rate":0.19805,"is_open":false,"enter_tag":"","leverage":1.0,"is_short":false,"open_timestamp":1760871600000,"close_timestamp":1760878800000,"orders":[{"amount":1706.0,"safe_price":0.19429,"ft_order_side":"buy","order_filled_timestamp":1760871600000,"ft_is_entry":true,"ft_order_tag":"","cost":331.79019873999994},{"amount":1706.0,"safe_price":0.19467896896896894,"ft_order_side":"sell","order_filled_timestamp":1760878800000,"ft_is_entry":false,"ft_order_tag":"roi","cost":332.45444338212207}],"funding_fees":0.0,"weekday":6},{"pair":"DOGE/USDT","stake_amount":331.50645,"max_stake_amount":331.50645,"amount":1735.0,"open_date":"2025-10-23 04:00:00+00:00","close_date":"2025-10-23 06:00:00+00:00","open_rate":0.19107,"close_rate":0.1921,"fee_open":0.001,"fee_close":0.001,"trade_duration":120,"profit_ratio":0.003381921893462167,"profit_abs":1.12225005,"exit_reason":"roi","initial_stop_loss_abs":0.18152,"initial_stop_loss_ratio":-0.05,"stop_loss_abs":0.18152,"stop_loss_ratio":-0.05,"min_rate":0.1908,"max_rate":0.19498,"is_open":false,"enter_tag":"","leverage":1.0,"is_short":false,"open_timestamp":1761192000000,"close_timestamp":1761199200000,"orders":[{"amount":1735.0,"safe_price":0.19107,"ft_order_side":"buy","order_filled_timestamp":1761192000000,"ft_is_entry":true,"ft_order_tag":"","cost":331.8379564499999},{"amount":1735.0,"safe_price":0.1921,"ft_order_side":"sell","order_filled_timestamp":1761199200000,"ft_is_entry":false,"ft_order_tag":"roi","cost":333.62679349999996}],"funding_fees":0.0,"weekday":3},{"pair":"DOGE/USDT","stake_amount":331.77168,"max_stake_amount":331.77168,"amount":1647.0,"open_date":"2025-10-28 17:00:00+00:00","close_date":"2025-10-28 21:00:00+00:00","open_rate":0.20144,"close_rate":0.19137,"fee_open":0.001,"fee_close":0.001,"trade_duration":240,"profit_ratio":-0.0518881932205999,"profit_abs":-17.23224807,"exit_reason":"stop_loss","initial_stop_loss_abs":0.19137,"initial_stop_loss_ratio":-0.05,"stop_loss_abs":0.19137,"stop_loss_ratio":-0.05,"min_rate":0.19006,"max_rate":0.2025,"is_open":false,"enter_tag":"","leverage":1.0,"is_short":false,"open_timestamp":1761670800000,"close_timestamp":1761685200000,"orders":[{"amount":1647.0,"safe_price":0.20144,"ft_order_side":"buy","order_filled_timestamp":1761670800000,"ft_is_entry":true,"ft_order_tag":"","cost":332.10345168},{"amount":1647.0,"safe_price":0.19137,"ft_order_side":"sell","order_filled_timestamp":1761685200000,"ft_is_entry":false,"ft_order_tag":"stop_loss","cost":315.50157638999997}],"funding_fees":0.0,"weekday":1},{"pair":"DOGE/USDT","stake_amount":326.06,"max_stake_amount":326.06,"amount":2000.0,"open_date":"2025-11-07 01:00:00+00:00","close_date":"2025-11-07 03:00:00+00:00","open_rate":0.16303,"close_rate":0.16414,"fee_open":0.001,"fee_close":0.001,"trade_duration":120,"profit_ratio":0.004796957321032645,"profit_abs":1.56566,"exit_reason":"roi","initial_stop_loss_abs":0.15488,"initial_stop_loss_ratio":-0.05,"stop_loss_abs":0.15488,"stop_loss_ratio":-0.05,"min_rate":0.16095,"max_rate":0.16509,"is_open":false,"enter_tag":"","leverage":1.0,"is_short":false,"open_timestamp":1762477200000,"close_timestamp":1762484400000,"orders":[{"amount":2000.0,"safe_price":0.16303,"ft_order_side":"buy","order_filled_timestamp":1762477200000,"ft_is_entry":true,"ft_order_tag":"","cost":326.38606},{"amount":2000.0,"safe_price":0.16414,"ft_order_side":"sell","order_filled_timestamp":1762484400000,"ft_is_entry":false,"ft_order_tag":"roi","cost":328.60828}],"funding_fees":0.0,"weekday":4},{"pair":"DOGE/USDT","stake_amount":326.65659,"max_stake_amount":326.65659,"amount":1999.0,"open_date":"2025-11-16 06:00:00+00:00","close_date":"2025-11-16 08:00:00+00:00","open_rate":0.16341,"close_rate":0.16408,"fee_open":0.001,"fee_close":0.001,"trade_duration":120,"profit_ratio":0.002093922233448578,"profit_abs":0.68467749,"exit_reason":"roi","initial_stop_loss_abs":0.15524,"initial_stop_loss_ratio":-0.05,"stop_loss_abs":0.15524,"stop_loss_ratio":-0.05,"min_rate":0.16295,"max_rate":0.16445,"is_open":false,"enter_tag":"","leverage":1.0,"is_short":false,"open_timestamp":1763272800000,"close_timestamp":1763280000000,"orders":[{"amount":1999.0,"safe_price":0.16341,"ft_order_side":"buy","order_filled_timestamp":1763272800000,"ft_is_entry":true,"ft_order_tag":"","cost":326.98324658999996},{"amount":1999.0,"safe_price":0.16408,"ft_order_side":"sell","order_filled_timestamp":1763280000000,"ft_is_entry":false,"ft_order_tag":"roi","cost":328.32391592}],"funding_fees":0.0,"weekday":6},{"pair":"DOGE/USDT","stake_amount":326.8074,"max_stake_amount":326.8074,"amount":2118.0,"open_date":"2025-11-27 21:00:00+00:00","close_date":"2025-11-28 15:00:00+00:00","open_rate":0.1543,"close_rate":0.1546089089089089,"fee_open":0.001,"fee_close":0.001,"trade_duration":1080,"profit_ratio":0.0,"profit_abs":0.0,"exit_reason":"roi","initial_stop_loss_abs":0.14659,"initial_stop_loss_ratio":-0.05,"stop_loss_abs":0.14659,"stop_loss_ratio":-0.05,"min_rate":0.14961,"max_rate":0.15554,"is_open":false,"enter_tag":"","leverage":1.0,"is_short":false,"open_timestamp":1764277200000,"close_timestamp":1764342000000,"orders":[{"amount":2118.0,"safe_price":0.1543,"ft_order_side":"buy","order_filled_timestamp":1764277200000,"ft_is_entry":true,"ft_order_tag":"","cost":327.1342073999999},{"amount":2118.0,"safe_price":0.1546089089089089,"ft_order_side":"sell","order_filled_timestamp":1764342000000,"ft_is_entry":false,"ft_order_tag":"roi","cost":327.78913073813806}],"funding_fees":0.0,"weekday":4},{"pair":"DOGE/USDT","stake_amount":326.8512,"max_stake_amount":326.8512,"amount":2340.0,"open_date":"2025-12-06 12:00:00+00:00","close_date":"2025-12-06 14:00:00+00:00","open_rate":0.13968,"close_rate":0.13995963963963962,"fee_open":0.001,"fee_close":0.001,"trade_duration":120,"profit_ratio":0.0,"profit_abs":0.0,"exit_reason":"roi","initial_stop_loss_abs":0.1327,"initial_stop_loss_ratio":-0.05,"stop_loss_abs":0.1327,"stop_loss_ratio":-0.05,"min_rate":0.13926,"max_rate":0.14076,"is_open":false,"enter_tag":"","leverage":1.0,"is_short":false,"open_timestamp":1765022400000,"close_timestamp":1765029600000,"orders":[{"amount":2340.0,"safe_price":0.13968,"ft_order_side":"buy","order_filled_timestamp":1765022400000,"ft_is_entry":true,"ft_order_tag":"","cost":327.17805119999997},{"amount":2340.0,"safe_price":0.13995963963963962,"ft_order_side":"sell","order_filled_timestamp":1765029600000,"ft_is_entry":false,"ft_order_tag":"roi","cost":327.8330623135134}],"funding_fees":0.0,"weekday":5},{"pair":"DOGE/USDT","stake_amount":326.8342,"max_stake_amount":326.8342,"amount":2234.0,"open_date":"2025-12-09 16:00:00+00:00","close_date":"2025-12-09 18:00:00+00:00","open_rate":0.1463,"close_rate":0.15095,"fee_open":0.001,"fee_close":0.001,"trade_duration":120,"profit_ratio":0.029722498963783994,"profit_abs":9.7240435,"exit_reason":"roi","initial_stop_loss_abs":0.13899,"initial_stop_loss_ratio":-0.05,"stop_loss_abs":0.13899,"stop_loss_ratio":-0.05,"min_rate":0.1463,"max_rate":0.15319,"is_open":false,"enter_tag":"","leverage":1.0,"is_short":false,"open_timestamp":1765296000000,"close_timestamp":1765303200000,"orders":[{"amount":2234.0,"safe_price":0.1463,"ft_order_side":"buy","order_filled_timestamp":1765296000000,"ft_is_entry":true,"ft_order_tag":"","cost":327.16103419999996},{"amount":2234.0,"safe_price":0.15095,"ft_order_side":"sell","order_filled_timestamp":1765303200000,"ft_is_entry":false,"ft_order_tag":"roi","cost":337.55952229999997}],"funding_fees":0.0,"weekday":1}],"locks":[],"best_pair":{"key":"DOGE/USDT","trades":10,"profit_mean":0.00021112245159279203,"profit_mean_pct":0.02,"profit_total_abs":0.48898926999999937,"profit_total":0.0004889892699999994,"profit_total_pct":0.05,"duration_avg":"3:48:00","wins":5,"draws":4,"losses":1,"winrate":0.5,"cagr":0.0018412544754999871,"expectancy":0.04889892699999998,"expectancy_ratio":-0.39716235938564926,"sortino":-100,"sharpe":0.014913513478811966,"calmar":0.5621093032397921,"sqn":0.0227,"profit_factor":1.028376406143508,"max_drawdown_account":0.0171337826821934,"max_drawdown_abs":17.23224807},"worst_pair":{"key":"DOGE/USDT","trades":10,"profit_mean":0.00021112245159279203,"profit_mean_pct":0.02,"profit_total_abs":0.48898926999999937,"profit_total":0.0004889892699999994,"profit_total_pct":0.05,"duration_avg":"3:48:00","wins":5,"draws":4,"losses":1,"winrate":0.5,"cagr":0.0018412544754999871,"expectancy":0.04889892699999998,"expectancy_ratio":-0.39716235938564926,"sortino":-100,"sharpe":0.014913513478811966,"calmar":0.5621093032397921,"sqn":0.0227,"profit_factor":1.028376406143508,"max_drawdown_account":0.0171337826821934,"max_drawdown_abs":17.23224807},"results_per_pair":[{"key":"DOGE/USDT","trades":10,"profit_mean":0.00021112245159279203,"profit_mean_pct":0.02,"profit_total_abs":0.48898926999999937,"profit_total":0.0004889892699999994,"profit_total_pct":0.05,"duration_avg":"3:48:00","wins":5,"draws":4,"losses":1,"winrate":0.5,"cagr":0.0018412544754999871,"expectancy":0.04889892699999998,"expectancy_ratio":-0.39716235938564926,"sortino":-100,"sharpe":0.014913513478811966,"calmar":0.5621093032397921,"sqn":0.0227,"profit_factor":1.028376406143508,"max_drawdown_account":0.0171337826821934,"max_drawdown_abs":17.23224807},{"key":"TOTAL","trades":10,"profit_mean":0.00021112245159279203,"profit_mean_pct":0.02,"profit_total_abs":0.48898926999999937,"profit_total":0.0004889892699999994,"profit_total_pct":0.05,"duration_avg":"3:48:00","wins":5,"draws":4,"losses":1,"winrate":0.5,"cagr":0.0018412544754999871,"expectancy":0.04889892699999998,"expectancy_ratio":-0.39716235938564926,"sortino":-100,"sharpe":0.014913513478811966,"calmar":0.5621093032397921,"sqn":0.0227,"profit_factor":1.028376406143508,"max_drawdown_account":0.0171337826821934,"max_drawdown_abs":17.23224807}],"results_per_enter_tag":[{"key":"","trades":10,"profit_mean":0.00021112245159279203,"profit_mean_pct":0.02,"profit_total_abs":0.48898926999999937,"profit_total":0.0004889892699999994,"profit_total_pct":0.05,"duration_avg":"3:48:00","wins":5,"draws":4,"losses":1,"winrate":0.5,"cagr":0.0018412544754999871,"expectancy":0.04889892699999998,"expectancy_ratio":-0.39716235938564926,"sortino":-100,"sharpe":0.014913513478811966,"calmar":0.5621093032397921,"sqn":0.0227,"profit_factor":1.028376406143508,"max_drawdown_account":0.0171337826821934,"max_drawdown_abs":17.23224807},{"key":"TOTAL","trades":10,"profit_mean":0.00021112245159279203,"profit_mean_pct":0.02,"profit_total_abs":0.48898926999999937,"profit_total":0.0004889892699999994,"profit_total_pct":0.05,"duration_avg":"3:48:00","wins":5,"draws":4,"losses":1,"winrate":0.5,"cagr":0.0018412544754999871,"expectancy":0.04889892699999998,"expectancy_ratio":-0.39716235938564926,"sortino":-100,"sharpe":0.014913513478811966,"calmar":0.5621093032397921,"sqn":0.0227,"profit_factor":1.028376406143508,"max_drawdown_account":0.0171337826821934,"max_drawdown_abs":17.23224807}],"exit_reason_summary":[{"key":"roi","trades":9,"profit_mean":0.005999935304058647,"profit_mean_pct":0.6,"profit_total_abs":17.721237340000002,"profit_total":0.01772123734,"profit_total_pct":1.77,"duration_avg":"3:47:00","wins":5,"draws":4,"losses":0,"winrate":0.5555555555555556,"cagr":0.06833252250688848,"expectancy":1.9690263711111116,"expectancy_ratio":100.0,"sortino":-100,"sharpe":1.1342111170967688,"calmar":-100,"sqn":1.8098,"profit_factor":0.0,"max_drawdown_account":0.0,"max_drawdown_abs":0.0},{"key":"stop_loss","trades":1,"profit_mean":-0.0518881932205999,"profit_mean_pct":-5.19,"profit_total_abs":-17.23224807,"profit_total":-0.01723224807,"profit_total_pct":-1.72,"duration_avg":"4:00:00","wins":0,"draws":0,"losses":1,"winrate":0.0,"cagr":-0.06331496303993667,"expectancy":-17.23224807,"expectancy_ratio":-1.0,"sortino":-100,"sharpe":-100,"calmar":-19.695848633549314,"sqn":-100.0,"profit_factor":0.0,"max_drawdown_account":0.01723224806999997,"max_drawdown_abs":17.23224807},{"key":"TOTAL","trades":10,"profit_mean":0.00021112245159279203,"profit_mean_pct":0.02,"profit_total_abs":0.48898926999999937,"profit_total":0.0004889892699999994,"profit_total_pct":0.05,"duration_avg":"3:48:00","wins":5,"draws":4,"losses":1,"winrate":0.5,"cagr":0.0018412544754999871,"expectancy":0.04889892699999998,"expectancy_ratio":-0.39716235938564926,"sortino":-100,"sharpe":0.014913513478811966,"calmar":0.5621093032397921,"sqn":0.0227,"profit_factor":1.028376406143508,"max_drawdown_account":0.0171337826821934,"max_drawdown_abs":17.23224807}],"mix_tag_stats":[{"key":["","roi"],"trades":9,"profit_mean":0.005999935304058647,"profit_mean_pct":0.6,"profit_total_abs":17.721237340000002,"profit_total":0.01772123734,"profit_total_pct":1.77,"duration_avg":"3:47:00","wins":5,"draws":4,"losses":0,"winrate":0.5555555555555556,"cagr":0.06833252250688848,"expectancy":1.9690263711111116,"expectancy_ratio":100.0,"sortino":-100,"sharpe":1.1342111170967688,"calmar":-100,"sqn":1.8098,"profit_factor":0.0,"max_drawdown_account":0.0,"max_drawdown_abs":0.0},{"key":["","stop_loss"],"trades":1,"profit_mean":-0.0518881932205999,"profit_mean_pct":-5.19,"profit_total_abs":-17.23224807,"profit_total":-0.01723224807,"profit_total_pct":-1.72,"duration_avg":"4:00:00","wins":0,"draws":0,"losses":1,"winrate":0.0,"cagr":-0.06331496303993667,"expectancy":-17.23224807,"expectancy_ratio":-1.0,"sortino":-100,"sharpe":-100,"calmar":-19.695848633549314,"sqn":-100.0,"profit_factor":0.0,"max_drawdown_account":0.01723224806999997,"max_drawdown_abs":17.23224807},{"key":"TOTAL","trades":10,"profit_mean":0.00021112245159279203,"profit_mean_pct":0.02,"profit_total_abs":0.48898926999999937,"profit_total":0.0004889892699999994,"profit_total_pct":0.05,"duration_avg":"3:48:00","wins":5,"draws":4,"losses":1,"winrate":0.5,"cagr":0.0018412544754999871,"expectancy":0.04889892699999998,"expectancy_ratio":-0.39716235938564926,"sortino":-100,"sharpe":0.014913513478811966,"calmar":0.5621093032397921,"sqn":0.0227,"profit_factor":1.028376406143508,"max_drawdown_account":0.0171337826821934,"max_drawdown_abs":17.23224807}],"left_open_trades":[{"key":"TOTAL","trades":0,"profit_mean":0.0,"profit_mean_pct":0.0,"profit_total_abs":0.0,"profit_total":0.0,"profit_total_pct":0.0,"duration_avg":"0:00","wins":0,"draws":0,"losses":0,"winrate":0.0,"cagr":0.0,"expectancy":0.0,"expectancy_ratio":100.0,"sortino":0,"sharpe":0,"calmar":0,"sqn":0.0,"profit_factor":0.0,"max_drawdown_account":0.0,"max_drawdown_abs":0.0}],"total_trades":10,"trade_count_long":10,"trade_count_short":0,"total_volume":6589.247999939208,"avg_stake_amount":328.779684,"profit_mean":0.00021112245159279203,"profit_median":0.001046961116724289,"profit_total":0.0004889892699999994,"profit_total_long":0.0004889892699999994,"profit_total_short":0.0,"profit_total_abs":0.48898926999999937,"profit_total_long_abs":0.48898926999999937,"profit_total_short_abs":0.0,"cagr":0.0018412544754999871,"expectancy":0.04889892699999998,"expectancy_ratio":-0.39716235938564926,"sortino":-100,"sharpe":0.014913513478811966,"calmar":0.5621093032397921,"sqn":0.0227,"profit_factor":1.028376406143508,"backtest_start":"2025-10-01 00:00:00","backtest_start_ts":1759276800000,"backtest_end":"2026-01-06 20:00:00","backtest_end_ts":1767729600000,"backtest_days":97,"backtest_run_start_ts":1767751658,"backtest_run_end_ts":1767751659,"trades_per_day":0.1,"market_change":-0.36632086436227446,"pairlist":["DOGE/USDT"],"stake_amount":"unlimited","stake_currency":"USDT","stake_currency_decimals":3,"starting_balance":1000,"dry_run_wallet":1000,"final_balance":1000.48898927,"rejected_signals":0,"timedout_entry_orders":0,"timedout_exit_orders":0,"canceled_trade_entries":0,"canceled_entry_orders":0,"replaced_entry_orders":0,"max_open_trades":1,"max_open_trades_setting":3,"timeframe":"1h","timeframe_detail":"","timerange":"20251001-","enable_protections":false,"strategy_name":"ACO_31_15","freqaimodel":null,"freqai_identifier":null,"stoploss":-0.05,"trailing_stop":false,"trailing_stop_positive":null,"trailing_stop_positive_offset":0.0,"trailing_only_offset_is_reached":false,"use_custom_stoploss":false,"minimal_roi":{"0":0.1,"60":0.05,"120":0.0},"use_exit_signal":true,"exit_profit_only":false,"exit_profit_offset":0.0,"ignore_roi_if_entry_signal":false,"trading_mode":"spot","margin_mode":"","periodic_breakdown":{"day":[{"date":"10/10/2025","date_ts":1760054400000,"profit_abs":0.0,"wins":0,"draws":1,"losses":0,"trades":1,"profit_factor":0.0},{"date":"11/10/2025","date_ts":1760140800000,"profit_abs":0.0,"wins":0,"draws":0,"losses":0,"trades":0,"profit_factor":0.0},{"date":"12/10/2025","date_ts":1760227200000,"profit_abs":0.0,"wins":0,"draws":0,"losses":0,"trades":0,"profit_factor":0.0},{"date":"13/10/2025","date_ts":1760313600000,"profit_abs":4.6246063,"wins":1,"draws":0,"losses":0,"trades":1,"profit_factor":0.0},{"date":"14/10/2025","date_ts":1760400000000,"profit_abs":0.0,"wins":0,"draws":0,"losses":0,"trades":0,"profit_factor":0.0},{"date":"15/10/2025","date_ts":1760486400000,"profit_abs":0.0,"wins":0,"draws":0,"losses":0,"trades":0,"profit_factor":0.0},{"date":"16/10/2025","date_ts":1760572800000,"profit_abs":0.0,"wins":0,"draws":0,"losses":0,"trades":0,"profit_factor":0.0},{"date":"17/10/2025","date_ts":1760659200000,"profit_abs":0.0,"wins":0,"draws":0,"losses":0,"trades":0,"profit_factor":0.0},{"date":"18/10/2025","date_ts":1760745600000,"profit_abs":0.0,"wins":0,"draws":0,"losses":0,"trades":0,"profit_factor":0.0},{"date":"19/10/2025","date_ts":1760832000000,"profit_abs":0.0,"wins":0,"draws":1,"losses":0,"trades":1,"profit_factor":0.0},{"date":"20/10/2025","date_ts":1760918400000,"profit_abs":0.0,"wins":0,"draws":0,"losses":0,"trades":0,"profit_factor":0.0},{"date":"21/10/2025","date_ts":1761004800000,"profit_abs":0.0,"wins":0,"draws":0,"losses":0,"trades":0,"profit_factor":0.0},{"date":"22/10/2025","date_ts":1761091200000,"profit_abs":0.0,"wins":0,"draws":0,"losses":0,"trades":0,"profit_factor":0.0},{"date":"23/10/2025","date_ts":1761177600000,"profit_abs":1.12225005,"wins":1,"draws":0,"losses":0,"trades":1,"profit_factor":0.0},{"date":"24/10/2025","date_ts":1761264000000,"profit_abs":0.0,"wins":0,"draws":0,"losses":0,"trades":0,"profit_factor":0.0},{"date":"25/10/2025","date_ts":1761350400000,"profit_abs":0.0,"wins":0,"draws":0,"losses":0,"trades":0,"profit_factor":0.0},{"date":"26/10/2025","date_ts":1761436800000,"profit_abs":0.0,"wins":0,"draws":0,"losses":0,"trades":0,"profit_factor":0.0},{"date":"27/10/2025","date_ts":1761523200000,"profit_abs":0.0,"wins":0,"draws":0,"losses":0,"trades":0,"profit_factor":0.0},{"date":"28/10/2025","date_ts":1761609600000,"profit_abs":-17.23224807,"wins":0,"draws":0,"losses":1,"trades":1,"profit_factor":0.0},{"date":"29/10/2025","date_ts":1761696000000,"profit_abs":0.0,"wins":0,"draws":0,"losses":0,"trades":0,"profit_factor":0.0},{"date":"30/10/2025","date_ts":1761782400000,"profit_abs":0.0,"wins":0,"draws":0,"losses":0,"trades":0,"profit_factor":0.0},{"date":"31/10/2025","date_ts":1761868800000,"profit_abs":0.0,"wins":0,"draws":0,"losses":0,"trades":0,"profit_factor":0.0},{"date":"01/11/2025","date_ts":1761955200000,"profit_abs":0.0,"wins":0,"draws":0,"losses":0,"trades":0,"profit_factor":0.0},{"date":"02/11/2025","date_ts":1762041600000,"profit_abs":0.0,"wins":0,"draws":0,"losses":0,"trades":0,"profit_factor":0.0},{"date":"03/11/2025","date_ts":1762128000000,"profit_abs":0.0,"wins":0,"draws":0,"losses":0,"trades":0,"profit_factor":0.0},{"date":"04/11/2025","date_ts":1762214400000,"profit_abs":0.0,"wins":0,"draws":0,"losses":0,"trades":0,"profit_factor":0.0},{"date":"05/11/2025","date_ts":1762300800000,"profit_abs":0.0,"wins":0,"draws":0,"losses":0,"trades":0,"profit_factor":0.0},{"date":"06/11/2025","date_ts":1762387200000,"profit_abs":0.0,"wins":0,"draws":0,"losses":0,"trades":0,"profit_factor":0.0},{"date":"07/11/2025","date_ts":1762473600000,"profit_abs":1.56566,"wins":1,"draws":0,"losses":0,"trades":1,"profit_factor":0.0},{"date":"08/11/2025","date_ts":1762560000000,"profit_abs":0.0,"wins":0,"draws":0,"losses":0,"trades":0,"profit_factor":0.0},{"date":"09/11/2025","date_ts":1762646400000,"profit_abs":0.0,"wins":0,"draws":0,"losses":0,"trades":0,"profit_factor":0.0},{"date":"10/11/2025","date_ts":1762732800000,"profit_abs":0.0,"wins":0,"draws":0,"losses":0,"trades":0,"profit_factor":0.0},{"date":"11/11/2025","date_ts":1762819200000,"profit_abs":0.0,"wins":0,"draws":0,"losses":0,"trades":0,"profit_factor":0.0},{"date":"12/11/2025","date_ts":1762905600000,"profit_abs":0.0,"wins":0,"draws":0,"losses":0,"trades":0,"profit_factor":0.0},{"date":"13/11/2025","date_ts":1762992000000,"profit_abs":0.0,"wins":0,"draws":0,"losses":0,"trades":0,"profit_factor":0.0},{"date":"14/11/2025","date_ts":1763078400000,"profit_abs":0.0,"wins":0,"draws":0,"losses":0,"trades":0,"profit_factor":0.0},{"date":"15/11/2025","date_ts":1763164800000,"profit_abs":0.0,"wins":0,"draws":0,"losses":0,"trades":0,"profit_factor":0.0},{"date":"16/11/2025","date_ts":1763251200000,"profit_abs":0.68467749,"wins":1,"draws":0,"losses":0,"trades":1,"profit_factor":0.0},{"date":"17/11/2025","date_ts":1763337600000,"profit_abs":0.0,"wins":0,"draws":0,"losses":0,"trades":0,"profit_factor":0.0},{"date":"18/11/2025","date_ts":1763424000000,"profit_abs":0.0,"wins":0,"draws":0,"losses":0,"trades":0,"profit_factor":0.0},{"date":"19/11/2025","date_ts":1763510400000,"profit_abs":0.0,"wins":0,"draws":0,"losses":0,"trades":0,"profit_factor":0.0},{"date":"20/11/2025","date_ts":1763596800000,"profit_abs":0.0,"wins":0,"draws":0,"losses":0,"trades":0,"profit_factor":0.0},{"date":"21/11/2025","date_ts":1763683200000,"profit_abs":0.0,"wins":0,"draws":0,"losses":0,"trades":0,"profit_factor":0.0},{"date":"22/11/2025","date_ts":1763769600000,"profit_abs":0.0,"wins":0,"draws":0,"losses":0,"trades":0,"profit_factor":0.0},{"date":"23/11/2025","date_ts":1763856000000,"profit_abs":0.0,"wins":0,"draws":0,"losses":0,"trades":0,"profit_factor":0.0},{"date":"24/11/2025","date_ts":1763942400000,"profit_abs":0.0,"wins":0,"draws":0,"losses":0,"trades":0,"profit_factor":0.0},{"date":"25/11/2025","date_ts":1764028800000,"profit_abs":0.0,"wins":0,"draws":0,"losses":0,"trades":0,"profit_factor":0.0},{"date":"26/11/2025","date_ts":1764115200000,"profit_abs":0.0,"wins":0,"draws":0,"losses":0,"trades":0,"profit_factor":0.0},{"date":"27/11/2025","date_ts":1764201600000,"profit_abs":0.0,"wins":0,"draws":0,"losses":0,"trades":0,"profit_factor":0.0},{"date":"28/11/2025","date_ts":1764288000000,"profit_abs":0.0,"wins":0,"draws":1,"losses":0,"trades":1,"profit_factor":0.0},{"date":"29/11/2025","date_ts":1764374400000,"profit_abs":0.0,"wins":0,"draws":0,"losses":0,"trades":0,"profit_factor":0.0},{"date":"30/11/2025","date_ts":1764460800000,"profit_abs":0.0,"wins":0,"draws":0,"losses":0,"trades":0,"profit_factor":0.0},{"date":"01/12/2025","date_ts":1764547200000,"profit_abs":0.0,"wins":0,"draws":0,"losses":0,"trades":0,"profit_factor":0.0},{"date":"02/12/2025","date_ts":1764633600000,"profit_abs":0.0,"wins":0,"draws":0,"losses":0,"trades":0,"profit_factor":0.0},{"date":"03/12/2025","date_ts":1764720000000,"profit_abs":0.0,"wins":0,"draws":0,"losses":0,"trades":0,"profit_factor":0.0},{"date":"04/12/2025","date_ts":1764806400000,"profit_abs":0.0,"wins":0,"draws":0,"losses":0,"trades":0,"profit_factor":0.0},{"date":"05/12/2025","date_ts":1764892800000,"profit_abs":0.0,"wins":0,"draws":0,"losses":0,"trades":0,"profit_factor":0.0},{"date":"06/12/2025","date_ts":1764979200000,"profit_abs":0.0,"wins":0,"draws":1,"losses":0,"trades":1,"profit_factor":0.0},{"date":"07/12/2025","date_ts":1765065600000,"profit_abs":0.0,"wins":0,"draws":0,"losses":0,"trades":0,"profit_factor":0.0},{"date":"08/12/2025","date_ts":1765152000000,"profit_abs":0.0,"wins":0,"draws":0,"losses":0,"trades":0,"profit_factor":0.0},{"date":"09/12/2025","date_ts":1765238400000,"profit_abs":9.7240435,"wins":1,"draws":0,"losses":0,"trades":1,"profit_factor":0.0}],"week":[{"date":"13/10/2025","date_ts":1760313600000,"profit_abs":4.6246063,"wins":1,"draws":1,"losses":0,"trades":2,"profit_factor":0.0},{"date":"20/10/2025","date_ts":1760918400000,"profit_abs":0.0,"wins":0,"draws":1,"losses":0,"trades":1,"profit_factor":0.0},{"date":"27/10/2025","date_ts":1761523200000,"profit_abs":1.12225005,"wins":1,"draws":0,"losses":0,"trades":1,"profit_factor":0.0},{"date":"03/11/2025","date_ts":1762128000000,"profit_abs":-17.23224807,"wins":0,"draws":0,"losses":1,"trades":1,"profit_factor":0.0},{"date":"10/11/2025","date_ts":1762732800000,"profit_abs":1.56566,"wins":1,"draws":0,"losses":0,"trades":1,"profit_factor":0.0},{"date":"17/11/2025","date_ts":1763337600000,"profit_abs":0.68467749,"wins":1,"draws":0,"losses":0,"trades":1,"profit_factor":0.0},{"date":"24/11/2025","date_ts":1763942400000,"profit_abs":0.0,"wins":0,"draws":0,"losses":0,"trades":0,"profit_factor":0.0},{"date":"01/12/2025","date_ts":1764547200000,"profit_abs":0.0,"wins":0,"draws":1,"losses":0,"trades":1,"profit_factor":0.0},{"date":"08/12/2025","date_ts":1765152000000,"profit_abs":0.0,"wins":0,"draws":1,"losses":0,"trades":1,"profit_factor":0.0},{"date":"15/12/2025","date_ts":1765756800000,"profit_abs":9.7240435,"wins":1,"draws":0,"losses":0,"trades":1,"profit_factor":0.0}],"month":[{"date":"31/10/2025","date_ts":1761868800000,"profit_abs":-11.48539172,"wins":2,"draws":2,"losses":1,"trades":5,"profit_factor":0.33349429},{"date":"30/11/2025","date_ts":1764460800000,"profit_abs":2.25033749,"wins":2,"draws":1,"losses":0,"trades":3,"profit_factor":0.0},{"date":"31/12/2025","date_ts":1767139200000,"profit_abs":9.7240435,"wins":1,"draws":1,"losses":0,"trades":2,"profit_factor":0.0}],"year":[{"date":"31/12/2025","date_ts":1767139200000,"profit_abs":0.48898927,"wins":5,"draws":4,"losses":1,"trades":10,"profit_factor":1.02837641}],"weekday":[{"date":"Monday","date_ts":0,"profit_abs":4.6246063,"wins":1,"draws":0,"losses":0,"trades":1,"profit_factor":0.0},{"date":"Tuesday","date_ts":1,"profit_abs":-7.50820457,"wins":1,"draws":0,"losses":1,"trades":2,"profit_factor":0.56429338},{"date":"Thursday","date_ts":3,"profit_abs":1.12225005,"wins":1,"draws":0,"losses":0,"trades":1,"profit_factor":0.0},{"date":"Friday","date_ts":4,"profit_abs":1.56566,"wins":1,"draws":2,"losses":0,"trades":3,"profit_factor":0.0},{"date":"Saturday","date_ts":5,"profit_abs":0.0,"wins":0,"draws":1,"losses":0,"trades":1,"profit_factor":0.0},{"date":"Sunday","date_ts":6,"profit_abs":0.68467749,"wins":1,"draws":1,"losses":0,"trades":2,"profit_factor":0.0}]},"backtest_best_day":0.029722498963783994,"backtest_worst_day":-0.0518881932205999,"backtest_best_day_abs":9.7240435,"backtest_worst_day_abs":-17.23224807,"winning_days":5,"draw_days":55,"losing_days":1,"daily_profit":[["2025-10-10",0.0],["2025-10-11",0.0],["2025-10-12",0.0],["2025-10-13",4.6246063],["2025-10-14",0.0],["2025-10-15",0.0],["2025-10-16",0.0],["2025-10-17",0.0],["2025-10-18",0.0],["2025-10-19",0.0],["2025-10-20",0.0],["2025-10-21",0.0],["2025-10-22",0.0],["2025-10-23",1.12225005],["2025-10-24",0.0],["2025-10-25",0.0],["2025-10-26",0.0],["2025-10-27",0.0],["2025-10-28",-17.23224807],["2025-10-29",0.0],["2025-10-30",0.0],["2025-10-31",0.0],["2025-11-01",0.0],["2025-11-02",0.0],["2025-11-03",0.0],["2025-11-04",0.0],["2025-11-05",0.0],["2025-11-06",0.0],["2025-11-07",1.56566],["2025-11-08",0.0],["2025-11-09",0.0],["2025-11-10",0.0],["2025-11-11",0.0],["2025-11-12",0.0],["2025-11-13",0.0],["2025-11-14",0.0],["2025-11-15",0.0],["2025-11-16",0.68467749],["2025-11-17",0.0],["2025-11-18",0.0],["2025-11-19",0.0],["2025-11-20",0.0],["2025-11-21",0.0],["2025-11-22",0.0],["2025-11-23",0.0],["2025-11-24",0.0],["2025-11-25",0.0],["2025-11-26",0.0],["2025-11-27",0.0],["2025-11-28",0.0],["2025-11-29",0.0],["2025-11-30",0.0],["2025-12-01",0.0],["2025-12-02",0.0],["2025-12-03",0.0],["2025-12-04",0.0],["2025-12-05",0.0],["2025-12-06",0.0],["2025-12-07",0.0],["2025-12-08",0.0],["2025-12-09",9.7240435]],"wins":5,"losses":1,"draws":4,"winrate":0.5,"holding_avg":"3:48:00","holding_avg_s":13680.0,"winner_holding_min":"0d 02:00","winner_holding_min_s":7200.0,"winner_holding_max":"0d 02:00","winner_holding_max_s":7200.0,"winner_holding_avg":"0d 02:00","winner_holding_avg_s":7200.0,"loser_holding_min":"0d 04:00","loser_holding_min_s":14400.0,"loser_holding_max":"0d 04:00","loser_holding_max_s":14400.0,"loser_holding_avg":"0d 04:00","loser_holding_avg_s":14400.0,"max_consecutive_wins":2,"max_consecutive_losses":2,"max_drawdown_account":0.0171337826821934,"max_relative_drawdown":0.0171337826821934,"max_drawdown_abs":17.23224807,"drawdown_start":"2025-10-23 06:00:00","drawdown_start_ts":1761199200000.0,"drawdown_end":"2025-10-28 21:00:00","drawdown_end_ts":1761685200000.0,"drawdown_duration":"5 days 15:00:00","drawdown_duration_s":486000.0,"max_drawdown_low":-11.48539172,"max_drawdown_high":5.74685635,"csum_min":988.51460828,"csum_max":1005.74685635}},"strategy_comparison":[{"key":"ACO_31_15","trades":10,"profit_mean":0.00021112245159279203,"profit_mean_pct":0.02,"profit_total_abs":0.48898926999999937,"profit_total":0.0004889892699999994,"profit_total_pct":0.05,"duration_avg":"3:48:00","wins":5,"draws":4,"losses":1,"winrate":0.5,"cagr":0.0018412544754999871,"expectancy":0.04889892699999998,"expectancy_ratio":-0.39716235938564926,"sortino":-100,"sharpe":0.014913513478811966,"calmar":0.5621093032397921,"sqn":0.0227,"profit_factor":1.028376406143508,"max_drawdown_account":0.0171337826821934,"max_drawdown_abs":"17.232"}]}