{"strategy":{"ACO_6_4":{"trades":[{"pair":"DOGE/USDT","stake_amount":329.82932,"max_stake_amount":329.82932,"amount":1289.0,"open_date":"2025-10-02 17:00:00+00:00","close_date":"2025-10-02 19:00:00+00:00","open_rate":0.25588,"close_rate":0.25882,"fee_open":0.001,"fee_close":0.001,"trade_duration":120,"profit_ratio":0.009468802262299214,"profit_abs":3.1262117,"exit_reason":"roi","initial_stop_loss_abs":0.24309,"initial_stop_loss_ratio":-0.05,"stop_loss_abs":0.24309,"stop_loss_ratio":-0.05,"min_rate":0.25482,"max_rate":0.2608,"is_open":false,"enter_tag":"","leverage":1.0,"is_short":false,"open_timestamp":1759424400000,"close_timestamp":1759431600000,"orders":[{"amount":1289.0,"safe_price":0.25588,"ft_order_side":"buy","order_filled_timestamp":1759424400000,"ft_is_entry":true,"ft_order_tag":"","cost":330.15914932},{"amount":1289.0,"safe_price":0.25882,"ft_order_side":"sell","order_filled_timestamp":1759431600000,"ft_is_entry":false,"ft_order_tag":"roi","cost":333.95259897999995}],"funding_fees":0.0,"weekday":3},{"pair":"DOGE/USDT","stake_amount":330.9852,"max_stake_amount":330.9852,"amount":1274.0,"open_date":"2025-10-03 19:00:00+00:00","close_date":"2025-10-03 21:00:00+00:00","open_rate":0.2598,"close_rate":0.26032012012012007,"fee_open":0.001,"fee_close":0.001,"trade_duration":120,"profit_ratio":0.0,"profit_abs":0.0,"exit_reason":"roi","initial_stop_loss_abs":0.24681,"initial_stop_loss_ratio":-0.05,"stop_loss_abs":0.24681,"stop_loss_ratio":-0.05,"min_rate":0.25796,"max_rate":0.26123,"is_open":false,"enter_tag":"","leverage":1.0,"is_short":false,"open_timestamp":1759518000000,"close_timestamp":1759525200000,"orders":[{"amount":1274.0,"safe_price":0.2598,"ft_order_side":"buy","order_filled_timestamp":1759518000000,"ft_is_entry":true,"ft_order_tag":"","cost":331.31618519999995},{"amount":1274.0,"safe_price":0.26032012012012007,"ft_order_side":"sell","order_filled_timestamp":1759525200000,"ft_is_entry":false,"ft_order_tag":"roi","cost":331.97948086606596}],"funding_fees":0.0,"weekday":4},{"pair":"DOGE/USDT","stake_amount":330.95368,"max_stake_amount":330.95368,"amount":1252.0,"open_date":"2025-10-07 13:00:00+00:00","close_date":"2025-10-07 15:00:00+00:00","open_rate":0.26434,"close_rate":0.25113,"fee_open":0.001,"fee_close":0.001,"trade_duration":120,"profit_ratio":-0.05187167376015072,"profit_abs":-17.18428844,"exit_reason":"stop_loss","initial_stop_loss_abs":0.25113,"initial_stop_loss_ratio":-0.05,"stop_loss_abs":0.25113,"stop_loss_ratio":-0.05,"min_rate":0.25026,"max_rate":0.26548,"is_open":false,"enter_tag":"","leverage":1.0,"is_short":false,"open_timestamp":1759842000000,"close_timestamp":1759849200000,"orders":[{"amount":1252.0,"safe_price":0.26434,"ft_order_side":"buy","order_filled_timestamp":1759842000000,"ft_is_entry":true,"ft_order_tag":"","cost":331.28463367999996},{"amount":1252.0,"safe_price":0.25113,"ft_order_side":"sell","order_filled_timestamp":1759849200000,"ft_is_entry":false,"ft_order_tag":"stop_loss","cost":314.72917476}],"funding_fees":0.0,"weekday":1},{"pair":"DOGE/USDT","stake_amount":325.33072,"max_stake_amount":325.33072,"amount":1298.0,"open_date":"2025-10-10 11:00:00+00:00","close_date":"2025-10-10 13:00:00+00:00","open_rate":0.25064,"close_rate":0.2511417817817817,"fee_open":0.001,"fee_close":0.001,"trade_duration":120,"profit_ratio":0.0,"profit_abs":0.0,"exit_reason":"roi","initial_stop_loss_abs":0.23811,"initial_stop_loss_ratio":-0.05,"stop_loss_abs":0.23811,"stop_loss_ratio":-0.05,"min_rate":0.24958,"max_rate":0.25403,"is_open":false,"enter_tag":"","leverage":1.0,"is_short":false,"open_timestamp":1760094000000,"close_timestamp":1760101200000,"orders":[{"amount":1298.0,"safe_price":0.25064,"ft_order_side":"buy","order_filled_timestamp":1760094000000,"ft_is_entry":true,"ft_order_tag":"","cost":325.65605071999994},{"amount":1298.0,"safe_price":0.2511417817817817,"ft_order_side":"sell","order_filled_timestamp":1760101200000,"ft_is_entry":false,"ft_order_tag":"roi","cost":326.3080147855054}],"funding_fees":0.0,"weekday":4},{"pair":"DOGE/USDT","stake_amount":325.20012,"max_stake_amount":325.20012,"amount":1658.0,"open_date":"2025-10-12 15:00:00+00:00","close_date":"2025-10-12 16:00:00+00:00","open_rate":0.19614,"close_rate":0.2063494894894895,"fee_open":0.001,"fee_close":0.001,"trade_duration":60,"profit_ratio":0.04995004995004995,"profit_abs":16.260006,"exit_reason":"roi","initial_stop_loss_abs":0.18634,"initial_stop_loss_ratio":-0.05,"stop_loss_abs":0.18634,"stop_loss_ratio":-0.05,"min_rate":0.19562,"max_rate":0.2095,"is_open":false,"enter_tag":"","leverage":1.0,"is_short":false,"open_timestamp":1760281200000,"close_timestamp":1760284800000,"orders":[{"amount":1658.0,"safe_price":0.19614,"ft_order_side":"buy","order_filled_timestamp":1760281200000,"ft_is_entry":true,"ft_order_tag":"","cost":325.52532012},{"amount":1658.0,"safe_price":0.2063494894894895,"ft_order_side":"sell","order_filled_timestamp":1760284800000,"ft_is_entry":false,"ft_order_tag":"roi","cost":342.4695810271471}],"funding_fees":0.0,"weekday":6},{"pair":"DOGE/USDT","stake_amount":330.54626,"max_stake_amount":330.54626,"amount":1741.0,"open_date":"2025-10-19 10:00:00+00:00","close_date":"2025-10-19 12:00:00+00:00","open_rate":0.18986,"close_rate":0.1933,"fee_open":0.001,"fee_close":0.001,"trade_duration":120,"profit_ratio":0.016084410690962888,"profit_abs":5.32195844,"exit_reason":"roi","initial_stop_loss_abs":0.18037,"initial_stop_loss_ratio":-0.05,"stop_loss_abs":0.18037,"stop_loss_ratio":-0.05,"min_rate":0.18895,"max_rate":0.1968,"is_open":false,"enter_tag":"","leverage":1.0,"is_short":false,"open_timestamp":1760868000000,"close_timestamp":1760875200000,"orders":[{"amount":1741.0,"safe_price":0.18986,"ft_order_side":"buy","order_filled_timestamp":1760868000000,"ft_is_entry":true,"ft_order_tag":"","cost":330.87680625999997},{"amount":1741.0,"safe_price":0.1933,"ft_order_side":"sell","order_filled_timestamp":1760875200000,"ft_is_entry":false,"ft_order_tag":"roi","cost":336.8718353}],"funding_fees":0.0,"weekday":6},{"pair":"DOGE/USDT","stake_amount":332.3556,"max_stake_amount":332.3556,"amount":1695.0,"open_date":"2025-10-24 19:00:00+00:00","close_date":"2025-10-24 21:00:00+00:00","open_rate":0.19608,"close_rate":0.19762,"fee_open":0.001,"fee_close":0.001,"trade_duration":120,"profit_ratio":0.0058402429883458035,"profit_abs":1.9429785,"exit_reason":"roi","initial_stop_loss_abs":0.18628,"initial_stop_loss_ratio":-0.05,"stop_loss_abs":0.18628,"stop_loss_ratio":-0.05,"min_rate":0.19603,"max_rate":0.19819,"is_open":false,"enter_tag":"","leverage":1.0,"is_short":false,"open_timestamp":1761332400000,"close_timestamp":1761339600000,"orders":[{"amount":1695.0,"safe_price":0.19608,"ft_order_side":"buy","order_filled_timestamp":1761332400000,"ft_is_entry":true,"ft_order_tag":"","cost":332.68795559999995},{"amount":1695.0,"safe_price":0.19762,"ft_order_side":"sell","order_filled_timestamp":1761339600000,"ft_is_entry":false,"ft_order_tag":"roi","cost":335.30086589999996}],"funding_fees":0.0,"weekday":4},{"pair":"DOGE/USDT","stake_amount":333.04375,"max_stake_amount":333.04375,"amount":1625.0,"open_date":"2025-10-27 17:00:00+00:00","close_date":"2025-10-28 20:00:00+00:00","open_rate":0.20495,"close_rate":0.19471,"fee_open":0.001,"fee_close":0.001,"trade_duration":1620,"profit_ratio":-0.05186158072227846,"profit_abs":-17.2894475,"exit_reason":"stop_loss","initial_stop_loss_abs":0.19471,"initial_stop_loss_ratio":-0.05,"stop_loss_abs":0.19471,"stop_loss_ratio":-0.05,"min_rate":0.19189,"max_rate":0.20569,"is_open":false,"enter_tag":"","leverage":1.0,"is_short":false,"open_timestamp":1761584400000,"close_timestamp":1761681600000,"orders":[{"amount":1625.0,"safe_price":0.20495,"ft_order_side":"buy","order_filled_timestamp":1761584400000,"ft_is_entry":true,"ft_order_tag":"","cost":333.37679374999993},{"amount":1625.0,"safe_price":0.19471,"ft_order_side":"sell","order_filled_timestamp":1761681600000,"ft_is_entry":false,"ft_order_tag":"stop_loss","cost":316.72015374999995}],"funding_fees":0.0,"weekday":1},{"pair":"DOGE/USDT","stake_amount":327.4075,"max_stake_amount":327.4075,"amount":1750.0,"open_date":"2025-11-01 08:00:00+00:00","close_date":"2025-11-01 09:00:00+00:00","open_rate":0.18709,"close_rate":0.1878,"fee_open":0.001,"fee_close":0.001,"trade_duration":60,"profit_ratio":0.001789380644477122,"profit_abs":0.5864425,"exit_reason":"exit_signal","initial_stop_loss_abs":0.17774,"initial_stop_loss_ratio":-0.05,"stop_loss_abs":0.17774,"stop_loss_ratio":-0.05,"min_rate":0.1867,"max_rate":0.188,"is_open":false,"enter_tag":"","leverage":1.0,"is_short":false,"open_timestamp":1761984000000,"close_timestamp":1761987600000,"orders":[{"amount":1750.0,"safe_price":0.18709,"ft_order_side":"buy","order_filled_timestamp":1761984000000,"ft_is_entry":true,"ft_order_tag":"","cost":327.73490749999996},{"amount":1750.0,"safe_price":0.1878,"ft_order_side":"sell","order_filled_timestamp":1761987600000,"ft_is_entry":false,"ft_order_tag":"exit_signal","cost":328.97864999999996}],"funding_fees":0.0,"weekday":5},{"pair":"DOGE/USDT","stake_amount":327.47032,"max_stake_amount":327.47032,"amount":1748.0,"open_date":"2025-11-01 16:00:00+00:00","close_date":"2025-11-01 20:00:00+00:00","open_rate":0.18734,"close_rate":0.18771505505505504,"fee_open":0.001,"fee_close":0.001,"trade_duration":240,"profit_ratio":0.0,"profit_abs":0.0,"exit_reason":"roi","initial_stop_loss_abs":0.17798,"initial_stop_loss_ratio":-0.05,"stop_loss_abs":0.17798,"stop_loss_ratio":-0.05,"min_rate":0.18662,"max_rate":0.18837,"is_open":false,"enter_tag":"","leverage":1.0,"is_short":false,"open_timestamp":1762012800000,"close_timestamp":1762027200000,"orders":[{"amount":1748.0,"safe_price":0.18734,"ft_order_side":"buy","order_filled_timestamp":1762012800000,"ft_is_entry":true,"ft_order_tag":"","cost":327.79779032},{"amount":1748.0,"safe_price":0.18771505505505504,"ft_order_side":"sell","order_filled_timestamp":1762027200000,"ft_is_entry":false,"ft_order_tag":"roi","cost":328.4540421524724}],"funding_fees":0.0,"weekday":5},{"pair":"DOGE/USDT","stake_amount":327.57144,"max_stake_amount":327.57144,"amount":1752.0,"open_date":"2025-11-02 12:00:00+00:00","close_date":"2025-11-03 00:00:00+00:00","open_rate":0.18697,"close_rate":0.18639,"fee_open":0.001,"fee_close":0.001,"trade_duration":720,"profit_ratio":-0.005093905933612839,"profit_abs":-1.67028672,"exit_reason":"exit_signal","initial_stop_loss_abs":0.17763,"initial_stop_loss_ratio":-0.05,"stop_loss_abs":0.17763,"stop_loss_ratio":-0.05,"min_rate":0.18172,"max_rate":0.18704,"is_open":false,"enter_tag":"","leverage":1.0,"is_short":false,"open_timestamp":1762084800000,"close_timestamp":1762128000000,"orders":[{"amount":1752.0,"safe_price":0.18697,"ft_order_side":"buy","order_filled_timestamp":1762084800000,"ft_is_entry":true,"ft_order_tag":"","cost":327.89901144},{"amount":1752.0,"safe_price":0.18639,"ft_order_side":"sell","order_filled_timestamp":1762128000000,"ft_is_entry":false,"ft_order_tag":"exit_signal","cost":326.88183527999996}],"funding_fees":0.0,"weekday":0},{"pair":"DOGE/USDT","stake_amount":326.9292,"max_stake_amount":326.9292,"amount":1976.0,"open_date":"2025-11-07 15:00:00+00:00","close_date":"2025-11-07 16:00:00+00:00","open_rate":0.16545,"close_rate":0.16902,"fee_open":0.001,"fee_close":0.001,"trade_duration":60,"profit_ratio":0.019536401948006665,"profit_abs":6.39340728,"exit_reason":"exit_signal","initial_stop_loss_abs":0.15718,"initial_stop_loss_ratio":-0.05,"stop_loss_abs":0.15718,"stop_loss_ratio":-0.05,"min_rate":0.16408,"max_rate":0.17555,"is_open":false,"enter_tag":"","leverage":1.0,"is_short":false,"open_timestamp":1762527600000,"close_timestamp":1762531200000,"orders":[{"amount":1976.0,"safe_price":0.16545,"ft_order_side":"buy","order_filled_timestamp":1762527600000,"ft_is_entry":true,"ft_order_tag":"","cost":327.2561292},{"amount":1976.0,"safe_price":0.16902,"ft_order_side":"sell","order_filled_timestamp":1762531200000,"ft_is_entry":false,"ft_order_tag":"exit_signal","cost":334.31750351999995}],"funding_fees":0.0,"weekday":4},{"pair":"DOGE/USDT","stake_amount":329.07368,"max_stake_amount":329.07368,"amount":1829.0,"open_date":"2025-11-10 20:00:00+00:00","close_date":"2025-11-10 22:00:00+00:00","open_rate":0.17992,"close_rate":0.18028020020020016,"fee_open":0.001,"fee_close":0.001,"trade_duration":120,"profit_ratio":0.0,"profit_abs":0.0,"exit_reason":"roi","initial_stop_loss_abs":0.17093,"initial_stop_loss_ratio":-0.05,"stop_loss_abs":0.17093,"stop_loss_ratio":-0.05,"min_rate":0.17824,"max_rate":0.18418,"is_open":false,"enter_tag":"","leverage":1.0,"is_short":false,"open_timestamp":1762804800000,"close_timestamp":1762812000000,"orders":[{"amount":1829.0,"safe_price":0.17992,"ft_order_side":"buy","order_filled_timestamp":1762804800000,"ft_is_entry":true,"ft_order_tag":"","cost":329.40275367999993},{"amount":1829.0,"safe_price":0.18028020020020016,"ft_order_side":"sell","order_filled_timestamp":1762812000000,"ft_is_entry":false,"ft_order_tag":"roi","cost":330.0622186523322}],"funding_fees":0.0,"weekday":0},{"pair":"DOGE/USDT","stake_amount":329.0594,"max_stake_amount":329.0594,"amount":1795.0,"open_date":"2025-11-10 23:00:00+00:00","close_date":"2025-11-11 01:00:00+00:00","open_rate":0.18332,"close_rate":0.183687007007007,"fee_open":0.001,"fee_close":0.001,"trade_duration":120,"profit_ratio":0.0,"profit_abs":0.0,"exit_reason":"roi","initial_stop_loss_abs":0.17416,"initial_stop_loss_ratio":-0.05,"stop_loss_abs":0.17416,"stop_loss_ratio":-0.05,"min_rate":0.17933,"max_rate":0.1864,"is_open":false,"enter_tag":"","leverage":1.0,"is_short":false,"open_timestamp":1762815600000,"close_timestamp":1762822800000,"orders":[{"amount":1795.0,"safe_price":0.18332,"ft_order_side":"buy","order_filled_timestamp":1762815600000,"ft_is_entry":true,"ft_order_tag":"","cost":329.3884594},{"amount":1795.0,"safe_price":0.183687007007007,"ft_order_side":"sell","order_filled_timestamp":1762822800000,"ft_is_entry":false,"ft_order_tag":"roi","cost":330.0478957551551}],"funding_fees":0.0,"weekday":1},{"pair":"DOGE/USDT","stake_amount":329.10015,"max_stake_amount":329.10015,"amount":2011.0,"open_date":"2025-11-15 23:00:00+00:00","close_date":"2025-11-16 03:00:00+00:00","open_rate":0.16365,"close_rate":0.1639776276276276,"fee_open":0.001,"fee_close":0.001,"trade_duration":240,"profit_ratio":0.0,"profit_abs":0.0,"exit_reason":"roi","initial_stop_loss_abs":0.15547,"initial_stop_loss_ratio":-0.05,"stop_loss_abs":0.15547,"stop_loss_ratio":-0.05,"min_rate":0.15998,"max_rate":0.16445,"is_open":false,"enter_tag":"","leverage":1.0,"is_short":false,"open_timestamp":1763247600000,"close_timestamp":1763262000000,"orders":[{"amount":2011.0,"safe_price":0.16365,"ft_order_side":"buy","order_filled_timestamp":1763247600000,"ft_is_entry":true,"ft_order_tag":"","cost":329.42925015},{"amount":2011.0,"safe_price":0.1639776276276276,"ft_order_side":"sell","order_filled_timestamp":1763262000000,"ft_is_entry":false,"ft_order_tag":"roi","cost":330.08876816831827}],"funding_fees":0.0,"weekday":6},{"pair":"DOGE/USDT","stake_amount":329.16468,"max_stake_amount":329.16468,"amount":2028.0,"open_date":"2025-11-17 15:00:00+00:00","close_date":"2025-11-17 18:00:00+00:00","open_rate":0.16231,"close_rate":0.1542,"fee_open":0.001,"fee_close":0.001,"trade_duration":180,"profit_ratio":-0.051864283827810415,"profit_abs":-17.08896228,"exit_reason":"stop_loss","initial_stop_loss_abs":0.1542,"initial_stop_loss_ratio":-0.05,"stop_loss_abs":0.1542,"stop_loss_ratio":-0.05,"min_rate":0.15372,"max_rate":0.16367,"is_open":false,"enter_tag":"","leverage":1.0,"is_short":false,"open_timestamp":1763391600000,"close_timestamp":1763402400000,"orders":[{"amount":2028.0,"safe_price":0.16231,"ft_order_side":"buy","order_filled_timestamp":1763391600000,"ft_is_entry":true,"ft_order_tag":"","cost":329.49384468},{"amount":2028.0,"safe_price":0.1542,"ft_order_side":"sell","order_filled_timestamp":1763402400000,"ft_is_entry":false,"ft_order_tag":"stop_loss","cost":313.0303176}],"funding_fees":0.0,"weekday":0},{"pair":"DOGE/USDT","stake_amount":323.46363,"max_stake_amount":323.46363,"amount":2219.0,"open_date":"2025-11-24 14:00:00+00:00","close_date":"2025-11-24 16:00:00+00:00","open_rate":0.14577,"close_rate":0.14682,"fee_open":0.001,"fee_close":0.001,"trade_duration":120,"profit_ratio":0.005190734353113443,"profit_abs":1.68069279,"exit_reason":"roi","initial_stop_loss_abs":0.13849,"initial_stop_loss_ratio":-0.05,"stop_loss_abs":0.13849,"stop_loss_ratio":-0.05,"min_rate":0.14279,"max_rate":0.14854,"is_open":false,"enter_tag":"","leverage":1.0,"is_short":false,"open_timestamp":1763992800000,"close_timestamp":1764000000000,"orders":[{"amount":2219.0,"safe_price":0.14577,"ft_order_side":"buy","order_filled_timestamp":1763992800000,"ft_is_entry":true,"ft_order_tag":"","cost":323.78709363},{"amount":2219.0,"safe_price":0.14682,"ft_order_side":"sell","order_filled_timestamp":1764000000000,"ft_is_entry":false,"ft_order_tag":"roi","cost":326.11937358}],"funding_fees":0.0,"weekday":0},{"pair":"DOGE/USDT","stake_amount":324.03736,"max_stake_amount":324.03736,"amount":2164.0,"open_date":"2025-11-25 17:00:00+00:00","close_date":"2025-11-25 18:00:00+00:00","open_rate":0.14974,"close_rate":0.15106,"fee_open":0.001,"fee_close":0.001,"trade_duration":60,"profit_ratio":0.006799664873659798,"profit_abs":2.2055488,"exit_reason":"exit_signal","initial_stop_loss_abs":0.14226,"initial_stop_loss_ratio":-0.05,"stop_loss_abs":0.14226,"stop_loss_ratio":-0.05,"min_rate":0.14915,"max_rate":0.15222,"is_open":false,"enter_tag":"","leverage":1.0,"is_short":false,"open_timestamp":1764090000000,"close_timestamp":1764093600000,"orders":[{"amount":2164.0,"safe_price":0.14974,"ft_order_side":"buy","order_filled_timestamp":1764090000000,"ft_is_entry":true,"ft_order_tag":"","cost":324.36139736},{"amount":2164.0,"safe_price":0.15106,"ft_order_side":"sell","order_filled_timestamp":1764093600000,"ft_is_entry":false,"ft_order_tag":"exit_signal","cost":327.22073384}],"funding_fees":0.0,"weekday":1},{"pair":"DOGE/USDT","stake_amount":324.7628,"max_stake_amount":324.7628,"amount":2120.0,"open_date":"2025-11-28 09:00:00+00:00","close_date":"2025-11-28 14:00:00+00:00","open_rate":0.15319,"close_rate":0.15349668668668665,"fee_open":0.001,"fee_close":0.001,"trade_duration":300,"profit_ratio":0.0,"profit_abs":0.0,"exit_reason":"roi","initial_stop_loss_abs":0.14554,"initial_stop_loss_ratio":-0.05,"stop_loss_abs":0.14554,"stop_loss_ratio":-0.05,"min_rate":0.14975,"max_rate":0.15395,"is_open":false,"enter_tag":"","leverage":1.0,"is_short":false,"open_timestamp":1764320400000,"close_timestamp":1764338400000,"orders":[{"amount":2120.0,"safe_price":0.15319,"ft_order_side":"buy","order_filled_timestamp":1764320400000,"ft_is_entry":true,"ft_order_tag":"","cost":325.08756279999994},{"amount":2120.0,"safe_price":0.15349668668668665,"ft_order_side":"sell","order_filled_timestamp":1764338400000,"ft_is_entry":false,"ft_order_tag":"roi","cost":325.73838875155144}],"funding_fees":0.0,"weekday":4},{"pair":"DOGE/USDT","stake_amount":324.67875,"max_stake_amount":324.67875,"amount":2315.0,"open_date":"2025-12-07 03:00:00+00:00","close_date":"2025-12-07 06:00:00+00:00","open_rate":0.14025,"close_rate":0.14053078078078077,"fee_open":0.001,"fee_close":0.001,"trade_duration":180,"profit_ratio":0.0,"profit_abs":0.0,"exit_reason":"roi","initial_stop_loss_abs":0.13324,"initial_stop_loss_ratio":-0.05,"stop_loss_abs":0.13324,"stop_loss_ratio":-0.05,"min_rate":0.13979,"max_rate":0.1409,"is_open":false,"enter_tag":"","leverage":1.0,"is_short":false,"open_timestamp":1765076400000,"close_timestamp":1765087200000,"orders":[{"amount":2315.0,"safe_price":0.14025,"ft_order_side":"buy","order_filled_timestamp":1765076400000,"ft_is_entry":true,"ft_order_tag":"","cost":325.00342875},{"amount":2315.0,"safe_price":0.14053078078078077,"ft_order_side":"sell","order_filled_timestamp":1765087200000,"ft_is_entry":false,"ft_order_tag":"roi","cost":325.65408626501494}],"funding_fees":0.0,"weekday":6},{"pair":"DOGE/USDT","stake_amount":324.7768,"max_stake_amount":324.7768,"amount":2320.0,"open_date":"2025-12-08 02:00:00+00:00","close_date":"2025-12-08 04:00:00+00:00","open_rate":0.13999,"close_rate":0.14031,"fee_open":0.001,"fee_close":0.001,"trade_duration":120,"profit_ratio":0.00028330837674362216,"profit_abs":0.092104,"exit_reason":"roi","initial_stop_loss_abs":0.133,"initial_stop_loss_ratio":-0.05,"stop_loss_abs":0.133,"stop_loss_ratio":-0.05,"min_rate":0.1396,"max_rate":0.14144,"is_open":false,"enter_tag":"","leverage":1.0,"is_short":false,"open_timestamp":1765159200000,"close_timestamp":1765166400000,"orders":[{"amount":2320.0,"safe_price":0.13999,"ft_order_side":"buy","order_filled_timestamp":1765159200000,"ft_is_entry":true,"ft_order_tag":"","cost":325.1015767999999},{"amount":2320.0,"safe_price":0.14031,"ft_order_side":"sell","order_filled_timestamp":1765166400000,"ft_is_entry":false,"ft_order_tag":"roi","cost":325.84471919999993}],"funding_fees":0.0,"weekday":0},{"pair":"DOGE/USDT","stake_amount":324.79744,"max_stake_amount":324.79744,"amount":2336.0,"open_date":"2025-12-14 03:00:00+00:00","close_date":"2025-12-15 15:00:00+00:00","open_rate":0.13904,"close_rate":0.13209,"fee_open":0.001,"fee_close":0.001,"trade_duration":2160,"profit_ratio":-0.05188374628823421,"profit_abs":-16.86855968,"exit_reason":"stop_loss","initial_stop_loss_abs":0.13209,"initial_stop_loss_ratio":-0.05,"stop_loss_abs":0.13209,"stop_loss_ratio":-0.05,"min_rate":0.12977,"max_rate":0.13925,"is_open":false,"enter_tag":"","leverage":1.0,"is_short":false,"open_timestamp":1765681200000,"close_timestamp":1765810800000,"orders":[{"amount":2336.0,"safe_price":0.13904,"ft_order_side":"buy","order_filled_timestamp":1765681200000,"ft_is_entry":true,"ft_order_tag":"","cost":325.12223743999994},{"amount":2336.0,"safe_price":0.13209,"ft_order_side":"sell","order_filled_timestamp":1765810800000,"ft_is_entry":false,"ft_order_tag":"stop_loss","cost":308.87080224}],"funding_fees":0.0,"weekday":0},{"pair":"DOGE/USDT","stake_amount":319.19193,"max_stake_amount":319.19193,"amount":2439.0,"open_date":"2025-12-16 11:00:00+00:00","close_date":"2025-12-16 13:00:00+00:00","open_rate":0.13087,"close_rate":0.13139,"fee_open":0.001,"fee_close":0.001,"trade_duration":120,"profit_ratio":0.0019674678496409987,"profit_abs":0.62862786,"exit_reason":"roi","initial_stop_loss_abs":0.12433,"initial_stop_loss_ratio":-0.05,"stop_loss_abs":0.12433,"stop_loss_ratio":-0.05,"min_rate":0.12975,"max_rate":0.13263,"is_open":false,"enter_tag":"","leverage":1.0,"is_short":false,"open_timestamp":1765882800000,"close_timestamp":1765890000000,"orders":[{"amount":2439.0,"safe_price":0.13087,"ft_order_side":"buy","order_filled_timestamp":1765882800000,"ft_is_entry":true,"ft_order_tag":"","cost":319.51112192999994},{"amount":2439.0,"safe_price":0.13139,"ft_order_side":"sell","order_filled_timestamp":1765890000000,"ft_is_entry":false,"ft_order_tag":"roi","cost":320.78067021}],"funding_fees":0.0,"weekday":1},{"pair":"DOGE/USDT","stake_amount":319.36047,"max_stake_amount":319.36047,"amount":2431.0,"open_date":"2025-12-16 15:00:00+00:00","close_date":"2025-12-16 17:00:00+00:00","open_rate":0.13137,"close_rate":0.13164,"fee_open":0.001,"fee_close":0.001,"trade_duration":120,"profit_ratio":5.315533975045279e-05,"profit_abs":0.01699269,"exit_reason":"roi","initial_stop_loss_abs":0.12481,"initial_stop_loss_ratio":-0.05,"stop_loss_abs":0.12481,"stop_loss_ratio":-0.05,"min_rate":0.13069,"max_rate":0.13305,"is_open":false,"enter_tag":"","leverage":1.0,"is_short":false,"open_timestamp":1765897200000,"close_timestamp":1765904400000,"orders":[{"amount":2431.0,"safe_price":0.13137,"ft_order_side":"buy","order_filled_timestamp":1765897200000,"ft_is_entry":true,"ft_order_tag":"","cost":319.67983046999996},{"amount":2431.0,"safe_price":0.13164,"ft_order_side":"sell","order_filled_timestamp":1765904400000,"ft_is_entry":false,"ft_order_tag":"roi","cost":320.33685683999994}],"funding_fees":0.0,"weekday":1},{"pair":"DOGE/USDT","stake_amount":319.46633,"max_stake_amount":319.46633,"amount":2437.0,"open_date":"2025-12-17 14:00:00+00:00","close_date":"2025-12-17 15:00:00+00:00","open_rate":0.13109,"close_rate":0.13448,"fee_open":0.001,"fee_close":0.001,"trade_duration":60,"profit_ratio":0.02381042559545878,"profit_abs":7.61423591,"exit_reason":"exit_signal","initial_stop_loss_abs":0.12454,"initial_stop_loss_ratio":-0.05,"stop_loss_abs":0.12454,"stop_loss_ratio":-0.05,"min_rate":0.12942,"max_rate":0.13631,"is_open":false,"enter_tag":"","leverage":1.0,"is_short":false,"open_timestamp":1765980000000,"close_timestamp":1765983600000,"orders":[{"amount":2437.0,"safe_price":0.13109,"ft_order_side":"buy","order_filled_timestamp":1765980000000,"ft_is_entry":true,"ft_order_tag":"","cost":319.78579633},{"amount":2437.0,"safe_price":0.13448,"ft_order_side":"sell","order_filled_timestamp":1765983600000,"ft_is_entry":false,"ft_order_tag":"exit_signal","cost":328.05548775999995}],"funding_fees":0.0,"weekday":2},{"pair":"DOGE/USDT","stake_amount":321.92412,"max_stake_amount":321.92412,"amount":2597.0,"open_date":"2025-12-28 23:00:00+00:00","close_date":"2025-12-29 01:00:00+00:00","open_rate":0.12396,"close_rate":0.12514,"fee_open":0.001,"fee_close":0.001,"trade_duration":120,"profit_ratio":0.007502178363746611,"profit_abs":2.4175473,"exit_reason":"exit_signal","initial_stop_loss_abs":0.11777,"initial_stop_loss_ratio":-0.05,"stop_loss_abs":0.11777,"stop_loss_ratio":-0.05,"min_rate":0.12324,"max_rate":0.12604,"is_open":false,"enter_tag":"","leverage":1.0,"is_short":false,"open_timestamp":1766962800000,"close_timestamp":1766970000000,"orders":[{"amount":2597.0,"safe_price":0.12396,"ft_order_side":"buy","order_filled_timestamp":1766962800000,"ft_is_entry":true,"ft_order_tag":"","cost":322.24604411999997},{"amount":2597.0,"safe_price":0.12514,"ft_order_side":"sell","order_filled_timestamp":1766970000000,"ft_is_entry":false,"ft_order_tag":"exit_signal","cost":325.31356858}],"funding_fees":0.0,"weekday":0},{"pair":"DOGE/USDT","stake_amount":322.7184,"max_stake_amount":322.7184,"amount":2456.0,"open_date":"2026-01-02 13:00:00+00:00","close_date":"2026-01-02 15:00:00+00:00","open_rate":0.1314,"close_rate":0.13403,"fee_open":0.001,"fee_close":0.001,"trade_duration":120,"profit_ratio":0.017977228251200853,"profit_abs":5.80738392,"exit_reason":"roi","initial_stop_loss_abs":0.12483,"initial_stop_loss_ratio":-0.05,"stop_loss_abs":0.12483,"stop_loss_ratio":-0.05,"min_rate":0.12955,"max_rate":0.13623,"is_open":false,"enter_tag":"","leverage":1.0,"is_short":false,"open_timestamp":1767358800000,"close_timestamp":1767366000000,"orders":[{"amount":2456.0,"safe_price":0.1314,"ft_order_side":"buy","order_filled_timestamp":1767358800000,"ft_is_entry":true,"ft_order_tag":"","cost":323.04111839999996},{"amount":2456.0,"safe_price":0.13403,"ft_order_side":"sell","order_filled_timestamp":1767366000000,"ft_is_entry":false,"ft_order_tag":"roi","cost":329.50685768}],"funding_fees":0.0,"weekday":4},{"pair":"DOGE/USDT","stake_amount":324.60312,"max_stake_amount":324.60312,"amount":2276.0,"open_date":"2026-01-03 10:00:00+00:00","close_date":"2026-01-03 12:00:00+00:00","open_rate":0.14262,"close_rate":0.14290552552552552,"fee_open":0.001,"fee_close":0.001,"trade_duration":120,"profit_ratio":0.0,"profit_abs":0.0,"exit_reason":"roi","initial_stop_loss_abs":0.13549,"initial_stop_loss_ratio":-0.05,"stop_loss_abs":0.13549,"stop_loss_ratio":-0.05,"min_rate":0.14221,"max_rate":0.14329,"is_open":false,"enter_tag":"","leverage":1.0,"is_short":false,"open_timestamp":1767434400000,"close_timestamp":1767441600000,"orders":[{"amount":2276.0,"safe_price":0.14262,"ft_order_side":"buy","order_filled_timestamp":1767434400000,"ft_is_entry":true,"ft_order_tag":"","cost":324.92772311999994},{"amount":2276.0,"safe_price":0.14290552552552552,"ft_order_side":"sell","order_filled_timestamp":1767441600000,"ft_is_entry":false,"ft_order_tag":"roi","cost":325.57822907219213}],"funding_fees":0.0,"weekday":5},{"pair":"DOGE/USDT","stake_amount":324.60911,"max_stake_amount":324.60911,"amount":2281.0,"open_date":"2026-01-03 21:00:00+00:00","close_date":"2026-01-03 23:00:00+00:00","open_rate":0.14231,"close_rate":0.14275,"fee_open":0.001,"fee_close":0.001,"trade_duration":120,"profit_ratio":0.0010876622499136727,"profit_abs":0.35341814,"exit_reason":"roi","initial_stop_loss_abs":0.1352,"initial_stop_loss_ratio":-0.05,"stop_loss_abs":0.1352,"stop_loss_ratio":-0.05,"min_rate":0.14207,"max_rate":0.14372,"is_open":false,"enter_tag":"","leverage":1.0,"is_short":false,"open_timestamp":1767474000000,"close_timestamp":1767481200000,"orders":[{"amount":2281.0,"safe_price":0.14231,"ft_order_side":"buy","order_filled_timestamp":1767474000000,"ft_is_entry":true,"ft_order_tag":"","cost":324.93371910999997},{"amount":2281.0,"safe_price":0.14275,"ft_order_side":"sell","order_filled_timestamp":1767481200000,"ft_is_entry":false,"ft_order_tag":"roi","cost":325.9383627499999}],"funding_fees":0.0,"weekday":5},{"pair":"DOGE/USDT","stake_amount":324.71426,"max_stake_amount":324.71426,"amount":2158.0,"open_date":"2026-01-05 01:00:00+00:00","close_date":"2026-01-05 03:00:00+00:00","open_rate":0.15047,"close_rate":0.1519,"fee_open":0.001,"fee_close":0.001,"trade_duration":120,"profit_ratio":0.0074865654050873705,"profit_abs":2.43342554,"exit_reason":"roi","initial_stop_loss_abs":0.14295,"initial_stop_loss_ratio":-0.05,"stop_loss_abs":0.14295,"stop_loss_ratio":-0.05,"min_rate":0.15004,"max_rate":0.15248,"is_open":false,"enter_tag":"","leverage":1.0,"is_short":false,"open_timestamp":1767574800000,"close_timestamp":1767582000000,"orders":[{"amount":2158.0,"safe_price":0.15047,"ft_order_side":"buy","order_filled_timestamp":1767574800000,"ft_is_entry":true,"ft_order_tag":"","cost":325.0389742599999},{"amount":2158.0,"safe_price":0.1519,"ft_order_side":"sell","order_filled_timestamp":1767582000000,"ft_is_entry":false,"ft_order_tag":"roi","cost":328.1280002}],"funding_fees":0.0,"weekday":0}],"locks":[],"best_pair":{"key":"DOGE/USDT","trades":30,"profit_mean":-0.0012582503796543132,"profit_mean_pct":-0.13,"profit_total_abs":-13.220563249999998,"profit_total":-0.013220563249999998,"profit_total_pct":-1.32,"duration_avg":"4:26:00","wins":16,"draws":9,"losses":5,"winrate":0.5333333333333333,"cagr":-0.04884595983511275,"expectancy":-0.44068544166666634,"expectancy_ratio":-0.3314319352059568,"sortino":-0.42157718846804143,"sharpe":-0.35359018739225156,"calmar":-6.2645656706954505,"sqn":-0.3223,"profit_factor":0.8114083887642589,"max_drawdown_account":0.04156556516604565,"max_drawdown_abs":41.959060810000004},"worst_pair":{"key":"DOGE/USDT","trades":30,"profit_mean":-0.0012582503796543132,"profit_mean_pct":-0.13,"profit_total_abs":-13.220563249999998,"profit_total":-0.013220563249999998,"profit_total_pct":-1.32,"duration_avg":"4:26:00","wins":16,"draws":9,"losses":5,"winrate":0.5333333333333333,"cagr":-0.04884595983511275,"expectancy":-0.44068544166666634,"expectancy_ratio":-0.3314319352059568,"sortino":-0.42157718846804143,"sharpe":-0.35359018739225156,"calmar":-6.2645656706954505,"sqn":-0.3223,"profit_factor":0.8114083887642589,"max_drawdown_account":0.04156556516604565,"max_drawdown_abs":41.959060810000004},"results_per_pair":[{"key":"DOGE/USDT","trades":30,"profit_mean":-0.0012582503796543132,"profit_mean_pct":-0.13,"profit_total_abs":-13.220563249999998,"profit_total":-0.013220563249999998,"profit_total_pct":-1.32,"duration_avg":"4:26:00","wins":16,"draws":9,"losses":5,"winrate":0.5333333333333333,"cagr":-0.04884595983511275,"expectancy":-0.44068544166666634,"expectancy_ratio":-0.3314319352059568,"sortino":-0.42157718846804143,"sharpe":-0.35359018739225156,"calmar":-6.2645656706954505,"sqn":-0.3223,"profit_factor":0.8114083887642589,"max_drawdown_account":0.04156556516604565,"max_drawdown_abs":41.959060810000004},{"key":"TOTAL","trades":30,"profit_mean":-0.0012582503796543132,"profit_mean_pct":-0.13,"profit_total_abs":-13.220563249999998,"profit_total":-0.013220563249999998,"profit_total_pct":-1.32,"duration_avg":"4:26:00","wins":16,"draws":9,"losses":5,"winrate":0.5333333333333333,"cagr":-0.04884595983511275,"expectancy":-0.44068544166666634,"expectancy_ratio":-0.3314319352059568,"sortino":-0.42157718846804143,"sharpe":-0.35359018739225156,"calmar":-6.2645656706954505,"sqn":-0.3223,"profit_factor":0.8114083887642589,"max_drawdown_account":0.04156556516604565,"max_drawdown_abs":41.959060810000004}],"results_per_enter_tag":[{"key":"","trades":30,"profit_mean":-0.0012582503796543132,"profit_mean_pct":-0.13,"profit_total_abs":-13.220563249999998,"profit_total":-0.013220563249999998,"profit_total_pct":-1.32,"duration_avg":"4:26:00","wins":16,"draws":9,"losses":5,"winrate":0.5333333333333333,"cagr":-0.04884595983511275,"expectancy":-0.44068544166666634,"expectancy_ratio":-0.3314319352059568,"sortino":-0.42157718846804143,"sharpe":-0.35359018739225156,"calmar":-6.2645656706954505,"sqn":-0.3223,"profit_factor":0.8114083887642589,"max_drawdown_account":0.04156556516604565,"max_drawdown_abs":41.959060810000004},{"key":"TOTAL","trades":30,"profit_mean":-0.0012582503796543132,"profit_mean_pct":-0.13,"profit_total_abs":-13.220563249999998,"profit_total":-0.013220563249999998,"profit_total_pct":-1.32,"duration_avg":"4:26:00","wins":16,"draws":9,"losses":5,"winrate":0.5333333333333333,"cagr":-0.04884595983511275,"expectancy":-0.44068544166666634,"expectancy_ratio":-0.3314319352059568,"sortino":-0.42157718846804143,"sharpe":-0.35359018739225156,"calmar":-6.2645656706954505,"sqn":-0.3223,"profit_factor":0.8114083887642589,"max_drawdown_account":0.04156556516604565,"max_drawdown_abs":41.959060810000004}],"exit_reason_summary":[{"key":"roi","trades":20,"profit_mean":0.005769481385855413,"profit_mean_pct":0.58,"profit_total_abs":37.66379958,"profit_total":0.037663799580000004,"profit_total_pct":3.77,"duration_avg":"2:21:00","wins":11,"draws":9,"losses":0,"winrate":0.55,"cagr":0.14926296899615554,"expectancy":1.8831899790000006,"expectancy_ratio":100.0,"sortino":-100,"sharpe":1.9885299348360956,"calmar":-100,"sqn":2.2004,"profit_factor":0.0,"max_drawdown_account":0.0,"max_drawdown_abs":0.0},{"key":"exit_signal","trades":6,"profit_mean":0.009057357581956022,"profit_mean_pct":0.91,"profit_total_abs":17.546895069999998,"profit_total":0.01754689507,"profit_total_pct":1.75,"duration_avg":"3:00:00","wins":5,"draws":0,"losses":1,"winrate":0.8333333333333334,"cagr":0.06764403088291893,"expectancy":2.924482511666667,"expectancy_ratio":1.7508865254383794,"sortino":-100,"sharpe":1.0805360133323338,"calmar":207.03251738460114,"sqn":2.0446,"profit_factor":11.505319152630275,"max_drawdown_account":0.0016693077669797849,"max_drawdown_abs":1.67028672},{"key":"stop_loss","trades":4,"profit_mean":-0.051870321149618454,"profit_mean_pct":-5.19,"profit_total_abs":-68.4312579,"profit_total":-0.0684312579,"profit_total_pct":-6.84,"duration_avg":"17:00:00","wins":0,"draws":0,"losses":4,"winrate":0.0,"cagr":-0.2341227150527091,"expectancy":-17.107814475,"expectancy_ratio":-1.0,"sortino":-86.8034884665201,"sharpe":-86.8034884665201,"calmar":-19.695848633549282,"sqn":-190.8372,"profit_factor":0.0,"max_drawdown_account":0.06843125789999999,"max_drawdown_abs":68.4312579},{"key":"TOTAL","trades":30,"profit_mean":-0.0012582503796543132,"profit_mean_pct":-0.13,"profit_total_abs":-13.220563249999998,"profit_total":-0.013220563249999998,"profit_total_pct":-1.32,"duration_avg":"4:26:00","wins":16,"draws":9,"losses":5,"winrate":0.5333333333333333,"cagr":-0.04884595983511275,"expectancy":-0.44068544166666634,"expectancy_ratio":-0.3314319352059568,"sortino":-0.42157718846804143,"sharpe":-0.35359018739225156,"calmar":-6.2645656706954505,"sqn":-0.3223,"profit_factor":0.8114083887642589,"max_drawdown_account":0.04156556516604565,"max_drawdown_abs":41.959060810000004}],"mix_tag_stats":[{"key":["","roi"],"trades":20,"profit_mean":0.005769481385855413,"profit_mean_pct":0.58,"profit_total_abs":37.66379958,"profit_total":0.037663799580000004,"profit_total_pct":3.77,"duration_avg":"2:21:00","wins":11,"draws":9,"losses":0,"winrate":0.55,"cagr":0.14926296899615554,"expectancy":1.8831899790000006,"expectancy_ratio":100.0,"sortino":-100,"sharpe":1.9885299348360956,"calmar":-100,"sqn":2.2004,"profit_factor":0.0,"max_drawdown_account":0.0,"max_drawdown_abs":0.0},{"key":["","exit_signal"],"trades":6,"profit_mean":0.009057357581956022,"profit_mean_pct":0.91,"profit_total_abs":17.546895069999998,"profit_total":0.01754689507,"profit_total_pct":1.75,"duration_avg":"3:00:00","wins":5,"draws":0,"losses":1,"winrate":0.8333333333333334,"cagr":0.06764403088291893,"expectancy":2.924482511666667,"expectancy_ratio":1.7508865254383794,"sortino":-100,"sharpe":1.0805360133323338,"calmar":207.03251738460114,"sqn":2.0446,"profit_factor":11.505319152630275,"max_drawdown_account":0.0016693077669797849,"max_drawdown_abs":1.67028672},{"key":["","stop_loss"],"trades":4,"profit_mean":-0.051870321149618454,"profit_mean_pct":-5.19,"profit_total_abs":-68.4312579,"profit_total":-0.0684312579,"profit_total_pct":-6.84,"duration_avg":"17:00:00","wins":0,"draws":0,"losses":4,"winrate":0.0,"cagr":-0.2341227150527091,"expectancy":-17.107814475,"expectancy_ratio":-1.0,"sortino":-86.8034884665201,"sharpe":-86.8034884665201,"calmar":-19.695848633549282,"sqn":-190.8372,"profit_factor":0.0,"max_drawdown_account":0.06843125789999999,"max_drawdown_abs":68.4312579},{"key":"TOTAL","trades":30,"profit_mean":-0.0012582503796543132,"profit_mean_pct":-0.13,"profit_total_abs":-13.220563249999998,"profit_total":-0.013220563249999998,"profit_total_pct":-1.32,"duration_avg":"4:26:00","wins":16,"draws":9,"losses":5,"winrate":0.5333333333333333,"cagr":-0.04884595983511275,"expectancy":-0.44068544166666634,"expectancy_ratio":-0.3314319352059568,"sortino":-0.42157718846804143,"sharpe":-0.35359018739225156,"calmar":-6.2645656706954505,"sqn":-0.3223,"profit_factor":0.8114083887642589,"max_drawdown_account":0.04156556516604565,"max_drawdown_abs":41.959060810000004}],"left_open_trades":[{"key":"TOTAL","trades":0,"profit_mean":0.0,"profit_mean_pct":0.0,"profit_total_abs":0.0,"profit_total":0.0,"profit_total_pct":0.0,"duration_avg":"0:00","wins":0,"draws":0,"losses":0,"winrate":0.0,"cagr":0.0,"expectancy":0.0,"expectancy_ratio":100.0,"sortino":0,"sharpe":0,"calmar":0,"sqn":0.0,"profit_factor":0.0,"max_drawdown_account":0.0,"max_drawdown_abs":0.0}],"total_trades":30,"trade_count_long":30,"trade_count_short":0,"total_volume":19600.191739005753,"avg_stake_amount":326.237518,"profit_mean":-0.0012582503796543132,"profit_median":0.00016823185824703748,"profit_total":-0.013220563249999998,"profit_total_long":-0.013220563249999998,"profit_total_short":0.0,"profit_total_abs":-13.220563249999998,"profit_total_long_abs":-13.220563249999998,"profit_total_short_abs":0.0,"cagr":-0.048845959835113195,"expectancy":-0.44068544166666634,"expectancy_ratio":-0.3314319352059568,"sortino":-0.42157718846804143,"sharpe":-0.35359018739225156,"calmar":-6.2645656706954505,"sqn":-0.3223,"profit_factor":0.8114083887642589,"backtest_start":"2025-10-01 00:00:00","backtest_start_ts":1759276800000,"backtest_end":"2026-01-06 20:00:00","backtest_end_ts":1767729600000,"backtest_days":97,"backtest_run_start_ts":1767736532,"backtest_run_end_ts":1767736532,"trades_per_day":0.31,"market_change":-0.36632086436227446,"pairlist":["DOGE/USDT"],"stake_amount":"unlimited","stake_currency":"USDT","stake_currency_decimals":3,"starting_balance":1000,"dry_run_wallet":1000,"final_balance":986.77943675,"rejected_signals":0,"timedout_entry_orders":0,"timedout_exit_orders":0,"canceled_trade_entries":0,"canceled_entry_orders":0,"replaced_entry_orders":0,"max_open_trades":1,"max_open_trades_setting":3,"timeframe":"1h","timeframe_detail":"","timerange":"20251001-","enable_protections":false,"strategy_name":"ACO_6_4","freqaimodel":null,"freqai_identifier":null,"stoploss":-0.05,"trailing_stop":false,"trailing_stop_positive":null,"trailing_stop_positive_offset":0.0,"trailing_only_offset_is_reached":false,"use_custom_stoploss":false,"minimal_roi":{"0":0.1,"60":0.05,"120":0.0},"use_exit_signal":true,"exit_profit_only":false,"exit_profit_offset":0.0,"ignore_roi_if_entry_signal":false,"trading_mode":"spot","margin_mode":"","periodic_breakdown":{"day":[{"date":"02/10/2025","date_ts":1759363200000,"profit_abs":3.1262117,"wins":1,"draws":0,"losses":0,"trades":1,"profit_factor":0.0},{"date":"03/10/2025","date_ts":1759449600000,"profit_abs":0.0,"wins":0,"draws":1,"losses":0,"trades":1,"profit_factor":0.0},{"date":"04/10/2025","date_ts":1759536000000,"profit_abs":0.0,"wins":0,"draws":0,"losses":0,"trades":0,"profit_factor":0.0},{"date":"05/10/2025","date_ts":1759622400000,"profit_abs":0.0,"wins":0,"draws":0,"losses":0,"trades":0,"profit_factor":0.0},{"date":"06/10/2025","date_ts":1759708800000,"profit_abs":0.0,"wins":0,"draws":0,"losses":0,"trades":0,"profit_factor":0.0},{"date":"07/10/2025","date_ts":1759795200000,"profit_abs":-17.18428844,"wins":0,"draws":0,"losses":1,"trades":1,"profit_factor":0.0},{"date":"08/10/2025","date_ts":1759881600000,"profit_abs":0.0,"wins":0,"draws":0,"losses":0,"trades":0,"profit_factor":0.0},{"date":"09/10/2025","date_ts":1759968000000,"profit_abs":0.0,"wins":0,"draws":0,"losses":0,"trades":0,"profit_factor":0.0},{"date":"10/10/2025","date_ts":1760054400000,"profit_abs":0.0,"wins":0,"draws":1,"losses":0,"trades":1,"profit_factor":0.0},{"date":"11/10/2025","date_ts":1760140800000,"profit_abs":0.0,"wins":0,"draws":0,"losses":0,"trades":0,"profit_factor":0.0},{"date":"12/10/2025","date_ts":1760227200000,"profit_abs":16.260006,"wins":1,"draws":0,"losses":0,"trades":1,"profit_factor":0.0},{"date":"13/10/2025","date_ts":1760313600000,"profit_abs":0.0,"wins":0,"draws":0,"losses":0,"trades":0,"profit_factor":0.0},{"date":"14/10/2025","date_ts":1760400000000,"profit_abs":0.0,"wins":0,"draws":0,"losses":0,"trades":0,"profit_factor":0.0},{"date":"15/10/2025","date_ts":1760486400000,"profit_abs":0.0,"wins":0,"draws":0,"losses":0,"trades":0,"profit_factor":0.0},{"date":"16/10/2025","date_ts":1760572800000,"profit_abs":0.0,"wins":0,"draws":0,"losses":0,"trades":0,"profit_factor":0.0},{"date":"17/10/2025","date_ts":1760659200000,"profit_abs":0.0,"wins":0,"draws":0,"losses":0,"trades":0,"profit_factor":0.0},{"date":"18/10/2025","date_ts":1760745600000,"profit_abs":0.0,"wins":0,"draws":0,"losses":0,"trades":0,"profit_factor":0.0},{"date":"19/10/2025","date_ts":1760832000000,"profit_abs":5.32195844,"wins":1,"draws":0,"losses":0,"trades":1,"profit_factor":0.0},{"date":"20/10/2025","date_ts":1760918400000,"profit_abs":0.0,"wins":0,"draws":0,"losses":0,"trades":0,"profit_factor":0.0},{"date":"21/10/2025","date_ts":1761004800000,"profit_abs":0.0,"wins":0,"draws":0,"losses":0,"trades":0,"profit_factor":0.0},{"date":"22/10/2025","date_ts":1761091200000,"profit_abs":0.0,"wins":0,"draws":0,"losses":0,"trades":0,"profit_factor":0.0},{"date":"23/10/2025","date_ts":1761177600000,"profit_abs":0.0,"wins":0,"draws":0,"losses":0,"trades":0,"profit_factor":0.0},{"date":"24/10/2025","date_ts":1761264000000,"profit_abs":1.9429785,"wins":1,"draws":0,"losses":0,"trades":1,"profit_factor":0.0},{"date":"25/10/2025","date_ts":1761350400000,"profit_abs":0.0,"wins":0,"draws":0,"losses":0,"trades":0,"profit_factor":0.0},{"date":"26/10/2025","date_ts":1761436800000,"profit_abs":0.0,"wins":0,"draws":0,"losses":0,"trades":0,"profit_factor":0.0},{"date":"27/10/2025","date_ts":1761523200000,"profit_abs":0.0,"wins":0,"draws":0,"losses":0,"trades":0,"profit_factor":0.0},{"date":"28/10/2025","date_ts":1761609600000,"profit_abs":-17.2894475,"wins":0,"draws":0,"losses":1,"trades":1,"profit_factor":0.0},{"date":"29/10/2025","date_ts":1761696000000,"profit_abs":0.0,"wins":0,"draws":0,"losses":0,"trades":0,"profit_factor":0.0},{"date":"30/10/2025","date_ts":1761782400000,"profit_abs":0.0,"wins":0,"draws":0,"losses":0,"trades":0,"profit_factor":0.0},{"date":"31/10/2025","date_ts":1761868800000,"profit_abs":0.0,"wins":0,"draws":0,"losses":0,"trades":0,"profit_factor":0.0},{"date":"01/11/2025","date_ts":1761955200000,"profit_abs":0.5864425,"wins":1,"draws":1,"losses":0,"trades":2,"profit_factor":0.0},{"date":"02/11/2025","date_ts":1762041600000,"profit_abs":0.0,"wins":0,"draws":0,"losses":0,"trades":0,"profit_factor":0.0},{"date":"03/11/2025","date_ts":1762128000000,"profit_abs":-1.67028672,"wins":0,"draws":0,"losses":1,"trades":1,"profit_factor":0.0},{"date":"04/11/2025","date_ts":1762214400000,"profit_abs":0.0,"wins":0,"draws":0,"losses":0,"trades":0,"profit_factor":0.0},{"date":"05/11/2025","date_ts":1762300800000,"profit_abs":0.0,"wins":0,"draws":0,"losses":0,"trades":0,"profit_factor":0.0},{"date":"06/11/2025","date_ts":1762387200000,"profit_abs":0.0,"wins":0,"draws":0,"losses":0,"trades":0,"profit_factor":0.0},{"date":"07/11/2025","date_ts":1762473600000,"profit_abs":6.39340728,"wins":1,"draws":0,"losses":0,"trades":1,"profit_factor":0.0},{"date":"08/11/2025","date_ts":1762560000000,"profit_abs":0.0,"wins":0,"draws":0,"losses":0,"trades":0,"profit_factor":0.0},{"date":"09/11/2025","date_ts":1762646400000,"profit_abs":0.0,"wins":0,"draws":0,"losses":0,"trades":0,"profit_factor":0.0},{"date":"10/11/2025","date_ts":1762732800000,"profit_abs":0.0,"wins":0,"draws":1,"losses":0,"trades":1,"profit_factor":0.0},{"date":"11/11/2025","date_ts":1762819200000,"profit_abs":0.0,"wins":0,"draws":1,"losses":0,"trades":1,"profit_factor":0.0},{"date":"12/11/2025","date_ts":1762905600000,"profit_abs":0.0,"wins":0,"draws":0,"losses":0,"trades":0,"profit_factor":0.0},{"date":"13/11/2025","date_ts":1762992000000,"profit_abs":0.0,"wins":0,"draws":0,"losses":0,"trades":0,"profit_factor":0.0},{"date":"14/11/2025","date_ts":1763078400000,"profit_abs":0.0,"wins":0,"draws":0,"losses":0,"trades":0,"profit_factor":0.0},{"date":"15/11/2025","date_ts":1763164800000,"profit_abs":0.0,"wins":0,"draws":0,"losses":0,"trades":0,"profit_factor":0.0},{"date":"16/11/2025","date_ts":1763251200000,"profit_abs":0.0,"wins":0,"draws":1,"losses":0,"trades":1,"profit_factor":0.0},{"date":"17/11/2025","date_ts":1763337600000,"profit_abs":-17.08896228,"wins":0,"draws":0,"losses":1,"trades":1,"profit_factor":0.0},{"date":"18/11/2025","date_ts":1763424000000,"profit_abs":0.0,"wins":0,"draws":0,"losses":0,"trades":0,"profit_factor":0.0},{"date":"19/11/2025","date_ts":1763510400000,"profit_abs":0.0,"wins":0,"draws":0,"losses":0,"trades":0,"profit_factor":0.0},{"date":"20/11/2025","date_ts":1763596800000,"profit_abs":0.0,"wins":0,"draws":0,"losses":0,"trades":0,"profit_factor":0.0},{"date":"21/11/2025","date_ts":1763683200000,"profit_abs":0.0,"wins":0,"draws":0,"losses":0,"trades":0,"profit_factor":0.0},{"date":"22/11/2025","date_ts":1763769600000,"profit_abs":0.0,"wins":0,"draws":0,"losses":0,"trades":0,"profit_factor":0.0},{"date":"23/11/2025","date_ts":1763856000000,"profit_abs":0.0,"wins":0,"draws":0,"losses":0,"trades":0,"profit_factor":0.0},{"date":"24/11/2025","date_ts":1763942400000,"profit_abs":1.68069279,"wins":1,"draws":0,"losses":0,"trades":1,"profit_factor":0.0},{"date":"25/11/2025","date_ts":1764028800000,"profit_abs":2.2055488,"wins":1,"draws":0,"losses":0,"trades":1,"profit_factor":0.0},{"date":"26/11/2025","date_ts":1764115200000,"profit_abs":0.0,"wins":0,"draws":0,"losses":0,"trades":0,"profit_factor":0.0},{"date":"27/11/2025","date_ts":1764201600000,"profit_abs":0.0,"wins":0,"draws":0,"losses":0,"trades":0,"profit_factor":0.0},{"date":"28/11/2025","date_ts":1764288000000,"profit_abs":0.0,"wins":0,"draws":1,"losses":0,"trades":1,"profit_factor":0.0},{"date":"29/11/2025","date_ts":1764374400000,"profit_abs":0.0,"wins":0,"draws":0,"losses":0,"trades":0,"profit_factor":0.0},{"date":"30/11/2025","date_ts":1764460800000,"profit_abs":0.0,"wins":0,"draws":0,"losses":0,"trades":0,"profit_factor":0.0},{"date":"01/12/2025","date_ts":1764547200000,"profit_abs":0.0,"wins":0,"draws":0,"losses":0,"trades":0,"profit_factor":0.0},{"date":"02/12/2025","date_ts":1764633600000,"profit_abs":0.0,"wins":0,"draws":0,"losses":0,"trades":0,"profit_factor":0.0},{"date":"03/12/2025","date_ts":1764720000000,"profit_abs":0.0,"wins":0,"draws":0,"losses":0,"trades":0,"profit_factor":0.0},{"date":"04/12/2025","date_ts":1764806400000,"profit_abs":0.0,"wins":0,"draws":0,"losses":0,"trades":0,"profit_factor":0.0},{"date":"05/12/2025","date_ts":1764892800000,"profit_abs":0.0,"wins":0,"draws":0,"losses":0,"trades":0,"profit_factor":0.0},{"date":"06/12/2025","date_ts":1764979200000,"profit_abs":0.0,"wins":0,"draws":0,"losses":0,"trades":0,"profit_factor":0.0},{"date":"07/12/2025","date_ts":1765065600000,"profit_abs":0.0,"wins":0,"draws":1,"losses":0,"trades":1,"profit_factor":0.0},{"date":"08/12/2025","date_ts":1765152000000,"profit_abs":0.092104,"wins":1,"draws":0,"losses":0,"trades":1,"profit_factor":0.0},{"date":"09/12/2025","date_ts":1765238400000,"profit_abs":0.0,"wins":0,"draws":0,"losses":0,"trades":0,"profit_factor":0.0},{"date":"10/12/2025","date_ts":1765324800000,"profit_abs":0.0,"wins":0,"draws":0,"losses":0,"trades":0,"profit_factor":0.0},{"date":"11/12/2025","date_ts":1765411200000,"profit_abs":0.0,"wins":0,"draws":0,"losses":0,"trades":0,"profit_factor":0.0},{"date":"12/12/2025","date_ts":1765497600000,"profit_abs":0.0,"wins":0,"draws":0,"losses":0,"trades":0,"profit_factor":0.0},{"date":"13/12/2025","date_ts":1765584000000,"profit_abs":0.0,"wins":0,"draws":0,"losses":0,"trades":0,"profit_factor":0.0},{"date":"14/12/2025","date_ts":1765670400000,"profit_abs":0.0,"wins":0,"draws":0,"losses":0,"trades":0,"profit_factor":0.0},{"date":"15/12/2025","date_ts":1765756800000,"profit_abs":-16.86855968,"wins":0,"draws":0,"losses":1,"trades":1,"profit_factor":0.0},{"date":"16/12/2025","date_ts":1765843200000,"profit_abs":0.64562055,"wins":2,"draws":0,"losses":0,"trades":2,"profit_factor":0.0},{"date":"17/12/2025","date_ts":1765929600000,"profit_abs":7.61423591,"wins":1,"draws":0,"losses":0,"trades":1,"profit_factor":0.0},{"date":"18/12/2025","date_ts":1766016000000,"profit_abs":0.0,"wins":0,"draws":0,"losses":0,"trades":0,"profit_factor":0.0},{"date":"19/12/2025","date_ts":1766102400000,"profit_abs":0.0,"wins":0,"draws":0,"losses":0,"trades":0,"profit_factor":0.0},{"date":"20/12/2025","date_ts":1766188800000,"profit_abs":0.0,"wins":0,"draws":0,"losses":0,"trades":0,"profit_factor":0.0},{"date":"21/12/2025","date_ts":1766275200000,"profit_abs":0.0,"wins":0,"draws":0,"losses":0,"trades":0,"profit_factor":0.0},{"date":"22/12/2025","date_ts":1766361600000,"profit_abs":0.0,"wins":0,"draws":0,"losses":0,"trades":0,"profit_factor":0.0},{"date":"23/12/2025","date_ts":1766448000000,"profit_abs":0.0,"wins":0,"draws":0,"losses":0,"trades":0,"profit_factor":0.0},{"date":"24/12/2025","date_ts":1766534400000,"profit_abs":0.0,"wins":0,"draws":0,"losses":0,"trades":0,"profit_factor":0.0},{"date":"25/12/2025","date_ts":1766620800000,"profit_abs":0.0,"wins":0,"draws":0,"losses":0,"trades":0,"profit_factor":0.0},{"date":"26/12/2025","date_ts":1766707200000,"profit_abs":0.0,"wins":0,"draws":0,"losses":0,"trades":0,"profit_factor":0.0},{"date":"27/12/2025","date_ts":1766793600000,"profit_abs":0.0,"wins":0,"draws":0,"losses":0,"trades":0,"profit_factor":0.0},{"date":"28/12/2025","date_ts":1766880000000,"profit_abs":0.0,"wins":0,"draws":0,"losses":0,"trades":0,"profit_factor":0.0},{"date":"29/12/2025","date_ts":1766966400000,"profit_abs":2.4175473,"wins":1,"draws":0,"losses":0,"trades":1,"profit_factor":0.0},{"date":"30/12/2025","date_ts":1767052800000,"profit_abs":0.0,"wins":0,"draws":0,"losses":0,"trades":0,"profit_factor":0.0},{"date":"31/12/2025","date_ts":1767139200000,"profit_abs":0.0,"wins":0,"draws":0,"losses":0,"trades":0,"profit_factor":0.0},{"date":"01/01/2026","date_ts":1767225600000,"profit_abs":0.0,"wins":0,"draws":0,"losses":0,"trades":0,"profit_factor":0.0},{"date":"02/01/2026","date_ts":1767312000000,"profit_abs":5.80738392,"wins":1,"draws":0,"losses":0,"trades":1,"profit_factor":0.0},{"date":"03/01/2026","date_ts":1767398400000,"profit_abs":0.35341814,"wins":1,"draws":1,"losses":0,"trades":2,"profit_factor":0.0},{"date":"04/01/2026","date_ts":1767484800000,"profit_abs":0.0,"wins":0,"draws":0,"losses":0,"trades":0,"profit_factor":0.0},{"date":"05/01/2026","date_ts":1767571200000,"profit_abs":2.43342554,"wins":1,"draws":0,"losses":0,"trades":1,"profit_factor":0.0}],"week":[{"date":"06/10/2025","date_ts":1759708800000,"profit_abs":3.1262117,"wins":1,"draws":1,"losses":0,"trades":2,"profit_factor":0.0},{"date":"13/10/2025","date_ts":1760313600000,"profit_abs":-0.92428244,"wins":1,"draws":1,"losses":1,"trades":3,"profit_factor":0.94621352},{"date":"20/10/2025","date_ts":1760918400000,"profit_abs":5.32195844,"wins":1,"draws":0,"losses":0,"trades":1,"profit_factor":0.0},{"date":"27/10/2025","date_ts":1761523200000,"profit_abs":1.9429785,"wins":1,"draws":0,"losses":0,"trades":1,"profit_factor":0.0},{"date":"03/11/2025","date_ts":1762128000000,"profit_abs":-18.37329172,"wins":1,"draws":1,"losses":2,"trades":4,"profit_factor":0.03093095},{"date":"10/11/2025","date_ts":1762732800000,"profit_abs":6.39340728,"wins":1,"draws":1,"losses":0,"trades":2,"profit_factor":0.0},{"date":"17/11/2025","date_ts":1763337600000,"profit_abs":-17.08896228,"wins":0,"draws":2,"losses":1,"trades":3,"profit_factor":0.0},{"date":"24/11/2025","date_ts":1763942400000,"profit_abs":1.68069279,"wins":1,"draws":0,"losses":0,"trades":1,"profit_factor":0.0},{"date":"01/12/2025","date_ts":1764547200000,"profit_abs":2.2055488,"wins":1,"draws":1,"losses":0,"trades":2,"profit_factor":0.0},{"date":"08/12/2025","date_ts":1765152000000,"profit_abs":0.092104,"wins":1,"draws":1,"losses":0,"trades":2,"profit_factor":0.0},{"date":"15/12/2025","date_ts":1765756800000,"profit_abs":-16.86855968,"wins":0,"draws":0,"losses":1,"trades":1,"profit_factor":0.0},{"date":"22/12/2025","date_ts":1766361600000,"profit_abs":8.25985646,"wins":3,"draws":0,"losses":0,"trades":3,"profit_factor":0.0},{"date":"29/12/2025","date_ts":1766966400000,"profit_abs":2.4175473,"wins":1,"draws":0,"losses":0,"trades":1,"profit_factor":0.0},{"date":"05/01/2026","date_ts":1767571200000,"profit_abs":8.5942276,"wins":3,"draws":1,"losses":0,"trades":4,"profit_factor":0.0}],"month":[{"date":"31/10/2025","date_ts":1761868800000,"profit_abs":-7.8225813,"wins":4,"draws":2,"losses":2,"trades":8,"profit_factor":0.77308577},{"date":"30/11/2025","date_ts":1764460800000,"profit_abs":-7.89315763,"wins":4,"draws":5,"losses":2,"trades":11,"profit_factor":0.57923915},{"date":"31/12/2025","date_ts":1767139200000,"profit_abs":-6.09905192,"wins":5,"draws":1,"losses":1,"trades":7,"profit_factor":0.63843671},{"date":"31/01/2026","date_ts":1769817600000,"profit_abs":8.5942276,"wins":3,"draws":1,"losses":0,"trades":4,"profit_factor":0.0}],"year":[{"date":"31/12/2025","date_ts":1767139200000,"profit_abs":-21.81479085,"wins":13,"draws":8,"losses":5,"trades":26,"profit_factor":0.68881155},{"date":"31/12/2026","date_ts":1798675200000,"profit_abs":8.5942276,"wins":3,"draws":1,"losses":0,"trades":4,"profit_factor":0.0}],"weekday":[{"date":"Monday","date_ts":0,"profit_abs":-29.00403905,"wins":4,"draws":1,"losses":3,"trades":8,"profit_factor":0.18591572},{"date":"Tuesday","date_ts":1,"profit_abs":-31.62256659,"wins":3,"draws":1,"losses":2,"trades":6,"profit_factor":0.08270555},{"date":"Wednesday","date_ts":2,"profit_abs":7.61423591,"wins":1,"draws":0,"losses":0,"trades":1,"profit_factor":0.0},{"date":"Thursday","date_ts":3,"profit_abs":3.1262117,"wins":1,"draws":0,"losses":0,"trades":1,"profit_factor":0.0},{"date":"Friday","date_ts":4,"profit_abs":14.1437697,"wins":3,"draws":3,"losses":0,"trades":6,"profit_factor":0.0},{"date":"Saturday","date_ts":5,"profit_abs":0.93986064,"wins":2,"draws":2,"losses":0,"trades":4,"profit_factor":0.0},{"date":"Sunday","date_ts":6,"profit_abs":21.58196444,"wins":2,"draws":2,"losses":0,"trades":4,"profit_factor":0.0}]},"backtest_best_day":0.04995004995004995,"backtest_worst_day":-0.05188374628823421,"backtest_best_day_abs":16.260006,"backtest_worst_day_abs":-17.2894475,"winning_days":15,"draw_days":76,"losing_days":5,"daily_profit":[["2025-10-02",3.1262117],["2025-10-03",0.0],["2025-10-04",0.0],["2025-10-05",0.0],["2025-10-06",0.0],["2025-10-07",-17.18428844],["2025-10-08",0.0],["2025-10-09",0.0],["2025-10-10",0.0],["2025-10-11",0.0],["2025-10-12",16.260006],["2025-10-13",0.0],["2025-10-14",0.0],["2025-10-15",0.0],["2025-10-16",0.0],["2025-10-17",0.0],["2025-10-18",0.0],["2025-10-19",5.32195844],["2025-10-20",0.0],["2025-10-21",0.0],["2025-10-22",0.0],["2025-10-23",0.0],["2025-10-24",1.9429785],["2025-10-25",0.0],["2025-10-26",0.0],["2025-10-27",0.0],["2025-10-28",-17.2894475],["2025-10-29",0.0],["2025-10-30",0.0],["2025-10-31",0.0],["2025-11-01",0.5864425],["2025-11-02",0.0],["2025-11-03",-1.67028672],["2025-11-04",0.0],["2025-11-05",0.0],["2025-11-06",0.0],["2025-11-07",6.39340728],["2025-11-08",0.0],["2025-11-09",0.0],["2025-11-10",0.0],["2025-11-11",0.0],["2025-11-12",0.0],["2025-11-13",0.0],["2025-11-14",0.0],["2025-11-15",0.0],["2025-11-16",0.0],["2025-11-17",-17.08896228],["2025-11-18",0.0],["2025-11-19",0.0],["2025-11-20",0.0],["2025-11-21",0.0],["2025-11-22",0.0],["2025-11-23",0.0],["2025-11-24",1.68069279],["2025-11-25",2.2055488],["2025-11-26",0.0],["2025-11-27",0.0],["2025-11-28",0.0],["2025-11-29",0.0],["2025-11-30",0.0],["2025-12-01",0.0],["2025-12-02",0.0],["2025-12-03",0.0],["2025-12-04",0.0],["2025-12-05",0.0],["2025-12-06",0.0],["2025-12-07",0.0],["2025-12-08",0.092104],["2025-12-09",0.0],["2025-12-10",0.0],["2025-12-11",0.0],["2025-12-12",0.0],["2025-12-13",0.0],["2025-12-14",0.0],["2025-12-15",-16.86855968],["2025-12-16",0.64562055],["2025-12-17",7.61423591],["2025-12-18",0.0],["2025-12-19",0.0],["2025-12-20",0.0],["2025-12-21",0.0],["2025-12-22",0.0],["2025-12-23",0.0],["2025-12-24",0.0],["2025-12-25",0.0],["2025-12-26",0.0],["2025-12-27",0.0],["2025-12-28",0.0],["2025-12-29",2.4175473],["2025-12-30",0.0],["2025-12-31",0.0],["2026-01-01",0.0],["2026-01-02",5.80738392],["2026-01-03",0.35341814],["2026-01-04",0.0],["2026-01-05",2.43342554]],"wins":16,"losses":5,"draws":9,"winrate":0.5333333333333333,"holding_avg":"4:26:00","holding_avg_s":15960.0,"winner_holding_min":"0d 01:00","winner_holding_min_s":3600.0,"winner_holding_max":"0d 02:00","winner_holding_max_s":7200.0,"winner_holding_avg":"0d 01:41","winner_holding_avg_s":6060.0,"loser_holding_min":"0d 02:00","loser_holding_min_s":7200.0,"loser_holding_max":"1d 12:00","loser_holding_max_s":129600.0,"loser_holding_avg":"0d 16:00","loser_holding_avg_s":57600.0,"max_consecutive_wins":5,"max_consecutive_losses":4,"max_drawdown_account":0.04156556516604565,"max_relative_drawdown":0.04156556516604565,"max_drawdown_abs":41.959060810000004,"drawdown_start":"2025-10-24 21:00:00","drawdown_start_ts":1761339600000.0,"drawdown_end":"2025-12-15 15:00:00","drawdown_end_ts":1765810800000.0,"drawdown_duration":"51 days 18:00:00","drawdown_duration_s":4471200.0,"max_drawdown_low":-32.492194610000006,"max_drawdown_high":9.4668662,"csum_min":967.50780539,"csum_max":1009.4668662}},"strategy_comparison":[{"key":"ACO_6_4","trades":30,"profit_mean":-0.0012582503796543132,"profit_mean_pct":-0.13,"profit_total_abs":-13.220563249999998,"profit_total":-0.013220563249999998,"profit_total_pct":-1.32,"duration_avg":"4:26:00","wins":16,"draws":9,"losses":5,"winrate":0.5333333333333333,"cagr":-0.04884595983511275,"expectancy":-0.44068544166666634,"expectancy_ratio":-0.3314319352059568,"sortino":-0.42157718846804143,"sharpe":-0.35359018739225156,"calmar":-6.2645656706954505,"sqn":-0.3223,"profit_factor":0.8114083887642589,"max_drawdown_account":0.04156556516604565,"max_drawdown_abs":"41.959"}]}