{"strategy":{"ACO_12_15":{"trades":[{"pair":"DOGE/USDT","stake_amount":329.8578,"max_stake_amount":329.8578,"amount":1772.0,"open_date":"2025-10-10 22:00:00+00:00","close_date":"2025-10-10 22:00:00+00:00","open_rate":0.18615,"close_rate":0.17685,"fee_open":0.001,"fee_close":0.001,"trade_duration":0,"profit_ratio":-0.0518578923091413,"profit_abs":-17.122836,"exit_reason":"stop_loss","initial_stop_loss_abs":0.17685,"initial_stop_loss_ratio":-0.05,"stop_loss_abs":0.17685,"stop_loss_ratio":-0.05,"min_rate":0.16923,"max_rate":0.19509,"is_open":false,"enter_tag":"","leverage":1.0,"is_short":false,"open_timestamp":1760133600000,"close_timestamp":1760133600000,"orders":[{"amount":1772.0,"safe_price":0.18615,"ft_order_side":"buy","order_filled_timestamp":1760133600000,"ft_is_entry":true,"ft_order_tag":"","cost":330.18765779999995},{"amount":1772.0,"safe_price":0.17685,"ft_order_side":"sell","order_filled_timestamp":1760133600000,"ft_is_entry":false,"ft_order_tag":"stop_loss","cost":313.6915782}],"funding_fees":0.0,"weekday":4},{"pair":"DOGE/USDT","stake_amount":324.2225,"max_stake_amount":324.2225,"amount":1750.0,"open_date":"2025-10-12 00:00:00+00:00","close_date":"2025-10-12 03:00:00+00:00","open_rate":0.18527,"close_rate":0.1856409109109109,"fee_open":0.001,"fee_close":0.001,"trade_duration":180,"profit_ratio":0.0,"profit_abs":0.0,"exit_reason":"roi","initial_stop_loss_abs":0.17601,"initial_stop_loss_ratio":-0.05,"stop_loss_abs":0.17601,"stop_loss_ratio":-0.05,"min_rate":0.18072,"max_rate":0.18675,"is_open":false,"enter_tag":"","leverage":1.0,"is_short":false,"open_timestamp":1760227200000,"close_timestamp":1760238000000,"orders":[{"amount":1750.0,"safe_price":0.18527,"ft_order_side":"buy","order_filled_timestamp":1760227200000,"ft_is_entry":true,"ft_order_tag":"","cost":324.54672249999993},{"amount":1750.0,"safe_price":0.1856409109109109,"ft_order_side":"sell","order_filled_timestamp":1760238000000,"ft_is_entry":false,"ft_order_tag":"roi","cost":325.19646568818814}],"funding_fees":0.0,"weekday":6},{"pair":"DOGE/USDT","stake_amount":324.26874,"max_stake_amount":324.26874,"amount":1629.0,"open_date":"2025-10-14 12:00:00+00:00","close_date":"2025-10-14 14:00:00+00:00","open_rate":0.19906,"close_rate":0.19945851851851848,"fee_open":0.001,"fee_close":0.001,"trade_duration":120,"profit_ratio":0.0,"profit_abs":0.0,"exit_reason":"roi","initial_stop_loss_abs":0.18911,"initial_stop_loss_ratio":-0.05,"stop_loss_abs":0.18911,"stop_loss_ratio":-0.05,"min_rate":0.1933,"max_rate":0.20175,"is_open":false,"enter_tag":"","leverage":1.0,"is_short":false,"open_timestamp":1760443200000,"close_timestamp":1760450400000,"orders":[{"amount":1629.0,"safe_price":0.19906,"ft_order_side":"buy","order_filled_timestamp":1760443200000,"ft_is_entry":true,"ft_order_tag":"","cost":324.59300873999996},{"amount":1629.0,"safe_price":0.19945851851851848,"ft_order_side":"sell","order_filled_timestamp":1760450400000,"ft_is_entry":false,"ft_order_tag":"roi","cost":325.24284459333325}],"funding_fees":0.0,"weekday":1},{"pair":"DOGE/USDT","stake_amount":324.2885,"max_stake_amount":324.2885,"amount":1630.0,"open_date":"2025-10-14 15:00:00+00:00","close_date":"2025-10-14 17:00:00+00:00","open_rate":0.19895,"close_rate":0.20294,"fee_open":0.001,"fee_close":0.001,"trade_duration":120,"profit_ratio":0.01801721776589834,"profit_abs":5.8486193,"exit_reason":"roi","initial_stop_loss_abs":0.18901,"initial_stop_loss_ratio":-0.05,"stop_loss_abs":0.18901,"stop_loss_ratio":-0.05,"min_rate":0.19781,"max_rate":0.2071,"is_open":false,"enter_tag":"","leverage":1.0,"is_short":false,"open_timestamp":1760454000000,"close_timestamp":1760461200000,"orders":[{"amount":1630.0,"safe_price":0.19895,"ft_order_side":"buy","order_filled_timestamp":1760454000000,"ft_is_entry":true,"ft_order_tag":"","cost":324.61278849999997},{"amount":1630.0,"safe_price":0.20294,"ft_order_side":"sell","order_filled_timestamp":1760461200000,"ft_is_entry":false,"ft_order_tag":"roi","cost":331.1229922}],"funding_fees":0.0,"weekday":1},{"pair":"DOGE/USDT","stake_amount":326.23206,"max_stake_amount":326.23206,"amount":1758.0,"open_date":"2025-10-16 21:00:00+00:00","close_date":"2025-10-16 23:00:00+00:00","open_rate":0.18557,"close_rate":0.18642,"fee_open":0.001,"fee_close":0.001,"trade_duration":120,"profit_ratio":0.0025733279491968936,"profit_abs":0.84034158,"exit_reason":"roi","initial_stop_loss_abs":0.1763,"initial_stop_loss_ratio":-0.05,"stop_loss_abs":0.1763,"stop_loss_ratio":-0.05,"min_rate":0.18548,"max_rate":0.18894,"is_open":false,"enter_tag":"","leverage":1.0,"is_short":false,"open_timestamp":1760648400000,"close_timestamp":1760655600000,"orders":[{"amount":1758.0,"safe_price":0.18557,"ft_order_side":"buy","order_filled_timestamp":1760648400000,"ft_is_entry":true,"ft_order_tag":"","cost":326.55829206},{"amount":1758.0,"safe_price":0.18642,"ft_order_side":"sell","order_filled_timestamp":1760655600000,"ft_is_entry":false,"ft_order_tag":"roi","cost":328.05408636}],"funding_fees":0.0,"weekday":3},{"pair":"DOGE/USDT","stake_amount":326.42596,"max_stake_amount":326.42596,"amount":1828.0,"open_date":"2025-10-17 10:00:00+00:00","close_date":"2025-10-17 12:00:00+00:00","open_rate":0.17857,"close_rate":0.18272,"fee_open":0.001,"fee_close":0.001,"trade_duration":120,"profit_ratio":0.0211957499855803,"profit_abs":6.92576188,"exit_reason":"roi","initial_stop_loss_abs":0.16965,"initial_stop_loss_ratio":-0.05,"stop_loss_abs":0.16965,"stop_loss_ratio":-0.05,"min_rate":0.17555,"max_rate":0.18431,"is_open":false,"enter_tag":"","leverage":1.0,"is_short":false,"open_timestamp":1760695200000,"close_timestamp":1760702400000,"orders":[{"amount":1828.0,"safe_price":0.17857,"ft_order_side":"buy","order_filled_timestamp":1760695200000,"ft_is_entry":true,"ft_order_tag":"","cost":326.75238595999997},{"amount":1828.0,"safe_price":0.18272,"ft_order_side":"sell","order_filled_timestamp":1760702400000,"ft_is_entry":false,"ft_order_tag":"roi","cost":334.34617216}],"funding_fees":0.0,"weekday":4},{"pair":"DOGE/USDT","stake_amount":328.69592,"max_stake_amount":328.69592,"amount":1988.0,"open_date":"2025-11-04 10:00:00+00:00","close_date":"2025-11-04 12:00:00+00:00","open_rate":0.16534,"close_rate":0.16613,"fee_open":0.001,"fee_close":0.001,"trade_duration":120,"profit_ratio":0.002770484626054966,"profit_abs":0.91155764,"exit_reason":"roi","initial_stop_loss_abs":0.15708,"initial_stop_loss_ratio":-0.05,"stop_loss_abs":0.15708,"stop_loss_ratio":-0.05,"min_rate":0.16365,"max_rate":0.16702,"is_open":false,"enter_tag":"","leverage":1.0,"is_short":false,"open_timestamp":1762250400000,"close_timestamp":1762257600000,"orders":[{"amount":1988.0,"safe_price":0.16534,"ft_order_side":"buy","order_filled_timestamp":1762250400000,"ft_is_entry":true,"ft_order_tag":"","cost":329.02461592},{"amount":1988.0,"safe_price":0.16613,"ft_order_side":"sell","order_filled_timestamp":1762257600000,"ft_is_entry":false,"ft_order_tag":"roi","cost":330.59670643999993}],"funding_fees":0.0,"weekday":1},{"pair":"DOGE/USDT","stake_amount":329.05151,"max_stake_amount":329.05151,"amount":2083.0,"open_date":"2025-11-04 20:00:00+00:00","close_date":"2025-11-04 22:00:00+00:00","open_rate":0.15797,"close_rate":0.1591,"fee_open":0.001,"fee_close":0.001,"trade_duration":120,"profit_ratio":0.005140962727846313,"profit_abs":1.69333319,"exit_reason":"roi","initial_stop_loss_abs":0.15008,"initial_stop_loss_ratio":-0.05,"stop_loss_abs":0.15008,"stop_loss_ratio":-0.05,"min_rate":0.15159,"max_rate":0.16436,"is_open":false,"enter_tag":"","leverage":1.0,"is_short":false,"open_timestamp":1762286400000,"close_timestamp":1762293600000,"orders":[{"amount":2083.0,"safe_price":0.15797,"ft_order_side":"buy","order_filled_timestamp":1762286400000,"ft_is_entry":true,"ft_order_tag":"","cost":329.38056150999995},{"amount":2083.0,"safe_price":0.1591,"ft_order_side":"sell","order_filled_timestamp":1762293600000,"ft_is_entry":false,"ft_order_tag":"roi","cost":331.7367052999999}],"funding_fees":0.0,"weekday":1},{"pair":"DOGE/USDT","stake_amount":329.68215,"max_stake_amount":329.68215,"amount":2349.0,"open_date":"2025-11-21 08:00:00+00:00","close_date":"2025-11-21 12:00:00+00:00","open_rate":0.14035,"close_rate":0.13334,"fee_open":0.001,"fee_close":0.001,"trade_duration":240,"profit_ratio":-0.05184477083301452,"profit_abs":-17.10938781,"exit_reason":"stop_loss","initial_stop_loss_abs":0.13334,"initial_stop_loss_ratio":-0.05,"stop_loss_abs":0.13334,"stop_loss_ratio":-0.05,"min_rate":0.13321,"max_rate":0.14234,"is_open":false,"enter_tag":"","leverage":1.0,"is_short":false,"open_timestamp":1763712000000,"close_timestamp":1763726400000,"orders":[{"amount":2349.0,"safe_price":0.14035,"ft_order_side":"buy","order_filled_timestamp":1763712000000,"ft_is_entry":true,"ft_order_tag":"","cost":330.0118321499999},{"amount":2349.0,"safe_price":0.13334,"ft_order_side":"sell","order_filled_timestamp":1763726400000,"ft_is_entry":false,"ft_order_tag":"stop_loss","cost":313.5288756599999}],"funding_fees":0.0,"weekday":4},{"pair":"DOGE/USDT","stake_amount":323.93812,"max_stake_amount":323.93812,"amount":2332.0,"open_date":"2025-11-21 13:00:00+00:00","close_date":"2025-11-21 15:00:00+00:00","open_rate":0.13891,"close_rate":0.14133,"fee_open":0.001,"fee_close":0.001,"trade_duration":120,"profit_ratio":0.015388542060487925,"profit_abs":4.98992032,"exit_reason":"roi","initial_stop_loss_abs":0.13197,"initial_stop_loss_ratio":-0.05,"stop_loss_abs":0.13197,"stop_loss_ratio":-0.05,"min_rate":0.13746,"max_rate":0.14209,"is_open":false,"enter_tag":"","leverage":1.0,"is_short":false,"open_timestamp":1763730000000,"close_timestamp":1763737200000,"orders":[{"amount":2332.0,"safe_price":0.13891,"ft_order_side":"buy","order_filled_timestamp":1763730000000,"ft_is_entry":true,"ft_order_tag":"","cost":324.26205812},{"amount":2332.0,"safe_price":0.14133,"ft_order_side":"sell","order_filled_timestamp":1763737200000,"ft_is_entry":false,"ft_order_tag":"roi","cost":329.91114156}],"funding_fees":0.0,"weekday":4},{"pair":"DOGE/USDT","stake_amount":325.5868,"max_stake_amount":325.5868,"amount":2387.0,"open_date":"2025-11-22 14:00:00+00:00","close_date":"2025-11-22 16:00:00+00:00","open_rate":0.1364,"close_rate":0.13816,"fee_open":0.001,"fee_close":0.001,"trade_duration":120,"profit_ratio":0.010879443137507655,"profit_abs":3.54574528,"exit_reason":"roi","initial_stop_loss_abs":0.12958,"initial_stop_loss_ratio":-0.05,"stop_loss_abs":0.12958,"stop_loss_ratio":-0.05,"min_rate":0.13632,"max_rate":0.13977,"is_open":false,"enter_tag":"","leverage":1.0,"is_short":false,"open_timestamp":1763820000000,"close_timestamp":1763827200000,"orders":[{"amount":2387.0,"safe_price":0.1364,"ft_order_side":"buy","order_filled_timestamp":1763820000000,"ft_is_entry":true,"ft_order_tag":"","cost":325.9123867999999},{"amount":2387.0,"safe_price":0.13816,"ft_order_side":"sell","order_filled_timestamp":1763827200000,"ft_is_entry":false,"ft_order_tag":"roi","cost":330.11770791999993}],"funding_fees":0.0,"weekday":5}],"locks":[],"best_pair":{"key":"DOGE/USDT","trades":11,"profit_mean":-0.002521539535416675,"profit_mean_pct":-0.25,"profit_total_abs":-9.47694462,"profit_total":-0.009476944619999999,"profit_total_pct":-0.95,"duration_avg":"2:05:00","wins":7,"draws":2,"losses":2,"winrate":0.6363636363636364,"cagr":-0.03519639860259727,"expectancy":-0.8615404200000008,"expectancy_ratio":-0.23215323599297522,"sortino":-277.5934408185523,"sharpe":-0.23368491777717745,"calmar":-10.362544043549983,"sqn":-0.3411,"profit_factor":0.7231572020386365,"max_drawdown_account":0.018012610220000055,"max_drawdown_abs":18.012610220000003},"worst_pair":{"key":"DOGE/USDT","trades":11,"profit_mean":-0.002521539535416675,"profit_mean_pct":-0.25,"profit_total_abs":-9.47694462,"profit_total":-0.009476944619999999,"profit_total_pct":-0.95,"duration_avg":"2:05:00","wins":7,"draws":2,"losses":2,"winrate":0.6363636363636364,"cagr":-0.03519639860259727,"expectancy":-0.8615404200000008,"expectancy_ratio":-0.23215323599297522,"sortino":-277.5934408185523,"sharpe":-0.23368491777717745,"calmar":-10.362544043549983,"sqn":-0.3411,"profit_factor":0.7231572020386365,"max_drawdown_account":0.018012610220000055,"max_drawdown_abs":18.012610220000003},"results_per_pair":[{"key":"DOGE/USDT","trades":11,"profit_mean":-0.002521539535416675,"profit_mean_pct":-0.25,"profit_total_abs":-9.47694462,"profit_total":-0.009476944619999999,"profit_total_pct":-0.95,"duration_avg":"2:05:00","wins":7,"draws":2,"losses":2,"winrate":0.6363636363636364,"cagr":-0.03519639860259727,"expectancy":-0.8615404200000008,"expectancy_ratio":-0.23215323599297522,"sortino":-277.5934408185523,"sharpe":-0.23368491777717745,"calmar":-10.362544043549983,"sqn":-0.3411,"profit_factor":0.7231572020386365,"max_drawdown_account":0.018012610220000055,"max_drawdown_abs":18.012610220000003},{"key":"TOTAL","trades":11,"profit_mean":-0.002521539535416675,"profit_mean_pct":-0.25,"profit_total_abs":-9.47694462,"profit_total":-0.009476944619999999,"profit_total_pct":-0.95,"duration_avg":"2:05:00","wins":7,"draws":2,"losses":2,"winrate":0.6363636363636364,"cagr":-0.03519639860259727,"expectancy":-0.8615404200000008,"expectancy_ratio":-0.23215323599297522,"sortino":-277.5934408185523,"sharpe":-0.23368491777717745,"calmar":-10.362544043549983,"sqn":-0.3411,"profit_factor":0.7231572020386365,"max_drawdown_account":0.018012610220000055,"max_drawdown_abs":18.012610220000003}],"results_per_enter_tag":[{"key":"","trades":11,"profit_mean":-0.002521539535416675,"profit_mean_pct":-0.25,"profit_total_abs":-9.47694462,"profit_total":-0.009476944619999999,"profit_total_pct":-0.95,"duration_avg":"2:05:00","wins":7,"draws":2,"losses":2,"winrate":0.6363636363636364,"cagr":-0.03519639860259727,"expectancy":-0.8615404200000008,"expectancy_ratio":-0.23215323599297522,"sortino":-277.5934408185523,"sharpe":-0.23368491777717745,"calmar":-10.362544043549983,"sqn":-0.3411,"profit_factor":0.7231572020386365,"max_drawdown_account":0.018012610220000055,"max_drawdown_abs":18.012610220000003},{"key":"TOTAL","trades":11,"profit_mean":-0.002521539535416675,"profit_mean_pct":-0.25,"profit_total_abs":-9.47694462,"profit_total":-0.009476944619999999,"profit_total_pct":-0.95,"duration_avg":"2:05:00","wins":7,"draws":2,"losses":2,"winrate":0.6363636363636364,"cagr":-0.03519639860259727,"expectancy":-0.8615404200000008,"expectancy_ratio":-0.23215323599297522,"sortino":-277.5934408185523,"sharpe":-0.23368491777717745,"calmar":-10.362544043549983,"sqn":-0.3411,"profit_factor":0.7231572020386365,"max_drawdown_account":0.018012610220000055,"max_drawdown_abs":18.012610220000003}],"exit_reason_summary":[{"key":"roi","trades":9,"profit_mean":0.008440636472508044,"profit_mean_pct":0.84,"profit_total_abs":24.755279189999996,"profit_total":0.024755279189999996,"profit_total_pct":2.48,"duration_avg":"2:07:00","wins":7,"draws":2,"losses":0,"winrate":0.7777777777777778,"cagr":0.09638345713294583,"expectancy":2.750586576666666,"expectancy_ratio":100.0,"sortino":-100,"sharpe":1.95540275146386,"calmar":-100,"sqn":3.1201,"profit_factor":0.0,"max_drawdown_account":0.0,"max_drawdown_abs":0.0},{"key":"stop_loss","trades":2,"profit_mean":-0.05185133157107791,"profit_mean_pct":-5.19,"profit_total_abs":-34.23222381,"profit_total":-0.034232223810000004,"profit_total_pct":-3.42,"duration_avg":"2:00:00","wins":0,"draws":0,"losses":2,"winrate":0.0,"cagr":-0.12284220816904667,"expectancy":-17.116111905,"expectancy_ratio":-1.0,"sortino":-1002.7114407985927,"sharpe":-1002.7114407985927,"calmar":-19.69584863354925,"sqn":-2545.4893,"profit_factor":0.0,"max_drawdown_account":0.03423222381000005,"max_drawdown_abs":34.23222381},{"key":"TOTAL","trades":11,"profit_mean":-0.002521539535416675,"profit_mean_pct":-0.25,"profit_total_abs":-9.47694462,"profit_total":-0.009476944619999999,"profit_total_pct":-0.95,"duration_avg":"2:05:00","wins":7,"draws":2,"losses":2,"winrate":0.6363636363636364,"cagr":-0.03519639860259727,"expectancy":-0.8615404200000008,"expectancy_ratio":-0.23215323599297522,"sortino":-277.5934408185523,"sharpe":-0.23368491777717745,"calmar":-10.362544043549983,"sqn":-0.3411,"profit_factor":0.7231572020386365,"max_drawdown_account":0.018012610220000055,"max_drawdown_abs":18.012610220000003}],"mix_tag_stats":[{"key":["","roi"],"trades":9,"profit_mean":0.008440636472508044,"profit_mean_pct":0.84,"profit_total_abs":24.755279189999996,"profit_total":0.024755279189999996,"profit_total_pct":2.48,"duration_avg":"2:07:00","wins":7,"draws":2,"losses":0,"winrate":0.7777777777777778,"cagr":0.09638345713294583,"expectancy":2.750586576666666,"expectancy_ratio":100.0,"sortino":-100,"sharpe":1.95540275146386,"calmar":-100,"sqn":3.1201,"profit_factor":0.0,"max_drawdown_account":0.0,"max_drawdown_abs":0.0},{"key":["","stop_loss"],"trades":2,"profit_mean":-0.05185133157107791,"profit_mean_pct":-5.19,"profit_total_abs":-34.23222381,"profit_total":-0.034232223810000004,"profit_total_pct":-3.42,"duration_avg":"2:00:00","wins":0,"draws":0,"losses":2,"winrate":0.0,"cagr":-0.12284220816904667,"expectancy":-17.116111905,"expectancy_ratio":-1.0,"sortino":-1002.7114407985927,"sharpe":-1002.7114407985927,"calmar":-19.69584863354925,"sqn":-2545.4893,"profit_factor":0.0,"max_drawdown_account":0.03423222381000005,"max_drawdown_abs":34.23222381},{"key":"TOTAL","trades":11,"profit_mean":-0.002521539535416675,"profit_mean_pct":-0.25,"profit_total_abs":-9.47694462,"profit_total":-0.009476944619999999,"profit_total_pct":-0.95,"duration_avg":"2:05:00","wins":7,"draws":2,"losses":2,"winrate":0.6363636363636364,"cagr":-0.03519639860259727,"expectancy":-0.8615404200000008,"expectancy_ratio":-0.23215323599297522,"sortino":-277.5934408185523,"sharpe":-0.23368491777717745,"calmar":-10.362544043549983,"sqn":-0.3411,"profit_factor":0.7231572020386365,"max_drawdown_account":0.018012610220000055,"max_drawdown_abs":18.012610220000003}],"left_open_trades":[{"key":"TOTAL","trades":0,"profit_mean":0.0,"profit_mean_pct":0.0,"profit_total_abs":0.0,"profit_total":0.0,"profit_total_pct":0.0,"duration_avg":"0:00","wins":0,"draws":0,"losses":0,"winrate":0.0,"cagr":0.0,"expectancy":0.0,"expectancy_ratio":100.0,"sortino":0,"sharpe":0,"calmar":0,"sqn":0.0,"profit_factor":0.0,"max_drawdown_account":0.0,"max_drawdown_abs":0.0}],"total_trades":11,"trade_count_long":11,"trade_count_short":0,"total_volume":7189.387586141521,"avg_stake_amount":326.5681872727273,"profit_mean":-0.002521539535416675,"profit_median":0.002770484626054966,"profit_total":-0.009476944619999999,"profit_total_long":-0.009476944619999999,"profit_total_short":0.0,"profit_total_abs":-9.47694462,"profit_total_long_abs":-9.47694462,"profit_total_short_abs":0.0,"cagr":-0.03519639860259727,"expectancy":-0.8615404200000008,"expectancy_ratio":-0.23215323599297522,"sortino":-277.5934408185523,"sharpe":-0.23368491777717745,"calmar":-10.362544043549983,"sqn":-0.3411,"profit_factor":0.7231572020386365,"backtest_start":"2025-10-01 00:00:00","backtest_start_ts":1759276800000,"backtest_end":"2026-01-06 20:00:00","backtest_end_ts":1767729600000,"backtest_days":97,"backtest_run_start_ts":1767740989,"backtest_run_end_ts":1767740989,"trades_per_day":0.11,"market_change":-0.36632086436227446,"pairlist":["DOGE/USDT"],"stake_amount":"unlimited","stake_currency":"USDT","stake_currency_decimals":3,"starting_balance":1000,"dry_run_wallet":1000,"final_balance":990.52305538,"rejected_signals":0,"timedout_entry_orders":0,"timedout_exit_orders":0,"canceled_trade_entries":0,"canceled_entry_orders":0,"replaced_entry_orders":0,"max_open_trades":1,"max_open_trades_setting":3,"timeframe":"1h","timeframe_detail":"","timerange":"20251001-","enable_protections":false,"strategy_name":"ACO_12_15","freqaimodel":null,"freqai_identifier":null,"stoploss":-0.05,"trailing_stop":false,"trailing_stop_positive":null,"trailing_stop_positive_offset":0.0,"trailing_only_offset_is_reached":false,"use_custom_stoploss":false,"minimal_roi":{"0":0.1,"60":0.05,"120":0.0},"use_exit_signal":true,"exit_profit_only":false,"exit_profit_offset":0.0,"ignore_roi_if_entry_signal":false,"trading_mode":"spot","margin_mode":"","periodic_breakdown":{"day":[{"date":"10/10/2025","date_ts":1760054400000,"profit_abs":-17.122836,"wins":0,"draws":0,"losses":1,"trades":1,"profit_factor":0.0},{"date":"11/10/2025","date_ts":1760140800000,"profit_abs":0.0,"wins":0,"draws":0,"losses":0,"trades":0,"profit_factor":0.0},{"date":"12/10/2025","date_ts":1760227200000,"profit_abs":0.0,"wins":0,"draws":1,"losses":0,"trades":1,"profit_factor":0.0},{"date":"13/10/2025","date_ts":1760313600000,"profit_abs":0.0,"wins":0,"draws":0,"losses":0,"trades":0,"profit_factor":0.0},{"date":"14/10/2025","date_ts":1760400000000,"profit_abs":5.8486193,"wins":1,"draws":1,"losses":0,"trades":2,"profit_factor":0.0},{"date":"15/10/2025","date_ts":1760486400000,"profit_abs":0.0,"wins":0,"draws":0,"losses":0,"trades":0,"profit_factor":0.0},{"date":"16/10/2025","date_ts":1760572800000,"profit_abs":0.84034158,"wins":1,"draws":0,"losses":0,"trades":1,"profit_factor":0.0},{"date":"17/10/2025","date_ts":1760659200000,"profit_abs":6.92576188,"wins":1,"draws":0,"losses":0,"trades":1,"profit_factor":0.0},{"date":"18/10/2025","date_ts":1760745600000,"profit_abs":0.0,"wins":0,"draws":0,"losses":0,"trades":0,"profit_factor":0.0},{"date":"19/10/2025","date_ts":1760832000000,"profit_abs":0.0,"wins":0,"draws":0,"losses":0,"trades":0,"profit_factor":0.0},{"date":"20/10/2025","date_ts":1760918400000,"profit_abs":0.0,"wins":0,"draws":0,"losses":0,"trades":0,"profit_factor":0.0},{"date":"21/10/2025","date_ts":1761004800000,"profit_abs":0.0,"wins":0,"draws":0,"losses":0,"trades":0,"profit_factor":0.0},{"date":"22/10/2025","date_ts":1761091200000,"profit_abs":0.0,"wins":0,"draws":0,"losses":0,"trades":0,"profit_factor":0.0},{"date":"23/10/2025","date_ts":1761177600000,"profit_abs":0.0,"wins":0,"draws":0,"losses":0,"trades":0,"profit_factor":0.0},{"date":"24/10/2025","date_ts":1761264000000,"profit_abs":0.0,"wins":0,"draws":0,"losses":0,"trades":0,"profit_factor":0.0},{"date":"25/10/2025","date_ts":1761350400000,"profit_abs":0.0,"wins":0,"draws":0,"losses":0,"trades":0,"profit_factor":0.0},{"date":"26/10/2025","date_ts":1761436800000,"profit_abs":0.0,"wins":0,"draws":0,"losses":0,"trades":0,"profit_factor":0.0},{"date":"27/10/2025","date_ts":1761523200000,"profit_abs":0.0,"wins":0,"draws":0,"losses":0,"trades":0,"profit_factor":0.0},{"date":"28/10/2025","date_ts":1761609600000,"profit_abs":0.0,"wins":0,"draws":0,"losses":0,"trades":0,"profit_factor":0.0},{"date":"29/10/2025","date_ts":1761696000000,"profit_abs":0.0,"wins":0,"draws":0,"losses":0,"trades":0,"profit_factor":0.0},{"date":"30/10/2025","date_ts":1761782400000,"profit_abs":0.0,"wins":0,"draws":0,"losses":0,"trades":0,"profit_factor":0.0},{"date":"31/10/2025","date_ts":1761868800000,"profit_abs":0.0,"wins":0,"draws":0,"losses":0,"trades":0,"profit_factor":0.0},{"date":"01/11/2025","date_ts":1761955200000,"profit_abs":0.0,"wins":0,"draws":0,"losses":0,"trades":0,"profit_factor":0.0},{"date":"02/11/2025","date_ts":1762041600000,"profit_abs":0.0,"wins":0,"draws":0,"losses":0,"trades":0,"profit_factor":0.0},{"date":"03/11/2025","date_ts":1762128000000,"profit_abs":0.0,"wins":0,"draws":0,"losses":0,"trades":0,"profit_factor":0.0},{"date":"04/11/2025","date_ts":1762214400000,"profit_abs":2.60489083,"wins":2,"draws":0,"losses":0,"trades":2,"profit_factor":0.0},{"date":"05/11/2025","date_ts":1762300800000,"profit_abs":0.0,"wins":0,"draws":0,"losses":0,"trades":0,"profit_factor":0.0},{"date":"06/11/2025","date_ts":1762387200000,"profit_abs":0.0,"wins":0,"draws":0,"losses":0,"trades":0,"profit_factor":0.0},{"date":"07/11/2025","date_ts":1762473600000,"profit_abs":0.0,"wins":0,"draws":0,"losses":0,"trades":0,"profit_factor":0.0},{"date":"08/11/2025","date_ts":1762560000000,"profit_abs":0.0,"wins":0,"draws":0,"losses":0,"trades":0,"profit_factor":0.0},{"date":"09/11/2025","date_ts":1762646400000,"profit_abs":0.0,"wins":0,"draws":0,"losses":0,"trades":0,"profit_factor":0.0},{"date":"10/11/2025","date_ts":1762732800000,"profit_abs":0.0,"wins":0,"draws":0,"losses":0,"trades":0,"profit_factor":0.0},{"date":"11/11/2025","date_ts":1762819200000,"profit_abs":0.0,"wins":0,"draws":0,"losses":0,"trades":0,"profit_factor":0.0},{"date":"12/11/2025","date_ts":1762905600000,"profit_abs":0.0,"wins":0,"draws":0,"losses":0,"trades":0,"profit_factor":0.0},{"date":"13/11/2025","date_ts":1762992000000,"profit_abs":0.0,"wins":0,"draws":0,"losses":0,"trades":0,"profit_factor":0.0},{"date":"14/11/2025","date_ts":1763078400000,"profit_abs":0.0,"wins":0,"draws":0,"losses":0,"trades":0,"profit_factor":0.0},{"date":"15/11/2025","date_ts":1763164800000,"profit_abs":0.0,"wins":0,"draws":0,"losses":0,"trades":0,"profit_factor":0.0},{"date":"16/11/2025","date_ts":1763251200000,"profit_abs":0.0,"wins":0,"draws":0,"losses":0,"trades":0,"profit_factor":0.0},{"date":"17/11/2025","date_ts":1763337600000,"profit_abs":0.0,"wins":0,"draws":0,"losses":0,"trades":0,"profit_factor":0.0},{"date":"18/11/2025","date_ts":1763424000000,"profit_abs":0.0,"wins":0,"draws":0,"losses":0,"trades":0,"profit_factor":0.0},{"date":"19/11/2025","date_ts":1763510400000,"profit_abs":0.0,"wins":0,"draws":0,"losses":0,"trades":0,"profit_factor":0.0},{"date":"20/11/2025","date_ts":1763596800000,"profit_abs":0.0,"wins":0,"draws":0,"losses":0,"trades":0,"profit_factor":0.0},{"date":"21/11/2025","date_ts":1763683200000,"profit_abs":-12.11946749,"wins":1,"draws":0,"losses":1,"trades":2,"profit_factor":0.29164809},{"date":"22/11/2025","date_ts":1763769600000,"profit_abs":3.54574528,"wins":1,"draws":0,"losses":0,"trades":1,"profit_factor":0.0}],"week":[{"date":"13/10/2025","date_ts":1760313600000,"profit_abs":-17.122836,"wins":0,"draws":1,"losses":1,"trades":2,"profit_factor":0.0},{"date":"20/10/2025","date_ts":1760918400000,"profit_abs":13.61472276,"wins":3,"draws":1,"losses":0,"trades":4,"profit_factor":0.0},{"date":"27/10/2025","date_ts":1761523200000,"profit_abs":0.0,"wins":0,"draws":0,"losses":0,"trades":0,"profit_factor":0.0},{"date":"03/11/2025","date_ts":1762128000000,"profit_abs":0.0,"wins":0,"draws":0,"losses":0,"trades":0,"profit_factor":0.0},{"date":"10/11/2025","date_ts":1762732800000,"profit_abs":2.60489083,"wins":2,"draws":0,"losses":0,"trades":2,"profit_factor":0.0},{"date":"17/11/2025","date_ts":1763337600000,"profit_abs":0.0,"wins":0,"draws":0,"losses":0,"trades":0,"profit_factor":0.0},{"date":"24/11/2025","date_ts":1763942400000,"profit_abs":-8.57372221,"wins":2,"draws":0,"losses":1,"trades":3,"profit_factor":0.49888784}],"month":[{"date":"31/10/2025","date_ts":1761868800000,"profit_abs":-3.50811324,"wins":3,"draws":2,"losses":1,"trades":6,"profit_factor":0.79512078},{"date":"30/11/2025","date_ts":1764460800000,"profit_abs":-5.96883138,"wins":4,"draws":0,"losses":1,"trades":5,"profit_factor":0.65113706}],"year":[{"date":"31/12/2025","date_ts":1767139200000,"profit_abs":-9.47694462,"wins":7,"draws":2,"losses":2,"trades":11,"profit_factor":0.7231572}],"weekday":[{"date":"Tuesday","date_ts":1,"profit_abs":8.45351013,"wins":3,"draws":1,"losses":0,"trades":4,"profit_factor":0.0},{"date":"Thursday","date_ts":3,"profit_abs":0.84034158,"wins":1,"draws":0,"losses":0,"trades":1,"profit_factor":0.0},{"date":"Friday","date_ts":4,"profit_abs":-22.31654161,"wins":2,"draws":0,"losses":2,"trades":4,"profit_factor":0.34808379},{"date":"Saturday","date_ts":5,"profit_abs":3.54574528,"wins":1,"draws":0,"losses":0,"trades":1,"profit_factor":0.0},{"date":"Sunday","date_ts":6,"profit_abs":0.0,"wins":0,"draws":1,"losses":0,"trades":1,"profit_factor":0.0}]},"backtest_best_day":0.0211957499855803,"backtest_worst_day":-0.0518578923091413,"backtest_best_day_abs":6.92576188,"backtest_worst_day_abs":-17.122836,"winning_days":5,"draw_days":37,"losing_days":2,"daily_profit":[["2025-10-10",-17.122836],["2025-10-11",0.0],["2025-10-12",0.0],["2025-10-13",0.0],["2025-10-14",5.8486193],["2025-10-15",0.0],["2025-10-16",0.84034158],["2025-10-17",6.92576188],["2025-10-18",0.0],["2025-10-19",0.0],["2025-10-20",0.0],["2025-10-21",0.0],["2025-10-22",0.0],["2025-10-23",0.0],["2025-10-24",0.0],["2025-10-25",0.0],["2025-10-26",0.0],["2025-10-27",0.0],["2025-10-28",0.0],["2025-10-29",0.0],["2025-10-30",0.0],["2025-10-31",0.0],["2025-11-01",0.0],["2025-11-02",0.0],["2025-11-03",0.0],["2025-11-04",2.60489083],["2025-11-05",0.0],["2025-11-06",0.0],["2025-11-07",0.0],["2025-11-08",0.0],["2025-11-09",0.0],["2025-11-10",0.0],["2025-11-11",0.0],["2025-11-12",0.0],["2025-11-13",0.0],["2025-11-14",0.0],["2025-11-15",0.0],["2025-11-16",0.0],["2025-11-17",0.0],["2025-11-18",0.0],["2025-11-19",0.0],["2025-11-20",0.0],["2025-11-21",-12.11946749],["2025-11-22",3.54574528]],"wins":7,"losses":2,"draws":2,"winrate":0.6363636363636364,"holding_avg":"2:05:00","holding_avg_s":7500.0,"winner_holding_min":"0d 02:00","winner_holding_min_s":7200.0,"winner_holding_max":"0d 02:00","winner_holding_max_s":7200.0,"winner_holding_avg":"0d 02:00","winner_holding_avg_s":7200.0,"loser_holding_min":"0d 00:00","loser_holding_min_s":0.0,"loser_holding_max":"0d 04:00","loser_holding_max_s":14400.0,"loser_holding_avg":"0d 02:00","loser_holding_avg_s":7200.0,"max_consecutive_wins":5,"max_consecutive_losses":3,"max_drawdown_account":0.018012610220000055,"max_relative_drawdown":0.018012610220000055,"max_drawdown_abs":18.012610220000003,"drawdown_start":"2025-10-10 22:00:00","drawdown_start_ts":1760133600000.0,"drawdown_end":"2025-11-21 12:00:00","drawdown_end_ts":1763726400000.0,"drawdown_duration":"41 days 14:00:00","drawdown_duration_s":3592800.0,"max_drawdown_low":-18.012610220000003,"max_drawdown_high":0.0,"csum_min":981.98738978,"csum_max":999.09677759}},"strategy_comparison":[{"key":"ACO_12_15","trades":11,"profit_mean":-0.002521539535416675,"profit_mean_pct":-0.25,"profit_total_abs":-9.47694462,"profit_total":-0.009476944619999999,"profit_total_pct":-0.95,"duration_avg":"2:05:00","wins":7,"draws":2,"losses":2,"winrate":0.6363636363636364,"cagr":-0.03519639860259727,"expectancy":-0.8615404200000008,"expectancy_ratio":-0.23215323599297522,"sortino":-277.5934408185523,"sharpe":-0.23368491777717745,"calmar":-10.362544043549983,"sqn":-0.3411,"profit_factor":0.7231572020386365,"max_drawdown_account":0.018012610220000055,"max_drawdown_abs":"18.013"}]}