{"strategy":{"ACO_36_9":{"trades":[{"pair":"DOGE/USDT","stake_amount":329.7595,"max_stake_amount":329.7595,"amount":1327.0,"open_date":"2025-10-10 00:00:00+00:00","close_date":"2025-10-10 02:00:00+00:00","open_rate":0.2485,"close_rate":0.24899749749749747,"fee_open":0.001,"fee_close":0.001,"trade_duration":120,"profit_ratio":0.0,"profit_abs":0.0,"exit_reason":"roi","initial_stop_loss_abs":0.23608,"initial_stop_loss_ratio":-0.05,"stop_loss_abs":0.23608,"stop_loss_ratio":-0.05,"min_rate":0.24736,"max_rate":0.25007,"is_open":false,"enter_tag":"","leverage":1.0,"is_short":false,"open_timestamp":1760054400000,"close_timestamp":1760061600000,"orders":[{"amount":1327.0,"safe_price":0.2485,"ft_order_side":"buy","order_filled_timestamp":1760054400000,"ft_is_entry":true,"ft_order_tag":"","cost":330.08925949999997},{"amount":1327.0,"safe_price":0.24899749749749747,"ft_order_side":"sell","order_filled_timestamp":1760061600000,"ft_is_entry":false,"ft_order_tag":"roi","cost":330.7500988583583}],"funding_fees":0.0,"weekday":4},{"pair":"DOGE/USDT","stake_amount":329.88879,"max_stake_amount":329.88879,"amount":1629.0,"open_date":"2025-10-15 04:00:00+00:00","close_date":"2025-10-15 06:00:00+00:00","open_rate":0.20251,"close_rate":0.20403,"fee_open":0.001,"fee_close":0.001,"trade_duration":120,"profit_ratio":0.005492803576848809,"profit_abs":1.81382634,"exit_reason":"roi","initial_stop_loss_abs":0.19239,"initial_stop_loss_ratio":-0.05,"stop_loss_abs":0.19239,"stop_loss_ratio":-0.05,"min_rate":0.20168,"max_rate":0.20491,"is_open":false,"enter_tag":"","leverage":1.0,"is_short":false,"open_timestamp":1760500800000,"close_timestamp":1760508000000,"orders":[{"amount":1629.0,"safe_price":0.20251,"ft_order_side":"buy","order_filled_timestamp":1760500800000,"ft_is_entry":true,"ft_order_tag":"","cost":330.21867878999996},{"amount":1629.0,"safe_price":0.20403,"ft_order_side":"sell","order_filled_timestamp":1760508000000,"ft_is_entry":false,"ft_order_tag":"roi","cost":332.69723486999993}],"funding_fees":0.0,"weekday":2},{"pair":"DOGE/USDT","stake_amount":330.54944,"max_stake_amount":330.54944,"amount":1756.0,"open_date":"2025-10-17 06:00:00+00:00","close_date":"2025-10-17 07:00:00+00:00","open_rate":0.18824,"close_rate":0.17883,"fee_open":0.001,"fee_close":0.001,"trade_duration":60,"profit_ratio":-0.05188749839196078,"profit_abs":-17.16853492,"exit_reason":"stop_loss","initial_stop_loss_abs":0.17883,"initial_stop_loss_ratio":-0.05,"stop_loss_abs":0.17883,"stop_loss_ratio":-0.05,"min_rate":0.17831,"max_rate":0.189,"is_open":false,"enter_tag":"","leverage":1.0,"is_short":false,"open_timestamp":1760680800000,"close_timestamp":1760684400000,"orders":[{"amount":1756.0,"safe_price":0.18824,"ft_order_side":"buy","order_filled_timestamp":1760680800000,"ft_is_entry":true,"ft_order_tag":"","cost":330.87998944},{"amount":1756.0,"safe_price":0.17883,"ft_order_side":"sell","order_filled_timestamp":1760684400000,"ft_is_entry":false,"ft_order_tag":"stop_loss","cost":314.3395054799999}],"funding_fees":0.0,"weekday":4},{"pair":"DOGE/USDT","stake_amount":324.79598,"max_stake_amount":324.79598,"amount":1654.0,"open_date":"2025-10-21 03:00:00+00:00","close_date":"2025-10-21 14:00:00+00:00","open_rate":0.19637,"close_rate":0.1967631331331331,"fee_open":0.001,"fee_close":0.001,"trade_duration":660,"profit_ratio":0.0,"profit_abs":0.0,"exit_reason":"roi","initial_stop_loss_abs":0.18656,"initial_stop_loss_ratio":-0.05,"stop_loss_abs":0.18656,"stop_loss_ratio":-0.05,"min_rate":0.19201,"max_rate":0.20355,"is_open":false,"enter_tag":"","leverage":1.0,"is_short":false,"open_timestamp":1761015600000,"close_timestamp":1761055200000,"orders":[{"amount":1654.0,"safe_price":0.19637,"ft_order_side":"buy","order_filled_timestamp":1761015600000,"ft_is_entry":true,"ft_order_tag":"","cost":325.12077597999996},{"amount":1654.0,"safe_price":0.1967631331331331,"ft_order_side":"sell","order_filled_timestamp":1761055200000,"ft_is_entry":false,"ft_order_tag":"roi","cost":325.7716684244043}],"funding_fees":0.0,"weekday":1},{"pair":"DOGE/USDT","stake_amount":324.81285,"max_stake_amount":324.81285,"amount":1695.0,"open_date":"2025-10-22 17:00:00+00:00","close_date":"2025-10-22 19:00:00+00:00","open_rate":0.19163,"close_rate":0.19201364364364362,"fee_open":0.001,"fee_close":0.001,"trade_duration":120,"profit_ratio":0.0,"profit_abs":0.0,"exit_reason":"roi","initial_stop_loss_abs":0.18205,"initial_stop_loss_ratio":-0.05,"stop_loss_abs":0.18205,"stop_loss_ratio":-0.05,"min_rate":0.18862,"max_rate":0.1924,"is_open":false,"enter_tag":"","leverage":1.0,"is_short":false,"open_timestamp":1761152400000,"close_timestamp":1761159600000,"orders":[{"amount":1695.0,"safe_price":0.19163,"ft_order_side":"buy","order_filled_timestamp":1761152400000,"ft_is_entry":true,"ft_order_tag":"","cost":325.1376628499999},{"amount":1695.0,"safe_price":0.19201364364364362,"ft_order_side":"sell","order_filled_timestamp":1761159600000,"ft_is_entry":false,"ft_order_tag":"roi","cost":325.78858910195186}],"funding_fees":0.0,"weekday":2},{"pair":"DOGE/USDT","stake_amount":324.88682,"max_stake_amount":324.88682,"amount":1643.0,"open_date":"2025-10-25 00:00:00+00:00","close_date":"2025-10-25 02:00:00+00:00","open_rate":0.19774,"close_rate":0.19954,"fee_open":0.001,"fee_close":0.001,"trade_duration":120,"profit_ratio":0.007086672809338936,"profit_abs":2.30466896,"exit_reason":"roi","initial_stop_loss_abs":0.18786,"initial_stop_loss_ratio":-0.05,"stop_loss_abs":0.18786,"stop_loss_ratio":-0.05,"min_rate":0.19737,"max_rate":0.19985,"is_open":false,"enter_tag":"","leverage":1.0,"is_short":false,"open_timestamp":1761350400000,"close_timestamp":1761357600000,"orders":[{"amount":1643.0,"safe_price":0.19774,"ft_order_side":"buy","order_filled_timestamp":1761350400000,"ft_is_entry":true,"ft_order_tag":"","cost":325.21170681999996},{"amount":1643.0,"safe_price":0.19954,"ft_order_side":"sell","order_filled_timestamp":1761357600000,"ft_is_entry":false,"ft_order_tag":"roi","cost":328.17206422}],"funding_fees":0.0,"weekday":5},{"pair":"DOGE/USDT","stake_amount":325.64945,"max_stake_amount":325.64945,"amount":1603.0,"open_date":"2025-10-27 20:00:00+00:00","close_date":"2025-10-28 20:00:00+00:00","open_rate":0.20315,"close_rate":0.193,"fee_open":0.001,"fee_close":0.001,"trade_duration":1440,"profit_ratio":-0.05186125712830118,"profit_abs":-16.90547845,"exit_reason":"stop_loss","initial_stop_loss_abs":0.193,"initial_stop_loss_ratio":-0.05,"stop_loss_abs":0.193,"stop_loss_ratio":-0.05,"min_rate":0.19189,"max_rate":0.20315,"is_open":false,"enter_tag":"","leverage":1.0,"is_short":false,"open_timestamp":1761595200000,"close_timestamp":1761681600000,"orders":[{"amount":1603.0,"safe_price":0.20315,"ft_order_side":"buy","order_filled_timestamp":1761595200000,"ft_is_entry":true,"ft_order_tag":"","cost":325.97509944999996},{"amount":1603.0,"safe_price":0.193,"ft_order_side":"sell","order_filled_timestamp":1761681600000,"ft_is_entry":false,"ft_order_tag":"stop_loss","cost":309.688379}],"funding_fees":0.0,"weekday":1},{"pair":"DOGE/USDT","stake_amount":319.96725,"max_stake_amount":319.96725,"amount":1831.0,"open_date":"2025-11-09 01:00:00+00:00","close_date":"2025-11-09 06:00:00+00:00","open_rate":0.17475,"close_rate":0.1750998498498498,"fee_open":0.001,"fee_close":0.001,"trade_duration":300,"profit_ratio":0.0,"profit_abs":0.0,"exit_reason":"roi","initial_stop_loss_abs":0.16602,"initial_stop_loss_ratio":-0.05,"stop_loss_abs":0.16602,"stop_loss_ratio":-0.05,"min_rate":0.17123,"max_rate":0.17582,"is_open":false,"enter_tag":"","leverage":1.0,"is_short":false,"open_timestamp":1762650000000,"close_timestamp":1762668000000,"orders":[{"amount":1831.0,"safe_price":0.17475,"ft_order_side":"buy","order_filled_timestamp":1762650000000,"ft_is_entry":true,"ft_order_tag":"","cost":320.28721724999997},{"amount":1831.0,"safe_price":0.1750998498498498,"ft_order_side":"sell","order_filled_timestamp":1762668000000,"ft_is_entry":false,"ft_order_tag":"roi","cost":320.92843290015}],"funding_fees":0.0,"weekday":6},{"pair":"DOGE/USDT","stake_amount":320.01223,"max_stake_amount":320.01223,"amount":2069.0,"open_date":"2025-11-18 06:00:00+00:00","close_date":"2025-11-18 08:00:00+00:00","open_rate":0.15467,"close_rate":0.15508,"fee_open":0.001,"fee_close":0.001,"trade_duration":120,"profit_ratio":0.0006475066279811866,"profit_abs":0.20741725,"exit_reason":"roi","initial_stop_loss_abs":0.14694,"initial_stop_loss_ratio":-0.05,"stop_loss_abs":0.14694,"stop_loss_ratio":-0.05,"min_rate":0.15295,"max_rate":0.15744,"is_open":false,"enter_tag":"","leverage":1.0,"is_short":false,"open_timestamp":1763445600000,"close_timestamp":1763452800000,"orders":[{"amount":2069.0,"safe_price":0.15467,"ft_order_side":"buy","order_filled_timestamp":1763445600000,"ft_is_entry":true,"ft_order_tag":"","cost":320.33224222999996},{"amount":2069.0,"safe_price":0.15508,"ft_order_side":"sell","order_filled_timestamp":1763452800000,"ft_is_entry":false,"ft_order_tag":"roi","cost":321.18138051999995}],"funding_fees":0.0,"weekday":1},{"pair":"DOGE/USDT","stake_amount":320.11052,"max_stake_amount":320.11052,"amount":2269.0,"open_date":"2025-11-21 19:00:00+00:00","close_date":"2025-11-21 21:00:00+00:00","open_rate":0.14108,"close_rate":0.14136244244244245,"fee_open":0.001,"fee_close":0.001,"trade_duration":120,"profit_ratio":0.0,"profit_abs":0.0,"exit_reason":"roi","initial_stop_loss_abs":0.13403,"initial_stop_loss_ratio":-0.05,"stop_loss_abs":0.13403,"stop_loss_ratio":-0.05,"min_rate":0.13756,"max_rate":0.14171,"is_open":false,"enter_tag":"","leverage":1.0,"is_short":false,"open_timestamp":1763751600000,"close_timestamp":1763758800000,"orders":[{"amount":2269.0,"safe_price":0.14108,"ft_order_side":"buy","order_filled_timestamp":1763751600000,"ft_is_entry":true,"ft_order_tag":"","cost":320.43063051999997},{"amount":2269.0,"safe_price":0.14136244244244245,"ft_order_side":"sell","order_filled_timestamp":1763758800000,"ft_is_entry":false,"ft_order_tag":"roi","cost":321.0721332838038}],"funding_fees":0.0,"weekday":4},{"pair":"DOGE/USDT","stake_amount":320.16504,"max_stake_amount":320.16504,"amount":2136.0,"open_date":"2025-11-29 04:00:00+00:00","close_date":"2025-11-30 13:00:00+00:00","open_rate":0.14989,"close_rate":0.15019008008008006,"fee_open":0.001,"fee_close":0.001,"trade_duration":1980,"profit_ratio":0.0,"profit_abs":0.0,"exit_reason":"roi","initial_stop_loss_abs":0.1424,"initial_stop_loss_ratio":-0.05,"stop_loss_abs":0.1424,"stop_loss_ratio":-0.05,"min_rate":0.14725,"max_rate":0.15072,"is_open":false,"enter_tag":"","leverage":1.0,"is_short":false,"open_timestamp":1764388800000,"close_timestamp":1764507600000,"orders":[{"amount":2136.0,"safe_price":0.14989,"ft_order_side":"buy","order_filled_timestamp":1764388800000,"ft_is_entry":true,"ft_order_tag":"","cost":320.4852050399999},{"amount":2136.0,"safe_price":0.15019008008008006,"ft_order_side":"sell","order_filled_timestamp":1764507600000,"ft_is_entry":false,"ft_order_tag":"roi","cost":321.126817062102}],"funding_fees":0.0,"weekday":6},{"pair":"DOGE/USDT","stake_amount":320.17358,"max_stake_amount":320.17358,"amount":2294.0,"open_date":"2025-12-07 02:00:00+00:00","close_date":"2025-12-07 04:00:00+00:00","open_rate":0.13957,"close_rate":0.14035,"fee_open":0.001,"fee_close":0.001,"trade_duration":120,"profit_ratio":0.003579425518237584,"profit_abs":1.14718352,"exit_reason":"roi","initial_stop_loss_abs":0.1326,"initial_stop_loss_ratio":-0.05,"stop_loss_abs":0.1326,"stop_loss_ratio":-0.05,"min_rate":0.13957,"max_rate":0.14043,"is_open":false,"enter_tag":"","leverage":1.0,"is_short":false,"open_timestamp":1765072800000,"close_timestamp":1765080000000,"orders":[{"amount":2294.0,"safe_price":0.13957,"ft_order_side":"buy","order_filled_timestamp":1765072800000,"ft_is_entry":true,"ft_order_tag":"","cost":320.49375358},{"amount":2294.0,"safe_price":0.14035,"ft_order_side":"sell","order_filled_timestamp":1765080000000,"ft_is_entry":false,"ft_order_tag":"roi","cost":322.28486289999995}],"funding_fees":0.0,"weekday":6},{"pair":"DOGE/USDT","stake_amount":320.4886,"max_stake_amount":320.4886,"amount":2315.0,"open_date":"2025-12-14 05:00:00+00:00","close_date":"2025-12-15 15:00:00+00:00","open_rate":0.13844,"close_rate":0.13152,"fee_open":0.001,"fee_close":0.001,"trade_duration":2040,"profit_ratio":-0.0518836840709132,"profit_abs":-16.6447574,"exit_reason":"stop_loss","initial_stop_loss_abs":0.13152,"initial_stop_loss_ratio":-0.05,"stop_loss_abs":0.13152,"stop_loss_ratio":-0.05,"min_rate":0.12977,"max_rate":0.13845,"is_open":false,"enter_tag":"","leverage":1.0,"is_short":false,"open_timestamp":1765688400000,"close_timestamp":1765810800000,"orders":[{"amount":2315.0,"safe_price":0.13844,"ft_order_side":"buy","order_filled_timestamp":1765688400000,"ft_is_entry":true,"ft_order_tag":"","cost":320.8090886},{"amount":2315.0,"safe_price":0.13152,"ft_order_side":"sell","order_filled_timestamp":1765810800000,"ft_is_entry":false,"ft_order_tag":"stop_loss","cost":304.7732687999999}],"funding_fees":0.0,"weekday":0},{"pair":"DOGE/USDT","stake_amount":315.02176,"max_stake_amount":315.02176,"amount":2384.0,"open_date":"2025-12-20 22:00:00+00:00","close_date":"2025-12-21 08:00:00+00:00","open_rate":0.13214,"close_rate":0.13240454454454453,"fee_open":0.001,"fee_close":0.001,"trade_duration":600,"profit_ratio":0.0,"profit_abs":0.0,"exit_reason":"roi","initial_stop_loss_abs":0.12554,"initial_stop_loss_ratio":-0.05,"stop_loss_abs":0.12554,"stop_loss_ratio":-0.05,"min_rate":0.13049,"max_rate":0.13307,"is_open":false,"enter_tag":"","leverage":1.0,"is_short":false,"open_timestamp":1766268000000,"close_timestamp":1766304000000,"orders":[{"amount":2384.0,"safe_price":0.13214,"ft_order_side":"buy","order_filled_timestamp":1766268000000,"ft_is_entry":true,"ft_order_tag":"","cost":315.33678176},{"amount":2384.0,"safe_price":0.13240454454454453,"ft_order_side":"sell","order_filled_timestamp":1766304000000,"ft_is_entry":false,"ft_order_tag":"roi","cost":315.9680866283883}],"funding_fees":0.0,"weekday":6},{"pair":"DOGE/USDT","stake_amount":314.95044,"max_stake_amount":314.95044,"amount":2436.0,"open_date":"2025-12-24 00:00:00+00:00","close_date":"2025-12-24 02:00:00+00:00","open_rate":0.12929,"close_rate":0.12976,"fee_open":0.001,"fee_close":0.001,"trade_duration":120,"profit_ratio":0.0016299733988650378,"profit_abs":0.5138742,"exit_reason":"roi","initial_stop_loss_abs":0.12283,"initial_stop_loss_ratio":-0.05,"stop_loss_abs":0.12283,"stop_loss_ratio":-0.05,"min_rate":0.12781,"max_rate":0.13038,"is_open":false,"enter_tag":"","leverage":1.0,"is_short":false,"open_timestamp":1766534400000,"close_timestamp":1766541600000,"orders":[{"amount":2436.0,"safe_price":0.12929,"ft_order_side":"buy","order_filled_timestamp":1766534400000,"ft_is_entry":true,"ft_order_tag":"","cost":315.2653904399999},{"amount":2436.0,"safe_price":0.12976,"ft_order_side":"sell","order_filled_timestamp":1766541600000,"ft_is_entry":false,"ft_order_tag":"roi","cost":316.41145535999993}],"funding_fees":0.0,"weekday":2},{"pair":"DOGE/USDT","stake_amount":315.15528,"max_stake_amount":315.15528,"amount":2508.0,"open_date":"2025-12-26 06:00:00+00:00","close_date":"2025-12-26 08:00:00+00:00","open_rate":0.12566,"close_rate":0.12591157157157157,"fee_open":0.001,"fee_close":0.001,"trade_duration":120,"profit_ratio":0.0,"profit_abs":0.0,"exit_reason":"roi","initial_stop_loss_abs":0.11938,"initial_stop_loss_ratio":-0.05,"stop_loss_abs":0.11938,"stop_loss_ratio":-0.05,"min_rate":0.12522,"max_rate":0.12669,"is_open":false,"enter_tag":"","leverage":1.0,"is_short":false,"open_timestamp":1766728800000,"close_timestamp":1766736000000,"orders":[{"amount":2508.0,"safe_price":0.12566,"ft_order_side":"buy","order_filled_timestamp":1766728800000,"ft_is_entry":true,"ft_order_tag":"","cost":315.47043527999995},{"amount":2508.0,"safe_price":0.12591157157157157,"ft_order_side":"sell","order_filled_timestamp":1766736000000,"ft_is_entry":false,"ft_order_tag":"roi","cost":316.10200772300294}],"funding_fees":0.0,"weekday":4},{"pair":"DOGE/USDT","stake_amount":315.14648,"max_stake_amount":315.14648,"amount":2563.0,"open_date":"2025-12-30 06:00:00+00:00","close_date":"2025-12-30 08:00:00+00:00","open_rate":0.12296,"close_rate":0.12371,"fee_open":0.001,"fee_close":0.001,"trade_duration":120,"profit_ratio":0.004089355667104528,"profit_abs":1.29003479,"exit_reason":"roi","initial_stop_loss_abs":0.11682,"initial_stop_loss_ratio":-0.05,"stop_loss_abs":0.11682,"stop_loss_ratio":-0.05,"min_rate":0.12293,"max_rate":0.12486,"is_open":false,"enter_tag":"","leverage":1.0,"is_short":false,"open_timestamp":1767074400000,"close_timestamp":1767081600000,"orders":[{"amount":2563.0,"safe_price":0.12296,"ft_order_side":"buy","order_filled_timestamp":1767074400000,"ft_is_entry":true,"ft_order_tag":"","cost":315.46162647999995},{"amount":2563.0,"safe_price":0.12371,"ft_order_side":"sell","order_filled_timestamp":1767081600000,"ft_is_entry":false,"ft_order_tag":"roi","cost":317.38579873}],"funding_fees":0.0,"weekday":1},{"pair":"DOGE/USDT","stake_amount":315.55874,"max_stake_amount":315.55874,"amount":2674.0,"open_date":"2026-01-01 05:00:00+00:00","close_date":"2026-01-01 07:00:00+00:00","open_rate":0.11801,"close_rate":0.11845,"fee_open":0.001,"fee_close":0.001,"trade_duration":120,"profit_ratio":0.0017230460413241537,"profit_abs":0.54426596,"exit_reason":"roi","initial_stop_loss_abs":0.11211,"initial_stop_loss_ratio":-0.05,"stop_loss_abs":0.11211,"stop_loss_ratio":-0.05,"min_rate":0.11799,"max_rate":0.11873,"is_open":false,"enter_tag":"","leverage":1.0,"is_short":false,"open_timestamp":1767243600000,"close_timestamp":1767250800000,"orders":[{"amount":2674.0,"safe_price":0.11801,"ft_order_side":"buy","order_filled_timestamp":1767243600000,"ft_is_entry":true,"ft_order_tag":"","cost":315.87429874},{"amount":2674.0,"safe_price":0.11845,"ft_order_side":"sell","order_filled_timestamp":1767250800000,"ft_is_entry":false,"ft_order_tag":"roi","cost":317.05203529999994}],"funding_fees":0.0,"weekday":3},{"pair":"DOGE/USDT","stake_amount":315.8082,"max_stake_amount":315.8082,"amount":2097.0,"open_date":"2026-01-05 05:00:00+00:00","close_date":"2026-01-05 16:00:00+00:00","open_rate":0.1506,"close_rate":0.15090150150150147,"fee_open":0.001,"fee_close":0.001,"trade_duration":660,"profit_ratio":0.0,"profit_abs":0.0,"exit_reason":"roi","initial_stop_loss_abs":0.14307,"initial_stop_loss_ratio":-0.05,"stop_loss_abs":0.14307,"stop_loss_ratio":-0.05,"min_rate":0.14581,"max_rate":0.15141,"is_open":false,"enter_tag":"","leverage":1.0,"is_short":false,"open_timestamp":1767589200000,"close_timestamp":1767628800000,"orders":[{"amount":2097.0,"safe_price":0.1506,"ft_order_side":"buy","order_filled_timestamp":1767589200000,"ft_is_entry":true,"ft_order_tag":"","cost":316.1240082},{"amount":2097.0,"safe_price":0.15090150150150147,"ft_order_side":"sell","order_filled_timestamp":1767628800000,"ft_is_entry":false,"ft_order_tag":"roi","cost":316.75688909729723}],"funding_fees":0.0,"weekday":0}],"locks":[],"best_pair":{"key":"DOGE/USDT","trades":19,"profit_mean":-0.006914929260603944,"profit_mean_pct":-0.69,"profit_total_abs":-42.89749975,"profit_total":-0.04289749975,"profit_total_pct":-4.29,"duration_avg":"7:57:00","wins":7,"draws":9,"losses":3,"winrate":0.3684210526315789,"cagr":-0.15209185034468886,"expectancy":-2.2577631447368423,"expectancy_ratio":-0.607230219851465,"sortino":-39.51245456891739,"sharpe":-1.324683648748929,"calmar":-17.986488378128545,"sqn":-1.5018,"profit_factor":0.1542086076073882,"max_drawdown_account":0.04697429782130869,"max_drawdown_abs":47.05950104},"worst_pair":{"key":"DOGE/USDT","trades":19,"profit_mean":-0.006914929260603944,"profit_mean_pct":-0.69,"profit_total_abs":-42.89749975,"profit_total":-0.04289749975,"profit_total_pct":-4.29,"duration_avg":"7:57:00","wins":7,"draws":9,"losses":3,"winrate":0.3684210526315789,"cagr":-0.15209185034468886,"expectancy":-2.2577631447368423,"expectancy_ratio":-0.607230219851465,"sortino":-39.51245456891739,"sharpe":-1.324683648748929,"calmar":-17.986488378128545,"sqn":-1.5018,"profit_factor":0.1542086076073882,"max_drawdown_account":0.04697429782130869,"max_drawdown_abs":47.05950104},"results_per_pair":[{"key":"DOGE/USDT","trades":19,"profit_mean":-0.006914929260603944,"profit_mean_pct":-0.69,"profit_total_abs":-42.89749975,"profit_total":-0.04289749975,"profit_total_pct":-4.29,"duration_avg":"7:57:00","wins":7,"draws":9,"losses":3,"winrate":0.3684210526315789,"cagr":-0.15209185034468886,"expectancy":-2.2577631447368423,"expectancy_ratio":-0.607230219851465,"sortino":-39.51245456891739,"sharpe":-1.324683648748929,"calmar":-17.986488378128545,"sqn":-1.5018,"profit_factor":0.1542086076073882,"max_drawdown_account":0.04697429782130869,"max_drawdown_abs":47.05950104},{"key":"TOTAL","trades":19,"profit_mean":-0.006914929260603944,"profit_mean_pct":-0.69,"profit_total_abs":-42.89749975,"profit_total":-0.04289749975,"profit_total_pct":-4.29,"duration_avg":"7:57:00","wins":7,"draws":9,"losses":3,"winrate":0.3684210526315789,"cagr":-0.15209185034468886,"expectancy":-2.2577631447368423,"expectancy_ratio":-0.607230219851465,"sortino":-39.51245456891739,"sharpe":-1.324683648748929,"calmar":-17.986488378128545,"sqn":-1.5018,"profit_factor":0.1542086076073882,"max_drawdown_account":0.04697429782130869,"max_drawdown_abs":47.05950104}],"results_per_enter_tag":[{"key":"","trades":19,"profit_mean":-0.006914929260603944,"profit_mean_pct":-0.69,"profit_total_abs":-42.89749975,"profit_total":-0.04289749975,"profit_total_pct":-4.29,"duration_avg":"7:57:00","wins":7,"draws":9,"losses":3,"winrate":0.3684210526315789,"cagr":-0.15209185034468886,"expectancy":-2.2577631447368423,"expectancy_ratio":-0.607230219851465,"sortino":-39.51245456891739,"sharpe":-1.324683648748929,"calmar":-17.986488378128545,"sqn":-1.5018,"profit_factor":0.1542086076073882,"max_drawdown_account":0.04697429782130869,"max_drawdown_abs":47.05950104},{"key":"TOTAL","trades":19,"profit_mean":-0.006914929260603944,"profit_mean_pct":-0.69,"profit_total_abs":-42.89749975,"profit_total":-0.04289749975,"profit_total_pct":-4.29,"duration_avg":"7:57:00","wins":7,"draws":9,"losses":3,"winrate":0.3684210526315789,"cagr":-0.15209185034468886,"expectancy":-2.2577631447368423,"expectancy_ratio":-0.607230219851465,"sortino":-39.51245456891739,"sharpe":-1.324683648748929,"calmar":-17.986488378128545,"sqn":-1.5018,"profit_factor":0.1542086076073882,"max_drawdown_account":0.04697429782130869,"max_drawdown_abs":47.05950104}],"exit_reason_summary":[{"key":"roi","trades":16,"profit_mean":0.0015155489774812646,"profit_mean_pct":0.15,"profit_total_abs":7.82127102,"profit_total":0.00782127102,"profit_total_pct":0.78,"duration_avg":"5:45:00","wins":7,"draws":9,"losses":0,"winrate":0.4375,"cagr":0.02975000618058976,"expectancy":0.48882943875000007,"expectancy_ratio":100.0,"sortino":-100,"sharpe":2.13090417476997,"calmar":-100,"sqn":2.6189,"profit_factor":0.0,"max_drawdown_account":0.0,"max_drawdown_abs":0.0},{"key":"stop_loss","trades":3,"profit_mean":-0.05187747986372506,"profit_mean_pct":-5.19,"profit_total_abs":-50.718770770000006,"profit_total":-0.050718770770000005,"profit_total_pct":-5.07,"duration_avg":"19:40:00","wins":0,"draws":0,"losses":3,"winrate":0.0,"cagr":-0.17787179639483142,"expectancy":-16.906256923333334,"expectancy_ratio":-1.0,"sortino":-46.71654845900338,"sharpe":-46.71654845900338,"calmar":-19.695848633549282,"sqn":-111.8124,"profit_factor":0.0,"max_drawdown_account":0.05071877076999999,"max_drawdown_abs":50.718770770000006},{"key":"TOTAL","trades":19,"profit_mean":-0.006914929260603944,"profit_mean_pct":-0.69,"profit_total_abs":-42.89749975,"profit_total":-0.04289749975,"profit_total_pct":-4.29,"duration_avg":"7:57:00","wins":7,"draws":9,"losses":3,"winrate":0.3684210526315789,"cagr":-0.15209185034468886,"expectancy":-2.2577631447368423,"expectancy_ratio":-0.607230219851465,"sortino":-39.51245456891739,"sharpe":-1.324683648748929,"calmar":-17.986488378128545,"sqn":-1.5018,"profit_factor":0.1542086076073882,"max_drawdown_account":0.04697429782130869,"max_drawdown_abs":47.05950104}],"mix_tag_stats":[{"key":["","roi"],"trades":16,"profit_mean":0.0015155489774812646,"profit_mean_pct":0.15,"profit_total_abs":7.82127102,"profit_total":0.00782127102,"profit_total_pct":0.78,"duration_avg":"5:45:00","wins":7,"draws":9,"losses":0,"winrate":0.4375,"cagr":0.02975000618058976,"expectancy":0.48882943875000007,"expectancy_ratio":100.0,"sortino":-100,"sharpe":2.13090417476997,"calmar":-100,"sqn":2.6189,"profit_factor":0.0,"max_drawdown_account":0.0,"max_drawdown_abs":0.0},{"key":["","stop_loss"],"trades":3,"profit_mean":-0.05187747986372506,"profit_mean_pct":-5.19,"profit_total_abs":-50.718770770000006,"profit_total":-0.050718770770000005,"profit_total_pct":-5.07,"duration_avg":"19:40:00","wins":0,"draws":0,"losses":3,"winrate":0.0,"cagr":-0.17787179639483142,"expectancy":-16.906256923333334,"expectancy_ratio":-1.0,"sortino":-46.71654845900338,"sharpe":-46.71654845900338,"calmar":-19.695848633549282,"sqn":-111.8124,"profit_factor":0.0,"max_drawdown_account":0.05071877076999999,"max_drawdown_abs":50.718770770000006},{"key":"TOTAL","trades":19,"profit_mean":-0.006914929260603944,"profit_mean_pct":-0.69,"profit_total_abs":-42.89749975,"profit_total":-0.04289749975,"profit_total_pct":-4.29,"duration_avg":"7:57:00","wins":7,"draws":9,"losses":3,"winrate":0.3684210526315789,"cagr":-0.15209185034468886,"expectancy":-2.2577631447368423,"expectancy_ratio":-0.607230219851465,"sortino":-39.51245456891739,"sharpe":-1.324683648748929,"calmar":-17.986488378128545,"sqn":-1.5018,"profit_factor":0.1542086076073882,"max_drawdown_account":0.04697429782130869,"max_drawdown_abs":47.05950104}],"left_open_trades":[{"key":"TOTAL","trades":0,"profit_mean":0.0,"profit_mean_pct":0.0,"profit_total_abs":0.0,"profit_total":0.0,"profit_total_pct":0.0,"duration_avg":"0:00","wins":0,"draws":0,"losses":0,"winrate":0.0,"cagr":0.0,"expectancy":0.0,"expectancy_ratio":100.0,"sortino":0,"sharpe":0,"calmar":0,"sqn":0.0,"profit_factor":0.0,"max_drawdown_account":0.0,"max_drawdown_abs":0.0}],"total_trades":19,"trade_count_long":19,"trade_count_short":0,"total_volume":12187.254559209458,"avg_stake_amount":321.2053131578948,"profit_mean":-0.006914929260603944,"profit_median":0.0,"profit_total":-0.04289749975,"profit_total_long":-0.04289749975,"profit_total_short":0.0,"profit_total_abs":-42.89749975,"profit_total_long_abs":-42.89749975,"profit_total_short_abs":0.0,"cagr":-0.15209185034468886,"expectancy":-2.2577631447368423,"expectancy_ratio":-0.607230219851465,"sortino":-39.51245456891739,"sharpe":-1.324683648748929,"calmar":-17.986488378128545,"sqn":-1.5018,"profit_factor":0.1542086076073882,"backtest_start":"2025-10-01 00:00:00","backtest_start_ts":1759276800000,"backtest_end":"2026-01-06 20:00:00","backtest_end_ts":1767729600000,"backtest_days":97,"backtest_run_start_ts":1767747208,"backtest_run_end_ts":1767747208,"trades_per_day":0.2,"market_change":-0.36632086436227446,"pairlist":["DOGE/USDT"],"stake_amount":"unlimited","stake_currency":"USDT","stake_currency_decimals":3,"starting_balance":1000,"dry_run_wallet":1000,"final_balance":957.10250025,"rejected_signals":0,"timedout_entry_orders":0,"timedout_exit_orders":0,"canceled_trade_entries":0,"canceled_entry_orders":0,"replaced_entry_orders":0,"max_open_trades":1,"max_open_trades_setting":3,"timeframe":"1h","timeframe_detail":"","timerange":"20251001-","enable_protections":false,"strategy_name":"ACO_36_9","freqaimodel":null,"freqai_identifier":null,"stoploss":-0.05,"trailing_stop":false,"trailing_stop_positive":null,"trailing_stop_positive_offset":0.0,"trailing_only_offset_is_reached":false,"use_custom_stoploss":false,"minimal_roi":{"0":0.1,"60":0.05,"120":0.0},"use_exit_signal":true,"exit_profit_only":false,"exit_profit_offset":0.0,"ignore_roi_if_entry_signal":false,"trading_mode":"spot","margin_mode":"","periodic_breakdown":{"day":[{"date":"10/10/2025","date_ts":1760054400000,"profit_abs":0.0,"wins":0,"draws":1,"losses":0,"trades":1,"profit_factor":0.0},{"date":"11/10/2025","date_ts":1760140800000,"profit_abs":0.0,"wins":0,"draws":0,"losses":0,"trades":0,"profit_factor":0.0},{"date":"12/10/2025","date_ts":1760227200000,"profit_abs":0.0,"wins":0,"draws":0,"losses":0,"trades":0,"profit_factor":0.0},{"date":"13/10/2025","date_ts":1760313600000,"profit_abs":0.0,"wins":0,"draws":0,"losses":0,"trades":0,"profit_factor":0.0},{"date":"14/10/2025","date_ts":1760400000000,"profit_abs":0.0,"wins":0,"draws":0,"losses":0,"trades":0,"profit_factor":0.0},{"date":"15/10/2025","date_ts":1760486400000,"profit_abs":1.81382634,"wins":1,"draws":0,"losses":0,"trades":1,"profit_factor":0.0},{"date":"16/10/2025","date_ts":1760572800000,"profit_abs":0.0,"wins":0,"draws":0,"losses":0,"trades":0,"profit_factor":0.0},{"date":"17/10/2025","date_ts":1760659200000,"profit_abs":-17.16853492,"wins":0,"draws":0,"losses":1,"trades":1,"profit_factor":0.0},{"date":"18/10/2025","date_ts":1760745600000,"profit_abs":0.0,"wins":0,"draws":0,"losses":0,"trades":0,"profit_factor":0.0},{"date":"19/10/2025","date_ts":1760832000000,"profit_abs":0.0,"wins":0,"draws":0,"losses":0,"trades":0,"profit_factor":0.0},{"date":"20/10/2025","date_ts":1760918400000,"profit_abs":0.0,"wins":0,"draws":0,"losses":0,"trades":0,"profit_factor":0.0},{"date":"21/10/2025","date_ts":1761004800000,"profit_abs":0.0,"wins":0,"draws":1,"losses":0,"trades":1,"profit_factor":0.0},{"date":"22/10/2025","date_ts":1761091200000,"profit_abs":0.0,"wins":0,"draws":1,"losses":0,"trades":1,"profit_factor":0.0},{"date":"23/10/2025","date_ts":1761177600000,"profit_abs":0.0,"wins":0,"draws":0,"losses":0,"trades":0,"profit_factor":0.0},{"date":"24/10/2025","date_ts":1761264000000,"profit_abs":0.0,"wins":0,"draws":0,"losses":0,"trades":0,"profit_factor":0.0},{"date":"25/10/2025","date_ts":1761350400000,"profit_abs":2.30466896,"wins":1,"draws":0,"losses":0,"trades":1,"profit_factor":0.0},{"date":"26/10/2025","date_ts":1761436800000,"profit_abs":0.0,"wins":0,"draws":0,"losses":0,"trades":0,"profit_factor":0.0},{"date":"27/10/2025","date_ts":1761523200000,"profit_abs":0.0,"wins":0,"draws":0,"losses":0,"trades":0,"profit_factor":0.0},{"date":"28/10/2025","date_ts":1761609600000,"profit_abs":-16.90547845,"wins":0,"draws":0,"losses":1,"trades":1,"profit_factor":0.0},{"date":"29/10/2025","date_ts":1761696000000,"profit_abs":0.0,"wins":0,"draws":0,"losses":0,"trades":0,"profit_factor":0.0},{"date":"30/10/2025","date_ts":1761782400000,"profit_abs":0.0,"wins":0,"draws":0,"losses":0,"trades":0,"profit_factor":0.0},{"date":"31/10/2025","date_ts":1761868800000,"profit_abs":0.0,"wins":0,"draws":0,"losses":0,"trades":0,"profit_factor":0.0},{"date":"01/11/2025","date_ts":1761955200000,"profit_abs":0.0,"wins":0,"draws":0,"losses":0,"trades":0,"profit_factor":0.0},{"date":"02/11/2025","date_ts":1762041600000,"profit_abs":0.0,"wins":0,"draws":0,"losses":0,"trades":0,"profit_factor":0.0},{"date":"03/11/2025","date_ts":1762128000000,"profit_abs":0.0,"wins":0,"draws":0,"losses":0,"trades":0,"profit_factor":0.0},{"date":"04/11/2025","date_ts":1762214400000,"profit_abs":0.0,"wins":0,"draws":0,"losses":0,"trades":0,"profit_factor":0.0},{"date":"05/11/2025","date_ts":1762300800000,"profit_abs":0.0,"wins":0,"draws":0,"losses":0,"trades":0,"profit_factor":0.0},{"date":"06/11/2025","date_ts":1762387200000,"profit_abs":0.0,"wins":0,"draws":0,"losses":0,"trades":0,"profit_factor":0.0},{"date":"07/11/2025","date_ts":1762473600000,"profit_abs":0.0,"wins":0,"draws":0,"losses":0,"trades":0,"profit_factor":0.0},{"date":"08/11/2025","date_ts":1762560000000,"profit_abs":0.0,"wins":0,"draws":0,"losses":0,"trades":0,"profit_factor":0.0},{"date":"09/11/2025","date_ts":1762646400000,"profit_abs":0.0,"wins":0,"draws":1,"losses":0,"trades":1,"profit_factor":0.0},{"date":"10/11/2025","date_ts":1762732800000,"profit_abs":0.0,"wins":0,"draws":0,"losses":0,"trades":0,"profit_factor":0.0},{"date":"11/11/2025","date_ts":1762819200000,"profit_abs":0.0,"wins":0,"draws":0,"losses":0,"trades":0,"profit_factor":0.0},{"date":"12/11/2025","date_ts":1762905600000,"profit_abs":0.0,"wins":0,"draws":0,"losses":0,"trades":0,"profit_factor":0.0},{"date":"13/11/2025","date_ts":1762992000000,"profit_abs":0.0,"wins":0,"draws":0,"losses":0,"trades":0,"profit_factor":0.0},{"date":"14/11/2025","date_ts":1763078400000,"profit_abs":0.0,"wins":0,"draws":0,"losses":0,"trades":0,"profit_factor":0.0},{"date":"15/11/2025","date_ts":1763164800000,"profit_abs":0.0,"wins":0,"draws":0,"losses":0,"trades":0,"profit_factor":0.0},{"date":"16/11/2025","date_ts":1763251200000,"profit_abs":0.0,"wins":0,"draws":0,"losses":0,"trades":0,"profit_factor":0.0},{"date":"17/11/2025","date_ts":1763337600000,"profit_abs":0.0,"wins":0,"draws":0,"losses":0,"trades":0,"profit_factor":0.0},{"date":"18/11/2025","date_ts":1763424000000,"profit_abs":0.20741725,"wins":1,"draws":0,"losses":0,"trades":1,"profit_factor":0.0},{"date":"19/11/2025","date_ts":1763510400000,"profit_abs":0.0,"wins":0,"draws":0,"losses":0,"trades":0,"profit_factor":0.0},{"date":"20/11/2025","date_ts":1763596800000,"profit_abs":0.0,"wins":0,"draws":0,"losses":0,"trades":0,"profit_factor":0.0},{"date":"21/11/2025","date_ts":1763683200000,"profit_abs":0.0,"wins":0,"draws":1,"losses":0,"trades":1,"profit_factor":0.0},{"date":"22/11/2025","date_ts":1763769600000,"profit_abs":0.0,"wins":0,"draws":0,"losses":0,"trades":0,"profit_factor":0.0},{"date":"23/11/2025","date_ts":1763856000000,"profit_abs":0.0,"wins":0,"draws":0,"losses":0,"trades":0,"profit_factor":0.0},{"date":"24/11/2025","date_ts":1763942400000,"profit_abs":0.0,"wins":0,"draws":0,"losses":0,"trades":0,"profit_factor":0.0},{"date":"25/11/2025","date_ts":1764028800000,"profit_abs":0.0,"wins":0,"draws":0,"losses":0,"trades":0,"profit_factor":0.0},{"date":"26/11/2025","date_ts":1764115200000,"profit_abs":0.0,"wins":0,"draws":0,"losses":0,"trades":0,"profit_factor":0.0},{"date":"27/11/2025","date_ts":1764201600000,"profit_abs":0.0,"wins":0,"draws":0,"losses":0,"trades":0,"profit_factor":0.0},{"date":"28/11/2025","date_ts":1764288000000,"profit_abs":0.0,"wins":0,"draws":0,"losses":0,"trades":0,"profit_factor":0.0},{"date":"29/11/2025","date_ts":1764374400000,"profit_abs":0.0,"wins":0,"draws":0,"losses":0,"trades":0,"profit_factor":0.0},{"date":"30/11/2025","date_ts":1764460800000,"profit_abs":0.0,"wins":0,"draws":1,"losses":0,"trades":1,"profit_factor":0.0},{"date":"01/12/2025","date_ts":1764547200000,"profit_abs":0.0,"wins":0,"draws":0,"losses":0,"trades":0,"profit_factor":0.0},{"date":"02/12/2025","date_ts":1764633600000,"profit_abs":0.0,"wins":0,"draws":0,"losses":0,"trades":0,"profit_factor":0.0},{"date":"03/12/2025","date_ts":1764720000000,"profit_abs":0.0,"wins":0,"draws":0,"losses":0,"trades":0,"profit_factor":0.0},{"date":"04/12/2025","date_ts":1764806400000,"profit_abs":0.0,"wins":0,"draws":0,"losses":0,"trades":0,"profit_factor":0.0},{"date":"05/12/2025","date_ts":1764892800000,"profit_abs":0.0,"wins":0,"draws":0,"losses":0,"trades":0,"profit_factor":0.0},{"date":"06/12/2025","date_ts":1764979200000,"profit_abs":0.0,"wins":0,"draws":0,"losses":0,"trades":0,"profit_factor":0.0},{"date":"07/12/2025","date_ts":1765065600000,"profit_abs":1.14718352,"wins":1,"draws":0,"losses":0,"trades":1,"profit_factor":0.0},{"date":"08/12/2025","date_ts":1765152000000,"profit_abs":0.0,"wins":0,"draws":0,"losses":0,"trades":0,"profit_factor":0.0},{"date":"09/12/2025","date_ts":1765238400000,"profit_abs":0.0,"wins":0,"draws":0,"losses":0,"trades":0,"profit_factor":0.0},{"date":"10/12/2025","date_ts":1765324800000,"profit_abs":0.0,"wins":0,"draws":0,"losses":0,"trades":0,"profit_factor":0.0},{"date":"11/12/2025","date_ts":1765411200000,"profit_abs":0.0,"wins":0,"draws":0,"losses":0,"trades":0,"profit_factor":0.0},{"date":"12/12/2025","date_ts":1765497600000,"profit_abs":0.0,"wins":0,"draws":0,"losses":0,"trades":0,"profit_factor":0.0},{"date":"13/12/2025","date_ts":1765584000000,"profit_abs":0.0,"wins":0,"draws":0,"losses":0,"trades":0,"profit_factor":0.0},{"date":"14/12/2025","date_ts":1765670400000,"profit_abs":0.0,"wins":0,"draws":0,"losses":0,"trades":0,"profit_factor":0.0},{"date":"15/12/2025","date_ts":1765756800000,"profit_abs":-16.6447574,"wins":0,"draws":0,"losses":1,"trades":1,"profit_factor":0.0},{"date":"16/12/2025","date_ts":1765843200000,"profit_abs":0.0,"wins":0,"draws":0,"losses":0,"trades":0,"profit_factor":0.0},{"date":"17/12/2025","date_ts":1765929600000,"profit_abs":0.0,"wins":0,"draws":0,"losses":0,"trades":0,"profit_factor":0.0},{"date":"18/12/2025","date_ts":1766016000000,"profit_abs":0.0,"wins":0,"draws":0,"losses":0,"trades":0,"profit_factor":0.0},{"date":"19/12/2025","date_ts":1766102400000,"profit_abs":0.0,"wins":0,"draws":0,"losses":0,"trades":0,"profit_factor":0.0},{"date":"20/12/2025","date_ts":1766188800000,"profit_abs":0.0,"wins":0,"draws":0,"losses":0,"trades":0,"profit_factor":0.0},{"date":"21/12/2025","date_ts":1766275200000,"profit_abs":0.0,"wins":0,"draws":1,"losses":0,"trades":1,"profit_factor":0.0},{"date":"22/12/2025","date_ts":1766361600000,"profit_abs":0.0,"wins":0,"draws":0,"losses":0,"trades":0,"profit_factor":0.0},{"date":"23/12/2025","date_ts":1766448000000,"profit_abs":0.0,"wins":0,"draws":0,"losses":0,"trades":0,"profit_factor":0.0},{"date":"24/12/2025","date_ts":1766534400000,"profit_abs":0.5138742,"wins":1,"draws":0,"losses":0,"trades":1,"profit_factor":0.0},{"date":"25/12/2025","date_ts":1766620800000,"profit_abs":0.0,"wins":0,"draws":0,"losses":0,"trades":0,"profit_factor":0.0},{"date":"26/12/2025","date_ts":1766707200000,"profit_abs":0.0,"wins":0,"draws":1,"losses":0,"trades":1,"profit_factor":0.0},{"date":"27/12/2025","date_ts":1766793600000,"profit_abs":0.0,"wins":0,"draws":0,"losses":0,"trades":0,"profit_factor":0.0},{"date":"28/12/2025","date_ts":1766880000000,"profit_abs":0.0,"wins":0,"draws":0,"losses":0,"trades":0,"profit_factor":0.0},{"date":"29/12/2025","date_ts":1766966400000,"profit_abs":0.0,"wins":0,"draws":0,"losses":0,"trades":0,"profit_factor":0.0},{"date":"30/12/2025","date_ts":1767052800000,"profit_abs":1.29003479,"wins":1,"draws":0,"losses":0,"trades":1,"profit_factor":0.0},{"date":"31/12/2025","date_ts":1767139200000,"profit_abs":0.0,"wins":0,"draws":0,"losses":0,"trades":0,"profit_factor":0.0},{"date":"01/01/2026","date_ts":1767225600000,"profit_abs":0.54426596,"wins":1,"draws":0,"losses":0,"trades":1,"profit_factor":0.0},{"date":"02/01/2026","date_ts":1767312000000,"profit_abs":0.0,"wins":0,"draws":0,"losses":0,"trades":0,"profit_factor":0.0},{"date":"03/01/2026","date_ts":1767398400000,"profit_abs":0.0,"wins":0,"draws":0,"losses":0,"trades":0,"profit_factor":0.0},{"date":"04/01/2026","date_ts":1767484800000,"profit_abs":0.0,"wins":0,"draws":0,"losses":0,"trades":0,"profit_factor":0.0},{"date":"05/01/2026","date_ts":1767571200000,"profit_abs":0.0,"wins":0,"draws":1,"losses":0,"trades":1,"profit_factor":0.0}],"week":[{"date":"13/10/2025","date_ts":1760313600000,"profit_abs":0.0,"wins":0,"draws":1,"losses":0,"trades":1,"profit_factor":0.0},{"date":"20/10/2025","date_ts":1760918400000,"profit_abs":-15.35470858,"wins":1,"draws":0,"losses":1,"trades":2,"profit_factor":0.10564829},{"date":"27/10/2025","date_ts":1761523200000,"profit_abs":2.30466896,"wins":1,"draws":2,"losses":0,"trades":3,"profit_factor":0.0},{"date":"03/11/2025","date_ts":1762128000000,"profit_abs":-16.90547845,"wins":0,"draws":0,"losses":1,"trades":1,"profit_factor":0.0},{"date":"10/11/2025","date_ts":1762732800000,"profit_abs":0.0,"wins":0,"draws":1,"losses":0,"trades":1,"profit_factor":0.0},{"date":"17/11/2025","date_ts":1763337600000,"profit_abs":0.0,"wins":0,"draws":0,"losses":0,"trades":0,"profit_factor":0.0},{"date":"24/11/2025","date_ts":1763942400000,"profit_abs":0.20741725,"wins":1,"draws":1,"losses":0,"trades":2,"profit_factor":0.0},{"date":"01/12/2025","date_ts":1764547200000,"profit_abs":0.0,"wins":0,"draws":1,"losses":0,"trades":1,"profit_factor":0.0},{"date":"08/12/2025","date_ts":1765152000000,"profit_abs":1.14718352,"wins":1,"draws":0,"losses":0,"trades":1,"profit_factor":0.0},{"date":"15/12/2025","date_ts":1765756800000,"profit_abs":-16.6447574,"wins":0,"draws":0,"losses":1,"trades":1,"profit_factor":0.0},{"date":"22/12/2025","date_ts":1766361600000,"profit_abs":0.0,"wins":0,"draws":1,"losses":0,"trades":1,"profit_factor":0.0},{"date":"29/12/2025","date_ts":1766966400000,"profit_abs":0.5138742,"wins":1,"draws":1,"losses":0,"trades":2,"profit_factor":0.0},{"date":"05/01/2026","date_ts":1767571200000,"profit_abs":1.83430075,"wins":2,"draws":1,"losses":0,"trades":3,"profit_factor":0.0}],"month":[{"date":"31/10/2025","date_ts":1761868800000,"profit_abs":-29.95551807,"wins":2,"draws":3,"losses":2,"trades":7,"profit_factor":0.1208691},{"date":"30/11/2025","date_ts":1764460800000,"profit_abs":0.20741725,"wins":1,"draws":3,"losses":0,"trades":4,"profit_factor":0.0},{"date":"31/12/2025","date_ts":1767139200000,"profit_abs":-13.69366489,"wins":3,"draws":2,"losses":1,"trades":6,"profit_factor":0.17729862},{"date":"31/01/2026","date_ts":1769817600000,"profit_abs":0.54426596,"wins":1,"draws":1,"losses":0,"trades":2,"profit_factor":0.0}],"year":[{"date":"31/12/2025","date_ts":1767139200000,"profit_abs":-43.44176571,"wins":6,"draws":8,"losses":3,"trades":17,"profit_factor":0.14347755},{"date":"31/12/2026","date_ts":1798675200000,"profit_abs":0.54426596,"wins":1,"draws":1,"losses":0,"trades":2,"profit_factor":0.0}],"weekday":[{"date":"Monday","date_ts":0,"profit_abs":-16.6447574,"wins":0,"draws":1,"losses":1,"trades":2,"profit_factor":0.0},{"date":"Tuesday","date_ts":1,"profit_abs":-15.40802641,"wins":2,"draws":1,"losses":1,"trades":4,"profit_factor":0.08857792},{"date":"Wednesday","date_ts":2,"profit_abs":2.32770054,"wins":2,"draws":1,"losses":0,"trades":3,"profit_factor":0.0},{"date":"Thursday","date_ts":3,"profit_abs":0.54426596,"wins":1,"draws":0,"losses":0,"trades":1,"profit_factor":0.0},{"date":"Friday","date_ts":4,"profit_abs":-17.16853492,"wins":0,"draws":3,"losses":1,"trades":4,"profit_factor":0.0},{"date":"Saturday","date_ts":5,"profit_abs":2.30466896,"wins":1,"draws":0,"losses":0,"trades":1,"profit_factor":0.0},{"date":"Sunday","date_ts":6,"profit_abs":1.14718352,"wins":1,"draws":3,"losses":0,"trades":4,"profit_factor":0.0}]},"backtest_best_day":0.007086672809338936,"backtest_worst_day":-0.05188749839196078,"backtest_best_day_abs":2.30466896,"backtest_worst_day_abs":-17.16853492,"winning_days":7,"draw_days":78,"losing_days":3,"daily_profit":[["2025-10-10",0.0],["2025-10-11",0.0],["2025-10-12",0.0],["2025-10-13",0.0],["2025-10-14",0.0],["2025-10-15",1.81382634],["2025-10-16",0.0],["2025-10-17",-17.16853492],["2025-10-18",0.0],["2025-10-19",0.0],["2025-10-20",0.0],["2025-10-21",0.0],["2025-10-22",0.0],["2025-10-23",0.0],["2025-10-24",0.0],["2025-10-25",2.30466896],["2025-10-26",0.0],["2025-10-27",0.0],["2025-10-28",-16.90547845],["2025-10-29",0.0],["2025-10-30",0.0],["2025-10-31",0.0],["2025-11-01",0.0],["2025-11-02",0.0],["2025-11-03",0.0],["2025-11-04",0.0],["2025-11-05",0.0],["2025-11-06",0.0],["2025-11-07",0.0],["2025-11-08",0.0],["2025-11-09",0.0],["2025-11-10",0.0],["2025-11-11",0.0],["2025-11-12",0.0],["2025-11-13",0.0],["2025-11-14",0.0],["2025-11-15",0.0],["2025-11-16",0.0],["2025-11-17",0.0],["2025-11-18",0.20741725],["2025-11-19",0.0],["2025-11-20",0.0],["2025-11-21",0.0],["2025-11-22",0.0],["2025-11-23",0.0],["2025-11-24",0.0],["2025-11-25",0.0],["2025-11-26",0.0],["2025-11-27",0.0],["2025-11-28",0.0],["2025-11-29",0.0],["2025-11-30",0.0],["2025-12-01",0.0],["2025-12-02",0.0],["2025-12-03",0.0],["2025-12-04",0.0],["2025-12-05",0.0],["2025-12-06",0.0],["2025-12-07",1.14718352],["2025-12-08",0.0],["2025-12-09",0.0],["2025-12-10",0.0],["2025-12-11",0.0],["2025-12-12",0.0],["2025-12-13",0.0],["2025-12-14",0.0],["2025-12-15",-16.6447574],["2025-12-16",0.0],["2025-12-17",0.0],["2025-12-18",0.0],["2025-12-19",0.0],["2025-12-20",0.0],["2025-12-21",0.0],["2025-12-22",0.0],["2025-12-23",0.0],["2025-12-24",0.5138742],["2025-12-25",0.0],["2025-12-26",0.0],["2025-12-27",0.0],["2025-12-28",0.0],["2025-12-29",0.0],["2025-12-30",1.29003479],["2025-12-31",0.0],["2026-01-01",0.54426596],["2026-01-02",0.0],["2026-01-03",0.0],["2026-01-04",0.0],["2026-01-05",0.0]],"wins":7,"losses":3,"draws":9,"winrate":0.3684210526315789,"holding_avg":"7:57:00","holding_avg_s":28620.0,"winner_holding_min":"0d 02:00","winner_holding_min_s":7200.0,"winner_holding_max":"0d 02:00","winner_holding_max_s":7200.0,"winner_holding_avg":"0d 02:00","winner_holding_avg_s":7200.0,"loser_holding_min":"0d 01:00","loser_holding_min_s":3600.0,"loser_holding_max":"1d 10:00","loser_holding_max_s":122400.0,"loser_holding_avg":"0d 19:40","loser_holding_avg_s":70800.0,"max_consecutive_wins":2,"max_consecutive_losses":3,"max_drawdown_account":0.04697429782130869,"max_relative_drawdown":0.04697429782130869,"max_drawdown_abs":47.05950104,"drawdown_start":"2025-10-15 06:00:00","drawdown_start_ts":1760508000000.0,"drawdown_end":"2025-12-15 15:00:00","drawdown_end_ts":1765810800000.0,"drawdown_duration":"61 days 09:00:00","drawdown_duration_s":5302800.0,"max_drawdown_low":-45.2456747,"max_drawdown_high":1.81382634,"csum_min":954.7543253,"csum_max":1001.81382634}},"strategy_comparison":[{"key":"ACO_36_9","trades":19,"profit_mean":-0.006914929260603944,"profit_mean_pct":-0.69,"profit_total_abs":-42.89749975,"profit_total":-0.04289749975,"profit_total_pct":-4.29,"duration_avg":"7:57:00","wins":7,"draws":9,"losses":3,"winrate":0.3684210526315789,"cagr":-0.15209185034468886,"expectancy":-2.2577631447368423,"expectancy_ratio":-0.607230219851465,"sortino":-39.51245456891739,"sharpe":-1.324683648748929,"calmar":-17.986488378128545,"sqn":-1.5018,"profit_factor":0.1542086076073882,"max_drawdown_account":0.04697429782130869,"max_drawdown_abs":"47.06"}]}