{"strategy":{"ACO_82_4":{"trades":[{"pair":"DOGE/USDT","stake_amount":329.93064,"max_stake_amount":329.93064,"amount":1313.0,"open_date":"2025-10-10 04:00:00+00:00","close_date":"2025-10-10 06:00:00+00:00","open_rate":0.25128,"close_rate":0.25199,"fee_open":0.001,"fee_close":0.001,"trade_duration":120,"profit_ratio":0.0008218858505391456,"profit_abs":0.27143649,"exit_reason":"roi","initial_stop_loss_abs":0.23872,"initial_stop_loss_ratio":-0.05,"stop_loss_abs":0.23872,"stop_loss_ratio":-0.05,"min_rate":0.24856,"max_rate":0.25296,"is_open":false,"enter_tag":"","leverage":1.0,"is_short":false,"open_timestamp":1760068800000,"close_timestamp":1760076000000,"orders":[{"amount":1313.0,"safe_price":0.25128,"ft_order_side":"buy","order_filled_timestamp":1760068800000,"ft_is_entry":true,"ft_order_tag":"","cost":330.26057063999997},{"amount":1313.0,"safe_price":0.25199,"ft_order_side":"sell","order_filled_timestamp":1760076000000,"ft_is_entry":false,"ft_order_tag":"roi","cost":331.19373286999996}],"funding_fees":0.0,"weekday":4},{"pair":"DOGE/USDT","stake_amount":329.95625,"max_stake_amount":329.95625,"amount":1625.0,"open_date":"2025-10-21 15:00:00+00:00","close_date":"2025-10-21 21:00:00+00:00","open_rate":0.20305,"close_rate":0.19946,"fee_open":0.001,"fee_close":0.001,"trade_duration":360,"profit_ratio":-0.01964305086688736,"profit_abs":-6.48782875,"exit_reason":"exit_signal","initial_stop_loss_abs":0.1929,"initial_stop_loss_ratio":-0.05,"stop_loss_abs":0.1929,"stop_loss_ratio":-0.05,"min_rate":0.19544,"max_rate":0.20563,"is_open":false,"enter_tag":"","leverage":1.0,"is_short":false,"open_timestamp":1761058800000,"close_timestamp":1761080400000,"orders":[{"amount":1625.0,"safe_price":0.20305,"ft_order_side":"buy","order_filled_timestamp":1761058800000,"ft_is_entry":true,"ft_order_tag":"","cost":330.28620624999996},{"amount":1625.0,"safe_price":0.19946,"ft_order_side":"sell","order_filled_timestamp":1761080400000,"ft_is_entry":false,"ft_order_tag":"exit_signal","cost":324.4466225}],"funding_fees":0.0,"weekday":1},{"pair":"DOGE/USDT","stake_amount":327.79791,"max_stake_amount":327.79791,"amount":1683.0,"open_date":"2025-10-23 07:00:00+00:00","close_date":"2025-10-23 10:00:00+00:00","open_rate":0.19477,"close_rate":0.19515992992992992,"fee_open":0.001,"fee_close":0.001,"trade_duration":180,"profit_ratio":0.0,"profit_abs":0.0,"exit_reason":"roi","initial_stop_loss_abs":0.18504,"initial_stop_loss_ratio":-0.05,"stop_loss_abs":0.18504,"stop_loss_ratio":-0.05,"min_rate":0.1931,"max_rate":0.19598,"is_open":false,"enter_tag":"","leverage":1.0,"is_short":false,"open_timestamp":1761202800000,"close_timestamp":1761213600000,"orders":[{"amount":1683.0,"safe_price":0.19477,"ft_order_side":"buy","order_filled_timestamp":1761202800000,"ft_is_entry":true,"ft_order_tag":"","cost":328.12570790999996},{"amount":1683.0,"safe_price":0.19515992992992992,"ft_order_side":"sell","order_filled_timestamp":1761213600000,"ft_is_entry":false,"ft_order_tag":"roi","cost":328.7826162341441}],"funding_fees":0.0,"weekday":3},{"pair":"DOGE/USDT","stake_amount":327.90994,"max_stake_amount":327.90994,"amount":1643.0,"open_date":"2025-10-26 10:00:00+00:00","close_date":"2025-10-26 12:00:00+00:00","open_rate":0.19958,"close_rate":0.20183,"fee_open":0.001,"fee_close":0.001,"trade_duration":120,"profit_ratio":0.009253147894294302,"profit_abs":3.03723337,"exit_reason":"roi","initial_stop_loss_abs":0.18961,"initial_stop_loss_ratio":-0.05,"stop_loss_abs":0.18961,"stop_loss_ratio":-0.05,"min_rate":0.19833,"max_rate":0.20286,"is_open":false,"enter_tag":"","leverage":1.0,"is_short":false,"open_timestamp":1761472800000,"close_timestamp":1761480000000,"orders":[{"amount":1643.0,"safe_price":0.19958,"ft_order_side":"buy","order_filled_timestamp":1761472800000,"ft_is_entry":true,"ft_order_tag":"","cost":328.23784994},{"amount":1643.0,"safe_price":0.20183,"ft_order_side":"sell","order_filled_timestamp":1761480000000,"ft_is_entry":false,"ft_order_tag":"roi","cost":331.93829668999996}],"funding_fees":0.0,"weekday":6},{"pair":"DOGE/USDT","stake_amount":328.7853,"max_stake_amount":328.7853,"amount":1818.0,"open_date":"2025-11-11 02:00:00+00:00","close_date":"2025-11-11 04:00:00+00:00","open_rate":0.18085,"close_rate":0.18281,"fee_open":0.001,"fee_close":0.001,"trade_duration":120,"profit_ratio":0.008818055044209315,"profit_abs":2.90214612,"exit_reason":"roi","initial_stop_loss_abs":0.17181,"initial_stop_loss_ratio":-0.05,"stop_loss_abs":0.17181,"stop_loss_ratio":-0.05,"min_rate":0.17972,"max_rate":0.18443,"is_open":false,"enter_tag":"","leverage":1.0,"is_short":false,"open_timestamp":1762826400000,"close_timestamp":1762833600000,"orders":[{"amount":1818.0,"safe_price":0.18085,"ft_order_side":"buy","order_filled_timestamp":1762826400000,"ft_is_entry":true,"ft_order_tag":"","cost":329.11408529999994},{"amount":1818.0,"safe_price":0.18281,"ft_order_side":"sell","order_filled_timestamp":1762833600000,"ft_is_entry":false,"ft_order_tag":"roi","cost":332.68092858}],"funding_fees":0.0,"weekday":1},{"pair":"DOGE/USDT","stake_amount":329.86664,"max_stake_amount":329.86664,"amount":2006.0,"open_date":"2025-11-15 18:00:00+00:00","close_date":"2025-11-16 01:00:00+00:00","open_rate":0.16444,"close_rate":0.16208,"fee_open":0.001,"fee_close":0.001,"trade_duration":420,"profit_ratio":-0.01632106643052885,"profit_abs":-5.38915912,"exit_reason":"exit_signal","initial_stop_loss_abs":0.15622,"initial_stop_loss_ratio":-0.05,"stop_loss_abs":0.15622,"stop_loss_ratio":-0.05,"min_rate":0.15998,"max_rate":0.16447,"is_open":false,"enter_tag":"","leverage":1.0,"is_short":false,"open_timestamp":1763229600000,"close_timestamp":1763254800000,"orders":[{"amount":2006.0,"safe_price":0.16444,"ft_order_side":"buy","order_filled_timestamp":1763229600000,"ft_is_entry":true,"ft_order_tag":"","cost":330.19650664},{"amount":2006.0,"safe_price":0.16208,"ft_order_side":"sell","order_filled_timestamp":1763254800000,"ft_is_entry":false,"ft_order_tag":"exit_signal","cost":325.45761247999997}],"funding_fees":0.0,"weekday":6},{"pair":"DOGE/USDT","stake_amount":328.06752,"max_stake_amount":328.06752,"amount":1983.0,"open_date":"2025-11-16 10:00:00+00:00","close_date":"2025-11-16 12:00:00+00:00","open_rate":0.16544,"close_rate":0.1614,"fee_open":0.001,"fee_close":0.001,"trade_duration":120,"profit_ratio":-0.02636894053721907,"profit_abs":-8.65944372,"exit_reason":"exit_signal","initial_stop_loss_abs":0.15717,"initial_stop_loss_ratio":-0.05,"stop_loss_abs":0.15717,"stop_loss_ratio":-0.05,"min_rate":0.1604,"max_rate":0.16555,"is_open":false,"enter_tag":"","leverage":1.0,"is_short":false,"open_timestamp":1763287200000,"close_timestamp":1763294400000,"orders":[{"amount":1983.0,"safe_price":0.16544,"ft_order_side":"buy","order_filled_timestamp":1763287200000,"ft_is_entry":true,"ft_order_tag":"","cost":328.39558752},{"amount":1983.0,"safe_price":0.1614,"ft_order_side":"sell","order_filled_timestamp":1763294400000,"ft_is_entry":false,"ft_order_tag":"exit_signal","cost":320.37625619999994}],"funding_fees":0.0,"weekday":6},{"pair":"DOGE/USDT","stake_amount":325.21118,"max_stake_amount":325.21118,"amount":2138.0,"open_date":"2025-11-24 18:00:00+00:00","close_date":"2025-11-24 20:00:00+00:00","open_rate":0.15211,"close_rate":0.15249,"fee_open":0.001,"fee_close":0.001,"trade_duration":120,"profit_ratio":0.0004951987070191001,"profit_abs":0.1612052,"exit_reason":"roi","initial_stop_loss_abs":0.14451,"initial_stop_loss_ratio":-0.05,"stop_loss_abs":0.14451,"stop_loss_ratio":-0.05,"min_rate":0.15174,"max_rate":0.15397,"is_open":false,"enter_tag":"","leverage":1.0,"is_short":false,"open_timestamp":1764007200000,"close_timestamp":1764014400000,"orders":[{"amount":2138.0,"safe_price":0.15211,"ft_order_side":"buy","order_filled_timestamp":1764007200000,"ft_is_entry":true,"ft_order_tag":"","cost":325.53639117999995},{"amount":2138.0,"safe_price":0.15249,"ft_order_side":"sell","order_filled_timestamp":1764014400000,"ft_is_entry":false,"ft_order_tag":"roi","cost":326.34964361999994}],"funding_fees":0.0,"weekday":0},{"pair":"DOGE/USDT","stake_amount":325.19355,"max_stake_amount":325.19355,"amount":2299.0,"open_date":"2025-12-07 18:00:00+00:00","close_date":"2025-12-07 20:00:00+00:00","open_rate":0.14145,"close_rate":0.1421,"fee_open":0.001,"fee_close":0.001,"trade_duration":120,"profit_ratio":0.002588080000593256,"profit_abs":0.84246855,"exit_reason":"roi","initial_stop_loss_abs":0.13438,"initial_stop_loss_ratio":-0.05,"stop_loss_abs":0.13438,"stop_loss_ratio":-0.05,"min_rate":0.14126,"max_rate":0.14291,"is_open":false,"enter_tag":"","leverage":1.0,"is_short":false,"open_timestamp":1765130400000,"close_timestamp":1765137600000,"orders":[{"amount":2299.0,"safe_price":0.14145,"ft_order_side":"buy","order_filled_timestamp":1765130400000,"ft_is_entry":true,"ft_order_tag":"","cost":325.5187435499999},{"amount":2299.0,"safe_price":0.1421,"ft_order_side":"sell","order_filled_timestamp":1765137600000,"ft_is_entry":false,"ft_order_tag":"roi","cost":327.0145879}],"funding_fees":0.0,"weekday":6},{"pair":"DOGE/USDT","stake_amount":325.5175,"max_stake_amount":325.5175,"amount":2225.0,"open_date":"2025-12-09 16:00:00+00:00","close_date":"2025-12-09 18:00:00+00:00","open_rate":0.1463,"close_rate":0.15095,"fee_open":0.001,"fee_close":0.001,"trade_duration":120,"profit_ratio":0.029722498963783997,"profit_abs":9.68486875,"exit_reason":"roi","initial_stop_loss_abs":0.13899,"initial_stop_loss_ratio":-0.05,"stop_loss_abs":0.13899,"stop_loss_ratio":-0.05,"min_rate":0.1463,"max_rate":0.15319,"is_open":false,"enter_tag":"","leverage":1.0,"is_short":false,"open_timestamp":1765296000000,"close_timestamp":1765303200000,"orders":[{"amount":2225.0,"safe_price":0.1463,"ft_order_side":"buy","order_filled_timestamp":1765296000000,"ft_is_entry":true,"ft_order_tag":"","cost":325.84301750000003},{"amount":2225.0,"safe_price":0.15095,"ft_order_side":"sell","order_filled_timestamp":1765303200000,"ft_is_entry":false,"ft_order_tag":"roi","cost":336.19961374999997}],"funding_fees":0.0,"weekday":1},{"pair":"DOGE/USDT","stake_amount":328.79448,"max_stake_amount":328.79448,"amount":2492.0,"open_date":"2025-12-21 01:00:00+00:00","close_date":"2025-12-21 03:00:00+00:00","open_rate":0.13194,"close_rate":0.13087,"fee_open":0.001,"fee_close":0.001,"trade_duration":120,"profit_ratio":-0.010091545562214048,"profit_abs":-3.32136252,"exit_reason":"exit_signal","initial_stop_loss_abs":0.12535,"initial_stop_loss_ratio":-0.05,"stop_loss_abs":0.12535,"stop_loss_ratio":-0.05,"min_rate":0.13049,"max_rate":0.13194,"is_open":false,"enter_tag":"","leverage":1.0,"is_short":false,"open_timestamp":1766278800000,"close_timestamp":1766286000000,"orders":[{"amount":2492.0,"safe_price":0.13194,"ft_order_side":"buy","order_filled_timestamp":1766278800000,"ft_is_entry":true,"ft_order_tag":"","cost":329.12327447999996},{"amount":2492.0,"safe_price":0.13087,"ft_order_side":"sell","order_filled_timestamp":1766286000000,"ft_is_entry":false,"ft_order_tag":"exit_signal","cost":326.4541680399999}],"funding_fees":0.0,"weekday":6},{"pair":"DOGE/USDT","stake_amount":327.64227,"max_stake_amount":327.64227,"amount":2467.0,"open_date":"2025-12-21 09:00:00+00:00","close_date":"2025-12-21 11:00:00+00:00","open_rate":0.13281,"close_rate":0.13193,"fee_open":0.001,"fee_close":0.001,"trade_duration":120,"profit_ratio":-0.008610770300402104,"profit_abs":-2.82407358,"exit_reason":"exit_signal","initial_stop_loss_abs":0.12617,"initial_stop_loss_ratio":-0.05,"stop_loss_abs":0.12617,"stop_loss_ratio":-0.05,"min_rate":0.13138,"max_rate":0.13342,"is_open":false,"enter_tag":"","leverage":1.0,"is_short":false,"open_timestamp":1766307600000,"close_timestamp":1766314800000,"orders":[{"amount":2467.0,"safe_price":0.13281,"ft_order_side":"buy","order_filled_timestamp":1766307600000,"ft_is_entry":true,"ft_order_tag":"","cost":327.96991227},{"amount":2467.0,"safe_price":0.13193,"ft_order_side":"sell","order_filled_timestamp":1766314800000,"ft_is_entry":false,"ft_order_tag":"exit_signal","cost":325.7967813099999}],"funding_fees":0.0,"weekday":6},{"pair":"DOGE/USDT","stake_amount":326.7553,"max_stake_amount":326.7553,"amount":2482.0,"open_date":"2025-12-22 01:00:00+00:00","close_date":"2025-12-22 02:00:00+00:00","open_rate":0.13165,"close_rate":0.13141,"fee_open":0.001,"fee_close":0.001,"trade_duration":60,"profit_ratio":-0.0038173751808389103,"profit_abs":-1.24859492,"exit_reason":"exit_signal","initial_stop_loss_abs":0.12507,"initial_stop_loss_ratio":-0.05,"stop_loss_abs":0.12507,"stop_loss_ratio":-0.05,"min_rate":0.12952,"max_rate":0.13301,"is_open":false,"enter_tag":"","leverage":1.0,"is_short":false,"open_timestamp":1766365200000,"close_timestamp":1766368800000,"orders":[{"amount":2482.0,"safe_price":0.13165,"ft_order_side":"buy","order_filled_timestamp":1766365200000,"ft_is_entry":true,"ft_order_tag":"","cost":327.0820552999999},{"amount":2482.0,"safe_price":0.13141,"ft_order_side":"sell","order_filled_timestamp":1766368800000,"ft_is_entry":false,"ft_order_tag":"exit_signal","cost":326.48577961999996}],"funding_fees":0.0,"weekday":0},{"pair":"DOGE/USDT","stake_amount":326.23998,"max_stake_amount":326.23998,"amount":2607.0,"open_date":"2025-12-29 01:00:00+00:00","close_date":"2025-12-29 03:00:00+00:00","open_rate":0.12514,"close_rate":0.12639,"fee_open":0.001,"fee_close":0.001,"trade_duration":120,"profit_ratio":0.007970852864571899,"profit_abs":2.60301129,"exit_reason":"roi","initial_stop_loss_abs":0.11889,"initial_stop_loss_ratio":-0.05,"stop_loss_abs":0.11889,"stop_loss_ratio":-0.05,"min_rate":0.12437,"max_rate":0.12777,"is_open":false,"enter_tag":"","leverage":1.0,"is_short":false,"open_timestamp":1766970000000,"close_timestamp":1766977200000,"orders":[{"amount":2607.0,"safe_price":0.12514,"ft_order_side":"buy","order_filled_timestamp":1766970000000,"ft_is_entry":true,"ft_order_tag":"","cost":326.56621997999997},{"amount":2607.0,"safe_price":0.12639,"ft_order_side":"sell","order_filled_timestamp":1766977200000,"ft_is_entry":false,"ft_order_tag":"roi","cost":329.82822873}],"funding_fees":0.0,"weekday":0},{"pair":"DOGE/USDT","stake_amount":327.13538,"max_stake_amount":327.13538,"amount":2138.0,"open_date":"2026-01-05 18:00:00+00:00","close_date":"2026-01-05 20:00:00+00:00","open_rate":0.15301,"close_rate":0.1533163263263263,"fee_open":0.001,"fee_close":0.001,"trade_duration":120,"profit_ratio":0.0,"profit_abs":0.0,"exit_reason":"roi","initial_stop_loss_abs":0.14536,"initial_stop_loss_ratio":-0.05,"stop_loss_abs":0.14536,"stop_loss_ratio":-0.05,"min_rate":0.15085,"max_rate":0.1545,"is_open":false,"enter_tag":"","leverage":1.0,"is_short":false,"open_timestamp":1767636000000,"close_timestamp":1767643200000,"orders":[{"amount":2138.0,"safe_price":0.15301,"ft_order_side":"buy","order_filled_timestamp":1767636000000,"ft_is_entry":true,"ft_order_tag":"","cost":327.46251537999996},{"amount":2138.0,"safe_price":0.1533163263263263,"ft_order_side":"sell","order_filled_timestamp":1767643200000,"ft_is_entry":false,"ft_order_tag":"roi","cost":328.11809599137126}],"funding_fees":0.0,"weekday":0}],"locks":[],"best_pair":{"key":"DOGE/USDT","trades":15,"profit_mean":-0.0016788686368719552,"profit_mean_pct":-0.17,"profit_total_abs":-8.428092840000003,"profit_total":-0.008428092840000003,"profit_total_pct":-0.84,"duration_avg":"2:36:00","wins":7,"draws":2,"losses":6,"winrate":0.4666666666666667,"cagr":-0.031346539901182635,"expectancy":-0.5618728559999999,"expectancy_ratio":-0.25403441813358973,"sortino":-0.6714818336542077,"sharpe":-0.38354095546134537,"calmar":-11.375139154313823,"sqn":-0.4857,"profit_factor":0.6982472879993591,"max_drawdown_account":0.014593091002600044,"max_drawdown_abs":14.5970521},"worst_pair":{"key":"DOGE/USDT","trades":15,"profit_mean":-0.0016788686368719552,"profit_mean_pct":-0.17,"profit_total_abs":-8.428092840000003,"profit_total":-0.008428092840000003,"profit_total_pct":-0.84,"duration_avg":"2:36:00","wins":7,"draws":2,"losses":6,"winrate":0.4666666666666667,"cagr":-0.031346539901182635,"expectancy":-0.5618728559999999,"expectancy_ratio":-0.25403441813358973,"sortino":-0.6714818336542077,"sharpe":-0.38354095546134537,"calmar":-11.375139154313823,"sqn":-0.4857,"profit_factor":0.6982472879993591,"max_drawdown_account":0.014593091002600044,"max_drawdown_abs":14.5970521},"results_per_pair":[{"key":"DOGE/USDT","trades":15,"profit_mean":-0.0016788686368719552,"profit_mean_pct":-0.17,"profit_total_abs":-8.428092840000003,"profit_total":-0.008428092840000003,"profit_total_pct":-0.84,"duration_avg":"2:36:00","wins":7,"draws":2,"losses":6,"winrate":0.4666666666666667,"cagr":-0.031346539901182635,"expectancy":-0.5618728559999999,"expectancy_ratio":-0.25403441813358973,"sortino":-0.6714818336542077,"sharpe":-0.38354095546134537,"calmar":-11.375139154313823,"sqn":-0.4857,"profit_factor":0.6982472879993591,"max_drawdown_account":0.014593091002600044,"max_drawdown_abs":14.5970521},{"key":"TOTAL","trades":15,"profit_mean":-0.0016788686368719552,"profit_mean_pct":-0.17,"profit_total_abs":-8.428092840000003,"profit_total":-0.008428092840000003,"profit_total_pct":-0.84,"duration_avg":"2:36:00","wins":7,"draws":2,"losses":6,"winrate":0.4666666666666667,"cagr":-0.031346539901182635,"expectancy":-0.5618728559999999,"expectancy_ratio":-0.25403441813358973,"sortino":-0.6714818336542077,"sharpe":-0.38354095546134537,"calmar":-11.375139154313823,"sqn":-0.4857,"profit_factor":0.6982472879993591,"max_drawdown_account":0.014593091002600044,"max_drawdown_abs":14.5970521}],"results_per_enter_tag":[{"key":"","trades":15,"profit_mean":-0.0016788686368719552,"profit_mean_pct":-0.17,"profit_total_abs":-8.428092840000003,"profit_total":-0.008428092840000003,"profit_total_pct":-0.84,"duration_avg":"2:36:00","wins":7,"draws":2,"losses":6,"winrate":0.4666666666666667,"cagr":-0.031346539901182635,"expectancy":-0.5618728559999999,"expectancy_ratio":-0.25403441813358973,"sortino":-0.6714818336542077,"sharpe":-0.38354095546134537,"calmar":-11.375139154313823,"sqn":-0.4857,"profit_factor":0.6982472879993591,"max_drawdown_account":0.014593091002600044,"max_drawdown_abs":14.5970521},{"key":"TOTAL","trades":15,"profit_mean":-0.0016788686368719552,"profit_mean_pct":-0.17,"profit_total_abs":-8.428092840000003,"profit_total":-0.008428092840000003,"profit_total_pct":-0.84,"duration_avg":"2:36:00","wins":7,"draws":2,"losses":6,"winrate":0.4666666666666667,"cagr":-0.031346539901182635,"expectancy":-0.5618728559999999,"expectancy_ratio":-0.25403441813358973,"sortino":-0.6714818336542077,"sharpe":-0.38354095546134537,"calmar":-11.375139154313823,"sqn":-0.4857,"profit_factor":0.6982472879993591,"max_drawdown_account":0.014593091002600044,"max_drawdown_abs":14.5970521}],"exit_reason_summary":[{"key":"roi","trades":9,"profit_mean":0.006629968813890112,"profit_mean_pct":0.66,"profit_total_abs":19.502369769999998,"profit_total":0.019502369769999996,"profit_total_pct":1.95,"duration_avg":"2:07:00","wins":7,"draws":2,"losses":0,"winrate":0.7777777777777778,"cagr":0.07538504943292823,"expectancy":2.166929974444445,"expectancy_ratio":100.0,"sortino":-100,"sharpe":1.3151979993576592,"calmar":-100,"sqn":2.0985,"profit_factor":0.0,"max_drawdown_account":0.0,"max_drawdown_abs":0.0},{"key":"exit_signal","trades":6,"profit_mean":-0.014142124813015057,"profit_mean_pct":-1.41,"profit_total_abs":-27.93046261,"profit_total":-0.027930462609999998,"profit_total_pct":-2.79,"duration_avg":"3:20:00","wins":0,"draws":0,"losses":6,"winrate":0.0,"cagr":-0.10111018215179535,"expectancy":-4.6550771016666666,"expectancy_ratio":-1.0,"sortino":-2.225271909578666,"sharpe":-2.225271909578666,"calmar":-19.695848633549314,"sqn":-4.2106,"profit_factor":0.0,"max_drawdown_account":0.02793046260999995,"max_drawdown_abs":27.93046261},{"key":"TOTAL","trades":15,"profit_mean":-0.0016788686368719552,"profit_mean_pct":-0.17,"profit_total_abs":-8.428092840000003,"profit_total":-0.008428092840000003,"profit_total_pct":-0.84,"duration_avg":"2:36:00","wins":7,"draws":2,"losses":6,"winrate":0.4666666666666667,"cagr":-0.031346539901182635,"expectancy":-0.5618728559999999,"expectancy_ratio":-0.25403441813358973,"sortino":-0.6714818336542077,"sharpe":-0.38354095546134537,"calmar":-11.375139154313823,"sqn":-0.4857,"profit_factor":0.6982472879993591,"max_drawdown_account":0.014593091002600044,"max_drawdown_abs":14.5970521}],"mix_tag_stats":[{"key":["","roi"],"trades":9,"profit_mean":0.006629968813890112,"profit_mean_pct":0.66,"profit_total_abs":19.502369769999998,"profit_total":0.019502369769999996,"profit_total_pct":1.95,"duration_avg":"2:07:00","wins":7,"draws":2,"losses":0,"winrate":0.7777777777777778,"cagr":0.07538504943292823,"expectancy":2.166929974444445,"expectancy_ratio":100.0,"sortino":-100,"sharpe":1.3151979993576592,"calmar":-100,"sqn":2.0985,"profit_factor":0.0,"max_drawdown_account":0.0,"max_drawdown_abs":0.0},{"key":["","exit_signal"],"trades":6,"profit_mean":-0.014142124813015057,"profit_mean_pct":-1.41,"profit_total_abs":-27.93046261,"profit_total":-0.027930462609999998,"profit_total_pct":-2.79,"duration_avg":"3:20:00","wins":0,"draws":0,"losses":6,"winrate":0.0,"cagr":-0.10111018215179535,"expectancy":-4.6550771016666666,"expectancy_ratio":-1.0,"sortino":-2.225271909578666,"sharpe":-2.225271909578666,"calmar":-19.695848633549314,"sqn":-4.2106,"profit_factor":0.0,"max_drawdown_account":0.02793046260999995,"max_drawdown_abs":27.93046261},{"key":"TOTAL","trades":15,"profit_mean":-0.0016788686368719552,"profit_mean_pct":-0.17,"profit_total_abs":-8.428092840000003,"profit_total":-0.008428092840000003,"profit_total_pct":-0.84,"duration_avg":"2:36:00","wins":7,"draws":2,"losses":6,"winrate":0.4666666666666667,"cagr":-0.031346539901182635,"expectancy":-0.5618728559999999,"expectancy_ratio":-0.25403441813358973,"sortino":-0.6714818336542077,"sharpe":-0.38354095546134537,"calmar":-11.375139154313823,"sqn":-0.4857,"profit_factor":0.6982472879993591,"max_drawdown_account":0.014593091002600044,"max_drawdown_abs":14.5970521}],"left_open_trades":[{"key":"TOTAL","trades":0,"profit_mean":0.0,"profit_mean_pct":0.0,"profit_total_abs":0.0,"profit_total":0.0,"profit_total_pct":0.0,"duration_avg":"0:00","wins":0,"draws":0,"losses":0,"winrate":0.0,"cagr":0.0,"expectancy":0.0,"expectancy_ratio":100.0,"sortino":0,"sharpe":0,"calmar":0,"sqn":0.0,"profit_factor":0.0,"max_drawdown_account":0.0,"max_drawdown_abs":0.0}],"total_trades":15,"trade_count_long":15,"trade_count_short":0,"total_volume":9840.841608355515,"avg_stake_amount":327.6535893333333,"profit_mean":-0.0016788686368719552,"profit_median":0.0,"profit_total":-0.008428092840000003,"profit_total_long":-0.008428092840000003,"profit_total_short":0.0,"profit_total_abs":-8.428092840000003,"profit_total_long_abs":-8.428092840000003,"profit_total_short_abs":0.0,"cagr":-0.031346539901182635,"expectancy":-0.5618728559999999,"expectancy_ratio":-0.25403441813358973,"sortino":-0.6714818336542077,"sharpe":-0.38354095546134537,"calmar":-11.375139154313823,"sqn":-0.4857,"profit_factor":0.6982472879993591,"backtest_start":"2025-10-01 00:00:00","backtest_start_ts":1759276800000,"backtest_end":"2026-01-06 20:00:00","backtest_end_ts":1767729600000,"backtest_days":97,"backtest_run_start_ts":1767746401,"backtest_run_end_ts":1767746401,"trades_per_day":0.15,"market_change":-0.36632086436227446,"pairlist":["DOGE/USDT"],"stake_amount":"unlimited","stake_currency":"USDT","stake_currency_decimals":3,"starting_balance":1000,"dry_run_wallet":1000,"final_balance":991.57190716,"rejected_signals":0,"timedout_entry_orders":0,"timedout_exit_orders":0,"canceled_trade_entries":0,"canceled_entry_orders":0,"replaced_entry_orders":0,"max_open_trades":1,"max_open_trades_setting":3,"timeframe":"1h","timeframe_detail":"","timerange":"20251001-","enable_protections":false,"strategy_name":"ACO_82_4","freqaimodel":null,"freqai_identifier":null,"stoploss":-0.05,"trailing_stop":false,"trailing_stop_positive":null,"trailing_stop_positive_offset":0.0,"trailing_only_offset_is_reached":false,"use_custom_stoploss":false,"minimal_roi":{"0":0.1,"60":0.05,"120":0.0},"use_exit_signal":true,"exit_profit_only":false,"exit_profit_offset":0.0,"ignore_roi_if_entry_signal":false,"trading_mode":"spot","margin_mode":"","periodic_breakdown":{"day":[{"date":"10/10/2025","date_ts":1760054400000,"profit_abs":0.27143649,"wins":1,"draws":0,"losses":0,"trades":1,"profit_factor":0.0},{"date":"11/10/2025","date_ts":1760140800000,"profit_abs":0.0,"wins":0,"draws":0,"losses":0,"trades":0,"profit_factor":0.0},{"date":"12/10/2025","date_ts":1760227200000,"profit_abs":0.0,"wins":0,"draws":0,"losses":0,"trades":0,"profit_factor":0.0},{"date":"13/10/2025","date_ts":1760313600000,"profit_abs":0.0,"wins":0,"draws":0,"losses":0,"trades":0,"profit_factor":0.0},{"date":"14/10/2025","date_ts":1760400000000,"profit_abs":0.0,"wins":0,"draws":0,"losses":0,"trades":0,"profit_factor":0.0},{"date":"15/10/2025","date_ts":1760486400000,"profit_abs":0.0,"wins":0,"draws":0,"losses":0,"trades":0,"profit_factor":0.0},{"date":"16/10/2025","date_ts":1760572800000,"profit_abs":0.0,"wins":0,"draws":0,"losses":0,"trades":0,"profit_factor":0.0},{"date":"17/10/2025","date_ts":1760659200000,"profit_abs":0.0,"wins":0,"draws":0,"losses":0,"trades":0,"profit_factor":0.0},{"date":"18/10/2025","date_ts":1760745600000,"profit_abs":0.0,"wins":0,"draws":0,"losses":0,"trades":0,"profit_factor":0.0},{"date":"19/10/2025","date_ts":1760832000000,"profit_abs":0.0,"wins":0,"draws":0,"losses":0,"trades":0,"profit_factor":0.0},{"date":"20/10/2025","date_ts":1760918400000,"profit_abs":0.0,"wins":0,"draws":0,"losses":0,"trades":0,"profit_factor":0.0},{"date":"21/10/2025","date_ts":1761004800000,"profit_abs":-6.48782875,"wins":0,"draws":0,"losses":1,"trades":1,"profit_factor":0.0},{"date":"22/10/2025","date_ts":1761091200000,"profit_abs":0.0,"wins":0,"draws":0,"losses":0,"trades":0,"profit_factor":0.0},{"date":"23/10/2025","date_ts":1761177600000,"profit_abs":0.0,"wins":0,"draws":1,"losses":0,"trades":1,"profit_factor":0.0},{"date":"24/10/2025","date_ts":1761264000000,"profit_abs":0.0,"wins":0,"draws":0,"losses":0,"trades":0,"profit_factor":0.0},{"date":"25/10/2025","date_ts":1761350400000,"profit_abs":0.0,"wins":0,"draws":0,"losses":0,"trades":0,"profit_factor":0.0},{"date":"26/10/2025","date_ts":1761436800000,"profit_abs":3.03723337,"wins":1,"draws":0,"losses":0,"trades":1,"profit_factor":0.0},{"date":"27/10/2025","date_ts":1761523200000,"profit_abs":0.0,"wins":0,"draws":0,"losses":0,"trades":0,"profit_factor":0.0},{"date":"28/10/2025","date_ts":1761609600000,"profit_abs":0.0,"wins":0,"draws":0,"losses":0,"trades":0,"profit_factor":0.0},{"date":"29/10/2025","date_ts":1761696000000,"profit_abs":0.0,"wins":0,"draws":0,"losses":0,"trades":0,"profit_factor":0.0},{"date":"30/10/2025","date_ts":1761782400000,"profit_abs":0.0,"wins":0,"draws":0,"losses":0,"trades":0,"profit_factor":0.0},{"date":"31/10/2025","date_ts":1761868800000,"profit_abs":0.0,"wins":0,"draws":0,"losses":0,"trades":0,"profit_factor":0.0},{"date":"01/11/2025","date_ts":1761955200000,"profit_abs":0.0,"wins":0,"draws":0,"losses":0,"trades":0,"profit_factor":0.0},{"date":"02/11/2025","date_ts":1762041600000,"profit_abs":0.0,"wins":0,"draws":0,"losses":0,"trades":0,"profit_factor":0.0},{"date":"03/11/2025","date_ts":1762128000000,"profit_abs":0.0,"wins":0,"draws":0,"losses":0,"trades":0,"profit_factor":0.0},{"date":"04/11/2025","date_ts":1762214400000,"profit_abs":0.0,"wins":0,"draws":0,"losses":0,"trades":0,"profit_factor":0.0},{"date":"05/11/2025","date_ts":1762300800000,"profit_abs":0.0,"wins":0,"draws":0,"losses":0,"trades":0,"profit_factor":0.0},{"date":"06/11/2025","date_ts":1762387200000,"profit_abs":0.0,"wins":0,"draws":0,"losses":0,"trades":0,"profit_factor":0.0},{"date":"07/11/2025","date_ts":1762473600000,"profit_abs":0.0,"wins":0,"draws":0,"losses":0,"trades":0,"profit_factor":0.0},{"date":"08/11/2025","date_ts":1762560000000,"profit_abs":0.0,"wins":0,"draws":0,"losses":0,"trades":0,"profit_factor":0.0},{"date":"09/11/2025","date_ts":1762646400000,"profit_abs":0.0,"wins":0,"draws":0,"losses":0,"trades":0,"profit_factor":0.0},{"date":"10/11/2025","date_ts":1762732800000,"profit_abs":0.0,"wins":0,"draws":0,"losses":0,"trades":0,"profit_factor":0.0},{"date":"11/11/2025","date_ts":1762819200000,"profit_abs":2.90214612,"wins":1,"draws":0,"losses":0,"trades":1,"profit_factor":0.0},{"date":"12/11/2025","date_ts":1762905600000,"profit_abs":0.0,"wins":0,"draws":0,"losses":0,"trades":0,"profit_factor":0.0},{"date":"13/11/2025","date_ts":1762992000000,"profit_abs":0.0,"wins":0,"draws":0,"losses":0,"trades":0,"profit_factor":0.0},{"date":"14/11/2025","date_ts":1763078400000,"profit_abs":0.0,"wins":0,"draws":0,"losses":0,"trades":0,"profit_factor":0.0},{"date":"15/11/2025","date_ts":1763164800000,"profit_abs":0.0,"wins":0,"draws":0,"losses":0,"trades":0,"profit_factor":0.0},{"date":"16/11/2025","date_ts":1763251200000,"profit_abs":-14.04860284,"wins":0,"draws":0,"losses":2,"trades":2,"profit_factor":0.0},{"date":"17/11/2025","date_ts":1763337600000,"profit_abs":0.0,"wins":0,"draws":0,"losses":0,"trades":0,"profit_factor":0.0},{"date":"18/11/2025","date_ts":1763424000000,"profit_abs":0.0,"wins":0,"draws":0,"losses":0,"trades":0,"profit_factor":0.0},{"date":"19/11/2025","date_ts":1763510400000,"profit_abs":0.0,"wins":0,"draws":0,"losses":0,"trades":0,"profit_factor":0.0},{"date":"20/11/2025","date_ts":1763596800000,"profit_abs":0.0,"wins":0,"draws":0,"losses":0,"trades":0,"profit_factor":0.0},{"date":"21/11/2025","date_ts":1763683200000,"profit_abs":0.0,"wins":0,"draws":0,"losses":0,"trades":0,"profit_factor":0.0},{"date":"22/11/2025","date_ts":1763769600000,"profit_abs":0.0,"wins":0,"draws":0,"losses":0,"trades":0,"profit_factor":0.0},{"date":"23/11/2025","date_ts":1763856000000,"profit_abs":0.0,"wins":0,"draws":0,"losses":0,"trades":0,"profit_factor":0.0},{"date":"24/11/2025","date_ts":1763942400000,"profit_abs":0.1612052,"wins":1,"draws":0,"losses":0,"trades":1,"profit_factor":0.0},{"date":"25/11/2025","date_ts":1764028800000,"profit_abs":0.0,"wins":0,"draws":0,"losses":0,"trades":0,"profit_factor":0.0},{"date":"26/11/2025","date_ts":1764115200000,"profit_abs":0.0,"wins":0,"draws":0,"losses":0,"trades":0,"profit_factor":0.0},{"date":"27/11/2025","date_ts":1764201600000,"profit_abs":0.0,"wins":0,"draws":0,"losses":0,"trades":0,"profit_factor":0.0},{"date":"28/11/2025","date_ts":1764288000000,"profit_abs":0.0,"wins":0,"draws":0,"losses":0,"trades":0,"profit_factor":0.0},{"date":"29/11/2025","date_ts":1764374400000,"profit_abs":0.0,"wins":0,"draws":0,"losses":0,"trades":0,"profit_factor":0.0},{"date":"30/11/2025","date_ts":1764460800000,"profit_abs":0.0,"wins":0,"draws":0,"losses":0,"trades":0,"profit_factor":0.0},{"date":"01/12/2025","date_ts":1764547200000,"profit_abs":0.0,"wins":0,"draws":0,"losses":0,"trades":0,"profit_factor":0.0},{"date":"02/12/2025","date_ts":1764633600000,"profit_abs":0.0,"wins":0,"draws":0,"losses":0,"trades":0,"profit_factor":0.0},{"date":"03/12/2025","date_ts":1764720000000,"profit_abs":0.0,"wins":0,"draws":0,"losses":0,"trades":0,"profit_factor":0.0},{"date":"04/12/2025","date_ts":1764806400000,"profit_abs":0.0,"wins":0,"draws":0,"losses":0,"trades":0,"profit_factor":0.0},{"date":"05/12/2025","date_ts":1764892800000,"profit_abs":0.0,"wins":0,"draws":0,"losses":0,"trades":0,"profit_factor":0.0},{"date":"06/12/2025","date_ts":1764979200000,"profit_abs":0.0,"wins":0,"draws":0,"losses":0,"trades":0,"profit_factor":0.0},{"date":"07/12/2025","date_ts":1765065600000,"profit_abs":0.84246855,"wins":1,"draws":0,"losses":0,"trades":1,"profit_factor":0.0},{"date":"08/12/2025","date_ts":1765152000000,"profit_abs":0.0,"wins":0,"draws":0,"losses":0,"trades":0,"profit_factor":0.0},{"date":"09/12/2025","date_ts":1765238400000,"profit_abs":9.68486875,"wins":1,"draws":0,"losses":0,"trades":1,"profit_factor":0.0},{"date":"10/12/2025","date_ts":1765324800000,"profit_abs":0.0,"wins":0,"draws":0,"losses":0,"trades":0,"profit_factor":0.0},{"date":"11/12/2025","date_ts":1765411200000,"profit_abs":0.0,"wins":0,"draws":0,"losses":0,"trades":0,"profit_factor":0.0},{"date":"12/12/2025","date_ts":1765497600000,"profit_abs":0.0,"wins":0,"draws":0,"losses":0,"trades":0,"profit_factor":0.0},{"date":"13/12/2025","date_ts":1765584000000,"profit_abs":0.0,"wins":0,"draws":0,"losses":0,"trades":0,"profit_factor":0.0},{"date":"14/12/2025","date_ts":1765670400000,"profit_abs":0.0,"wins":0,"draws":0,"losses":0,"trades":0,"profit_factor":0.0},{"date":"15/12/2025","date_ts":1765756800000,"profit_abs":0.0,"wins":0,"draws":0,"losses":0,"trades":0,"profit_factor":0.0},{"date":"16/12/2025","date_ts":1765843200000,"profit_abs":0.0,"wins":0,"draws":0,"losses":0,"trades":0,"profit_factor":0.0},{"date":"17/12/2025","date_ts":1765929600000,"profit_abs":0.0,"wins":0,"draws":0,"losses":0,"trades":0,"profit_factor":0.0},{"date":"18/12/2025","date_ts":1766016000000,"profit_abs":0.0,"wins":0,"draws":0,"losses":0,"trades":0,"profit_factor":0.0},{"date":"19/12/2025","date_ts":1766102400000,"profit_abs":0.0,"wins":0,"draws":0,"losses":0,"trades":0,"profit_factor":0.0},{"date":"20/12/2025","date_ts":1766188800000,"profit_abs":0.0,"wins":0,"draws":0,"losses":0,"trades":0,"profit_factor":0.0},{"date":"21/12/2025","date_ts":1766275200000,"profit_abs":-6.1454361,"wins":0,"draws":0,"losses":2,"trades":2,"profit_factor":0.0},{"date":"22/12/2025","date_ts":1766361600000,"profit_abs":-1.24859492,"wins":0,"draws":0,"losses":1,"trades":1,"profit_factor":0.0},{"date":"23/12/2025","date_ts":1766448000000,"profit_abs":0.0,"wins":0,"draws":0,"losses":0,"trades":0,"profit_factor":0.0},{"date":"24/12/2025","date_ts":1766534400000,"profit_abs":0.0,"wins":0,"draws":0,"losses":0,"trades":0,"profit_factor":0.0},{"date":"25/12/2025","date_ts":1766620800000,"profit_abs":0.0,"wins":0,"draws":0,"losses":0,"trades":0,"profit_factor":0.0},{"date":"26/12/2025","date_ts":1766707200000,"profit_abs":0.0,"wins":0,"draws":0,"losses":0,"trades":0,"profit_factor":0.0},{"date":"27/12/2025","date_ts":1766793600000,"profit_abs":0.0,"wins":0,"draws":0,"losses":0,"trades":0,"profit_factor":0.0},{"date":"28/12/2025","date_ts":1766880000000,"profit_abs":0.0,"wins":0,"draws":0,"losses":0,"trades":0,"profit_factor":0.0},{"date":"29/12/2025","date_ts":1766966400000,"profit_abs":2.60301129,"wins":1,"draws":0,"losses":0,"trades":1,"profit_factor":0.0},{"date":"30/12/2025","date_ts":1767052800000,"profit_abs":0.0,"wins":0,"draws":0,"losses":0,"trades":0,"profit_factor":0.0},{"date":"31/12/2025","date_ts":1767139200000,"profit_abs":0.0,"wins":0,"draws":0,"losses":0,"trades":0,"profit_factor":0.0},{"date":"01/01/2026","date_ts":1767225600000,"profit_abs":0.0,"wins":0,"draws":0,"losses":0,"trades":0,"profit_factor":0.0},{"date":"02/01/2026","date_ts":1767312000000,"profit_abs":0.0,"wins":0,"draws":0,"losses":0,"trades":0,"profit_factor":0.0},{"date":"03/01/2026","date_ts":1767398400000,"profit_abs":0.0,"wins":0,"draws":0,"losses":0,"trades":0,"profit_factor":0.0},{"date":"04/01/2026","date_ts":1767484800000,"profit_abs":0.0,"wins":0,"draws":0,"losses":0,"trades":0,"profit_factor":0.0},{"date":"05/01/2026","date_ts":1767571200000,"profit_abs":0.0,"wins":0,"draws":1,"losses":0,"trades":1,"profit_factor":0.0}],"week":[{"date":"13/10/2025","date_ts":1760313600000,"profit_abs":0.27143649,"wins":1,"draws":0,"losses":0,"trades":1,"profit_factor":0.0},{"date":"20/10/2025","date_ts":1760918400000,"profit_abs":0.0,"wins":0,"draws":0,"losses":0,"trades":0,"profit_factor":0.0},{"date":"27/10/2025","date_ts":1761523200000,"profit_abs":-3.45059538,"wins":1,"draws":1,"losses":1,"trades":3,"profit_factor":0.46814327},{"date":"03/11/2025","date_ts":1762128000000,"profit_abs":0.0,"wins":0,"draws":0,"losses":0,"trades":0,"profit_factor":0.0},{"date":"10/11/2025","date_ts":1762732800000,"profit_abs":0.0,"wins":0,"draws":0,"losses":0,"trades":0,"profit_factor":0.0},{"date":"17/11/2025","date_ts":1763337600000,"profit_abs":-11.14645672,"wins":1,"draws":0,"losses":2,"trades":3,"profit_factor":0.20657899},{"date":"24/11/2025","date_ts":1763942400000,"profit_abs":0.1612052,"wins":1,"draws":0,"losses":0,"trades":1,"profit_factor":0.0},{"date":"01/12/2025","date_ts":1764547200000,"profit_abs":0.0,"wins":0,"draws":0,"losses":0,"trades":0,"profit_factor":0.0},{"date":"08/12/2025","date_ts":1765152000000,"profit_abs":0.84246855,"wins":1,"draws":0,"losses":0,"trades":1,"profit_factor":0.0},{"date":"15/12/2025","date_ts":1765756800000,"profit_abs":9.68486875,"wins":1,"draws":0,"losses":0,"trades":1,"profit_factor":0.0},{"date":"22/12/2025","date_ts":1766361600000,"profit_abs":-7.39403102,"wins":0,"draws":0,"losses":3,"trades":3,"profit_factor":0.0},{"date":"29/12/2025","date_ts":1766966400000,"profit_abs":2.60301129,"wins":1,"draws":0,"losses":0,"trades":1,"profit_factor":0.0},{"date":"05/01/2026","date_ts":1767571200000,"profit_abs":0.0,"wins":0,"draws":1,"losses":0,"trades":1,"profit_factor":0.0}],"month":[{"date":"31/10/2025","date_ts":1761868800000,"profit_abs":-3.17915889,"wins":2,"draws":1,"losses":1,"trades":4,"profit_factor":0.50998107},{"date":"30/11/2025","date_ts":1764460800000,"profit_abs":-10.98525152,"wins":2,"draws":0,"losses":2,"trades":4,"profit_factor":0.21805381},{"date":"31/12/2025","date_ts":1767139200000,"profit_abs":5.73631757,"wins":3,"draws":0,"losses":3,"trades":6,"profit_factor":1.77580383},{"date":"31/01/2026","date_ts":1769817600000,"profit_abs":0.0,"wins":0,"draws":1,"losses":0,"trades":1,"profit_factor":0.0}],"year":[{"date":"31/12/2025","date_ts":1767139200000,"profit_abs":-8.42809284,"wins":7,"draws":1,"losses":6,"trades":14,"profit_factor":0.69824729},{"date":"31/12/2026","date_ts":1798675200000,"profit_abs":0.0,"wins":0,"draws":1,"losses":0,"trades":1,"profit_factor":0.0}],"weekday":[{"date":"Monday","date_ts":0,"profit_abs":1.51562157,"wins":2,"draws":1,"losses":1,"trades":4,"profit_factor":2.21386171},{"date":"Tuesday","date_ts":1,"profit_abs":6.09918612,"wins":2,"draws":0,"losses":1,"trades":3,"profit_factor":1.94009666},{"date":"Thursday","date_ts":3,"profit_abs":0.0,"wins":0,"draws":1,"losses":0,"trades":1,"profit_factor":0.0},{"date":"Friday","date_ts":4,"profit_abs":0.27143649,"wins":1,"draws":0,"losses":0,"trades":1,"profit_factor":0.0},{"date":"Sunday","date_ts":6,"profit_abs":-16.31433702,"wins":2,"draws":0,"losses":4,"trades":6,"profit_factor":0.19212115}]},"backtest_best_day":0.029722498963783997,"backtest_worst_day":-0.04269000696774792,"backtest_best_day_abs":9.68486875,"backtest_worst_day_abs":-14.04860284,"winning_days":7,"draw_days":77,"losing_days":4,"daily_profit":[["2025-10-10",0.27143649],["2025-10-11",0.0],["2025-10-12",0.0],["2025-10-13",0.0],["2025-10-14",0.0],["2025-10-15",0.0],["2025-10-16",0.0],["2025-10-17",0.0],["2025-10-18",0.0],["2025-10-19",0.0],["2025-10-20",0.0],["2025-10-21",-6.48782875],["2025-10-22",0.0],["2025-10-23",0.0],["2025-10-24",0.0],["2025-10-25",0.0],["2025-10-26",3.03723337],["2025-10-27",0.0],["2025-10-28",0.0],["2025-10-29",0.0],["2025-10-30",0.0],["2025-10-31",0.0],["2025-11-01",0.0],["2025-11-02",0.0],["2025-11-03",0.0],["2025-11-04",0.0],["2025-11-05",0.0],["2025-11-06",0.0],["2025-11-07",0.0],["2025-11-08",0.0],["2025-11-09",0.0],["2025-11-10",0.0],["2025-11-11",2.90214612],["2025-11-12",0.0],["2025-11-13",0.0],["2025-11-14",0.0],["2025-11-15",0.0],["2025-11-16",-14.04860284],["2025-11-17",0.0],["2025-11-18",0.0],["2025-11-19",0.0],["2025-11-20",0.0],["2025-11-21",0.0],["2025-11-22",0.0],["2025-11-23",0.0],["2025-11-24",0.1612052],["2025-11-25",0.0],["2025-11-26",0.0],["2025-11-27",0.0],["2025-11-28",0.0],["2025-11-29",0.0],["2025-11-30",0.0],["2025-12-01",0.0],["2025-12-02",0.0],["2025-12-03",0.0],["2025-12-04",0.0],["2025-12-05",0.0],["2025-12-06",0.0],["2025-12-07",0.84246855],["2025-12-08",0.0],["2025-12-09",9.68486875],["2025-12-10",0.0],["2025-12-11",0.0],["2025-12-12",0.0],["2025-12-13",0.0],["2025-12-14",0.0],["2025-12-15",0.0],["2025-12-16",0.0],["2025-12-17",0.0],["2025-12-18",0.0],["2025-12-19",0.0],["2025-12-20",0.0],["2025-12-21",-6.1454361],["2025-12-22",-1.24859492],["2025-12-23",0.0],["2025-12-24",0.0],["2025-12-25",0.0],["2025-12-26",0.0],["2025-12-27",0.0],["2025-12-28",0.0],["2025-12-29",2.60301129],["2025-12-30",0.0],["2025-12-31",0.0],["2026-01-01",0.0],["2026-01-02",0.0],["2026-01-03",0.0],["2026-01-04",0.0],["2026-01-05",0.0]],"wins":7,"losses":6,"draws":2,"winrate":0.4666666666666667,"holding_avg":"2:36:00","holding_avg_s":9360.0,"winner_holding_min":"0d 02:00","winner_holding_min_s":7200.0,"winner_holding_max":"0d 02:00","winner_holding_max_s":7200.0,"winner_holding_avg":"0d 02:00","winner_holding_avg_s":7200.0,"loser_holding_min":"0d 01:00","loser_holding_min_s":3600.0,"loser_holding_max":"0d 07:00","loser_holding_max_s":25200.0,"loser_holding_avg":"0d 03:20","loser_holding_avg_s":12000.0,"max_consecutive_wins":3,"max_consecutive_losses":3,"max_drawdown_account":0.014593091002600044,"max_relative_drawdown":0.014593091002600044,"max_drawdown_abs":14.5970521,"drawdown_start":"2025-10-10 06:00:00","drawdown_start_ts":1760076000000.0,"drawdown_end":"2025-11-16 12:00:00","drawdown_end_ts":1763294400000.0,"drawdown_duration":"37 days 06:00:00","drawdown_duration_s":3218400.0,"max_drawdown_low":-14.325615610000002,"max_drawdown_high":0.27143649,"csum_min":985.67438439,"csum_max":1000.27143649}},"strategy_comparison":[{"key":"ACO_82_4","trades":15,"profit_mean":-0.0016788686368719552,"profit_mean_pct":-0.17,"profit_total_abs":-8.428092840000003,"profit_total":-0.008428092840000003,"profit_total_pct":-0.84,"duration_avg":"2:36:00","wins":7,"draws":2,"losses":6,"winrate":0.4666666666666667,"cagr":-0.031346539901182635,"expectancy":-0.5618728559999999,"expectancy_ratio":-0.25403441813358973,"sortino":-0.6714818336542077,"sharpe":-0.38354095546134537,"calmar":-11.375139154313823,"sqn":-0.4857,"profit_factor":0.6982472879993591,"max_drawdown_account":0.014593091002600044,"max_drawdown_abs":"14.597"}]}