{"strategy":{"ACO_48_24":{"trades":[{"pair":"DOGE/USDT","stake_amount":329.9104,"max_stake_amount":329.9104,"amount":1310.0,"open_date":"2025-10-05 02:00:00+00:00","close_date":"2025-10-05 04:00:00+00:00","open_rate":0.25184,"close_rate":0.25833,"fee_open":0.001,"fee_close":0.001,"trade_duration":120,"profit_ratio":0.02372083919892052,"profit_abs":7.8335773,"exit_reason":"roi","initial_stop_loss_abs":0.23925,"initial_stop_loss_ratio":-0.05,"stop_loss_abs":0.23925,"stop_loss_ratio":-0.05,"min_rate":0.25133,"max_rate":0.26398,"is_open":false,"enter_tag":"","leverage":1.0,"is_short":false,"open_timestamp":1759629600000,"close_timestamp":1759636800000,"orders":[{"amount":1310.0,"safe_price":0.25184,"ft_order_side":"buy","order_filled_timestamp":1759629600000,"ft_is_entry":true,"ft_order_tag":"","cost":330.2403104},{"amount":1310.0,"safe_price":0.25833,"ft_order_side":"sell","order_filled_timestamp":1759636800000,"ft_is_entry":false,"ft_order_tag":"roi","cost":338.7507123}],"funding_fees":0.0,"weekday":6},{"pair":"DOGE/USDT","stake_amount":332.43019,"max_stake_amount":332.43019,"amount":1711.0,"open_date":"2025-10-19 11:00:00+00:00","close_date":"2025-10-19 13:00:00+00:00","open_rate":0.19429,"close_rate":0.19467896896896894,"fee_open":0.001,"fee_close":0.001,"trade_duration":120,"profit_ratio":0.0,"profit_abs":0.0,"exit_reason":"roi","initial_stop_loss_abs":0.18458,"initial_stop_loss_ratio":-0.05,"stop_loss_abs":0.18458,"stop_loss_ratio":-0.05,"min_rate":0.19259,"max_rate":0.19805,"is_open":false,"enter_tag":"","leverage":1.0,"is_short":false,"open_timestamp":1760871600000,"close_timestamp":1760878800000,"orders":[{"amount":1711.0,"safe_price":0.19429,"ft_order_side":"buy","order_filled_timestamp":1760871600000,"ft_is_entry":true,"ft_order_tag":"","cost":332.76262018999995},{"amount":1711.0,"safe_price":0.19467896896896894,"ft_order_side":"sell","order_filled_timestamp":1760878800000,"ft_is_entry":false,"ft_order_tag":"roi","cost":333.42881162181175}],"funding_fees":0.0,"weekday":6},{"pair":"DOGE/USDT","stake_amount":332.50028,"max_stake_amount":332.50028,"amount":1666.0,"open_date":"2025-10-26 10:00:00+00:00","close_date":"2025-10-26 12:00:00+00:00","open_rate":0.19958,"close_rate":0.20183,"fee_open":0.001,"fee_close":0.001,"trade_duration":120,"profit_ratio":0.009253147894294302,"profit_abs":3.07975094,"exit_reason":"roi","initial_stop_loss_abs":0.18961,"initial_stop_loss_ratio":-0.05,"stop_loss_abs":0.18961,"stop_loss_ratio":-0.05,"min_rate":0.19833,"max_rate":0.20286,"is_open":false,"enter_tag":"","leverage":1.0,"is_short":false,"open_timestamp":1761472800000,"close_timestamp":1761480000000,"orders":[{"amount":1666.0,"safe_price":0.19958,"ft_order_side":"buy","order_filled_timestamp":1761472800000,"ft_is_entry":true,"ft_order_tag":"","cost":332.83278028},{"amount":1666.0,"safe_price":0.20183,"ft_order_side":"sell","order_filled_timestamp":1761480000000,"ft_is_entry":false,"ft_order_tag":"roi","cost":336.58502877999996}],"funding_fees":0.0,"weekday":6},{"pair":"DOGE/USDT","stake_amount":333.47646,"max_stake_amount":333.47646,"amount":1973.0,"open_date":"2025-11-07 16:00:00+00:00","close_date":"2025-11-07 17:00:00+00:00","open_rate":0.16902,"close_rate":0.17781783783783786,"fee_open":0.001,"fee_close":0.001,"trade_duration":60,"profit_ratio":0.049950049950049945,"profit_abs":16.673823,"exit_reason":"roi","initial_stop_loss_abs":0.16057,"initial_stop_loss_ratio":-0.05,"stop_loss_abs":0.16057,"stop_loss_ratio":-0.05,"min_rate":0.16834,"max_rate":0.17978,"is_open":false,"enter_tag":"","leverage":1.0,"is_short":false,"open_timestamp":1762531200000,"close_timestamp":1762534800000,"orders":[{"amount":1973.0,"safe_price":0.16902,"ft_order_side":"buy","order_filled_timestamp":1762531200000,"ft_is_entry":true,"ft_order_tag":"","cost":333.80993646},{"amount":1973.0,"safe_price":0.17781783783783786,"ft_order_side":"sell","order_filled_timestamp":1762534800000,"ft_is_entry":false,"ft_order_tag":"roi","cost":351.1854286481081}],"funding_fees":0.0,"weekday":4},{"pair":"DOGE/USDT","stake_amount":339.07575,"max_stake_amount":339.07575,"amount":2075.0,"open_date":"2025-11-16 06:00:00+00:00","close_date":"2025-11-16 08:00:00+00:00","open_rate":0.16341,"close_rate":0.16408,"fee_open":0.001,"fee_close":0.001,"trade_duration":120,"profit_ratio":0.0020939222334485784,"profit_abs":0.71070825,"exit_reason":"roi","initial_stop_loss_abs":0.15524,"initial_stop_loss_ratio":-0.05,"stop_loss_abs":0.15524,"stop_loss_ratio":-0.05,"min_rate":0.16295,"max_rate":0.16445,"is_open":false,"enter_tag":"","leverage":1.0,"is_short":false,"open_timestamp":1763272800000,"close_timestamp":1763280000000,"orders":[{"amount":2075.0,"safe_price":0.16341,"ft_order_side":"buy","order_filled_timestamp":1763272800000,"ft_is_entry":true,"ft_order_tag":"","cost":339.41482575},{"amount":2075.0,"safe_price":0.16408,"ft_order_side":"sell","order_filled_timestamp":1763280000000,"ft_is_entry":false,"ft_order_tag":"roi","cost":340.80646599999994}],"funding_fees":0.0,"weekday":6},{"pair":"DOGE/USDT","stake_amount":339.2961,"max_stake_amount":339.2961,"amount":2145.0,"open_date":"2025-11-20 03:00:00+00:00","close_date":"2025-11-20 05:00:00+00:00","open_rate":0.15818,"close_rate":0.15849667667667663,"fee_open":0.001,"fee_close":0.001,"trade_duration":120,"profit_ratio":0.0,"profit_abs":0.0,"exit_reason":"roi","initial_stop_loss_abs":0.15028,"initial_stop_loss_ratio":-0.05,"stop_loss_abs":0.15028,"stop_loss_ratio":-0.05,"min_rate":0.15682,"max_rate":0.15882,"is_open":false,"enter_tag":"","leverage":1.0,"is_short":false,"open_timestamp":1763607600000,"close_timestamp":1763614800000,"orders":[{"amount":2145.0,"safe_price":0.15818,"ft_order_side":"buy","order_filled_timestamp":1763607600000,"ft_is_entry":true,"ft_order_tag":"","cost":339.6353960999999},{"amount":2145.0,"safe_price":0.15849667667667663,"ft_order_side":"sell","order_filled_timestamp":1763614800000,"ft_is_entry":false,"ft_order_tag":"roi","cost":340.3153468429428}],"funding_fees":0.0,"weekday":3},{"pair":"DOGE/USDT","stake_amount":339.25843,"max_stake_amount":339.25843,"amount":2429.0,"open_date":"2025-11-22 19:00:00+00:00","close_date":"2025-11-22 21:00:00+00:00","open_rate":0.13967,"close_rate":0.13994961961961958,"fee_open":0.001,"fee_close":0.001,"trade_duration":120,"profit_ratio":0.0,"profit_abs":0.0,"exit_reason":"roi","initial_stop_loss_abs":0.13269,"initial_stop_loss_ratio":-0.05,"stop_loss_abs":0.13269,"stop_loss_ratio":-0.05,"min_rate":0.13874,"max_rate":0.14018,"is_open":false,"enter_tag":"","leverage":1.0,"is_short":false,"open_timestamp":1763838000000,"close_timestamp":1763845200000,"orders":[{"amount":2429.0,"safe_price":0.13967,"ft_order_side":"buy","order_filled_timestamp":1763838000000,"ft_is_entry":true,"ft_order_tag":"","cost":339.59768842999995},{"amount":2429.0,"safe_price":0.13994961961961958,"ft_order_side":"sell","order_filled_timestamp":1763845200000,"ft_is_entry":false,"ft_order_tag":"roi","cost":340.277563682112}],"funding_fees":0.0,"weekday":5},{"pair":"DOGE/USDT","stake_amount":339.3057,"max_stake_amount":339.3057,"amount":2199.0,"open_date":"2025-11-27 21:00:00+00:00","close_date":"2025-11-28 15:00:00+00:00","open_rate":0.1543,"close_rate":0.1546089089089089,"fee_open":0.001,"fee_close":0.001,"trade_duration":1080,"profit_ratio":0.0,"profit_abs":0.0,"exit_reason":"roi","initial_stop_loss_abs":0.14659,"initial_stop_loss_ratio":-0.05,"stop_loss_abs":0.14659,"stop_loss_ratio":-0.05,"min_rate":0.14961,"max_rate":0.15554,"is_open":false,"enter_tag":"","leverage":1.0,"is_short":false,"open_timestamp":1764277200000,"close_timestamp":1764342000000,"orders":[{"amount":2199.0,"safe_price":0.1543,"ft_order_side":"buy","order_filled_timestamp":1764277200000,"ft_is_entry":true,"ft_order_tag":"","cost":339.64500569999996},{"amount":2199.0,"safe_price":0.1546089089089089,"ft_order_side":"sell","order_filled_timestamp":1764342000000,"ft_is_entry":false,"ft_order_tag":"roi","cost":340.3249756813813}],"funding_fees":0.0,"weekday":4},{"pair":"DOGE/USDT","stake_amount":339.26866,"max_stake_amount":339.26866,"amount":2686.0,"open_date":"2025-12-18 13:00:00+00:00","close_date":"2025-12-18 15:00:00+00:00","open_rate":0.12631,"close_rate":0.12863,"fee_open":0.001,"fee_close":0.001,"trade_duration":120,"profit_ratio":0.016332808194101836,"profit_abs":5.54675116,"exit_reason":"roi","initial_stop_loss_abs":0.12,"initial_stop_loss_ratio":-0.05,"stop_loss_abs":0.12,"stop_loss_ratio":-0.05,"min_rate":0.12631,"max_rate":0.13072,"is_open":false,"enter_tag":"","leverage":1.0,"is_short":false,"open_timestamp":1766062800000,"close_timestamp":1766070000000,"orders":[{"amount":2686.0,"safe_price":0.12631,"ft_order_side":"buy","order_filled_timestamp":1766062800000,"ft_is_entry":true,"ft_order_tag":"","cost":339.60792865999997},{"amount":2686.0,"safe_price":0.12863,"ft_order_side":"sell","order_filled_timestamp":1766070000000,"ft_is_entry":false,"ft_order_tag":"roi","cost":345.84568018}],"funding_fees":0.0,"weekday":3},{"pair":"DOGE/USDT","stake_amount":341.10262,"max_stake_amount":341.10262,"amount":2383.0,"open_date":"2026-01-04 00:00:00+00:00","close_date":"2026-01-04 02:00:00+00:00","open_rate":0.14314,"close_rate":0.14653,"fee_open":0.001,"fee_close":0.001,"trade_duration":120,"profit_ratio":0.021637786553253924,"profit_abs":7.38808639,"exit_reason":"roi","initial_stop_loss_abs":0.13599,"initial_stop_loss_ratio":-0.05,"stop_loss_abs":0.13599,"stop_loss_ratio":-0.05,"min_rate":0.14278,"max_rate":0.14749,"is_open":false,"enter_tag":"","leverage":1.0,"is_short":false,"open_timestamp":1767484800000,"close_timestamp":1767492000000,"orders":[{"amount":2383.0,"safe_price":0.14314,"ft_order_side":"buy","order_filled_timestamp":1767484800000,"ft_is_entry":true,"ft_order_tag":"","cost":341.44372261999996},{"amount":2383.0,"safe_price":0.14653,"ft_order_side":"sell","order_filled_timestamp":1767492000000,"ft_is_entry":false,"ft_order_tag":"roi","cost":349.53017099}],"funding_fees":0.0,"weekday":6},{"pair":"DOGE/USDT","stake_amount":343.5186,"max_stake_amount":343.5186,"amount":2281.0,"open_date":"2026-01-05 05:00:00+00:00","close_date":"2026-01-05 16:00:00+00:00","open_rate":0.1506,"close_rate":0.15090150150150147,"fee_open":0.001,"fee_close":0.001,"trade_duration":660,"profit_ratio":0.0,"profit_abs":0.0,"exit_reason":"roi","initial_stop_loss_abs":0.14307,"initial_stop_loss_ratio":-0.05,"stop_loss_abs":0.14307,"stop_loss_ratio":-0.05,"min_rate":0.14581,"max_rate":0.15141,"is_open":false,"enter_tag":"","leverage":1.0,"is_short":false,"open_timestamp":1767589200000,"close_timestamp":1767628800000,"orders":[{"amount":2281.0,"safe_price":0.1506,"ft_order_side":"buy","order_filled_timestamp":1767589200000,"ft_is_entry":true,"ft_order_tag":"","cost":343.86211860000003},{"amount":2281.0,"safe_price":0.15090150150150147,"ft_order_side":"sell","order_filled_timestamp":1767628800000,"ft_is_entry":false,"ft_order_tag":"roi","cost":344.5505312498497}],"funding_fees":0.0,"weekday":0}],"locks":[],"best_pair":{"key":"DOGE/USDT","trades":11,"profit_mean":0.011180777638551735,"profit_mean_pct":1.12,"profit_total_abs":41.23269704,"profit_total":0.041232697039999995,"profit_total_pct":4.12,"duration_avg":"4:11:00","wins":6,"draws":5,"losses":0,"winrate":0.5454545454545454,"cagr":0.16420744418729183,"expectancy":3.748427003636363,"expectancy_ratio":100.0,"sortino":-100,"sharpe":1.6091879786348153,"calmar":-100,"sqn":2.3488,"profit_factor":0.0,"max_drawdown_account":0.0,"max_drawdown_abs":0.0},"worst_pair":{"key":"DOGE/USDT","trades":11,"profit_mean":0.011180777638551735,"profit_mean_pct":1.12,"profit_total_abs":41.23269704,"profit_total":0.041232697039999995,"profit_total_pct":4.12,"duration_avg":"4:11:00","wins":6,"draws":5,"losses":0,"winrate":0.5454545454545454,"cagr":0.16420744418729183,"expectancy":3.748427003636363,"expectancy_ratio":100.0,"sortino":-100,"sharpe":1.6091879786348153,"calmar":-100,"sqn":2.3488,"profit_factor":0.0,"max_drawdown_account":0.0,"max_drawdown_abs":0.0},"results_per_pair":[{"key":"DOGE/USDT","trades":11,"profit_mean":0.011180777638551735,"profit_mean_pct":1.12,"profit_total_abs":41.23269704,"profit_total":0.041232697039999995,"profit_total_pct":4.12,"duration_avg":"4:11:00","wins":6,"draws":5,"losses":0,"winrate":0.5454545454545454,"cagr":0.16420744418729183,"expectancy":3.748427003636363,"expectancy_ratio":100.0,"sortino":-100,"sharpe":1.6091879786348153,"calmar":-100,"sqn":2.3488,"profit_factor":0.0,"max_drawdown_account":0.0,"max_drawdown_abs":0.0},{"key":"TOTAL","trades":11,"profit_mean":0.011180777638551735,"profit_mean_pct":1.12,"profit_total_abs":41.23269704,"profit_total":0.041232697039999995,"profit_total_pct":4.12,"duration_avg":"4:11:00","wins":6,"draws":5,"losses":0,"winrate":0.5454545454545454,"cagr":0.16420744418729183,"expectancy":3.748427003636363,"expectancy_ratio":100.0,"sortino":-100,"sharpe":1.6091879786348153,"calmar":-100,"sqn":2.3488,"profit_factor":0.0,"max_drawdown_account":0.0,"max_drawdown_abs":0.0}],"results_per_enter_tag":[{"key":"","trades":11,"profit_mean":0.011180777638551735,"profit_mean_pct":1.12,"profit_total_abs":41.23269704,"profit_total":0.041232697039999995,"profit_total_pct":4.12,"duration_avg":"4:11:00","wins":6,"draws":5,"losses":0,"winrate":0.5454545454545454,"cagr":0.16420744418729183,"expectancy":3.748427003636363,"expectancy_ratio":100.0,"sortino":-100,"sharpe":1.6091879786348153,"calmar":-100,"sqn":2.3488,"profit_factor":0.0,"max_drawdown_account":0.0,"max_drawdown_abs":0.0},{"key":"TOTAL","trades":11,"profit_mean":0.011180777638551735,"profit_mean_pct":1.12,"profit_total_abs":41.23269704,"profit_total":0.041232697039999995,"profit_total_pct":4.12,"duration_avg":"4:11:00","wins":6,"draws":5,"losses":0,"winrate":0.5454545454545454,"cagr":0.16420744418729183,"expectancy":3.748427003636363,"expectancy_ratio":100.0,"sortino":-100,"sharpe":1.6091879786348153,"calmar":-100,"sqn":2.3488,"profit_factor":0.0,"max_drawdown_account":0.0,"max_drawdown_abs":0.0}],"exit_reason_summary":[{"key":"roi","trades":11,"profit_mean":0.011180777638551735,"profit_mean_pct":1.12,"profit_total_abs":41.23269704,"profit_total":0.041232697039999995,"profit_total_pct":4.12,"duration_avg":"4:11:00","wins":6,"draws":5,"losses":0,"winrate":0.5454545454545454,"cagr":0.16420744418729183,"expectancy":3.748427003636363,"expectancy_ratio":100.0,"sortino":-100,"sharpe":1.6091879786348153,"calmar":-100,"sqn":2.3488,"profit_factor":0.0,"max_drawdown_account":0.0,"max_drawdown_abs":0.0},{"key":"TOTAL","trades":11,"profit_mean":0.011180777638551735,"profit_mean_pct":1.12,"profit_total_abs":41.23269704,"profit_total":0.041232697039999995,"profit_total_pct":4.12,"duration_avg":"4:11:00","wins":6,"draws":5,"losses":0,"winrate":0.5454545454545454,"cagr":0.16420744418729183,"expectancy":3.748427003636363,"expectancy_ratio":100.0,"sortino":-100,"sharpe":1.6091879786348153,"calmar":-100,"sqn":2.3488,"profit_factor":0.0,"max_drawdown_account":0.0,"max_drawdown_abs":0.0}],"mix_tag_stats":[{"key":["","roi"],"trades":11,"profit_mean":0.011180777638551735,"profit_mean_pct":1.12,"profit_total_abs":41.23269704,"profit_total":0.041232697039999995,"profit_total_pct":4.12,"duration_avg":"4:11:00","wins":6,"draws":5,"losses":0,"winrate":0.5454545454545454,"cagr":0.16420744418729183,"expectancy":3.748427003636363,"expectancy_ratio":100.0,"sortino":-100,"sharpe":1.6091879786348153,"calmar":-100,"sqn":2.3488,"profit_factor":0.0,"max_drawdown_account":0.0,"max_drawdown_abs":0.0},{"key":"TOTAL","trades":11,"profit_mean":0.011180777638551735,"profit_mean_pct":1.12,"profit_total_abs":41.23269704,"profit_total":0.041232697039999995,"profit_total_pct":4.12,"duration_avg":"4:11:00","wins":6,"draws":5,"losses":0,"winrate":0.5454545454545454,"cagr":0.16420744418729183,"expectancy":3.748427003636363,"expectancy_ratio":100.0,"sortino":-100,"sharpe":1.6091879786348153,"calmar":-100,"sqn":2.3488,"profit_factor":0.0,"max_drawdown_account":0.0,"max_drawdown_abs":0.0}],"left_open_trades":[{"key":"TOTAL","trades":0,"profit_mean":0.0,"profit_mean_pct":0.0,"profit_total_abs":0.0,"profit_total":0.0,"profit_total_pct":0.0,"duration_avg":"0:00","wins":0,"draws":0,"losses":0,"winrate":0.0,"cagr":0.0,"expectancy":0.0,"expectancy_ratio":100.0,"sortino":0,"sharpe":0,"calmar":0,"sqn":0.0,"profit_factor":0.0,"max_drawdown_account":0.0,"max_drawdown_abs":0.0}],"total_trades":11,"trade_count_long":11,"trade_count_short":0,"total_volume":7474.453049166205,"avg_stake_amount":337.19483545454545,"profit_mean":0.011180777638551735,"profit_median":0.0020939222334485784,"profit_total":0.041232697039999995,"profit_total_long":0.041232697039999995,"profit_total_short":0.0,"profit_total_abs":41.23269704,"profit_total_long_abs":41.23269704,"profit_total_short_abs":0.0,"cagr":0.16420744418729183,"expectancy":3.748427003636363,"expectancy_ratio":100.0,"sortino":-100,"sharpe":1.6091879786348153,"calmar":-100,"sqn":2.3488,"profit_factor":0.0,"backtest_start":"2025-10-01 00:00:00","backtest_start_ts":1759276800000,"backtest_end":"2026-01-06 20:00:00","backtest_end_ts":1767729600000,"backtest_days":97,"backtest_run_start_ts":1767745226,"backtest_run_end_ts":1767745227,"trades_per_day":0.11,"market_change":-0.36632086436227446,"pairlist":["DOGE/USDT"],"stake_amount":"unlimited","stake_currency":"USDT","stake_currency_decimals":3,"starting_balance":1000,"dry_run_wallet":1000,"final_balance":1041.23269704,"rejected_signals":0,"timedout_entry_orders":0,"timedout_exit_orders":0,"canceled_trade_entries":0,"canceled_entry_orders":0,"replaced_entry_orders":0,"max_open_trades":1,"max_open_trades_setting":3,"timeframe":"1h","timeframe_detail":"","timerange":"20251001-","enable_protections":false,"strategy_name":"ACO_48_24","freqaimodel":null,"freqai_identifier":null,"stoploss":-0.05,"trailing_stop":false,"trailing_stop_positive":null,"trailing_stop_positive_offset":0.0,"trailing_only_offset_is_reached":false,"use_custom_stoploss":false,"minimal_roi":{"0":0.1,"60":0.05,"120":0.0},"use_exit_signal":true,"exit_profit_only":false,"exit_profit_offset":0.0,"ignore_roi_if_entry_signal":false,"trading_mode":"spot","margin_mode":"","periodic_breakdown":{"day":[{"date":"05/10/2025","date_ts":1759622400000,"profit_abs":7.8335773,"wins":1,"draws":0,"losses":0,"trades":1,"profit_factor":0.0},{"date":"06/10/2025","date_ts":1759708800000,"profit_abs":0.0,"wins":0,"draws":0,"losses":0,"trades":0,"profit_factor":0.0},{"date":"07/10/2025","date_ts":1759795200000,"profit_abs":0.0,"wins":0,"draws":0,"losses":0,"trades":0,"profit_factor":0.0},{"date":"08/10/2025","date_ts":1759881600000,"profit_abs":0.0,"wins":0,"draws":0,"losses":0,"trades":0,"profit_factor":0.0},{"date":"09/10/2025","date_ts":1759968000000,"profit_abs":0.0,"wins":0,"draws":0,"losses":0,"trades":0,"profit_factor":0.0},{"date":"10/10/2025","date_ts":1760054400000,"profit_abs":0.0,"wins":0,"draws":0,"losses":0,"trades":0,"profit_factor":0.0},{"date":"11/10/2025","date_ts":1760140800000,"profit_abs":0.0,"wins":0,"draws":0,"losses":0,"trades":0,"profit_factor":0.0},{"date":"12/10/2025","date_ts":1760227200000,"profit_abs":0.0,"wins":0,"draws":0,"losses":0,"trades":0,"profit_factor":0.0},{"date":"13/10/2025","date_ts":1760313600000,"profit_abs":0.0,"wins":0,"draws":0,"losses":0,"trades":0,"profit_factor":0.0},{"date":"14/10/2025","date_ts":1760400000000,"profit_abs":0.0,"wins":0,"draws":0,"losses":0,"trades":0,"profit_factor":0.0},{"date":"15/10/2025","date_ts":1760486400000,"profit_abs":0.0,"wins":0,"draws":0,"losses":0,"trades":0,"profit_factor":0.0},{"date":"16/10/2025","date_ts":1760572800000,"profit_abs":0.0,"wins":0,"draws":0,"losses":0,"trades":0,"profit_factor":0.0},{"date":"17/10/2025","date_ts":1760659200000,"profit_abs":0.0,"wins":0,"draws":0,"losses":0,"trades":0,"profit_factor":0.0},{"date":"18/10/2025","date_ts":1760745600000,"profit_abs":0.0,"wins":0,"draws":0,"losses":0,"trades":0,"profit_factor":0.0},{"date":"19/10/2025","date_ts":1760832000000,"profit_abs":0.0,"wins":0,"draws":1,"losses":0,"trades":1,"profit_factor":0.0},{"date":"20/10/2025","date_ts":1760918400000,"profit_abs":0.0,"wins":0,"draws":0,"losses":0,"trades":0,"profit_factor":0.0},{"date":"21/10/2025","date_ts":1761004800000,"profit_abs":0.0,"wins":0,"draws":0,"losses":0,"trades":0,"profit_factor":0.0},{"date":"22/10/2025","date_ts":1761091200000,"profit_abs":0.0,"wins":0,"draws":0,"losses":0,"trades":0,"profit_factor":0.0},{"date":"23/10/2025","date_ts":1761177600000,"profit_abs":0.0,"wins":0,"draws":0,"losses":0,"trades":0,"profit_factor":0.0},{"date":"24/10/2025","date_ts":1761264000000,"profit_abs":0.0,"wins":0,"draws":0,"losses":0,"trades":0,"profit_factor":0.0},{"date":"25/10/2025","date_ts":1761350400000,"profit_abs":0.0,"wins":0,"draws":0,"losses":0,"trades":0,"profit_factor":0.0},{"date":"26/10/2025","date_ts":1761436800000,"profit_abs":3.07975094,"wins":1,"draws":0,"losses":0,"trades":1,"profit_factor":0.0},{"date":"27/10/2025","date_ts":1761523200000,"profit_abs":0.0,"wins":0,"draws":0,"losses":0,"trades":0,"profit_factor":0.0},{"date":"28/10/2025","date_ts":1761609600000,"profit_abs":0.0,"wins":0,"draws":0,"losses":0,"trades":0,"profit_factor":0.0},{"date":"29/10/2025","date_ts":1761696000000,"profit_abs":0.0,"wins":0,"draws":0,"losses":0,"trades":0,"profit_factor":0.0},{"date":"30/10/2025","date_ts":1761782400000,"profit_abs":0.0,"wins":0,"draws":0,"losses":0,"trades":0,"profit_factor":0.0},{"date":"31/10/2025","date_ts":1761868800000,"profit_abs":0.0,"wins":0,"draws":0,"losses":0,"trades":0,"profit_factor":0.0},{"date":"01/11/2025","date_ts":1761955200000,"profit_abs":0.0,"wins":0,"draws":0,"losses":0,"trades":0,"profit_factor":0.0},{"date":"02/11/2025","date_ts":1762041600000,"profit_abs":0.0,"wins":0,"draws":0,"losses":0,"trades":0,"profit_factor":0.0},{"date":"03/11/2025","date_ts":1762128000000,"profit_abs":0.0,"wins":0,"draws":0,"losses":0,"trades":0,"profit_factor":0.0},{"date":"04/11/2025","date_ts":1762214400000,"profit_abs":0.0,"wins":0,"draws":0,"losses":0,"trades":0,"profit_factor":0.0},{"date":"05/11/2025","date_ts":1762300800000,"profit_abs":0.0,"wins":0,"draws":0,"losses":0,"trades":0,"profit_factor":0.0},{"date":"06/11/2025","date_ts":1762387200000,"profit_abs":0.0,"wins":0,"draws":0,"losses":0,"trades":0,"profit_factor":0.0},{"date":"07/11/2025","date_ts":1762473600000,"profit_abs":16.673823,"wins":1,"draws":0,"losses":0,"trades":1,"profit_factor":0.0},{"date":"08/11/2025","date_ts":1762560000000,"profit_abs":0.0,"wins":0,"draws":0,"losses":0,"trades":0,"profit_factor":0.0},{"date":"09/11/2025","date_ts":1762646400000,"profit_abs":0.0,"wins":0,"draws":0,"losses":0,"trades":0,"profit_factor":0.0},{"date":"10/11/2025","date_ts":1762732800000,"profit_abs":0.0,"wins":0,"draws":0,"losses":0,"trades":0,"profit_factor":0.0},{"date":"11/11/2025","date_ts":1762819200000,"profit_abs":0.0,"wins":0,"draws":0,"losses":0,"trades":0,"profit_factor":0.0},{"date":"12/11/2025","date_ts":1762905600000,"profit_abs":0.0,"wins":0,"draws":0,"losses":0,"trades":0,"profit_factor":0.0},{"date":"13/11/2025","date_ts":1762992000000,"profit_abs":0.0,"wins":0,"draws":0,"losses":0,"trades":0,"profit_factor":0.0},{"date":"14/11/2025","date_ts":1763078400000,"profit_abs":0.0,"wins":0,"draws":0,"losses":0,"trades":0,"profit_factor":0.0},{"date":"15/11/2025","date_ts":1763164800000,"profit_abs":0.0,"wins":0,"draws":0,"losses":0,"trades":0,"profit_factor":0.0},{"date":"16/11/2025","date_ts":1763251200000,"profit_abs":0.71070825,"wins":1,"draws":0,"losses":0,"trades":1,"profit_factor":0.0},{"date":"17/11/2025","date_ts":1763337600000,"profit_abs":0.0,"wins":0,"draws":0,"losses":0,"trades":0,"profit_factor":0.0},{"date":"18/11/2025","date_ts":1763424000000,"profit_abs":0.0,"wins":0,"draws":0,"losses":0,"trades":0,"profit_factor":0.0},{"date":"19/11/2025","date_ts":1763510400000,"profit_abs":0.0,"wins":0,"draws":0,"losses":0,"trades":0,"profit_factor":0.0},{"date":"20/11/2025","date_ts":1763596800000,"profit_abs":0.0,"wins":0,"draws":1,"losses":0,"trades":1,"profit_factor":0.0},{"date":"21/11/2025","date_ts":1763683200000,"profit_abs":0.0,"wins":0,"draws":0,"losses":0,"trades":0,"profit_factor":0.0},{"date":"22/11/2025","date_ts":1763769600000,"profit_abs":0.0,"wins":0,"draws":1,"losses":0,"trades":1,"profit_factor":0.0},{"date":"23/11/2025","date_ts":1763856000000,"profit_abs":0.0,"wins":0,"draws":0,"losses":0,"trades":0,"profit_factor":0.0},{"date":"24/11/2025","date_ts":1763942400000,"profit_abs":0.0,"wins":0,"draws":0,"losses":0,"trades":0,"profit_factor":0.0},{"date":"25/11/2025","date_ts":1764028800000,"profit_abs":0.0,"wins":0,"draws":0,"losses":0,"trades":0,"profit_factor":0.0},{"date":"26/11/2025","date_ts":1764115200000,"profit_abs":0.0,"wins":0,"draws":0,"losses":0,"trades":0,"profit_factor":0.0},{"date":"27/11/2025","date_ts":1764201600000,"profit_abs":0.0,"wins":0,"draws":0,"losses":0,"trades":0,"profit_factor":0.0},{"date":"28/11/2025","date_ts":1764288000000,"profit_abs":0.0,"wins":0,"draws":1,"losses":0,"trades":1,"profit_factor":0.0},{"date":"29/11/2025","date_ts":1764374400000,"profit_abs":0.0,"wins":0,"draws":0,"losses":0,"trades":0,"profit_factor":0.0},{"date":"30/11/2025","date_ts":1764460800000,"profit_abs":0.0,"wins":0,"draws":0,"losses":0,"trades":0,"profit_factor":0.0},{"date":"01/12/2025","date_ts":1764547200000,"profit_abs":0.0,"wins":0,"draws":0,"losses":0,"trades":0,"profit_factor":0.0},{"date":"02/12/2025","date_ts":1764633600000,"profit_abs":0.0,"wins":0,"draws":0,"losses":0,"trades":0,"profit_factor":0.0},{"date":"03/12/2025","date_ts":1764720000000,"profit_abs":0.0,"wins":0,"draws":0,"losses":0,"trades":0,"profit_factor":0.0},{"date":"04/12/2025","date_ts":1764806400000,"profit_abs":0.0,"wins":0,"draws":0,"losses":0,"trades":0,"profit_factor":0.0},{"date":"05/12/2025","date_ts":1764892800000,"profit_abs":0.0,"wins":0,"draws":0,"losses":0,"trades":0,"profit_factor":0.0},{"date":"06/12/2025","date_ts":1764979200000,"profit_abs":0.0,"wins":0,"draws":0,"losses":0,"trades":0,"profit_factor":0.0},{"date":"07/12/2025","date_ts":1765065600000,"profit_abs":0.0,"wins":0,"draws":0,"losses":0,"trades":0,"profit_factor":0.0},{"date":"08/12/2025","date_ts":1765152000000,"profit_abs":0.0,"wins":0,"draws":0,"losses":0,"trades":0,"profit_factor":0.0},{"date":"09/12/2025","date_ts":1765238400000,"profit_abs":0.0,"wins":0,"draws":0,"losses":0,"trades":0,"profit_factor":0.0},{"date":"10/12/2025","date_ts":1765324800000,"profit_abs":0.0,"wins":0,"draws":0,"losses":0,"trades":0,"profit_factor":0.0},{"date":"11/12/2025","date_ts":1765411200000,"profit_abs":0.0,"wins":0,"draws":0,"losses":0,"trades":0,"profit_factor":0.0},{"date":"12/12/2025","date_ts":1765497600000,"profit_abs":0.0,"wins":0,"draws":0,"losses":0,"trades":0,"profit_factor":0.0},{"date":"13/12/2025","date_ts":1765584000000,"profit_abs":0.0,"wins":0,"draws":0,"losses":0,"trades":0,"profit_factor":0.0},{"date":"14/12/2025","date_ts":1765670400000,"profit_abs":0.0,"wins":0,"draws":0,"losses":0,"trades":0,"profit_factor":0.0},{"date":"15/12/2025","date_ts":1765756800000,"profit_abs":0.0,"wins":0,"draws":0,"losses":0,"trades":0,"profit_factor":0.0},{"date":"16/12/2025","date_ts":1765843200000,"profit_abs":0.0,"wins":0,"draws":0,"losses":0,"trades":0,"profit_factor":0.0},{"date":"17/12/2025","date_ts":1765929600000,"profit_abs":0.0,"wins":0,"draws":0,"losses":0,"trades":0,"profit_factor":0.0},{"date":"18/12/2025","date_ts":1766016000000,"profit_abs":5.54675116,"wins":1,"draws":0,"losses":0,"trades":1,"profit_factor":0.0},{"date":"19/12/2025","date_ts":1766102400000,"profit_abs":0.0,"wins":0,"draws":0,"losses":0,"trades":0,"profit_factor":0.0},{"date":"20/12/2025","date_ts":1766188800000,"profit_abs":0.0,"wins":0,"draws":0,"losses":0,"trades":0,"profit_factor":0.0},{"date":"21/12/2025","date_ts":1766275200000,"profit_abs":0.0,"wins":0,"draws":0,"losses":0,"trades":0,"profit_factor":0.0},{"date":"22/12/2025","date_ts":1766361600000,"profit_abs":0.0,"wins":0,"draws":0,"losses":0,"trades":0,"profit_factor":0.0},{"date":"23/12/2025","date_ts":1766448000000,"profit_abs":0.0,"wins":0,"draws":0,"losses":0,"trades":0,"profit_factor":0.0},{"date":"24/12/2025","date_ts":1766534400000,"profit_abs":0.0,"wins":0,"draws":0,"losses":0,"trades":0,"profit_factor":0.0},{"date":"25/12/2025","date_ts":1766620800000,"profit_abs":0.0,"wins":0,"draws":0,"losses":0,"trades":0,"profit_factor":0.0},{"date":"26/12/2025","date_ts":1766707200000,"profit_abs":0.0,"wins":0,"draws":0,"losses":0,"trades":0,"profit_factor":0.0},{"date":"27/12/2025","date_ts":1766793600000,"profit_abs":0.0,"wins":0,"draws":0,"losses":0,"trades":0,"profit_factor":0.0},{"date":"28/12/2025","date_ts":1766880000000,"profit_abs":0.0,"wins":0,"draws":0,"losses":0,"trades":0,"profit_factor":0.0},{"date":"29/12/2025","date_ts":1766966400000,"profit_abs":0.0,"wins":0,"draws":0,"losses":0,"trades":0,"profit_factor":0.0},{"date":"30/12/2025","date_ts":1767052800000,"profit_abs":0.0,"wins":0,"draws":0,"losses":0,"trades":0,"profit_factor":0.0},{"date":"31/12/2025","date_ts":1767139200000,"profit_abs":0.0,"wins":0,"draws":0,"losses":0,"trades":0,"profit_factor":0.0},{"date":"01/01/2026","date_ts":1767225600000,"profit_abs":0.0,"wins":0,"draws":0,"losses":0,"trades":0,"profit_factor":0.0},{"date":"02/01/2026","date_ts":1767312000000,"profit_abs":0.0,"wins":0,"draws":0,"losses":0,"trades":0,"profit_factor":0.0},{"date":"03/01/2026","date_ts":1767398400000,"profit_abs":0.0,"wins":0,"draws":0,"losses":0,"trades":0,"profit_factor":0.0},{"date":"04/01/2026","date_ts":1767484800000,"profit_abs":7.38808639,"wins":1,"draws":0,"losses":0,"trades":1,"profit_factor":0.0},{"date":"05/01/2026","date_ts":1767571200000,"profit_abs":0.0,"wins":0,"draws":1,"losses":0,"trades":1,"profit_factor":0.0}],"week":[{"date":"06/10/2025","date_ts":1759708800000,"profit_abs":7.8335773,"wins":1,"draws":0,"losses":0,"trades":1,"profit_factor":0.0},{"date":"13/10/2025","date_ts":1760313600000,"profit_abs":0.0,"wins":0,"draws":0,"losses":0,"trades":0,"profit_factor":0.0},{"date":"20/10/2025","date_ts":1760918400000,"profit_abs":0.0,"wins":0,"draws":1,"losses":0,"trades":1,"profit_factor":0.0},{"date":"27/10/2025","date_ts":1761523200000,"profit_abs":3.07975094,"wins":1,"draws":0,"losses":0,"trades":1,"profit_factor":0.0},{"date":"03/11/2025","date_ts":1762128000000,"profit_abs":0.0,"wins":0,"draws":0,"losses":0,"trades":0,"profit_factor":0.0},{"date":"10/11/2025","date_ts":1762732800000,"profit_abs":16.673823,"wins":1,"draws":0,"losses":0,"trades":1,"profit_factor":0.0},{"date":"17/11/2025","date_ts":1763337600000,"profit_abs":0.71070825,"wins":1,"draws":0,"losses":0,"trades":1,"profit_factor":0.0},{"date":"24/11/2025","date_ts":1763942400000,"profit_abs":0.0,"wins":0,"draws":2,"losses":0,"trades":2,"profit_factor":0.0},{"date":"01/12/2025","date_ts":1764547200000,"profit_abs":0.0,"wins":0,"draws":1,"losses":0,"trades":1,"profit_factor":0.0},{"date":"08/12/2025","date_ts":1765152000000,"profit_abs":0.0,"wins":0,"draws":0,"losses":0,"trades":0,"profit_factor":0.0},{"date":"15/12/2025","date_ts":1765756800000,"profit_abs":0.0,"wins":0,"draws":0,"losses":0,"trades":0,"profit_factor":0.0},{"date":"22/12/2025","date_ts":1766361600000,"profit_abs":5.54675116,"wins":1,"draws":0,"losses":0,"trades":1,"profit_factor":0.0},{"date":"29/12/2025","date_ts":1766966400000,"profit_abs":0.0,"wins":0,"draws":0,"losses":0,"trades":0,"profit_factor":0.0},{"date":"05/01/2026","date_ts":1767571200000,"profit_abs":7.38808639,"wins":1,"draws":1,"losses":0,"trades":2,"profit_factor":0.0}],"month":[{"date":"31/10/2025","date_ts":1761868800000,"profit_abs":10.91332824,"wins":2,"draws":1,"losses":0,"trades":3,"profit_factor":0.0},{"date":"30/11/2025","date_ts":1764460800000,"profit_abs":17.38453125,"wins":2,"draws":3,"losses":0,"trades":5,"profit_factor":0.0},{"date":"31/12/2025","date_ts":1767139200000,"profit_abs":5.54675116,"wins":1,"draws":0,"losses":0,"trades":1,"profit_factor":0.0},{"date":"31/01/2026","date_ts":1769817600000,"profit_abs":7.38808639,"wins":1,"draws":1,"losses":0,"trades":2,"profit_factor":0.0}],"year":[{"date":"31/12/2025","date_ts":1767139200000,"profit_abs":33.84461065,"wins":5,"draws":4,"losses":0,"trades":9,"profit_factor":0.0},{"date":"31/12/2026","date_ts":1798675200000,"profit_abs":7.38808639,"wins":1,"draws":1,"losses":0,"trades":2,"profit_factor":0.0}],"weekday":[{"date":"Monday","date_ts":0,"profit_abs":0.0,"wins":0,"draws":1,"losses":0,"trades":1,"profit_factor":0.0},{"date":"Thursday","date_ts":3,"profit_abs":5.54675116,"wins":1,"draws":1,"losses":0,"trades":2,"profit_factor":0.0},{"date":"Friday","date_ts":4,"profit_abs":16.673823,"wins":1,"draws":1,"losses":0,"trades":2,"profit_factor":0.0},{"date":"Saturday","date_ts":5,"profit_abs":0.0,"wins":0,"draws":1,"losses":0,"trades":1,"profit_factor":0.0},{"date":"Sunday","date_ts":6,"profit_abs":19.01212288,"wins":4,"draws":1,"losses":0,"trades":5,"profit_factor":0.0}]},"backtest_best_day":0.049950049950049945,"backtest_worst_day":0.0,"backtest_best_day_abs":16.673823,"backtest_worst_day_abs":0.0,"winning_days":6,"draw_days":87,"losing_days":0,"daily_profit":[["2025-10-05",7.8335773],["2025-10-06",0.0],["2025-10-07",0.0],["2025-10-08",0.0],["2025-10-09",0.0],["2025-10-10",0.0],["2025-10-11",0.0],["2025-10-12",0.0],["2025-10-13",0.0],["2025-10-14",0.0],["2025-10-15",0.0],["2025-10-16",0.0],["2025-10-17",0.0],["2025-10-18",0.0],["2025-10-19",0.0],["2025-10-20",0.0],["2025-10-21",0.0],["2025-10-22",0.0],["2025-10-23",0.0],["2025-10-24",0.0],["2025-10-25",0.0],["2025-10-26",3.07975094],["2025-10-27",0.0],["2025-10-28",0.0],["2025-10-29",0.0],["2025-10-30",0.0],["2025-10-31",0.0],["2025-11-01",0.0],["2025-11-02",0.0],["2025-11-03",0.0],["2025-11-04",0.0],["2025-11-05",0.0],["2025-11-06",0.0],["2025-11-07",16.673823],["2025-11-08",0.0],["2025-11-09",0.0],["2025-11-10",0.0],["2025-11-11",0.0],["2025-11-12",0.0],["2025-11-13",0.0],["2025-11-14",0.0],["2025-11-15",0.0],["2025-11-16",0.71070825],["2025-11-17",0.0],["2025-11-18",0.0],["2025-11-19",0.0],["2025-11-20",0.0],["2025-11-21",0.0],["2025-11-22",0.0],["2025-11-23",0.0],["2025-11-24",0.0],["2025-11-25",0.0],["2025-11-26",0.0],["2025-11-27",0.0],["2025-11-28",0.0],["2025-11-29",0.0],["2025-11-30",0.0],["2025-12-01",0.0],["2025-12-02",0.0],["2025-12-03",0.0],["2025-12-04",0.0],["2025-12-05",0.0],["2025-12-06",0.0],["2025-12-07",0.0],["2025-12-08",0.0],["2025-12-09",0.0],["2025-12-10",0.0],["2025-12-11",0.0],["2025-12-12",0.0],["2025-12-13",0.0],["2025-12-14",0.0],["2025-12-15",0.0],["2025-12-16",0.0],["2025-12-17",0.0],["2025-12-18",5.54675116],["2025-12-19",0.0],["2025-12-20",0.0],["2025-12-21",0.0],["2025-12-22",0.0],["2025-12-23",0.0],["2025-12-24",0.0],["2025-12-25",0.0],["2025-12-26",0.0],["2025-12-27",0.0],["2025-12-28",0.0],["2025-12-29",0.0],["2025-12-30",0.0],["2025-12-31",0.0],["2026-01-01",0.0],["2026-01-02",0.0],["2026-01-03",0.0],["2026-01-04",7.38808639],["2026-01-05",0.0]],"wins":6,"losses":0,"draws":5,"winrate":0.5454545454545454,"holding_avg":"4:11:00","holding_avg_s":15060.0,"winner_holding_min":"0d 01:00","winner_holding_min_s":3600.0,"winner_holding_max":"0d 02:00","winner_holding_max_s":7200.0,"winner_holding_avg":"0d 01:50","winner_holding_avg_s":6600.0,"loser_holding_min":"0d 00:00","loser_holding_min_s":0.0,"loser_holding_max":"0d 00:00","loser_holding_max_s":0.0,"loser_holding_avg":"0d 00:00","loser_holding_avg_s":0.0,"max_consecutive_wins":3,"max_consecutive_losses":3,"max_drawdown_account":0.0,"max_relative_drawdown":0.0,"max_drawdown_abs":0.0,"drawdown_start":"2025-10-05 04:00:00","drawdown_start_ts":1759636800000.0,"drawdown_end":"2025-10-05 04:00:00","drawdown_end_ts":1759636800000.0,"drawdown_duration":"0 days 00:00:00","drawdown_duration_s":0.0,"max_drawdown_low":0.0,"max_drawdown_high":0.0,"csum_min":1007.8335773,"csum_max":1041.23269704}},"strategy_comparison":[{"key":"ACO_48_24","trades":11,"profit_mean":0.011180777638551735,"profit_mean_pct":1.12,"profit_total_abs":41.23269704,"profit_total":0.041232697039999995,"profit_total_pct":4.12,"duration_avg":"4:11:00","wins":6,"draws":5,"losses":0,"winrate":0.5454545454545454,"cagr":0.16420744418729183,"expectancy":3.748427003636363,"expectancy_ratio":100.0,"sortino":-100,"sharpe":1.6091879786348153,"calmar":-100,"sqn":2.3488,"profit_factor":0.0,"max_drawdown_account":0.0,"max_drawdown_abs":"0"}]}