{"strategy":{"ACO_29_20":{"trades":[{"pair":"DOGE/USDT","stake_amount":329.86806,"max_stake_amount":329.86806,"amount":1299.0,"open_date":"2025-10-04 06:00:00+00:00","close_date":"2025-10-05 00:00:00+00:00","open_rate":0.25394,"close_rate":0.25085,"fee_open":0.001,"fee_close":0.001,"trade_duration":1080,"profit_ratio":-0.014141918568160987,"profit_abs":-4.66963221,"exit_reason":"exit_signal","initial_stop_loss_abs":0.24125,"initial_stop_loss_ratio":-0.05,"stop_loss_abs":0.24125,"stop_loss_ratio":-0.05,"min_rate":0.2467,"max_rate":0.25571,"is_open":false,"enter_tag":"","leverage":1.0,"is_short":false,"open_timestamp":1759557600000,"close_timestamp":1759622400000,"orders":[{"amount":1299.0,"safe_price":0.25394,"ft_order_side":"buy","order_filled_timestamp":1759557600000,"ft_is_entry":true,"ft_order_tag":"","cost":330.19792806},{"amount":1299.0,"safe_price":0.25085,"ft_order_side":"sell","order_filled_timestamp":1759622400000,"ft_is_entry":false,"ft_order_tag":"exit_signal","cost":326.18000414999995}],"funding_fees":0.0,"weekday":6},{"pair":"DOGE/USDT","stake_amount":328.27509,"max_stake_amount":328.27509,"amount":1287.0,"open_date":"2025-10-05 19:00:00+00:00","close_date":"2025-10-06 06:00:00+00:00","open_rate":0.25507,"close_rate":0.25558065065065066,"fee_open":0.001,"fee_close":0.001,"trade_duration":660,"profit_ratio":0.0,"profit_abs":0.0,"exit_reason":"roi","initial_stop_loss_abs":0.24232,"initial_stop_loss_ratio":-0.05,"stop_loss_abs":0.24232,"stop_loss_ratio":-0.05,"min_rate":0.25057,"max_rate":0.25843,"is_open":false,"enter_tag":"","leverage":1.0,"is_short":false,"open_timestamp":1759690800000,"close_timestamp":1759730400000,"orders":[{"amount":1287.0,"safe_price":0.25507,"ft_order_side":"buy","order_filled_timestamp":1759690800000,"ft_is_entry":true,"ft_order_tag":"","cost":328.60336509},{"amount":1287.0,"safe_price":0.25558065065065066,"ft_order_side":"sell","order_filled_timestamp":1759730400000,"ft_is_entry":false,"ft_order_tag":"roi","cost":329.2612296847747}],"funding_fees":0.0,"weekday":0},{"pair":"DOGE/USDT","stake_amount":328.31493,"max_stake_amount":328.31493,"amount":1317.0,"open_date":"2025-10-07 20:00:00+00:00","close_date":"2025-10-07 22:00:00+00:00","open_rate":0.24929,"close_rate":0.24978907907907907,"fee_open":0.001,"fee_close":0.001,"trade_duration":120,"profit_ratio":0.0,"profit_abs":0.0,"exit_reason":"roi","initial_stop_loss_abs":0.23683,"initial_stop_loss_ratio":-0.05,"stop_loss_abs":0.23683,"stop_loss_ratio":-0.05,"min_rate":0.24879,"max_rate":0.25214,"is_open":false,"enter_tag":"","leverage":1.0,"is_short":false,"open_timestamp":1759867200000,"close_timestamp":1759874400000,"orders":[{"amount":1317.0,"safe_price":0.24929,"ft_order_side":"buy","order_filled_timestamp":1759867200000,"ft_is_entry":true,"ft_order_tag":"","cost":328.64324493},{"amount":1317.0,"safe_price":0.24978907907907907,"ft_order_side":"sell","order_filled_timestamp":1759874400000,"ft_is_entry":false,"ft_order_tag":"roi","cost":329.30118936429426}],"funding_fees":0.0,"weekday":1},{"pair":"DOGE/USDT","stake_amount":328.25034,"max_stake_amount":328.25034,"amount":1314.0,"open_date":"2025-10-07 23:00:00+00:00","close_date":"2025-10-08 02:00:00+00:00","open_rate":0.24981,"close_rate":0.2503101201201201,"fee_open":0.001,"fee_close":0.001,"trade_duration":180,"profit_ratio":0.0,"profit_abs":0.0,"exit_reason":"roi","initial_stop_loss_abs":0.23732,"initial_stop_loss_ratio":-0.05,"stop_loss_abs":0.23732,"stop_loss_ratio":-0.05,"min_rate":0.24622,"max_rate":0.25061,"is_open":false,"enter_tag":"","leverage":1.0,"is_short":false,"open_timestamp":1759878000000,"close_timestamp":1759888800000,"orders":[{"amount":1314.0,"safe_price":0.24981,"ft_order_side":"buy","order_filled_timestamp":1759878000000,"ft_is_entry":true,"ft_order_tag":"","cost":328.57859033999995},{"amount":1314.0,"safe_price":0.2503101201201201,"ft_order_side":"sell","order_filled_timestamp":1759888800000,"ft_is_entry":false,"ft_order_tag":"roi","cost":329.2364053356756}],"funding_fees":0.0,"weekday":2},{"pair":"DOGE/USDT","stake_amount":328.35334,"max_stake_amount":328.35334,"amount":1318.0,"open_date":"2025-10-09 04:00:00+00:00","close_date":"2025-10-09 06:00:00+00:00","open_rate":0.24913,"close_rate":0.24978,"fee_open":0.001,"fee_close":0.001,"trade_duration":120,"profit_ratio":0.0006058646527478061,"profit_abs":0.19913662,"exit_reason":"roi","initial_stop_loss_abs":0.23668,"initial_stop_loss_ratio":-0.05,"stop_loss_abs":0.23668,"stop_loss_ratio":-0.05,"min_rate":0.24754,"max_rate":0.25096,"is_open":false,"enter_tag":"","leverage":1.0,"is_short":false,"open_timestamp":1759982400000,"close_timestamp":1759989600000,"orders":[{"amount":1318.0,"safe_price":0.24913,"ft_order_side":"buy","order_filled_timestamp":1759982400000,"ft_is_entry":true,"ft_order_tag":"","cost":328.68169334},{"amount":1318.0,"safe_price":0.24978,"ft_order_side":"sell","order_filled_timestamp":1759989600000,"ft_is_entry":false,"ft_order_tag":"roi","cost":329.53925003999996}],"funding_fees":0.0,"weekday":3},{"pair":"DOGE/USDT","stake_amount":328.38408,"max_stake_amount":328.38408,"amount":1341.0,"open_date":"2025-10-09 10:00:00+00:00","close_date":"2025-10-09 12:00:00+00:00","open_rate":0.24488,"close_rate":0.24756,"fee_open":0.001,"fee_close":0.001,"trade_duration":120,"profit_ratio":0.008924267499896379,"profit_abs":2.93351796,"exit_reason":"roi","initial_stop_loss_abs":0.23264,"initial_stop_loss_ratio":-0.05,"stop_loss_abs":0.23264,"stop_loss_ratio":-0.05,"min_rate":0.24399,"max_rate":0.25071,"is_open":false,"enter_tag":"","leverage":1.0,"is_short":false,"open_timestamp":1760004000000,"close_timestamp":1760011200000,"orders":[{"amount":1341.0,"safe_price":0.24488,"ft_order_side":"buy","order_filled_timestamp":1760004000000,"ft_is_entry":true,"ft_order_tag":"","cost":328.71246407999996},{"amount":1341.0,"safe_price":0.24756,"ft_order_side":"sell","order_filled_timestamp":1760011200000,"ft_is_entry":false,"ft_order_tag":"roi","cost":332.30993795999996}],"funding_fees":0.0,"weekday":3},{"pair":"DOGE/USDT","stake_amount":329.41152,"max_stake_amount":329.41152,"amount":1656.0,"open_date":"2025-10-15 17:00:00+00:00","close_date":"2025-10-15 19:00:00+00:00","open_rate":0.19892,"close_rate":0.19935,"fee_open":0.001,"fee_close":0.001,"trade_duration":120,"profit_ratio":0.00015935200934195505,"profit_abs":0.05254488,"exit_reason":"roi","initial_stop_loss_abs":0.18898,"initial_stop_loss_ratio":-0.05,"stop_loss_abs":0.18898,"stop_loss_ratio":-0.05,"min_rate":0.19623,"max_rate":0.19959,"is_open":false,"enter_tag":"","leverage":1.0,"is_short":false,"open_timestamp":1760547600000,"close_timestamp":1760554800000,"orders":[{"amount":1656.0,"safe_price":0.19892,"ft_order_side":"buy","order_filled_timestamp":1760547600000,"ft_is_entry":true,"ft_order_tag":"","cost":329.74093151999995},{"amount":1656.0,"safe_price":0.19935,"ft_order_side":"sell","order_filled_timestamp":1760554800000,"ft_is_entry":false,"ft_order_tag":"roi","cost":330.4537236}],"funding_fees":0.0,"weekday":2},{"pair":"DOGE/USDT","stake_amount":329.43008,"max_stake_amount":329.43008,"amount":1688.0,"open_date":"2025-10-15 23:00:00+00:00","close_date":"2025-10-16 01:00:00+00:00","open_rate":0.19516,"close_rate":0.19584,"fee_open":0.001,"fee_close":0.001,"trade_duration":120,"profit_ratio":0.001479356880053744,"profit_abs":0.487832,"exit_reason":"roi","initial_stop_loss_abs":0.18541,"initial_stop_loss_ratio":-0.05,"stop_loss_abs":0.18541,"stop_loss_ratio":-0.05,"min_rate":0.19482,"max_rate":0.19844,"is_open":false,"enter_tag":"","leverage":1.0,"is_short":false,"open_timestamp":1760569200000,"close_timestamp":1760576400000,"orders":[{"amount":1688.0,"safe_price":0.19516,"ft_order_side":"buy","order_filled_timestamp":1760569200000,"ft_is_entry":true,"ft_order_tag":"","cost":329.7595100799999},{"amount":1688.0,"safe_price":0.19584,"ft_order_side":"sell","order_filled_timestamp":1760576400000,"ft_is_entry":false,"ft_order_tag":"roi","cost":330.9084979199999}],"funding_fees":0.0,"weekday":3},{"pair":"DOGE/USDT","stake_amount":329.64022,"max_stake_amount":329.64022,"amount":1846.0,"open_date":"2025-10-17 10:00:00+00:00","close_date":"2025-10-17 12:00:00+00:00","open_rate":0.17857,"close_rate":0.18272,"fee_open":0.001,"fee_close":0.001,"trade_duration":120,"profit_ratio":0.021195749985580305,"profit_abs":6.99395866,"exit_reason":"roi","initial_stop_loss_abs":0.16965,"initial_stop_loss_ratio":-0.05,"stop_loss_abs":0.16965,"stop_loss_ratio":-0.05,"min_rate":0.17555,"max_rate":0.18431,"is_open":false,"enter_tag":"","leverage":1.0,"is_short":false,"open_timestamp":1760695200000,"close_timestamp":1760702400000,"orders":[{"amount":1846.0,"safe_price":0.17857,"ft_order_side":"buy","order_filled_timestamp":1760695200000,"ft_is_entry":true,"ft_order_tag":"","cost":329.96986022},{"amount":1846.0,"safe_price":0.18272,"ft_order_side":"sell","order_filled_timestamp":1760702400000,"ft_is_entry":false,"ft_order_tag":"roi","cost":337.6384211199999}],"funding_fees":0.0,"weekday":4},{"pair":"DOGE/USDT","stake_amount":331.84392,"max_stake_amount":331.84392,"amount":1688.0,"open_date":"2025-10-21 04:00:00+00:00","close_date":"2025-10-21 14:00:00+00:00","open_rate":0.19659,"close_rate":0.19698357357357352,"fee_open":0.001,"fee_close":0.001,"trade_duration":600,"profit_ratio":0.0,"profit_abs":0.0,"exit_reason":"roi","initial_stop_loss_abs":0.18677,"initial_stop_loss_ratio":-0.05,"stop_loss_abs":0.18677,"stop_loss_ratio":-0.05,"min_rate":0.19201,"max_rate":0.20355,"is_open":false,"enter_tag":"","leverage":1.0,"is_short":false,"open_timestamp":1761019200000,"close_timestamp":1761055200000,"orders":[{"amount":1688.0,"safe_price":0.19659,"ft_order_side":"buy","order_filled_timestamp":1761019200000,"ft_is_entry":true,"ft_order_tag":"","cost":332.17576391999995},{"amount":1688.0,"safe_price":0.19698357357357352,"ft_order_side":"sell","order_filled_timestamp":1761055200000,"ft_is_entry":false,"ft_order_tag":"roi","cost":332.8407804643843}],"funding_fees":0.0,"weekday":1},{"pair":"DOGE/USDT","stake_amount":331.793,"max_stake_amount":331.793,"amount":1705.0,"open_date":"2025-10-22 02:00:00+00:00","close_date":"2025-10-22 04:00:00+00:00","open_rate":0.1946,"close_rate":0.19498958958958956,"fee_open":0.001,"fee_close":0.001,"trade_duration":120,"profit_ratio":0.0,"profit_abs":0.0,"exit_reason":"roi","initial_stop_loss_abs":0.18487,"initial_stop_loss_ratio":-0.05,"stop_loss_abs":0.18487,"stop_loss_ratio":-0.05,"min_rate":0.19263,"max_rate":0.19525,"is_open":false,"enter_tag":"","leverage":1.0,"is_short":false,"open_timestamp":1761098400000,"close_timestamp":1761105600000,"orders":[{"amount":1705.0,"safe_price":0.1946,"ft_order_side":"buy","order_filled_timestamp":1761098400000,"ft_is_entry":true,"ft_order_tag":"","cost":332.12479299999995},{"amount":1705.0,"safe_price":0.19498958958958956,"ft_order_side":"sell","order_filled_timestamp":1761105600000,"ft_is_entry":false,"ft_order_tag":"roi","cost":332.7897075005004}],"funding_fees":0.0,"weekday":2},{"pair":"DOGE/USDT","stake_amount":331.81252,"max_stake_amount":331.81252,"amount":1703.0,"open_date":"2025-10-22 05:00:00+00:00","close_date":"2025-10-22 21:00:00+00:00","open_rate":0.19484,"close_rate":0.1851,"fee_open":0.001,"fee_close":0.001,"trade_duration":960,"profit_ratio":-0.05188785757457488,"profit_abs":-17.23425782,"exit_reason":"stop_loss","initial_stop_loss_abs":0.1851,"initial_stop_loss_ratio":-0.05,"stop_loss_abs":0.1851,"stop_loss_ratio":-0.05,"min_rate":0.18467,"max_rate":0.19484,"is_open":false,"enter_tag":"","leverage":1.0,"is_short":false,"open_timestamp":1761109200000,"close_timestamp":1761166800000,"orders":[{"amount":1703.0,"safe_price":0.19484,"ft_order_side":"buy","order_filled_timestamp":1761109200000,"ft_is_entry":true,"ft_order_tag":"","cost":332.14433252},{"amount":1703.0,"safe_price":0.1851,"ft_order_side":"sell","order_filled_timestamp":1761166800000,"ft_is_entry":false,"ft_order_tag":"stop_loss","cost":315.54052529999996}],"funding_fees":0.0,"weekday":2},{"pair":"DOGE/USDT","stake_amount":326.10116,"max_stake_amount":326.10116,"amount":1673.0,"open_date":"2025-10-24 16:00:00+00:00","close_date":"2025-10-24 18:00:00+00:00","open_rate":0.19492,"close_rate":0.19531023023023023,"fee_open":0.001,"fee_close":0.001,"trade_duration":120,"profit_ratio":0.0,"profit_abs":0.0,"exit_reason":"roi","initial_stop_loss_abs":0.18518,"initial_stop_loss_ratio":-0.05,"stop_loss_abs":0.18518,"stop_loss_ratio":-0.05,"min_rate":0.1941,"max_rate":0.19611,"is_open":false,"enter_tag":"","leverage":1.0,"is_short":false,"open_timestamp":1761321600000,"close_timestamp":1761328800000,"orders":[{"amount":1673.0,"safe_price":0.19492,"ft_order_side":"buy","order_filled_timestamp":1761321600000,"ft_is_entry":true,"ft_order_tag":"","cost":326.42726115999994},{"amount":1673.0,"safe_price":0.19531023023023023,"ft_order_side":"sell","order_filled_timestamp":1761328800000,"ft_is_entry":false,"ft_order_tag":"roi","cost":327.0807691903503}],"funding_fees":0.0,"weekday":4},{"pair":"DOGE/USDT","stake_amount":326.19258,"max_stake_amount":326.19258,"amount":1659.0,"open_date":"2025-10-25 17:00:00+00:00","close_date":"2025-10-25 19:00:00+00:00","open_rate":0.19662,"close_rate":0.19794,"fee_open":0.001,"fee_close":0.001,"trade_duration":120,"profit_ratio":0.004702041931214955,"profit_abs":1.53530496,"exit_reason":"roi","initial_stop_loss_abs":0.18679,"initial_stop_loss_ratio":-0.05,"stop_loss_abs":0.18679,"stop_loss_ratio":-0.05,"min_rate":0.19659,"max_rate":0.19816,"is_open":false,"enter_tag":"","leverage":1.0,"is_short":false,"open_timestamp":1761411600000,"close_timestamp":1761418800000,"orders":[{"amount":1659.0,"safe_price":0.19662,"ft_order_side":"buy","order_filled_timestamp":1761411600000,"ft_is_entry":true,"ft_order_tag":"","cost":326.5187725799999},{"amount":1659.0,"safe_price":0.19794,"ft_order_side":"sell","order_filled_timestamp":1761418800000,"ft_is_entry":false,"ft_order_tag":"roi","cost":328.7108424599999}],"funding_fees":0.0,"weekday":5},{"pair":"DOGE/USDT","stake_amount":326.625,"max_stake_amount":326.625,"amount":1675.0,"open_date":"2025-10-26 04:00:00+00:00","close_date":"2025-10-26 06:00:00+00:00","open_rate":0.195,"close_rate":0.19591,"fee_open":0.001,"fee_close":0.001,"trade_duration":120,"profit_ratio":0.0026593406593406594,"profit_abs":0.86947575,"exit_reason":"roi","initial_stop_loss_abs":0.18525,"initial_stop_loss_ratio":-0.05,"stop_loss_abs":0.18525,"stop_loss_ratio":-0.05,"min_rate":0.19488,"max_rate":0.19635,"is_open":false,"enter_tag":"","leverage":1.0,"is_short":false,"open_timestamp":1761451200000,"close_timestamp":1761458400000,"orders":[{"amount":1675.0,"safe_price":0.195,"ft_order_side":"buy","order_filled_timestamp":1761451200000,"ft_is_entry":true,"ft_order_tag":"","cost":326.951625},{"amount":1675.0,"safe_price":0.19591,"ft_order_side":"sell","order_filled_timestamp":1761458400000,"ft_is_entry":false,"ft_order_tag":"roi","cost":328.47739924999996}],"funding_fees":0.0,"weekday":6},{"pair":"DOGE/USDT","stake_amount":326.9089,"max_stake_amount":326.9089,"amount":1637.0,"open_date":"2025-10-28 04:00:00+00:00","close_date":"2025-10-28 06:00:00+00:00","open_rate":0.1997,"close_rate":0.20009979979979975,"fee_open":0.001,"fee_close":0.001,"trade_duration":120,"profit_ratio":0.0,"profit_abs":0.0,"exit_reason":"roi","initial_stop_loss_abs":0.18972,"initial_stop_loss_ratio":-0.05,"stop_loss_abs":0.18972,"stop_loss_ratio":-0.05,"min_rate":0.19815,"max_rate":0.20131,"is_open":false,"enter_tag":"","leverage":1.0,"is_short":false,"open_timestamp":1761624000000,"close_timestamp":1761631200000,"orders":[{"amount":1637.0,"safe_price":0.1997,"ft_order_side":"buy","order_filled_timestamp":1761624000000,"ft_is_entry":true,"ft_order_tag":"","cost":327.23580889999994},{"amount":1637.0,"safe_price":0.20009979979979975,"ft_order_side":"sell","order_filled_timestamp":1761631200000,"ft_is_entry":false,"ft_order_tag":"roi","cost":327.8909356445444}],"funding_fees":0.0,"weekday":1},{"pair":"DOGE/USDT","stake_amount":326.98941,"max_stake_amount":326.98941,"amount":1793.0,"open_date":"2025-10-30 15:00:00+00:00","close_date":"2025-10-30 23:00:00+00:00","open_rate":0.18237,"close_rate":0.1827351051051051,"fee_open":0.001,"fee_close":0.001,"trade_duration":480,"profit_ratio":0.0,"profit_abs":0.0,"exit_reason":"roi","initial_stop_loss_abs":0.17326,"initial_stop_loss_ratio":-0.05,"stop_loss_abs":0.17326,"stop_loss_ratio":-0.05,"min_rate":0.17642,"max_rate":0.18287,"is_open":false,"enter_tag":"","leverage":1.0,"is_short":false,"open_timestamp":1761836400000,"close_timestamp":1761865200000,"orders":[{"amount":1793.0,"safe_price":0.18237,"ft_order_side":"buy","order_filled_timestamp":1761836400000,"ft_is_entry":true,"ft_order_tag":"","cost":327.31639941},{"amount":1793.0,"safe_price":0.1827351051051051,"ft_order_side":"sell","order_filled_timestamp":1761865200000,"ft_is_entry":false,"ft_order_tag":"roi","cost":327.97168749690684}],"funding_fees":0.0,"weekday":3},{"pair":"DOGE/USDT","stake_amount":326.95226,"max_stake_amount":326.95226,"amount":1858.0,"open_date":"2025-11-03 05:00:00+00:00","close_date":"2025-11-03 15:00:00+00:00","open_rate":0.17597,"close_rate":0.16718,"fee_open":0.001,"fee_close":0.001,"trade_duration":600,"profit_ratio":-0.05184989472083863,"profit_abs":-16.9693927,"exit_reason":"stop_loss","initial_stop_loss_abs":0.16718,"initial_stop_loss_ratio":-0.05,"stop_loss_abs":0.16718,"stop_loss_ratio":-0.05,"min_rate":0.16017,"max_rate":0.17672,"is_open":false,"enter_tag":"","leverage":1.0,"is_short":false,"open_timestamp":1762146000000,"close_timestamp":1762182000000,"orders":[{"amount":1858.0,"safe_price":0.17597,"ft_order_side":"buy","order_filled_timestamp":1762146000000,"ft_is_entry":true,"ft_order_tag":"","cost":327.27921225999995},{"amount":1858.0,"safe_price":0.16718,"ft_order_side":"sell","order_filled_timestamp":1762182000000,"ft_is_entry":false,"ft_order_tag":"stop_loss","cost":310.93106043999995}],"funding_fees":0.0,"weekday":0},{"pair":"DOGE/USDT","stake_amount":321.46066,"max_stake_amount":321.46066,"amount":1966.0,"open_date":"2025-11-06 09:00:00+00:00","close_date":"2025-11-06 13:00:00+00:00","open_rate":0.16351,"close_rate":0.1638373473473473,"fee_open":0.001,"fee_close":0.001,"trade_duration":240,"profit_ratio":0.0,"profit_abs":0.0,"exit_reason":"roi","initial_stop_loss_abs":0.15534,"initial_stop_loss_ratio":-0.05,"stop_loss_abs":0.15534,"stop_loss_ratio":-0.05,"min_rate":0.16098,"max_rate":0.1641,"is_open":false,"enter_tag":"","leverage":1.0,"is_short":false,"open_timestamp":1762419600000,"close_timestamp":1762434000000,"orders":[{"amount":1966.0,"safe_price":0.16351,"ft_order_side":"buy","order_filled_timestamp":1762419600000,"ft_is_entry":true,"ft_order_tag":"","cost":321.7821206599999},{"amount":1966.0,"safe_price":0.1638373473473473,"ft_order_side":"sell","order_filled_timestamp":1762434000000,"ft_is_entry":false,"ft_order_tag":"roi","cost":322.4263291097697}],"funding_fees":0.0,"weekday":3},{"pair":"DOGE/USDT","stake_amount":321.429,"max_stake_amount":321.429,"amount":1842.0,"open_date":"2025-11-08 17:00:00+00:00","close_date":"2025-11-08 19:00:00+00:00","open_rate":0.1745,"close_rate":0.17567,"fee_open":0.001,"fee_close":0.001,"trade_duration":120,"profit_ratio":0.0046934727163953525,"profit_abs":1.51012686,"exit_reason":"roi","initial_stop_loss_abs":0.16578,"initial_stop_loss_ratio":-0.05,"stop_loss_abs":0.16578,"stop_loss_ratio":-0.05,"min_rate":0.17357,"max_rate":0.17599,"is_open":false,"enter_tag":"","leverage":1.0,"is_short":false,"open_timestamp":1762621200000,"close_timestamp":1762628400000,"orders":[{"amount":1842.0,"safe_price":0.1745,"ft_order_side":"buy","order_filled_timestamp":1762621200000,"ft_is_entry":true,"ft_order_tag":"","cost":321.75042899999994},{"amount":1842.0,"safe_price":0.17567,"ft_order_side":"sell","order_filled_timestamp":1762628400000,"ft_is_entry":false,"ft_order_tag":"roi","cost":323.90772413999997}],"funding_fees":0.0,"weekday":5},{"pair":"DOGE/USDT","stake_amount":321.95864,"max_stake_amount":321.95864,"amount":1816.0,"open_date":"2025-11-11 09:00:00+00:00","close_date":"2025-11-11 11:00:00+00:00","open_rate":0.17729,"close_rate":0.1776449349349349,"fee_open":0.001,"fee_close":0.001,"trade_duration":120,"profit_ratio":0.0,"profit_abs":0.0,"exit_reason":"roi","initial_stop_loss_abs":0.16843,"initial_stop_loss_ratio":-0.05,"stop_loss_abs":0.16843,"stop_loss_ratio":-0.05,"min_rate":0.17685,"max_rate":0.17881,"is_open":false,"enter_tag":"","leverage":1.0,"is_short":false,"open_timestamp":1762851600000,"close_timestamp":1762858800000,"orders":[{"amount":1816.0,"safe_price":0.17729,"ft_order_side":"buy","order_filled_timestamp":1762851600000,"ft_is_entry":true,"ft_order_tag":"","cost":322.28059864},{"amount":1816.0,"safe_price":0.1776449349349349,"ft_order_side":"sell","order_filled_timestamp":1762858800000,"ft_is_entry":false,"ft_order_tag":"roi","cost":322.92580504368357}],"funding_fees":0.0,"weekday":1},{"pair":"DOGE/USDT","stake_amount":321.95008,"max_stake_amount":321.95008,"amount":1864.0,"open_date":"2025-11-12 02:00:00+00:00","close_date":"2025-11-12 08:00:00+00:00","open_rate":0.17272,"close_rate":0.1730657857857858,"fee_open":0.001,"fee_close":0.001,"trade_duration":360,"profit_ratio":0.0,"profit_abs":0.0,"exit_reason":"roi","initial_stop_loss_abs":0.16409,"initial_stop_loss_ratio":-0.05,"stop_loss_abs":0.16409,"stop_loss_ratio":-0.05,"min_rate":0.17094,"max_rate":0.17459,"is_open":false,"enter_tag":"","leverage":1.0,"is_short":false,"open_timestamp":1762912800000,"close_timestamp":1762934400000,"orders":[{"amount":1864.0,"safe_price":0.17272,"ft_order_side":"buy","order_filled_timestamp":1762912800000,"ft_is_entry":true,"ft_order_tag":"","cost":322.27203008},{"amount":1864.0,"safe_price":0.1730657857857858,"ft_order_side":"sell","order_filled_timestamp":1762934400000,"ft_is_entry":false,"ft_order_tag":"roi","cost":322.91721932940936}],"funding_fees":0.0,"weekday":2},{"pair":"DOGE/USDT","stake_amount":321.86151,"max_stake_amount":321.86151,"amount":1899.0,"open_date":"2025-11-12 18:00:00+00:00","close_date":"2025-11-12 20:00:00+00:00","open_rate":0.16949,"close_rate":0.16982931931931933,"fee_open":0.001,"fee_close":0.001,"trade_duration":120,"profit_ratio":0.0,"profit_abs":0.0,"exit_reason":"roi","initial_stop_loss_abs":0.16102,"initial_stop_loss_ratio":-0.05,"stop_loss_abs":0.16102,"stop_loss_ratio":-0.05,"min_rate":0.16721,"max_rate":0.17097,"is_open":false,"enter_tag":"","leverage":1.0,"is_short":false,"open_timestamp":1762970400000,"close_timestamp":1762977600000,"orders":[{"amount":1899.0,"safe_price":0.16949,"ft_order_side":"buy","order_filled_timestamp":1762970400000,"ft_is_entry":true,"ft_order_tag":"","cost":322.18337151},{"amount":1899.0,"safe_price":0.16982931931931933,"ft_order_side":"sell","order_filled_timestamp":1762977600000,"ft_is_entry":false,"ft_order_tag":"roi","cost":322.82838326477474}],"funding_fees":0.0,"weekday":2},{"pair":"DOGE/USDT","stake_amount":321.8316,"max_stake_amount":321.8316,"amount":1994.0,"open_date":"2025-11-13 22:00:00+00:00","close_date":"2025-11-14 00:00:00+00:00","open_rate":0.1614,"close_rate":0.16383,"fee_open":0.001,"fee_close":0.001,"trade_duration":120,"profit_ratio":0.013027678641061543,"profit_abs":4.19691138,"exit_reason":"roi","initial_stop_loss_abs":0.15333,"initial_stop_loss_ratio":-0.05,"stop_loss_abs":0.15333,"stop_loss_ratio":-0.05,"min_rate":0.16104,"max_rate":0.16535,"is_open":false,"enter_tag":"","leverage":1.0,"is_short":false,"open_timestamp":1763071200000,"close_timestamp":1763078400000,"orders":[{"amount":1994.0,"safe_price":0.1614,"ft_order_side":"buy","order_filled_timestamp":1763071200000,"ft_is_entry":true,"ft_order_tag":"","cost":322.1534315999999},{"amount":1994.0,"safe_price":0.16383,"ft_order_side":"sell","order_filled_timestamp":1763078400000,"ft_is_entry":false,"ft_order_tag":"roi","cost":327.00369702}],"funding_fees":0.0,"weekday":4},{"pair":"DOGE/USDT","stake_amount":323.2152,"max_stake_amount":323.2152,"amount":1980.0,"open_date":"2025-11-14 02:00:00+00:00","close_date":"2025-11-14 04:00:00+00:00","open_rate":0.16324,"close_rate":0.16408,"fee_open":0.001,"fee_close":0.001,"trade_duration":120,"profit_ratio":0.0031375142867424177,"profit_abs":1.0151064,"exit_reason":"roi","initial_stop_loss_abs":0.15508,"initial_stop_loss_ratio":-0.05,"stop_loss_abs":0.15508,"stop_loss_ratio":-0.05,"min_rate":0.1591,"max_rate":0.16568,"is_open":false,"enter_tag":"","leverage":1.0,"is_short":false,"open_timestamp":1763085600000,"close_timestamp":1763092800000,"orders":[{"amount":1980.0,"safe_price":0.16324,"ft_order_side":"buy","order_filled_timestamp":1763085600000,"ft_is_entry":true,"ft_order_tag":"","cost":323.5384151999999},{"amount":1980.0,"safe_price":0.16408,"ft_order_side":"sell","order_filled_timestamp":1763092800000,"ft_is_entry":false,"ft_order_tag":"roi","cost":325.2032784}],"funding_fees":0.0,"weekday":4},{"pair":"DOGE/USDT","stake_amount":323.62764,"max_stake_amount":323.62764,"amount":2076.0,"open_date":"2025-11-16 20:00:00+00:00","close_date":"2025-11-16 22:00:00+00:00","open_rate":0.15589,"close_rate":0.15633,"fee_open":0.001,"fee_close":0.001,"trade_duration":120,"profit_ratio":0.0008188616822910234,"profit_abs":0.26527128,"exit_reason":"roi","initial_stop_loss_abs":0.1481,"initial_stop_loss_ratio":-0.05,"stop_loss_abs":0.1481,"stop_loss_ratio":-0.05,"min_rate":0.15505,"max_rate":0.1586,"is_open":false,"enter_tag":"","leverage":1.0,"is_short":false,"open_timestamp":1763323200000,"close_timestamp":1763330400000,"orders":[{"amount":2076.0,"safe_price":0.15589,"ft_order_side":"buy","order_filled_timestamp":1763323200000,"ft_is_entry":true,"ft_order_tag":"","cost":323.95126763999997},{"amount":2076.0,"safe_price":0.15633,"ft_order_side":"sell","order_filled_timestamp":1763330400000,"ft_is_entry":false,"ft_order_tag":"roi","cost":324.8656210799999}],"funding_fees":0.0,"weekday":6},{"pair":"DOGE/USDT","stake_amount":323.68988,"max_stake_amount":323.68988,"amount":2122.0,"open_date":"2025-11-17 21:00:00+00:00","close_date":"2025-11-18 01:00:00+00:00","open_rate":0.15254,"close_rate":0.15284538538538536,"fee_open":0.001,"fee_close":0.001,"trade_duration":240,"profit_ratio":0.0,"profit_abs":0.0,"exit_reason":"roi","initial_stop_loss_abs":0.14492,"initial_stop_loss_ratio":-0.05,"stop_loss_abs":0.14492,"stop_loss_ratio":-0.05,"min_rate":0.14943,"max_rate":0.15336,"is_open":false,"enter_tag":"","leverage":1.0,"is_short":false,"open_timestamp":1763413200000,"close_timestamp":1763427600000,"orders":[{"amount":2122.0,"safe_price":0.15254,"ft_order_side":"buy","order_filled_timestamp":1763413200000,"ft_is_entry":true,"ft_order_tag":"","cost":324.01356988},{"amount":2122.0,"safe_price":0.15284538538538536,"ft_order_side":"sell","order_filled_timestamp":1763427600000,"ft_is_entry":false,"ft_order_tag":"roi","cost":324.6622456955755}],"funding_fees":0.0,"weekday":1},{"pair":"DOGE/USDT","stake_amount":323.66175,"max_stake_amount":323.66175,"amount":2175.0,"open_date":"2025-11-19 20:00:00+00:00","close_date":"2025-11-19 22:00:00+00:00","open_rate":0.14881,"close_rate":0.15416,"fee_open":0.001,"fee_close":0.001,"trade_duration":120,"profit_ratio":0.03388205101799618,"profit_abs":10.97729025,"exit_reason":"roi","initial_stop_loss_abs":0.14137,"initial_stop_loss_ratio":-0.05,"stop_loss_abs":0.14137,"stop_loss_ratio":-0.05,"min_rate":0.148,"max_rate":0.15449,"is_open":false,"enter_tag":"","leverage":1.0,"is_short":false,"open_timestamp":1763582400000,"close_timestamp":1763589600000,"orders":[{"amount":2175.0,"safe_price":0.14881,"ft_order_side":"buy","order_filled_timestamp":1763582400000,"ft_is_entry":true,"ft_order_tag":"","cost":323.98541174999997},{"amount":2175.0,"safe_price":0.15416,"ft_order_side":"sell","order_filled_timestamp":1763589600000,"ft_is_entry":false,"ft_order_tag":"roi","cost":335.63329799999997}],"funding_fees":0.0,"weekday":2},{"pair":"DOGE/USDT","stake_amount":327.31548,"max_stake_amount":327.31548,"amount":2228.0,"open_date":"2025-11-21 04:00:00+00:00","close_date":"2025-11-21 07:00:00+00:00","open_rate":0.14691,"close_rate":0.13957,"fee_open":0.001,"fee_close":0.001,"trade_duration":180,"profit_ratio":-0.05186073881193341,"profit_abs":-16.99179744,"exit_reason":"stop_loss","initial_stop_loss_abs":0.13957,"initial_stop_loss_ratio":-0.05,"stop_loss_abs":0.13957,"stop_loss_ratio":-0.05,"min_rate":0.13441,"max_rate":0.14824,"is_open":false,"enter_tag":"","leverage":1.0,"is_short":false,"open_timestamp":1763697600000,"close_timestamp":1763708400000,"orders":[{"amount":2228.0,"safe_price":0.14691,"ft_order_side":"buy","order_filled_timestamp":1763697600000,"ft_is_entry":true,"ft_order_tag":"","cost":327.64279548},{"amount":2228.0,"safe_price":0.13957,"ft_order_side":"sell","order_filled_timestamp":1763708400000,"ft_is_entry":false,"ft_order_tag":"stop_loss","cost":311.27292195999996}],"funding_fees":0.0,"weekday":4},{"pair":"DOGE/USDT","stake_amount":321.7623,"max_stake_amount":321.7623,"amount":2165.0,"open_date":"2025-11-25 10:00:00+00:00","close_date":"2025-11-25 12:00:00+00:00","open_rate":0.14862,"close_rate":0.14891753753753753,"fee_open":0.001,"fee_close":0.001,"trade_duration":120,"profit_ratio":0.0,"profit_abs":0.0,"exit_reason":"roi","initial_stop_loss_abs":0.14119,"initial_stop_loss_ratio":-0.05,"stop_loss_abs":0.14119,"stop_loss_ratio":-0.05,"min_rate":0.14792,"max_rate":0.15013,"is_open":false,"enter_tag":"","leverage":1.0,"is_short":false,"open_timestamp":1764064800000,"close_timestamp":1764072000000,"orders":[{"amount":2165.0,"safe_price":0.14862,"ft_order_side":"buy","order_filled_timestamp":1764064800000,"ft_is_entry":true,"ft_order_tag":"","cost":322.08406229999997},{"amount":2165.0,"safe_price":0.14891753753753753,"ft_order_side":"sell","order_filled_timestamp":1764072000000,"ft_is_entry":false,"ft_order_tag":"roi","cost":322.7288752375375}],"funding_fees":0.0,"weekday":1},{"pair":"DOGE/USDT","stake_amount":321.68348,"max_stake_amount":321.68348,"amount":2138.0,"open_date":"2025-11-26 11:00:00+00:00","close_date":"2025-11-26 13:00:00+00:00","open_rate":0.15046,"close_rate":0.15076122122122124,"fee_open":0.001,"fee_close":0.001,"trade_duration":120,"profit_ratio":0.0,"profit_abs":0.0,"exit_reason":"roi","initial_stop_loss_abs":0.14294,"initial_stop_loss_ratio":-0.05,"stop_loss_abs":0.14294,"stop_loss_ratio":-0.05,"min_rate":0.14862,"max_rate":0.15104,"is_open":false,"enter_tag":"","leverage":1.0,"is_short":false,"open_timestamp":1764154800000,"close_timestamp":1764162000000,"orders":[{"amount":2138.0,"safe_price":0.15046,"ft_order_side":"buy","order_filled_timestamp":1764154800000,"ft_is_entry":true,"ft_order_tag":"","cost":322.00516348},{"amount":2138.0,"safe_price":0.15076122122122124,"ft_order_side":"sell","order_filled_timestamp":1764162000000,"ft_is_entry":false,"ft_order_tag":"roi","cost":322.64981846194195}],"funding_fees":0.0,"weekday":2},{"pair":"DOGE/USDT","stake_amount":321.76512,"max_stake_amount":321.76512,"amount":2108.0,"open_date":"2025-11-27 14:00:00+00:00","close_date":"2025-11-27 16:00:00+00:00","open_rate":0.15264,"close_rate":0.15399,"fee_open":0.001,"fee_close":0.001,"trade_duration":120,"profit_ratio":0.006828666616402465,"profit_abs":2.19942396,"exit_reason":"roi","initial_stop_loss_abs":0.14501,"initial_stop_loss_ratio":-0.05,"stop_loss_abs":0.14501,"stop_loss_ratio":-0.05,"min_rate":0.15226,"max_rate":0.15406,"is_open":false,"enter_tag":"","leverage":1.0,"is_short":false,"open_timestamp":1764252000000,"close_timestamp":1764259200000,"orders":[{"amount":2108.0,"safe_price":0.15264,"ft_order_side":"buy","order_filled_timestamp":1764252000000,"ft_is_entry":true,"ft_order_tag":"","cost":322.0868851199999},{"amount":2108.0,"safe_price":0.15399,"ft_order_side":"sell","order_filled_timestamp":1764259200000,"ft_is_entry":false,"ft_order_tag":"roi","cost":324.9355309199999}],"funding_fees":0.0,"weekday":3},{"pair":"DOGE/USDT","stake_amount":322.52832,"max_stake_amount":322.52832,"amount":2113.0,"open_date":"2025-11-28 00:00:00+00:00","close_date":"2025-11-28 08:00:00+00:00","open_rate":0.15264,"close_rate":0.15294558558558558,"fee_open":0.001,"fee_close":0.001,"trade_duration":480,"profit_ratio":0.0,"profit_abs":0.0,"exit_reason":"roi","initial_stop_loss_abs":0.14501,"initial_stop_loss_ratio":-0.05,"stop_loss_abs":0.14501,"stop_loss_ratio":-0.05,"min_rate":0.14961,"max_rate":0.1532,"is_open":false,"enter_tag":"","leverage":1.0,"is_short":false,"open_timestamp":1764288000000,"close_timestamp":1764316800000,"orders":[{"amount":2113.0,"safe_price":0.15264,"ft_order_side":"buy","order_filled_timestamp":1764288000000,"ft_is_entry":true,"ft_order_tag":"","cost":322.85084831999995},{"amount":2113.0,"safe_price":0.15294558558558558,"ft_order_side":"sell","order_filled_timestamp":1764316800000,"ft_is_entry":false,"ft_order_tag":"roi","cost":323.4971963646846}],"funding_fees":0.0,"weekday":4},{"pair":"DOGE/USDT","stake_amount":322.5264,"max_stake_amount":322.5264,"amount":2317.0,"open_date":"2025-12-01 02:00:00+00:00","close_date":"2025-12-01 15:00:00+00:00","open_rate":0.1392,"close_rate":0.13224,"fee_open":0.001,"fee_close":0.001,"trade_duration":780,"profit_ratio":-0.0518981018981019,"profit_abs":-16.75524648,"exit_reason":"stop_loss","initial_stop_loss_abs":0.13224,"initial_stop_loss_ratio":-0.05,"stop_loss_abs":0.13224,"stop_loss_ratio":-0.05,"min_rate":0.13177,"max_rate":0.1398,"is_open":false,"enter_tag":"","leverage":1.0,"is_short":false,"open_timestamp":1764554400000,"close_timestamp":1764601200000,"orders":[{"amount":2317.0,"safe_price":0.1392,"ft_order_side":"buy","order_filled_timestamp":1764554400000,"ft_is_entry":true,"ft_order_tag":"","cost":322.8489263999999},{"amount":2317.0,"safe_price":0.13224,"ft_order_side":"sell","order_filled_timestamp":1764601200000,"ft_is_entry":false,"ft_order_tag":"stop_loss","cost":306.70648007999995}],"funding_fees":0.0,"weekday":0},{"pair":"DOGE/USDT","stake_amount":316.90512,"max_stake_amount":316.90512,"amount":2384.0,"open_date":"2025-12-01 18:00:00+00:00","close_date":"2025-12-01 20:00:00+00:00","open_rate":0.13293,"close_rate":0.13327,"fee_open":0.001,"fee_close":0.001,"trade_duration":120,"profit_ratio":0.0005546247929457136,"profit_abs":0.1759392,"exit_reason":"roi","initial_stop_loss_abs":0.12629,"initial_stop_loss_ratio":-0.05,"stop_loss_abs":0.12629,"stop_loss_ratio":-0.05,"min_rate":0.13262,"max_rate":0.13493,"is_open":false,"enter_tag":"","leverage":1.0,"is_short":false,"open_timestamp":1764612000000,"close_timestamp":1764619200000,"orders":[{"amount":2384.0,"safe_price":0.13293,"ft_order_side":"buy","order_filled_timestamp":1764612000000,"ft_is_entry":true,"ft_order_tag":"","cost":317.22202511999996},{"amount":2384.0,"safe_price":0.13327,"ft_order_side":"sell","order_filled_timestamp":1764619200000,"ft_is_entry":false,"ft_order_tag":"roi","cost":318.03339568}],"funding_fees":0.0,"weekday":0},{"pair":"DOGE/USDT","stake_amount":317.0432,"max_stake_amount":317.0432,"amount":2108.0,"open_date":"2025-12-04 07:00:00+00:00","close_date":"2025-12-04 15:00:00+00:00","open_rate":0.1504,"close_rate":0.1507011011011011,"fee_open":0.001,"fee_close":0.001,"trade_duration":480,"profit_ratio":0.0,"profit_abs":0.0,"exit_reason":"roi","initial_stop_loss_abs":0.14288,"initial_stop_loss_ratio":-0.05,"stop_loss_abs":0.14288,"stop_loss_ratio":-0.05,"min_rate":0.14781,"max_rate":0.15103,"is_open":false,"enter_tag":"","leverage":1.0,"is_short":false,"open_timestamp":1764831600000,"close_timestamp":1764860400000,"orders":[{"amount":2108.0,"safe_price":0.1504,"ft_order_side":"buy","order_filled_timestamp":1764831600000,"ft_is_entry":true,"ft_order_tag":"","cost":317.36024319999996},{"amount":2108.0,"safe_price":0.1507011011011011,"ft_order_side":"sell","order_filled_timestamp":1764860400000,"ft_is_entry":false,"ft_order_tag":"roi","cost":317.9955990422422}],"funding_fees":0.0,"weekday":3},{"pair":"DOGE/USDT","stake_amount":316.97556,"max_stake_amount":316.97556,"amount":2188.0,"open_date":"2025-12-05 11:00:00+00:00","close_date":"2025-12-05 16:00:00+00:00","open_rate":0.14487,"close_rate":0.13763,"fee_open":0.001,"fee_close":0.001,"trade_duration":300,"profit_ratio":-0.05187399057765594,"profit_abs":-16.45923,"exit_reason":"stop_loss","initial_stop_loss_abs":0.13763,"initial_stop_loss_ratio":-0.05,"stop_loss_abs":0.13763,"stop_loss_ratio":-0.05,"min_rate":0.13756,"max_rate":0.145,"is_open":false,"enter_tag":"","leverage":1.0,"is_short":false,"open_timestamp":1764932400000,"close_timestamp":1764950400000,"orders":[{"amount":2188.0,"safe_price":0.14487,"ft_order_side":"buy","order_filled_timestamp":1764932400000,"ft_is_entry":true,"ft_order_tag":"","cost":317.2925355599999},{"amount":2188.0,"safe_price":0.13763,"ft_order_side":"sell","order_filled_timestamp":1764950400000,"ft_is_entry":false,"ft_order_tag":"stop_loss","cost":301.4355744399999}],"funding_fees":0.0,"weekday":4},{"pair":"DOGE/USDT","stake_amount":311.54382,"max_stake_amount":311.54382,"amount":2241.0,"open_date":"2025-12-05 20:00:00+00:00","close_date":"2025-12-05 22:00:00+00:00","open_rate":0.13902,"close_rate":0.13929831831831832,"fee_open":0.001,"fee_close":0.001,"trade_duration":120,"profit_ratio":0.0,"profit_abs":0.0,"exit_reason":"roi","initial_stop_loss_abs":0.13207,"initial_stop_loss_ratio":-0.05,"stop_loss_abs":0.13207,"stop_loss_ratio":-0.05,"min_rate":0.13803,"max_rate":0.13944,"is_open":false,"enter_tag":"","leverage":1.0,"is_short":false,"open_timestamp":1764964800000,"close_timestamp":1764972000000,"orders":[{"amount":2241.0,"safe_price":0.13902,"ft_order_side":"buy","order_filled_timestamp":1764964800000,"ft_is_entry":true,"ft_order_tag":"","cost":311.8553638199999},{"amount":2241.0,"safe_price":0.13929831831831832,"ft_order_side":"sell","order_filled_timestamp":1764972000000,"ft_is_entry":false,"ft_order_tag":"roi","cost":312.4796988827026}],"funding_fees":0.0,"weekday":4},{"pair":"DOGE/USDT","stake_amount":311.53452,"max_stake_amount":311.53452,"amount":2244.0,"open_date":"2025-12-07 11:00:00+00:00","close_date":"2025-12-07 13:00:00+00:00","open_rate":0.13883,"close_rate":0.13972,"fee_open":0.001,"fee_close":0.001,"trade_duration":120,"profit_ratio":0.004399907518829942,"profit_abs":1.3720938,"exit_reason":"roi","initial_stop_loss_abs":0.13189,"initial_stop_loss_ratio":-0.05,"stop_loss_abs":0.13189,"stop_loss_ratio":-0.05,"min_rate":0.13785,"max_rate":0.1399,"is_open":false,"enter_tag":"","leverage":1.0,"is_short":false,"open_timestamp":1765105200000,"close_timestamp":1765112400000,"orders":[{"amount":2244.0,"safe_price":0.13883,"ft_order_side":"buy","order_filled_timestamp":1765105200000,"ft_is_entry":true,"ft_order_tag":"","cost":311.84605452},{"amount":2244.0,"safe_price":0.13972,"ft_order_side":"sell","order_filled_timestamp":1765112400000,"ft_is_entry":false,"ft_order_tag":"roi","cost":313.84521168000003}],"funding_fees":0.0,"weekday":6},{"pair":"DOGE/USDT","stake_amount":311.96048,"max_stake_amount":311.96048,"amount":2224.0,"open_date":"2025-12-09 11:00:00+00:00","close_date":"2025-12-09 13:00:00+00:00","open_rate":0.14027,"close_rate":0.14157,"fee_open":0.001,"fee_close":0.001,"trade_duration":120,"profit_ratio":0.007251321431117538,"profit_abs":2.26438784,"exit_reason":"roi","initial_stop_loss_abs":0.13326,"initial_stop_loss_ratio":-0.05,"stop_loss_abs":0.13326,"stop_loss_ratio":-0.05,"min_rate":0.13995,"max_rate":0.14244,"is_open":false,"enter_tag":"","leverage":1.0,"is_short":false,"open_timestamp":1765278000000,"close_timestamp":1765285200000,"orders":[{"amount":2224.0,"safe_price":0.14027,"ft_order_side":"buy","order_filled_timestamp":1765278000000,"ft_is_entry":true,"ft_order_tag":"","cost":312.27244048},{"amount":2224.0,"safe_price":0.14157,"ft_order_side":"sell","order_filled_timestamp":1765285200000,"ft_is_entry":false,"ft_order_tag":"roi","cost":315.16653167999993}],"funding_fees":0.0,"weekday":1},{"pair":"DOGE/USDT","stake_amount":312.74528,"max_stake_amount":312.74528,"amount":2144.0,"open_date":"2025-12-10 12:00:00+00:00","close_date":"2025-12-10 16:00:00+00:00","open_rate":0.14587,"close_rate":0.146162032032032,"fee_open":0.001,"fee_close":0.001,"trade_duration":240,"profit_ratio":0.0,"profit_abs":0.0,"exit_reason":"roi","initial_stop_loss_abs":0.13858,"initial_stop_loss_ratio":-0.05,"stop_loss_abs":0.13858,"stop_loss_ratio":-0.05,"min_rate":0.14456,"max_rate":0.14674,"is_open":false,"enter_tag":"","leverage":1.0,"is_short":false,"open_timestamp":1765368000000,"close_timestamp":1765382400000,"orders":[{"amount":2144.0,"safe_price":0.14587,"ft_order_side":"buy","order_filled_timestamp":1765368000000,"ft_is_entry":true,"ft_order_tag":"","cost":313.0580252799999},{"amount":2144.0,"safe_price":0.146162032032032,"ft_order_side":"sell","order_filled_timestamp":1765382400000,"ft_is_entry":false,"ft_order_tag":"roi","cost":313.68476807335327}],"funding_fees":0.0,"weekday":2},{"pair":"DOGE/USDT","stake_amount":312.73524,"max_stake_amount":312.73524,"amount":2252.0,"open_date":"2025-12-11 05:00:00+00:00","close_date":"2025-12-11 18:00:00+00:00","open_rate":0.13887,"close_rate":0.139148018018018,"fee_open":0.001,"fee_close":0.001,"trade_duration":780,"profit_ratio":0.0,"profit_abs":0.0,"exit_reason":"roi","initial_stop_loss_abs":0.13193,"initial_stop_loss_ratio":-0.05,"stop_loss_abs":0.13193,"stop_loss_ratio":-0.05,"min_rate":0.13623,"max_rate":0.13925,"is_open":false,"enter_tag":"","leverage":1.0,"is_short":false,"open_timestamp":1765429200000,"close_timestamp":1765476000000,"orders":[{"amount":2252.0,"safe_price":0.13887,"ft_order_side":"buy","order_filled_timestamp":1765429200000,"ft_is_entry":true,"ft_order_tag":"","cost":313.0479752399999},{"amount":2252.0,"safe_price":0.139148018018018,"ft_order_side":"sell","order_filled_timestamp":1765476000000,"ft_is_entry":false,"ft_order_tag":"roi","cost":313.674697913153}],"funding_fees":0.0,"weekday":3},{"pair":"DOGE/USDT","stake_amount":312.76545,"max_stake_amount":312.76545,"amount":2305.0,"open_date":"2025-12-12 18:00:00+00:00","close_date":"2025-12-12 20:00:00+00:00","open_rate":0.13569,"close_rate":0.13609,"fee_open":0.001,"fee_close":0.001,"trade_duration":120,"profit_ratio":0.0009440040392947755,"profit_abs":0.2955471,"exit_reason":"roi","initial_stop_loss_abs":0.12891,"initial_stop_loss_ratio":-0.05,"stop_loss_abs":0.12891,"stop_loss_ratio":-0.05,"min_rate":0.13547,"max_rate":0.13728,"is_open":false,"enter_tag":"","leverage":1.0,"is_short":false,"open_timestamp":1765562400000,"close_timestamp":1765569600000,"orders":[{"amount":2305.0,"safe_price":0.13569,"ft_order_side":"buy","order_filled_timestamp":1765562400000,"ft_is_entry":true,"ft_order_tag":"","cost":313.07821544999996},{"amount":2305.0,"safe_price":0.13609,"ft_order_side":"sell","order_filled_timestamp":1765569600000,"ft_is_entry":false,"ft_order_tag":"roi","cost":314.00113744999993}],"funding_fees":0.0,"weekday":4},{"pair":"DOGE/USDT","stake_amount":312.87248,"max_stake_amount":312.87248,"amount":2308.0,"open_date":"2025-12-14 17:00:00+00:00","close_date":"2025-12-15 01:00:00+00:00","open_rate":0.13556,"close_rate":0.1358313913913914,"fee_open":0.001,"fee_close":0.001,"trade_duration":480,"profit_ratio":0.0,"profit_abs":0.0,"exit_reason":"roi","initial_stop_loss_abs":0.12879,"initial_stop_loss_ratio":-0.05,"stop_loss_abs":0.12879,"stop_loss_ratio":-0.05,"min_rate":0.13261,"max_rate":0.13683,"is_open":false,"enter_tag":"","leverage":1.0,"is_short":false,"open_timestamp":1765731600000,"close_timestamp":1765760400000,"orders":[{"amount":2308.0,"safe_price":0.13556,"ft_order_side":"buy","order_filled_timestamp":1765731600000,"ft_is_entry":true,"ft_order_tag":"","cost":313.18535248},{"amount":2308.0,"safe_price":0.1358313913913914,"ft_order_side":"sell","order_filled_timestamp":1765760400000,"ft_is_entry":false,"ft_order_tag":"roi","cost":313.8123501826626}],"funding_fees":0.0,"weekday":0},{"pair":"DOGE/USDT","stake_amount":312.9108,"max_stake_amount":312.9108,"amount":2437.0,"open_date":"2025-12-15 19:00:00+00:00","close_date":"2025-12-15 21:00:00+00:00","open_rate":0.1284,"close_rate":0.12865705705705702,"fee_open":0.001,"fee_close":0.001,"trade_duration":120,"profit_ratio":0.0,"profit_abs":0.0,"exit_reason":"roi","initial_stop_loss_abs":0.12198,"initial_stop_loss_ratio":-0.05,"stop_loss_abs":0.12198,"stop_loss_ratio":-0.05,"min_rate":0.12752,"max_rate":0.12942,"is_open":false,"enter_tag":"","leverage":1.0,"is_short":false,"open_timestamp":1765825200000,"close_timestamp":1765832400000,"orders":[{"amount":2437.0,"safe_price":0.1284,"ft_order_side":"buy","order_filled_timestamp":1765825200000,"ft_is_entry":true,"ft_order_tag":"","cost":313.22371079999994},{"amount":2437.0,"safe_price":0.12865705705705702,"ft_order_side":"sell","order_filled_timestamp":1765832400000,"ft_is_entry":false,"ft_order_tag":"roi","cost":313.850785296096}],"funding_fees":0.0,"weekday":0},{"pair":"DOGE/USDT","stake_amount":312.92369,"max_stake_amount":312.92369,"amount":2411.0,"open_date":"2025-12-17 11:00:00+00:00","close_date":"2025-12-17 13:00:00+00:00","open_rate":0.12979,"close_rate":0.13015,"fee_open":0.001,"fee_close":0.001,"trade_duration":120,"profit_ratio":0.0007701675010404496,"profit_abs":0.24124466,"exit_reason":"roi","initial_stop_loss_abs":0.12331,"initial_stop_loss_ratio":-0.05,"stop_loss_abs":0.12331,"stop_loss_ratio":-0.05,"min_rate":0.12956,"max_rate":0.13136,"is_open":false,"enter_tag":"","leverage":1.0,"is_short":false,"open_timestamp":1765969200000,"close_timestamp":1765976400000,"orders":[{"amount":2411.0,"safe_price":0.12979,"ft_order_side":"buy","order_filled_timestamp":1765969200000,"ft_is_entry":true,"ft_order_tag":"","cost":313.23661368999996},{"amount":2411.0,"safe_price":0.13015,"ft_order_side":"sell","order_filled_timestamp":1765976400000,"ft_is_entry":false,"ft_order_tag":"roi","cost":314.10544164999993}],"funding_fees":0.0,"weekday":2},{"pair":"DOGE/USDT","stake_amount":312.9885,"max_stake_amount":312.9885,"amount":2475.0,"open_date":"2025-12-17 20:00:00+00:00","close_date":"2025-12-17 22:00:00+00:00","open_rate":0.12646,"close_rate":0.12671317317317315,"fee_open":0.001,"fee_close":0.001,"trade_duration":120,"profit_ratio":0.0,"profit_abs":0.0,"exit_reason":"roi","initial_stop_loss_abs":0.12014,"initial_stop_loss_ratio":-0.05,"stop_loss_abs":0.12014,"stop_loss_ratio":-0.05,"min_rate":0.12533,"max_rate":0.12782,"is_open":false,"enter_tag":"","leverage":1.0,"is_short":false,"open_timestamp":1766001600000,"close_timestamp":1766008800000,"orders":[{"amount":2475.0,"safe_price":0.12646,"ft_order_side":"buy","order_filled_timestamp":1766001600000,"ft_is_entry":true,"ft_order_tag":"","cost":313.30148849999995},{"amount":2475.0,"safe_price":0.12671317317317315,"ft_order_side":"sell","order_filled_timestamp":1766008800000,"ft_is_entry":false,"ft_order_tag":"roi","cost":313.92871870720717}],"funding_fees":0.0,"weekday":2},{"pair":"DOGE/USDT","stake_amount":312.949,"max_stake_amount":312.949,"amount":2470.0,"open_date":"2025-12-17 23:00:00+00:00","close_date":"2025-12-18 13:00:00+00:00","open_rate":0.1267,"close_rate":0.12695365365365363,"fee_open":0.001,"fee_close":0.001,"trade_duration":840,"profit_ratio":0.0,"profit_abs":0.0,"exit_reason":"roi","initial_stop_loss_abs":0.12037,"initial_stop_loss_ratio":-0.05,"stop_loss_abs":0.12037,"stop_loss_ratio":-0.05,"min_rate":0.12385,"max_rate":0.12972,"is_open":false,"enter_tag":"","leverage":1.0,"is_short":false,"open_timestamp":1766012400000,"close_timestamp":1766062800000,"orders":[{"amount":2470.0,"safe_price":0.1267,"ft_order_side":"buy","order_filled_timestamp":1766012400000,"ft_is_entry":true,"ft_order_tag":"","cost":313.26194899999996},{"amount":2470.0,"safe_price":0.12695365365365363,"ft_order_side":"sell","order_filled_timestamp":1766062800000,"ft_is_entry":false,"ft_order_tag":"roi","cost":313.889100049049}],"funding_fees":0.0,"weekday":3},{"pair":"DOGE/USDT","stake_amount":312.94098,"max_stake_amount":312.94098,"amount":2591.0,"open_date":"2025-12-18 21:00:00+00:00","close_date":"2025-12-18 23:00:00+00:00","open_rate":0.12078,"close_rate":0.12302,"fee_open":0.001,"fee_close":0.001,"trade_duration":120,"profit_ratio":0.016511059730135735,"profit_abs":5.1721542,"exit_reason":"roi","initial_stop_loss_abs":0.11475,"initial_stop_loss_ratio":-0.05,"stop_loss_abs":0.11475,"stop_loss_ratio":-0.05,"min_rate":0.12077,"max_rate":0.12373,"is_open":false,"enter_tag":"","leverage":1.0,"is_short":false,"open_timestamp":1766091600000,"close_timestamp":1766098800000,"orders":[{"amount":2591.0,"safe_price":0.12078,"ft_order_side":"buy","order_filled_timestamp":1766091600000,"ft_is_entry":true,"ft_order_tag":"","cost":313.2539209799999},{"amount":2591.0,"safe_price":0.12302,"ft_order_side":"sell","order_filled_timestamp":1766098800000,"ft_is_entry":false,"ft_order_tag":"roi","cost":319.06356481999995}],"funding_fees":0.0,"weekday":3},{"pair":"DOGE/USDT","stake_amount":314.64904,"max_stake_amount":314.64904,"amount":2588.0,"open_date":"2025-12-19 03:00:00+00:00","close_date":"2025-12-19 05:00:00+00:00","open_rate":0.12158,"close_rate":0.12612,"fee_open":0.001,"fee_close":0.001,"trade_duration":120,"profit_ratio":0.0352690573121565,"profit_abs":11.1084724,"exit_reason":"roi","initial_stop_loss_abs":0.11551,"initial_stop_loss_ratio":-0.05,"stop_loss_abs":0.11551,"stop_loss_ratio":-0.05,"min_rate":0.1215,"max_rate":0.1265,"is_open":false,"enter_tag":"","leverage":1.0,"is_short":false,"open_timestamp":1766113200000,"close_timestamp":1766120400000,"orders":[{"amount":2588.0,"safe_price":0.12158,"ft_order_side":"buy","order_filled_timestamp":1766113200000,"ft_is_entry":true,"ft_order_tag":"","cost":314.9636890399999},{"amount":2588.0,"safe_price":0.12612,"ft_order_side":"sell","order_filled_timestamp":1766120400000,"ft_is_entry":false,"ft_order_tag":"roi","cost":326.72495856}],"funding_fees":0.0,"weekday":4},{"pair":"DOGE/USDT","stake_amount":318.34768,"max_stake_amount":318.34768,"amount":2422.0,"open_date":"2025-12-22 22:00:00+00:00","close_date":"2025-12-23 00:00:00+00:00","open_rate":0.13144,"close_rate":0.13258,"fee_open":0.001,"fee_close":0.001,"trade_duration":120,"profit_ratio":0.006657827869026895,"profit_abs":2.12162356,"exit_reason":"roi","initial_stop_loss_abs":0.12487,"initial_stop_loss_ratio":-0.05,"stop_loss_abs":0.12487,"stop_loss_ratio":-0.05,"min_rate":0.13111,"max_rate":0.13342,"is_open":false,"enter_tag":"","leverage":1.0,"is_short":false,"open_timestamp":1766440800000,"close_timestamp":1766448000000,"orders":[{"amount":2422.0,"safe_price":0.13144,"ft_order_side":"buy","order_filled_timestamp":1766440800000,"ft_is_entry":true,"ft_order_tag":"","cost":318.66602768},{"amount":2422.0,"safe_price":0.13258,"ft_order_side":"sell","order_filled_timestamp":1766448000000,"ft_is_entry":false,"ft_order_tag":"roi","cost":321.42986876}],"funding_fees":0.0,"weekday":1},{"pair":"DOGE/USDT","stake_amount":319.00674,"max_stake_amount":319.00674,"amount":2449.0,"open_date":"2025-12-23 10:00:00+00:00","close_date":"2025-12-23 12:00:00+00:00","open_rate":0.13026,"close_rate":0.13111,"fee_open":0.001,"fee_close":0.001,"trade_duration":120,"profit_ratio":0.004514370935375081,"profit_abs":1.44155487,"exit_reason":"roi","initial_stop_loss_abs":0.12375,"initial_stop_loss_ratio":-0.05,"stop_loss_abs":0.12375,"stop_loss_ratio":-0.05,"min_rate":0.1301,"max_rate":0.1314,"is_open":false,"enter_tag":"","leverage":1.0,"is_short":false,"open_timestamp":1766484000000,"close_timestamp":1766491200000,"orders":[{"amount":2449.0,"safe_price":0.13026,"ft_order_side":"buy","order_filled_timestamp":1766484000000,"ft_is_entry":true,"ft_order_tag":"","cost":319.32574673999994},{"amount":2449.0,"safe_price":0.13111,"ft_order_side":"sell","order_filled_timestamp":1766491200000,"ft_is_entry":false,"ft_order_tag":"roi","cost":321.40947838999995}],"funding_fees":0.0,"weekday":1},{"pair":"DOGE/USDT","stake_amount":319.44942,"max_stake_amount":319.44942,"amount":2511.0,"open_date":"2025-12-24 09:00:00+00:00","close_date":"2025-12-24 11:00:00+00:00","open_rate":0.12722,"close_rate":0.12759,"fee_open":0.001,"fee_close":0.001,"trade_duration":120,"profit_ratio":0.0009045348614598733,"profit_abs":0.28924209,"exit_reason":"roi","initial_stop_loss_abs":0.12086,"initial_stop_loss_ratio":-0.05,"stop_loss_abs":0.12086,"stop_loss_ratio":-0.05,"min_rate":0.12722,"max_rate":0.12842,"is_open":false,"enter_tag":"","leverage":1.0,"is_short":false,"open_timestamp":1766566800000,"close_timestamp":1766574000000,"orders":[{"amount":2511.0,"safe_price":0.12722,"ft_order_side":"buy","order_filled_timestamp":1766566800000,"ft_is_entry":true,"ft_order_tag":"","cost":319.76886941999993},{"amount":2511.0,"safe_price":0.12759,"ft_order_side":"sell","order_filled_timestamp":1766574000000,"ft_is_entry":false,"ft_order_tag":"roi","cost":320.69886848999994}],"funding_fees":0.0,"weekday":2},{"pair":"DOGE/USDT","stake_amount":319.63968,"max_stake_amount":319.63968,"amount":2532.0,"open_date":"2025-12-25 12:00:00+00:00","close_date":"2025-12-25 14:00:00+00:00","open_rate":0.12624,"close_rate":0.12649273273273273,"fee_open":0.001,"fee_close":0.001,"trade_duration":120,"profit_ratio":0.0,"profit_abs":0.0,"exit_reason":"roi","initial_stop_loss_abs":0.11993,"initial_stop_loss_ratio":-0.05,"stop_loss_abs":0.11993,"stop_loss_ratio":-0.05,"min_rate":0.1259,"max_rate":0.1267,"is_open":false,"enter_tag":"","leverage":1.0,"is_short":false,"open_timestamp":1766664000000,"close_timestamp":1766671200000,"orders":[{"amount":2532.0,"safe_price":0.12624,"ft_order_side":"buy","order_filled_timestamp":1766664000000,"ft_is_entry":true,"ft_order_tag":"","cost":319.95931967999996},{"amount":2532.0,"safe_price":0.12649273273273273,"ft_order_side":"sell","order_filled_timestamp":1766671200000,"ft_is_entry":false,"ft_order_tag":"roi","cost":320.5998788785585}],"funding_fees":0.0,"weekday":3},{"pair":"DOGE/USDT","stake_amount":319.54293,"max_stake_amount":319.54293,"amount":2583.0,"open_date":"2025-12-26 01:00:00+00:00","close_date":"2025-12-26 03:00:00+00:00","open_rate":0.12371,"close_rate":0.12629,"fee_open":0.001,"fee_close":0.001,"trade_duration":120,"profit_ratio":0.018815555150532112,"profit_abs":6.01839,"exit_reason":"roi","initial_stop_loss_abs":0.11753,"initial_stop_loss_ratio":-0.05,"stop_loss_abs":0.11753,"stop_loss_ratio":-0.05,"min_rate":0.12358,"max_rate":0.12752,"is_open":false,"enter_tag":"","leverage":1.0,"is_short":false,"open_timestamp":1766710800000,"close_timestamp":1766718000000,"orders":[{"amount":2583.0,"safe_price":0.12371,"ft_order_side":"buy","order_filled_timestamp":1766710800000,"ft_is_entry":true,"ft_order_tag":"","cost":319.86247292999997},{"amount":2583.0,"safe_price":0.12629,"ft_order_side":"sell","order_filled_timestamp":1766718000000,"ft_is_entry":false,"ft_order_tag":"roi","cost":326.53327707}],"funding_fees":0.0,"weekday":4},{"pair":"DOGE/USDT","stake_amount":321.58972,"max_stake_amount":321.58972,"amount":2644.0,"open_date":"2025-12-26 18:00:00+00:00","close_date":"2025-12-26 20:00:00+00:00","open_rate":0.12163,"close_rate":0.12212,"fee_open":0.001,"fee_close":0.001,"trade_duration":120,"profit_ratio":0.0020225601907752693,"profit_abs":0.651085,"exit_reason":"roi","initial_stop_loss_abs":0.11555,"initial_stop_loss_ratio":-0.05,"stop_loss_abs":0.11555,"stop_loss_ratio":-0.05,"min_rate":0.12156,"max_rate":0.12262,"is_open":false,"enter_tag":"","leverage":1.0,"is_short":false,"open_timestamp":1766772000000,"close_timestamp":1766779200000,"orders":[{"amount":2644.0,"safe_price":0.12163,"ft_order_side":"buy","order_filled_timestamp":1766772000000,"ft_is_entry":true,"ft_order_tag":"","cost":321.91130971999996},{"amount":2644.0,"safe_price":0.12212,"ft_order_side":"sell","order_filled_timestamp":1766779200000,"ft_is_entry":false,"ft_order_tag":"roi","cost":323.20816528}],"funding_fees":0.0,"weekday":4},{"pair":"DOGE/USDT","stake_amount":321.73676,"max_stake_amount":321.73676,"amount":2606.0,"open_date":"2025-12-28 20:00:00+00:00","close_date":"2025-12-28 22:00:00+00:00","open_rate":0.12346,"close_rate":0.12370716716716716,"fee_open":0.001,"fee_close":0.001,"trade_duration":120,"profit_ratio":0.0,"profit_abs":0.0,"exit_reason":"roi","initial_stop_loss_abs":0.11729,"initial_stop_loss_ratio":-0.05,"stop_loss_abs":0.11729,"stop_loss_ratio":-0.05,"min_rate":0.12277,"max_rate":0.12407,"is_open":false,"enter_tag":"","leverage":1.0,"is_short":false,"open_timestamp":1766952000000,"close_timestamp":1766959200000,"orders":[{"amount":2606.0,"safe_price":0.12346,"ft_order_side":"buy","order_filled_timestamp":1766952000000,"ft_is_entry":true,"ft_order_tag":"","cost":322.05849675999997},{"amount":2606.0,"safe_price":0.12370716716716716,"ft_order_side":"sell","order_filled_timestamp":1766959200000,"ft_is_entry":false,"ft_order_tag":"roi","cost":322.70325851527525}],"funding_fees":0.0,"weekday":6},{"pair":"DOGE/USDT","stake_amount":321.77838,"max_stake_amount":321.77838,"amount":2618.0,"open_date":"2025-12-29 22:00:00+00:00","close_date":"2025-12-30 03:00:00+00:00","open_rate":0.12291,"close_rate":0.12315606606606606,"fee_open":0.001,"fee_close":0.001,"trade_duration":300,"profit_ratio":0.0,"profit_abs":0.0,"exit_reason":"roi","initial_stop_loss_abs":0.11677,"initial_stop_loss_ratio":-0.05,"stop_loss_abs":0.11677,"stop_loss_ratio":-0.05,"min_rate":0.12238,"max_rate":0.12374,"is_open":false,"enter_tag":"","leverage":1.0,"is_short":false,"open_timestamp":1767045600000,"close_timestamp":1767063600000,"orders":[{"amount":2618.0,"safe_price":0.12291,"ft_order_side":"buy","order_filled_timestamp":1767045600000,"ft_is_entry":true,"ft_order_tag":"","cost":322.10015838},{"amount":2618.0,"safe_price":0.12315606606606606,"ft_order_side":"sell","order_filled_timestamp":1767063600000,"ft_is_entry":false,"ft_order_tag":"roi","cost":322.74500354192185}],"funding_fees":0.0,"weekday":1},{"pair":"DOGE/USDT","stake_amount":321.77034,"max_stake_amount":321.77034,"amount":2619.0,"open_date":"2025-12-30 22:00:00+00:00","close_date":"2025-12-31 00:00:00+00:00","open_rate":0.12286,"close_rate":0.12335,"fee_open":0.001,"fee_close":0.001,"trade_duration":120,"profit_ratio":0.001982308754244291,"profit_abs":0.63848601,"exit_reason":"roi","initial_stop_loss_abs":0.11672,"initial_stop_loss_ratio":-0.05,"stop_loss_abs":0.11672,"stop_loss_ratio":-0.05,"min_rate":0.12281,"max_rate":0.12347,"is_open":false,"enter_tag":"","leverage":1.0,"is_short":false,"open_timestamp":1767132000000,"close_timestamp":1767139200000,"orders":[{"amount":2619.0,"safe_price":0.12286,"ft_order_side":"buy","order_filled_timestamp":1767132000000,"ft_is_entry":true,"ft_order_tag":"","cost":322.0921103399999},{"amount":2619.0,"safe_price":0.12335,"ft_order_side":"sell","order_filled_timestamp":1767139200000,"ft_is_entry":false,"ft_order_tag":"roi","cost":323.37670364999997}],"funding_fees":0.0,"weekday":2},{"pair":"DOGE/USDT","stake_amount":322.02342,"max_stake_amount":322.02342,"amount":2746.0,"open_date":"2025-12-31 20:00:00+00:00","close_date":"2025-12-31 22:00:00+00:00","open_rate":0.11727,"close_rate":0.11750477477477476,"fee_open":0.001,"fee_close":0.001,"trade_duration":120,"profit_ratio":0.0,"profit_abs":0.0,"exit_reason":"roi","initial_stop_loss_abs":0.11141,"initial_stop_loss_ratio":-0.05,"stop_loss_abs":0.11141,"stop_loss_ratio":-0.05,"min_rate":0.11612,"max_rate":0.11782,"is_open":false,"enter_tag":"","leverage":1.0,"is_short":false,"open_timestamp":1767211200000,"close_timestamp":1767218400000,"orders":[{"amount":2746.0,"safe_price":0.11727,"ft_order_side":"buy","order_filled_timestamp":1767211200000,"ft_is_entry":true,"ft_order_tag":"","cost":322.3454434199999},{"amount":2746.0,"safe_price":0.11750477477477476,"ft_order_side":"sell","order_filled_timestamp":1767218400000,"ft_is_entry":false,"ft_order_tag":"roi","cost":322.990779643063}],"funding_fees":0.0,"weekday":2},{"pair":"DOGE/USDT","stake_amount":321.98319,"max_stake_amount":321.98319,"amount":2151.0,"open_date":"2026-01-06 09:00:00+00:00","close_date":"2026-01-06 11:00:00+00:00","open_rate":0.14969,"close_rate":0.15066,"fee_open":0.001,"fee_close":0.001,"trade_duration":120,"profit_ratio":0.004469109619754286,"profit_abs":1.44041715,"exit_reason":"roi","initial_stop_loss_abs":0.14221,"initial_stop_loss_ratio":-0.05,"stop_loss_abs":0.14221,"stop_loss_ratio":-0.05,"min_rate":0.14954,"max_rate":0.15095,"is_open":false,"enter_tag":"","leverage":1.0,"is_short":false,"open_timestamp":1767690000000,"close_timestamp":1767697200000,"orders":[{"amount":2151.0,"safe_price":0.14969,"ft_order_side":"buy","order_filled_timestamp":1767690000000,"ft_is_entry":true,"ft_order_tag":"","cost":322.30517318999995},{"amount":2151.0,"safe_price":0.15066,"ft_order_side":"sell","order_filled_timestamp":1767697200000,"ft_is_entry":false,"ft_order_tag":"roi","cost":324.39372965999996}],"funding_fees":0.0,"weekday":1},{"pair":"DOGE/USDT","stake_amount":322.4154,"max_stake_amount":322.4154,"amount":2215.0,"open_date":"2026-01-06 19:00:00+00:00","close_date":"2026-01-06 20:00:00+00:00","open_rate":0.14556,"close_rate":0.14588,"fee_open":0.001,"fee_close":0.001,"trade_duration":60,"profit_ratio":0.00019601173764405421,"profit_abs":0.0632604,"exit_reason":"force_exit","initial_stop_loss_abs":0.13829,"initial_stop_loss_ratio":-0.05,"stop_loss_abs":0.13829,"stop_loss_ratio":-0.05,"min_rate":0.14528,"max_rate":0.14743,"is_open":false,"enter_tag":"","leverage":1.0,"is_short":false,"open_timestamp":1767726000000,"close_timestamp":1767729600000,"orders":[{"amount":2215.0,"safe_price":0.14556,"ft_order_side":"buy","order_filled_timestamp":1767726000000,"ft_is_entry":true,"ft_order_tag":"","cost":322.73781539999993},{"amount":2215.0,"safe_price":0.14588,"ft_order_side":"sell","order_filled_timestamp":1767729600000,"ft_is_entry":false,"ft_order_tag":"force_exit","cost":323.44732419999997}],"funding_fees":0.0,"weekday":1}],"locks":[],"best_pair":{"key":"DOGE/USDT","trades":62,"profit_mean":-0.001066707453675298,"profit_mean_pct":-0.11,"profit_total_abs":-22.54975741,"profit_total":-0.022549757410000003,"profit_total_pct":-2.25,"duration_avg":"4:06:00","wins":28,"draws":28,"losses":6,"winrate":0.45161290322580644,"cagr":-0.082243806351053,"expectancy":-0.36370576467741955,"expectancy_ratio":-0.4761104947061803,"sortino":-0.9745244252889408,"sharpe":-0.8132150634743619,"calmar":-7.24559662371457,"sqn":-0.5201,"profit_factor":0.7468582213694706,"max_drawdown_account":0.061297451643522856,"max_drawdown_abs":61.6650744},"worst_pair":{"key":"DOGE/USDT","trades":62,"profit_mean":-0.001066707453675298,"profit_mean_pct":-0.11,"profit_total_abs":-22.54975741,"profit_total":-0.022549757410000003,"profit_total_pct":-2.25,"duration_avg":"4:06:00","wins":28,"draws":28,"losses":6,"winrate":0.45161290322580644,"cagr":-0.082243806351053,"expectancy":-0.36370576467741955,"expectancy_ratio":-0.4761104947061803,"sortino":-0.9745244252889408,"sharpe":-0.8132150634743619,"calmar":-7.24559662371457,"sqn":-0.5201,"profit_factor":0.7468582213694706,"max_drawdown_account":0.061297451643522856,"max_drawdown_abs":61.6650744},"results_per_pair":[{"key":"DOGE/USDT","trades":62,"profit_mean":-0.001066707453675298,"profit_mean_pct":-0.11,"profit_total_abs":-22.54975741,"profit_total":-0.022549757410000003,"profit_total_pct":-2.25,"duration_avg":"4:06:00","wins":28,"draws":28,"losses":6,"winrate":0.45161290322580644,"cagr":-0.082243806351053,"expectancy":-0.36370576467741955,"expectancy_ratio":-0.4761104947061803,"sortino":-0.9745244252889408,"sharpe":-0.8132150634743619,"calmar":-7.24559662371457,"sqn":-0.5201,"profit_factor":0.7468582213694706,"max_drawdown_account":0.061297451643522856,"max_drawdown_abs":61.6650744},{"key":"TOTAL","trades":62,"profit_mean":-0.001066707453675298,"profit_mean_pct":-0.11,"profit_total_abs":-22.54975741,"profit_total":-0.022549757410000003,"profit_total_pct":-2.25,"duration_avg":"4:06:00","wins":28,"draws":28,"losses":6,"winrate":0.45161290322580644,"cagr":-0.082243806351053,"expectancy":-0.36370576467741955,"expectancy_ratio":-0.4761104947061803,"sortino":-0.9745244252889408,"sharpe":-0.8132150634743619,"calmar":-7.24559662371457,"sqn":-0.5201,"profit_factor":0.7468582213694706,"max_drawdown_account":0.061297451643522856,"max_drawdown_abs":61.6650744}],"results_per_enter_tag":[{"key":"","trades":62,"profit_mean":-0.001066707453675298,"profit_mean_pct":-0.11,"profit_total_abs":-22.54975741,"profit_total":-0.022549757410000003,"profit_total_pct":-2.25,"duration_avg":"4:06:00","wins":28,"draws":28,"losses":6,"winrate":0.45161290322580644,"cagr":-0.082243806351053,"expectancy":-0.36370576467741955,"expectancy_ratio":-0.4761104947061803,"sortino":-0.9745244252889408,"sharpe":-0.8132150634743619,"calmar":-7.24559662371457,"sqn":-0.5201,"profit_factor":0.7468582213694706,"max_drawdown_account":0.061297451643522856,"max_drawdown_abs":61.6650744},{"key":"TOTAL","trades":62,"profit_mean":-0.001066707453675298,"profit_mean_pct":-0.11,"profit_total_abs":-22.54975741,"profit_total":-0.022549757410000003,"profit_total_pct":-2.25,"duration_avg":"4:06:00","wins":28,"draws":28,"losses":6,"winrate":0.45161290322580644,"cagr":-0.082243806351053,"expectancy":-0.36370576467741955,"expectancy_ratio":-0.4761104947061803,"sortino":-0.9745244252889408,"sharpe":-0.8132150634743619,"calmar":-7.24559662371457,"sqn":-0.5201,"profit_factor":0.7468582213694706,"max_drawdown_account":0.061297451643522856,"max_drawdown_abs":61.6650744}],"exit_reason_summary":[{"key":"roi","trades":55,"profit_mean":0.0037669205142864225,"profit_mean_pct":0.38,"profit_total_abs":66.46653883999998,"profit_total":0.06646653883999998,"profit_total_pct":6.65,"duration_avg":"3:25:00","wins":27,"draws":28,"losses":0,"winrate":0.4909090909090909,"cagr":0.2739790055192475,"expectancy":1.208482524363636,"expectancy_ratio":100.0,"sortino":-100,"sharpe":5.344026519932366,"calmar":-100,"sqn":3.6252,"profit_factor":0.0,"max_drawdown_account":0.0,"max_drawdown_abs":0.0},{"key":"force_exit","trades":1,"profit_mean":0.00019601173764405421,"profit_mean_pct":0.02,"profit_total_abs":0.0632604,"profit_total":6.326039999999999e-05,"profit_total_pct":0.01,"duration_avg":"1:00:00","wins":1,"draws":0,"losses":0,"winrate":1.0,"cagr":0.0002380625147344606,"expectancy":0.0632604,"expectancy_ratio":100.0,"sortino":-100,"sharpe":-100,"calmar":-100,"sqn":-100.0,"profit_factor":0.0,"max_drawdown_account":0.0,"max_drawdown_abs":0.0},{"key":"exit_signal","trades":1,"profit_mean":-0.014141918568160987,"profit_mean_pct":-1.41,"profit_total_abs":-4.66963221,"profit_total":-0.00466963221,"profit_total_pct":-0.47,"duration_avg":"18:00:00","wins":0,"draws":0,"losses":1,"winrate":0.0,"cagr":-0.017458257731749804,"expectancy":-4.66963221,"expectancy_ratio":-1.0,"sortino":-100,"sharpe":-100,"calmar":-19.695848633549144,"sqn":-100.0,"profit_factor":0.0,"max_drawdown_account":0.004669632210000031,"max_drawdown_abs":4.66963221},{"key":"stop_loss","trades":5,"profit_mean":-0.051874116716620955,"profit_mean_pct":-5.19,"profit_total_abs":-84.40992444,"profit_total":-0.08440992443999999,"profit_total_pct":-8.44,"duration_avg":"9:24:00","wins":0,"draws":0,"losses":5,"winrate":0.0,"cagr":-0.28239493696317075,"expectancy":-16.881984887999998,"expectancy_ratio":-1.0,"sortino":-63.88853174753251,"sharpe":-63.88853174753251,"calmar":-19.69584863354929,"sqn":-129.7502,"profit_factor":0.0,"max_drawdown_account":0.08440992443999994,"max_drawdown_abs":84.40992444},{"key":"TOTAL","trades":62,"profit_mean":-0.001066707453675298,"profit_mean_pct":-0.11,"profit_total_abs":-22.54975741,"profit_total":-0.022549757410000003,"profit_total_pct":-2.25,"duration_avg":"4:06:00","wins":28,"draws":28,"losses":6,"winrate":0.45161290322580644,"cagr":-0.082243806351053,"expectancy":-0.36370576467741955,"expectancy_ratio":-0.4761104947061803,"sortino":-0.9745244252889408,"sharpe":-0.8132150634743619,"calmar":-7.24559662371457,"sqn":-0.5201,"profit_factor":0.7468582213694706,"max_drawdown_account":0.061297451643522856,"max_drawdown_abs":61.6650744}],"mix_tag_stats":[{"key":["","roi"],"trades":55,"profit_mean":0.0037669205142864225,"profit_mean_pct":0.38,"profit_total_abs":66.46653883999998,"profit_total":0.06646653883999998,"profit_total_pct":6.65,"duration_avg":"3:25:00","wins":27,"draws":28,"losses":0,"winrate":0.4909090909090909,"cagr":0.2739790055192475,"expectancy":1.208482524363636,"expectancy_ratio":100.0,"sortino":-100,"sharpe":5.344026519932366,"calmar":-100,"sqn":3.6252,"profit_factor":0.0,"max_drawdown_account":0.0,"max_drawdown_abs":0.0},{"key":["","force_exit"],"trades":1,"profit_mean":0.00019601173764405421,"profit_mean_pct":0.02,"profit_total_abs":0.0632604,"profit_total":6.326039999999999e-05,"profit_total_pct":0.01,"duration_avg":"1:00:00","wins":1,"draws":0,"losses":0,"winrate":1.0,"cagr":0.0002380625147344606,"expectancy":0.0632604,"expectancy_ratio":100.0,"sortino":-100,"sharpe":-100,"calmar":-100,"sqn":-100.0,"profit_factor":0.0,"max_drawdown_account":0.0,"max_drawdown_abs":0.0},{"key":["","exit_signal"],"trades":1,"profit_mean":-0.014141918568160987,"profit_mean_pct":-1.41,"profit_total_abs":-4.66963221,"profit_total":-0.00466963221,"profit_total_pct":-0.47,"duration_avg":"18:00:00","wins":0,"draws":0,"losses":1,"winrate":0.0,"cagr":-0.017458257731749804,"expectancy":-4.66963221,"expectancy_ratio":-1.0,"sortino":-100,"sharpe":-100,"calmar":-19.695848633549144,"sqn":-100.0,"profit_factor":0.0,"max_drawdown_account":0.004669632210000031,"max_drawdown_abs":4.66963221},{"key":["","stop_loss"],"trades":5,"profit_mean":-0.051874116716620955,"profit_mean_pct":-5.19,"profit_total_abs":-84.40992444,"profit_total":-0.08440992443999999,"profit_total_pct":-8.44,"duration_avg":"9:24:00","wins":0,"draws":0,"losses":5,"winrate":0.0,"cagr":-0.28239493696317075,"expectancy":-16.881984887999998,"expectancy_ratio":-1.0,"sortino":-63.88853174753251,"sharpe":-63.88853174753251,"calmar":-19.69584863354929,"sqn":-129.7502,"profit_factor":0.0,"max_drawdown_account":0.08440992443999994,"max_drawdown_abs":84.40992444},{"key":"TOTAL","trades":62,"profit_mean":-0.001066707453675298,"profit_mean_pct":-0.11,"profit_total_abs":-22.54975741,"profit_total":-0.022549757410000003,"profit_total_pct":-2.25,"duration_avg":"4:06:00","wins":28,"draws":28,"losses":6,"winrate":0.45161290322580644,"cagr":-0.082243806351053,"expectancy":-0.36370576467741955,"expectancy_ratio":-0.4761104947061803,"sortino":-0.9745244252889408,"sharpe":-0.8132150634743619,"calmar":-7.24559662371457,"sqn":-0.5201,"profit_factor":0.7468582213694706,"max_drawdown_account":0.061297451643522856,"max_drawdown_abs":61.6650744}],"left_open_trades":[{"key":"DOGE/USDT","trades":1,"profit_mean":0.00019601173764405421,"profit_mean_pct":0.02,"profit_total_abs":0.0632604,"profit_total":6.326039999999999e-05,"profit_total_pct":0.01,"duration_avg":"1:00:00","wins":1,"draws":0,"losses":0,"winrate":1.0,"cagr":0.0002380625147344606,"expectancy":0.0632604,"expectancy_ratio":100.0,"sortino":-100,"sharpe":-100,"calmar":-100,"sqn":-100.0,"profit_factor":0.0,"max_drawdown_account":0.0,"max_drawdown_abs":0.0},{"key":"TOTAL","trades":1,"profit_mean":0.00019601173764405421,"profit_mean_pct":0.02,"profit_total_abs":0.0632604,"profit_total":6.326039999999999e-05,"profit_total_pct":0.01,"duration_avg":"1:00:00","wins":1,"draws":0,"losses":0,"winrate":1.0,"cagr":0.0002380625147344606,"expectancy":0.0632604,"expectancy_ratio":100.0,"sortino":-100,"sharpe":-100,"calmar":-100,"sqn":-100.0,"profit_factor":0.0,"max_drawdown_account":0.0,"max_drawdown_abs":0.0}],"total_trades":62,"trade_count_long":62,"trade_count_short":0,"total_volume":39943.53809150409,"avg_stake_amount":321.6635530645162,"profit_mean":-0.001066707453675298,"profit_median":0.0,"profit_total":-0.022549757410000003,"profit_total_long":-0.022549757410000003,"profit_total_short":0.0,"profit_total_abs":-22.54975741,"profit_total_long_abs":-22.54975741,"profit_total_short_abs":0.0,"cagr":-0.082243806351053,"expectancy":-0.36370576467741955,"expectancy_ratio":-0.4761104947061803,"sortino":-0.9745244252889408,"sharpe":-0.8132150634743619,"calmar":-7.24559662371457,"sqn":-0.5201,"profit_factor":0.7468582213694706,"backtest_start":"2025-10-01 00:00:00","backtest_start_ts":1759276800000,"backtest_end":"2026-01-06 20:00:00","backtest_end_ts":1767729600000,"backtest_days":97,"backtest_run_start_ts":1767738891,"backtest_run_end_ts":1767738891,"trades_per_day":0.64,"market_change":-0.36632086436227446,"pairlist":["DOGE/USDT"],"stake_amount":"unlimited","stake_currency":"USDT","stake_currency_decimals":3,"starting_balance":1000,"dry_run_wallet":1000,"final_balance":977.45024259,"rejected_signals":0,"timedout_entry_orders":0,"timedout_exit_orders":0,"canceled_trade_entries":0,"canceled_entry_orders":0,"replaced_entry_orders":0,"max_open_trades":1,"max_open_trades_setting":3,"timeframe":"1h","timeframe_detail":"","timerange":"20251001-","enable_protections":false,"strategy_name":"ACO_29_20","freqaimodel":null,"freqai_identifier":null,"stoploss":-0.05,"trailing_stop":false,"trailing_stop_positive":null,"trailing_stop_positive_offset":0.0,"trailing_only_offset_is_reached":false,"use_custom_stoploss":false,"minimal_roi":{"0":0.1,"60":0.05,"120":0.0},"use_exit_signal":true,"exit_profit_only":false,"exit_profit_offset":0.0,"ignore_roi_if_entry_signal":false,"trading_mode":"spot","margin_mode":"","periodic_breakdown":{"day":[{"date":"05/10/2025","date_ts":1759622400000,"profit_abs":-4.66963221,"wins":0,"draws":0,"losses":1,"trades":1,"profit_factor":0.0},{"date":"06/10/2025","date_ts":1759708800000,"profit_abs":0.0,"wins":0,"draws":1,"losses":0,"trades":1,"profit_factor":0.0},{"date":"07/10/2025","date_ts":1759795200000,"profit_abs":0.0,"wins":0,"draws":1,"losses":0,"trades":1,"profit_factor":0.0},{"date":"08/10/2025","date_ts":1759881600000,"profit_abs":0.0,"wins":0,"draws":1,"losses":0,"trades":1,"profit_factor":0.0},{"date":"09/10/2025","date_ts":1759968000000,"profit_abs":3.13265458,"wins":2,"draws":0,"losses":0,"trades":2,"profit_factor":0.0},{"date":"10/10/2025","date_ts":1760054400000,"profit_abs":0.0,"wins":0,"draws":0,"losses":0,"trades":0,"profit_factor":0.0},{"date":"11/10/2025","date_ts":1760140800000,"profit_abs":0.0,"wins":0,"draws":0,"losses":0,"trades":0,"profit_factor":0.0},{"date":"12/10/2025","date_ts":1760227200000,"profit_abs":0.0,"wins":0,"draws":0,"losses":0,"trades":0,"profit_factor":0.0},{"date":"13/10/2025","date_ts":1760313600000,"profit_abs":0.0,"wins":0,"draws":0,"losses":0,"trades":0,"profit_factor":0.0},{"date":"14/10/2025","date_ts":1760400000000,"profit_abs":0.0,"wins":0,"draws":0,"losses":0,"trades":0,"profit_factor":0.0},{"date":"15/10/2025","date_ts":1760486400000,"profit_abs":0.05254488,"wins":1,"draws":0,"losses":0,"trades":1,"profit_factor":0.0},{"date":"16/10/2025","date_ts":1760572800000,"profit_abs":0.487832,"wins":1,"draws":0,"losses":0,"trades":1,"profit_factor":0.0},{"date":"17/10/2025","date_ts":1760659200000,"profit_abs":6.99395866,"wins":1,"draws":0,"losses":0,"trades":1,"profit_factor":0.0},{"date":"18/10/2025","date_ts":1760745600000,"profit_abs":0.0,"wins":0,"draws":0,"losses":0,"trades":0,"profit_factor":0.0},{"date":"19/10/2025","date_ts":1760832000000,"profit_abs":0.0,"wins":0,"draws":0,"losses":0,"trades":0,"profit_factor":0.0},{"date":"20/10/2025","date_ts":1760918400000,"profit_abs":0.0,"wins":0,"draws":0,"losses":0,"trades":0,"profit_factor":0.0},{"date":"21/10/2025","date_ts":1761004800000,"profit_abs":0.0,"wins":0,"draws":1,"losses":0,"trades":1,"profit_factor":0.0},{"date":"22/10/2025","date_ts":1761091200000,"profit_abs":-17.23425782,"wins":0,"draws":1,"losses":1,"trades":2,"profit_factor":0.0},{"date":"23/10/2025","date_ts":1761177600000,"profit_abs":0.0,"wins":0,"draws":0,"losses":0,"trades":0,"profit_factor":0.0},{"date":"24/10/2025","date_ts":1761264000000,"profit_abs":0.0,"wins":0,"draws":1,"losses":0,"trades":1,"profit_factor":0.0},{"date":"25/10/2025","date_ts":1761350400000,"profit_abs":1.53530496,"wins":1,"draws":0,"losses":0,"trades":1,"profit_factor":0.0},{"date":"26/10/2025","date_ts":1761436800000,"profit_abs":0.86947575,"wins":1,"draws":0,"losses":0,"trades":1,"profit_factor":0.0},{"date":"27/10/2025","date_ts":1761523200000,"profit_abs":0.0,"wins":0,"draws":0,"losses":0,"trades":0,"profit_factor":0.0},{"date":"28/10/2025","date_ts":1761609600000,"profit_abs":0.0,"wins":0,"draws":1,"losses":0,"trades":1,"profit_factor":0.0},{"date":"29/10/2025","date_ts":1761696000000,"profit_abs":0.0,"wins":0,"draws":0,"losses":0,"trades":0,"profit_factor":0.0},{"date":"30/10/2025","date_ts":1761782400000,"profit_abs":0.0,"wins":0,"draws":1,"losses":0,"trades":1,"profit_factor":0.0},{"date":"31/10/2025","date_ts":1761868800000,"profit_abs":0.0,"wins":0,"draws":0,"losses":0,"trades":0,"profit_factor":0.0},{"date":"01/11/2025","date_ts":1761955200000,"profit_abs":0.0,"wins":0,"draws":0,"losses":0,"trades":0,"profit_factor":0.0},{"date":"02/11/2025","date_ts":1762041600000,"profit_abs":0.0,"wins":0,"draws":0,"losses":0,"trades":0,"profit_factor":0.0},{"date":"03/11/2025","date_ts":1762128000000,"profit_abs":-16.9693927,"wins":0,"draws":0,"losses":1,"trades":1,"profit_factor":0.0},{"date":"04/11/2025","date_ts":1762214400000,"profit_abs":0.0,"wins":0,"draws":0,"losses":0,"trades":0,"profit_factor":0.0},{"date":"05/11/2025","date_ts":1762300800000,"profit_abs":0.0,"wins":0,"draws":0,"losses":0,"trades":0,"profit_factor":0.0},{"date":"06/11/2025","date_ts":1762387200000,"profit_abs":0.0,"wins":0,"draws":1,"losses":0,"trades":1,"profit_factor":0.0},{"date":"07/11/2025","date_ts":1762473600000,"profit_abs":0.0,"wins":0,"draws":0,"losses":0,"trades":0,"profit_factor":0.0},{"date":"08/11/2025","date_ts":1762560000000,"profit_abs":1.51012686,"wins":1,"draws":0,"losses":0,"trades":1,"profit_factor":0.0},{"date":"09/11/2025","date_ts":1762646400000,"profit_abs":0.0,"wins":0,"draws":0,"losses":0,"trades":0,"profit_factor":0.0},{"date":"10/11/2025","date_ts":1762732800000,"profit_abs":0.0,"wins":0,"draws":0,"losses":0,"trades":0,"profit_factor":0.0},{"date":"11/11/2025","date_ts":1762819200000,"profit_abs":0.0,"wins":0,"draws":1,"losses":0,"trades":1,"profit_factor":0.0},{"date":"12/11/2025","date_ts":1762905600000,"profit_abs":0.0,"wins":0,"draws":2,"losses":0,"trades":2,"profit_factor":0.0},{"date":"13/11/2025","date_ts":1762992000000,"profit_abs":0.0,"wins":0,"draws":0,"losses":0,"trades":0,"profit_factor":0.0},{"date":"14/11/2025","date_ts":1763078400000,"profit_abs":5.21201778,"wins":2,"draws":0,"losses":0,"trades":2,"profit_factor":0.0},{"date":"15/11/2025","date_ts":1763164800000,"profit_abs":0.0,"wins":0,"draws":0,"losses":0,"trades":0,"profit_factor":0.0},{"date":"16/11/2025","date_ts":1763251200000,"profit_abs":0.26527128,"wins":1,"draws":0,"losses":0,"trades":1,"profit_factor":0.0},{"date":"17/11/2025","date_ts":1763337600000,"profit_abs":0.0,"wins":0,"draws":0,"losses":0,"trades":0,"profit_factor":0.0},{"date":"18/11/2025","date_ts":1763424000000,"profit_abs":0.0,"wins":0,"draws":1,"losses":0,"trades":1,"profit_factor":0.0},{"date":"19/11/2025","date_ts":1763510400000,"profit_abs":10.97729025,"wins":1,"draws":0,"losses":0,"trades":1,"profit_factor":0.0},{"date":"20/11/2025","date_ts":1763596800000,"profit_abs":0.0,"wins":0,"draws":0,"losses":0,"trades":0,"profit_factor":0.0},{"date":"21/11/2025","date_ts":1763683200000,"profit_abs":-16.99179744,"wins":0,"draws":0,"losses":1,"trades":1,"profit_factor":0.0},{"date":"22/11/2025","date_ts":1763769600000,"profit_abs":0.0,"wins":0,"draws":0,"losses":0,"trades":0,"profit_factor":0.0},{"date":"23/11/2025","date_ts":1763856000000,"profit_abs":0.0,"wins":0,"draws":0,"losses":0,"trades":0,"profit_factor":0.0},{"date":"24/11/2025","date_ts":1763942400000,"profit_abs":0.0,"wins":0,"draws":0,"losses":0,"trades":0,"profit_factor":0.0},{"date":"25/11/2025","date_ts":1764028800000,"profit_abs":0.0,"wins":0,"draws":1,"losses":0,"trades":1,"profit_factor":0.0},{"date":"26/11/2025","date_ts":1764115200000,"profit_abs":0.0,"wins":0,"draws":1,"losses":0,"trades":1,"profit_factor":0.0},{"date":"27/11/2025","date_ts":1764201600000,"profit_abs":2.19942396,"wins":1,"draws":0,"losses":0,"trades":1,"profit_factor":0.0},{"date":"28/11/2025","date_ts":1764288000000,"profit_abs":0.0,"wins":0,"draws":1,"losses":0,"trades":1,"profit_factor":0.0},{"date":"29/11/2025","date_ts":1764374400000,"profit_abs":0.0,"wins":0,"draws":0,"losses":0,"trades":0,"profit_factor":0.0},{"date":"30/11/2025","date_ts":1764460800000,"profit_abs":0.0,"wins":0,"draws":0,"losses":0,"trades":0,"profit_factor":0.0},{"date":"01/12/2025","date_ts":1764547200000,"profit_abs":-16.57930728,"wins":1,"draws":0,"losses":1,"trades":2,"profit_factor":0.01050054},{"date":"02/12/2025","date_ts":1764633600000,"profit_abs":0.0,"wins":0,"draws":0,"losses":0,"trades":0,"profit_factor":0.0},{"date":"03/12/2025","date_ts":1764720000000,"profit_abs":0.0,"wins":0,"draws":0,"losses":0,"trades":0,"profit_factor":0.0},{"date":"04/12/2025","date_ts":1764806400000,"profit_abs":0.0,"wins":0,"draws":1,"losses":0,"trades":1,"profit_factor":0.0},{"date":"05/12/2025","date_ts":1764892800000,"profit_abs":-16.45923,"wins":0,"draws":1,"losses":1,"trades":2,"profit_factor":0.0},{"date":"06/12/2025","date_ts":1764979200000,"profit_abs":0.0,"wins":0,"draws":0,"losses":0,"trades":0,"profit_factor":0.0},{"date":"07/12/2025","date_ts":1765065600000,"profit_abs":1.3720938,"wins":1,"draws":0,"losses":0,"trades":1,"profit_factor":0.0},{"date":"08/12/2025","date_ts":1765152000000,"profit_abs":0.0,"wins":0,"draws":0,"losses":0,"trades":0,"profit_factor":0.0},{"date":"09/12/2025","date_ts":1765238400000,"profit_abs":2.26438784,"wins":1,"draws":0,"losses":0,"trades":1,"profit_factor":0.0},{"date":"10/12/2025","date_ts":1765324800000,"profit_abs":0.0,"wins":0,"draws":1,"losses":0,"trades":1,"profit_factor":0.0},{"date":"11/12/2025","date_ts":1765411200000,"profit_abs":0.0,"wins":0,"draws":1,"losses":0,"trades":1,"profit_factor":0.0},{"date":"12/12/2025","date_ts":1765497600000,"profit_abs":0.2955471,"wins":1,"draws":0,"losses":0,"trades":1,"profit_factor":0.0},{"date":"13/12/2025","date_ts":1765584000000,"profit_abs":0.0,"wins":0,"draws":0,"losses":0,"trades":0,"profit_factor":0.0},{"date":"14/12/2025","date_ts":1765670400000,"profit_abs":0.0,"wins":0,"draws":0,"losses":0,"trades":0,"profit_factor":0.0},{"date":"15/12/2025","date_ts":1765756800000,"profit_abs":0.0,"wins":0,"draws":2,"losses":0,"trades":2,"profit_factor":0.0},{"date":"16/12/2025","date_ts":1765843200000,"profit_abs":0.0,"wins":0,"draws":0,"losses":0,"trades":0,"profit_factor":0.0},{"date":"17/12/2025","date_ts":1765929600000,"profit_abs":0.24124466,"wins":1,"draws":1,"losses":0,"trades":2,"profit_factor":0.0},{"date":"18/12/2025","date_ts":1766016000000,"profit_abs":5.1721542,"wins":1,"draws":1,"losses":0,"trades":2,"profit_factor":0.0},{"date":"19/12/2025","date_ts":1766102400000,"profit_abs":11.1084724,"wins":1,"draws":0,"losses":0,"trades":1,"profit_factor":0.0},{"date":"20/12/2025","date_ts":1766188800000,"profit_abs":0.0,"wins":0,"draws":0,"losses":0,"trades":0,"profit_factor":0.0},{"date":"21/12/2025","date_ts":1766275200000,"profit_abs":0.0,"wins":0,"draws":0,"losses":0,"trades":0,"profit_factor":0.0},{"date":"22/12/2025","date_ts":1766361600000,"profit_abs":0.0,"wins":0,"draws":0,"losses":0,"trades":0,"profit_factor":0.0},{"date":"23/12/2025","date_ts":1766448000000,"profit_abs":3.56317843,"wins":2,"draws":0,"losses":0,"trades":2,"profit_factor":0.0},{"date":"24/12/2025","date_ts":1766534400000,"profit_abs":0.28924209,"wins":1,"draws":0,"losses":0,"trades":1,"profit_factor":0.0},{"date":"25/12/2025","date_ts":1766620800000,"profit_abs":0.0,"wins":0,"draws":1,"losses":0,"trades":1,"profit_factor":0.0},{"date":"26/12/2025","date_ts":1766707200000,"profit_abs":6.669475,"wins":2,"draws":0,"losses":0,"trades":2,"profit_factor":0.0},{"date":"27/12/2025","date_ts":1766793600000,"profit_abs":0.0,"wins":0,"draws":0,"losses":0,"trades":0,"profit_factor":0.0},{"date":"28/12/2025","date_ts":1766880000000,"profit_abs":0.0,"wins":0,"draws":1,"losses":0,"trades":1,"profit_factor":0.0},{"date":"29/12/2025","date_ts":1766966400000,"profit_abs":0.0,"wins":0,"draws":0,"losses":0,"trades":0,"profit_factor":0.0},{"date":"30/12/2025","date_ts":1767052800000,"profit_abs":0.0,"wins":0,"draws":1,"losses":0,"trades":1,"profit_factor":0.0},{"date":"31/12/2025","date_ts":1767139200000,"profit_abs":0.63848601,"wins":1,"draws":1,"losses":0,"trades":2,"profit_factor":0.0},{"date":"01/01/2026","date_ts":1767225600000,"profit_abs":0.0,"wins":0,"draws":0,"losses":0,"trades":0,"profit_factor":0.0},{"date":"02/01/2026","date_ts":1767312000000,"profit_abs":0.0,"wins":0,"draws":0,"losses":0,"trades":0,"profit_factor":0.0},{"date":"03/01/2026","date_ts":1767398400000,"profit_abs":0.0,"wins":0,"draws":0,"losses":0,"trades":0,"profit_factor":0.0},{"date":"04/01/2026","date_ts":1767484800000,"profit_abs":0.0,"wins":0,"draws":0,"losses":0,"trades":0,"profit_factor":0.0},{"date":"05/01/2026","date_ts":1767571200000,"profit_abs":0.0,"wins":0,"draws":0,"losses":0,"trades":0,"profit_factor":0.0},{"date":"06/01/2026","date_ts":1767657600000,"profit_abs":1.50367755,"wins":2,"draws":0,"losses":0,"trades":2,"profit_factor":0.0}],"week":[{"date":"06/10/2025","date_ts":1759708800000,"profit_abs":-4.66963221,"wins":0,"draws":1,"losses":1,"trades":2,"profit_factor":0.0},{"date":"13/10/2025","date_ts":1760313600000,"profit_abs":3.13265458,"wins":2,"draws":2,"losses":0,"trades":4,"profit_factor":0.0},{"date":"20/10/2025","date_ts":1760918400000,"profit_abs":7.53433554,"wins":3,"draws":0,"losses":0,"trades":3,"profit_factor":0.0},{"date":"27/10/2025","date_ts":1761523200000,"profit_abs":-14.82947711,"wins":2,"draws":3,"losses":1,"trades":6,"profit_factor":0.13953492},{"date":"03/11/2025","date_ts":1762128000000,"profit_abs":-16.9693927,"wins":0,"draws":2,"losses":1,"trades":3,"profit_factor":0.0},{"date":"10/11/2025","date_ts":1762732800000,"profit_abs":1.51012686,"wins":1,"draws":1,"losses":0,"trades":2,"profit_factor":0.0},{"date":"17/11/2025","date_ts":1763337600000,"profit_abs":5.47728906,"wins":3,"draws":3,"losses":0,"trades":6,"profit_factor":0.0},{"date":"24/11/2025","date_ts":1763942400000,"profit_abs":-6.01450719,"wins":1,"draws":1,"losses":1,"trades":3,"profit_factor":0.64603467},{"date":"01/12/2025","date_ts":1764547200000,"profit_abs":-14.37988332,"wins":2,"draws":3,"losses":1,"trades":6,"profit_factor":0.14176832},{"date":"08/12/2025","date_ts":1765152000000,"profit_abs":-15.0871362,"wins":1,"draws":2,"losses":1,"trades":4,"profit_factor":0.08336318},{"date":"15/12/2025","date_ts":1765756800000,"profit_abs":2.55993494,"wins":2,"draws":4,"losses":0,"trades":6,"profit_factor":0.0},{"date":"22/12/2025","date_ts":1766361600000,"profit_abs":16.52187126,"wins":3,"draws":2,"losses":0,"trades":5,"profit_factor":0.0},{"date":"29/12/2025","date_ts":1766966400000,"profit_abs":10.52189552,"wins":5,"draws":2,"losses":0,"trades":7,"profit_factor":0.0},{"date":"05/01/2026","date_ts":1767571200000,"profit_abs":0.63848601,"wins":1,"draws":2,"losses":0,"trades":3,"profit_factor":0.0},{"date":"12/01/2026","date_ts":1768176000000,"profit_abs":1.50367755,"wins":2,"draws":0,"losses":0,"trades":2,"profit_factor":0.0}],"month":[{"date":"31/10/2025","date_ts":1761868800000,"profit_abs":-8.8321192,"wins":7,"draws":8,"losses":2,"trades":17,"profit_factor":0.59677851},{"date":"30/11/2025","date_ts":1764460800000,"profit_abs":-13.79706001,"wins":6,"draws":8,"losses":2,"trades":16,"profit_factor":0.59374039},{"date":"31/12/2025","date_ts":1767139200000,"profit_abs":-1.42425575,"wins":13,"draws":12,"losses":2,"trades":27,"profit_factor":0.95711943},{"date":"31/01/2026","date_ts":1769817600000,"profit_abs":1.50367755,"wins":2,"draws":0,"losses":0,"trades":2,"profit_factor":0.0}],"year":[{"date":"31/12/2025","date_ts":1767139200000,"profit_abs":-24.05343496,"wins":26,"draws":28,"losses":6,"trades":60,"profit_factor":0.72997806},{"date":"31/12/2026","date_ts":1798675200000,"profit_abs":1.50367755,"wins":2,"draws":0,"losses":0,"trades":2,"profit_factor":0.0}],"weekday":[{"date":"Monday","date_ts":0,"profit_abs":-33.54869998,"wins":1,"draws":3,"losses":2,"trades":6,"profit_factor":0.00521693},{"date":"Tuesday","date_ts":1,"profit_abs":7.33124382,"wins":5,"draws":7,"losses":0,"trades":12,"profit_factor":0.0},{"date":"Wednesday","date_ts":2,"profit_abs":-5.03544993,"wins":5,"draws":8,"losses":1,"trades":14,"profit_factor":0.70782322},{"date":"Thursday","date_ts":3,"profit_abs":10.99206474,"wins":5,"draws":6,"losses":0,"trades":11,"profit_factor":0.0},{"date":"Friday","date_ts":4,"profit_abs":-3.1715565,"wins":7,"draws":3,"losses":2,"trades":12,"profit_factor":0.90518807},{"date":"Saturday","date_ts":5,"profit_abs":3.04543182,"wins":2,"draws":0,"losses":0,"trades":2,"profit_factor":0.0},{"date":"Sunday","date_ts":6,"profit_abs":-2.16279138,"wins":3,"draws":1,"losses":1,"trades":5,"profit_factor":0.53683903}]},"backtest_best_day":0.0352690573121565,"backtest_worst_day":-0.05188785757457488,"backtest_best_day_abs":11.1084724,"backtest_worst_day_abs":-17.23425782,"winning_days":22,"draw_days":66,"losing_days":6,"daily_profit":[["2025-10-05",-4.66963221],["2025-10-06",0.0],["2025-10-07",0.0],["2025-10-08",0.0],["2025-10-09",3.13265458],["2025-10-10",0.0],["2025-10-11",0.0],["2025-10-12",0.0],["2025-10-13",0.0],["2025-10-14",0.0],["2025-10-15",0.05254488],["2025-10-16",0.487832],["2025-10-17",6.99395866],["2025-10-18",0.0],["2025-10-19",0.0],["2025-10-20",0.0],["2025-10-21",0.0],["2025-10-22",-17.23425782],["2025-10-23",0.0],["2025-10-24",0.0],["2025-10-25",1.53530496],["2025-10-26",0.86947575],["2025-10-27",0.0],["2025-10-28",0.0],["2025-10-29",0.0],["2025-10-30",0.0],["2025-10-31",0.0],["2025-11-01",0.0],["2025-11-02",0.0],["2025-11-03",-16.9693927],["2025-11-04",0.0],["2025-11-05",0.0],["2025-11-06",0.0],["2025-11-07",0.0],["2025-11-08",1.51012686],["2025-11-09",0.0],["2025-11-10",0.0],["2025-11-11",0.0],["2025-11-12",0.0],["2025-11-13",0.0],["2025-11-14",5.21201778],["2025-11-15",0.0],["2025-11-16",0.26527128],["2025-11-17",0.0],["2025-11-18",0.0],["2025-11-19",10.97729025],["2025-11-20",0.0],["2025-11-21",-16.99179744],["2025-11-22",0.0],["2025-11-23",0.0],["2025-11-24",0.0],["2025-11-25",0.0],["2025-11-26",0.0],["2025-11-27",2.19942396],["2025-11-28",0.0],["2025-11-29",0.0],["2025-11-30",0.0],["2025-12-01",-16.57930728],["2025-12-02",0.0],["2025-12-03",0.0],["2025-12-04",0.0],["2025-12-05",-16.45923],["2025-12-06",0.0],["2025-12-07",1.3720938],["2025-12-08",0.0],["2025-12-09",2.26438784],["2025-12-10",0.0],["2025-12-11",0.0],["2025-12-12",0.2955471],["2025-12-13",0.0],["2025-12-14",0.0],["2025-12-15",0.0],["2025-12-16",0.0],["2025-12-17",0.24124466],["2025-12-18",5.1721542],["2025-12-19",11.1084724],["2025-12-20",0.0],["2025-12-21",0.0],["2025-12-22",0.0],["2025-12-23",3.56317843],["2025-12-24",0.28924209],["2025-12-25",0.0],["2025-12-26",6.669475],["2025-12-27",0.0],["2025-12-28",0.0],["2025-12-29",0.0],["2025-12-30",0.0],["2025-12-31",0.63848601],["2026-01-01",0.0],["2026-01-02",0.0],["2026-01-03",0.0],["2026-01-04",0.0],["2026-01-05",0.0],["2026-01-06",1.50367755]],"wins":28,"losses":6,"draws":28,"winrate":0.45161290322580644,"holding_avg":"4:06:00","holding_avg_s":14760.0,"winner_holding_min":"0d 01:00","winner_holding_min_s":3600.0,"winner_holding_max":"0d 02:00","winner_holding_max_s":7200.0,"winner_holding_avg":"0d 01:58","winner_holding_avg_s":7080.0,"loser_holding_min":"0d 03:00","loser_holding_min_s":10800.0,"loser_holding_max":"0d 18:00","loser_holding_max_s":64800.0,"loser_holding_avg":"0d 10:50","loser_holding_avg_s":39000.0,"max_consecutive_wins":5,"max_consecutive_losses":4,"max_drawdown_account":0.061297451643522856,"max_relative_drawdown":0.061297451643522856,"max_drawdown_abs":61.6650744,"drawdown_start":"2025-10-17 12:00:00","drawdown_start_ts":1760702400000.0,"drawdown_end":"2025-12-05 16:00:00","drawdown_end_ts":1764950400000.0,"drawdown_duration":"49 days 04:00:00","drawdown_duration_s":4248000.0,"max_drawdown_low":-55.667716490000004,"max_drawdown_high":5.99735791,"csum_min":944.33228351,"csum_max":1005.99735791}},"strategy_comparison":[{"key":"ACO_29_20","trades":62,"profit_mean":-0.001066707453675298,"profit_mean_pct":-0.11,"profit_total_abs":-22.54975741,"profit_total":-0.022549757410000003,"profit_total_pct":-2.25,"duration_avg":"4:06:00","wins":28,"draws":28,"losses":6,"winrate":0.45161290322580644,"cagr":-0.082243806351053,"expectancy":-0.36370576467741955,"expectancy_ratio":-0.4761104947061803,"sortino":-0.9745244252889408,"sharpe":-0.8132150634743619,"calmar":-7.24559662371457,"sqn":-0.5201,"profit_factor":0.7468582213694706,"max_drawdown_account":0.061297451643522856,"max_drawdown_abs":"61.665"}]}