{"strategy":{"ACO_4_5":{"trades":[{"pair":"DOGE/USDT","stake_amount":329.89066,"max_stake_amount":329.89066,"amount":1682.0,"open_date":"2025-10-26 07:00:00+00:00","close_date":"2025-10-26 09:00:00+00:00","open_rate":0.19613,"close_rate":0.19709,"fee_open":0.001,"fee_close":0.001,"trade_duration":120,"profit_ratio":0.0028869310468249945,"profit_abs":0.95332396,"exit_reason":"roi","initial_stop_loss_abs":0.18633,"initial_stop_loss_ratio":-0.05,"stop_loss_abs":0.18633,"stop_loss_ratio":-0.05,"min_rate":0.19594,"max_rate":0.20094,"is_open":false,"enter_tag":"","leverage":1.0,"is_short":false,"open_timestamp":1761462000000,"close_timestamp":1761469200000,"orders":[{"amount":1682.0,"safe_price":0.19613,"ft_order_side":"buy","order_filled_timestamp":1761462000000,"ft_is_entry":true,"ft_order_tag":"","cost":330.22055066},{"amount":1682.0,"safe_price":0.19709,"ft_order_side":"sell","order_filled_timestamp":1761469200000,"ft_is_entry":false,"ft_order_tag":"roi","cost":331.83688537999996}],"funding_fees":0.0,"weekday":6},{"pair":"DOGE/USDT","stake_amount":330.2677,"max_stake_amount":330.2677,"amount":1897.0,"open_date":"2025-11-12 09:00:00+00:00","close_date":"2025-11-12 11:00:00+00:00","open_rate":0.1741,"close_rate":0.1764,"fee_open":0.001,"fee_close":0.001,"trade_duration":120,"profit_ratio":0.011186401192145017,"profit_abs":3.6982015,"exit_reason":"roi","initial_stop_loss_abs":0.1654,"initial_stop_loss_ratio":-0.05,"stop_loss_abs":0.1654,"stop_loss_ratio":-0.05,"min_rate":0.17404,"max_rate":0.17713,"is_open":false,"enter_tag":"","leverage":1.0,"is_short":false,"open_timestamp":1762938000000,"close_timestamp":1762945200000,"orders":[{"amount":1897.0,"safe_price":0.1741,"ft_order_side":"buy","order_filled_timestamp":1762938000000,"ft_is_entry":true,"ft_order_tag":"","cost":330.59796769999997},{"amount":1897.0,"safe_price":0.1764,"ft_order_side":"sell","order_filled_timestamp":1762945200000,"ft_is_entry":false,"ft_order_tag":"roi","cost":334.9654308}],"funding_fees":0.0,"weekday":2},{"pair":"DOGE/USDT","stake_amount":331.444,"max_stake_amount":331.444,"amount":2150.0,"open_date":"2025-11-19 22:00:00+00:00","close_date":"2025-11-20 00:00:00+00:00","open_rate":0.15416,"close_rate":0.15459,"fee_open":0.001,"fee_close":0.001,"trade_duration":120,"profit_ratio":0.0007857347634202851,"profit_abs":0.2606875,"exit_reason":"roi","initial_stop_loss_abs":0.14646,"initial_stop_loss_ratio":-0.05,"stop_loss_abs":0.14646,"stop_loss_ratio":-0.05,"min_rate":0.15263,"max_rate":0.15538,"is_open":false,"enter_tag":"","leverage":1.0,"is_short":false,"open_timestamp":1763589600000,"close_timestamp":1763596800000,"orders":[{"amount":2150.0,"safe_price":0.15416,"ft_order_side":"buy","order_filled_timestamp":1763589600000,"ft_is_entry":true,"ft_order_tag":"","cost":331.77544399999994},{"amount":2150.0,"safe_price":0.15459,"ft_order_side":"sell","order_filled_timestamp":1763596800000,"ft_is_entry":false,"ft_order_tag":"roi","cost":332.70086849999996}],"funding_fees":0.0,"weekday":3},{"pair":"DOGE/USDT","stake_amount":331.50316,"max_stake_amount":331.50316,"amount":2164.0,"open_date":"2025-11-28 09:00:00+00:00","close_date":"2025-11-28 14:00:00+00:00","open_rate":0.15319,"close_rate":0.15349668668668665,"fee_open":0.001,"fee_close":0.001,"trade_duration":300,"profit_ratio":0.0,"profit_abs":0.0,"exit_reason":"roi","initial_stop_loss_abs":0.14554,"initial_stop_loss_ratio":-0.05,"stop_loss_abs":0.14554,"stop_loss_ratio":-0.05,"min_rate":0.14975,"max_rate":0.15395,"is_open":false,"enter_tag":"","leverage":1.0,"is_short":false,"open_timestamp":1764320400000,"close_timestamp":1764338400000,"orders":[{"amount":2164.0,"safe_price":0.15319,"ft_order_side":"buy","order_filled_timestamp":1764320400000,"ft_is_entry":true,"ft_order_tag":"","cost":331.83466315999993},{"amount":2164.0,"safe_price":0.15349668668668665,"ft_order_side":"sell","order_filled_timestamp":1764338400000,"ft_is_entry":false,"ft_order_tag":"roi","cost":332.4989968199798}],"funding_fees":0.0,"weekday":4},{"pair":"DOGE/USDT","stake_amount":331.5723,"max_stake_amount":331.5723,"amount":2455.0,"open_date":"2025-12-01 22:00:00+00:00","close_date":"2025-12-02 00:00:00+00:00","open_rate":0.13506,"close_rate":0.13546,"fee_open":0.001,"fee_close":0.001,"trade_duration":120,"profit_ratio":0.0009577273015744806,"profit_abs":0.3178734,"exit_reason":"roi","initial_stop_loss_abs":0.12831,"initial_stop_loss_ratio":-0.05,"stop_loss_abs":0.12831,"stop_loss_ratio":-0.05,"min_rate":0.13493,"max_rate":0.13663,"is_open":false,"enter_tag":"","leverage":1.0,"is_short":false,"open_timestamp":1764626400000,"close_timestamp":1764633600000,"orders":[{"amount":2455.0,"safe_price":0.13506,"ft_order_side":"buy","order_filled_timestamp":1764626400000,"ft_is_entry":true,"ft_order_tag":"","cost":331.9038723},{"amount":2455.0,"safe_price":0.13546,"ft_order_side":"sell","order_filled_timestamp":1764633600000,"ft_is_entry":false,"ft_order_tag":"roi","cost":332.8868543}],"funding_fees":0.0,"weekday":1},{"pair":"DOGE/USDT","stake_amount":331.6924,"max_stake_amount":331.6924,"amount":2270.0,"open_date":"2025-12-10 18:00:00+00:00","close_date":"2025-12-10 20:00:00+00:00","open_rate":0.14612,"close_rate":0.14753,"fee_open":0.001,"fee_close":0.001,"trade_duration":120,"profit_ratio":0.0076323211417654345,"profit_abs":2.5341145,"exit_reason":"roi","initial_stop_loss_abs":0.13882,"initial_stop_loss_ratio":-0.05,"stop_loss_abs":0.13882,"stop_loss_ratio":-0.05,"min_rate":0.14541,"max_rate":0.15031,"is_open":false,"enter_tag":"","leverage":1.0,"is_short":false,"open_timestamp":1765389600000,"close_timestamp":1765396800000,"orders":[{"amount":2270.0,"safe_price":0.14612,"ft_order_side":"buy","order_filled_timestamp":1765389600000,"ft_is_entry":true,"ft_order_tag":"","cost":332.0240924},{"amount":2270.0,"safe_price":0.14753,"ft_order_side":"sell","order_filled_timestamp":1765396800000,"ft_is_entry":false,"ft_order_tag":"roi","cost":335.2279931}],"funding_fees":0.0,"weekday":2},{"pair":"DOGE/USDT","stake_amount":332.46848,"max_stake_amount":332.46848,"amount":2462.0,"open_date":"2025-12-15 01:00:00+00:00","close_date":"2025-12-15 03:00:00+00:00","open_rate":0.13504,"close_rate":0.13662,"fee_open":0.001,"fee_close":0.001,"trade_duration":120,"profit_ratio":0.009678857871985835,"profit_abs":3.22113308,"exit_reason":"roi","initial_stop_loss_abs":0.12829,"initial_stop_loss_ratio":-0.05,"stop_loss_abs":0.12829,"stop_loss_ratio":-0.05,"min_rate":0.13485,"max_rate":0.13845,"is_open":false,"enter_tag":"","leverage":1.0,"is_short":false,"open_timestamp":1765760400000,"close_timestamp":1765767600000,"orders":[{"amount":2462.0,"safe_price":0.13504,"ft_order_side":"buy","order_filled_timestamp":1765760400000,"ft_is_entry":true,"ft_order_tag":"","cost":332.80094848},{"amount":2462.0,"safe_price":0.13662,"ft_order_side":"sell","order_filled_timestamp":1765767600000,"ft_is_entry":false,"ft_order_tag":"roi","cost":336.69479843999994}],"funding_fees":0.0,"weekday":0}],"locks":[],"best_pair":{"key":"DOGE/USDT","trades":7,"profit_mean":0.004732567616816578,"profit_mean_pct":0.47,"profit_total_abs":10.98533394,"profit_total":0.01098533394,"profit_total_pct":1.1,"duration_avg":"2:26:00","wins":6,"draws":1,"losses":0,"winrate":0.8571428571428571,"cagr":0.041967931644890655,"expectancy":1.56933342,"expectancy_ratio":100.0,"sortino":-100,"sharpe":1.5131507078169428,"calmar":-100,"sqn":2.6883,"profit_factor":0.0,"max_drawdown_account":0.0,"max_drawdown_abs":0.0},"worst_pair":{"key":"DOGE/USDT","trades":7,"profit_mean":0.004732567616816578,"profit_mean_pct":0.47,"profit_total_abs":10.98533394,"profit_total":0.01098533394,"profit_total_pct":1.1,"duration_avg":"2:26:00","wins":6,"draws":1,"losses":0,"winrate":0.8571428571428571,"cagr":0.041967931644890655,"expectancy":1.56933342,"expectancy_ratio":100.0,"sortino":-100,"sharpe":1.5131507078169428,"calmar":-100,"sqn":2.6883,"profit_factor":0.0,"max_drawdown_account":0.0,"max_drawdown_abs":0.0},"results_per_pair":[{"key":"DOGE/USDT","trades":7,"profit_mean":0.004732567616816578,"profit_mean_pct":0.47,"profit_total_abs":10.98533394,"profit_total":0.01098533394,"profit_total_pct":1.1,"duration_avg":"2:26:00","wins":6,"draws":1,"losses":0,"winrate":0.8571428571428571,"cagr":0.041967931644890655,"expectancy":1.56933342,"expectancy_ratio":100.0,"sortino":-100,"sharpe":1.5131507078169428,"calmar":-100,"sqn":2.6883,"profit_factor":0.0,"max_drawdown_account":0.0,"max_drawdown_abs":0.0},{"key":"TOTAL","trades":7,"profit_mean":0.004732567616816578,"profit_mean_pct":0.47,"profit_total_abs":10.98533394,"profit_total":0.01098533394,"profit_total_pct":1.1,"duration_avg":"2:26:00","wins":6,"draws":1,"losses":0,"winrate":0.8571428571428571,"cagr":0.041967931644890655,"expectancy":1.56933342,"expectancy_ratio":100.0,"sortino":-100,"sharpe":1.5131507078169428,"calmar":-100,"sqn":2.6883,"profit_factor":0.0,"max_drawdown_account":0.0,"max_drawdown_abs":0.0}],"results_per_enter_tag":[{"key":"","trades":7,"profit_mean":0.004732567616816578,"profit_mean_pct":0.47,"profit_total_abs":10.98533394,"profit_total":0.01098533394,"profit_total_pct":1.1,"duration_avg":"2:26:00","wins":6,"draws":1,"losses":0,"winrate":0.8571428571428571,"cagr":0.041967931644890655,"expectancy":1.56933342,"expectancy_ratio":100.0,"sortino":-100,"sharpe":1.5131507078169428,"calmar":-100,"sqn":2.6883,"profit_factor":0.0,"max_drawdown_account":0.0,"max_drawdown_abs":0.0},{"key":"TOTAL","trades":7,"profit_mean":0.004732567616816578,"profit_mean_pct":0.47,"profit_total_abs":10.98533394,"profit_total":0.01098533394,"profit_total_pct":1.1,"duration_avg":"2:26:00","wins":6,"draws":1,"losses":0,"winrate":0.8571428571428571,"cagr":0.041967931644890655,"expectancy":1.56933342,"expectancy_ratio":100.0,"sortino":-100,"sharpe":1.5131507078169428,"calmar":-100,"sqn":2.6883,"profit_factor":0.0,"max_drawdown_account":0.0,"max_drawdown_abs":0.0}],"exit_reason_summary":[{"key":"roi","trades":7,"profit_mean":0.004732567616816578,"profit_mean_pct":0.47,"profit_total_abs":10.98533394,"profit_total":0.01098533394,"profit_total_pct":1.1,"duration_avg":"2:26:00","wins":6,"draws":1,"losses":0,"winrate":0.8571428571428571,"cagr":0.041967931644890655,"expectancy":1.56933342,"expectancy_ratio":100.0,"sortino":-100,"sharpe":1.5131507078169428,"calmar":-100,"sqn":2.6883,"profit_factor":0.0,"max_drawdown_account":0.0,"max_drawdown_abs":0.0},{"key":"TOTAL","trades":7,"profit_mean":0.004732567616816578,"profit_mean_pct":0.47,"profit_total_abs":10.98533394,"profit_total":0.01098533394,"profit_total_pct":1.1,"duration_avg":"2:26:00","wins":6,"draws":1,"losses":0,"winrate":0.8571428571428571,"cagr":0.041967931644890655,"expectancy":1.56933342,"expectancy_ratio":100.0,"sortino":-100,"sharpe":1.5131507078169428,"calmar":-100,"sqn":2.6883,"profit_factor":0.0,"max_drawdown_account":0.0,"max_drawdown_abs":0.0}],"mix_tag_stats":[{"key":["","roi"],"trades":7,"profit_mean":0.004732567616816578,"profit_mean_pct":0.47,"profit_total_abs":10.98533394,"profit_total":0.01098533394,"profit_total_pct":1.1,"duration_avg":"2:26:00","wins":6,"draws":1,"losses":0,"winrate":0.8571428571428571,"cagr":0.041967931644890655,"expectancy":1.56933342,"expectancy_ratio":100.0,"sortino":-100,"sharpe":1.5131507078169428,"calmar":-100,"sqn":2.6883,"profit_factor":0.0,"max_drawdown_account":0.0,"max_drawdown_abs":0.0},{"key":"TOTAL","trades":7,"profit_mean":0.004732567616816578,"profit_mean_pct":0.47,"profit_total_abs":10.98533394,"profit_total":0.01098533394,"profit_total_pct":1.1,"duration_avg":"2:26:00","wins":6,"draws":1,"losses":0,"winrate":0.8571428571428571,"cagr":0.041967931644890655,"expectancy":1.56933342,"expectancy_ratio":100.0,"sortino":-100,"sharpe":1.5131507078169428,"calmar":-100,"sqn":2.6883,"profit_factor":0.0,"max_drawdown_account":0.0,"max_drawdown_abs":0.0}],"left_open_trades":[{"key":"TOTAL","trades":0,"profit_mean":0.0,"profit_mean_pct":0.0,"profit_total_abs":0.0,"profit_total":0.0,"profit_total_pct":0.0,"duration_avg":"0:00","wins":0,"draws":0,"losses":0,"winrate":0.0,"cagr":0.0,"expectancy":0.0,"expectancy_ratio":100.0,"sortino":0,"sharpe":0,"calmar":0,"sqn":0.0,"profit_factor":0.0,"max_drawdown_account":0.0,"max_drawdown_abs":0.0}],"total_trades":7,"trade_count_long":7,"trade_count_short":0,"total_volume":4657.96936603998,"avg_stake_amount":331.2626714285715,"profit_mean":0.004732567616816578,"profit_median":0.0028869310468249945,"profit_total":0.01098533394,"profit_total_long":0.01098533394,"profit_total_short":0.0,"profit_total_abs":10.98533394,"profit_total_long_abs":10.98533394,"profit_total_short_abs":0.0,"cagr":0.041967931644890655,"expectancy":1.56933342,"expectancy_ratio":100.0,"sortino":-100,"sharpe":1.5131507078169428,"calmar":-100,"sqn":2.6883,"profit_factor":0.0,"backtest_start":"2025-10-01 00:00:00","backtest_start_ts":1759276800000,"backtest_end":"2026-01-06 20:00:00","backtest_end_ts":1767729600000,"backtest_days":97,"backtest_run_start_ts":1767736506,"backtest_run_end_ts":1767736506,"trades_per_day":0.07,"market_change":-0.36632086436227446,"pairlist":["DOGE/USDT"],"stake_amount":"unlimited","stake_currency":"USDT","stake_currency_decimals":3,"starting_balance":1000,"dry_run_wallet":1000,"final_balance":1010.98533394,"rejected_signals":0,"timedout_entry_orders":0,"timedout_exit_orders":0,"canceled_trade_entries":0,"canceled_entry_orders":0,"replaced_entry_orders":0,"max_open_trades":1,"max_open_trades_setting":3,"timeframe":"1h","timeframe_detail":"","timerange":"20251001-","enable_protections":false,"strategy_name":"ACO_4_5","freqaimodel":null,"freqai_identifier":null,"stoploss":-0.05,"trailing_stop":false,"trailing_stop_positive":null,"trailing_stop_positive_offset":0.0,"trailing_only_offset_is_reached":false,"use_custom_stoploss":false,"minimal_roi":{"0":0.1,"60":0.05,"120":0.0},"use_exit_signal":true,"exit_profit_only":false,"exit_profit_offset":0.0,"ignore_roi_if_entry_signal":false,"trading_mode":"spot","margin_mode":"","periodic_breakdown":{"day":[{"date":"26/10/2025","date_ts":1761436800000,"profit_abs":0.95332396,"wins":1,"draws":0,"losses":0,"trades":1,"profit_factor":0.0},{"date":"27/10/2025","date_ts":1761523200000,"profit_abs":0.0,"wins":0,"draws":0,"losses":0,"trades":0,"profit_factor":0.0},{"date":"28/10/2025","date_ts":1761609600000,"profit_abs":0.0,"wins":0,"draws":0,"losses":0,"trades":0,"profit_factor":0.0},{"date":"29/10/2025","date_ts":1761696000000,"profit_abs":0.0,"wins":0,"draws":0,"losses":0,"trades":0,"profit_factor":0.0},{"date":"30/10/2025","date_ts":1761782400000,"profit_abs":0.0,"wins":0,"draws":0,"losses":0,"trades":0,"profit_factor":0.0},{"date":"31/10/2025","date_ts":1761868800000,"profit_abs":0.0,"wins":0,"draws":0,"losses":0,"trades":0,"profit_factor":0.0},{"date":"01/11/2025","date_ts":1761955200000,"profit_abs":0.0,"wins":0,"draws":0,"losses":0,"trades":0,"profit_factor":0.0},{"date":"02/11/2025","date_ts":1762041600000,"profit_abs":0.0,"wins":0,"draws":0,"losses":0,"trades":0,"profit_factor":0.0},{"date":"03/11/2025","date_ts":1762128000000,"profit_abs":0.0,"wins":0,"draws":0,"losses":0,"trades":0,"profit_factor":0.0},{"date":"04/11/2025","date_ts":1762214400000,"profit_abs":0.0,"wins":0,"draws":0,"losses":0,"trades":0,"profit_factor":0.0},{"date":"05/11/2025","date_ts":1762300800000,"profit_abs":0.0,"wins":0,"draws":0,"losses":0,"trades":0,"profit_factor":0.0},{"date":"06/11/2025","date_ts":1762387200000,"profit_abs":0.0,"wins":0,"draws":0,"losses":0,"trades":0,"profit_factor":0.0},{"date":"07/11/2025","date_ts":1762473600000,"profit_abs":0.0,"wins":0,"draws":0,"losses":0,"trades":0,"profit_factor":0.0},{"date":"08/11/2025","date_ts":1762560000000,"profit_abs":0.0,"wins":0,"draws":0,"losses":0,"trades":0,"profit_factor":0.0},{"date":"09/11/2025","date_ts":1762646400000,"profit_abs":0.0,"wins":0,"draws":0,"losses":0,"trades":0,"profit_factor":0.0},{"date":"10/11/2025","date_ts":1762732800000,"profit_abs":0.0,"wins":0,"draws":0,"losses":0,"trades":0,"profit_factor":0.0},{"date":"11/11/2025","date_ts":1762819200000,"profit_abs":0.0,"wins":0,"draws":0,"losses":0,"trades":0,"profit_factor":0.0},{"date":"12/11/2025","date_ts":1762905600000,"profit_abs":3.6982015,"wins":1,"draws":0,"losses":0,"trades":1,"profit_factor":0.0},{"date":"13/11/2025","date_ts":1762992000000,"profit_abs":0.0,"wins":0,"draws":0,"losses":0,"trades":0,"profit_factor":0.0},{"date":"14/11/2025","date_ts":1763078400000,"profit_abs":0.0,"wins":0,"draws":0,"losses":0,"trades":0,"profit_factor":0.0},{"date":"15/11/2025","date_ts":1763164800000,"profit_abs":0.0,"wins":0,"draws":0,"losses":0,"trades":0,"profit_factor":0.0},{"date":"16/11/2025","date_ts":1763251200000,"profit_abs":0.0,"wins":0,"draws":0,"losses":0,"trades":0,"profit_factor":0.0},{"date":"17/11/2025","date_ts":1763337600000,"profit_abs":0.0,"wins":0,"draws":0,"losses":0,"trades":0,"profit_factor":0.0},{"date":"18/11/2025","date_ts":1763424000000,"profit_abs":0.0,"wins":0,"draws":0,"losses":0,"trades":0,"profit_factor":0.0},{"date":"19/11/2025","date_ts":1763510400000,"profit_abs":0.0,"wins":0,"draws":0,"losses":0,"trades":0,"profit_factor":0.0},{"date":"20/11/2025","date_ts":1763596800000,"profit_abs":0.2606875,"wins":1,"draws":0,"losses":0,"trades":1,"profit_factor":0.0},{"date":"21/11/2025","date_ts":1763683200000,"profit_abs":0.0,"wins":0,"draws":0,"losses":0,"trades":0,"profit_factor":0.0},{"date":"22/11/2025","date_ts":1763769600000,"profit_abs":0.0,"wins":0,"draws":0,"losses":0,"trades":0,"profit_factor":0.0},{"date":"23/11/2025","date_ts":1763856000000,"profit_abs":0.0,"wins":0,"draws":0,"losses":0,"trades":0,"profit_factor":0.0},{"date":"24/11/2025","date_ts":1763942400000,"profit_abs":0.0,"wins":0,"draws":0,"losses":0,"trades":0,"profit_factor":0.0},{"date":"25/11/2025","date_ts":1764028800000,"profit_abs":0.0,"wins":0,"draws":0,"losses":0,"trades":0,"profit_factor":0.0},{"date":"26/11/2025","date_ts":1764115200000,"profit_abs":0.0,"wins":0,"draws":0,"losses":0,"trades":0,"profit_factor":0.0},{"date":"27/11/2025","date_ts":1764201600000,"profit_abs":0.0,"wins":0,"draws":0,"losses":0,"trades":0,"profit_factor":0.0},{"date":"28/11/2025","date_ts":1764288000000,"profit_abs":0.0,"wins":0,"draws":1,"losses":0,"trades":1,"profit_factor":0.0},{"date":"29/11/2025","date_ts":1764374400000,"profit_abs":0.0,"wins":0,"draws":0,"losses":0,"trades":0,"profit_factor":0.0},{"date":"30/11/2025","date_ts":1764460800000,"profit_abs":0.0,"wins":0,"draws":0,"losses":0,"trades":0,"profit_factor":0.0},{"date":"01/12/2025","date_ts":1764547200000,"profit_abs":0.0,"wins":0,"draws":0,"losses":0,"trades":0,"profit_factor":0.0},{"date":"02/12/2025","date_ts":1764633600000,"profit_abs":0.3178734,"wins":1,"draws":0,"losses":0,"trades":1,"profit_factor":0.0},{"date":"03/12/2025","date_ts":1764720000000,"profit_abs":0.0,"wins":0,"draws":0,"losses":0,"trades":0,"profit_factor":0.0},{"date":"04/12/2025","date_ts":1764806400000,"profit_abs":0.0,"wins":0,"draws":0,"losses":0,"trades":0,"profit_factor":0.0},{"date":"05/12/2025","date_ts":1764892800000,"profit_abs":0.0,"wins":0,"draws":0,"losses":0,"trades":0,"profit_factor":0.0},{"date":"06/12/2025","date_ts":1764979200000,"profit_abs":0.0,"wins":0,"draws":0,"losses":0,"trades":0,"profit_factor":0.0},{"date":"07/12/2025","date_ts":1765065600000,"profit_abs":0.0,"wins":0,"draws":0,"losses":0,"trades":0,"profit_factor":0.0},{"date":"08/12/2025","date_ts":1765152000000,"profit_abs":0.0,"wins":0,"draws":0,"losses":0,"trades":0,"profit_factor":0.0},{"date":"09/12/2025","date_ts":1765238400000,"profit_abs":0.0,"wins":0,"draws":0,"losses":0,"trades":0,"profit_factor":0.0},{"date":"10/12/2025","date_ts":1765324800000,"profit_abs":2.5341145,"wins":1,"draws":0,"losses":0,"trades":1,"profit_factor":0.0},{"date":"11/12/2025","date_ts":1765411200000,"profit_abs":0.0,"wins":0,"draws":0,"losses":0,"trades":0,"profit_factor":0.0},{"date":"12/12/2025","date_ts":1765497600000,"profit_abs":0.0,"wins":0,"draws":0,"losses":0,"trades":0,"profit_factor":0.0},{"date":"13/12/2025","date_ts":1765584000000,"profit_abs":0.0,"wins":0,"draws":0,"losses":0,"trades":0,"profit_factor":0.0},{"date":"14/12/2025","date_ts":1765670400000,"profit_abs":0.0,"wins":0,"draws":0,"losses":0,"trades":0,"profit_factor":0.0},{"date":"15/12/2025","date_ts":1765756800000,"profit_abs":3.22113308,"wins":1,"draws":0,"losses":0,"trades":1,"profit_factor":0.0}],"week":[{"date":"27/10/2025","date_ts":1761523200000,"profit_abs":0.95332396,"wins":1,"draws":0,"losses":0,"trades":1,"profit_factor":0.0},{"date":"03/11/2025","date_ts":1762128000000,"profit_abs":0.0,"wins":0,"draws":0,"losses":0,"trades":0,"profit_factor":0.0},{"date":"10/11/2025","date_ts":1762732800000,"profit_abs":0.0,"wins":0,"draws":0,"losses":0,"trades":0,"profit_factor":0.0},{"date":"17/11/2025","date_ts":1763337600000,"profit_abs":3.6982015,"wins":1,"draws":0,"losses":0,"trades":1,"profit_factor":0.0},{"date":"24/11/2025","date_ts":1763942400000,"profit_abs":0.2606875,"wins":1,"draws":0,"losses":0,"trades":1,"profit_factor":0.0},{"date":"01/12/2025","date_ts":1764547200000,"profit_abs":0.0,"wins":0,"draws":1,"losses":0,"trades":1,"profit_factor":0.0},{"date":"08/12/2025","date_ts":1765152000000,"profit_abs":0.3178734,"wins":1,"draws":0,"losses":0,"trades":1,"profit_factor":0.0},{"date":"15/12/2025","date_ts":1765756800000,"profit_abs":5.75524758,"wins":2,"draws":0,"losses":0,"trades":2,"profit_factor":0.0}],"month":[{"date":"31/10/2025","date_ts":1761868800000,"profit_abs":0.95332396,"wins":1,"draws":0,"losses":0,"trades":1,"profit_factor":0.0},{"date":"30/11/2025","date_ts":1764460800000,"profit_abs":3.958889,"wins":2,"draws":1,"losses":0,"trades":3,"profit_factor":0.0},{"date":"31/12/2025","date_ts":1767139200000,"profit_abs":6.07312098,"wins":3,"draws":0,"losses":0,"trades":3,"profit_factor":0.0}],"year":[{"date":"31/12/2025","date_ts":1767139200000,"profit_abs":10.98533394,"wins":6,"draws":1,"losses":0,"trades":7,"profit_factor":0.0}],"weekday":[{"date":"Monday","date_ts":0,"profit_abs":3.22113308,"wins":1,"draws":0,"losses":0,"trades":1,"profit_factor":0.0},{"date":"Tuesday","date_ts":1,"profit_abs":0.3178734,"wins":1,"draws":0,"losses":0,"trades":1,"profit_factor":0.0},{"date":"Wednesday","date_ts":2,"profit_abs":6.232316,"wins":2,"draws":0,"losses":0,"trades":2,"profit_factor":0.0},{"date":"Thursday","date_ts":3,"profit_abs":0.2606875,"wins":1,"draws":0,"losses":0,"trades":1,"profit_factor":0.0},{"date":"Friday","date_ts":4,"profit_abs":0.0,"wins":0,"draws":1,"losses":0,"trades":1,"profit_factor":0.0},{"date":"Sunday","date_ts":6,"profit_abs":0.95332396,"wins":1,"draws":0,"losses":0,"trades":1,"profit_factor":0.0}]},"backtest_best_day":0.011186401192145017,"backtest_worst_day":0.0,"backtest_best_day_abs":3.6982015,"backtest_worst_day_abs":0.0,"winning_days":6,"draw_days":45,"losing_days":0,"daily_profit":[["2025-10-26",0.95332396],["2025-10-27",0.0],["2025-10-28",0.0],["2025-10-29",0.0],["2025-10-30",0.0],["2025-10-31",0.0],["2025-11-01",0.0],["2025-11-02",0.0],["2025-11-03",0.0],["2025-11-04",0.0],["2025-11-05",0.0],["2025-11-06",0.0],["2025-11-07",0.0],["2025-11-08",0.0],["2025-11-09",0.0],["2025-11-10",0.0],["2025-11-11",0.0],["2025-11-12",3.6982015],["2025-11-13",0.0],["2025-11-14",0.0],["2025-11-15",0.0],["2025-11-16",0.0],["2025-11-17",0.0],["2025-11-18",0.0],["2025-11-19",0.0],["2025-11-20",0.2606875],["2025-11-21",0.0],["2025-11-22",0.0],["2025-11-23",0.0],["2025-11-24",0.0],["2025-11-25",0.0],["2025-11-26",0.0],["2025-11-27",0.0],["2025-11-28",0.0],["2025-11-29",0.0],["2025-11-30",0.0],["2025-12-01",0.0],["2025-12-02",0.3178734],["2025-12-03",0.0],["2025-12-04",0.0],["2025-12-05",0.0],["2025-12-06",0.0],["2025-12-07",0.0],["2025-12-08",0.0],["2025-12-09",0.0],["2025-12-10",2.5341145],["2025-12-11",0.0],["2025-12-12",0.0],["2025-12-13",0.0],["2025-12-14",0.0],["2025-12-15",3.22113308]],"wins":6,"losses":0,"draws":1,"winrate":0.8571428571428571,"holding_avg":"2:26:00","holding_avg_s":8760.0,"winner_holding_min":"0d 02:00","winner_holding_min_s":7200.0,"winner_holding_max":"0d 02:00","winner_holding_max_s":7200.0,"winner_holding_avg":"0d 02:00","winner_holding_avg_s":7200.0,"loser_holding_min":"0d 00:00","loser_holding_min_s":0.0,"loser_holding_max":"0d 00:00","loser_holding_max_s":0.0,"loser_holding_avg":"0d 00:00","loser_holding_avg_s":0.0,"max_consecutive_wins":3,"max_consecutive_losses":1,"max_drawdown_account":0.0,"max_relative_drawdown":0.0,"max_drawdown_abs":0.0,"drawdown_start":"2025-10-26 09:00:00","drawdown_start_ts":1761469200000.0,"drawdown_end":"2025-10-26 09:00:00","drawdown_end_ts":1761469200000.0,"drawdown_duration":"0 days 00:00:00","drawdown_duration_s":0.0,"max_drawdown_low":0.0,"max_drawdown_high":0.0,"csum_min":1000.95332396,"csum_max":1010.98533394}},"strategy_comparison":[{"key":"ACO_4_5","trades":7,"profit_mean":0.004732567616816578,"profit_mean_pct":0.47,"profit_total_abs":10.98533394,"profit_total":0.01098533394,"profit_total_pct":1.1,"duration_avg":"2:26:00","wins":6,"draws":1,"losses":0,"winrate":0.8571428571428571,"cagr":0.041967931644890655,"expectancy":1.56933342,"expectancy_ratio":100.0,"sortino":-100,"sharpe":1.5131507078169428,"calmar":-100,"sqn":2.6883,"profit_factor":0.0,"max_drawdown_account":0.0,"max_drawdown_abs":"0"}]}