{"strategy":{"ACO_73_10":{"trades":[{"pair":"DOGE/USDT","stake_amount":329.78655,"max_stake_amount":329.78655,"amount":1305.0,"open_date":"2025-10-02 02:00:00+00:00","close_date":"2025-10-02 04:00:00+00:00","open_rate":0.25271,"close_rate":0.25385,"fee_open":0.001,"fee_close":0.001,"trade_duration":120,"profit_ratio":0.002504084495299722,"profit_abs":0.8266392,"exit_reason":"roi","initial_stop_loss_abs":0.24008,"initial_stop_loss_ratio":-0.05,"stop_loss_abs":0.24008,"stop_loss_ratio":-0.05,"min_rate":0.25104,"max_rate":0.25584,"is_open":false,"enter_tag":"","leverage":1.0,"is_short":false,"open_timestamp":1759370400000,"close_timestamp":1759377600000,"orders":[{"amount":1305.0,"safe_price":0.25271,"ft_order_side":"buy","order_filled_timestamp":1759370400000,"ft_is_entry":true,"ft_order_tag":"","cost":330.1163365499999},{"amount":1305.0,"safe_price":0.25385,"ft_order_side":"sell","order_filled_timestamp":1759377600000,"ft_is_entry":false,"ft_order_tag":"roi","cost":331.60552425000003}],"funding_fees":0.0,"weekday":3},{"pair":"DOGE/USDT","stake_amount":330.27052,"max_stake_amount":330.27052,"amount":1286.0,"open_date":"2025-10-03 10:00:00+00:00","close_date":"2025-10-03 13:00:00+00:00","open_rate":0.25682,"close_rate":0.2573341541541541,"fee_open":0.001,"fee_close":0.001,"trade_duration":180,"profit_ratio":0.0,"profit_abs":0.0,"exit_reason":"roi","initial_stop_loss_abs":0.24398,"initial_stop_loss_ratio":-0.05,"stop_loss_abs":0.24398,"stop_loss_ratio":-0.05,"min_rate":0.25386,"max_rate":0.25793,"is_open":false,"enter_tag":"","leverage":1.0,"is_short":false,"open_timestamp":1759485600000,"close_timestamp":1759496400000,"orders":[{"amount":1286.0,"safe_price":0.25682,"ft_order_side":"buy","order_filled_timestamp":1759485600000,"ft_is_entry":true,"ft_order_tag":"","cost":330.6007905199999},{"amount":1286.0,"safe_price":0.2573341541541541,"ft_order_side":"sell","order_filled_timestamp":1759496400000,"ft_is_entry":false,"ft_order_tag":"roi","cost":331.2626539644844}],"funding_fees":0.0,"weekday":4},{"pair":"DOGE/USDT","stake_amount":330.06366,"max_stake_amount":330.06366,"amount":1314.0,"open_date":"2025-10-04 14:00:00+00:00","close_date":"2025-10-05 01:00:00+00:00","open_rate":0.25119,"close_rate":0.2516928828828829,"fee_open":0.001,"fee_close":0.001,"trade_duration":660,"profit_ratio":0.0,"profit_abs":0.0,"exit_reason":"roi","initial_stop_loss_abs":0.23864,"initial_stop_loss_ratio":-0.05,"stop_loss_abs":0.23864,"stop_loss_ratio":-0.05,"min_rate":0.2467,"max_rate":0.25268,"is_open":false,"enter_tag":"","leverage":1.0,"is_short":false,"open_timestamp":1759586400000,"close_timestamp":1759626000000,"orders":[{"amount":1314.0,"safe_price":0.25119,"ft_order_side":"buy","order_filled_timestamp":1759586400000,"ft_is_entry":true,"ft_order_tag":"","cost":330.39372366},{"amount":1314.0,"safe_price":0.2516928828828829,"ft_order_side":"sell","order_filled_timestamp":1759626000000,"ft_is_entry":false,"ft_order_tag":"roi","cost":331.0551725562162}],"funding_fees":0.0,"weekday":6},{"pair":"DOGE/USDT","stake_amount":330.02936,"max_stake_amount":330.02936,"amount":1304.0,"open_date":"2025-10-05 23:00:00+00:00","close_date":"2025-10-06 01:00:00+00:00","open_rate":0.25309,"close_rate":0.2535966866866866,"fee_open":0.001,"fee_close":0.001,"trade_duration":120,"profit_ratio":0.0,"profit_abs":0.0,"exit_reason":"roi","initial_stop_loss_abs":0.24044,"initial_stop_loss_ratio":-0.05,"stop_loss_abs":0.24044,"stop_loss_ratio":-0.05,"min_rate":0.25057,"max_rate":0.25533,"is_open":false,"enter_tag":"","leverage":1.0,"is_short":false,"open_timestamp":1759705200000,"close_timestamp":1759712400000,"orders":[{"amount":1304.0,"safe_price":0.25309,"ft_order_side":"buy","order_filled_timestamp":1759705200000,"ft_is_entry":true,"ft_order_tag":"","cost":330.35938935999997},{"amount":1304.0,"safe_price":0.2535966866866866,"ft_order_side":"sell","order_filled_timestamp":1759712400000,"ft_is_entry":false,"ft_order_tag":"roi","cost":331.02076951887875}],"funding_fees":0.0,"weekday":0},{"pair":"DOGE/USDT","stake_amount":330.02467,"max_stake_amount":330.02467,"amount":1301.0,"open_date":"2025-10-06 06:00:00+00:00","close_date":"2025-10-06 08:00:00+00:00","open_rate":0.25367,"close_rate":0.25508,"fee_open":0.001,"fee_close":0.001,"trade_duration":120,"profit_ratio":0.0035492949515104283,"profit_abs":1.17252625,"exit_reason":"roi","initial_stop_loss_abs":0.24099,"initial_stop_loss_ratio":-0.05,"stop_loss_abs":0.24099,"stop_loss_ratio":-0.05,"min_rate":0.25361,"max_rate":0.25843,"is_open":false,"enter_tag":"","leverage":1.0,"is_short":false,"open_timestamp":1759730400000,"close_timestamp":1759737600000,"orders":[{"amount":1301.0,"safe_price":0.25367,"ft_order_side":"buy","order_filled_timestamp":1759730400000,"ft_is_entry":true,"ft_order_tag":"","cost":330.35469466999996},{"amount":1301.0,"safe_price":0.25508,"ft_order_side":"sell","order_filled_timestamp":1759737600000,"ft_is_entry":false,"ft_order_tag":"roi","cost":332.1909390799999}],"funding_fees":0.0,"weekday":0},{"pair":"DOGE/USDT","stake_amount":330.56217,"max_stake_amount":330.56217,"amount":1329.0,"open_date":"2025-10-08 01:00:00+00:00","close_date":"2025-10-08 08:00:00+00:00","open_rate":0.24873,"close_rate":0.24922795795795794,"fee_open":0.001,"fee_close":0.001,"trade_duration":420,"profit_ratio":0.0,"profit_abs":0.0,"exit_reason":"roi","initial_stop_loss_abs":0.2363,"initial_stop_loss_ratio":-0.05,"stop_loss_abs":0.2363,"stop_loss_ratio":-0.05,"min_rate":0.24291,"max_rate":0.25061,"is_open":false,"enter_tag":"","leverage":1.0,"is_short":false,"open_timestamp":1759885200000,"close_timestamp":1759910400000,"orders":[{"amount":1329.0,"safe_price":0.24873,"ft_order_side":"buy","order_filled_timestamp":1759885200000,"ft_is_entry":true,"ft_order_tag":"","cost":330.89273216999993},{"amount":1329.0,"safe_price":0.24922795795795794,"ft_order_side":"sell","order_filled_timestamp":1759910400000,"ft_is_entry":false,"ft_order_tag":"roi","cost":331.5551800822522}],"funding_fees":0.0,"weekday":2},{"pair":"DOGE/USDT","stake_amount":330.601,"max_stake_amount":330.601,"amount":1345.0,"open_date":"2025-10-09 11:00:00+00:00","close_date":"2025-10-09 13:00:00+00:00","open_rate":0.2458,"close_rate":0.24959,"fee_open":0.001,"fee_close":0.001,"trade_duration":120,"profit_ratio":0.013390230599343701,"profit_abs":4.43125045,"exit_reason":"roi","initial_stop_loss_abs":0.23351,"initial_stop_loss_ratio":-0.05,"stop_loss_abs":0.23351,"stop_loss_ratio":-0.05,"min_rate":0.24505,"max_rate":0.25071,"is_open":false,"enter_tag":"","leverage":1.0,"is_short":false,"open_timestamp":1760007600000,"close_timestamp":1760014800000,"orders":[{"amount":1345.0,"safe_price":0.2458,"ft_order_side":"buy","order_filled_timestamp":1760007600000,"ft_is_entry":true,"ft_order_tag":"","cost":330.93160099999994},{"amount":1345.0,"safe_price":0.24959,"ft_order_side":"sell","order_filled_timestamp":1760014800000,"ft_is_entry":false,"ft_order_tag":"roi","cost":336.03424855}],"funding_fees":0.0,"weekday":3},{"pair":"DOGE/USDT","stake_amount":331.94088,"max_stake_amount":331.94088,"amount":1321.0,"open_date":"2025-10-10 04:00:00+00:00","close_date":"2025-10-10 06:00:00+00:00","open_rate":0.25128,"close_rate":0.25199,"fee_open":0.001,"fee_close":0.001,"trade_duration":120,"profit_ratio":0.0008218858505391457,"profit_abs":0.27309033,"exit_reason":"roi","initial_stop_loss_abs":0.23872,"initial_stop_loss_ratio":-0.05,"stop_loss_abs":0.23872,"stop_loss_ratio":-0.05,"min_rate":0.24856,"max_rate":0.25296,"is_open":false,"enter_tag":"","leverage":1.0,"is_short":false,"open_timestamp":1760068800000,"close_timestamp":1760076000000,"orders":[{"amount":1321.0,"safe_price":0.25128,"ft_order_side":"buy","order_filled_timestamp":1760068800000,"ft_is_entry":true,"ft_order_tag":"","cost":332.27282088},{"amount":1321.0,"safe_price":0.25199,"ft_order_side":"sell","order_filled_timestamp":1760076000000,"ft_is_entry":false,"ft_order_tag":"roi","cost":333.2116687899999}],"funding_fees":0.0,"weekday":4},{"pair":"DOGE/USDT","stake_amount":332.098,"max_stake_amount":332.098,"amount":1325.0,"open_date":"2025-10-10 11:00:00+00:00","close_date":"2025-10-10 13:00:00+00:00","open_rate":0.25064,"close_rate":0.2511417817817817,"fee_open":0.001,"fee_close":0.001,"trade_duration":120,"profit_ratio":0.0,"profit_abs":0.0,"exit_reason":"roi","initial_stop_loss_abs":0.23811,"initial_stop_loss_ratio":-0.05,"stop_loss_abs":0.23811,"stop_loss_ratio":-0.05,"min_rate":0.24958,"max_rate":0.25403,"is_open":false,"enter_tag":"","leverage":1.0,"is_short":false,"open_timestamp":1760094000000,"close_timestamp":1760101200000,"orders":[{"amount":1325.0,"safe_price":0.25064,"ft_order_side":"buy","order_filled_timestamp":1760094000000,"ft_is_entry":true,"ft_order_tag":"","cost":332.43009799999993},{"amount":1325.0,"safe_price":0.2511417817817817,"ft_order_side":"sell","order_filled_timestamp":1760101200000,"ft_is_entry":false,"ft_order_tag":"roi","cost":333.0956237217216}],"funding_fees":0.0,"weekday":4},{"pair":"DOGE/USDT","stake_amount":332.12885,"max_stake_amount":332.12885,"amount":1795.0,"open_date":"2025-10-11 23:00:00+00:00","close_date":"2025-10-12 03:00:00+00:00","open_rate":0.18503,"close_rate":0.18540043043043042,"fee_open":0.001,"fee_close":0.001,"trade_duration":240,"profit_ratio":0.0,"profit_abs":0.0,"exit_reason":"roi","initial_stop_loss_abs":0.17578,"initial_stop_loss_ratio":-0.05,"stop_loss_abs":0.17578,"stop_loss_ratio":-0.05,"min_rate":0.18072,"max_rate":0.18675,"is_open":false,"enter_tag":"","leverage":1.0,"is_short":false,"open_timestamp":1760223600000,"close_timestamp":1760238000000,"orders":[{"amount":1795.0,"safe_price":0.18503,"ft_order_side":"buy","order_filled_timestamp":1760223600000,"ft_is_entry":true,"ft_order_tag":"","cost":332.46097884999995},{"amount":1795.0,"safe_price":0.18540043043043042,"ft_order_side":"sell","order_filled_timestamp":1760238000000,"ft_is_entry":false,"ft_order_tag":"roi","cost":333.1265663952452}],"funding_fees":0.0,"weekday":6},{"pair":"DOGE/USDT","stake_amount":332.03016,"max_stake_amount":332.03016,"amount":1749.0,"open_date":"2025-10-12 13:00:00+00:00","close_date":"2025-10-12 14:00:00+00:00","open_rate":0.18984,"close_rate":0.19972156156156154,"fee_open":0.001,"fee_close":0.001,"trade_duration":60,"profit_ratio":0.049950049950049945,"profit_abs":16.601508,"exit_reason":"roi","initial_stop_loss_abs":0.18035,"initial_stop_loss_ratio":-0.05,"stop_loss_abs":0.18035,"stop_loss_ratio":-0.05,"min_rate":0.18624,"max_rate":0.19986,"is_open":false,"enter_tag":"","leverage":1.0,"is_short":false,"open_timestamp":1760274000000,"close_timestamp":1760277600000,"orders":[{"amount":1749.0,"safe_price":0.18984,"ft_order_side":"buy","order_filled_timestamp":1760274000000,"ft_is_entry":true,"ft_order_tag":"","cost":332.36219016},{"amount":1749.0,"safe_price":0.19972156156156154,"ft_order_side":"sell","order_filled_timestamp":1760277600000,"ft_is_entry":false,"ft_order_tag":"roi","cost":349.6623241823423}],"funding_fees":0.0,"weekday":6},{"pair":"DOGE/USDT","stake_amount":337.55694,"max_stake_amount":337.55694,"amount":1721.0,"open_date":"2025-10-12 15:00:00+00:00","close_date":"2025-10-12 16:00:00+00:00","open_rate":0.19614,"close_rate":0.2063494894894895,"fee_open":0.001,"fee_close":0.001,"trade_duration":60,"profit_ratio":0.049950049950049945,"profit_abs":16.877847,"exit_reason":"roi","initial_stop_loss_abs":0.18634,"initial_stop_loss_ratio":-0.05,"stop_loss_abs":0.18634,"stop_loss_ratio":-0.05,"min_rate":0.19562,"max_rate":0.2095,"is_open":false,"enter_tag":"","leverage":1.0,"is_short":false,"open_timestamp":1760281200000,"close_timestamp":1760284800000,"orders":[{"amount":1721.0,"safe_price":0.19614,"ft_order_side":"buy","order_filled_timestamp":1760281200000,"ft_is_entry":true,"ft_order_tag":"","cost":337.89449693999995},{"amount":1721.0,"safe_price":0.2063494894894895,"ft_order_side":"sell","order_filled_timestamp":1760284800000,"ft_is_entry":false,"ft_order_tag":"roi","cost":355.4825988828228}],"funding_fees":0.0,"weekday":6},{"pair":"DOGE/USDT","stake_amount":343.05848,"max_stake_amount":343.05848,"amount":1681.0,"open_date":"2025-10-15 05:00:00+00:00","close_date":"2025-10-15 07:00:00+00:00","open_rate":0.20408,"close_rate":0.20452,"fee_open":0.001,"fee_close":0.001,"trade_duration":120,"profit_ratio":0.00015370752336648063,"profit_abs":0.0527834,"exit_reason":"roi","initial_stop_loss_abs":0.19388,"initial_stop_loss_ratio":-0.05,"stop_loss_abs":0.19388,"stop_loss_ratio":-0.05,"min_rate":0.2018,"max_rate":0.20509,"is_open":false,"enter_tag":"","leverage":1.0,"is_short":false,"open_timestamp":1760504400000,"close_timestamp":1760511600000,"orders":[{"amount":1681.0,"safe_price":0.20408,"ft_order_side":"buy","order_filled_timestamp":1760504400000,"ft_is_entry":true,"ft_order_tag":"","cost":343.40153848},{"amount":1681.0,"safe_price":0.20452,"ft_order_side":"sell","order_filled_timestamp":1760511600000,"ft_is_entry":false,"ft_order_tag":"roi","cost":344.14191812}],"funding_fees":0.0,"weekday":2},{"pair":"DOGE/USDT","stake_amount":343.18845,"max_stake_amount":343.18845,"amount":1845.0,"open_date":"2025-10-18 01:00:00+00:00","close_date":"2025-10-18 03:00:00+00:00","open_rate":0.18601,"close_rate":0.18638239239239238,"fee_open":0.001,"fee_close":0.001,"trade_duration":120,"profit_ratio":0.0,"profit_abs":0.0,"exit_reason":"roi","initial_stop_loss_abs":0.17671,"initial_stop_loss_ratio":-0.05,"stop_loss_abs":0.17671,"stop_loss_ratio":-0.05,"min_rate":0.18568,"max_rate":0.18854,"is_open":false,"enter_tag":"","leverage":1.0,"is_short":false,"open_timestamp":1760749200000,"close_timestamp":1760756400000,"orders":[{"amount":1845.0,"safe_price":0.18601,"ft_order_side":"buy","order_filled_timestamp":1760749200000,"ft_is_entry":true,"ft_order_tag":"","cost":343.53163844999995},{"amount":1845.0,"safe_price":0.18638239239239238,"ft_order_side":"sell","order_filled_timestamp":1760756400000,"ft_is_entry":false,"ft_order_tag":"roi","cost":344.2193894779279}],"funding_fees":0.0,"weekday":5},{"pair":"DOGE/USDT","stake_amount":343.13901,"max_stake_amount":343.13901,"amount":1839.0,"open_date":"2025-10-18 06:00:00+00:00","close_date":"2025-10-18 08:00:00+00:00","open_rate":0.18659,"close_rate":0.18788,"fee_open":0.001,"fee_close":0.001,"trade_duration":120,"profit_ratio":0.0049017384887474385,"profit_abs":1.68365967,"exit_reason":"roi","initial_stop_loss_abs":0.17727,"initial_stop_loss_ratio":-0.05,"stop_loss_abs":0.17727,"stop_loss_ratio":-0.05,"min_rate":0.18616,"max_rate":0.18988,"is_open":false,"enter_tag":"","leverage":1.0,"is_short":false,"open_timestamp":1760767200000,"close_timestamp":1760774400000,"orders":[{"amount":1839.0,"safe_price":0.18659,"ft_order_side":"buy","order_filled_timestamp":1760767200000,"ft_is_entry":true,"ft_order_tag":"","cost":343.48214900999994},{"amount":1839.0,"safe_price":0.18788,"ft_order_side":"sell","order_filled_timestamp":1760774400000,"ft_is_entry":false,"ft_order_tag":"roi","cost":345.85683131999997}],"funding_fees":0.0,"weekday":5},{"pair":"DOGE/USDT","stake_amount":343.71,"max_stake_amount":343.71,"amount":1809.0,"open_date":"2025-10-18 18:00:00+00:00","close_date":"2025-10-19 03:00:00+00:00","open_rate":0.19,"close_rate":0.19038038038038035,"fee_open":0.001,"fee_close":0.001,"trade_duration":540,"profit_ratio":0.0,"profit_abs":0.0,"exit_reason":"roi","initial_stop_loss_abs":0.1805,"initial_stop_loss_ratio":-0.05,"stop_loss_abs":0.1805,"stop_loss_ratio":-0.05,"min_rate":0.18777,"max_rate":0.19078,"is_open":false,"enter_tag":"","leverage":1.0,"is_short":false,"open_timestamp":1760810400000,"close_timestamp":1760842800000,"orders":[{"amount":1809.0,"safe_price":0.19,"ft_order_side":"buy","order_filled_timestamp":1760810400000,"ft_is_entry":true,"ft_order_tag":"","cost":344.05370999999997},{"amount":1809.0,"safe_price":0.19038038038038035,"ft_order_side":"sell","order_filled_timestamp":1760842800000,"ft_is_entry":false,"ft_order_tag":"roi","cost":344.7425062162161}],"funding_fees":0.0,"weekday":6},{"pair":"DOGE/USDT","stake_amount":343.82436,"max_stake_amount":343.82436,"amount":1804.0,"open_date":"2025-10-19 04:00:00+00:00","close_date":"2025-10-19 09:00:00+00:00","open_rate":0.19059,"close_rate":0.19097156156156156,"fee_open":0.001,"fee_close":0.001,"trade_duration":300,"profit_ratio":0.0,"profit_abs":0.0,"exit_reason":"roi","initial_stop_loss_abs":0.18107,"initial_stop_loss_ratio":-0.05,"stop_loss_abs":0.18107,"stop_loss_ratio":-0.05,"min_rate":0.186,"max_rate":0.19184,"is_open":false,"enter_tag":"","leverage":1.0,"is_short":false,"open_timestamp":1760846400000,"close_timestamp":1760864400000,"orders":[{"amount":1804.0,"safe_price":0.19059,"ft_order_side":"buy","order_filled_timestamp":1760846400000,"ft_is_entry":true,"ft_order_tag":"","cost":344.16818436},{"amount":1804.0,"safe_price":0.19097156156156156,"ft_order_side":"sell","order_filled_timestamp":1760864400000,"ft_is_entry":false,"ft_order_tag":"roi","cost":344.8572097541141}],"funding_fees":0.0,"weekday":6},{"pair":"DOGE/USDT","stake_amount":343.8192,"max_stake_amount":343.8192,"amount":1726.0,"open_date":"2025-10-20 04:00:00+00:00","close_date":"2025-10-20 06:00:00+00:00","open_rate":0.1992,"close_rate":0.20135,"fee_open":0.001,"fee_close":0.001,"trade_duration":120,"profit_ratio":0.008773605912160129,"profit_abs":3.0195507,"exit_reason":"roi","initial_stop_loss_abs":0.18924,"initial_stop_loss_ratio":-0.05,"stop_loss_abs":0.18924,"stop_loss_ratio":-0.05,"min_rate":0.1992,"max_rate":0.20249,"is_open":false,"enter_tag":"","leverage":1.0,"is_short":false,"open_timestamp":1760932800000,"close_timestamp":1760940000000,"orders":[{"amount":1726.0,"safe_price":0.1992,"ft_order_side":"buy","order_filled_timestamp":1760932800000,"ft_is_entry":true,"ft_order_tag":"","cost":344.16301919999995},{"amount":1726.0,"safe_price":0.20135,"ft_order_side":"sell","order_filled_timestamp":1760940000000,"ft_is_entry":false,"ft_order_tag":"roi","cost":347.8776301}],"funding_fees":0.0,"weekday":0},{"pair":"DOGE/USDT","stake_amount":344.755,"max_stake_amount":344.755,"amount":1805.0,"open_date":"2025-10-22 12:00:00+00:00","close_date":"2025-10-22 14:00:00+00:00","open_rate":0.191,"close_rate":0.19236,"fee_open":0.001,"fee_close":0.001,"trade_duration":120,"profit_ratio":0.0051081902390802915,"profit_abs":1.7628352,"exit_reason":"roi","initial_stop_loss_abs":0.18145,"initial_stop_loss_ratio":-0.05,"stop_loss_abs":0.18145,"stop_loss_ratio":-0.05,"min_rate":0.18814,"max_rate":0.19275,"is_open":false,"enter_tag":"","leverage":1.0,"is_short":false,"open_timestamp":1761134400000,"close_timestamp":1761141600000,"orders":[{"amount":1805.0,"safe_price":0.191,"ft_order_side":"buy","order_filled_timestamp":1761134400000,"ft_is_entry":true,"ft_order_tag":"","cost":345.09975499999996},{"amount":1805.0,"safe_price":0.19236,"ft_order_side":"sell","order_filled_timestamp":1761141600000,"ft_is_entry":false,"ft_order_tag":"roi","cost":347.5570098}],"funding_fees":0.0,"weekday":2},{"pair":"DOGE/USDT","stake_amount":345.28841,"max_stake_amount":345.28841,"amount":1753.0,"open_date":"2025-10-25 22:00:00+00:00","close_date":"2025-10-26 09:00:00+00:00","open_rate":0.19697,"close_rate":0.19736433433433434,"fee_open":0.001,"fee_close":0.001,"trade_duration":660,"profit_ratio":0.0,"profit_abs":0.0,"exit_reason":"roi","initial_stop_loss_abs":0.18713,"initial_stop_loss_ratio":-0.05,"stop_loss_abs":0.18713,"stop_loss_ratio":-0.05,"min_rate":0.19465,"max_rate":0.20094,"is_open":false,"enter_tag":"","leverage":1.0,"is_short":false,"open_timestamp":1761429600000,"close_timestamp":1761469200000,"orders":[{"amount":1753.0,"safe_price":0.19697,"ft_order_side":"buy","order_filled_timestamp":1761429600000,"ft_is_entry":true,"ft_order_tag":"","cost":345.63369840999997},{"amount":1753.0,"safe_price":0.19736433433433434,"ft_order_side":"sell","order_filled_timestamp":1761469200000,"ft_is_entry":false,"ft_order_tag":"roi","cost":346.32565776617616}],"funding_fees":0.0,"weekday":6},{"pair":"DOGE/USDT","stake_amount":345.3072,"max_stake_amount":345.3072,"amount":1680.0,"open_date":"2025-10-26 23:00:00+00:00","close_date":"2025-10-27 01:00:00+00:00","open_rate":0.20554,"close_rate":0.20754,"fee_open":0.001,"fee_close":0.001,"trade_duration":120,"profit_ratio":0.007713022600635718,"profit_abs":2.6660256,"exit_reason":"roi","initial_stop_loss_abs":0.19527,"initial_stop_loss_ratio":-0.05,"stop_loss_abs":0.19527,"stop_loss_ratio":-0.05,"min_rate":0.20527,"max_rate":0.2093,"is_open":false,"enter_tag":"","leverage":1.0,"is_short":false,"open_timestamp":1761519600000,"close_timestamp":1761526800000,"orders":[{"amount":1680.0,"safe_price":0.20554,"ft_order_side":"buy","order_filled_timestamp":1761519600000,"ft_is_entry":true,"ft_order_tag":"","cost":345.6525072},{"amount":1680.0,"safe_price":0.20754,"ft_order_side":"sell","order_filled_timestamp":1761526800000,"ft_is_entry":false,"ft_order_tag":"roi","cost":349.01586719999995}],"funding_fees":0.0,"weekday":0},{"pair":"DOGE/USDT","stake_amount":346.2081,"max_stake_amount":346.2081,"amount":1722.0,"open_date":"2025-10-28 13:00:00+00:00","close_date":"2025-10-28 16:00:00+00:00","open_rate":0.20105,"close_rate":0.2014525025025025,"fee_open":0.001,"fee_close":0.001,"trade_duration":180,"profit_ratio":0.0,"profit_abs":0.0,"exit_reason":"roi","initial_stop_loss_abs":0.191,"initial_stop_loss_ratio":-0.05,"stop_loss_abs":0.191,"stop_loss_ratio":-0.05,"min_rate":0.19617,"max_rate":0.20311,"is_open":false,"enter_tag":"","leverage":1.0,"is_short":false,"open_timestamp":1761656400000,"close_timestamp":1761667200000,"orders":[{"amount":1722.0,"safe_price":0.20105,"ft_order_side":"buy","order_filled_timestamp":1761656400000,"ft_is_entry":true,"ft_order_tag":"","cost":346.55430809999996},{"amount":1722.0,"safe_price":0.2014525025025025,"ft_order_side":"sell","order_filled_timestamp":1761667200000,"ft_is_entry":false,"ft_order_tag":"roi","cost":347.2481105186186}],"funding_fees":0.0,"weekday":1},{"pair":"DOGE/USDT","stake_amount":346.27536,"max_stake_amount":346.27536,"amount":1719.0,"open_date":"2025-10-28 17:00:00+00:00","close_date":"2025-10-28 21:00:00+00:00","open_rate":0.20144,"close_rate":0.19137,"fee_open":0.001,"fee_close":0.001,"trade_duration":240,"profit_ratio":-0.051888193220599885,"profit_abs":-17.98557039,"exit_reason":"stop_loss","initial_stop_loss_abs":0.19137,"initial_stop_loss_ratio":-0.05,"stop_loss_abs":0.19137,"stop_loss_ratio":-0.05,"min_rate":0.19006,"max_rate":0.2025,"is_open":false,"enter_tag":"","leverage":1.0,"is_short":false,"open_timestamp":1761670800000,"close_timestamp":1761685200000,"orders":[{"amount":1719.0,"safe_price":0.20144,"ft_order_side":"buy","order_filled_timestamp":1761670800000,"ft_is_entry":true,"ft_order_tag":"","cost":346.62163535999997},{"amount":1719.0,"safe_price":0.19137,"ft_order_side":"sell","order_filled_timestamp":1761685200000,"ft_is_entry":false,"ft_order_tag":"stop_loss","cost":329.29399502999996}],"funding_fees":0.0,"weekday":1},{"pair":"DOGE/USDT","stake_amount":340.305,"max_stake_amount":340.305,"amount":1750.0,"open_date":"2025-10-30 03:00:00+00:00","close_date":"2025-10-30 12:00:00+00:00","open_rate":0.19446,"close_rate":0.18474,"fee_open":0.001,"fee_close":0.001,"trade_duration":540,"profit_ratio":-0.05188270538471094,"profit_abs":-17.6736,"exit_reason":"stop_loss","initial_stop_loss_abs":0.18474,"initial_stop_loss_ratio":-0.05,"stop_loss_abs":0.18474,"stop_loss_ratio":-0.05,"min_rate":0.18275,"max_rate":0.19451,"is_open":false,"enter_tag":"","leverage":1.0,"is_short":false,"open_timestamp":1761793200000,"close_timestamp":1761825600000,"orders":[{"amount":1750.0,"safe_price":0.19446,"ft_order_side":"buy","order_filled_timestamp":1761793200000,"ft_is_entry":true,"ft_order_tag":"","cost":340.64530499999995},{"amount":1750.0,"safe_price":0.18474,"ft_order_side":"sell","order_filled_timestamp":1761825600000,"ft_is_entry":false,"ft_order_tag":"stop_loss","cost":323.61829499999993}],"funding_fees":0.0,"weekday":3},{"pair":"DOGE/USDT","stake_amount":334.45542,"max_stake_amount":334.45542,"amount":1794.0,"open_date":"2025-10-31 14:00:00+00:00","close_date":"2025-10-31 19:00:00+00:00","open_rate":0.18643,"close_rate":0.18680323323323322,"fee_open":0.001,"fee_close":0.001,"trade_duration":300,"profit_ratio":0.0,"profit_abs":0.0,"exit_reason":"roi","initial_stop_loss_abs":0.17711,"initial_stop_loss_ratio":-0.05,"stop_loss_abs":0.17711,"stop_loss_ratio":-0.05,"min_rate":0.18275,"max_rate":0.18816,"is_open":false,"enter_tag":"","leverage":1.0,"is_short":false,"open_timestamp":1761919200000,"close_timestamp":1761937200000,"orders":[{"amount":1794.0,"safe_price":0.18643,"ft_order_side":"buy","order_filled_timestamp":1761919200000,"ft_is_entry":true,"ft_order_tag":"","cost":334.78987542},{"amount":1794.0,"safe_price":0.18680323323323322,"ft_order_side":"sell","order_filled_timestamp":1761937200000,"ft_is_entry":false,"ft_order_tag":"roi","cost":335.46012542084077}],"funding_fees":0.0,"weekday":4},{"pair":"DOGE/USDT","stake_amount":334.48758,"max_stake_amount":334.48758,"amount":1779.0,"open_date":"2025-11-02 05:00:00+00:00","close_date":"2025-11-02 07:00:00+00:00","open_rate":0.18802,"close_rate":0.18839641641641638,"fee_open":0.001,"fee_close":0.001,"trade_duration":120,"profit_ratio":0.0,"profit_abs":0.0,"exit_reason":"roi","initial_stop_loss_abs":0.17862,"initial_stop_loss_ratio":-0.05,"stop_loss_abs":0.17862,"stop_loss_ratio":-0.05,"min_rate":0.18701,"max_rate":0.18884,"is_open":false,"enter_tag":"","leverage":1.0,"is_short":false,"open_timestamp":1762059600000,"close_timestamp":1762066800000,"orders":[{"amount":1779.0,"safe_price":0.18802,"ft_order_side":"buy","order_filled_timestamp":1762059600000,"ft_is_entry":true,"ft_order_tag":"","cost":334.82206757999995},{"amount":1779.0,"safe_price":0.18839641641641638,"ft_order_side":"sell","order_filled_timestamp":1762066800000,"ft_is_entry":false,"ft_order_tag":"roi","cost":335.49238202960953}],"funding_fees":0.0,"weekday":6},{"pair":"DOGE/USDT","stake_amount":334.46345,"max_stake_amount":334.46345,"amount":2105.0,"open_date":"2025-11-04 21:00:00+00:00","close_date":"2025-11-04 23:00:00+00:00","open_rate":0.15889,"close_rate":0.16344,"fee_open":0.001,"fee_close":0.001,"trade_duration":120,"profit_ratio":0.02658094627381555,"profit_abs":8.89924535,"exit_reason":"roi","initial_stop_loss_abs":0.15095,"initial_stop_loss_ratio":-0.05,"stop_loss_abs":0.15095,"stop_loss_ratio":-0.05,"min_rate":0.15159,"max_rate":0.16436,"is_open":false,"enter_tag":"","leverage":1.0,"is_short":false,"open_timestamp":1762290000000,"close_timestamp":1762297200000,"orders":[{"amount":2105.0,"safe_price":0.15889,"ft_order_side":"buy","order_filled_timestamp":1762290000000,"ft_is_entry":true,"ft_order_tag":"","cost":334.79791345},{"amount":2105.0,"safe_price":0.16344,"ft_order_side":"sell","order_filled_timestamp":1762297200000,"ft_is_entry":false,"ft_order_tag":"roi","cost":344.38524119999994}],"funding_fees":0.0,"weekday":1},{"pair":"DOGE/USDT","stake_amount":337.35255,"max_stake_amount":337.35255,"amount":2039.0,"open_date":"2025-11-07 15:00:00+00:00","close_date":"2025-11-07 16:00:00+00:00","open_rate":0.16545,"close_rate":0.174062012012012,"fee_open":0.001,"fee_close":0.001,"trade_duration":60,"profit_ratio":0.04995004995004995,"profit_abs":16.8676275,"exit_reason":"roi","initial_stop_loss_abs":0.15718,"initial_stop_loss_ratio":-0.05,"stop_loss_abs":0.15718,"stop_loss_ratio":-0.05,"min_rate":0.16408,"max_rate":0.17555,"is_open":false,"enter_tag":"","leverage":1.0,"is_short":false,"open_timestamp":1762527600000,"close_timestamp":1762531200000,"orders":[{"amount":2039.0,"safe_price":0.16545,"ft_order_side":"buy","order_filled_timestamp":1762527600000,"ft_is_entry":true,"ft_order_tag":"","cost":337.68990254999994},{"amount":2039.0,"safe_price":0.174062012012012,"ft_order_side":"sell","order_filled_timestamp":1762531200000,"ft_is_entry":false,"ft_order_tag":"roi","cost":355.2673549349849}],"funding_fees":0.0,"weekday":4},{"pair":"DOGE/USDT","stake_amount":343.00272,"max_stake_amount":343.00272,"amount":1968.0,"open_date":"2025-11-09 11:00:00+00:00","close_date":"2025-11-09 13:00:00+00:00","open_rate":0.17429,"close_rate":0.17546,"fee_open":0.001,"fee_close":0.001,"trade_duration":120,"profit_ratio":0.004701535196686955,"profit_abs":1.614252,"exit_reason":"roi","initial_stop_loss_abs":0.16558,"initial_stop_loss_ratio":-0.05,"stop_loss_abs":0.16558,"stop_loss_ratio":-0.05,"min_rate":0.17429,"max_rate":0.17675,"is_open":false,"enter_tag":"","leverage":1.0,"is_short":false,"open_timestamp":1762686000000,"close_timestamp":1762693200000,"orders":[{"amount":1968.0,"safe_price":0.17429,"ft_order_side":"buy","order_filled_timestamp":1762686000000,"ft_is_entry":true,"ft_order_tag":"","cost":343.34572271999997},{"amount":1968.0,"safe_price":0.17546,"ft_order_side":"sell","order_filled_timestamp":1762693200000,"ft_is_entry":false,"ft_order_tag":"roi","cost":345.6505852799999}],"funding_fees":0.0,"weekday":6},{"pair":"DOGE/USDT","stake_amount":343.49686,"max_stake_amount":343.49686,"amount":1883.0,"open_date":"2025-11-10 01:00:00+00:00","close_date":"2025-11-10 09:00:00+00:00","open_rate":0.18242,"close_rate":0.1827852052052052,"fee_open":0.001,"fee_close":0.001,"trade_duration":480,"profit_ratio":0.0,"profit_abs":0.0,"exit_reason":"roi","initial_stop_loss_abs":0.1733,"initial_stop_loss_ratio":-0.05,"stop_loss_abs":0.1733,"stop_loss_ratio":-0.05,"min_rate":0.17963,"max_rate":0.18575,"is_open":false,"enter_tag":"","leverage":1.0,"is_short":false,"open_timestamp":1762736400000,"close_timestamp":1762765200000,"orders":[{"amount":1883.0,"safe_price":0.18242,"ft_order_side":"buy","order_filled_timestamp":1762736400000,"ft_is_entry":true,"ft_order_tag":"","cost":343.84035685999993},{"amount":1883.0,"safe_price":0.1827852052052052,"ft_order_side":"sell","order_filled_timestamp":1762765200000,"ft_is_entry":false,"ft_order_tag":"roi","cost":344.52872594280274}],"funding_fees":0.0,"weekday":0},{"pair":"DOGE/USDT","stake_amount":343.38816,"max_stake_amount":343.38816,"amount":1863.0,"open_date":"2025-11-10 10:00:00+00:00","close_date":"2025-11-11 01:00:00+00:00","open_rate":0.18432,"close_rate":0.184689009009009,"fee_open":0.001,"fee_close":0.001,"trade_duration":900,"profit_ratio":0.0,"profit_abs":0.0,"exit_reason":"roi","initial_stop_loss_abs":0.17511,"initial_stop_loss_ratio":-0.05,"stop_loss_abs":0.17511,"stop_loss_ratio":-0.05,"min_rate":0.17722,"max_rate":0.1864,"is_open":false,"enter_tag":"","leverage":1.0,"is_short":false,"open_timestamp":1762768800000,"close_timestamp":1762822800000,"orders":[{"amount":1863.0,"safe_price":0.18432,"ft_order_side":"buy","order_filled_timestamp":1762768800000,"ft_is_entry":true,"ft_order_tag":"","cost":343.73154816},{"amount":1863.0,"safe_price":0.184689009009009,"ft_order_side":"sell","order_filled_timestamp":1762822800000,"ft_is_entry":false,"ft_order_tag":"roi","cost":344.4196994075675}],"funding_fees":0.0,"weekday":1},{"pair":"DOGE/USDT","stake_amount":343.49344,"max_stake_amount":343.49344,"amount":1952.0,"open_date":"2025-11-13 11:00:00+00:00","close_date":"2025-11-13 14:00:00+00:00","open_rate":0.17597,"close_rate":0.17632229229229224,"fee_open":0.001,"fee_close":0.001,"trade_duration":180,"profit_ratio":0.0,"profit_abs":0.0,"exit_reason":"roi","initial_stop_loss_abs":0.16718,"initial_stop_loss_ratio":-0.05,"stop_loss_abs":0.16718,"stop_loss_ratio":-0.05,"min_rate":0.17293,"max_rate":0.17766,"is_open":false,"enter_tag":"","leverage":1.0,"is_short":false,"open_timestamp":1763031600000,"close_timestamp":1763042400000,"orders":[{"amount":1952.0,"safe_price":0.17597,"ft_order_side":"buy","order_filled_timestamp":1763031600000,"ft_is_entry":true,"ft_order_tag":"","cost":343.83693343999994},{"amount":1952.0,"safe_price":0.17632229229229224,"ft_order_side":"sell","order_filled_timestamp":1763042400000,"ft_is_entry":false,"ft_order_tag":"roi","cost":344.52529566910897}],"funding_fees":0.0,"weekday":3},{"pair":"DOGE/USDT","stake_amount":343.48782,"max_stake_amount":343.48782,"amount":2102.0,"open_date":"2025-11-16 06:00:00+00:00","close_date":"2025-11-16 08:00:00+00:00","open_rate":0.16341,"close_rate":0.16408,"fee_open":0.001,"fee_close":0.001,"trade_duration":120,"profit_ratio":0.0020939222334485784,"profit_abs":0.71995602,"exit_reason":"roi","initial_stop_loss_abs":0.15524,"initial_stop_loss_ratio":-0.05,"stop_loss_abs":0.15524,"stop_loss_ratio":-0.05,"min_rate":0.16295,"max_rate":0.16445,"is_open":false,"enter_tag":"","leverage":1.0,"is_short":false,"open_timestamp":1763272800000,"close_timestamp":1763280000000,"orders":[{"amount":2102.0,"safe_price":0.16341,"ft_order_side":"buy","order_filled_timestamp":1763272800000,"ft_is_entry":true,"ft_order_tag":"","cost":343.83130781999995},{"amount":2102.0,"safe_price":0.16408,"ft_order_side":"sell","order_filled_timestamp":1763280000000,"ft_is_entry":false,"ft_order_tag":"roi","cost":345.24105615999997}],"funding_fees":0.0,"weekday":6},{"pair":"DOGE/USDT","stake_amount":343.77258,"max_stake_amount":343.77258,"amount":2118.0,"open_date":"2025-11-17 15:00:00+00:00","close_date":"2025-11-17 18:00:00+00:00","open_rate":0.16231,"close_rate":0.1542,"fee_open":0.001,"fee_close":0.001,"trade_duration":180,"profit_ratio":-0.051864283827810415,"profit_abs":-17.84734818,"exit_reason":"stop_loss","initial_stop_loss_abs":0.1542,"initial_stop_loss_ratio":-0.05,"stop_loss_abs":0.1542,"stop_loss_ratio":-0.05,"min_rate":0.15372,"max_rate":0.16367,"is_open":false,"enter_tag":"","leverage":1.0,"is_short":false,"open_timestamp":1763391600000,"close_timestamp":1763402400000,"orders":[{"amount":2118.0,"safe_price":0.16231,"ft_order_side":"buy","order_filled_timestamp":1763391600000,"ft_is_entry":true,"ft_order_tag":"","cost":344.11635257999995},{"amount":2118.0,"safe_price":0.1542,"ft_order_side":"sell","order_filled_timestamp":1763402400000,"ft_is_entry":false,"ft_order_tag":"stop_loss","cost":326.92219559999995}],"funding_fees":0.0,"weekday":0},{"pair":"DOGE/USDT","stake_amount":337.7997,"max_stake_amount":337.7997,"amount":2135.0,"open_date":"2025-11-20 08:00:00+00:00","close_date":"2025-11-20 12:00:00+00:00","open_rate":0.15822,"close_rate":0.15853675675675674,"fee_open":0.001,"fee_close":0.001,"trade_duration":240,"profit_ratio":0.0,"profit_abs":0.0,"exit_reason":"roi","initial_stop_loss_abs":0.15031,"initial_stop_loss_ratio":-0.05,"stop_loss_abs":0.15031,"stop_loss_ratio":-0.05,"min_rate":0.15644,"max_rate":0.15925,"is_open":false,"enter_tag":"","leverage":1.0,"is_short":false,"open_timestamp":1763625600000,"close_timestamp":1763640000000,"orders":[{"amount":2135.0,"safe_price":0.15822,"ft_order_side":"buy","order_filled_timestamp":1763625600000,"ft_is_entry":true,"ft_order_tag":"","cost":338.1374996999999},{"amount":2135.0,"safe_price":0.15853675675675674,"ft_order_side":"sell","order_filled_timestamp":1763640000000,"ft_is_entry":false,"ft_order_tag":"roi","cost":338.8144516513513}],"funding_fees":0.0,"weekday":3},{"pair":"DOGE/USDT","stake_amount":337.88592,"max_stake_amount":337.88592,"amount":2124.0,"open_date":"2025-11-20 15:00:00+00:00","close_date":"2025-11-20 16:00:00+00:00","open_rate":0.15908,"close_rate":0.15113,"fee_open":0.001,"fee_close":0.001,"trade_duration":60,"profit_ratio":-0.05187300755568293,"profit_abs":-17.54468604,"exit_reason":"stop_loss","initial_stop_loss_abs":0.15113,"initial_stop_loss_ratio":-0.05,"stop_loss_abs":0.15113,"stop_loss_ratio":-0.05,"min_rate":0.15,"max_rate":0.15913,"is_open":false,"enter_tag":"","leverage":1.0,"is_short":false,"open_timestamp":1763650800000,"close_timestamp":1763654400000,"orders":[{"amount":2124.0,"safe_price":0.15908,"ft_order_side":"buy","order_filled_timestamp":1763650800000,"ft_is_entry":true,"ft_order_tag":"","cost":338.22380591999996},{"amount":2124.0,"safe_price":0.15113,"ft_order_side":"sell","order_filled_timestamp":1763654400000,"ft_is_entry":false,"ft_order_tag":"stop_loss","cost":321.32112011999993}],"funding_fees":0.0,"weekday":3},{"pair":"DOGE/USDT","stake_amount":332.04236,"max_stake_amount":332.04236,"amount":2249.0,"open_date":"2025-11-21 05:00:00+00:00","close_date":"2025-11-21 07:00:00+00:00","open_rate":0.14764,"close_rate":0.14026,"fee_open":0.001,"fee_close":0.001,"trade_duration":120,"profit_ratio":-0.051884582499591984,"profit_abs":-17.2451071,"exit_reason":"stop_loss","initial_stop_loss_abs":0.14026,"initial_stop_loss_ratio":-0.05,"stop_loss_abs":0.14026,"stop_loss_ratio":-0.05,"min_rate":0.13441,"max_rate":0.14824,"is_open":false,"enter_tag":"","leverage":1.0,"is_short":false,"open_timestamp":1763701200000,"close_timestamp":1763708400000,"orders":[{"amount":2249.0,"safe_price":0.14764,"ft_order_side":"buy","order_filled_timestamp":1763701200000,"ft_is_entry":true,"ft_order_tag":"","cost":332.3744023599999},{"amount":2249.0,"safe_price":0.14026,"ft_order_side":"sell","order_filled_timestamp":1763708400000,"ft_is_entry":false,"ft_order_tag":"stop_loss","cost":315.76018473999994}],"funding_fees":0.0,"weekday":4},{"pair":"DOGE/USDT","stake_amount":326.38116,"max_stake_amount":326.38116,"amount":2362.0,"open_date":"2025-11-22 12:00:00+00:00","close_date":"2025-11-22 14:00:00+00:00","open_rate":0.13818,"close_rate":0.13845663663663663,"fee_open":0.001,"fee_close":0.001,"trade_duration":120,"profit_ratio":0.0,"profit_abs":0.0,"exit_reason":"roi","initial_stop_loss_abs":0.13128,"initial_stop_loss_ratio":-0.05,"stop_loss_abs":0.13128,"stop_loss_ratio":-0.05,"min_rate":0.13563,"max_rate":0.13943,"is_open":false,"enter_tag":"","leverage":1.0,"is_short":false,"open_timestamp":1763812800000,"close_timestamp":1763820000000,"orders":[{"amount":2362.0,"safe_price":0.13818,"ft_order_side":"buy","order_filled_timestamp":1763812800000,"ft_is_entry":true,"ft_order_tag":"","cost":326.70754115999995},{"amount":2362.0,"safe_price":0.13845663663663663,"ft_order_side":"sell","order_filled_timestamp":1763820000000,"ft_is_entry":false,"ft_order_tag":"roi","cost":327.3616103114714}],"funding_fees":0.0,"weekday":5},{"pair":"DOGE/USDT","stake_amount":326.30514,"max_stake_amount":326.30514,"amount":2346.0,"open_date":"2025-11-22 15:00:00+00:00","close_date":"2025-11-22 17:00:00+00:00","open_rate":0.13909,"close_rate":0.13953,"fee_open":0.001,"fee_close":0.001,"trade_duration":120,"profit_ratio":0.0011590968525327574,"profit_abs":0.37859748,"exit_reason":"roi","initial_stop_loss_abs":0.13214,"initial_stop_loss_ratio":-0.05,"stop_loss_abs":0.13214,"stop_loss_ratio":-0.05,"min_rate":0.13729,"max_rate":0.13977,"is_open":false,"enter_tag":"","leverage":1.0,"is_short":false,"open_timestamp":1763823600000,"close_timestamp":1763830800000,"orders":[{"amount":2346.0,"safe_price":0.13909,"ft_order_side":"buy","order_filled_timestamp":1763823600000,"ft_is_entry":true,"ft_order_tag":"","cost":326.63144514},{"amount":2346.0,"safe_price":0.13953,"ft_order_side":"sell","order_filled_timestamp":1763830800000,"ft_is_entry":false,"ft_order_tag":"roi","cost":327.66471737999996}],"funding_fees":0.0,"weekday":5},{"pair":"DOGE/USDT","stake_amount":326.49984,"max_stake_amount":326.49984,"amount":2304.0,"open_date":"2025-11-23 02:00:00+00:00","close_date":"2025-11-23 04:00:00+00:00","open_rate":0.14171,"close_rate":0.14289,"fee_open":0.001,"fee_close":0.001,"trade_duration":120,"profit_ratio":0.006312225633374459,"profit_abs":2.0630016,"exit_reason":"roi","initial_stop_loss_abs":0.13463,"initial_stop_loss_ratio":-0.05,"stop_loss_abs":0.13463,"stop_loss_ratio":-0.05,"min_rate":0.14124,"max_rate":0.1447,"is_open":false,"enter_tag":"","leverage":1.0,"is_short":false,"open_timestamp":1763863200000,"close_timestamp":1763870400000,"orders":[{"amount":2304.0,"safe_price":0.14171,"ft_order_side":"buy","order_filled_timestamp":1763863200000,"ft_is_entry":true,"ft_order_tag":"","cost":326.82633983999995},{"amount":2304.0,"safe_price":0.14289,"ft_order_side":"sell","order_filled_timestamp":1763870400000,"ft_is_entry":false,"ft_order_tag":"roi","cost":329.5477785599999}],"funding_fees":0.0,"weekday":6},{"pair":"DOGE/USDT","stake_amount":327.18888,"max_stake_amount":327.18888,"amount":2232.0,"open_date":"2025-11-23 20:00:00+00:00","close_date":"2025-11-23 22:00:00+00:00","open_rate":0.14659,"close_rate":0.14705,"fee_open":0.001,"fee_close":0.001,"trade_duration":120,"profit_ratio":0.0011337322204366341,"profit_abs":0.37131552,"exit_reason":"roi","initial_stop_loss_abs":0.13927,"initial_stop_loss_ratio":-0.05,"stop_loss_abs":0.13927,"stop_loss_ratio":-0.05,"min_rate":0.14579,"max_rate":0.14754,"is_open":false,"enter_tag":"","leverage":1.0,"is_short":false,"open_timestamp":1763928000000,"close_timestamp":1763935200000,"orders":[{"amount":2232.0,"safe_price":0.14659,"ft_order_side":"buy","order_filled_timestamp":1763928000000,"ft_is_entry":true,"ft_order_tag":"","cost":327.5160688799999},{"amount":2232.0,"safe_price":0.14705,"ft_order_side":"sell","order_filled_timestamp":1763935200000,"ft_is_entry":false,"ft_order_tag":"roi","cost":328.54381559999996}],"funding_fees":0.0,"weekday":6},{"pair":"DOGE/USDT","stake_amount":327.25365,"max_stake_amount":327.25365,"amount":2245.0,"open_date":"2025-11-24 14:00:00+00:00","close_date":"2025-11-24 16:00:00+00:00","open_rate":0.14577,"close_rate":0.14682,"fee_open":0.001,"fee_close":0.001,"trade_duration":120,"profit_ratio":0.005190734353113444,"profit_abs":1.70038545,"exit_reason":"roi","initial_stop_loss_abs":0.13849,"initial_stop_loss_ratio":-0.05,"stop_loss_abs":0.13849,"stop_loss_ratio":-0.05,"min_rate":0.14279,"max_rate":0.14854,"is_open":false,"enter_tag":"","leverage":1.0,"is_short":false,"open_timestamp":1763992800000,"close_timestamp":1764000000000,"orders":[{"amount":2245.0,"safe_price":0.14577,"ft_order_side":"buy","order_filled_timestamp":1763992800000,"ft_is_entry":true,"ft_order_tag":"","cost":327.58090365000004},{"amount":2245.0,"safe_price":0.14682,"ft_order_side":"sell","order_filled_timestamp":1764000000000,"ft_is_entry":false,"ft_order_tag":"roi","cost":329.9405109}],"funding_fees":0.0,"weekday":0},{"pair":"DOGE/USDT","stake_amount":327.91524,"max_stake_amount":327.91524,"amount":2194.0,"open_date":"2025-11-25 13:00:00+00:00","close_date":"2025-11-25 16:00:00+00:00","open_rate":0.14946,"close_rate":0.14975921921921923,"fee_open":0.001,"fee_close":0.001,"trade_duration":180,"profit_ratio":0.0,"profit_abs":0.0,"exit_reason":"roi","initial_stop_loss_abs":0.14199,"initial_stop_loss_ratio":-0.05,"stop_loss_abs":0.14199,"stop_loss_ratio":-0.05,"min_rate":0.14585,"max_rate":0.15052,"is_open":false,"enter_tag":"","leverage":1.0,"is_short":false,"open_timestamp":1764075600000,"close_timestamp":1764086400000,"orders":[{"amount":2194.0,"safe_price":0.14946,"ft_order_side":"buy","order_filled_timestamp":1764075600000,"ft_is_entry":true,"ft_order_tag":"","cost":328.24315524},{"amount":2194.0,"safe_price":0.14975921921921923,"ft_order_side":"sell","order_filled_timestamp":1764086400000,"ft_is_entry":false,"ft_order_tag":"roi","cost":328.9002986939339}],"funding_fees":0.0,"weekday":1},{"pair":"DOGE/USDT","stake_amount":327.77472,"max_stake_amount":327.77472,"amount":2144.0,"open_date":"2025-11-27 15:00:00+00:00","close_date":"2025-11-27 17:00:00+00:00","open_rate":0.15288,"close_rate":0.15328,"fee_open":0.001,"fee_close":0.001,"trade_duration":120,"profit_ratio":0.0006132015551167828,"profit_abs":0.20119296,"exit_reason":"roi","initial_stop_loss_abs":0.14524,"initial_stop_loss_ratio":-0.05,"stop_loss_abs":0.14524,"stop_loss_ratio":-0.05,"min_rate":0.15252,"max_rate":0.15406,"is_open":false,"enter_tag":"","leverage":1.0,"is_short":false,"open_timestamp":1764255600000,"close_timestamp":1764262800000,"orders":[{"amount":2144.0,"safe_price":0.15288,"ft_order_side":"buy","order_filled_timestamp":1764255600000,"ft_is_entry":true,"ft_order_tag":"","cost":328.10249472},{"amount":2144.0,"safe_price":0.15328,"ft_order_side":"sell","order_filled_timestamp":1764262800000,"ft_is_entry":false,"ft_order_tag":"roi","cost":328.96095231999993}],"funding_fees":0.0,"weekday":3},{"pair":"DOGE/USDT","stake_amount":327.9395,"max_stake_amount":327.9395,"amount":2150.0,"open_date":"2025-11-28 14:00:00+00:00","close_date":"2025-11-28 16:00:00+00:00","open_rate":0.15253,"close_rate":0.15376,"fee_open":0.001,"fee_close":0.001,"trade_duration":120,"profit_ratio":0.006049873551348671,"profit_abs":1.9859765,"exit_reason":"roi","initial_stop_loss_abs":0.14491,"initial_stop_loss_ratio":-0.05,"stop_loss_abs":0.14491,"stop_loss_ratio":-0.05,"min_rate":0.15034,"max_rate":0.15554,"is_open":false,"enter_tag":"","leverage":1.0,"is_short":false,"open_timestamp":1764338400000,"close_timestamp":1764345600000,"orders":[{"amount":2150.0,"safe_price":0.15253,"ft_order_side":"buy","order_filled_timestamp":1764338400000,"ft_is_entry":true,"ft_order_tag":"","cost":328.26743949999997},{"amount":2150.0,"safe_price":0.15376,"ft_order_side":"sell","order_filled_timestamp":1764345600000,"ft_is_entry":false,"ft_order_tag":"roi","cost":330.914584}],"funding_fees":0.0,"weekday":4},{"pair":"DOGE/USDT","stake_amount":328.60374,"max_stake_amount":328.60374,"amount":2217.0,"open_date":"2025-11-29 20:00:00+00:00","close_date":"2025-11-29 22:00:00+00:00","open_rate":0.14822,"close_rate":0.14889,"fee_open":0.001,"fee_close":0.001,"trade_duration":120,"profit_ratio":0.002513274069069508,"profit_abs":0.82669713,"exit_reason":"roi","initial_stop_loss_abs":0.14081,"initial_stop_loss_ratio":-0.05,"stop_loss_abs":0.14081,"stop_loss_ratio":-0.05,"min_rate":0.14782,"max_rate":0.149,"is_open":false,"enter_tag":"","leverage":1.0,"is_short":false,"open_timestamp":1764446400000,"close_timestamp":1764453600000,"orders":[{"amount":2217.0,"safe_price":0.14822,"ft_order_side":"buy","order_filled_timestamp":1764446400000,"ft_is_entry":true,"ft_order_tag":"","cost":328.9323437399999},{"amount":2217.0,"safe_price":0.14889,"ft_order_side":"sell","order_filled_timestamp":1764453600000,"ft_is_entry":false,"ft_order_tag":"roi","cost":330.41921913}],"funding_fees":0.0,"weekday":5},{"pair":"DOGE/USDT","stake_amount":328.83846,"max_stake_amount":328.83846,"amount":2199.0,"open_date":"2025-11-30 13:00:00+00:00","close_date":"2025-11-30 16:00:00+00:00","open_rate":0.14954,"close_rate":0.14983937937937936,"fee_open":0.001,"fee_close":0.001,"trade_duration":180,"profit_ratio":0.0,"profit_abs":0.0,"exit_reason":"roi","initial_stop_loss_abs":0.14207,"initial_stop_loss_ratio":-0.05,"stop_loss_abs":0.14207,"stop_loss_ratio":-0.05,"min_rate":0.14894,"max_rate":0.15059,"is_open":false,"enter_tag":"","leverage":1.0,"is_short":false,"open_timestamp":1764507600000,"close_timestamp":1764518400000,"orders":[{"amount":2199.0,"safe_price":0.14954,"ft_order_side":"buy","order_filled_timestamp":1764507600000,"ft_is_entry":true,"ft_order_tag":"","cost":329.16729846},{"amount":2199.0,"safe_price":0.14983937937937936,"ft_order_side":"sell","order_filled_timestamp":1764518400000,"ft_is_entry":false,"ft_order_tag":"roi","cost":329.82629205051046}],"funding_fees":0.0,"weekday":6},{"pair":"DOGE/USDT","stake_amount":328.90088,"max_stake_amount":328.90088,"amount":2354.0,"open_date":"2025-12-07 13:00:00+00:00","close_date":"2025-12-07 17:00:00+00:00","open_rate":0.13972,"close_rate":0.13999971971971972,"fee_open":0.001,"fee_close":0.001,"trade_duration":240,"profit_ratio":0.0,"profit_abs":0.0,"exit_reason":"roi","initial_stop_loss_abs":0.13274,"initial_stop_loss_ratio":-0.05,"stop_loss_abs":0.13274,"stop_loss_ratio":-0.05,"min_rate":0.13486,"max_rate":0.1421,"is_open":false,"enter_tag":"","leverage":1.0,"is_short":false,"open_timestamp":1765112400000,"close_timestamp":1765126800000,"orders":[{"amount":2354.0,"safe_price":0.13972,"ft_order_side":"buy","order_filled_timestamp":1765112400000,"ft_is_entry":true,"ft_order_tag":"","cost":329.22978088},{"amount":2354.0,"safe_price":0.13999971971971972,"ft_order_side":"sell","order_filled_timestamp":1765126800000,"ft_is_entry":false,"ft_order_tag":"roi","cost":329.8888995604404}],"funding_fees":0.0,"weekday":6},{"pair":"DOGE/USDT","stake_amount":328.79288,"max_stake_amount":328.79288,"amount":2344.0,"open_date":"2025-12-09 11:00:00+00:00","close_date":"2025-12-09 13:00:00+00:00","open_rate":0.14027,"close_rate":0.14157,"fee_open":0.001,"fee_close":0.001,"trade_duration":120,"profit_ratio":0.007251321431117539,"profit_abs":2.38656704,"exit_reason":"roi","initial_stop_loss_abs":0.13326,"initial_stop_loss_ratio":-0.05,"stop_loss_abs":0.13326,"stop_loss_ratio":-0.05,"min_rate":0.13995,"max_rate":0.14244,"is_open":false,"enter_tag":"","leverage":1.0,"is_short":false,"open_timestamp":1765278000000,"close_timestamp":1765285200000,"orders":[{"amount":2344.0,"safe_price":0.14027,"ft_order_side":"buy","order_filled_timestamp":1765278000000,"ft_is_entry":true,"ft_order_tag":"","cost":329.12167288},{"amount":2344.0,"safe_price":0.14157,"ft_order_side":"sell","order_filled_timestamp":1765285200000,"ft_is_entry":false,"ft_order_tag":"roi","cost":332.17192007999995}],"funding_fees":0.0,"weekday":1},{"pair":"DOGE/USDT","stake_amount":329.6436,"max_stake_amount":329.6436,"amount":2260.0,"open_date":"2025-12-10 17:00:00+00:00","close_date":"2025-12-10 19:00:00+00:00","open_rate":0.14586,"close_rate":0.14694,"fee_open":0.001,"fee_close":0.001,"trade_duration":120,"profit_ratio":0.005391564420770509,"profit_abs":1.779072,"exit_reason":"roi","initial_stop_loss_abs":0.13857,"initial_stop_loss_ratio":-0.05,"stop_loss_abs":0.13857,"stop_loss_ratio":-0.05,"min_rate":0.14535,"max_rate":0.14933,"is_open":false,"enter_tag":"","leverage":1.0,"is_short":false,"open_timestamp":1765386000000,"close_timestamp":1765393200000,"orders":[{"amount":2260.0,"safe_price":0.14586,"ft_order_side":"buy","order_filled_timestamp":1765386000000,"ft_is_entry":true,"ft_order_tag":"","cost":329.97324359999993},{"amount":2260.0,"safe_price":0.14694,"ft_order_side":"sell","order_filled_timestamp":1765393200000,"ft_is_entry":false,"ft_order_tag":"roi","cost":332.41648439999994}],"funding_fees":0.0,"weekday":2},{"pair":"DOGE/USDT","stake_amount":330.17584,"max_stake_amount":330.17584,"amount":2344.0,"open_date":"2025-12-12 06:00:00+00:00","close_date":"2025-12-12 10:00:00+00:00","open_rate":0.14086,"close_rate":0.141142002002002,"fee_open":0.001,"fee_close":0.001,"trade_duration":240,"profit_ratio":0.0,"profit_abs":0.0,"exit_reason":"roi","initial_stop_loss_abs":0.13382,"initial_stop_loss_ratio":-0.05,"stop_loss_abs":0.13382,"stop_loss_ratio":-0.05,"min_rate":0.13992,"max_rate":0.14155,"is_open":false,"enter_tag":"","leverage":1.0,"is_short":false,"open_timestamp":1765519200000,"close_timestamp":1765533600000,"orders":[{"amount":2344.0,"safe_price":0.14086,"ft_order_side":"buy","order_filled_timestamp":1765519200000,"ft_is_entry":true,"ft_order_tag":"","cost":330.50601584000003},{"amount":2344.0,"safe_price":0.141142002002002,"ft_order_side":"sell","order_filled_timestamp":1765533600000,"ft_is_entry":false,"ft_order_tag":"roi","cost":331.1676895453853}],"funding_fees":0.0,"weekday":4},{"pair":"DOGE/USDT","stake_amount":330.17283,"max_stake_amount":330.17283,"amount":2367.0,"open_date":"2025-12-13 16:00:00+00:00","close_date":"2025-12-15 15:00:00+00:00","open_rate":0.13949,"close_rate":0.13252,"fee_open":0.001,"fee_close":0.001,"trade_duration":2820,"profit_ratio":-0.05186590597731181,"profit_abs":-17.14183767,"exit_reason":"stop_loss","initial_stop_loss_abs":0.13252,"initial_stop_loss_ratio":-0.05,"stop_loss_abs":0.13252,"stop_loss_ratio":-0.05,"min_rate":0.12977,"max_rate":0.13992,"is_open":false,"enter_tag":"","leverage":1.0,"is_short":false,"open_timestamp":1765641600000,"close_timestamp":1765810800000,"orders":[{"amount":2367.0,"safe_price":0.13949,"ft_order_side":"buy","order_filled_timestamp":1765641600000,"ft_is_entry":true,"ft_order_tag":"","cost":330.50300283},{"amount":2367.0,"safe_price":0.13252,"ft_order_side":"sell","order_filled_timestamp":1765810800000,"ft_is_entry":false,"ft_order_tag":"stop_loss","cost":313.98851484}],"funding_fees":0.0,"weekday":0},{"pair":"DOGE/USDT","stake_amount":324.61527,"max_stake_amount":324.61527,"amount":2471.0,"open_date":"2025-12-16 15:00:00+00:00","close_date":"2025-12-16 17:00:00+00:00","open_rate":0.13137,"close_rate":0.13164,"fee_open":0.001,"fee_close":0.001,"trade_duration":120,"profit_ratio":5.315533975045279e-05,"profit_abs":0.01727229,"exit_reason":"roi","initial_stop_loss_abs":0.12481,"initial_stop_loss_ratio":-0.05,"stop_loss_abs":0.12481,"stop_loss_ratio":-0.05,"min_rate":0.13069,"max_rate":0.13305,"is_open":false,"enter_tag":"","leverage":1.0,"is_short":false,"open_timestamp":1765897200000,"close_timestamp":1765904400000,"orders":[{"amount":2471.0,"safe_price":0.13137,"ft_order_side":"buy","order_filled_timestamp":1765897200000,"ft_is_entry":true,"ft_order_tag":"","cost":324.93988526999993},{"amount":2471.0,"safe_price":0.13164,"ft_order_side":"sell","order_filled_timestamp":1765904400000,"ft_is_entry":false,"ft_order_tag":"roi","cost":325.60772244}],"funding_fees":0.0,"weekday":1},{"pair":"DOGE/USDT","stake_amount":324.6186,"max_stake_amount":324.6186,"amount":2670.0,"open_date":"2025-12-19 03:00:00+00:00","close_date":"2025-12-19 05:00:00+00:00","open_rate":0.12158,"close_rate":0.12612,"fee_open":0.001,"fee_close":0.001,"trade_duration":120,"profit_ratio":0.0352690573121565,"profit_abs":11.460441,"exit_reason":"roi","initial_stop_loss_abs":0.11551,"initial_stop_loss_ratio":-0.05,"stop_loss_abs":0.11551,"stop_loss_ratio":-0.05,"min_rate":0.1215,"max_rate":0.1265,"is_open":false,"enter_tag":"","leverage":1.0,"is_short":false,"open_timestamp":1766113200000,"close_timestamp":1766120400000,"orders":[{"amount":2670.0,"safe_price":0.12158,"ft_order_side":"buy","order_filled_timestamp":1766113200000,"ft_is_entry":true,"ft_order_tag":"","cost":324.9432185999999},{"amount":2670.0,"safe_price":0.12612,"ft_order_side":"sell","order_filled_timestamp":1766120400000,"ft_is_entry":false,"ft_order_tag":"roi","cost":337.07714039999996}],"funding_fees":0.0,"weekday":4},{"pair":"DOGE/USDT","stake_amount":328.39275,"max_stake_amount":328.39275,"amount":2485.0,"open_date":"2025-12-20 19:00:00+00:00","close_date":"2025-12-20 21:00:00+00:00","open_rate":0.13215,"close_rate":0.13241456456456455,"fee_open":0.001,"fee_close":0.001,"trade_duration":120,"profit_ratio":0.0,"profit_abs":0.0,"exit_reason":"roi","initial_stop_loss_abs":0.12555,"initial_stop_loss_ratio":-0.05,"stop_loss_abs":0.12555,"stop_loss_ratio":-0.05,"min_rate":0.13193,"max_rate":0.13246,"is_open":false,"enter_tag":"","leverage":1.0,"is_short":false,"open_timestamp":1766257200000,"close_timestamp":1766264400000,"orders":[{"amount":2485.0,"safe_price":0.13215,"ft_order_side":"buy","order_filled_timestamp":1766257200000,"ft_is_entry":true,"ft_order_tag":"","cost":328.72114274999996},{"amount":2485.0,"safe_price":0.13241456456456455,"ft_order_side":"sell","order_filled_timestamp":1766264400000,"ft_is_entry":false,"ft_order_tag":"roi","cost":329.3792431358858}],"funding_fees":0.0,"weekday":5},{"pair":"DOGE/USDT","stake_amount":328.33053,"max_stake_amount":328.33053,"amount":2497.0,"open_date":"2025-12-21 06:00:00+00:00","close_date":"2025-12-21 08:00:00+00:00","open_rate":0.13149,"close_rate":0.13175324324324322,"fee_open":0.001,"fee_close":0.001,"trade_duration":120,"profit_ratio":0.0,"profit_abs":0.0,"exit_reason":"roi","initial_stop_loss_abs":0.12492,"initial_stop_loss_ratio":-0.05,"stop_loss_abs":0.12492,"stop_loss_ratio":-0.05,"min_rate":0.13122,"max_rate":0.13307,"is_open":false,"enter_tag":"","leverage":1.0,"is_short":false,"open_timestamp":1766296800000,"close_timestamp":1766304000000,"orders":[{"amount":2497.0,"safe_price":0.13149,"ft_order_side":"buy","order_filled_timestamp":1766296800000,"ft_is_entry":true,"ft_order_tag":"","cost":328.65886052999997},{"amount":2497.0,"safe_price":0.13175324324324322,"ft_order_side":"sell","order_filled_timestamp":1766304000000,"ft_is_entry":false,"ft_order_tag":"roi","cost":329.31683622675666}],"funding_fees":0.0,"weekday":6},{"pair":"DOGE/USDT","stake_amount":328.38355,"max_stake_amount":328.38355,"amount":2515.0,"open_date":"2025-12-21 23:00:00+00:00","close_date":"2025-12-22 01:00:00+00:00","open_rate":0.13057,"close_rate":0.13165,"fee_open":0.001,"fee_close":0.001,"trade_duration":120,"profit_ratio":0.00625689696686097,"profit_abs":2.0567167,"exit_reason":"roi","initial_stop_loss_abs":0.12405,"initial_stop_loss_ratio":-0.05,"stop_loss_abs":0.12405,"stop_loss_ratio":-0.05,"min_rate":0.13057,"max_rate":0.13424,"is_open":false,"enter_tag":"","leverage":1.0,"is_short":false,"open_timestamp":1766358000000,"close_timestamp":1766365200000,"orders":[{"amount":2515.0,"safe_price":0.13057,"ft_order_side":"buy","order_filled_timestamp":1766358000000,"ft_is_entry":true,"ft_order_tag":"","cost":328.7119335499999},{"amount":2515.0,"safe_price":0.13165,"ft_order_side":"sell","order_filled_timestamp":1766365200000,"ft_is_entry":false,"ft_order_tag":"roi","cost":331.43084974999994}],"funding_fees":0.0,"weekday":0},{"pair":"DOGE/USDT","stake_amount":329.0686,"max_stake_amount":329.0686,"amount":2492.0,"open_date":"2025-12-22 04:00:00+00:00","close_date":"2025-12-22 07:00:00+00:00","open_rate":0.13205,"close_rate":0.13231436436436436,"fee_open":0.001,"fee_close":0.001,"trade_duration":180,"profit_ratio":0.0,"profit_abs":0.0,"exit_reason":"roi","initial_stop_loss_abs":0.12545,"initial_stop_loss_ratio":-0.05,"stop_loss_abs":0.12545,"stop_loss_ratio":-0.05,"min_rate":0.13151,"max_rate":0.13274,"is_open":false,"enter_tag":"","leverage":1.0,"is_short":false,"open_timestamp":1766376000000,"close_timestamp":1766386800000,"orders":[{"amount":2492.0,"safe_price":0.13205,"ft_order_side":"buy","order_filled_timestamp":1766376000000,"ft_is_entry":true,"ft_order_tag":"","cost":329.3976686},{"amount":2492.0,"safe_price":0.13231436436436436,"ft_order_side":"sell","order_filled_timestamp":1766386800000,"ft_is_entry":false,"ft_order_tag":"roi","cost":330.057123391992}],"funding_fees":0.0,"weekday":0},{"pair":"DOGE/USDT","stake_amount":328.97267,"max_stake_amount":328.97267,"amount":2483.0,"open_date":"2025-12-22 23:00:00+00:00","close_date":"2025-12-23 01:00:00+00:00","open_rate":0.13249,"close_rate":0.13328,"fee_open":0.001,"fee_close":0.001,"trade_duration":120,"profit_ratio":0.003952798654285559,"profit_abs":1.30166309,"exit_reason":"roi","initial_stop_loss_abs":0.12587,"initial_stop_loss_ratio":-0.05,"stop_loss_abs":0.12587,"stop_loss_ratio":-0.05,"min_rate":0.13202,"max_rate":0.13348,"is_open":false,"enter_tag":"","leverage":1.0,"is_short":false,"open_timestamp":1766444400000,"close_timestamp":1766451600000,"orders":[{"amount":2483.0,"safe_price":0.13249,"ft_order_side":"buy","order_filled_timestamp":1766444400000,"ft_is_entry":true,"ft_order_tag":"","cost":329.30164267},{"amount":2483.0,"safe_price":0.13328,"ft_order_side":"sell","order_filled_timestamp":1766451600000,"ft_is_entry":false,"ft_order_tag":"roi","cost":331.26517424}],"funding_fees":0.0,"weekday":1},{"pair":"DOGE/USDT","stake_amount":329.47344,"max_stake_amount":329.47344,"amount":2544.0,"open_date":"2025-12-23 21:00:00+00:00","close_date":"2025-12-24 00:00:00+00:00","open_rate":0.12951,"close_rate":0.12976927927927925,"fee_open":0.001,"fee_close":0.001,"trade_duration":180,"profit_ratio":0.0,"profit_abs":0.0,"exit_reason":"roi","initial_stop_loss_abs":0.12304,"initial_stop_loss_ratio":-0.05,"stop_loss_abs":0.12304,"stop_loss_ratio":-0.05,"min_rate":0.129,"max_rate":0.13006,"is_open":false,"enter_tag":"","leverage":1.0,"is_short":false,"open_timestamp":1766523600000,"close_timestamp":1766534400000,"orders":[{"amount":2544.0,"safe_price":0.12951,"ft_order_side":"buy","order_filled_timestamp":1766523600000,"ft_is_entry":true,"ft_order_tag":"","cost":329.80291343999994},{"amount":2544.0,"safe_price":0.12976927927927925,"ft_order_side":"sell","order_filled_timestamp":1766534400000,"ft_is_entry":false,"ft_order_tag":"roi","cost":330.46317953297284}],"funding_fees":0.0,"weekday":2},{"pair":"DOGE/USDT","stake_amount":329.49061,"max_stake_amount":329.49061,"amount":2609.0,"open_date":"2025-12-26 03:00:00+00:00","close_date":"2025-12-26 07:00:00+00:00","open_rate":0.12629,"close_rate":0.12654283283283282,"fee_open":0.001,"fee_close":0.001,"trade_duration":240,"profit_ratio":0.0,"profit_abs":0.0,"exit_reason":"roi","initial_stop_loss_abs":0.11998,"initial_stop_loss_ratio":-0.05,"stop_loss_abs":0.11998,"stop_loss_ratio":-0.05,"min_rate":0.12522,"max_rate":0.12669,"is_open":false,"enter_tag":"","leverage":1.0,"is_short":false,"open_timestamp":1766718000000,"close_timestamp":1766732400000,"orders":[{"amount":2609.0,"safe_price":0.12629,"ft_order_side":"buy","order_filled_timestamp":1766718000000,"ft_is_entry":true,"ft_order_tag":"","cost":329.82010061},{"amount":2609.0,"safe_price":0.12654283283283282,"ft_order_side":"sell","order_filled_timestamp":1766732400000,"ft_is_entry":false,"ft_order_tag":"roi","cost":330.4804011117217}],"funding_fees":0.0,"weekday":4},{"pair":"DOGE/USDT","stake_amount":329.5174,"max_stake_amount":329.5174,"amount":2620.0,"open_date":"2025-12-26 13:00:00+00:00","close_date":"2025-12-29 01:00:00+00:00","open_rate":0.12577,"close_rate":0.1260217917917918,"fee_open":0.001,"fee_close":0.001,"trade_duration":3600,"profit_ratio":0.0,"profit_abs":0.0,"exit_reason":"roi","initial_stop_loss_abs":0.11949,"initial_stop_loss_ratio":-0.05,"stop_loss_abs":0.11949,"stop_loss_ratio":-0.05,"min_rate":0.12064,"max_rate":0.1264,"is_open":false,"enter_tag":"","leverage":1.0,"is_short":false,"open_timestamp":1766754000000,"close_timestamp":1766970000000,"orders":[{"amount":2620.0,"safe_price":0.12577,"ft_order_side":"buy","order_filled_timestamp":1766754000000,"ft_is_entry":true,"ft_order_tag":"","cost":329.8469174},{"amount":2620.0,"safe_price":0.1260217917917918,"ft_order_side":"sell","order_filled_timestamp":1766970000000,"ft_is_entry":false,"ft_order_tag":"roi","cost":330.50727158898894}],"funding_fees":0.0,"weekday":0},{"pair":"DOGE/USDT","stake_amount":329.43344,"max_stake_amount":329.43344,"amount":2638.0,"open_date":"2025-12-30 15:00:00+00:00","close_date":"2025-12-31 16:00:00+00:00","open_rate":0.12488,"close_rate":0.11864,"fee_open":0.001,"fee_close":0.001,"trade_duration":1500,"profit_ratio":-0.051866135146083896,"profit_abs":-17.10352576,"exit_reason":"stop_loss","initial_stop_loss_abs":0.11864,"initial_stop_loss_ratio":-0.05,"stop_loss_abs":0.11864,"stop_loss_ratio":-0.05,"min_rate":0.11626,"max_rate":0.12508,"is_open":false,"enter_tag":"","leverage":1.0,"is_short":false,"open_timestamp":1767106800000,"close_timestamp":1767196800000,"orders":[{"amount":2638.0,"safe_price":0.12488,"ft_order_side":"buy","order_filled_timestamp":1767106800000,"ft_is_entry":true,"ft_order_tag":"","cost":329.76287343999996},{"amount":2638.0,"safe_price":0.11864,"ft_order_side":"sell","order_filled_timestamp":1767196800000,"ft_is_entry":false,"ft_order_tag":"stop_loss","cost":313.28529231999994}],"funding_fees":0.0,"weekday":2},{"pair":"DOGE/USDT","stake_amount":323.75525,"max_stake_amount":323.75525,"amount":2275.0,"open_date":"2026-01-03 21:00:00+00:00","close_date":"2026-01-03 23:00:00+00:00","open_rate":0.14231,"close_rate":0.14275,"fee_open":0.001,"fee_close":0.001,"trade_duration":120,"profit_ratio":0.0010876622499136727,"profit_abs":0.3524885,"exit_reason":"roi","initial_stop_loss_abs":0.1352,"initial_stop_loss_ratio":-0.05,"stop_loss_abs":0.1352,"stop_loss_ratio":-0.05,"min_rate":0.14207,"max_rate":0.14372,"is_open":false,"enter_tag":"","leverage":1.0,"is_short":false,"open_timestamp":1767474000000,"close_timestamp":1767481200000,"orders":[{"amount":2275.0,"safe_price":0.14231,"ft_order_side":"buy","order_filled_timestamp":1767474000000,"ft_is_entry":true,"ft_order_tag":"","cost":324.07900524999997},{"amount":2275.0,"safe_price":0.14275,"ft_order_side":"sell","order_filled_timestamp":1767481200000,"ft_is_entry":false,"ft_order_tag":"roi","cost":325.0810062499999}],"funding_fees":0.0,"weekday":5},{"pair":"DOGE/USDT","stake_amount":323.96191,"max_stake_amount":323.96191,"amount":2153.0,"open_date":"2026-01-05 01:00:00+00:00","close_date":"2026-01-05 03:00:00+00:00","open_rate":0.15047,"close_rate":0.1519,"fee_open":0.001,"fee_close":0.001,"trade_duration":120,"profit_ratio":0.00748656540508737,"profit_abs":2.42778739,"exit_reason":"roi","initial_stop_loss_abs":0.14295,"initial_stop_loss_ratio":-0.05,"stop_loss_abs":0.14295,"stop_loss_ratio":-0.05,"min_rate":0.15004,"max_rate":0.15248,"is_open":false,"enter_tag":"","leverage":1.0,"is_short":false,"open_timestamp":1767574800000,"close_timestamp":1767582000000,"orders":[{"amount":2153.0,"safe_price":0.15047,"ft_order_side":"buy","order_filled_timestamp":1767574800000,"ft_is_entry":true,"ft_order_tag":"","cost":324.28587190999997},{"amount":2153.0,"safe_price":0.1519,"ft_order_side":"sell","order_filled_timestamp":1767582000000,"ft_is_entry":false,"ft_order_tag":"roi","cost":327.36774069999996}],"funding_fees":0.0,"weekday":0},{"pair":"DOGE/USDT","stake_amount":324.77193,"max_stake_amount":324.77193,"amount":2191.0,"open_date":"2026-01-05 15:00:00+00:00","close_date":"2026-01-05 17:00:00+00:00","open_rate":0.14823,"close_rate":0.15047,"fee_open":0.001,"fee_close":0.001,"trade_duration":120,"profit_ratio":0.013083455706406526,"profit_abs":4.2533883,"exit_reason":"roi","initial_stop_loss_abs":0.14082,"initial_stop_loss_ratio":-0.05,"stop_loss_abs":0.14082,"stop_loss_ratio":-0.05,"min_rate":0.14648,"max_rate":0.15386,"is_open":false,"enter_tag":"","leverage":1.0,"is_short":false,"open_timestamp":1767625200000,"close_timestamp":1767632400000,"orders":[{"amount":2191.0,"safe_price":0.14823,"ft_order_side":"buy","order_filled_timestamp":1767625200000,"ft_is_entry":true,"ft_order_tag":"","cost":325.09670192999994},{"amount":2191.0,"safe_price":0.15047,"ft_order_side":"sell","order_filled_timestamp":1767632400000,"ft_is_entry":false,"ft_order_tag":"roi","cost":330.00944976999995}],"funding_fees":0.0,"weekday":0}],"locks":[],"best_pair":{"key":"DOGE/USDT","trades":66,"profit_mean":-0.0004572406617525229,"profit_mean_pct":-0.05,"profit_total_abs":-11.510315519999999,"profit_total":-0.011510315519999998,"profit_total_pct":-1.15,"duration_avg":"5:05:00","wins":31,"draws":28,"losses":7,"winrate":0.4696969696969697,"cagr":-0.04262796225588861,"expectancy":-0.1743987199999999,"expectancy_ratio":-0.43420467617512615,"sortino":-6.978466381542836,"sharpe":-0.3207303286332437,"calmar":-3.503039642395024,"sqn":-0.1989,"profit_factor":0.9060701960630959,"max_drawdown_account":0.0647167761000029,"max_drawdown_abs":67.91169551},"worst_pair":{"key":"DOGE/USDT","trades":66,"profit_mean":-0.0004572406617525229,"profit_mean_pct":-0.05,"profit_total_abs":-11.510315519999999,"profit_total":-0.011510315519999998,"profit_total_pct":-1.15,"duration_avg":"5:05:00","wins":31,"draws":28,"losses":7,"winrate":0.4696969696969697,"cagr":-0.04262796225588861,"expectancy":-0.1743987199999999,"expectancy_ratio":-0.43420467617512615,"sortino":-6.978466381542836,"sharpe":-0.3207303286332437,"calmar":-3.503039642395024,"sqn":-0.1989,"profit_factor":0.9060701960630959,"max_drawdown_account":0.0647167761000029,"max_drawdown_abs":67.91169551},"results_per_pair":[{"key":"DOGE/USDT","trades":66,"profit_mean":-0.0004572406617525229,"profit_mean_pct":-0.05,"profit_total_abs":-11.510315519999999,"profit_total":-0.011510315519999998,"profit_total_pct":-1.15,"duration_avg":"5:05:00","wins":31,"draws":28,"losses":7,"winrate":0.4696969696969697,"cagr":-0.04262796225588861,"expectancy":-0.1743987199999999,"expectancy_ratio":-0.43420467617512615,"sortino":-6.978466381542836,"sharpe":-0.3207303286332437,"calmar":-3.503039642395024,"sqn":-0.1989,"profit_factor":0.9060701960630959,"max_drawdown_account":0.0647167761000029,"max_drawdown_abs":67.91169551},{"key":"TOTAL","trades":66,"profit_mean":-0.0004572406617525229,"profit_mean_pct":-0.05,"profit_total_abs":-11.510315519999999,"profit_total":-0.011510315519999998,"profit_total_pct":-1.15,"duration_avg":"5:05:00","wins":31,"draws":28,"losses":7,"winrate":0.4696969696969697,"cagr":-0.04262796225588861,"expectancy":-0.1743987199999999,"expectancy_ratio":-0.43420467617512615,"sortino":-6.978466381542836,"sharpe":-0.3207303286332437,"calmar":-3.503039642395024,"sqn":-0.1989,"profit_factor":0.9060701960630959,"max_drawdown_account":0.0647167761000029,"max_drawdown_abs":67.91169551}],"results_per_enter_tag":[{"key":"","trades":66,"profit_mean":-0.0004572406617525229,"profit_mean_pct":-0.05,"profit_total_abs":-11.510315519999999,"profit_total":-0.011510315519999998,"profit_total_pct":-1.15,"duration_avg":"5:05:00","wins":31,"draws":28,"losses":7,"winrate":0.4696969696969697,"cagr":-0.04262796225588861,"expectancy":-0.1743987199999999,"expectancy_ratio":-0.43420467617512615,"sortino":-6.978466381542836,"sharpe":-0.3207303286332437,"calmar":-3.503039642395024,"sqn":-0.1989,"profit_factor":0.9060701960630959,"max_drawdown_account":0.0647167761000029,"max_drawdown_abs":67.91169551},{"key":"TOTAL","trades":66,"profit_mean":-0.0004572406617525229,"profit_mean_pct":-0.05,"profit_total_abs":-11.510315519999999,"profit_total":-0.011510315519999998,"profit_total_pct":-1.15,"duration_avg":"5:05:00","wins":31,"draws":28,"losses":7,"winrate":0.4696969696969697,"cagr":-0.04262796225588861,"expectancy":-0.1743987199999999,"expectancy_ratio":-0.43420467617512615,"sortino":-6.978466381542836,"sharpe":-0.3207303286332437,"calmar":-3.503039642395024,"sqn":-0.1989,"profit_factor":0.9060701960630959,"max_drawdown_account":0.0647167761000029,"max_drawdown_abs":67.91169551}],"exit_reason_summary":[{"key":"roi","trades":59,"profit_mean":0.005643168304002124,"profit_mean_pct":0.56,"profit_total_abs":111.03135962,"profit_total":0.11103135962,"profit_total_pct":11.1,"duration_avg":"4:09:00","wins":31,"draws":28,"losses":0,"winrate":0.5254237288135594,"cagr":0.4861510299977079,"expectancy":1.8818874511864407,"expectancy_ratio":100.0,"sortino":-100,"sharpe":5.465308772961262,"calmar":-100,"sqn":3.5818,"profit_factor":0.0,"max_drawdown_account":0.0,"max_drawdown_abs":0.0},{"key":"stop_loss","trades":7,"profit_mean":-0.05187497337311313,"profit_mean_pct":-5.19,"profit_total_abs":-122.54167514,"profit_total":-0.12254167514,"profit_total_pct":-12.25,"duration_avg":"13:00:00","wins":0,"draws":0,"losses":7,"winrate":0.0,"cagr":-0.38854042124499544,"expectancy":-17.50595359142857,"expectancy_ratio":-1.0,"sortino":-74.29448470083578,"sharpe":-74.29448470083578,"calmar":-19.69584863354927,"sqn":-131.9956,"profit_factor":0.0,"max_drawdown_account":0.12254167514000006,"max_drawdown_abs":122.54167514},{"key":"TOTAL","trades":66,"profit_mean":-0.0004572406617525229,"profit_mean_pct":-0.05,"profit_total_abs":-11.510315519999999,"profit_total":-0.011510315519999998,"profit_total_pct":-1.15,"duration_avg":"5:05:00","wins":31,"draws":28,"losses":7,"winrate":0.4696969696969697,"cagr":-0.04262796225588861,"expectancy":-0.1743987199999999,"expectancy_ratio":-0.43420467617512615,"sortino":-6.978466381542836,"sharpe":-0.3207303286332437,"calmar":-3.503039642395024,"sqn":-0.1989,"profit_factor":0.9060701960630959,"max_drawdown_account":0.0647167761000029,"max_drawdown_abs":67.91169551}],"mix_tag_stats":[{"key":["","roi"],"trades":59,"profit_mean":0.005643168304002124,"profit_mean_pct":0.56,"profit_total_abs":111.03135962,"profit_total":0.11103135962,"profit_total_pct":11.1,"duration_avg":"4:09:00","wins":31,"draws":28,"losses":0,"winrate":0.5254237288135594,"cagr":0.4861510299977079,"expectancy":1.8818874511864407,"expectancy_ratio":100.0,"sortino":-100,"sharpe":5.465308772961262,"calmar":-100,"sqn":3.5818,"profit_factor":0.0,"max_drawdown_account":0.0,"max_drawdown_abs":0.0},{"key":["","stop_loss"],"trades":7,"profit_mean":-0.05187497337311313,"profit_mean_pct":-5.19,"profit_total_abs":-122.54167514,"profit_total":-0.12254167514,"profit_total_pct":-12.25,"duration_avg":"13:00:00","wins":0,"draws":0,"losses":7,"winrate":0.0,"cagr":-0.38854042124499544,"expectancy":-17.50595359142857,"expectancy_ratio":-1.0,"sortino":-74.29448470083578,"sharpe":-74.29448470083578,"calmar":-19.69584863354927,"sqn":-131.9956,"profit_factor":0.0,"max_drawdown_account":0.12254167514000006,"max_drawdown_abs":122.54167514},{"key":"TOTAL","trades":66,"profit_mean":-0.0004572406617525229,"profit_mean_pct":-0.05,"profit_total_abs":-11.510315519999999,"profit_total":-0.011510315519999998,"profit_total_pct":-1.15,"duration_avg":"5:05:00","wins":31,"draws":28,"losses":7,"winrate":0.4696969696969697,"cagr":-0.04262796225588861,"expectancy":-0.1743987199999999,"expectancy_ratio":-0.43420467617512615,"sortino":-6.978466381542836,"sharpe":-0.3207303286332437,"calmar":-3.503039642395024,"sqn":-0.1989,"profit_factor":0.9060701960630959,"max_drawdown_account":0.0647167761000029,"max_drawdown_abs":67.91169551}],"left_open_trades":[{"key":"TOTAL","trades":0,"profit_mean":0.0,"profit_mean_pct":0.0,"profit_total_abs":0.0,"profit_total":0.0,"profit_total_pct":0.0,"duration_avg":"0:00","wins":0,"draws":0,"losses":0,"winrate":0.0,"cagr":0.0,"expectancy":0.0,"expectancy_ratio":100.0,"sortino":0,"sharpe":0,"calmar":0,"sqn":0.0,"profit_factor":0.0,"max_drawdown_account":0.0,"max_drawdown_abs":0.0}],"total_trades":66,"trade_count_long":66,"trade_count_short":0,"total_volume":44117.180298863335,"avg_stake_amount":333.64048787878784,"profit_mean":-0.0004572406617525229,"profit_median":0.0,"profit_total":-0.011510315519999998,"profit_total_long":-0.011510315519999998,"profit_total_short":0.0,"profit_total_abs":-11.510315519999999,"profit_total_long_abs":-11.510315519999999,"profit_total_short_abs":0.0,"cagr":-0.04262796225588861,"expectancy":-0.1743987199999999,"expectancy_ratio":-0.43420467617512615,"sortino":-6.978466381542836,"sharpe":-0.3207303286332437,"calmar":-3.503039642395024,"sqn":-0.1989,"profit_factor":0.9060701960630959,"backtest_start":"2025-10-01 00:00:00","backtest_start_ts":1759276800000,"backtest_end":"2026-01-06 20:00:00","backtest_end_ts":1767729600000,"backtest_days":97,"backtest_run_start_ts":1767752732,"backtest_run_end_ts":1767752733,"trades_per_day":0.68,"market_change":-0.36632086436227446,"pairlist":["DOGE/USDT"],"stake_amount":"unlimited","stake_currency":"USDT","stake_currency_decimals":3,"starting_balance":1000,"dry_run_wallet":1000,"final_balance":988.48968448,"rejected_signals":0,"timedout_entry_orders":0,"timedout_exit_orders":0,"canceled_trade_entries":0,"canceled_entry_orders":0,"replaced_entry_orders":0,"max_open_trades":1,"max_open_trades_setting":3,"timeframe":"1h","timeframe_detail":"","timerange":"20251001-","enable_protections":false,"strategy_name":"ACO_73_10","freqaimodel":null,"freqai_identifier":null,"stoploss":-0.05,"trailing_stop":false,"trailing_stop_positive":null,"trailing_stop_positive_offset":0.0,"trailing_only_offset_is_reached":false,"use_custom_stoploss":false,"minimal_roi":{"0":0.1,"60":0.05,"120":0.0},"use_exit_signal":true,"exit_profit_only":false,"exit_profit_offset":0.0,"ignore_roi_if_entry_signal":false,"trading_mode":"spot","margin_mode":"","periodic_breakdown":{"day":[{"date":"02/10/2025","date_ts":1759363200000,"profit_abs":0.8266392,"wins":1,"draws":0,"losses":0,"trades":1,"profit_factor":0.0},{"date":"03/10/2025","date_ts":1759449600000,"profit_abs":0.0,"wins":0,"draws":1,"losses":0,"trades":1,"profit_factor":0.0},{"date":"04/10/2025","date_ts":1759536000000,"profit_abs":0.0,"wins":0,"draws":0,"losses":0,"trades":0,"profit_factor":0.0},{"date":"05/10/2025","date_ts":1759622400000,"profit_abs":0.0,"wins":0,"draws":1,"losses":0,"trades":1,"profit_factor":0.0},{"date":"06/10/2025","date_ts":1759708800000,"profit_abs":1.17252625,"wins":1,"draws":1,"losses":0,"trades":2,"profit_factor":0.0},{"date":"07/10/2025","date_ts":1759795200000,"profit_abs":0.0,"wins":0,"draws":0,"losses":0,"trades":0,"profit_factor":0.0},{"date":"08/10/2025","date_ts":1759881600000,"profit_abs":0.0,"wins":0,"draws":1,"losses":0,"trades":1,"profit_factor":0.0},{"date":"09/10/2025","date_ts":1759968000000,"profit_abs":4.43125045,"wins":1,"draws":0,"losses":0,"trades":1,"profit_factor":0.0},{"date":"10/10/2025","date_ts":1760054400000,"profit_abs":0.27309033,"wins":1,"draws":1,"losses":0,"trades":2,"profit_factor":0.0},{"date":"11/10/2025","date_ts":1760140800000,"profit_abs":0.0,"wins":0,"draws":0,"losses":0,"trades":0,"profit_factor":0.0},{"date":"12/10/2025","date_ts":1760227200000,"profit_abs":33.479355,"wins":2,"draws":1,"losses":0,"trades":3,"profit_factor":0.0},{"date":"13/10/2025","date_ts":1760313600000,"profit_abs":0.0,"wins":0,"draws":0,"losses":0,"trades":0,"profit_factor":0.0},{"date":"14/10/2025","date_ts":1760400000000,"profit_abs":0.0,"wins":0,"draws":0,"losses":0,"trades":0,"profit_factor":0.0},{"date":"15/10/2025","date_ts":1760486400000,"profit_abs":0.0527834,"wins":1,"draws":0,"losses":0,"trades":1,"profit_factor":0.0},{"date":"16/10/2025","date_ts":1760572800000,"profit_abs":0.0,"wins":0,"draws":0,"losses":0,"trades":0,"profit_factor":0.0},{"date":"17/10/2025","date_ts":1760659200000,"profit_abs":0.0,"wins":0,"draws":0,"losses":0,"trades":0,"profit_factor":0.0},{"date":"18/10/2025","date_ts":1760745600000,"profit_abs":1.68365967,"wins":1,"draws":1,"losses":0,"trades":2,"profit_factor":0.0},{"date":"19/10/2025","date_ts":1760832000000,"profit_abs":0.0,"wins":0,"draws":2,"losses":0,"trades":2,"profit_factor":0.0},{"date":"20/10/2025","date_ts":1760918400000,"profit_abs":3.0195507,"wins":1,"draws":0,"losses":0,"trades":1,"profit_factor":0.0},{"date":"21/10/2025","date_ts":1761004800000,"profit_abs":0.0,"wins":0,"draws":0,"losses":0,"trades":0,"profit_factor":0.0},{"date":"22/10/2025","date_ts":1761091200000,"profit_abs":1.7628352,"wins":1,"draws":0,"losses":0,"trades":1,"profit_factor":0.0},{"date":"23/10/2025","date_ts":1761177600000,"profit_abs":0.0,"wins":0,"draws":0,"losses":0,"trades":0,"profit_factor":0.0},{"date":"24/10/2025","date_ts":1761264000000,"profit_abs":0.0,"wins":0,"draws":0,"losses":0,"trades":0,"profit_factor":0.0},{"date":"25/10/2025","date_ts":1761350400000,"profit_abs":0.0,"wins":0,"draws":0,"losses":0,"trades":0,"profit_factor":0.0},{"date":"26/10/2025","date_ts":1761436800000,"profit_abs":0.0,"wins":0,"draws":1,"losses":0,"trades":1,"profit_factor":0.0},{"date":"27/10/2025","date_ts":1761523200000,"profit_abs":2.6660256,"wins":1,"draws":0,"losses":0,"trades":1,"profit_factor":0.0},{"date":"28/10/2025","date_ts":1761609600000,"profit_abs":-17.98557039,"wins":0,"draws":1,"losses":1,"trades":2,"profit_factor":0.0},{"date":"29/10/2025","date_ts":1761696000000,"profit_abs":0.0,"wins":0,"draws":0,"losses":0,"trades":0,"profit_factor":0.0},{"date":"30/10/2025","date_ts":1761782400000,"profit_abs":-17.6736,"wins":0,"draws":0,"losses":1,"trades":1,"profit_factor":0.0},{"date":"31/10/2025","date_ts":1761868800000,"profit_abs":0.0,"wins":0,"draws":1,"losses":0,"trades":1,"profit_factor":0.0},{"date":"01/11/2025","date_ts":1761955200000,"profit_abs":0.0,"wins":0,"draws":0,"losses":0,"trades":0,"profit_factor":0.0},{"date":"02/11/2025","date_ts":1762041600000,"profit_abs":0.0,"wins":0,"draws":1,"losses":0,"trades":1,"profit_factor":0.0},{"date":"03/11/2025","date_ts":1762128000000,"profit_abs":0.0,"wins":0,"draws":0,"losses":0,"trades":0,"profit_factor":0.0},{"date":"04/11/2025","date_ts":1762214400000,"profit_abs":8.89924535,"wins":1,"draws":0,"losses":0,"trades":1,"profit_factor":0.0},{"date":"05/11/2025","date_ts":1762300800000,"profit_abs":0.0,"wins":0,"draws":0,"losses":0,"trades":0,"profit_factor":0.0},{"date":"06/11/2025","date_ts":1762387200000,"profit_abs":0.0,"wins":0,"draws":0,"losses":0,"trades":0,"profit_factor":0.0},{"date":"07/11/2025","date_ts":1762473600000,"profit_abs":16.8676275,"wins":1,"draws":0,"losses":0,"trades":1,"profit_factor":0.0},{"date":"08/11/2025","date_ts":1762560000000,"profit_abs":0.0,"wins":0,"draws":0,"losses":0,"trades":0,"profit_factor":0.0},{"date":"09/11/2025","date_ts":1762646400000,"profit_abs":1.614252,"wins":1,"draws":0,"losses":0,"trades":1,"profit_factor":0.0},{"date":"10/11/2025","date_ts":1762732800000,"profit_abs":0.0,"wins":0,"draws":1,"losses":0,"trades":1,"profit_factor":0.0},{"date":"11/11/2025","date_ts":1762819200000,"profit_abs":0.0,"wins":0,"draws":1,"losses":0,"trades":1,"profit_factor":0.0},{"date":"12/11/2025","date_ts":1762905600000,"profit_abs":0.0,"wins":0,"draws":0,"losses":0,"trades":0,"profit_factor":0.0},{"date":"13/11/2025","date_ts":1762992000000,"profit_abs":0.0,"wins":0,"draws":1,"losses":0,"trades":1,"profit_factor":0.0},{"date":"14/11/2025","date_ts":1763078400000,"profit_abs":0.0,"wins":0,"draws":0,"losses":0,"trades":0,"profit_factor":0.0},{"date":"15/11/2025","date_ts":1763164800000,"profit_abs":0.0,"wins":0,"draws":0,"losses":0,"trades":0,"profit_factor":0.0},{"date":"16/11/2025","date_ts":1763251200000,"profit_abs":0.71995602,"wins":1,"draws":0,"losses":0,"trades":1,"profit_factor":0.0},{"date":"17/11/2025","date_ts":1763337600000,"profit_abs":-17.84734818,"wins":0,"draws":0,"losses":1,"trades":1,"profit_factor":0.0},{"date":"18/11/2025","date_ts":1763424000000,"profit_abs":0.0,"wins":0,"draws":0,"losses":0,"trades":0,"profit_factor":0.0},{"date":"19/11/2025","date_ts":1763510400000,"profit_abs":0.0,"wins":0,"draws":0,"losses":0,"trades":0,"profit_factor":0.0},{"date":"20/11/2025","date_ts":1763596800000,"profit_abs":-17.54468604,"wins":0,"draws":1,"losses":1,"trades":2,"profit_factor":0.0},{"date":"21/11/2025","date_ts":1763683200000,"profit_abs":-17.2451071,"wins":0,"draws":0,"losses":1,"trades":1,"profit_factor":0.0},{"date":"22/11/2025","date_ts":1763769600000,"profit_abs":0.37859748,"wins":1,"draws":1,"losses":0,"trades":2,"profit_factor":0.0},{"date":"23/11/2025","date_ts":1763856000000,"profit_abs":2.43431712,"wins":2,"draws":0,"losses":0,"trades":2,"profit_factor":0.0},{"date":"24/11/2025","date_ts":1763942400000,"profit_abs":1.70038545,"wins":1,"draws":0,"losses":0,"trades":1,"profit_factor":0.0},{"date":"25/11/2025","date_ts":1764028800000,"profit_abs":0.0,"wins":0,"draws":1,"losses":0,"trades":1,"profit_factor":0.0},{"date":"26/11/2025","date_ts":1764115200000,"profit_abs":0.0,"wins":0,"draws":0,"losses":0,"trades":0,"profit_factor":0.0},{"date":"27/11/2025","date_ts":1764201600000,"profit_abs":0.20119296,"wins":1,"draws":0,"losses":0,"trades":1,"profit_factor":0.0},{"date":"28/11/2025","date_ts":1764288000000,"profit_abs":1.9859765,"wins":1,"draws":0,"losses":0,"trades":1,"profit_factor":0.0},{"date":"29/11/2025","date_ts":1764374400000,"profit_abs":0.82669713,"wins":1,"draws":0,"losses":0,"trades":1,"profit_factor":0.0},{"date":"30/11/2025","date_ts":1764460800000,"profit_abs":0.0,"wins":0,"draws":1,"losses":0,"trades":1,"profit_factor":0.0},{"date":"01/12/2025","date_ts":1764547200000,"profit_abs":0.0,"wins":0,"draws":0,"losses":0,"trades":0,"profit_factor":0.0},{"date":"02/12/2025","date_ts":1764633600000,"profit_abs":0.0,"wins":0,"draws":0,"losses":0,"trades":0,"profit_factor":0.0},{"date":"03/12/2025","date_ts":1764720000000,"profit_abs":0.0,"wins":0,"draws":0,"losses":0,"trades":0,"profit_factor":0.0},{"date":"04/12/2025","date_ts":1764806400000,"profit_abs":0.0,"wins":0,"draws":0,"losses":0,"trades":0,"profit_factor":0.0},{"date":"05/12/2025","date_ts":1764892800000,"profit_abs":0.0,"wins":0,"draws":0,"losses":0,"trades":0,"profit_factor":0.0},{"date":"06/12/2025","date_ts":1764979200000,"profit_abs":0.0,"wins":0,"draws":0,"losses":0,"trades":0,"profit_factor":0.0},{"date":"07/12/2025","date_ts":1765065600000,"profit_abs":0.0,"wins":0,"draws":1,"losses":0,"trades":1,"profit_factor":0.0},{"date":"08/12/2025","date_ts":1765152000000,"profit_abs":0.0,"wins":0,"draws":0,"losses":0,"trades":0,"profit_factor":0.0},{"date":"09/12/2025","date_ts":1765238400000,"profit_abs":2.38656704,"wins":1,"draws":0,"losses":0,"trades":1,"profit_factor":0.0},{"date":"10/12/2025","date_ts":1765324800000,"profit_abs":1.779072,"wins":1,"draws":0,"losses":0,"trades":1,"profit_factor":0.0},{"date":"11/12/2025","date_ts":1765411200000,"profit_abs":0.0,"wins":0,"draws":0,"losses":0,"trades":0,"profit_factor":0.0},{"date":"12/12/2025","date_ts":1765497600000,"profit_abs":0.0,"wins":0,"draws":1,"losses":0,"trades":1,"profit_factor":0.0},{"date":"13/12/2025","date_ts":1765584000000,"profit_abs":0.0,"wins":0,"draws":0,"losses":0,"trades":0,"profit_factor":0.0},{"date":"14/12/2025","date_ts":1765670400000,"profit_abs":0.0,"wins":0,"draws":0,"losses":0,"trades":0,"profit_factor":0.0},{"date":"15/12/2025","date_ts":1765756800000,"profit_abs":-17.14183767,"wins":0,"draws":0,"losses":1,"trades":1,"profit_factor":0.0},{"date":"16/12/2025","date_ts":1765843200000,"profit_abs":0.01727229,"wins":1,"draws":0,"losses":0,"trades":1,"profit_factor":0.0},{"date":"17/12/2025","date_ts":1765929600000,"profit_abs":0.0,"wins":0,"draws":0,"losses":0,"trades":0,"profit_factor":0.0},{"date":"18/12/2025","date_ts":1766016000000,"profit_abs":0.0,"wins":0,"draws":0,"losses":0,"trades":0,"profit_factor":0.0},{"date":"19/12/2025","date_ts":1766102400000,"profit_abs":11.460441,"wins":1,"draws":0,"losses":0,"trades":1,"profit_factor":0.0},{"date":"20/12/2025","date_ts":1766188800000,"profit_abs":0.0,"wins":0,"draws":1,"losses":0,"trades":1,"profit_factor":0.0},{"date":"21/12/2025","date_ts":1766275200000,"profit_abs":0.0,"wins":0,"draws":1,"losses":0,"trades":1,"profit_factor":0.0},{"date":"22/12/2025","date_ts":1766361600000,"profit_abs":2.0567167,"wins":1,"draws":1,"losses":0,"trades":2,"profit_factor":0.0},{"date":"23/12/2025","date_ts":1766448000000,"profit_abs":1.30166309,"wins":1,"draws":0,"losses":0,"trades":1,"profit_factor":0.0},{"date":"24/12/2025","date_ts":1766534400000,"profit_abs":0.0,"wins":0,"draws":1,"losses":0,"trades":1,"profit_factor":0.0},{"date":"25/12/2025","date_ts":1766620800000,"profit_abs":0.0,"wins":0,"draws":0,"losses":0,"trades":0,"profit_factor":0.0},{"date":"26/12/2025","date_ts":1766707200000,"profit_abs":0.0,"wins":0,"draws":1,"losses":0,"trades":1,"profit_factor":0.0},{"date":"27/12/2025","date_ts":1766793600000,"profit_abs":0.0,"wins":0,"draws":0,"losses":0,"trades":0,"profit_factor":0.0},{"date":"28/12/2025","date_ts":1766880000000,"profit_abs":0.0,"wins":0,"draws":0,"losses":0,"trades":0,"profit_factor":0.0},{"date":"29/12/2025","date_ts":1766966400000,"profit_abs":0.0,"wins":0,"draws":1,"losses":0,"trades":1,"profit_factor":0.0},{"date":"30/12/2025","date_ts":1767052800000,"profit_abs":0.0,"wins":0,"draws":0,"losses":0,"trades":0,"profit_factor":0.0},{"date":"31/12/2025","date_ts":1767139200000,"profit_abs":-17.10352576,"wins":0,"draws":0,"losses":1,"trades":1,"profit_factor":0.0},{"date":"01/01/2026","date_ts":1767225600000,"profit_abs":0.0,"wins":0,"draws":0,"losses":0,"trades":0,"profit_factor":0.0},{"date":"02/01/2026","date_ts":1767312000000,"profit_abs":0.0,"wins":0,"draws":0,"losses":0,"trades":0,"profit_factor":0.0},{"date":"03/01/2026","date_ts":1767398400000,"profit_abs":0.3524885,"wins":1,"draws":0,"losses":0,"trades":1,"profit_factor":0.0},{"date":"04/01/2026","date_ts":1767484800000,"profit_abs":0.0,"wins":0,"draws":0,"losses":0,"trades":0,"profit_factor":0.0},{"date":"05/01/2026","date_ts":1767571200000,"profit_abs":6.68117569,"wins":2,"draws":0,"losses":0,"trades":2,"profit_factor":0.0}],"week":[{"date":"06/10/2025","date_ts":1759708800000,"profit_abs":1.99916545,"wins":2,"draws":3,"losses":0,"trades":5,"profit_factor":0.0},{"date":"13/10/2025","date_ts":1760313600000,"profit_abs":38.18369578,"wins":4,"draws":3,"losses":0,"trades":7,"profit_factor":0.0},{"date":"20/10/2025","date_ts":1760918400000,"profit_abs":4.75599377,"wins":3,"draws":3,"losses":0,"trades":6,"profit_factor":0.0},{"date":"27/10/2025","date_ts":1761523200000,"profit_abs":4.4288608,"wins":2,"draws":1,"losses":0,"trades":3,"profit_factor":0.0},{"date":"03/11/2025","date_ts":1762128000000,"profit_abs":-35.65917039,"wins":0,"draws":3,"losses":2,"trades":5,"profit_factor":0.0},{"date":"10/11/2025","date_ts":1762732800000,"profit_abs":27.38112485,"wins":3,"draws":1,"losses":0,"trades":4,"profit_factor":0.0},{"date":"17/11/2025","date_ts":1763337600000,"profit_abs":-17.12739216,"wins":1,"draws":2,"losses":1,"trades":4,"profit_factor":0.04033966},{"date":"24/11/2025","date_ts":1763942400000,"profit_abs":-30.27649309,"wins":4,"draws":2,"losses":2,"trades":8,"profit_factor":0.12973058},{"date":"01/12/2025","date_ts":1764547200000,"profit_abs":3.01386659,"wins":3,"draws":2,"losses":0,"trades":5,"profit_factor":0.0},{"date":"08/12/2025","date_ts":1765152000000,"profit_abs":0.0,"wins":0,"draws":1,"losses":0,"trades":1,"profit_factor":0.0},{"date":"15/12/2025","date_ts":1765756800000,"profit_abs":-12.97619863,"wins":2,"draws":1,"losses":1,"trades":4,"profit_factor":0.24301006},{"date":"22/12/2025","date_ts":1766361600000,"profit_abs":13.53442999,"wins":3,"draws":3,"losses":0,"trades":6,"profit_factor":0.0},{"date":"29/12/2025","date_ts":1766966400000,"profit_abs":1.30166309,"wins":1,"draws":3,"losses":0,"trades":4,"profit_factor":0.0},{"date":"05/01/2026","date_ts":1767571200000,"profit_abs":-10.06986157,"wins":3,"draws":0,"losses":1,"trades":4,"profit_factor":0.4112406}],"month":[{"date":"31/10/2025","date_ts":1761868800000,"profit_abs":13.70854541,"wins":11,"draws":12,"losses":2,"trades":25,"profit_factor":1.38443254},{"date":"30/11/2025","date_ts":1764460800000,"profit_abs":-17.00889381,"wins":11,"draws":8,"losses":3,"trades":22,"profit_factor":0.67686517},{"date":"31/12/2025","date_ts":1767139200000,"profit_abs":-15.24363131,"wins":6,"draws":8,"losses":2,"trades":16,"profit_factor":0.55487021},{"date":"31/01/2026","date_ts":1769817600000,"profit_abs":7.03366419,"wins":3,"draws":0,"losses":0,"trades":3,"profit_factor":0.0}],"year":[{"date":"31/12/2025","date_ts":1767139200000,"profit_abs":-18.54397971,"wins":28,"draws":28,"losses":7,"trades":63,"profit_factor":0.84867206},{"date":"31/12/2026","date_ts":1798675200000,"profit_abs":7.03366419,"wins":3,"draws":0,"losses":0,"trades":3,"profit_factor":0.0}],"weekday":[{"date":"Monday","date_ts":0,"profit_abs":-17.69280546,"wins":7,"draws":4,"losses":2,"trades":13,"profit_factor":0.49433503},{"date":"Tuesday","date_ts":1,"profit_abs":-5.38082262,"wins":4,"draws":3,"losses":1,"trades":8,"profit_factor":0.70082558},{"date":"Wednesday","date_ts":2,"profit_abs":-13.50883516,"wins":3,"draws":2,"losses":1,"trades":6,"profit_factor":0.21017249},{"date":"Thursday","date_ts":3,"profit_abs":-29.75920343,"wins":3,"draws":2,"losses":2,"trades":7,"profit_factor":0.15500705},{"date":"Friday","date_ts":4,"profit_abs":13.34202823,"wins":4,"draws":5,"losses":1,"trades":10,"profit_factor":1.77367036},{"date":"Saturday","date_ts":5,"profit_abs":3.24144278,"wins":4,"draws":3,"losses":0,"trades":7,"profit_factor":0.0},{"date":"Sunday","date_ts":6,"profit_abs":38.24788014,"wins":6,"draws":9,"losses":0,"trades":15,"profit_factor":0.0}]},"backtest_best_day":0.09990009990009989,"backtest_worst_day":-0.051888193220599885,"backtest_best_day_abs":33.479355,"backtest_worst_day_abs":-17.98557039,"winning_days":28,"draw_days":61,"losing_days":7,"daily_profit":[["2025-10-02",0.8266392],["2025-10-03",0.0],["2025-10-04",0.0],["2025-10-05",0.0],["2025-10-06",1.17252625],["2025-10-07",0.0],["2025-10-08",0.0],["2025-10-09",4.43125045],["2025-10-10",0.27309033],["2025-10-11",0.0],["2025-10-12",33.479355],["2025-10-13",0.0],["2025-10-14",0.0],["2025-10-15",0.0527834],["2025-10-16",0.0],["2025-10-17",0.0],["2025-10-18",1.68365967],["2025-10-19",0.0],["2025-10-20",3.0195507],["2025-10-21",0.0],["2025-10-22",1.7628352],["2025-10-23",0.0],["2025-10-24",0.0],["2025-10-25",0.0],["2025-10-26",0.0],["2025-10-27",2.6660256],["2025-10-28",-17.98557039],["2025-10-29",0.0],["2025-10-30",-17.6736],["2025-10-31",0.0],["2025-11-01",0.0],["2025-11-02",0.0],["2025-11-03",0.0],["2025-11-04",8.89924535],["2025-11-05",0.0],["2025-11-06",0.0],["2025-11-07",16.8676275],["2025-11-08",0.0],["2025-11-09",1.614252],["2025-11-10",0.0],["2025-11-11",0.0],["2025-11-12",0.0],["2025-11-13",0.0],["2025-11-14",0.0],["2025-11-15",0.0],["2025-11-16",0.71995602],["2025-11-17",-17.84734818],["2025-11-18",0.0],["2025-11-19",0.0],["2025-11-20",-17.54468604],["2025-11-21",-17.2451071],["2025-11-22",0.37859748],["2025-11-23",2.43431712],["2025-11-24",1.70038545],["2025-11-25",0.0],["2025-11-26",0.0],["2025-11-27",0.20119296],["2025-11-28",1.9859765],["2025-11-29",0.82669713],["2025-11-30",0.0],["2025-12-01",0.0],["2025-12-02",0.0],["2025-12-03",0.0],["2025-12-04",0.0],["2025-12-05",0.0],["2025-12-06",0.0],["2025-12-07",0.0],["2025-12-08",0.0],["2025-12-09",2.38656704],["2025-12-10",1.779072],["2025-12-11",0.0],["2025-12-12",0.0],["2025-12-13",0.0],["2025-12-14",0.0],["2025-12-15",-17.14183767],["2025-12-16",0.01727229],["2025-12-17",0.0],["2025-12-18",0.0],["2025-12-19",11.460441],["2025-12-20",0.0],["2025-12-21",0.0],["2025-12-22",2.0567167],["2025-12-23",1.30166309],["2025-12-24",0.0],["2025-12-25",0.0],["2025-12-26",0.0],["2025-12-27",0.0],["2025-12-28",0.0],["2025-12-29",0.0],["2025-12-30",0.0],["2025-12-31",-17.10352576],["2026-01-01",0.0],["2026-01-02",0.0],["2026-01-03",0.3524885],["2026-01-04",0.0],["2026-01-05",6.68117569]],"wins":31,"losses":7,"draws":28,"winrate":0.4696969696969697,"holding_avg":"5:05:00","holding_avg_s":18300.0,"winner_holding_min":"0d 01:00","winner_holding_min_s":3600.0,"winner_holding_max":"0d 02:00","winner_holding_max_s":7200.0,"winner_holding_avg":"0d 01:54","winner_holding_avg_s":6840.0,"loser_holding_min":"0d 01:00","loser_holding_min_s":3600.0,"loser_holding_max":"1d 23:00","loser_holding_max_s":169200.0,"loser_holding_avg":"0d 13:00","loser_holding_avg_s":46800.0,"max_consecutive_wins":4,"max_consecutive_losses":5,"max_drawdown_account":0.0647167761000029,"max_relative_drawdown":0.0647167761000029,"max_drawdown_abs":67.91169551,"drawdown_start":"2025-10-27 01:00:00","drawdown_start_ts":1761526800000.0,"drawdown_end":"2025-12-31 16:00:00","drawdown_end_ts":1767196800000.0,"drawdown_duration":"65 days 15:00:00","drawdown_duration_s":5670000.0,"max_drawdown_low":-18.543979710000002,"max_drawdown_high":49.3677158,"csum_min":981.45602029,"csum_max":1049.3677158}},"strategy_comparison":[{"key":"ACO_73_10","trades":66,"profit_mean":-0.0004572406617525229,"profit_mean_pct":-0.05,"profit_total_abs":-11.510315519999999,"profit_total":-0.011510315519999998,"profit_total_pct":-1.15,"duration_avg":"5:05:00","wins":31,"draws":28,"losses":7,"winrate":0.4696969696969697,"cagr":-0.04262796225588861,"expectancy":-0.1743987199999999,"expectancy_ratio":-0.43420467617512615,"sortino":-6.978466381542836,"sharpe":-0.3207303286332437,"calmar":-3.503039642395024,"sqn":-0.1989,"profit_factor":0.9060701960630959,"max_drawdown_account":0.0647167761000029,"max_drawdown_abs":"67.912"}]}