{"strategy":{"ACO_57_5":{"trades":[{"pair":"DOGE/USDT","stake_amount":329.90754,"max_stake_amount":329.90754,"amount":1718.0,"open_date":"2025-10-11 16:00:00+00:00","close_date":"2025-10-11 18:00:00+00:00","open_rate":0.19203,"close_rate":0.19359,"fee_open":0.001,"fee_close":0.001,"trade_duration":120,"profit_ratio":0.006109497438977208,"profit_abs":2.01758484,"exit_reason":"roi","initial_stop_loss_abs":0.18243,"initial_stop_loss_ratio":-0.05,"stop_loss_abs":0.18243,"stop_loss_ratio":-0.05,"min_rate":0.19141,"max_rate":0.19419,"is_open":false,"enter_tag":"","leverage":1.0,"is_short":false,"open_timestamp":1760198400000,"close_timestamp":1760205600000,"orders":[{"amount":1718.0,"safe_price":0.19203,"ft_order_side":"buy","order_filled_timestamp":1760198400000,"ft_is_entry":true,"ft_order_tag":"","cost":330.23744753999995},{"amount":1718.0,"safe_price":0.19359,"ft_order_side":"sell","order_filled_timestamp":1760205600000,"ft_is_entry":false,"ft_order_tag":"roi","cost":332.92020762}],"funding_fees":0.0,"weekday":5},{"pair":"DOGE/USDT","stake_amount":330.52344,"max_stake_amount":330.52344,"amount":1686.0,"open_date":"2025-10-29 18:00:00+00:00","close_date":"2025-10-29 20:00:00+00:00","open_rate":0.19604,"close_rate":0.19643247247247245,"fee_open":0.001,"fee_close":0.001,"trade_duration":120,"profit_ratio":0.0,"profit_abs":0.0,"exit_reason":"roi","initial_stop_loss_abs":0.18624,"initial_stop_loss_ratio":-0.05,"stop_loss_abs":0.18624,"stop_loss_ratio":-0.05,"min_rate":0.1871,"max_rate":0.197,"is_open":false,"enter_tag":"","leverage":1.0,"is_short":false,"open_timestamp":1761760800000,"close_timestamp":1761768000000,"orders":[{"amount":1686.0,"safe_price":0.19604,"ft_order_side":"buy","order_filled_timestamp":1761760800000,"ft_is_entry":true,"ft_order_tag":"","cost":330.85396344},{"amount":1686.0,"safe_price":0.19643247247247245,"ft_order_side":"sell","order_filled_timestamp":1761768000000,"ft_is_entry":false,"ft_order_tag":"roi","cost":331.5163337371771}],"funding_fees":0.0,"weekday":2},{"pair":"DOGE/USDT","stake_amount":330.63056,"max_stake_amount":330.63056,"amount":2132.0,"open_date":"2025-11-18 08:00:00+00:00","close_date":"2025-11-18 10:00:00+00:00","open_rate":0.15508,"close_rate":0.15741,"fee_open":0.001,"fee_close":0.001,"trade_duration":120,"profit_ratio":0.0129964824960956,"profit_abs":4.30133132,"exit_reason":"roi","initial_stop_loss_abs":0.14733,"initial_stop_loss_ratio":-0.05,"stop_loss_abs":0.14733,"stop_loss_ratio":-0.05,"min_rate":0.15503,"max_rate":0.15786,"is_open":false,"enter_tag":"","leverage":1.0,"is_short":false,"open_timestamp":1763452800000,"close_timestamp":1763460000000,"orders":[{"amount":2132.0,"safe_price":0.15508,"ft_order_side":"buy","order_filled_timestamp":1763452800000,"ft_is_entry":true,"ft_order_tag":"","cost":330.96119056},{"amount":2132.0,"safe_price":0.15741,"ft_order_side":"sell","order_filled_timestamp":1763460000000,"ft_is_entry":false,"ft_order_tag":"roi","cost":335.93371812}],"funding_fees":0.0,"weekday":1}],"locks":[],"best_pair":{"key":"DOGE/USDT","trades":3,"profit_mean":0.006368659978357603,"profit_mean_pct":0.64,"profit_total_abs":6.318916160000001,"profit_total":0.00631891616,"profit_total_pct":0.63,"duration_avg":"2:00:00","wins":2,"draws":1,"losses":0,"winrate":0.6666666666666666,"cagr":0.023985694513822375,"expectancy":2.1063053866666666,"expectancy_ratio":100.0,"sortino":-100,"sharpe":0.7082931546013449,"calmar":-100,"sqn":1.6952,"profit_factor":0.0,"max_drawdown_account":0.0,"max_drawdown_abs":0.0},"worst_pair":{"key":"DOGE/USDT","trades":3,"profit_mean":0.006368659978357603,"profit_mean_pct":0.64,"profit_total_abs":6.318916160000001,"profit_total":0.00631891616,"profit_total_pct":0.63,"duration_avg":"2:00:00","wins":2,"draws":1,"losses":0,"winrate":0.6666666666666666,"cagr":0.023985694513822375,"expectancy":2.1063053866666666,"expectancy_ratio":100.0,"sortino":-100,"sharpe":0.7082931546013449,"calmar":-100,"sqn":1.6952,"profit_factor":0.0,"max_drawdown_account":0.0,"max_drawdown_abs":0.0},"results_per_pair":[{"key":"DOGE/USDT","trades":3,"profit_mean":0.006368659978357603,"profit_mean_pct":0.64,"profit_total_abs":6.318916160000001,"profit_total":0.00631891616,"profit_total_pct":0.63,"duration_avg":"2:00:00","wins":2,"draws":1,"losses":0,"winrate":0.6666666666666666,"cagr":0.023985694513822375,"expectancy":2.1063053866666666,"expectancy_ratio":100.0,"sortino":-100,"sharpe":0.7082931546013449,"calmar":-100,"sqn":1.6952,"profit_factor":0.0,"max_drawdown_account":0.0,"max_drawdown_abs":0.0},{"key":"TOTAL","trades":3,"profit_mean":0.006368659978357603,"profit_mean_pct":0.64,"profit_total_abs":6.318916160000001,"profit_total":0.00631891616,"profit_total_pct":0.63,"duration_avg":"2:00:00","wins":2,"draws":1,"losses":0,"winrate":0.6666666666666666,"cagr":0.023985694513822375,"expectancy":2.1063053866666666,"expectancy_ratio":100.0,"sortino":-100,"sharpe":0.7082931546013449,"calmar":-100,"sqn":1.6952,"profit_factor":0.0,"max_drawdown_account":0.0,"max_drawdown_abs":0.0}],"results_per_enter_tag":[{"key":"","trades":3,"profit_mean":0.006368659978357603,"profit_mean_pct":0.64,"profit_total_abs":6.318916160000001,"profit_total":0.00631891616,"profit_total_pct":0.63,"duration_avg":"2:00:00","wins":2,"draws":1,"losses":0,"winrate":0.6666666666666666,"cagr":0.023985694513822375,"expectancy":2.1063053866666666,"expectancy_ratio":100.0,"sortino":-100,"sharpe":0.7082931546013449,"calmar":-100,"sqn":1.6952,"profit_factor":0.0,"max_drawdown_account":0.0,"max_drawdown_abs":0.0},{"key":"TOTAL","trades":3,"profit_mean":0.006368659978357603,"profit_mean_pct":0.64,"profit_total_abs":6.318916160000001,"profit_total":0.00631891616,"profit_total_pct":0.63,"duration_avg":"2:00:00","wins":2,"draws":1,"losses":0,"winrate":0.6666666666666666,"cagr":0.023985694513822375,"expectancy":2.1063053866666666,"expectancy_ratio":100.0,"sortino":-100,"sharpe":0.7082931546013449,"calmar":-100,"sqn":1.6952,"profit_factor":0.0,"max_drawdown_account":0.0,"max_drawdown_abs":0.0}],"exit_reason_summary":[{"key":"roi","trades":3,"profit_mean":0.006368659978357603,"profit_mean_pct":0.64,"profit_total_abs":6.318916160000001,"profit_total":0.00631891616,"profit_total_pct":0.63,"duration_avg":"2:00:00","wins":2,"draws":1,"losses":0,"winrate":0.6666666666666666,"cagr":0.023985694513822375,"expectancy":2.1063053866666666,"expectancy_ratio":100.0,"sortino":-100,"sharpe":0.7082931546013449,"calmar":-100,"sqn":1.6952,"profit_factor":0.0,"max_drawdown_account":0.0,"max_drawdown_abs":0.0},{"key":"TOTAL","trades":3,"profit_mean":0.006368659978357603,"profit_mean_pct":0.64,"profit_total_abs":6.318916160000001,"profit_total":0.00631891616,"profit_total_pct":0.63,"duration_avg":"2:00:00","wins":2,"draws":1,"losses":0,"winrate":0.6666666666666666,"cagr":0.023985694513822375,"expectancy":2.1063053866666666,"expectancy_ratio":100.0,"sortino":-100,"sharpe":0.7082931546013449,"calmar":-100,"sqn":1.6952,"profit_factor":0.0,"max_drawdown_account":0.0,"max_drawdown_abs":0.0}],"mix_tag_stats":[{"key":["","roi"],"trades":3,"profit_mean":0.006368659978357603,"profit_mean_pct":0.64,"profit_total_abs":6.318916160000001,"profit_total":0.00631891616,"profit_total_pct":0.63,"duration_avg":"2:00:00","wins":2,"draws":1,"losses":0,"winrate":0.6666666666666666,"cagr":0.023985694513822375,"expectancy":2.1063053866666666,"expectancy_ratio":100.0,"sortino":-100,"sharpe":0.7082931546013449,"calmar":-100,"sqn":1.6952,"profit_factor":0.0,"max_drawdown_account":0.0,"max_drawdown_abs":0.0},{"key":"TOTAL","trades":3,"profit_mean":0.006368659978357603,"profit_mean_pct":0.64,"profit_total_abs":6.318916160000001,"profit_total":0.00631891616,"profit_total_pct":0.63,"duration_avg":"2:00:00","wins":2,"draws":1,"losses":0,"winrate":0.6666666666666666,"cagr":0.023985694513822375,"expectancy":2.1063053866666666,"expectancy_ratio":100.0,"sortino":-100,"sharpe":0.7082931546013449,"calmar":-100,"sqn":1.6952,"profit_factor":0.0,"max_drawdown_account":0.0,"max_drawdown_abs":0.0}],"left_open_trades":[{"key":"TOTAL","trades":0,"profit_mean":0.0,"profit_mean_pct":0.0,"profit_total_abs":0.0,"profit_total":0.0,"profit_total_pct":0.0,"duration_avg":"0:00","wins":0,"draws":0,"losses":0,"winrate":0.0,"cagr":0.0,"expectancy":0.0,"expectancy_ratio":100.0,"sortino":0,"sharpe":0,"calmar":0,"sqn":0.0,"profit_factor":0.0,"max_drawdown_account":0.0,"max_drawdown_abs":0.0}],"total_trades":3,"trade_count_long":3,"trade_count_short":0,"total_volume":1992.4228610171767,"avg_stake_amount":330.35384666666664,"profit_mean":0.006368659978357603,"profit_median":0.006109497438977208,"profit_total":0.00631891616,"profit_total_long":0.00631891616,"profit_total_short":0.0,"profit_total_abs":6.318916160000001,"profit_total_long_abs":6.318916160000001,"profit_total_short_abs":0.0,"cagr":0.023985694513822375,"expectancy":2.1063053866666666,"expectancy_ratio":100.0,"sortino":-100,"sharpe":0.7082931546013449,"calmar":-100,"sqn":1.6952,"profit_factor":0.0,"backtest_start":"2025-10-01 00:00:00","backtest_start_ts":1759276800000,"backtest_end":"2026-01-06 20:00:00","backtest_end_ts":1767729600000,"backtest_days":97,"backtest_run_start_ts":1767749904,"backtest_run_end_ts":1767749904,"trades_per_day":0.03,"market_change":-0.36632086436227446,"pairlist":["DOGE/USDT"],"stake_amount":"unlimited","stake_currency":"USDT","stake_currency_decimals":3,"starting_balance":1000,"dry_run_wallet":1000,"final_balance":1006.31891616,"rejected_signals":0,"timedout_entry_orders":0,"timedout_exit_orders":0,"canceled_trade_entries":0,"canceled_entry_orders":0,"replaced_entry_orders":0,"max_open_trades":1,"max_open_trades_setting":3,"timeframe":"1h","timeframe_detail":"","timerange":"20251001-","enable_protections":false,"strategy_name":"ACO_57_5","freqaimodel":null,"freqai_identifier":null,"stoploss":-0.05,"trailing_stop":false,"trailing_stop_positive":null,"trailing_stop_positive_offset":0.0,"trailing_only_offset_is_reached":false,"use_custom_stoploss":false,"minimal_roi":{"0":0.1,"60":0.05,"120":0.0},"use_exit_signal":true,"exit_profit_only":false,"exit_profit_offset":0.0,"ignore_roi_if_entry_signal":false,"trading_mode":"spot","margin_mode":"","periodic_breakdown":{"day":[{"date":"11/10/2025","date_ts":1760140800000,"profit_abs":2.01758484,"wins":1,"draws":0,"losses":0,"trades":1,"profit_factor":0.0},{"date":"12/10/2025","date_ts":1760227200000,"profit_abs":0.0,"wins":0,"draws":0,"losses":0,"trades":0,"profit_factor":0.0},{"date":"13/10/2025","date_ts":1760313600000,"profit_abs":0.0,"wins":0,"draws":0,"losses":0,"trades":0,"profit_factor":0.0},{"date":"14/10/2025","date_ts":1760400000000,"profit_abs":0.0,"wins":0,"draws":0,"losses":0,"trades":0,"profit_factor":0.0},{"date":"15/10/2025","date_ts":1760486400000,"profit_abs":0.0,"wins":0,"draws":0,"losses":0,"trades":0,"profit_factor":0.0},{"date":"16/10/2025","date_ts":1760572800000,"profit_abs":0.0,"wins":0,"draws":0,"losses":0,"trades":0,"profit_factor":0.0},{"date":"17/10/2025","date_ts":1760659200000,"profit_abs":0.0,"wins":0,"draws":0,"losses":0,"trades":0,"profit_factor":0.0},{"date":"18/10/2025","date_ts":1760745600000,"profit_abs":0.0,"wins":0,"draws":0,"losses":0,"trades":0,"profit_factor":0.0},{"date":"19/10/2025","date_ts":1760832000000,"profit_abs":0.0,"wins":0,"draws":0,"losses":0,"trades":0,"profit_factor":0.0},{"date":"20/10/2025","date_ts":1760918400000,"profit_abs":0.0,"wins":0,"draws":0,"losses":0,"trades":0,"profit_factor":0.0},{"date":"21/10/2025","date_ts":1761004800000,"profit_abs":0.0,"wins":0,"draws":0,"losses":0,"trades":0,"profit_factor":0.0},{"date":"22/10/2025","date_ts":1761091200000,"profit_abs":0.0,"wins":0,"draws":0,"losses":0,"trades":0,"profit_factor":0.0},{"date":"23/10/2025","date_ts":1761177600000,"profit_abs":0.0,"wins":0,"draws":0,"losses":0,"trades":0,"profit_factor":0.0},{"date":"24/10/2025","date_ts":1761264000000,"profit_abs":0.0,"wins":0,"draws":0,"losses":0,"trades":0,"profit_factor":0.0},{"date":"25/10/2025","date_ts":1761350400000,"profit_abs":0.0,"wins":0,"draws":0,"losses":0,"trades":0,"profit_factor":0.0},{"date":"26/10/2025","date_ts":1761436800000,"profit_abs":0.0,"wins":0,"draws":0,"losses":0,"trades":0,"profit_factor":0.0},{"date":"27/10/2025","date_ts":1761523200000,"profit_abs":0.0,"wins":0,"draws":0,"losses":0,"trades":0,"profit_factor":0.0},{"date":"28/10/2025","date_ts":1761609600000,"profit_abs":0.0,"wins":0,"draws":0,"losses":0,"trades":0,"profit_factor":0.0},{"date":"29/10/2025","date_ts":1761696000000,"profit_abs":0.0,"wins":0,"draws":1,"losses":0,"trades":1,"profit_factor":0.0},{"date":"30/10/2025","date_ts":1761782400000,"profit_abs":0.0,"wins":0,"draws":0,"losses":0,"trades":0,"profit_factor":0.0},{"date":"31/10/2025","date_ts":1761868800000,"profit_abs":0.0,"wins":0,"draws":0,"losses":0,"trades":0,"profit_factor":0.0},{"date":"01/11/2025","date_ts":1761955200000,"profit_abs":0.0,"wins":0,"draws":0,"losses":0,"trades":0,"profit_factor":0.0},{"date":"02/11/2025","date_ts":1762041600000,"profit_abs":0.0,"wins":0,"draws":0,"losses":0,"trades":0,"profit_factor":0.0},{"date":"03/11/2025","date_ts":1762128000000,"profit_abs":0.0,"wins":0,"draws":0,"losses":0,"trades":0,"profit_factor":0.0},{"date":"04/11/2025","date_ts":1762214400000,"profit_abs":0.0,"wins":0,"draws":0,"losses":0,"trades":0,"profit_factor":0.0},{"date":"05/11/2025","date_ts":1762300800000,"profit_abs":0.0,"wins":0,"draws":0,"losses":0,"trades":0,"profit_factor":0.0},{"date":"06/11/2025","date_ts":1762387200000,"profit_abs":0.0,"wins":0,"draws":0,"losses":0,"trades":0,"profit_factor":0.0},{"date":"07/11/2025","date_ts":1762473600000,"profit_abs":0.0,"wins":0,"draws":0,"losses":0,"trades":0,"profit_factor":0.0},{"date":"08/11/2025","date_ts":1762560000000,"profit_abs":0.0,"wins":0,"draws":0,"losses":0,"trades":0,"profit_factor":0.0},{"date":"09/11/2025","date_ts":1762646400000,"profit_abs":0.0,"wins":0,"draws":0,"losses":0,"trades":0,"profit_factor":0.0},{"date":"10/11/2025","date_ts":1762732800000,"profit_abs":0.0,"wins":0,"draws":0,"losses":0,"trades":0,"profit_factor":0.0},{"date":"11/11/2025","date_ts":1762819200000,"profit_abs":0.0,"wins":0,"draws":0,"losses":0,"trades":0,"profit_factor":0.0},{"date":"12/11/2025","date_ts":1762905600000,"profit_abs":0.0,"wins":0,"draws":0,"losses":0,"trades":0,"profit_factor":0.0},{"date":"13/11/2025","date_ts":1762992000000,"profit_abs":0.0,"wins":0,"draws":0,"losses":0,"trades":0,"profit_factor":0.0},{"date":"14/11/2025","date_ts":1763078400000,"profit_abs":0.0,"wins":0,"draws":0,"losses":0,"trades":0,"profit_factor":0.0},{"date":"15/11/2025","date_ts":1763164800000,"profit_abs":0.0,"wins":0,"draws":0,"losses":0,"trades":0,"profit_factor":0.0},{"date":"16/11/2025","date_ts":1763251200000,"profit_abs":0.0,"wins":0,"draws":0,"losses":0,"trades":0,"profit_factor":0.0},{"date":"17/11/2025","date_ts":1763337600000,"profit_abs":0.0,"wins":0,"draws":0,"losses":0,"trades":0,"profit_factor":0.0},{"date":"18/11/2025","date_ts":1763424000000,"profit_abs":4.30133132,"wins":1,"draws":0,"losses":0,"trades":1,"profit_factor":0.0}],"week":[{"date":"13/10/2025","date_ts":1760313600000,"profit_abs":2.01758484,"wins":1,"draws":0,"losses":0,"trades":1,"profit_factor":0.0},{"date":"20/10/2025","date_ts":1760918400000,"profit_abs":0.0,"wins":0,"draws":0,"losses":0,"trades":0,"profit_factor":0.0},{"date":"27/10/2025","date_ts":1761523200000,"profit_abs":0.0,"wins":0,"draws":0,"losses":0,"trades":0,"profit_factor":0.0},{"date":"03/11/2025","date_ts":1762128000000,"profit_abs":0.0,"wins":0,"draws":1,"losses":0,"trades":1,"profit_factor":0.0},{"date":"10/11/2025","date_ts":1762732800000,"profit_abs":0.0,"wins":0,"draws":0,"losses":0,"trades":0,"profit_factor":0.0},{"date":"17/11/2025","date_ts":1763337600000,"profit_abs":0.0,"wins":0,"draws":0,"losses":0,"trades":0,"profit_factor":0.0},{"date":"24/11/2025","date_ts":1763942400000,"profit_abs":4.30133132,"wins":1,"draws":0,"losses":0,"trades":1,"profit_factor":0.0}],"month":[{"date":"31/10/2025","date_ts":1761868800000,"profit_abs":2.01758484,"wins":1,"draws":1,"losses":0,"trades":2,"profit_factor":0.0},{"date":"30/11/2025","date_ts":1764460800000,"profit_abs":4.30133132,"wins":1,"draws":0,"losses":0,"trades":1,"profit_factor":0.0}],"year":[{"date":"31/12/2025","date_ts":1767139200000,"profit_abs":6.31891616,"wins":2,"draws":1,"losses":0,"trades":3,"profit_factor":0.0}],"weekday":[{"date":"Tuesday","date_ts":1,"profit_abs":4.30133132,"wins":1,"draws":0,"losses":0,"trades":1,"profit_factor":0.0},{"date":"Wednesday","date_ts":2,"profit_abs":0.0,"wins":0,"draws":1,"losses":0,"trades":1,"profit_factor":0.0},{"date":"Saturday","date_ts":5,"profit_abs":2.01758484,"wins":1,"draws":0,"losses":0,"trades":1,"profit_factor":0.0}]},"backtest_best_day":0.0129964824960956,"backtest_worst_day":0.0,"backtest_best_day_abs":4.30133132,"backtest_worst_day_abs":0.0,"winning_days":2,"draw_days":37,"losing_days":0,"daily_profit":[["2025-10-11",2.01758484],["2025-10-12",0.0],["2025-10-13",0.0],["2025-10-14",0.0],["2025-10-15",0.0],["2025-10-16",0.0],["2025-10-17",0.0],["2025-10-18",0.0],["2025-10-19",0.0],["2025-10-20",0.0],["2025-10-21",0.0],["2025-10-22",0.0],["2025-10-23",0.0],["2025-10-24",0.0],["2025-10-25",0.0],["2025-10-26",0.0],["2025-10-27",0.0],["2025-10-28",0.0],["2025-10-29",0.0],["2025-10-30",0.0],["2025-10-31",0.0],["2025-11-01",0.0],["2025-11-02",0.0],["2025-11-03",0.0],["2025-11-04",0.0],["2025-11-05",0.0],["2025-11-06",0.0],["2025-11-07",0.0],["2025-11-08",0.0],["2025-11-09",0.0],["2025-11-10",0.0],["2025-11-11",0.0],["2025-11-12",0.0],["2025-11-13",0.0],["2025-11-14",0.0],["2025-11-15",0.0],["2025-11-16",0.0],["2025-11-17",0.0],["2025-11-18",4.30133132]],"wins":2,"losses":0,"draws":1,"winrate":0.6666666666666666,"holding_avg":"2:00:00","holding_avg_s":7200.0,"winner_holding_min":"0d 02:00","winner_holding_min_s":7200.0,"winner_holding_max":"0d 02:00","winner_holding_max_s":7200.0,"winner_holding_avg":"0d 02:00","winner_holding_avg_s":7200.0,"loser_holding_min":"0d 00:00","loser_holding_min_s":0.0,"loser_holding_max":"0d 00:00","loser_holding_max_s":0.0,"loser_holding_avg":"0d 00:00","loser_holding_avg_s":0.0,"max_consecutive_wins":1,"max_consecutive_losses":1,"max_drawdown_account":0.0,"max_relative_drawdown":0.0,"max_drawdown_abs":0.0,"drawdown_start":"2025-10-11 18:00:00","drawdown_start_ts":1760205600000.0,"drawdown_end":"2025-10-11 18:00:00","drawdown_end_ts":1760205600000.0,"drawdown_duration":"0 days 00:00:00","drawdown_duration_s":0.0,"max_drawdown_low":0.0,"max_drawdown_high":0.0,"csum_min":1002.01758484,"csum_max":1006.31891616}},"strategy_comparison":[{"key":"ACO_57_5","trades":3,"profit_mean":0.006368659978357603,"profit_mean_pct":0.64,"profit_total_abs":6.318916160000001,"profit_total":0.00631891616,"profit_total_pct":0.63,"duration_avg":"2:00:00","wins":2,"draws":1,"losses":0,"winrate":0.6666666666666666,"cagr":0.023985694513822375,"expectancy":2.1063053866666666,"expectancy_ratio":100.0,"sortino":-100,"sharpe":0.7082931546013449,"calmar":-100,"sqn":1.6952,"profit_factor":0.0,"max_drawdown_account":0.0,"max_drawdown_abs":"0"}]}