{"strategy":{"ACO_40_3":{"trades":[{"pair":"DOGE/USDT","stake_amount":329.97516,"max_stake_amount":329.97516,"amount":1284.0,"open_date":"2025-10-02 07:00:00+00:00","close_date":"2025-10-02 09:00:00+00:00","open_rate":0.25699,"close_rate":0.25763,"fee_open":0.001,"fee_close":0.001,"trade_duration":120,"profit_ratio":0.00048739151427972004,"profit_abs":0.16098792,"exit_reason":"roi","initial_stop_loss_abs":0.24415,"initial_stop_loss_ratio":-0.05,"stop_loss_abs":0.24415,"stop_loss_ratio":-0.05,"min_rate":0.25525,"max_rate":0.2588,"is_open":false,"enter_tag":"","leverage":1.0,"is_short":false,"open_timestamp":1759388400000,"close_timestamp":1759395600000,"orders":[{"amount":1284.0,"safe_price":0.25699,"ft_order_side":"buy","order_filled_timestamp":1759388400000,"ft_is_entry":true,"ft_order_tag":"","cost":330.30513515999996},{"amount":1284.0,"safe_price":0.25763,"ft_order_side":"sell","order_filled_timestamp":1759395600000,"ft_is_entry":false,"ft_order_tag":"roi","cost":331.12771692}],"funding_fees":0.0,"weekday":3},{"pair":"DOGE/USDT","stake_amount":329.9955,"max_stake_amount":329.9955,"amount":1275.0,"open_date":"2025-10-02 19:00:00+00:00","close_date":"2025-10-02 21:00:00+00:00","open_rate":0.25882,"close_rate":0.26074,"fee_open":0.001,"fee_close":0.001,"trade_duration":120,"profit_ratio":0.005405459234375083,"profit_abs":1.785561,"exit_reason":"roi","initial_stop_loss_abs":0.24588,"initial_stop_loss_ratio":-0.05,"stop_loss_abs":0.24588,"stop_loss_ratio":-0.05,"min_rate":0.25834,"max_rate":0.26414,"is_open":false,"enter_tag":"","leverage":1.0,"is_short":false,"open_timestamp":1759431600000,"close_timestamp":1759438800000,"orders":[{"amount":1275.0,"safe_price":0.25882,"ft_order_side":"buy","order_filled_timestamp":1759431600000,"ft_is_entry":true,"ft_order_tag":"","cost":330.32549549999993},{"amount":1275.0,"safe_price":0.26074,"ft_order_side":"sell","order_filled_timestamp":1759438800000,"ft_is_entry":false,"ft_order_tag":"roi","cost":332.7759435}],"funding_fees":0.0,"weekday":3},{"pair":"DOGE/USDT","stake_amount":330.39461,"max_stake_amount":330.39461,"amount":1261.0,"open_date":"2025-10-03 00:00:00+00:00","close_date":"2025-10-03 16:00:00+00:00","open_rate":0.26201,"close_rate":0.26253454454454456,"fee_open":0.001,"fee_close":0.001,"trade_duration":960,"profit_ratio":0.0,"profit_abs":0.0,"exit_reason":"roi","initial_stop_loss_abs":0.24891,"initial_stop_loss_ratio":-0.05,"stop_loss_abs":0.24891,"stop_loss_ratio":-0.05,"min_rate":0.25274,"max_rate":0.26534,"is_open":false,"enter_tag":"","leverage":1.0,"is_short":false,"open_timestamp":1759449600000,"close_timestamp":1759507200000,"orders":[{"amount":1261.0,"safe_price":0.26201,"ft_order_side":"buy","order_filled_timestamp":1759449600000,"ft_is_entry":true,"ft_order_tag":"","cost":330.72500461},{"amount":1261.0,"safe_price":0.26253454454454456,"ft_order_side":"sell","order_filled_timestamp":1759507200000,"ft_is_entry":false,"ft_order_tag":"roi","cost":331.3871167313413}],"funding_fees":0.0,"weekday":4},{"pair":"DOGE/USDT","stake_amount":330.5384,"max_stake_amount":330.5384,"amount":1315.0,"open_date":"2025-10-07 21:00:00+00:00","close_date":"2025-10-08 12:00:00+00:00","open_rate":0.25136,"close_rate":0.2518632232232232,"fee_open":0.001,"fee_close":0.001,"trade_duration":900,"profit_ratio":0.0,"profit_abs":0.0,"exit_reason":"roi","initial_stop_loss_abs":0.2388,"initial_stop_loss_ratio":-0.05,"stop_loss_abs":0.2388,"stop_loss_ratio":-0.05,"min_rate":0.24291,"max_rate":0.2526,"is_open":false,"enter_tag":"","leverage":1.0,"is_short":false,"open_timestamp":1759870800000,"close_timestamp":1759924800000,"orders":[{"amount":1315.0,"safe_price":0.25136,"ft_order_side":"buy","order_filled_timestamp":1759870800000,"ft_is_entry":true,"ft_order_tag":"","cost":330.86893839999993},{"amount":1315.0,"safe_price":0.2518632232232232,"ft_order_side":"sell","order_filled_timestamp":1759924800000,"ft_is_entry":false,"ft_order_tag":"roi","cost":331.53133867707703}],"funding_fees":0.0,"weekday":2},{"pair":"DOGE/USDT","stake_amount":330.56604,"max_stake_amount":330.56604,"amount":1692.0,"open_date":"2025-10-11 01:00:00+00:00","close_date":"2025-10-11 03:00:00+00:00","open_rate":0.19537,"close_rate":0.19889,"fee_open":0.001,"fee_close":0.001,"trade_duration":120,"profit_ratio":0.015983095575663523,"profit_abs":5.28875208,"exit_reason":"roi","initial_stop_loss_abs":0.18561,"initial_stop_loss_ratio":-0.05,"stop_loss_abs":0.18561,"stop_loss_ratio":-0.05,"min_rate":0.18627,"max_rate":0.20048,"is_open":false,"enter_tag":"","leverage":1.0,"is_short":false,"open_timestamp":1760144400000,"close_timestamp":1760151600000,"orders":[{"amount":1692.0,"safe_price":0.19537,"ft_order_side":"buy","order_filled_timestamp":1760144400000,"ft_is_entry":true,"ft_order_tag":"","cost":330.89660603999994},{"amount":1692.0,"safe_price":0.19889,"ft_order_side":"sell","order_filled_timestamp":1760151600000,"ft_is_entry":false,"ft_order_tag":"roi","cost":336.85840188}],"funding_fees":0.0,"weekday":5},{"pair":"DOGE/USDT","stake_amount":332.31388,"max_stake_amount":332.31388,"amount":1796.0,"open_date":"2025-10-11 23:00:00+00:00","close_date":"2025-10-12 03:00:00+00:00","open_rate":0.18503,"close_rate":0.18540043043043042,"fee_open":0.001,"fee_close":0.001,"trade_duration":240,"profit_ratio":0.0,"profit_abs":0.0,"exit_reason":"roi","initial_stop_loss_abs":0.17578,"initial_stop_loss_ratio":-0.05,"stop_loss_abs":0.17578,"stop_loss_ratio":-0.05,"min_rate":0.18072,"max_rate":0.18675,"is_open":false,"enter_tag":"","leverage":1.0,"is_short":false,"open_timestamp":1760223600000,"close_timestamp":1760238000000,"orders":[{"amount":1796.0,"safe_price":0.18503,"ft_order_side":"buy","order_filled_timestamp":1760223600000,"ft_is_entry":true,"ft_order_tag":"","cost":332.64619387999994},{"amount":1796.0,"safe_price":0.18540043043043042,"ft_order_side":"sell","order_filled_timestamp":1760238000000,"ft_is_entry":false,"ft_order_tag":"roi","cost":333.31215222610604}],"funding_fees":0.0,"weekday":6},{"pair":"DOGE/USDT","stake_amount":332.22,"max_stake_amount":332.22,"amount":1750.0,"open_date":"2025-10-12 13:00:00+00:00","close_date":"2025-10-12 14:00:00+00:00","open_rate":0.18984,"close_rate":0.19972156156156154,"fee_open":0.001,"fee_close":0.001,"trade_duration":60,"profit_ratio":0.04995004995004996,"profit_abs":16.611,"exit_reason":"roi","initial_stop_loss_abs":0.18035,"initial_stop_loss_ratio":-0.05,"stop_loss_abs":0.18035,"stop_loss_ratio":-0.05,"min_rate":0.18624,"max_rate":0.19986,"is_open":false,"enter_tag":"","leverage":1.0,"is_short":false,"open_timestamp":1760274000000,"close_timestamp":1760277600000,"orders":[{"amount":1750.0,"safe_price":0.18984,"ft_order_side":"buy","order_filled_timestamp":1760274000000,"ft_is_entry":true,"ft_order_tag":"","cost":332.55222},{"amount":1750.0,"safe_price":0.19972156156156154,"ft_order_side":"sell","order_filled_timestamp":1760277600000,"ft_is_entry":false,"ft_order_tag":"roi","cost":349.8622454654654}],"funding_fees":0.0,"weekday":6},{"pair":"DOGE/USDT","stake_amount":337.75308,"max_stake_amount":337.75308,"amount":1722.0,"open_date":"2025-10-12 15:00:00+00:00","close_date":"2025-10-12 16:00:00+00:00","open_rate":0.19614,"close_rate":0.2063494894894895,"fee_open":0.001,"fee_close":0.001,"trade_duration":60,"profit_ratio":0.04995004995004996,"profit_abs":16.887654,"exit_reason":"roi","initial_stop_loss_abs":0.18634,"initial_stop_loss_ratio":-0.05,"stop_loss_abs":0.18634,"stop_loss_ratio":-0.05,"min_rate":0.19562,"max_rate":0.2095,"is_open":false,"enter_tag":"","leverage":1.0,"is_short":false,"open_timestamp":1760281200000,"close_timestamp":1760284800000,"orders":[{"amount":1722.0,"safe_price":0.19614,"ft_order_side":"buy","order_filled_timestamp":1760281200000,"ft_is_entry":true,"ft_order_tag":"","cost":338.09083308},{"amount":1722.0,"safe_price":0.2063494894894895,"ft_order_side":"sell","order_filled_timestamp":1760284800000,"ft_is_entry":false,"ft_order_tag":"roi","cost":355.6891547218018}],"funding_fees":0.0,"weekday":6},{"pair":"DOGE/USDT","stake_amount":343.3785,"max_stake_amount":343.3785,"amount":1725.0,"open_date":"2025-10-14 12:00:00+00:00","close_date":"2025-10-14 14:00:00+00:00","open_rate":0.19906,"close_rate":0.19945851851851848,"fee_open":0.001,"fee_close":0.001,"trade_duration":120,"profit_ratio":0.0,"profit_abs":0.0,"exit_reason":"roi","initial_stop_loss_abs":0.18911,"initial_stop_loss_ratio":-0.05,"stop_loss_abs":0.18911,"stop_loss_ratio":-0.05,"min_rate":0.1933,"max_rate":0.20175,"is_open":false,"enter_tag":"","leverage":1.0,"is_short":false,"open_timestamp":1760443200000,"close_timestamp":1760450400000,"orders":[{"amount":1725.0,"safe_price":0.19906,"ft_order_side":"buy","order_filled_timestamp":1760443200000,"ft_is_entry":true,"ft_order_tag":"","cost":343.72187849999995},{"amount":1725.0,"safe_price":0.19945851851851848,"ft_order_side":"sell","order_filled_timestamp":1760450400000,"ft_is_entry":false,"ft_order_tag":"roi","cost":344.4100103888888}],"funding_fees":0.0,"weekday":1},{"pair":"DOGE/USDT","stake_amount":343.3675,"max_stake_amount":343.3675,"amount":1750.0,"open_date":"2025-10-16 00:00:00+00:00","close_date":"2025-10-16 02:00:00+00:00","open_rate":0.19621,"close_rate":0.19808,"fee_open":0.001,"fee_close":0.001,"trade_duration":120,"profit_ratio":0.007513560798306733,"profit_abs":2.5824925,"exit_reason":"roi","initial_stop_loss_abs":0.1864,"initial_stop_loss_ratio":-0.05,"stop_loss_abs":0.1864,"stop_loss_ratio":-0.05,"min_rate":0.1954,"max_rate":0.1991,"is_open":false,"enter_tag":"","leverage":1.0,"is_short":false,"open_timestamp":1760572800000,"close_timestamp":1760580000000,"orders":[{"amount":1750.0,"safe_price":0.19621,"ft_order_side":"buy","order_filled_timestamp":1760572800000,"ft_is_entry":true,"ft_order_tag":"","cost":343.71086749999995},{"amount":1750.0,"safe_price":0.19808,"ft_order_side":"sell","order_filled_timestamp":1760580000000,"ft_is_entry":false,"ft_order_tag":"roi","cost":346.98663999999997}],"funding_fees":0.0,"weekday":3},{"pair":"DOGE/USDT","stake_amount":344.14088,"max_stake_amount":344.14088,"amount":1756.0,"open_date":"2025-10-16 06:00:00+00:00","close_date":"2025-10-16 08:00:00+00:00","open_rate":0.19598,"close_rate":0.19743,"fee_open":0.001,"fee_close":0.001,"trade_duration":120,"profit_ratio":0.005385929510840217,"profit_abs":1.85537204,"exit_reason":"roi","initial_stop_loss_abs":0.18619,"initial_stop_loss_ratio":-0.05,"stop_loss_abs":0.18619,"stop_loss_ratio":-0.05,"min_rate":0.19552,"max_rate":0.20077,"is_open":false,"enter_tag":"","leverage":1.0,"is_short":false,"open_timestamp":1760594400000,"close_timestamp":1760601600000,"orders":[{"amount":1756.0,"safe_price":0.19598,"ft_order_side":"buy","order_filled_timestamp":1760594400000,"ft_is_entry":true,"ft_order_tag":"","cost":344.4850208799999},{"amount":1756.0,"safe_price":0.19743,"ft_order_side":"sell","order_filled_timestamp":1760601600000,"ft_is_entry":false,"ft_order_tag":"roi","cost":347.03376707999996}],"funding_fees":0.0,"weekday":3},{"pair":"DOGE/USDT","stake_amount":344.796,"max_stake_amount":344.796,"amount":1770.0,"open_date":"2025-10-16 17:00:00+00:00","close_date":"2025-10-16 20:00:00+00:00","open_rate":0.1948,"close_rate":0.18506,"fee_open":0.001,"fee_close":0.001,"trade_duration":180,"profit_ratio":-0.0518981018981019,"profit_abs":-17.9121522,"exit_reason":"stop_loss","initial_stop_loss_abs":0.18506,"initial_stop_loss_ratio":-0.05,"stop_loss_abs":0.18506,"stop_loss_ratio":-0.05,"min_rate":0.18469,"max_rate":0.1948,"is_open":false,"enter_tag":"","leverage":1.0,"is_short":false,"open_timestamp":1760634000000,"close_timestamp":1760644800000,"orders":[{"amount":1770.0,"safe_price":0.1948,"ft_order_side":"buy","order_filled_timestamp":1760634000000,"ft_is_entry":true,"ft_order_tag":"","cost":345.14079599999997},{"amount":1770.0,"safe_price":0.18506,"ft_order_side":"sell","order_filled_timestamp":1760644800000,"ft_is_entry":false,"ft_order_tag":"stop_loss","cost":327.88375619999994}],"funding_fees":0.0,"weekday":3},{"pair":"DOGE/USDT","stake_amount":338.87616,"max_stake_amount":338.87616,"amount":1801.0,"open_date":"2025-10-16 22:00:00+00:00","close_date":"2025-10-17 00:00:00+00:00","open_rate":0.18816,"close_rate":0.18853669669669668,"fee_open":0.001,"fee_close":0.001,"trade_duration":120,"profit_ratio":0.0,"profit_abs":0.0,"exit_reason":"roi","initial_stop_loss_abs":0.17876,"initial_stop_loss_ratio":-0.05,"stop_loss_abs":0.17876,"stop_loss_ratio":-0.05,"min_rate":0.18616,"max_rate":0.19011,"is_open":false,"enter_tag":"","leverage":1.0,"is_short":false,"open_timestamp":1760652000000,"close_timestamp":1760659200000,"orders":[{"amount":1801.0,"safe_price":0.18816,"ft_order_side":"buy","order_filled_timestamp":1760652000000,"ft_is_entry":true,"ft_order_tag":"","cost":339.21503615999995},{"amount":1801.0,"safe_price":0.18853669669669668,"ft_order_side":"sell","order_filled_timestamp":1760659200000,"ft_is_entry":false,"ft_order_tag":"roi","cost":339.8941453415014}],"funding_fees":0.0,"weekday":4},{"pair":"DOGE/USDT","stake_amount":338.86593,"max_stake_amount":338.86593,"amount":1893.0,"open_date":"2025-10-17 11:00:00+00:00","close_date":"2025-10-17 13:00:00+00:00","open_rate":0.17901,"close_rate":0.18228,"fee_open":0.001,"fee_close":0.001,"trade_duration":120,"profit_ratio":0.016232636142138403,"profit_abs":5.50618803,"exit_reason":"roi","initial_stop_loss_abs":0.17006,"initial_stop_loss_ratio":-0.05,"stop_loss_abs":0.17006,"stop_loss_ratio":-0.05,"min_rate":0.17882,"max_rate":0.18463,"is_open":false,"enter_tag":"","leverage":1.0,"is_short":false,"open_timestamp":1760698800000,"close_timestamp":1760706000000,"orders":[{"amount":1893.0,"safe_price":0.17901,"ft_order_side":"buy","order_filled_timestamp":1760698800000,"ft_is_entry":true,"ft_order_tag":"","cost":339.20479592999993},{"amount":1893.0,"safe_price":0.18228,"ft_order_side":"sell","order_filled_timestamp":1760706000000,"ft_is_entry":false,"ft_order_tag":"roi","cost":345.40109603999997}],"funding_fees":0.0,"weekday":4},{"pair":"DOGE/USDT","stake_amount":340.744,"max_stake_amount":340.744,"amount":1784.0,"open_date":"2025-10-22 12:00:00+00:00","close_date":"2025-10-22 14:00:00+00:00","open_rate":0.191,"close_rate":0.19236,"fee_open":0.001,"fee_close":0.001,"trade_duration":120,"profit_ratio":0.0051081902390802915,"profit_abs":1.74232576,"exit_reason":"roi","initial_stop_loss_abs":0.18145,"initial_stop_loss_ratio":-0.05,"stop_loss_abs":0.18145,"stop_loss_ratio":-0.05,"min_rate":0.18814,"max_rate":0.19275,"is_open":false,"enter_tag":"","leverage":1.0,"is_short":false,"open_timestamp":1761134400000,"close_timestamp":1761141600000,"orders":[{"amount":1784.0,"safe_price":0.191,"ft_order_side":"buy","order_filled_timestamp":1761134400000,"ft_is_entry":true,"ft_order_tag":"","cost":341.084744},{"amount":1784.0,"safe_price":0.19236,"ft_order_side":"sell","order_filled_timestamp":1761141600000,"ft_is_entry":false,"ft_order_tag":"roi","cost":343.5134102399999}],"funding_fees":0.0,"weekday":2},{"pair":"DOGE/USDT","stake_amount":341.32331,"max_stake_amount":341.32331,"amount":1789.0,"open_date":"2025-10-22 19:00:00+00:00","close_date":"2025-10-23 01:00:00+00:00","open_rate":0.19079,"close_rate":0.19117196196196193,"fee_open":0.001,"fee_close":0.001,"trade_duration":360,"profit_ratio":0.0,"profit_abs":0.0,"exit_reason":"roi","initial_stop_loss_abs":0.18126,"initial_stop_loss_ratio":-0.05,"stop_loss_abs":0.18126,"stop_loss_ratio":-0.05,"min_rate":0.18467,"max_rate":0.19228,"is_open":false,"enter_tag":"","leverage":1.0,"is_short":false,"open_timestamp":1761159600000,"close_timestamp":1761181200000,"orders":[{"amount":1789.0,"safe_price":0.19079,"ft_order_side":"buy","order_filled_timestamp":1761159600000,"ft_is_entry":true,"ft_order_tag":"","cost":341.66463330999994},{"amount":1789.0,"safe_price":0.19117196196196193,"ft_order_side":"sell","order_filled_timestamp":1761181200000,"ft_is_entry":false,"ft_order_tag":"roi","cost":342.3486465898998}],"funding_fees":0.0,"weekday":3},{"pair":"DOGE/USDT","stake_amount":341.1964,"max_stake_amount":341.1964,"amount":1660.0,"open_date":"2025-10-26 23:00:00+00:00","close_date":"2025-10-27 01:00:00+00:00","open_rate":0.20554,"close_rate":0.20754,"fee_open":0.001,"fee_close":0.001,"trade_duration":120,"profit_ratio":0.007713022600635718,"profit_abs":2.6342872,"exit_reason":"roi","initial_stop_loss_abs":0.19527,"initial_stop_loss_ratio":-0.05,"stop_loss_abs":0.19527,"stop_loss_ratio":-0.05,"min_rate":0.20527,"max_rate":0.2093,"is_open":false,"enter_tag":"","leverage":1.0,"is_short":false,"open_timestamp":1761519600000,"close_timestamp":1761526800000,"orders":[{"amount":1660.0,"safe_price":0.20554,"ft_order_side":"buy","order_filled_timestamp":1761519600000,"ft_is_entry":true,"ft_order_tag":"","cost":341.5375963999999},{"amount":1660.0,"safe_price":0.20754,"ft_order_side":"sell","order_filled_timestamp":1761526800000,"ft_is_entry":false,"ft_order_tag":"roi","cost":344.86091639999995}],"funding_fees":0.0,"weekday":0},{"pair":"DOGE/USDT","stake_amount":342.0923,"max_stake_amount":342.0923,"amount":1765.0,"open_date":"2025-10-29 02:00:00+00:00","close_date":"2025-10-29 05:00:00+00:00","open_rate":0.19382,"close_rate":0.194208028028028,"fee_open":0.001,"fee_close":0.001,"trade_duration":180,"profit_ratio":0.0,"profit_abs":0.0,"exit_reason":"roi","initial_stop_loss_abs":0.18413,"initial_stop_loss_ratio":-0.05,"stop_loss_abs":0.18413,"stop_loss_ratio":-0.05,"min_rate":0.19263,"max_rate":0.19486,"is_open":false,"enter_tag":"","leverage":1.0,"is_short":false,"open_timestamp":1761703200000,"close_timestamp":1761714000000,"orders":[{"amount":1765.0,"safe_price":0.19382,"ft_order_side":"buy","order_filled_timestamp":1761703200000,"ft_is_entry":true,"ft_order_tag":"","cost":342.43439229999996},{"amount":1765.0,"safe_price":0.194208028028028,"ft_order_side":"sell","order_filled_timestamp":1761714000000,"ft_is_entry":false,"ft_order_tag":"roi","cost":343.11994663893887}],"funding_fees":0.0,"weekday":2},{"pair":"DOGE/USDT","stake_amount":342.0898,"max_stake_amount":342.0898,"amount":1745.0,"open_date":"2025-10-29 18:00:00+00:00","close_date":"2025-10-29 20:00:00+00:00","open_rate":0.19604,"close_rate":0.19643247247247245,"fee_open":0.001,"fee_close":0.001,"trade_duration":120,"profit_ratio":0.0,"profit_abs":0.0,"exit_reason":"roi","initial_stop_loss_abs":0.18624,"initial_stop_loss_ratio":-0.05,"stop_loss_abs":0.18624,"stop_loss_ratio":-0.05,"min_rate":0.1871,"max_rate":0.197,"is_open":false,"enter_tag":"","leverage":1.0,"is_short":false,"open_timestamp":1761760800000,"close_timestamp":1761768000000,"orders":[{"amount":1745.0,"safe_price":0.19604,"ft_order_side":"buy","order_filled_timestamp":1761760800000,"ft_is_entry":true,"ft_order_tag":"","cost":342.4318897999999},{"amount":1745.0,"safe_price":0.19643247247247245,"ft_order_side":"sell","order_filled_timestamp":1761768000000,"ft_is_entry":false,"ft_order_tag":"roi","cost":343.1174391289288}],"funding_fees":0.0,"weekday":2},{"pair":"DOGE/USDT","stake_amount":342.2496,"max_stake_amount":342.2496,"amount":1760.0,"open_date":"2025-10-30 03:00:00+00:00","close_date":"2025-10-30 12:00:00+00:00","open_rate":0.19446,"close_rate":0.18474,"fee_open":0.001,"fee_close":0.001,"trade_duration":540,"profit_ratio":-0.05188270538471094,"profit_abs":-17.774592,"exit_reason":"stop_loss","initial_stop_loss_abs":0.18474,"initial_stop_loss_ratio":-0.05,"stop_loss_abs":0.18474,"stop_loss_ratio":-0.05,"min_rate":0.18275,"max_rate":0.19451,"is_open":false,"enter_tag":"","leverage":1.0,"is_short":false,"open_timestamp":1761793200000,"close_timestamp":1761825600000,"orders":[{"amount":1760.0,"safe_price":0.19446,"ft_order_side":"buy","order_filled_timestamp":1761793200000,"ft_is_entry":true,"ft_order_tag":"","cost":342.59184959999993},{"amount":1760.0,"safe_price":0.18474,"ft_order_side":"sell","order_filled_timestamp":1761825600000,"ft_is_entry":false,"ft_order_tag":"stop_loss","cost":325.4675423999999}],"funding_fees":0.0,"weekday":3},{"pair":"DOGE/USDT","stake_amount":336.25914,"max_stake_amount":336.25914,"amount":1849.0,"open_date":"2025-10-30 17:00:00+00:00","close_date":"2025-10-30 23:00:00+00:00","open_rate":0.18186,"close_rate":0.18222408408408405,"fee_open":0.001,"fee_close":0.001,"trade_duration":360,"profit_ratio":0.0,"profit_abs":0.0,"exit_reason":"roi","initial_stop_loss_abs":0.17277,"initial_stop_loss_ratio":-0.05,"stop_loss_abs":0.17277,"stop_loss_ratio":-0.05,"min_rate":0.17642,"max_rate":0.18287,"is_open":false,"enter_tag":"","leverage":1.0,"is_short":false,"open_timestamp":1761843600000,"close_timestamp":1761865200000,"orders":[{"amount":1849.0,"safe_price":0.18186,"ft_order_side":"buy","order_filled_timestamp":1761843600000,"ft_is_entry":true,"ft_order_tag":"","cost":336.59539914},{"amount":1849.0,"safe_price":0.18222408408408405,"ft_order_side":"sell","order_filled_timestamp":1761865200000,"ft_is_entry":false,"ft_order_tag":"roi","cost":337.2692638029428}],"funding_fees":0.0,"weekday":3},{"pair":"DOGE/USDT","stake_amount":336.29337,"max_stake_amount":336.29337,"amount":1813.0,"open_date":"2025-10-31 09:00:00+00:00","close_date":"2025-10-31 11:00:00+00:00","open_rate":0.18549,"close_rate":0.18586135135135132,"fee_open":0.001,"fee_close":0.001,"trade_duration":120,"profit_ratio":0.0,"profit_abs":0.0,"exit_reason":"roi","initial_stop_loss_abs":0.17622,"initial_stop_loss_ratio":-0.05,"stop_loss_abs":0.17622,"stop_loss_ratio":-0.05,"min_rate":0.18498,"max_rate":0.18734,"is_open":false,"enter_tag":"","leverage":1.0,"is_short":false,"open_timestamp":1761901200000,"close_timestamp":1761908400000,"orders":[{"amount":1813.0,"safe_price":0.18549,"ft_order_side":"buy","order_filled_timestamp":1761901200000,"ft_is_entry":true,"ft_order_tag":"","cost":336.62966336999995},{"amount":1813.0,"safe_price":0.18586135135135132,"ft_order_side":"sell","order_filled_timestamp":1761908400000,"ft_is_entry":false,"ft_order_tag":"roi","cost":337.3035966299999}],"funding_fees":0.0,"weekday":4},{"pair":"DOGE/USDT","stake_amount":336.303,"max_stake_amount":336.303,"amount":1935.0,"open_date":"2025-11-03 09:00:00+00:00","close_date":"2025-11-03 11:00:00+00:00","open_rate":0.1738,"close_rate":0.17414794794794794,"fee_open":0.001,"fee_close":0.001,"trade_duration":120,"profit_ratio":0.0,"profit_abs":0.0,"exit_reason":"roi","initial_stop_loss_abs":0.16511,"initial_stop_loss_ratio":-0.05,"stop_loss_abs":0.16511,"stop_loss_ratio":-0.05,"min_rate":0.1714,"max_rate":0.17534,"is_open":false,"enter_tag":"","leverage":1.0,"is_short":false,"open_timestamp":1762160400000,"close_timestamp":1762167600000,"orders":[{"amount":1935.0,"safe_price":0.1738,"ft_order_side":"buy","order_filled_timestamp":1762160400000,"ft_is_entry":true,"ft_order_tag":"","cost":336.639303},{"amount":1935.0,"safe_price":0.17414794794794794,"ft_order_side":"sell","order_filled_timestamp":1762167600000,"ft_is_entry":false,"ft_order_tag":"roi","cost":337.3132555585585}],"funding_fees":0.0,"weekday":0},{"pair":"DOGE/USDT","stake_amount":336.22794,"max_stake_amount":336.22794,"amount":1962.0,"open_date":"2025-11-03 18:00:00+00:00","close_date":"2025-11-04 05:00:00+00:00","open_rate":0.17137,"close_rate":0.16281,"fee_open":0.001,"fee_close":0.001,"trade_duration":660,"profit_ratio":-0.05184860071946493,"profit_abs":-17.45038116,"exit_reason":"stop_loss","initial_stop_loss_abs":0.16281,"initial_stop_loss_ratio":-0.05,"stop_loss_abs":0.16281,"stop_loss_ratio":-0.05,"min_rate":0.16073,"max_rate":0.1717,"is_open":false,"enter_tag":"","leverage":1.0,"is_short":false,"open_timestamp":1762192800000,"close_timestamp":1762232400000,"orders":[{"amount":1962.0,"safe_price":0.17137,"ft_order_side":"buy","order_filled_timestamp":1762192800000,"ft_is_entry":true,"ft_order_tag":"","cost":336.56416793999995},{"amount":1962.0,"safe_price":0.16281,"ft_order_side":"sell","order_filled_timestamp":1762232400000,"ft_is_entry":false,"ft_order_tag":"stop_loss","cost":319.75265321999996}],"funding_fees":0.0,"weekday":1},{"pair":"DOGE/USDT","stake_amount":330.4805,"max_stake_amount":330.4805,"amount":2009.0,"open_date":"2025-11-04 09:00:00+00:00","close_date":"2025-11-04 11:00:00+00:00","open_rate":0.1645,"close_rate":0.16536,"fee_open":0.001,"fee_close":0.001,"trade_duration":120,"profit_ratio":0.003219516046263766,"profit_abs":1.06505126,"exit_reason":"roi","initial_stop_loss_abs":0.15628,"initial_stop_loss_ratio":-0.05,"stop_loss_abs":0.15628,"stop_loss_ratio":-0.05,"min_rate":0.16364,"max_rate":0.16702,"is_open":false,"enter_tag":"","leverage":1.0,"is_short":false,"open_timestamp":1762246800000,"close_timestamp":1762254000000,"orders":[{"amount":2009.0,"safe_price":0.1645,"ft_order_side":"buy","order_filled_timestamp":1762246800000,"ft_is_entry":true,"ft_order_tag":"","cost":330.81098049999997},{"amount":2009.0,"safe_price":0.16536,"ft_order_side":"sell","order_filled_timestamp":1762254000000,"ft_is_entry":false,"ft_order_tag":"roi","cost":332.54044823999993}],"funding_fees":0.0,"weekday":1},{"pair":"DOGE/USDT","stake_amount":330.85526,"max_stake_amount":330.85526,"amount":1982.0,"open_date":"2025-11-04 15:00:00+00:00","close_date":"2025-11-04 17:00:00+00:00","open_rate":0.16693,"close_rate":0.15859,"fee_open":0.001,"fee_close":0.001,"trade_duration":120,"profit_ratio":-0.051859241220051144,"profit_abs":-17.17506064,"exit_reason":"stop_loss","initial_stop_loss_abs":0.15859,"initial_stop_loss_ratio":-0.05,"stop_loss_abs":0.15859,"stop_loss_ratio":-0.05,"min_rate":0.1562,"max_rate":0.16853,"is_open":false,"enter_tag":"","leverage":1.0,"is_short":false,"open_timestamp":1762268400000,"close_timestamp":1762275600000,"orders":[{"amount":1982.0,"safe_price":0.16693,"ft_order_side":"buy","order_filled_timestamp":1762268400000,"ft_is_entry":true,"ft_order_tag":"","cost":331.18611525999995},{"amount":1982.0,"safe_price":0.15859,"ft_order_side":"sell","order_filled_timestamp":1762275600000,"ft_is_entry":false,"ft_order_tag":"stop_loss","cost":314.63970537999995}],"funding_fees":0.0,"weekday":1},{"pair":"DOGE/USDT","stake_amount":325.24783,"max_stake_amount":325.24783,"amount":2047.0,"open_date":"2025-11-04 21:00:00+00:00","close_date":"2025-11-04 23:00:00+00:00","open_rate":0.15889,"close_rate":0.16344,"fee_open":0.001,"fee_close":0.001,"trade_duration":120,"profit_ratio":0.026580946273815555,"profit_abs":8.65404049,"exit_reason":"roi","initial_stop_loss_abs":0.15095,"initial_stop_loss_ratio":-0.05,"stop_loss_abs":0.15095,"stop_loss_ratio":-0.05,"min_rate":0.15159,"max_rate":0.16436,"is_open":false,"enter_tag":"","leverage":1.0,"is_short":false,"open_timestamp":1762290000000,"close_timestamp":1762297200000,"orders":[{"amount":2047.0,"safe_price":0.15889,"ft_order_side":"buy","order_filled_timestamp":1762290000000,"ft_is_entry":true,"ft_order_tag":"","cost":325.57307783},{"amount":2047.0,"safe_price":0.16344,"ft_order_side":"sell","order_filled_timestamp":1762297200000,"ft_is_entry":false,"ft_order_tag":"roi","cost":334.89624168}],"funding_fees":0.0,"weekday":1},{"pair":"DOGE/USDT","stake_amount":328.12707,"max_stake_amount":328.12707,"amount":1997.0,"open_date":"2025-11-05 03:00:00+00:00","close_date":"2025-11-05 05:00:00+00:00","open_rate":0.16431,"close_rate":0.16476,"fee_open":0.001,"fee_close":0.001,"trade_duration":120,"profit_ratio":0.0007352516025147028,"profit_abs":0.24149721,"exit_reason":"roi","initial_stop_loss_abs":0.1561,"initial_stop_loss_ratio":-0.05,"stop_loss_abs":0.1561,"stop_loss_ratio":-0.05,"min_rate":0.16313,"max_rate":0.16619,"is_open":false,"enter_tag":"","leverage":1.0,"is_short":false,"open_timestamp":1762311600000,"close_timestamp":1762318800000,"orders":[{"amount":1997.0,"safe_price":0.16431,"ft_order_side":"buy","order_filled_timestamp":1762311600000,"ft_is_entry":true,"ft_order_tag":"","cost":328.45519706999994},{"amount":1997.0,"safe_price":0.16476,"ft_order_side":"sell","order_filled_timestamp":1762318800000,"ft_is_entry":false,"ft_order_tag":"roi","cost":329.3547457199999}],"funding_fees":0.0,"weekday":2},{"pair":"DOGE/USDT","stake_amount":328.25164,"max_stake_amount":328.25164,"amount":2003.0,"open_date":"2025-11-05 12:00:00+00:00","close_date":"2025-11-05 14:00:00+00:00","open_rate":0.16388,"close_rate":0.16553,"fee_open":0.001,"fee_close":0.001,"trade_duration":120,"profit_ratio":0.00805022412296027,"profit_abs":2.64514177,"exit_reason":"roi","initial_stop_loss_abs":0.15569,"initial_stop_loss_ratio":-0.05,"stop_loss_abs":0.15569,"stop_loss_ratio":-0.05,"min_rate":0.163,"max_rate":0.16709,"is_open":false,"enter_tag":"","leverage":1.0,"is_short":false,"open_timestamp":1762344000000,"close_timestamp":1762351200000,"orders":[{"amount":2003.0,"safe_price":0.16388,"ft_order_side":"buy","order_filled_timestamp":1762344000000,"ft_is_entry":true,"ft_order_tag":"","cost":328.57989163999997},{"amount":2003.0,"safe_price":0.16553,"ft_order_side":"sell","order_filled_timestamp":1762351200000,"ft_is_entry":false,"ft_order_tag":"roi","cost":331.88814659}],"funding_fees":0.0,"weekday":2},{"pair":"DOGE/USDT","stake_amount":329.0382,"max_stake_amount":329.0382,"amount":2052.0,"open_date":"2025-11-06 18:00:00+00:00","close_date":"2025-11-06 20:00:00+00:00","open_rate":0.16035,"close_rate":0.16077,"fee_open":0.001,"fee_close":0.001,"trade_duration":120,"profit_ratio":0.0006160350407310183,"profit_abs":0.20290176,"exit_reason":"roi","initial_stop_loss_abs":0.15234,"initial_stop_loss_ratio":-0.05,"stop_loss_abs":0.15234,"stop_loss_ratio":-0.05,"min_rate":0.15869,"max_rate":0.16212,"is_open":false,"enter_tag":"","leverage":1.0,"is_short":false,"open_timestamp":1762452000000,"close_timestamp":1762459200000,"orders":[{"amount":2052.0,"safe_price":0.16035,"ft_order_side":"buy","order_filled_timestamp":1762452000000,"ft_is_entry":true,"ft_order_tag":"","cost":329.3672381999999},{"amount":2052.0,"safe_price":0.16077,"ft_order_side":"sell","order_filled_timestamp":1762459200000,"ft_is_entry":false,"ft_order_tag":"roi","cost":330.22994004}],"funding_fees":0.0,"weekday":3},{"pair":"DOGE/USDT","stake_amount":329.04095,"max_stake_amount":329.04095,"amount":2023.0,"open_date":"2025-11-14 15:00:00+00:00","close_date":"2025-11-14 17:00:00+00:00","open_rate":0.16265,"close_rate":0.16401,"fee_open":0.001,"fee_close":0.001,"trade_duration":120,"profit_ratio":0.006346804133462602,"profit_abs":2.09044682,"exit_reason":"roi","initial_stop_loss_abs":0.15452,"initial_stop_loss_ratio":-0.05,"stop_loss_abs":0.15452,"stop_loss_ratio":-0.05,"min_rate":0.1609,"max_rate":0.16477,"is_open":false,"enter_tag":"","leverage":1.0,"is_short":false,"open_timestamp":1763132400000,"close_timestamp":1763139600000,"orders":[{"amount":2023.0,"safe_price":0.16265,"ft_order_side":"buy","order_filled_timestamp":1763132400000,"ft_is_entry":true,"ft_order_tag":"","cost":329.36999094999993},{"amount":2023.0,"safe_price":0.16401,"ft_order_side":"sell","order_filled_timestamp":1763139600000,"ft_is_entry":false,"ft_order_tag":"roi","cost":332.1240222299999}],"funding_fees":0.0,"weekday":4},{"pair":"DOGE/USDT","stake_amount":329.72289,"max_stake_amount":329.72289,"amount":2019.0,"open_date":"2025-11-14 20:00:00+00:00","close_date":"2025-11-14 23:00:00+00:00","open_rate":0.16331,"close_rate":0.15515,"fee_open":0.001,"fee_close":0.001,"trade_duration":180,"profit_ratio":-0.051864490906803076,"profit_abs":-17.11801074,"exit_reason":"stop_loss","initial_stop_loss_abs":0.15515,"initial_stop_loss_ratio":-0.05,"stop_loss_abs":0.15515,"stop_loss_ratio":-0.05,"min_rate":0.15472,"max_rate":0.1634,"is_open":false,"enter_tag":"","leverage":1.0,"is_short":false,"open_timestamp":1763150400000,"close_timestamp":1763161200000,"orders":[{"amount":2019.0,"safe_price":0.16331,"ft_order_side":"buy","order_filled_timestamp":1763150400000,"ft_is_entry":true,"ft_order_tag":"","cost":330.05261289},{"amount":2019.0,"safe_price":0.15515,"ft_order_side":"sell","order_filled_timestamp":1763161200000,"ft_is_entry":false,"ft_order_tag":"stop_loss","cost":313.56109785}],"funding_fees":0.0,"weekday":4},{"pair":"DOGE/USDT","stake_amount":324.10312,"max_stake_amount":324.10312,"amount":2024.0,"open_date":"2025-11-15 01:00:00+00:00","close_date":"2025-11-15 03:00:00+00:00","open_rate":0.16013,"close_rate":0.1624,"fee_open":0.001,"fee_close":0.001,"trade_duration":120,"profit_ratio":0.012149656376222291,"profit_abs":3.94167928,"exit_reason":"roi","initial_stop_loss_abs":0.15213,"initial_stop_loss_ratio":-0.05,"stop_loss_abs":0.15213,"stop_loss_ratio":-0.05,"min_rate":0.15942,"max_rate":0.16307,"is_open":false,"enter_tag":"","leverage":1.0,"is_short":false,"open_timestamp":1763168400000,"close_timestamp":1763175600000,"orders":[{"amount":2024.0,"safe_price":0.16013,"ft_order_side":"buy","order_filled_timestamp":1763168400000,"ft_is_entry":true,"ft_order_tag":"","cost":324.42722311999995},{"amount":2024.0,"safe_price":0.1624,"ft_order_side":"sell","order_filled_timestamp":1763175600000,"ft_is_entry":false,"ft_order_tag":"roi","cost":329.0262975999999}],"funding_fees":0.0,"weekday":5},{"pair":"DOGE/USDT","stake_amount":325.46613,"max_stake_amount":325.46613,"amount":2343.0,"open_date":"2025-11-21 13:00:00+00:00","close_date":"2025-11-21 15:00:00+00:00","open_rate":0.13891,"close_rate":0.14133,"fee_open":0.001,"fee_close":0.001,"trade_duration":120,"profit_ratio":0.015388542060487924,"profit_abs":5.01345768,"exit_reason":"roi","initial_stop_loss_abs":0.13197,"initial_stop_loss_ratio":-0.05,"stop_loss_abs":0.13197,"stop_loss_ratio":-0.05,"min_rate":0.13746,"max_rate":0.14209,"is_open":false,"enter_tag":"","leverage":1.0,"is_short":false,"open_timestamp":1763730000000,"close_timestamp":1763737200000,"orders":[{"amount":2343.0,"safe_price":0.13891,"ft_order_side":"buy","order_filled_timestamp":1763730000000,"ft_is_entry":true,"ft_order_tag":"","cost":325.79159612999996},{"amount":2343.0,"safe_price":0.14133,"ft_order_side":"sell","order_filled_timestamp":1763737200000,"ft_is_entry":false,"ft_order_tag":"roi","cost":331.46732618999994}],"funding_fees":0.0,"weekday":4},{"pair":"DOGE/USDT","stake_amount":327.0504,"max_stake_amount":327.0504,"amount":2320.0,"open_date":"2025-11-21 22:00:00+00:00","close_date":"2025-11-22 01:00:00+00:00","open_rate":0.14097,"close_rate":0.14125222222222222,"fee_open":0.001,"fee_close":0.001,"trade_duration":180,"profit_ratio":0.0,"profit_abs":0.0,"exit_reason":"roi","initial_stop_loss_abs":0.13393,"initial_stop_loss_ratio":-0.05,"stop_loss_abs":0.13393,"stop_loss_ratio":-0.05,"min_rate":0.13574,"max_rate":0.14156,"is_open":false,"enter_tag":"","leverage":1.0,"is_short":false,"open_timestamp":1763762400000,"close_timestamp":1763773200000,"orders":[{"amount":2320.0,"safe_price":0.14097,"ft_order_side":"buy","order_filled_timestamp":1763762400000,"ft_is_entry":true,"ft_order_tag":"","cost":327.3774504},{"amount":2320.0,"safe_price":0.14125222222222222,"ft_order_side":"sell","order_filled_timestamp":1763773200000,"ft_is_entry":false,"ft_order_tag":"roi","cost":328.0328607111111}],"funding_fees":0.0,"weekday":5},{"pair":"DOGE/USDT","stake_amount":327.06912,"max_stake_amount":327.06912,"amount":2352.0,"open_date":"2025-11-22 07:00:00+00:00","close_date":"2025-11-22 09:00:00+00:00","open_rate":0.13906,"close_rate":0.13933839839839837,"fee_open":0.001,"fee_close":0.001,"trade_duration":120,"profit_ratio":0.0,"profit_abs":0.0,"exit_reason":"roi","initial_stop_loss_abs":0.13211,"initial_stop_loss_ratio":-0.05,"stop_loss_abs":0.13211,"stop_loss_ratio":-0.05,"min_rate":0.13549,"max_rate":0.14016,"is_open":false,"enter_tag":"","leverage":1.0,"is_short":false,"open_timestamp":1763794800000,"close_timestamp":1763802000000,"orders":[{"amount":2352.0,"safe_price":0.13906,"ft_order_side":"buy","order_filled_timestamp":1763794800000,"ft_is_entry":true,"ft_order_tag":"","cost":327.39618912},{"amount":2352.0,"safe_price":0.13933839839839837,"ft_order_side":"sell","order_filled_timestamp":1763802000000,"ft_is_entry":false,"ft_order_tag":"roi","cost":328.0516369460659}],"funding_fees":0.0,"weekday":5},{"pair":"DOGE/USDT","stake_amount":327.06414,"max_stake_amount":327.06414,"amount":2369.0,"open_date":"2025-11-22 10:00:00+00:00","close_date":"2025-11-22 14:00:00+00:00","open_rate":0.13806,"close_rate":0.1383363963963964,"fee_open":0.001,"fee_close":0.001,"trade_duration":240,"profit_ratio":0.0,"profit_abs":0.0,"exit_reason":"roi","initial_stop_loss_abs":0.13116,"initial_stop_loss_ratio":-0.05,"stop_loss_abs":0.13116,"stop_loss_ratio":-0.05,"min_rate":0.13563,"max_rate":0.13943,"is_open":false,"enter_tag":"","leverage":1.0,"is_short":false,"open_timestamp":1763805600000,"close_timestamp":1763820000000,"orders":[{"amount":2369.0,"safe_price":0.13806,"ft_order_side":"buy","order_filled_timestamp":1763805600000,"ft_is_entry":true,"ft_order_tag":"","cost":327.3912041399999},{"amount":2369.0,"safe_price":0.1383363963963964,"ft_order_side":"sell","order_filled_timestamp":1763820000000,"ft_is_entry":false,"ft_order_tag":"roi","cost":328.046641986126}],"funding_fees":0.0,"weekday":5},{"pair":"DOGE/USDT","stake_amount":327.13968,"max_stake_amount":327.13968,"amount":2352.0,"open_date":"2025-11-22 15:00:00+00:00","close_date":"2025-11-22 17:00:00+00:00","open_rate":0.13909,"close_rate":0.13953,"fee_open":0.001,"fee_close":0.001,"trade_duration":120,"profit_ratio":0.0011590968525327571,"profit_abs":0.37956576,"exit_reason":"roi","initial_stop_loss_abs":0.13214,"initial_stop_loss_ratio":-0.05,"stop_loss_abs":0.13214,"stop_loss_ratio":-0.05,"min_rate":0.13729,"max_rate":0.13977,"is_open":false,"enter_tag":"","leverage":1.0,"is_short":false,"open_timestamp":1763823600000,"close_timestamp":1763830800000,"orders":[{"amount":2352.0,"safe_price":0.13909,"ft_order_side":"buy","order_filled_timestamp":1763823600000,"ft_is_entry":true,"ft_order_tag":"","cost":327.46681967999996},{"amount":2352.0,"safe_price":0.13953,"ft_order_side":"sell","order_filled_timestamp":1763830800000,"ft_is_entry":false,"ft_order_tag":"roi","cost":328.50273455999996}],"funding_fees":0.0,"weekday":5},{"pair":"DOGE/USDT","stake_amount":327.20839,"max_stake_amount":327.20839,"amount":2309.0,"open_date":"2025-11-23 02:00:00+00:00","close_date":"2025-11-23 04:00:00+00:00","open_rate":0.14171,"close_rate":0.14289,"fee_open":0.001,"fee_close":0.001,"trade_duration":120,"profit_ratio":0.006312225633374457,"profit_abs":2.0674786,"exit_reason":"roi","initial_stop_loss_abs":0.13463,"initial_stop_loss_ratio":-0.05,"stop_loss_abs":0.13463,"stop_loss_ratio":-0.05,"min_rate":0.14124,"max_rate":0.1447,"is_open":false,"enter_tag":"","leverage":1.0,"is_short":false,"open_timestamp":1763863200000,"close_timestamp":1763870400000,"orders":[{"amount":2309.0,"safe_price":0.14171,"ft_order_side":"buy","order_filled_timestamp":1763863200000,"ft_is_entry":true,"ft_order_tag":"","cost":327.53559838999996},{"amount":2309.0,"safe_price":0.14289,"ft_order_side":"sell","order_filled_timestamp":1763870400000,"ft_is_entry":false,"ft_order_tag":"roi","cost":330.26294300999996}],"funding_fees":0.0,"weekday":6},{"pair":"DOGE/USDT","stake_amount":327.92183,"max_stake_amount":327.92183,"amount":2237.0,"open_date":"2025-11-23 20:00:00+00:00","close_date":"2025-11-23 22:00:00+00:00","open_rate":0.14659,"close_rate":0.14705,"fee_open":0.001,"fee_close":0.001,"trade_duration":120,"profit_ratio":0.0011337322204366341,"profit_abs":0.37214732,"exit_reason":"roi","initial_stop_loss_abs":0.13927,"initial_stop_loss_ratio":-0.05,"stop_loss_abs":0.13927,"stop_loss_ratio":-0.05,"min_rate":0.14579,"max_rate":0.14754,"is_open":false,"enter_tag":"","leverage":1.0,"is_short":false,"open_timestamp":1763928000000,"close_timestamp":1763935200000,"orders":[{"amount":2237.0,"safe_price":0.14659,"ft_order_side":"buy","order_filled_timestamp":1763928000000,"ft_is_entry":true,"ft_order_tag":"","cost":328.24975183},{"amount":2237.0,"safe_price":0.14705,"ft_order_side":"sell","order_filled_timestamp":1763935200000,"ft_is_entry":false,"ft_order_tag":"roi","cost":329.2798008499999}],"funding_fees":0.0,"weekday":6},{"pair":"DOGE/USDT","stake_amount":327.99104,"max_stake_amount":327.99104,"amount":2392.0,"open_date":"2025-12-01 06:00:00+00:00","close_date":"2025-12-01 08:00:00+00:00","open_rate":0.13712,"close_rate":0.13774,"fee_open":0.001,"fee_close":0.001,"trade_duration":120,"profit_ratio":0.0025145507934306068,"profit_abs":0.82557488,"exit_reason":"roi","initial_stop_loss_abs":0.13027,"initial_stop_loss_ratio":-0.05,"stop_loss_abs":0.13027,"stop_loss_ratio":-0.05,"min_rate":0.13655,"max_rate":0.13824,"is_open":false,"enter_tag":"","leverage":1.0,"is_short":false,"open_timestamp":1764568800000,"close_timestamp":1764576000000,"orders":[{"amount":2392.0,"safe_price":0.13712,"ft_order_side":"buy","order_filled_timestamp":1764568800000,"ft_is_entry":true,"ft_order_tag":"","cost":328.31903103999997},{"amount":2392.0,"safe_price":0.13774,"ft_order_side":"sell","order_filled_timestamp":1764576000000,"ft_is_entry":false,"ft_order_tag":"roi","cost":329.80355407999997}],"funding_fees":0.0,"weekday":0},{"pair":"DOGE/USDT","stake_amount":328.3371,"max_stake_amount":328.3371,"amount":2470.0,"open_date":"2025-12-01 18:00:00+00:00","close_date":"2025-12-01 20:00:00+00:00","open_rate":0.13293,"close_rate":0.13327,"fee_open":0.001,"fee_close":0.001,"trade_duration":120,"profit_ratio":0.0005546247929457137,"profit_abs":0.182286,"exit_reason":"roi","initial_stop_loss_abs":0.12629,"initial_stop_loss_ratio":-0.05,"stop_loss_abs":0.12629,"stop_loss_ratio":-0.05,"min_rate":0.13262,"max_rate":0.13493,"is_open":false,"enter_tag":"","leverage":1.0,"is_short":false,"open_timestamp":1764612000000,"close_timestamp":1764619200000,"orders":[{"amount":2470.0,"safe_price":0.13293,"ft_order_side":"buy","order_filled_timestamp":1764612000000,"ft_is_entry":true,"ft_order_tag":"","cost":328.6654370999999},{"amount":2470.0,"safe_price":0.13327,"ft_order_side":"sell","order_filled_timestamp":1764619200000,"ft_is_entry":false,"ft_order_tag":"roi","cost":329.5060768999999}],"funding_fees":0.0,"weekday":0},{"pair":"DOGE/USDT","stake_amount":328.4232,"max_stake_amount":328.4232,"amount":2422.0,"open_date":"2025-12-02 10:00:00+00:00","close_date":"2025-12-02 12:00:00+00:00","open_rate":0.1356,"close_rate":0.137,"fee_open":0.001,"fee_close":0.001,"trade_duration":120,"profit_ratio":0.008305853438596801,"profit_abs":2.7305628,"exit_reason":"roi","initial_stop_loss_abs":0.12882,"initial_stop_loss_ratio":-0.05,"stop_loss_abs":0.12882,"stop_loss_ratio":-0.05,"min_rate":0.1355,"max_rate":0.13758,"is_open":false,"enter_tag":"","leverage":1.0,"is_short":false,"open_timestamp":1764669600000,"close_timestamp":1764676800000,"orders":[{"amount":2422.0,"safe_price":0.1356,"ft_order_side":"buy","order_filled_timestamp":1764669600000,"ft_is_entry":true,"ft_order_tag":"","cost":328.7516232},{"amount":2422.0,"safe_price":0.137,"ft_order_side":"sell","order_filled_timestamp":1764676800000,"ft_is_entry":false,"ft_order_tag":"roi","cost":332.145814}],"funding_fees":0.0,"weekday":1},{"pair":"DOGE/USDT","stake_amount":329.2065,"max_stake_amount":329.2065,"amount":2205.0,"open_date":"2025-12-03 05:00:00+00:00","close_date":"2025-12-03 07:00:00+00:00","open_rate":0.1493,"close_rate":0.15053,"fee_open":0.001,"fee_close":0.001,"trade_duration":120,"profit_ratio":0.006223983651980973,"profit_abs":2.05102485,"exit_reason":"roi","initial_stop_loss_abs":0.14184,"initial_stop_loss_ratio":-0.05,"stop_loss_abs":0.14184,"stop_loss_ratio":-0.05,"min_rate":0.1493,"max_rate":0.15206,"is_open":false,"enter_tag":"","leverage":1.0,"is_short":false,"open_timestamp":1764738000000,"close_timestamp":1764745200000,"orders":[{"amount":2205.0,"safe_price":0.1493,"ft_order_side":"buy","order_filled_timestamp":1764738000000,"ft_is_entry":true,"ft_order_tag":"","cost":329.5357064999999},{"amount":2205.0,"safe_price":0.15053,"ft_order_side":"sell","order_filled_timestamp":1764745200000,"ft_is_entry":false,"ft_order_tag":"roi","cost":332.25056865}],"funding_fees":0.0,"weekday":2},{"pair":"DOGE/USDT","stake_amount":329.9648,"max_stake_amount":329.9648,"amount":2180.0,"open_date":"2025-12-03 18:00:00+00:00","close_date":"2025-12-03 21:00:00+00:00","open_rate":0.15136,"close_rate":0.151663023023023,"fee_open":0.001,"fee_close":0.001,"trade_duration":180,"profit_ratio":0.0,"profit_abs":0.0,"exit_reason":"roi","initial_stop_loss_abs":0.1438,"initial_stop_loss_ratio":-0.05,"stop_loss_abs":0.1438,"stop_loss_ratio":-0.05,"min_rate":0.15014,"max_rate":0.15242,"is_open":false,"enter_tag":"","leverage":1.0,"is_short":false,"open_timestamp":1764784800000,"close_timestamp":1764795600000,"orders":[{"amount":2180.0,"safe_price":0.15136,"ft_order_side":"buy","order_filled_timestamp":1764784800000,"ft_is_entry":true,"ft_order_tag":"","cost":330.29476479999994},{"amount":2180.0,"safe_price":0.151663023023023,"ft_order_side":"sell","order_filled_timestamp":1764795600000,"ft_is_entry":false,"ft_order_tag":"roi","cost":330.9560155803803}],"funding_fees":0.0,"weekday":2},{"pair":"DOGE/USDT","stake_amount":330.01296,"max_stake_amount":330.01296,"amount":2168.0,"open_date":"2025-12-03 22:00:00+00:00","close_date":"2025-12-04 01:00:00+00:00","open_rate":0.15222,"close_rate":0.15252474474474473,"fee_open":0.001,"fee_close":0.001,"trade_duration":180,"profit_ratio":0.0,"profit_abs":0.0,"exit_reason":"roi","initial_stop_loss_abs":0.14461,"initial_stop_loss_ratio":-0.05,"stop_loss_abs":0.14461,"stop_loss_ratio":-0.05,"min_rate":0.15068,"max_rate":0.1534,"is_open":false,"enter_tag":"","leverage":1.0,"is_short":false,"open_timestamp":1764799200000,"close_timestamp":1764810000000,"orders":[{"amount":2168.0,"safe_price":0.15222,"ft_order_side":"buy","order_filled_timestamp":1764799200000,"ft_is_entry":true,"ft_order_tag":"","cost":330.34297295999994},{"amount":2168.0,"safe_price":0.15252474474474473,"ft_order_side":"sell","order_filled_timestamp":1764810000000,"ft_is_entry":false,"ft_order_tag":"roi","cost":331.0043202532131}],"funding_fees":0.0,"weekday":3},{"pair":"DOGE/USDT","stake_amount":329.9702,"max_stake_amount":329.9702,"amount":2170.0,"open_date":"2025-12-04 03:00:00+00:00","close_date":"2025-12-05 09:00:00+00:00","open_rate":0.15206,"close_rate":0.14446,"fee_open":0.001,"fee_close":0.001,"trade_duration":1800,"profit_ratio":-0.05187841226247119,"profit_abs":-17.1354484,"exit_reason":"stop_loss","initial_stop_loss_abs":0.14446,"initial_stop_loss_ratio":-0.05,"stop_loss_abs":0.14446,"stop_loss_ratio":-0.05,"min_rate":0.14409,"max_rate":0.15229,"is_open":false,"enter_tag":"","leverage":1.0,"is_short":false,"open_timestamp":1764817200000,"close_timestamp":1764925200000,"orders":[{"amount":2170.0,"safe_price":0.15206,"ft_order_side":"buy","order_filled_timestamp":1764817200000,"ft_is_entry":true,"ft_order_tag":"","cost":330.30017019999997},{"amount":2170.0,"safe_price":0.14446,"ft_order_side":"sell","order_filled_timestamp":1764925200000,"ft_is_entry":false,"ft_order_tag":"stop_loss","cost":313.7916782}],"funding_fees":0.0,"weekday":4},{"pair":"DOGE/USDT","stake_amount":324.33366,"max_stake_amount":324.33366,"amount":2333.0,"open_date":"2025-12-05 20:00:00+00:00","close_date":"2025-12-05 22:00:00+00:00","open_rate":0.13902,"close_rate":0.13929831831831832,"fee_open":0.001,"fee_close":0.001,"trade_duration":120,"profit_ratio":0.0,"profit_abs":0.0,"exit_reason":"roi","initial_stop_loss_abs":0.13207,"initial_stop_loss_ratio":-0.05,"stop_loss_abs":0.13207,"stop_loss_ratio":-0.05,"min_rate":0.13803,"max_rate":0.13944,"is_open":false,"enter_tag":"","leverage":1.0,"is_short":false,"open_timestamp":1764964800000,"close_timestamp":1764972000000,"orders":[{"amount":2333.0,"safe_price":0.13902,"ft_order_side":"buy","order_filled_timestamp":1764964800000,"ft_is_entry":true,"ft_order_tag":"","cost":324.65799366},{"amount":2333.0,"safe_price":0.13929831831831832,"ft_order_side":"sell","order_filled_timestamp":1764972000000,"ft_is_entry":false,"ft_order_tag":"roi","cost":325.3079596132732}],"funding_fees":0.0,"weekday":4},{"pair":"DOGE/USDT","stake_amount":324.336,"max_stake_amount":324.336,"amount":2330.0,"open_date":"2025-12-06 10:00:00+00:00","close_date":"2025-12-06 12:00:00+00:00","open_rate":0.1392,"close_rate":0.13968,"fee_open":0.001,"fee_close":0.001,"trade_duration":120,"profit_ratio":0.0014433842020048918,"profit_abs":0.4686096,"exit_reason":"roi","initial_stop_loss_abs":0.13224,"initial_stop_loss_ratio":-0.05,"stop_loss_abs":0.13224,"stop_loss_ratio":-0.05,"min_rate":0.13897,"max_rate":0.13992,"is_open":false,"enter_tag":"","leverage":1.0,"is_short":false,"open_timestamp":1765015200000,"close_timestamp":1765022400000,"orders":[{"amount":2330.0,"safe_price":0.1392,"ft_order_side":"buy","order_filled_timestamp":1765015200000,"ft_is_entry":true,"ft_order_tag":"","cost":324.6603359999999},{"amount":2330.0,"safe_price":0.13968,"ft_order_side":"sell","order_filled_timestamp":1765022400000,"ft_is_entry":false,"ft_order_tag":"roi","cost":325.7798544}],"funding_fees":0.0,"weekday":5},{"pair":"DOGE/USDT","stake_amount":324.45306,"max_stake_amount":324.45306,"amount":2322.0,"open_date":"2025-12-06 21:00:00+00:00","close_date":"2025-12-07 00:00:00+00:00","open_rate":0.13973,"close_rate":0.1400097397397397,"fee_open":0.001,"fee_close":0.001,"trade_duration":180,"profit_ratio":0.0,"profit_abs":0.0,"exit_reason":"roi","initial_stop_loss_abs":0.13275,"initial_stop_loss_ratio":-0.05,"stop_loss_abs":0.13275,"stop_loss_ratio":-0.05,"min_rate":0.13906,"max_rate":0.1405,"is_open":false,"enter_tag":"","leverage":1.0,"is_short":false,"open_timestamp":1765054800000,"close_timestamp":1765065600000,"orders":[{"amount":2322.0,"safe_price":0.13973,"ft_order_side":"buy","order_filled_timestamp":1765054800000,"ft_is_entry":true,"ft_order_tag":"","cost":324.77751305999993},{"amount":2322.0,"safe_price":0.1400097397397397,"ft_order_side":"sell","order_filled_timestamp":1765065600000,"ft_is_entry":false,"ft_order_tag":"roi","cost":325.42771829135125}],"funding_fees":0.0,"weekday":6},{"pair":"DOGE/USDT","stake_amount":324.4491,"max_stake_amount":324.4491,"amount":2406.0,"open_date":"2025-12-14 19:00:00+00:00","close_date":"2025-12-15 00:00:00+00:00","open_rate":0.13485,"close_rate":0.13511996996996997,"fee_open":0.001,"fee_close":0.001,"trade_duration":300,"profit_ratio":0.0,"profit_abs":0.0,"exit_reason":"roi","initial_stop_loss_abs":0.12811,"initial_stop_loss_ratio":-0.05,"stop_loss_abs":0.12811,"stop_loss_ratio":-0.05,"min_rate":0.13261,"max_rate":0.1353,"is_open":false,"enter_tag":"","leverage":1.0,"is_short":false,"open_timestamp":1765738800000,"close_timestamp":1765756800000,"orders":[{"amount":2406.0,"safe_price":0.13485,"ft_order_side":"buy","order_filled_timestamp":1765738800000,"ft_is_entry":true,"ft_order_tag":"","cost":324.77354909999997},{"amount":2406.0,"safe_price":0.13511996996996997,"ft_order_side":"sell","order_filled_timestamp":1765756800000,"ft_is_entry":false,"ft_order_tag":"roi","cost":325.42374639549547}],"funding_fees":0.0,"weekday":0},{"pair":"DOGE/USDT","stake_amount":324.4443,"max_stake_amount":324.4443,"amount":2518.0,"open_date":"2025-12-15 22:00:00+00:00","close_date":"2025-12-16 00:00:00+00:00","open_rate":0.12885,"close_rate":0.12975,"fee_open":0.001,"fee_close":0.001,"trade_duration":120,"profit_ratio":0.004972908348926976,"profit_abs":1.6150452,"exit_reason":"roi","initial_stop_loss_abs":0.12241,"initial_stop_loss_ratio":-0.05,"stop_loss_abs":0.12241,"stop_loss_ratio":-0.05,"min_rate":0.12824,"max_rate":0.13014,"is_open":false,"enter_tag":"","leverage":1.0,"is_short":false,"open_timestamp":1765836000000,"close_timestamp":1765843200000,"orders":[{"amount":2518.0,"safe_price":0.12885,"ft_order_side":"buy","order_filled_timestamp":1765836000000,"ft_is_entry":true,"ft_order_tag":"","cost":324.7687443},{"amount":2518.0,"safe_price":0.12975,"ft_order_side":"sell","order_filled_timestamp":1765843200000,"ft_is_entry":false,"ft_order_tag":"roi","cost":327.0372105}],"funding_fees":0.0,"weekday":1},{"pair":"DOGE/USDT","stake_amount":325.04568,"max_stake_amount":325.04568,"amount":2526.0,"open_date":"2025-12-16 09:00:00+00:00","close_date":"2025-12-16 11:00:00+00:00","open_rate":0.12868,"close_rate":0.13087,"fee_open":0.001,"fee_close":0.001,"trade_duration":120,"profit_ratio":0.014986955848006515,"profit_abs":4.8763167,"exit_reason":"roi","initial_stop_loss_abs":0.12225,"initial_stop_loss_ratio":-0.05,"stop_loss_abs":0.12225,"stop_loss_ratio":-0.05,"min_rate":0.12867,"max_rate":0.13205,"is_open":false,"enter_tag":"","leverage":1.0,"is_short":false,"open_timestamp":1765875600000,"close_timestamp":1765882800000,"orders":[{"amount":2526.0,"safe_price":0.12868,"ft_order_side":"buy","order_filled_timestamp":1765875600000,"ft_is_entry":true,"ft_order_tag":"","cost":325.3707256799999},{"amount":2526.0,"safe_price":0.13087,"ft_order_side":"sell","order_filled_timestamp":1765882800000,"ft_is_entry":false,"ft_order_tag":"roi","cost":330.90819761999995}],"funding_fees":0.0,"weekday":1},{"pair":"DOGE/USDT","stake_amount":326.65868,"max_stake_amount":326.65868,"amount":2476.0,"open_date":"2025-12-20 09:00:00+00:00","close_date":"2025-12-20 14:00:00+00:00","open_rate":0.13193,"close_rate":0.1321941241241241,"fee_open":0.001,"fee_close":0.001,"trade_duration":300,"profit_ratio":0.0,"profit_abs":0.0,"exit_reason":"roi","initial_stop_loss_abs":0.12534,"initial_stop_loss_ratio":-0.05,"stop_loss_abs":0.12534,"stop_loss_ratio":-0.05,"min_rate":0.13122,"max_rate":0.13251,"is_open":false,"enter_tag":"","leverage":1.0,"is_short":false,"open_timestamp":1766221200000,"close_timestamp":1766239200000,"orders":[{"amount":2476.0,"safe_price":0.13193,"ft_order_side":"buy","order_filled_timestamp":1766221200000,"ft_is_entry":true,"ft_order_tag":"","cost":326.98533868},{"amount":2476.0,"safe_price":0.1321941241241241,"ft_order_side":"sell","order_filled_timestamp":1766239200000,"ft_is_entry":false,"ft_order_tag":"roi","cost":327.63996398266255}],"funding_fees":0.0,"weekday":5},{"pair":"DOGE/USDT","stake_amount":326.59932,"max_stake_amount":326.59932,"amount":2469.0,"open_date":"2025-12-20 15:00:00+00:00","close_date":"2025-12-21 08:00:00+00:00","open_rate":0.13228,"close_rate":0.13254482482482483,"fee_open":0.001,"fee_close":0.001,"trade_duration":1020,"profit_ratio":0.0,"profit_abs":0.0,"exit_reason":"roi","initial_stop_loss_abs":0.12567,"initial_stop_loss_ratio":-0.05,"stop_loss_abs":0.12567,"stop_loss_ratio":-0.05,"min_rate":0.13049,"max_rate":0.13307,"is_open":false,"enter_tag":"","leverage":1.0,"is_short":false,"open_timestamp":1766242800000,"close_timestamp":1766304000000,"orders":[{"amount":2469.0,"safe_price":0.13228,"ft_order_side":"buy","order_filled_timestamp":1766242800000,"ft_is_entry":true,"ft_order_tag":"","cost":326.92591932},{"amount":2469.0,"safe_price":0.13254482482482483,"ft_order_side":"sell","order_filled_timestamp":1766304000000,"ft_is_entry":false,"ft_order_tag":"roi","cost":327.58042566498494}],"funding_fees":0.0,"weekday":6},{"pair":"DOGE/USDT","stake_amount":326.6176,"max_stake_amount":326.6176,"amount":2432.0,"open_date":"2025-12-22 19:00:00+00:00","close_date":"2025-12-24 03:00:00+00:00","open_rate":0.1343,"close_rate":0.12759,"fee_open":0.001,"fee_close":0.001,"trade_duration":1920,"profit_ratio":-0.05186094620197375,"profit_abs":-16.95563648,"exit_reason":"stop_loss","initial_stop_loss_abs":0.12759,"initial_stop_loss_ratio":-0.05,"stop_loss_abs":0.12759,"stop_loss_ratio":-0.05,"min_rate":0.12751,"max_rate":0.13439,"is_open":false,"enter_tag":"","leverage":1.0,"is_short":false,"open_timestamp":1766430000000,"close_timestamp":1766545200000,"orders":[{"amount":2432.0,"safe_price":0.1343,"ft_order_side":"buy","order_filled_timestamp":1766430000000,"ft_is_entry":true,"ft_order_tag":"","cost":326.94421759999994},{"amount":2432.0,"safe_price":0.12759,"ft_order_side":"sell","order_filled_timestamp":1766545200000,"ft_is_entry":false,"ft_order_tag":"stop_loss","cost":310.60917887999994}],"funding_fees":0.0,"weekday":2},{"pair":"DOGE/USDT","stake_amount":321.01,"max_stake_amount":321.01,"amount":2732.0,"open_date":"2025-12-31 22:00:00+00:00","close_date":"2026-01-01 00:00:00+00:00","open_rate":0.1175,"close_rate":0.11773523523523523,"fee_open":0.001,"fee_close":0.001,"trade_duration":120,"profit_ratio":0.0,"profit_abs":0.0,"exit_reason":"roi","initial_stop_loss_abs":0.11163,"initial_stop_loss_ratio":-0.05,"stop_loss_abs":0.11163,"stop_loss_ratio":-0.05,"min_rate":0.11707,"max_rate":0.11798,"is_open":false,"enter_tag":"","leverage":1.0,"is_short":false,"open_timestamp":1767218400000,"close_timestamp":1767225600000,"orders":[{"amount":2732.0,"safe_price":0.1175,"ft_order_side":"buy","order_filled_timestamp":1767218400000,"ft_is_entry":true,"ft_order_tag":"","cost":321.33100999999994},{"amount":2732.0,"safe_price":0.11773523523523523,"ft_order_side":"sell","order_filled_timestamp":1767225600000,"ft_is_entry":false,"ft_order_tag":"roi","cost":321.9743153253253}],"funding_fees":0.0,"weekday":3},{"pair":"DOGE/USDT","stake_amount":321.03165,"max_stake_amount":321.03165,"amount":2495.0,"open_date":"2026-01-02 04:00:00+00:00","close_date":"2026-01-02 08:00:00+00:00","open_rate":0.12867,"close_rate":0.12892759759759762,"fee_open":0.001,"fee_close":0.001,"trade_duration":240,"profit_ratio":0.0,"profit_abs":0.0,"exit_reason":"roi","initial_stop_loss_abs":0.12224,"initial_stop_loss_ratio":-0.05,"stop_loss_abs":0.12224,"stop_loss_ratio":-0.05,"min_rate":0.1275,"max_rate":0.1291,"is_open":false,"enter_tag":"","leverage":1.0,"is_short":false,"open_timestamp":1767326400000,"close_timestamp":1767340800000,"orders":[{"amount":2495.0,"safe_price":0.12867,"ft_order_side":"buy","order_filled_timestamp":1767326400000,"ft_is_entry":true,"ft_order_tag":"","cost":321.35268164999997},{"amount":2495.0,"safe_price":0.12892759759759762,"ft_order_side":"sell","order_filled_timestamp":1767340800000,"ft_is_entry":false,"ft_order_tag":"roi","cost":321.99603036201205}],"funding_fees":0.0,"weekday":4},{"pair":"DOGE/USDT","stake_amount":321.03786,"max_stake_amount":321.03786,"amount":2418.0,"open_date":"2026-01-02 10:00:00+00:00","close_date":"2026-01-02 14:00:00+00:00","open_rate":0.13277,"close_rate":0.1330358058058058,"fee_open":0.001,"fee_close":0.001,"trade_duration":240,"profit_ratio":0.0,"profit_abs":0.0,"exit_reason":"roi","initial_stop_loss_abs":0.12614,"initial_stop_loss_ratio":-0.05,"stop_loss_abs":0.12614,"stop_loss_ratio":-0.05,"min_rate":0.12852,"max_rate":0.13542,"is_open":false,"enter_tag":"","leverage":1.0,"is_short":false,"open_timestamp":1767348000000,"close_timestamp":1767362400000,"orders":[{"amount":2418.0,"safe_price":0.13277,"ft_order_side":"buy","order_filled_timestamp":1767348000000,"ft_is_entry":true,"ft_order_tag":"","cost":321.35889786},{"amount":2418.0,"safe_price":0.1330358058058058,"ft_order_side":"sell","order_filled_timestamp":1767362400000,"ft_is_entry":false,"ft_order_tag":"roi","cost":322.0022590168768}],"funding_fees":0.0,"weekday":4},{"pair":"DOGE/USDT","stake_amount":321.00185,"max_stake_amount":321.00185,"amount":2395.0,"open_date":"2026-01-02 15:00:00+00:00","close_date":"2026-01-02 17:00:00+00:00","open_rate":0.13403,"close_rate":0.13837,"fee_open":0.001,"fee_close":0.001,"trade_duration":120,"profit_ratio":0.03031811134474717,"profit_abs":9.741902,"exit_reason":"roi","initial_stop_loss_abs":0.12733,"initial_stop_loss_ratio":-0.05,"stop_loss_abs":0.12733,"stop_loss_ratio":-0.05,"min_rate":0.13309,"max_rate":0.13982,"is_open":false,"enter_tag":"","leverage":1.0,"is_short":false,"open_timestamp":1767366000000,"close_timestamp":1767373200000,"orders":[{"amount":2395.0,"safe_price":0.13403,"ft_order_side":"buy","order_filled_timestamp":1767366000000,"ft_is_entry":true,"ft_order_tag":"","cost":321.32285185},{"amount":2395.0,"safe_price":0.13837,"ft_order_side":"sell","order_filled_timestamp":1767373200000,"ft_is_entry":false,"ft_order_tag":"roi","cost":331.72754614999997}],"funding_fees":0.0,"weekday":4},{"pair":"DOGE/USDT","stake_amount":324.27984,"max_stake_amount":324.27984,"amount":2294.0,"open_date":"2026-01-02 22:00:00+00:00","close_date":"2026-01-03 00:00:00+00:00","open_rate":0.14136,"close_rate":0.14187,"fee_open":0.001,"fee_close":0.001,"trade_duration":120,"profit_ratio":0.0016025994379135296,"profit_abs":0.52021038,"exit_reason":"roi","initial_stop_loss_abs":0.1343,"initial_stop_loss_ratio":-0.05,"stop_loss_abs":0.1343,"stop_loss_ratio":-0.05,"min_rate":0.14125,"max_rate":0.14498,"is_open":false,"enter_tag":"","leverage":1.0,"is_short":false,"open_timestamp":1767391200000,"close_timestamp":1767398400000,"orders":[{"amount":2294.0,"safe_price":0.14136,"ft_order_side":"buy","order_filled_timestamp":1767391200000,"ft_is_entry":true,"ft_order_tag":"","cost":324.60411984},{"amount":2294.0,"safe_price":0.14187,"ft_order_side":"sell","order_filled_timestamp":1767398400000,"ft_is_entry":false,"ft_order_tag":"roi","cost":325.77522977999996}],"funding_fees":0.0,"weekday":5},{"pair":"DOGE/USDT","stake_amount":324.32449,"max_stake_amount":324.32449,"amount":2279.0,"open_date":"2026-01-03 21:00:00+00:00","close_date":"2026-01-03 23:00:00+00:00","open_rate":0.14231,"close_rate":0.14275,"fee_open":0.001,"fee_close":0.001,"trade_duration":120,"profit_ratio":0.001087662249913673,"profit_abs":0.35310826,"exit_reason":"roi","initial_stop_loss_abs":0.1352,"initial_stop_loss_ratio":-0.05,"stop_loss_abs":0.1352,"stop_loss_ratio":-0.05,"min_rate":0.14207,"max_rate":0.14372,"is_open":false,"enter_tag":"","leverage":1.0,"is_short":false,"open_timestamp":1767474000000,"close_timestamp":1767481200000,"orders":[{"amount":2279.0,"safe_price":0.14231,"ft_order_side":"buy","order_filled_timestamp":1767474000000,"ft_is_entry":true,"ft_order_tag":"","cost":324.64881448999995},{"amount":2279.0,"safe_price":0.14275,"ft_order_side":"sell","order_filled_timestamp":1767481200000,"ft_is_entry":false,"ft_order_tag":"roi","cost":325.65257725}],"funding_fees":0.0,"weekday":5},{"pair":"DOGE/USDT","stake_amount":324.56379,"max_stake_amount":324.56379,"amount":2157.0,"open_date":"2026-01-05 01:00:00+00:00","close_date":"2026-01-05 03:00:00+00:00","open_rate":0.15047,"close_rate":0.1519,"fee_open":0.001,"fee_close":0.001,"trade_duration":120,"profit_ratio":0.00748656540508737,"profit_abs":2.43229791,"exit_reason":"roi","initial_stop_loss_abs":0.14295,"initial_stop_loss_ratio":-0.05,"stop_loss_abs":0.14295,"stop_loss_ratio":-0.05,"min_rate":0.15004,"max_rate":0.15248,"is_open":false,"enter_tag":"","leverage":1.0,"is_short":false,"open_timestamp":1767574800000,"close_timestamp":1767582000000,"orders":[{"amount":2157.0,"safe_price":0.15047,"ft_order_side":"buy","order_filled_timestamp":1767574800000,"ft_is_entry":true,"ft_order_tag":"","cost":324.88835378999994},{"amount":2157.0,"safe_price":0.1519,"ft_order_side":"sell","order_filled_timestamp":1767582000000,"ft_is_entry":false,"ft_order_tag":"roi","cost":327.97594829999997}],"funding_fees":0.0,"weekday":0},{"pair":"DOGE/USDT","stake_amount":325.36485,"max_stake_amount":325.36485,"amount":2195.0,"open_date":"2026-01-05 15:00:00+00:00","close_date":"2026-01-05 17:00:00+00:00","open_rate":0.14823,"close_rate":0.15047,"fee_open":0.001,"fee_close":0.001,"trade_duration":120,"profit_ratio":0.013083455706406524,"profit_abs":4.2611535,"exit_reason":"roi","initial_stop_loss_abs":0.14082,"initial_stop_loss_ratio":-0.05,"stop_loss_abs":0.14082,"stop_loss_ratio":-0.05,"min_rate":0.14648,"max_rate":0.15386,"is_open":false,"enter_tag":"","leverage":1.0,"is_short":false,"open_timestamp":1767625200000,"close_timestamp":1767632400000,"orders":[{"amount":2195.0,"safe_price":0.14823,"ft_order_side":"buy","order_filled_timestamp":1767625200000,"ft_is_entry":true,"ft_order_tag":"","cost":325.69021484999996},{"amount":2195.0,"safe_price":0.15047,"ft_order_side":"sell","order_filled_timestamp":1767632400000,"ft_is_entry":false,"ft_order_tag":"roi","cost":330.6119316499999}],"funding_fees":0.0,"weekday":0}],"locks":[],"best_pair":{"key":"DOGE/USDT","trades":64,"profit_mean":-0.00039203792961554055,"profit_mean_pct":-0.04,"profit_total_abs":-9.73516106,"profit_total":-0.009735161059999999,"profit_total_pct":-0.97,"duration_avg":"4:14:00","wins":33,"draws":24,"losses":7,"winrate":0.515625,"cagr":-0.036142467886809304,"expectancy":-0.15211189156249993,"expectancy_ratio":-0.38376211332486687,"sortino":-5.7017477719394165,"sharpe":-0.27808409089914055,"calmar":-2.7750715809311353,"sqn":-0.1751,"profit_factor":0.9198892496012173,"max_drawdown_account":0.06909452713888077,"max_drawdown_abs":72.21565265},"worst_pair":{"key":"DOGE/USDT","trades":64,"profit_mean":-0.00039203792961554055,"profit_mean_pct":-0.04,"profit_total_abs":-9.73516106,"profit_total":-0.009735161059999999,"profit_total_pct":-0.97,"duration_avg":"4:14:00","wins":33,"draws":24,"losses":7,"winrate":0.515625,"cagr":-0.036142467886809304,"expectancy":-0.15211189156249993,"expectancy_ratio":-0.38376211332486687,"sortino":-5.7017477719394165,"sharpe":-0.27808409089914055,"calmar":-2.7750715809311353,"sqn":-0.1751,"profit_factor":0.9198892496012173,"max_drawdown_account":0.06909452713888077,"max_drawdown_abs":72.21565265},"results_per_pair":[{"key":"DOGE/USDT","trades":64,"profit_mean":-0.00039203792961554055,"profit_mean_pct":-0.04,"profit_total_abs":-9.73516106,"profit_total":-0.009735161059999999,"profit_total_pct":-0.97,"duration_avg":"4:14:00","wins":33,"draws":24,"losses":7,"winrate":0.515625,"cagr":-0.036142467886809304,"expectancy":-0.15211189156249993,"expectancy_ratio":-0.38376211332486687,"sortino":-5.7017477719394165,"sharpe":-0.27808409089914055,"calmar":-2.7750715809311353,"sqn":-0.1751,"profit_factor":0.9198892496012173,"max_drawdown_account":0.06909452713888077,"max_drawdown_abs":72.21565265},{"key":"TOTAL","trades":64,"profit_mean":-0.00039203792961554055,"profit_mean_pct":-0.04,"profit_total_abs":-9.73516106,"profit_total":-0.009735161059999999,"profit_total_pct":-0.97,"duration_avg":"4:14:00","wins":33,"draws":24,"losses":7,"winrate":0.515625,"cagr":-0.036142467886809304,"expectancy":-0.15211189156249993,"expectancy_ratio":-0.38376211332486687,"sortino":-5.7017477719394165,"sharpe":-0.27808409089914055,"calmar":-2.7750715809311353,"sqn":-0.1751,"profit_factor":0.9198892496012173,"max_drawdown_account":0.06909452713888077,"max_drawdown_abs":72.21565265}],"results_per_enter_tag":[{"key":"","trades":64,"profit_mean":-0.00039203792961554055,"profit_mean_pct":-0.04,"profit_total_abs":-9.73516106,"profit_total":-0.009735161059999999,"profit_total_pct":-0.97,"duration_avg":"4:14:00","wins":33,"draws":24,"losses":7,"winrate":0.515625,"cagr":-0.036142467886809304,"expectancy":-0.15211189156249993,"expectancy_ratio":-0.38376211332486687,"sortino":-5.7017477719394165,"sharpe":-0.27808409089914055,"calmar":-2.7750715809311353,"sqn":-0.1751,"profit_factor":0.9198892496012173,"max_drawdown_account":0.06909452713888077,"max_drawdown_abs":72.21565265},{"key":"TOTAL","trades":64,"profit_mean":-0.00039203792961554055,"profit_mean_pct":-0.04,"profit_total_abs":-9.73516106,"profit_total":-0.009735161059999999,"profit_total_pct":-0.97,"duration_avg":"4:14:00","wins":33,"draws":24,"losses":7,"winrate":0.515625,"cagr":-0.036142467886809304,"expectancy":-0.15211189156249993,"expectancy_ratio":-0.38376211332486687,"sortino":-5.7017477719394165,"sharpe":-0.27808409089914055,"calmar":-2.7750715809311353,"sqn":-0.1751,"profit_factor":0.9198892496012173,"max_drawdown_account":0.06909452713888077,"max_drawdown_abs":72.21565265}],"exit_reason_summary":[{"key":"roi","trades":57,"profit_mean":0.0059298608964593385,"profit_mean_pct":0.59,"profit_total_abs":111.78612056,"profit_total":0.11178612056000001,"profit_total_pct":11.18,"duration_avg":"3:11:00","wins":33,"draws":24,"losses":0,"winrate":0.5789473684210527,"cagr":0.48995357809602913,"expectancy":1.9611600098245614,"expectancy_ratio":100.0,"sortino":-100,"sharpe":6.218443156830423,"calmar":-100,"sqn":4.145,"profit_factor":0.0,"max_drawdown_account":0.0,"max_drawdown_abs":0.0},{"key":"stop_loss","trades":7,"profit_mean":-0.051870356941939554,"profit_mean_pct":-5.19,"profit_total_abs":-121.52128162,"profit_total":-0.12152128161999999,"profit_total_pct":-12.15,"duration_avg":"12:51:00","wins":0,"draws":0,"losses":7,"winrate":0.0,"cagr":-0.3858604651680323,"expectancy":-17.36018308857143,"expectancy_ratio":-1.0,"sortino":-71.17331623479652,"sharpe":-71.17331623479652,"calmar":-19.695848633549282,"sqn":-126.4504,"profit_factor":0.0,"max_drawdown_account":0.12152128161999996,"max_drawdown_abs":121.52128162},{"key":"TOTAL","trades":64,"profit_mean":-0.00039203792961554055,"profit_mean_pct":-0.04,"profit_total_abs":-9.73516106,"profit_total":-0.009735161059999999,"profit_total_pct":-0.97,"duration_avg":"4:14:00","wins":33,"draws":24,"losses":7,"winrate":0.515625,"cagr":-0.036142467886809304,"expectancy":-0.15211189156249993,"expectancy_ratio":-0.38376211332486687,"sortino":-5.7017477719394165,"sharpe":-0.27808409089914055,"calmar":-2.7750715809311353,"sqn":-0.1751,"profit_factor":0.9198892496012173,"max_drawdown_account":0.06909452713888077,"max_drawdown_abs":72.21565265}],"mix_tag_stats":[{"key":["","roi"],"trades":57,"profit_mean":0.0059298608964593385,"profit_mean_pct":0.59,"profit_total_abs":111.78612056,"profit_total":0.11178612056000001,"profit_total_pct":11.18,"duration_avg":"3:11:00","wins":33,"draws":24,"losses":0,"winrate":0.5789473684210527,"cagr":0.48995357809602913,"expectancy":1.9611600098245614,"expectancy_ratio":100.0,"sortino":-100,"sharpe":6.218443156830423,"calmar":-100,"sqn":4.145,"profit_factor":0.0,"max_drawdown_account":0.0,"max_drawdown_abs":0.0},{"key":["","stop_loss"],"trades":7,"profit_mean":-0.051870356941939554,"profit_mean_pct":-5.19,"profit_total_abs":-121.52128162,"profit_total":-0.12152128161999999,"profit_total_pct":-12.15,"duration_avg":"12:51:00","wins":0,"draws":0,"losses":7,"winrate":0.0,"cagr":-0.3858604651680323,"expectancy":-17.36018308857143,"expectancy_ratio":-1.0,"sortino":-71.17331623479652,"sharpe":-71.17331623479652,"calmar":-19.695848633549282,"sqn":-126.4504,"profit_factor":0.0,"max_drawdown_account":0.12152128161999996,"max_drawdown_abs":121.52128162},{"key":"TOTAL","trades":64,"profit_mean":-0.00039203792961554055,"profit_mean_pct":-0.04,"profit_total_abs":-9.73516106,"profit_total":-0.009735161059999999,"profit_total_pct":-0.97,"duration_avg":"4:14:00","wins":33,"draws":24,"losses":7,"winrate":0.515625,"cagr":-0.036142467886809304,"expectancy":-0.15211189156249993,"expectancy_ratio":-0.38376211332486687,"sortino":-5.7017477719394165,"sharpe":-0.27808409089914055,"calmar":-2.7750715809311353,"sqn":-0.1751,"profit_factor":0.9198892496012173,"max_drawdown_account":0.06909452713888077,"max_drawdown_abs":72.21565265}],"left_open_trades":[{"key":"TOTAL","trades":0,"profit_mean":0.0,"profit_mean_pct":0.0,"profit_total_abs":0.0,"profit_total":0.0,"profit_total_pct":0.0,"duration_avg":"0:00","wins":0,"draws":0,"losses":0,"winrate":0.0,"cagr":0.0,"expectancy":0.0,"expectancy_ratio":100.0,"sortino":0,"sharpe":0,"calmar":0,"sqn":0.0,"profit_factor":0.0,"max_drawdown_account":0.0,"max_drawdown_abs":0.0}],"total_trades":64,"trade_count_long":64,"trade_count_short":0,"total_volume":42393.377251390324,"avg_stake_amount":330.61258093749996,"profit_mean":-0.00039203792961554055,"profit_median":0.0005210081536127168,"profit_total":-0.009735161059999999,"profit_total_long":-0.009735161059999999,"profit_total_short":0.0,"profit_total_abs":-9.73516106,"profit_total_long_abs":-9.73516106,"profit_total_short_abs":0.0,"cagr":-0.036142467886809304,"expectancy":-0.15211189156249993,"expectancy_ratio":-0.38376211332486687,"sortino":-5.7017477719394165,"sharpe":-0.27808409089914055,"calmar":-2.7750715809311353,"sqn":-0.1751,"profit_factor":0.9198892496012173,"backtest_start":"2025-10-01 00:00:00","backtest_start_ts":1759276800000,"backtest_end":"2026-01-06 20:00:00","backtest_end_ts":1767729600000,"backtest_days":97,"backtest_run_start_ts":1767751892,"backtest_run_end_ts":1767751892,"trades_per_day":0.66,"market_change":-0.36632086436227446,"pairlist":["DOGE/USDT"],"stake_amount":"unlimited","stake_currency":"USDT","stake_currency_decimals":3,"starting_balance":1000,"dry_run_wallet":1000,"final_balance":990.26483894,"rejected_signals":0,"timedout_entry_orders":0,"timedout_exit_orders":0,"canceled_trade_entries":0,"canceled_entry_orders":0,"replaced_entry_orders":0,"max_open_trades":1,"max_open_trades_setting":3,"timeframe":"1h","timeframe_detail":"","timerange":"20251001-","enable_protections":false,"strategy_name":"ACO_40_3","freqaimodel":null,"freqai_identifier":null,"stoploss":-0.05,"trailing_stop":false,"trailing_stop_positive":null,"trailing_stop_positive_offset":0.0,"trailing_only_offset_is_reached":false,"use_custom_stoploss":false,"minimal_roi":{"0":0.1,"60":0.05,"120":0.0},"use_exit_signal":true,"exit_profit_only":false,"exit_profit_offset":0.0,"ignore_roi_if_entry_signal":false,"trading_mode":"spot","margin_mode":"","periodic_breakdown":{"day":[{"date":"02/10/2025","date_ts":1759363200000,"profit_abs":1.94654892,"wins":2,"draws":0,"losses":0,"trades":2,"profit_factor":0.0},{"date":"03/10/2025","date_ts":1759449600000,"profit_abs":0.0,"wins":0,"draws":1,"losses":0,"trades":1,"profit_factor":0.0},{"date":"04/10/2025","date_ts":1759536000000,"profit_abs":0.0,"wins":0,"draws":0,"losses":0,"trades":0,"profit_factor":0.0},{"date":"05/10/2025","date_ts":1759622400000,"profit_abs":0.0,"wins":0,"draws":0,"losses":0,"trades":0,"profit_factor":0.0},{"date":"06/10/2025","date_ts":1759708800000,"profit_abs":0.0,"wins":0,"draws":0,"losses":0,"trades":0,"profit_factor":0.0},{"date":"07/10/2025","date_ts":1759795200000,"profit_abs":0.0,"wins":0,"draws":0,"losses":0,"trades":0,"profit_factor":0.0},{"date":"08/10/2025","date_ts":1759881600000,"profit_abs":0.0,"wins":0,"draws":1,"losses":0,"trades":1,"profit_factor":0.0},{"date":"09/10/2025","date_ts":1759968000000,"profit_abs":0.0,"wins":0,"draws":0,"losses":0,"trades":0,"profit_factor":0.0},{"date":"10/10/2025","date_ts":1760054400000,"profit_abs":0.0,"wins":0,"draws":0,"losses":0,"trades":0,"profit_factor":0.0},{"date":"11/10/2025","date_ts":1760140800000,"profit_abs":5.28875208,"wins":1,"draws":0,"losses":0,"trades":1,"profit_factor":0.0},{"date":"12/10/2025","date_ts":1760227200000,"profit_abs":33.498654,"wins":2,"draws":1,"losses":0,"trades":3,"profit_factor":0.0},{"date":"13/10/2025","date_ts":1760313600000,"profit_abs":0.0,"wins":0,"draws":0,"losses":0,"trades":0,"profit_factor":0.0},{"date":"14/10/2025","date_ts":1760400000000,"profit_abs":0.0,"wins":0,"draws":1,"losses":0,"trades":1,"profit_factor":0.0},{"date":"15/10/2025","date_ts":1760486400000,"profit_abs":0.0,"wins":0,"draws":0,"losses":0,"trades":0,"profit_factor":0.0},{"date":"16/10/2025","date_ts":1760572800000,"profit_abs":-13.47428766,"wins":2,"draws":0,"losses":1,"trades":3,"profit_factor":0.24775719},{"date":"17/10/2025","date_ts":1760659200000,"profit_abs":5.50618803,"wins":1,"draws":1,"losses":0,"trades":2,"profit_factor":0.0},{"date":"18/10/2025","date_ts":1760745600000,"profit_abs":0.0,"wins":0,"draws":0,"losses":0,"trades":0,"profit_factor":0.0},{"date":"19/10/2025","date_ts":1760832000000,"profit_abs":0.0,"wins":0,"draws":0,"losses":0,"trades":0,"profit_factor":0.0},{"date":"20/10/2025","date_ts":1760918400000,"profit_abs":0.0,"wins":0,"draws":0,"losses":0,"trades":0,"profit_factor":0.0},{"date":"21/10/2025","date_ts":1761004800000,"profit_abs":0.0,"wins":0,"draws":0,"losses":0,"trades":0,"profit_factor":0.0},{"date":"22/10/2025","date_ts":1761091200000,"profit_abs":1.74232576,"wins":1,"draws":0,"losses":0,"trades":1,"profit_factor":0.0},{"date":"23/10/2025","date_ts":1761177600000,"profit_abs":0.0,"wins":0,"draws":1,"losses":0,"trades":1,"profit_factor":0.0},{"date":"24/10/2025","date_ts":1761264000000,"profit_abs":0.0,"wins":0,"draws":0,"losses":0,"trades":0,"profit_factor":0.0},{"date":"25/10/2025","date_ts":1761350400000,"profit_abs":0.0,"wins":0,"draws":0,"losses":0,"trades":0,"profit_factor":0.0},{"date":"26/10/2025","date_ts":1761436800000,"profit_abs":0.0,"wins":0,"draws":0,"losses":0,"trades":0,"profit_factor":0.0},{"date":"27/10/2025","date_ts":1761523200000,"profit_abs":2.6342872,"wins":1,"draws":0,"losses":0,"trades":1,"profit_factor":0.0},{"date":"28/10/2025","date_ts":1761609600000,"profit_abs":0.0,"wins":0,"draws":0,"losses":0,"trades":0,"profit_factor":0.0},{"date":"29/10/2025","date_ts":1761696000000,"profit_abs":0.0,"wins":0,"draws":2,"losses":0,"trades":2,"profit_factor":0.0},{"date":"30/10/2025","date_ts":1761782400000,"profit_abs":-17.774592,"wins":0,"draws":1,"losses":1,"trades":2,"profit_factor":0.0},{"date":"31/10/2025","date_ts":1761868800000,"profit_abs":0.0,"wins":0,"draws":1,"losses":0,"trades":1,"profit_factor":0.0},{"date":"01/11/2025","date_ts":1761955200000,"profit_abs":0.0,"wins":0,"draws":0,"losses":0,"trades":0,"profit_factor":0.0},{"date":"02/11/2025","date_ts":1762041600000,"profit_abs":0.0,"wins":0,"draws":0,"losses":0,"trades":0,"profit_factor":0.0},{"date":"03/11/2025","date_ts":1762128000000,"profit_abs":0.0,"wins":0,"draws":1,"losses":0,"trades":1,"profit_factor":0.0},{"date":"04/11/2025","date_ts":1762214400000,"profit_abs":-24.90635005,"wins":2,"draws":0,"losses":2,"trades":4,"profit_factor":0.28069221},{"date":"05/11/2025","date_ts":1762300800000,"profit_abs":2.88663898,"wins":2,"draws":0,"losses":0,"trades":2,"profit_factor":0.0},{"date":"06/11/2025","date_ts":1762387200000,"profit_abs":0.20290176,"wins":1,"draws":0,"losses":0,"trades":1,"profit_factor":0.0},{"date":"07/11/2025","date_ts":1762473600000,"profit_abs":0.0,"wins":0,"draws":0,"losses":0,"trades":0,"profit_factor":0.0},{"date":"08/11/2025","date_ts":1762560000000,"profit_abs":0.0,"wins":0,"draws":0,"losses":0,"trades":0,"profit_factor":0.0},{"date":"09/11/2025","date_ts":1762646400000,"profit_abs":0.0,"wins":0,"draws":0,"losses":0,"trades":0,"profit_factor":0.0},{"date":"10/11/2025","date_ts":1762732800000,"profit_abs":0.0,"wins":0,"draws":0,"losses":0,"trades":0,"profit_factor":0.0},{"date":"11/11/2025","date_ts":1762819200000,"profit_abs":0.0,"wins":0,"draws":0,"losses":0,"trades":0,"profit_factor":0.0},{"date":"12/11/2025","date_ts":1762905600000,"profit_abs":0.0,"wins":0,"draws":0,"losses":0,"trades":0,"profit_factor":0.0},{"date":"13/11/2025","date_ts":1762992000000,"profit_abs":0.0,"wins":0,"draws":0,"losses":0,"trades":0,"profit_factor":0.0},{"date":"14/11/2025","date_ts":1763078400000,"profit_abs":-15.02756392,"wins":1,"draws":0,"losses":1,"trades":2,"profit_factor":0.12211973},{"date":"15/11/2025","date_ts":1763164800000,"profit_abs":3.94167928,"wins":1,"draws":0,"losses":0,"trades":1,"profit_factor":0.0},{"date":"16/11/2025","date_ts":1763251200000,"profit_abs":0.0,"wins":0,"draws":0,"losses":0,"trades":0,"profit_factor":0.0},{"date":"17/11/2025","date_ts":1763337600000,"profit_abs":0.0,"wins":0,"draws":0,"losses":0,"trades":0,"profit_factor":0.0},{"date":"18/11/2025","date_ts":1763424000000,"profit_abs":0.0,"wins":0,"draws":0,"losses":0,"trades":0,"profit_factor":0.0},{"date":"19/11/2025","date_ts":1763510400000,"profit_abs":0.0,"wins":0,"draws":0,"losses":0,"trades":0,"profit_factor":0.0},{"date":"20/11/2025","date_ts":1763596800000,"profit_abs":0.0,"wins":0,"draws":0,"losses":0,"trades":0,"profit_factor":0.0},{"date":"21/11/2025","date_ts":1763683200000,"profit_abs":5.01345768,"wins":1,"draws":0,"losses":0,"trades":1,"profit_factor":0.0},{"date":"22/11/2025","date_ts":1763769600000,"profit_abs":0.37956576,"wins":1,"draws":3,"losses":0,"trades":4,"profit_factor":0.0},{"date":"23/11/2025","date_ts":1763856000000,"profit_abs":2.43962592,"wins":2,"draws":0,"losses":0,"trades":2,"profit_factor":0.0},{"date":"24/11/2025","date_ts":1763942400000,"profit_abs":0.0,"wins":0,"draws":0,"losses":0,"trades":0,"profit_factor":0.0},{"date":"25/11/2025","date_ts":1764028800000,"profit_abs":0.0,"wins":0,"draws":0,"losses":0,"trades":0,"profit_factor":0.0},{"date":"26/11/2025","date_ts":1764115200000,"profit_abs":0.0,"wins":0,"draws":0,"losses":0,"trades":0,"profit_factor":0.0},{"date":"27/11/2025","date_ts":1764201600000,"profit_abs":0.0,"wins":0,"draws":0,"losses":0,"trades":0,"profit_factor":0.0},{"date":"28/11/2025","date_ts":1764288000000,"profit_abs":0.0,"wins":0,"draws":0,"losses":0,"trades":0,"profit_factor":0.0},{"date":"29/11/2025","date_ts":1764374400000,"profit_abs":0.0,"wins":0,"draws":0,"losses":0,"trades":0,"profit_factor":0.0},{"date":"30/11/2025","date_ts":1764460800000,"profit_abs":0.0,"wins":0,"draws":0,"losses":0,"trades":0,"profit_factor":0.0},{"date":"01/12/2025","date_ts":1764547200000,"profit_abs":1.00786088,"wins":2,"draws":0,"losses":0,"trades":2,"profit_factor":0.0},{"date":"02/12/2025","date_ts":1764633600000,"profit_abs":2.7305628,"wins":1,"draws":0,"losses":0,"trades":1,"profit_factor":0.0},{"date":"03/12/2025","date_ts":1764720000000,"profit_abs":2.05102485,"wins":1,"draws":1,"losses":0,"trades":2,"profit_factor":0.0},{"date":"04/12/2025","date_ts":1764806400000,"profit_abs":0.0,"wins":0,"draws":1,"losses":0,"trades":1,"profit_factor":0.0},{"date":"05/12/2025","date_ts":1764892800000,"profit_abs":-17.1354484,"wins":0,"draws":1,"losses":1,"trades":2,"profit_factor":0.0},{"date":"06/12/2025","date_ts":1764979200000,"profit_abs":0.4686096,"wins":1,"draws":0,"losses":0,"trades":1,"profit_factor":0.0},{"date":"07/12/2025","date_ts":1765065600000,"profit_abs":0.0,"wins":0,"draws":1,"losses":0,"trades":1,"profit_factor":0.0},{"date":"08/12/2025","date_ts":1765152000000,"profit_abs":0.0,"wins":0,"draws":0,"losses":0,"trades":0,"profit_factor":0.0},{"date":"09/12/2025","date_ts":1765238400000,"profit_abs":0.0,"wins":0,"draws":0,"losses":0,"trades":0,"profit_factor":0.0},{"date":"10/12/2025","date_ts":1765324800000,"profit_abs":0.0,"wins":0,"draws":0,"losses":0,"trades":0,"profit_factor":0.0},{"date":"11/12/2025","date_ts":1765411200000,"profit_abs":0.0,"wins":0,"draws":0,"losses":0,"trades":0,"profit_factor":0.0},{"date":"12/12/2025","date_ts":1765497600000,"profit_abs":0.0,"wins":0,"draws":0,"losses":0,"trades":0,"profit_factor":0.0},{"date":"13/12/2025","date_ts":1765584000000,"profit_abs":0.0,"wins":0,"draws":0,"losses":0,"trades":0,"profit_factor":0.0},{"date":"14/12/2025","date_ts":1765670400000,"profit_abs":0.0,"wins":0,"draws":0,"losses":0,"trades":0,"profit_factor":0.0},{"date":"15/12/2025","date_ts":1765756800000,"profit_abs":0.0,"wins":0,"draws":1,"losses":0,"trades":1,"profit_factor":0.0},{"date":"16/12/2025","date_ts":1765843200000,"profit_abs":6.4913619,"wins":2,"draws":0,"losses":0,"trades":2,"profit_factor":0.0},{"date":"17/12/2025","date_ts":1765929600000,"profit_abs":0.0,"wins":0,"draws":0,"losses":0,"trades":0,"profit_factor":0.0},{"date":"18/12/2025","date_ts":1766016000000,"profit_abs":0.0,"wins":0,"draws":0,"losses":0,"trades":0,"profit_factor":0.0},{"date":"19/12/2025","date_ts":1766102400000,"profit_abs":0.0,"wins":0,"draws":0,"losses":0,"trades":0,"profit_factor":0.0},{"date":"20/12/2025","date_ts":1766188800000,"profit_abs":0.0,"wins":0,"draws":1,"losses":0,"trades":1,"profit_factor":0.0},{"date":"21/12/2025","date_ts":1766275200000,"profit_abs":0.0,"wins":0,"draws":1,"losses":0,"trades":1,"profit_factor":0.0},{"date":"22/12/2025","date_ts":1766361600000,"profit_abs":0.0,"wins":0,"draws":0,"losses":0,"trades":0,"profit_factor":0.0},{"date":"23/12/2025","date_ts":1766448000000,"profit_abs":0.0,"wins":0,"draws":0,"losses":0,"trades":0,"profit_factor":0.0},{"date":"24/12/2025","date_ts":1766534400000,"profit_abs":-16.95563648,"wins":0,"draws":0,"losses":1,"trades":1,"profit_factor":0.0},{"date":"25/12/2025","date_ts":1766620800000,"profit_abs":0.0,"wins":0,"draws":0,"losses":0,"trades":0,"profit_factor":0.0},{"date":"26/12/2025","date_ts":1766707200000,"profit_abs":0.0,"wins":0,"draws":0,"losses":0,"trades":0,"profit_factor":0.0},{"date":"27/12/2025","date_ts":1766793600000,"profit_abs":0.0,"wins":0,"draws":0,"losses":0,"trades":0,"profit_factor":0.0},{"date":"28/12/2025","date_ts":1766880000000,"profit_abs":0.0,"wins":0,"draws":0,"losses":0,"trades":0,"profit_factor":0.0},{"date":"29/12/2025","date_ts":1766966400000,"profit_abs":0.0,"wins":0,"draws":0,"losses":0,"trades":0,"profit_factor":0.0},{"date":"30/12/2025","date_ts":1767052800000,"profit_abs":0.0,"wins":0,"draws":0,"losses":0,"trades":0,"profit_factor":0.0},{"date":"31/12/2025","date_ts":1767139200000,"profit_abs":0.0,"wins":0,"draws":0,"losses":0,"trades":0,"profit_factor":0.0},{"date":"01/01/2026","date_ts":1767225600000,"profit_abs":0.0,"wins":0,"draws":1,"losses":0,"trades":1,"profit_factor":0.0},{"date":"02/01/2026","date_ts":1767312000000,"profit_abs":9.741902,"wins":1,"draws":2,"losses":0,"trades":3,"profit_factor":0.0},{"date":"03/01/2026","date_ts":1767398400000,"profit_abs":0.87331864,"wins":2,"draws":0,"losses":0,"trades":2,"profit_factor":0.0},{"date":"04/01/2026","date_ts":1767484800000,"profit_abs":0.0,"wins":0,"draws":0,"losses":0,"trades":0,"profit_factor":0.0},{"date":"05/01/2026","date_ts":1767571200000,"profit_abs":6.69345141,"wins":2,"draws":0,"losses":0,"trades":2,"profit_factor":0.0}],"week":[{"date":"06/10/2025","date_ts":1759708800000,"profit_abs":1.94654892,"wins":2,"draws":1,"losses":0,"trades":3,"profit_factor":0.0},{"date":"13/10/2025","date_ts":1760313600000,"profit_abs":38.78740608,"wins":3,"draws":2,"losses":0,"trades":5,"profit_factor":0.0},{"date":"20/10/2025","date_ts":1760918400000,"profit_abs":-7.96809963,"wins":3,"draws":2,"losses":1,"trades":6,"profit_factor":0.55515677},{"date":"27/10/2025","date_ts":1761523200000,"profit_abs":4.37661296,"wins":2,"draws":1,"losses":0,"trades":3,"profit_factor":0.0},{"date":"03/11/2025","date_ts":1762128000000,"profit_abs":-17.774592,"wins":0,"draws":5,"losses":1,"trades":6,"profit_factor":0.0},{"date":"10/11/2025","date_ts":1762732800000,"profit_abs":-21.81680931,"wins":5,"draws":0,"losses":2,"trades":7,"profit_factor":0.36991968},{"date":"17/11/2025","date_ts":1763337600000,"profit_abs":-11.08588464,"wins":2,"draws":0,"losses":1,"trades":3,"profit_factor":0.35238476},{"date":"24/11/2025","date_ts":1763942400000,"profit_abs":7.83264936,"wins":4,"draws":3,"losses":0,"trades":7,"profit_factor":0.0},{"date":"01/12/2025","date_ts":1764547200000,"profit_abs":1.00786088,"wins":2,"draws":0,"losses":0,"trades":2,"profit_factor":0.0},{"date":"08/12/2025","date_ts":1765152000000,"profit_abs":-11.88525115,"wins":3,"draws":4,"losses":1,"trades":8,"profit_factor":0.30639392},{"date":"15/12/2025","date_ts":1765756800000,"profit_abs":0.0,"wins":0,"draws":1,"losses":0,"trades":1,"profit_factor":0.0},{"date":"22/12/2025","date_ts":1766361600000,"profit_abs":6.4913619,"wins":2,"draws":2,"losses":0,"trades":4,"profit_factor":0.0},{"date":"29/12/2025","date_ts":1766966400000,"profit_abs":-16.95563648,"wins":0,"draws":0,"losses":1,"trades":1,"profit_factor":0.0},{"date":"05/01/2026","date_ts":1767571200000,"profit_abs":17.30867205,"wins":5,"draws":3,"losses":0,"trades":8,"profit_factor":0.0}],"month":[{"date":"31/10/2025","date_ts":1761868800000,"profit_abs":19.36787633,"wins":10,"draws":10,"losses":2,"trades":22,"profit_factor":1.54271906},{"date":"30/11/2025","date_ts":1764460800000,"profit_abs":-25.07004459,"wins":11,"draws":4,"losses":3,"trades":18,"profit_factor":0.51549339},{"date":"31/12/2025","date_ts":1767139200000,"profit_abs":-21.34166485,"wins":7,"draws":7,"losses":2,"trades":16,"profit_factor":0.37398106},{"date":"31/01/2026","date_ts":1769817600000,"profit_abs":17.30867205,"wins":5,"draws":3,"losses":0,"trades":8,"profit_factor":0.0}],"year":[{"date":"31/12/2025","date_ts":1767139200000,"profit_abs":-27.04383311,"wins":28,"draws":21,"losses":7,"trades":56,"profit_factor":0.77745599},{"date":"31/12/2026","date_ts":1798675200000,"profit_abs":17.30867205,"wins":5,"draws":3,"losses":0,"trades":8,"profit_factor":0.0}],"weekday":[{"date":"Monday","date_ts":0,"profit_abs":10.33559949,"wins":5,"draws":2,"losses":0,"trades":7,"profit_factor":0.0},{"date":"Tuesday","date_ts":1,"profit_abs":-15.68442535,"wins":5,"draws":1,"losses":2,"trades":8,"profit_factor":0.54702599},{"date":"Wednesday","date_ts":2,"profit_abs":-10.27564689,"wins":4,"draws":4,"losses":1,"trades":9,"profit_factor":0.39396867},{"date":"Thursday","date_ts":3,"profit_abs":-29.09942898,"wins":5,"draws":4,"losses":2,"trades":11,"profit_factor":0.18458717},{"date":"Friday","date_ts":4,"profit_abs":-11.90146461,"wins":4,"draws":6,"losses":2,"trades":12,"profit_factor":0.65254707},{"date":"Saturday","date_ts":5,"profit_abs":10.95192536,"wins":6,"draws":4,"losses":0,"trades":10,"profit_factor":0.0},{"date":"Sunday","date_ts":6,"profit_abs":35.93827992,"wins":4,"draws":3,"losses":0,"trades":7,"profit_factor":0.0}]},"backtest_best_day":0.09990009990009992,"backtest_worst_day":-0.07390737961943675,"backtest_best_day_abs":33.498654,"backtest_worst_day_abs":-24.90635005,"winning_days":20,"draw_days":70,"losing_days":6,"daily_profit":[["2025-10-02",1.94654892],["2025-10-03",0.0],["2025-10-04",0.0],["2025-10-05",0.0],["2025-10-06",0.0],["2025-10-07",0.0],["2025-10-08",0.0],["2025-10-09",0.0],["2025-10-10",0.0],["2025-10-11",5.28875208],["2025-10-12",33.498654],["2025-10-13",0.0],["2025-10-14",0.0],["2025-10-15",0.0],["2025-10-16",-13.47428766],["2025-10-17",5.50618803],["2025-10-18",0.0],["2025-10-19",0.0],["2025-10-20",0.0],["2025-10-21",0.0],["2025-10-22",1.74232576],["2025-10-23",0.0],["2025-10-24",0.0],["2025-10-25",0.0],["2025-10-26",0.0],["2025-10-27",2.6342872],["2025-10-28",0.0],["2025-10-29",0.0],["2025-10-30",-17.774592],["2025-10-31",0.0],["2025-11-01",0.0],["2025-11-02",0.0],["2025-11-03",0.0],["2025-11-04",-24.90635005],["2025-11-05",2.88663898],["2025-11-06",0.20290176],["2025-11-07",0.0],["2025-11-08",0.0],["2025-11-09",0.0],["2025-11-10",0.0],["2025-11-11",0.0],["2025-11-12",0.0],["2025-11-13",0.0],["2025-11-14",-15.02756392],["2025-11-15",3.94167928],["2025-11-16",0.0],["2025-11-17",0.0],["2025-11-18",0.0],["2025-11-19",0.0],["2025-11-20",0.0],["2025-11-21",5.01345768],["2025-11-22",0.37956576],["2025-11-23",2.43962592],["2025-11-24",0.0],["2025-11-25",0.0],["2025-11-26",0.0],["2025-11-27",0.0],["2025-11-28",0.0],["2025-11-29",0.0],["2025-11-30",0.0],["2025-12-01",1.00786088],["2025-12-02",2.7305628],["2025-12-03",2.05102485],["2025-12-04",0.0],["2025-12-05",-17.1354484],["2025-12-06",0.4686096],["2025-12-07",0.0],["2025-12-08",0.0],["2025-12-09",0.0],["2025-12-10",0.0],["2025-12-11",0.0],["2025-12-12",0.0],["2025-12-13",0.0],["2025-12-14",0.0],["2025-12-15",0.0],["2025-12-16",6.4913619],["2025-12-17",0.0],["2025-12-18",0.0],["2025-12-19",0.0],["2025-12-20",0.0],["2025-12-21",0.0],["2025-12-22",0.0],["2025-12-23",0.0],["2025-12-24",-16.95563648],["2025-12-25",0.0],["2025-12-26",0.0],["2025-12-27",0.0],["2025-12-28",0.0],["2025-12-29",0.0],["2025-12-30",0.0],["2025-12-31",0.0],["2026-01-01",0.0],["2026-01-02",9.741902],["2026-01-03",0.87331864],["2026-01-04",0.0],["2026-01-05",6.69345141]],"wins":33,"losses":7,"draws":24,"winrate":0.515625,"holding_avg":"4:14:00","holding_avg_s":15240.0,"winner_holding_min":"0d 01:00","winner_holding_min_s":3600.0,"winner_holding_max":"0d 02:00","winner_holding_max_s":7200.0,"winner_holding_avg":"0d 01:56","winner_holding_avg_s":6960.0,"loser_holding_min":"0d 02:00","loser_holding_min_s":7200.0,"loser_holding_max":"1d 08:00","loser_holding_max_s":115200.0,"loser_holding_avg":"0d 12:51","loser_holding_avg_s":46260.0,"max_consecutive_wins":7,"max_consecutive_losses":7,"max_drawdown_account":0.06909452713888077,"max_relative_drawdown":0.06909452713888077,"max_drawdown_abs":72.21565265,"drawdown_start":"2025-10-16 08:00:00","drawdown_start_ts":1760601600000.0,"drawdown_end":"2025-12-24 03:00:00","drawdown_end_ts":1766545200000.0,"drawdown_duration":"68 days 19:00:00","drawdown_duration_s":5943600.0,"max_drawdown_low":-27.043833109999998,"max_drawdown_high":45.17181954,"csum_min":972.95616689,"csum_max":1045.17181954}},"strategy_comparison":[{"key":"ACO_40_3","trades":64,"profit_mean":-0.00039203792961554055,"profit_mean_pct":-0.04,"profit_total_abs":-9.73516106,"profit_total":-0.009735161059999999,"profit_total_pct":-0.97,"duration_avg":"4:14:00","wins":33,"draws":24,"losses":7,"winrate":0.515625,"cagr":-0.036142467886809304,"expectancy":-0.15211189156249993,"expectancy_ratio":-0.38376211332486687,"sortino":-5.7017477719394165,"sharpe":-0.27808409089914055,"calmar":-2.7750715809311353,"sqn":-0.1751,"profit_factor":0.9198892496012173,"max_drawdown_account":0.06909452713888077,"max_drawdown_abs":"72.216"}]}