{"strategy":{"ACO_22_23":{"trades":[{"pair":"DOGE/USDT","stake_amount":329.99169,"max_stake_amount":329.99169,"amount":1659.0,"open_date":"2025-10-16 07:00:00+00:00","close_date":"2025-10-16 10:00:00+00:00","open_rate":0.19891,"close_rate":0.1993082182182182,"fee_open":0.001,"fee_close":0.001,"trade_duration":180,"profit_ratio":0.0,"profit_abs":0.0,"exit_reason":"roi","initial_stop_loss_abs":0.18897,"initial_stop_loss_ratio":-0.05,"stop_loss_abs":0.18897,"stop_loss_ratio":-0.05,"min_rate":0.19015,"max_rate":0.20062,"is_open":false,"enter_tag":"","leverage":1.0,"is_short":false,"open_timestamp":1760598000000,"close_timestamp":1760608800000,"orders":[{"amount":1659.0,"safe_price":0.19891,"ft_order_side":"buy","order_filled_timestamp":1760598000000,"ft_is_entry":true,"ft_order_tag":"","cost":330.32168169},{"amount":1659.0,"safe_price":0.1993082182182182,"ft_order_side":"sell","order_filled_timestamp":1760608800000,"ft_is_entry":false,"ft_order_tag":"roi","cost":330.982986358048}],"funding_fees":0.0,"weekday":3},{"pair":"DOGE/USDT","stake_amount":329.97668,"max_stake_amount":329.97668,"amount":1738.0,"open_date":"2025-10-19 10:00:00+00:00","close_date":"2025-10-19 12:00:00+00:00","open_rate":0.18986,"close_rate":0.1933,"fee_open":0.001,"fee_close":0.001,"trade_duration":120,"profit_ratio":0.016084410690962888,"profit_abs":5.31278792,"exit_reason":"roi","initial_stop_loss_abs":0.18037,"initial_stop_loss_ratio":-0.05,"stop_loss_abs":0.18037,"stop_loss_ratio":-0.05,"min_rate":0.18895,"max_rate":0.1968,"is_open":false,"enter_tag":"","leverage":1.0,"is_short":false,"open_timestamp":1760868000000,"close_timestamp":1760875200000,"orders":[{"amount":1738.0,"safe_price":0.18986,"ft_order_side":"buy","order_filled_timestamp":1760868000000,"ft_is_entry":true,"ft_order_tag":"","cost":330.30665667999995},{"amount":1738.0,"safe_price":0.1933,"ft_order_side":"sell","order_filled_timestamp":1760875200000,"ft_is_entry":false,"ft_order_tag":"roi","cost":336.2913554}],"funding_fees":0.0,"weekday":6},{"pair":"DOGE/USDT","stake_amount":331.59168,"max_stake_amount":331.59168,"amount":1799.0,"open_date":"2025-11-10 10:00:00+00:00","close_date":"2025-11-11 01:00:00+00:00","open_rate":0.18432,"close_rate":0.184689009009009,"fee_open":0.001,"fee_close":0.001,"trade_duration":900,"profit_ratio":0.0,"profit_abs":0.0,"exit_reason":"roi","initial_stop_loss_abs":0.17511,"initial_stop_loss_ratio":-0.05,"stop_loss_abs":0.17511,"stop_loss_ratio":-0.05,"min_rate":0.17722,"max_rate":0.1864,"is_open":false,"enter_tag":"","leverage":1.0,"is_short":false,"open_timestamp":1762768800000,"close_timestamp":1762822800000,"orders":[{"amount":1799.0,"safe_price":0.18432,"ft_order_side":"buy","order_filled_timestamp":1762768800000,"ft_is_entry":true,"ft_order_tag":"","cost":331.92327167999997},{"amount":1799.0,"safe_price":0.184689009009009,"ft_order_side":"sell","order_filled_timestamp":1762822800000,"ft_is_entry":false,"ft_order_tag":"roi","cost":332.58778273441436}],"funding_fees":0.0,"weekday":1},{"pair":"DOGE/USDT","stake_amount":331.59933,"max_stake_amount":331.59933,"amount":2043.0,"open_date":"2025-11-17 15:00:00+00:00","close_date":"2025-11-17 18:00:00+00:00","open_rate":0.16231,"close_rate":0.1542,"fee_open":0.001,"fee_close":0.001,"trade_duration":180,"profit_ratio":-0.051864283827810415,"profit_abs":-17.21535993,"exit_reason":"stop_loss","initial_stop_loss_abs":0.1542,"initial_stop_loss_ratio":-0.05,"stop_loss_abs":0.1542,"stop_loss_ratio":-0.05,"min_rate":0.15372,"max_rate":0.16367,"is_open":false,"enter_tag":"","leverage":1.0,"is_short":false,"open_timestamp":1763391600000,"close_timestamp":1763402400000,"orders":[{"amount":2043.0,"safe_price":0.16231,"ft_order_side":"buy","order_filled_timestamp":1763391600000,"ft_is_entry":true,"ft_order_tag":"","cost":331.93092932999997},{"amount":2043.0,"safe_price":0.1542,"ft_order_side":"sell","order_filled_timestamp":1763402400000,"ft_is_entry":false,"ft_order_tag":"stop_loss","cost":315.34563059999994}],"funding_fees":0.0,"weekday":0},{"pair":"DOGE/USDT","stake_amount":326.02696,"max_stake_amount":326.02696,"amount":2344.0,"open_date":"2025-11-22 15:00:00+00:00","close_date":"2025-11-22 17:00:00+00:00","open_rate":0.13909,"close_rate":0.13953,"fee_open":0.001,"fee_close":0.001,"trade_duration":120,"profit_ratio":0.0011590968525327574,"profit_abs":0.37827472,"exit_reason":"roi","initial_stop_loss_abs":0.13214,"initial_stop_loss_ratio":-0.05,"stop_loss_abs":0.13214,"stop_loss_ratio":-0.05,"min_rate":0.13729,"max_rate":0.13977,"is_open":false,"enter_tag":"","leverage":1.0,"is_short":false,"open_timestamp":1763823600000,"close_timestamp":1763830800000,"orders":[{"amount":2344.0,"safe_price":0.13909,"ft_order_side":"buy","order_filled_timestamp":1763823600000,"ft_is_entry":true,"ft_order_tag":"","cost":326.35298695999995},{"amount":2344.0,"safe_price":0.13953,"ft_order_side":"sell","order_filled_timestamp":1763830800000,"ft_is_entry":false,"ft_order_tag":"roi","cost":327.38537832}],"funding_fees":0.0,"weekday":5},{"pair":"DOGE/USDT","stake_amount":326.09674,"max_stake_amount":326.09674,"amount":2246.0,"open_date":"2025-11-23 13:00:00+00:00","close_date":"2025-11-23 15:00:00+00:00","open_rate":0.14519,"close_rate":0.14548067067067066,"fee_open":0.001,"fee_close":0.001,"trade_duration":120,"profit_ratio":0.0,"profit_abs":0.0,"exit_reason":"roi","initial_stop_loss_abs":0.13794,"initial_stop_loss_ratio":-0.05,"stop_loss_abs":0.13794,"stop_loss_ratio":-0.05,"min_rate":0.14438,"max_rate":0.14775,"is_open":false,"enter_tag":"","leverage":1.0,"is_short":false,"open_timestamp":1763902800000,"close_timestamp":1763910000000,"orders":[{"amount":2246.0,"safe_price":0.14519,"ft_order_side":"buy","order_filled_timestamp":1763902800000,"ft_is_entry":true,"ft_order_tag":"","cost":326.42283674},{"amount":2246.0,"safe_price":0.14548067067067066,"ft_order_side":"sell","order_filled_timestamp":1763910000000,"ft_is_entry":false,"ft_order_tag":"roi","cost":327.0763359126526}],"funding_fees":0.0,"weekday":6},{"pair":"DOGE/USDT","stake_amount":326.1662,"max_stake_amount":326.1662,"amount":2386.0,"open_date":"2025-12-02 11:00:00+00:00","close_date":"2025-12-02 13:00:00+00:00","open_rate":0.1367,"close_rate":0.13723,"fee_open":0.001,"fee_close":0.001,"trade_duration":120,"profit_ratio":0.0018713546877409352,"profit_abs":0.61098302,"exit_reason":"roi","initial_stop_loss_abs":0.12987,"initial_stop_loss_ratio":-0.05,"stop_loss_abs":0.12987,"stop_loss_ratio":-0.05,"min_rate":0.1362,"max_rate":0.13833,"is_open":false,"enter_tag":"","leverage":1.0,"is_short":false,"open_timestamp":1764673200000,"close_timestamp":1764680400000,"orders":[{"amount":2386.0,"safe_price":0.1367,"ft_order_side":"buy","order_filled_timestamp":1764673200000,"ft_is_entry":true,"ft_order_tag":"","cost":326.49236619999994},{"amount":2386.0,"safe_price":0.13723,"ft_order_side":"sell","order_filled_timestamp":1764680400000,"ft_is_entry":false,"ft_order_tag":"roi","cost":327.75821077999996}],"funding_fees":0.0,"weekday":1},{"pair":"DOGE/USDT","stake_amount":326.3652,"max_stake_amount":326.3652,"amount":2520.0,"open_date":"2025-12-23 21:00:00+00:00","close_date":"2025-12-24 00:00:00+00:00","open_rate":0.12951,"close_rate":0.12976927927927925,"fee_open":0.001,"fee_close":0.001,"trade_duration":180,"profit_ratio":0.0,"profit_abs":0.0,"exit_reason":"roi","initial_stop_loss_abs":0.12304,"initial_stop_loss_ratio":-0.05,"stop_loss_abs":0.12304,"stop_loss_ratio":-0.05,"min_rate":0.129,"max_rate":0.13006,"is_open":false,"enter_tag":"","leverage":1.0,"is_short":false,"open_timestamp":1766523600000,"close_timestamp":1766534400000,"orders":[{"amount":2520.0,"safe_price":0.12951,"ft_order_side":"buy","order_filled_timestamp":1766523600000,"ft_is_entry":true,"ft_order_tag":"","cost":326.6915651999999},{"amount":2520.0,"safe_price":0.12976927927927925,"ft_order_side":"sell","order_filled_timestamp":1766534400000,"ft_is_entry":false,"ft_order_tag":"roi","cost":327.34560236756744}],"funding_fees":0.0,"weekday":2},{"pair":"DOGE/USDT","stake_amount":326.37729,"max_stake_amount":326.37729,"amount":2711.0,"open_date":"2026-01-01 09:00:00+00:00","close_date":"2026-01-01 11:00:00+00:00","open_rate":0.12039,"close_rate":0.120631021021021,"fee_open":0.001,"fee_close":0.001,"trade_duration":120,"profit_ratio":0.0,"profit_abs":0.0,"exit_reason":"roi","initial_stop_loss_abs":0.11438,"initial_stop_loss_ratio":-0.05,"stop_loss_abs":0.11438,"stop_loss_ratio":-0.05,"min_rate":0.12021,"max_rate":0.12126,"is_open":false,"enter_tag":"","leverage":1.0,"is_short":false,"open_timestamp":1767258000000,"close_timestamp":1767265200000,"orders":[{"amount":2711.0,"safe_price":0.12039,"ft_order_side":"buy","order_filled_timestamp":1767258000000,"ft_is_entry":true,"ft_order_tag":"","cost":326.70366729},{"amount":2711.0,"safe_price":0.120631021021021,"ft_order_side":"sell","order_filled_timestamp":1767265200000,"ft_is_entry":false,"ft_order_tag":"roi","cost":327.35772868597587}],"funding_fees":0.0,"weekday":3}],"locks":[],"best_pair":{"key":"DOGE/USDT","trades":9,"profit_mean":-0.003638824621841537,"profit_mean_pct":-0.36,"profit_total_abs":-10.913314270000003,"profit_total":-0.010913314270000002,"profit_total_pct":-1.09,"duration_avg":"3:47:00","wins":3,"draws":5,"losses":1,"winrate":0.3333333333333333,"cagr":-0.04045041650314585,"expectancy":-1.2125904744444447,"expectancy_ratio":-0.6259921005581,"sortino":-100,"sharpe":-0.36514108426175834,"calmar":-12.55210199387805,"sqn":-0.5826,"profit_factor":0.36607109497710044,"max_drawdown_account":0.017124381721651715,"max_drawdown_abs":17.21535993},"worst_pair":{"key":"DOGE/USDT","trades":9,"profit_mean":-0.003638824621841537,"profit_mean_pct":-0.36,"profit_total_abs":-10.913314270000003,"profit_total":-0.010913314270000002,"profit_total_pct":-1.09,"duration_avg":"3:47:00","wins":3,"draws":5,"losses":1,"winrate":0.3333333333333333,"cagr":-0.04045041650314585,"expectancy":-1.2125904744444447,"expectancy_ratio":-0.6259921005581,"sortino":-100,"sharpe":-0.36514108426175834,"calmar":-12.55210199387805,"sqn":-0.5826,"profit_factor":0.36607109497710044,"max_drawdown_account":0.017124381721651715,"max_drawdown_abs":17.21535993},"results_per_pair":[{"key":"DOGE/USDT","trades":9,"profit_mean":-0.003638824621841537,"profit_mean_pct":-0.36,"profit_total_abs":-10.913314270000003,"profit_total":-0.010913314270000002,"profit_total_pct":-1.09,"duration_avg":"3:47:00","wins":3,"draws":5,"losses":1,"winrate":0.3333333333333333,"cagr":-0.04045041650314585,"expectancy":-1.2125904744444447,"expectancy_ratio":-0.6259921005581,"sortino":-100,"sharpe":-0.36514108426175834,"calmar":-12.55210199387805,"sqn":-0.5826,"profit_factor":0.36607109497710044,"max_drawdown_account":0.017124381721651715,"max_drawdown_abs":17.21535993},{"key":"TOTAL","trades":9,"profit_mean":-0.003638824621841537,"profit_mean_pct":-0.36,"profit_total_abs":-10.913314270000003,"profit_total":-0.010913314270000002,"profit_total_pct":-1.09,"duration_avg":"3:47:00","wins":3,"draws":5,"losses":1,"winrate":0.3333333333333333,"cagr":-0.04045041650314585,"expectancy":-1.2125904744444447,"expectancy_ratio":-0.6259921005581,"sortino":-100,"sharpe":-0.36514108426175834,"calmar":-12.55210199387805,"sqn":-0.5826,"profit_factor":0.36607109497710044,"max_drawdown_account":0.017124381721651715,"max_drawdown_abs":17.21535993}],"results_per_enter_tag":[{"key":"","trades":9,"profit_mean":-0.003638824621841537,"profit_mean_pct":-0.36,"profit_total_abs":-10.913314270000003,"profit_total":-0.010913314270000002,"profit_total_pct":-1.09,"duration_avg":"3:47:00","wins":3,"draws":5,"losses":1,"winrate":0.3333333333333333,"cagr":-0.04045041650314585,"expectancy":-1.2125904744444447,"expectancy_ratio":-0.6259921005581,"sortino":-100,"sharpe":-0.36514108426175834,"calmar":-12.55210199387805,"sqn":-0.5826,"profit_factor":0.36607109497710044,"max_drawdown_account":0.017124381721651715,"max_drawdown_abs":17.21535993},{"key":"TOTAL","trades":9,"profit_mean":-0.003638824621841537,"profit_mean_pct":-0.36,"profit_total_abs":-10.913314270000003,"profit_total":-0.010913314270000002,"profit_total_pct":-1.09,"duration_avg":"3:47:00","wins":3,"draws":5,"losses":1,"winrate":0.3333333333333333,"cagr":-0.04045041650314585,"expectancy":-1.2125904744444447,"expectancy_ratio":-0.6259921005581,"sortino":-100,"sharpe":-0.36514108426175834,"calmar":-12.55210199387805,"sqn":-0.5826,"profit_factor":0.36607109497710044,"max_drawdown_account":0.017124381721651715,"max_drawdown_abs":17.21535993}],"exit_reason_summary":[{"key":"roi","trades":8,"profit_mean":0.0023893577789045727,"profit_mean_pct":0.24,"profit_total_abs":6.30204566,"profit_total":0.00630204566,"profit_total_pct":0.63,"duration_avg":"3:52:00","wins":3,"draws":5,"losses":0,"winrate":0.375,"cagr":0.023921099755235486,"expectancy":0.7877557074999999,"expectancy_ratio":100.0,"sortino":-100,"sharpe":0.7199741574837694,"calmar":-100,"sqn":1.2089,"profit_factor":0.0,"max_drawdown_account":0.0,"max_drawdown_abs":0.0},{"key":"stop_loss","trades":1,"profit_mean":-0.051864283827810415,"profit_mean_pct":-5.19,"profit_total_abs":-17.21535993,"profit_total":-0.01721535993,"profit_total_pct":-1.72,"duration_avg":"3:00:00","wins":0,"draws":0,"losses":1,"winrate":0.0,"cagr":-0.06325439326696669,"expectancy":-17.21535993,"expectancy_ratio":-1.0,"sortino":-100,"sharpe":-100,"calmar":-19.695848633549303,"sqn":-100.0,"profit_factor":0.0,"max_drawdown_account":0.017215359929999976,"max_drawdown_abs":17.21535993},{"key":"TOTAL","trades":9,"profit_mean":-0.003638824621841537,"profit_mean_pct":-0.36,"profit_total_abs":-10.913314270000003,"profit_total":-0.010913314270000002,"profit_total_pct":-1.09,"duration_avg":"3:47:00","wins":3,"draws":5,"losses":1,"winrate":0.3333333333333333,"cagr":-0.04045041650314585,"expectancy":-1.2125904744444447,"expectancy_ratio":-0.6259921005581,"sortino":-100,"sharpe":-0.36514108426175834,"calmar":-12.55210199387805,"sqn":-0.5826,"profit_factor":0.36607109497710044,"max_drawdown_account":0.017124381721651715,"max_drawdown_abs":17.21535993}],"mix_tag_stats":[{"key":["","roi"],"trades":8,"profit_mean":0.0023893577789045727,"profit_mean_pct":0.24,"profit_total_abs":6.30204566,"profit_total":0.00630204566,"profit_total_pct":0.63,"duration_avg":"3:52:00","wins":3,"draws":5,"losses":0,"winrate":0.375,"cagr":0.023921099755235486,"expectancy":0.7877557074999999,"expectancy_ratio":100.0,"sortino":-100,"sharpe":0.7199741574837694,"calmar":-100,"sqn":1.2089,"profit_factor":0.0,"max_drawdown_account":0.0,"max_drawdown_abs":0.0},{"key":["","stop_loss"],"trades":1,"profit_mean":-0.051864283827810415,"profit_mean_pct":-5.19,"profit_total_abs":-17.21535993,"profit_total":-0.01721535993,"profit_total_pct":-1.72,"duration_avg":"3:00:00","wins":0,"draws":0,"losses":1,"winrate":0.0,"cagr":-0.06325439326696669,"expectancy":-17.21535993,"expectancy_ratio":-1.0,"sortino":-100,"sharpe":-100,"calmar":-19.695848633549303,"sqn":-100.0,"profit_factor":0.0,"max_drawdown_account":0.017215359929999976,"max_drawdown_abs":17.21535993},{"key":"TOTAL","trades":9,"profit_mean":-0.003638824621841537,"profit_mean_pct":-0.36,"profit_total_abs":-10.913314270000003,"profit_total":-0.010913314270000002,"profit_total_pct":-1.09,"duration_avg":"3:47:00","wins":3,"draws":5,"losses":1,"winrate":0.3333333333333333,"cagr":-0.04045041650314585,"expectancy":-1.2125904744444447,"expectancy_ratio":-0.6259921005581,"sortino":-100,"sharpe":-0.36514108426175834,"calmar":-12.55210199387805,"sqn":-0.5826,"profit_factor":0.36607109497710044,"max_drawdown_account":0.017124381721651715,"max_drawdown_abs":17.21535993}],"left_open_trades":[{"key":"TOTAL","trades":0,"profit_mean":0.0,"profit_mean_pct":0.0,"profit_total_abs":0.0,"profit_total":0.0,"profit_total_pct":0.0,"duration_avg":"0:00","wins":0,"draws":0,"losses":0,"winrate":0.0,"cagr":0.0,"expectancy":0.0,"expectancy_ratio":100.0,"sortino":0,"sharpe":0,"calmar":0,"sqn":0.0,"profit_factor":0.0,"max_drawdown_account":0.0,"max_drawdown_abs":0.0}],"total_trades":9,"trade_count_long":9,"trade_count_short":0,"total_volume":5909.276972928657,"avg_stake_amount":328.24352999999996,"profit_mean":-0.003638824621841537,"profit_median":0.0,"profit_total":-0.010913314270000002,"profit_total_long":-0.010913314270000002,"profit_total_short":0.0,"profit_total_abs":-10.913314270000003,"profit_total_long_abs":-10.913314270000003,"profit_total_short_abs":0.0,"cagr":-0.04045041650314585,"expectancy":-1.2125904744444447,"expectancy_ratio":-0.6259921005581,"sortino":-100,"sharpe":-0.36514108426175834,"calmar":-12.55210199387805,"sqn":-0.5826,"profit_factor":0.36607109497710044,"backtest_start":"2025-10-01 00:00:00","backtest_start_ts":1759276800000,"backtest_end":"2026-01-06 20:00:00","backtest_end_ts":1767729600000,"backtest_days":97,"backtest_run_start_ts":1767740333,"backtest_run_end_ts":1767740333,"trades_per_day":0.09,"market_change":-0.36632086436227446,"pairlist":["DOGE/USDT"],"stake_amount":"unlimited","stake_currency":"USDT","stake_currency_decimals":3,"starting_balance":1000,"dry_run_wallet":1000,"final_balance":989.08668573,"rejected_signals":0,"timedout_entry_orders":0,"timedout_exit_orders":0,"canceled_trade_entries":0,"canceled_entry_orders":0,"replaced_entry_orders":0,"max_open_trades":1,"max_open_trades_setting":3,"timeframe":"1h","timeframe_detail":"","timerange":"20251001-","enable_protections":false,"strategy_name":"ACO_22_23","freqaimodel":null,"freqai_identifier":null,"stoploss":-0.05,"trailing_stop":false,"trailing_stop_positive":null,"trailing_stop_positive_offset":0.0,"trailing_only_offset_is_reached":false,"use_custom_stoploss":false,"minimal_roi":{"0":0.1,"60":0.05,"120":0.0},"use_exit_signal":true,"exit_profit_only":false,"exit_profit_offset":0.0,"ignore_roi_if_entry_signal":false,"trading_mode":"spot","margin_mode":"","periodic_breakdown":{"day":[{"date":"16/10/2025","date_ts":1760572800000,"profit_abs":0.0,"wins":0,"draws":1,"losses":0,"trades":1,"profit_factor":0.0},{"date":"17/10/2025","date_ts":1760659200000,"profit_abs":0.0,"wins":0,"draws":0,"losses":0,"trades":0,"profit_factor":0.0},{"date":"18/10/2025","date_ts":1760745600000,"profit_abs":0.0,"wins":0,"draws":0,"losses":0,"trades":0,"profit_factor":0.0},{"date":"19/10/2025","date_ts":1760832000000,"profit_abs":5.31278792,"wins":1,"draws":0,"losses":0,"trades":1,"profit_factor":0.0},{"date":"20/10/2025","date_ts":1760918400000,"profit_abs":0.0,"wins":0,"draws":0,"losses":0,"trades":0,"profit_factor":0.0},{"date":"21/10/2025","date_ts":1761004800000,"profit_abs":0.0,"wins":0,"draws":0,"losses":0,"trades":0,"profit_factor":0.0},{"date":"22/10/2025","date_ts":1761091200000,"profit_abs":0.0,"wins":0,"draws":0,"losses":0,"trades":0,"profit_factor":0.0},{"date":"23/10/2025","date_ts":1761177600000,"profit_abs":0.0,"wins":0,"draws":0,"losses":0,"trades":0,"profit_factor":0.0},{"date":"24/10/2025","date_ts":1761264000000,"profit_abs":0.0,"wins":0,"draws":0,"losses":0,"trades":0,"profit_factor":0.0},{"date":"25/10/2025","date_ts":1761350400000,"profit_abs":0.0,"wins":0,"draws":0,"losses":0,"trades":0,"profit_factor":0.0},{"date":"26/10/2025","date_ts":1761436800000,"profit_abs":0.0,"wins":0,"draws":0,"losses":0,"trades":0,"profit_factor":0.0},{"date":"27/10/2025","date_ts":1761523200000,"profit_abs":0.0,"wins":0,"draws":0,"losses":0,"trades":0,"profit_factor":0.0},{"date":"28/10/2025","date_ts":1761609600000,"profit_abs":0.0,"wins":0,"draws":0,"losses":0,"trades":0,"profit_factor":0.0},{"date":"29/10/2025","date_ts":1761696000000,"profit_abs":0.0,"wins":0,"draws":0,"losses":0,"trades":0,"profit_factor":0.0},{"date":"30/10/2025","date_ts":1761782400000,"profit_abs":0.0,"wins":0,"draws":0,"losses":0,"trades":0,"profit_factor":0.0},{"date":"31/10/2025","date_ts":1761868800000,"profit_abs":0.0,"wins":0,"draws":0,"losses":0,"trades":0,"profit_factor":0.0},{"date":"01/11/2025","date_ts":1761955200000,"profit_abs":0.0,"wins":0,"draws":0,"losses":0,"trades":0,"profit_factor":0.0},{"date":"02/11/2025","date_ts":1762041600000,"profit_abs":0.0,"wins":0,"draws":0,"losses":0,"trades":0,"profit_factor":0.0},{"date":"03/11/2025","date_ts":1762128000000,"profit_abs":0.0,"wins":0,"draws":0,"losses":0,"trades":0,"profit_factor":0.0},{"date":"04/11/2025","date_ts":1762214400000,"profit_abs":0.0,"wins":0,"draws":0,"losses":0,"trades":0,"profit_factor":0.0},{"date":"05/11/2025","date_ts":1762300800000,"profit_abs":0.0,"wins":0,"draws":0,"losses":0,"trades":0,"profit_factor":0.0},{"date":"06/11/2025","date_ts":1762387200000,"profit_abs":0.0,"wins":0,"draws":0,"losses":0,"trades":0,"profit_factor":0.0},{"date":"07/11/2025","date_ts":1762473600000,"profit_abs":0.0,"wins":0,"draws":0,"losses":0,"trades":0,"profit_factor":0.0},{"date":"08/11/2025","date_ts":1762560000000,"profit_abs":0.0,"wins":0,"draws":0,"losses":0,"trades":0,"profit_factor":0.0},{"date":"09/11/2025","date_ts":1762646400000,"profit_abs":0.0,"wins":0,"draws":0,"losses":0,"trades":0,"profit_factor":0.0},{"date":"10/11/2025","date_ts":1762732800000,"profit_abs":0.0,"wins":0,"draws":0,"losses":0,"trades":0,"profit_factor":0.0},{"date":"11/11/2025","date_ts":1762819200000,"profit_abs":0.0,"wins":0,"draws":1,"losses":0,"trades":1,"profit_factor":0.0},{"date":"12/11/2025","date_ts":1762905600000,"profit_abs":0.0,"wins":0,"draws":0,"losses":0,"trades":0,"profit_factor":0.0},{"date":"13/11/2025","date_ts":1762992000000,"profit_abs":0.0,"wins":0,"draws":0,"losses":0,"trades":0,"profit_factor":0.0},{"date":"14/11/2025","date_ts":1763078400000,"profit_abs":0.0,"wins":0,"draws":0,"losses":0,"trades":0,"profit_factor":0.0},{"date":"15/11/2025","date_ts":1763164800000,"profit_abs":0.0,"wins":0,"draws":0,"losses":0,"trades":0,"profit_factor":0.0},{"date":"16/11/2025","date_ts":1763251200000,"profit_abs":0.0,"wins":0,"draws":0,"losses":0,"trades":0,"profit_factor":0.0},{"date":"17/11/2025","date_ts":1763337600000,"profit_abs":-17.21535993,"wins":0,"draws":0,"losses":1,"trades":1,"profit_factor":0.0},{"date":"18/11/2025","date_ts":1763424000000,"profit_abs":0.0,"wins":0,"draws":0,"losses":0,"trades":0,"profit_factor":0.0},{"date":"19/11/2025","date_ts":1763510400000,"profit_abs":0.0,"wins":0,"draws":0,"losses":0,"trades":0,"profit_factor":0.0},{"date":"20/11/2025","date_ts":1763596800000,"profit_abs":0.0,"wins":0,"draws":0,"losses":0,"trades":0,"profit_factor":0.0},{"date":"21/11/2025","date_ts":1763683200000,"profit_abs":0.0,"wins":0,"draws":0,"losses":0,"trades":0,"profit_factor":0.0},{"date":"22/11/2025","date_ts":1763769600000,"profit_abs":0.37827472,"wins":1,"draws":0,"losses":0,"trades":1,"profit_factor":0.0},{"date":"23/11/2025","date_ts":1763856000000,"profit_abs":0.0,"wins":0,"draws":1,"losses":0,"trades":1,"profit_factor":0.0},{"date":"24/11/2025","date_ts":1763942400000,"profit_abs":0.0,"wins":0,"draws":0,"losses":0,"trades":0,"profit_factor":0.0},{"date":"25/11/2025","date_ts":1764028800000,"profit_abs":0.0,"wins":0,"draws":0,"losses":0,"trades":0,"profit_factor":0.0},{"date":"26/11/2025","date_ts":1764115200000,"profit_abs":0.0,"wins":0,"draws":0,"losses":0,"trades":0,"profit_factor":0.0},{"date":"27/11/2025","date_ts":1764201600000,"profit_abs":0.0,"wins":0,"draws":0,"losses":0,"trades":0,"profit_factor":0.0},{"date":"28/11/2025","date_ts":1764288000000,"profit_abs":0.0,"wins":0,"draws":0,"losses":0,"trades":0,"profit_factor":0.0},{"date":"29/11/2025","date_ts":1764374400000,"profit_abs":0.0,"wins":0,"draws":0,"losses":0,"trades":0,"profit_factor":0.0},{"date":"30/11/2025","date_ts":1764460800000,"profit_abs":0.0,"wins":0,"draws":0,"losses":0,"trades":0,"profit_factor":0.0},{"date":"01/12/2025","date_ts":1764547200000,"profit_abs":0.0,"wins":0,"draws":0,"losses":0,"trades":0,"profit_factor":0.0},{"date":"02/12/2025","date_ts":1764633600000,"profit_abs":0.61098302,"wins":1,"draws":0,"losses":0,"trades":1,"profit_factor":0.0},{"date":"03/12/2025","date_ts":1764720000000,"profit_abs":0.0,"wins":0,"draws":0,"losses":0,"trades":0,"profit_factor":0.0},{"date":"04/12/2025","date_ts":1764806400000,"profit_abs":0.0,"wins":0,"draws":0,"losses":0,"trades":0,"profit_factor":0.0},{"date":"05/12/2025","date_ts":1764892800000,"profit_abs":0.0,"wins":0,"draws":0,"losses":0,"trades":0,"profit_factor":0.0},{"date":"06/12/2025","date_ts":1764979200000,"profit_abs":0.0,"wins":0,"draws":0,"losses":0,"trades":0,"profit_factor":0.0},{"date":"07/12/2025","date_ts":1765065600000,"profit_abs":0.0,"wins":0,"draws":0,"losses":0,"trades":0,"profit_factor":0.0},{"date":"08/12/2025","date_ts":1765152000000,"profit_abs":0.0,"wins":0,"draws":0,"losses":0,"trades":0,"profit_factor":0.0},{"date":"09/12/2025","date_ts":1765238400000,"profit_abs":0.0,"wins":0,"draws":0,"losses":0,"trades":0,"profit_factor":0.0},{"date":"10/12/2025","date_ts":1765324800000,"profit_abs":0.0,"wins":0,"draws":0,"losses":0,"trades":0,"profit_factor":0.0},{"date":"11/12/2025","date_ts":1765411200000,"profit_abs":0.0,"wins":0,"draws":0,"losses":0,"trades":0,"profit_factor":0.0},{"date":"12/12/2025","date_ts":1765497600000,"profit_abs":0.0,"wins":0,"draws":0,"losses":0,"trades":0,"profit_factor":0.0},{"date":"13/12/2025","date_ts":1765584000000,"profit_abs":0.0,"wins":0,"draws":0,"losses":0,"trades":0,"profit_factor":0.0},{"date":"14/12/2025","date_ts":1765670400000,"profit_abs":0.0,"wins":0,"draws":0,"losses":0,"trades":0,"profit_factor":0.0},{"date":"15/12/2025","date_ts":1765756800000,"profit_abs":0.0,"wins":0,"draws":0,"losses":0,"trades":0,"profit_factor":0.0},{"date":"16/12/2025","date_ts":1765843200000,"profit_abs":0.0,"wins":0,"draws":0,"losses":0,"trades":0,"profit_factor":0.0},{"date":"17/12/2025","date_ts":1765929600000,"profit_abs":0.0,"wins":0,"draws":0,"losses":0,"trades":0,"profit_factor":0.0},{"date":"18/12/2025","date_ts":1766016000000,"profit_abs":0.0,"wins":0,"draws":0,"losses":0,"trades":0,"profit_factor":0.0},{"date":"19/12/2025","date_ts":1766102400000,"profit_abs":0.0,"wins":0,"draws":0,"losses":0,"trades":0,"profit_factor":0.0},{"date":"20/12/2025","date_ts":1766188800000,"profit_abs":0.0,"wins":0,"draws":0,"losses":0,"trades":0,"profit_factor":0.0},{"date":"21/12/2025","date_ts":1766275200000,"profit_abs":0.0,"wins":0,"draws":0,"losses":0,"trades":0,"profit_factor":0.0},{"date":"22/12/2025","date_ts":1766361600000,"profit_abs":0.0,"wins":0,"draws":0,"losses":0,"trades":0,"profit_factor":0.0},{"date":"23/12/2025","date_ts":1766448000000,"profit_abs":0.0,"wins":0,"draws":0,"losses":0,"trades":0,"profit_factor":0.0},{"date":"24/12/2025","date_ts":1766534400000,"profit_abs":0.0,"wins":0,"draws":1,"losses":0,"trades":1,"profit_factor":0.0},{"date":"25/12/2025","date_ts":1766620800000,"profit_abs":0.0,"wins":0,"draws":0,"losses":0,"trades":0,"profit_factor":0.0},{"date":"26/12/2025","date_ts":1766707200000,"profit_abs":0.0,"wins":0,"draws":0,"losses":0,"trades":0,"profit_factor":0.0},{"date":"27/12/2025","date_ts":1766793600000,"profit_abs":0.0,"wins":0,"draws":0,"losses":0,"trades":0,"profit_factor":0.0},{"date":"28/12/2025","date_ts":1766880000000,"profit_abs":0.0,"wins":0,"draws":0,"losses":0,"trades":0,"profit_factor":0.0},{"date":"29/12/2025","date_ts":1766966400000,"profit_abs":0.0,"wins":0,"draws":0,"losses":0,"trades":0,"profit_factor":0.0},{"date":"30/12/2025","date_ts":1767052800000,"profit_abs":0.0,"wins":0,"draws":0,"losses":0,"trades":0,"profit_factor":0.0},{"date":"31/12/2025","date_ts":1767139200000,"profit_abs":0.0,"wins":0,"draws":0,"losses":0,"trades":0,"profit_factor":0.0},{"date":"01/01/2026","date_ts":1767225600000,"profit_abs":0.0,"wins":0,"draws":1,"losses":0,"trades":1,"profit_factor":0.0}],"week":[{"date":"20/10/2025","date_ts":1760918400000,"profit_abs":5.31278792,"wins":1,"draws":1,"losses":0,"trades":2,"profit_factor":0.0},{"date":"27/10/2025","date_ts":1761523200000,"profit_abs":0.0,"wins":0,"draws":0,"losses":0,"trades":0,"profit_factor":0.0},{"date":"03/11/2025","date_ts":1762128000000,"profit_abs":0.0,"wins":0,"draws":0,"losses":0,"trades":0,"profit_factor":0.0},{"date":"10/11/2025","date_ts":1762732800000,"profit_abs":0.0,"wins":0,"draws":0,"losses":0,"trades":0,"profit_factor":0.0},{"date":"17/11/2025","date_ts":1763337600000,"profit_abs":-17.21535993,"wins":0,"draws":1,"losses":1,"trades":2,"profit_factor":0.0},{"date":"24/11/2025","date_ts":1763942400000,"profit_abs":0.37827472,"wins":1,"draws":1,"losses":0,"trades":2,"profit_factor":0.0},{"date":"01/12/2025","date_ts":1764547200000,"profit_abs":0.0,"wins":0,"draws":0,"losses":0,"trades":0,"profit_factor":0.0},{"date":"08/12/2025","date_ts":1765152000000,"profit_abs":0.61098302,"wins":1,"draws":0,"losses":0,"trades":1,"profit_factor":0.0},{"date":"15/12/2025","date_ts":1765756800000,"profit_abs":0.0,"wins":0,"draws":0,"losses":0,"trades":0,"profit_factor":0.0},{"date":"22/12/2025","date_ts":1766361600000,"profit_abs":0.0,"wins":0,"draws":0,"losses":0,"trades":0,"profit_factor":0.0},{"date":"29/12/2025","date_ts":1766966400000,"profit_abs":0.0,"wins":0,"draws":1,"losses":0,"trades":1,"profit_factor":0.0},{"date":"05/01/2026","date_ts":1767571200000,"profit_abs":0.0,"wins":0,"draws":1,"losses":0,"trades":1,"profit_factor":0.0}],"month":[{"date":"31/10/2025","date_ts":1761868800000,"profit_abs":5.31278792,"wins":1,"draws":1,"losses":0,"trades":2,"profit_factor":0.0},{"date":"30/11/2025","date_ts":1764460800000,"profit_abs":-16.83708521,"wins":1,"draws":2,"losses":1,"trades":4,"profit_factor":0.02197309},{"date":"31/12/2025","date_ts":1767139200000,"profit_abs":0.61098302,"wins":1,"draws":1,"losses":0,"trades":2,"profit_factor":0.0},{"date":"31/01/2026","date_ts":1769817600000,"profit_abs":0.0,"wins":0,"draws":1,"losses":0,"trades":1,"profit_factor":0.0}],"year":[{"date":"31/12/2025","date_ts":1767139200000,"profit_abs":-10.91331427,"wins":3,"draws":4,"losses":1,"trades":8,"profit_factor":0.36607109},{"date":"31/12/2026","date_ts":1798675200000,"profit_abs":0.0,"wins":0,"draws":1,"losses":0,"trades":1,"profit_factor":0.0}],"weekday":[{"date":"Monday","date_ts":0,"profit_abs":-17.21535993,"wins":0,"draws":0,"losses":1,"trades":1,"profit_factor":0.0},{"date":"Tuesday","date_ts":1,"profit_abs":0.61098302,"wins":1,"draws":1,"losses":0,"trades":2,"profit_factor":0.0},{"date":"Wednesday","date_ts":2,"profit_abs":0.0,"wins":0,"draws":1,"losses":0,"trades":1,"profit_factor":0.0},{"date":"Thursday","date_ts":3,"profit_abs":0.0,"wins":0,"draws":2,"losses":0,"trades":2,"profit_factor":0.0},{"date":"Saturday","date_ts":5,"profit_abs":0.37827472,"wins":1,"draws":0,"losses":0,"trades":1,"profit_factor":0.0},{"date":"Sunday","date_ts":6,"profit_abs":5.31278792,"wins":1,"draws":1,"losses":0,"trades":2,"profit_factor":0.0}]},"backtest_best_day":0.016084410690962888,"backtest_worst_day":-0.051864283827810415,"backtest_best_day_abs":5.31278792,"backtest_worst_day_abs":-17.21535993,"winning_days":3,"draw_days":74,"losing_days":1,"daily_profit":[["2025-10-16",0.0],["2025-10-17",0.0],["2025-10-18",0.0],["2025-10-19",5.31278792],["2025-10-20",0.0],["2025-10-21",0.0],["2025-10-22",0.0],["2025-10-23",0.0],["2025-10-24",0.0],["2025-10-25",0.0],["2025-10-26",0.0],["2025-10-27",0.0],["2025-10-28",0.0],["2025-10-29",0.0],["2025-10-30",0.0],["2025-10-31",0.0],["2025-11-01",0.0],["2025-11-02",0.0],["2025-11-03",0.0],["2025-11-04",0.0],["2025-11-05",0.0],["2025-11-06",0.0],["2025-11-07",0.0],["2025-11-08",0.0],["2025-11-09",0.0],["2025-11-10",0.0],["2025-11-11",0.0],["2025-11-12",0.0],["2025-11-13",0.0],["2025-11-14",0.0],["2025-11-15",0.0],["2025-11-16",0.0],["2025-11-17",-17.21535993],["2025-11-18",0.0],["2025-11-19",0.0],["2025-11-20",0.0],["2025-11-21",0.0],["2025-11-22",0.37827472],["2025-11-23",0.0],["2025-11-24",0.0],["2025-11-25",0.0],["2025-11-26",0.0],["2025-11-27",0.0],["2025-11-28",0.0],["2025-11-29",0.0],["2025-11-30",0.0],["2025-12-01",0.0],["2025-12-02",0.61098302],["2025-12-03",0.0],["2025-12-04",0.0],["2025-12-05",0.0],["2025-12-06",0.0],["2025-12-07",0.0],["2025-12-08",0.0],["2025-12-09",0.0],["2025-12-10",0.0],["2025-12-11",0.0],["2025-12-12",0.0],["2025-12-13",0.0],["2025-12-14",0.0],["2025-12-15",0.0],["2025-12-16",0.0],["2025-12-17",0.0],["2025-12-18",0.0],["2025-12-19",0.0],["2025-12-20",0.0],["2025-12-21",0.0],["2025-12-22",0.0],["2025-12-23",0.0],["2025-12-24",0.0],["2025-12-25",0.0],["2025-12-26",0.0],["2025-12-27",0.0],["2025-12-28",0.0],["2025-12-29",0.0],["2025-12-30",0.0],["2025-12-31",0.0],["2026-01-01",0.0]],"wins":3,"losses":1,"draws":5,"winrate":0.3333333333333333,"holding_avg":"3:47:00","holding_avg_s":13620.0,"winner_holding_min":"0d 02:00","winner_holding_min_s":7200.0,"winner_holding_max":"0d 02:00","winner_holding_max_s":7200.0,"winner_holding_avg":"0d 02:00","winner_holding_avg_s":7200.0,"loser_holding_min":"0d 03:00","loser_holding_min_s":10800.0,"loser_holding_max":"0d 03:00","loser_holding_max_s":10800.0,"loser_holding_avg":"0d 03:00","loser_holding_avg_s":10800.0,"max_consecutive_wins":1,"max_consecutive_losses":2,"max_drawdown_account":0.017124381721651715,"max_relative_drawdown":0.017124381721651715,"max_drawdown_abs":17.21535993,"drawdown_start":"2025-10-19 12:00:00","drawdown_start_ts":1760875200000.0,"drawdown_end":"2025-11-17 18:00:00","drawdown_end_ts":1763402400000.0,"drawdown_duration":"29 days 06:00:00","drawdown_duration_s":2527200.0,"max_drawdown_low":-11.902572010000002,"max_drawdown_high":5.31278792,"csum_min":988.09742799,"csum_max":1005.31278792}},"strategy_comparison":[{"key":"ACO_22_23","trades":9,"profit_mean":-0.003638824621841537,"profit_mean_pct":-0.36,"profit_total_abs":-10.913314270000003,"profit_total":-0.010913314270000002,"profit_total_pct":-1.09,"duration_avg":"3:47:00","wins":3,"draws":5,"losses":1,"winrate":0.3333333333333333,"cagr":-0.04045041650314585,"expectancy":-1.2125904744444447,"expectancy_ratio":-0.6259921005581,"sortino":-100,"sharpe":-0.36514108426175834,"calmar":-12.55210199387805,"sqn":-0.5826,"profit_factor":0.36607109497710044,"max_drawdown_account":0.017124381721651715,"max_drawdown_abs":"17.215"}]}