{"strategy":{"ACO_36_13":{"trades":[{"pair":"DOGE/USDT","stake_amount":329.9104,"max_stake_amount":329.9104,"amount":1310.0,"open_date":"2025-10-05 02:00:00+00:00","close_date":"2025-10-05 04:00:00+00:00","open_rate":0.25184,"close_rate":0.25833,"fee_open":0.001,"fee_close":0.001,"trade_duration":120,"profit_ratio":0.02372083919892052,"profit_abs":7.8335773,"exit_reason":"roi","initial_stop_loss_abs":0.23925,"initial_stop_loss_ratio":-0.05,"stop_loss_abs":0.23925,"stop_loss_ratio":-0.05,"min_rate":0.25133,"max_rate":0.26398,"is_open":false,"enter_tag":"","leverage":1.0,"is_short":false,"open_timestamp":1759629600000,"close_timestamp":1759636800000,"orders":[{"amount":1310.0,"safe_price":0.25184,"ft_order_side":"buy","order_filled_timestamp":1759629600000,"ft_is_entry":true,"ft_order_tag":"","cost":330.2403104},{"amount":1310.0,"safe_price":0.25833,"ft_order_side":"sell","order_filled_timestamp":1759636800000,"ft_is_entry":false,"ft_order_tag":"roi","cost":338.7507123}],"funding_fees":0.0,"weekday":6},{"pair":"DOGE/USDT","stake_amount":332.46868,"max_stake_amount":332.46868,"amount":1702.0,"open_date":"2025-10-11 09:00:00+00:00","close_date":"2025-10-11 19:00:00+00:00","open_rate":0.19534,"close_rate":0.18558,"fee_open":0.001,"fee_close":0.001,"trade_duration":600,"profit_ratio":-0.05186233854197406,"profit_abs":-17.25984584,"exit_reason":"stop_loss","initial_stop_loss_abs":0.18558,"initial_stop_loss_ratio":-0.05,"stop_loss_abs":0.18558,"stop_loss_ratio":-0.05,"min_rate":0.18286,"max_rate":0.19776,"is_open":false,"enter_tag":"","leverage":1.0,"is_short":false,"open_timestamp":1760173200000,"close_timestamp":1760209200000,"orders":[{"amount":1702.0,"safe_price":0.19534,"ft_order_side":"buy","order_filled_timestamp":1760173200000,"ft_is_entry":true,"ft_order_tag":"","cost":332.80114868},{"amount":1702.0,"safe_price":0.18558,"ft_order_side":"sell","order_filled_timestamp":1760209200000,"ft_is_entry":false,"ft_order_tag":"stop_loss","cost":316.1730171599999}],"funding_fees":0.0,"weekday":5},{"pair":"DOGE/USDT","stake_amount":326.78828,"max_stake_amount":326.78828,"amount":1547.0,"open_date":"2025-10-13 14:00:00+00:00","close_date":"2025-10-13 16:00:00+00:00","open_rate":0.21124,"close_rate":0.21166290290290288,"fee_open":0.001,"fee_close":0.001,"trade_duration":120,"profit_ratio":0.0,"profit_abs":0.0,"exit_reason":"roi","initial_stop_loss_abs":0.20068,"initial_stop_loss_ratio":-0.05,"stop_loss_abs":0.20068,"stop_loss_ratio":-0.05,"min_rate":0.20517,"max_rate":0.21192,"is_open":false,"enter_tag":"","leverage":1.0,"is_short":false,"open_timestamp":1760364000000,"close_timestamp":1760371200000,"orders":[{"amount":1547.0,"safe_price":0.21124,"ft_order_side":"buy","order_filled_timestamp":1760364000000,"ft_is_entry":true,"ft_order_tag":"","cost":327.11506828},{"amount":1547.0,"safe_price":0.21166290290290288,"ft_order_side":"sell","order_filled_timestamp":1760371200000,"ft_is_entry":false,"ft_order_tag":"roi","cost":327.76995330158155}],"funding_fees":0.0,"weekday":0},{"pair":"DOGE/USDT","stake_amount":326.79578,"max_stake_amount":326.79578,"amount":1682.0,"open_date":"2025-10-19 11:00:00+00:00","close_date":"2025-10-19 13:00:00+00:00","open_rate":0.19429,"close_rate":0.19467896896896894,"fee_open":0.001,"fee_close":0.001,"trade_duration":120,"profit_ratio":0.0,"profit_abs":0.0,"exit_reason":"roi","initial_stop_loss_abs":0.18458,"initial_stop_loss_ratio":-0.05,"stop_loss_abs":0.18458,"stop_loss_ratio":-0.05,"min_rate":0.19259,"max_rate":0.19805,"is_open":false,"enter_tag":"","leverage":1.0,"is_short":false,"open_timestamp":1760871600000,"close_timestamp":1760878800000,"orders":[{"amount":1682.0,"safe_price":0.19429,"ft_order_side":"buy","order_filled_timestamp":1760871600000,"ft_is_entry":true,"ft_order_tag":"","cost":327.1225757799999},{"amount":1682.0,"safe_price":0.19467896896896894,"ft_order_side":"sell","order_filled_timestamp":1760878800000,"ft_is_entry":false,"ft_order_tag":"roi","cost":327.7774758316115}],"funding_fees":0.0,"weekday":6},{"pair":"DOGE/USDT","stake_amount":326.70745,"max_stake_amount":326.70745,"amount":1609.0,"open_date":"2025-10-21 15:00:00+00:00","close_date":"2025-10-22 00:00:00+00:00","open_rate":0.20305,"close_rate":0.1929,"fee_open":0.001,"fee_close":0.001,"trade_duration":540,"profit_ratio":-0.05188581425961382,"profit_abs":-16.96843355,"exit_reason":"stop_loss","initial_stop_loss_abs":0.1929,"initial_stop_loss_ratio":-0.05,"stop_loss_abs":0.1929,"stop_loss_ratio":-0.05,"min_rate":0.19251,"max_rate":0.20563,"is_open":false,"enter_tag":"","leverage":1.0,"is_short":false,"open_timestamp":1761058800000,"close_timestamp":1761091200000,"orders":[{"amount":1609.0,"safe_price":0.20305,"ft_order_side":"buy","order_filled_timestamp":1761058800000,"ft_is_entry":true,"ft_order_tag":"","cost":327.03415744999995},{"amount":1609.0,"safe_price":0.1929,"ft_order_side":"sell","order_filled_timestamp":1761091200000,"ft_is_entry":false,"ft_order_tag":"stop_loss","cost":310.6864761}],"funding_fees":0.0,"weekday":2},{"pair":"DOGE/USDT","stake_amount":321.17664,"max_stake_amount":321.17664,"amount":1752.0,"open_date":"2025-11-10 23:00:00+00:00","close_date":"2025-11-11 01:00:00+00:00","open_rate":0.18332,"close_rate":0.183687007007007,"fee_open":0.001,"fee_close":0.001,"trade_duration":120,"profit_ratio":0.0,"profit_abs":0.0,"exit_reason":"roi","initial_stop_loss_abs":0.17416,"initial_stop_loss_ratio":-0.05,"stop_loss_abs":0.17416,"stop_loss_ratio":-0.05,"min_rate":0.17933,"max_rate":0.1864,"is_open":false,"enter_tag":"","leverage":1.0,"is_short":false,"open_timestamp":1762815600000,"close_timestamp":1762822800000,"orders":[{"amount":1752.0,"safe_price":0.18332,"ft_order_side":"buy","order_filled_timestamp":1762815600000,"ft_is_entry":true,"ft_order_tag":"","cost":321.49781664},{"amount":1752.0,"safe_price":0.183687007007007,"ft_order_side":"sell","order_filled_timestamp":1762822800000,"ft_is_entry":false,"ft_order_tag":"roi","cost":322.1414559125525}],"funding_fees":0.0,"weekday":1},{"pair":"DOGE/USDT","stake_amount":321.2145,"max_stake_amount":321.2145,"amount":1845.0,"open_date":"2025-11-12 09:00:00+00:00","close_date":"2025-11-12 11:00:00+00:00","open_rate":0.1741,"close_rate":0.1764,"fee_open":0.001,"fee_close":0.001,"trade_duration":120,"profit_ratio":0.011186401192145017,"profit_abs":3.5968275,"exit_reason":"roi","initial_stop_loss_abs":0.1654,"initial_stop_loss_ratio":-0.05,"stop_loss_abs":0.1654,"stop_loss_ratio":-0.05,"min_rate":0.17404,"max_rate":0.17713,"is_open":false,"enter_tag":"","leverage":1.0,"is_short":false,"open_timestamp":1762938000000,"close_timestamp":1762945200000,"orders":[{"amount":1845.0,"safe_price":0.1741,"ft_order_side":"buy","order_filled_timestamp":1762938000000,"ft_is_entry":true,"ft_order_tag":"","cost":321.5357144999999},{"amount":1845.0,"safe_price":0.1764,"ft_order_side":"sell","order_filled_timestamp":1762945200000,"ft_is_entry":false,"ft_order_tag":"roi","cost":325.783458}],"funding_fees":0.0,"weekday":2},{"pair":"DOGE/USDT","stake_amount":322.34046,"max_stake_amount":322.34046,"amount":2158.0,"open_date":"2025-11-30 04:00:00+00:00","close_date":"2025-11-30 08:00:00+00:00","open_rate":0.14937,"close_rate":0.14966903903903903,"fee_open":0.001,"fee_close":0.001,"trade_duration":240,"profit_ratio":0.0,"profit_abs":0.0,"exit_reason":"roi","initial_stop_loss_abs":0.14191,"initial_stop_loss_ratio":-0.05,"stop_loss_abs":0.14191,"stop_loss_ratio":-0.05,"min_rate":0.14839,"max_rate":0.14988,"is_open":false,"enter_tag":"","leverage":1.0,"is_short":false,"open_timestamp":1764475200000,"close_timestamp":1764489600000,"orders":[{"amount":2158.0,"safe_price":0.14937,"ft_order_side":"buy","order_filled_timestamp":1764475200000,"ft_is_entry":true,"ft_order_tag":"","cost":322.66280045999997},{"amount":2158.0,"safe_price":0.14966903903903903,"ft_order_side":"sell","order_filled_timestamp":1764489600000,"ft_is_entry":false,"ft_order_tag":"roi","cost":323.3087720324924}],"funding_fees":0.0,"weekday":6},{"pair":"DOGE/USDT","stake_amount":322.46268,"max_stake_amount":322.46268,"amount":2428.0,"open_date":"2025-12-21 09:00:00+00:00","close_date":"2025-12-22 00:00:00+00:00","open_rate":0.13281,"close_rate":0.13307588588588587,"fee_open":0.001,"fee_close":0.001,"trade_duration":900,"profit_ratio":0.0,"profit_abs":0.0,"exit_reason":"roi","initial_stop_loss_abs":0.12617,"initial_stop_loss_ratio":-0.05,"stop_loss_abs":0.12617,"stop_loss_ratio":-0.05,"min_rate":0.12871,"max_rate":0.13424,"is_open":false,"enter_tag":"","leverage":1.0,"is_short":false,"open_timestamp":1766307600000,"close_timestamp":1766361600000,"orders":[{"amount":2428.0,"safe_price":0.13281,"ft_order_side":"buy","order_filled_timestamp":1766307600000,"ft_is_entry":true,"ft_order_tag":"","cost":322.78514268},{"amount":2428.0,"safe_price":0.13307588588588587,"ft_order_side":"sell","order_filled_timestamp":1766361600000,"ft_is_entry":false,"ft_order_tag":"roi","cost":323.43135918186175}],"funding_fees":0.0,"weekday":0},{"pair":"DOGE/USDT","stake_amount":322.44032,"max_stake_amount":322.44032,"amount":2512.0,"open_date":"2025-12-24 16:00:00+00:00","close_date":"2025-12-24 20:00:00+00:00","open_rate":0.12836,"close_rate":0.12861697697697697,"fee_open":0.001,"fee_close":0.001,"trade_duration":240,"profit_ratio":0.0,"profit_abs":0.0,"exit_reason":"roi","initial_stop_loss_abs":0.12195,"initial_stop_loss_ratio":-0.05,"stop_loss_abs":0.12195,"stop_loss_ratio":-0.05,"min_rate":0.12762,"max_rate":0.12946,"is_open":false,"enter_tag":"","leverage":1.0,"is_short":false,"open_timestamp":1766592000000,"close_timestamp":1766606400000,"orders":[{"amount":2512.0,"safe_price":0.12836,"ft_order_side":"buy","order_filled_timestamp":1766592000000,"ft_is_entry":true,"ft_order_tag":"","cost":322.7627603199999},{"amount":2512.0,"safe_price":0.12861697697697697,"ft_order_side":"sell","order_filled_timestamp":1766606400000,"ft_is_entry":false,"ft_order_tag":"roi","cost":323.4089320123323}],"funding_fees":0.0,"weekday":2},{"pair":"DOGE/USDT","stake_amount":322.4291,"max_stake_amount":322.4291,"amount":2590.0,"open_date":"2025-12-28 15:00:00+00:00","close_date":"2025-12-29 00:00:00+00:00","open_rate":0.12449,"close_rate":0.12473922922922923,"fee_open":0.001,"fee_close":0.001,"trade_duration":540,"profit_ratio":0.0,"profit_abs":0.0,"exit_reason":"roi","initial_stop_loss_abs":0.11827,"initial_stop_loss_ratio":-0.05,"stop_loss_abs":0.11827,"stop_loss_ratio":-0.05,"min_rate":0.12277,"max_rate":0.1257,"is_open":false,"enter_tag":"","leverage":1.0,"is_short":false,"open_timestamp":1766934000000,"close_timestamp":1766966400000,"orders":[{"amount":2590.0,"safe_price":0.12449,"ft_order_side":"buy","order_filled_timestamp":1766934000000,"ft_is_entry":true,"ft_order_tag":"","cost":322.75152909999997},{"amount":2590.0,"safe_price":0.12473922922922923,"ft_order_side":"sell","order_filled_timestamp":1766966400000,"ft_is_entry":false,"ft_order_tag":"roi","cost":323.3976783074074}],"funding_fees":0.0,"weekday":0}],"locks":[],"best_pair":{"key":"DOGE/USDT","trades":11,"profit_mean":-0.0062582647645929405,"profit_mean_pct":-0.63,"profit_total_abs":-22.79787459,"profit_total":-0.02279787459,"profit_total_pct":-2.28,"duration_avg":"5:33:00","wins":2,"draws":7,"losses":2,"winrate":0.18181818181818182,"cagr":-0.08312011749624049,"expectancy":-2.072534053636364,"expectancy_ratio":-0.7574643221458067,"sortino":-30.81705902597884,"sharpe":-0.6015568872644809,"calmar":-13.22125901014869,"sqn":-0.878,"profit_factor":0.33394622819806313,"max_drawdown_account":0.03396223360775302,"max_drawdown_abs":34.228279390000004},"worst_pair":{"key":"DOGE/USDT","trades":11,"profit_mean":-0.0062582647645929405,"profit_mean_pct":-0.63,"profit_total_abs":-22.79787459,"profit_total":-0.02279787459,"profit_total_pct":-2.28,"duration_avg":"5:33:00","wins":2,"draws":7,"losses":2,"winrate":0.18181818181818182,"cagr":-0.08312011749624049,"expectancy":-2.072534053636364,"expectancy_ratio":-0.7574643221458067,"sortino":-30.81705902597884,"sharpe":-0.6015568872644809,"calmar":-13.22125901014869,"sqn":-0.878,"profit_factor":0.33394622819806313,"max_drawdown_account":0.03396223360775302,"max_drawdown_abs":34.228279390000004},"results_per_pair":[{"key":"DOGE/USDT","trades":11,"profit_mean":-0.0062582647645929405,"profit_mean_pct":-0.63,"profit_total_abs":-22.79787459,"profit_total":-0.02279787459,"profit_total_pct":-2.28,"duration_avg":"5:33:00","wins":2,"draws":7,"losses":2,"winrate":0.18181818181818182,"cagr":-0.08312011749624049,"expectancy":-2.072534053636364,"expectancy_ratio":-0.7574643221458067,"sortino":-30.81705902597884,"sharpe":-0.6015568872644809,"calmar":-13.22125901014869,"sqn":-0.878,"profit_factor":0.33394622819806313,"max_drawdown_account":0.03396223360775302,"max_drawdown_abs":34.228279390000004},{"key":"TOTAL","trades":11,"profit_mean":-0.0062582647645929405,"profit_mean_pct":-0.63,"profit_total_abs":-22.79787459,"profit_total":-0.02279787459,"profit_total_pct":-2.28,"duration_avg":"5:33:00","wins":2,"draws":7,"losses":2,"winrate":0.18181818181818182,"cagr":-0.08312011749624049,"expectancy":-2.072534053636364,"expectancy_ratio":-0.7574643221458067,"sortino":-30.81705902597884,"sharpe":-0.6015568872644809,"calmar":-13.22125901014869,"sqn":-0.878,"profit_factor":0.33394622819806313,"max_drawdown_account":0.03396223360775302,"max_drawdown_abs":34.228279390000004}],"results_per_enter_tag":[{"key":"","trades":11,"profit_mean":-0.0062582647645929405,"profit_mean_pct":-0.63,"profit_total_abs":-22.79787459,"profit_total":-0.02279787459,"profit_total_pct":-2.28,"duration_avg":"5:33:00","wins":2,"draws":7,"losses":2,"winrate":0.18181818181818182,"cagr":-0.08312011749624049,"expectancy":-2.072534053636364,"expectancy_ratio":-0.7574643221458067,"sortino":-30.81705902597884,"sharpe":-0.6015568872644809,"calmar":-13.22125901014869,"sqn":-0.878,"profit_factor":0.33394622819806313,"max_drawdown_account":0.03396223360775302,"max_drawdown_abs":34.228279390000004},{"key":"TOTAL","trades":11,"profit_mean":-0.0062582647645929405,"profit_mean_pct":-0.63,"profit_total_abs":-22.79787459,"profit_total":-0.02279787459,"profit_total_pct":-2.28,"duration_avg":"5:33:00","wins":2,"draws":7,"losses":2,"winrate":0.18181818181818182,"cagr":-0.08312011749624049,"expectancy":-2.072534053636364,"expectancy_ratio":-0.7574643221458067,"sortino":-30.81705902597884,"sharpe":-0.6015568872644809,"calmar":-13.22125901014869,"sqn":-0.878,"profit_factor":0.33394622819806313,"max_drawdown_account":0.03396223360775302,"max_drawdown_abs":34.228279390000004}],"exit_reason_summary":[{"key":"roi","trades":9,"profit_mean":0.0038785822656739483,"profit_mean_pct":0.39,"profit_total_abs":11.4304048,"profit_total":0.0114304048,"profit_total_pct":1.14,"duration_avg":"4:40:00","wins":2,"draws":7,"losses":0,"winrate":0.2222222222222222,"cagr":0.04369505714662436,"expectancy":1.2700449777777776,"expectancy_ratio":100.0,"sortino":-100,"sharpe":0.8734972544378616,"calmar":-100,"sqn":1.3938,"profit_factor":0.0,"max_drawdown_account":0.0,"max_drawdown_abs":0.0},{"key":"stop_loss","trades":2,"profit_mean":-0.05187407640079394,"profit_mean_pct":-5.19,"profit_total_abs":-34.22827939,"profit_total":-0.03422827939,"profit_total_pct":-3.42,"duration_avg":"9:30:00","wins":0,"draws":0,"losses":2,"winrate":0.0,"cagr":-0.12282872749066043,"expectancy":-17.114139695,"expectancy_ratio":-1.0,"sortino":-46.2681247830886,"sharpe":-46.2681247830886,"calmar":-19.695848633549268,"sqn":-117.4565,"profit_factor":0.0,"max_drawdown_account":0.03422827939000001,"max_drawdown_abs":34.22827939},{"key":"TOTAL","trades":11,"profit_mean":-0.0062582647645929405,"profit_mean_pct":-0.63,"profit_total_abs":-22.79787459,"profit_total":-0.02279787459,"profit_total_pct":-2.28,"duration_avg":"5:33:00","wins":2,"draws":7,"losses":2,"winrate":0.18181818181818182,"cagr":-0.08312011749624049,"expectancy":-2.072534053636364,"expectancy_ratio":-0.7574643221458067,"sortino":-30.81705902597884,"sharpe":-0.6015568872644809,"calmar":-13.22125901014869,"sqn":-0.878,"profit_factor":0.33394622819806313,"max_drawdown_account":0.03396223360775302,"max_drawdown_abs":34.228279390000004}],"mix_tag_stats":[{"key":["","roi"],"trades":9,"profit_mean":0.0038785822656739483,"profit_mean_pct":0.39,"profit_total_abs":11.4304048,"profit_total":0.0114304048,"profit_total_pct":1.14,"duration_avg":"4:40:00","wins":2,"draws":7,"losses":0,"winrate":0.2222222222222222,"cagr":0.04369505714662436,"expectancy":1.2700449777777776,"expectancy_ratio":100.0,"sortino":-100,"sharpe":0.8734972544378616,"calmar":-100,"sqn":1.3938,"profit_factor":0.0,"max_drawdown_account":0.0,"max_drawdown_abs":0.0},{"key":["","stop_loss"],"trades":2,"profit_mean":-0.05187407640079394,"profit_mean_pct":-5.19,"profit_total_abs":-34.22827939,"profit_total":-0.03422827939,"profit_total_pct":-3.42,"duration_avg":"9:30:00","wins":0,"draws":0,"losses":2,"winrate":0.0,"cagr":-0.12282872749066043,"expectancy":-17.114139695,"expectancy_ratio":-1.0,"sortino":-46.2681247830886,"sharpe":-46.2681247830886,"calmar":-19.695848633549268,"sqn":-117.4565,"profit_factor":0.0,"max_drawdown_account":0.03422827939000001,"max_drawdown_abs":34.22827939},{"key":"TOTAL","trades":11,"profit_mean":-0.0062582647645929405,"profit_mean_pct":-0.63,"profit_total_abs":-22.79787459,"profit_total":-0.02279787459,"profit_total_pct":-2.28,"duration_avg":"5:33:00","wins":2,"draws":7,"losses":2,"winrate":0.18181818181818182,"cagr":-0.08312011749624049,"expectancy":-2.072534053636364,"expectancy_ratio":-0.7574643221458067,"sortino":-30.81705902597884,"sharpe":-0.6015568872644809,"calmar":-13.22125901014869,"sqn":-0.878,"profit_factor":0.33394622819806313,"max_drawdown_account":0.03396223360775302,"max_drawdown_abs":34.228279390000004}],"left_open_trades":[{"key":"TOTAL","trades":0,"profit_mean":0.0,"profit_mean_pct":0.0,"profit_total_abs":0.0,"profit_total":0.0,"profit_total_pct":0.0,"duration_avg":"0:00","wins":0,"draws":0,"losses":0,"winrate":0.0,"cagr":0.0,"expectancy":0.0,"expectancy_ratio":100.0,"sortino":0,"sharpe":0,"calmar":0,"sqn":0.0,"profit_factor":0.0,"max_drawdown_account":0.0,"max_drawdown_abs":0.0}],"total_trades":11,"trade_count_long":11,"trade_count_short":0,"total_volume":7140.938314429839,"avg_stake_amount":324.97584454545455,"profit_mean":-0.0062582647645929405,"profit_median":0.0,"profit_total":-0.02279787459,"profit_total_long":-0.02279787459,"profit_total_short":0.0,"profit_total_abs":-22.79787459,"profit_total_long_abs":-22.79787459,"profit_total_short_abs":0.0,"cagr":-0.08312011749624049,"expectancy":-2.072534053636364,"expectancy_ratio":-0.7574643221458067,"sortino":-30.81705902597884,"sharpe":-0.6015568872644809,"calmar":-13.22125901014869,"sqn":-0.878,"profit_factor":0.33394622819806313,"backtest_start":"2025-10-01 00:00:00","backtest_start_ts":1759276800000,"backtest_end":"2026-01-06 20:00:00","backtest_end_ts":1767729600000,"backtest_days":97,"backtest_run_start_ts":1767739124,"backtest_run_end_ts":1767739124,"trades_per_day":0.11,"market_change":-0.36632086436227446,"pairlist":["DOGE/USDT"],"stake_amount":"unlimited","stake_currency":"USDT","stake_currency_decimals":3,"starting_balance":1000,"dry_run_wallet":1000,"final_balance":977.20212541,"rejected_signals":0,"timedout_entry_orders":0,"timedout_exit_orders":0,"canceled_trade_entries":0,"canceled_entry_orders":0,"replaced_entry_orders":0,"max_open_trades":1,"max_open_trades_setting":3,"timeframe":"1h","timeframe_detail":"","timerange":"20251001-","enable_protections":false,"strategy_name":"ACO_36_13","freqaimodel":null,"freqai_identifier":null,"stoploss":-0.05,"trailing_stop":false,"trailing_stop_positive":null,"trailing_stop_positive_offset":0.0,"trailing_only_offset_is_reached":false,"use_custom_stoploss":false,"minimal_roi":{"0":0.1,"60":0.05,"120":0.0},"use_exit_signal":true,"exit_profit_only":false,"exit_profit_offset":0.0,"ignore_roi_if_entry_signal":false,"trading_mode":"spot","margin_mode":"","periodic_breakdown":{"day":[{"date":"05/10/2025","date_ts":1759622400000,"profit_abs":7.8335773,"wins":1,"draws":0,"losses":0,"trades":1,"profit_factor":0.0},{"date":"06/10/2025","date_ts":1759708800000,"profit_abs":0.0,"wins":0,"draws":0,"losses":0,"trades":0,"profit_factor":0.0},{"date":"07/10/2025","date_ts":1759795200000,"profit_abs":0.0,"wins":0,"draws":0,"losses":0,"trades":0,"profit_factor":0.0},{"date":"08/10/2025","date_ts":1759881600000,"profit_abs":0.0,"wins":0,"draws":0,"losses":0,"trades":0,"profit_factor":0.0},{"date":"09/10/2025","date_ts":1759968000000,"profit_abs":0.0,"wins":0,"draws":0,"losses":0,"trades":0,"profit_factor":0.0},{"date":"10/10/2025","date_ts":1760054400000,"profit_abs":0.0,"wins":0,"draws":0,"losses":0,"trades":0,"profit_factor":0.0},{"date":"11/10/2025","date_ts":1760140800000,"profit_abs":-17.25984584,"wins":0,"draws":0,"losses":1,"trades":1,"profit_factor":0.0},{"date":"12/10/2025","date_ts":1760227200000,"profit_abs":0.0,"wins":0,"draws":0,"losses":0,"trades":0,"profit_factor":0.0},{"date":"13/10/2025","date_ts":1760313600000,"profit_abs":0.0,"wins":0,"draws":1,"losses":0,"trades":1,"profit_factor":0.0},{"date":"14/10/2025","date_ts":1760400000000,"profit_abs":0.0,"wins":0,"draws":0,"losses":0,"trades":0,"profit_factor":0.0},{"date":"15/10/2025","date_ts":1760486400000,"profit_abs":0.0,"wins":0,"draws":0,"losses":0,"trades":0,"profit_factor":0.0},{"date":"16/10/2025","date_ts":1760572800000,"profit_abs":0.0,"wins":0,"draws":0,"losses":0,"trades":0,"profit_factor":0.0},{"date":"17/10/2025","date_ts":1760659200000,"profit_abs":0.0,"wins":0,"draws":0,"losses":0,"trades":0,"profit_factor":0.0},{"date":"18/10/2025","date_ts":1760745600000,"profit_abs":0.0,"wins":0,"draws":0,"losses":0,"trades":0,"profit_factor":0.0},{"date":"19/10/2025","date_ts":1760832000000,"profit_abs":0.0,"wins":0,"draws":1,"losses":0,"trades":1,"profit_factor":0.0},{"date":"20/10/2025","date_ts":1760918400000,"profit_abs":0.0,"wins":0,"draws":0,"losses":0,"trades":0,"profit_factor":0.0},{"date":"21/10/2025","date_ts":1761004800000,"profit_abs":0.0,"wins":0,"draws":0,"losses":0,"trades":0,"profit_factor":0.0},{"date":"22/10/2025","date_ts":1761091200000,"profit_abs":-16.96843355,"wins":0,"draws":0,"losses":1,"trades":1,"profit_factor":0.0},{"date":"23/10/2025","date_ts":1761177600000,"profit_abs":0.0,"wins":0,"draws":0,"losses":0,"trades":0,"profit_factor":0.0},{"date":"24/10/2025","date_ts":1761264000000,"profit_abs":0.0,"wins":0,"draws":0,"losses":0,"trades":0,"profit_factor":0.0},{"date":"25/10/2025","date_ts":1761350400000,"profit_abs":0.0,"wins":0,"draws":0,"losses":0,"trades":0,"profit_factor":0.0},{"date":"26/10/2025","date_ts":1761436800000,"profit_abs":0.0,"wins":0,"draws":0,"losses":0,"trades":0,"profit_factor":0.0},{"date":"27/10/2025","date_ts":1761523200000,"profit_abs":0.0,"wins":0,"draws":0,"losses":0,"trades":0,"profit_factor":0.0},{"date":"28/10/2025","date_ts":1761609600000,"profit_abs":0.0,"wins":0,"draws":0,"losses":0,"trades":0,"profit_factor":0.0},{"date":"29/10/2025","date_ts":1761696000000,"profit_abs":0.0,"wins":0,"draws":0,"losses":0,"trades":0,"profit_factor":0.0},{"date":"30/10/2025","date_ts":1761782400000,"profit_abs":0.0,"wins":0,"draws":0,"losses":0,"trades":0,"profit_factor":0.0},{"date":"31/10/2025","date_ts":1761868800000,"profit_abs":0.0,"wins":0,"draws":0,"losses":0,"trades":0,"profit_factor":0.0},{"date":"01/11/2025","date_ts":1761955200000,"profit_abs":0.0,"wins":0,"draws":0,"losses":0,"trades":0,"profit_factor":0.0},{"date":"02/11/2025","date_ts":1762041600000,"profit_abs":0.0,"wins":0,"draws":0,"losses":0,"trades":0,"profit_factor":0.0},{"date":"03/11/2025","date_ts":1762128000000,"profit_abs":0.0,"wins":0,"draws":0,"losses":0,"trades":0,"profit_factor":0.0},{"date":"04/11/2025","date_ts":1762214400000,"profit_abs":0.0,"wins":0,"draws":0,"losses":0,"trades":0,"profit_factor":0.0},{"date":"05/11/2025","date_ts":1762300800000,"profit_abs":0.0,"wins":0,"draws":0,"losses":0,"trades":0,"profit_factor":0.0},{"date":"06/11/2025","date_ts":1762387200000,"profit_abs":0.0,"wins":0,"draws":0,"losses":0,"trades":0,"profit_factor":0.0},{"date":"07/11/2025","date_ts":1762473600000,"profit_abs":0.0,"wins":0,"draws":0,"losses":0,"trades":0,"profit_factor":0.0},{"date":"08/11/2025","date_ts":1762560000000,"profit_abs":0.0,"wins":0,"draws":0,"losses":0,"trades":0,"profit_factor":0.0},{"date":"09/11/2025","date_ts":1762646400000,"profit_abs":0.0,"wins":0,"draws":0,"losses":0,"trades":0,"profit_factor":0.0},{"date":"10/11/2025","date_ts":1762732800000,"profit_abs":0.0,"wins":0,"draws":0,"losses":0,"trades":0,"profit_factor":0.0},{"date":"11/11/2025","date_ts":1762819200000,"profit_abs":0.0,"wins":0,"draws":1,"losses":0,"trades":1,"profit_factor":0.0},{"date":"12/11/2025","date_ts":1762905600000,"profit_abs":3.5968275,"wins":1,"draws":0,"losses":0,"trades":1,"profit_factor":0.0},{"date":"13/11/2025","date_ts":1762992000000,"profit_abs":0.0,"wins":0,"draws":0,"losses":0,"trades":0,"profit_factor":0.0},{"date":"14/11/2025","date_ts":1763078400000,"profit_abs":0.0,"wins":0,"draws":0,"losses":0,"trades":0,"profit_factor":0.0},{"date":"15/11/2025","date_ts":1763164800000,"profit_abs":0.0,"wins":0,"draws":0,"losses":0,"trades":0,"profit_factor":0.0},{"date":"16/11/2025","date_ts":1763251200000,"profit_abs":0.0,"wins":0,"draws":0,"losses":0,"trades":0,"profit_factor":0.0},{"date":"17/11/2025","date_ts":1763337600000,"profit_abs":0.0,"wins":0,"draws":0,"losses":0,"trades":0,"profit_factor":0.0},{"date":"18/11/2025","date_ts":1763424000000,"profit_abs":0.0,"wins":0,"draws":0,"losses":0,"trades":0,"profit_factor":0.0},{"date":"19/11/2025","date_ts":1763510400000,"profit_abs":0.0,"wins":0,"draws":0,"losses":0,"trades":0,"profit_factor":0.0},{"date":"20/11/2025","date_ts":1763596800000,"profit_abs":0.0,"wins":0,"draws":0,"losses":0,"trades":0,"profit_factor":0.0},{"date":"21/11/2025","date_ts":1763683200000,"profit_abs":0.0,"wins":0,"draws":0,"losses":0,"trades":0,"profit_factor":0.0},{"date":"22/11/2025","date_ts":1763769600000,"profit_abs":0.0,"wins":0,"draws":0,"losses":0,"trades":0,"profit_factor":0.0},{"date":"23/11/2025","date_ts":1763856000000,"profit_abs":0.0,"wins":0,"draws":0,"losses":0,"trades":0,"profit_factor":0.0},{"date":"24/11/2025","date_ts":1763942400000,"profit_abs":0.0,"wins":0,"draws":0,"losses":0,"trades":0,"profit_factor":0.0},{"date":"25/11/2025","date_ts":1764028800000,"profit_abs":0.0,"wins":0,"draws":0,"losses":0,"trades":0,"profit_factor":0.0},{"date":"26/11/2025","date_ts":1764115200000,"profit_abs":0.0,"wins":0,"draws":0,"losses":0,"trades":0,"profit_factor":0.0},{"date":"27/11/2025","date_ts":1764201600000,"profit_abs":0.0,"wins":0,"draws":0,"losses":0,"trades":0,"profit_factor":0.0},{"date":"28/11/2025","date_ts":1764288000000,"profit_abs":0.0,"wins":0,"draws":0,"losses":0,"trades":0,"profit_factor":0.0},{"date":"29/11/2025","date_ts":1764374400000,"profit_abs":0.0,"wins":0,"draws":0,"losses":0,"trades":0,"profit_factor":0.0},{"date":"30/11/2025","date_ts":1764460800000,"profit_abs":0.0,"wins":0,"draws":1,"losses":0,"trades":1,"profit_factor":0.0},{"date":"01/12/2025","date_ts":1764547200000,"profit_abs":0.0,"wins":0,"draws":0,"losses":0,"trades":0,"profit_factor":0.0},{"date":"02/12/2025","date_ts":1764633600000,"profit_abs":0.0,"wins":0,"draws":0,"losses":0,"trades":0,"profit_factor":0.0},{"date":"03/12/2025","date_ts":1764720000000,"profit_abs":0.0,"wins":0,"draws":0,"losses":0,"trades":0,"profit_factor":0.0},{"date":"04/12/2025","date_ts":1764806400000,"profit_abs":0.0,"wins":0,"draws":0,"losses":0,"trades":0,"profit_factor":0.0},{"date":"05/12/2025","date_ts":1764892800000,"profit_abs":0.0,"wins":0,"draws":0,"losses":0,"trades":0,"profit_factor":0.0},{"date":"06/12/2025","date_ts":1764979200000,"profit_abs":0.0,"wins":0,"draws":0,"losses":0,"trades":0,"profit_factor":0.0},{"date":"07/12/2025","date_ts":1765065600000,"profit_abs":0.0,"wins":0,"draws":0,"losses":0,"trades":0,"profit_factor":0.0},{"date":"08/12/2025","date_ts":1765152000000,"profit_abs":0.0,"wins":0,"draws":0,"losses":0,"trades":0,"profit_factor":0.0},{"date":"09/12/2025","date_ts":1765238400000,"profit_abs":0.0,"wins":0,"draws":0,"losses":0,"trades":0,"profit_factor":0.0},{"date":"10/12/2025","date_ts":1765324800000,"profit_abs":0.0,"wins":0,"draws":0,"losses":0,"trades":0,"profit_factor":0.0},{"date":"11/12/2025","date_ts":1765411200000,"profit_abs":0.0,"wins":0,"draws":0,"losses":0,"trades":0,"profit_factor":0.0},{"date":"12/12/2025","date_ts":1765497600000,"profit_abs":0.0,"wins":0,"draws":0,"losses":0,"trades":0,"profit_factor":0.0},{"date":"13/12/2025","date_ts":1765584000000,"profit_abs":0.0,"wins":0,"draws":0,"losses":0,"trades":0,"profit_factor":0.0},{"date":"14/12/2025","date_ts":1765670400000,"profit_abs":0.0,"wins":0,"draws":0,"losses":0,"trades":0,"profit_factor":0.0},{"date":"15/12/2025","date_ts":1765756800000,"profit_abs":0.0,"wins":0,"draws":0,"losses":0,"trades":0,"profit_factor":0.0},{"date":"16/12/2025","date_ts":1765843200000,"profit_abs":0.0,"wins":0,"draws":0,"losses":0,"trades":0,"profit_factor":0.0},{"date":"17/12/2025","date_ts":1765929600000,"profit_abs":0.0,"wins":0,"draws":0,"losses":0,"trades":0,"profit_factor":0.0},{"date":"18/12/2025","date_ts":1766016000000,"profit_abs":0.0,"wins":0,"draws":0,"losses":0,"trades":0,"profit_factor":0.0},{"date":"19/12/2025","date_ts":1766102400000,"profit_abs":0.0,"wins":0,"draws":0,"losses":0,"trades":0,"profit_factor":0.0},{"date":"20/12/2025","date_ts":1766188800000,"profit_abs":0.0,"wins":0,"draws":0,"losses":0,"trades":0,"profit_factor":0.0},{"date":"21/12/2025","date_ts":1766275200000,"profit_abs":0.0,"wins":0,"draws":0,"losses":0,"trades":0,"profit_factor":0.0},{"date":"22/12/2025","date_ts":1766361600000,"profit_abs":0.0,"wins":0,"draws":1,"losses":0,"trades":1,"profit_factor":0.0},{"date":"23/12/2025","date_ts":1766448000000,"profit_abs":0.0,"wins":0,"draws":0,"losses":0,"trades":0,"profit_factor":0.0},{"date":"24/12/2025","date_ts":1766534400000,"profit_abs":0.0,"wins":0,"draws":1,"losses":0,"trades":1,"profit_factor":0.0},{"date":"25/12/2025","date_ts":1766620800000,"profit_abs":0.0,"wins":0,"draws":0,"losses":0,"trades":0,"profit_factor":0.0},{"date":"26/12/2025","date_ts":1766707200000,"profit_abs":0.0,"wins":0,"draws":0,"losses":0,"trades":0,"profit_factor":0.0},{"date":"27/12/2025","date_ts":1766793600000,"profit_abs":0.0,"wins":0,"draws":0,"losses":0,"trades":0,"profit_factor":0.0},{"date":"28/12/2025","date_ts":1766880000000,"profit_abs":0.0,"wins":0,"draws":0,"losses":0,"trades":0,"profit_factor":0.0},{"date":"29/12/2025","date_ts":1766966400000,"profit_abs":0.0,"wins":0,"draws":1,"losses":0,"trades":1,"profit_factor":0.0}],"week":[{"date":"06/10/2025","date_ts":1759708800000,"profit_abs":7.8335773,"wins":1,"draws":0,"losses":0,"trades":1,"profit_factor":0.0},{"date":"13/10/2025","date_ts":1760313600000,"profit_abs":-17.25984584,"wins":0,"draws":1,"losses":1,"trades":2,"profit_factor":0.0},{"date":"20/10/2025","date_ts":1760918400000,"profit_abs":0.0,"wins":0,"draws":1,"losses":0,"trades":1,"profit_factor":0.0},{"date":"27/10/2025","date_ts":1761523200000,"profit_abs":-16.96843355,"wins":0,"draws":0,"losses":1,"trades":1,"profit_factor":0.0},{"date":"03/11/2025","date_ts":1762128000000,"profit_abs":0.0,"wins":0,"draws":0,"losses":0,"trades":0,"profit_factor":0.0},{"date":"10/11/2025","date_ts":1762732800000,"profit_abs":0.0,"wins":0,"draws":0,"losses":0,"trades":0,"profit_factor":0.0},{"date":"17/11/2025","date_ts":1763337600000,"profit_abs":3.5968275,"wins":1,"draws":1,"losses":0,"trades":2,"profit_factor":0.0},{"date":"24/11/2025","date_ts":1763942400000,"profit_abs":0.0,"wins":0,"draws":0,"losses":0,"trades":0,"profit_factor":0.0},{"date":"01/12/2025","date_ts":1764547200000,"profit_abs":0.0,"wins":0,"draws":1,"losses":0,"trades":1,"profit_factor":0.0},{"date":"08/12/2025","date_ts":1765152000000,"profit_abs":0.0,"wins":0,"draws":0,"losses":0,"trades":0,"profit_factor":0.0},{"date":"15/12/2025","date_ts":1765756800000,"profit_abs":0.0,"wins":0,"draws":0,"losses":0,"trades":0,"profit_factor":0.0},{"date":"22/12/2025","date_ts":1766361600000,"profit_abs":0.0,"wins":0,"draws":1,"losses":0,"trades":1,"profit_factor":0.0},{"date":"29/12/2025","date_ts":1766966400000,"profit_abs":0.0,"wins":0,"draws":2,"losses":0,"trades":2,"profit_factor":0.0}],"month":[{"date":"31/10/2025","date_ts":1761868800000,"profit_abs":-26.39470209,"wins":1,"draws":2,"losses":2,"trades":5,"profit_factor":0.22886273},{"date":"30/11/2025","date_ts":1764460800000,"profit_abs":3.5968275,"wins":1,"draws":2,"losses":0,"trades":3,"profit_factor":0.0},{"date":"31/12/2025","date_ts":1767139200000,"profit_abs":0.0,"wins":0,"draws":3,"losses":0,"trades":3,"profit_factor":0.0}],"year":[{"date":"31/12/2025","date_ts":1767139200000,"profit_abs":-22.79787459,"wins":2,"draws":7,"losses":2,"trades":11,"profit_factor":0.33394623}],"weekday":[{"date":"Monday","date_ts":0,"profit_abs":0.0,"wins":0,"draws":3,"losses":0,"trades":3,"profit_factor":0.0},{"date":"Tuesday","date_ts":1,"profit_abs":0.0,"wins":0,"draws":1,"losses":0,"trades":1,"profit_factor":0.0},{"date":"Wednesday","date_ts":2,"profit_abs":-13.37160605,"wins":1,"draws":1,"losses":1,"trades":3,"profit_factor":0.21197169},{"date":"Saturday","date_ts":5,"profit_abs":-17.25984584,"wins":0,"draws":0,"losses":1,"trades":1,"profit_factor":0.0},{"date":"Sunday","date_ts":6,"profit_abs":7.8335773,"wins":1,"draws":2,"losses":0,"trades":3,"profit_factor":0.0}]},"backtest_best_day":0.02372083919892052,"backtest_worst_day":-0.05188581425961382,"backtest_best_day_abs":7.8335773,"backtest_worst_day_abs":-17.25984584,"winning_days":2,"draw_days":82,"losing_days":2,"daily_profit":[["2025-10-05",7.8335773],["2025-10-06",0.0],["2025-10-07",0.0],["2025-10-08",0.0],["2025-10-09",0.0],["2025-10-10",0.0],["2025-10-11",-17.25984584],["2025-10-12",0.0],["2025-10-13",0.0],["2025-10-14",0.0],["2025-10-15",0.0],["2025-10-16",0.0],["2025-10-17",0.0],["2025-10-18",0.0],["2025-10-19",0.0],["2025-10-20",0.0],["2025-10-21",0.0],["2025-10-22",-16.96843355],["2025-10-23",0.0],["2025-10-24",0.0],["2025-10-25",0.0],["2025-10-26",0.0],["2025-10-27",0.0],["2025-10-28",0.0],["2025-10-29",0.0],["2025-10-30",0.0],["2025-10-31",0.0],["2025-11-01",0.0],["2025-11-02",0.0],["2025-11-03",0.0],["2025-11-04",0.0],["2025-11-05",0.0],["2025-11-06",0.0],["2025-11-07",0.0],["2025-11-08",0.0],["2025-11-09",0.0],["2025-11-10",0.0],["2025-11-11",0.0],["2025-11-12",3.5968275],["2025-11-13",0.0],["2025-11-14",0.0],["2025-11-15",0.0],["2025-11-16",0.0],["2025-11-17",0.0],["2025-11-18",0.0],["2025-11-19",0.0],["2025-11-20",0.0],["2025-11-21",0.0],["2025-11-22",0.0],["2025-11-23",0.0],["2025-11-24",0.0],["2025-11-25",0.0],["2025-11-26",0.0],["2025-11-27",0.0],["2025-11-28",0.0],["2025-11-29",0.0],["2025-11-30",0.0],["2025-12-01",0.0],["2025-12-02",0.0],["2025-12-03",0.0],["2025-12-04",0.0],["2025-12-05",0.0],["2025-12-06",0.0],["2025-12-07",0.0],["2025-12-08",0.0],["2025-12-09",0.0],["2025-12-10",0.0],["2025-12-11",0.0],["2025-12-12",0.0],["2025-12-13",0.0],["2025-12-14",0.0],["2025-12-15",0.0],["2025-12-16",0.0],["2025-12-17",0.0],["2025-12-18",0.0],["2025-12-19",0.0],["2025-12-20",0.0],["2025-12-21",0.0],["2025-12-22",0.0],["2025-12-23",0.0],["2025-12-24",0.0],["2025-12-25",0.0],["2025-12-26",0.0],["2025-12-27",0.0],["2025-12-28",0.0],["2025-12-29",0.0]],"wins":2,"losses":2,"draws":7,"winrate":0.18181818181818182,"holding_avg":"5:33:00","holding_avg_s":19980.0,"winner_holding_min":"0d 02:00","winner_holding_min_s":7200.0,"winner_holding_max":"0d 02:00","winner_holding_max_s":7200.0,"winner_holding_avg":"0d 02:00","winner_holding_avg_s":7200.0,"loser_holding_min":"0d 09:00","loser_holding_min_s":32400.0,"loser_holding_max":"0d 10:00","loser_holding_max_s":36000.0,"loser_holding_avg":"0d 09:30","loser_holding_avg_s":34200.0,"max_consecutive_wins":1,"max_consecutive_losses":5,"max_drawdown_account":0.03396223360775302,"max_relative_drawdown":0.03396223360775302,"max_drawdown_abs":34.228279390000004,"drawdown_start":"2025-10-05 04:00:00","drawdown_start_ts":1759636800000.0,"drawdown_end":"2025-10-22 00:00:00","drawdown_end_ts":1761091200000.0,"drawdown_duration":"16 days 20:00:00","drawdown_duration_s":1454400.0,"max_drawdown_low":-26.394702090000003,"max_drawdown_high":7.8335773,"csum_min":973.60529791,"csum_max":1007.8335773}},"strategy_comparison":[{"key":"ACO_36_13","trades":11,"profit_mean":-0.0062582647645929405,"profit_mean_pct":-0.63,"profit_total_abs":-22.79787459,"profit_total":-0.02279787459,"profit_total_pct":-2.28,"duration_avg":"5:33:00","wins":2,"draws":7,"losses":2,"winrate":0.18181818181818182,"cagr":-0.08312011749624049,"expectancy":-2.072534053636364,"expectancy_ratio":-0.7574643221458067,"sortino":-30.81705902597884,"sharpe":-0.6015568872644809,"calmar":-13.22125901014869,"sqn":-0.878,"profit_factor":0.33394622819806313,"max_drawdown_account":0.03396223360775302,"max_drawdown_abs":"34.228"}]}