{"strategy":{"ACO_12_18":{"trades":[{"pair":"DOGE/USDT","stake_amount":329.9104,"max_stake_amount":329.9104,"amount":1310.0,"open_date":"2025-10-05 02:00:00+00:00","close_date":"2025-10-05 04:00:00+00:00","open_rate":0.25184,"close_rate":0.25833,"fee_open":0.001,"fee_close":0.001,"trade_duration":120,"profit_ratio":0.02372083919892052,"profit_abs":7.8335773,"exit_reason":"roi","initial_stop_loss_abs":0.23925,"initial_stop_loss_ratio":-0.05,"stop_loss_abs":0.23925,"stop_loss_ratio":-0.05,"min_rate":0.25133,"max_rate":0.26398,"is_open":false,"enter_tag":"","leverage":1.0,"is_short":false,"open_timestamp":1759629600000,"close_timestamp":1759636800000,"orders":[{"amount":1310.0,"safe_price":0.25184,"ft_order_side":"buy","order_filled_timestamp":1759629600000,"ft_is_entry":true,"ft_order_tag":"","cost":330.2403104},{"amount":1310.0,"safe_price":0.25833,"ft_order_side":"sell","order_filled_timestamp":1759636800000,"ft_is_entry":false,"ft_order_tag":"roi","cost":338.7507123}],"funding_fees":0.0,"weekday":6},{"pair":"DOGE/USDT","stake_amount":332.5314,"max_stake_amount":332.5314,"amount":1318.0,"open_date":"2025-10-08 13:00:00+00:00","close_date":"2025-10-08 15:00:00+00:00","open_rate":0.2523,"close_rate":0.2528051051051051,"fee_open":0.001,"fee_close":0.001,"trade_duration":120,"profit_ratio":0.0,"profit_abs":0.0,"exit_reason":"roi","initial_stop_loss_abs":0.23969,"initial_stop_loss_ratio":-0.05,"stop_loss_abs":0.23969,"stop_loss_ratio":-0.05,"min_rate":0.24914,"max_rate":0.25678,"is_open":false,"enter_tag":"","leverage":1.0,"is_short":false,"open_timestamp":1759928400000,"close_timestamp":1759935600000,"orders":[{"amount":1318.0,"safe_price":0.2523,"ft_order_side":"buy","order_filled_timestamp":1759928400000,"ft_is_entry":true,"ft_order_tag":"","cost":332.86393139999996},{"amount":1318.0,"safe_price":0.2528051051051051,"ft_order_side":"sell","order_filled_timestamp":1759935600000,"ft_is_entry":false,"ft_order_tag":"roi","cost":333.530325657057}],"funding_fees":0.0,"weekday":2},{"pair":"DOGE/USDT","stake_amount":332.43688,"max_stake_amount":332.43688,"amount":1336.0,"open_date":"2025-10-09 22:00:00+00:00","close_date":"2025-10-10 00:00:00+00:00","open_rate":0.24883,"close_rate":0.24932815815815812,"fee_open":0.001,"fee_close":0.001,"trade_duration":120,"profit_ratio":0.0,"profit_abs":0.0,"exit_reason":"roi","initial_stop_loss_abs":0.23639,"initial_stop_loss_ratio":-0.05,"stop_loss_abs":0.23639,"stop_loss_ratio":-0.05,"min_rate":0.24779,"max_rate":0.25037,"is_open":false,"enter_tag":"","leverage":1.0,"is_short":false,"open_timestamp":1760047200000,"close_timestamp":1760054400000,"orders":[{"amount":1336.0,"safe_price":0.24883,"ft_order_side":"buy","order_filled_timestamp":1760047200000,"ft_is_entry":true,"ft_order_tag":"","cost":332.76931687999996},{"amount":1336.0,"safe_price":0.24932815815815812,"ft_order_side":"sell","order_filled_timestamp":1760054400000,"ft_is_entry":false,"ft_order_tag":"roi","cost":333.4355217185985}],"funding_fees":0.0,"weekday":4},{"pair":"DOGE/USDT","stake_amount":332.46688,"max_stake_amount":332.46688,"amount":1696.0,"open_date":"2025-10-29 21:00:00+00:00","close_date":"2025-10-30 04:00:00+00:00","open_rate":0.19603,"close_rate":0.18623,"fee_open":0.001,"fee_close":0.001,"trade_duration":420,"profit_ratio":-0.051890465296576614,"profit_abs":-17.26911296,"exit_reason":"stop_loss","initial_stop_loss_abs":0.18623,"initial_stop_loss_ratio":-0.05,"stop_loss_abs":0.18623,"stop_loss_ratio":-0.05,"min_rate":0.1858,"max_rate":0.19691,"is_open":false,"enter_tag":"","leverage":1.0,"is_short":false,"open_timestamp":1761771600000,"close_timestamp":1761796800000,"orders":[{"amount":1696.0,"safe_price":0.19603,"ft_order_side":"buy","order_filled_timestamp":1761771600000,"ft_is_entry":true,"ft_order_tag":"","cost":332.79934688},{"amount":1696.0,"safe_price":0.18623,"ft_order_side":"sell","order_filled_timestamp":1761796800000,"ft_is_entry":false,"ft_order_tag":"stop_loss","cost":316.16192608}],"funding_fees":0.0,"weekday":3},{"pair":"DOGE/USDT","stake_amount":326.87515,"max_stake_amount":326.87515,"amount":2005.0,"open_date":"2025-11-07 01:00:00+00:00","close_date":"2025-11-07 03:00:00+00:00","open_rate":0.16303,"close_rate":0.16414,"fee_open":0.001,"fee_close":0.001,"trade_duration":120,"profit_ratio":0.004796957321032645,"profit_abs":1.56957415,"exit_reason":"roi","initial_stop_loss_abs":0.15488,"initial_stop_loss_ratio":-0.05,"stop_loss_abs":0.15488,"stop_loss_ratio":-0.05,"min_rate":0.16095,"max_rate":0.16509,"is_open":false,"enter_tag":"","leverage":1.0,"is_short":false,"open_timestamp":1762477200000,"close_timestamp":1762484400000,"orders":[{"amount":2005.0,"safe_price":0.16303,"ft_order_side":"buy","order_filled_timestamp":1762477200000,"ft_is_entry":true,"ft_order_tag":"","cost":327.20202515},{"amount":2005.0,"safe_price":0.16414,"ft_order_side":"sell","order_filled_timestamp":1762484400000,"ft_is_entry":false,"ft_order_tag":"roi","cost":329.4298007}],"funding_fees":0.0,"weekday":4},{"pair":"DOGE/USDT","stake_amount":327.3699,"max_stake_amount":327.3699,"amount":1859.0,"open_date":"2025-11-09 14:00:00+00:00","close_date":"2025-11-09 16:00:00+00:00","open_rate":0.1761,"close_rate":0.17807,"fee_open":0.001,"fee_close":0.001,"trade_duration":120,"profit_ratio":0.009166472369198094,"profit_abs":3.00382797,"exit_reason":"roi","initial_stop_loss_abs":0.1673,"initial_stop_loss_ratio":-0.05,"stop_loss_abs":0.1673,"stop_loss_ratio":-0.05,"min_rate":0.17501,"max_rate":0.17961,"is_open":false,"enter_tag":"","leverage":1.0,"is_short":false,"open_timestamp":1762696800000,"close_timestamp":1762704000000,"orders":[{"amount":1859.0,"safe_price":0.1761,"ft_order_side":"buy","order_filled_timestamp":1762696800000,"ft_is_entry":true,"ft_order_tag":"","cost":327.6972699},{"amount":1859.0,"safe_price":0.17807,"ft_order_side":"sell","order_filled_timestamp":1762704000000,"ft_is_entry":false,"ft_order_tag":"roi","cost":331.36316213}],"funding_fees":0.0,"weekday":6},{"pair":"DOGE/USDT","stake_amount":328.3295,"max_stake_amount":328.3295,"amount":2033.0,"open_date":"2025-11-17 04:00:00+00:00","close_date":"2025-11-17 07:00:00+00:00","open_rate":0.1615,"close_rate":0.1618233233233233,"fee_open":0.001,"fee_close":0.001,"trade_duration":180,"profit_ratio":0.0,"profit_abs":0.0,"exit_reason":"roi","initial_stop_loss_abs":0.15343,"initial_stop_loss_ratio":-0.05,"stop_loss_abs":0.15343,"stop_loss_ratio":-0.05,"min_rate":0.16069,"max_rate":0.16239,"is_open":false,"enter_tag":"","leverage":1.0,"is_short":false,"open_timestamp":1763352000000,"close_timestamp":1763362800000,"orders":[{"amount":2033.0,"safe_price":0.1615,"ft_order_side":"buy","order_filled_timestamp":1763352000000,"ft_is_entry":true,"ft_order_tag":"","cost":328.65782949999993},{"amount":2033.0,"safe_price":0.1618233233233233,"ft_order_side":"sell","order_filled_timestamp":1763362800000,"ft_is_entry":false,"ft_order_tag":"roi","cost":329.31580313263254}],"funding_fees":0.0,"weekday":0},{"pair":"DOGE/USDT","stake_amount":328.2851,"max_stake_amount":328.2851,"amount":2087.0,"open_date":"2025-11-18 09:00:00+00:00","close_date":"2025-11-18 12:00:00+00:00","open_rate":0.1573,"close_rate":0.1576149149149149,"fee_open":0.001,"fee_close":0.001,"trade_duration":180,"profit_ratio":0.0,"profit_abs":0.0,"exit_reason":"roi","initial_stop_loss_abs":0.14944,"initial_stop_loss_ratio":-0.05,"stop_loss_abs":0.14944,"stop_loss_ratio":-0.05,"min_rate":0.15629,"max_rate":0.15787,"is_open":false,"enter_tag":"","leverage":1.0,"is_short":false,"open_timestamp":1763456400000,"close_timestamp":1763467200000,"orders":[{"amount":2087.0,"safe_price":0.1573,"ft_order_side":"buy","order_filled_timestamp":1763456400000,"ft_is_entry":true,"ft_order_tag":"","cost":328.61338509999996},{"amount":2087.0,"safe_price":0.1576149149149149,"ft_order_side":"sell","order_filled_timestamp":1763467200000,"ft_is_entry":false,"ft_order_tag":"roi","cost":329.27126975485476}],"funding_fees":0.0,"weekday":1},{"pair":"DOGE/USDT","stake_amount":328.38768,"max_stake_amount":328.38768,"amount":2351.0,"open_date":"2025-12-06 12:00:00+00:00","close_date":"2025-12-06 14:00:00+00:00","open_rate":0.13968,"close_rate":0.13995963963963962,"fee_open":0.001,"fee_close":0.001,"trade_duration":120,"profit_ratio":0.0,"profit_abs":0.0,"exit_reason":"roi","initial_stop_loss_abs":0.1327,"initial_stop_loss_ratio":-0.05,"stop_loss_abs":0.1327,"stop_loss_ratio":-0.05,"min_rate":0.13926,"max_rate":0.14076,"is_open":false,"enter_tag":"","leverage":1.0,"is_short":false,"open_timestamp":1765022400000,"close_timestamp":1765029600000,"orders":[{"amount":2351.0,"safe_price":0.13968,"ft_order_side":"buy","order_filled_timestamp":1765022400000,"ft_is_entry":true,"ft_order_tag":"","cost":328.71606768},{"amount":2351.0,"safe_price":0.13995963963963962,"ft_order_side":"sell","order_filled_timestamp":1765029600000,"ft_is_entry":false,"ft_order_tag":"roi","cost":329.3741579055855}],"funding_fees":0.0,"weekday":5},{"pair":"DOGE/USDT","stake_amount":328.2972,"max_stake_amount":328.2972,"amount":2244.0,"open_date":"2025-12-09 16:00:00+00:00","close_date":"2025-12-09 18:00:00+00:00","open_rate":0.1463,"close_rate":0.15095,"fee_open":0.001,"fee_close":0.001,"trade_duration":120,"profit_ratio":0.029722498963783997,"profit_abs":9.767571,"exit_reason":"roi","initial_stop_loss_abs":0.13899,"initial_stop_loss_ratio":-0.05,"stop_loss_abs":0.13899,"stop_loss_ratio":-0.05,"min_rate":0.1463,"max_rate":0.15319,"is_open":false,"enter_tag":"","leverage":1.0,"is_short":false,"open_timestamp":1765296000000,"close_timestamp":1765303200000,"orders":[{"amount":2244.0,"safe_price":0.1463,"ft_order_side":"buy","order_filled_timestamp":1765296000000,"ft_is_entry":true,"ft_order_tag":"","cost":328.6254972},{"amount":2244.0,"safe_price":0.15095,"ft_order_side":"sell","order_filled_timestamp":1765303200000,"ft_is_entry":false,"ft_order_tag":"roi","cost":339.07053179999997}],"funding_fees":0.0,"weekday":1},{"pair":"DOGE/USDT","stake_amount":331.49371,"max_stake_amount":331.49371,"amount":2533.0,"open_date":"2025-12-16 11:00:00+00:00","close_date":"2025-12-16 13:00:00+00:00","open_rate":0.13087,"close_rate":0.13139,"fee_open":0.001,"fee_close":0.001,"trade_duration":120,"profit_ratio":0.0019674678496409987,"profit_abs":0.65285542,"exit_reason":"roi","initial_stop_loss_abs":0.12433,"initial_stop_loss_ratio":-0.05,"stop_loss_abs":0.12433,"stop_loss_ratio":-0.05,"min_rate":0.12975,"max_rate":0.13263,"is_open":false,"enter_tag":"","leverage":1.0,"is_short":false,"open_timestamp":1765882800000,"close_timestamp":1765890000000,"orders":[{"amount":2533.0,"safe_price":0.13087,"ft_order_side":"buy","order_filled_timestamp":1765882800000,"ft_is_entry":true,"ft_order_tag":"","cost":331.8252037099999},{"amount":2533.0,"safe_price":0.13139,"ft_order_side":"sell","order_filled_timestamp":1765890000000,"ft_is_entry":false,"ft_order_tag":"roi","cost":333.14368086999997}],"funding_fees":0.0,"weekday":1},{"pair":"DOGE/USDT","stake_amount":331.78327,"max_stake_amount":331.78327,"amount":2623.0,"open_date":"2025-12-19 07:00:00+00:00","close_date":"2025-12-19 09:00:00+00:00","open_rate":0.12649,"close_rate":0.12819,"fee_open":0.001,"fee_close":0.001,"trade_duration":120,"profit_ratio":0.01141494287197505,"profit_abs":3.79107436,"exit_reason":"roi","initial_stop_loss_abs":0.12017,"initial_stop_loss_ratio":-0.05,"stop_loss_abs":0.12017,"stop_loss_ratio":-0.05,"min_rate":0.12649,"max_rate":0.12885,"is_open":false,"enter_tag":"","leverage":1.0,"is_short":false,"open_timestamp":1766127600000,"close_timestamp":1766134800000,"orders":[{"amount":2623.0,"safe_price":0.12649,"ft_order_side":"buy","order_filled_timestamp":1766127600000,"ft_is_entry":true,"ft_order_tag":"","cost":332.1150532699999},{"amount":2623.0,"safe_price":0.12819,"ft_order_side":"sell","order_filled_timestamp":1766134800000,"ft_is_entry":false,"ft_order_tag":"roi","cost":336.57861237}],"funding_fees":0.0,"weekday":4}],"locks":[],"best_pair":{"key":"DOGE/USDT","trades":12,"profit_mean":0.002408226106497891,"profit_mean_pct":0.24,"profit_total_abs":9.34936724,"profit_total":0.00934936724,"profit_total_pct":0.93,"duration_avg":"2:35:00","wins":6,"draws":5,"losses":1,"winrate":0.5,"cagr":0.03563748887589546,"expectancy":0.7791139366666666,"expectancy_ratio":-0.3715506298168697,"sortino":-100,"sharpe":0.29299579016955796,"calmar":10.746714465809621,"sqn":0.4112,"profit_factor":1.5413924421975638,"max_drawdown_account":0.01713488550983211,"max_drawdown_abs":17.26911296},"worst_pair":{"key":"DOGE/USDT","trades":12,"profit_mean":0.002408226106497891,"profit_mean_pct":0.24,"profit_total_abs":9.34936724,"profit_total":0.00934936724,"profit_total_pct":0.93,"duration_avg":"2:35:00","wins":6,"draws":5,"losses":1,"winrate":0.5,"cagr":0.03563748887589546,"expectancy":0.7791139366666666,"expectancy_ratio":-0.3715506298168697,"sortino":-100,"sharpe":0.29299579016955796,"calmar":10.746714465809621,"sqn":0.4112,"profit_factor":1.5413924421975638,"max_drawdown_account":0.01713488550983211,"max_drawdown_abs":17.26911296},"results_per_pair":[{"key":"DOGE/USDT","trades":12,"profit_mean":0.002408226106497891,"profit_mean_pct":0.24,"profit_total_abs":9.34936724,"profit_total":0.00934936724,"profit_total_pct":0.93,"duration_avg":"2:35:00","wins":6,"draws":5,"losses":1,"winrate":0.5,"cagr":0.03563748887589546,"expectancy":0.7791139366666666,"expectancy_ratio":-0.3715506298168697,"sortino":-100,"sharpe":0.29299579016955796,"calmar":10.746714465809621,"sqn":0.4112,"profit_factor":1.5413924421975638,"max_drawdown_account":0.01713488550983211,"max_drawdown_abs":17.26911296},{"key":"TOTAL","trades":12,"profit_mean":0.002408226106497891,"profit_mean_pct":0.24,"profit_total_abs":9.34936724,"profit_total":0.00934936724,"profit_total_pct":0.93,"duration_avg":"2:35:00","wins":6,"draws":5,"losses":1,"winrate":0.5,"cagr":0.03563748887589546,"expectancy":0.7791139366666666,"expectancy_ratio":-0.3715506298168697,"sortino":-100,"sharpe":0.29299579016955796,"calmar":10.746714465809621,"sqn":0.4112,"profit_factor":1.5413924421975638,"max_drawdown_account":0.01713488550983211,"max_drawdown_abs":17.26911296}],"results_per_enter_tag":[{"key":"","trades":12,"profit_mean":0.002408226106497891,"profit_mean_pct":0.24,"profit_total_abs":9.34936724,"profit_total":0.00934936724,"profit_total_pct":0.93,"duration_avg":"2:35:00","wins":6,"draws":5,"losses":1,"winrate":0.5,"cagr":0.03563748887589546,"expectancy":0.7791139366666666,"expectancy_ratio":-0.3715506298168697,"sortino":-100,"sharpe":0.29299579016955796,"calmar":10.746714465809621,"sqn":0.4112,"profit_factor":1.5413924421975638,"max_drawdown_account":0.01713488550983211,"max_drawdown_abs":17.26911296},{"key":"TOTAL","trades":12,"profit_mean":0.002408226106497891,"profit_mean_pct":0.24,"profit_total_abs":9.34936724,"profit_total":0.00934936724,"profit_total_pct":0.93,"duration_avg":"2:35:00","wins":6,"draws":5,"losses":1,"winrate":0.5,"cagr":0.03563748887589546,"expectancy":0.7791139366666666,"expectancy_ratio":-0.3715506298168697,"sortino":-100,"sharpe":0.29299579016955796,"calmar":10.746714465809621,"sqn":0.4112,"profit_factor":1.5413924421975638,"max_drawdown_account":0.01713488550983211,"max_drawdown_abs":17.26911296}],"exit_reason_summary":[{"key":"roi","trades":11,"profit_mean":0.007344470779504664,"profit_mean_pct":0.73,"profit_total_abs":26.6184802,"profit_total":0.0266184802,"profit_total_pct":2.66,"duration_avg":"2:11:00","wins":6,"draws":5,"losses":0,"winrate":0.5454545454545454,"cagr":0.10390338674894273,"expectancy":2.419861836363636,"expectancy_ratio":100.0,"sortino":-100,"sharpe":1.5963732407340236,"calmar":-100,"sqn":2.3301,"profit_factor":0.0,"max_drawdown_account":0.0,"max_drawdown_abs":0.0},{"key":"stop_loss","trades":1,"profit_mean":-0.051890465296576614,"profit_mean_pct":-5.19,"profit_total_abs":-17.26911296,"profit_total":-0.017269112960000003,"profit_total_pct":-1.73,"duration_avg":"7:00:00","wins":0,"draws":0,"losses":1,"winrate":0.0,"cagr":-0.06344716997976318,"expectancy":-17.26911296,"expectancy_ratio":-1.0,"sortino":-100,"sharpe":-100,"calmar":-19.695848633549247,"sqn":-100.0,"profit_factor":0.0,"max_drawdown_account":0.01726911296000003,"max_drawdown_abs":17.26911296},{"key":"TOTAL","trades":12,"profit_mean":0.002408226106497891,"profit_mean_pct":0.24,"profit_total_abs":9.34936724,"profit_total":0.00934936724,"profit_total_pct":0.93,"duration_avg":"2:35:00","wins":6,"draws":5,"losses":1,"winrate":0.5,"cagr":0.03563748887589546,"expectancy":0.7791139366666666,"expectancy_ratio":-0.3715506298168697,"sortino":-100,"sharpe":0.29299579016955796,"calmar":10.746714465809621,"sqn":0.4112,"profit_factor":1.5413924421975638,"max_drawdown_account":0.01713488550983211,"max_drawdown_abs":17.26911296}],"mix_tag_stats":[{"key":["","roi"],"trades":11,"profit_mean":0.007344470779504664,"profit_mean_pct":0.73,"profit_total_abs":26.6184802,"profit_total":0.0266184802,"profit_total_pct":2.66,"duration_avg":"2:11:00","wins":6,"draws":5,"losses":0,"winrate":0.5454545454545454,"cagr":0.10390338674894273,"expectancy":2.419861836363636,"expectancy_ratio":100.0,"sortino":-100,"sharpe":1.5963732407340236,"calmar":-100,"sqn":2.3301,"profit_factor":0.0,"max_drawdown_account":0.0,"max_drawdown_abs":0.0},{"key":["","stop_loss"],"trades":1,"profit_mean":-0.051890465296576614,"profit_mean_pct":-5.19,"profit_total_abs":-17.26911296,"profit_total":-0.017269112960000003,"profit_total_pct":-1.73,"duration_avg":"7:00:00","wins":0,"draws":0,"losses":1,"winrate":0.0,"cagr":-0.06344716997976318,"expectancy":-17.26911296,"expectancy_ratio":-1.0,"sortino":-100,"sharpe":-100,"calmar":-19.695848633549247,"sqn":-100.0,"profit_factor":0.0,"max_drawdown_account":0.01726911296000003,"max_drawdown_abs":17.26911296},{"key":"TOTAL","trades":12,"profit_mean":0.002408226106497891,"profit_mean_pct":0.24,"profit_total_abs":9.34936724,"profit_total":0.00934936724,"profit_total_pct":0.93,"duration_avg":"2:35:00","wins":6,"draws":5,"losses":1,"winrate":0.5,"cagr":0.03563748887589546,"expectancy":0.7791139366666666,"expectancy_ratio":-0.3715506298168697,"sortino":-100,"sharpe":0.29299579016955796,"calmar":10.746714465809621,"sqn":0.4112,"profit_factor":1.5413924421975638,"max_drawdown_account":0.01713488550983211,"max_drawdown_abs":17.26911296}],"left_open_trades":[{"key":"TOTAL","trades":0,"profit_mean":0.0,"profit_mean_pct":0.0,"profit_total_abs":0.0,"profit_total":0.0,"profit_total_pct":0.0,"duration_avg":"0:00","wins":0,"draws":0,"losses":0,"winrate":0.0,"cagr":0.0,"expectancy":0.0,"expectancy_ratio":100.0,"sortino":0,"sharpe":0,"calmar":0,"sqn":0.0,"profit_factor":0.0,"max_drawdown_account":0.0,"max_drawdown_abs":0.0}],"total_trades":12,"trade_count_long":12,"trade_count_short":0,"total_volume":7941.550741488728,"avg_stake_amount":329.84725583333335,"profit_mean":0.002408226106497891,"profit_median":0.0009837339248204994,"profit_total":0.00934936724,"profit_total_long":0.00934936724,"profit_total_short":0.0,"profit_total_abs":9.34936724,"profit_total_long_abs":9.34936724,"profit_total_short_abs":0.0,"cagr":0.03563748887589546,"expectancy":0.7791139366666666,"expectancy_ratio":-0.3715506298168697,"sortino":-100,"sharpe":0.29299579016955796,"calmar":10.746714465809621,"sqn":0.4112,"profit_factor":1.5413924421975638,"backtest_start":"2025-10-01 00:00:00","backtest_start_ts":1759276800000,"backtest_end":"2026-01-06 20:00:00","backtest_end_ts":1767729600000,"backtest_days":97,"backtest_run_start_ts":1767738172,"backtest_run_end_ts":1767738173,"trades_per_day":0.12,"market_change":-0.36632086436227446,"pairlist":["DOGE/USDT"],"stake_amount":"unlimited","stake_currency":"USDT","stake_currency_decimals":3,"starting_balance":1000,"dry_run_wallet":1000,"final_balance":1009.34936724,"rejected_signals":0,"timedout_entry_orders":0,"timedout_exit_orders":0,"canceled_trade_entries":0,"canceled_entry_orders":0,"replaced_entry_orders":0,"max_open_trades":1,"max_open_trades_setting":3,"timeframe":"1h","timeframe_detail":"","timerange":"20251001-","enable_protections":false,"strategy_name":"ACO_12_18","freqaimodel":null,"freqai_identifier":null,"stoploss":-0.05,"trailing_stop":false,"trailing_stop_positive":null,"trailing_stop_positive_offset":0.0,"trailing_only_offset_is_reached":false,"use_custom_stoploss":false,"minimal_roi":{"0":0.1,"60":0.05,"120":0.0},"use_exit_signal":true,"exit_profit_only":false,"exit_profit_offset":0.0,"ignore_roi_if_entry_signal":false,"trading_mode":"spot","margin_mode":"","periodic_breakdown":{"day":[{"date":"05/10/2025","date_ts":1759622400000,"profit_abs":7.8335773,"wins":1,"draws":0,"losses":0,"trades":1,"profit_factor":0.0},{"date":"06/10/2025","date_ts":1759708800000,"profit_abs":0.0,"wins":0,"draws":0,"losses":0,"trades":0,"profit_factor":0.0},{"date":"07/10/2025","date_ts":1759795200000,"profit_abs":0.0,"wins":0,"draws":0,"losses":0,"trades":0,"profit_factor":0.0},{"date":"08/10/2025","date_ts":1759881600000,"profit_abs":0.0,"wins":0,"draws":1,"losses":0,"trades":1,"profit_factor":0.0},{"date":"09/10/2025","date_ts":1759968000000,"profit_abs":0.0,"wins":0,"draws":0,"losses":0,"trades":0,"profit_factor":0.0},{"date":"10/10/2025","date_ts":1760054400000,"profit_abs":0.0,"wins":0,"draws":1,"losses":0,"trades":1,"profit_factor":0.0},{"date":"11/10/2025","date_ts":1760140800000,"profit_abs":0.0,"wins":0,"draws":0,"losses":0,"trades":0,"profit_factor":0.0},{"date":"12/10/2025","date_ts":1760227200000,"profit_abs":0.0,"wins":0,"draws":0,"losses":0,"trades":0,"profit_factor":0.0},{"date":"13/10/2025","date_ts":1760313600000,"profit_abs":0.0,"wins":0,"draws":0,"losses":0,"trades":0,"profit_factor":0.0},{"date":"14/10/2025","date_ts":1760400000000,"profit_abs":0.0,"wins":0,"draws":0,"losses":0,"trades":0,"profit_factor":0.0},{"date":"15/10/2025","date_ts":1760486400000,"profit_abs":0.0,"wins":0,"draws":0,"losses":0,"trades":0,"profit_factor":0.0},{"date":"16/10/2025","date_ts":1760572800000,"profit_abs":0.0,"wins":0,"draws":0,"losses":0,"trades":0,"profit_factor":0.0},{"date":"17/10/2025","date_ts":1760659200000,"profit_abs":0.0,"wins":0,"draws":0,"losses":0,"trades":0,"profit_factor":0.0},{"date":"18/10/2025","date_ts":1760745600000,"profit_abs":0.0,"wins":0,"draws":0,"losses":0,"trades":0,"profit_factor":0.0},{"date":"19/10/2025","date_ts":1760832000000,"profit_abs":0.0,"wins":0,"draws":0,"losses":0,"trades":0,"profit_factor":0.0},{"date":"20/10/2025","date_ts":1760918400000,"profit_abs":0.0,"wins":0,"draws":0,"losses":0,"trades":0,"profit_factor":0.0},{"date":"21/10/2025","date_ts":1761004800000,"profit_abs":0.0,"wins":0,"draws":0,"losses":0,"trades":0,"profit_factor":0.0},{"date":"22/10/2025","date_ts":1761091200000,"profit_abs":0.0,"wins":0,"draws":0,"losses":0,"trades":0,"profit_factor":0.0},{"date":"23/10/2025","date_ts":1761177600000,"profit_abs":0.0,"wins":0,"draws":0,"losses":0,"trades":0,"profit_factor":0.0},{"date":"24/10/2025","date_ts":1761264000000,"profit_abs":0.0,"wins":0,"draws":0,"losses":0,"trades":0,"profit_factor":0.0},{"date":"25/10/2025","date_ts":1761350400000,"profit_abs":0.0,"wins":0,"draws":0,"losses":0,"trades":0,"profit_factor":0.0},{"date":"26/10/2025","date_ts":1761436800000,"profit_abs":0.0,"wins":0,"draws":0,"losses":0,"trades":0,"profit_factor":0.0},{"date":"27/10/2025","date_ts":1761523200000,"profit_abs":0.0,"wins":0,"draws":0,"losses":0,"trades":0,"profit_factor":0.0},{"date":"28/10/2025","date_ts":1761609600000,"profit_abs":0.0,"wins":0,"draws":0,"losses":0,"trades":0,"profit_factor":0.0},{"date":"29/10/2025","date_ts":1761696000000,"profit_abs":0.0,"wins":0,"draws":0,"losses":0,"trades":0,"profit_factor":0.0},{"date":"30/10/2025","date_ts":1761782400000,"profit_abs":-17.26911296,"wins":0,"draws":0,"losses":1,"trades":1,"profit_factor":0.0},{"date":"31/10/2025","date_ts":1761868800000,"profit_abs":0.0,"wins":0,"draws":0,"losses":0,"trades":0,"profit_factor":0.0},{"date":"01/11/2025","date_ts":1761955200000,"profit_abs":0.0,"wins":0,"draws":0,"losses":0,"trades":0,"profit_factor":0.0},{"date":"02/11/2025","date_ts":1762041600000,"profit_abs":0.0,"wins":0,"draws":0,"losses":0,"trades":0,"profit_factor":0.0},{"date":"03/11/2025","date_ts":1762128000000,"profit_abs":0.0,"wins":0,"draws":0,"losses":0,"trades":0,"profit_factor":0.0},{"date":"04/11/2025","date_ts":1762214400000,"profit_abs":0.0,"wins":0,"draws":0,"losses":0,"trades":0,"profit_factor":0.0},{"date":"05/11/2025","date_ts":1762300800000,"profit_abs":0.0,"wins":0,"draws":0,"losses":0,"trades":0,"profit_factor":0.0},{"date":"06/11/2025","date_ts":1762387200000,"profit_abs":0.0,"wins":0,"draws":0,"losses":0,"trades":0,"profit_factor":0.0},{"date":"07/11/2025","date_ts":1762473600000,"profit_abs":1.56957415,"wins":1,"draws":0,"losses":0,"trades":1,"profit_factor":0.0},{"date":"08/11/2025","date_ts":1762560000000,"profit_abs":0.0,"wins":0,"draws":0,"losses":0,"trades":0,"profit_factor":0.0},{"date":"09/11/2025","date_ts":1762646400000,"profit_abs":3.00382797,"wins":1,"draws":0,"losses":0,"trades":1,"profit_factor":0.0},{"date":"10/11/2025","date_ts":1762732800000,"profit_abs":0.0,"wins":0,"draws":0,"losses":0,"trades":0,"profit_factor":0.0},{"date":"11/11/2025","date_ts":1762819200000,"profit_abs":0.0,"wins":0,"draws":0,"losses":0,"trades":0,"profit_factor":0.0},{"date":"12/11/2025","date_ts":1762905600000,"profit_abs":0.0,"wins":0,"draws":0,"losses":0,"trades":0,"profit_factor":0.0},{"date":"13/11/2025","date_ts":1762992000000,"profit_abs":0.0,"wins":0,"draws":0,"losses":0,"trades":0,"profit_factor":0.0},{"date":"14/11/2025","date_ts":1763078400000,"profit_abs":0.0,"wins":0,"draws":0,"losses":0,"trades":0,"profit_factor":0.0},{"date":"15/11/2025","date_ts":1763164800000,"profit_abs":0.0,"wins":0,"draws":0,"losses":0,"trades":0,"profit_factor":0.0},{"date":"16/11/2025","date_ts":1763251200000,"profit_abs":0.0,"wins":0,"draws":0,"losses":0,"trades":0,"profit_factor":0.0},{"date":"17/11/2025","date_ts":1763337600000,"profit_abs":0.0,"wins":0,"draws":1,"losses":0,"trades":1,"profit_factor":0.0},{"date":"18/11/2025","date_ts":1763424000000,"profit_abs":0.0,"wins":0,"draws":1,"losses":0,"trades":1,"profit_factor":0.0},{"date":"19/11/2025","date_ts":1763510400000,"profit_abs":0.0,"wins":0,"draws":0,"losses":0,"trades":0,"profit_factor":0.0},{"date":"20/11/2025","date_ts":1763596800000,"profit_abs":0.0,"wins":0,"draws":0,"losses":0,"trades":0,"profit_factor":0.0},{"date":"21/11/2025","date_ts":1763683200000,"profit_abs":0.0,"wins":0,"draws":0,"losses":0,"trades":0,"profit_factor":0.0},{"date":"22/11/2025","date_ts":1763769600000,"profit_abs":0.0,"wins":0,"draws":0,"losses":0,"trades":0,"profit_factor":0.0},{"date":"23/11/2025","date_ts":1763856000000,"profit_abs":0.0,"wins":0,"draws":0,"losses":0,"trades":0,"profit_factor":0.0},{"date":"24/11/2025","date_ts":1763942400000,"profit_abs":0.0,"wins":0,"draws":0,"losses":0,"trades":0,"profit_factor":0.0},{"date":"25/11/2025","date_ts":1764028800000,"profit_abs":0.0,"wins":0,"draws":0,"losses":0,"trades":0,"profit_factor":0.0},{"date":"26/11/2025","date_ts":1764115200000,"profit_abs":0.0,"wins":0,"draws":0,"losses":0,"trades":0,"profit_factor":0.0},{"date":"27/11/2025","date_ts":1764201600000,"profit_abs":0.0,"wins":0,"draws":0,"losses":0,"trades":0,"profit_factor":0.0},{"date":"28/11/2025","date_ts":1764288000000,"profit_abs":0.0,"wins":0,"draws":0,"losses":0,"trades":0,"profit_factor":0.0},{"date":"29/11/2025","date_ts":1764374400000,"profit_abs":0.0,"wins":0,"draws":0,"losses":0,"trades":0,"profit_factor":0.0},{"date":"30/11/2025","date_ts":1764460800000,"profit_abs":0.0,"wins":0,"draws":0,"losses":0,"trades":0,"profit_factor":0.0},{"date":"01/12/2025","date_ts":1764547200000,"profit_abs":0.0,"wins":0,"draws":0,"losses":0,"trades":0,"profit_factor":0.0},{"date":"02/12/2025","date_ts":1764633600000,"profit_abs":0.0,"wins":0,"draws":0,"losses":0,"trades":0,"profit_factor":0.0},{"date":"03/12/2025","date_ts":1764720000000,"profit_abs":0.0,"wins":0,"draws":0,"losses":0,"trades":0,"profit_factor":0.0},{"date":"04/12/2025","date_ts":1764806400000,"profit_abs":0.0,"wins":0,"draws":0,"losses":0,"trades":0,"profit_factor":0.0},{"date":"05/12/2025","date_ts":1764892800000,"profit_abs":0.0,"wins":0,"draws":0,"losses":0,"trades":0,"profit_factor":0.0},{"date":"06/12/2025","date_ts":1764979200000,"profit_abs":0.0,"wins":0,"draws":1,"losses":0,"trades":1,"profit_factor":0.0},{"date":"07/12/2025","date_ts":1765065600000,"profit_abs":0.0,"wins":0,"draws":0,"losses":0,"trades":0,"profit_factor":0.0},{"date":"08/12/2025","date_ts":1765152000000,"profit_abs":0.0,"wins":0,"draws":0,"losses":0,"trades":0,"profit_factor":0.0},{"date":"09/12/2025","date_ts":1765238400000,"profit_abs":9.767571,"wins":1,"draws":0,"losses":0,"trades":1,"profit_factor":0.0},{"date":"10/12/2025","date_ts":1765324800000,"profit_abs":0.0,"wins":0,"draws":0,"losses":0,"trades":0,"profit_factor":0.0},{"date":"11/12/2025","date_ts":1765411200000,"profit_abs":0.0,"wins":0,"draws":0,"losses":0,"trades":0,"profit_factor":0.0},{"date":"12/12/2025","date_ts":1765497600000,"profit_abs":0.0,"wins":0,"draws":0,"losses":0,"trades":0,"profit_factor":0.0},{"date":"13/12/2025","date_ts":1765584000000,"profit_abs":0.0,"wins":0,"draws":0,"losses":0,"trades":0,"profit_factor":0.0},{"date":"14/12/2025","date_ts":1765670400000,"profit_abs":0.0,"wins":0,"draws":0,"losses":0,"trades":0,"profit_factor":0.0},{"date":"15/12/2025","date_ts":1765756800000,"profit_abs":0.0,"wins":0,"draws":0,"losses":0,"trades":0,"profit_factor":0.0},{"date":"16/12/2025","date_ts":1765843200000,"profit_abs":0.65285542,"wins":1,"draws":0,"losses":0,"trades":1,"profit_factor":0.0},{"date":"17/12/2025","date_ts":1765929600000,"profit_abs":0.0,"wins":0,"draws":0,"losses":0,"trades":0,"profit_factor":0.0},{"date":"18/12/2025","date_ts":1766016000000,"profit_abs":0.0,"wins":0,"draws":0,"losses":0,"trades":0,"profit_factor":0.0},{"date":"19/12/2025","date_ts":1766102400000,"profit_abs":3.79107436,"wins":1,"draws":0,"losses":0,"trades":1,"profit_factor":0.0}],"week":[{"date":"06/10/2025","date_ts":1759708800000,"profit_abs":7.8335773,"wins":1,"draws":0,"losses":0,"trades":1,"profit_factor":0.0},{"date":"13/10/2025","date_ts":1760313600000,"profit_abs":0.0,"wins":0,"draws":2,"losses":0,"trades":2,"profit_factor":0.0},{"date":"20/10/2025","date_ts":1760918400000,"profit_abs":0.0,"wins":0,"draws":0,"losses":0,"trades":0,"profit_factor":0.0},{"date":"27/10/2025","date_ts":1761523200000,"profit_abs":0.0,"wins":0,"draws":0,"losses":0,"trades":0,"profit_factor":0.0},{"date":"03/11/2025","date_ts":1762128000000,"profit_abs":-17.26911296,"wins":0,"draws":0,"losses":1,"trades":1,"profit_factor":0.0},{"date":"10/11/2025","date_ts":1762732800000,"profit_abs":4.57340212,"wins":2,"draws":0,"losses":0,"trades":2,"profit_factor":0.0},{"date":"17/11/2025","date_ts":1763337600000,"profit_abs":0.0,"wins":0,"draws":1,"losses":0,"trades":1,"profit_factor":0.0},{"date":"24/11/2025","date_ts":1763942400000,"profit_abs":0.0,"wins":0,"draws":1,"losses":0,"trades":1,"profit_factor":0.0},{"date":"01/12/2025","date_ts":1764547200000,"profit_abs":0.0,"wins":0,"draws":0,"losses":0,"trades":0,"profit_factor":0.0},{"date":"08/12/2025","date_ts":1765152000000,"profit_abs":0.0,"wins":0,"draws":1,"losses":0,"trades":1,"profit_factor":0.0},{"date":"15/12/2025","date_ts":1765756800000,"profit_abs":9.767571,"wins":1,"draws":0,"losses":0,"trades":1,"profit_factor":0.0},{"date":"22/12/2025","date_ts":1766361600000,"profit_abs":4.44392978,"wins":2,"draws":0,"losses":0,"trades":2,"profit_factor":0.0}],"month":[{"date":"31/10/2025","date_ts":1761868800000,"profit_abs":-9.43553566,"wins":1,"draws":2,"losses":1,"trades":4,"profit_factor":0.45361782},{"date":"30/11/2025","date_ts":1764460800000,"profit_abs":4.57340212,"wins":2,"draws":2,"losses":0,"trades":4,"profit_factor":0.0},{"date":"31/12/2025","date_ts":1767139200000,"profit_abs":14.21150078,"wins":3,"draws":1,"losses":0,"trades":4,"profit_factor":0.0}],"year":[{"date":"31/12/2025","date_ts":1767139200000,"profit_abs":9.34936724,"wins":6,"draws":5,"losses":1,"trades":12,"profit_factor":1.54139244}],"weekday":[{"date":"Monday","date_ts":0,"profit_abs":0.0,"wins":0,"draws":1,"losses":0,"trades":1,"profit_factor":0.0},{"date":"Tuesday","date_ts":1,"profit_abs":10.42042642,"wins":2,"draws":1,"losses":0,"trades":3,"profit_factor":0.0},{"date":"Wednesday","date_ts":2,"profit_abs":0.0,"wins":0,"draws":1,"losses":0,"trades":1,"profit_factor":0.0},{"date":"Thursday","date_ts":3,"profit_abs":-17.26911296,"wins":0,"draws":0,"losses":1,"trades":1,"profit_factor":0.0},{"date":"Friday","date_ts":4,"profit_abs":5.36064851,"wins":2,"draws":1,"losses":0,"trades":3,"profit_factor":0.0},{"date":"Saturday","date_ts":5,"profit_abs":0.0,"wins":0,"draws":1,"losses":0,"trades":1,"profit_factor":0.0},{"date":"Sunday","date_ts":6,"profit_abs":10.83740527,"wins":2,"draws":0,"losses":0,"trades":2,"profit_factor":0.0}]},"backtest_best_day":0.029722498963783997,"backtest_worst_day":-0.051890465296576614,"backtest_best_day_abs":9.767571,"backtest_worst_day_abs":-17.26911296,"winning_days":6,"draw_days":69,"losing_days":1,"daily_profit":[["2025-10-05",7.8335773],["2025-10-06",0.0],["2025-10-07",0.0],["2025-10-08",0.0],["2025-10-09",0.0],["2025-10-10",0.0],["2025-10-11",0.0],["2025-10-12",0.0],["2025-10-13",0.0],["2025-10-14",0.0],["2025-10-15",0.0],["2025-10-16",0.0],["2025-10-17",0.0],["2025-10-18",0.0],["2025-10-19",0.0],["2025-10-20",0.0],["2025-10-21",0.0],["2025-10-22",0.0],["2025-10-23",0.0],["2025-10-24",0.0],["2025-10-25",0.0],["2025-10-26",0.0],["2025-10-27",0.0],["2025-10-28",0.0],["2025-10-29",0.0],["2025-10-30",-17.26911296],["2025-10-31",0.0],["2025-11-01",0.0],["2025-11-02",0.0],["2025-11-03",0.0],["2025-11-04",0.0],["2025-11-05",0.0],["2025-11-06",0.0],["2025-11-07",1.56957415],["2025-11-08",0.0],["2025-11-09",3.00382797],["2025-11-10",0.0],["2025-11-11",0.0],["2025-11-12",0.0],["2025-11-13",0.0],["2025-11-14",0.0],["2025-11-15",0.0],["2025-11-16",0.0],["2025-11-17",0.0],["2025-11-18",0.0],["2025-11-19",0.0],["2025-11-20",0.0],["2025-11-21",0.0],["2025-11-22",0.0],["2025-11-23",0.0],["2025-11-24",0.0],["2025-11-25",0.0],["2025-11-26",0.0],["2025-11-27",0.0],["2025-11-28",0.0],["2025-11-29",0.0],["2025-11-30",0.0],["2025-12-01",0.0],["2025-12-02",0.0],["2025-12-03",0.0],["2025-12-04",0.0],["2025-12-05",0.0],["2025-12-06",0.0],["2025-12-07",0.0],["2025-12-08",0.0],["2025-12-09",9.767571],["2025-12-10",0.0],["2025-12-11",0.0],["2025-12-12",0.0],["2025-12-13",0.0],["2025-12-14",0.0],["2025-12-15",0.0],["2025-12-16",0.65285542],["2025-12-17",0.0],["2025-12-18",0.0],["2025-12-19",3.79107436]],"wins":6,"losses":1,"draws":5,"winrate":0.5,"holding_avg":"2:35:00","holding_avg_s":9300.0,"winner_holding_min":"0d 02:00","winner_holding_min_s":7200.0,"winner_holding_max":"0d 02:00","winner_holding_max_s":7200.0,"winner_holding_avg":"0d 02:00","winner_holding_avg_s":7200.0,"loser_holding_min":"0d 07:00","loser_holding_min_s":25200.0,"loser_holding_max":"0d 07:00","loser_holding_max_s":25200.0,"loser_holding_avg":"0d 07:00","loser_holding_avg_s":25200.0,"max_consecutive_wins":3,"max_consecutive_losses":3,"max_drawdown_account":0.01713488550983211,"max_relative_drawdown":0.01713488550983211,"max_drawdown_abs":17.26911296,"drawdown_start":"2025-10-05 04:00:00","drawdown_start_ts":1759636800000.0,"drawdown_end":"2025-10-30 04:00:00","drawdown_end_ts":1761796800000.0,"drawdown_duration":"25 days 00:00:00","drawdown_duration_s":2160000.0,"max_drawdown_low":-9.435535660000001,"max_drawdown_high":7.8335773,"csum_min":990.56446434,"csum_max":1009.34936724}},"strategy_comparison":[{"key":"ACO_12_18","trades":12,"profit_mean":0.002408226106497891,"profit_mean_pct":0.24,"profit_total_abs":9.34936724,"profit_total":0.00934936724,"profit_total_pct":0.93,"duration_avg":"2:35:00","wins":6,"draws":5,"losses":1,"winrate":0.5,"cagr":0.03563748887589546,"expectancy":0.7791139366666666,"expectancy_ratio":-0.3715506298168697,"sortino":-100,"sharpe":0.29299579016955796,"calmar":10.746714465809621,"sqn":0.4112,"profit_factor":1.5413924421975638,"max_drawdown_account":0.01713488550983211,"max_drawdown_abs":"17.269"}]}