{"strategy":{"ACO_27_1":{"trades":[{"pair":"DOGE/USDT","stake_amount":329.8343,"max_stake_amount":329.8343,"amount":1273.0,"open_date":"2025-10-03 03:00:00+00:00","close_date":"2025-10-03 05:00:00+00:00","open_rate":0.2591,"close_rate":0.26029,"fee_open":0.001,"fee_close":0.001,"trade_duration":120,"profit_ratio":0.0025856428403707448,"profit_abs":0.85368653,"exit_reason":"roi","initial_stop_loss_abs":0.24615,"initial_stop_loss_ratio":-0.05,"stop_loss_abs":0.24615,"stop_loss_ratio":-0.05,"min_rate":0.25686,"max_rate":0.26155,"is_open":false,"enter_tag":"","leverage":1.0,"is_short":false,"open_timestamp":1759460400000,"close_timestamp":1759467600000,"orders":[{"amount":1273.0,"safe_price":0.2591,"ft_order_side":"buy","order_filled_timestamp":1759460400000,"ft_is_entry":true,"ft_order_tag":"","cost":330.16413429999994},{"amount":1273.0,"safe_price":0.26029,"ft_order_side":"sell","order_filled_timestamp":1759467600000,"ft_is_entry":false,"ft_order_tag":"roi","cost":331.68051916999997}],"funding_fees":0.0,"weekday":4},{"pair":"DOGE/USDT","stake_amount":330.07741,"max_stake_amount":330.07741,"amount":1283.0,"open_date":"2025-10-06 07:00:00+00:00","close_date":"2025-10-06 09:00:00+00:00","open_rate":0.25727,"close_rate":0.25778505505505506,"fee_open":0.001,"fee_close":0.001,"trade_duration":120,"profit_ratio":0.0,"profit_abs":0.0,"exit_reason":"roi","initial_stop_loss_abs":0.24441,"initial_stop_loss_ratio":-0.05,"stop_loss_abs":0.24441,"stop_loss_ratio":-0.05,"min_rate":0.25406,"max_rate":0.25916,"is_open":false,"enter_tag":"","leverage":1.0,"is_short":false,"open_timestamp":1759734000000,"close_timestamp":1759741200000,"orders":[{"amount":1283.0,"safe_price":0.25727,"ft_order_side":"buy","order_filled_timestamp":1759734000000,"ft_is_entry":true,"ft_order_tag":"","cost":330.40748740999993},{"amount":1283.0,"safe_price":0.25778505505505506,"ft_order_side":"sell","order_filled_timestamp":1759741200000,"ft_is_entry":false,"ft_order_tag":"roi","cost":331.0689638612712}],"funding_fees":0.0,"weekday":0},{"pair":"DOGE/USDT","stake_amount":330.05715,"max_stake_amount":330.05715,"amount":1329.0,"open_date":"2025-10-08 09:00:00+00:00","close_date":"2025-10-08 11:00:00+00:00","open_rate":0.24835,"close_rate":0.2501,"fee_open":0.001,"fee_close":0.001,"trade_duration":120,"profit_ratio":0.0050344260128838345,"profit_abs":1.66330995,"exit_reason":"roi","initial_stop_loss_abs":0.23594,"initial_stop_loss_ratio":-0.05,"stop_loss_abs":0.23594,"stop_loss_ratio":-0.05,"min_rate":0.24742,"max_rate":0.25065,"is_open":false,"enter_tag":"","leverage":1.0,"is_short":false,"open_timestamp":1759914000000,"close_timestamp":1759921200000,"orders":[{"amount":1329.0,"safe_price":0.24835,"ft_order_side":"buy","order_filled_timestamp":1759914000000,"ft_is_entry":true,"ft_order_tag":"","cost":330.38720714999994},{"amount":1329.0,"safe_price":0.2501,"ft_order_side":"sell","order_filled_timestamp":1759921200000,"ft_is_entry":false,"ft_order_tag":"roi","cost":332.7152829}],"funding_fees":0.0,"weekday":2},{"pair":"DOGE/USDT","stake_amount":330.70675,"max_stake_amount":330.70675,"amount":1325.0,"open_date":"2025-10-09 13:00:00+00:00","close_date":"2025-10-09 22:00:00+00:00","open_rate":0.24959,"close_rate":0.25008967967967966,"fee_open":0.001,"fee_close":0.001,"trade_duration":540,"profit_ratio":0.0,"profit_abs":0.0,"exit_reason":"roi","initial_stop_loss_abs":0.23712,"initial_stop_loss_ratio":-0.05,"stop_loss_abs":0.23712,"stop_loss_ratio":-0.05,"min_rate":0.24099,"max_rate":0.25037,"is_open":false,"enter_tag":"","leverage":1.0,"is_short":false,"open_timestamp":1760014800000,"close_timestamp":1760047200000,"orders":[{"amount":1325.0,"safe_price":0.24959,"ft_order_side":"buy","order_filled_timestamp":1760014800000,"ft_is_entry":true,"ft_order_tag":"","cost":331.03745675},{"amount":1325.0,"safe_price":0.25008967967967966,"ft_order_side":"sell","order_filled_timestamp":1760047200000,"ft_is_entry":false,"ft_order_tag":"roi","cost":331.7001944011511}],"funding_fees":0.0,"weekday":3},{"pair":"DOGE/USDT","stake_amount":330.69204,"max_stake_amount":330.69204,"amount":1686.0,"open_date":"2025-10-12 15:00:00+00:00","close_date":"2025-10-12 16:00:00+00:00","open_rate":0.19614,"close_rate":0.2063494894894895,"fee_open":0.001,"fee_close":0.001,"trade_duration":60,"profit_ratio":0.04995004995004995,"profit_abs":16.534602,"exit_reason":"roi","initial_stop_loss_abs":0.18634,"initial_stop_loss_ratio":-0.05,"stop_loss_abs":0.18634,"stop_loss_ratio":-0.05,"min_rate":0.19562,"max_rate":0.2095,"is_open":false,"enter_tag":"","leverage":1.0,"is_short":false,"open_timestamp":1760281200000,"close_timestamp":1760284800000,"orders":[{"amount":1686.0,"safe_price":0.19614,"ft_order_side":"buy","order_filled_timestamp":1760281200000,"ft_is_entry":true,"ft_order_tag":"","cost":331.02273204},{"amount":1686.0,"safe_price":0.2063494894894895,"ft_order_side":"sell","order_filled_timestamp":1760284800000,"ft_is_entry":false,"ft_order_tag":"roi","cost":348.2531445185585}],"funding_fees":0.0,"weekday":6},{"pair":"DOGE/USDT","stake_amount":336.08284,"max_stake_amount":336.08284,"amount":1591.0,"open_date":"2025-10-13 14:00:00+00:00","close_date":"2025-10-13 16:00:00+00:00","open_rate":0.21124,"close_rate":0.21166290290290288,"fee_open":0.001,"fee_close":0.001,"trade_duration":120,"profit_ratio":0.0,"profit_abs":0.0,"exit_reason":"roi","initial_stop_loss_abs":0.20068,"initial_stop_loss_ratio":-0.05,"stop_loss_abs":0.20068,"stop_loss_ratio":-0.05,"min_rate":0.20517,"max_rate":0.21192,"is_open":false,"enter_tag":"","leverage":1.0,"is_short":false,"open_timestamp":1760364000000,"close_timestamp":1760371200000,"orders":[{"amount":1591.0,"safe_price":0.21124,"ft_order_side":"buy","order_filled_timestamp":1760364000000,"ft_is_entry":true,"ft_order_tag":"","cost":336.41892284},{"amount":1591.0,"safe_price":0.21166290290290288,"ft_order_side":"sell","order_filled_timestamp":1760371200000,"ft_is_entry":false,"ft_order_tag":"roi","cost":337.092434197037}],"funding_fees":0.0,"weekday":0},{"pair":"DOGE/USDT","stake_amount":336.24358,"max_stake_amount":336.24358,"amount":1697.0,"open_date":"2025-10-16 10:00:00+00:00","close_date":"2025-10-16 12:00:00+00:00","open_rate":0.19814,"close_rate":0.20034,"fee_open":0.001,"fee_close":0.001,"trade_duration":120,"profit_ratio":0.0090830739866775,"profit_abs":3.05717944,"exit_reason":"roi","initial_stop_loss_abs":0.18824,"initial_stop_loss_ratio":-0.05,"stop_loss_abs":0.18824,"stop_loss_ratio":-0.05,"min_rate":0.19777,"max_rate":0.2015,"is_open":false,"enter_tag":"","leverage":1.0,"is_short":false,"open_timestamp":1760608800000,"close_timestamp":1760616000000,"orders":[{"amount":1697.0,"safe_price":0.19814,"ft_order_side":"buy","order_filled_timestamp":1760608800000,"ft_is_entry":true,"ft_order_tag":"","cost":336.57982358},{"amount":1697.0,"safe_price":0.20034,"ft_order_side":"sell","order_filled_timestamp":1760616000000,"ft_is_entry":false,"ft_order_tag":"roi","cost":340.31695697999993}],"funding_fees":0.0,"weekday":3},{"pair":"DOGE/USDT","stake_amount":337.16813,"max_stake_amount":337.16813,"amount":1807.0,"open_date":"2025-10-18 06:00:00+00:00","close_date":"2025-10-18 08:00:00+00:00","open_rate":0.18659,"close_rate":0.18788,"fee_open":0.001,"fee_close":0.001,"trade_duration":120,"profit_ratio":0.0049017384887474385,"profit_abs":1.65436271,"exit_reason":"roi","initial_stop_loss_abs":0.17727,"initial_stop_loss_ratio":-0.05,"stop_loss_abs":0.17727,"stop_loss_ratio":-0.05,"min_rate":0.18616,"max_rate":0.18988,"is_open":false,"enter_tag":"","leverage":1.0,"is_short":false,"open_timestamp":1760767200000,"close_timestamp":1760774400000,"orders":[{"amount":1807.0,"safe_price":0.18659,"ft_order_side":"buy","order_filled_timestamp":1760767200000,"ft_is_entry":true,"ft_order_tag":"","cost":337.50529812999997},{"amount":1807.0,"safe_price":0.18788,"ft_order_side":"sell","order_filled_timestamp":1760774400000,"ft_is_entry":false,"ft_order_tag":"roi","cost":339.8386591599999}],"funding_fees":0.0,"weekday":5},{"pair":"DOGE/USDT","stake_amount":337.79556,"max_stake_amount":337.79556,"amount":1801.0,"open_date":"2025-10-18 15:00:00+00:00","close_date":"2025-10-18 17:00:00+00:00","open_rate":0.18756,"close_rate":0.18793549549549549,"fee_open":0.001,"fee_close":0.001,"trade_duration":120,"profit_ratio":0.0,"profit_abs":0.0,"exit_reason":"roi","initial_stop_loss_abs":0.17819,"initial_stop_loss_ratio":-0.05,"stop_loss_abs":0.17819,"stop_loss_ratio":-0.05,"min_rate":0.18598,"max_rate":0.1903,"is_open":false,"enter_tag":"","leverage":1.0,"is_short":false,"open_timestamp":1760799600000,"close_timestamp":1760806800000,"orders":[{"amount":1801.0,"safe_price":0.18756,"ft_order_side":"buy","order_filled_timestamp":1760799600000,"ft_is_entry":true,"ft_order_tag":"","cost":338.13335556},{"amount":1801.0,"safe_price":0.18793549549549549,"ft_order_side":"sell","order_filled_timestamp":1760806800000,"ft_is_entry":false,"ft_order_tag":"roi","cost":338.8102992147747}],"funding_fees":0.0,"weekday":5},{"pair":"DOGE/USDT","stake_amount":337.67215,"max_stake_amount":337.67215,"amount":1663.0,"open_date":"2025-10-21 15:00:00+00:00","close_date":"2025-10-22 00:00:00+00:00","open_rate":0.20305,"close_rate":0.1929,"fee_open":0.001,"fee_close":0.001,"trade_duration":540,"profit_ratio":-0.05188581425961382,"profit_abs":-17.53791485,"exit_reason":"stop_loss","initial_stop_loss_abs":0.1929,"initial_stop_loss_ratio":-0.05,"stop_loss_abs":0.1929,"stop_loss_ratio":-0.05,"min_rate":0.19251,"max_rate":0.20563,"is_open":false,"enter_tag":"","leverage":1.0,"is_short":false,"open_timestamp":1761058800000,"close_timestamp":1761091200000,"orders":[{"amount":1663.0,"safe_price":0.20305,"ft_order_side":"buy","order_filled_timestamp":1761058800000,"ft_is_entry":true,"ft_order_tag":"","cost":338.00982214999993},{"amount":1663.0,"safe_price":0.1929,"ft_order_side":"sell","order_filled_timestamp":1761091200000,"ft_is_entry":false,"ft_order_tag":"stop_loss","cost":321.11349269999994}],"funding_fees":0.0,"weekday":2},{"pair":"DOGE/USDT","stake_amount":332.019,"max_stake_amount":332.019,"amount":1620.0,"open_date":"2025-10-27 17:00:00+00:00","close_date":"2025-10-28 20:00:00+00:00","open_rate":0.20495,"close_rate":0.19471,"fee_open":0.001,"fee_close":0.001,"trade_duration":1620,"profit_ratio":-0.05186158072227845,"profit_abs":-17.2362492,"exit_reason":"stop_loss","initial_stop_loss_abs":0.19471,"initial_stop_loss_ratio":-0.05,"stop_loss_abs":0.19471,"stop_loss_ratio":-0.05,"min_rate":0.19189,"max_rate":0.20569,"is_open":false,"enter_tag":"","leverage":1.0,"is_short":false,"open_timestamp":1761584400000,"close_timestamp":1761681600000,"orders":[{"amount":1620.0,"safe_price":0.20495,"ft_order_side":"buy","order_filled_timestamp":1761584400000,"ft_is_entry":true,"ft_order_tag":"","cost":332.35101899999995},{"amount":1620.0,"safe_price":0.19471,"ft_order_side":"sell","order_filled_timestamp":1761681600000,"ft_is_entry":false,"ft_order_tag":"stop_loss","cost":315.7456302}],"funding_fees":0.0,"weekday":1},{"pair":"DOGE/USDT","stake_amount":326.3347,"max_stake_amount":326.3347,"amount":1670.0,"open_date":"2025-10-29 12:00:00+00:00","close_date":"2025-10-29 17:00:00+00:00","open_rate":0.19541,"close_rate":0.1958012112112112,"fee_open":0.001,"fee_close":0.001,"trade_duration":300,"profit_ratio":0.0,"profit_abs":0.0,"exit_reason":"roi","initial_stop_loss_abs":0.18564,"initial_stop_loss_ratio":-0.05,"stop_loss_abs":0.18564,"stop_loss_ratio":-0.05,"min_rate":0.19022,"max_rate":0.19728,"is_open":false,"enter_tag":"","leverage":1.0,"is_short":false,"open_timestamp":1761739200000,"close_timestamp":1761757200000,"orders":[{"amount":1670.0,"safe_price":0.19541,"ft_order_side":"buy","order_filled_timestamp":1761739200000,"ft_is_entry":true,"ft_order_tag":"","cost":326.66103469999996},{"amount":1670.0,"safe_price":0.1958012112112112,"ft_order_side":"sell","order_filled_timestamp":1761757200000,"ft_is_entry":false,"ft_order_tag":"roi","cost":327.31501074544536}],"funding_fees":0.0,"weekday":2},{"pair":"DOGE/USDT","stake_amount":326.21056,"max_stake_amount":326.21056,"amount":1664.0,"open_date":"2025-10-29 18:00:00+00:00","close_date":"2025-10-29 20:00:00+00:00","open_rate":0.19604,"close_rate":0.19643247247247245,"fee_open":0.001,"fee_close":0.001,"trade_duration":120,"profit_ratio":0.0,"profit_abs":0.0,"exit_reason":"roi","initial_stop_loss_abs":0.18624,"initial_stop_loss_ratio":-0.05,"stop_loss_abs":0.18624,"stop_loss_ratio":-0.05,"min_rate":0.1871,"max_rate":0.197,"is_open":false,"enter_tag":"","leverage":1.0,"is_short":false,"open_timestamp":1761760800000,"close_timestamp":1761768000000,"orders":[{"amount":1664.0,"safe_price":0.19604,"ft_order_side":"buy","order_filled_timestamp":1761760800000,"ft_is_entry":true,"ft_order_tag":"","cost":326.5367705599999},{"amount":1664.0,"safe_price":0.19643247247247245,"ft_order_side":"sell","order_filled_timestamp":1761768000000,"ft_is_entry":false,"ft_order_tag":"roi","cost":327.19049782838835}],"funding_fees":0.0,"weekday":2},{"pair":"DOGE/USDT","stake_amount":326.26648,"max_stake_amount":326.26648,"amount":1786.0,"open_date":"2025-10-31 00:00:00+00:00","close_date":"2025-10-31 02:00:00+00:00","open_rate":0.18268,"close_rate":0.18548,"fee_open":0.001,"fee_close":0.001,"trade_duration":120,"profit_ratio":0.013298722298065412,"profit_abs":4.34326624,"exit_reason":"roi","initial_stop_loss_abs":0.17355,"initial_stop_loss_ratio":-0.05,"stop_loss_abs":0.17355,"stop_loss_ratio":-0.05,"min_rate":0.18228,"max_rate":0.18585,"is_open":false,"enter_tag":"","leverage":1.0,"is_short":false,"open_timestamp":1761868800000,"close_timestamp":1761876000000,"orders":[{"amount":1786.0,"safe_price":0.18268,"ft_order_side":"buy","order_filled_timestamp":1761868800000,"ft_is_entry":true,"ft_order_tag":"","cost":326.59274647999996},{"amount":1786.0,"safe_price":0.18548,"ft_order_side":"sell","order_filled_timestamp":1761876000000,"ft_is_entry":false,"ft_order_tag":"roi","cost":331.59854728}],"funding_fees":0.0,"weekday":4},{"pair":"DOGE/USDT","stake_amount":327.71886,"max_stake_amount":327.71886,"amount":1743.0,"open_date":"2025-11-02 05:00:00+00:00","close_date":"2025-11-02 07:00:00+00:00","open_rate":0.18802,"close_rate":0.18839641641641638,"fee_open":0.001,"fee_close":0.001,"trade_duration":120,"profit_ratio":0.0,"profit_abs":0.0,"exit_reason":"roi","initial_stop_loss_abs":0.17862,"initial_stop_loss_ratio":-0.05,"stop_loss_abs":0.17862,"stop_loss_ratio":-0.05,"min_rate":0.18701,"max_rate":0.18884,"is_open":false,"enter_tag":"","leverage":1.0,"is_short":false,"open_timestamp":1762059600000,"close_timestamp":1762066800000,"orders":[{"amount":1743.0,"safe_price":0.18802,"ft_order_side":"buy","order_filled_timestamp":1762059600000,"ft_is_entry":true,"ft_order_tag":"","cost":328.04657885999995},{"amount":1743.0,"safe_price":0.18839641641641638,"ft_order_side":"sell","order_filled_timestamp":1762066800000,"ft_is_entry":false,"ft_order_tag":"roi","cost":328.7033287676275}],"funding_fees":0.0,"weekday":6},{"pair":"DOGE/USDT","stake_amount":327.68359,"max_stake_amount":327.68359,"amount":1963.0,"open_date":"2025-11-04 15:00:00+00:00","close_date":"2025-11-04 17:00:00+00:00","open_rate":0.16693,"close_rate":0.15859,"fee_open":0.001,"fee_close":0.001,"trade_duration":120,"profit_ratio":-0.051859241220051144,"profit_abs":-17.01041576,"exit_reason":"stop_loss","initial_stop_loss_abs":0.15859,"initial_stop_loss_ratio":-0.05,"stop_loss_abs":0.15859,"stop_loss_ratio":-0.05,"min_rate":0.1562,"max_rate":0.16853,"is_open":false,"enter_tag":"","leverage":1.0,"is_short":false,"open_timestamp":1762268400000,"close_timestamp":1762275600000,"orders":[{"amount":1963.0,"safe_price":0.16693,"ft_order_side":"buy","order_filled_timestamp":1762268400000,"ft_is_entry":true,"ft_order_tag":"","cost":328.0112735899999},{"amount":1963.0,"safe_price":0.15859,"ft_order_side":"sell","order_filled_timestamp":1762275600000,"ft_is_entry":false,"ft_order_tag":"stop_loss","cost":311.62348217}],"funding_fees":0.0,"weekday":1},{"pair":"DOGE/USDT","stake_amount":322.17441,"max_stake_amount":322.17441,"amount":1839.0,"open_date":"2025-11-09 08:00:00+00:00","close_date":"2025-11-09 12:00:00+00:00","open_rate":0.17519,"close_rate":0.17554073073073073,"fee_open":0.001,"fee_close":0.001,"trade_duration":240,"profit_ratio":0.0,"profit_abs":0.0,"exit_reason":"roi","initial_stop_loss_abs":0.16644,"initial_stop_loss_ratio":-0.05,"stop_loss_abs":0.16644,"stop_loss_ratio":-0.05,"min_rate":0.17243,"max_rate":0.17601,"is_open":false,"enter_tag":"","leverage":1.0,"is_short":false,"open_timestamp":1762675200000,"close_timestamp":1762689600000,"orders":[{"amount":1839.0,"safe_price":0.17519,"ft_order_side":"buy","order_filled_timestamp":1762675200000,"ft_is_entry":true,"ft_order_tag":"","cost":322.49658440999997},{"amount":1839.0,"safe_price":0.17554073073073073,"ft_order_side":"sell","order_filled_timestamp":1762689600000,"ft_is_entry":false,"ft_order_tag":"roi","cost":323.1422232176276}],"funding_fees":0.0,"weekday":6},{"pair":"DOGE/USDT","stake_amount":322.18506,"max_stake_amount":322.18506,"amount":1851.0,"open_date":"2025-11-13 04:00:00+00:00","close_date":"2025-11-13 06:00:00+00:00","open_rate":0.17406,"close_rate":0.17603,"fee_open":0.001,"fee_close":0.001,"trade_duration":120,"profit_ratio":0.00929732108635935,"profit_abs":2.99845341,"exit_reason":"roi","initial_stop_loss_abs":0.16536,"initial_stop_loss_ratio":-0.05,"stop_loss_abs":0.16536,"stop_loss_ratio":-0.05,"min_rate":0.17325,"max_rate":0.17684,"is_open":false,"enter_tag":"","leverage":1.0,"is_short":false,"open_timestamp":1763006400000,"close_timestamp":1763013600000,"orders":[{"amount":1851.0,"safe_price":0.17406,"ft_order_side":"buy","order_filled_timestamp":1763006400000,"ft_is_entry":true,"ft_order_tag":"","cost":322.50724505999995},{"amount":1851.0,"safe_price":0.17603,"ft_order_side":"sell","order_filled_timestamp":1763013600000,"ft_is_entry":false,"ft_order_tag":"roi","cost":326.15736152999995}],"funding_fees":0.0,"weekday":3},{"pair":"DOGE/USDT","stake_amount":323.07552,"max_stake_amount":323.07552,"amount":1952.0,"open_date":"2025-11-14 07:00:00+00:00","close_date":"2025-11-14 23:00:00+00:00","open_rate":0.16551,"close_rate":0.15724,"fee_open":0.001,"fee_close":0.001,"trade_duration":960,"profit_ratio":-0.05186493767244175,"profit_abs":-16.773048,"exit_reason":"stop_loss","initial_stop_loss_abs":0.15724,"initial_stop_loss_ratio":-0.05,"stop_loss_abs":0.15724,"stop_loss_ratio":-0.05,"min_rate":0.15472,"max_rate":0.16628,"is_open":false,"enter_tag":"","leverage":1.0,"is_short":false,"open_timestamp":1763103600000,"close_timestamp":1763161200000,"orders":[{"amount":1952.0,"safe_price":0.16551,"ft_order_side":"buy","order_filled_timestamp":1763103600000,"ft_is_entry":true,"ft_order_tag":"","cost":323.39859551999996},{"amount":1952.0,"safe_price":0.15724,"ft_order_side":"sell","order_filled_timestamp":1763161200000,"ft_is_entry":false,"ft_order_tag":"stop_loss","cost":307.23941247999994}],"funding_fees":0.0,"weekday":4},{"pair":"DOGE/USDT","stake_amount":317.5603,"max_stake_amount":317.5603,"amount":1985.0,"open_date":"2025-11-17 01:00:00+00:00","close_date":"2025-11-17 03:00:00+00:00","open_rate":0.15998,"close_rate":0.16030028028028026,"fee_open":0.001,"fee_close":0.001,"trade_duration":120,"profit_ratio":0.0,"profit_abs":0.0,"exit_reason":"roi","initial_stop_loss_abs":0.15199,"initial_stop_loss_ratio":-0.05,"stop_loss_abs":0.15199,"stop_loss_ratio":-0.05,"min_rate":0.1581,"max_rate":0.16166,"is_open":false,"enter_tag":"","leverage":1.0,"is_short":false,"open_timestamp":1763341200000,"close_timestamp":1763348400000,"orders":[{"amount":1985.0,"safe_price":0.15998,"ft_order_side":"buy","order_filled_timestamp":1763341200000,"ft_is_entry":true,"ft_order_tag":"","cost":317.8778603},{"amount":1985.0,"safe_price":0.16030028028028026,"ft_order_side":"sell","order_filled_timestamp":1763348400000,"ft_is_entry":false,"ft_order_tag":"roi","cost":318.51425241271266}],"funding_fees":0.0,"weekday":0},{"pair":"DOGE/USDT","stake_amount":317.47836,"max_stake_amount":317.47836,"amount":1956.0,"open_date":"2025-11-17 15:00:00+00:00","close_date":"2025-11-17 18:00:00+00:00","open_rate":0.16231,"close_rate":0.1542,"fee_open":0.001,"fee_close":0.001,"trade_duration":180,"profit_ratio":-0.051864283827810415,"profit_abs":-16.48225356,"exit_reason":"stop_loss","initial_stop_loss_abs":0.1542,"initial_stop_loss_ratio":-0.05,"stop_loss_abs":0.1542,"stop_loss_ratio":-0.05,"min_rate":0.15372,"max_rate":0.16367,"is_open":false,"enter_tag":"","leverage":1.0,"is_short":false,"open_timestamp":1763391600000,"close_timestamp":1763402400000,"orders":[{"amount":1956.0,"safe_price":0.16231,"ft_order_side":"buy","order_filled_timestamp":1763391600000,"ft_is_entry":true,"ft_order_tag":"","cost":317.79583835999995},{"amount":1956.0,"safe_price":0.1542,"ft_order_side":"sell","order_filled_timestamp":1763402400000,"ft_is_entry":false,"ft_order_tag":"stop_loss","cost":301.9168152}],"funding_fees":0.0,"weekday":0},{"pair":"DOGE/USDT","stake_amount":312.11796,"max_stake_amount":312.11796,"amount":2244.0,"open_date":"2025-11-22 15:00:00+00:00","close_date":"2025-11-22 17:00:00+00:00","open_rate":0.13909,"close_rate":0.13953,"fee_open":0.001,"fee_close":0.001,"trade_duration":120,"profit_ratio":0.0011590968525327574,"profit_abs":0.36213672,"exit_reason":"roi","initial_stop_loss_abs":0.13214,"initial_stop_loss_ratio":-0.05,"stop_loss_abs":0.13214,"stop_loss_ratio":-0.05,"min_rate":0.13729,"max_rate":0.13977,"is_open":false,"enter_tag":"","leverage":1.0,"is_short":false,"open_timestamp":1763823600000,"close_timestamp":1763830800000,"orders":[{"amount":2244.0,"safe_price":0.13909,"ft_order_side":"buy","order_filled_timestamp":1763823600000,"ft_is_entry":true,"ft_order_tag":"","cost":312.43007795999995},{"amount":2244.0,"safe_price":0.13953,"ft_order_side":"sell","order_filled_timestamp":1763830800000,"ft_is_entry":false,"ft_order_tag":"roi","cost":313.4184253199999}],"funding_fees":0.0,"weekday":5},{"pair":"DOGE/USDT","stake_amount":312.2902,"max_stake_amount":312.2902,"amount":2140.0,"open_date":"2025-11-24 02:00:00+00:00","close_date":"2025-11-24 04:00:00+00:00","open_rate":0.14593,"close_rate":0.14732,"fee_open":0.001,"fee_close":0.001,"trade_duration":120,"profit_ratio":0.00750808158469366,"profit_abs":2.347045,"exit_reason":"roi","initial_stop_loss_abs":0.13864,"initial_stop_loss_ratio":-0.05,"stop_loss_abs":0.13864,"stop_loss_ratio":-0.05,"min_rate":0.14453,"max_rate":0.1493,"is_open":false,"enter_tag":"","leverage":1.0,"is_short":false,"open_timestamp":1763949600000,"close_timestamp":1763956800000,"orders":[{"amount":2140.0,"safe_price":0.14593,"ft_order_side":"buy","order_filled_timestamp":1763949600000,"ft_is_entry":true,"ft_order_tag":"","cost":312.6024902},{"amount":2140.0,"safe_price":0.14732,"ft_order_side":"sell","order_filled_timestamp":1763956800000,"ft_is_entry":false,"ft_order_tag":"roi","cost":315.5800648}],"funding_fees":0.0,"weekday":0},{"pair":"DOGE/USDT","stake_amount":312.96717,"max_stake_amount":312.96717,"amount":2043.0,"open_date":"2025-11-28 09:00:00+00:00","close_date":"2025-11-28 14:00:00+00:00","open_rate":0.15319,"close_rate":0.15349668668668665,"fee_open":0.001,"fee_close":0.001,"trade_duration":300,"profit_ratio":0.0,"profit_abs":0.0,"exit_reason":"roi","initial_stop_loss_abs":0.14554,"initial_stop_loss_ratio":-0.05,"stop_loss_abs":0.14554,"stop_loss_ratio":-0.05,"min_rate":0.14975,"max_rate":0.15395,"is_open":false,"enter_tag":"","leverage":1.0,"is_short":false,"open_timestamp":1764320400000,"close_timestamp":1764338400000,"orders":[{"amount":2043.0,"safe_price":0.15319,"ft_order_side":"buy","order_filled_timestamp":1764320400000,"ft_is_entry":true,"ft_order_tag":"","cost":313.28013717},{"amount":2043.0,"safe_price":0.15349668668668665,"ft_order_side":"sell","order_filled_timestamp":1764338400000,"ft_is_entry":false,"ft_order_tag":"roi","cost":313.9073246318017}],"funding_fees":0.0,"weekday":4},{"pair":"DOGE/USDT","stake_amount":312.9468,"max_stake_amount":312.9468,"amount":2078.0,"open_date":"2025-11-29 05:00:00+00:00","close_date":"2025-12-01 00:00:00+00:00","open_rate":0.1506,"close_rate":0.14307,"fee_open":0.001,"fee_close":0.001,"trade_duration":2580,"profit_ratio":-0.051898101898101894,"profit_abs":-16.25758626,"exit_reason":"stop_loss","initial_stop_loss_abs":0.14307,"initial_stop_loss_ratio":-0.05,"stop_loss_abs":0.14307,"stop_loss_ratio":-0.05,"min_rate":0.13876,"max_rate":0.15062,"is_open":false,"enter_tag":"","leverage":1.0,"is_short":false,"open_timestamp":1764392400000,"close_timestamp":1764547200000,"orders":[{"amount":2078.0,"safe_price":0.1506,"ft_order_side":"buy","order_filled_timestamp":1764392400000,"ft_is_entry":true,"ft_order_tag":"","cost":313.25974679999996},{"amount":2078.0,"safe_price":0.14307,"ft_order_side":"sell","order_filled_timestamp":1764547200000,"ft_is_entry":false,"ft_order_tag":"stop_loss","cost":297.59675946}],"funding_fees":0.0,"weekday":0},{"pair":"DOGE/USDT","stake_amount":307.6689,"max_stake_amount":307.6689,"amount":2103.0,"open_date":"2025-12-09 16:00:00+00:00","close_date":"2025-12-09 18:00:00+00:00","open_rate":0.1463,"close_rate":0.15095,"fee_open":0.001,"fee_close":0.001,"trade_duration":120,"profit_ratio":0.029722498963783994,"profit_abs":9.15383325,"exit_reason":"roi","initial_stop_loss_abs":0.13899,"initial_stop_loss_ratio":-0.05,"stop_loss_abs":0.13899,"stop_loss_ratio":-0.05,"min_rate":0.1463,"max_rate":0.15319,"is_open":false,"enter_tag":"","leverage":1.0,"is_short":false,"open_timestamp":1765296000000,"close_timestamp":1765303200000,"orders":[{"amount":2103.0,"safe_price":0.1463,"ft_order_side":"buy","order_filled_timestamp":1765296000000,"ft_is_entry":true,"ft_order_tag":"","cost":307.97656889999996},{"amount":2103.0,"safe_price":0.15095,"ft_order_side":"sell","order_filled_timestamp":1765303200000,"ft_is_entry":false,"ft_order_tag":"roi","cost":317.76529784999997}],"funding_fees":0.0,"weekday":1},{"pair":"DOGE/USDT","stake_amount":310.66984,"max_stake_amount":310.66984,"amount":2236.0,"open_date":"2025-12-13 22:00:00+00:00","close_date":"2025-12-14 02:00:00+00:00","open_rate":0.13894,"close_rate":0.13921815815815813,"fee_open":0.001,"fee_close":0.001,"trade_duration":240,"profit_ratio":0.0,"profit_abs":0.0,"exit_reason":"roi","initial_stop_loss_abs":0.132,"initial_stop_loss_ratio":-0.05,"stop_loss_abs":0.132,"stop_loss_ratio":-0.05,"min_rate":0.13848,"max_rate":0.13944,"is_open":false,"enter_tag":"","leverage":1.0,"is_short":false,"open_timestamp":1765663200000,"close_timestamp":1765677600000,"orders":[{"amount":2236.0,"safe_price":0.13894,"ft_order_side":"buy","order_filled_timestamp":1765663200000,"ft_is_entry":true,"ft_order_tag":"","cost":310.98050983999997},{"amount":2236.0,"safe_price":0.13921815815815813,"ft_order_side":"sell","order_filled_timestamp":1765677600000,"ft_is_entry":false,"ft_order_tag":"roi","cost":311.6030934432832}],"funding_fees":0.0,"weekday":6},{"pair":"DOGE/USDT","stake_amount":310.68654,"max_stake_amount":310.68654,"amount":2391.0,"open_date":"2025-12-16 07:00:00+00:00","close_date":"2025-12-16 10:00:00+00:00","open_rate":0.12994,"close_rate":0.13020014014014014,"fee_open":0.001,"fee_close":0.001,"trade_duration":180,"profit_ratio":0.0,"profit_abs":0.0,"exit_reason":"roi","initial_stop_loss_abs":0.12345,"initial_stop_loss_ratio":-0.05,"stop_loss_abs":0.12345,"stop_loss_ratio":-0.05,"min_rate":0.12831,"max_rate":0.13149,"is_open":false,"enter_tag":"","leverage":1.0,"is_short":false,"open_timestamp":1765868400000,"close_timestamp":1765879200000,"orders":[{"amount":2391.0,"safe_price":0.12994,"ft_order_side":"buy","order_filled_timestamp":1765868400000,"ft_is_entry":true,"ft_order_tag":"","cost":310.99722653999993},{"amount":2391.0,"safe_price":0.13020014014014014,"ft_order_side":"sell","order_filled_timestamp":1765879200000,"ft_is_entry":false,"ft_order_tag":"roi","cost":311.61984361015016}],"funding_fees":0.0,"weekday":1},{"pair":"DOGE/USDT","stake_amount":310.6833,"max_stake_amount":310.6833,"amount":2370.0,"open_date":"2025-12-17 14:00:00+00:00","close_date":"2025-12-18 05:00:00+00:00","open_rate":0.13109,"close_rate":0.12454,"fee_open":0.001,"fee_close":0.001,"trade_duration":900,"profit_ratio":-0.051863842923420306,"profit_abs":-16.1293431,"exit_reason":"stop_loss","initial_stop_loss_abs":0.12454,"initial_stop_loss_ratio":-0.05,"stop_loss_abs":0.12454,"stop_loss_ratio":-0.05,"min_rate":0.12385,"max_rate":0.13631,"is_open":false,"enter_tag":"","leverage":1.0,"is_short":false,"open_timestamp":1765980000000,"close_timestamp":1766034000000,"orders":[{"amount":2370.0,"safe_price":0.13109,"ft_order_side":"buy","order_filled_timestamp":1765980000000,"ft_is_entry":true,"ft_order_tag":"","cost":310.9939833},{"amount":2370.0,"safe_price":0.12454,"ft_order_side":"sell","order_filled_timestamp":1766034000000,"ft_is_entry":false,"ft_order_tag":"stop_loss","cost":295.4549598}],"funding_fees":0.0,"weekday":3},{"pair":"DOGE/USDT","stake_amount":305.36583,"max_stake_amount":305.36583,"amount":2433.0,"open_date":"2025-12-19 04:00:00+00:00","close_date":"2025-12-19 06:00:00+00:00","open_rate":0.12551,"close_rate":0.1257612712712713,"fee_open":0.001,"fee_close":0.001,"trade_duration":120,"profit_ratio":0.0,"profit_abs":0.0,"exit_reason":"roi","initial_stop_loss_abs":0.11924,"initial_stop_loss_ratio":-0.05,"stop_loss_abs":0.11924,"stop_loss_ratio":-0.05,"min_rate":0.12539,"max_rate":0.12673,"is_open":false,"enter_tag":"","leverage":1.0,"is_short":false,"open_timestamp":1766116800000,"close_timestamp":1766124000000,"orders":[{"amount":2433.0,"safe_price":0.12551,"ft_order_side":"buy","order_filled_timestamp":1766116800000,"ft_is_entry":true,"ft_order_tag":"","cost":305.67119583},{"amount":2433.0,"safe_price":0.1257612712712713,"ft_order_side":"sell","order_filled_timestamp":1766124000000,"ft_is_entry":false,"ft_order_tag":"roi","cost":306.283150176006}],"funding_fees":0.0,"weekday":4},{"pair":"DOGE/USDT","stake_amount":305.33019,"max_stake_amount":305.33019,"amount":2299.0,"open_date":"2025-12-21 09:00:00+00:00","close_date":"2025-12-22 00:00:00+00:00","open_rate":0.13281,"close_rate":0.13307588588588587,"fee_open":0.001,"fee_close":0.001,"trade_duration":900,"profit_ratio":0.0,"profit_abs":0.0,"exit_reason":"roi","initial_stop_loss_abs":0.12617,"initial_stop_loss_ratio":-0.05,"stop_loss_abs":0.12617,"stop_loss_ratio":-0.05,"min_rate":0.12871,"max_rate":0.13424,"is_open":false,"enter_tag":"","leverage":1.0,"is_short":false,"open_timestamp":1766307600000,"close_timestamp":1766361600000,"orders":[{"amount":2299.0,"safe_price":0.13281,"ft_order_side":"buy","order_filled_timestamp":1766307600000,"ft_is_entry":true,"ft_order_tag":"","cost":305.63552018999997},{"amount":2299.0,"safe_price":0.13307588588588587,"ft_order_side":"sell","order_filled_timestamp":1766361600000,"ft_is_entry":false,"ft_order_tag":"roi","cost":306.2474031133032}],"funding_fees":0.0,"weekday":0},{"pair":"DOGE/USDT","stake_amount":305.34448,"max_stake_amount":305.34448,"amount":2291.0,"open_date":"2025-12-23 01:00:00+00:00","close_date":"2025-12-24 08:00:00+00:00","open_rate":0.13328,"close_rate":0.12662,"fee_open":0.001,"fee_close":0.001,"trade_duration":1860,"profit_ratio":-0.05186814985734554,"profit_abs":-15.8534909,"exit_reason":"stop_loss","initial_stop_loss_abs":0.12662,"initial_stop_loss_ratio":-0.05,"stop_loss_abs":0.12662,"stop_loss_ratio":-0.05,"min_rate":0.12651,"max_rate":0.13369,"is_open":false,"enter_tag":"","leverage":1.0,"is_short":false,"open_timestamp":1766451600000,"close_timestamp":1766563200000,"orders":[{"amount":2291.0,"safe_price":0.13328,"ft_order_side":"buy","order_filled_timestamp":1766451600000,"ft_is_entry":true,"ft_order_tag":"","cost":305.64982448},{"amount":2291.0,"safe_price":0.12662,"ft_order_side":"sell","order_filled_timestamp":1766563200000,"ft_is_entry":false,"ft_order_tag":"stop_loss","cost":290.37650642}],"funding_fees":0.0,"weekday":2},{"pair":"DOGE/USDT","stake_amount":300.09417,"max_stake_amount":300.09417,"amount":2337.0,"open_date":"2025-12-24 13:00:00+00:00","close_date":"2025-12-24 16:00:00+00:00","open_rate":0.12841,"close_rate":0.12866707707707706,"fee_open":0.001,"fee_close":0.001,"trade_duration":180,"profit_ratio":0.0,"profit_abs":0.0,"exit_reason":"roi","initial_stop_loss_abs":0.12199,"initial_stop_loss_ratio":-0.05,"stop_loss_abs":0.12199,"stop_loss_ratio":-0.05,"min_rate":0.1268,"max_rate":0.12946,"is_open":false,"enter_tag":"","leverage":1.0,"is_short":false,"open_timestamp":1766581200000,"close_timestamp":1766592000000,"orders":[{"amount":2337.0,"safe_price":0.12841,"ft_order_side":"buy","order_filled_timestamp":1766581200000,"ft_is_entry":true,"ft_order_tag":"","cost":300.39426417},{"amount":2337.0,"safe_price":0.12866707707707706,"ft_order_side":"sell","order_filled_timestamp":1766592000000,"ft_is_entry":false,"ft_order_tag":"roi","cost":300.99565408825816}],"funding_fees":0.0,"weekday":2},{"pair":"DOGE/USDT","stake_amount":300.16224,"max_stake_amount":300.16224,"amount":2352.0,"open_date":"2025-12-25 16:00:00+00:00","close_date":"2025-12-26 16:00:00+00:00","open_rate":0.12762,"close_rate":0.12124,"fee_open":0.001,"fee_close":0.001,"trade_duration":1440,"profit_ratio":-0.05189028179155118,"profit_abs":-15.59107872,"exit_reason":"stop_loss","initial_stop_loss_abs":0.12124,"initial_stop_loss_ratio":-0.05,"stop_loss_abs":0.12124,"stop_loss_ratio":-0.05,"min_rate":0.12064,"max_rate":0.12801,"is_open":false,"enter_tag":"","leverage":1.0,"is_short":false,"open_timestamp":1766678400000,"close_timestamp":1766764800000,"orders":[{"amount":2352.0,"safe_price":0.12762,"ft_order_side":"buy","order_filled_timestamp":1766678400000,"ft_is_entry":true,"ft_order_tag":"","cost":300.46240224},{"amount":2352.0,"safe_price":0.12124,"ft_order_side":"sell","order_filled_timestamp":1766764800000,"ft_is_entry":false,"ft_order_tag":"stop_loss","cost":285.44163647999994}],"funding_fees":0.0,"weekday":4},{"pair":"DOGE/USDT","stake_amount":294.9524,"max_stake_amount":294.9524,"amount":2488.0,"open_date":"2026-01-01 06:00:00+00:00","close_date":"2026-01-01 08:00:00+00:00","open_rate":0.11855,"close_rate":0.11878733733733732,"fee_open":0.001,"fee_close":0.001,"trade_duration":120,"profit_ratio":0.0,"profit_abs":0.0,"exit_reason":"roi","initial_stop_loss_abs":0.11263,"initial_stop_loss_ratio":-0.05,"stop_loss_abs":0.11263,"stop_loss_ratio":-0.05,"min_rate":0.11831,"max_rate":0.12042,"is_open":false,"enter_tag":"","leverage":1.0,"is_short":false,"open_timestamp":1767247200000,"close_timestamp":1767254400000,"orders":[{"amount":2488.0,"safe_price":0.11855,"ft_order_side":"buy","order_filled_timestamp":1767247200000,"ft_is_entry":true,"ft_order_tag":"","cost":295.24735239999995},{"amount":2488.0,"safe_price":0.11878733733733732,"ft_order_side":"sell","order_filled_timestamp":1767254400000,"ft_is_entry":false,"ft_order_tag":"roi","cost":295.8384381905905}],"funding_fees":0.0,"weekday":3}],"locks":[],"best_pair":{"key":"DOGE/USDT","trades":35,"profit_mean":-0.00955187377452714,"profit_mean_pct":-0.96,"profit_total_abs":-105.9035051,"profit_total":-0.1059035051,"profit_total_pct":-10.59,"duration_avg":"7:14:00","wins":10,"draws":16,"losses":9,"winrate":0.2857142857142857,"cagr":-0.34375655040039765,"expectancy":-3.0258144314285724,"expectancy_ratio":-0.6400680763410221,"sortino":-34.038437520614806,"sharpe":-2.442884708039069,"calmar":-16.46858345563018,"sqn":-2.0663,"profit_factor":0.28862414756269167,"max_drawdown_account":0.1266568804676891,"max_drawdown_abs":129.66664573},"worst_pair":{"key":"DOGE/USDT","trades":35,"profit_mean":-0.00955187377452714,"profit_mean_pct":-0.96,"profit_total_abs":-105.9035051,"profit_total":-0.1059035051,"profit_total_pct":-10.59,"duration_avg":"7:14:00","wins":10,"draws":16,"losses":9,"winrate":0.2857142857142857,"cagr":-0.34375655040039765,"expectancy":-3.0258144314285724,"expectancy_ratio":-0.6400680763410221,"sortino":-34.038437520614806,"sharpe":-2.442884708039069,"calmar":-16.46858345563018,"sqn":-2.0663,"profit_factor":0.28862414756269167,"max_drawdown_account":0.1266568804676891,"max_drawdown_abs":129.66664573},"results_per_pair":[{"key":"DOGE/USDT","trades":35,"profit_mean":-0.00955187377452714,"profit_mean_pct":-0.96,"profit_total_abs":-105.9035051,"profit_total":-0.1059035051,"profit_total_pct":-10.59,"duration_avg":"7:14:00","wins":10,"draws":16,"losses":9,"winrate":0.2857142857142857,"cagr":-0.34375655040039765,"expectancy":-3.0258144314285724,"expectancy_ratio":-0.6400680763410221,"sortino":-34.038437520614806,"sharpe":-2.442884708039069,"calmar":-16.46858345563018,"sqn":-2.0663,"profit_factor":0.28862414756269167,"max_drawdown_account":0.1266568804676891,"max_drawdown_abs":129.66664573},{"key":"TOTAL","trades":35,"profit_mean":-0.00955187377452714,"profit_mean_pct":-0.96,"profit_total_abs":-105.9035051,"profit_total":-0.1059035051,"profit_total_pct":-10.59,"duration_avg":"7:14:00","wins":10,"draws":16,"losses":9,"winrate":0.2857142857142857,"cagr":-0.34375655040039765,"expectancy":-3.0258144314285724,"expectancy_ratio":-0.6400680763410221,"sortino":-34.038437520614806,"sharpe":-2.442884708039069,"calmar":-16.46858345563018,"sqn":-2.0663,"profit_factor":0.28862414756269167,"max_drawdown_account":0.1266568804676891,"max_drawdown_abs":129.66664573}],"results_per_enter_tag":[{"key":"","trades":35,"profit_mean":-0.00955187377452714,"profit_mean_pct":-0.96,"profit_total_abs":-105.9035051,"profit_total":-0.1059035051,"profit_total_pct":-10.59,"duration_avg":"7:14:00","wins":10,"draws":16,"losses":9,"winrate":0.2857142857142857,"cagr":-0.34375655040039765,"expectancy":-3.0258144314285724,"expectancy_ratio":-0.6400680763410221,"sortino":-34.038437520614806,"sharpe":-2.442884708039069,"calmar":-16.46858345563018,"sqn":-2.0663,"profit_factor":0.28862414756269167,"max_drawdown_account":0.1266568804676891,"max_drawdown_abs":129.66664573},{"key":"TOTAL","trades":35,"profit_mean":-0.00955187377452714,"profit_mean_pct":-0.96,"profit_total_abs":-105.9035051,"profit_total":-0.1059035051,"profit_total_pct":-10.59,"duration_avg":"7:14:00","wins":10,"draws":16,"losses":9,"winrate":0.2857142857142857,"cagr":-0.34375655040039765,"expectancy":-3.0258144314285724,"expectancy_ratio":-0.6400680763410221,"sortino":-34.038437520614806,"sharpe":-2.442884708039069,"calmar":-16.46858345563018,"sqn":-2.0663,"profit_factor":0.28862414756269167,"max_drawdown_account":0.1266568804676891,"max_drawdown_abs":129.66664573}],"exit_reason_summary":[{"key":"roi","trades":26,"profit_mean":0.005097717387083255,"profit_mean_pct":0.51,"profit_total_abs":42.96787525,"profit_total":0.042967875249999996,"profit_total_pct":4.3,"duration_avg":"3:12:00","wins":10,"draws":16,"losses":0,"winrate":0.38461538461538464,"cagr":0.17152468619879913,"expectancy":1.6526105865384617,"expectancy_ratio":100.0,"sortino":-100,"sharpe":2.356791064441348,"calmar":-100,"sqn":2.3011,"profit_factor":0.0,"max_drawdown_account":0.0,"max_drawdown_abs":0.0},{"key":"stop_loss","trades":9,"profit_mean":-0.05187291490806827,"profit_mean_pct":-5.19,"profit_total_abs":-148.87138035,"profit_total":-0.14887138035,"profit_total_pct":-14.89,"duration_avg":"18:53:00","wins":0,"draws":0,"losses":9,"winrate":0.0,"cagr":-0.45476986140646025,"expectancy":-16.541264483333336,"expectancy_ratio":-1.0,"sortino":-47.84873903716675,"sharpe":-47.84873903716675,"calmar":-19.695848633549282,"sqn":-76.3481,"profit_factor":0.0,"max_drawdown_account":0.14887138034999997,"max_drawdown_abs":148.87138035},{"key":"TOTAL","trades":35,"profit_mean":-0.00955187377452714,"profit_mean_pct":-0.96,"profit_total_abs":-105.9035051,"profit_total":-0.1059035051,"profit_total_pct":-10.59,"duration_avg":"7:14:00","wins":10,"draws":16,"losses":9,"winrate":0.2857142857142857,"cagr":-0.34375655040039765,"expectancy":-3.0258144314285724,"expectancy_ratio":-0.6400680763410221,"sortino":-34.038437520614806,"sharpe":-2.442884708039069,"calmar":-16.46858345563018,"sqn":-2.0663,"profit_factor":0.28862414756269167,"max_drawdown_account":0.1266568804676891,"max_drawdown_abs":129.66664573}],"mix_tag_stats":[{"key":["","roi"],"trades":26,"profit_mean":0.005097717387083255,"profit_mean_pct":0.51,"profit_total_abs":42.96787525,"profit_total":0.042967875249999996,"profit_total_pct":4.3,"duration_avg":"3:12:00","wins":10,"draws":16,"losses":0,"winrate":0.38461538461538464,"cagr":0.17152468619879913,"expectancy":1.6526105865384617,"expectancy_ratio":100.0,"sortino":-100,"sharpe":2.356791064441348,"calmar":-100,"sqn":2.3011,"profit_factor":0.0,"max_drawdown_account":0.0,"max_drawdown_abs":0.0},{"key":["","stop_loss"],"trades":9,"profit_mean":-0.05187291490806827,"profit_mean_pct":-5.19,"profit_total_abs":-148.87138035,"profit_total":-0.14887138035,"profit_total_pct":-14.89,"duration_avg":"18:53:00","wins":0,"draws":0,"losses":9,"winrate":0.0,"cagr":-0.45476986140646025,"expectancy":-16.541264483333336,"expectancy_ratio":-1.0,"sortino":-47.84873903716675,"sharpe":-47.84873903716675,"calmar":-19.695848633549282,"sqn":-76.3481,"profit_factor":0.0,"max_drawdown_account":0.14887138034999997,"max_drawdown_abs":148.87138035},{"key":"TOTAL","trades":35,"profit_mean":-0.00955187377452714,"profit_mean_pct":-0.96,"profit_total_abs":-105.9035051,"profit_total":-0.1059035051,"profit_total_pct":-10.59,"duration_avg":"7:14:00","wins":10,"draws":16,"losses":9,"winrate":0.2857142857142857,"cagr":-0.34375655040039765,"expectancy":-3.0258144314285724,"expectancy_ratio":-0.6400680763410221,"sortino":-34.038437520614806,"sharpe":-2.442884708039069,"calmar":-16.46858345563018,"sqn":-2.0663,"profit_factor":0.28862414756269167,"max_drawdown_account":0.1266568804676891,"max_drawdown_abs":129.66664573}],"left_open_trades":[{"key":"TOTAL","trades":0,"profit_mean":0.0,"profit_mean_pct":0.0,"profit_total_abs":0.0,"profit_total":0.0,"profit_total_pct":0.0,"duration_avg":"0:00","wins":0,"draws":0,"losses":0,"winrate":0.0,"cagr":0.0,"expectancy":0.0,"expectancy_ratio":100.0,"sortino":0,"sharpe":0,"calmar":0,"sqn":0.0,"profit_factor":0.0,"max_drawdown_account":0.0,"max_drawdown_abs":0.0}],"total_trades":35,"trade_count_long":35,"trade_count_short":0,"total_volume":22351.388153087984,"avg_stake_amount":320.18047914285717,"profit_mean":-0.00955187377452714,"profit_median":0.0,"profit_total":-0.1059035051,"profit_total_long":-0.1059035051,"profit_total_short":0.0,"profit_total_abs":-105.9035051,"profit_total_long_abs":-105.9035051,"profit_total_short_abs":0.0,"cagr":-0.34375655040039765,"expectancy":-3.0258144314285724,"expectancy_ratio":-0.6400680763410221,"sortino":-34.038437520614806,"sharpe":-2.442884708039069,"calmar":-16.46858345563018,"sqn":-2.0663,"profit_factor":0.28862414756269167,"backtest_start":"2025-10-01 00:00:00","backtest_start_ts":1759276800000,"backtest_end":"2026-01-06 20:00:00","backtest_end_ts":1767729600000,"backtest_days":97,"backtest_run_start_ts":1767744452,"backtest_run_end_ts":1767744452,"trades_per_day":0.36,"market_change":-0.36632086436227446,"pairlist":["DOGE/USDT"],"stake_amount":"unlimited","stake_currency":"USDT","stake_currency_decimals":3,"starting_balance":1000,"dry_run_wallet":1000,"final_balance":894.0964949,"rejected_signals":0,"timedout_entry_orders":0,"timedout_exit_orders":0,"canceled_trade_entries":0,"canceled_entry_orders":0,"replaced_entry_orders":0,"max_open_trades":1,"max_open_trades_setting":3,"timeframe":"1h","timeframe_detail":"","timerange":"20251001-","enable_protections":false,"strategy_name":"ACO_27_1","freqaimodel":null,"freqai_identifier":null,"stoploss":-0.05,"trailing_stop":false,"trailing_stop_positive":null,"trailing_stop_positive_offset":0.0,"trailing_only_offset_is_reached":false,"use_custom_stoploss":false,"minimal_roi":{"0":0.1,"60":0.05,"120":0.0},"use_exit_signal":true,"exit_profit_only":false,"exit_profit_offset":0.0,"ignore_roi_if_entry_signal":false,"trading_mode":"spot","margin_mode":"","periodic_breakdown":{"day":[{"date":"03/10/2025","date_ts":1759449600000,"profit_abs":0.85368653,"wins":1,"draws":0,"losses":0,"trades":1,"profit_factor":0.0},{"date":"04/10/2025","date_ts":1759536000000,"profit_abs":0.0,"wins":0,"draws":0,"losses":0,"trades":0,"profit_factor":0.0},{"date":"05/10/2025","date_ts":1759622400000,"profit_abs":0.0,"wins":0,"draws":0,"losses":0,"trades":0,"profit_factor":0.0},{"date":"06/10/2025","date_ts":1759708800000,"profit_abs":0.0,"wins":0,"draws":1,"losses":0,"trades":1,"profit_factor":0.0},{"date":"07/10/2025","date_ts":1759795200000,"profit_abs":0.0,"wins":0,"draws":0,"losses":0,"trades":0,"profit_factor":0.0},{"date":"08/10/2025","date_ts":1759881600000,"profit_abs":1.66330995,"wins":1,"draws":0,"losses":0,"trades":1,"profit_factor":0.0},{"date":"09/10/2025","date_ts":1759968000000,"profit_abs":0.0,"wins":0,"draws":1,"losses":0,"trades":1,"profit_factor":0.0},{"date":"10/10/2025","date_ts":1760054400000,"profit_abs":0.0,"wins":0,"draws":0,"losses":0,"trades":0,"profit_factor":0.0},{"date":"11/10/2025","date_ts":1760140800000,"profit_abs":0.0,"wins":0,"draws":0,"losses":0,"trades":0,"profit_factor":0.0},{"date":"12/10/2025","date_ts":1760227200000,"profit_abs":16.534602,"wins":1,"draws":0,"losses":0,"trades":1,"profit_factor":0.0},{"date":"13/10/2025","date_ts":1760313600000,"profit_abs":0.0,"wins":0,"draws":1,"losses":0,"trades":1,"profit_factor":0.0},{"date":"14/10/2025","date_ts":1760400000000,"profit_abs":0.0,"wins":0,"draws":0,"losses":0,"trades":0,"profit_factor":0.0},{"date":"15/10/2025","date_ts":1760486400000,"profit_abs":0.0,"wins":0,"draws":0,"losses":0,"trades":0,"profit_factor":0.0},{"date":"16/10/2025","date_ts":1760572800000,"profit_abs":3.05717944,"wins":1,"draws":0,"losses":0,"trades":1,"profit_factor":0.0},{"date":"17/10/2025","date_ts":1760659200000,"profit_abs":0.0,"wins":0,"draws":0,"losses":0,"trades":0,"profit_factor":0.0},{"date":"18/10/2025","date_ts":1760745600000,"profit_abs":1.65436271,"wins":1,"draws":1,"losses":0,"trades":2,"profit_factor":0.0},{"date":"19/10/2025","date_ts":1760832000000,"profit_abs":0.0,"wins":0,"draws":0,"losses":0,"trades":0,"profit_factor":0.0},{"date":"20/10/2025","date_ts":1760918400000,"profit_abs":0.0,"wins":0,"draws":0,"losses":0,"trades":0,"profit_factor":0.0},{"date":"21/10/2025","date_ts":1761004800000,"profit_abs":0.0,"wins":0,"draws":0,"losses":0,"trades":0,"profit_factor":0.0},{"date":"22/10/2025","date_ts":1761091200000,"profit_abs":-17.53791485,"wins":0,"draws":0,"losses":1,"trades":1,"profit_factor":0.0},{"date":"23/10/2025","date_ts":1761177600000,"profit_abs":0.0,"wins":0,"draws":0,"losses":0,"trades":0,"profit_factor":0.0},{"date":"24/10/2025","date_ts":1761264000000,"profit_abs":0.0,"wins":0,"draws":0,"losses":0,"trades":0,"profit_factor":0.0},{"date":"25/10/2025","date_ts":1761350400000,"profit_abs":0.0,"wins":0,"draws":0,"losses":0,"trades":0,"profit_factor":0.0},{"date":"26/10/2025","date_ts":1761436800000,"profit_abs":0.0,"wins":0,"draws":0,"losses":0,"trades":0,"profit_factor":0.0},{"date":"27/10/2025","date_ts":1761523200000,"profit_abs":0.0,"wins":0,"draws":0,"losses":0,"trades":0,"profit_factor":0.0},{"date":"28/10/2025","date_ts":1761609600000,"profit_abs":-17.2362492,"wins":0,"draws":0,"losses":1,"trades":1,"profit_factor":0.0},{"date":"29/10/2025","date_ts":1761696000000,"profit_abs":0.0,"wins":0,"draws":2,"losses":0,"trades":2,"profit_factor":0.0},{"date":"30/10/2025","date_ts":1761782400000,"profit_abs":0.0,"wins":0,"draws":0,"losses":0,"trades":0,"profit_factor":0.0},{"date":"31/10/2025","date_ts":1761868800000,"profit_abs":4.34326624,"wins":1,"draws":0,"losses":0,"trades":1,"profit_factor":0.0},{"date":"01/11/2025","date_ts":1761955200000,"profit_abs":0.0,"wins":0,"draws":0,"losses":0,"trades":0,"profit_factor":0.0},{"date":"02/11/2025","date_ts":1762041600000,"profit_abs":0.0,"wins":0,"draws":1,"losses":0,"trades":1,"profit_factor":0.0},{"date":"03/11/2025","date_ts":1762128000000,"profit_abs":0.0,"wins":0,"draws":0,"losses":0,"trades":0,"profit_factor":0.0},{"date":"04/11/2025","date_ts":1762214400000,"profit_abs":-17.01041576,"wins":0,"draws":0,"losses":1,"trades":1,"profit_factor":0.0},{"date":"05/11/2025","date_ts":1762300800000,"profit_abs":0.0,"wins":0,"draws":0,"losses":0,"trades":0,"profit_factor":0.0},{"date":"06/11/2025","date_ts":1762387200000,"profit_abs":0.0,"wins":0,"draws":0,"losses":0,"trades":0,"profit_factor":0.0},{"date":"07/11/2025","date_ts":1762473600000,"profit_abs":0.0,"wins":0,"draws":0,"losses":0,"trades":0,"profit_factor":0.0},{"date":"08/11/2025","date_ts":1762560000000,"profit_abs":0.0,"wins":0,"draws":0,"losses":0,"trades":0,"profit_factor":0.0},{"date":"09/11/2025","date_ts":1762646400000,"profit_abs":0.0,"wins":0,"draws":1,"losses":0,"trades":1,"profit_factor":0.0},{"date":"10/11/2025","date_ts":1762732800000,"profit_abs":0.0,"wins":0,"draws":0,"losses":0,"trades":0,"profit_factor":0.0},{"date":"11/11/2025","date_ts":1762819200000,"profit_abs":0.0,"wins":0,"draws":0,"losses":0,"trades":0,"profit_factor":0.0},{"date":"12/11/2025","date_ts":1762905600000,"profit_abs":0.0,"wins":0,"draws":0,"losses":0,"trades":0,"profit_factor":0.0},{"date":"13/11/2025","date_ts":1762992000000,"profit_abs":2.99845341,"wins":1,"draws":0,"losses":0,"trades":1,"profit_factor":0.0},{"date":"14/11/2025","date_ts":1763078400000,"profit_abs":-16.773048,"wins":0,"draws":0,"losses":1,"trades":1,"profit_factor":0.0},{"date":"15/11/2025","date_ts":1763164800000,"profit_abs":0.0,"wins":0,"draws":0,"losses":0,"trades":0,"profit_factor":0.0},{"date":"16/11/2025","date_ts":1763251200000,"profit_abs":0.0,"wins":0,"draws":0,"losses":0,"trades":0,"profit_factor":0.0},{"date":"17/11/2025","date_ts":1763337600000,"profit_abs":-16.48225356,"wins":0,"draws":1,"losses":1,"trades":2,"profit_factor":0.0},{"date":"18/11/2025","date_ts":1763424000000,"profit_abs":0.0,"wins":0,"draws":0,"losses":0,"trades":0,"profit_factor":0.0},{"date":"19/11/2025","date_ts":1763510400000,"profit_abs":0.0,"wins":0,"draws":0,"losses":0,"trades":0,"profit_factor":0.0},{"date":"20/11/2025","date_ts":1763596800000,"profit_abs":0.0,"wins":0,"draws":0,"losses":0,"trades":0,"profit_factor":0.0},{"date":"21/11/2025","date_ts":1763683200000,"profit_abs":0.0,"wins":0,"draws":0,"losses":0,"trades":0,"profit_factor":0.0},{"date":"22/11/2025","date_ts":1763769600000,"profit_abs":0.36213672,"wins":1,"draws":0,"losses":0,"trades":1,"profit_factor":0.0},{"date":"23/11/2025","date_ts":1763856000000,"profit_abs":0.0,"wins":0,"draws":0,"losses":0,"trades":0,"profit_factor":0.0},{"date":"24/11/2025","date_ts":1763942400000,"profit_abs":2.347045,"wins":1,"draws":0,"losses":0,"trades":1,"profit_factor":0.0},{"date":"25/11/2025","date_ts":1764028800000,"profit_abs":0.0,"wins":0,"draws":0,"losses":0,"trades":0,"profit_factor":0.0},{"date":"26/11/2025","date_ts":1764115200000,"profit_abs":0.0,"wins":0,"draws":0,"losses":0,"trades":0,"profit_factor":0.0},{"date":"27/11/2025","date_ts":1764201600000,"profit_abs":0.0,"wins":0,"draws":0,"losses":0,"trades":0,"profit_factor":0.0},{"date":"28/11/2025","date_ts":1764288000000,"profit_abs":0.0,"wins":0,"draws":1,"losses":0,"trades":1,"profit_factor":0.0},{"date":"29/11/2025","date_ts":1764374400000,"profit_abs":0.0,"wins":0,"draws":0,"losses":0,"trades":0,"profit_factor":0.0},{"date":"30/11/2025","date_ts":1764460800000,"profit_abs":0.0,"wins":0,"draws":0,"losses":0,"trades":0,"profit_factor":0.0},{"date":"01/12/2025","date_ts":1764547200000,"profit_abs":-16.25758626,"wins":0,"draws":0,"losses":1,"trades":1,"profit_factor":0.0},{"date":"02/12/2025","date_ts":1764633600000,"profit_abs":0.0,"wins":0,"draws":0,"losses":0,"trades":0,"profit_factor":0.0},{"date":"03/12/2025","date_ts":1764720000000,"profit_abs":0.0,"wins":0,"draws":0,"losses":0,"trades":0,"profit_factor":0.0},{"date":"04/12/2025","date_ts":1764806400000,"profit_abs":0.0,"wins":0,"draws":0,"losses":0,"trades":0,"profit_factor":0.0},{"date":"05/12/2025","date_ts":1764892800000,"profit_abs":0.0,"wins":0,"draws":0,"losses":0,"trades":0,"profit_factor":0.0},{"date":"06/12/2025","date_ts":1764979200000,"profit_abs":0.0,"wins":0,"draws":0,"losses":0,"trades":0,"profit_factor":0.0},{"date":"07/12/2025","date_ts":1765065600000,"profit_abs":0.0,"wins":0,"draws":0,"losses":0,"trades":0,"profit_factor":0.0},{"date":"08/12/2025","date_ts":1765152000000,"profit_abs":0.0,"wins":0,"draws":0,"losses":0,"trades":0,"profit_factor":0.0},{"date":"09/12/2025","date_ts":1765238400000,"profit_abs":9.15383325,"wins":1,"draws":0,"losses":0,"trades":1,"profit_factor":0.0},{"date":"10/12/2025","date_ts":1765324800000,"profit_abs":0.0,"wins":0,"draws":0,"losses":0,"trades":0,"profit_factor":0.0},{"date":"11/12/2025","date_ts":1765411200000,"profit_abs":0.0,"wins":0,"draws":0,"losses":0,"trades":0,"profit_factor":0.0},{"date":"12/12/2025","date_ts":1765497600000,"profit_abs":0.0,"wins":0,"draws":0,"losses":0,"trades":0,"profit_factor":0.0},{"date":"13/12/2025","date_ts":1765584000000,"profit_abs":0.0,"wins":0,"draws":0,"losses":0,"trades":0,"profit_factor":0.0},{"date":"14/12/2025","date_ts":1765670400000,"profit_abs":0.0,"wins":0,"draws":1,"losses":0,"trades":1,"profit_factor":0.0},{"date":"15/12/2025","date_ts":1765756800000,"profit_abs":0.0,"wins":0,"draws":0,"losses":0,"trades":0,"profit_factor":0.0},{"date":"16/12/2025","date_ts":1765843200000,"profit_abs":0.0,"wins":0,"draws":1,"losses":0,"trades":1,"profit_factor":0.0},{"date":"17/12/2025","date_ts":1765929600000,"profit_abs":0.0,"wins":0,"draws":0,"losses":0,"trades":0,"profit_factor":0.0},{"date":"18/12/2025","date_ts":1766016000000,"profit_abs":-16.1293431,"wins":0,"draws":0,"losses":1,"trades":1,"profit_factor":0.0},{"date":"19/12/2025","date_ts":1766102400000,"profit_abs":0.0,"wins":0,"draws":1,"losses":0,"trades":1,"profit_factor":0.0},{"date":"20/12/2025","date_ts":1766188800000,"profit_abs":0.0,"wins":0,"draws":0,"losses":0,"trades":0,"profit_factor":0.0},{"date":"21/12/2025","date_ts":1766275200000,"profit_abs":0.0,"wins":0,"draws":0,"losses":0,"trades":0,"profit_factor":0.0},{"date":"22/12/2025","date_ts":1766361600000,"profit_abs":0.0,"wins":0,"draws":1,"losses":0,"trades":1,"profit_factor":0.0},{"date":"23/12/2025","date_ts":1766448000000,"profit_abs":0.0,"wins":0,"draws":0,"losses":0,"trades":0,"profit_factor":0.0},{"date":"24/12/2025","date_ts":1766534400000,"profit_abs":-15.8534909,"wins":0,"draws":1,"losses":1,"trades":2,"profit_factor":0.0},{"date":"25/12/2025","date_ts":1766620800000,"profit_abs":0.0,"wins":0,"draws":0,"losses":0,"trades":0,"profit_factor":0.0},{"date":"26/12/2025","date_ts":1766707200000,"profit_abs":-15.59107872,"wins":0,"draws":0,"losses":1,"trades":1,"profit_factor":0.0},{"date":"27/12/2025","date_ts":1766793600000,"profit_abs":0.0,"wins":0,"draws":0,"losses":0,"trades":0,"profit_factor":0.0},{"date":"28/12/2025","date_ts":1766880000000,"profit_abs":0.0,"wins":0,"draws":0,"losses":0,"trades":0,"profit_factor":0.0},{"date":"29/12/2025","date_ts":1766966400000,"profit_abs":0.0,"wins":0,"draws":0,"losses":0,"trades":0,"profit_factor":0.0},{"date":"30/12/2025","date_ts":1767052800000,"profit_abs":0.0,"wins":0,"draws":0,"losses":0,"trades":0,"profit_factor":0.0},{"date":"31/12/2025","date_ts":1767139200000,"profit_abs":0.0,"wins":0,"draws":0,"losses":0,"trades":0,"profit_factor":0.0},{"date":"01/01/2026","date_ts":1767225600000,"profit_abs":0.0,"wins":0,"draws":1,"losses":0,"trades":1,"profit_factor":0.0}],"week":[{"date":"06/10/2025","date_ts":1759708800000,"profit_abs":0.85368653,"wins":1,"draws":1,"losses":0,"trades":2,"profit_factor":0.0},{"date":"13/10/2025","date_ts":1760313600000,"profit_abs":18.19791195,"wins":2,"draws":2,"losses":0,"trades":4,"profit_factor":0.0},{"date":"20/10/2025","date_ts":1760918400000,"profit_abs":4.71154215,"wins":2,"draws":1,"losses":0,"trades":3,"profit_factor":0.0},{"date":"27/10/2025","date_ts":1761523200000,"profit_abs":-17.53791485,"wins":0,"draws":0,"losses":1,"trades":1,"profit_factor":0.0},{"date":"03/11/2025","date_ts":1762128000000,"profit_abs":-12.89298296,"wins":1,"draws":3,"losses":1,"trades":5,"profit_factor":0.25198442},{"date":"10/11/2025","date_ts":1762732800000,"profit_abs":-17.01041576,"wins":0,"draws":1,"losses":1,"trades":2,"profit_factor":0.0},{"date":"17/11/2025","date_ts":1763337600000,"profit_abs":-30.25684815,"wins":1,"draws":1,"losses":2,"trades":4,"profit_factor":0.09016467},{"date":"24/11/2025","date_ts":1763942400000,"profit_abs":2.70918172,"wins":2,"draws":0,"losses":0,"trades":2,"profit_factor":0.0},{"date":"01/12/2025","date_ts":1764547200000,"profit_abs":-16.25758626,"wins":0,"draws":1,"losses":1,"trades":2,"profit_factor":0.0},{"date":"08/12/2025","date_ts":1765152000000,"profit_abs":0.0,"wins":0,"draws":0,"losses":0,"trades":0,"profit_factor":0.0},{"date":"15/12/2025","date_ts":1765756800000,"profit_abs":9.15383325,"wins":1,"draws":1,"losses":0,"trades":2,"profit_factor":0.0},{"date":"22/12/2025","date_ts":1766361600000,"profit_abs":-16.1293431,"wins":0,"draws":3,"losses":1,"trades":4,"profit_factor":0.0},{"date":"29/12/2025","date_ts":1766966400000,"profit_abs":-31.44456962,"wins":0,"draws":1,"losses":2,"trades":3,"profit_factor":0.0},{"date":"05/01/2026","date_ts":1767571200000,"profit_abs":0.0,"wins":0,"draws":1,"losses":0,"trades":1,"profit_factor":0.0}],"month":[{"date":"31/10/2025","date_ts":1761868800000,"profit_abs":-6.66775718,"wins":6,"draws":6,"losses":2,"trades":14,"profit_factor":0.80825543},{"date":"30/11/2025","date_ts":1764460800000,"profit_abs":-44.55808219,"wins":3,"draws":4,"losses":3,"trades":10,"profit_factor":0.11354926},{"date":"31/12/2025","date_ts":1767139200000,"profit_abs":-54.67766573,"wins":1,"draws":5,"losses":4,"trades":10,"profit_factor":0.14340621},{"date":"31/01/2026","date_ts":1769817600000,"profit_abs":0.0,"wins":0,"draws":1,"losses":0,"trades":1,"profit_factor":0.0}],"year":[{"date":"31/12/2025","date_ts":1767139200000,"profit_abs":-105.9035051,"wins":10,"draws":15,"losses":9,"trades":34,"profit_factor":0.28862415},{"date":"31/12/2026","date_ts":1798675200000,"profit_abs":0.0,"wins":0,"draws":1,"losses":0,"trades":1,"profit_factor":0.0}],"weekday":[{"date":"Monday","date_ts":0,"profit_abs":-30.39279482,"wins":1,"draws":4,"losses":2,"trades":7,"profit_factor":0.07168774},{"date":"Tuesday","date_ts":1,"profit_abs":-25.09283171,"wins":1,"draws":1,"losses":2,"trades":4,"profit_factor":0.26729123},{"date":"Wednesday","date_ts":2,"profit_abs":-31.7280958,"wins":1,"draws":3,"losses":2,"trades":6,"profit_factor":0.04981252},{"date":"Thursday","date_ts":3,"profit_abs":-10.07371025,"wins":2,"draws":2,"losses":1,"trades":5,"profit_factor":0.375442},{"date":"Friday","date_ts":4,"profit_abs":-27.16717395,"wins":2,"draws":2,"losses":2,"trades":6,"profit_factor":0.16057757},{"date":"Saturday","date_ts":5,"profit_abs":2.01649943,"wins":2,"draws":1,"losses":0,"trades":3,"profit_factor":0.0},{"date":"Sunday","date_ts":6,"profit_abs":16.534602,"wins":1,"draws":3,"losses":0,"trades":4,"profit_factor":0.0}]},"backtest_best_day":0.04995004995004995,"backtest_worst_day":-0.051898101898101894,"backtest_best_day_abs":16.534602,"backtest_worst_day_abs":-17.53791485,"winning_days":10,"draw_days":72,"losing_days":9,"daily_profit":[["2025-10-03",0.85368653],["2025-10-04",0.0],["2025-10-05",0.0],["2025-10-06",0.0],["2025-10-07",0.0],["2025-10-08",1.66330995],["2025-10-09",0.0],["2025-10-10",0.0],["2025-10-11",0.0],["2025-10-12",16.534602],["2025-10-13",0.0],["2025-10-14",0.0],["2025-10-15",0.0],["2025-10-16",3.05717944],["2025-10-17",0.0],["2025-10-18",1.65436271],["2025-10-19",0.0],["2025-10-20",0.0],["2025-10-21",0.0],["2025-10-22",-17.53791485],["2025-10-23",0.0],["2025-10-24",0.0],["2025-10-25",0.0],["2025-10-26",0.0],["2025-10-27",0.0],["2025-10-28",-17.2362492],["2025-10-29",0.0],["2025-10-30",0.0],["2025-10-31",4.34326624],["2025-11-01",0.0],["2025-11-02",0.0],["2025-11-03",0.0],["2025-11-04",-17.01041576],["2025-11-05",0.0],["2025-11-06",0.0],["2025-11-07",0.0],["2025-11-08",0.0],["2025-11-09",0.0],["2025-11-10",0.0],["2025-11-11",0.0],["2025-11-12",0.0],["2025-11-13",2.99845341],["2025-11-14",-16.773048],["2025-11-15",0.0],["2025-11-16",0.0],["2025-11-17",-16.48225356],["2025-11-18",0.0],["2025-11-19",0.0],["2025-11-20",0.0],["2025-11-21",0.0],["2025-11-22",0.36213672],["2025-11-23",0.0],["2025-11-24",2.347045],["2025-11-25",0.0],["2025-11-26",0.0],["2025-11-27",0.0],["2025-11-28",0.0],["2025-11-29",0.0],["2025-11-30",0.0],["2025-12-01",-16.25758626],["2025-12-02",0.0],["2025-12-03",0.0],["2025-12-04",0.0],["2025-12-05",0.0],["2025-12-06",0.0],["2025-12-07",0.0],["2025-12-08",0.0],["2025-12-09",9.15383325],["2025-12-10",0.0],["2025-12-11",0.0],["2025-12-12",0.0],["2025-12-13",0.0],["2025-12-14",0.0],["2025-12-15",0.0],["2025-12-16",0.0],["2025-12-17",0.0],["2025-12-18",-16.1293431],["2025-12-19",0.0],["2025-12-20",0.0],["2025-12-21",0.0],["2025-12-22",0.0],["2025-12-23",0.0],["2025-12-24",-15.8534909],["2025-12-25",0.0],["2025-12-26",-15.59107872],["2025-12-27",0.0],["2025-12-28",0.0],["2025-12-29",0.0],["2025-12-30",0.0],["2025-12-31",0.0],["2026-01-01",0.0]],"wins":10,"losses":9,"draws":16,"winrate":0.2857142857142857,"holding_avg":"7:14:00","holding_avg_s":26040.0,"winner_holding_min":"0d 01:00","winner_holding_min_s":3600.0,"winner_holding_max":"0d 02:00","winner_holding_max_s":7200.0,"winner_holding_avg":"0d 01:54","winner_holding_avg_s":6840.0,"loser_holding_min":"0d 02:00","loser_holding_min_s":7200.0,"loser_holding_max":"1d 19:00","loser_holding_max_s":154800.0,"loser_holding_avg":"0d 18:53","loser_holding_avg_s":67980.0,"max_consecutive_wins":2,"max_consecutive_losses":9,"max_drawdown_account":0.1266568804676891,"max_relative_drawdown":0.1266568804676891,"max_drawdown_abs":129.66664573,"drawdown_start":"2025-10-18 08:00:00","drawdown_start_ts":1760774400000.0,"drawdown_end":"2025-12-26 16:00:00","drawdown_end_ts":1766764800000.0,"drawdown_duration":"69 days 08:00:00","drawdown_duration_s":5990400.0,"max_drawdown_low":-105.9035051,"max_drawdown_high":23.76314063,"csum_min":894.0964949,"csum_max":1023.76314063}},"strategy_comparison":[{"key":"ACO_27_1","trades":35,"profit_mean":-0.00955187377452714,"profit_mean_pct":-0.96,"profit_total_abs":-105.9035051,"profit_total":-0.1059035051,"profit_total_pct":-10.59,"duration_avg":"7:14:00","wins":10,"draws":16,"losses":9,"winrate":0.2857142857142857,"cagr":-0.34375655040039765,"expectancy":-3.0258144314285724,"expectancy_ratio":-0.6400680763410221,"sortino":-34.038437520614806,"sharpe":-2.442884708039069,"calmar":-16.46858345563018,"sqn":-2.0663,"profit_factor":0.28862414756269167,"max_drawdown_account":0.1266568804676891,"max_drawdown_abs":"129.667"}]}