{"strategy":{"ACO_16_19":{"trades":[{"pair":"DOGE/USDT","stake_amount":329.928,"max_stake_amount":329.928,"amount":1888.0,"open_date":"2025-11-09 01:00:00+00:00","close_date":"2025-11-09 06:00:00+00:00","open_rate":0.17475,"close_rate":0.1750998498498498,"fee_open":0.001,"fee_close":0.001,"trade_duration":300,"profit_ratio":0.0,"profit_abs":0.0,"exit_reason":"roi","initial_stop_loss_abs":0.16602,"initial_stop_loss_ratio":-0.05,"stop_loss_abs":0.16602,"stop_loss_ratio":-0.05,"min_rate":0.17123,"max_rate":0.17582,"is_open":false,"enter_tag":"","leverage":1.0,"is_short":false,"open_timestamp":1762650000000,"close_timestamp":1762668000000,"orders":[{"amount":1888.0,"safe_price":0.17475,"ft_order_side":"buy","order_filled_timestamp":1762650000000,"ft_is_entry":true,"ft_order_tag":"","cost":330.25792799999994},{"amount":1888.0,"safe_price":0.1750998498498498,"ft_order_side":"sell","order_filled_timestamp":1762668000000,"ft_is_entry":false,"ft_order_tag":"roi","cost":330.9191050330329}],"funding_fees":0.0,"weekday":6},{"pair":"DOGE/USDT","stake_amount":329.99875,"max_stake_amount":329.99875,"amount":1927.0,"open_date":"2025-11-13 03:00:00+00:00","close_date":"2025-11-13 05:00:00+00:00","open_rate":0.17125,"close_rate":0.17473,"fee_open":0.001,"fee_close":0.001,"trade_duration":120,"profit_ratio":0.01828256415117729,"profit_abs":6.03925654,"exit_reason":"roi","initial_stop_loss_abs":0.16269,"initial_stop_loss_ratio":-0.05,"stop_loss_abs":0.16269,"stop_loss_ratio":-0.05,"min_rate":0.16922,"max_rate":0.17659,"is_open":false,"enter_tag":"","leverage":1.0,"is_short":false,"open_timestamp":1763002800000,"close_timestamp":1763010000000,"orders":[{"amount":1927.0,"safe_price":0.17125,"ft_order_side":"buy","order_filled_timestamp":1763002800000,"ft_is_entry":true,"ft_order_tag":"","cost":330.32874875},{"amount":1927.0,"safe_price":0.17473,"ft_order_side":"sell","order_filled_timestamp":1763010000000,"ft_is_entry":false,"ft_order_tag":"roi","cost":337.0414147099999}],"funding_fees":0.0,"weekday":3},{"pair":"DOGE/USDT","stake_amount":331.914,"max_stake_amount":331.914,"amount":2568.0,"open_date":"2025-12-16 04:00:00+00:00","close_date":"2025-12-16 06:00:00+00:00","open_rate":0.12925,"close_rate":0.12950875875875875,"fee_open":0.001,"fee_close":0.001,"trade_duration":120,"profit_ratio":0.0,"profit_abs":0.0,"exit_reason":"roi","initial_stop_loss_abs":0.12279,"initial_stop_loss_ratio":-0.05,"stop_loss_abs":0.12279,"stop_loss_ratio":-0.05,"min_rate":0.12716,"max_rate":0.1302,"is_open":false,"enter_tag":"","leverage":1.0,"is_short":false,"open_timestamp":1765857600000,"close_timestamp":1765864800000,"orders":[{"amount":2568.0,"safe_price":0.12925,"ft_order_side":"buy","order_filled_timestamp":1765857600000,"ft_is_entry":true,"ft_order_tag":"","cost":332.24591399999997},{"amount":2568.0,"safe_price":0.12950875875875875,"ft_order_side":"sell","order_filled_timestamp":1765864800000,"ft_is_entry":false,"ft_order_tag":"roi","cost":332.911070984985}],"funding_fees":0.0,"weekday":1},{"pair":"DOGE/USDT","stake_amount":331.8946,"max_stake_amount":331.8946,"amount":2645.0,"open_date":"2025-12-18 05:00:00+00:00","close_date":"2025-12-18 09:00:00+00:00","open_rate":0.12548,"close_rate":0.1257312112112112,"fee_open":0.001,"fee_close":0.001,"trade_duration":240,"profit_ratio":0.0,"profit_abs":0.0,"exit_reason":"roi","initial_stop_loss_abs":0.11921,"initial_stop_loss_ratio":-0.05,"stop_loss_abs":0.11921,"stop_loss_ratio":-0.05,"min_rate":0.12385,"max_rate":0.12594,"is_open":false,"enter_tag":"","leverage":1.0,"is_short":false,"open_timestamp":1766034000000,"close_timestamp":1766048400000,"orders":[{"amount":2645.0,"safe_price":0.12548,"ft_order_side":"buy","order_filled_timestamp":1766034000000,"ft_is_entry":true,"ft_order_tag":"","cost":332.22649459999997},{"amount":2645.0,"safe_price":0.1257312112112112,"ft_order_side":"sell","order_filled_timestamp":1766048400000,"ft_is_entry":false,"ft_order_tag":"roi","cost":332.8916127073072}],"funding_fees":0.0,"weekday":3},{"pair":"DOGE/USDT","stake_amount":331.96254,"max_stake_amount":331.96254,"amount":2611.0,"open_date":"2025-12-25 20:00:00+00:00","close_date":"2025-12-26 02:00:00+00:00","open_rate":0.12714,"close_rate":0.12739453453453453,"fee_open":0.001,"fee_close":0.001,"trade_duration":360,"profit_ratio":0.0,"profit_abs":0.0,"exit_reason":"roi","initial_stop_loss_abs":0.12079,"initial_stop_loss_ratio":-0.05,"stop_loss_abs":0.12079,"stop_loss_ratio":-0.05,"min_rate":0.123,"max_rate":0.12752,"is_open":false,"enter_tag":"","leverage":1.0,"is_short":false,"open_timestamp":1766692800000,"close_timestamp":1766714400000,"orders":[{"amount":2611.0,"safe_price":0.12714,"ft_order_side":"buy","order_filled_timestamp":1766692800000,"ft_is_entry":true,"ft_order_tag":"","cost":332.29450253999994},{"amount":2611.0,"safe_price":0.12739453453453453,"ft_order_side":"sell","order_filled_timestamp":1766714400000,"ft_is_entry":false,"ft_order_tag":"roi","cost":332.9597567993393}],"funding_fees":0.0,"weekday":4},{"pair":"DOGE/USDT","stake_amount":331.96213,"max_stake_amount":331.96213,"amount":2813.0,"open_date":"2026-01-01 05:00:00+00:00","close_date":"2026-01-01 07:00:00+00:00","open_rate":0.11801,"close_rate":0.11845,"fee_open":0.001,"fee_close":0.001,"trade_duration":120,"profit_ratio":0.0017230460413241533,"profit_abs":0.57255802,"exit_reason":"roi","initial_stop_loss_abs":0.11211,"initial_stop_loss_ratio":-0.05,"stop_loss_abs":0.11211,"stop_loss_ratio":-0.05,"min_rate":0.11799,"max_rate":0.11873,"is_open":false,"enter_tag":"","leverage":1.0,"is_short":false,"open_timestamp":1767243600000,"close_timestamp":1767250800000,"orders":[{"amount":2813.0,"safe_price":0.11801,"ft_order_side":"buy","order_filled_timestamp":1767243600000,"ft_is_entry":true,"ft_order_tag":"","cost":332.29409212999997},{"amount":2813.0,"safe_price":0.11845,"ft_order_side":"sell","order_filled_timestamp":1767250800000,"ft_is_entry":false,"ft_order_tag":"roi","cost":333.53304985}],"funding_fees":0.0,"weekday":3}],"locks":[],"best_pair":{"key":"DOGE/USDT","trades":6,"profit_mean":0.0033342683654169077,"profit_mean_pct":0.33,"profit_total_abs":6.61181456,"profit_total":0.00661181456,"profit_total_pct":0.66,"duration_avg":"3:30:00","wins":2,"draws":4,"losses":0,"winrate":0.3333333333333333,"cagr":0.025107638045822167,"expectancy":1.1019690933333333,"expectancy_ratio":100.0,"sortino":-100,"sharpe":0.5871564147949543,"calmar":-100,"sqn":1.111,"profit_factor":0.0,"max_drawdown_account":0.0,"max_drawdown_abs":0.0},"worst_pair":{"key":"DOGE/USDT","trades":6,"profit_mean":0.0033342683654169077,"profit_mean_pct":0.33,"profit_total_abs":6.61181456,"profit_total":0.00661181456,"profit_total_pct":0.66,"duration_avg":"3:30:00","wins":2,"draws":4,"losses":0,"winrate":0.3333333333333333,"cagr":0.025107638045822167,"expectancy":1.1019690933333333,"expectancy_ratio":100.0,"sortino":-100,"sharpe":0.5871564147949543,"calmar":-100,"sqn":1.111,"profit_factor":0.0,"max_drawdown_account":0.0,"max_drawdown_abs":0.0},"results_per_pair":[{"key":"DOGE/USDT","trades":6,"profit_mean":0.0033342683654169077,"profit_mean_pct":0.33,"profit_total_abs":6.61181456,"profit_total":0.00661181456,"profit_total_pct":0.66,"duration_avg":"3:30:00","wins":2,"draws":4,"losses":0,"winrate":0.3333333333333333,"cagr":0.025107638045822167,"expectancy":1.1019690933333333,"expectancy_ratio":100.0,"sortino":-100,"sharpe":0.5871564147949543,"calmar":-100,"sqn":1.111,"profit_factor":0.0,"max_drawdown_account":0.0,"max_drawdown_abs":0.0},{"key":"TOTAL","trades":6,"profit_mean":0.0033342683654169077,"profit_mean_pct":0.33,"profit_total_abs":6.61181456,"profit_total":0.00661181456,"profit_total_pct":0.66,"duration_avg":"3:30:00","wins":2,"draws":4,"losses":0,"winrate":0.3333333333333333,"cagr":0.025107638045822167,"expectancy":1.1019690933333333,"expectancy_ratio":100.0,"sortino":-100,"sharpe":0.5871564147949543,"calmar":-100,"sqn":1.111,"profit_factor":0.0,"max_drawdown_account":0.0,"max_drawdown_abs":0.0}],"results_per_enter_tag":[{"key":"","trades":6,"profit_mean":0.0033342683654169077,"profit_mean_pct":0.33,"profit_total_abs":6.61181456,"profit_total":0.00661181456,"profit_total_pct":0.66,"duration_avg":"3:30:00","wins":2,"draws":4,"losses":0,"winrate":0.3333333333333333,"cagr":0.025107638045822167,"expectancy":1.1019690933333333,"expectancy_ratio":100.0,"sortino":-100,"sharpe":0.5871564147949543,"calmar":-100,"sqn":1.111,"profit_factor":0.0,"max_drawdown_account":0.0,"max_drawdown_abs":0.0},{"key":"TOTAL","trades":6,"profit_mean":0.0033342683654169077,"profit_mean_pct":0.33,"profit_total_abs":6.61181456,"profit_total":0.00661181456,"profit_total_pct":0.66,"duration_avg":"3:30:00","wins":2,"draws":4,"losses":0,"winrate":0.3333333333333333,"cagr":0.025107638045822167,"expectancy":1.1019690933333333,"expectancy_ratio":100.0,"sortino":-100,"sharpe":0.5871564147949543,"calmar":-100,"sqn":1.111,"profit_factor":0.0,"max_drawdown_account":0.0,"max_drawdown_abs":0.0}],"exit_reason_summary":[{"key":"roi","trades":6,"profit_mean":0.0033342683654169077,"profit_mean_pct":0.33,"profit_total_abs":6.61181456,"profit_total":0.00661181456,"profit_total_pct":0.66,"duration_avg":"3:30:00","wins":2,"draws":4,"losses":0,"winrate":0.3333333333333333,"cagr":0.025107638045822167,"expectancy":1.1019690933333333,"expectancy_ratio":100.0,"sortino":-100,"sharpe":0.5871564147949543,"calmar":-100,"sqn":1.111,"profit_factor":0.0,"max_drawdown_account":0.0,"max_drawdown_abs":0.0},{"key":"TOTAL","trades":6,"profit_mean":0.0033342683654169077,"profit_mean_pct":0.33,"profit_total_abs":6.61181456,"profit_total":0.00661181456,"profit_total_pct":0.66,"duration_avg":"3:30:00","wins":2,"draws":4,"losses":0,"winrate":0.3333333333333333,"cagr":0.025107638045822167,"expectancy":1.1019690933333333,"expectancy_ratio":100.0,"sortino":-100,"sharpe":0.5871564147949543,"calmar":-100,"sqn":1.111,"profit_factor":0.0,"max_drawdown_account":0.0,"max_drawdown_abs":0.0}],"mix_tag_stats":[{"key":["","roi"],"trades":6,"profit_mean":0.0033342683654169077,"profit_mean_pct":0.33,"profit_total_abs":6.61181456,"profit_total":0.00661181456,"profit_total_pct":0.66,"duration_avg":"3:30:00","wins":2,"draws":4,"losses":0,"winrate":0.3333333333333333,"cagr":0.025107638045822167,"expectancy":1.1019690933333333,"expectancy_ratio":100.0,"sortino":-100,"sharpe":0.5871564147949543,"calmar":-100,"sqn":1.111,"profit_factor":0.0,"max_drawdown_account":0.0,"max_drawdown_abs":0.0},{"key":"TOTAL","trades":6,"profit_mean":0.0033342683654169077,"profit_mean_pct":0.33,"profit_total_abs":6.61181456,"profit_total":0.00661181456,"profit_total_pct":0.66,"duration_avg":"3:30:00","wins":2,"draws":4,"losses":0,"winrate":0.3333333333333333,"cagr":0.025107638045822167,"expectancy":1.1019690933333333,"expectancy_ratio":100.0,"sortino":-100,"sharpe":0.5871564147949543,"calmar":-100,"sqn":1.111,"profit_factor":0.0,"max_drawdown_account":0.0,"max_drawdown_abs":0.0}],"left_open_trades":[{"key":"TOTAL","trades":0,"profit_mean":0.0,"profit_mean_pct":0.0,"profit_total_abs":0.0,"profit_total":0.0,"profit_total_pct":0.0,"duration_avg":"0:00","wins":0,"draws":0,"losses":0,"winrate":0.0,"cagr":0.0,"expectancy":0.0,"expectancy_ratio":100.0,"sortino":0,"sharpe":0,"calmar":0,"sqn":0.0,"profit_factor":0.0,"max_drawdown_account":0.0,"max_drawdown_abs":0.0}],"total_trades":6,"trade_count_long":6,"trade_count_short":0,"total_volume":3989.903690104664,"avg_stake_amount":331.27666999999997,"profit_mean":0.0033342683654169077,"profit_median":0.0,"profit_total":0.00661181456,"profit_total_long":0.00661181456,"profit_total_short":0.0,"profit_total_abs":6.61181456,"profit_total_long_abs":6.61181456,"profit_total_short_abs":0.0,"cagr":0.025107638045822167,"expectancy":1.1019690933333333,"expectancy_ratio":100.0,"sortino":-100,"sharpe":0.5871564147949543,"calmar":-100,"sqn":1.111,"profit_factor":0.0,"backtest_start":"2025-10-01 00:00:00","backtest_start_ts":1759276800000,"backtest_end":"2026-01-06 20:00:00","backtest_end_ts":1767729600000,"backtest_days":97,"backtest_run_start_ts":1767740129,"backtest_run_end_ts":1767740130,"trades_per_day":0.06,"market_change":-0.36632086436227446,"pairlist":["DOGE/USDT"],"stake_amount":"unlimited","stake_currency":"USDT","stake_currency_decimals":3,"starting_balance":1000,"dry_run_wallet":1000,"final_balance":1006.61181456,"rejected_signals":0,"timedout_entry_orders":0,"timedout_exit_orders":0,"canceled_trade_entries":0,"canceled_entry_orders":0,"replaced_entry_orders":0,"max_open_trades":1,"max_open_trades_setting":3,"timeframe":"1h","timeframe_detail":"","timerange":"20251001-","enable_protections":false,"strategy_name":"ACO_16_19","freqaimodel":null,"freqai_identifier":null,"stoploss":-0.05,"trailing_stop":false,"trailing_stop_positive":null,"trailing_stop_positive_offset":0.0,"trailing_only_offset_is_reached":false,"use_custom_stoploss":false,"minimal_roi":{"0":0.1,"60":0.05,"120":0.0},"use_exit_signal":true,"exit_profit_only":false,"exit_profit_offset":0.0,"ignore_roi_if_entry_signal":false,"trading_mode":"spot","margin_mode":"","periodic_breakdown":{"day":[{"date":"09/11/2025","date_ts":1762646400000,"profit_abs":0.0,"wins":0,"draws":1,"losses":0,"trades":1,"profit_factor":0.0},{"date":"10/11/2025","date_ts":1762732800000,"profit_abs":0.0,"wins":0,"draws":0,"losses":0,"trades":0,"profit_factor":0.0},{"date":"11/11/2025","date_ts":1762819200000,"profit_abs":0.0,"wins":0,"draws":0,"losses":0,"trades":0,"profit_factor":0.0},{"date":"12/11/2025","date_ts":1762905600000,"profit_abs":0.0,"wins":0,"draws":0,"losses":0,"trades":0,"profit_factor":0.0},{"date":"13/11/2025","date_ts":1762992000000,"profit_abs":6.03925654,"wins":1,"draws":0,"losses":0,"trades":1,"profit_factor":0.0},{"date":"14/11/2025","date_ts":1763078400000,"profit_abs":0.0,"wins":0,"draws":0,"losses":0,"trades":0,"profit_factor":0.0},{"date":"15/11/2025","date_ts":1763164800000,"profit_abs":0.0,"wins":0,"draws":0,"losses":0,"trades":0,"profit_factor":0.0},{"date":"16/11/2025","date_ts":1763251200000,"profit_abs":0.0,"wins":0,"draws":0,"losses":0,"trades":0,"profit_factor":0.0},{"date":"17/11/2025","date_ts":1763337600000,"profit_abs":0.0,"wins":0,"draws":0,"losses":0,"trades":0,"profit_factor":0.0},{"date":"18/11/2025","date_ts":1763424000000,"profit_abs":0.0,"wins":0,"draws":0,"losses":0,"trades":0,"profit_factor":0.0},{"date":"19/11/2025","date_ts":1763510400000,"profit_abs":0.0,"wins":0,"draws":0,"losses":0,"trades":0,"profit_factor":0.0},{"date":"20/11/2025","date_ts":1763596800000,"profit_abs":0.0,"wins":0,"draws":0,"losses":0,"trades":0,"profit_factor":0.0},{"date":"21/11/2025","date_ts":1763683200000,"profit_abs":0.0,"wins":0,"draws":0,"losses":0,"trades":0,"profit_factor":0.0},{"date":"22/11/2025","date_ts":1763769600000,"profit_abs":0.0,"wins":0,"draws":0,"losses":0,"trades":0,"profit_factor":0.0},{"date":"23/11/2025","date_ts":1763856000000,"profit_abs":0.0,"wins":0,"draws":0,"losses":0,"trades":0,"profit_factor":0.0},{"date":"24/11/2025","date_ts":1763942400000,"profit_abs":0.0,"wins":0,"draws":0,"losses":0,"trades":0,"profit_factor":0.0},{"date":"25/11/2025","date_ts":1764028800000,"profit_abs":0.0,"wins":0,"draws":0,"losses":0,"trades":0,"profit_factor":0.0},{"date":"26/11/2025","date_ts":1764115200000,"profit_abs":0.0,"wins":0,"draws":0,"losses":0,"trades":0,"profit_factor":0.0},{"date":"27/11/2025","date_ts":1764201600000,"profit_abs":0.0,"wins":0,"draws":0,"losses":0,"trades":0,"profit_factor":0.0},{"date":"28/11/2025","date_ts":1764288000000,"profit_abs":0.0,"wins":0,"draws":0,"losses":0,"trades":0,"profit_factor":0.0},{"date":"29/11/2025","date_ts":1764374400000,"profit_abs":0.0,"wins":0,"draws":0,"losses":0,"trades":0,"profit_factor":0.0},{"date":"30/11/2025","date_ts":1764460800000,"profit_abs":0.0,"wins":0,"draws":0,"losses":0,"trades":0,"profit_factor":0.0},{"date":"01/12/2025","date_ts":1764547200000,"profit_abs":0.0,"wins":0,"draws":0,"losses":0,"trades":0,"profit_factor":0.0},{"date":"02/12/2025","date_ts":1764633600000,"profit_abs":0.0,"wins":0,"draws":0,"losses":0,"trades":0,"profit_factor":0.0},{"date":"03/12/2025","date_ts":1764720000000,"profit_abs":0.0,"wins":0,"draws":0,"losses":0,"trades":0,"profit_factor":0.0},{"date":"04/12/2025","date_ts":1764806400000,"profit_abs":0.0,"wins":0,"draws":0,"losses":0,"trades":0,"profit_factor":0.0},{"date":"05/12/2025","date_ts":1764892800000,"profit_abs":0.0,"wins":0,"draws":0,"losses":0,"trades":0,"profit_factor":0.0},{"date":"06/12/2025","date_ts":1764979200000,"profit_abs":0.0,"wins":0,"draws":0,"losses":0,"trades":0,"profit_factor":0.0},{"date":"07/12/2025","date_ts":1765065600000,"profit_abs":0.0,"wins":0,"draws":0,"losses":0,"trades":0,"profit_factor":0.0},{"date":"08/12/2025","date_ts":1765152000000,"profit_abs":0.0,"wins":0,"draws":0,"losses":0,"trades":0,"profit_factor":0.0},{"date":"09/12/2025","date_ts":1765238400000,"profit_abs":0.0,"wins":0,"draws":0,"losses":0,"trades":0,"profit_factor":0.0},{"date":"10/12/2025","date_ts":1765324800000,"profit_abs":0.0,"wins":0,"draws":0,"losses":0,"trades":0,"profit_factor":0.0},{"date":"11/12/2025","date_ts":1765411200000,"profit_abs":0.0,"wins":0,"draws":0,"losses":0,"trades":0,"profit_factor":0.0},{"date":"12/12/2025","date_ts":1765497600000,"profit_abs":0.0,"wins":0,"draws":0,"losses":0,"trades":0,"profit_factor":0.0},{"date":"13/12/2025","date_ts":1765584000000,"profit_abs":0.0,"wins":0,"draws":0,"losses":0,"trades":0,"profit_factor":0.0},{"date":"14/12/2025","date_ts":1765670400000,"profit_abs":0.0,"wins":0,"draws":0,"losses":0,"trades":0,"profit_factor":0.0},{"date":"15/12/2025","date_ts":1765756800000,"profit_abs":0.0,"wins":0,"draws":0,"losses":0,"trades":0,"profit_factor":0.0},{"date":"16/12/2025","date_ts":1765843200000,"profit_abs":0.0,"wins":0,"draws":1,"losses":0,"trades":1,"profit_factor":0.0},{"date":"17/12/2025","date_ts":1765929600000,"profit_abs":0.0,"wins":0,"draws":0,"losses":0,"trades":0,"profit_factor":0.0},{"date":"18/12/2025","date_ts":1766016000000,"profit_abs":0.0,"wins":0,"draws":1,"losses":0,"trades":1,"profit_factor":0.0},{"date":"19/12/2025","date_ts":1766102400000,"profit_abs":0.0,"wins":0,"draws":0,"losses":0,"trades":0,"profit_factor":0.0},{"date":"20/12/2025","date_ts":1766188800000,"profit_abs":0.0,"wins":0,"draws":0,"losses":0,"trades":0,"profit_factor":0.0},{"date":"21/12/2025","date_ts":1766275200000,"profit_abs":0.0,"wins":0,"draws":0,"losses":0,"trades":0,"profit_factor":0.0},{"date":"22/12/2025","date_ts":1766361600000,"profit_abs":0.0,"wins":0,"draws":0,"losses":0,"trades":0,"profit_factor":0.0},{"date":"23/12/2025","date_ts":1766448000000,"profit_abs":0.0,"wins":0,"draws":0,"losses":0,"trades":0,"profit_factor":0.0},{"date":"24/12/2025","date_ts":1766534400000,"profit_abs":0.0,"wins":0,"draws":0,"losses":0,"trades":0,"profit_factor":0.0},{"date":"25/12/2025","date_ts":1766620800000,"profit_abs":0.0,"wins":0,"draws":0,"losses":0,"trades":0,"profit_factor":0.0},{"date":"26/12/2025","date_ts":1766707200000,"profit_abs":0.0,"wins":0,"draws":1,"losses":0,"trades":1,"profit_factor":0.0},{"date":"27/12/2025","date_ts":1766793600000,"profit_abs":0.0,"wins":0,"draws":0,"losses":0,"trades":0,"profit_factor":0.0},{"date":"28/12/2025","date_ts":1766880000000,"profit_abs":0.0,"wins":0,"draws":0,"losses":0,"trades":0,"profit_factor":0.0},{"date":"29/12/2025","date_ts":1766966400000,"profit_abs":0.0,"wins":0,"draws":0,"losses":0,"trades":0,"profit_factor":0.0},{"date":"30/12/2025","date_ts":1767052800000,"profit_abs":0.0,"wins":0,"draws":0,"losses":0,"trades":0,"profit_factor":0.0},{"date":"31/12/2025","date_ts":1767139200000,"profit_abs":0.0,"wins":0,"draws":0,"losses":0,"trades":0,"profit_factor":0.0},{"date":"01/01/2026","date_ts":1767225600000,"profit_abs":0.57255802,"wins":1,"draws":0,"losses":0,"trades":1,"profit_factor":0.0}],"week":[{"date":"10/11/2025","date_ts":1762732800000,"profit_abs":0.0,"wins":0,"draws":1,"losses":0,"trades":1,"profit_factor":0.0},{"date":"17/11/2025","date_ts":1763337600000,"profit_abs":6.03925654,"wins":1,"draws":0,"losses":0,"trades":1,"profit_factor":0.0},{"date":"24/11/2025","date_ts":1763942400000,"profit_abs":0.0,"wins":0,"draws":0,"losses":0,"trades":0,"profit_factor":0.0},{"date":"01/12/2025","date_ts":1764547200000,"profit_abs":0.0,"wins":0,"draws":0,"losses":0,"trades":0,"profit_factor":0.0},{"date":"08/12/2025","date_ts":1765152000000,"profit_abs":0.0,"wins":0,"draws":0,"losses":0,"trades":0,"profit_factor":0.0},{"date":"15/12/2025","date_ts":1765756800000,"profit_abs":0.0,"wins":0,"draws":0,"losses":0,"trades":0,"profit_factor":0.0},{"date":"22/12/2025","date_ts":1766361600000,"profit_abs":0.0,"wins":0,"draws":2,"losses":0,"trades":2,"profit_factor":0.0},{"date":"29/12/2025","date_ts":1766966400000,"profit_abs":0.0,"wins":0,"draws":1,"losses":0,"trades":1,"profit_factor":0.0},{"date":"05/01/2026","date_ts":1767571200000,"profit_abs":0.57255802,"wins":1,"draws":0,"losses":0,"trades":1,"profit_factor":0.0}],"month":[{"date":"30/11/2025","date_ts":1764460800000,"profit_abs":6.03925654,"wins":1,"draws":1,"losses":0,"trades":2,"profit_factor":0.0},{"date":"31/12/2025","date_ts":1767139200000,"profit_abs":0.0,"wins":0,"draws":3,"losses":0,"trades":3,"profit_factor":0.0},{"date":"31/01/2026","date_ts":1769817600000,"profit_abs":0.57255802,"wins":1,"draws":0,"losses":0,"trades":1,"profit_factor":0.0}],"year":[{"date":"31/12/2025","date_ts":1767139200000,"profit_abs":6.03925654,"wins":1,"draws":4,"losses":0,"trades":5,"profit_factor":0.0},{"date":"31/12/2026","date_ts":1798675200000,"profit_abs":0.57255802,"wins":1,"draws":0,"losses":0,"trades":1,"profit_factor":0.0}],"weekday":[{"date":"Tuesday","date_ts":1,"profit_abs":0.0,"wins":0,"draws":1,"losses":0,"trades":1,"profit_factor":0.0},{"date":"Thursday","date_ts":3,"profit_abs":6.61181456,"wins":2,"draws":1,"losses":0,"trades":3,"profit_factor":0.0},{"date":"Friday","date_ts":4,"profit_abs":0.0,"wins":0,"draws":1,"losses":0,"trades":1,"profit_factor":0.0},{"date":"Sunday","date_ts":6,"profit_abs":0.0,"wins":0,"draws":1,"losses":0,"trades":1,"profit_factor":0.0}]},"backtest_best_day":0.01828256415117729,"backtest_worst_day":0.0,"backtest_best_day_abs":6.03925654,"backtest_worst_day_abs":0.0,"winning_days":2,"draw_days":52,"losing_days":0,"daily_profit":[["2025-11-09",0.0],["2025-11-10",0.0],["2025-11-11",0.0],["2025-11-12",0.0],["2025-11-13",6.03925654],["2025-11-14",0.0],["2025-11-15",0.0],["2025-11-16",0.0],["2025-11-17",0.0],["2025-11-18",0.0],["2025-11-19",0.0],["2025-11-20",0.0],["2025-11-21",0.0],["2025-11-22",0.0],["2025-11-23",0.0],["2025-11-24",0.0],["2025-11-25",0.0],["2025-11-26",0.0],["2025-11-27",0.0],["2025-11-28",0.0],["2025-11-29",0.0],["2025-11-30",0.0],["2025-12-01",0.0],["2025-12-02",0.0],["2025-12-03",0.0],["2025-12-04",0.0],["2025-12-05",0.0],["2025-12-06",0.0],["2025-12-07",0.0],["2025-12-08",0.0],["2025-12-09",0.0],["2025-12-10",0.0],["2025-12-11",0.0],["2025-12-12",0.0],["2025-12-13",0.0],["2025-12-14",0.0],["2025-12-15",0.0],["2025-12-16",0.0],["2025-12-17",0.0],["2025-12-18",0.0],["2025-12-19",0.0],["2025-12-20",0.0],["2025-12-21",0.0],["2025-12-22",0.0],["2025-12-23",0.0],["2025-12-24",0.0],["2025-12-25",0.0],["2025-12-26",0.0],["2025-12-27",0.0],["2025-12-28",0.0],["2025-12-29",0.0],["2025-12-30",0.0],["2025-12-31",0.0],["2026-01-01",0.57255802]],"wins":2,"losses":0,"draws":4,"winrate":0.3333333333333333,"holding_avg":"3:30:00","holding_avg_s":12600.0,"winner_holding_min":"0d 02:00","winner_holding_min_s":7200.0,"winner_holding_max":"0d 02:00","winner_holding_max_s":7200.0,"winner_holding_avg":"0d 02:00","winner_holding_avg_s":7200.0,"loser_holding_min":"0d 00:00","loser_holding_min_s":0.0,"loser_holding_max":"0d 00:00","loser_holding_max_s":0.0,"loser_holding_avg":"0d 00:00","loser_holding_avg_s":0.0,"max_consecutive_wins":1,"max_consecutive_losses":3,"max_drawdown_account":0.0,"max_relative_drawdown":0.0,"max_drawdown_abs":0.0,"drawdown_start":"2025-11-09 06:00:00","drawdown_start_ts":1762668000000.0,"drawdown_end":"2025-11-09 06:00:00","drawdown_end_ts":1762668000000.0,"drawdown_duration":"0 days 00:00:00","drawdown_duration_s":0.0,"max_drawdown_low":0.0,"max_drawdown_high":0.0,"csum_min":1000.0,"csum_max":1006.61181456}},"strategy_comparison":[{"key":"ACO_16_19","trades":6,"profit_mean":0.0033342683654169077,"profit_mean_pct":0.33,"profit_total_abs":6.61181456,"profit_total":0.00661181456,"profit_total_pct":0.66,"duration_avg":"3:30:00","wins":2,"draws":4,"losses":0,"winrate":0.3333333333333333,"cagr":0.025107638045822167,"expectancy":1.1019690933333333,"expectancy_ratio":100.0,"sortino":-100,"sharpe":0.5871564147949543,"calmar":-100,"sqn":1.111,"profit_factor":0.0,"max_drawdown_account":0.0,"max_drawdown_abs":"0"}]}