{"strategy":{"ACO_46_19":{"trades":[{"pair":"DOGE/USDT","stake_amount":329.82932,"max_stake_amount":329.82932,"amount":1289.0,"open_date":"2025-10-02 17:00:00+00:00","close_date":"2025-10-02 19:00:00+00:00","open_rate":0.25588,"close_rate":0.25882,"fee_open":0.001,"fee_close":0.001,"trade_duration":120,"profit_ratio":0.009468802262299214,"profit_abs":3.1262117,"exit_reason":"roi","initial_stop_loss_abs":0.24309,"initial_stop_loss_ratio":-0.05,"stop_loss_abs":0.24309,"stop_loss_ratio":-0.05,"min_rate":0.25482,"max_rate":0.2608,"is_open":false,"enter_tag":"","leverage":1.0,"is_short":false,"open_timestamp":1759424400000,"close_timestamp":1759431600000,"orders":[{"amount":1289.0,"safe_price":0.25588,"ft_order_side":"buy","order_filled_timestamp":1759424400000,"ft_is_entry":true,"ft_order_tag":"","cost":330.15914932},{"amount":1289.0,"safe_price":0.25882,"ft_order_side":"sell","order_filled_timestamp":1759431600000,"ft_is_entry":false,"ft_order_tag":"roi","cost":333.95259897999995}],"funding_fees":0.0,"weekday":3},{"pair":"DOGE/USDT","stake_amount":330.8707,"max_stake_amount":330.8707,"amount":1277.0,"open_date":"2025-10-03 03:00:00+00:00","close_date":"2025-10-03 05:00:00+00:00","open_rate":0.2591,"close_rate":0.26029,"fee_open":0.001,"fee_close":0.001,"trade_duration":120,"profit_ratio":0.0025856428403707448,"profit_abs":0.85636897,"exit_reason":"roi","initial_stop_loss_abs":0.24615,"initial_stop_loss_ratio":-0.05,"stop_loss_abs":0.24615,"stop_loss_ratio":-0.05,"min_rate":0.25686,"max_rate":0.26155,"is_open":false,"enter_tag":"","leverage":1.0,"is_short":false,"open_timestamp":1759460400000,"close_timestamp":1759467600000,"orders":[{"amount":1277.0,"safe_price":0.2591,"ft_order_side":"buy","order_filled_timestamp":1759460400000,"ft_is_entry":true,"ft_order_tag":"","cost":331.2015707},{"amount":1277.0,"safe_price":0.26029,"ft_order_side":"sell","order_filled_timestamp":1759467600000,"ft_is_entry":false,"ft_order_tag":"roi","cost":332.72272032999996}],"funding_fees":0.0,"weekday":4},{"pair":"DOGE/USDT","stake_amount":331.2699,"max_stake_amount":331.2699,"amount":1313.0,"open_date":"2025-10-08 13:00:00+00:00","close_date":"2025-10-08 15:00:00+00:00","open_rate":0.2523,"close_rate":0.2528051051051051,"fee_open":0.001,"fee_close":0.001,"trade_duration":120,"profit_ratio":0.0,"profit_abs":0.0,"exit_reason":"roi","initial_stop_loss_abs":0.23969,"initial_stop_loss_ratio":-0.05,"stop_loss_abs":0.23969,"stop_loss_ratio":-0.05,"min_rate":0.24914,"max_rate":0.25678,"is_open":false,"enter_tag":"","leverage":1.0,"is_short":false,"open_timestamp":1759928400000,"close_timestamp":1759935600000,"orders":[{"amount":1313.0,"safe_price":0.2523,"ft_order_side":"buy","order_filled_timestamp":1759928400000,"ft_is_entry":true,"ft_order_tag":"","cost":331.60116989999995},{"amount":1313.0,"safe_price":0.2528051051051051,"ft_order_side":"sell","order_filled_timestamp":1759935600000,"ft_is_entry":false,"ft_order_tag":"roi","cost":332.26503610600594}],"funding_fees":0.0,"weekday":2},{"pair":"DOGE/USDT","stake_amount":331.23838,"max_stake_amount":331.23838,"amount":1762.0,"open_date":"2025-10-12 05:00:00+00:00","close_date":"2025-10-12 07:00:00+00:00","open_rate":0.18799,"close_rate":0.19081,"fee_open":0.001,"fee_close":0.001,"trade_duration":120,"profit_ratio":0.012972824292575343,"profit_abs":4.3013944,"exit_reason":"roi","initial_stop_loss_abs":0.1786,"initial_stop_loss_ratio":-0.05,"stop_loss_abs":0.1786,"stop_loss_ratio":-0.05,"min_rate":0.18715,"max_rate":0.19118,"is_open":false,"enter_tag":"","leverage":1.0,"is_short":false,"open_timestamp":1760245200000,"close_timestamp":1760252400000,"orders":[{"amount":1762.0,"safe_price":0.18799,"ft_order_side":"buy","order_filled_timestamp":1760245200000,"ft_is_entry":true,"ft_order_tag":"","cost":331.56961837999995},{"amount":1762.0,"safe_price":0.19081,"ft_order_side":"sell","order_filled_timestamp":1760252400000,"ft_is_entry":false,"ft_order_tag":"roi","cost":336.54342721999996}],"funding_fees":0.0,"weekday":6},{"pair":"DOGE/USDT","stake_amount":332.65344,"max_stake_amount":332.65344,"amount":1696.0,"open_date":"2025-10-12 15:00:00+00:00","close_date":"2025-10-12 16:00:00+00:00","open_rate":0.19614,"close_rate":0.2063494894894895,"fee_open":0.001,"fee_close":0.001,"trade_duration":60,"profit_ratio":0.04995004995004995,"profit_abs":16.632672,"exit_reason":"roi","initial_stop_loss_abs":0.18634,"initial_stop_loss_ratio":-0.05,"stop_loss_abs":0.18634,"stop_loss_ratio":-0.05,"min_rate":0.19562,"max_rate":0.2095,"is_open":false,"enter_tag":"","leverage":1.0,"is_short":false,"open_timestamp":1760281200000,"close_timestamp":1760284800000,"orders":[{"amount":1696.0,"safe_price":0.19614,"ft_order_side":"buy","order_filled_timestamp":1760281200000,"ft_is_entry":true,"ft_order_tag":"","cost":332.98609343999993},{"amount":1696.0,"safe_price":0.2063494894894895,"ft_order_side":"sell","order_filled_timestamp":1760284800000,"ft_is_entry":false,"ft_order_tag":"roi","cost":350.3187029083483}],"funding_fees":0.0,"weekday":6},{"pair":"DOGE/USDT","stake_amount":338.096,"max_stake_amount":338.096,"amount":1760.0,"open_date":"2025-10-23 06:00:00+00:00","close_date":"2025-10-23 08:00:00+00:00","open_rate":0.1921,"close_rate":0.19401,"fee_open":0.001,"fee_close":0.001,"trade_duration":120,"profit_ratio":0.007924870548504073,"profit_abs":2.6820464,"exit_reason":"roi","initial_stop_loss_abs":0.1825,"initial_stop_loss_ratio":-0.05,"stop_loss_abs":0.1825,"stop_loss_ratio":-0.05,"min_rate":0.19194,"max_rate":0.19514,"is_open":false,"enter_tag":"","leverage":1.0,"is_short":false,"open_timestamp":1761199200000,"close_timestamp":1761206400000,"orders":[{"amount":1760.0,"safe_price":0.1921,"ft_order_side":"buy","order_filled_timestamp":1761199200000,"ft_is_entry":true,"ft_order_tag":"","cost":338.43409599999995},{"amount":1760.0,"safe_price":0.19401,"ft_order_side":"sell","order_filled_timestamp":1761206400000,"ft_is_entry":false,"ft_order_tag":"roi","cost":341.7990575999999}],"funding_fees":0.0,"weekday":3},{"pair":"DOGE/USDT","stake_amount":339.00544,"max_stake_amount":339.00544,"amount":2048.0,"open_date":"2025-11-05 14:00:00+00:00","close_date":"2025-11-05 16:00:00+00:00","open_rate":0.16553,"close_rate":0.16734,"fee_open":0.001,"fee_close":0.001,"trade_duration":120,"profit_ratio":0.00891472449498185,"profit_abs":3.02516224,"exit_reason":"roi","initial_stop_loss_abs":0.15726,"initial_stop_loss_ratio":-0.05,"stop_loss_abs":0.15726,"stop_loss_ratio":-0.05,"min_rate":0.16342,"max_rate":0.16792,"is_open":false,"enter_tag":"","leverage":1.0,"is_short":false,"open_timestamp":1762351200000,"close_timestamp":1762358400000,"orders":[{"amount":2048.0,"safe_price":0.16553,"ft_order_side":"buy","order_filled_timestamp":1762351200000,"ft_is_entry":true,"ft_order_tag":"","cost":339.34444543999996},{"amount":2048.0,"safe_price":0.16734,"ft_order_side":"sell","order_filled_timestamp":1762358400000,"ft_is_entry":false,"ft_order_tag":"roi","cost":343.05503231999995}],"funding_fees":0.0,"weekday":2},{"pair":"DOGE/USDT","stake_amount":340.104,"max_stake_amount":340.104,"amount":2400.0,"open_date":"2025-11-23 02:00:00+00:00","close_date":"2025-11-23 04:00:00+00:00","open_rate":0.14171,"close_rate":0.14289,"fee_open":0.001,"fee_close":0.001,"trade_duration":120,"profit_ratio":0.006312225633374459,"profit_abs":2.14896,"exit_reason":"roi","initial_stop_loss_abs":0.13463,"initial_stop_loss_ratio":-0.05,"stop_loss_abs":0.13463,"stop_loss_ratio":-0.05,"min_rate":0.14124,"max_rate":0.1447,"is_open":false,"enter_tag":"","leverage":1.0,"is_short":false,"open_timestamp":1763863200000,"close_timestamp":1763870400000,"orders":[{"amount":2400.0,"safe_price":0.14171,"ft_order_side":"buy","order_filled_timestamp":1763863200000,"ft_is_entry":true,"ft_order_tag":"","cost":340.4441039999999},{"amount":2400.0,"safe_price":0.14289,"ft_order_side":"sell","order_filled_timestamp":1763870400000,"ft_is_entry":false,"ft_order_tag":"roi","cost":343.27893599999993}],"funding_fees":0.0,"weekday":6},{"pair":"DOGE/USDT","stake_amount":340.75638,"max_stake_amount":340.75638,"amount":2523.0,"open_date":"2025-12-01 22:00:00+00:00","close_date":"2025-12-02 00:00:00+00:00","open_rate":0.13506,"close_rate":0.13546,"fee_open":0.001,"fee_close":0.001,"trade_duration":120,"profit_ratio":0.0009577273015744807,"profit_abs":0.32667804,"exit_reason":"roi","initial_stop_loss_abs":0.12831,"initial_stop_loss_ratio":-0.05,"stop_loss_abs":0.12831,"stop_loss_ratio":-0.05,"min_rate":0.13493,"max_rate":0.13663,"is_open":false,"enter_tag":"","leverage":1.0,"is_short":false,"open_timestamp":1764626400000,"close_timestamp":1764633600000,"orders":[{"amount":2523.0,"safe_price":0.13506,"ft_order_side":"buy","order_filled_timestamp":1764626400000,"ft_is_entry":true,"ft_order_tag":"","cost":341.09713638},{"amount":2523.0,"safe_price":0.13546,"ft_order_side":"sell","order_filled_timestamp":1764633600000,"ft_is_entry":false,"ft_order_tag":"roi","cost":342.10734557999996}],"funding_fees":0.0,"weekday":1},{"pair":"DOGE/USDT","stake_amount":340.8984,"max_stake_amount":340.8984,"amount":2514.0,"open_date":"2025-12-02 10:00:00+00:00","close_date":"2025-12-02 12:00:00+00:00","open_rate":0.1356,"close_rate":0.137,"fee_open":0.001,"fee_close":0.001,"trade_duration":120,"profit_ratio":0.008305853438596801,"profit_abs":2.8342836,"exit_reason":"roi","initial_stop_loss_abs":0.12882,"initial_stop_loss_ratio":-0.05,"stop_loss_abs":0.12882,"stop_loss_ratio":-0.05,"min_rate":0.1355,"max_rate":0.13758,"is_open":false,"enter_tag":"","leverage":1.0,"is_short":false,"open_timestamp":1764669600000,"close_timestamp":1764676800000,"orders":[{"amount":2514.0,"safe_price":0.1356,"ft_order_side":"buy","order_filled_timestamp":1764669600000,"ft_is_entry":true,"ft_order_tag":"","cost":341.23929839999994},{"amount":2514.0,"safe_price":0.137,"ft_order_side":"sell","order_filled_timestamp":1764676800000,"ft_is_entry":false,"ft_order_tag":"roi","cost":344.76241799999997}],"funding_fees":0.0,"weekday":1},{"pair":"DOGE/USDT","stake_amount":341.77138,"max_stake_amount":341.77138,"amount":2291.0,"open_date":"2025-12-03 16:00:00+00:00","close_date":"2025-12-03 18:00:00+00:00","open_rate":0.14918,"close_rate":0.15136,"fee_open":0.001,"fee_close":0.001,"trade_duration":120,"profit_ratio":0.012586019691529815,"profit_abs":4.30584286,"exit_reason":"roi","initial_stop_loss_abs":0.14173,"initial_stop_loss_ratio":-0.05,"stop_loss_abs":0.14173,"stop_loss_ratio":-0.05,"min_rate":0.1484,"max_rate":0.15195,"is_open":false,"enter_tag":"","leverage":1.0,"is_short":false,"open_timestamp":1764777600000,"close_timestamp":1764784800000,"orders":[{"amount":2291.0,"safe_price":0.14918,"ft_order_side":"buy","order_filled_timestamp":1764777600000,"ft_is_entry":true,"ft_order_tag":"","cost":342.11315138},{"amount":2291.0,"safe_price":0.15136,"ft_order_side":"sell","order_filled_timestamp":1764784800000,"ft_is_entry":false,"ft_order_tag":"roi","cost":347.11252576}],"funding_fees":0.0,"weekday":2},{"pair":"DOGE/USDT","stake_amount":343.23804,"max_stake_amount":343.23804,"amount":2451.0,"open_date":"2025-12-06 15:00:00+00:00","close_date":"2025-12-06 18:00:00+00:00","open_rate":0.14004,"close_rate":0.14032036036036033,"fee_open":0.001,"fee_close":0.001,"trade_duration":180,"profit_ratio":0.0,"profit_abs":0.0,"exit_reason":"roi","initial_stop_loss_abs":0.13304,"initial_stop_loss_ratio":-0.05,"stop_loss_abs":0.13304,"stop_loss_ratio":-0.05,"min_rate":0.13902,"max_rate":0.14058,"is_open":false,"enter_tag":"","leverage":1.0,"is_short":false,"open_timestamp":1765033200000,"close_timestamp":1765044000000,"orders":[{"amount":2451.0,"safe_price":0.14004,"ft_order_side":"buy","order_filled_timestamp":1765033200000,"ft_is_entry":true,"ft_order_tag":"","cost":343.58127804},{"amount":2451.0,"safe_price":0.14032036036036033,"ft_order_side":"sell","order_filled_timestamp":1765044000000,"ft_is_entry":false,"ft_order_tag":"roi","cost":344.2691284464864}],"funding_fees":0.0,"weekday":5},{"pair":"DOGE/USDT","stake_amount":343.22376,"max_stake_amount":343.22376,"amount":2453.0,"open_date":"2025-12-06 22:00:00+00:00","close_date":"2025-12-07 00:00:00+00:00","open_rate":0.13992,"close_rate":0.1402001201201201,"fee_open":0.001,"fee_close":0.001,"trade_duration":120,"profit_ratio":0.0,"profit_abs":0.0,"exit_reason":"roi","initial_stop_loss_abs":0.13293,"initial_stop_loss_ratio":-0.05,"stop_loss_abs":0.13293,"stop_loss_ratio":-0.05,"min_rate":0.13906,"max_rate":0.14039,"is_open":false,"enter_tag":"","leverage":1.0,"is_short":false,"open_timestamp":1765058400000,"close_timestamp":1765065600000,"orders":[{"amount":2453.0,"safe_price":0.13992,"ft_order_side":"buy","order_filled_timestamp":1765058400000,"ft_is_entry":true,"ft_order_tag":"","cost":343.5669837599999},{"amount":2453.0,"safe_price":0.1402001201201201,"ft_order_side":"sell","order_filled_timestamp":1765065600000,"ft_is_entry":false,"ft_order_tag":"roi","cost":344.25480554930925}],"funding_fees":0.0,"weekday":6},{"pair":"DOGE/USDT","stake_amount":343.1824,"max_stake_amount":343.1824,"amount":2516.0,"open_date":"2025-12-15 02:00:00+00:00","close_date":"2025-12-15 04:00:00+00:00","open_rate":0.1364,"close_rate":0.13667307307307305,"fee_open":0.001,"fee_close":0.001,"trade_duration":120,"profit_ratio":0.0,"profit_abs":0.0,"exit_reason":"roi","initial_stop_loss_abs":0.12958,"initial_stop_loss_ratio":-0.05,"stop_loss_abs":0.12958,"stop_loss_ratio":-0.05,"min_rate":0.13601,"max_rate":0.13845,"is_open":false,"enter_tag":"","leverage":1.0,"is_short":false,"open_timestamp":1765764000000,"close_timestamp":1765771200000,"orders":[{"amount":2516.0,"safe_price":0.1364,"ft_order_side":"buy","order_filled_timestamp":1765764000000,"ft_is_entry":true,"ft_order_tag":"","cost":343.52558239999996},{"amount":2516.0,"safe_price":0.13667307307307305,"ft_order_side":"sell","order_filled_timestamp":1765771200000,"ft_is_entry":false,"ft_order_tag":"roi","cost":344.2133213037036}],"funding_fees":0.0,"weekday":0},{"pair":"DOGE/USDT","stake_amount":343.27201,"max_stake_amount":343.27201,"amount":2623.0,"open_date":"2025-12-16 11:00:00+00:00","close_date":"2025-12-16 13:00:00+00:00","open_rate":0.13087,"close_rate":0.13139,"fee_open":0.001,"fee_close":0.001,"trade_duration":120,"profit_ratio":0.0019674678496409987,"profit_abs":0.67605202,"exit_reason":"roi","initial_stop_loss_abs":0.12433,"initial_stop_loss_ratio":-0.05,"stop_loss_abs":0.12433,"stop_loss_ratio":-0.05,"min_rate":0.12975,"max_rate":0.13263,"is_open":false,"enter_tag":"","leverage":1.0,"is_short":false,"open_timestamp":1765882800000,"close_timestamp":1765890000000,"orders":[{"amount":2623.0,"safe_price":0.13087,"ft_order_side":"buy","order_filled_timestamp":1765882800000,"ft_is_entry":true,"ft_order_tag":"","cost":343.61528200999993},{"amount":2623.0,"safe_price":0.13139,"ft_order_side":"sell","order_filled_timestamp":1765890000000,"ft_is_entry":false,"ft_order_tag":"roi","cost":344.98060597}],"funding_fees":0.0,"weekday":1},{"pair":"DOGE/USDT","stake_amount":343.47267,"max_stake_amount":343.47267,"amount":2853.0,"open_date":"2026-01-01 09:00:00+00:00","close_date":"2026-01-01 11:00:00+00:00","open_rate":0.12039,"close_rate":0.120631021021021,"fee_open":0.001,"fee_close":0.001,"trade_duration":120,"profit_ratio":0.0,"profit_abs":0.0,"exit_reason":"roi","initial_stop_loss_abs":0.11438,"initial_stop_loss_ratio":-0.05,"stop_loss_abs":0.11438,"stop_loss_ratio":-0.05,"min_rate":0.12021,"max_rate":0.12126,"is_open":false,"enter_tag":"","leverage":1.0,"is_short":false,"open_timestamp":1767258000000,"close_timestamp":1767265200000,"orders":[{"amount":2853.0,"safe_price":0.12039,"ft_order_side":"buy","order_filled_timestamp":1767258000000,"ft_is_entry":true,"ft_order_tag":"","cost":343.81614267},{"amount":2853.0,"safe_price":0.120631021021021,"ft_order_side":"sell","order_filled_timestamp":1767265200000,"ft_is_entry":false,"ft_order_tag":"roi","cost":344.5044632759458}],"funding_fees":0.0,"weekday":3},{"pair":"DOGE/USDT","stake_amount":343.4796,"max_stake_amount":343.4796,"amount":2614.0,"open_date":"2026-01-02 13:00:00+00:00","close_date":"2026-01-02 15:00:00+00:00","open_rate":0.1314,"close_rate":0.13403,"fee_open":0.001,"fee_close":0.001,"trade_duration":120,"profit_ratio":0.017977228251200853,"profit_abs":6.18098598,"exit_reason":"roi","initial_stop_loss_abs":0.12483,"initial_stop_loss_ratio":-0.05,"stop_loss_abs":0.12483,"stop_loss_ratio":-0.05,"min_rate":0.12955,"max_rate":0.13623,"is_open":false,"enter_tag":"","leverage":1.0,"is_short":false,"open_timestamp":1767358800000,"close_timestamp":1767366000000,"orders":[{"amount":2614.0,"safe_price":0.1314,"ft_order_side":"buy","order_filled_timestamp":1767358800000,"ft_is_entry":true,"ft_order_tag":"","cost":343.8230795999999},{"amount":2614.0,"safe_price":0.13403,"ft_order_side":"sell","order_filled_timestamp":1767366000000,"ft_is_entry":false,"ft_order_tag":"roi","cost":350.70477442}],"funding_fees":0.0,"weekday":4},{"pair":"DOGE/USDT","stake_amount":345.42564,"max_stake_amount":345.42564,"amount":2422.0,"open_date":"2026-01-03 10:00:00+00:00","close_date":"2026-01-03 12:00:00+00:00","open_rate":0.14262,"close_rate":0.14290552552552552,"fee_open":0.001,"fee_close":0.001,"trade_duration":120,"profit_ratio":0.0,"profit_abs":0.0,"exit_reason":"roi","initial_stop_loss_abs":0.13549,"initial_stop_loss_ratio":-0.05,"stop_loss_abs":0.13549,"stop_loss_ratio":-0.05,"min_rate":0.14221,"max_rate":0.14329,"is_open":false,"enter_tag":"","leverage":1.0,"is_short":false,"open_timestamp":1767434400000,"close_timestamp":1767441600000,"orders":[{"amount":2422.0,"safe_price":0.14262,"ft_order_side":"buy","order_filled_timestamp":1767434400000,"ft_is_entry":true,"ft_order_tag":"","cost":345.77106563999996},{"amount":2422.0,"safe_price":0.14290552552552552,"ft_order_side":"sell","order_filled_timestamp":1767441600000,"ft_is_entry":false,"ft_order_tag":"roi","cost":346.46330000564564}],"funding_fees":0.0,"weekday":5},{"pair":"DOGE/USDT","stake_amount":345.47352,"max_stake_amount":345.47352,"amount":2436.0,"open_date":"2026-01-03 19:00:00+00:00","close_date":"2026-01-03 21:00:00+00:00","open_rate":0.14182,"close_rate":0.14231,"fee_open":0.001,"fee_close":0.001,"trade_duration":120,"profit_ratio":0.001450178646624846,"profit_abs":0.50149932,"exit_reason":"roi","initial_stop_loss_abs":0.13473,"initial_stop_loss_ratio":-0.05,"stop_loss_abs":0.13473,"stop_loss_ratio":-0.05,"min_rate":0.14127,"max_rate":0.14294,"is_open":false,"enter_tag":"","leverage":1.0,"is_short":false,"open_timestamp":1767466800000,"close_timestamp":1767474000000,"orders":[{"amount":2436.0,"safe_price":0.14182,"ft_order_side":"buy","order_filled_timestamp":1767466800000,"ft_is_entry":true,"ft_order_tag":"","cost":345.81899352},{"amount":2436.0,"safe_price":0.14231,"ft_order_side":"sell","order_filled_timestamp":1767474000000,"ft_is_entry":false,"ft_order_tag":"roi","cost":347.01382715999995}],"funding_fees":0.0,"weekday":5},{"pair":"DOGE/USDT","stake_amount":345.62959,"max_stake_amount":345.62959,"amount":2297.0,"open_date":"2026-01-05 01:00:00+00:00","close_date":"2026-01-05 03:00:00+00:00","open_rate":0.15047,"close_rate":0.1519,"fee_open":0.001,"fee_close":0.001,"trade_duration":120,"profit_ratio":0.0074865654050873705,"profit_abs":2.59016611,"exit_reason":"roi","initial_stop_loss_abs":0.14295,"initial_stop_loss_ratio":-0.05,"stop_loss_abs":0.14295,"stop_loss_ratio":-0.05,"min_rate":0.15004,"max_rate":0.15248,"is_open":false,"enter_tag":"","leverage":1.0,"is_short":false,"open_timestamp":1767574800000,"close_timestamp":1767582000000,"orders":[{"amount":2297.0,"safe_price":0.15047,"ft_order_side":"buy","order_filled_timestamp":1767574800000,"ft_is_entry":true,"ft_order_tag":"","cost":345.97521959},{"amount":2297.0,"safe_price":0.1519,"ft_order_side":"sell","order_filled_timestamp":1767582000000,"ft_is_entry":false,"ft_order_tag":"roi","cost":349.2632143}],"funding_fees":0.0,"weekday":0}],"locks":[],"best_pair":{"key":"DOGE/USDT","trades":20,"profit_mean":0.00744300903032054,"profit_mean_pct":0.74,"profit_total_abs":50.18832364,"profit_total":0.05018832364,"profit_total_pct":5.02,"duration_avg":"2:00:00","wins":14,"draws":6,"losses":0,"winrate":0.7,"cagr":0.2023364315222682,"expectancy":2.509416182,"expectancy_ratio":100.0,"sortino":-100,"sharpe":2.675654172314128,"calmar":-100,"sqn":2.9608,"profit_factor":0.0,"max_drawdown_account":0.0,"max_drawdown_abs":0.0},"worst_pair":{"key":"DOGE/USDT","trades":20,"profit_mean":0.00744300903032054,"profit_mean_pct":0.74,"profit_total_abs":50.18832364,"profit_total":0.05018832364,"profit_total_pct":5.02,"duration_avg":"2:00:00","wins":14,"draws":6,"losses":0,"winrate":0.7,"cagr":0.2023364315222682,"expectancy":2.509416182,"expectancy_ratio":100.0,"sortino":-100,"sharpe":2.675654172314128,"calmar":-100,"sqn":2.9608,"profit_factor":0.0,"max_drawdown_account":0.0,"max_drawdown_abs":0.0},"results_per_pair":[{"key":"DOGE/USDT","trades":20,"profit_mean":0.00744300903032054,"profit_mean_pct":0.74,"profit_total_abs":50.18832364,"profit_total":0.05018832364,"profit_total_pct":5.02,"duration_avg":"2:00:00","wins":14,"draws":6,"losses":0,"winrate":0.7,"cagr":0.2023364315222682,"expectancy":2.509416182,"expectancy_ratio":100.0,"sortino":-100,"sharpe":2.675654172314128,"calmar":-100,"sqn":2.9608,"profit_factor":0.0,"max_drawdown_account":0.0,"max_drawdown_abs":0.0},{"key":"TOTAL","trades":20,"profit_mean":0.00744300903032054,"profit_mean_pct":0.74,"profit_total_abs":50.18832364,"profit_total":0.05018832364,"profit_total_pct":5.02,"duration_avg":"2:00:00","wins":14,"draws":6,"losses":0,"winrate":0.7,"cagr":0.2023364315222682,"expectancy":2.509416182,"expectancy_ratio":100.0,"sortino":-100,"sharpe":2.675654172314128,"calmar":-100,"sqn":2.9608,"profit_factor":0.0,"max_drawdown_account":0.0,"max_drawdown_abs":0.0}],"results_per_enter_tag":[{"key":"","trades":20,"profit_mean":0.00744300903032054,"profit_mean_pct":0.74,"profit_total_abs":50.18832364,"profit_total":0.05018832364,"profit_total_pct":5.02,"duration_avg":"2:00:00","wins":14,"draws":6,"losses":0,"winrate":0.7,"cagr":0.2023364315222682,"expectancy":2.509416182,"expectancy_ratio":100.0,"sortino":-100,"sharpe":2.675654172314128,"calmar":-100,"sqn":2.9608,"profit_factor":0.0,"max_drawdown_account":0.0,"max_drawdown_abs":0.0},{"key":"TOTAL","trades":20,"profit_mean":0.00744300903032054,"profit_mean_pct":0.74,"profit_total_abs":50.18832364,"profit_total":0.05018832364,"profit_total_pct":5.02,"duration_avg":"2:00:00","wins":14,"draws":6,"losses":0,"winrate":0.7,"cagr":0.2023364315222682,"expectancy":2.509416182,"expectancy_ratio":100.0,"sortino":-100,"sharpe":2.675654172314128,"calmar":-100,"sqn":2.9608,"profit_factor":0.0,"max_drawdown_account":0.0,"max_drawdown_abs":0.0}],"exit_reason_summary":[{"key":"roi","trades":20,"profit_mean":0.00744300903032054,"profit_mean_pct":0.74,"profit_total_abs":50.18832364,"profit_total":0.05018832364,"profit_total_pct":5.02,"duration_avg":"2:00:00","wins":14,"draws":6,"losses":0,"winrate":0.7,"cagr":0.2023364315222682,"expectancy":2.509416182,"expectancy_ratio":100.0,"sortino":-100,"sharpe":2.675654172314128,"calmar":-100,"sqn":2.9608,"profit_factor":0.0,"max_drawdown_account":0.0,"max_drawdown_abs":0.0},{"key":"TOTAL","trades":20,"profit_mean":0.00744300903032054,"profit_mean_pct":0.74,"profit_total_abs":50.18832364,"profit_total":0.05018832364,"profit_total_pct":5.02,"duration_avg":"2:00:00","wins":14,"draws":6,"losses":0,"winrate":0.7,"cagr":0.2023364315222682,"expectancy":2.509416182,"expectancy_ratio":100.0,"sortino":-100,"sharpe":2.675654172314128,"calmar":-100,"sqn":2.9608,"profit_factor":0.0,"max_drawdown_account":0.0,"max_drawdown_abs":0.0}],"mix_tag_stats":[{"key":["","roi"],"trades":20,"profit_mean":0.00744300903032054,"profit_mean_pct":0.74,"profit_total_abs":50.18832364,"profit_total":0.05018832364,"profit_total_pct":5.02,"duration_avg":"2:00:00","wins":14,"draws":6,"losses":0,"winrate":0.7,"cagr":0.2023364315222682,"expectancy":2.509416182,"expectancy_ratio":100.0,"sortino":-100,"sharpe":2.675654172314128,"calmar":-100,"sqn":2.9608,"profit_factor":0.0,"max_drawdown_account":0.0,"max_drawdown_abs":0.0},{"key":"TOTAL","trades":20,"profit_mean":0.00744300903032054,"profit_mean_pct":0.74,"profit_total_abs":50.18832364,"profit_total":0.05018832364,"profit_total_pct":5.02,"duration_avg":"2:00:00","wins":14,"draws":6,"losses":0,"winrate":0.7,"cagr":0.2023364315222682,"expectancy":2.509416182,"expectancy_ratio":100.0,"sortino":-100,"sharpe":2.675654172314128,"calmar":-100,"sqn":2.9608,"profit_factor":0.0,"max_drawdown_account":0.0,"max_drawdown_abs":0.0}],"left_open_trades":[{"key":"TOTAL","trades":0,"profit_mean":0.0,"profit_mean_pct":0.0,"profit_total_abs":0.0,"profit_total":0.0,"profit_total_pct":0.0,"duration_avg":"0:00","wins":0,"draws":0,"losses":0,"winrate":0.0,"cagr":0.0,"expectancy":0.0,"expectancy_ratio":100.0,"sortino":0,"sharpe":0,"calmar":0,"sqn":0.0,"profit_factor":0.0,"max_drawdown_account":0.0,"max_drawdown_abs":0.0}],"total_trades":20,"trade_count_long":20,"trade_count_short":0,"total_volume":13663.268701805444,"avg_stake_amount":339.6445285,"profit_mean":0.00744300903032054,"profit_median":0.004448934236872602,"profit_total":0.05018832364,"profit_total_long":0.05018832364,"profit_total_short":0.0,"profit_total_abs":50.18832364,"profit_total_long_abs":50.18832364,"profit_total_short_abs":0.0,"cagr":0.2023364315222682,"expectancy":2.509416182,"expectancy_ratio":100.0,"sortino":-100,"sharpe":2.675654172314128,"calmar":-100,"sqn":2.9608,"profit_factor":0.0,"backtest_start":"2025-10-01 00:00:00","backtest_start_ts":1759276800000,"backtest_end":"2026-01-06 20:00:00","backtest_end_ts":1767729600000,"backtest_days":97,"backtest_run_start_ts":1767752034,"backtest_run_end_ts":1767752034,"trades_per_day":0.21,"market_change":-0.36632086436227446,"pairlist":["DOGE/USDT"],"stake_amount":"unlimited","stake_currency":"USDT","stake_currency_decimals":3,"starting_balance":1000,"dry_run_wallet":1000,"final_balance":1050.18832364,"rejected_signals":0,"timedout_entry_orders":0,"timedout_exit_orders":0,"canceled_trade_entries":0,"canceled_entry_orders":0,"replaced_entry_orders":0,"max_open_trades":1,"max_open_trades_setting":3,"timeframe":"1h","timeframe_detail":"","timerange":"20251001-","enable_protections":false,"strategy_name":"ACO_46_19","freqaimodel":null,"freqai_identifier":null,"stoploss":-0.05,"trailing_stop":false,"trailing_stop_positive":null,"trailing_stop_positive_offset":0.0,"trailing_only_offset_is_reached":false,"use_custom_stoploss":false,"minimal_roi":{"0":0.1,"60":0.05,"120":0.0},"use_exit_signal":true,"exit_profit_only":false,"exit_profit_offset":0.0,"ignore_roi_if_entry_signal":false,"trading_mode":"spot","margin_mode":"","periodic_breakdown":{"day":[{"date":"02/10/2025","date_ts":1759363200000,"profit_abs":3.1262117,"wins":1,"draws":0,"losses":0,"trades":1,"profit_factor":0.0},{"date":"03/10/2025","date_ts":1759449600000,"profit_abs":0.85636897,"wins":1,"draws":0,"losses":0,"trades":1,"profit_factor":0.0},{"date":"04/10/2025","date_ts":1759536000000,"profit_abs":0.0,"wins":0,"draws":0,"losses":0,"trades":0,"profit_factor":0.0},{"date":"05/10/2025","date_ts":1759622400000,"profit_abs":0.0,"wins":0,"draws":0,"losses":0,"trades":0,"profit_factor":0.0},{"date":"06/10/2025","date_ts":1759708800000,"profit_abs":0.0,"wins":0,"draws":0,"losses":0,"trades":0,"profit_factor":0.0},{"date":"07/10/2025","date_ts":1759795200000,"profit_abs":0.0,"wins":0,"draws":0,"losses":0,"trades":0,"profit_factor":0.0},{"date":"08/10/2025","date_ts":1759881600000,"profit_abs":0.0,"wins":0,"draws":1,"losses":0,"trades":1,"profit_factor":0.0},{"date":"09/10/2025","date_ts":1759968000000,"profit_abs":0.0,"wins":0,"draws":0,"losses":0,"trades":0,"profit_factor":0.0},{"date":"10/10/2025","date_ts":1760054400000,"profit_abs":0.0,"wins":0,"draws":0,"losses":0,"trades":0,"profit_factor":0.0},{"date":"11/10/2025","date_ts":1760140800000,"profit_abs":0.0,"wins":0,"draws":0,"losses":0,"trades":0,"profit_factor":0.0},{"date":"12/10/2025","date_ts":1760227200000,"profit_abs":20.9340664,"wins":2,"draws":0,"losses":0,"trades":2,"profit_factor":0.0},{"date":"13/10/2025","date_ts":1760313600000,"profit_abs":0.0,"wins":0,"draws":0,"losses":0,"trades":0,"profit_factor":0.0},{"date":"14/10/2025","date_ts":1760400000000,"profit_abs":0.0,"wins":0,"draws":0,"losses":0,"trades":0,"profit_factor":0.0},{"date":"15/10/2025","date_ts":1760486400000,"profit_abs":0.0,"wins":0,"draws":0,"losses":0,"trades":0,"profit_factor":0.0},{"date":"16/10/2025","date_ts":1760572800000,"profit_abs":0.0,"wins":0,"draws":0,"losses":0,"trades":0,"profit_factor":0.0},{"date":"17/10/2025","date_ts":1760659200000,"profit_abs":0.0,"wins":0,"draws":0,"losses":0,"trades":0,"profit_factor":0.0},{"date":"18/10/2025","date_ts":1760745600000,"profit_abs":0.0,"wins":0,"draws":0,"losses":0,"trades":0,"profit_factor":0.0},{"date":"19/10/2025","date_ts":1760832000000,"profit_abs":0.0,"wins":0,"draws":0,"losses":0,"trades":0,"profit_factor":0.0},{"date":"20/10/2025","date_ts":1760918400000,"profit_abs":0.0,"wins":0,"draws":0,"losses":0,"trades":0,"profit_factor":0.0},{"date":"21/10/2025","date_ts":1761004800000,"profit_abs":0.0,"wins":0,"draws":0,"losses":0,"trades":0,"profit_factor":0.0},{"date":"22/10/2025","date_ts":1761091200000,"profit_abs":0.0,"wins":0,"draws":0,"losses":0,"trades":0,"profit_factor":0.0},{"date":"23/10/2025","date_ts":1761177600000,"profit_abs":2.6820464,"wins":1,"draws":0,"losses":0,"trades":1,"profit_factor":0.0},{"date":"24/10/2025","date_ts":1761264000000,"profit_abs":0.0,"wins":0,"draws":0,"losses":0,"trades":0,"profit_factor":0.0},{"date":"25/10/2025","date_ts":1761350400000,"profit_abs":0.0,"wins":0,"draws":0,"losses":0,"trades":0,"profit_factor":0.0},{"date":"26/10/2025","date_ts":1761436800000,"profit_abs":0.0,"wins":0,"draws":0,"losses":0,"trades":0,"profit_factor":0.0},{"date":"27/10/2025","date_ts":1761523200000,"profit_abs":0.0,"wins":0,"draws":0,"losses":0,"trades":0,"profit_factor":0.0},{"date":"28/10/2025","date_ts":1761609600000,"profit_abs":0.0,"wins":0,"draws":0,"losses":0,"trades":0,"profit_factor":0.0},{"date":"29/10/2025","date_ts":1761696000000,"profit_abs":0.0,"wins":0,"draws":0,"losses":0,"trades":0,"profit_factor":0.0},{"date":"30/10/2025","date_ts":1761782400000,"profit_abs":0.0,"wins":0,"draws":0,"losses":0,"trades":0,"profit_factor":0.0},{"date":"31/10/2025","date_ts":1761868800000,"profit_abs":0.0,"wins":0,"draws":0,"losses":0,"trades":0,"profit_factor":0.0},{"date":"01/11/2025","date_ts":1761955200000,"profit_abs":0.0,"wins":0,"draws":0,"losses":0,"trades":0,"profit_factor":0.0},{"date":"02/11/2025","date_ts":1762041600000,"profit_abs":0.0,"wins":0,"draws":0,"losses":0,"trades":0,"profit_factor":0.0},{"date":"03/11/2025","date_ts":1762128000000,"profit_abs":0.0,"wins":0,"draws":0,"losses":0,"trades":0,"profit_factor":0.0},{"date":"04/11/2025","date_ts":1762214400000,"profit_abs":0.0,"wins":0,"draws":0,"losses":0,"trades":0,"profit_factor":0.0},{"date":"05/11/2025","date_ts":1762300800000,"profit_abs":3.02516224,"wins":1,"draws":0,"losses":0,"trades":1,"profit_factor":0.0},{"date":"06/11/2025","date_ts":1762387200000,"profit_abs":0.0,"wins":0,"draws":0,"losses":0,"trades":0,"profit_factor":0.0},{"date":"07/11/2025","date_ts":1762473600000,"profit_abs":0.0,"wins":0,"draws":0,"losses":0,"trades":0,"profit_factor":0.0},{"date":"08/11/2025","date_ts":1762560000000,"profit_abs":0.0,"wins":0,"draws":0,"losses":0,"trades":0,"profit_factor":0.0},{"date":"09/11/2025","date_ts":1762646400000,"profit_abs":0.0,"wins":0,"draws":0,"losses":0,"trades":0,"profit_factor":0.0},{"date":"10/11/2025","date_ts":1762732800000,"profit_abs":0.0,"wins":0,"draws":0,"losses":0,"trades":0,"profit_factor":0.0},{"date":"11/11/2025","date_ts":1762819200000,"profit_abs":0.0,"wins":0,"draws":0,"losses":0,"trades":0,"profit_factor":0.0},{"date":"12/11/2025","date_ts":1762905600000,"profit_abs":0.0,"wins":0,"draws":0,"losses":0,"trades":0,"profit_factor":0.0},{"date":"13/11/2025","date_ts":1762992000000,"profit_abs":0.0,"wins":0,"draws":0,"losses":0,"trades":0,"profit_factor":0.0},{"date":"14/11/2025","date_ts":1763078400000,"profit_abs":0.0,"wins":0,"draws":0,"losses":0,"trades":0,"profit_factor":0.0},{"date":"15/11/2025","date_ts":1763164800000,"profit_abs":0.0,"wins":0,"draws":0,"losses":0,"trades":0,"profit_factor":0.0},{"date":"16/11/2025","date_ts":1763251200000,"profit_abs":0.0,"wins":0,"draws":0,"losses":0,"trades":0,"profit_factor":0.0},{"date":"17/11/2025","date_ts":1763337600000,"profit_abs":0.0,"wins":0,"draws":0,"losses":0,"trades":0,"profit_factor":0.0},{"date":"18/11/2025","date_ts":1763424000000,"profit_abs":0.0,"wins":0,"draws":0,"losses":0,"trades":0,"profit_factor":0.0},{"date":"19/11/2025","date_ts":1763510400000,"profit_abs":0.0,"wins":0,"draws":0,"losses":0,"trades":0,"profit_factor":0.0},{"date":"20/11/2025","date_ts":1763596800000,"profit_abs":0.0,"wins":0,"draws":0,"losses":0,"trades":0,"profit_factor":0.0},{"date":"21/11/2025","date_ts":1763683200000,"profit_abs":0.0,"wins":0,"draws":0,"losses":0,"trades":0,"profit_factor":0.0},{"date":"22/11/2025","date_ts":1763769600000,"profit_abs":0.0,"wins":0,"draws":0,"losses":0,"trades":0,"profit_factor":0.0},{"date":"23/11/2025","date_ts":1763856000000,"profit_abs":2.14896,"wins":1,"draws":0,"losses":0,"trades":1,"profit_factor":0.0},{"date":"24/11/2025","date_ts":1763942400000,"profit_abs":0.0,"wins":0,"draws":0,"losses":0,"trades":0,"profit_factor":0.0},{"date":"25/11/2025","date_ts":1764028800000,"profit_abs":0.0,"wins":0,"draws":0,"losses":0,"trades":0,"profit_factor":0.0},{"date":"26/11/2025","date_ts":1764115200000,"profit_abs":0.0,"wins":0,"draws":0,"losses":0,"trades":0,"profit_factor":0.0},{"date":"27/11/2025","date_ts":1764201600000,"profit_abs":0.0,"wins":0,"draws":0,"losses":0,"trades":0,"profit_factor":0.0},{"date":"28/11/2025","date_ts":1764288000000,"profit_abs":0.0,"wins":0,"draws":0,"losses":0,"trades":0,"profit_factor":0.0},{"date":"29/11/2025","date_ts":1764374400000,"profit_abs":0.0,"wins":0,"draws":0,"losses":0,"trades":0,"profit_factor":0.0},{"date":"30/11/2025","date_ts":1764460800000,"profit_abs":0.0,"wins":0,"draws":0,"losses":0,"trades":0,"profit_factor":0.0},{"date":"01/12/2025","date_ts":1764547200000,"profit_abs":0.0,"wins":0,"draws":0,"losses":0,"trades":0,"profit_factor":0.0},{"date":"02/12/2025","date_ts":1764633600000,"profit_abs":3.16096164,"wins":2,"draws":0,"losses":0,"trades":2,"profit_factor":0.0},{"date":"03/12/2025","date_ts":1764720000000,"profit_abs":4.30584286,"wins":1,"draws":0,"losses":0,"trades":1,"profit_factor":0.0},{"date":"04/12/2025","date_ts":1764806400000,"profit_abs":0.0,"wins":0,"draws":0,"losses":0,"trades":0,"profit_factor":0.0},{"date":"05/12/2025","date_ts":1764892800000,"profit_abs":0.0,"wins":0,"draws":0,"losses":0,"trades":0,"profit_factor":0.0},{"date":"06/12/2025","date_ts":1764979200000,"profit_abs":0.0,"wins":0,"draws":1,"losses":0,"trades":1,"profit_factor":0.0},{"date":"07/12/2025","date_ts":1765065600000,"profit_abs":0.0,"wins":0,"draws":1,"losses":0,"trades":1,"profit_factor":0.0},{"date":"08/12/2025","date_ts":1765152000000,"profit_abs":0.0,"wins":0,"draws":0,"losses":0,"trades":0,"profit_factor":0.0},{"date":"09/12/2025","date_ts":1765238400000,"profit_abs":0.0,"wins":0,"draws":0,"losses":0,"trades":0,"profit_factor":0.0},{"date":"10/12/2025","date_ts":1765324800000,"profit_abs":0.0,"wins":0,"draws":0,"losses":0,"trades":0,"profit_factor":0.0},{"date":"11/12/2025","date_ts":1765411200000,"profit_abs":0.0,"wins":0,"draws":0,"losses":0,"trades":0,"profit_factor":0.0},{"date":"12/12/2025","date_ts":1765497600000,"profit_abs":0.0,"wins":0,"draws":0,"losses":0,"trades":0,"profit_factor":0.0},{"date":"13/12/2025","date_ts":1765584000000,"profit_abs":0.0,"wins":0,"draws":0,"losses":0,"trades":0,"profit_factor":0.0},{"date":"14/12/2025","date_ts":1765670400000,"profit_abs":0.0,"wins":0,"draws":0,"losses":0,"trades":0,"profit_factor":0.0},{"date":"15/12/2025","date_ts":1765756800000,"profit_abs":0.0,"wins":0,"draws":1,"losses":0,"trades":1,"profit_factor":0.0},{"date":"16/12/2025","date_ts":1765843200000,"profit_abs":0.67605202,"wins":1,"draws":0,"losses":0,"trades":1,"profit_factor":0.0},{"date":"17/12/2025","date_ts":1765929600000,"profit_abs":0.0,"wins":0,"draws":0,"losses":0,"trades":0,"profit_factor":0.0},{"date":"18/12/2025","date_ts":1766016000000,"profit_abs":0.0,"wins":0,"draws":0,"losses":0,"trades":0,"profit_factor":0.0},{"date":"19/12/2025","date_ts":1766102400000,"profit_abs":0.0,"wins":0,"draws":0,"losses":0,"trades":0,"profit_factor":0.0},{"date":"20/12/2025","date_ts":1766188800000,"profit_abs":0.0,"wins":0,"draws":0,"losses":0,"trades":0,"profit_factor":0.0},{"date":"21/12/2025","date_ts":1766275200000,"profit_abs":0.0,"wins":0,"draws":0,"losses":0,"trades":0,"profit_factor":0.0},{"date":"22/12/2025","date_ts":1766361600000,"profit_abs":0.0,"wins":0,"draws":0,"losses":0,"trades":0,"profit_factor":0.0},{"date":"23/12/2025","date_ts":1766448000000,"profit_abs":0.0,"wins":0,"draws":0,"losses":0,"trades":0,"profit_factor":0.0},{"date":"24/12/2025","date_ts":1766534400000,"profit_abs":0.0,"wins":0,"draws":0,"losses":0,"trades":0,"profit_factor":0.0},{"date":"25/12/2025","date_ts":1766620800000,"profit_abs":0.0,"wins":0,"draws":0,"losses":0,"trades":0,"profit_factor":0.0},{"date":"26/12/2025","date_ts":1766707200000,"profit_abs":0.0,"wins":0,"draws":0,"losses":0,"trades":0,"profit_factor":0.0},{"date":"27/12/2025","date_ts":1766793600000,"profit_abs":0.0,"wins":0,"draws":0,"losses":0,"trades":0,"profit_factor":0.0},{"date":"28/12/2025","date_ts":1766880000000,"profit_abs":0.0,"wins":0,"draws":0,"losses":0,"trades":0,"profit_factor":0.0},{"date":"29/12/2025","date_ts":1766966400000,"profit_abs":0.0,"wins":0,"draws":0,"losses":0,"trades":0,"profit_factor":0.0},{"date":"30/12/2025","date_ts":1767052800000,"profit_abs":0.0,"wins":0,"draws":0,"losses":0,"trades":0,"profit_factor":0.0},{"date":"31/12/2025","date_ts":1767139200000,"profit_abs":0.0,"wins":0,"draws":0,"losses":0,"trades":0,"profit_factor":0.0},{"date":"01/01/2026","date_ts":1767225600000,"profit_abs":0.0,"wins":0,"draws":1,"losses":0,"trades":1,"profit_factor":0.0},{"date":"02/01/2026","date_ts":1767312000000,"profit_abs":6.18098598,"wins":1,"draws":0,"losses":0,"trades":1,"profit_factor":0.0},{"date":"03/01/2026","date_ts":1767398400000,"profit_abs":0.50149932,"wins":1,"draws":1,"losses":0,"trades":2,"profit_factor":0.0},{"date":"04/01/2026","date_ts":1767484800000,"profit_abs":0.0,"wins":0,"draws":0,"losses":0,"trades":0,"profit_factor":0.0},{"date":"05/01/2026","date_ts":1767571200000,"profit_abs":2.59016611,"wins":1,"draws":0,"losses":0,"trades":1,"profit_factor":0.0}],"week":[{"date":"06/10/2025","date_ts":1759708800000,"profit_abs":3.98258067,"wins":2,"draws":0,"losses":0,"trades":2,"profit_factor":0.0},{"date":"13/10/2025","date_ts":1760313600000,"profit_abs":20.9340664,"wins":2,"draws":1,"losses":0,"trades":3,"profit_factor":0.0},{"date":"20/10/2025","date_ts":1760918400000,"profit_abs":0.0,"wins":0,"draws":0,"losses":0,"trades":0,"profit_factor":0.0},{"date":"27/10/2025","date_ts":1761523200000,"profit_abs":2.6820464,"wins":1,"draws":0,"losses":0,"trades":1,"profit_factor":0.0},{"date":"03/11/2025","date_ts":1762128000000,"profit_abs":0.0,"wins":0,"draws":0,"losses":0,"trades":0,"profit_factor":0.0},{"date":"10/11/2025","date_ts":1762732800000,"profit_abs":3.02516224,"wins":1,"draws":0,"losses":0,"trades":1,"profit_factor":0.0},{"date":"17/11/2025","date_ts":1763337600000,"profit_abs":0.0,"wins":0,"draws":0,"losses":0,"trades":0,"profit_factor":0.0},{"date":"24/11/2025","date_ts":1763942400000,"profit_abs":2.14896,"wins":1,"draws":0,"losses":0,"trades":1,"profit_factor":0.0},{"date":"01/12/2025","date_ts":1764547200000,"profit_abs":0.0,"wins":0,"draws":0,"losses":0,"trades":0,"profit_factor":0.0},{"date":"08/12/2025","date_ts":1765152000000,"profit_abs":7.4668045,"wins":3,"draws":2,"losses":0,"trades":5,"profit_factor":0.0},{"date":"15/12/2025","date_ts":1765756800000,"profit_abs":0.0,"wins":0,"draws":1,"losses":0,"trades":1,"profit_factor":0.0},{"date":"22/12/2025","date_ts":1766361600000,"profit_abs":0.67605202,"wins":1,"draws":0,"losses":0,"trades":1,"profit_factor":0.0},{"date":"29/12/2025","date_ts":1766966400000,"profit_abs":0.0,"wins":0,"draws":0,"losses":0,"trades":0,"profit_factor":0.0},{"date":"05/01/2026","date_ts":1767571200000,"profit_abs":9.27265141,"wins":3,"draws":2,"losses":0,"trades":5,"profit_factor":0.0}],"month":[{"date":"31/10/2025","date_ts":1761868800000,"profit_abs":27.59869347,"wins":5,"draws":1,"losses":0,"trades":6,"profit_factor":0.0},{"date":"30/11/2025","date_ts":1764460800000,"profit_abs":5.17412224,"wins":2,"draws":0,"losses":0,"trades":2,"profit_factor":0.0},{"date":"31/12/2025","date_ts":1767139200000,"profit_abs":8.14285652,"wins":4,"draws":3,"losses":0,"trades":7,"profit_factor":0.0},{"date":"31/01/2026","date_ts":1769817600000,"profit_abs":9.27265141,"wins":3,"draws":2,"losses":0,"trades":5,"profit_factor":0.0}],"year":[{"date":"31/12/2025","date_ts":1767139200000,"profit_abs":40.91567223,"wins":11,"draws":4,"losses":0,"trades":15,"profit_factor":0.0},{"date":"31/12/2026","date_ts":1798675200000,"profit_abs":9.27265141,"wins":3,"draws":2,"losses":0,"trades":5,"profit_factor":0.0}],"weekday":[{"date":"Monday","date_ts":0,"profit_abs":2.59016611,"wins":1,"draws":1,"losses":0,"trades":2,"profit_factor":0.0},{"date":"Tuesday","date_ts":1,"profit_abs":3.83701366,"wins":3,"draws":0,"losses":0,"trades":3,"profit_factor":0.0},{"date":"Wednesday","date_ts":2,"profit_abs":7.3310051,"wins":2,"draws":1,"losses":0,"trades":3,"profit_factor":0.0},{"date":"Thursday","date_ts":3,"profit_abs":5.8082581,"wins":2,"draws":1,"losses":0,"trades":3,"profit_factor":0.0},{"date":"Friday","date_ts":4,"profit_abs":7.03735495,"wins":2,"draws":0,"losses":0,"trades":2,"profit_factor":0.0},{"date":"Saturday","date_ts":5,"profit_abs":0.50149932,"wins":1,"draws":2,"losses":0,"trades":3,"profit_factor":0.0},{"date":"Sunday","date_ts":6,"profit_abs":23.0830264,"wins":3,"draws":1,"losses":0,"trades":4,"profit_factor":0.0}]},"backtest_best_day":0.0629228742426253,"backtest_worst_day":0.0,"backtest_best_day_abs":20.9340664,"backtest_worst_day_abs":0.0,"winning_days":12,"draw_days":84,"losing_days":0,"daily_profit":[["2025-10-02",3.1262117],["2025-10-03",0.85636897],["2025-10-04",0.0],["2025-10-05",0.0],["2025-10-06",0.0],["2025-10-07",0.0],["2025-10-08",0.0],["2025-10-09",0.0],["2025-10-10",0.0],["2025-10-11",0.0],["2025-10-12",20.9340664],["2025-10-13",0.0],["2025-10-14",0.0],["2025-10-15",0.0],["2025-10-16",0.0],["2025-10-17",0.0],["2025-10-18",0.0],["2025-10-19",0.0],["2025-10-20",0.0],["2025-10-21",0.0],["2025-10-22",0.0],["2025-10-23",2.6820464],["2025-10-24",0.0],["2025-10-25",0.0],["2025-10-26",0.0],["2025-10-27",0.0],["2025-10-28",0.0],["2025-10-29",0.0],["2025-10-30",0.0],["2025-10-31",0.0],["2025-11-01",0.0],["2025-11-02",0.0],["2025-11-03",0.0],["2025-11-04",0.0],["2025-11-05",3.02516224],["2025-11-06",0.0],["2025-11-07",0.0],["2025-11-08",0.0],["2025-11-09",0.0],["2025-11-10",0.0],["2025-11-11",0.0],["2025-11-12",0.0],["2025-11-13",0.0],["2025-11-14",0.0],["2025-11-15",0.0],["2025-11-16",0.0],["2025-11-17",0.0],["2025-11-18",0.0],["2025-11-19",0.0],["2025-11-20",0.0],["2025-11-21",0.0],["2025-11-22",0.0],["2025-11-23",2.14896],["2025-11-24",0.0],["2025-11-25",0.0],["2025-11-26",0.0],["2025-11-27",0.0],["2025-11-28",0.0],["2025-11-29",0.0],["2025-11-30",0.0],["2025-12-01",0.0],["2025-12-02",3.16096164],["2025-12-03",4.30584286],["2025-12-04",0.0],["2025-12-05",0.0],["2025-12-06",0.0],["2025-12-07",0.0],["2025-12-08",0.0],["2025-12-09",0.0],["2025-12-10",0.0],["2025-12-11",0.0],["2025-12-12",0.0],["2025-12-13",0.0],["2025-12-14",0.0],["2025-12-15",0.0],["2025-12-16",0.67605202],["2025-12-17",0.0],["2025-12-18",0.0],["2025-12-19",0.0],["2025-12-20",0.0],["2025-12-21",0.0],["2025-12-22",0.0],["2025-12-23",0.0],["2025-12-24",0.0],["2025-12-25",0.0],["2025-12-26",0.0],["2025-12-27",0.0],["2025-12-28",0.0],["2025-12-29",0.0],["2025-12-30",0.0],["2025-12-31",0.0],["2026-01-01",0.0],["2026-01-02",6.18098598],["2026-01-03",0.50149932],["2026-01-04",0.0],["2026-01-05",2.59016611]],"wins":14,"losses":0,"draws":6,"winrate":0.7,"holding_avg":"2:00:00","holding_avg_s":7200.0,"winner_holding_min":"0d 01:00","winner_holding_min_s":3600.0,"winner_holding_max":"0d 02:00","winner_holding_max_s":7200.0,"winner_holding_avg":"0d 01:56","winner_holding_avg_s":6960.0,"loser_holding_min":"0d 00:00","loser_holding_min_s":0.0,"loser_holding_max":"0d 00:00","loser_holding_max_s":0.0,"loser_holding_avg":"0d 00:00","loser_holding_avg_s":0.0,"max_consecutive_wins":8,"max_consecutive_losses":3,"max_drawdown_account":0.0,"max_relative_drawdown":0.0,"max_drawdown_abs":0.0,"drawdown_start":"2025-10-02 19:00:00","drawdown_start_ts":1759431600000.0,"drawdown_end":"2025-10-02 19:00:00","drawdown_end_ts":1759431600000.0,"drawdown_duration":"0 days 00:00:00","drawdown_duration_s":0.0,"max_drawdown_low":0.0,"max_drawdown_high":0.0,"csum_min":1003.1262117,"csum_max":1050.18832364}},"strategy_comparison":[{"key":"ACO_46_19","trades":20,"profit_mean":0.00744300903032054,"profit_mean_pct":0.74,"profit_total_abs":50.18832364,"profit_total":0.05018832364,"profit_total_pct":5.02,"duration_avg":"2:00:00","wins":14,"draws":6,"losses":0,"winrate":0.7,"cagr":0.2023364315222682,"expectancy":2.509416182,"expectancy_ratio":100.0,"sortino":-100,"sharpe":2.675654172314128,"calmar":-100,"sqn":2.9608,"profit_factor":0.0,"max_drawdown_account":0.0,"max_drawdown_abs":"0"}]}