{"strategy":{"ACO_2_8":{"trades":[{"pair":"DOGE/USDT","stake_amount":329.93568,"max_stake_amount":329.93568,"amount":4243.0,"open_date":"2024-01-09 22:00:00+00:00","close_date":"2024-01-10 00:00:00+00:00","open_rate":0.07776,"close_rate":0.07922,"fee_open":0.001,"fee_close":0.001,"trade_duration":120,"profit_ratio":0.01674020424020424,"profit_abs":5.52871386,"exit_reason":"roi","initial_stop_loss_abs":0.07388,"initial_stop_loss_ratio":-0.05,"stop_loss_abs":0.07388,"stop_loss_ratio":-0.05,"min_rate":0.07749,"max_rate":0.08227,"is_open":false,"enter_tag":"","leverage":1.0,"is_short":false,"open_timestamp":1704837600000,"close_timestamp":1704844800000,"orders":[{"amount":4243.0,"safe_price":0.07776,"ft_order_side":"buy","order_filled_timestamp":1704837600000,"ft_is_entry":true,"ft_order_tag":"","cost":330.26561567999994},{"amount":4243.0,"safe_price":0.07922,"ft_order_side":"sell","order_filled_timestamp":1704844800000,"ft_is_entry":false,"ft_order_tag":"roi","cost":336.4665904599999}],"funding_fees":0.0,"weekday":2},{"pair":"DOGE/USDT","stake_amount":331.74258,"max_stake_amount":331.74258,"amount":3939.0,"open_date":"2024-01-11 22:00:00+00:00","close_date":"2024-01-12 00:00:00+00:00","open_rate":0.08422,"close_rate":0.08456,"fee_open":0.001,"fee_close":0.001,"trade_duration":120,"profit_ratio":0.0020309778087028146,"profit_abs":0.67443558,"exit_reason":"roi","initial_stop_loss_abs":0.08001,"initial_stop_loss_ratio":-0.05,"stop_loss_abs":0.08001,"stop_loss_ratio":-0.05,"min_rate":0.08384,"max_rate":0.08492,"is_open":false,"enter_tag":"","leverage":1.0,"is_short":false,"open_timestamp":1705010400000,"close_timestamp":1705017600000,"orders":[{"amount":3939.0,"safe_price":0.08422,"ft_order_side":"buy","order_filled_timestamp":1705010400000,"ft_is_entry":true,"ft_order_tag":"","cost":332.07432258},{"amount":3939.0,"safe_price":0.08456,"ft_order_side":"sell","order_filled_timestamp":1705017600000,"ft_is_entry":false,"ft_order_tag":"roi","cost":333.41492184}],"funding_fees":0.0,"weekday":4},{"pair":"DOGE/USDT","stake_amount":331.98752,"max_stake_amount":331.98752,"amount":3956.0,"open_date":"2024-01-12 09:00:00+00:00","close_date":"2024-01-12 11:00:00+00:00","open_rate":0.08392,"close_rate":0.08473,"fee_open":0.001,"fee_close":0.001,"trade_duration":120,"profit_ratio":0.007634762758690309,"profit_abs":2.5371806,"exit_reason":"roi","initial_stop_loss_abs":0.07973,"initial_stop_loss_ratio":-0.05,"stop_loss_abs":0.07973,"stop_loss_ratio":-0.05,"min_rate":0.08327,"max_rate":0.085,"is_open":false,"enter_tag":"","leverage":1.0,"is_short":false,"open_timestamp":1705050000000,"close_timestamp":1705057200000,"orders":[{"amount":3956.0,"safe_price":0.08392,"ft_order_side":"buy","order_filled_timestamp":1705050000000,"ft_is_entry":true,"ft_order_tag":"","cost":332.31950751999995},{"amount":3956.0,"safe_price":0.08473,"ft_order_side":"sell","order_filled_timestamp":1705057200000,"ft_is_entry":false,"ft_order_tag":"roi","cost":335.52707188}],"funding_fees":0.0,"weekday":4},{"pair":"DOGE/USDT","stake_amount":332.85639,"max_stake_amount":332.85639,"amount":4119.0,"open_date":"2024-01-13 22:00:00+00:00","close_date":"2024-01-14 00:00:00+00:00","open_rate":0.08081,"close_rate":0.08097178178178177,"fee_open":0.001,"fee_close":0.001,"trade_duration":120,"profit_ratio":0.0,"profit_abs":0.0,"exit_reason":"roi","initial_stop_loss_abs":0.07677,"initial_stop_loss_ratio":-0.05,"stop_loss_abs":0.07677,"stop_loss_ratio":-0.05,"min_rate":0.08026,"max_rate":0.08123,"is_open":false,"enter_tag":"","leverage":1.0,"is_short":false,"open_timestamp":1705183200000,"close_timestamp":1705190400000,"orders":[{"amount":4119.0,"safe_price":0.08081,"ft_order_side":"buy","order_filled_timestamp":1705183200000,"ft_is_entry":true,"ft_order_tag":"","cost":333.18924639},{"amount":4119.0,"safe_price":0.08097178178178177,"ft_order_side":"sell","order_filled_timestamp":1705190400000,"ft_is_entry":false,"ft_order_tag":"roi","cost":333.8562919283182}],"funding_fees":0.0,"weekday":6},{"pair":"DOGE/USDT","stake_amount":332.8689,"max_stake_amount":332.8689,"amount":4110.0,"open_date":"2024-01-23 05:00:00+00:00","close_date":"2024-01-23 09:00:00+00:00","open_rate":0.08099,"close_rate":0.07695,"fee_open":0.001,"fee_close":0.001,"trade_duration":240,"profit_ratio":-0.05178103782869803,"profit_abs":-17.2535334,"exit_reason":"stop_loss","initial_stop_loss_abs":0.07695,"initial_stop_loss_ratio":-0.05,"stop_loss_abs":0.07695,"stop_loss_ratio":-0.05,"min_rate":0.076,"max_rate":0.0813,"is_open":false,"enter_tag":"","leverage":1.0,"is_short":false,"open_timestamp":1705986000000,"close_timestamp":1706000400000,"orders":[{"amount":4110.0,"safe_price":0.08099,"ft_order_side":"buy","order_filled_timestamp":1705986000000,"ft_is_entry":true,"ft_order_tag":"","cost":333.2017689},{"amount":4110.0,"safe_price":0.07695,"ft_order_side":"sell","order_filled_timestamp":1706000400000,"ft_is_entry":false,"ft_order_tag":"stop_loss","cost":316.5807645}],"funding_fees":0.0,"weekday":1}],"locks":[],"best_pair":{"key":"DOGE/USDT","trades":5,"profit_mean":-0.005075018604220133,"profit_mean_pct":-0.51,"profit_total_abs":-8.513203359999999,"profit_total":-0.008513203359999999,"profit_total_pct":-0.85,"duration_avg":"2:24:00","wins":3,"draws":1,"losses":1,"winrate":0.6,"cagr":-0.09576428539924986,"expectancy":-1.7026406719999998,"expectancy_ratio":-0.2986835932400954,"sortino":-100,"sharpe":-0.6551613480766023,"calmar":-30.67461226047939,"sqn":-0.4252,"profit_factor":0.506582033799523,"max_drawdown_account":0.017104038458852812,"max_drawdown_abs":17.2535334},"worst_pair":{"key":"DOGE/USDT","trades":5,"profit_mean":-0.005075018604220133,"profit_mean_pct":-0.51,"profit_total_abs":-8.513203359999999,"profit_total":-0.008513203359999999,"profit_total_pct":-0.85,"duration_avg":"2:24:00","wins":3,"draws":1,"losses":1,"winrate":0.6,"cagr":-0.09576428539924986,"expectancy":-1.7026406719999998,"expectancy_ratio":-0.2986835932400954,"sortino":-100,"sharpe":-0.6551613480766023,"calmar":-30.67461226047939,"sqn":-0.4252,"profit_factor":0.506582033799523,"max_drawdown_account":0.017104038458852812,"max_drawdown_abs":17.2535334},"results_per_pair":[{"key":"DOGE/USDT","trades":5,"profit_mean":-0.005075018604220133,"profit_mean_pct":-0.51,"profit_total_abs":-8.513203359999999,"profit_total":-0.008513203359999999,"profit_total_pct":-0.85,"duration_avg":"2:24:00","wins":3,"draws":1,"losses":1,"winrate":0.6,"cagr":-0.09576428539924986,"expectancy":-1.7026406719999998,"expectancy_ratio":-0.2986835932400954,"sortino":-100,"sharpe":-0.6551613480766023,"calmar":-30.67461226047939,"sqn":-0.4252,"profit_factor":0.506582033799523,"max_drawdown_account":0.017104038458852812,"max_drawdown_abs":17.2535334},{"key":"TOTAL","trades":5,"profit_mean":-0.005075018604220133,"profit_mean_pct":-0.51,"profit_total_abs":-8.513203359999999,"profit_total":-0.008513203359999999,"profit_total_pct":-0.85,"duration_avg":"2:24:00","wins":3,"draws":1,"losses":1,"winrate":0.6,"cagr":-0.09576428539924986,"expectancy":-1.7026406719999998,"expectancy_ratio":-0.2986835932400954,"sortino":-100,"sharpe":-0.6551613480766023,"calmar":-30.67461226047939,"sqn":-0.4252,"profit_factor":0.506582033799523,"max_drawdown_account":0.017104038458852812,"max_drawdown_abs":17.2535334}],"results_per_enter_tag":[{"key":"","trades":5,"profit_mean":-0.005075018604220133,"profit_mean_pct":-0.51,"profit_total_abs":-8.513203359999999,"profit_total":-0.008513203359999999,"profit_total_pct":-0.85,"duration_avg":"2:24:00","wins":3,"draws":1,"losses":1,"winrate":0.6,"cagr":-0.09576428539924986,"expectancy":-1.7026406719999998,"expectancy_ratio":-0.2986835932400954,"sortino":-100,"sharpe":-0.6551613480766023,"calmar":-30.67461226047939,"sqn":-0.4252,"profit_factor":0.506582033799523,"max_drawdown_account":0.017104038458852812,"max_drawdown_abs":17.2535334},{"key":"TOTAL","trades":5,"profit_mean":-0.005075018604220133,"profit_mean_pct":-0.51,"profit_total_abs":-8.513203359999999,"profit_total":-0.008513203359999999,"profit_total_pct":-0.85,"duration_avg":"2:24:00","wins":3,"draws":1,"losses":1,"winrate":0.6,"cagr":-0.09576428539924986,"expectancy":-1.7026406719999998,"expectancy_ratio":-0.2986835932400954,"sortino":-100,"sharpe":-0.6551613480766023,"calmar":-30.67461226047939,"sqn":-0.4252,"profit_factor":0.506582033799523,"max_drawdown_account":0.017104038458852812,"max_drawdown_abs":17.2535334}],"exit_reason_summary":[{"key":"roi","trades":4,"profit_mean":0.006601486201899341,"profit_mean_pct":0.66,"profit_total_abs":8.74033004,"profit_total":0.008740330039999999,"profit_total_pct":0.87,"duration_avg":"2:00:00","wins":3,"draws":1,"losses":0,"winrate":0.75,"cagr":0.10789653711159941,"expectancy":2.18508251,"expectancy_ratio":100.0,"sortino":-100,"sharpe":2.5142039866045782,"calmar":-100,"sqn":1.7665,"profit_factor":0.0,"max_drawdown_account":0.0,"max_drawdown_abs":0.0},{"key":"stop_loss","trades":1,"profit_mean":-0.05178103782869803,"profit_mean_pct":-5.18,"profit_total_abs":-17.2535334,"profit_total":-0.0172535334,"profit_total_pct":-1.73,"duration_avg":"4:00:00","wins":0,"draws":0,"losses":1,"winrate":0.0,"cagr":-0.18528698854993864,"expectancy":-17.2535334,"expectancy_ratio":-1.0,"sortino":-100,"sharpe":-100,"calmar":-61.62894572433147,"sqn":-100.0,"profit_factor":0.0,"max_drawdown_account":0.017253533400000038,"max_drawdown_abs":17.2535334},{"key":"TOTAL","trades":5,"profit_mean":-0.005075018604220133,"profit_mean_pct":-0.51,"profit_total_abs":-8.513203359999999,"profit_total":-0.008513203359999999,"profit_total_pct":-0.85,"duration_avg":"2:24:00","wins":3,"draws":1,"losses":1,"winrate":0.6,"cagr":-0.09576428539924986,"expectancy":-1.7026406719999998,"expectancy_ratio":-0.2986835932400954,"sortino":-100,"sharpe":-0.6551613480766023,"calmar":-30.67461226047939,"sqn":-0.4252,"profit_factor":0.506582033799523,"max_drawdown_account":0.017104038458852812,"max_drawdown_abs":17.2535334}],"mix_tag_stats":[{"key":["","roi"],"trades":4,"profit_mean":0.006601486201899341,"profit_mean_pct":0.66,"profit_total_abs":8.74033004,"profit_total":0.008740330039999999,"profit_total_pct":0.87,"duration_avg":"2:00:00","wins":3,"draws":1,"losses":0,"winrate":0.75,"cagr":0.10789653711159941,"expectancy":2.18508251,"expectancy_ratio":100.0,"sortino":-100,"sharpe":2.5142039866045782,"calmar":-100,"sqn":1.7665,"profit_factor":0.0,"max_drawdown_account":0.0,"max_drawdown_abs":0.0},{"key":["","stop_loss"],"trades":1,"profit_mean":-0.05178103782869803,"profit_mean_pct":-5.18,"profit_total_abs":-17.2535334,"profit_total":-0.0172535334,"profit_total_pct":-1.73,"duration_avg":"4:00:00","wins":0,"draws":0,"losses":1,"winrate":0.0,"cagr":-0.18528698854993864,"expectancy":-17.2535334,"expectancy_ratio":-1.0,"sortino":-100,"sharpe":-100,"calmar":-61.62894572433147,"sqn":-100.0,"profit_factor":0.0,"max_drawdown_account":0.017253533400000038,"max_drawdown_abs":17.2535334},{"key":"TOTAL","trades":5,"profit_mean":-0.005075018604220133,"profit_mean_pct":-0.51,"profit_total_abs":-8.513203359999999,"profit_total":-0.008513203359999999,"profit_total_pct":-0.85,"duration_avg":"2:24:00","wins":3,"draws":1,"losses":1,"winrate":0.6,"cagr":-0.09576428539924986,"expectancy":-1.7026406719999998,"expectancy_ratio":-0.2986835932400954,"sortino":-100,"sharpe":-0.6551613480766023,"calmar":-30.67461226047939,"sqn":-0.4252,"profit_factor":0.506582033799523,"max_drawdown_account":0.017104038458852812,"max_drawdown_abs":17.2535334}],"left_open_trades":[{"key":"TOTAL","trades":0,"profit_mean":0.0,"profit_mean_pct":0.0,"profit_total_abs":0.0,"profit_total":0.0,"profit_total_pct":0.0,"duration_avg":"0:00","wins":0,"draws":0,"losses":0,"winrate":0.0,"cagr":0.0,"expectancy":0.0,"expectancy_ratio":100.0,"sortino":0,"sharpe":0,"calmar":0,"sqn":0.0,"profit_factor":0.0,"max_drawdown_account":0.0,"max_drawdown_abs":0.0}],"total_trades":5,"trade_count_long":5,"trade_count_short":0,"total_volume":3316.896101678318,"avg_stake_amount":331.87821399999996,"profit_mean":-0.005075018604220133,"profit_median":0.0020309778087028146,"profit_total":-0.008513203359999999,"profit_total_long":-0.008513203359999999,"profit_total_short":0.0,"profit_total_abs":-8.513203359999999,"profit_total_long_abs":-8.513203359999999,"profit_total_short_abs":0.0,"cagr":-0.09576428539924986,"expectancy":-1.7026406719999998,"expectancy_ratio":-0.2986835932400954,"sortino":-100,"sharpe":-0.6551613480766023,"calmar":-30.67461226047939,"sqn":-0.4252,"profit_factor":0.506582033799523,"backtest_start":"2024-01-01 00:00:00","backtest_start_ts":1704067200000,"backtest_end":"2024-02-01 00:00:00","backtest_end_ts":1706745600000,"backtest_days":31,"backtest_run_start_ts":1767735103,"backtest_run_end_ts":1767735103,"trades_per_day":0.16,"market_change":-0.1200044528553935,"pairlist":["DOGE/USDT"],"stake_amount":"unlimited","stake_currency":"USDT","stake_currency_decimals":3,"starting_balance":1000,"dry_run_wallet":1000,"final_balance":991.48679664,"rejected_signals":0,"timedout_entry_orders":0,"timedout_exit_orders":0,"canceled_trade_entries":0,"canceled_entry_orders":0,"replaced_entry_orders":0,"max_open_trades":1,"max_open_trades_setting":3,"timeframe":"1h","timeframe_detail":"","timerange":"20240101-20240201","enable_protections":false,"strategy_name":"ACO_2_8","freqaimodel":null,"freqai_identifier":null,"stoploss":-0.05,"trailing_stop":false,"trailing_stop_positive":null,"trailing_stop_positive_offset":0.0,"trailing_only_offset_is_reached":false,"use_custom_stoploss":false,"minimal_roi":{"0":0.1,"60":0.05,"120":0.0},"use_exit_signal":true,"exit_profit_only":false,"exit_profit_offset":0.0,"ignore_roi_if_entry_signal":false,"trading_mode":"spot","margin_mode":"","periodic_breakdown":{"day":[{"date":"10/01/2024","date_ts":1704844800000,"profit_abs":5.52871386,"wins":1,"draws":0,"losses":0,"trades":1,"profit_factor":0.0},{"date":"11/01/2024","date_ts":1704931200000,"profit_abs":0.0,"wins":0,"draws":0,"losses":0,"trades":0,"profit_factor":0.0},{"date":"12/01/2024","date_ts":1705017600000,"profit_abs":3.21161618,"wins":2,"draws":0,"losses":0,"trades":2,"profit_factor":0.0},{"date":"13/01/2024","date_ts":1705104000000,"profit_abs":0.0,"wins":0,"draws":0,"losses":0,"trades":0,"profit_factor":0.0},{"date":"14/01/2024","date_ts":1705190400000,"profit_abs":0.0,"wins":0,"draws":1,"losses":0,"trades":1,"profit_factor":0.0},{"date":"15/01/2024","date_ts":1705276800000,"profit_abs":0.0,"wins":0,"draws":0,"losses":0,"trades":0,"profit_factor":0.0},{"date":"16/01/2024","date_ts":1705363200000,"profit_abs":0.0,"wins":0,"draws":0,"losses":0,"trades":0,"profit_factor":0.0},{"date":"17/01/2024","date_ts":1705449600000,"profit_abs":0.0,"wins":0,"draws":0,"losses":0,"trades":0,"profit_factor":0.0},{"date":"18/01/2024","date_ts":1705536000000,"profit_abs":0.0,"wins":0,"draws":0,"losses":0,"trades":0,"profit_factor":0.0},{"date":"19/01/2024","date_ts":1705622400000,"profit_abs":0.0,"wins":0,"draws":0,"losses":0,"trades":0,"profit_factor":0.0},{"date":"20/01/2024","date_ts":1705708800000,"profit_abs":0.0,"wins":0,"draws":0,"losses":0,"trades":0,"profit_factor":0.0},{"date":"21/01/2024","date_ts":1705795200000,"profit_abs":0.0,"wins":0,"draws":0,"losses":0,"trades":0,"profit_factor":0.0},{"date":"22/01/2024","date_ts":1705881600000,"profit_abs":0.0,"wins":0,"draws":0,"losses":0,"trades":0,"profit_factor":0.0},{"date":"23/01/2024","date_ts":1705968000000,"profit_abs":-17.2535334,"wins":0,"draws":0,"losses":1,"trades":1,"profit_factor":0.0}],"week":[{"date":"15/01/2024","date_ts":1705276800000,"profit_abs":8.74033004,"wins":3,"draws":1,"losses":0,"trades":4,"profit_factor":0.0},{"date":"22/01/2024","date_ts":1705881600000,"profit_abs":0.0,"wins":0,"draws":0,"losses":0,"trades":0,"profit_factor":0.0},{"date":"29/01/2024","date_ts":1706486400000,"profit_abs":-17.2535334,"wins":0,"draws":0,"losses":1,"trades":1,"profit_factor":0.0}],"month":[{"date":"31/01/2024","date_ts":1706659200000,"profit_abs":-8.51320336,"wins":3,"draws":1,"losses":1,"trades":5,"profit_factor":0.50658203}],"year":[{"date":"31/12/2024","date_ts":1735603200000,"profit_abs":-8.51320336,"wins":3,"draws":1,"losses":1,"trades":5,"profit_factor":0.50658203}],"weekday":[{"date":"Tuesday","date_ts":1,"profit_abs":-17.2535334,"wins":0,"draws":0,"losses":1,"trades":1,"profit_factor":0.0},{"date":"Wednesday","date_ts":2,"profit_abs":5.52871386,"wins":1,"draws":0,"losses":0,"trades":1,"profit_factor":0.0},{"date":"Friday","date_ts":4,"profit_abs":3.21161618,"wins":2,"draws":0,"losses":0,"trades":2,"profit_factor":0.0},{"date":"Sunday","date_ts":6,"profit_abs":0.0,"wins":0,"draws":1,"losses":0,"trades":1,"profit_factor":0.0}]},"backtest_best_day":0.01674020424020424,"backtest_worst_day":-0.05178103782869803,"backtest_best_day_abs":5.52871386,"backtest_worst_day_abs":-17.2535334,"winning_days":2,"draw_days":11,"losing_days":1,"daily_profit":[["2024-01-10",5.52871386],["2024-01-11",0.0],["2024-01-12",3.21161618],["2024-01-13",0.0],["2024-01-14",0.0],["2024-01-15",0.0],["2024-01-16",0.0],["2024-01-17",0.0],["2024-01-18",0.0],["2024-01-19",0.0],["2024-01-20",0.0],["2024-01-21",0.0],["2024-01-22",0.0],["2024-01-23",-17.2535334]],"wins":3,"losses":1,"draws":1,"winrate":0.6,"holding_avg":"2:24:00","holding_avg_s":8640.0,"winner_holding_min":"0d 02:00","winner_holding_min_s":7200.0,"winner_holding_max":"0d 02:00","winner_holding_max_s":7200.0,"winner_holding_avg":"0d 02:00","winner_holding_avg_s":7200.0,"loser_holding_min":"0d 04:00","loser_holding_min_s":14400.0,"loser_holding_max":"0d 04:00","loser_holding_max_s":14400.0,"loser_holding_avg":"0d 04:00","loser_holding_avg_s":14400.0,"max_consecutive_wins":3,"max_consecutive_losses":2,"max_drawdown_account":0.017104038458852812,"max_relative_drawdown":0.017104038458852812,"max_drawdown_abs":17.2535334,"drawdown_start":"2024-01-12 11:00:00","drawdown_start_ts":1705057200000.0,"drawdown_end":"2024-01-23 09:00:00","drawdown_end_ts":1706000400000.0,"drawdown_duration":"10 days 22:00:00","drawdown_duration_s":943200.0,"max_drawdown_low":-8.513203359999999,"max_drawdown_high":8.74033004,"csum_min":991.48679664,"csum_max":1008.74033004}},"strategy_comparison":[{"key":"ACO_2_8","trades":5,"profit_mean":-0.005075018604220133,"profit_mean_pct":-0.51,"profit_total_abs":-8.513203359999999,"profit_total":-0.008513203359999999,"profit_total_pct":-0.85,"duration_avg":"2:24:00","wins":3,"draws":1,"losses":1,"winrate":0.6,"cagr":-0.09576428539924986,"expectancy":-1.7026406719999998,"expectancy_ratio":-0.2986835932400954,"sortino":-100,"sharpe":-0.6551613480766023,"calmar":-30.67461226047939,"sqn":-0.4252,"profit_factor":0.506582033799523,"max_drawdown_account":0.017104038458852812,"max_drawdown_abs":"17.254"}]}