{"strategy":{"ACO_8_5":{"trades":[{"pair":"DOGE/USDT","stake_amount":329.9122,"max_stake_amount":329.9122,"amount":1292.0,"open_date":"2025-10-04 02:00:00+00:00","close_date":"2025-10-05 02:00:00+00:00","open_rate":0.25535,"close_rate":0.25586121121121125,"fee_open":0.001,"fee_close":0.001,"trade_duration":1440,"profit_ratio":0.0,"profit_abs":0.0,"exit_reason":"roi","initial_stop_loss_abs":0.24259,"initial_stop_loss_ratio":-0.05,"stop_loss_abs":0.24259,"stop_loss_ratio":-0.05,"min_rate":0.2467,"max_rate":0.25698,"is_open":false,"enter_tag":"","leverage":1.0,"is_short":false,"open_timestamp":1759543200000,"close_timestamp":1759629600000,"orders":[{"amount":1292.0,"safe_price":0.25535,"ft_order_side":"buy","order_filled_timestamp":1759543200000,"ft_is_entry":true,"ft_order_tag":"","cost":330.2421122},{"amount":1292.0,"safe_price":0.25586121121121125,"ft_order_side":"sell","order_filled_timestamp":1759629600000,"ft_is_entry":false,"ft_order_tag":"roi","cost":330.9032575697698}],"funding_fees":0.0,"weekday":6},{"pair":"DOGE/USDT","stake_amount":329.93889,"max_stake_amount":329.93889,"amount":1271.0,"open_date":"2025-10-07 09:00:00+00:00","close_date":"2025-10-07 11:00:00+00:00","open_rate":0.25959,"close_rate":0.26151,"fee_open":0.001,"fee_close":0.001,"trade_duration":120,"profit_ratio":0.005383498969538493,"profit_abs":1.7780019,"exit_reason":"roi","initial_stop_loss_abs":0.24662,"initial_stop_loss_ratio":-0.05,"stop_loss_abs":0.24662,"stop_loss_ratio":-0.05,"min_rate":0.2593,"max_rate":0.26221,"is_open":false,"enter_tag":"","leverage":1.0,"is_short":false,"open_timestamp":1759827600000,"close_timestamp":1759834800000,"orders":[{"amount":1271.0,"safe_price":0.25959,"ft_order_side":"buy","order_filled_timestamp":1759827600000,"ft_is_entry":true,"ft_order_tag":"","cost":330.2688288899999},{"amount":1271.0,"safe_price":0.26151,"ft_order_side":"sell","order_filled_timestamp":1759834800000,"ft_is_entry":false,"ft_order_tag":"roi","cost":332.71158920999994}],"funding_fees":0.0,"weekday":1},{"pair":"DOGE/USDT","stake_amount":330.48323,"max_stake_amount":330.48323,"amount":1309.0,"open_date":"2025-10-07 17:00:00+00:00","close_date":"2025-10-08 13:00:00+00:00","open_rate":0.25247,"close_rate":0.2529754454454454,"fee_open":0.001,"fee_close":0.001,"trade_duration":1200,"profit_ratio":0.0,"profit_abs":0.0,"exit_reason":"roi","initial_stop_loss_abs":0.23985,"initial_stop_loss_ratio":-0.05,"stop_loss_abs":0.23985,"stop_loss_ratio":-0.05,"min_rate":0.24291,"max_rate":0.2535,"is_open":false,"enter_tag":"","leverage":1.0,"is_short":false,"open_timestamp":1759856400000,"close_timestamp":1759928400000,"orders":[{"amount":1309.0,"safe_price":0.25247,"ft_order_side":"buy","order_filled_timestamp":1759856400000,"ft_is_entry":true,"ft_order_tag":"","cost":330.81371323},{"amount":1309.0,"safe_price":0.2529754454454454,"ft_order_side":"sell","order_filled_timestamp":1759928400000,"ft_is_entry":false,"ft_order_tag":"roi","cost":331.47600294617615}],"funding_fees":0.0,"weekday":2},{"pair":"DOGE/USDT","stake_amount":330.36608,"max_stake_amount":330.36608,"amount":1336.0,"open_date":"2025-10-09 03:00:00+00:00","close_date":"2025-10-09 05:00:00+00:00","open_rate":0.24728,"close_rate":0.25063,"fee_open":0.001,"fee_close":0.001,"trade_duration":120,"profit_ratio":0.01152232594322533,"profit_abs":3.81039224,"exit_reason":"roi","initial_stop_loss_abs":0.23492,"initial_stop_loss_ratio":-0.05,"stop_loss_abs":0.23492,"stop_loss_ratio":-0.05,"min_rate":0.24728,"max_rate":0.25096,"is_open":false,"enter_tag":"","leverage":1.0,"is_short":false,"open_timestamp":1759978800000,"close_timestamp":1759986000000,"orders":[{"amount":1336.0,"safe_price":0.24728,"ft_order_side":"buy","order_filled_timestamp":1759978800000,"ft_is_entry":true,"ft_order_tag":"","cost":330.69644608},{"amount":1336.0,"safe_price":0.25063,"ft_order_side":"sell","order_filled_timestamp":1759986000000,"ft_is_entry":false,"ft_order_tag":"roi","cost":335.17652168}],"funding_fees":0.0,"weekday":3},{"pair":"DOGE/USDT","stake_amount":331.75208,"max_stake_amount":331.75208,"amount":1364.0,"open_date":"2025-10-09 09:00:00+00:00","close_date":"2025-10-09 11:00:00+00:00","open_rate":0.24322,"close_rate":0.2458,"fee_open":0.001,"fee_close":0.001,"trade_duration":120,"profit_ratio":0.008588484125035396,"profit_abs":2.85209672,"exit_reason":"roi","initial_stop_loss_abs":0.23106,"initial_stop_loss_ratio":-0.05,"stop_loss_abs":0.23106,"stop_loss_ratio":-0.05,"min_rate":0.24315,"max_rate":0.24806,"is_open":false,"enter_tag":"","leverage":1.0,"is_short":false,"open_timestamp":1760000400000,"close_timestamp":1760007600000,"orders":[{"amount":1364.0,"safe_price":0.24322,"ft_order_side":"buy","order_filled_timestamp":1760000400000,"ft_is_entry":true,"ft_order_tag":"","cost":332.0838320799999},{"amount":1364.0,"safe_price":0.2458,"ft_order_side":"sell","order_filled_timestamp":1760007600000,"ft_is_entry":false,"ft_order_tag":"roi","cost":335.60647119999993}],"funding_fees":0.0,"weekday":3},{"pair":"DOGE/USDT","stake_amount":332.56118,"max_stake_amount":332.56118,"amount":1406.0,"open_date":"2025-10-10 17:00:00+00:00","close_date":"2025-10-10 20:00:00+00:00","open_rate":0.23653,"close_rate":0.22471,"fee_open":0.001,"fee_close":0.001,"trade_duration":180,"profit_ratio":-0.05187067614666651,"profit_abs":-17.26742344,"exit_reason":"stop_loss","initial_stop_loss_abs":0.22471,"initial_stop_loss_ratio":-0.05,"stop_loss_abs":0.22471,"stop_loss_ratio":-0.05,"min_rate":0.21607,"max_rate":0.23714,"is_open":false,"enter_tag":"","leverage":1.0,"is_short":false,"open_timestamp":1760115600000,"close_timestamp":1760126400000,"orders":[{"amount":1406.0,"safe_price":0.23653,"ft_order_side":"buy","order_filled_timestamp":1760115600000,"ft_is_entry":true,"ft_order_tag":"","cost":332.89374117999995},{"amount":1406.0,"safe_price":0.22471,"ft_order_side":"sell","order_filled_timestamp":1760126400000,"ft_is_entry":false,"ft_order_tag":"stop_loss","cost":316.25820225999996}],"funding_fees":0.0,"weekday":4},{"pair":"DOGE/USDT","stake_amount":327.02672,"max_stake_amount":327.02672,"amount":1493.0,"open_date":"2025-10-10 21:00:00+00:00","close_date":"2025-10-10 21:00:00+00:00","open_rate":0.21904,"close_rate":0.20809,"fee_open":0.001,"fee_close":0.001,"trade_duration":0,"profit_ratio":-0.05188898938898939,"profit_abs":-16.98605509,"exit_reason":"stop_loss","initial_stop_loss_abs":0.20809,"initial_stop_loss_ratio":-0.05,"stop_loss_abs":0.20809,"stop_loss_ratio":-0.05,"min_rate":0.095,"max_rate":0.22132,"is_open":false,"enter_tag":"","leverage":1.0,"is_short":false,"open_timestamp":1760130000000,"close_timestamp":1760130000000,"orders":[{"amount":1493.0,"safe_price":0.21904,"ft_order_side":"buy","order_filled_timestamp":1760130000000,"ft_is_entry":true,"ft_order_tag":"","cost":327.35374672},{"amount":1493.0,"safe_price":0.20809,"ft_order_side":"sell","order_filled_timestamp":1760130000000,"ft_is_entry":false,"ft_order_tag":"stop_loss","cost":310.9890483699999}],"funding_fees":0.0,"weekday":4},{"pair":"DOGE/USDT","stake_amount":321.4666,"max_stake_amount":321.4666,"amount":1547.0,"open_date":"2025-10-14 04:00:00+00:00","close_date":"2025-10-14 06:00:00+00:00","open_rate":0.2078,"close_rate":0.19741,"fee_open":0.001,"fee_close":0.001,"trade_duration":120,"profit_ratio":-0.0518981018981019,"profit_abs":-16.70018987,"exit_reason":"stop_loss","initial_stop_loss_abs":0.19741,"initial_stop_loss_ratio":-0.05,"stop_loss_abs":0.19741,"stop_loss_ratio":-0.05,"min_rate":0.19486,"max_rate":0.20834,"is_open":false,"enter_tag":"","leverage":1.0,"is_short":false,"open_timestamp":1760414400000,"close_timestamp":1760421600000,"orders":[{"amount":1547.0,"safe_price":0.2078,"ft_order_side":"buy","order_filled_timestamp":1760414400000,"ft_is_entry":true,"ft_order_tag":"","cost":321.7880666},{"amount":1547.0,"safe_price":0.19741,"ft_order_side":"sell","order_filled_timestamp":1760421600000,"ft_is_entry":false,"ft_order_tag":"stop_loss","cost":305.69866327}],"funding_fees":0.0,"weekday":1},{"pair":"DOGE/USDT","stake_amount":315.86142,"max_stake_amount":315.86142,"amount":1589.0,"open_date":"2025-10-14 07:00:00+00:00","close_date":"2025-10-14 09:00:00+00:00","open_rate":0.19878,"close_rate":0.19973,"fee_open":0.001,"fee_close":0.001,"trade_duration":120,"profit_ratio":0.0027716020773672447,"profit_abs":0.87631761,"exit_reason":"roi","initial_stop_loss_abs":0.18885,"initial_stop_loss_ratio":-0.05,"stop_loss_abs":0.18885,"stop_loss_ratio":-0.05,"min_rate":0.19661,"max_rate":0.20153,"is_open":false,"enter_tag":"","leverage":1.0,"is_short":false,"open_timestamp":1760425200000,"close_timestamp":1760432400000,"orders":[{"amount":1589.0,"safe_price":0.19878,"ft_order_side":"buy","order_filled_timestamp":1760425200000,"ft_is_entry":true,"ft_order_tag":"","cost":316.17728142},{"amount":1589.0,"safe_price":0.19973,"ft_order_side":"sell","order_filled_timestamp":1760432400000,"ft_is_entry":false,"ft_order_tag":"roi","cost":317.68834096999996}],"funding_fees":0.0,"weekday":1},{"pair":"DOGE/USDT","stake_amount":316.1043,"max_stake_amount":316.1043,"amount":1770.0,"open_date":"2025-10-17 08:00:00+00:00","close_date":"2025-10-17 10:00:00+00:00","open_rate":0.17859,"close_rate":0.1789475375375375,"fee_open":0.001,"fee_close":0.001,"trade_duration":120,"profit_ratio":0.0,"profit_abs":0.0,"exit_reason":"roi","initial_stop_loss_abs":0.16967,"initial_stop_loss_ratio":-0.05,"stop_loss_abs":0.16967,"stop_loss_ratio":-0.05,"min_rate":0.17555,"max_rate":0.18194,"is_open":false,"enter_tag":"","leverage":1.0,"is_short":false,"open_timestamp":1760688000000,"close_timestamp":1760695200000,"orders":[{"amount":1770.0,"safe_price":0.17859,"ft_order_side":"buy","order_filled_timestamp":1760688000000,"ft_is_entry":true,"ft_order_tag":"","cost":316.4204043},{"amount":1770.0,"safe_price":0.1789475375375375,"ft_order_side":"sell","order_filled_timestamp":1760695200000,"ft_is_entry":false,"ft_order_tag":"roi","cost":317.0538785828828}],"funding_fees":0.0,"weekday":4},{"pair":"DOGE/USDT","stake_amount":316.0752,"max_stake_amount":316.0752,"amount":1636.0,"open_date":"2025-10-21 05:00:00+00:00","close_date":"2025-10-21 07:00:00+00:00","open_rate":0.1932,"close_rate":0.1939,"fee_open":0.001,"fee_close":0.001,"trade_duration":120,"profit_ratio":0.0016179472701211832,"profit_abs":0.5119044,"exit_reason":"roi","initial_stop_loss_abs":0.18354,"initial_stop_loss_ratio":-0.05,"stop_loss_abs":0.18354,"stop_loss_ratio":-0.05,"min_rate":0.19291,"max_rate":0.19456,"is_open":false,"enter_tag":"","leverage":1.0,"is_short":false,"open_timestamp":1761022800000,"close_timestamp":1761030000000,"orders":[{"amount":1636.0,"safe_price":0.1932,"ft_order_side":"buy","order_filled_timestamp":1761022800000,"ft_is_entry":true,"ft_order_tag":"","cost":316.39127519999994},{"amount":1636.0,"safe_price":0.1939,"ft_order_side":"sell","order_filled_timestamp":1761030000000,"ft_is_entry":false,"ft_order_tag":"roi","cost":317.5376203999999}],"funding_fees":0.0,"weekday":1},{"pair":"DOGE/USDT","stake_amount":316.2607,"max_stake_amount":316.2607,"amount":1634.0,"open_date":"2025-10-22 01:00:00+00:00","close_date":"2025-10-22 03:00:00+00:00","open_rate":0.19355,"close_rate":0.19432,"fee_open":0.001,"fee_close":0.001,"trade_duration":120,"profit_ratio":0.0019723495311198746,"profit_abs":0.62440042,"exit_reason":"roi","initial_stop_loss_abs":0.18388,"initial_stop_loss_ratio":-0.05,"stop_loss_abs":0.18388,"stop_loss_ratio":-0.05,"min_rate":0.19263,"max_rate":0.19519,"is_open":false,"enter_tag":"","leverage":1.0,"is_short":false,"open_timestamp":1761094800000,"close_timestamp":1761102000000,"orders":[{"amount":1634.0,"safe_price":0.19355,"ft_order_side":"buy","order_filled_timestamp":1761094800000,"ft_is_entry":true,"ft_order_tag":"","cost":316.5769607},{"amount":1634.0,"safe_price":0.19432,"ft_order_side":"sell","order_filled_timestamp":1761102000000,"ft_is_entry":false,"ft_order_tag":"roi","cost":317.83639887999993}],"funding_fees":0.0,"weekday":2},{"pair":"DOGE/USDT","stake_amount":316.50136,"max_stake_amount":316.50136,"amount":1624.0,"open_date":"2025-10-24 17:00:00+00:00","close_date":"2025-10-24 19:00:00+00:00","open_rate":0.19489,"close_rate":0.19608,"fee_open":0.001,"fee_close":0.001,"trade_duration":120,"profit_ratio":0.004095806702405297,"profit_abs":1.29762472,"exit_reason":"roi","initial_stop_loss_abs":0.18515,"initial_stop_loss_ratio":-0.05,"stop_loss_abs":0.18515,"stop_loss_ratio":-0.05,"min_rate":0.19474,"max_rate":0.19709,"is_open":false,"enter_tag":"","leverage":1.0,"is_short":false,"open_timestamp":1761325200000,"close_timestamp":1761332400000,"orders":[{"amount":1624.0,"safe_price":0.19489,"ft_order_side":"buy","order_filled_timestamp":1761325200000,"ft_is_entry":true,"ft_order_tag":"","cost":316.81786136},{"amount":1624.0,"safe_price":0.19608,"ft_order_side":"sell","order_filled_timestamp":1761332400000,"ft_is_entry":false,"ft_order_tag":"roi","cost":318.75235391999996}],"funding_fees":0.0,"weekday":4},{"pair":"DOGE/USDT","stake_amount":316.875,"max_stake_amount":316.875,"amount":1625.0,"open_date":"2025-10-26 04:00:00+00:00","close_date":"2025-10-26 06:00:00+00:00","open_rate":0.195,"close_rate":0.19591,"fee_open":0.001,"fee_close":0.001,"trade_duration":120,"profit_ratio":0.0026593406593406594,"profit_abs":0.84352125,"exit_reason":"roi","initial_stop_loss_abs":0.18525,"initial_stop_loss_ratio":-0.05,"stop_loss_abs":0.18525,"stop_loss_ratio":-0.05,"min_rate":0.19488,"max_rate":0.19635,"is_open":false,"enter_tag":"","leverage":1.0,"is_short":false,"open_timestamp":1761451200000,"close_timestamp":1761458400000,"orders":[{"amount":1625.0,"safe_price":0.195,"ft_order_side":"buy","order_filled_timestamp":1761451200000,"ft_is_entry":true,"ft_order_tag":"","cost":317.191875},{"amount":1625.0,"safe_price":0.19591,"ft_order_side":"sell","order_filled_timestamp":1761458400000,"ft_is_entry":false,"ft_order_tag":"roi","cost":318.67210374999996}],"funding_fees":0.0,"weekday":6},{"pair":"DOGE/USDT","stake_amount":317.24211,"max_stake_amount":317.24211,"amount":1563.0,"open_date":"2025-10-27 11:00:00+00:00","close_date":"2025-10-27 13:00:00+00:00","open_rate":0.20297,"close_rate":0.20337634634634633,"fee_open":0.001,"fee_close":0.001,"trade_duration":120,"profit_ratio":0.0,"profit_abs":0.0,"exit_reason":"roi","initial_stop_loss_abs":0.19283,"initial_stop_loss_ratio":-0.05,"stop_loss_abs":0.19283,"stop_loss_ratio":-0.05,"min_rate":0.20053,"max_rate":0.20385,"is_open":false,"enter_tag":"","leverage":1.0,"is_short":false,"open_timestamp":1761562800000,"close_timestamp":1761570000000,"orders":[{"amount":1563.0,"safe_price":0.20297,"ft_order_side":"buy","order_filled_timestamp":1761562800000,"ft_is_entry":true,"ft_order_tag":"","cost":317.55935210999996},{"amount":1563.0,"safe_price":0.20337634634634633,"ft_order_side":"sell","order_filled_timestamp":1761570000000,"ft_is_entry":false,"ft_order_tag":"roi","cost":318.1951065686786}],"funding_fees":0.0,"weekday":0},{"pair":"DOGE/USDT","stake_amount":317.20956,"max_stake_amount":317.20956,"amount":1578.0,"open_date":"2025-10-27 23:00:00+00:00","close_date":"2025-10-28 01:00:00+00:00","open_rate":0.20102,"close_rate":0.20142244244244242,"fee_open":0.001,"fee_close":0.001,"trade_duration":120,"profit_ratio":0.0,"profit_abs":0.0,"exit_reason":"roi","initial_stop_loss_abs":0.19097,"initial_stop_loss_ratio":-0.05,"stop_loss_abs":0.19097,"stop_loss_ratio":-0.05,"min_rate":0.19887,"max_rate":0.20159,"is_open":false,"enter_tag":"","leverage":1.0,"is_short":false,"open_timestamp":1761606000000,"close_timestamp":1761613200000,"orders":[{"amount":1578.0,"safe_price":0.20102,"ft_order_side":"buy","order_filled_timestamp":1761606000000,"ft_is_entry":true,"ft_order_tag":"","cost":317.52676956},{"amount":1578.0,"safe_price":0.20142244244244242,"ft_order_side":"sell","order_filled_timestamp":1761613200000,"ft_is_entry":false,"ft_order_tag":"roi","cost":318.16245878834826}],"funding_fees":0.0,"weekday":1},{"pair":"DOGE/USDT","stake_amount":317.31588,"max_stake_amount":317.31588,"amount":1646.0,"open_date":"2025-10-28 22:00:00+00:00","close_date":"2025-10-29 00:00:00+00:00","open_rate":0.19278,"close_rate":0.19362,"fee_open":0.001,"fee_close":0.001,"trade_duration":120,"profit_ratio":0.0023505905858847032,"profit_abs":0.7466256,"exit_reason":"roi","initial_stop_loss_abs":0.18315,"initial_stop_loss_ratio":-0.05,"stop_loss_abs":0.18315,"stop_loss_ratio":-0.05,"min_rate":0.19202,"max_rate":0.1942,"is_open":false,"enter_tag":"","leverage":1.0,"is_short":false,"open_timestamp":1761688800000,"close_timestamp":1761696000000,"orders":[{"amount":1646.0,"safe_price":0.19278,"ft_order_side":"buy","order_filled_timestamp":1761688800000,"ft_is_entry":true,"ft_order_tag":"","cost":317.63319587999996},{"amount":1646.0,"safe_price":0.19362,"ft_order_side":"sell","order_filled_timestamp":1761696000000,"ft_is_entry":false,"ft_order_tag":"roi","cost":319.0172185199999}],"funding_fees":0.0,"weekday":2},{"pair":"DOGE/USDT","stake_amount":317.46444,"max_stake_amount":317.46444,"amount":1689.0,"open_date":"2025-10-30 12:00:00+00:00","close_date":"2025-10-30 17:00:00+00:00","open_rate":0.18796,"close_rate":0.17857,"fee_open":0.001,"fee_close":0.001,"trade_duration":300,"profit_ratio":-0.05185562469027036,"profit_abs":-16.47877917,"exit_reason":"stop_loss","initial_stop_loss_abs":0.17857,"initial_stop_loss_ratio":-0.05,"stop_loss_abs":0.17857,"stop_loss_ratio":-0.05,"min_rate":0.17822,"max_rate":0.18833,"is_open":false,"enter_tag":"","leverage":1.0,"is_short":false,"open_timestamp":1761825600000,"close_timestamp":1761843600000,"orders":[{"amount":1689.0,"safe_price":0.18796,"ft_order_side":"buy","order_filled_timestamp":1761825600000,"ft_is_entry":true,"ft_order_tag":"","cost":317.78190443999995},{"amount":1689.0,"safe_price":0.17857,"ft_order_side":"sell","order_filled_timestamp":1761843600000,"ft_is_entry":false,"ft_order_tag":"stop_loss","cost":301.90633472999997}],"funding_fees":0.0,"weekday":3},{"pair":"DOGE/USDT","stake_amount":312.08166,"max_stake_amount":312.08166,"amount":1782.0,"open_date":"2025-11-03 04:00:00+00:00","close_date":"2025-11-03 12:00:00+00:00","open_rate":0.17513,"close_rate":0.1754806106106106,"fee_open":0.001,"fee_close":0.001,"trade_duration":480,"profit_ratio":0.0,"profit_abs":0.0,"exit_reason":"roi","initial_stop_loss_abs":0.16638,"initial_stop_loss_ratio":-0.05,"stop_loss_abs":0.16638,"stop_loss_ratio":-0.05,"min_rate":0.17111,"max_rate":0.17672,"is_open":false,"enter_tag":"","leverage":1.0,"is_short":false,"open_timestamp":1762142400000,"close_timestamp":1762171200000,"orders":[{"amount":1782.0,"safe_price":0.17513,"ft_order_side":"buy","order_filled_timestamp":1762142400000,"ft_is_entry":true,"ft_order_tag":"","cost":312.39374166},{"amount":1782.0,"safe_price":0.1754806106106106,"ft_order_side":"sell","order_filled_timestamp":1762171200000,"ft_is_entry":false,"ft_order_tag":"roi","cost":313.01915455621617}],"funding_fees":0.0,"weekday":0},{"pair":"DOGE/USDT","stake_amount":312.09576,"max_stake_amount":312.09576,"amount":1912.0,"open_date":"2025-11-06 08:00:00+00:00","close_date":"2025-11-06 10:00:00+00:00","open_rate":0.16323,"close_rate":0.16355678678678676,"fee_open":0.001,"fee_close":0.001,"trade_duration":120,"profit_ratio":0.0,"profit_abs":0.0,"exit_reason":"roi","initial_stop_loss_abs":0.15507,"initial_stop_loss_ratio":-0.05,"stop_loss_abs":0.15507,"stop_loss_ratio":-0.05,"min_rate":0.16216,"max_rate":0.16413,"is_open":false,"enter_tag":"","leverage":1.0,"is_short":false,"open_timestamp":1762416000000,"close_timestamp":1762423200000,"orders":[{"amount":1912.0,"safe_price":0.16323,"ft_order_side":"buy","order_filled_timestamp":1762416000000,"ft_is_entry":true,"ft_order_tag":"","cost":312.40785575999996},{"amount":1912.0,"safe_price":0.16355678678678676,"ft_order_side":"sell","order_filled_timestamp":1762423200000,"ft_is_entry":false,"ft_order_tag":"roi","cost":313.03329691267254}],"funding_fees":0.0,"weekday":3},{"pair":"DOGE/USDT","stake_amount":312.12012,"max_stake_amount":312.12012,"amount":1794.0,"open_date":"2025-11-08 16:00:00+00:00","close_date":"2025-11-08 18:00:00+00:00","open_rate":0.17398,"close_rate":0.17478,"fee_open":0.001,"fee_close":0.001,"trade_duration":120,"profit_ratio":0.002591040411479542,"profit_abs":0.80952456,"exit_reason":"roi","initial_stop_loss_abs":0.16529,"initial_stop_loss_ratio":-0.05,"stop_loss_abs":0.16529,"stop_loss_ratio":-0.05,"min_rate":0.173,"max_rate":0.17599,"is_open":false,"enter_tag":"","leverage":1.0,"is_short":false,"open_timestamp":1762617600000,"close_timestamp":1762624800000,"orders":[{"amount":1794.0,"safe_price":0.17398,"ft_order_side":"buy","order_filled_timestamp":1762617600000,"ft_is_entry":true,"ft_order_tag":"","cost":312.43224011999996},{"amount":1794.0,"safe_price":0.17478,"ft_order_side":"sell","order_filled_timestamp":1762624800000,"ft_is_entry":false,"ft_order_tag":"roi","cost":313.86887532}],"funding_fees":0.0,"weekday":5},{"pair":"DOGE/USDT","stake_amount":312.33478,"max_stake_amount":312.33478,"amount":1754.0,"open_date":"2025-11-11 07:00:00+00:00","close_date":"2025-11-11 09:00:00+00:00","open_rate":0.17807,"close_rate":0.17842649649649647,"fee_open":0.001,"fee_close":0.001,"trade_duration":120,"profit_ratio":0.0,"profit_abs":0.0,"exit_reason":"roi","initial_stop_loss_abs":0.16917,"initial_stop_loss_ratio":-0.05,"stop_loss_abs":0.16917,"stop_loss_ratio":-0.05,"min_rate":0.17618,"max_rate":0.17859,"is_open":false,"enter_tag":"","leverage":1.0,"is_short":false,"open_timestamp":1762844400000,"close_timestamp":1762851600000,"orders":[{"amount":1754.0,"safe_price":0.17807,"ft_order_side":"buy","order_filled_timestamp":1762844400000,"ft_is_entry":true,"ft_order_tag":"","cost":312.64711478},{"amount":1754.0,"safe_price":0.17842649649649647,"ft_order_side":"sell","order_filled_timestamp":1762851600000,"ft_is_entry":false,"ft_order_tag":"roi","cost":313.27303492970964}],"funding_fees":0.0,"weekday":1},{"pair":"DOGE/USDT","stake_amount":312.25436,"max_stake_amount":312.25436,"amount":1804.0,"open_date":"2025-11-11 21:00:00+00:00","close_date":"2025-11-12 08:00:00+00:00","open_rate":0.17309,"close_rate":0.1734365265265265,"fee_open":0.001,"fee_close":0.001,"trade_duration":660,"profit_ratio":0.0,"profit_abs":0.0,"exit_reason":"roi","initial_stop_loss_abs":0.16444,"initial_stop_loss_ratio":-0.05,"stop_loss_abs":0.16444,"stop_loss_ratio":-0.05,"min_rate":0.17094,"max_rate":0.17459,"is_open":false,"enter_tag":"","leverage":1.0,"is_short":false,"open_timestamp":1762894800000,"close_timestamp":1762934400000,"orders":[{"amount":1804.0,"safe_price":0.17309,"ft_order_side":"buy","order_filled_timestamp":1762894800000,"ft_is_entry":true,"ft_order_tag":"","cost":312.5666143599999},{"amount":1804.0,"safe_price":0.1734365265265265,"ft_order_side":"sell","order_filled_timestamp":1762934400000,"ft_is_entry":false,"ft_order_tag":"roi","cost":313.1923733477076}],"funding_fees":0.0,"weekday":2},{"pair":"DOGE/USDT","stake_amount":312.37007,"max_stake_amount":312.37007,"amount":1843.0,"open_date":"2025-11-12 18:00:00+00:00","close_date":"2025-11-12 20:00:00+00:00","open_rate":0.16949,"close_rate":0.16982931931931933,"fee_open":0.001,"fee_close":0.001,"trade_duration":120,"profit_ratio":0.0,"profit_abs":0.0,"exit_reason":"roi","initial_stop_loss_abs":0.16102,"initial_stop_loss_ratio":-0.05,"stop_loss_abs":0.16102,"stop_loss_ratio":-0.05,"min_rate":0.16721,"max_rate":0.17097,"is_open":false,"enter_tag":"","leverage":1.0,"is_short":false,"open_timestamp":1762970400000,"close_timestamp":1762977600000,"orders":[{"amount":1843.0,"safe_price":0.16949,"ft_order_side":"buy","order_filled_timestamp":1762970400000,"ft_is_entry":true,"ft_order_tag":"","cost":312.68244007},{"amount":1843.0,"safe_price":0.16982931931931933,"ft_order_side":"sell","order_filled_timestamp":1762977600000,"ft_is_entry":false,"ft_order_tag":"roi","cost":313.30843094101095}],"funding_fees":0.0,"weekday":2},{"pair":"DOGE/USDT","stake_amount":312.32565,"max_stake_amount":312.32565,"amount":1885.0,"open_date":"2025-11-13 18:00:00+00:00","close_date":"2025-11-14 07:00:00+00:00","open_rate":0.16569,"close_rate":0.16602171171171168,"fee_open":0.001,"fee_close":0.001,"trade_duration":780,"profit_ratio":0.0,"profit_abs":0.0,"exit_reason":"roi","initial_stop_loss_abs":0.15741,"initial_stop_loss_ratio":-0.05,"stop_loss_abs":0.15741,"stop_loss_ratio":-0.05,"min_rate":0.1591,"max_rate":0.16628,"is_open":false,"enter_tag":"","leverage":1.0,"is_short":false,"open_timestamp":1763056800000,"close_timestamp":1763103600000,"orders":[{"amount":1885.0,"safe_price":0.16569,"ft_order_side":"buy","order_filled_timestamp":1763056800000,"ft_is_entry":true,"ft_order_tag":"","cost":312.63797565},{"amount":1885.0,"safe_price":0.16602171171171168,"ft_order_side":"sell","order_filled_timestamp":1763103600000,"ft_is_entry":false,"ft_order_tag":"roi","cost":313.2638775031531}],"funding_fees":0.0,"weekday":4},{"pair":"DOGE/USDT","stake_amount":312.31782,"max_stake_amount":312.31782,"amount":1943.0,"open_date":"2025-11-16 14:00:00+00:00","close_date":"2025-11-17 03:00:00+00:00","open_rate":0.16074,"close_rate":0.1610618018018018,"fee_open":0.001,"fee_close":0.001,"trade_duration":780,"profit_ratio":0.0,"profit_abs":0.0,"exit_reason":"roi","initial_stop_loss_abs":0.15271,"initial_stop_loss_ratio":-0.05,"stop_loss_abs":0.15271,"stop_loss_ratio":-0.05,"min_rate":0.1536,"max_rate":0.16217,"is_open":false,"enter_tag":"","leverage":1.0,"is_short":false,"open_timestamp":1763301600000,"close_timestamp":1763348400000,"orders":[{"amount":1943.0,"safe_price":0.16074,"ft_order_side":"buy","order_filled_timestamp":1763301600000,"ft_is_entry":true,"ft_order_tag":"","cost":312.63013781999996},{"amount":1943.0,"safe_price":0.1610618018018018,"ft_order_side":"sell","order_filled_timestamp":1763348400000,"ft_is_entry":false,"ft_order_tag":"roi","cost":313.2560239818018}],"funding_fees":0.0,"weekday":0},{"pair":"DOGE/USDT","stake_amount":312.34679,"max_stake_amount":312.34679,"amount":2051.0,"open_date":"2025-11-17 20:00:00+00:00","close_date":"2025-11-17 22:00:00+00:00","open_rate":0.15229,"close_rate":0.15259488488488487,"fee_open":0.001,"fee_close":0.001,"trade_duration":120,"profit_ratio":0.0,"profit_abs":0.0,"exit_reason":"roi","initial_stop_loss_abs":0.14468,"initial_stop_loss_ratio":-0.05,"stop_loss_abs":0.14468,"stop_loss_ratio":-0.05,"min_rate":0.15066,"max_rate":0.15342,"is_open":false,"enter_tag":"","leverage":1.0,"is_short":false,"open_timestamp":1763409600000,"close_timestamp":1763416800000,"orders":[{"amount":2051.0,"safe_price":0.15229,"ft_order_side":"buy","order_filled_timestamp":1763409600000,"ft_is_entry":true,"ft_order_tag":"","cost":312.65913679},{"amount":2051.0,"safe_price":0.15259488488488487,"ft_order_side":"sell","order_filled_timestamp":1763416800000,"ft_is_entry":false,"ft_order_tag":"roi","cost":313.2850810077977}],"funding_fees":0.0,"weekday":0},{"pair":"DOGE/USDT","stake_amount":312.374,"max_stake_amount":312.374,"amount":1996.0,"open_date":"2025-11-19 06:00:00+00:00","close_date":"2025-11-19 08:00:00+00:00","open_rate":0.1565,"close_rate":0.15894,"fee_open":0.001,"fee_close":0.001,"trade_duration":120,"profit_ratio":0.013561901357428513,"profit_abs":4.24062176,"exit_reason":"roi","initial_stop_loss_abs":0.14868,"initial_stop_loss_ratio":-0.05,"stop_loss_abs":0.14868,"stop_loss_ratio":-0.05,"min_rate":0.15583,"max_rate":0.15946,"is_open":false,"enter_tag":"","leverage":1.0,"is_short":false,"open_timestamp":1763532000000,"close_timestamp":1763539200000,"orders":[{"amount":1996.0,"safe_price":0.1565,"ft_order_side":"buy","order_filled_timestamp":1763532000000,"ft_is_entry":true,"ft_order_tag":"","cost":312.686374},{"amount":1996.0,"safe_price":0.15894,"ft_order_side":"sell","order_filled_timestamp":1763539200000,"ft_is_entry":false,"ft_order_tag":"roi","cost":317.56148423999997}],"funding_fees":0.0,"weekday":2},{"pair":"DOGE/USDT","stake_amount":313.719,"max_stake_amount":313.719,"amount":2100.0,"open_date":"2025-11-19 18:00:00+00:00","close_date":"2025-11-19 20:00:00+00:00","open_rate":0.14939,"close_rate":0.14968907907907905,"fee_open":0.001,"fee_close":0.001,"trade_duration":120,"profit_ratio":0.0,"profit_abs":0.0,"exit_reason":"roi","initial_stop_loss_abs":0.14193,"initial_stop_loss_ratio":-0.05,"stop_loss_abs":0.14193,"stop_loss_ratio":-0.05,"min_rate":0.14712,"max_rate":0.15089,"is_open":false,"enter_tag":"","leverage":1.0,"is_short":false,"open_timestamp":1763575200000,"close_timestamp":1763582400000,"orders":[{"amount":2100.0,"safe_price":0.14939,"ft_order_side":"buy","order_filled_timestamp":1763575200000,"ft_is_entry":true,"ft_order_tag":"","cost":314.032719},{"amount":2100.0,"safe_price":0.14968907907907905,"ft_order_side":"sell","order_filled_timestamp":1763582400000,"ft_is_entry":false,"ft_order_tag":"roi","cost":314.66141313213205}],"funding_fees":0.0,"weekday":2},{"pair":"DOGE/USDT","stake_amount":313.8129,"max_stake_amount":313.8129,"amount":2130.0,"open_date":"2025-11-20 19:00:00+00:00","close_date":"2025-11-20 21:00:00+00:00","open_rate":0.14733,"close_rate":0.14931,"fee_open":0.001,"fee_close":0.001,"trade_duration":120,"profit_ratio":0.011414364499275924,"profit_abs":3.5855568,"exit_reason":"roi","initial_stop_loss_abs":0.13997,"initial_stop_loss_ratio":-0.05,"stop_loss_abs":0.13997,"stop_loss_ratio":-0.05,"min_rate":0.14623,"max_rate":0.1523,"is_open":false,"enter_tag":"","leverage":1.0,"is_short":false,"open_timestamp":1763665200000,"close_timestamp":1763672400000,"orders":[{"amount":2130.0,"safe_price":0.14733,"ft_order_side":"buy","order_filled_timestamp":1763665200000,"ft_is_entry":true,"ft_order_tag":"","cost":314.1267128999999},{"amount":2130.0,"safe_price":0.14931,"ft_order_side":"sell","order_filled_timestamp":1763672400000,"ft_is_entry":false,"ft_order_tag":"roi","cost":318.3483303}],"funding_fees":0.0,"weekday":3},{"pair":"DOGE/USDT","stake_amount":314.92582,"max_stake_amount":314.92582,"amount":2123.0,"open_date":"2025-11-25 09:00:00+00:00","close_date":"2025-11-25 11:00:00+00:00","open_rate":0.14834,"close_rate":0.149,"fee_open":0.001,"fee_close":0.001,"trade_duration":120,"profit_ratio":0.0024423466515956743,"profit_abs":0.76992718,"exit_reason":"roi","initial_stop_loss_abs":0.14093,"initial_stop_loss_ratio":-0.05,"stop_loss_abs":0.14093,"stop_loss_ratio":-0.05,"min_rate":0.14752,"max_rate":0.1491,"is_open":false,"enter_tag":"","leverage":1.0,"is_short":false,"open_timestamp":1764061200000,"close_timestamp":1764068400000,"orders":[{"amount":2123.0,"safe_price":0.14834,"ft_order_side":"buy","order_filled_timestamp":1764061200000,"ft_is_entry":true,"ft_order_tag":"","cost":315.24074582},{"amount":2123.0,"safe_price":0.149,"ft_order_side":"sell","order_filled_timestamp":1764068400000,"ft_is_entry":false,"ft_order_tag":"roi","cost":316.64332699999994}],"funding_fees":0.0,"weekday":1},{"pair":"DOGE/USDT","stake_amount":315.19764,"max_stake_amount":315.19764,"amount":2103.0,"open_date":"2025-11-26 12:00:00+00:00","close_date":"2025-11-26 14:00:00+00:00","open_rate":0.14988,"close_rate":0.15075,"fee_open":0.001,"fee_close":0.001,"trade_duration":120,"profit_ratio":0.0037950440272297757,"profit_abs":1.19738511,"exit_reason":"roi","initial_stop_loss_abs":0.14239,"initial_stop_loss_ratio":-0.05,"stop_loss_abs":0.14239,"stop_loss_ratio":-0.05,"min_rate":0.14862,"max_rate":0.152,"is_open":false,"enter_tag":"","leverage":1.0,"is_short":false,"open_timestamp":1764158400000,"close_timestamp":1764165600000,"orders":[{"amount":2103.0,"safe_price":0.14988,"ft_order_side":"buy","order_filled_timestamp":1764158400000,"ft_is_entry":true,"ft_order_tag":"","cost":315.51283764},{"amount":2103.0,"safe_price":0.15075,"ft_order_side":"sell","order_filled_timestamp":1764165600000,"ft_is_entry":false,"ft_order_tag":"roi","cost":317.34427724999995}],"funding_fees":0.0,"weekday":2},{"pair":"DOGE/USDT","stake_amount":315.61428,"max_stake_amount":315.61428,"amount":2076.0,"open_date":"2025-11-28 01:00:00+00:00","close_date":"2025-11-28 08:00:00+00:00","open_rate":0.15203,"close_rate":0.15233436436436434,"fee_open":0.001,"fee_close":0.001,"trade_duration":420,"profit_ratio":0.0,"profit_abs":0.0,"exit_reason":"roi","initial_stop_loss_abs":0.14443,"initial_stop_loss_ratio":-0.05,"stop_loss_abs":0.14443,"stop_loss_ratio":-0.05,"min_rate":0.14961,"max_rate":0.1532,"is_open":false,"enter_tag":"","leverage":1.0,"is_short":false,"open_timestamp":1764291600000,"close_timestamp":1764316800000,"orders":[{"amount":2076.0,"safe_price":0.15203,"ft_order_side":"buy","order_filled_timestamp":1764291600000,"ft_is_entry":true,"ft_order_tag":"","cost":315.92989428},{"amount":2076.0,"safe_price":0.15233436436436434,"ft_order_side":"sell","order_filled_timestamp":1764316800000,"ft_is_entry":false,"ft_order_tag":"roi","cost":316.56238656084076}],"funding_fees":0.0,"weekday":4},{"pair":"DOGE/USDT","stake_amount":315.56539,"max_stake_amount":315.56539,"amount":2107.0,"open_date":"2025-11-28 19:00:00+00:00","close_date":"2025-11-28 21:00:00+00:00","open_rate":0.14977,"close_rate":0.15093,"fee_open":0.001,"fee_close":0.001,"trade_duration":120,"profit_ratio":0.005731732379258586,"profit_abs":1.8105451,"exit_reason":"roi","initial_stop_loss_abs":0.14229,"initial_stop_loss_ratio":-0.05,"stop_loss_abs":0.14229,"stop_loss_ratio":-0.05,"min_rate":0.14964,"max_rate":0.15134,"is_open":false,"enter_tag":"","leverage":1.0,"is_short":false,"open_timestamp":1764356400000,"close_timestamp":1764363600000,"orders":[{"amount":2107.0,"safe_price":0.14977,"ft_order_side":"buy","order_filled_timestamp":1764356400000,"ft_is_entry":true,"ft_order_tag":"","cost":315.88095538999994},{"amount":2107.0,"safe_price":0.15093,"ft_order_side":"sell","order_filled_timestamp":1764363600000,"ft_is_entry":false,"ft_order_tag":"roi","cost":318.32751951}],"funding_fees":0.0,"weekday":4},{"pair":"DOGE/USDT","stake_amount":316.1232,"max_stake_amount":316.1232,"amount":2271.0,"open_date":"2025-12-01 02:00:00+00:00","close_date":"2025-12-01 15:00:00+00:00","open_rate":0.1392,"close_rate":0.13224,"fee_open":0.001,"fee_close":0.001,"trade_duration":780,"profit_ratio":-0.0518981018981019,"profit_abs":-16.42260024,"exit_reason":"stop_loss","initial_stop_loss_abs":0.13224,"initial_stop_loss_ratio":-0.05,"stop_loss_abs":0.13224,"stop_loss_ratio":-0.05,"min_rate":0.13177,"max_rate":0.1398,"is_open":false,"enter_tag":"","leverage":1.0,"is_short":false,"open_timestamp":1764554400000,"close_timestamp":1764601200000,"orders":[{"amount":2271.0,"safe_price":0.1392,"ft_order_side":"buy","order_filled_timestamp":1764554400000,"ft_is_entry":true,"ft_order_tag":"","cost":316.4393232},{"amount":2271.0,"safe_price":0.13224,"ft_order_side":"sell","order_filled_timestamp":1764601200000,"ft_is_entry":false,"ft_order_tag":"stop_loss","cost":300.61735704}],"funding_fees":0.0,"weekday":0},{"pair":"DOGE/USDT","stake_amount":310.74615,"max_stake_amount":310.74615,"amount":2145.0,"open_date":"2025-12-05 11:00:00+00:00","close_date":"2025-12-05 16:00:00+00:00","open_rate":0.14487,"close_rate":0.13763,"fee_open":0.001,"fee_close":0.001,"trade_duration":300,"profit_ratio":-0.051873990577655925,"profit_abs":-16.1357625,"exit_reason":"stop_loss","initial_stop_loss_abs":0.13763,"initial_stop_loss_ratio":-0.05,"stop_loss_abs":0.13763,"stop_loss_ratio":-0.05,"min_rate":0.13756,"max_rate":0.145,"is_open":false,"enter_tag":"","leverage":1.0,"is_short":false,"open_timestamp":1764932400000,"close_timestamp":1764950400000,"orders":[{"amount":2145.0,"safe_price":0.14487,"ft_order_side":"buy","order_filled_timestamp":1764932400000,"ft_is_entry":true,"ft_order_tag":"","cost":311.05689614999994},{"amount":2145.0,"safe_price":0.13763,"ft_order_side":"sell","order_filled_timestamp":1764950400000,"ft_is_entry":false,"ft_order_tag":"stop_loss","cost":295.51156634999995}],"funding_fees":0.0,"weekday":4},{"pair":"DOGE/USDT","stake_amount":305.41392,"max_stake_amount":305.41392,"amount":2217.0,"open_date":"2025-12-05 19:00:00+00:00","close_date":"2025-12-05 21:00:00+00:00","open_rate":0.13776,"close_rate":0.13828,"fee_open":0.001,"fee_close":0.001,"trade_duration":120,"profit_ratio":0.0017691367865583895,"profit_abs":0.54085932,"exit_reason":"roi","initial_stop_loss_abs":0.13088,"initial_stop_loss_ratio":-0.05,"stop_loss_abs":0.13088,"stop_loss_ratio":-0.05,"min_rate":0.13722,"max_rate":0.13942,"is_open":false,"enter_tag":"","leverage":1.0,"is_short":false,"open_timestamp":1764961200000,"close_timestamp":1764968400000,"orders":[{"amount":2217.0,"safe_price":0.13776,"ft_order_side":"buy","order_filled_timestamp":1764961200000,"ft_is_entry":true,"ft_order_tag":"","cost":305.71933391999994},{"amount":2217.0,"safe_price":0.13828,"ft_order_side":"sell","order_filled_timestamp":1764968400000,"ft_is_entry":false,"ft_order_tag":"roi","cost":306.87332675999994}],"funding_fees":0.0,"weekday":4},{"pair":"DOGE/USDT","stake_amount":305.66625,"max_stake_amount":305.66625,"amount":2203.0,"open_date":"2025-12-07 10:00:00+00:00","close_date":"2025-12-07 12:00:00+00:00","open_rate":0.13875,"close_rate":0.13902777777777778,"fee_open":0.001,"fee_close":0.001,"trade_duration":120,"profit_ratio":0.0,"profit_abs":0.0,"exit_reason":"roi","initial_stop_loss_abs":0.13182,"initial_stop_loss_ratio":-0.05,"stop_loss_abs":0.13182,"stop_loss_ratio":-0.05,"min_rate":0.13864,"max_rate":0.1399,"is_open":false,"enter_tag":"","leverage":1.0,"is_short":false,"open_timestamp":1765101600000,"close_timestamp":1765108800000,"orders":[{"amount":2203.0,"safe_price":0.13875,"ft_order_side":"buy","order_filled_timestamp":1765101600000,"ft_is_entry":true,"ft_order_tag":"","cost":305.97191625},{"amount":2203.0,"safe_price":0.13902777777777778,"ft_order_side":"sell","order_filled_timestamp":1765108800000,"ft_is_entry":false,"ft_order_tag":"roi","cost":306.5844726388889}],"funding_fees":0.0,"weekday":6},{"pair":"DOGE/USDT","stake_amount":305.6644,"max_stake_amount":305.6644,"amount":2174.0,"open_date":"2025-12-09 03:00:00+00:00","close_date":"2025-12-09 07:00:00+00:00","open_rate":0.1406,"close_rate":0.14088148148148147,"fee_open":0.001,"fee_close":0.001,"trade_duration":240,"profit_ratio":0.0,"profit_abs":0.0,"exit_reason":"roi","initial_stop_loss_abs":0.13357,"initial_stop_loss_ratio":-0.05,"stop_loss_abs":0.13357,"stop_loss_ratio":-0.05,"min_rate":0.13942,"max_rate":0.14175,"is_open":false,"enter_tag":"","leverage":1.0,"is_short":false,"open_timestamp":1765249200000,"close_timestamp":1765263600000,"orders":[{"amount":2174.0,"safe_price":0.1406,"ft_order_side":"buy","order_filled_timestamp":1765249200000,"ft_is_entry":true,"ft_order_tag":"","cost":305.97006439999996},{"amount":2174.0,"safe_price":0.14088148148148147,"ft_order_side":"sell","order_filled_timestamp":1765263600000,"ft_is_entry":false,"ft_order_tag":"roi","cost":306.5826170814814}],"funding_fees":0.0,"weekday":1},{"pair":"DOGE/USDT","stake_amount":305.55824,"max_stake_amount":305.55824,"amount":2132.0,"open_date":"2025-12-11 00:00:00+00:00","close_date":"2025-12-12 15:00:00+00:00","open_rate":0.14332,"close_rate":0.13616,"fee_open":0.001,"fee_close":0.001,"trade_duration":2340,"profit_ratio":-0.051856321183700475,"profit_abs":-15.86097136,"exit_reason":"stop_loss","initial_stop_loss_abs":0.13616,"initial_stop_loss_ratio":-0.05,"stop_loss_abs":0.13616,"stop_loss_ratio":-0.05,"min_rate":0.13503,"max_rate":0.1436,"is_open":false,"enter_tag":"","leverage":1.0,"is_short":false,"open_timestamp":1765411200000,"close_timestamp":1765551600000,"orders":[{"amount":2132.0,"safe_price":0.14332,"ft_order_side":"buy","order_filled_timestamp":1765411200000,"ft_is_entry":true,"ft_order_tag":"","cost":305.86379824},{"amount":2132.0,"safe_price":0.13616,"ft_order_side":"sell","order_filled_timestamp":1765551600000,"ft_is_entry":false,"ft_order_tag":"stop_loss","cost":290.58341311999993}],"funding_fees":0.0,"weekday":4},{"pair":"DOGE/USDT","stake_amount":300.41766,"max_stake_amount":300.41766,"amount":2214.0,"open_date":"2025-12-12 18:00:00+00:00","close_date":"2025-12-12 20:00:00+00:00","open_rate":0.13569,"close_rate":0.13609,"fee_open":0.001,"fee_close":0.001,"trade_duration":120,"profit_ratio":0.0009440040392947756,"profit_abs":0.28387908,"exit_reason":"roi","initial_stop_loss_abs":0.12891,"initial_stop_loss_ratio":-0.05,"stop_loss_abs":0.12891,"stop_loss_ratio":-0.05,"min_rate":0.13547,"max_rate":0.13728,"is_open":false,"enter_tag":"","leverage":1.0,"is_short":false,"open_timestamp":1765562400000,"close_timestamp":1765569600000,"orders":[{"amount":2214.0,"safe_price":0.13569,"ft_order_side":"buy","order_filled_timestamp":1765562400000,"ft_is_entry":true,"ft_order_tag":"","cost":300.71807766},{"amount":2214.0,"safe_price":0.13609,"ft_order_side":"sell","order_filled_timestamp":1765569600000,"ft_is_entry":false,"ft_order_tag":"roi","cost":301.6045632599999}],"funding_fees":0.0,"weekday":4},{"pair":"DOGE/USDT","stake_amount":300.42222,"max_stake_amount":300.42222,"amount":2317.0,"open_date":"2025-12-15 17:00:00+00:00","close_date":"2025-12-16 00:00:00+00:00","open_rate":0.12966,"close_rate":0.12991957957957956,"fee_open":0.001,"fee_close":0.001,"trade_duration":420,"profit_ratio":0.0,"profit_abs":0.0,"exit_reason":"roi","initial_stop_loss_abs":0.12318,"initial_stop_loss_ratio":-0.05,"stop_loss_abs":0.12318,"stop_loss_ratio":-0.05,"min_rate":0.12661,"max_rate":0.13014,"is_open":false,"enter_tag":"","leverage":1.0,"is_short":false,"open_timestamp":1765818000000,"close_timestamp":1765843200000,"orders":[{"amount":2317.0,"safe_price":0.12966,"ft_order_side":"buy","order_filled_timestamp":1765818000000,"ft_is_entry":true,"ft_order_tag":"","cost":300.72264221999995},{"amount":2317.0,"safe_price":0.12991957957957956,"ft_order_side":"sell","order_filled_timestamp":1765843200000,"ft_is_entry":false,"ft_order_tag":"roi","cost":301.3246895517717}],"funding_fees":0.0,"weekday":1},{"pair":"DOGE/USDT","stake_amount":300.5324,"max_stake_amount":300.5324,"amount":2372.0,"open_date":"2025-12-17 18:00:00+00:00","close_date":"2025-12-17 20:00:00+00:00","open_rate":0.1267,"close_rate":0.12695365365365363,"fee_open":0.001,"fee_close":0.001,"trade_duration":120,"profit_ratio":0.0,"profit_abs":0.0,"exit_reason":"roi","initial_stop_loss_abs":0.12037,"initial_stop_loss_ratio":-0.05,"stop_loss_abs":0.12037,"stop_loss_ratio":-0.05,"min_rate":0.12481,"max_rate":0.12782,"is_open":false,"enter_tag":"","leverage":1.0,"is_short":false,"open_timestamp":1765994400000,"close_timestamp":1766001600000,"orders":[{"amount":2372.0,"safe_price":0.1267,"ft_order_side":"buy","order_filled_timestamp":1765994400000,"ft_is_entry":true,"ft_order_tag":"","cost":300.83293239999995},{"amount":2372.0,"safe_price":0.12695365365365363,"ft_order_side":"sell","order_filled_timestamp":1766001600000,"ft_is_entry":false,"ft_order_tag":"roi","cost":301.43520053293287}],"funding_fees":0.0,"weekday":2},{"pair":"DOGE/USDT","stake_amount":300.50064,"max_stake_amount":300.50064,"amount":2488.0,"open_date":"2025-12-18 21:00:00+00:00","close_date":"2025-12-18 23:00:00+00:00","open_rate":0.12078,"close_rate":0.12302,"fee_open":0.001,"fee_close":0.001,"trade_duration":120,"profit_ratio":0.016511059730135735,"profit_abs":4.9665456,"exit_reason":"roi","initial_stop_loss_abs":0.11475,"initial_stop_loss_ratio":-0.05,"stop_loss_abs":0.11475,"stop_loss_ratio":-0.05,"min_rate":0.12077,"max_rate":0.12373,"is_open":false,"enter_tag":"","leverage":1.0,"is_short":false,"open_timestamp":1766091600000,"close_timestamp":1766098800000,"orders":[{"amount":2488.0,"safe_price":0.12078,"ft_order_side":"buy","order_filled_timestamp":1766091600000,"ft_is_entry":true,"ft_order_tag":"","cost":300.8011406399999},{"amount":2488.0,"safe_price":0.12302,"ft_order_side":"sell","order_filled_timestamp":1766098800000,"ft_is_entry":false,"ft_order_tag":"roi","cost":306.37983375999994}],"funding_fees":0.0,"weekday":3},{"pair":"DOGE/USDT","stake_amount":302.04912,"max_stake_amount":302.04912,"amount":2298.0,"open_date":"2025-12-22 22:00:00+00:00","close_date":"2025-12-23 00:00:00+00:00","open_rate":0.13144,"close_rate":0.13258,"fee_open":0.001,"fee_close":0.001,"trade_duration":120,"profit_ratio":0.0066578278690268946,"profit_abs":2.01300204,"exit_reason":"roi","initial_stop_loss_abs":0.12487,"initial_stop_loss_ratio":-0.05,"stop_loss_abs":0.12487,"stop_loss_ratio":-0.05,"min_rate":0.13111,"max_rate":0.13342,"is_open":false,"enter_tag":"","leverage":1.0,"is_short":false,"open_timestamp":1766440800000,"close_timestamp":1766448000000,"orders":[{"amount":2298.0,"safe_price":0.13144,"ft_order_side":"buy","order_filled_timestamp":1766440800000,"ft_is_entry":true,"ft_order_tag":"","cost":302.35116912},{"amount":2298.0,"safe_price":0.13258,"ft_order_side":"sell","order_filled_timestamp":1766448000000,"ft_is_entry":false,"ft_order_tag":"roi","cost":304.97350883999997}],"funding_fees":0.0,"weekday":1},{"pair":"DOGE/USDT","stake_amount":302.80296,"max_stake_amount":302.80296,"amount":2328.0,"open_date":"2025-12-23 09:00:00+00:00","close_date":"2025-12-23 11:00:00+00:00","open_rate":0.13007,"close_rate":0.13085,"fee_open":0.001,"fee_close":0.001,"trade_duration":120,"profit_ratio":0.003986787411097399,"profit_abs":1.20841824,"exit_reason":"roi","initial_stop_loss_abs":0.12357,"initial_stop_loss_ratio":-0.05,"stop_loss_abs":0.12357,"stop_loss_ratio":-0.05,"min_rate":0.12997,"max_rate":0.1314,"is_open":false,"enter_tag":"","leverage":1.0,"is_short":false,"open_timestamp":1766480400000,"close_timestamp":1766487600000,"orders":[{"amount":2328.0,"safe_price":0.13007,"ft_order_side":"buy","order_filled_timestamp":1766480400000,"ft_is_entry":true,"ft_order_tag":"","cost":303.10576295999994},{"amount":2328.0,"safe_price":0.13085,"ft_order_side":"sell","order_filled_timestamp":1766487600000,"ft_is_entry":false,"ft_order_tag":"roi","cost":304.9234187999999}],"funding_fees":0.0,"weekday":1},{"pair":"DOGE/USDT","stake_amount":303.21292,"max_stake_amount":303.21292,"amount":2383.0,"open_date":"2025-12-24 07:00:00+00:00","close_date":"2025-12-24 09:00:00+00:00","open_rate":0.12724,"close_rate":0.1274947347347347,"fee_open":0.001,"fee_close":0.001,"trade_duration":120,"profit_ratio":0.0,"profit_abs":0.0,"exit_reason":"roi","initial_stop_loss_abs":0.12088,"initial_stop_loss_ratio":-0.05,"stop_loss_abs":0.12088,"stop_loss_ratio":-0.05,"min_rate":0.12651,"max_rate":0.1277,"is_open":false,"enter_tag":"","leverage":1.0,"is_short":false,"open_timestamp":1766559600000,"close_timestamp":1766566800000,"orders":[{"amount":2383.0,"safe_price":0.12724,"ft_order_side":"buy","order_filled_timestamp":1766559600000,"ft_is_entry":true,"ft_order_tag":"","cost":303.51613291999996},{"amount":2383.0,"safe_price":0.1274947347347347,"ft_order_side":"sell","order_filled_timestamp":1766566800000,"ft_is_entry":false,"ft_order_tag":"roi","cost":304.1237728257456}],"funding_fees":0.0,"weekday":2},{"pair":"DOGE/USDT","stake_amount":303.1327,"max_stake_amount":303.1327,"amount":2510.0,"open_date":"2025-12-26 17:00:00+00:00","close_date":"2025-12-26 19:00:00+00:00","open_rate":0.12077,"close_rate":0.12186,"fee_open":0.001,"fee_close":0.001,"trade_duration":120,"profit_ratio":0.007009385414618503,"profit_abs":2.1268987,"exit_reason":"roi","initial_stop_loss_abs":0.11474,"initial_stop_loss_ratio":-0.05,"stop_loss_abs":0.11474,"stop_loss_ratio":-0.05,"min_rate":0.12068,"max_rate":0.12247,"is_open":false,"enter_tag":"","leverage":1.0,"is_short":false,"open_timestamp":1766768400000,"close_timestamp":1766775600000,"orders":[{"amount":2510.0,"safe_price":0.12077,"ft_order_side":"buy","order_filled_timestamp":1766768400000,"ft_is_entry":true,"ft_order_tag":"","cost":303.4358327},{"amount":2510.0,"safe_price":0.12186,"ft_order_side":"sell","order_filled_timestamp":1766775600000,"ft_is_entry":false,"ft_order_tag":"roi","cost":306.17446859999995}],"funding_fees":0.0,"weekday":4},{"pair":"DOGE/USDT","stake_amount":303.83586,"max_stake_amount":303.83586,"amount":2466.0,"open_date":"2025-12-28 21:00:00+00:00","close_date":"2025-12-28 23:00:00+00:00","open_rate":0.12321,"close_rate":0.12396,"fee_open":0.001,"fee_close":0.001,"trade_duration":120,"profit_ratio":0.004077004077004076,"profit_abs":1.23997878,"exit_reason":"roi","initial_stop_loss_abs":0.11705,"initial_stop_loss_ratio":-0.05,"stop_loss_abs":0.11705,"stop_loss_ratio":-0.05,"min_rate":0.12277,"max_rate":0.12411,"is_open":false,"enter_tag":"","leverage":1.0,"is_short":false,"open_timestamp":1766955600000,"close_timestamp":1766962800000,"orders":[{"amount":2466.0,"safe_price":0.12321,"ft_order_side":"buy","order_filled_timestamp":1766955600000,"ft_is_entry":true,"ft_order_tag":"","cost":304.13969586},{"amount":2466.0,"safe_price":0.12396,"ft_order_side":"sell","order_filled_timestamp":1766962800000,"ft_is_entry":false,"ft_order_tag":"roi","cost":305.99104536}],"funding_fees":0.0,"weekday":6},{"pair":"DOGE/USDT","stake_amount":304.29,"max_stake_amount":304.29,"amount":2484.0,"open_date":"2025-12-29 21:00:00+00:00","close_date":"2025-12-29 23:00:00+00:00","open_rate":0.1225,"close_rate":0.12289,"fee_open":0.001,"fee_close":0.001,"trade_duration":120,"profit_ratio":0.0011793104854329343,"profit_abs":0.35921124,"exit_reason":"roi","initial_stop_loss_abs":0.11638,"initial_stop_loss_ratio":-0.05,"stop_loss_abs":0.11638,"stop_loss_ratio":-0.05,"min_rate":0.12238,"max_rate":0.1233,"is_open":false,"enter_tag":"","leverage":1.0,"is_short":false,"open_timestamp":1767042000000,"close_timestamp":1767049200000,"orders":[{"amount":2484.0,"safe_price":0.1225,"ft_order_side":"buy","order_filled_timestamp":1767042000000,"ft_is_entry":true,"ft_order_tag":"","cost":304.59429},{"amount":2484.0,"safe_price":0.12289,"ft_order_side":"sell","order_filled_timestamp":1767049200000,"ft_is_entry":false,"ft_order_tag":"roi","cost":305.56401875999995}],"funding_fees":0.0,"weekday":0},{"pair":"DOGE/USDT","stake_amount":304.39248,"max_stake_amount":304.39248,"amount":2482.0,"open_date":"2025-12-30 21:00:00+00:00","close_date":"2025-12-30 23:00:00+00:00","open_rate":0.12264,"close_rate":0.12326,"fee_open":0.001,"fee_close":0.001,"trade_duration":120,"profit_ratio":0.003047344045387098,"profit_abs":0.9285162,"exit_reason":"roi","initial_stop_loss_abs":0.11651,"initial_stop_loss_ratio":-0.05,"stop_loss_abs":0.11651,"stop_loss_ratio":-0.05,"min_rate":0.12256,"max_rate":0.12347,"is_open":false,"enter_tag":"","leverage":1.0,"is_short":false,"open_timestamp":1767128400000,"close_timestamp":1767135600000,"orders":[{"amount":2482.0,"safe_price":0.12264,"ft_order_side":"buy","order_filled_timestamp":1767128400000,"ft_is_entry":true,"ft_order_tag":"","cost":304.69687247999997},{"amount":2482.0,"safe_price":0.12326,"ft_order_side":"sell","order_filled_timestamp":1767135600000,"ft_is_entry":false,"ft_order_tag":"roi","cost":306.2372513199999}],"funding_fees":0.0,"weekday":1},{"pair":"DOGE/USDT","stake_amount":304.77538,"max_stake_amount":304.77538,"amount":2114.0,"open_date":"2026-01-06 18:00:00+00:00","close_date":"2026-01-06 20:00:00+00:00","open_rate":0.14417,"close_rate":0.14588,"fee_open":0.001,"fee_close":0.001,"trade_duration":120,"profit_ratio":0.009839297139012753,"profit_abs":3.0017743,"exit_reason":"roi","initial_stop_loss_abs":0.13697,"initial_stop_loss_ratio":-0.05,"stop_loss_abs":0.13697,"stop_loss_ratio":-0.05,"min_rate":0.14366,"max_rate":0.14743,"is_open":false,"enter_tag":"","leverage":1.0,"is_short":false,"open_timestamp":1767722400000,"close_timestamp":1767729600000,"orders":[{"amount":2114.0,"safe_price":0.14417,"ft_order_side":"buy","order_filled_timestamp":1767722400000,"ft_is_entry":true,"ft_order_tag":"","cost":305.08015537999995},{"amount":2114.0,"safe_price":0.14588,"ft_order_side":"sell","order_filled_timestamp":1767729600000,"ft_is_entry":false,"ft_order_tag":"roi","cost":308.69871032}],"funding_fees":0.0,"weekday":1}],"locks":[],"best_pair":{"key":"DOGE/USDT","trades":52,"profit_mean":-0.0043773514153002254,"profit_mean_pct":-0.44,"profit_total_abs":-73.42825280000001,"profit_total":-0.07342825280000001,"profit_total_pct":-7.34,"duration_avg":"4:44:00","wins":25,"draws":20,"losses":7,"winrate":0.4807692307692308,"cagr":-0.24946727210234287,"expectancy":-1.4120817846153848,"expectancy_ratio":-0.4699362346689778,"sortino":-32.3960095920135,"sharpe":-2.374699922311056,"calmar":-14.882487597422806,"sqn":-1.6558,"profit_factor":0.36618797103045014,"max_drawdown_account":0.09717674838346477,"max_drawdown_abs":97.99696783999998},"worst_pair":{"key":"DOGE/USDT","trades":52,"profit_mean":-0.0043773514153002254,"profit_mean_pct":-0.44,"profit_total_abs":-73.42825280000001,"profit_total":-0.07342825280000001,"profit_total_pct":-7.34,"duration_avg":"4:44:00","wins":25,"draws":20,"losses":7,"winrate":0.4807692307692308,"cagr":-0.24946727210234287,"expectancy":-1.4120817846153848,"expectancy_ratio":-0.4699362346689778,"sortino":-32.3960095920135,"sharpe":-2.374699922311056,"calmar":-14.882487597422806,"sqn":-1.6558,"profit_factor":0.36618797103045014,"max_drawdown_account":0.09717674838346477,"max_drawdown_abs":97.99696783999998},"results_per_pair":[{"key":"DOGE/USDT","trades":52,"profit_mean":-0.0043773514153002254,"profit_mean_pct":-0.44,"profit_total_abs":-73.42825280000001,"profit_total":-0.07342825280000001,"profit_total_pct":-7.34,"duration_avg":"4:44:00","wins":25,"draws":20,"losses":7,"winrate":0.4807692307692308,"cagr":-0.24946727210234287,"expectancy":-1.4120817846153848,"expectancy_ratio":-0.4699362346689778,"sortino":-32.3960095920135,"sharpe":-2.374699922311056,"calmar":-14.882487597422806,"sqn":-1.6558,"profit_factor":0.36618797103045014,"max_drawdown_account":0.09717674838346477,"max_drawdown_abs":97.99696783999998},{"key":"TOTAL","trades":52,"profit_mean":-0.0043773514153002254,"profit_mean_pct":-0.44,"profit_total_abs":-73.42825280000001,"profit_total":-0.07342825280000001,"profit_total_pct":-7.34,"duration_avg":"4:44:00","wins":25,"draws":20,"losses":7,"winrate":0.4807692307692308,"cagr":-0.24946727210234287,"expectancy":-1.4120817846153848,"expectancy_ratio":-0.4699362346689778,"sortino":-32.3960095920135,"sharpe":-2.374699922311056,"calmar":-14.882487597422806,"sqn":-1.6558,"profit_factor":0.36618797103045014,"max_drawdown_account":0.09717674838346477,"max_drawdown_abs":97.99696783999998}],"results_per_enter_tag":[{"key":"","trades":52,"profit_mean":-0.0043773514153002254,"profit_mean_pct":-0.44,"profit_total_abs":-73.42825280000001,"profit_total":-0.07342825280000001,"profit_total_pct":-7.34,"duration_avg":"4:44:00","wins":25,"draws":20,"losses":7,"winrate":0.4807692307692308,"cagr":-0.24946727210234287,"expectancy":-1.4120817846153848,"expectancy_ratio":-0.4699362346689778,"sortino":-32.3960095920135,"sharpe":-2.374699922311056,"calmar":-14.882487597422806,"sqn":-1.6558,"profit_factor":0.36618797103045014,"max_drawdown_account":0.09717674838346477,"max_drawdown_abs":97.99696783999998},{"key":"TOTAL","trades":52,"profit_mean":-0.0043773514153002254,"profit_mean_pct":-0.44,"profit_total_abs":-73.42825280000001,"profit_total":-0.07342825280000001,"profit_total_pct":-7.34,"duration_avg":"4:44:00","wins":25,"draws":20,"losses":7,"winrate":0.4807692307692308,"cagr":-0.24946727210234287,"expectancy":-1.4120817846153848,"expectancy_ratio":-0.4699362346689778,"sortino":-32.3960095920135,"sharpe":-2.374699922311056,"calmar":-14.882487597422806,"sqn":-1.6558,"profit_factor":0.36618797103045014,"max_drawdown_account":0.09717674838346477,"max_drawdown_abs":97.99696783999998}],"exit_reason_summary":[{"key":"roi","trades":45,"profit_mean":0.00301154515973055,"profit_mean_pct":0.3,"profit_total_abs":42.42352887,"profit_total":0.04242352887,"profit_total_pct":4.24,"duration_avg":"3:59:00","wins":25,"draws":20,"losses":0,"winrate":0.5555555555555556,"cagr":0.16922555456376975,"expectancy":0.9427450860000001,"expectancy_ratio":100.0,"sortino":-100,"sharpe":6.533226941872222,"calmar":-100,"sqn":4.8895,"profit_factor":0.0,"max_drawdown_account":0.0,"max_drawdown_abs":0.0},{"key":"stop_loss","trades":7,"profit_mean":-0.051877400826212346,"profit_mean_pct":-5.19,"profit_total_abs":-115.85178167000001,"profit_total":-0.11585178167000001,"profit_total_pct":-11.59,"duration_avg":"9:34:00","wins":0,"draws":0,"losses":7,"winrate":0.0,"cagr":-0.3708127323781726,"expectancy":-16.550254524285716,"expectancy_ratio":-1.0,"sortino":-51.11296111669395,"sharpe":-51.11296111669395,"calmar":-19.69584863354927,"sqn":-90.8101,"profit_factor":0.0,"max_drawdown_account":0.11585178167000004,"max_drawdown_abs":115.85178167000001},{"key":"TOTAL","trades":52,"profit_mean":-0.0043773514153002254,"profit_mean_pct":-0.44,"profit_total_abs":-73.42825280000001,"profit_total":-0.07342825280000001,"profit_total_pct":-7.34,"duration_avg":"4:44:00","wins":25,"draws":20,"losses":7,"winrate":0.4807692307692308,"cagr":-0.24946727210234287,"expectancy":-1.4120817846153848,"expectancy_ratio":-0.4699362346689778,"sortino":-32.3960095920135,"sharpe":-2.374699922311056,"calmar":-14.882487597422806,"sqn":-1.6558,"profit_factor":0.36618797103045014,"max_drawdown_account":0.09717674838346477,"max_drawdown_abs":97.99696783999998}],"mix_tag_stats":[{"key":["","roi"],"trades":45,"profit_mean":0.00301154515973055,"profit_mean_pct":0.3,"profit_total_abs":42.42352887,"profit_total":0.04242352887,"profit_total_pct":4.24,"duration_avg":"3:59:00","wins":25,"draws":20,"losses":0,"winrate":0.5555555555555556,"cagr":0.16922555456376975,"expectancy":0.9427450860000001,"expectancy_ratio":100.0,"sortino":-100,"sharpe":6.533226941872222,"calmar":-100,"sqn":4.8895,"profit_factor":0.0,"max_drawdown_account":0.0,"max_drawdown_abs":0.0},{"key":["","stop_loss"],"trades":7,"profit_mean":-0.051877400826212346,"profit_mean_pct":-5.19,"profit_total_abs":-115.85178167000001,"profit_total":-0.11585178167000001,"profit_total_pct":-11.59,"duration_avg":"9:34:00","wins":0,"draws":0,"losses":7,"winrate":0.0,"cagr":-0.3708127323781726,"expectancy":-16.550254524285716,"expectancy_ratio":-1.0,"sortino":-51.11296111669395,"sharpe":-51.11296111669395,"calmar":-19.69584863354927,"sqn":-90.8101,"profit_factor":0.0,"max_drawdown_account":0.11585178167000004,"max_drawdown_abs":115.85178167000001},{"key":"TOTAL","trades":52,"profit_mean":-0.0043773514153002254,"profit_mean_pct":-0.44,"profit_total_abs":-73.42825280000001,"profit_total":-0.07342825280000001,"profit_total_pct":-7.34,"duration_avg":"4:44:00","wins":25,"draws":20,"losses":7,"winrate":0.4807692307692308,"cagr":-0.24946727210234287,"expectancy":-1.4120817846153848,"expectancy_ratio":-0.4699362346689778,"sortino":-32.3960095920135,"sharpe":-2.374699922311056,"calmar":-14.882487597422806,"sqn":-1.6558,"profit_factor":0.36618797103045014,"max_drawdown_account":0.09717674838346477,"max_drawdown_abs":97.99696783999998}],"left_open_trades":[{"key":"TOTAL","trades":0,"profit_mean":0.0,"profit_mean_pct":0.0,"profit_total_abs":0.0,"profit_total":0.0,"profit_total_pct":0.0,"duration_avg":"0:00","wins":0,"draws":0,"losses":0,"winrate":0.0,"cagr":0.0,"expectancy":0.0,"expectancy_ratio":100.0,"sortino":0,"sharpe":0,"calmar":0,"sqn":0.0,"profit_factor":0.0,"max_drawdown_account":0.0,"max_drawdown_abs":0.0}],"total_trades":52,"trade_count_long":52,"trade_count_short":0,"total_volume":32574.474592519717,"avg_stake_amount":313.29633634615385,"profit_mean":-0.0043773514153002254,"profit_median":0.0,"profit_total":-0.07342825280000001,"profit_total_long":-0.07342825280000001,"profit_total_short":0.0,"profit_total_abs":-73.42825280000001,"profit_total_long_abs":-73.42825280000001,"profit_total_short_abs":0.0,"cagr":-0.24946727210234287,"expectancy":-1.4120817846153848,"expectancy_ratio":-0.4699362346689778,"sortino":-32.3960095920135,"sharpe":-2.374699922311056,"calmar":-14.882487597422806,"sqn":-1.6558,"profit_factor":0.36618797103045014,"backtest_start":"2025-10-01 00:00:00","backtest_start_ts":1759276800000,"backtest_end":"2026-01-06 20:00:00","backtest_end_ts":1767729600000,"backtest_days":97,"backtest_run_start_ts":1767746702,"backtest_run_end_ts":1767746702,"trades_per_day":0.54,"market_change":-0.36632086436227446,"pairlist":["DOGE/USDT"],"stake_amount":"unlimited","stake_currency":"USDT","stake_currency_decimals":3,"starting_balance":1000,"dry_run_wallet":1000,"final_balance":926.5717472,"rejected_signals":0,"timedout_entry_orders":0,"timedout_exit_orders":0,"canceled_trade_entries":0,"canceled_entry_orders":0,"replaced_entry_orders":0,"max_open_trades":1,"max_open_trades_setting":3,"timeframe":"1h","timeframe_detail":"","timerange":"20251001-","enable_protections":false,"strategy_name":"ACO_8_5","freqaimodel":null,"freqai_identifier":null,"stoploss":-0.05,"trailing_stop":false,"trailing_stop_positive":null,"trailing_stop_positive_offset":0.0,"trailing_only_offset_is_reached":false,"use_custom_stoploss":false,"minimal_roi":{"0":0.1,"60":0.05,"120":0.0},"use_exit_signal":true,"exit_profit_only":false,"exit_profit_offset":0.0,"ignore_roi_if_entry_signal":false,"trading_mode":"spot","margin_mode":"","periodic_breakdown":{"day":[{"date":"05/10/2025","date_ts":1759622400000,"profit_abs":0.0,"wins":0,"draws":1,"losses":0,"trades":1,"profit_factor":0.0},{"date":"06/10/2025","date_ts":1759708800000,"profit_abs":0.0,"wins":0,"draws":0,"losses":0,"trades":0,"profit_factor":0.0},{"date":"07/10/2025","date_ts":1759795200000,"profit_abs":1.7780019,"wins":1,"draws":0,"losses":0,"trades":1,"profit_factor":0.0},{"date":"08/10/2025","date_ts":1759881600000,"profit_abs":0.0,"wins":0,"draws":1,"losses":0,"trades":1,"profit_factor":0.0},{"date":"09/10/2025","date_ts":1759968000000,"profit_abs":6.66248896,"wins":2,"draws":0,"losses":0,"trades":2,"profit_factor":0.0},{"date":"10/10/2025","date_ts":1760054400000,"profit_abs":-34.25347853,"wins":0,"draws":0,"losses":2,"trades":2,"profit_factor":0.0},{"date":"11/10/2025","date_ts":1760140800000,"profit_abs":0.0,"wins":0,"draws":0,"losses":0,"trades":0,"profit_factor":0.0},{"date":"12/10/2025","date_ts":1760227200000,"profit_abs":0.0,"wins":0,"draws":0,"losses":0,"trades":0,"profit_factor":0.0},{"date":"13/10/2025","date_ts":1760313600000,"profit_abs":0.0,"wins":0,"draws":0,"losses":0,"trades":0,"profit_factor":0.0},{"date":"14/10/2025","date_ts":1760400000000,"profit_abs":-15.82387226,"wins":1,"draws":0,"losses":1,"trades":2,"profit_factor":0.05247351},{"date":"15/10/2025","date_ts":1760486400000,"profit_abs":0.0,"wins":0,"draws":0,"losses":0,"trades":0,"profit_factor":0.0},{"date":"16/10/2025","date_ts":1760572800000,"profit_abs":0.0,"wins":0,"draws":0,"losses":0,"trades":0,"profit_factor":0.0},{"date":"17/10/2025","date_ts":1760659200000,"profit_abs":0.0,"wins":0,"draws":1,"losses":0,"trades":1,"profit_factor":0.0},{"date":"18/10/2025","date_ts":1760745600000,"profit_abs":0.0,"wins":0,"draws":0,"losses":0,"trades":0,"profit_factor":0.0},{"date":"19/10/2025","date_ts":1760832000000,"profit_abs":0.0,"wins":0,"draws":0,"losses":0,"trades":0,"profit_factor":0.0},{"date":"20/10/2025","date_ts":1760918400000,"profit_abs":0.0,"wins":0,"draws":0,"losses":0,"trades":0,"profit_factor":0.0},{"date":"21/10/2025","date_ts":1761004800000,"profit_abs":0.5119044,"wins":1,"draws":0,"losses":0,"trades":1,"profit_factor":0.0},{"date":"22/10/2025","date_ts":1761091200000,"profit_abs":0.62440042,"wins":1,"draws":0,"losses":0,"trades":1,"profit_factor":0.0},{"date":"23/10/2025","date_ts":1761177600000,"profit_abs":0.0,"wins":0,"draws":0,"losses":0,"trades":0,"profit_factor":0.0},{"date":"24/10/2025","date_ts":1761264000000,"profit_abs":1.29762472,"wins":1,"draws":0,"losses":0,"trades":1,"profit_factor":0.0},{"date":"25/10/2025","date_ts":1761350400000,"profit_abs":0.0,"wins":0,"draws":0,"losses":0,"trades":0,"profit_factor":0.0},{"date":"26/10/2025","date_ts":1761436800000,"profit_abs":0.84352125,"wins":1,"draws":0,"losses":0,"trades":1,"profit_factor":0.0},{"date":"27/10/2025","date_ts":1761523200000,"profit_abs":0.0,"wins":0,"draws":1,"losses":0,"trades":1,"profit_factor":0.0},{"date":"28/10/2025","date_ts":1761609600000,"profit_abs":0.0,"wins":0,"draws":1,"losses":0,"trades":1,"profit_factor":0.0},{"date":"29/10/2025","date_ts":1761696000000,"profit_abs":0.7466256,"wins":1,"draws":0,"losses":0,"trades":1,"profit_factor":0.0},{"date":"30/10/2025","date_ts":1761782400000,"profit_abs":-16.47877917,"wins":0,"draws":0,"losses":1,"trades":1,"profit_factor":0.0},{"date":"31/10/2025","date_ts":1761868800000,"profit_abs":0.0,"wins":0,"draws":0,"losses":0,"trades":0,"profit_factor":0.0},{"date":"01/11/2025","date_ts":1761955200000,"profit_abs":0.0,"wins":0,"draws":0,"losses":0,"trades":0,"profit_factor":0.0},{"date":"02/11/2025","date_ts":1762041600000,"profit_abs":0.0,"wins":0,"draws":0,"losses":0,"trades":0,"profit_factor":0.0},{"date":"03/11/2025","date_ts":1762128000000,"profit_abs":0.0,"wins":0,"draws":1,"losses":0,"trades":1,"profit_factor":0.0},{"date":"04/11/2025","date_ts":1762214400000,"profit_abs":0.0,"wins":0,"draws":0,"losses":0,"trades":0,"profit_factor":0.0},{"date":"05/11/2025","date_ts":1762300800000,"profit_abs":0.0,"wins":0,"draws":0,"losses":0,"trades":0,"profit_factor":0.0},{"date":"06/11/2025","date_ts":1762387200000,"profit_abs":0.0,"wins":0,"draws":1,"losses":0,"trades":1,"profit_factor":0.0},{"date":"07/11/2025","date_ts":1762473600000,"profit_abs":0.0,"wins":0,"draws":0,"losses":0,"trades":0,"profit_factor":0.0},{"date":"08/11/2025","date_ts":1762560000000,"profit_abs":0.80952456,"wins":1,"draws":0,"losses":0,"trades":1,"profit_factor":0.0},{"date":"09/11/2025","date_ts":1762646400000,"profit_abs":0.0,"wins":0,"draws":0,"losses":0,"trades":0,"profit_factor":0.0},{"date":"10/11/2025","date_ts":1762732800000,"profit_abs":0.0,"wins":0,"draws":0,"losses":0,"trades":0,"profit_factor":0.0},{"date":"11/11/2025","date_ts":1762819200000,"profit_abs":0.0,"wins":0,"draws":1,"losses":0,"trades":1,"profit_factor":0.0},{"date":"12/11/2025","date_ts":1762905600000,"profit_abs":0.0,"wins":0,"draws":2,"losses":0,"trades":2,"profit_factor":0.0},{"date":"13/11/2025","date_ts":1762992000000,"profit_abs":0.0,"wins":0,"draws":0,"losses":0,"trades":0,"profit_factor":0.0},{"date":"14/11/2025","date_ts":1763078400000,"profit_abs":0.0,"wins":0,"draws":1,"losses":0,"trades":1,"profit_factor":0.0},{"date":"15/11/2025","date_ts":1763164800000,"profit_abs":0.0,"wins":0,"draws":0,"losses":0,"trades":0,"profit_factor":0.0},{"date":"16/11/2025","date_ts":1763251200000,"profit_abs":0.0,"wins":0,"draws":0,"losses":0,"trades":0,"profit_factor":0.0},{"date":"17/11/2025","date_ts":1763337600000,"profit_abs":0.0,"wins":0,"draws":2,"losses":0,"trades":2,"profit_factor":0.0},{"date":"18/11/2025","date_ts":1763424000000,"profit_abs":0.0,"wins":0,"draws":0,"losses":0,"trades":0,"profit_factor":0.0},{"date":"19/11/2025","date_ts":1763510400000,"profit_abs":4.24062176,"wins":1,"draws":1,"losses":0,"trades":2,"profit_factor":0.0},{"date":"20/11/2025","date_ts":1763596800000,"profit_abs":3.5855568,"wins":1,"draws":0,"losses":0,"trades":1,"profit_factor":0.0},{"date":"21/11/2025","date_ts":1763683200000,"profit_abs":0.0,"wins":0,"draws":0,"losses":0,"trades":0,"profit_factor":0.0},{"date":"22/11/2025","date_ts":1763769600000,"profit_abs":0.0,"wins":0,"draws":0,"losses":0,"trades":0,"profit_factor":0.0},{"date":"23/11/2025","date_ts":1763856000000,"profit_abs":0.0,"wins":0,"draws":0,"losses":0,"trades":0,"profit_factor":0.0},{"date":"24/11/2025","date_ts":1763942400000,"profit_abs":0.0,"wins":0,"draws":0,"losses":0,"trades":0,"profit_factor":0.0},{"date":"25/11/2025","date_ts":1764028800000,"profit_abs":0.76992718,"wins":1,"draws":0,"losses":0,"trades":1,"profit_factor":0.0},{"date":"26/11/2025","date_ts":1764115200000,"profit_abs":1.19738511,"wins":1,"draws":0,"losses":0,"trades":1,"profit_factor":0.0},{"date":"27/11/2025","date_ts":1764201600000,"profit_abs":0.0,"wins":0,"draws":0,"losses":0,"trades":0,"profit_factor":0.0},{"date":"28/11/2025","date_ts":1764288000000,"profit_abs":1.8105451,"wins":1,"draws":1,"losses":0,"trades":2,"profit_factor":0.0},{"date":"29/11/2025","date_ts":1764374400000,"profit_abs":0.0,"wins":0,"draws":0,"losses":0,"trades":0,"profit_factor":0.0},{"date":"30/11/2025","date_ts":1764460800000,"profit_abs":0.0,"wins":0,"draws":0,"losses":0,"trades":0,"profit_factor":0.0},{"date":"01/12/2025","date_ts":1764547200000,"profit_abs":-16.42260024,"wins":0,"draws":0,"losses":1,"trades":1,"profit_factor":0.0},{"date":"02/12/2025","date_ts":1764633600000,"profit_abs":0.0,"wins":0,"draws":0,"losses":0,"trades":0,"profit_factor":0.0},{"date":"03/12/2025","date_ts":1764720000000,"profit_abs":0.0,"wins":0,"draws":0,"losses":0,"trades":0,"profit_factor":0.0},{"date":"04/12/2025","date_ts":1764806400000,"profit_abs":0.0,"wins":0,"draws":0,"losses":0,"trades":0,"profit_factor":0.0},{"date":"05/12/2025","date_ts":1764892800000,"profit_abs":-15.59490318,"wins":1,"draws":0,"losses":1,"trades":2,"profit_factor":0.03351929},{"date":"06/12/2025","date_ts":1764979200000,"profit_abs":0.0,"wins":0,"draws":0,"losses":0,"trades":0,"profit_factor":0.0},{"date":"07/12/2025","date_ts":1765065600000,"profit_abs":0.0,"wins":0,"draws":1,"losses":0,"trades":1,"profit_factor":0.0},{"date":"08/12/2025","date_ts":1765152000000,"profit_abs":0.0,"wins":0,"draws":0,"losses":0,"trades":0,"profit_factor":0.0},{"date":"09/12/2025","date_ts":1765238400000,"profit_abs":0.0,"wins":0,"draws":1,"losses":0,"trades":1,"profit_factor":0.0},{"date":"10/12/2025","date_ts":1765324800000,"profit_abs":0.0,"wins":0,"draws":0,"losses":0,"trades":0,"profit_factor":0.0},{"date":"11/12/2025","date_ts":1765411200000,"profit_abs":0.0,"wins":0,"draws":0,"losses":0,"trades":0,"profit_factor":0.0},{"date":"12/12/2025","date_ts":1765497600000,"profit_abs":-15.57709228,"wins":1,"draws":0,"losses":1,"trades":2,"profit_factor":0.01789796},{"date":"13/12/2025","date_ts":1765584000000,"profit_abs":0.0,"wins":0,"draws":0,"losses":0,"trades":0,"profit_factor":0.0},{"date":"14/12/2025","date_ts":1765670400000,"profit_abs":0.0,"wins":0,"draws":0,"losses":0,"trades":0,"profit_factor":0.0},{"date":"15/12/2025","date_ts":1765756800000,"profit_abs":0.0,"wins":0,"draws":0,"losses":0,"trades":0,"profit_factor":0.0},{"date":"16/12/2025","date_ts":1765843200000,"profit_abs":0.0,"wins":0,"draws":1,"losses":0,"trades":1,"profit_factor":0.0},{"date":"17/12/2025","date_ts":1765929600000,"profit_abs":0.0,"wins":0,"draws":1,"losses":0,"trades":1,"profit_factor":0.0},{"date":"18/12/2025","date_ts":1766016000000,"profit_abs":4.9665456,"wins":1,"draws":0,"losses":0,"trades":1,"profit_factor":0.0},{"date":"19/12/2025","date_ts":1766102400000,"profit_abs":0.0,"wins":0,"draws":0,"losses":0,"trades":0,"profit_factor":0.0},{"date":"20/12/2025","date_ts":1766188800000,"profit_abs":0.0,"wins":0,"draws":0,"losses":0,"trades":0,"profit_factor":0.0},{"date":"21/12/2025","date_ts":1766275200000,"profit_abs":0.0,"wins":0,"draws":0,"losses":0,"trades":0,"profit_factor":0.0},{"date":"22/12/2025","date_ts":1766361600000,"profit_abs":0.0,"wins":0,"draws":0,"losses":0,"trades":0,"profit_factor":0.0},{"date":"23/12/2025","date_ts":1766448000000,"profit_abs":3.22142028,"wins":2,"draws":0,"losses":0,"trades":2,"profit_factor":0.0},{"date":"24/12/2025","date_ts":1766534400000,"profit_abs":0.0,"wins":0,"draws":1,"losses":0,"trades":1,"profit_factor":0.0},{"date":"25/12/2025","date_ts":1766620800000,"profit_abs":0.0,"wins":0,"draws":0,"losses":0,"trades":0,"profit_factor":0.0},{"date":"26/12/2025","date_ts":1766707200000,"profit_abs":2.1268987,"wins":1,"draws":0,"losses":0,"trades":1,"profit_factor":0.0},{"date":"27/12/2025","date_ts":1766793600000,"profit_abs":0.0,"wins":0,"draws":0,"losses":0,"trades":0,"profit_factor":0.0},{"date":"28/12/2025","date_ts":1766880000000,"profit_abs":1.23997878,"wins":1,"draws":0,"losses":0,"trades":1,"profit_factor":0.0},{"date":"29/12/2025","date_ts":1766966400000,"profit_abs":0.35921124,"wins":1,"draws":0,"losses":0,"trades":1,"profit_factor":0.0},{"date":"30/12/2025","date_ts":1767052800000,"profit_abs":0.9285162,"wins":1,"draws":0,"losses":0,"trades":1,"profit_factor":0.0},{"date":"31/12/2025","date_ts":1767139200000,"profit_abs":0.0,"wins":0,"draws":0,"losses":0,"trades":0,"profit_factor":0.0},{"date":"01/01/2026","date_ts":1767225600000,"profit_abs":0.0,"wins":0,"draws":0,"losses":0,"trades":0,"profit_factor":0.0},{"date":"02/01/2026","date_ts":1767312000000,"profit_abs":0.0,"wins":0,"draws":0,"losses":0,"trades":0,"profit_factor":0.0},{"date":"03/01/2026","date_ts":1767398400000,"profit_abs":0.0,"wins":0,"draws":0,"losses":0,"trades":0,"profit_factor":0.0},{"date":"04/01/2026","date_ts":1767484800000,"profit_abs":0.0,"wins":0,"draws":0,"losses":0,"trades":0,"profit_factor":0.0},{"date":"05/01/2026","date_ts":1767571200000,"profit_abs":0.0,"wins":0,"draws":0,"losses":0,"trades":0,"profit_factor":0.0},{"date":"06/01/2026","date_ts":1767657600000,"profit_abs":3.0017743,"wins":1,"draws":0,"losses":0,"trades":1,"profit_factor":0.0}],"week":[{"date":"06/10/2025","date_ts":1759708800000,"profit_abs":0.0,"wins":0,"draws":1,"losses":0,"trades":1,"profit_factor":0.0},{"date":"13/10/2025","date_ts":1760313600000,"profit_abs":-25.81298767,"wins":3,"draws":1,"losses":2,"trades":6,"profit_factor":0.24641266},{"date":"20/10/2025","date_ts":1760918400000,"profit_abs":-15.82387226,"wins":1,"draws":1,"losses":1,"trades":3,"profit_factor":0.05247351},{"date":"27/10/2025","date_ts":1761523200000,"profit_abs":3.27745079,"wins":4,"draws":1,"losses":0,"trades":5,"profit_factor":0.0},{"date":"03/11/2025","date_ts":1762128000000,"profit_abs":-15.73215357,"wins":1,"draws":2,"losses":1,"trades":4,"profit_factor":0.04530831},{"date":"10/11/2025","date_ts":1762732800000,"profit_abs":0.80952456,"wins":1,"draws":1,"losses":0,"trades":2,"profit_factor":0.0},{"date":"17/11/2025","date_ts":1763337600000,"profit_abs":0.0,"wins":0,"draws":6,"losses":0,"trades":6,"profit_factor":0.0},{"date":"24/11/2025","date_ts":1763942400000,"profit_abs":7.82617856,"wins":2,"draws":1,"losses":0,"trades":3,"profit_factor":0.0},{"date":"01/12/2025","date_ts":1764547200000,"profit_abs":-12.64474285,"wins":3,"draws":1,"losses":1,"trades":5,"profit_factor":0.23004015},{"date":"08/12/2025","date_ts":1765152000000,"profit_abs":-15.59490318,"wins":1,"draws":1,"losses":1,"trades":3,"profit_factor":0.03351929},{"date":"15/12/2025","date_ts":1765756800000,"profit_abs":-15.57709228,"wins":1,"draws":1,"losses":1,"trades":3,"profit_factor":0.01789796},{"date":"22/12/2025","date_ts":1766361600000,"profit_abs":4.9665456,"wins":1,"draws":2,"losses":0,"trades":3,"profit_factor":0.0},{"date":"29/12/2025","date_ts":1766966400000,"profit_abs":6.947509,"wins":5,"draws":1,"losses":0,"trades":6,"profit_factor":0.0},{"date":"05/01/2026","date_ts":1767571200000,"profit_abs":0.9285162,"wins":1,"draws":0,"losses":0,"trades":1,"profit_factor":0.0},{"date":"12/01/2026","date_ts":1768176000000,"profit_abs":3.0017743,"wins":1,"draws":0,"losses":0,"trades":1,"profit_factor":0.0}],"month":[{"date":"31/10/2025","date_ts":1761868800000,"profit_abs":-54.09156271,"wins":9,"draws":5,"losses":4,"trades":18,"profit_factor":0.19784073},{"date":"30/11/2025","date_ts":1764460800000,"profit_abs":12.41356051,"wins":6,"draws":10,"losses":0,"trades":16,"profit_factor":0.0},{"date":"31/12/2025","date_ts":1767139200000,"profit_abs":-34.7520249,"wins":9,"draws":5,"losses":3,"trades":17,"profit_factor":0.28226966},{"date":"31/01/2026","date_ts":1769817600000,"profit_abs":3.0017743,"wins":1,"draws":0,"losses":0,"trades":1,"profit_factor":0.0}],"year":[{"date":"31/12/2025","date_ts":1767139200000,"profit_abs":-76.4300271,"wins":24,"draws":20,"losses":7,"trades":51,"profit_factor":0.3402775},{"date":"31/12/2026","date_ts":1798675200000,"profit_abs":3.0017743,"wins":1,"draws":0,"losses":0,"trades":1,"profit_factor":0.0}],"weekday":[{"date":"Monday","date_ts":0,"profit_abs":-16.063389,"wins":1,"draws":4,"losses":1,"trades":6,"profit_factor":0.02187298},{"date":"Tuesday","date_ts":1,"profit_abs":-5.612328,"wins":8,"draws":4,"losses":1,"trades":13,"profit_factor":0.66393628},{"date":"Wednesday","date_ts":2,"profit_abs":6.80903289,"wins":4,"draws":6,"losses":0,"trades":10,"profit_factor":0.0},{"date":"Thursday","date_ts":3,"profit_abs":-1.26418781,"wins":4,"draws":1,"losses":1,"trades":6,"profit_factor":0.92328389},{"date":"Friday","date_ts":4,"profit_abs":-60.19040547,"wins":5,"draws":3,"losses":4,"trades":12,"profit_factor":0.09146849},{"date":"Saturday","date_ts":5,"profit_abs":0.80952456,"wins":1,"draws":0,"losses":0,"trades":1,"profit_factor":0.0},{"date":"Sunday","date_ts":6,"profit_abs":2.08350003,"wins":2,"draws":2,"losses":0,"trades":4,"profit_factor":0.0}]},"backtest_best_day":0.020110810068260723,"backtest_worst_day":-0.10375966553565591,"backtest_best_day_abs":6.66248896,"backtest_worst_day_abs":-34.25347853,"winning_days":20,"draw_days":68,"losing_days":6,"daily_profit":[["2025-10-05",0.0],["2025-10-06",0.0],["2025-10-07",1.7780019],["2025-10-08",0.0],["2025-10-09",6.66248896],["2025-10-10",-34.25347853],["2025-10-11",0.0],["2025-10-12",0.0],["2025-10-13",0.0],["2025-10-14",-15.82387226],["2025-10-15",0.0],["2025-10-16",0.0],["2025-10-17",0.0],["2025-10-18",0.0],["2025-10-19",0.0],["2025-10-20",0.0],["2025-10-21",0.5119044],["2025-10-22",0.62440042],["2025-10-23",0.0],["2025-10-24",1.29762472],["2025-10-25",0.0],["2025-10-26",0.84352125],["2025-10-27",0.0],["2025-10-28",0.0],["2025-10-29",0.7466256],["2025-10-30",-16.47877917],["2025-10-31",0.0],["2025-11-01",0.0],["2025-11-02",0.0],["2025-11-03",0.0],["2025-11-04",0.0],["2025-11-05",0.0],["2025-11-06",0.0],["2025-11-07",0.0],["2025-11-08",0.80952456],["2025-11-09",0.0],["2025-11-10",0.0],["2025-11-11",0.0],["2025-11-12",0.0],["2025-11-13",0.0],["2025-11-14",0.0],["2025-11-15",0.0],["2025-11-16",0.0],["2025-11-17",0.0],["2025-11-18",0.0],["2025-11-19",4.24062176],["2025-11-20",3.5855568],["2025-11-21",0.0],["2025-11-22",0.0],["2025-11-23",0.0],["2025-11-24",0.0],["2025-11-25",0.76992718],["2025-11-26",1.19738511],["2025-11-27",0.0],["2025-11-28",1.8105451],["2025-11-29",0.0],["2025-11-30",0.0],["2025-12-01",-16.42260024],["2025-12-02",0.0],["2025-12-03",0.0],["2025-12-04",0.0],["2025-12-05",-15.59490318],["2025-12-06",0.0],["2025-12-07",0.0],["2025-12-08",0.0],["2025-12-09",0.0],["2025-12-10",0.0],["2025-12-11",0.0],["2025-12-12",-15.57709228],["2025-12-13",0.0],["2025-12-14",0.0],["2025-12-15",0.0],["2025-12-16",0.0],["2025-12-17",0.0],["2025-12-18",4.9665456],["2025-12-19",0.0],["2025-12-20",0.0],["2025-12-21",0.0],["2025-12-22",0.0],["2025-12-23",3.22142028],["2025-12-24",0.0],["2025-12-25",0.0],["2025-12-26",2.1268987],["2025-12-27",0.0],["2025-12-28",1.23997878],["2025-12-29",0.35921124],["2025-12-30",0.9285162],["2025-12-31",0.0],["2026-01-01",0.0],["2026-01-02",0.0],["2026-01-03",0.0],["2026-01-04",0.0],["2026-01-05",0.0],["2026-01-06",3.0017743]],"wins":25,"losses":7,"draws":20,"winrate":0.4807692307692308,"holding_avg":"4:44:00","holding_avg_s":17040.0,"winner_holding_min":"0d 02:00","winner_holding_min_s":7200.0,"winner_holding_max":"0d 02:00","winner_holding_max_s":7200.0,"winner_holding_avg":"0d 02:00","winner_holding_avg_s":7200.0,"loser_holding_min":"0d 00:00","loser_holding_min_s":0.0,"loser_holding_max":"1d 15:00","loser_holding_max_s":140400.0,"loser_holding_avg":"0d 09:34","loser_holding_avg_s":34440.0,"max_consecutive_wins":5,"max_consecutive_losses":6,"max_drawdown_account":0.09717674838346477,"max_relative_drawdown":0.09717674838346477,"max_drawdown_abs":97.99696783999998,"drawdown_start":"2025-10-09 11:00:00","drawdown_start_ts":1760007600000.0,"drawdown_end":"2025-12-12 15:00:00","drawdown_end_ts":1765551600000.0,"drawdown_duration":"64 days 04:00:00","drawdown_duration_s":5544000.0,"max_drawdown_low":-89.55647697999999,"max_drawdown_high":8.44049086,"csum_min":910.44352302,"csum_max":1008.44049086}},"strategy_comparison":[{"key":"ACO_8_5","trades":52,"profit_mean":-0.0043773514153002254,"profit_mean_pct":-0.44,"profit_total_abs":-73.42825280000001,"profit_total":-0.07342825280000001,"profit_total_pct":-7.34,"duration_avg":"4:44:00","wins":25,"draws":20,"losses":7,"winrate":0.4807692307692308,"cagr":-0.24946727210234287,"expectancy":-1.4120817846153848,"expectancy_ratio":-0.4699362346689778,"sortino":-32.3960095920135,"sharpe":-2.374699922311056,"calmar":-14.882487597422806,"sqn":-1.6558,"profit_factor":0.36618797103045014,"max_drawdown_account":0.09717674838346477,"max_drawdown_abs":"97.997"}]}