{"strategy":{"ACO_3_15":{"trades":[{"pair":"DOGE/USDT","stake_amount":329.95688,"max_stake_amount":329.95688,"amount":1562.0,"open_date":"2025-10-13 14:00:00+00:00","close_date":"2025-10-13 16:00:00+00:00","open_rate":0.21124,"close_rate":0.21166290290290288,"fee_open":0.001,"fee_close":0.001,"trade_duration":120,"profit_ratio":0.0,"profit_abs":0.0,"exit_reason":"roi","initial_stop_loss_abs":0.20068,"initial_stop_loss_ratio":-0.05,"stop_loss_abs":0.20068,"stop_loss_ratio":-0.05,"min_rate":0.20517,"max_rate":0.21192,"is_open":false,"enter_tag":"","leverage":1.0,"is_short":false,"open_timestamp":1760364000000,"close_timestamp":1760371200000,"orders":[{"amount":1562.0,"safe_price":0.21124,"ft_order_side":"buy","order_filled_timestamp":1760364000000,"ft_is_entry":true,"ft_order_tag":"","cost":330.28683687999995},{"amount":1562.0,"safe_price":0.21166290290290288,"ft_order_side":"sell","order_filled_timestamp":1760371200000,"ft_is_entry":false,"ft_order_tag":"roi","cost":330.9480717886686}],"funding_fees":0.0,"weekday":0},{"pair":"DOGE/USDT","stake_amount":329.84,"max_stake_amount":329.84,"amount":1736.0,"open_date":"2025-10-18 18:00:00+00:00","close_date":"2025-10-19 03:00:00+00:00","open_rate":0.19,"close_rate":0.19038038038038035,"fee_open":0.001,"fee_close":0.001,"trade_duration":540,"profit_ratio":0.0,"profit_abs":0.0,"exit_reason":"roi","initial_stop_loss_abs":0.1805,"initial_stop_loss_ratio":-0.05,"stop_loss_abs":0.1805,"stop_loss_ratio":-0.05,"min_rate":0.18777,"max_rate":0.19078,"is_open":false,"enter_tag":"","leverage":1.0,"is_short":false,"open_timestamp":1760810400000,"close_timestamp":1760842800000,"orders":[{"amount":1736.0,"safe_price":0.19,"ft_order_side":"buy","order_filled_timestamp":1760810400000,"ft_is_entry":true,"ft_order_tag":"","cost":330.16984},{"amount":1736.0,"safe_price":0.19038038038038035,"ft_order_side":"sell","order_filled_timestamp":1760842800000,"ft_is_entry":false,"ft_order_tag":"roi","cost":330.8308406806806}],"funding_fees":0.0,"weekday":6},{"pair":"DOGE/USDT","stake_amount":329.8752,"max_stake_amount":329.8752,"amount":1656.0,"open_date":"2025-10-20 04:00:00+00:00","close_date":"2025-10-20 06:00:00+00:00","open_rate":0.1992,"close_rate":0.20135,"fee_open":0.001,"fee_close":0.001,"trade_duration":120,"profit_ratio":0.008773605912160129,"profit_abs":2.8970892,"exit_reason":"roi","initial_stop_loss_abs":0.18924,"initial_stop_loss_ratio":-0.05,"stop_loss_abs":0.18924,"stop_loss_ratio":-0.05,"min_rate":0.1992,"max_rate":0.20249,"is_open":false,"enter_tag":"","leverage":1.0,"is_short":false,"open_timestamp":1760932800000,"close_timestamp":1760940000000,"orders":[{"amount":1656.0,"safe_price":0.1992,"ft_order_side":"buy","order_filled_timestamp":1760932800000,"ft_is_entry":true,"ft_order_tag":"","cost":330.20507519999995},{"amount":1656.0,"safe_price":0.20135,"ft_order_side":"sell","order_filled_timestamp":1760940000000,"ft_is_entry":false,"ft_order_tag":"roi","cost":333.7690356}],"funding_fees":0.0,"weekday":0},{"pair":"DOGE/USDT","stake_amount":330.83262,"max_stake_amount":330.83262,"amount":1674.0,"open_date":"2025-10-24 05:00:00+00:00","close_date":"2025-10-24 07:00:00+00:00","open_rate":0.19763,"close_rate":0.19837,"fee_open":0.001,"fee_close":0.001,"trade_duration":120,"profit_ratio":0.0017388875355783217,"profit_abs":0.575856,"exit_reason":"roi","initial_stop_loss_abs":0.18775,"initial_stop_loss_ratio":-0.05,"stop_loss_abs":0.18775,"stop_loss_ratio":-0.05,"min_rate":0.19608,"max_rate":0.19849,"is_open":false,"enter_tag":"","leverage":1.0,"is_short":false,"open_timestamp":1761282000000,"close_timestamp":1761289200000,"orders":[{"amount":1674.0,"safe_price":0.19763,"ft_order_side":"buy","order_filled_timestamp":1761282000000,"ft_is_entry":true,"ft_order_tag":"","cost":331.16345262},{"amount":1674.0,"safe_price":0.19837,"ft_order_side":"sell","order_filled_timestamp":1761289200000,"ft_is_entry":false,"ft_order_tag":"roi","cost":332.4034513799999}],"funding_fees":0.0,"weekday":4},{"pair":"DOGE/USDT","stake_amount":330.96221,"max_stake_amount":330.96221,"amount":1769.0,"open_date":"2025-11-01 08:00:00+00:00","close_date":"2025-11-01 10:00:00+00:00","open_rate":0.18709,"close_rate":0.18746455455455455,"fee_open":0.001,"fee_close":0.001,"trade_duration":120,"profit_ratio":0.0,"profit_abs":0.0,"exit_reason":"roi","initial_stop_loss_abs":0.17774,"initial_stop_loss_ratio":-0.05,"stop_loss_abs":0.17774,"stop_loss_ratio":-0.05,"min_rate":0.1867,"max_rate":0.188,"is_open":false,"enter_tag":"","leverage":1.0,"is_short":false,"open_timestamp":1761984000000,"close_timestamp":1761991200000,"orders":[{"amount":1769.0,"safe_price":0.18709,"ft_order_side":"buy","order_filled_timestamp":1761984000000,"ft_is_entry":true,"ft_order_tag":"","cost":331.29317220999997},{"amount":1769.0,"safe_price":0.18746455455455455,"ft_order_side":"sell","order_filled_timestamp":1761991200000,"ft_is_entry":false,"ft_order_tag":"roi","cost":331.9564218040139}],"funding_fees":0.0,"weekday":5},{"pair":"DOGE/USDT","stake_amount":331.03872,"max_stake_amount":331.03872,"amount":1796.0,"open_date":"2025-11-10 10:00:00+00:00","close_date":"2025-11-11 01:00:00+00:00","open_rate":0.18432,"close_rate":0.184689009009009,"fee_open":0.001,"fee_close":0.001,"trade_duration":900,"profit_ratio":0.0,"profit_abs":0.0,"exit_reason":"roi","initial_stop_loss_abs":0.17511,"initial_stop_loss_ratio":-0.05,"stop_loss_abs":0.17511,"stop_loss_ratio":-0.05,"min_rate":0.17722,"max_rate":0.1864,"is_open":false,"enter_tag":"","leverage":1.0,"is_short":false,"open_timestamp":1762768800000,"close_timestamp":1762822800000,"orders":[{"amount":1796.0,"safe_price":0.18432,"ft_order_side":"buy","order_filled_timestamp":1762768800000,"ft_is_entry":true,"ft_order_tag":"","cost":331.36975872},{"amount":1796.0,"safe_price":0.184689009009009,"ft_order_side":"sell","order_filled_timestamp":1762822800000,"ft_is_entry":false,"ft_order_tag":"roi","cost":332.03316164036033}],"funding_fees":0.0,"weekday":1},{"pair":"DOGE/USDT","stake_amount":331.02937,"max_stake_amount":331.02937,"amount":2027.0,"open_date":"2025-11-14 20:00:00+00:00","close_date":"2025-11-14 23:00:00+00:00","open_rate":0.16331,"close_rate":0.15515,"fee_open":0.001,"fee_close":0.001,"trade_duration":180,"profit_ratio":-0.051864490906803076,"profit_abs":-17.18583842,"exit_reason":"stop_loss","initial_stop_loss_abs":0.15515,"initial_stop_loss_ratio":-0.05,"stop_loss_abs":0.15515,"stop_loss_ratio":-0.05,"min_rate":0.15472,"max_rate":0.1634,"is_open":false,"enter_tag":"","leverage":1.0,"is_short":false,"open_timestamp":1763150400000,"close_timestamp":1763161200000,"orders":[{"amount":2027.0,"safe_price":0.16331,"ft_order_side":"buy","order_filled_timestamp":1763150400000,"ft_is_entry":true,"ft_order_tag":"","cost":331.36039937},{"amount":2027.0,"safe_price":0.15515,"ft_order_side":"sell","order_filled_timestamp":1763161200000,"ft_is_entry":false,"ft_order_tag":"stop_loss","cost":314.80353905}],"funding_fees":0.0,"weekday":4},{"pair":"DOGE/USDT","stake_amount":325.42676,"max_stake_amount":325.42676,"amount":1979.0,"open_date":"2025-11-15 18:00:00+00:00","close_date":"2025-11-16 09:00:00+00:00","open_rate":0.16444,"close_rate":0.1647692092092092,"fee_open":0.001,"fee_close":0.001,"trade_duration":900,"profit_ratio":0.0,"profit_abs":0.0,"exit_reason":"roi","initial_stop_loss_abs":0.15622,"initial_stop_loss_ratio":-0.05,"stop_loss_abs":0.15622,"stop_loss_ratio":-0.05,"min_rate":0.15998,"max_rate":0.16563,"is_open":false,"enter_tag":"","leverage":1.0,"is_short":false,"open_timestamp":1763229600000,"close_timestamp":1763283600000,"orders":[{"amount":1979.0,"safe_price":0.16444,"ft_order_side":"buy","order_filled_timestamp":1763229600000,"ft_is_entry":true,"ft_order_tag":"","cost":325.75218676},{"amount":1979.0,"safe_price":0.1647692092092092,"ft_order_side":"sell","order_filled_timestamp":1763283600000,"ft_is_entry":false,"ft_order_tag":"roi","cost":326.40434329005}],"funding_fees":0.0,"weekday":6},{"pair":"DOGE/USDT","stake_amount":325.43155,"max_stake_amount":325.43155,"amount":2005.0,"open_date":"2025-11-17 15:00:00+00:00","close_date":"2025-11-17 18:00:00+00:00","open_rate":0.16231,"close_rate":0.1542,"fee_open":0.001,"fee_close":0.001,"trade_duration":180,"profit_ratio":-0.051864283827810415,"profit_abs":-16.89515255,"exit_reason":"stop_loss","initial_stop_loss_abs":0.1542,"initial_stop_loss_ratio":-0.05,"stop_loss_abs":0.1542,"stop_loss_ratio":-0.05,"min_rate":0.15372,"max_rate":0.16367,"is_open":false,"enter_tag":"","leverage":1.0,"is_short":false,"open_timestamp":1763391600000,"close_timestamp":1763402400000,"orders":[{"amount":2005.0,"safe_price":0.16231,"ft_order_side":"buy","order_filled_timestamp":1763391600000,"ft_is_entry":true,"ft_order_tag":"","cost":325.75698155},{"amount":2005.0,"safe_price":0.1542,"ft_order_side":"sell","order_filled_timestamp":1763402400000,"ft_is_entry":false,"ft_order_tag":"stop_loss","cost":309.480171}],"funding_fees":0.0,"weekday":0},{"pair":"DOGE/USDT","stake_amount":319.82214,"max_stake_amount":319.82214,"amount":2173.0,"open_date":"2025-11-24 03:00:00+00:00","close_date":"2025-11-24 05:00:00+00:00","open_rate":0.14718,"close_rate":0.14747465465465465,"fee_open":0.001,"fee_close":0.001,"trade_duration":120,"profit_ratio":0.0,"profit_abs":0.0,"exit_reason":"roi","initial_stop_loss_abs":0.13983,"initial_stop_loss_ratio":-0.05,"stop_loss_abs":0.13983,"stop_loss_ratio":-0.05,"min_rate":0.14453,"max_rate":0.1489,"is_open":false,"enter_tag":"","leverage":1.0,"is_short":false,"open_timestamp":1763953200000,"close_timestamp":1763960400000,"orders":[{"amount":2173.0,"safe_price":0.14718,"ft_order_side":"buy","order_filled_timestamp":1763953200000,"ft_is_entry":true,"ft_order_tag":"","cost":320.14196214},{"amount":2173.0,"safe_price":0.14747465465465465,"ft_order_side":"sell","order_filled_timestamp":1763960400000,"ft_is_entry":false,"ft_order_tag":"roi","cost":320.7828869891291}],"funding_fees":0.0,"weekday":0},{"pair":"DOGE/USDT","stake_amount":319.82368,"max_stake_amount":319.82368,"amount":2113.0,"open_date":"2025-12-03 18:00:00+00:00","close_date":"2025-12-03 21:00:00+00:00","open_rate":0.15136,"close_rate":0.151663023023023,"fee_open":0.001,"fee_close":0.001,"trade_duration":180,"profit_ratio":0.0,"profit_abs":0.0,"exit_reason":"roi","initial_stop_loss_abs":0.1438,"initial_stop_loss_ratio":-0.05,"stop_loss_abs":0.1438,"stop_loss_ratio":-0.05,"min_rate":0.15014,"max_rate":0.15242,"is_open":false,"enter_tag":"","leverage":1.0,"is_short":false,"open_timestamp":1764784800000,"close_timestamp":1764795600000,"orders":[{"amount":2113.0,"safe_price":0.15136,"ft_order_side":"buy","order_filled_timestamp":1764784800000,"ft_is_entry":true,"ft_order_tag":"","cost":320.1435036799999},{"amount":2113.0,"safe_price":0.151663023023023,"ft_order_side":"sell","order_filled_timestamp":1764795600000,"ft_is_entry":false,"ft_order_tag":"roi","cost":320.78443161529526}],"funding_fees":0.0,"weekday":2},{"pair":"DOGE/USDT","stake_amount":319.80672,"max_stake_amount":319.80672,"amount":2272.0,"open_date":"2025-12-07 07:00:00+00:00","close_date":"2025-12-07 17:00:00+00:00","open_rate":0.14076,"close_rate":0.14104180180180179,"fee_open":0.001,"fee_close":0.001,"trade_duration":600,"profit_ratio":0.0,"profit_abs":0.0,"exit_reason":"roi","initial_stop_loss_abs":0.13373,"initial_stop_loss_ratio":-0.05,"stop_loss_abs":0.13373,"stop_loss_ratio":-0.05,"min_rate":0.13486,"max_rate":0.1421,"is_open":false,"enter_tag":"","leverage":1.0,"is_short":false,"open_timestamp":1765090800000,"close_timestamp":1765126800000,"orders":[{"amount":2272.0,"safe_price":0.14076,"ft_order_side":"buy","order_filled_timestamp":1765090800000,"ft_is_entry":true,"ft_order_tag":"","cost":320.12652671999996},{"amount":2272.0,"safe_price":0.14104180180180179,"ft_order_side":"sell","order_filled_timestamp":1765126800000,"ft_is_entry":false,"ft_order_tag":"roi","cost":320.76742066738734}],"funding_fees":0.0,"weekday":6},{"pair":"DOGE/USDT","stake_amount":319.77017,"max_stake_amount":319.77017,"amount":2269.0,"open_date":"2025-12-12 10:00:00+00:00","close_date":"2025-12-12 12:00:00+00:00","open_rate":0.14093,"close_rate":0.14121214214214212,"fee_open":0.001,"fee_close":0.001,"trade_duration":120,"profit_ratio":0.0,"profit_abs":0.0,"exit_reason":"roi","initial_stop_loss_abs":0.13389,"initial_stop_loss_ratio":-0.05,"stop_loss_abs":0.13389,"stop_loss_ratio":-0.05,"min_rate":0.14068,"max_rate":0.1414,"is_open":false,"enter_tag":"","leverage":1.0,"is_short":false,"open_timestamp":1765533600000,"close_timestamp":1765540800000,"orders":[{"amount":2269.0,"safe_price":0.14093,"ft_order_side":"buy","order_filled_timestamp":1765533600000,"ft_is_entry":true,"ft_order_tag":"","cost":320.08994017},{"amount":2269.0,"safe_price":0.14121214214214212,"ft_order_side":"sell","order_filled_timestamp":1765540800000,"ft_is_entry":false,"ft_order_tag":"roi","cost":320.73076087104096}],"funding_fees":0.0,"weekday":4},{"pair":"DOGE/USDT","stake_amount":319.86623,"max_stake_amount":319.86623,"amount":2407.0,"open_date":"2025-12-22 12:00:00+00:00","close_date":"2025-12-22 14:00:00+00:00","open_rate":0.13289,"close_rate":0.13315604604604606,"fee_open":0.001,"fee_close":0.001,"trade_duration":120,"profit_ratio":0.0,"profit_abs":0.0,"exit_reason":"roi","initial_stop_loss_abs":0.12625,"initial_stop_loss_ratio":-0.05,"stop_loss_abs":0.12625,"stop_loss_ratio":-0.05,"min_rate":0.13253,"max_rate":0.13444,"is_open":false,"enter_tag":"","leverage":1.0,"is_short":false,"open_timestamp":1766404800000,"close_timestamp":1766412000000,"orders":[{"amount":2407.0,"safe_price":0.13289,"ft_order_side":"buy","order_filled_timestamp":1766404800000,"ft_is_entry":true,"ft_order_tag":"","cost":320.18609623},{"amount":2407.0,"safe_price":0.13315604604604606,"ft_order_side":"sell","order_filled_timestamp":1766412000000,"ft_is_entry":false,"ft_order_tag":"roi","cost":320.82710943566565}],"funding_fees":0.0,"weekday":0},{"pair":"DOGE/USDT","stake_amount":319.87312,"max_stake_amount":319.87312,"amount":2492.0,"open_date":"2025-12-24 16:00:00+00:00","close_date":"2025-12-24 20:00:00+00:00","open_rate":0.12836,"close_rate":0.12861697697697697,"fee_open":0.001,"fee_close":0.001,"trade_duration":240,"profit_ratio":0.0,"profit_abs":0.0,"exit_reason":"roi","initial_stop_loss_abs":0.12195,"initial_stop_loss_ratio":-0.05,"stop_loss_abs":0.12195,"stop_loss_ratio":-0.05,"min_rate":0.12762,"max_rate":0.12946,"is_open":false,"enter_tag":"","leverage":1.0,"is_short":false,"open_timestamp":1766592000000,"close_timestamp":1766606400000,"orders":[{"amount":2492.0,"safe_price":0.12836,"ft_order_side":"buy","order_filled_timestamp":1766592000000,"ft_is_entry":true,"ft_order_tag":"","cost":320.19299312},{"amount":2492.0,"safe_price":0.12861697697697697,"ft_order_side":"sell","order_filled_timestamp":1766606400000,"ft_is_entry":false,"ft_order_tag":"roi","cost":320.8340201332532}],"funding_fees":0.0,"weekday":2},{"pair":"DOGE/USDT","stake_amount":319.894,"max_stake_amount":319.894,"amount":2605.0,"open_date":"2025-12-27 15:00:00+00:00","close_date":"2025-12-27 18:00:00+00:00","open_rate":0.1228,"close_rate":0.12304584584584584,"fee_open":0.001,"fee_close":0.001,"trade_duration":180,"profit_ratio":0.0,"profit_abs":0.0,"exit_reason":"roi","initial_stop_loss_abs":0.11666,"initial_stop_loss_ratio":-0.05,"stop_loss_abs":0.11666,"stop_loss_ratio":-0.05,"min_rate":0.12264,"max_rate":0.1233,"is_open":false,"enter_tag":"","leverage":1.0,"is_short":false,"open_timestamp":1766847600000,"close_timestamp":1766858400000,"orders":[{"amount":2605.0,"safe_price":0.1228,"ft_order_side":"buy","order_filled_timestamp":1766847600000,"ft_is_entry":true,"ft_order_tag":"","cost":320.213894},{"amount":2605.0,"safe_price":0.12304584584584584,"ft_order_side":"sell","order_filled_timestamp":1766858400000,"ft_is_entry":false,"ft_order_tag":"roi","cost":320.8549628568568}],"funding_fees":0.0,"weekday":5},{"pair":"DOGE/USDT","stake_amount":319.84652,"max_stake_amount":319.84652,"amount":2597.0,"open_date":"2025-12-31 06:00:00+00:00","close_date":"2025-12-31 08:00:00+00:00","open_rate":0.12316,"close_rate":0.12340656656656655,"fee_open":0.001,"fee_close":0.001,"trade_duration":120,"profit_ratio":0.0,"profit_abs":0.0,"exit_reason":"roi","initial_stop_loss_abs":0.11701,"initial_stop_loss_ratio":-0.05,"stop_loss_abs":0.11701,"stop_loss_ratio":-0.05,"min_rate":0.12289,"max_rate":0.1237,"is_open":false,"enter_tag":"","leverage":1.0,"is_short":false,"open_timestamp":1767160800000,"close_timestamp":1767168000000,"orders":[{"amount":2597.0,"safe_price":0.12316,"ft_order_side":"buy","order_filled_timestamp":1767160800000,"ft_is_entry":true,"ft_order_tag":"","cost":320.16636651999994},{"amount":2597.0,"safe_price":0.12340656656656655,"ft_order_side":"sell","order_filled_timestamp":1767168000000,"ft_is_entry":false,"ft_order_tag":"roi","cost":320.80734022674665}],"funding_fees":0.0,"weekday":2}],"locks":[],"best_pair":{"key":"DOGE/USDT","trades":17,"profit_mean":-0.005483310663933825,"profit_mean_pct":-0.55,"profit_total_abs":-30.608045769999997,"profit_total":-0.030608045769999998,"profit_total_pct":-3.06,"duration_avg":"4:46:00","wins":2,"draws":13,"losses":2,"winrate":0.11764705882352941,"cagr":-0.1103917250277866,"expectancy":-1.8004732805882353,"expectancy_ratio":-0.8703643875397835,"sortino":-41.47786312796507,"sharpe":-1.0752153241592786,"calmar":-17.750220555198144,"sqn":-1.2845,"profit_factor":0.10190270591184045,"max_drawdown_account":0.03396303919604669,"max_drawdown_abs":34.080990969999995},"worst_pair":{"key":"DOGE/USDT","trades":17,"profit_mean":-0.005483310663933825,"profit_mean_pct":-0.55,"profit_total_abs":-30.608045769999997,"profit_total":-0.030608045769999998,"profit_total_pct":-3.06,"duration_avg":"4:46:00","wins":2,"draws":13,"losses":2,"winrate":0.11764705882352941,"cagr":-0.1103917250277866,"expectancy":-1.8004732805882353,"expectancy_ratio":-0.8703643875397835,"sortino":-41.47786312796507,"sharpe":-1.0752153241592786,"calmar":-17.750220555198144,"sqn":-1.2845,"profit_factor":0.10190270591184045,"max_drawdown_account":0.03396303919604669,"max_drawdown_abs":34.080990969999995},"results_per_pair":[{"key":"DOGE/USDT","trades":17,"profit_mean":-0.005483310663933825,"profit_mean_pct":-0.55,"profit_total_abs":-30.608045769999997,"profit_total":-0.030608045769999998,"profit_total_pct":-3.06,"duration_avg":"4:46:00","wins":2,"draws":13,"losses":2,"winrate":0.11764705882352941,"cagr":-0.1103917250277866,"expectancy":-1.8004732805882353,"expectancy_ratio":-0.8703643875397835,"sortino":-41.47786312796507,"sharpe":-1.0752153241592786,"calmar":-17.750220555198144,"sqn":-1.2845,"profit_factor":0.10190270591184045,"max_drawdown_account":0.03396303919604669,"max_drawdown_abs":34.080990969999995},{"key":"TOTAL","trades":17,"profit_mean":-0.005483310663933825,"profit_mean_pct":-0.55,"profit_total_abs":-30.608045769999997,"profit_total":-0.030608045769999998,"profit_total_pct":-3.06,"duration_avg":"4:46:00","wins":2,"draws":13,"losses":2,"winrate":0.11764705882352941,"cagr":-0.1103917250277866,"expectancy":-1.8004732805882353,"expectancy_ratio":-0.8703643875397835,"sortino":-41.47786312796507,"sharpe":-1.0752153241592786,"calmar":-17.750220555198144,"sqn":-1.2845,"profit_factor":0.10190270591184045,"max_drawdown_account":0.03396303919604669,"max_drawdown_abs":34.080990969999995}],"results_per_enter_tag":[{"key":"","trades":17,"profit_mean":-0.005483310663933825,"profit_mean_pct":-0.55,"profit_total_abs":-30.608045769999997,"profit_total":-0.030608045769999998,"profit_total_pct":-3.06,"duration_avg":"4:46:00","wins":2,"draws":13,"losses":2,"winrate":0.11764705882352941,"cagr":-0.1103917250277866,"expectancy":-1.8004732805882353,"expectancy_ratio":-0.8703643875397835,"sortino":-41.47786312796507,"sharpe":-1.0752153241592786,"calmar":-17.750220555198144,"sqn":-1.2845,"profit_factor":0.10190270591184045,"max_drawdown_account":0.03396303919604669,"max_drawdown_abs":34.080990969999995},{"key":"TOTAL","trades":17,"profit_mean":-0.005483310663933825,"profit_mean_pct":-0.55,"profit_total_abs":-30.608045769999997,"profit_total":-0.030608045769999998,"profit_total_pct":-3.06,"duration_avg":"4:46:00","wins":2,"draws":13,"losses":2,"winrate":0.11764705882352941,"cagr":-0.1103917250277866,"expectancy":-1.8004732805882353,"expectancy_ratio":-0.8703643875397835,"sortino":-41.47786312796507,"sharpe":-1.0752153241592786,"calmar":-17.750220555198144,"sqn":-1.2845,"profit_factor":0.10190270591184045,"max_drawdown_account":0.03396303919604669,"max_drawdown_abs":34.080990969999995}],"exit_reason_summary":[{"key":"roi","trades":15,"profit_mean":0.0007008328965158967,"profit_mean_pct":0.07,"profit_total_abs":3.4729452,"profit_total":0.0034729452,"profit_total_pct":0.35,"duration_avg":"5:00:00","wins":2,"draws":13,"losses":0,"winrate":0.13333333333333333,"cagr":0.013131124462028687,"expectancy":0.23152968,"expectancy_ratio":100.0,"sortino":-100,"sharpe":0.9413214479976681,"calmar":-100,"sqn":1.1922,"profit_factor":0.0,"max_drawdown_account":0.0,"max_drawdown_abs":0.0},{"key":"stop_loss","trades":2,"profit_mean":-0.051864387367306745,"profit_mean_pct":-5.19,"profit_total_abs":-34.08099097,"profit_total":-0.03408099097,"profit_total_pct":-3.41,"duration_avg":"3:00:00","wins":0,"draws":0,"losses":2,"winrate":0.0,"cagr":-0.12232523714693944,"expectancy":-17.040495485,"expectancy_ratio":-1.0,"sortino":-46.18415332169289,"sharpe":-46.18415332169289,"calmar":-19.695848633549268,"sqn":-117.2434,"profit_factor":0.0,"max_drawdown_account":0.034080990970000016,"max_drawdown_abs":34.08099097},{"key":"TOTAL","trades":17,"profit_mean":-0.005483310663933825,"profit_mean_pct":-0.55,"profit_total_abs":-30.608045769999997,"profit_total":-0.030608045769999998,"profit_total_pct":-3.06,"duration_avg":"4:46:00","wins":2,"draws":13,"losses":2,"winrate":0.11764705882352941,"cagr":-0.1103917250277866,"expectancy":-1.8004732805882353,"expectancy_ratio":-0.8703643875397835,"sortino":-41.47786312796507,"sharpe":-1.0752153241592786,"calmar":-17.750220555198144,"sqn":-1.2845,"profit_factor":0.10190270591184045,"max_drawdown_account":0.03396303919604669,"max_drawdown_abs":34.080990969999995}],"mix_tag_stats":[{"key":["","roi"],"trades":15,"profit_mean":0.0007008328965158967,"profit_mean_pct":0.07,"profit_total_abs":3.4729452,"profit_total":0.0034729452,"profit_total_pct":0.35,"duration_avg":"5:00:00","wins":2,"draws":13,"losses":0,"winrate":0.13333333333333333,"cagr":0.013131124462028687,"expectancy":0.23152968,"expectancy_ratio":100.0,"sortino":-100,"sharpe":0.9413214479976681,"calmar":-100,"sqn":1.1922,"profit_factor":0.0,"max_drawdown_account":0.0,"max_drawdown_abs":0.0},{"key":["","stop_loss"],"trades":2,"profit_mean":-0.051864387367306745,"profit_mean_pct":-5.19,"profit_total_abs":-34.08099097,"profit_total":-0.03408099097,"profit_total_pct":-3.41,"duration_avg":"3:00:00","wins":0,"draws":0,"losses":2,"winrate":0.0,"cagr":-0.12232523714693944,"expectancy":-17.040495485,"expectancy_ratio":-1.0,"sortino":-46.18415332169289,"sharpe":-46.18415332169289,"calmar":-19.695848633549268,"sqn":-117.2434,"profit_factor":0.0,"max_drawdown_account":0.034080990970000016,"max_drawdown_abs":34.08099097},{"key":"TOTAL","trades":17,"profit_mean":-0.005483310663933825,"profit_mean_pct":-0.55,"profit_total_abs":-30.608045769999997,"profit_total":-0.030608045769999998,"profit_total_pct":-3.06,"duration_avg":"4:46:00","wins":2,"draws":13,"losses":2,"winrate":0.11764705882352941,"cagr":-0.1103917250277866,"expectancy":-1.8004732805882353,"expectancy_ratio":-0.8703643875397835,"sortino":-41.47786312796507,"sharpe":-1.0752153241592786,"calmar":-17.750220555198144,"sqn":-1.2845,"profit_factor":0.10190270591184045,"max_drawdown_account":0.03396303919604669,"max_drawdown_abs":34.080990969999995}],"left_open_trades":[{"key":"TOTAL","trades":0,"profit_mean":0.0,"profit_mean_pct":0.0,"profit_total_abs":0.0,"profit_total":0.0,"profit_total_pct":0.0,"duration_avg":"0:00","wins":0,"draws":0,"losses":0,"winrate":0.0,"cagr":0.0,"expectancy":0.0,"expectancy_ratio":100.0,"sortino":0,"sharpe":0,"calmar":0,"sqn":0.0,"profit_factor":0.0,"max_drawdown_account":0.0,"max_drawdown_abs":0.0}],"total_trades":17,"trade_count_long":17,"trade_count_short":0,"total_volume":11037.636954919148,"avg_stake_amount":324.88799352941174,"profit_mean":-0.005483310663933825,"profit_median":0.0,"profit_total":-0.030608045769999998,"profit_total_long":-0.030608045769999998,"profit_total_short":0.0,"profit_total_abs":-30.608045769999997,"profit_total_long_abs":-30.608045769999997,"profit_total_short_abs":0.0,"cagr":-0.1103917250277866,"expectancy":-1.8004732805882353,"expectancy_ratio":-0.8703643875397835,"sortino":-41.47786312796507,"sharpe":-1.0752153241592786,"calmar":-17.750220555198144,"sqn":-1.2845,"profit_factor":0.10190270591184045,"backtest_start":"2025-10-01 00:00:00","backtest_start_ts":1759276800000,"backtest_end":"2026-01-06 20:00:00","backtest_end_ts":1767729600000,"backtest_days":97,"backtest_run_start_ts":1767739713,"backtest_run_end_ts":1767739714,"trades_per_day":0.18,"market_change":-0.36632086436227446,"pairlist":["DOGE/USDT"],"stake_amount":"unlimited","stake_currency":"USDT","stake_currency_decimals":3,"starting_balance":1000,"dry_run_wallet":1000,"final_balance":969.39195423,"rejected_signals":0,"timedout_entry_orders":0,"timedout_exit_orders":0,"canceled_trade_entries":0,"canceled_entry_orders":0,"replaced_entry_orders":0,"max_open_trades":1,"max_open_trades_setting":3,"timeframe":"1h","timeframe_detail":"","timerange":"20251001-","enable_protections":false,"strategy_name":"ACO_3_15","freqaimodel":null,"freqai_identifier":null,"stoploss":-0.05,"trailing_stop":false,"trailing_stop_positive":null,"trailing_stop_positive_offset":0.0,"trailing_only_offset_is_reached":false,"use_custom_stoploss":false,"minimal_roi":{"0":0.1,"60":0.05,"120":0.0},"use_exit_signal":true,"exit_profit_only":false,"exit_profit_offset":0.0,"ignore_roi_if_entry_signal":false,"trading_mode":"spot","margin_mode":"","periodic_breakdown":{"day":[{"date":"13/10/2025","date_ts":1760313600000,"profit_abs":0.0,"wins":0,"draws":1,"losses":0,"trades":1,"profit_factor":0.0},{"date":"14/10/2025","date_ts":1760400000000,"profit_abs":0.0,"wins":0,"draws":0,"losses":0,"trades":0,"profit_factor":0.0},{"date":"15/10/2025","date_ts":1760486400000,"profit_abs":0.0,"wins":0,"draws":0,"losses":0,"trades":0,"profit_factor":0.0},{"date":"16/10/2025","date_ts":1760572800000,"profit_abs":0.0,"wins":0,"draws":0,"losses":0,"trades":0,"profit_factor":0.0},{"date":"17/10/2025","date_ts":1760659200000,"profit_abs":0.0,"wins":0,"draws":0,"losses":0,"trades":0,"profit_factor":0.0},{"date":"18/10/2025","date_ts":1760745600000,"profit_abs":0.0,"wins":0,"draws":0,"losses":0,"trades":0,"profit_factor":0.0},{"date":"19/10/2025","date_ts":1760832000000,"profit_abs":0.0,"wins":0,"draws":1,"losses":0,"trades":1,"profit_factor":0.0},{"date":"20/10/2025","date_ts":1760918400000,"profit_abs":2.8970892,"wins":1,"draws":0,"losses":0,"trades":1,"profit_factor":0.0},{"date":"21/10/2025","date_ts":1761004800000,"profit_abs":0.0,"wins":0,"draws":0,"losses":0,"trades":0,"profit_factor":0.0},{"date":"22/10/2025","date_ts":1761091200000,"profit_abs":0.0,"wins":0,"draws":0,"losses":0,"trades":0,"profit_factor":0.0},{"date":"23/10/2025","date_ts":1761177600000,"profit_abs":0.0,"wins":0,"draws":0,"losses":0,"trades":0,"profit_factor":0.0},{"date":"24/10/2025","date_ts":1761264000000,"profit_abs":0.575856,"wins":1,"draws":0,"losses":0,"trades":1,"profit_factor":0.0},{"date":"25/10/2025","date_ts":1761350400000,"profit_abs":0.0,"wins":0,"draws":0,"losses":0,"trades":0,"profit_factor":0.0},{"date":"26/10/2025","date_ts":1761436800000,"profit_abs":0.0,"wins":0,"draws":0,"losses":0,"trades":0,"profit_factor":0.0},{"date":"27/10/2025","date_ts":1761523200000,"profit_abs":0.0,"wins":0,"draws":0,"losses":0,"trades":0,"profit_factor":0.0},{"date":"28/10/2025","date_ts":1761609600000,"profit_abs":0.0,"wins":0,"draws":0,"losses":0,"trades":0,"profit_factor":0.0},{"date":"29/10/2025","date_ts":1761696000000,"profit_abs":0.0,"wins":0,"draws":0,"losses":0,"trades":0,"profit_factor":0.0},{"date":"30/10/2025","date_ts":1761782400000,"profit_abs":0.0,"wins":0,"draws":0,"losses":0,"trades":0,"profit_factor":0.0},{"date":"31/10/2025","date_ts":1761868800000,"profit_abs":0.0,"wins":0,"draws":0,"losses":0,"trades":0,"profit_factor":0.0},{"date":"01/11/2025","date_ts":1761955200000,"profit_abs":0.0,"wins":0,"draws":1,"losses":0,"trades":1,"profit_factor":0.0},{"date":"02/11/2025","date_ts":1762041600000,"profit_abs":0.0,"wins":0,"draws":0,"losses":0,"trades":0,"profit_factor":0.0},{"date":"03/11/2025","date_ts":1762128000000,"profit_abs":0.0,"wins":0,"draws":0,"losses":0,"trades":0,"profit_factor":0.0},{"date":"04/11/2025","date_ts":1762214400000,"profit_abs":0.0,"wins":0,"draws":0,"losses":0,"trades":0,"profit_factor":0.0},{"date":"05/11/2025","date_ts":1762300800000,"profit_abs":0.0,"wins":0,"draws":0,"losses":0,"trades":0,"profit_factor":0.0},{"date":"06/11/2025","date_ts":1762387200000,"profit_abs":0.0,"wins":0,"draws":0,"losses":0,"trades":0,"profit_factor":0.0},{"date":"07/11/2025","date_ts":1762473600000,"profit_abs":0.0,"wins":0,"draws":0,"losses":0,"trades":0,"profit_factor":0.0},{"date":"08/11/2025","date_ts":1762560000000,"profit_abs":0.0,"wins":0,"draws":0,"losses":0,"trades":0,"profit_factor":0.0},{"date":"09/11/2025","date_ts":1762646400000,"profit_abs":0.0,"wins":0,"draws":0,"losses":0,"trades":0,"profit_factor":0.0},{"date":"10/11/2025","date_ts":1762732800000,"profit_abs":0.0,"wins":0,"draws":0,"losses":0,"trades":0,"profit_factor":0.0},{"date":"11/11/2025","date_ts":1762819200000,"profit_abs":0.0,"wins":0,"draws":1,"losses":0,"trades":1,"profit_factor":0.0},{"date":"12/11/2025","date_ts":1762905600000,"profit_abs":0.0,"wins":0,"draws":0,"losses":0,"trades":0,"profit_factor":0.0},{"date":"13/11/2025","date_ts":1762992000000,"profit_abs":0.0,"wins":0,"draws":0,"losses":0,"trades":0,"profit_factor":0.0},{"date":"14/11/2025","date_ts":1763078400000,"profit_abs":-17.18583842,"wins":0,"draws":0,"losses":1,"trades":1,"profit_factor":0.0},{"date":"15/11/2025","date_ts":1763164800000,"profit_abs":0.0,"wins":0,"draws":0,"losses":0,"trades":0,"profit_factor":0.0},{"date":"16/11/2025","date_ts":1763251200000,"profit_abs":0.0,"wins":0,"draws":1,"losses":0,"trades":1,"profit_factor":0.0},{"date":"17/11/2025","date_ts":1763337600000,"profit_abs":-16.89515255,"wins":0,"draws":0,"losses":1,"trades":1,"profit_factor":0.0},{"date":"18/11/2025","date_ts":1763424000000,"profit_abs":0.0,"wins":0,"draws":0,"losses":0,"trades":0,"profit_factor":0.0},{"date":"19/11/2025","date_ts":1763510400000,"profit_abs":0.0,"wins":0,"draws":0,"losses":0,"trades":0,"profit_factor":0.0},{"date":"20/11/2025","date_ts":1763596800000,"profit_abs":0.0,"wins":0,"draws":0,"losses":0,"trades":0,"profit_factor":0.0},{"date":"21/11/2025","date_ts":1763683200000,"profit_abs":0.0,"wins":0,"draws":0,"losses":0,"trades":0,"profit_factor":0.0},{"date":"22/11/2025","date_ts":1763769600000,"profit_abs":0.0,"wins":0,"draws":0,"losses":0,"trades":0,"profit_factor":0.0},{"date":"23/11/2025","date_ts":1763856000000,"profit_abs":0.0,"wins":0,"draws":0,"losses":0,"trades":0,"profit_factor":0.0},{"date":"24/11/2025","date_ts":1763942400000,"profit_abs":0.0,"wins":0,"draws":1,"losses":0,"trades":1,"profit_factor":0.0},{"date":"25/11/2025","date_ts":1764028800000,"profit_abs":0.0,"wins":0,"draws":0,"losses":0,"trades":0,"profit_factor":0.0},{"date":"26/11/2025","date_ts":1764115200000,"profit_abs":0.0,"wins":0,"draws":0,"losses":0,"trades":0,"profit_factor":0.0},{"date":"27/11/2025","date_ts":1764201600000,"profit_abs":0.0,"wins":0,"draws":0,"losses":0,"trades":0,"profit_factor":0.0},{"date":"28/11/2025","date_ts":1764288000000,"profit_abs":0.0,"wins":0,"draws":0,"losses":0,"trades":0,"profit_factor":0.0},{"date":"29/11/2025","date_ts":1764374400000,"profit_abs":0.0,"wins":0,"draws":0,"losses":0,"trades":0,"profit_factor":0.0},{"date":"30/11/2025","date_ts":1764460800000,"profit_abs":0.0,"wins":0,"draws":0,"losses":0,"trades":0,"profit_factor":0.0},{"date":"01/12/2025","date_ts":1764547200000,"profit_abs":0.0,"wins":0,"draws":0,"losses":0,"trades":0,"profit_factor":0.0},{"date":"02/12/2025","date_ts":1764633600000,"profit_abs":0.0,"wins":0,"draws":0,"losses":0,"trades":0,"profit_factor":0.0},{"date":"03/12/2025","date_ts":1764720000000,"profit_abs":0.0,"wins":0,"draws":1,"losses":0,"trades":1,"profit_factor":0.0},{"date":"04/12/2025","date_ts":1764806400000,"profit_abs":0.0,"wins":0,"draws":0,"losses":0,"trades":0,"profit_factor":0.0},{"date":"05/12/2025","date_ts":1764892800000,"profit_abs":0.0,"wins":0,"draws":0,"losses":0,"trades":0,"profit_factor":0.0},{"date":"06/12/2025","date_ts":1764979200000,"profit_abs":0.0,"wins":0,"draws":0,"losses":0,"trades":0,"profit_factor":0.0},{"date":"07/12/2025","date_ts":1765065600000,"profit_abs":0.0,"wins":0,"draws":1,"losses":0,"trades":1,"profit_factor":0.0},{"date":"08/12/2025","date_ts":1765152000000,"profit_abs":0.0,"wins":0,"draws":0,"losses":0,"trades":0,"profit_factor":0.0},{"date":"09/12/2025","date_ts":1765238400000,"profit_abs":0.0,"wins":0,"draws":0,"losses":0,"trades":0,"profit_factor":0.0},{"date":"10/12/2025","date_ts":1765324800000,"profit_abs":0.0,"wins":0,"draws":0,"losses":0,"trades":0,"profit_factor":0.0},{"date":"11/12/2025","date_ts":1765411200000,"profit_abs":0.0,"wins":0,"draws":0,"losses":0,"trades":0,"profit_factor":0.0},{"date":"12/12/2025","date_ts":1765497600000,"profit_abs":0.0,"wins":0,"draws":1,"losses":0,"trades":1,"profit_factor":0.0},{"date":"13/12/2025","date_ts":1765584000000,"profit_abs":0.0,"wins":0,"draws":0,"losses":0,"trades":0,"profit_factor":0.0},{"date":"14/12/2025","date_ts":1765670400000,"profit_abs":0.0,"wins":0,"draws":0,"losses":0,"trades":0,"profit_factor":0.0},{"date":"15/12/2025","date_ts":1765756800000,"profit_abs":0.0,"wins":0,"draws":0,"losses":0,"trades":0,"profit_factor":0.0},{"date":"16/12/2025","date_ts":1765843200000,"profit_abs":0.0,"wins":0,"draws":0,"losses":0,"trades":0,"profit_factor":0.0},{"date":"17/12/2025","date_ts":1765929600000,"profit_abs":0.0,"wins":0,"draws":0,"losses":0,"trades":0,"profit_factor":0.0},{"date":"18/12/2025","date_ts":1766016000000,"profit_abs":0.0,"wins":0,"draws":0,"losses":0,"trades":0,"profit_factor":0.0},{"date":"19/12/2025","date_ts":1766102400000,"profit_abs":0.0,"wins":0,"draws":0,"losses":0,"trades":0,"profit_factor":0.0},{"date":"20/12/2025","date_ts":1766188800000,"profit_abs":0.0,"wins":0,"draws":0,"losses":0,"trades":0,"profit_factor":0.0},{"date":"21/12/2025","date_ts":1766275200000,"profit_abs":0.0,"wins":0,"draws":0,"losses":0,"trades":0,"profit_factor":0.0},{"date":"22/12/2025","date_ts":1766361600000,"profit_abs":0.0,"wins":0,"draws":1,"losses":0,"trades":1,"profit_factor":0.0},{"date":"23/12/2025","date_ts":1766448000000,"profit_abs":0.0,"wins":0,"draws":0,"losses":0,"trades":0,"profit_factor":0.0},{"date":"24/12/2025","date_ts":1766534400000,"profit_abs":0.0,"wins":0,"draws":1,"losses":0,"trades":1,"profit_factor":0.0},{"date":"25/12/2025","date_ts":1766620800000,"profit_abs":0.0,"wins":0,"draws":0,"losses":0,"trades":0,"profit_factor":0.0},{"date":"26/12/2025","date_ts":1766707200000,"profit_abs":0.0,"wins":0,"draws":0,"losses":0,"trades":0,"profit_factor":0.0},{"date":"27/12/2025","date_ts":1766793600000,"profit_abs":0.0,"wins":0,"draws":1,"losses":0,"trades":1,"profit_factor":0.0},{"date":"28/12/2025","date_ts":1766880000000,"profit_abs":0.0,"wins":0,"draws":0,"losses":0,"trades":0,"profit_factor":0.0},{"date":"29/12/2025","date_ts":1766966400000,"profit_abs":0.0,"wins":0,"draws":0,"losses":0,"trades":0,"profit_factor":0.0},{"date":"30/12/2025","date_ts":1767052800000,"profit_abs":0.0,"wins":0,"draws":0,"losses":0,"trades":0,"profit_factor":0.0},{"date":"31/12/2025","date_ts":1767139200000,"profit_abs":0.0,"wins":0,"draws":1,"losses":0,"trades":1,"profit_factor":0.0}],"week":[{"date":"13/10/2025","date_ts":1760313600000,"profit_abs":0.0,"wins":0,"draws":1,"losses":0,"trades":1,"profit_factor":0.0},{"date":"20/10/2025","date_ts":1760918400000,"profit_abs":2.8970892,"wins":1,"draws":1,"losses":0,"trades":2,"profit_factor":0.0},{"date":"27/10/2025","date_ts":1761523200000,"profit_abs":0.575856,"wins":1,"draws":0,"losses":0,"trades":1,"profit_factor":0.0},{"date":"03/11/2025","date_ts":1762128000000,"profit_abs":0.0,"wins":0,"draws":1,"losses":0,"trades":1,"profit_factor":0.0},{"date":"10/11/2025","date_ts":1762732800000,"profit_abs":0.0,"wins":0,"draws":0,"losses":0,"trades":0,"profit_factor":0.0},{"date":"17/11/2025","date_ts":1763337600000,"profit_abs":-34.08099097,"wins":0,"draws":2,"losses":2,"trades":4,"profit_factor":0.0},{"date":"24/11/2025","date_ts":1763942400000,"profit_abs":0.0,"wins":0,"draws":1,"losses":0,"trades":1,"profit_factor":0.0},{"date":"01/12/2025","date_ts":1764547200000,"profit_abs":0.0,"wins":0,"draws":0,"losses":0,"trades":0,"profit_factor":0.0},{"date":"08/12/2025","date_ts":1765152000000,"profit_abs":0.0,"wins":0,"draws":2,"losses":0,"trades":2,"profit_factor":0.0},{"date":"15/12/2025","date_ts":1765756800000,"profit_abs":0.0,"wins":0,"draws":1,"losses":0,"trades":1,"profit_factor":0.0},{"date":"22/12/2025","date_ts":1766361600000,"profit_abs":0.0,"wins":0,"draws":1,"losses":0,"trades":1,"profit_factor":0.0},{"date":"29/12/2025","date_ts":1766966400000,"profit_abs":0.0,"wins":0,"draws":2,"losses":0,"trades":2,"profit_factor":0.0},{"date":"05/01/2026","date_ts":1767571200000,"profit_abs":0.0,"wins":0,"draws":1,"losses":0,"trades":1,"profit_factor":0.0}],"month":[{"date":"31/10/2025","date_ts":1761868800000,"profit_abs":3.4729452,"wins":2,"draws":2,"losses":0,"trades":4,"profit_factor":0.0},{"date":"30/11/2025","date_ts":1764460800000,"profit_abs":-34.08099097,"wins":0,"draws":4,"losses":2,"trades":6,"profit_factor":0.0},{"date":"31/12/2025","date_ts":1767139200000,"profit_abs":0.0,"wins":0,"draws":7,"losses":0,"trades":7,"profit_factor":0.0}],"year":[{"date":"31/12/2025","date_ts":1767139200000,"profit_abs":-30.60804577,"wins":2,"draws":13,"losses":2,"trades":17,"profit_factor":0.10190271}],"weekday":[{"date":"Monday","date_ts":0,"profit_abs":-13.99806335,"wins":1,"draws":3,"losses":1,"trades":5,"profit_factor":0.17147458},{"date":"Tuesday","date_ts":1,"profit_abs":0.0,"wins":0,"draws":1,"losses":0,"trades":1,"profit_factor":0.0},{"date":"Wednesday","date_ts":2,"profit_abs":0.0,"wins":0,"draws":3,"losses":0,"trades":3,"profit_factor":0.0},{"date":"Friday","date_ts":4,"profit_abs":-16.60998242,"wins":1,"draws":1,"losses":1,"trades":3,"profit_factor":0.03350759},{"date":"Saturday","date_ts":5,"profit_abs":0.0,"wins":0,"draws":2,"losses":0,"trades":2,"profit_factor":0.0},{"date":"Sunday","date_ts":6,"profit_abs":0.0,"wins":0,"draws":3,"losses":0,"trades":3,"profit_factor":0.0}]},"backtest_best_day":0.008773605912160129,"backtest_worst_day":-0.051864490906803076,"backtest_best_day_abs":2.8970892,"backtest_worst_day_abs":-17.18583842,"winning_days":2,"draw_days":76,"losing_days":2,"daily_profit":[["2025-10-13",0.0],["2025-10-14",0.0],["2025-10-15",0.0],["2025-10-16",0.0],["2025-10-17",0.0],["2025-10-18",0.0],["2025-10-19",0.0],["2025-10-20",2.8970892],["2025-10-21",0.0],["2025-10-22",0.0],["2025-10-23",0.0],["2025-10-24",0.575856],["2025-10-25",0.0],["2025-10-26",0.0],["2025-10-27",0.0],["2025-10-28",0.0],["2025-10-29",0.0],["2025-10-30",0.0],["2025-10-31",0.0],["2025-11-01",0.0],["2025-11-02",0.0],["2025-11-03",0.0],["2025-11-04",0.0],["2025-11-05",0.0],["2025-11-06",0.0],["2025-11-07",0.0],["2025-11-08",0.0],["2025-11-09",0.0],["2025-11-10",0.0],["2025-11-11",0.0],["2025-11-12",0.0],["2025-11-13",0.0],["2025-11-14",-17.18583842],["2025-11-15",0.0],["2025-11-16",0.0],["2025-11-17",-16.89515255],["2025-11-18",0.0],["2025-11-19",0.0],["2025-11-20",0.0],["2025-11-21",0.0],["2025-11-22",0.0],["2025-11-23",0.0],["2025-11-24",0.0],["2025-11-25",0.0],["2025-11-26",0.0],["2025-11-27",0.0],["2025-11-28",0.0],["2025-11-29",0.0],["2025-11-30",0.0],["2025-12-01",0.0],["2025-12-02",0.0],["2025-12-03",0.0],["2025-12-04",0.0],["2025-12-05",0.0],["2025-12-06",0.0],["2025-12-07",0.0],["2025-12-08",0.0],["2025-12-09",0.0],["2025-12-10",0.0],["2025-12-11",0.0],["2025-12-12",0.0],["2025-12-13",0.0],["2025-12-14",0.0],["2025-12-15",0.0],["2025-12-16",0.0],["2025-12-17",0.0],["2025-12-18",0.0],["2025-12-19",0.0],["2025-12-20",0.0],["2025-12-21",0.0],["2025-12-22",0.0],["2025-12-23",0.0],["2025-12-24",0.0],["2025-12-25",0.0],["2025-12-26",0.0],["2025-12-27",0.0],["2025-12-28",0.0],["2025-12-29",0.0],["2025-12-30",0.0],["2025-12-31",0.0]],"wins":2,"losses":2,"draws":13,"winrate":0.11764705882352941,"holding_avg":"4:46:00","holding_avg_s":17160.0,"winner_holding_min":"0d 02:00","winner_holding_min_s":7200.0,"winner_holding_max":"0d 02:00","winner_holding_max_s":7200.0,"winner_holding_avg":"0d 02:00","winner_holding_avg_s":7200.0,"loser_holding_min":"0d 03:00","loser_holding_min_s":10800.0,"loser_holding_max":"0d 03:00","loser_holding_max_s":10800.0,"loser_holding_avg":"0d 03:00","loser_holding_avg_s":10800.0,"max_consecutive_wins":2,"max_consecutive_losses":13,"max_drawdown_account":0.03396303919604669,"max_relative_drawdown":0.03396303919604669,"max_drawdown_abs":34.080990969999995,"drawdown_start":"2025-10-24 07:00:00","drawdown_start_ts":1761289200000.0,"drawdown_end":"2025-11-17 18:00:00","drawdown_end_ts":1763402400000.0,"drawdown_duration":"24 days 11:00:00","drawdown_duration_s":2113200.0,"max_drawdown_low":-30.608045769999997,"max_drawdown_high":3.4729452,"csum_min":969.39195423,"csum_max":1003.4729452}},"strategy_comparison":[{"key":"ACO_3_15","trades":17,"profit_mean":-0.005483310663933825,"profit_mean_pct":-0.55,"profit_total_abs":-30.608045769999997,"profit_total":-0.030608045769999998,"profit_total_pct":-3.06,"duration_avg":"4:46:00","wins":2,"draws":13,"losses":2,"winrate":0.11764705882352941,"cagr":-0.1103917250277866,"expectancy":-1.8004732805882353,"expectancy_ratio":-0.8703643875397835,"sortino":-41.47786312796507,"sharpe":-1.0752153241592786,"calmar":-17.750220555198144,"sqn":-1.2845,"profit_factor":0.10190270591184045,"max_drawdown_account":0.03396303919604669,"max_drawdown_abs":"34.081"}]}