{"strategy":{"ACO_39_5":{"trades":[{"pair":"DOGE/USDT","stake_amount":329.99736,"max_stake_amount":329.99736,"amount":1617.0,"open_date":"2025-10-15 05:00:00+00:00","close_date":"2025-10-15 07:00:00+00:00","open_rate":0.20408,"close_rate":0.20452,"fee_open":0.001,"fee_close":0.001,"trade_duration":120,"profit_ratio":0.00015370752336648063,"profit_abs":0.0507738,"exit_reason":"roi","initial_stop_loss_abs":0.19388,"initial_stop_loss_ratio":-0.05,"stop_loss_abs":0.19388,"stop_loss_ratio":-0.05,"min_rate":0.2018,"max_rate":0.20509,"is_open":false,"enter_tag":"","leverage":1.0,"is_short":false,"open_timestamp":1760504400000,"close_timestamp":1760511600000,"orders":[{"amount":1617.0,"safe_price":0.20408,"ft_order_side":"buy","order_filled_timestamp":1760504400000,"ft_is_entry":true,"ft_order_tag":"","cost":330.32735735999995},{"amount":1617.0,"safe_price":0.20452,"ft_order_side":"sell","order_filled_timestamp":1760511600000,"ft_is_entry":false,"ft_order_tag":"roi","cost":331.03954883999995}],"funding_fees":0.0,"weekday":2},{"pair":"DOGE/USDT","stake_amount":329.93298,"max_stake_amount":329.93298,"amount":1677.0,"open_date":"2025-10-24 20:00:00+00:00","close_date":"2025-10-24 22:00:00+00:00","open_rate":0.19674,"close_rate":0.19815,"fee_open":0.001,"fee_close":0.001,"trade_duration":120,"profit_ratio":0.005154497835193169,"profit_abs":1.70233947,"exit_reason":"roi","initial_stop_loss_abs":0.18691,"initial_stop_loss_ratio":-0.05,"stop_loss_abs":0.18691,"stop_loss_ratio":-0.05,"min_rate":0.19664,"max_rate":0.1985,"is_open":false,"enter_tag":"","leverage":1.0,"is_short":false,"open_timestamp":1761336000000,"close_timestamp":1761343200000,"orders":[{"amount":1677.0,"safe_price":0.19674,"ft_order_side":"buy","order_filled_timestamp":1761336000000,"ft_is_entry":true,"ft_order_tag":"","cost":330.26291297999995},{"amount":1677.0,"safe_price":0.19815,"ft_order_side":"sell","order_filled_timestamp":1761343200000,"ft_is_entry":false,"ft_order_tag":"roi","cost":332.62984754999997}],"funding_fees":0.0,"weekday":4},{"pair":"DOGE/USDT","stake_amount":330.53916,"max_stake_amount":330.53916,"amount":1758.0,"open_date":"2025-11-02 05:00:00+00:00","close_date":"2025-11-02 07:00:00+00:00","open_rate":0.18802,"close_rate":0.18839641641641638,"fee_open":0.001,"fee_close":0.001,"trade_duration":120,"profit_ratio":0.0,"profit_abs":0.0,"exit_reason":"roi","initial_stop_loss_abs":0.17862,"initial_stop_loss_ratio":-0.05,"stop_loss_abs":0.17862,"stop_loss_ratio":-0.05,"min_rate":0.18701,"max_rate":0.18884,"is_open":false,"enter_tag":"","leverage":1.0,"is_short":false,"open_timestamp":1762059600000,"close_timestamp":1762066800000,"orders":[{"amount":1758.0,"safe_price":0.18802,"ft_order_side":"buy","order_filled_timestamp":1762059600000,"ft_is_entry":true,"ft_order_tag":"","cost":330.8696991599999},{"amount":1758.0,"safe_price":0.18839641641641638,"ft_order_side":"sell","order_filled_timestamp":1762066800000,"ft_is_entry":false,"ft_order_tag":"roi","cost":331.53210096012003}],"funding_fees":0.0,"weekday":6},{"pair":"DOGE/USDT","stake_amount":330.51124,"max_stake_amount":330.51124,"amount":2012.0,"open_date":"2025-11-05 13:00:00+00:00","close_date":"2025-11-05 15:00:00+00:00","open_rate":0.16427,"close_rate":0.16582,"fee_open":0.001,"fee_close":0.001,"trade_duration":120,"profit_ratio":0.00741883063670365,"profit_abs":2.45445892,"exit_reason":"roi","initial_stop_loss_abs":0.15606,"initial_stop_loss_ratio":-0.05,"stop_loss_abs":0.15606,"stop_loss_ratio":-0.05,"min_rate":0.16342,"max_rate":0.16736,"is_open":false,"enter_tag":"","leverage":1.0,"is_short":false,"open_timestamp":1762347600000,"close_timestamp":1762354800000,"orders":[{"amount":2012.0,"safe_price":0.16427,"ft_order_side":"buy","order_filled_timestamp":1762347600000,"ft_is_entry":true,"ft_order_tag":"","cost":330.84175123999995},{"amount":2012.0,"safe_price":0.16582,"ft_order_side":"sell","order_filled_timestamp":1762354800000,"ft_is_entry":false,"ft_order_tag":"roi","cost":333.96346983999996}],"funding_fees":0.0,"weekday":2},{"pair":"DOGE/USDT","stake_amount":331.2309,"max_stake_amount":331.2309,"amount":2002.0,"open_date":"2025-11-07 15:00:00+00:00","close_date":"2025-11-07 16:00:00+00:00","open_rate":0.16545,"close_rate":0.174062012012012,"fee_open":0.001,"fee_close":0.001,"trade_duration":60,"profit_ratio":0.049950049950049945,"profit_abs":16.561545,"exit_reason":"roi","initial_stop_loss_abs":0.15718,"initial_stop_loss_ratio":-0.05,"stop_loss_abs":0.15718,"stop_loss_ratio":-0.05,"min_rate":0.16408,"max_rate":0.17555,"is_open":false,"enter_tag":"","leverage":1.0,"is_short":false,"open_timestamp":1762527600000,"close_timestamp":1762531200000,"orders":[{"amount":2002.0,"safe_price":0.16545,"ft_order_side":"buy","order_filled_timestamp":1762527600000,"ft_is_entry":true,"ft_order_tag":"","cost":331.5621309},{"amount":2002.0,"safe_price":0.174062012012012,"ft_order_side":"sell","order_filled_timestamp":1762531200000,"ft_is_entry":false,"ft_order_tag":"roi","cost":348.820620196096}],"funding_fees":0.0,"weekday":4},{"pair":"DOGE/USDT","stake_amount":336.75884,"max_stake_amount":336.75884,"amount":1837.0,"open_date":"2025-11-10 23:00:00+00:00","close_date":"2025-11-11 01:00:00+00:00","open_rate":0.18332,"close_rate":0.183687007007007,"fee_open":0.001,"fee_close":0.001,"trade_duration":120,"profit_ratio":0.0,"profit_abs":0.0,"exit_reason":"roi","initial_stop_loss_abs":0.17416,"initial_stop_loss_ratio":-0.05,"stop_loss_abs":0.17416,"stop_loss_ratio":-0.05,"min_rate":0.17933,"max_rate":0.1864,"is_open":false,"enter_tag":"","leverage":1.0,"is_short":false,"open_timestamp":1762815600000,"close_timestamp":1762822800000,"orders":[{"amount":1837.0,"safe_price":0.18332,"ft_order_side":"buy","order_filled_timestamp":1762815600000,"ft_is_entry":true,"ft_order_tag":"","cost":337.09559884},{"amount":1837.0,"safe_price":0.183687007007007,"ft_order_side":"sell","order_filled_timestamp":1762822800000,"ft_is_entry":false,"ft_order_tag":"roi","cost":337.7704649037437}],"funding_fees":0.0,"weekday":1},{"pair":"DOGE/USDT","stake_amount":336.76408,"max_stake_amount":336.76408,"amount":2252.0,"open_date":"2025-11-30 13:00:00+00:00","close_date":"2025-11-30 16:00:00+00:00","open_rate":0.14954,"close_rate":0.14983937937937936,"fee_open":0.001,"fee_close":0.001,"trade_duration":180,"profit_ratio":0.0,"profit_abs":0.0,"exit_reason":"roi","initial_stop_loss_abs":0.14207,"initial_stop_loss_ratio":-0.05,"stop_loss_abs":0.14207,"stop_loss_ratio":-0.05,"min_rate":0.14894,"max_rate":0.15059,"is_open":false,"enter_tag":"","leverage":1.0,"is_short":false,"open_timestamp":1764507600000,"close_timestamp":1764518400000,"orders":[{"amount":2252.0,"safe_price":0.14954,"ft_order_side":"buy","order_filled_timestamp":1764507600000,"ft_is_entry":true,"ft_order_tag":"","cost":337.10084408},{"amount":2252.0,"safe_price":0.14983937937937936,"ft_order_side":"sell","order_filled_timestamp":1764518400000,"ft_is_entry":false,"ft_order_tag":"roi","cost":337.77572064472463}],"funding_fees":0.0,"weekday":6},{"pair":"DOGE/USDT","stake_amount":336.7826,"max_stake_amount":336.7826,"amount":2302.0,"open_date":"2025-12-09 16:00:00+00:00","close_date":"2025-12-09 18:00:00+00:00","open_rate":0.1463,"close_rate":0.15095,"fee_open":0.001,"fee_close":0.001,"trade_duration":120,"profit_ratio":0.029722498963783997,"profit_abs":10.0200305,"exit_reason":"roi","initial_stop_loss_abs":0.13899,"initial_stop_loss_ratio":-0.05,"stop_loss_abs":0.13899,"stop_loss_ratio":-0.05,"min_rate":0.1463,"max_rate":0.15319,"is_open":false,"enter_tag":"","leverage":1.0,"is_short":false,"open_timestamp":1765296000000,"close_timestamp":1765303200000,"orders":[{"amount":2302.0,"safe_price":0.1463,"ft_order_side":"buy","order_filled_timestamp":1765296000000,"ft_is_entry":true,"ft_order_tag":"","cost":337.1193826},{"amount":2302.0,"safe_price":0.15095,"ft_order_side":"sell","order_filled_timestamp":1765303200000,"ft_is_entry":false,"ft_order_tag":"roi","cost":347.83438689999997}],"funding_fees":0.0,"weekday":1},{"pair":"DOGE/USDT","stake_amount":340.02875,"max_stake_amount":340.02875,"amount":2575.0,"open_date":"2025-12-22 04:00:00+00:00","close_date":"2025-12-22 07:00:00+00:00","open_rate":0.13205,"close_rate":0.13231436436436436,"fee_open":0.001,"fee_close":0.001,"trade_duration":180,"profit_ratio":0.0,"profit_abs":0.0,"exit_reason":"roi","initial_stop_loss_abs":0.12545,"initial_stop_loss_ratio":-0.05,"stop_loss_abs":0.12545,"stop_loss_ratio":-0.05,"min_rate":0.13151,"max_rate":0.13274,"is_open":false,"enter_tag":"","leverage":1.0,"is_short":false,"open_timestamp":1766376000000,"close_timestamp":1766386800000,"orders":[{"amount":2575.0,"safe_price":0.13205,"ft_order_side":"buy","order_filled_timestamp":1766376000000,"ft_is_entry":true,"ft_order_tag":"","cost":340.36877875},{"amount":2575.0,"safe_price":0.13231436436436436,"ft_order_side":"sell","order_filled_timestamp":1766386800000,"ft_is_entry":false,"ft_order_tag":"roi","cost":341.0501977264764}],"funding_fees":0.0,"weekday":0}],"locks":[],"best_pair":{"key":"DOGE/USDT","trades":9,"profit_mean":0.010266620545455248,"profit_mean_pct":1.03,"profit_total_abs":30.78914769,"profit_total":0.03078914769,"profit_total_pct":3.08,"duration_avg":"2:07:00","wins":5,"draws":4,"losses":0,"winrate":0.5555555555555556,"cagr":0.12087350970345678,"expectancy":3.42101641,"expectancy_ratio":100.0,"sortino":-100,"sharpe":1.0905666776524343,"calmar":-100,"sqn":1.7401,"profit_factor":0.0,"max_drawdown_account":0.0,"max_drawdown_abs":0.0},"worst_pair":{"key":"DOGE/USDT","trades":9,"profit_mean":0.010266620545455248,"profit_mean_pct":1.03,"profit_total_abs":30.78914769,"profit_total":0.03078914769,"profit_total_pct":3.08,"duration_avg":"2:07:00","wins":5,"draws":4,"losses":0,"winrate":0.5555555555555556,"cagr":0.12087350970345678,"expectancy":3.42101641,"expectancy_ratio":100.0,"sortino":-100,"sharpe":1.0905666776524343,"calmar":-100,"sqn":1.7401,"profit_factor":0.0,"max_drawdown_account":0.0,"max_drawdown_abs":0.0},"results_per_pair":[{"key":"DOGE/USDT","trades":9,"profit_mean":0.010266620545455248,"profit_mean_pct":1.03,"profit_total_abs":30.78914769,"profit_total":0.03078914769,"profit_total_pct":3.08,"duration_avg":"2:07:00","wins":5,"draws":4,"losses":0,"winrate":0.5555555555555556,"cagr":0.12087350970345678,"expectancy":3.42101641,"expectancy_ratio":100.0,"sortino":-100,"sharpe":1.0905666776524343,"calmar":-100,"sqn":1.7401,"profit_factor":0.0,"max_drawdown_account":0.0,"max_drawdown_abs":0.0},{"key":"TOTAL","trades":9,"profit_mean":0.010266620545455248,"profit_mean_pct":1.03,"profit_total_abs":30.78914769,"profit_total":0.03078914769,"profit_total_pct":3.08,"duration_avg":"2:07:00","wins":5,"draws":4,"losses":0,"winrate":0.5555555555555556,"cagr":0.12087350970345678,"expectancy":3.42101641,"expectancy_ratio":100.0,"sortino":-100,"sharpe":1.0905666776524343,"calmar":-100,"sqn":1.7401,"profit_factor":0.0,"max_drawdown_account":0.0,"max_drawdown_abs":0.0}],"results_per_enter_tag":[{"key":"","trades":9,"profit_mean":0.010266620545455248,"profit_mean_pct":1.03,"profit_total_abs":30.78914769,"profit_total":0.03078914769,"profit_total_pct":3.08,"duration_avg":"2:07:00","wins":5,"draws":4,"losses":0,"winrate":0.5555555555555556,"cagr":0.12087350970345678,"expectancy":3.42101641,"expectancy_ratio":100.0,"sortino":-100,"sharpe":1.0905666776524343,"calmar":-100,"sqn":1.7401,"profit_factor":0.0,"max_drawdown_account":0.0,"max_drawdown_abs":0.0},{"key":"TOTAL","trades":9,"profit_mean":0.010266620545455248,"profit_mean_pct":1.03,"profit_total_abs":30.78914769,"profit_total":0.03078914769,"profit_total_pct":3.08,"duration_avg":"2:07:00","wins":5,"draws":4,"losses":0,"winrate":0.5555555555555556,"cagr":0.12087350970345678,"expectancy":3.42101641,"expectancy_ratio":100.0,"sortino":-100,"sharpe":1.0905666776524343,"calmar":-100,"sqn":1.7401,"profit_factor":0.0,"max_drawdown_account":0.0,"max_drawdown_abs":0.0}],"exit_reason_summary":[{"key":"roi","trades":9,"profit_mean":0.010266620545455248,"profit_mean_pct":1.03,"profit_total_abs":30.78914769,"profit_total":0.03078914769,"profit_total_pct":3.08,"duration_avg":"2:07:00","wins":5,"draws":4,"losses":0,"winrate":0.5555555555555556,"cagr":0.12087350970345678,"expectancy":3.42101641,"expectancy_ratio":100.0,"sortino":-100,"sharpe":1.0905666776524343,"calmar":-100,"sqn":1.7401,"profit_factor":0.0,"max_drawdown_account":0.0,"max_drawdown_abs":0.0},{"key":"TOTAL","trades":9,"profit_mean":0.010266620545455248,"profit_mean_pct":1.03,"profit_total_abs":30.78914769,"profit_total":0.03078914769,"profit_total_pct":3.08,"duration_avg":"2:07:00","wins":5,"draws":4,"losses":0,"winrate":0.5555555555555556,"cagr":0.12087350970345678,"expectancy":3.42101641,"expectancy_ratio":100.0,"sortino":-100,"sharpe":1.0905666776524343,"calmar":-100,"sqn":1.7401,"profit_factor":0.0,"max_drawdown_account":0.0,"max_drawdown_abs":0.0}],"mix_tag_stats":[{"key":["","roi"],"trades":9,"profit_mean":0.010266620545455248,"profit_mean_pct":1.03,"profit_total_abs":30.78914769,"profit_total":0.03078914769,"profit_total_pct":3.08,"duration_avg":"2:07:00","wins":5,"draws":4,"losses":0,"winrate":0.5555555555555556,"cagr":0.12087350970345678,"expectancy":3.42101641,"expectancy_ratio":100.0,"sortino":-100,"sharpe":1.0905666776524343,"calmar":-100,"sqn":1.7401,"profit_factor":0.0,"max_drawdown_account":0.0,"max_drawdown_abs":0.0},{"key":"TOTAL","trades":9,"profit_mean":0.010266620545455248,"profit_mean_pct":1.03,"profit_total_abs":30.78914769,"profit_total":0.03078914769,"profit_total_pct":3.08,"duration_avg":"2:07:00","wins":5,"draws":4,"losses":0,"winrate":0.5555555555555556,"cagr":0.12087350970345678,"expectancy":3.42101641,"expectancy_ratio":100.0,"sortino":-100,"sharpe":1.0905666776524343,"calmar":-100,"sqn":1.7401,"profit_factor":0.0,"max_drawdown_account":0.0,"max_drawdown_abs":0.0}],"left_open_trades":[{"key":"TOTAL","trades":0,"profit_mean":0.0,"profit_mean_pct":0.0,"profit_total_abs":0.0,"profit_total":0.0,"profit_total_pct":0.0,"duration_avg":"0:00","wins":0,"draws":0,"losses":0,"winrate":0.0,"cagr":0.0,"expectancy":0.0,"expectancy_ratio":100.0,"sortino":0,"sharpe":0,"calmar":0,"sqn":0.0,"profit_factor":0.0,"max_drawdown_account":0.0,"max_drawdown_abs":0.0}],"total_trades":9,"trade_count_long":9,"trade_count_short":0,"total_volume":6047.964813471161,"avg_stake_amount":333.6162122222222,"profit_mean":0.010266620545455248,"profit_median":0.00015370752336648063,"profit_total":0.03078914769,"profit_total_long":0.03078914769,"profit_total_short":0.0,"profit_total_abs":30.78914769,"profit_total_long_abs":30.78914769,"profit_total_short_abs":0.0,"cagr":0.12087350970345678,"expectancy":3.42101641,"expectancy_ratio":100.0,"sortino":-100,"sharpe":1.0905666776524343,"calmar":-100,"sqn":1.7401,"profit_factor":0.0,"backtest_start":"2025-10-01 00:00:00","backtest_start_ts":1759276800000,"backtest_end":"2026-01-06 20:00:00","backtest_end_ts":1767729600000,"backtest_days":97,"backtest_run_start_ts":1767739216,"backtest_run_end_ts":1767739216,"trades_per_day":0.09,"market_change":-0.36632086436227446,"pairlist":["DOGE/USDT"],"stake_amount":"unlimited","stake_currency":"USDT","stake_currency_decimals":3,"starting_balance":1000,"dry_run_wallet":1000,"final_balance":1030.78914769,"rejected_signals":0,"timedout_entry_orders":0,"timedout_exit_orders":0,"canceled_trade_entries":0,"canceled_entry_orders":0,"replaced_entry_orders":0,"max_open_trades":1,"max_open_trades_setting":3,"timeframe":"1h","timeframe_detail":"","timerange":"20251001-","enable_protections":false,"strategy_name":"ACO_39_5","freqaimodel":null,"freqai_identifier":null,"stoploss":-0.05,"trailing_stop":false,"trailing_stop_positive":null,"trailing_stop_positive_offset":0.0,"trailing_only_offset_is_reached":false,"use_custom_stoploss":false,"minimal_roi":{"0":0.1,"60":0.05,"120":0.0},"use_exit_signal":true,"exit_profit_only":false,"exit_profit_offset":0.0,"ignore_roi_if_entry_signal":false,"trading_mode":"spot","margin_mode":"","periodic_breakdown":{"day":[{"date":"15/10/2025","date_ts":1760486400000,"profit_abs":0.0507738,"wins":1,"draws":0,"losses":0,"trades":1,"profit_factor":0.0},{"date":"16/10/2025","date_ts":1760572800000,"profit_abs":0.0,"wins":0,"draws":0,"losses":0,"trades":0,"profit_factor":0.0},{"date":"17/10/2025","date_ts":1760659200000,"profit_abs":0.0,"wins":0,"draws":0,"losses":0,"trades":0,"profit_factor":0.0},{"date":"18/10/2025","date_ts":1760745600000,"profit_abs":0.0,"wins":0,"draws":0,"losses":0,"trades":0,"profit_factor":0.0},{"date":"19/10/2025","date_ts":1760832000000,"profit_abs":0.0,"wins":0,"draws":0,"losses":0,"trades":0,"profit_factor":0.0},{"date":"20/10/2025","date_ts":1760918400000,"profit_abs":0.0,"wins":0,"draws":0,"losses":0,"trades":0,"profit_factor":0.0},{"date":"21/10/2025","date_ts":1761004800000,"profit_abs":0.0,"wins":0,"draws":0,"losses":0,"trades":0,"profit_factor":0.0},{"date":"22/10/2025","date_ts":1761091200000,"profit_abs":0.0,"wins":0,"draws":0,"losses":0,"trades":0,"profit_factor":0.0},{"date":"23/10/2025","date_ts":1761177600000,"profit_abs":0.0,"wins":0,"draws":0,"losses":0,"trades":0,"profit_factor":0.0},{"date":"24/10/2025","date_ts":1761264000000,"profit_abs":1.70233947,"wins":1,"draws":0,"losses":0,"trades":1,"profit_factor":0.0},{"date":"25/10/2025","date_ts":1761350400000,"profit_abs":0.0,"wins":0,"draws":0,"losses":0,"trades":0,"profit_factor":0.0},{"date":"26/10/2025","date_ts":1761436800000,"profit_abs":0.0,"wins":0,"draws":0,"losses":0,"trades":0,"profit_factor":0.0},{"date":"27/10/2025","date_ts":1761523200000,"profit_abs":0.0,"wins":0,"draws":0,"losses":0,"trades":0,"profit_factor":0.0},{"date":"28/10/2025","date_ts":1761609600000,"profit_abs":0.0,"wins":0,"draws":0,"losses":0,"trades":0,"profit_factor":0.0},{"date":"29/10/2025","date_ts":1761696000000,"profit_abs":0.0,"wins":0,"draws":0,"losses":0,"trades":0,"profit_factor":0.0},{"date":"30/10/2025","date_ts":1761782400000,"profit_abs":0.0,"wins":0,"draws":0,"losses":0,"trades":0,"profit_factor":0.0},{"date":"31/10/2025","date_ts":1761868800000,"profit_abs":0.0,"wins":0,"draws":0,"losses":0,"trades":0,"profit_factor":0.0},{"date":"01/11/2025","date_ts":1761955200000,"profit_abs":0.0,"wins":0,"draws":0,"losses":0,"trades":0,"profit_factor":0.0},{"date":"02/11/2025","date_ts":1762041600000,"profit_abs":0.0,"wins":0,"draws":1,"losses":0,"trades":1,"profit_factor":0.0},{"date":"03/11/2025","date_ts":1762128000000,"profit_abs":0.0,"wins":0,"draws":0,"losses":0,"trades":0,"profit_factor":0.0},{"date":"04/11/2025","date_ts":1762214400000,"profit_abs":0.0,"wins":0,"draws":0,"losses":0,"trades":0,"profit_factor":0.0},{"date":"05/11/2025","date_ts":1762300800000,"profit_abs":2.45445892,"wins":1,"draws":0,"losses":0,"trades":1,"profit_factor":0.0},{"date":"06/11/2025","date_ts":1762387200000,"profit_abs":0.0,"wins":0,"draws":0,"losses":0,"trades":0,"profit_factor":0.0},{"date":"07/11/2025","date_ts":1762473600000,"profit_abs":16.561545,"wins":1,"draws":0,"losses":0,"trades":1,"profit_factor":0.0},{"date":"08/11/2025","date_ts":1762560000000,"profit_abs":0.0,"wins":0,"draws":0,"losses":0,"trades":0,"profit_factor":0.0},{"date":"09/11/2025","date_ts":1762646400000,"profit_abs":0.0,"wins":0,"draws":0,"losses":0,"trades":0,"profit_factor":0.0},{"date":"10/11/2025","date_ts":1762732800000,"profit_abs":0.0,"wins":0,"draws":0,"losses":0,"trades":0,"profit_factor":0.0},{"date":"11/11/2025","date_ts":1762819200000,"profit_abs":0.0,"wins":0,"draws":1,"losses":0,"trades":1,"profit_factor":0.0},{"date":"12/11/2025","date_ts":1762905600000,"profit_abs":0.0,"wins":0,"draws":0,"losses":0,"trades":0,"profit_factor":0.0},{"date":"13/11/2025","date_ts":1762992000000,"profit_abs":0.0,"wins":0,"draws":0,"losses":0,"trades":0,"profit_factor":0.0},{"date":"14/11/2025","date_ts":1763078400000,"profit_abs":0.0,"wins":0,"draws":0,"losses":0,"trades":0,"profit_factor":0.0},{"date":"15/11/2025","date_ts":1763164800000,"profit_abs":0.0,"wins":0,"draws":0,"losses":0,"trades":0,"profit_factor":0.0},{"date":"16/11/2025","date_ts":1763251200000,"profit_abs":0.0,"wins":0,"draws":0,"losses":0,"trades":0,"profit_factor":0.0},{"date":"17/11/2025","date_ts":1763337600000,"profit_abs":0.0,"wins":0,"draws":0,"losses":0,"trades":0,"profit_factor":0.0},{"date":"18/11/2025","date_ts":1763424000000,"profit_abs":0.0,"wins":0,"draws":0,"losses":0,"trades":0,"profit_factor":0.0},{"date":"19/11/2025","date_ts":1763510400000,"profit_abs":0.0,"wins":0,"draws":0,"losses":0,"trades":0,"profit_factor":0.0},{"date":"20/11/2025","date_ts":1763596800000,"profit_abs":0.0,"wins":0,"draws":0,"losses":0,"trades":0,"profit_factor":0.0},{"date":"21/11/2025","date_ts":1763683200000,"profit_abs":0.0,"wins":0,"draws":0,"losses":0,"trades":0,"profit_factor":0.0},{"date":"22/11/2025","date_ts":1763769600000,"profit_abs":0.0,"wins":0,"draws":0,"losses":0,"trades":0,"profit_factor":0.0},{"date":"23/11/2025","date_ts":1763856000000,"profit_abs":0.0,"wins":0,"draws":0,"losses":0,"trades":0,"profit_factor":0.0},{"date":"24/11/2025","date_ts":1763942400000,"profit_abs":0.0,"wins":0,"draws":0,"losses":0,"trades":0,"profit_factor":0.0},{"date":"25/11/2025","date_ts":1764028800000,"profit_abs":0.0,"wins":0,"draws":0,"losses":0,"trades":0,"profit_factor":0.0},{"date":"26/11/2025","date_ts":1764115200000,"profit_abs":0.0,"wins":0,"draws":0,"losses":0,"trades":0,"profit_factor":0.0},{"date":"27/11/2025","date_ts":1764201600000,"profit_abs":0.0,"wins":0,"draws":0,"losses":0,"trades":0,"profit_factor":0.0},{"date":"28/11/2025","date_ts":1764288000000,"profit_abs":0.0,"wins":0,"draws":0,"losses":0,"trades":0,"profit_factor":0.0},{"date":"29/11/2025","date_ts":1764374400000,"profit_abs":0.0,"wins":0,"draws":0,"losses":0,"trades":0,"profit_factor":0.0},{"date":"30/11/2025","date_ts":1764460800000,"profit_abs":0.0,"wins":0,"draws":1,"losses":0,"trades":1,"profit_factor":0.0},{"date":"01/12/2025","date_ts":1764547200000,"profit_abs":0.0,"wins":0,"draws":0,"losses":0,"trades":0,"profit_factor":0.0},{"date":"02/12/2025","date_ts":1764633600000,"profit_abs":0.0,"wins":0,"draws":0,"losses":0,"trades":0,"profit_factor":0.0},{"date":"03/12/2025","date_ts":1764720000000,"profit_abs":0.0,"wins":0,"draws":0,"losses":0,"trades":0,"profit_factor":0.0},{"date":"04/12/2025","date_ts":1764806400000,"profit_abs":0.0,"wins":0,"draws":0,"losses":0,"trades":0,"profit_factor":0.0},{"date":"05/12/2025","date_ts":1764892800000,"profit_abs":0.0,"wins":0,"draws":0,"losses":0,"trades":0,"profit_factor":0.0},{"date":"06/12/2025","date_ts":1764979200000,"profit_abs":0.0,"wins":0,"draws":0,"losses":0,"trades":0,"profit_factor":0.0},{"date":"07/12/2025","date_ts":1765065600000,"profit_abs":0.0,"wins":0,"draws":0,"losses":0,"trades":0,"profit_factor":0.0},{"date":"08/12/2025","date_ts":1765152000000,"profit_abs":0.0,"wins":0,"draws":0,"losses":0,"trades":0,"profit_factor":0.0},{"date":"09/12/2025","date_ts":1765238400000,"profit_abs":10.0200305,"wins":1,"draws":0,"losses":0,"trades":1,"profit_factor":0.0},{"date":"10/12/2025","date_ts":1765324800000,"profit_abs":0.0,"wins":0,"draws":0,"losses":0,"trades":0,"profit_factor":0.0},{"date":"11/12/2025","date_ts":1765411200000,"profit_abs":0.0,"wins":0,"draws":0,"losses":0,"trades":0,"profit_factor":0.0},{"date":"12/12/2025","date_ts":1765497600000,"profit_abs":0.0,"wins":0,"draws":0,"losses":0,"trades":0,"profit_factor":0.0},{"date":"13/12/2025","date_ts":1765584000000,"profit_abs":0.0,"wins":0,"draws":0,"losses":0,"trades":0,"profit_factor":0.0},{"date":"14/12/2025","date_ts":1765670400000,"profit_abs":0.0,"wins":0,"draws":0,"losses":0,"trades":0,"profit_factor":0.0},{"date":"15/12/2025","date_ts":1765756800000,"profit_abs":0.0,"wins":0,"draws":0,"losses":0,"trades":0,"profit_factor":0.0},{"date":"16/12/2025","date_ts":1765843200000,"profit_abs":0.0,"wins":0,"draws":0,"losses":0,"trades":0,"profit_factor":0.0},{"date":"17/12/2025","date_ts":1765929600000,"profit_abs":0.0,"wins":0,"draws":0,"losses":0,"trades":0,"profit_factor":0.0},{"date":"18/12/2025","date_ts":1766016000000,"profit_abs":0.0,"wins":0,"draws":0,"losses":0,"trades":0,"profit_factor":0.0},{"date":"19/12/2025","date_ts":1766102400000,"profit_abs":0.0,"wins":0,"draws":0,"losses":0,"trades":0,"profit_factor":0.0},{"date":"20/12/2025","date_ts":1766188800000,"profit_abs":0.0,"wins":0,"draws":0,"losses":0,"trades":0,"profit_factor":0.0},{"date":"21/12/2025","date_ts":1766275200000,"profit_abs":0.0,"wins":0,"draws":0,"losses":0,"trades":0,"profit_factor":0.0},{"date":"22/12/2025","date_ts":1766361600000,"profit_abs":0.0,"wins":0,"draws":1,"losses":0,"trades":1,"profit_factor":0.0}],"week":[{"date":"20/10/2025","date_ts":1760918400000,"profit_abs":0.0507738,"wins":1,"draws":0,"losses":0,"trades":1,"profit_factor":0.0},{"date":"27/10/2025","date_ts":1761523200000,"profit_abs":1.70233947,"wins":1,"draws":0,"losses":0,"trades":1,"profit_factor":0.0},{"date":"03/11/2025","date_ts":1762128000000,"profit_abs":0.0,"wins":0,"draws":1,"losses":0,"trades":1,"profit_factor":0.0},{"date":"10/11/2025","date_ts":1762732800000,"profit_abs":19.01600392,"wins":2,"draws":0,"losses":0,"trades":2,"profit_factor":0.0},{"date":"17/11/2025","date_ts":1763337600000,"profit_abs":0.0,"wins":0,"draws":1,"losses":0,"trades":1,"profit_factor":0.0},{"date":"24/11/2025","date_ts":1763942400000,"profit_abs":0.0,"wins":0,"draws":0,"losses":0,"trades":0,"profit_factor":0.0},{"date":"01/12/2025","date_ts":1764547200000,"profit_abs":0.0,"wins":0,"draws":1,"losses":0,"trades":1,"profit_factor":0.0},{"date":"08/12/2025","date_ts":1765152000000,"profit_abs":0.0,"wins":0,"draws":0,"losses":0,"trades":0,"profit_factor":0.0},{"date":"15/12/2025","date_ts":1765756800000,"profit_abs":10.0200305,"wins":1,"draws":0,"losses":0,"trades":1,"profit_factor":0.0},{"date":"22/12/2025","date_ts":1766361600000,"profit_abs":0.0,"wins":0,"draws":1,"losses":0,"trades":1,"profit_factor":0.0}],"month":[{"date":"31/10/2025","date_ts":1761868800000,"profit_abs":1.75311327,"wins":2,"draws":0,"losses":0,"trades":2,"profit_factor":0.0},{"date":"30/11/2025","date_ts":1764460800000,"profit_abs":19.01600392,"wins":2,"draws":3,"losses":0,"trades":5,"profit_factor":0.0},{"date":"31/12/2025","date_ts":1767139200000,"profit_abs":10.0200305,"wins":1,"draws":1,"losses":0,"trades":2,"profit_factor":0.0}],"year":[{"date":"31/12/2025","date_ts":1767139200000,"profit_abs":30.78914769,"wins":5,"draws":4,"losses":0,"trades":9,"profit_factor":0.0}],"weekday":[{"date":"Monday","date_ts":0,"profit_abs":0.0,"wins":0,"draws":1,"losses":0,"trades":1,"profit_factor":0.0},{"date":"Tuesday","date_ts":1,"profit_abs":10.0200305,"wins":1,"draws":1,"losses":0,"trades":2,"profit_factor":0.0},{"date":"Wednesday","date_ts":2,"profit_abs":2.50523272,"wins":2,"draws":0,"losses":0,"trades":2,"profit_factor":0.0},{"date":"Friday","date_ts":4,"profit_abs":18.26388447,"wins":2,"draws":0,"losses":0,"trades":2,"profit_factor":0.0},{"date":"Sunday","date_ts":6,"profit_abs":0.0,"wins":0,"draws":2,"losses":0,"trades":2,"profit_factor":0.0}]},"backtest_best_day":0.049950049950049945,"backtest_worst_day":0.0,"backtest_best_day_abs":16.561545,"backtest_worst_day_abs":0.0,"winning_days":5,"draw_days":64,"losing_days":0,"daily_profit":[["2025-10-15",0.0507738],["2025-10-16",0.0],["2025-10-17",0.0],["2025-10-18",0.0],["2025-10-19",0.0],["2025-10-20",0.0],["2025-10-21",0.0],["2025-10-22",0.0],["2025-10-23",0.0],["2025-10-24",1.70233947],["2025-10-25",0.0],["2025-10-26",0.0],["2025-10-27",0.0],["2025-10-28",0.0],["2025-10-29",0.0],["2025-10-30",0.0],["2025-10-31",0.0],["2025-11-01",0.0],["2025-11-02",0.0],["2025-11-03",0.0],["2025-11-04",0.0],["2025-11-05",2.45445892],["2025-11-06",0.0],["2025-11-07",16.561545],["2025-11-08",0.0],["2025-11-09",0.0],["2025-11-10",0.0],["2025-11-11",0.0],["2025-11-12",0.0],["2025-11-13",0.0],["2025-11-14",0.0],["2025-11-15",0.0],["2025-11-16",0.0],["2025-11-17",0.0],["2025-11-18",0.0],["2025-11-19",0.0],["2025-11-20",0.0],["2025-11-21",0.0],["2025-11-22",0.0],["2025-11-23",0.0],["2025-11-24",0.0],["2025-11-25",0.0],["2025-11-26",0.0],["2025-11-27",0.0],["2025-11-28",0.0],["2025-11-29",0.0],["2025-11-30",0.0],["2025-12-01",0.0],["2025-12-02",0.0],["2025-12-03",0.0],["2025-12-04",0.0],["2025-12-05",0.0],["2025-12-06",0.0],["2025-12-07",0.0],["2025-12-08",0.0],["2025-12-09",10.0200305],["2025-12-10",0.0],["2025-12-11",0.0],["2025-12-12",0.0],["2025-12-13",0.0],["2025-12-14",0.0],["2025-12-15",0.0],["2025-12-16",0.0],["2025-12-17",0.0],["2025-12-18",0.0],["2025-12-19",0.0],["2025-12-20",0.0],["2025-12-21",0.0],["2025-12-22",0.0]],"wins":5,"losses":0,"draws":4,"winrate":0.5555555555555556,"holding_avg":"2:07:00","holding_avg_s":7620.0,"winner_holding_min":"0d 01:00","winner_holding_min_s":3600.0,"winner_holding_max":"0d 02:00","winner_holding_max_s":7200.0,"winner_holding_avg":"0d 01:48","winner_holding_avg_s":6480.0,"loser_holding_min":"0d 00:00","loser_holding_min_s":0.0,"loser_holding_max":"0d 00:00","loser_holding_max_s":0.0,"loser_holding_avg":"0d 00:00","loser_holding_avg_s":0.0,"max_consecutive_wins":2,"max_consecutive_losses":2,"max_drawdown_account":0.0,"max_relative_drawdown":0.0,"max_drawdown_abs":0.0,"drawdown_start":"2025-10-15 07:00:00","drawdown_start_ts":1760511600000.0,"drawdown_end":"2025-10-15 07:00:00","drawdown_end_ts":1760511600000.0,"drawdown_duration":"0 days 00:00:00","drawdown_duration_s":0.0,"max_drawdown_low":0.0,"max_drawdown_high":0.0,"csum_min":1000.0507738,"csum_max":1030.78914769}},"strategy_comparison":[{"key":"ACO_39_5","trades":9,"profit_mean":0.010266620545455248,"profit_mean_pct":1.03,"profit_total_abs":30.78914769,"profit_total":0.03078914769,"profit_total_pct":3.08,"duration_avg":"2:07:00","wins":5,"draws":4,"losses":0,"winrate":0.5555555555555556,"cagr":0.12087350970345678,"expectancy":3.42101641,"expectancy_ratio":100.0,"sortino":-100,"sharpe":1.0905666776524343,"calmar":-100,"sqn":1.7401,"profit_factor":0.0,"max_drawdown_account":0.0,"max_drawdown_abs":"0"}]}