{"strategy":{"ACO_88_12":{"trades":[{"pair":"DOGE/USDT","stake_amount":329.988,"max_stake_amount":329.988,"amount":1285.0,"open_date":"2025-10-02 13:00:00+00:00","close_date":"2025-10-02 16:00:00+00:00","open_rate":0.2568,"close_rate":0.25731411411411403,"fee_open":0.001,"fee_close":0.001,"trade_duration":180,"profit_ratio":0.0,"profit_abs":0.0,"exit_reason":"roi","initial_stop_loss_abs":0.24396,"initial_stop_loss_ratio":-0.05,"stop_loss_abs":0.24396,"stop_loss_ratio":-0.05,"min_rate":0.25046,"max_rate":0.2578,"is_open":false,"enter_tag":"","leverage":1.0,"is_short":false,"open_timestamp":1759410000000,"close_timestamp":1759420800000,"orders":[{"amount":1285.0,"safe_price":0.2568,"ft_order_side":"buy","order_filled_timestamp":1759410000000,"ft_is_entry":true,"ft_order_tag":"","cost":330.3179879999999},{"amount":1285.0,"safe_price":0.25731411411411403,"ft_order_side":"sell","order_filled_timestamp":1759420800000,"ft_is_entry":false,"ft_order_tag":"roi","cost":330.97928527327315}],"funding_fees":0.0,"weekday":3},{"pair":"DOGE/USDT","stake_amount":329.82932,"max_stake_amount":329.82932,"amount":1289.0,"open_date":"2025-10-02 17:00:00+00:00","close_date":"2025-10-02 19:00:00+00:00","open_rate":0.25588,"close_rate":0.25882,"fee_open":0.001,"fee_close":0.001,"trade_duration":120,"profit_ratio":0.009468802262299214,"profit_abs":3.1262117,"exit_reason":"roi","initial_stop_loss_abs":0.24309,"initial_stop_loss_ratio":-0.05,"stop_loss_abs":0.24309,"stop_loss_ratio":-0.05,"min_rate":0.25482,"max_rate":0.2608,"is_open":false,"enter_tag":"","leverage":1.0,"is_short":false,"open_timestamp":1759424400000,"close_timestamp":1759431600000,"orders":[{"amount":1289.0,"safe_price":0.25588,"ft_order_side":"buy","order_filled_timestamp":1759424400000,"ft_is_entry":true,"ft_order_tag":"","cost":330.15914932},{"amount":1289.0,"safe_price":0.25882,"ft_order_side":"sell","order_filled_timestamp":1759431600000,"ft_is_entry":false,"ft_order_tag":"roi","cost":333.95259897999995}],"funding_fees":0.0,"weekday":3},{"pair":"DOGE/USDT","stake_amount":330.803,"max_stake_amount":330.803,"amount":1276.0,"open_date":"2025-10-03 04:00:00+00:00","close_date":"2025-10-03 15:00:00+00:00","open_rate":0.25925,"close_rate":0.259769019019019,"fee_open":0.001,"fee_close":0.001,"trade_duration":660,"profit_ratio":0.0,"profit_abs":0.0,"exit_reason":"roi","initial_stop_loss_abs":0.24629,"initial_stop_loss_ratio":-0.05,"stop_loss_abs":0.24629,"stop_loss_ratio":-0.05,"min_rate":0.25274,"max_rate":0.26146,"is_open":false,"enter_tag":"","leverage":1.0,"is_short":false,"open_timestamp":1759464000000,"close_timestamp":1759503600000,"orders":[{"amount":1276.0,"safe_price":0.25925,"ft_order_side":"buy","order_filled_timestamp":1759464000000,"ft_is_entry":true,"ft_order_tag":"","cost":331.13380299999994},{"amount":1276.0,"safe_price":0.259769019019019,"ft_order_side":"sell","order_filled_timestamp":1759503600000,"ft_is_entry":false,"ft_order_tag":"roi","cost":331.79673353653646}],"funding_fees":0.0,"weekday":4},{"pair":"DOGE/USDT","stake_amount":330.99825,"max_stake_amount":330.99825,"amount":1325.0,"open_date":"2025-10-07 23:00:00+00:00","close_date":"2025-10-08 02:00:00+00:00","open_rate":0.24981,"close_rate":0.2503101201201201,"fee_open":0.001,"fee_close":0.001,"trade_duration":180,"profit_ratio":0.0,"profit_abs":0.0,"exit_reason":"roi","initial_stop_loss_abs":0.23732,"initial_stop_loss_ratio":-0.05,"stop_loss_abs":0.23732,"stop_loss_ratio":-0.05,"min_rate":0.24622,"max_rate":0.25061,"is_open":false,"enter_tag":"","leverage":1.0,"is_short":false,"open_timestamp":1759878000000,"close_timestamp":1759888800000,"orders":[{"amount":1325.0,"safe_price":0.24981,"ft_order_side":"buy","order_filled_timestamp":1759878000000,"ft_is_entry":true,"ft_order_tag":"","cost":331.3292482499999},{"amount":1325.0,"safe_price":0.2503101201201201,"ft_order_side":"sell","order_filled_timestamp":1759888800000,"ft_is_entry":false,"ft_order_tag":"roi","cost":331.99257006831823}],"funding_fees":0.0,"weekday":2},{"pair":"DOGE/USDT","stake_amount":330.83904,"max_stake_amount":330.83904,"amount":1344.0,"open_date":"2025-10-08 07:00:00+00:00","close_date":"2025-10-08 09:00:00+00:00","open_rate":0.24616,"close_rate":0.24835,"fee_open":0.001,"fee_close":0.001,"trade_duration":120,"profit_ratio":0.006880875056045676,"profit_abs":2.27873856,"exit_reason":"roi","initial_stop_loss_abs":0.23386,"initial_stop_loss_ratio":-0.05,"stop_loss_abs":0.23386,"stop_loss_ratio":-0.05,"min_rate":0.24539,"max_rate":0.24949,"is_open":false,"enter_tag":"","leverage":1.0,"is_short":false,"open_timestamp":1759906800000,"close_timestamp":1759914000000,"orders":[{"amount":1344.0,"safe_price":0.24616,"ft_order_side":"buy","order_filled_timestamp":1759906800000,"ft_is_entry":true,"ft_order_tag":"","cost":331.16987903999996},{"amount":1344.0,"safe_price":0.24835,"ft_order_side":"sell","order_filled_timestamp":1759914000000,"ft_is_entry":false,"ft_order_tag":"roi","cost":334.11618239999996}],"funding_fees":0.0,"weekday":2},{"pair":"DOGE/USDT","stake_amount":331.7567,"max_stake_amount":331.7567,"amount":1727.0,"open_date":"2025-10-11 07:00:00+00:00","close_date":"2025-10-11 09:00:00+00:00","open_rate":0.1921,"close_rate":0.19534,"fee_open":0.001,"fee_close":0.001,"trade_duration":120,"profit_ratio":0.014834514782458562,"profit_abs":4.92637112,"exit_reason":"roi","initial_stop_loss_abs":0.1825,"initial_stop_loss_ratio":-0.05,"stop_loss_abs":0.1825,"stop_loss_ratio":-0.05,"min_rate":0.1881,"max_rate":0.19776,"is_open":false,"enter_tag":"","leverage":1.0,"is_short":false,"open_timestamp":1760166000000,"close_timestamp":1760173200000,"orders":[{"amount":1727.0,"safe_price":0.1921,"ft_order_side":"buy","order_filled_timestamp":1760166000000,"ft_is_entry":true,"ft_order_tag":"","cost":332.08845669999994},{"amount":1727.0,"safe_price":0.19534,"ft_order_side":"sell","order_filled_timestamp":1760173200000,"ft_is_entry":false,"ft_order_tag":"roi","cost":337.68953218}],"funding_fees":0.0,"weekday":5},{"pair":"DOGE/USDT","stake_amount":333.23903,"max_stake_amount":333.23903,"amount":1801.0,"open_date":"2025-10-11 23:00:00+00:00","close_date":"2025-10-12 03:00:00+00:00","open_rate":0.18503,"close_rate":0.18540043043043042,"fee_open":0.001,"fee_close":0.001,"trade_duration":240,"profit_ratio":0.0,"profit_abs":0.0,"exit_reason":"roi","initial_stop_loss_abs":0.17578,"initial_stop_loss_ratio":-0.05,"stop_loss_abs":0.17578,"stop_loss_ratio":-0.05,"min_rate":0.18072,"max_rate":0.18675,"is_open":false,"enter_tag":"","leverage":1.0,"is_short":false,"open_timestamp":1760223600000,"close_timestamp":1760238000000,"orders":[{"amount":1801.0,"safe_price":0.18503,"ft_order_side":"buy","order_filled_timestamp":1760223600000,"ft_is_entry":true,"ft_order_tag":"","cost":333.57226903},{"amount":1801.0,"safe_price":0.18540043043043042,"ft_order_side":"sell","order_filled_timestamp":1760238000000,"ft_is_entry":false,"ft_order_tag":"roi","cost":334.24008138041034}],"funding_fees":0.0,"weekday":6},{"pair":"DOGE/USDT","stake_amount":333.22877,"max_stake_amount":333.22877,"amount":1799.0,"open_date":"2025-10-12 04:00:00+00:00","close_date":"2025-10-12 06:00:00+00:00","open_rate":0.18523,"close_rate":0.18862,"fee_open":0.001,"fee_close":0.001,"trade_duration":120,"profit_ratio":0.016267002446347045,"profit_abs":5.42605385,"exit_reason":"roi","initial_stop_loss_abs":0.17597,"initial_stop_loss_ratio":-0.05,"stop_loss_abs":0.17597,"stop_loss_ratio":-0.05,"min_rate":0.1848,"max_rate":0.19118,"is_open":false,"enter_tag":"","leverage":1.0,"is_short":false,"open_timestamp":1760241600000,"close_timestamp":1760248800000,"orders":[{"amount":1799.0,"safe_price":0.18523,"ft_order_side":"buy","order_filled_timestamp":1760241600000,"ft_is_entry":true,"ft_order_tag":"","cost":333.56199876999995},{"amount":1799.0,"safe_price":0.18862,"ft_order_side":"sell","order_filled_timestamp":1760248800000,"ft_is_entry":false,"ft_order_tag":"roi","cost":339.66670738}],"funding_fees":0.0,"weekday":6},{"pair":"DOGE/USDT","stake_amount":335.0676,"max_stake_amount":335.0676,"amount":1765.0,"open_date":"2025-10-12 13:00:00+00:00","close_date":"2025-10-12 14:00:00+00:00","open_rate":0.18984,"close_rate":0.19972156156156154,"fee_open":0.001,"fee_close":0.001,"trade_duration":60,"profit_ratio":0.04995004995004995,"profit_abs":16.75338,"exit_reason":"roi","initial_stop_loss_abs":0.18035,"initial_stop_loss_ratio":-0.05,"stop_loss_abs":0.18035,"stop_loss_ratio":-0.05,"min_rate":0.18624,"max_rate":0.19986,"is_open":false,"enter_tag":"","leverage":1.0,"is_short":false,"open_timestamp":1760274000000,"close_timestamp":1760277600000,"orders":[{"amount":1765.0,"safe_price":0.18984,"ft_order_side":"buy","order_filled_timestamp":1760274000000,"ft_is_entry":true,"ft_order_tag":"","cost":335.4026676},{"amount":1765.0,"safe_price":0.19972156156156154,"ft_order_side":"sell","order_filled_timestamp":1760277600000,"ft_is_entry":false,"ft_order_tag":"roi","cost":352.8610647123122}],"funding_fees":0.0,"weekday":6},{"pair":"DOGE/USDT","stake_amount":340.69518,"max_stake_amount":340.69518,"amount":1737.0,"open_date":"2025-10-12 15:00:00+00:00","close_date":"2025-10-12 16:00:00+00:00","open_rate":0.19614,"close_rate":0.2063494894894895,"fee_open":0.001,"fee_close":0.001,"trade_duration":60,"profit_ratio":0.04995004995004995,"profit_abs":17.034759,"exit_reason":"roi","initial_stop_loss_abs":0.18634,"initial_stop_loss_ratio":-0.05,"stop_loss_abs":0.18634,"stop_loss_ratio":-0.05,"min_rate":0.19562,"max_rate":0.2095,"is_open":false,"enter_tag":"","leverage":1.0,"is_short":false,"open_timestamp":1760281200000,"close_timestamp":1760284800000,"orders":[{"amount":1737.0,"safe_price":0.19614,"ft_order_side":"buy","order_filled_timestamp":1760281200000,"ft_is_entry":true,"ft_order_tag":"","cost":341.03587517999995},{"amount":1737.0,"safe_price":0.2063494894894895,"ft_order_side":"sell","order_filled_timestamp":1760284800000,"ft_is_entry":false,"ft_order_tag":"roi","cost":358.78749230648646}],"funding_fees":0.0,"weekday":6},{"pair":"DOGE/USDT","stake_amount":346.23182,"max_stake_amount":346.23182,"amount":1654.0,"open_date":"2025-10-13 02:00:00+00:00","close_date":"2025-10-13 04:00:00+00:00","open_rate":0.20933,"close_rate":0.20974907907907905,"fee_open":0.001,"fee_close":0.001,"trade_duration":120,"profit_ratio":0.0,"profit_abs":0.0,"exit_reason":"roi","initial_stop_loss_abs":0.19887,"initial_stop_loss_ratio":-0.05,"stop_loss_abs":0.19887,"stop_loss_ratio":-0.05,"min_rate":0.20642,"max_rate":0.20999,"is_open":false,"enter_tag":"","leverage":1.0,"is_short":false,"open_timestamp":1760320800000,"close_timestamp":1760328000000,"orders":[{"amount":1654.0,"safe_price":0.20933,"ft_order_side":"buy","order_filled_timestamp":1760320800000,"ft_is_entry":true,"ft_order_tag":"","cost":346.5780518199999},{"amount":1654.0,"safe_price":0.20974907907907905,"ft_order_side":"sell","order_filled_timestamp":1760328000000,"ft_is_entry":false,"ft_order_tag":"roi","cost":347.27190177359347}],"funding_fees":0.0,"weekday":0},{"pair":"DOGE/USDT","stake_amount":346.173,"max_stake_amount":346.173,"amount":1740.0,"open_date":"2025-10-14 15:00:00+00:00","close_date":"2025-10-14 17:00:00+00:00","open_rate":0.19895,"close_rate":0.20294,"fee_open":0.001,"fee_close":0.001,"trade_duration":120,"profit_ratio":0.018017217765898336,"profit_abs":6.2433114,"exit_reason":"roi","initial_stop_loss_abs":0.18901,"initial_stop_loss_ratio":-0.05,"stop_loss_abs":0.18901,"stop_loss_ratio":-0.05,"min_rate":0.19781,"max_rate":0.2071,"is_open":false,"enter_tag":"","leverage":1.0,"is_short":false,"open_timestamp":1760454000000,"close_timestamp":1760461200000,"orders":[{"amount":1740.0,"safe_price":0.19895,"ft_order_side":"buy","order_filled_timestamp":1760454000000,"ft_is_entry":true,"ft_order_tag":"","cost":346.51917299999997},{"amount":1740.0,"safe_price":0.20294,"ft_order_side":"sell","order_filled_timestamp":1760461200000,"ft_is_entry":false,"ft_order_tag":"roi","cost":353.4687156}],"funding_fees":0.0,"weekday":1},{"pair":"DOGE/USDT","stake_amount":348.29141,"max_stake_amount":348.29141,"amount":1751.0,"open_date":"2025-10-16 07:00:00+00:00","close_date":"2025-10-16 10:00:00+00:00","open_rate":0.19891,"close_rate":0.1993082182182182,"fee_open":0.001,"fee_close":0.001,"trade_duration":180,"profit_ratio":0.0,"profit_abs":0.0,"exit_reason":"roi","initial_stop_loss_abs":0.18897,"initial_stop_loss_ratio":-0.05,"stop_loss_abs":0.18897,"stop_loss_ratio":-0.05,"min_rate":0.19015,"max_rate":0.20062,"is_open":false,"enter_tag":"","leverage":1.0,"is_short":false,"open_timestamp":1760598000000,"close_timestamp":1760608800000,"orders":[{"amount":1751.0,"safe_price":0.19891,"ft_order_side":"buy","order_filled_timestamp":1760598000000,"ft_is_entry":true,"ft_order_tag":"","cost":348.63970140999993},{"amount":1751.0,"safe_price":0.1993082182182182,"ft_order_side":"sell","order_filled_timestamp":1760608800000,"ft_is_entry":false,"ft_order_tag":"roi","cost":349.33767879020013}],"funding_fees":0.0,"weekday":3},{"pair":"DOGE/USDT","stake_amount":348.3039,"max_stake_amount":348.3039,"amount":1830.0,"open_date":"2025-10-17 04:00:00+00:00","close_date":"2025-10-17 07:00:00+00:00","open_rate":0.19033,"close_rate":0.18082,"fee_open":0.001,"fee_close":0.001,"trade_duration":180,"profit_ratio":-0.05186401892123533,"profit_abs":-18.0825045,"exit_reason":"stop_loss","initial_stop_loss_abs":0.18082,"initial_stop_loss_ratio":-0.05,"stop_loss_abs":0.18082,"stop_loss_ratio":-0.05,"min_rate":0.17831,"max_rate":0.1905,"is_open":false,"enter_tag":"","leverage":1.0,"is_short":false,"open_timestamp":1760673600000,"close_timestamp":1760684400000,"orders":[{"amount":1830.0,"safe_price":0.19033,"ft_order_side":"buy","order_filled_timestamp":1760673600000,"ft_is_entry":true,"ft_order_tag":"","cost":348.65220389999996},{"amount":1830.0,"safe_price":0.18082,"ft_order_side":"sell","order_filled_timestamp":1760684400000,"ft_is_entry":false,"ft_order_tag":"stop_loss","cost":331.23150059999995}],"funding_fees":0.0,"weekday":4},{"pair":"DOGE/USDT","stake_amount":342.4044,"max_stake_amount":342.4044,"amount":1868.0,"open_date":"2025-10-17 14:00:00+00:00","close_date":"2025-10-17 16:00:00+00:00","open_rate":0.1833,"close_rate":0.18488,"fee_open":0.001,"fee_close":0.001,"trade_duration":120,"profit_ratio":0.006604524771464216,"profit_abs":2.26367976,"exit_reason":"roi","initial_stop_loss_abs":0.17414,"initial_stop_loss_ratio":-0.05,"stop_loss_abs":0.17414,"stop_loss_ratio":-0.05,"min_rate":0.17968,"max_rate":0.18726,"is_open":false,"enter_tag":"","leverage":1.0,"is_short":false,"open_timestamp":1760709600000,"close_timestamp":1760716800000,"orders":[{"amount":1868.0,"safe_price":0.1833,"ft_order_side":"buy","order_filled_timestamp":1760709600000,"ft_is_entry":true,"ft_order_tag":"","cost":342.7468044},{"amount":1868.0,"safe_price":0.18488,"ft_order_side":"sell","order_filled_timestamp":1760716800000,"ft_is_entry":false,"ft_order_tag":"roi","cost":345.70119583999997}],"funding_fees":0.0,"weekday":4},{"pair":"DOGE/USDT","stake_amount":343.03785,"max_stake_amount":343.03785,"amount":1831.0,"open_date":"2025-10-17 22:00:00+00:00","close_date":"2025-10-18 01:00:00+00:00","open_rate":0.18735,"close_rate":0.18772507507507505,"fee_open":0.001,"fee_close":0.001,"trade_duration":180,"profit_ratio":0.0,"profit_abs":0.0,"exit_reason":"roi","initial_stop_loss_abs":0.17799,"initial_stop_loss_ratio":-0.05,"stop_loss_abs":0.17799,"stop_loss_ratio":-0.05,"min_rate":0.18426,"max_rate":0.18791,"is_open":false,"enter_tag":"","leverage":1.0,"is_short":false,"open_timestamp":1760738400000,"close_timestamp":1760749200000,"orders":[{"amount":1831.0,"safe_price":0.18735,"ft_order_side":"buy","order_filled_timestamp":1760738400000,"ft_is_entry":true,"ft_order_tag":"","cost":343.38088784999997},{"amount":1831.0,"safe_price":0.18772507507507505,"ft_order_side":"sell","order_filled_timestamp":1760749200000,"ft_is_entry":false,"ft_order_tag":"roi","cost":344.06833707492484}],"funding_fees":0.0,"weekday":5},{"pair":"DOGE/USDT","stake_amount":343.036,"max_stake_amount":343.036,"amount":1796.0,"open_date":"2025-10-22 12:00:00+00:00","close_date":"2025-10-22 14:00:00+00:00","open_rate":0.191,"close_rate":0.19236,"fee_open":0.001,"fee_close":0.001,"trade_duration":120,"profit_ratio":0.0051081902390802915,"profit_abs":1.75404544,"exit_reason":"roi","initial_stop_loss_abs":0.18145,"initial_stop_loss_ratio":-0.05,"stop_loss_abs":0.18145,"stop_loss_ratio":-0.05,"min_rate":0.18814,"max_rate":0.19275,"is_open":false,"enter_tag":"","leverage":1.0,"is_short":false,"open_timestamp":1761134400000,"close_timestamp":1761141600000,"orders":[{"amount":1796.0,"safe_price":0.191,"ft_order_side":"buy","order_filled_timestamp":1761134400000,"ft_is_entry":true,"ft_order_tag":"","cost":343.379036},{"amount":1796.0,"safe_price":0.19236,"ft_order_side":"sell","order_filled_timestamp":1761141600000,"ft_is_entry":false,"ft_order_tag":"roi","cost":345.82403855999996}],"funding_fees":0.0,"weekday":2},{"pair":"DOGE/USDT","stake_amount":343.73493,"max_stake_amount":343.73493,"amount":1799.0,"open_date":"2025-10-23 04:00:00+00:00","close_date":"2025-10-23 06:00:00+00:00","open_rate":0.19107,"close_rate":0.1921,"fee_open":0.001,"fee_close":0.001,"trade_duration":120,"profit_ratio":0.0033819218934621666,"profit_abs":1.16364717,"exit_reason":"roi","initial_stop_loss_abs":0.18152,"initial_stop_loss_ratio":-0.05,"stop_loss_abs":0.18152,"stop_loss_ratio":-0.05,"min_rate":0.1908,"max_rate":0.19498,"is_open":false,"enter_tag":"","leverage":1.0,"is_short":false,"open_timestamp":1761192000000,"close_timestamp":1761199200000,"orders":[{"amount":1799.0,"safe_price":0.19107,"ft_order_side":"buy","order_filled_timestamp":1761192000000,"ft_is_entry":true,"ft_order_tag":"","cost":344.07866492999995},{"amount":1799.0,"safe_price":0.1921,"ft_order_side":"sell","order_filled_timestamp":1761199200000,"ft_is_entry":false,"ft_order_tag":"roi","cost":345.93348789999993}],"funding_fees":0.0,"weekday":3},{"pair":"DOGE/USDT","stake_amount":344.07396,"max_stake_amount":344.07396,"amount":1674.0,"open_date":"2025-10-26 23:00:00+00:00","close_date":"2025-10-27 01:00:00+00:00","open_rate":0.20554,"close_rate":0.20754,"fee_open":0.001,"fee_close":0.001,"trade_duration":120,"profit_ratio":0.007713022600635717,"profit_abs":2.65650408,"exit_reason":"roi","initial_stop_loss_abs":0.19527,"initial_stop_loss_ratio":-0.05,"stop_loss_abs":0.19527,"stop_loss_ratio":-0.05,"min_rate":0.20527,"max_rate":0.2093,"is_open":false,"enter_tag":"","leverage":1.0,"is_short":false,"open_timestamp":1761519600000,"close_timestamp":1761526800000,"orders":[{"amount":1674.0,"safe_price":0.20554,"ft_order_side":"buy","order_filled_timestamp":1761519600000,"ft_is_entry":true,"ft_order_tag":"","cost":344.41803395999995},{"amount":1674.0,"safe_price":0.20754,"ft_order_side":"sell","order_filled_timestamp":1761526800000,"ft_is_entry":false,"ft_order_tag":"roi","cost":347.76938196}],"funding_fees":0.0,"weekday":0},{"pair":"DOGE/USDT","stake_amount":344.88058,"max_stake_amount":344.88058,"amount":1658.0,"open_date":"2025-10-27 07:00:00+00:00","close_date":"2025-10-28 14:00:00+00:00","open_rate":0.20801,"close_rate":0.19761,"fee_open":0.001,"fee_close":0.001,"trade_duration":1860,"profit_ratio":-0.051895702970170536,"profit_abs":-17.91571796,"exit_reason":"stop_loss","initial_stop_loss_abs":0.19761,"initial_stop_loss_ratio":-0.05,"stop_loss_abs":0.19761,"stop_loss_ratio":-0.05,"min_rate":0.19617,"max_rate":0.20867,"is_open":false,"enter_tag":"","leverage":1.0,"is_short":false,"open_timestamp":1761548400000,"close_timestamp":1761660000000,"orders":[{"amount":1658.0,"safe_price":0.20801,"ft_order_side":"buy","order_filled_timestamp":1761548400000,"ft_is_entry":true,"ft_order_tag":"","cost":345.22546057999995},{"amount":1658.0,"safe_price":0.19761,"ft_order_side":"sell","order_filled_timestamp":1761660000000,"ft_is_entry":false,"ft_order_tag":"stop_loss","cost":327.96501737999995}],"funding_fees":0.0,"weekday":1},{"pair":"DOGE/USDT","stake_amount":338.93547,"max_stake_amount":338.93547,"amount":1747.0,"open_date":"2025-10-29 06:00:00+00:00","close_date":"2025-10-29 08:00:00+00:00","open_rate":0.19401,"close_rate":0.19439840840840836,"fee_open":0.001,"fee_close":0.001,"trade_duration":120,"profit_ratio":0.0,"profit_abs":0.0,"exit_reason":"roi","initial_stop_loss_abs":0.18431,"initial_stop_loss_ratio":-0.05,"stop_loss_abs":0.18431,"stop_loss_ratio":-0.05,"min_rate":0.19298,"max_rate":0.19456,"is_open":false,"enter_tag":"","leverage":1.0,"is_short":false,"open_timestamp":1761717600000,"close_timestamp":1761724800000,"orders":[{"amount":1747.0,"safe_price":0.19401,"ft_order_side":"buy","order_filled_timestamp":1761717600000,"ft_is_entry":true,"ft_order_tag":"","cost":339.2744054699999},{"amount":1747.0,"safe_price":0.19439840840840836,"ft_order_side":"sell","order_filled_timestamp":1761724800000,"ft_is_entry":false,"ft_order_tag":"roi","cost":339.95363350897884}],"funding_fees":0.0,"weekday":2},{"pair":"DOGE/USDT","stake_amount":338.94378,"max_stake_amount":338.94378,"amount":1743.0,"open_date":"2025-10-30 03:00:00+00:00","close_date":"2025-10-30 12:00:00+00:00","open_rate":0.19446,"close_rate":0.18474,"fee_open":0.001,"fee_close":0.001,"trade_duration":540,"profit_ratio":-0.05188270538471093,"profit_abs":-17.6029056,"exit_reason":"stop_loss","initial_stop_loss_abs":0.18474,"initial_stop_loss_ratio":-0.05,"stop_loss_abs":0.18474,"stop_loss_ratio":-0.05,"min_rate":0.18275,"max_rate":0.19451,"is_open":false,"enter_tag":"","leverage":1.0,"is_short":false,"open_timestamp":1761793200000,"close_timestamp":1761825600000,"orders":[{"amount":1743.0,"safe_price":0.19446,"ft_order_side":"buy","order_filled_timestamp":1761793200000,"ft_is_entry":true,"ft_order_tag":"","cost":339.28272377999997},{"amount":1743.0,"safe_price":0.18474,"ft_order_side":"sell","order_filled_timestamp":1761825600000,"ft_is_entry":false,"ft_order_tag":"stop_loss","cost":322.3238218199999}],"funding_fees":0.0,"weekday":3},{"pair":"DOGE/USDT","stake_amount":333.2439,"max_stake_amount":333.2439,"amount":1845.0,"open_date":"2025-10-30 23:00:00+00:00","close_date":"2025-10-31 01:00:00+00:00","open_rate":0.18062,"close_rate":0.18448,"fee_open":0.001,"fee_close":0.001,"trade_duration":120,"profit_ratio":0.019330132828084327,"profit_abs":6.4480905,"exit_reason":"roi","initial_stop_loss_abs":0.17159,"initial_stop_loss_ratio":-0.05,"stop_loss_abs":0.17159,"stop_loss_ratio":-0.05,"min_rate":0.17981,"max_rate":0.18585,"is_open":false,"enter_tag":"","leverage":1.0,"is_short":false,"open_timestamp":1761865200000,"close_timestamp":1761872400000,"orders":[{"amount":1845.0,"safe_price":0.18062,"ft_order_side":"buy","order_filled_timestamp":1761865200000,"ft_is_entry":true,"ft_order_tag":"","cost":333.57714389999995},{"amount":1845.0,"safe_price":0.18448,"ft_order_side":"sell","order_filled_timestamp":1761872400000,"ft_is_entry":false,"ft_order_tag":"roi","cost":340.7059656}],"funding_fees":0.0,"weekday":4},{"pair":"DOGE/USDT","stake_amount":335.37244,"max_stake_amount":335.37244,"amount":1924.0,"open_date":"2025-11-03 13:00:00+00:00","close_date":"2025-11-03 15:00:00+00:00","open_rate":0.17431,"close_rate":0.1656,"fee_open":0.001,"fee_close":0.001,"trade_duration":120,"profit_ratio":-0.05186661196069721,"profit_abs":-17.41202684,"exit_reason":"stop_loss","initial_stop_loss_abs":0.1656,"initial_stop_loss_ratio":-0.05,"stop_loss_abs":0.1656,"stop_loss_ratio":-0.05,"min_rate":0.16017,"max_rate":0.17581,"is_open":false,"enter_tag":"","leverage":1.0,"is_short":false,"open_timestamp":1762174800000,"close_timestamp":1762182000000,"orders":[{"amount":1924.0,"safe_price":0.17431,"ft_order_side":"buy","order_filled_timestamp":1762174800000,"ft_is_entry":true,"ft_order_tag":"","cost":335.70781243999994},{"amount":1924.0,"safe_price":0.1656,"ft_order_side":"sell","order_filled_timestamp":1762182000000,"ft_is_entry":false,"ft_order_tag":"stop_loss","cost":318.93301439999993}],"funding_fees":0.0,"weekday":0},{"pair":"DOGE/USDT","stake_amount":329.62026,"max_stake_amount":329.62026,"amount":1954.0,"open_date":"2025-11-04 01:00:00+00:00","close_date":"2025-11-04 03:00:00+00:00","open_rate":0.16869,"close_rate":0.16938,"fee_open":0.001,"fee_close":0.001,"trade_duration":120,"profit_ratio":0.00208416872119522,"profit_abs":0.68767122,"exit_reason":"roi","initial_stop_loss_abs":0.16026,"initial_stop_loss_ratio":-0.05,"stop_loss_abs":0.16026,"stop_loss_ratio":-0.05,"min_rate":0.16796,"max_rate":0.17095,"is_open":false,"enter_tag":"","leverage":1.0,"is_short":false,"open_timestamp":1762218000000,"close_timestamp":1762225200000,"orders":[{"amount":1954.0,"safe_price":0.16869,"ft_order_side":"buy","order_filled_timestamp":1762218000000,"ft_is_entry":true,"ft_order_tag":"","cost":329.94988026},{"amount":1954.0,"safe_price":0.16938,"ft_order_side":"sell","order_filled_timestamp":1762225200000,"ft_is_entry":false,"ft_order_tag":"roi","cost":331.29948851999995}],"funding_fees":0.0,"weekday":1},{"pair":"DOGE/USDT","stake_amount":329.8533,"max_stake_amount":329.8533,"amount":1995.0,"open_date":"2025-11-04 10:00:00+00:00","close_date":"2025-11-04 12:00:00+00:00","open_rate":0.16534,"close_rate":0.16613,"fee_open":0.001,"fee_close":0.001,"trade_duration":120,"profit_ratio":0.002770484626054966,"profit_abs":0.91476735,"exit_reason":"roi","initial_stop_loss_abs":0.15708,"initial_stop_loss_ratio":-0.05,"stop_loss_abs":0.15708,"stop_loss_ratio":-0.05,"min_rate":0.16365,"max_rate":0.16702,"is_open":false,"enter_tag":"","leverage":1.0,"is_short":false,"open_timestamp":1762250400000,"close_timestamp":1762257600000,"orders":[{"amount":1995.0,"safe_price":0.16534,"ft_order_side":"buy","order_filled_timestamp":1762250400000,"ft_is_entry":true,"ft_order_tag":"","cost":330.18315329999996},{"amount":1995.0,"safe_price":0.16613,"ft_order_side":"sell","order_filled_timestamp":1762257600000,"ft_is_entry":false,"ft_order_tag":"roi","cost":331.76077934999995}],"funding_fees":0.0,"weekday":1},{"pair":"DOGE/USDT","stake_amount":330.17342,"max_stake_amount":330.17342,"amount":2078.0,"open_date":"2025-11-04 21:00:00+00:00","close_date":"2025-11-04 23:00:00+00:00","open_rate":0.15889,"close_rate":0.16344,"fee_open":0.001,"fee_close":0.001,"trade_duration":120,"profit_ratio":0.02658094627381555,"profit_abs":8.78509826,"exit_reason":"roi","initial_stop_loss_abs":0.15095,"initial_stop_loss_ratio":-0.05,"stop_loss_abs":0.15095,"stop_loss_ratio":-0.05,"min_rate":0.15159,"max_rate":0.16436,"is_open":false,"enter_tag":"","leverage":1.0,"is_short":false,"open_timestamp":1762290000000,"close_timestamp":1762297200000,"orders":[{"amount":2078.0,"safe_price":0.15889,"ft_order_side":"buy","order_filled_timestamp":1762290000000,"ft_is_entry":true,"ft_order_tag":"","cost":330.50359341999996},{"amount":2078.0,"safe_price":0.16344,"ft_order_side":"sell","order_filled_timestamp":1762297200000,"ft_is_entry":false,"ft_order_tag":"roi","cost":339.96794832}],"funding_fees":0.0,"weekday":1},{"pair":"DOGE/USDT","stake_amount":332.97529,"max_stake_amount":332.97529,"amount":2027.0,"open_date":"2025-11-05 13:00:00+00:00","close_date":"2025-11-05 15:00:00+00:00","open_rate":0.16427,"close_rate":0.16582,"fee_open":0.001,"fee_close":0.001,"trade_duration":120,"profit_ratio":0.007418830636703651,"profit_abs":2.47275757,"exit_reason":"roi","initial_stop_loss_abs":0.15606,"initial_stop_loss_ratio":-0.05,"stop_loss_abs":0.15606,"stop_loss_ratio":-0.05,"min_rate":0.16342,"max_rate":0.16736,"is_open":false,"enter_tag":"","leverage":1.0,"is_short":false,"open_timestamp":1762347600000,"close_timestamp":1762354800000,"orders":[{"amount":2027.0,"safe_price":0.16427,"ft_order_side":"buy","order_filled_timestamp":1762347600000,"ft_is_entry":true,"ft_order_tag":"","cost":333.30826528999995},{"amount":2027.0,"safe_price":0.16582,"ft_order_side":"sell","order_filled_timestamp":1762354800000,"ft_is_entry":false,"ft_order_tag":"roi","cost":336.45325713999995}],"funding_fees":0.0,"weekday":2},{"pair":"DOGE/USDT","stake_amount":333.88544,"max_stake_amount":333.88544,"amount":2048.0,"open_date":"2025-11-07 01:00:00+00:00","close_date":"2025-11-07 03:00:00+00:00","open_rate":0.16303,"close_rate":0.16414,"fee_open":0.001,"fee_close":0.001,"trade_duration":120,"profit_ratio":0.004796957321032645,"profit_abs":1.60323584,"exit_reason":"roi","initial_stop_loss_abs":0.15488,"initial_stop_loss_ratio":-0.05,"stop_loss_abs":0.15488,"stop_loss_ratio":-0.05,"min_rate":0.16095,"max_rate":0.16509,"is_open":false,"enter_tag":"","leverage":1.0,"is_short":false,"open_timestamp":1762477200000,"close_timestamp":1762484400000,"orders":[{"amount":2048.0,"safe_price":0.16303,"ft_order_side":"buy","order_filled_timestamp":1762477200000,"ft_is_entry":true,"ft_order_tag":"","cost":334.21932544},{"amount":2048.0,"safe_price":0.16414,"ft_order_side":"sell","order_filled_timestamp":1762484400000,"ft_is_entry":false,"ft_order_tag":"roi","cost":336.49487872}],"funding_fees":0.0,"weekday":4},{"pair":"DOGE/USDT","stake_amount":334.43256,"max_stake_amount":334.43256,"amount":1848.0,"open_date":"2025-11-08 02:00:00+00:00","close_date":"2025-11-08 04:00:00+00:00","open_rate":0.18097,"close_rate":0.18133230230230227,"fee_open":0.001,"fee_close":0.001,"trade_duration":120,"profit_ratio":0.0,"profit_abs":0.0,"exit_reason":"roi","initial_stop_loss_abs":0.17193,"initial_stop_loss_ratio":-0.05,"stop_loss_abs":0.17193,"stop_loss_ratio":-0.05,"min_rate":0.17974,"max_rate":0.18332,"is_open":false,"enter_tag":"","leverage":1.0,"is_short":false,"open_timestamp":1762567200000,"close_timestamp":1762574400000,"orders":[{"amount":1848.0,"safe_price":0.18097,"ft_order_side":"buy","order_filled_timestamp":1762567200000,"ft_is_entry":true,"ft_order_tag":"","cost":334.76699255999995},{"amount":1848.0,"safe_price":0.18133230230230227,"ft_order_side":"sell","order_filled_timestamp":1762574400000,"ft_is_entry":false,"ft_order_tag":"roi","cost":335.43719674930924}],"funding_fees":0.0,"weekday":5},{"pair":"DOGE/USDT","stake_amount":334.44921,"max_stake_amount":334.44921,"amount":1843.0,"open_date":"2025-11-08 05:00:00+00:00","close_date":"2025-11-08 08:00:00+00:00","open_rate":0.18147,"close_rate":0.18183330330330327,"fee_open":0.001,"fee_close":0.001,"trade_duration":180,"profit_ratio":0.0,"profit_abs":0.0,"exit_reason":"roi","initial_stop_loss_abs":0.1724,"initial_stop_loss_ratio":-0.05,"stop_loss_abs":0.1724,"stop_loss_ratio":-0.05,"min_rate":0.17762,"max_rate":0.1822,"is_open":false,"enter_tag":"","leverage":1.0,"is_short":false,"open_timestamp":1762578000000,"close_timestamp":1762588800000,"orders":[{"amount":1843.0,"safe_price":0.18147,"ft_order_side":"buy","order_filled_timestamp":1762578000000,"ft_is_entry":true,"ft_order_tag":"","cost":334.78365920999994},{"amount":1843.0,"safe_price":0.18183330330330327,"ft_order_side":"sell","order_filled_timestamp":1762588800000,"ft_is_entry":false,"ft_order_tag":"roi","cost":335.45389676597586}],"funding_fees":0.0,"weekday":5},{"pair":"DOGE/USDT","stake_amount":334.4461,"max_stake_amount":334.4461,"amount":1921.0,"open_date":"2025-11-12 09:00:00+00:00","close_date":"2025-11-12 11:00:00+00:00","open_rate":0.1741,"close_rate":0.1764,"fee_open":0.001,"fee_close":0.001,"trade_duration":120,"profit_ratio":0.011186401192145017,"profit_abs":3.7449895,"exit_reason":"roi","initial_stop_loss_abs":0.1654,"initial_stop_loss_ratio":-0.05,"stop_loss_abs":0.1654,"stop_loss_ratio":-0.05,"min_rate":0.17404,"max_rate":0.17713,"is_open":false,"enter_tag":"","leverage":1.0,"is_short":false,"open_timestamp":1762938000000,"close_timestamp":1762945200000,"orders":[{"amount":1921.0,"safe_price":0.1741,"ft_order_side":"buy","order_filled_timestamp":1762938000000,"ft_is_entry":true,"ft_order_tag":"","cost":334.7805461},{"amount":1921.0,"safe_price":0.1764,"ft_order_side":"sell","order_filled_timestamp":1762945200000,"ft_is_entry":false,"ft_order_tag":"roi","cost":339.20326439999997}],"funding_fees":0.0,"weekday":2},{"pair":"DOGE/USDT","stake_amount":335.56446,"max_stake_amount":335.56446,"amount":2046.0,"open_date":"2025-11-14 17:00:00+00:00","close_date":"2025-11-14 23:00:00+00:00","open_rate":0.16401,"close_rate":0.15581,"fee_open":0.001,"fee_close":0.001,"trade_duration":360,"profit_ratio":-0.05189505939460211,"profit_abs":-17.43155172,"exit_reason":"stop_loss","initial_stop_loss_abs":0.15581,"initial_stop_loss_ratio":-0.05,"stop_loss_abs":0.15581,"stop_loss_ratio":-0.05,"min_rate":0.15472,"max_rate":0.16455,"is_open":false,"enter_tag":"","leverage":1.0,"is_short":false,"open_timestamp":1763139600000,"close_timestamp":1763161200000,"orders":[{"amount":2046.0,"safe_price":0.16401,"ft_order_side":"buy","order_filled_timestamp":1763139600000,"ft_is_entry":true,"ft_order_tag":"","cost":335.90002445999994},{"amount":2046.0,"safe_price":0.15581,"ft_order_side":"sell","order_filled_timestamp":1763161200000,"ft_is_entry":false,"ft_order_tag":"stop_loss","cost":319.10604725999997}],"funding_fees":0.0,"weekday":4},{"pair":"DOGE/USDT","stake_amount":329.8344,"max_stake_amount":329.8344,"amount":2031.0,"open_date":"2025-11-15 03:00:00+00:00","close_date":"2025-11-15 05:00:00+00:00","open_rate":0.1624,"close_rate":0.1627251251251251,"fee_open":0.001,"fee_close":0.001,"trade_duration":120,"profit_ratio":0.0,"profit_abs":0.0,"exit_reason":"roi","initial_stop_loss_abs":0.15428,"initial_stop_loss_ratio":-0.05,"stop_loss_abs":0.15428,"stop_loss_ratio":-0.05,"min_rate":0.16188,"max_rate":0.16339,"is_open":false,"enter_tag":"","leverage":1.0,"is_short":false,"open_timestamp":1763175600000,"close_timestamp":1763182800000,"orders":[{"amount":2031.0,"safe_price":0.1624,"ft_order_side":"buy","order_filled_timestamp":1763175600000,"ft_is_entry":true,"ft_order_tag":"","cost":330.16423439999994},{"amount":2031.0,"safe_price":0.1627251251251251,"ft_order_side":"sell","order_filled_timestamp":1763182800000,"ft_is_entry":false,"ft_order_tag":"roi","cost":330.8252238582582}],"funding_fees":0.0,"weekday":5},{"pair":"DOGE/USDT","stake_amount":329.8048,"max_stake_amount":329.8048,"amount":2080.0,"open_date":"2025-11-17 00:00:00+00:00","close_date":"2025-11-17 02:00:00+00:00","open_rate":0.15856,"close_rate":0.15904,"fee_open":0.001,"fee_close":0.001,"trade_duration":120,"profit_ratio":0.001023194766888006,"profit_abs":0.337792,"exit_reason":"roi","initial_stop_loss_abs":0.15064,"initial_stop_loss_ratio":-0.05,"stop_loss_abs":0.15064,"stop_loss_ratio":-0.05,"min_rate":0.157,"max_rate":0.16069,"is_open":false,"enter_tag":"","leverage":1.0,"is_short":false,"open_timestamp":1763337600000,"close_timestamp":1763344800000,"orders":[{"amount":2080.0,"safe_price":0.15856,"ft_order_side":"buy","order_filled_timestamp":1763337600000,"ft_is_entry":true,"ft_order_tag":"","cost":330.1346048},{"amount":2080.0,"safe_price":0.15904,"ft_order_side":"sell","order_filled_timestamp":1763344800000,"ft_is_entry":false,"ft_order_tag":"roi","cost":331.13400319999994}],"funding_fees":0.0,"weekday":0},{"pair":"DOGE/USDT","stake_amount":330.04965,"max_stake_amount":330.04965,"amount":2135.0,"open_date":"2025-11-18 04:00:00+00:00","close_date":"2025-11-18 06:00:00+00:00","open_rate":0.15459,"close_rate":0.15489948948948948,"fee_open":0.001,"fee_close":0.001,"trade_duration":120,"profit_ratio":0.0,"profit_abs":0.0,"exit_reason":"roi","initial_stop_loss_abs":0.14687,"initial_stop_loss_ratio":-0.05,"stop_loss_abs":0.14687,"stop_loss_ratio":-0.05,"min_rate":0.1522,"max_rate":0.15623,"is_open":false,"enter_tag":"","leverage":1.0,"is_short":false,"open_timestamp":1763438400000,"close_timestamp":1763445600000,"orders":[{"amount":2135.0,"safe_price":0.15459,"ft_order_side":"buy","order_filled_timestamp":1763438400000,"ft_is_entry":true,"ft_order_tag":"","cost":330.37969964999996},{"amount":2135.0,"safe_price":0.15489948948948948,"ft_order_side":"sell","order_filled_timestamp":1763445600000,"ft_is_entry":false,"ft_order_tag":"roi","cost":331.04112047012006}],"funding_fees":0.0,"weekday":1},{"pair":"DOGE/USDT","stake_amount":329.95905,"max_stake_amount":329.95905,"amount":2355.0,"open_date":"2025-11-21 14:00:00+00:00","close_date":"2025-11-21 16:00:00+00:00","open_rate":0.14011,"close_rate":0.14039050050050048,"fee_open":0.001,"fee_close":0.001,"trade_duration":120,"profit_ratio":0.0,"profit_abs":0.0,"exit_reason":"roi","initial_stop_loss_abs":0.13311,"initial_stop_loss_ratio":-0.05,"stop_loss_abs":0.13311,"stop_loss_ratio":-0.05,"min_rate":0.13575,"max_rate":0.14209,"is_open":false,"enter_tag":"","leverage":1.0,"is_short":false,"open_timestamp":1763733600000,"close_timestamp":1763740800000,"orders":[{"amount":2355.0,"safe_price":0.14011,"ft_order_side":"buy","order_filled_timestamp":1763733600000,"ft_is_entry":true,"ft_order_tag":"","cost":330.28900905},{"amount":2355.0,"safe_price":0.14039050050050048,"ft_order_side":"sell","order_filled_timestamp":1763740800000,"ft_is_entry":false,"ft_order_tag":"roi","cost":330.95024830735724}],"funding_fees":0.0,"weekday":4},{"pair":"DOGE/USDT","stake_amount":329.97384,"max_stake_amount":329.97384,"amount":2388.0,"open_date":"2025-11-22 12:00:00+00:00","close_date":"2025-11-22 14:00:00+00:00","open_rate":0.13818,"close_rate":0.13845663663663663,"fee_open":0.001,"fee_close":0.001,"trade_duration":120,"profit_ratio":0.0,"profit_abs":0.0,"exit_reason":"roi","initial_stop_loss_abs":0.13128,"initial_stop_loss_ratio":-0.05,"stop_loss_abs":0.13128,"stop_loss_ratio":-0.05,"min_rate":0.13563,"max_rate":0.13943,"is_open":false,"enter_tag":"","leverage":1.0,"is_short":false,"open_timestamp":1763812800000,"close_timestamp":1763820000000,"orders":[{"amount":2388.0,"safe_price":0.13818,"ft_order_side":"buy","order_filled_timestamp":1763812800000,"ft_is_entry":true,"ft_order_tag":"","cost":330.30381384},{"amount":2388.0,"safe_price":0.13845663663663663,"ft_order_side":"sell","order_filled_timestamp":1763820000000,"ft_is_entry":false,"ft_order_tag":"roi","cost":330.9650827365765}],"funding_fees":0.0,"weekday":5},{"pair":"DOGE/USDT","stake_amount":329.92148,"max_stake_amount":329.92148,"amount":2372.0,"open_date":"2025-11-22 15:00:00+00:00","close_date":"2025-11-22 17:00:00+00:00","open_rate":0.13909,"close_rate":0.13953,"fee_open":0.001,"fee_close":0.001,"trade_duration":120,"profit_ratio":0.0011590968525327574,"profit_abs":0.38279336,"exit_reason":"roi","initial_stop_loss_abs":0.13214,"initial_stop_loss_ratio":-0.05,"stop_loss_abs":0.13214,"stop_loss_ratio":-0.05,"min_rate":0.13729,"max_rate":0.13977,"is_open":false,"enter_tag":"","leverage":1.0,"is_short":false,"open_timestamp":1763823600000,"close_timestamp":1763830800000,"orders":[{"amount":2372.0,"safe_price":0.13909,"ft_order_side":"buy","order_filled_timestamp":1763823600000,"ft_is_entry":true,"ft_order_tag":"","cost":330.2514014799999},{"amount":2372.0,"safe_price":0.13953,"ft_order_side":"sell","order_filled_timestamp":1763830800000,"ft_is_entry":false,"ft_order_tag":"roi","cost":331.2961251599999}],"funding_fees":0.0,"weekday":5},{"pair":"DOGE/USDT","stake_amount":330.05204,"max_stake_amount":330.05204,"amount":2356.0,"open_date":"2025-11-22 22:00:00+00:00","close_date":"2025-11-23 00:00:00+00:00","open_rate":0.14009,"close_rate":0.14037046046046042,"fee_open":0.001,"fee_close":0.001,"trade_duration":120,"profit_ratio":0.0,"profit_abs":0.0,"exit_reason":"roi","initial_stop_loss_abs":0.13309,"initial_stop_loss_ratio":-0.05,"stop_loss_abs":0.13309,"stop_loss_ratio":-0.05,"min_rate":0.13939,"max_rate":0.1424,"is_open":false,"enter_tag":"","leverage":1.0,"is_short":false,"open_timestamp":1763848800000,"close_timestamp":1763856000000,"orders":[{"amount":2356.0,"safe_price":0.14009,"ft_order_side":"buy","order_filled_timestamp":1763848800000,"ft_is_entry":true,"ft_order_tag":"","cost":330.3820920399999},{"amount":2356.0,"safe_price":0.14037046046046042,"ft_order_side":"sell","order_filled_timestamp":1763856000000,"ft_is_entry":false,"ft_order_tag":"roi","cost":331.0435176496896}],"funding_fees":0.0,"weekday":6},{"pair":"DOGE/USDT","stake_amount":330.1843,"max_stake_amount":330.1843,"amount":2330.0,"open_date":"2025-11-23 02:00:00+00:00","close_date":"2025-11-23 04:00:00+00:00","open_rate":0.14171,"close_rate":0.14289,"fee_open":0.001,"fee_close":0.001,"trade_duration":120,"profit_ratio":0.006312225633374459,"profit_abs":2.086282,"exit_reason":"roi","initial_stop_loss_abs":0.13463,"initial_stop_loss_ratio":-0.05,"stop_loss_abs":0.13463,"stop_loss_ratio":-0.05,"min_rate":0.14124,"max_rate":0.1447,"is_open":false,"enter_tag":"","leverage":1.0,"is_short":false,"open_timestamp":1763863200000,"close_timestamp":1763870400000,"orders":[{"amount":2330.0,"safe_price":0.14171,"ft_order_side":"buy","order_filled_timestamp":1763863200000,"ft_is_entry":true,"ft_order_tag":"","cost":330.5144843},{"amount":2330.0,"safe_price":0.14289,"ft_order_side":"sell","order_filled_timestamp":1763870400000,"ft_is_entry":false,"ft_order_tag":"roi","cost":333.26663369999994}],"funding_fees":0.0,"weekday":6},{"pair":"DOGE/USDT","stake_amount":330.85363,"max_stake_amount":330.85363,"amount":2257.0,"open_date":"2025-11-23 20:00:00+00:00","close_date":"2025-11-23 22:00:00+00:00","open_rate":0.14659,"close_rate":0.14705,"fee_open":0.001,"fee_close":0.001,"trade_duration":120,"profit_ratio":0.0011337322204366341,"profit_abs":0.37547452,"exit_reason":"roi","initial_stop_loss_abs":0.13927,"initial_stop_loss_ratio":-0.05,"stop_loss_abs":0.13927,"stop_loss_ratio":-0.05,"min_rate":0.14579,"max_rate":0.14754,"is_open":false,"enter_tag":"","leverage":1.0,"is_short":false,"open_timestamp":1763928000000,"close_timestamp":1763935200000,"orders":[{"amount":2257.0,"safe_price":0.14659,"ft_order_side":"buy","order_filled_timestamp":1763928000000,"ft_is_entry":true,"ft_order_tag":"","cost":331.18448363},{"amount":2257.0,"safe_price":0.14705,"ft_order_side":"sell","order_filled_timestamp":1763935200000,"ft_is_entry":false,"ft_order_tag":"roi","cost":332.22374184999995}],"funding_fees":0.0,"weekday":6},{"pair":"DOGE/USDT","stake_amount":330.85536,"max_stake_amount":330.85536,"amount":2244.0,"open_date":"2025-11-23 23:00:00+00:00","close_date":"2025-11-24 02:00:00+00:00","open_rate":0.14744,"close_rate":0.14773517517517512,"fee_open":0.001,"fee_close":0.001,"trade_duration":180,"profit_ratio":0.0,"profit_abs":0.0,"exit_reason":"roi","initial_stop_loss_abs":0.14007,"initial_stop_loss_ratio":-0.05,"stop_loss_abs":0.14007,"stop_loss_ratio":-0.05,"min_rate":0.14355,"max_rate":0.1493,"is_open":false,"enter_tag":"","leverage":1.0,"is_short":false,"open_timestamp":1763938800000,"close_timestamp":1763949600000,"orders":[{"amount":2244.0,"safe_price":0.14744,"ft_order_side":"buy","order_filled_timestamp":1763938800000,"ft_is_entry":true,"ft_order_tag":"","cost":331.18621535999995},{"amount":2244.0,"safe_price":0.14773517517517512,"ft_order_side":"sell","order_filled_timestamp":1763949600000,"ft_is_entry":false,"ft_order_tag":"roi","cost":331.849250826186}],"funding_fees":0.0,"weekday":0},{"pair":"DOGE/USDT","stake_amount":330.897,"max_stake_amount":330.897,"amount":2450.0,"open_date":"2025-12-01 22:00:00+00:00","close_date":"2025-12-02 00:00:00+00:00","open_rate":0.13506,"close_rate":0.13546,"fee_open":0.001,"fee_close":0.001,"trade_duration":120,"profit_ratio":0.0009577273015744807,"profit_abs":0.317226,"exit_reason":"roi","initial_stop_loss_abs":0.12831,"initial_stop_loss_ratio":-0.05,"stop_loss_abs":0.12831,"stop_loss_ratio":-0.05,"min_rate":0.13493,"max_rate":0.13663,"is_open":false,"enter_tag":"","leverage":1.0,"is_short":false,"open_timestamp":1764626400000,"close_timestamp":1764633600000,"orders":[{"amount":2450.0,"safe_price":0.13506,"ft_order_side":"buy","order_filled_timestamp":1764626400000,"ft_is_entry":true,"ft_order_tag":"","cost":331.227897},{"amount":2450.0,"safe_price":0.13546,"ft_order_side":"sell","order_filled_timestamp":1764633600000,"ft_is_entry":false,"ft_order_tag":"roi","cost":332.208877}],"funding_fees":0.0,"weekday":1},{"pair":"DOGE/USDT","stake_amount":330.992,"max_stake_amount":330.992,"amount":2416.0,"open_date":"2025-12-02 12:00:00+00:00","close_date":"2025-12-02 14:00:00+00:00","open_rate":0.137,"close_rate":0.13809,"fee_open":0.001,"fee_close":0.001,"trade_duration":120,"profit_ratio":0.0059423058693131685,"profit_abs":1.96882256,"exit_reason":"roi","initial_stop_loss_abs":0.13016,"initial_stop_loss_ratio":-0.05,"stop_loss_abs":0.13016,"stop_loss_ratio":-0.05,"min_rate":0.1368,"max_rate":0.14178,"is_open":false,"enter_tag":"","leverage":1.0,"is_short":false,"open_timestamp":1764676800000,"close_timestamp":1764684000000,"orders":[{"amount":2416.0,"safe_price":0.137,"ft_order_side":"buy","order_filled_timestamp":1764676800000,"ft_is_entry":true,"ft_order_tag":"","cost":331.322992},{"amount":2416.0,"safe_price":0.13809,"ft_order_side":"sell","order_filled_timestamp":1764684000000,"ft_is_entry":false,"ft_order_tag":"roi","cost":333.95906543999996}],"funding_fees":0.0,"weekday":1},{"pair":"DOGE/USDT","stake_amount":331.695,"max_stake_amount":331.695,"amount":2268.0,"open_date":"2025-12-03 02:00:00+00:00","close_date":"2025-12-03 04:00:00+00:00","open_rate":0.14625,"close_rate":0.14737,"fee_open":0.001,"fee_close":0.001,"trade_duration":120,"profit_ratio":0.0056448167217397986,"profit_abs":1.87422984,"exit_reason":"roi","initial_stop_loss_abs":0.13894,"initial_stop_loss_ratio":-0.05,"stop_loss_abs":0.13894,"stop_loss_ratio":-0.05,"min_rate":0.14618,"max_rate":0.14946,"is_open":false,"enter_tag":"","leverage":1.0,"is_short":false,"open_timestamp":1764727200000,"close_timestamp":1764734400000,"orders":[{"amount":2268.0,"safe_price":0.14625,"ft_order_side":"buy","order_filled_timestamp":1764727200000,"ft_is_entry":true,"ft_order_tag":"","cost":332.02669499999996},{"amount":2268.0,"safe_price":0.14737,"ft_order_side":"sell","order_filled_timestamp":1764734400000,"ft_is_entry":false,"ft_order_tag":"roi","cost":334.56939516}],"funding_fees":0.0,"weekday":2},{"pair":"DOGE/USDT","stake_amount":332.35965,"max_stake_amount":332.35965,"amount":2205.0,"open_date":"2025-12-03 21:00:00+00:00","close_date":"2025-12-03 23:00:00+00:00","open_rate":0.15073,"close_rate":0.15239,"fee_open":0.001,"fee_close":0.001,"trade_duration":120,"profit_ratio":0.008993063594005677,"profit_abs":2.9919204,"exit_reason":"roi","initial_stop_loss_abs":0.1432,"initial_stop_loss_ratio":-0.05,"stop_loss_abs":0.1432,"stop_loss_ratio":-0.05,"min_rate":0.15062,"max_rate":0.1534,"is_open":false,"enter_tag":"","leverage":1.0,"is_short":false,"open_timestamp":1764795600000,"close_timestamp":1764802800000,"orders":[{"amount":2205.0,"safe_price":0.15073,"ft_order_side":"buy","order_filled_timestamp":1764795600000,"ft_is_entry":true,"ft_order_tag":"","cost":332.69200964999993},{"amount":2205.0,"safe_price":0.15239,"ft_order_side":"sell","order_filled_timestamp":1764802800000,"ft_is_entry":false,"ft_order_tag":"roi","cost":336.35596995}],"funding_fees":0.0,"weekday":2},{"pair":"DOGE/USDT","stake_amount":333.26928,"max_stake_amount":333.26928,"amount":2388.0,"open_date":"2025-12-06 00:00:00+00:00","close_date":"2025-12-06 02:00:00+00:00","open_rate":0.13956,"close_rate":0.13991,"fee_open":0.001,"fee_close":0.001,"trade_duration":120,"profit_ratio":0.000504869163510608,"profit_abs":0.16842564,"exit_reason":"roi","initial_stop_loss_abs":0.13259,"initial_stop_loss_ratio":-0.05,"stop_loss_abs":0.13259,"stop_loss_ratio":-0.05,"min_rate":0.13895,"max_rate":0.14039,"is_open":false,"enter_tag":"","leverage":1.0,"is_short":false,"open_timestamp":1764979200000,"close_timestamp":1764986400000,"orders":[{"amount":2388.0,"safe_price":0.13956,"ft_order_side":"buy","order_filled_timestamp":1764979200000,"ft_is_entry":true,"ft_order_tag":"","cost":333.60254927999995},{"amount":2388.0,"safe_price":0.13991,"ft_order_side":"sell","order_filled_timestamp":1764986400000,"ft_is_entry":false,"ft_order_tag":"roi","cost":334.43918508}],"funding_fees":0.0,"weekday":5},{"pair":"DOGE/USDT","stake_amount":333.27648,"max_stake_amount":333.27648,"amount":2386.0,"open_date":"2025-12-06 12:00:00+00:00","close_date":"2025-12-06 14:00:00+00:00","open_rate":0.13968,"close_rate":0.13995963963963962,"fee_open":0.001,"fee_close":0.001,"trade_duration":120,"profit_ratio":0.0,"profit_abs":0.0,"exit_reason":"roi","initial_stop_loss_abs":0.1327,"initial_stop_loss_ratio":-0.05,"stop_loss_abs":0.1327,"stop_loss_ratio":-0.05,"min_rate":0.13926,"max_rate":0.14076,"is_open":false,"enter_tag":"","leverage":1.0,"is_short":false,"open_timestamp":1765022400000,"close_timestamp":1765029600000,"orders":[{"amount":2386.0,"safe_price":0.13968,"ft_order_side":"buy","order_filled_timestamp":1765022400000,"ft_is_entry":true,"ft_order_tag":"","cost":333.60975647999993},{"amount":2386.0,"safe_price":0.13995963963963962,"ft_order_side":"sell","order_filled_timestamp":1765029600000,"ft_is_entry":false,"ft_order_tag":"roi","cost":334.2776438803603}],"funding_fees":0.0,"weekday":5},{"pair":"DOGE/USDT","stake_amount":333.3528,"max_stake_amount":333.3528,"amount":2440.0,"open_date":"2025-12-15 03:00:00+00:00","close_date":"2025-12-15 05:00:00+00:00","open_rate":0.13662,"close_rate":0.13689351351351348,"fee_open":0.001,"fee_close":0.001,"trade_duration":120,"profit_ratio":0.0,"profit_abs":0.0,"exit_reason":"roi","initial_stop_loss_abs":0.12979,"initial_stop_loss_ratio":-0.05,"stop_loss_abs":0.12979,"stop_loss_ratio":-0.05,"min_rate":0.13601,"max_rate":0.13725,"is_open":false,"enter_tag":"","leverage":1.0,"is_short":false,"open_timestamp":1765767600000,"close_timestamp":1765774800000,"orders":[{"amount":2440.0,"safe_price":0.13662,"ft_order_side":"buy","order_filled_timestamp":1765767600000,"ft_is_entry":true,"ft_order_tag":"","cost":333.68615279999995},{"amount":2440.0,"safe_price":0.13689351351351348,"ft_order_side":"sell","order_filled_timestamp":1765774800000,"ft_is_entry":false,"ft_order_tag":"roi","cost":334.3541931459458}],"funding_fees":0.0,"weekday":0},{"pair":"DOGE/USDT","stake_amount":333.32775,"max_stake_amount":333.32775,"amount":2569.0,"open_date":"2025-12-16 00:00:00+00:00","close_date":"2025-12-16 06:00:00+00:00","open_rate":0.12975,"close_rate":0.13000975975975976,"fee_open":0.001,"fee_close":0.001,"trade_duration":360,"profit_ratio":0.0,"profit_abs":0.0,"exit_reason":"roi","initial_stop_loss_abs":0.12327,"initial_stop_loss_ratio":-0.05,"stop_loss_abs":0.12327,"stop_loss_ratio":-0.05,"min_rate":0.12716,"max_rate":0.1302,"is_open":false,"enter_tag":"","leverage":1.0,"is_short":false,"open_timestamp":1765843200000,"close_timestamp":1765864800000,"orders":[{"amount":2569.0,"safe_price":0.12975,"ft_order_side":"buy","order_filled_timestamp":1765843200000,"ft_is_entry":true,"ft_order_tag":"","cost":333.66107775},{"amount":2569.0,"safe_price":0.13000975975975976,"ft_order_side":"sell","order_filled_timestamp":1765864800000,"ft_is_entry":false,"ft_order_tag":"roi","cost":334.3290678956456}],"funding_fees":0.0,"weekday":1},{"pair":"DOGE/USDT","stake_amount":333.2961,"max_stake_amount":333.2961,"amount":2565.0,"open_date":"2025-12-16 07:00:00+00:00","close_date":"2025-12-16 10:00:00+00:00","open_rate":0.12994,"close_rate":0.13020014014014014,"fee_open":0.001,"fee_close":0.001,"trade_duration":180,"profit_ratio":0.0,"profit_abs":0.0,"exit_reason":"roi","initial_stop_loss_abs":0.12345,"initial_stop_loss_ratio":-0.05,"stop_loss_abs":0.12345,"stop_loss_ratio":-0.05,"min_rate":0.12831,"max_rate":0.13149,"is_open":false,"enter_tag":"","leverage":1.0,"is_short":false,"open_timestamp":1765868400000,"close_timestamp":1765879200000,"orders":[{"amount":2565.0,"safe_price":0.12994,"ft_order_side":"buy","order_filled_timestamp":1765868400000,"ft_is_entry":true,"ft_order_tag":"","cost":333.6293961},{"amount":2565.0,"safe_price":0.13020014014014014,"ft_order_side":"sell","order_filled_timestamp":1765879200000,"ft_is_entry":false,"ft_order_tag":"roi","cost":334.2973228189189}],"funding_fees":0.0,"weekday":1},{"pair":"DOGE/USDT","stake_amount":333.36187,"max_stake_amount":333.36187,"amount":2543.0,"open_date":"2025-12-20 03:00:00+00:00","close_date":"2025-12-20 05:00:00+00:00","open_rate":0.13109,"close_rate":0.13135244244244243,"fee_open":0.001,"fee_close":0.001,"trade_duration":120,"profit_ratio":0.0,"profit_abs":0.0,"exit_reason":"roi","initial_stop_loss_abs":0.12454,"initial_stop_loss_ratio":-0.05,"stop_loss_abs":0.12454,"stop_loss_ratio":-0.05,"min_rate":0.13069,"max_rate":0.13182,"is_open":false,"enter_tag":"","leverage":1.0,"is_short":false,"open_timestamp":1766199600000,"close_timestamp":1766206800000,"orders":[{"amount":2543.0,"safe_price":0.13109,"ft_order_side":"buy","order_filled_timestamp":1766199600000,"ft_is_entry":true,"ft_order_tag":"","cost":333.69523187},{"amount":2543.0,"safe_price":0.13135244244244243,"ft_order_side":"sell","order_filled_timestamp":1766206800000,"ft_is_entry":false,"ft_order_tag":"roi","cost":334.3632903922622}],"funding_fees":0.0,"weekday":5},{"pair":"DOGE/USDT","stake_amount":333.33448,"max_stake_amount":333.33448,"amount":2812.0,"open_date":"2026-01-01 02:00:00+00:00","close_date":"2026-01-01 08:00:00+00:00","open_rate":0.11854,"close_rate":0.1187773173173173,"fee_open":0.001,"fee_close":0.001,"trade_duration":360,"profit_ratio":0.0,"profit_abs":0.0,"exit_reason":"roi","initial_stop_loss_abs":0.11262,"initial_stop_loss_ratio":-0.05,"stop_loss_abs":0.11262,"stop_loss_ratio":-0.05,"min_rate":0.11796,"max_rate":0.12042,"is_open":false,"enter_tag":"","leverage":1.0,"is_short":false,"open_timestamp":1767232800000,"close_timestamp":1767254400000,"orders":[{"amount":2812.0,"safe_price":0.11854,"ft_order_side":"buy","order_filled_timestamp":1767232800000,"ft_is_entry":true,"ft_order_tag":"","cost":333.66781448},{"amount":2812.0,"safe_price":0.1187773173173173,"ft_order_side":"sell","order_filled_timestamp":1767254400000,"ft_is_entry":false,"ft_order_tag":"roi","cost":334.33581811259256}],"funding_fees":0.0,"weekday":3},{"pair":"DOGE/USDT","stake_amount":333.35991,"max_stake_amount":333.35991,"amount":2769.0,"open_date":"2026-01-01 09:00:00+00:00","close_date":"2026-01-01 11:00:00+00:00","open_rate":0.12039,"close_rate":0.120631021021021,"fee_open":0.001,"fee_close":0.001,"trade_duration":120,"profit_ratio":0.0,"profit_abs":0.0,"exit_reason":"roi","initial_stop_loss_abs":0.11438,"initial_stop_loss_ratio":-0.05,"stop_loss_abs":0.11438,"stop_loss_ratio":-0.05,"min_rate":0.12021,"max_rate":0.12126,"is_open":false,"enter_tag":"","leverage":1.0,"is_short":false,"open_timestamp":1767258000000,"close_timestamp":1767265200000,"orders":[{"amount":2769.0,"safe_price":0.12039,"ft_order_side":"buy","order_filled_timestamp":1767258000000,"ft_is_entry":true,"ft_order_tag":"","cost":333.69326990999997},{"amount":2769.0,"safe_price":0.120631021021021,"ft_order_side":"sell","order_filled_timestamp":1767265200000,"ft_is_entry":false,"ft_order_tag":"roi","cost":334.3613245044143}],"funding_fees":0.0,"weekday":3},{"pair":"DOGE/USDT","stake_amount":333.39432,"max_stake_amount":333.39432,"amount":2674.0,"open_date":"2026-01-01 16:00:00+00:00","close_date":"2026-01-01 18:00:00+00:00","open_rate":0.12468,"close_rate":0.1249296096096096,"fee_open":0.001,"fee_close":0.001,"trade_duration":120,"profit_ratio":0.0,"profit_abs":0.0,"exit_reason":"roi","initial_stop_loss_abs":0.11845,"initial_stop_loss_ratio":-0.05,"stop_loss_abs":0.11845,"stop_loss_ratio":-0.05,"min_rate":0.12363,"max_rate":0.12555,"is_open":false,"enter_tag":"","leverage":1.0,"is_short":false,"open_timestamp":1767283200000,"close_timestamp":1767290400000,"orders":[{"amount":2674.0,"safe_price":0.12468,"ft_order_side":"buy","order_filled_timestamp":1767283200000,"ft_is_entry":true,"ft_order_tag":"","cost":333.72771431999996},{"amount":2674.0,"safe_price":0.1249296096096096,"ft_order_side":"sell","order_filled_timestamp":1767290400000,"ft_is_entry":false,"ft_order_tag":"roi","cost":334.39583787219215}],"funding_fees":0.0,"weekday":3},{"pair":"DOGE/USDT","stake_amount":333.30294,"max_stake_amount":333.30294,"amount":2337.0,"open_date":"2026-01-03 10:00:00+00:00","close_date":"2026-01-03 12:00:00+00:00","open_rate":0.14262,"close_rate":0.14290552552552552,"fee_open":0.001,"fee_close":0.001,"trade_duration":120,"profit_ratio":0.0,"profit_abs":0.0,"exit_reason":"roi","initial_stop_loss_abs":0.13549,"initial_stop_loss_ratio":-0.05,"stop_loss_abs":0.13549,"stop_loss_ratio":-0.05,"min_rate":0.14221,"max_rate":0.14329,"is_open":false,"enter_tag":"","leverage":1.0,"is_short":false,"open_timestamp":1767434400000,"close_timestamp":1767441600000,"orders":[{"amount":2337.0,"safe_price":0.14262,"ft_order_side":"buy","order_filled_timestamp":1767434400000,"ft_is_entry":true,"ft_order_tag":"","cost":333.63624293999993},{"amount":2337.0,"safe_price":0.14290552552552552,"ft_order_side":"sell","order_filled_timestamp":1767441600000,"ft_is_entry":false,"ft_order_tag":"roi","cost":334.30418336630623}],"funding_fees":0.0,"weekday":5},{"pair":"DOGE/USDT","stake_amount":333.29002,"max_stake_amount":333.29002,"amount":2342.0,"open_date":"2026-01-03 21:00:00+00:00","close_date":"2026-01-03 23:00:00+00:00","open_rate":0.14231,"close_rate":0.14275,"fee_open":0.001,"fee_close":0.001,"trade_duration":120,"profit_ratio":0.001087662249913673,"profit_abs":0.36286948,"exit_reason":"roi","initial_stop_loss_abs":0.1352,"initial_stop_loss_ratio":-0.05,"stop_loss_abs":0.1352,"stop_loss_ratio":-0.05,"min_rate":0.14207,"max_rate":0.14372,"is_open":false,"enter_tag":"","leverage":1.0,"is_short":false,"open_timestamp":1767474000000,"close_timestamp":1767481200000,"orders":[{"amount":2342.0,"safe_price":0.14231,"ft_order_side":"buy","order_filled_timestamp":1767474000000,"ft_is_entry":true,"ft_order_tag":"","cost":333.6233100199999},{"amount":2342.0,"safe_price":0.14275,"ft_order_side":"sell","order_filled_timestamp":1767481200000,"ft_is_entry":false,"ft_order_tag":"roi","cost":334.65482049999997}],"funding_fees":0.0,"weekday":5},{"pair":"DOGE/USDT","stake_amount":333.44886,"max_stake_amount":333.44886,"amount":2202.0,"open_date":"2026-01-04 16:00:00+00:00","close_date":"2026-01-04 18:00:00+00:00","open_rate":0.15143,"close_rate":0.15219,"fee_open":0.001,"fee_close":0.001,"trade_duration":120,"profit_ratio":0.0030107909656215803,"profit_abs":1.00494876,"exit_reason":"roi","initial_stop_loss_abs":0.14386,"initial_stop_loss_ratio":-0.05,"stop_loss_abs":0.14386,"stop_loss_ratio":-0.05,"min_rate":0.15053,"max_rate":0.15285,"is_open":false,"enter_tag":"","leverage":1.0,"is_short":false,"open_timestamp":1767542400000,"close_timestamp":1767549600000,"orders":[{"amount":2202.0,"safe_price":0.15143,"ft_order_side":"buy","order_filled_timestamp":1767542400000,"ft_is_entry":true,"ft_order_tag":"","cost":333.78230886},{"amount":2202.0,"safe_price":0.15219,"ft_order_side":"sell","order_filled_timestamp":1767549600000,"ft_is_entry":false,"ft_order_tag":"roi","cost":335.45750237999994}],"funding_fees":0.0,"weekday":6},{"pair":"DOGE/USDT","stake_amount":333.74246,"max_stake_amount":333.74246,"amount":2218.0,"open_date":"2026-01-05 01:00:00+00:00","close_date":"2026-01-05 03:00:00+00:00","open_rate":0.15047,"close_rate":0.1519,"fee_open":0.001,"fee_close":0.001,"trade_duration":120,"profit_ratio":0.0074865654050873705,"profit_abs":2.50108334,"exit_reason":"roi","initial_stop_loss_abs":0.14295,"initial_stop_loss_ratio":-0.05,"stop_loss_abs":0.14295,"stop_loss_ratio":-0.05,"min_rate":0.15004,"max_rate":0.15248,"is_open":false,"enter_tag":"","leverage":1.0,"is_short":false,"open_timestamp":1767574800000,"close_timestamp":1767582000000,"orders":[{"amount":2218.0,"safe_price":0.15047,"ft_order_side":"buy","order_filled_timestamp":1767574800000,"ft_is_entry":true,"ft_order_tag":"","cost":334.07620245999993},{"amount":2218.0,"safe_price":0.1519,"ft_order_side":"sell","order_filled_timestamp":1767582000000,"ft_is_entry":false,"ft_order_tag":"roi","cost":337.25111419999996}],"funding_fees":0.0,"weekday":0},{"pair":"DOGE/USDT","stake_amount":334.55511,"max_stake_amount":334.55511,"amount":2257.0,"open_date":"2026-01-05 15:00:00+00:00","close_date":"2026-01-05 17:00:00+00:00","open_rate":0.14823,"close_rate":0.15047,"fee_open":0.001,"fee_close":0.001,"trade_duration":120,"profit_ratio":0.013083455706406526,"profit_abs":4.3815141,"exit_reason":"roi","initial_stop_loss_abs":0.14082,"initial_stop_loss_ratio":-0.05,"stop_loss_abs":0.14082,"stop_loss_ratio":-0.05,"min_rate":0.14648,"max_rate":0.15386,"is_open":false,"enter_tag":"","leverage":1.0,"is_short":false,"open_timestamp":1767625200000,"close_timestamp":1767632400000,"orders":[{"amount":2257.0,"safe_price":0.14823,"ft_order_side":"buy","order_filled_timestamp":1767625200000,"ft_is_entry":true,"ft_order_tag":"","cost":334.88966510999995},{"amount":2257.0,"safe_price":0.15047,"ft_order_side":"sell","order_filled_timestamp":1767632400000,"ft_is_entry":false,"ft_order_tag":"roi","cost":339.95040078999995}],"funding_fees":0.0,"weekday":0}],"locks":[],"best_pair":{"key":"DOGE/USDT","trades":61,"profit_mean":0.0009717951005870681,"profit_mean_pct":0.1,"profit_total_abs":18.5919877,"profit_total":0.0185919877,"profit_total_pct":1.86,"duration_avg":"3:04:00","wins":31,"draws":25,"losses":5,"winrate":0.5081967213114754,"cagr":0.07177606679377257,"expectancy":0.3047866836065576,"expectancy_ratio":-0.39260571368193464,"sortino":13.71079708767156,"sharpe":0.57840834119191,"calmar":6.815321175893297,"sqn":0.3729,"profit_factor":1.210210293080398,"max_drawdown_account":0.053729672613413326,"max_drawdown_abs":56.72718795},"worst_pair":{"key":"DOGE/USDT","trades":61,"profit_mean":0.0009717951005870681,"profit_mean_pct":0.1,"profit_total_abs":18.5919877,"profit_total":0.0185919877,"profit_total_pct":1.86,"duration_avg":"3:04:00","wins":31,"draws":25,"losses":5,"winrate":0.5081967213114754,"cagr":0.07177606679377257,"expectancy":0.3047866836065576,"expectancy_ratio":-0.39260571368193464,"sortino":13.71079708767156,"sharpe":0.57840834119191,"calmar":6.815321175893297,"sqn":0.3729,"profit_factor":1.210210293080398,"max_drawdown_account":0.053729672613413326,"max_drawdown_abs":56.72718795},"results_per_pair":[{"key":"DOGE/USDT","trades":61,"profit_mean":0.0009717951005870681,"profit_mean_pct":0.1,"profit_total_abs":18.5919877,"profit_total":0.0185919877,"profit_total_pct":1.86,"duration_avg":"3:04:00","wins":31,"draws":25,"losses":5,"winrate":0.5081967213114754,"cagr":0.07177606679377257,"expectancy":0.3047866836065576,"expectancy_ratio":-0.39260571368193464,"sortino":13.71079708767156,"sharpe":0.57840834119191,"calmar":6.815321175893297,"sqn":0.3729,"profit_factor":1.210210293080398,"max_drawdown_account":0.053729672613413326,"max_drawdown_abs":56.72718795},{"key":"TOTAL","trades":61,"profit_mean":0.0009717951005870681,"profit_mean_pct":0.1,"profit_total_abs":18.5919877,"profit_total":0.0185919877,"profit_total_pct":1.86,"duration_avg":"3:04:00","wins":31,"draws":25,"losses":5,"winrate":0.5081967213114754,"cagr":0.07177606679377257,"expectancy":0.3047866836065576,"expectancy_ratio":-0.39260571368193464,"sortino":13.71079708767156,"sharpe":0.57840834119191,"calmar":6.815321175893297,"sqn":0.3729,"profit_factor":1.210210293080398,"max_drawdown_account":0.053729672613413326,"max_drawdown_abs":56.72718795}],"results_per_enter_tag":[{"key":"","trades":61,"profit_mean":0.0009717951005870681,"profit_mean_pct":0.1,"profit_total_abs":18.5919877,"profit_total":0.0185919877,"profit_total_pct":1.86,"duration_avg":"3:04:00","wins":31,"draws":25,"losses":5,"winrate":0.5081967213114754,"cagr":0.07177606679377257,"expectancy":0.3047866836065576,"expectancy_ratio":-0.39260571368193464,"sortino":13.71079708767156,"sharpe":0.57840834119191,"calmar":6.815321175893297,"sqn":0.3729,"profit_factor":1.210210293080398,"max_drawdown_account":0.053729672613413326,"max_drawdown_abs":56.72718795},{"key":"TOTAL","trades":61,"profit_mean":0.0009717951005870681,"profit_mean_pct":0.1,"profit_total_abs":18.5919877,"profit_total":0.0185919877,"profit_total_pct":1.86,"duration_avg":"3:04:00","wins":31,"draws":25,"losses":5,"winrate":0.5081967213114754,"cagr":0.07177606679377257,"expectancy":0.3047866836065576,"expectancy_ratio":-0.39260571368193464,"sortino":13.71079708767156,"sharpe":0.57840834119191,"calmar":6.815321175893297,"sqn":0.3729,"profit_factor":1.210210293080398,"max_drawdown_account":0.053729672613413326,"max_drawdown_abs":56.72718795}],"exit_reason_summary":[{"key":"roi","trades":56,"profit_mean":0.005690778567271916,"profit_mean_pct":0.57,"profit_total_abs":107.03669432000001,"profit_total":0.10703669432000001,"profit_total_pct":10.7,"duration_avg":"2:26:00","wins":31,"draws":25,"losses":0,"winrate":0.5535714285714286,"cagr":0.46614410919184923,"expectancy":1.9113695414285714,"expectancy_ratio":100.0,"sortino":-100,"sharpe":6.044844855591691,"calmar":-100,"sqn":4.0645,"profit_factor":0.0,"max_drawdown_account":0.0,"max_drawdown_abs":0.0},{"key":"stop_loss","trades":5,"profit_mean":-0.05188081972628322,"profit_mean_pct":-5.19,"profit_total_abs":-88.44470661999999,"profit_total":-0.08844470662,"profit_total_pct":-8.84,"duration_avg":"10:12:00","wins":0,"draws":0,"losses":5,"winrate":0.0,"cagr":-0.294222100355112,"expectancy":-17.688941323999998,"expectancy_ratio":-1.0,"sortino":-65.22419471832269,"sharpe":-65.22419471832269,"calmar":-19.69584863354927,"sqn":-132.4628,"profit_factor":0.0,"max_drawdown_account":0.08844470662000004,"max_drawdown_abs":88.44470661999999},{"key":"TOTAL","trades":61,"profit_mean":0.0009717951005870681,"profit_mean_pct":0.1,"profit_total_abs":18.5919877,"profit_total":0.0185919877,"profit_total_pct":1.86,"duration_avg":"3:04:00","wins":31,"draws":25,"losses":5,"winrate":0.5081967213114754,"cagr":0.07177606679377257,"expectancy":0.3047866836065576,"expectancy_ratio":-0.39260571368193464,"sortino":13.71079708767156,"sharpe":0.57840834119191,"calmar":6.815321175893297,"sqn":0.3729,"profit_factor":1.210210293080398,"max_drawdown_account":0.053729672613413326,"max_drawdown_abs":56.72718795}],"mix_tag_stats":[{"key":["","roi"],"trades":56,"profit_mean":0.005690778567271916,"profit_mean_pct":0.57,"profit_total_abs":107.03669432000001,"profit_total":0.10703669432000001,"profit_total_pct":10.7,"duration_avg":"2:26:00","wins":31,"draws":25,"losses":0,"winrate":0.5535714285714286,"cagr":0.46614410919184923,"expectancy":1.9113695414285714,"expectancy_ratio":100.0,"sortino":-100,"sharpe":6.044844855591691,"calmar":-100,"sqn":4.0645,"profit_factor":0.0,"max_drawdown_account":0.0,"max_drawdown_abs":0.0},{"key":["","stop_loss"],"trades":5,"profit_mean":-0.05188081972628322,"profit_mean_pct":-5.19,"profit_total_abs":-88.44470661999999,"profit_total":-0.08844470662,"profit_total_pct":-8.84,"duration_avg":"10:12:00","wins":0,"draws":0,"losses":5,"winrate":0.0,"cagr":-0.294222100355112,"expectancy":-17.688941323999998,"expectancy_ratio":-1.0,"sortino":-65.22419471832269,"sharpe":-65.22419471832269,"calmar":-19.69584863354927,"sqn":-132.4628,"profit_factor":0.0,"max_drawdown_account":0.08844470662000004,"max_drawdown_abs":88.44470661999999},{"key":"TOTAL","trades":61,"profit_mean":0.0009717951005870681,"profit_mean_pct":0.1,"profit_total_abs":18.5919877,"profit_total":0.0185919877,"profit_total_pct":1.86,"duration_avg":"3:04:00","wins":31,"draws":25,"losses":5,"winrate":0.5081967213114754,"cagr":0.07177606679377257,"expectancy":0.3047866836065576,"expectancy_ratio":-0.39260571368193464,"sortino":13.71079708767156,"sharpe":0.57840834119191,"calmar":6.815321175893297,"sqn":0.3729,"profit_factor":1.210210293080398,"max_drawdown_account":0.053729672613413326,"max_drawdown_abs":56.72718795}],"left_open_trades":[{"key":"TOTAL","trades":0,"profit_mean":0.0,"profit_mean_pct":0.0,"profit_total_abs":0.0,"profit_total":0.0,"profit_total_pct":0.0,"duration_avg":"0:00","wins":0,"draws":0,"losses":0,"winrate":0.0,"cagr":0.0,"expectancy":0.0,"expectancy_ratio":100.0,"sortino":0,"sharpe":0,"calmar":0,"sqn":0.0,"profit_factor":0.0,"max_drawdown_account":0.0,"max_drawdown_abs":0.0}],"total_trades":61,"trade_count_long":61,"trade_count_short":0,"total_volume":40928.87385944714,"avg_stake_amount":334.6598844262296,"profit_mean":0.0009717951005870681,"profit_median":0.000504869163510608,"profit_total":0.0185919877,"profit_total_long":0.0185919877,"profit_total_short":0.0,"profit_total_abs":18.5919877,"profit_total_long_abs":18.5919877,"profit_total_short_abs":0.0,"cagr":0.07177606679377257,"expectancy":0.3047866836065576,"expectancy_ratio":-0.39260571368193464,"sortino":13.71079708767156,"sharpe":0.57840834119191,"calmar":6.815321175893297,"sqn":0.3729,"profit_factor":1.210210293080398,"backtest_start":"2025-10-01 00:00:00","backtest_start_ts":1759276800000,"backtest_end":"2026-01-06 20:00:00","backtest_end_ts":1767729600000,"backtest_days":97,"backtest_run_start_ts":1767753140,"backtest_run_end_ts":1767753142,"trades_per_day":0.63,"market_change":-0.36632086436227446,"pairlist":["DOGE/USDT"],"stake_amount":"unlimited","stake_currency":"USDT","stake_currency_decimals":3,"starting_balance":1000,"dry_run_wallet":1000,"final_balance":1018.5919877,"rejected_signals":0,"timedout_entry_orders":0,"timedout_exit_orders":0,"canceled_trade_entries":0,"canceled_entry_orders":0,"replaced_entry_orders":0,"max_open_trades":1,"max_open_trades_setting":3,"timeframe":"1h","timeframe_detail":"","timerange":"20251001-","enable_protections":false,"strategy_name":"ACO_88_12","freqaimodel":null,"freqai_identifier":null,"stoploss":-0.05,"trailing_stop":false,"trailing_stop_positive":null,"trailing_stop_positive_offset":0.0,"trailing_only_offset_is_reached":false,"use_custom_stoploss":false,"minimal_roi":{"0":0.1,"60":0.05,"120":0.0},"use_exit_signal":true,"exit_profit_only":false,"exit_profit_offset":0.0,"ignore_roi_if_entry_signal":false,"trading_mode":"spot","margin_mode":"","periodic_breakdown":{"day":[{"date":"02/10/2025","date_ts":1759363200000,"profit_abs":3.1262117,"wins":1,"draws":1,"losses":0,"trades":2,"profit_factor":0.0},{"date":"03/10/2025","date_ts":1759449600000,"profit_abs":0.0,"wins":0,"draws":1,"losses":0,"trades":1,"profit_factor":0.0},{"date":"04/10/2025","date_ts":1759536000000,"profit_abs":0.0,"wins":0,"draws":0,"losses":0,"trades":0,"profit_factor":0.0},{"date":"05/10/2025","date_ts":1759622400000,"profit_abs":0.0,"wins":0,"draws":0,"losses":0,"trades":0,"profit_factor":0.0},{"date":"06/10/2025","date_ts":1759708800000,"profit_abs":0.0,"wins":0,"draws":0,"losses":0,"trades":0,"profit_factor":0.0},{"date":"07/10/2025","date_ts":1759795200000,"profit_abs":0.0,"wins":0,"draws":0,"losses":0,"trades":0,"profit_factor":0.0},{"date":"08/10/2025","date_ts":1759881600000,"profit_abs":2.27873856,"wins":1,"draws":1,"losses":0,"trades":2,"profit_factor":0.0},{"date":"09/10/2025","date_ts":1759968000000,"profit_abs":0.0,"wins":0,"draws":0,"losses":0,"trades":0,"profit_factor":0.0},{"date":"10/10/2025","date_ts":1760054400000,"profit_abs":0.0,"wins":0,"draws":0,"losses":0,"trades":0,"profit_factor":0.0},{"date":"11/10/2025","date_ts":1760140800000,"profit_abs":4.92637112,"wins":1,"draws":0,"losses":0,"trades":1,"profit_factor":0.0},{"date":"12/10/2025","date_ts":1760227200000,"profit_abs":39.21419285,"wins":3,"draws":1,"losses":0,"trades":4,"profit_factor":0.0},{"date":"13/10/2025","date_ts":1760313600000,"profit_abs":0.0,"wins":0,"draws":1,"losses":0,"trades":1,"profit_factor":0.0},{"date":"14/10/2025","date_ts":1760400000000,"profit_abs":6.2433114,"wins":1,"draws":0,"losses":0,"trades":1,"profit_factor":0.0},{"date":"15/10/2025","date_ts":1760486400000,"profit_abs":0.0,"wins":0,"draws":0,"losses":0,"trades":0,"profit_factor":0.0},{"date":"16/10/2025","date_ts":1760572800000,"profit_abs":0.0,"wins":0,"draws":1,"losses":0,"trades":1,"profit_factor":0.0},{"date":"17/10/2025","date_ts":1760659200000,"profit_abs":-15.81882474,"wins":1,"draws":0,"losses":1,"trades":2,"profit_factor":0.12518619},{"date":"18/10/2025","date_ts":1760745600000,"profit_abs":0.0,"wins":0,"draws":1,"losses":0,"trades":1,"profit_factor":0.0},{"date":"19/10/2025","date_ts":1760832000000,"profit_abs":0.0,"wins":0,"draws":0,"losses":0,"trades":0,"profit_factor":0.0},{"date":"20/10/2025","date_ts":1760918400000,"profit_abs":0.0,"wins":0,"draws":0,"losses":0,"trades":0,"profit_factor":0.0},{"date":"21/10/2025","date_ts":1761004800000,"profit_abs":0.0,"wins":0,"draws":0,"losses":0,"trades":0,"profit_factor":0.0},{"date":"22/10/2025","date_ts":1761091200000,"profit_abs":1.75404544,"wins":1,"draws":0,"losses":0,"trades":1,"profit_factor":0.0},{"date":"23/10/2025","date_ts":1761177600000,"profit_abs":1.16364717,"wins":1,"draws":0,"losses":0,"trades":1,"profit_factor":0.0},{"date":"24/10/2025","date_ts":1761264000000,"profit_abs":0.0,"wins":0,"draws":0,"losses":0,"trades":0,"profit_factor":0.0},{"date":"25/10/2025","date_ts":1761350400000,"profit_abs":0.0,"wins":0,"draws":0,"losses":0,"trades":0,"profit_factor":0.0},{"date":"26/10/2025","date_ts":1761436800000,"profit_abs":0.0,"wins":0,"draws":0,"losses":0,"trades":0,"profit_factor":0.0},{"date":"27/10/2025","date_ts":1761523200000,"profit_abs":2.65650408,"wins":1,"draws":0,"losses":0,"trades":1,"profit_factor":0.0},{"date":"28/10/2025","date_ts":1761609600000,"profit_abs":-17.91571796,"wins":0,"draws":0,"losses":1,"trades":1,"profit_factor":0.0},{"date":"29/10/2025","date_ts":1761696000000,"profit_abs":0.0,"wins":0,"draws":1,"losses":0,"trades":1,"profit_factor":0.0},{"date":"30/10/2025","date_ts":1761782400000,"profit_abs":-17.6029056,"wins":0,"draws":0,"losses":1,"trades":1,"profit_factor":0.0},{"date":"31/10/2025","date_ts":1761868800000,"profit_abs":6.4480905,"wins":1,"draws":0,"losses":0,"trades":1,"profit_factor":0.0},{"date":"01/11/2025","date_ts":1761955200000,"profit_abs":0.0,"wins":0,"draws":0,"losses":0,"trades":0,"profit_factor":0.0},{"date":"02/11/2025","date_ts":1762041600000,"profit_abs":0.0,"wins":0,"draws":0,"losses":0,"trades":0,"profit_factor":0.0},{"date":"03/11/2025","date_ts":1762128000000,"profit_abs":-17.41202684,"wins":0,"draws":0,"losses":1,"trades":1,"profit_factor":0.0},{"date":"04/11/2025","date_ts":1762214400000,"profit_abs":10.38753683,"wins":3,"draws":0,"losses":0,"trades":3,"profit_factor":0.0},{"date":"05/11/2025","date_ts":1762300800000,"profit_abs":2.47275757,"wins":1,"draws":0,"losses":0,"trades":1,"profit_factor":0.0},{"date":"06/11/2025","date_ts":1762387200000,"profit_abs":0.0,"wins":0,"draws":0,"losses":0,"trades":0,"profit_factor":0.0},{"date":"07/11/2025","date_ts":1762473600000,"profit_abs":1.60323584,"wins":1,"draws":0,"losses":0,"trades":1,"profit_factor":0.0},{"date":"08/11/2025","date_ts":1762560000000,"profit_abs":0.0,"wins":0,"draws":2,"losses":0,"trades":2,"profit_factor":0.0},{"date":"09/11/2025","date_ts":1762646400000,"profit_abs":0.0,"wins":0,"draws":0,"losses":0,"trades":0,"profit_factor":0.0},{"date":"10/11/2025","date_ts":1762732800000,"profit_abs":0.0,"wins":0,"draws":0,"losses":0,"trades":0,"profit_factor":0.0},{"date":"11/11/2025","date_ts":1762819200000,"profit_abs":0.0,"wins":0,"draws":0,"losses":0,"trades":0,"profit_factor":0.0},{"date":"12/11/2025","date_ts":1762905600000,"profit_abs":3.7449895,"wins":1,"draws":0,"losses":0,"trades":1,"profit_factor":0.0},{"date":"13/11/2025","date_ts":1762992000000,"profit_abs":0.0,"wins":0,"draws":0,"losses":0,"trades":0,"profit_factor":0.0},{"date":"14/11/2025","date_ts":1763078400000,"profit_abs":-17.43155172,"wins":0,"draws":0,"losses":1,"trades":1,"profit_factor":0.0},{"date":"15/11/2025","date_ts":1763164800000,"profit_abs":0.0,"wins":0,"draws":1,"losses":0,"trades":1,"profit_factor":0.0},{"date":"16/11/2025","date_ts":1763251200000,"profit_abs":0.0,"wins":0,"draws":0,"losses":0,"trades":0,"profit_factor":0.0},{"date":"17/11/2025","date_ts":1763337600000,"profit_abs":0.337792,"wins":1,"draws":0,"losses":0,"trades":1,"profit_factor":0.0},{"date":"18/11/2025","date_ts":1763424000000,"profit_abs":0.0,"wins":0,"draws":1,"losses":0,"trades":1,"profit_factor":0.0},{"date":"19/11/2025","date_ts":1763510400000,"profit_abs":0.0,"wins":0,"draws":0,"losses":0,"trades":0,"profit_factor":0.0},{"date":"20/11/2025","date_ts":1763596800000,"profit_abs":0.0,"wins":0,"draws":0,"losses":0,"trades":0,"profit_factor":0.0},{"date":"21/11/2025","date_ts":1763683200000,"profit_abs":0.0,"wins":0,"draws":1,"losses":0,"trades":1,"profit_factor":0.0},{"date":"22/11/2025","date_ts":1763769600000,"profit_abs":0.38279336,"wins":1,"draws":1,"losses":0,"trades":2,"profit_factor":0.0},{"date":"23/11/2025","date_ts":1763856000000,"profit_abs":2.46175652,"wins":2,"draws":1,"losses":0,"trades":3,"profit_factor":0.0},{"date":"24/11/2025","date_ts":1763942400000,"profit_abs":0.0,"wins":0,"draws":1,"losses":0,"trades":1,"profit_factor":0.0},{"date":"25/11/2025","date_ts":1764028800000,"profit_abs":0.0,"wins":0,"draws":0,"losses":0,"trades":0,"profit_factor":0.0},{"date":"26/11/2025","date_ts":1764115200000,"profit_abs":0.0,"wins":0,"draws":0,"losses":0,"trades":0,"profit_factor":0.0},{"date":"27/11/2025","date_ts":1764201600000,"profit_abs":0.0,"wins":0,"draws":0,"losses":0,"trades":0,"profit_factor":0.0},{"date":"28/11/2025","date_ts":1764288000000,"profit_abs":0.0,"wins":0,"draws":0,"losses":0,"trades":0,"profit_factor":0.0},{"date":"29/11/2025","date_ts":1764374400000,"profit_abs":0.0,"wins":0,"draws":0,"losses":0,"trades":0,"profit_factor":0.0},{"date":"30/11/2025","date_ts":1764460800000,"profit_abs":0.0,"wins":0,"draws":0,"losses":0,"trades":0,"profit_factor":0.0},{"date":"01/12/2025","date_ts":1764547200000,"profit_abs":0.0,"wins":0,"draws":0,"losses":0,"trades":0,"profit_factor":0.0},{"date":"02/12/2025","date_ts":1764633600000,"profit_abs":2.28604856,"wins":2,"draws":0,"losses":0,"trades":2,"profit_factor":0.0},{"date":"03/12/2025","date_ts":1764720000000,"profit_abs":4.86615024,"wins":2,"draws":0,"losses":0,"trades":2,"profit_factor":0.0},{"date":"04/12/2025","date_ts":1764806400000,"profit_abs":0.0,"wins":0,"draws":0,"losses":0,"trades":0,"profit_factor":0.0},{"date":"05/12/2025","date_ts":1764892800000,"profit_abs":0.0,"wins":0,"draws":0,"losses":0,"trades":0,"profit_factor":0.0},{"date":"06/12/2025","date_ts":1764979200000,"profit_abs":0.16842564,"wins":1,"draws":1,"losses":0,"trades":2,"profit_factor":0.0},{"date":"07/12/2025","date_ts":1765065600000,"profit_abs":0.0,"wins":0,"draws":0,"losses":0,"trades":0,"profit_factor":0.0},{"date":"08/12/2025","date_ts":1765152000000,"profit_abs":0.0,"wins":0,"draws":0,"losses":0,"trades":0,"profit_factor":0.0},{"date":"09/12/2025","date_ts":1765238400000,"profit_abs":0.0,"wins":0,"draws":0,"losses":0,"trades":0,"profit_factor":0.0},{"date":"10/12/2025","date_ts":1765324800000,"profit_abs":0.0,"wins":0,"draws":0,"losses":0,"trades":0,"profit_factor":0.0},{"date":"11/12/2025","date_ts":1765411200000,"profit_abs":0.0,"wins":0,"draws":0,"losses":0,"trades":0,"profit_factor":0.0},{"date":"12/12/2025","date_ts":1765497600000,"profit_abs":0.0,"wins":0,"draws":0,"losses":0,"trades":0,"profit_factor":0.0},{"date":"13/12/2025","date_ts":1765584000000,"profit_abs":0.0,"wins":0,"draws":0,"losses":0,"trades":0,"profit_factor":0.0},{"date":"14/12/2025","date_ts":1765670400000,"profit_abs":0.0,"wins":0,"draws":0,"losses":0,"trades":0,"profit_factor":0.0},{"date":"15/12/2025","date_ts":1765756800000,"profit_abs":0.0,"wins":0,"draws":1,"losses":0,"trades":1,"profit_factor":0.0},{"date":"16/12/2025","date_ts":1765843200000,"profit_abs":0.0,"wins":0,"draws":2,"losses":0,"trades":2,"profit_factor":0.0},{"date":"17/12/2025","date_ts":1765929600000,"profit_abs":0.0,"wins":0,"draws":0,"losses":0,"trades":0,"profit_factor":0.0},{"date":"18/12/2025","date_ts":1766016000000,"profit_abs":0.0,"wins":0,"draws":0,"losses":0,"trades":0,"profit_factor":0.0},{"date":"19/12/2025","date_ts":1766102400000,"profit_abs":0.0,"wins":0,"draws":0,"losses":0,"trades":0,"profit_factor":0.0},{"date":"20/12/2025","date_ts":1766188800000,"profit_abs":0.0,"wins":0,"draws":1,"losses":0,"trades":1,"profit_factor":0.0},{"date":"21/12/2025","date_ts":1766275200000,"profit_abs":0.0,"wins":0,"draws":0,"losses":0,"trades":0,"profit_factor":0.0},{"date":"22/12/2025","date_ts":1766361600000,"profit_abs":0.0,"wins":0,"draws":0,"losses":0,"trades":0,"profit_factor":0.0},{"date":"23/12/2025","date_ts":1766448000000,"profit_abs":0.0,"wins":0,"draws":0,"losses":0,"trades":0,"profit_factor":0.0},{"date":"24/12/2025","date_ts":1766534400000,"profit_abs":0.0,"wins":0,"draws":0,"losses":0,"trades":0,"profit_factor":0.0},{"date":"25/12/2025","date_ts":1766620800000,"profit_abs":0.0,"wins":0,"draws":0,"losses":0,"trades":0,"profit_factor":0.0},{"date":"26/12/2025","date_ts":1766707200000,"profit_abs":0.0,"wins":0,"draws":0,"losses":0,"trades":0,"profit_factor":0.0},{"date":"27/12/2025","date_ts":1766793600000,"profit_abs":0.0,"wins":0,"draws":0,"losses":0,"trades":0,"profit_factor":0.0},{"date":"28/12/2025","date_ts":1766880000000,"profit_abs":0.0,"wins":0,"draws":0,"losses":0,"trades":0,"profit_factor":0.0},{"date":"29/12/2025","date_ts":1766966400000,"profit_abs":0.0,"wins":0,"draws":0,"losses":0,"trades":0,"profit_factor":0.0},{"date":"30/12/2025","date_ts":1767052800000,"profit_abs":0.0,"wins":0,"draws":0,"losses":0,"trades":0,"profit_factor":0.0},{"date":"31/12/2025","date_ts":1767139200000,"profit_abs":0.0,"wins":0,"draws":0,"losses":0,"trades":0,"profit_factor":0.0},{"date":"01/01/2026","date_ts":1767225600000,"profit_abs":0.0,"wins":0,"draws":3,"losses":0,"trades":3,"profit_factor":0.0},{"date":"02/01/2026","date_ts":1767312000000,"profit_abs":0.0,"wins":0,"draws":0,"losses":0,"trades":0,"profit_factor":0.0},{"date":"03/01/2026","date_ts":1767398400000,"profit_abs":0.36286948,"wins":1,"draws":1,"losses":0,"trades":2,"profit_factor":0.0},{"date":"04/01/2026","date_ts":1767484800000,"profit_abs":1.00494876,"wins":1,"draws":0,"losses":0,"trades":1,"profit_factor":0.0},{"date":"05/01/2026","date_ts":1767571200000,"profit_abs":6.88259744,"wins":2,"draws":0,"losses":0,"trades":2,"profit_factor":0.0}],"week":[{"date":"06/10/2025","date_ts":1759708800000,"profit_abs":3.1262117,"wins":1,"draws":2,"losses":0,"trades":3,"profit_factor":0.0},{"date":"13/10/2025","date_ts":1760313600000,"profit_abs":46.41930253,"wins":5,"draws":3,"losses":0,"trades":8,"profit_factor":0.0},{"date":"20/10/2025","date_ts":1760918400000,"profit_abs":-9.57551334,"wins":2,"draws":2,"losses":1,"trades":5,"profit_factor":0.47045425},{"date":"27/10/2025","date_ts":1761523200000,"profit_abs":5.57419669,"wins":3,"draws":0,"losses":0,"trades":3,"profit_factor":0.0},{"date":"03/11/2025","date_ts":1762128000000,"profit_abs":-46.4825599,"wins":1,"draws":1,"losses":3,"trades":5,"profit_factor":0.12182149},{"date":"10/11/2025","date_ts":1762732800000,"profit_abs":14.46353024,"wins":5,"draws":2,"losses":0,"trades":7,"profit_factor":0.0},{"date":"17/11/2025","date_ts":1763337600000,"profit_abs":-13.34877022,"wins":2,"draws":1,"losses":1,"trades":4,"profit_factor":0.2342179},{"date":"24/11/2025","date_ts":1763942400000,"profit_abs":2.84454988,"wins":3,"draws":5,"losses":0,"trades":8,"profit_factor":0.0},{"date":"01/12/2025","date_ts":1764547200000,"profit_abs":0.0,"wins":0,"draws":0,"losses":0,"trades":0,"profit_factor":0.0},{"date":"08/12/2025","date_ts":1765152000000,"profit_abs":7.32062444,"wins":5,"draws":1,"losses":0,"trades":6,"profit_factor":0.0},{"date":"15/12/2025","date_ts":1765756800000,"profit_abs":0.0,"wins":0,"draws":1,"losses":0,"trades":1,"profit_factor":0.0},{"date":"22/12/2025","date_ts":1766361600000,"profit_abs":0.0,"wins":0,"draws":3,"losses":0,"trades":3,"profit_factor":0.0},{"date":"29/12/2025","date_ts":1766966400000,"profit_abs":0.0,"wins":0,"draws":0,"losses":0,"trades":0,"profit_factor":0.0},{"date":"05/01/2026","date_ts":1767571200000,"profit_abs":8.25041568,"wins":4,"draws":4,"losses":0,"trades":8,"profit_factor":0.0}],"month":[{"date":"31/10/2025","date_ts":1761868800000,"profit_abs":16.47366452,"wins":12,"draws":8,"losses":3,"trades":23,"profit_factor":1.30733802},{"date":"30/11/2025","date_ts":1764460800000,"profit_abs":-13.45271694,"wins":10,"draws":8,"losses":2,"trades":20,"profit_factor":0.61391116},{"date":"31/12/2025","date_ts":1767139200000,"profit_abs":7.32062444,"wins":5,"draws":5,"losses":0,"trades":10,"profit_factor":0.0},{"date":"31/01/2026","date_ts":1769817600000,"profit_abs":8.25041568,"wins":4,"draws":4,"losses":0,"trades":8,"profit_factor":0.0}],"year":[{"date":"31/12/2025","date_ts":1767139200000,"profit_abs":10.34157202,"wins":27,"draws":21,"losses":5,"trades":53,"profit_factor":1.11692698},{"date":"31/12/2026","date_ts":1798675200000,"profit_abs":8.25041568,"wins":4,"draws":4,"losses":0,"trades":8,"profit_factor":0.0}],"weekday":[{"date":"Monday","date_ts":0,"profit_abs":-7.53513332,"wins":4,"draws":3,"losses":1,"trades":8,"profit_factor":0.56724548},{"date":"Tuesday","date_ts":1,"profit_abs":1.00117883,"wins":6,"draws":3,"losses":1,"trades":10,"profit_factor":1.05588271},{"date":"Wednesday","date_ts":2,"profit_abs":15.11668131,"wins":6,"draws":2,"losses":0,"trades":8,"profit_factor":0.0},{"date":"Thursday","date_ts":3,"profit_abs":-13.31304673,"wins":2,"draws":5,"losses":1,"trades":8,"profit_factor":0.24370175},{"date":"Friday","date_ts":4,"profit_abs":-25.19905012,"wins":3,"draws":2,"losses":2,"trades":7,"profit_factor":0.29044855},{"date":"Saturday","date_ts":5,"profit_abs":5.8404596,"wins":4,"draws":8,"losses":0,"trades":12,"profit_factor":0.0},{"date":"Sunday","date_ts":6,"profit_abs":42.68089813,"wins":6,"draws":2,"losses":0,"trades":8,"profit_factor":0.0}]},"backtest_best_day":0.11616710234644695,"backtest_worst_day":-0.051895702970170536,"backtest_best_day_abs":39.21419285,"backtest_worst_day_abs":-17.91571796,"winning_days":22,"draw_days":69,"losing_days":5,"daily_profit":[["2025-10-02",3.1262117],["2025-10-03",0.0],["2025-10-04",0.0],["2025-10-05",0.0],["2025-10-06",0.0],["2025-10-07",0.0],["2025-10-08",2.27873856],["2025-10-09",0.0],["2025-10-10",0.0],["2025-10-11",4.92637112],["2025-10-12",39.21419285],["2025-10-13",0.0],["2025-10-14",6.2433114],["2025-10-15",0.0],["2025-10-16",0.0],["2025-10-17",-15.81882474],["2025-10-18",0.0],["2025-10-19",0.0],["2025-10-20",0.0],["2025-10-21",0.0],["2025-10-22",1.75404544],["2025-10-23",1.16364717],["2025-10-24",0.0],["2025-10-25",0.0],["2025-10-26",0.0],["2025-10-27",2.65650408],["2025-10-28",-17.91571796],["2025-10-29",0.0],["2025-10-30",-17.6029056],["2025-10-31",6.4480905],["2025-11-01",0.0],["2025-11-02",0.0],["2025-11-03",-17.41202684],["2025-11-04",10.38753683],["2025-11-05",2.47275757],["2025-11-06",0.0],["2025-11-07",1.60323584],["2025-11-08",0.0],["2025-11-09",0.0],["2025-11-10",0.0],["2025-11-11",0.0],["2025-11-12",3.7449895],["2025-11-13",0.0],["2025-11-14",-17.43155172],["2025-11-15",0.0],["2025-11-16",0.0],["2025-11-17",0.337792],["2025-11-18",0.0],["2025-11-19",0.0],["2025-11-20",0.0],["2025-11-21",0.0],["2025-11-22",0.38279336],["2025-11-23",2.46175652],["2025-11-24",0.0],["2025-11-25",0.0],["2025-11-26",0.0],["2025-11-27",0.0],["2025-11-28",0.0],["2025-11-29",0.0],["2025-11-30",0.0],["2025-12-01",0.0],["2025-12-02",2.28604856],["2025-12-03",4.86615024],["2025-12-04",0.0],["2025-12-05",0.0],["2025-12-06",0.16842564],["2025-12-07",0.0],["2025-12-08",0.0],["2025-12-09",0.0],["2025-12-10",0.0],["2025-12-11",0.0],["2025-12-12",0.0],["2025-12-13",0.0],["2025-12-14",0.0],["2025-12-15",0.0],["2025-12-16",0.0],["2025-12-17",0.0],["2025-12-18",0.0],["2025-12-19",0.0],["2025-12-20",0.0],["2025-12-21",0.0],["2025-12-22",0.0],["2025-12-23",0.0],["2025-12-24",0.0],["2025-12-25",0.0],["2025-12-26",0.0],["2025-12-27",0.0],["2025-12-28",0.0],["2025-12-29",0.0],["2025-12-30",0.0],["2025-12-31",0.0],["2026-01-01",0.0],["2026-01-02",0.0],["2026-01-03",0.36286948],["2026-01-04",1.00494876],["2026-01-05",6.88259744]],"wins":31,"losses":5,"draws":25,"winrate":0.5081967213114754,"holding_avg":"3:04:00","holding_avg_s":11040.0,"winner_holding_min":"0d 01:00","winner_holding_min_s":3600.0,"winner_holding_max":"0d 02:00","winner_holding_max_s":7200.0,"winner_holding_avg":"0d 01:56","winner_holding_avg_s":6960.0,"loser_holding_min":"0d 02:00","loser_holding_min_s":7200.0,"loser_holding_max":"1d 07:00","loser_holding_max_s":111600.0,"loser_holding_avg":"0d 10:12","loser_holding_avg_s":36720.0,"max_consecutive_wins":5,"max_consecutive_losses":9,"max_drawdown_account":0.053729672613413326,"max_relative_drawdown":0.053729672613413326,"max_drawdown_abs":56.72718795,"drawdown_start":"2025-10-14 17:00:00","drawdown_start_ts":1760461200000.0,"drawdown_end":"2025-11-03 15:00:00","drawdown_end_ts":1762182000000.0,"drawdown_duration":"19 days 22:00:00","drawdown_duration_s":1720800.0,"max_drawdown_low":-0.938362319999996,"max_drawdown_high":55.788825630000005,"csum_min":999.06163768,"csum_max":1055.78882563}},"strategy_comparison":[{"key":"ACO_88_12","trades":61,"profit_mean":0.0009717951005870681,"profit_mean_pct":0.1,"profit_total_abs":18.5919877,"profit_total":0.0185919877,"profit_total_pct":1.86,"duration_avg":"3:04:00","wins":31,"draws":25,"losses":5,"winrate":0.5081967213114754,"cagr":0.07177606679377257,"expectancy":0.3047866836065576,"expectancy_ratio":-0.39260571368193464,"sortino":13.71079708767156,"sharpe":0.57840834119191,"calmar":6.815321175893297,"sqn":0.3729,"profit_factor":1.210210293080398,"max_drawdown_account":0.053729672613413326,"max_drawdown_abs":"56.727"}]}