{"strategy":{"ACO_18_10":{"trades":[{"pair":"DOGE/USDT","stake_amount":329.82201,"max_stake_amount":329.82201,"amount":1601.0,"open_date":"2025-10-15 09:00:00+00:00","close_date":"2025-10-15 20:00:00+00:00","open_rate":0.20601,"close_rate":0.19571,"fee_open":0.001,"fee_close":0.001,"trade_duration":660,"profit_ratio":-0.05189567968073865,"profit_abs":-17.13345372,"exit_reason":"stop_loss","initial_stop_loss_abs":0.19571,"initial_stop_loss_ratio":-0.05,"stop_loss_abs":0.19571,"stop_loss_ratio":-0.05,"min_rate":0.1942,"max_rate":0.20601,"is_open":false,"enter_tag":"","leverage":1.0,"is_short":false,"open_timestamp":1760518800000,"close_timestamp":1760558400000,"orders":[{"amount":1601.0,"safe_price":0.20601,"ft_order_side":"buy","order_filled_timestamp":1760518800000,"ft_is_entry":true,"ft_order_tag":"","cost":330.15183200999996},{"amount":1601.0,"safe_price":0.19571,"ft_order_side":"sell","order_filled_timestamp":1760558400000,"ft_is_entry":false,"ft_order_tag":"stop_loss","cost":313.64504170999993}],"funding_fees":0.0,"weekday":2},{"pair":"DOGE/USDT","stake_amount":324.33,"max_stake_amount":324.33,"amount":1707.0,"open_date":"2025-10-18 18:00:00+00:00","close_date":"2025-10-19 03:00:00+00:00","open_rate":0.19,"close_rate":0.19038038038038035,"fee_open":0.001,"fee_close":0.001,"trade_duration":540,"profit_ratio":0.0,"profit_abs":0.0,"exit_reason":"roi","initial_stop_loss_abs":0.1805,"initial_stop_loss_ratio":-0.05,"stop_loss_abs":0.1805,"stop_loss_ratio":-0.05,"min_rate":0.18777,"max_rate":0.19078,"is_open":false,"enter_tag":"","leverage":1.0,"is_short":false,"open_timestamp":1760810400000,"close_timestamp":1760842800000,"orders":[{"amount":1707.0,"safe_price":0.19,"ft_order_side":"buy","order_filled_timestamp":1760810400000,"ft_is_entry":true,"ft_order_tag":"","cost":324.65432999999996},{"amount":1707.0,"safe_price":0.19038038038038035,"ft_order_side":"sell","order_filled_timestamp":1760842800000,"ft_is_entry":false,"ft_order_tag":"roi","cost":325.30428861861856}],"funding_fees":0.0,"weekday":6},{"pair":"DOGE/USDT","stake_amount":324.18874,"max_stake_amount":324.18874,"amount":1658.0,"open_date":"2025-10-23 16:00:00+00:00","close_date":"2025-10-23 18:00:00+00:00","open_rate":0.19553,"close_rate":0.19704,"fee_open":0.001,"fee_close":0.001,"trade_duration":120,"profit_ratio":0.005709168344058131,"profit_abs":1.85269894,"exit_reason":"roi","initial_stop_loss_abs":0.18576,"initial_stop_loss_ratio":-0.05,"stop_loss_abs":0.18576,"stop_loss_ratio":-0.05,"min_rate":0.19496,"max_rate":0.19745,"is_open":false,"enter_tag":"","leverage":1.0,"is_short":false,"open_timestamp":1761235200000,"close_timestamp":1761242400000,"orders":[{"amount":1658.0,"safe_price":0.19553,"ft_order_side":"buy","order_filled_timestamp":1761235200000,"ft_is_entry":true,"ft_order_tag":"","cost":324.51292873999995},{"amount":1658.0,"safe_price":0.19704,"ft_order_side":"sell","order_filled_timestamp":1761242400000,"ft_is_entry":false,"ft_order_tag":"roi","cost":327.01901231999994}],"funding_fees":0.0,"weekday":3},{"pair":"DOGE/USDT","stake_amount":324.7532,"max_stake_amount":324.7532,"amount":1580.0,"open_date":"2025-10-26 23:00:00+00:00","close_date":"2025-10-27 01:00:00+00:00","open_rate":0.20554,"close_rate":0.20754,"fee_open":0.001,"fee_close":0.001,"trade_duration":120,"profit_ratio":0.0077130226006357164,"profit_abs":2.5073336,"exit_reason":"roi","initial_stop_loss_abs":0.19527,"initial_stop_loss_ratio":-0.05,"stop_loss_abs":0.19527,"stop_loss_ratio":-0.05,"min_rate":0.20527,"max_rate":0.2093,"is_open":false,"enter_tag":"","leverage":1.0,"is_short":false,"open_timestamp":1761519600000,"close_timestamp":1761526800000,"orders":[{"amount":1580.0,"safe_price":0.20554,"ft_order_side":"buy","order_filled_timestamp":1761519600000,"ft_is_entry":true,"ft_order_tag":"","cost":325.07795319999997},{"amount":1580.0,"safe_price":0.20754,"ft_order_side":"sell","order_filled_timestamp":1761526800000,"ft_is_entry":false,"ft_order_tag":"roi","cost":328.2411132}],"funding_fees":0.0,"weekday":0},{"pair":"DOGE/USDT","stake_amount":325.60632,"max_stake_amount":325.60632,"amount":1618.0,"open_date":"2025-10-28 07:00:00+00:00","close_date":"2025-10-28 13:00:00+00:00","open_rate":0.20124,"close_rate":0.20164288288288287,"fee_open":0.001,"fee_close":0.001,"trade_duration":360,"profit_ratio":0.0,"profit_abs":0.0,"exit_reason":"roi","initial_stop_loss_abs":0.19118,"initial_stop_loss_ratio":-0.05,"stop_loss_abs":0.19118,"stop_loss_ratio":-0.05,"min_rate":0.19932,"max_rate":0.20256,"is_open":false,"enter_tag":"","leverage":1.0,"is_short":false,"open_timestamp":1761634800000,"close_timestamp":1761656400000,"orders":[{"amount":1618.0,"safe_price":0.20124,"ft_order_side":"buy","order_filled_timestamp":1761634800000,"ft_is_entry":true,"ft_order_tag":"","cost":325.93192631999995},{"amount":1618.0,"safe_price":0.20164288288288287,"ft_order_side":"sell","order_filled_timestamp":1761656400000,"ft_is_entry":false,"ft_order_tag":"roi","cost":326.58444268900894}],"funding_fees":0.0,"weekday":1},{"pair":"DOGE/USDT","stake_amount":325.65064,"max_stake_amount":325.65064,"amount":1732.0,"open_date":"2025-11-02 05:00:00+00:00","close_date":"2025-11-02 07:00:00+00:00","open_rate":0.18802,"close_rate":0.18839641641641638,"fee_open":0.001,"fee_close":0.001,"trade_duration":120,"profit_ratio":0.0,"profit_abs":0.0,"exit_reason":"roi","initial_stop_loss_abs":0.17862,"initial_stop_loss_ratio":-0.05,"stop_loss_abs":0.17862,"stop_loss_ratio":-0.05,"min_rate":0.18701,"max_rate":0.18884,"is_open":false,"enter_tag":"","leverage":1.0,"is_short":false,"open_timestamp":1762059600000,"close_timestamp":1762066800000,"orders":[{"amount":1732.0,"safe_price":0.18802,"ft_order_side":"buy","order_filled_timestamp":1762059600000,"ft_is_entry":true,"ft_order_tag":"","cost":325.97629064},{"amount":1732.0,"safe_price":0.18839641641641638,"ft_order_side":"sell","order_filled_timestamp":1762066800000,"ft_is_entry":false,"ft_order_tag":"roi","cost":326.62889582646636}],"funding_fees":0.0,"weekday":6},{"pair":"DOGE/USDT","stake_amount":325.77105,"max_stake_amount":325.77105,"amount":1969.0,"open_date":"2025-11-07 15:00:00+00:00","close_date":"2025-11-07 16:00:00+00:00","open_rate":0.16545,"close_rate":0.174062012012012,"fee_open":0.001,"fee_close":0.001,"trade_duration":60,"profit_ratio":0.04995004995004995,"profit_abs":16.2885525,"exit_reason":"roi","initial_stop_loss_abs":0.15718,"initial_stop_loss_ratio":-0.05,"stop_loss_abs":0.15718,"stop_loss_ratio":-0.05,"min_rate":0.16408,"max_rate":0.17555,"is_open":false,"enter_tag":"","leverage":1.0,"is_short":false,"open_timestamp":1762527600000,"close_timestamp":1762531200000,"orders":[{"amount":1969.0,"safe_price":0.16545,"ft_order_side":"buy","order_filled_timestamp":1762527600000,"ft_is_entry":true,"ft_order_tag":"","cost":326.09682104999996},{"amount":1969.0,"safe_price":0.174062012012012,"ft_order_side":"sell","order_filled_timestamp":1762531200000,"ft_is_entry":false,"ft_order_tag":"roi","cost":343.07082975330326}],"funding_fees":0.0,"weekday":4},{"pair":"DOGE/USDT","stake_amount":331.05384,"max_stake_amount":331.05384,"amount":1878.0,"open_date":"2025-11-13 15:00:00+00:00","close_date":"2025-11-13 17:00:00+00:00","open_rate":0.17628,"close_rate":0.16747,"fee_open":0.001,"fee_close":0.001,"trade_duration":120,"profit_ratio":-0.0518754560619775,"profit_abs":-17.1907425,"exit_reason":"stop_loss","initial_stop_loss_abs":0.16747,"initial_stop_loss_ratio":-0.05,"stop_loss_abs":0.16747,"stop_loss_ratio":-0.05,"min_rate":0.16535,"max_rate":0.17687,"is_open":false,"enter_tag":"","leverage":1.0,"is_short":false,"open_timestamp":1763046000000,"close_timestamp":1763053200000,"orders":[{"amount":1878.0,"safe_price":0.17628,"ft_order_side":"buy","order_filled_timestamp":1763046000000,"ft_is_entry":true,"ft_order_tag":"","cost":331.38489383999996},{"amount":1878.0,"safe_price":0.16747,"ft_order_side":"sell","order_filled_timestamp":1763053200000,"ft_is_entry":false,"ft_order_tag":"stop_loss","cost":314.82316865999996}],"funding_fees":0.0,"weekday":3},{"pair":"DOGE/USDT","stake_amount":325.33151,"max_stake_amount":325.33151,"amount":1987.0,"open_date":"2025-11-16 03:00:00+00:00","close_date":"2025-11-16 05:00:00+00:00","open_rate":0.16373,"close_rate":0.16405778778778773,"fee_open":0.001,"fee_close":0.001,"trade_duration":120,"profit_ratio":0.0,"profit_abs":0.0,"exit_reason":"roi","initial_stop_loss_abs":0.15555,"initial_stop_loss_ratio":-0.05,"stop_loss_abs":0.15555,"stop_loss_ratio":-0.05,"min_rate":0.16271,"max_rate":0.16445,"is_open":false,"enter_tag":"","leverage":1.0,"is_short":false,"open_timestamp":1763262000000,"close_timestamp":1763269200000,"orders":[{"amount":1987.0,"safe_price":0.16373,"ft_order_side":"buy","order_filled_timestamp":1763262000000,"ft_is_entry":true,"ft_order_tag":"","cost":325.65684150999994},{"amount":1987.0,"safe_price":0.16405778778778773,"ft_order_side":"sell","order_filled_timestamp":1763269200000,"ft_is_entry":false,"ft_order_tag":"roi","cost":326.3088071586685}],"funding_fees":0.0,"weekday":6},{"pair":"DOGE/USDT","stake_amount":325.43155,"max_stake_amount":325.43155,"amount":2005.0,"open_date":"2025-11-17 15:00:00+00:00","close_date":"2025-11-17 18:00:00+00:00","open_rate":0.16231,"close_rate":0.1542,"fee_open":0.001,"fee_close":0.001,"trade_duration":180,"profit_ratio":-0.051864283827810415,"profit_abs":-16.89515255,"exit_reason":"stop_loss","initial_stop_loss_abs":0.1542,"initial_stop_loss_ratio":-0.05,"stop_loss_abs":0.1542,"stop_loss_ratio":-0.05,"min_rate":0.15372,"max_rate":0.16367,"is_open":false,"enter_tag":"","leverage":1.0,"is_short":false,"open_timestamp":1763391600000,"close_timestamp":1763402400000,"orders":[{"amount":2005.0,"safe_price":0.16231,"ft_order_side":"buy","order_filled_timestamp":1763391600000,"ft_is_entry":true,"ft_order_tag":"","cost":325.75698155},{"amount":2005.0,"safe_price":0.1542,"ft_order_side":"sell","order_filled_timestamp":1763402400000,"ft_is_entry":false,"ft_order_tag":"stop_loss","cost":309.480171}],"funding_fees":0.0,"weekday":0},{"pair":"DOGE/USDT","stake_amount":319.86606,"max_stake_amount":319.86606,"amount":2139.0,"open_date":"2025-11-30 13:00:00+00:00","close_date":"2025-11-30 16:00:00+00:00","open_rate":0.14954,"close_rate":0.14983937937937936,"fee_open":0.001,"fee_close":0.001,"trade_duration":180,"profit_ratio":0.0,"profit_abs":0.0,"exit_reason":"roi","initial_stop_loss_abs":0.14207,"initial_stop_loss_ratio":-0.05,"stop_loss_abs":0.14207,"stop_loss_ratio":-0.05,"min_rate":0.14894,"max_rate":0.15059,"is_open":false,"enter_tag":"","leverage":1.0,"is_short":false,"open_timestamp":1764507600000,"close_timestamp":1764518400000,"orders":[{"amount":2139.0,"safe_price":0.14954,"ft_order_side":"buy","order_filled_timestamp":1764507600000,"ft_is_entry":true,"ft_order_tag":"","cost":320.18592606},{"amount":2139.0,"safe_price":0.14983937937937936,"ft_order_side":"sell","order_filled_timestamp":1764518400000,"ft_is_entry":false,"ft_order_tag":"roi","cost":320.82693892498486}],"funding_fees":0.0,"weekday":6},{"pair":"DOGE/USDT","stake_amount":319.878,"max_stake_amount":319.878,"amount":2340.0,"open_date":"2025-12-02 11:00:00+00:00","close_date":"2025-12-02 13:00:00+00:00","open_rate":0.1367,"close_rate":0.13723,"fee_open":0.001,"fee_close":0.001,"trade_duration":120,"profit_ratio":0.001871354687740935,"profit_abs":0.5992038,"exit_reason":"roi","initial_stop_loss_abs":0.12987,"initial_stop_loss_ratio":-0.05,"stop_loss_abs":0.12987,"stop_loss_ratio":-0.05,"min_rate":0.1362,"max_rate":0.13833,"is_open":false,"enter_tag":"","leverage":1.0,"is_short":false,"open_timestamp":1764673200000,"close_timestamp":1764680400000,"orders":[{"amount":2340.0,"safe_price":0.1367,"ft_order_side":"buy","order_filled_timestamp":1764673200000,"ft_is_entry":true,"ft_order_tag":"","cost":320.19787799999995},{"amount":2340.0,"safe_price":0.13723,"ft_order_side":"sell","order_filled_timestamp":1764680400000,"ft_is_entry":false,"ft_order_tag":"roi","cost":321.43931819999995}],"funding_fees":0.0,"weekday":1},{"pair":"DOGE/USDT","stake_amount":319.9686,"max_stake_amount":319.9686,"amount":2130.0,"open_date":"2025-12-04 16:00:00+00:00","close_date":"2025-12-05 14:00:00+00:00","open_rate":0.15022,"close_rate":0.14271,"fee_open":0.001,"fee_close":0.001,"trade_duration":1320,"profit_ratio":-0.05189145829539918,"profit_abs":-16.6202409,"exit_reason":"stop_loss","initial_stop_loss_abs":0.14271,"initial_stop_loss_ratio":-0.05,"stop_loss_abs":0.14271,"stop_loss_ratio":-0.05,"min_rate":0.14182,"max_rate":0.15043,"is_open":false,"enter_tag":"","leverage":1.0,"is_short":false,"open_timestamp":1764864000000,"close_timestamp":1764943200000,"orders":[{"amount":2130.0,"safe_price":0.15022,"ft_order_side":"buy","order_filled_timestamp":1764864000000,"ft_is_entry":true,"ft_order_tag":"","cost":320.28856859999996},{"amount":2130.0,"safe_price":0.14271,"ft_order_side":"sell","order_filled_timestamp":1764943200000,"ft_is_entry":false,"ft_order_tag":"stop_loss","cost":304.27627229999996}],"funding_fees":0.0,"weekday":4},{"pair":"DOGE/USDT","stake_amount":314.58075,"max_stake_amount":314.58075,"amount":2243.0,"open_date":"2025-12-07 03:00:00+00:00","close_date":"2025-12-07 06:00:00+00:00","open_rate":0.14025,"close_rate":0.14053078078078077,"fee_open":0.001,"fee_close":0.001,"trade_duration":180,"profit_ratio":0.0,"profit_abs":0.0,"exit_reason":"roi","initial_stop_loss_abs":0.13324,"initial_stop_loss_ratio":-0.05,"stop_loss_abs":0.13324,"stop_loss_ratio":-0.05,"min_rate":0.13979,"max_rate":0.1409,"is_open":false,"enter_tag":"","leverage":1.0,"is_short":false,"open_timestamp":1765076400000,"close_timestamp":1765087200000,"orders":[{"amount":2243.0,"safe_price":0.14025,"ft_order_side":"buy","order_filled_timestamp":1765076400000,"ft_is_entry":true,"ft_order_tag":"","cost":314.89533074999997},{"amount":2243.0,"safe_price":0.14053078078078077,"ft_order_side":"sell","order_filled_timestamp":1765087200000,"ft_is_entry":false,"ft_order_tag":"roi","cost":315.5257518325825}],"funding_fees":0.0,"weekday":6}],"locks":[],"best_pair":{"key":"DOGE/USDT","trades":14,"profit_mean":-0.010163091591674358,"profit_mean_pct":-1.02,"profit_total_abs":-46.59180083,"profit_total":-0.046591800829999995,"profit_total_pct":-4.66,"duration_avg":"5:00:00","wins":4,"draws":6,"losses":4,"winrate":0.2857142857142857,"cagr":-0.16434159706007634,"expectancy":-3.327985773571428,"expectancy_ratio":-0.6247981917202116,"sortino":-40.737896100713755,"sharpe":-0.963073452961214,"calmar":-18.378510325427566,"sqn":-1.2593,"profit_factor":0.31320632897925965,"max_drawdown_account":0.049931416663434425,"max_drawdown_abs":50.10693215},"worst_pair":{"key":"DOGE/USDT","trades":14,"profit_mean":-0.010163091591674358,"profit_mean_pct":-1.02,"profit_total_abs":-46.59180083,"profit_total":-0.046591800829999995,"profit_total_pct":-4.66,"duration_avg":"5:00:00","wins":4,"draws":6,"losses":4,"winrate":0.2857142857142857,"cagr":-0.16434159706007634,"expectancy":-3.327985773571428,"expectancy_ratio":-0.6247981917202116,"sortino":-40.737896100713755,"sharpe":-0.963073452961214,"calmar":-18.378510325427566,"sqn":-1.2593,"profit_factor":0.31320632897925965,"max_drawdown_account":0.049931416663434425,"max_drawdown_abs":50.10693215},"results_per_pair":[{"key":"DOGE/USDT","trades":14,"profit_mean":-0.010163091591674358,"profit_mean_pct":-1.02,"profit_total_abs":-46.59180083,"profit_total":-0.046591800829999995,"profit_total_pct":-4.66,"duration_avg":"5:00:00","wins":4,"draws":6,"losses":4,"winrate":0.2857142857142857,"cagr":-0.16434159706007634,"expectancy":-3.327985773571428,"expectancy_ratio":-0.6247981917202116,"sortino":-40.737896100713755,"sharpe":-0.963073452961214,"calmar":-18.378510325427566,"sqn":-1.2593,"profit_factor":0.31320632897925965,"max_drawdown_account":0.049931416663434425,"max_drawdown_abs":50.10693215},{"key":"TOTAL","trades":14,"profit_mean":-0.010163091591674358,"profit_mean_pct":-1.02,"profit_total_abs":-46.59180083,"profit_total":-0.046591800829999995,"profit_total_pct":-4.66,"duration_avg":"5:00:00","wins":4,"draws":6,"losses":4,"winrate":0.2857142857142857,"cagr":-0.16434159706007634,"expectancy":-3.327985773571428,"expectancy_ratio":-0.6247981917202116,"sortino":-40.737896100713755,"sharpe":-0.963073452961214,"calmar":-18.378510325427566,"sqn":-1.2593,"profit_factor":0.31320632897925965,"max_drawdown_account":0.049931416663434425,"max_drawdown_abs":50.10693215}],"results_per_enter_tag":[{"key":"","trades":14,"profit_mean":-0.010163091591674358,"profit_mean_pct":-1.02,"profit_total_abs":-46.59180083,"profit_total":-0.046591800829999995,"profit_total_pct":-4.66,"duration_avg":"5:00:00","wins":4,"draws":6,"losses":4,"winrate":0.2857142857142857,"cagr":-0.16434159706007634,"expectancy":-3.327985773571428,"expectancy_ratio":-0.6247981917202116,"sortino":-40.737896100713755,"sharpe":-0.963073452961214,"calmar":-18.378510325427566,"sqn":-1.2593,"profit_factor":0.31320632897925965,"max_drawdown_account":0.049931416663434425,"max_drawdown_abs":50.10693215},{"key":"TOTAL","trades":14,"profit_mean":-0.010163091591674358,"profit_mean_pct":-1.02,"profit_total_abs":-46.59180083,"profit_total":-0.046591800829999995,"profit_total_pct":-4.66,"duration_avg":"5:00:00","wins":4,"draws":6,"losses":4,"winrate":0.2857142857142857,"cagr":-0.16434159706007634,"expectancy":-3.327985773571428,"expectancy_ratio":-0.6247981917202116,"sortino":-40.737896100713755,"sharpe":-0.963073452961214,"calmar":-18.378510325427566,"sqn":-1.2593,"profit_factor":0.31320632897925965,"max_drawdown_account":0.049931416663434425,"max_drawdown_abs":50.10693215}],"exit_reason_summary":[{"key":"roi","trades":10,"profit_mean":0.006524359558248474,"profit_mean_pct":0.65,"profit_total_abs":21.247788840000002,"profit_total":0.02124778884,"profit_total_pct":2.12,"duration_avg":"3:12:00","wins":4,"draws":6,"losses":0,"winrate":0.4,"cagr":0.0823292708239789,"expectancy":2.1247788840000004,"expectancy_ratio":100.0,"sortino":-100,"sharpe":0.8721479744860643,"calmar":-100,"sqn":1.3284,"profit_factor":0.0,"max_drawdown_account":0.0,"max_drawdown_abs":0.0},{"key":"stop_loss","trades":4,"profit_mean":-0.05188171946648144,"profit_mean_pct":-5.19,"profit_total_abs":-67.83958967,"profit_total":-0.06783958966999999,"profit_total_pct":-6.78,"duration_avg":"9:30:00","wins":0,"draws":0,"losses":4,"winrate":0.0,"cagr":-0.23229071835881965,"expectancy":-16.9598974175,"expectancy_ratio":-1.0,"sortino":-59.31606218817866,"sharpe":-59.31606218817866,"calmar":-19.69584863354927,"sqn":-130.4062,"profit_factor":0.0,"max_drawdown_account":0.06783958967,"max_drawdown_abs":67.83958967},{"key":"TOTAL","trades":14,"profit_mean":-0.010163091591674358,"profit_mean_pct":-1.02,"profit_total_abs":-46.59180083,"profit_total":-0.046591800829999995,"profit_total_pct":-4.66,"duration_avg":"5:00:00","wins":4,"draws":6,"losses":4,"winrate":0.2857142857142857,"cagr":-0.16434159706007634,"expectancy":-3.327985773571428,"expectancy_ratio":-0.6247981917202116,"sortino":-40.737896100713755,"sharpe":-0.963073452961214,"calmar":-18.378510325427566,"sqn":-1.2593,"profit_factor":0.31320632897925965,"max_drawdown_account":0.049931416663434425,"max_drawdown_abs":50.10693215}],"mix_tag_stats":[{"key":["","roi"],"trades":10,"profit_mean":0.006524359558248474,"profit_mean_pct":0.65,"profit_total_abs":21.247788840000002,"profit_total":0.02124778884,"profit_total_pct":2.12,"duration_avg":"3:12:00","wins":4,"draws":6,"losses":0,"winrate":0.4,"cagr":0.0823292708239789,"expectancy":2.1247788840000004,"expectancy_ratio":100.0,"sortino":-100,"sharpe":0.8721479744860643,"calmar":-100,"sqn":1.3284,"profit_factor":0.0,"max_drawdown_account":0.0,"max_drawdown_abs":0.0},{"key":["","stop_loss"],"trades":4,"profit_mean":-0.05188171946648144,"profit_mean_pct":-5.19,"profit_total_abs":-67.83958967,"profit_total":-0.06783958966999999,"profit_total_pct":-6.78,"duration_avg":"9:30:00","wins":0,"draws":0,"losses":4,"winrate":0.0,"cagr":-0.23229071835881965,"expectancy":-16.9598974175,"expectancy_ratio":-1.0,"sortino":-59.31606218817866,"sharpe":-59.31606218817866,"calmar":-19.69584863354927,"sqn":-130.4062,"profit_factor":0.0,"max_drawdown_account":0.06783958967,"max_drawdown_abs":67.83958967},{"key":"TOTAL","trades":14,"profit_mean":-0.010163091591674358,"profit_mean_pct":-1.02,"profit_total_abs":-46.59180083,"profit_total":-0.046591800829999995,"profit_total_pct":-4.66,"duration_avg":"5:00:00","wins":4,"draws":6,"losses":4,"winrate":0.2857142857142857,"cagr":-0.16434159706007634,"expectancy":-3.327985773571428,"expectancy_ratio":-0.6247981917202116,"sortino":-40.737896100713755,"sharpe":-0.963073452961214,"calmar":-18.378510325427566,"sqn":-1.2593,"profit_factor":0.31320632897925965,"max_drawdown_account":0.049931416663434425,"max_drawdown_abs":50.10693215}],"left_open_trades":[{"key":"TOTAL","trades":0,"profit_mean":0.0,"profit_mean_pct":0.0,"profit_total_abs":0.0,"profit_total":0.0,"profit_total_pct":0.0,"duration_avg":"0:00","wins":0,"draws":0,"losses":0,"winrate":0.0,"cagr":0.0,"expectancy":0.0,"expectancy_ratio":100.0,"sortino":0,"sharpe":0,"calmar":0,"sqn":0.0,"profit_factor":0.0,"max_drawdown_account":0.0,"max_drawdown_abs":0.0}],"total_trades":14,"trade_count_long":14,"trade_count_short":0,"total_volume":9043.942554463632,"avg_stake_amount":324.01659071428577,"profit_mean":-0.010163091591674358,"profit_median":0.0,"profit_total":-0.046591800829999995,"profit_total_long":-0.046591800829999995,"profit_total_short":0.0,"profit_total_abs":-46.59180083,"profit_total_long_abs":-46.59180083,"profit_total_short_abs":0.0,"cagr":-0.16434159706007634,"expectancy":-3.327985773571428,"expectancy_ratio":-0.6247981917202116,"sortino":-40.737896100713755,"sharpe":-0.963073452961214,"calmar":-18.378510325427566,"sqn":-1.2593,"profit_factor":0.31320632897925965,"backtest_start":"2025-10-01 00:00:00","backtest_start_ts":1759276800000,"backtest_end":"2026-01-06 20:00:00","backtest_end_ts":1767729600000,"backtest_days":97,"backtest_run_start_ts":1767743038,"backtest_run_end_ts":1767743038,"trades_per_day":0.14,"market_change":-0.36632086436227446,"pairlist":["DOGE/USDT"],"stake_amount":"unlimited","stake_currency":"USDT","stake_currency_decimals":3,"starting_balance":1000,"dry_run_wallet":1000,"final_balance":953.40819917,"rejected_signals":0,"timedout_entry_orders":0,"timedout_exit_orders":0,"canceled_trade_entries":0,"canceled_entry_orders":0,"replaced_entry_orders":0,"max_open_trades":1,"max_open_trades_setting":3,"timeframe":"1h","timeframe_detail":"","timerange":"20251001-","enable_protections":false,"strategy_name":"ACO_18_10","freqaimodel":null,"freqai_identifier":null,"stoploss":-0.05,"trailing_stop":false,"trailing_stop_positive":null,"trailing_stop_positive_offset":0.0,"trailing_only_offset_is_reached":false,"use_custom_stoploss":false,"minimal_roi":{"0":0.1,"60":0.05,"120":0.0},"use_exit_signal":true,"exit_profit_only":false,"exit_profit_offset":0.0,"ignore_roi_if_entry_signal":false,"trading_mode":"spot","margin_mode":"","periodic_breakdown":{"day":[{"date":"15/10/2025","date_ts":1760486400000,"profit_abs":-17.13345372,"wins":0,"draws":0,"losses":1,"trades":1,"profit_factor":0.0},{"date":"16/10/2025","date_ts":1760572800000,"profit_abs":0.0,"wins":0,"draws":0,"losses":0,"trades":0,"profit_factor":0.0},{"date":"17/10/2025","date_ts":1760659200000,"profit_abs":0.0,"wins":0,"draws":0,"losses":0,"trades":0,"profit_factor":0.0},{"date":"18/10/2025","date_ts":1760745600000,"profit_abs":0.0,"wins":0,"draws":0,"losses":0,"trades":0,"profit_factor":0.0},{"date":"19/10/2025","date_ts":1760832000000,"profit_abs":0.0,"wins":0,"draws":1,"losses":0,"trades":1,"profit_factor":0.0},{"date":"20/10/2025","date_ts":1760918400000,"profit_abs":0.0,"wins":0,"draws":0,"losses":0,"trades":0,"profit_factor":0.0},{"date":"21/10/2025","date_ts":1761004800000,"profit_abs":0.0,"wins":0,"draws":0,"losses":0,"trades":0,"profit_factor":0.0},{"date":"22/10/2025","date_ts":1761091200000,"profit_abs":0.0,"wins":0,"draws":0,"losses":0,"trades":0,"profit_factor":0.0},{"date":"23/10/2025","date_ts":1761177600000,"profit_abs":1.85269894,"wins":1,"draws":0,"losses":0,"trades":1,"profit_factor":0.0},{"date":"24/10/2025","date_ts":1761264000000,"profit_abs":0.0,"wins":0,"draws":0,"losses":0,"trades":0,"profit_factor":0.0},{"date":"25/10/2025","date_ts":1761350400000,"profit_abs":0.0,"wins":0,"draws":0,"losses":0,"trades":0,"profit_factor":0.0},{"date":"26/10/2025","date_ts":1761436800000,"profit_abs":0.0,"wins":0,"draws":0,"losses":0,"trades":0,"profit_factor":0.0},{"date":"27/10/2025","date_ts":1761523200000,"profit_abs":2.5073336,"wins":1,"draws":0,"losses":0,"trades":1,"profit_factor":0.0},{"date":"28/10/2025","date_ts":1761609600000,"profit_abs":0.0,"wins":0,"draws":1,"losses":0,"trades":1,"profit_factor":0.0},{"date":"29/10/2025","date_ts":1761696000000,"profit_abs":0.0,"wins":0,"draws":0,"losses":0,"trades":0,"profit_factor":0.0},{"date":"30/10/2025","date_ts":1761782400000,"profit_abs":0.0,"wins":0,"draws":0,"losses":0,"trades":0,"profit_factor":0.0},{"date":"31/10/2025","date_ts":1761868800000,"profit_abs":0.0,"wins":0,"draws":0,"losses":0,"trades":0,"profit_factor":0.0},{"date":"01/11/2025","date_ts":1761955200000,"profit_abs":0.0,"wins":0,"draws":0,"losses":0,"trades":0,"profit_factor":0.0},{"date":"02/11/2025","date_ts":1762041600000,"profit_abs":0.0,"wins":0,"draws":1,"losses":0,"trades":1,"profit_factor":0.0},{"date":"03/11/2025","date_ts":1762128000000,"profit_abs":0.0,"wins":0,"draws":0,"losses":0,"trades":0,"profit_factor":0.0},{"date":"04/11/2025","date_ts":1762214400000,"profit_abs":0.0,"wins":0,"draws":0,"losses":0,"trades":0,"profit_factor":0.0},{"date":"05/11/2025","date_ts":1762300800000,"profit_abs":0.0,"wins":0,"draws":0,"losses":0,"trades":0,"profit_factor":0.0},{"date":"06/11/2025","date_ts":1762387200000,"profit_abs":0.0,"wins":0,"draws":0,"losses":0,"trades":0,"profit_factor":0.0},{"date":"07/11/2025","date_ts":1762473600000,"profit_abs":16.2885525,"wins":1,"draws":0,"losses":0,"trades":1,"profit_factor":0.0},{"date":"08/11/2025","date_ts":1762560000000,"profit_abs":0.0,"wins":0,"draws":0,"losses":0,"trades":0,"profit_factor":0.0},{"date":"09/11/2025","date_ts":1762646400000,"profit_abs":0.0,"wins":0,"draws":0,"losses":0,"trades":0,"profit_factor":0.0},{"date":"10/11/2025","date_ts":1762732800000,"profit_abs":0.0,"wins":0,"draws":0,"losses":0,"trades":0,"profit_factor":0.0},{"date":"11/11/2025","date_ts":1762819200000,"profit_abs":0.0,"wins":0,"draws":0,"losses":0,"trades":0,"profit_factor":0.0},{"date":"12/11/2025","date_ts":1762905600000,"profit_abs":0.0,"wins":0,"draws":0,"losses":0,"trades":0,"profit_factor":0.0},{"date":"13/11/2025","date_ts":1762992000000,"profit_abs":-17.1907425,"wins":0,"draws":0,"losses":1,"trades":1,"profit_factor":0.0},{"date":"14/11/2025","date_ts":1763078400000,"profit_abs":0.0,"wins":0,"draws":0,"losses":0,"trades":0,"profit_factor":0.0},{"date":"15/11/2025","date_ts":1763164800000,"profit_abs":0.0,"wins":0,"draws":0,"losses":0,"trades":0,"profit_factor":0.0},{"date":"16/11/2025","date_ts":1763251200000,"profit_abs":0.0,"wins":0,"draws":1,"losses":0,"trades":1,"profit_factor":0.0},{"date":"17/11/2025","date_ts":1763337600000,"profit_abs":-16.89515255,"wins":0,"draws":0,"losses":1,"trades":1,"profit_factor":0.0},{"date":"18/11/2025","date_ts":1763424000000,"profit_abs":0.0,"wins":0,"draws":0,"losses":0,"trades":0,"profit_factor":0.0},{"date":"19/11/2025","date_ts":1763510400000,"profit_abs":0.0,"wins":0,"draws":0,"losses":0,"trades":0,"profit_factor":0.0},{"date":"20/11/2025","date_ts":1763596800000,"profit_abs":0.0,"wins":0,"draws":0,"losses":0,"trades":0,"profit_factor":0.0},{"date":"21/11/2025","date_ts":1763683200000,"profit_abs":0.0,"wins":0,"draws":0,"losses":0,"trades":0,"profit_factor":0.0},{"date":"22/11/2025","date_ts":1763769600000,"profit_abs":0.0,"wins":0,"draws":0,"losses":0,"trades":0,"profit_factor":0.0},{"date":"23/11/2025","date_ts":1763856000000,"profit_abs":0.0,"wins":0,"draws":0,"losses":0,"trades":0,"profit_factor":0.0},{"date":"24/11/2025","date_ts":1763942400000,"profit_abs":0.0,"wins":0,"draws":0,"losses":0,"trades":0,"profit_factor":0.0},{"date":"25/11/2025","date_ts":1764028800000,"profit_abs":0.0,"wins":0,"draws":0,"losses":0,"trades":0,"profit_factor":0.0},{"date":"26/11/2025","date_ts":1764115200000,"profit_abs":0.0,"wins":0,"draws":0,"losses":0,"trades":0,"profit_factor":0.0},{"date":"27/11/2025","date_ts":1764201600000,"profit_abs":0.0,"wins":0,"draws":0,"losses":0,"trades":0,"profit_factor":0.0},{"date":"28/11/2025","date_ts":1764288000000,"profit_abs":0.0,"wins":0,"draws":0,"losses":0,"trades":0,"profit_factor":0.0},{"date":"29/11/2025","date_ts":1764374400000,"profit_abs":0.0,"wins":0,"draws":0,"losses":0,"trades":0,"profit_factor":0.0},{"date":"30/11/2025","date_ts":1764460800000,"profit_abs":0.0,"wins":0,"draws":1,"losses":0,"trades":1,"profit_factor":0.0},{"date":"01/12/2025","date_ts":1764547200000,"profit_abs":0.0,"wins":0,"draws":0,"losses":0,"trades":0,"profit_factor":0.0},{"date":"02/12/2025","date_ts":1764633600000,"profit_abs":0.5992038,"wins":1,"draws":0,"losses":0,"trades":1,"profit_factor":0.0},{"date":"03/12/2025","date_ts":1764720000000,"profit_abs":0.0,"wins":0,"draws":0,"losses":0,"trades":0,"profit_factor":0.0},{"date":"04/12/2025","date_ts":1764806400000,"profit_abs":0.0,"wins":0,"draws":0,"losses":0,"trades":0,"profit_factor":0.0},{"date":"05/12/2025","date_ts":1764892800000,"profit_abs":-16.6202409,"wins":0,"draws":0,"losses":1,"trades":1,"profit_factor":0.0},{"date":"06/12/2025","date_ts":1764979200000,"profit_abs":0.0,"wins":0,"draws":0,"losses":0,"trades":0,"profit_factor":0.0},{"date":"07/12/2025","date_ts":1765065600000,"profit_abs":0.0,"wins":0,"draws":1,"losses":0,"trades":1,"profit_factor":0.0}],"week":[{"date":"20/10/2025","date_ts":1760918400000,"profit_abs":-17.13345372,"wins":0,"draws":1,"losses":1,"trades":2,"profit_factor":0.0},{"date":"27/10/2025","date_ts":1761523200000,"profit_abs":4.36003254,"wins":2,"draws":0,"losses":0,"trades":2,"profit_factor":0.0},{"date":"03/11/2025","date_ts":1762128000000,"profit_abs":0.0,"wins":0,"draws":2,"losses":0,"trades":2,"profit_factor":0.0},{"date":"10/11/2025","date_ts":1762732800000,"profit_abs":16.2885525,"wins":1,"draws":0,"losses":0,"trades":1,"profit_factor":0.0},{"date":"17/11/2025","date_ts":1763337600000,"profit_abs":-34.08589505,"wins":0,"draws":1,"losses":2,"trades":3,"profit_factor":0.0},{"date":"24/11/2025","date_ts":1763942400000,"profit_abs":0.0,"wins":0,"draws":0,"losses":0,"trades":0,"profit_factor":0.0},{"date":"01/12/2025","date_ts":1764547200000,"profit_abs":0.0,"wins":0,"draws":1,"losses":0,"trades":1,"profit_factor":0.0},{"date":"08/12/2025","date_ts":1765152000000,"profit_abs":-16.0210371,"wins":1,"draws":1,"losses":1,"trades":3,"profit_factor":0.03605265}],"month":[{"date":"31/10/2025","date_ts":1761868800000,"profit_abs":-12.77342118,"wins":2,"draws":2,"losses":1,"trades":5,"profit_factor":0.25447482},{"date":"30/11/2025","date_ts":1764460800000,"profit_abs":-17.79734255,"wins":1,"draws":3,"losses":2,"trades":6,"profit_factor":0.47786782},{"date":"31/12/2025","date_ts":1767139200000,"profit_abs":-16.0210371,"wins":1,"draws":1,"losses":1,"trades":3,"profit_factor":0.03605265}],"year":[{"date":"31/12/2025","date_ts":1767139200000,"profit_abs":-46.59180083,"wins":4,"draws":6,"losses":4,"trades":14,"profit_factor":0.31320633}],"weekday":[{"date":"Monday","date_ts":0,"profit_abs":-14.38781895,"wins":1,"draws":0,"losses":1,"trades":2,"profit_factor":0.1484055},{"date":"Tuesday","date_ts":1,"profit_abs":0.5992038,"wins":1,"draws":1,"losses":0,"trades":2,"profit_factor":0.0},{"date":"Wednesday","date_ts":2,"profit_abs":-17.13345372,"wins":0,"draws":0,"losses":1,"trades":1,"profit_factor":0.0},{"date":"Thursday","date_ts":3,"profit_abs":-15.33804356,"wins":1,"draws":0,"losses":1,"trades":2,"profit_factor":0.10777306},{"date":"Friday","date_ts":4,"profit_abs":-0.3316884,"wins":1,"draws":0,"losses":1,"trades":2,"profit_factor":0.98004311},{"date":"Sunday","date_ts":6,"profit_abs":0.0,"wins":0,"draws":5,"losses":0,"trades":5,"profit_factor":0.0}]},"backtest_best_day":0.04995004995004995,"backtest_worst_day":-0.05189567968073865,"backtest_best_day_abs":16.2885525,"backtest_worst_day_abs":-17.1907425,"winning_days":4,"draw_days":46,"losing_days":4,"daily_profit":[["2025-10-15",-17.13345372],["2025-10-16",0.0],["2025-10-17",0.0],["2025-10-18",0.0],["2025-10-19",0.0],["2025-10-20",0.0],["2025-10-21",0.0],["2025-10-22",0.0],["2025-10-23",1.85269894],["2025-10-24",0.0],["2025-10-25",0.0],["2025-10-26",0.0],["2025-10-27",2.5073336],["2025-10-28",0.0],["2025-10-29",0.0],["2025-10-30",0.0],["2025-10-31",0.0],["2025-11-01",0.0],["2025-11-02",0.0],["2025-11-03",0.0],["2025-11-04",0.0],["2025-11-05",0.0],["2025-11-06",0.0],["2025-11-07",16.2885525],["2025-11-08",0.0],["2025-11-09",0.0],["2025-11-10",0.0],["2025-11-11",0.0],["2025-11-12",0.0],["2025-11-13",-17.1907425],["2025-11-14",0.0],["2025-11-15",0.0],["2025-11-16",0.0],["2025-11-17",-16.89515255],["2025-11-18",0.0],["2025-11-19",0.0],["2025-11-20",0.0],["2025-11-21",0.0],["2025-11-22",0.0],["2025-11-23",0.0],["2025-11-24",0.0],["2025-11-25",0.0],["2025-11-26",0.0],["2025-11-27",0.0],["2025-11-28",0.0],["2025-11-29",0.0],["2025-11-30",0.0],["2025-12-01",0.0],["2025-12-02",0.5992038],["2025-12-03",0.0],["2025-12-04",0.0],["2025-12-05",-16.6202409],["2025-12-06",0.0],["2025-12-07",0.0]],"wins":4,"losses":4,"draws":6,"winrate":0.2857142857142857,"holding_avg":"5:00:00","holding_avg_s":18000.0,"winner_holding_min":"0d 01:00","winner_holding_min_s":3600.0,"winner_holding_max":"0d 02:00","winner_holding_max_s":7200.0,"winner_holding_avg":"0d 01:45","winner_holding_avg_s":6300.0,"loser_holding_min":"0d 02:00","loser_holding_min_s":7200.0,"loser_holding_max":"0d 22:00","loser_holding_max_s":79200.0,"loser_holding_avg":"0d 09:30","loser_holding_avg_s":34200.0,"max_consecutive_wins":2,"max_consecutive_losses":4,"max_drawdown_account":0.049931416663434425,"max_relative_drawdown":0.049931416663434425,"max_drawdown_abs":50.10693215,"drawdown_start":"2025-11-07 16:00:00","drawdown_start_ts":1762531200000.0,"drawdown_end":"2025-12-05 14:00:00","drawdown_end_ts":1764943200000.0,"drawdown_duration":"27 days 22:00:00","drawdown_duration_s":2412000.0,"max_drawdown_low":-46.59180083,"max_drawdown_high":3.515131320000002,"csum_min":953.40819917,"csum_max":1003.51513132}},"strategy_comparison":[{"key":"ACO_18_10","trades":14,"profit_mean":-0.010163091591674358,"profit_mean_pct":-1.02,"profit_total_abs":-46.59180083,"profit_total":-0.046591800829999995,"profit_total_pct":-4.66,"duration_avg":"5:00:00","wins":4,"draws":6,"losses":4,"winrate":0.2857142857142857,"cagr":-0.16434159706007634,"expectancy":-3.327985773571428,"expectancy_ratio":-0.6247981917202116,"sortino":-40.737896100713755,"sharpe":-0.963073452961214,"calmar":-18.378510325427566,"sqn":-1.2593,"profit_factor":0.31320632897925965,"max_drawdown_account":0.049931416663434425,"max_drawdown_abs":"50.107"}]}