{"strategy":{"ACO_44_6":{"trades":[{"pair":"DOGE/USDT","stake_amount":329.8239,"max_stake_amount":329.8239,"amount":1323.0,"open_date":"2025-10-08 12:00:00+00:00","close_date":"2025-10-08 14:00:00+00:00","open_rate":0.2493,"close_rate":0.25288,"fee_open":0.001,"fee_close":0.001,"trade_duration":120,"profit_ratio":0.012333514860590674,"profit_abs":4.07195586,"exit_reason":"roi","initial_stop_loss_abs":0.23684,"initial_stop_loss_ratio":-0.05,"stop_loss_abs":0.23684,"stop_loss_ratio":-0.05,"min_rate":0.24885,"max_rate":0.25678,"is_open":false,"enter_tag":"","leverage":1.0,"is_short":false,"open_timestamp":1759924800000,"close_timestamp":1759932000000,"orders":[{"amount":1323.0,"safe_price":0.2493,"ft_order_side":"buy","order_filled_timestamp":1759924800000,"ft_is_entry":true,"ft_order_tag":"","cost":330.15372389999993},{"amount":1323.0,"safe_price":0.25288,"ft_order_side":"sell","order_filled_timestamp":1759932000000,"ft_is_entry":false,"ft_order_tag":"roi","cost":334.89480023999994}],"funding_fees":0.0,"weekday":2},{"pair":"DOGE/USDT","stake_amount":331.25175,"max_stake_amount":331.25175,"amount":1725.0,"open_date":"2025-10-11 16:00:00+00:00","close_date":"2025-10-11 18:00:00+00:00","open_rate":0.19203,"close_rate":0.19359,"fee_open":0.001,"fee_close":0.001,"trade_duration":120,"profit_ratio":0.006109497438977208,"profit_abs":2.0258055,"exit_reason":"roi","initial_stop_loss_abs":0.18243,"initial_stop_loss_ratio":-0.05,"stop_loss_abs":0.18243,"stop_loss_ratio":-0.05,"min_rate":0.19141,"max_rate":0.19419,"is_open":false,"enter_tag":"","leverage":1.0,"is_short":false,"open_timestamp":1760198400000,"close_timestamp":1760205600000,"orders":[{"amount":1725.0,"safe_price":0.19203,"ft_order_side":"buy","order_filled_timestamp":1760198400000,"ft_is_entry":true,"ft_order_tag":"","cost":331.58300175},{"amount":1725.0,"safe_price":0.19359,"ft_order_side":"sell","order_filled_timestamp":1760205600000,"ft_is_entry":false,"ft_order_tag":"roi","cost":334.27669275}],"funding_fees":0.0,"weekday":5},{"pair":"DOGE/USDT","stake_amount":331.8596,"max_stake_amount":331.8596,"amount":1795.0,"open_date":"2025-10-17 16:00:00+00:00","close_date":"2025-10-17 18:00:00+00:00","open_rate":0.18488,"close_rate":0.1852501301301301,"fee_open":0.001,"fee_close":0.001,"trade_duration":120,"profit_ratio":0.0,"profit_abs":0.0,"exit_reason":"roi","initial_stop_loss_abs":0.17564,"initial_stop_loss_ratio":-0.05,"stop_loss_abs":0.17564,"stop_loss_ratio":-0.05,"min_rate":0.18332,"max_rate":0.18726,"is_open":false,"enter_tag":"","leverage":1.0,"is_short":false,"open_timestamp":1760716800000,"close_timestamp":1760724000000,"orders":[{"amount":1795.0,"safe_price":0.18488,"ft_order_side":"buy","order_filled_timestamp":1760716800000,"ft_is_entry":true,"ft_order_tag":"","cost":332.1914596},{"amount":1795.0,"safe_price":0.1852501301301301,"ft_order_side":"sell","order_filled_timestamp":1760724000000,"ft_is_entry":false,"ft_order_tag":"roi","cost":332.85650756716706}],"funding_fees":0.0,"weekday":4},{"pair":"DOGE/USDT","stake_amount":331.99276,"max_stake_amount":331.99276,"amount":1738.0,"open_date":"2025-10-23 03:00:00+00:00","close_date":"2025-10-23 05:00:00+00:00","open_rate":0.19102,"close_rate":0.19155,"fee_open":0.001,"fee_close":0.001,"trade_duration":120,"profit_ratio":0.000771032966614581,"profit_abs":0.25623334,"exit_reason":"roi","initial_stop_loss_abs":0.18147,"initial_stop_loss_ratio":-0.05,"stop_loss_abs":0.18147,"stop_loss_ratio":-0.05,"min_rate":0.19079,"max_rate":0.19242,"is_open":false,"enter_tag":"","leverage":1.0,"is_short":false,"open_timestamp":1761188400000,"close_timestamp":1761195600000,"orders":[{"amount":1738.0,"safe_price":0.19102,"ft_order_side":"buy","order_filled_timestamp":1761188400000,"ft_is_entry":true,"ft_order_tag":"","cost":332.32475275999997},{"amount":1738.0,"safe_price":0.19155,"ft_order_side":"sell","order_filled_timestamp":1761195600000,"ft_is_entry":false,"ft_order_tag":"roi","cost":333.24681389999995}],"funding_fees":0.0,"weekday":3},{"pair":"DOGE/USDT","stake_amount":332.00159,"max_stake_amount":332.00159,"amount":1699.0,"open_date":"2025-10-29 12:00:00+00:00","close_date":"2025-10-29 17:00:00+00:00","open_rate":0.19541,"close_rate":0.1958012112112112,"fee_open":0.001,"fee_close":0.001,"trade_duration":300,"profit_ratio":0.0,"profit_abs":0.0,"exit_reason":"roi","initial_stop_loss_abs":0.18564,"initial_stop_loss_ratio":-0.05,"stop_loss_abs":0.18564,"stop_loss_ratio":-0.05,"min_rate":0.19022,"max_rate":0.19728,"is_open":false,"enter_tag":"","leverage":1.0,"is_short":false,"open_timestamp":1761739200000,"close_timestamp":1761757200000,"orders":[{"amount":1699.0,"safe_price":0.19541,"ft_order_side":"buy","order_filled_timestamp":1761739200000,"ft_is_entry":true,"ft_order_tag":"","cost":332.33359158999997},{"amount":1699.0,"safe_price":0.1958012112112112,"ft_order_side":"sell","order_filled_timestamp":1761757200000,"ft_is_entry":false,"ft_order_tag":"roi","cost":332.9989241056956}],"funding_fees":0.0,"weekday":2},{"pair":"DOGE/USDT","stake_amount":332.09176,"max_stake_amount":332.09176,"amount":1694.0,"open_date":"2025-10-29 18:00:00+00:00","close_date":"2025-10-29 20:00:00+00:00","open_rate":0.19604,"close_rate":0.19643247247247245,"fee_open":0.001,"fee_close":0.001,"trade_duration":120,"profit_ratio":0.0,"profit_abs":0.0,"exit_reason":"roi","initial_stop_loss_abs":0.18624,"initial_stop_loss_ratio":-0.05,"stop_loss_abs":0.18624,"stop_loss_ratio":-0.05,"min_rate":0.1871,"max_rate":0.197,"is_open":false,"enter_tag":"","leverage":1.0,"is_short":false,"open_timestamp":1761760800000,"close_timestamp":1761768000000,"orders":[{"amount":1694.0,"safe_price":0.19604,"ft_order_side":"buy","order_filled_timestamp":1761760800000,"ft_is_entry":true,"ft_order_tag":"","cost":332.42385175999993},{"amount":1694.0,"safe_price":0.19643247247247245,"ft_order_side":"sell","order_filled_timestamp":1761768000000,"ft_is_entry":false,"ft_order_tag":"roi","cost":333.0893649767367}],"funding_fees":0.0,"weekday":2},{"pair":"DOGE/USDT","stake_amount":332.0092,"max_stake_amount":332.0092,"amount":1790.0,"open_date":"2025-10-31 02:00:00+00:00","close_date":"2025-10-31 04:00:00+00:00","open_rate":0.18548,"close_rate":0.18585133133133133,"fee_open":0.001,"fee_close":0.001,"trade_duration":120,"profit_ratio":0.0,"profit_abs":0.0,"exit_reason":"roi","initial_stop_loss_abs":0.17621,"initial_stop_loss_ratio":-0.05,"stop_loss_abs":0.17621,"stop_loss_ratio":-0.05,"min_rate":0.18335,"max_rate":0.18608,"is_open":false,"enter_tag":"","leverage":1.0,"is_short":false,"open_timestamp":1761876000000,"close_timestamp":1761883200000,"orders":[{"amount":1790.0,"safe_price":0.18548,"ft_order_side":"buy","order_filled_timestamp":1761876000000,"ft_is_entry":true,"ft_order_tag":"","cost":332.3412092},{"amount":1790.0,"safe_price":0.18585133133133133,"ft_order_side":"sell","order_filled_timestamp":1761883200000,"ft_is_entry":false,"ft_order_tag":"roi","cost":333.0065569661661}],"funding_fees":0.0,"weekday":4},{"pair":"DOGE/USDT","stake_amount":331.9848,"max_stake_amount":331.9848,"amount":1960.0,"open_date":"2025-11-04 03:00:00+00:00","close_date":"2025-11-04 05:00:00+00:00","open_rate":0.16938,"close_rate":0.16092,"fee_open":0.001,"fee_close":0.001,"trade_duration":120,"profit_ratio":-0.051845073099058225,"profit_abs":-17.228988,"exit_reason":"stop_loss","initial_stop_loss_abs":0.16092,"initial_stop_loss_ratio":-0.05,"stop_loss_abs":0.16092,"stop_loss_ratio":-0.05,"min_rate":0.16073,"max_rate":0.1711,"is_open":false,"enter_tag":"","leverage":1.0,"is_short":false,"open_timestamp":1762225200000,"close_timestamp":1762232400000,"orders":[{"amount":1960.0,"safe_price":0.16938,"ft_order_side":"buy","order_filled_timestamp":1762225200000,"ft_is_entry":true,"ft_order_tag":"","cost":332.3167848},{"amount":1960.0,"safe_price":0.16092,"ft_order_side":"sell","order_filled_timestamp":1762232400000,"ft_is_entry":false,"ft_order_tag":"stop_loss","cost":315.7186032}],"funding_fees":0.0,"weekday":1},{"pair":"DOGE/USDT","stake_amount":326.25528,"max_stake_amount":326.25528,"amount":1973.0,"open_date":"2025-11-04 11:00:00+00:00","close_date":"2025-11-04 14:00:00+00:00","open_rate":0.16536,"close_rate":0.16569105105105103,"fee_open":0.001,"fee_close":0.001,"trade_duration":180,"profit_ratio":0.0,"profit_abs":0.0,"exit_reason":"roi","initial_stop_loss_abs":0.1571,"initial_stop_loss_ratio":-0.05,"stop_loss_abs":0.1571,"stop_loss_ratio":-0.05,"min_rate":0.1608,"max_rate":0.1678,"is_open":false,"enter_tag":"","leverage":1.0,"is_short":false,"open_timestamp":1762254000000,"close_timestamp":1762264800000,"orders":[{"amount":1973.0,"safe_price":0.16536,"ft_order_side":"buy","order_filled_timestamp":1762254000000,"ft_is_entry":true,"ft_order_tag":"","cost":326.58153527999997},{"amount":1973.0,"safe_price":0.16569105105105103,"ft_order_side":"sell","order_filled_timestamp":1762264800000,"ft_is_entry":false,"ft_order_tag":"roi","cost":327.2353521674474}],"funding_fees":0.0,"weekday":1},{"pair":"DOGE/USDT","stake_amount":326.38968,"max_stake_amount":326.38968,"amount":1997.0,"open_date":"2025-11-04 23:00:00+00:00","close_date":"2025-11-05 01:00:00+00:00","open_rate":0.16344,"close_rate":0.15527,"fee_open":0.001,"fee_close":0.001,"trade_duration":120,"profit_ratio":-0.05188588944095553,"profit_abs":-16.95195387,"exit_reason":"stop_loss","initial_stop_loss_abs":0.15527,"initial_stop_loss_ratio":-0.05,"stop_loss_abs":0.15527,"stop_loss_ratio":-0.05,"min_rate":0.15456,"max_rate":0.16427,"is_open":false,"enter_tag":"","leverage":1.0,"is_short":false,"open_timestamp":1762297200000,"close_timestamp":1762304400000,"orders":[{"amount":1997.0,"safe_price":0.16344,"ft_order_side":"buy","order_filled_timestamp":1762297200000,"ft_is_entry":true,"ft_order_tag":"","cost":326.71606968},{"amount":1997.0,"safe_price":0.15527,"ft_order_side":"sell","order_filled_timestamp":1762304400000,"ft_is_entry":false,"ft_order_tag":"stop_loss","cost":310.38426418999995}],"funding_fees":0.0,"weekday":2},{"pair":"DOGE/USDT","stake_amount":320.68001,"max_stake_amount":320.68001,"amount":1967.0,"open_date":"2025-11-07 01:00:00+00:00","close_date":"2025-11-07 03:00:00+00:00","open_rate":0.16303,"close_rate":0.16414,"fee_open":0.001,"fee_close":0.001,"trade_duration":120,"profit_ratio":0.004796957321032644,"profit_abs":1.53982661,"exit_reason":"roi","initial_stop_loss_abs":0.15488,"initial_stop_loss_ratio":-0.05,"stop_loss_abs":0.15488,"stop_loss_ratio":-0.05,"min_rate":0.16095,"max_rate":0.16509,"is_open":false,"enter_tag":"","leverage":1.0,"is_short":false,"open_timestamp":1762477200000,"close_timestamp":1762484400000,"orders":[{"amount":1967.0,"safe_price":0.16303,"ft_order_side":"buy","order_filled_timestamp":1762477200000,"ft_is_entry":true,"ft_order_tag":"","cost":321.00069001},{"amount":1967.0,"safe_price":0.16414,"ft_order_side":"sell","order_filled_timestamp":1762484400000,"ft_is_entry":false,"ft_order_tag":"roi","cost":323.18624337999995}],"funding_fees":0.0,"weekday":4},{"pair":"DOGE/USDT","stake_amount":321.19936,"max_stake_amount":321.19936,"amount":1972.0,"open_date":"2025-11-14 16:00:00+00:00","close_date":"2025-11-14 18:00:00+00:00","open_rate":0.16288,"close_rate":0.16320608608608606,"fee_open":0.001,"fee_close":0.001,"trade_duration":120,"profit_ratio":0.0,"profit_abs":0.0,"exit_reason":"roi","initial_stop_loss_abs":0.15474,"initial_stop_loss_ratio":-0.05,"stop_loss_abs":0.15474,"stop_loss_ratio":-0.05,"min_rate":0.1609,"max_rate":0.16477,"is_open":false,"enter_tag":"","leverage":1.0,"is_short":false,"open_timestamp":1763136000000,"close_timestamp":1763143200000,"orders":[{"amount":1972.0,"safe_price":0.16288,"ft_order_side":"buy","order_filled_timestamp":1763136000000,"ft_is_entry":true,"ft_order_tag":"","cost":321.52055936},{"amount":1972.0,"safe_price":0.16320608608608606,"ft_order_side":"sell","order_filled_timestamp":1763143200000,"ft_is_entry":false,"ft_order_tag":"roi","cost":322.16424416352345}],"funding_fees":0.0,"weekday":4},{"pair":"DOGE/USDT","stake_amount":321.28767,"max_stake_amount":321.28767,"amount":1991.0,"open_date":"2025-11-15 02:00:00+00:00","close_date":"2025-11-15 04:00:00+00:00","open_rate":0.16137,"close_rate":0.16289,"fee_open":0.001,"fee_close":0.001,"trade_duration":120,"profit_ratio":0.00740252497084622,"profit_abs":2.38071834,"exit_reason":"roi","initial_stop_loss_abs":0.15331,"initial_stop_loss_ratio":-0.05,"stop_loss_abs":0.15331,"stop_loss_ratio":-0.05,"min_rate":0.161,"max_rate":0.16338,"is_open":false,"enter_tag":"","leverage":1.0,"is_short":false,"open_timestamp":1763172000000,"close_timestamp":1763179200000,"orders":[{"amount":1991.0,"safe_price":0.16137,"ft_order_side":"buy","order_filled_timestamp":1763172000000,"ft_is_entry":true,"ft_order_tag":"","cost":321.60895767},{"amount":1991.0,"safe_price":0.16289,"ft_order_side":"sell","order_filled_timestamp":1763179200000,"ft_is_entry":false,"ft_order_tag":"roi","cost":324.63830398999994}],"funding_fees":0.0,"weekday":5},{"pair":"DOGE/USDT","stake_amount":322.10116,"max_stake_amount":322.10116,"amount":2077.0,"open_date":"2025-11-18 08:00:00+00:00","close_date":"2025-11-18 10:00:00+00:00","open_rate":0.15508,"close_rate":0.15741,"fee_open":0.001,"fee_close":0.001,"trade_duration":120,"profit_ratio":0.012996482496095599,"profit_abs":4.19036827,"exit_reason":"roi","initial_stop_loss_abs":0.14733,"initial_stop_loss_ratio":-0.05,"stop_loss_abs":0.14733,"stop_loss_ratio":-0.05,"min_rate":0.15503,"max_rate":0.15786,"is_open":false,"enter_tag":"","leverage":1.0,"is_short":false,"open_timestamp":1763452800000,"close_timestamp":1763460000000,"orders":[{"amount":2077.0,"safe_price":0.15508,"ft_order_side":"buy","order_filled_timestamp":1763452800000,"ft_is_entry":true,"ft_order_tag":"","cost":322.42326116},{"amount":2077.0,"safe_price":0.15741,"ft_order_side":"sell","order_filled_timestamp":1763460000000,"ft_is_entry":false,"ft_order_tag":"roi","cost":327.26751056999996}],"funding_fees":0.0,"weekday":1},{"pair":"DOGE/USDT","stake_amount":323.42445,"max_stake_amount":323.42445,"amount":2311.0,"open_date":"2025-11-21 20:00:00+00:00","close_date":"2025-11-21 22:00:00+00:00","open_rate":0.13995,"close_rate":0.14097,"fee_open":0.001,"fee_close":0.001,"trade_duration":120,"profit_ratio":0.005275753185721032,"profit_abs":1.70801388,"exit_reason":"roi","initial_stop_loss_abs":0.13296,"initial_stop_loss_ratio":-0.05,"stop_loss_abs":0.13296,"stop_loss_ratio":-0.05,"min_rate":0.13654,"max_rate":0.14167,"is_open":false,"enter_tag":"","leverage":1.0,"is_short":false,"open_timestamp":1763755200000,"close_timestamp":1763762400000,"orders":[{"amount":2311.0,"safe_price":0.13995,"ft_order_side":"buy","order_filled_timestamp":1763755200000,"ft_is_entry":true,"ft_order_tag":"","cost":323.7478744499999},{"amount":2311.0,"safe_price":0.14097,"ft_order_side":"sell","order_filled_timestamp":1763762400000,"ft_is_entry":false,"ft_order_tag":"roi","cost":326.10745167}],"funding_fees":0.0,"weekday":4},{"pair":"DOGE/USDT","stake_amount":323.9784,"max_stake_amount":323.9784,"amount":2385.0,"open_date":"2025-12-01 23:00:00+00:00","close_date":"2025-12-02 01:00:00+00:00","open_rate":0.13584,"close_rate":0.13611195195195194,"fee_open":0.001,"fee_close":0.001,"trade_duration":120,"profit_ratio":0.0,"profit_abs":0.0,"exit_reason":"roi","initial_stop_loss_abs":0.12905,"initial_stop_loss_ratio":-0.05,"stop_loss_abs":0.12905,"stop_loss_ratio":-0.05,"min_rate":0.13493,"max_rate":0.13732,"is_open":false,"enter_tag":"","leverage":1.0,"is_short":false,"open_timestamp":1764630000000,"close_timestamp":1764637200000,"orders":[{"amount":2385.0,"safe_price":0.13584,"ft_order_side":"buy","order_filled_timestamp":1764630000000,"ft_is_entry":true,"ft_order_tag":"","cost":324.30237839999995},{"amount":2385.0,"safe_price":0.13611195195195194,"ft_order_side":"sell","order_filled_timestamp":1764637200000,"ft_is_entry":false,"ft_order_tag":"roi","cost":324.95163241081076}],"funding_fees":0.0,"weekday":1},{"pair":"DOGE/USDT","stake_amount":323.98114,"max_stake_amount":323.98114,"amount":2126.0,"open_date":"2025-12-03 23:00:00+00:00","close_date":"2025-12-04 01:00:00+00:00","open_rate":0.15239,"close_rate":0.15269508508508506,"fee_open":0.001,"fee_close":0.001,"trade_duration":120,"profit_ratio":0.0,"profit_abs":0.0,"exit_reason":"roi","initial_stop_loss_abs":0.14478,"initial_stop_loss_ratio":-0.05,"stop_loss_abs":0.14478,"stop_loss_ratio":-0.05,"min_rate":0.15068,"max_rate":0.1534,"is_open":false,"enter_tag":"","leverage":1.0,"is_short":false,"open_timestamp":1764802800000,"close_timestamp":1764810000000,"orders":[{"amount":2126.0,"safe_price":0.15239,"ft_order_side":"buy","order_filled_timestamp":1764802800000,"ft_is_entry":true,"ft_order_tag":"","cost":324.3051211399999},{"amount":2126.0,"safe_price":0.15269508508508506,"ft_order_side":"sell","order_filled_timestamp":1764810000000,"ft_is_entry":false,"ft_order_tag":"roi","cost":324.95438064178165}],"funding_fees":0.0,"weekday":3},{"pair":"DOGE/USDT","stake_amount":323.94061,"max_stake_amount":323.94061,"amount":2329.0,"open_date":"2025-12-06 07:00:00+00:00","close_date":"2025-12-06 09:00:00+00:00","open_rate":0.13909,"close_rate":0.13936845845845844,"fee_open":0.001,"fee_close":0.001,"trade_duration":120,"profit_ratio":0.0,"profit_abs":0.0,"exit_reason":"roi","initial_stop_loss_abs":0.13214,"initial_stop_loss_ratio":-0.05,"stop_loss_abs":0.13214,"stop_loss_ratio":-0.05,"min_rate":0.13836,"max_rate":0.13968,"is_open":false,"enter_tag":"","leverage":1.0,"is_short":false,"open_timestamp":1765004400000,"close_timestamp":1765011600000,"orders":[{"amount":2329.0,"safe_price":0.13909,"ft_order_side":"buy","order_filled_timestamp":1765004400000,"ft_is_entry":true,"ft_order_tag":"","cost":324.26455060999996},{"amount":2329.0,"safe_price":0.13936845845845844,"ft_order_side":"sell","order_filled_timestamp":1765011600000,"ft_is_entry":false,"ft_order_tag":"roi","cost":324.9137288894994}],"funding_fees":0.0,"weekday":5},{"pair":"DOGE/USDT","stake_amount":323.92602,"max_stake_amount":323.92602,"amount":2371.0,"open_date":"2025-12-15 03:00:00+00:00","close_date":"2025-12-15 05:00:00+00:00","open_rate":0.13662,"close_rate":0.13689351351351348,"fee_open":0.001,"fee_close":0.001,"trade_duration":120,"profit_ratio":0.0,"profit_abs":0.0,"exit_reason":"roi","initial_stop_loss_abs":0.12979,"initial_stop_loss_ratio":-0.05,"stop_loss_abs":0.12979,"stop_loss_ratio":-0.05,"min_rate":0.13601,"max_rate":0.13725,"is_open":false,"enter_tag":"","leverage":1.0,"is_short":false,"open_timestamp":1765767600000,"close_timestamp":1765774800000,"orders":[{"amount":2371.0,"safe_price":0.13662,"ft_order_side":"buy","order_filled_timestamp":1765767600000,"ft_is_entry":true,"ft_order_tag":"","cost":324.24994602},{"amount":2371.0,"safe_price":0.13689351351351348,"ft_order_side":"sell","order_filled_timestamp":1765774800000,"ft_is_entry":false,"ft_order_tag":"roi","cost":324.89909506108097}],"funding_fees":0.0,"weekday":0},{"pair":"DOGE/USDT","stake_amount":324.00109,"max_stake_amount":324.00109,"amount":2513.0,"open_date":"2025-12-16 10:00:00+00:00","close_date":"2025-12-16 12:00:00+00:00","open_rate":0.12893,"close_rate":0.13166,"fee_open":0.001,"fee_close":0.001,"trade_duration":120,"profit_ratio":0.019133972364407486,"profit_abs":6.20562733,"exit_reason":"roi","initial_stop_loss_abs":0.12249,"initial_stop_loss_ratio":-0.05,"stop_loss_abs":0.12249,"stop_loss_ratio":-0.05,"min_rate":0.12874,"max_rate":0.13205,"is_open":false,"enter_tag":"","leverage":1.0,"is_short":false,"open_timestamp":1765879200000,"close_timestamp":1765886400000,"orders":[{"amount":2513.0,"safe_price":0.12893,"ft_order_side":"buy","order_filled_timestamp":1765879200000,"ft_is_entry":true,"ft_order_tag":"","cost":324.32509108999994},{"amount":2513.0,"safe_price":0.13166,"ft_order_side":"sell","order_filled_timestamp":1765886400000,"ft_is_entry":false,"ft_order_tag":"roi","cost":331.19244158}],"funding_fees":0.0,"weekday":1},{"pair":"DOGE/USDT","stake_amount":326.03779,"max_stake_amount":326.03779,"amount":2753.0,"open_date":"2026-01-01 08:00:00+00:00","close_date":"2026-01-01 10:00:00+00:00","open_rate":0.11843,"close_rate":0.12039,"fee_open":0.001,"fee_close":0.001,"trade_duration":120,"profit_ratio":0.014518792024491594,"profit_abs":4.73840854,"exit_reason":"roi","initial_stop_loss_abs":0.11251,"initial_stop_loss_ratio":-0.05,"stop_loss_abs":0.11251,"stop_loss_ratio":-0.05,"min_rate":0.11837,"max_rate":0.12126,"is_open":false,"enter_tag":"","leverage":1.0,"is_short":false,"open_timestamp":1767254400000,"close_timestamp":1767261600000,"orders":[{"amount":2753.0,"safe_price":0.11843,"ft_order_side":"buy","order_filled_timestamp":1767254400000,"ft_is_entry":true,"ft_order_tag":"","cost":326.36382778999996},{"amount":2753.0,"safe_price":0.12039,"ft_order_side":"sell","order_filled_timestamp":1767261600000,"ft_is_entry":false,"ft_order_tag":"roi","cost":331.76510367}],"funding_fees":0.0,"weekday":3},{"pair":"DOGE/USDT","stake_amount":327.58407,"max_stake_amount":327.58407,"amount":2169.0,"open_date":"2026-01-04 04:00:00+00:00","close_date":"2026-01-04 06:00:00+00:00","open_rate":0.15103,"close_rate":0.15277,"fee_open":0.001,"fee_close":0.001,"trade_duration":120,"profit_ratio":0.00949986913040611,"profit_abs":3.1151178,"exit_reason":"roi","initial_stop_loss_abs":0.14348,"initial_stop_loss_ratio":-0.05,"stop_loss_abs":0.14348,"stop_loss_ratio":-0.05,"min_rate":0.14979,"max_rate":0.15413,"is_open":false,"enter_tag":"","leverage":1.0,"is_short":false,"open_timestamp":1767499200000,"close_timestamp":1767506400000,"orders":[{"amount":2169.0,"safe_price":0.15103,"ft_order_side":"buy","order_filled_timestamp":1767499200000,"ft_is_entry":true,"ft_order_tag":"","cost":327.91165406999994},{"amount":2169.0,"safe_price":0.15277,"ft_order_side":"sell","order_filled_timestamp":1767506400000,"ft_is_entry":false,"ft_order_tag":"roi","cost":331.6894881299999}],"funding_fees":0.0,"weekday":6}],"locks":[],"best_pair":{"key":"DOGE/USDT","trades":22,"profit_mean":-0.000495116626401391,"profit_mean_pct":-0.05,"profit_total_abs":-3.9488664,"profit_total":-0.0039488664,"profit_total_pct":-0.39,"duration_avg":"2:11:00","wins":10,"draws":10,"losses":2,"winrate":0.45454545454545453,"cagr":-0.014778265810053925,"expectancy":-0.1794939272727274,"expectancy_ratio":-0.4650480280529603,"sortino":-5.614923683844216,"sharpe":-0.13754602181975648,"calmar":-2.2898861366846175,"sqn":-0.1455,"profit_factor":0.8844716914174372,"max_drawdown_account":0.03396512762906021,"max_drawdown_abs":34.180941870000005},"worst_pair":{"key":"DOGE/USDT","trades":22,"profit_mean":-0.000495116626401391,"profit_mean_pct":-0.05,"profit_total_abs":-3.9488664,"profit_total":-0.0039488664,"profit_total_pct":-0.39,"duration_avg":"2:11:00","wins":10,"draws":10,"losses":2,"winrate":0.45454545454545453,"cagr":-0.014778265810053925,"expectancy":-0.1794939272727274,"expectancy_ratio":-0.4650480280529603,"sortino":-5.614923683844216,"sharpe":-0.13754602181975648,"calmar":-2.2898861366846175,"sqn":-0.1455,"profit_factor":0.8844716914174372,"max_drawdown_account":0.03396512762906021,"max_drawdown_abs":34.180941870000005},"results_per_pair":[{"key":"DOGE/USDT","trades":22,"profit_mean":-0.000495116626401391,"profit_mean_pct":-0.05,"profit_total_abs":-3.9488664,"profit_total":-0.0039488664,"profit_total_pct":-0.39,"duration_avg":"2:11:00","wins":10,"draws":10,"losses":2,"winrate":0.45454545454545453,"cagr":-0.014778265810053925,"expectancy":-0.1794939272727274,"expectancy_ratio":-0.4650480280529603,"sortino":-5.614923683844216,"sharpe":-0.13754602181975648,"calmar":-2.2898861366846175,"sqn":-0.1455,"profit_factor":0.8844716914174372,"max_drawdown_account":0.03396512762906021,"max_drawdown_abs":34.180941870000005},{"key":"TOTAL","trades":22,"profit_mean":-0.000495116626401391,"profit_mean_pct":-0.05,"profit_total_abs":-3.9488664,"profit_total":-0.0039488664,"profit_total_pct":-0.39,"duration_avg":"2:11:00","wins":10,"draws":10,"losses":2,"winrate":0.45454545454545453,"cagr":-0.014778265810053925,"expectancy":-0.1794939272727274,"expectancy_ratio":-0.4650480280529603,"sortino":-5.614923683844216,"sharpe":-0.13754602181975648,"calmar":-2.2898861366846175,"sqn":-0.1455,"profit_factor":0.8844716914174372,"max_drawdown_account":0.03396512762906021,"max_drawdown_abs":34.180941870000005}],"results_per_enter_tag":[{"key":"","trades":22,"profit_mean":-0.000495116626401391,"profit_mean_pct":-0.05,"profit_total_abs":-3.9488664,"profit_total":-0.0039488664,"profit_total_pct":-0.39,"duration_avg":"2:11:00","wins":10,"draws":10,"losses":2,"winrate":0.45454545454545453,"cagr":-0.014778265810053925,"expectancy":-0.1794939272727274,"expectancy_ratio":-0.4650480280529603,"sortino":-5.614923683844216,"sharpe":-0.13754602181975648,"calmar":-2.2898861366846175,"sqn":-0.1455,"profit_factor":0.8844716914174372,"max_drawdown_account":0.03396512762906021,"max_drawdown_abs":34.180941870000005},{"key":"TOTAL","trades":22,"profit_mean":-0.000495116626401391,"profit_mean_pct":-0.05,"profit_total_abs":-3.9488664,"profit_total":-0.0039488664,"profit_total_pct":-0.39,"duration_avg":"2:11:00","wins":10,"draws":10,"losses":2,"winrate":0.45454545454545453,"cagr":-0.014778265810053925,"expectancy":-0.1794939272727274,"expectancy_ratio":-0.4650480280529603,"sortino":-5.614923683844216,"sharpe":-0.13754602181975648,"calmar":-2.2898861366846175,"sqn":-0.1455,"profit_factor":0.8844716914174372,"max_drawdown_account":0.03396512762906021,"max_drawdown_abs":34.180941870000005}],"exit_reason_summary":[{"key":"roi","trades":20,"profit_mean":0.004641919837959157,"profit_mean_pct":0.46,"profit_total_abs":30.232075470000005,"profit_total":0.030232075470000005,"profit_total_pct":3.02,"duration_avg":"2:12:00","wins":10,"draws":10,"losses":0,"winrate":0.5,"cagr":0.11859581691272258,"expectancy":1.5116037734999999,"expectancy_ratio":100.0,"sortino":-100,"sharpe":3.0907139364205336,"calmar":-100,"sqn":3.42,"profit_factor":0.0,"max_drawdown_account":0.0,"max_drawdown_abs":0.0},{"key":"stop_loss","trades":2,"profit_mean":-0.051865481270006876,"profit_mean_pct":-5.19,"profit_total_abs":-34.18094187,"profit_total":-0.034180941869999995,"profit_total_pct":-3.42,"duration_avg":"2:00:00","wins":0,"draws":0,"losses":2,"winrate":0.0,"cagr":-0.12266693217109303,"expectancy":-17.090470935,"expectancy_ratio":-1.0,"sortino":-48.602145679571585,"sharpe":-48.602145679571585,"calmar":-19.695848633549293,"sqn":-123.3817,"profit_factor":0.0,"max_drawdown_account":0.03418094186999997,"max_drawdown_abs":34.18094187},{"key":"TOTAL","trades":22,"profit_mean":-0.000495116626401391,"profit_mean_pct":-0.05,"profit_total_abs":-3.9488664,"profit_total":-0.0039488664,"profit_total_pct":-0.39,"duration_avg":"2:11:00","wins":10,"draws":10,"losses":2,"winrate":0.45454545454545453,"cagr":-0.014778265810053925,"expectancy":-0.1794939272727274,"expectancy_ratio":-0.4650480280529603,"sortino":-5.614923683844216,"sharpe":-0.13754602181975648,"calmar":-2.2898861366846175,"sqn":-0.1455,"profit_factor":0.8844716914174372,"max_drawdown_account":0.03396512762906021,"max_drawdown_abs":34.180941870000005}],"mix_tag_stats":[{"key":["","roi"],"trades":20,"profit_mean":0.004641919837959157,"profit_mean_pct":0.46,"profit_total_abs":30.232075470000005,"profit_total":0.030232075470000005,"profit_total_pct":3.02,"duration_avg":"2:12:00","wins":10,"draws":10,"losses":0,"winrate":0.5,"cagr":0.11859581691272258,"expectancy":1.5116037734999999,"expectancy_ratio":100.0,"sortino":-100,"sharpe":3.0907139364205336,"calmar":-100,"sqn":3.42,"profit_factor":0.0,"max_drawdown_account":0.0,"max_drawdown_abs":0.0},{"key":["","stop_loss"],"trades":2,"profit_mean":-0.051865481270006876,"profit_mean_pct":-5.19,"profit_total_abs":-34.18094187,"profit_total":-0.034180941869999995,"profit_total_pct":-3.42,"duration_avg":"2:00:00","wins":0,"draws":0,"losses":2,"winrate":0.0,"cagr":-0.12266693217109303,"expectancy":-17.090470935,"expectancy_ratio":-1.0,"sortino":-48.602145679571585,"sharpe":-48.602145679571585,"calmar":-19.695848633549293,"sqn":-123.3817,"profit_factor":0.0,"max_drawdown_account":0.03418094186999997,"max_drawdown_abs":34.18094187},{"key":"TOTAL","trades":22,"profit_mean":-0.000495116626401391,"profit_mean_pct":-0.05,"profit_total_abs":-3.9488664,"profit_total":-0.0039488664,"profit_total_pct":-0.39,"duration_avg":"2:11:00","wins":10,"draws":10,"losses":2,"winrate":0.45454545454545453,"cagr":-0.014778265810053925,"expectancy":-0.1794939272727274,"expectancy_ratio":-0.4650480280529603,"sortino":-5.614923683844216,"sharpe":-0.13754602181975648,"calmar":-2.2898861366846175,"sqn":-0.1455,"profit_factor":0.8844716914174372,"max_drawdown_account":0.03396512762906021,"max_drawdown_abs":34.180941870000005}],"left_open_trades":[{"key":"TOTAL","trades":0,"profit_mean":0.0,"profit_mean_pct":0.0,"profit_total_abs":0.0,"profit_total":0.0,"profit_total_pct":0.0,"duration_avg":"0:00","wins":0,"draws":0,"losses":0,"winrate":0.0,"cagr":0.0,"expectancy":0.0,"expectancy_ratio":100.0,"sortino":0,"sharpe":0,"calmar":0,"sqn":0.0,"profit_factor":0.0,"max_drawdown_account":0.0,"max_drawdown_abs":0.0}],"total_trades":22,"trade_count_long":22,"trade_count_short":0,"total_volume":14400.427396309908,"avg_stake_amount":326.7182768181818,"profit_mean":-0.000495116626401391,"profit_median":0.0,"profit_total":-0.0039488664,"profit_total_long":-0.0039488664,"profit_total_short":0.0,"profit_total_abs":-3.9488664,"profit_total_long_abs":-3.9488664,"profit_total_short_abs":0.0,"cagr":-0.014778265810053925,"expectancy":-0.1794939272727274,"expectancy_ratio":-0.4650480280529603,"sortino":-5.614923683844216,"sharpe":-0.13754602181975648,"calmar":-2.2898861366846175,"sqn":-0.1455,"profit_factor":0.8844716914174372,"backtest_start":"2025-10-01 00:00:00","backtest_start_ts":1759276800000,"backtest_end":"2026-01-06 20:00:00","backtest_end_ts":1767729600000,"backtest_days":97,"backtest_run_start_ts":1767749660,"backtest_run_end_ts":1767749660,"trades_per_day":0.23,"market_change":-0.36632086436227446,"pairlist":["DOGE/USDT"],"stake_amount":"unlimited","stake_currency":"USDT","stake_currency_decimals":3,"starting_balance":1000,"dry_run_wallet":1000,"final_balance":996.0511336,"rejected_signals":0,"timedout_entry_orders":0,"timedout_exit_orders":0,"canceled_trade_entries":0,"canceled_entry_orders":0,"replaced_entry_orders":0,"max_open_trades":1,"max_open_trades_setting":3,"timeframe":"1h","timeframe_detail":"","timerange":"20251001-","enable_protections":false,"strategy_name":"ACO_44_6","freqaimodel":null,"freqai_identifier":null,"stoploss":-0.05,"trailing_stop":false,"trailing_stop_positive":null,"trailing_stop_positive_offset":0.0,"trailing_only_offset_is_reached":false,"use_custom_stoploss":false,"minimal_roi":{"0":0.1,"60":0.05,"120":0.0},"use_exit_signal":true,"exit_profit_only":false,"exit_profit_offset":0.0,"ignore_roi_if_entry_signal":false,"trading_mode":"spot","margin_mode":"","periodic_breakdown":{"day":[{"date":"08/10/2025","date_ts":1759881600000,"profit_abs":4.07195586,"wins":1,"draws":0,"losses":0,"trades":1,"profit_factor":0.0},{"date":"09/10/2025","date_ts":1759968000000,"profit_abs":0.0,"wins":0,"draws":0,"losses":0,"trades":0,"profit_factor":0.0},{"date":"10/10/2025","date_ts":1760054400000,"profit_abs":0.0,"wins":0,"draws":0,"losses":0,"trades":0,"profit_factor":0.0},{"date":"11/10/2025","date_ts":1760140800000,"profit_abs":2.0258055,"wins":1,"draws":0,"losses":0,"trades":1,"profit_factor":0.0},{"date":"12/10/2025","date_ts":1760227200000,"profit_abs":0.0,"wins":0,"draws":0,"losses":0,"trades":0,"profit_factor":0.0},{"date":"13/10/2025","date_ts":1760313600000,"profit_abs":0.0,"wins":0,"draws":0,"losses":0,"trades":0,"profit_factor":0.0},{"date":"14/10/2025","date_ts":1760400000000,"profit_abs":0.0,"wins":0,"draws":0,"losses":0,"trades":0,"profit_factor":0.0},{"date":"15/10/2025","date_ts":1760486400000,"profit_abs":0.0,"wins":0,"draws":0,"losses":0,"trades":0,"profit_factor":0.0},{"date":"16/10/2025","date_ts":1760572800000,"profit_abs":0.0,"wins":0,"draws":0,"losses":0,"trades":0,"profit_factor":0.0},{"date":"17/10/2025","date_ts":1760659200000,"profit_abs":0.0,"wins":0,"draws":1,"losses":0,"trades":1,"profit_factor":0.0},{"date":"18/10/2025","date_ts":1760745600000,"profit_abs":0.0,"wins":0,"draws":0,"losses":0,"trades":0,"profit_factor":0.0},{"date":"19/10/2025","date_ts":1760832000000,"profit_abs":0.0,"wins":0,"draws":0,"losses":0,"trades":0,"profit_factor":0.0},{"date":"20/10/2025","date_ts":1760918400000,"profit_abs":0.0,"wins":0,"draws":0,"losses":0,"trades":0,"profit_factor":0.0},{"date":"21/10/2025","date_ts":1761004800000,"profit_abs":0.0,"wins":0,"draws":0,"losses":0,"trades":0,"profit_factor":0.0},{"date":"22/10/2025","date_ts":1761091200000,"profit_abs":0.0,"wins":0,"draws":0,"losses":0,"trades":0,"profit_factor":0.0},{"date":"23/10/2025","date_ts":1761177600000,"profit_abs":0.25623334,"wins":1,"draws":0,"losses":0,"trades":1,"profit_factor":0.0},{"date":"24/10/2025","date_ts":1761264000000,"profit_abs":0.0,"wins":0,"draws":0,"losses":0,"trades":0,"profit_factor":0.0},{"date":"25/10/2025","date_ts":1761350400000,"profit_abs":0.0,"wins":0,"draws":0,"losses":0,"trades":0,"profit_factor":0.0},{"date":"26/10/2025","date_ts":1761436800000,"profit_abs":0.0,"wins":0,"draws":0,"losses":0,"trades":0,"profit_factor":0.0},{"date":"27/10/2025","date_ts":1761523200000,"profit_abs":0.0,"wins":0,"draws":0,"losses":0,"trades":0,"profit_factor":0.0},{"date":"28/10/2025","date_ts":1761609600000,"profit_abs":0.0,"wins":0,"draws":0,"losses":0,"trades":0,"profit_factor":0.0},{"date":"29/10/2025","date_ts":1761696000000,"profit_abs":0.0,"wins":0,"draws":2,"losses":0,"trades":2,"profit_factor":0.0},{"date":"30/10/2025","date_ts":1761782400000,"profit_abs":0.0,"wins":0,"draws":0,"losses":0,"trades":0,"profit_factor":0.0},{"date":"31/10/2025","date_ts":1761868800000,"profit_abs":0.0,"wins":0,"draws":1,"losses":0,"trades":1,"profit_factor":0.0},{"date":"01/11/2025","date_ts":1761955200000,"profit_abs":0.0,"wins":0,"draws":0,"losses":0,"trades":0,"profit_factor":0.0},{"date":"02/11/2025","date_ts":1762041600000,"profit_abs":0.0,"wins":0,"draws":0,"losses":0,"trades":0,"profit_factor":0.0},{"date":"03/11/2025","date_ts":1762128000000,"profit_abs":0.0,"wins":0,"draws":0,"losses":0,"trades":0,"profit_factor":0.0},{"date":"04/11/2025","date_ts":1762214400000,"profit_abs":-17.228988,"wins":0,"draws":1,"losses":1,"trades":2,"profit_factor":0.0},{"date":"05/11/2025","date_ts":1762300800000,"profit_abs":-16.95195387,"wins":0,"draws":0,"losses":1,"trades":1,"profit_factor":0.0},{"date":"06/11/2025","date_ts":1762387200000,"profit_abs":0.0,"wins":0,"draws":0,"losses":0,"trades":0,"profit_factor":0.0},{"date":"07/11/2025","date_ts":1762473600000,"profit_abs":1.53982661,"wins":1,"draws":0,"losses":0,"trades":1,"profit_factor":0.0},{"date":"08/11/2025","date_ts":1762560000000,"profit_abs":0.0,"wins":0,"draws":0,"losses":0,"trades":0,"profit_factor":0.0},{"date":"09/11/2025","date_ts":1762646400000,"profit_abs":0.0,"wins":0,"draws":0,"losses":0,"trades":0,"profit_factor":0.0},{"date":"10/11/2025","date_ts":1762732800000,"profit_abs":0.0,"wins":0,"draws":0,"losses":0,"trades":0,"profit_factor":0.0},{"date":"11/11/2025","date_ts":1762819200000,"profit_abs":0.0,"wins":0,"draws":0,"losses":0,"trades":0,"profit_factor":0.0},{"date":"12/11/2025","date_ts":1762905600000,"profit_abs":0.0,"wins":0,"draws":0,"losses":0,"trades":0,"profit_factor":0.0},{"date":"13/11/2025","date_ts":1762992000000,"profit_abs":0.0,"wins":0,"draws":0,"losses":0,"trades":0,"profit_factor":0.0},{"date":"14/11/2025","date_ts":1763078400000,"profit_abs":0.0,"wins":0,"draws":1,"losses":0,"trades":1,"profit_factor":0.0},{"date":"15/11/2025","date_ts":1763164800000,"profit_abs":2.38071834,"wins":1,"draws":0,"losses":0,"trades":1,"profit_factor":0.0},{"date":"16/11/2025","date_ts":1763251200000,"profit_abs":0.0,"wins":0,"draws":0,"losses":0,"trades":0,"profit_factor":0.0},{"date":"17/11/2025","date_ts":1763337600000,"profit_abs":0.0,"wins":0,"draws":0,"losses":0,"trades":0,"profit_factor":0.0},{"date":"18/11/2025","date_ts":1763424000000,"profit_abs":4.19036827,"wins":1,"draws":0,"losses":0,"trades":1,"profit_factor":0.0},{"date":"19/11/2025","date_ts":1763510400000,"profit_abs":0.0,"wins":0,"draws":0,"losses":0,"trades":0,"profit_factor":0.0},{"date":"20/11/2025","date_ts":1763596800000,"profit_abs":0.0,"wins":0,"draws":0,"losses":0,"trades":0,"profit_factor":0.0},{"date":"21/11/2025","date_ts":1763683200000,"profit_abs":1.70801388,"wins":1,"draws":0,"losses":0,"trades":1,"profit_factor":0.0},{"date":"22/11/2025","date_ts":1763769600000,"profit_abs":0.0,"wins":0,"draws":0,"losses":0,"trades":0,"profit_factor":0.0},{"date":"23/11/2025","date_ts":1763856000000,"profit_abs":0.0,"wins":0,"draws":0,"losses":0,"trades":0,"profit_factor":0.0},{"date":"24/11/2025","date_ts":1763942400000,"profit_abs":0.0,"wins":0,"draws":0,"losses":0,"trades":0,"profit_factor":0.0},{"date":"25/11/2025","date_ts":1764028800000,"profit_abs":0.0,"wins":0,"draws":0,"losses":0,"trades":0,"profit_factor":0.0},{"date":"26/11/2025","date_ts":1764115200000,"profit_abs":0.0,"wins":0,"draws":0,"losses":0,"trades":0,"profit_factor":0.0},{"date":"27/11/2025","date_ts":1764201600000,"profit_abs":0.0,"wins":0,"draws":0,"losses":0,"trades":0,"profit_factor":0.0},{"date":"28/11/2025","date_ts":1764288000000,"profit_abs":0.0,"wins":0,"draws":0,"losses":0,"trades":0,"profit_factor":0.0},{"date":"29/11/2025","date_ts":1764374400000,"profit_abs":0.0,"wins":0,"draws":0,"losses":0,"trades":0,"profit_factor":0.0},{"date":"30/11/2025","date_ts":1764460800000,"profit_abs":0.0,"wins":0,"draws":0,"losses":0,"trades":0,"profit_factor":0.0},{"date":"01/12/2025","date_ts":1764547200000,"profit_abs":0.0,"wins":0,"draws":0,"losses":0,"trades":0,"profit_factor":0.0},{"date":"02/12/2025","date_ts":1764633600000,"profit_abs":0.0,"wins":0,"draws":1,"losses":0,"trades":1,"profit_factor":0.0},{"date":"03/12/2025","date_ts":1764720000000,"profit_abs":0.0,"wins":0,"draws":0,"losses":0,"trades":0,"profit_factor":0.0},{"date":"04/12/2025","date_ts":1764806400000,"profit_abs":0.0,"wins":0,"draws":1,"losses":0,"trades":1,"profit_factor":0.0},{"date":"05/12/2025","date_ts":1764892800000,"profit_abs":0.0,"wins":0,"draws":0,"losses":0,"trades":0,"profit_factor":0.0},{"date":"06/12/2025","date_ts":1764979200000,"profit_abs":0.0,"wins":0,"draws":1,"losses":0,"trades":1,"profit_factor":0.0},{"date":"07/12/2025","date_ts":1765065600000,"profit_abs":0.0,"wins":0,"draws":0,"losses":0,"trades":0,"profit_factor":0.0},{"date":"08/12/2025","date_ts":1765152000000,"profit_abs":0.0,"wins":0,"draws":0,"losses":0,"trades":0,"profit_factor":0.0},{"date":"09/12/2025","date_ts":1765238400000,"profit_abs":0.0,"wins":0,"draws":0,"losses":0,"trades":0,"profit_factor":0.0},{"date":"10/12/2025","date_ts":1765324800000,"profit_abs":0.0,"wins":0,"draws":0,"losses":0,"trades":0,"profit_factor":0.0},{"date":"11/12/2025","date_ts":1765411200000,"profit_abs":0.0,"wins":0,"draws":0,"losses":0,"trades":0,"profit_factor":0.0},{"date":"12/12/2025","date_ts":1765497600000,"profit_abs":0.0,"wins":0,"draws":0,"losses":0,"trades":0,"profit_factor":0.0},{"date":"13/12/2025","date_ts":1765584000000,"profit_abs":0.0,"wins":0,"draws":0,"losses":0,"trades":0,"profit_factor":0.0},{"date":"14/12/2025","date_ts":1765670400000,"profit_abs":0.0,"wins":0,"draws":0,"losses":0,"trades":0,"profit_factor":0.0},{"date":"15/12/2025","date_ts":1765756800000,"profit_abs":0.0,"wins":0,"draws":1,"losses":0,"trades":1,"profit_factor":0.0},{"date":"16/12/2025","date_ts":1765843200000,"profit_abs":6.20562733,"wins":1,"draws":0,"losses":0,"trades":1,"profit_factor":0.0},{"date":"17/12/2025","date_ts":1765929600000,"profit_abs":0.0,"wins":0,"draws":0,"losses":0,"trades":0,"profit_factor":0.0},{"date":"18/12/2025","date_ts":1766016000000,"profit_abs":0.0,"wins":0,"draws":0,"losses":0,"trades":0,"profit_factor":0.0},{"date":"19/12/2025","date_ts":1766102400000,"profit_abs":0.0,"wins":0,"draws":0,"losses":0,"trades":0,"profit_factor":0.0},{"date":"20/12/2025","date_ts":1766188800000,"profit_abs":0.0,"wins":0,"draws":0,"losses":0,"trades":0,"profit_factor":0.0},{"date":"21/12/2025","date_ts":1766275200000,"profit_abs":0.0,"wins":0,"draws":0,"losses":0,"trades":0,"profit_factor":0.0},{"date":"22/12/2025","date_ts":1766361600000,"profit_abs":0.0,"wins":0,"draws":0,"losses":0,"trades":0,"profit_factor":0.0},{"date":"23/12/2025","date_ts":1766448000000,"profit_abs":0.0,"wins":0,"draws":0,"losses":0,"trades":0,"profit_factor":0.0},{"date":"24/12/2025","date_ts":1766534400000,"profit_abs":0.0,"wins":0,"draws":0,"losses":0,"trades":0,"profit_factor":0.0},{"date":"25/12/2025","date_ts":1766620800000,"profit_abs":0.0,"wins":0,"draws":0,"losses":0,"trades":0,"profit_factor":0.0},{"date":"26/12/2025","date_ts":1766707200000,"profit_abs":0.0,"wins":0,"draws":0,"losses":0,"trades":0,"profit_factor":0.0},{"date":"27/12/2025","date_ts":1766793600000,"profit_abs":0.0,"wins":0,"draws":0,"losses":0,"trades":0,"profit_factor":0.0},{"date":"28/12/2025","date_ts":1766880000000,"profit_abs":0.0,"wins":0,"draws":0,"losses":0,"trades":0,"profit_factor":0.0},{"date":"29/12/2025","date_ts":1766966400000,"profit_abs":0.0,"wins":0,"draws":0,"losses":0,"trades":0,"profit_factor":0.0},{"date":"30/12/2025","date_ts":1767052800000,"profit_abs":0.0,"wins":0,"draws":0,"losses":0,"trades":0,"profit_factor":0.0},{"date":"31/12/2025","date_ts":1767139200000,"profit_abs":0.0,"wins":0,"draws":0,"losses":0,"trades":0,"profit_factor":0.0},{"date":"01/01/2026","date_ts":1767225600000,"profit_abs":4.73840854,"wins":1,"draws":0,"losses":0,"trades":1,"profit_factor":0.0},{"date":"02/01/2026","date_ts":1767312000000,"profit_abs":0.0,"wins":0,"draws":0,"losses":0,"trades":0,"profit_factor":0.0},{"date":"03/01/2026","date_ts":1767398400000,"profit_abs":0.0,"wins":0,"draws":0,"losses":0,"trades":0,"profit_factor":0.0},{"date":"04/01/2026","date_ts":1767484800000,"profit_abs":3.1151178,"wins":1,"draws":0,"losses":0,"trades":1,"profit_factor":0.0}],"week":[{"date":"13/10/2025","date_ts":1760313600000,"profit_abs":6.09776136,"wins":2,"draws":0,"losses":0,"trades":2,"profit_factor":0.0},{"date":"20/10/2025","date_ts":1760918400000,"profit_abs":0.0,"wins":0,"draws":1,"losses":0,"trades":1,"profit_factor":0.0},{"date":"27/10/2025","date_ts":1761523200000,"profit_abs":0.25623334,"wins":1,"draws":0,"losses":0,"trades":1,"profit_factor":0.0},{"date":"03/11/2025","date_ts":1762128000000,"profit_abs":0.0,"wins":0,"draws":3,"losses":0,"trades":3,"profit_factor":0.0},{"date":"10/11/2025","date_ts":1762732800000,"profit_abs":-32.64111526,"wins":1,"draws":1,"losses":2,"trades":4,"profit_factor":0.04504927},{"date":"17/11/2025","date_ts":1763337600000,"profit_abs":2.38071834,"wins":1,"draws":1,"losses":0,"trades":2,"profit_factor":0.0},{"date":"24/11/2025","date_ts":1763942400000,"profit_abs":5.89838215,"wins":2,"draws":0,"losses":0,"trades":2,"profit_factor":0.0},{"date":"01/12/2025","date_ts":1764547200000,"profit_abs":0.0,"wins":0,"draws":0,"losses":0,"trades":0,"profit_factor":0.0},{"date":"08/12/2025","date_ts":1765152000000,"profit_abs":0.0,"wins":0,"draws":3,"losses":0,"trades":3,"profit_factor":0.0},{"date":"15/12/2025","date_ts":1765756800000,"profit_abs":0.0,"wins":0,"draws":1,"losses":0,"trades":1,"profit_factor":0.0},{"date":"22/12/2025","date_ts":1766361600000,"profit_abs":6.20562733,"wins":1,"draws":0,"losses":0,"trades":1,"profit_factor":0.0},{"date":"29/12/2025","date_ts":1766966400000,"profit_abs":0.0,"wins":0,"draws":0,"losses":0,"trades":0,"profit_factor":0.0},{"date":"05/01/2026","date_ts":1767571200000,"profit_abs":7.85352634,"wins":2,"draws":0,"losses":0,"trades":2,"profit_factor":0.0}],"month":[{"date":"31/10/2025","date_ts":1761868800000,"profit_abs":6.3539947,"wins":3,"draws":4,"losses":0,"trades":7,"profit_factor":0.0},{"date":"30/11/2025","date_ts":1764460800000,"profit_abs":-24.36201477,"wins":4,"draws":2,"losses":2,"trades":8,"profit_factor":0.28726321},{"date":"31/12/2025","date_ts":1767139200000,"profit_abs":6.20562733,"wins":1,"draws":4,"losses":0,"trades":5,"profit_factor":0.0},{"date":"31/01/2026","date_ts":1769817600000,"profit_abs":7.85352634,"wins":2,"draws":0,"losses":0,"trades":2,"profit_factor":0.0}],"year":[{"date":"31/12/2025","date_ts":1767139200000,"profit_abs":-11.80239274,"wins":8,"draws":10,"losses":2,"trades":20,"profit_factor":0.65470838},{"date":"31/12/2026","date_ts":1798675200000,"profit_abs":7.85352634,"wins":2,"draws":0,"losses":0,"trades":2,"profit_factor":0.0}],"weekday":[{"date":"Monday","date_ts":0,"profit_abs":0.0,"wins":0,"draws":1,"losses":0,"trades":1,"profit_factor":0.0},{"date":"Tuesday","date_ts":1,"profit_abs":-6.8329924,"wins":2,"draws":2,"losses":1,"trades":5,"profit_factor":0.60340141},{"date":"Wednesday","date_ts":2,"profit_abs":-12.87999801,"wins":1,"draws":2,"losses":1,"trades":4,"profit_factor":0.24020569},{"date":"Thursday","date_ts":3,"profit_abs":4.99464188,"wins":2,"draws":1,"losses":0,"trades":3,"profit_factor":0.0},{"date":"Friday","date_ts":4,"profit_abs":3.24784049,"wins":2,"draws":3,"losses":0,"trades":5,"profit_factor":0.0},{"date":"Saturday","date_ts":5,"profit_abs":4.40652384,"wins":2,"draws":1,"losses":0,"trades":3,"profit_factor":0.0},{"date":"Sunday","date_ts":6,"profit_abs":3.1151178,"wins":1,"draws":0,"losses":0,"trades":1,"profit_factor":0.0}]},"backtest_best_day":0.019133972364407486,"backtest_worst_day":-0.05188588944095553,"backtest_best_day_abs":6.20562733,"backtest_worst_day_abs":-17.228988,"winning_days":10,"draw_days":77,"losing_days":2,"daily_profit":[["2025-10-08",4.07195586],["2025-10-09",0.0],["2025-10-10",0.0],["2025-10-11",2.0258055],["2025-10-12",0.0],["2025-10-13",0.0],["2025-10-14",0.0],["2025-10-15",0.0],["2025-10-16",0.0],["2025-10-17",0.0],["2025-10-18",0.0],["2025-10-19",0.0],["2025-10-20",0.0],["2025-10-21",0.0],["2025-10-22",0.0],["2025-10-23",0.25623334],["2025-10-24",0.0],["2025-10-25",0.0],["2025-10-26",0.0],["2025-10-27",0.0],["2025-10-28",0.0],["2025-10-29",0.0],["2025-10-30",0.0],["2025-10-31",0.0],["2025-11-01",0.0],["2025-11-02",0.0],["2025-11-03",0.0],["2025-11-04",-17.228988],["2025-11-05",-16.95195387],["2025-11-06",0.0],["2025-11-07",1.53982661],["2025-11-08",0.0],["2025-11-09",0.0],["2025-11-10",0.0],["2025-11-11",0.0],["2025-11-12",0.0],["2025-11-13",0.0],["2025-11-14",0.0],["2025-11-15",2.38071834],["2025-11-16",0.0],["2025-11-17",0.0],["2025-11-18",4.19036827],["2025-11-19",0.0],["2025-11-20",0.0],["2025-11-21",1.70801388],["2025-11-22",0.0],["2025-11-23",0.0],["2025-11-24",0.0],["2025-11-25",0.0],["2025-11-26",0.0],["2025-11-27",0.0],["2025-11-28",0.0],["2025-11-29",0.0],["2025-11-30",0.0],["2025-12-01",0.0],["2025-12-02",0.0],["2025-12-03",0.0],["2025-12-04",0.0],["2025-12-05",0.0],["2025-12-06",0.0],["2025-12-07",0.0],["2025-12-08",0.0],["2025-12-09",0.0],["2025-12-10",0.0],["2025-12-11",0.0],["2025-12-12",0.0],["2025-12-13",0.0],["2025-12-14",0.0],["2025-12-15",0.0],["2025-12-16",6.20562733],["2025-12-17",0.0],["2025-12-18",0.0],["2025-12-19",0.0],["2025-12-20",0.0],["2025-12-21",0.0],["2025-12-22",0.0],["2025-12-23",0.0],["2025-12-24",0.0],["2025-12-25",0.0],["2025-12-26",0.0],["2025-12-27",0.0],["2025-12-28",0.0],["2025-12-29",0.0],["2025-12-30",0.0],["2025-12-31",0.0],["2026-01-01",4.73840854],["2026-01-02",0.0],["2026-01-03",0.0],["2026-01-04",3.1151178]],"wins":10,"losses":2,"draws":10,"winrate":0.45454545454545453,"holding_avg":"2:11:00","holding_avg_s":7860.0,"winner_holding_min":"0d 02:00","winner_holding_min_s":7200.0,"winner_holding_max":"0d 02:00","winner_holding_max_s":7200.0,"winner_holding_avg":"0d 02:00","winner_holding_avg_s":7200.0,"loser_holding_min":"0d 02:00","loser_holding_min_s":7200.0,"loser_holding_max":"0d 02:00","loser_holding_max_s":7200.0,"loser_holding_avg":"0d 02:00","loser_holding_avg_s":7200.0,"max_consecutive_wins":3,"max_consecutive_losses":6,"max_drawdown_account":0.03396512762906021,"max_relative_drawdown":0.03396512762906021,"max_drawdown_abs":34.180941870000005,"drawdown_start":"2025-10-23 05:00:00","drawdown_start_ts":1761195600000.0,"drawdown_end":"2025-11-05 01:00:00","drawdown_end_ts":1762304400000.0,"drawdown_duration":"12 days 20:00:00","drawdown_duration_s":1108800.0,"max_drawdown_low":-27.826947170000004,"max_drawdown_high":6.353994699999999,"csum_min":972.17305283,"csum_max":1006.3539947}},"strategy_comparison":[{"key":"ACO_44_6","trades":22,"profit_mean":-0.000495116626401391,"profit_mean_pct":-0.05,"profit_total_abs":-3.9488664,"profit_total":-0.0039488664,"profit_total_pct":-0.39,"duration_avg":"2:11:00","wins":10,"draws":10,"losses":2,"winrate":0.45454545454545453,"cagr":-0.014778265810053925,"expectancy":-0.1794939272727274,"expectancy_ratio":-0.4650480280529603,"sortino":-5.614923683844216,"sharpe":-0.13754602181975648,"calmar":-2.2898861366846175,"sqn":-0.1455,"profit_factor":0.8844716914174372,"max_drawdown_account":0.03396512762906021,"max_drawdown_abs":"34.181"}]}