{"strategy":{"ACO_6_1":{"trades":[{"pair":"DOGE/USDT","stake_amount":329.94274,"max_stake_amount":329.94274,"amount":3617.0,"open_date":"2024-01-02 22:00:00+00:00","close_date":"2024-01-03 00:00:00+00:00","open_rate":0.09122,"close_rate":0.09140262262262261,"fee_open":0.001,"fee_close":0.001,"trade_duration":120,"profit_ratio":0.0,"profit_abs":0.0,"exit_reason":"roi","initial_stop_loss_abs":0.08666,"initial_stop_loss_ratio":-0.05,"stop_loss_abs":0.08666,"stop_loss_ratio":-0.05,"min_rate":0.0909,"max_rate":0.0917,"is_open":false,"enter_tag":"","leverage":1.0,"is_short":false,"open_timestamp":1704232800000,"close_timestamp":1704240000000,"orders":[{"amount":3617.0,"safe_price":0.09122,"ft_order_side":"buy","order_filled_timestamp":1704232800000,"ft_is_entry":true,"ft_order_tag":"","cost":330.27268273999994},{"amount":3617.0,"safe_price":0.09140262262262261,"ft_order_side":"sell","order_filled_timestamp":1704240000000,"ft_is_entry":false,"ft_order_tag":"roi","cost":330.9338893120519}],"funding_fees":0.0,"weekday":2},{"pair":"DOGE/USDT","stake_amount":329.94061,"max_stake_amount":329.94061,"amount":3919.0,"open_date":"2024-01-03 13:00:00+00:00","close_date":"2024-01-04 15:00:00+00:00","open_rate":0.08419,"close_rate":0.08435854854854853,"fee_open":0.001,"fee_close":0.001,"trade_duration":1560,"profit_ratio":0.0,"profit_abs":0.0,"exit_reason":"roi","initial_stop_loss_abs":0.07999,"initial_stop_loss_ratio":-0.05,"stop_loss_abs":0.07999,"stop_loss_ratio":-0.05,"min_rate":0.0805,"max_rate":0.08461,"is_open":false,"enter_tag":"","leverage":1.0,"is_short":false,"open_timestamp":1704286800000,"close_timestamp":1704380400000,"orders":[{"amount":3919.0,"safe_price":0.08419,"ft_order_side":"buy","order_filled_timestamp":1704286800000,"ft_is_entry":true,"ft_order_tag":"","cost":330.27055060999993},{"amount":3919.0,"safe_price":0.08435854854854853,"ft_order_side":"sell","order_filled_timestamp":1704380400000,"ft_is_entry":false,"ft_order_tag":"roi","cost":330.9317529135234}],"funding_fees":0.0,"weekday":3},{"pair":"DOGE/USDT","stake_amount":329.98725,"max_stake_amount":329.98725,"amount":4185.0,"open_date":"2024-01-06 07:00:00+00:00","close_date":"2024-01-06 09:00:00+00:00","open_rate":0.07885,"close_rate":0.08062,"fee_open":0.001,"fee_close":0.001,"trade_duration":120,"profit_ratio":0.02040483296031806,"profit_abs":6.74006805,"exit_reason":"roi","initial_stop_loss_abs":0.07491,"initial_stop_loss_ratio":-0.05,"stop_loss_abs":0.07491,"stop_loss_ratio":-0.05,"min_rate":0.07855,"max_rate":0.08071,"is_open":false,"enter_tag":"","leverage":1.0,"is_short":false,"open_timestamp":1704524400000,"close_timestamp":1704531600000,"orders":[{"amount":4185.0,"safe_price":0.07885,"ft_order_side":"buy","order_filled_timestamp":1704524400000,"ft_is_entry":true,"ft_order_tag":"","cost":330.31723725},{"amount":4185.0,"safe_price":0.08062,"ft_order_side":"sell","order_filled_timestamp":1704531600000,"ft_is_entry":false,"ft_order_tag":"roi","cost":337.73209469999995}],"funding_fees":0.0,"weekday":5},{"pair":"DOGE/USDT","stake_amount":332.20244,"max_stake_amount":332.20244,"amount":4276.0,"open_date":"2024-01-07 23:00:00+00:00","close_date":"2024-01-08 01:00:00+00:00","open_rate":0.07769,"close_rate":0.07799,"fee_open":0.001,"fee_close":0.001,"trade_duration":120,"profit_ratio":0.0018557835522695866,"profit_abs":0.61711232,"exit_reason":"roi","initial_stop_loss_abs":0.07381,"initial_stop_loss_ratio":-0.05,"stop_loss_abs":0.07381,"stop_loss_ratio":-0.05,"min_rate":0.07701,"max_rate":0.07897,"is_open":false,"enter_tag":"","leverage":1.0,"is_short":false,"open_timestamp":1704668400000,"close_timestamp":1704675600000,"orders":[{"amount":4276.0,"safe_price":0.07769,"ft_order_side":"buy","order_filled_timestamp":1704668400000,"ft_is_entry":true,"ft_order_tag":"","cost":332.5346424399999},{"amount":4276.0,"safe_price":0.07799,"ft_order_side":"sell","order_filled_timestamp":1704675600000,"ft_is_entry":false,"ft_order_tag":"roi","cost":333.81872524}],"funding_fees":0.0,"weekday":0},{"pair":"DOGE/USDT","stake_amount":332.37948,"max_stake_amount":332.37948,"amount":4258.0,"open_date":"2024-01-08 02:00:00+00:00","close_date":"2024-01-08 03:00:00+00:00","open_rate":0.07806,"close_rate":0.07416,"fee_open":0.001,"fee_close":0.001,"trade_duration":60,"profit_ratio":-0.05185974670986201,"profit_abs":-17.25435276,"exit_reason":"stop_loss","initial_stop_loss_abs":0.07416,"initial_stop_loss_ratio":-0.05,"stop_loss_abs":0.07416,"stop_loss_ratio":-0.05,"min_rate":0.07412,"max_rate":0.07832,"is_open":false,"enter_tag":"","leverage":1.0,"is_short":false,"open_timestamp":1704679200000,"close_timestamp":1704682800000,"orders":[{"amount":4258.0,"safe_price":0.07806,"ft_order_side":"buy","order_filled_timestamp":1704679200000,"ft_is_entry":true,"ft_order_tag":"","cost":332.71185948},{"amount":4258.0,"safe_price":0.07416,"ft_order_side":"sell","order_filled_timestamp":1704682800000,"ft_is_entry":false,"ft_order_tag":"stop_loss","cost":316.08905328}],"funding_fees":0.0,"weekday":0},{"pair":"DOGE/USDT","stake_amount":326.72679,"max_stake_amount":326.72679,"amount":4303.0,"open_date":"2024-01-08 04:00:00+00:00","close_date":"2024-01-08 06:00:00+00:00","open_rate":0.07593,"close_rate":0.07729,"fee_open":0.001,"fee_close":0.001,"trade_duration":120,"profit_ratio":0.015877445351961353,"profit_abs":5.19277434,"exit_reason":"roi","initial_stop_loss_abs":0.07214,"initial_stop_loss_ratio":-0.05,"stop_loss_abs":0.07214,"stop_loss_ratio":-0.05,"min_rate":0.07557,"max_rate":0.07865,"is_open":false,"enter_tag":"","leverage":1.0,"is_short":false,"open_timestamp":1704686400000,"close_timestamp":1704693600000,"orders":[{"amount":4303.0,"safe_price":0.07593,"ft_order_side":"buy","order_filled_timestamp":1704686400000,"ft_is_entry":true,"ft_order_tag":"","cost":327.05351678999995},{"amount":4303.0,"safe_price":0.07729,"ft_order_side":"sell","order_filled_timestamp":1704693600000,"ft_is_entry":false,"ft_order_tag":"roi","cost":332.91144886999996}],"funding_fees":0.0,"weekday":0},{"pair":"DOGE/USDT","stake_amount":328.3749,"max_stake_amount":328.3749,"amount":4230.0,"open_date":"2024-01-08 08:00:00+00:00","close_date":"2024-01-08 10:00:00+00:00","open_rate":0.07763,"close_rate":0.07778541541541542,"fee_open":0.001,"fee_close":0.001,"trade_duration":120,"profit_ratio":0.0,"profit_abs":0.0,"exit_reason":"roi","initial_stop_loss_abs":0.07375,"initial_stop_loss_ratio":-0.05,"stop_loss_abs":0.07375,"stop_loss_ratio":-0.05,"min_rate":0.07684,"max_rate":0.0783,"is_open":false,"enter_tag":"","leverage":1.0,"is_short":false,"open_timestamp":1704700800000,"close_timestamp":1704708000000,"orders":[{"amount":4230.0,"safe_price":0.07763,"ft_order_side":"buy","order_filled_timestamp":1704700800000,"ft_is_entry":true,"ft_order_tag":"","cost":328.7032749},{"amount":4230.0,"safe_price":0.07778541541541542,"ft_order_side":"sell","order_filled_timestamp":1704708000000,"ft_is_entry":false,"ft_order_tag":"roi","cost":329.3613395144144}],"funding_fees":0.0,"weekday":0},{"pair":"DOGE/USDT","stake_amount":328.39065,"max_stake_amount":328.39065,"amount":4215.0,"open_date":"2024-01-08 11:00:00+00:00","close_date":"2024-01-08 13:00:00+00:00","open_rate":0.07791,"close_rate":0.07878,"fee_open":0.001,"fee_close":0.001,"trade_duration":120,"profit_ratio":0.009146417694742684,"profit_abs":3.00660165,"exit_reason":"roi","initial_stop_loss_abs":0.07402,"initial_stop_loss_ratio":-0.05,"stop_loss_abs":0.07402,"stop_loss_ratio":-0.05,"min_rate":0.0776,"max_rate":0.07915,"is_open":false,"enter_tag":"","leverage":1.0,"is_short":false,"open_timestamp":1704711600000,"close_timestamp":1704718800000,"orders":[{"amount":4215.0,"safe_price":0.07791,"ft_order_side":"buy","order_filled_timestamp":1704711600000,"ft_is_entry":true,"ft_order_tag":"","cost":328.71904064999995},{"amount":4215.0,"safe_price":0.07878,"ft_order_side":"sell","order_filled_timestamp":1704718800000,"ft_is_entry":false,"ft_order_tag":"roi","cost":332.38975769999996}],"funding_fees":0.0,"weekday":0},{"pair":"DOGE/USDT","stake_amount":329.40201,"max_stake_amount":329.40201,"amount":4263.0,"open_date":"2024-01-09 13:00:00+00:00","close_date":"2024-01-09 15:00:00+00:00","open_rate":0.07727,"close_rate":0.07754,"fee_open":0.001,"fee_close":0.001,"trade_duration":120,"profit_ratio":0.0014892574747628455,"profit_abs":0.49105497,"exit_reason":"roi","initial_stop_loss_abs":0.07341,"initial_stop_loss_ratio":-0.05,"stop_loss_abs":0.07341,"stop_loss_ratio":-0.05,"min_rate":0.07715,"max_rate":0.079,"is_open":false,"enter_tag":"","leverage":1.0,"is_short":false,"open_timestamp":1704805200000,"close_timestamp":1704812400000,"orders":[{"amount":4263.0,"safe_price":0.07727,"ft_order_side":"buy","order_filled_timestamp":1704805200000,"ft_is_entry":true,"ft_order_tag":"","cost":329.73141201},{"amount":4263.0,"safe_price":0.07754,"ft_order_side":"sell","order_filled_timestamp":1704812400000,"ft_is_entry":false,"ft_order_tag":"roi","cost":330.88357302}],"funding_fees":0.0,"weekday":1},{"pair":"DOGE/USDT","stake_amount":329.56128,"max_stake_amount":329.56128,"amount":3936.0,"open_date":"2024-01-12 05:00:00+00:00","close_date":"2024-01-12 07:00:00+00:00","open_rate":0.08373,"close_rate":0.08462,"fee_open":0.001,"fee_close":0.001,"trade_duration":120,"profit_ratio":0.008610164468279839,"profit_abs":2.8404144,"exit_reason":"roi","initial_stop_loss_abs":0.07955,"initial_stop_loss_ratio":-0.05,"stop_loss_abs":0.07955,"stop_loss_ratio":-0.05,"min_rate":0.08369,"max_rate":0.08499,"is_open":false,"enter_tag":"","leverage":1.0,"is_short":false,"open_timestamp":1705035600000,"close_timestamp":1705042800000,"orders":[{"amount":3936.0,"safe_price":0.08373,"ft_order_side":"buy","order_filled_timestamp":1705035600000,"ft_is_entry":true,"ft_order_tag":"","cost":329.89084127999996},{"amount":3936.0,"safe_price":0.08462,"ft_order_side":"sell","order_filled_timestamp":1705042800000,"ft_is_entry":false,"ft_order_tag":"roi","cost":333.39738431999996}],"funding_fees":0.0,"weekday":4},{"pair":"DOGE/USDT","stake_amount":330.50196,"max_stake_amount":330.50196,"amount":4122.0,"open_date":"2024-01-13 04:00:00+00:00","close_date":"2024-01-13 06:00:00+00:00","open_rate":0.08018,"close_rate":0.08077,"fee_open":0.001,"fee_close":0.001,"trade_duration":120,"profit_ratio":0.005345739319298811,"profit_abs":1.7685441,"exit_reason":"roi","initial_stop_loss_abs":0.07618,"initial_stop_loss_ratio":-0.05,"stop_loss_abs":0.07618,"stop_loss_ratio":-0.05,"min_rate":0.08007,"max_rate":0.08097,"is_open":false,"enter_tag":"","leverage":1.0,"is_short":false,"open_timestamp":1705118400000,"close_timestamp":1705125600000,"orders":[{"amount":4122.0,"safe_price":0.08018,"ft_order_side":"buy","order_filled_timestamp":1705118400000,"ft_is_entry":true,"ft_order_tag":"","cost":330.83246195999993},{"amount":4122.0,"safe_price":0.08077,"ft_order_side":"sell","order_filled_timestamp":1705125600000,"ft_is_entry":false,"ft_order_tag":"roi","cost":333.2668739399999}],"funding_fees":0.0,"weekday":5},{"pair":"DOGE/USDT","stake_amount":331.07857,"max_stake_amount":331.07857,"amount":4097.0,"open_date":"2024-01-15 01:00:00+00:00","close_date":"2024-01-15 03:00:00+00:00","open_rate":0.08081,"close_rate":0.08128,"fee_open":0.001,"fee_close":0.001,"trade_duration":120,"profit_ratio":0.003806489266209598,"profit_abs":1.26150727,"exit_reason":"roi","initial_stop_loss_abs":0.07677,"initial_stop_loss_ratio":-0.05,"stop_loss_abs":0.07677,"stop_loss_ratio":-0.05,"min_rate":0.08038,"max_rate":0.08148,"is_open":false,"enter_tag":"","leverage":1.0,"is_short":false,"open_timestamp":1705280400000,"close_timestamp":1705287600000,"orders":[{"amount":4097.0,"safe_price":0.08081,"ft_order_side":"buy","order_filled_timestamp":1705280400000,"ft_is_entry":true,"ft_order_tag":"","cost":331.40964857},{"amount":4097.0,"safe_price":0.08128,"ft_order_side":"sell","order_filled_timestamp":1705287600000,"ft_is_entry":false,"ft_order_tag":"roi","cost":333.33716416}],"funding_fees":0.0,"weekday":0},{"pair":"DOGE/USDT","stake_amount":331.46325,"max_stake_amount":331.46325,"amount":4115.0,"open_date":"2024-01-17 09:00:00+00:00","close_date":"2024-01-17 11:00:00+00:00","open_rate":0.08055,"close_rate":0.08101,"fee_open":0.001,"fee_close":0.001,"trade_duration":120,"profit_ratio":0.0037013266063545395,"profit_abs":1.2280806,"exit_reason":"roi","initial_stop_loss_abs":0.07653,"initial_stop_loss_ratio":-0.05,"stop_loss_abs":0.07653,"stop_loss_ratio":-0.05,"min_rate":0.0804,"max_rate":0.08115,"is_open":false,"enter_tag":"","leverage":1.0,"is_short":false,"open_timestamp":1705482000000,"close_timestamp":1705489200000,"orders":[{"amount":4115.0,"safe_price":0.08055,"ft_order_side":"buy","order_filled_timestamp":1705482000000,"ft_is_entry":true,"ft_order_tag":"","cost":331.7947132499999},{"amount":4115.0,"safe_price":0.08101,"ft_order_side":"sell","order_filled_timestamp":1705489200000,"ft_is_entry":false,"ft_order_tag":"roi","cost":333.68950615}],"funding_fees":0.0,"weekday":2},{"pair":"DOGE/USDT","stake_amount":331.91424,"max_stake_amount":331.91424,"amount":4116.0,"open_date":"2024-01-17 12:00:00+00:00","close_date":"2024-01-18 07:00:00+00:00","open_rate":0.08064,"close_rate":0.08080144144144144,"fee_open":0.001,"fee_close":0.001,"trade_duration":1140,"profit_ratio":0.0,"profit_abs":0.0,"exit_reason":"roi","initial_stop_loss_abs":0.07661,"initial_stop_loss_ratio":-0.05,"stop_loss_abs":0.07661,"stop_loss_ratio":-0.05,"min_rate":0.07935,"max_rate":0.08087,"is_open":false,"enter_tag":"","leverage":1.0,"is_short":false,"open_timestamp":1705492800000,"close_timestamp":1705561200000,"orders":[{"amount":4116.0,"safe_price":0.08064,"ft_order_side":"buy","order_filled_timestamp":1705492800000,"ft_is_entry":true,"ft_order_tag":"","cost":332.24615423999995},{"amount":4116.0,"safe_price":0.08080144144144144,"ft_order_side":"sell","order_filled_timestamp":1705561200000,"ft_is_entry":false,"ft_order_tag":"roi","cost":332.9113117059459}],"funding_fees":0.0,"weekday":3},{"pair":"DOGE/USDT","stake_amount":331.9365,"max_stake_amount":331.9365,"amount":4242.0,"open_date":"2024-01-18 19:00:00+00:00","close_date":"2024-01-19 09:00:00+00:00","open_rate":0.07825,"close_rate":0.07840665665665665,"fee_open":0.001,"fee_close":0.001,"trade_duration":840,"profit_ratio":0.0,"profit_abs":0.0,"exit_reason":"roi","initial_stop_loss_abs":0.07434,"initial_stop_loss_ratio":-0.05,"stop_loss_abs":0.07434,"stop_loss_ratio":-0.05,"min_rate":0.07641,"max_rate":0.07852,"is_open":false,"enter_tag":"","leverage":1.0,"is_short":false,"open_timestamp":1705604400000,"close_timestamp":1705654800000,"orders":[{"amount":4242.0,"safe_price":0.07825,"ft_order_side":"buy","order_filled_timestamp":1705604400000,"ft_is_entry":true,"ft_order_tag":"","cost":332.2684365},{"amount":4242.0,"safe_price":0.07840665665665665,"ft_order_side":"sell","order_filled_timestamp":1705654800000,"ft_is_entry":false,"ft_order_tag":"roi","cost":332.93363857507507}],"funding_fees":0.0,"weekday":4},{"pair":"DOGE/USDT","stake_amount":331.90456,"max_stake_amount":331.90456,"amount":4381.0,"open_date":"2024-01-19 17:00:00+00:00","close_date":"2024-01-19 19:00:00+00:00","open_rate":0.07576,"close_rate":0.07799,"fee_open":0.001,"fee_close":0.001,"trade_duration":120,"profit_ratio":0.02737824477528807,"profit_abs":9.09605125,"exit_reason":"roi","initial_stop_loss_abs":0.07198,"initial_stop_loss_ratio":-0.05,"stop_loss_abs":0.07198,"stop_loss_ratio":-0.05,"min_rate":0.07559,"max_rate":0.07847,"is_open":false,"enter_tag":"","leverage":1.0,"is_short":false,"open_timestamp":1705683600000,"close_timestamp":1705690800000,"orders":[{"amount":4381.0,"safe_price":0.07576,"ft_order_side":"buy","order_filled_timestamp":1705683600000,"ft_is_entry":true,"ft_order_tag":"","cost":332.2364645599999},{"amount":4381.0,"safe_price":0.07799,"ft_order_side":"sell","order_filled_timestamp":1705690800000,"ft_is_entry":false,"ft_order_tag":"roi","cost":342.01586418999995}],"funding_fees":0.0,"weekday":4},{"pair":"DOGE/USDT","stake_amount":334.90392,"max_stake_amount":334.90392,"amount":4056.0,"open_date":"2024-01-22 05:00:00+00:00","close_date":"2024-01-22 07:00:00+00:00","open_rate":0.08257,"close_rate":0.08389,"fee_open":0.001,"fee_close":0.001,"trade_duration":120,"profit_ratio":0.013956492822909195,"profit_abs":4.67875824,"exit_reason":"roi","initial_stop_loss_abs":0.07845,"initial_stop_loss_ratio":-0.05,"stop_loss_abs":0.07845,"stop_loss_ratio":-0.05,"min_rate":0.08222,"max_rate":0.08415,"is_open":false,"enter_tag":"","leverage":1.0,"is_short":false,"open_timestamp":1705899600000,"close_timestamp":1705906800000,"orders":[{"amount":4056.0,"safe_price":0.08257,"ft_order_side":"buy","order_filled_timestamp":1705899600000,"ft_is_entry":true,"ft_order_tag":"","cost":335.23882392},{"amount":4056.0,"safe_price":0.08389,"ft_order_side":"sell","order_filled_timestamp":1705906800000,"ft_is_entry":false,"ft_order_tag":"roi","cost":340.59809784}],"funding_fees":0.0,"weekday":0},{"pair":"DOGE/USDT","stake_amount":336.44292,"max_stake_amount":336.44292,"amount":4089.0,"open_date":"2024-01-22 11:00:00+00:00","close_date":"2024-01-22 13:00:00+00:00","open_rate":0.08228,"close_rate":0.08404,"fee_open":0.001,"fee_close":0.001,"trade_duration":120,"profit_ratio":0.019349634322896356,"profit_abs":6.51655752,"exit_reason":"roi","initial_stop_loss_abs":0.07817,"initial_stop_loss_ratio":-0.05,"stop_loss_abs":0.07817,"stop_loss_ratio":-0.05,"min_rate":0.08218,"max_rate":0.08462,"is_open":false,"enter_tag":"","leverage":1.0,"is_short":false,"open_timestamp":1705921200000,"close_timestamp":1705928400000,"orders":[{"amount":4089.0,"safe_price":0.08228,"ft_order_side":"buy","order_filled_timestamp":1705921200000,"ft_is_entry":true,"ft_order_tag":"","cost":336.77936292},{"amount":4089.0,"safe_price":0.08404,"ft_order_side":"sell","order_filled_timestamp":1705928400000,"ft_is_entry":false,"ft_order_tag":"roi","cost":343.98319956}],"funding_fees":0.0,"weekday":0},{"pair":"DOGE/USDT","stake_amount":338.61135,"max_stake_amount":338.61135,"amount":4389.0,"open_date":"2024-01-23 10:00:00+00:00","close_date":"2024-01-23 12:00:00+00:00","open_rate":0.07715,"close_rate":0.07732,"fee_open":0.001,"fee_close":0.001,"trade_duration":120,"profit_ratio":0.00020109508119877525,"profit_abs":0.06816117,"exit_reason":"roi","initial_stop_loss_abs":0.0733,"initial_stop_loss_ratio":-0.05,"stop_loss_abs":0.0733,"stop_loss_ratio":-0.05,"min_rate":0.07674,"max_rate":0.0777,"is_open":false,"enter_tag":"","leverage":1.0,"is_short":false,"open_timestamp":1706004000000,"close_timestamp":1706011200000,"orders":[{"amount":4389.0,"safe_price":0.07715,"ft_order_side":"buy","order_filled_timestamp":1706004000000,"ft_is_entry":true,"ft_order_tag":"","cost":338.9499613499999},{"amount":4389.0,"safe_price":0.07732,"ft_order_side":"sell","order_filled_timestamp":1706011200000,"ft_is_entry":false,"ft_order_tag":"roi","cost":339.69683748}],"funding_fees":0.0,"weekday":1},{"pair":"DOGE/USDT","stake_amount":338.63473,"max_stake_amount":338.63473,"amount":4403.0,"open_date":"2024-01-23 15:00:00+00:00","close_date":"2024-01-23 17:00:00+00:00","open_rate":0.07691,"close_rate":0.07743,"fee_open":0.001,"fee_close":0.001,"trade_duration":120,"profit_ratio":0.004749638607394425,"profit_abs":1.61000098,"exit_reason":"roi","initial_stop_loss_abs":0.07307,"initial_stop_loss_ratio":-0.05,"stop_loss_abs":0.07307,"stop_loss_ratio":-0.05,"min_rate":0.07687,"max_rate":0.07786,"is_open":false,"enter_tag":"","leverage":1.0,"is_short":false,"open_timestamp":1706022000000,"close_timestamp":1706029200000,"orders":[{"amount":4403.0,"safe_price":0.07691,"ft_order_side":"buy","order_filled_timestamp":1706022000000,"ft_is_entry":true,"ft_order_tag":"","cost":338.97336473},{"amount":4403.0,"safe_price":0.07743,"ft_order_side":"sell","order_filled_timestamp":1706029200000,"ft_is_entry":false,"ft_order_tag":"roi","cost":341.26521428999996}],"funding_fees":0.0,"weekday":1},{"pair":"DOGE/USDT","stake_amount":339.16366,"max_stake_amount":339.16366,"amount":4378.0,"open_date":"2024-01-23 18:00:00+00:00","close_date":"2024-01-23 22:00:00+00:00","open_rate":0.07747,"close_rate":0.07762509509509509,"fee_open":0.001,"fee_close":0.001,"trade_duration":240,"profit_ratio":0.0,"profit_abs":0.0,"exit_reason":"roi","initial_stop_loss_abs":0.0736,"initial_stop_loss_ratio":-0.05,"stop_loss_abs":0.0736,"stop_loss_ratio":-0.05,"min_rate":0.07637,"max_rate":0.07814,"is_open":false,"enter_tag":"","leverage":1.0,"is_short":false,"open_timestamp":1706032800000,"close_timestamp":1706047200000,"orders":[{"amount":4378.0,"safe_price":0.07747,"ft_order_side":"buy","order_filled_timestamp":1706032800000,"ft_is_entry":true,"ft_order_tag":"","cost":339.50282365999993},{"amount":4378.0,"safe_price":0.07762509509509509,"ft_order_side":"sell","order_filled_timestamp":1706047200000,"ft_is_entry":false,"ft_order_tag":"roi","cost":340.1825089926526}],"funding_fees":0.0,"weekday":1},{"pair":"DOGE/USDT","stake_amount":339.11838,"max_stake_amount":339.11838,"amount":4182.0,"open_date":"2024-01-30 10:00:00+00:00","close_date":"2024-01-30 12:00:00+00:00","open_rate":0.08109,"close_rate":0.08175,"fee_open":0.001,"fee_close":0.001,"trade_duration":120,"profit_ratio":0.006124840753031653,"profit_abs":2.07912312,"exit_reason":"roi","initial_stop_loss_abs":0.07704,"initial_stop_loss_ratio":-0.05,"stop_loss_abs":0.07704,"stop_loss_ratio":-0.05,"min_rate":0.08079,"max_rate":0.08219,"is_open":false,"enter_tag":"","leverage":1.0,"is_short":false,"open_timestamp":1706608800000,"close_timestamp":1706616000000,"orders":[{"amount":4182.0,"safe_price":0.08109,"ft_order_side":"buy","order_filled_timestamp":1706608800000,"ft_is_entry":true,"ft_order_tag":"","cost":339.45749837999995},{"amount":4182.0,"safe_price":0.08175,"ft_order_side":"sell","order_filled_timestamp":1706616000000,"ft_is_entry":false,"ft_order_tag":"roi","cost":342.2203785}],"funding_fees":0.0,"weekday":1},{"pair":"DOGE/USDT","stake_amount":339.85736,"max_stake_amount":339.85736,"amount":4261.0,"open_date":"2024-01-31 08:00:00+00:00","close_date":"2024-01-31 16:00:00+00:00","open_rate":0.07976,"close_rate":0.07991967967967967,"fee_open":0.001,"fee_close":0.001,"trade_duration":480,"profit_ratio":0.0,"profit_abs":0.0,"exit_reason":"roi","initial_stop_loss_abs":0.07578,"initial_stop_loss_ratio":-0.05,"stop_loss_abs":0.07578,"stop_loss_ratio":-0.05,"min_rate":0.07818,"max_rate":0.08001,"is_open":false,"enter_tag":"","leverage":1.0,"is_short":false,"open_timestamp":1706688000000,"close_timestamp":1706716800000,"orders":[{"amount":4261.0,"safe_price":0.07976,"ft_order_side":"buy","order_filled_timestamp":1706688000000,"ft_is_entry":true,"ft_order_tag":"","cost":340.1972173599999},{"amount":4261.0,"safe_price":0.07991967967967967,"ft_order_side":"sell","order_filled_timestamp":1706716800000,"ft_is_entry":false,"ft_order_tag":"roi","cost":340.87829287023015}],"funding_fees":0.0,"weekday":2}],"locks":[],"best_pair":{"key":"DOGE/USDT","trades":23,"profit_mean":0.003919028536828425,"profit_mean_pct":0.39,"profit_total_abs":29.940457219999992,"profit_total":0.02994045721999999,"profit_total_pct":2.99,"duration_avg":"4:37:00","wins":15,"draws":7,"losses":1,"winrate":0.6521739130434783,"cagr":0.4153125501786552,"expectancy":1.3017590095652176,"expectancy_ratio":-0.2289025730732922,"sortino":-100,"sharpe":3.921974894909845,"calmar":107.72784695625968,"sqn":1.2978,"profit_factor":2.7352408193142796,"max_drawdown_account":0.01712833649893932,"max_drawdown_abs":17.25435276},"worst_pair":{"key":"DOGE/USDT","trades":23,"profit_mean":0.003919028536828425,"profit_mean_pct":0.39,"profit_total_abs":29.940457219999992,"profit_total":0.02994045721999999,"profit_total_pct":2.99,"duration_avg":"4:37:00","wins":15,"draws":7,"losses":1,"winrate":0.6521739130434783,"cagr":0.4153125501786552,"expectancy":1.3017590095652176,"expectancy_ratio":-0.2289025730732922,"sortino":-100,"sharpe":3.921974894909845,"calmar":107.72784695625968,"sqn":1.2978,"profit_factor":2.7352408193142796,"max_drawdown_account":0.01712833649893932,"max_drawdown_abs":17.25435276},"results_per_pair":[{"key":"DOGE/USDT","trades":23,"profit_mean":0.003919028536828425,"profit_mean_pct":0.39,"profit_total_abs":29.940457219999992,"profit_total":0.02994045721999999,"profit_total_pct":2.99,"duration_avg":"4:37:00","wins":15,"draws":7,"losses":1,"winrate":0.6521739130434783,"cagr":0.4153125501786552,"expectancy":1.3017590095652176,"expectancy_ratio":-0.2289025730732922,"sortino":-100,"sharpe":3.921974894909845,"calmar":107.72784695625968,"sqn":1.2978,"profit_factor":2.7352408193142796,"max_drawdown_account":0.01712833649893932,"max_drawdown_abs":17.25435276},{"key":"TOTAL","trades":23,"profit_mean":0.003919028536828425,"profit_mean_pct":0.39,"profit_total_abs":29.940457219999992,"profit_total":0.02994045721999999,"profit_total_pct":2.99,"duration_avg":"4:37:00","wins":15,"draws":7,"losses":1,"winrate":0.6521739130434783,"cagr":0.4153125501786552,"expectancy":1.3017590095652176,"expectancy_ratio":-0.2289025730732922,"sortino":-100,"sharpe":3.921974894909845,"calmar":107.72784695625968,"sqn":1.2978,"profit_factor":2.7352408193142796,"max_drawdown_account":0.01712833649893932,"max_drawdown_abs":17.25435276}],"results_per_enter_tag":[{"key":"","trades":23,"profit_mean":0.003919028536828425,"profit_mean_pct":0.39,"profit_total_abs":29.940457219999992,"profit_total":0.02994045721999999,"profit_total_pct":2.99,"duration_avg":"4:37:00","wins":15,"draws":7,"losses":1,"winrate":0.6521739130434783,"cagr":0.4153125501786552,"expectancy":1.3017590095652176,"expectancy_ratio":-0.2289025730732922,"sortino":-100,"sharpe":3.921974894909845,"calmar":107.72784695625968,"sqn":1.2978,"profit_factor":2.7352408193142796,"max_drawdown_account":0.01712833649893932,"max_drawdown_abs":17.25435276},{"key":"TOTAL","trades":23,"profit_mean":0.003919028536828425,"profit_mean_pct":0.39,"profit_total_abs":29.940457219999992,"profit_total":0.02994045721999999,"profit_total_pct":2.99,"duration_avg":"4:37:00","wins":15,"draws":7,"losses":1,"winrate":0.6521739130434783,"cagr":0.4153125501786552,"expectancy":1.3017590095652176,"expectancy_ratio":-0.2289025730732922,"sortino":-100,"sharpe":3.921974894909845,"calmar":107.72784695625968,"sqn":1.2978,"profit_factor":2.7352408193142796,"max_drawdown_account":0.01712833649893932,"max_drawdown_abs":17.25435276}],"exit_reason_summary":[{"key":"roi","trades":22,"profit_mean":0.006454427411677991,"profit_mean_pct":0.65,"profit_total_abs":47.19480998,"profit_total":0.04719480998,"profit_total_pct":4.72,"duration_avg":"4:46:00","wins":15,"draws":7,"losses":0,"winrate":0.6818181818181818,"cagr":0.7211052888161176,"expectancy":2.1452186354545453,"expectancy_ratio":100.0,"sortino":-100,"sharpe":11.171739179953432,"calmar":-100,"sqn":3.7759,"profit_factor":0.0,"max_drawdown_account":0.0,"max_drawdown_abs":0.0},{"key":"stop_loss","trades":1,"profit_mean":-0.05185974670986201,"profit_mean_pct":-5.19,"profit_total_abs":-17.25435276,"profit_total":-0.01725435276,"profit_total_pct":-1.73,"duration_avg":"1:00:00","wins":0,"draws":0,"losses":1,"winrate":0.0,"cagr":-0.1852949862873291,"expectancy":-17.25435276,"expectancy_ratio":-1.0,"sortino":-100,"sharpe":-100,"calmar":-61.628945724331764,"sqn":-100.0,"profit_factor":0.0,"max_drawdown_account":0.01725435275999996,"max_drawdown_abs":17.25435276},{"key":"TOTAL","trades":23,"profit_mean":0.003919028536828425,"profit_mean_pct":0.39,"profit_total_abs":29.940457219999992,"profit_total":0.02994045721999999,"profit_total_pct":2.99,"duration_avg":"4:37:00","wins":15,"draws":7,"losses":1,"winrate":0.6521739130434783,"cagr":0.4153125501786552,"expectancy":1.3017590095652176,"expectancy_ratio":-0.2289025730732922,"sortino":-100,"sharpe":3.921974894909845,"calmar":107.72784695625968,"sqn":1.2978,"profit_factor":2.7352408193142796,"max_drawdown_account":0.01712833649893932,"max_drawdown_abs":17.25435276}],"mix_tag_stats":[{"key":["","roi"],"trades":22,"profit_mean":0.006454427411677991,"profit_mean_pct":0.65,"profit_total_abs":47.19480998,"profit_total":0.04719480998,"profit_total_pct":4.72,"duration_avg":"4:46:00","wins":15,"draws":7,"losses":0,"winrate":0.6818181818181818,"cagr":0.7211052888161176,"expectancy":2.1452186354545453,"expectancy_ratio":100.0,"sortino":-100,"sharpe":11.171739179953432,"calmar":-100,"sqn":3.7759,"profit_factor":0.0,"max_drawdown_account":0.0,"max_drawdown_abs":0.0},{"key":["","stop_loss"],"trades":1,"profit_mean":-0.05185974670986201,"profit_mean_pct":-5.19,"profit_total_abs":-17.25435276,"profit_total":-0.01725435276,"profit_total_pct":-1.73,"duration_avg":"1:00:00","wins":0,"draws":0,"losses":1,"winrate":0.0,"cagr":-0.1852949862873291,"expectancy":-17.25435276,"expectancy_ratio":-1.0,"sortino":-100,"sharpe":-100,"calmar":-61.628945724331764,"sqn":-100.0,"profit_factor":0.0,"max_drawdown_account":0.01725435275999996,"max_drawdown_abs":17.25435276},{"key":"TOTAL","trades":23,"profit_mean":0.003919028536828425,"profit_mean_pct":0.39,"profit_total_abs":29.940457219999992,"profit_total":0.02994045721999999,"profit_total_pct":2.99,"duration_avg":"4:37:00","wins":15,"draws":7,"losses":1,"winrate":0.6521739130434783,"cagr":0.4153125501786552,"expectancy":1.3017590095652176,"expectancy_ratio":-0.2289025730732922,"sortino":-100,"sharpe":3.921974894909845,"calmar":107.72784695625968,"sqn":1.2978,"profit_factor":2.7352408193142796,"max_drawdown_account":0.01712833649893932,"max_drawdown_abs":17.25435276}],"left_open_trades":[{"key":"TOTAL","trades":0,"profit_mean":0.0,"profit_mean_pct":0.0,"profit_total_abs":0.0,"profit_total":0.0,"profit_total_pct":0.0,"duration_avg":"0:00","wins":0,"draws":0,"losses":0,"winrate":0.0,"cagr":0.0,"expectancy":0.0,"expectancy_ratio":100.0,"sortino":0,"sharpe":0,"calmar":0,"sqn":0.0,"profit_factor":0.0,"max_drawdown_account":0.0,"max_drawdown_abs":0.0}],"total_trades":23,"trade_count_long":23,"trade_count_short":0,"total_volume":15365.519896673892,"avg_stake_amount":332.7147630434783,"profit_mean":0.003919028536828425,"profit_median":0.0037013266063545395,"profit_total":0.02994045721999999,"profit_total_long":0.02994045721999999,"profit_total_short":0.0,"profit_total_abs":29.940457219999992,"profit_total_long_abs":29.940457219999992,"profit_total_short_abs":0.0,"cagr":0.4153125501786552,"expectancy":1.3017590095652176,"expectancy_ratio":-0.2289025730732922,"sortino":-100,"sharpe":3.921974894909845,"calmar":107.72784695625968,"sqn":1.2978,"profit_factor":2.7352408193142796,"backtest_start":"2024-01-01 00:00:00","backtest_start_ts":1704067200000,"backtest_end":"2024-02-01 00:00:00","backtest_end_ts":1706745600000,"backtest_days":31,"backtest_run_start_ts":1767735721,"backtest_run_end_ts":1767735721,"trades_per_day":0.74,"market_change":-0.1200044528553935,"pairlist":["DOGE/USDT"],"stake_amount":"unlimited","stake_currency":"USDT","stake_currency_decimals":3,"starting_balance":1000,"dry_run_wallet":1000,"final_balance":1029.94045722,"rejected_signals":0,"timedout_entry_orders":0,"timedout_exit_orders":0,"canceled_trade_entries":0,"canceled_entry_orders":0,"replaced_entry_orders":0,"max_open_trades":1,"max_open_trades_setting":3,"timeframe":"1h","timeframe_detail":"","timerange":"20240101-20240201","enable_protections":false,"strategy_name":"ACO_6_1","freqaimodel":null,"freqai_identifier":null,"stoploss":-0.05,"trailing_stop":false,"trailing_stop_positive":null,"trailing_stop_positive_offset":0.0,"trailing_only_offset_is_reached":false,"use_custom_stoploss":false,"minimal_roi":{"0":0.1,"60":0.05,"120":0.0},"use_exit_signal":true,"exit_profit_only":false,"exit_profit_offset":0.0,"ignore_roi_if_entry_signal":false,"trading_mode":"spot","margin_mode":"","periodic_breakdown":{"day":[{"date":"03/01/2024","date_ts":1704240000000,"profit_abs":0.0,"wins":0,"draws":1,"losses":0,"trades":1,"profit_factor":0.0},{"date":"04/01/2024","date_ts":1704326400000,"profit_abs":0.0,"wins":0,"draws":1,"losses":0,"trades":1,"profit_factor":0.0},{"date":"05/01/2024","date_ts":1704412800000,"profit_abs":0.0,"wins":0,"draws":0,"losses":0,"trades":0,"profit_factor":0.0},{"date":"06/01/2024","date_ts":1704499200000,"profit_abs":6.74006805,"wins":1,"draws":0,"losses":0,"trades":1,"profit_factor":0.0},{"date":"07/01/2024","date_ts":1704585600000,"profit_abs":0.0,"wins":0,"draws":0,"losses":0,"trades":0,"profit_factor":0.0},{"date":"08/01/2024","date_ts":1704672000000,"profit_abs":-8.43786445,"wins":3,"draws":1,"losses":1,"trades":5,"profit_factor":0.51097184},{"date":"09/01/2024","date_ts":1704758400000,"profit_abs":0.49105497,"wins":1,"draws":0,"losses":0,"trades":1,"profit_factor":0.0},{"date":"10/01/2024","date_ts":1704844800000,"profit_abs":0.0,"wins":0,"draws":0,"losses":0,"trades":0,"profit_factor":0.0},{"date":"11/01/2024","date_ts":1704931200000,"profit_abs":0.0,"wins":0,"draws":0,"losses":0,"trades":0,"profit_factor":0.0},{"date":"12/01/2024","date_ts":1705017600000,"profit_abs":2.8404144,"wins":1,"draws":0,"losses":0,"trades":1,"profit_factor":0.0},{"date":"13/01/2024","date_ts":1705104000000,"profit_abs":1.7685441,"wins":1,"draws":0,"losses":0,"trades":1,"profit_factor":0.0},{"date":"14/01/2024","date_ts":1705190400000,"profit_abs":0.0,"wins":0,"draws":0,"losses":0,"trades":0,"profit_factor":0.0},{"date":"15/01/2024","date_ts":1705276800000,"profit_abs":1.26150727,"wins":1,"draws":0,"losses":0,"trades":1,"profit_factor":0.0},{"date":"16/01/2024","date_ts":1705363200000,"profit_abs":0.0,"wins":0,"draws":0,"losses":0,"trades":0,"profit_factor":0.0},{"date":"17/01/2024","date_ts":1705449600000,"profit_abs":1.2280806,"wins":1,"draws":0,"losses":0,"trades":1,"profit_factor":0.0},{"date":"18/01/2024","date_ts":1705536000000,"profit_abs":0.0,"wins":0,"draws":1,"losses":0,"trades":1,"profit_factor":0.0},{"date":"19/01/2024","date_ts":1705622400000,"profit_abs":9.09605125,"wins":1,"draws":1,"losses":0,"trades":2,"profit_factor":0.0},{"date":"20/01/2024","date_ts":1705708800000,"profit_abs":0.0,"wins":0,"draws":0,"losses":0,"trades":0,"profit_factor":0.0},{"date":"21/01/2024","date_ts":1705795200000,"profit_abs":0.0,"wins":0,"draws":0,"losses":0,"trades":0,"profit_factor":0.0},{"date":"22/01/2024","date_ts":1705881600000,"profit_abs":11.19531576,"wins":2,"draws":0,"losses":0,"trades":2,"profit_factor":0.0},{"date":"23/01/2024","date_ts":1705968000000,"profit_abs":1.67816215,"wins":2,"draws":1,"losses":0,"trades":3,"profit_factor":0.0},{"date":"24/01/2024","date_ts":1706054400000,"profit_abs":0.0,"wins":0,"draws":0,"losses":0,"trades":0,"profit_factor":0.0},{"date":"25/01/2024","date_ts":1706140800000,"profit_abs":0.0,"wins":0,"draws":0,"losses":0,"trades":0,"profit_factor":0.0},{"date":"26/01/2024","date_ts":1706227200000,"profit_abs":0.0,"wins":0,"draws":0,"losses":0,"trades":0,"profit_factor":0.0},{"date":"27/01/2024","date_ts":1706313600000,"profit_abs":0.0,"wins":0,"draws":0,"losses":0,"trades":0,"profit_factor":0.0},{"date":"28/01/2024","date_ts":1706400000000,"profit_abs":0.0,"wins":0,"draws":0,"losses":0,"trades":0,"profit_factor":0.0},{"date":"29/01/2024","date_ts":1706486400000,"profit_abs":0.0,"wins":0,"draws":0,"losses":0,"trades":0,"profit_factor":0.0},{"date":"30/01/2024","date_ts":1706572800000,"profit_abs":2.07912312,"wins":1,"draws":0,"losses":0,"trades":1,"profit_factor":0.0},{"date":"31/01/2024","date_ts":1706659200000,"profit_abs":0.0,"wins":0,"draws":1,"losses":0,"trades":1,"profit_factor":0.0}],"week":[{"date":"08/01/2024","date_ts":1704672000000,"profit_abs":-1.6977964,"wins":4,"draws":3,"losses":1,"trades":8,"profit_factor":0.90160185},{"date":"15/01/2024","date_ts":1705276800000,"profit_abs":6.36152074,"wins":4,"draws":0,"losses":0,"trades":4,"profit_factor":0.0},{"date":"22/01/2024","date_ts":1705881600000,"profit_abs":21.51944761,"wins":4,"draws":2,"losses":0,"trades":6,"profit_factor":0.0},{"date":"29/01/2024","date_ts":1706486400000,"profit_abs":1.67816215,"wins":2,"draws":1,"losses":0,"trades":3,"profit_factor":0.0},{"date":"05/02/2024","date_ts":1707091200000,"profit_abs":2.07912312,"wins":1,"draws":1,"losses":0,"trades":2,"profit_factor":0.0}],"month":[{"date":"31/01/2024","date_ts":1706659200000,"profit_abs":29.94045722,"wins":15,"draws":7,"losses":1,"trades":23,"profit_factor":2.73524082}],"year":[{"date":"31/12/2024","date_ts":1735603200000,"profit_abs":29.94045722,"wins":15,"draws":7,"losses":1,"trades":23,"profit_factor":2.73524082}],"weekday":[{"date":"Monday","date_ts":0,"profit_abs":4.01895858,"wins":6,"draws":1,"losses":1,"trades":8,"profit_factor":1.23292433},{"date":"Tuesday","date_ts":1,"profit_abs":4.24834024,"wins":4,"draws":1,"losses":0,"trades":5,"profit_factor":0.0},{"date":"Wednesday","date_ts":2,"profit_abs":1.2280806,"wins":1,"draws":2,"losses":0,"trades":3,"profit_factor":0.0},{"date":"Thursday","date_ts":3,"profit_abs":0.0,"wins":0,"draws":2,"losses":0,"trades":2,"profit_factor":0.0},{"date":"Friday","date_ts":4,"profit_abs":11.93646565,"wins":2,"draws":1,"losses":0,"trades":3,"profit_factor":0.0},{"date":"Saturday","date_ts":5,"profit_abs":8.50861215,"wins":2,"draws":0,"losses":0,"trades":2,"profit_factor":0.0}]},"backtest_best_day":0.03330612714580555,"backtest_worst_day":-0.024980100110888387,"backtest_best_day_abs":11.19531576,"backtest_worst_day_abs":-8.43786445,"winning_days":10,"draw_days":18,"losing_days":1,"daily_profit":[["2024-01-03",0.0],["2024-01-04",0.0],["2024-01-05",0.0],["2024-01-06",6.74006805],["2024-01-07",0.0],["2024-01-08",-8.43786445],["2024-01-09",0.49105497],["2024-01-10",0.0],["2024-01-11",0.0],["2024-01-12",2.8404144],["2024-01-13",1.7685441],["2024-01-14",0.0],["2024-01-15",1.26150727],["2024-01-16",0.0],["2024-01-17",1.2280806],["2024-01-18",0.0],["2024-01-19",9.09605125],["2024-01-20",0.0],["2024-01-21",0.0],["2024-01-22",11.19531576],["2024-01-23",1.67816215],["2024-01-24",0.0],["2024-01-25",0.0],["2024-01-26",0.0],["2024-01-27",0.0],["2024-01-28",0.0],["2024-01-29",0.0],["2024-01-30",2.07912312],["2024-01-31",0.0]],"wins":15,"losses":1,"draws":7,"winrate":0.6521739130434783,"holding_avg":"4:37:00","holding_avg_s":16620.0,"winner_holding_min":"0d 02:00","winner_holding_min_s":7200.0,"winner_holding_max":"0d 02:00","winner_holding_max_s":7200.0,"winner_holding_avg":"0d 02:00","winner_holding_avg_s":7200.0,"loser_holding_min":"0d 01:00","loser_holding_min_s":3600.0,"loser_holding_max":"0d 01:00","loser_holding_max_s":3600.0,"loser_holding_avg":"0d 01:00","loser_holding_avg_s":3600.0,"max_consecutive_wins":6,"max_consecutive_losses":2,"max_drawdown_account":0.01712833649893932,"max_relative_drawdown":0.01712833649893932,"max_drawdown_abs":17.25435276,"drawdown_start":"2024-01-08 01:00:00","drawdown_start_ts":1704675600000.0,"drawdown_end":"2024-01-08 03:00:00","drawdown_end_ts":1704682800000.0,"drawdown_duration":"0 days 02:00:00","drawdown_duration_s":7200.0,"max_drawdown_low":-9.89717239,"max_drawdown_high":7.35718037,"csum_min":990.10282761,"csum_max":1029.94045722}},"strategy_comparison":[{"key":"ACO_6_1","trades":23,"profit_mean":0.003919028536828425,"profit_mean_pct":0.39,"profit_total_abs":29.940457219999992,"profit_total":0.02994045721999999,"profit_total_pct":2.99,"duration_avg":"4:37:00","wins":15,"draws":7,"losses":1,"winrate":0.6521739130434783,"cagr":0.4153125501786552,"expectancy":1.3017590095652176,"expectancy_ratio":-0.2289025730732922,"sortino":-100,"sharpe":3.921974894909845,"calmar":107.72784695625968,"sqn":1.2978,"profit_factor":2.7352408193142796,"max_drawdown_account":0.01712833649893932,"max_drawdown_abs":"17.254"}]}