{"strategy":{"ACO_20_9":{"trades":[{"pair":"DOGE/USDT","stake_amount":329.86071,"max_stake_amount":329.86071,"amount":1311.0,"open_date":"2025-10-02 15:00:00+00:00","close_date":"2025-10-02 17:00:00+00:00","open_rate":0.25161,"close_rate":0.25588,"fee_open":0.001,"fee_close":0.001,"trade_duration":120,"profit_ratio":0.014938799128616703,"profit_abs":4.93265061,"exit_reason":"roi","initial_stop_loss_abs":0.23903,"initial_stop_loss_ratio":-0.05,"stop_loss_abs":0.23903,"stop_loss_ratio":-0.05,"min_rate":0.25079,"max_rate":0.2578,"is_open":false,"enter_tag":"","leverage":1.0,"is_short":false,"open_timestamp":1759417200000,"close_timestamp":1759424400000,"orders":[{"amount":1311.0,"safe_price":0.25161,"ft_order_side":"buy","order_filled_timestamp":1759417200000,"ft_is_entry":true,"ft_order_tag":"","cost":330.19057071},{"amount":1311.0,"safe_price":0.25588,"ft_order_side":"sell","order_filled_timestamp":1759424400000,"ft_is_entry":false,"ft_order_tag":"roi","cost":335.79413868}],"funding_fees":0.0,"weekday":3},{"pair":"DOGE/USDT","stake_amount":331.50298,"max_stake_amount":331.50298,"amount":1291.0,"open_date":"2025-10-03 02:00:00+00:00","close_date":"2025-10-03 04:00:00+00:00","open_rate":0.25678,"close_rate":0.25925,"fee_open":0.001,"fee_close":0.001,"trade_duration":120,"profit_ratio":0.007601908178277054,"profit_abs":2.52257527,"exit_reason":"roi","initial_stop_loss_abs":0.24395,"initial_stop_loss_ratio":-0.05,"stop_loss_abs":0.24395,"stop_loss_ratio":-0.05,"min_rate":0.25664,"max_rate":0.26155,"is_open":false,"enter_tag":"","leverage":1.0,"is_short":false,"open_timestamp":1759456800000,"close_timestamp":1759464000000,"orders":[{"amount":1291.0,"safe_price":0.25678,"ft_order_side":"buy","order_filled_timestamp":1759456800000,"ft_is_entry":true,"ft_order_tag":"","cost":331.83448298},{"amount":1291.0,"safe_price":0.25925,"ft_order_side":"sell","order_filled_timestamp":1759464000000,"ft_is_entry":false,"ft_order_tag":"roi","cost":335.02644174999995}],"funding_fees":0.0,"weekday":4},{"pair":"DOGE/USDT","stake_amount":332.29049,"max_stake_amount":332.29049,"amount":1291.0,"open_date":"2025-10-03 06:00:00+00:00","close_date":"2025-10-03 13:00:00+00:00","open_rate":0.25739,"close_rate":0.25790529529529527,"fee_open":0.001,"fee_close":0.001,"trade_duration":420,"profit_ratio":0.0,"profit_abs":0.0,"exit_reason":"roi","initial_stop_loss_abs":0.24453,"initial_stop_loss_ratio":-0.05,"stop_loss_abs":0.24453,"stop_loss_ratio":-0.05,"min_rate":0.25361,"max_rate":0.25793,"is_open":false,"enter_tag":"","leverage":1.0,"is_short":false,"open_timestamp":1759471200000,"close_timestamp":1759496400000,"orders":[{"amount":1291.0,"safe_price":0.25739,"ft_order_side":"buy","order_filled_timestamp":1759471200000,"ft_is_entry":true,"ft_order_tag":"","cost":332.62278049},{"amount":1291.0,"safe_price":0.25790529529529527,"ft_order_side":"sell","order_filled_timestamp":1759496400000,"ft_is_entry":false,"ft_order_tag":"roi","cost":333.2886919624524}],"funding_fees":0.0,"weekday":4},{"pair":"DOGE/USDT","stake_amount":332.20932,"max_stake_amount":332.20932,"amount":1284.0,"open_date":"2025-10-05 12:00:00+00:00","close_date":"2025-10-06 10:00:00+00:00","open_rate":0.25873,"close_rate":0.259247977977978,"fee_open":0.001,"fee_close":0.001,"trade_duration":1320,"profit_ratio":0.0,"profit_abs":0.0,"exit_reason":"roi","initial_stop_loss_abs":0.2458,"initial_stop_loss_ratio":-0.05,"stop_loss_abs":0.2458,"stop_loss_ratio":-0.05,"min_rate":0.25057,"max_rate":0.2593,"is_open":false,"enter_tag":"","leverage":1.0,"is_short":false,"open_timestamp":1759665600000,"close_timestamp":1759744800000,"orders":[{"amount":1284.0,"safe_price":0.25873,"ft_order_side":"buy","order_filled_timestamp":1759665600000,"ft_is_entry":true,"ft_order_tag":"","cost":332.54152932},{"amount":1284.0,"safe_price":0.259247977977978,"ft_order_side":"sell","order_filled_timestamp":1759744800000,"ft_is_entry":false,"ft_order_tag":"roi","cost":333.2072781274474}],"funding_fees":0.0,"weekday":0},{"pair":"DOGE/USDT","stake_amount":332.28396,"max_stake_amount":332.28396,"amount":1249.0,"open_date":"2025-10-07 00:00:00+00:00","close_date":"2025-10-07 02:00:00+00:00","open_rate":0.26604,"close_rate":0.26657261261261256,"fee_open":0.001,"fee_close":0.001,"trade_duration":120,"profit_ratio":0.0,"profit_abs":0.0,"exit_reason":"roi","initial_stop_loss_abs":0.25274,"initial_stop_loss_ratio":-0.05,"stop_loss_abs":0.25274,"stop_loss_ratio":-0.05,"min_rate":0.26416,"max_rate":0.26796,"is_open":false,"enter_tag":"","leverage":1.0,"is_short":false,"open_timestamp":1759795200000,"close_timestamp":1759802400000,"orders":[{"amount":1249.0,"safe_price":0.26604,"ft_order_side":"buy","order_filled_timestamp":1759795200000,"ft_is_entry":true,"ft_order_tag":"","cost":332.61624395999996},{"amount":1249.0,"safe_price":0.26657261261261256,"ft_order_side":"sell","order_filled_timestamp":1759802400000,"ft_is_entry":false,"ft_order_tag":"roi","cost":333.2821423463062}],"funding_fees":0.0,"weekday":1},{"pair":"DOGE/USDT","stake_amount":332.26753,"max_stake_amount":332.26753,"amount":1327.0,"open_date":"2025-10-07 18:00:00+00:00","close_date":"2025-10-07 20:00:00+00:00","open_rate":0.25039,"close_rate":0.2508912812812813,"fee_open":0.001,"fee_close":0.001,"trade_duration":120,"profit_ratio":0.0,"profit_abs":0.0,"exit_reason":"roi","initial_stop_loss_abs":0.23788,"initial_stop_loss_ratio":-0.05,"stop_loss_abs":0.23788,"stop_loss_ratio":-0.05,"min_rate":0.24791,"max_rate":0.25214,"is_open":false,"enter_tag":"","leverage":1.0,"is_short":false,"open_timestamp":1759860000000,"close_timestamp":1759867200000,"orders":[{"amount":1327.0,"safe_price":0.25039,"ft_order_side":"buy","order_filled_timestamp":1759860000000,"ft_is_entry":true,"ft_order_tag":"","cost":332.59979753},{"amount":1327.0,"safe_price":0.2508912812812813,"ft_order_side":"sell","order_filled_timestamp":1759867200000,"ft_is_entry":false,"ft_order_tag":"roi","cost":333.26566299052047}],"funding_fees":0.0,"weekday":1},{"pair":"DOGE/USDT","stake_amount":332.36401,"max_stake_amount":332.36401,"amount":1331.0,"open_date":"2025-10-07 22:00:00+00:00","close_date":"2025-10-08 01:00:00+00:00","open_rate":0.24971,"close_rate":0.2502099199199199,"fee_open":0.001,"fee_close":0.001,"trade_duration":180,"profit_ratio":0.0,"profit_abs":0.0,"exit_reason":"roi","initial_stop_loss_abs":0.23723,"initial_stop_loss_ratio":-0.05,"stop_loss_abs":0.23723,"stop_loss_ratio":-0.05,"min_rate":0.24622,"max_rate":0.25061,"is_open":false,"enter_tag":"","leverage":1.0,"is_short":false,"open_timestamp":1759874400000,"close_timestamp":1759885200000,"orders":[{"amount":1331.0,"safe_price":0.24971,"ft_order_side":"buy","order_filled_timestamp":1759874400000,"ft_is_entry":true,"ft_order_tag":"","cost":332.69637400999994},{"amount":1331.0,"safe_price":0.2502099199199199,"ft_order_side":"sell","order_filled_timestamp":1759885200000,"ft_is_entry":false,"ft_order_tag":"roi","cost":333.3624328168268}],"funding_fees":0.0,"weekday":2},{"pair":"DOGE/USDT","stake_amount":332.35692,"max_stake_amount":332.35692,"amount":1358.0,"open_date":"2025-10-08 04:00:00+00:00","close_date":"2025-10-08 06:00:00+00:00","open_rate":0.24474,"close_rate":0.24538,"fee_open":0.001,"fee_close":0.001,"trade_duration":120,"profit_ratio":0.0006117932080177728,"profit_abs":0.20353704,"exit_reason":"roi","initial_stop_loss_abs":0.23251,"initial_stop_loss_ratio":-0.05,"stop_loss_abs":0.23251,"stop_loss_ratio":-0.05,"min_rate":0.24291,"max_rate":0.24706,"is_open":false,"enter_tag":"","leverage":1.0,"is_short":false,"open_timestamp":1759896000000,"close_timestamp":1759903200000,"orders":[{"amount":1358.0,"safe_price":0.24474,"ft_order_side":"buy","order_filled_timestamp":1759896000000,"ft_is_entry":true,"ft_order_tag":"","cost":332.68927691999994},{"amount":1358.0,"safe_price":0.24538,"ft_order_side":"sell","order_filled_timestamp":1759903200000,"ft_is_entry":false,"ft_order_tag":"roi","cost":333.5592660399999}],"funding_fees":0.0,"weekday":2},{"pair":"DOGE/USDT","stake_amount":332.345,"max_stake_amount":332.345,"amount":1300.0,"open_date":"2025-10-09 00:00:00+00:00","close_date":"2025-10-09 14:00:00+00:00","open_rate":0.25565,"close_rate":0.24287,"fee_open":0.001,"fee_close":0.001,"trade_duration":840,"profit_ratio":-0.051888342441833546,"profit_abs":-17.262076,"exit_reason":"stop_loss","initial_stop_loss_abs":0.24287,"initial_stop_loss_ratio":-0.05,"stop_loss_abs":0.24287,"stop_loss_ratio":-0.05,"min_rate":0.24228,"max_rate":0.25593,"is_open":false,"enter_tag":"","leverage":1.0,"is_short":false,"open_timestamp":1759968000000,"close_timestamp":1760018400000,"orders":[{"amount":1300.0,"safe_price":0.25565,"ft_order_side":"buy","order_filled_timestamp":1759968000000,"ft_is_entry":true,"ft_order_tag":"","cost":332.67734499999995},{"amount":1300.0,"safe_price":0.24287,"ft_order_side":"sell","order_filled_timestamp":1760018400000,"ft_is_entry":false,"ft_order_tag":"stop_loss","cost":316.04673099999997}],"funding_fees":0.0,"weekday":3},{"pair":"DOGE/USDT","stake_amount":326.80996,"max_stake_amount":326.80996,"amount":1772.0,"open_date":"2025-10-11 20:00:00+00:00","close_date":"2025-10-11 22:00:00+00:00","open_rate":0.18443,"close_rate":0.18479922922922923,"fee_open":0.001,"fee_close":0.001,"trade_duration":120,"profit_ratio":0.0,"profit_abs":0.0,"exit_reason":"roi","initial_stop_loss_abs":0.17521,"initial_stop_loss_ratio":-0.05,"stop_loss_abs":0.17521,"stop_loss_ratio":-0.05,"min_rate":0.17816,"max_rate":0.18622,"is_open":false,"enter_tag":"","leverage":1.0,"is_short":false,"open_timestamp":1760212800000,"close_timestamp":1760220000000,"orders":[{"amount":1772.0,"safe_price":0.18443,"ft_order_side":"buy","order_filled_timestamp":1760212800000,"ft_is_entry":true,"ft_order_tag":"","cost":327.13676996000004},{"amount":1772.0,"safe_price":0.18479922922922923,"ft_order_side":"sell","order_filled_timestamp":1760220000000,"ft_is_entry":false,"ft_order_tag":"roi","cost":327.7916984283884}],"funding_fees":0.0,"weekday":5},{"pair":"DOGE/USDT","stake_amount":326.73616,"max_stake_amount":326.73616,"amount":1748.0,"open_date":"2025-10-12 14:00:00+00:00","close_date":"2025-10-12 15:00:00+00:00","open_rate":0.18692,"close_rate":0.19664956956956955,"fee_open":0.001,"fee_close":0.001,"trade_duration":60,"profit_ratio":0.04995004995004996,"profit_abs":16.336808,"exit_reason":"roi","initial_stop_loss_abs":0.17758,"initial_stop_loss_ratio":-0.05,"stop_loss_abs":0.17758,"stop_loss_ratio":-0.05,"min_rate":0.18682,"max_rate":0.20676,"is_open":false,"enter_tag":"","leverage":1.0,"is_short":false,"open_timestamp":1760277600000,"close_timestamp":1760281200000,"orders":[{"amount":1748.0,"safe_price":0.18692,"ft_order_side":"buy","order_filled_timestamp":1760277600000,"ft_is_entry":true,"ft_order_tag":"","cost":327.0628961599999},{"amount":1748.0,"safe_price":0.19664956956956955,"ft_order_side":"sell","order_filled_timestamp":1760281200000,"ft_is_entry":false,"ft_order_tag":"roi","cost":344.08719105521516}],"funding_fees":0.0,"weekday":6},{"pair":"DOGE/USDT","stake_amount":332.06808,"max_stake_amount":332.06808,"amount":1608.0,"open_date":"2025-10-13 01:00:00+00:00","close_date":"2025-10-13 03:00:00+00:00","open_rate":0.20651,"close_rate":0.20886,"fee_open":0.001,"fee_close":0.001,"trade_duration":120,"profit_ratio":0.009358855758545845,"profit_abs":3.11088504,"exit_reason":"roi","initial_stop_loss_abs":0.19619,"initial_stop_loss_ratio":-0.05,"stop_loss_abs":0.19619,"stop_loss_ratio":-0.05,"min_rate":0.20548,"max_rate":0.20999,"is_open":false,"enter_tag":"","leverage":1.0,"is_short":false,"open_timestamp":1760317200000,"close_timestamp":1760324400000,"orders":[{"amount":1608.0,"safe_price":0.20651,"ft_order_side":"buy","order_filled_timestamp":1760317200000,"ft_is_entry":true,"ft_order_tag":"","cost":332.40014807999995},{"amount":1608.0,"safe_price":0.20886,"ft_order_side":"sell","order_filled_timestamp":1760324400000,"ft_is_entry":false,"ft_order_tag":"roi","cost":336.18272687999996}],"funding_fees":0.0,"weekday":0},{"pair":"DOGE/USDT","stake_amount":333.22487,"max_stake_amount":333.22487,"amount":1699.0,"open_date":"2025-10-14 13:00:00+00:00","close_date":"2025-10-14 15:00:00+00:00","open_rate":0.19613,"close_rate":0.19895,"fee_open":0.001,"fee_close":0.001,"trade_duration":120,"profit_ratio":0.012351488821177294,"profit_abs":4.11993908,"exit_reason":"roi","initial_stop_loss_abs":0.18633,"initial_stop_loss_ratio":-0.05,"stop_loss_abs":0.18633,"stop_loss_ratio":-0.05,"min_rate":0.1933,"max_rate":0.20388,"is_open":false,"enter_tag":"","leverage":1.0,"is_short":false,"open_timestamp":1760446800000,"close_timestamp":1760454000000,"orders":[{"amount":1699.0,"safe_price":0.19613,"ft_order_side":"buy","order_filled_timestamp":1760446800000,"ft_is_entry":true,"ft_order_tag":"","cost":333.55809487},{"amount":1699.0,"safe_price":0.19895,"ft_order_side":"sell","order_filled_timestamp":1760454000000,"ft_is_entry":false,"ft_order_tag":"roi","cost":338.35406605}],"funding_fees":0.0,"weekday":1},{"pair":"DOGE/USDT","stake_amount":334.41854,"max_stake_amount":334.41854,"amount":1714.0,"open_date":"2025-10-15 22:00:00+00:00","close_date":"2025-10-16 00:00:00+00:00","open_rate":0.19511,"close_rate":0.19621,"fee_open":0.001,"fee_close":0.001,"trade_duration":120,"profit_ratio":0.003628578893813889,"profit_abs":1.21467752,"exit_reason":"roi","initial_stop_loss_abs":0.18536,"initial_stop_loss_ratio":-0.05,"stop_loss_abs":0.18536,"stop_loss_ratio":-0.05,"min_rate":0.1946,"max_rate":0.19684,"is_open":false,"enter_tag":"","leverage":1.0,"is_short":false,"open_timestamp":1760565600000,"close_timestamp":1760572800000,"orders":[{"amount":1714.0,"safe_price":0.19511,"ft_order_side":"buy","order_filled_timestamp":1760565600000,"ft_is_entry":true,"ft_order_tag":"","cost":334.75295853999995},{"amount":1714.0,"safe_price":0.19621,"ft_order_side":"sell","order_filled_timestamp":1760572800000,"ft_is_entry":false,"ft_order_tag":"roi","cost":336.64024393999995}],"funding_fees":0.0,"weekday":3},{"pair":"DOGE/USDT","stake_amount":334.89456,"max_stake_amount":334.89456,"amount":1768.0,"open_date":"2025-10-16 16:00:00+00:00","close_date":"2025-10-16 18:00:00+00:00","open_rate":0.18942,"close_rate":0.19127,"fee_open":0.001,"fee_close":0.001,"trade_duration":120,"profit_ratio":0.007749140311699702,"profit_abs":2.59774008,"exit_reason":"roi","initial_stop_loss_abs":0.17995,"initial_stop_loss_ratio":-0.05,"stop_loss_abs":0.17995,"stop_loss_ratio":-0.05,"min_rate":0.1875,"max_rate":0.19484,"is_open":false,"enter_tag":"","leverage":1.0,"is_short":false,"open_timestamp":1760630400000,"close_timestamp":1760637600000,"orders":[{"amount":1768.0,"safe_price":0.18942,"ft_order_side":"buy","order_filled_timestamp":1760630400000,"ft_is_entry":true,"ft_order_tag":"","cost":335.22945455999997},{"amount":1768.0,"safe_price":0.19127,"ft_order_side":"sell","order_filled_timestamp":1760637600000,"ft_is_entry":false,"ft_order_tag":"roi","cost":338.5035253599999}],"funding_fees":0.0,"weekday":3},{"pair":"DOGE/USDT","stake_amount":335.67862,"max_stake_amount":335.67862,"amount":1762.0,"open_date":"2025-10-16 19:00:00+00:00","close_date":"2025-10-17 01:00:00+00:00","open_rate":0.19051,"close_rate":0.1908914014014014,"fee_open":0.001,"fee_close":0.001,"trade_duration":360,"profit_ratio":0.0,"profit_abs":0.0,"exit_reason":"roi","initial_stop_loss_abs":0.18099,"initial_stop_loss_ratio":-0.05,"stop_loss_abs":0.18099,"stop_loss_ratio":-0.05,"min_rate":0.18469,"max_rate":0.19114,"is_open":false,"enter_tag":"","leverage":1.0,"is_short":false,"open_timestamp":1760641200000,"close_timestamp":1760662800000,"orders":[{"amount":1762.0,"safe_price":0.19051,"ft_order_side":"buy","order_filled_timestamp":1760641200000,"ft_is_entry":true,"ft_order_tag":"","cost":336.01429862},{"amount":1762.0,"safe_price":0.1908914014014014,"ft_order_side":"sell","order_filled_timestamp":1760662800000,"ft_is_entry":false,"ft_order_tag":"roi","cost":336.68699991853845}],"funding_fees":0.0,"weekday":4},{"pair":"DOGE/USDT","stake_amount":335.8,"max_stake_amount":335.8,"amount":1840.0,"open_date":"2025-10-17 07:00:00+00:00","close_date":"2025-10-17 11:00:00+00:00","open_rate":0.1825,"close_rate":0.18286536536536532,"fee_open":0.001,"fee_close":0.001,"trade_duration":240,"profit_ratio":0.0,"profit_abs":0.0,"exit_reason":"roi","initial_stop_loss_abs":0.17338,"initial_stop_loss_ratio":-0.05,"stop_loss_abs":0.17338,"stop_loss_ratio":-0.05,"min_rate":0.17555,"max_rate":0.184,"is_open":false,"enter_tag":"","leverage":1.0,"is_short":false,"open_timestamp":1760684400000,"close_timestamp":1760698800000,"orders":[{"amount":1840.0,"safe_price":0.1825,"ft_order_side":"buy","order_filled_timestamp":1760684400000,"ft_is_entry":true,"ft_order_tag":"","cost":336.13579999999996},{"amount":1840.0,"safe_price":0.18286536536536532,"ft_order_side":"sell","order_filled_timestamp":1760698800000,"ft_is_entry":false,"ft_order_tag":"roi","cost":336.8087445445445}],"funding_fees":0.0,"weekday":4},{"pair":"DOGE/USDT","stake_amount":335.69318,"max_stake_amount":335.69318,"amount":1663.0,"open_date":"2025-10-26 20:00:00+00:00","close_date":"2025-10-26 22:00:00+00:00","open_rate":0.20186,"close_rate":0.20226412412412412,"fee_open":0.001,"fee_close":0.001,"trade_duration":120,"profit_ratio":0.0,"profit_abs":0.0,"exit_reason":"roi","initial_stop_loss_abs":0.19177,"initial_stop_loss_ratio":-0.05,"stop_loss_abs":0.19177,"stop_loss_ratio":-0.05,"min_rate":0.20031,"max_rate":0.20742,"is_open":false,"enter_tag":"","leverage":1.0,"is_short":false,"open_timestamp":1761508800000,"close_timestamp":1761516000000,"orders":[{"amount":1663.0,"safe_price":0.20186,"ft_order_side":"buy","order_filled_timestamp":1761508800000,"ft_is_entry":true,"ft_order_tag":"","cost":336.02887318},{"amount":1663.0,"safe_price":0.20226412412412412,"ft_order_side":"sell","order_filled_timestamp":1761516000000,"ft_is_entry":false,"ft_order_tag":"roi","cost":336.7016036568368}],"funding_fees":0.0,"weekday":6},{"pair":"DOGE/USDT","stake_amount":335.7445,"max_stake_amount":335.7445,"amount":1645.0,"open_date":"2025-10-27 09:00:00+00:00","close_date":"2025-10-27 16:00:00+00:00","open_rate":0.2041,"close_rate":0.2045086086086086,"fee_open":0.001,"fee_close":0.001,"trade_duration":420,"profit_ratio":0.0,"profit_abs":0.0,"exit_reason":"roi","initial_stop_loss_abs":0.1939,"initial_stop_loss_ratio":-0.05,"stop_loss_abs":0.1939,"stop_loss_ratio":-0.05,"min_rate":0.20053,"max_rate":0.20535,"is_open":false,"enter_tag":"","leverage":1.0,"is_short":false,"open_timestamp":1761555600000,"close_timestamp":1761580800000,"orders":[{"amount":1645.0,"safe_price":0.2041,"ft_order_side":"buy","order_filled_timestamp":1761555600000,"ft_is_entry":true,"ft_order_tag":"","cost":336.0802445},{"amount":1645.0,"safe_price":0.2045086086086086,"ft_order_side":"sell","order_filled_timestamp":1761580800000,"ft_is_entry":false,"ft_order_tag":"roi","cost":336.75307782232227}],"funding_fees":0.0,"weekday":0},{"pair":"DOGE/USDT","stake_amount":335.82276,"max_stake_amount":335.82276,"amount":1742.0,"open_date":"2025-10-28 22:00:00+00:00","close_date":"2025-10-29 00:00:00+00:00","open_rate":0.19278,"close_rate":0.19362,"fee_open":0.001,"fee_close":0.001,"trade_duration":120,"profit_ratio":0.0023505905858847032,"profit_abs":0.7901712,"exit_reason":"roi","initial_stop_loss_abs":0.18315,"initial_stop_loss_ratio":-0.05,"stop_loss_abs":0.18315,"stop_loss_ratio":-0.05,"min_rate":0.19202,"max_rate":0.1942,"is_open":false,"enter_tag":"","leverage":1.0,"is_short":false,"open_timestamp":1761688800000,"close_timestamp":1761696000000,"orders":[{"amount":1742.0,"safe_price":0.19278,"ft_order_side":"buy","order_filled_timestamp":1761688800000,"ft_is_entry":true,"ft_order_tag":"","cost":336.15858276},{"amount":1742.0,"safe_price":0.19362,"ft_order_side":"sell","order_filled_timestamp":1761696000000,"ft_is_entry":false,"ft_order_tag":"roi","cost":337.62332603999994}],"funding_fees":0.0,"weekday":2},{"pair":"DOGE/USDT","stake_amount":336.06175,"max_stake_amount":336.06175,"amount":1739.0,"open_date":"2025-10-29 15:00:00+00:00","close_date":"2025-10-29 17:00:00+00:00","open_rate":0.19325,"close_rate":0.19363688688688688,"fee_open":0.001,"fee_close":0.001,"trade_duration":120,"profit_ratio":0.0,"profit_abs":0.0,"exit_reason":"roi","initial_stop_loss_abs":0.18359,"initial_stop_loss_ratio":-0.05,"stop_loss_abs":0.18359,"stop_loss_ratio":-0.05,"min_rate":0.19022,"max_rate":0.19609,"is_open":false,"enter_tag":"","leverage":1.0,"is_short":false,"open_timestamp":1761750000000,"close_timestamp":1761757200000,"orders":[{"amount":1739.0,"safe_price":0.19325,"ft_order_side":"buy","order_filled_timestamp":1761750000000,"ft_is_entry":true,"ft_order_tag":"","cost":336.39781174999996},{"amount":1739.0,"safe_price":0.19363688688688688,"ft_order_side":"sell","order_filled_timestamp":1761757200000,"ft_is_entry":false,"ft_order_tag":"roi","cost":337.07128084259256}],"funding_fees":0.0,"weekday":2},{"pair":"DOGE/USDT","stake_amount":336.07168,"max_stake_amount":336.07168,"amount":1792.0,"open_date":"2025-10-30 05:00:00+00:00","close_date":"2025-10-30 07:00:00+00:00","open_rate":0.18754,"close_rate":0.1913,"fee_open":0.001,"fee_close":0.001,"trade_duration":120,"profit_ratio":0.018010996148993378,"profit_abs":6.05903872,"exit_reason":"roi","initial_stop_loss_abs":0.17817,"initial_stop_loss_ratio":-0.05,"stop_loss_abs":0.17817,"stop_loss_ratio":-0.05,"min_rate":0.18712,"max_rate":0.19346,"is_open":false,"enter_tag":"","leverage":1.0,"is_short":false,"open_timestamp":1761800400000,"close_timestamp":1761807600000,"orders":[{"amount":1792.0,"safe_price":0.18754,"ft_order_side":"buy","order_filled_timestamp":1761800400000,"ft_is_entry":true,"ft_order_tag":"","cost":336.40775168},{"amount":1792.0,"safe_price":0.1913,"ft_order_side":"sell","order_filled_timestamp":1761807600000,"ft_is_entry":false,"ft_order_tag":"roi","cost":343.15240959999994}],"funding_fees":0.0,"weekday":3},{"pair":"DOGE/USDT","stake_amount":337.95208,"max_stake_amount":337.95208,"amount":1798.0,"open_date":"2025-10-30 12:00:00+00:00","close_date":"2025-10-30 17:00:00+00:00","open_rate":0.18796,"close_rate":0.17857,"fee_open":0.001,"fee_close":0.001,"trade_duration":300,"profit_ratio":-0.05185562469027036,"profit_abs":-17.54224094,"exit_reason":"stop_loss","initial_stop_loss_abs":0.17857,"initial_stop_loss_ratio":-0.05,"stop_loss_abs":0.17857,"stop_loss_ratio":-0.05,"min_rate":0.17822,"max_rate":0.18833,"is_open":false,"enter_tag":"","leverage":1.0,"is_short":false,"open_timestamp":1761825600000,"close_timestamp":1761843600000,"orders":[{"amount":1798.0,"safe_price":0.18796,"ft_order_side":"buy","order_filled_timestamp":1761825600000,"ft_is_entry":true,"ft_order_tag":"","cost":338.29003207999995},{"amount":1798.0,"safe_price":0.17857,"ft_order_side":"sell","order_filled_timestamp":1761843600000,"ft_is_entry":false,"ft_order_tag":"stop_loss","cost":321.38992886}],"funding_fees":0.0,"weekday":3},{"pair":"DOGE/USDT","stake_amount":332.2672,"max_stake_amount":332.2672,"amount":1840.0,"open_date":"2025-10-30 18:00:00+00:00","close_date":"2025-10-30 23:00:00+00:00","open_rate":0.18058,"close_rate":0.1809415215215215,"fee_open":0.001,"fee_close":0.001,"trade_duration":300,"profit_ratio":0.0,"profit_abs":0.0,"exit_reason":"roi","initial_stop_loss_abs":0.17156,"initial_stop_loss_ratio":-0.05,"stop_loss_abs":0.17156,"stop_loss_ratio":-0.05,"min_rate":0.17642,"max_rate":0.18287,"is_open":false,"enter_tag":"","leverage":1.0,"is_short":false,"open_timestamp":1761847200000,"close_timestamp":1761865200000,"orders":[{"amount":1840.0,"safe_price":0.18058,"ft_order_side":"buy","order_filled_timestamp":1761847200000,"ft_is_entry":true,"ft_order_tag":"","cost":332.5994672},{"amount":1840.0,"safe_price":0.1809415215215215,"ft_order_side":"sell","order_filled_timestamp":1761865200000,"ft_is_entry":false,"ft_order_tag":"roi","cost":333.2653319991991}],"funding_fees":0.0,"weekday":3},{"pair":"DOGE/USDT","stake_amount":332.29404,"max_stake_amount":332.29404,"amount":1919.0,"open_date":"2025-11-03 07:00:00+00:00","close_date":"2025-11-03 09:00:00+00:00","open_rate":0.17316,"close_rate":0.1738,"fee_open":0.001,"fee_close":0.001,"trade_duration":120,"profit_ratio":0.0016906170752324597,"profit_abs":0.56234376,"exit_reason":"roi","initial_stop_loss_abs":0.16451,"initial_stop_loss_ratio":-0.05,"stop_loss_abs":0.16451,"stop_loss_ratio":-0.05,"min_rate":0.17236,"max_rate":0.17534,"is_open":false,"enter_tag":"","leverage":1.0,"is_short":false,"open_timestamp":1762153200000,"close_timestamp":1762160400000,"orders":[{"amount":1919.0,"safe_price":0.17316,"ft_order_side":"buy","order_filled_timestamp":1762153200000,"ft_is_entry":true,"ft_order_tag":"","cost":332.62633403999996},{"amount":1919.0,"safe_price":0.1738,"ft_order_side":"sell","order_filled_timestamp":1762160400000,"ft_is_entry":false,"ft_order_tag":"roi","cost":333.85572219999995}],"funding_fees":0.0,"weekday":0},{"pair":"DOGE/USDT","stake_amount":332.486,"max_stake_amount":332.486,"amount":1925.0,"open_date":"2025-11-03 10:00:00+00:00","close_date":"2025-11-03 12:00:00+00:00","open_rate":0.17272,"close_rate":0.17423,"fee_open":0.001,"fee_close":0.001,"trade_duration":120,"profit_ratio":0.006727003890042333,"profit_abs":2.23887125,"exit_reason":"roi","initial_stop_loss_abs":0.16409,"initial_stop_loss_ratio":-0.05,"stop_loss_abs":0.16409,"stop_loss_ratio":-0.05,"min_rate":0.1714,"max_rate":0.17564,"is_open":false,"enter_tag":"","leverage":1.0,"is_short":false,"open_timestamp":1762164000000,"close_timestamp":1762171200000,"orders":[{"amount":1925.0,"safe_price":0.17272,"ft_order_side":"buy","order_filled_timestamp":1762164000000,"ft_is_entry":true,"ft_order_tag":"","cost":332.818486},{"amount":1925.0,"safe_price":0.17423,"ft_order_side":"sell","order_filled_timestamp":1762171200000,"ft_is_entry":false,"ft_order_tag":"roi","cost":335.72814274999996}],"funding_fees":0.0,"weekday":0},{"pair":"DOGE/USDT","stake_amount":333.11229,"max_stake_amount":333.11229,"amount":2009.0,"open_date":"2025-11-03 23:00:00+00:00","close_date":"2025-11-04 01:00:00+00:00","open_rate":0.16581,"close_rate":0.16869,"fee_open":0.001,"fee_close":0.001,"trade_duration":120,"profit_ratio":0.01533657223905098,"profit_abs":5.1139095,"exit_reason":"roi","initial_stop_loss_abs":0.15752,"initial_stop_loss_ratio":-0.05,"stop_loss_abs":0.15752,"stop_loss_ratio":-0.05,"min_rate":0.16433,"max_rate":0.17033,"is_open":false,"enter_tag":"","leverage":1.0,"is_short":false,"open_timestamp":1762210800000,"close_timestamp":1762218000000,"orders":[{"amount":2009.0,"safe_price":0.16581,"ft_order_side":"buy","order_filled_timestamp":1762210800000,"ft_is_entry":true,"ft_order_tag":"","cost":333.44540229},{"amount":2009.0,"safe_price":0.16869,"ft_order_side":"sell","order_filled_timestamp":1762218000000,"ft_is_entry":false,"ft_order_tag":"roi","cost":339.23710821}],"funding_fees":0.0,"weekday":1},{"pair":"DOGE/USDT","stake_amount":334.90611,"max_stake_amount":334.90611,"amount":2079.0,"open_date":"2025-11-04 06:00:00+00:00","close_date":"2025-11-04 08:00:00+00:00","open_rate":0.16109,"close_rate":0.16201,"fee_open":0.001,"fee_close":0.001,"trade_duration":120,"profit_ratio":0.0037016804041448657,"profit_abs":1.2409551,"exit_reason":"roi","initial_stop_loss_abs":0.15304,"initial_stop_loss_ratio":-0.05,"stop_loss_abs":0.15304,"stop_loss_ratio":-0.05,"min_rate":0.16062,"max_rate":0.16735,"is_open":false,"enter_tag":"","leverage":1.0,"is_short":false,"open_timestamp":1762236000000,"close_timestamp":1762243200000,"orders":[{"amount":2079.0,"safe_price":0.16109,"ft_order_side":"buy","order_filled_timestamp":1762236000000,"ft_is_entry":true,"ft_order_tag":"","cost":335.24101611},{"amount":2079.0,"safe_price":0.16201,"ft_order_side":"sell","order_filled_timestamp":1762243200000,"ft_is_entry":false,"ft_order_tag":"roi","cost":337.1556087899999}],"funding_fees":0.0,"weekday":1},{"pair":"DOGE/USDT","stake_amount":335.21488,"max_stake_amount":335.21488,"amount":2093.0,"open_date":"2025-11-04 17:00:00+00:00","close_date":"2025-11-04 19:00:00+00:00","open_rate":0.16016,"close_rate":0.16048064064064063,"fee_open":0.001,"fee_close":0.001,"trade_duration":120,"profit_ratio":0.0,"profit_abs":0.0,"exit_reason":"roi","initial_stop_loss_abs":0.15216,"initial_stop_loss_ratio":-0.05,"stop_loss_abs":0.15216,"stop_loss_ratio":-0.05,"min_rate":0.15419,"max_rate":0.16152,"is_open":false,"enter_tag":"","leverage":1.0,"is_short":false,"open_timestamp":1762275600000,"close_timestamp":1762282800000,"orders":[{"amount":2093.0,"safe_price":0.16016,"ft_order_side":"buy","order_filled_timestamp":1762275600000,"ft_is_entry":true,"ft_order_tag":"","cost":335.55009487999996},{"amount":2093.0,"safe_price":0.16048064064064063,"ft_order_side":"sell","order_filled_timestamp":1762282800000,"ft_is_entry":false,"ft_order_tag":"roi","cost":336.2218668417217}],"funding_fees":0.0,"weekday":1},{"pair":"DOGE/USDT","stake_amount":335.35242,"max_stake_amount":335.35242,"amount":2077.0,"open_date":"2025-11-05 11:00:00+00:00","close_date":"2025-11-05 13:00:00+00:00","open_rate":0.16146,"close_rate":0.16427,"fee_open":0.001,"fee_close":0.001,"trade_duration":120,"profit_ratio":0.01537091670870935,"profit_abs":5.15982879,"exit_reason":"roi","initial_stop_loss_abs":0.15339,"initial_stop_loss_ratio":-0.05,"stop_loss_abs":0.15339,"stop_loss_ratio":-0.05,"min_rate":0.16138,"max_rate":0.16617,"is_open":false,"enter_tag":"","leverage":1.0,"is_short":false,"open_timestamp":1762340400000,"close_timestamp":1762347600000,"orders":[{"amount":2077.0,"safe_price":0.16146,"ft_order_side":"buy","order_filled_timestamp":1762340400000,"ft_is_entry":true,"ft_order_tag":"","cost":335.68777241999993},{"amount":2077.0,"safe_price":0.16427,"ft_order_side":"sell","order_filled_timestamp":1762347600000,"ft_is_entry":false,"ft_order_tag":"roi","cost":341.52997879}],"funding_fees":0.0,"weekday":2},{"pair":"DOGE/USDT","stake_amount":336.92499,"max_stake_amount":336.92499,"amount":2097.0,"open_date":"2025-11-06 15:00:00+00:00","close_date":"2025-11-06 18:00:00+00:00","open_rate":0.16067,"close_rate":0.16099166166166165,"fee_open":0.001,"fee_close":0.001,"trade_duration":180,"profit_ratio":0.0,"profit_abs":0.0,"exit_reason":"roi","initial_stop_loss_abs":0.15264,"initial_stop_loss_ratio":-0.05,"stop_loss_abs":0.15264,"stop_loss_ratio":-0.05,"min_rate":0.15693,"max_rate":0.16234,"is_open":false,"enter_tag":"","leverage":1.0,"is_short":false,"open_timestamp":1762441200000,"close_timestamp":1762452000000,"orders":[{"amount":2097.0,"safe_price":0.16067,"ft_order_side":"buy","order_filled_timestamp":1762441200000,"ft_is_entry":true,"ft_order_tag":"","cost":337.26191499},{"amount":2097.0,"safe_price":0.16099166166166165,"ft_order_side":"sell","order_filled_timestamp":1762452000000,"ft_is_entry":false,"ft_order_tag":"roi","cost":337.93711401900896}],"funding_fees":0.0,"weekday":3},{"pair":"DOGE/USDT","stake_amount":337.04684,"max_stake_amount":337.04684,"amount":1898.0,"open_date":"2025-11-08 01:00:00+00:00","close_date":"2025-11-08 03:00:00+00:00","open_rate":0.17758,"close_rate":0.18138,"fee_open":0.001,"fee_close":0.001,"trade_duration":120,"profit_ratio":0.019358049316377957,"profit_abs":6.53109392,"exit_reason":"roi","initial_stop_loss_abs":0.16871,"initial_stop_loss_ratio":-0.05,"stop_loss_abs":0.16871,"stop_loss_ratio":-0.05,"min_rate":0.17731,"max_rate":0.18332,"is_open":false,"enter_tag":"","leverage":1.0,"is_short":false,"open_timestamp":1762563600000,"close_timestamp":1762570800000,"orders":[{"amount":1898.0,"safe_price":0.17758,"ft_order_side":"buy","order_filled_timestamp":1762563600000,"ft_is_entry":true,"ft_order_tag":"","cost":337.38388683999995},{"amount":1898.0,"safe_price":0.18138,"ft_order_side":"sell","order_filled_timestamp":1762570800000,"ft_is_entry":false,"ft_order_tag":"roi","cost":344.60349924}],"funding_fees":0.0,"weekday":5},{"pair":"DOGE/USDT","stake_amount":339.05081,"max_stake_amount":339.05081,"amount":1897.0,"open_date":"2025-11-08 06:00:00+00:00","close_date":"2025-11-08 08:00:00+00:00","open_rate":0.17873,"close_rate":0.18022,"fee_open":0.001,"fee_close":0.001,"trade_duration":120,"profit_ratio":0.006321938566105745,"profit_abs":2.14560185,"exit_reason":"roi","initial_stop_loss_abs":0.1698,"initial_stop_loss_ratio":-0.05,"stop_loss_abs":0.1698,"stop_loss_ratio":-0.05,"min_rate":0.17762,"max_rate":0.1822,"is_open":false,"enter_tag":"","leverage":1.0,"is_short":false,"open_timestamp":1762581600000,"close_timestamp":1762588800000,"orders":[{"amount":1897.0,"safe_price":0.17873,"ft_order_side":"buy","order_filled_timestamp":1762581600000,"ft_is_entry":true,"ft_order_tag":"","cost":339.38986080999996},{"amount":1897.0,"safe_price":0.18022,"ft_order_side":"sell","order_filled_timestamp":1762588800000,"ft_is_entry":false,"ft_order_tag":"roi","cost":342.21921733999994}],"funding_fees":0.0,"weekday":5},{"pair":"DOGE/USDT","stake_amount":339.7878,"max_stake_amount":339.7878,"amount":1980.0,"open_date":"2025-11-12 04:00:00+00:00","close_date":"2025-11-12 06:00:00+00:00","open_rate":0.17161,"close_rate":0.17202,"fee_open":0.001,"fee_close":0.001,"trade_duration":120,"profit_ratio":0.0003863626612883649,"profit_abs":0.1314126,"exit_reason":"roi","initial_stop_loss_abs":0.16303,"initial_stop_loss_ratio":-0.05,"stop_loss_abs":0.16303,"stop_loss_ratio":-0.05,"min_rate":0.17109,"max_rate":0.17298,"is_open":false,"enter_tag":"","leverage":1.0,"is_short":false,"open_timestamp":1762920000000,"close_timestamp":1762927200000,"orders":[{"amount":1980.0,"safe_price":0.17161,"ft_order_side":"buy","order_filled_timestamp":1762920000000,"ft_is_entry":true,"ft_order_tag":"","cost":340.12758779999996},{"amount":1980.0,"safe_price":0.17202,"ft_order_side":"sell","order_filled_timestamp":1762927200000,"ft_is_entry":false,"ft_order_tag":"roi","cost":340.94019959999997}],"funding_fees":0.0,"weekday":2},{"pair":"DOGE/USDT","stake_amount":339.96552,"max_stake_amount":339.96552,"amount":1983.0,"open_date":"2025-11-12 08:00:00+00:00","close_date":"2025-11-12 10:00:00+00:00","open_rate":0.17144,"close_rate":0.17514,"fee_open":0.001,"fee_close":0.001,"trade_duration":120,"profit_ratio":0.01954077187394966,"profit_abs":6.64983186,"exit_reason":"roi","initial_stop_loss_abs":0.16287,"initial_stop_loss_ratio":-0.05,"stop_loss_abs":0.16287,"stop_loss_ratio":-0.05,"min_rate":0.17144,"max_rate":0.17655,"is_open":false,"enter_tag":"","leverage":1.0,"is_short":false,"open_timestamp":1762934400000,"close_timestamp":1762941600000,"orders":[{"amount":1983.0,"safe_price":0.17144,"ft_order_side":"buy","order_filled_timestamp":1762934400000,"ft_is_entry":true,"ft_order_tag":"","cost":340.30548552},{"amount":1983.0,"safe_price":0.17514,"ft_order_side":"sell","order_filled_timestamp":1762941600000,"ft_is_entry":false,"ft_order_tag":"roi","cost":347.6499226199999}],"funding_fees":0.0,"weekday":2},{"pair":"DOGE/USDT","stake_amount":342.12977,"max_stake_amount":342.12977,"amount":2111.0,"open_date":"2025-11-14 12:00:00+00:00","close_date":"2025-11-14 14:00:00+00:00","open_rate":0.16207,"close_rate":0.16239446446446446,"fee_open":0.001,"fee_close":0.001,"trade_duration":120,"profit_ratio":0.0,"profit_abs":0.0,"exit_reason":"roi","initial_stop_loss_abs":0.15397,"initial_stop_loss_ratio":-0.05,"stop_loss_abs":0.15397,"stop_loss_ratio":-0.05,"min_rate":0.15767,"max_rate":0.16407,"is_open":false,"enter_tag":"","leverage":1.0,"is_short":false,"open_timestamp":1763121600000,"close_timestamp":1763128800000,"orders":[{"amount":2111.0,"safe_price":0.16207,"ft_order_side":"buy","order_filled_timestamp":1763121600000,"ft_is_entry":true,"ft_order_tag":"","cost":342.47189977},{"amount":2111.0,"safe_price":0.16239446446446446,"ft_order_side":"sell","order_filled_timestamp":1763128800000,"ft_is_entry":false,"ft_order_tag":"roi","cost":343.1575291989689}],"funding_fees":0.0,"weekday":4},{"pair":"DOGE/USDT","stake_amount":342.13323,"max_stake_amount":342.13323,"amount":2153.0,"open_date":"2025-11-14 21:00:00+00:00","close_date":"2025-11-14 23:00:00+00:00","open_rate":0.15891,"close_rate":0.15933,"fee_open":0.001,"fee_close":0.001,"trade_duration":120,"profit_ratio":0.0006397227465756821,"profit_abs":0.21908928,"exit_reason":"roi","initial_stop_loss_abs":0.15097,"initial_stop_loss_ratio":-0.05,"stop_loss_abs":0.15097,"stop_loss_ratio":-0.05,"min_rate":0.15472,"max_rate":0.16111,"is_open":false,"enter_tag":"","leverage":1.0,"is_short":false,"open_timestamp":1763154000000,"close_timestamp":1763161200000,"orders":[{"amount":2153.0,"safe_price":0.15891,"ft_order_side":"buy","order_filled_timestamp":1763154000000,"ft_is_entry":true,"ft_order_tag":"","cost":342.4753632299999},{"amount":2153.0,"safe_price":0.15933,"ft_order_side":"sell","order_filled_timestamp":1763161200000,"ft_is_entry":false,"ft_order_tag":"roi","cost":343.38052748999996}],"funding_fees":0.0,"weekday":4},{"pair":"DOGE/USDT","stake_amount":342.1764,"max_stake_amount":342.1764,"amount":2124.0,"open_date":"2025-11-15 09:00:00+00:00","close_date":"2025-11-15 11:00:00+00:00","open_rate":0.1611,"close_rate":0.16195,"fee_open":0.001,"fee_close":0.001,"trade_duration":120,"profit_ratio":0.0032676820386317593,"profit_abs":1.1192418,"exit_reason":"roi","initial_stop_loss_abs":0.15305,"initial_stop_loss_ratio":-0.05,"stop_loss_abs":0.15305,"stop_loss_ratio":-0.05,"min_rate":0.16082,"max_rate":0.16266,"is_open":false,"enter_tag":"","leverage":1.0,"is_short":false,"open_timestamp":1763197200000,"close_timestamp":1763204400000,"orders":[{"amount":2124.0,"safe_price":0.1611,"ft_order_side":"buy","order_filled_timestamp":1763197200000,"ft_is_entry":true,"ft_order_tag":"","cost":342.5185764},{"amount":2124.0,"safe_price":0.16195,"ft_order_side":"sell","order_filled_timestamp":1763204400000,"ft_is_entry":false,"ft_order_tag":"roi","cost":344.32578179999996}],"funding_fees":0.0,"weekday":5},{"pair":"DOGE/USDT","stake_amount":342.55746,"max_stake_amount":342.55746,"amount":2337.0,"open_date":"2025-11-21 06:00:00+00:00","close_date":"2025-11-21 07:00:00+00:00","open_rate":0.14658,"close_rate":0.13926,"fee_open":0.001,"fee_close":0.001,"trade_duration":60,"profit_ratio":-0.051836824657127564,"profit_abs":-17.77484808,"exit_reason":"stop_loss","initial_stop_loss_abs":0.13926,"initial_stop_loss_ratio":-0.05,"stop_loss_abs":0.13926,"stop_loss_ratio":-0.05,"min_rate":0.13441,"max_rate":0.14689,"is_open":false,"enter_tag":"","leverage":1.0,"is_short":false,"open_timestamp":1763704800000,"close_timestamp":1763708400000,"orders":[{"amount":2337.0,"safe_price":0.14658,"ft_order_side":"buy","order_filled_timestamp":1763704800000,"ft_is_entry":true,"ft_order_tag":"","cost":342.90001745999996},{"amount":2337.0,"safe_price":0.13926,"ft_order_side":"sell","order_filled_timestamp":1763708400000,"ft_is_entry":false,"ft_order_tag":"stop_loss","cost":325.77607062}],"funding_fees":0.0,"weekday":4},{"pair":"DOGE/USDT","stake_amount":336.6454,"max_stake_amount":336.6454,"amount":2443.0,"open_date":"2025-11-21 11:00:00+00:00","close_date":"2025-11-21 13:00:00+00:00","open_rate":0.1378,"close_rate":0.13891,"fee_open":0.001,"fee_close":0.001,"trade_duration":120,"profit_ratio":0.006041056186194067,"profit_abs":2.03572747,"exit_reason":"roi","initial_stop_loss_abs":0.13091,"initial_stop_loss_ratio":-0.05,"stop_loss_abs":0.13091,"stop_loss_ratio":-0.05,"min_rate":0.13321,"max_rate":0.14094,"is_open":false,"enter_tag":"","leverage":1.0,"is_short":false,"open_timestamp":1763722800000,"close_timestamp":1763730000000,"orders":[{"amount":2443.0,"safe_price":0.1378,"ft_order_side":"buy","order_filled_timestamp":1763722800000,"ft_is_entry":true,"ft_order_tag":"","cost":336.98204539999995},{"amount":2443.0,"safe_price":0.13891,"ft_order_side":"sell","order_filled_timestamp":1763730000000,"ft_is_entry":false,"ft_order_tag":"roi","cost":339.69648713}],"funding_fees":0.0,"weekday":4},{"pair":"DOGE/USDT","stake_amount":337.3279,"max_stake_amount":337.3279,"amount":2470.0,"open_date":"2025-11-21 23:00:00+00:00","close_date":"2025-11-22 01:00:00+00:00","open_rate":0.13657,"close_rate":0.14012,"fee_open":0.001,"fee_close":0.001,"trade_duration":120,"profit_ratio":0.02394405769964092,"profit_abs":8.0850757,"exit_reason":"roi","initial_stop_loss_abs":0.12975,"initial_stop_loss_ratio":-0.05,"stop_loss_abs":0.12975,"stop_loss_ratio":-0.05,"min_rate":0.13574,"max_rate":0.14148,"is_open":false,"enter_tag":"","leverage":1.0,"is_short":false,"open_timestamp":1763766000000,"close_timestamp":1763773200000,"orders":[{"amount":2470.0,"safe_price":0.13657,"ft_order_side":"buy","order_filled_timestamp":1763766000000,"ft_is_entry":true,"ft_order_tag":"","cost":337.6652279},{"amount":2470.0,"safe_price":0.14012,"ft_order_side":"sell","order_filled_timestamp":1763773200000,"ft_is_entry":false,"ft_order_tag":"roi","cost":346.4424963999999}],"funding_fees":0.0,"weekday":5},{"pair":"DOGE/USDT","stake_amount":339.99624,"max_stake_amount":339.99624,"amount":2481.0,"open_date":"2025-11-22 06:00:00+00:00","close_date":"2025-11-22 08:00:00+00:00","open_rate":0.13704,"close_rate":0.13969,"fee_open":0.001,"fee_close":0.001,"trade_duration":120,"profit_ratio":0.017300781530203597,"profit_abs":5.88808287,"exit_reason":"roi","initial_stop_loss_abs":0.13019,"initial_stop_loss_ratio":-0.05,"stop_loss_abs":0.13019,"stop_loss_ratio":-0.05,"min_rate":0.13549,"max_rate":0.14016,"is_open":false,"enter_tag":"","leverage":1.0,"is_short":false,"open_timestamp":1763791200000,"close_timestamp":1763798400000,"orders":[{"amount":2481.0,"safe_price":0.13704,"ft_order_side":"buy","order_filled_timestamp":1763791200000,"ft_is_entry":true,"ft_order_tag":"","cost":340.33623623999995},{"amount":2481.0,"safe_price":0.13969,"ft_order_side":"sell","order_filled_timestamp":1763798400000,"ft_is_entry":false,"ft_order_tag":"roi","cost":346.91746089}],"funding_fees":0.0,"weekday":5},{"pair":"DOGE/USDT","stake_amount":341.89358,"max_stake_amount":341.89358,"amount":2506.0,"open_date":"2025-11-22 09:00:00+00:00","close_date":"2025-11-22 11:00:00+00:00","open_rate":0.13643,"close_rate":0.13677,"fee_open":0.001,"fee_close":0.001,"trade_duration":120,"profit_ratio":0.0004891392416130376,"profit_abs":0.1674008,"exit_reason":"roi","initial_stop_loss_abs":0.12961,"initial_stop_loss_ratio":-0.05,"stop_loss_abs":0.12961,"stop_loss_ratio":-0.05,"min_rate":0.13582,"max_rate":0.14011,"is_open":false,"enter_tag":"","leverage":1.0,"is_short":false,"open_timestamp":1763802000000,"close_timestamp":1763809200000,"orders":[{"amount":2506.0,"safe_price":0.13643,"ft_order_side":"buy","order_filled_timestamp":1763802000000,"ft_is_entry":true,"ft_order_tag":"","cost":342.23547357999996},{"amount":2506.0,"safe_price":0.13677,"ft_order_side":"sell","order_filled_timestamp":1763809200000,"ft_is_entry":false,"ft_order_tag":"roi","cost":343.08836562}],"funding_fees":0.0,"weekday":5},{"pair":"DOGE/USDT","stake_amount":341.9548,"max_stake_amount":341.9548,"amount":2507.0,"open_date":"2025-11-22 14:00:00+00:00","close_date":"2025-11-22 16:00:00+00:00","open_rate":0.1364,"close_rate":0.13816,"fee_open":0.001,"fee_close":0.001,"trade_duration":120,"profit_ratio":0.010879443137507654,"profit_abs":3.72399808,"exit_reason":"roi","initial_stop_loss_abs":0.12958,"initial_stop_loss_ratio":-0.05,"stop_loss_abs":0.12958,"stop_loss_ratio":-0.05,"min_rate":0.13632,"max_rate":0.13977,"is_open":false,"enter_tag":"","leverage":1.0,"is_short":false,"open_timestamp":1763820000000,"close_timestamp":1763827200000,"orders":[{"amount":2507.0,"safe_price":0.1364,"ft_order_side":"buy","order_filled_timestamp":1763820000000,"ft_is_entry":true,"ft_order_tag":"","cost":342.2967547999999},{"amount":2507.0,"safe_price":0.13816,"ft_order_side":"sell","order_filled_timestamp":1763827200000,"ft_is_entry":false,"ft_order_tag":"roi","cost":346.71348711999997}],"funding_fees":0.0,"weekday":5},{"pair":"DOGE/USDT","stake_amount":343.215,"max_stake_amount":343.215,"amount":2367.0,"open_date":"2025-11-24 00:00:00+00:00","close_date":"2025-11-24 02:00:00+00:00","open_rate":0.145,"close_rate":0.14593,"fee_open":0.001,"fee_close":0.001,"trade_duration":120,"profit_ratio":0.004402976334010817,"profit_abs":1.51267869,"exit_reason":"roi","initial_stop_loss_abs":0.13775,"initial_stop_loss_ratio":-0.05,"stop_loss_abs":0.13775,"stop_loss_ratio":-0.05,"min_rate":0.14355,"max_rate":0.1493,"is_open":false,"enter_tag":"","leverage":1.0,"is_short":false,"open_timestamp":1763942400000,"close_timestamp":1763949600000,"orders":[{"amount":2367.0,"safe_price":0.145,"ft_order_side":"buy","order_filled_timestamp":1763942400000,"ft_is_entry":true,"ft_order_tag":"","cost":343.55821499999996},{"amount":2367.0,"safe_price":0.14593,"ft_order_side":"sell","order_filled_timestamp":1763949600000,"ft_is_entry":false,"ft_order_tag":"roi","cost":345.76172631}],"funding_fees":0.0,"weekday":0},{"pair":"DOGE/USDT","stake_amount":343.71696,"max_stake_amount":343.71696,"amount":2512.0,"open_date":"2025-12-01 05:00:00+00:00","close_date":"2025-12-01 07:00:00+00:00","open_rate":0.13683,"close_rate":0.1371039339339339,"fee_open":0.001,"fee_close":0.001,"trade_duration":120,"profit_ratio":0.0,"profit_abs":0.0,"exit_reason":"roi","initial_stop_loss_abs":0.12999,"initial_stop_loss_ratio":-0.05,"stop_loss_abs":0.12999,"stop_loss_ratio":-0.05,"min_rate":0.13655,"max_rate":0.13778,"is_open":false,"enter_tag":"","leverage":1.0,"is_short":false,"open_timestamp":1764565200000,"close_timestamp":1764572400000,"orders":[{"amount":2512.0,"safe_price":0.13683,"ft_order_side":"buy","order_filled_timestamp":1764565200000,"ft_is_entry":true,"ft_order_tag":"","cost":344.06067695999997},{"amount":2512.0,"safe_price":0.1371039339339339,"ft_order_side":"sell","order_filled_timestamp":1764572400000,"ft_is_entry":false,"ft_order_tag":"roi","cost":344.749487124084}],"funding_fees":0.0,"weekday":0},{"pair":"DOGE/USDT","stake_amount":343.78008,"max_stake_amount":343.78008,"amount":2542.0,"open_date":"2025-12-01 14:00:00+00:00","close_date":"2025-12-01 22:00:00+00:00","open_rate":0.13524,"close_rate":0.13551075075075072,"fee_open":0.001,"fee_close":0.001,"trade_duration":480,"profit_ratio":0.0,"profit_abs":0.0,"exit_reason":"roi","initial_stop_loss_abs":0.12848,"initial_stop_loss_ratio":-0.05,"stop_loss_abs":0.12848,"stop_loss_ratio":-0.05,"min_rate":0.13177,"max_rate":0.13647,"is_open":false,"enter_tag":"","leverage":1.0,"is_short":false,"open_timestamp":1764597600000,"close_timestamp":1764626400000,"orders":[{"amount":2542.0,"safe_price":0.13524,"ft_order_side":"buy","order_filled_timestamp":1764597600000,"ft_is_entry":true,"ft_order_tag":"","cost":344.12386008},{"amount":2542.0,"safe_price":0.13551075075075072,"ft_order_side":"sell","order_filled_timestamp":1764626400000,"ft_is_entry":false,"ft_order_tag":"roi","cost":344.8127967368167}],"funding_fees":0.0,"weekday":0},{"pair":"DOGE/USDT","stake_amount":343.77992,"max_stake_amount":343.77992,"amount":2552.0,"open_date":"2025-12-02 09:00:00+00:00","close_date":"2025-12-02 11:00:00+00:00","open_rate":0.13471,"close_rate":0.1367,"fee_open":0.001,"fee_close":0.001,"trade_duration":120,"profit_ratio":0.012744956772868585,"profit_abs":4.38584168,"exit_reason":"roi","initial_stop_loss_abs":0.12798,"initial_stop_loss_ratio":-0.05,"stop_loss_abs":0.12798,"stop_loss_ratio":-0.05,"min_rate":0.13466,"max_rate":0.1373,"is_open":false,"enter_tag":"","leverage":1.0,"is_short":false,"open_timestamp":1764666000000,"close_timestamp":1764673200000,"orders":[{"amount":2552.0,"safe_price":0.13471,"ft_order_side":"buy","order_filled_timestamp":1764666000000,"ft_is_entry":true,"ft_order_tag":"","cost":344.12369992},{"amount":2552.0,"safe_price":0.1367,"ft_order_side":"sell","order_filled_timestamp":1764673200000,"ft_is_entry":false,"ft_order_tag":"roi","cost":349.20725839999994}],"funding_fees":0.0,"weekday":1},{"pair":"DOGE/USDT","stake_amount":345.18528,"max_stake_amount":345.18528,"amount":2304.0,"open_date":"2025-12-03 13:00:00+00:00","close_date":"2025-12-03 16:00:00+00:00","open_rate":0.14982,"close_rate":0.15011993993993994,"fee_open":0.001,"fee_close":0.001,"trade_duration":180,"profit_ratio":0.0,"profit_abs":0.0,"exit_reason":"roi","initial_stop_loss_abs":0.14233,"initial_stop_loss_ratio":-0.05,"stop_loss_abs":0.14233,"stop_loss_ratio":-0.05,"min_rate":0.14651,"max_rate":0.15093,"is_open":false,"enter_tag":"","leverage":1.0,"is_short":false,"open_timestamp":1764766800000,"close_timestamp":1764777600000,"orders":[{"amount":2304.0,"safe_price":0.14982,"ft_order_side":"buy","order_filled_timestamp":1764766800000,"ft_is_entry":true,"ft_order_tag":"","cost":345.53046528},{"amount":2304.0,"safe_price":0.15011993993993994,"ft_order_side":"sell","order_filled_timestamp":1764777600000,"ft_is_entry":false,"ft_order_tag":"roi","cost":346.2222179632432}],"funding_fees":0.0,"weekday":2},{"pair":"DOGE/USDT","stake_amount":345.19495,"max_stake_amount":345.19495,"amount":2285.0,"open_date":"2025-12-04 04:00:00+00:00","close_date":"2025-12-05 13:00:00+00:00","open_rate":0.15107,"close_rate":0.14352,"fee_open":0.001,"fee_close":0.001,"trade_duration":1980,"profit_ratio":-0.05187498012016447,"profit_abs":-17.92488815,"exit_reason":"stop_loss","initial_stop_loss_abs":0.14352,"initial_stop_loss_ratio":-0.05,"stop_loss_abs":0.14352,"stop_loss_ratio":-0.05,"min_rate":0.14295,"max_rate":0.15163,"is_open":false,"enter_tag":"","leverage":1.0,"is_short":false,"open_timestamp":1764820800000,"close_timestamp":1764939600000,"orders":[{"amount":2285.0,"safe_price":0.15107,"ft_order_side":"buy","order_filled_timestamp":1764820800000,"ft_is_entry":true,"ft_order_tag":"","cost":345.54014494999996},{"amount":2285.0,"safe_price":0.14352,"ft_order_side":"sell","order_filled_timestamp":1764939600000,"ft_is_entry":false,"ft_order_tag":"stop_loss","cost":328.2711432}],"funding_fees":0.0,"weekday":4},{"pair":"DOGE/USDT","stake_amount":339.2418,"max_stake_amount":339.2418,"amount":2370.0,"open_date":"2025-12-05 14:00:00+00:00","close_date":"2025-12-07 14:00:00+00:00","open_rate":0.14314,"close_rate":0.13599,"fee_open":0.001,"fee_close":0.001,"trade_duration":2880,"profit_ratio":-0.05184929643501671,"profit_abs":-17.6070381,"exit_reason":"stop_loss","initial_stop_loss_abs":0.13599,"initial_stop_loss_ratio":-0.05,"stop_loss_abs":0.13599,"stop_loss_ratio":-0.05,"min_rate":0.13486,"max_rate":0.14466,"is_open":false,"enter_tag":"","leverage":1.0,"is_short":false,"open_timestamp":1764943200000,"close_timestamp":1765116000000,"orders":[{"amount":2370.0,"safe_price":0.14314,"ft_order_side":"buy","order_filled_timestamp":1764943200000,"ft_is_entry":true,"ft_order_tag":"","cost":339.5810417999999},{"amount":2370.0,"safe_price":0.13599,"ft_order_side":"sell","order_filled_timestamp":1765116000000,"ft_is_entry":false,"ft_order_tag":"stop_loss","cost":322.6185962999999}],"funding_fees":0.0,"weekday":6},{"pair":"DOGE/USDT","stake_amount":333.39167,"max_stake_amount":333.39167,"amount":2461.0,"open_date":"2025-12-14 16:00:00+00:00","close_date":"2025-12-15 01:00:00+00:00","open_rate":0.13547,"close_rate":0.13574121121121122,"fee_open":0.001,"fee_close":0.001,"trade_duration":540,"profit_ratio":0.0,"profit_abs":0.0,"exit_reason":"roi","initial_stop_loss_abs":0.1287,"initial_stop_loss_ratio":-0.05,"stop_loss_abs":0.1287,"stop_loss_ratio":-0.05,"min_rate":0.13261,"max_rate":0.13683,"is_open":false,"enter_tag":"","leverage":1.0,"is_short":false,"open_timestamp":1765728000000,"close_timestamp":1765760400000,"orders":[{"amount":2461.0,"safe_price":0.13547,"ft_order_side":"buy","order_filled_timestamp":1765728000000,"ft_is_entry":true,"ft_order_tag":"","cost":333.72506167},{"amount":2461.0,"safe_price":0.13574121121121122,"ft_order_side":"sell","order_filled_timestamp":1765760400000,"ft_is_entry":false,"ft_order_tag":"roi","cost":334.39317991158157}],"funding_fees":0.0,"weekday":0},{"pair":"DOGE/USDT","stake_amount":333.4548,"max_stake_amount":333.4548,"amount":2597.0,"open_date":"2025-12-15 19:00:00+00:00","close_date":"2025-12-15 21:00:00+00:00","open_rate":0.1284,"close_rate":0.12865705705705702,"fee_open":0.001,"fee_close":0.001,"trade_duration":120,"profit_ratio":0.0,"profit_abs":0.0,"exit_reason":"roi","initial_stop_loss_abs":0.12198,"initial_stop_loss_ratio":-0.05,"stop_loss_abs":0.12198,"stop_loss_ratio":-0.05,"min_rate":0.12752,"max_rate":0.12942,"is_open":false,"enter_tag":"","leverage":1.0,"is_short":false,"open_timestamp":1765825200000,"close_timestamp":1765832400000,"orders":[{"amount":2597.0,"safe_price":0.1284,"ft_order_side":"buy","order_filled_timestamp":1765825200000,"ft_is_entry":true,"ft_order_tag":"","cost":333.78825479999995},{"amount":2597.0,"safe_price":0.12865705705705702,"ft_order_side":"sell","order_filled_timestamp":1765832400000,"ft_is_entry":false,"ft_order_tag":"roi","cost":334.45649955435425}],"funding_fees":0.0,"weekday":0},{"pair":"DOGE/USDT","stake_amount":333.41664,"max_stake_amount":333.41664,"amount":2544.0,"open_date":"2025-12-20 02:00:00+00:00","close_date":"2025-12-20 04:00:00+00:00","open_rate":0.13106,"close_rate":0.13148,"fee_open":0.001,"fee_close":0.001,"trade_duration":120,"profit_ratio":0.0012002342232771042,"profit_abs":0.40057824,"exit_reason":"roi","initial_stop_loss_abs":0.12451,"initial_stop_loss_ratio":-0.05,"stop_loss_abs":0.12451,"stop_loss_ratio":-0.05,"min_rate":0.13069,"max_rate":0.13182,"is_open":false,"enter_tag":"","leverage":1.0,"is_short":false,"open_timestamp":1766196000000,"close_timestamp":1766203200000,"orders":[{"amount":2544.0,"safe_price":0.13106,"ft_order_side":"buy","order_filled_timestamp":1766196000000,"ft_is_entry":true,"ft_order_tag":"","cost":333.75005663999997},{"amount":2544.0,"safe_price":0.13148,"ft_order_side":"sell","order_filled_timestamp":1766203200000,"ft_is_entry":false,"ft_order_tag":"roi","cost":334.81960512}],"funding_fees":0.0,"weekday":5},{"pair":"DOGE/USDT","stake_amount":333.58763,"max_stake_amount":333.58763,"amount":2549.0,"open_date":"2025-12-20 05:00:00+00:00","close_date":"2025-12-20 07:00:00+00:00","open_rate":0.13087,"close_rate":0.13122,"fee_open":0.001,"fee_close":0.001,"trade_duration":120,"profit_ratio":0.000671064245603865,"profit_abs":0.22408259,"exit_reason":"roi","initial_stop_loss_abs":0.12433,"initial_stop_loss_ratio":-0.05,"stop_loss_abs":0.12433,"stop_loss_ratio":-0.05,"min_rate":0.13077,"max_rate":0.13167,"is_open":false,"enter_tag":"","leverage":1.0,"is_short":false,"open_timestamp":1766206800000,"close_timestamp":1766214000000,"orders":[{"amount":2549.0,"safe_price":0.13087,"ft_order_side":"buy","order_filled_timestamp":1766206800000,"ft_is_entry":true,"ft_order_tag":"","cost":333.92121762999994},{"amount":2549.0,"safe_price":0.13122,"ft_order_side":"sell","order_filled_timestamp":1766214000000,"ft_is_entry":false,"ft_order_tag":"roi","cost":334.81425978}],"funding_fees":0.0,"weekday":5},{"pair":"DOGE/USDT","stake_amount":333.62568,"max_stake_amount":333.62568,"amount":2529.0,"open_date":"2025-12-22 20:00:00+00:00","close_date":"2025-12-22 22:00:00+00:00","open_rate":0.13192,"close_rate":0.13218410410410408,"fee_open":0.001,"fee_close":0.001,"trade_duration":120,"profit_ratio":0.0,"profit_abs":0.0,"exit_reason":"roi","initial_stop_loss_abs":0.12533,"initial_stop_loss_ratio":-0.05,"stop_loss_abs":0.12533,"stop_loss_ratio":-0.05,"min_rate":0.13089,"max_rate":0.13269,"is_open":false,"enter_tag":"","leverage":1.0,"is_short":false,"open_timestamp":1766433600000,"close_timestamp":1766440800000,"orders":[{"amount":2529.0,"safe_price":0.13192,"ft_order_side":"buy","order_filled_timestamp":1766433600000,"ft_is_entry":true,"ft_order_tag":"","cost":333.95930568},{"amount":2529.0,"safe_price":0.13218410410410408,"ft_order_side":"sell","order_filled_timestamp":1766440800000,"ft_is_entry":false,"ft_order_tag":"roi","cost":334.6278928785585}],"funding_fees":0.0,"weekday":0},{"pair":"DOGE/USDT","stake_amount":333.70016,"max_stake_amount":333.70016,"amount":2848.0,"open_date":"2025-12-31 21:00:00+00:00","close_date":"2025-12-31 23:00:00+00:00","open_rate":0.11717,"close_rate":0.11768,"fee_open":0.001,"fee_close":0.001,"trade_duration":120,"profit_ratio":0.0023459513943426204,"profit_abs":0.7836272,"exit_reason":"roi","initial_stop_loss_abs":0.11132,"initial_stop_loss_ratio":-0.05,"stop_loss_abs":0.11132,"stop_loss_ratio":-0.05,"min_rate":0.11707,"max_rate":0.11782,"is_open":false,"enter_tag":"","leverage":1.0,"is_short":false,"open_timestamp":1767214800000,"close_timestamp":1767222000000,"orders":[{"amount":2848.0,"safe_price":0.11717,"ft_order_side":"buy","order_filled_timestamp":1767214800000,"ft_is_entry":true,"ft_order_tag":"","cost":334.03386015999996},{"amount":2848.0,"safe_price":0.11768,"ft_order_side":"sell","order_filled_timestamp":1767222000000,"ft_is_entry":false,"ft_order_tag":"roi","cost":335.48779264}],"funding_fees":0.0,"weekday":2},{"pair":"DOGE/USDT","stake_amount":333.92385,"max_stake_amount":333.92385,"amount":2385.0,"open_date":"2026-01-03 08:00:00+00:00","close_date":"2026-01-03 10:00:00+00:00","open_rate":0.14001,"close_rate":0.14262,"fee_open":0.001,"fee_close":0.001,"trade_duration":120,"profit_ratio":0.016606277801906686,"profit_abs":5.55077745,"exit_reason":"roi","initial_stop_loss_abs":0.13301,"initial_stop_loss_ratio":-0.05,"stop_loss_abs":0.13301,"stop_loss_ratio":-0.05,"min_rate":0.13938,"max_rate":0.14329,"is_open":false,"enter_tag":"","leverage":1.0,"is_short":false,"open_timestamp":1767427200000,"close_timestamp":1767434400000,"orders":[{"amount":2385.0,"safe_price":0.14001,"ft_order_side":"buy","order_filled_timestamp":1767427200000,"ft_is_entry":true,"ft_order_tag":"","cost":334.25777385},{"amount":2385.0,"safe_price":0.14262,"ft_order_side":"sell","order_filled_timestamp":1767434400000,"ft_is_entry":false,"ft_order_tag":"roi","cost":340.4888487}],"funding_fees":0.0,"weekday":5},{"pair":"DOGE/USDT","stake_amount":335.7736,"max_stake_amount":335.7736,"amount":2378.0,"open_date":"2026-01-03 17:00:00+00:00","close_date":"2026-01-03 19:00:00+00:00","open_rate":0.1412,"close_rate":0.14182,"fee_open":0.001,"fee_close":0.001,"trade_duration":120,"profit_ratio":0.002384159749598843,"profit_abs":0.80133844,"exit_reason":"roi","initial_stop_loss_abs":0.13414,"initial_stop_loss_ratio":-0.05,"stop_loss_abs":0.13414,"stop_loss_ratio":-0.05,"min_rate":0.14074,"max_rate":0.14244,"is_open":false,"enter_tag":"","leverage":1.0,"is_short":false,"open_timestamp":1767459600000,"close_timestamp":1767466800000,"orders":[{"amount":2378.0,"safe_price":0.1412,"ft_order_side":"buy","order_filled_timestamp":1767459600000,"ft_is_entry":true,"ft_order_tag":"","cost":336.10937359999997},{"amount":2378.0,"safe_price":0.14182,"ft_order_side":"sell","order_filled_timestamp":1767466800000,"ft_is_entry":false,"ft_order_tag":"roi","cost":337.58520795999993}],"funding_fees":0.0,"weekday":5},{"pair":"DOGE/USDT","stake_amount":336.06486,"max_stake_amount":336.06486,"amount":2286.0,"open_date":"2026-01-05 14:00:00+00:00","close_date":"2026-01-05 16:00:00+00:00","open_rate":0.14701,"close_rate":0.14886,"fee_open":0.001,"fee_close":0.001,"trade_duration":120,"profit_ratio":0.010561032736394957,"profit_abs":3.55274118,"exit_reason":"roi","initial_stop_loss_abs":0.13966,"initial_stop_loss_ratio":-0.05,"stop_loss_abs":0.13966,"stop_loss_ratio":-0.05,"min_rate":0.1463,"max_rate":0.15141,"is_open":false,"enter_tag":"","leverage":1.0,"is_short":false,"open_timestamp":1767621600000,"close_timestamp":1767628800000,"orders":[{"amount":2286.0,"safe_price":0.14701,"ft_order_side":"buy","order_filled_timestamp":1767621600000,"ft_is_entry":true,"ft_order_tag":"","cost":336.40092486},{"amount":2286.0,"safe_price":0.14886,"ft_order_side":"sell","order_filled_timestamp":1767628800000,"ft_is_entry":false,"ft_order_tag":"roi","cost":340.6342539599999}],"funding_fees":0.0,"weekday":0}],"locks":[],"best_pair":{"key":"DOGE/USDT","trades":60,"profit_mean":0.001152659686898926,"profit_mean_pct":0.12,"profit_total_abs":22.00106138999999,"profit_total":0.02200106138999999,"profit_total_pct":2.2,"duration_avg":"4:25:00","wins":34,"draws":21,"losses":5,"winrate":0.5666666666666667,"cagr":0.08533634428838233,"expectancy":0.36668435649999975,"expectancy_ratio":-0.32919192968701505,"sortino":19.331429516350443,"sharpe":0.7073603336582804,"calmar":12.75917315727727,"sqn":0.4598,"profit_factor":1.24969684375582,"max_drawdown_account":0.0339621987705146,"max_drawdown_abs":35.53192625},"worst_pair":{"key":"DOGE/USDT","trades":60,"profit_mean":0.001152659686898926,"profit_mean_pct":0.12,"profit_total_abs":22.00106138999999,"profit_total":0.02200106138999999,"profit_total_pct":2.2,"duration_avg":"4:25:00","wins":34,"draws":21,"losses":5,"winrate":0.5666666666666667,"cagr":0.08533634428838233,"expectancy":0.36668435649999975,"expectancy_ratio":-0.32919192968701505,"sortino":19.331429516350443,"sharpe":0.7073603336582804,"calmar":12.75917315727727,"sqn":0.4598,"profit_factor":1.24969684375582,"max_drawdown_account":0.0339621987705146,"max_drawdown_abs":35.53192625},"results_per_pair":[{"key":"DOGE/USDT","trades":60,"profit_mean":0.001152659686898926,"profit_mean_pct":0.12,"profit_total_abs":22.00106138999999,"profit_total":0.02200106138999999,"profit_total_pct":2.2,"duration_avg":"4:25:00","wins":34,"draws":21,"losses":5,"winrate":0.5666666666666667,"cagr":0.08533634428838233,"expectancy":0.36668435649999975,"expectancy_ratio":-0.32919192968701505,"sortino":19.331429516350443,"sharpe":0.7073603336582804,"calmar":12.75917315727727,"sqn":0.4598,"profit_factor":1.24969684375582,"max_drawdown_account":0.0339621987705146,"max_drawdown_abs":35.53192625},{"key":"TOTAL","trades":60,"profit_mean":0.001152659686898926,"profit_mean_pct":0.12,"profit_total_abs":22.00106138999999,"profit_total":0.02200106138999999,"profit_total_pct":2.2,"duration_avg":"4:25:00","wins":34,"draws":21,"losses":5,"winrate":0.5666666666666667,"cagr":0.08533634428838233,"expectancy":0.36668435649999975,"expectancy_ratio":-0.32919192968701505,"sortino":19.331429516350443,"sharpe":0.7073603336582804,"calmar":12.75917315727727,"sqn":0.4598,"profit_factor":1.24969684375582,"max_drawdown_account":0.0339621987705146,"max_drawdown_abs":35.53192625}],"results_per_enter_tag":[{"key":"","trades":60,"profit_mean":0.001152659686898926,"profit_mean_pct":0.12,"profit_total_abs":22.00106138999999,"profit_total":0.02200106138999999,"profit_total_pct":2.2,"duration_avg":"4:25:00","wins":34,"draws":21,"losses":5,"winrate":0.5666666666666667,"cagr":0.08533634428838233,"expectancy":0.36668435649999975,"expectancy_ratio":-0.32919192968701505,"sortino":19.331429516350443,"sharpe":0.7073603336582804,"calmar":12.75917315727727,"sqn":0.4598,"profit_factor":1.24969684375582,"max_drawdown_account":0.0339621987705146,"max_drawdown_abs":35.53192625},{"key":"TOTAL","trades":60,"profit_mean":0.001152659686898926,"profit_mean_pct":0.12,"profit_total_abs":22.00106138999999,"profit_total":0.02200106138999999,"profit_total_pct":2.2,"duration_avg":"4:25:00","wins":34,"draws":21,"losses":5,"winrate":0.5666666666666667,"cagr":0.08533634428838233,"expectancy":0.36668435649999975,"expectancy_ratio":-0.32919192968701505,"sortino":19.331429516350443,"sharpe":0.7073603336582804,"calmar":12.75917315727727,"sqn":0.4598,"profit_factor":1.24969684375582,"max_drawdown_account":0.0339621987705146,"max_drawdown_abs":35.53192625}],"exit_reason_summary":[{"key":"roi","trades":55,"profit_mean":0.005972084537424514,"profit_mean_pct":0.6,"profit_total_abs":110.11215265999999,"profit_total":0.11011215265999999,"profit_total_pct":11.01,"duration_avg":"2:59:00","wins":34,"draws":21,"losses":0,"winrate":0.6181818181818182,"cagr":0.4815296183701183,"expectancy":2.002039139272727,"expectancy_ratio":100.0,"sortino":-100,"sharpe":7.293301009041197,"calmar":-100,"sqn":4.9475,"profit_factor":0.0,"max_drawdown_account":0.0,"max_drawdown_abs":0.0},{"key":"stop_loss","trades":5,"profit_mean":-0.05186101366888253,"profit_mean_pct":-5.19,"profit_total_abs":-88.11109127,"profit_total":-0.08811109127,"profit_total_pct":-8.81,"duration_avg":"20:12:00","wins":0,"draws":0,"losses":5,"winrate":0.0,"cagr":-0.2932496403295427,"expectancy":-17.622218254,"expectancy_ratio":-1.0,"sortino":-77.41959900484265,"sharpe":-77.41959900484265,"calmar":-19.695848633549282,"sqn":-157.2303,"profit_factor":0.0,"max_drawdown_account":0.08811109126999997,"max_drawdown_abs":88.11109127},{"key":"TOTAL","trades":60,"profit_mean":0.001152659686898926,"profit_mean_pct":0.12,"profit_total_abs":22.00106138999999,"profit_total":0.02200106138999999,"profit_total_pct":2.2,"duration_avg":"4:25:00","wins":34,"draws":21,"losses":5,"winrate":0.5666666666666667,"cagr":0.08533634428838233,"expectancy":0.36668435649999975,"expectancy_ratio":-0.32919192968701505,"sortino":19.331429516350443,"sharpe":0.7073603336582804,"calmar":12.75917315727727,"sqn":0.4598,"profit_factor":1.24969684375582,"max_drawdown_account":0.0339621987705146,"max_drawdown_abs":35.53192625}],"mix_tag_stats":[{"key":["","roi"],"trades":55,"profit_mean":0.005972084537424514,"profit_mean_pct":0.6,"profit_total_abs":110.11215265999999,"profit_total":0.11011215265999999,"profit_total_pct":11.01,"duration_avg":"2:59:00","wins":34,"draws":21,"losses":0,"winrate":0.6181818181818182,"cagr":0.4815296183701183,"expectancy":2.002039139272727,"expectancy_ratio":100.0,"sortino":-100,"sharpe":7.293301009041197,"calmar":-100,"sqn":4.9475,"profit_factor":0.0,"max_drawdown_account":0.0,"max_drawdown_abs":0.0},{"key":["","stop_loss"],"trades":5,"profit_mean":-0.05186101366888253,"profit_mean_pct":-5.19,"profit_total_abs":-88.11109127,"profit_total":-0.08811109127,"profit_total_pct":-8.81,"duration_avg":"20:12:00","wins":0,"draws":0,"losses":5,"winrate":0.0,"cagr":-0.2932496403295427,"expectancy":-17.622218254,"expectancy_ratio":-1.0,"sortino":-77.41959900484265,"sharpe":-77.41959900484265,"calmar":-19.695848633549282,"sqn":-157.2303,"profit_factor":0.0,"max_drawdown_account":0.08811109126999997,"max_drawdown_abs":88.11109127},{"key":"TOTAL","trades":60,"profit_mean":0.001152659686898926,"profit_mean_pct":0.12,"profit_total_abs":22.00106138999999,"profit_total":0.02200106138999999,"profit_total_pct":2.2,"duration_avg":"4:25:00","wins":34,"draws":21,"losses":5,"winrate":0.5666666666666667,"cagr":0.08533634428838233,"expectancy":0.36668435649999975,"expectancy_ratio":-0.32919192968701505,"sortino":19.331429516350443,"sharpe":0.7073603336582804,"calmar":12.75917315727727,"sqn":0.4598,"profit_factor":1.24969684375582,"max_drawdown_account":0.0339621987705146,"max_drawdown_abs":35.53192625}],"left_open_trades":[{"key":"TOTAL","trades":0,"profit_mean":0.0,"profit_mean_pct":0.0,"profit_total_abs":0.0,"profit_total":0.0,"profit_total_pct":0.0,"duration_avg":"0:00","wins":0,"draws":0,"losses":0,"winrate":0.0,"cagr":0.0,"expectancy":0.0,"expectancy_ratio":100.0,"sortino":0,"sharpe":0,"calmar":0,"sqn":0.0,"profit_factor":0.0,"max_drawdown_account":0.0,"max_drawdown_abs":0.0}],"total_trades":60,"trade_count_long":60,"trade_count_short":0,"total_volume":40444.27724813952,"avg_stake_amount":336.17890366666666,"profit_mean":0.001152659686898926,"profit_median":0.0006553934960897736,"profit_total":0.02200106138999999,"profit_total_long":0.02200106138999999,"profit_total_short":0.0,"profit_total_abs":22.00106138999999,"profit_total_long_abs":22.00106138999999,"profit_total_short_abs":0.0,"cagr":0.08533634428838233,"expectancy":0.36668435649999975,"expectancy_ratio":-0.32919192968701505,"sortino":19.331429516350443,"sharpe":0.7073603336582804,"calmar":12.75917315727727,"sqn":0.4598,"profit_factor":1.24969684375582,"backtest_start":"2025-10-01 00:00:00","backtest_start_ts":1759276800000,"backtest_end":"2026-01-06 20:00:00","backtest_end_ts":1767729600000,"backtest_days":97,"backtest_run_start_ts":1767737401,"backtest_run_end_ts":1767737401,"trades_per_day":0.62,"market_change":-0.36632086436227446,"pairlist":["DOGE/USDT"],"stake_amount":"unlimited","stake_currency":"USDT","stake_currency_decimals":3,"starting_balance":1000,"dry_run_wallet":1000,"final_balance":1022.00106139,"rejected_signals":0,"timedout_entry_orders":0,"timedout_exit_orders":0,"canceled_trade_entries":0,"canceled_entry_orders":0,"replaced_entry_orders":0,"max_open_trades":1,"max_open_trades_setting":3,"timeframe":"1h","timeframe_detail":"","timerange":"20251001-","enable_protections":false,"strategy_name":"ACO_20_9","freqaimodel":null,"freqai_identifier":null,"stoploss":-0.05,"trailing_stop":false,"trailing_stop_positive":null,"trailing_stop_positive_offset":0.0,"trailing_only_offset_is_reached":false,"use_custom_stoploss":false,"minimal_roi":{"0":0.1,"60":0.05,"120":0.0},"use_exit_signal":true,"exit_profit_only":false,"exit_profit_offset":0.0,"ignore_roi_if_entry_signal":false,"trading_mode":"spot","margin_mode":"","periodic_breakdown":{"day":[{"date":"02/10/2025","date_ts":1759363200000,"profit_abs":4.93265061,"wins":1,"draws":0,"losses":0,"trades":1,"profit_factor":0.0},{"date":"03/10/2025","date_ts":1759449600000,"profit_abs":2.52257527,"wins":1,"draws":1,"losses":0,"trades":2,"profit_factor":0.0},{"date":"04/10/2025","date_ts":1759536000000,"profit_abs":0.0,"wins":0,"draws":0,"losses":0,"trades":0,"profit_factor":0.0},{"date":"05/10/2025","date_ts":1759622400000,"profit_abs":0.0,"wins":0,"draws":0,"losses":0,"trades":0,"profit_factor":0.0},{"date":"06/10/2025","date_ts":1759708800000,"profit_abs":0.0,"wins":0,"draws":1,"losses":0,"trades":1,"profit_factor":0.0},{"date":"07/10/2025","date_ts":1759795200000,"profit_abs":0.0,"wins":0,"draws":2,"losses":0,"trades":2,"profit_factor":0.0},{"date":"08/10/2025","date_ts":1759881600000,"profit_abs":0.20353704,"wins":1,"draws":1,"losses":0,"trades":2,"profit_factor":0.0},{"date":"09/10/2025","date_ts":1759968000000,"profit_abs":-17.262076,"wins":0,"draws":0,"losses":1,"trades":1,"profit_factor":0.0},{"date":"10/10/2025","date_ts":1760054400000,"profit_abs":0.0,"wins":0,"draws":0,"losses":0,"trades":0,"profit_factor":0.0},{"date":"11/10/2025","date_ts":1760140800000,"profit_abs":0.0,"wins":0,"draws":1,"losses":0,"trades":1,"profit_factor":0.0},{"date":"12/10/2025","date_ts":1760227200000,"profit_abs":16.336808,"wins":1,"draws":0,"losses":0,"trades":1,"profit_factor":0.0},{"date":"13/10/2025","date_ts":1760313600000,"profit_abs":3.11088504,"wins":1,"draws":0,"losses":0,"trades":1,"profit_factor":0.0},{"date":"14/10/2025","date_ts":1760400000000,"profit_abs":4.11993908,"wins":1,"draws":0,"losses":0,"trades":1,"profit_factor":0.0},{"date":"15/10/2025","date_ts":1760486400000,"profit_abs":0.0,"wins":0,"draws":0,"losses":0,"trades":0,"profit_factor":0.0},{"date":"16/10/2025","date_ts":1760572800000,"profit_abs":3.8124176,"wins":2,"draws":0,"losses":0,"trades":2,"profit_factor":0.0},{"date":"17/10/2025","date_ts":1760659200000,"profit_abs":0.0,"wins":0,"draws":2,"losses":0,"trades":2,"profit_factor":0.0},{"date":"18/10/2025","date_ts":1760745600000,"profit_abs":0.0,"wins":0,"draws":0,"losses":0,"trades":0,"profit_factor":0.0},{"date":"19/10/2025","date_ts":1760832000000,"profit_abs":0.0,"wins":0,"draws":0,"losses":0,"trades":0,"profit_factor":0.0},{"date":"20/10/2025","date_ts":1760918400000,"profit_abs":0.0,"wins":0,"draws":0,"losses":0,"trades":0,"profit_factor":0.0},{"date":"21/10/2025","date_ts":1761004800000,"profit_abs":0.0,"wins":0,"draws":0,"losses":0,"trades":0,"profit_factor":0.0},{"date":"22/10/2025","date_ts":1761091200000,"profit_abs":0.0,"wins":0,"draws":0,"losses":0,"trades":0,"profit_factor":0.0},{"date":"23/10/2025","date_ts":1761177600000,"profit_abs":0.0,"wins":0,"draws":0,"losses":0,"trades":0,"profit_factor":0.0},{"date":"24/10/2025","date_ts":1761264000000,"profit_abs":0.0,"wins":0,"draws":0,"losses":0,"trades":0,"profit_factor":0.0},{"date":"25/10/2025","date_ts":1761350400000,"profit_abs":0.0,"wins":0,"draws":0,"losses":0,"trades":0,"profit_factor":0.0},{"date":"26/10/2025","date_ts":1761436800000,"profit_abs":0.0,"wins":0,"draws":1,"losses":0,"trades":1,"profit_factor":0.0},{"date":"27/10/2025","date_ts":1761523200000,"profit_abs":0.0,"wins":0,"draws":1,"losses":0,"trades":1,"profit_factor":0.0},{"date":"28/10/2025","date_ts":1761609600000,"profit_abs":0.0,"wins":0,"draws":0,"losses":0,"trades":0,"profit_factor":0.0},{"date":"29/10/2025","date_ts":1761696000000,"profit_abs":0.7901712,"wins":1,"draws":1,"losses":0,"trades":2,"profit_factor":0.0},{"date":"30/10/2025","date_ts":1761782400000,"profit_abs":-11.48320222,"wins":1,"draws":1,"losses":1,"trades":3,"profit_factor":0.34539708},{"date":"31/10/2025","date_ts":1761868800000,"profit_abs":0.0,"wins":0,"draws":0,"losses":0,"trades":0,"profit_factor":0.0},{"date":"01/11/2025","date_ts":1761955200000,"profit_abs":0.0,"wins":0,"draws":0,"losses":0,"trades":0,"profit_factor":0.0},{"date":"02/11/2025","date_ts":1762041600000,"profit_abs":0.0,"wins":0,"draws":0,"losses":0,"trades":0,"profit_factor":0.0},{"date":"03/11/2025","date_ts":1762128000000,"profit_abs":2.80121501,"wins":2,"draws":0,"losses":0,"trades":2,"profit_factor":0.0},{"date":"04/11/2025","date_ts":1762214400000,"profit_abs":6.3548646,"wins":2,"draws":1,"losses":0,"trades":3,"profit_factor":0.0},{"date":"05/11/2025","date_ts":1762300800000,"profit_abs":5.15982879,"wins":1,"draws":0,"losses":0,"trades":1,"profit_factor":0.0},{"date":"06/11/2025","date_ts":1762387200000,"profit_abs":0.0,"wins":0,"draws":1,"losses":0,"trades":1,"profit_factor":0.0},{"date":"07/11/2025","date_ts":1762473600000,"profit_abs":0.0,"wins":0,"draws":0,"losses":0,"trades":0,"profit_factor":0.0},{"date":"08/11/2025","date_ts":1762560000000,"profit_abs":8.67669577,"wins":2,"draws":0,"losses":0,"trades":2,"profit_factor":0.0},{"date":"09/11/2025","date_ts":1762646400000,"profit_abs":0.0,"wins":0,"draws":0,"losses":0,"trades":0,"profit_factor":0.0},{"date":"10/11/2025","date_ts":1762732800000,"profit_abs":0.0,"wins":0,"draws":0,"losses":0,"trades":0,"profit_factor":0.0},{"date":"11/11/2025","date_ts":1762819200000,"profit_abs":0.0,"wins":0,"draws":0,"losses":0,"trades":0,"profit_factor":0.0},{"date":"12/11/2025","date_ts":1762905600000,"profit_abs":6.78124446,"wins":2,"draws":0,"losses":0,"trades":2,"profit_factor":0.0},{"date":"13/11/2025","date_ts":1762992000000,"profit_abs":0.0,"wins":0,"draws":0,"losses":0,"trades":0,"profit_factor":0.0},{"date":"14/11/2025","date_ts":1763078400000,"profit_abs":0.21908928,"wins":1,"draws":1,"losses":0,"trades":2,"profit_factor":0.0},{"date":"15/11/2025","date_ts":1763164800000,"profit_abs":1.1192418,"wins":1,"draws":0,"losses":0,"trades":1,"profit_factor":0.0},{"date":"16/11/2025","date_ts":1763251200000,"profit_abs":0.0,"wins":0,"draws":0,"losses":0,"trades":0,"profit_factor":0.0},{"date":"17/11/2025","date_ts":1763337600000,"profit_abs":0.0,"wins":0,"draws":0,"losses":0,"trades":0,"profit_factor":0.0},{"date":"18/11/2025","date_ts":1763424000000,"profit_abs":0.0,"wins":0,"draws":0,"losses":0,"trades":0,"profit_factor":0.0},{"date":"19/11/2025","date_ts":1763510400000,"profit_abs":0.0,"wins":0,"draws":0,"losses":0,"trades":0,"profit_factor":0.0},{"date":"20/11/2025","date_ts":1763596800000,"profit_abs":0.0,"wins":0,"draws":0,"losses":0,"trades":0,"profit_factor":0.0},{"date":"21/11/2025","date_ts":1763683200000,"profit_abs":-15.73912061,"wins":1,"draws":0,"losses":1,"trades":2,"profit_factor":0.11452854},{"date":"22/11/2025","date_ts":1763769600000,"profit_abs":17.86455745,"wins":4,"draws":0,"losses":0,"trades":4,"profit_factor":0.0},{"date":"23/11/2025","date_ts":1763856000000,"profit_abs":0.0,"wins":0,"draws":0,"losses":0,"trades":0,"profit_factor":0.0},{"date":"24/11/2025","date_ts":1763942400000,"profit_abs":1.51267869,"wins":1,"draws":0,"losses":0,"trades":1,"profit_factor":0.0},{"date":"25/11/2025","date_ts":1764028800000,"profit_abs":0.0,"wins":0,"draws":0,"losses":0,"trades":0,"profit_factor":0.0},{"date":"26/11/2025","date_ts":1764115200000,"profit_abs":0.0,"wins":0,"draws":0,"losses":0,"trades":0,"profit_factor":0.0},{"date":"27/11/2025","date_ts":1764201600000,"profit_abs":0.0,"wins":0,"draws":0,"losses":0,"trades":0,"profit_factor":0.0},{"date":"28/11/2025","date_ts":1764288000000,"profit_abs":0.0,"wins":0,"draws":0,"losses":0,"trades":0,"profit_factor":0.0},{"date":"29/11/2025","date_ts":1764374400000,"profit_abs":0.0,"wins":0,"draws":0,"losses":0,"trades":0,"profit_factor":0.0},{"date":"30/11/2025","date_ts":1764460800000,"profit_abs":0.0,"wins":0,"draws":0,"losses":0,"trades":0,"profit_factor":0.0},{"date":"01/12/2025","date_ts":1764547200000,"profit_abs":0.0,"wins":0,"draws":2,"losses":0,"trades":2,"profit_factor":0.0},{"date":"02/12/2025","date_ts":1764633600000,"profit_abs":4.38584168,"wins":1,"draws":0,"losses":0,"trades":1,"profit_factor":0.0},{"date":"03/12/2025","date_ts":1764720000000,"profit_abs":0.0,"wins":0,"draws":1,"losses":0,"trades":1,"profit_factor":0.0},{"date":"04/12/2025","date_ts":1764806400000,"profit_abs":0.0,"wins":0,"draws":0,"losses":0,"trades":0,"profit_factor":0.0},{"date":"05/12/2025","date_ts":1764892800000,"profit_abs":-17.92488815,"wins":0,"draws":0,"losses":1,"trades":1,"profit_factor":0.0},{"date":"06/12/2025","date_ts":1764979200000,"profit_abs":0.0,"wins":0,"draws":0,"losses":0,"trades":0,"profit_factor":0.0},{"date":"07/12/2025","date_ts":1765065600000,"profit_abs":-17.6070381,"wins":0,"draws":0,"losses":1,"trades":1,"profit_factor":0.0},{"date":"08/12/2025","date_ts":1765152000000,"profit_abs":0.0,"wins":0,"draws":0,"losses":0,"trades":0,"profit_factor":0.0},{"date":"09/12/2025","date_ts":1765238400000,"profit_abs":0.0,"wins":0,"draws":0,"losses":0,"trades":0,"profit_factor":0.0},{"date":"10/12/2025","date_ts":1765324800000,"profit_abs":0.0,"wins":0,"draws":0,"losses":0,"trades":0,"profit_factor":0.0},{"date":"11/12/2025","date_ts":1765411200000,"profit_abs":0.0,"wins":0,"draws":0,"losses":0,"trades":0,"profit_factor":0.0},{"date":"12/12/2025","date_ts":1765497600000,"profit_abs":0.0,"wins":0,"draws":0,"losses":0,"trades":0,"profit_factor":0.0},{"date":"13/12/2025","date_ts":1765584000000,"profit_abs":0.0,"wins":0,"draws":0,"losses":0,"trades":0,"profit_factor":0.0},{"date":"14/12/2025","date_ts":1765670400000,"profit_abs":0.0,"wins":0,"draws":0,"losses":0,"trades":0,"profit_factor":0.0},{"date":"15/12/2025","date_ts":1765756800000,"profit_abs":0.0,"wins":0,"draws":2,"losses":0,"trades":2,"profit_factor":0.0},{"date":"16/12/2025","date_ts":1765843200000,"profit_abs":0.0,"wins":0,"draws":0,"losses":0,"trades":0,"profit_factor":0.0},{"date":"17/12/2025","date_ts":1765929600000,"profit_abs":0.0,"wins":0,"draws":0,"losses":0,"trades":0,"profit_factor":0.0},{"date":"18/12/2025","date_ts":1766016000000,"profit_abs":0.0,"wins":0,"draws":0,"losses":0,"trades":0,"profit_factor":0.0},{"date":"19/12/2025","date_ts":1766102400000,"profit_abs":0.0,"wins":0,"draws":0,"losses":0,"trades":0,"profit_factor":0.0},{"date":"20/12/2025","date_ts":1766188800000,"profit_abs":0.62466083,"wins":2,"draws":0,"losses":0,"trades":2,"profit_factor":0.0},{"date":"21/12/2025","date_ts":1766275200000,"profit_abs":0.0,"wins":0,"draws":0,"losses":0,"trades":0,"profit_factor":0.0},{"date":"22/12/2025","date_ts":1766361600000,"profit_abs":0.0,"wins":0,"draws":1,"losses":0,"trades":1,"profit_factor":0.0},{"date":"23/12/2025","date_ts":1766448000000,"profit_abs":0.0,"wins":0,"draws":0,"losses":0,"trades":0,"profit_factor":0.0},{"date":"24/12/2025","date_ts":1766534400000,"profit_abs":0.0,"wins":0,"draws":0,"losses":0,"trades":0,"profit_factor":0.0},{"date":"25/12/2025","date_ts":1766620800000,"profit_abs":0.0,"wins":0,"draws":0,"losses":0,"trades":0,"profit_factor":0.0},{"date":"26/12/2025","date_ts":1766707200000,"profit_abs":0.0,"wins":0,"draws":0,"losses":0,"trades":0,"profit_factor":0.0},{"date":"27/12/2025","date_ts":1766793600000,"profit_abs":0.0,"wins":0,"draws":0,"losses":0,"trades":0,"profit_factor":0.0},{"date":"28/12/2025","date_ts":1766880000000,"profit_abs":0.0,"wins":0,"draws":0,"losses":0,"trades":0,"profit_factor":0.0},{"date":"29/12/2025","date_ts":1766966400000,"profit_abs":0.0,"wins":0,"draws":0,"losses":0,"trades":0,"profit_factor":0.0},{"date":"30/12/2025","date_ts":1767052800000,"profit_abs":0.0,"wins":0,"draws":0,"losses":0,"trades":0,"profit_factor":0.0},{"date":"31/12/2025","date_ts":1767139200000,"profit_abs":0.7836272,"wins":1,"draws":0,"losses":0,"trades":1,"profit_factor":0.0},{"date":"01/01/2026","date_ts":1767225600000,"profit_abs":0.0,"wins":0,"draws":0,"losses":0,"trades":0,"profit_factor":0.0},{"date":"02/01/2026","date_ts":1767312000000,"profit_abs":0.0,"wins":0,"draws":0,"losses":0,"trades":0,"profit_factor":0.0},{"date":"03/01/2026","date_ts":1767398400000,"profit_abs":6.35211589,"wins":2,"draws":0,"losses":0,"trades":2,"profit_factor":0.0},{"date":"04/01/2026","date_ts":1767484800000,"profit_abs":0.0,"wins":0,"draws":0,"losses":0,"trades":0,"profit_factor":0.0},{"date":"05/01/2026","date_ts":1767571200000,"profit_abs":3.55274118,"wins":1,"draws":0,"losses":0,"trades":1,"profit_factor":0.0}],"week":[{"date":"06/10/2025","date_ts":1759708800000,"profit_abs":7.45522588,"wins":2,"draws":2,"losses":0,"trades":4,"profit_factor":0.0},{"date":"13/10/2025","date_ts":1760313600000,"profit_abs":2.38915408,"wins":3,"draws":4,"losses":1,"trades":8,"profit_factor":1.13840479},{"date":"20/10/2025","date_ts":1760918400000,"profit_abs":7.93235668,"wins":3,"draws":2,"losses":0,"trades":5,"profit_factor":0.0},{"date":"27/10/2025","date_ts":1761523200000,"profit_abs":0.0,"wins":0,"draws":2,"losses":0,"trades":2,"profit_factor":0.0},{"date":"03/11/2025","date_ts":1762128000000,"profit_abs":-7.89181601,"wins":4,"draws":2,"losses":1,"trades":7,"profit_factor":0.55012498},{"date":"10/11/2025","date_ts":1762732800000,"profit_abs":20.19138916,"wins":5,"draws":2,"losses":0,"trades":7,"profit_factor":0.0},{"date":"17/11/2025","date_ts":1763337600000,"profit_abs":8.11957554,"wins":4,"draws":1,"losses":0,"trades":5,"profit_factor":0.0},{"date":"24/11/2025","date_ts":1763942400000,"profit_abs":3.63811553,"wins":6,"draws":0,"losses":1,"trades":7,"profit_factor":1.20467773},{"date":"01/12/2025","date_ts":1764547200000,"profit_abs":0.0,"wins":0,"draws":2,"losses":0,"trades":2,"profit_factor":0.0},{"date":"08/12/2025","date_ts":1765152000000,"profit_abs":-31.14608457,"wins":1,"draws":1,"losses":2,"trades":4,"profit_factor":0.12343383},{"date":"15/12/2025","date_ts":1765756800000,"profit_abs":0.0,"wins":0,"draws":2,"losses":0,"trades":2,"profit_factor":0.0},{"date":"22/12/2025","date_ts":1766361600000,"profit_abs":0.62466083,"wins":2,"draws":1,"losses":0,"trades":3,"profit_factor":0.0},{"date":"29/12/2025","date_ts":1766966400000,"profit_abs":0.0,"wins":0,"draws":0,"losses":0,"trades":0,"profit_factor":0.0},{"date":"05/01/2026","date_ts":1767571200000,"profit_abs":10.68848427,"wins":4,"draws":0,"losses":0,"trades":4,"profit_factor":0.0}],"month":[{"date":"31/10/2025","date_ts":1761868800000,"profit_abs":7.08370562,"wins":10,"draws":12,"losses":2,"trades":24,"profit_factor":1.20352951},{"date":"30/11/2025","date_ts":1764460800000,"profit_abs":34.75029524,"wins":17,"draws":3,"losses":1,"trades":21,"profit_factor":2.95502629},{"date":"31/12/2025","date_ts":1767139200000,"profit_abs":-29.73779654,"wins":4,"draws":6,"losses":2,"trades":12,"profit_factor":0.16306827},{"date":"31/01/2026","date_ts":1769817600000,"profit_abs":9.90485707,"wins":3,"draws":0,"losses":0,"trades":3,"profit_factor":0.0}],"year":[{"date":"31/12/2025","date_ts":1767139200000,"profit_abs":12.09620432,"wins":31,"draws":21,"losses":5,"trades":57,"profit_factor":1.13728356},{"date":"31/12/2026","date_ts":1798675200000,"profit_abs":9.90485707,"wins":3,"draws":0,"losses":0,"trades":3,"profit_factor":0.0}],"weekday":[{"date":"Monday","date_ts":0,"profit_abs":10.97751992,"wins":5,"draws":7,"losses":0,"trades":12,"profit_factor":0.0},{"date":"Tuesday","date_ts":1,"profit_abs":14.86064536,"wins":4,"draws":3,"losses":0,"trades":7,"profit_factor":0.0},{"date":"Wednesday","date_ts":2,"profit_abs":13.71840869,"wins":6,"draws":3,"losses":0,"trades":9,"profit_factor":0.0},{"date":"Thursday","date_ts":3,"profit_abs":-20.00021001,"wins":4,"draws":2,"losses":2,"trades":8,"profit_factor":0.42535261},{"date":"Friday","date_ts":4,"profit_abs":-30.92234421,"wins":3,"draws":4,"losses":2,"trades":9,"profit_factor":0.13382149},{"date":"Saturday","date_ts":5,"profit_abs":34.63727174,"wins":11,"draws":1,"losses":0,"trades":12,"profit_factor":0.0},{"date":"Sunday","date_ts":6,"profit_abs":-1.2702301,"wins":1,"draws":1,"losses":1,"trades":3,"profit_factor":0.92785668}]},"backtest_best_day":0.052613421608965205,"backtest_worst_day":-0.051888342441833546,"backtest_best_day_abs":17.86455745,"backtest_worst_day_abs":-17.92488815,"winning_days":22,"draw_days":69,"losing_days":5,"daily_profit":[["2025-10-02",4.93265061],["2025-10-03",2.52257527],["2025-10-04",0.0],["2025-10-05",0.0],["2025-10-06",0.0],["2025-10-07",0.0],["2025-10-08",0.20353704],["2025-10-09",-17.262076],["2025-10-10",0.0],["2025-10-11",0.0],["2025-10-12",16.336808],["2025-10-13",3.11088504],["2025-10-14",4.11993908],["2025-10-15",0.0],["2025-10-16",3.8124176],["2025-10-17",0.0],["2025-10-18",0.0],["2025-10-19",0.0],["2025-10-20",0.0],["2025-10-21",0.0],["2025-10-22",0.0],["2025-10-23",0.0],["2025-10-24",0.0],["2025-10-25",0.0],["2025-10-26",0.0],["2025-10-27",0.0],["2025-10-28",0.0],["2025-10-29",0.7901712],["2025-10-30",-11.48320222],["2025-10-31",0.0],["2025-11-01",0.0],["2025-11-02",0.0],["2025-11-03",2.80121501],["2025-11-04",6.3548646],["2025-11-05",5.15982879],["2025-11-06",0.0],["2025-11-07",0.0],["2025-11-08",8.67669577],["2025-11-09",0.0],["2025-11-10",0.0],["2025-11-11",0.0],["2025-11-12",6.78124446],["2025-11-13",0.0],["2025-11-14",0.21908928],["2025-11-15",1.1192418],["2025-11-16",0.0],["2025-11-17",0.0],["2025-11-18",0.0],["2025-11-19",0.0],["2025-11-20",0.0],["2025-11-21",-15.73912061],["2025-11-22",17.86455745],["2025-11-23",0.0],["2025-11-24",1.51267869],["2025-11-25",0.0],["2025-11-26",0.0],["2025-11-27",0.0],["2025-11-28",0.0],["2025-11-29",0.0],["2025-11-30",0.0],["2025-12-01",0.0],["2025-12-02",4.38584168],["2025-12-03",0.0],["2025-12-04",0.0],["2025-12-05",-17.92488815],["2025-12-06",0.0],["2025-12-07",-17.6070381],["2025-12-08",0.0],["2025-12-09",0.0],["2025-12-10",0.0],["2025-12-11",0.0],["2025-12-12",0.0],["2025-12-13",0.0],["2025-12-14",0.0],["2025-12-15",0.0],["2025-12-16",0.0],["2025-12-17",0.0],["2025-12-18",0.0],["2025-12-19",0.0],["2025-12-20",0.62466083],["2025-12-21",0.0],["2025-12-22",0.0],["2025-12-23",0.0],["2025-12-24",0.0],["2025-12-25",0.0],["2025-12-26",0.0],["2025-12-27",0.0],["2025-12-28",0.0],["2025-12-29",0.0],["2025-12-30",0.0],["2025-12-31",0.7836272],["2026-01-01",0.0],["2026-01-02",0.0],["2026-01-03",6.35211589],["2026-01-04",0.0],["2026-01-05",3.55274118]],"wins":34,"losses":5,"draws":21,"winrate":0.5666666666666667,"holding_avg":"4:25:00","holding_avg_s":15900.0,"winner_holding_min":"0d 01:00","winner_holding_min_s":3600.0,"winner_holding_max":"0d 02:00","winner_holding_max_s":7200.0,"winner_holding_avg":"0d 01:58","winner_holding_avg_s":7080.0,"loser_holding_min":"0d 01:00","loser_holding_min_s":3600.0,"loser_holding_max":"2d 00:00","loser_holding_max_s":172800.0,"loser_holding_avg":"0d 20:12","loser_holding_avg_s":72720.0,"max_consecutive_wins":6,"max_consecutive_losses":5,"max_drawdown_account":0.0339621987705146,"max_relative_drawdown":0.0339621987705146,"max_drawdown_abs":35.53192625,"drawdown_start":"2025-12-02 11:00:00","drawdown_start_ts":1764673200000.0,"drawdown_end":"2025-12-07 14:00:00","drawdown_end_ts":1765116000000.0,"drawdown_duration":"5 days 03:00:00","drawdown_duration_s":442800.0,"max_drawdown_low":10.68791629,"max_drawdown_high":46.21984254,"csum_min":990.39668692,"csum_max":1046.21984254}},"strategy_comparison":[{"key":"ACO_20_9","trades":60,"profit_mean":0.001152659686898926,"profit_mean_pct":0.12,"profit_total_abs":22.00106138999999,"profit_total":0.02200106138999999,"profit_total_pct":2.2,"duration_avg":"4:25:00","wins":34,"draws":21,"losses":5,"winrate":0.5666666666666667,"cagr":0.08533634428838233,"expectancy":0.36668435649999975,"expectancy_ratio":-0.32919192968701505,"sortino":19.331429516350443,"sharpe":0.7073603336582804,"calmar":12.75917315727727,"sqn":0.4598,"profit_factor":1.24969684375582,"max_drawdown_account":0.0339621987705146,"max_drawdown_abs":"35.532"}]}