{"strategy":{"ACO_37_9":{"trades":[{"pair":"DOGE/USDT","stake_amount":329.9104,"max_stake_amount":329.9104,"amount":1310.0,"open_date":"2025-10-05 02:00:00+00:00","close_date":"2025-10-05 04:00:00+00:00","open_rate":0.25184,"close_rate":0.25833,"fee_open":0.001,"fee_close":0.001,"trade_duration":120,"profit_ratio":0.02372083919892052,"profit_abs":7.8335773,"exit_reason":"roi","initial_stop_loss_abs":0.23925,"initial_stop_loss_ratio":-0.05,"stop_loss_abs":0.23925,"stop_loss_ratio":-0.05,"min_rate":0.25133,"max_rate":0.26398,"is_open":false,"enter_tag":"","leverage":1.0,"is_short":false,"open_timestamp":1759629600000,"close_timestamp":1759636800000,"orders":[{"amount":1310.0,"safe_price":0.25184,"ft_order_side":"buy","order_filled_timestamp":1759629600000,"ft_is_entry":true,"ft_order_tag":"","cost":330.2403104},{"amount":1310.0,"safe_price":0.25833,"ft_order_side":"sell","order_filled_timestamp":1759636800000,"ft_is_entry":false,"ft_order_tag":"roi","cost":338.7507123}],"funding_fees":0.0,"weekday":6},{"pair":"DOGE/USDT","stake_amount":332.39377,"max_stake_amount":332.39377,"amount":1291.0,"open_date":"2025-10-06 09:00:00+00:00","close_date":"2025-10-06 11:00:00+00:00","open_rate":0.25747,"close_rate":0.25909,"fee_open":0.001,"fee_close":0.001,"trade_duration":120,"profit_ratio":0.0042814217669540616,"profit_abs":1.42454104,"exit_reason":"roi","initial_stop_loss_abs":0.2446,"initial_stop_loss_ratio":-0.05,"stop_loss_abs":0.2446,"stop_loss_ratio":-0.05,"min_rate":0.25731,"max_rate":0.26191,"is_open":false,"enter_tag":"","leverage":1.0,"is_short":false,"open_timestamp":1759741200000,"close_timestamp":1759748400000,"orders":[{"amount":1291.0,"safe_price":0.25747,"ft_order_side":"buy","order_filled_timestamp":1759741200000,"ft_is_entry":true,"ft_order_tag":"","cost":332.7261637699999},{"amount":1291.0,"safe_price":0.25909,"ft_order_side":"sell","order_filled_timestamp":1759748400000,"ft_is_entry":false,"ft_order_tag":"roi","cost":334.81967518999994}],"funding_fees":0.0,"weekday":0},{"pair":"DOGE/USDT","stake_amount":332.98002,"max_stake_amount":332.98002,"amount":1734.0,"open_date":"2025-10-11 16:00:00+00:00","close_date":"2025-10-11 18:00:00+00:00","open_rate":0.19203,"close_rate":0.19359,"fee_open":0.001,"fee_close":0.001,"trade_duration":120,"profit_ratio":0.006109497438977208,"profit_abs":2.03637492,"exit_reason":"roi","initial_stop_loss_abs":0.18243,"initial_stop_loss_ratio":-0.05,"stop_loss_abs":0.18243,"stop_loss_ratio":-0.05,"min_rate":0.19141,"max_rate":0.19419,"is_open":false,"enter_tag":"","leverage":1.0,"is_short":false,"open_timestamp":1760198400000,"close_timestamp":1760205600000,"orders":[{"amount":1734.0,"safe_price":0.19203,"ft_order_side":"buy","order_filled_timestamp":1760198400000,"ft_is_entry":true,"ft_order_tag":"","cost":333.31300002},{"amount":1734.0,"safe_price":0.19359,"ft_order_side":"sell","order_filled_timestamp":1760205600000,"ft_is_entry":false,"ft_order_tag":"roi","cost":336.02074505999997}],"funding_fees":0.0,"weekday":5},{"pair":"DOGE/USDT","stake_amount":333.66008,"max_stake_amount":333.66008,"amount":1702.0,"open_date":"2025-10-29 18:00:00+00:00","close_date":"2025-10-29 20:00:00+00:00","open_rate":0.19604,"close_rate":0.19643247247247245,"fee_open":0.001,"fee_close":0.001,"trade_duration":120,"profit_ratio":0.0,"profit_abs":0.0,"exit_reason":"roi","initial_stop_loss_abs":0.18624,"initial_stop_loss_ratio":-0.05,"stop_loss_abs":0.18624,"stop_loss_ratio":-0.05,"min_rate":0.1871,"max_rate":0.197,"is_open":false,"enter_tag":"","leverage":1.0,"is_short":false,"open_timestamp":1761760800000,"close_timestamp":1761768000000,"orders":[{"amount":1702.0,"safe_price":0.19604,"ft_order_side":"buy","order_filled_timestamp":1761760800000,"ft_is_entry":true,"ft_order_tag":"","cost":333.99374007999995},{"amount":1702.0,"safe_price":0.19643247247247245,"ft_order_side":"sell","order_filled_timestamp":1761768000000,"ft_is_entry":false,"ft_order_tag":"roi","cost":334.6623962162962}],"funding_fees":0.0,"weekday":2},{"pair":"DOGE/USDT","stake_amount":333.54748,"max_stake_amount":333.54748,"amount":1774.0,"open_date":"2025-11-02 05:00:00+00:00","close_date":"2025-11-02 07:00:00+00:00","open_rate":0.18802,"close_rate":0.18839641641641638,"fee_open":0.001,"fee_close":0.001,"trade_duration":120,"profit_ratio":0.0,"profit_abs":0.0,"exit_reason":"roi","initial_stop_loss_abs":0.17862,"initial_stop_loss_ratio":-0.05,"stop_loss_abs":0.17862,"stop_loss_ratio":-0.05,"min_rate":0.18701,"max_rate":0.18884,"is_open":false,"enter_tag":"","leverage":1.0,"is_short":false,"open_timestamp":1762059600000,"close_timestamp":1762066800000,"orders":[{"amount":1774.0,"safe_price":0.18802,"ft_order_side":"buy","order_filled_timestamp":1762059600000,"ft_is_entry":true,"ft_order_tag":"","cost":333.88102747999994},{"amount":1774.0,"safe_price":0.18839641641641638,"ft_order_side":"sell","order_filled_timestamp":1762066800000,"ft_is_entry":false,"ft_order_tag":"roi","cost":334.54945796544536}],"funding_fees":0.0,"weekday":6},{"pair":"DOGE/USDT","stake_amount":333.57708,"max_stake_amount":333.57708,"amount":2151.0,"open_date":"2025-11-18 08:00:00+00:00","close_date":"2025-11-18 10:00:00+00:00","open_rate":0.15508,"close_rate":0.15741,"fee_open":0.001,"fee_close":0.001,"trade_duration":120,"profit_ratio":0.012996482496095597,"profit_abs":4.33966401,"exit_reason":"roi","initial_stop_loss_abs":0.14733,"initial_stop_loss_ratio":-0.05,"stop_loss_abs":0.14733,"stop_loss_ratio":-0.05,"min_rate":0.15503,"max_rate":0.15786,"is_open":false,"enter_tag":"","leverage":1.0,"is_short":false,"open_timestamp":1763452800000,"close_timestamp":1763460000000,"orders":[{"amount":2151.0,"safe_price":0.15508,"ft_order_side":"buy","order_filled_timestamp":1763452800000,"ft_is_entry":true,"ft_order_tag":"","cost":333.9106570799999},{"amount":2151.0,"safe_price":0.15741,"ft_order_side":"sell","order_filled_timestamp":1763460000000,"ft_is_entry":false,"ft_order_tag":"roi","cost":338.92749890999994}],"funding_fees":0.0,"weekday":1},{"pair":"DOGE/USDT","stake_amount":335.027,"max_stake_amount":335.027,"amount":2290.0,"open_date":"2025-12-09 16:00:00+00:00","close_date":"2025-12-09 18:00:00+00:00","open_rate":0.1463,"close_rate":0.15095,"fee_open":0.001,"fee_close":0.001,"trade_duration":120,"profit_ratio":0.029722498963783994,"profit_abs":9.9677975,"exit_reason":"roi","initial_stop_loss_abs":0.13899,"initial_stop_loss_ratio":-0.05,"stop_loss_abs":0.13899,"stop_loss_ratio":-0.05,"min_rate":0.1463,"max_rate":0.15319,"is_open":false,"enter_tag":"","leverage":1.0,"is_short":false,"open_timestamp":1765296000000,"close_timestamp":1765303200000,"orders":[{"amount":2290.0,"safe_price":0.1463,"ft_order_side":"buy","order_filled_timestamp":1765296000000,"ft_is_entry":true,"ft_order_tag":"","cost":335.362027},{"amount":2290.0,"safe_price":0.15095,"ft_order_side":"sell","order_filled_timestamp":1765303200000,"ft_is_entry":false,"ft_order_tag":"roi","cost":346.02117549999997}],"funding_fees":0.0,"weekday":1},{"pair":"DOGE/USDT","stake_amount":338.35696,"max_stake_amount":338.35696,"amount":2636.0,"open_date":"2025-12-24 16:00:00+00:00","close_date":"2025-12-24 20:00:00+00:00","open_rate":0.12836,"close_rate":0.12861697697697697,"fee_open":0.001,"fee_close":0.001,"trade_duration":240,"profit_ratio":0.0,"profit_abs":0.0,"exit_reason":"roi","initial_stop_loss_abs":0.12195,"initial_stop_loss_ratio":-0.05,"stop_loss_abs":0.12195,"stop_loss_ratio":-0.05,"min_rate":0.12762,"max_rate":0.12946,"is_open":false,"enter_tag":"","leverage":1.0,"is_short":false,"open_timestamp":1766592000000,"close_timestamp":1766606400000,"orders":[{"amount":2636.0,"safe_price":0.12836,"ft_order_side":"buy","order_filled_timestamp":1766592000000,"ft_is_entry":true,"ft_order_tag":"","cost":338.69531695999996},{"amount":2636.0,"safe_price":0.12861697697697697,"ft_order_side":"sell","order_filled_timestamp":1766606400000,"ft_is_entry":false,"ft_order_tag":"roi","cost":339.3733856626226}],"funding_fees":0.0,"weekday":2},{"pair":"DOGE/USDT","stake_amount":338.41764,"max_stake_amount":338.41764,"amount":2742.0,"open_date":"2025-12-31 12:00:00+00:00","close_date":"2025-12-31 14:00:00+00:00","open_rate":0.12342,"close_rate":0.12366708708708707,"fee_open":0.001,"fee_close":0.001,"trade_duration":120,"profit_ratio":0.0,"profit_abs":0.0,"exit_reason":"roi","initial_stop_loss_abs":0.11725,"initial_stop_loss_ratio":-0.05,"stop_loss_abs":0.11725,"stop_loss_ratio":-0.05,"min_rate":0.12276,"max_rate":0.12381,"is_open":false,"enter_tag":"","leverage":1.0,"is_short":false,"open_timestamp":1767182400000,"close_timestamp":1767189600000,"orders":[{"amount":2742.0,"safe_price":0.12342,"ft_order_side":"buy","order_filled_timestamp":1767182400000,"ft_is_entry":true,"ft_order_tag":"","cost":338.75605764},{"amount":2742.0,"safe_price":0.12366708708708707,"ft_order_side":"sell","order_filled_timestamp":1767189600000,"ft_is_entry":false,"ft_order_tag":"roi","cost":339.4342479455855}],"funding_fees":0.0,"weekday":2}],"locks":[],"best_pair":{"key":"DOGE/USDT","trades":9,"profit_mean":0.008536748873859043,"profit_mean_pct":0.85,"profit_total_abs":25.60195477,"profit_total":0.025601954769999997,"profit_total_pct":2.56,"duration_avg":"2:13:00","wins":5,"draws":4,"losses":0,"winrate":0.5555555555555556,"cagr":0.09979598436896486,"expectancy":2.8446616411111108,"expectancy_ratio":100.0,"sortino":-100,"sharpe":1.4237002407013237,"calmar":-100,"sqn":2.2717,"profit_factor":0.0,"max_drawdown_account":0.0,"max_drawdown_abs":0.0},"worst_pair":{"key":"DOGE/USDT","trades":9,"profit_mean":0.008536748873859043,"profit_mean_pct":0.85,"profit_total_abs":25.60195477,"profit_total":0.025601954769999997,"profit_total_pct":2.56,"duration_avg":"2:13:00","wins":5,"draws":4,"losses":0,"winrate":0.5555555555555556,"cagr":0.09979598436896486,"expectancy":2.8446616411111108,"expectancy_ratio":100.0,"sortino":-100,"sharpe":1.4237002407013237,"calmar":-100,"sqn":2.2717,"profit_factor":0.0,"max_drawdown_account":0.0,"max_drawdown_abs":0.0},"results_per_pair":[{"key":"DOGE/USDT","trades":9,"profit_mean":0.008536748873859043,"profit_mean_pct":0.85,"profit_total_abs":25.60195477,"profit_total":0.025601954769999997,"profit_total_pct":2.56,"duration_avg":"2:13:00","wins":5,"draws":4,"losses":0,"winrate":0.5555555555555556,"cagr":0.09979598436896486,"expectancy":2.8446616411111108,"expectancy_ratio":100.0,"sortino":-100,"sharpe":1.4237002407013237,"calmar":-100,"sqn":2.2717,"profit_factor":0.0,"max_drawdown_account":0.0,"max_drawdown_abs":0.0},{"key":"TOTAL","trades":9,"profit_mean":0.008536748873859043,"profit_mean_pct":0.85,"profit_total_abs":25.60195477,"profit_total":0.025601954769999997,"profit_total_pct":2.56,"duration_avg":"2:13:00","wins":5,"draws":4,"losses":0,"winrate":0.5555555555555556,"cagr":0.09979598436896486,"expectancy":2.8446616411111108,"expectancy_ratio":100.0,"sortino":-100,"sharpe":1.4237002407013237,"calmar":-100,"sqn":2.2717,"profit_factor":0.0,"max_drawdown_account":0.0,"max_drawdown_abs":0.0}],"results_per_enter_tag":[{"key":"","trades":9,"profit_mean":0.008536748873859043,"profit_mean_pct":0.85,"profit_total_abs":25.60195477,"profit_total":0.025601954769999997,"profit_total_pct":2.56,"duration_avg":"2:13:00","wins":5,"draws":4,"losses":0,"winrate":0.5555555555555556,"cagr":0.09979598436896486,"expectancy":2.8446616411111108,"expectancy_ratio":100.0,"sortino":-100,"sharpe":1.4237002407013237,"calmar":-100,"sqn":2.2717,"profit_factor":0.0,"max_drawdown_account":0.0,"max_drawdown_abs":0.0},{"key":"TOTAL","trades":9,"profit_mean":0.008536748873859043,"profit_mean_pct":0.85,"profit_total_abs":25.60195477,"profit_total":0.025601954769999997,"profit_total_pct":2.56,"duration_avg":"2:13:00","wins":5,"draws":4,"losses":0,"winrate":0.5555555555555556,"cagr":0.09979598436896486,"expectancy":2.8446616411111108,"expectancy_ratio":100.0,"sortino":-100,"sharpe":1.4237002407013237,"calmar":-100,"sqn":2.2717,"profit_factor":0.0,"max_drawdown_account":0.0,"max_drawdown_abs":0.0}],"exit_reason_summary":[{"key":"roi","trades":9,"profit_mean":0.008536748873859043,"profit_mean_pct":0.85,"profit_total_abs":25.60195477,"profit_total":0.025601954769999997,"profit_total_pct":2.56,"duration_avg":"2:13:00","wins":5,"draws":4,"losses":0,"winrate":0.5555555555555556,"cagr":0.09979598436896486,"expectancy":2.8446616411111108,"expectancy_ratio":100.0,"sortino":-100,"sharpe":1.4237002407013237,"calmar":-100,"sqn":2.2717,"profit_factor":0.0,"max_drawdown_account":0.0,"max_drawdown_abs":0.0},{"key":"TOTAL","trades":9,"profit_mean":0.008536748873859043,"profit_mean_pct":0.85,"profit_total_abs":25.60195477,"profit_total":0.025601954769999997,"profit_total_pct":2.56,"duration_avg":"2:13:00","wins":5,"draws":4,"losses":0,"winrate":0.5555555555555556,"cagr":0.09979598436896486,"expectancy":2.8446616411111108,"expectancy_ratio":100.0,"sortino":-100,"sharpe":1.4237002407013237,"calmar":-100,"sqn":2.2717,"profit_factor":0.0,"max_drawdown_account":0.0,"max_drawdown_abs":0.0}],"mix_tag_stats":[{"key":["","roi"],"trades":9,"profit_mean":0.008536748873859043,"profit_mean_pct":0.85,"profit_total_abs":25.60195477,"profit_total":0.025601954769999997,"profit_total_pct":2.56,"duration_avg":"2:13:00","wins":5,"draws":4,"losses":0,"winrate":0.5555555555555556,"cagr":0.09979598436896486,"expectancy":2.8446616411111108,"expectancy_ratio":100.0,"sortino":-100,"sharpe":1.4237002407013237,"calmar":-100,"sqn":2.2717,"profit_factor":0.0,"max_drawdown_account":0.0,"max_drawdown_abs":0.0},{"key":"TOTAL","trades":9,"profit_mean":0.008536748873859043,"profit_mean_pct":0.85,"profit_total_abs":25.60195477,"profit_total":0.025601954769999997,"profit_total_pct":2.56,"duration_avg":"2:13:00","wins":5,"draws":4,"losses":0,"winrate":0.5555555555555556,"cagr":0.09979598436896486,"expectancy":2.8446616411111108,"expectancy_ratio":100.0,"sortino":-100,"sharpe":1.4237002407013237,"calmar":-100,"sqn":2.2717,"profit_factor":0.0,"max_drawdown_account":0.0,"max_drawdown_abs":0.0}],"left_open_trades":[{"key":"TOTAL","trades":0,"profit_mean":0.0,"profit_mean_pct":0.0,"profit_total_abs":0.0,"profit_total":0.0,"profit_total_pct":0.0,"duration_avg":"0:00","wins":0,"draws":0,"losses":0,"winrate":0.0,"cagr":0.0,"expectancy":0.0,"expectancy_ratio":100.0,"sortino":0,"sharpe":0,"calmar":0,"sqn":0.0,"profit_factor":0.0,"max_drawdown_account":0.0,"max_drawdown_abs":0.0}],"total_trades":9,"trade_count_long":9,"trade_count_short":0,"total_volume":6053.437595179949,"avg_stake_amount":334.20782555555553,"profit_mean":0.008536748873859043,"profit_median":0.0042814217669540616,"profit_total":0.025601954769999997,"profit_total_long":0.025601954769999997,"profit_total_short":0.0,"profit_total_abs":25.60195477,"profit_total_long_abs":25.60195477,"profit_total_short_abs":0.0,"cagr":0.09979598436896486,"expectancy":2.8446616411111108,"expectancy_ratio":100.0,"sortino":-100,"sharpe":1.4237002407013237,"calmar":-100,"sqn":2.2717,"profit_factor":0.0,"backtest_start":"2025-10-01 00:00:00","backtest_start_ts":1759276800000,"backtest_end":"2026-01-06 20:00:00","backtest_end_ts":1767729600000,"backtest_days":97,"backtest_run_start_ts":1767749528,"backtest_run_end_ts":1767749528,"trades_per_day":0.09,"market_change":-0.36632086436227446,"pairlist":["DOGE/USDT"],"stake_amount":"unlimited","stake_currency":"USDT","stake_currency_decimals":3,"starting_balance":1000,"dry_run_wallet":1000,"final_balance":1025.60195477,"rejected_signals":0,"timedout_entry_orders":0,"timedout_exit_orders":0,"canceled_trade_entries":0,"canceled_entry_orders":0,"replaced_entry_orders":0,"max_open_trades":1,"max_open_trades_setting":3,"timeframe":"1h","timeframe_detail":"","timerange":"20251001-","enable_protections":false,"strategy_name":"ACO_37_9","freqaimodel":null,"freqai_identifier":null,"stoploss":-0.05,"trailing_stop":false,"trailing_stop_positive":null,"trailing_stop_positive_offset":0.0,"trailing_only_offset_is_reached":false,"use_custom_stoploss":false,"minimal_roi":{"0":0.1,"60":0.05,"120":0.0},"use_exit_signal":true,"exit_profit_only":false,"exit_profit_offset":0.0,"ignore_roi_if_entry_signal":false,"trading_mode":"spot","margin_mode":"","periodic_breakdown":{"day":[{"date":"05/10/2025","date_ts":1759622400000,"profit_abs":7.8335773,"wins":1,"draws":0,"losses":0,"trades":1,"profit_factor":0.0},{"date":"06/10/2025","date_ts":1759708800000,"profit_abs":1.42454104,"wins":1,"draws":0,"losses":0,"trades":1,"profit_factor":0.0},{"date":"07/10/2025","date_ts":1759795200000,"profit_abs":0.0,"wins":0,"draws":0,"losses":0,"trades":0,"profit_factor":0.0},{"date":"08/10/2025","date_ts":1759881600000,"profit_abs":0.0,"wins":0,"draws":0,"losses":0,"trades":0,"profit_factor":0.0},{"date":"09/10/2025","date_ts":1759968000000,"profit_abs":0.0,"wins":0,"draws":0,"losses":0,"trades":0,"profit_factor":0.0},{"date":"10/10/2025","date_ts":1760054400000,"profit_abs":0.0,"wins":0,"draws":0,"losses":0,"trades":0,"profit_factor":0.0},{"date":"11/10/2025","date_ts":1760140800000,"profit_abs":2.03637492,"wins":1,"draws":0,"losses":0,"trades":1,"profit_factor":0.0},{"date":"12/10/2025","date_ts":1760227200000,"profit_abs":0.0,"wins":0,"draws":0,"losses":0,"trades":0,"profit_factor":0.0},{"date":"13/10/2025","date_ts":1760313600000,"profit_abs":0.0,"wins":0,"draws":0,"losses":0,"trades":0,"profit_factor":0.0},{"date":"14/10/2025","date_ts":1760400000000,"profit_abs":0.0,"wins":0,"draws":0,"losses":0,"trades":0,"profit_factor":0.0},{"date":"15/10/2025","date_ts":1760486400000,"profit_abs":0.0,"wins":0,"draws":0,"losses":0,"trades":0,"profit_factor":0.0},{"date":"16/10/2025","date_ts":1760572800000,"profit_abs":0.0,"wins":0,"draws":0,"losses":0,"trades":0,"profit_factor":0.0},{"date":"17/10/2025","date_ts":1760659200000,"profit_abs":0.0,"wins":0,"draws":0,"losses":0,"trades":0,"profit_factor":0.0},{"date":"18/10/2025","date_ts":1760745600000,"profit_abs":0.0,"wins":0,"draws":0,"losses":0,"trades":0,"profit_factor":0.0},{"date":"19/10/2025","date_ts":1760832000000,"profit_abs":0.0,"wins":0,"draws":0,"losses":0,"trades":0,"profit_factor":0.0},{"date":"20/10/2025","date_ts":1760918400000,"profit_abs":0.0,"wins":0,"draws":0,"losses":0,"trades":0,"profit_factor":0.0},{"date":"21/10/2025","date_ts":1761004800000,"profit_abs":0.0,"wins":0,"draws":0,"losses":0,"trades":0,"profit_factor":0.0},{"date":"22/10/2025","date_ts":1761091200000,"profit_abs":0.0,"wins":0,"draws":0,"losses":0,"trades":0,"profit_factor":0.0},{"date":"23/10/2025","date_ts":1761177600000,"profit_abs":0.0,"wins":0,"draws":0,"losses":0,"trades":0,"profit_factor":0.0},{"date":"24/10/2025","date_ts":1761264000000,"profit_abs":0.0,"wins":0,"draws":0,"losses":0,"trades":0,"profit_factor":0.0},{"date":"25/10/2025","date_ts":1761350400000,"profit_abs":0.0,"wins":0,"draws":0,"losses":0,"trades":0,"profit_factor":0.0},{"date":"26/10/2025","date_ts":1761436800000,"profit_abs":0.0,"wins":0,"draws":0,"losses":0,"trades":0,"profit_factor":0.0},{"date":"27/10/2025","date_ts":1761523200000,"profit_abs":0.0,"wins":0,"draws":0,"losses":0,"trades":0,"profit_factor":0.0},{"date":"28/10/2025","date_ts":1761609600000,"profit_abs":0.0,"wins":0,"draws":0,"losses":0,"trades":0,"profit_factor":0.0},{"date":"29/10/2025","date_ts":1761696000000,"profit_abs":0.0,"wins":0,"draws":1,"losses":0,"trades":1,"profit_factor":0.0},{"date":"30/10/2025","date_ts":1761782400000,"profit_abs":0.0,"wins":0,"draws":0,"losses":0,"trades":0,"profit_factor":0.0},{"date":"31/10/2025","date_ts":1761868800000,"profit_abs":0.0,"wins":0,"draws":0,"losses":0,"trades":0,"profit_factor":0.0},{"date":"01/11/2025","date_ts":1761955200000,"profit_abs":0.0,"wins":0,"draws":0,"losses":0,"trades":0,"profit_factor":0.0},{"date":"02/11/2025","date_ts":1762041600000,"profit_abs":0.0,"wins":0,"draws":1,"losses":0,"trades":1,"profit_factor":0.0},{"date":"03/11/2025","date_ts":1762128000000,"profit_abs":0.0,"wins":0,"draws":0,"losses":0,"trades":0,"profit_factor":0.0},{"date":"04/11/2025","date_ts":1762214400000,"profit_abs":0.0,"wins":0,"draws":0,"losses":0,"trades":0,"profit_factor":0.0},{"date":"05/11/2025","date_ts":1762300800000,"profit_abs":0.0,"wins":0,"draws":0,"losses":0,"trades":0,"profit_factor":0.0},{"date":"06/11/2025","date_ts":1762387200000,"profit_abs":0.0,"wins":0,"draws":0,"losses":0,"trades":0,"profit_factor":0.0},{"date":"07/11/2025","date_ts":1762473600000,"profit_abs":0.0,"wins":0,"draws":0,"losses":0,"trades":0,"profit_factor":0.0},{"date":"08/11/2025","date_ts":1762560000000,"profit_abs":0.0,"wins":0,"draws":0,"losses":0,"trades":0,"profit_factor":0.0},{"date":"09/11/2025","date_ts":1762646400000,"profit_abs":0.0,"wins":0,"draws":0,"losses":0,"trades":0,"profit_factor":0.0},{"date":"10/11/2025","date_ts":1762732800000,"profit_abs":0.0,"wins":0,"draws":0,"losses":0,"trades":0,"profit_factor":0.0},{"date":"11/11/2025","date_ts":1762819200000,"profit_abs":0.0,"wins":0,"draws":0,"losses":0,"trades":0,"profit_factor":0.0},{"date":"12/11/2025","date_ts":1762905600000,"profit_abs":0.0,"wins":0,"draws":0,"losses":0,"trades":0,"profit_factor":0.0},{"date":"13/11/2025","date_ts":1762992000000,"profit_abs":0.0,"wins":0,"draws":0,"losses":0,"trades":0,"profit_factor":0.0},{"date":"14/11/2025","date_ts":1763078400000,"profit_abs":0.0,"wins":0,"draws":0,"losses":0,"trades":0,"profit_factor":0.0},{"date":"15/11/2025","date_ts":1763164800000,"profit_abs":0.0,"wins":0,"draws":0,"losses":0,"trades":0,"profit_factor":0.0},{"date":"16/11/2025","date_ts":1763251200000,"profit_abs":0.0,"wins":0,"draws":0,"losses":0,"trades":0,"profit_factor":0.0},{"date":"17/11/2025","date_ts":1763337600000,"profit_abs":0.0,"wins":0,"draws":0,"losses":0,"trades":0,"profit_factor":0.0},{"date":"18/11/2025","date_ts":1763424000000,"profit_abs":4.33966401,"wins":1,"draws":0,"losses":0,"trades":1,"profit_factor":0.0},{"date":"19/11/2025","date_ts":1763510400000,"profit_abs":0.0,"wins":0,"draws":0,"losses":0,"trades":0,"profit_factor":0.0},{"date":"20/11/2025","date_ts":1763596800000,"profit_abs":0.0,"wins":0,"draws":0,"losses":0,"trades":0,"profit_factor":0.0},{"date":"21/11/2025","date_ts":1763683200000,"profit_abs":0.0,"wins":0,"draws":0,"losses":0,"trades":0,"profit_factor":0.0},{"date":"22/11/2025","date_ts":1763769600000,"profit_abs":0.0,"wins":0,"draws":0,"losses":0,"trades":0,"profit_factor":0.0},{"date":"23/11/2025","date_ts":1763856000000,"profit_abs":0.0,"wins":0,"draws":0,"losses":0,"trades":0,"profit_factor":0.0},{"date":"24/11/2025","date_ts":1763942400000,"profit_abs":0.0,"wins":0,"draws":0,"losses":0,"trades":0,"profit_factor":0.0},{"date":"25/11/2025","date_ts":1764028800000,"profit_abs":0.0,"wins":0,"draws":0,"losses":0,"trades":0,"profit_factor":0.0},{"date":"26/11/2025","date_ts":1764115200000,"profit_abs":0.0,"wins":0,"draws":0,"losses":0,"trades":0,"profit_factor":0.0},{"date":"27/11/2025","date_ts":1764201600000,"profit_abs":0.0,"wins":0,"draws":0,"losses":0,"trades":0,"profit_factor":0.0},{"date":"28/11/2025","date_ts":1764288000000,"profit_abs":0.0,"wins":0,"draws":0,"losses":0,"trades":0,"profit_factor":0.0},{"date":"29/11/2025","date_ts":1764374400000,"profit_abs":0.0,"wins":0,"draws":0,"losses":0,"trades":0,"profit_factor":0.0},{"date":"30/11/2025","date_ts":1764460800000,"profit_abs":0.0,"wins":0,"draws":0,"losses":0,"trades":0,"profit_factor":0.0},{"date":"01/12/2025","date_ts":1764547200000,"profit_abs":0.0,"wins":0,"draws":0,"losses":0,"trades":0,"profit_factor":0.0},{"date":"02/12/2025","date_ts":1764633600000,"profit_abs":0.0,"wins":0,"draws":0,"losses":0,"trades":0,"profit_factor":0.0},{"date":"03/12/2025","date_ts":1764720000000,"profit_abs":0.0,"wins":0,"draws":0,"losses":0,"trades":0,"profit_factor":0.0},{"date":"04/12/2025","date_ts":1764806400000,"profit_abs":0.0,"wins":0,"draws":0,"losses":0,"trades":0,"profit_factor":0.0},{"date":"05/12/2025","date_ts":1764892800000,"profit_abs":0.0,"wins":0,"draws":0,"losses":0,"trades":0,"profit_factor":0.0},{"date":"06/12/2025","date_ts":1764979200000,"profit_abs":0.0,"wins":0,"draws":0,"losses":0,"trades":0,"profit_factor":0.0},{"date":"07/12/2025","date_ts":1765065600000,"profit_abs":0.0,"wins":0,"draws":0,"losses":0,"trades":0,"profit_factor":0.0},{"date":"08/12/2025","date_ts":1765152000000,"profit_abs":0.0,"wins":0,"draws":0,"losses":0,"trades":0,"profit_factor":0.0},{"date":"09/12/2025","date_ts":1765238400000,"profit_abs":9.9677975,"wins":1,"draws":0,"losses":0,"trades":1,"profit_factor":0.0},{"date":"10/12/2025","date_ts":1765324800000,"profit_abs":0.0,"wins":0,"draws":0,"losses":0,"trades":0,"profit_factor":0.0},{"date":"11/12/2025","date_ts":1765411200000,"profit_abs":0.0,"wins":0,"draws":0,"losses":0,"trades":0,"profit_factor":0.0},{"date":"12/12/2025","date_ts":1765497600000,"profit_abs":0.0,"wins":0,"draws":0,"losses":0,"trades":0,"profit_factor":0.0},{"date":"13/12/2025","date_ts":1765584000000,"profit_abs":0.0,"wins":0,"draws":0,"losses":0,"trades":0,"profit_factor":0.0},{"date":"14/12/2025","date_ts":1765670400000,"profit_abs":0.0,"wins":0,"draws":0,"losses":0,"trades":0,"profit_factor":0.0},{"date":"15/12/2025","date_ts":1765756800000,"profit_abs":0.0,"wins":0,"draws":0,"losses":0,"trades":0,"profit_factor":0.0},{"date":"16/12/2025","date_ts":1765843200000,"profit_abs":0.0,"wins":0,"draws":0,"losses":0,"trades":0,"profit_factor":0.0},{"date":"17/12/2025","date_ts":1765929600000,"profit_abs":0.0,"wins":0,"draws":0,"losses":0,"trades":0,"profit_factor":0.0},{"date":"18/12/2025","date_ts":1766016000000,"profit_abs":0.0,"wins":0,"draws":0,"losses":0,"trades":0,"profit_factor":0.0},{"date":"19/12/2025","date_ts":1766102400000,"profit_abs":0.0,"wins":0,"draws":0,"losses":0,"trades":0,"profit_factor":0.0},{"date":"20/12/2025","date_ts":1766188800000,"profit_abs":0.0,"wins":0,"draws":0,"losses":0,"trades":0,"profit_factor":0.0},{"date":"21/12/2025","date_ts":1766275200000,"profit_abs":0.0,"wins":0,"draws":0,"losses":0,"trades":0,"profit_factor":0.0},{"date":"22/12/2025","date_ts":1766361600000,"profit_abs":0.0,"wins":0,"draws":0,"losses":0,"trades":0,"profit_factor":0.0},{"date":"23/12/2025","date_ts":1766448000000,"profit_abs":0.0,"wins":0,"draws":0,"losses":0,"trades":0,"profit_factor":0.0},{"date":"24/12/2025","date_ts":1766534400000,"profit_abs":0.0,"wins":0,"draws":1,"losses":0,"trades":1,"profit_factor":0.0},{"date":"25/12/2025","date_ts":1766620800000,"profit_abs":0.0,"wins":0,"draws":0,"losses":0,"trades":0,"profit_factor":0.0},{"date":"26/12/2025","date_ts":1766707200000,"profit_abs":0.0,"wins":0,"draws":0,"losses":0,"trades":0,"profit_factor":0.0},{"date":"27/12/2025","date_ts":1766793600000,"profit_abs":0.0,"wins":0,"draws":0,"losses":0,"trades":0,"profit_factor":0.0},{"date":"28/12/2025","date_ts":1766880000000,"profit_abs":0.0,"wins":0,"draws":0,"losses":0,"trades":0,"profit_factor":0.0},{"date":"29/12/2025","date_ts":1766966400000,"profit_abs":0.0,"wins":0,"draws":0,"losses":0,"trades":0,"profit_factor":0.0},{"date":"30/12/2025","date_ts":1767052800000,"profit_abs":0.0,"wins":0,"draws":0,"losses":0,"trades":0,"profit_factor":0.0},{"date":"31/12/2025","date_ts":1767139200000,"profit_abs":0.0,"wins":0,"draws":1,"losses":0,"trades":1,"profit_factor":0.0}],"week":[{"date":"06/10/2025","date_ts":1759708800000,"profit_abs":9.25811834,"wins":2,"draws":0,"losses":0,"trades":2,"profit_factor":0.0},{"date":"13/10/2025","date_ts":1760313600000,"profit_abs":2.03637492,"wins":1,"draws":0,"losses":0,"trades":1,"profit_factor":0.0},{"date":"20/10/2025","date_ts":1760918400000,"profit_abs":0.0,"wins":0,"draws":0,"losses":0,"trades":0,"profit_factor":0.0},{"date":"27/10/2025","date_ts":1761523200000,"profit_abs":0.0,"wins":0,"draws":0,"losses":0,"trades":0,"profit_factor":0.0},{"date":"03/11/2025","date_ts":1762128000000,"profit_abs":0.0,"wins":0,"draws":2,"losses":0,"trades":2,"profit_factor":0.0},{"date":"10/11/2025","date_ts":1762732800000,"profit_abs":0.0,"wins":0,"draws":0,"losses":0,"trades":0,"profit_factor":0.0},{"date":"17/11/2025","date_ts":1763337600000,"profit_abs":0.0,"wins":0,"draws":0,"losses":0,"trades":0,"profit_factor":0.0},{"date":"24/11/2025","date_ts":1763942400000,"profit_abs":4.33966401,"wins":1,"draws":0,"losses":0,"trades":1,"profit_factor":0.0},{"date":"01/12/2025","date_ts":1764547200000,"profit_abs":0.0,"wins":0,"draws":0,"losses":0,"trades":0,"profit_factor":0.0},{"date":"08/12/2025","date_ts":1765152000000,"profit_abs":0.0,"wins":0,"draws":0,"losses":0,"trades":0,"profit_factor":0.0},{"date":"15/12/2025","date_ts":1765756800000,"profit_abs":9.9677975,"wins":1,"draws":0,"losses":0,"trades":1,"profit_factor":0.0},{"date":"22/12/2025","date_ts":1766361600000,"profit_abs":0.0,"wins":0,"draws":0,"losses":0,"trades":0,"profit_factor":0.0},{"date":"29/12/2025","date_ts":1766966400000,"profit_abs":0.0,"wins":0,"draws":1,"losses":0,"trades":1,"profit_factor":0.0},{"date":"05/01/2026","date_ts":1767571200000,"profit_abs":0.0,"wins":0,"draws":1,"losses":0,"trades":1,"profit_factor":0.0}],"month":[{"date":"31/10/2025","date_ts":1761868800000,"profit_abs":11.29449326,"wins":3,"draws":1,"losses":0,"trades":4,"profit_factor":0.0},{"date":"30/11/2025","date_ts":1764460800000,"profit_abs":4.33966401,"wins":1,"draws":1,"losses":0,"trades":2,"profit_factor":0.0},{"date":"31/12/2025","date_ts":1767139200000,"profit_abs":9.9677975,"wins":1,"draws":2,"losses":0,"trades":3,"profit_factor":0.0}],"year":[{"date":"31/12/2025","date_ts":1767139200000,"profit_abs":25.60195477,"wins":5,"draws":4,"losses":0,"trades":9,"profit_factor":0.0}],"weekday":[{"date":"Monday","date_ts":0,"profit_abs":1.42454104,"wins":1,"draws":0,"losses":0,"trades":1,"profit_factor":0.0},{"date":"Tuesday","date_ts":1,"profit_abs":14.30746151,"wins":2,"draws":0,"losses":0,"trades":2,"profit_factor":0.0},{"date":"Wednesday","date_ts":2,"profit_abs":0.0,"wins":0,"draws":3,"losses":0,"trades":3,"profit_factor":0.0},{"date":"Saturday","date_ts":5,"profit_abs":2.03637492,"wins":1,"draws":0,"losses":0,"trades":1,"profit_factor":0.0},{"date":"Sunday","date_ts":6,"profit_abs":7.8335773,"wins":1,"draws":1,"losses":0,"trades":2,"profit_factor":0.0}]},"backtest_best_day":0.029722498963783994,"backtest_worst_day":0.0,"backtest_best_day_abs":9.9677975,"backtest_worst_day_abs":0.0,"winning_days":5,"draw_days":83,"losing_days":0,"daily_profit":[["2025-10-05",7.8335773],["2025-10-06",1.42454104],["2025-10-07",0.0],["2025-10-08",0.0],["2025-10-09",0.0],["2025-10-10",0.0],["2025-10-11",2.03637492],["2025-10-12",0.0],["2025-10-13",0.0],["2025-10-14",0.0],["2025-10-15",0.0],["2025-10-16",0.0],["2025-10-17",0.0],["2025-10-18",0.0],["2025-10-19",0.0],["2025-10-20",0.0],["2025-10-21",0.0],["2025-10-22",0.0],["2025-10-23",0.0],["2025-10-24",0.0],["2025-10-25",0.0],["2025-10-26",0.0],["2025-10-27",0.0],["2025-10-28",0.0],["2025-10-29",0.0],["2025-10-30",0.0],["2025-10-31",0.0],["2025-11-01",0.0],["2025-11-02",0.0],["2025-11-03",0.0],["2025-11-04",0.0],["2025-11-05",0.0],["2025-11-06",0.0],["2025-11-07",0.0],["2025-11-08",0.0],["2025-11-09",0.0],["2025-11-10",0.0],["2025-11-11",0.0],["2025-11-12",0.0],["2025-11-13",0.0],["2025-11-14",0.0],["2025-11-15",0.0],["2025-11-16",0.0],["2025-11-17",0.0],["2025-11-18",4.33966401],["2025-11-19",0.0],["2025-11-20",0.0],["2025-11-21",0.0],["2025-11-22",0.0],["2025-11-23",0.0],["2025-11-24",0.0],["2025-11-25",0.0],["2025-11-26",0.0],["2025-11-27",0.0],["2025-11-28",0.0],["2025-11-29",0.0],["2025-11-30",0.0],["2025-12-01",0.0],["2025-12-02",0.0],["2025-12-03",0.0],["2025-12-04",0.0],["2025-12-05",0.0],["2025-12-06",0.0],["2025-12-07",0.0],["2025-12-08",0.0],["2025-12-09",9.9677975],["2025-12-10",0.0],["2025-12-11",0.0],["2025-12-12",0.0],["2025-12-13",0.0],["2025-12-14",0.0],["2025-12-15",0.0],["2025-12-16",0.0],["2025-12-17",0.0],["2025-12-18",0.0],["2025-12-19",0.0],["2025-12-20",0.0],["2025-12-21",0.0],["2025-12-22",0.0],["2025-12-23",0.0],["2025-12-24",0.0],["2025-12-25",0.0],["2025-12-26",0.0],["2025-12-27",0.0],["2025-12-28",0.0],["2025-12-29",0.0],["2025-12-30",0.0],["2025-12-31",0.0]],"wins":5,"losses":0,"draws":4,"winrate":0.5555555555555556,"holding_avg":"2:13:00","holding_avg_s":7980.0,"winner_holding_min":"0d 02:00","winner_holding_min_s":7200.0,"winner_holding_max":"0d 02:00","winner_holding_max_s":7200.0,"winner_holding_avg":"0d 02:00","winner_holding_avg_s":7200.0,"loser_holding_min":"0d 00:00","loser_holding_min_s":0.0,"loser_holding_max":"0d 00:00","loser_holding_max_s":0.0,"loser_holding_avg":"0d 00:00","loser_holding_avg_s":0.0,"max_consecutive_wins":3,"max_consecutive_losses":2,"max_drawdown_account":0.0,"max_relative_drawdown":0.0,"max_drawdown_abs":0.0,"drawdown_start":"2025-10-05 04:00:00","drawdown_start_ts":1759636800000.0,"drawdown_end":"2025-10-05 04:00:00","drawdown_end_ts":1759636800000.0,"drawdown_duration":"0 days 00:00:00","drawdown_duration_s":0.0,"max_drawdown_low":0.0,"max_drawdown_high":0.0,"csum_min":1007.8335773,"csum_max":1025.60195477}},"strategy_comparison":[{"key":"ACO_37_9","trades":9,"profit_mean":0.008536748873859043,"profit_mean_pct":0.85,"profit_total_abs":25.60195477,"profit_total":0.025601954769999997,"profit_total_pct":2.56,"duration_avg":"2:13:00","wins":5,"draws":4,"losses":0,"winrate":0.5555555555555556,"cagr":0.09979598436896486,"expectancy":2.8446616411111108,"expectancy_ratio":100.0,"sortino":-100,"sharpe":1.4237002407013237,"calmar":-100,"sqn":2.2717,"profit_factor":0.0,"max_drawdown_account":0.0,"max_drawdown_abs":"0"}]}