{"strategy":{"ACO_8_4":{"trades":[{"pair":"DOGE/USDT","stake_amount":329.79934,"max_stake_amount":329.79934,"amount":1322.0,"open_date":"2025-10-04 11:00:00+00:00","close_date":"2025-10-04 13:00:00+00:00","open_rate":0.24947,"close_rate":0.24996943943943942,"fee_open":0.001,"fee_close":0.001,"trade_duration":120,"profit_ratio":0.0,"profit_abs":0.0,"exit_reason":"roi","initial_stop_loss_abs":0.237,"initial_stop_loss_ratio":-0.05,"stop_loss_abs":0.237,"stop_loss_ratio":-0.05,"min_rate":0.24853,"max_rate":0.25177,"is_open":false,"enter_tag":"","leverage":1.0,"is_short":false,"open_timestamp":1759575600000,"close_timestamp":1759582800000,"orders":[{"amount":1322.0,"safe_price":0.24947,"ft_order_side":"buy","order_filled_timestamp":1759575600000,"ft_is_entry":true,"ft_order_tag":"","cost":330.12913933999994},{"amount":1322.0,"safe_price":0.24996943943943942,"ft_order_side":"sell","order_filled_timestamp":1759582800000,"ft_is_entry":false,"ft_order_tag":"roi","cost":330.79005853787777}],"funding_fees":0.0,"weekday":5},{"pair":"DOGE/USDT","stake_amount":329.98052,"max_stake_amount":329.98052,"amount":1324.0,"open_date":"2025-10-04 15:00:00+00:00","close_date":"2025-10-04 20:00:00+00:00","open_rate":0.24923,"close_rate":0.24972895895895894,"fee_open":0.001,"fee_close":0.001,"trade_duration":300,"profit_ratio":0.0,"profit_abs":0.0,"exit_reason":"roi","initial_stop_loss_abs":0.23677,"initial_stop_loss_ratio":-0.05,"stop_loss_abs":0.23677,"stop_loss_ratio":-0.05,"min_rate":0.2467,"max_rate":0.25048,"is_open":false,"enter_tag":"","leverage":1.0,"is_short":false,"open_timestamp":1759590000000,"close_timestamp":1759608000000,"orders":[{"amount":1324.0,"safe_price":0.24923,"ft_order_side":"buy","order_filled_timestamp":1759590000000,"ft_is_entry":true,"ft_order_tag":"","cost":330.31050051999995},{"amount":1324.0,"safe_price":0.24972895895895894,"ft_order_side":"sell","order_filled_timestamp":1759608000000,"ft_is_entry":false,"ft_order_tag":"roi","cost":330.97178280332326}],"funding_fees":0.0,"weekday":5},{"pair":"DOGE/USDT","stake_amount":329.81067,"max_stake_amount":329.81067,"amount":1323.0,"open_date":"2025-10-07 20:00:00+00:00","close_date":"2025-10-07 22:00:00+00:00","open_rate":0.24929,"close_rate":0.24978907907907907,"fee_open":0.001,"fee_close":0.001,"trade_duration":120,"profit_ratio":0.0,"profit_abs":0.0,"exit_reason":"roi","initial_stop_loss_abs":0.23683,"initial_stop_loss_ratio":-0.05,"stop_loss_abs":0.23683,"stop_loss_ratio":-0.05,"min_rate":0.24879,"max_rate":0.25214,"is_open":false,"enter_tag":"","leverage":1.0,"is_short":false,"open_timestamp":1759867200000,"close_timestamp":1759874400000,"orders":[{"amount":1323.0,"safe_price":0.24929,"ft_order_side":"buy","order_filled_timestamp":1759867200000,"ft_is_entry":true,"ft_order_tag":"","cost":330.14048067},{"amount":1323.0,"safe_price":0.24978907907907907,"ft_order_side":"sell","order_filled_timestamp":1759874400000,"ft_is_entry":false,"ft_order_tag":"roi","cost":330.8014225732432}],"funding_fees":0.0,"weekday":1},{"pair":"DOGE/USDT","stake_amount":329.90952,"max_stake_amount":329.90952,"amount":1348.0,"open_date":"2025-10-08 04:00:00+00:00","close_date":"2025-10-08 06:00:00+00:00","open_rate":0.24474,"close_rate":0.24538,"fee_open":0.001,"fee_close":0.001,"trade_duration":120,"profit_ratio":0.0006117932080177729,"profit_abs":0.20203824,"exit_reason":"roi","initial_stop_loss_abs":0.23251,"initial_stop_loss_ratio":-0.05,"stop_loss_abs":0.23251,"stop_loss_ratio":-0.05,"min_rate":0.24291,"max_rate":0.24706,"is_open":false,"enter_tag":"","leverage":1.0,"is_short":false,"open_timestamp":1759896000000,"close_timestamp":1759903200000,"orders":[{"amount":1348.0,"safe_price":0.24474,"ft_order_side":"buy","order_filled_timestamp":1759896000000,"ft_is_entry":true,"ft_order_tag":"","cost":330.23942952},{"amount":1348.0,"safe_price":0.24538,"ft_order_side":"sell","order_filled_timestamp":1759903200000,"ft_is_entry":false,"ft_order_tag":"roi","cost":331.10301224}],"funding_fees":0.0,"weekday":2},{"pair":"DOGE/USDT","stake_amount":329.87152,"max_stake_amount":329.87152,"amount":1334.0,"open_date":"2025-10-09 03:00:00+00:00","close_date":"2025-10-09 05:00:00+00:00","open_rate":0.24728,"close_rate":0.25063,"fee_open":0.001,"fee_close":0.001,"trade_duration":120,"profit_ratio":0.011522325943225328,"profit_abs":3.80468806,"exit_reason":"roi","initial_stop_loss_abs":0.23492,"initial_stop_loss_ratio":-0.05,"stop_loss_abs":0.23492,"stop_loss_ratio":-0.05,"min_rate":0.24728,"max_rate":0.25096,"is_open":false,"enter_tag":"","leverage":1.0,"is_short":false,"open_timestamp":1759978800000,"close_timestamp":1759986000000,"orders":[{"amount":1334.0,"safe_price":0.24728,"ft_order_side":"buy","order_filled_timestamp":1759978800000,"ft_is_entry":true,"ft_order_tag":"","cost":330.20139151999996},{"amount":1334.0,"safe_price":0.25063,"ft_order_side":"sell","order_filled_timestamp":1759986000000,"ft_is_entry":false,"ft_order_tag":"roi","cost":334.67476042000004}],"funding_fees":0.0,"weekday":3},{"pair":"DOGE/USDT","stake_amount":331.26564,"max_stake_amount":331.26564,"amount":1362.0,"open_date":"2025-10-09 09:00:00+00:00","close_date":"2025-10-09 11:00:00+00:00","open_rate":0.24322,"close_rate":0.2458,"fee_open":0.001,"fee_close":0.001,"trade_duration":120,"profit_ratio":0.008588484125035396,"profit_abs":2.84791476,"exit_reason":"roi","initial_stop_loss_abs":0.23106,"initial_stop_loss_ratio":-0.05,"stop_loss_abs":0.23106,"stop_loss_ratio":-0.05,"min_rate":0.24315,"max_rate":0.24806,"is_open":false,"enter_tag":"","leverage":1.0,"is_short":false,"open_timestamp":1760000400000,"close_timestamp":1760007600000,"orders":[{"amount":1362.0,"safe_price":0.24322,"ft_order_side":"buy","order_filled_timestamp":1760000400000,"ft_is_entry":true,"ft_order_tag":"","cost":331.59690563999993},{"amount":1362.0,"safe_price":0.2458,"ft_order_side":"sell","order_filled_timestamp":1760007600000,"ft_is_entry":false,"ft_order_tag":"roi","cost":335.11437959999995}],"funding_fees":0.0,"weekday":3},{"pair":"DOGE/USDT","stake_amount":332.06652,"max_stake_amount":332.06652,"amount":1396.0,"open_date":"2025-10-10 16:00:00+00:00","close_date":"2025-10-10 20:00:00+00:00","open_rate":0.23787,"close_rate":0.22598,"fee_open":0.001,"fee_close":0.001,"trade_duration":240,"profit_ratio":-0.05188341737717447,"profit_abs":-17.2459746,"exit_reason":"stop_loss","initial_stop_loss_abs":0.22598,"initial_stop_loss_ratio":-0.05,"stop_loss_abs":0.22598,"stop_loss_ratio":-0.05,"min_rate":0.21607,"max_rate":0.23968,"is_open":false,"enter_tag":"","leverage":1.0,"is_short":false,"open_timestamp":1760112000000,"close_timestamp":1760126400000,"orders":[{"amount":1396.0,"safe_price":0.23787,"ft_order_side":"buy","order_filled_timestamp":1760112000000,"ft_is_entry":true,"ft_order_tag":"","cost":332.39858652},{"amount":1396.0,"safe_price":0.22598,"ft_order_side":"sell","order_filled_timestamp":1760126400000,"ft_is_entry":false,"ft_order_tag":"stop_loss","cost":315.78354807999995}],"funding_fees":0.0,"weekday":4},{"pair":"DOGE/USDT","stake_amount":326.3696,"max_stake_amount":326.3696,"amount":1490.0,"open_date":"2025-10-10 21:00:00+00:00","close_date":"2025-10-10 21:00:00+00:00","open_rate":0.21904,"close_rate":0.20809,"fee_open":0.001,"fee_close":0.001,"trade_duration":0,"profit_ratio":-0.05188898938898938,"profit_abs":-16.9519237,"exit_reason":"stop_loss","initial_stop_loss_abs":0.20809,"initial_stop_loss_ratio":-0.05,"stop_loss_abs":0.20809,"stop_loss_ratio":-0.05,"min_rate":0.095,"max_rate":0.22132,"is_open":false,"enter_tag":"","leverage":1.0,"is_short":false,"open_timestamp":1760130000000,"close_timestamp":1760130000000,"orders":[{"amount":1490.0,"safe_price":0.21904,"ft_order_side":"buy","order_filled_timestamp":1760130000000,"ft_is_entry":true,"ft_order_tag":"","cost":326.69596959999996},{"amount":1490.0,"safe_price":0.20809,"ft_order_side":"sell","order_filled_timestamp":1760130000000,"ft_is_entry":false,"ft_order_tag":"stop_loss","cost":310.36415409999995}],"funding_fees":0.0,"weekday":4},{"pair":"DOGE/USDT","stake_amount":320.8432,"max_stake_amount":320.8432,"amount":1544.0,"open_date":"2025-10-14 04:00:00+00:00","close_date":"2025-10-14 06:00:00+00:00","open_rate":0.2078,"close_rate":0.19741,"fee_open":0.001,"fee_close":0.001,"trade_duration":120,"profit_ratio":-0.0518981018981019,"profit_abs":-16.66780424,"exit_reason":"stop_loss","initial_stop_loss_abs":0.19741,"initial_stop_loss_ratio":-0.05,"stop_loss_abs":0.19741,"stop_loss_ratio":-0.05,"min_rate":0.19486,"max_rate":0.20834,"is_open":false,"enter_tag":"","leverage":1.0,"is_short":false,"open_timestamp":1760414400000,"close_timestamp":1760421600000,"orders":[{"amount":1544.0,"safe_price":0.2078,"ft_order_side":"buy","order_filled_timestamp":1760414400000,"ft_is_entry":true,"ft_order_tag":"","cost":321.1640432},{"amount":1544.0,"safe_price":0.19741,"ft_order_side":"sell","order_filled_timestamp":1760421600000,"ft_is_entry":false,"ft_order_tag":"stop_loss","cost":305.10584104}],"funding_fees":0.0,"weekday":1},{"pair":"DOGE/USDT","stake_amount":315.38994,"max_stake_amount":315.38994,"amount":1766.0,"open_date":"2025-10-17 08:00:00+00:00","close_date":"2025-10-17 10:00:00+00:00","open_rate":0.17859,"close_rate":0.1789475375375375,"fee_open":0.001,"fee_close":0.001,"trade_duration":120,"profit_ratio":0.0,"profit_abs":0.0,"exit_reason":"roi","initial_stop_loss_abs":0.16967,"initial_stop_loss_ratio":-0.05,"stop_loss_abs":0.16967,"stop_loss_ratio":-0.05,"min_rate":0.17555,"max_rate":0.18194,"is_open":false,"enter_tag":"","leverage":1.0,"is_short":false,"open_timestamp":1760688000000,"close_timestamp":1760695200000,"orders":[{"amount":1766.0,"safe_price":0.17859,"ft_order_side":"buy","order_filled_timestamp":1760688000000,"ft_is_entry":true,"ft_order_tag":"","cost":315.70532994},{"amount":1766.0,"safe_price":0.1789475375375375,"ft_order_side":"sell","order_filled_timestamp":1760695200000,"ft_is_entry":false,"ft_order_tag":"roi","cost":316.3373726425825}],"funding_fees":0.0,"weekday":4},{"pair":"DOGE/USDT","stake_amount":315.31773,"max_stake_amount":315.31773,"amount":1729.0,"open_date":"2025-10-30 14:00:00+00:00","close_date":"2025-10-30 23:00:00+00:00","open_rate":0.18237,"close_rate":0.1827351051051051,"fee_open":0.001,"fee_close":0.001,"trade_duration":540,"profit_ratio":0.0,"profit_abs":0.0,"exit_reason":"roi","initial_stop_loss_abs":0.17326,"initial_stop_loss_ratio":-0.05,"stop_loss_abs":0.17326,"stop_loss_ratio":-0.05,"min_rate":0.17642,"max_rate":0.18361,"is_open":false,"enter_tag":"","leverage":1.0,"is_short":false,"open_timestamp":1761832800000,"close_timestamp":1761865200000,"orders":[{"amount":1729.0,"safe_price":0.18237,"ft_order_side":"buy","order_filled_timestamp":1761832800000,"ft_is_entry":true,"ft_order_tag":"","cost":315.63304772999993},{"amount":1729.0,"safe_price":0.1827351051051051,"ft_order_side":"sell","order_filled_timestamp":1761865200000,"ft_is_entry":false,"ft_order_tag":"roi","cost":316.2649457234534}],"funding_fees":0.0,"weekday":3},{"pair":"DOGE/USDT","stake_amount":315.34194,"max_stake_amount":315.34194,"amount":1769.0,"open_date":"2025-11-11 06:00:00+00:00","close_date":"2025-11-11 11:00:00+00:00","open_rate":0.17826,"close_rate":0.17861687687687686,"fee_open":0.001,"fee_close":0.001,"trade_duration":300,"profit_ratio":0.0,"profit_abs":0.0,"exit_reason":"roi","initial_stop_loss_abs":0.16935,"initial_stop_loss_ratio":-0.05,"stop_loss_abs":0.16935,"stop_loss_ratio":-0.05,"min_rate":0.17618,"max_rate":0.17881,"is_open":false,"enter_tag":"","leverage":1.0,"is_short":false,"open_timestamp":1762840800000,"close_timestamp":1762858800000,"orders":[{"amount":1769.0,"safe_price":0.17826,"ft_order_side":"buy","order_filled_timestamp":1762840800000,"ft_is_entry":true,"ft_order_tag":"","cost":315.65728193999996},{"amount":1769.0,"safe_price":0.17861687687687686,"ft_order_side":"sell","order_filled_timestamp":1762858800000,"ft_is_entry":false,"ft_order_tag":"roi","cost":316.28922845039034}],"funding_fees":0.0,"weekday":1},{"pair":"DOGE/USDT","stake_amount":315.47376,"max_stake_amount":315.47376,"amount":1904.0,"open_date":"2025-11-13 18:00:00+00:00","close_date":"2025-11-14 07:00:00+00:00","open_rate":0.16569,"close_rate":0.16602171171171168,"fee_open":0.001,"fee_close":0.001,"trade_duration":780,"profit_ratio":0.0,"profit_abs":0.0,"exit_reason":"roi","initial_stop_loss_abs":0.15741,"initial_stop_loss_ratio":-0.05,"stop_loss_abs":0.15741,"stop_loss_ratio":-0.05,"min_rate":0.1591,"max_rate":0.16628,"is_open":false,"enter_tag":"","leverage":1.0,"is_short":false,"open_timestamp":1763056800000,"close_timestamp":1763103600000,"orders":[{"amount":1904.0,"safe_price":0.16569,"ft_order_side":"buy","order_filled_timestamp":1763056800000,"ft_is_entry":true,"ft_order_tag":"","cost":315.78923376},{"amount":1904.0,"safe_price":0.16602171171171168,"ft_order_side":"sell","order_filled_timestamp":1763103600000,"ft_is_entry":false,"ft_order_tag":"roi","cost":316.4214444381981}],"funding_fees":0.0,"weekday":4},{"pair":"DOGE/USDT","stake_amount":315.43358,"max_stake_amount":315.43358,"amount":2018.0,"open_date":"2025-11-16 17:00:00+00:00","close_date":"2025-11-16 19:00:00+00:00","open_rate":0.15631,"close_rate":0.15662293293293292,"fee_open":0.001,"fee_close":0.001,"trade_duration":120,"profit_ratio":0.0,"profit_abs":0.0,"exit_reason":"roi","initial_stop_loss_abs":0.1485,"initial_stop_loss_ratio":-0.05,"stop_loss_abs":0.1485,"stop_loss_ratio":-0.05,"min_rate":0.1536,"max_rate":0.15794,"is_open":false,"enter_tag":"","leverage":1.0,"is_short":false,"open_timestamp":1763312400000,"close_timestamp":1763319600000,"orders":[{"amount":2018.0,"safe_price":0.15631,"ft_order_side":"buy","order_filled_timestamp":1763312400000,"ft_is_entry":true,"ft_order_tag":"","cost":315.74901358},{"amount":2018.0,"safe_price":0.15662293293293292,"ft_order_side":"sell","order_filled_timestamp":1763319600000,"ft_is_entry":false,"ft_order_tag":"roi","cost":316.38114373731725}],"funding_fees":0.0,"weekday":6},{"pair":"DOGE/USDT","stake_amount":315.33046,"max_stake_amount":315.33046,"amount":2071.0,"open_date":"2025-11-19 17:00:00+00:00","close_date":"2025-11-19 21:00:00+00:00","open_rate":0.15226,"close_rate":0.1525648248248248,"fee_open":0.001,"fee_close":0.001,"trade_duration":240,"profit_ratio":0.0,"profit_abs":0.0,"exit_reason":"roi","initial_stop_loss_abs":0.14465,"initial_stop_loss_ratio":-0.05,"stop_loss_abs":0.14465,"stop_loss_ratio":-0.05,"min_rate":0.14712,"max_rate":0.15449,"is_open":false,"enter_tag":"","leverage":1.0,"is_short":false,"open_timestamp":1763571600000,"close_timestamp":1763586000000,"orders":[{"amount":2071.0,"safe_price":0.15226,"ft_order_side":"buy","order_filled_timestamp":1763571600000,"ft_is_entry":true,"ft_order_tag":"","cost":315.64579046},{"amount":2071.0,"safe_price":0.1525648248248248,"ft_order_side":"sell","order_filled_timestamp":1763586000000,"ft_is_entry":false,"ft_order_tag":"roi","cost":316.2777139644243}],"funding_fees":0.0,"weekday":2},{"pair":"DOGE/USDT","stake_amount":315.43353,"max_stake_amount":315.43353,"amount":2141.0,"open_date":"2025-11-20 19:00:00+00:00","close_date":"2025-11-20 21:00:00+00:00","open_rate":0.14733,"close_rate":0.14931,"fee_open":0.001,"fee_close":0.001,"trade_duration":120,"profit_ratio":0.01141436449927592,"profit_abs":3.60407376,"exit_reason":"roi","initial_stop_loss_abs":0.13997,"initial_stop_loss_ratio":-0.05,"stop_loss_abs":0.13997,"stop_loss_ratio":-0.05,"min_rate":0.14623,"max_rate":0.1523,"is_open":false,"enter_tag":"","leverage":1.0,"is_short":false,"open_timestamp":1763665200000,"close_timestamp":1763672400000,"orders":[{"amount":2141.0,"safe_price":0.14733,"ft_order_side":"buy","order_filled_timestamp":1763665200000,"ft_is_entry":true,"ft_order_tag":"","cost":315.7489635299999},{"amount":2141.0,"safe_price":0.14931,"ft_order_side":"sell","order_filled_timestamp":1763672400000,"ft_is_entry":false,"ft_order_tag":"roi","cost":319.99238270999996}],"funding_fees":0.0,"weekday":3},{"pair":"DOGE/USDT","stake_amount":316.59782,"max_stake_amount":316.59782,"amount":2107.0,"open_date":"2025-11-28 02:00:00+00:00","close_date":"2025-11-28 04:00:00+00:00","open_rate":0.15026,"close_rate":0.15098,"fee_open":0.001,"fee_close":0.001,"trade_duration":120,"profit_ratio":0.0027841185833998297,"profit_abs":0.88232732,"exit_reason":"roi","initial_stop_loss_abs":0.14275,"initial_stop_loss_ratio":-0.05,"stop_loss_abs":0.14275,"stop_loss_ratio":-0.05,"min_rate":0.14966,"max_rate":0.15117,"is_open":false,"enter_tag":"","leverage":1.0,"is_short":false,"open_timestamp":1764295200000,"close_timestamp":1764302400000,"orders":[{"amount":2107.0,"safe_price":0.15026,"ft_order_side":"buy","order_filled_timestamp":1764295200000,"ft_is_entry":true,"ft_order_tag":"","cost":316.91441782},{"amount":2107.0,"safe_price":0.15098,"ft_order_side":"sell","order_filled_timestamp":1764302400000,"ft_is_entry":false,"ft_order_tag":"roi","cost":318.43297486}],"funding_fees":0.0,"weekday":4},{"pair":"DOGE/USDT","stake_amount":316.85371,"max_stake_amount":316.85371,"amount":2281.0,"open_date":"2025-12-01 01:00:00+00:00","close_date":"2025-12-01 15:00:00+00:00","open_rate":0.13891,"close_rate":0.13197,"fee_open":0.001,"fee_close":0.001,"trade_duration":840,"profit_ratio":-0.05185858702524169,"profit_abs":-16.44801728,"exit_reason":"stop_loss","initial_stop_loss_abs":0.13197,"initial_stop_loss_ratio":-0.05,"stop_loss_abs":0.13197,"stop_loss_ratio":-0.05,"min_rate":0.13177,"max_rate":0.14064,"is_open":false,"enter_tag":"","leverage":1.0,"is_short":false,"open_timestamp":1764550800000,"close_timestamp":1764601200000,"orders":[{"amount":2281.0,"safe_price":0.13891,"ft_order_side":"buy","order_filled_timestamp":1764550800000,"ft_is_entry":true,"ft_order_tag":"","cost":317.17056371},{"amount":2281.0,"safe_price":0.13197,"ft_order_side":"sell","order_filled_timestamp":1764601200000,"ft_is_entry":false,"ft_order_tag":"stop_loss","cost":301.32459357}],"funding_fees":0.0,"weekday":0},{"pair":"DOGE/USDT","stake_amount":311.47616,"max_stake_amount":311.47616,"amount":2104.0,"open_date":"2025-12-04 15:00:00+00:00","close_date":"2025-12-04 17:00:00+00:00","open_rate":0.14804,"close_rate":0.14927,"fee_open":0.001,"fee_close":0.001,"trade_duration":120,"profit_ratio":0.006293962724657131,"profit_abs":1.96237976,"exit_reason":"roi","initial_stop_loss_abs":0.14064,"initial_stop_loss_ratio":-0.05,"stop_loss_abs":0.14064,"stop_loss_ratio":-0.05,"min_rate":0.148,"max_rate":0.15103,"is_open":false,"enter_tag":"","leverage":1.0,"is_short":false,"open_timestamp":1764860400000,"close_timestamp":1764867600000,"orders":[{"amount":2104.0,"safe_price":0.14804,"ft_order_side":"buy","order_filled_timestamp":1764860400000,"ft_is_entry":true,"ft_order_tag":"","cost":311.78763616},{"amount":2104.0,"safe_price":0.14927,"ft_order_side":"sell","order_filled_timestamp":1764867600000,"ft_is_entry":false,"ft_order_tag":"roi","cost":314.37814408}],"funding_fees":0.0,"weekday":3},{"pair":"DOGE/USDT","stake_amount":312.16416,"max_stake_amount":312.16416,"amount":2163.0,"open_date":"2025-12-05 10:00:00+00:00","close_date":"2025-12-05 13:00:00+00:00","open_rate":0.14432,"close_rate":0.1446089289289289,"fee_open":0.001,"fee_close":0.001,"trade_duration":180,"profit_ratio":0.0,"profit_abs":0.0,"exit_reason":"roi","initial_stop_loss_abs":0.13711,"initial_stop_loss_ratio":-0.05,"stop_loss_abs":0.13711,"stop_loss_ratio":-0.05,"min_rate":0.14295,"max_rate":0.14528,"is_open":false,"enter_tag":"","leverage":1.0,"is_short":false,"open_timestamp":1764928800000,"close_timestamp":1764939600000,"orders":[{"amount":2163.0,"safe_price":0.14432,"ft_order_side":"buy","order_filled_timestamp":1764928800000,"ft_is_entry":true,"ft_order_tag":"","cost":312.47632415999993},{"amount":2163.0,"safe_price":0.1446089289289289,"ft_order_side":"sell","order_filled_timestamp":1764939600000,"ft_is_entry":false,"ft_order_tag":"roi","cost":313.1019023865465}],"funding_fees":0.0,"weekday":4},{"pair":"DOGE/USDT","stake_amount":312.05312,"max_stake_amount":312.05312,"amount":2192.0,"open_date":"2025-12-05 15:00:00+00:00","close_date":"2025-12-07 14:00:00+00:00","open_rate":0.14236,"close_rate":0.13525,"fee_open":0.001,"fee_close":0.001,"trade_duration":2820,"profit_ratio":-0.05184201861639343,"profit_abs":-16.19364112,"exit_reason":"stop_loss","initial_stop_loss_abs":0.13525,"initial_stop_loss_ratio":-0.05,"stop_loss_abs":0.13525,"stop_loss_ratio":-0.05,"min_rate":0.13486,"max_rate":0.14466,"is_open":false,"enter_tag":"","leverage":1.0,"is_short":false,"open_timestamp":1764946800000,"close_timestamp":1765116000000,"orders":[{"amount":2192.0,"safe_price":0.14236,"ft_order_side":"buy","order_filled_timestamp":1764946800000,"ft_is_entry":true,"ft_order_tag":"","cost":312.36517311999995},{"amount":2192.0,"safe_price":0.13525,"ft_order_side":"sell","order_filled_timestamp":1765116000000,"ft_is_entry":false,"ft_order_tag":"stop_loss","cost":296.76446799999997}],"funding_fees":0.0,"weekday":6},{"pair":"DOGE/USDT","stake_amount":306.7678,"max_stake_amount":306.7678,"amount":2270.0,"open_date":"2025-12-07 15:00:00+00:00","close_date":"2025-12-07 17:00:00+00:00","open_rate":0.13514,"close_rate":0.13923,"fee_open":0.001,"fee_close":0.001,"trade_duration":120,"profit_ratio":0.028206439113646453,"profit_abs":8.6614801,"exit_reason":"roi","initial_stop_loss_abs":0.12839,"initial_stop_loss_ratio":-0.05,"stop_loss_abs":0.12839,"stop_loss_ratio":-0.05,"min_rate":0.13504,"max_rate":0.1421,"is_open":false,"enter_tag":"","leverage":1.0,"is_short":false,"open_timestamp":1765119600000,"close_timestamp":1765126800000,"orders":[{"amount":2270.0,"safe_price":0.13514,"ft_order_side":"buy","order_filled_timestamp":1765119600000,"ft_is_entry":true,"ft_order_tag":"","cost":307.0745678},{"amount":2270.0,"safe_price":0.13923,"ft_order_side":"sell","order_filled_timestamp":1765126800000,"ft_is_entry":false,"ft_order_tag":"roi","cost":316.3681521}],"funding_fees":0.0,"weekday":6},{"pair":"DOGE/USDT","stake_amount":309.61952,"max_stake_amount":309.61952,"amount":2216.0,"open_date":"2025-12-11 02:00:00+00:00","close_date":"2025-12-11 20:00:00+00:00","open_rate":0.13972,"close_rate":0.13999971971971972,"fee_open":0.001,"fee_close":0.001,"trade_duration":1080,"profit_ratio":0.0,"profit_abs":0.0,"exit_reason":"roi","initial_stop_loss_abs":0.13274,"initial_stop_loss_ratio":-0.05,"stop_loss_abs":0.13274,"stop_loss_ratio":-0.05,"min_rate":0.13623,"max_rate":0.14023,"is_open":false,"enter_tag":"","leverage":1.0,"is_short":false,"open_timestamp":1765418400000,"close_timestamp":1765483200000,"orders":[{"amount":2216.0,"safe_price":0.13972,"ft_order_side":"buy","order_filled_timestamp":1765418400000,"ft_is_entry":true,"ft_order_tag":"","cost":309.92913952},{"amount":2216.0,"safe_price":0.13999971971971972,"ft_order_side":"sell","order_filled_timestamp":1765483200000,"ft_is_entry":false,"ft_order_tag":"roi","cost":310.5496182777978}],"funding_fees":0.0,"weekday":3},{"pair":"DOGE/USDT","stake_amount":309.63968,"max_stake_amount":309.63968,"amount":2368.0,"open_date":"2025-12-15 16:00:00+00:00","close_date":"2025-12-16 10:00:00+00:00","open_rate":0.13076,"close_rate":0.13102178178178175,"fee_open":0.001,"fee_close":0.001,"trade_duration":1080,"profit_ratio":0.0,"profit_abs":0.0,"exit_reason":"roi","initial_stop_loss_abs":0.12423,"initial_stop_loss_ratio":-0.05,"stop_loss_abs":0.12423,"stop_loss_ratio":-0.05,"min_rate":0.12661,"max_rate":0.13149,"is_open":false,"enter_tag":"","leverage":1.0,"is_short":false,"open_timestamp":1765814400000,"close_timestamp":1765879200000,"orders":[{"amount":2368.0,"safe_price":0.13076,"ft_order_side":"buy","order_filled_timestamp":1765814400000,"ft_is_entry":true,"ft_order_tag":"","cost":309.94931968},{"amount":2368.0,"safe_price":0.13102178178178175,"ft_order_side":"sell","order_filled_timestamp":1765879200000,"ft_is_entry":false,"ft_order_tag":"roi","cost":310.5698388385184}],"funding_fees":0.0,"weekday":1},{"pair":"DOGE/USDT","stake_amount":309.5938,"max_stake_amount":309.5938,"amount":2461.0,"open_date":"2025-12-17 22:00:00+00:00","close_date":"2025-12-18 00:00:00+00:00","open_rate":0.1258,"close_rate":0.12633,"fee_open":0.001,"fee_close":0.001,"trade_duration":120,"profit_ratio":0.002206616912499265,"profit_abs":0.68383807,"exit_reason":"roi","initial_stop_loss_abs":0.11951,"initial_stop_loss_ratio":-0.05,"stop_loss_abs":0.11951,"stop_loss_ratio":-0.05,"min_rate":0.12533,"max_rate":0.12686,"is_open":false,"enter_tag":"","leverage":1.0,"is_short":false,"open_timestamp":1766008800000,"close_timestamp":1766016000000,"orders":[{"amount":2461.0,"safe_price":0.1258,"ft_order_side":"buy","order_filled_timestamp":1766008800000,"ft_is_entry":true,"ft_order_tag":"","cost":309.90339379999995},{"amount":2461.0,"safe_price":0.12633,"ft_order_side":"sell","order_filled_timestamp":1766016000000,"ft_is_entry":false,"ft_order_tag":"roi","cost":311.2090281299999}],"funding_fees":0.0,"weekday":3},{"pair":"DOGE/USDT","stake_amount":309.89582,"max_stake_amount":309.89582,"amount":2566.0,"open_date":"2025-12-26 17:00:00+00:00","close_date":"2025-12-26 19:00:00+00:00","open_rate":0.12077,"close_rate":0.12186,"fee_open":0.001,"fee_close":0.001,"trade_duration":120,"profit_ratio":0.007009385414618501,"profit_abs":2.17435142,"exit_reason":"roi","initial_stop_loss_abs":0.11474,"initial_stop_loss_ratio":-0.05,"stop_loss_abs":0.11474,"stop_loss_ratio":-0.05,"min_rate":0.12068,"max_rate":0.12247,"is_open":false,"enter_tag":"","leverage":1.0,"is_short":false,"open_timestamp":1766768400000,"close_timestamp":1766775600000,"orders":[{"amount":2566.0,"safe_price":0.12077,"ft_order_side":"buy","order_filled_timestamp":1766768400000,"ft_is_entry":true,"ft_order_tag":"","cost":310.20571581999997},{"amount":2566.0,"safe_price":0.12186,"ft_order_side":"sell","order_filled_timestamp":1766775600000,"ft_is_entry":false,"ft_order_tag":"roi","cost":313.0054527599999}],"funding_fees":0.0,"weekday":4},{"pair":"DOGE/USDT","stake_amount":310.52229,"max_stake_amount":310.52229,"amount":2517.0,"open_date":"2025-12-28 19:00:00+00:00","close_date":"2025-12-28 22:00:00+00:00","open_rate":0.12337,"close_rate":0.12361698698698696,"fee_open":0.001,"fee_close":0.001,"trade_duration":180,"profit_ratio":0.0,"profit_abs":0.0,"exit_reason":"roi","initial_stop_loss_abs":0.11721,"initial_stop_loss_ratio":-0.05,"stop_loss_abs":0.11721,"stop_loss_ratio":-0.05,"min_rate":0.12277,"max_rate":0.12407,"is_open":false,"enter_tag":"","leverage":1.0,"is_short":false,"open_timestamp":1766948400000,"close_timestamp":1766959200000,"orders":[{"amount":2517.0,"safe_price":0.12337,"ft_order_side":"buy","order_filled_timestamp":1766948400000,"ft_is_entry":true,"ft_order_tag":"","cost":310.83281228999994},{"amount":2517.0,"safe_price":0.12361698698698696,"ft_order_side":"sell","order_filled_timestamp":1766959200000,"ft_is_entry":false,"ft_order_tag":"roi","cost":311.4551002024924}],"funding_fees":0.0,"weekday":6},{"pair":"DOGE/USDT","stake_amount":310.52808,"max_stake_amount":310.52808,"amount":2076.0,"open_date":"2026-01-06 08:00:00+00:00","close_date":"2026-01-06 10:00:00+00:00","open_rate":0.14958,"close_rate":0.15059,"fee_open":0.001,"fee_close":0.001,"trade_duration":120,"profit_ratio":0.004740746618002937,"profit_abs":1.47360708,"exit_reason":"roi","initial_stop_loss_abs":0.14211,"initial_stop_loss_ratio":-0.05,"stop_loss_abs":0.14211,"stop_loss_ratio":-0.05,"min_rate":0.14952,"max_rate":0.15091,"is_open":false,"enter_tag":"","leverage":1.0,"is_short":false,"open_timestamp":1767686400000,"close_timestamp":1767693600000,"orders":[{"amount":2076.0,"safe_price":0.14958,"ft_order_side":"buy","order_filled_timestamp":1767686400000,"ft_is_entry":true,"ft_order_tag":"","cost":310.83860808},{"amount":2076.0,"safe_price":0.15059,"ft_order_side":"sell","order_filled_timestamp":1767693600000,"ft_is_entry":false,"ft_order_tag":"roi","cost":312.93746483999996}],"funding_fees":0.0,"weekday":1},{"pair":"DOGE/USDT","stake_amount":310.97624,"max_stake_amount":310.97624,"amount":2137.0,"open_date":"2026-01-06 17:00:00+00:00","close_date":"2026-01-06 19:00:00+00:00","open_rate":0.14552,"close_rate":0.1458113313313313,"fee_open":0.001,"fee_close":0.001,"trade_duration":120,"profit_ratio":0.0,"profit_abs":0.0,"exit_reason":"roi","initial_stop_loss_abs":0.13825,"initial_stop_loss_ratio":-0.05,"stop_loss_abs":0.13825,"stop_loss_ratio":-0.05,"min_rate":0.14352,"max_rate":0.14666,"is_open":false,"enter_tag":"","leverage":1.0,"is_short":false,"open_timestamp":1767718800000,"close_timestamp":1767726000000,"orders":[{"amount":2137.0,"safe_price":0.14552,"ft_order_side":"buy","order_filled_timestamp":1767718800000,"ft_is_entry":true,"ft_order_tag":"","cost":311.28721623999996},{"amount":2137.0,"safe_price":0.1458113313313313,"ft_order_side":"sell","order_filled_timestamp":1767726000000,"ft_is_entry":false,"ft_order_tag":"roi","cost":311.91041387011}],"funding_fees":0.0,"weekday":1}],"locks":[],"best_pair":{"key":"DOGE/USDT","trades":29,"profit_mean":-0.006068719902190424,"profit_mean_pct":-0.61,"profit_total_abs":-57.21066236999999,"profit_total":-0.057210662369999984,"profit_total_pct":-5.72,"duration_avg":"6:02:00","wins":10,"draws":14,"losses":5,"winrate":0.3448275862068966,"cagr":-0.19882889884951294,"expectancy":-1.9727814610344827,"expectancy_ratio":-0.6008788342150188,"sortino":-30.499559890955183,"sharpe":-1.6187865819709713,"calmar":-14.723038503160302,"sqn":-1.4997,"profit_factor":0.31490276155289076,"max_drawdown_account":0.07653396722576952,"max_drawdown_abs":77.0585801},"worst_pair":{"key":"DOGE/USDT","trades":29,"profit_mean":-0.006068719902190424,"profit_mean_pct":-0.61,"profit_total_abs":-57.21066236999999,"profit_total":-0.057210662369999984,"profit_total_pct":-5.72,"duration_avg":"6:02:00","wins":10,"draws":14,"losses":5,"winrate":0.3448275862068966,"cagr":-0.19882889884951294,"expectancy":-1.9727814610344827,"expectancy_ratio":-0.6008788342150188,"sortino":-30.499559890955183,"sharpe":-1.6187865819709713,"calmar":-14.723038503160302,"sqn":-1.4997,"profit_factor":0.31490276155289076,"max_drawdown_account":0.07653396722576952,"max_drawdown_abs":77.0585801},"results_per_pair":[{"key":"DOGE/USDT","trades":29,"profit_mean":-0.006068719902190424,"profit_mean_pct":-0.61,"profit_total_abs":-57.21066236999999,"profit_total":-0.057210662369999984,"profit_total_pct":-5.72,"duration_avg":"6:02:00","wins":10,"draws":14,"losses":5,"winrate":0.3448275862068966,"cagr":-0.19882889884951294,"expectancy":-1.9727814610344827,"expectancy_ratio":-0.6008788342150188,"sortino":-30.499559890955183,"sharpe":-1.6187865819709713,"calmar":-14.723038503160302,"sqn":-1.4997,"profit_factor":0.31490276155289076,"max_drawdown_account":0.07653396722576952,"max_drawdown_abs":77.0585801},{"key":"TOTAL","trades":29,"profit_mean":-0.006068719902190424,"profit_mean_pct":-0.61,"profit_total_abs":-57.21066236999999,"profit_total":-0.057210662369999984,"profit_total_pct":-5.72,"duration_avg":"6:02:00","wins":10,"draws":14,"losses":5,"winrate":0.3448275862068966,"cagr":-0.19882889884951294,"expectancy":-1.9727814610344827,"expectancy_ratio":-0.6008788342150188,"sortino":-30.499559890955183,"sharpe":-1.6187865819709713,"calmar":-14.723038503160302,"sqn":-1.4997,"profit_factor":0.31490276155289076,"max_drawdown_account":0.07653396722576952,"max_drawdown_abs":77.0585801}],"results_per_enter_tag":[{"key":"","trades":29,"profit_mean":-0.006068719902190424,"profit_mean_pct":-0.61,"profit_total_abs":-57.21066236999999,"profit_total":-0.057210662369999984,"profit_total_pct":-5.72,"duration_avg":"6:02:00","wins":10,"draws":14,"losses":5,"winrate":0.3448275862068966,"cagr":-0.19882889884951294,"expectancy":-1.9727814610344827,"expectancy_ratio":-0.6008788342150188,"sortino":-30.499559890955183,"sharpe":-1.6187865819709713,"calmar":-14.723038503160302,"sqn":-1.4997,"profit_factor":0.31490276155289076,"max_drawdown_account":0.07653396722576952,"max_drawdown_abs":77.0585801},{"key":"TOTAL","trades":29,"profit_mean":-0.006068719902190424,"profit_mean_pct":-0.61,"profit_total_abs":-57.21066236999999,"profit_total":-0.057210662369999984,"profit_total_pct":-5.72,"duration_avg":"6:02:00","wins":10,"draws":14,"losses":5,"winrate":0.3448275862068966,"cagr":-0.19882889884951294,"expectancy":-1.9727814610344827,"expectancy_ratio":-0.6008788342150188,"sortino":-30.499559890955183,"sharpe":-1.6187865819709713,"calmar":-14.723038503160302,"sqn":-1.4997,"profit_factor":0.31490276155289076,"max_drawdown_account":0.07653396722576952,"max_drawdown_abs":77.0585801}],"exit_reason_summary":[{"key":"roi","trades":24,"profit_mean":0.0034740932142657724,"profit_mean_pct":0.35,"profit_total_abs":26.296698569999997,"profit_total":0.026296698569999995,"profit_total_pct":2.63,"duration_avg":"4:30:00","wins":10,"draws":14,"losses":0,"winrate":0.4166666666666667,"cagr":0.10260197024169271,"expectancy":1.0956957737500004,"expectancy_ratio":100.0,"sortino":-100,"sharpe":2.619580712482184,"calmar":-100,"sqn":2.6577,"profit_factor":0.0,"max_drawdown_account":0.0,"max_drawdown_abs":0.0},{"key":"stop_loss","trades":5,"profit_mean":-0.05187422286118017,"profit_mean_pct":-5.19,"profit_total_abs":-83.50736094,"profit_total":-0.08350736094,"profit_total_pct":-8.35,"duration_avg":"13:24:00","wins":0,"draws":0,"losses":5,"winrate":0.0,"cagr":-0.2797294616070487,"expectancy":-16.701472188,"expectancy_ratio":-1.0,"sortino":-44.518585361820584,"sharpe":-44.518585361820584,"calmar":-19.695848633549275,"sqn":-90.4121,"profit_factor":0.0,"max_drawdown_account":0.08350736094000001,"max_drawdown_abs":83.50736094},{"key":"TOTAL","trades":29,"profit_mean":-0.006068719902190424,"profit_mean_pct":-0.61,"profit_total_abs":-57.21066236999999,"profit_total":-0.057210662369999984,"profit_total_pct":-5.72,"duration_avg":"6:02:00","wins":10,"draws":14,"losses":5,"winrate":0.3448275862068966,"cagr":-0.19882889884951294,"expectancy":-1.9727814610344827,"expectancy_ratio":-0.6008788342150188,"sortino":-30.499559890955183,"sharpe":-1.6187865819709713,"calmar":-14.723038503160302,"sqn":-1.4997,"profit_factor":0.31490276155289076,"max_drawdown_account":0.07653396722576952,"max_drawdown_abs":77.0585801}],"mix_tag_stats":[{"key":["","roi"],"trades":24,"profit_mean":0.0034740932142657724,"profit_mean_pct":0.35,"profit_total_abs":26.296698569999997,"profit_total":0.026296698569999995,"profit_total_pct":2.63,"duration_avg":"4:30:00","wins":10,"draws":14,"losses":0,"winrate":0.4166666666666667,"cagr":0.10260197024169271,"expectancy":1.0956957737500004,"expectancy_ratio":100.0,"sortino":-100,"sharpe":2.619580712482184,"calmar":-100,"sqn":2.6577,"profit_factor":0.0,"max_drawdown_account":0.0,"max_drawdown_abs":0.0},{"key":["","stop_loss"],"trades":5,"profit_mean":-0.05187422286118017,"profit_mean_pct":-5.19,"profit_total_abs":-83.50736094,"profit_total":-0.08350736094,"profit_total_pct":-8.35,"duration_avg":"13:24:00","wins":0,"draws":0,"losses":5,"winrate":0.0,"cagr":-0.2797294616070487,"expectancy":-16.701472188,"expectancy_ratio":-1.0,"sortino":-44.518585361820584,"sharpe":-44.518585361820584,"calmar":-19.695848633549275,"sqn":-90.4121,"profit_factor":0.0,"max_drawdown_account":0.08350736094000001,"max_drawdown_abs":83.50736094},{"key":"TOTAL","trades":29,"profit_mean":-0.006068719902190424,"profit_mean_pct":-0.61,"profit_total_abs":-57.21066236999999,"profit_total":-0.057210662369999984,"profit_total_pct":-5.72,"duration_avg":"6:02:00","wins":10,"draws":14,"losses":5,"winrate":0.3448275862068966,"cagr":-0.19882889884951294,"expectancy":-1.9727814610344827,"expectancy_ratio":-0.6008788342150188,"sortino":-30.499559890955183,"sharpe":-1.6187865819709713,"calmar":-14.723038503160302,"sqn":-1.4997,"profit_factor":0.31490276155289076,"max_drawdown_account":0.07653396722576952,"max_drawdown_abs":77.0585801}],"left_open_trades":[{"key":"TOTAL","trades":0,"profit_mean":0.0,"profit_mean_pct":0.0,"profit_total_abs":0.0,"profit_total":0.0,"profit_total_pct":0.0,"duration_avg":"0:00","wins":0,"draws":0,"losses":0,"winrate":0.0,"cagr":0.0,"expectancy":0.0,"expectancy_ratio":100.0,"sortino":0,"sharpe":0,"calmar":0,"sqn":0.0,"profit_factor":0.0,"max_drawdown_account":0.0,"max_drawdown_abs":0.0}],"total_trades":29,"trade_count_long":29,"trade_count_short":0,"total_volume":18408.220338646275,"avg_stake_amount":317.73536793103455,"profit_mean":-0.006068719902190424,"profit_median":0.0,"profit_total":-0.057210662369999984,"profit_total_long":-0.057210662369999984,"profit_total_short":0.0,"profit_total_abs":-57.21066236999999,"profit_total_long_abs":-57.21066236999999,"profit_total_short_abs":0.0,"cagr":-0.19882889884951294,"expectancy":-1.9727814610344827,"expectancy_ratio":-0.6008788342150188,"sortino":-30.499559890955183,"sharpe":-1.6187865819709713,"calmar":-14.723038503160302,"sqn":-1.4997,"profit_factor":0.31490276155289076,"backtest_start":"2025-10-01 00:00:00","backtest_start_ts":1759276800000,"backtest_end":"2026-01-06 20:00:00","backtest_end_ts":1767729600000,"backtest_days":97,"backtest_run_start_ts":1767736559,"backtest_run_end_ts":1767736559,"trades_per_day":0.3,"market_change":-0.36632086436227446,"pairlist":["DOGE/USDT"],"stake_amount":"unlimited","stake_currency":"USDT","stake_currency_decimals":3,"starting_balance":1000,"dry_run_wallet":1000,"final_balance":942.78933763,"rejected_signals":0,"timedout_entry_orders":0,"timedout_exit_orders":0,"canceled_trade_entries":0,"canceled_entry_orders":0,"replaced_entry_orders":0,"max_open_trades":1,"max_open_trades_setting":3,"timeframe":"1h","timeframe_detail":"","timerange":"20251001-","enable_protections":false,"strategy_name":"ACO_8_4","freqaimodel":null,"freqai_identifier":null,"stoploss":-0.05,"trailing_stop":false,"trailing_stop_positive":null,"trailing_stop_positive_offset":0.0,"trailing_only_offset_is_reached":false,"use_custom_stoploss":false,"minimal_roi":{"0":0.1,"60":0.05,"120":0.0},"use_exit_signal":true,"exit_profit_only":false,"exit_profit_offset":0.0,"ignore_roi_if_entry_signal":false,"trading_mode":"spot","margin_mode":"","periodic_breakdown":{"day":[{"date":"04/10/2025","date_ts":1759536000000,"profit_abs":0.0,"wins":0,"draws":2,"losses":0,"trades":2,"profit_factor":0.0},{"date":"05/10/2025","date_ts":1759622400000,"profit_abs":0.0,"wins":0,"draws":0,"losses":0,"trades":0,"profit_factor":0.0},{"date":"06/10/2025","date_ts":1759708800000,"profit_abs":0.0,"wins":0,"draws":0,"losses":0,"trades":0,"profit_factor":0.0},{"date":"07/10/2025","date_ts":1759795200000,"profit_abs":0.0,"wins":0,"draws":1,"losses":0,"trades":1,"profit_factor":0.0},{"date":"08/10/2025","date_ts":1759881600000,"profit_abs":0.20203824,"wins":1,"draws":0,"losses":0,"trades":1,"profit_factor":0.0},{"date":"09/10/2025","date_ts":1759968000000,"profit_abs":6.65260282,"wins":2,"draws":0,"losses":0,"trades":2,"profit_factor":0.0},{"date":"10/10/2025","date_ts":1760054400000,"profit_abs":-34.1978983,"wins":0,"draws":0,"losses":2,"trades":2,"profit_factor":0.0},{"date":"11/10/2025","date_ts":1760140800000,"profit_abs":0.0,"wins":0,"draws":0,"losses":0,"trades":0,"profit_factor":0.0},{"date":"12/10/2025","date_ts":1760227200000,"profit_abs":0.0,"wins":0,"draws":0,"losses":0,"trades":0,"profit_factor":0.0},{"date":"13/10/2025","date_ts":1760313600000,"profit_abs":0.0,"wins":0,"draws":0,"losses":0,"trades":0,"profit_factor":0.0},{"date":"14/10/2025","date_ts":1760400000000,"profit_abs":-16.66780424,"wins":0,"draws":0,"losses":1,"trades":1,"profit_factor":0.0},{"date":"15/10/2025","date_ts":1760486400000,"profit_abs":0.0,"wins":0,"draws":0,"losses":0,"trades":0,"profit_factor":0.0},{"date":"16/10/2025","date_ts":1760572800000,"profit_abs":0.0,"wins":0,"draws":0,"losses":0,"trades":0,"profit_factor":0.0},{"date":"17/10/2025","date_ts":1760659200000,"profit_abs":0.0,"wins":0,"draws":1,"losses":0,"trades":1,"profit_factor":0.0},{"date":"18/10/2025","date_ts":1760745600000,"profit_abs":0.0,"wins":0,"draws":0,"losses":0,"trades":0,"profit_factor":0.0},{"date":"19/10/2025","date_ts":1760832000000,"profit_abs":0.0,"wins":0,"draws":0,"losses":0,"trades":0,"profit_factor":0.0},{"date":"20/10/2025","date_ts":1760918400000,"profit_abs":0.0,"wins":0,"draws":0,"losses":0,"trades":0,"profit_factor":0.0},{"date":"21/10/2025","date_ts":1761004800000,"profit_abs":0.0,"wins":0,"draws":0,"losses":0,"trades":0,"profit_factor":0.0},{"date":"22/10/2025","date_ts":1761091200000,"profit_abs":0.0,"wins":0,"draws":0,"losses":0,"trades":0,"profit_factor":0.0},{"date":"23/10/2025","date_ts":1761177600000,"profit_abs":0.0,"wins":0,"draws":0,"losses":0,"trades":0,"profit_factor":0.0},{"date":"24/10/2025","date_ts":1761264000000,"profit_abs":0.0,"wins":0,"draws":0,"losses":0,"trades":0,"profit_factor":0.0},{"date":"25/10/2025","date_ts":1761350400000,"profit_abs":0.0,"wins":0,"draws":0,"losses":0,"trades":0,"profit_factor":0.0},{"date":"26/10/2025","date_ts":1761436800000,"profit_abs":0.0,"wins":0,"draws":0,"losses":0,"trades":0,"profit_factor":0.0},{"date":"27/10/2025","date_ts":1761523200000,"profit_abs":0.0,"wins":0,"draws":0,"losses":0,"trades":0,"profit_factor":0.0},{"date":"28/10/2025","date_ts":1761609600000,"profit_abs":0.0,"wins":0,"draws":0,"losses":0,"trades":0,"profit_factor":0.0},{"date":"29/10/2025","date_ts":1761696000000,"profit_abs":0.0,"wins":0,"draws":0,"losses":0,"trades":0,"profit_factor":0.0},{"date":"30/10/2025","date_ts":1761782400000,"profit_abs":0.0,"wins":0,"draws":1,"losses":0,"trades":1,"profit_factor":0.0},{"date":"31/10/2025","date_ts":1761868800000,"profit_abs":0.0,"wins":0,"draws":0,"losses":0,"trades":0,"profit_factor":0.0},{"date":"01/11/2025","date_ts":1761955200000,"profit_abs":0.0,"wins":0,"draws":0,"losses":0,"trades":0,"profit_factor":0.0},{"date":"02/11/2025","date_ts":1762041600000,"profit_abs":0.0,"wins":0,"draws":0,"losses":0,"trades":0,"profit_factor":0.0},{"date":"03/11/2025","date_ts":1762128000000,"profit_abs":0.0,"wins":0,"draws":0,"losses":0,"trades":0,"profit_factor":0.0},{"date":"04/11/2025","date_ts":1762214400000,"profit_abs":0.0,"wins":0,"draws":0,"losses":0,"trades":0,"profit_factor":0.0},{"date":"05/11/2025","date_ts":1762300800000,"profit_abs":0.0,"wins":0,"draws":0,"losses":0,"trades":0,"profit_factor":0.0},{"date":"06/11/2025","date_ts":1762387200000,"profit_abs":0.0,"wins":0,"draws":0,"losses":0,"trades":0,"profit_factor":0.0},{"date":"07/11/2025","date_ts":1762473600000,"profit_abs":0.0,"wins":0,"draws":0,"losses":0,"trades":0,"profit_factor":0.0},{"date":"08/11/2025","date_ts":1762560000000,"profit_abs":0.0,"wins":0,"draws":0,"losses":0,"trades":0,"profit_factor":0.0},{"date":"09/11/2025","date_ts":1762646400000,"profit_abs":0.0,"wins":0,"draws":0,"losses":0,"trades":0,"profit_factor":0.0},{"date":"10/11/2025","date_ts":1762732800000,"profit_abs":0.0,"wins":0,"draws":0,"losses":0,"trades":0,"profit_factor":0.0},{"date":"11/11/2025","date_ts":1762819200000,"profit_abs":0.0,"wins":0,"draws":1,"losses":0,"trades":1,"profit_factor":0.0},{"date":"12/11/2025","date_ts":1762905600000,"profit_abs":0.0,"wins":0,"draws":0,"losses":0,"trades":0,"profit_factor":0.0},{"date":"13/11/2025","date_ts":1762992000000,"profit_abs":0.0,"wins":0,"draws":0,"losses":0,"trades":0,"profit_factor":0.0},{"date":"14/11/2025","date_ts":1763078400000,"profit_abs":0.0,"wins":0,"draws":1,"losses":0,"trades":1,"profit_factor":0.0},{"date":"15/11/2025","date_ts":1763164800000,"profit_abs":0.0,"wins":0,"draws":0,"losses":0,"trades":0,"profit_factor":0.0},{"date":"16/11/2025","date_ts":1763251200000,"profit_abs":0.0,"wins":0,"draws":1,"losses":0,"trades":1,"profit_factor":0.0},{"date":"17/11/2025","date_ts":1763337600000,"profit_abs":0.0,"wins":0,"draws":0,"losses":0,"trades":0,"profit_factor":0.0},{"date":"18/11/2025","date_ts":1763424000000,"profit_abs":0.0,"wins":0,"draws":0,"losses":0,"trades":0,"profit_factor":0.0},{"date":"19/11/2025","date_ts":1763510400000,"profit_abs":0.0,"wins":0,"draws":1,"losses":0,"trades":1,"profit_factor":0.0},{"date":"20/11/2025","date_ts":1763596800000,"profit_abs":3.60407376,"wins":1,"draws":0,"losses":0,"trades":1,"profit_factor":0.0},{"date":"21/11/2025","date_ts":1763683200000,"profit_abs":0.0,"wins":0,"draws":0,"losses":0,"trades":0,"profit_factor":0.0},{"date":"22/11/2025","date_ts":1763769600000,"profit_abs":0.0,"wins":0,"draws":0,"losses":0,"trades":0,"profit_factor":0.0},{"date":"23/11/2025","date_ts":1763856000000,"profit_abs":0.0,"wins":0,"draws":0,"losses":0,"trades":0,"profit_factor":0.0},{"date":"24/11/2025","date_ts":1763942400000,"profit_abs":0.0,"wins":0,"draws":0,"losses":0,"trades":0,"profit_factor":0.0},{"date":"25/11/2025","date_ts":1764028800000,"profit_abs":0.0,"wins":0,"draws":0,"losses":0,"trades":0,"profit_factor":0.0},{"date":"26/11/2025","date_ts":1764115200000,"profit_abs":0.0,"wins":0,"draws":0,"losses":0,"trades":0,"profit_factor":0.0},{"date":"27/11/2025","date_ts":1764201600000,"profit_abs":0.0,"wins":0,"draws":0,"losses":0,"trades":0,"profit_factor":0.0},{"date":"28/11/2025","date_ts":1764288000000,"profit_abs":0.88232732,"wins":1,"draws":0,"losses":0,"trades":1,"profit_factor":0.0},{"date":"29/11/2025","date_ts":1764374400000,"profit_abs":0.0,"wins":0,"draws":0,"losses":0,"trades":0,"profit_factor":0.0},{"date":"30/11/2025","date_ts":1764460800000,"profit_abs":0.0,"wins":0,"draws":0,"losses":0,"trades":0,"profit_factor":0.0},{"date":"01/12/2025","date_ts":1764547200000,"profit_abs":-16.44801728,"wins":0,"draws":0,"losses":1,"trades":1,"profit_factor":0.0},{"date":"02/12/2025","date_ts":1764633600000,"profit_abs":0.0,"wins":0,"draws":0,"losses":0,"trades":0,"profit_factor":0.0},{"date":"03/12/2025","date_ts":1764720000000,"profit_abs":0.0,"wins":0,"draws":0,"losses":0,"trades":0,"profit_factor":0.0},{"date":"04/12/2025","date_ts":1764806400000,"profit_abs":1.96237976,"wins":1,"draws":0,"losses":0,"trades":1,"profit_factor":0.0},{"date":"05/12/2025","date_ts":1764892800000,"profit_abs":0.0,"wins":0,"draws":1,"losses":0,"trades":1,"profit_factor":0.0},{"date":"06/12/2025","date_ts":1764979200000,"profit_abs":0.0,"wins":0,"draws":0,"losses":0,"trades":0,"profit_factor":0.0},{"date":"07/12/2025","date_ts":1765065600000,"profit_abs":-7.53216102,"wins":1,"draws":0,"losses":1,"trades":2,"profit_factor":0.53486921},{"date":"08/12/2025","date_ts":1765152000000,"profit_abs":0.0,"wins":0,"draws":0,"losses":0,"trades":0,"profit_factor":0.0},{"date":"09/12/2025","date_ts":1765238400000,"profit_abs":0.0,"wins":0,"draws":0,"losses":0,"trades":0,"profit_factor":0.0},{"date":"10/12/2025","date_ts":1765324800000,"profit_abs":0.0,"wins":0,"draws":0,"losses":0,"trades":0,"profit_factor":0.0},{"date":"11/12/2025","date_ts":1765411200000,"profit_abs":0.0,"wins":0,"draws":1,"losses":0,"trades":1,"profit_factor":0.0},{"date":"12/12/2025","date_ts":1765497600000,"profit_abs":0.0,"wins":0,"draws":0,"losses":0,"trades":0,"profit_factor":0.0},{"date":"13/12/2025","date_ts":1765584000000,"profit_abs":0.0,"wins":0,"draws":0,"losses":0,"trades":0,"profit_factor":0.0},{"date":"14/12/2025","date_ts":1765670400000,"profit_abs":0.0,"wins":0,"draws":0,"losses":0,"trades":0,"profit_factor":0.0},{"date":"15/12/2025","date_ts":1765756800000,"profit_abs":0.0,"wins":0,"draws":0,"losses":0,"trades":0,"profit_factor":0.0},{"date":"16/12/2025","date_ts":1765843200000,"profit_abs":0.0,"wins":0,"draws":1,"losses":0,"trades":1,"profit_factor":0.0},{"date":"17/12/2025","date_ts":1765929600000,"profit_abs":0.0,"wins":0,"draws":0,"losses":0,"trades":0,"profit_factor":0.0},{"date":"18/12/2025","date_ts":1766016000000,"profit_abs":0.68383807,"wins":1,"draws":0,"losses":0,"trades":1,"profit_factor":0.0},{"date":"19/12/2025","date_ts":1766102400000,"profit_abs":0.0,"wins":0,"draws":0,"losses":0,"trades":0,"profit_factor":0.0},{"date":"20/12/2025","date_ts":1766188800000,"profit_abs":0.0,"wins":0,"draws":0,"losses":0,"trades":0,"profit_factor":0.0},{"date":"21/12/2025","date_ts":1766275200000,"profit_abs":0.0,"wins":0,"draws":0,"losses":0,"trades":0,"profit_factor":0.0},{"date":"22/12/2025","date_ts":1766361600000,"profit_abs":0.0,"wins":0,"draws":0,"losses":0,"trades":0,"profit_factor":0.0},{"date":"23/12/2025","date_ts":1766448000000,"profit_abs":0.0,"wins":0,"draws":0,"losses":0,"trades":0,"profit_factor":0.0},{"date":"24/12/2025","date_ts":1766534400000,"profit_abs":0.0,"wins":0,"draws":0,"losses":0,"trades":0,"profit_factor":0.0},{"date":"25/12/2025","date_ts":1766620800000,"profit_abs":0.0,"wins":0,"draws":0,"losses":0,"trades":0,"profit_factor":0.0},{"date":"26/12/2025","date_ts":1766707200000,"profit_abs":2.17435142,"wins":1,"draws":0,"losses":0,"trades":1,"profit_factor":0.0},{"date":"27/12/2025","date_ts":1766793600000,"profit_abs":0.0,"wins":0,"draws":0,"losses":0,"trades":0,"profit_factor":0.0},{"date":"28/12/2025","date_ts":1766880000000,"profit_abs":0.0,"wins":0,"draws":1,"losses":0,"trades":1,"profit_factor":0.0},{"date":"29/12/2025","date_ts":1766966400000,"profit_abs":0.0,"wins":0,"draws":0,"losses":0,"trades":0,"profit_factor":0.0},{"date":"30/12/2025","date_ts":1767052800000,"profit_abs":0.0,"wins":0,"draws":0,"losses":0,"trades":0,"profit_factor":0.0},{"date":"31/12/2025","date_ts":1767139200000,"profit_abs":0.0,"wins":0,"draws":0,"losses":0,"trades":0,"profit_factor":0.0},{"date":"01/01/2026","date_ts":1767225600000,"profit_abs":0.0,"wins":0,"draws":0,"losses":0,"trades":0,"profit_factor":0.0},{"date":"02/01/2026","date_ts":1767312000000,"profit_abs":0.0,"wins":0,"draws":0,"losses":0,"trades":0,"profit_factor":0.0},{"date":"03/01/2026","date_ts":1767398400000,"profit_abs":0.0,"wins":0,"draws":0,"losses":0,"trades":0,"profit_factor":0.0},{"date":"04/01/2026","date_ts":1767484800000,"profit_abs":0.0,"wins":0,"draws":0,"losses":0,"trades":0,"profit_factor":0.0},{"date":"05/01/2026","date_ts":1767571200000,"profit_abs":0.0,"wins":0,"draws":0,"losses":0,"trades":0,"profit_factor":0.0},{"date":"06/01/2026","date_ts":1767657600000,"profit_abs":1.47360708,"wins":1,"draws":1,"losses":0,"trades":2,"profit_factor":0.0}],"week":[{"date":"06/10/2025","date_ts":1759708800000,"profit_abs":0.0,"wins":0,"draws":2,"losses":0,"trades":2,"profit_factor":0.0},{"date":"13/10/2025","date_ts":1760313600000,"profit_abs":-27.34325724,"wins":3,"draws":1,"losses":2,"trades":6,"profit_factor":0.20044042},{"date":"20/10/2025","date_ts":1760918400000,"profit_abs":-16.66780424,"wins":0,"draws":1,"losses":1,"trades":2,"profit_factor":0.0},{"date":"27/10/2025","date_ts":1761523200000,"profit_abs":0.0,"wins":0,"draws":0,"losses":0,"trades":0,"profit_factor":0.0},{"date":"03/11/2025","date_ts":1762128000000,"profit_abs":0.0,"wins":0,"draws":1,"losses":0,"trades":1,"profit_factor":0.0},{"date":"10/11/2025","date_ts":1762732800000,"profit_abs":0.0,"wins":0,"draws":0,"losses":0,"trades":0,"profit_factor":0.0},{"date":"17/11/2025","date_ts":1763337600000,"profit_abs":0.0,"wins":0,"draws":3,"losses":0,"trades":3,"profit_factor":0.0},{"date":"24/11/2025","date_ts":1763942400000,"profit_abs":3.60407376,"wins":1,"draws":1,"losses":0,"trades":2,"profit_factor":0.0},{"date":"01/12/2025","date_ts":1764547200000,"profit_abs":-15.56568996,"wins":1,"draws":0,"losses":1,"trades":2,"profit_factor":0.05364338},{"date":"08/12/2025","date_ts":1765152000000,"profit_abs":-5.56978126,"wins":2,"draws":1,"losses":1,"trades":4,"profit_factor":0.65605133},{"date":"15/12/2025","date_ts":1765756800000,"profit_abs":0.0,"wins":0,"draws":1,"losses":0,"trades":1,"profit_factor":0.0},{"date":"22/12/2025","date_ts":1766361600000,"profit_abs":0.68383807,"wins":1,"draws":1,"losses":0,"trades":2,"profit_factor":0.0},{"date":"29/12/2025","date_ts":1766966400000,"profit_abs":2.17435142,"wins":1,"draws":1,"losses":0,"trades":2,"profit_factor":0.0},{"date":"05/01/2026","date_ts":1767571200000,"profit_abs":0.0,"wins":0,"draws":0,"losses":0,"trades":0,"profit_factor":0.0},{"date":"12/01/2026","date_ts":1768176000000,"profit_abs":1.47360708,"wins":1,"draws":1,"losses":0,"trades":2,"profit_factor":0.0}],"month":[{"date":"31/10/2025","date_ts":1761868800000,"profit_abs":-44.01106148,"wins":3,"draws":5,"losses":3,"trades":11,"profit_factor":0.13475959},{"date":"30/11/2025","date_ts":1764460800000,"profit_abs":4.48640108,"wins":2,"draws":4,"losses":0,"trades":6,"profit_factor":0.0},{"date":"31/12/2025","date_ts":1767139200000,"profit_abs":-19.15960905,"wins":4,"draws":4,"losses":2,"trades":10,"profit_factor":0.413032},{"date":"31/01/2026","date_ts":1769817600000,"profit_abs":1.47360708,"wins":1,"draws":1,"losses":0,"trades":2,"profit_factor":0.0}],"year":[{"date":"31/12/2025","date_ts":1767139200000,"profit_abs":-58.68426945,"wins":9,"draws":13,"losses":5,"trades":27,"profit_factor":0.29725633},{"date":"31/12/2026","date_ts":1798675200000,"profit_abs":1.47360708,"wins":1,"draws":1,"losses":0,"trades":2,"profit_factor":0.0}],"weekday":[{"date":"Monday","date_ts":0,"profit_abs":-16.44801728,"wins":0,"draws":0,"losses":1,"trades":1,"profit_factor":0.0},{"date":"Tuesday","date_ts":1,"profit_abs":-15.19419716,"wins":1,"draws":4,"losses":1,"trades":6,"profit_factor":0.08841039},{"date":"Wednesday","date_ts":2,"profit_abs":0.20203824,"wins":1,"draws":1,"losses":0,"trades":2,"profit_factor":0.0},{"date":"Thursday","date_ts":3,"profit_abs":12.90289441,"wins":5,"draws":2,"losses":0,"trades":7,"profit_factor":0.0},{"date":"Friday","date_ts":4,"profit_abs":-31.14121956,"wins":2,"draws":3,"losses":2,"trades":7,"profit_factor":0.08938206},{"date":"Saturday","date_ts":5,"profit_abs":0.0,"wins":0,"draws":2,"losses":0,"trades":2,"profit_factor":0.0},{"date":"Sunday","date_ts":6,"profit_abs":-7.53216102,"wins":1,"draws":2,"losses":1,"trades":4,"profit_factor":0.53486921}]},"backtest_best_day":0.020110810068260723,"backtest_worst_day":-0.10377240676616385,"backtest_best_day_abs":6.65260282,"backtest_worst_day_abs":-34.1978983,"winning_days":8,"draw_days":83,"losing_days":4,"daily_profit":[["2025-10-04",0.0],["2025-10-05",0.0],["2025-10-06",0.0],["2025-10-07",0.0],["2025-10-08",0.20203824],["2025-10-09",6.65260282],["2025-10-10",-34.1978983],["2025-10-11",0.0],["2025-10-12",0.0],["2025-10-13",0.0],["2025-10-14",-16.66780424],["2025-10-15",0.0],["2025-10-16",0.0],["2025-10-17",0.0],["2025-10-18",0.0],["2025-10-19",0.0],["2025-10-20",0.0],["2025-10-21",0.0],["2025-10-22",0.0],["2025-10-23",0.0],["2025-10-24",0.0],["2025-10-25",0.0],["2025-10-26",0.0],["2025-10-27",0.0],["2025-10-28",0.0],["2025-10-29",0.0],["2025-10-30",0.0],["2025-10-31",0.0],["2025-11-01",0.0],["2025-11-02",0.0],["2025-11-03",0.0],["2025-11-04",0.0],["2025-11-05",0.0],["2025-11-06",0.0],["2025-11-07",0.0],["2025-11-08",0.0],["2025-11-09",0.0],["2025-11-10",0.0],["2025-11-11",0.0],["2025-11-12",0.0],["2025-11-13",0.0],["2025-11-14",0.0],["2025-11-15",0.0],["2025-11-16",0.0],["2025-11-17",0.0],["2025-11-18",0.0],["2025-11-19",0.0],["2025-11-20",3.60407376],["2025-11-21",0.0],["2025-11-22",0.0],["2025-11-23",0.0],["2025-11-24",0.0],["2025-11-25",0.0],["2025-11-26",0.0],["2025-11-27",0.0],["2025-11-28",0.88232732],["2025-11-29",0.0],["2025-11-30",0.0],["2025-12-01",-16.44801728],["2025-12-02",0.0],["2025-12-03",0.0],["2025-12-04",1.96237976],["2025-12-05",0.0],["2025-12-06",0.0],["2025-12-07",-7.53216102],["2025-12-08",0.0],["2025-12-09",0.0],["2025-12-10",0.0],["2025-12-11",0.0],["2025-12-12",0.0],["2025-12-13",0.0],["2025-12-14",0.0],["2025-12-15",0.0],["2025-12-16",0.0],["2025-12-17",0.0],["2025-12-18",0.68383807],["2025-12-19",0.0],["2025-12-20",0.0],["2025-12-21",0.0],["2025-12-22",0.0],["2025-12-23",0.0],["2025-12-24",0.0],["2025-12-25",0.0],["2025-12-26",2.17435142],["2025-12-27",0.0],["2025-12-28",0.0],["2025-12-29",0.0],["2025-12-30",0.0],["2025-12-31",0.0],["2026-01-01",0.0],["2026-01-02",0.0],["2026-01-03",0.0],["2026-01-04",0.0],["2026-01-05",0.0],["2026-01-06",1.47360708]],"wins":10,"losses":5,"draws":14,"winrate":0.3448275862068966,"holding_avg":"6:02:00","holding_avg_s":21720.0,"winner_holding_min":"0d 02:00","winner_holding_min_s":7200.0,"winner_holding_max":"0d 02:00","winner_holding_max_s":7200.0,"winner_holding_avg":"0d 02:00","winner_holding_avg_s":7200.0,"loser_holding_min":"0d 00:00","loser_holding_min_s":0.0,"loser_holding_max":"1d 23:00","loser_holding_max_s":169200.0,"loser_holding_avg":"0d 13:24","loser_holding_avg_s":48240.0,"max_consecutive_wins":3,"max_consecutive_losses":9,"max_drawdown_account":0.07653396722576952,"max_relative_drawdown":0.07653396722576952,"max_drawdown_abs":77.0585801,"drawdown_start":"2025-10-09 11:00:00","drawdown_start_ts":1760007600000.0,"drawdown_end":"2025-12-07 14:00:00","drawdown_end_ts":1765116000000.0,"drawdown_duration":"59 days 03:00:00","drawdown_duration_s":5108400.0,"max_drawdown_low":-70.20393904,"max_drawdown_high":6.8546410600000005,"csum_min":929.79606096,"csum_max":1006.85464106}},"strategy_comparison":[{"key":"ACO_8_4","trades":29,"profit_mean":-0.006068719902190424,"profit_mean_pct":-0.61,"profit_total_abs":-57.21066236999999,"profit_total":-0.057210662369999984,"profit_total_pct":-5.72,"duration_avg":"6:02:00","wins":10,"draws":14,"losses":5,"winrate":0.3448275862068966,"cagr":-0.19882889884951294,"expectancy":-1.9727814610344827,"expectancy_ratio":-0.6008788342150188,"sortino":-30.499559890955183,"sharpe":-1.6187865819709713,"calmar":-14.723038503160302,"sqn":-1.4997,"profit_factor":0.31490276155289076,"max_drawdown_account":0.07653396722576952,"max_drawdown_abs":"77.059"}]}