{"strategy":{"ACO_37_22":{"trades":[{"pair":"DOGE/USDT","stake_amount":329.82014,"max_stake_amount":329.82014,"amount":1282.0,"open_date":"2025-10-06 07:00:00+00:00","close_date":"2025-10-06 09:00:00+00:00","open_rate":0.25727,"close_rate":0.25778505505505506,"fee_open":0.001,"fee_close":0.001,"trade_duration":120,"profit_ratio":0.0,"profit_abs":0.0,"exit_reason":"roi","initial_stop_loss_abs":0.24441,"initial_stop_loss_ratio":-0.05,"stop_loss_abs":0.24441,"stop_loss_ratio":-0.05,"min_rate":0.25406,"max_rate":0.25916,"is_open":false,"enter_tag":"","leverage":1.0,"is_short":false,"open_timestamp":1759734000000,"close_timestamp":1759741200000,"orders":[{"amount":1282.0,"safe_price":0.25727,"ft_order_side":"buy","order_filled_timestamp":1759734000000,"ft_is_entry":true,"ft_order_tag":"","cost":330.14996013999996},{"amount":1282.0,"safe_price":0.25778505505505506,"ft_order_side":"sell","order_filled_timestamp":1759741200000,"ft_is_entry":false,"ft_order_tag":"roi","cost":330.81092102116116}],"funding_fees":0.0,"weekday":0},{"pair":"DOGE/USDT","stake_amount":329.93064,"max_stake_amount":329.93064,"amount":1313.0,"open_date":"2025-10-10 04:00:00+00:00","close_date":"2025-10-10 06:00:00+00:00","open_rate":0.25128,"close_rate":0.25199,"fee_open":0.001,"fee_close":0.001,"trade_duration":120,"profit_ratio":0.0008218858505391456,"profit_abs":0.27143649,"exit_reason":"roi","initial_stop_loss_abs":0.23872,"initial_stop_loss_ratio":-0.05,"stop_loss_abs":0.23872,"stop_loss_ratio":-0.05,"min_rate":0.24856,"max_rate":0.25296,"is_open":false,"enter_tag":"","leverage":1.0,"is_short":false,"open_timestamp":1760068800000,"close_timestamp":1760076000000,"orders":[{"amount":1313.0,"safe_price":0.25128,"ft_order_side":"buy","order_filled_timestamp":1760068800000,"ft_is_entry":true,"ft_order_tag":"","cost":330.26057063999997},{"amount":1313.0,"safe_price":0.25199,"ft_order_side":"sell","order_filled_timestamp":1760076000000,"ft_is_entry":false,"ft_order_tag":"roi","cost":331.19373286999996}],"funding_fees":0.0,"weekday":4},{"pair":"DOGE/USDT","stake_amount":329.95688,"max_stake_amount":329.95688,"amount":1562.0,"open_date":"2025-10-13 14:00:00+00:00","close_date":"2025-10-13 16:00:00+00:00","open_rate":0.21124,"close_rate":0.21166290290290288,"fee_open":0.001,"fee_close":0.001,"trade_duration":120,"profit_ratio":0.0,"profit_abs":0.0,"exit_reason":"roi","initial_stop_loss_abs":0.20068,"initial_stop_loss_ratio":-0.05,"stop_loss_abs":0.20068,"stop_loss_ratio":-0.05,"min_rate":0.20517,"max_rate":0.21192,"is_open":false,"enter_tag":"","leverage":1.0,"is_short":false,"open_timestamp":1760364000000,"close_timestamp":1760371200000,"orders":[{"amount":1562.0,"safe_price":0.21124,"ft_order_side":"buy","order_filled_timestamp":1760364000000,"ft_is_entry":true,"ft_order_tag":"","cost":330.28683687999995},{"amount":1562.0,"safe_price":0.21166290290290288,"ft_order_side":"sell","order_filled_timestamp":1760371200000,"ft_is_entry":false,"ft_order_tag":"roi","cost":330.9480717886686}],"funding_fees":0.0,"weekday":0},{"pair":"DOGE/USDT","stake_amount":329.95625,"max_stake_amount":329.95625,"amount":1625.0,"open_date":"2025-10-21 15:00:00+00:00","close_date":"2025-10-22 00:00:00+00:00","open_rate":0.20305,"close_rate":0.1929,"fee_open":0.001,"fee_close":0.001,"trade_duration":540,"profit_ratio":-0.05188581425961381,"profit_abs":-17.13716875,"exit_reason":"stop_loss","initial_stop_loss_abs":0.1929,"initial_stop_loss_ratio":-0.05,"stop_loss_abs":0.1929,"stop_loss_ratio":-0.05,"min_rate":0.19251,"max_rate":0.20563,"is_open":false,"enter_tag":"","leverage":1.0,"is_short":false,"open_timestamp":1761058800000,"close_timestamp":1761091200000,"orders":[{"amount":1625.0,"safe_price":0.20305,"ft_order_side":"buy","order_filled_timestamp":1761058800000,"ft_is_entry":true,"ft_order_tag":"","cost":330.28620624999996},{"amount":1625.0,"safe_price":0.1929,"ft_order_side":"sell","order_filled_timestamp":1761091200000,"ft_is_entry":false,"ft_order_tag":"stop_loss","cost":313.77596249999993}],"funding_fees":0.0,"weekday":2},{"pair":"DOGE/USDT","stake_amount":324.31632,"max_stake_amount":324.31632,"amount":1654.0,"open_date":"2025-10-24 19:00:00+00:00","close_date":"2025-10-24 21:00:00+00:00","open_rate":0.19608,"close_rate":0.19762,"fee_open":0.001,"fee_close":0.001,"trade_duration":120,"profit_ratio":0.0058402429883458035,"profit_abs":1.8959802,"exit_reason":"roi","initial_stop_loss_abs":0.18628,"initial_stop_loss_ratio":-0.05,"stop_loss_abs":0.18628,"stop_loss_ratio":-0.05,"min_rate":0.19603,"max_rate":0.19819,"is_open":false,"enter_tag":"","leverage":1.0,"is_short":false,"open_timestamp":1761332400000,"close_timestamp":1761339600000,"orders":[{"amount":1654.0,"safe_price":0.19608,"ft_order_side":"buy","order_filled_timestamp":1761332400000,"ft_is_entry":true,"ft_order_tag":"","cost":324.64063632},{"amount":1654.0,"safe_price":0.19762,"ft_order_side":"sell","order_filled_timestamp":1761339600000,"ft_is_entry":false,"ft_order_tag":"roi","cost":327.19034347999997}],"funding_fees":0.0,"weekday":4},{"pair":"DOGE/USDT","stake_amount":324.87777,"max_stake_amount":324.87777,"amount":1743.0,"open_date":"2025-11-03 00:00:00+00:00","close_date":"2025-11-03 03:00:00+00:00","open_rate":0.18639,"close_rate":0.17708,"fee_open":0.001,"fee_close":0.001,"trade_duration":180,"profit_ratio":-0.051847235333473865,"profit_abs":-16.86085821,"exit_reason":"stop_loss","initial_stop_loss_abs":0.17708,"initial_stop_loss_ratio":-0.05,"stop_loss_abs":0.17708,"stop_loss_ratio":-0.05,"min_rate":0.17456,"max_rate":0.18666,"is_open":false,"enter_tag":"","leverage":1.0,"is_short":false,"open_timestamp":1762128000000,"close_timestamp":1762138800000,"orders":[{"amount":1743.0,"safe_price":0.18639,"ft_order_side":"buy","order_filled_timestamp":1762128000000,"ft_is_entry":true,"ft_order_tag":"","cost":325.20264776999994},{"amount":1743.0,"safe_price":0.17708,"ft_order_side":"sell","order_filled_timestamp":1762138800000,"ft_is_entry":false,"ft_order_tag":"stop_loss","cost":308.95909043999995}],"funding_fees":0.0,"weekday":0},{"pair":"DOGE/USDT","stake_amount":319.48395,"max_stake_amount":319.48395,"amount":1931.0,"open_date":"2025-11-07 15:00:00+00:00","close_date":"2025-11-07 16:00:00+00:00","open_rate":0.16545,"close_rate":0.174062012012012,"fee_open":0.001,"fee_close":0.001,"trade_duration":60,"profit_ratio":0.04995004995004995,"profit_abs":15.9741975,"exit_reason":"roi","initial_stop_loss_abs":0.15718,"initial_stop_loss_ratio":-0.05,"stop_loss_abs":0.15718,"stop_loss_ratio":-0.05,"min_rate":0.16408,"max_rate":0.17555,"is_open":false,"enter_tag":"","leverage":1.0,"is_short":false,"open_timestamp":1762527600000,"close_timestamp":1762531200000,"orders":[{"amount":1931.0,"safe_price":0.16545,"ft_order_side":"buy","order_filled_timestamp":1762527600000,"ft_is_entry":true,"ft_order_tag":"","cost":319.80343395},{"amount":1931.0,"safe_price":0.174062012012012,"ft_order_side":"sell","order_filled_timestamp":1762531200000,"ft_is_entry":false,"ft_order_tag":"roi","cost":336.44985894039036}],"funding_fees":0.0,"weekday":4},{"pair":"DOGE/USDT","stake_amount":324.7284,"max_stake_amount":324.7284,"amount":1844.0,"open_date":"2025-11-09 14:00:00+00:00","close_date":"2025-11-09 16:00:00+00:00","open_rate":0.1761,"close_rate":0.17807,"fee_open":0.001,"fee_close":0.001,"trade_duration":120,"profit_ratio":0.009166472369198092,"profit_abs":2.97959052,"exit_reason":"roi","initial_stop_loss_abs":0.1673,"initial_stop_loss_ratio":-0.05,"stop_loss_abs":0.1673,"stop_loss_ratio":-0.05,"min_rate":0.17501,"max_rate":0.17961,"is_open":false,"enter_tag":"","leverage":1.0,"is_short":false,"open_timestamp":1762696800000,"close_timestamp":1762704000000,"orders":[{"amount":1844.0,"safe_price":0.1761,"ft_order_side":"buy","order_filled_timestamp":1762696800000,"ft_is_entry":true,"ft_order_tag":"","cost":325.0531284},{"amount":1844.0,"safe_price":0.17807,"ft_order_side":"sell","order_filled_timestamp":1762704000000,"ft_is_entry":false,"ft_order_tag":"roi","cost":328.68944108}],"funding_fees":0.0,"weekday":6},{"pair":"DOGE/USDT","stake_amount":325.57632,"max_stake_amount":325.57632,"amount":1776.0,"open_date":"2025-11-10 23:00:00+00:00","close_date":"2025-11-11 01:00:00+00:00","open_rate":0.18332,"close_rate":0.183687007007007,"fee_open":0.001,"fee_close":0.001,"trade_duration":120,"profit_ratio":0.0,"profit_abs":0.0,"exit_reason":"roi","initial_stop_loss_abs":0.17416,"initial_stop_loss_ratio":-0.05,"stop_loss_abs":0.17416,"stop_loss_ratio":-0.05,"min_rate":0.17933,"max_rate":0.1864,"is_open":false,"enter_tag":"","leverage":1.0,"is_short":false,"open_timestamp":1762815600000,"close_timestamp":1762822800000,"orders":[{"amount":1776.0,"safe_price":0.18332,"ft_order_side":"buy","order_filled_timestamp":1762815600000,"ft_is_entry":true,"ft_order_tag":"","cost":325.90189632},{"amount":1776.0,"safe_price":0.183687007007007,"ft_order_side":"sell","order_filled_timestamp":1762822800000,"ft_is_entry":false,"ft_order_tag":"roi","cost":326.5543525688888}],"funding_fees":0.0,"weekday":1},{"pair":"DOGE/USDT","stake_amount":325.66626,"max_stake_amount":325.66626,"amount":1871.0,"open_date":"2025-11-13 04:00:00+00:00","close_date":"2025-11-13 06:00:00+00:00","open_rate":0.17406,"close_rate":0.17603,"fee_open":0.001,"fee_close":0.001,"trade_duration":120,"profit_ratio":0.00929732108635935,"profit_abs":3.03085161,"exit_reason":"roi","initial_stop_loss_abs":0.16536,"initial_stop_loss_ratio":-0.05,"stop_loss_abs":0.16536,"stop_loss_ratio":-0.05,"min_rate":0.17325,"max_rate":0.17684,"is_open":false,"enter_tag":"","leverage":1.0,"is_short":false,"open_timestamp":1763006400000,"close_timestamp":1763013600000,"orders":[{"amount":1871.0,"safe_price":0.17406,"ft_order_side":"buy","order_filled_timestamp":1763006400000,"ft_is_entry":true,"ft_order_tag":"","cost":325.99192625999996},{"amount":1871.0,"safe_price":0.17603,"ft_order_side":"sell","order_filled_timestamp":1763013600000,"ft_is_entry":false,"ft_order_tag":"roi","cost":329.68148212999995}],"funding_fees":0.0,"weekday":3},{"pair":"DOGE/USDT","stake_amount":326.70932,"max_stake_amount":326.70932,"amount":2086.0,"open_date":"2025-11-18 15:00:00+00:00","close_date":"2025-11-18 17:00:00+00:00","open_rate":0.15662,"close_rate":0.16095,"fee_open":0.001,"fee_close":0.001,"trade_duration":120,"profit_ratio":0.025593293183639242,"profit_abs":8.36992898,"exit_reason":"roi","initial_stop_loss_abs":0.14879,"initial_stop_loss_ratio":-0.05,"stop_loss_abs":0.14879,"stop_loss_ratio":-0.05,"min_rate":0.15608,"max_rate":0.16142,"is_open":false,"enter_tag":"","leverage":1.0,"is_short":false,"open_timestamp":1763478000000,"close_timestamp":1763485200000,"orders":[{"amount":2086.0,"safe_price":0.15662,"ft_order_side":"buy","order_filled_timestamp":1763478000000,"ft_is_entry":true,"ft_order_tag":"","cost":327.03602931999995},{"amount":2086.0,"safe_price":0.16095,"ft_order_side":"sell","order_filled_timestamp":1763485200000,"ft_is_entry":false,"ft_order_tag":"roi","cost":336.0774417}],"funding_fees":0.0,"weekday":1},{"pair":"DOGE/USDT","stake_amount":329.43129,"max_stake_amount":329.43129,"amount":2131.0,"open_date":"2025-11-20 00:00:00+00:00","close_date":"2025-11-20 02:00:00+00:00","open_rate":0.15459,"close_rate":0.15629,"fee_open":0.001,"fee_close":0.001,"trade_duration":120,"profit_ratio":0.008976856638413013,"profit_abs":2.96021472,"exit_reason":"roi","initial_stop_loss_abs":0.14687,"initial_stop_loss_ratio":-0.05,"stop_loss_abs":0.14687,"stop_loss_ratio":-0.05,"min_rate":0.15375,"max_rate":0.15833,"is_open":false,"enter_tag":"","leverage":1.0,"is_short":false,"open_timestamp":1763596800000,"close_timestamp":1763604000000,"orders":[{"amount":2131.0,"safe_price":0.15459,"ft_order_side":"buy","order_filled_timestamp":1763596800000,"ft_is_entry":true,"ft_order_tag":"","cost":329.76072128999994},{"amount":2131.0,"safe_price":0.15629,"ft_order_side":"sell","order_filled_timestamp":1763604000000,"ft_is_entry":false,"ft_order_tag":"roi","cost":333.38704398999994}],"funding_fees":0.0,"weekday":3},{"pair":"DOGE/USDT","stake_amount":330.46772,"max_stake_amount":330.46772,"amount":2332.0,"open_date":"2025-11-23 02:00:00+00:00","close_date":"2025-11-23 04:00:00+00:00","open_rate":0.14171,"close_rate":0.14289,"fee_open":0.001,"fee_close":0.001,"trade_duration":120,"profit_ratio":0.006312225633374458,"profit_abs":2.0880728,"exit_reason":"roi","initial_stop_loss_abs":0.13463,"initial_stop_loss_ratio":-0.05,"stop_loss_abs":0.13463,"stop_loss_ratio":-0.05,"min_rate":0.14124,"max_rate":0.1447,"is_open":false,"enter_tag":"","leverage":1.0,"is_short":false,"open_timestamp":1763863200000,"close_timestamp":1763870400000,"orders":[{"amount":2332.0,"safe_price":0.14171,"ft_order_side":"buy","order_filled_timestamp":1763863200000,"ft_is_entry":true,"ft_order_tag":"","cost":330.79818771999993},{"amount":2332.0,"safe_price":0.14289,"ft_order_side":"sell","order_filled_timestamp":1763870400000,"ft_is_entry":false,"ft_order_tag":"roi","cost":333.55269947999994}],"funding_fees":0.0,"weekday":6},{"pair":"DOGE/USDT","stake_amount":331.04367,"max_stake_amount":331.04367,"amount":2271.0,"open_date":"2025-11-24 14:00:00+00:00","close_date":"2025-11-24 16:00:00+00:00","open_rate":0.14577,"close_rate":0.14682,"fee_open":0.001,"fee_close":0.001,"trade_duration":120,"profit_ratio":0.005190734353113444,"profit_abs":1.72007811,"exit_reason":"roi","initial_stop_loss_abs":0.13849,"initial_stop_loss_ratio":-0.05,"stop_loss_abs":0.13849,"stop_loss_ratio":-0.05,"min_rate":0.14279,"max_rate":0.14854,"is_open":false,"enter_tag":"","leverage":1.0,"is_short":false,"open_timestamp":1763992800000,"close_timestamp":1764000000000,"orders":[{"amount":2271.0,"safe_price":0.14577,"ft_order_side":"buy","order_filled_timestamp":1763992800000,"ft_is_entry":true,"ft_order_tag":"","cost":331.37471367},{"amount":2271.0,"safe_price":0.14682,"ft_order_side":"sell","order_filled_timestamp":1764000000000,"ft_is_entry":false,"ft_order_tag":"roi","cost":333.76164822}],"funding_fees":0.0,"weekday":0},{"pair":"DOGE/USDT","stake_amount":331.65635,"max_stake_amount":331.65635,"amount":2165.0,"open_date":"2025-11-28 09:00:00+00:00","close_date":"2025-11-28 14:00:00+00:00","open_rate":0.15319,"close_rate":0.15349668668668665,"fee_open":0.001,"fee_close":0.001,"trade_duration":300,"profit_ratio":0.0,"profit_abs":0.0,"exit_reason":"roi","initial_stop_loss_abs":0.14554,"initial_stop_loss_ratio":-0.05,"stop_loss_abs":0.14554,"stop_loss_ratio":-0.05,"min_rate":0.14975,"max_rate":0.15395,"is_open":false,"enter_tag":"","leverage":1.0,"is_short":false,"open_timestamp":1764320400000,"close_timestamp":1764338400000,"orders":[{"amount":2165.0,"safe_price":0.15319,"ft_order_side":"buy","order_filled_timestamp":1764320400000,"ft_is_entry":true,"ft_order_tag":"","cost":331.9880063499999},{"amount":2165.0,"safe_price":0.15349668668668665,"ft_order_side":"sell","order_filled_timestamp":1764338400000,"ft_is_entry":false,"ft_order_tag":"roi","cost":332.65264700335325}],"funding_fees":0.0,"weekday":4},{"pair":"DOGE/USDT","stake_amount":331.70025,"max_stake_amount":331.70025,"amount":2345.0,"open_date":"2025-12-07 18:00:00+00:00","close_date":"2025-12-07 20:00:00+00:00","open_rate":0.14145,"close_rate":0.1421,"fee_open":0.001,"fee_close":0.001,"trade_duration":120,"profit_ratio":0.002588080000593256,"profit_abs":0.85932525,"exit_reason":"roi","initial_stop_loss_abs":0.13438,"initial_stop_loss_ratio":-0.05,"stop_loss_abs":0.13438,"stop_loss_ratio":-0.05,"min_rate":0.14126,"max_rate":0.14291,"is_open":false,"enter_tag":"","leverage":1.0,"is_short":false,"open_timestamp":1765130400000,"close_timestamp":1765137600000,"orders":[{"amount":2345.0,"safe_price":0.14145,"ft_order_side":"buy","order_filled_timestamp":1765130400000,"ft_is_entry":true,"ft_order_tag":"","cost":332.03195024999997},{"amount":2345.0,"safe_price":0.1421,"ft_order_side":"sell","order_filled_timestamp":1765137600000,"ft_is_entry":false,"ft_order_tag":"roi","cost":333.5577245}],"funding_fees":0.0,"weekday":6},{"pair":"DOGE/USDT","stake_amount":331.9547,"max_stake_amount":331.9547,"amount":2269.0,"open_date":"2025-12-09 16:00:00+00:00","close_date":"2025-12-09 18:00:00+00:00","open_rate":0.1463,"close_rate":0.15095,"fee_open":0.001,"fee_close":0.001,"trade_duration":120,"profit_ratio":0.029722498963783994,"profit_abs":9.87638975,"exit_reason":"roi","initial_stop_loss_abs":0.13899,"initial_stop_loss_ratio":-0.05,"stop_loss_abs":0.13899,"stop_loss_ratio":-0.05,"min_rate":0.1463,"max_rate":0.15319,"is_open":false,"enter_tag":"","leverage":1.0,"is_short":false,"open_timestamp":1765296000000,"close_timestamp":1765303200000,"orders":[{"amount":2269.0,"safe_price":0.1463,"ft_order_side":"buy","order_filled_timestamp":1765296000000,"ft_is_entry":true,"ft_order_tag":"","cost":332.2866547},{"amount":2269.0,"safe_price":0.15095,"ft_order_side":"sell","order_filled_timestamp":1765303200000,"ft_is_entry":false,"ft_order_tag":"roi","cost":342.84805554999997}],"funding_fees":0.0,"weekday":1},{"pair":"DOGE/USDT","stake_amount":335.19928,"max_stake_amount":335.19928,"amount":2294.0,"open_date":"2025-12-10 18:00:00+00:00","close_date":"2025-12-10 20:00:00+00:00","open_rate":0.14612,"close_rate":0.14753,"fee_open":0.001,"fee_close":0.001,"trade_duration":120,"profit_ratio":0.007632321141765434,"profit_abs":2.5609069,"exit_reason":"roi","initial_stop_loss_abs":0.13882,"initial_stop_loss_ratio":-0.05,"stop_loss_abs":0.13882,"stop_loss_ratio":-0.05,"min_rate":0.14541,"max_rate":0.15031,"is_open":false,"enter_tag":"","leverage":1.0,"is_short":false,"open_timestamp":1765389600000,"close_timestamp":1765396800000,"orders":[{"amount":2294.0,"safe_price":0.14612,"ft_order_side":"buy","order_filled_timestamp":1765389600000,"ft_is_entry":true,"ft_order_tag":"","cost":335.53447927999997},{"amount":2294.0,"safe_price":0.14753,"ft_order_side":"sell","order_filled_timestamp":1765396800000,"ft_is_entry":false,"ft_order_tag":"roi","cost":338.77225381999995}],"funding_fees":0.0,"weekday":2},{"pair":"DOGE/USDT","stake_amount":336.0352,"max_stake_amount":336.0352,"amount":2428.0,"open_date":"2025-12-13 09:00:00+00:00","close_date":"2025-12-13 11:00:00+00:00","open_rate":0.1384,"close_rate":0.1395,"fee_open":0.001,"fee_close":0.001,"trade_duration":120,"profit_ratio":0.005934094806927177,"profit_abs":1.9960588,"exit_reason":"roi","initial_stop_loss_abs":0.13148,"initial_stop_loss_ratio":-0.05,"stop_loss_abs":0.13148,"stop_loss_ratio":-0.05,"min_rate":0.1382,"max_rate":0.13955,"is_open":false,"enter_tag":"","leverage":1.0,"is_short":false,"open_timestamp":1765616400000,"close_timestamp":1765623600000,"orders":[{"amount":2428.0,"safe_price":0.1384,"ft_order_side":"buy","order_filled_timestamp":1765616400000,"ft_is_entry":true,"ft_order_tag":"","cost":336.37123519999994},{"amount":2428.0,"safe_price":0.1395,"ft_order_side":"sell","order_filled_timestamp":1765623600000,"ft_is_entry":false,"ft_order_tag":"roi","cost":339.04470599999996}],"funding_fees":0.0,"weekday":5},{"pair":"DOGE/USDT","stake_amount":336.75488,"max_stake_amount":336.75488,"amount":2422.0,"open_date":"2025-12-14 03:00:00+00:00","close_date":"2025-12-15 15:00:00+00:00","open_rate":0.13904,"close_rate":0.13209,"fee_open":0.001,"fee_close":0.001,"trade_duration":2160,"profit_ratio":-0.0518837462882342,"profit_abs":-17.48957686,"exit_reason":"stop_loss","initial_stop_loss_abs":0.13209,"initial_stop_loss_ratio":-0.05,"stop_loss_abs":0.13209,"stop_loss_ratio":-0.05,"min_rate":0.12977,"max_rate":0.13925,"is_open":false,"enter_tag":"","leverage":1.0,"is_short":false,"open_timestamp":1765681200000,"close_timestamp":1765810800000,"orders":[{"amount":2422.0,"safe_price":0.13904,"ft_order_side":"buy","order_filled_timestamp":1765681200000,"ft_is_entry":true,"ft_order_tag":"","cost":337.09163487999996},{"amount":2422.0,"safe_price":0.13209,"ft_order_side":"sell","order_filled_timestamp":1765810800000,"ft_is_entry":false,"ft_order_tag":"stop_loss","cost":320.24190197999997}],"funding_fees":0.0,"weekday":0},{"pair":"DOGE/USDT","stake_amount":330.96252,"max_stake_amount":330.96252,"amount":2492.0,"open_date":"2025-12-21 09:00:00+00:00","close_date":"2025-12-22 00:00:00+00:00","open_rate":0.13281,"close_rate":0.13307588588588587,"fee_open":0.001,"fee_close":0.001,"trade_duration":900,"profit_ratio":0.0,"profit_abs":0.0,"exit_reason":"roi","initial_stop_loss_abs":0.12617,"initial_stop_loss_ratio":-0.05,"stop_loss_abs":0.12617,"stop_loss_ratio":-0.05,"min_rate":0.12871,"max_rate":0.13424,"is_open":false,"enter_tag":"","leverage":1.0,"is_short":false,"open_timestamp":1766307600000,"close_timestamp":1766361600000,"orders":[{"amount":2492.0,"safe_price":0.13281,"ft_order_side":"buy","order_filled_timestamp":1766307600000,"ft_is_entry":true,"ft_order_tag":"","cost":331.29348252},{"amount":2492.0,"safe_price":0.13307588588588587,"ft_order_side":"sell","order_filled_timestamp":1766361600000,"ft_is_entry":false,"ft_order_tag":"roi","cost":331.9567327352552}],"funding_fees":0.0,"weekday":0},{"pair":"DOGE/USDT","stake_amount":330.97416,"max_stake_amount":330.97416,"amount":2658.0,"open_date":"2025-12-30 09:00:00+00:00","close_date":"2025-12-30 11:00:00+00:00","open_rate":0.12452,"close_rate":0.12476928928928928,"fee_open":0.001,"fee_close":0.001,"trade_duration":120,"profit_ratio":0.0,"profit_abs":0.0,"exit_reason":"roi","initial_stop_loss_abs":0.1183,"initial_stop_loss_ratio":-0.05,"stop_loss_abs":0.1183,"stop_loss_ratio":-0.05,"min_rate":0.1243,"max_rate":0.12525,"is_open":false,"enter_tag":"","leverage":1.0,"is_short":false,"open_timestamp":1767085200000,"close_timestamp":1767092400000,"orders":[{"amount":2658.0,"safe_price":0.12452,"ft_order_side":"buy","order_filled_timestamp":1767085200000,"ft_is_entry":true,"ft_order_tag":"","cost":331.30513416},{"amount":2658.0,"safe_price":0.12476928928928928,"ft_order_side":"sell","order_filled_timestamp":1767092400000,"ft_is_entry":false,"ft_order_tag":"roi","cost":331.9684077018618}],"funding_fees":0.0,"weekday":1},{"pair":"DOGE/USDT","stake_amount":330.95211,"max_stake_amount":330.95211,"amount":2749.0,"open_date":"2026-01-01 09:00:00+00:00","close_date":"2026-01-01 11:00:00+00:00","open_rate":0.12039,"close_rate":0.120631021021021,"fee_open":0.001,"fee_close":0.001,"trade_duration":120,"profit_ratio":0.0,"profit_abs":0.0,"exit_reason":"roi","initial_stop_loss_abs":0.11438,"initial_stop_loss_ratio":-0.05,"stop_loss_abs":0.11438,"stop_loss_ratio":-0.05,"min_rate":0.12021,"max_rate":0.12126,"is_open":false,"enter_tag":"","leverage":1.0,"is_short":false,"open_timestamp":1767258000000,"close_timestamp":1767265200000,"orders":[{"amount":2749.0,"safe_price":0.12039,"ft_order_side":"buy","order_filled_timestamp":1767258000000,"ft_is_entry":true,"ft_order_tag":"","cost":331.28306210999995},{"amount":2749.0,"safe_price":0.120631021021021,"ft_order_side":"sell","order_filled_timestamp":1767265200000,"ft_is_entry":false,"ft_order_tag":"roi","cost":331.94629146357346}],"funding_fees":0.0,"weekday":3}],"locks":[],"best_pair":{"key":"DOGE/USDT","trades":23,"profit_mean":0.0004960556993382821,"profit_mean_pct":0.05,"profit_total_abs":3.095427809999997,"profit_total":0.0030954278099999968,"profit_total_pct":0.31,"duration_avg":"4:29:00","wins":13,"draws":7,"losses":3,"winrate":0.5652173913043478,"cagr":0.011697642065755076,"expectancy":0.13458381782608653,"expectancy_ratio":-0.2965061045166584,"sortino":2.3695007996397024,"sharpe":0.07942188860590997,"calmar":1.8996803146949455,"sqn":0.0822,"profit_factor":1.0601198653722859,"max_drawdown_account":0.032093335457670985,"max_drawdown_abs":32.10204676},"worst_pair":{"key":"DOGE/USDT","trades":23,"profit_mean":0.0004960556993382821,"profit_mean_pct":0.05,"profit_total_abs":3.095427809999997,"profit_total":0.0030954278099999968,"profit_total_pct":0.31,"duration_avg":"4:29:00","wins":13,"draws":7,"losses":3,"winrate":0.5652173913043478,"cagr":0.011697642065755076,"expectancy":0.13458381782608653,"expectancy_ratio":-0.2965061045166584,"sortino":2.3695007996397024,"sharpe":0.07942188860590997,"calmar":1.8996803146949455,"sqn":0.0822,"profit_factor":1.0601198653722859,"max_drawdown_account":0.032093335457670985,"max_drawdown_abs":32.10204676},"results_per_pair":[{"key":"DOGE/USDT","trades":23,"profit_mean":0.0004960556993382821,"profit_mean_pct":0.05,"profit_total_abs":3.095427809999997,"profit_total":0.0030954278099999968,"profit_total_pct":0.31,"duration_avg":"4:29:00","wins":13,"draws":7,"losses":3,"winrate":0.5652173913043478,"cagr":0.011697642065755076,"expectancy":0.13458381782608653,"expectancy_ratio":-0.2965061045166584,"sortino":2.3695007996397024,"sharpe":0.07942188860590997,"calmar":1.8996803146949455,"sqn":0.0822,"profit_factor":1.0601198653722859,"max_drawdown_account":0.032093335457670985,"max_drawdown_abs":32.10204676},{"key":"TOTAL","trades":23,"profit_mean":0.0004960556993382821,"profit_mean_pct":0.05,"profit_total_abs":3.095427809999997,"profit_total":0.0030954278099999968,"profit_total_pct":0.31,"duration_avg":"4:29:00","wins":13,"draws":7,"losses":3,"winrate":0.5652173913043478,"cagr":0.011697642065755076,"expectancy":0.13458381782608653,"expectancy_ratio":-0.2965061045166584,"sortino":2.3695007996397024,"sharpe":0.07942188860590997,"calmar":1.8996803146949455,"sqn":0.0822,"profit_factor":1.0601198653722859,"max_drawdown_account":0.032093335457670985,"max_drawdown_abs":32.10204676}],"results_per_enter_tag":[{"key":"","trades":23,"profit_mean":0.0004960556993382821,"profit_mean_pct":0.05,"profit_total_abs":3.095427809999997,"profit_total":0.0030954278099999968,"profit_total_pct":0.31,"duration_avg":"4:29:00","wins":13,"draws":7,"losses":3,"winrate":0.5652173913043478,"cagr":0.011697642065755076,"expectancy":0.13458381782608653,"expectancy_ratio":-0.2965061045166584,"sortino":2.3695007996397024,"sharpe":0.07942188860590997,"calmar":1.8996803146949455,"sqn":0.0822,"profit_factor":1.0601198653722859,"max_drawdown_account":0.032093335457670985,"max_drawdown_abs":32.10204676},{"key":"TOTAL","trades":23,"profit_mean":0.0004960556993382821,"profit_mean_pct":0.05,"profit_total_abs":3.095427809999997,"profit_total":0.0030954278099999968,"profit_total_pct":0.31,"duration_avg":"4:29:00","wins":13,"draws":7,"losses":3,"winrate":0.5652173913043478,"cagr":0.011697642065755076,"expectancy":0.13458381782608653,"expectancy_ratio":-0.2965061045166584,"sortino":2.3695007996397024,"sharpe":0.07942188860590997,"calmar":1.8996803146949455,"sqn":0.0822,"profit_factor":1.0601198653722859,"max_drawdown_account":0.032093335457670985,"max_drawdown_abs":32.10204676}],"exit_reason_summary":[{"key":"roi","trades":20,"profit_mean":0.008351303848305118,"profit_mean_pct":0.84,"profit_total_abs":54.58303163,"profit_total":0.05458303163,"profit_total_pct":5.46,"duration_avg":"2:45:00","wins":13,"draws":7,"losses":0,"winrate":0.65,"cagr":0.22137873597648539,"expectancy":2.7291515815,"expectancy_ratio":100.0,"sortino":-100,"sharpe":2.6755376244434097,"calmar":-100,"sqn":2.9606,"profit_factor":0.0,"max_drawdown_account":0.0,"max_drawdown_abs":0.0},{"key":"stop_loss","trades":3,"profit_mean":-0.05187226529377396,"profit_mean_pct":-5.19,"profit_total_abs":-51.487603820000004,"profit_total":-0.051487603820000005,"profit_total_pct":-5.15,"duration_avg":"16:00:00","wins":0,"draws":0,"losses":3,"winrate":0.0,"cagr":-0.18037451417563943,"expectancy":-17.162534606666668,"expectancy_ratio":-1.0,"sortino":-39.41294254348067,"sharpe":-39.41294254348067,"calmar":-19.695848633549275,"sqn":-94.3318,"profit_factor":0.0,"max_drawdown_account":0.051487603820000005,"max_drawdown_abs":51.487603820000004},{"key":"TOTAL","trades":23,"profit_mean":0.0004960556993382821,"profit_mean_pct":0.05,"profit_total_abs":3.095427809999997,"profit_total":0.0030954278099999968,"profit_total_pct":0.31,"duration_avg":"4:29:00","wins":13,"draws":7,"losses":3,"winrate":0.5652173913043478,"cagr":0.011697642065755076,"expectancy":0.13458381782608653,"expectancy_ratio":-0.2965061045166584,"sortino":2.3695007996397024,"sharpe":0.07942188860590997,"calmar":1.8996803146949455,"sqn":0.0822,"profit_factor":1.0601198653722859,"max_drawdown_account":0.032093335457670985,"max_drawdown_abs":32.10204676}],"mix_tag_stats":[{"key":["","roi"],"trades":20,"profit_mean":0.008351303848305118,"profit_mean_pct":0.84,"profit_total_abs":54.58303163,"profit_total":0.05458303163,"profit_total_pct":5.46,"duration_avg":"2:45:00","wins":13,"draws":7,"losses":0,"winrate":0.65,"cagr":0.22137873597648539,"expectancy":2.7291515815,"expectancy_ratio":100.0,"sortino":-100,"sharpe":2.6755376244434097,"calmar":-100,"sqn":2.9606,"profit_factor":0.0,"max_drawdown_account":0.0,"max_drawdown_abs":0.0},{"key":["","stop_loss"],"trades":3,"profit_mean":-0.05187226529377396,"profit_mean_pct":-5.19,"profit_total_abs":-51.487603820000004,"profit_total":-0.051487603820000005,"profit_total_pct":-5.15,"duration_avg":"16:00:00","wins":0,"draws":0,"losses":3,"winrate":0.0,"cagr":-0.18037451417563943,"expectancy":-17.162534606666668,"expectancy_ratio":-1.0,"sortino":-39.41294254348067,"sharpe":-39.41294254348067,"calmar":-19.695848633549275,"sqn":-94.3318,"profit_factor":0.0,"max_drawdown_account":0.051487603820000005,"max_drawdown_abs":51.487603820000004},{"key":"TOTAL","trades":23,"profit_mean":0.0004960556993382821,"profit_mean_pct":0.05,"profit_total_abs":3.095427809999997,"profit_total":0.0030954278099999968,"profit_total_pct":0.31,"duration_avg":"4:29:00","wins":13,"draws":7,"losses":3,"winrate":0.5652173913043478,"cagr":0.011697642065755076,"expectancy":0.13458381782608653,"expectancy_ratio":-0.2965061045166584,"sortino":2.3695007996397024,"sharpe":0.07942188860590997,"calmar":1.8996803146949455,"sqn":0.0822,"profit_factor":1.0601198653722859,"max_drawdown_account":0.032093335457670985,"max_drawdown_abs":32.10204676}],"left_open_trades":[{"key":"TOTAL","trades":0,"profit_mean":0.0,"profit_mean_pct":0.0,"profit_total_abs":0.0,"profit_total":0.0,"profit_total_pct":0.0,"duration_avg":"0:00","wins":0,"draws":0,"losses":0,"winrate":0.0,"cagr":0.0,"expectancy":0.0,"expectancy_ratio":100.0,"sortino":0,"sharpe":0,"calmar":0,"sqn":0.0,"profit_factor":0.0,"max_drawdown_account":0.0,"max_drawdown_abs":0.0}],"total_trades":23,"trade_count_long":23,"trade_count_short":0,"total_volume":15189.753345343152,"avg_stake_amount":329.4849730434783,"profit_mean":0.0004960556993382821,"profit_median":0.002588080000593256,"profit_total":0.0030954278099999968,"profit_total_long":0.0030954278099999968,"profit_total_short":0.0,"profit_total_abs":3.095427809999997,"profit_total_long_abs":3.095427809999997,"profit_total_short_abs":0.0,"cagr":0.011697642065755076,"expectancy":0.13458381782608653,"expectancy_ratio":-0.2965061045166584,"sortino":2.3695007996397024,"sharpe":0.07942188860590997,"calmar":1.8996803146949455,"sqn":0.0822,"profit_factor":1.0601198653722859,"backtest_start":"2025-10-01 00:00:00","backtest_start_ts":1759276800000,"backtest_end":"2026-01-06 20:00:00","backtest_end_ts":1767729600000,"backtest_days":97,"backtest_run_start_ts":1767739169,"backtest_run_end_ts":1767739169,"trades_per_day":0.24,"market_change":-0.36632086436227446,"pairlist":["DOGE/USDT"],"stake_amount":"unlimited","stake_currency":"USDT","stake_currency_decimals":3,"starting_balance":1000,"dry_run_wallet":1000,"final_balance":1003.09542781,"rejected_signals":0,"timedout_entry_orders":0,"timedout_exit_orders":0,"canceled_trade_entries":0,"canceled_entry_orders":0,"replaced_entry_orders":0,"max_open_trades":1,"max_open_trades_setting":3,"timeframe":"1h","timeframe_detail":"","timerange":"20251001-","enable_protections":false,"strategy_name":"ACO_37_22","freqaimodel":null,"freqai_identifier":null,"stoploss":-0.05,"trailing_stop":false,"trailing_stop_positive":null,"trailing_stop_positive_offset":0.0,"trailing_only_offset_is_reached":false,"use_custom_stoploss":false,"minimal_roi":{"0":0.1,"60":0.05,"120":0.0},"use_exit_signal":true,"exit_profit_only":false,"exit_profit_offset":0.0,"ignore_roi_if_entry_signal":false,"trading_mode":"spot","margin_mode":"","periodic_breakdown":{"day":[{"date":"06/10/2025","date_ts":1759708800000,"profit_abs":0.0,"wins":0,"draws":1,"losses":0,"trades":1,"profit_factor":0.0},{"date":"07/10/2025","date_ts":1759795200000,"profit_abs":0.0,"wins":0,"draws":0,"losses":0,"trades":0,"profit_factor":0.0},{"date":"08/10/2025","date_ts":1759881600000,"profit_abs":0.0,"wins":0,"draws":0,"losses":0,"trades":0,"profit_factor":0.0},{"date":"09/10/2025","date_ts":1759968000000,"profit_abs":0.0,"wins":0,"draws":0,"losses":0,"trades":0,"profit_factor":0.0},{"date":"10/10/2025","date_ts":1760054400000,"profit_abs":0.27143649,"wins":1,"draws":0,"losses":0,"trades":1,"profit_factor":0.0},{"date":"11/10/2025","date_ts":1760140800000,"profit_abs":0.0,"wins":0,"draws":0,"losses":0,"trades":0,"profit_factor":0.0},{"date":"12/10/2025","date_ts":1760227200000,"profit_abs":0.0,"wins":0,"draws":0,"losses":0,"trades":0,"profit_factor":0.0},{"date":"13/10/2025","date_ts":1760313600000,"profit_abs":0.0,"wins":0,"draws":1,"losses":0,"trades":1,"profit_factor":0.0},{"date":"14/10/2025","date_ts":1760400000000,"profit_abs":0.0,"wins":0,"draws":0,"losses":0,"trades":0,"profit_factor":0.0},{"date":"15/10/2025","date_ts":1760486400000,"profit_abs":0.0,"wins":0,"draws":0,"losses":0,"trades":0,"profit_factor":0.0},{"date":"16/10/2025","date_ts":1760572800000,"profit_abs":0.0,"wins":0,"draws":0,"losses":0,"trades":0,"profit_factor":0.0},{"date":"17/10/2025","date_ts":1760659200000,"profit_abs":0.0,"wins":0,"draws":0,"losses":0,"trades":0,"profit_factor":0.0},{"date":"18/10/2025","date_ts":1760745600000,"profit_abs":0.0,"wins":0,"draws":0,"losses":0,"trades":0,"profit_factor":0.0},{"date":"19/10/2025","date_ts":1760832000000,"profit_abs":0.0,"wins":0,"draws":0,"losses":0,"trades":0,"profit_factor":0.0},{"date":"20/10/2025","date_ts":1760918400000,"profit_abs":0.0,"wins":0,"draws":0,"losses":0,"trades":0,"profit_factor":0.0},{"date":"21/10/2025","date_ts":1761004800000,"profit_abs":0.0,"wins":0,"draws":0,"losses":0,"trades":0,"profit_factor":0.0},{"date":"22/10/2025","date_ts":1761091200000,"profit_abs":-17.13716875,"wins":0,"draws":0,"losses":1,"trades":1,"profit_factor":0.0},{"date":"23/10/2025","date_ts":1761177600000,"profit_abs":0.0,"wins":0,"draws":0,"losses":0,"trades":0,"profit_factor":0.0},{"date":"24/10/2025","date_ts":1761264000000,"profit_abs":1.8959802,"wins":1,"draws":0,"losses":0,"trades":1,"profit_factor":0.0},{"date":"25/10/2025","date_ts":1761350400000,"profit_abs":0.0,"wins":0,"draws":0,"losses":0,"trades":0,"profit_factor":0.0},{"date":"26/10/2025","date_ts":1761436800000,"profit_abs":0.0,"wins":0,"draws":0,"losses":0,"trades":0,"profit_factor":0.0},{"date":"27/10/2025","date_ts":1761523200000,"profit_abs":0.0,"wins":0,"draws":0,"losses":0,"trades":0,"profit_factor":0.0},{"date":"28/10/2025","date_ts":1761609600000,"profit_abs":0.0,"wins":0,"draws":0,"losses":0,"trades":0,"profit_factor":0.0},{"date":"29/10/2025","date_ts":1761696000000,"profit_abs":0.0,"wins":0,"draws":0,"losses":0,"trades":0,"profit_factor":0.0},{"date":"30/10/2025","date_ts":1761782400000,"profit_abs":0.0,"wins":0,"draws":0,"losses":0,"trades":0,"profit_factor":0.0},{"date":"31/10/2025","date_ts":1761868800000,"profit_abs":0.0,"wins":0,"draws":0,"losses":0,"trades":0,"profit_factor":0.0},{"date":"01/11/2025","date_ts":1761955200000,"profit_abs":0.0,"wins":0,"draws":0,"losses":0,"trades":0,"profit_factor":0.0},{"date":"02/11/2025","date_ts":1762041600000,"profit_abs":0.0,"wins":0,"draws":0,"losses":0,"trades":0,"profit_factor":0.0},{"date":"03/11/2025","date_ts":1762128000000,"profit_abs":-16.86085821,"wins":0,"draws":0,"losses":1,"trades":1,"profit_factor":0.0},{"date":"04/11/2025","date_ts":1762214400000,"profit_abs":0.0,"wins":0,"draws":0,"losses":0,"trades":0,"profit_factor":0.0},{"date":"05/11/2025","date_ts":1762300800000,"profit_abs":0.0,"wins":0,"draws":0,"losses":0,"trades":0,"profit_factor":0.0},{"date":"06/11/2025","date_ts":1762387200000,"profit_abs":0.0,"wins":0,"draws":0,"losses":0,"trades":0,"profit_factor":0.0},{"date":"07/11/2025","date_ts":1762473600000,"profit_abs":15.9741975,"wins":1,"draws":0,"losses":0,"trades":1,"profit_factor":0.0},{"date":"08/11/2025","date_ts":1762560000000,"profit_abs":0.0,"wins":0,"draws":0,"losses":0,"trades":0,"profit_factor":0.0},{"date":"09/11/2025","date_ts":1762646400000,"profit_abs":2.97959052,"wins":1,"draws":0,"losses":0,"trades":1,"profit_factor":0.0},{"date":"10/11/2025","date_ts":1762732800000,"profit_abs":0.0,"wins":0,"draws":0,"losses":0,"trades":0,"profit_factor":0.0},{"date":"11/11/2025","date_ts":1762819200000,"profit_abs":0.0,"wins":0,"draws":1,"losses":0,"trades":1,"profit_factor":0.0},{"date":"12/11/2025","date_ts":1762905600000,"profit_abs":0.0,"wins":0,"draws":0,"losses":0,"trades":0,"profit_factor":0.0},{"date":"13/11/2025","date_ts":1762992000000,"profit_abs":3.03085161,"wins":1,"draws":0,"losses":0,"trades":1,"profit_factor":0.0},{"date":"14/11/2025","date_ts":1763078400000,"profit_abs":0.0,"wins":0,"draws":0,"losses":0,"trades":0,"profit_factor":0.0},{"date":"15/11/2025","date_ts":1763164800000,"profit_abs":0.0,"wins":0,"draws":0,"losses":0,"trades":0,"profit_factor":0.0},{"date":"16/11/2025","date_ts":1763251200000,"profit_abs":0.0,"wins":0,"draws":0,"losses":0,"trades":0,"profit_factor":0.0},{"date":"17/11/2025","date_ts":1763337600000,"profit_abs":0.0,"wins":0,"draws":0,"losses":0,"trades":0,"profit_factor":0.0},{"date":"18/11/2025","date_ts":1763424000000,"profit_abs":8.36992898,"wins":1,"draws":0,"losses":0,"trades":1,"profit_factor":0.0},{"date":"19/11/2025","date_ts":1763510400000,"profit_abs":0.0,"wins":0,"draws":0,"losses":0,"trades":0,"profit_factor":0.0},{"date":"20/11/2025","date_ts":1763596800000,"profit_abs":2.96021472,"wins":1,"draws":0,"losses":0,"trades":1,"profit_factor":0.0},{"date":"21/11/2025","date_ts":1763683200000,"profit_abs":0.0,"wins":0,"draws":0,"losses":0,"trades":0,"profit_factor":0.0},{"date":"22/11/2025","date_ts":1763769600000,"profit_abs":0.0,"wins":0,"draws":0,"losses":0,"trades":0,"profit_factor":0.0},{"date":"23/11/2025","date_ts":1763856000000,"profit_abs":2.0880728,"wins":1,"draws":0,"losses":0,"trades":1,"profit_factor":0.0},{"date":"24/11/2025","date_ts":1763942400000,"profit_abs":1.72007811,"wins":1,"draws":0,"losses":0,"trades":1,"profit_factor":0.0},{"date":"25/11/2025","date_ts":1764028800000,"profit_abs":0.0,"wins":0,"draws":0,"losses":0,"trades":0,"profit_factor":0.0},{"date":"26/11/2025","date_ts":1764115200000,"profit_abs":0.0,"wins":0,"draws":0,"losses":0,"trades":0,"profit_factor":0.0},{"date":"27/11/2025","date_ts":1764201600000,"profit_abs":0.0,"wins":0,"draws":0,"losses":0,"trades":0,"profit_factor":0.0},{"date":"28/11/2025","date_ts":1764288000000,"profit_abs":0.0,"wins":0,"draws":1,"losses":0,"trades":1,"profit_factor":0.0},{"date":"29/11/2025","date_ts":1764374400000,"profit_abs":0.0,"wins":0,"draws":0,"losses":0,"trades":0,"profit_factor":0.0},{"date":"30/11/2025","date_ts":1764460800000,"profit_abs":0.0,"wins":0,"draws":0,"losses":0,"trades":0,"profit_factor":0.0},{"date":"01/12/2025","date_ts":1764547200000,"profit_abs":0.0,"wins":0,"draws":0,"losses":0,"trades":0,"profit_factor":0.0},{"date":"02/12/2025","date_ts":1764633600000,"profit_abs":0.0,"wins":0,"draws":0,"losses":0,"trades":0,"profit_factor":0.0},{"date":"03/12/2025","date_ts":1764720000000,"profit_abs":0.0,"wins":0,"draws":0,"losses":0,"trades":0,"profit_factor":0.0},{"date":"04/12/2025","date_ts":1764806400000,"profit_abs":0.0,"wins":0,"draws":0,"losses":0,"trades":0,"profit_factor":0.0},{"date":"05/12/2025","date_ts":1764892800000,"profit_abs":0.0,"wins":0,"draws":0,"losses":0,"trades":0,"profit_factor":0.0},{"date":"06/12/2025","date_ts":1764979200000,"profit_abs":0.0,"wins":0,"draws":0,"losses":0,"trades":0,"profit_factor":0.0},{"date":"07/12/2025","date_ts":1765065600000,"profit_abs":0.85932525,"wins":1,"draws":0,"losses":0,"trades":1,"profit_factor":0.0},{"date":"08/12/2025","date_ts":1765152000000,"profit_abs":0.0,"wins":0,"draws":0,"losses":0,"trades":0,"profit_factor":0.0},{"date":"09/12/2025","date_ts":1765238400000,"profit_abs":9.87638975,"wins":1,"draws":0,"losses":0,"trades":1,"profit_factor":0.0},{"date":"10/12/2025","date_ts":1765324800000,"profit_abs":2.5609069,"wins":1,"draws":0,"losses":0,"trades":1,"profit_factor":0.0},{"date":"11/12/2025","date_ts":1765411200000,"profit_abs":0.0,"wins":0,"draws":0,"losses":0,"trades":0,"profit_factor":0.0},{"date":"12/12/2025","date_ts":1765497600000,"profit_abs":0.0,"wins":0,"draws":0,"losses":0,"trades":0,"profit_factor":0.0},{"date":"13/12/2025","date_ts":1765584000000,"profit_abs":1.9960588,"wins":1,"draws":0,"losses":0,"trades":1,"profit_factor":0.0},{"date":"14/12/2025","date_ts":1765670400000,"profit_abs":0.0,"wins":0,"draws":0,"losses":0,"trades":0,"profit_factor":0.0},{"date":"15/12/2025","date_ts":1765756800000,"profit_abs":-17.48957686,"wins":0,"draws":0,"losses":1,"trades":1,"profit_factor":0.0},{"date":"16/12/2025","date_ts":1765843200000,"profit_abs":0.0,"wins":0,"draws":0,"losses":0,"trades":0,"profit_factor":0.0},{"date":"17/12/2025","date_ts":1765929600000,"profit_abs":0.0,"wins":0,"draws":0,"losses":0,"trades":0,"profit_factor":0.0},{"date":"18/12/2025","date_ts":1766016000000,"profit_abs":0.0,"wins":0,"draws":0,"losses":0,"trades":0,"profit_factor":0.0},{"date":"19/12/2025","date_ts":1766102400000,"profit_abs":0.0,"wins":0,"draws":0,"losses":0,"trades":0,"profit_factor":0.0},{"date":"20/12/2025","date_ts":1766188800000,"profit_abs":0.0,"wins":0,"draws":0,"losses":0,"trades":0,"profit_factor":0.0},{"date":"21/12/2025","date_ts":1766275200000,"profit_abs":0.0,"wins":0,"draws":0,"losses":0,"trades":0,"profit_factor":0.0},{"date":"22/12/2025","date_ts":1766361600000,"profit_abs":0.0,"wins":0,"draws":1,"losses":0,"trades":1,"profit_factor":0.0},{"date":"23/12/2025","date_ts":1766448000000,"profit_abs":0.0,"wins":0,"draws":0,"losses":0,"trades":0,"profit_factor":0.0},{"date":"24/12/2025","date_ts":1766534400000,"profit_abs":0.0,"wins":0,"draws":0,"losses":0,"trades":0,"profit_factor":0.0},{"date":"25/12/2025","date_ts":1766620800000,"profit_abs":0.0,"wins":0,"draws":0,"losses":0,"trades":0,"profit_factor":0.0},{"date":"26/12/2025","date_ts":1766707200000,"profit_abs":0.0,"wins":0,"draws":0,"losses":0,"trades":0,"profit_factor":0.0},{"date":"27/12/2025","date_ts":1766793600000,"profit_abs":0.0,"wins":0,"draws":0,"losses":0,"trades":0,"profit_factor":0.0},{"date":"28/12/2025","date_ts":1766880000000,"profit_abs":0.0,"wins":0,"draws":0,"losses":0,"trades":0,"profit_factor":0.0},{"date":"29/12/2025","date_ts":1766966400000,"profit_abs":0.0,"wins":0,"draws":0,"losses":0,"trades":0,"profit_factor":0.0},{"date":"30/12/2025","date_ts":1767052800000,"profit_abs":0.0,"wins":0,"draws":1,"losses":0,"trades":1,"profit_factor":0.0},{"date":"31/12/2025","date_ts":1767139200000,"profit_abs":0.0,"wins":0,"draws":0,"losses":0,"trades":0,"profit_factor":0.0},{"date":"01/01/2026","date_ts":1767225600000,"profit_abs":0.0,"wins":0,"draws":1,"losses":0,"trades":1,"profit_factor":0.0}],"week":[{"date":"06/10/2025","date_ts":1759708800000,"profit_abs":0.0,"wins":0,"draws":1,"losses":0,"trades":1,"profit_factor":0.0},{"date":"13/10/2025","date_ts":1760313600000,"profit_abs":0.27143649,"wins":1,"draws":1,"losses":0,"trades":2,"profit_factor":0.0},{"date":"20/10/2025","date_ts":1760918400000,"profit_abs":0.0,"wins":0,"draws":0,"losses":0,"trades":0,"profit_factor":0.0},{"date":"27/10/2025","date_ts":1761523200000,"profit_abs":-15.24118855,"wins":1,"draws":0,"losses":1,"trades":2,"profit_factor":0.11063556},{"date":"03/11/2025","date_ts":1762128000000,"profit_abs":-16.86085821,"wins":0,"draws":0,"losses":1,"trades":1,"profit_factor":0.0},{"date":"10/11/2025","date_ts":1762732800000,"profit_abs":18.95378802,"wins":2,"draws":0,"losses":0,"trades":2,"profit_factor":0.0},{"date":"17/11/2025","date_ts":1763337600000,"profit_abs":3.03085161,"wins":1,"draws":1,"losses":0,"trades":2,"profit_factor":0.0},{"date":"24/11/2025","date_ts":1763942400000,"profit_abs":15.13829461,"wins":4,"draws":0,"losses":0,"trades":4,"profit_factor":0.0},{"date":"01/12/2025","date_ts":1764547200000,"profit_abs":0.0,"wins":0,"draws":1,"losses":0,"trades":1,"profit_factor":0.0},{"date":"08/12/2025","date_ts":1765152000000,"profit_abs":0.85932525,"wins":1,"draws":0,"losses":0,"trades":1,"profit_factor":0.0},{"date":"15/12/2025","date_ts":1765756800000,"profit_abs":-3.05622141,"wins":3,"draws":0,"losses":1,"trades":4,"profit_factor":0.8252547},{"date":"22/12/2025","date_ts":1766361600000,"profit_abs":0.0,"wins":0,"draws":1,"losses":0,"trades":1,"profit_factor":0.0},{"date":"29/12/2025","date_ts":1766966400000,"profit_abs":0.0,"wins":0,"draws":0,"losses":0,"trades":0,"profit_factor":0.0},{"date":"05/01/2026","date_ts":1767571200000,"profit_abs":0.0,"wins":0,"draws":2,"losses":0,"trades":2,"profit_factor":0.0}],"month":[{"date":"31/10/2025","date_ts":1761868800000,"profit_abs":-14.96975206,"wins":2,"draws":2,"losses":1,"trades":5,"profit_factor":0.12647461},{"date":"30/11/2025","date_ts":1764460800000,"profit_abs":20.26207603,"wins":7,"draws":2,"losses":1,"trades":10,"profit_factor":2.2017227},{"date":"31/12/2025","date_ts":1767139200000,"profit_abs":-2.19689616,"wins":4,"draws":2,"losses":1,"trades":7,"profit_factor":0.87438826},{"date":"31/01/2026","date_ts":1769817600000,"profit_abs":0.0,"wins":0,"draws":1,"losses":0,"trades":1,"profit_factor":0.0}],"year":[{"date":"31/12/2025","date_ts":1767139200000,"profit_abs":3.09542781,"wins":13,"draws":6,"losses":3,"trades":22,"profit_factor":1.06011987},{"date":"31/12/2026","date_ts":1798675200000,"profit_abs":0.0,"wins":0,"draws":1,"losses":0,"trades":1,"profit_factor":0.0}],"weekday":[{"date":"Monday","date_ts":0,"profit_abs":-32.63035696,"wins":1,"draws":3,"losses":2,"trades":6,"profit_factor":0.05007442},{"date":"Tuesday","date_ts":1,"profit_abs":18.24631873,"wins":2,"draws":2,"losses":0,"trades":4,"profit_factor":0.0},{"date":"Wednesday","date_ts":2,"profit_abs":-14.57626185,"wins":1,"draws":0,"losses":1,"trades":2,"profit_factor":0.14943582},{"date":"Thursday","date_ts":3,"profit_abs":5.99106633,"wins":2,"draws":1,"losses":0,"trades":3,"profit_factor":0.0},{"date":"Friday","date_ts":4,"profit_abs":18.14161419,"wins":3,"draws":1,"losses":0,"trades":4,"profit_factor":0.0},{"date":"Saturday","date_ts":5,"profit_abs":1.9960588,"wins":1,"draws":0,"losses":0,"trades":1,"profit_factor":0.0},{"date":"Sunday","date_ts":6,"profit_abs":5.92698857,"wins":3,"draws":0,"losses":0,"trades":3,"profit_factor":0.0}]},"backtest_best_day":0.04995004995004995,"backtest_worst_day":-0.05188581425961381,"backtest_best_day_abs":15.9741975,"backtest_worst_day_abs":-17.48957686,"winning_days":13,"draw_days":72,"losing_days":3,"daily_profit":[["2025-10-06",0.0],["2025-10-07",0.0],["2025-10-08",0.0],["2025-10-09",0.0],["2025-10-10",0.27143649],["2025-10-11",0.0],["2025-10-12",0.0],["2025-10-13",0.0],["2025-10-14",0.0],["2025-10-15",0.0],["2025-10-16",0.0],["2025-10-17",0.0],["2025-10-18",0.0],["2025-10-19",0.0],["2025-10-20",0.0],["2025-10-21",0.0],["2025-10-22",-17.13716875],["2025-10-23",0.0],["2025-10-24",1.8959802],["2025-10-25",0.0],["2025-10-26",0.0],["2025-10-27",0.0],["2025-10-28",0.0],["2025-10-29",0.0],["2025-10-30",0.0],["2025-10-31",0.0],["2025-11-01",0.0],["2025-11-02",0.0],["2025-11-03",-16.86085821],["2025-11-04",0.0],["2025-11-05",0.0],["2025-11-06",0.0],["2025-11-07",15.9741975],["2025-11-08",0.0],["2025-11-09",2.97959052],["2025-11-10",0.0],["2025-11-11",0.0],["2025-11-12",0.0],["2025-11-13",3.03085161],["2025-11-14",0.0],["2025-11-15",0.0],["2025-11-16",0.0],["2025-11-17",0.0],["2025-11-18",8.36992898],["2025-11-19",0.0],["2025-11-20",2.96021472],["2025-11-21",0.0],["2025-11-22",0.0],["2025-11-23",2.0880728],["2025-11-24",1.72007811],["2025-11-25",0.0],["2025-11-26",0.0],["2025-11-27",0.0],["2025-11-28",0.0],["2025-11-29",0.0],["2025-11-30",0.0],["2025-12-01",0.0],["2025-12-02",0.0],["2025-12-03",0.0],["2025-12-04",0.0],["2025-12-05",0.0],["2025-12-06",0.0],["2025-12-07",0.85932525],["2025-12-08",0.0],["2025-12-09",9.87638975],["2025-12-10",2.5609069],["2025-12-11",0.0],["2025-12-12",0.0],["2025-12-13",1.9960588],["2025-12-14",0.0],["2025-12-15",-17.48957686],["2025-12-16",0.0],["2025-12-17",0.0],["2025-12-18",0.0],["2025-12-19",0.0],["2025-12-20",0.0],["2025-12-21",0.0],["2025-12-22",0.0],["2025-12-23",0.0],["2025-12-24",0.0],["2025-12-25",0.0],["2025-12-26",0.0],["2025-12-27",0.0],["2025-12-28",0.0],["2025-12-29",0.0],["2025-12-30",0.0],["2025-12-31",0.0],["2026-01-01",0.0]],"wins":13,"losses":3,"draws":7,"winrate":0.5652173913043478,"holding_avg":"4:29:00","holding_avg_s":16140.0,"winner_holding_min":"0d 01:00","winner_holding_min_s":3600.0,"winner_holding_max":"0d 02:00","winner_holding_max_s":7200.0,"winner_holding_avg":"0d 01:55","winner_holding_avg_s":6900.0,"loser_holding_min":"0d 03:00","loser_holding_min_s":10800.0,"loser_holding_max":"1d 12:00","loser_holding_max_s":129600.0,"loser_holding_avg":"0d 16:00","loser_holding_avg_s":57600.0,"max_consecutive_wins":5,"max_consecutive_losses":4,"max_drawdown_account":0.032093335457670985,"max_relative_drawdown":0.032093335457670985,"max_drawdown_abs":32.10204676,"drawdown_start":"2025-10-10 06:00:00","drawdown_start_ts":1760076000000.0,"drawdown_end":"2025-11-03 03:00:00","drawdown_end_ts":1762138800000.0,"drawdown_duration":"23 days 21:00:00","drawdown_duration_s":2062800.0,"max_drawdown_low":-31.83061027,"max_drawdown_high":0.27143649,"csum_min":968.16938973,"csum_max":1020.58500467}},"strategy_comparison":[{"key":"ACO_37_22","trades":23,"profit_mean":0.0004960556993382821,"profit_mean_pct":0.05,"profit_total_abs":3.095427809999997,"profit_total":0.0030954278099999968,"profit_total_pct":0.31,"duration_avg":"4:29:00","wins":13,"draws":7,"losses":3,"winrate":0.5652173913043478,"cagr":0.011697642065755076,"expectancy":0.13458381782608653,"expectancy_ratio":-0.2965061045166584,"sortino":2.3695007996397024,"sharpe":0.07942188860590997,"calmar":1.8996803146949455,"sqn":0.0822,"profit_factor":1.0601198653722859,"max_drawdown_account":0.032093335457670985,"max_drawdown_abs":"32.102"}]}