{"strategy":{"ACO_90_11":{"trades":[{"pair":"DOGE/USDT","stake_amount":329.90849,"max_stake_amount":329.90849,"amount":1783.0,"open_date":"2025-10-11 23:00:00+00:00","close_date":"2025-10-12 03:00:00+00:00","open_rate":0.18503,"close_rate":0.18540043043043042,"fee_open":0.001,"fee_close":0.001,"trade_duration":240,"profit_ratio":0.0,"profit_abs":0.0,"exit_reason":"roi","initial_stop_loss_abs":0.17578,"initial_stop_loss_ratio":-0.05,"stop_loss_abs":0.17578,"stop_loss_ratio":-0.05,"min_rate":0.18072,"max_rate":0.18675,"is_open":false,"enter_tag":"","leverage":1.0,"is_short":false,"open_timestamp":1760223600000,"close_timestamp":1760238000000,"orders":[{"amount":1783.0,"safe_price":0.18503,"ft_order_side":"buy","order_filled_timestamp":1760223600000,"ft_is_entry":true,"ft_order_tag":"","cost":330.23839848999995},{"amount":1783.0,"safe_price":0.18540043043043042,"ft_order_side":"sell","order_filled_timestamp":1760238000000,"ft_is_entry":false,"ft_order_tag":"roi","cost":330.89953642491486}],"funding_fees":0.0,"weekday":6},{"pair":"DOGE/USDT","stake_amount":329.94192,"max_stake_amount":329.94192,"amount":1738.0,"open_date":"2025-10-12 13:00:00+00:00","close_date":"2025-10-12 14:00:00+00:00","open_rate":0.18984,"close_rate":0.19972156156156154,"fee_open":0.001,"fee_close":0.001,"trade_duration":60,"profit_ratio":0.04995004995004995,"profit_abs":16.497096,"exit_reason":"roi","initial_stop_loss_abs":0.18035,"initial_stop_loss_ratio":-0.05,"stop_loss_abs":0.18035,"stop_loss_ratio":-0.05,"min_rate":0.18624,"max_rate":0.19986,"is_open":false,"enter_tag":"","leverage":1.0,"is_short":false,"open_timestamp":1760274000000,"close_timestamp":1760277600000,"orders":[{"amount":1738.0,"safe_price":0.18984,"ft_order_side":"buy","order_filled_timestamp":1760274000000,"ft_is_entry":true,"ft_order_tag":"","cost":330.27186192},{"amount":1738.0,"safe_price":0.19972156156156154,"ft_order_side":"sell","order_filled_timestamp":1760277600000,"ft_is_entry":false,"ft_order_tag":"roi","cost":347.4631900679879}],"funding_fees":0.0,"weekday":6},{"pair":"DOGE/USDT","stake_amount":335.3994,"max_stake_amount":335.3994,"amount":1710.0,"open_date":"2025-10-12 15:00:00+00:00","close_date":"2025-10-12 16:00:00+00:00","open_rate":0.19614,"close_rate":0.2063494894894895,"fee_open":0.001,"fee_close":0.001,"trade_duration":60,"profit_ratio":0.04995004995004995,"profit_abs":16.76997,"exit_reason":"roi","initial_stop_loss_abs":0.18634,"initial_stop_loss_ratio":-0.05,"stop_loss_abs":0.18634,"stop_loss_ratio":-0.05,"min_rate":0.19562,"max_rate":0.2095,"is_open":false,"enter_tag":"","leverage":1.0,"is_short":false,"open_timestamp":1760281200000,"close_timestamp":1760284800000,"orders":[{"amount":1710.0,"safe_price":0.19614,"ft_order_side":"buy","order_filled_timestamp":1760281200000,"ft_is_entry":true,"ft_order_tag":"","cost":335.7347994},{"amount":1710.0,"safe_price":0.2063494894894895,"ft_order_side":"sell","order_filled_timestamp":1760284800000,"ft_is_entry":false,"ft_order_tag":"roi","cost":353.210484654054}],"funding_fees":0.0,"weekday":6},{"pair":"DOGE/USDT","stake_amount":340.8136,"max_stake_amount":340.8136,"amount":1670.0,"open_date":"2025-10-15 05:00:00+00:00","close_date":"2025-10-15 07:00:00+00:00","open_rate":0.20408,"close_rate":0.20452,"fee_open":0.001,"fee_close":0.001,"trade_duration":120,"profit_ratio":0.00015370752336648063,"profit_abs":0.052438,"exit_reason":"roi","initial_stop_loss_abs":0.19388,"initial_stop_loss_ratio":-0.05,"stop_loss_abs":0.19388,"stop_loss_ratio":-0.05,"min_rate":0.2018,"max_rate":0.20509,"is_open":false,"enter_tag":"","leverage":1.0,"is_short":false,"open_timestamp":1760504400000,"close_timestamp":1760511600000,"orders":[{"amount":1670.0,"safe_price":0.20408,"ft_order_side":"buy","order_filled_timestamp":1760504400000,"ft_is_entry":true,"ft_order_tag":"","cost":341.1544136},{"amount":1670.0,"safe_price":0.20452,"ft_order_side":"sell","order_filled_timestamp":1760511600000,"ft_is_entry":false,"ft_order_tag":"roi","cost":341.8899484}],"funding_fees":0.0,"weekday":2},{"pair":"DOGE/USDT","stake_amount":340.95633,"max_stake_amount":340.95633,"amount":1833.0,"open_date":"2025-10-18 01:00:00+00:00","close_date":"2025-10-18 03:00:00+00:00","open_rate":0.18601,"close_rate":0.18638239239239238,"fee_open":0.001,"fee_close":0.001,"trade_duration":120,"profit_ratio":0.0,"profit_abs":0.0,"exit_reason":"roi","initial_stop_loss_abs":0.17671,"initial_stop_loss_ratio":-0.05,"stop_loss_abs":0.17671,"stop_loss_ratio":-0.05,"min_rate":0.18568,"max_rate":0.18854,"is_open":false,"enter_tag":"","leverage":1.0,"is_short":false,"open_timestamp":1760749200000,"close_timestamp":1760756400000,"orders":[{"amount":1833.0,"safe_price":0.18601,"ft_order_side":"buy","order_filled_timestamp":1760749200000,"ft_is_entry":true,"ft_order_tag":"","cost":341.29728633},{"amount":1833.0,"safe_price":0.18638239239239238,"ft_order_side":"sell","order_filled_timestamp":1760756400000,"ft_is_entry":false,"ft_order_tag":"roi","cost":341.98056418051044}],"funding_fees":0.0,"weekday":5},{"pair":"DOGE/USDT","stake_amount":340.97794,"max_stake_amount":340.97794,"amount":2146.0,"open_date":"2025-11-04 21:00:00+00:00","close_date":"2025-11-04 23:00:00+00:00","open_rate":0.15889,"close_rate":0.16344,"fee_open":0.001,"fee_close":0.001,"trade_duration":120,"profit_ratio":0.02658094627381555,"profit_abs":9.07257982,"exit_reason":"roi","initial_stop_loss_abs":0.15095,"initial_stop_loss_ratio":-0.05,"stop_loss_abs":0.15095,"stop_loss_ratio":-0.05,"min_rate":0.15159,"max_rate":0.16436,"is_open":false,"enter_tag":"","leverage":1.0,"is_short":false,"open_timestamp":1762290000000,"close_timestamp":1762297200000,"orders":[{"amount":2146.0,"safe_price":0.15889,"ft_order_side":"buy","order_filled_timestamp":1762290000000,"ft_is_entry":true,"ft_order_tag":"","cost":341.31891793999995},{"amount":2146.0,"safe_price":0.16344,"ft_order_side":"sell","order_filled_timestamp":1762297200000,"ft_is_entry":false,"ft_order_tag":"roi","cost":351.09298223999997}],"funding_fees":0.0,"weekday":1},{"pair":"DOGE/USDT","stake_amount":343.85356,"max_stake_amount":343.85356,"amount":2329.0,"open_date":"2025-11-21 05:00:00+00:00","close_date":"2025-11-21 07:00:00+00:00","open_rate":0.14764,"close_rate":0.14026,"fee_open":0.001,"fee_close":0.001,"trade_duration":120,"profit_ratio":-0.05188458249959199,"profit_abs":-17.8585391,"exit_reason":"stop_loss","initial_stop_loss_abs":0.14026,"initial_stop_loss_ratio":-0.05,"stop_loss_abs":0.14026,"stop_loss_ratio":-0.05,"min_rate":0.13441,"max_rate":0.14824,"is_open":false,"enter_tag":"","leverage":1.0,"is_short":false,"open_timestamp":1763701200000,"close_timestamp":1763708400000,"orders":[{"amount":2329.0,"safe_price":0.14764,"ft_order_side":"buy","order_filled_timestamp":1763701200000,"ft_is_entry":true,"ft_order_tag":"","cost":344.1974135599999},{"amount":2329.0,"safe_price":0.14026,"ft_order_side":"sell","order_filled_timestamp":1763708400000,"ft_is_entry":false,"ft_order_tag":"stop_loss","cost":326.99220553999993}],"funding_fees":0.0,"weekday":4},{"pair":"DOGE/USDT","stake_amount":337.98828,"max_stake_amount":337.98828,"amount":2446.0,"open_date":"2025-11-22 12:00:00+00:00","close_date":"2025-11-22 14:00:00+00:00","open_rate":0.13818,"close_rate":0.13845663663663663,"fee_open":0.001,"fee_close":0.001,"trade_duration":120,"profit_ratio":0.0,"profit_abs":0.0,"exit_reason":"roi","initial_stop_loss_abs":0.13128,"initial_stop_loss_ratio":-0.05,"stop_loss_abs":0.13128,"stop_loss_ratio":-0.05,"min_rate":0.13563,"max_rate":0.13943,"is_open":false,"enter_tag":"","leverage":1.0,"is_short":false,"open_timestamp":1763812800000,"close_timestamp":1763820000000,"orders":[{"amount":2446.0,"safe_price":0.13818,"ft_order_side":"buy","order_filled_timestamp":1763812800000,"ft_is_entry":true,"ft_order_tag":"","cost":338.32626827999997},{"amount":2446.0,"safe_price":0.13845663663663663,"ft_order_side":"sell","order_filled_timestamp":1763820000000,"ft_is_entry":false,"ft_order_tag":"roi","cost":339.0035981464264}],"funding_fees":0.0,"weekday":5},{"pair":"DOGE/USDT","stake_amount":337.9887,"max_stake_amount":337.9887,"amount":2430.0,"open_date":"2025-11-22 15:00:00+00:00","close_date":"2025-11-22 17:00:00+00:00","open_rate":0.13909,"close_rate":0.13953,"fee_open":0.001,"fee_close":0.001,"trade_duration":120,"profit_ratio":0.0011590968525327574,"profit_abs":0.3921534,"exit_reason":"roi","initial_stop_loss_abs":0.13214,"initial_stop_loss_ratio":-0.05,"stop_loss_abs":0.13214,"stop_loss_ratio":-0.05,"min_rate":0.13729,"max_rate":0.13977,"is_open":false,"enter_tag":"","leverage":1.0,"is_short":false,"open_timestamp":1763823600000,"close_timestamp":1763830800000,"orders":[{"amount":2430.0,"safe_price":0.13909,"ft_order_side":"buy","order_filled_timestamp":1763823600000,"ft_is_entry":true,"ft_order_tag":"","cost":338.3266887},{"amount":2430.0,"safe_price":0.13953,"ft_order_side":"sell","order_filled_timestamp":1763830800000,"ft_is_entry":false,"ft_order_tag":"roi","cost":339.3969578999999}],"funding_fees":0.0,"weekday":5},{"pair":"DOGE/USDT","stake_amount":338.12006,"max_stake_amount":338.12006,"amount":2386.0,"open_date":"2025-11-23 02:00:00+00:00","close_date":"2025-11-23 04:00:00+00:00","open_rate":0.14171,"close_rate":0.14289,"fee_open":0.001,"fee_close":0.001,"trade_duration":120,"profit_ratio":0.006312225633374458,"profit_abs":2.1364244,"exit_reason":"roi","initial_stop_loss_abs":0.13463,"initial_stop_loss_ratio":-0.05,"stop_loss_abs":0.13463,"stop_loss_ratio":-0.05,"min_rate":0.14124,"max_rate":0.1447,"is_open":false,"enter_tag":"","leverage":1.0,"is_short":false,"open_timestamp":1763863200000,"close_timestamp":1763870400000,"orders":[{"amount":2386.0,"safe_price":0.14171,"ft_order_side":"buy","order_filled_timestamp":1763863200000,"ft_is_entry":true,"ft_order_tag":"","cost":338.45818005999996},{"amount":2386.0,"safe_price":0.14289,"ft_order_side":"sell","order_filled_timestamp":1763870400000,"ft_is_entry":false,"ft_order_tag":"roi","cost":341.2764755399999}],"funding_fees":0.0,"weekday":6}],"locks":[],"best_pair":{"key":"DOGE/USDT","trades":10,"profit_mean":0.008222149368359714,"profit_mean_pct":0.82,"profit_total_abs":27.062122519999996,"profit_total":0.027062122519999995,"profit_total_pct":2.71,"duration_avg":"2:00:00","wins":6,"draws":3,"losses":1,"winrate":0.6,"cagr":0.10569950670346517,"expectancy":2.7062122520000003,"expectancy_ratio":-0.14846396243016324,"sortino":-100,"sharpe":0.5662297564434422,"calmar":31.11155580028789,"sqn":0.8625,"profit_factor":2.5153603756983682,"max_drawdown_account":0.017132266617523283,"max_drawdown_abs":17.8585391},"worst_pair":{"key":"DOGE/USDT","trades":10,"profit_mean":0.008222149368359714,"profit_mean_pct":0.82,"profit_total_abs":27.062122519999996,"profit_total":0.027062122519999995,"profit_total_pct":2.71,"duration_avg":"2:00:00","wins":6,"draws":3,"losses":1,"winrate":0.6,"cagr":0.10569950670346517,"expectancy":2.7062122520000003,"expectancy_ratio":-0.14846396243016324,"sortino":-100,"sharpe":0.5662297564434422,"calmar":31.11155580028789,"sqn":0.8625,"profit_factor":2.5153603756983682,"max_drawdown_account":0.017132266617523283,"max_drawdown_abs":17.8585391},"results_per_pair":[{"key":"DOGE/USDT","trades":10,"profit_mean":0.008222149368359714,"profit_mean_pct":0.82,"profit_total_abs":27.062122519999996,"profit_total":0.027062122519999995,"profit_total_pct":2.71,"duration_avg":"2:00:00","wins":6,"draws":3,"losses":1,"winrate":0.6,"cagr":0.10569950670346517,"expectancy":2.7062122520000003,"expectancy_ratio":-0.14846396243016324,"sortino":-100,"sharpe":0.5662297564434422,"calmar":31.11155580028789,"sqn":0.8625,"profit_factor":2.5153603756983682,"max_drawdown_account":0.017132266617523283,"max_drawdown_abs":17.8585391},{"key":"TOTAL","trades":10,"profit_mean":0.008222149368359714,"profit_mean_pct":0.82,"profit_total_abs":27.062122519999996,"profit_total":0.027062122519999995,"profit_total_pct":2.71,"duration_avg":"2:00:00","wins":6,"draws":3,"losses":1,"winrate":0.6,"cagr":0.10569950670346517,"expectancy":2.7062122520000003,"expectancy_ratio":-0.14846396243016324,"sortino":-100,"sharpe":0.5662297564434422,"calmar":31.11155580028789,"sqn":0.8625,"profit_factor":2.5153603756983682,"max_drawdown_account":0.017132266617523283,"max_drawdown_abs":17.8585391}],"results_per_enter_tag":[{"key":"","trades":10,"profit_mean":0.008222149368359714,"profit_mean_pct":0.82,"profit_total_abs":27.062122519999996,"profit_total":0.027062122519999995,"profit_total_pct":2.71,"duration_avg":"2:00:00","wins":6,"draws":3,"losses":1,"winrate":0.6,"cagr":0.10569950670346517,"expectancy":2.7062122520000003,"expectancy_ratio":-0.14846396243016324,"sortino":-100,"sharpe":0.5662297564434422,"calmar":31.11155580028789,"sqn":0.8625,"profit_factor":2.5153603756983682,"max_drawdown_account":0.017132266617523283,"max_drawdown_abs":17.8585391},{"key":"TOTAL","trades":10,"profit_mean":0.008222149368359714,"profit_mean_pct":0.82,"profit_total_abs":27.062122519999996,"profit_total":0.027062122519999995,"profit_total_pct":2.71,"duration_avg":"2:00:00","wins":6,"draws":3,"losses":1,"winrate":0.6,"cagr":0.10569950670346517,"expectancy":2.7062122520000003,"expectancy_ratio":-0.14846396243016324,"sortino":-100,"sharpe":0.5662297564434422,"calmar":31.11155580028789,"sqn":0.8625,"profit_factor":2.5153603756983682,"max_drawdown_account":0.017132266617523283,"max_drawdown_abs":17.8585391}],"exit_reason_summary":[{"key":"roi","trades":9,"profit_mean":0.01490067513146546,"profit_mean_pct":1.49,"profit_total_abs":44.92066162,"profit_total":0.044920661619999996,"profit_total_pct":4.49,"duration_avg":"2:00:00","wins":6,"draws":3,"losses":0,"winrate":0.6666666666666666,"cagr":0.17979990479637942,"expectancy":4.991184624444445,"expectancy_ratio":100.0,"sortino":-100,"sharpe":1.3010235627072588,"calmar":-100,"sqn":2.0759,"profit_factor":0.0,"max_drawdown_account":0.0,"max_drawdown_abs":0.0},{"key":"stop_loss","trades":1,"profit_mean":-0.05188458249959199,"profit_mean_pct":-5.19,"profit_total_abs":-17.8585391,"profit_total":-0.0178585391,"profit_total_pct":-1.79,"duration_avg":"2:00:00","wins":0,"draws":0,"losses":1,"winrate":0.0,"cagr":-0.06555914283640896,"expectancy":-17.8585391,"expectancy_ratio":-1.0,"sortino":-100,"sharpe":-100,"calmar":-19.695848633549247,"sqn":-100.0,"profit_factor":0.0,"max_drawdown_account":0.01785853910000003,"max_drawdown_abs":17.8585391},{"key":"TOTAL","trades":10,"profit_mean":0.008222149368359714,"profit_mean_pct":0.82,"profit_total_abs":27.062122519999996,"profit_total":0.027062122519999995,"profit_total_pct":2.71,"duration_avg":"2:00:00","wins":6,"draws":3,"losses":1,"winrate":0.6,"cagr":0.10569950670346517,"expectancy":2.7062122520000003,"expectancy_ratio":-0.14846396243016324,"sortino":-100,"sharpe":0.5662297564434422,"calmar":31.11155580028789,"sqn":0.8625,"profit_factor":2.5153603756983682,"max_drawdown_account":0.017132266617523283,"max_drawdown_abs":17.8585391}],"mix_tag_stats":[{"key":["","roi"],"trades":9,"profit_mean":0.01490067513146546,"profit_mean_pct":1.49,"profit_total_abs":44.92066162,"profit_total":0.044920661619999996,"profit_total_pct":4.49,"duration_avg":"2:00:00","wins":6,"draws":3,"losses":0,"winrate":0.6666666666666666,"cagr":0.17979990479637942,"expectancy":4.991184624444445,"expectancy_ratio":100.0,"sortino":-100,"sharpe":1.3010235627072588,"calmar":-100,"sqn":2.0759,"profit_factor":0.0,"max_drawdown_account":0.0,"max_drawdown_abs":0.0},{"key":["","stop_loss"],"trades":1,"profit_mean":-0.05188458249959199,"profit_mean_pct":-5.19,"profit_total_abs":-17.8585391,"profit_total":-0.0178585391,"profit_total_pct":-1.79,"duration_avg":"2:00:00","wins":0,"draws":0,"losses":1,"winrate":0.0,"cagr":-0.06555914283640896,"expectancy":-17.8585391,"expectancy_ratio":-1.0,"sortino":-100,"sharpe":-100,"calmar":-19.695848633549247,"sqn":-100.0,"profit_factor":0.0,"max_drawdown_account":0.01785853910000003,"max_drawdown_abs":17.8585391},{"key":"TOTAL","trades":10,"profit_mean":0.008222149368359714,"profit_mean_pct":0.82,"profit_total_abs":27.062122519999996,"profit_total":0.027062122519999995,"profit_total_pct":2.71,"duration_avg":"2:00:00","wins":6,"draws":3,"losses":1,"winrate":0.6,"cagr":0.10569950670346517,"expectancy":2.7062122520000003,"expectancy_ratio":-0.14846396243016324,"sortino":-100,"sharpe":0.5662297564434422,"calmar":31.11155580028789,"sqn":0.8625,"profit_factor":2.5153603756983682,"max_drawdown_account":0.017132266617523283,"max_drawdown_abs":17.8585391}],"left_open_trades":[{"key":"TOTAL","trades":0,"profit_mean":0.0,"profit_mean_pct":0.0,"profit_total_abs":0.0,"profit_total":0.0,"profit_total_pct":0.0,"duration_avg":"0:00","wins":0,"draws":0,"losses":0,"winrate":0.0,"cagr":0.0,"expectancy":0.0,"expectancy_ratio":100.0,"sortino":0,"sharpe":0,"calmar":0,"sqn":0.0,"profit_factor":0.0,"max_drawdown_account":0.0,"max_drawdown_abs":0.0}],"total_trades":10,"trade_count_long":10,"trade_count_short":0,"total_volume":6792.530171373894,"avg_stake_amount":337.594828,"profit_mean":0.008222149368359714,"profit_median":0.000656402187949619,"profit_total":0.027062122519999995,"profit_total_long":0.027062122519999995,"profit_total_short":0.0,"profit_total_abs":27.062122519999996,"profit_total_long_abs":27.062122519999996,"profit_total_short_abs":0.0,"cagr":0.10569950670346517,"expectancy":2.7062122520000003,"expectancy_ratio":-0.14846396243016324,"sortino":-100,"sharpe":0.5662297564434422,"calmar":31.11155580028789,"sqn":0.8625,"profit_factor":2.5153603756983682,"backtest_start":"2025-10-01 00:00:00","backtest_start_ts":1759276800000,"backtest_end":"2026-01-06 20:00:00","backtest_end_ts":1767729600000,"backtest_days":97,"backtest_run_start_ts":1767753191,"backtest_run_end_ts":1767753192,"trades_per_day":0.1,"market_change":-0.36632086436227446,"pairlist":["DOGE/USDT"],"stake_amount":"unlimited","stake_currency":"USDT","stake_currency_decimals":3,"starting_balance":1000,"dry_run_wallet":1000,"final_balance":1027.06212252,"rejected_signals":0,"timedout_entry_orders":0,"timedout_exit_orders":0,"canceled_trade_entries":0,"canceled_entry_orders":0,"replaced_entry_orders":0,"max_open_trades":1,"max_open_trades_setting":3,"timeframe":"1h","timeframe_detail":"","timerange":"20251001-","enable_protections":false,"strategy_name":"ACO_90_11","freqaimodel":null,"freqai_identifier":null,"stoploss":-0.05,"trailing_stop":false,"trailing_stop_positive":null,"trailing_stop_positive_offset":0.0,"trailing_only_offset_is_reached":false,"use_custom_stoploss":false,"minimal_roi":{"0":0.1,"60":0.05,"120":0.0},"use_exit_signal":true,"exit_profit_only":false,"exit_profit_offset":0.0,"ignore_roi_if_entry_signal":false,"trading_mode":"spot","margin_mode":"","periodic_breakdown":{"day":[{"date":"12/10/2025","date_ts":1760227200000,"profit_abs":33.267066,"wins":2,"draws":1,"losses":0,"trades":3,"profit_factor":0.0},{"date":"13/10/2025","date_ts":1760313600000,"profit_abs":0.0,"wins":0,"draws":0,"losses":0,"trades":0,"profit_factor":0.0},{"date":"14/10/2025","date_ts":1760400000000,"profit_abs":0.0,"wins":0,"draws":0,"losses":0,"trades":0,"profit_factor":0.0},{"date":"15/10/2025","date_ts":1760486400000,"profit_abs":0.052438,"wins":1,"draws":0,"losses":0,"trades":1,"profit_factor":0.0},{"date":"16/10/2025","date_ts":1760572800000,"profit_abs":0.0,"wins":0,"draws":0,"losses":0,"trades":0,"profit_factor":0.0},{"date":"17/10/2025","date_ts":1760659200000,"profit_abs":0.0,"wins":0,"draws":0,"losses":0,"trades":0,"profit_factor":0.0},{"date":"18/10/2025","date_ts":1760745600000,"profit_abs":0.0,"wins":0,"draws":1,"losses":0,"trades":1,"profit_factor":0.0},{"date":"19/10/2025","date_ts":1760832000000,"profit_abs":0.0,"wins":0,"draws":0,"losses":0,"trades":0,"profit_factor":0.0},{"date":"20/10/2025","date_ts":1760918400000,"profit_abs":0.0,"wins":0,"draws":0,"losses":0,"trades":0,"profit_factor":0.0},{"date":"21/10/2025","date_ts":1761004800000,"profit_abs":0.0,"wins":0,"draws":0,"losses":0,"trades":0,"profit_factor":0.0},{"date":"22/10/2025","date_ts":1761091200000,"profit_abs":0.0,"wins":0,"draws":0,"losses":0,"trades":0,"profit_factor":0.0},{"date":"23/10/2025","date_ts":1761177600000,"profit_abs":0.0,"wins":0,"draws":0,"losses":0,"trades":0,"profit_factor":0.0},{"date":"24/10/2025","date_ts":1761264000000,"profit_abs":0.0,"wins":0,"draws":0,"losses":0,"trades":0,"profit_factor":0.0},{"date":"25/10/2025","date_ts":1761350400000,"profit_abs":0.0,"wins":0,"draws":0,"losses":0,"trades":0,"profit_factor":0.0},{"date":"26/10/2025","date_ts":1761436800000,"profit_abs":0.0,"wins":0,"draws":0,"losses":0,"trades":0,"profit_factor":0.0},{"date":"27/10/2025","date_ts":1761523200000,"profit_abs":0.0,"wins":0,"draws":0,"losses":0,"trades":0,"profit_factor":0.0},{"date":"28/10/2025","date_ts":1761609600000,"profit_abs":0.0,"wins":0,"draws":0,"losses":0,"trades":0,"profit_factor":0.0},{"date":"29/10/2025","date_ts":1761696000000,"profit_abs":0.0,"wins":0,"draws":0,"losses":0,"trades":0,"profit_factor":0.0},{"date":"30/10/2025","date_ts":1761782400000,"profit_abs":0.0,"wins":0,"draws":0,"losses":0,"trades":0,"profit_factor":0.0},{"date":"31/10/2025","date_ts":1761868800000,"profit_abs":0.0,"wins":0,"draws":0,"losses":0,"trades":0,"profit_factor":0.0},{"date":"01/11/2025","date_ts":1761955200000,"profit_abs":0.0,"wins":0,"draws":0,"losses":0,"trades":0,"profit_factor":0.0},{"date":"02/11/2025","date_ts":1762041600000,"profit_abs":0.0,"wins":0,"draws":0,"losses":0,"trades":0,"profit_factor":0.0},{"date":"03/11/2025","date_ts":1762128000000,"profit_abs":0.0,"wins":0,"draws":0,"losses":0,"trades":0,"profit_factor":0.0},{"date":"04/11/2025","date_ts":1762214400000,"profit_abs":9.07257982,"wins":1,"draws":0,"losses":0,"trades":1,"profit_factor":0.0},{"date":"05/11/2025","date_ts":1762300800000,"profit_abs":0.0,"wins":0,"draws":0,"losses":0,"trades":0,"profit_factor":0.0},{"date":"06/11/2025","date_ts":1762387200000,"profit_abs":0.0,"wins":0,"draws":0,"losses":0,"trades":0,"profit_factor":0.0},{"date":"07/11/2025","date_ts":1762473600000,"profit_abs":0.0,"wins":0,"draws":0,"losses":0,"trades":0,"profit_factor":0.0},{"date":"08/11/2025","date_ts":1762560000000,"profit_abs":0.0,"wins":0,"draws":0,"losses":0,"trades":0,"profit_factor":0.0},{"date":"09/11/2025","date_ts":1762646400000,"profit_abs":0.0,"wins":0,"draws":0,"losses":0,"trades":0,"profit_factor":0.0},{"date":"10/11/2025","date_ts":1762732800000,"profit_abs":0.0,"wins":0,"draws":0,"losses":0,"trades":0,"profit_factor":0.0},{"date":"11/11/2025","date_ts":1762819200000,"profit_abs":0.0,"wins":0,"draws":0,"losses":0,"trades":0,"profit_factor":0.0},{"date":"12/11/2025","date_ts":1762905600000,"profit_abs":0.0,"wins":0,"draws":0,"losses":0,"trades":0,"profit_factor":0.0},{"date":"13/11/2025","date_ts":1762992000000,"profit_abs":0.0,"wins":0,"draws":0,"losses":0,"trades":0,"profit_factor":0.0},{"date":"14/11/2025","date_ts":1763078400000,"profit_abs":0.0,"wins":0,"draws":0,"losses":0,"trades":0,"profit_factor":0.0},{"date":"15/11/2025","date_ts":1763164800000,"profit_abs":0.0,"wins":0,"draws":0,"losses":0,"trades":0,"profit_factor":0.0},{"date":"16/11/2025","date_ts":1763251200000,"profit_abs":0.0,"wins":0,"draws":0,"losses":0,"trades":0,"profit_factor":0.0},{"date":"17/11/2025","date_ts":1763337600000,"profit_abs":0.0,"wins":0,"draws":0,"losses":0,"trades":0,"profit_factor":0.0},{"date":"18/11/2025","date_ts":1763424000000,"profit_abs":0.0,"wins":0,"draws":0,"losses":0,"trades":0,"profit_factor":0.0},{"date":"19/11/2025","date_ts":1763510400000,"profit_abs":0.0,"wins":0,"draws":0,"losses":0,"trades":0,"profit_factor":0.0},{"date":"20/11/2025","date_ts":1763596800000,"profit_abs":0.0,"wins":0,"draws":0,"losses":0,"trades":0,"profit_factor":0.0},{"date":"21/11/2025","date_ts":1763683200000,"profit_abs":-17.8585391,"wins":0,"draws":0,"losses":1,"trades":1,"profit_factor":0.0},{"date":"22/11/2025","date_ts":1763769600000,"profit_abs":0.3921534,"wins":1,"draws":1,"losses":0,"trades":2,"profit_factor":0.0},{"date":"23/11/2025","date_ts":1763856000000,"profit_abs":2.1364244,"wins":1,"draws":0,"losses":0,"trades":1,"profit_factor":0.0}],"week":[{"date":"13/10/2025","date_ts":1760313600000,"profit_abs":33.267066,"wins":2,"draws":1,"losses":0,"trades":3,"profit_factor":0.0},{"date":"20/10/2025","date_ts":1760918400000,"profit_abs":0.052438,"wins":1,"draws":1,"losses":0,"trades":2,"profit_factor":0.0},{"date":"27/10/2025","date_ts":1761523200000,"profit_abs":0.0,"wins":0,"draws":0,"losses":0,"trades":0,"profit_factor":0.0},{"date":"03/11/2025","date_ts":1762128000000,"profit_abs":0.0,"wins":0,"draws":0,"losses":0,"trades":0,"profit_factor":0.0},{"date":"10/11/2025","date_ts":1762732800000,"profit_abs":9.07257982,"wins":1,"draws":0,"losses":0,"trades":1,"profit_factor":0.0},{"date":"17/11/2025","date_ts":1763337600000,"profit_abs":0.0,"wins":0,"draws":0,"losses":0,"trades":0,"profit_factor":0.0},{"date":"24/11/2025","date_ts":1763942400000,"profit_abs":-15.3299613,"wins":2,"draws":1,"losses":1,"trades":4,"profit_factor":0.14158929}],"month":[{"date":"31/10/2025","date_ts":1761868800000,"profit_abs":33.319504,"wins":3,"draws":2,"losses":0,"trades":5,"profit_factor":0.0},{"date":"30/11/2025","date_ts":1764460800000,"profit_abs":-6.25738148,"wins":3,"draws":1,"losses":1,"trades":5,"profit_factor":0.64961403}],"year":[{"date":"31/12/2025","date_ts":1767139200000,"profit_abs":27.06212252,"wins":6,"draws":3,"losses":1,"trades":10,"profit_factor":2.51536038}],"weekday":[{"date":"Tuesday","date_ts":1,"profit_abs":9.07257982,"wins":1,"draws":0,"losses":0,"trades":1,"profit_factor":0.0},{"date":"Wednesday","date_ts":2,"profit_abs":0.052438,"wins":1,"draws":0,"losses":0,"trades":1,"profit_factor":0.0},{"date":"Friday","date_ts":4,"profit_abs":-17.8585391,"wins":0,"draws":0,"losses":1,"trades":1,"profit_factor":0.0},{"date":"Saturday","date_ts":5,"profit_abs":0.3921534,"wins":1,"draws":2,"losses":0,"trades":3,"profit_factor":0.0},{"date":"Sunday","date_ts":6,"profit_abs":35.4034904,"wins":3,"draws":1,"losses":0,"trades":4,"profit_factor":0.0}]},"backtest_best_day":0.0999000999000999,"backtest_worst_day":-0.05188458249959199,"backtest_best_day_abs":33.267066,"backtest_worst_day_abs":-17.8585391,"winning_days":5,"draw_days":37,"losing_days":1,"daily_profit":[["2025-10-12",33.267066],["2025-10-13",0.0],["2025-10-14",0.0],["2025-10-15",0.052438],["2025-10-16",0.0],["2025-10-17",0.0],["2025-10-18",0.0],["2025-10-19",0.0],["2025-10-20",0.0],["2025-10-21",0.0],["2025-10-22",0.0],["2025-10-23",0.0],["2025-10-24",0.0],["2025-10-25",0.0],["2025-10-26",0.0],["2025-10-27",0.0],["2025-10-28",0.0],["2025-10-29",0.0],["2025-10-30",0.0],["2025-10-31",0.0],["2025-11-01",0.0],["2025-11-02",0.0],["2025-11-03",0.0],["2025-11-04",9.07257982],["2025-11-05",0.0],["2025-11-06",0.0],["2025-11-07",0.0],["2025-11-08",0.0],["2025-11-09",0.0],["2025-11-10",0.0],["2025-11-11",0.0],["2025-11-12",0.0],["2025-11-13",0.0],["2025-11-14",0.0],["2025-11-15",0.0],["2025-11-16",0.0],["2025-11-17",0.0],["2025-11-18",0.0],["2025-11-19",0.0],["2025-11-20",0.0],["2025-11-21",-17.8585391],["2025-11-22",0.3921534],["2025-11-23",2.1364244]],"wins":6,"losses":1,"draws":3,"winrate":0.6,"holding_avg":"2:00:00","holding_avg_s":7200.0,"winner_holding_min":"0d 01:00","winner_holding_min_s":3600.0,"winner_holding_max":"0d 02:00","winner_holding_max_s":7200.0,"winner_holding_avg":"0d 01:40","winner_holding_avg_s":6000.0,"loser_holding_min":"0d 02:00","loser_holding_min_s":7200.0,"loser_holding_max":"0d 02:00","loser_holding_max_s":7200.0,"loser_holding_avg":"0d 02:00","loser_holding_avg_s":7200.0,"max_consecutive_wins":3,"max_consecutive_losses":2,"max_drawdown_account":0.017132266617523283,"max_relative_drawdown":0.017132266617523283,"max_drawdown_abs":17.8585391,"drawdown_start":"2025-11-04 23:00:00","drawdown_start_ts":1762297200000.0,"drawdown_end":"2025-11-21 07:00:00","drawdown_end_ts":1763708400000.0,"drawdown_duration":"16 days 08:00:00","drawdown_duration_s":1411200.0,"max_drawdown_low":24.533544720000002,"max_drawdown_high":42.39208382,"csum_min":1000.0,"csum_max":1042.39208382}},"strategy_comparison":[{"key":"ACO_90_11","trades":10,"profit_mean":0.008222149368359714,"profit_mean_pct":0.82,"profit_total_abs":27.062122519999996,"profit_total":0.027062122519999995,"profit_total_pct":2.71,"duration_avg":"2:00:00","wins":6,"draws":3,"losses":1,"winrate":0.6,"cagr":0.10569950670346517,"expectancy":2.7062122520000003,"expectancy_ratio":-0.14846396243016324,"sortino":-100,"sharpe":0.5662297564434422,"calmar":31.11155580028789,"sqn":0.8625,"profit_factor":2.5153603756983682,"max_drawdown_account":0.017132266617523283,"max_drawdown_abs":"17.859"}]}