{"strategy":{"ACO_28_0":{"trades":[{"pair":"DOGE/USDT","stake_amount":329.9104,"max_stake_amount":329.9104,"amount":1310.0,"open_date":"2025-10-05 02:00:00+00:00","close_date":"2025-10-05 04:00:00+00:00","open_rate":0.25184,"close_rate":0.25833,"fee_open":0.001,"fee_close":0.001,"trade_duration":120,"profit_ratio":0.02372083919892052,"profit_abs":7.8335773,"exit_reason":"roi","initial_stop_loss_abs":0.23925,"initial_stop_loss_ratio":-0.05,"stop_loss_abs":0.23925,"stop_loss_ratio":-0.05,"min_rate":0.25133,"max_rate":0.26398,"is_open":false,"enter_tag":"","leverage":1.0,"is_short":false,"open_timestamp":1759629600000,"close_timestamp":1759636800000,"orders":[{"amount":1310.0,"safe_price":0.25184,"ft_order_side":"buy","order_filled_timestamp":1759629600000,"ft_is_entry":true,"ft_order_tag":"","cost":330.2403104},{"amount":1310.0,"safe_price":0.25833,"ft_order_side":"sell","order_filled_timestamp":1759636800000,"ft_is_entry":false,"ft_order_tag":"roi","cost":338.7507123}],"funding_fees":0.0,"weekday":6},{"pair":"DOGE/USDT","stake_amount":332.5314,"max_stake_amount":332.5314,"amount":1318.0,"open_date":"2025-10-08 13:00:00+00:00","close_date":"2025-10-08 15:00:00+00:00","open_rate":0.2523,"close_rate":0.2528051051051051,"fee_open":0.001,"fee_close":0.001,"trade_duration":120,"profit_ratio":0.0,"profit_abs":0.0,"exit_reason":"roi","initial_stop_loss_abs":0.23969,"initial_stop_loss_ratio":-0.05,"stop_loss_abs":0.23969,"stop_loss_ratio":-0.05,"min_rate":0.24914,"max_rate":0.25678,"is_open":false,"enter_tag":"","leverage":1.0,"is_short":false,"open_timestamp":1759928400000,"close_timestamp":1759935600000,"orders":[{"amount":1318.0,"safe_price":0.2523,"ft_order_side":"buy","order_filled_timestamp":1759928400000,"ft_is_entry":true,"ft_order_tag":"","cost":332.86393139999996},{"amount":1318.0,"safe_price":0.2528051051051051,"ft_order_side":"sell","order_filled_timestamp":1759935600000,"ft_is_entry":false,"ft_order_tag":"roi","cost":333.530325657057}],"funding_fees":0.0,"weekday":2},{"pair":"DOGE/USDT","stake_amount":332.57744,"max_stake_amount":332.57744,"amount":1651.0,"open_date":"2025-10-28 17:00:00+00:00","close_date":"2025-10-28 21:00:00+00:00","open_rate":0.20144,"close_rate":0.19137,"fee_open":0.001,"fee_close":0.001,"trade_duration":240,"profit_ratio":-0.0518881932205999,"profit_abs":-17.27409931,"exit_reason":"stop_loss","initial_stop_loss_abs":0.19137,"initial_stop_loss_ratio":-0.05,"stop_loss_abs":0.19137,"stop_loss_ratio":-0.05,"min_rate":0.19006,"max_rate":0.2025,"is_open":false,"enter_tag":"","leverage":1.0,"is_short":false,"open_timestamp":1761670800000,"close_timestamp":1761685200000,"orders":[{"amount":1651.0,"safe_price":0.20144,"ft_order_side":"buy","order_filled_timestamp":1761670800000,"ft_is_entry":true,"ft_order_tag":"","cost":332.91001744},{"amount":1651.0,"safe_price":0.19137,"ft_order_side":"sell","order_filled_timestamp":1761685200000,"ft_is_entry":false,"ft_order_tag":"stop_loss","cost":316.26782187000003}],"funding_fees":0.0,"weekday":1},{"pair":"DOGE/USDT","stake_amount":326.7702,"max_stake_amount":326.7702,"amount":1754.0,"open_date":"2025-10-31 22:00:00+00:00","close_date":"2025-11-01 01:00:00+00:00","open_rate":0.1863,"close_rate":0.18667297297297294,"fee_open":0.001,"fee_close":0.001,"trade_duration":180,"profit_ratio":0.0,"profit_abs":0.0,"exit_reason":"roi","initial_stop_loss_abs":0.17699,"initial_stop_loss_ratio":-0.05,"stop_loss_abs":0.17699,"stop_loss_ratio":-0.05,"min_rate":0.18535,"max_rate":0.18686,"is_open":false,"enter_tag":"","leverage":1.0,"is_short":false,"open_timestamp":1761948000000,"close_timestamp":1761958800000,"orders":[{"amount":1754.0,"safe_price":0.1863,"ft_order_side":"buy","order_filled_timestamp":1761948000000,"ft_is_entry":true,"ft_order_tag":"","cost":327.09697019999993},{"amount":1754.0,"safe_price":0.18667297297297294,"ft_order_side":"sell","order_filled_timestamp":1761958800000,"ft_is_entry":false,"ft_order_tag":"roi","cost":327.75181898918913}],"funding_fees":0.0,"weekday":5},{"pair":"DOGE/USDT","stake_amount":326.82,"max_stake_amount":326.82,"amount":2000.0,"open_date":"2025-11-16 06:00:00+00:00","close_date":"2025-11-16 08:00:00+00:00","open_rate":0.16341,"close_rate":0.16408,"fee_open":0.001,"fee_close":0.001,"trade_duration":120,"profit_ratio":0.002093922233448578,"profit_abs":0.68502,"exit_reason":"roi","initial_stop_loss_abs":0.15524,"initial_stop_loss_ratio":-0.05,"stop_loss_abs":0.15524,"stop_loss_ratio":-0.05,"min_rate":0.16295,"max_rate":0.16445,"is_open":false,"enter_tag":"","leverage":1.0,"is_short":false,"open_timestamp":1763272800000,"close_timestamp":1763280000000,"orders":[{"amount":2000.0,"safe_price":0.16341,"ft_order_side":"buy","order_filled_timestamp":1763272800000,"ft_is_entry":true,"ft_order_tag":"","cost":327.14681999999993},{"amount":2000.0,"safe_price":0.16408,"ft_order_side":"sell","order_filled_timestamp":1763280000000,"ft_is_entry":false,"ft_order_tag":"roi","cost":328.48816}],"funding_fees":0.0,"weekday":6},{"pair":"DOGE/USDT","stake_amount":326.99088,"max_stake_amount":326.99088,"amount":2341.0,"open_date":"2025-12-06 12:00:00+00:00","close_date":"2025-12-06 14:00:00+00:00","open_rate":0.13968,"close_rate":0.13995963963963962,"fee_open":0.001,"fee_close":0.001,"trade_duration":120,"profit_ratio":0.0,"profit_abs":0.0,"exit_reason":"roi","initial_stop_loss_abs":0.1327,"initial_stop_loss_ratio":-0.05,"stop_loss_abs":0.1327,"stop_loss_ratio":-0.05,"min_rate":0.13926,"max_rate":0.14076,"is_open":false,"enter_tag":"","leverage":1.0,"is_short":false,"open_timestamp":1765022400000,"close_timestamp":1765029600000,"orders":[{"amount":2341.0,"safe_price":0.13968,"ft_order_side":"buy","order_filled_timestamp":1765022400000,"ft_is_entry":true,"ft_order_tag":"","cost":327.31787088},{"amount":2341.0,"safe_price":0.13995963963963962,"ft_order_side":"sell","order_filled_timestamp":1765029600000,"ft_is_entry":false,"ft_order_tag":"roi","cost":327.9731619127927}],"funding_fees":0.0,"weekday":5},{"pair":"DOGE/USDT","stake_amount":326.9805,"max_stake_amount":326.9805,"amount":2235.0,"open_date":"2025-12-09 16:00:00+00:00","close_date":"2025-12-09 18:00:00+00:00","open_rate":0.1463,"close_rate":0.15095,"fee_open":0.001,"fee_close":0.001,"trade_duration":120,"profit_ratio":0.029722498963783994,"profit_abs":9.72839625,"exit_reason":"roi","initial_stop_loss_abs":0.13899,"initial_stop_loss_ratio":-0.05,"stop_loss_abs":0.13899,"stop_loss_ratio":-0.05,"min_rate":0.1463,"max_rate":0.15319,"is_open":false,"enter_tag":"","leverage":1.0,"is_short":false,"open_timestamp":1765296000000,"close_timestamp":1765303200000,"orders":[{"amount":2235.0,"safe_price":0.1463,"ft_order_side":"buy","order_filled_timestamp":1765296000000,"ft_is_entry":true,"ft_order_tag":"","cost":327.3074805},{"amount":2235.0,"safe_price":0.15095,"ft_order_side":"sell","order_filled_timestamp":1765303200000,"ft_is_entry":false,"ft_order_tag":"roi","cost":337.71062324999997}],"funding_fees":0.0,"weekday":1},{"pair":"DOGE/USDT","stake_amount":330.23469,"max_stake_amount":330.23469,"amount":2397.0,"open_date":"2025-12-13 08:00:00+00:00","close_date":"2025-12-13 10:00:00+00:00","open_rate":0.13777,"close_rate":0.13838,"fee_open":0.001,"fee_close":0.001,"trade_duration":120,"profit_ratio":0.002420820813794611,"profit_abs":0.80023845,"exit_reason":"roi","initial_stop_loss_abs":0.13089,"initial_stop_loss_ratio":-0.05,"stop_loss_abs":0.13089,"stop_loss_ratio":-0.05,"min_rate":0.13777,"max_rate":0.13955,"is_open":false,"enter_tag":"","leverage":1.0,"is_short":false,"open_timestamp":1765612800000,"close_timestamp":1765620000000,"orders":[{"amount":2397.0,"safe_price":0.13777,"ft_order_side":"buy","order_filled_timestamp":1765612800000,"ft_is_entry":true,"ft_order_tag":"","cost":330.56492468999994},{"amount":2397.0,"safe_price":0.13838,"ft_order_side":"sell","order_filled_timestamp":1765620000000,"ft_is_entry":false,"ft_order_tag":"roi","cost":332.02855686}],"funding_fees":0.0,"weekday":5},{"pair":"DOGE/USDT","stake_amount":330.57762,"max_stake_amount":330.57762,"amount":2526.0,"open_date":"2025-12-16 11:00:00+00:00","close_date":"2025-12-16 13:00:00+00:00","open_rate":0.13087,"close_rate":0.13139,"fee_open":0.001,"fee_close":0.001,"trade_duration":120,"profit_ratio":0.0019674678496409987,"profit_abs":0.65105124,"exit_reason":"roi","initial_stop_loss_abs":0.12433,"initial_stop_loss_ratio":-0.05,"stop_loss_abs":0.12433,"stop_loss_ratio":-0.05,"min_rate":0.12975,"max_rate":0.13263,"is_open":false,"enter_tag":"","leverage":1.0,"is_short":false,"open_timestamp":1765882800000,"close_timestamp":1765890000000,"orders":[{"amount":2526.0,"safe_price":0.13087,"ft_order_side":"buy","order_filled_timestamp":1765882800000,"ft_is_entry":true,"ft_order_tag":"","cost":330.90819761999995},{"amount":2526.0,"safe_price":0.13139,"ft_order_side":"sell","order_filled_timestamp":1765890000000,"ft_is_entry":false,"ft_order_tag":"roi","cost":332.22303114}],"funding_fees":0.0,"weekday":1}],"locks":[],"best_pair":{"key":"DOGE/USDT","trades":9,"profit_mean":0.0008930395376654222,"profit_mean_pct":0.09,"profit_total_abs":2.424183929999999,"profit_total":0.0024241839299999988,"profit_total_pct":0.24,"duration_avg":"2:20:00","wins":5,"draws":3,"losses":1,"winrate":0.5555555555555556,"cagr":0.009152520937001363,"expectancy":0.26935376999999994,"expectancy_ratio":-0.31774040630621647,"sortino":-100,"sharpe":0.0671307403208175,"calmar":2.785695721753955,"sqn":0.1071,"profit_factor":1.1403363432440519,"max_drawdown_account":0.0171398331024826,"max_drawdown_abs":17.27409931},"worst_pair":{"key":"DOGE/USDT","trades":9,"profit_mean":0.0008930395376654222,"profit_mean_pct":0.09,"profit_total_abs":2.424183929999999,"profit_total":0.0024241839299999988,"profit_total_pct":0.24,"duration_avg":"2:20:00","wins":5,"draws":3,"losses":1,"winrate":0.5555555555555556,"cagr":0.009152520937001363,"expectancy":0.26935376999999994,"expectancy_ratio":-0.31774040630621647,"sortino":-100,"sharpe":0.0671307403208175,"calmar":2.785695721753955,"sqn":0.1071,"profit_factor":1.1403363432440519,"max_drawdown_account":0.0171398331024826,"max_drawdown_abs":17.27409931},"results_per_pair":[{"key":"DOGE/USDT","trades":9,"profit_mean":0.0008930395376654222,"profit_mean_pct":0.09,"profit_total_abs":2.424183929999999,"profit_total":0.0024241839299999988,"profit_total_pct":0.24,"duration_avg":"2:20:00","wins":5,"draws":3,"losses":1,"winrate":0.5555555555555556,"cagr":0.009152520937001363,"expectancy":0.26935376999999994,"expectancy_ratio":-0.31774040630621647,"sortino":-100,"sharpe":0.0671307403208175,"calmar":2.785695721753955,"sqn":0.1071,"profit_factor":1.1403363432440519,"max_drawdown_account":0.0171398331024826,"max_drawdown_abs":17.27409931},{"key":"TOTAL","trades":9,"profit_mean":0.0008930395376654222,"profit_mean_pct":0.09,"profit_total_abs":2.424183929999999,"profit_total":0.0024241839299999988,"profit_total_pct":0.24,"duration_avg":"2:20:00","wins":5,"draws":3,"losses":1,"winrate":0.5555555555555556,"cagr":0.009152520937001363,"expectancy":0.26935376999999994,"expectancy_ratio":-0.31774040630621647,"sortino":-100,"sharpe":0.0671307403208175,"calmar":2.785695721753955,"sqn":0.1071,"profit_factor":1.1403363432440519,"max_drawdown_account":0.0171398331024826,"max_drawdown_abs":17.27409931}],"results_per_enter_tag":[{"key":"","trades":9,"profit_mean":0.0008930395376654222,"profit_mean_pct":0.09,"profit_total_abs":2.424183929999999,"profit_total":0.0024241839299999988,"profit_total_pct":0.24,"duration_avg":"2:20:00","wins":5,"draws":3,"losses":1,"winrate":0.5555555555555556,"cagr":0.009152520937001363,"expectancy":0.26935376999999994,"expectancy_ratio":-0.31774040630621647,"sortino":-100,"sharpe":0.0671307403208175,"calmar":2.785695721753955,"sqn":0.1071,"profit_factor":1.1403363432440519,"max_drawdown_account":0.0171398331024826,"max_drawdown_abs":17.27409931},{"key":"TOTAL","trades":9,"profit_mean":0.0008930395376654222,"profit_mean_pct":0.09,"profit_total_abs":2.424183929999999,"profit_total":0.0024241839299999988,"profit_total_pct":0.24,"duration_avg":"2:20:00","wins":5,"draws":3,"losses":1,"winrate":0.5555555555555556,"cagr":0.009152520937001363,"expectancy":0.26935376999999994,"expectancy_ratio":-0.31774040630621647,"sortino":-100,"sharpe":0.0671307403208175,"calmar":2.785695721753955,"sqn":0.1071,"profit_factor":1.1403363432440519,"max_drawdown_account":0.0171398331024826,"max_drawdown_abs":17.27409931}],"exit_reason_summary":[{"key":"roi","trades":8,"profit_mean":0.007490693632448587,"profit_mean_pct":0.75,"profit_total_abs":19.69828324,"profit_total":0.01969828324,"profit_total_pct":1.97,"duration_avg":"2:08:00","wins":5,"draws":3,"losses":0,"winrate":0.625,"cagr":0.07616286471208822,"expectancy":2.462285405,"expectancy_ratio":100.0,"sortino":-100,"sharpe":1.050897741230577,"calmar":-100,"sqn":1.7646,"profit_factor":0.0,"max_drawdown_account":0.0,"max_drawdown_abs":0.0},{"key":"stop_loss","trades":1,"profit_mean":-0.0518881932205999,"profit_mean_pct":-5.19,"profit_total_abs":-17.27409931,"profit_total":-0.01727409931,"profit_total_pct":-1.73,"duration_avg":"4:00:00","wins":0,"draws":0,"losses":1,"winrate":0.0,"cagr":-0.06346505125629653,"expectancy":-17.27409931,"expectancy_ratio":-1.0,"sortino":-100,"sharpe":-100,"calmar":-19.69584863354928,"sqn":-100.0,"profit_factor":0.0,"max_drawdown_account":0.017274099309999996,"max_drawdown_abs":17.27409931},{"key":"TOTAL","trades":9,"profit_mean":0.0008930395376654222,"profit_mean_pct":0.09,"profit_total_abs":2.424183929999999,"profit_total":0.0024241839299999988,"profit_total_pct":0.24,"duration_avg":"2:20:00","wins":5,"draws":3,"losses":1,"winrate":0.5555555555555556,"cagr":0.009152520937001363,"expectancy":0.26935376999999994,"expectancy_ratio":-0.31774040630621647,"sortino":-100,"sharpe":0.0671307403208175,"calmar":2.785695721753955,"sqn":0.1071,"profit_factor":1.1403363432440519,"max_drawdown_account":0.0171398331024826,"max_drawdown_abs":17.27409931}],"mix_tag_stats":[{"key":["","roi"],"trades":8,"profit_mean":0.007490693632448587,"profit_mean_pct":0.75,"profit_total_abs":19.69828324,"profit_total":0.01969828324,"profit_total_pct":1.97,"duration_avg":"2:08:00","wins":5,"draws":3,"losses":0,"winrate":0.625,"cagr":0.07616286471208822,"expectancy":2.462285405,"expectancy_ratio":100.0,"sortino":-100,"sharpe":1.050897741230577,"calmar":-100,"sqn":1.7646,"profit_factor":0.0,"max_drawdown_account":0.0,"max_drawdown_abs":0.0},{"key":["","stop_loss"],"trades":1,"profit_mean":-0.0518881932205999,"profit_mean_pct":-5.19,"profit_total_abs":-17.27409931,"profit_total":-0.01727409931,"profit_total_pct":-1.73,"duration_avg":"4:00:00","wins":0,"draws":0,"losses":1,"winrate":0.0,"cagr":-0.06346505125629653,"expectancy":-17.27409931,"expectancy_ratio":-1.0,"sortino":-100,"sharpe":-100,"calmar":-19.69584863354928,"sqn":-100.0,"profit_factor":0.0,"max_drawdown_account":0.017274099309999996,"max_drawdown_abs":17.27409931},{"key":"TOTAL","trades":9,"profit_mean":0.0008930395376654222,"profit_mean_pct":0.09,"profit_total_abs":2.424183929999999,"profit_total":0.0024241839299999988,"profit_total_pct":0.24,"duration_avg":"2:20:00","wins":5,"draws":3,"losses":1,"winrate":0.5555555555555556,"cagr":0.009152520937001363,"expectancy":0.26935376999999994,"expectancy_ratio":-0.31774040630621647,"sortino":-100,"sharpe":0.0671307403208175,"calmar":2.785695721753955,"sqn":0.1071,"profit_factor":1.1403363432440519,"max_drawdown_account":0.0171398331024826,"max_drawdown_abs":17.27409931}],"left_open_trades":[{"key":"TOTAL","trades":0,"profit_mean":0.0,"profit_mean_pct":0.0,"profit_total_abs":0.0,"profit_total":0.0,"profit_total_pct":0.0,"duration_avg":"0:00","wins":0,"draws":0,"losses":0,"winrate":0.0,"cagr":0.0,"expectancy":0.0,"expectancy_ratio":100.0,"sortino":0,"sharpe":0,"calmar":0,"sqn":0.0,"profit_factor":0.0,"max_drawdown_account":0.0,"max_drawdown_abs":0.0}],"total_trades":9,"trade_count_long":9,"trade_count_short":0,"total_volume":5941.080735109039,"avg_stake_amount":329.2659033333333,"profit_mean":0.0008930395376654222,"profit_median":0.0019674678496409987,"profit_total":0.0024241839299999988,"profit_total_long":0.0024241839299999988,"profit_total_short":0.0,"profit_total_abs":2.424183929999999,"profit_total_long_abs":2.424183929999999,"profit_total_short_abs":0.0,"cagr":0.009152520937001363,"expectancy":0.26935376999999994,"expectancy_ratio":-0.31774040630621647,"sortino":-100,"sharpe":0.0671307403208175,"calmar":2.785695721753955,"sqn":0.1071,"profit_factor":1.1403363432440519,"backtest_start":"2025-10-01 00:00:00","backtest_start_ts":1759276800000,"backtest_end":"2026-01-06 20:00:00","backtest_end_ts":1767729600000,"backtest_days":97,"backtest_run_start_ts":1767748399,"backtest_run_end_ts":1767748399,"trades_per_day":0.09,"market_change":-0.36632086436227446,"pairlist":["DOGE/USDT"],"stake_amount":"unlimited","stake_currency":"USDT","stake_currency_decimals":3,"starting_balance":1000,"dry_run_wallet":1000,"final_balance":1002.42418393,"rejected_signals":0,"timedout_entry_orders":0,"timedout_exit_orders":0,"canceled_trade_entries":0,"canceled_entry_orders":0,"replaced_entry_orders":0,"max_open_trades":1,"max_open_trades_setting":3,"timeframe":"1h","timeframe_detail":"","timerange":"20251001-","enable_protections":false,"strategy_name":"ACO_28_0","freqaimodel":null,"freqai_identifier":null,"stoploss":-0.05,"trailing_stop":false,"trailing_stop_positive":null,"trailing_stop_positive_offset":0.0,"trailing_only_offset_is_reached":false,"use_custom_stoploss":false,"minimal_roi":{"0":0.1,"60":0.05,"120":0.0},"use_exit_signal":true,"exit_profit_only":false,"exit_profit_offset":0.0,"ignore_roi_if_entry_signal":false,"trading_mode":"spot","margin_mode":"","periodic_breakdown":{"day":[{"date":"05/10/2025","date_ts":1759622400000,"profit_abs":7.8335773,"wins":1,"draws":0,"losses":0,"trades":1,"profit_factor":0.0},{"date":"06/10/2025","date_ts":1759708800000,"profit_abs":0.0,"wins":0,"draws":0,"losses":0,"trades":0,"profit_factor":0.0},{"date":"07/10/2025","date_ts":1759795200000,"profit_abs":0.0,"wins":0,"draws":0,"losses":0,"trades":0,"profit_factor":0.0},{"date":"08/10/2025","date_ts":1759881600000,"profit_abs":0.0,"wins":0,"draws":1,"losses":0,"trades":1,"profit_factor":0.0},{"date":"09/10/2025","date_ts":1759968000000,"profit_abs":0.0,"wins":0,"draws":0,"losses":0,"trades":0,"profit_factor":0.0},{"date":"10/10/2025","date_ts":1760054400000,"profit_abs":0.0,"wins":0,"draws":0,"losses":0,"trades":0,"profit_factor":0.0},{"date":"11/10/2025","date_ts":1760140800000,"profit_abs":0.0,"wins":0,"draws":0,"losses":0,"trades":0,"profit_factor":0.0},{"date":"12/10/2025","date_ts":1760227200000,"profit_abs":0.0,"wins":0,"draws":0,"losses":0,"trades":0,"profit_factor":0.0},{"date":"13/10/2025","date_ts":1760313600000,"profit_abs":0.0,"wins":0,"draws":0,"losses":0,"trades":0,"profit_factor":0.0},{"date":"14/10/2025","date_ts":1760400000000,"profit_abs":0.0,"wins":0,"draws":0,"losses":0,"trades":0,"profit_factor":0.0},{"date":"15/10/2025","date_ts":1760486400000,"profit_abs":0.0,"wins":0,"draws":0,"losses":0,"trades":0,"profit_factor":0.0},{"date":"16/10/2025","date_ts":1760572800000,"profit_abs":0.0,"wins":0,"draws":0,"losses":0,"trades":0,"profit_factor":0.0},{"date":"17/10/2025","date_ts":1760659200000,"profit_abs":0.0,"wins":0,"draws":0,"losses":0,"trades":0,"profit_factor":0.0},{"date":"18/10/2025","date_ts":1760745600000,"profit_abs":0.0,"wins":0,"draws":0,"losses":0,"trades":0,"profit_factor":0.0},{"date":"19/10/2025","date_ts":1760832000000,"profit_abs":0.0,"wins":0,"draws":0,"losses":0,"trades":0,"profit_factor":0.0},{"date":"20/10/2025","date_ts":1760918400000,"profit_abs":0.0,"wins":0,"draws":0,"losses":0,"trades":0,"profit_factor":0.0},{"date":"21/10/2025","date_ts":1761004800000,"profit_abs":0.0,"wins":0,"draws":0,"losses":0,"trades":0,"profit_factor":0.0},{"date":"22/10/2025","date_ts":1761091200000,"profit_abs":0.0,"wins":0,"draws":0,"losses":0,"trades":0,"profit_factor":0.0},{"date":"23/10/2025","date_ts":1761177600000,"profit_abs":0.0,"wins":0,"draws":0,"losses":0,"trades":0,"profit_factor":0.0},{"date":"24/10/2025","date_ts":1761264000000,"profit_abs":0.0,"wins":0,"draws":0,"losses":0,"trades":0,"profit_factor":0.0},{"date":"25/10/2025","date_ts":1761350400000,"profit_abs":0.0,"wins":0,"draws":0,"losses":0,"trades":0,"profit_factor":0.0},{"date":"26/10/2025","date_ts":1761436800000,"profit_abs":0.0,"wins":0,"draws":0,"losses":0,"trades":0,"profit_factor":0.0},{"date":"27/10/2025","date_ts":1761523200000,"profit_abs":0.0,"wins":0,"draws":0,"losses":0,"trades":0,"profit_factor":0.0},{"date":"28/10/2025","date_ts":1761609600000,"profit_abs":-17.27409931,"wins":0,"draws":0,"losses":1,"trades":1,"profit_factor":0.0},{"date":"29/10/2025","date_ts":1761696000000,"profit_abs":0.0,"wins":0,"draws":0,"losses":0,"trades":0,"profit_factor":0.0},{"date":"30/10/2025","date_ts":1761782400000,"profit_abs":0.0,"wins":0,"draws":0,"losses":0,"trades":0,"profit_factor":0.0},{"date":"31/10/2025","date_ts":1761868800000,"profit_abs":0.0,"wins":0,"draws":0,"losses":0,"trades":0,"profit_factor":0.0},{"date":"01/11/2025","date_ts":1761955200000,"profit_abs":0.0,"wins":0,"draws":1,"losses":0,"trades":1,"profit_factor":0.0},{"date":"02/11/2025","date_ts":1762041600000,"profit_abs":0.0,"wins":0,"draws":0,"losses":0,"trades":0,"profit_factor":0.0},{"date":"03/11/2025","date_ts":1762128000000,"profit_abs":0.0,"wins":0,"draws":0,"losses":0,"trades":0,"profit_factor":0.0},{"date":"04/11/2025","date_ts":1762214400000,"profit_abs":0.0,"wins":0,"draws":0,"losses":0,"trades":0,"profit_factor":0.0},{"date":"05/11/2025","date_ts":1762300800000,"profit_abs":0.0,"wins":0,"draws":0,"losses":0,"trades":0,"profit_factor":0.0},{"date":"06/11/2025","date_ts":1762387200000,"profit_abs":0.0,"wins":0,"draws":0,"losses":0,"trades":0,"profit_factor":0.0},{"date":"07/11/2025","date_ts":1762473600000,"profit_abs":0.0,"wins":0,"draws":0,"losses":0,"trades":0,"profit_factor":0.0},{"date":"08/11/2025","date_ts":1762560000000,"profit_abs":0.0,"wins":0,"draws":0,"losses":0,"trades":0,"profit_factor":0.0},{"date":"09/11/2025","date_ts":1762646400000,"profit_abs":0.0,"wins":0,"draws":0,"losses":0,"trades":0,"profit_factor":0.0},{"date":"10/11/2025","date_ts":1762732800000,"profit_abs":0.0,"wins":0,"draws":0,"losses":0,"trades":0,"profit_factor":0.0},{"date":"11/11/2025","date_ts":1762819200000,"profit_abs":0.0,"wins":0,"draws":0,"losses":0,"trades":0,"profit_factor":0.0},{"date":"12/11/2025","date_ts":1762905600000,"profit_abs":0.0,"wins":0,"draws":0,"losses":0,"trades":0,"profit_factor":0.0},{"date":"13/11/2025","date_ts":1762992000000,"profit_abs":0.0,"wins":0,"draws":0,"losses":0,"trades":0,"profit_factor":0.0},{"date":"14/11/2025","date_ts":1763078400000,"profit_abs":0.0,"wins":0,"draws":0,"losses":0,"trades":0,"profit_factor":0.0},{"date":"15/11/2025","date_ts":1763164800000,"profit_abs":0.0,"wins":0,"draws":0,"losses":0,"trades":0,"profit_factor":0.0},{"date":"16/11/2025","date_ts":1763251200000,"profit_abs":0.68502,"wins":1,"draws":0,"losses":0,"trades":1,"profit_factor":0.0},{"date":"17/11/2025","date_ts":1763337600000,"profit_abs":0.0,"wins":0,"draws":0,"losses":0,"trades":0,"profit_factor":0.0},{"date":"18/11/2025","date_ts":1763424000000,"profit_abs":0.0,"wins":0,"draws":0,"losses":0,"trades":0,"profit_factor":0.0},{"date":"19/11/2025","date_ts":1763510400000,"profit_abs":0.0,"wins":0,"draws":0,"losses":0,"trades":0,"profit_factor":0.0},{"date":"20/11/2025","date_ts":1763596800000,"profit_abs":0.0,"wins":0,"draws":0,"losses":0,"trades":0,"profit_factor":0.0},{"date":"21/11/2025","date_ts":1763683200000,"profit_abs":0.0,"wins":0,"draws":0,"losses":0,"trades":0,"profit_factor":0.0},{"date":"22/11/2025","date_ts":1763769600000,"profit_abs":0.0,"wins":0,"draws":0,"losses":0,"trades":0,"profit_factor":0.0},{"date":"23/11/2025","date_ts":1763856000000,"profit_abs":0.0,"wins":0,"draws":0,"losses":0,"trades":0,"profit_factor":0.0},{"date":"24/11/2025","date_ts":1763942400000,"profit_abs":0.0,"wins":0,"draws":0,"losses":0,"trades":0,"profit_factor":0.0},{"date":"25/11/2025","date_ts":1764028800000,"profit_abs":0.0,"wins":0,"draws":0,"losses":0,"trades":0,"profit_factor":0.0},{"date":"26/11/2025","date_ts":1764115200000,"profit_abs":0.0,"wins":0,"draws":0,"losses":0,"trades":0,"profit_factor":0.0},{"date":"27/11/2025","date_ts":1764201600000,"profit_abs":0.0,"wins":0,"draws":0,"losses":0,"trades":0,"profit_factor":0.0},{"date":"28/11/2025","date_ts":1764288000000,"profit_abs":0.0,"wins":0,"draws":0,"losses":0,"trades":0,"profit_factor":0.0},{"date":"29/11/2025","date_ts":1764374400000,"profit_abs":0.0,"wins":0,"draws":0,"losses":0,"trades":0,"profit_factor":0.0},{"date":"30/11/2025","date_ts":1764460800000,"profit_abs":0.0,"wins":0,"draws":0,"losses":0,"trades":0,"profit_factor":0.0},{"date":"01/12/2025","date_ts":1764547200000,"profit_abs":0.0,"wins":0,"draws":0,"losses":0,"trades":0,"profit_factor":0.0},{"date":"02/12/2025","date_ts":1764633600000,"profit_abs":0.0,"wins":0,"draws":0,"losses":0,"trades":0,"profit_factor":0.0},{"date":"03/12/2025","date_ts":1764720000000,"profit_abs":0.0,"wins":0,"draws":0,"losses":0,"trades":0,"profit_factor":0.0},{"date":"04/12/2025","date_ts":1764806400000,"profit_abs":0.0,"wins":0,"draws":0,"losses":0,"trades":0,"profit_factor":0.0},{"date":"05/12/2025","date_ts":1764892800000,"profit_abs":0.0,"wins":0,"draws":0,"losses":0,"trades":0,"profit_factor":0.0},{"date":"06/12/2025","date_ts":1764979200000,"profit_abs":0.0,"wins":0,"draws":1,"losses":0,"trades":1,"profit_factor":0.0},{"date":"07/12/2025","date_ts":1765065600000,"profit_abs":0.0,"wins":0,"draws":0,"losses":0,"trades":0,"profit_factor":0.0},{"date":"08/12/2025","date_ts":1765152000000,"profit_abs":0.0,"wins":0,"draws":0,"losses":0,"trades":0,"profit_factor":0.0},{"date":"09/12/2025","date_ts":1765238400000,"profit_abs":9.72839625,"wins":1,"draws":0,"losses":0,"trades":1,"profit_factor":0.0},{"date":"10/12/2025","date_ts":1765324800000,"profit_abs":0.0,"wins":0,"draws":0,"losses":0,"trades":0,"profit_factor":0.0},{"date":"11/12/2025","date_ts":1765411200000,"profit_abs":0.0,"wins":0,"draws":0,"losses":0,"trades":0,"profit_factor":0.0},{"date":"12/12/2025","date_ts":1765497600000,"profit_abs":0.0,"wins":0,"draws":0,"losses":0,"trades":0,"profit_factor":0.0},{"date":"13/12/2025","date_ts":1765584000000,"profit_abs":0.80023845,"wins":1,"draws":0,"losses":0,"trades":1,"profit_factor":0.0},{"date":"14/12/2025","date_ts":1765670400000,"profit_abs":0.0,"wins":0,"draws":0,"losses":0,"trades":0,"profit_factor":0.0},{"date":"15/12/2025","date_ts":1765756800000,"profit_abs":0.0,"wins":0,"draws":0,"losses":0,"trades":0,"profit_factor":0.0},{"date":"16/12/2025","date_ts":1765843200000,"profit_abs":0.65105124,"wins":1,"draws":0,"losses":0,"trades":1,"profit_factor":0.0}],"week":[{"date":"06/10/2025","date_ts":1759708800000,"profit_abs":7.8335773,"wins":1,"draws":0,"losses":0,"trades":1,"profit_factor":0.0},{"date":"13/10/2025","date_ts":1760313600000,"profit_abs":0.0,"wins":0,"draws":1,"losses":0,"trades":1,"profit_factor":0.0},{"date":"20/10/2025","date_ts":1760918400000,"profit_abs":0.0,"wins":0,"draws":0,"losses":0,"trades":0,"profit_factor":0.0},{"date":"27/10/2025","date_ts":1761523200000,"profit_abs":0.0,"wins":0,"draws":0,"losses":0,"trades":0,"profit_factor":0.0},{"date":"03/11/2025","date_ts":1762128000000,"profit_abs":-17.27409931,"wins":0,"draws":1,"losses":1,"trades":2,"profit_factor":0.0},{"date":"10/11/2025","date_ts":1762732800000,"profit_abs":0.0,"wins":0,"draws":0,"losses":0,"trades":0,"profit_factor":0.0},{"date":"17/11/2025","date_ts":1763337600000,"profit_abs":0.68502,"wins":1,"draws":0,"losses":0,"trades":1,"profit_factor":0.0},{"date":"24/11/2025","date_ts":1763942400000,"profit_abs":0.0,"wins":0,"draws":0,"losses":0,"trades":0,"profit_factor":0.0},{"date":"01/12/2025","date_ts":1764547200000,"profit_abs":0.0,"wins":0,"draws":0,"losses":0,"trades":0,"profit_factor":0.0},{"date":"08/12/2025","date_ts":1765152000000,"profit_abs":0.0,"wins":0,"draws":1,"losses":0,"trades":1,"profit_factor":0.0},{"date":"15/12/2025","date_ts":1765756800000,"profit_abs":10.5286347,"wins":2,"draws":0,"losses":0,"trades":2,"profit_factor":0.0},{"date":"22/12/2025","date_ts":1766361600000,"profit_abs":0.65105124,"wins":1,"draws":0,"losses":0,"trades":1,"profit_factor":0.0}],"month":[{"date":"31/10/2025","date_ts":1761868800000,"profit_abs":-9.44052201,"wins":1,"draws":1,"losses":1,"trades":3,"profit_factor":0.45348687},{"date":"30/11/2025","date_ts":1764460800000,"profit_abs":0.68502,"wins":1,"draws":1,"losses":0,"trades":2,"profit_factor":0.0},{"date":"31/12/2025","date_ts":1767139200000,"profit_abs":11.17968594,"wins":3,"draws":1,"losses":0,"trades":4,"profit_factor":0.0}],"year":[{"date":"31/12/2025","date_ts":1767139200000,"profit_abs":2.42418393,"wins":5,"draws":3,"losses":1,"trades":9,"profit_factor":1.14033634}],"weekday":[{"date":"Tuesday","date_ts":1,"profit_abs":-6.89465182,"wins":2,"draws":0,"losses":1,"trades":3,"profit_factor":0.60086765},{"date":"Wednesday","date_ts":2,"profit_abs":0.0,"wins":0,"draws":1,"losses":0,"trades":1,"profit_factor":0.0},{"date":"Saturday","date_ts":5,"profit_abs":0.80023845,"wins":1,"draws":2,"losses":0,"trades":3,"profit_factor":0.0},{"date":"Sunday","date_ts":6,"profit_abs":8.5185973,"wins":2,"draws":0,"losses":0,"trades":2,"profit_factor":0.0}]},"backtest_best_day":0.029722498963783994,"backtest_worst_day":-0.0518881932205999,"backtest_best_day_abs":9.72839625,"backtest_worst_day_abs":-17.27409931,"winning_days":5,"draw_days":67,"losing_days":1,"daily_profit":[["2025-10-05",7.8335773],["2025-10-06",0.0],["2025-10-07",0.0],["2025-10-08",0.0],["2025-10-09",0.0],["2025-10-10",0.0],["2025-10-11",0.0],["2025-10-12",0.0],["2025-10-13",0.0],["2025-10-14",0.0],["2025-10-15",0.0],["2025-10-16",0.0],["2025-10-17",0.0],["2025-10-18",0.0],["2025-10-19",0.0],["2025-10-20",0.0],["2025-10-21",0.0],["2025-10-22",0.0],["2025-10-23",0.0],["2025-10-24",0.0],["2025-10-25",0.0],["2025-10-26",0.0],["2025-10-27",0.0],["2025-10-28",-17.27409931],["2025-10-29",0.0],["2025-10-30",0.0],["2025-10-31",0.0],["2025-11-01",0.0],["2025-11-02",0.0],["2025-11-03",0.0],["2025-11-04",0.0],["2025-11-05",0.0],["2025-11-06",0.0],["2025-11-07",0.0],["2025-11-08",0.0],["2025-11-09",0.0],["2025-11-10",0.0],["2025-11-11",0.0],["2025-11-12",0.0],["2025-11-13",0.0],["2025-11-14",0.0],["2025-11-15",0.0],["2025-11-16",0.68502],["2025-11-17",0.0],["2025-11-18",0.0],["2025-11-19",0.0],["2025-11-20",0.0],["2025-11-21",0.0],["2025-11-22",0.0],["2025-11-23",0.0],["2025-11-24",0.0],["2025-11-25",0.0],["2025-11-26",0.0],["2025-11-27",0.0],["2025-11-28",0.0],["2025-11-29",0.0],["2025-11-30",0.0],["2025-12-01",0.0],["2025-12-02",0.0],["2025-12-03",0.0],["2025-12-04",0.0],["2025-12-05",0.0],["2025-12-06",0.0],["2025-12-07",0.0],["2025-12-08",0.0],["2025-12-09",9.72839625],["2025-12-10",0.0],["2025-12-11",0.0],["2025-12-12",0.0],["2025-12-13",0.80023845],["2025-12-14",0.0],["2025-12-15",0.0],["2025-12-16",0.65105124]],"wins":5,"losses":1,"draws":3,"winrate":0.5555555555555556,"holding_avg":"2:20:00","holding_avg_s":8400.0,"winner_holding_min":"0d 02:00","winner_holding_min_s":7200.0,"winner_holding_max":"0d 02:00","winner_holding_max_s":7200.0,"winner_holding_avg":"0d 02:00","winner_holding_avg_s":7200.0,"loser_holding_min":"0d 04:00","loser_holding_min_s":14400.0,"loser_holding_max":"0d 04:00","loser_holding_max_s":14400.0,"loser_holding_avg":"0d 04:00","loser_holding_avg_s":14400.0,"max_consecutive_wins":3,"max_consecutive_losses":3,"max_drawdown_account":0.0171398331024826,"max_relative_drawdown":0.0171398331024826,"max_drawdown_abs":17.27409931,"drawdown_start":"2025-10-05 04:00:00","drawdown_start_ts":1759636800000.0,"drawdown_end":"2025-10-28 21:00:00","drawdown_end_ts":1761685200000.0,"drawdown_duration":"23 days 17:00:00","drawdown_duration_s":2048400.0,"max_drawdown_low":-9.44052201,"max_drawdown_high":7.8335773,"csum_min":990.55947799,"csum_max":1007.8335773}},"strategy_comparison":[{"key":"ACO_28_0","trades":9,"profit_mean":0.0008930395376654222,"profit_mean_pct":0.09,"profit_total_abs":2.424183929999999,"profit_total":0.0024241839299999988,"profit_total_pct":0.24,"duration_avg":"2:20:00","wins":5,"draws":3,"losses":1,"winrate":0.5555555555555556,"cagr":0.009152520937001363,"expectancy":0.26935376999999994,"expectancy_ratio":-0.31774040630621647,"sortino":-100,"sharpe":0.0671307403208175,"calmar":2.785695721753955,"sqn":0.1071,"profit_factor":1.1403363432440519,"max_drawdown_account":0.0171398331024826,"max_drawdown_abs":"17.274"}]}