{"strategy":{"ACO_4_3":{"trades":[{"pair":"DOGE/USDT","stake_amount":329.94806,"max_stake_amount":329.94806,"amount":4082.0,"open_date":"2024-01-15 02:00:00+00:00","close_date":"2024-01-15 04:00:00+00:00","open_rate":0.08083,"close_rate":0.08117,"fee_open":0.001,"fee_close":0.001,"trade_duration":120,"profit_ratio":0.0021999527133759475,"profit_abs":0.726596,"exit_reason":"roi","initial_stop_loss_abs":0.07679,"initial_stop_loss_ratio":-0.05,"stop_loss_abs":0.07679,"stop_loss_ratio":-0.05,"min_rate":0.08061,"max_rate":0.08153,"is_open":false,"enter_tag":"","leverage":1.0,"is_short":false,"open_timestamp":1705284000000,"close_timestamp":1705291200000,"orders":[{"amount":4082.0,"safe_price":0.08083,"ft_order_side":"buy","order_filled_timestamp":1705284000000,"ft_is_entry":true,"ft_order_tag":"","cost":330.27800805999993},{"amount":4082.0,"safe_price":0.08117,"ft_order_side":"sell","order_filled_timestamp":1705291200000,"ft_is_entry":false,"ft_order_tag":"roi","cost":331.66727594}],"funding_fees":0.0,"weekday":0},{"pair":"DOGE/USDT","stake_amount":330.19676,"max_stake_amount":330.19676,"amount":4076.0,"open_date":"2024-01-17 11:00:00+00:00","close_date":"2024-01-18 19:00:00+00:00","open_rate":0.08101,"close_rate":0.07696,"fee_open":0.001,"fee_close":0.001,"trade_duration":1920,"profit_ratio":-0.05189194215240382,"profit_abs":-17.15168572,"exit_reason":"stop_loss","initial_stop_loss_abs":0.07696,"initial_stop_loss_ratio":-0.05,"stop_loss_abs":0.07696,"stop_loss_ratio":-0.05,"min_rate":0.0769,"max_rate":0.08113,"is_open":false,"enter_tag":"","leverage":1.0,"is_short":false,"open_timestamp":1705489200000,"close_timestamp":1705604400000,"orders":[{"amount":4076.0,"safe_price":0.08101,"ft_order_side":"buy","order_filled_timestamp":1705489200000,"ft_is_entry":true,"ft_order_tag":"","cost":330.52695675999996},{"amount":4076.0,"safe_price":0.07696,"ft_order_side":"sell","order_filled_timestamp":1705604400000,"ft_is_entry":false,"ft_order_tag":"stop_loss","cost":314.00264896}],"funding_fees":0.0,"weekday":3}],"locks":[],"best_pair":{"key":"DOGE/USDT","trades":2,"profit_mean":-0.024845994719513938,"profit_mean_pct":-2.48,"profit_total_abs":-16.42508972,"profit_total":-0.016425089719999997,"profit_total_pct":-1.64,"duration_avg":"17:00:00","wins":1,"draws":0,"losses":1,"winrate":0.5,"cagr":-0.17716372577259087,"expectancy":-8.21254486,"expectancy_ratio":-0.4788185251332835,"sortino":-100,"sharpe":-1.1323917798417567,"calmar":-59.06104415477473,"sqn":-0.9187,"profit_factor":0.042362949733432964,"max_drawdown_account":0.017139232422278834,"max_drawdown_abs":17.15168572},"worst_pair":{"key":"DOGE/USDT","trades":2,"profit_mean":-0.024845994719513938,"profit_mean_pct":-2.48,"profit_total_abs":-16.42508972,"profit_total":-0.016425089719999997,"profit_total_pct":-1.64,"duration_avg":"17:00:00","wins":1,"draws":0,"losses":1,"winrate":0.5,"cagr":-0.17716372577259087,"expectancy":-8.21254486,"expectancy_ratio":-0.4788185251332835,"sortino":-100,"sharpe":-1.1323917798417567,"calmar":-59.06104415477473,"sqn":-0.9187,"profit_factor":0.042362949733432964,"max_drawdown_account":0.017139232422278834,"max_drawdown_abs":17.15168572},"results_per_pair":[{"key":"DOGE/USDT","trades":2,"profit_mean":-0.024845994719513938,"profit_mean_pct":-2.48,"profit_total_abs":-16.42508972,"profit_total":-0.016425089719999997,"profit_total_pct":-1.64,"duration_avg":"17:00:00","wins":1,"draws":0,"losses":1,"winrate":0.5,"cagr":-0.17716372577259087,"expectancy":-8.21254486,"expectancy_ratio":-0.4788185251332835,"sortino":-100,"sharpe":-1.1323917798417567,"calmar":-59.06104415477473,"sqn":-0.9187,"profit_factor":0.042362949733432964,"max_drawdown_account":0.017139232422278834,"max_drawdown_abs":17.15168572},{"key":"TOTAL","trades":2,"profit_mean":-0.024845994719513938,"profit_mean_pct":-2.48,"profit_total_abs":-16.42508972,"profit_total":-0.016425089719999997,"profit_total_pct":-1.64,"duration_avg":"17:00:00","wins":1,"draws":0,"losses":1,"winrate":0.5,"cagr":-0.17716372577259087,"expectancy":-8.21254486,"expectancy_ratio":-0.4788185251332835,"sortino":-100,"sharpe":-1.1323917798417567,"calmar":-59.06104415477473,"sqn":-0.9187,"profit_factor":0.042362949733432964,"max_drawdown_account":0.017139232422278834,"max_drawdown_abs":17.15168572}],"results_per_enter_tag":[{"key":"","trades":2,"profit_mean":-0.024845994719513938,"profit_mean_pct":-2.48,"profit_total_abs":-16.42508972,"profit_total":-0.016425089719999997,"profit_total_pct":-1.64,"duration_avg":"17:00:00","wins":1,"draws":0,"losses":1,"winrate":0.5,"cagr":-0.17716372577259087,"expectancy":-8.21254486,"expectancy_ratio":-0.4788185251332835,"sortino":-100,"sharpe":-1.1323917798417567,"calmar":-59.06104415477473,"sqn":-0.9187,"profit_factor":0.042362949733432964,"max_drawdown_account":0.017139232422278834,"max_drawdown_abs":17.15168572},{"key":"TOTAL","trades":2,"profit_mean":-0.024845994719513938,"profit_mean_pct":-2.48,"profit_total_abs":-16.42508972,"profit_total":-0.016425089719999997,"profit_total_pct":-1.64,"duration_avg":"17:00:00","wins":1,"draws":0,"losses":1,"winrate":0.5,"cagr":-0.17716372577259087,"expectancy":-8.21254486,"expectancy_ratio":-0.4788185251332835,"sortino":-100,"sharpe":-1.1323917798417567,"calmar":-59.06104415477473,"sqn":-0.9187,"profit_factor":0.042362949733432964,"max_drawdown_account":0.017139232422278834,"max_drawdown_abs":17.15168572}],"exit_reason_summary":[{"key":"roi","trades":1,"profit_mean":0.0021999527133759475,"profit_mean_pct":0.22,"profit_total_abs":0.726596,"profit_total":0.000726596,"profit_total_pct":0.07,"duration_avg":"2:00:00","wins":1,"draws":0,"losses":0,"winrate":1.0,"cagr":0.008588648004158372,"expectancy":0.726596,"expectancy_ratio":100.0,"sortino":-100,"sharpe":-100,"calmar":-100,"sqn":-100.0,"profit_factor":0.0,"max_drawdown_account":0.0,"max_drawdown_abs":0.0},{"key":"stop_loss","trades":1,"profit_mean":-0.05189194215240382,"profit_mean_pct":-5.19,"profit_total_abs":-17.15168572,"profit_total":-0.01715168572,"profit_total_pct":-1.72,"duration_avg":"1 day, 8:00:00","wins":0,"draws":0,"losses":1,"winrate":0.0,"cagr":-0.18429229809258474,"expectancy":-17.15168572,"expectancy_ratio":-1.0,"sortino":-100,"sharpe":-100,"calmar":-61.628945724331444,"sqn":-100.0,"profit_factor":0.0,"max_drawdown_account":0.017151685720000046,"max_drawdown_abs":17.15168572},{"key":"TOTAL","trades":2,"profit_mean":-0.024845994719513938,"profit_mean_pct":-2.48,"profit_total_abs":-16.42508972,"profit_total":-0.016425089719999997,"profit_total_pct":-1.64,"duration_avg":"17:00:00","wins":1,"draws":0,"losses":1,"winrate":0.5,"cagr":-0.17716372577259087,"expectancy":-8.21254486,"expectancy_ratio":-0.4788185251332835,"sortino":-100,"sharpe":-1.1323917798417567,"calmar":-59.06104415477473,"sqn":-0.9187,"profit_factor":0.042362949733432964,"max_drawdown_account":0.017139232422278834,"max_drawdown_abs":17.15168572}],"mix_tag_stats":[{"key":["","roi"],"trades":1,"profit_mean":0.0021999527133759475,"profit_mean_pct":0.22,"profit_total_abs":0.726596,"profit_total":0.000726596,"profit_total_pct":0.07,"duration_avg":"2:00:00","wins":1,"draws":0,"losses":0,"winrate":1.0,"cagr":0.008588648004158372,"expectancy":0.726596,"expectancy_ratio":100.0,"sortino":-100,"sharpe":-100,"calmar":-100,"sqn":-100.0,"profit_factor":0.0,"max_drawdown_account":0.0,"max_drawdown_abs":0.0},{"key":["","stop_loss"],"trades":1,"profit_mean":-0.05189194215240382,"profit_mean_pct":-5.19,"profit_total_abs":-17.15168572,"profit_total":-0.01715168572,"profit_total_pct":-1.72,"duration_avg":"1 day, 8:00:00","wins":0,"draws":0,"losses":1,"winrate":0.0,"cagr":-0.18429229809258474,"expectancy":-17.15168572,"expectancy_ratio":-1.0,"sortino":-100,"sharpe":-100,"calmar":-61.628945724331444,"sqn":-100.0,"profit_factor":0.0,"max_drawdown_account":0.017151685720000046,"max_drawdown_abs":17.15168572},{"key":"TOTAL","trades":2,"profit_mean":-0.024845994719513938,"profit_mean_pct":-2.48,"profit_total_abs":-16.42508972,"profit_total":-0.016425089719999997,"profit_total_pct":-1.64,"duration_avg":"17:00:00","wins":1,"draws":0,"losses":1,"winrate":0.5,"cagr":-0.17716372577259087,"expectancy":-8.21254486,"expectancy_ratio":-0.4788185251332835,"sortino":-100,"sharpe":-1.1323917798417567,"calmar":-59.06104415477473,"sqn":-0.9187,"profit_factor":0.042362949733432964,"max_drawdown_account":0.017139232422278834,"max_drawdown_abs":17.15168572}],"left_open_trades":[{"key":"TOTAL","trades":0,"profit_mean":0.0,"profit_mean_pct":0.0,"profit_total_abs":0.0,"profit_total":0.0,"profit_total_pct":0.0,"duration_avg":"0:00","wins":0,"draws":0,"losses":0,"winrate":0.0,"cagr":0.0,"expectancy":0.0,"expectancy_ratio":100.0,"sortino":0,"sharpe":0,"calmar":0,"sqn":0.0,"profit_factor":0.0,"max_drawdown_account":0.0,"max_drawdown_abs":0.0}],"total_trades":2,"trade_count_long":2,"trade_count_short":0,"total_volume":1306.4748897199997,"avg_stake_amount":330.07241,"profit_mean":-0.024845994719513938,"profit_median":-0.024845994719513938,"profit_total":-0.016425089719999997,"profit_total_long":-0.016425089719999997,"profit_total_short":0.0,"profit_total_abs":-16.42508972,"profit_total_long_abs":-16.42508972,"profit_total_short_abs":0.0,"cagr":-0.17716372577259087,"expectancy":-8.21254486,"expectancy_ratio":-0.4788185251332835,"sortino":-100,"sharpe":-1.1323917798417567,"calmar":-59.06104415477473,"sqn":-0.9187,"profit_factor":0.042362949733432964,"backtest_start":"2024-01-01 00:00:00","backtest_start_ts":1704067200000,"backtest_end":"2024-02-01 00:00:00","backtest_end_ts":1706745600000,"backtest_days":31,"backtest_run_start_ts":1767736147,"backtest_run_end_ts":1767736147,"trades_per_day":0.06,"market_change":-0.1200044528553935,"pairlist":["DOGE/USDT"],"stake_amount":"unlimited","stake_currency":"USDT","stake_currency_decimals":3,"starting_balance":1000,"dry_run_wallet":1000,"final_balance":983.57491028,"rejected_signals":0,"timedout_entry_orders":0,"timedout_exit_orders":0,"canceled_trade_entries":0,"canceled_entry_orders":0,"replaced_entry_orders":0,"max_open_trades":1,"max_open_trades_setting":3,"timeframe":"1h","timeframe_detail":"","timerange":"20240101-20240201","enable_protections":false,"strategy_name":"ACO_4_3","freqaimodel":null,"freqai_identifier":null,"stoploss":-0.05,"trailing_stop":false,"trailing_stop_positive":null,"trailing_stop_positive_offset":0.0,"trailing_only_offset_is_reached":false,"use_custom_stoploss":false,"minimal_roi":{"0":0.1,"60":0.05,"120":0.0},"use_exit_signal":true,"exit_profit_only":false,"exit_profit_offset":0.0,"ignore_roi_if_entry_signal":false,"trading_mode":"spot","margin_mode":"","periodic_breakdown":{"day":[{"date":"15/01/2024","date_ts":1705276800000,"profit_abs":0.726596,"wins":1,"draws":0,"losses":0,"trades":1,"profit_factor":0.0},{"date":"16/01/2024","date_ts":1705363200000,"profit_abs":0.0,"wins":0,"draws":0,"losses":0,"trades":0,"profit_factor":0.0},{"date":"17/01/2024","date_ts":1705449600000,"profit_abs":0.0,"wins":0,"draws":0,"losses":0,"trades":0,"profit_factor":0.0},{"date":"18/01/2024","date_ts":1705536000000,"profit_abs":-17.15168572,"wins":0,"draws":0,"losses":1,"trades":1,"profit_factor":0.0}],"week":[{"date":"15/01/2024","date_ts":1705276800000,"profit_abs":0.726596,"wins":1,"draws":0,"losses":0,"trades":1,"profit_factor":0.0},{"date":"22/01/2024","date_ts":1705881600000,"profit_abs":-17.15168572,"wins":0,"draws":0,"losses":1,"trades":1,"profit_factor":0.0}],"month":[{"date":"31/01/2024","date_ts":1706659200000,"profit_abs":-16.42508972,"wins":1,"draws":0,"losses":1,"trades":2,"profit_factor":0.04236295}],"year":[{"date":"31/12/2024","date_ts":1735603200000,"profit_abs":-16.42508972,"wins":1,"draws":0,"losses":1,"trades":2,"profit_factor":0.04236295}],"weekday":[{"date":"Monday","date_ts":0,"profit_abs":0.726596,"wins":1,"draws":0,"losses":0,"trades":1,"profit_factor":0.0},{"date":"Thursday","date_ts":3,"profit_abs":-17.15168572,"wins":0,"draws":0,"losses":1,"trades":1,"profit_factor":0.0}]},"backtest_best_day":0.0021999527133759475,"backtest_worst_day":-0.05189194215240382,"backtest_best_day_abs":0.726596,"backtest_worst_day_abs":-17.15168572,"winning_days":1,"draw_days":2,"losing_days":1,"daily_profit":[["2024-01-15",0.726596],["2024-01-16",0.0],["2024-01-17",0.0],["2024-01-18",-17.15168572]],"wins":1,"losses":1,"draws":0,"winrate":0.5,"holding_avg":"17:00:00","holding_avg_s":61200.0,"winner_holding_min":"0d 02:00","winner_holding_min_s":7200.0,"winner_holding_max":"0d 02:00","winner_holding_max_s":7200.0,"winner_holding_avg":"0d 02:00","winner_holding_avg_s":7200.0,"loser_holding_min":"1d 08:00","loser_holding_min_s":115200.0,"loser_holding_max":"1d 08:00","loser_holding_max_s":115200.0,"loser_holding_avg":"1d 08:00","loser_holding_avg_s":115200.0,"max_consecutive_wins":1,"max_consecutive_losses":1,"max_drawdown_account":0.017139232422278834,"max_relative_drawdown":0.017139232422278834,"max_drawdown_abs":17.15168572,"drawdown_start":"2024-01-15 04:00:00","drawdown_start_ts":1705291200000.0,"drawdown_end":"2024-01-18 19:00:00","drawdown_end_ts":1705604400000.0,"drawdown_duration":"3 days 15:00:00","drawdown_duration_s":313200.0,"max_drawdown_low":-16.42508972,"max_drawdown_high":0.726596,"csum_min":983.57491028,"csum_max":1000.726596}},"strategy_comparison":[{"key":"ACO_4_3","trades":2,"profit_mean":-0.024845994719513938,"profit_mean_pct":-2.48,"profit_total_abs":-16.42508972,"profit_total":-0.016425089719999997,"profit_total_pct":-1.64,"duration_avg":"17:00:00","wins":1,"draws":0,"losses":1,"winrate":0.5,"cagr":-0.17716372577259087,"expectancy":-8.21254486,"expectancy_ratio":-0.4788185251332835,"sortino":-100,"sharpe":-1.1323917798417567,"calmar":-59.06104415477473,"sqn":-0.9187,"profit_factor":0.042362949733432964,"max_drawdown_account":0.017139232422278834,"max_drawdown_abs":"17.152"}]}