{"strategy":{"ACO_48_0":{"trades":[{"pair":"DOGE/USDT","stake_amount":329.9122,"max_stake_amount":329.9122,"amount":1292.0,"open_date":"2025-10-04 02:00:00+00:00","close_date":"2025-10-05 02:00:00+00:00","open_rate":0.25535,"close_rate":0.25586121121121125,"fee_open":0.001,"fee_close":0.001,"trade_duration":1440,"profit_ratio":0.0,"profit_abs":0.0,"exit_reason":"roi","initial_stop_loss_abs":0.24259,"initial_stop_loss_ratio":-0.05,"stop_loss_abs":0.24259,"stop_loss_ratio":-0.05,"min_rate":0.2467,"max_rate":0.25698,"is_open":false,"enter_tag":"","leverage":1.0,"is_short":false,"open_timestamp":1759543200000,"close_timestamp":1759629600000,"orders":[{"amount":1292.0,"safe_price":0.25535,"ft_order_side":"buy","order_filled_timestamp":1759543200000,"ft_is_entry":true,"ft_order_tag":"","cost":330.2421122},{"amount":1292.0,"safe_price":0.25586121121121125,"ft_order_side":"sell","order_filled_timestamp":1759629600000,"ft_is_entry":false,"ft_order_tag":"roi","cost":330.9032575697698}],"funding_fees":0.0,"weekday":6},{"pair":"DOGE/USDT","stake_amount":329.93889,"max_stake_amount":329.93889,"amount":1271.0,"open_date":"2025-10-07 09:00:00+00:00","close_date":"2025-10-07 11:00:00+00:00","open_rate":0.25959,"close_rate":0.26151,"fee_open":0.001,"fee_close":0.001,"trade_duration":120,"profit_ratio":0.005383498969538493,"profit_abs":1.7780019,"exit_reason":"roi","initial_stop_loss_abs":0.24662,"initial_stop_loss_ratio":-0.05,"stop_loss_abs":0.24662,"stop_loss_ratio":-0.05,"min_rate":0.2593,"max_rate":0.26221,"is_open":false,"enter_tag":"","leverage":1.0,"is_short":false,"open_timestamp":1759827600000,"close_timestamp":1759834800000,"orders":[{"amount":1271.0,"safe_price":0.25959,"ft_order_side":"buy","order_filled_timestamp":1759827600000,"ft_is_entry":true,"ft_order_tag":"","cost":330.2688288899999},{"amount":1271.0,"safe_price":0.26151,"ft_order_side":"sell","order_filled_timestamp":1759834800000,"ft_is_entry":false,"ft_order_tag":"roi","cost":332.71158920999994}],"funding_fees":0.0,"weekday":1},{"pair":"DOGE/USDT","stake_amount":330.48323,"max_stake_amount":330.48323,"amount":1309.0,"open_date":"2025-10-07 17:00:00+00:00","close_date":"2025-10-08 11:00:00+00:00","open_rate":0.25247,"close_rate":0.2501,"fee_open":0.001,"fee_close":0.001,"trade_duration":1080,"profit_ratio":-0.011366500177051925,"profit_abs":-3.76019413,"exit_reason":"exit_signal","initial_stop_loss_abs":0.23985,"initial_stop_loss_ratio":-0.05,"stop_loss_abs":0.23985,"stop_loss_ratio":-0.05,"min_rate":0.24291,"max_rate":0.25307,"is_open":false,"enter_tag":"","leverage":1.0,"is_short":false,"open_timestamp":1759856400000,"close_timestamp":1759921200000,"orders":[{"amount":1309.0,"safe_price":0.25247,"ft_order_side":"buy","order_filled_timestamp":1759856400000,"ft_is_entry":true,"ft_order_tag":"","cost":330.81371323},{"amount":1309.0,"safe_price":0.2501,"ft_order_side":"sell","order_filled_timestamp":1759921200000,"ft_is_entry":false,"ft_order_tag":"exit_signal","cost":327.7082809}],"funding_fees":0.0,"weekday":2},{"pair":"DOGE/USDT","stake_amount":329.12968,"max_stake_amount":329.12968,"amount":1331.0,"open_date":"2025-10-09 03:00:00+00:00","close_date":"2025-10-09 05:00:00+00:00","open_rate":0.24728,"close_rate":0.25063,"fee_open":0.001,"fee_close":0.001,"trade_duration":120,"profit_ratio":0.011522325943225328,"profit_abs":3.79613179,"exit_reason":"roi","initial_stop_loss_abs":0.23492,"initial_stop_loss_ratio":-0.05,"stop_loss_abs":0.23492,"stop_loss_ratio":-0.05,"min_rate":0.24728,"max_rate":0.25096,"is_open":false,"enter_tag":"","leverage":1.0,"is_short":false,"open_timestamp":1759978800000,"close_timestamp":1759986000000,"orders":[{"amount":1331.0,"safe_price":0.24728,"ft_order_side":"buy","order_filled_timestamp":1759978800000,"ft_is_entry":true,"ft_order_tag":"","cost":329.45880967999994},{"amount":1331.0,"safe_price":0.25063,"ft_order_side":"sell","order_filled_timestamp":1759986000000,"ft_is_entry":false,"ft_order_tag":"roi","cost":333.92211853000003}],"funding_fees":0.0,"weekday":3},{"pair":"DOGE/USDT","stake_amount":330.53598,"max_stake_amount":330.53598,"amount":1359.0,"open_date":"2025-10-09 09:00:00+00:00","close_date":"2025-10-09 11:00:00+00:00","open_rate":0.24322,"close_rate":0.2458,"fee_open":0.001,"fee_close":0.001,"trade_duration":120,"profit_ratio":0.008588484125035396,"profit_abs":2.84164182,"exit_reason":"roi","initial_stop_loss_abs":0.23106,"initial_stop_loss_ratio":-0.05,"stop_loss_abs":0.23106,"stop_loss_ratio":-0.05,"min_rate":0.24315,"max_rate":0.24806,"is_open":false,"enter_tag":"","leverage":1.0,"is_short":false,"open_timestamp":1760000400000,"close_timestamp":1760007600000,"orders":[{"amount":1359.0,"safe_price":0.24322,"ft_order_side":"buy","order_filled_timestamp":1760000400000,"ft_is_entry":true,"ft_order_tag":"","cost":330.86651598},{"amount":1359.0,"safe_price":0.2458,"ft_order_side":"sell","order_filled_timestamp":1760007600000,"ft_is_entry":false,"ft_order_tag":"roi","cost":334.3762421999999}],"funding_fees":0.0,"weekday":3},{"pair":"DOGE/USDT","stake_amount":331.37853,"max_stake_amount":331.37853,"amount":1401.0,"open_date":"2025-10-10 17:00:00+00:00","close_date":"2025-10-10 20:00:00+00:00","open_rate":0.23653,"close_rate":0.22471,"fee_open":0.001,"fee_close":0.001,"trade_duration":180,"profit_ratio":-0.05187067614666651,"profit_abs":-17.20601724,"exit_reason":"stop_loss","initial_stop_loss_abs":0.22471,"initial_stop_loss_ratio":-0.05,"stop_loss_abs":0.22471,"stop_loss_ratio":-0.05,"min_rate":0.21607,"max_rate":0.23714,"is_open":false,"enter_tag":"","leverage":1.0,"is_short":false,"open_timestamp":1760115600000,"close_timestamp":1760126400000,"orders":[{"amount":1401.0,"safe_price":0.23653,"ft_order_side":"buy","order_filled_timestamp":1760115600000,"ft_is_entry":true,"ft_order_tag":"","cost":331.70990852999995},{"amount":1401.0,"safe_price":0.22471,"ft_order_side":"sell","order_filled_timestamp":1760126400000,"ft_is_entry":false,"ft_order_tag":"stop_loss","cost":315.13352870999995}],"funding_fees":0.0,"weekday":4},{"pair":"DOGE/USDT","stake_amount":325.71248,"max_stake_amount":325.71248,"amount":1487.0,"open_date":"2025-10-10 21:00:00+00:00","close_date":"2025-10-10 21:00:00+00:00","open_rate":0.21904,"close_rate":0.20809,"fee_open":0.001,"fee_close":0.001,"trade_duration":0,"profit_ratio":-0.051888989388989386,"profit_abs":-16.91779231,"exit_reason":"stop_loss","initial_stop_loss_abs":0.20809,"initial_stop_loss_ratio":-0.05,"stop_loss_abs":0.20809,"stop_loss_ratio":-0.05,"min_rate":0.095,"max_rate":0.22132,"is_open":false,"enter_tag":"","leverage":1.0,"is_short":false,"open_timestamp":1760130000000,"close_timestamp":1760130000000,"orders":[{"amount":1487.0,"safe_price":0.21904,"ft_order_side":"buy","order_filled_timestamp":1760130000000,"ft_is_entry":true,"ft_order_tag":"","cost":326.03819247999996},{"amount":1487.0,"safe_price":0.20809,"ft_order_side":"sell","order_filled_timestamp":1760130000000,"ft_is_entry":false,"ft_order_tag":"stop_loss","cost":309.7392598299999}],"funding_fees":0.0,"weekday":4},{"pair":"DOGE/USDT","stake_amount":320.19771,"max_stake_amount":320.19771,"amount":1533.0,"open_date":"2025-10-14 03:00:00+00:00","close_date":"2025-10-14 06:00:00+00:00","open_rate":0.20887,"close_rate":0.19843,"fee_open":0.001,"fee_close":0.001,"trade_duration":180,"profit_ratio":-0.051881378543895906,"profit_abs":-16.6289109,"exit_reason":"stop_loss","initial_stop_loss_abs":0.19843,"initial_stop_loss_ratio":-0.05,"stop_loss_abs":0.19843,"stop_loss_ratio":-0.05,"min_rate":0.19486,"max_rate":0.20905,"is_open":false,"enter_tag":"","leverage":1.0,"is_short":false,"open_timestamp":1760410800000,"close_timestamp":1760421600000,"orders":[{"amount":1533.0,"safe_price":0.20887,"ft_order_side":"buy","order_filled_timestamp":1760410800000,"ft_is_entry":true,"ft_order_tag":"","cost":320.5179077099999},{"amount":1533.0,"safe_price":0.19843,"ft_order_side":"sell","order_filled_timestamp":1760421600000,"ft_is_entry":false,"ft_order_tag":"stop_loss","cost":304.49738319}],"funding_fees":0.0,"weekday":1},{"pair":"DOGE/USDT","stake_amount":314.66874,"max_stake_amount":314.66874,"amount":1583.0,"open_date":"2025-10-14 07:00:00+00:00","close_date":"2025-10-14 09:00:00+00:00","open_rate":0.19878,"close_rate":0.19973,"fee_open":0.001,"fee_close":0.001,"trade_duration":120,"profit_ratio":0.0027716020773672447,"profit_abs":0.87300867,"exit_reason":"roi","initial_stop_loss_abs":0.18885,"initial_stop_loss_ratio":-0.05,"stop_loss_abs":0.18885,"stop_loss_ratio":-0.05,"min_rate":0.19661,"max_rate":0.20153,"is_open":false,"enter_tag":"","leverage":1.0,"is_short":false,"open_timestamp":1760425200000,"close_timestamp":1760432400000,"orders":[{"amount":1583.0,"safe_price":0.19878,"ft_order_side":"buy","order_filled_timestamp":1760425200000,"ft_is_entry":true,"ft_order_tag":"","cost":314.98340873999996},{"amount":1583.0,"safe_price":0.19973,"ft_order_side":"sell","order_filled_timestamp":1760432400000,"ft_is_entry":false,"ft_order_tag":"roi","cost":316.48876258999996}],"funding_fees":0.0,"weekday":1},{"pair":"DOGE/USDT","stake_amount":315.03276,"max_stake_amount":315.03276,"amount":1764.0,"open_date":"2025-10-17 08:00:00+00:00","close_date":"2025-10-17 10:00:00+00:00","open_rate":0.17859,"close_rate":0.1789475375375375,"fee_open":0.001,"fee_close":0.001,"trade_duration":120,"profit_ratio":0.0,"profit_abs":0.0,"exit_reason":"roi","initial_stop_loss_abs":0.16967,"initial_stop_loss_ratio":-0.05,"stop_loss_abs":0.16967,"stop_loss_ratio":-0.05,"min_rate":0.17555,"max_rate":0.18194,"is_open":false,"enter_tag":"","leverage":1.0,"is_short":false,"open_timestamp":1760688000000,"close_timestamp":1760695200000,"orders":[{"amount":1764.0,"safe_price":0.17859,"ft_order_side":"buy","order_filled_timestamp":1760688000000,"ft_is_entry":true,"ft_order_tag":"","cost":315.34779275999995},{"amount":1764.0,"safe_price":0.1789475375375375,"ft_order_side":"sell","order_filled_timestamp":1760695200000,"ft_is_entry":false,"ft_order_tag":"roi","cost":315.9791196724323}],"funding_fees":0.0,"weekday":4},{"pair":"DOGE/USDT","stake_amount":314.916,"max_stake_amount":314.916,"amount":1630.0,"open_date":"2025-10-21 05:00:00+00:00","close_date":"2025-10-21 07:00:00+00:00","open_rate":0.1932,"close_rate":0.1939,"fee_open":0.001,"fee_close":0.001,"trade_duration":120,"profit_ratio":0.0016179472701211832,"profit_abs":0.510027,"exit_reason":"roi","initial_stop_loss_abs":0.18354,"initial_stop_loss_ratio":-0.05,"stop_loss_abs":0.18354,"stop_loss_ratio":-0.05,"min_rate":0.19291,"max_rate":0.19456,"is_open":false,"enter_tag":"","leverage":1.0,"is_short":false,"open_timestamp":1761022800000,"close_timestamp":1761030000000,"orders":[{"amount":1630.0,"safe_price":0.1932,"ft_order_side":"buy","order_filled_timestamp":1761022800000,"ft_is_entry":true,"ft_order_tag":"","cost":315.230916},{"amount":1630.0,"safe_price":0.1939,"ft_order_side":"sell","order_filled_timestamp":1761030000000,"ft_is_entry":false,"ft_order_tag":"roi","cost":316.3730569999999}],"funding_fees":0.0,"weekday":1},{"pair":"DOGE/USDT","stake_amount":315.13713,"max_stake_amount":315.13713,"amount":1617.0,"open_date":"2025-10-24 17:00:00+00:00","close_date":"2025-10-24 19:00:00+00:00","open_rate":0.19489,"close_rate":0.19608,"fee_open":0.001,"fee_close":0.001,"trade_duration":120,"profit_ratio":0.004095806702405297,"profit_abs":1.29203151,"exit_reason":"roi","initial_stop_loss_abs":0.18515,"initial_stop_loss_ratio":-0.05,"stop_loss_abs":0.18515,"stop_loss_ratio":-0.05,"min_rate":0.19474,"max_rate":0.19709,"is_open":false,"enter_tag":"","leverage":1.0,"is_short":false,"open_timestamp":1761325200000,"close_timestamp":1761332400000,"orders":[{"amount":1617.0,"safe_price":0.19489,"ft_order_side":"buy","order_filled_timestamp":1761325200000,"ft_is_entry":true,"ft_order_tag":"","cost":315.45226713},{"amount":1617.0,"safe_price":0.19608,"ft_order_side":"sell","order_filled_timestamp":1761332400000,"ft_is_entry":false,"ft_order_tag":"roi","cost":317.37842135999995}],"funding_fees":0.0,"weekday":4},{"pair":"DOGE/USDT","stake_amount":315.51,"max_stake_amount":315.51,"amount":1618.0,"open_date":"2025-10-26 04:00:00+00:00","close_date":"2025-10-26 06:00:00+00:00","open_rate":0.195,"close_rate":0.19591,"fee_open":0.001,"fee_close":0.001,"trade_duration":120,"profit_ratio":0.002659340659340659,"profit_abs":0.83988762,"exit_reason":"roi","initial_stop_loss_abs":0.18525,"initial_stop_loss_ratio":-0.05,"stop_loss_abs":0.18525,"stop_loss_ratio":-0.05,"min_rate":0.19488,"max_rate":0.19635,"is_open":false,"enter_tag":"","leverage":1.0,"is_short":false,"open_timestamp":1761451200000,"close_timestamp":1761458400000,"orders":[{"amount":1618.0,"safe_price":0.195,"ft_order_side":"buy","order_filled_timestamp":1761451200000,"ft_is_entry":true,"ft_order_tag":"","cost":315.82550999999995},{"amount":1618.0,"safe_price":0.19591,"ft_order_side":"sell","order_filled_timestamp":1761458400000,"ft_is_entry":false,"ft_order_tag":"roi","cost":317.29936237999993}],"funding_fees":0.0,"weekday":6},{"pair":"DOGE/USDT","stake_amount":315.82132,"max_stake_amount":315.82132,"amount":1556.0,"open_date":"2025-10-27 11:00:00+00:00","close_date":"2025-10-27 13:00:00+00:00","open_rate":0.20297,"close_rate":0.20337634634634633,"fee_open":0.001,"fee_close":0.001,"trade_duration":120,"profit_ratio":0.0,"profit_abs":0.0,"exit_reason":"roi","initial_stop_loss_abs":0.19283,"initial_stop_loss_ratio":-0.05,"stop_loss_abs":0.19283,"stop_loss_ratio":-0.05,"min_rate":0.20053,"max_rate":0.20385,"is_open":false,"enter_tag":"","leverage":1.0,"is_short":false,"open_timestamp":1761562800000,"close_timestamp":1761570000000,"orders":[{"amount":1556.0,"safe_price":0.20297,"ft_order_side":"buy","order_filled_timestamp":1761562800000,"ft_is_entry":true,"ft_order_tag":"","cost":316.13714131999996},{"amount":1556.0,"safe_price":0.20337634634634633,"ft_order_side":"sell","order_filled_timestamp":1761570000000,"ft_is_entry":false,"ft_order_tag":"roi","cost":316.7700485098298}],"funding_fees":0.0,"weekday":0},{"pair":"DOGE/USDT","stake_amount":315.80242,"max_stake_amount":315.80242,"amount":1571.0,"open_date":"2025-10-27 23:00:00+00:00","close_date":"2025-10-28 01:00:00+00:00","open_rate":0.20102,"close_rate":0.20142244244244242,"fee_open":0.001,"fee_close":0.001,"trade_duration":120,"profit_ratio":0.0,"profit_abs":0.0,"exit_reason":"roi","initial_stop_loss_abs":0.19097,"initial_stop_loss_ratio":-0.05,"stop_loss_abs":0.19097,"stop_loss_ratio":-0.05,"min_rate":0.19887,"max_rate":0.20159,"is_open":false,"enter_tag":"","leverage":1.0,"is_short":false,"open_timestamp":1761606000000,"close_timestamp":1761613200000,"orders":[{"amount":1571.0,"safe_price":0.20102,"ft_order_side":"buy","order_filled_timestamp":1761606000000,"ft_is_entry":true,"ft_order_tag":"","cost":316.11822241999994},{"amount":1571.0,"safe_price":0.20142244244244242,"ft_order_side":"sell","order_filled_timestamp":1761613200000,"ft_is_entry":false,"ft_order_tag":"roi","cost":316.75109173415404}],"funding_fees":0.0,"weekday":1},{"pair":"DOGE/USDT","stake_amount":315.77364,"max_stake_amount":315.77364,"amount":1638.0,"open_date":"2025-10-28 22:00:00+00:00","close_date":"2025-10-29 00:00:00+00:00","open_rate":0.19278,"close_rate":0.19362,"fee_open":0.001,"fee_close":0.001,"trade_duration":120,"profit_ratio":0.0023505905858847037,"profit_abs":0.7429968,"exit_reason":"roi","initial_stop_loss_abs":0.18315,"initial_stop_loss_ratio":-0.05,"stop_loss_abs":0.18315,"stop_loss_ratio":-0.05,"min_rate":0.19202,"max_rate":0.1942,"is_open":false,"enter_tag":"","leverage":1.0,"is_short":false,"open_timestamp":1761688800000,"close_timestamp":1761696000000,"orders":[{"amount":1638.0,"safe_price":0.19278,"ft_order_side":"buy","order_filled_timestamp":1761688800000,"ft_is_entry":true,"ft_order_tag":"","cost":316.08941364},{"amount":1638.0,"safe_price":0.19362,"ft_order_side":"sell","order_filled_timestamp":1761696000000,"ft_is_entry":false,"ft_order_tag":"roi","cost":317.4667095599999}],"funding_fees":0.0,"weekday":2},{"pair":"DOGE/USDT","stake_amount":316.14872,"max_stake_amount":316.14872,"amount":1682.0,"open_date":"2025-10-30 12:00:00+00:00","close_date":"2025-10-30 17:00:00+00:00","open_rate":0.18796,"close_rate":0.17857,"fee_open":0.001,"fee_close":0.001,"trade_duration":300,"profit_ratio":-0.05185562469027035,"profit_abs":-16.41048346,"exit_reason":"stop_loss","initial_stop_loss_abs":0.17857,"initial_stop_loss_ratio":-0.05,"stop_loss_abs":0.17857,"stop_loss_ratio":-0.05,"min_rate":0.17822,"max_rate":0.18833,"is_open":false,"enter_tag":"","leverage":1.0,"is_short":false,"open_timestamp":1761825600000,"close_timestamp":1761843600000,"orders":[{"amount":1682.0,"safe_price":0.18796,"ft_order_side":"buy","order_filled_timestamp":1761825600000,"ft_is_entry":true,"ft_order_tag":"","cost":316.4648687199999},{"amount":1682.0,"safe_price":0.17857,"ft_order_side":"sell","order_filled_timestamp":1761843600000,"ft_is_entry":false,"ft_order_tag":"stop_loss","cost":300.65509474}],"funding_fees":0.0,"weekday":3},{"pair":"DOGE/USDT","stake_amount":310.68062,"max_stake_amount":310.68062,"amount":1774.0,"open_date":"2025-11-03 04:00:00+00:00","close_date":"2025-11-03 12:00:00+00:00","open_rate":0.17513,"close_rate":0.1754806106106106,"fee_open":0.001,"fee_close":0.001,"trade_duration":480,"profit_ratio":0.0,"profit_abs":0.0,"exit_reason":"roi","initial_stop_loss_abs":0.16638,"initial_stop_loss_ratio":-0.05,"stop_loss_abs":0.16638,"stop_loss_ratio":-0.05,"min_rate":0.17111,"max_rate":0.17672,"is_open":false,"enter_tag":"","leverage":1.0,"is_short":false,"open_timestamp":1762142400000,"close_timestamp":1762171200000,"orders":[{"amount":1774.0,"safe_price":0.17513,"ft_order_side":"buy","order_filled_timestamp":1762142400000,"ft_is_entry":true,"ft_order_tag":"","cost":310.99130062},{"amount":1774.0,"safe_price":0.1754806106106106,"ft_order_side":"sell","order_filled_timestamp":1762171200000,"ft_is_entry":false,"ft_order_tag":"roi","cost":311.6139058264464}],"funding_fees":0.0,"weekday":0},{"pair":"DOGE/USDT","stake_amount":310.62669,"max_stake_amount":310.62669,"amount":1903.0,"open_date":"2025-11-06 08:00:00+00:00","close_date":"2025-11-06 10:00:00+00:00","open_rate":0.16323,"close_rate":0.16355678678678676,"fee_open":0.001,"fee_close":0.001,"trade_duration":120,"profit_ratio":0.0,"profit_abs":0.0,"exit_reason":"roi","initial_stop_loss_abs":0.15507,"initial_stop_loss_ratio":-0.05,"stop_loss_abs":0.15507,"stop_loss_ratio":-0.05,"min_rate":0.16216,"max_rate":0.16413,"is_open":false,"enter_tag":"","leverage":1.0,"is_short":false,"open_timestamp":1762416000000,"close_timestamp":1762423200000,"orders":[{"amount":1903.0,"safe_price":0.16323,"ft_order_side":"buy","order_filled_timestamp":1762416000000,"ft_is_entry":true,"ft_order_tag":"","cost":310.93731669},{"amount":1903.0,"safe_price":0.16355678678678676,"ft_order_side":"sell","order_filled_timestamp":1762423200000,"ft_is_entry":false,"ft_order_tag":"roi","cost":311.5598138205104}],"funding_fees":0.0,"weekday":3},{"pair":"DOGE/USDT","stake_amount":310.72828,"max_stake_amount":310.72828,"amount":1786.0,"open_date":"2025-11-08 16:00:00+00:00","close_date":"2025-11-08 18:00:00+00:00","open_rate":0.17398,"close_rate":0.17478,"fee_open":0.001,"fee_close":0.001,"trade_duration":120,"profit_ratio":0.0025910404114795425,"profit_abs":0.80591464,"exit_reason":"roi","initial_stop_loss_abs":0.16529,"initial_stop_loss_ratio":-0.05,"stop_loss_abs":0.16529,"stop_loss_ratio":-0.05,"min_rate":0.173,"max_rate":0.17599,"is_open":false,"enter_tag":"","leverage":1.0,"is_short":false,"open_timestamp":1762617600000,"close_timestamp":1762624800000,"orders":[{"amount":1786.0,"safe_price":0.17398,"ft_order_side":"buy","order_filled_timestamp":1762617600000,"ft_is_entry":true,"ft_order_tag":"","cost":311.03900827999996},{"amount":1786.0,"safe_price":0.17478,"ft_order_side":"sell","order_filled_timestamp":1762624800000,"ft_is_entry":false,"ft_order_tag":"roi","cost":312.46923707999997}],"funding_fees":0.0,"weekday":5},{"pair":"DOGE/USDT","stake_amount":310.91022,"max_stake_amount":310.91022,"amount":1746.0,"open_date":"2025-11-11 07:00:00+00:00","close_date":"2025-11-11 09:00:00+00:00","open_rate":0.17807,"close_rate":0.17842649649649647,"fee_open":0.001,"fee_close":0.001,"trade_duration":120,"profit_ratio":0.0,"profit_abs":0.0,"exit_reason":"roi","initial_stop_loss_abs":0.16917,"initial_stop_loss_ratio":-0.05,"stop_loss_abs":0.16917,"stop_loss_ratio":-0.05,"min_rate":0.17618,"max_rate":0.17859,"is_open":false,"enter_tag":"","leverage":1.0,"is_short":false,"open_timestamp":1762844400000,"close_timestamp":1762851600000,"orders":[{"amount":1746.0,"safe_price":0.17807,"ft_order_side":"buy","order_filled_timestamp":1762844400000,"ft_is_entry":true,"ft_order_tag":"","cost":311.22113022},{"amount":1746.0,"safe_price":0.17842649649649647,"ft_order_side":"sell","order_filled_timestamp":1762851600000,"ft_is_entry":false,"ft_order_tag":"roi","cost":311.8441955457657}],"funding_fees":0.0,"weekday":1},{"pair":"DOGE/USDT","stake_amount":311.04273,"max_stake_amount":311.04273,"amount":1797.0,"open_date":"2025-11-11 21:00:00+00:00","close_date":"2025-11-12 08:00:00+00:00","open_rate":0.17309,"close_rate":0.1734365265265265,"fee_open":0.001,"fee_close":0.001,"trade_duration":660,"profit_ratio":0.0,"profit_abs":0.0,"exit_reason":"roi","initial_stop_loss_abs":0.16444,"initial_stop_loss_ratio":-0.05,"stop_loss_abs":0.16444,"stop_loss_ratio":-0.05,"min_rate":0.17094,"max_rate":0.17459,"is_open":false,"enter_tag":"","leverage":1.0,"is_short":false,"open_timestamp":1762894800000,"close_timestamp":1762934400000,"orders":[{"amount":1797.0,"safe_price":0.17309,"ft_order_side":"buy","order_filled_timestamp":1762894800000,"ft_is_entry":true,"ft_order_tag":"","cost":311.35377272999995},{"amount":1797.0,"safe_price":0.1734365265265265,"ft_order_side":"sell","order_filled_timestamp":1762934400000,"ft_is_entry":false,"ft_order_tag":"roi","cost":311.97710360633624}],"funding_fees":0.0,"weekday":2},{"pair":"DOGE/USDT","stake_amount":311.01415,"max_stake_amount":311.01415,"amount":1835.0,"open_date":"2025-11-12 18:00:00+00:00","close_date":"2025-11-12 20:00:00+00:00","open_rate":0.16949,"close_rate":0.16982931931931933,"fee_open":0.001,"fee_close":0.001,"trade_duration":120,"profit_ratio":0.0,"profit_abs":0.0,"exit_reason":"roi","initial_stop_loss_abs":0.16102,"initial_stop_loss_ratio":-0.05,"stop_loss_abs":0.16102,"stop_loss_ratio":-0.05,"min_rate":0.16721,"max_rate":0.17097,"is_open":false,"enter_tag":"","leverage":1.0,"is_short":false,"open_timestamp":1762970400000,"close_timestamp":1762977600000,"orders":[{"amount":1835.0,"safe_price":0.16949,"ft_order_side":"buy","order_filled_timestamp":1762970400000,"ft_is_entry":true,"ft_order_tag":"","cost":311.32516415},{"amount":1835.0,"safe_price":0.16982931931931933,"ft_order_side":"sell","order_filled_timestamp":1762977600000,"ft_is_entry":false,"ft_order_tag":"roi","cost":311.94843775190185}],"funding_fees":0.0,"weekday":2},{"pair":"DOGE/USDT","stake_amount":311.00013,"max_stake_amount":311.00013,"amount":1877.0,"open_date":"2025-11-13 18:00:00+00:00","close_date":"2025-11-14 07:00:00+00:00","open_rate":0.16569,"close_rate":0.16602171171171168,"fee_open":0.001,"fee_close":0.001,"trade_duration":780,"profit_ratio":0.0,"profit_abs":0.0,"exit_reason":"roi","initial_stop_loss_abs":0.15741,"initial_stop_loss_ratio":-0.05,"stop_loss_abs":0.15741,"stop_loss_ratio":-0.05,"min_rate":0.1591,"max_rate":0.16628,"is_open":false,"enter_tag":"","leverage":1.0,"is_short":false,"open_timestamp":1763056800000,"close_timestamp":1763103600000,"orders":[{"amount":1877.0,"safe_price":0.16569,"ft_order_side":"buy","order_filled_timestamp":1763056800000,"ft_is_entry":true,"ft_order_tag":"","cost":311.31113013},{"amount":1877.0,"safe_price":0.16602171171171168,"ft_order_side":"sell","order_filled_timestamp":1763103600000,"ft_is_entry":false,"ft_order_tag":"roi","cost":311.93437563576566}],"funding_fees":0.0,"weekday":4},{"pair":"DOGE/USDT","stake_amount":311.0319,"max_stake_amount":311.0319,"amount":1935.0,"open_date":"2025-11-16 14:00:00+00:00","close_date":"2025-11-17 03:00:00+00:00","open_rate":0.16074,"close_rate":0.1610618018018018,"fee_open":0.001,"fee_close":0.001,"trade_duration":780,"profit_ratio":0.0,"profit_abs":0.0,"exit_reason":"roi","initial_stop_loss_abs":0.15271,"initial_stop_loss_ratio":-0.05,"stop_loss_abs":0.15271,"stop_loss_ratio":-0.05,"min_rate":0.1536,"max_rate":0.16217,"is_open":false,"enter_tag":"","leverage":1.0,"is_short":false,"open_timestamp":1763301600000,"close_timestamp":1763348400000,"orders":[{"amount":1935.0,"safe_price":0.16074,"ft_order_side":"buy","order_filled_timestamp":1763301600000,"ft_is_entry":true,"ft_order_tag":"","cost":311.3429319},{"amount":1935.0,"safe_price":0.1610618018018018,"ft_order_side":"sell","order_filled_timestamp":1763348400000,"ft_is_entry":false,"ft_order_tag":"roi","cost":311.96624107297293}],"funding_fees":0.0,"weekday":0},{"pair":"DOGE/USDT","stake_amount":310.97618,"max_stake_amount":310.97618,"amount":2042.0,"open_date":"2025-11-17 20:00:00+00:00","close_date":"2025-11-17 22:00:00+00:00","open_rate":0.15229,"close_rate":0.15259488488488487,"fee_open":0.001,"fee_close":0.001,"trade_duration":120,"profit_ratio":0.0,"profit_abs":0.0,"exit_reason":"roi","initial_stop_loss_abs":0.14468,"initial_stop_loss_ratio":-0.05,"stop_loss_abs":0.14468,"stop_loss_ratio":-0.05,"min_rate":0.15066,"max_rate":0.15342,"is_open":false,"enter_tag":"","leverage":1.0,"is_short":false,"open_timestamp":1763409600000,"close_timestamp":1763416800000,"orders":[{"amount":2042.0,"safe_price":0.15229,"ft_order_side":"buy","order_filled_timestamp":1763409600000,"ft_is_entry":true,"ft_order_tag":"","cost":311.28715617999995},{"amount":2042.0,"safe_price":0.15259488488488487,"ft_order_side":"sell","order_filled_timestamp":1763416800000,"ft_is_entry":false,"ft_order_tag":"roi","cost":311.9103536898698}],"funding_fees":0.0,"weekday":0},{"pair":"DOGE/USDT","stake_amount":310.9655,"max_stake_amount":310.9655,"amount":1987.0,"open_date":"2025-11-19 06:00:00+00:00","close_date":"2025-11-19 08:00:00+00:00","open_rate":0.1565,"close_rate":0.15894,"fee_open":0.001,"fee_close":0.001,"trade_duration":120,"profit_ratio":0.013561901357428515,"profit_abs":4.22150072,"exit_reason":"roi","initial_stop_loss_abs":0.14868,"initial_stop_loss_ratio":-0.05,"stop_loss_abs":0.14868,"stop_loss_ratio":-0.05,"min_rate":0.15583,"max_rate":0.15946,"is_open":false,"enter_tag":"","leverage":1.0,"is_short":false,"open_timestamp":1763532000000,"close_timestamp":1763539200000,"orders":[{"amount":1987.0,"safe_price":0.1565,"ft_order_side":"buy","order_filled_timestamp":1763532000000,"ft_is_entry":true,"ft_order_tag":"","cost":311.2764655},{"amount":1987.0,"safe_price":0.15894,"ft_order_side":"sell","order_filled_timestamp":1763539200000,"ft_is_entry":false,"ft_order_tag":"roi","cost":316.12959378}],"funding_fees":0.0,"weekday":2},{"pair":"DOGE/USDT","stake_amount":312.37449,"max_stake_amount":312.37449,"amount":2091.0,"open_date":"2025-11-19 18:00:00+00:00","close_date":"2025-11-19 20:00:00+00:00","open_rate":0.14939,"close_rate":0.14968907907907905,"fee_open":0.001,"fee_close":0.001,"trade_duration":120,"profit_ratio":0.0,"profit_abs":0.0,"exit_reason":"roi","initial_stop_loss_abs":0.14193,"initial_stop_loss_ratio":-0.05,"stop_loss_abs":0.14193,"stop_loss_ratio":-0.05,"min_rate":0.14712,"max_rate":0.15089,"is_open":false,"enter_tag":"","leverage":1.0,"is_short":false,"open_timestamp":1763575200000,"close_timestamp":1763582400000,"orders":[{"amount":2091.0,"safe_price":0.14939,"ft_order_side":"buy","order_filled_timestamp":1763575200000,"ft_is_entry":true,"ft_order_tag":"","cost":312.68686448999995},{"amount":2091.0,"safe_price":0.14968907907907905,"ft_order_side":"sell","order_filled_timestamp":1763582400000,"ft_is_entry":false,"ft_order_tag":"roi","cost":313.3128642187086}],"funding_fees":0.0,"weekday":2},{"pair":"DOGE/USDT","stake_amount":312.3396,"max_stake_amount":312.3396,"amount":2120.0,"open_date":"2025-11-20 19:00:00+00:00","close_date":"2025-11-20 21:00:00+00:00","open_rate":0.14733,"close_rate":0.14931,"fee_open":0.001,"fee_close":0.001,"trade_duration":120,"profit_ratio":0.011414364499275922,"profit_abs":3.5687232,"exit_reason":"roi","initial_stop_loss_abs":0.13997,"initial_stop_loss_ratio":-0.05,"stop_loss_abs":0.13997,"stop_loss_ratio":-0.05,"min_rate":0.14623,"max_rate":0.1523,"is_open":false,"enter_tag":"","leverage":1.0,"is_short":false,"open_timestamp":1763665200000,"close_timestamp":1763672400000,"orders":[{"amount":2120.0,"safe_price":0.14733,"ft_order_side":"buy","order_filled_timestamp":1763665200000,"ft_is_entry":true,"ft_order_tag":"","cost":312.65193959999993},{"amount":2120.0,"safe_price":0.14931,"ft_order_side":"sell","order_filled_timestamp":1763672400000,"ft_is_entry":false,"ft_order_tag":"roi","cost":316.85373719999996}],"funding_fees":0.0,"weekday":3},{"pair":"DOGE/USDT","stake_amount":313.59076,"max_stake_amount":313.59076,"amount":2114.0,"open_date":"2025-11-25 09:00:00+00:00","close_date":"2025-11-25 11:00:00+00:00","open_rate":0.14834,"close_rate":0.149,"fee_open":0.001,"fee_close":0.001,"trade_duration":120,"profit_ratio":0.002442346651595674,"profit_abs":0.76666324,"exit_reason":"roi","initial_stop_loss_abs":0.14093,"initial_stop_loss_ratio":-0.05,"stop_loss_abs":0.14093,"stop_loss_ratio":-0.05,"min_rate":0.14752,"max_rate":0.1491,"is_open":false,"enter_tag":"","leverage":1.0,"is_short":false,"open_timestamp":1764061200000,"close_timestamp":1764068400000,"orders":[{"amount":2114.0,"safe_price":0.14834,"ft_order_side":"buy","order_filled_timestamp":1764061200000,"ft_is_entry":true,"ft_order_tag":"","cost":313.90435075999994},{"amount":2114.0,"safe_price":0.149,"ft_order_side":"sell","order_filled_timestamp":1764068400000,"ft_is_entry":false,"ft_order_tag":"roi","cost":315.30098599999997}],"funding_fees":0.0,"weekday":1},{"pair":"DOGE/USDT","stake_amount":313.84872,"max_stake_amount":313.84872,"amount":2094.0,"open_date":"2025-11-26 12:00:00+00:00","close_date":"2025-11-26 14:00:00+00:00","open_rate":0.14988,"close_rate":0.15075,"fee_open":0.001,"fee_close":0.001,"trade_duration":120,"profit_ratio":0.0037950440272297757,"profit_abs":1.19226078,"exit_reason":"roi","initial_stop_loss_abs":0.14239,"initial_stop_loss_ratio":-0.05,"stop_loss_abs":0.14239,"stop_loss_ratio":-0.05,"min_rate":0.14862,"max_rate":0.152,"is_open":false,"enter_tag":"","leverage":1.0,"is_short":false,"open_timestamp":1764158400000,"close_timestamp":1764165600000,"orders":[{"amount":2094.0,"safe_price":0.14988,"ft_order_side":"buy","order_filled_timestamp":1764158400000,"ft_is_entry":true,"ft_order_tag":"","cost":314.16256871999997},{"amount":2094.0,"safe_price":0.15075,"ft_order_side":"sell","order_filled_timestamp":1764165600000,"ft_is_entry":false,"ft_order_tag":"roi","cost":315.98617049999996}],"funding_fees":0.0,"weekday":2},{"pair":"DOGE/USDT","stake_amount":314.24601,"max_stake_amount":314.24601,"amount":2067.0,"open_date":"2025-11-28 01:00:00+00:00","close_date":"2025-11-28 08:00:00+00:00","open_rate":0.15203,"close_rate":0.15233436436436434,"fee_open":0.001,"fee_close":0.001,"trade_duration":420,"profit_ratio":0.0,"profit_abs":0.0,"exit_reason":"roi","initial_stop_loss_abs":0.14443,"initial_stop_loss_ratio":-0.05,"stop_loss_abs":0.14443,"stop_loss_ratio":-0.05,"min_rate":0.14961,"max_rate":0.1532,"is_open":false,"enter_tag":"","leverage":1.0,"is_short":false,"open_timestamp":1764291600000,"close_timestamp":1764316800000,"orders":[{"amount":2067.0,"safe_price":0.15203,"ft_order_side":"buy","order_filled_timestamp":1764291600000,"ft_is_entry":true,"ft_order_tag":"","cost":314.56025601},{"amount":2067.0,"safe_price":0.15233436436436434,"ft_order_side":"sell","order_filled_timestamp":1764316800000,"ft_is_entry":false,"ft_order_tag":"roi","cost":315.1900062722822}],"funding_fees":0.0,"weekday":4},{"pair":"DOGE/USDT","stake_amount":314.21746,"max_stake_amount":314.21746,"amount":2098.0,"open_date":"2025-11-28 19:00:00+00:00","close_date":"2025-11-28 21:00:00+00:00","open_rate":0.14977,"close_rate":0.15093,"fee_open":0.001,"fee_close":0.001,"trade_duration":120,"profit_ratio":0.005731732379258585,"profit_abs":1.8028114,"exit_reason":"roi","initial_stop_loss_abs":0.14229,"initial_stop_loss_ratio":-0.05,"stop_loss_abs":0.14229,"stop_loss_ratio":-0.05,"min_rate":0.14964,"max_rate":0.15134,"is_open":false,"enter_tag":"","leverage":1.0,"is_short":false,"open_timestamp":1764356400000,"close_timestamp":1764363600000,"orders":[{"amount":2098.0,"safe_price":0.14977,"ft_order_side":"buy","order_filled_timestamp":1764356400000,"ft_is_entry":true,"ft_order_tag":"","cost":314.5316774599999},{"amount":2098.0,"safe_price":0.15093,"ft_order_side":"sell","order_filled_timestamp":1764363600000,"ft_is_entry":false,"ft_order_tag":"roi","cost":316.96779114}],"funding_fees":0.0,"weekday":4},{"pair":"DOGE/USDT","stake_amount":314.7312,"max_stake_amount":314.7312,"amount":2261.0,"open_date":"2025-12-01 02:00:00+00:00","close_date":"2025-12-01 15:00:00+00:00","open_rate":0.1392,"close_rate":0.13224,"fee_open":0.001,"fee_close":0.001,"trade_duration":780,"profit_ratio":-0.05189810189810191,"profit_abs":-16.35028584,"exit_reason":"stop_loss","initial_stop_loss_abs":0.13224,"initial_stop_loss_ratio":-0.05,"stop_loss_abs":0.13224,"stop_loss_ratio":-0.05,"min_rate":0.13177,"max_rate":0.1398,"is_open":false,"enter_tag":"","leverage":1.0,"is_short":false,"open_timestamp":1764554400000,"close_timestamp":1764601200000,"orders":[{"amount":2261.0,"safe_price":0.1392,"ft_order_side":"buy","order_filled_timestamp":1764554400000,"ft_is_entry":true,"ft_order_tag":"","cost":315.0459312},{"amount":2261.0,"safe_price":0.13224,"ft_order_side":"sell","order_filled_timestamp":1764601200000,"ft_is_entry":false,"ft_order_tag":"stop_loss","cost":299.29363464}],"funding_fees":0.0,"weekday":0},{"pair":"DOGE/USDT","stake_amount":309.3708,"max_stake_amount":309.3708,"amount":2060.0,"open_date":"2025-12-04 06:00:00+00:00","close_date":"2025-12-04 15:00:00+00:00","open_rate":0.15018,"close_rate":0.15048066066066065,"fee_open":0.001,"fee_close":0.001,"trade_duration":540,"profit_ratio":0.0,"profit_abs":0.0,"exit_reason":"roi","initial_stop_loss_abs":0.14268,"initial_stop_loss_ratio":-0.05,"stop_loss_abs":0.14268,"stop_loss_ratio":-0.05,"min_rate":0.14781,"max_rate":0.15103,"is_open":false,"enter_tag":"","leverage":1.0,"is_short":false,"open_timestamp":1764828000000,"close_timestamp":1764860400000,"orders":[{"amount":2060.0,"safe_price":0.15018,"ft_order_side":"buy","order_filled_timestamp":1764828000000,"ft_is_entry":true,"ft_order_tag":"","cost":309.6801708},{"amount":2060.0,"safe_price":0.15048066066066065,"ft_order_side":"sell","order_filled_timestamp":1764860400000,"ft_is_entry":false,"ft_order_tag":"roi","cost":310.3001511219219}],"funding_fees":0.0,"weekday":3},{"pair":"DOGE/USDT","stake_amount":309.44232,"max_stake_amount":309.44232,"amount":2136.0,"open_date":"2025-12-05 11:00:00+00:00","close_date":"2025-12-05 16:00:00+00:00","open_rate":0.14487,"close_rate":0.13763,"fee_open":0.001,"fee_close":0.001,"trade_duration":300,"profit_ratio":-0.051873990577655925,"profit_abs":-16.06806,"exit_reason":"stop_loss","initial_stop_loss_abs":0.13763,"initial_stop_loss_ratio":-0.05,"stop_loss_abs":0.13763,"stop_loss_ratio":-0.05,"min_rate":0.13756,"max_rate":0.145,"is_open":false,"enter_tag":"","leverage":1.0,"is_short":false,"open_timestamp":1764932400000,"close_timestamp":1764950400000,"orders":[{"amount":2136.0,"safe_price":0.14487,"ft_order_side":"buy","order_filled_timestamp":1764932400000,"ft_is_entry":true,"ft_order_tag":"","cost":309.75176231999995},{"amount":2136.0,"safe_price":0.13763,"ft_order_side":"sell","order_filled_timestamp":1764950400000,"ft_is_entry":false,"ft_order_tag":"stop_loss","cost":294.27165768}],"funding_fees":0.0,"weekday":4},{"pair":"DOGE/USDT","stake_amount":304.03632,"max_stake_amount":304.03632,"amount":2207.0,"open_date":"2025-12-05 19:00:00+00:00","close_date":"2025-12-05 21:00:00+00:00","open_rate":0.13776,"close_rate":0.13828,"fee_open":0.001,"fee_close":0.001,"trade_duration":120,"profit_ratio":0.0017691367865583895,"profit_abs":0.53841972,"exit_reason":"roi","initial_stop_loss_abs":0.13088,"initial_stop_loss_ratio":-0.05,"stop_loss_abs":0.13088,"stop_loss_ratio":-0.05,"min_rate":0.13722,"max_rate":0.13942,"is_open":false,"enter_tag":"","leverage":1.0,"is_short":false,"open_timestamp":1764961200000,"close_timestamp":1764968400000,"orders":[{"amount":2207.0,"safe_price":0.13776,"ft_order_side":"buy","order_filled_timestamp":1764961200000,"ft_is_entry":true,"ft_order_tag":"","cost":304.34035631999996},{"amount":2207.0,"safe_price":0.13828,"ft_order_side":"sell","order_filled_timestamp":1764968400000,"ft_is_entry":false,"ft_order_tag":"roi","cost":305.4891439599999}],"funding_fees":0.0,"weekday":4},{"pair":"DOGE/USDT","stake_amount":304.33508,"max_stake_amount":304.33508,"amount":2198.0,"open_date":"2025-12-06 09:00:00+00:00","close_date":"2025-12-06 11:00:00+00:00","open_rate":0.13846,"close_rate":0.1391,"fee_open":0.001,"fee_close":0.001,"trade_duration":120,"profit_ratio":0.0026150362709657813,"profit_abs":0.79664312,"exit_reason":"roi","initial_stop_loss_abs":0.13154,"initial_stop_loss_ratio":-0.05,"stop_loss_abs":0.13154,"stop_loss_ratio":-0.05,"min_rate":0.13845,"max_rate":0.13987,"is_open":false,"enter_tag":"","leverage":1.0,"is_short":false,"open_timestamp":1765011600000,"close_timestamp":1765018800000,"orders":[{"amount":2198.0,"safe_price":0.13846,"ft_order_side":"buy","order_filled_timestamp":1765011600000,"ft_is_entry":true,"ft_order_tag":"","cost":304.63941508},{"amount":2198.0,"safe_price":0.1391,"ft_order_side":"sell","order_filled_timestamp":1765018800000,"ft_is_entry":false,"ft_order_tag":"roi","cost":306.0475418}],"funding_fees":0.0,"weekday":5},{"pair":"DOGE/USDT","stake_amount":304.55625,"max_stake_amount":304.55625,"amount":2195.0,"open_date":"2025-12-07 10:00:00+00:00","close_date":"2025-12-07 12:00:00+00:00","open_rate":0.13875,"close_rate":0.13902777777777778,"fee_open":0.001,"fee_close":0.001,"trade_duration":120,"profit_ratio":0.0,"profit_abs":0.0,"exit_reason":"roi","initial_stop_loss_abs":0.13182,"initial_stop_loss_ratio":-0.05,"stop_loss_abs":0.13182,"stop_loss_ratio":-0.05,"min_rate":0.13864,"max_rate":0.1399,"is_open":false,"enter_tag":"","leverage":1.0,"is_short":false,"open_timestamp":1765101600000,"close_timestamp":1765108800000,"orders":[{"amount":2195.0,"safe_price":0.13875,"ft_order_side":"buy","order_filled_timestamp":1765101600000,"ft_is_entry":true,"ft_order_tag":"","cost":304.86080625},{"amount":2195.0,"safe_price":0.13902777777777778,"ft_order_side":"sell","order_filled_timestamp":1765108800000,"ft_is_entry":false,"ft_order_tag":"roi","cost":305.4711381944444}],"funding_fees":0.0,"weekday":6},{"pair":"DOGE/USDT","stake_amount":304.5396,"max_stake_amount":304.5396,"amount":2166.0,"open_date":"2025-12-09 03:00:00+00:00","close_date":"2025-12-09 07:00:00+00:00","open_rate":0.1406,"close_rate":0.14088148148148147,"fee_open":0.001,"fee_close":0.001,"trade_duration":240,"profit_ratio":0.0,"profit_abs":0.0,"exit_reason":"roi","initial_stop_loss_abs":0.13357,"initial_stop_loss_ratio":-0.05,"stop_loss_abs":0.13357,"stop_loss_ratio":-0.05,"min_rate":0.13942,"max_rate":0.14175,"is_open":false,"enter_tag":"","leverage":1.0,"is_short":false,"open_timestamp":1765249200000,"close_timestamp":1765263600000,"orders":[{"amount":2166.0,"safe_price":0.1406,"ft_order_side":"buy","order_filled_timestamp":1765249200000,"ft_is_entry":true,"ft_order_tag":"","cost":304.84413959999995},{"amount":2166.0,"safe_price":0.14088148148148147,"ft_order_side":"sell","order_filled_timestamp":1765263600000,"ft_is_entry":false,"ft_order_tag":"roi","cost":305.4544381777777}],"funding_fees":0.0,"weekday":1},{"pair":"DOGE/USDT","stake_amount":304.555,"max_stake_amount":304.555,"amount":2125.0,"open_date":"2025-12-11 00:00:00+00:00","close_date":"2025-12-12 15:00:00+00:00","open_rate":0.14332,"close_rate":0.13616,"fee_open":0.001,"fee_close":0.001,"trade_duration":2340,"profit_ratio":-0.051856321183700475,"profit_abs":-15.808895,"exit_reason":"stop_loss","initial_stop_loss_abs":0.13616,"initial_stop_loss_ratio":-0.05,"stop_loss_abs":0.13616,"stop_loss_ratio":-0.05,"min_rate":0.13503,"max_rate":0.1436,"is_open":false,"enter_tag":"","leverage":1.0,"is_short":false,"open_timestamp":1765411200000,"close_timestamp":1765551600000,"orders":[{"amount":2125.0,"safe_price":0.14332,"ft_order_side":"buy","order_filled_timestamp":1765411200000,"ft_is_entry":true,"ft_order_tag":"","cost":304.859555},{"amount":2125.0,"safe_price":0.13616,"ft_order_side":"sell","order_filled_timestamp":1765551600000,"ft_is_entry":false,"ft_order_tag":"stop_loss","cost":289.62934}],"funding_fees":0.0,"weekday":4},{"pair":"DOGE/USDT","stake_amount":299.33214,"max_stake_amount":299.33214,"amount":2206.0,"open_date":"2025-12-12 18:00:00+00:00","close_date":"2025-12-12 20:00:00+00:00","open_rate":0.13569,"close_rate":0.13609,"fee_open":0.001,"fee_close":0.001,"trade_duration":120,"profit_ratio":0.0009440040392947755,"profit_abs":0.28285332,"exit_reason":"roi","initial_stop_loss_abs":0.12891,"initial_stop_loss_ratio":-0.05,"stop_loss_abs":0.12891,"stop_loss_ratio":-0.05,"min_rate":0.13547,"max_rate":0.13728,"is_open":false,"enter_tag":"","leverage":1.0,"is_short":false,"open_timestamp":1765562400000,"close_timestamp":1765569600000,"orders":[{"amount":2206.0,"safe_price":0.13569,"ft_order_side":"buy","order_filled_timestamp":1765562400000,"ft_is_entry":true,"ft_order_tag":"","cost":299.63147214},{"amount":2206.0,"safe_price":0.13609,"ft_order_side":"sell","order_filled_timestamp":1765569600000,"ft_is_entry":false,"ft_order_tag":"roi","cost":300.51475453999996}],"funding_fees":0.0,"weekday":4},{"pair":"DOGE/USDT","stake_amount":299.38494,"max_stake_amount":299.38494,"amount":2309.0,"open_date":"2025-12-15 17:00:00+00:00","close_date":"2025-12-16 00:00:00+00:00","open_rate":0.12966,"close_rate":0.12991957957957956,"fee_open":0.001,"fee_close":0.001,"trade_duration":420,"profit_ratio":0.0,"profit_abs":0.0,"exit_reason":"roi","initial_stop_loss_abs":0.12318,"initial_stop_loss_ratio":-0.05,"stop_loss_abs":0.12318,"stop_loss_ratio":-0.05,"min_rate":0.12661,"max_rate":0.13014,"is_open":false,"enter_tag":"","leverage":1.0,"is_short":false,"open_timestamp":1765818000000,"close_timestamp":1765843200000,"orders":[{"amount":2309.0,"safe_price":0.12966,"ft_order_side":"buy","order_filled_timestamp":1765818000000,"ft_is_entry":true,"ft_order_tag":"","cost":299.68432493999995},{"amount":2309.0,"safe_price":0.12991957957957956,"ft_order_side":"sell","order_filled_timestamp":1765843200000,"ft_is_entry":false,"ft_order_tag":"roi","cost":300.2842935584984}],"funding_fees":0.0,"weekday":1},{"pair":"DOGE/USDT","stake_amount":299.3921,"max_stake_amount":299.3921,"amount":2363.0,"open_date":"2025-12-17 18:00:00+00:00","close_date":"2025-12-17 20:00:00+00:00","open_rate":0.1267,"close_rate":0.12695365365365363,"fee_open":0.001,"fee_close":0.001,"trade_duration":120,"profit_ratio":0.0,"profit_abs":0.0,"exit_reason":"roi","initial_stop_loss_abs":0.12037,"initial_stop_loss_ratio":-0.05,"stop_loss_abs":0.12037,"stop_loss_ratio":-0.05,"min_rate":0.12481,"max_rate":0.12782,"is_open":false,"enter_tag":"","leverage":1.0,"is_short":false,"open_timestamp":1765994400000,"close_timestamp":1766001600000,"orders":[{"amount":2363.0,"safe_price":0.1267,"ft_order_side":"buy","order_filled_timestamp":1765994400000,"ft_is_entry":true,"ft_order_tag":"","cost":299.6914921},{"amount":2363.0,"safe_price":0.12695365365365363,"ft_order_side":"sell","order_filled_timestamp":1766001600000,"ft_is_entry":false,"ft_order_tag":"roi","cost":300.2914750671671}],"funding_fees":0.0,"weekday":2},{"pair":"DOGE/USDT","stake_amount":299.41362,"max_stake_amount":299.41362,"amount":2479.0,"open_date":"2025-12-18 21:00:00+00:00","close_date":"2025-12-18 23:00:00+00:00","open_rate":0.12078,"close_rate":0.12302,"fee_open":0.001,"fee_close":0.001,"trade_duration":120,"profit_ratio":0.016511059730135738,"profit_abs":4.9485798,"exit_reason":"roi","initial_stop_loss_abs":0.11475,"initial_stop_loss_ratio":-0.05,"stop_loss_abs":0.11475,"stop_loss_ratio":-0.05,"min_rate":0.12077,"max_rate":0.12373,"is_open":false,"enter_tag":"","leverage":1.0,"is_short":false,"open_timestamp":1766091600000,"close_timestamp":1766098800000,"orders":[{"amount":2479.0,"safe_price":0.12078,"ft_order_side":"buy","order_filled_timestamp":1766091600000,"ft_is_entry":true,"ft_order_tag":"","cost":299.7130336199999},{"amount":2479.0,"safe_price":0.12302,"ft_order_side":"sell","order_filled_timestamp":1766098800000,"ft_is_entry":false,"ft_order_tag":"roi","cost":305.27154658}],"funding_fees":0.0,"weekday":3},{"pair":"DOGE/USDT","stake_amount":300.9976,"max_stake_amount":300.9976,"amount":2290.0,"open_date":"2025-12-22 22:00:00+00:00","close_date":"2025-12-23 00:00:00+00:00","open_rate":0.13144,"close_rate":0.13258,"fee_open":0.001,"fee_close":0.001,"trade_duration":120,"profit_ratio":0.006657827869026895,"profit_abs":2.0059942,"exit_reason":"roi","initial_stop_loss_abs":0.12487,"initial_stop_loss_ratio":-0.05,"stop_loss_abs":0.12487,"stop_loss_ratio":-0.05,"min_rate":0.13111,"max_rate":0.13342,"is_open":false,"enter_tag":"","leverage":1.0,"is_short":false,"open_timestamp":1766440800000,"close_timestamp":1766448000000,"orders":[{"amount":2290.0,"safe_price":0.13144,"ft_order_side":"buy","order_filled_timestamp":1766440800000,"ft_is_entry":true,"ft_order_tag":"","cost":301.29859759999994},{"amount":2290.0,"safe_price":0.13258,"ft_order_side":"sell","order_filled_timestamp":1766448000000,"ft_is_entry":false,"ft_order_tag":"roi","cost":303.9118082}],"funding_fees":0.0,"weekday":1},{"pair":"DOGE/USDT","stake_amount":301.7624,"max_stake_amount":301.7624,"amount":2320.0,"open_date":"2025-12-23 09:00:00+00:00","close_date":"2025-12-23 11:00:00+00:00","open_rate":0.13007,"close_rate":0.13085,"fee_open":0.001,"fee_close":0.001,"trade_duration":120,"profit_ratio":0.003986787411097399,"profit_abs":1.2042656,"exit_reason":"roi","initial_stop_loss_abs":0.12357,"initial_stop_loss_ratio":-0.05,"stop_loss_abs":0.12357,"stop_loss_ratio":-0.05,"min_rate":0.12997,"max_rate":0.1314,"is_open":false,"enter_tag":"","leverage":1.0,"is_short":false,"open_timestamp":1766480400000,"close_timestamp":1766487600000,"orders":[{"amount":2320.0,"safe_price":0.13007,"ft_order_side":"buy","order_filled_timestamp":1766480400000,"ft_is_entry":true,"ft_order_tag":"","cost":302.06416239999993},{"amount":2320.0,"safe_price":0.13085,"ft_order_side":"sell","order_filled_timestamp":1766487600000,"ft_is_entry":false,"ft_order_tag":"roi","cost":303.875572}],"funding_fees":0.0,"weekday":1},{"pair":"DOGE/USDT","stake_amount":302.06776,"max_stake_amount":302.06776,"amount":2374.0,"open_date":"2025-12-24 07:00:00+00:00","close_date":"2025-12-24 09:00:00+00:00","open_rate":0.12724,"close_rate":0.1274947347347347,"fee_open":0.001,"fee_close":0.001,"trade_duration":120,"profit_ratio":0.0,"profit_abs":0.0,"exit_reason":"roi","initial_stop_loss_abs":0.12088,"initial_stop_loss_ratio":-0.05,"stop_loss_abs":0.12088,"stop_loss_ratio":-0.05,"min_rate":0.12651,"max_rate":0.1277,"is_open":false,"enter_tag":"","leverage":1.0,"is_short":false,"open_timestamp":1766559600000,"close_timestamp":1766566800000,"orders":[{"amount":2374.0,"safe_price":0.12724,"ft_order_side":"buy","order_filled_timestamp":1766559600000,"ft_is_entry":true,"ft_order_tag":"","cost":302.3698277599999},{"amount":2374.0,"safe_price":0.1274947347347347,"ft_order_side":"sell","order_filled_timestamp":1766566800000,"ft_is_entry":false,"ft_order_tag":"roi","cost":302.97517276052037}],"funding_fees":0.0,"weekday":2},{"pair":"DOGE/USDT","stake_amount":302.16654,"max_stake_amount":302.16654,"amount":2502.0,"open_date":"2025-12-26 17:00:00+00:00","close_date":"2025-12-26 19:00:00+00:00","open_rate":0.12077,"close_rate":0.12186,"fee_open":0.001,"fee_close":0.001,"trade_duration":120,"profit_ratio":0.007009385414618501,"profit_abs":2.12011974,"exit_reason":"roi","initial_stop_loss_abs":0.11474,"initial_stop_loss_ratio":-0.05,"stop_loss_abs":0.11474,"stop_loss_ratio":-0.05,"min_rate":0.12068,"max_rate":0.12247,"is_open":false,"enter_tag":"","leverage":1.0,"is_short":false,"open_timestamp":1766768400000,"close_timestamp":1766775600000,"orders":[{"amount":2502.0,"safe_price":0.12077,"ft_order_side":"buy","order_filled_timestamp":1766768400000,"ft_is_entry":true,"ft_order_tag":"","cost":302.46870653999997},{"amount":2502.0,"safe_price":0.12186,"ft_order_side":"sell","order_filled_timestamp":1766775600000,"ft_is_entry":false,"ft_order_tag":"roi","cost":305.1986137199999}],"funding_fees":0.0,"weekday":4},{"pair":"DOGE/USDT","stake_amount":302.85018,"max_stake_amount":302.85018,"amount":2458.0,"open_date":"2025-12-28 21:00:00+00:00","close_date":"2025-12-28 23:00:00+00:00","open_rate":0.12321,"close_rate":0.12396,"fee_open":0.001,"fee_close":0.001,"trade_duration":120,"profit_ratio":0.004077004077004078,"profit_abs":1.23595614,"exit_reason":"roi","initial_stop_loss_abs":0.11705,"initial_stop_loss_ratio":-0.05,"stop_loss_abs":0.11705,"stop_loss_ratio":-0.05,"min_rate":0.12277,"max_rate":0.12411,"is_open":false,"enter_tag":"","leverage":1.0,"is_short":false,"open_timestamp":1766955600000,"close_timestamp":1766962800000,"orders":[{"amount":2458.0,"safe_price":0.12321,"ft_order_side":"buy","order_filled_timestamp":1766955600000,"ft_is_entry":true,"ft_order_tag":"","cost":303.15303018},{"amount":2458.0,"safe_price":0.12396,"ft_order_side":"sell","order_filled_timestamp":1766962800000,"ft_is_entry":false,"ft_order_tag":"roi","cost":304.99837368}],"funding_fees":0.0,"weekday":6},{"pair":"DOGE/USDT","stake_amount":303.1875,"max_stake_amount":303.1875,"amount":2475.0,"open_date":"2025-12-29 21:00:00+00:00","close_date":"2025-12-29 23:00:00+00:00","open_rate":0.1225,"close_rate":0.12289,"fee_open":0.001,"fee_close":0.001,"trade_duration":120,"profit_ratio":0.0011793104854329346,"profit_abs":0.35790975,"exit_reason":"roi","initial_stop_loss_abs":0.11638,"initial_stop_loss_ratio":-0.05,"stop_loss_abs":0.11638,"stop_loss_ratio":-0.05,"min_rate":0.12238,"max_rate":0.1233,"is_open":false,"enter_tag":"","leverage":1.0,"is_short":false,"open_timestamp":1767042000000,"close_timestamp":1767049200000,"orders":[{"amount":2475.0,"safe_price":0.1225,"ft_order_side":"buy","order_filled_timestamp":1767042000000,"ft_is_entry":true,"ft_order_tag":"","cost":303.4906875},{"amount":2475.0,"safe_price":0.12289,"ft_order_side":"sell","order_filled_timestamp":1767049200000,"ft_is_entry":false,"ft_order_tag":"roi","cost":304.45690275}],"funding_fees":0.0,"weekday":0},{"pair":"DOGE/USDT","stake_amount":303.28872,"max_stake_amount":303.28872,"amount":2473.0,"open_date":"2025-12-30 21:00:00+00:00","close_date":"2025-12-30 23:00:00+00:00","open_rate":0.12264,"close_rate":0.12326,"fee_open":0.001,"fee_close":0.001,"trade_duration":120,"profit_ratio":0.0030473440453870977,"profit_abs":0.9251493,"exit_reason":"roi","initial_stop_loss_abs":0.11651,"initial_stop_loss_ratio":-0.05,"stop_loss_abs":0.11651,"stop_loss_ratio":-0.05,"min_rate":0.12256,"max_rate":0.12347,"is_open":false,"enter_tag":"","leverage":1.0,"is_short":false,"open_timestamp":1767128400000,"close_timestamp":1767135600000,"orders":[{"amount":2473.0,"safe_price":0.12264,"ft_order_side":"buy","order_filled_timestamp":1767128400000,"ft_is_entry":true,"ft_order_tag":"","cost":303.59200871999997},{"amount":2473.0,"safe_price":0.12326,"ft_order_side":"sell","order_filled_timestamp":1767135600000,"ft_is_entry":false,"ft_order_tag":"roi","cost":305.12680198}],"funding_fees":0.0,"weekday":1},{"pair":"DOGE/USDT","stake_amount":303.58,"max_stake_amount":303.58,"amount":2150.0,"open_date":"2026-01-03 17:00:00+00:00","close_date":"2026-01-03 19:00:00+00:00","open_rate":0.1412,"close_rate":0.14182,"fee_open":0.001,"fee_close":0.001,"trade_duration":120,"profit_ratio":0.0023841597495988433,"profit_abs":0.724507,"exit_reason":"roi","initial_stop_loss_abs":0.13414,"initial_stop_loss_ratio":-0.05,"stop_loss_abs":0.13414,"stop_loss_ratio":-0.05,"min_rate":0.14074,"max_rate":0.14244,"is_open":false,"enter_tag":"","leverage":1.0,"is_short":false,"open_timestamp":1767459600000,"close_timestamp":1767466800000,"orders":[{"amount":2150.0,"safe_price":0.1412,"ft_order_side":"buy","order_filled_timestamp":1767459600000,"ft_is_entry":true,"ft_order_tag":"","cost":303.88357999999994},{"amount":2150.0,"safe_price":0.14182,"ft_order_side":"sell","order_filled_timestamp":1767466800000,"ft_is_entry":false,"ft_order_tag":"roi","cost":305.21791299999995}],"funding_fees":0.0,"weekday":5},{"pair":"DOGE/USDT","stake_amount":303.91036,"max_stake_amount":303.91036,"amount":2108.0,"open_date":"2026-01-06 18:00:00+00:00","close_date":"2026-01-06 20:00:00+00:00","open_rate":0.14417,"close_rate":0.14588,"fee_open":0.001,"fee_close":0.001,"trade_duration":120,"profit_ratio":0.009839297139012753,"profit_abs":2.9932546,"exit_reason":"roi","initial_stop_loss_abs":0.13697,"initial_stop_loss_ratio":-0.05,"stop_loss_abs":0.13697,"stop_loss_ratio":-0.05,"min_rate":0.14366,"max_rate":0.14743,"is_open":false,"enter_tag":"","leverage":1.0,"is_short":false,"open_timestamp":1767722400000,"close_timestamp":1767729600000,"orders":[{"amount":2108.0,"safe_price":0.14417,"ft_order_side":"buy","order_filled_timestamp":1767722400000,"ft_is_entry":true,"ft_order_tag":"","cost":304.21427035999994},{"amount":2108.0,"safe_price":0.14588,"ft_order_side":"sell","order_filled_timestamp":1767729600000,"ft_is_entry":false,"ft_order_tag":"roi","cost":307.82255503999994}],"funding_fees":0.0,"weekday":1}],"locks":[],"best_pair":{"key":"DOGE/USDT","trades":54,"profit_mean":-0.004369355628315054,"profit_mean_pct":-0.44,"profit_total_abs":-75.98538549999999,"profit_total":-0.07598538549999999,"profit_total_pct":-7.6,"duration_avg":"4:44:00","wins":26,"draws":20,"losses":8,"winrate":0.48148148148148145,"cagr":-0.25723168762573734,"expectancy":-1.4071367685185185,"expectancy_ratio":-0.46484820325455234,"sortino":-3.5392226426437077,"sharpe":-2.5070917035135922,"calmar":-15.430737118509697,"sqn":-1.7161,"profit_factor":0.3622746280317721,"max_drawdown_account":0.09698802070671472,"max_drawdown_abs":97.43955633000002},"worst_pair":{"key":"DOGE/USDT","trades":54,"profit_mean":-0.004369355628315054,"profit_mean_pct":-0.44,"profit_total_abs":-75.98538549999999,"profit_total":-0.07598538549999999,"profit_total_pct":-7.6,"duration_avg":"4:44:00","wins":26,"draws":20,"losses":8,"winrate":0.48148148148148145,"cagr":-0.25723168762573734,"expectancy":-1.4071367685185185,"expectancy_ratio":-0.46484820325455234,"sortino":-3.5392226426437077,"sharpe":-2.5070917035135922,"calmar":-15.430737118509697,"sqn":-1.7161,"profit_factor":0.3622746280317721,"max_drawdown_account":0.09698802070671472,"max_drawdown_abs":97.43955633000002},"results_per_pair":[{"key":"DOGE/USDT","trades":54,"profit_mean":-0.004369355628315054,"profit_mean_pct":-0.44,"profit_total_abs":-75.98538549999999,"profit_total":-0.07598538549999999,"profit_total_pct":-7.6,"duration_avg":"4:44:00","wins":26,"draws":20,"losses":8,"winrate":0.48148148148148145,"cagr":-0.25723168762573734,"expectancy":-1.4071367685185185,"expectancy_ratio":-0.46484820325455234,"sortino":-3.5392226426437077,"sharpe":-2.5070917035135922,"calmar":-15.430737118509697,"sqn":-1.7161,"profit_factor":0.3622746280317721,"max_drawdown_account":0.09698802070671472,"max_drawdown_abs":97.43955633000002},{"key":"TOTAL","trades":54,"profit_mean":-0.004369355628315054,"profit_mean_pct":-0.44,"profit_total_abs":-75.98538549999999,"profit_total":-0.07598538549999999,"profit_total_pct":-7.6,"duration_avg":"4:44:00","wins":26,"draws":20,"losses":8,"winrate":0.48148148148148145,"cagr":-0.25723168762573734,"expectancy":-1.4071367685185185,"expectancy_ratio":-0.46484820325455234,"sortino":-3.5392226426437077,"sharpe":-2.5070917035135922,"calmar":-15.430737118509697,"sqn":-1.7161,"profit_factor":0.3622746280317721,"max_drawdown_account":0.09698802070671472,"max_drawdown_abs":97.43955633000002}],"results_per_enter_tag":[{"key":"","trades":54,"profit_mean":-0.004369355628315054,"profit_mean_pct":-0.44,"profit_total_abs":-75.98538549999999,"profit_total":-0.07598538549999999,"profit_total_pct":-7.6,"duration_avg":"4:44:00","wins":26,"draws":20,"losses":8,"winrate":0.48148148148148145,"cagr":-0.25723168762573734,"expectancy":-1.4071367685185185,"expectancy_ratio":-0.46484820325455234,"sortino":-3.5392226426437077,"sharpe":-2.5070917035135922,"calmar":-15.430737118509697,"sqn":-1.7161,"profit_factor":0.3622746280317721,"max_drawdown_account":0.09698802070671472,"max_drawdown_abs":97.43955633000002},{"key":"TOTAL","trades":54,"profit_mean":-0.004369355628315054,"profit_mean_pct":-0.44,"profit_total_abs":-75.98538549999999,"profit_total":-0.07598538549999999,"profit_total_pct":-7.6,"duration_avg":"4:44:00","wins":26,"draws":20,"losses":8,"winrate":0.48148148148148145,"cagr":-0.25723168762573734,"expectancy":-1.4071367685185185,"expectancy_ratio":-0.46484820325455234,"sortino":-3.5392226426437077,"sharpe":-2.5070917035135922,"calmar":-15.430737118509697,"sqn":-1.7161,"profit_factor":0.3622746280317721,"max_drawdown_account":0.09698802070671472,"max_drawdown_abs":97.43955633000002}],"exit_reason_summary":[{"key":"roi","trades":46,"profit_mean":0.0030118777973330325,"profit_mean_pct":0.3,"profit_total_abs":43.165253379999996,"profit_total":0.04316525338,"profit_total_pct":4.32,"duration_avg":"3:42:00","wins":26,"draws":20,"losses":0,"winrate":0.5652173913043478,"cagr":0.17235916288883057,"expectancy":0.9383750734782609,"expectancy_ratio":100.0,"sortino":-100,"sharpe":6.748120219743574,"calmar":-100,"sqn":4.9964,"profit_factor":0.0,"max_drawdown_account":0.0,"max_drawdown_abs":0.0},{"key":"exit_signal","trades":1,"profit_mean":-0.011366500177051925,"profit_mean_pct":-1.14,"profit_total_abs":-3.76019413,"profit_total":-0.00376019413,"profit_total_pct":-0.38,"duration_avg":"18:00:00","wins":0,"draws":0,"losses":1,"winrate":0.0,"cagr":-0.014075848515900602,"expectancy":-3.76019413,"expectancy_ratio":-1.0,"sortino":-100,"sharpe":-100,"calmar":-19.69584863354956,"sqn":-100.0,"profit_factor":0.0,"max_drawdown_account":0.0037601941299999454,"max_drawdown_abs":3.76019413},{"key":"stop_loss","trades":7,"profit_mean":-0.0518750117756115,"profit_mean_pct":-5.19,"profit_total_abs":-115.39044475,"profit_total":-0.11539044475,"profit_total_pct":-11.54,"duration_avg":"9:43:00","wins":0,"draws":0,"losses":7,"winrate":0.0,"cagr":-0.36957647976580077,"expectancy":-16.48434925,"expectancy_ratio":-1.0,"sortino":-51.139292523024686,"sharpe":-51.139292523024686,"calmar":-19.69584863354927,"sqn":-90.8568,"profit_factor":0.0,"max_drawdown_account":0.11539044475000003,"max_drawdown_abs":115.39044475},{"key":"TOTAL","trades":54,"profit_mean":-0.004369355628315054,"profit_mean_pct":-0.44,"profit_total_abs":-75.98538549999999,"profit_total":-0.07598538549999999,"profit_total_pct":-7.6,"duration_avg":"4:44:00","wins":26,"draws":20,"losses":8,"winrate":0.48148148148148145,"cagr":-0.25723168762573734,"expectancy":-1.4071367685185185,"expectancy_ratio":-0.46484820325455234,"sortino":-3.5392226426437077,"sharpe":-2.5070917035135922,"calmar":-15.430737118509697,"sqn":-1.7161,"profit_factor":0.3622746280317721,"max_drawdown_account":0.09698802070671472,"max_drawdown_abs":97.43955633000002}],"mix_tag_stats":[{"key":["","roi"],"trades":46,"profit_mean":0.0030118777973330325,"profit_mean_pct":0.3,"profit_total_abs":43.165253379999996,"profit_total":0.04316525338,"profit_total_pct":4.32,"duration_avg":"3:42:00","wins":26,"draws":20,"losses":0,"winrate":0.5652173913043478,"cagr":0.17235916288883057,"expectancy":0.9383750734782609,"expectancy_ratio":100.0,"sortino":-100,"sharpe":6.748120219743574,"calmar":-100,"sqn":4.9964,"profit_factor":0.0,"max_drawdown_account":0.0,"max_drawdown_abs":0.0},{"key":["","exit_signal"],"trades":1,"profit_mean":-0.011366500177051925,"profit_mean_pct":-1.14,"profit_total_abs":-3.76019413,"profit_total":-0.00376019413,"profit_total_pct":-0.38,"duration_avg":"18:00:00","wins":0,"draws":0,"losses":1,"winrate":0.0,"cagr":-0.014075848515900602,"expectancy":-3.76019413,"expectancy_ratio":-1.0,"sortino":-100,"sharpe":-100,"calmar":-19.69584863354956,"sqn":-100.0,"profit_factor":0.0,"max_drawdown_account":0.0037601941299999454,"max_drawdown_abs":3.76019413},{"key":["","stop_loss"],"trades":7,"profit_mean":-0.0518750117756115,"profit_mean_pct":-5.19,"profit_total_abs":-115.39044475,"profit_total":-0.11539044475,"profit_total_pct":-11.54,"duration_avg":"9:43:00","wins":0,"draws":0,"losses":7,"winrate":0.0,"cagr":-0.36957647976580077,"expectancy":-16.48434925,"expectancy_ratio":-1.0,"sortino":-51.139292523024686,"sharpe":-51.139292523024686,"calmar":-19.69584863354927,"sqn":-90.8568,"profit_factor":0.0,"max_drawdown_account":0.11539044475000003,"max_drawdown_abs":115.39044475},{"key":"TOTAL","trades":54,"profit_mean":-0.004369355628315054,"profit_mean_pct":-0.44,"profit_total_abs":-75.98538549999999,"profit_total":-0.07598538549999999,"profit_total_pct":-7.6,"duration_avg":"4:44:00","wins":26,"draws":20,"losses":8,"winrate":0.48148148148148145,"cagr":-0.25723168762573734,"expectancy":-1.4071367685185185,"expectancy_ratio":-0.46484820325455234,"sortino":-3.5392226426437077,"sharpe":-2.5070917035135922,"calmar":-15.430737118509697,"sqn":-1.7161,"profit_factor":0.3622746280317721,"max_drawdown_account":0.09698802070671472,"max_drawdown_abs":97.43955633000002}],"left_open_trades":[{"key":"TOTAL","trades":0,"profit_mean":0.0,"profit_mean_pct":0.0,"profit_total_abs":0.0,"profit_total":0.0,"profit_total_pct":0.0,"duration_avg":"0:00","wins":0,"draws":0,"losses":0,"winrate":0.0,"cagr":0.0,"expectancy":0.0,"expectancy_ratio":100.0,"sortino":0,"sharpe":0,"calmar":0,"sqn":0.0,"profit_factor":0.0,"max_drawdown_account":0.0,"max_drawdown_abs":0.0}],"total_trades":54,"trade_count_long":54,"trade_count_short":0,"total_volume":33656.446862577075,"avg_stake_amount":311.7146907407408,"profit_mean":-0.004369355628315054,"profit_median":0.0,"profit_total":-0.07598538549999999,"profit_total_long":-0.07598538549999999,"profit_total_short":0.0,"profit_total_abs":-75.98538549999999,"profit_total_long_abs":-75.98538549999999,"profit_total_short_abs":0.0,"cagr":-0.25723168762573734,"expectancy":-1.4071367685185185,"expectancy_ratio":-0.46484820325455234,"sortino":-3.5392226426437077,"sharpe":-2.5070917035135922,"calmar":-15.430737118509697,"sqn":-1.7161,"profit_factor":0.3622746280317721,"backtest_start":"2025-10-01 00:00:00","backtest_start_ts":1759276800000,"backtest_end":"2026-01-06 20:00:00","backtest_end_ts":1767729600000,"backtest_days":97,"backtest_run_start_ts":1767745212,"backtest_run_end_ts":1767745212,"trades_per_day":0.56,"market_change":-0.36632086436227446,"pairlist":["DOGE/USDT"],"stake_amount":"unlimited","stake_currency":"USDT","stake_currency_decimals":3,"starting_balance":1000,"dry_run_wallet":1000,"final_balance":924.0146145,"rejected_signals":0,"timedout_entry_orders":0,"timedout_exit_orders":0,"canceled_trade_entries":0,"canceled_entry_orders":0,"replaced_entry_orders":0,"max_open_trades":1,"max_open_trades_setting":3,"timeframe":"1h","timeframe_detail":"","timerange":"20251001-","enable_protections":false,"strategy_name":"ACO_48_0","freqaimodel":null,"freqai_identifier":null,"stoploss":-0.05,"trailing_stop":false,"trailing_stop_positive":null,"trailing_stop_positive_offset":0.0,"trailing_only_offset_is_reached":false,"use_custom_stoploss":false,"minimal_roi":{"0":0.1,"60":0.05,"120":0.0},"use_exit_signal":true,"exit_profit_only":false,"exit_profit_offset":0.0,"ignore_roi_if_entry_signal":false,"trading_mode":"spot","margin_mode":"","periodic_breakdown":{"day":[{"date":"05/10/2025","date_ts":1759622400000,"profit_abs":0.0,"wins":0,"draws":1,"losses":0,"trades":1,"profit_factor":0.0},{"date":"06/10/2025","date_ts":1759708800000,"profit_abs":0.0,"wins":0,"draws":0,"losses":0,"trades":0,"profit_factor":0.0},{"date":"07/10/2025","date_ts":1759795200000,"profit_abs":1.7780019,"wins":1,"draws":0,"losses":0,"trades":1,"profit_factor":0.0},{"date":"08/10/2025","date_ts":1759881600000,"profit_abs":-3.76019413,"wins":0,"draws":0,"losses":1,"trades":1,"profit_factor":0.0},{"date":"09/10/2025","date_ts":1759968000000,"profit_abs":6.63777361,"wins":2,"draws":0,"losses":0,"trades":2,"profit_factor":0.0},{"date":"10/10/2025","date_ts":1760054400000,"profit_abs":-34.12380955,"wins":0,"draws":0,"losses":2,"trades":2,"profit_factor":0.0},{"date":"11/10/2025","date_ts":1760140800000,"profit_abs":0.0,"wins":0,"draws":0,"losses":0,"trades":0,"profit_factor":0.0},{"date":"12/10/2025","date_ts":1760227200000,"profit_abs":0.0,"wins":0,"draws":0,"losses":0,"trades":0,"profit_factor":0.0},{"date":"13/10/2025","date_ts":1760313600000,"profit_abs":0.0,"wins":0,"draws":0,"losses":0,"trades":0,"profit_factor":0.0},{"date":"14/10/2025","date_ts":1760400000000,"profit_abs":-15.75590223,"wins":1,"draws":0,"losses":1,"trades":2,"profit_factor":0.05249945},{"date":"15/10/2025","date_ts":1760486400000,"profit_abs":0.0,"wins":0,"draws":0,"losses":0,"trades":0,"profit_factor":0.0},{"date":"16/10/2025","date_ts":1760572800000,"profit_abs":0.0,"wins":0,"draws":0,"losses":0,"trades":0,"profit_factor":0.0},{"date":"17/10/2025","date_ts":1760659200000,"profit_abs":0.0,"wins":0,"draws":1,"losses":0,"trades":1,"profit_factor":0.0},{"date":"18/10/2025","date_ts":1760745600000,"profit_abs":0.0,"wins":0,"draws":0,"losses":0,"trades":0,"profit_factor":0.0},{"date":"19/10/2025","date_ts":1760832000000,"profit_abs":0.0,"wins":0,"draws":0,"losses":0,"trades":0,"profit_factor":0.0},{"date":"20/10/2025","date_ts":1760918400000,"profit_abs":0.0,"wins":0,"draws":0,"losses":0,"trades":0,"profit_factor":0.0},{"date":"21/10/2025","date_ts":1761004800000,"profit_abs":0.510027,"wins":1,"draws":0,"losses":0,"trades":1,"profit_factor":0.0},{"date":"22/10/2025","date_ts":1761091200000,"profit_abs":0.0,"wins":0,"draws":0,"losses":0,"trades":0,"profit_factor":0.0},{"date":"23/10/2025","date_ts":1761177600000,"profit_abs":0.0,"wins":0,"draws":0,"losses":0,"trades":0,"profit_factor":0.0},{"date":"24/10/2025","date_ts":1761264000000,"profit_abs":1.29203151,"wins":1,"draws":0,"losses":0,"trades":1,"profit_factor":0.0},{"date":"25/10/2025","date_ts":1761350400000,"profit_abs":0.0,"wins":0,"draws":0,"losses":0,"trades":0,"profit_factor":0.0},{"date":"26/10/2025","date_ts":1761436800000,"profit_abs":0.83988762,"wins":1,"draws":0,"losses":0,"trades":1,"profit_factor":0.0},{"date":"27/10/2025","date_ts":1761523200000,"profit_abs":0.0,"wins":0,"draws":1,"losses":0,"trades":1,"profit_factor":0.0},{"date":"28/10/2025","date_ts":1761609600000,"profit_abs":0.0,"wins":0,"draws":1,"losses":0,"trades":1,"profit_factor":0.0},{"date":"29/10/2025","date_ts":1761696000000,"profit_abs":0.7429968,"wins":1,"draws":0,"losses":0,"trades":1,"profit_factor":0.0},{"date":"30/10/2025","date_ts":1761782400000,"profit_abs":-16.41048346,"wins":0,"draws":0,"losses":1,"trades":1,"profit_factor":0.0},{"date":"31/10/2025","date_ts":1761868800000,"profit_abs":0.0,"wins":0,"draws":0,"losses":0,"trades":0,"profit_factor":0.0},{"date":"01/11/2025","date_ts":1761955200000,"profit_abs":0.0,"wins":0,"draws":0,"losses":0,"trades":0,"profit_factor":0.0},{"date":"02/11/2025","date_ts":1762041600000,"profit_abs":0.0,"wins":0,"draws":0,"losses":0,"trades":0,"profit_factor":0.0},{"date":"03/11/2025","date_ts":1762128000000,"profit_abs":0.0,"wins":0,"draws":1,"losses":0,"trades":1,"profit_factor":0.0},{"date":"04/11/2025","date_ts":1762214400000,"profit_abs":0.0,"wins":0,"draws":0,"losses":0,"trades":0,"profit_factor":0.0},{"date":"05/11/2025","date_ts":1762300800000,"profit_abs":0.0,"wins":0,"draws":0,"losses":0,"trades":0,"profit_factor":0.0},{"date":"06/11/2025","date_ts":1762387200000,"profit_abs":0.0,"wins":0,"draws":1,"losses":0,"trades":1,"profit_factor":0.0},{"date":"07/11/2025","date_ts":1762473600000,"profit_abs":0.0,"wins":0,"draws":0,"losses":0,"trades":0,"profit_factor":0.0},{"date":"08/11/2025","date_ts":1762560000000,"profit_abs":0.80591464,"wins":1,"draws":0,"losses":0,"trades":1,"profit_factor":0.0},{"date":"09/11/2025","date_ts":1762646400000,"profit_abs":0.0,"wins":0,"draws":0,"losses":0,"trades":0,"profit_factor":0.0},{"date":"10/11/2025","date_ts":1762732800000,"profit_abs":0.0,"wins":0,"draws":0,"losses":0,"trades":0,"profit_factor":0.0},{"date":"11/11/2025","date_ts":1762819200000,"profit_abs":0.0,"wins":0,"draws":1,"losses":0,"trades":1,"profit_factor":0.0},{"date":"12/11/2025","date_ts":1762905600000,"profit_abs":0.0,"wins":0,"draws":2,"losses":0,"trades":2,"profit_factor":0.0},{"date":"13/11/2025","date_ts":1762992000000,"profit_abs":0.0,"wins":0,"draws":0,"losses":0,"trades":0,"profit_factor":0.0},{"date":"14/11/2025","date_ts":1763078400000,"profit_abs":0.0,"wins":0,"draws":1,"losses":0,"trades":1,"profit_factor":0.0},{"date":"15/11/2025","date_ts":1763164800000,"profit_abs":0.0,"wins":0,"draws":0,"losses":0,"trades":0,"profit_factor":0.0},{"date":"16/11/2025","date_ts":1763251200000,"profit_abs":0.0,"wins":0,"draws":0,"losses":0,"trades":0,"profit_factor":0.0},{"date":"17/11/2025","date_ts":1763337600000,"profit_abs":0.0,"wins":0,"draws":2,"losses":0,"trades":2,"profit_factor":0.0},{"date":"18/11/2025","date_ts":1763424000000,"profit_abs":0.0,"wins":0,"draws":0,"losses":0,"trades":0,"profit_factor":0.0},{"date":"19/11/2025","date_ts":1763510400000,"profit_abs":4.22150072,"wins":1,"draws":1,"losses":0,"trades":2,"profit_factor":0.0},{"date":"20/11/2025","date_ts":1763596800000,"profit_abs":3.5687232,"wins":1,"draws":0,"losses":0,"trades":1,"profit_factor":0.0},{"date":"21/11/2025","date_ts":1763683200000,"profit_abs":0.0,"wins":0,"draws":0,"losses":0,"trades":0,"profit_factor":0.0},{"date":"22/11/2025","date_ts":1763769600000,"profit_abs":0.0,"wins":0,"draws":0,"losses":0,"trades":0,"profit_factor":0.0},{"date":"23/11/2025","date_ts":1763856000000,"profit_abs":0.0,"wins":0,"draws":0,"losses":0,"trades":0,"profit_factor":0.0},{"date":"24/11/2025","date_ts":1763942400000,"profit_abs":0.0,"wins":0,"draws":0,"losses":0,"trades":0,"profit_factor":0.0},{"date":"25/11/2025","date_ts":1764028800000,"profit_abs":0.76666324,"wins":1,"draws":0,"losses":0,"trades":1,"profit_factor":0.0},{"date":"26/11/2025","date_ts":1764115200000,"profit_abs":1.19226078,"wins":1,"draws":0,"losses":0,"trades":1,"profit_factor":0.0},{"date":"27/11/2025","date_ts":1764201600000,"profit_abs":0.0,"wins":0,"draws":0,"losses":0,"trades":0,"profit_factor":0.0},{"date":"28/11/2025","date_ts":1764288000000,"profit_abs":1.8028114,"wins":1,"draws":1,"losses":0,"trades":2,"profit_factor":0.0},{"date":"29/11/2025","date_ts":1764374400000,"profit_abs":0.0,"wins":0,"draws":0,"losses":0,"trades":0,"profit_factor":0.0},{"date":"30/11/2025","date_ts":1764460800000,"profit_abs":0.0,"wins":0,"draws":0,"losses":0,"trades":0,"profit_factor":0.0},{"date":"01/12/2025","date_ts":1764547200000,"profit_abs":-16.35028584,"wins":0,"draws":0,"losses":1,"trades":1,"profit_factor":0.0},{"date":"02/12/2025","date_ts":1764633600000,"profit_abs":0.0,"wins":0,"draws":0,"losses":0,"trades":0,"profit_factor":0.0},{"date":"03/12/2025","date_ts":1764720000000,"profit_abs":0.0,"wins":0,"draws":0,"losses":0,"trades":0,"profit_factor":0.0},{"date":"04/12/2025","date_ts":1764806400000,"profit_abs":0.0,"wins":0,"draws":1,"losses":0,"trades":1,"profit_factor":0.0},{"date":"05/12/2025","date_ts":1764892800000,"profit_abs":-15.52964028,"wins":1,"draws":0,"losses":1,"trades":2,"profit_factor":0.03350869},{"date":"06/12/2025","date_ts":1764979200000,"profit_abs":0.79664312,"wins":1,"draws":0,"losses":0,"trades":1,"profit_factor":0.0},{"date":"07/12/2025","date_ts":1765065600000,"profit_abs":0.0,"wins":0,"draws":1,"losses":0,"trades":1,"profit_factor":0.0},{"date":"08/12/2025","date_ts":1765152000000,"profit_abs":0.0,"wins":0,"draws":0,"losses":0,"trades":0,"profit_factor":0.0},{"date":"09/12/2025","date_ts":1765238400000,"profit_abs":0.0,"wins":0,"draws":1,"losses":0,"trades":1,"profit_factor":0.0},{"date":"10/12/2025","date_ts":1765324800000,"profit_abs":0.0,"wins":0,"draws":0,"losses":0,"trades":0,"profit_factor":0.0},{"date":"11/12/2025","date_ts":1765411200000,"profit_abs":0.0,"wins":0,"draws":0,"losses":0,"trades":0,"profit_factor":0.0},{"date":"12/12/2025","date_ts":1765497600000,"profit_abs":-15.52604168,"wins":1,"draws":0,"losses":1,"trades":2,"profit_factor":0.01789204},{"date":"13/12/2025","date_ts":1765584000000,"profit_abs":0.0,"wins":0,"draws":0,"losses":0,"trades":0,"profit_factor":0.0},{"date":"14/12/2025","date_ts":1765670400000,"profit_abs":0.0,"wins":0,"draws":0,"losses":0,"trades":0,"profit_factor":0.0},{"date":"15/12/2025","date_ts":1765756800000,"profit_abs":0.0,"wins":0,"draws":0,"losses":0,"trades":0,"profit_factor":0.0},{"date":"16/12/2025","date_ts":1765843200000,"profit_abs":0.0,"wins":0,"draws":1,"losses":0,"trades":1,"profit_factor":0.0},{"date":"17/12/2025","date_ts":1765929600000,"profit_abs":0.0,"wins":0,"draws":1,"losses":0,"trades":1,"profit_factor":0.0},{"date":"18/12/2025","date_ts":1766016000000,"profit_abs":4.9485798,"wins":1,"draws":0,"losses":0,"trades":1,"profit_factor":0.0},{"date":"19/12/2025","date_ts":1766102400000,"profit_abs":0.0,"wins":0,"draws":0,"losses":0,"trades":0,"profit_factor":0.0},{"date":"20/12/2025","date_ts":1766188800000,"profit_abs":0.0,"wins":0,"draws":0,"losses":0,"trades":0,"profit_factor":0.0},{"date":"21/12/2025","date_ts":1766275200000,"profit_abs":0.0,"wins":0,"draws":0,"losses":0,"trades":0,"profit_factor":0.0},{"date":"22/12/2025","date_ts":1766361600000,"profit_abs":0.0,"wins":0,"draws":0,"losses":0,"trades":0,"profit_factor":0.0},{"date":"23/12/2025","date_ts":1766448000000,"profit_abs":3.2102598,"wins":2,"draws":0,"losses":0,"trades":2,"profit_factor":0.0},{"date":"24/12/2025","date_ts":1766534400000,"profit_abs":0.0,"wins":0,"draws":1,"losses":0,"trades":1,"profit_factor":0.0},{"date":"25/12/2025","date_ts":1766620800000,"profit_abs":0.0,"wins":0,"draws":0,"losses":0,"trades":0,"profit_factor":0.0},{"date":"26/12/2025","date_ts":1766707200000,"profit_abs":2.12011974,"wins":1,"draws":0,"losses":0,"trades":1,"profit_factor":0.0},{"date":"27/12/2025","date_ts":1766793600000,"profit_abs":0.0,"wins":0,"draws":0,"losses":0,"trades":0,"profit_factor":0.0},{"date":"28/12/2025","date_ts":1766880000000,"profit_abs":1.23595614,"wins":1,"draws":0,"losses":0,"trades":1,"profit_factor":0.0},{"date":"29/12/2025","date_ts":1766966400000,"profit_abs":0.35790975,"wins":1,"draws":0,"losses":0,"trades":1,"profit_factor":0.0},{"date":"30/12/2025","date_ts":1767052800000,"profit_abs":0.9251493,"wins":1,"draws":0,"losses":0,"trades":1,"profit_factor":0.0},{"date":"31/12/2025","date_ts":1767139200000,"profit_abs":0.0,"wins":0,"draws":0,"losses":0,"trades":0,"profit_factor":0.0},{"date":"01/01/2026","date_ts":1767225600000,"profit_abs":0.0,"wins":0,"draws":0,"losses":0,"trades":0,"profit_factor":0.0},{"date":"02/01/2026","date_ts":1767312000000,"profit_abs":0.0,"wins":0,"draws":0,"losses":0,"trades":0,"profit_factor":0.0},{"date":"03/01/2026","date_ts":1767398400000,"profit_abs":0.724507,"wins":1,"draws":0,"losses":0,"trades":1,"profit_factor":0.0},{"date":"04/01/2026","date_ts":1767484800000,"profit_abs":0.0,"wins":0,"draws":0,"losses":0,"trades":0,"profit_factor":0.0},{"date":"05/01/2026","date_ts":1767571200000,"profit_abs":0.0,"wins":0,"draws":0,"losses":0,"trades":0,"profit_factor":0.0},{"date":"06/01/2026","date_ts":1767657600000,"profit_abs":2.9932546,"wins":1,"draws":0,"losses":0,"trades":1,"profit_factor":0.0}],"week":[{"date":"06/10/2025","date_ts":1759708800000,"profit_abs":0.0,"wins":0,"draws":1,"losses":0,"trades":1,"profit_factor":0.0},{"date":"13/10/2025","date_ts":1760313600000,"profit_abs":-29.46822817,"wins":3,"draws":0,"losses":3,"trades":6,"profit_factor":0.22214588},{"date":"20/10/2025","date_ts":1760918400000,"profit_abs":-15.75590223,"wins":1,"draws":1,"losses":1,"trades":3,"profit_factor":0.05249945},{"date":"27/10/2025","date_ts":1761523200000,"profit_abs":2.64194613,"wins":3,"draws":1,"losses":0,"trades":4,"profit_factor":0.0},{"date":"03/11/2025","date_ts":1762128000000,"profit_abs":-15.66748666,"wins":1,"draws":2,"losses":1,"trades":4,"profit_factor":0.04527574},{"date":"10/11/2025","date_ts":1762732800000,"profit_abs":0.80591464,"wins":1,"draws":1,"losses":0,"trades":2,"profit_factor":0.0},{"date":"17/11/2025","date_ts":1763337600000,"profit_abs":0.0,"wins":0,"draws":6,"losses":0,"trades":6,"profit_factor":0.0},{"date":"24/11/2025","date_ts":1763942400000,"profit_abs":7.79022392,"wins":2,"draws":1,"losses":0,"trades":3,"profit_factor":0.0},{"date":"01/12/2025","date_ts":1764547200000,"profit_abs":-12.58855042,"wins":3,"draws":1,"losses":1,"trades":5,"profit_factor":0.23007154},{"date":"08/12/2025","date_ts":1765152000000,"profit_abs":-14.73299716,"wins":2,"draws":2,"losses":1,"trades":5,"profit_factor":0.08308799},{"date":"15/12/2025","date_ts":1765756800000,"profit_abs":-15.52604168,"wins":1,"draws":1,"losses":1,"trades":3,"profit_factor":0.01789204},{"date":"22/12/2025","date_ts":1766361600000,"profit_abs":4.9485798,"wins":1,"draws":2,"losses":0,"trades":3,"profit_factor":0.0},{"date":"29/12/2025","date_ts":1766966400000,"profit_abs":6.92424543,"wins":5,"draws":1,"losses":0,"trades":6,"profit_factor":0.0},{"date":"05/01/2026","date_ts":1767571200000,"profit_abs":1.6496563,"wins":2,"draws":0,"losses":0,"trades":2,"profit_factor":0.0},{"date":"12/01/2026","date_ts":1768176000000,"profit_abs":2.9932546,"wins":1,"draws":0,"losses":0,"trades":1,"profit_factor":0.0}],"month":[{"date":"31/10/2025","date_ts":1761868800000,"profit_abs":-58.24967093,"wins":8,"draws":4,"losses":5,"trades":17,"profit_factor":0.17869599},{"date":"30/11/2025","date_ts":1764460800000,"profit_abs":12.35787398,"wins":6,"draws":10,"losses":0,"trades":16,"profit_factor":0.0},{"date":"31/12/2025","date_ts":1767139200000,"profit_abs":-33.81135015,"wins":10,"draws":6,"losses":3,"trades":19,"profit_factor":0.29891593},{"date":"31/01/2026","date_ts":1769817600000,"profit_abs":3.7177616,"wins":2,"draws":0,"losses":0,"trades":2,"profit_factor":0.0}],"year":[{"date":"31/12/2025","date_ts":1767139200000,"profit_abs":-79.7031471,"wins":24,"draws":20,"losses":8,"trades":52,"profit_factor":0.33107243},{"date":"31/12/2026","date_ts":1798675200000,"profit_abs":3.7177616,"wins":2,"draws":0,"losses":0,"trades":2,"profit_factor":0.0}],"weekday":[{"date":"Monday","date_ts":0,"profit_abs":-15.99237609,"wins":1,"draws":4,"losses":1,"trades":6,"profit_factor":0.02189012},{"date":"Tuesday","date_ts":1,"profit_abs":-5.57254639,"wins":8,"draws":4,"losses":1,"trades":13,"profit_factor":0.66488807},{"date":"Wednesday","date_ts":2,"profit_abs":2.39656417,"wins":3,"draws":5,"losses":1,"trades":9,"profit_factor":1.63735118},{"date":"Thursday","date_ts":3,"profit_abs":-1.25540685,"wins":4,"draws":2,"losses":1,"trades":7,"profit_factor":0.9234997},{"date":"Friday","date_ts":4,"profit_abs":-59.96452886,"wins":5,"draws":3,"losses":4,"trades":12,"profit_factor":0.09145706},{"date":"Saturday","date_ts":5,"profit_abs":2.32706476,"wins":3,"draws":0,"losses":0,"trades":3,"profit_factor":0.0},{"date":"Sunday","date_ts":6,"profit_abs":2.07584376,"wins":2,"draws":2,"losses":0,"trades":4,"profit_factor":0.0}]},"backtest_best_day":0.020110810068260723,"backtest_worst_day":-0.1037596655356559,"backtest_best_day_abs":6.63777361,"backtest_worst_day_abs":-34.12380955,"winning_days":21,"draw_days":66,"losing_days":7,"daily_profit":[["2025-10-05",0.0],["2025-10-06",0.0],["2025-10-07",1.7780019],["2025-10-08",-3.76019413],["2025-10-09",6.63777361],["2025-10-10",-34.12380955],["2025-10-11",0.0],["2025-10-12",0.0],["2025-10-13",0.0],["2025-10-14",-15.75590223],["2025-10-15",0.0],["2025-10-16",0.0],["2025-10-17",0.0],["2025-10-18",0.0],["2025-10-19",0.0],["2025-10-20",0.0],["2025-10-21",0.510027],["2025-10-22",0.0],["2025-10-23",0.0],["2025-10-24",1.29203151],["2025-10-25",0.0],["2025-10-26",0.83988762],["2025-10-27",0.0],["2025-10-28",0.0],["2025-10-29",0.7429968],["2025-10-30",-16.41048346],["2025-10-31",0.0],["2025-11-01",0.0],["2025-11-02",0.0],["2025-11-03",0.0],["2025-11-04",0.0],["2025-11-05",0.0],["2025-11-06",0.0],["2025-11-07",0.0],["2025-11-08",0.80591464],["2025-11-09",0.0],["2025-11-10",0.0],["2025-11-11",0.0],["2025-11-12",0.0],["2025-11-13",0.0],["2025-11-14",0.0],["2025-11-15",0.0],["2025-11-16",0.0],["2025-11-17",0.0],["2025-11-18",0.0],["2025-11-19",4.22150072],["2025-11-20",3.5687232],["2025-11-21",0.0],["2025-11-22",0.0],["2025-11-23",0.0],["2025-11-24",0.0],["2025-11-25",0.76666324],["2025-11-26",1.19226078],["2025-11-27",0.0],["2025-11-28",1.8028114],["2025-11-29",0.0],["2025-11-30",0.0],["2025-12-01",-16.35028584],["2025-12-02",0.0],["2025-12-03",0.0],["2025-12-04",0.0],["2025-12-05",-15.52964028],["2025-12-06",0.79664312],["2025-12-07",0.0],["2025-12-08",0.0],["2025-12-09",0.0],["2025-12-10",0.0],["2025-12-11",0.0],["2025-12-12",-15.52604168],["2025-12-13",0.0],["2025-12-14",0.0],["2025-12-15",0.0],["2025-12-16",0.0],["2025-12-17",0.0],["2025-12-18",4.9485798],["2025-12-19",0.0],["2025-12-20",0.0],["2025-12-21",0.0],["2025-12-22",0.0],["2025-12-23",3.2102598],["2025-12-24",0.0],["2025-12-25",0.0],["2025-12-26",2.12011974],["2025-12-27",0.0],["2025-12-28",1.23595614],["2025-12-29",0.35790975],["2025-12-30",0.9251493],["2025-12-31",0.0],["2026-01-01",0.0],["2026-01-02",0.0],["2026-01-03",0.724507],["2026-01-04",0.0],["2026-01-05",0.0],["2026-01-06",2.9932546]],"wins":26,"losses":8,"draws":20,"winrate":0.48148148148148145,"holding_avg":"4:44:00","holding_avg_s":17040.0,"winner_holding_min":"0d 02:00","winner_holding_min_s":7200.0,"winner_holding_max":"0d 02:00","winner_holding_max_s":7200.0,"winner_holding_avg":"0d 02:00","winner_holding_avg_s":7200.0,"loser_holding_min":"0d 00:00","loser_holding_min_s":0.0,"loser_holding_max":"1d 15:00","loser_holding_max_s":140400.0,"loser_holding_avg":"0d 10:45","loser_holding_avg_s":38700.0,"max_consecutive_wins":6,"max_consecutive_losses":6,"max_drawdown_account":0.09698802070671472,"max_relative_drawdown":0.09698802070671472,"max_drawdown_abs":97.43955633000002,"drawdown_start":"2025-10-09 11:00:00","drawdown_start_ts":1760007600000.0,"drawdown_end":"2025-12-12 15:00:00","drawdown_end_ts":1765551600000.0,"drawdown_duration":"64 days 04:00:00","drawdown_duration_s":5544000.0,"max_drawdown_low":-92.78397495000002,"max_drawdown_high":4.65558138,"csum_min":907.21602505,"csum_max":1004.65558138}},"strategy_comparison":[{"key":"ACO_48_0","trades":54,"profit_mean":-0.004369355628315054,"profit_mean_pct":-0.44,"profit_total_abs":-75.98538549999999,"profit_total":-0.07598538549999999,"profit_total_pct":-7.6,"duration_avg":"4:44:00","wins":26,"draws":20,"losses":8,"winrate":0.48148148148148145,"cagr":-0.25723168762573734,"expectancy":-1.4071367685185185,"expectancy_ratio":-0.46484820325455234,"sortino":-3.5392226426437077,"sharpe":-2.5070917035135922,"calmar":-15.430737118509697,"sqn":-1.7161,"profit_factor":0.3622746280317721,"max_drawdown_account":0.09698802070671472,"max_drawdown_abs":"97.44"}]}