{"strategy":{"ACO_76_7":{"trades":[{"pair":"DOGE/USDT","stake_amount":329.946,"max_stake_amount":329.946,"amount":1270.0,"open_date":"2025-10-03 19:00:00+00:00","close_date":"2025-10-03 21:00:00+00:00","open_rate":0.2598,"close_rate":0.26032012012012007,"fee_open":0.001,"fee_close":0.001,"trade_duration":120,"profit_ratio":0.0,"profit_abs":0.0,"exit_reason":"roi","initial_stop_loss_abs":0.24681,"initial_stop_loss_ratio":-0.05,"stop_loss_abs":0.24681,"stop_loss_ratio":-0.05,"min_rate":0.25796,"max_rate":0.26123,"is_open":false,"enter_tag":"","leverage":1.0,"is_short":false,"open_timestamp":1759518000000,"close_timestamp":1759525200000,"orders":[{"amount":1270.0,"safe_price":0.2598,"ft_order_side":"buy","order_filled_timestamp":1759518000000,"ft_is_entry":true,"ft_order_tag":"","cost":330.2759459999999},{"amount":1270.0,"safe_price":0.26032012012012007,"ft_order_side":"sell","order_filled_timestamp":1759525200000,"ft_is_entry":false,"ft_order_tag":"roi","cost":330.937159105105}],"funding_fees":0.0,"weekday":4},{"pair":"DOGE/USDT","stake_amount":329.93064,"max_stake_amount":329.93064,"amount":1313.0,"open_date":"2025-10-10 04:00:00+00:00","close_date":"2025-10-10 06:00:00+00:00","open_rate":0.25128,"close_rate":0.25199,"fee_open":0.001,"fee_close":0.001,"trade_duration":120,"profit_ratio":0.0008218858505391456,"profit_abs":0.27143649,"exit_reason":"exit_signal","initial_stop_loss_abs":0.23872,"initial_stop_loss_ratio":-0.05,"stop_loss_abs":0.23872,"stop_loss_ratio":-0.05,"min_rate":0.24856,"max_rate":0.25296,"is_open":false,"enter_tag":"","leverage":1.0,"is_short":false,"open_timestamp":1760068800000,"close_timestamp":1760076000000,"orders":[{"amount":1313.0,"safe_price":0.25128,"ft_order_side":"buy","order_filled_timestamp":1760068800000,"ft_is_entry":true,"ft_order_tag":"","cost":330.26057063999997},{"amount":1313.0,"safe_price":0.25199,"ft_order_side":"sell","order_filled_timestamp":1760076000000,"ft_is_entry":false,"ft_order_tag":"exit_signal","cost":331.19373286999996}],"funding_fees":0.0,"weekday":4},{"pair":"DOGE/USDT","stake_amount":329.84224,"max_stake_amount":329.84224,"amount":1316.0,"open_date":"2025-10-10 11:00:00+00:00","close_date":"2025-10-10 13:00:00+00:00","open_rate":0.25064,"close_rate":0.2511417817817817,"fee_open":0.001,"fee_close":0.001,"trade_duration":120,"profit_ratio":0.0,"profit_abs":0.0,"exit_reason":"roi","initial_stop_loss_abs":0.23811,"initial_stop_loss_ratio":-0.05,"stop_loss_abs":0.23811,"stop_loss_ratio":-0.05,"min_rate":0.24958,"max_rate":0.25403,"is_open":false,"enter_tag":"","leverage":1.0,"is_short":false,"open_timestamp":1760094000000,"close_timestamp":1760101200000,"orders":[{"amount":1316.0,"safe_price":0.25064,"ft_order_side":"buy","order_filled_timestamp":1760094000000,"ft_is_entry":true,"ft_order_tag":"","cost":330.1720822399999},{"amount":1316.0,"safe_price":0.2511417817817817,"ft_order_side":"sell","order_filled_timestamp":1760101200000,"ft_is_entry":false,"ft_order_tag":"roi","cost":330.8330874096495}],"funding_fees":0.0,"weekday":4},{"pair":"DOGE/USDT","stake_amount":329.90748,"max_stake_amount":329.90748,"amount":1682.0,"open_date":"2025-10-12 15:00:00+00:00","close_date":"2025-10-12 16:00:00+00:00","open_rate":0.19614,"close_rate":0.20514,"fee_open":0.001,"fee_close":0.001,"trade_duration":60,"profit_ratio":0.043795910421789895,"profit_abs":14.46304704,"exit_reason":"exit_signal","initial_stop_loss_abs":0.18634,"initial_stop_loss_ratio":-0.05,"stop_loss_abs":0.18634,"stop_loss_ratio":-0.05,"min_rate":0.19562,"max_rate":0.2095,"is_open":false,"enter_tag":"","leverage":1.0,"is_short":false,"open_timestamp":1760281200000,"close_timestamp":1760284800000,"orders":[{"amount":1682.0,"safe_price":0.19614,"ft_order_side":"buy","order_filled_timestamp":1760281200000,"ft_is_entry":true,"ft_order_tag":"","cost":330.23738748},{"amount":1682.0,"safe_price":0.20514,"ft_order_side":"sell","order_filled_timestamp":1760284800000,"ft_is_entry":false,"ft_order_tag":"exit_signal","cost":345.39052547999995}],"funding_fees":0.0,"weekday":6},{"pair":"DOGE/USDT","stake_amount":334.84581,"max_stake_amount":334.84581,"amount":1781.0,"open_date":"2025-10-18 12:00:00+00:00","close_date":"2025-10-18 17:00:00+00:00","open_rate":0.18801,"close_rate":0.1883863963963964,"fee_open":0.001,"fee_close":0.001,"trade_duration":300,"profit_ratio":0.0,"profit_abs":0.0,"exit_reason":"roi","initial_stop_loss_abs":0.17861,"initial_stop_loss_ratio":-0.05,"stop_loss_abs":0.17861,"stop_loss_ratio":-0.05,"min_rate":0.18586,"max_rate":0.1903,"is_open":false,"enter_tag":"","leverage":1.0,"is_short":false,"open_timestamp":1760788800000,"close_timestamp":1760806800000,"orders":[{"amount":1781.0,"safe_price":0.18801,"ft_order_side":"buy","order_filled_timestamp":1760788800000,"ft_is_entry":true,"ft_order_tag":"","cost":335.18065581},{"amount":1781.0,"safe_price":0.1883863963963964,"ft_order_side":"sell","order_filled_timestamp":1760806800000,"ft_is_entry":false,"ft_order_tag":"roi","cost":335.85168815396395}],"funding_fees":0.0,"weekday":5},{"pair":"DOGE/USDT","stake_amount":334.72318,"max_stake_amount":334.72318,"amount":1763.0,"open_date":"2025-10-19 10:00:00+00:00","close_date":"2025-10-19 11:00:00+00:00","open_rate":0.18986,"close_rate":0.19429,"fee_open":0.001,"fee_close":0.001,"trade_duration":60,"profit_ratio":0.021288360854356852,"profit_abs":7.13283355,"exit_reason":"exit_signal","initial_stop_loss_abs":0.18037,"initial_stop_loss_ratio":-0.05,"stop_loss_abs":0.18037,"stop_loss_ratio":-0.05,"min_rate":0.18895,"max_rate":0.1968,"is_open":false,"enter_tag":"","leverage":1.0,"is_short":false,"open_timestamp":1760868000000,"close_timestamp":1760871600000,"orders":[{"amount":1763.0,"safe_price":0.18986,"ft_order_side":"buy","order_filled_timestamp":1760868000000,"ft_is_entry":true,"ft_order_tag":"","cost":335.05790318},{"amount":1763.0,"safe_price":0.19429,"ft_order_side":"sell","order_filled_timestamp":1760871600000,"ft_is_entry":false,"ft_order_tag":"exit_signal","cost":342.87580326999995}],"funding_fees":0.0,"weekday":6},{"pair":"DOGE/USDT","stake_amount":337.06152,"max_stake_amount":337.06152,"amount":1719.0,"open_date":"2025-10-24 19:00:00+00:00","close_date":"2025-10-24 21:00:00+00:00","open_rate":0.19608,"close_rate":0.19762,"fee_open":0.001,"fee_close":0.001,"trade_duration":120,"profit_ratio":0.0058402429883458035,"profit_abs":1.9704897,"exit_reason":"exit_signal","initial_stop_loss_abs":0.18628,"initial_stop_loss_ratio":-0.05,"stop_loss_abs":0.18628,"stop_loss_ratio":-0.05,"min_rate":0.19603,"max_rate":0.19819,"is_open":false,"enter_tag":"","leverage":1.0,"is_short":false,"open_timestamp":1761332400000,"close_timestamp":1761339600000,"orders":[{"amount":1719.0,"safe_price":0.19608,"ft_order_side":"buy","order_filled_timestamp":1761332400000,"ft_is_entry":true,"ft_order_tag":"","cost":337.39858152},{"amount":1719.0,"safe_price":0.19762,"ft_order_side":"sell","order_filled_timestamp":1761339600000,"ft_is_entry":false,"ft_order_tag":"exit_signal","cost":340.04848877999996}],"funding_fees":0.0,"weekday":4},{"pair":"DOGE/USDT","stake_amount":337.77402,"max_stake_amount":337.77402,"amount":1803.0,"open_date":"2025-11-01 16:00:00+00:00","close_date":"2025-11-01 17:00:00+00:00","open_rate":0.18734,"close_rate":0.18739,"fee_open":0.001,"fee_close":0.001,"trade_duration":60,"profit_ratio":-0.0017316408370107526,"profit_abs":-0.58548819,"exit_reason":"exit_signal","initial_stop_loss_abs":0.17798,"initial_stop_loss_ratio":-0.05,"stop_loss_abs":0.17798,"stop_loss_ratio":-0.05,"min_rate":0.18664,"max_rate":0.18789,"is_open":false,"enter_tag":"","leverage":1.0,"is_short":false,"open_timestamp":1762012800000,"close_timestamp":1762016400000,"orders":[{"amount":1803.0,"safe_price":0.18734,"ft_order_side":"buy","order_filled_timestamp":1762012800000,"ft_is_entry":true,"ft_order_tag":"","cost":338.11179402},{"amount":1803.0,"safe_price":0.18739,"ft_order_side":"sell","order_filled_timestamp":1762016400000,"ft_is_entry":false,"ft_order_tag":"exit_signal","cost":338.20203417}],"funding_fees":0.0,"weekday":5},{"pair":"DOGE/USDT","stake_amount":337.6186,"max_stake_amount":337.6186,"amount":1804.0,"open_date":"2025-11-01 19:00:00+00:00","close_date":"2025-11-01 20:00:00+00:00","open_rate":0.18715,"close_rate":0.18739,"fee_open":0.001,"fee_close":0.001,"trade_duration":60,"profit_ratio":-0.000718170421616855,"profit_abs":-0.24271016,"exit_reason":"exit_signal","initial_stop_loss_abs":0.1778,"initial_stop_loss_ratio":-0.05,"stop_loss_abs":0.1778,"stop_loss_ratio":-0.05,"min_rate":0.18684,"max_rate":0.18837,"is_open":false,"enter_tag":"","leverage":1.0,"is_short":false,"open_timestamp":1762023600000,"close_timestamp":1762027200000,"orders":[{"amount":1804.0,"safe_price":0.18715,"ft_order_side":"buy","order_filled_timestamp":1762023600000,"ft_is_entry":true,"ft_order_tag":"","cost":337.9562186},{"amount":1804.0,"safe_price":0.18739,"ft_order_side":"sell","order_filled_timestamp":1762027200000,"ft_is_entry":false,"ft_order_tag":"exit_signal","cost":338.38961155999993}],"funding_fees":0.0,"weekday":5},{"pair":"DOGE/USDT","stake_amount":337.48085,"max_stake_amount":337.48085,"amount":1805.0,"open_date":"2025-11-02 12:00:00+00:00","close_date":"2025-11-02 23:00:00+00:00","open_rate":0.18697,"close_rate":0.18414,"fee_open":0.001,"fee_close":0.001,"trade_duration":660,"profit_ratio":-0.01710387809762041,"profit_abs":-5.77800355,"exit_reason":"exit_signal","initial_stop_loss_abs":0.17763,"initial_stop_loss_ratio":-0.05,"stop_loss_abs":0.17763,"stop_loss_ratio":-0.05,"min_rate":0.18172,"max_rate":0.18704,"is_open":false,"enter_tag":"","leverage":1.0,"is_short":false,"open_timestamp":1762084800000,"close_timestamp":1762124400000,"orders":[{"amount":1805.0,"safe_price":0.18697,"ft_order_side":"buy","order_filled_timestamp":1762084800000,"ft_is_entry":true,"ft_order_tag":"","cost":337.81833084999994},{"amount":1805.0,"safe_price":0.18414,"ft_order_side":"sell","order_filled_timestamp":1762124400000,"ft_is_entry":false,"ft_order_tag":"exit_signal","cost":332.70507269999996}],"funding_fees":0.0,"weekday":6},{"pair":"DOGE/USDT","stake_amount":335.5508,"max_stake_amount":335.5508,"amount":1865.0,"open_date":"2025-11-10 20:00:00+00:00","close_date":"2025-11-10 22:00:00+00:00","open_rate":0.17992,"close_rate":0.18028020020020016,"fee_open":0.001,"fee_close":0.001,"trade_duration":120,"profit_ratio":0.0,"profit_abs":0.0,"exit_reason":"roi","initial_stop_loss_abs":0.17093,"initial_stop_loss_ratio":-0.05,"stop_loss_abs":0.17093,"stop_loss_ratio":-0.05,"min_rate":0.17824,"max_rate":0.18418,"is_open":false,"enter_tag":"","leverage":1.0,"is_short":false,"open_timestamp":1762804800000,"close_timestamp":1762812000000,"orders":[{"amount":1865.0,"safe_price":0.17992,"ft_order_side":"buy","order_filled_timestamp":1762804800000,"ft_is_entry":true,"ft_order_tag":"","cost":335.88635079999995},{"amount":1865.0,"safe_price":0.18028020020020016,"ft_order_side":"sell","order_filled_timestamp":1762812000000,"ft_is_entry":false,"ft_order_tag":"roi","cost":336.5587959467466}],"funding_fees":0.0,"weekday":0},{"pair":"DOGE/USDT","stake_amount":335.64615,"max_stake_amount":335.64615,"amount":2051.0,"open_date":"2025-11-15 23:00:00+00:00","close_date":"2025-11-16 03:00:00+00:00","open_rate":0.16365,"close_rate":0.1639776276276276,"fee_open":0.001,"fee_close":0.001,"trade_duration":240,"profit_ratio":0.0,"profit_abs":0.0,"exit_reason":"roi","initial_stop_loss_abs":0.15547,"initial_stop_loss_ratio":-0.05,"stop_loss_abs":0.15547,"stop_loss_ratio":-0.05,"min_rate":0.15998,"max_rate":0.16445,"is_open":false,"enter_tag":"","leverage":1.0,"is_short":false,"open_timestamp":1763247600000,"close_timestamp":1763262000000,"orders":[{"amount":2051.0,"safe_price":0.16365,"ft_order_side":"buy","order_filled_timestamp":1763247600000,"ft_is_entry":true,"ft_order_tag":"","cost":335.9817961499999},{"amount":2051.0,"safe_price":0.1639776276276276,"ft_order_side":"sell","order_filled_timestamp":1763262000000,"ft_is_entry":false,"ft_order_tag":"roi","cost":336.65443237852844}],"funding_fees":0.0,"weekday":6},{"pair":"DOGE/USDT","stake_amount":335.65708,"max_stake_amount":335.65708,"amount":2068.0,"open_date":"2025-11-17 15:00:00+00:00","close_date":"2025-11-17 18:00:00+00:00","open_rate":0.16231,"close_rate":0.1542,"fee_open":0.001,"fee_close":0.001,"trade_duration":180,"profit_ratio":-0.051864283827810415,"profit_abs":-17.42602268,"exit_reason":"stop_loss","initial_stop_loss_abs":0.1542,"initial_stop_loss_ratio":-0.05,"stop_loss_abs":0.1542,"stop_loss_ratio":-0.05,"min_rate":0.15372,"max_rate":0.16367,"is_open":false,"enter_tag":"","leverage":1.0,"is_short":false,"open_timestamp":1763391600000,"close_timestamp":1763402400000,"orders":[{"amount":2068.0,"safe_price":0.16231,"ft_order_side":"buy","order_filled_timestamp":1763391600000,"ft_is_entry":true,"ft_order_tag":"","cost":335.99273708},{"amount":2068.0,"safe_price":0.1542,"ft_order_side":"sell","order_filled_timestamp":1763402400000,"ft_is_entry":false,"ft_order_tag":"stop_loss","cost":319.2044856}],"funding_fees":0.0,"weekday":0},{"pair":"DOGE/USDT","stake_amount":329.90384,"max_stake_amount":329.90384,"amount":2072.0,"open_date":"2025-11-18 16:00:00+00:00","close_date":"2025-11-18 17:00:00+00:00","open_rate":0.15922,"close_rate":0.16095,"fee_open":0.001,"fee_close":0.001,"trade_duration":60,"profit_ratio":0.008845757935068322,"profit_abs":2.92116776,"exit_reason":"exit_signal","initial_stop_loss_abs":0.15126,"initial_stop_loss_ratio":-0.05,"stop_loss_abs":0.15126,"stop_loss_ratio":-0.05,"min_rate":0.1587,"max_rate":0.16142,"is_open":false,"enter_tag":"","leverage":1.0,"is_short":false,"open_timestamp":1763481600000,"close_timestamp":1763485200000,"orders":[{"amount":2072.0,"safe_price":0.15922,"ft_order_side":"buy","order_filled_timestamp":1763481600000,"ft_is_entry":true,"ft_order_tag":"","cost":330.23374384},{"amount":2072.0,"safe_price":0.16095,"ft_order_side":"sell","order_filled_timestamp":1763485200000,"ft_is_entry":false,"ft_order_tag":"exit_signal","cost":333.8218884}],"funding_fees":0.0,"weekday":1},{"pair":"DOGE/USDT","stake_amount":330.8979,"max_stake_amount":330.8979,"amount":2270.0,"open_date":"2025-11-24 14:00:00+00:00","close_date":"2025-11-24 16:00:00+00:00","open_rate":0.14577,"close_rate":0.14682,"fee_open":0.001,"fee_close":0.001,"trade_duration":120,"profit_ratio":0.005190734353113443,"profit_abs":1.7193207,"exit_reason":"exit_signal","initial_stop_loss_abs":0.13849,"initial_stop_loss_ratio":-0.05,"stop_loss_abs":0.13849,"stop_loss_ratio":-0.05,"min_rate":0.14279,"max_rate":0.14854,"is_open":false,"enter_tag":"","leverage":1.0,"is_short":false,"open_timestamp":1763992800000,"close_timestamp":1764000000000,"orders":[{"amount":2270.0,"safe_price":0.14577,"ft_order_side":"buy","order_filled_timestamp":1763992800000,"ft_is_entry":true,"ft_order_tag":"","cost":331.2287979},{"amount":2270.0,"safe_price":0.14682,"ft_order_side":"sell","order_filled_timestamp":1764000000000,"ft_is_entry":false,"ft_order_tag":"exit_signal","cost":333.6146814}],"funding_fees":0.0,"weekday":0},{"pair":"DOGE/USDT","stake_amount":331.44769,"max_stake_amount":331.44769,"amount":2173.0,"open_date":"2025-11-28 14:00:00+00:00","close_date":"2025-11-28 16:00:00+00:00","open_rate":0.15253,"close_rate":0.15376,"fee_open":0.001,"fee_close":0.001,"trade_duration":120,"profit_ratio":0.0060498735513486715,"profit_abs":2.00722183,"exit_reason":"roi","initial_stop_loss_abs":0.14491,"initial_stop_loss_ratio":-0.05,"stop_loss_abs":0.14491,"stop_loss_ratio":-0.05,"min_rate":0.15034,"max_rate":0.15554,"is_open":false,"enter_tag":"","leverage":1.0,"is_short":false,"open_timestamp":1764338400000,"close_timestamp":1764345600000,"orders":[{"amount":2173.0,"safe_price":0.15253,"ft_order_side":"buy","order_filled_timestamp":1764338400000,"ft_is_entry":true,"ft_order_tag":"","cost":331.77913768999997},{"amount":2173.0,"safe_price":0.15376,"ft_order_side":"sell","order_filled_timestamp":1764345600000,"ft_is_entry":false,"ft_order_tag":"roi","cost":334.45460048}],"funding_fees":0.0,"weekday":4},{"pair":"DOGE/USDT","stake_amount":332.0844,"max_stake_amount":332.0844,"amount":2449.0,"open_date":"2025-12-02 10:00:00+00:00","close_date":"2025-12-02 11:00:00+00:00","open_rate":0.1356,"close_rate":0.1367,"fee_open":0.001,"fee_close":0.001,"trade_duration":60,"profit_ratio":0.006097884416468487,"profit_abs":2.0270373,"exit_reason":"exit_signal","initial_stop_loss_abs":0.12882,"initial_stop_loss_ratio":-0.05,"stop_loss_abs":0.12882,"stop_loss_ratio":-0.05,"min_rate":0.1355,"max_rate":0.1373,"is_open":false,"enter_tag":"","leverage":1.0,"is_short":false,"open_timestamp":1764669600000,"close_timestamp":1764673200000,"orders":[{"amount":2449.0,"safe_price":0.1356,"ft_order_side":"buy","order_filled_timestamp":1764669600000,"ft_is_entry":true,"ft_order_tag":"","cost":332.4164844},{"amount":2449.0,"safe_price":0.1367,"ft_order_side":"sell","order_filled_timestamp":1764673200000,"ft_is_entry":false,"ft_order_tag":"exit_signal","cost":335.1130782999999}],"funding_fees":0.0,"weekday":1},{"pair":"DOGE/USDT","stake_amount":332.75623,"max_stake_amount":332.75623,"amount":2377.0,"open_date":"2025-12-08 02:00:00+00:00","close_date":"2025-12-08 04:00:00+00:00","open_rate":0.13999,"close_rate":0.14031,"fee_open":0.001,"fee_close":0.001,"trade_duration":120,"profit_ratio":0.00028330837674362216,"profit_abs":0.0943669,"exit_reason":"roi","initial_stop_loss_abs":0.133,"initial_stop_loss_ratio":-0.05,"stop_loss_abs":0.133,"stop_loss_ratio":-0.05,"min_rate":0.1396,"max_rate":0.14144,"is_open":false,"enter_tag":"","leverage":1.0,"is_short":false,"open_timestamp":1765159200000,"close_timestamp":1765166400000,"orders":[{"amount":2377.0,"safe_price":0.13999,"ft_order_side":"buy","order_filled_timestamp":1765159200000,"ft_is_entry":true,"ft_order_tag":"","cost":333.08898623},{"amount":2377.0,"safe_price":0.14031,"ft_order_side":"sell","order_filled_timestamp":1765166400000,"ft_is_entry":false,"ft_order_tag":"roi","cost":333.85038686999997}],"funding_fees":0.0,"weekday":0},{"pair":"DOGE/USDT","stake_amount":332.76,"max_stake_amount":332.76,"amount":2350.0,"open_date":"2025-12-09 04:00:00+00:00","close_date":"2025-12-09 12:00:00+00:00","open_rate":0.1416,"close_rate":0.14087,"fee_open":0.001,"fee_close":0.001,"trade_duration":480,"profit_ratio":-0.007143068795611168,"profit_abs":-2.3793045,"exit_reason":"exit_signal","initial_stop_loss_abs":0.13452,"initial_stop_loss_ratio":-0.05,"stop_loss_abs":0.13452,"stop_loss_ratio":-0.05,"min_rate":0.13942,"max_rate":0.14179,"is_open":false,"enter_tag":"","leverage":1.0,"is_short":false,"open_timestamp":1765252800000,"close_timestamp":1765281600000,"orders":[{"amount":2350.0,"safe_price":0.1416,"ft_order_side":"buy","order_filled_timestamp":1765252800000,"ft_is_entry":true,"ft_order_tag":"","cost":333.09275999999994},{"amount":2350.0,"safe_price":0.14087,"ft_order_side":"sell","order_filled_timestamp":1765281600000,"ft_is_entry":false,"ft_order_tag":"exit_signal","cost":331.37554449999993}],"funding_fees":0.0,"weekday":1},{"pair":"DOGE/USDT","stake_amount":332.02752,"max_stake_amount":332.02752,"amount":2388.0,"open_date":"2025-12-14 03:00:00+00:00","close_date":"2025-12-15 01:00:00+00:00","open_rate":0.13904,"close_rate":0.13504,"fee_open":0.001,"fee_close":0.001,"trade_duration":1320,"profit_ratio":-0.030709221733387443,"profit_abs":-10.20650304,"exit_reason":"exit_signal","initial_stop_loss_abs":0.13209,"initial_stop_loss_ratio":-0.05,"stop_loss_abs":0.13209,"stop_loss_ratio":-0.05,"min_rate":0.13261,"max_rate":0.13925,"is_open":false,"enter_tag":"","leverage":1.0,"is_short":false,"open_timestamp":1765681200000,"close_timestamp":1765760400000,"orders":[{"amount":2388.0,"safe_price":0.13904,"ft_order_side":"buy","order_filled_timestamp":1765681200000,"ft_is_entry":true,"ft_order_tag":"","cost":332.3595475199999},{"amount":2388.0,"safe_price":0.13504,"ft_order_side":"sell","order_filled_timestamp":1765760400000,"ft_is_entry":false,"ft_order_tag":"exit_signal","cost":322.7979955199999}],"funding_fees":0.0,"weekday":0},{"pair":"DOGE/USDT","stake_amount":328.55637,"max_stake_amount":328.55637,"amount":2501.0,"open_date":"2025-12-16 15:00:00+00:00","close_date":"2025-12-16 16:00:00+00:00","open_rate":0.13137,"close_rate":0.13269,"fee_open":0.001,"fee_close":0.001,"trade_duration":60,"profit_ratio":0.008029878319898872,"profit_abs":2.64090594,"exit_reason":"exit_signal","initial_stop_loss_abs":0.12481,"initial_stop_loss_ratio":-0.05,"stop_loss_abs":0.12481,"stop_loss_ratio":-0.05,"min_rate":0.13069,"max_rate":0.13305,"is_open":false,"enter_tag":"","leverage":1.0,"is_short":false,"open_timestamp":1765897200000,"close_timestamp":1765900800000,"orders":[{"amount":2501.0,"safe_price":0.13137,"ft_order_side":"buy","order_filled_timestamp":1765897200000,"ft_is_entry":true,"ft_order_tag":"","cost":328.8849263699999},{"amount":2501.0,"safe_price":0.13269,"ft_order_side":"sell","order_filled_timestamp":1765900800000,"ft_is_entry":false,"ft_order_tag":"exit_signal","cost":332.1895476899999}],"funding_fees":0.0,"weekday":1},{"pair":"DOGE/USDT","stake_amount":329.48568,"max_stake_amount":329.48568,"amount":2658.0,"open_date":"2025-12-28 23:00:00+00:00","close_date":"2025-12-29 01:00:00+00:00","open_rate":0.12396,"close_rate":0.12514,"fee_open":0.001,"fee_close":0.001,"trade_duration":120,"profit_ratio":0.007502178363746612,"profit_abs":2.4743322,"exit_reason":"exit_signal","initial_stop_loss_abs":0.11777,"initial_stop_loss_ratio":-0.05,"stop_loss_abs":0.11777,"stop_loss_ratio":-0.05,"min_rate":0.12324,"max_rate":0.12604,"is_open":false,"enter_tag":"","leverage":1.0,"is_short":false,"open_timestamp":1766962800000,"close_timestamp":1766970000000,"orders":[{"amount":2658.0,"safe_price":0.12396,"ft_order_side":"buy","order_filled_timestamp":1766962800000,"ft_is_entry":true,"ft_order_tag":"","cost":329.81516567999995},{"amount":2658.0,"safe_price":0.12514,"ft_order_side":"sell","order_filled_timestamp":1766970000000,"ft_is_entry":false,"ft_order_tag":"exit_signal","cost":332.95474211999993}],"funding_fees":0.0,"weekday":0},{"pair":"DOGE/USDT","stake_amount":330.30151,"max_stake_amount":330.30151,"amount":2321.0,"open_date":"2026-01-03 21:00:00+00:00","close_date":"2026-01-03 22:00:00+00:00","open_rate":0.14231,"close_rate":0.1424,"fee_open":0.001,"fee_close":0.001,"trade_duration":60,"profit_ratio":-0.001366843401837429,"profit_abs":-0.45192191,"exit_reason":"exit_signal","initial_stop_loss_abs":0.1352,"initial_stop_loss_ratio":-0.05,"stop_loss_abs":0.1352,"stop_loss_ratio":-0.05,"min_rate":0.14207,"max_rate":0.1432,"is_open":false,"enter_tag":"","leverage":1.0,"is_short":false,"open_timestamp":1767474000000,"close_timestamp":1767477600000,"orders":[{"amount":2321.0,"safe_price":0.14231,"ft_order_side":"buy","order_filled_timestamp":1767474000000,"ft_is_entry":true,"ft_order_tag":"","cost":330.63181151},{"amount":2321.0,"safe_price":0.1424,"ft_order_side":"sell","order_filled_timestamp":1767477600000,"ft_is_entry":false,"ft_order_tag":"exit_signal","cost":330.8409104}],"funding_fees":0.0,"weekday":5},{"pair":"DOGE/USDT","stake_amount":330.13118,"max_stake_amount":330.13118,"amount":2194.0,"open_date":"2026-01-05 01:00:00+00:00","close_date":"2026-01-05 02:00:00+00:00","open_rate":0.15047,"close_rate":0.15175,"fee_open":0.001,"fee_close":0.001,"trade_duration":60,"profit_ratio":0.006491680712455618,"profit_abs":2.14524932,"exit_reason":"exit_signal","initial_stop_loss_abs":0.14295,"initial_stop_loss_ratio":-0.05,"stop_loss_abs":0.14295,"stop_loss_ratio":-0.05,"min_rate":0.15004,"max_rate":0.15248,"is_open":false,"enter_tag":"","leverage":1.0,"is_short":false,"open_timestamp":1767574800000,"close_timestamp":1767578400000,"orders":[{"amount":2194.0,"safe_price":0.15047,"ft_order_side":"buy","order_filled_timestamp":1767574800000,"ft_is_entry":true,"ft_order_tag":"","cost":330.46131117999994},{"amount":2194.0,"safe_price":0.15175,"ft_order_side":"sell","order_filled_timestamp":1767578400000,"ft_is_entry":false,"ft_order_tag":"exit_signal","cost":333.27243949999996}],"funding_fees":0.0,"weekday":0},{"pair":"DOGE/USDT","stake_amount":330.84623,"max_stake_amount":330.84623,"amount":2197.0,"open_date":"2026-01-06 10:00:00+00:00","close_date":"2026-01-06 12:00:00+00:00","open_rate":0.15059,"close_rate":0.15089148148148146,"fee_open":0.001,"fee_close":0.001,"trade_duration":120,"profit_ratio":0.0,"profit_abs":0.0,"exit_reason":"roi","initial_stop_loss_abs":0.14307,"initial_stop_loss_ratio":-0.05,"stop_loss_abs":0.14307,"stop_loss_ratio":-0.05,"min_rate":0.1501,"max_rate":0.15212,"is_open":false,"enter_tag":"","leverage":1.0,"is_short":false,"open_timestamp":1767693600000,"close_timestamp":1767700800000,"orders":[{"amount":2197.0,"safe_price":0.15059,"ft_order_side":"buy","order_filled_timestamp":1767693600000,"ft_is_entry":true,"ft_order_tag":"","cost":331.17707622999995},{"amount":2197.0,"safe_price":0.15089148148148146,"ft_order_side":"sell","order_filled_timestamp":1767700800000,"ft_is_entry":false,"ft_order_tag":"roi","cost":331.84009339962955}],"funding_fees":0.0,"weekday":1}],"locks":[],"best_pair":{"key":"DOGE/USDT","trades":25,"profit_mean":0.00038402356115923485,"profit_mean_pct":0.04,"profit_total_abs":2.7974547,"profit_total":0.0027974547,"profit_total_pct":0.28,"duration_avg":"3:17:00","wins":12,"draws":6,"losses":7,"winrate":0.48,"cagr":0.010567251648459841,"expectancy":0.11189818799999962,"expectancy_ratio":-0.21887002192217186,"sortino":0.09198023766288944,"sharpe":0.10069412451462913,"calmar":2.0256322483394276,"sqn":0.1002,"profit_factor":1.075464207420815,"max_drawdown_account":0.0272005169623358,"max_drawdown_abs":27.84891763},"worst_pair":{"key":"DOGE/USDT","trades":25,"profit_mean":0.00038402356115923485,"profit_mean_pct":0.04,"profit_total_abs":2.7974547,"profit_total":0.0027974547,"profit_total_pct":0.28,"duration_avg":"3:17:00","wins":12,"draws":6,"losses":7,"winrate":0.48,"cagr":0.010567251648459841,"expectancy":0.11189818799999962,"expectancy_ratio":-0.21887002192217186,"sortino":0.09198023766288944,"sharpe":0.10069412451462913,"calmar":2.0256322483394276,"sqn":0.1002,"profit_factor":1.075464207420815,"max_drawdown_account":0.0272005169623358,"max_drawdown_abs":27.84891763},"results_per_pair":[{"key":"DOGE/USDT","trades":25,"profit_mean":0.00038402356115923485,"profit_mean_pct":0.04,"profit_total_abs":2.7974547,"profit_total":0.0027974547,"profit_total_pct":0.28,"duration_avg":"3:17:00","wins":12,"draws":6,"losses":7,"winrate":0.48,"cagr":0.010567251648459841,"expectancy":0.11189818799999962,"expectancy_ratio":-0.21887002192217186,"sortino":0.09198023766288944,"sharpe":0.10069412451462913,"calmar":2.0256322483394276,"sqn":0.1002,"profit_factor":1.075464207420815,"max_drawdown_account":0.0272005169623358,"max_drawdown_abs":27.84891763},{"key":"TOTAL","trades":25,"profit_mean":0.00038402356115923485,"profit_mean_pct":0.04,"profit_total_abs":2.7974547,"profit_total":0.0027974547,"profit_total_pct":0.28,"duration_avg":"3:17:00","wins":12,"draws":6,"losses":7,"winrate":0.48,"cagr":0.010567251648459841,"expectancy":0.11189818799999962,"expectancy_ratio":-0.21887002192217186,"sortino":0.09198023766288944,"sharpe":0.10069412451462913,"calmar":2.0256322483394276,"sqn":0.1002,"profit_factor":1.075464207420815,"max_drawdown_account":0.0272005169623358,"max_drawdown_abs":27.84891763}],"results_per_enter_tag":[{"key":"","trades":25,"profit_mean":0.00038402356115923485,"profit_mean_pct":0.04,"profit_total_abs":2.7974547,"profit_total":0.0027974547,"profit_total_pct":0.28,"duration_avg":"3:17:00","wins":12,"draws":6,"losses":7,"winrate":0.48,"cagr":0.010567251648459841,"expectancy":0.11189818799999962,"expectancy_ratio":-0.21887002192217186,"sortino":0.09198023766288944,"sharpe":0.10069412451462913,"calmar":2.0256322483394276,"sqn":0.1002,"profit_factor":1.075464207420815,"max_drawdown_account":0.0272005169623358,"max_drawdown_abs":27.84891763},{"key":"TOTAL","trades":25,"profit_mean":0.00038402356115923485,"profit_mean_pct":0.04,"profit_total_abs":2.7974547,"profit_total":0.0027974547,"profit_total_pct":0.28,"duration_avg":"3:17:00","wins":12,"draws":6,"losses":7,"winrate":0.48,"cagr":0.010567251648459841,"expectancy":0.11189818799999962,"expectancy_ratio":-0.21887002192217186,"sortino":0.09198023766288944,"sharpe":0.10069412451462913,"calmar":2.0256322483394276,"sqn":0.1002,"profit_factor":1.075464207420815,"max_drawdown_account":0.0272005169623358,"max_drawdown_abs":27.84891763}],"exit_reason_summary":[{"key":"exit_signal","trades":16,"profit_mean":0.0034457306830436873,"profit_mean_pct":0.34,"profit_total_abs":18.12188865,"profit_total":0.018121888649999997,"profit_total_pct":1.81,"duration_avg":"3:38:00","wins":10,"draws":0,"losses":6,"winrate":0.625,"cagr":0.06991596205041106,"expectancy":1.1326180406249995,"expectancy_ratio":0.3459444101422191,"sortino":0.9804829233965421,"sharpe":0.6961424963503281,"calmar":29.037167076288934,"sqn":0.8556,"profit_factor":1.922518427045918,"max_drawdown_account":0.01229203850591513,"max_drawdown_abs":12.58580754},{"key":"roi","trades":8,"profit_mean":0.0007916477410115367,"profit_mean_pct":0.08,"profit_total_abs":2.10158873,"profit_total":0.00210158873,"profit_total_pct":0.21,"duration_avg":"2:38:00","wins":2,"draws":6,"losses":0,"winrate":0.25,"cagr":0.007931027255861922,"expectancy":0.26269859125,"expectancy_ratio":100.0,"sortino":-100,"sharpe":0.6270738200297505,"calmar":-100,"sqn":1.0529,"profit_factor":0.0,"max_drawdown_account":0.0,"max_drawdown_abs":0.0},{"key":"stop_loss","trades":1,"profit_mean":-0.051864283827810415,"profit_mean_pct":-5.19,"profit_total_abs":-17.42602268,"profit_total":-0.01742602268,"profit_total_pct":-1.74,"duration_avg":"3:00:00","wins":0,"draws":0,"losses":1,"winrate":0.0,"cagr":-0.06400973517242592,"expectancy":-17.42602268,"expectancy_ratio":-1.0,"sortino":-100,"sharpe":-100,"calmar":-19.69584863354932,"sqn":-100.0,"profit_factor":0.0,"max_drawdown_account":0.01742602267999996,"max_drawdown_abs":17.42602268},{"key":"TOTAL","trades":25,"profit_mean":0.00038402356115923485,"profit_mean_pct":0.04,"profit_total_abs":2.7974547,"profit_total":0.0027974547,"profit_total_pct":0.28,"duration_avg":"3:17:00","wins":12,"draws":6,"losses":7,"winrate":0.48,"cagr":0.010567251648459841,"expectancy":0.11189818799999962,"expectancy_ratio":-0.21887002192217186,"sortino":0.09198023766288944,"sharpe":0.10069412451462913,"calmar":2.0256322483394276,"sqn":0.1002,"profit_factor":1.075464207420815,"max_drawdown_account":0.0272005169623358,"max_drawdown_abs":27.84891763}],"mix_tag_stats":[{"key":["","exit_signal"],"trades":16,"profit_mean":0.0034457306830436873,"profit_mean_pct":0.34,"profit_total_abs":18.12188865,"profit_total":0.018121888649999997,"profit_total_pct":1.81,"duration_avg":"3:38:00","wins":10,"draws":0,"losses":6,"winrate":0.625,"cagr":0.06991596205041106,"expectancy":1.1326180406249995,"expectancy_ratio":0.3459444101422191,"sortino":0.9804829233965421,"sharpe":0.6961424963503281,"calmar":29.037167076288934,"sqn":0.8556,"profit_factor":1.922518427045918,"max_drawdown_account":0.01229203850591513,"max_drawdown_abs":12.58580754},{"key":["","roi"],"trades":8,"profit_mean":0.0007916477410115367,"profit_mean_pct":0.08,"profit_total_abs":2.10158873,"profit_total":0.00210158873,"profit_total_pct":0.21,"duration_avg":"2:38:00","wins":2,"draws":6,"losses":0,"winrate":0.25,"cagr":0.007931027255861922,"expectancy":0.26269859125,"expectancy_ratio":100.0,"sortino":-100,"sharpe":0.6270738200297505,"calmar":-100,"sqn":1.0529,"profit_factor":0.0,"max_drawdown_account":0.0,"max_drawdown_abs":0.0},{"key":["","stop_loss"],"trades":1,"profit_mean":-0.051864283827810415,"profit_mean_pct":-5.19,"profit_total_abs":-17.42602268,"profit_total":-0.01742602268,"profit_total_pct":-1.74,"duration_avg":"3:00:00","wins":0,"draws":0,"losses":1,"winrate":0.0,"cagr":-0.06400973517242592,"expectancy":-17.42602268,"expectancy_ratio":-1.0,"sortino":-100,"sharpe":-100,"calmar":-19.69584863354932,"sqn":-100.0,"profit_factor":0.0,"max_drawdown_account":0.01742602267999996,"max_drawdown_abs":17.42602268},{"key":"TOTAL","trades":25,"profit_mean":0.00038402356115923485,"profit_mean_pct":0.04,"profit_total_abs":2.7974547,"profit_total":0.0027974547,"profit_total_pct":0.28,"duration_avg":"3:17:00","wins":12,"draws":6,"losses":7,"winrate":0.48,"cagr":0.010567251648459841,"expectancy":0.11189818799999962,"expectancy_ratio":-0.21887002192217186,"sortino":0.09198023766288944,"sharpe":0.10069412451462913,"calmar":2.0256322483394276,"sqn":0.1002,"profit_factor":1.075464207420815,"max_drawdown_account":0.0272005169623358,"max_drawdown_abs":27.84891763}],"left_open_trades":[{"key":"TOTAL","trades":0,"profit_mean":0.0,"profit_mean_pct":0.0,"profit_total_abs":0.0,"profit_total":0.0,"profit_total_pct":0.0,"duration_avg":"0:00","wins":0,"draws":0,"losses":0,"winrate":0.0,"cagr":0.0,"expectancy":0.0,"expectancy_ratio":100.0,"sortino":0,"sharpe":0,"calmar":0,"sqn":0.0,"profit_factor":0.0,"max_drawdown_account":0.0,"max_drawdown_abs":0.0}],"total_trades":25,"trade_count_long":25,"trade_count_short":0,"total_volume":16670.47092892362,"avg_stake_amount":332.68731679999996,"profit_mean":0.00038402356115923485,"profit_median":0.0,"profit_total":0.0027974547,"profit_total_long":0.0027974547,"profit_total_short":0.0,"profit_total_abs":2.7974547,"profit_total_long_abs":2.7974547,"profit_total_short_abs":0.0,"cagr":0.010567251648459841,"expectancy":0.11189818799999962,"expectancy_ratio":-0.21887002192217186,"sortino":0.09198023766288944,"sharpe":0.10069412451462913,"calmar":2.0256322483394276,"sqn":0.1002,"profit_factor":1.075464207420815,"backtest_start":"2025-10-01 00:00:00","backtest_start_ts":1759276800000,"backtest_end":"2026-01-06 20:00:00","backtest_end_ts":1767729600000,"backtest_days":97,"backtest_run_start_ts":1767752814,"backtest_run_end_ts":1767752815,"trades_per_day":0.26,"market_change":-0.36632086436227446,"pairlist":["DOGE/USDT"],"stake_amount":"unlimited","stake_currency":"USDT","stake_currency_decimals":3,"starting_balance":1000,"dry_run_wallet":1000,"final_balance":1002.7974547,"rejected_signals":0,"timedout_entry_orders":0,"timedout_exit_orders":0,"canceled_trade_entries":0,"canceled_entry_orders":0,"replaced_entry_orders":0,"max_open_trades":1,"max_open_trades_setting":3,"timeframe":"1h","timeframe_detail":"","timerange":"20251001-","enable_protections":false,"strategy_name":"ACO_76_7","freqaimodel":null,"freqai_identifier":null,"stoploss":-0.05,"trailing_stop":false,"trailing_stop_positive":null,"trailing_stop_positive_offset":0.0,"trailing_only_offset_is_reached":false,"use_custom_stoploss":false,"minimal_roi":{"0":0.1,"60":0.05,"120":0.0},"use_exit_signal":true,"exit_profit_only":false,"exit_profit_offset":0.0,"ignore_roi_if_entry_signal":false,"trading_mode":"spot","margin_mode":"","periodic_breakdown":{"day":[{"date":"03/10/2025","date_ts":1759449600000,"profit_abs":0.0,"wins":0,"draws":1,"losses":0,"trades":1,"profit_factor":0.0},{"date":"04/10/2025","date_ts":1759536000000,"profit_abs":0.0,"wins":0,"draws":0,"losses":0,"trades":0,"profit_factor":0.0},{"date":"05/10/2025","date_ts":1759622400000,"profit_abs":0.0,"wins":0,"draws":0,"losses":0,"trades":0,"profit_factor":0.0},{"date":"06/10/2025","date_ts":1759708800000,"profit_abs":0.0,"wins":0,"draws":0,"losses":0,"trades":0,"profit_factor":0.0},{"date":"07/10/2025","date_ts":1759795200000,"profit_abs":0.0,"wins":0,"draws":0,"losses":0,"trades":0,"profit_factor":0.0},{"date":"08/10/2025","date_ts":1759881600000,"profit_abs":0.0,"wins":0,"draws":0,"losses":0,"trades":0,"profit_factor":0.0},{"date":"09/10/2025","date_ts":1759968000000,"profit_abs":0.0,"wins":0,"draws":0,"losses":0,"trades":0,"profit_factor":0.0},{"date":"10/10/2025","date_ts":1760054400000,"profit_abs":0.27143649,"wins":1,"draws":1,"losses":0,"trades":2,"profit_factor":0.0},{"date":"11/10/2025","date_ts":1760140800000,"profit_abs":0.0,"wins":0,"draws":0,"losses":0,"trades":0,"profit_factor":0.0},{"date":"12/10/2025","date_ts":1760227200000,"profit_abs":14.46304704,"wins":1,"draws":0,"losses":0,"trades":1,"profit_factor":0.0},{"date":"13/10/2025","date_ts":1760313600000,"profit_abs":0.0,"wins":0,"draws":0,"losses":0,"trades":0,"profit_factor":0.0},{"date":"14/10/2025","date_ts":1760400000000,"profit_abs":0.0,"wins":0,"draws":0,"losses":0,"trades":0,"profit_factor":0.0},{"date":"15/10/2025","date_ts":1760486400000,"profit_abs":0.0,"wins":0,"draws":0,"losses":0,"trades":0,"profit_factor":0.0},{"date":"16/10/2025","date_ts":1760572800000,"profit_abs":0.0,"wins":0,"draws":0,"losses":0,"trades":0,"profit_factor":0.0},{"date":"17/10/2025","date_ts":1760659200000,"profit_abs":0.0,"wins":0,"draws":0,"losses":0,"trades":0,"profit_factor":0.0},{"date":"18/10/2025","date_ts":1760745600000,"profit_abs":0.0,"wins":0,"draws":1,"losses":0,"trades":1,"profit_factor":0.0},{"date":"19/10/2025","date_ts":1760832000000,"profit_abs":7.13283355,"wins":1,"draws":0,"losses":0,"trades":1,"profit_factor":0.0},{"date":"20/10/2025","date_ts":1760918400000,"profit_abs":0.0,"wins":0,"draws":0,"losses":0,"trades":0,"profit_factor":0.0},{"date":"21/10/2025","date_ts":1761004800000,"profit_abs":0.0,"wins":0,"draws":0,"losses":0,"trades":0,"profit_factor":0.0},{"date":"22/10/2025","date_ts":1761091200000,"profit_abs":0.0,"wins":0,"draws":0,"losses":0,"trades":0,"profit_factor":0.0},{"date":"23/10/2025","date_ts":1761177600000,"profit_abs":0.0,"wins":0,"draws":0,"losses":0,"trades":0,"profit_factor":0.0},{"date":"24/10/2025","date_ts":1761264000000,"profit_abs":1.9704897,"wins":1,"draws":0,"losses":0,"trades":1,"profit_factor":0.0},{"date":"25/10/2025","date_ts":1761350400000,"profit_abs":0.0,"wins":0,"draws":0,"losses":0,"trades":0,"profit_factor":0.0},{"date":"26/10/2025","date_ts":1761436800000,"profit_abs":0.0,"wins":0,"draws":0,"losses":0,"trades":0,"profit_factor":0.0},{"date":"27/10/2025","date_ts":1761523200000,"profit_abs":0.0,"wins":0,"draws":0,"losses":0,"trades":0,"profit_factor":0.0},{"date":"28/10/2025","date_ts":1761609600000,"profit_abs":0.0,"wins":0,"draws":0,"losses":0,"trades":0,"profit_factor":0.0},{"date":"29/10/2025","date_ts":1761696000000,"profit_abs":0.0,"wins":0,"draws":0,"losses":0,"trades":0,"profit_factor":0.0},{"date":"30/10/2025","date_ts":1761782400000,"profit_abs":0.0,"wins":0,"draws":0,"losses":0,"trades":0,"profit_factor":0.0},{"date":"31/10/2025","date_ts":1761868800000,"profit_abs":0.0,"wins":0,"draws":0,"losses":0,"trades":0,"profit_factor":0.0},{"date":"01/11/2025","date_ts":1761955200000,"profit_abs":-0.82819835,"wins":0,"draws":0,"losses":2,"trades":2,"profit_factor":0.0},{"date":"02/11/2025","date_ts":1762041600000,"profit_abs":-5.77800355,"wins":0,"draws":0,"losses":1,"trades":1,"profit_factor":0.0},{"date":"03/11/2025","date_ts":1762128000000,"profit_abs":0.0,"wins":0,"draws":0,"losses":0,"trades":0,"profit_factor":0.0},{"date":"04/11/2025","date_ts":1762214400000,"profit_abs":0.0,"wins":0,"draws":0,"losses":0,"trades":0,"profit_factor":0.0},{"date":"05/11/2025","date_ts":1762300800000,"profit_abs":0.0,"wins":0,"draws":0,"losses":0,"trades":0,"profit_factor":0.0},{"date":"06/11/2025","date_ts":1762387200000,"profit_abs":0.0,"wins":0,"draws":0,"losses":0,"trades":0,"profit_factor":0.0},{"date":"07/11/2025","date_ts":1762473600000,"profit_abs":0.0,"wins":0,"draws":0,"losses":0,"trades":0,"profit_factor":0.0},{"date":"08/11/2025","date_ts":1762560000000,"profit_abs":0.0,"wins":0,"draws":0,"losses":0,"trades":0,"profit_factor":0.0},{"date":"09/11/2025","date_ts":1762646400000,"profit_abs":0.0,"wins":0,"draws":0,"losses":0,"trades":0,"profit_factor":0.0},{"date":"10/11/2025","date_ts":1762732800000,"profit_abs":0.0,"wins":0,"draws":1,"losses":0,"trades":1,"profit_factor":0.0},{"date":"11/11/2025","date_ts":1762819200000,"profit_abs":0.0,"wins":0,"draws":0,"losses":0,"trades":0,"profit_factor":0.0},{"date":"12/11/2025","date_ts":1762905600000,"profit_abs":0.0,"wins":0,"draws":0,"losses":0,"trades":0,"profit_factor":0.0},{"date":"13/11/2025","date_ts":1762992000000,"profit_abs":0.0,"wins":0,"draws":0,"losses":0,"trades":0,"profit_factor":0.0},{"date":"14/11/2025","date_ts":1763078400000,"profit_abs":0.0,"wins":0,"draws":0,"losses":0,"trades":0,"profit_factor":0.0},{"date":"15/11/2025","date_ts":1763164800000,"profit_abs":0.0,"wins":0,"draws":0,"losses":0,"trades":0,"profit_factor":0.0},{"date":"16/11/2025","date_ts":1763251200000,"profit_abs":0.0,"wins":0,"draws":1,"losses":0,"trades":1,"profit_factor":0.0},{"date":"17/11/2025","date_ts":1763337600000,"profit_abs":-17.42602268,"wins":0,"draws":0,"losses":1,"trades":1,"profit_factor":0.0},{"date":"18/11/2025","date_ts":1763424000000,"profit_abs":2.92116776,"wins":1,"draws":0,"losses":0,"trades":1,"profit_factor":0.0},{"date":"19/11/2025","date_ts":1763510400000,"profit_abs":0.0,"wins":0,"draws":0,"losses":0,"trades":0,"profit_factor":0.0},{"date":"20/11/2025","date_ts":1763596800000,"profit_abs":0.0,"wins":0,"draws":0,"losses":0,"trades":0,"profit_factor":0.0},{"date":"21/11/2025","date_ts":1763683200000,"profit_abs":0.0,"wins":0,"draws":0,"losses":0,"trades":0,"profit_factor":0.0},{"date":"22/11/2025","date_ts":1763769600000,"profit_abs":0.0,"wins":0,"draws":0,"losses":0,"trades":0,"profit_factor":0.0},{"date":"23/11/2025","date_ts":1763856000000,"profit_abs":0.0,"wins":0,"draws":0,"losses":0,"trades":0,"profit_factor":0.0},{"date":"24/11/2025","date_ts":1763942400000,"profit_abs":1.7193207,"wins":1,"draws":0,"losses":0,"trades":1,"profit_factor":0.0},{"date":"25/11/2025","date_ts":1764028800000,"profit_abs":0.0,"wins":0,"draws":0,"losses":0,"trades":0,"profit_factor":0.0},{"date":"26/11/2025","date_ts":1764115200000,"profit_abs":0.0,"wins":0,"draws":0,"losses":0,"trades":0,"profit_factor":0.0},{"date":"27/11/2025","date_ts":1764201600000,"profit_abs":0.0,"wins":0,"draws":0,"losses":0,"trades":0,"profit_factor":0.0},{"date":"28/11/2025","date_ts":1764288000000,"profit_abs":2.00722183,"wins":1,"draws":0,"losses":0,"trades":1,"profit_factor":0.0},{"date":"29/11/2025","date_ts":1764374400000,"profit_abs":0.0,"wins":0,"draws":0,"losses":0,"trades":0,"profit_factor":0.0},{"date":"30/11/2025","date_ts":1764460800000,"profit_abs":0.0,"wins":0,"draws":0,"losses":0,"trades":0,"profit_factor":0.0},{"date":"01/12/2025","date_ts":1764547200000,"profit_abs":0.0,"wins":0,"draws":0,"losses":0,"trades":0,"profit_factor":0.0},{"date":"02/12/2025","date_ts":1764633600000,"profit_abs":2.0270373,"wins":1,"draws":0,"losses":0,"trades":1,"profit_factor":0.0},{"date":"03/12/2025","date_ts":1764720000000,"profit_abs":0.0,"wins":0,"draws":0,"losses":0,"trades":0,"profit_factor":0.0},{"date":"04/12/2025","date_ts":1764806400000,"profit_abs":0.0,"wins":0,"draws":0,"losses":0,"trades":0,"profit_factor":0.0},{"date":"05/12/2025","date_ts":1764892800000,"profit_abs":0.0,"wins":0,"draws":0,"losses":0,"trades":0,"profit_factor":0.0},{"date":"06/12/2025","date_ts":1764979200000,"profit_abs":0.0,"wins":0,"draws":0,"losses":0,"trades":0,"profit_factor":0.0},{"date":"07/12/2025","date_ts":1765065600000,"profit_abs":0.0,"wins":0,"draws":0,"losses":0,"trades":0,"profit_factor":0.0},{"date":"08/12/2025","date_ts":1765152000000,"profit_abs":0.0943669,"wins":1,"draws":0,"losses":0,"trades":1,"profit_factor":0.0},{"date":"09/12/2025","date_ts":1765238400000,"profit_abs":-2.3793045,"wins":0,"draws":0,"losses":1,"trades":1,"profit_factor":0.0},{"date":"10/12/2025","date_ts":1765324800000,"profit_abs":0.0,"wins":0,"draws":0,"losses":0,"trades":0,"profit_factor":0.0},{"date":"11/12/2025","date_ts":1765411200000,"profit_abs":0.0,"wins":0,"draws":0,"losses":0,"trades":0,"profit_factor":0.0},{"date":"12/12/2025","date_ts":1765497600000,"profit_abs":0.0,"wins":0,"draws":0,"losses":0,"trades":0,"profit_factor":0.0},{"date":"13/12/2025","date_ts":1765584000000,"profit_abs":0.0,"wins":0,"draws":0,"losses":0,"trades":0,"profit_factor":0.0},{"date":"14/12/2025","date_ts":1765670400000,"profit_abs":0.0,"wins":0,"draws":0,"losses":0,"trades":0,"profit_factor":0.0},{"date":"15/12/2025","date_ts":1765756800000,"profit_abs":-10.20650304,"wins":0,"draws":0,"losses":1,"trades":1,"profit_factor":0.0},{"date":"16/12/2025","date_ts":1765843200000,"profit_abs":2.64090594,"wins":1,"draws":0,"losses":0,"trades":1,"profit_factor":0.0},{"date":"17/12/2025","date_ts":1765929600000,"profit_abs":0.0,"wins":0,"draws":0,"losses":0,"trades":0,"profit_factor":0.0},{"date":"18/12/2025","date_ts":1766016000000,"profit_abs":0.0,"wins":0,"draws":0,"losses":0,"trades":0,"profit_factor":0.0},{"date":"19/12/2025","date_ts":1766102400000,"profit_abs":0.0,"wins":0,"draws":0,"losses":0,"trades":0,"profit_factor":0.0},{"date":"20/12/2025","date_ts":1766188800000,"profit_abs":0.0,"wins":0,"draws":0,"losses":0,"trades":0,"profit_factor":0.0},{"date":"21/12/2025","date_ts":1766275200000,"profit_abs":0.0,"wins":0,"draws":0,"losses":0,"trades":0,"profit_factor":0.0},{"date":"22/12/2025","date_ts":1766361600000,"profit_abs":0.0,"wins":0,"draws":0,"losses":0,"trades":0,"profit_factor":0.0},{"date":"23/12/2025","date_ts":1766448000000,"profit_abs":0.0,"wins":0,"draws":0,"losses":0,"trades":0,"profit_factor":0.0},{"date":"24/12/2025","date_ts":1766534400000,"profit_abs":0.0,"wins":0,"draws":0,"losses":0,"trades":0,"profit_factor":0.0},{"date":"25/12/2025","date_ts":1766620800000,"profit_abs":0.0,"wins":0,"draws":0,"losses":0,"trades":0,"profit_factor":0.0},{"date":"26/12/2025","date_ts":1766707200000,"profit_abs":0.0,"wins":0,"draws":0,"losses":0,"trades":0,"profit_factor":0.0},{"date":"27/12/2025","date_ts":1766793600000,"profit_abs":0.0,"wins":0,"draws":0,"losses":0,"trades":0,"profit_factor":0.0},{"date":"28/12/2025","date_ts":1766880000000,"profit_abs":0.0,"wins":0,"draws":0,"losses":0,"trades":0,"profit_factor":0.0},{"date":"29/12/2025","date_ts":1766966400000,"profit_abs":2.4743322,"wins":1,"draws":0,"losses":0,"trades":1,"profit_factor":0.0},{"date":"30/12/2025","date_ts":1767052800000,"profit_abs":0.0,"wins":0,"draws":0,"losses":0,"trades":0,"profit_factor":0.0},{"date":"31/12/2025","date_ts":1767139200000,"profit_abs":0.0,"wins":0,"draws":0,"losses":0,"trades":0,"profit_factor":0.0},{"date":"01/01/2026","date_ts":1767225600000,"profit_abs":0.0,"wins":0,"draws":0,"losses":0,"trades":0,"profit_factor":0.0},{"date":"02/01/2026","date_ts":1767312000000,"profit_abs":0.0,"wins":0,"draws":0,"losses":0,"trades":0,"profit_factor":0.0},{"date":"03/01/2026","date_ts":1767398400000,"profit_abs":-0.45192191,"wins":0,"draws":0,"losses":1,"trades":1,"profit_factor":0.0},{"date":"04/01/2026","date_ts":1767484800000,"profit_abs":0.0,"wins":0,"draws":0,"losses":0,"trades":0,"profit_factor":0.0},{"date":"05/01/2026","date_ts":1767571200000,"profit_abs":2.14524932,"wins":1,"draws":0,"losses":0,"trades":1,"profit_factor":0.0},{"date":"06/01/2026","date_ts":1767657600000,"profit_abs":0.0,"wins":0,"draws":1,"losses":0,"trades":1,"profit_factor":0.0}],"week":[{"date":"06/10/2025","date_ts":1759708800000,"profit_abs":0.0,"wins":0,"draws":1,"losses":0,"trades":1,"profit_factor":0.0},{"date":"13/10/2025","date_ts":1760313600000,"profit_abs":14.73448353,"wins":2,"draws":1,"losses":0,"trades":3,"profit_factor":0.0},{"date":"20/10/2025","date_ts":1760918400000,"profit_abs":7.13283355,"wins":1,"draws":1,"losses":0,"trades":2,"profit_factor":0.0},{"date":"27/10/2025","date_ts":1761523200000,"profit_abs":1.9704897,"wins":1,"draws":0,"losses":0,"trades":1,"profit_factor":0.0},{"date":"03/11/2025","date_ts":1762128000000,"profit_abs":-6.6062019,"wins":0,"draws":0,"losses":3,"trades":3,"profit_factor":0.0},{"date":"10/11/2025","date_ts":1762732800000,"profit_abs":0.0,"wins":0,"draws":1,"losses":0,"trades":1,"profit_factor":0.0},{"date":"17/11/2025","date_ts":1763337600000,"profit_abs":-17.42602268,"wins":0,"draws":1,"losses":1,"trades":2,"profit_factor":0.0},{"date":"24/11/2025","date_ts":1763942400000,"profit_abs":4.64048846,"wins":2,"draws":0,"losses":0,"trades":2,"profit_factor":0.0},{"date":"01/12/2025","date_ts":1764547200000,"profit_abs":2.00722183,"wins":1,"draws":0,"losses":0,"trades":1,"profit_factor":0.0},{"date":"08/12/2025","date_ts":1765152000000,"profit_abs":2.1214042,"wins":2,"draws":0,"losses":0,"trades":2,"profit_factor":0.0},{"date":"15/12/2025","date_ts":1765756800000,"profit_abs":-12.58580754,"wins":0,"draws":0,"losses":2,"trades":2,"profit_factor":0.0},{"date":"22/12/2025","date_ts":1766361600000,"profit_abs":2.64090594,"wins":1,"draws":0,"losses":0,"trades":1,"profit_factor":0.0},{"date":"29/12/2025","date_ts":1766966400000,"profit_abs":2.4743322,"wins":1,"draws":0,"losses":0,"trades":1,"profit_factor":0.0},{"date":"05/01/2026","date_ts":1767571200000,"profit_abs":1.69332741,"wins":1,"draws":0,"losses":1,"trades":2,"profit_factor":4.74694692},{"date":"12/01/2026","date_ts":1768176000000,"profit_abs":0.0,"wins":0,"draws":1,"losses":0,"trades":1,"profit_factor":0.0}],"month":[{"date":"31/10/2025","date_ts":1761868800000,"profit_abs":23.83780678,"wins":4,"draws":3,"losses":0,"trades":7,"profit_factor":0.0},{"date":"30/11/2025","date_ts":1764460800000,"profit_abs":-17.38451429,"wins":3,"draws":2,"losses":4,"trades":9,"profit_factor":0.27661652},{"date":"31/12/2025","date_ts":1767139200000,"profit_abs":-5.3491652,"wins":4,"draws":0,"losses":2,"trades":6,"profit_factor":0.57498435},{"date":"31/01/2026","date_ts":1769817600000,"profit_abs":1.69332741,"wins":1,"draws":1,"losses":1,"trades":3,"profit_factor":4.74694692}],"year":[{"date":"31/12/2025","date_ts":1767139200000,"profit_abs":1.10412729,"wins":11,"draws":5,"losses":6,"trades":22,"profit_factor":1.03015256},{"date":"31/12/2026","date_ts":1798675200000,"profit_abs":1.69332741,"wins":1,"draws":1,"losses":1,"trades":3,"profit_factor":4.74694692}],"weekday":[{"date":"Monday","date_ts":0,"profit_abs":-21.1992566,"wins":4,"draws":1,"losses":2,"trades":7,"profit_factor":0.2328151},{"date":"Tuesday","date_ts":1,"profit_abs":5.2098065,"wins":3,"draws":1,"losses":1,"trades":5,"profit_factor":3.1896342},{"date":"Friday","date_ts":4,"profit_abs":4.24914802,"wins":3,"draws":2,"losses":0,"trades":5,"profit_factor":0.0},{"date":"Saturday","date_ts":5,"profit_abs":-1.28012026,"wins":0,"draws":1,"losses":3,"trades":4,"profit_factor":0.0},{"date":"Sunday","date_ts":6,"profit_abs":15.81787704,"wins":2,"draws":1,"losses":1,"trades":4,"profit_factor":3.73760251}]},"backtest_best_day":0.043795910421789895,"backtest_worst_day":-0.051864283827810415,"backtest_best_day_abs":14.46304704,"backtest_worst_day_abs":-17.42602268,"winning_days":12,"draw_days":78,"losing_days":6,"daily_profit":[["2025-10-03",0.0],["2025-10-04",0.0],["2025-10-05",0.0],["2025-10-06",0.0],["2025-10-07",0.0],["2025-10-08",0.0],["2025-10-09",0.0],["2025-10-10",0.27143649],["2025-10-11",0.0],["2025-10-12",14.46304704],["2025-10-13",0.0],["2025-10-14",0.0],["2025-10-15",0.0],["2025-10-16",0.0],["2025-10-17",0.0],["2025-10-18",0.0],["2025-10-19",7.13283355],["2025-10-20",0.0],["2025-10-21",0.0],["2025-10-22",0.0],["2025-10-23",0.0],["2025-10-24",1.9704897],["2025-10-25",0.0],["2025-10-26",0.0],["2025-10-27",0.0],["2025-10-28",0.0],["2025-10-29",0.0],["2025-10-30",0.0],["2025-10-31",0.0],["2025-11-01",-0.82819835],["2025-11-02",-5.77800355],["2025-11-03",0.0],["2025-11-04",0.0],["2025-11-05",0.0],["2025-11-06",0.0],["2025-11-07",0.0],["2025-11-08",0.0],["2025-11-09",0.0],["2025-11-10",0.0],["2025-11-11",0.0],["2025-11-12",0.0],["2025-11-13",0.0],["2025-11-14",0.0],["2025-11-15",0.0],["2025-11-16",0.0],["2025-11-17",-17.42602268],["2025-11-18",2.92116776],["2025-11-19",0.0],["2025-11-20",0.0],["2025-11-21",0.0],["2025-11-22",0.0],["2025-11-23",0.0],["2025-11-24",1.7193207],["2025-11-25",0.0],["2025-11-26",0.0],["2025-11-27",0.0],["2025-11-28",2.00722183],["2025-11-29",0.0],["2025-11-30",0.0],["2025-12-01",0.0],["2025-12-02",2.0270373],["2025-12-03",0.0],["2025-12-04",0.0],["2025-12-05",0.0],["2025-12-06",0.0],["2025-12-07",0.0],["2025-12-08",0.0943669],["2025-12-09",-2.3793045],["2025-12-10",0.0],["2025-12-11",0.0],["2025-12-12",0.0],["2025-12-13",0.0],["2025-12-14",0.0],["2025-12-15",-10.20650304],["2025-12-16",2.64090594],["2025-12-17",0.0],["2025-12-18",0.0],["2025-12-19",0.0],["2025-12-20",0.0],["2025-12-21",0.0],["2025-12-22",0.0],["2025-12-23",0.0],["2025-12-24",0.0],["2025-12-25",0.0],["2025-12-26",0.0],["2025-12-27",0.0],["2025-12-28",0.0],["2025-12-29",2.4743322],["2025-12-30",0.0],["2025-12-31",0.0],["2026-01-01",0.0],["2026-01-02",0.0],["2026-01-03",-0.45192191],["2026-01-04",0.0],["2026-01-05",2.14524932],["2026-01-06",0.0]],"wins":12,"losses":7,"draws":6,"winrate":0.48,"holding_avg":"3:17:00","holding_avg_s":11820.0,"winner_holding_min":"0d 01:00","winner_holding_min_s":3600.0,"winner_holding_max":"0d 02:00","winner_holding_max_s":7200.0,"winner_holding_avg":"0d 01:30","winner_holding_avg_s":5400.0,"loser_holding_min":"0d 01:00","loser_holding_min_s":3600.0,"loser_holding_max":"0d 22:00","loser_holding_max_s":79200.0,"loser_holding_avg":"0d 06:43","loser_holding_avg_s":24180.0,"max_consecutive_wins":5,"max_consecutive_losses":6,"max_drawdown_account":0.0272005169623358,"max_relative_drawdown":0.0272005169623358,"max_drawdown_abs":27.84891763,"drawdown_start":"2025-10-24 21:00:00","drawdown_start_ts":1761339600000.0,"drawdown_end":"2025-12-15 01:00:00","drawdown_end_ts":1765760400000.0,"drawdown_duration":"51 days 04:00:00","drawdown_duration_s":4420800.0,"max_drawdown_low":-4.011110849999998,"max_drawdown_high":23.83780678,"csum_min":995.98888915,"csum_max":1023.83780678}},"strategy_comparison":[{"key":"ACO_76_7","trades":25,"profit_mean":0.00038402356115923485,"profit_mean_pct":0.04,"profit_total_abs":2.7974547,"profit_total":0.0027974547,"profit_total_pct":0.28,"duration_avg":"3:17:00","wins":12,"draws":6,"losses":7,"winrate":0.48,"cagr":0.010567251648459841,"expectancy":0.11189818799999962,"expectancy_ratio":-0.21887002192217186,"sortino":0.09198023766288944,"sharpe":0.10069412451462913,"calmar":2.0256322483394276,"sqn":0.1002,"profit_factor":1.075464207420815,"max_drawdown_account":0.0272005169623358,"max_drawdown_abs":"27.849"}]}