{"strategy":{"ACO_40_24":{"trades":[{"pair":"DOGE/USDT","stake_amount":329.75688,"max_stake_amount":329.75688,"amount":1284.0,"open_date":"2025-10-03 10:00:00+00:00","close_date":"2025-10-03 13:00:00+00:00","open_rate":0.25682,"close_rate":0.2573341541541541,"fee_open":0.001,"fee_close":0.001,"trade_duration":180,"profit_ratio":0.0,"profit_abs":0.0,"exit_reason":"roi","initial_stop_loss_abs":0.24398,"initial_stop_loss_ratio":-0.05,"stop_loss_abs":0.24398,"stop_loss_ratio":-0.05,"min_rate":0.25386,"max_rate":0.25793,"is_open":false,"enter_tag":"","leverage":1.0,"is_short":false,"open_timestamp":1759485600000,"close_timestamp":1759496400000,"orders":[{"amount":1284.0,"safe_price":0.25682,"ft_order_side":"buy","order_filled_timestamp":1759485600000,"ft_is_entry":true,"ft_order_tag":"","cost":330.08663687999996},{"amount":1284.0,"safe_price":0.2573341541541541,"ft_order_side":"sell","order_filled_timestamp":1759496400000,"ft_is_entry":false,"ft_order_tag":"roi","cost":330.74747098786776}],"funding_fees":0.0,"weekday":4},{"pair":"DOGE/USDT","stake_amount":329.79515,"max_stake_amount":329.79515,"amount":1283.0,"open_date":"2025-10-03 15:00:00+00:00","close_date":"2025-10-03 17:00:00+00:00","open_rate":0.25705,"close_rate":0.25997,"fee_open":0.001,"fee_close":0.001,"trade_duration":120,"profit_ratio":0.009338959037461275,"profit_abs":3.08302334,"exit_reason":"roi","initial_stop_loss_abs":0.2442,"initial_stop_loss_ratio":-0.05,"stop_loss_abs":0.2442,"stop_loss_ratio":-0.05,"min_rate":0.25505,"max_rate":0.26534,"is_open":false,"enter_tag":"","leverage":1.0,"is_short":false,"open_timestamp":1759503600000,"close_timestamp":1759510800000,"orders":[{"amount":1283.0,"safe_price":0.25705,"ft_order_side":"buy","order_filled_timestamp":1759503600000,"ft_is_entry":true,"ft_order_tag":"","cost":330.1249451499999},{"amount":1283.0,"safe_price":0.25997,"ft_order_side":"sell","order_filled_timestamp":1759510800000,"ft_is_entry":false,"ft_order_tag":"roi","cost":333.87505150999993}],"funding_fees":0.0,"weekday":4},{"pair":"DOGE/USDT","stake_amount":330.9439,"max_stake_amount":330.9439,"amount":1330.0,"open_date":"2025-10-09 22:00:00+00:00","close_date":"2025-10-10 00:00:00+00:00","open_rate":0.24883,"close_rate":0.24932815815815812,"fee_open":0.001,"fee_close":0.001,"trade_duration":120,"profit_ratio":0.0,"profit_abs":0.0,"exit_reason":"roi","initial_stop_loss_abs":0.23639,"initial_stop_loss_ratio":-0.05,"stop_loss_abs":0.23639,"stop_loss_ratio":-0.05,"min_rate":0.24779,"max_rate":0.25037,"is_open":false,"enter_tag":"","leverage":1.0,"is_short":false,"open_timestamp":1760047200000,"close_timestamp":1760054400000,"orders":[{"amount":1330.0,"safe_price":0.24883,"ft_order_side":"buy","order_filled_timestamp":1760047200000,"ft_is_entry":true,"ft_order_tag":"","cost":331.27484389999995},{"amount":1330.0,"safe_price":0.24932815815815812,"ft_order_side":"sell","order_filled_timestamp":1760054400000,"ft_is_entry":false,"ft_order_tag":"roi","cost":331.9380568007006}],"funding_fees":0.0,"weekday":4},{"pair":"DOGE/USDT","stake_amount":330.93576,"max_stake_amount":330.93576,"amount":1317.0,"open_date":"2025-10-10 04:00:00+00:00","close_date":"2025-10-10 06:00:00+00:00","open_rate":0.25128,"close_rate":0.25199,"fee_open":0.001,"fee_close":0.001,"trade_duration":120,"profit_ratio":0.0008218858505391456,"profit_abs":0.27226341,"exit_reason":"roi","initial_stop_loss_abs":0.23872,"initial_stop_loss_ratio":-0.05,"stop_loss_abs":0.23872,"stop_loss_ratio":-0.05,"min_rate":0.24856,"max_rate":0.25296,"is_open":false,"enter_tag":"","leverage":1.0,"is_short":false,"open_timestamp":1760068800000,"close_timestamp":1760076000000,"orders":[{"amount":1317.0,"safe_price":0.25128,"ft_order_side":"buy","order_filled_timestamp":1760068800000,"ft_is_entry":true,"ft_order_tag":"","cost":331.26669576},{"amount":1317.0,"safe_price":0.25199,"ft_order_side":"sell","order_filled_timestamp":1760076000000,"ft_is_entry":false,"ft_order_tag":"roi","cost":332.20270082999997}],"funding_fees":0.0,"weekday":4},{"pair":"DOGE/USDT","stake_amount":330.8712,"max_stake_amount":330.8712,"amount":1328.0,"open_date":"2025-10-10 09:00:00+00:00","close_date":"2025-10-10 11:00:00+00:00","open_rate":0.24915,"close_rate":0.25064,"fee_open":0.001,"fee_close":0.001,"trade_duration":120,"profit_ratio":0.003970382417101262,"profit_abs":1.31499888,"exit_reason":"roi","initial_stop_loss_abs":0.2367,"initial_stop_loss_ratio":-0.05,"stop_loss_abs":0.2367,"stop_loss_ratio":-0.05,"min_rate":0.24794,"max_rate":0.25118,"is_open":false,"enter_tag":"","leverage":1.0,"is_short":false,"open_timestamp":1760086800000,"close_timestamp":1760094000000,"orders":[{"amount":1328.0,"safe_price":0.24915,"ft_order_side":"buy","order_filled_timestamp":1760086800000,"ft_is_entry":true,"ft_order_tag":"","cost":331.2020712},{"amount":1328.0,"safe_price":0.25064,"ft_order_side":"sell","order_filled_timestamp":1760094000000,"ft_is_entry":false,"ft_order_tag":"roi","cost":333.1827699199999}],"funding_fees":0.0,"weekday":4},{"pair":"DOGE/USDT","stake_amount":331.4766,"max_stake_amount":331.4766,"amount":1690.0,"open_date":"2025-10-12 15:00:00+00:00","close_date":"2025-10-12 16:00:00+00:00","open_rate":0.19614,"close_rate":0.2063494894894895,"fee_open":0.001,"fee_close":0.001,"trade_duration":60,"profit_ratio":0.04995004995004995,"profit_abs":16.57383,"exit_reason":"roi","initial_stop_loss_abs":0.18634,"initial_stop_loss_ratio":-0.05,"stop_loss_abs":0.18634,"stop_loss_ratio":-0.05,"min_rate":0.19562,"max_rate":0.2095,"is_open":false,"enter_tag":"","leverage":1.0,"is_short":false,"open_timestamp":1760281200000,"close_timestamp":1760284800000,"orders":[{"amount":1690.0,"safe_price":0.19614,"ft_order_side":"buy","order_filled_timestamp":1760281200000,"ft_is_entry":true,"ft_order_tag":"","cost":331.8080766},{"amount":1690.0,"safe_price":0.2063494894894895,"ft_order_side":"sell","order_filled_timestamp":1760284800000,"ft_is_entry":false,"ft_order_tag":"roi","cost":349.0793678744745}],"funding_fees":0.0,"weekday":6},{"pair":"DOGE/USDT","stake_amount":336.98964,"max_stake_amount":336.98964,"amount":1649.0,"open_date":"2025-10-15 00:00:00+00:00","close_date":"2025-10-15 02:00:00+00:00","open_rate":0.20436,"close_rate":0.20476912912912912,"fee_open":0.001,"fee_close":0.001,"trade_duration":120,"profit_ratio":0.0,"profit_abs":0.0,"exit_reason":"roi","initial_stop_loss_abs":0.19415,"initial_stop_loss_ratio":-0.05,"stop_loss_abs":0.19415,"stop_loss_ratio":-0.05,"min_rate":0.20242,"max_rate":0.20682,"is_open":false,"enter_tag":"","leverage":1.0,"is_short":false,"open_timestamp":1760486400000,"close_timestamp":1760493600000,"orders":[{"amount":1649.0,"safe_price":0.20436,"ft_order_side":"buy","order_filled_timestamp":1760486400000,"ft_is_entry":true,"ft_order_tag":"","cost":337.32662963999996},{"amount":1649.0,"safe_price":0.20476912912912912,"ft_order_side":"sell","order_filled_timestamp":1760493600000,"ft_is_entry":false,"ft_order_tag":"roi","cost":338.00195822786776}],"funding_fees":0.0,"weekday":2},{"pair":"DOGE/USDT","stake_amount":336.84444,"max_stake_amount":336.84444,"amount":1647.0,"open_date":"2025-10-15 07:00:00+00:00","close_date":"2025-10-15 09:00:00+00:00","open_rate":0.20452,"close_rate":0.20601,"fee_open":0.001,"fee_close":0.001,"trade_duration":120,"profit_ratio":0.0052727929219225905,"profit_abs":1.77788709,"exit_reason":"roi","initial_stop_loss_abs":0.1943,"initial_stop_loss_ratio":-0.05,"stop_loss_abs":0.1943,"stop_loss_ratio":-0.05,"min_rate":0.20322,"max_rate":0.20853,"is_open":false,"enter_tag":"","leverage":1.0,"is_short":false,"open_timestamp":1760511600000,"close_timestamp":1760518800000,"orders":[{"amount":1647.0,"safe_price":0.20452,"ft_order_side":"buy","order_filled_timestamp":1760511600000,"ft_is_entry":true,"ft_order_tag":"","cost":337.18128443999996},{"amount":1647.0,"safe_price":0.20601,"ft_order_side":"sell","order_filled_timestamp":1760518800000,"ft_is_entry":false,"ft_order_tag":"roi","cost":339.63776846999997}],"funding_fees":0.0,"weekday":2},{"pair":"DOGE/USDT","stake_amount":337.55027,"max_stake_amount":337.55027,"amount":1697.0,"open_date":"2025-10-16 07:00:00+00:00","close_date":"2025-10-16 10:00:00+00:00","open_rate":0.19891,"close_rate":0.1993082182182182,"fee_open":0.001,"fee_close":0.001,"trade_duration":180,"profit_ratio":0.0,"profit_abs":0.0,"exit_reason":"roi","initial_stop_loss_abs":0.18897,"initial_stop_loss_ratio":-0.05,"stop_loss_abs":0.18897,"stop_loss_ratio":-0.05,"min_rate":0.19015,"max_rate":0.20062,"is_open":false,"enter_tag":"","leverage":1.0,"is_short":false,"open_timestamp":1760598000000,"close_timestamp":1760608800000,"orders":[{"amount":1697.0,"safe_price":0.19891,"ft_order_side":"buy","order_filled_timestamp":1760598000000,"ft_is_entry":true,"ft_order_tag":"","cost":337.88782026999996},{"amount":1697.0,"safe_price":0.1993082182182182,"ft_order_side":"sell","order_filled_timestamp":1760608800000,"ft_is_entry":false,"ft_order_tag":"roi","cost":338.56427236263255}],"funding_fees":0.0,"weekday":3},{"pair":"DOGE/USDT","stake_amount":337.41735,"max_stake_amount":337.41735,"amount":1801.0,"open_date":"2025-10-17 22:00:00+00:00","close_date":"2025-10-18 01:00:00+00:00","open_rate":0.18735,"close_rate":0.18772507507507505,"fee_open":0.001,"fee_close":0.001,"trade_duration":180,"profit_ratio":0.0,"profit_abs":0.0,"exit_reason":"roi","initial_stop_loss_abs":0.17799,"initial_stop_loss_ratio":-0.05,"stop_loss_abs":0.17799,"stop_loss_ratio":-0.05,"min_rate":0.18426,"max_rate":0.18791,"is_open":false,"enter_tag":"","leverage":1.0,"is_short":false,"open_timestamp":1760738400000,"close_timestamp":1760749200000,"orders":[{"amount":1801.0,"safe_price":0.18735,"ft_order_side":"buy","order_filled_timestamp":1760738400000,"ft_is_entry":true,"ft_order_tag":"","cost":337.75476734999995},{"amount":1801.0,"safe_price":0.18772507507507505,"ft_order_side":"sell","order_filled_timestamp":1760749200000,"ft_is_entry":false,"ft_order_tag":"roi","cost":338.43095307042034}],"funding_fees":0.0,"weekday":5},{"pair":"DOGE/USDT","stake_amount":337.54131,"max_stake_amount":337.54131,"amount":1809.0,"open_date":"2025-10-18 06:00:00+00:00","close_date":"2025-10-18 08:00:00+00:00","open_rate":0.18659,"close_rate":0.18788,"fee_open":0.001,"fee_close":0.001,"trade_duration":120,"profit_ratio":0.0049017384887474385,"profit_abs":1.65619377,"exit_reason":"roi","initial_stop_loss_abs":0.17727,"initial_stop_loss_ratio":-0.05,"stop_loss_abs":0.17727,"stop_loss_ratio":-0.05,"min_rate":0.18616,"max_rate":0.18988,"is_open":false,"enter_tag":"","leverage":1.0,"is_short":false,"open_timestamp":1760767200000,"close_timestamp":1760774400000,"orders":[{"amount":1809.0,"safe_price":0.18659,"ft_order_side":"buy","order_filled_timestamp":1760767200000,"ft_is_entry":true,"ft_order_tag":"","cost":337.87885130999996},{"amount":1809.0,"safe_price":0.18788,"ft_order_side":"sell","order_filled_timestamp":1760774400000,"ft_is_entry":false,"ft_order_tag":"roi","cost":340.2147949199999}],"funding_fees":0.0,"weekday":5},{"pair":"DOGE/USDT","stake_amount":338.12812,"max_stake_amount":338.12812,"amount":1724.0,"open_date":"2025-10-26 07:00:00+00:00","close_date":"2025-10-26 09:00:00+00:00","open_rate":0.19613,"close_rate":0.19709,"fee_open":0.001,"fee_close":0.001,"trade_duration":120,"profit_ratio":0.0028869310468249945,"profit_abs":0.97712872,"exit_reason":"roi","initial_stop_loss_abs":0.18633,"initial_stop_loss_ratio":-0.05,"stop_loss_abs":0.18633,"stop_loss_ratio":-0.05,"min_rate":0.19594,"max_rate":0.20094,"is_open":false,"enter_tag":"","leverage":1.0,"is_short":false,"open_timestamp":1761462000000,"close_timestamp":1761469200000,"orders":[{"amount":1724.0,"safe_price":0.19613,"ft_order_side":"buy","order_filled_timestamp":1761462000000,"ft_is_entry":true,"ft_order_tag":"","cost":338.46624812},{"amount":1724.0,"safe_price":0.19709,"ft_order_side":"sell","order_filled_timestamp":1761469200000,"ft_is_entry":false,"ft_order_tag":"roi","cost":340.1229431599999}],"funding_fees":0.0,"weekday":6},{"pair":"DOGE/USDT","stake_amount":338.45028,"max_stake_amount":338.45028,"amount":2076.0,"open_date":"2025-11-07 01:00:00+00:00","close_date":"2025-11-07 03:00:00+00:00","open_rate":0.16303,"close_rate":0.16414,"fee_open":0.001,"fee_close":0.001,"trade_duration":120,"profit_ratio":0.004796957321032645,"profit_abs":1.62515508,"exit_reason":"roi","initial_stop_loss_abs":0.15488,"initial_stop_loss_ratio":-0.05,"stop_loss_abs":0.15488,"stop_loss_ratio":-0.05,"min_rate":0.16095,"max_rate":0.16509,"is_open":false,"enter_tag":"","leverage":1.0,"is_short":false,"open_timestamp":1762477200000,"close_timestamp":1762484400000,"orders":[{"amount":2076.0,"safe_price":0.16303,"ft_order_side":"buy","order_filled_timestamp":1762477200000,"ft_is_entry":true,"ft_order_tag":"","cost":338.78873028},{"amount":2076.0,"safe_price":0.16414,"ft_order_side":"sell","order_filled_timestamp":1762484400000,"ft_is_entry":false,"ft_order_tag":"roi","cost":341.09539463999994}],"funding_fees":0.0,"weekday":4},{"pair":"DOGE/USDT","stake_amount":338.8416,"max_stake_amount":338.8416,"amount":2048.0,"open_date":"2025-11-07 15:00:00+00:00","close_date":"2025-11-07 16:00:00+00:00","open_rate":0.16545,"close_rate":0.174062012012012,"fee_open":0.001,"fee_close":0.001,"trade_duration":60,"profit_ratio":0.04995004995004995,"profit_abs":16.94208,"exit_reason":"roi","initial_stop_loss_abs":0.15718,"initial_stop_loss_ratio":-0.05,"stop_loss_abs":0.15718,"stop_loss_ratio":-0.05,"min_rate":0.16408,"max_rate":0.17555,"is_open":false,"enter_tag":"","leverage":1.0,"is_short":false,"open_timestamp":1762527600000,"close_timestamp":1762531200000,"orders":[{"amount":2048.0,"safe_price":0.16545,"ft_order_side":"buy","order_filled_timestamp":1762527600000,"ft_is_entry":true,"ft_order_tag":"","cost":339.1804416},{"amount":2048.0,"safe_price":0.174062012012012,"ft_order_side":"sell","order_filled_timestamp":1762531200000,"ft_is_entry":false,"ft_order_tag":"roi","cost":356.83547960120114}],"funding_fees":0.0,"weekday":4},{"pair":"DOGE/USDT","stake_amount":344.45828,"max_stake_amount":344.45828,"amount":1879.0,"open_date":"2025-11-10 23:00:00+00:00","close_date":"2025-11-11 01:00:00+00:00","open_rate":0.18332,"close_rate":0.183687007007007,"fee_open":0.001,"fee_close":0.001,"trade_duration":120,"profit_ratio":0.0,"profit_abs":0.0,"exit_reason":"roi","initial_stop_loss_abs":0.17416,"initial_stop_loss_ratio":-0.05,"stop_loss_abs":0.17416,"stop_loss_ratio":-0.05,"min_rate":0.17933,"max_rate":0.1864,"is_open":false,"enter_tag":"","leverage":1.0,"is_short":false,"open_timestamp":1762815600000,"close_timestamp":1762822800000,"orders":[{"amount":1879.0,"safe_price":0.18332,"ft_order_side":"buy","order_filled_timestamp":1762815600000,"ft_is_entry":true,"ft_order_tag":"","cost":344.80273827999997},{"amount":1879.0,"safe_price":0.183687007007007,"ft_order_side":"sell","order_filled_timestamp":1762822800000,"ft_is_entry":false,"ft_order_tag":"roi","cost":345.49303405233223}],"funding_fees":0.0,"weekday":1},{"pair":"DOGE/USDT","stake_amount":344.5439,"max_stake_amount":344.5439,"amount":1979.0,"open_date":"2025-11-12 09:00:00+00:00","close_date":"2025-11-12 11:00:00+00:00","open_rate":0.1741,"close_rate":0.1764,"fee_open":0.001,"fee_close":0.001,"trade_duration":120,"profit_ratio":0.011186401192145017,"profit_abs":3.8580605,"exit_reason":"roi","initial_stop_loss_abs":0.1654,"initial_stop_loss_ratio":-0.05,"stop_loss_abs":0.1654,"stop_loss_ratio":-0.05,"min_rate":0.17404,"max_rate":0.17713,"is_open":false,"enter_tag":"","leverage":1.0,"is_short":false,"open_timestamp":1762938000000,"close_timestamp":1762945200000,"orders":[{"amount":1979.0,"safe_price":0.1741,"ft_order_side":"buy","order_filled_timestamp":1762938000000,"ft_is_entry":true,"ft_order_tag":"","cost":344.88844389999997},{"amount":1979.0,"safe_price":0.1764,"ft_order_side":"sell","order_filled_timestamp":1762945200000,"ft_is_entry":false,"ft_order_tag":"roi","cost":349.44469559999993}],"funding_fees":0.0,"weekday":2},{"pair":"DOGE/USDT","stake_amount":345.7203,"max_stake_amount":345.7203,"amount":2130.0,"open_date":"2025-11-17 15:00:00+00:00","close_date":"2025-11-17 18:00:00+00:00","open_rate":0.16231,"close_rate":0.1542,"fee_open":0.001,"fee_close":0.001,"trade_duration":180,"profit_ratio":-0.051864283827810415,"profit_abs":-17.9484663,"exit_reason":"stop_loss","initial_stop_loss_abs":0.1542,"initial_stop_loss_ratio":-0.05,"stop_loss_abs":0.1542,"stop_loss_ratio":-0.05,"min_rate":0.15372,"max_rate":0.16367,"is_open":false,"enter_tag":"","leverage":1.0,"is_short":false,"open_timestamp":1763391600000,"close_timestamp":1763402400000,"orders":[{"amount":2130.0,"safe_price":0.16231,"ft_order_side":"buy","order_filled_timestamp":1763391600000,"ft_is_entry":true,"ft_order_tag":"","cost":346.0660203},{"amount":2130.0,"safe_price":0.1542,"ft_order_side":"sell","order_filled_timestamp":1763402400000,"ft_is_entry":false,"ft_order_tag":"stop_loss","cost":328.774446}],"funding_fees":0.0,"weekday":0},{"pair":"DOGE/USDT","stake_amount":339.94341,"max_stake_amount":339.94341,"amount":2199.0,"open_date":"2025-11-20 00:00:00+00:00","close_date":"2025-11-20 02:00:00+00:00","open_rate":0.15459,"close_rate":0.15629,"fee_open":0.001,"fee_close":0.001,"trade_duration":120,"profit_ratio":0.008976856638413012,"profit_abs":3.05467488,"exit_reason":"roi","initial_stop_loss_abs":0.14687,"initial_stop_loss_ratio":-0.05,"stop_loss_abs":0.14687,"stop_loss_ratio":-0.05,"min_rate":0.15375,"max_rate":0.15833,"is_open":false,"enter_tag":"","leverage":1.0,"is_short":false,"open_timestamp":1763596800000,"close_timestamp":1763604000000,"orders":[{"amount":2199.0,"safe_price":0.15459,"ft_order_side":"buy","order_filled_timestamp":1763596800000,"ft_is_entry":true,"ft_order_tag":"","cost":340.28335341},{"amount":2199.0,"safe_price":0.15629,"ft_order_side":"sell","order_filled_timestamp":1763604000000,"ft_is_entry":false,"ft_order_tag":"roi","cost":344.02539170999995}],"funding_fees":0.0,"weekday":3},{"pair":"DOGE/USDT","stake_amount":340.81255,"max_stake_amount":340.81255,"amount":2405.0,"open_date":"2025-11-23 02:00:00+00:00","close_date":"2025-11-23 04:00:00+00:00","open_rate":0.14171,"close_rate":0.14289,"fee_open":0.001,"fee_close":0.001,"trade_duration":120,"profit_ratio":0.006312225633374458,"profit_abs":2.153437,"exit_reason":"roi","initial_stop_loss_abs":0.13463,"initial_stop_loss_ratio":-0.05,"stop_loss_abs":0.13463,"stop_loss_ratio":-0.05,"min_rate":0.14124,"max_rate":0.1447,"is_open":false,"enter_tag":"","leverage":1.0,"is_short":false,"open_timestamp":1763863200000,"close_timestamp":1763870400000,"orders":[{"amount":2405.0,"safe_price":0.14171,"ft_order_side":"buy","order_filled_timestamp":1763863200000,"ft_is_entry":true,"ft_order_tag":"","cost":341.15336254999994},{"amount":2405.0,"safe_price":0.14289,"ft_order_side":"sell","order_filled_timestamp":1763870400000,"ft_is_entry":false,"ft_order_tag":"roi","cost":343.99410044999996}],"funding_fees":0.0,"weekday":6},{"pair":"DOGE/USDT","stake_amount":341.53911,"max_stake_amount":341.53911,"amount":2343.0,"open_date":"2025-11-24 14:00:00+00:00","close_date":"2025-11-24 16:00:00+00:00","open_rate":0.14577,"close_rate":0.14682,"fee_open":0.001,"fee_close":0.001,"trade_duration":120,"profit_ratio":0.005190734353113444,"profit_abs":1.77461163,"exit_reason":"roi","initial_stop_loss_abs":0.13849,"initial_stop_loss_ratio":-0.05,"stop_loss_abs":0.13849,"stop_loss_ratio":-0.05,"min_rate":0.14279,"max_rate":0.14854,"is_open":false,"enter_tag":"","leverage":1.0,"is_short":false,"open_timestamp":1763992800000,"close_timestamp":1764000000000,"orders":[{"amount":2343.0,"safe_price":0.14577,"ft_order_side":"buy","order_filled_timestamp":1763992800000,"ft_is_entry":true,"ft_order_tag":"","cost":341.88064911000004},{"amount":2343.0,"safe_price":0.14682,"ft_order_side":"sell","order_filled_timestamp":1764000000000,"ft_is_entry":false,"ft_order_tag":"roi","cost":344.34325925999997}],"funding_fees":0.0,"weekday":0},{"pair":"DOGE/USDT","stake_amount":342.11394,"max_stake_amount":342.11394,"amount":2289.0,"open_date":"2025-11-25 13:00:00+00:00","close_date":"2025-11-25 16:00:00+00:00","open_rate":0.14946,"close_rate":0.14975921921921923,"fee_open":0.001,"fee_close":0.001,"trade_duration":180,"profit_ratio":0.0,"profit_abs":0.0,"exit_reason":"roi","initial_stop_loss_abs":0.14199,"initial_stop_loss_ratio":-0.05,"stop_loss_abs":0.14199,"stop_loss_ratio":-0.05,"min_rate":0.14585,"max_rate":0.15052,"is_open":false,"enter_tag":"","leverage":1.0,"is_short":false,"open_timestamp":1764075600000,"close_timestamp":1764086400000,"orders":[{"amount":2289.0,"safe_price":0.14946,"ft_order_side":"buy","order_filled_timestamp":1764075600000,"ft_is_entry":true,"ft_order_tag":"","cost":342.45605394},{"amount":2289.0,"safe_price":0.14975921921921923,"ft_order_side":"sell","order_filled_timestamp":1764086400000,"ft_is_entry":false,"ft_order_tag":"roi","cost":343.14165164558557}],"funding_fees":0.0,"weekday":1},{"pair":"DOGE/USDT","stake_amount":342.1559,"max_stake_amount":342.1559,"amount":2285.0,"open_date":"2025-11-25 17:00:00+00:00","close_date":"2025-11-25 19:00:00+00:00","open_rate":0.14974,"close_rate":0.15106,"fee_open":0.001,"fee_close":0.001,"trade_duration":120,"profit_ratio":0.0067996648736597986,"profit_abs":2.328872,"exit_reason":"roi","initial_stop_loss_abs":0.14226,"initial_stop_loss_ratio":-0.05,"stop_loss_abs":0.14226,"stop_loss_ratio":-0.05,"min_rate":0.14842,"max_rate":0.15222,"is_open":false,"enter_tag":"","leverage":1.0,"is_short":false,"open_timestamp":1764090000000,"close_timestamp":1764097200000,"orders":[{"amount":2285.0,"safe_price":0.14974,"ft_order_side":"buy","order_filled_timestamp":1764090000000,"ft_is_entry":true,"ft_order_tag":"","cost":342.4980559},{"amount":2285.0,"safe_price":0.15106,"ft_order_side":"sell","order_filled_timestamp":1764097200000,"ft_is_entry":false,"ft_order_tag":"roi","cost":345.51727209999996}],"funding_fees":0.0,"weekday":1},{"pair":"DOGE/USDT","stake_amount":342.88744,"max_stake_amount":342.88744,"amount":2248.0,"open_date":"2025-11-28 14:00:00+00:00","close_date":"2025-11-28 16:00:00+00:00","open_rate":0.15253,"close_rate":0.15376,"fee_open":0.001,"fee_close":0.001,"trade_duration":120,"profit_ratio":0.0060498735513486715,"profit_abs":2.07650008,"exit_reason":"roi","initial_stop_loss_abs":0.14491,"initial_stop_loss_ratio":-0.05,"stop_loss_abs":0.14491,"stop_loss_ratio":-0.05,"min_rate":0.15034,"max_rate":0.15554,"is_open":false,"enter_tag":"","leverage":1.0,"is_short":false,"open_timestamp":1764338400000,"close_timestamp":1764345600000,"orders":[{"amount":2248.0,"safe_price":0.15253,"ft_order_side":"buy","order_filled_timestamp":1764338400000,"ft_is_entry":true,"ft_order_tag":"","cost":343.23032743999994},{"amount":2248.0,"safe_price":0.15376,"ft_order_side":"sell","order_filled_timestamp":1764345600000,"ft_is_entry":false,"ft_order_tag":"roi","cost":345.99813248}],"funding_fees":0.0,"weekday":4},{"pair":"DOGE/USDT","stake_amount":343.59264,"max_stake_amount":343.59264,"amount":2544.0,"open_date":"2025-12-01 22:00:00+00:00","close_date":"2025-12-02 00:00:00+00:00","open_rate":0.13506,"close_rate":0.13546,"fee_open":0.001,"fee_close":0.001,"trade_duration":120,"profit_ratio":0.0009577273015744806,"profit_abs":0.32939712,"exit_reason":"roi","initial_stop_loss_abs":0.12831,"initial_stop_loss_ratio":-0.05,"stop_loss_abs":0.12831,"stop_loss_ratio":-0.05,"min_rate":0.13493,"max_rate":0.13663,"is_open":false,"enter_tag":"","leverage":1.0,"is_short":false,"open_timestamp":1764626400000,"close_timestamp":1764633600000,"orders":[{"amount":2544.0,"safe_price":0.13506,"ft_order_side":"buy","order_filled_timestamp":1764626400000,"ft_is_entry":true,"ft_order_tag":"","cost":343.93623263999996},{"amount":2544.0,"safe_price":0.13546,"ft_order_side":"sell","order_filled_timestamp":1764633600000,"ft_is_entry":false,"ft_order_tag":"roi","cost":344.9548502399999}],"funding_fees":0.0,"weekday":1},{"pair":"DOGE/USDT","stake_amount":343.75248,"max_stake_amount":343.75248,"amount":2461.0,"open_date":"2025-12-06 12:00:00+00:00","close_date":"2025-12-06 14:00:00+00:00","open_rate":0.13968,"close_rate":0.13995963963963962,"fee_open":0.001,"fee_close":0.001,"trade_duration":120,"profit_ratio":0.0,"profit_abs":0.0,"exit_reason":"roi","initial_stop_loss_abs":0.1327,"initial_stop_loss_ratio":-0.05,"stop_loss_abs":0.1327,"stop_loss_ratio":-0.05,"min_rate":0.13926,"max_rate":0.14076,"is_open":false,"enter_tag":"","leverage":1.0,"is_short":false,"open_timestamp":1765022400000,"close_timestamp":1765029600000,"orders":[{"amount":2461.0,"safe_price":0.13968,"ft_order_side":"buy","order_filled_timestamp":1765022400000,"ft_is_entry":true,"ft_order_tag":"","cost":344.09623247999997},{"amount":2461.0,"safe_price":0.13995963963963962,"ft_order_side":"sell","order_filled_timestamp":1765029600000,"ft_is_entry":false,"ft_order_tag":"roi","cost":344.7851138263062}],"funding_fees":0.0,"weekday":5},{"pair":"DOGE/USDT","stake_amount":343.7235,"max_stake_amount":343.7235,"amount":2430.0,"open_date":"2025-12-07 18:00:00+00:00","close_date":"2025-12-07 20:00:00+00:00","open_rate":0.14145,"close_rate":0.1421,"fee_open":0.001,"fee_close":0.001,"trade_duration":120,"profit_ratio":0.0025880800005932563,"profit_abs":0.8904735,"exit_reason":"roi","initial_stop_loss_abs":0.13438,"initial_stop_loss_ratio":-0.05,"stop_loss_abs":0.13438,"stop_loss_ratio":-0.05,"min_rate":0.14126,"max_rate":0.14291,"is_open":false,"enter_tag":"","leverage":1.0,"is_short":false,"open_timestamp":1765130400000,"close_timestamp":1765137600000,"orders":[{"amount":2430.0,"safe_price":0.14145,"ft_order_side":"buy","order_filled_timestamp":1765130400000,"ft_is_entry":true,"ft_order_tag":"","cost":344.06722349999995},{"amount":2430.0,"safe_price":0.1421,"ft_order_side":"sell","order_filled_timestamp":1765137600000,"ft_is_entry":false,"ft_order_tag":"roi","cost":345.64830299999994}],"funding_fees":0.0,"weekday":6},{"pair":"DOGE/USDT","stake_amount":344.0976,"max_stake_amount":344.0976,"amount":2352.0,"open_date":"2025-12-09 16:00:00+00:00","close_date":"2025-12-09 18:00:00+00:00","open_rate":0.1463,"close_rate":0.15095,"fee_open":0.001,"fee_close":0.001,"trade_duration":120,"profit_ratio":0.029722498963783994,"profit_abs":10.237668,"exit_reason":"roi","initial_stop_loss_abs":0.13899,"initial_stop_loss_ratio":-0.05,"stop_loss_abs":0.13899,"stop_loss_ratio":-0.05,"min_rate":0.1463,"max_rate":0.15319,"is_open":false,"enter_tag":"","leverage":1.0,"is_short":false,"open_timestamp":1765296000000,"close_timestamp":1765303200000,"orders":[{"amount":2352.0,"safe_price":0.1463,"ft_order_side":"buy","order_filled_timestamp":1765296000000,"ft_is_entry":true,"ft_order_tag":"","cost":344.4416976},{"amount":2352.0,"safe_price":0.15095,"ft_order_side":"sell","order_filled_timestamp":1765303200000,"ft_is_entry":false,"ft_order_tag":"roi","cost":355.38943439999997}],"funding_fees":0.0,"weekday":1},{"pair":"DOGE/USDT","stake_amount":347.46096,"max_stake_amount":347.46096,"amount":2499.0,"open_date":"2025-12-14 03:00:00+00:00","close_date":"2025-12-15 15:00:00+00:00","open_rate":0.13904,"close_rate":0.13209,"fee_open":0.001,"fee_close":0.001,"trade_duration":2160,"profit_ratio":-0.05188374628823421,"profit_abs":-18.04560387,"exit_reason":"stop_loss","initial_stop_loss_abs":0.13209,"initial_stop_loss_ratio":-0.05,"stop_loss_abs":0.13209,"stop_loss_ratio":-0.05,"min_rate":0.12977,"max_rate":0.13925,"is_open":false,"enter_tag":"","leverage":1.0,"is_short":false,"open_timestamp":1765681200000,"close_timestamp":1765810800000,"orders":[{"amount":2499.0,"safe_price":0.13904,"ft_order_side":"buy","order_filled_timestamp":1765681200000,"ft_is_entry":true,"ft_order_tag":"","cost":347.80842096},{"amount":2499.0,"safe_price":0.13209,"ft_order_side":"sell","order_filled_timestamp":1765810800000,"ft_is_entry":false,"ft_order_tag":"stop_loss","cost":330.42300291}],"funding_fees":0.0,"weekday":0},{"pair":"DOGE/USDT","stake_amount":341.48945,"max_stake_amount":341.48945,"amount":2605.0,"open_date":"2025-12-17 14:00:00+00:00","close_date":"2025-12-18 05:00:00+00:00","open_rate":0.13109,"close_rate":0.12454,"fee_open":0.001,"fee_close":0.001,"trade_duration":900,"profit_ratio":-0.051863842923420306,"profit_abs":-17.72866615,"exit_reason":"stop_loss","initial_stop_loss_abs":0.12454,"initial_stop_loss_ratio":-0.05,"stop_loss_abs":0.12454,"stop_loss_ratio":-0.05,"min_rate":0.12385,"max_rate":0.13631,"is_open":false,"enter_tag":"","leverage":1.0,"is_short":false,"open_timestamp":1765980000000,"close_timestamp":1766034000000,"orders":[{"amount":2605.0,"safe_price":0.13109,"ft_order_side":"buy","order_filled_timestamp":1765980000000,"ft_is_entry":true,"ft_order_tag":"","cost":341.83093945},{"amount":2605.0,"safe_price":0.12454,"ft_order_side":"sell","order_filled_timestamp":1766034000000,"ft_is_entry":false,"ft_order_tag":"stop_loss","cost":324.75112669999993}],"funding_fees":0.0,"weekday":3},{"pair":"DOGE/USDT","stake_amount":335.5904,"max_stake_amount":335.5904,"amount":2560.0,"open_date":"2025-12-20 03:00:00+00:00","close_date":"2025-12-20 05:00:00+00:00","open_rate":0.13109,"close_rate":0.13135244244244243,"fee_open":0.001,"fee_close":0.001,"trade_duration":120,"profit_ratio":0.0,"profit_abs":0.0,"exit_reason":"roi","initial_stop_loss_abs":0.12454,"initial_stop_loss_ratio":-0.05,"stop_loss_abs":0.12454,"stop_loss_ratio":-0.05,"min_rate":0.13069,"max_rate":0.13182,"is_open":false,"enter_tag":"","leverage":1.0,"is_short":false,"open_timestamp":1766199600000,"close_timestamp":1766206800000,"orders":[{"amount":2560.0,"safe_price":0.13109,"ft_order_side":"buy","order_filled_timestamp":1766199600000,"ft_is_entry":true,"ft_order_tag":"","cost":335.9259904},{"amount":2560.0,"safe_price":0.13135244244244243,"ft_order_side":"sell","order_filled_timestamp":1766206800000,"ft_is_entry":false,"ft_order_tag":"roi","cost":336.5985149053052}],"funding_fees":0.0,"weekday":5},{"pair":"DOGE/USDT","stake_amount":335.56248,"max_stake_amount":335.56248,"amount":2552.0,"open_date":"2025-12-21 06:00:00+00:00","close_date":"2025-12-21 08:00:00+00:00","open_rate":0.13149,"close_rate":0.13175324324324322,"fee_open":0.001,"fee_close":0.001,"trade_duration":120,"profit_ratio":0.0,"profit_abs":0.0,"exit_reason":"roi","initial_stop_loss_abs":0.12492,"initial_stop_loss_ratio":-0.05,"stop_loss_abs":0.12492,"stop_loss_ratio":-0.05,"min_rate":0.13122,"max_rate":0.13307,"is_open":false,"enter_tag":"","leverage":1.0,"is_short":false,"open_timestamp":1766296800000,"close_timestamp":1766304000000,"orders":[{"amount":2552.0,"safe_price":0.13149,"ft_order_side":"buy","order_filled_timestamp":1766296800000,"ft_is_entry":true,"ft_order_tag":"","cost":335.89804247999996},{"amount":2552.0,"safe_price":0.13175324324324322,"ft_order_side":"sell","order_filled_timestamp":1766304000000,"ft_is_entry":false,"ft_order_tag":"roi","cost":336.5705110335134}],"funding_fees":0.0,"weekday":6},{"pair":"DOGE/USDT","stake_amount":335.64732,"max_stake_amount":335.64732,"amount":2788.0,"open_date":"2026-01-01 09:00:00+00:00","close_date":"2026-01-01 11:00:00+00:00","open_rate":0.12039,"close_rate":0.120631021021021,"fee_open":0.001,"fee_close":0.001,"trade_duration":120,"profit_ratio":0.0,"profit_abs":0.0,"exit_reason":"roi","initial_stop_loss_abs":0.11438,"initial_stop_loss_ratio":-0.05,"stop_loss_abs":0.11438,"stop_loss_ratio":-0.05,"min_rate":0.12021,"max_rate":0.12126,"is_open":false,"enter_tag":"","leverage":1.0,"is_short":false,"open_timestamp":1767258000000,"close_timestamp":1767265200000,"orders":[{"amount":2788.0,"safe_price":0.12039,"ft_order_side":"buy","order_filled_timestamp":1767258000000,"ft_is_entry":true,"ft_order_tag":"","cost":335.98296731999994},{"amount":2788.0,"safe_price":0.120631021021021,"ft_order_side":"sell","order_filled_timestamp":1767265200000,"ft_is_entry":false,"ft_order_tag":"roi","cost":336.6556058932131}],"funding_fees":0.0,"weekday":3},{"pair":"DOGE/USDT","stake_amount":335.58486,"max_stake_amount":335.58486,"amount":2353.0,"open_date":"2026-01-03 10:00:00+00:00","close_date":"2026-01-03 12:00:00+00:00","open_rate":0.14262,"close_rate":0.14290552552552552,"fee_open":0.001,"fee_close":0.001,"trade_duration":120,"profit_ratio":0.0,"profit_abs":0.0,"exit_reason":"roi","initial_stop_loss_abs":0.13549,"initial_stop_loss_ratio":-0.05,"stop_loss_abs":0.13549,"stop_loss_ratio":-0.05,"min_rate":0.14221,"max_rate":0.14329,"is_open":false,"enter_tag":"","leverage":1.0,"is_short":false,"open_timestamp":1767434400000,"close_timestamp":1767441600000,"orders":[{"amount":2353.0,"safe_price":0.14262,"ft_order_side":"buy","order_filled_timestamp":1767434400000,"ft_is_entry":true,"ft_order_tag":"","cost":335.92044486},{"amount":2353.0,"safe_price":0.14290552552552552,"ft_order_side":"sell","order_filled_timestamp":1767441600000,"ft_is_entry":false,"ft_order_tag":"roi","cost":336.5929582631231}],"funding_fees":0.0,"weekday":5}],"locks":[],"best_pair":{"key":"DOGE/USDT","trades":33,"profit_mean":0.0016382404985536495,"profit_mean_pct":0.16,"profit_total_abs":17.203518680000002,"profit_total":0.01720351868,"profit_total_pct":1.72,"duration_avg":"3:31:00","wins":18,"draws":12,"losses":3,"winrate":0.5454545454545454,"cagr":0.06628896272783158,"expectancy":0.5213187478787877,"expectancy_ratio":-0.33452473696268414,"sortino":25.557222792089878,"sharpe":0.47445225921322737,"calmar":9.973335091112913,"sqn":0.4129,"profit_factor":1.3202278934104748,"max_drawdown_account":0.03397438236960982,"max_drawdown_abs":35.77427002},"worst_pair":{"key":"DOGE/USDT","trades":33,"profit_mean":0.0016382404985536495,"profit_mean_pct":0.16,"profit_total_abs":17.203518680000002,"profit_total":0.01720351868,"profit_total_pct":1.72,"duration_avg":"3:31:00","wins":18,"draws":12,"losses":3,"winrate":0.5454545454545454,"cagr":0.06628896272783158,"expectancy":0.5213187478787877,"expectancy_ratio":-0.33452473696268414,"sortino":25.557222792089878,"sharpe":0.47445225921322737,"calmar":9.973335091112913,"sqn":0.4129,"profit_factor":1.3202278934104748,"max_drawdown_account":0.03397438236960982,"max_drawdown_abs":35.77427002},"results_per_pair":[{"key":"DOGE/USDT","trades":33,"profit_mean":0.0016382404985536495,"profit_mean_pct":0.16,"profit_total_abs":17.203518680000002,"profit_total":0.01720351868,"profit_total_pct":1.72,"duration_avg":"3:31:00","wins":18,"draws":12,"losses":3,"winrate":0.5454545454545454,"cagr":0.06628896272783158,"expectancy":0.5213187478787877,"expectancy_ratio":-0.33452473696268414,"sortino":25.557222792089878,"sharpe":0.47445225921322737,"calmar":9.973335091112913,"sqn":0.4129,"profit_factor":1.3202278934104748,"max_drawdown_account":0.03397438236960982,"max_drawdown_abs":35.77427002},{"key":"TOTAL","trades":33,"profit_mean":0.0016382404985536495,"profit_mean_pct":0.16,"profit_total_abs":17.203518680000002,"profit_total":0.01720351868,"profit_total_pct":1.72,"duration_avg":"3:31:00","wins":18,"draws":12,"losses":3,"winrate":0.5454545454545454,"cagr":0.06628896272783158,"expectancy":0.5213187478787877,"expectancy_ratio":-0.33452473696268414,"sortino":25.557222792089878,"sharpe":0.47445225921322737,"calmar":9.973335091112913,"sqn":0.4129,"profit_factor":1.3202278934104748,"max_drawdown_account":0.03397438236960982,"max_drawdown_abs":35.77427002}],"results_per_enter_tag":[{"key":"","trades":33,"profit_mean":0.0016382404985536495,"profit_mean_pct":0.16,"profit_total_abs":17.203518680000002,"profit_total":0.01720351868,"profit_total_pct":1.72,"duration_avg":"3:31:00","wins":18,"draws":12,"losses":3,"winrate":0.5454545454545454,"cagr":0.06628896272783158,"expectancy":0.5213187478787877,"expectancy_ratio":-0.33452473696268414,"sortino":25.557222792089878,"sharpe":0.47445225921322737,"calmar":9.973335091112913,"sqn":0.4129,"profit_factor":1.3202278934104748,"max_drawdown_account":0.03397438236960982,"max_drawdown_abs":35.77427002},{"key":"TOTAL","trades":33,"profit_mean":0.0016382404985536495,"profit_mean_pct":0.16,"profit_total_abs":17.203518680000002,"profit_total":0.01720351868,"profit_total_pct":1.72,"duration_avg":"3:31:00","wins":18,"draws":12,"losses":3,"winrate":0.5454545454545454,"cagr":0.06628896272783158,"expectancy":0.5213187478787877,"expectancy_ratio":-0.33452473696268414,"sortino":25.557222792089878,"sharpe":0.47445225921322737,"calmar":9.973335091112913,"sqn":0.4129,"profit_factor":1.3202278934104748,"max_drawdown_account":0.03397438236960982,"max_drawdown_abs":35.77427002}],"exit_reason_summary":[{"key":"roi","trades":30,"profit_mean":0.006989126983057846,"profit_mean_pct":0.7,"profit_total_abs":70.92625500000001,"profit_total":0.07092625500000001,"profit_total_pct":7.09,"duration_avg":"2:04:00","wins":18,"draws":12,"losses":0,"winrate":0.6,"cagr":0.2941418206151014,"expectancy":2.3642084999999997,"expectancy_ratio":100.0,"sortino":-100,"sharpe":3.2267019386920577,"calmar":-100,"sqn":2.9408,"profit_factor":0.0,"max_drawdown_account":0.0,"max_drawdown_abs":0.0},{"key":"stop_loss","trades":3,"profit_mean":-0.051870624346488314,"profit_mean_pct":-5.19,"profit_total_abs":-53.722736319999996,"profit_total":-0.05372273632,"profit_total_pct":-5.37,"duration_avg":"18:00:00","wins":0,"draws":0,"losses":3,"winrate":0.0,"cagr":-0.1876185858285161,"expectancy":-17.90757877333333,"expectancy_ratio":-1.0,"sortino":-79.80948355217166,"sharpe":-79.80948355217166,"calmar":-19.695848633549293,"sqn":-191.0177,"profit_factor":0.0,"max_drawdown_account":0.053722736319999964,"max_drawdown_abs":53.722736319999996},{"key":"TOTAL","trades":33,"profit_mean":0.0016382404985536495,"profit_mean_pct":0.16,"profit_total_abs":17.203518680000002,"profit_total":0.01720351868,"profit_total_pct":1.72,"duration_avg":"3:31:00","wins":18,"draws":12,"losses":3,"winrate":0.5454545454545454,"cagr":0.06628896272783158,"expectancy":0.5213187478787877,"expectancy_ratio":-0.33452473696268414,"sortino":25.557222792089878,"sharpe":0.47445225921322737,"calmar":9.973335091112913,"sqn":0.4129,"profit_factor":1.3202278934104748,"max_drawdown_account":0.03397438236960982,"max_drawdown_abs":35.77427002}],"mix_tag_stats":[{"key":["","roi"],"trades":30,"profit_mean":0.006989126983057846,"profit_mean_pct":0.7,"profit_total_abs":70.92625500000001,"profit_total":0.07092625500000001,"profit_total_pct":7.09,"duration_avg":"2:04:00","wins":18,"draws":12,"losses":0,"winrate":0.6,"cagr":0.2941418206151014,"expectancy":2.3642084999999997,"expectancy_ratio":100.0,"sortino":-100,"sharpe":3.2267019386920577,"calmar":-100,"sqn":2.9408,"profit_factor":0.0,"max_drawdown_account":0.0,"max_drawdown_abs":0.0},{"key":["","stop_loss"],"trades":3,"profit_mean":-0.051870624346488314,"profit_mean_pct":-5.19,"profit_total_abs":-53.722736319999996,"profit_total":-0.05372273632,"profit_total_pct":-5.37,"duration_avg":"18:00:00","wins":0,"draws":0,"losses":3,"winrate":0.0,"cagr":-0.1876185858285161,"expectancy":-17.90757877333333,"expectancy_ratio":-1.0,"sortino":-79.80948355217166,"sharpe":-79.80948355217166,"calmar":-19.695848633549293,"sqn":-191.0177,"profit_factor":0.0,"max_drawdown_account":0.053722736319999964,"max_drawdown_abs":53.722736319999996},{"key":"TOTAL","trades":33,"profit_mean":0.0016382404985536495,"profit_mean_pct":0.16,"profit_total_abs":17.203518680000002,"profit_total":0.01720351868,"profit_total_pct":1.72,"duration_avg":"3:31:00","wins":18,"draws":12,"losses":3,"winrate":0.5454545454545454,"cagr":0.06628896272783158,"expectancy":0.5213187478787877,"expectancy_ratio":-0.33452473696268414,"sortino":25.557222792089878,"sharpe":0.47445225921322737,"calmar":9.973335091112913,"sqn":0.4129,"profit_factor":1.3202278934104748,"max_drawdown_account":0.03397438236960982,"max_drawdown_abs":35.77427002}],"left_open_trades":[{"key":"TOTAL","trades":0,"profit_mean":0.0,"profit_mean_pct":0.0,"profit_total_abs":0.0,"profit_total":0.0,"profit_total_pct":0.0,"duration_avg":"0:00","wins":0,"draws":0,"losses":0,"winrate":0.0,"cagr":0.0,"expectancy":0.0,"expectancy_ratio":100.0,"sortino":0,"sharpe":0,"calmar":0,"sqn":0.0,"profit_factor":0.0,"max_drawdown_account":0.0,"max_drawdown_abs":0.0}],"total_trades":33,"trade_count_long":33,"trade_count_short":0,"total_volume":22414.42562586454,"avg_stake_amount":338.6733036363637,"profit_mean":0.0016382404985536495,"profit_median":0.0009577273015744806,"profit_total":0.01720351868,"profit_total_long":0.01720351868,"profit_total_short":0.0,"profit_total_abs":17.203518680000002,"profit_total_long_abs":17.203518680000002,"profit_total_short_abs":0.0,"cagr":0.06628896272783158,"expectancy":0.5213187478787877,"expectancy_ratio":-0.33452473696268414,"sortino":25.557222792089878,"sharpe":0.47445225921322737,"calmar":9.973335091112913,"sqn":0.4129,"profit_factor":1.3202278934104748,"backtest_start":"2025-10-01 00:00:00","backtest_start_ts":1759276800000,"backtest_end":"2026-01-06 20:00:00","backtest_end_ts":1767729600000,"backtest_days":97,"backtest_run_start_ts":1767739271,"backtest_run_end_ts":1767739271,"trades_per_day":0.34,"market_change":-0.36632086436227446,"pairlist":["DOGE/USDT"],"stake_amount":"unlimited","stake_currency":"USDT","stake_currency_decimals":3,"starting_balance":1000,"dry_run_wallet":1000,"final_balance":1017.20351868,"rejected_signals":0,"timedout_entry_orders":0,"timedout_exit_orders":0,"canceled_trade_entries":0,"canceled_entry_orders":0,"replaced_entry_orders":0,"max_open_trades":1,"max_open_trades_setting":3,"timeframe":"1h","timeframe_detail":"","timerange":"20251001-","enable_protections":false,"strategy_name":"ACO_40_24","freqaimodel":null,"freqai_identifier":null,"stoploss":-0.05,"trailing_stop":false,"trailing_stop_positive":null,"trailing_stop_positive_offset":0.0,"trailing_only_offset_is_reached":false,"use_custom_stoploss":false,"minimal_roi":{"0":0.1,"60":0.05,"120":0.0},"use_exit_signal":true,"exit_profit_only":false,"exit_profit_offset":0.0,"ignore_roi_if_entry_signal":false,"trading_mode":"spot","margin_mode":"","periodic_breakdown":{"day":[{"date":"03/10/2025","date_ts":1759449600000,"profit_abs":3.08302334,"wins":1,"draws":1,"losses":0,"trades":2,"profit_factor":0.0},{"date":"04/10/2025","date_ts":1759536000000,"profit_abs":0.0,"wins":0,"draws":0,"losses":0,"trades":0,"profit_factor":0.0},{"date":"05/10/2025","date_ts":1759622400000,"profit_abs":0.0,"wins":0,"draws":0,"losses":0,"trades":0,"profit_factor":0.0},{"date":"06/10/2025","date_ts":1759708800000,"profit_abs":0.0,"wins":0,"draws":0,"losses":0,"trades":0,"profit_factor":0.0},{"date":"07/10/2025","date_ts":1759795200000,"profit_abs":0.0,"wins":0,"draws":0,"losses":0,"trades":0,"profit_factor":0.0},{"date":"08/10/2025","date_ts":1759881600000,"profit_abs":0.0,"wins":0,"draws":0,"losses":0,"trades":0,"profit_factor":0.0},{"date":"09/10/2025","date_ts":1759968000000,"profit_abs":0.0,"wins":0,"draws":0,"losses":0,"trades":0,"profit_factor":0.0},{"date":"10/10/2025","date_ts":1760054400000,"profit_abs":1.58726229,"wins":2,"draws":1,"losses":0,"trades":3,"profit_factor":0.0},{"date":"11/10/2025","date_ts":1760140800000,"profit_abs":0.0,"wins":0,"draws":0,"losses":0,"trades":0,"profit_factor":0.0},{"date":"12/10/2025","date_ts":1760227200000,"profit_abs":16.57383,"wins":1,"draws":0,"losses":0,"trades":1,"profit_factor":0.0},{"date":"13/10/2025","date_ts":1760313600000,"profit_abs":0.0,"wins":0,"draws":0,"losses":0,"trades":0,"profit_factor":0.0},{"date":"14/10/2025","date_ts":1760400000000,"profit_abs":0.0,"wins":0,"draws":0,"losses":0,"trades":0,"profit_factor":0.0},{"date":"15/10/2025","date_ts":1760486400000,"profit_abs":1.77788709,"wins":1,"draws":1,"losses":0,"trades":2,"profit_factor":0.0},{"date":"16/10/2025","date_ts":1760572800000,"profit_abs":0.0,"wins":0,"draws":1,"losses":0,"trades":1,"profit_factor":0.0},{"date":"17/10/2025","date_ts":1760659200000,"profit_abs":0.0,"wins":0,"draws":0,"losses":0,"trades":0,"profit_factor":0.0},{"date":"18/10/2025","date_ts":1760745600000,"profit_abs":1.65619377,"wins":1,"draws":1,"losses":0,"trades":2,"profit_factor":0.0},{"date":"19/10/2025","date_ts":1760832000000,"profit_abs":0.0,"wins":0,"draws":0,"losses":0,"trades":0,"profit_factor":0.0},{"date":"20/10/2025","date_ts":1760918400000,"profit_abs":0.0,"wins":0,"draws":0,"losses":0,"trades":0,"profit_factor":0.0},{"date":"21/10/2025","date_ts":1761004800000,"profit_abs":0.0,"wins":0,"draws":0,"losses":0,"trades":0,"profit_factor":0.0},{"date":"22/10/2025","date_ts":1761091200000,"profit_abs":0.0,"wins":0,"draws":0,"losses":0,"trades":0,"profit_factor":0.0},{"date":"23/10/2025","date_ts":1761177600000,"profit_abs":0.0,"wins":0,"draws":0,"losses":0,"trades":0,"profit_factor":0.0},{"date":"24/10/2025","date_ts":1761264000000,"profit_abs":0.0,"wins":0,"draws":0,"losses":0,"trades":0,"profit_factor":0.0},{"date":"25/10/2025","date_ts":1761350400000,"profit_abs":0.0,"wins":0,"draws":0,"losses":0,"trades":0,"profit_factor":0.0},{"date":"26/10/2025","date_ts":1761436800000,"profit_abs":0.97712872,"wins":1,"draws":0,"losses":0,"trades":1,"profit_factor":0.0},{"date":"27/10/2025","date_ts":1761523200000,"profit_abs":0.0,"wins":0,"draws":0,"losses":0,"trades":0,"profit_factor":0.0},{"date":"28/10/2025","date_ts":1761609600000,"profit_abs":0.0,"wins":0,"draws":0,"losses":0,"trades":0,"profit_factor":0.0},{"date":"29/10/2025","date_ts":1761696000000,"profit_abs":0.0,"wins":0,"draws":0,"losses":0,"trades":0,"profit_factor":0.0},{"date":"30/10/2025","date_ts":1761782400000,"profit_abs":0.0,"wins":0,"draws":0,"losses":0,"trades":0,"profit_factor":0.0},{"date":"31/10/2025","date_ts":1761868800000,"profit_abs":0.0,"wins":0,"draws":0,"losses":0,"trades":0,"profit_factor":0.0},{"date":"01/11/2025","date_ts":1761955200000,"profit_abs":0.0,"wins":0,"draws":0,"losses":0,"trades":0,"profit_factor":0.0},{"date":"02/11/2025","date_ts":1762041600000,"profit_abs":0.0,"wins":0,"draws":0,"losses":0,"trades":0,"profit_factor":0.0},{"date":"03/11/2025","date_ts":1762128000000,"profit_abs":0.0,"wins":0,"draws":0,"losses":0,"trades":0,"profit_factor":0.0},{"date":"04/11/2025","date_ts":1762214400000,"profit_abs":0.0,"wins":0,"draws":0,"losses":0,"trades":0,"profit_factor":0.0},{"date":"05/11/2025","date_ts":1762300800000,"profit_abs":0.0,"wins":0,"draws":0,"losses":0,"trades":0,"profit_factor":0.0},{"date":"06/11/2025","date_ts":1762387200000,"profit_abs":0.0,"wins":0,"draws":0,"losses":0,"trades":0,"profit_factor":0.0},{"date":"07/11/2025","date_ts":1762473600000,"profit_abs":18.56723508,"wins":2,"draws":0,"losses":0,"trades":2,"profit_factor":0.0},{"date":"08/11/2025","date_ts":1762560000000,"profit_abs":0.0,"wins":0,"draws":0,"losses":0,"trades":0,"profit_factor":0.0},{"date":"09/11/2025","date_ts":1762646400000,"profit_abs":0.0,"wins":0,"draws":0,"losses":0,"trades":0,"profit_factor":0.0},{"date":"10/11/2025","date_ts":1762732800000,"profit_abs":0.0,"wins":0,"draws":0,"losses":0,"trades":0,"profit_factor":0.0},{"date":"11/11/2025","date_ts":1762819200000,"profit_abs":0.0,"wins":0,"draws":1,"losses":0,"trades":1,"profit_factor":0.0},{"date":"12/11/2025","date_ts":1762905600000,"profit_abs":3.8580605,"wins":1,"draws":0,"losses":0,"trades":1,"profit_factor":0.0},{"date":"13/11/2025","date_ts":1762992000000,"profit_abs":0.0,"wins":0,"draws":0,"losses":0,"trades":0,"profit_factor":0.0},{"date":"14/11/2025","date_ts":1763078400000,"profit_abs":0.0,"wins":0,"draws":0,"losses":0,"trades":0,"profit_factor":0.0},{"date":"15/11/2025","date_ts":1763164800000,"profit_abs":0.0,"wins":0,"draws":0,"losses":0,"trades":0,"profit_factor":0.0},{"date":"16/11/2025","date_ts":1763251200000,"profit_abs":0.0,"wins":0,"draws":0,"losses":0,"trades":0,"profit_factor":0.0},{"date":"17/11/2025","date_ts":1763337600000,"profit_abs":-17.9484663,"wins":0,"draws":0,"losses":1,"trades":1,"profit_factor":0.0},{"date":"18/11/2025","date_ts":1763424000000,"profit_abs":0.0,"wins":0,"draws":0,"losses":0,"trades":0,"profit_factor":0.0},{"date":"19/11/2025","date_ts":1763510400000,"profit_abs":0.0,"wins":0,"draws":0,"losses":0,"trades":0,"profit_factor":0.0},{"date":"20/11/2025","date_ts":1763596800000,"profit_abs":3.05467488,"wins":1,"draws":0,"losses":0,"trades":1,"profit_factor":0.0},{"date":"21/11/2025","date_ts":1763683200000,"profit_abs":0.0,"wins":0,"draws":0,"losses":0,"trades":0,"profit_factor":0.0},{"date":"22/11/2025","date_ts":1763769600000,"profit_abs":0.0,"wins":0,"draws":0,"losses":0,"trades":0,"profit_factor":0.0},{"date":"23/11/2025","date_ts":1763856000000,"profit_abs":2.153437,"wins":1,"draws":0,"losses":0,"trades":1,"profit_factor":0.0},{"date":"24/11/2025","date_ts":1763942400000,"profit_abs":1.77461163,"wins":1,"draws":0,"losses":0,"trades":1,"profit_factor":0.0},{"date":"25/11/2025","date_ts":1764028800000,"profit_abs":2.328872,"wins":1,"draws":1,"losses":0,"trades":2,"profit_factor":0.0},{"date":"26/11/2025","date_ts":1764115200000,"profit_abs":0.0,"wins":0,"draws":0,"losses":0,"trades":0,"profit_factor":0.0},{"date":"27/11/2025","date_ts":1764201600000,"profit_abs":0.0,"wins":0,"draws":0,"losses":0,"trades":0,"profit_factor":0.0},{"date":"28/11/2025","date_ts":1764288000000,"profit_abs":2.07650008,"wins":1,"draws":0,"losses":0,"trades":1,"profit_factor":0.0},{"date":"29/11/2025","date_ts":1764374400000,"profit_abs":0.0,"wins":0,"draws":0,"losses":0,"trades":0,"profit_factor":0.0},{"date":"30/11/2025","date_ts":1764460800000,"profit_abs":0.0,"wins":0,"draws":0,"losses":0,"trades":0,"profit_factor":0.0},{"date":"01/12/2025","date_ts":1764547200000,"profit_abs":0.0,"wins":0,"draws":0,"losses":0,"trades":0,"profit_factor":0.0},{"date":"02/12/2025","date_ts":1764633600000,"profit_abs":0.32939712,"wins":1,"draws":0,"losses":0,"trades":1,"profit_factor":0.0},{"date":"03/12/2025","date_ts":1764720000000,"profit_abs":0.0,"wins":0,"draws":0,"losses":0,"trades":0,"profit_factor":0.0},{"date":"04/12/2025","date_ts":1764806400000,"profit_abs":0.0,"wins":0,"draws":0,"losses":0,"trades":0,"profit_factor":0.0},{"date":"05/12/2025","date_ts":1764892800000,"profit_abs":0.0,"wins":0,"draws":0,"losses":0,"trades":0,"profit_factor":0.0},{"date":"06/12/2025","date_ts":1764979200000,"profit_abs":0.0,"wins":0,"draws":1,"losses":0,"trades":1,"profit_factor":0.0},{"date":"07/12/2025","date_ts":1765065600000,"profit_abs":0.8904735,"wins":1,"draws":0,"losses":0,"trades":1,"profit_factor":0.0},{"date":"08/12/2025","date_ts":1765152000000,"profit_abs":0.0,"wins":0,"draws":0,"losses":0,"trades":0,"profit_factor":0.0},{"date":"09/12/2025","date_ts":1765238400000,"profit_abs":10.237668,"wins":1,"draws":0,"losses":0,"trades":1,"profit_factor":0.0},{"date":"10/12/2025","date_ts":1765324800000,"profit_abs":0.0,"wins":0,"draws":0,"losses":0,"trades":0,"profit_factor":0.0},{"date":"11/12/2025","date_ts":1765411200000,"profit_abs":0.0,"wins":0,"draws":0,"losses":0,"trades":0,"profit_factor":0.0},{"date":"12/12/2025","date_ts":1765497600000,"profit_abs":0.0,"wins":0,"draws":0,"losses":0,"trades":0,"profit_factor":0.0},{"date":"13/12/2025","date_ts":1765584000000,"profit_abs":0.0,"wins":0,"draws":0,"losses":0,"trades":0,"profit_factor":0.0},{"date":"14/12/2025","date_ts":1765670400000,"profit_abs":0.0,"wins":0,"draws":0,"losses":0,"trades":0,"profit_factor":0.0},{"date":"15/12/2025","date_ts":1765756800000,"profit_abs":-18.04560387,"wins":0,"draws":0,"losses":1,"trades":1,"profit_factor":0.0},{"date":"16/12/2025","date_ts":1765843200000,"profit_abs":0.0,"wins":0,"draws":0,"losses":0,"trades":0,"profit_factor":0.0},{"date":"17/12/2025","date_ts":1765929600000,"profit_abs":0.0,"wins":0,"draws":0,"losses":0,"trades":0,"profit_factor":0.0},{"date":"18/12/2025","date_ts":1766016000000,"profit_abs":-17.72866615,"wins":0,"draws":0,"losses":1,"trades":1,"profit_factor":0.0},{"date":"19/12/2025","date_ts":1766102400000,"profit_abs":0.0,"wins":0,"draws":0,"losses":0,"trades":0,"profit_factor":0.0},{"date":"20/12/2025","date_ts":1766188800000,"profit_abs":0.0,"wins":0,"draws":1,"losses":0,"trades":1,"profit_factor":0.0},{"date":"21/12/2025","date_ts":1766275200000,"profit_abs":0.0,"wins":0,"draws":1,"losses":0,"trades":1,"profit_factor":0.0},{"date":"22/12/2025","date_ts":1766361600000,"profit_abs":0.0,"wins":0,"draws":0,"losses":0,"trades":0,"profit_factor":0.0},{"date":"23/12/2025","date_ts":1766448000000,"profit_abs":0.0,"wins":0,"draws":0,"losses":0,"trades":0,"profit_factor":0.0},{"date":"24/12/2025","date_ts":1766534400000,"profit_abs":0.0,"wins":0,"draws":0,"losses":0,"trades":0,"profit_factor":0.0},{"date":"25/12/2025","date_ts":1766620800000,"profit_abs":0.0,"wins":0,"draws":0,"losses":0,"trades":0,"profit_factor":0.0},{"date":"26/12/2025","date_ts":1766707200000,"profit_abs":0.0,"wins":0,"draws":0,"losses":0,"trades":0,"profit_factor":0.0},{"date":"27/12/2025","date_ts":1766793600000,"profit_abs":0.0,"wins":0,"draws":0,"losses":0,"trades":0,"profit_factor":0.0},{"date":"28/12/2025","date_ts":1766880000000,"profit_abs":0.0,"wins":0,"draws":0,"losses":0,"trades":0,"profit_factor":0.0},{"date":"29/12/2025","date_ts":1766966400000,"profit_abs":0.0,"wins":0,"draws":0,"losses":0,"trades":0,"profit_factor":0.0},{"date":"30/12/2025","date_ts":1767052800000,"profit_abs":0.0,"wins":0,"draws":0,"losses":0,"trades":0,"profit_factor":0.0},{"date":"31/12/2025","date_ts":1767139200000,"profit_abs":0.0,"wins":0,"draws":0,"losses":0,"trades":0,"profit_factor":0.0},{"date":"01/01/2026","date_ts":1767225600000,"profit_abs":0.0,"wins":0,"draws":1,"losses":0,"trades":1,"profit_factor":0.0},{"date":"02/01/2026","date_ts":1767312000000,"profit_abs":0.0,"wins":0,"draws":0,"losses":0,"trades":0,"profit_factor":0.0},{"date":"03/01/2026","date_ts":1767398400000,"profit_abs":0.0,"wins":0,"draws":1,"losses":0,"trades":1,"profit_factor":0.0}],"week":[{"date":"06/10/2025","date_ts":1759708800000,"profit_abs":3.08302334,"wins":1,"draws":1,"losses":0,"trades":2,"profit_factor":0.0},{"date":"13/10/2025","date_ts":1760313600000,"profit_abs":18.16109229,"wins":3,"draws":1,"losses":0,"trades":4,"profit_factor":0.0},{"date":"20/10/2025","date_ts":1760918400000,"profit_abs":3.43408086,"wins":2,"draws":3,"losses":0,"trades":5,"profit_factor":0.0},{"date":"27/10/2025","date_ts":1761523200000,"profit_abs":0.97712872,"wins":1,"draws":0,"losses":0,"trades":1,"profit_factor":0.0},{"date":"03/11/2025","date_ts":1762128000000,"profit_abs":0.0,"wins":0,"draws":0,"losses":0,"trades":0,"profit_factor":0.0},{"date":"10/11/2025","date_ts":1762732800000,"profit_abs":18.56723508,"wins":2,"draws":0,"losses":0,"trades":2,"profit_factor":0.0},{"date":"17/11/2025","date_ts":1763337600000,"profit_abs":-14.0904058,"wins":1,"draws":1,"losses":1,"trades":3,"profit_factor":0.2149521},{"date":"24/11/2025","date_ts":1763942400000,"profit_abs":6.98272351,"wins":3,"draws":0,"losses":0,"trades":3,"profit_factor":0.0},{"date":"01/12/2025","date_ts":1764547200000,"profit_abs":4.40537208,"wins":2,"draws":1,"losses":0,"trades":3,"profit_factor":0.0},{"date":"08/12/2025","date_ts":1765152000000,"profit_abs":1.21987062,"wins":2,"draws":1,"losses":0,"trades":3,"profit_factor":0.0},{"date":"15/12/2025","date_ts":1765756800000,"profit_abs":-7.80793587,"wins":1,"draws":0,"losses":1,"trades":2,"profit_factor":0.567322},{"date":"22/12/2025","date_ts":1766361600000,"profit_abs":-17.72866615,"wins":0,"draws":2,"losses":1,"trades":3,"profit_factor":0.0},{"date":"29/12/2025","date_ts":1766966400000,"profit_abs":0.0,"wins":0,"draws":0,"losses":0,"trades":0,"profit_factor":0.0},{"date":"05/01/2026","date_ts":1767571200000,"profit_abs":0.0,"wins":0,"draws":2,"losses":0,"trades":2,"profit_factor":0.0}],"month":[{"date":"31/10/2025","date_ts":1761868800000,"profit_abs":25.65532521,"wins":7,"draws":5,"losses":0,"trades":12,"profit_factor":0.0},{"date":"30/11/2025","date_ts":1764460800000,"profit_abs":15.86492487,"wins":8,"draws":2,"losses":1,"trades":11,"profit_factor":1.88391535},{"date":"31/12/2025","date_ts":1767139200000,"profit_abs":-24.3167314,"wins":3,"draws":3,"losses":2,"trades":8,"profit_factor":0.32027316},{"date":"31/01/2026","date_ts":1769817600000,"profit_abs":0.0,"wins":0,"draws":2,"losses":0,"trades":2,"profit_factor":0.0}],"year":[{"date":"31/12/2025","date_ts":1767139200000,"profit_abs":17.20351868,"wins":18,"draws":10,"losses":3,"trades":31,"profit_factor":1.32022789},{"date":"31/12/2026","date_ts":1798675200000,"profit_abs":0.0,"wins":0,"draws":2,"losses":0,"trades":2,"profit_factor":0.0}],"weekday":[{"date":"Monday","date_ts":0,"profit_abs":-34.21945854,"wins":1,"draws":0,"losses":2,"trades":3,"profit_factor":0.04930289},{"date":"Tuesday","date_ts":1,"profit_abs":12.89593712,"wins":3,"draws":2,"losses":0,"trades":5,"profit_factor":0.0},{"date":"Wednesday","date_ts":2,"profit_abs":5.63594759,"wins":2,"draws":1,"losses":0,"trades":3,"profit_factor":0.0},{"date":"Thursday","date_ts":3,"profit_abs":-14.67399127,"wins":1,"draws":2,"losses":1,"trades":4,"profit_factor":0.17230145},{"date":"Friday","date_ts":4,"profit_abs":25.31402079,"wins":6,"draws":2,"losses":0,"trades":8,"profit_factor":0.0},{"date":"Saturday","date_ts":5,"profit_abs":1.65619377,"wins":1,"draws":4,"losses":0,"trades":5,"profit_factor":0.0},{"date":"Sunday","date_ts":6,"profit_abs":20.59486922,"wins":4,"draws":1,"losses":0,"trades":5,"profit_factor":0.0}]},"backtest_best_day":0.054747007271082594,"backtest_worst_day":-0.05188374628823421,"backtest_best_day_abs":18.56723508,"backtest_worst_day_abs":-18.04560387,"winning_days":16,"draw_days":74,"losing_days":3,"daily_profit":[["2025-10-03",3.08302334],["2025-10-04",0.0],["2025-10-05",0.0],["2025-10-06",0.0],["2025-10-07",0.0],["2025-10-08",0.0],["2025-10-09",0.0],["2025-10-10",1.58726229],["2025-10-11",0.0],["2025-10-12",16.57383],["2025-10-13",0.0],["2025-10-14",0.0],["2025-10-15",1.77788709],["2025-10-16",0.0],["2025-10-17",0.0],["2025-10-18",1.65619377],["2025-10-19",0.0],["2025-10-20",0.0],["2025-10-21",0.0],["2025-10-22",0.0],["2025-10-23",0.0],["2025-10-24",0.0],["2025-10-25",0.0],["2025-10-26",0.97712872],["2025-10-27",0.0],["2025-10-28",0.0],["2025-10-29",0.0],["2025-10-30",0.0],["2025-10-31",0.0],["2025-11-01",0.0],["2025-11-02",0.0],["2025-11-03",0.0],["2025-11-04",0.0],["2025-11-05",0.0],["2025-11-06",0.0],["2025-11-07",18.56723508],["2025-11-08",0.0],["2025-11-09",0.0],["2025-11-10",0.0],["2025-11-11",0.0],["2025-11-12",3.8580605],["2025-11-13",0.0],["2025-11-14",0.0],["2025-11-15",0.0],["2025-11-16",0.0],["2025-11-17",-17.9484663],["2025-11-18",0.0],["2025-11-19",0.0],["2025-11-20",3.05467488],["2025-11-21",0.0],["2025-11-22",0.0],["2025-11-23",2.153437],["2025-11-24",1.77461163],["2025-11-25",2.328872],["2025-11-26",0.0],["2025-11-27",0.0],["2025-11-28",2.07650008],["2025-11-29",0.0],["2025-11-30",0.0],["2025-12-01",0.0],["2025-12-02",0.32939712],["2025-12-03",0.0],["2025-12-04",0.0],["2025-12-05",0.0],["2025-12-06",0.0],["2025-12-07",0.8904735],["2025-12-08",0.0],["2025-12-09",10.237668],["2025-12-10",0.0],["2025-12-11",0.0],["2025-12-12",0.0],["2025-12-13",0.0],["2025-12-14",0.0],["2025-12-15",-18.04560387],["2025-12-16",0.0],["2025-12-17",0.0],["2025-12-18",-17.72866615],["2025-12-19",0.0],["2025-12-20",0.0],["2025-12-21",0.0],["2025-12-22",0.0],["2025-12-23",0.0],["2025-12-24",0.0],["2025-12-25",0.0],["2025-12-26",0.0],["2025-12-27",0.0],["2025-12-28",0.0],["2025-12-29",0.0],["2025-12-30",0.0],["2025-12-31",0.0],["2026-01-01",0.0],["2026-01-02",0.0],["2026-01-03",0.0]],"wins":18,"losses":3,"draws":12,"winrate":0.5454545454545454,"holding_avg":"3:31:00","holding_avg_s":12660.0,"winner_holding_min":"0d 01:00","winner_holding_min_s":3600.0,"winner_holding_max":"0d 02:00","winner_holding_max_s":7200.0,"winner_holding_avg":"0d 01:53","winner_holding_avg_s":6780.0,"loser_holding_min":"0d 03:00","loser_holding_min_s":10800.0,"loser_holding_max":"1d 12:00","loser_holding_max_s":129600.0,"loser_holding_avg":"0d 18:00","loser_holding_avg_s":64800.0,"max_consecutive_wins":4,"max_consecutive_losses":6,"max_drawdown_account":0.03397438236960982,"max_relative_drawdown":0.03397438236960982,"max_drawdown_abs":35.77427002,"drawdown_start":"2025-12-09 18:00:00","drawdown_start_ts":1765303200000.0,"drawdown_end":"2025-12-18 05:00:00","drawdown_end_ts":1766034000000.0,"drawdown_duration":"8 days 11:00:00","drawdown_duration_s":730800.0,"max_drawdown_low":17.203518680000006,"max_drawdown_high":52.977788700000005,"csum_min":1000.0,"csum_max":1052.9777887}},"strategy_comparison":[{"key":"ACO_40_24","trades":33,"profit_mean":0.0016382404985536495,"profit_mean_pct":0.16,"profit_total_abs":17.203518680000002,"profit_total":0.01720351868,"profit_total_pct":1.72,"duration_avg":"3:31:00","wins":18,"draws":12,"losses":3,"winrate":0.5454545454545454,"cagr":0.06628896272783158,"expectancy":0.5213187478787877,"expectancy_ratio":-0.33452473696268414,"sortino":25.557222792089878,"sharpe":0.47445225921322737,"calmar":9.973335091112913,"sqn":0.4129,"profit_factor":1.3202278934104748,"max_drawdown_account":0.03397438236960982,"max_drawdown_abs":"35.774"}]}