{"strategy":{"ACO_67_17":{"trades":[{"pair":"DOGE/USDT","stake_amount":329.93064,"max_stake_amount":329.93064,"amount":1313.0,"open_date":"2025-10-10 04:00:00+00:00","close_date":"2025-10-10 06:00:00+00:00","open_rate":0.25128,"close_rate":0.25199,"fee_open":0.001,"fee_close":0.001,"trade_duration":120,"profit_ratio":0.0008218858505391456,"profit_abs":0.27143649,"exit_reason":"roi","initial_stop_loss_abs":0.23872,"initial_stop_loss_ratio":-0.05,"stop_loss_abs":0.23872,"stop_loss_ratio":-0.05,"min_rate":0.24856,"max_rate":0.25296,"is_open":false,"enter_tag":"","leverage":1.0,"is_short":false,"open_timestamp":1760068800000,"close_timestamp":1760076000000,"orders":[{"amount":1313.0,"safe_price":0.25128,"ft_order_side":"buy","order_filled_timestamp":1760068800000,"ft_is_entry":true,"ft_order_tag":"","cost":330.26057063999997},{"amount":1313.0,"safe_price":0.25199,"ft_order_side":"sell","order_filled_timestamp":1760076000000,"ft_is_entry":false,"ft_order_tag":"roi","cost":331.19373286999996}],"funding_fees":0.0,"weekday":4},{"pair":"DOGE/USDT","stake_amount":329.84224,"max_stake_amount":329.84224,"amount":1316.0,"open_date":"2025-10-10 11:00:00+00:00","close_date":"2025-10-10 13:00:00+00:00","open_rate":0.25064,"close_rate":0.2511417817817817,"fee_open":0.001,"fee_close":0.001,"trade_duration":120,"profit_ratio":0.0,"profit_abs":0.0,"exit_reason":"roi","initial_stop_loss_abs":0.23811,"initial_stop_loss_ratio":-0.05,"stop_loss_abs":0.23811,"stop_loss_ratio":-0.05,"min_rate":0.24958,"max_rate":0.25403,"is_open":false,"enter_tag":"","leverage":1.0,"is_short":false,"open_timestamp":1760094000000,"close_timestamp":1760101200000,"orders":[{"amount":1316.0,"safe_price":0.25064,"ft_order_side":"buy","order_filled_timestamp":1760094000000,"ft_is_entry":true,"ft_order_tag":"","cost":330.1720822399999},{"amount":1316.0,"safe_price":0.2511417817817817,"ft_order_side":"sell","order_filled_timestamp":1760101200000,"ft_is_entry":false,"ft_order_tag":"roi","cost":330.8330874096495}],"funding_fees":0.0,"weekday":4},{"pair":"DOGE/USDT","stake_amount":329.90748,"max_stake_amount":329.90748,"amount":1682.0,"open_date":"2025-10-12 15:00:00+00:00","close_date":"2025-10-12 16:00:00+00:00","open_rate":0.19614,"close_rate":0.2063494894894895,"fee_open":0.001,"fee_close":0.001,"trade_duration":60,"profit_ratio":0.04995004995004996,"profit_abs":16.495374,"exit_reason":"roi","initial_stop_loss_abs":0.18634,"initial_stop_loss_ratio":-0.05,"stop_loss_abs":0.18634,"stop_loss_ratio":-0.05,"min_rate":0.19562,"max_rate":0.2095,"is_open":false,"enter_tag":"","leverage":1.0,"is_short":false,"open_timestamp":1760281200000,"close_timestamp":1760284800000,"orders":[{"amount":1682.0,"safe_price":0.19614,"ft_order_side":"buy","order_filled_timestamp":1760281200000,"ft_is_entry":true,"ft_order_tag":"","cost":330.23738748},{"amount":1682.0,"safe_price":0.2063494894894895,"ft_order_side":"sell","order_filled_timestamp":1760284800000,"ft_is_entry":false,"ft_order_tag":"roi","cost":347.4269211626426}],"funding_fees":0.0,"weekday":6},{"pair":"DOGE/USDT","stake_amount":335.35,"max_stake_amount":335.35,"amount":1765.0,"open_date":"2025-10-18 18:00:00+00:00","close_date":"2025-10-19 03:00:00+00:00","open_rate":0.19,"close_rate":0.19038038038038035,"fee_open":0.001,"fee_close":0.001,"trade_duration":540,"profit_ratio":0.0,"profit_abs":0.0,"exit_reason":"roi","initial_stop_loss_abs":0.1805,"initial_stop_loss_ratio":-0.05,"stop_loss_abs":0.1805,"stop_loss_ratio":-0.05,"min_rate":0.18777,"max_rate":0.19078,"is_open":false,"enter_tag":"","leverage":1.0,"is_short":false,"open_timestamp":1760810400000,"close_timestamp":1760842800000,"orders":[{"amount":1765.0,"safe_price":0.19,"ft_order_side":"buy","order_filled_timestamp":1760810400000,"ft_is_entry":true,"ft_order_tag":"","cost":335.68534999999997},{"amount":1765.0,"safe_price":0.19038038038038035,"ft_order_side":"sell","order_filled_timestamp":1760842800000,"ft_is_entry":false,"ft_order_tag":"roi","cost":336.35739274274266}],"funding_fees":0.0,"weekday":6},{"pair":"DOGE/USDT","stake_amount":335.42768,"max_stake_amount":335.42768,"amount":1784.0,"open_date":"2025-11-02 05:00:00+00:00","close_date":"2025-11-02 07:00:00+00:00","open_rate":0.18802,"close_rate":0.18839641641641638,"fee_open":0.001,"fee_close":0.001,"trade_duration":120,"profit_ratio":0.0,"profit_abs":0.0,"exit_reason":"roi","initial_stop_loss_abs":0.17862,"initial_stop_loss_ratio":-0.05,"stop_loss_abs":0.17862,"stop_loss_ratio":-0.05,"min_rate":0.18701,"max_rate":0.18884,"is_open":false,"enter_tag":"","leverage":1.0,"is_short":false,"open_timestamp":1762059600000,"close_timestamp":1762066800000,"orders":[{"amount":1784.0,"safe_price":0.18802,"ft_order_side":"buy","order_filled_timestamp":1762059600000,"ft_is_entry":true,"ft_order_tag":"","cost":335.76310767999996},{"amount":1784.0,"safe_price":0.18839641641641638,"ft_order_side":"sell","order_filled_timestamp":1762066800000,"ft_is_entry":false,"ft_order_tag":"roi","cost":336.43530609377365}],"funding_fees":0.0,"weekday":6},{"pair":"DOGE/USDT","stake_amount":335.4756,"max_stake_amount":335.4756,"amount":1830.0,"open_date":"2025-11-10 23:00:00+00:00","close_date":"2025-11-11 01:00:00+00:00","open_rate":0.18332,"close_rate":0.183687007007007,"fee_open":0.001,"fee_close":0.001,"trade_duration":120,"profit_ratio":0.0,"profit_abs":0.0,"exit_reason":"roi","initial_stop_loss_abs":0.17416,"initial_stop_loss_ratio":-0.05,"stop_loss_abs":0.17416,"stop_loss_ratio":-0.05,"min_rate":0.17933,"max_rate":0.1864,"is_open":false,"enter_tag":"","leverage":1.0,"is_short":false,"open_timestamp":1762815600000,"close_timestamp":1762822800000,"orders":[{"amount":1830.0,"safe_price":0.18332,"ft_order_side":"buy","order_filled_timestamp":1762815600000,"ft_is_entry":true,"ft_order_tag":"","cost":335.8110756},{"amount":1830.0,"safe_price":0.183687007007007,"ft_order_side":"sell","order_filled_timestamp":1762822800000,"ft_is_entry":false,"ft_order_tag":"roi","cost":336.4833700456456}],"funding_fees":0.0,"weekday":1},{"pair":"DOGE/USDT","stake_amount":335.49477,"max_stake_amount":335.49477,"amount":2067.0,"open_date":"2025-11-17 15:00:00+00:00","close_date":"2025-11-17 18:00:00+00:00","open_rate":0.16231,"close_rate":0.1542,"fee_open":0.001,"fee_close":0.001,"trade_duration":180,"profit_ratio":-0.051864283827810415,"profit_abs":-17.41759617,"exit_reason":"stop_loss","initial_stop_loss_abs":0.1542,"initial_stop_loss_ratio":-0.05,"stop_loss_abs":0.1542,"stop_loss_ratio":-0.05,"min_rate":0.15372,"max_rate":0.16367,"is_open":false,"enter_tag":"","leverage":1.0,"is_short":false,"open_timestamp":1763391600000,"close_timestamp":1763402400000,"orders":[{"amount":2067.0,"safe_price":0.16231,"ft_order_side":"buy","order_filled_timestamp":1763391600000,"ft_is_entry":true,"ft_order_tag":"","cost":335.83026477},{"amount":2067.0,"safe_price":0.1542,"ft_order_side":"sell","order_filled_timestamp":1763402400000,"ft_is_entry":false,"ft_order_tag":"stop_loss","cost":319.0501314}],"funding_fees":0.0,"weekday":0},{"pair":"DOGE/USDT","stake_amount":329.75917,"max_stake_amount":329.75917,"amount":2327.0,"open_date":"2025-11-23 02:00:00+00:00","close_date":"2025-11-23 04:00:00+00:00","open_rate":0.14171,"close_rate":0.14289,"fee_open":0.001,"fee_close":0.001,"trade_duration":120,"profit_ratio":0.006312225633374458,"profit_abs":2.0835958,"exit_reason":"roi","initial_stop_loss_abs":0.13463,"initial_stop_loss_ratio":-0.05,"stop_loss_abs":0.13463,"stop_loss_ratio":-0.05,"min_rate":0.14124,"max_rate":0.1447,"is_open":false,"enter_tag":"","leverage":1.0,"is_short":false,"open_timestamp":1763863200000,"close_timestamp":1763870400000,"orders":[{"amount":2327.0,"safe_price":0.14171,"ft_order_side":"buy","order_filled_timestamp":1763863200000,"ft_is_entry":true,"ft_order_tag":"","cost":330.08892917},{"amount":2327.0,"safe_price":0.14289,"ft_order_side":"sell","order_filled_timestamp":1763870400000,"ft_is_entry":false,"ft_order_tag":"roi","cost":332.8375350299999}],"funding_fees":0.0,"weekday":6},{"pair":"DOGE/USDT","stake_amount":330.46059,"max_stake_amount":330.46059,"amount":2267.0,"open_date":"2025-11-24 14:00:00+00:00","close_date":"2025-11-24 16:00:00+00:00","open_rate":0.14577,"close_rate":0.14682,"fee_open":0.001,"fee_close":0.001,"trade_duration":120,"profit_ratio":0.005190734353113444,"profit_abs":1.71704847,"exit_reason":"roi","initial_stop_loss_abs":0.13849,"initial_stop_loss_ratio":-0.05,"stop_loss_abs":0.13849,"stop_loss_ratio":-0.05,"min_rate":0.14279,"max_rate":0.14854,"is_open":false,"enter_tag":"","leverage":1.0,"is_short":false,"open_timestamp":1763992800000,"close_timestamp":1764000000000,"orders":[{"amount":2267.0,"safe_price":0.14577,"ft_order_side":"buy","order_filled_timestamp":1763992800000,"ft_is_entry":true,"ft_order_tag":"","cost":330.79105059},{"amount":2267.0,"safe_price":0.14682,"ft_order_side":"sell","order_filled_timestamp":1764000000000,"ft_is_entry":false,"ft_order_tag":"roi","cost":333.17378094}],"funding_fees":0.0,"weekday":0},{"pair":"DOGE/USDT","stake_amount":330.993,"max_stake_amount":330.993,"amount":2340.0,"open_date":"2025-12-07 18:00:00+00:00","close_date":"2025-12-07 20:00:00+00:00","open_rate":0.14145,"close_rate":0.1421,"fee_open":0.001,"fee_close":0.001,"trade_duration":120,"profit_ratio":0.0025880800005932563,"profit_abs":0.857493,"exit_reason":"roi","initial_stop_loss_abs":0.13438,"initial_stop_loss_ratio":-0.05,"stop_loss_abs":0.13438,"stop_loss_ratio":-0.05,"min_rate":0.14126,"max_rate":0.14291,"is_open":false,"enter_tag":"","leverage":1.0,"is_short":false,"open_timestamp":1765130400000,"close_timestamp":1765137600000,"orders":[{"amount":2340.0,"safe_price":0.14145,"ft_order_side":"buy","order_filled_timestamp":1765130400000,"ft_is_entry":true,"ft_order_tag":"","cost":331.323993},{"amount":2340.0,"safe_price":0.1421,"ft_order_side":"sell","order_filled_timestamp":1765137600000,"ft_is_entry":false,"ft_order_tag":"roi","cost":332.84651399999996}],"funding_fees":0.0,"weekday":6},{"pair":"DOGE/USDT","stake_amount":331.19328,"max_stake_amount":331.19328,"amount":2382.0,"open_date":"2025-12-14 03:00:00+00:00","close_date":"2025-12-15 15:00:00+00:00","open_rate":0.13904,"close_rate":0.13209,"fee_open":0.001,"fee_close":0.001,"trade_duration":2160,"profit_ratio":-0.0518837462882342,"profit_abs":-17.20073166,"exit_reason":"stop_loss","initial_stop_loss_abs":0.13209,"initial_stop_loss_ratio":-0.05,"stop_loss_abs":0.13209,"stop_loss_ratio":-0.05,"min_rate":0.12977,"max_rate":0.13925,"is_open":false,"enter_tag":"","leverage":1.0,"is_short":false,"open_timestamp":1765681200000,"close_timestamp":1765810800000,"orders":[{"amount":2382.0,"safe_price":0.13904,"ft_order_side":"buy","order_filled_timestamp":1765681200000,"ft_is_entry":true,"ft_order_tag":"","cost":331.52447328},{"amount":2382.0,"safe_price":0.13209,"ft_order_side":"sell","order_filled_timestamp":1765810800000,"ft_is_entry":false,"ft_order_tag":"stop_loss","cost":314.95301838}],"funding_fees":0.0,"weekday":0},{"pair":"DOGE/USDT","stake_amount":325.53486,"max_stake_amount":325.53486,"amount":2478.0,"open_date":"2025-12-16 15:00:00+00:00","close_date":"2025-12-16 17:00:00+00:00","open_rate":0.13137,"close_rate":0.13164,"fee_open":0.001,"fee_close":0.001,"trade_duration":120,"profit_ratio":5.315533975045279e-05,"profit_abs":0.01732122,"exit_reason":"roi","initial_stop_loss_abs":0.12481,"initial_stop_loss_ratio":-0.05,"stop_loss_abs":0.12481,"stop_loss_ratio":-0.05,"min_rate":0.13069,"max_rate":0.13305,"is_open":false,"enter_tag":"","leverage":1.0,"is_short":false,"open_timestamp":1765897200000,"close_timestamp":1765904400000,"orders":[{"amount":2478.0,"safe_price":0.13137,"ft_order_side":"buy","order_filled_timestamp":1765897200000,"ft_is_entry":true,"ft_order_tag":"","cost":325.86039485999993},{"amount":2478.0,"safe_price":0.13164,"ft_order_side":"sell","order_filled_timestamp":1765904400000,"ft_is_entry":false,"ft_order_tag":"roi","cost":326.53012392}],"funding_fees":0.0,"weekday":1},{"pair":"DOGE/USDT","stake_amount":325.62756,"max_stake_amount":325.62756,"amount":2484.0,"open_date":"2025-12-17 14:00:00+00:00","close_date":"2025-12-18 05:00:00+00:00","open_rate":0.13109,"close_rate":0.12454,"fee_open":0.001,"fee_close":0.001,"trade_duration":900,"profit_ratio":-0.05186384292342031,"profit_abs":-16.90518492,"exit_reason":"stop_loss","initial_stop_loss_abs":0.12454,"initial_stop_loss_ratio":-0.05,"stop_loss_abs":0.12454,"stop_loss_ratio":-0.05,"min_rate":0.12385,"max_rate":0.13631,"is_open":false,"enter_tag":"","leverage":1.0,"is_short":false,"open_timestamp":1765980000000,"close_timestamp":1766034000000,"orders":[{"amount":2484.0,"safe_price":0.13109,"ft_order_side":"buy","order_filled_timestamp":1765980000000,"ft_is_entry":true,"ft_order_tag":"","cost":325.95318756},{"amount":2484.0,"safe_price":0.12454,"ft_order_side":"sell","order_filled_timestamp":1766034000000,"ft_is_entry":false,"ft_order_tag":"stop_loss","cost":309.66671735999995}],"funding_fees":0.0,"weekday":3},{"pair":"DOGE/USDT","stake_amount":319.99662,"max_stake_amount":319.99662,"amount":2658.0,"open_date":"2026-01-01 09:00:00+00:00","close_date":"2026-01-01 11:00:00+00:00","open_rate":0.12039,"close_rate":0.120631021021021,"fee_open":0.001,"fee_close":0.001,"trade_duration":120,"profit_ratio":0.0,"profit_abs":0.0,"exit_reason":"roi","initial_stop_loss_abs":0.11438,"initial_stop_loss_ratio":-0.05,"stop_loss_abs":0.11438,"stop_loss_ratio":-0.05,"min_rate":0.12021,"max_rate":0.12126,"is_open":false,"enter_tag":"","leverage":1.0,"is_short":false,"open_timestamp":1767258000000,"close_timestamp":1767265200000,"orders":[{"amount":2658.0,"safe_price":0.12039,"ft_order_side":"buy","order_filled_timestamp":1767258000000,"ft_is_entry":true,"ft_order_tag":"","cost":320.31661662},{"amount":2658.0,"safe_price":0.120631021021021,"ft_order_side":"sell","order_filled_timestamp":1767265200000,"ft_is_entry":false,"ft_order_tag":"roi","cost":320.95789112774764}],"funding_fees":0.0,"weekday":3},{"pair":"DOGE/USDT","stake_amount":320.05519,"max_stake_amount":320.05519,"amount":2249.0,"open_date":"2026-01-03 21:00:00+00:00","close_date":"2026-01-03 23:00:00+00:00","open_rate":0.14231,"close_rate":0.14275,"fee_open":0.001,"fee_close":0.001,"trade_duration":120,"profit_ratio":0.001087662249913673,"profit_abs":0.34846006,"exit_reason":"roi","initial_stop_loss_abs":0.1352,"initial_stop_loss_ratio":-0.05,"stop_loss_abs":0.1352,"stop_loss_ratio":-0.05,"min_rate":0.14207,"max_rate":0.14372,"is_open":false,"enter_tag":"","leverage":1.0,"is_short":false,"open_timestamp":1767474000000,"close_timestamp":1767481200000,"orders":[{"amount":2249.0,"safe_price":0.14231,"ft_order_side":"buy","order_filled_timestamp":1767474000000,"ft_is_entry":true,"ft_order_tag":"","cost":320.37524518999993},{"amount":2249.0,"safe_price":0.14275,"ft_order_side":"sell","order_filled_timestamp":1767481200000,"ft_is_entry":false,"ft_order_tag":"roi","cost":321.3657947499999}],"funding_fees":0.0,"weekday":5}],"locks":[],"best_pair":{"key":"DOGE/USDT","trades":15,"profit_mean":-0.005973871977475369,"profit_mean_pct":-0.6,"profit_total_abs":-29.73278371,"profit_total":-0.02973278371,"profit_total_pct":-2.97,"duration_avg":"5:36:00","wins":7,"draws":5,"losses":3,"winrate":0.4666666666666667,"cagr":-0.10736550652048205,"expectancy":-1.9821855806666662,"expectancy_ratio":-0.44874776112775805,"sortino":-27.884781281771364,"sharpe":-0.6818657161259921,"calmar":-12.709839694883247,"sqn":-0.8636,"profit_factor":0.4229278610278762,"max_drawdown_account":0.04607551483454011,"max_drawdown_abs":46.84805426},"worst_pair":{"key":"DOGE/USDT","trades":15,"profit_mean":-0.005973871977475369,"profit_mean_pct":-0.6,"profit_total_abs":-29.73278371,"profit_total":-0.02973278371,"profit_total_pct":-2.97,"duration_avg":"5:36:00","wins":7,"draws":5,"losses":3,"winrate":0.4666666666666667,"cagr":-0.10736550652048205,"expectancy":-1.9821855806666662,"expectancy_ratio":-0.44874776112775805,"sortino":-27.884781281771364,"sharpe":-0.6818657161259921,"calmar":-12.709839694883247,"sqn":-0.8636,"profit_factor":0.4229278610278762,"max_drawdown_account":0.04607551483454011,"max_drawdown_abs":46.84805426},"results_per_pair":[{"key":"DOGE/USDT","trades":15,"profit_mean":-0.005973871977475369,"profit_mean_pct":-0.6,"profit_total_abs":-29.73278371,"profit_total":-0.02973278371,"profit_total_pct":-2.97,"duration_avg":"5:36:00","wins":7,"draws":5,"losses":3,"winrate":0.4666666666666667,"cagr":-0.10736550652048205,"expectancy":-1.9821855806666662,"expectancy_ratio":-0.44874776112775805,"sortino":-27.884781281771364,"sharpe":-0.6818657161259921,"calmar":-12.709839694883247,"sqn":-0.8636,"profit_factor":0.4229278610278762,"max_drawdown_account":0.04607551483454011,"max_drawdown_abs":46.84805426},{"key":"TOTAL","trades":15,"profit_mean":-0.005973871977475369,"profit_mean_pct":-0.6,"profit_total_abs":-29.73278371,"profit_total":-0.02973278371,"profit_total_pct":-2.97,"duration_avg":"5:36:00","wins":7,"draws":5,"losses":3,"winrate":0.4666666666666667,"cagr":-0.10736550652048205,"expectancy":-1.9821855806666662,"expectancy_ratio":-0.44874776112775805,"sortino":-27.884781281771364,"sharpe":-0.6818657161259921,"calmar":-12.709839694883247,"sqn":-0.8636,"profit_factor":0.4229278610278762,"max_drawdown_account":0.04607551483454011,"max_drawdown_abs":46.84805426}],"results_per_enter_tag":[{"key":"","trades":15,"profit_mean":-0.005973871977475369,"profit_mean_pct":-0.6,"profit_total_abs":-29.73278371,"profit_total":-0.02973278371,"profit_total_pct":-2.97,"duration_avg":"5:36:00","wins":7,"draws":5,"losses":3,"winrate":0.4666666666666667,"cagr":-0.10736550652048205,"expectancy":-1.9821855806666662,"expectancy_ratio":-0.44874776112775805,"sortino":-27.884781281771364,"sharpe":-0.6818657161259921,"calmar":-12.709839694883247,"sqn":-0.8636,"profit_factor":0.4229278610278762,"max_drawdown_account":0.04607551483454011,"max_drawdown_abs":46.84805426},{"key":"TOTAL","trades":15,"profit_mean":-0.005973871977475369,"profit_mean_pct":-0.6,"profit_total_abs":-29.73278371,"profit_total":-0.02973278371,"profit_total_pct":-2.97,"duration_avg":"5:36:00","wins":7,"draws":5,"losses":3,"winrate":0.4666666666666667,"cagr":-0.10736550652048205,"expectancy":-1.9821855806666662,"expectancy_ratio":-0.44874776112775805,"sortino":-27.884781281771364,"sharpe":-0.6818657161259921,"calmar":-12.709839694883247,"sqn":-0.8636,"profit_factor":0.4229278610278762,"max_drawdown_account":0.04607551483454011,"max_drawdown_abs":46.84805426}],"exit_reason_summary":[{"key":"roi","trades":12,"profit_mean":0.005500316114777866,"profit_mean_pct":0.55,"profit_total_abs":21.790729040000002,"profit_total":0.02179072904,"profit_total_pct":2.18,"duration_avg":"2:30:00","wins":7,"draws":5,"losses":0,"winrate":0.5833333333333334,"cagr":0.08449607840969509,"expectancy":1.8158940866666673,"expectancy_ratio":100.0,"sortino":-100,"sharpe":0.9581989921309271,"calmar":-100,"sqn":1.3446,"profit_factor":0.0,"max_drawdown_account":0.0,"max_drawdown_abs":0.0},{"key":"stop_loss","trades":3,"profit_mean":-0.05187062434648831,"profit_mean_pct":-5.19,"profit_total_abs":-51.523512749999995,"profit_total":-0.05152351274999999,"profit_total_pct":-5.15,"duration_avg":"18:00:00","wins":0,"draws":0,"losses":3,"winrate":0.0,"cagr":-0.18049126859392828,"expectancy":-17.17450425,"expectancy_ratio":-1.0,"sortino":-48.32113595267223,"sharpe":-48.32113595267223,"calmar":-19.69584863354927,"sqn":-115.6528,"profit_factor":0.0,"max_drawdown_account":0.05152351275000001,"max_drawdown_abs":51.523512749999995},{"key":"TOTAL","trades":15,"profit_mean":-0.005973871977475369,"profit_mean_pct":-0.6,"profit_total_abs":-29.73278371,"profit_total":-0.02973278371,"profit_total_pct":-2.97,"duration_avg":"5:36:00","wins":7,"draws":5,"losses":3,"winrate":0.4666666666666667,"cagr":-0.10736550652048205,"expectancy":-1.9821855806666662,"expectancy_ratio":-0.44874776112775805,"sortino":-27.884781281771364,"sharpe":-0.6818657161259921,"calmar":-12.709839694883247,"sqn":-0.8636,"profit_factor":0.4229278610278762,"max_drawdown_account":0.04607551483454011,"max_drawdown_abs":46.84805426}],"mix_tag_stats":[{"key":["","roi"],"trades":12,"profit_mean":0.005500316114777866,"profit_mean_pct":0.55,"profit_total_abs":21.790729040000002,"profit_total":0.02179072904,"profit_total_pct":2.18,"duration_avg":"2:30:00","wins":7,"draws":5,"losses":0,"winrate":0.5833333333333334,"cagr":0.08449607840969509,"expectancy":1.8158940866666673,"expectancy_ratio":100.0,"sortino":-100,"sharpe":0.9581989921309271,"calmar":-100,"sqn":1.3446,"profit_factor":0.0,"max_drawdown_account":0.0,"max_drawdown_abs":0.0},{"key":["","stop_loss"],"trades":3,"profit_mean":-0.05187062434648831,"profit_mean_pct":-5.19,"profit_total_abs":-51.523512749999995,"profit_total":-0.05152351274999999,"profit_total_pct":-5.15,"duration_avg":"18:00:00","wins":0,"draws":0,"losses":3,"winrate":0.0,"cagr":-0.18049126859392828,"expectancy":-17.17450425,"expectancy_ratio":-1.0,"sortino":-48.32113595267223,"sharpe":-48.32113595267223,"calmar":-19.69584863354927,"sqn":-115.6528,"profit_factor":0.0,"max_drawdown_account":0.05152351275000001,"max_drawdown_abs":51.523512749999995},{"key":"TOTAL","trades":15,"profit_mean":-0.005973871977475369,"profit_mean_pct":-0.6,"profit_total_abs":-29.73278371,"profit_total":-0.02973278371,"profit_total_pct":-2.97,"duration_avg":"5:36:00","wins":7,"draws":5,"losses":3,"winrate":0.4666666666666667,"cagr":-0.10736550652048205,"expectancy":-1.9821855806666662,"expectancy_ratio":-0.44874776112775805,"sortino":-27.884781281771364,"sharpe":-0.6818657161259921,"calmar":-12.709839694883247,"sqn":-0.8636,"profit_factor":0.4229278610278762,"max_drawdown_account":0.04607551483454011,"max_drawdown_abs":46.84805426}],"left_open_trades":[{"key":"TOTAL","trades":0,"profit_mean":0.0,"profit_mean_pct":0.0,"profit_total_abs":0.0,"profit_total":0.0,"profit_total_pct":0.0,"duration_avg":"0:00","wins":0,"draws":0,"losses":0,"winrate":0.0,"cagr":0.0,"expectancy":0.0,"expectancy_ratio":100.0,"sortino":0,"sharpe":0,"calmar":0,"sqn":0.0,"profit_factor":0.0,"max_drawdown_account":0.0,"max_drawdown_abs":0.0}],"total_trades":15,"trade_count_long":15,"trade_count_short":0,"total_volume":9880.1050459122,"avg_stake_amount":329.669912,"profit_mean":-0.005973871977475369,"profit_median":0.0,"profit_total":-0.02973278371,"profit_total_long":-0.02973278371,"profit_total_short":0.0,"profit_total_abs":-29.73278371,"profit_total_long_abs":-29.73278371,"profit_total_short_abs":0.0,"cagr":-0.10736550652048205,"expectancy":-1.9821855806666662,"expectancy_ratio":-0.44874776112775805,"sortino":-27.884781281771364,"sharpe":-0.6818657161259921,"calmar":-12.709839694883247,"sqn":-0.8636,"profit_factor":0.4229278610278762,"backtest_start":"2025-10-01 00:00:00","backtest_start_ts":1759276800000,"backtest_end":"2026-01-06 20:00:00","backtest_end_ts":1767729600000,"backtest_days":97,"backtest_run_start_ts":1767752574,"backtest_run_end_ts":1767752574,"trades_per_day":0.15,"market_change":-0.36632086436227446,"pairlist":["DOGE/USDT"],"stake_amount":"unlimited","stake_currency":"USDT","stake_currency_decimals":3,"starting_balance":1000,"dry_run_wallet":1000,"final_balance":970.26721629,"rejected_signals":0,"timedout_entry_orders":0,"timedout_exit_orders":0,"canceled_trade_entries":0,"canceled_entry_orders":0,"replaced_entry_orders":0,"max_open_trades":1,"max_open_trades_setting":3,"timeframe":"1h","timeframe_detail":"","timerange":"20251001-","enable_protections":false,"strategy_name":"ACO_67_17","freqaimodel":null,"freqai_identifier":null,"stoploss":-0.05,"trailing_stop":false,"trailing_stop_positive":null,"trailing_stop_positive_offset":0.0,"trailing_only_offset_is_reached":false,"use_custom_stoploss":false,"minimal_roi":{"0":0.1,"60":0.05,"120":0.0},"use_exit_signal":true,"exit_profit_only":false,"exit_profit_offset":0.0,"ignore_roi_if_entry_signal":false,"trading_mode":"spot","margin_mode":"","periodic_breakdown":{"day":[{"date":"10/10/2025","date_ts":1760054400000,"profit_abs":0.27143649,"wins":1,"draws":1,"losses":0,"trades":2,"profit_factor":0.0},{"date":"11/10/2025","date_ts":1760140800000,"profit_abs":0.0,"wins":0,"draws":0,"losses":0,"trades":0,"profit_factor":0.0},{"date":"12/10/2025","date_ts":1760227200000,"profit_abs":16.495374,"wins":1,"draws":0,"losses":0,"trades":1,"profit_factor":0.0},{"date":"13/10/2025","date_ts":1760313600000,"profit_abs":0.0,"wins":0,"draws":0,"losses":0,"trades":0,"profit_factor":0.0},{"date":"14/10/2025","date_ts":1760400000000,"profit_abs":0.0,"wins":0,"draws":0,"losses":0,"trades":0,"profit_factor":0.0},{"date":"15/10/2025","date_ts":1760486400000,"profit_abs":0.0,"wins":0,"draws":0,"losses":0,"trades":0,"profit_factor":0.0},{"date":"16/10/2025","date_ts":1760572800000,"profit_abs":0.0,"wins":0,"draws":0,"losses":0,"trades":0,"profit_factor":0.0},{"date":"17/10/2025","date_ts":1760659200000,"profit_abs":0.0,"wins":0,"draws":0,"losses":0,"trades":0,"profit_factor":0.0},{"date":"18/10/2025","date_ts":1760745600000,"profit_abs":0.0,"wins":0,"draws":0,"losses":0,"trades":0,"profit_factor":0.0},{"date":"19/10/2025","date_ts":1760832000000,"profit_abs":0.0,"wins":0,"draws":1,"losses":0,"trades":1,"profit_factor":0.0},{"date":"20/10/2025","date_ts":1760918400000,"profit_abs":0.0,"wins":0,"draws":0,"losses":0,"trades":0,"profit_factor":0.0},{"date":"21/10/2025","date_ts":1761004800000,"profit_abs":0.0,"wins":0,"draws":0,"losses":0,"trades":0,"profit_factor":0.0},{"date":"22/10/2025","date_ts":1761091200000,"profit_abs":0.0,"wins":0,"draws":0,"losses":0,"trades":0,"profit_factor":0.0},{"date":"23/10/2025","date_ts":1761177600000,"profit_abs":0.0,"wins":0,"draws":0,"losses":0,"trades":0,"profit_factor":0.0},{"date":"24/10/2025","date_ts":1761264000000,"profit_abs":0.0,"wins":0,"draws":0,"losses":0,"trades":0,"profit_factor":0.0},{"date":"25/10/2025","date_ts":1761350400000,"profit_abs":0.0,"wins":0,"draws":0,"losses":0,"trades":0,"profit_factor":0.0},{"date":"26/10/2025","date_ts":1761436800000,"profit_abs":0.0,"wins":0,"draws":0,"losses":0,"trades":0,"profit_factor":0.0},{"date":"27/10/2025","date_ts":1761523200000,"profit_abs":0.0,"wins":0,"draws":0,"losses":0,"trades":0,"profit_factor":0.0},{"date":"28/10/2025","date_ts":1761609600000,"profit_abs":0.0,"wins":0,"draws":0,"losses":0,"trades":0,"profit_factor":0.0},{"date":"29/10/2025","date_ts":1761696000000,"profit_abs":0.0,"wins":0,"draws":0,"losses":0,"trades":0,"profit_factor":0.0},{"date":"30/10/2025","date_ts":1761782400000,"profit_abs":0.0,"wins":0,"draws":0,"losses":0,"trades":0,"profit_factor":0.0},{"date":"31/10/2025","date_ts":1761868800000,"profit_abs":0.0,"wins":0,"draws":0,"losses":0,"trades":0,"profit_factor":0.0},{"date":"01/11/2025","date_ts":1761955200000,"profit_abs":0.0,"wins":0,"draws":0,"losses":0,"trades":0,"profit_factor":0.0},{"date":"02/11/2025","date_ts":1762041600000,"profit_abs":0.0,"wins":0,"draws":1,"losses":0,"trades":1,"profit_factor":0.0},{"date":"03/11/2025","date_ts":1762128000000,"profit_abs":0.0,"wins":0,"draws":0,"losses":0,"trades":0,"profit_factor":0.0},{"date":"04/11/2025","date_ts":1762214400000,"profit_abs":0.0,"wins":0,"draws":0,"losses":0,"trades":0,"profit_factor":0.0},{"date":"05/11/2025","date_ts":1762300800000,"profit_abs":0.0,"wins":0,"draws":0,"losses":0,"trades":0,"profit_factor":0.0},{"date":"06/11/2025","date_ts":1762387200000,"profit_abs":0.0,"wins":0,"draws":0,"losses":0,"trades":0,"profit_factor":0.0},{"date":"07/11/2025","date_ts":1762473600000,"profit_abs":0.0,"wins":0,"draws":0,"losses":0,"trades":0,"profit_factor":0.0},{"date":"08/11/2025","date_ts":1762560000000,"profit_abs":0.0,"wins":0,"draws":0,"losses":0,"trades":0,"profit_factor":0.0},{"date":"09/11/2025","date_ts":1762646400000,"profit_abs":0.0,"wins":0,"draws":0,"losses":0,"trades":0,"profit_factor":0.0},{"date":"10/11/2025","date_ts":1762732800000,"profit_abs":0.0,"wins":0,"draws":0,"losses":0,"trades":0,"profit_factor":0.0},{"date":"11/11/2025","date_ts":1762819200000,"profit_abs":0.0,"wins":0,"draws":1,"losses":0,"trades":1,"profit_factor":0.0},{"date":"12/11/2025","date_ts":1762905600000,"profit_abs":0.0,"wins":0,"draws":0,"losses":0,"trades":0,"profit_factor":0.0},{"date":"13/11/2025","date_ts":1762992000000,"profit_abs":0.0,"wins":0,"draws":0,"losses":0,"trades":0,"profit_factor":0.0},{"date":"14/11/2025","date_ts":1763078400000,"profit_abs":0.0,"wins":0,"draws":0,"losses":0,"trades":0,"profit_factor":0.0},{"date":"15/11/2025","date_ts":1763164800000,"profit_abs":0.0,"wins":0,"draws":0,"losses":0,"trades":0,"profit_factor":0.0},{"date":"16/11/2025","date_ts":1763251200000,"profit_abs":0.0,"wins":0,"draws":0,"losses":0,"trades":0,"profit_factor":0.0},{"date":"17/11/2025","date_ts":1763337600000,"profit_abs":-17.41759617,"wins":0,"draws":0,"losses":1,"trades":1,"profit_factor":0.0},{"date":"18/11/2025","date_ts":1763424000000,"profit_abs":0.0,"wins":0,"draws":0,"losses":0,"trades":0,"profit_factor":0.0},{"date":"19/11/2025","date_ts":1763510400000,"profit_abs":0.0,"wins":0,"draws":0,"losses":0,"trades":0,"profit_factor":0.0},{"date":"20/11/2025","date_ts":1763596800000,"profit_abs":0.0,"wins":0,"draws":0,"losses":0,"trades":0,"profit_factor":0.0},{"date":"21/11/2025","date_ts":1763683200000,"profit_abs":0.0,"wins":0,"draws":0,"losses":0,"trades":0,"profit_factor":0.0},{"date":"22/11/2025","date_ts":1763769600000,"profit_abs":0.0,"wins":0,"draws":0,"losses":0,"trades":0,"profit_factor":0.0},{"date":"23/11/2025","date_ts":1763856000000,"profit_abs":2.0835958,"wins":1,"draws":0,"losses":0,"trades":1,"profit_factor":0.0},{"date":"24/11/2025","date_ts":1763942400000,"profit_abs":1.71704847,"wins":1,"draws":0,"losses":0,"trades":1,"profit_factor":0.0},{"date":"25/11/2025","date_ts":1764028800000,"profit_abs":0.0,"wins":0,"draws":0,"losses":0,"trades":0,"profit_factor":0.0},{"date":"26/11/2025","date_ts":1764115200000,"profit_abs":0.0,"wins":0,"draws":0,"losses":0,"trades":0,"profit_factor":0.0},{"date":"27/11/2025","date_ts":1764201600000,"profit_abs":0.0,"wins":0,"draws":0,"losses":0,"trades":0,"profit_factor":0.0},{"date":"28/11/2025","date_ts":1764288000000,"profit_abs":0.0,"wins":0,"draws":0,"losses":0,"trades":0,"profit_factor":0.0},{"date":"29/11/2025","date_ts":1764374400000,"profit_abs":0.0,"wins":0,"draws":0,"losses":0,"trades":0,"profit_factor":0.0},{"date":"30/11/2025","date_ts":1764460800000,"profit_abs":0.0,"wins":0,"draws":0,"losses":0,"trades":0,"profit_factor":0.0},{"date":"01/12/2025","date_ts":1764547200000,"profit_abs":0.0,"wins":0,"draws":0,"losses":0,"trades":0,"profit_factor":0.0},{"date":"02/12/2025","date_ts":1764633600000,"profit_abs":0.0,"wins":0,"draws":0,"losses":0,"trades":0,"profit_factor":0.0},{"date":"03/12/2025","date_ts":1764720000000,"profit_abs":0.0,"wins":0,"draws":0,"losses":0,"trades":0,"profit_factor":0.0},{"date":"04/12/2025","date_ts":1764806400000,"profit_abs":0.0,"wins":0,"draws":0,"losses":0,"trades":0,"profit_factor":0.0},{"date":"05/12/2025","date_ts":1764892800000,"profit_abs":0.0,"wins":0,"draws":0,"losses":0,"trades":0,"profit_factor":0.0},{"date":"06/12/2025","date_ts":1764979200000,"profit_abs":0.0,"wins":0,"draws":0,"losses":0,"trades":0,"profit_factor":0.0},{"date":"07/12/2025","date_ts":1765065600000,"profit_abs":0.857493,"wins":1,"draws":0,"losses":0,"trades":1,"profit_factor":0.0},{"date":"08/12/2025","date_ts":1765152000000,"profit_abs":0.0,"wins":0,"draws":0,"losses":0,"trades":0,"profit_factor":0.0},{"date":"09/12/2025","date_ts":1765238400000,"profit_abs":0.0,"wins":0,"draws":0,"losses":0,"trades":0,"profit_factor":0.0},{"date":"10/12/2025","date_ts":1765324800000,"profit_abs":0.0,"wins":0,"draws":0,"losses":0,"trades":0,"profit_factor":0.0},{"date":"11/12/2025","date_ts":1765411200000,"profit_abs":0.0,"wins":0,"draws":0,"losses":0,"trades":0,"profit_factor":0.0},{"date":"12/12/2025","date_ts":1765497600000,"profit_abs":0.0,"wins":0,"draws":0,"losses":0,"trades":0,"profit_factor":0.0},{"date":"13/12/2025","date_ts":1765584000000,"profit_abs":0.0,"wins":0,"draws":0,"losses":0,"trades":0,"profit_factor":0.0},{"date":"14/12/2025","date_ts":1765670400000,"profit_abs":0.0,"wins":0,"draws":0,"losses":0,"trades":0,"profit_factor":0.0},{"date":"15/12/2025","date_ts":1765756800000,"profit_abs":-17.20073166,"wins":0,"draws":0,"losses":1,"trades":1,"profit_factor":0.0},{"date":"16/12/2025","date_ts":1765843200000,"profit_abs":0.01732122,"wins":1,"draws":0,"losses":0,"trades":1,"profit_factor":0.0},{"date":"17/12/2025","date_ts":1765929600000,"profit_abs":0.0,"wins":0,"draws":0,"losses":0,"trades":0,"profit_factor":0.0},{"date":"18/12/2025","date_ts":1766016000000,"profit_abs":-16.90518492,"wins":0,"draws":0,"losses":1,"trades":1,"profit_factor":0.0},{"date":"19/12/2025","date_ts":1766102400000,"profit_abs":0.0,"wins":0,"draws":0,"losses":0,"trades":0,"profit_factor":0.0},{"date":"20/12/2025","date_ts":1766188800000,"profit_abs":0.0,"wins":0,"draws":0,"losses":0,"trades":0,"profit_factor":0.0},{"date":"21/12/2025","date_ts":1766275200000,"profit_abs":0.0,"wins":0,"draws":0,"losses":0,"trades":0,"profit_factor":0.0},{"date":"22/12/2025","date_ts":1766361600000,"profit_abs":0.0,"wins":0,"draws":0,"losses":0,"trades":0,"profit_factor":0.0},{"date":"23/12/2025","date_ts":1766448000000,"profit_abs":0.0,"wins":0,"draws":0,"losses":0,"trades":0,"profit_factor":0.0},{"date":"24/12/2025","date_ts":1766534400000,"profit_abs":0.0,"wins":0,"draws":0,"losses":0,"trades":0,"profit_factor":0.0},{"date":"25/12/2025","date_ts":1766620800000,"profit_abs":0.0,"wins":0,"draws":0,"losses":0,"trades":0,"profit_factor":0.0},{"date":"26/12/2025","date_ts":1766707200000,"profit_abs":0.0,"wins":0,"draws":0,"losses":0,"trades":0,"profit_factor":0.0},{"date":"27/12/2025","date_ts":1766793600000,"profit_abs":0.0,"wins":0,"draws":0,"losses":0,"trades":0,"profit_factor":0.0},{"date":"28/12/2025","date_ts":1766880000000,"profit_abs":0.0,"wins":0,"draws":0,"losses":0,"trades":0,"profit_factor":0.0},{"date":"29/12/2025","date_ts":1766966400000,"profit_abs":0.0,"wins":0,"draws":0,"losses":0,"trades":0,"profit_factor":0.0},{"date":"30/12/2025","date_ts":1767052800000,"profit_abs":0.0,"wins":0,"draws":0,"losses":0,"trades":0,"profit_factor":0.0},{"date":"31/12/2025","date_ts":1767139200000,"profit_abs":0.0,"wins":0,"draws":0,"losses":0,"trades":0,"profit_factor":0.0},{"date":"01/01/2026","date_ts":1767225600000,"profit_abs":0.0,"wins":0,"draws":1,"losses":0,"trades":1,"profit_factor":0.0},{"date":"02/01/2026","date_ts":1767312000000,"profit_abs":0.0,"wins":0,"draws":0,"losses":0,"trades":0,"profit_factor":0.0},{"date":"03/01/2026","date_ts":1767398400000,"profit_abs":0.34846006,"wins":1,"draws":0,"losses":0,"trades":1,"profit_factor":0.0}],"week":[{"date":"13/10/2025","date_ts":1760313600000,"profit_abs":16.76681049,"wins":2,"draws":1,"losses":0,"trades":3,"profit_factor":0.0},{"date":"20/10/2025","date_ts":1760918400000,"profit_abs":0.0,"wins":0,"draws":1,"losses":0,"trades":1,"profit_factor":0.0},{"date":"27/10/2025","date_ts":1761523200000,"profit_abs":0.0,"wins":0,"draws":0,"losses":0,"trades":0,"profit_factor":0.0},{"date":"03/11/2025","date_ts":1762128000000,"profit_abs":0.0,"wins":0,"draws":1,"losses":0,"trades":1,"profit_factor":0.0},{"date":"10/11/2025","date_ts":1762732800000,"profit_abs":0.0,"wins":0,"draws":0,"losses":0,"trades":0,"profit_factor":0.0},{"date":"17/11/2025","date_ts":1763337600000,"profit_abs":-17.41759617,"wins":0,"draws":1,"losses":1,"trades":2,"profit_factor":0.0},{"date":"24/11/2025","date_ts":1763942400000,"profit_abs":3.80064427,"wins":2,"draws":0,"losses":0,"trades":2,"profit_factor":0.0},{"date":"01/12/2025","date_ts":1764547200000,"profit_abs":0.0,"wins":0,"draws":0,"losses":0,"trades":0,"profit_factor":0.0},{"date":"08/12/2025","date_ts":1765152000000,"profit_abs":0.857493,"wins":1,"draws":0,"losses":0,"trades":1,"profit_factor":0.0},{"date":"15/12/2025","date_ts":1765756800000,"profit_abs":-17.20073166,"wins":0,"draws":0,"losses":1,"trades":1,"profit_factor":0.0},{"date":"22/12/2025","date_ts":1766361600000,"profit_abs":-16.8878637,"wins":1,"draws":0,"losses":1,"trades":2,"profit_factor":0.00102461},{"date":"29/12/2025","date_ts":1766966400000,"profit_abs":0.0,"wins":0,"draws":0,"losses":0,"trades":0,"profit_factor":0.0},{"date":"05/01/2026","date_ts":1767571200000,"profit_abs":0.34846006,"wins":1,"draws":1,"losses":0,"trades":2,"profit_factor":0.0}],"month":[{"date":"31/10/2025","date_ts":1761868800000,"profit_abs":16.76681049,"wins":2,"draws":2,"losses":0,"trades":4,"profit_factor":0.0},{"date":"30/11/2025","date_ts":1764460800000,"profit_abs":-13.6169519,"wins":2,"draws":2,"losses":1,"trades":5,"profit_factor":0.21820716},{"date":"31/12/2025","date_ts":1767139200000,"profit_abs":-33.23110236,"wins":2,"draws":0,"losses":2,"trades":4,"profit_factor":0.02564993},{"date":"31/01/2026","date_ts":1769817600000,"profit_abs":0.34846006,"wins":1,"draws":1,"losses":0,"trades":2,"profit_factor":0.0}],"year":[{"date":"31/12/2025","date_ts":1767139200000,"profit_abs":-30.08124377,"wins":6,"draws":4,"losses":3,"trades":13,"profit_factor":0.41616473},{"date":"31/12/2026","date_ts":1798675200000,"profit_abs":0.34846006,"wins":1,"draws":1,"losses":0,"trades":2,"profit_factor":0.0}],"weekday":[{"date":"Monday","date_ts":0,"profit_abs":-32.90127936,"wins":1,"draws":0,"losses":2,"trades":3,"profit_factor":0.04959941},{"date":"Tuesday","date_ts":1,"profit_abs":0.01732122,"wins":1,"draws":1,"losses":0,"trades":2,"profit_factor":0.0},{"date":"Thursday","date_ts":3,"profit_abs":-16.90518492,"wins":0,"draws":1,"losses":1,"trades":2,"profit_factor":0.0},{"date":"Friday","date_ts":4,"profit_abs":0.27143649,"wins":1,"draws":1,"losses":0,"trades":2,"profit_factor":0.0},{"date":"Saturday","date_ts":5,"profit_abs":0.34846006,"wins":1,"draws":0,"losses":0,"trades":1,"profit_factor":0.0},{"date":"Sunday","date_ts":6,"profit_abs":19.4364628,"wins":3,"draws":2,"losses":0,"trades":5,"profit_factor":0.0}]},"backtest_best_day":0.04995004995004996,"backtest_worst_day":-0.0518837462882342,"backtest_best_day_abs":16.495374,"backtest_worst_day_abs":-17.41759617,"winning_days":7,"draw_days":76,"losing_days":3,"daily_profit":[["2025-10-10",0.27143649],["2025-10-11",0.0],["2025-10-12",16.495374],["2025-10-13",0.0],["2025-10-14",0.0],["2025-10-15",0.0],["2025-10-16",0.0],["2025-10-17",0.0],["2025-10-18",0.0],["2025-10-19",0.0],["2025-10-20",0.0],["2025-10-21",0.0],["2025-10-22",0.0],["2025-10-23",0.0],["2025-10-24",0.0],["2025-10-25",0.0],["2025-10-26",0.0],["2025-10-27",0.0],["2025-10-28",0.0],["2025-10-29",0.0],["2025-10-30",0.0],["2025-10-31",0.0],["2025-11-01",0.0],["2025-11-02",0.0],["2025-11-03",0.0],["2025-11-04",0.0],["2025-11-05",0.0],["2025-11-06",0.0],["2025-11-07",0.0],["2025-11-08",0.0],["2025-11-09",0.0],["2025-11-10",0.0],["2025-11-11",0.0],["2025-11-12",0.0],["2025-11-13",0.0],["2025-11-14",0.0],["2025-11-15",0.0],["2025-11-16",0.0],["2025-11-17",-17.41759617],["2025-11-18",0.0],["2025-11-19",0.0],["2025-11-20",0.0],["2025-11-21",0.0],["2025-11-22",0.0],["2025-11-23",2.0835958],["2025-11-24",1.71704847],["2025-11-25",0.0],["2025-11-26",0.0],["2025-11-27",0.0],["2025-11-28",0.0],["2025-11-29",0.0],["2025-11-30",0.0],["2025-12-01",0.0],["2025-12-02",0.0],["2025-12-03",0.0],["2025-12-04",0.0],["2025-12-05",0.0],["2025-12-06",0.0],["2025-12-07",0.857493],["2025-12-08",0.0],["2025-12-09",0.0],["2025-12-10",0.0],["2025-12-11",0.0],["2025-12-12",0.0],["2025-12-13",0.0],["2025-12-14",0.0],["2025-12-15",-17.20073166],["2025-12-16",0.01732122],["2025-12-17",0.0],["2025-12-18",-16.90518492],["2025-12-19",0.0],["2025-12-20",0.0],["2025-12-21",0.0],["2025-12-22",0.0],["2025-12-23",0.0],["2025-12-24",0.0],["2025-12-25",0.0],["2025-12-26",0.0],["2025-12-27",0.0],["2025-12-28",0.0],["2025-12-29",0.0],["2025-12-30",0.0],["2025-12-31",0.0],["2026-01-01",0.0],["2026-01-02",0.0],["2026-01-03",0.34846006]],"wins":7,"losses":3,"draws":5,"winrate":0.4666666666666667,"holding_avg":"5:36:00","holding_avg_s":20160.0,"winner_holding_min":"0d 01:00","winner_holding_min_s":3600.0,"winner_holding_max":"0d 02:00","winner_holding_max_s":7200.0,"winner_holding_avg":"0d 01:51","winner_holding_avg_s":6660.0,"loser_holding_min":"0d 03:00","loser_holding_min_s":10800.0,"loser_holding_max":"1d 12:00","loser_holding_max_s":129600.0,"loser_holding_avg":"0d 18:00","loser_holding_avg_s":64800.0,"max_consecutive_wins":3,"max_consecutive_losses":4,"max_drawdown_account":0.04607551483454011,"max_relative_drawdown":0.04607551483454011,"max_drawdown_abs":46.84805426,"drawdown_start":"2025-10-12 16:00:00","drawdown_start_ts":1760284800000.0,"drawdown_end":"2025-12-18 05:00:00","drawdown_end_ts":1766034000000.0,"drawdown_duration":"66 days 13:00:00","drawdown_duration_s":5749200.0,"max_drawdown_low":-30.081243769999997,"max_drawdown_high":16.76681049,"csum_min":969.91875623,"csum_max":1016.76681049}},"strategy_comparison":[{"key":"ACO_67_17","trades":15,"profit_mean":-0.005973871977475369,"profit_mean_pct":-0.6,"profit_total_abs":-29.73278371,"profit_total":-0.02973278371,"profit_total_pct":-2.97,"duration_avg":"5:36:00","wins":7,"draws":5,"losses":3,"winrate":0.4666666666666667,"cagr":-0.10736550652048205,"expectancy":-1.9821855806666662,"expectancy_ratio":-0.44874776112775805,"sortino":-27.884781281771364,"sharpe":-0.6818657161259921,"calmar":-12.709839694883247,"sqn":-0.8636,"profit_factor":0.4229278610278762,"max_drawdown_account":0.04607551483454011,"max_drawdown_abs":"46.848"}]}