{"strategy":{"ACO_31_6":{"trades":[{"pair":"DOGE/USDT","stake_amount":329.85208,"max_stake_amount":329.85208,"amount":1688.0,"open_date":"2025-10-29 12:00:00+00:00","close_date":"2025-10-29 17:00:00+00:00","open_rate":0.19541,"close_rate":0.1958012112112112,"fee_open":0.001,"fee_close":0.001,"trade_duration":300,"profit_ratio":0.0,"profit_abs":0.0,"exit_reason":"roi","initial_stop_loss_abs":0.18564,"initial_stop_loss_ratio":-0.05,"stop_loss_abs":0.18564,"stop_loss_ratio":-0.05,"min_rate":0.19022,"max_rate":0.19728,"is_open":false,"enter_tag":"","leverage":1.0,"is_short":false,"open_timestamp":1761739200000,"close_timestamp":1761757200000,"orders":[{"amount":1688.0,"safe_price":0.19541,"ft_order_side":"buy","order_filled_timestamp":1761739200000,"ft_is_entry":true,"ft_order_tag":"","cost":330.18193207999997},{"amount":1688.0,"safe_price":0.1958012112112112,"ft_order_side":"sell","order_filled_timestamp":1761757200000,"ft_is_entry":false,"ft_order_tag":"roi","cost":330.842956969049}],"funding_fees":0.0,"weekday":2},{"pair":"DOGE/USDT","stake_amount":329.93532,"max_stake_amount":329.93532,"amount":1683.0,"open_date":"2025-10-29 18:00:00+00:00","close_date":"2025-10-29 20:00:00+00:00","open_rate":0.19604,"close_rate":0.19643247247247245,"fee_open":0.001,"fee_close":0.001,"trade_duration":120,"profit_ratio":0.0,"profit_abs":0.0,"exit_reason":"roi","initial_stop_loss_abs":0.18624,"initial_stop_loss_ratio":-0.05,"stop_loss_abs":0.18624,"stop_loss_ratio":-0.05,"min_rate":0.1871,"max_rate":0.197,"is_open":false,"enter_tag":"","leverage":1.0,"is_short":false,"open_timestamp":1761760800000,"close_timestamp":1761768000000,"orders":[{"amount":1683.0,"safe_price":0.19604,"ft_order_side":"buy","order_filled_timestamp":1761760800000,"ft_is_entry":true,"ft_order_tag":"","cost":330.26525531999994},{"amount":1683.0,"safe_price":0.19643247247247245,"ft_order_side":"sell","order_filled_timestamp":1761768000000,"ft_is_entry":false,"ft_order_tag":"roi","cost":330.9264470223423}],"funding_fees":0.0,"weekday":2},{"pair":"DOGE/USDT","stake_amount":329.9751,"max_stake_amount":329.9751,"amount":1755.0,"open_date":"2025-11-02 05:00:00+00:00","close_date":"2025-11-02 07:00:00+00:00","open_rate":0.18802,"close_rate":0.18839641641641638,"fee_open":0.001,"fee_close":0.001,"trade_duration":120,"profit_ratio":0.0,"profit_abs":0.0,"exit_reason":"roi","initial_stop_loss_abs":0.17862,"initial_stop_loss_ratio":-0.05,"stop_loss_abs":0.17862,"stop_loss_ratio":-0.05,"min_rate":0.18701,"max_rate":0.18884,"is_open":false,"enter_tag":"","leverage":1.0,"is_short":false,"open_timestamp":1762059600000,"close_timestamp":1762066800000,"orders":[{"amount":1755.0,"safe_price":0.18802,"ft_order_side":"buy","order_filled_timestamp":1762059600000,"ft_is_entry":true,"ft_order_tag":"","cost":330.30507509999995},{"amount":1755.0,"safe_price":0.18839641641641638,"ft_order_side":"sell","order_filled_timestamp":1762066800000,"ft_is_entry":false,"ft_order_tag":"roi","cost":330.9663465216215}],"funding_fees":0.0,"weekday":6},{"pair":"DOGE/USDT","stake_amount":329.9065,"max_stake_amount":329.9065,"amount":2255.0,"open_date":"2025-12-09 16:00:00+00:00","close_date":"2025-12-09 18:00:00+00:00","open_rate":0.1463,"close_rate":0.15095,"fee_open":0.001,"fee_close":0.001,"trade_duration":120,"profit_ratio":0.029722498963783997,"profit_abs":9.81545125,"exit_reason":"roi","initial_stop_loss_abs":0.13899,"initial_stop_loss_ratio":-0.05,"stop_loss_abs":0.13899,"stop_loss_ratio":-0.05,"min_rate":0.1463,"max_rate":0.15319,"is_open":false,"enter_tag":"","leverage":1.0,"is_short":false,"open_timestamp":1765296000000,"close_timestamp":1765303200000,"orders":[{"amount":2255.0,"safe_price":0.1463,"ft_order_side":"buy","order_filled_timestamp":1765296000000,"ft_is_entry":true,"ft_order_tag":"","cost":330.2364065},{"amount":2255.0,"safe_price":0.15095,"ft_order_side":"sell","order_filled_timestamp":1765303200000,"ft_is_entry":false,"ft_order_tag":"roi","cost":340.73264224999997}],"funding_fees":0.0,"weekday":1},{"pair":"DOGE/USDT","stake_amount":333.18495,"max_stake_amount":333.18495,"amount":2637.0,"open_date":"2025-12-18 11:00:00+00:00","close_date":"2025-12-18 13:00:00+00:00","open_rate":0.12635,"close_rate":0.12660295295295293,"fee_open":0.001,"fee_close":0.001,"trade_duration":120,"profit_ratio":0.0,"profit_abs":0.0,"exit_reason":"roi","initial_stop_loss_abs":0.12004,"initial_stop_loss_ratio":-0.05,"stop_loss_abs":0.12004,"stop_loss_ratio":-0.05,"min_rate":0.1257,"max_rate":0.12972,"is_open":false,"enter_tag":"","leverage":1.0,"is_short":false,"open_timestamp":1766055600000,"close_timestamp":1766062800000,"orders":[{"amount":2637.0,"safe_price":0.12635,"ft_order_side":"buy","order_filled_timestamp":1766055600000,"ft_is_entry":true,"ft_order_tag":"","cost":333.51813494999993},{"amount":2637.0,"safe_price":0.12660295295295293,"ft_order_side":"sell","order_filled_timestamp":1766062800000,"ft_is_entry":false,"ft_order_tag":"roi","cost":334.1858389238738}],"funding_fees":0.0,"weekday":3},{"pair":"DOGE/USDT","stake_amount":333.22256,"max_stake_amount":333.22256,"amount":2596.0,"open_date":"2025-12-24 16:00:00+00:00","close_date":"2025-12-24 20:00:00+00:00","open_rate":0.12836,"close_rate":0.12861697697697697,"fee_open":0.001,"fee_close":0.001,"trade_duration":240,"profit_ratio":0.0,"profit_abs":0.0,"exit_reason":"roi","initial_stop_loss_abs":0.12195,"initial_stop_loss_ratio":-0.05,"stop_loss_abs":0.12195,"stop_loss_ratio":-0.05,"min_rate":0.12762,"max_rate":0.12946,"is_open":false,"enter_tag":"","leverage":1.0,"is_short":false,"open_timestamp":1766592000000,"close_timestamp":1766606400000,"orders":[{"amount":2596.0,"safe_price":0.12836,"ft_order_side":"buy","order_filled_timestamp":1766592000000,"ft_is_entry":true,"ft_order_tag":"","cost":333.55578255999995},{"amount":2596.0,"safe_price":0.12861697697697697,"ft_order_side":"sell","order_filled_timestamp":1766606400000,"ft_is_entry":false,"ft_order_tag":"roi","cost":334.2235619044644}],"funding_fees":0.0,"weekday":2},{"pair":"DOGE/USDT","stake_amount":333.1566,"max_stake_amount":333.1566,"amount":2702.0,"open_date":"2025-12-27 04:00:00+00:00","close_date":"2025-12-27 21:00:00+00:00","open_rate":0.1233,"close_rate":0.12354684684684684,"fee_open":0.001,"fee_close":0.001,"trade_duration":1020,"profit_ratio":0.0,"profit_abs":0.0,"exit_reason":"roi","initial_stop_loss_abs":0.11714,"initial_stop_loss_ratio":-0.05,"stop_loss_abs":0.11714,"stop_loss_ratio":-0.05,"min_rate":0.12204,"max_rate":0.1237,"is_open":false,"enter_tag":"","leverage":1.0,"is_short":false,"open_timestamp":1766808000000,"close_timestamp":1766869200000,"orders":[{"amount":2702.0,"safe_price":0.1233,"ft_order_side":"buy","order_filled_timestamp":1766808000000,"ft_is_entry":true,"ft_order_tag":"","cost":333.48975659999996},{"amount":2702.0,"safe_price":0.12354684684684684,"ft_order_side":"sell","order_filled_timestamp":1766869200000,"ft_is_entry":false,"ft_order_tag":"roi","cost":334.1574037603603}],"funding_fees":0.0,"weekday":5},{"pair":"DOGE/USDT","stake_amount":333.12268,"max_stake_amount":333.12268,"amount":2662.0,"open_date":"2025-12-29 01:00:00+00:00","close_date":"2025-12-29 03:00:00+00:00","open_rate":0.12514,"close_rate":0.12639,"fee_open":0.001,"fee_close":0.001,"trade_duration":120,"profit_ratio":0.007970852864571899,"profit_abs":2.65792714,"exit_reason":"roi","initial_stop_loss_abs":0.11889,"initial_stop_loss_ratio":-0.05,"stop_loss_abs":0.11889,"stop_loss_ratio":-0.05,"min_rate":0.12437,"max_rate":0.12777,"is_open":false,"enter_tag":"","leverage":1.0,"is_short":false,"open_timestamp":1766970000000,"close_timestamp":1766977200000,"orders":[{"amount":2662.0,"safe_price":0.12514,"ft_order_side":"buy","order_filled_timestamp":1766970000000,"ft_is_entry":true,"ft_order_tag":"","cost":333.45580268},{"amount":2662.0,"safe_price":0.12639,"ft_order_side":"sell","order_filled_timestamp":1766977200000,"ft_is_entry":false,"ft_order_tag":"roi","cost":336.78663018}],"funding_fees":0.0,"weekday":0}],"locks":[],"best_pair":{"key":"DOGE/USDT","trades":8,"profit_mean":0.004711668978544487,"profit_mean_pct":0.47,"profit_total_abs":12.47337839,"profit_total":0.012473378390000001,"profit_total_pct":1.25,"duration_avg":"4:30:00","wins":2,"draws":6,"losses":0,"winrate":0.25,"cagr":0.047750615562984766,"expectancy":1.55917229875,"expectancy_ratio":100.0,"sortino":-100,"sharpe":0.758348498160431,"calmar":-100,"sqn":1.2734,"profit_factor":0.0,"max_drawdown_account":0.0,"max_drawdown_abs":0.0},"worst_pair":{"key":"DOGE/USDT","trades":8,"profit_mean":0.004711668978544487,"profit_mean_pct":0.47,"profit_total_abs":12.47337839,"profit_total":0.012473378390000001,"profit_total_pct":1.25,"duration_avg":"4:30:00","wins":2,"draws":6,"losses":0,"winrate":0.25,"cagr":0.047750615562984766,"expectancy":1.55917229875,"expectancy_ratio":100.0,"sortino":-100,"sharpe":0.758348498160431,"calmar":-100,"sqn":1.2734,"profit_factor":0.0,"max_drawdown_account":0.0,"max_drawdown_abs":0.0},"results_per_pair":[{"key":"DOGE/USDT","trades":8,"profit_mean":0.004711668978544487,"profit_mean_pct":0.47,"profit_total_abs":12.47337839,"profit_total":0.012473378390000001,"profit_total_pct":1.25,"duration_avg":"4:30:00","wins":2,"draws":6,"losses":0,"winrate":0.25,"cagr":0.047750615562984766,"expectancy":1.55917229875,"expectancy_ratio":100.0,"sortino":-100,"sharpe":0.758348498160431,"calmar":-100,"sqn":1.2734,"profit_factor":0.0,"max_drawdown_account":0.0,"max_drawdown_abs":0.0},{"key":"TOTAL","trades":8,"profit_mean":0.004711668978544487,"profit_mean_pct":0.47,"profit_total_abs":12.47337839,"profit_total":0.012473378390000001,"profit_total_pct":1.25,"duration_avg":"4:30:00","wins":2,"draws":6,"losses":0,"winrate":0.25,"cagr":0.047750615562984766,"expectancy":1.55917229875,"expectancy_ratio":100.0,"sortino":-100,"sharpe":0.758348498160431,"calmar":-100,"sqn":1.2734,"profit_factor":0.0,"max_drawdown_account":0.0,"max_drawdown_abs":0.0}],"results_per_enter_tag":[{"key":"","trades":8,"profit_mean":0.004711668978544487,"profit_mean_pct":0.47,"profit_total_abs":12.47337839,"profit_total":0.012473378390000001,"profit_total_pct":1.25,"duration_avg":"4:30:00","wins":2,"draws":6,"losses":0,"winrate":0.25,"cagr":0.047750615562984766,"expectancy":1.55917229875,"expectancy_ratio":100.0,"sortino":-100,"sharpe":0.758348498160431,"calmar":-100,"sqn":1.2734,"profit_factor":0.0,"max_drawdown_account":0.0,"max_drawdown_abs":0.0},{"key":"TOTAL","trades":8,"profit_mean":0.004711668978544487,"profit_mean_pct":0.47,"profit_total_abs":12.47337839,"profit_total":0.012473378390000001,"profit_total_pct":1.25,"duration_avg":"4:30:00","wins":2,"draws":6,"losses":0,"winrate":0.25,"cagr":0.047750615562984766,"expectancy":1.55917229875,"expectancy_ratio":100.0,"sortino":-100,"sharpe":0.758348498160431,"calmar":-100,"sqn":1.2734,"profit_factor":0.0,"max_drawdown_account":0.0,"max_drawdown_abs":0.0}],"exit_reason_summary":[{"key":"roi","trades":8,"profit_mean":0.004711668978544487,"profit_mean_pct":0.47,"profit_total_abs":12.47337839,"profit_total":0.012473378390000001,"profit_total_pct":1.25,"duration_avg":"4:30:00","wins":2,"draws":6,"losses":0,"winrate":0.25,"cagr":0.047750615562984766,"expectancy":1.55917229875,"expectancy_ratio":100.0,"sortino":-100,"sharpe":0.758348498160431,"calmar":-100,"sqn":1.2734,"profit_factor":0.0,"max_drawdown_account":0.0,"max_drawdown_abs":0.0},{"key":"TOTAL","trades":8,"profit_mean":0.004711668978544487,"profit_mean_pct":0.47,"profit_total_abs":12.47337839,"profit_total":0.012473378390000001,"profit_total_pct":1.25,"duration_avg":"4:30:00","wins":2,"draws":6,"losses":0,"winrate":0.25,"cagr":0.047750615562984766,"expectancy":1.55917229875,"expectancy_ratio":100.0,"sortino":-100,"sharpe":0.758348498160431,"calmar":-100,"sqn":1.2734,"profit_factor":0.0,"max_drawdown_account":0.0,"max_drawdown_abs":0.0}],"mix_tag_stats":[{"key":["","roi"],"trades":8,"profit_mean":0.004711668978544487,"profit_mean_pct":0.47,"profit_total_abs":12.47337839,"profit_total":0.012473378390000001,"profit_total_pct":1.25,"duration_avg":"4:30:00","wins":2,"draws":6,"losses":0,"winrate":0.25,"cagr":0.047750615562984766,"expectancy":1.55917229875,"expectancy_ratio":100.0,"sortino":-100,"sharpe":0.758348498160431,"calmar":-100,"sqn":1.2734,"profit_factor":0.0,"max_drawdown_account":0.0,"max_drawdown_abs":0.0},{"key":"TOTAL","trades":8,"profit_mean":0.004711668978544487,"profit_mean_pct":0.47,"profit_total_abs":12.47337839,"profit_total":0.012473378390000001,"profit_total_pct":1.25,"duration_avg":"4:30:00","wins":2,"draws":6,"losses":0,"winrate":0.25,"cagr":0.047750615562984766,"expectancy":1.55917229875,"expectancy_ratio":100.0,"sortino":-100,"sharpe":0.758348498160431,"calmar":-100,"sqn":1.2734,"profit_factor":0.0,"max_drawdown_account":0.0,"max_drawdown_abs":0.0}],"left_open_trades":[{"key":"TOTAL","trades":0,"profit_mean":0.0,"profit_mean_pct":0.0,"profit_total_abs":0.0,"profit_total":0.0,"profit_total_pct":0.0,"duration_avg":"0:00","wins":0,"draws":0,"losses":0,"winrate":0.0,"cagr":0.0,"expectancy":0.0,"expectancy_ratio":100.0,"sortino":0,"sharpe":0,"calmar":0,"sqn":0.0,"profit_factor":0.0,"max_drawdown_account":0.0,"max_drawdown_abs":0.0}],"total_trades":8,"trade_count_long":8,"trade_count_short":0,"total_volume":5327.829973321711,"avg_stake_amount":331.54447374999995,"profit_mean":0.004711668978544487,"profit_median":0.0,"profit_total":0.012473378390000001,"profit_total_long":0.012473378390000001,"profit_total_short":0.0,"profit_total_abs":12.47337839,"profit_total_long_abs":12.47337839,"profit_total_short_abs":0.0,"cagr":0.047750615562984766,"expectancy":1.55917229875,"expectancy_ratio":100.0,"sortino":-100,"sharpe":0.758348498160431,"calmar":-100,"sqn":1.2734,"profit_factor":0.0,"backtest_start":"2025-10-01 00:00:00","backtest_start_ts":1759276800000,"backtest_end":"2026-01-06 20:00:00","backtest_end_ts":1767729600000,"backtest_days":97,"backtest_run_start_ts":1767749419,"backtest_run_end_ts":1767749419,"trades_per_day":0.08,"market_change":-0.36632086436227446,"pairlist":["DOGE/USDT"],"stake_amount":"unlimited","stake_currency":"USDT","stake_currency_decimals":3,"starting_balance":1000,"dry_run_wallet":1000,"final_balance":1012.47337839,"rejected_signals":0,"timedout_entry_orders":0,"timedout_exit_orders":0,"canceled_trade_entries":0,"canceled_entry_orders":0,"replaced_entry_orders":0,"max_open_trades":1,"max_open_trades_setting":3,"timeframe":"1h","timeframe_detail":"","timerange":"20251001-","enable_protections":false,"strategy_name":"ACO_31_6","freqaimodel":null,"freqai_identifier":null,"stoploss":-0.05,"trailing_stop":false,"trailing_stop_positive":null,"trailing_stop_positive_offset":0.0,"trailing_only_offset_is_reached":false,"use_custom_stoploss":false,"minimal_roi":{"0":0.1,"60":0.05,"120":0.0},"use_exit_signal":true,"exit_profit_only":false,"exit_profit_offset":0.0,"ignore_roi_if_entry_signal":false,"trading_mode":"spot","margin_mode":"","periodic_breakdown":{"day":[{"date":"29/10/2025","date_ts":1761696000000,"profit_abs":0.0,"wins":0,"draws":2,"losses":0,"trades":2,"profit_factor":0.0},{"date":"30/10/2025","date_ts":1761782400000,"profit_abs":0.0,"wins":0,"draws":0,"losses":0,"trades":0,"profit_factor":0.0},{"date":"31/10/2025","date_ts":1761868800000,"profit_abs":0.0,"wins":0,"draws":0,"losses":0,"trades":0,"profit_factor":0.0},{"date":"01/11/2025","date_ts":1761955200000,"profit_abs":0.0,"wins":0,"draws":0,"losses":0,"trades":0,"profit_factor":0.0},{"date":"02/11/2025","date_ts":1762041600000,"profit_abs":0.0,"wins":0,"draws":1,"losses":0,"trades":1,"profit_factor":0.0},{"date":"03/11/2025","date_ts":1762128000000,"profit_abs":0.0,"wins":0,"draws":0,"losses":0,"trades":0,"profit_factor":0.0},{"date":"04/11/2025","date_ts":1762214400000,"profit_abs":0.0,"wins":0,"draws":0,"losses":0,"trades":0,"profit_factor":0.0},{"date":"05/11/2025","date_ts":1762300800000,"profit_abs":0.0,"wins":0,"draws":0,"losses":0,"trades":0,"profit_factor":0.0},{"date":"06/11/2025","date_ts":1762387200000,"profit_abs":0.0,"wins":0,"draws":0,"losses":0,"trades":0,"profit_factor":0.0},{"date":"07/11/2025","date_ts":1762473600000,"profit_abs":0.0,"wins":0,"draws":0,"losses":0,"trades":0,"profit_factor":0.0},{"date":"08/11/2025","date_ts":1762560000000,"profit_abs":0.0,"wins":0,"draws":0,"losses":0,"trades":0,"profit_factor":0.0},{"date":"09/11/2025","date_ts":1762646400000,"profit_abs":0.0,"wins":0,"draws":0,"losses":0,"trades":0,"profit_factor":0.0},{"date":"10/11/2025","date_ts":1762732800000,"profit_abs":0.0,"wins":0,"draws":0,"losses":0,"trades":0,"profit_factor":0.0},{"date":"11/11/2025","date_ts":1762819200000,"profit_abs":0.0,"wins":0,"draws":0,"losses":0,"trades":0,"profit_factor":0.0},{"date":"12/11/2025","date_ts":1762905600000,"profit_abs":0.0,"wins":0,"draws":0,"losses":0,"trades":0,"profit_factor":0.0},{"date":"13/11/2025","date_ts":1762992000000,"profit_abs":0.0,"wins":0,"draws":0,"losses":0,"trades":0,"profit_factor":0.0},{"date":"14/11/2025","date_ts":1763078400000,"profit_abs":0.0,"wins":0,"draws":0,"losses":0,"trades":0,"profit_factor":0.0},{"date":"15/11/2025","date_ts":1763164800000,"profit_abs":0.0,"wins":0,"draws":0,"losses":0,"trades":0,"profit_factor":0.0},{"date":"16/11/2025","date_ts":1763251200000,"profit_abs":0.0,"wins":0,"draws":0,"losses":0,"trades":0,"profit_factor":0.0},{"date":"17/11/2025","date_ts":1763337600000,"profit_abs":0.0,"wins":0,"draws":0,"losses":0,"trades":0,"profit_factor":0.0},{"date":"18/11/2025","date_ts":1763424000000,"profit_abs":0.0,"wins":0,"draws":0,"losses":0,"trades":0,"profit_factor":0.0},{"date":"19/11/2025","date_ts":1763510400000,"profit_abs":0.0,"wins":0,"draws":0,"losses":0,"trades":0,"profit_factor":0.0},{"date":"20/11/2025","date_ts":1763596800000,"profit_abs":0.0,"wins":0,"draws":0,"losses":0,"trades":0,"profit_factor":0.0},{"date":"21/11/2025","date_ts":1763683200000,"profit_abs":0.0,"wins":0,"draws":0,"losses":0,"trades":0,"profit_factor":0.0},{"date":"22/11/2025","date_ts":1763769600000,"profit_abs":0.0,"wins":0,"draws":0,"losses":0,"trades":0,"profit_factor":0.0},{"date":"23/11/2025","date_ts":1763856000000,"profit_abs":0.0,"wins":0,"draws":0,"losses":0,"trades":0,"profit_factor":0.0},{"date":"24/11/2025","date_ts":1763942400000,"profit_abs":0.0,"wins":0,"draws":0,"losses":0,"trades":0,"profit_factor":0.0},{"date":"25/11/2025","date_ts":1764028800000,"profit_abs":0.0,"wins":0,"draws":0,"losses":0,"trades":0,"profit_factor":0.0},{"date":"26/11/2025","date_ts":1764115200000,"profit_abs":0.0,"wins":0,"draws":0,"losses":0,"trades":0,"profit_factor":0.0},{"date":"27/11/2025","date_ts":1764201600000,"profit_abs":0.0,"wins":0,"draws":0,"losses":0,"trades":0,"profit_factor":0.0},{"date":"28/11/2025","date_ts":1764288000000,"profit_abs":0.0,"wins":0,"draws":0,"losses":0,"trades":0,"profit_factor":0.0},{"date":"29/11/2025","date_ts":1764374400000,"profit_abs":0.0,"wins":0,"draws":0,"losses":0,"trades":0,"profit_factor":0.0},{"date":"30/11/2025","date_ts":1764460800000,"profit_abs":0.0,"wins":0,"draws":0,"losses":0,"trades":0,"profit_factor":0.0},{"date":"01/12/2025","date_ts":1764547200000,"profit_abs":0.0,"wins":0,"draws":0,"losses":0,"trades":0,"profit_factor":0.0},{"date":"02/12/2025","date_ts":1764633600000,"profit_abs":0.0,"wins":0,"draws":0,"losses":0,"trades":0,"profit_factor":0.0},{"date":"03/12/2025","date_ts":1764720000000,"profit_abs":0.0,"wins":0,"draws":0,"losses":0,"trades":0,"profit_factor":0.0},{"date":"04/12/2025","date_ts":1764806400000,"profit_abs":0.0,"wins":0,"draws":0,"losses":0,"trades":0,"profit_factor":0.0},{"date":"05/12/2025","date_ts":1764892800000,"profit_abs":0.0,"wins":0,"draws":0,"losses":0,"trades":0,"profit_factor":0.0},{"date":"06/12/2025","date_ts":1764979200000,"profit_abs":0.0,"wins":0,"draws":0,"losses":0,"trades":0,"profit_factor":0.0},{"date":"07/12/2025","date_ts":1765065600000,"profit_abs":0.0,"wins":0,"draws":0,"losses":0,"trades":0,"profit_factor":0.0},{"date":"08/12/2025","date_ts":1765152000000,"profit_abs":0.0,"wins":0,"draws":0,"losses":0,"trades":0,"profit_factor":0.0},{"date":"09/12/2025","date_ts":1765238400000,"profit_abs":9.81545125,"wins":1,"draws":0,"losses":0,"trades":1,"profit_factor":0.0},{"date":"10/12/2025","date_ts":1765324800000,"profit_abs":0.0,"wins":0,"draws":0,"losses":0,"trades":0,"profit_factor":0.0},{"date":"11/12/2025","date_ts":1765411200000,"profit_abs":0.0,"wins":0,"draws":0,"losses":0,"trades":0,"profit_factor":0.0},{"date":"12/12/2025","date_ts":1765497600000,"profit_abs":0.0,"wins":0,"draws":0,"losses":0,"trades":0,"profit_factor":0.0},{"date":"13/12/2025","date_ts":1765584000000,"profit_abs":0.0,"wins":0,"draws":0,"losses":0,"trades":0,"profit_factor":0.0},{"date":"14/12/2025","date_ts":1765670400000,"profit_abs":0.0,"wins":0,"draws":0,"losses":0,"trades":0,"profit_factor":0.0},{"date":"15/12/2025","date_ts":1765756800000,"profit_abs":0.0,"wins":0,"draws":0,"losses":0,"trades":0,"profit_factor":0.0},{"date":"16/12/2025","date_ts":1765843200000,"profit_abs":0.0,"wins":0,"draws":0,"losses":0,"trades":0,"profit_factor":0.0},{"date":"17/12/2025","date_ts":1765929600000,"profit_abs":0.0,"wins":0,"draws":0,"losses":0,"trades":0,"profit_factor":0.0},{"date":"18/12/2025","date_ts":1766016000000,"profit_abs":0.0,"wins":0,"draws":1,"losses":0,"trades":1,"profit_factor":0.0},{"date":"19/12/2025","date_ts":1766102400000,"profit_abs":0.0,"wins":0,"draws":0,"losses":0,"trades":0,"profit_factor":0.0},{"date":"20/12/2025","date_ts":1766188800000,"profit_abs":0.0,"wins":0,"draws":0,"losses":0,"trades":0,"profit_factor":0.0},{"date":"21/12/2025","date_ts":1766275200000,"profit_abs":0.0,"wins":0,"draws":0,"losses":0,"trades":0,"profit_factor":0.0},{"date":"22/12/2025","date_ts":1766361600000,"profit_abs":0.0,"wins":0,"draws":0,"losses":0,"trades":0,"profit_factor":0.0},{"date":"23/12/2025","date_ts":1766448000000,"profit_abs":0.0,"wins":0,"draws":0,"losses":0,"trades":0,"profit_factor":0.0},{"date":"24/12/2025","date_ts":1766534400000,"profit_abs":0.0,"wins":0,"draws":1,"losses":0,"trades":1,"profit_factor":0.0},{"date":"25/12/2025","date_ts":1766620800000,"profit_abs":0.0,"wins":0,"draws":0,"losses":0,"trades":0,"profit_factor":0.0},{"date":"26/12/2025","date_ts":1766707200000,"profit_abs":0.0,"wins":0,"draws":0,"losses":0,"trades":0,"profit_factor":0.0},{"date":"27/12/2025","date_ts":1766793600000,"profit_abs":0.0,"wins":0,"draws":1,"losses":0,"trades":1,"profit_factor":0.0},{"date":"28/12/2025","date_ts":1766880000000,"profit_abs":0.0,"wins":0,"draws":0,"losses":0,"trades":0,"profit_factor":0.0},{"date":"29/12/2025","date_ts":1766966400000,"profit_abs":2.65792714,"wins":1,"draws":0,"losses":0,"trades":1,"profit_factor":0.0}],"week":[{"date":"03/11/2025","date_ts":1762128000000,"profit_abs":0.0,"wins":0,"draws":3,"losses":0,"trades":3,"profit_factor":0.0},{"date":"10/11/2025","date_ts":1762732800000,"profit_abs":0.0,"wins":0,"draws":0,"losses":0,"trades":0,"profit_factor":0.0},{"date":"17/11/2025","date_ts":1763337600000,"profit_abs":0.0,"wins":0,"draws":0,"losses":0,"trades":0,"profit_factor":0.0},{"date":"24/11/2025","date_ts":1763942400000,"profit_abs":0.0,"wins":0,"draws":0,"losses":0,"trades":0,"profit_factor":0.0},{"date":"01/12/2025","date_ts":1764547200000,"profit_abs":0.0,"wins":0,"draws":0,"losses":0,"trades":0,"profit_factor":0.0},{"date":"08/12/2025","date_ts":1765152000000,"profit_abs":0.0,"wins":0,"draws":0,"losses":0,"trades":0,"profit_factor":0.0},{"date":"15/12/2025","date_ts":1765756800000,"profit_abs":9.81545125,"wins":1,"draws":0,"losses":0,"trades":1,"profit_factor":0.0},{"date":"22/12/2025","date_ts":1766361600000,"profit_abs":0.0,"wins":0,"draws":1,"losses":0,"trades":1,"profit_factor":0.0},{"date":"29/12/2025","date_ts":1766966400000,"profit_abs":2.65792714,"wins":1,"draws":2,"losses":0,"trades":3,"profit_factor":0.0}],"month":[{"date":"31/10/2025","date_ts":1761868800000,"profit_abs":0.0,"wins":0,"draws":2,"losses":0,"trades":2,"profit_factor":0.0},{"date":"30/11/2025","date_ts":1764460800000,"profit_abs":0.0,"wins":0,"draws":1,"losses":0,"trades":1,"profit_factor":0.0},{"date":"31/12/2025","date_ts":1767139200000,"profit_abs":12.47337839,"wins":2,"draws":3,"losses":0,"trades":5,"profit_factor":0.0}],"year":[{"date":"31/12/2025","date_ts":1767139200000,"profit_abs":12.47337839,"wins":2,"draws":6,"losses":0,"trades":8,"profit_factor":0.0}],"weekday":[{"date":"Monday","date_ts":0,"profit_abs":2.65792714,"wins":1,"draws":0,"losses":0,"trades":1,"profit_factor":0.0},{"date":"Tuesday","date_ts":1,"profit_abs":9.81545125,"wins":1,"draws":0,"losses":0,"trades":1,"profit_factor":0.0},{"date":"Wednesday","date_ts":2,"profit_abs":0.0,"wins":0,"draws":3,"losses":0,"trades":3,"profit_factor":0.0},{"date":"Thursday","date_ts":3,"profit_abs":0.0,"wins":0,"draws":1,"losses":0,"trades":1,"profit_factor":0.0},{"date":"Saturday","date_ts":5,"profit_abs":0.0,"wins":0,"draws":1,"losses":0,"trades":1,"profit_factor":0.0},{"date":"Sunday","date_ts":6,"profit_abs":0.0,"wins":0,"draws":1,"losses":0,"trades":1,"profit_factor":0.0}]},"backtest_best_day":0.029722498963783997,"backtest_worst_day":0.0,"backtest_best_day_abs":9.81545125,"backtest_worst_day_abs":0.0,"winning_days":2,"draw_days":60,"losing_days":0,"daily_profit":[["2025-10-29",0.0],["2025-10-30",0.0],["2025-10-31",0.0],["2025-11-01",0.0],["2025-11-02",0.0],["2025-11-03",0.0],["2025-11-04",0.0],["2025-11-05",0.0],["2025-11-06",0.0],["2025-11-07",0.0],["2025-11-08",0.0],["2025-11-09",0.0],["2025-11-10",0.0],["2025-11-11",0.0],["2025-11-12",0.0],["2025-11-13",0.0],["2025-11-14",0.0],["2025-11-15",0.0],["2025-11-16",0.0],["2025-11-17",0.0],["2025-11-18",0.0],["2025-11-19",0.0],["2025-11-20",0.0],["2025-11-21",0.0],["2025-11-22",0.0],["2025-11-23",0.0],["2025-11-24",0.0],["2025-11-25",0.0],["2025-11-26",0.0],["2025-11-27",0.0],["2025-11-28",0.0],["2025-11-29",0.0],["2025-11-30",0.0],["2025-12-01",0.0],["2025-12-02",0.0],["2025-12-03",0.0],["2025-12-04",0.0],["2025-12-05",0.0],["2025-12-06",0.0],["2025-12-07",0.0],["2025-12-08",0.0],["2025-12-09",9.81545125],["2025-12-10",0.0],["2025-12-11",0.0],["2025-12-12",0.0],["2025-12-13",0.0],["2025-12-14",0.0],["2025-12-15",0.0],["2025-12-16",0.0],["2025-12-17",0.0],["2025-12-18",0.0],["2025-12-19",0.0],["2025-12-20",0.0],["2025-12-21",0.0],["2025-12-22",0.0],["2025-12-23",0.0],["2025-12-24",0.0],["2025-12-25",0.0],["2025-12-26",0.0],["2025-12-27",0.0],["2025-12-28",0.0],["2025-12-29",2.65792714]],"wins":2,"losses":0,"draws":6,"winrate":0.25,"holding_avg":"4:30:00","holding_avg_s":16200.0,"winner_holding_min":"0d 02:00","winner_holding_min_s":7200.0,"winner_holding_max":"0d 02:00","winner_holding_max_s":7200.0,"winner_holding_avg":"0d 02:00","winner_holding_avg_s":7200.0,"loser_holding_min":"0d 00:00","loser_holding_min_s":0.0,"loser_holding_max":"0d 00:00","loser_holding_max_s":0.0,"loser_holding_avg":"0d 00:00","loser_holding_avg_s":0.0,"max_consecutive_wins":1,"max_consecutive_losses":3,"max_drawdown_account":0.0,"max_relative_drawdown":0.0,"max_drawdown_abs":0.0,"drawdown_start":"2025-10-29 17:00:00","drawdown_start_ts":1761757200000.0,"drawdown_end":"2025-10-29 17:00:00","drawdown_end_ts":1761757200000.0,"drawdown_duration":"0 days 00:00:00","drawdown_duration_s":0.0,"max_drawdown_low":0.0,"max_drawdown_high":0.0,"csum_min":1000.0,"csum_max":1012.47337839}},"strategy_comparison":[{"key":"ACO_31_6","trades":8,"profit_mean":0.004711668978544487,"profit_mean_pct":0.47,"profit_total_abs":12.47337839,"profit_total":0.012473378390000001,"profit_total_pct":1.25,"duration_avg":"4:30:00","wins":2,"draws":6,"losses":0,"winrate":0.25,"cagr":0.047750615562984766,"expectancy":1.55917229875,"expectancy_ratio":100.0,"sortino":-100,"sharpe":0.758348498160431,"calmar":-100,"sqn":1.2734,"profit_factor":0.0,"max_drawdown_account":0.0,"max_drawdown_abs":"0"}]}