{"strategy":{"ACO_18_13":{"trades":[{"pair":"DOGE/USDT","stake_amount":329.8386,"max_stake_amount":329.8386,"amount":1726.0,"open_date":"2025-10-11 13:00:00+00:00","close_date":"2025-10-11 15:00:00+00:00","open_rate":0.1911,"close_rate":0.19148258258258255,"fee_open":0.001,"fee_close":0.001,"trade_duration":120,"profit_ratio":0.0,"profit_abs":0.0,"exit_reason":"roi","initial_stop_loss_abs":0.18155,"initial_stop_loss_ratio":-0.05,"stop_loss_abs":0.18155,"stop_loss_ratio":-0.05,"min_rate":0.18584,"max_rate":0.19316,"is_open":false,"enter_tag":"","leverage":1.0,"is_short":false,"open_timestamp":1760187600000,"close_timestamp":1760194800000,"orders":[{"amount":1726.0,"safe_price":0.1911,"ft_order_side":"buy","order_filled_timestamp":1760187600000,"ft_is_entry":true,"ft_order_tag":"","cost":330.16843859999994},{"amount":1726.0,"safe_price":0.19148258258258255,"ft_order_side":"sell","order_filled_timestamp":1760194800000,"ft_is_entry":false,"ft_order_tag":"roi","cost":330.829436475075}],"funding_fees":0.0,"weekday":5},{"pair":"DOGE/USDT","stake_amount":329.8692,"max_stake_amount":329.8692,"amount":1740.0,"open_date":"2025-10-22 21:00:00+00:00","close_date":"2025-10-22 23:00:00+00:00","open_rate":0.18958,"close_rate":0.1899595395395395,"fee_open":0.001,"fee_close":0.001,"trade_duration":120,"profit_ratio":0.0,"profit_abs":0.0,"exit_reason":"roi","initial_stop_loss_abs":0.18011,"initial_stop_loss_ratio":-0.05,"stop_loss_abs":0.18011,"stop_loss_ratio":-0.05,"min_rate":0.18467,"max_rate":0.19055,"is_open":false,"enter_tag":"","leverage":1.0,"is_short":false,"open_timestamp":1761166800000,"close_timestamp":1761174000000,"orders":[{"amount":1740.0,"safe_price":0.18958,"ft_order_side":"buy","order_filled_timestamp":1761166800000,"ft_is_entry":true,"ft_order_tag":"","cost":330.19906919999994},{"amount":1740.0,"safe_price":0.1899595395395395,"ft_order_side":"sell","order_filled_timestamp":1761174000000,"ft_is_entry":false,"ft_order_tag":"roi","cost":330.8601283975975}],"funding_fees":0.0,"weekday":2},{"pair":"DOGE/USDT","stake_amount":329.9328,"max_stake_amount":329.9328,"amount":2048.0,"open_date":"2025-11-15 09:00:00+00:00","close_date":"2025-11-15 11:00:00+00:00","open_rate":0.1611,"close_rate":0.16195,"fee_open":0.001,"fee_close":0.001,"trade_duration":120,"profit_ratio":0.0032676820386317593,"profit_abs":1.0791936,"exit_reason":"roi","initial_stop_loss_abs":0.15305,"initial_stop_loss_ratio":-0.05,"stop_loss_abs":0.15305,"stop_loss_ratio":-0.05,"min_rate":0.16082,"max_rate":0.16266,"is_open":false,"enter_tag":"","leverage":1.0,"is_short":false,"open_timestamp":1763197200000,"close_timestamp":1763204400000,"orders":[{"amount":2048.0,"safe_price":0.1611,"ft_order_side":"buy","order_filled_timestamp":1763197200000,"ft_is_entry":true,"ft_order_tag":"","cost":330.2627327999999},{"amount":2048.0,"safe_price":0.16195,"ft_order_side":"sell","order_filled_timestamp":1763204400000,"ft_is_entry":false,"ft_order_tag":"roi","cost":332.0052736}],"funding_fees":0.0,"weekday":5},{"pair":"DOGE/USDT","stake_amount":330.22626,"max_stake_amount":330.22626,"amount":2418.0,"open_date":"2025-11-21 23:00:00+00:00","close_date":"2025-11-22 01:00:00+00:00","open_rate":0.13657,"close_rate":0.14012,"fee_open":0.001,"fee_close":0.001,"trade_duration":120,"profit_ratio":0.023944057699640916,"profit_abs":7.91486358,"exit_reason":"roi","initial_stop_loss_abs":0.12975,"initial_stop_loss_ratio":-0.05,"stop_loss_abs":0.12975,"stop_loss_ratio":-0.05,"min_rate":0.13574,"max_rate":0.14148,"is_open":false,"enter_tag":"","leverage":1.0,"is_short":false,"open_timestamp":1763766000000,"close_timestamp":1763773200000,"orders":[{"amount":2418.0,"safe_price":0.13657,"ft_order_side":"buy","order_filled_timestamp":1763766000000,"ft_is_entry":true,"ft_order_tag":"","cost":330.55648625999993},{"amount":2418.0,"safe_price":0.14012,"ft_order_side":"sell","order_filled_timestamp":1763773200000,"ft_is_entry":false,"ft_order_tag":"roi","cost":339.14897016}],"funding_fees":0.0,"weekday":5},{"pair":"DOGE/USDT","stake_amount":332.95536,"max_stake_amount":332.95536,"amount":2234.0,"open_date":"2025-11-29 08:00:00+00:00","close_date":"2025-11-29 10:00:00+00:00","open_rate":0.14904,"close_rate":0.14939,"fee_open":0.001,"fee_close":0.001,"trade_duration":120,"profit_ratio":0.0003456688239296935,"profit_abs":0.11520738,"exit_reason":"roi","initial_stop_loss_abs":0.14159,"initial_stop_loss_ratio":-0.05,"stop_loss_abs":0.14159,"stop_loss_ratio":-0.05,"min_rate":0.14843,"max_rate":0.14954,"is_open":false,"enter_tag":"","leverage":1.0,"is_short":false,"open_timestamp":1764403200000,"close_timestamp":1764410400000,"orders":[{"amount":2234.0,"safe_price":0.14904,"ft_order_side":"buy","order_filled_timestamp":1764403200000,"ft_is_entry":true,"ft_order_tag":"","cost":333.28831535999996},{"amount":2234.0,"safe_price":0.14939,"ft_order_side":"sell","order_filled_timestamp":1764410400000,"ft_is_entry":false,"ft_order_tag":"roi","cost":334.07099725999996}],"funding_fees":0.0,"weekday":5},{"pair":"DOGE/USDT","stake_amount":332.88462,"max_stake_amount":332.88462,"amount":2523.0,"open_date":"2025-12-21 01:00:00+00:00","close_date":"2025-12-21 08:00:00+00:00","open_rate":0.13194,"close_rate":0.13220414414414414,"fee_open":0.001,"fee_close":0.001,"trade_duration":420,"profit_ratio":0.0,"profit_abs":0.0,"exit_reason":"roi","initial_stop_loss_abs":0.12535,"initial_stop_loss_ratio":-0.05,"stop_loss_abs":0.12535,"stop_loss_ratio":-0.05,"min_rate":0.13049,"max_rate":0.13307,"is_open":false,"enter_tag":"","leverage":1.0,"is_short":false,"open_timestamp":1766278800000,"close_timestamp":1766304000000,"orders":[{"amount":2523.0,"safe_price":0.13194,"ft_order_side":"buy","order_filled_timestamp":1766278800000,"ft_is_entry":true,"ft_order_tag":"","cost":333.21750461999994},{"amount":2523.0,"safe_price":0.13220414414414414,"ft_order_side":"sell","order_filled_timestamp":1766304000000,"ft_is_entry":false,"ft_order_tag":"roi","cost":333.8846067313513}],"funding_fees":0.0,"weekday":6},{"pair":"DOGE/USDT","stake_amount":332.9259,"max_stake_amount":332.9259,"amount":2602.0,"open_date":"2025-12-25 08:00:00+00:00","close_date":"2025-12-25 15:00:00+00:00","open_rate":0.12795,"close_rate":0.12820615615615616,"fee_open":0.001,"fee_close":0.001,"trade_duration":420,"profit_ratio":0.0,"profit_abs":0.0,"exit_reason":"roi","initial_stop_loss_abs":0.12156,"initial_stop_loss_ratio":-0.05,"stop_loss_abs":0.12156,"stop_loss_ratio":-0.05,"min_rate":0.12561,"max_rate":0.12858,"is_open":false,"enter_tag":"","leverage":1.0,"is_short":false,"open_timestamp":1766649600000,"close_timestamp":1766674800000,"orders":[{"amount":2602.0,"safe_price":0.12795,"ft_order_side":"buy","order_filled_timestamp":1766649600000,"ft_is_entry":true,"ft_order_tag":"","cost":333.2588259},{"amount":2602.0,"safe_price":0.12820615615615616,"ft_order_side":"sell","order_filled_timestamp":1766674800000,"ft_is_entry":false,"ft_order_tag":"roi","cost":333.9260107366366}],"funding_fees":0.0,"weekday":3},{"pair":"DOGE/USDT","stake_amount":332.93213,"max_stake_amount":332.93213,"amount":2231.0,"open_date":"2026-01-05 09:00:00+00:00","close_date":"2026-01-05 16:00:00+00:00","open_rate":0.14923,"close_rate":0.14952875875875873,"fee_open":0.001,"fee_close":0.001,"trade_duration":420,"profit_ratio":0.0,"profit_abs":0.0,"exit_reason":"roi","initial_stop_loss_abs":0.14177,"initial_stop_loss_ratio":-0.05,"stop_loss_abs":0.14177,"stop_loss_ratio":-0.05,"min_rate":0.14581,"max_rate":0.15141,"is_open":false,"enter_tag":"","leverage":1.0,"is_short":false,"open_timestamp":1767603600000,"close_timestamp":1767628800000,"orders":[{"amount":2231.0,"safe_price":0.14923,"ft_order_side":"buy","order_filled_timestamp":1767603600000,"ft_is_entry":true,"ft_order_tag":"","cost":333.26506213},{"amount":2231.0,"safe_price":0.14952875875875873,"ft_order_side":"sell","order_filled_timestamp":1767628800000,"ft_is_entry":false,"ft_order_tag":"roi","cost":333.9322594515815}],"funding_fees":0.0,"weekday":0}],"locks":[],"best_pair":{"key":"DOGE/USDT","trades":8,"profit_mean":0.003444676070275296,"profit_mean_pct":0.34,"profit_total_abs":9.109264559999998,"profit_total":0.009109264559999998,"profit_total_pct":0.91,"duration_avg":"3:52:00","wins":3,"draws":5,"losses":0,"winrate":0.375,"cagr":0.03471078353466761,"expectancy":1.1386580699999997,"expectancy_ratio":100.0,"sortino":-100,"sharpe":0.6941070780005856,"calmar":-100,"sqn":1.1655,"profit_factor":0.0,"max_drawdown_account":0.0,"max_drawdown_abs":0.0},"worst_pair":{"key":"DOGE/USDT","trades":8,"profit_mean":0.003444676070275296,"profit_mean_pct":0.34,"profit_total_abs":9.109264559999998,"profit_total":0.009109264559999998,"profit_total_pct":0.91,"duration_avg":"3:52:00","wins":3,"draws":5,"losses":0,"winrate":0.375,"cagr":0.03471078353466761,"expectancy":1.1386580699999997,"expectancy_ratio":100.0,"sortino":-100,"sharpe":0.6941070780005856,"calmar":-100,"sqn":1.1655,"profit_factor":0.0,"max_drawdown_account":0.0,"max_drawdown_abs":0.0},"results_per_pair":[{"key":"DOGE/USDT","trades":8,"profit_mean":0.003444676070275296,"profit_mean_pct":0.34,"profit_total_abs":9.109264559999998,"profit_total":0.009109264559999998,"profit_total_pct":0.91,"duration_avg":"3:52:00","wins":3,"draws":5,"losses":0,"winrate":0.375,"cagr":0.03471078353466761,"expectancy":1.1386580699999997,"expectancy_ratio":100.0,"sortino":-100,"sharpe":0.6941070780005856,"calmar":-100,"sqn":1.1655,"profit_factor":0.0,"max_drawdown_account":0.0,"max_drawdown_abs":0.0},{"key":"TOTAL","trades":8,"profit_mean":0.003444676070275296,"profit_mean_pct":0.34,"profit_total_abs":9.109264559999998,"profit_total":0.009109264559999998,"profit_total_pct":0.91,"duration_avg":"3:52:00","wins":3,"draws":5,"losses":0,"winrate":0.375,"cagr":0.03471078353466761,"expectancy":1.1386580699999997,"expectancy_ratio":100.0,"sortino":-100,"sharpe":0.6941070780005856,"calmar":-100,"sqn":1.1655,"profit_factor":0.0,"max_drawdown_account":0.0,"max_drawdown_abs":0.0}],"results_per_enter_tag":[{"key":"","trades":8,"profit_mean":0.003444676070275296,"profit_mean_pct":0.34,"profit_total_abs":9.109264559999998,"profit_total":0.009109264559999998,"profit_total_pct":0.91,"duration_avg":"3:52:00","wins":3,"draws":5,"losses":0,"winrate":0.375,"cagr":0.03471078353466761,"expectancy":1.1386580699999997,"expectancy_ratio":100.0,"sortino":-100,"sharpe":0.6941070780005856,"calmar":-100,"sqn":1.1655,"profit_factor":0.0,"max_drawdown_account":0.0,"max_drawdown_abs":0.0},{"key":"TOTAL","trades":8,"profit_mean":0.003444676070275296,"profit_mean_pct":0.34,"profit_total_abs":9.109264559999998,"profit_total":0.009109264559999998,"profit_total_pct":0.91,"duration_avg":"3:52:00","wins":3,"draws":5,"losses":0,"winrate":0.375,"cagr":0.03471078353466761,"expectancy":1.1386580699999997,"expectancy_ratio":100.0,"sortino":-100,"sharpe":0.6941070780005856,"calmar":-100,"sqn":1.1655,"profit_factor":0.0,"max_drawdown_account":0.0,"max_drawdown_abs":0.0}],"exit_reason_summary":[{"key":"roi","trades":8,"profit_mean":0.003444676070275296,"profit_mean_pct":0.34,"profit_total_abs":9.109264559999998,"profit_total":0.009109264559999998,"profit_total_pct":0.91,"duration_avg":"3:52:00","wins":3,"draws":5,"losses":0,"winrate":0.375,"cagr":0.03471078353466761,"expectancy":1.1386580699999997,"expectancy_ratio":100.0,"sortino":-100,"sharpe":0.6941070780005856,"calmar":-100,"sqn":1.1655,"profit_factor":0.0,"max_drawdown_account":0.0,"max_drawdown_abs":0.0},{"key":"TOTAL","trades":8,"profit_mean":0.003444676070275296,"profit_mean_pct":0.34,"profit_total_abs":9.109264559999998,"profit_total":0.009109264559999998,"profit_total_pct":0.91,"duration_avg":"3:52:00","wins":3,"draws":5,"losses":0,"winrate":0.375,"cagr":0.03471078353466761,"expectancy":1.1386580699999997,"expectancy_ratio":100.0,"sortino":-100,"sharpe":0.6941070780005856,"calmar":-100,"sqn":1.1655,"profit_factor":0.0,"max_drawdown_account":0.0,"max_drawdown_abs":0.0}],"mix_tag_stats":[{"key":["","roi"],"trades":8,"profit_mean":0.003444676070275296,"profit_mean_pct":0.34,"profit_total_abs":9.109264559999998,"profit_total":0.009109264559999998,"profit_total_pct":0.91,"duration_avg":"3:52:00","wins":3,"draws":5,"losses":0,"winrate":0.375,"cagr":0.03471078353466761,"expectancy":1.1386580699999997,"expectancy_ratio":100.0,"sortino":-100,"sharpe":0.6941070780005856,"calmar":-100,"sqn":1.1655,"profit_factor":0.0,"max_drawdown_account":0.0,"max_drawdown_abs":0.0},{"key":"TOTAL","trades":8,"profit_mean":0.003444676070275296,"profit_mean_pct":0.34,"profit_total_abs":9.109264559999998,"profit_total":0.009109264559999998,"profit_total_pct":0.91,"duration_avg":"3:52:00","wins":3,"draws":5,"losses":0,"winrate":0.375,"cagr":0.03471078353466761,"expectancy":1.1386580699999997,"expectancy_ratio":100.0,"sortino":-100,"sharpe":0.6941070780005856,"calmar":-100,"sqn":1.1655,"profit_factor":0.0,"max_drawdown_account":0.0,"max_drawdown_abs":0.0}],"left_open_trades":[{"key":"TOTAL","trades":0,"profit_mean":0.0,"profit_mean_pct":0.0,"profit_total_abs":0.0,"profit_total":0.0,"profit_total_pct":0.0,"duration_avg":"0:00","wins":0,"draws":0,"losses":0,"winrate":0.0,"cagr":0.0,"expectancy":0.0,"expectancy_ratio":100.0,"sortino":0,"sharpe":0,"calmar":0,"sqn":0.0,"profit_factor":0.0,"max_drawdown_account":0.0,"max_drawdown_abs":0.0}],"total_trades":8,"trade_count_long":8,"trade_count_short":0,"total_volume":5322.874117682241,"avg_stake_amount":331.44560875,"profit_mean":0.003444676070275296,"profit_median":0.0,"profit_total":0.009109264559999998,"profit_total_long":0.009109264559999998,"profit_total_short":0.0,"profit_total_abs":9.109264559999998,"profit_total_long_abs":9.109264559999998,"profit_total_short_abs":0.0,"cagr":0.03471078353466761,"expectancy":1.1386580699999997,"expectancy_ratio":100.0,"sortino":-100,"sharpe":0.6941070780005856,"calmar":-100,"sqn":1.1655,"profit_factor":0.0,"backtest_start":"2025-10-01 00:00:00","backtest_start_ts":1759276800000,"backtest_end":"2026-01-06 20:00:00","backtest_end_ts":1767729600000,"backtest_days":97,"backtest_run_start_ts":1767746883,"backtest_run_end_ts":1767746883,"trades_per_day":0.08,"market_change":-0.36632086436227446,"pairlist":["DOGE/USDT"],"stake_amount":"unlimited","stake_currency":"USDT","stake_currency_decimals":3,"starting_balance":1000,"dry_run_wallet":1000,"final_balance":1009.10926456,"rejected_signals":0,"timedout_entry_orders":0,"timedout_exit_orders":0,"canceled_trade_entries":0,"canceled_entry_orders":0,"replaced_entry_orders":0,"max_open_trades":1,"max_open_trades_setting":3,"timeframe":"1h","timeframe_detail":"","timerange":"20251001-","enable_protections":false,"strategy_name":"ACO_18_13","freqaimodel":null,"freqai_identifier":null,"stoploss":-0.05,"trailing_stop":false,"trailing_stop_positive":null,"trailing_stop_positive_offset":0.0,"trailing_only_offset_is_reached":false,"use_custom_stoploss":false,"minimal_roi":{"0":0.1,"60":0.05,"120":0.0},"use_exit_signal":true,"exit_profit_only":false,"exit_profit_offset":0.0,"ignore_roi_if_entry_signal":false,"trading_mode":"spot","margin_mode":"","periodic_breakdown":{"day":[{"date":"11/10/2025","date_ts":1760140800000,"profit_abs":0.0,"wins":0,"draws":1,"losses":0,"trades":1,"profit_factor":0.0},{"date":"12/10/2025","date_ts":1760227200000,"profit_abs":0.0,"wins":0,"draws":0,"losses":0,"trades":0,"profit_factor":0.0},{"date":"13/10/2025","date_ts":1760313600000,"profit_abs":0.0,"wins":0,"draws":0,"losses":0,"trades":0,"profit_factor":0.0},{"date":"14/10/2025","date_ts":1760400000000,"profit_abs":0.0,"wins":0,"draws":0,"losses":0,"trades":0,"profit_factor":0.0},{"date":"15/10/2025","date_ts":1760486400000,"profit_abs":0.0,"wins":0,"draws":0,"losses":0,"trades":0,"profit_factor":0.0},{"date":"16/10/2025","date_ts":1760572800000,"profit_abs":0.0,"wins":0,"draws":0,"losses":0,"trades":0,"profit_factor":0.0},{"date":"17/10/2025","date_ts":1760659200000,"profit_abs":0.0,"wins":0,"draws":0,"losses":0,"trades":0,"profit_factor":0.0},{"date":"18/10/2025","date_ts":1760745600000,"profit_abs":0.0,"wins":0,"draws":0,"losses":0,"trades":0,"profit_factor":0.0},{"date":"19/10/2025","date_ts":1760832000000,"profit_abs":0.0,"wins":0,"draws":0,"losses":0,"trades":0,"profit_factor":0.0},{"date":"20/10/2025","date_ts":1760918400000,"profit_abs":0.0,"wins":0,"draws":0,"losses":0,"trades":0,"profit_factor":0.0},{"date":"21/10/2025","date_ts":1761004800000,"profit_abs":0.0,"wins":0,"draws":0,"losses":0,"trades":0,"profit_factor":0.0},{"date":"22/10/2025","date_ts":1761091200000,"profit_abs":0.0,"wins":0,"draws":1,"losses":0,"trades":1,"profit_factor":0.0},{"date":"23/10/2025","date_ts":1761177600000,"profit_abs":0.0,"wins":0,"draws":0,"losses":0,"trades":0,"profit_factor":0.0},{"date":"24/10/2025","date_ts":1761264000000,"profit_abs":0.0,"wins":0,"draws":0,"losses":0,"trades":0,"profit_factor":0.0},{"date":"25/10/2025","date_ts":1761350400000,"profit_abs":0.0,"wins":0,"draws":0,"losses":0,"trades":0,"profit_factor":0.0},{"date":"26/10/2025","date_ts":1761436800000,"profit_abs":0.0,"wins":0,"draws":0,"losses":0,"trades":0,"profit_factor":0.0},{"date":"27/10/2025","date_ts":1761523200000,"profit_abs":0.0,"wins":0,"draws":0,"losses":0,"trades":0,"profit_factor":0.0},{"date":"28/10/2025","date_ts":1761609600000,"profit_abs":0.0,"wins":0,"draws":0,"losses":0,"trades":0,"profit_factor":0.0},{"date":"29/10/2025","date_ts":1761696000000,"profit_abs":0.0,"wins":0,"draws":0,"losses":0,"trades":0,"profit_factor":0.0},{"date":"30/10/2025","date_ts":1761782400000,"profit_abs":0.0,"wins":0,"draws":0,"losses":0,"trades":0,"profit_factor":0.0},{"date":"31/10/2025","date_ts":1761868800000,"profit_abs":0.0,"wins":0,"draws":0,"losses":0,"trades":0,"profit_factor":0.0},{"date":"01/11/2025","date_ts":1761955200000,"profit_abs":0.0,"wins":0,"draws":0,"losses":0,"trades":0,"profit_factor":0.0},{"date":"02/11/2025","date_ts":1762041600000,"profit_abs":0.0,"wins":0,"draws":0,"losses":0,"trades":0,"profit_factor":0.0},{"date":"03/11/2025","date_ts":1762128000000,"profit_abs":0.0,"wins":0,"draws":0,"losses":0,"trades":0,"profit_factor":0.0},{"date":"04/11/2025","date_ts":1762214400000,"profit_abs":0.0,"wins":0,"draws":0,"losses":0,"trades":0,"profit_factor":0.0},{"date":"05/11/2025","date_ts":1762300800000,"profit_abs":0.0,"wins":0,"draws":0,"losses":0,"trades":0,"profit_factor":0.0},{"date":"06/11/2025","date_ts":1762387200000,"profit_abs":0.0,"wins":0,"draws":0,"losses":0,"trades":0,"profit_factor":0.0},{"date":"07/11/2025","date_ts":1762473600000,"profit_abs":0.0,"wins":0,"draws":0,"losses":0,"trades":0,"profit_factor":0.0},{"date":"08/11/2025","date_ts":1762560000000,"profit_abs":0.0,"wins":0,"draws":0,"losses":0,"trades":0,"profit_factor":0.0},{"date":"09/11/2025","date_ts":1762646400000,"profit_abs":0.0,"wins":0,"draws":0,"losses":0,"trades":0,"profit_factor":0.0},{"date":"10/11/2025","date_ts":1762732800000,"profit_abs":0.0,"wins":0,"draws":0,"losses":0,"trades":0,"profit_factor":0.0},{"date":"11/11/2025","date_ts":1762819200000,"profit_abs":0.0,"wins":0,"draws":0,"losses":0,"trades":0,"profit_factor":0.0},{"date":"12/11/2025","date_ts":1762905600000,"profit_abs":0.0,"wins":0,"draws":0,"losses":0,"trades":0,"profit_factor":0.0},{"date":"13/11/2025","date_ts":1762992000000,"profit_abs":0.0,"wins":0,"draws":0,"losses":0,"trades":0,"profit_factor":0.0},{"date":"14/11/2025","date_ts":1763078400000,"profit_abs":0.0,"wins":0,"draws":0,"losses":0,"trades":0,"profit_factor":0.0},{"date":"15/11/2025","date_ts":1763164800000,"profit_abs":1.0791936,"wins":1,"draws":0,"losses":0,"trades":1,"profit_factor":0.0},{"date":"16/11/2025","date_ts":1763251200000,"profit_abs":0.0,"wins":0,"draws":0,"losses":0,"trades":0,"profit_factor":0.0},{"date":"17/11/2025","date_ts":1763337600000,"profit_abs":0.0,"wins":0,"draws":0,"losses":0,"trades":0,"profit_factor":0.0},{"date":"18/11/2025","date_ts":1763424000000,"profit_abs":0.0,"wins":0,"draws":0,"losses":0,"trades":0,"profit_factor":0.0},{"date":"19/11/2025","date_ts":1763510400000,"profit_abs":0.0,"wins":0,"draws":0,"losses":0,"trades":0,"profit_factor":0.0},{"date":"20/11/2025","date_ts":1763596800000,"profit_abs":0.0,"wins":0,"draws":0,"losses":0,"trades":0,"profit_factor":0.0},{"date":"21/11/2025","date_ts":1763683200000,"profit_abs":0.0,"wins":0,"draws":0,"losses":0,"trades":0,"profit_factor":0.0},{"date":"22/11/2025","date_ts":1763769600000,"profit_abs":7.91486358,"wins":1,"draws":0,"losses":0,"trades":1,"profit_factor":0.0},{"date":"23/11/2025","date_ts":1763856000000,"profit_abs":0.0,"wins":0,"draws":0,"losses":0,"trades":0,"profit_factor":0.0},{"date":"24/11/2025","date_ts":1763942400000,"profit_abs":0.0,"wins":0,"draws":0,"losses":0,"trades":0,"profit_factor":0.0},{"date":"25/11/2025","date_ts":1764028800000,"profit_abs":0.0,"wins":0,"draws":0,"losses":0,"trades":0,"profit_factor":0.0},{"date":"26/11/2025","date_ts":1764115200000,"profit_abs":0.0,"wins":0,"draws":0,"losses":0,"trades":0,"profit_factor":0.0},{"date":"27/11/2025","date_ts":1764201600000,"profit_abs":0.0,"wins":0,"draws":0,"losses":0,"trades":0,"profit_factor":0.0},{"date":"28/11/2025","date_ts":1764288000000,"profit_abs":0.0,"wins":0,"draws":0,"losses":0,"trades":0,"profit_factor":0.0},{"date":"29/11/2025","date_ts":1764374400000,"profit_abs":0.11520738,"wins":1,"draws":0,"losses":0,"trades":1,"profit_factor":0.0},{"date":"30/11/2025","date_ts":1764460800000,"profit_abs":0.0,"wins":0,"draws":0,"losses":0,"trades":0,"profit_factor":0.0},{"date":"01/12/2025","date_ts":1764547200000,"profit_abs":0.0,"wins":0,"draws":0,"losses":0,"trades":0,"profit_factor":0.0},{"date":"02/12/2025","date_ts":1764633600000,"profit_abs":0.0,"wins":0,"draws":0,"losses":0,"trades":0,"profit_factor":0.0},{"date":"03/12/2025","date_ts":1764720000000,"profit_abs":0.0,"wins":0,"draws":0,"losses":0,"trades":0,"profit_factor":0.0},{"date":"04/12/2025","date_ts":1764806400000,"profit_abs":0.0,"wins":0,"draws":0,"losses":0,"trades":0,"profit_factor":0.0},{"date":"05/12/2025","date_ts":1764892800000,"profit_abs":0.0,"wins":0,"draws":0,"losses":0,"trades":0,"profit_factor":0.0},{"date":"06/12/2025","date_ts":1764979200000,"profit_abs":0.0,"wins":0,"draws":0,"losses":0,"trades":0,"profit_factor":0.0},{"date":"07/12/2025","date_ts":1765065600000,"profit_abs":0.0,"wins":0,"draws":0,"losses":0,"trades":0,"profit_factor":0.0},{"date":"08/12/2025","date_ts":1765152000000,"profit_abs":0.0,"wins":0,"draws":0,"losses":0,"trades":0,"profit_factor":0.0},{"date":"09/12/2025","date_ts":1765238400000,"profit_abs":0.0,"wins":0,"draws":0,"losses":0,"trades":0,"profit_factor":0.0},{"date":"10/12/2025","date_ts":1765324800000,"profit_abs":0.0,"wins":0,"draws":0,"losses":0,"trades":0,"profit_factor":0.0},{"date":"11/12/2025","date_ts":1765411200000,"profit_abs":0.0,"wins":0,"draws":0,"losses":0,"trades":0,"profit_factor":0.0},{"date":"12/12/2025","date_ts":1765497600000,"profit_abs":0.0,"wins":0,"draws":0,"losses":0,"trades":0,"profit_factor":0.0},{"date":"13/12/2025","date_ts":1765584000000,"profit_abs":0.0,"wins":0,"draws":0,"losses":0,"trades":0,"profit_factor":0.0},{"date":"14/12/2025","date_ts":1765670400000,"profit_abs":0.0,"wins":0,"draws":0,"losses":0,"trades":0,"profit_factor":0.0},{"date":"15/12/2025","date_ts":1765756800000,"profit_abs":0.0,"wins":0,"draws":0,"losses":0,"trades":0,"profit_factor":0.0},{"date":"16/12/2025","date_ts":1765843200000,"profit_abs":0.0,"wins":0,"draws":0,"losses":0,"trades":0,"profit_factor":0.0},{"date":"17/12/2025","date_ts":1765929600000,"profit_abs":0.0,"wins":0,"draws":0,"losses":0,"trades":0,"profit_factor":0.0},{"date":"18/12/2025","date_ts":1766016000000,"profit_abs":0.0,"wins":0,"draws":0,"losses":0,"trades":0,"profit_factor":0.0},{"date":"19/12/2025","date_ts":1766102400000,"profit_abs":0.0,"wins":0,"draws":0,"losses":0,"trades":0,"profit_factor":0.0},{"date":"20/12/2025","date_ts":1766188800000,"profit_abs":0.0,"wins":0,"draws":0,"losses":0,"trades":0,"profit_factor":0.0},{"date":"21/12/2025","date_ts":1766275200000,"profit_abs":0.0,"wins":0,"draws":1,"losses":0,"trades":1,"profit_factor":0.0},{"date":"22/12/2025","date_ts":1766361600000,"profit_abs":0.0,"wins":0,"draws":0,"losses":0,"trades":0,"profit_factor":0.0},{"date":"23/12/2025","date_ts":1766448000000,"profit_abs":0.0,"wins":0,"draws":0,"losses":0,"trades":0,"profit_factor":0.0},{"date":"24/12/2025","date_ts":1766534400000,"profit_abs":0.0,"wins":0,"draws":0,"losses":0,"trades":0,"profit_factor":0.0},{"date":"25/12/2025","date_ts":1766620800000,"profit_abs":0.0,"wins":0,"draws":1,"losses":0,"trades":1,"profit_factor":0.0},{"date":"26/12/2025","date_ts":1766707200000,"profit_abs":0.0,"wins":0,"draws":0,"losses":0,"trades":0,"profit_factor":0.0},{"date":"27/12/2025","date_ts":1766793600000,"profit_abs":0.0,"wins":0,"draws":0,"losses":0,"trades":0,"profit_factor":0.0},{"date":"28/12/2025","date_ts":1766880000000,"profit_abs":0.0,"wins":0,"draws":0,"losses":0,"trades":0,"profit_factor":0.0},{"date":"29/12/2025","date_ts":1766966400000,"profit_abs":0.0,"wins":0,"draws":0,"losses":0,"trades":0,"profit_factor":0.0},{"date":"30/12/2025","date_ts":1767052800000,"profit_abs":0.0,"wins":0,"draws":0,"losses":0,"trades":0,"profit_factor":0.0},{"date":"31/12/2025","date_ts":1767139200000,"profit_abs":0.0,"wins":0,"draws":0,"losses":0,"trades":0,"profit_factor":0.0},{"date":"01/01/2026","date_ts":1767225600000,"profit_abs":0.0,"wins":0,"draws":0,"losses":0,"trades":0,"profit_factor":0.0},{"date":"02/01/2026","date_ts":1767312000000,"profit_abs":0.0,"wins":0,"draws":0,"losses":0,"trades":0,"profit_factor":0.0},{"date":"03/01/2026","date_ts":1767398400000,"profit_abs":0.0,"wins":0,"draws":0,"losses":0,"trades":0,"profit_factor":0.0},{"date":"04/01/2026","date_ts":1767484800000,"profit_abs":0.0,"wins":0,"draws":0,"losses":0,"trades":0,"profit_factor":0.0},{"date":"05/01/2026","date_ts":1767571200000,"profit_abs":0.0,"wins":0,"draws":1,"losses":0,"trades":1,"profit_factor":0.0}],"week":[{"date":"13/10/2025","date_ts":1760313600000,"profit_abs":0.0,"wins":0,"draws":1,"losses":0,"trades":1,"profit_factor":0.0},{"date":"20/10/2025","date_ts":1760918400000,"profit_abs":0.0,"wins":0,"draws":0,"losses":0,"trades":0,"profit_factor":0.0},{"date":"27/10/2025","date_ts":1761523200000,"profit_abs":0.0,"wins":0,"draws":1,"losses":0,"trades":1,"profit_factor":0.0},{"date":"03/11/2025","date_ts":1762128000000,"profit_abs":0.0,"wins":0,"draws":0,"losses":0,"trades":0,"profit_factor":0.0},{"date":"10/11/2025","date_ts":1762732800000,"profit_abs":0.0,"wins":0,"draws":0,"losses":0,"trades":0,"profit_factor":0.0},{"date":"17/11/2025","date_ts":1763337600000,"profit_abs":1.0791936,"wins":1,"draws":0,"losses":0,"trades":1,"profit_factor":0.0},{"date":"24/11/2025","date_ts":1763942400000,"profit_abs":7.91486358,"wins":1,"draws":0,"losses":0,"trades":1,"profit_factor":0.0},{"date":"01/12/2025","date_ts":1764547200000,"profit_abs":0.11520738,"wins":1,"draws":0,"losses":0,"trades":1,"profit_factor":0.0},{"date":"08/12/2025","date_ts":1765152000000,"profit_abs":0.0,"wins":0,"draws":0,"losses":0,"trades":0,"profit_factor":0.0},{"date":"15/12/2025","date_ts":1765756800000,"profit_abs":0.0,"wins":0,"draws":0,"losses":0,"trades":0,"profit_factor":0.0},{"date":"22/12/2025","date_ts":1766361600000,"profit_abs":0.0,"wins":0,"draws":1,"losses":0,"trades":1,"profit_factor":0.0},{"date":"29/12/2025","date_ts":1766966400000,"profit_abs":0.0,"wins":0,"draws":1,"losses":0,"trades":1,"profit_factor":0.0},{"date":"05/01/2026","date_ts":1767571200000,"profit_abs":0.0,"wins":0,"draws":1,"losses":0,"trades":1,"profit_factor":0.0}],"month":[{"date":"31/10/2025","date_ts":1761868800000,"profit_abs":0.0,"wins":0,"draws":2,"losses":0,"trades":2,"profit_factor":0.0},{"date":"30/11/2025","date_ts":1764460800000,"profit_abs":9.10926456,"wins":3,"draws":0,"losses":0,"trades":3,"profit_factor":0.0},{"date":"31/12/2025","date_ts":1767139200000,"profit_abs":0.0,"wins":0,"draws":2,"losses":0,"trades":2,"profit_factor":0.0},{"date":"31/01/2026","date_ts":1769817600000,"profit_abs":0.0,"wins":0,"draws":1,"losses":0,"trades":1,"profit_factor":0.0}],"year":[{"date":"31/12/2025","date_ts":1767139200000,"profit_abs":9.10926456,"wins":3,"draws":4,"losses":0,"trades":7,"profit_factor":0.0},{"date":"31/12/2026","date_ts":1798675200000,"profit_abs":0.0,"wins":0,"draws":1,"losses":0,"trades":1,"profit_factor":0.0}],"weekday":[{"date":"Monday","date_ts":0,"profit_abs":0.0,"wins":0,"draws":1,"losses":0,"trades":1,"profit_factor":0.0},{"date":"Wednesday","date_ts":2,"profit_abs":0.0,"wins":0,"draws":1,"losses":0,"trades":1,"profit_factor":0.0},{"date":"Thursday","date_ts":3,"profit_abs":0.0,"wins":0,"draws":1,"losses":0,"trades":1,"profit_factor":0.0},{"date":"Saturday","date_ts":5,"profit_abs":9.10926456,"wins":3,"draws":1,"losses":0,"trades":4,"profit_factor":0.0},{"date":"Sunday","date_ts":6,"profit_abs":0.0,"wins":0,"draws":1,"losses":0,"trades":1,"profit_factor":0.0}]},"backtest_best_day":0.023944057699640916,"backtest_worst_day":0.0,"backtest_best_day_abs":7.91486358,"backtest_worst_day_abs":0.0,"winning_days":3,"draw_days":84,"losing_days":0,"daily_profit":[["2025-10-11",0.0],["2025-10-12",0.0],["2025-10-13",0.0],["2025-10-14",0.0],["2025-10-15",0.0],["2025-10-16",0.0],["2025-10-17",0.0],["2025-10-18",0.0],["2025-10-19",0.0],["2025-10-20",0.0],["2025-10-21",0.0],["2025-10-22",0.0],["2025-10-23",0.0],["2025-10-24",0.0],["2025-10-25",0.0],["2025-10-26",0.0],["2025-10-27",0.0],["2025-10-28",0.0],["2025-10-29",0.0],["2025-10-30",0.0],["2025-10-31",0.0],["2025-11-01",0.0],["2025-11-02",0.0],["2025-11-03",0.0],["2025-11-04",0.0],["2025-11-05",0.0],["2025-11-06",0.0],["2025-11-07",0.0],["2025-11-08",0.0],["2025-11-09",0.0],["2025-11-10",0.0],["2025-11-11",0.0],["2025-11-12",0.0],["2025-11-13",0.0],["2025-11-14",0.0],["2025-11-15",1.0791936],["2025-11-16",0.0],["2025-11-17",0.0],["2025-11-18",0.0],["2025-11-19",0.0],["2025-11-20",0.0],["2025-11-21",0.0],["2025-11-22",7.91486358],["2025-11-23",0.0],["2025-11-24",0.0],["2025-11-25",0.0],["2025-11-26",0.0],["2025-11-27",0.0],["2025-11-28",0.0],["2025-11-29",0.11520738],["2025-11-30",0.0],["2025-12-01",0.0],["2025-12-02",0.0],["2025-12-03",0.0],["2025-12-04",0.0],["2025-12-05",0.0],["2025-12-06",0.0],["2025-12-07",0.0],["2025-12-08",0.0],["2025-12-09",0.0],["2025-12-10",0.0],["2025-12-11",0.0],["2025-12-12",0.0],["2025-12-13",0.0],["2025-12-14",0.0],["2025-12-15",0.0],["2025-12-16",0.0],["2025-12-17",0.0],["2025-12-18",0.0],["2025-12-19",0.0],["2025-12-20",0.0],["2025-12-21",0.0],["2025-12-22",0.0],["2025-12-23",0.0],["2025-12-24",0.0],["2025-12-25",0.0],["2025-12-26",0.0],["2025-12-27",0.0],["2025-12-28",0.0],["2025-12-29",0.0],["2025-12-30",0.0],["2025-12-31",0.0],["2026-01-01",0.0],["2026-01-02",0.0],["2026-01-03",0.0],["2026-01-04",0.0],["2026-01-05",0.0]],"wins":3,"losses":0,"draws":5,"winrate":0.375,"holding_avg":"3:52:00","holding_avg_s":13920.0,"winner_holding_min":"0d 02:00","winner_holding_min_s":7200.0,"winner_holding_max":"0d 02:00","winner_holding_max_s":7200.0,"winner_holding_avg":"0d 02:00","winner_holding_avg_s":7200.0,"loser_holding_min":"0d 00:00","loser_holding_min_s":0.0,"loser_holding_max":"0d 00:00","loser_holding_max_s":0.0,"loser_holding_avg":"0d 00:00","loser_holding_avg_s":0.0,"max_consecutive_wins":3,"max_consecutive_losses":3,"max_drawdown_account":0.0,"max_relative_drawdown":0.0,"max_drawdown_abs":0.0,"drawdown_start":"2025-10-11 15:00:00","drawdown_start_ts":1760194800000.0,"drawdown_end":"2025-10-11 15:00:00","drawdown_end_ts":1760194800000.0,"drawdown_duration":"0 days 00:00:00","drawdown_duration_s":0.0,"max_drawdown_low":0.0,"max_drawdown_high":0.0,"csum_min":1000.0,"csum_max":1009.10926456}},"strategy_comparison":[{"key":"ACO_18_13","trades":8,"profit_mean":0.003444676070275296,"profit_mean_pct":0.34,"profit_total_abs":9.109264559999998,"profit_total":0.009109264559999998,"profit_total_pct":0.91,"duration_avg":"3:52:00","wins":3,"draws":5,"losses":0,"winrate":0.375,"cagr":0.03471078353466761,"expectancy":1.1386580699999997,"expectancy_ratio":100.0,"sortino":-100,"sharpe":0.6941070780005856,"calmar":-100,"sqn":1.1655,"profit_factor":0.0,"max_drawdown_account":0.0,"max_drawdown_abs":"0"}]}